STATE,ST_CASE,VEH_NO,VE_FORMS,NUMOCCS,DAY,MONTH,HOUR,MINUTE,HARM_EV,MAN_COLL,UNITTYPE,HIT_RUN,REG_STAT,OWNER,MAKE,MODEL,MAK_MOD,BODY_TYP,MOD_YEAR,VIN,VIN_1,VIN_2,VIN_3,VIN_4,VIN_5,VIN_6,VIN_7,VIN_8,VIN_9,VIN_10,VIN_11,VIN_12,TOW_VEH,VINTYPE,VINMAKE,VINA_MOD,VIN_BT,VINMODYR,VIN_LNGT,VIN_WGT,WGTCD_TR,WHLBS_LG,WHLBS_SH,SER_TR,FUELCODE,MCYCL_DS,CARBUR,CYLINDER,DISPLACE,MCYCL_CY,MCYCL_WT,TIRE_SZE,TON_RAT,TRK_WT,TRKWTVAR,VIN_REST,WHLDRWHL,J_KNIFE,MCARR_I1,MCARR_I2,MCARR_ID,GVWR,V_CONFIG,CARGO_BT,HAZ_INV,HAZ_PLAC,HAZ_ID,HAZ_CNO,HAZ_REL,BUS_USE,SPEC_USE,EMER_USE,TRAV_SP,UNDERIDE,ROLLOVER,ROLINLOC,IMPACT1,IMPACT2,DEFORMED,TOWED,M_HARM,VEH_SC1,VEH_SC2,FIRE_EXP,DR_PRES,L_STATE,DR_ZIP,L_STATUS,L_TYPE,CDL_STAT,L_ENDORS,L_COMPL,L_RESTRI,DR_HGT,DR_WGT,PREV_ACC,PREV_SUS,PREV_DWI,PREV_SPD,PREV_OTH,FIRST_MO,FIRST_YR,LAST_MO,LAST_YR,SPEEDREL,DR_SF1,DR_SF2,DR_SF3,DR_SF4,VTRAFWAY,VNUM_LAN,VSPD_LIM,VALIGN,VPROFILE,VPAVETYP,VSURCOND,VTRAFCON,VTCONT_F,P_CRASH1,P_CRASH2,P_CRASH3,PCRASH4,PCRASH5,ACC_TYPE,DEATHS,DR_DRINK
1,10098,2,3,1,26,2,14,35,12,2,1,0,1,1,20,2,20002,4,2002,2G1WF55E4293,2,G,1,W,F,5,5,E,4,2,9,3,0,P,CHEV,IMP,4D,2,17,3389,,0,1105,,G,,F,6,207,,,16R225,,,,,,0,0,000000000,00000000000,0,0,0,1,0,0,0,0,0,0,0,50,0,0,0,12,12,6,2,12,0,0,0,1,1,35057,6,1,0,0,3,0,62,160,0,0,0,0,0,0,0,0,0,0,0,0,0,0,1,2,55,1,1,2,1,0,0,1,54,1,1,1,51,1,0
1,10098,3,3,4,26,2,14,35,12,2,1,0,1,1,18,2,18002,4,1996,1G4HP52K2TH4,1,G,4,H,P,5,2,K,2,T,H,4,0,P,BUIC,LCF,4D,96,17,3430,,0,1108,,G,,F,6,231,,,15R205,,,,,,0,0,000000000,00000000000,0,0,0,1,0,0,0,0,0,0,0,50,0,0,0,12,12,6,2,12,0,0,0,1,1,35179,6,1,0,0,3,0,63,130,0,0,0,0,0,0,0,0,0,0,0,0,0,0,1,2,55,1,1,2,1,0,0,1,54,1,1,1,98,0,0
1,10099,1,1,1,27,2,21,0,11,0,1,0,1,1,7,472,7472,30,2008,1D7HE38K98S5,1,D,7,H,E,3,8,K,9,8,S,5,0,T,DODG,SXT,CW,8,17,,2,0,1313,DAK,G,,,6,225,,,,B,4381,00,E,42,0,0,000000000,00000000000,0,0,0,1,0,0,0,0,0,0,0,60,0,0,0,12,98,6,2,42,0,0,0,1,1,36761,6,1,0,0,3,0,71,225,0,0,0,1,0,1,2011,1,2011,1,0,0,0,0,1,2,45,1,1,2,1,0,0,1,87,1,1,1,13,1,1
1,10100,1,2,1,14,2,15,49,12,6,1,0,1,1,7,43,7043,4,2002,1B3EL36XX2N1,1,B,3,E,L,3,6,X,X,2,N,1,0,P,DODG,SSE,4D,2,17,3114,,0,1080,,G,,F,4,148,,,15R205,,,,,,0,0,000000000,00000000000,0,0,0,1,0,0,0,0,0,0,0,10,0,0,0,2,2,4,3,12,0,0,0,1,1,35020,6,1,0,0,3,1,70,120,0,0,0,0,0,0,0,0,0,0,38,0,0,0,1,4,40,1,1,2,1,3,3,11,55,1,1,1,68,0,0
1,10100,2,2,1,14,2,15,49,12,6,1,0,1,1,76,705,76705,80,2005,JYAVM01E65A0,J,Y,A,V,M,0,1,E,6,5,A,0,0,M,YAMA,V6A,RS,5,17,,,,,,,649,,2,,4,474,,,,,,,0,0,000000000,00000000000,0,0,0,1,0,0,0,0,0,0,0,999,0,0,0,12,12,6,2,12,0,0,0,1,1,35023,6,1,0,0,3,0,67,136,0,0,0,0,0,0,0,0,0,0,0,0,0,0,1,2,40,1,1,2,1,3,3,1,66,1,1,1,69,1,0
1,10101,1,1,2,4,3,18,24,8,0,1,0,1,1,49,40,49040,4,2005,4T1BE30KX5U0,4,T,1,B,E,3,0,K,X,5,U,0,0,P,TOYT,XLL,4D,5,17,3108,,0,1071,,G,,F,4,144,,,15R205,,,,,,0,0,000000000,00000000000,0,0,0,1,0,0,0,0,0,0,0,55,0,0,0,12,12,6,2,8,0,0,0,1,1,35976,6,1,0,0,3,0,71,210,1,0,0,0,0,3,2008,3,2008,0,0,0,0,0,2,2,55,1,1,2,1,0,0,1,80,1,1,1,13,0,0
1,10102,1,1,1,2,3,17,55,35,0,1,0,1,2,53,706,53706,80,1982,JS1GU72G0C21,J,S,1,G,U,7,2,G,0,C,2,1,0,M,SUZI,S11,RS,82,17,,,,,,,1074,,4,,4,522,,,,,,,0,0,000000000,00000000000,0,0,0,1,0,0,0,0,0,0,0,70,0,0,0,12,98,6,2,1,0,0,0,1,1,36582,2,1,0,0,2,0,66,142,0,9,0,0,2,7,2008,10,2010,1,0,0,0,0,1,2,55,3,6,2,1,0,0,14,13,1,1,4,1,1,1
1,10103,1,3,1,3,3,21,40,25,0,1,0,28,1,20,471,20471,30,1996,1GCCS1948T81,1,G,C,C,S,1,9,4,8,T,8,1,0,T,CHEV,S14,PC,96,17,,1,0,1229,S,G,,,4,133,,,,B,3081,00,,42,0,0,000000000,00000000000,0,0,0,1,0,0,0,0,0,0,0,40,0,1,1,12,98,6,2,12,0,0,0,1,28,39530,6,1,0,0,3,0,72,190,0,0,0,0,0,0,0,0,0,0,51,0,0,0,3,2,65,1,1,2,1,0,0,1,12,7,1,4,6,1,0
1,10103,2,3,1,3,3,21,40,25,0,1,0,1,1,49,40,49040,4,1998,4T1BG22K7WU3,4,T,1,B,G,2,2,K,7,W,U,3,0,P,TOYT,CXL,4D,98,17,2998,,0,1051,,G,,F,4,132,,,14R195,,,,,,0,0,000000000,00000000000,0,0,0,1,0,0,0,0,0,0,0,65,0,0,0,12,98,6,2,12,0,0,0,1,1,36604,6,1,0,0,3,0,71,170,0,0,0,0,1,2,2011,2,2011,0,0,0,0,0,3,2,65,1,1,1,1,0,0,1,62,3,2,1,98,0,0
1,10103,3,3,1,3,3,21,40,25,0,1,0,1,1,12,402,12402,14,2008,1FMCU02ZX8KC,1,F,M,C,U,0,2,Z,X,8,K,C,0,P,FORD,SPE,UT,8,17,3272,,0,1031,,G,,F,4,140,,,16R235,,,,,,0,0,000000000,00000000000,0,0,0,1,0,0,0,0,0,0,0,65,0,0,0,11,98,4,3,12,0,0,0,1,1,36695,6,1,0,0,3,0,68,205,0,0,0,0,0,0,0,0,0,0,0,0,0,0,3,2,65,1,1,2,1,0,0,1,60,1,1,1,98,0,0
1,10104,1,2,1,3,3,17,50,12,2,1,0,1,3,38,882,38882,61,2000,JALF5C134Y77,J,A,L,F,5,C,1,3,4,Y,7,7,0,T,ISU,FRR,TB,0,17,,5,0,0,FRR,D,,,6,475,,,,,00000,00,,42,0,57,324668,57324668,2,1,1,1,0,0,0,0,0,0,0,50,0,1,1,12,98,6,2,12,0,0,0,1,1,35633,6,1,6,0,3,1,69,190,0,0,0,0,0,0,0,0,0,0,0,0,0,0,1,2,55,1,1,2,1,0,0,1,10,6,1,2,50,0,0
1,10104,2,2,3,3,3,17,50,12,2,1,0,1,1,49,401,49401,14,2005,JTEZT14R3500,J,T,E,Z,T,1,4,R,3,5,0,0,0,P,TOYT,RUN,UT,5,17,4070,,0,1098,,G,,F,8,285,,,17R265,,,,,,0,0,000000000,00000000000,0,0,0,1,0,0,0,0,0,0,0,45,0,0,0,12,12,6,2,12,0,0,0,1,1,35661,6,1,0,0,3,1,67,125,0,0,0,0,0,0,0,0,0,0,0,0,0,0,1,2,55,1,1,2,1,0,0,1,62,1,1,1,51,1,0
1,10105,1,2,1,5,3,2,48,12,6,1,0,1,2,20,36,20036,2,1997,2G1WW12M9V92,2,G,1,W,W,1,2,M,9,V,9,2,0,P,CHEV,MLS,CP,97,17,3320,,0,1075,,G,,F,6,191,,,15R205,,,,,,0,0,000000000,00000000000,0,0,0,1,0,0,0,0,0,0,0,12,0,0,0,10,10,6,2,12,0,0,0,1,1,36104,6,1,6,0,3,1,68,250,0,0,0,0,0,0,0,0,0,0,38,92,0,0,2,3,55,1,1,2,2,0,0,11,55,1,1,1,82,1,1
1,10105,2,2,2,5,3,2,48,12,6,1,0,1,1,12,471,12471,30,2003,1FTYR44V83PB,1,F,T,Y,R,4,4,V,8,3,P,B,0,T,FORD,RNS,4C,3,17,,1,0,1257,RNG,F,,,6,182,,,,B,3547,00,U,42,0,0,000000000,00000000000,0,0,0,1,0,0,0,0,0,0,0,50,0,0,0,12,12,6,2,12,0,0,0,1,1,36024,6,1,0,0,3,0,76,265,0,0,0,1,0,4,2008,4,2008,0,92,0,0,0,2,3,55,1,1,2,2,0,0,1,71,1,1,1,83,0,0
1,10106,1,1,1,5,3,13,45,42,0,1,0,1,2,22,22,22022,4,2005,1G2ZG5288541,1,G,2,Z,G,5,2,8,8,5,4,1,0,P,PONT,G/6,4D,5,17,3420,,0,1123,,G,,F,6,214,,,16R215,,,,,,0,0,000000000,00000000000,0,0,0,1,0,0,0,0,0,0,0,65,0,1,5,6,98,6,2,2,0,0,1,1,1,36925,6,1,0,0,3,1,72,161,0,0,0,0,0,0,0,0,0,1,0,0,0,0,1,2,45,2,1,2,2,0,0,14,6,1,1,4,1,1,0
1,10107,1,1,1,6,3,21,50,1,0,1,0,1,1,23,481,23481,31,1995,1GTEK14K9SZ5,1,G,T,E,K,1,4,K,9,S,Z,5,0,T,GMC,SK1,PK,95,17,,2,1315,1175,SIE,G,,,8,350,,,,B,4068,00,M,44,0,0,000000000,00000000000,0,0,0,1,0,0,0,0,0,0,0,45,0,1,1,0,98,6,2,1,0,0,0,1,1,35647,6,1,0,0,3,0,75,218,0,0,0,0,0,0,0,0,0,0,89,58,0,0,1,2,45,3,6,2,1,0,0,14,8,7,3,6,98,1,1
1,10108,1,3,1,5,3,10,35,12,6,1,0,1,1,7,482,7482,31,2008,1D7HA18N68S5,1,D,7,H,A,1,8,N,6,8,S,5,0,T,DODG,SQ1,CW,8,17,,2,1605,1405,RPC,G,,,8,287,,,,B,4889,00,E,42,0,0,000000000,00000000000,0,0,0,1,0,0,0,0,0,0,0,70,0,0,0,4,98,6,2,12,0,0,0,1,1,36609,6,1,0,0,3,0,73,185,1,1,1,0,0,8,2009,10,2009,1,0,0,0,0,2,4,70,1,1,2,2,0,0,1,6,1,4,6,66,0,0
1,10108,2,3,5,5,3,10,35,12,6,1,0,22,1,23,481,23481,31,2008,2GTEC13J9812,2,G,T,E,C,1,3,J,9,8,1,2,0,T,GMC,SC1,CW,8,17,,2,0,1435,SIE,G,,,8,323,,,,B,5148,00,4,42,0,0,000000000,00000000000,0,0,0,1,0,0,0,0,0,0,0,70,0,0,0,12,12,6,2,12,0,0,0,1,22,70448,6,1,0,0,3,0,75,210,0,0,0,0,0,0,0,0,0,0,0,0,0,0,2,2,70,1,1,2,2,0,0,1,62,2,1,1,66,0,0
1,10108,3,3,1,5,3,10,35,12,6,1,0,22,1,49,40,49040,4,2001,4T1BG22K71U0,4,T,1,B,G,2,2,K,7,1,U,0,0,P,TOYT,CXL,4D,1,17,2998,,0,1051,,G,,F,4,132,,,15R205,,,,,,0,0,000000000,00000000000,0,0,0,1,0,0,0,0,0,0,0,70,0,0,0,12,12,6,2,12,0,0,0,1,22,70816,6,1,0,0,3,1,67,130,0,0,0,0,0,0,0,0,0,0,0,0,0,0,2,2,70,1,1,2,2,0,0,1,62,1,1,1,98,1,0
1,10109,1,2,1,7,3,17,10,12,2,1,0,1,1,18,402,18402,14,2004,5GADS13S5422,5,G,A,D,S,1,3,S,5,4,2,2,0,P,BUIC,RNR,UT,4,17,4417,,0,1130,,G,,F,6,256,,,17R245,,,,,,0,0,000000000,00000000000,0,0,0,1,0,0,0,0,0,0,0,67,0,0,0,12,12,6,2,12,0,0,0,1,1,36010,6,1,0,0,3,1,67,179,0,0,0,0,0,0,0,0,0,0,0,0,0,0,5,4,55,1,1,2,1,0,0,1,10,1,1,2,50,1,0
1,10109,2,2,2,7,3,17,10,12,2,1,0,1,2,35,51,35051,6,2008,JN8AS58T58W0,J,N,8,A,S,5,8,T,5,8,W,0,0,P,NISS,ROG,UT,8,17,3267,,0,1059,,G,,F,4,153,,,16R215,,,,,,0,0,000000000,00000000000,0,0,0,1,0,0,0,0,0,0,0,67,0,0,0,12,12,6,2,12,0,0,0,1,1,36081,6,1,0,0,3,0,64,120,0,0,0,1,0,6,2008,6,2008,0,0,0,0,0,5,2,55,1,1,2,1,0,0,1,62,1,1,1,51,2,0
1,10110,1,2,1,8,3,11,14,12,2,1,0,1,2,23,481,23481,31,2005,2GTEK13TX511,2,G,T,E,K,1,3,T,X,5,1,1,0,T,GMC,NK1,CW,5,17,,2,0,1435,SIE,G,,,8,325,,,,B,5299,00,E,44,0,0,000000000,00000000000,0,0,0,1,0,0,0,0,0,0,0,52,0,0,0,12,12,6,2,12,0,0,0,1,1,36583,6,1,0,0,3,0,69,220,0,0,0,1,0,9,2009,9,2009,0,0,0,0,0,1,2,45,1,1,2,1,0,0,1,10,1,1,1,50,0,0
1,10110,2,2,3,8,3,11,14,12,2,1,0,1,1,49,40,49040,4,2000,4T1BG22K2YU9,4,T,1,B,G,2,2,K,2,Y,U,9,0,P,TOYT,UEX,4D,0,17,2998,,0,1051,,G,,F,4,132,,,14R195,,,,,,0,0,000000000,00000000000,0,0,0,1,0,0,0,0,0,0,0,55,0,0,0,12,12,6,2,12,0,0,0,1,1,36583,6,1,0,0,3,0,63,127,1,0,0,0,1,1,2011,1,2011,1,0,0,0,0,1,2,45,1,1,2,1,0,0,1,62,1,1,1,51,2,0
1,10111,1,2,2,11,3,18,42,12,2,1,0,1,2,12,13,12013,4,1997,1FALP13P7VW3,1,F,A,L,P,1,3,P,7,V,W,3,0,P,FORD,EST,4D,97,17,2503,,0,984,,G,,F,4,122,,,14R185,,,,,,0,0,000000000,00000000000,0,0,0,1,0,0,0,0,0,0,0,20,0,0,0,12,12,6,2,12,0,0,0,1,1,36274,6,1,0,0,3,0,69,149,0,0,0,2,0,6,2008,2,2009,0,38,0,0,0,1,2,55,2,1,2,1,20,3,11,55,1,1,1,82,1,0
1,10111,2,2,1,11,3,18,42,12,2,1,0,1,2,18,7,18007,4,2004,2G4WS52J0412,2,G,4,W,S,5,2,J,0,4,1,2,0,P,BUIC,CCU,4D,4,17,3342,,0,1090,,G,,F,6,189,,,15R205,,,,,,0,0,000000000,00000000000,0,0,0,1,0,0,0,0,0,0,0,45,0,0,0,12,12,6,2,12,0,0,0,1,1,36280,6,1,0,0,3,1,73,290,0,0,0,0,0,0,0,0,0,0,89,0,0,0,1,2,55,3,1,2,1,0,0,14,67,1,1,1,83,0,0
1,10112,1,1,1,14,3,16,15,1,0,1,0,1,1,12,401,12401,14,1997,1FMDU32E0VUB,1,F,M,D,U,3,2,E,0,V,U,B,0,P,FORD,EPR,UT,97,17,3939,,0,1115,,G,,F,6,245,,,15R225,,,,,,0,0,000000000,00000000000,0,0,0,1,0,0,0,0,0,0,0,45,0,1,1,0,98,6,2,1,0,0,0,1,1,36804,2,1,2,0,2,0,61,152,2,4,0,1,1,7,2008,2,2011,0,58,0,0,0,1,2,45,1,1,2,1,0,0,1,13,1,2,2,98,1,0
1,10113,1,2,1,13,3,20,55,12,6,1,0,92,0,19,14,19014,4,1998,1G6KY5492WU9,1,G,6,K,Y,5,4,9,2,W,U,9,0,P,CADI,STS,4D,98,17,3922,,0,1122,,G,,F,8,279,,,16R235,,,,,,0,0,000000000,00000000000,0,0,0,1,0,0,0,0,0,0,0,75,0,0,0,5,98,6,2,2,0,0,1,1,1,36604,2,1,2,0,2,0,72,145,0,2,0,0,1,8,2009,3,2011,1,0,0,0,0,1,2,55,1,6,2,1,0,0,1,6,1,3,2,66,1,1
1,10113,2,2,3,13,3,20,55,12,6,1,0,1,2,7,24,7024,4,2006,2B3KA53H26H1,2,B,3,K,A,5,3,H,2,6,H,1,0,P,DODG,CHR,4D,6,17,3995,,0,1200,,G,,F,8,348,,,18R225,,,,,,0,0,000000000,00000000000,0,0,0,1,0,0,0,0,0,0,0,45,0,0,0,12,12,6,2,12,0,0,0,1,1,36613,6,1,0,0,3,0,66,150,0,0,0,0,0,0,0,0,0,0,0,0,0,0,1,2,55,1,5,2,1,0,0,1,62,1,1,1,66,0,0
1,10114,1,4,1,14,3,15,35,12,1,1,0,1,2,20,481,20481,31,1994,2GCEK19K0R11,2,G,C,E,K,1,9,K,0,R,1,1,0,T,CHEV,GK1,PC,94,17,,2,1555,1415,GM4,G,,,8,350,,,,B,4032,00,,44,0,0,000000000,00000000000,0,0,0,1,0,0,0,0,0,0,0,30,0,0,0,12,12,4,3,12,0,0,0,1,1,36695,6,1,0,0,3,0,68,140,1,1,0,0,0,11,2008,7,2010,0,0,0,0,0,1,2,45,1,1,2,1,0,0,1,50,4,1,1,20,0,0
1,10114,2,4,1,14,3,15,35,12,1,1,0,1,1,76,705,76705,80,2004,JYAVM01E94A0,J,Y,A,V,M,0,1,E,9,4,A,0,0,M,YAMA,V6A,RS,4,17,,,,,,,649,,2,,4,505,,,,,,,0,0,000000000,00000000000,0,0,0,1,0,0,0,0,0,0,0,0,0,0,0,6,98,6,2,12,0,0,0,1,1,36541,6,1,6,0,3,1,76,260,1,0,0,0,0,5,2010,5,2010,0,0,0,0,0,1,2,45,1,1,2,1,0,0,5,53,1,1,1,21,1,0
1,10114,3,4,1,14,3,15,35,12,1,1,0,1,3,20,481,20481,31,2004,1GBHC24U14E2,1,G,B,H,C,2,4,U,1,4,E,2,0,T,CHEV,2CH,PK,4,17,,2,0,1330,SIL,G,,,8,364,,,,C,5153,00,,42,0,0,000000000,00000000000,0,0,0,1,0,0,0,0,0,0,0,0,0,0,0,6,6,2,1,12,0,0,0,1,1,36541,6,1,0,0,3,0,69,210,0,0,0,0,0,0,0,0,0,0,0,0,0,0,1,2,45,1,1,2,1,0,0,5,50,1,1,1,98,0,0
1,10114,4,4,2,14,3,15,35,12,1,1,0,1,1,63,441,63441,20,2006,KNDMB2338660,K,N,D,M,B,2,3,3,8,6,6,0,0,P,KIA,SED,SV,6,17,0,,0,1145,,G,,F,6,231,,,15R215,,,,,,0,0,000000000,00000000000,0,0,0,1,0,0,0,0,0,0,0,0,0,0,0,6,6,2,1,12,0,0,0,1,1,36695,6,1,0,0,3,0,63,150,0,0,0,0,0,0,0,0,0,0,89,0,0,0,1,2,45,1,1,2,1,0,0,5,50,1,1,1,98,0,0
1,10115,1,2,1,17,3,7,45,12,2,1,0,1,2,14,401,14401,14,2003,4M2DU66K03ZJ,4,M,2,D,U,6,6,K,0,3,Z,J,0,P,MERC,MOU,UT,3,17,4170,,0,1138,,F,,F,6,245,,,16R245,,,,,,0,0,000000000,00000000000,0,0,0,1,0,0,0,0,0,0,0,45,0,0,0,12,12,6,2,12,0,0,0,1,1,35543,6,1,0,0,3,1,73,200,0,0,0,1,1,2,2011,2,2011,0,0,0,0,0,1,2,55,1,6,2,1,0,0,1,10,1,1,2,50,0,0
1,10115,2,2,1,17,3,7,45,12,2,1,0,1,2,24,1,24001,4,1996,1G8ZK5272TZ2,1,G,8,Z,K,5,2,7,2,T,Z,2,0,P,STRN,SL2,4D,96,17,2350,,0,1024,,G,,F,4,116,,,15R185,,,,,,0,0,000000000,00000000000,0,0,0,1,0,0,0,0,0,0,0,55,0,0,0,12,12,6,2,12,0,0,0,1,1,35565,6,1,0,0,3,0,72,215,0,0,0,0,0,0,0,0,0,0,0,0,0,0,1,2,55,1,5,2,1,0,0,1,62,9,1,1,51,1,0
1,10116,1,1,1,17,3,20,0,1,0,1,0,1,1,72,706,72706,80,1989,1HD1CAP12KY1,1,H,D,1,C,A,P,1,2,K,Y,1,0,M,HD,XL2,RS,89,17,,,,,,,1200,,2,,4,463,,,,,,,0,0,000000000,00000000000,0,0,0,1,0,0,0,0,0,0,0,5,0,0,0,0,0,0,1,1,0,0,0,1,1,35630,2,1,2,0,2,0,72,170,0,6,2,0,0,9,2008,6,2010,0,0,0,0,0,1,2,35,1,6,2,1,0,0,10,9,1,1,4,6,1,1
1,10117,1,2,1,9,2,8,44,12,7,1,0,1,1,22,9,22009,3,2002,2G2FV22G2221,2,G,2,F,V,2,2,G,2,2,2,1,0,P,PONT,FTA,2H,2,17,3452,,0,1011,,G,,F,8,350,,,16R245,,,,,,0,0,000000000,00000000000,0,0,0,1,0,0,0,0,0,0,0,999,0,0,0,11,11,2,1,12,0,0,0,1,1,35405,6,1,0,0,3,1,70,150,0,0,0,0,0,0,0,0,0,0,27,0,0,0,2,2,55,1,1,2,1,0,0,15,10,1,1,2,47,0,0
1,10117,2,2,1,9,2,8,44,12,7,1,0,1,1,49,472,49472,30,1998,4TANL42NXWZ0,4,T,A,N,L,4,2,N,X,W,Z,0,0,T,TOYT,REG,PK,98,17,,1,0,1033,TAC,G,,,4,149,,,,B,2566,00,U,42,0,0,000000000,00000000000,0,0,0,1,0,0,0,0,0,0,0,999,0,0,0,5,98,6,2,34,0,0,0,1,1,35405,6,1,0,0,3,1,70,183,0,0,0,0,0,0,0,0,0,0,0,0,0,0,2,2,55,1,1,2,1,0,0,1,61,1,1,1,45,1,0
1,10118,1,2,1,23,2,20,26,12,2,1,0,1,1,41,46,41046,2,1993,JM1EC4315P02,J,M,1,E,C,4,3,1,5,P,0,2,0,P,MAZD,MX3,CP,93,17,2332,,0,963,,G,,F,4,097,,,14R185,,,,,,0,0,000000000,00000000000,0,0,0,1,0,0,0,0,0,0,0,999,0,0,0,12,12,6,2,12,0,0,0,1,1,36612,6,1,0,0,3,0,70,240,0,2,0,0,0,6,2008,6,2008,9,0,0,0,0,1,4,30,3,1,2,1,0,0,14,10,1,1,2,50,1,1
1,10118,2,2,2,23,2,20,26,12,2,1,0,1,3,23,461,23461,21,1998,1GJHG39R6W10,1,G,J,H,G,3,9,R,6,W,1,0,0,T,GMC,SA3,ES,98,17,,2,0,1550,SAV,G,,,8,350,,,,D,00000,00,E,42,0,0,000000000,00000000000,0,0,0,1,0,0,0,0,0,0,0,25,0,0,0,12,12,6,2,12,0,0,0,1,1,36607,6,1,0,0,3,0,68,175,0,0,0,0,0,0,0,0,0,0,0,0,0,0,1,2,30,3,1,2,1,0,0,14,62,1,1,1,51,0,0
1,10119,1,2,1,25,2,22,16,12,6,1,0,92,0,98,706,98706,80,2003,4MZAX12JX334,4,M,Z,A,X,1,2,J,X,3,3,4,0,U,,,,3,17,,,,,,,,,,,,,,,,,,,0,0,000000000,00000000000,0,0,0,1,0,0,0,0,0,0,0,90,0,0,0,12,12,6,2,12,0,0,0,1,1,36619,2,1,0,0,2,0,69,160,1,19,0,1,3,2,2008,12,2010,1,37,0,0,0,1,2,25,1,6,2,1,0,0,1,55,1,1,1,69,1,0
1,10119,2,2,1,25,2,22,16,12,6,1,0,1,2,12,481,12481,31,2002,1FTNF20L42ED,1,F,T,N,F,2,0,L,4,2,E,D,0,T,FORD,F2S,PK,2,17,,2,0,1370,SRW,G,,,8,330,,,,C,5316,01,U,42,0,0,000000000,00000000000,0,0,0,1,0,0,0,0,0,0,0,5,0,0,0,3,3,6,2,12,0,0,0,1,1,36619,0,0,0,0,0,0,66,165,0,5,0,0,0,4,2008,9,2009,0,0,0,0,0,1,2,25,1,5,2,1,0,0,11,55,1,1,1,68,0,0
1,10120,1,2,3,16,2,1,35,12,6,1,0,1,1,20,2,20002,4,2002,2G1WH55K8292,2,G,1,W,H,5,5,K,8,2,9,2,0,P,CHEV,IPL,4D,2,17,3466,,0,1105,,G,,F,6,231,,,16R225,,,,,,0,0,000000000,00000000000,0,0,0,1,0,0,0,0,0,0,0,72,0,0,0,12,12,6,2,12,0,0,0,1,1,35215,6,1,0,0,3,1,60,180,2,0,0,0,0,12,2009,1,2011,1,0,0,0,0,2,2,60,1,1,2,1,0,0,1,55,1,1,1,69,1,0
1,10120,2,2,1,16,2,1,35,12,6,1,0,1,3,82,883,82883,66,2005,1FUJA6CK25LU,1,F,U,J,A,6,C,K,2,5,L,U,1,T,FRHT,COL,TR,5,17,,8,0,0,CON,D,,,6,858,,,,,00000,00,,64,1,57,01941086,5701941086,3,6,3,1,0,0,0,0,0,0,0,5,0,0,0,4,4,6,2,12,0,0,0,1,1,35670,6,1,6,0,3,0,68,190,1,0,0,0,0,6,2008,6,2008,0,0,0,0,0,2,2,60,1,1,2,1,0,0,11,55,1,1,1,68,0,0
1,10121,1,3,1,4,3,5,40,8,0,1,0,1,1,6,51,6051,4,2005,2C3JA63H95H6,2,C,3,J,A,6,3,H,9,5,H,6,0,P,CHRY,30C,4D,5,17,4064,,0,1200,,G,,F,8,348,,,18R225,,,,,,0,0,000000000,00000000000,0,0,0,1,0,0,0,0,0,0,0,45,0,0,0,1,98,4,1,8,0,0,0,1,1,35476,6,1,0,0,3,0,62,117,0,0,0,0,0,0,0,0,0,0,0,0,0,0,5,2,50,1,6,2,1,0,0,1,80,1,1,1,13,0,0
1,10121,2,3,1,4,3,5,40,8,0,1,0,1,1,12,481,12481,31,2000,1FTRX17W1YNC,1,F,T,R,X,1,7,W,1,Y,N,C,0,T,FORD,F15,4C,0,17,,2,1571,1385,COF,G,,,8,281,,,,B,4204,05,U,42,0,0,000000000,00000000000,0,0,0,1,0,0,0,0,0,0,0,45,0,0,0,12,12,4,1,8,0,0,0,1,1,35475,6,1,0,0,3,0,70,250,0,0,0,0,1,11,2008,11,2008,0,0,0,0,0,5,2,50,1,6,2,1,0,0,1,80,1,1,1,98,0,0
1,10121,3,3,1,4,3,5,40,8,0,1,0,1,1,12,3,12003,2,1999,1FAFP404XXF1,1,F,A,F,P,4,0,4,X,X,F,1,0,P,FORD,MUS,CP,99,17,3069,,0,1013,,G,,F,6,232,,,15R205,,,,,,0,0,000000000,00000000000,0,0,0,1,0,0,0,0,0,0,0,45,0,0,0,14,14,0,1,8,0,0,0,1,1,35475,6,1,0,0,3,0,74,230,0,0,0,0,0,0,0,0,0,0,0,0,0,0,5,2,50,1,6,2,1,0,0,1,80,1,1,1,98,0,0
1,10122,1,2,1,8,3,10,22,12,6,1,0,1,2,18,7,18007,4,1989,1G4AH51N5K64,1,G,4,A,H,5,1,N,5,K,6,4,0,P,BUIC,CCU,4D,89,17,2725,,0,1049,,G,,F,6,204,,,14R185,,,,,,0,0,000000000,00000000000,0,0,0,1,0,0,0,0,0,0,0,80,0,0,0,9,98,6,2,12,0,0,0,1,1,35124,6,1,0,0,3,0,76,230,0,0,0,0,0,0,0,0,0,1,39,0,0,0,1,2,45,1,5,2,1,3,3,1,55,1,1,1,89,1,0
1,10122,2,2,3,8,3,10,22,12,6,1,0,1,1,12,401,12401,14,2004,1FMZU62K34UB,1,F,M,Z,U,6,2,K,3,4,U,B,0,P,FORD,EPR,UT,4,17,4304,,0,1137,,F,,F,6,245,,,16R235,,,,,,0,0,000000000,00000000000,0,0,0,1,0,0,0,0,0,0,0,20,0,0,0,12,12,6,2,12,0,0,0,1,1,35053,6,1,0,0,3,1,64,154,0,0,0,0,0,0,0,0,0,0,0,0,0,0,1,2,30,1,6,2,1,3,3,1,66,1,1,1,88,0,0
1,10123,1,1,1,10,3,6,32,35,0,1,0,92,0,38,402,38402,14,2003,4S2DM58W4343,4,S,2,D,M,5,8,W,4,3,4,3,0,P,ISU,ROD,UT,3,17,4171,,0,1064,,G,,F,6,195,,,16R245,,,,,,0,0,000000000,00000000000,0,0,0,1,0,0,0,0,0,0,0,45,0,1,5,11,98,6,2,42,0,0,0,1,1,36083,6,1,0,0,3,0,71,215,0,0,0,0,0,0,0,0,0,1,99,99,99,99,1,2,25,1,1,2,2,0,0,1,12,1,1,4,6,1,1