STATE,ST_CASE,VEH_NO,VE_FORMS,NUMOCCS,DAY,MONTH,HOUR,MINUTE,HARM_EV,MAN_COLL,UNITTYPE,HIT_RUN,REG_STAT,OWNER,MAKE,MODEL,MAK_MOD,BODY_TYP,MOD_YEAR,VIN,VIN_1,VIN_2,VIN_3,VIN_4,VIN_5,VIN_6,VIN_7,VIN_8,VIN_9,VIN_10,VIN_11,VIN_12,TOW_VEH,VINTYPE,VINMAKE,VINA_MOD,VIN_BT,VINMODYR,VIN_LNGT,VIN_WGT,WGTCD_TR,WHLBS_LG,WHLBS_SH,SER_TR,FUELCODE,MCYCL_DS,CARBUR,CYLINDER,DISPLACE,MCYCL_CY,MCYCL_WT,TIRE_SZE,TON_RAT,TRK_WT,TRKWTVAR,VIN_REST,WHLDRWHL,J_KNIFE,MCARR_I1,MCARR_I2,MCARR_ID,GVWR,V_CONFIG,CARGO_BT,HAZ_INV,HAZ_PLAC,HAZ_ID,HAZ_CNO,HAZ_REL,BUS_USE,SPEC_USE,EMER_USE,TRAV_SP,UNDERIDE,ROLLOVER,ROLINLOC,IMPACT1,IMPACT2,DEFORMED,TOWED,M_HARM,VEH_SC1,VEH_SC2,FIRE_EXP,DR_PRES,L_STATE,DR_ZIP,L_STATUS,L_TYPE,CDL_STAT,L_ENDORS,L_COMPL,L_RESTRI,DR_HGT,DR_WGT,PREV_ACC,PREV_SUS,PREV_DWI,PREV_SPD,PREV_OTH,FIRST_MO,FIRST_YR,LAST_MO,LAST_YR,SPEEDREL,DR_SF1,DR_SF2,DR_SF3,DR_SF4,VTRAFWAY,VNUM_LAN,VSPD_LIM,VALIGN,VPROFILE,VPAVETYP,VSURCOND,VTRAFCON,VTCONT_F,P_CRASH1,P_CRASH2,P_CRASH3,PCRASH4,PCRASH5,ACC_TYPE,DEATHS,DR_DRINK
1,10155,1,2,1,24,3,8,57,12,6,1,0,1,1,18,2,18002,4,2005,1G4HP52K85U2,1,G,4,H,P,5,2,K,8,5,U,2,0,P,BUIC,LCF,4D,5,17,3567,,0,1122,,G,,F,6,232,,,15R215,,,,,,0,0,000000000,00000000000,0,0,0,1,0,0,0,0,0,0,0,10,0,0,0,9,9,6,2,12,0,0,0,1,1,35016,6,1,0,0,3,0,67,200,0,0,0,0,0,0,0,0,0,0,38,0,0,0,1,2,45,1,1,2,1,20,3,11,55,1,1,1,82,1,0
1,10155,2,2,1,24,3,8,57,12,6,1,0,1,1,12,881,12881,61,1994,1FDKF38G9REA,1,F,D,K,F,3,8,G,9,R,E,A,0,T,FORD,F35,CB,94,17,,3,1610,1330,COF,G,,,8,460,,,,D,00000,00,A,44,0,88,888888888,88888888888,2,1,4,1,0,0,0,0,0,0,0,30,0,0,0,12,12,6,2,12,0,0,0,1,1,35016,6,1,6,0,3,1,71,195,0,0,0,0,0,0,0,0,0,0,0,0,0,0,1,2,45,1,1,2,1,0,0,1,67,2,1,1,83,0,0
1,10156,1,1,1,25,3,5,0,1,0,1,0,1,2,20,481,20481,31,1996,1GBEK14R4TZ1,1,G,B,E,K,1,4,R,4,T,Z,1,0,T,CHEV,GK1,PK,96,17,,2,1315,1175,GM4,G,,,8,350,,,,B,4210,01,,44,0,0,000000000,00000000000,0,0,0,1,0,0,0,0,0,0,0,68,0,1,5,0,98,6,2,42,0,0,0,1,1,35049,6,1,0,0,3,0,68,170,0,0,0,3,0,11,2009,9,2010,0,0,0,0,0,1,2,55,1,1,2,1,0,0,1,12,1,1,4,6,1,0
1,10157,1,1,5,25,3,17,50,1,0,1,0,1,1,12,401,12401,14,1997,1FMDU32X0VUB,1,F,M,D,U,3,2,X,0,V,U,B,0,P,FORD,EPR,UT,97,17,3939,,0,1115,,G,,F,6,245,,,15R225,,,,,,0,0,000000000,00000000000,0,0,0,1,0,0,0,0,0,0,0,70,0,1,1,0,98,6,2,1,0,0,0,1,1,35401,6,1,0,0,3,1,63,350,0,0,0,0,0,0,0,0,0,0,92,0,0,0,3,3,70,1,6,2,1,0,0,1,1,1,3,6,98,1,0
1,10158,1,1,2,25,3,3,35,35,0,1,0,1,2,20,37,20037,4,2004,1G1ZT54824F2,1,G,1,Z,T,5,4,8,2,4,F,2,0,P,CHEV,M/L,4D,4,17,3297,,0,1063,,G,,F,6,214,,,15R205,,,,,,0,0,000000000,00000000000,0,0,0,1,0,0,0,0,0,0,0,65,0,1,5,6,98,6,2,1,0,0,0,1,1,36521,6,1,0,0,3,0,72,165,0,1,2,2,1,5,2008,7,2010,0,58,0,0,0,1,2,55,3,5,2,1,0,0,14,13,7,3,4,2,1,1
1,10159,1,2,1,25,3,14,2,12,2,1,0,1,1,72,706,72706,80,2000,1HD1CAP14YK1,1,H,D,1,C,A,P,1,4,Y,K,1,0,M,HD,L12,RS,0,17,,,,,,,1200,,2,,4,491,,,,,,,0,0,000000000,00000000000,0,0,0,1,0,0,0,0,0,0,0,75,0,0,0,12,98,6,2,12,0,0,0,1,1,35966,6,1,6,0,3,0,70,162,0,0,0,0,1,7,2008,7,2008,1,0,0,0,0,1,2,55,2,5,2,1,0,0,14,10,7,2,2,50,1,1
1,10159,2,2,1,25,3,14,2,12,2,1,0,1,1,49,471,49471,31,1984,JT4RN65S2E50,J,T,4,R,N,6,5,S,2,E,5,0,0,T,TOYT,65S,PK,84,17,,1,0,1122,44P,G,,,4,144,,,,,2916,01,,44,0,0,000000000,00000000000,0,0,0,1,0,0,0,0,0,0,0,10,0,0,0,12,12,6,2,12,0,0,0,1,1,35966,6,1,0,0,3,0,66,170,0,0,0,0,0,0,0,0,0,0,0,0,0,0,1,2,55,3,6,2,1,0,0,2,62,7,1,1,51,0,0
1,10160,1,3,1,26,3,15,5,12,2,1,0,1,2,6,441,6441,20,2005,2C4GP44R05R1,2,C,4,G,P,4,4,R,0,5,R,1,0,T,CHRY,TLX,ES,5,17,,1,0,1193,TWC,G,,,6,201,,,,,4121,00,,42,0,0,000000000,00000000000,0,0,0,1,0,0,0,0,0,0,0,70,0,0,0,12,12,6,2,12,0,0,0,1,1,36081,6,1,0,0,3,0,72,180,1,0,0,0,0,1,2011,1,2011,1,99,99,99,99,2,4,70,1,6,2,2,0,0,1,10,1,1,6,50,1,1
1,10160,2,3,4,26,3,15,5,12,2,1,0,18,2,12,17,12017,4,2009,1FAHP24W29G1,1,F,A,H,P,2,4,W,2,9,G,1,0,P,FORD,TEL,4D,9,17,3643,,0,1129,,G,,F,6,214,,,17R215,,,,,,0,0,000000000,00000000000,0,0,0,1,0,0,0,0,0,0,0,75,0,0,0,12,98,6,2,12,0,0,0,1,18,46703,6,2,0,0,3,0,66,140,0,0,0,0,0,0,0,0,0,1,0,0,0,0,2,2,70,1,5,2,2,0,0,1,62,7,1,1,51,4,0
1,10160,3,3,3,26,3,15,5,12,2,1,0,47,1,34,401,34401,14,2003,5UXFA53593LV,5,U,X,F,A,5,3,5,9,3,L,V,0,P,BMW,BX5,UT,3,17,4533,,0,1110,,G,,F,6,182,,,17R235,,,,,,0,0,000000000,00000000000,0,0,0,1,0,0,0,0,0,0,0,70,0,0,0,12,12,6,2,12,0,0,0,1,47,37405,6,1,0,0,3,0,67,150,0,0,0,0,0,0,0,0,0,0,0,0,0,0,2,2,70,1,5,2,2,0,0,1,60,1,1,1,98,0,0
1,10161,1,1,1,26,3,6,0,1,0,1,0,1,1,20,473,20473,30,2005,1GCDS1963581,1,G,C,D,S,1,9,6,3,5,8,1,0,T,CHEV,RDO,4C,5,17,,1,0,1259,CAL,G,,,5,214,,,,,3346,00,,42,0,0,000000000,00000000000,0,0,0,1,0,0,0,0,0,0,0,5,0,1,5,0,0,0,3,1,0,0,0,1,1,36726,6,1,0,0,3,1,72,210,0,0,0,0,0,0,0,0,0,0,0,0,0,0,1,2,45,1,1,2,1,0,0,1,12,1,1,4,6,1,0
1,10162,1,3,2,27,3,13,23,12,1,1,0,1,1,35,49,35049,6,2006,JN8AZ08W86W5,J,N,8,A,Z,0,8,W,8,6,W,5,0,P,NISS,MUR,UT,6,17,3855,,0,1112,,G,,F,6,213,,,18R235,,,,,,0,0,000000000,00000000000,0,0,0,1,0,0,0,0,0,0,0,50,0,0,0,12,12,6,2,12,0,0,0,1,1,35954,6,1,0,0,3,1,64,140,0,0,0,0,0,0,0,0,0,0,0,0,0,0,1,2,55,1,1,2,1,0,0,1,50,1,1,1,20,0,0
1,10162,2,3,3,27,3,13,23,12,1,1,0,1,2,6,52,6052,6,2008,3A8FY48B48T1,3,A,8,F,Y,4,8,B,4,8,T,1,0,P,CHRY,PTC,SV,8,17,3076,,0,1030,,G,,F,4,148,,,15R195,,,,,,0,0,000000000,00000000000,0,0,0,1,0,0,0,0,0,0,0,0,0,0,0,6,98,6,2,12,0,0,0,1,1,35952,6,2,0,0,3,0,70,175,0,0,0,0,0,0,0,0,0,0,0,0,0,0,1,2,55,1,1,2,1,0,0,5,53,1,1,1,22,1,0
1,10162,3,3,1,27,3,13,23,12,1,1,0,1,1,12,471,12471,30,2004,1FTYR14U74PA,1,F,T,Y,R,1,4,U,7,4,P,A,0,T,FORD,RNS,PC,4,17,,1,0,1257,RNG,G,,,6,182,,,,B,3864,00,U,42,0,0,000000000,00000000000,0,0,0,1,0,0,0,0,0,0,0,50,0,0,0,12,12,6,2,12,0,0,0,1,1,35058,6,1,6,0,3,1,71,210,0,0,0,1,0,6,2010,6,2010,0,0,0,0,0,1,2,55,1,1,2,1,0,0,1,62,1,1,1,98,0,0
1,10163,1,2,1,27,3,13,45,12,6,1,0,1,1,14,6,14006,4,2002,2MEFM75W52X6,2,M,E,F,M,7,5,W,5,2,X,6,0,P,MERC,MGL,4D,2,17,3970,,0,1147,,G,,F,8,281,,,16R225,,,,,,0,0,000000000,00000000000,0,0,0,1,0,0,0,0,0,0,0,65,0,0,0,8,98,6,2,12,0,0,0,1,1,35214,6,1,0,0,3,0,73,275,0,0,0,1,0,8,2010,8,2010,1,0,0,0,0,1,4,65,3,1,2,2,0,0,14,5,1,4,2,66,1,0
1,10163,2,2,1,27,3,13,45,12,6,1,0,12,1,58,35,58035,4,2001,JNKCA31A81T0,J,N,K,C,A,3,1,A,8,1,T,0,0,P,INFI,I30,4D,1,17,3227,,0,1063,,G,,F,6,182,,,16R215,,,,,,0,0,000000000,00000000000,0,0,0,1,0,0,0,0,0,0,0,45,0,0,0,12,98,6,2,12,0,0,0,1,12,32547,6,1,0,0,3,0,66,999,1,8,0,2,0,12,2008,6,2010,0,0,0,0,0,1,2,65,2,1,2,2,0,0,14,62,1,1,1,66,0,0
1,10164,1,2,1,28,3,14,45,12,6,1,0,1,1,49,472,49472,30,2004,5TESN92N84Z4,5,T,E,S,N,9,2,N,8,4,Z,4,0,T,TOYT,XPR,PC,4,17,,1,0,1219,TAC,G,,,6,206,,,,B,3355,00,U,42,0,0,000000000,00000000000,0,0,0,1,0,0,0,0,0,0,0,40,0,1,5,9,98,6,2,1,0,0,0,1,1,36268,6,1,0,0,3,0,71,160,0,0,0,0,1,7,2010,7,2010,0,34,29,0,0,5,2,45,1,5,2,1,0,0,1,71,7,1,2,93,1,0
1,10164,2,2,2,28,3,14,45,12,6,1,1,1,1,18,3,18003,4,1993,1G4CW53L2P16,1,G,4,C,W,5,3,L,2,P,1,6,0,P,BUIC,PKA,4D,93,17,3441,,0,1108,,G,,F,6,231,,,15R205,,,,,,0,0,000000000,00000000000,0,0,0,1,0,0,0,0,0,0,0,10,0,0,0,1,1,4,1,12,0,0,0,1,1,36268,6,1,0,0,3,1,72,231,0,3,0,1,0,2,2010,8,2010,0,38,0,0,0,5,2,45,1,5,2,1,0,0,13,55,1,1,1,92,0,0
1,10165,1,2,1,29,3,6,20,12,2,1,0,1,1,54,31,54031,3,1992,JH4DA9349NS0,J,H,4,D,A,9,3,4,9,N,S,0,0,P,ACUR,IRS,2H,92,17,2447,,0,1004,,G,,F,4,112,,,15R195,,,,,,0,0,000000000,00000000000,0,0,0,1,0,0,0,0,0,0,0,60,0,0,0,12,12,6,2,12,0,0,0,1,1,35550,6,1,0,0,3,0,70,130,0,0,0,0,0,0,0,0,0,0,0,0,0,0,1,2,55,1,3,2,1,0,0,6,54,7,1,2,50,1,0
1,10165,2,2,1,29,3,6,20,12,2,1,0,1,1,20,471,20471,30,2000,1GCCS1956Y83,1,G,C,C,S,1,9,5,6,Y,8,3,0,T,CHEV,S14,PC,0,17,,1,0,1229,S,F,,,4,133,,,,B,3185,03,,42,0,0,000000000,00000000000,0,0,0,1,0,0,0,0,0,0,0,55,0,0,0,12,12,6,2,12,0,0,0,1,1,35541,6,1,0,0,3,0,69,150,0,0,0,2,0,9,2009,1,2011,0,0,0,0,0,1,2,55,1,6,2,1,0,0,1,54,6,1,1,51,0,0
1,10166,1,1,3,29,3,15,0,42,0,1,0,1,1,12,3,12003,3,1993,1FACP41M0PF2,1,F,A,C,P,4,1,M,0,P,F,2,0,P,FORD,MLX,2H,93,17,2834,,0,1005,,G,,F,4,140,,,14R195,,,,,,0,0,000000000,00000000000,0,0,0,1,0,0,0,0,0,0,0,999,0,0,0,12,12,6,2,42,0,0,0,1,1,36575,6,1,0,0,3,0,68,140,0,0,0,0,0,0,0,0,0,0,8,0,0,0,1,2,55,1,6,2,1,0,0,98,8,1,1,4,1,1,0
1,10167,1,1,1,30,3,14,0,42,0,1,0,1,1,35,471,35471,30,1995,1N6SD11S4SC3,1,N,6,S,D,1,1,S,4,S,C,3,0,T,NISS,EXE,PK,95,17,,1,0,1043,TRK,G,,,4,146,,,,B,2728,01,A,42,0,0,000000000,00000000000,0,0,0,1,0,0,0,0,0,0,0,30,0,0,0,12,12,6,2,42,0,0,0,1,1,35042,6,1,0,0,3,0,70,165,0,0,0,0,0,0,0,0,0,0,99,99,99,99,1,2,35,1,6,2,1,0,0,1,12,1,1,4,6,1,0
1,10168,1,2,1,2,4,0,15,12,7,1,0,92,0,49,40,49040,4,1997,4T1BF22K8VU9,4,T,1,B,F,2,2,K,8,V,U,9,0,P,TOYT,UEX,4D,97,17,3086,,0,1051,,G,,F,6,183,,,15R205,,,,,,0,0,000000000,00000000000,0,0,0,1,0,0,0,0,0,0,0,100,0,1,5,11,98,6,2,42,0,0,0,1,1,36203,6,1,0,0,3,0,73,250,1,0,0,0,0,12,2010,12,2010,1,58,89,0,0,3,3,70,1,1,2,1,0,0,1,6,1,1,2,45,1,1
1,10168,2,2,1,2,4,0,15,12,7,1,0,1,2,7,482,7482,31,2009,1D3HB13P39J5,1,D,3,H,B,1,3,P,3,9,J,5,0,T,DODG,150,CW,9,17,,2,0,1400,RPC,G,,,8,287,,,,B,5064,00,K,42,0,0,000000000,00000000000,0,0,0,1,0,0,0,0,0,0,0,60,0,0,0,5,5,2,1,12,0,0,0,1,1,36201,6,1,0,0,3,1,71,165,0,0,0,1,0,12,2010,12,2010,0,0,0,0,0,3,3,70,1,1,2,1,0,0,1,61,1,1,1,44,0,0
1,10169,1,1,1,2,4,21,20,34,0,1,0,47,3,38,401,38401,14,2001,JACDS58X817J,J,A,C,D,S,5,8,X,8,1,7,J,0,P,ISU,TRO,UT,1,17,4238,,0,1087,,G,,F,6,213,,,16R245,,,,,,0,0,000000000,00000000000,0,0,0,1,0,0,0,0,0,0,0,70,0,1,5,12,98,6,2,1,0,0,0,1,47,38138,6,1,0,0,3,0,67,135,0,0,0,0,0,0,0,0,0,1,58,0,0,0,1,2,55,1,6,2,1,0,0,1,12,6,4,4,7,1,1
1,10170,1,1,3,26,2,0,50,8,0,1,0,1,1,14,38,14038,3,2001,1ZWFT61L5156,1,Z,W,F,T,6,1,L,5,1,5,6,0,P,MERC,CU6,2H,1,17,2996,,0,1064,,G,,F,6,155,,,15R205,,,,,,0,0,000000000,00000000000,0,0,0,1,0,0,0,0,0,0,0,999,0,0,0,12,12,2,3,8,0,0,0,1,1,36117,6,1,0,0,3,1,64,199,0,0,0,0,0,0,0,0,0,9,0,0,0,0,2,3,45,1,1,2,1,3,3,1,80,1,1,1,13,0,1
1,10171,1,1,1,23,2,0,50,8,0,1,0,1,1,52,401,52401,14,2001,JA4LS41R11P0,J,A,4,L,S,4,1,R,1,1,P,0,0,P,MITS,MNS,UT,1,17,4065,,0,1073,,G,,F,6,213,,,16R255,,,,,,0,0,000000000,00000000000,0,0,0,1,0,0,0,0,0,0,0,55,0,0,0,12,12,6,2,8,0,0,0,1,1,35147,6,1,0,0,3,0,66,110,1,0,0,2,0,5,2009,12,2010,0,0,0,0,0,2,3,55,1,5,2,1,0,0,1,80,1,1,1,13,0,0
1,10172,1,1,1,22,3,2,59,30,0,1,0,1,1,7,42,7042,2,1996,4B3AU52N3TE4,4,B,3,A,U,5,2,N,3,T,E,4,0,P,DODG,AES,CP,96,17,2892,,0,1037,,G,,F,6,152,,,16R205,,,,,,0,0,000000000,00000000000,0,0,0,1,0,0,0,0,0,0,0,90,0,0,0,12,98,6,9,30,0,0,0,1,1,35214,6,1,0,0,3,1,60,150,0,0,0,2,0,2,2009,11,2010,9,99,99,99,99,1,2,35,1,1,2,1,0,0,1,12,1,1,4,6,1,0
1,10173,1,1,2,16,3,23,25,42,0,1,0,1,1,24,2,24002,2,1999,1G8ZY1272XZ2,1,G,8,Z,Y,1,2,7,2,X,Z,2,0,P,STRN,SC2,3P,99,17,0,,0,1024,,G,,F,4,116,,,15R195,,,,,,0,0,000000000,00000000000,0,0,0,1,0,0,0,0,0,0,0,999,0,0,0,6,6,6,2,42,0,0,0,1,1,36083,6,1,0,0,3,0,63,109,1,0,0,0,0,1,2011,1,2011,1,58,0,0,0,1,2,45,3,1,2,1,0,0,14,13,6,4,4,2,1,0
1,10174,1,2,2,20,3,17,28,12,8,1,0,1,1,53,706,53706,80,2000,JS1VS52A7Y21,J,S,1,V,S,5,2,A,7,Y,2,1,0,M,SUZI,VS8,RS,0,17,,,,,,,805,,2,,4,443,,,,,,,0,0,000000000,00000000000,0,0,0,1,0,0,0,0,0,0,0,55,0,0,0,11,98,6,2,1,0,0,0,1,1,35128,6,1,0,0,3,0,73,220,0,0,0,0,0,0,0,0,0,0,0,0,0,0,1,2,30,2,6,2,1,0,0,14,10,1,1,2,64,1,1
1,10174,2,2,3,20,3,17,28,12,8,1,0,1,1,12,422,12422,15,2000,1FMRU17L5YLC,1,F,M,R,U,1,7,L,5,Y,L,C,0,P,FORD,EPT,UT,0,17,4833,,0,1191,,G,,F,8,330,,,16R255,,,,,,0,0,000000000,00000000000,0,0,0,1,0,0,0,0,0,0,0,30,0,0,0,9,9,2,1,12,0,0,0,1,1,35128,6,1,6,0,3,1,71,250,0,0,0,0,1,10,2008,10,2008,0,0,0,0,0,1,2,35,3,5,2,1,0,0,14,62,1,1,1,65,0,0
1,10175,1,1,1,2,4,6,15,24,0,1,0,1,1,23,431,23431,16,2002,1GKEK13Z42J1,1,G,K,E,K,1,3,Z,4,2,J,1,0,T,GMC,YUK,4W,2,17,,2,0,1160,YUK,F,,,8,325,,,,B,5133,00,K,44,0,0,000000000,00000000000,0,0,0,1,0,0,0,0,0,0,0,85,0,1,1,12,98,6,2,1,0,0,0,1,1,35120,6,2,0,0,3,1,73,145,0,1,2,1,1,1,2009,11,2009,1,0,0,0,0,3,3,70,1,1,2,1,0,0,15,9,7,4,4,7,1,0
1,10176,1,2,1,29,3,11,30,12,6,1,0,1,1,18,2,18002,4,1995,1G4HP52L9SH4,1,G,4,H,P,5,2,L,9,S,H,4,0,P,BUIC,LCF,4D,95,17,3422,,0,1108,,G,,F,6,231,,,15R205,,,,,,0,0,000000000,00000000000,0,0,0,1,0,0,0,0,0,0,0,50,0,0,0,9,9,6,2,12,0,0,0,1,1,35071,6,1,0,0,3,0,67,135,0,0,0,0,0,0,0,0,0,0,38,39,0,0,6,2,70,1,6,2,1,20,3,1,55,1,1,1,89,1,0
1,10176,2,2,1,29,3,11,30,12,6,1,0,1,1,41,401,41401,14,1992,4F2CU42X9NUM,4,F,2,C,U,4,2,X,9,N,U,M,0,P,MAZD,NAV,UT,92,17,3841,,0,1021,,G,,F,6,245,,,000000,,,,,,0,0,000000000,00000000000,0,0,0,1,0,0,0,0,0,0,0,45,0,0,0,12,12,6,2,12,0,0,0,1,1,35217,6,1,0,0,3,0,65,130,0,0,0,0,0,0,0,0,0,0,0,0,0,0,1,2,45,1,1,2,1,0,0,1,68,1,1,1,88,0,0
1,10177,1,2,1,7,3,7,54,12,1,1,0,1,1,12,3,12003,2,1996,1FALP4049TF2,1,F,A,L,P,4,0,4,9,T,F,2,0,P,FORD,MUS,CP,96,17,3057,,0,1013,,G,,F,6,232,,,15R205,,,,,,0,0,000000000,00000000000,0,0,0,1,0,0,0,0,0,0,0,999,3,0,0,12,98,6,2,12,0,0,0,1,1,35244,6,1,0,0,3,0,65,120,0,0,0,1,1,7,2009,10,2010,0,27,0,0,0,2,3,55,1,1,2,1,3,3,15,10,1,1,2,20,1,0
1,10177,2,2,1,7,3,7,54,12,1,1,0,1,3,82,881,82881,62,2005,1FVACWDC15HU,1,F,V,A,C,W,D,C,1,5,H,U,0,T,FRHT,16M,CC,5,17,,6,0,0,FM2,D,,,6,439,,,,,00000,00,,42,0,57,0877894,570877894,2,1,1,1,0,0,0,0,0,0,0,0,0,0,0,6,98,4,3,12,0,0,0,1,1,35205,6,1,0,0,3,0,71,174,0,0,0,0,0,0,0,0,0,0,0,0,0,0,2,3,55,1,1,2,1,3,3,5,61,1,1,1,22,0,0
1,10178,1,3,1,2,4,15,17,12,9,1,0,1,1,14,17,14017,4,2001,1MEFM53U21A6,1,M,E,F,M,5,3,U,2,1,A,6,0,P,MERC,SLS,4D,1,17,3353,,0,1085,,G,,F,6,182,,,16R215,,,,,,0,0,000000000,00000000000,0,0,0,1,0,0,0,0,0,0,0,999,0,0,0,10,10,6,2,12,0,0,0,1,1,35226,6,1,0,0,3,1,70,199,0,2,0,1,0,8,2008,11,2009,1,58,0,0,0,2,3,70,1,1,2,1,0,0,1,50,7,9,9,48,1,0
1,10178,2,3,1,2,4,15,17,12,9,1,0,1,1,20,481,20481,31,2005,2GCEC19V6513,2,G,C,E,C,1,9,V,6,5,1,3,0,T,CHEV,SC1,4C,5,17,,2,1575,1435,SIL,G,,,8,293,,,,B,4555,00,,42,0,0,000000000,00000000000,0,0,0,1,0,0,0,0,0,0,0,0,0,0,0,6,98,6,2,12,0,0,0,1,1,35226,6,1,0,0,3,0,69,140,0,1,0,0,0,6,2008,6,2008,0,0,0,0,0,2,3,70,1,1,2,1,0,0,5,53,1,1,1,48,0,0
1,10178,3,3,1,2,4,15,17,12,9,1,0,47,2,6,51,6051,4,1999,2C3HE66G6XH7,2,C,3,H,E,6,6,G,6,X,H,7,0,P,CHRY,30M,4D,99,17,3474,,0,1130,,G,,F,6,215,,,17R225,,,,,,0,0,000000000,00000000000,0,0,0,1,0,0,0,0,0,0,0,0,0,0,0,6,6,4,1,12,0,0,0,1,1,30168,6,1,3,0,2,1,62,125,0,3,0,0,1,12,2008,4,2010,0,89,0,0,0,2,3,70,1,1,2,1,0,0,5,53,1,1,1,98,0,0
1,10179,1,2,1,8,4,7,18,12,1,1,0,1,2,49,38,49038,4,1991,JT2EL43A7M00,J,T,2,E,L,4,3,A,7,M,0,0,0,P,TOYT,TDX,4D,91,17,2005,,0,937,,G,,F,4,089,,,13R155,,,,,,0,0,000000000,00000000000,0,0,0,1,0,0,0,0,0,0,0,70,0,0,0,12,12,6,2,12,0,0,0,1,1,36801,6,1,0,0,3,1,67,170,0,2,1,0,0,4,2010,5,2010,0,89,26,8,0,2,2,70,1,5,2,1,0,0,1,51,1,1,1,24,1,0
1,10179,2,2,1,8,4,7,18,12,1,1,0,13,3,98,898,98898,63,1997,476TS0870VS0,4,7,6,T,S,0,8,7,0,V,S,0,0,U,,,,97,17,,,,,,,,,,,,,,,,,,,0,57,735833,57735833,3,2,96,1,0,0,0,0,0,0,0,45,0,0,0,6,6,2,1,12,0,0,0,1,13,31808,6,1,6,0,3,1,70,185,98,0,0,0,0,0,0,0,0,0,0,0,0,0,2,2,70,1,5,2,1,0,0,1,53,1,1,1,25,0,0
1,10180,1,1,1,8,4,16,52,53,0,1,0,1,1,20,421,20421,15,2004,1GNCS18X94K1,1,G,N,C,S,1,8,X,9,4,K,1,0,P,CHEV,BZR,UT,4,17,3611,,0,1005,,G,,F,6,262,,,16R235,,,,,,0,0,000000000,00000000000,0,0,0,1,0,0,0,0,0,0,0,999,0,0,0,12,98,6,2,42,0,0,0,1,1,35674,6,1,0,0,3,9,72,150,0,1,2,0,0,10,2010,12,2010,9,89,8,0,0,1,2,25,1,1,2,1,0,0,1,12,1,1,4,6,1,0
1,10181,1,1,3,4,4,17,53,53,0,1,0,1,1,22,9,22009,3,1995,2G2FV22P6S22,2,G,2,F,V,2,2,P,6,S,2,2,0,P,PONT,FTA,2H,95,17,3373,,0,1011,,G,,F,8,350,,,16R245,,,,,,0,0,000000000,00000000000,0,0,0,1,0,0,0,0,0,0,0,55,0,0,0,12,98,6,2,18,0,0,0,1,1,35077,6,1,0,0,3,0,63,115,0,0,0,4,1,5,2008,1,2011,1,0,0,0,0,1,2,45,3,6,2,1,0,0,14,12,1,1,4,6,1,1
1,10182,1,1,1,8,4,7,0,59,0,1,0,1,2,63,402,63402,14,2005,KNDJC7339553,K,N,D,J,C,7,3,3,9,5,5,3,0,P,KIA,SOR,UT,5,17,4306,,0,1067,,G,,F,6,213,,,16R245,,,,,,0,0,000000000,00000000000,0,0,0,1,0,0,0,0,0,0,0,70,0,1,1,1,98,6,2,1,0,0,0,1,1,35959,6,1,0,0,3,1,71,250,0,0,0,0,0,0,0,0,0,0,58,0,0,0,2,2,70,1,1,2,1,0,0,1,12,7,1,4,6,1,0
1,10183,1,3,3,6,4,16,9,12,6,1,0,1,2,37,32,37032,4,2004,1HGCM66574A0,1,H,G,C,M,6,6,5,7,4,A,0,0,P,HOND,UEX,4D,4,17,3384,,0,1079,,G,,F,6,183,,,000000,,,,,,0,0,000000000,00000000000,0,0,0,1,0,0,0,0,0,0,0,85,0,0,0,12,98,6,2,12,0,0,0,1,1,36104,0,0,0,0,0,0,999,999,0,0,0,0,0,0,0,0,0,1,0,0,0,0,1,2,55,3,6,2,1,0,0,14,10,6,4,2,66,1,1
1,10183,2,3,2,6,4,16,9,12,6,1,0,1,2,22,18,22018,4,2002,1G2NF52E02M7,1,G,2,N,F,5,2,E,0,2,M,7,0,P,PONT,SE1,4D,2,17,3116,,0,1070,,G,,F,6,207,,,15R215,,,,,,0,0,000000000,00000000000,0,0,0,1,0,0,0,0,0,0,0,55,0,1,5,10,98,6,2,1,0,0,0,1,1,36251,6,1,6,0,3,0,75,302,0,0,0,0,0,0,0,0,0,0,0,0,0,0,1,2,55,1,5,2,1,0,0,1,62,1,1,1,66,1,0
1,10183,3,3,2,6,4,16,9,12,6,1,0,1,1,12,481,12481,31,1997,1FTHX26F6VEA,1,F,T,H,X,2,6,F,6,V,E,A,0,T,FORD,F25,PC,97,17,,2,1550,1390,COF,D,,,8,444,,,,C,5236,00,A,44,0,0,000000000,00000000000,0,0,0,1,0,0,0,0,0,0,0,55,0,0,0,12,12,6,2,12,0,0,0,1,1,36262,6,1,0,0,3,0,69,125,0,0,0,0,0,0,0,0,0,0,0,0,0,0,1,2,55,1,5,2,1,0,0,1,62,1,1,1,98,0,0
1,10184,1,1,1,6,4,20,50,8,0,1,1,1,2,20,481,20481,31,1990,2GCEC19K0L12,2,G,C,E,C,1,9,K,0,L,1,2,0,T,CHEV,GC1,PC,90,17,,2,1555,1415,GM4,G,,,8,350,,,,B,4042,06,,42,0,0,000000000,00000000000,0,0,0,1,0,0,0,0,0,0,0,50,0,0,0,12,12,2,3,8,0,0,0,1,1,36553,0,0,0,0,0,0,70,209,0,2,0,0,1,8,2008,4,2009,1,92,0,0,0,1,2,30,1,1,2,1,0,0,1,10,1,1,2,13,0,0