STATE,ST_CASE,VEH_NO,VE_FORMS,NUMOCCS,DAY,MONTH,HOUR,MINUTE,HARM_EV,MAN_COLL,UNITTYPE,HIT_RUN,REG_STAT,OWNER,MAKE,MODEL,MAK_MOD,BODY_TYP,MOD_YEAR,VIN,VIN_1,VIN_2,VIN_3,VIN_4,VIN_5,VIN_6,VIN_7,VIN_8,VIN_9,VIN_10,VIN_11,VIN_12,TOW_VEH,VINTYPE,VINMAKE,VINA_MOD,VIN_BT,VINMODYR,VIN_LNGT,VIN_WGT,WGTCD_TR,WHLBS_LG,WHLBS_SH,SER_TR,FUELCODE,MCYCL_DS,CARBUR,CYLINDER,DISPLACE,MCYCL_CY,MCYCL_WT,TIRE_SZE,TON_RAT,TRK_WT,TRKWTVAR,VIN_REST,WHLDRWHL,J_KNIFE,MCARR_I1,MCARR_I2,MCARR_ID,GVWR,V_CONFIG,CARGO_BT,HAZ_INV,HAZ_PLAC,HAZ_ID,HAZ_CNO,HAZ_REL,BUS_USE,SPEC_USE,EMER_USE,TRAV_SP,UNDERIDE,ROLLOVER,ROLINLOC,IMPACT1,IMPACT2,DEFORMED,TOWED,M_HARM,VEH_SC1,VEH_SC2,FIRE_EXP,DR_PRES,L_STATE,DR_ZIP,L_STATUS,L_TYPE,CDL_STAT,L_ENDORS,L_COMPL,L_RESTRI,DR_HGT,DR_WGT,PREV_ACC,PREV_SUS,PREV_DWI,PREV_SPD,PREV_OTH,FIRST_MO,FIRST_YR,LAST_MO,LAST_YR,SPEEDREL,DR_SF1,DR_SF2,DR_SF3,DR_SF4,VTRAFWAY,VNUM_LAN,VSPD_LIM,VALIGN,VPROFILE,VPAVETYP,VSURCOND,VTRAFCON,VTCONT_F,P_CRASH1,P_CRASH2,P_CRASH3,PCRASH4,PCRASH5,ACC_TYPE,DEATHS,DR_DRINK
1,10185,1,1,1,9,4,10,45,35,0,1,0,28,1,72,706,72706,80,2008,1HD1FF4198Y7,1,H,D,1,F,F,4,1,9,8,Y,7,0,M,HD,FHC,RS,8,17,,,,,,,1584,,2,,4,828,,,,,,,0,0,000000000,00000000000,0,0,0,1,0,0,0,0,0,0,0,65,0,0,0,12,98,6,2,35,0,0,0,1,28,38668,6,1,0,0,3,0,70,220,0,0,0,0,0,0,0,0,0,0,0,0,0,0,2,2,65,1,6,2,1,0,0,1,13,1,1,4,1,1,0
1,10186,1,1,1,9,4,2,15,42,0,1,0,1,2,37,32,37032,4,1992,1HGCB7678NA1,1,H,G,C,B,7,6,7,8,N,A,1,0,P,HOND,AEX,4D,92,17,2987,,0,1071,,G,,F,4,132,,,15R195,,,,,,0,0,000000000,00000000000,0,0,0,1,0,0,0,0,0,0,0,75,0,0,0,3,3,6,2,42,0,0,0,1,1,35462,6,1,0,0,3,0,71,195,0,0,0,0,0,0,0,0,0,1,58,0,0,0,1,2,40,3,1,2,1,0,0,14,13,6,4,4,7,1,0
1,10187,1,2,2,9,4,9,30,12,8,1,0,1,2,64,33,64033,4,2001,KLAVB69211B3,K,L,A,V,B,6,9,2,1,1,B,3,0,P,DAEW,LGS,4D,1,17,3102,,0,1051,,G,,F,4,134,,,15R205,,,,,,0,0,000000000,00000000000,0,0,0,1,0,0,0,0,0,0,0,70,0,0,0,10,98,6,2,12,0,0,0,1,1,36117,6,1,0,0,3,0,64,106,1,0,0,0,0,4,2011,4,2011,0,99,99,99,99,2,4,65,3,6,2,1,0,0,14,13,6,3,6,66,1,0
1,10187,2,2,2,9,4,9,30,12,8,1,0,13,1,49,32,49032,4,2009,JTDBL40E5990,J,T,D,B,L,4,0,E,5,9,9,0,0,P,TOYT,CLB,4D,9,17,2723,,0,1024,,G,,F,4,110,,,15R195,,,,,,0,0,000000000,00000000000,0,0,0,1,0,0,0,0,0,0,0,65,0,0,0,10,98,6,2,12,0,0,0,1,13,30005,6,1,0,0,3,1,70,210,98,0,0,0,0,0,0,0,0,0,0,0,0,0,2,2,65,1,6,2,1,0,0,1,62,7,1,1,66,0,0
1,10188,1,1,2,10,4,23,15,1,0,1,0,92,0,53,705,53705,80,2006,JS1GN7DA8621,J,S,1,G,N,7,D,A,8,6,2,1,0,M,SUZI,K6R,RC,6,17,,,,,,,599,,4,,4,354,,,,,,,0,0,000000000,00000000000,0,0,0,1,0,0,0,0,0,0,0,75,0,0,0,0,98,6,2,1,0,0,0,1,1,36613,6,1,6,0,2,0,73,145,0,0,0,0,1,5,2009,5,2009,0,0,0,0,0,1,2,45,3,1,2,1,0,0,14,13,1,1,4,1,2,1
1,10189,1,1,1,13,4,22,52,42,0,1,0,1,2,12,13,12013,4,1998,1FAFP13P9WW2,1,F,A,F,P,1,3,P,9,W,W,2,0,P,FORD,ESS,4D,98,17,2468,,0,984,,G,,F,4,122,,,14R185,,,,,,0,0,000000000,00000000000,0,0,0,1,0,0,0,0,0,0,0,65,0,0,0,2,2,6,2,42,0,0,0,1,1,35184,6,1,0,0,3,0,70,165,0,0,0,0,0,0,0,0,0,1,58,0,0,0,1,2,45,3,6,2,1,0,0,14,12,6,4,4,7,1,0
1,10190,1,1,1,15,4,0,1,34,0,1,0,1,1,37,705,37705,80,2004,ZDCPC36084F0,Z,D,C,P,C,3,6,0,8,4,F,0,0,M,HOND,C6F,RS,4,17,,,,,,,600,,4,,4,999,,,,,,,0,0,000000000,00000000000,0,0,0,1,0,0,0,0,0,0,0,65,0,0,0,12,98,6,2,42,0,0,0,1,1,36523,6,1,0,0,3,0,67,149,1,0,0,2,0,11,2008,1,2011,0,99,99,99,99,1,2,55,1,1,2,1,0,0,1,12,1,1,4,6,1,1
1,10191,1,2,1,21,4,12,20,12,6,1,0,1,1,18,2,18002,4,1990,1G4HP54C4LH4,1,G,4,H,P,5,4,C,4,L,H,4,0,P,BUIC,LCF,4D,90,17,3175,,0,1108,,G,,F,6,231,,,14R205,,,,,,0,0,000000000,00000000000,0,0,0,1,0,0,0,0,0,0,0,10,0,0,0,9,9,6,2,12,0,0,0,1,1,35903,6,1,0,0,3,0,69,200,0,0,0,0,0,0,0,0,0,0,38,0,0,0,1,2,35,1,5,2,1,20,3,1,55,1,1,1,89,1,0
1,10191,2,2,1,21,4,12,20,12,6,1,0,1,1,14,4,14004,2,1993,1MEPM6248PH6,1,M,E,P,M,6,2,4,8,P,H,6,0,P,MERC,XR7,2D,93,17,3800,,0,1130,,G,,F,6,232,,,16R225,,,,,,0,0,000000000,00000000000,0,0,0,1,0,0,0,0,0,0,0,65,0,0,0,12,12,6,2,12,0,0,0,1,1,35903,6,1,0,0,3,1,62,180,0,0,0,0,0,0,0,0,0,0,0,0,0,0,2,2,65,1,1,2,1,0,0,1,66,4,1,1,88,0,0
1,10192,1,3,1,6,4,12,14,12,7,1,0,1,2,49,40,49040,4,2001,4T1BF22K71U1,4,T,1,B,F,2,2,K,7,1,U,1,0,P,TOYT,XLL,4D,1,17,3175,,0,1051,,G,,F,6,183,,,15R205,,,,,,0,0,000000000,00000000000,0,0,0,1,0,0,0,0,0,0,0,55,0,0,0,7,98,6,2,12,0,0,0,1,1,35007,6,1,0,0,3,0,69,150,0,0,0,2,0,5,2009,8,2009,0,38,27,0,0,1,2,45,1,1,2,1,40,3,15,53,1,1,1,47,1,0
1,10192,2,3,1,6,4,12,14,12,7,1,0,1,2,12,481,12481,31,2008,1FTPX12V58FA,1,F,T,P,X,1,2,V,5,8,F,A,1,T,FORD,F15,4C,8,17,,2,1630,1330,COF,F,,,8,329,,,,B,4881,02,E,42,1,0,000000000,00000000000,0,0,0,1,0,0,0,0,0,0,0,55,0,0,0,1,1,2,3,12,0,0,0,1,1,35124,6,1,0,0,3,0,67,160,1,0,0,0,0,8,2010,8,2010,1,0,0,0,0,1,2,45,1,1,2,1,40,3,1,61,1,1,1,45,0,1
1,10192,3,3,1,6,4,12,14,12,7,1,0,1,1,20,481,20481,31,1999,1GCEK19T9XE1,1,G,C,E,K,1,9,T,9,X,E,1,0,T,CHEV,SK1,3C,99,17,,2,1575,1435,SIL,G,,,8,325,,,,B,4621,00,,44,0,0,000000000,00000000000,0,0,0,1,0,0,0,0,0,0,0,45,0,0,0,12,12,6,2,12,0,0,0,1,1,35242,6,1,0,0,3,0,73,170,0,1,0,0,0,4,2008,4,2008,0,89,0,0,0,1,2,45,1,1,2,1,40,3,1,62,1,1,1,98,0,0
1,10193,1,1,1,10,4,6,40,32,0,1,0,1,1,20,35,20035,3,1990,J81RT2357L75,J,8,1,R,T,2,3,5,7,L,7,5,0,P,GEO,GSG,2H,90,17,2392,,0,965,,G,,F,4,097,,,14R185,,,,,,0,0,000000000,00000000000,0,0,0,1,0,0,0,0,0,0,0,55,0,1,5,12,98,6,2,1,0,0,0,1,1,35633,6,1,0,0,3,0,63,150,0,0,0,0,0,0,0,0,0,0,0,0,0,0,1,2,55,1,6,2,1,0,0,1,12,1,1,4,6,1,0
1,10194,1,1,1,11,4,14,30,38,0,1,0,1,1,53,705,53705,80,2001,JS1GN7BA5121,J,S,1,G,N,7,B,A,5,1,2,1,0,M,SUZI,G60,RC,1,17,,,,,,,600,,4,,4,359,,,,,,,0,0,000000000,00000000000,0,0,0,1,0,0,0,0,0,0,0,100,0,0,0,12,98,6,2,38,0,0,0,1,1,36323,6,1,0,0,3,0,67,165,0,1,0,1,1,6,2010,10,2010,1,0,0,0,0,1,2,45,2,6,2,1,0,0,14,12,1,1,4,6,1,0
1,10195,1,3,1,11,4,8,45,12,6,1,0,1,2,12,481,12481,31,1999,1FTRX18WXXNA,1,F,T,R,X,1,8,W,X,X,N,A,0,T,FORD,F15,4C,99,17,,2,1574,1388,COF,G,,,8,281,,,,B,00000,00,U,44,0,0,000000000,00000000000,0,0,0,1,0,0,0,0,0,0,0,40,0,0,0,12,12,6,2,12,0,0,0,1,1,36575,6,1,0,0,3,0,66,155,0,0,0,2,0,6,2008,7,2010,0,89,92,0,0,2,2,30,3,5,2,1,3,3,14,66,1,1,1,69,0,0
1,10195,2,3,1,11,4,8,45,12,6,1,0,1,1,49,38,49038,2,1988,JT2EL31D5J02,J,T,2,E,L,3,1,D,5,J,0,2,0,P,TOYT,TER,CP,88,17,2000,,0,937,,G,,2,4,089,,,13R155,,,,,,0,0,000000000,00000000000,0,0,0,1,0,0,0,0,0,0,0,10,0,0,0,62,98,6,2,12,0,0,0,1,1,36613,6,1,6,0,3,1,68,196,0,0,0,0,0,0,0,0,0,0,38,0,0,0,2,2,30,3,6,2,1,3,3,11,55,1,1,1,68,1,0
1,10195,3,3,1,11,4,8,45,12,6,1,0,1,1,37,32,37032,4,2009,1HGCP36849A0,1,H,G,C,P,3,6,8,4,9,A,0,0,P,HOND,AXL,4D,9,17,3600,,0,1102,,G,,F,6,214,,,17R225,,,,,,0,0,000000000,00000000000,0,0,0,1,0,0,0,0,0,0,0,0,0,0,0,12,12,6,2,12,0,0,0,1,1,36608,6,1,0,0,3,0,72,185,0,0,0,0,0,0,0,0,0,0,89,0,0,0,1,2,30,1,1,2,1,3,3,5,67,1,1,1,98,0,0
1,10196,1,1,1,12,4,21,10,1,0,1,0,92,0,76,709,76709,80,2009,JYARJ18Y09A0,J,Y,A,R,J,1,8,Y,0,9,A,0,0,M,YAMA,Z6R,RC,9,17,,,,,,,600,,4,,4,467,,,,,,,0,0,000000000,00000000000,0,0,0,1,0,0,0,0,0,0,0,55,0,0,0,0,98,6,2,1,0,0,0,1,1,36274,6,1,0,0,2,1,80,220,0,0,0,0,0,0,0,0,0,0,89,58,0,0,1,2,55,3,1,2,1,0,0,14,10,99,1,2,98,1,0
1,10197,1,1,1,12,4,20,50,8,0,1,1,1,2,12,481,12481,31,2003,1FTRW07L03KD,1,F,T,R,W,0,7,L,0,3,K,D,0,T,FORD,F1S,CW,3,17,,2,0,1385,COF,G,,,8,330,,,,B,4655,00,U,42,0,0,000000000,00000000000,0,0,0,1,0,0,0,0,0,0,0,45,0,0,0,12,12,2,1,8,0,0,0,1,1,35976,6,1,0,0,3,1,64,135,0,0,0,0,0,0,0,0,0,0,89,0,0,0,1,2,45,1,1,2,1,0,0,1,80,1,1,1,13,0,0
1,10198,1,1,1,14,4,2,15,42,0,1,0,1,2,20,36,20036,2,2002,2G1WX15K6292,2,G,1,W,X,1,5,K,6,2,9,2,0,P,CHEV,MSS,CP,2,17,3395,,0,1105,,G,,F,6,231,,,16R225,,,,,,0,0,000000000,00000000000,0,0,0,1,0,0,0,0,0,0,0,70,0,0,0,9,9,6,2,42,0,0,0,1,1,36006,6,1,0,0,3,0,66,120,0,0,0,0,0,0,0,0,0,1,89,58,0,0,1,2,55,1,6,2,1,0,0,1,13,6,3,4,7,1,0
1,10199,1,2,4,15,4,23,15,12,6,1,0,1,1,12,17,12017,4,1997,1FALP53S6VA1,1,F,A,L,P,5,3,S,6,V,A,1,0,P,FORD,TAX,4D,97,17,0,,0,1085,,G,,F,6,182,,,15R205,,,,,,0,0,000000000,00000000000,0,0,0,1,0,0,0,0,0,0,0,45,0,0,0,9,9,6,2,12,0,0,0,1,1,35805,6,1,0,0,3,1,65,140,0,0,0,1,0,10,2010,10,2010,0,39,0,0,0,1,2,45,1,1,2,2,20,3,1,55,1,1,1,89,1,0
1,10199,2,2,1,15,4,23,15,12,6,1,0,47,1,20,481,20481,31,1997,2GCEK19R5V12,2,G,C,E,K,1,9,R,5,V,1,2,0,T,CHEV,GK1,PC,97,17,,2,1555,1415,GM4,G,,,8,350,,,,B,4544,00,,44,0,0,000000000,00000000000,0,0,0,1,0,0,0,0,0,0,0,60,0,0,0,12,12,6,2,12,0,0,0,1,47,35802,6,1,0,0,3,0,73,205,0,0,0,0,0,0,0,0,0,0,0,0,0,0,2,2,60,1,1,2,2,0,0,1,66,1,1,1,88,0,0
1,10200,1,1,1,16,4,19,50,34,0,1,0,0,0,73,739,73739,90,2008,000000000000,0,0,0,0,0,0,0,0,0,0,0,0,0,,,,,,,,,,,,,,,,,,,,,,,,,0,0,000000000,00000000000,0,0,0,1,0,0,0,0,0,0,0,50,0,1,5,98,98,6,2,42,0,0,0,1,1,35901,6,1,0,0,3,0,72,225,0,0,0,0,0,0,0,0,0,1,0,0,0,0,1,2,35,1,1,2,1,0,0,1,13,1,1,4,1,1,1
1,10201,1,2,1,16,4,14,0,12,2,1,0,1,1,7,472,7472,30,2008,1D7HE48K58S5,1,D,7,H,E,4,8,K,5,8,S,5,0,T,DODG,DQS,CW,8,17,,2,0,1313,DAK,G,,,6,225,,,,B,4437,00,E,42,0,0,000000000,00000000000,0,0,0,1,0,0,0,0,0,0,0,30,0,0,0,12,12,6,2,12,0,0,0,1,1,36609,6,1,0,0,3,1,70,140,0,2,0,0,0,9,2009,7,2010,0,89,38,92,0,1,4,45,1,6,2,1,3,3,11,55,1,1,1,68,0,0
1,10201,2,2,2,16,4,14,0,12,2,1,0,1,2,37,31,37031,2,2003,1HGEM22913L0,1,H,G,E,M,2,2,9,1,3,L,0,0,P,HOND,UAX,CP,3,17,2553,,0,1031,,G,,F,4,102,,,14R185,,,,,,0,0,000000000,00000000000,0,0,0,1,0,0,0,0,0,0,0,45,0,0,0,12,12,6,2,12,0,0,0,1,1,36695,2,1,0,0,2,0,68,175,0,4,0,0,1,4,2008,3,2011,0,0,0,0,0,1,2,45,1,6,2,1,3,3,1,66,1,1,1,69,1,1
1,10202,1,1,2,19,4,12,20,32,0,1,0,1,2,21,1,21001,2,1985,1G3GR47A6FP3,1,G,3,G,R,4,7,A,6,F,P,3,0,P,OLDS,CSU,CP,85,17,3108,,0,1081,,G,,2,6,231,,,14R195,,,,,,0,0,000000000,00000000000,0,0,0,1,0,0,0,0,0,0,0,60,0,1,5,4,98,6,2,1,0,0,0,1,1,35160,6,1,0,0,3,0,67,130,0,1,0,0,0,4,2009,4,2009,1,0,0,0,0,1,2,45,3,1,2,1,0,0,14,12,1,4,4,7,1,0
1,10203,1,2,1,20,4,16,7,12,6,1,0,1,1,12,3,12003,2,2000,1FAFP4046YF2,1,F,A,F,P,4,0,4,6,Y,F,2,0,P,FORD,MUS,CP,0,17,3066,,0,1013,,G,,F,6,232,,,15R205,,,,,,0,0,000000000,00000000000,0,0,0,1,0,0,0,0,0,0,0,55,0,0,0,3,98,6,2,12,0,0,1,1,1,35759,6,1,0,0,3,0,68,195,1,0,0,0,0,7,2009,7,2009,0,58,0,0,0,1,2,45,1,6,2,1,0,0,1,13,6,4,2,66,1,0
1,10203,2,2,1,20,4,16,7,12,6,1,0,1,2,49,472,49472,30,2011,3TMJU4GN1BM1,3,T,M,J,U,4,G,N,1,B,M,1,0,T,TOYT,DCP,CW,11,17,,1,0,1278,TAC,G,,,6,244,,,,B,3810,00,W,42,0,0,000000000,00000000000,0,0,0,1,0,0,0,0,0,0,0,45,0,0,0,12,98,6,2,12,0,0,0,1,1,35773,6,1,0,0,3,0,73,205,1,0,0,0,0,7,2008,7,2008,0,89,0,0,0,1,2,45,1,5,2,1,0,0,1,62,7,1,1,66,0,0
1,10204,1,2,2,23,4,23,15,12,6,1,0,1,1,20,2,20002,4,2002,2G1WF55E3291,2,G,1,W,F,5,5,E,3,2,9,1,0,P,CHEV,IMP,4D,2,17,3389,,0,1105,,G,,F,6,207,,,16R225,,,,,,0,0,000000000,00000000000,0,0,0,1,0,0,0,0,0,0,0,999,0,0,0,3,98,6,2,12,0,0,0,1,1,35579,6,1,6,0,3,0,71,170,0,1,0,1,2,4,2009,10,2010,0,38,39,0,0,1,2,65,1,5,2,1,20,3,1,55,1,1,1,87,1,0
1,10204,2,2,2,23,4,23,15,12,6,1,0,1,2,23,421,23421,15,2003,1GKEC13Z03J3,1,G,K,E,C,1,3,Z,0,3,J,3,0,T,GMC,YUK,4W,3,17,,2,0,1160,YUK,F,,,8,325,,,,B,4875,00,4,42,0,0,000000000,00000000000,0,0,0,1,0,0,0,0,0,0,0,65,0,0,0,12,12,6,2,12,0,0,0,1,1,35501,6,1,0,0,3,1,63,150,0,0,0,0,0,0,0,0,0,0,0,0,0,0,2,2,65,2,1,2,1,0,0,14,66,1,1,1,86,0,0
1,10205,1,2,4,23,4,13,53,12,2,1,0,51,2,37,441,37441,20,2002,2HKRL186X2H5,2,H,K,R,L,1,8,6,X,2,H,5,0,P,HOND,UDY,SV,2,17,4354,,0,1181,,G,,F,6,212,,,16R225,,,,,,0,0,000000000,00000000000,0,0,0,1,0,0,0,0,0,0,0,60,0,1,1,12,98,6,2,1,0,0,0,1,51,23139,6,1,0,0,3,0,65,117,0,0,0,0,0,0,0,0,0,0,38,39,0,0,1,2,60,1,1,2,1,3,3,1,55,8,1,1,90,1,0
1,10205,2,2,5,23,4,13,53,12,2,1,0,1,1,20,443,20443,20,2005,1GNDV23E15D1,1,G,N,D,V,2,3,E,1,5,D,1,0,P,CHEV,VTR,SV,5,17,3838,,0,1200,,G,,F,6,207,,,000000,,,,,,0,0,000000000,00000000000,0,0,0,1,0,0,0,0,0,0,0,10,0,0,0,12,12,2,1,12,0,0,0,1,1,35611,6,1,0,0,3,0,72,210,0,0,0,1,0,8,2009,8,2009,0,0,0,0,0,1,2,45,1,1,2,1,3,3,1,66,1,1,1,90,0,0
1,10206,1,1,1,23,4,19,30,1,0,1,0,1,1,76,706,76706,80,2007,JYAVP17E07A0,J,Y,A,V,P,1,7,E,0,7,A,0,0,M,YAMA,X17,RS,7,17,,,,,,,1670,,2,,4,688,,,,,,,0,0,000000000,00000000000,0,0,0,1,0,0,0,0,0,0,0,65,0,0,0,0,98,6,2,42,0,0,0,1,1,36736,6,1,0,0,3,0,69,162,0,0,0,1,0,3,2011,3,2011,1,0,0,0,0,1,2,45,2,1,2,1,0,0,14,10,1,1,2,98,1,1
1,10207,1,1,1,27,4,2,30,52,0,1,0,1,2,22,16,22016,2,2003,1G2JB12F5371,1,G,2,J,B,1,2,F,5,3,7,1,0,P,PONT,SFR,CP,3,17,2771,,0,1041,,G,,F,4,134,,,14R195,,,,,,0,0,000000000,00000000000,0,0,0,1,0,0,0,0,0,0,0,55,0,1,5,12,98,6,2,1,0,0,0,1,1,35904,6,1,0,0,3,0,61,135,0,0,0,0,1,7,2008,7,2008,0,89,0,0,0,1,2,55,1,6,2,1,0,0,1,13,1,1,4,1,1,0
1,10208,1,1,2,9,4,0,36,30,0,1,0,1,1,20,471,20471,30,1991,1GCCT19Z2M83,1,G,C,C,T,1,9,Z,2,M,8,3,0,T,CHEV,S14,PC,91,17,,1,0,1229,S,G,,,6,262,,,,B,3262,01,,44,0,0,000000000,00000000000,0,0,0,1,0,0,0,0,0,0,0,999,0,0,0,10,98,6,2,30,0,0,0,1,1,35006,6,1,0,0,3,0,69,220,0,0,0,0,0,0,0,0,0,1,0,0,0,0,1,2,40,4,1,2,1,0,0,6,12,1,1,4,6,1,0
1,10209,1,1,1,10,4,14,25,38,0,1,0,1,2,23,401,23401,14,2005,1GKDS13S4522,1,G,K,D,S,1,3,S,4,5,2,2,0,T,GMC,ENV,4W,5,17,,1,0,1130,ENV,G,,,6,256,,,,B,4417,00,E,42,0,0,000000000,00000000000,0,0,0,1,0,0,0,0,0,0,0,70,0,1,5,1,98,6,2,1,0,0,0,1,1,36738,6,1,0,0,3,1,73,191,0,0,0,0,0,0,0,0,0,0,0,0,0,0,1,2,55,2,1,2,1,0,0,14,13,1,1,4,1,1,1
1,10210,1,1,1,15,4,12,25,42,0,1,0,1,1,37,31,37031,2,2008,2HGFG128X8H5,2,H,G,F,G,1,2,8,X,8,H,5,0,P,HOND,UAX,CP,8,17,2769,,0,1043,,G,,F,4,110,,,16R205,,,,,,0,0,000000000,00000000000,0,0,0,1,0,0,0,0,0,0,0,70,0,0,0,3,3,6,2,42,0,0,0,1,1,35051,6,1,0,0,3,1,75,175,0,2,0,2,2,5,2009,2,2010,1,0,0,0,0,1,2,55,3,5,2,1,0,0,14,6,6,4,4,7,1,1
1,10211,1,1,1,30,4,6,30,42,0,1,0,1,2,12,13,12013,4,1998,1FAFP10P8WW2,1,F,A,F,P,1,0,P,8,W,W,2,0,P,FORD,LXE,4D,98,17,2457,,0,984,,G,,F,4,122,,,14R185,,,,,,0,0,000000000,00000000000,0,0,0,1,0,0,0,0,0,0,0,60,0,0,0,10,10,6,2,42,0,0,0,1,1,36089,6,1,0,0,3,0,73,160,0,4,4,4,3,7,2008,3,2011,1,92,0,0,0,1,2,45,1,1,2,1,0,0,1,13,1,3,4,2,1,1
1,10212,1,1,1,18,4,20,21,1,0,1,0,1,1,23,481,23481,31,2004,1GTEK14T64Z1,1,G,T,E,K,1,4,T,6,4,Z,1,0,T,GMC,NK1,PK,4,17,,2,1330,1190,SIE,G,,,8,325,,,,B,4439,00,4,44,0,0,000000000,00000000000,0,0,0,1,0,0,0,0,0,0,0,45,0,1,1,0,98,6,2,1,0,0,0,1,1,36078,6,1,0,0,3,0,63,120,1,2,0,5,2,3,2009,1,2011,0,58,0,0,0,1,2,45,3,1,2,1,0,0,14,12,7,3,6,98,1,1
1,10213,1,2,1,20,4,8,20,12,6,1,0,40,3,82,883,82883,66,2001,1FUJA3CG91LH,1,F,U,J,A,3,C,G,9,1,L,H,1,T,FRHT,ST2,TR,1,17,,8,0,0,CON,D,,,6,774,,,,,00000,00,,64,1,57,1800502,571800502,3,6,1,1,0,0,0,0,0,0,0,999,0,0,0,12,98,6,2,12,0,0,1,1,1,36870,6,1,6,0,3,0,64,148,1,0,0,0,0,6,2009,6,2009,0,58,0,0,0,1,2,55,3,5,2,1,0,0,14,13,6,4,2,66,1,0
1,10213,2,2,1,20,4,8,20,12,6,1,0,1,4,84,881,84881,66,2007,1HTMMAAN67H3,1,H,T,M,M,A,A,N,6,7,H,3,1,T,INTL,430,CC,7,17,,7,0,0,40S,D,,,6,466,,,,,00000,00,,42,1,57,25667,5725667,3,6,1,1,0,0,0,0,0,0,0,57,0,0,0,10,98,6,2,2,0,0,1,1,1,36607,6,1,6,0,3,0,68,236,0,1,0,0,1,3,2010,12,2010,0,0,0,0,0,1,2,55,2,6,2,1,0,0,14,62,7,1,1,66,0,0
1,10214,1,1,1,22,4,22,40,8,0,1,0,1,2,7,482,7482,31,2001,1B7HC16Y21S1,1,B,7,H,C,1,6,Y,2,1,S,1,0,T,DODG,150,PK,1,17,,2,1347,1187,RPC,G,,,8,318,,,,B,4010,02,U,42,0,0,000000000,00000000000,0,0,0,1,0,0,0,0,0,0,0,60,0,0,0,12,12,4,1,8,0,0,0,1,1,35646,6,1,0,0,3,0,65,150,0,3,0,0,0,5,2009,9,2009,0,0,0,0,0,2,2,65,1,1,2,1,0,0,1,80,1,1,1,13,0,0
1,10215,1,2,7,23,4,7,30,12,7,1,0,13,1,12,461,12461,21,1998,1FMRE1128WHA,1,F,M,R,E,1,1,2,8,W,H,A,0,P,FORD,CLU,SV,98,17,5030,,0,1380,,G,,F,6,256,,,15R235,,,,,,0,0,000000000,00000000000,0,0,0,1,0,0,0,0,0,0,0,70,0,1,3,1,98,6,2,1,0,0,0,1,13,30126,6,1,0,0,3,1,67,180,98,0,0,0,3,5,2009,8,2010,0,0,0,0,0,2,2,70,1,1,2,1,0,0,1,1,7,2,2,44,1,0
1,10215,2,2,2,23,4,7,30,12,7,1,0,39,3,82,883,82883,66,2006,1FUJA6CV96LW,1,F,U,J,A,6,C,V,9,6,L,W,1,T,FRHT,COL,TR,6,17,,8,0,0,CON,D,,,6,782,,,,,00000,00,,64,1,57,330229,57330229,3,6,1,1,0,0,0,0,0,0,0,70,0,0,0,8,8,2,1,12,0,0,0,1,37,28168,6,1,6,0,3,1,61,999,0,0,0,0,0,0,0,0,0,0,0,0,0,0,2,2,70,1,1,2,1,0,0,1,60,1,1,1,45,0,0
1,10216,1,1,1,24,4,19,4,34,0,1,0,13,1,12,481,12481,31,1998,1FTRF08L2WKA,1,F,T,R,F,0,8,L,2,W,K,A,0,T,FORD,F15,PK,98,17,,2,0,1200,COF,G,,,8,330,,,,B,4337,03,E,44,0,0,000000000,00000000000,0,0,0,1,0,0,0,0,0,0,0,65,0,1,5,12,98,6,2,34,0,0,0,1,13,30182,6,1,0,0,3,0,69,150,98,0,0,0,1,1,2010,1,2010,0,8,0,0,0,1,2,40,1,3,1,1,0,0,1,12,1,1,4,6,1,1
1,10217,1,2,3,29,4,11,25,12,1,1,0,1,2,49,32,49032,4,2008,1NXBR32EX8Z9,1,N,X,B,R,3,2,E,X,8,Z,9,0,P,TOYT,UCS,4D,8,17,2530,,0,1024,,G,,F,4,110,,,15R185,,,,,,0,0,000000000,00000000000,0,0,0,1,0,0,0,0,0,0,0,65,0,0,0,12,12,6,2,12,0,0,0,1,1,35504,6,1,0,0,3,0,64,150,0,0,0,0,0,0,0,0,0,0,0,0,0,0,2,2,65,2,6,2,1,0,0,14,52,1,1,1,28,0,0
1,10217,2,2,2,29,4,11,25,12,1,1,0,1,1,20,471,20471,30,2004,1GCDT13X04K1,1,G,C,D,T,1,3,X,0,4,K,1,0,T,CHEV,S14,CW,4,17,,1,0,1229,S,G,,,6,262,,,,B,4083,00,,44,0,0,000000000,00000000000,0,0,0,1,0,0,0,0,0,0,0,15,0,1,3,6,98,6,2,12,0,0,0,1,1,35580,6,1,6,0,3,1,70,180,0,0,0,0,0,0,0,0,0,0,0,0,0,0,2,2,65,2,6,2,1,0,0,11,53,1,1,1,30,1,0
1,10218,1,1,1,10,4,19,14,8,0,1,0,1,1,20,19,20019,4,1994,1G1LD55M2RY2,1,G,1,L,D,5,5,M,2,R,Y,2,0,P,CHEV,CSA,4D,94,17,2665,,0,1034,,G,,F,6,191,,,14R185,,,,,,0,0,000000000,00000000000,0,0,0,1,0,0,0,0,0,0,0,39,0,0,0,12,12,4,1,8,0,0,0,1,1,35204,6,1,0,0,3,1,74,180,2,0,0,0,1,1,2009,5,2010,0,92,0,0,0,1,2,30,1,1,2,1,0,0,1,80,1,1,1,13,0,0
1,10219,1,2,1,5,5,7,52,12,6,1,0,1,1,19,3,19003,4,1996,1G6KD52Y1TU2,1,G,6,K,D,5,2,Y,1,T,U,2,0,P,CADI,DFW,4D,96,17,3758,,0,1138,,G,,F,8,279,,,15R225,,,,,,0,0,000000000,00000000000,0,0,0,1,0,0,0,0,0,0,0,5,0,0,0,4,4,4,1,12,0,0,0,1,1,36350,6,1,0,0,3,0,68,235,1,0,0,0,0,12,2010,12,2010,0,89,38,0,0,1,2,35,1,1,2,1,0,0,13,55,1,1,1,92,0,0