STATE,ST_CASE,VEH_NO,VE_FORMS,NUMOCCS,DAY,MONTH,HOUR,MINUTE,HARM_EV,MAN_COLL,UNITTYPE,HIT_RUN,REG_STAT,OWNER,MAKE,MODEL,MAK_MOD,BODY_TYP,MOD_YEAR,VIN,VIN_1,VIN_2,VIN_3,VIN_4,VIN_5,VIN_6,VIN_7,VIN_8,VIN_9,VIN_10,VIN_11,VIN_12,TOW_VEH,VINTYPE,VINMAKE,VINA_MOD,VIN_BT,VINMODYR,VIN_LNGT,VIN_WGT,WGTCD_TR,WHLBS_LG,WHLBS_SH,SER_TR,FUELCODE,MCYCL_DS,CARBUR,CYLINDER,DISPLACE,MCYCL_CY,MCYCL_WT,TIRE_SZE,TON_RAT,TRK_WT,TRKWTVAR,VIN_REST,WHLDRWHL,J_KNIFE,MCARR_I1,MCARR_I2,MCARR_ID,GVWR,V_CONFIG,CARGO_BT,HAZ_INV,HAZ_PLAC,HAZ_ID,HAZ_CNO,HAZ_REL,BUS_USE,SPEC_USE,EMER_USE,TRAV_SP,UNDERIDE,ROLLOVER,ROLINLOC,IMPACT1,IMPACT2,DEFORMED,TOWED,M_HARM,VEH_SC1,VEH_SC2,FIRE_EXP,DR_PRES,L_STATE,DR_ZIP,L_STATUS,L_TYPE,CDL_STAT,L_ENDORS,L_COMPL,L_RESTRI,DR_HGT,DR_WGT,PREV_ACC,PREV_SUS,PREV_DWI,PREV_SPD,PREV_OTH,FIRST_MO,FIRST_YR,LAST_MO,LAST_YR,SPEEDREL,DR_SF1,DR_SF2,DR_SF3,DR_SF4,VTRAFWAY,VNUM_LAN,VSPD_LIM,VALIGN,VPROFILE,VPAVETYP,VSURCOND,VTRAFCON,VTCONT_F,P_CRASH1,P_CRASH2,P_CRASH3,PCRASH4,PCRASH5,ACC_TYPE,DEATHS,DR_DRINK
1,10219,2,2,1,5,5,7,52,12,6,1,0,1,1,53,705,53705,80,1994,JS1GN76A1R21,J,S,1,G,N,7,6,A,1,R,2,1,0,M,SUZI,RF6,RC,94,17,,,,,,,599,,4,,4,429,,,,,,,0,0,000000000,00000000000,0,0,0,1,0,0,0,0,0,0,0,45,0,0,0,12,12,6,2,12,0,0,0,1,1,36350,6,1,0,0,2,0,70,176,1,0,0,1,1,2,2009,5,2010,1,0,0,0,0,1,2,35,1,1,2,1,0,0,1,56,3,1,1,93,1,0
1,10220,1,2,1,6,5,8,33,12,2,1,0,1,2,20,22,20022,4,2008,1G1AK58F8871,1,G,1,A,K,5,8,F,8,8,7,1,0,P,CHEV,BLS,4D,8,17,3216,,0,1033,,G,,F,4,134,,,15R195,,,,,,0,0,000000000,00000000000,0,0,0,1,0,0,0,0,0,0,0,999,0,0,0,12,12,6,2,12,0,0,0,1,1,35040,6,1,0,0,3,0,68,165,0,0,0,0,0,0,0,0,0,0,0,0,0,0,1,2,45,1,1,2,1,0,0,1,10,1,1,2,50,1,0
1,10220,2,2,1,6,5,8,33,12,2,1,0,40,4,84,881,84881,66,2006,2HSCESBR86C3,2,H,S,C,E,S,B,R,8,6,C,3,1,T,INTL,92I,TR,6,17,,8,0,0,920,D,,,6,763,,,,,00000,00,,64,1,57,00372163,5700372163,3,6,98,1,0,0,0,0,0,0,0,999,0,0,0,12,12,2,3,12,0,0,0,1,1,35184,6,1,6,0,3,0,72,165,1,0,0,0,0,10,2008,10,2008,0,0,0,0,0,1,2,45,1,1,2,1,0,0,1,62,1,1,1,51,0,0
1,10221,1,1,1,7,5,17,15,30,0,1,0,1,2,49,32,49032,4,1992,1NXAE94A6NZ3,1,N,X,A,E,9,4,A,6,N,Z,3,0,P,TOYT,CDF,4D,92,17,2257,,0,957,,G,,F,4,097,,,000000,,,,,,0,0,000000000,00000000000,0,0,0,1,0,0,0,0,0,0,0,65,0,0,0,9,9,6,2,30,0,0,0,1,1,36612,1,1,0,0,2,0,68,185,0,12,1,0,0,4,2010,10,2010,1,0,0,0,0,1,2,40,1,1,2,1,0,0,1,6,7,3,4,2,1,1
1,10222,1,1,4,2,5,8,10,42,0,1,0,1,2,49,40,49040,4,1990,4T1SV22EXLU2,4,T,1,S,V,2,2,E,X,L,U,2,0,P,TOYT,CLE,4D,90,17,0,,0,1024,,G,,F,4,122,,,14R185,,,,,,0,0,000000000,00000000000,0,0,0,1,0,0,0,0,0,0,0,45,0,0,0,12,12,6,2,42,0,0,0,1,1,35503,6,1,0,0,3,0,75,245,0,0,0,0,0,0,0,0,0,0,0,0,0,0,1,2,45,1,6,2,1,0,0,1,12,1,1,4,6,1,0
1,10223,1,2,2,5,5,21,9,12,6,1,0,1,1,49,482,49482,31,2007,5TBRT54107S4,5,T,B,R,T,5,4,1,0,7,S,4,0,T,TOYT,DBS,CW,7,17,,2,0,1457,TUN,G,,,8,287,,,,B,5090,00,S,42,0,0,000000000,00000000000,0,0,0,1,0,0,0,0,0,0,0,999,0,0,0,2,98,4,1,12,0,0,0,1,1,35215,6,1,0,0,3,1,65,190,2,0,0,1,1,2,2009,10,2010,0,38,0,0,0,1,4,35,1,1,2,1,0,0,11,54,1,1,1,68,0,0
1,10223,2,2,1,5,5,21,9,12,6,1,0,1,1,53,706,53706,80,2002,JS1GT74A3221,J,S,1,G,T,7,4,A,3,2,2,1,0,M,SUZI,XR1,RC,2,17,,,,,,,988,,4,,4,374,,,,,,,0,0,000000000,00000000000,0,0,0,1,0,0,0,0,0,0,0,999,0,0,0,12,98,6,2,12,0,0,0,1,1,35214,6,1,0,0,3,0,66,155,0,1,0,1,1,12,2008,1,2009,0,0,0,0,0,1,2,35,1,1,2,1,0,0,1,62,1,1,1,69,1,0
1,10224,1,1,1,6,5,13,45,52,0,1,0,1,2,20,36,20036,2,1995,2G1WW12MXS93,2,G,1,W,W,1,2,M,X,S,9,3,0,P,CHEV,MLS,CP,95,17,3276,,0,1075,,G,,F,6,191,,,15R205,,,,,,0,0,000000000,00000000000,0,0,0,1,0,0,0,0,0,0,0,999,0,0,0,9,9,6,2,52,0,0,0,1,1,35215,2,1,0,0,2,0,72,180,1,5,2,2,1,10,2008,3,2011,0,58,0,0,0,2,2,60,4,1,1,1,0,0,14,10,7,3,4,2,1,0
1,10225,1,2,1,15,5,8,0,12,2,1,0,1,1,20,37,20037,4,2004,1G1ND52F44M5,1,G,1,N,D,5,2,F,4,4,M,5,0,P,CHEV,CLA,4D,4,17,3106,,0,1070,,G,,F,4,134,,,15R215,,,,,,0,0,000000000,00000000000,0,0,0,1,0,0,0,0,0,0,0,70,0,0,0,12,12,6,2,12,0,0,0,1,1,36037,6,1,0,0,3,0,65,115,1,0,0,1,0,1,2010,3,2010,0,8,0,0,0,2,4,70,1,1,2,1,0,0,1,9,1,2,6,50,1,0
1,10225,2,2,1,15,5,8,0,12,2,1,0,13,2,82,881,82881,66,2006,1FUJAPAV06DU,1,F,U,J,A,P,A,V,0,6,D,U,1,T,FRHT,FL3,TR,6,17,,8,0,0,CON,D,,,6,893,,,,,00000,00,,64,1,57,1305150,571305150,3,6,3,1,0,0,0,0,0,0,0,68,0,0,0,12,98,6,2,12,0,0,0,1,56,82072,6,1,6,0,3,1,70,250,0,0,0,0,0,0,0,0,0,0,0,0,0,0,2,2,70,1,1,2,1,0,0,1,62,7,1,1,51,0,0
1,10226,1,1,1,8,4,0,27,30,0,1,0,1,2,55,401,55401,14,2007,5NMSG73D17H0,5,N,M,S,G,7,3,D,1,7,H,0,0,P,HYUN,SAN,UT,7,17,3903,,0,1063,,G,,F,6,162,,,16R235,,,,,,0,0,000000000,00000000000,0,0,0,1,0,0,0,0,0,0,0,65,0,0,0,12,98,6,2,30,0,0,0,1,1,35242,6,1,0,0,3,0,69,165,0,0,0,0,0,0,0,0,0,0,89,0,0,0,1,2,45,1,1,2,1,0,0,1,13,1,1,4,1,1,0
1,10227,1,1,1,2,6,14,36,10,0,1,0,1,1,53,705,53705,80,2006,JS1VP53A8621,J,S,1,V,P,5,3,A,8,6,2,1,0,M,SUZI,SV6,RC,6,17,,,,,,,645,,2,,4,363,,,,,,,0,0,000000000,00000000000,0,0,0,1,0,0,0,0,0,0,0,999,0,0,0,12,98,6,2,10,0,0,0,1,1,35215,6,1,0,0,3,0,69,190,0,0,0,0,0,0,0,0,0,0,39,0,0,0,1,2,35,1,5,2,1,65,3,1,91,98,1,1,15,1,0
1,10228,1,1,1,2,4,22,5,8,0,1,1,99,9,7,499,7499,30,9999,999999999999,9,9,9,9,9,9,9,9,9,9,9,9,0,,,,,,,,,,,,,,,,,,,,,,,,,0,0,000000000,00000000000,0,0,0,1,0,0,0,0,0,0,0,999,0,0,0,12,12,9,1,8,0,0,0,1,99,99999,9,9,99,9,9,9,999,999,99,99,99,99,99,99,9999,99,9999,9,99,99,99,99,5,3,45,1,1,2,1,0,0,6,80,1,1,1,13,0,0
1,10229,1,1,4,13,5,15,55,1,0,1,0,1,2,20,421,20421,15,2003,1GNEC13V63J2,1,G,N,E,C,1,3,V,6,3,J,2,0,P,CHEV,CTA,UT,3,17,4828,,0,1160,,G,,F,8,293,,,16R265,,,,,,0,0,000000000,00000000000,0,0,0,1,0,0,0,0,0,0,0,999,0,1,5,0,98,6,2,1,0,0,0,1,1,35215,6,2,0,0,3,1,72,175,1,0,0,0,0,5,2011,5,2011,1,58,0,0,0,1,2,35,1,1,2,2,0,0,1,13,8,4,4,2,1,0
1,10230,1,1,1,2,5,20,54,42,0,1,0,1,2,52,472,52472,31,2007,1Z7HC28K67S2,1,Z,7,H,C,2,8,K,6,7,S,2,0,T,MITS,RLS,CW,7,17,,2,0,1313,RAI,G,,,6,226,,,,,4415,00,U,42,0,0,000000000,00000000000,0,0,0,1,0,0,0,0,0,0,0,999,0,0,0,12,98,6,2,42,0,0,1,1,1,35550,6,1,0,0,3,0,62,160,0,0,0,0,0,0,0,0,0,1,89,0,0,0,1,2,35,1,6,2,1,0,0,1,12,7,3,4,2,1,0
1,10231,1,3,1,18,4,21,50,12,2,1,0,1,2,20,36,20036,2,1995,2G1WW12M0S91,2,G,1,W,W,1,2,M,0,S,9,1,0,P,CHEV,MLS,CP,95,17,3276,,0,1075,,G,,F,6,191,,,15R205,,,,,,0,0,000000000,00000000000,0,0,0,1,0,0,0,0,0,0,0,999,0,0,0,12,98,6,2,12,0,0,0,1,5,72047,6,1,0,0,3,0,72,200,0,0,0,1,0,5,2009,5,2009,0,33,35,0,0,1,2,45,1,3,2,1,0,0,6,54,1,1,1,50,0,1
1,10231,2,3,2,18,4,21,50,12,2,1,0,1,1,20,401,20401,14,1992,1GNDT13W9N21,1,G,N,D,T,1,3,W,9,N,2,1,0,P,CHEV,S10,UT,92,17,3697,,0,1070,,G,,F,6,262,,,15R205,,,,,,0,0,000000000,00000000000,0,0,0,1,0,0,0,0,0,0,0,999,0,0,0,12,12,6,2,12,0,0,0,1,1,35553,6,1,0,0,3,0,63,120,0,0,0,0,0,0,0,0,0,0,0,0,0,0,1,2,45,1,3,2,1,0,0,1,54,1,1,1,51,2,0
1,10231,3,3,1,18,4,21,50,12,2,1,0,1,1,12,481,12481,31,1995,1FTHF25H3SNA,1,F,T,H,F,2,5,H,3,S,N,A,0,T,FORD,F25,PK,95,17,,2,0,1330,COF,G,,,8,351,,,,C,4230,02,A,42,0,0,000000000,00000000000,0,0,0,1,0,0,0,0,0,0,0,999,0,0,0,7,7,2,1,12,0,0,0,1,1,35578,6,1,6,0,3,0,72,190,0,0,0,0,0,0,0,0,0,0,0,0,0,0,1,2,45,1,3,2,1,0,0,1,60,1,1,1,98,0,0
1,10232,1,3,3,11,5,17,7,23,0,1,0,1,3,12,481,12481,31,2001,1FTRX18L51NA,1,F,T,R,X,1,8,L,5,1,N,A,1,T,FORD,F15,4C,1,17,,2,1574,1388,COF,G,,,8,330,,,,B,4611,04,U,44,1,0,000000000,00000000000,0,0,0,1,0,0,0,0,0,0,0,50,0,0,0,98,98,2,3,12,0,0,0,1,1,35055,6,1,0,0,3,0,68,205,1,0,0,3,0,3,2009,9,2010,0,0,0,0,0,1,2,55,1,1,2,1,0,0,1,98,1,1,4,1,0,0
1,10232,2,3,1,11,5,17,7,23,0,1,0,1,1,23,421,23421,15,2004,1GKEC13Z34J1,1,G,K,E,C,1,3,Z,3,4,J,1,0,T,GMC,YUK,4W,4,17,,2,0,1160,YUK,F,,,8,325,,,,B,5042,00,4,42,0,0,000000000,00000000000,0,0,0,1,0,0,0,0,0,0,0,50,0,0,0,13,13,6,2,12,0,0,0,1,1,35077,6,1,0,0,3,0,62,120,0,0,0,1,0,7,2010,7,2010,0,0,0,0,0,1,2,55,1,1,2,1,0,0,1,62,1,1,1,98,1,0
1,10232,3,3,5,11,5,17,7,23,0,1,0,1,1,12,423,12423,15,2004,1FMNU43S54EC,1,F,M,N,U,4,3,S,5,4,E,C,0,P,FORD,EXC,UT,4,17,7190,,0,1371,,G,,F,10,415,,,16R265,,,,,,0,0,000000000,00000000000,0,0,0,1,0,0,0,0,0,0,0,50,0,0,0,12,12,2,1,12,0,0,0,1,1,35058,6,1,0,0,3,0,70,210,0,1,0,2,1,10,2008,9,2009,0,89,0,0,0,1,2,55,1,1,2,1,0,0,1,50,4,1,1,98,0,0
1,10233,1,1,1,30,4,19,6,42,0,1,0,1,1,23,481,23481,31,1994,2GTEC19K8R15,2,G,T,E,C,1,9,K,8,R,1,5,0,T,GMC,SC1,PC,94,17,,2,1555,1415,SIE,G,,,8,350,,,,B,00000,00,A,42,0,0,000000000,00000000000,0,0,0,1,0,0,0,0,0,0,0,60,0,0,0,2,2,6,2,42,0,0,0,1,1,36877,6,1,6,0,3,0,68,210,0,0,0,0,0,0,0,0,0,1,89,0,0,0,1,2,45,3,6,2,1,0,0,14,13,6,4,4,7,1,1
1,10234,1,2,4,17,4,19,0,12,2,1,0,1,2,20,421,20421,15,1999,1GNEC13R8XJ4,1,G,N,E,C,1,3,R,8,X,J,4,0,P,CHEV,CTA,UT,99,17,4865,,0,1175,,G,,F,8,350,,,15R235,,,,,,0,0,000000000,00000000000,0,0,0,1,0,0,0,0,0,0,0,60,0,1,5,12,98,6,2,1,0,0,0,1,1,36701,6,1,0,0,3,0,72,235,0,0,0,0,0,0,0,0,0,0,0,0,0,0,1,2,25,1,1,2,1,0,0,1,10,1,1,2,50,1,0
1,10234,2,2,1,17,4,19,0,12,2,1,0,1,1,9,20,9020,2,1998,1P3ES42C0WD6,1,P,3,E,S,4,2,C,0,W,D,6,0,P,PLYM,NEH,CP,98,17,2469,,0,1040,,G,,F,4,122,,,14R185,,,,,,0,0,000000000,00000000000,0,0,0,1,0,0,0,0,0,0,0,25,0,0,0,12,12,6,2,12,0,0,0,1,1,36701,6,1,0,0,3,0,63,168,0,0,0,0,0,0,0,0,0,0,0,0,0,0,1,2,25,1,1,2,1,0,0,1,62,1,1,1,51,0,0
1,10235,1,2,2,25,4,9,30,12,1,1,0,1,1,52,35,52035,2,1995,JA3AA31C9SU0,J,A,3,A,A,3,1,C,9,S,U,0,0,P,MITS,MLS,2D,95,17,2160,,0,961,,G,,F,4,112,,,14R185,,,,,,0,0,000000000,00000000000,0,0,0,1,0,0,0,0,0,0,0,999,0,1,5,6,98,6,2,12,0,0,1,1,1,35611,6,1,0,0,3,0,69,140,0,0,0,0,0,0,0,0,0,9,99,99,99,99,1,2,45,1,6,2,1,0,0,2,53,1,1,1,30,2,0
1,10235,2,2,1,25,4,9,30,12,1,1,0,1,3,12,16,12016,4,2008,2FAHP71V28X1,2,F,A,H,P,7,1,V,2,8,X,1,0,P,FORD,CVP,4D,8,17,0,,0,1146,,F,,F,8,281,,,17R235,,,,,,0,0,000000000,00000000000,0,0,0,1,0,0,0,0,0,5,1,999,0,0,0,12,12,6,2,12,0,0,0,1,1,35603,6,1,0,0,3,1,66,120,0,0,0,0,0,0,0,0,0,9,16,0,0,0,1,2,45,1,6,2,1,0,0,1,51,4,1,1,28,0,0
1,10236,1,2,2,6,5,4,55,12,2,1,0,1,1,41,45,41045,1,1993,JM1NA3512P04,J,M,1,N,A,3,5,1,2,P,0,4,0,P,MAZD,MIA,CV,93,17,2093,,0,892,,G,,F,4,098,,,14R185,,,,,,0,0,000000000,00000000000,0,0,0,1,0,0,0,0,0,0,0,55,0,0,0,12,12,6,2,12,0,0,0,1,1,36207,6,1,0,0,3,0,61,130,0,2,0,0,0,8,2010,8,2010,0,58,0,0,0,1,2,55,2,1,2,1,0,0,14,13,6,1,2,50,1,0
1,10236,2,2,1,6,5,4,55,12,2,1,0,1,1,20,20,20020,4,1999,2G1WL52M0X91,2,G,1,W,L,5,2,M,0,X,9,1,0,P,CHEV,L/S,4D,99,17,3330,,0,1075,,G,,F,6,191,,,15R205,,,,,,0,0,000000000,00000000000,0,0,0,1,0,0,0,0,0,0,0,55,0,0,0,12,12,6,2,12,0,0,0,1,1,36274,6,1,0,0,3,1,73,220,0,0,0,0,0,0,0,0,0,0,89,0,0,0,1,2,55,3,1,2,1,0,0,14,62,7,1,1,51,0,0
1,10237,1,1,2,7,5,19,15,30,0,1,0,1,2,14,17,14017,4,1999,1MEFM50U2XA6,1,M,E,F,M,5,0,U,2,X,A,6,0,P,MERC,SGS,4D,99,17,3299,,0,1085,,G,,F,6,182,,,15R205,,,,,,0,0,000000000,00000000000,0,0,0,1,0,0,0,0,0,0,0,95,0,0,0,8,98,6,2,30,0,0,0,1,1,36758,6,1,0,0,3,0,70,150,1,0,0,0,0,12,2010,12,2010,1,0,0,0,0,1,2,55,1,1,2,1,0,0,1,12,1,1,4,6,2,1
1,10238,1,1,1,7,5,22,0,8,0,1,1,99,9,99,999,99999,99,9999,999999999999,9,9,9,9,9,9,9,9,9,9,9,9,0,,,,,,,,,,,,,,,,,,,,,,,,,0,0,000000000,00000000000,0,0,0,1,0,0,0,0,0,0,0,999,0,0,0,99,99,9,1,8,99,99,0,1,99,99999,9,9,99,9,9,9,999,999,99,99,99,99,99,99,9999,99,9999,9,99,99,99,99,1,2,45,1,6,2,1,0,0,1,80,99,1,1,13,0,0
1,10239,1,1,1,7,5,4,15,8,0,1,1,1,1,12,3,12003,2,1997,1FALP42X8VF1,1,F,A,L,P,4,2,X,8,V,F,1,0,P,FORD,MGT,CP,97,17,3288,,0,1013,,G,,F,8,281,,,16R225,,,,,,0,0,000000000,00000000000,0,0,0,1,0,0,0,0,0,0,0,999,0,0,0,12,12,4,1,8,0,0,0,1,1,36759,6,1,0,0,3,0,68,210,0,5,0,4,0,7,2009,12,2010,9,99,99,99,99,1,2,45,1,1,2,1,0,0,1,10,1,1,2,13,0,1
1,10240,1,2,1,8,5,13,40,12,2,1,0,1,1,41,45,41045,1,1996,JM1NA353XT07,J,M,1,N,A,3,5,3,X,T,0,7,0,P,MAZD,MIA,CV,96,17,2293,,0,892,,G,,F,4,112,,,14R185,,,,,,0,0,000000000,00000000000,0,0,0,1,0,0,0,0,0,0,0,15,0,0,0,12,12,6,2,12,0,0,0,1,1,35674,6,1,0,0,3,1,63,120,0,0,0,0,0,0,0,0,0,0,89,38,0,0,1,2,45,3,5,2,1,0,0,11,54,1,1,1,68,0,0
1,10240,2,2,1,8,5,13,40,12,2,1,0,1,1,12,471,12471,30,2003,1FTYR10U73TA,1,F,T,Y,R,1,0,U,7,3,T,A,0,T,FORD,RNG,PK,3,17,,1,1175,1116,RNG,G,,,6,182,,,,B,3085,03,U,42,0,0,000000000,00000000000,0,0,0,1,0,0,0,0,0,0,0,45,0,1,5,12,98,6,2,1,0,0,0,1,1,35674,6,1,6,0,3,0,64,181,1,0,0,0,0,2,2009,2,2009,0,89,0,0,0,1,2,45,2,6,2,1,0,0,14,62,7,1,1,69,1,0
1,10241,1,1,2,9,5,14,15,35,0,1,0,47,3,20,461,20461,21,2001,1GCGG25R1111,1,G,C,G,G,2,5,R,1,1,1,1,0,T,CHEV,E25,CG,1,17,,2,0,1350,EXP,G,,,8,350,,,,C,4850,00,,42,0,0,000000000,00000000000,0,0,0,1,0,0,0,0,0,0,0,50,0,1,5,14,98,4,3,1,0,0,0,1,47,37876,6,1,0,0,3,0,65,140,0,0,0,0,0,0,0,0,0,1,0,0,0,0,1,2,30,2,5,2,1,0,0,14,12,1,1,4,6,1,1
1,10242,1,1,1,9,5,15,5,8,0,1,0,1,2,20,481,20481,40,1974,CCE614V10820,C,C,E,6,1,4,V,1,0,8,2,0,0,T,CHEV,C60,CB,74,13,,6,2180,1250,C60,G,,,,,,,,,,,,42,0,88,888888888,88888888888,2,1,3,1,0,0,0,0,0,0,0,35,0,0,0,12,12,6,2,8,0,0,0,1,1,35630,6,1,0,0,3,0,68,180,0,0,0,0,0,0,0,0,0,0,0,0,0,0,1,2,35,1,5,2,1,0,0,1,80,1,1,1,13,0,0
1,10243,1,1,4,11,5,18,0,42,0,1,0,1,2,37,441,37441,20,2004,5FNRL18564B0,5,F,N,R,L,1,8,5,6,4,B,0,0,P,HOND,UDY,SV,4,17,4310,,0,1181,,G,,F,6,212,,,16R225,,,,,,0,0,000000000,00000000000,0,0,0,1,0,0,0,0,0,0,0,55,0,0,0,12,12,6,2,42,0,0,0,1,1,36207,6,1,0,0,3,1,73,260,1,0,0,0,0,1,2009,1,2009,1,58,0,0,0,1,2,35,3,1,2,1,0,0,14,13,6,4,4,7,1,0
1,10244,1,1,1,11,5,5,11,42,0,1,0,29,3,84,881,84881,66,2007,1HSHXAHR97J5,1,H,S,H,X,A,H,R,9,7,J,5,1,T,INTL,860,TR,7,17,,8,0,0,80S,D,,,6,661,,,,,00000,00,,64,1,57,0222024,570222024,3,6,1,2,2,8888,8,1,0,0,0,999,0,1,5,12,98,6,2,42,0,0,0,1,13,31052,6,1,6,1,3,0,67,215,98,0,0,0,1,5,2010,5,2010,0,58,0,0,0,2,2,70,1,6,2,1,0,0,1,12,7,3,4,2,1,0
1,10245,1,1,1,13,5,10,10,42,0,1,0,1,1,12,481,12481,31,2003,1FTRX17W43NB,1,F,T,R,X,1,7,W,4,3,N,B,0,T,FORD,F15,4C,3,17,,2,1571,1385,COF,G,,,8,281,,,,B,4060,00,U,42,0,0,000000000,00000000000,0,0,0,1,0,0,0,0,0,0,0,45,0,0,0,12,12,6,2,42,0,0,0,1,1,35079,6,1,0,0,3,0,63,150,0,0,0,0,0,0,0,0,0,1,0,0,0,0,1,2,35,1,1,5,2,0,0,1,12,1,1,4,6,1,0
1,10246,1,1,2,18,5,23,17,42,0,1,0,1,2,20,421,20421,15,1998,3GNEK18R1WG1,3,G,N,E,K,1,8,R,1,W,G,1,0,P,CHEV,KTA,UT,98,17,4952,,0,1115,,G,,F,8,350,,,16R245,,,,,,0,0,000000000,00000000000,0,0,0,1,0,0,0,0,0,0,0,75,0,1,5,4,98,6,2,1,0,0,0,1,1,35552,1,1,0,0,2,0,70,135,0,2,0,0,1,2,2010,11,2010,1,0,0,0,0,1,2,55,3,6,2,1,0,0,14,13,1,1,4,1,1,1
1,10247,1,1,2,15,5,19,14,34,0,1,0,1,2,35,47,35047,4,2004,1N4AL11D84C1,1,N,4,A,L,1,1,D,8,4,C,1,0,P,NISS,ABS,4D,4,17,2913,,0,1102,,G,,F,4,153,,,16R205,,,,,,0,0,000000000,00000000000,0,0,0,1,0,0,0,0,0,0,0,999,0,1,5,12,98,6,2,42,0,0,0,1,1,36695,6,1,0,0,3,1,64,118,1,0,0,2,0,8,2008,12,2008,9,8,0,0,0,1,2,45,1,5,2,1,0,0,1,13,1,1,4,1,1,1
1,10248,1,1,2,15,5,0,30,53,0,1,0,12,1,23,481,23481,31,2005,2GTEK19B8512,2,G,T,E,K,1,9,B,8,5,1,2,0,T,GMC,NK1,4C,5,17,,2,1575,1435,SIE,G,,,8,323,,,,B,5008,02,4,44,0,0,000000000,00000000000,0,0,0,1,0,0,0,0,0,0,0,78,0,1,5,2,98,6,2,42,0,0,0,1,12,32547,6,1,0,0,3,0,70,999,0,3,0,2,1,6,2008,8,2009,1,0,0,0,0,1,2,55,3,5,2,1,0,0,14,13,1,4,4,2,1,1
1,10249,1,2,2,15,5,15,31,12,2,1,0,1,1,6,52,6052,1,2006,3C3HY55X76T3,3,C,3,H,Y,5,5,X,7,6,T,3,0,P,CHRY,TEP,CV,6,17,3214,,0,1030,,G,,F,4,148,,,17R205,,,,,,0,0,000000000,00000000000,0,0,0,1,0,0,0,0,0,0,0,999,0,0,0,12,12,6,2,12,0,0,0,1,1,36854,6,1,0,0,3,0,66,125,0,0,0,0,0,0,0,0,0,0,89,0,0,0,1,2,55,1,1,2,1,0,0,1,10,1,1,2,50,0,0
1,10249,2,2,3,15,5,15,31,12,2,1,0,1,2,12,33,12033,3,1993,KNJPT05H7P61,K,N,J,P,T,0,5,H,7,P,6,1,0,P,FORD,FEL,2H,93,17,1797,,0,902,,G,,F,4,079,,,12R145,,,,,,0,0,000000000,00000000000,0,0,0,1,0,0,0,0,0,0,0,999,0,0,0,12,12,6,2,12,0,0,0,1,1,36877,6,1,0,0,3,1,67,160,0,0,0,0,0,0,0,0,0,0,0,0,0,0,1,2,55,1,1,2,1,0,0,1,62,1,1,1,51,1,0
1,10250,1,1,1,16,5,6,0,42,0,1,0,1,1,35,34,35034,3,1986,JN1HZ16S6GX0,J,N,1,H,Z,1,6,S,6,G,X,0,0,P,NISS,3X2,2H,86,17,3034,,0,992,,G,,F,6,181,,,15R215,,,,,,0,0,000000000,00000000000,0,0,0,1,0,0,0,0,0,0,0,65,0,0,0,12,12,6,2,42,0,0,0,1,1,36695,6,1,0,0,3,0,69,225,0,0,0,1,0,6,2010,6,2010,0,89,0,0,0,1,2,55,3,1,2,1,0,0,14,12,1,1,4,6,1,0
1,10251,1,1,1,16,5,13,57,1,0,1,0,1,3,41,471,41471,30,1994,4F4CR16X8RTM,4,F,4,C,R,1,6,X,8,R,T,M,0,T,MAZD,4CP,PC,94,17,,1,0,1251,B40,G,,,6,245,,,,,3418,00,A,42,0,0,000000000,00000000000,0,0,0,1,0,0,0,0,0,0,0,55,0,1,1,0,98,6,2,1,0,0,0,1,1,35007,6,1,0,0,3,0,64,135,3,0,0,0,0,5,2008,1,2011,0,58,0,0,0,1,2,55,3,6,2,1,0,0,14,13,6,3,2,98,1,1
1,10252,1,1,1,17,5,20,30,1,0,1,0,1,1,12,481,12481,31,2007,1FTRF14V47KB,1,F,T,R,F,1,4,V,4,7,K,B,0,T,FORD,F15,PK,7,17,,2,1450,1260,COF,F,,,8,329,,,,B,5004,01,E,44,0,0,000000000,00000000000,0,0,0,1,0,0,0,0,0,0,0,60,0,1,5,0,98,6,2,1,0,0,0,1,1,36480,6,1,0,0,3,0,68,190,1,0,0,1,0,6,2009,12,2009,9,0,0,0,0,1,2,45,1,1,2,1,0,0,1,13,1,1,4,1,1,0
1,10253,1,1,3,6,3,21,37,58,0,1,0,1,2,12,16,12016,4,1994,2FALP74W6RX2,2,F,A,L,P,7,4,W,6,R,X,2,0,P,FORD,CVL,4D,94,17,3786,,0,1144,,G,,F,8,281,,,15R215,,,,,,0,0,000000000,00000000000,0,0,0,1,0,0,0,0,0,0,0,80,0,1,5,14,98,6,2,32,0,0,0,1,1,36502,0,0,0,0,0,0,66,145,0,0,0,0,0,0,0,0,0,0,8,37,0,0,1,2,25,1,5,2,1,0,0,1,13,1,1,1,98,1,1
1,10254,1,1,1,24,5,2,25,43,0,1,0,92,0,98,739,98739,90,9999,999999999999,9,9,9,9,9,9,9,9,9,9,9,9,0,,,,,,,,,,,,,,,,,,,,,,,,,0,0,000000000,00000000000,0,0,0,1,0,0,0,0,0,0,0,999,0,1,5,11,98,6,2,1,0,0,0,1,1,36541,2,1,2,0,1,0,71,145,0,3,0,0,0,1,2011,5,2011,0,8,0,0,0,1,2,45,1,1,2,1,0,0,1,12,1,1,4,6,1,1