STATE,ST_CASE,VEH_NO,VE_FORMS,NUMOCCS,DAY,MONTH,HOUR,MINUTE,HARM_EV,MAN_COLL,UNITTYPE,HIT_RUN,REG_STAT,OWNER,MAKE,MODEL,MAK_MOD,BODY_TYP,MOD_YEAR,VIN,VIN_1,VIN_2,VIN_3,VIN_4,VIN_5,VIN_6,VIN_7,VIN_8,VIN_9,VIN_10,VIN_11,VIN_12,TOW_VEH,VINTYPE,VINMAKE,VINA_MOD,VIN_BT,VINMODYR,VIN_LNGT,VIN_WGT,WGTCD_TR,WHLBS_LG,WHLBS_SH,SER_TR,FUELCODE,MCYCL_DS,CARBUR,CYLINDER,DISPLACE,MCYCL_CY,MCYCL_WT,TIRE_SZE,TON_RAT,TRK_WT,TRKWTVAR,VIN_REST,WHLDRWHL,J_KNIFE,MCARR_I1,MCARR_I2,MCARR_ID,GVWR,V_CONFIG,CARGO_BT,HAZ_INV,HAZ_PLAC,HAZ_ID,HAZ_CNO,HAZ_REL,BUS_USE,SPEC_USE,EMER_USE,TRAV_SP,UNDERIDE,ROLLOVER,ROLINLOC,IMPACT1,IMPACT2,DEFORMED,TOWED,M_HARM,VEH_SC1,VEH_SC2,FIRE_EXP,DR_PRES,L_STATE,DR_ZIP,L_STATUS,L_TYPE,CDL_STAT,L_ENDORS,L_COMPL,L_RESTRI,DR_HGT,DR_WGT,PREV_ACC,PREV_SUS,PREV_DWI,PREV_SPD,PREV_OTH,FIRST_MO,FIRST_YR,LAST_MO,LAST_YR,SPEEDREL,DR_SF1,DR_SF2,DR_SF3,DR_SF4,VTRAFWAY,VNUM_LAN,VSPD_LIM,VALIGN,VPROFILE,VPAVETYP,VSURCOND,VTRAFCON,VTCONT_F,P_CRASH1,P_CRASH2,P_CRASH3,PCRASH4,PCRASH5,ACC_TYPE,DEATHS,DR_DRINK
1,10286,1,1,1,2,6,0,10,35,0,1,0,1,1,23,441,23441,20,1995,1GDDM19WXSB5,1,G,D,D,M,1,9,W,X,S,B,5,0,T,GMC,SXT,EC,95,17,,1,0,1110,SAF,G,,,6,262,,,,B,00000,00,M,42,0,0,000000000,00000000000,0,0,0,1,0,0,0,0,0,0,0,65,0,1,5,12,98,6,2,35,0,0,0,1,1,36022,6,1,0,0,3,1,77,245,1,0,0,0,0,10,2008,10,2008,1,0,0,0,0,1,2,45,3,6,2,1,0,0,14,13,6,4,4,7,1,0
1,10287,1,1,1,2,6,13,3,30,0,1,0,1,1,35,47,35047,4,2007,1N4AL21E77C1,1,N,4,A,L,2,1,E,7,7,C,1,0,P,NISS,ATS,4D,7,17,3042,,0,1093,,G,,F,4,153,,,16R215,,,,,,0,0,000000000,00000000000,0,0,0,1,0,0,0,0,0,0,0,45,0,0,0,12,12,6,2,42,0,0,0,1,1,35475,6,1,0,0,3,0,60,120,0,0,0,0,0,0,0,0,0,0,0,0,0,0,1,2,45,3,1,2,1,0,0,14,13,1,1,4,1,1,0
1,10288,1,1,3,3,6,19,15,42,0,1,0,1,1,49,472,49472,30,2010,5TEPX4ENXAZ6,5,T,E,P,X,4,E,N,X,A,Z,6,0,T,TOYT,REG,PK,10,17,,1,0,1100,TAC,G,,,4,164,,,,B,3315,00,W,44,0,0,000000000,00000000000,0,0,0,1,0,0,0,0,0,0,0,75,0,0,0,12,12,6,2,42,0,0,0,1,1,35180,6,1,6,0,3,0,69,180,1,0,0,1,0,10,2008,1,2010,0,0,0,0,0,3,2,70,1,5,2,1,0,0,1,13,7,1,4,1,1,0
1,10289,1,2,1,5,6,16,45,12,7,1,1,1,2,49,32,49032,4,2006,1NXBR32E96Z5,1,N,X,B,R,3,2,E,9,6,Z,5,0,P,TOYT,UCS,4D,6,17,2530,,0,1024,,G,,F,4,109,,,15R185,,,,,,0,0,000000000,00000000000,0,0,0,1,0,0,0,0,0,0,0,80,0,0,0,3,98,4,3,12,0,0,0,1,1,35757,6,1,0,0,3,1,64,136,1,0,0,0,0,12,2009,12,2009,1,28,0,0,0,3,2,70,1,5,2,1,0,0,1,12,7,1,2,44,0,0
1,10289,2,2,5,5,6,16,45,12,7,1,0,1,2,12,422,12422,15,2000,1FMRU17L1YLB,1,F,M,R,U,1,7,L,1,Y,L,B,0,P,FORD,EPT,UT,0,17,4833,,0,1191,,G,,F,8,330,,,16R255,,,,,,0,0,000000000,00000000000,0,0,0,1,0,0,0,0,0,0,0,70,0,1,5,10,98,6,2,42,0,0,0,1,1,35630,6,1,0,0,3,1,75,230,0,0,0,0,0,0,0,0,0,0,0,0,0,0,3,2,70,1,5,2,1,0,0,1,60,1,1,1,45,1,0
1,10290,1,2,5,6,6,16,27,12,6,1,0,1,3,20,444,20444,20,2007,1GNDV23W37D2,1,G,N,D,V,2,3,W,3,7,D,2,0,T,CHEV,DLS,ES,7,17,,1,0,1211,UPL,F,,,6,238,,,,,4233,00,,42,0,0,000000000,00000000000,0,0,0,1,0,0,0,0,0,0,0,15,0,0,0,9,9,6,2,12,0,0,0,1,1,36916,6,1,0,0,3,1,72,172,0,1,0,0,0,7,2009,7,2009,0,39,0,0,0,1,2,45,1,1,2,1,20,3,1,17,1,1,1,89,1,0
1,10290,2,2,1,6,6,16,27,12,6,1,0,1,1,82,881,82881,66,2000,1FUYSSEB6YLB,1,F,U,Y,S,S,E,B,6,Y,L,B,1,T,FRHT,FC2,TR,0,17,,8,0,0,CON,D,,,6,774,,,,,00000,00,,64,1,99,999999999,99999999999,3,6,10,1,0,0,0,0,0,0,0,55,0,0,0,12,12,6,2,12,0,0,0,1,1,36904,6,1,6,0,3,0,66,170,1,1,0,1,2,9,2008,7,2010,0,0,0,0,0,1,2,55,1,1,2,1,0,0,1,66,8,1,2,88,0,0
1,10291,1,2,1,6,6,14,5,12,6,1,0,1,1,20,2,20002,4,2005,2G1WF52E9592,2,G,1,W,F,5,2,E,9,5,9,2,0,P,CHEV,IMP,4D,5,17,3389,,0,1105,,G,,F,6,207,,,16R225,,,,,,0,0,000000000,00000000000,0,0,0,1,0,0,0,0,0,0,0,10,0,0,0,10,10,6,2,12,0,0,0,1,1,36321,6,1,0,0,3,1,66,170,0,0,0,0,0,0,0,0,0,0,38,0,0,0,2,2,50,1,1,2,1,20,3,1,55,1,1,1,89,1,0
1,10291,2,2,4,6,6,14,5,12,6,1,0,13,1,6,442,6442,20,2003,1C4GJ45343B1,1,C,4,G,J,4,5,3,4,3,B,1,0,P,CHRY,VOV,SV,3,17,3884,,0,1133,,F,,F,6,201,,,15R215,,,,,,0,0,000000000,00000000000,0,0,0,1,0,0,0,0,0,0,0,53,0,0,0,12,12,6,2,12,0,0,0,1,13,30680,6,1,0,0,3,1,62,185,98,0,0,0,0,0,0,0,0,0,0,0,0,0,2,2,50,1,1,2,1,0,0,1,71,1,1,1,88,0,0
1,10292,1,1,1,8,6,6,45,42,0,1,0,1,1,73,706,73706,80,1999,JKAZX2C13XA0,J,K,A,Z,X,2,C,1,3,X,A,0,0,M,KAWK,Z9C,RC,99,17,,,,,,,900,,4,,4,404,,,,,,,0,0,000000000,00000000000,0,0,0,1,0,0,0,0,0,0,0,45,0,0,0,12,12,6,2,42,0,0,0,1,1,36320,1,1,0,0,2,0,73,240,1,2,1,1,0,1,2009,4,2011,0,0,0,0,0,1,2,45,1,1,2,1,0,0,1,13,1,1,4,1,1,0
1,10293,1,1,1,10,6,19,35,42,0,1,0,12,1,20,22,20022,2,2006,1G1AM18B0677,1,G,1,A,M,1,8,B,0,6,7,7,0,P,CHEV,BSS,CP,6,17,2815,,0,1033,,G,,F,4,146,,,17R205,,,,,,0,0,000000000,00000000000,0,0,0,1,0,0,0,0,0,0,0,55,0,0,0,3,98,6,2,2,0,0,1,1,12,32073,0,0,0,0,0,0,999,999,0,0,0,0,0,0,0,0,0,0,58,0,0,0,1,2,55,1,1,2,1,0,0,1,13,6,4,4,7,1,0
1,10294,1,1,1,10,6,5,45,38,0,1,0,1,1,76,706,76706,80,1984,JYA41R008EA0,J,Y,A,4,1,R,0,0,8,E,A,0,0,M,YAMA,XV1,RS,84,17,,,,,,,1200,,4,,4,686,,,,,,,0,0,000000000,00000000000,0,0,0,1,0,0,0,0,0,0,0,45,0,0,0,12,12,6,2,38,0,0,0,1,1,36744,1,1,1,0,2,0,68,160,0,3,0,1,0,8,2008,10,2010,0,0,0,0,0,1,2,45,2,5,2,1,0,0,14,12,1,1,4,6,1,0
1,10295,1,2,3,10,6,12,32,12,2,1,0,1,2,18,5,18005,2,1996,1G4GD2217T47,1,G,4,G,D,2,2,1,7,T,4,7,0,P,BUIC,RIV,CP,96,17,3690,,0,1138,,G,,Z,6,231,,,16R225,,,,,,0,0,000000000,00000000000,0,0,0,1,0,0,0,0,0,0,0,999,0,0,0,12,98,6,2,12,0,0,1,1,1,35078,0,0,0,0,0,0,67,180,0,0,0,0,0,0,0,0,0,0,0,0,0,0,1,2,55,1,1,2,1,0,0,1,10,1,1,2,50,3,0
1,10295,2,2,2,10,6,12,32,12,2,1,0,1,3,20,481,20481,31,2006,1GCHK23U46F1,1,G,C,H,K,2,3,U,4,6,F,1,0,T,CHEV,2KH,CW,6,17,,2,1670,1530,SIL,G,,,8,366,,,,C,5883,02,,44,0,0,000000000,00000000000,0,0,0,1,0,0,0,0,0,0,0,999,0,0,0,12,98,6,2,12,0,0,1,1,1,36767,6,1,0,0,3,0,66,198,1,0,0,0,0,12,2009,12,2009,0,0,0,0,0,1,2,55,1,1,2,1,0,0,1,62,7,1,1,51,0,0
1,10296,1,2,1,12,6,13,23,12,2,1,0,1,1,14,443,14443,20,2001,4M2ZV11T51DJ,4,M,2,Z,V,1,1,T,5,1,D,J,0,P,MERC,VLR,SV,1,17,3861,,0,1122,,G,,F,6,201,,,15R215,,,,,,0,0,000000000,00000000000,0,0,0,1,0,0,0,0,0,0,0,50,0,0,0,12,12,6,2,12,0,0,0,1,1,35031,6,1,0,0,3,0,64,155,0,0,0,1,0,7,2009,7,2009,0,0,0,0,0,1,2,35,2,1,2,1,0,0,14,10,1,1,2,50,0,0
1,10296,2,2,2,12,6,13,23,12,2,1,0,1,1,20,471,20471,30,1992,1GCCS14Z6N82,1,G,C,C,S,1,4,Z,6,N,8,2,0,T,CHEV,S14,PK,92,17,,1,1179,1083,S,G,,,6,262,,,,B,2645,01,,42,0,0,000000000,00000000000,0,0,0,1,0,0,0,0,0,0,0,25,0,0,0,12,12,6,2,12,0,0,0,1,1,35031,6,1,0,0,3,0,69,230,0,0,0,0,0,0,0,0,0,0,0,0,0,0,1,2,35,3,1,2,1,0,0,14,62,1,1,1,51,1,0
1,10297,1,1,1,12,6,18,30,34,0,1,0,1,1,12,481,12481,31,1999,1FTRX18L6XKA,1,F,T,R,X,1,8,L,6,X,K,A,0,T,FORD,F15,4C,99,17,,2,1574,1388,COF,G,,,8,330,,,,B,00000,00,U,44,0,0,000000000,00000000000,0,0,0,1,0,0,0,0,0,0,0,55,0,1,5,12,98,6,2,1,0,0,0,1,1,35045,6,1,0,0,3,0,71,140,0,0,0,0,1,9,2010,9,2010,0,0,0,0,0,1,2,55,3,6,2,1,0,0,14,13,1,1,4,1,1,1
1,10298,1,1,1,17,4,1,30,42,0,1,0,1,1,12,442,12442,20,2002,2FMZA51432BB,2,F,M,Z,A,5,1,4,3,2,B,B,0,T,FORD,WLX,ES,2,17,,1,0,1207,WIN,G,,,6,232,,,,B,4017,00,E,42,0,0,000000000,00000000000,0,0,0,1,0,0,0,0,0,0,0,999,0,0,0,12,12,6,2,42,0,0,0,1,1,35490,0,0,0,0,0,0,999,999,0,0,0,0,0,0,0,0,0,0,99,99,99,99,1,2,55,1,6,2,1,0,0,1,12,1,1,4,6,1,0
1,10299,1,1,1,4,6,8,32,33,0,1,0,1,1,72,706,72706,80,1995,1HD4CAM18SY2,1,H,D,4,C,A,M,1,8,S,Y,2,0,M,HD,XL8,RS,95,17,,,,,,,883,,2,,4,999,,,,,,,0,0,000000000,00000000000,0,0,0,1,0,0,0,0,0,0,0,999,0,0,0,8,98,6,2,33,0,0,0,1,1,36079,6,1,0,0,3,2,66,155,0,0,0,0,0,0,0,0,0,0,74,0,0,0,1,2,35,1,1,2,1,0,0,1,13,1,1,4,1,1,0
1,10300,1,6,1,12,6,23,40,12,1,1,0,1,1,53,706,53706,80,2007,JS1GW72A9721,J,S,1,G,W,7,2,A,9,7,2,1,0,M,SUZI,GF5,RC,7,17,,,,,,,1254,,4,,4,496,,,,,,,0,0,000000000,00000000000,0,0,0,1,0,0,0,0,0,0,0,100,0,0,0,12,98,6,2,12,0,0,0,1,1,36067,6,1,0,0,3,1,74,225,1,3,0,2,0,11,2008,8,2010,1,0,0,0,0,3,3,60,1,1,2,1,0,0,1,51,1,1,1,24,1,1
1,10300,2,6,3,12,6,23,40,12,1,1,0,1,1,23,881,23881,62,1994,1GDJ7H1JXRJ5,1,G,D,J,7,H,1,J,X,R,J,5,0,T,GMC,C7H,CB,94,17,,6,2610,1440,TOP,D,,,6,403,,,,,00000,00,,42,0,88,888888888,88888888888,2,2,4,1,0,0,0,0,0,0,0,60,0,0,0,6,6,2,1,12,0,0,0,1,1,36345,6,1,0,0,3,0,72,180,0,0,0,0,1,2,2010,2,2010,0,0,0,0,0,3,3,60,1,1,2,1,0,0,1,53,1,1,1,25,0,0
1,10300,3,6,3,12,6,23,40,12,1,1,0,92,0,18,2,18002,4,2001,1G4HP54K41U2,1,G,4,H,P,5,4,K,4,1,U,2,0,P,BUIC,LCF,4D,1,17,3567,,0,1122,,G,,F,6,231,,,15R215,,,,,,0,0,000000000,00000000000,0,0,0,1,0,0,0,0,0,0,0,60,0,0,0,12,98,6,2,54,0,0,0,1,1,35601,6,1,0,0,3,1,72,170,0,0,0,1,0,9,2009,9,2009,0,89,0,0,0,3,3,60,1,1,2,1,0,0,1,90,1,1,1,98,0,0
1,10300,4,6,2,12,6,23,40,12,1,1,0,13,1,41,45,41045,1,1999,JM1NB3535X01,J,M,1,N,B,3,5,3,5,X,0,1,0,P,MAZD,MIA,CV,99,17,2299,,0,892,,G,,F,4,112,,,14R185,,,,,,0,0,000000000,00000000000,0,0,0,1,0,0,0,0,0,0,0,60,0,0,0,12,12,6,2,12,0,0,0,1,13,30179,6,1,0,0,3,1,61,120,98,0,0,0,0,0,0,0,0,0,0,0,0,0,3,3,60,1,1,2,1,0,0,1,50,1,1,1,98,0,0
1,10300,5,6,1,12,6,23,40,12,1,1,0,1,1,49,40,49040,4,1999,4T1BG28K1XU4,4,T,1,B,G,2,8,K,1,X,U,4,0,P,TOYT,UEX,4D,99,17,2998,,0,1051,,G,,F,4,132,,,14R195,,,,,,0,0,000000000,00000000000,0,0,0,1,0,0,0,0,0,0,0,60,0,0,0,12,12,6,2,54,0,0,0,1,1,36052,6,1,0,0,3,0,71,160,0,0,0,1,0,6,2008,6,2008,0,0,0,0,0,3,3,60,1,1,2,1,0,0,1,90,1,1,1,98,0,0
1,10300,6,6,2,12,6,23,40,12,1,1,0,1,2,19,18,19018,4,2011,1G6DE5EY3B01,1,G,6,D,E,5,E,Y,3,B,0,1,0,P,CADI,CLC,4D,11,17,3861,,0,1134,,G,,F,6,183,,,17R235,,,,,,0,0,000000000,00000000000,0,0,0,1,0,0,0,0,0,0,0,60,0,0,0,14,14,2,3,54,0,0,0,1,1,35204,6,1,0,0,3,0,68,190,0,0,0,0,0,0,0,0,0,0,0,0,0,0,3,3,60,1,1,2,1,0,0,1,90,1,1,1,98,0,0
1,10301,1,1,1,10,5,23,55,8,0,1,0,1,2,12,481,12481,31,2003,1FTRW07643KD,1,F,T,R,W,0,7,6,4,3,K,D,0,T,FORD,F1S,CW,3,17,,2,0,1385,COF,G,,,8,281,,,,B,4655,00,U,42,0,0,000000000,00000000000,0,0,0,1,0,0,0,0,0,0,0,999,0,0,0,12,12,2,3,8,0,0,0,1,1,36116,6,1,0,0,3,0,70,190,1,1,0,2,0,8,2008,6,2009,0,0,0,0,0,5,2,55,1,1,2,1,0,0,1,80,1,1,1,13,0,0
1,10302,1,2,2,18,6,19,18,12,6,1,0,1,2,12,402,12402,14,2009,1FMCU04G49KA,1,F,M,C,U,0,4,G,4,9,K,A,0,P,FORD,SPE,UT,9,17,3421,,0,1031,,G,,F,6,183,,,16R235,,,,,,0,0,000000000,00000000000,0,0,0,1,0,0,0,0,0,0,0,999,0,0,0,4,4,2,1,12,0,0,0,1,1,35565,0,0,0,0,0,0,999,999,0,0,0,0,0,0,0,0,0,0,0,0,0,0,5,4,35,1,1,2,1,0,0,11,55,1,1,1,68,0,0
1,10302,2,2,1,18,6,19,18,12,6,1,0,1,1,72,706,72706,80,2002,1HD1GDV182K4,1,H,D,1,G,D,V,1,8,2,K,4,0,M,HD,FDL,RS,2,17,,,,,,,1450,,2,,4,612,,,,,,,0,0,000000000,00000000000,0,0,0,1,0,0,0,0,0,0,0,999,0,0,0,12,98,6,2,12,0,0,0,1,1,35653,1,1,1,0,2,0,75,190,0,2,0,1,3,6,2009,3,2011,0,0,0,0,0,5,2,35,1,1,2,1,0,0,1,62,99,1,1,69,1,0
1,10303,1,2,2,22,6,11,31,12,6,1,0,1,1,7,482,7482,31,1998,1B7HF13Y8WJ1,1,B,7,H,F,1,3,Y,8,W,J,1,0,T,DODG,Q15,4C,98,17,,2,1547,1387,RPC,G,,,8,318,,,,B,4973,02,U,44,0,0,000000000,00000000000,0,0,0,1,0,0,0,0,0,0,0,999,0,0,0,12,12,6,2,12,0,0,0,1,1,35803,6,1,0,0,3,0,70,200,0,0,0,0,0,0,0,0,0,0,89,38,39,0,2,4,50,1,1,2,2,3,3,11,55,1,1,1,68,0,0
1,10303,2,2,2,22,6,11,31,12,6,1,0,1,2,12,4,12004,2,1997,1FALP62WXVH1,1,F,A,L,P,6,2,W,X,V,H,1,0,P,FORD,THL,2D,97,17,3561,,0,1130,,G,,F,8,281,,,15R205,,,,,,0,0,000000000,00000000000,0,0,0,1,0,0,0,0,0,0,0,999,0,1,5,9,98,6,2,12,0,0,0,1,1,35175,6,1,0,0,3,0,62,92,1,0,0,0,0,1,2011,1,2011,0,0,0,0,0,2,2,50,1,1,2,2,3,3,1,62,1,1,1,69,1,0
1,10304,1,3,1,25,5,16,55,12,1,1,0,1,3,87,881,87881,66,2008,1XPHD49X38D7,1,X,P,H,D,4,9,X,3,8,D,7,1,T,PTRB,386,TR,8,17,,8,0,0,CON,D,,,6,915,,,,,00000,00,,64,1,57,042045,57042045,3,6,2,1,0,0,0,0,0,0,0,70,0,1,3,12,98,6,2,12,0,0,0,1,1,35592,6,1,6,0,3,0,68,126,0,0,0,0,2,2,2010,7,2010,0,0,0,0,0,2,4,70,2,6,2,1,0,0,14,52,1,1,1,28,0,0
1,10304,2,3,6,25,5,16,55,12,1,1,0,47,1,41,37,41037,4,2000,1YVGF22C2Y51,1,Y,V,G,F,2,2,C,2,Y,5,1,0,P,MAZD,U6X,4D,0,17,2864,,0,1051,,G,,F,4,122,,,15R185,,,,,,0,0,000000000,00000000000,0,0,0,1,0,0,0,0,0,0,0,8,0,0,0,6,6,6,2,12,0,0,0,1,47,37416,6,1,0,0,3,0,65,115,1,1,0,0,0,7,2010,7,2010,0,0,0,0,0,2,2,70,2,6,2,1,0,0,2,53,1,1,1,29,4,0
1,10304,3,3,1,25,5,16,55,12,1,1,0,1,1,2,406,2406,14,2007,1J8HG48K57C5,1,J,8,H,G,4,8,K,5,7,C,5,0,T,JEEP,BSE,4W,7,17,,2,0,1095,CMD,G,,,6,226,,,,,4715,01,L,44,0,0,000000000,00000000000,0,0,0,1,0,0,0,0,0,0,0,65,0,0,0,7,98,4,3,12,0,0,0,1,1,35146,6,1,0,0,3,1,66,180,0,0,0,2,0,7,2008,6,2009,0,89,0,0,0,2,2,70,3,5,2,1,0,0,14,62,10,1,1,98,0,0
1,10305,1,4,1,26,5,6,30,12,8,1,0,1,1,52,401,52401,14,1998,JA4LS31P2WP0,J,A,4,L,S,3,1,P,2,W,P,0,1,P,MITS,MNS,UT,98,17,3755,,0,1073,,G,,F,6,181,,,15R225,,,,,,1,0,000000000,00000000000,0,0,0,1,0,0,0,0,0,0,0,55,0,0,0,11,98,6,2,12,0,0,0,1,1,35670,6,1,0,0,3,0,68,180,0,0,0,1,0,7,2008,7,2008,0,0,0,0,0,1,2,55,1,1,2,2,0,0,1,10,1,1,2,64,1,0
1,10305,2,4,1,26,5,6,30,12,8,1,0,94,3,3,421,3421,15,1993,041537,0,4,1,5,3,7,,,,,,,0,T,AMGN,,,93,6,,,,,,,,,,,,,,,,,,,0,0,000000000,00000000000,0,0,0,1,0,0,0,0,0,0,0,55,0,0,0,10,10,2,1,12,0,0,0,1,1,35621,6,1,0,0,3,0,72,210,1,0,0,0,0,5,2010,5,2010,0,0,0,0,0,1,2,55,1,1,2,2,0,0,1,62,1,1,1,65,0,0
1,10305,3,4,1,26,5,6,30,12,8,1,0,94,3,3,421,3421,15,1993,141210,1,4,1,2,1,0,,,,,,,0,T,AMGN,,,93,6,,,,,,D,,,8,397,,,,,,,,,0,0,000000000,00000000000,0,0,0,1,0,0,0,0,0,0,0,55,0,0,0,12,98,6,2,12,0,0,0,1,1,35016,6,1,0,0,3,0,68,150,0,0,0,1,0,6,2009,6,2009,0,0,0,0,0,1,2,55,1,1,2,2,0,0,1,62,7,1,1,98,1,0
1,10305,4,4,1,26,5,6,30,12,8,1,0,94,3,7,442,7442,20,2011,2D4RN4DG3BR6,2,D,4,R,N,4,D,G,3,B,R,6,0,P,DODG,CAR,SV,11,17,4510,,0,1212,,F,,F,6,220,,,16R235,,,,,,0,0,000000000,00000000000,0,0,0,1,0,0,0,0,0,0,0,55,0,0,0,12,98,6,2,12,0,0,0,1,1,35179,6,1,0,0,3,1,67,170,0,0,0,0,0,0,0,0,0,0,0,0,0,0,1,2,55,1,1,2,2,0,0,1,54,1,1,1,98,0,0
1,10306,1,1,1,26,5,21,0,1,0,1,0,92,0,76,705,76705,80,2008,JYARJ06EX8A0,J,Y,A,R,J,0,6,E,X,8,A,0,0,M,YAMA,F6S,RC,8,17,,,,,,,600,,4,,4,357,,,,,,,0,0,000000000,00000000000,0,0,0,1,0,0,0,0,0,0,0,999,0,0,0,0,98,6,2,1,0,0,0,1,1,35016,6,1,0,0,3,1,71,190,0,2,0,1,2,6,2008,6,2009,1,0,0,0,0,1,2,45,3,1,2,1,0,0,14,9,1,1,1,98,1,0
1,10307,1,1,1,27,5,5,0,1,0,1,0,1,2,41,37,41037,4,2002,1YVGF22C7252,1,Y,V,G,F,2,2,C,7,2,5,2,0,P,MAZD,U6L,4D,2,17,2864,,0,1051,,G,,F,4,122,,,15R205,,,,,,0,0,000000000,00000000000,0,0,0,1,0,0,0,0,0,0,0,100,0,1,5,0,98,6,2,42,0,0,0,1,1,35210,6,1,0,0,3,0,67,195,0,0,0,1,1,1,2009,3,2010,1,0,0,0,0,2,2,70,1,1,2,1,0,0,1,6,1,3,4,2,1,1
1,10308,1,1,2,28,5,17,0,42,0,1,0,1,2,20,481,20481,31,1998,1GCEK14M3WZ2,1,G,C,E,K,1,4,M,3,W,Z,2,0,T,CHEV,GK1,PK,98,17,,2,1315,1175,GM4,G,,,8,305,,,,B,00000,00,,44,0,0,000000000,00000000000,0,0,0,1,0,0,0,0,0,0,0,45,0,1,5,12,98,6,2,1,0,0,0,1,1,35071,6,1,0,0,3,1,70,165,0,0,0,0,0,0,0,0,0,0,0,0,0,0,1,2,35,1,6,5,1,0,0,1,13,1,4,4,2,1,1
1,10309,1,1,1,28,5,14,22,42,0,1,0,1,1,2,405,2405,14,2003,1J4GK48K43W6,1,J,4,G,K,4,8,K,4,3,W,6,0,T,JEEP,LSF,4W,3,17,,1,0,1043,LIB,G,,,6,226,,,,,3463,02,E,42,0,0,000000000,00000000000,0,0,0,1,0,0,0,0,0,0,0,999,0,0,0,12,12,6,2,42,0,0,0,1,1,35801,6,1,0,0,3,1,72,215,0,0,0,0,0,0,0,0,0,0,0,0,0,0,2,2,65,1,1,2,1,0,0,1,13,1,1,4,1,1,0
1,10310,1,1,1,29,5,17,50,1,0,1,0,1,2,73,706,73706,80,2007,JKAZXCD127A0,J,K,A,Z,X,C,D,1,2,7,A,0,0,M,KAWK,Z1D,RC,7,17,,,,,,,998,,4,,4,386,,,,,,,0,0,000000000,00000000000,0,0,0,1,0,0,0,0,0,0,0,100,0,0,0,0,98,6,2,42,0,0,1,1,1,36109,6,1,0,0,3,0,70,170,0,0,0,0,0,0,0,0,0,1,89,0,0,0,1,2,35,2,5,2,1,0,0,14,6,99,1,4,6,1,1
1,10311,1,1,1,29,5,17,10,42,0,1,0,1,2,23,401,23401,14,1991,1GKCS13Z3M25,1,G,K,C,S,1,3,Z,3,M,2,5,0,T,GMC,SJI,4W,91,17,,1,0,1070,S15,G,,,6,262,,,,B,00000,00,A,42,0,0,000000000,00000000000,0,0,0,1,0,0,0,0,0,0,0,70,0,0,0,9,9,6,2,42,0,0,0,1,1,35044,6,1,0,0,3,1,60,100,0,0,0,0,0,0,0,0,0,1,58,0,0,0,1,2,45,2,1,2,1,0,0,14,12,7,3,4,2,1,1
1,10312,1,1,2,29,5,19,0,34,0,1,0,1,1,48,34,48034,5,2000,4S3BH6860Y76,4,S,3,B,H,6,8,6,0,Y,7,6,0,P,SUBA,UBK,SW,0,17,3500,,0,1043,,G,,F,4,153,,,16R225,,,,,,0,0,000000000,00000000000,0,0,0,1,0,0,0,0,0,0,0,70,0,1,5,12,98,6,2,1,0,0,0,1,1,35906,6,1,0,0,3,1,63,120,0,0,0,0,0,0,0,0,0,0,0,0,0,0,1,2,45,1,3,2,1,0,0,6,12,1,1,4,6,1,1
1,10313,1,2,1,29,5,6,30,12,1,1,0,48,2,7,880,7880,67,2006,3D7ML48C66G2,3,D,7,M,L,4,8,C,6,6,G,2,0,T,DODG,SQ3,CW,6,17,,3,0,1600,RPC,D,,,6,359,,,,D,6843,01,E,42,0,57,1508849,571508849,2,1,97,1,0,0,0,0,0,0,0,999,0,0,0,12,12,6,2,12,0,0,0,1,48,78061,6,1,0,0,3,1,999,999,1,0,0,1,0,11,2009,5,2010,0,0,0,0,0,3,2,70,3,5,1,1,98,3,14,51,3,1,1,24,0,0
1,10313,2,2,3,29,5,6,30,12,1,1,0,26,3,49,40,49040,4,2011,4T1BF3EK4BU6,4,T,1,B,F,3,E,K,4,B,U,6,0,P,TOYT,CBA,4D,11,17,3263,,0,1093,,G,,F,4,152,,,16R215,,,,,,0,0,000000000,00000000000,0,0,0,1,0,0,0,0,0,0,0,999,0,0,0,6,6,6,2,12,0,0,0,1,37,28270,6,1,0,0,3,1,66,999,0,0,0,0,0,0,0,0,0,0,0,0,0,0,3,2,70,3,5,1,1,98,3,15,53,1,1,1,25,1,0
1,10314,1,1,2,30,5,19,13,42,0,1,0,1,2,22,18,22018,4,1999,1G2NE52E3XM7,1,G,2,N,E,5,2,E,3,X,M,7,0,P,PONT,GAS,4D,99,17,3102,,0,1071,,G,,F,6,207,,,15R215,,,,,,0,0,000000000,00000000000,0,0,0,1,0,0,0,0,0,0,0,60,0,1,5,12,98,6,2,1,0,0,0,1,1,36862,6,1,0,0,3,0,64,150,0,0,0,0,0,0,0,0,0,1,0,0,0,0,1,2,45,3,6,2,1,0,0,14,6,6,1,4,1,1,1
1,10315,1,1,1,1,6,23,30,32,0,1,0,1,2,23,481,23481,31,2003,1GTHK29U73E2,1,G,T,H,K,2,9,U,7,3,E,2,0,T,GMC,2KH,4C,3,17,,2,1575,1430,SIE,G,,,8,364,,,,C,5497,03,U,44,0,0,000000000,00000000000,0,0,0,1,0,0,0,0,0,0,0,55,0,1,5,12,98,6,2,1,0,0,0,1,1,36028,6,1,6,0,3,0,72,256,0,0,0,0,0,0,0,0,0,0,0,0,0,0,1,2,55,1,1,2,1,0,0,1,12,1,1,4,6,1,1
1,10316,1,1,1,2,6,7,25,1,0,1,0,1,1,52,401,52401,14,2003,JA4LS41R33J0,J,A,4,L,S,4,1,R,3,3,J,0,0,P,MITS,MNS,UT,3,17,4065,,0,1073,,G,,F,6,213,,,16R255,,,,,,0,0,000000000,00000000000,0,0,0,1,0,0,0,0,0,0,0,65,0,1,1,0,98,6,2,1,0,0,0,1,1,35958,6,1,0,0,3,0,69,118,0,0,0,0,0,0,0,0,0,0,58,0,0,0,1,2,55,3,6,2,1,0,0,14,12,7,3,6,98,1,0