STATE,ST_CASE,VEH_NO,VE_FORMS,NUMOCCS,DAY,MONTH,HOUR,MINUTE,HARM_EV,MAN_COLL,UNITTYPE,HIT_RUN,REG_STAT,OWNER,MAKE,MODEL,MAK_MOD,BODY_TYP,MOD_YEAR,VIN,VIN_1,VIN_2,VIN_3,VIN_4,VIN_5,VIN_6,VIN_7,VIN_8,VIN_9,VIN_10,VIN_11,VIN_12,TOW_VEH,VINTYPE,VINMAKE,VINA_MOD,VIN_BT,VINMODYR,VIN_LNGT,VIN_WGT,WGTCD_TR,WHLBS_LG,WHLBS_SH,SER_TR,FUELCODE,MCYCL_DS,CARBUR,CYLINDER,DISPLACE,MCYCL_CY,MCYCL_WT,TIRE_SZE,TON_RAT,TRK_WT,TRKWTVAR,VIN_REST,WHLDRWHL,J_KNIFE,MCARR_I1,MCARR_I2,MCARR_ID,GVWR,V_CONFIG,CARGO_BT,HAZ_INV,HAZ_PLAC,HAZ_ID,HAZ_CNO,HAZ_REL,BUS_USE,SPEC_USE,EMER_USE,TRAV_SP,UNDERIDE,ROLLOVER,ROLINLOC,IMPACT1,IMPACT2,DEFORMED,TOWED,M_HARM,VEH_SC1,VEH_SC2,FIRE_EXP,DR_PRES,L_STATE,DR_ZIP,L_STATUS,L_TYPE,CDL_STAT,L_ENDORS,L_COMPL,L_RESTRI,DR_HGT,DR_WGT,PREV_ACC,PREV_SUS,PREV_DWI,PREV_SPD,PREV_OTH,FIRST_MO,FIRST_YR,LAST_MO,LAST_YR,SPEEDREL,DR_SF1,DR_SF2,DR_SF3,DR_SF4,VTRAFWAY,VNUM_LAN,VSPD_LIM,VALIGN,VPROFILE,VPAVETYP,VSURCOND,VTRAFCON,VTCONT_F,P_CRASH1,P_CRASH2,P_CRASH3,PCRASH4,PCRASH5,ACC_TYPE,DEATHS,DR_DRINK
1,10351,1,2,1,15,6,20,40,12,8,1,0,1,2,37,703,37703,80,1991,JH2MC240XMK0,J,H,2,M,C,2,4,0,X,M,K,0,0,M,HOND,B25,RS,91,17,,,,,,,250,,1,,4,297,,,,,,,0,0,000000000,00000000000,0,0,0,1,0,0,0,0,0,0,0,999,0,0,0,1,98,6,2,12,0,0,0,1,1,36482,2,1,0,0,2,0,71,145,0,1,0,0,0,12,2009,12,2009,0,51,0,0,0,1,2,55,1,1,2,1,0,0,1,54,1,1,1,64,1,1
1,10351,2,2,2,15,6,20,40,12,8,1,0,1,1,20,403,20403,14,2004,1GNDS13S6421,1,G,N,D,S,1,3,S,6,4,2,1,0,P,CHEV,TRL,UT,4,17,4425,,0,1130,,G,,F,6,256,,,16R245,,,,,,0,0,000000000,00000000000,0,0,0,1,0,0,0,0,0,0,0,50,0,0,0,1,98,6,2,12,0,0,0,1,1,36540,6,1,0,0,3,0,73,178,2,0,0,1,0,9,2008,12,2010,0,0,0,0,0,1,2,55,1,1,2,1,0,0,1,54,6,1,1,65,0,0
1,10352,1,2,1,15,6,11,15,12,6,1,0,1,1,49,32,49032,4,2007,1NXBR32E37Z7,1,N,X,B,R,3,2,E,3,7,Z,7,0,P,TOYT,UCS,4D,7,17,2530,,0,1024,,G,,F,4,109,,,15R185,,,,,,0,0,000000000,00000000000,0,0,0,1,0,0,0,0,0,0,0,20,0,0,0,12,98,4,3,12,0,0,0,1,1,35670,6,1,0,0,3,0,64,170,0,0,0,0,0,0,0,0,0,0,89,38,0,0,1,2,45,1,1,2,1,0,0,11,55,1,1,1,68,0,0
1,10352,2,2,1,15,6,11,15,12,6,1,0,1,1,72,706,72706,80,9999,999999999999,9,9,9,9,9,9,9,9,9,9,9,9,0,,,,,,,,,,,,,,,,,,,,,,,,,0,0,000000000,00000000000,0,0,0,1,0,0,0,0,0,0,0,45,0,0,0,3,98,6,2,12,0,0,0,1,1,35670,1,1,0,0,2,0,70,185,0,1,0,2,0,6,2009,11,2010,0,89,0,0,0,1,2,45,1,1,2,1,0,0,1,62,1,1,1,69,1,0
1,10353,1,2,1,16,6,7,30,12,1,1,0,1,3,86,881,86881,63,1993,1M2P267C8PM0,1,M,2,P,2,6,7,C,8,P,M,0,0,T,MACK,RD6,CC,93,17,,8,0,0,600,D,,,6,728,,,,,00000,00,,64,0,57,1237983,571237983,3,2,4,1,0,0,0,0,0,0,0,55,0,0,0,12,12,6,2,12,0,0,0,1,1,35654,6,1,6,0,3,1,71,240,0,0,0,0,0,0,0,0,0,0,0,0,0,0,3,3,55,1,1,1,1,0,0,1,51,1,1,1,24,0,0
1,10353,2,2,1,16,6,7,30,12,1,1,0,92,0,98,998,98998,92,1994,LV5300D23134,L,V,5,3,0,0,D,2,3,1,3,4,0,U,,,,94,13,,,,,,,,,,,,,,,,,,,0,0,000000000,00000000000,0,0,0,1,0,0,0,0,0,0,0,30,0,1,1,6,98,6,2,12,0,0,0,1,1,35661,1,1,1,0,1,0,72,210,0,0,0,0,0,0,0,0,0,0,0,0,0,0,3,3,55,1,1,1,1,0,0,1,53,1,1,1,25,1,0
1,10354,1,1,1,17,6,3,0,32,0,1,0,1,1,53,706,53706,80,2006,JS1VS55A4621,J,S,1,V,S,5,5,A,4,6,2,1,0,M,SUZI,C50,RS,6,17,,,,,,,805,,2,,4,542,,,,,,,0,0,000000000,00000000000,0,0,0,1,0,0,0,0,0,0,0,65,0,0,0,12,98,6,2,32,0,0,0,1,1,36271,6,1,6,0,3,0,70,270,0,0,0,0,1,12,2010,12,2010,1,0,0,0,0,1,2,55,3,1,2,1,0,0,14,12,1,1,4,6,1,1
1,10355,1,1,1,19,6,17,20,1,0,1,0,1,1,58,401,58401,14,2001,JNRDR09YX1W2,J,N,R,D,R,0,9,Y,X,1,W,2,0,P,INFI,QX4,UT,1,17,4218,,0,1063,,G,,F,6,213,,,15R245,,,,,,0,0,000000000,00000000000,0,0,0,1,0,0,0,0,0,0,0,999,0,1,1,0,98,6,2,1,0,0,0,1,1,35005,6,1,0,0,3,0,74,210,1,0,0,0,0,7,2010,7,2010,1,0,0,0,0,2,4,65,1,1,2,1,0,0,1,12,7,1,6,98,1,0
1,10356,1,1,2,20,6,15,10,1,0,1,0,1,2,37,403,37403,14,2006,5J6YH18786L0,5,J,6,Y,H,1,8,7,8,6,L,0,0,P,HOND,ELE,UT,6,17,3441,,0,1014,,G,,F,4,146,,,16R215,,,,,,0,0,000000000,00000000000,0,0,0,1,0,0,0,0,0,0,0,65,0,1,1,0,98,6,2,1,0,0,0,1,1,35180,6,1,0,0,3,0,67,140,0,0,0,0,0,0,0,0,0,0,58,0,0,0,2,2,50,1,6,2,1,0,0,1,12,7,3,6,98,1,0
1,10357,1,2,1,20,6,6,15,12,1,1,0,13,3,86,881,86881,63,2006,1M2AG11C96M0,1,M,2,A,G,1,1,C,9,6,M,0,0,T,MACK,CV7,CC,6,17,,8,0,0,700,D,,,6,728,,,,,00000,00,,64,0,57,491640,57491640,3,2,4,1,0,0,0,0,0,0,0,30,0,0,0,6,6,6,2,12,0,0,0,1,13,31010,6,1,6,0,3,1,73,238,98,0,0,0,0,0,0,0,0,0,38,0,0,0,2,2,70,3,5,2,1,0,0,3,53,1,1,1,25,0,0
1,10357,2,2,1,20,6,6,15,12,1,1,0,1,3,98,806,98806,62,2011,5PVNJ8JV0B4S,5,P,V,N,J,8,J,V,0,B,4,S,0,T,HINO,268,CC,11,17,,6,0,0,HIN,D,,,6,469,,,,,00000,00,,42,0,57,576213,57576213,2,1,1,1,0,0,0,0,0,0,0,70,0,0,0,12,12,6,2,12,0,0,0,1,1,36108,6,1,0,0,3,0,73,300,0,0,0,0,0,0,0,0,0,0,0,0,0,0,2,2,70,3,5,2,1,0,0,14,51,1,1,1,24,1,0
1,10358,1,1,2,21,6,17,30,1,0,1,0,1,2,21,401,21401,14,1999,1GHDT13W1X27,1,G,H,D,T,1,3,W,1,X,2,7,0,P,OLDS,BRA,UT,99,17,4068,,0,1070,,G,,F,6,262,,,15R235,,,,,,0,0,000000000,00000000000,0,0,0,1,0,0,0,0,0,0,0,65,0,1,5,0,98,6,2,1,0,0,0,1,1,36432,6,1,0,0,3,0,62,187,0,0,0,0,0,0,0,0,0,0,0,0,0,0,1,2,55,3,5,2,1,0,0,14,1,1,4,4,2,1,0
1,10359,1,1,1,25,6,23,2,8,0,1,1,1,2,14,6,14006,4,2000,2MEFM74W1YX6,2,M,E,F,M,7,4,W,1,Y,X,6,0,P,MERC,GMG,4D,0,17,3958,,0,1147,,G,,F,8,281,,,16R225,,,,,,0,0,000000000,00000000000,0,0,0,1,0,0,0,0,0,0,0,999,0,0,0,12,12,4,1,8,0,0,0,1,1,35217,1,1,0,0,2,0,67,140,0,0,0,0,0,0,0,0,0,9,92,0,0,0,6,2,60,1,6,2,1,0,0,1,80,1,1,1,13,0,1
1,10360,1,1,1,29,6,21,22,43,0,1,0,1,1,37,706,37706,80,2003,1HFSC49003A1,1,H,F,S,C,4,9,0,0,3,A,1,0,M,HOND,XTR,RS,3,17,,,,,,,1795,,2,,4,720,,,,,,,0,0,000000000,00000000000,0,0,0,1,0,0,0,0,0,0,0,40,0,0,0,98,98,2,3,1,0,0,0,1,1,35447,6,1,6,0,2,0,71,240,0,0,0,0,0,0,0,0,0,0,0,0,0,0,1,2,35,1,5,2,1,0,0,1,13,1,1,4,1,1,1
1,10361,1,5,2,29,3,18,55,12,1,1,0,47,3,51,881,51881,66,2005,4V4NC9GH35N3,4,V,4,N,C,9,G,H,3,5,N,3,1,T,VOLV,VNL,TR,5,17,,8,0,0,VVN,D,,,6,732,,,,,00000,00,,64,1,57,1723307,571723307,3,6,1,1,0,0,0,0,0,0,0,60,7,0,0,12,98,6,2,12,0,0,0,1,47,46307,6,1,6,1,3,1,74,230,0,0,0,0,0,0,0,0,0,0,0,0,0,0,2,2,70,1,1,2,1,0,0,1,52,4,1,1,28,0,0
1,10361,2,5,1,29,3,18,55,12,1,1,0,1,1,37,31,37031,4,1995,1HGEG8647SL0,1,H,G,E,G,8,6,4,7,S,L,0,0,P,HOND,CDL,4D,95,17,2250,,0,1032,,G,,F,4,091,,,13R175,,,,,,0,0,000000000,00000000000,0,0,0,1,0,0,0,0,0,0,0,999,0,0,0,6,98,6,2,12,0,0,0,1,1,35601,6,1,6,0,3,0,69,175,2,0,0,3,0,8,2008,10,2010,0,89,0,0,0,2,2,70,1,1,2,1,0,0,2,53,1,1,1,29,1,0
1,10361,3,5,5,29,3,18,55,12,1,1,0,29,2,41,402,41402,14,2002,4F2YU08112KM,4,F,2,Y,U,0,8,1,1,2,K,M,0,P,MAZD,TRI,UT,2,17,3455,,0,1031,,G,,F,6,181,,,16R235,,,,,,0,0,000000000,00000000000,0,0,0,1,0,0,0,0,0,0,0,20,0,0,0,99,98,2,1,54,0,0,0,1,17,60565,6,1,0,0,3,0,68,150,0,0,0,1,0,7,2010,7,2010,0,0,0,0,0,2,2,70,1,1,2,1,0,0,2,53,1,1,1,98,0,0
1,10361,4,5,1,29,3,18,55,12,1,1,0,39,1,37,32,37032,2,2003,1HGCM72613A0,1,H,G,C,M,7,2,6,1,3,A,0,0,P,HOND,UEX,CP,3,17,3047,,0,1051,,G,,F,4,146,,,16R205,,,,,,0,0,000000000,00000000000,0,0,0,1,0,0,0,0,0,0,0,20,0,0,0,5,98,6,2,12,0,0,0,1,12,32566,6,1,0,0,3,1,67,999,0,0,0,0,0,0,0,0,0,0,0,0,0,0,2,2,70,1,1,2,1,0,0,2,53,6,1,2,98,0,0
1,10361,5,5,1,29,3,18,55,12,1,1,0,1,1,7,442,7442,20,2006,1D4GP25E56B5,1,D,4,G,P,2,5,E,5,6,B,5,0,P,DODG,CAR,SV,6,17,3821,,0,1133,,F,,F,6,201,,,15R215,,,,,,0,0,000000000,00000000000,0,0,0,1,0,0,0,0,0,0,0,0,0,0,0,6,6,2,1,54,0,0,0,1,1,35127,6,1,0,0,3,0,64,175,2,0,0,0,0,3,2009,6,2009,0,0,0,0,0,2,2,70,1,1,2,1,0,0,5,53,1,1,1,98,0,0
1,10362,1,2,2,5,6,1,45,12,2,1,1,1,2,12,401,12401,14,2003,1FMZU65K33ZA,1,F,M,Z,U,6,5,K,3,3,Z,A,0,P,FORD,EPR,UT,3,17,4094,,0,1137,,F,,F,6,245,,,17R245,,,,,,0,0,000000000,00000000000,0,0,0,1,0,0,0,0,0,0,0,40,0,0,0,12,12,6,2,12,0,0,0,1,99,99999,9,9,99,9,9,9,999,999,99,99,99,99,99,99,9999,99,9999,0,0,0,0,0,1,2,55,1,5,2,1,0,0,1,10,1,1,2,50,0,0
1,10362,2,2,1,5,6,1,45,12,2,1,0,13,2,52,34,52034,4,1999,4A3AA46G8XE1,4,A,3,A,A,4,6,G,8,X,E,1,0,P,MITS,GES,4D,99,17,2935,,0,1037,,G,,F,4,143,,,16R205,,,,,,0,0,000000000,00000000000,0,0,0,1,0,0,0,0,0,0,0,45,0,0,0,12,12,6,2,12,0,0,0,1,13,30113,1,1,0,0,2,0,69,208,98,2,0,0,0,6,2009,3,2011,0,0,0,0,0,1,2,55,1,6,2,1,0,0,1,62,1,1,1,51,1,1
1,10363,1,2,1,24,6,17,35,12,6,1,0,1,1,18,2,18002,4,1995,1G4HR52L3SH5,1,G,4,H,R,5,2,L,3,S,H,5,0,P,BUIC,LLF,4D,95,17,3442,,0,1108,,G,,F,6,231,,,15R205,,,,,,0,0,000000000,00000000000,0,0,0,1,0,0,0,0,0,0,0,25,0,0,0,9,9,6,2,12,0,0,0,1,1,36545,6,1,0,0,3,0,71,190,0,0,0,0,0,0,0,0,0,0,48,0,0,0,5,4,55,1,1,2,1,0,0,11,10,1,1,2,72,1,0
1,10363,2,2,1,24,6,17,35,12,6,1,0,1,3,20,481,20481,31,2009,1GCHK63669F1,1,G,C,H,K,6,3,6,6,9,F,1,1,T,CHEV,2K3,CW,9,17,,2,1670,1530,SIL,D,,,8,403,,,,C,5960,02,,44,1,0,000000000,00000000000,0,0,0,1,0,0,0,0,0,0,0,60,0,0,0,12,12,6,2,12,0,0,0,1,1,36451,6,1,0,0,3,0,72,190,1,1,0,1,0,4,2009,3,2010,0,0,0,0,0,5,4,55,1,1,2,1,0,0,1,60,6,1,1,73,0,0
1,10364,1,1,1,24,6,3,0,43,0,1,0,1,2,7,20,7020,4,2000,1B3ES46C1YD8,1,B,3,E,S,4,6,C,1,Y,D,8,0,P,DODG,NSE,4D,0,17,2515,,0,1050,,G,,F,4,122,,,14R185,,,,,,0,0,000000000,00000000000,0,0,0,1,0,0,0,0,0,0,0,999,0,0,0,12,98,6,2,30,0,0,0,1,1,36854,1,1,0,0,2,1,66,185,0,1,0,1,0,8,2009,2,2010,0,58,0,0,0,1,2,35,3,5,2,1,0,0,14,12,1,1,4,6,1,1
1,10365,1,1,1,25,6,22,23,42,0,1,0,1,1,49,40,49040,4,2009,4T1BE46K99U8,4,T,1,B,E,4,6,K,9,9,U,8,0,P,TOYT,CBA,4D,9,17,3263,,0,1090,,G,,F,4,144,,,16R215,,,,,,0,0,000000000,00000000000,0,0,0,1,0,0,0,0,0,0,0,999,0,1,5,99,98,6,2,1,0,0,0,1,1,36109,6,1,0,0,3,0,62,115,0,0,0,0,0,0,0,0,0,9,89,0,0,0,2,2,55,3,1,2,1,0,0,14,13,1,1,4,1,1,1
1,10366,1,1,4,21,6,23,59,8,0,1,0,22,4,12,481,12481,31,2011,1FTEW1CM1BKD,1,F,T,E,W,1,C,M,1,B,K,D,1,T,FORD,F1S,CW,11,17,,2,0,1450,COF,F,,,6,226,,,,B,5128,03,7,42,1,0,000000000,00000000000,0,0,0,1,0,0,0,0,0,0,0,999,0,0,0,12,12,2,1,8,0,0,0,1,13,30012,6,1,0,0,3,0,64,135,98,0,0,1,0,1,2011,1,2011,0,0,0,0,0,2,2,65,1,1,2,1,0,0,1,80,7,1,1,13,0,0
1,10367,1,2,2,1,7,21,59,12,6,1,0,1,1,37,402,37402,14,2006,JHLRD78856C0,J,H,L,R,D,7,8,8,5,6,C,0,0,P,HOND,CRV,UT,6,17,3472,,0,1033,,G,,F,4,146,,,16R215,,,,,,0,0,000000000,00000000000,0,0,0,1,0,0,0,0,0,0,0,20,0,0,0,2,2,6,2,12,0,0,0,1,1,35475,6,1,0,0,3,1,71,230,0,0,0,0,0,0,0,0,0,0,0,0,0,0,2,4,65,1,1,2,1,0,0,11,55,1,1,1,68,0,0
1,10367,2,2,2,1,7,21,59,12,6,1,0,1,1,72,706,72706,80,2007,1HD1FC4147Y6,1,H,D,1,F,C,4,1,4,7,Y,6,0,M,HD,FLU,RS,7,17,,,,,,,1584,,2,,4,808,,,,,,,0,0,000000000,00000000000,0,0,0,1,0,0,0,0,0,0,0,999,0,0,0,12,98,6,2,12,0,0,0,1,1,35215,6,1,6,0,3,0,67,190,0,0,0,0,0,0,0,0,0,0,89,0,0,0,2,2,65,1,1,2,1,0,0,1,66,1,1,1,69,2,0
1,10368,1,2,2,8,7,15,0,12,1,1,0,13,3,98,806,98806,62,2005,5PVNE8JT952S,5,P,V,N,E,8,J,T,9,5,2,S,0,T,HINO,268,CC,5,17,,6,0,0,HIN,D,,,6,469,,,,,00000,00,,42,0,99,999999999,99999999999,2,1,1,1,0,0,0,0,0,0,0,60,0,1,5,12,98,6,2,12,0,0,0,1,13,30071,6,1,0,0,3,0,67,170,98,0,0,0,0,0,0,0,0,0,0,0,0,0,1,2,45,1,1,2,1,0,0,1,50,4,1,1,20,0,0
1,10368,2,2,3,8,7,15,0,12,1,1,0,1,1,20,39,20039,4,2009,KL1TG66E99B3,K,L,1,T,G,6,6,E,9,9,B,3,0,P,CHEV,LTA,5D,9,17,2547,,0,976,,G,,F,4,098,,,15R185,,,,,,0,0,000000000,00000000000,0,0,0,1,0,0,0,0,0,0,0,0,0,0,0,6,6,6,2,12,0,0,0,1,1,36272,6,1,0,0,3,0,69,180,0,0,0,0,0,0,0,0,0,0,0,0,0,0,1,2,45,1,1,2,1,0,0,5,53,1,1,1,22,2,0
1,10369,1,2,2,1,7,8,0,12,7,1,0,47,2,49,40,49040,4,1999,4T1BG22K7XU4,4,T,1,B,G,2,2,K,7,X,U,4,0,P,TOYT,UEX,4D,99,17,2998,,0,1051,,G,,F,4,132,,,14R195,,,,,,0,0,000000000,00000000000,0,0,0,1,0,0,0,0,0,0,0,70,0,0,0,10,10,2,1,12,0,0,0,1,47,37091,6,1,0,0,3,1,61,103,0,0,0,0,0,0,0,0,0,0,85,0,0,0,2,2,70,1,1,2,1,0,0,1,10,1,1,2,45,0,0
1,10369,2,2,1,1,7,8,0,12,7,1,0,1,1,49,401,49401,14,1999,JT3HN87R8X90,J,T,3,H,N,8,7,R,8,X,9,0,0,P,TOYT,RUN,UT,99,17,3930,,0,1053,,G,,F,6,206,,,16R265,,,,,,0,0,000000000,00000000000,0,0,0,1,0,0,0,0,0,0,0,70,0,1,3,2,98,6,2,1,0,0,0,1,1,35453,6,1,0,0,3,0,64,170,0,0,0,1,0,2,2009,2,2009,0,0,0,0,0,2,4,70,1,1,2,1,0,0,1,61,1,1,1,44,1,0
1,10370,1,1,1,1,7,18,35,42,0,1,0,1,1,37,31,37031,4,2006,1HGFA16596L0,1,H,G,F,A,1,6,5,9,6,L,0,0,P,HOND,UCL,4D,6,17,2751,,0,1063,,G,,F,4,110,,,16R205,,,,,,0,0,000000000,00000000000,0,0,0,1,0,0,0,0,0,0,0,50,0,0,0,11,11,6,2,42,0,0,0,1,1,35150,0,0,0,0,0,0,66,170,0,0,0,0,0,0,0,0,0,1,0,0,0,0,1,2,35,1,1,2,1,0,0,1,6,1,1,4,6,1,0
1,10371,1,1,1,1,7,23,15,42,0,1,0,1,1,20,481,20481,31,1996,2GCEC19R0T12,2,G,C,E,C,1,9,R,0,T,1,2,0,T,CHEV,GC1,PC,96,17,,2,1555,1415,GM4,G,,,8,350,,,,B,4068,02,,42,0,0,000000000,00000000000,0,0,0,1,0,0,0,0,0,0,0,999,0,0,0,12,98,6,2,42,0,0,0,1,1,36703,6,1,0,0,3,0,71,218,1,1,1,0,0,2,2010,8,2010,0,89,58,0,0,1,2,55,3,1,2,1,0,0,14,13,6,2,4,7,1,1
1,10372,1,1,2,2,7,1,14,34,0,1,0,13,2,12,3,12003,2,2004,1FAFP42X54F1,1,F,A,F,P,4,2,X,5,4,F,1,0,P,FORD,MGT,CP,4,17,3114,,0,1013,,G,,F,8,281,,,17R245,,,,,,0,0,000000000,00000000000,0,0,0,1,0,0,0,0,0,0,0,999,0,1,5,11,98,6,2,1,0,0,0,1,1,35120,6,1,0,0,3,0,73,190,0,0,0,0,0,0,0,0,0,0,89,0,0,0,1,2,35,3,3,2,1,0,0,14,12,1,1,4,6,1,1
1,10373,1,2,1,1,7,7,15,12,2,1,0,1,1,12,3,12003,2,2004,1FAFP42X04F1,1,F,A,F,P,4,2,X,0,4,F,1,0,P,FORD,MGT,CP,4,17,3114,,0,1013,,G,,F,8,281,,,17R245,,,,,,0,0,000000000,00000000000,0,0,0,1,0,0,0,0,0,0,0,65,0,0,0,12,12,6,2,12,0,0,0,1,1,35580,6,1,0,0,3,0,72,220,1,0,0,0,0,10,2010,10,2010,0,0,0,0,0,1,2,55,1,6,2,1,0,0,1,10,1,1,2,50,1,0
1,10373,2,2,1,1,7,7,15,12,2,1,0,1,3,86,881,86881,66,1994,1M2P267YXRM0,1,M,2,P,2,6,7,Y,X,R,M,0,1,T,MACK,RD6,TR,94,17,,8,0,0,600,D,,,6,728,,,,,00000,00,,64,1,57,1534078,571534078,3,6,4,1,0,0,0,0,0,0,0,50,0,0,0,12,12,6,2,12,0,0,0,1,1,35502,6,1,6,0,3,0,69,195,0,0,0,0,1,2,2010,2,2010,0,0,0,0,0,1,2,55,1,5,2,1,0,0,1,62,2,1,1,51,0,0
1,10374,1,1,1,2,7,13,20,32,0,1,0,12,1,72,706,72706,80,2008,1HD1JL5168Y0,1,H,D,1,J,L,5,1,6,8,Y,0,0,M,HD,XTC,RS,8,17,,,,,,,1584,,2,,4,703,,,,,,,0,0,000000000,00000000000,0,0,0,1,0,0,0,0,0,0,0,60,0,0,0,12,98,6,2,1,0,0,0,1,12,32446,6,1,0,0,3,1,76,999,0,0,0,0,0,0,0,0,0,1,0,0,0,0,1,2,45,1,1,2,1,0,0,6,12,1,1,4,6,1,0
1,10375,1,2,2,2,7,2,13,12,2,1,0,1,1,20,481,20481,31,1998,1GCEK19MXWE1,1,G,C,E,K,1,9,M,X,W,E,1,0,T,CHEV,GK1,PC,98,17,,2,1555,1415,GM4,G,,,8,305,,,,B,00000,00,,44,0,0,000000000,00000000000,0,0,0,1,0,0,0,0,0,0,0,55,0,0,0,12,12,6,2,12,0,0,0,1,1,35611,6,1,0,0,3,0,72,150,0,0,0,0,0,0,0,0,0,0,89,51,0,0,1,2,60,1,6,2,1,0,0,1,54,1,1,1,52,0,1
1,10375,2,2,1,2,7,2,13,12,2,1,0,26,2,49,32,49032,5,2004,2T1KR32E04C2,2,T,1,K,R,3,2,E,0,4,C,2,0,P,TOYT,CTR,4H,4,17,2701,,0,1024,,G,,F,4,109,,,16R205,,,,,,0,0,000000000,00000000000,0,0,0,1,0,0,0,0,0,0,0,60,0,0,0,12,12,6,2,12,0,0,0,1,26,48126,6,1,0,0,3,0,66,128,0,0,0,0,0,0,0,0,0,0,0,0,0,0,1,2,60,1,5,2,1,0,0,1,54,1,1,1,52,1,0
1,10376,1,1,1,3,7,13,15,42,0,1,0,1,2,55,33,55033,4,2009,5NPET46C89H4,5,N,P,E,T,4,6,C,8,9,H,4,0,P,HYUN,SGL,4D,9,17,3292,,0,1074,,G,,F,4,144,,,16R215,,,,,,0,0,000000000,00000000000,0,0,0,1,0,0,0,0,0,0,0,85,0,0,0,12,12,6,2,42,0,0,0,1,1,36723,6,1,0,0,3,0,64,180,0,0,0,0,0,0,0,0,0,1,0,0,0,0,1,2,45,2,6,2,1,0,0,14,12,1,1,4,6,1,0
1,10377,1,1,1,4,7,19,0,52,0,1,0,1,1,20,481,20481,31,1979,CCL249F46798,C,C,L,2,4,9,F,4,6,7,9,8,0,T,CHEV,C20,PK,79,13,,2,1645,1295,C20,G,,,8,350,,,,CD,3960,10,,42,0,0,000000000,00000000000,0,0,0,1,0,0,0,0,0,0,0,999,0,0,0,12,12,6,2,34,0,0,0,1,1,35215,6,1,6,0,3,0,74,215,0,0,0,0,0,0,0,0,0,0,0,0,0,0,1,2,45,3,6,2,2,0,0,14,12,1,1,4,6,1,0
1,10378,1,1,1,4,7,19,28,30,0,1,0,1,2,72,706,72706,80,2001,1HD1BWB191Y0,1,H,D,1,B,W,B,1,9,1,Y,0,0,M,HD,FSI,RS,1,17,,,,,,,1450,,2,,4,696,,,,,,,0,0,000000000,00000000000,0,0,0,1,0,0,0,0,0,0,0,50,0,0,0,10,98,6,2,30,0,0,0,1,1,36604,6,1,0,0,3,0,69,150,0,0,0,1,0,10,2008,10,2008,1,0,0,0,0,1,2,25,3,1,2,1,0,0,14,13,1,1,4,1,1,1
1,10379,1,2,1,6,7,6,38,43,0,1,0,1,2,49,46,49046,4,2009,JTDKB20U1978,J,T,D,K,B,2,0,U,1,9,7,8,0,P,TOYT,PRI,4H,9,17,2932,,0,1063,,B,,F,4,091,,,15R185,,,,,,0,0,000000000,00000000000,0,0,0,1,0,0,0,0,0,0,0,999,0,1,5,12,98,6,2,12,0,0,0,1,1,35976,6,1,0,0,3,1,70,180,0,0,0,1,0,5,2010,5,2010,9,0,0,0,0,1,2,40,1,1,2,1,0,0,1,13,1,1,4,1,1,0
1,10379,2,2,1,6,7,6,38,43,0,1,0,1,1,37,32,37032,4,2007,1HGCM56887A0,1,H,G,C,M,5,6,8,8,7,A,0,0,P,HOND,UEX,4D,7,17,3228,,0,1079,,G,,F,4,146,,,16R205,,,,,,0,0,000000000,00000000000,0,0,0,1,0,0,0,0,0,0,0,0,0,0,0,9,9,6,2,12,0,0,0,1,1,35803,6,1,0,0,3,0,65,145,0,0,0,0,0,0,0,0,0,0,0,0,0,0,1,2,40,1,1,2,1,21,3,5,68,1,1,1,98,0,0
1,10380,1,1,1,31,5,8,53,19,0,1,0,1,1,20,9,20009,2,1994,2G1FP22P3R21,2,G,1,F,P,2,2,P,3,R,2,1,0,P,CHEV,Z28,CP,94,17,3424,,0,1011,,G,,F,8,350,,,16R235,,,,,,0,0,000000000,00000000000,0,0,0,1,0,0,0,0,0,0,0,999,0,0,0,12,98,6,2,19,0,0,1,1,1,35654,6,1,0,0,3,1,75,260,0,0,3,0,0,3,2009,7,2009,1,0,0,0,0,1,2,35,3,1,1,1,40,3,14,13,1,1,4,1,1,0
1,10381,1,1,1,9,6,22,52,53,0,1,0,1,1,18,2,18002,4,1995,1G4HP52L7SH4,1,G,4,H,P,5,2,L,7,S,H,4,0,P,BUIC,LCF,4D,95,17,3422,,0,1108,,G,,F,6,231,,,15R205,,,,,,0,0,000000000,00000000000,0,0,0,1,0,0,0,0,0,0,0,40,0,1,5,12,98,6,2,1,0,0,0,1,1,35645,2,1,0,0,2,0,70,220,2,2,0,0,1,5,2009,6,2010,0,0,0,0,0,1,2,45,1,1,2,1,0,0,1,13,1,1,4,1,1,1
1,10382,1,1,1,6,7,21,5,8,0,1,0,1,1,7,41,7041,4,1995,1B3HD56F9SF6,1,B,3,H,D,5,6,F,9,S,F,6,0,P,DODG,IES,4D,95,17,3397,,0,1130,,G,,F,6,215,,,16R225,,,,,,0,0,000000000,00000000000,0,0,0,1,0,0,0,0,0,0,0,50,0,0,0,12,12,4,3,8,0,0,0,1,1,35646,6,1,0,0,3,0,74,225,0,0,0,0,0,0,0,0,0,0,89,0,0,0,2,3,55,1,1,2,1,3,3,1,80,1,1,1,13,0,0