STATE,ST_CASE,VEH_NO,VE_FORMS,NUMOCCS,DAY,MONTH,HOUR,MINUTE,HARM_EV,MAN_COLL,UNITTYPE,HIT_RUN,REG_STAT,OWNER,MAKE,MODEL,MAK_MOD,BODY_TYP,MOD_YEAR,VIN,VIN_1,VIN_2,VIN_3,VIN_4,VIN_5,VIN_6,VIN_7,VIN_8,VIN_9,VIN_10,VIN_11,VIN_12,TOW_VEH,VINTYPE,VINMAKE,VINA_MOD,VIN_BT,VINMODYR,VIN_LNGT,VIN_WGT,WGTCD_TR,WHLBS_LG,WHLBS_SH,SER_TR,FUELCODE,MCYCL_DS,CARBUR,CYLINDER,DISPLACE,MCYCL_CY,MCYCL_WT,TIRE_SZE,TON_RAT,TRK_WT,TRKWTVAR,VIN_REST,WHLDRWHL,J_KNIFE,MCARR_I1,MCARR_I2,MCARR_ID,GVWR,V_CONFIG,CARGO_BT,HAZ_INV,HAZ_PLAC,HAZ_ID,HAZ_CNO,HAZ_REL,BUS_USE,SPEC_USE,EMER_USE,TRAV_SP,UNDERIDE,ROLLOVER,ROLINLOC,IMPACT1,IMPACT2,DEFORMED,TOWED,M_HARM,VEH_SC1,VEH_SC2,FIRE_EXP,DR_PRES,L_STATE,DR_ZIP,L_STATUS,L_TYPE,CDL_STAT,L_ENDORS,L_COMPL,L_RESTRI,DR_HGT,DR_WGT,PREV_ACC,PREV_SUS,PREV_DWI,PREV_SPD,PREV_OTH,FIRST_MO,FIRST_YR,LAST_MO,LAST_YR,SPEEDREL,DR_SF1,DR_SF2,DR_SF3,DR_SF4,VTRAFWAY,VNUM_LAN,VSPD_LIM,VALIGN,VPROFILE,VPAVETYP,VSURCOND,VTRAFCON,VTCONT_F,P_CRASH1,P_CRASH2,P_CRASH3,PCRASH4,PCRASH5,ACC_TYPE,DEATHS,DR_DRINK
1,10383,1,2,1,12,7,5,21,12,6,1,0,1,1,24,7,24007,4,2005,1G8AM12F65Z1,1,G,8,A,M,1,2,F,6,5,Z,1,0,P,STRN,SI2,C4,5,17,2784,,0,1032,,G,,F,4,134,,,15R195,,,,,,0,0,000000000,00000000000,0,0,0,1,0,0,0,0,0,0,0,50,0,0,0,3,98,6,2,12,0,0,0,1,1,35055,6,1,0,0,3,1,70,125,2,0,0,0,0,1,2009,3,2010,0,0,0,0,0,1,2,55,1,1,2,2,0,0,2,9,1,4,2,66,1,0
1,10383,2,2,2,12,7,5,21,12,6,1,0,1,1,20,880,20880,67,2006,1GCJK33D56F2,1,G,C,J,K,3,3,D,5,6,F,2,0,T,CHEV,SK3,CW,6,17,,3,0,1670,SIL,D,,,8,403,,,,D,6322,02,,44,0,88,888888888,88888888888,2,1,96,1,0,0,0,0,0,0,0,50,0,0,0,12,12,6,2,12,0,0,0,1,1,35057,6,1,6,0,3,0,65,165,0,0,0,0,1,4,2010,4,2010,0,0,0,0,0,1,2,55,1,1,2,2,0,0,1,62,1,1,1,66,0,0
1,10384,1,1,3,14,7,14,45,34,0,1,0,1,2,12,461,12461,21,2002,1FDPE24L72HA,1,F,D,P,E,2,4,L,7,2,H,A,0,T,FORD,25V,CG,2,17,,2,0,1380,VAN,G,,,8,330,,,,C,5270,00,E,42,0,0,000000000,00000000000,0,0,0,1,0,0,0,0,0,0,0,999,0,0,0,12,98,6,2,42,32,44,0,1,1,35986,0,0,0,0,0,0,999,999,0,0,0,0,0,0,0,0,0,9,52,0,0,0,1,2,25,1,1,2,1,0,0,1,8,7,2,4,7,2,1
1,10385,1,2,1,20,7,8,45,12,2,1,0,1,2,12,401,12401,14,2000,1FMZU72X6YZB,1,F,M,Z,U,7,2,X,6,Y,Z,B,0,P,FORD,EPR,UT,0,17,4065,,0,1116,,G,,F,6,245,,,15R235,,,,,,0,0,000000000,00000000000,0,0,0,1,0,0,0,0,0,0,0,999,0,0,0,12,12,6,2,12,0,0,0,1,1,36274,6,1,0,0,3,0,70,120,0,0,0,0,1,6,2010,6,2010,9,0,0,0,0,1,2,55,1,6,2,1,0,0,1,10,1,1,2,50,0,0
1,10385,2,2,4,20,7,8,45,12,2,1,0,50,2,49,442,49442,20,2008,5TDZK23C58S2,5,T,D,Z,K,2,3,C,5,8,S,2,0,P,TOYT,SIE,SV,8,17,4177,,0,1193,,G,,F,6,214,,,16R215,,,,,,0,0,000000000,00000000000,0,0,0,1,0,0,0,0,0,0,0,53,0,0,0,12,12,6,2,12,0,0,0,1,50,5753,6,1,0,0,3,0,73,190,0,0,0,0,0,0,0,0,0,0,0,0,0,0,1,2,55,1,6,5,1,0,0,1,62,1,1,1,51,1,0
1,10386,1,1,2,21,6,17,20,35,0,1,0,1,1,2,404,2404,14,2001,1J4GW48S31C5,1,J,4,G,W,4,8,S,3,1,C,5,0,T,JEEP,LRO,4W,1,17,,1,0,1059,GCK,G,,,6,244,,,,,3864,01,E,44,0,0,000000000,00000000000,0,0,0,1,0,0,0,0,0,0,0,999,0,1,5,12,98,6,2,1,0,0,0,1,1,35611,6,1,0,0,3,0,66,135,0,0,0,3,0,4,2009,8,2010,1,89,0,0,0,1,2,45,2,6,2,2,0,0,14,13,1,3,4,2,1,1
1,10387,1,1,1,22,6,16,30,24,0,1,0,13,2,20,421,20421,15,2004,1GNEC13V24R2,1,G,N,E,C,1,3,V,2,4,R,2,0,P,CHEV,CTA,UT,4,17,4828,,0,1160,,G,,F,8,293,,,16R265,,,,,,0,0,000000000,00000000000,0,0,0,1,0,0,0,0,0,0,0,999,0,1,5,7,98,6,2,1,0,0,0,1,1,36105,0,0,0,0,0,0,67,207,0,3,0,0,0,7,2008,10,2009,9,0,0,0,0,3,4,50,1,1,2,2,0,0,1,9,99,9,4,2,1,0
1,10388,1,2,4,15,5,11,14,12,6,1,0,1,1,20,431,20431,16,2000,3GNEC16T8YG1,3,G,N,E,C,1,6,T,8,Y,G,1,0,P,CHEV,C15,UT,0,17,4914,,0,1300,,G,,F,8,325,,,16R245,,,,,,0,0,000000000,00000000000,0,0,0,1,0,0,0,0,0,0,0,999,0,0,0,12,98,6,2,12,0,0,0,1,1,36117,6,1,0,0,3,0,75,210,0,0,0,0,0,0,0,0,0,0,39,0,0,0,1,3,30,1,6,2,1,3,3,1,17,1,1,1,88,0,0
1,10388,2,2,3,15,5,11,14,12,6,1,0,1,1,63,401,63401,14,2002,KNDJB7232251,K,N,D,J,B,7,2,3,2,2,5,1,0,P,KIA,SPO,UT,2,17,3186,,0,1043,,G,,F,4,122,,,15R205,,,,,,0,0,000000000,00000000000,0,0,0,1,0,0,0,0,0,0,0,999,0,1,5,8,98,6,2,12,0,0,0,1,1,36110,6,1,0,0,3,1,62,185,0,0,0,0,0,0,0,0,0,0,0,0,0,0,1,4,30,1,1,2,1,3,3,1,66,1,1,1,89,1,0
1,10389,1,1,1,19,7,14,50,14,0,1,0,1,1,49,472,49472,30,2010,5TETX4CN0AZ7,5,T,E,T,X,4,C,N,0,A,Z,7,0,T,TOYT,ACC,PC,10,17,,1,0,1272,TAC,G,,,4,164,,,,B,3425,00,W,42,0,0,000000000,00000000000,0,0,0,1,0,0,0,0,0,0,0,70,0,0,0,11,98,6,2,14,0,0,0,1,1,35603,6,1,0,0,3,0,69,215,0,0,0,0,0,0,0,0,0,0,0,0,0,0,5,4,55,1,1,2,1,0,0,1,12,1,1,4,6,1,0
1,10390,1,2,1,2,7,10,24,12,6,1,0,1,2,21,20,21020,4,1998,1G3NB52M6W63,1,G,3,N,B,5,2,M,6,W,6,3,0,P,OLDS,CUT,4D,98,17,3102,,0,1070,,G,,F,6,191,,,15R215,,,,,,0,0,000000000,00000000000,0,0,0,1,0,0,0,0,0,0,0,999,0,0,0,8,98,6,2,12,0,0,0,1,1,35622,6,1,0,0,3,0,65,135,1,1,0,1,0,10,2008,3,2010,0,38,0,0,0,2,2,60,1,1,2,1,0,0,1,55,1,1,1,89,1,0
1,10390,2,2,1,2,7,10,24,12,6,1,0,55,3,51,881,51881,66,2007,4V4NC9GH37N4,4,V,4,N,C,9,G,H,3,7,N,4,1,T,VOLV,VNL,TR,7,17,,8,0,0,VVN,D,,,6,732,,,,,00000,00,,64,1,57,57546240,5757546240,3,6,1,1,0,0,0,0,0,0,0,999,0,0,0,12,12,6,2,12,0,0,0,1,28,38873,6,1,6,0,3,0,69,165,0,0,0,0,0,0,0,0,0,0,0,0,0,0,2,2,60,1,1,2,1,0,0,1,71,1,1,1,88,0,0
1,10391,1,1,2,3,7,5,0,8,0,1,1,1,1,20,403,20403,14,2004,1GNDS13S3422,1,G,N,D,S,1,3,S,3,4,2,2,0,P,CHEV,TRL,UT,4,17,4425,,0,1130,,G,,F,6,256,,,16R245,,,,,,0,0,000000000,00000000000,0,0,0,1,0,0,0,0,0,0,0,999,0,0,0,12,12,2,1,8,0,0,0,1,1,36544,6,1,0,0,3,0,60,140,0,0,0,2,0,10,2008,5,2010,0,0,0,0,0,5,2,45,1,1,2,1,0,0,1,80,1,1,1,13,0,0
1,10392,1,1,2,3,7,2,55,24,0,1,0,1,1,60,401,60401,14,1990,JD2BF3102L63,J,D,2,B,F,3,1,0,2,L,6,3,0,P,DAIH,RKY,UT,90,17,0,,0,0,,G,,F,4,097,,,000000,,,,,,0,0,000000000,00000000000,0,0,0,1,0,0,0,0,0,0,0,45,0,1,5,11,98,6,2,1,0,0,0,1,1,35118,6,1,0,0,3,1,70,130,2,1,2,2,0,10,2008,11,2009,0,0,0,0,0,1,2,45,1,6,2,1,0,0,1,12,1,1,4,6,1,1
1,10393,1,2,1,8,7,17,55,12,6,1,0,1,1,12,3,12003,2,2007,1ZVHT82H6753,1,Z,V,H,T,8,2,H,6,7,5,3,0,P,FORD,MGT,CP,7,17,3356,,0,1071,,G,,F,8,281,,,17R235,,,,,,0,0,000000000,00000000000,0,0,0,1,0,0,0,0,0,0,0,999,0,0,0,3,3,6,2,12,0,0,0,1,1,35747,6,1,0,0,3,0,68,184,0,1,0,0,0,8,2010,8,2010,0,8,0,0,0,1,4,65,2,1,2,1,0,0,14,9,1,4,2,66,1,0
1,10393,2,2,1,8,7,17,55,12,6,1,0,1,1,20,481,20481,31,2004,1GCHK29U34E2,1,G,C,H,K,2,9,U,3,4,E,2,1,T,CHEV,2KH,4C,4,17,,2,1575,1435,SIL,G,,,8,364,,,,C,5631,00,,44,1,0,000000000,00000000000,0,0,0,1,0,0,0,0,0,0,0,999,0,0,0,12,12,6,2,12,0,0,0,1,1,35126,6,1,0,0,3,0,69,150,0,0,0,0,0,0,0,0,0,0,0,0,0,0,1,2,65,3,1,2,1,0,0,14,62,1,1,1,66,1,0
1,10394,1,1,1,8,7,9,45,35,0,1,0,1,1,38,402,38402,14,1997,4S2CK58V2V43,4,S,2,C,K,5,8,V,2,V,4,3,0,P,ISU,ROD,UT,97,17,0,,0,1087,,G,,F,6,195,,,16R225,,,,,,0,0,000000000,00000000000,0,0,0,1,0,0,0,0,0,0,0,70,0,1,5,12,98,6,2,1,0,0,0,1,1,35055,6,1,0,0,3,0,63,110,0,0,0,0,1,5,2011,5,2011,0,58,0,0,0,3,2,70,1,6,2,1,0,0,1,12,7,3,4,2,1,1
1,10395,1,1,3,8,7,14,0,34,0,1,0,1,1,12,473,12473,30,2005,1FMZU67K55UA,1,F,M,Z,U,6,7,K,5,5,U,A,0,P,FORD,EPR,UT,5,17,4095,,0,1259,,F,,F,6,245,,,16R235,,,,,,0,0,000000000,00000000000,0,0,0,1,0,0,0,0,0,0,0,70,0,1,5,14,98,6,2,42,0,0,0,1,1,35901,6,1,6,0,3,0,71,140,0,0,0,0,0,0,0,0,0,0,0,0,0,0,2,2,70,1,1,2,1,0,0,1,1,1,2,4,2,1,0
1,10396,1,1,5,9,7,18,15,1,0,1,0,1,2,12,401,12401,14,2003,1FMYU60E13UA,1,F,M,Y,U,6,0,E,1,3,U,A,0,P,FORD,EPR,UT,3,17,3828,,0,1018,,G,,F,6,245,,,16R235,,,,,,0,0,000000000,00000000000,0,0,0,1,0,0,0,0,0,0,0,70,0,1,1,0,98,6,2,1,0,0,0,1,1,35121,6,1,0,0,3,0,72,168,0,0,0,0,0,0,0,0,0,0,58,0,0,0,2,2,70,1,6,2,1,0,0,1,12,7,3,6,98,1,0
1,10397,1,1,4,9,7,19,38,38,0,1,0,1,4,14,6,14006,4,2001,2MEFM75W21X6,2,M,E,F,M,7,5,W,2,1,X,6,0,P,MERC,MGL,4D,1,17,3948,,0,1147,,G,,F,8,281,,,16R225,,,,,,0,0,000000000,00000000000,0,0,0,1,0,0,0,0,0,0,0,55,0,0,0,12,12,6,2,42,0,0,0,1,1,36801,6,1,0,0,3,1,69,150,0,0,0,0,0,0,0,0,0,1,0,0,0,0,1,2,35,3,1,2,1,0,0,14,13,1,1,4,1,2,1
1,10398,1,2,3,9,7,9,57,12,6,1,0,1,1,21,21,21021,4,2001,1G3NL52E81C2,1,G,3,N,L,5,2,E,8,1,C,2,0,P,OLDS,A/G,4D,1,17,3022,,0,1070,,G,,F,6,207,,,15R215,,,,,,0,0,000000000,00000000000,0,0,0,1,0,0,0,0,0,0,0,60,0,1,5,2,98,6,2,1,0,0,0,1,1,36869,6,1,0,0,3,0,70,215,1,1,0,1,0,2,2009,2,2010,1,0,0,0,0,5,4,45,1,1,2,1,0,0,1,54,6,1,1,66,1,0
1,10398,2,2,1,9,7,9,57,12,6,1,0,13,1,7,442,7442,20,1999,2B4FP2530XR4,2,B,4,F,P,2,5,3,0,X,R,4,0,P,DODG,CAR,SV,99,17,3415,,0,1133,,G,,F,6,181,,,14R205,,,,,,0,0,000000000,00000000000,0,0,0,1,0,0,0,0,0,0,0,20,0,0,0,12,98,6,2,12,0,0,0,1,13,31909,6,1,0,0,3,1,67,275,98,1,0,0,0,1,2011,1,2011,0,0,0,0,0,5,4,45,1,1,2,1,0,0,1,54,1,1,1,66,0,0
1,10399,1,1,1,9,7,22,45,8,0,1,0,1,3,49,401,49401,14,1995,JT3VN29V2S00,J,T,3,V,N,2,9,V,2,S,0,0,0,P,TOYT,RUN,UT,95,17,3760,,0,1033,,G,,F,6,180,,,15R225,,,,,,0,0,000000000,00000000000,0,0,0,1,0,0,0,0,0,0,0,50,0,0,0,12,12,6,2,8,0,0,0,1,1,36582,6,1,0,0,3,0,68,140,0,5,0,1,2,9,2008,3,2009,0,0,0,0,0,1,2,45,1,1,2,1,0,0,1,80,1,1,1,13,0,0
1,10400,1,1,1,9,7,20,0,42,0,1,0,1,3,20,999,20999,49,1974,PAF04559557,P,A,F,0,4,5,5,9,5,5,7,,0,P,CHEV,,,74,11,,,,,,,,,,,,,,,,,,,0,0,000000000,00000000000,0,0,0,1,0,0,0,0,0,0,0,40,0,1,5,11,98,6,2,1,0,0,0,1,1,35180,6,1,0,0,3,0,66,180,0,0,0,0,0,0,0,0,0,1,0,0,0,0,1,2,25,3,6,2,1,0,0,14,12,1,1,4,6,1,0
1,10401,1,1,3,10,7,18,25,42,0,1,0,1,1,14,6,14006,4,1997,2MELM75W7VX6,2,M,E,L,M,7,5,W,7,V,X,6,0,P,MERC,MGL,4D,97,17,3796,,0,1144,,G,,F,8,281,,,15R215,,,,,,0,0,000000000,00000000000,0,0,0,1,0,0,0,0,0,0,0,65,0,0,0,12,98,6,2,42,0,0,0,1,1,36323,1,1,0,0,2,0,71,150,0,1,0,0,1,5,2011,6,2011,1,0,0,0,0,1,2,45,3,6,2,1,0,0,14,12,1,1,4,6,2,1
1,10402,1,2,1,10,7,10,15,12,1,1,0,1,1,20,421,20421,15,1996,1GNEK13R7TJ3,1,G,N,E,K,1,3,R,7,T,J,3,0,P,CHEV,KTA,UT,96,17,5144,,0,1175,,G,,F,8,350,,,16R245,,,,,,0,0,000000000,00000000000,0,0,0,1,0,0,0,0,0,0,0,85,3,0,0,12,12,6,2,12,0,0,0,1,47,37013,1,1,1,0,2,0,75,230,0,0,0,0,0,0,0,0,0,0,0,0,0,0,2,3,70,1,6,2,1,0,0,1,52,1,1,1,28,1,0
1,10402,2,2,1,10,7,10,15,12,1,1,0,45,3,82,881,82881,66,1999,1FUYDZYBXXP9,1,F,U,Y,D,Z,Y,B,X,X,P,9,1,T,FRHT,FLD,TR,99,17,,8,0,0,CON,D,,,6,774,,,,,00000,00,,64,1,57,551480,57551480,3,6,1,1,0,0,0,0,0,0,0,15,0,0,0,6,6,4,3,12,0,0,0,1,47,38114,6,1,6,0,3,0,73,325,0,0,0,0,0,0,0,0,0,0,0,0,0,0,2,3,70,3,6,2,1,0,0,2,53,1,1,1,29,0,0
1,10403,1,1,1,11,7,8,5,42,0,1,0,1,1,20,9,20009,2,1991,1G1FP23T0ML1,1,G,1,F,P,2,3,T,0,M,L,1,0,P,CHEV,CAR,CP,91,17,2987,,0,1010,,G,,F,6,191,,,15R215,,,,,,0,0,000000000,00000000000,0,0,0,1,0,0,0,0,0,0,0,65,0,0,0,12,12,6,2,42,0,0,0,1,1,35098,6,1,0,0,3,0,62,120,0,0,0,0,0,0,0,0,0,1,89,0,0,0,1,2,45,3,1,2,1,0,0,14,6,1,1,4,1,1,0
1,10404,1,2,1,13,7,18,1,12,1,1,0,13,2,12,422,12422,15,1998,1FMFU18LXWLA,1,F,M,F,U,1,8,L,X,W,L,A,0,P,FORD,EPT,UT,98,17,5177,,0,1190,,G,,F,8,330,,,16R255,,,,,,0,0,000000000,00000000000,0,0,0,1,0,0,0,0,0,0,0,70,3,0,0,12,12,6,2,12,0,0,0,1,13,36877,1,1,0,0,2,0,66,218,98,15,0,3,8,1,2009,2,2011,1,26,0,0,0,1,2,55,1,6,2,1,0,0,1,52,3,1,1,28,1,0
1,10404,2,2,1,13,7,18,1,12,1,1,0,1,3,86,881,86881,63,1995,1M2P267C5SM0,1,M,2,P,2,6,7,C,5,S,M,0,0,T,MACK,RD6,CC,95,17,,8,0,0,600,D,,,6,728,,,,,00000,00,,64,0,57,186268,57186268,3,2,4,1,0,0,0,0,0,0,0,20,0,0,0,6,6,6,2,12,0,0,0,1,13,31904,6,1,6,0,3,0,72,220,98,0,0,0,0,0,0,0,0,0,0,0,0,0,1,2,55,1,5,2,1,0,0,2,53,1,1,1,30,0,0
1,10405,1,1,2,13,7,0,0,8,0,1,0,13,1,20,481,20481,31,2007,2GCEC13J8715,2,G,C,E,C,1,3,J,8,7,1,5,0,T,CHEV,1CW,CW,7,17,,2,0,1435,SIL,G,,,8,323,,,,B,5142,00,,42,0,0,000000000,00000000000,0,0,0,1,0,0,0,0,0,0,0,55,0,0,0,12,12,6,2,8,0,0,0,1,13,31904,6,1,0,0,3,0,73,175,98,0,0,0,0,0,0,0,0,0,0,0,0,0,2,2,55,1,1,2,1,0,0,1,80,1,1,1,13,0,0
1,10406,1,1,3,13,7,20,10,30,0,1,0,1,2,22,2,22002,4,1991,1G2HX54C3M12,1,G,2,H,X,5,4,C,3,M,1,2,0,P,PONT,BLE,4D,91,17,3323,,0,1108,,G,,F,6,231,,,15R215,,,,,,0,0,000000000,00000000000,0,0,0,1,0,0,0,0,0,0,0,999,0,0,0,12,12,6,2,30,0,0,0,1,1,36535,2,1,0,0,2,0,67,150,0,5,0,0,0,8,2008,8,2010,1,0,0,0,0,1,2,55,1,1,2,1,0,0,1,13,1,1,4,1,1,1
1,10407,1,1,1,13,7,4,10,1,0,1,0,1,1,72,706,72706,80,2003,1HD1FCW183Y6,1,H,D,1,F,C,W,1,8,3,Y,6,0,M,HD,FLU,RS,3,17,,,,,,,1450,,2,,4,788,,,,,,,0,0,000000000,00000000000,0,0,0,1,0,0,0,0,0,0,0,999,0,0,0,0,98,6,2,1,0,0,0,1,1,36582,1,1,0,0,2,0,69,197,0,7,0,2,0,1,2009,5,2011,0,89,0,0,0,1,2,45,3,1,2,1,0,0,14,13,1,1,4,1,1,1
1,10408,1,1,1,15,7,18,15,42,0,1,0,1,1,20,481,20481,31,1998,1GCEK19R6WE1,1,G,C,E,K,1,9,R,6,W,E,1,0,T,CHEV,GK1,PC,98,17,,2,1555,1415,GM4,G,,,8,350,,,,B,00000,00,,44,0,0,000000000,00000000000,0,0,0,1,0,0,0,0,0,0,0,60,0,1,5,1,98,6,2,42,0,0,0,1,1,36360,6,1,0,0,3,0,69,205,0,0,0,1,0,12,2009,12,2009,1,89,58,0,0,1,2,45,3,6,2,2,0,0,14,13,6,4,4,7,1,1
1,10409,1,2,1,16,7,22,45,12,2,1,0,1,2,12,401,12401,14,2004,1FMZU62K94UB,1,F,M,Z,U,6,2,K,9,4,U,B,0,P,FORD,EPR,UT,4,17,4304,,0,1137,,F,,F,6,245,,,16R235,,,,,,0,0,000000000,00000000000,0,0,0,1,0,0,0,0,0,0,0,35,0,0,0,12,98,6,2,12,0,0,0,1,1,35581,6,1,0,0,3,2,62,125,0,0,0,0,0,0,0,0,0,0,74,0,0,0,1,2,35,2,1,2,1,0,0,14,54,1,1,1,50,0,1
1,10409,2,2,4,16,7,22,45,12,2,1,0,1,1,12,3,12003,2,2007,1ZVFT80N8752,1,Z,V,F,T,8,0,N,8,7,5,2,0,P,FORD,MUS,CP,7,17,3352,,0,1071,,G,,F,6,244,,,16R215,,,,,,0,0,000000000,00000000000,0,0,0,1,0,0,0,0,0,0,0,35,0,0,0,12,12,6,2,12,0,0,0,1,1,35581,0,0,0,0,0,0,999,999,0,0,0,0,0,0,0,0,0,0,0,0,0,0,1,2,35,1,1,2,1,0,0,1,54,1,1,1,51,1,0
1,10410,1,1,1,16,7,1,10,1,0,1,0,1,1,23,481,23481,31,1994,2GTEK19K6R15,2,G,T,E,K,1,9,K,6,R,1,5,0,T,GMC,SK1,PC,94,17,,2,1555,1415,SIE,G,,,8,350,,,,B,00000,00,A,44,0,0,000000000,00000000000,0,0,0,1,0,0,0,0,0,0,0,65,0,1,5,0,98,6,2,1,0,0,0,1,1,36579,0,0,0,0,0,0,74,220,0,0,0,0,0,0,0,0,0,1,58,0,0,0,1,2,45,1,5,2,1,0,0,1,13,6,4,4,7,1,1
1,10411,1,2,1,18,7,17,30,12,6,1,0,1,1,7,472,7472,30,1997,1B7GL23X7VS2,1,B,7,G,L,2,3,X,7,V,S,2,0,T,DODG,DAK,PC,97,17,,1,0,1309,DAK,G,,,6,239,,,,B,3683,00,E,42,0,0,000000000,00000000000,0,0,0,1,0,0,0,0,0,0,0,30,0,1,1,12,98,6,2,12,0,0,0,1,1,35618,6,1,0,0,3,0,72,245,0,0,0,0,0,0,0,0,0,0,38,0,0,0,1,2,45,1,1,2,1,20,3,1,55,1,1,1,88,1,0
1,10411,2,2,1,18,7,17,30,12,6,1,0,1,3,86,881,86881,63,2005,1M2AG11C95M0,1,M,2,A,G,1,1,C,9,5,M,0,0,T,MACK,CV7,CC,5,17,,8,0,0,700,D,,,6,728,,,,,00000,00,,64,0,57,1497816,571497816,3,2,4,1,0,0,0,0,0,0,0,55,0,1,1,9,98,6,2,12,0,0,0,1,1,35057,6,1,6,0,3,0,71,160,0,0,0,0,0,0,0,0,0,0,0,0,0,0,2,2,65,1,1,2,1,0,0,1,66,7,1,1,89,0,0
1,10412,1,1,1,23,5,17,22,42,0,1,0,1,1,12,8,12008,2,1977,7K91L143787,7,K,9,1,L,1,4,3,7,8,7,,0,P,FORD,MAV,2D,77,11,2782,,1099,1030,,G,,1,6,250,,,14C78,,,,,,0,0,000000000,00000000000,0,0,0,1,0,0,0,0,0,0,0,50,0,1,5,5,98,6,2,1,0,0,0,1,1,36535,6,1,0,0,3,2,68,160,0,0,0,0,0,0,0,0,0,1,89,8,74,0,1,2,25,1,8,5,1,0,0,1,6,6,2,4,2,1,0
1,10413,1,2,1,17,7,10,48,12,6,1,0,1,1,37,709,37709,80,2008,JH2SC59098M0,J,H,2,S,C,5,9,0,9,8,M,0,0,M,HOND,CBS,RC,8,17,,,,,,,998,,4,,4,439,,,,,,,0,0,000000000,00000000000,0,0,0,1,0,0,0,0,0,0,0,999,0,0,0,12,12,6,2,12,0,0,0,1,1,35235,6,1,0,0,3,0,70,215,0,0,0,0,0,0,0,0,0,0,89,0,0,0,1,3,45,1,1,2,1,0,0,1,62,1,1,1,69,1,0
1,10413,2,2,1,17,7,10,48,12,6,1,0,1,1,49,40,49040,4,1998,4T1BG28K0WU3,4,T,1,B,G,2,8,K,0,W,U,3,0,P,TOYT,CXL,4D,98,17,2998,,0,1051,,G,,F,4,132,,,14R195,,,,,,0,0,000000000,00000000000,0,0,0,1,0,0,0,0,0,0,0,5,0,0,0,2,2,6,2,12,0,0,0,1,1,35235,6,1,0,0,3,0,64,110,0,0,0,0,0,0,0,0,0,0,38,0,0,0,1,3,45,1,1,2,1,0,0,11,55,1,1,1,68,0,0
1,10414,1,1,1,29,7,0,30,30,0,1,0,1,2,37,32,37032,4,2000,1HGCG5670YA1,1,H,G,C,G,5,6,7,0,Y,A,1,0,P,HOND,USE,4D,0,17,3086,,0,1069,,G,,F,4,138,,,15R195,,,,,,0,0,000000000,00000000000,0,0,0,1,0,0,0,0,0,0,0,90,0,0,0,9,98,6,2,30,0,0,0,1,1,35555,6,7,0,0,3,2,67,120,0,0,0,0,0,0,0,0,0,1,8,73,74,0,1,2,45,2,1,2,1,0,0,14,13,1,1,4,1,1,0
1,10415,1,1,1,31,7,0,52,42,0,1,0,47,1,35,472,35472,30,2011,1N6AD0ER0BC4,1,N,6,A,D,0,E,R,0,B,C,4,0,T,NISS,FVL,CW,11,17,,1,0,0,FRT,G,,,6,244,,,,,4100,00,7,42,0,0,000000000,00000000000,0,0,0,1,0,0,0,0,0,0,0,61,0,1,5,12,98,6,2,42,0,0,0,1,47,38401,6,1,0,0,3,1,70,190,0,0,0,0,1,7,2010,7,2010,1,0,0,0,0,1,2,30,2,1,2,1,0,0,14,12,7,1,4,1,1,1
1,10416,1,3,1,16,6,20,3,12,6,1,0,1,1,41,50,41050,4,2009,1YVHP82B095M,1,Y,V,H,P,8,2,B,0,9,5,M,0,P,MAZD,M6S,4D,9,17,3547,,0,1098,,G,,F,6,226,,,17R215,,,,,,0,0,000000000,00000000000,0,0,0,1,0,0,0,0,0,0,0,30,0,0,0,12,12,6,2,12,0,0,0,1,1,35071,6,1,0,0,3,1,67,180,0,0,0,0,0,0,0,0,0,0,39,0,0,0,1,2,35,1,6,2,1,3,3,1,17,1,1,1,88,0,0
1,10416,2,3,1,16,6,20,3,12,6,1,0,1,2,49,401,49401,14,1998,JT3GN86R1W00,J,T,3,G,N,8,6,R,1,W,0,0,0,P,TOYT,RUN,UT,98,17,3565,,0,1053,,G,,F,6,206,,,15R225,,,,,,0,0,000000000,00000000000,0,0,0,1,0,0,0,0,0,0,0,999,0,1,1,7,98,6,2,12,0,0,0,1,1,35117,6,1,0,0,3,0,71,155,0,0,0,0,1,1,2011,1,2011,0,0,0,0,0,1,2,35,1,1,2,1,0,0,1,66,1,1,1,89,1,0
1,10416,3,3,1,16,6,20,3,12,6,1,0,1,2,52,37,52037,3,2003,4A3AC84HX3E0,4,A,3,A,C,8,4,H,X,3,E,0,0,P,MITS,ECG,2H,3,17,3120,,0,1008,,G,,F,6,183,,,17R215,,,,,,0,0,000000000,00000000000,0,0,0,1,0,0,0,0,0,0,0,0,0,0,0,13,98,6,2,12,0,0,0,1,1,35068,6,1,0,0,3,1,64,140,0,0,0,0,0,0,0,0,0,0,0,0,0,0,1,2,35,1,1,2,1,3,3,5,62,1,1,1,98,0,0
1,10417,1,2,2,4,7,16,54,12,6,1,0,1,2,12,471,12471,30,1999,1FTYR14V5XPB,1,F,T,Y,R,1,4,V,5,X,P,B,0,T,FORD,RNS,PC,99,17,,1,0,1257,RNG,F,,,6,182,,,,B,00000,00,U,42,0,0,000000000,00000000000,0,0,0,1,0,0,0,0,0,0,0,12,0,0,0,9,9,6,2,12,0,0,0,1,1,36321,6,1,0,0,3,0,64,130,0,1,0,0,0,1,2010,1,2010,0,38,0,0,0,1,2,40,1,1,2,1,20,3,1,17,1,1,1,89,1,0
1,10417,2,2,2,4,7,16,54,12,6,1,0,1,1,20,466,20466,28,1999,1GBHP32R0X33,1,G,B,H,P,3,2,R,0,X,3,3,0,T,CHEV,P30,IC,99,17,,2,1780,1100,P30,G,,,8,350,,,,D,00000,00,,42,0,57,1683523,571683523,1,1,99,1,0,0,0,0,0,0,0,48,0,0,0,12,12,6,2,12,0,0,0,1,1,36301,6,1,6,0,3,0,72,160,0,0,0,0,0,0,0,0,0,0,0,0,0,0,1,2,55,1,1,2,1,0,0,1,66,1,1,1,88,0,0