STATE,ST_CASE,VEH_NO,VE_FORMS,NUMOCCS,DAY,MONTH,HOUR,MINUTE,HARM_EV,MAN_COLL,UNITTYPE,HIT_RUN,REG_STAT,OWNER,MAKE,MODEL,MAK_MOD,BODY_TYP,MOD_YEAR,VIN,VIN_1,VIN_2,VIN_3,VIN_4,VIN_5,VIN_6,VIN_7,VIN_8,VIN_9,VIN_10,VIN_11,VIN_12,TOW_VEH,VINTYPE,VINMAKE,VINA_MOD,VIN_BT,VINMODYR,VIN_LNGT,VIN_WGT,WGTCD_TR,WHLBS_LG,WHLBS_SH,SER_TR,FUELCODE,MCYCL_DS,CARBUR,CYLINDER,DISPLACE,MCYCL_CY,MCYCL_WT,TIRE_SZE,TON_RAT,TRK_WT,TRKWTVAR,VIN_REST,WHLDRWHL,J_KNIFE,MCARR_I1,MCARR_I2,MCARR_ID,GVWR,V_CONFIG,CARGO_BT,HAZ_INV,HAZ_PLAC,HAZ_ID,HAZ_CNO,HAZ_REL,BUS_USE,SPEC_USE,EMER_USE,TRAV_SP,UNDERIDE,ROLLOVER,ROLINLOC,IMPACT1,IMPACT2,DEFORMED,TOWED,M_HARM,VEH_SC1,VEH_SC2,FIRE_EXP,DR_PRES,L_STATE,DR_ZIP,L_STATUS,L_TYPE,CDL_STAT,L_ENDORS,L_COMPL,L_RESTRI,DR_HGT,DR_WGT,PREV_ACC,PREV_SUS,PREV_DWI,PREV_SPD,PREV_OTH,FIRST_MO,FIRST_YR,LAST_MO,LAST_YR,SPEEDREL,DR_SF1,DR_SF2,DR_SF3,DR_SF4,VTRAFWAY,VNUM_LAN,VSPD_LIM,VALIGN,VPROFILE,VPAVETYP,VSURCOND,VTRAFCON,VTCONT_F,P_CRASH1,P_CRASH2,P_CRASH3,PCRASH4,PCRASH5,ACC_TYPE,DEATHS,DR_DRINK
1,10418,1,1,2,9,7,20,50,38,0,1,0,1,1,58,35,58035,4,2001,JNKCA31A11T0,J,N,K,C,A,3,1,A,1,1,T,0,0,P,INFI,I30,4D,1,17,3227,,0,1063,,G,,F,6,182,,,16R215,,,,,,0,0,000000000,00000000000,0,0,0,1,0,0,0,0,0,0,0,999,0,0,0,12,98,6,2,42,0,0,0,1,1,35124,6,1,0,0,3,0,61,115,0,0,0,0,0,0,0,0,0,0,0,0,0,0,1,2,35,3,1,2,1,0,0,14,13,1,1,4,1,1,1
1,10419,1,1,1,23,7,23,40,42,0,1,0,92,0,37,705,37705,80,2006,JH2RC44406M0,J,H,2,R,C,4,4,4,0,6,M,0,0,M,HOND,V7A,RS,6,17,,,,,,,745,,2,,4,496,,,,,,,0,0,000000000,00000000000,0,0,0,1,0,0,0,0,0,0,0,999,0,0,0,12,98,6,2,42,0,0,0,1,1,36701,1,1,0,0,2,0,72,148,0,3,0,1,0,10,2008,11,2009,9,0,0,0,0,1,2,55,1,6,2,1,0,0,1,13,1,1,4,1,1,1
1,10420,1,2,2,23,7,13,5,12,6,1,0,1,2,52,401,52401,14,2002,JA4LS21H02J0,J,A,4,L,S,2,1,H,0,2,J,0,0,P,MITS,MNS,UT,2,17,3835,,0,1073,,G,,F,6,181,,,15R235,,,,,,0,0,000000000,00000000000,0,0,0,1,0,0,0,0,0,0,0,65,0,0,0,3,98,6,2,12,0,0,0,1,1,36482,0,0,0,0,0,0,999,999,0,0,0,0,0,0,0,0,0,1,0,0,0,0,1,2,55,1,5,2,2,0,0,1,6,1,4,2,66,1,0
1,10420,2,2,2,23,7,13,5,12,6,1,0,1,2,49,40,49040,4,2007,4T1BE46K57U0,4,T,1,B,E,4,6,K,5,7,U,0,0,P,TOYT,CMB,4D,7,17,3108,,0,1093,,G,,F,4,146,,,15R205,,,,,,0,0,000000000,00000000000,0,0,0,1,0,0,0,0,0,0,0,55,0,0,0,12,98,6,2,12,0,0,0,1,1,36482,6,1,0,0,3,0,65,170,0,0,0,0,0,0,0,0,0,0,0,0,0,0,1,2,55,1,6,2,2,0,0,1,62,1,1,1,66,0,0
1,10421,1,2,1,23,7,17,55,12,2,1,0,1,1,22,9,22009,2,1967,223377U60197,2,2,3,3,7,7,U,6,0,1,9,7,0,P,PONT,FBD,2T,67,13,2955,,0,1080,,G,,,6,,,,14E70,,,,,,0,0,000000000,00000000000,0,0,0,1,0,0,0,0,0,0,0,70,0,0,0,12,12,6,2,12,0,0,0,1,1,35611,6,1,0,0,3,0,74,230,0,0,0,0,0,0,0,0,0,1,0,0,0,0,1,2,45,1,6,2,1,0,0,1,9,1,2,2,50,1,0
1,10421,2,2,1,23,7,17,55,12,2,1,0,1,1,12,23,12023,4,2011,3FAHP0KC9BR2,3,F,A,H,P,0,K,C,9,B,R,2,0,P,FORD,FPF,4D,11,17,3359,,0,1074,,G,,F,6,214,,,18R225,,,,,,0,0,000000000,00000000000,0,0,0,1,0,0,0,0,0,0,0,45,0,0,0,12,12,6,2,12,0,0,0,1,1,35645,6,1,0,0,3,0,72,185,1,0,0,0,0,4,2009,4,2009,0,0,0,0,0,1,2,45,1,1,2,1,0,0,1,62,1,1,1,51,0,0
1,10422,1,1,1,24,7,16,15,34,0,1,0,1,2,23,481,23481,31,1988,1GTDC14K4JZ5,1,G,T,D,C,1,4,K,4,J,Z,5,0,T,GMC,GC1,PK,88,17,,1,1315,1175,GM4,G,,,8,350,,,,B,3655,01,A,42,0,0,000000000,00000000000,0,0,0,1,0,0,0,0,0,0,0,55,0,1,5,12,98,6,2,1,0,0,0,1,1,35643,0,0,0,0,0,0,71,205,0,1,1,0,0,8,2008,8,2008,0,0,0,0,0,1,2,55,1,6,2,1,0,0,1,12,1,1,4,6,1,1
1,10423,1,1,1,25,7,13,25,34,0,1,0,92,0,22,20,22020,2,1997,1G2WP12K5VF2,1,G,2,W,P,1,2,K,5,V,F,2,0,P,PONT,GPG,CP,97,17,3396,,0,1105,,G,,F,6,231,,,16R225,,,,,,0,0,000000000,00000000000,0,0,0,1,0,0,0,0,0,0,0,65,0,1,5,12,98,6,2,2,0,0,1,1,1,35010,6,1,0,0,3,0,71,200,0,0,0,0,0,0,0,0,0,0,0,0,0,0,2,4,65,1,6,2,1,0,0,1,12,1,1,4,6,1,0
1,10424,1,1,1,27,7,21,46,35,0,1,0,1,1,22,16,22016,4,1997,1G2JB5244V75,1,G,2,J,B,5,2,4,4,V,7,5,0,P,PONT,SFS,4D,97,17,2602,,0,1041,,G,,F,4,133,,,14R195,,,,,,0,0,000000000,00000000000,0,0,0,1,0,0,0,0,0,0,0,999,0,1,3,14,98,6,2,1,0,0,0,1,1,35801,1,1,0,0,2,1,73,185,1,2,1,0,1,10,2008,7,2011,0,0,0,0,0,2,2,50,2,6,2,1,0,0,14,12,1,1,4,6,1,1
1,10425,1,1,1,27,7,21,30,42,0,1,0,1,1,20,9,20009,2,1980,1P87LAN53843,1,P,8,7,L,A,N,5,3,8,4,3,0,P,CHEV,CAM,CP,80,13,3218,,0,1080,,G,,4,8,350,,,14R205,,,,,,0,0,000000000,00000000000,0,0,0,1,0,0,0,0,0,0,0,70,0,1,5,12,98,6,2,42,0,0,0,1,1,36426,6,1,0,0,3,0,71,195,0,0,0,0,0,0,0,0,0,9,99,99,99,99,1,2,45,1,1,2,1,0,0,1,13,1,1,4,1,1,1
1,10426,1,1,1,28,7,20,21,8,0,1,0,1,2,12,481,12481,31,2006,1FTRX12W46KB,1,F,T,R,X,1,2,W,4,6,K,B,0,T,FORD,F15,4C,6,17,,2,0,1450,COF,G,,,8,281,,,,B,5065,04,E,42,0,0,000000000,00000000000,0,0,0,1,0,0,0,0,0,0,0,30,0,0,0,12,12,0,1,8,0,0,0,1,1,35768,6,1,0,0,3,0,69,160,0,0,0,0,0,0,0,0,0,0,0,0,0,0,5,2,35,1,6,2,1,0,0,1,80,1,1,1,13,0,0
1,10427,1,1,1,28,7,23,47,34,0,1,0,1,2,12,481,12481,31,1998,1FTRX27L9WNB,1,F,T,R,X,2,7,L,9,W,N,B,0,T,FORD,F25,3C,98,17,,2,0,1390,COF,G,,,8,330,,,,C,4756,00,E,42,0,0,000000000,00000000000,0,0,0,1,0,0,0,0,0,0,0,55,0,0,0,12,98,6,2,2,0,0,1,1,1,35096,1,1,0,0,2,0,63,140,0,4,2,1,2,10,2008,2,2010,1,0,0,0,0,1,2,35,1,1,2,1,20,3,1,14,1,1,4,14,1,1
1,10428,1,1,1,29,7,22,27,8,0,1,0,1,3,12,16,12016,4,1998,2FAFP71WXWX1,2,F,A,F,P,7,1,W,X,W,X,1,0,P,FORD,CVP,4D,98,17,0,,0,1144,,G,,F,8,281,,,16R225,,,,,,0,0,000000000,00000000000,0,0,0,1,0,0,0,0,0,5,0,999,0,0,0,12,12,2,1,8,0,0,0,1,1,36617,6,1,6,0,3,0,71,230,0,0,0,0,0,0,0,0,0,0,0,0,0,0,5,3,35,1,1,2,1,3,3,1,80,1,1,1,13,0,0
1,10429,1,1,2,30,7,4,30,42,0,1,0,1,2,12,3,12003,2,2008,1ZVHT82H8851,1,Z,V,H,T,8,2,H,8,8,5,1,0,P,FORD,MGT,CP,8,17,3450,,0,1071,,G,,F,8,281,,,17R235,,,,,,0,0,000000000,00000000000,0,0,0,1,0,0,0,0,0,0,0,85,0,0,0,9,98,6,2,42,0,0,1,1,1,35749,6,1,0,0,3,0,69,205,0,0,0,0,0,0,0,0,0,1,0,0,0,0,2,2,55,1,5,2,1,0,0,1,6,1,3,4,2,2,1
1,10430,1,1,1,30,7,9,0,24,0,1,0,1,3,86,881,86881,63,1999,1M2B209C7XM0,1,M,2,B,2,0,9,C,7,X,M,0,0,T,MACK,DM6,CC,99,17,,8,0,0,600,D,,,6,728,,,,,00000,00,,64,0,57,1579488,571579488,3,1,5,1,0,0,0,0,0,0,0,999,0,1,5,12,98,6,2,24,0,0,0,1,1,36759,6,1,6,0,3,1,75,260,1,0,0,2,1,10,2008,9,2010,0,0,0,0,0,2,2,65,2,6,2,1,0,0,14,1,1,2,4,7,1,0
1,10431,1,1,1,30,7,6,0,42,0,1,0,1,2,52,34,52034,4,2008,4A3AB36F98E0,4,A,3,A,B,3,6,F,9,8,E,0,0,P,MITS,GES,4D,8,17,3439,,0,1083,,G,,F,4,145,,,16R215,,,,,,0,0,000000000,00000000000,0,0,0,1,0,0,0,0,0,0,0,999,0,0,0,12,12,6,2,42,0,0,0,1,1,36786,6,1,0,0,3,0,66,150,0,0,0,1,1,4,2009,12,2009,1,0,0,0,0,1,2,45,2,1,2,1,0,0,14,6,1,1,4,6,1,1
1,10432,1,1,2,30,7,2,10,50,0,1,0,1,2,20,481,20481,31,2007,1GCEC14XX7Z1,1,G,C,E,C,1,4,X,X,7,Z,1,0,T,CHEV,SC1,PK,7,17,,2,1330,1190,SIL,G,,,6,262,,,,B,4211,01,,42,0,0,000000000,00000000000,0,0,0,1,0,0,0,0,0,0,0,100,0,0,0,12,98,6,2,50,0,0,0,1,1,35614,6,1,0,0,3,0,70,175,0,0,0,0,0,0,0,0,0,1,0,0,0,0,1,2,50,1,1,2,1,0,0,1,13,1,1,4,1,2,0
1,10433,1,1,1,30,7,12,30,42,0,1,0,1,2,12,3,12003,1,2010,1ZVBP8EN1A51,1,Z,V,B,P,8,E,N,1,A,5,1,0,P,FORD,MUS,CV,10,17,3401,,0,1071,,G,,F,6,244,,,16R215,,,,,,0,0,000000000,00000000000,0,0,0,1,0,0,0,0,0,0,0,70,0,0,0,9,9,6,2,42,0,0,0,1,1,36301,6,1,0,0,3,0,63,125,0,0,0,0,0,0,0,0,0,0,0,0,0,0,2,2,70,1,1,1,2,0,0,1,9,1,3,4,2,1,0
1,10434,1,1,1,30,7,11,30,43,0,1,0,47,1,76,705,76705,80,2004,JYAVM01E64A0,J,Y,A,V,M,0,1,E,6,4,A,0,0,M,YAMA,V6A,RS,4,17,,,,,,,649,,2,,4,505,,,,,,,0,0,000000000,00000000000,0,0,0,1,0,0,0,0,0,0,0,50,0,0,0,12,12,6,2,42,0,0,0,1,47,38372,6,1,0,0,3,0,68,200,0,0,0,0,0,0,0,0,0,0,0,0,0,0,1,2,55,2,6,2,1,0,0,14,13,1,1,4,1,1,0
1,10435,1,1,2,30,7,0,15,1,0,1,0,0,0,37,739,37739,90,2003,999999999999,9,9,9,9,9,9,9,9,9,9,9,9,0,,,,,,,,,,,,,,,,,,,,,,,,,0,0,000000000,00000000000,0,0,0,1,0,0,0,0,0,0,0,999,0,1,5,0,98,6,2,1,0,0,0,1,1,36051,6,1,0,0,1,0,69,190,0,1,2,0,0,11,2010,12,2010,0,0,0,0,0,1,2,35,2,6,5,1,0,0,14,12,1,1,4,6,1,0
1,10436,1,2,1,31,7,3,15,12,2,1,0,1,1,20,481,20481,31,1998,1GCEK19R7WE2,1,G,C,E,K,1,9,R,7,W,E,2,0,T,CHEV,GK1,PC,98,17,,2,1555,1415,GM4,G,,,8,350,,,,B,00000,00,,44,0,0,000000000,00000000000,0,0,0,1,0,0,0,0,0,0,0,999,0,0,0,12,12,6,2,12,0,0,0,1,1,36116,1,1,5,0,2,0,70,195,0,5,2,3,0,4,2009,3,2011,0,58,0,0,0,1,2,55,3,1,2,1,0,0,14,13,6,4,2,50,0,1
1,10436,2,2,1,31,7,3,15,12,2,1,0,1,1,20,461,20461,21,2008,1GCFG15X4811,1,G,C,F,G,1,5,X,4,8,1,1,0,T,CHEV,E15,CG,8,17,,2,0,1350,EXP,G,,,6,262,,,,B,4894,00,,42,0,0,000000000,00000000000,0,0,0,1,0,0,0,0,0,0,0,55,0,1,5,12,98,6,2,12,0,0,0,1,1,36116,6,1,0,0,3,0,69,165,0,0,0,2,0,8,2010,9,2010,0,0,0,0,0,1,2,55,2,1,2,1,0,0,14,62,1,1,1,51,1,0
1,10437,1,1,1,31,7,16,35,34,0,1,0,1,2,76,709,76709,80,2008,JYARN20E18A0,J,Y,A,R,N,2,0,E,1,8,A,0,0,M,YAMA,YFR,RC,8,17,,,,,,,998,,4,,4,390,,,,,,,0,0,000000000,00000000000,0,0,0,1,0,0,0,0,0,0,0,80,0,0,0,12,98,6,2,34,0,0,0,1,12,32548,6,1,0,0,3,0,73,999,0,3,0,0,0,3,2010,11,2010,1,0,0,0,0,1,2,35,1,6,2,1,0,0,1,13,1,1,4,1,1,1
1,10438,1,2,2,16,7,18,0,12,6,1,0,1,2,14,6,14006,4,1998,2MEFM75W4WX6,2,M,E,F,M,7,5,W,4,W,X,6,0,P,MERC,MLL,4D,98,17,3922,,0,1144,,G,,F,8,281,,,16R225,,,,,,0,0,000000000,00000000000,0,0,0,1,0,0,0,0,0,0,0,999,0,0,0,3,3,6,2,12,0,0,0,1,1,36751,1,1,0,0,2,0,67,160,0,1,0,0,0,7,2008,7,2008,0,58,0,0,0,1,2,45,1,1,2,2,0,0,6,13,6,4,2,66,1,1
1,10438,2,2,5,16,7,18,0,12,6,1,0,1,1,6,51,6051,4,2006,2C3KA43R96H3,2,C,3,K,A,4,3,R,9,6,H,3,0,P,CHRY,C30,4D,6,17,3623,,0,1200,,G,,F,6,165,,,17R215,,,,,,0,0,000000000,00000000000,0,0,0,1,0,0,0,0,0,0,0,45,0,0,0,12,12,6,2,12,0,0,0,1,1,36751,6,1,0,0,3,1,66,185,0,0,0,2,0,7,2009,9,2009,0,0,0,0,0,1,2,45,1,1,2,2,0,0,1,62,2,1,1,66,0,0
1,10439,1,1,1,29,7,5,30,34,0,1,0,47,2,12,481,12481,31,2002,1FTRX17W42KD,1,F,T,R,X,1,7,W,4,2,K,D,0,T,FORD,F15,4C,2,17,,2,1571,1385,COF,G,,,8,281,,,,B,4224,06,U,42,0,0,000000000,00000000000,0,0,0,1,0,0,0,0,0,0,0,55,0,0,0,12,98,6,2,42,0,0,0,1,47,37345,1,1,0,0,2,0,70,180,0,1,0,2,0,1,2010,1,2011,0,0,0,0,0,1,2,55,2,1,2,1,0,0,14,12,7,1,4,1,1,0
1,10440,1,3,1,17,7,22,0,12,1,1,0,29,3,85,881,85881,66,2007,3WKADB9XX7F1,3,W,K,A,D,B,9,X,X,7,F,1,1,T,KW,T60,TR,7,17,,8,2600,1600,CON,D,,,6,893,,,,,00000,00,,64,1,57,81927,5781927,3,6,1,1,0,0,0,0,0,0,0,999,0,0,0,12,12,6,2,12,0,0,1,1,29,65560,6,1,6,0,3,1,72,224,0,0,0,0,0,0,0,0,0,0,0,0,0,0,2,3,60,1,1,2,1,0,0,1,50,1,1,1,32,0,0
1,10440,2,3,0,17,7,22,0,12,1,1,0,1,6,7,461,7461,21,1987,2B6HB23T1HK2,2,B,6,H,B,2,3,T,1,H,K,2,0,T,DODG,B25,CG,87,17,,2,1276,1096,RMV,G,,,8,318,,,,C,3476,06,A,42,0,0,000000000,00000000000,0,0,0,1,0,0,0,0,0,0,0,0,0,0,0,6,98,6,2,12,0,0,1,0,0,99997,7,6,97,7,6,7,998,997,998,998,998,998,998,98,9998,98,9998,8,0,0,0,0,2,3,60,1,1,2,1,0,0,0,53,0,0,0,32,0,0
1,10440,3,3,1,17,7,22,0,12,1,1,0,1,1,20,2,20002,4,2007,2G1WT58N0792,2,G,1,W,T,5,8,N,0,7,9,2,0,P,CHEV,IMT,4D,7,17,3674,,0,1105,,G,,F,6,214,,,16R225,,,,,,0,0,000000000,00000000000,0,0,0,1,0,0,0,0,0,0,0,0,0,0,0,6,98,6,2,8,0,0,0,1,1,35210,6,1,0,0,3,0,60,135,1,0,0,0,0,8,2008,8,2008,0,0,0,0,0,2,3,60,1,1,2,1,0,0,5,53,1,1,1,98,0,0
1,10441,1,2,1,1,8,4,56,12,11,1,0,1,1,37,39,37039,5,2008,JHMGD37648S0,J,H,M,G,D,3,7,6,4,8,S,0,0,P,HOND,FIS,4H,8,17,2471,,0,965,,G,,F,4,091,,,15R195,,,,,,0,0,000000000,00000000000,0,0,0,1,0,0,0,0,0,0,0,70,0,0,0,12,12,6,2,12,0,0,0,1,1,35215,6,1,0,0,3,0,72,200,0,0,0,1,0,5,2011,5,2011,0,0,0,0,0,2,2,70,1,5,2,1,0,0,1,50,1,1,1,98,1,0
1,10441,2,2,0,1,8,4,56,12,11,1,0,13,6,98,809,98809,66,2009,2FWBA3CK19AA,2,F,W,B,A,3,C,K,1,9,A,A,1,T,STRG,A90,TR,9,17,,8,0,0,STE,D,,,6,855,,,,,00000,00,,42,1,57,021800,57021800,3,6,1,1,0,0,0,0,0,0,0,0,0,0,0,14,14,6,2,12,0,0,0,0,0,99997,7,6,97,7,6,7,998,997,998,998,998,998,998,98,9998,98,9998,8,0,0,0,0,2,2,70,1,5,2,1,0,0,0,53,0,0,0,98,0,0
1,10442,1,1,1,1,8,22,30,8,0,1,0,1,1,35,471,35471,30,1992,1N6SD16S2NC3,1,N,6,S,D,1,6,S,2,N,C,3,0,T,NISS,KNG,PC,92,17,,1,0,1161,TRK,G,,,4,146,,,,B,2845,01,A,42,0,0,000000000,00000000000,0,0,0,1,0,0,0,0,0,0,0,999,0,0,0,11,98,6,2,8,0,0,0,1,1,36608,6,1,0,0,3,0,72,212,1,0,0,0,0,10,2010,10,2010,0,0,0,0,0,2,3,45,1,1,2,1,0,0,1,80,1,1,1,13,0,0
1,10443,1,1,2,2,8,15,35,35,0,1,0,1,2,7,482,7482,31,1999,3B7HF13Y3XG2,3,B,7,H,F,1,3,Y,3,X,G,2,0,T,DODG,Q15,4C,99,17,,2,1547,1387,RPC,G,,,8,318,,,,B,4956,01,U,44,0,0,000000000,00000000000,0,0,0,1,0,0,0,0,0,0,0,50,0,1,5,12,98,6,2,1,0,0,0,1,1,35173,6,2,0,0,3,0,73,150,0,0,0,1,0,7,2011,7,2011,1,0,0,0,0,1,2,25,2,6,5,1,0,0,14,6,1,2,4,2,1,1
1,10444,1,2,1,3,8,12,50,12,11,1,0,92,0,37,701,37701,83,2007,JH2AE03087K7,J,H,2,A,E,0,3,0,8,7,K,7,0,M,HOND,RF5,EN,7,17,,,,,,,49,,1,,4,104,,,,,,,0,0,000000000,00000000000,0,0,0,1,0,0,0,0,0,0,0,10,0,0,0,9,98,6,2,12,0,0,0,1,1,36553,0,0,0,0,0,0,999,999,0,0,0,0,0,0,0,0,0,0,0,0,0,0,1,2,30,1,1,2,1,0,0,1,17,1,1,1,86,1,0
1,10444,2,2,1,3,8,12,50,12,11,1,0,1,3,82,881,82881,66,1996,1FUYFSEB9TH7,1,F,U,Y,F,S,E,B,9,T,H,7,1,T,FRHT,FLD,TR,96,17,,8,0,0,CON,D,,,6,774,,,,,00000,00,,64,1,57,420035,57420035,3,6,10,1,0,0,0,0,0,0,0,30,0,0,0,4,4,0,1,12,0,0,0,1,1,36560,6,1,6,0,3,1,69,260,0,0,0,0,3,5,2010,2,2011,0,0,0,0,0,1,2,30,1,1,2,1,0,0,1,73,1,1,1,87,0,0
1,10445,1,1,4,1,8,15,55,1,0,1,0,1,1,23,401,23401,14,2004,1GKES12S7461,1,G,K,E,S,1,2,S,7,4,6,1,0,T,GMC,XUV,4W,4,17,,2,0,1290,ENV,G,,,6,256,,,,B,4915,00,U,42,0,0,000000000,00000000000,0,0,0,1,0,0,0,0,0,0,0,70,0,1,3,0,98,6,2,1,0,0,0,1,1,35173,6,1,0,0,3,0,79,240,0,0,0,0,0,0,0,0,0,0,0,0,0,0,2,2,70,1,5,2,1,0,0,1,1,6,2,4,7,1,0
1,10446,1,3,1,1,8,20,15,12,6,1,0,92,0,53,706,53706,80,2008,JS1GX72A0821,J,S,1,G,X,7,2,A,0,8,2,1,0,M,SUZI,GXR,RC,8,17,,,,,,,1340,,4,,4,485,,,,,,,0,0,000000000,00000000000,0,0,0,1,0,0,0,0,0,0,0,999,0,0,0,12,98,6,2,12,0,0,0,1,1,35208,6,1,0,0,3,0,67,316,0,0,0,0,0,0,0,0,0,9,89,0,0,0,1,2,35,1,1,2,1,0,0,1,55,1,1,1,69,1,0
1,10446,2,3,2,1,8,20,15,12,6,1,0,92,0,63,34,63034,4,2007,KNAGE1231750,K,N,A,G,E,1,2,3,1,7,5,0,0,P,KIA,OLE,4D,7,17,3142,,0,1071,,G,,F,4,146,,,16R205,,,,,,0,0,000000000,00000000000,0,0,0,1,0,0,0,0,0,0,0,999,0,0,0,4,4,6,2,12,0,0,0,1,1,35224,6,1,0,0,3,0,66,210,0,0,0,0,0,0,0,0,0,0,0,0,0,0,1,2,35,1,1,2,1,0,0,11,55,1,1,1,68,0,0
1,10446,3,3,1,1,8,20,15,12,6,1,0,1,1,20,16,20016,4,1999,1G1JC5245X71,1,G,1,J,C,5,2,4,5,X,7,1,0,P,CHEV,CAV,4D,99,17,2676,,0,1041,,G,,F,4,133,,,14R195,,,,,,0,0,000000000,00000000000,0,0,0,1,0,0,0,0,0,0,0,999,0,0,0,12,12,6,2,12,0,0,0,1,1,35224,0,0,0,0,0,0,69,172,0,0,0,0,0,0,0,0,0,0,0,0,0,0,1,2,35,1,1,2,1,0,0,1,78,1,1,1,98,0,0
1,10447,1,1,1,2,8,19,53,52,0,1,0,1,1,20,481,20481,31,1993,1GCEK14K5PZ1,1,G,C,E,K,1,4,K,5,P,Z,1,0,T,CHEV,GK1,PK,93,17,,2,1315,1175,GM4,G,,,8,350,,,,B,4111,02,,44,0,0,000000000,00000000000,0,0,0,1,0,0,0,0,0,0,0,999,0,0,0,11,98,6,2,52,0,0,0,1,1,36067,6,1,0,0,3,0,70,240,1,0,0,0,0,6,2011,6,2011,9,99,99,99,99,2,2,55,2,6,2,1,0,0,14,12,1,1,4,6,1,1
1,10448,1,2,1,7,8,22,45,12,2,1,0,1,2,12,17,12017,4,2008,1FMDK03W18GA,1,F,M,D,K,0,3,W,1,8,G,A,0,P,FORD,TRX,UT,8,17,3959,,0,1129,,G,,F,6,214,,,18R225,,,,,,0,0,000000000,00000000000,0,0,0,1,0,0,0,0,0,0,0,55,0,0,0,12,12,6,2,12,0,0,0,1,1,35630,1,1,0,0,2,0,70,206,1,2,1,3,1,8,2009,7,2011,0,0,0,0,0,1,2,45,2,6,2,1,0,0,14,10,1,1,2,50,1,1
1,10448,2,2,1,7,8,22,45,12,2,1,0,1,1,20,481,20481,31,2005,2GCEK19B7512,2,G,C,E,K,1,9,B,7,5,1,2,0,T,CHEV,SK1,4C,5,17,,2,1575,1435,SIL,G,,,8,325,,,,B,4661,00,,44,0,0,000000000,00000000000,0,0,0,1,0,0,0,0,0,0,0,45,0,0,0,12,12,6,2,12,0,0,0,1,1,35633,6,1,0,0,3,0,75,215,1,1,1,3,2,1,2009,5,2011,0,0,0,0,0,1,2,45,3,5,2,1,0,0,14,62,6,1,1,51,0,0
1,10449,1,1,1,7,8,18,55,43,0,1,0,1,2,20,37,20037,4,2000,1G1ND52J5Y61,1,G,1,N,D,5,2,J,5,Y,6,1,0,P,CHEV,MAL,4D,0,17,3051,,0,1070,,G,,F,6,191,,,15R215,,,,,,0,0,000000000,00000000000,0,0,0,1,0,0,0,0,0,0,0,65,0,0,0,12,12,6,2,43,0,0,0,1,1,35653,6,1,0,0,3,1,65,130,0,0,0,0,0,0,0,0,0,1,0,0,0,0,2,2,65,1,1,2,2,0,0,1,6,1,2,4,2,1,1
1,10450,1,1,1,14,8,2,6,1,0,1,0,1,2,23,481,23481,31,1993,1GTDC14K2PZ5,1,G,T,D,C,1,4,K,2,P,Z,5,0,T,GMC,SC1,PK,93,17,,1,1315,1175,SIE,G,,,8,350,,,,B,00000,00,A,42,0,0,000000000,00000000000,0,0,0,1,0,0,0,0,0,0,0,999,0,1,5,0,98,6,2,1,0,0,0,1,1,36272,1,1,1,0,2,0,66,143,0,1,0,0,0,7,2011,7,2011,0,0,0,0,0,1,2,55,1,1,2,1,0,0,1,13,1,1,4,1,1,1
1,10451,1,2,1,10,8,16,10,12,1,1,0,1,1,23,421,23421,15,2001,3GKFK16T31G1,3,G,K,F,K,1,6,T,3,1,G,1,0,T,GMC,KX1,4W,1,17,,2,0,1300,YUK,G,,,8,325,,,,B,5219,00,E,44,0,0,000000000,00000000000,0,0,0,1,0,0,0,0,0,0,0,70,0,0,0,12,98,6,2,12,0,0,0,1,1,35217,6,1,0,0,3,0,74,165,0,1,0,2,0,9,2008,3,2010,1,0,0,0,0,2,2,60,1,1,2,1,0,0,1,52,7,1,1,28,1,0
1,10451,2,2,1,10,8,16,10,12,1,1,0,47,4,84,881,84881,66,2011,1HSCUSJR0BJ3,1,H,S,C,U,S,J,R,0,B,J,3,1,T,INTL,PPR,TR,11,17,,8,0,0,PRO,D,,,6,793,,,,,00000,00,,64,1,57,0391801,570391801,3,6,3,1,0,0,0,0,0,0,0,10,0,0,0,6,6,4,1,12,0,0,0,1,47,37221,6,1,6,0,3,0,72,210,1,0,0,0,0,12,2008,12,2008,0,0,0,0,0,2,2,60,1,1,2,1,0,0,2,53,1,1,1,30,0,0
1,10452,1,1,2,8,8,16,33,59,0,1,0,1,2,54,37,54037,2,2003,19UYA42453A0,1,9,U,Y,A,4,2,4,5,3,A,0,0,P,ACUR,32C,CP,3,17,3470,,0,1069,,G,,F,6,197,,,16R205,,,,,,0,0,000000000,00000000000,0,0,0,1,0,0,0,0,0,0,0,999,0,0,0,10,98,6,2,14,0,0,0,1,1,36080,2,1,2,0,2,0,71,130,0,4,0,0,1,12,2008,1,2011,9,0,0,0,0,2,2,50,1,5,2,2,0,0,1,13,1,1,4,1,1,0
1,10453,1,1,1,24,7,17,10,42,0,1,0,1,1,20,20,20020,4,2000,2G1WL52J6Y13,2,G,1,W,L,5,2,J,6,Y,1,3,0,P,CHEV,LUM,4D,0,17,3330,,0,1075,,G,,F,6,191,,,15R205,,,,,,0,0,000000000,00000000000,0,0,0,1,0,0,0,0,0,0,0,55,0,0,0,12,98,6,2,42,0,0,0,1,1,36854,6,1,0,0,3,0,69,156,0,0,0,0,0,0,0,0,0,1,0,0,0,0,1,2,45,3,5,2,1,0,0,14,13,6,4,4,7,1,1