STATE,ST_CASE,VEH_NO,VE_FORMS,NUMOCCS,DAY,MONTH,HOUR,MINUTE,HARM_EV,MAN_COLL,UNITTYPE,HIT_RUN,REG_STAT,OWNER,MAKE,MODEL,MAK_MOD,BODY_TYP,MOD_YEAR,VIN,VIN_1,VIN_2,VIN_3,VIN_4,VIN_5,VIN_6,VIN_7,VIN_8,VIN_9,VIN_10,VIN_11,VIN_12,TOW_VEH,VINTYPE,VINMAKE,VINA_MOD,VIN_BT,VINMODYR,VIN_LNGT,VIN_WGT,WGTCD_TR,WHLBS_LG,WHLBS_SH,SER_TR,FUELCODE,MCYCL_DS,CARBUR,CYLINDER,DISPLACE,MCYCL_CY,MCYCL_WT,TIRE_SZE,TON_RAT,TRK_WT,TRKWTVAR,VIN_REST,WHLDRWHL,J_KNIFE,MCARR_I1,MCARR_I2,MCARR_ID,GVWR,V_CONFIG,CARGO_BT,HAZ_INV,HAZ_PLAC,HAZ_ID,HAZ_CNO,HAZ_REL,BUS_USE,SPEC_USE,EMER_USE,TRAV_SP,UNDERIDE,ROLLOVER,ROLINLOC,IMPACT1,IMPACT2,DEFORMED,TOWED,M_HARM,VEH_SC1,VEH_SC2,FIRE_EXP,DR_PRES,L_STATE,DR_ZIP,L_STATUS,L_TYPE,CDL_STAT,L_ENDORS,L_COMPL,L_RESTRI,DR_HGT,DR_WGT,PREV_ACC,PREV_SUS,PREV_DWI,PREV_SPD,PREV_OTH,FIRST_MO,FIRST_YR,LAST_MO,LAST_YR,SPEEDREL,DR_SF1,DR_SF2,DR_SF3,DR_SF4,VTRAFWAY,VNUM_LAN,VSPD_LIM,VALIGN,VPROFILE,VPAVETYP,VSURCOND,VTRAFCON,VTCONT_F,P_CRASH1,P_CRASH2,P_CRASH3,PCRASH4,PCRASH5,ACC_TYPE,DEATHS,DR_DRINK
1,10559,2,2,1,5,10,12,10,12,6,1,0,1,3,87,881,87881,66,2007,1XPFDB0X47N6,1,X,P,F,D,B,0,X,4,7,N,6,1,T,PTRB,378,TR,7,17,,8,0,0,CON,D,,,6,893,,,,,00000,00,,64,1,57,1509352,571509352,3,6,10,1,0,0,0,0,0,0,0,55,0,0,0,8,8,2,1,12,0,0,0,1,1,36251,6,1,6,0,3,0,69,145,0,0,0,0,1,4,2010,4,2010,0,0,0,0,0,1,2,55,1,6,2,1,0,0,1,62,7,1,1,65,0,0
1,10560,1,1,2,7,10,13,8,59,0,1,0,1,2,12,401,12401,14,1995,1FMDU34X7SUB,1,F,M,D,U,3,4,X,7,S,U,B,0,P,FORD,EPR,UT,95,17,4053,,0,1115,,G,,F,6,245,,,15R225,,,,,,0,0,000000000,00000000000,0,0,0,1,0,0,0,0,0,0,0,60,0,1,1,81,98,6,2,1,0,0,0,1,1,35613,6,1,0,0,3,0,66,150,1,0,0,0,0,7,2010,7,2010,1,0,0,0,0,1,2,45,3,6,2,1,0,0,14,13,1,1,4,1,1,0
1,10561,1,1,2,8,10,6,20,59,0,1,0,1,1,63,34,63034,4,2008,KNAGE1233851,K,N,A,G,E,1,2,3,3,8,5,1,0,P,KIA,OLE,4D,8,17,3142,,0,1071,,G,,F,4,146,,,16R205,,,,,,0,0,000000000,00000000000,0,0,0,1,0,0,0,0,0,0,0,50,0,1,5,12,98,6,2,1,0,0,0,1,1,36117,6,1,0,0,3,1,64,135,0,0,0,0,0,0,0,0,0,0,0,0,0,0,1,2,55,2,1,2,1,0,0,14,12,1,1,4,6,1,1
1,10562,1,3,1,5,10,17,8,12,6,1,0,1,2,7,482,7482,31,2010,1D7RB1CT0AS2,1,D,7,R,B,1,C,T,0,A,S,2,0,T,DODG,150,CW,10,17,,2,0,1400,RPC,G,,,8,348,,,,B,5064,00,7,42,0,0,000000000,00000000000,0,0,0,1,0,0,0,0,0,0,0,70,0,0,0,12,12,6,2,12,0,0,0,1,1,35456,6,1,0,0,3,0,72,165,1,0,0,0,0,8,2010,8,2010,1,38,0,0,0,2,2,55,1,1,2,1,3,3,1,55,1,1,1,69,0,0
1,10562,2,3,3,5,10,17,8,12,6,1,0,1,1,37,32,37032,4,2004,3HGCM56364G7,3,H,G,C,M,5,6,3,6,4,G,7,0,P,HOND,ULX,4D,4,17,3113,,0,1079,,G,,F,4,146,,,15R205,,,,,,0,0,000000000,00000000000,0,0,0,1,0,0,0,0,0,0,0,10,0,0,0,1,1,6,2,12,0,0,0,1,1,35405,1,1,0,0,2,0,62,200,0,1,0,1,0,11,2010,8,2011,0,0,0,0,0,2,2,55,1,1,2,1,3,3,11,55,1,1,1,68,0,0
1,10562,3,3,2,5,10,17,8,12,6,1,0,1,2,7,24,7024,4,2008,2B3KA43R28H2,2,B,3,K,A,4,3,R,2,8,H,2,0,P,DODG,CHA,4D,8,17,3727,,0,1200,,G,,F,6,165,,,17R215,,,,,,0,0,000000000,00000000000,0,0,0,1,0,0,0,0,0,0,0,0,0,0,0,9,98,6,2,12,0,0,0,1,1,35405,6,1,0,0,3,0,70,187,0,0,0,0,0,0,0,0,0,0,0,0,0,0,1,2,25,1,1,2,1,21,3,5,60,1,1,1,98,1,0
1,10563,1,1,1,7,10,9,10,1,0,1,0,1,1,12,471,12471,30,1998,1FTYR14X5WPB,1,F,T,Y,R,1,4,X,5,W,P,B,1,T,FORD,RNS,PC,98,17,,1,0,1257,RNG,G,,,6,245,,,,B,3210,01,E,42,1,0,000000000,00000000000,0,0,0,1,0,0,0,0,0,0,0,999,0,1,5,0,98,6,2,1,0,0,0,1,1,35581,6,1,6,0,3,0,68,200,0,0,0,2,0,4,2009,8,2009,9,0,0,0,0,1,2,55,3,6,2,1,0,0,14,13,6,3,4,2,1,0
1,10564,1,1,4,8,10,19,15,34,0,1,0,1,1,49,472,49472,30,2002,5TEHN72N42Z8,5,T,E,H,N,7,2,N,4,2,Z,8,0,T,TOYT,DCL,CW,2,17,,1,0,1219,TAC,G,,,6,206,,,,B,3705,00,E,44,0,0,000000000,00000000000,0,0,0,1,0,0,0,0,0,0,0,60,0,1,5,3,98,6,2,1,0,0,0,1,1,36105,6,1,0,0,3,0,73,225,0,0,0,1,0,11,2008,11,2008,0,58,0,0,0,1,2,55,3,1,2,1,0,0,14,13,6,4,4,7,1,1
1,10565,1,1,1,13,10,17,50,43,0,1,0,1,1,50,706,50706,80,1999,SMT600FM9XJ0,S,M,T,6,0,0,F,M,9,X,J,0,0,M,TRUM,TST,RC,99,17,,,,,,,955,,3,,4,456,,,,,,,0,0,000000000,00000000000,0,0,0,1,0,0,0,0,0,0,0,70,0,0,0,12,12,6,2,43,0,0,0,1,1,35023,1,1,0,0,2,0,75,190,0,5,0,2,0,10,2008,1,2011,1,0,0,0,0,1,2,40,3,5,2,1,0,0,14,13,1,1,4,1,1,0
1,10566,1,1,1,16,10,11,25,30,0,1,0,1,2,19,3,19003,4,1992,1G6CD53B0N42,1,G,6,C,D,5,3,B,0,N,4,2,0,P,CADI,DFW,4D,92,17,3591,,0,1138,,G,,F,8,300,,,15R205,,,,,,0,0,000000000,00000000000,0,0,0,1,0,0,0,0,0,0,0,999,0,0,0,10,10,6,2,30,0,0,0,1,1,35769,0,0,0,0,0,0,70,290,0,0,0,0,0,0,0,0,0,1,0,0,0,0,1,2,35,3,1,2,1,0,0,14,6,1,3,4,7,1,0
1,10567,1,3,1,10,10,10,40,12,6,1,0,1,2,35,51,35051,6,2008,JN8AS58T48W0,J,N,8,A,S,5,8,T,4,8,W,0,0,P,NISS,ROG,UT,8,17,3267,,0,1059,,G,,F,4,153,,,16R215,,,,,,0,0,000000000,00000000000,0,0,0,1,0,0,0,0,0,0,0,30,0,0,0,12,98,6,2,12,0,0,0,1,1,35085,6,1,0,0,3,1,63,225,0,0,0,1,0,3,2010,3,2010,0,39,38,0,0,1,2,30,2,5,2,1,20,3,14,17,1,1,1,88,1,0
1,10567,2,3,1,10,10,10,40,12,6,1,0,1,2,87,881,87881,66,2000,1XP5D49X3YD5,1,X,P,5,D,4,9,X,3,Y,D,5,1,T,PTRB,379,TR,0,17,,8,0,0,CON,D,,,6,915,,,,,00000,00,,64,1,57,1580216,571580216,3,6,2,1,0,0,0,0,0,0,0,47,0,0,0,61,61,2,1,12,0,0,0,1,1,35150,6,1,6,0,3,1,72,200,1,0,0,1,3,12,2008,9,2010,0,0,0,0,0,1,2,45,1,1,2,1,0,0,1,65,1,1,1,89,0,0
1,10567,3,3,1,10,10,10,40,12,6,1,0,1,1,12,481,12481,31,1998,1FTZX17W5WNC,1,F,T,Z,X,1,7,W,5,W,N,C,0,T,FORD,F15,3C,98,17,,1,1570,1390,COF,G,,,8,281,,,,B,4067,02,E,42,0,0,000000000,00000000000,0,0,0,1,0,0,0,0,0,0,0,43,0,0,0,12,12,6,2,12,0,0,0,1,1,35045,6,1,0,0,3,0,64,170,0,0,0,0,0,0,0,0,0,0,0,0,0,0,1,2,45,1,1,2,1,0,0,1,67,4,1,1,98,0,0
1,10568,1,2,1,19,4,18,33,55,2,1,0,1,1,59,31,59031,4,2006,JTHBA30G3651,J,T,H,B,A,3,0,G,3,6,5,1,0,P,LEXS,E33,4D,6,17,3472,,0,1071,,G,,F,6,201,,,17R215,,,,,,0,0,000000000,00000000000,0,0,0,1,0,0,0,0,0,0,0,45,0,0,0,12,98,6,2,55,0,0,0,1,1,35953,6,1,0,0,3,0,63,140,0,0,0,0,0,0,0,0,0,0,0,0,0,0,1,2,45,1,1,2,1,0,0,1,12,1,1,4,98,0,0
1,10568,2,2,1,19,4,18,33,55,2,1,0,92,0,98,998,98998,97,9999,000000000000,0,0,0,0,0,0,0,0,0,0,0,0,0,,,,,,,,,,,,,,,,,,,,,,,,,0,0,000000000,00000000000,0,0,0,1,0,0,0,0,0,0,0,999,0,0,0,12,98,6,2,55,0,0,0,1,1,35953,6,1,0,0,1,0,72,190,0,0,0,0,0,0,0,0,0,0,0,0,0,0,0,0,0,0,0,0,0,0,0,98,98,1,1,5,98,1,0
1,10569,1,1,5,15,5,16,25,30,0,1,0,1,2,7,482,7482,31,1997,3B7HC13Y8VG7,3,B,7,H,C,1,3,Y,8,V,G,7,0,T,DODG,150,PC,97,17,,2,1547,1387,RPC,G,,,8,318,,,,B,4379,01,M,42,0,0,000000000,00000000000,0,0,0,1,0,0,0,0,0,0,0,55,0,0,0,2,98,6,2,30,0,0,0,1,1,36206,6,1,0,0,3,0,79,250,0,0,0,1,0,11,2008,11,2008,0,0,0,0,0,1,2,55,1,1,2,1,0,0,1,13,1,1,4,1,1,0
1,10570,1,1,1,3,7,0,26,42,0,1,0,1,1,19,3,19003,4,1996,1G6KD52Y3TU2,1,G,6,K,D,5,2,Y,3,T,U,2,0,P,CADI,DFW,4D,96,17,3758,,0,1138,,G,,F,8,279,,,15R225,,,,,,0,0,000000000,00000000000,0,0,0,1,0,0,0,0,0,0,0,999,0,0,0,3,3,6,2,42,0,0,0,1,1,35953,2,1,0,0,2,0,65,120,0,0,0,0,0,0,0,0,0,9,0,0,0,0,1,2,30,1,1,2,1,0,0,1,13,1,1,4,1,1,1
1,10571,1,1,1,23,9,6,5,32,0,1,0,1,2,41,45,41045,1,1990,JM1NA3516L01,J,M,1,N,A,3,5,1,6,L,0,1,0,P,MAZD,MIA,CV,90,17,2093,,0,892,,G,,F,4,098,,,14R185,,,,,,0,0,000000000,00000000000,0,0,0,1,0,0,0,0,0,0,0,999,0,1,5,12,98,6,2,32,0,0,0,1,1,36033,6,1,0,0,3,0,69,140,2,0,0,1,0,1,2009,10,2009,0,0,0,0,0,2,2,45,3,6,2,2,0,0,14,13,1,1,4,1,1,1
1,10572,1,2,2,22,9,14,10,12,6,1,0,1,1,6,51,6051,4,2006,2C3KA43R36H3,2,C,3,K,A,4,3,R,3,6,H,3,0,P,CHRY,C30,4D,6,17,3623,,0,1200,,G,,F,6,165,,,17R215,,,,,,0,0,000000000,00000000000,0,0,0,1,0,0,0,0,0,0,0,10,0,0,0,10,10,6,2,12,0,0,0,1,1,36265,6,1,0,0,3,0,65,101,0,0,0,1,0,4,2009,4,2009,0,38,0,0,0,1,2,35,1,1,2,1,20,3,1,17,1,1,1,89,1,0
1,10572,2,2,1,22,9,14,10,12,6,1,0,18,3,51,881,51881,66,2002,4V4NC9JH12N3,4,V,4,N,C,9,J,H,1,2,N,3,1,T,VOLV,VNL,TR,2,17,,8,0,0,VVN,D,,,6,855,,,,,00000,00,,64,1,57,223377,57223377,3,6,1,1,0,0,0,0,0,0,0,45,0,0,0,12,12,6,2,12,0,0,0,1,47,38501,6,1,6,0,3,0,69,210,0,0,0,0,1,6,2011,6,2011,0,0,0,0,0,2,2,65,1,1,2,1,0,0,1,66,6,1,1,88,0,0
1,10573,1,1,1,6,10,8,10,8,0,1,0,1,1,23,481,23481,31,1997,1GTEC19R2VE5,1,G,T,E,C,1,9,R,2,V,E,5,0,T,GMC,SC1,PC,97,17,,2,1555,1415,SIE,G,,,8,350,,,,B,00000,00,E,42,0,0,000000000,00000000000,0,0,0,1,0,0,0,0,0,0,0,5,0,0,0,12,12,0,1,8,0,0,0,1,1,35204,6,1,6,0,3,1,74,205,1,0,0,0,1,11,2008,12,2010,0,0,0,0,0,1,2,35,1,1,2,1,3,3,11,80,1,1,1,13,0,0
1,10574,1,1,2,13,10,19,35,8,0,1,0,1,1,23,422,23422,15,2005,3GKEC16Z85G1,3,G,K,E,C,1,6,Z,8,5,G,1,0,T,GMC,CX1,4W,5,17,,2,0,1300,YUK,F,,,8,325,,,,B,5268,00,4,42,0,0,000000000,00000000000,0,0,0,1,0,0,0,0,0,0,0,999,0,0,0,12,12,2,3,8,0,0,0,1,1,36451,6,1,0,0,3,0,61,150,0,0,0,0,1,11,2008,11,2008,0,89,0,0,0,5,2,55,1,1,2,1,0,0,1,80,1,1,1,13,0,0
1,10575,1,2,1,7,10,10,45,12,6,1,0,1,1,53,706,53706,80,2002,JS1GT74A4221,J,S,1,G,T,7,4,A,4,2,2,1,0,M,SUZI,XR1,RC,2,17,,,,,,,988,,4,,4,374,,,,,,,0,0,000000000,00000000000,0,0,0,1,0,0,0,0,0,0,0,999,0,0,0,12,12,6,2,12,0,0,0,1,1,35180,1,1,0,0,2,1,71,240,1,2,0,2,1,1,2009,9,2011,0,0,0,0,0,1,2,35,1,3,2,1,0,0,1,62,1,1,1,98,1,0
1,10575,2,2,1,7,10,10,45,12,6,1,0,1,1,49,40,49040,4,1997,4T1BG22K7VU1,4,T,1,B,G,2,2,K,7,V,U,1,0,P,TOYT,UEX,4D,97,17,2976,,0,1051,,G,,F,4,132,,,14R195,,,,,,0,0,000000000,00000000000,0,0,0,1,0,0,0,0,0,0,0,5,0,0,0,2,2,6,2,12,0,0,0,1,1,35235,6,1,0,0,3,0,71,245,0,0,0,0,0,0,0,0,0,0,0,0,0,0,1,2,35,1,3,2,1,0,0,12,54,1,1,1,98,0,0
1,10576,1,1,2,13,10,18,50,1,0,1,0,99,9,20,498,20498,30,1979,1CCU49S10327,1,C,C,U,4,9,S,1,0,3,2,7,0,T,CHEV,,,79,13,,,,,,,,,,,,,,,,,,,0,0,000000000,00000000000,0,0,0,1,0,0,0,0,0,0,0,999,0,1,5,0,98,6,2,1,0,0,0,1,1,35603,0,0,0,0,0,0,73,179,0,8,2,0,0,8,2009,10,2010,1,58,0,0,0,1,2,45,1,5,2,1,0,0,1,13,6,2,4,7,1,1
1,10577,1,1,2,19,10,7,50,32,0,1,0,1,2,37,441,37441,20,2001,2HKRL18761H5,2,H,K,R,L,1,8,7,6,1,H,5,0,P,HOND,UDY,SV,1,17,4288,,0,1181,,G,,F,6,212,,,16R215,,,,,,0,0,000000000,00000000000,0,0,0,1,0,0,0,0,0,0,0,55,0,0,0,12,98,6,2,42,0,0,0,1,1,35051,0,0,0,0,0,0,999,999,0,0,0,0,0,0,0,0,0,0,0,0,0,0,1,2,45,3,1,2,1,0,0,14,13,1,1,4,1,1,0
1,10578,1,5,2,6,10,16,53,12,6,1,0,1,2,18,23,18023,4,2007,1G4HP57257U2,1,G,4,H,P,5,7,2,5,7,U,2,0,P,BUIC,UCX,4D,7,17,3764,,0,1156,,G,,F,6,232,,,16R225,,,,,,0,0,000000000,00000000000,0,0,0,1,0,0,0,0,0,0,0,999,0,0,0,3,98,6,2,12,0,0,0,1,1,36801,6,1,0,0,3,0,62,100,0,0,0,0,0,0,0,0,0,9,0,0,0,0,1,2,45,1,1,2,1,3,3,11,55,1,1,1,68,1,0
1,10578,2,5,1,6,10,16,53,12,6,1,0,1,2,23,481,23481,31,2004,2GTEK13T9413,2,G,T,E,K,1,3,T,9,4,1,3,0,T,GMC,NK1,CW,4,17,,2,0,1435,SIE,G,,,8,325,,,,B,5244,00,E,44,0,0,000000000,00000000000,0,0,0,1,0,0,0,0,0,0,0,999,0,0,0,12,98,6,2,12,0,0,0,1,1,36830,6,1,0,0,3,0,72,171,1,0,0,2,1,11,2008,10,2010,9,0,0,0,0,1,2,45,1,1,2,1,3,3,1,66,2,1,1,69,0,0
1,10578,3,5,1,6,10,16,53,12,6,1,0,1,1,14,6,14006,4,2000,2MEFM75W0YX6,2,M,E,F,M,7,5,W,0,Y,X,6,0,P,MERC,MGL,4D,0,17,3973,,0,1147,,G,,F,8,281,,,16R225,,,,,,0,0,000000000,00000000000,0,0,0,1,0,0,0,0,0,0,0,0,0,0,0,12,12,2,1,12,0,0,0,1,1,36804,6,1,0,0,3,0,60,100,1,0,0,0,0,1,2010,1,2010,0,0,0,0,0,1,2,35,1,1,2,1,3,3,5,66,1,1,1,98,0,0
1,10578,4,5,1,6,10,16,53,12,6,1,0,26,1,30,40,30040,4,2009,3VWRM71K19M1,3,V,W,R,M,7,1,K,1,9,M,1,0,P,VOLK,JSE,4D,9,17,3230,,0,1015,,G,,F,5,151,,,16R205,,,,,,0,0,000000000,00000000000,0,0,0,1,0,0,0,0,0,0,0,0,0,0,0,10,10,2,1,12,0,0,0,1,26,36830,6,1,0,0,3,0,64,135,1,0,0,0,0,6,2009,6,2009,0,0,0,0,0,1,2,35,1,1,2,1,21,3,5,66,1,1,1,98,0,0
1,10578,5,5,1,6,10,16,53,12,6,1,0,1,1,37,421,37421,15,2009,5FNYF38599B0,5,F,N,Y,F,3,8,5,9,9,B,0,0,P,HOND,PIL,UT,9,17,4359,,0,1092,,G,,F,6,213,,,000000,,,,,,0,0,000000000,00000000000,0,0,0,1,0,0,0,0,0,0,0,0,0,0,0,3,3,2,1,12,0,0,0,1,1,36801,6,1,0,0,3,0,64,146,0,0,0,0,0,0,0,0,0,0,0,0,0,0,1,2,35,1,1,2,1,3,3,5,66,1,1,1,98,0,0
1,10579,1,2,2,10,10,12,25,12,6,1,0,1,1,49,401,49401,14,2002,JT3HN86RX290,J,T,3,H,N,8,6,R,X,2,9,0,0,P,TOYT,RUN,UT,2,17,4070,,0,1053,,G,,F,6,206,,,15R225,,,,,,0,0,000000000,00000000000,0,0,0,1,0,0,0,0,0,0,0,15,0,1,1,10,98,6,2,12,0,0,0,1,1,35128,6,1,0,0,3,0,74,176,0,0,0,0,0,0,0,0,0,0,39,0,0,0,1,2,45,1,1,2,1,20,3,1,17,1,1,1,89,1,0
1,10579,2,2,1,10,10,12,25,12,6,1,0,1,3,87,881,87881,66,2007,1XP5DB9X77D6,1,X,P,5,D,B,9,X,7,7,D,6,1,T,PTRB,379,TR,7,17,,8,0,0,CON,D,,,6,893,,,,,00000,00,,64,1,57,1202620,571202620,3,6,97,1,0,0,0,0,0,0,0,60,0,1,1,12,98,6,2,12,0,0,0,1,1,36732,6,1,6,0,3,1,72,249,0,0,0,1,0,2,2009,2,2009,0,0,0,0,0,2,2,65,3,5,2,1,0,0,14,66,1,1,1,88,0,0
1,10580,1,1,2,14,10,7,50,32,0,1,0,1,2,14,36,14036,4,1995,3MASM10J3SR6,3,M,A,S,M,1,0,J,3,S,R,6,0,P,MERC,TTO,4D,95,17,2418,,0,984,,G,,F,4,114,,,14R175,,,,,,0,0,000000000,00000000000,0,0,0,1,0,0,0,0,0,0,0,65,0,1,5,12,98,6,2,1,0,0,0,1,1,36776,6,2,0,0,3,0,68,156,0,0,0,0,0,0,0,0,0,1,0,0,0,0,1,2,55,1,1,2,1,0,0,1,13,1,1,4,1,1,0
1,10581,1,1,1,15,10,20,10,34,0,1,0,1,2,55,38,55038,4,2001,KMHFU45D21A1,K,M,H,F,U,4,5,D,2,1,A,1,0,P,HYUN,XG3,4D,1,17,3604,,0,1083,,G,,F,6,181,,,15R195,,,,,,0,0,000000000,00000000000,0,0,0,1,0,0,0,0,0,0,0,65,0,1,5,12,98,6,2,1,0,0,0,1,1,35442,6,1,0,0,3,0,66,163,0,0,0,0,0,0,0,0,0,1,0,0,0,0,1,2,40,2,1,2,1,0,0,14,6,1,3,4,2,1,0
1,10582,1,1,1,15,10,19,10,8,0,1,0,1,1,42,48,42048,4,1999,WDBJF65H8XA8,W,D,B,J,F,6,5,H,8,X,A,8,0,P,MERZ,E32,4D,99,17,3340,,0,1115,,G,,F,6,195,,,16R215,,,,,,0,0,000000000,00000000000,0,0,0,1,0,0,0,0,0,0,0,70,0,0,0,12,12,6,2,8,0,0,0,1,1,36606,6,1,0,0,3,0,65,195,0,0,0,0,0,0,0,0,0,0,0,0,0,0,2,2,65,1,1,2,1,0,0,1,80,6,1,1,13,0,0
1,10583,1,1,1,17,10,3,30,30,0,1,0,1,2,22,20,22020,4,2004,2G2WP5221413,2,G,2,W,P,5,2,2,1,4,1,3,0,P,PONT,GPG,4D,4,17,3477,,0,1105,,G,,F,6,231,,,16R225,,,,,,0,0,000000000,00000000000,0,0,0,1,0,0,0,0,0,0,0,70,0,0,0,8,8,6,2,30,0,0,0,1,1,36321,1,1,1,0,2,0,73,280,0,2,0,2,1,10,2008,3,2010,0,0,0,0,0,1,2,40,3,6,2,1,0,0,14,13,1,2,4,2,1,1
1,10584,1,2,1,21,10,15,35,12,7,1,0,1,1,49,472,49472,30,2001,5TEGN92N71Z8,5,T,E,G,N,9,2,N,7,1,Z,8,0,T,TOYT,DCP,CW,1,17,,1,0,1219,TAC,G,,,6,206,,,,B,3475,00,E,42,0,0,000000000,00000000000,0,0,0,1,0,0,0,0,0,0,0,75,0,1,1,1,98,6,2,1,0,0,0,1,1,36792,2,1,0,0,2,0,70,185,3,0,1,0,0,11,2008,7,2010,1,34,0,0,0,1,2,55,1,1,2,1,0,0,6,11,1,1,1,73,1,1
1,10584,2,2,1,21,10,15,35,12,7,1,0,1,2,12,471,12471,30,2000,1FTYR10V8YPA,1,F,T,Y,R,1,0,V,8,Y,P,A,0,T,FORD,RNG,PK,0,17,,1,1175,1116,RNG,F,,,6,182,,,,B,3068,02,U,42,0,0,000000000,00000000000,0,0,0,1,0,0,0,0,0,0,0,5,0,0,0,11,11,6,2,12,0,0,0,1,1,35035,6,2,0,0,3,0,68,135,0,0,0,0,0,0,0,0,0,0,0,0,0,0,1,2,55,1,1,2,1,0,0,11,60,1,1,1,72,0,0
1,10585,1,1,2,22,10,6,0,53,0,1,0,1,2,20,471,20471,30,1994,1GCCS1444R81,1,G,C,C,S,1,4,4,4,R,8,1,0,T,CHEV,S14,PK,94,17,,1,1179,1083,S,G,,,4,133,,,,B,2905,01,,42,0,0,000000000,00000000000,0,0,0,1,0,0,0,0,0,0,0,55,0,0,0,12,12,6,2,42,0,0,0,1,1,35173,6,1,0,0,3,0,72,130,1,0,0,0,0,9,2011,9,2011,0,0,0,0,0,1,2,45,1,1,2,1,0,0,1,12,1,1,4,6,1,0
1,10586,1,1,1,23,10,16,55,34,0,1,0,1,1,49,32,49032,4,2002,1NXBR12E42Z5,1,N,X,B,R,1,2,E,4,2,Z,5,0,P,TOYT,UCS,4D,2,17,2405,,0,970,,G,,F,4,109,,,14R175,,,,,,0,0,000000000,00000000000,0,0,0,1,0,0,0,0,0,0,0,45,0,0,0,9,9,6,2,42,0,0,0,1,1,35481,6,1,0,0,3,0,71,185,0,0,0,0,0,0,0,0,0,0,58,0,0,0,1,2,45,3,1,2,2,0,0,14,13,6,4,4,7,1,1
1,10587,1,1,1,23,10,22,35,34,0,1,0,1,1,20,481,20481,31,1997,1GTEC19R1VE5,1,G,T,E,C,1,9,R,1,V,E,5,0,T,GMC,SC1,PC,97,17,,2,1555,1415,SIE,G,,,8,350,,,,B,00000,00,E,42,0,0,000000000,00000000000,0,0,0,1,0,0,0,0,0,0,0,60,0,1,5,11,98,6,2,1,0,0,0,1,1,36006,6,1,0,0,3,0,75,190,0,0,0,0,0,0,0,0,0,1,58,0,0,0,1,2,40,3,6,2,1,0,0,14,13,6,3,4,2,1,1
1,10588,1,1,1,24,10,23,50,8,0,1,0,1,1,12,401,12401,14,1995,1FMDU32X6SUA,1,F,M,D,U,3,2,X,6,S,U,A,0,P,FORD,EPR,UT,95,17,3844,,0,1115,,G,,F,6,245,,,15R225,,,,,,0,0,000000000,00000000000,0,0,0,1,0,0,0,0,0,0,0,55,0,0,0,12,12,2,1,8,0,0,0,1,1,36522,6,1,0,0,3,0,62,147,0,0,0,1,0,9,2009,9,2009,0,0,0,0,0,1,2,55,1,1,2,1,0,0,1,80,1,1,1,13,0,0
1,10589,1,2,2,2,10,5,41,12,2,1,0,28,2,35,402,35402,14,2008,5N1AN08U98C5,5,N,1,A,N,0,8,U,9,8,C,5,0,P,NISS,XTR,UT,8,17,4150,,0,1063,,G,,F,6,244,,,16R265,,,,,,0,0,000000000,00000000000,0,0,0,1,0,0,0,0,0,0,0,55,0,0,0,12,12,6,2,12,0,0,0,1,28,39367,1,1,5,0,2,0,71,175,0,0,0,4,1,7,2009,6,2011,0,51,0,0,0,2,2,55,1,1,2,1,3,3,1,54,1,1,1,52,0,1
1,10589,2,2,1,2,10,5,41,12,2,1,0,22,1,19,3,19003,4,2003,1G6KD54Y93U1,1,G,6,K,D,5,4,Y,9,3,U,1,0,P,CADI,DFW,4D,3,17,3978,,0,1153,,G,,F,8,279,,,16R225,,,,,,0,0,000000000,00000000000,0,0,0,1,0,0,0,0,0,0,0,999,0,0,0,12,12,6,2,12,0,0,0,1,22,70422,6,1,0,0,3,1,70,170,0,0,0,0,0,0,0,0,0,0,0,0,0,0,2,2,55,1,1,2,1,3,3,1,54,1,1,1,52,1,0
1,10590,1,1,1,11,10,16,0,34,0,1,0,1,1,35,47,35047,4,2003,1N4AL11D13C3,1,N,4,A,L,1,1,D,1,3,C,3,0,P,NISS,ABS,4D,3,17,2913,,0,1102,,G,,F,4,153,,,16R205,,,,,,0,0,000000000,00000000000,0,0,0,1,0,0,0,0,0,0,0,50,0,0,0,11,98,6,2,42,0,0,0,1,1,35976,6,1,0,0,3,0,65,130,0,0,0,1,0,5,2011,5,2011,1,0,0,0,0,1,2,50,3,6,2,2,0,0,14,6,6,4,4,7,1,0
1,10591,1,2,1,15,10,22,40,12,2,1,0,1,2,49,40,49040,4,1992,4T1SK12E2NU0,4,T,1,S,K,1,2,E,2,N,U,0,0,P,TOYT,CLE,4D,92,17,3053,,0,1031,,G,,F,4,132,,,000000,,,,,,0,0,000000000,00000000000,0,0,0,1,0,0,0,0,0,0,0,60,0,0,0,12,12,6,2,12,0,0,0,1,1,35768,6,1,0,0,3,0,64,130,0,0,0,0,0,0,0,0,0,1,0,0,0,0,1,2,30,3,6,2,1,0,0,14,10,1,2,2,50,1,0
1,10591,2,2,3,15,10,22,40,12,2,1,0,1,2,20,421,20421,15,2000,1GNEK13T1YJ1,1,G,N,E,K,1,3,T,1,Y,J,1,0,P,CHEV,KTA,UT,0,17,5333,,0,1160,,G,,F,8,325,,,16R265,,,,,,0,0,000000000,00000000000,0,0,0,1,0,0,0,0,0,0,0,55,0,0,0,12,12,6,2,12,0,0,0,1,1,35746,6,1,0,0,3,0,64,200,0,0,0,0,0,0,0,0,0,0,0,0,0,0,1,2,30,2,5,2,1,0,0,14,62,9,1,1,51,0,0