STATE,ST_CASE,VEH_NO,VE_FORMS,NUMOCCS,DAY,MONTH,HOUR,MINUTE,HARM_EV,MAN_COLL,UNITTYPE,HIT_RUN,REG_STAT,OWNER,MAKE,MODEL,MAK_MOD,BODY_TYP,MOD_YEAR,VIN,VIN_1,VIN_2,VIN_3,VIN_4,VIN_5,VIN_6,VIN_7,VIN_8,VIN_9,VIN_10,VIN_11,VIN_12,TOW_VEH,VINTYPE,VINMAKE,VINA_MOD,VIN_BT,VINMODYR,VIN_LNGT,VIN_WGT,WGTCD_TR,WHLBS_LG,WHLBS_SH,SER_TR,FUELCODE,MCYCL_DS,CARBUR,CYLINDER,DISPLACE,MCYCL_CY,MCYCL_WT,TIRE_SZE,TON_RAT,TRK_WT,TRKWTVAR,VIN_REST,WHLDRWHL,J_KNIFE,MCARR_I1,MCARR_I2,MCARR_ID,GVWR,V_CONFIG,CARGO_BT,HAZ_INV,HAZ_PLAC,HAZ_ID,HAZ_CNO,HAZ_REL,BUS_USE,SPEC_USE,EMER_USE,TRAV_SP,UNDERIDE,ROLLOVER,ROLINLOC,IMPACT1,IMPACT2,DEFORMED,TOWED,M_HARM,VEH_SC1,VEH_SC2,FIRE_EXP,DR_PRES,L_STATE,DR_ZIP,L_STATUS,L_TYPE,CDL_STAT,L_ENDORS,L_COMPL,L_RESTRI,DR_HGT,DR_WGT,PREV_ACC,PREV_SUS,PREV_DWI,PREV_SPD,PREV_OTH,FIRST_MO,FIRST_YR,LAST_MO,LAST_YR,SPEEDREL,DR_SF1,DR_SF2,DR_SF3,DR_SF4,VTRAFWAY,VNUM_LAN,VSPD_LIM,VALIGN,VPROFILE,VPAVETYP,VSURCOND,VTRAFCON,VTCONT_F,P_CRASH1,P_CRASH2,P_CRASH3,PCRASH4,PCRASH5,ACC_TYPE,DEATHS,DR_DRINK
1,10654,1,2,1,15,11,18,4,12,6,1,0,47,2,7,482,7482,31,2003,1D7HA16N33J5,1,D,7,H,A,1,6,N,3,3,J,5,0,T,DODG,S15,PK,3,17,,2,1405,1205,RPC,G,,,8,287,,,,B,4378,03,E,42,0,0,000000000,00000000000,0,0,0,1,0,0,0,0,0,0,0,45,0,0,0,12,12,6,2,12,0,0,0,1,47,38468,6,1,0,0,3,0,65,155,0,0,0,0,0,0,0,0,0,1,39,0,0,0,1,2,30,1,1,2,1,20,3,1,17,1,1,1,86,0,0
1,10654,2,2,2,15,11,18,4,12,6,1,0,1,1,35,47,35047,4,2006,1N4AL11D66N4,1,N,4,A,L,1,1,D,6,6,N,4,0,P,NISS,ASL,4D,6,17,2915,,0,1102,,G,,F,4,153,,,16R215,,,,,,0,0,000000000,00000000000,0,0,0,1,0,0,0,0,0,0,0,15,0,0,0,1,98,6,2,12,0,0,0,1,1,35630,6,1,0,0,3,1,72,220,1,0,0,0,0,4,2009,4,2009,0,89,0,0,0,1,2,30,1,1,2,1,20,3,1,66,1,1,1,87,1,0
1,10655,1,1,3,18,11,23,33,1,0,1,0,1,2,20,20,20020,4,1996,2G1WL52M8T11,2,G,1,W,L,5,2,M,8,T,1,1,0,P,CHEV,LUM,4D,96,17,3330,,0,1075,,G,,F,6,191,,,15R205,,,,,,0,0,000000000,00000000000,0,0,0,1,0,0,0,0,0,0,0,70,0,1,5,0,98,6,2,1,0,0,0,1,1,36053,6,1,0,0,3,0,69,160,0,0,0,0,1,9,2011,9,2011,1,58,0,0,0,1,2,45,3,1,2,1,0,0,14,13,1,2,4,2,1,1
1,10656,1,2,2,22,11,19,26,12,1,1,0,1,1,35,47,35047,4,1993,1N4BU31FXPC2,1,N,4,B,U,3,1,F,X,P,C,2,0,P,NISS,AGS,4D,93,17,2729,,0,1031,,G,,F,4,146,,,15R205,,,,,,0,0,000000000,00000000000,0,0,0,1,0,0,0,0,0,0,0,80,0,0,0,12,12,6,2,12,0,0,0,1,1,36350,6,1,6,0,3,0,72,155,0,2,2,0,0,5,2010,7,2010,1,0,0,0,0,2,2,65,1,6,2,2,0,0,1,51,3,1,1,24,1,1
1,10656,2,2,1,22,11,19,26,12,1,1,0,1,2,82,881,82881,66,1997,1FUYDSEB3VP7,1,F,U,Y,D,S,E,B,3,V,P,7,0,T,FRHT,FLD,TR,97,17,,8,0,0,CON,D,,,6,774,,,,,00000,00,,64,0,77,777777777,77777777777,3,5,96,1,0,0,0,0,0,0,0,30,0,0,0,6,6,4,1,12,0,0,0,1,1,36350,6,1,6,0,3,0,66,150,0,10,0,1,3,9,2009,4,2011,0,0,0,0,0,2,2,65,1,6,2,2,0,0,3,53,1,1,1,25,0,0
1,10657,1,2,1,24,11,22,10,1,0,1,0,1,2,53,706,53706,80,2004,JS1GW71A1421,J,S,1,G,W,7,1,A,1,4,2,1,0,M,SUZI,GXR,RC,4,17,,,,,,,1298,,4,,4,478,,,,,,,0,0,000000000,00000000000,0,0,0,1,0,0,0,0,0,0,0,30,0,0,0,0,98,4,1,1,0,0,0,1,1,35208,2,1,2,0,2,9,72,220,0,0,0,0,0,0,0,0,0,0,8,51,0,0,1,2,25,1,6,2,1,0,0,3,54,7,1,1,98,1,0
1,10657,2,2,2,24,11,22,10,1,0,1,1,1,2,20,37,20037,4,2002,1G1ND52J02M5,1,G,1,N,D,5,2,J,0,2,M,5,0,P,CHEV,MAL,4D,2,17,3053,,0,1070,,G,,F,6,191,,,15R215,,,,,,0,0,000000000,00000000000,0,0,0,1,0,0,0,0,0,0,0,17,0,0,0,12,12,2,3,12,0,0,0,1,1,35064,6,1,0,0,3,0,67,140,0,0,0,0,0,0,0,0,0,0,92,0,0,0,1,2,25,1,5,2,1,0,0,1,54,1,1,1,98,0,0
1,10658,1,1,1,3,12,1,53,8,0,1,1,99,9,99,999,99999,99,9999,999999999999,9,9,9,9,9,9,9,9,9,9,9,9,0,,,,,,,,,,,,,,,,,,,,,,,,,0,0,000000000,00000000000,0,0,0,1,0,0,0,0,0,0,0,999,0,0,0,12,12,9,1,8,99,99,0,1,99,99999,9,9,99,9,9,9,999,999,99,99,99,99,99,99,9999,99,9999,9,99,99,99,99,2,6,45,1,1,2,1,0,0,1,80,1,1,1,13,0,0
1,10659,1,1,2,12,12,8,35,10,0,1,0,1,1,20,481,20481,31,1988,2GCEC19H4J12,2,G,C,E,C,1,9,H,4,J,1,2,0,T,CHEV,GC1,PC,88,17,,2,0,1555,GM4,G,,,8,305,,,,B,4074,01,,42,0,0,000000000,00000000000,0,0,0,1,0,0,0,0,0,0,0,10,0,0,0,9,98,6,2,10,0,0,0,1,1,36401,6,1,0,0,3,2,74,166,0,0,0,0,0,0,0,0,0,0,38,74,0,0,1,2,98,1,1,2,1,65,3,2,91,1,1,1,15,2,0
1,10660,1,1,2,14,12,22,45,8,0,1,0,17,1,20,421,20421,15,2008,1GNFK13028J1,1,G,N,F,K,1,3,0,2,8,J,1,0,P,CHEV,KTA,UT,8,17,5524,,0,1160,,F,,F,8,323,,,17R265,,,,,,0,0,000000000,00000000000,0,0,0,1,0,0,0,0,0,0,0,40,0,0,0,12,12,6,2,8,0,0,0,1,17,62634,6,1,0,0,3,0,74,290,0,0,0,0,0,0,0,0,0,0,0,0,0,0,5,3,45,1,1,2,1,0,0,1,80,1,1,1,13,0,0
1,10661,1,2,2,18,12,17,55,12,6,1,0,1,1,19,21,19021,4,2008,1G6DW67V1801,1,G,6,D,W,6,7,V,1,8,0,1,0,P,CADI,CST,4D,8,17,3929,,0,1164,,G,,F,6,220,,,17R235,,,,,,0,0,000000000,00000000000,0,0,0,1,0,0,0,0,0,0,0,999,0,0,0,9,9,6,2,12,0,0,0,1,1,36703,6,1,6,0,3,1,68,174,0,0,0,0,0,0,0,0,0,0,89,38,39,0,1,2,25,1,1,2,1,20,3,1,17,1,1,1,89,2,0
1,10661,2,2,1,18,12,17,55,12,6,1,0,1,3,87,881,87881,66,2007,1XP5DB9X27N6,1,X,P,5,D,B,9,X,2,7,N,6,1,T,PTRB,379,TR,7,17,,8,0,0,CON,D,,,6,893,,,,,00000,00,,64,1,57,1057535,571057535,3,6,8,1,0,0,0,0,0,0,0,50,0,0,0,12,12,2,3,12,0,0,0,1,1,35184,6,1,6,0,3,0,71,200,0,0,0,1,0,3,2011,3,2011,0,0,0,0,0,2,2,55,1,1,2,1,0,0,1,66,1,1,1,88,0,0
1,10662,1,2,1,8,10,13,0,12,2,1,0,1,3,49,482,49482,31,2007,5TFRT54137X0,5,T,F,R,T,5,4,1,3,7,X,0,0,T,TOYT,DBS,CW,7,17,,2,0,1457,TUN,G,,,8,287,,,,B,5090,00,S,42,0,0,000000000,00000000000,0,0,0,1,0,0,0,0,0,0,0,999,0,0,0,12,12,6,2,12,0,0,0,1,1,36522,6,1,0,0,3,0,76,210,0,0,0,0,0,0,0,0,0,9,28,0,0,0,1,2,55,1,3,2,1,0,0,1,10,1,1,2,50,0,1
1,10662,2,2,1,8,10,13,0,12,2,1,0,1,1,14,6,14006,4,2010,2MEBM7FV9AX6,2,M,E,B,M,7,F,V,9,A,X,6,0,P,MERC,MGL,4D,10,17,4131,,0,1146,,F,,F,8,281,,,17R225,,,,,,0,0,000000000,00000000000,0,0,0,1,0,0,0,0,0,0,0,999,0,0,0,12,12,6,2,12,0,0,0,1,1,36521,6,1,0,0,3,0,65,200,0,0,0,0,0,0,0,0,0,0,0,0,0,0,1,2,55,1,3,2,1,0,0,1,62,1,1,1,51,1,0
1,10663,1,2,5,17,11,17,0,12,6,1,0,1,1,18,3,18003,4,1997,1G4CW52K8V46,1,G,4,C,W,5,2,K,8,V,4,6,0,P,BUIC,PKA,4D,97,17,3788,,0,1138,,G,,F,6,231,,,16R225,,,,,,0,0,000000000,00000000000,0,0,0,1,0,0,0,0,0,0,0,30,0,0,0,3,3,6,2,12,0,0,0,1,1,35643,6,1,0,0,3,0,69,143,0,0,0,1,0,11,2011,11,2011,0,38,0,0,0,2,4,65,1,1,2,1,0,0,11,15,1,1,1,68,1,0
1,10663,2,2,1,17,11,17,0,12,6,1,0,1,1,20,473,20473,30,2004,1GCCS1366481,1,G,C,C,S,1,3,6,6,4,8,1,0,T,CHEV,RDO,CW,4,17,,1,0,1260,CAL,G,,,5,214,,,,,5000,00,,42,0,0,000000000,00000000000,0,0,0,1,0,0,0,0,0,0,0,65,0,0,0,12,12,6,2,12,0,0,0,1,1,35650,6,1,0,0,3,0,62,115,2,0,0,0,0,1,2011,9,2011,0,0,0,0,0,2,2,65,1,1,2,1,0,0,1,66,1,1,1,69,0,0
1,10664,1,2,1,19,11,9,20,12,6,1,0,1,2,37,703,37703,80,2007,9C2ME09057R0,9,C,2,M,E,0,9,0,5,7,R,0,0,M,HOND,23F,EN,7,17,,,,,,,223,,1,,4,238,,,,,,,0,0,000000000,00000000000,0,0,0,1,0,0,0,0,0,0,0,10,0,0,0,61,61,6,2,12,0,0,0,1,1,35022,6,1,0,0,2,0,73,210,2,1,0,0,0,3,2010,10,2010,0,38,0,0,0,1,2,45,1,1,2,1,0,0,1,55,1,1,1,89,1,0
1,10664,2,2,1,19,11,9,20,12,6,1,0,1,1,7,482,7482,31,2004,3D7KU26CX4G1,3,D,7,K,U,2,6,C,X,4,G,1,1,T,DODG,S25,PK,4,17,,2,0,1405,RPC,D,,,6,359,,,,C,5167,13,E,44,1,0,000000000,00000000000,0,0,0,1,0,0,0,0,0,0,0,45,0,0,0,12,12,4,1,12,0,0,0,1,1,35620,6,1,0,0,3,0,72,190,0,0,0,0,0,0,0,0,0,0,0,0,0,0,1,2,45,1,1,2,1,0,0,1,71,6,1,1,88,0,0
1,10665,1,1,4,20,11,8,4,34,0,1,0,1,2,7,25,7025,5,2007,1B3HB28B17D1,1,B,3,H,B,2,8,B,1,7,D,1,0,P,DODG,CLB,4D,7,17,3000,,0,1037,,G,,F,4,122,,,15R205,,,,,,0,0,000000000,00000000000,0,0,0,1,0,0,0,0,0,0,0,95,0,1,5,12,98,6,2,1,0,0,0,1,1,35951,0,0,0,0,0,0,60,120,0,0,0,0,0,0,0,0,0,0,92,58,0,0,2,2,70,1,1,2,10,0,0,1,12,7,2,4,2,1,1
1,10666,1,2,1,20,11,17,34,12,6,1,0,1,2,20,36,20036,2,2007,2G1WJ15KX792,2,G,1,W,J,1,5,K,X,7,9,2,0,P,CHEV,MLS,CP,7,17,3461,,0,1105,,F,,F,6,214,,,16R225,,,,,,0,0,000000000,00000000000,0,0,0,1,0,0,0,0,0,0,0,45,0,0,0,9,9,6,2,12,0,0,0,1,1,36867,1,1,0,0,2,1,71,220,1,4,0,1,0,5,2009,1,2011,0,39,0,0,0,1,2,45,1,1,2,1,20,3,1,17,1,1,1,89,1,0
1,10666,2,2,4,20,11,17,34,12,6,1,0,13,1,20,421,20421,15,1996,1GNEK13R4TJ3,1,G,N,E,K,1,3,R,4,T,J,3,0,P,CHEV,KTA,UT,96,17,5144,,0,1175,,G,,F,8,350,,,16R245,,,,,,0,0,000000000,00000000000,0,0,0,1,0,0,0,0,0,0,0,65,0,0,0,12,12,6,2,12,0,0,0,1,13,30204,6,1,0,0,3,0,66,130,98,0,0,0,0,0,0,0,0,0,0,0,0,0,2,2,65,1,1,2,1,0,0,1,66,6,1,2,88,0,0
1,10667,1,1,1,20,11,18,30,30,0,1,0,1,1,35,471,35471,30,1993,1N6SD11S2PC3,1,N,6,S,D,1,1,S,2,P,C,3,0,T,NISS,SWB,PK,93,17,,1,0,1043,TRK,G,,,4,146,,,,B,2750,01,A,42,0,0,000000000,00000000000,0,0,0,1,0,0,0,0,0,0,0,60,0,0,0,12,12,6,2,30,0,0,0,1,1,35756,6,1,0,0,3,1,73,212,0,0,0,0,0,0,0,0,0,1,89,0,0,0,1,2,50,3,1,2,2,0,0,14,13,1,1,4,1,1,1
1,10668,1,1,1,25,11,1,45,1,0,1,0,1,1,12,481,12481,31,2004,1FTRX02W14KC,1,F,T,R,X,0,2,W,1,4,K,C,0,T,FORD,F15,4C,4,17,,2,1450,1260,COF,G,,,8,281,,,,B,5180,00,U,42,0,0,000000000,00000000000,0,0,0,1,0,0,0,0,0,0,0,70,0,1,5,0,98,6,2,30,0,0,0,1,1,36553,6,1,6,0,3,0,65,165,0,0,0,0,1,8,2011,8,2011,1,0,0,0,0,1,2,45,1,1,2,1,0,0,1,13,6,3,4,7,1,1
1,10669,1,2,2,24,11,12,20,12,6,1,0,1,1,20,37,20037,4,2007,1G1ZS58N57F2,1,G,1,Z,S,5,8,N,5,7,F,2,0,P,CHEV,M/L,4D,7,17,3122,,0,1063,,G,,F,6,214,,,15R205,,,,,,0,0,000000000,00000000000,0,0,0,1,0,0,0,0,0,0,0,45,0,0,0,1,98,6,2,12,0,0,0,1,1,35761,6,1,0,0,3,0,65,125,0,0,0,0,0,0,0,0,0,0,58,0,0,0,1,2,45,1,1,2,1,0,0,1,13,6,2,2,64,1,0
1,10669,2,2,2,24,11,12,20,12,6,1,0,1,1,7,482,7482,31,2005,1D7HA18N25S3,1,D,7,H,A,1,8,N,2,5,S,3,0,T,DODG,SQ1,CW,5,17,,2,1605,1405,RPC,G,,,8,287,,,,B,4620,03,E,42,0,0,000000000,00000000000,0,0,0,1,0,0,0,0,0,0,0,45,0,0,0,12,12,6,2,12,0,0,0,1,1,35761,6,1,0,0,3,0,72,175,0,0,0,0,0,0,0,0,0,0,0,0,0,0,1,2,45,1,1,2,1,0,0,1,62,1,1,1,65,0,0
1,10670,1,1,2,25,11,2,50,35,0,1,0,1,1,55,36,55036,4,2010,KMHCN4ACXAU4,K,M,H,C,N,4,A,C,X,A,U,4,0,P,HYUN,ALS,4D,10,17,2365,,0,984,,G,,F,4,098,,,14R175,,,,,,0,0,000000000,00000000000,0,0,0,1,0,0,0,0,0,0,0,75,0,1,5,12,98,6,2,1,0,0,0,1,1,35956,6,1,0,0,3,0,71,255,0,0,0,0,0,0,0,0,0,1,89,0,0,0,2,2,65,2,6,2,1,0,0,14,6,1,3,4,2,2,0
1,10671,1,1,3,26,11,18,25,34,0,1,0,1,1,20,403,20403,14,2004,1GNET16S1461,1,G,N,E,T,1,6,S,1,4,6,1,0,P,CHEV,TRL,UT,4,17,4954,,0,1290,,G,,F,6,256,,,17R245,,,,,,0,0,000000000,00000000000,0,0,0,1,0,0,0,0,0,0,0,70,0,1,5,12,98,6,2,1,0,0,0,1,1,36571,1,1,1,0,2,0,64,120,0,4,0,1,0,2,2010,7,2011,1,0,0,0,0,1,2,45,1,6,2,1,0,0,1,12,1,1,4,6,1,1
1,10672,1,2,2,26,11,14,32,12,6,1,0,1,2,20,481,20481,31,2003,1GCHK23U73F2,1,G,C,H,K,2,3,U,7,3,F,2,0,T,CHEV,2KH,CW,3,17,,2,1670,1530,SIL,G,,,8,364,,,,C,5899,01,,44,0,0,000000000,00000000000,0,0,0,1,0,0,0,0,0,0,0,999,0,1,5,12,98,6,2,12,0,0,0,1,1,35749,6,1,0,0,3,1,61,119,0,0,0,0,0,0,0,0,0,0,39,0,0,0,1,2,45,1,1,2,1,20,3,1,17,10,1,1,88,0,0
1,10672,2,2,1,26,11,14,32,12,6,1,0,1,1,20,481,20481,31,1993,2GBEC19K6P12,2,G,B,E,C,1,9,K,6,P,1,2,0,T,CHEV,GC1,PC,93,17,,2,1555,1415,GM4,G,,,8,350,,,,B,3998,02,,42,0,0,000000000,00000000000,0,0,0,1,0,0,0,0,0,0,0,999,0,0,0,11,11,6,2,12,0,0,0,1,1,35811,6,1,0,0,3,0,78,270,0,0,0,0,0,0,0,0,0,9,0,0,0,0,1,2,45,1,1,2,1,4,3,1,66,1,1,1,89,1,0
1,10673,1,1,1,26,11,0,55,34,0,1,0,1,1,20,481,20481,31,1995,1GCEC19K8SE1,1,G,C,E,C,1,9,K,8,S,E,1,0,T,CHEV,GC1,PC,95,17,,2,1555,1415,GM4,G,,,8,350,,,,B,4071,02,,42,0,0,000000000,00000000000,0,0,0,1,0,0,0,0,0,0,0,60,0,1,5,12,98,6,2,1,0,0,0,1,1,36875,6,1,0,0,3,0,69,220,0,0,0,2,0,3,2009,10,2011,1,0,0,0,0,1,2,35,1,6,2,1,0,0,1,13,1,1,4,1,1,1
1,10674,1,1,1,28,11,18,0,42,0,1,0,1,2,23,441,23441,20,1990,1GKDM15ZXLB5,1,G,K,D,M,1,5,Z,X,L,B,5,0,T,GMC,SAF,SV,90,17,,1,0,1110,SAF,G,,,6,262,,,,B,00000,00,A,42,0,0,000000000,00000000000,0,0,0,1,0,0,0,0,0,0,0,60,0,0,0,12,12,6,2,42,0,0,0,1,1,35033,6,1,0,0,3,0,66,135,0,0,0,0,0,0,0,0,0,1,0,0,0,0,1,2,45,2,6,2,2,0,0,14,12,1,1,4,6,1,1
1,10675,1,1,1,29,11,13,0,34,0,1,0,1,1,22,9,22009,2,1996,2G2FV22P7T22,2,G,2,F,V,2,2,P,7,T,2,2,0,P,PONT,FTA,2H,96,17,3293,,0,1011,,G,,F,8,350,,,16R235,,,,,,0,0,000000000,00000000000,0,0,0,1,0,0,0,0,0,0,0,80,0,1,5,9,98,6,2,1,0,0,0,1,1,35405,2,1,2,0,2,0,69,255,0,2,2,0,1,11,2009,12,2010,1,58,0,0,0,1,2,45,3,1,2,1,0,0,14,6,7,3,4,2,1,0
1,10676,1,1,1,29,11,11,15,34,0,1,0,1,1,35,481,35481,31,2008,1N6BA06E48N3,1,N,6,B,A,0,6,E,4,8,N,3,0,T,NISS,TXS,PC,8,17,,2,0,1595,TTN,F,,,8,342,,,,B,5043,00,4,42,0,0,000000000,00000000000,0,0,0,1,0,0,0,0,0,0,0,60,0,1,5,12,98,6,2,1,0,0,0,1,1,35131,6,1,0,0,3,0,74,323,0,0,0,1,0,6,2010,6,2010,0,0,0,0,0,1,2,55,3,1,2,2,0,0,14,13,1,1,4,1,1,0
1,10677,1,1,1,22,11,21,0,42,0,1,0,92,0,21,20,21020,2,1996,1G3WH12M7TF3,1,G,3,W,H,1,2,M,7,T,F,3,0,P,OLDS,SUL,CP,96,17,3283,,0,1075,,G,,F,6,191,,,15R205,,,,,,0,0,000000000,00000000000,0,0,0,1,0,0,0,0,0,0,0,999,0,0,0,1,1,6,2,42,0,0,0,1,1,36435,2,1,2,0,2,0,73,206,0,2,1,0,0,2,2010,7,2010,1,0,0,0,0,1,2,45,1,1,2,2,0,0,1,12,1,1,4,6,1,1
1,10678,1,1,1,1,12,14,16,1,0,1,0,1,1,20,441,20441,20,1992,1GCDM15Z5NB2,1,G,C,D,M,1,5,Z,5,N,B,2,0,T,CHEV,AST,CG,92,17,,1,0,1110,AST,G,,,6,262,,,,B,3554,04,,42,0,0,000000000,00000000000,0,0,0,1,0,0,0,0,0,0,0,60,0,1,5,0,98,6,2,1,0,0,0,1,1,36069,2,1,0,0,2,0,71,143,0,2,0,1,0,12,2009,9,2011,0,89,58,0,0,2,4,65,1,1,2,1,0,0,1,13,6,4,4,7,1,1
1,10679,1,2,3,6,11,4,19,12,2,1,0,1,2,10,34,10034,4,1994,JE3EA46C3RU0,J,E,3,E,A,4,6,C,3,R,U,0,0,P,EGIL,ESI,4D,94,17,2445,,0,984,,G,,F,4,107,,,14R185,,,,,,0,0,000000000,00000000000,0,0,0,1,0,0,0,0,0,0,0,15,0,0,0,12,12,6,2,12,0,0,0,1,1,36801,2,1,2,0,2,0,74,210,0,1,0,0,0,10,2010,10,2010,0,51,0,0,0,3,4,50,2,1,2,1,0,0,99,54,1,1,1,52,2,1
1,10679,2,2,1,6,11,4,19,12,2,1,0,1,1,54,35,54035,4,2000,19UUA5668YA0,1,9,U,U,A,5,6,6,8,Y,A,0,0,P,ACUR,32T,4D,0,17,3483,,0,1081,,G,,F,6,197,,,16R205,,,,,,0,0,000000000,00000000000,0,0,0,1,0,0,0,0,0,0,0,61,0,0,0,12,12,6,2,12,0,0,0,1,1,36110,6,1,0,0,3,1,72,150,0,4,0,0,0,4,2009,8,2009,0,0,0,0,0,3,4,50,2,1,2,1,0,0,14,54,3,1,1,52,1,1
1,10680,1,1,1,1,12,11,35,34,0,1,0,1,1,12,481,12481,31,2005,1FTPX125X5NB,1,F,T,P,X,1,2,5,X,5,N,B,0,T,FORD,F15,4C,5,17,,2,1450,1260,COF,G,,,8,330,,,,B,5065,04,U,42,0,0,000000000,00000000000,0,0,0,1,0,0,0,0,0,0,0,85,0,1,5,11,98,6,2,1,0,0,0,1,1,35016,6,1,0,0,3,1,68,170,0,0,0,0,1,6,2010,6,2010,1,0,0,0,0,2,2,60,1,5,2,1,0,0,15,6,7,3,4,2,1,0
1,10681,1,3,1,1,12,11,5,12,1,1,0,1,3,84,881,84881,66,2003,3HSCNAERX3N0,3,H,S,C,N,A,E,R,X,3,N,0,1,T,INTL,94I,TR,3,17,,8,0,0,940,D,,,6,855,,,,,00000,00,,64,1,57,1509676,571509676,3,6,10,1,0,0,0,0,0,0,0,55,0,0,0,12,12,6,2,42,0,0,0,1,1,36033,6,1,6,0,3,1,72,185,0,1,0,0,5,3,2011,11,2011,0,89,0,0,0,1,2,55,1,6,2,1,0,0,1,51,4,1,1,24,1,0
1,10681,2,3,1,1,12,11,5,12,1,1,0,1,2,23,401,23401,14,2004,1GKDS13S5421,1,G,K,D,S,1,3,S,5,4,2,1,0,T,GMC,ENV,4W,4,17,,1,0,1130,ENV,G,,,6,256,,,,B,4432,00,E,42,0,0,000000000,00000000000,0,0,0,1,0,0,0,0,0,0,0,10,0,1,5,6,98,6,2,1,0,0,0,1,1,36043,6,1,0,0,3,0,65,145,0,2,0,1,0,7,2010,3,2011,0,0,0,0,0,1,2,55,1,6,2,1,0,0,1,53,1,1,1,25,0,0
1,10681,3,3,1,1,12,11,5,12,1,1,0,1,1,37,32,37032,4,2000,JHMCG5672YC0,J,H,M,C,G,5,6,7,2,Y,C,0,0,P,HOND,USE,4D,0,17,3086,,0,1069,,G,,F,4,138,,,15R195,,,,,,0,0,000000000,00000000000,0,0,0,1,0,0,0,0,0,0,0,10,0,1,5,6,98,6,2,1,0,0,0,1,1,36117,6,1,0,0,3,0,72,170,0,0,0,1,0,3,2009,3,2009,0,0,0,0,0,1,2,55,1,6,2,1,0,0,1,53,1,1,1,98,0,0
1,10682,1,2,2,2,12,12,53,12,6,1,0,1,1,18,2,18002,4,2005,1G4HP52K65U1,1,G,4,H,P,5,2,K,6,5,U,1,0,P,BUIC,LCF,4D,5,17,3567,,0,1122,,G,,F,6,232,,,15R215,,,,,,0,0,000000000,00000000000,0,0,0,1,0,0,0,0,0,0,0,20,0,0,0,4,4,6,2,12,0,0,0,1,1,35611,6,1,0,0,3,1,66,166,0,0,0,0,0,0,0,0,0,0,89,38,0,0,2,4,50,1,1,2,1,0,0,11,17,1,1,1,68,1,0
1,10682,2,2,2,2,12,12,53,12,6,1,0,1,1,23,481,23481,31,2011,1GTR1VE0XBZ3,1,G,T,R,1,V,E,0,X,B,Z,3,0,T,GMC,1NC,4C,11,17,,2,1575,1435,SIE,F,,,8,323,,,,B,4924,03,S,42,0,0,000000000,00000000000,0,0,0,1,0,0,0,0,0,0,0,45,0,0,0,12,12,6,2,12,0,0,0,1,1,35620,6,1,6,0,3,0,67,165,1,1,0,0,0,4,2009,9,2009,0,0,0,0,0,2,2,50,1,1,2,1,0,0,1,66,1,1,1,69,0,0
1,10683,1,2,2,2,12,18,15,12,2,1,0,1,2,12,402,12402,14,2007,1FMCU03137KA,1,F,M,C,U,0,3,1,3,7,K,A,0,P,FORD,SPE,UT,7,17,3156,,0,1031,,G,,F,6,183,,,16R235,,,,,,0,0,000000000,00000000000,0,0,0,1,0,0,0,0,0,0,0,999,0,0,0,12,12,6,2,12,0,0,0,1,1,35603,6,1,0,0,3,1,74,190,0,0,0,0,0,0,0,0,0,0,28,51,0,0,1,2,35,1,1,2,1,0,0,1,10,1,1,2,50,2,0
1,10683,2,2,1,2,12,18,15,12,2,1,0,1,1,12,481,12481,31,1999,1FTNX21F4XEC,1,F,T,N,X,2,1,F,4,X,E,C,0,T,FORD,F2S,4C,99,17,,2,1580,1418,SRW,D,,,8,444,,,,C,5635,01,E,44,0,0,000000000,00000000000,0,0,0,1,0,0,0,0,0,0,0,999,0,0,0,12,12,6,2,12,0,0,0,1,1,35650,6,1,0,0,3,0,70,200,0,0,0,0,0,0,0,0,0,0,0,0,0,0,1,2,35,1,1,2,1,0,0,1,62,1,1,1,51,0,0
1,10684,1,2,1,2,12,16,55,12,2,1,0,1,2,63,31,63031,4,1999,KNAFB1216X57,K,N,A,F,B,1,2,1,6,X,5,7,0,P,KIA,SPL,4D,99,17,2478,,0,1008,,G,,F,4,109,,,14R185,,,,,,0,0,000000000,00000000000,0,0,0,1,0,0,0,0,0,0,0,65,0,0,0,12,12,6,2,12,0,0,0,1,1,35503,6,1,0,0,3,0,71,160,0,0,0,0,0,0,0,0,0,0,51,0,0,0,1,2,55,1,1,2,1,0,0,1,54,1,1,1,50,1,0
1,10684,2,2,2,2,12,16,55,12,2,1,0,1,2,20,481,20481,31,2002,2GCEC19V1212,2,G,C,E,C,1,9,V,1,2,1,2,0,T,CHEV,SC1,4C,2,17,,2,1575,1435,SIL,G,,,8,293,,,,B,4534,03,,42,0,0,000000000,00000000000,0,0,0,1,0,0,0,0,0,0,0,65,0,0,0,12,12,6,2,12,0,0,0,1,1,35503,6,1,0,0,3,0,67,120,0,0,0,0,0,0,0,0,0,0,0,0,0,0,1,2,55,1,1,2,1,0,0,1,54,3,1,1,51,0,0
1,10685,1,2,1,3,12,1,45,12,1,1,0,28,2,13,13,13013,4,2007,3LNHM26T87R6,3,L,N,H,M,2,6,T,8,7,R,6,0,P,LINC,MKZ,4D,7,17,3469,,0,1074,,G,,F,6,214,,,17R225,,,,,,0,0,000000000,00000000000,0,0,0,1,0,0,0,0,0,0,0,90,0,0,0,12,12,6,2,12,0,0,0,1,28,39120,6,1,0,0,3,0,71,195,0,0,0,1,0,5,2010,5,2010,0,0,0,0,0,3,3,70,1,1,2,1,0,0,1,51,1,1,1,24,1,0