STATE,ST_CASE,VEH_NO,VE_FORMS,NUMOCCS,DAY,MONTH,HOUR,MINUTE,HARM_EV,MAN_COLL,UNITTYPE,HIT_RUN,REG_STAT,OWNER,MAKE,MODEL,MAK_MOD,BODY_TYP,MOD_YEAR,VIN,VIN_1,VIN_2,VIN_3,VIN_4,VIN_5,VIN_6,VIN_7,VIN_8,VIN_9,VIN_10,VIN_11,VIN_12,TOW_VEH,VINTYPE,VINMAKE,VINA_MOD,VIN_BT,VINMODYR,VIN_LNGT,VIN_WGT,WGTCD_TR,WHLBS_LG,WHLBS_SH,SER_TR,FUELCODE,MCYCL_DS,CARBUR,CYLINDER,DISPLACE,MCYCL_CY,MCYCL_WT,TIRE_SZE,TON_RAT,TRK_WT,TRKWTVAR,VIN_REST,WHLDRWHL,J_KNIFE,MCARR_I1,MCARR_I2,MCARR_ID,GVWR,V_CONFIG,CARGO_BT,HAZ_INV,HAZ_PLAC,HAZ_ID,HAZ_CNO,HAZ_REL,BUS_USE,SPEC_USE,EMER_USE,TRAV_SP,UNDERIDE,ROLLOVER,ROLINLOC,IMPACT1,IMPACT2,DEFORMED,TOWED,M_HARM,VEH_SC1,VEH_SC2,FIRE_EXP,DR_PRES,L_STATE,DR_ZIP,L_STATUS,L_TYPE,CDL_STAT,L_ENDORS,L_COMPL,L_RESTRI,DR_HGT,DR_WGT,PREV_ACC,PREV_SUS,PREV_DWI,PREV_SPD,PREV_OTH,FIRST_MO,FIRST_YR,LAST_MO,LAST_YR,SPEEDREL,DR_SF1,DR_SF2,DR_SF3,DR_SF4,VTRAFWAY,VNUM_LAN,VSPD_LIM,VALIGN,VPROFILE,VPAVETYP,VSURCOND,VTRAFCON,VTCONT_F,P_CRASH1,P_CRASH2,P_CRASH3,PCRASH4,PCRASH5,ACC_TYPE,DEATHS,DR_DRINK
1,10753,1,1,1,7,12,17,20,42,0,1,0,1,1,23,481,23481,31,1994,1GTEC14H0RZ5,1,G,T,E,C,1,4,H,0,R,Z,5,0,T,GMC,SC1,PK,94,17,,2,1315,1175,SIE,G,,,8,305,,,,B,00000,00,A,42,0,0,000000000,00000000000,0,0,0,1,0,0,0,0,0,0,0,60,0,0,0,12,12,6,2,42,0,0,0,1,1,35503,6,1,0,0,3,0,70,137,1,0,0,1,0,6,2010,8,2011,1,0,0,0,0,1,2,35,3,6,2,1,0,0,14,13,1,1,4,1,1,0
1,10754,1,2,1,31,12,17,20,12,2,1,0,0,0,53,739,53739,90,2002,JSAAF41A3211,J,S,A,A,F,4,1,A,3,2,1,1,0,M,SUZI,,,2,17,,,,,,,,,,,,,,,,,,,0,0,000000000,00000000000,0,0,0,1,0,0,0,0,0,0,0,40,0,0,0,12,12,6,2,12,0,0,0,1,1,36091,6,1,0,0,3,0,69,168,1,0,0,1,0,5,2010,7,2010,1,0,0,0,0,1,2,35,1,1,5,1,0,0,1,54,6,1,1,52,1,0
1,10754,2,2,1,31,12,17,20,12,2,1,0,0,0,37,739,37739,90,2007,JH2TE32097K1,J,H,2,T,E,3,2,0,9,7,K,1,0,M,HOND,TER,AT,7,17,,,,,,,450,,1,,4,363,,,,,,,0,0,000000000,00000000000,0,0,0,1,0,0,0,0,0,0,0,40,0,0,0,12,12,6,2,12,0,0,0,1,1,36091,6,1,0,0,3,0,67,176,0,0,0,1,0,12,2011,12,2011,1,0,0,0,0,1,2,35,1,1,5,1,0,0,1,54,7,1,1,52,0,0
1,10755,1,2,1,31,12,23,50,12,6,1,0,1,1,49,40,49040,4,1999,JT2BG22K1X02,J,T,2,B,G,2,2,K,1,X,0,2,0,P,TOYT,XLL,4D,99,17,3120,,0,1051,,G,,F,4,132,,,14R195,,,,,,0,0,000000000,00000000000,0,0,0,1,0,0,0,0,0,0,0,999,0,1,5,12,98,6,2,1,0,0,0,1,1,36542,6,1,0,0,3,1,70,160,0,0,0,2,0,8,2009,8,2010,0,89,38,0,0,1,2,25,1,1,2,1,20,3,1,17,1,1,1,86,1,0
1,10755,2,2,1,31,12,23,50,12,6,1,0,1,1,2,1,2001,6,2008,1J8FT47W08D6,1,J,8,F,T,4,7,W,0,8,D,6,0,T,JEEP,CSP,4W,8,17,,1,0,1037,CMP,G,,,4,144,,,,,3153,00,L,42,0,0,000000000,00000000000,0,0,0,1,0,0,0,0,0,0,0,999,0,0,0,1,98,6,2,12,0,0,0,1,1,36542,6,1,0,0,3,0,72,200,0,0,0,3,0,3,2010,7,2011,0,0,0,0,0,1,2,45,1,1,2,1,0,0,1,68,1,1,1,87,0,0
1,10756,1,2,1,27,12,10,34,12,6,1,0,1,1,18,22,18022,4,2008,2G4WD5822813,2,G,4,W,D,5,8,2,2,8,1,3,0,P,BUIC,LAL,4D,8,17,3502,,0,1105,,G,,F,6,232,,,16R225,,,,,,0,0,000000000,00000000000,0,0,0,1,0,0,0,0,0,0,0,999,0,0,0,9,9,6,2,12,0,0,0,1,1,35802,6,1,0,0,3,0,66,105,0,0,0,0,0,0,0,0,0,0,38,0,0,0,1,2,50,1,1,2,2,0,0,1,17,1,1,1,89,1,0
1,10756,2,2,2,27,12,10,34,12,6,1,0,1,1,49,442,49442,20,2003,4T3ZF13C13U5,4,T,3,Z,F,1,3,C,1,3,U,5,0,P,TOYT,SIE,SV,3,17,3932,,0,1142,,G,,F,6,183,,,15R215,,,,,,0,0,000000000,00000000000,0,0,0,1,0,0,0,0,0,0,0,999,0,0,0,12,12,6,2,12,0,0,0,1,1,35803,6,1,0,0,3,1,66,145,0,0,0,0,0,0,0,0,0,0,89,0,0,0,2,2,50,1,1,2,2,0,0,1,71,1,1,1,88,0,0
1,10757,1,2,1,26,1,19,3,12,2,1,0,1,1,55,33,55033,4,1990,KMHBF32T7LU1,K,M,H,B,F,3,2,T,7,L,U,1,0,P,HYUN,SGL,4D,90,17,2518,,0,1043,,G,,F,6,181,,,14R185,,,,,,0,0,000000000,00000000000,0,0,0,1,0,0,0,0,0,0,0,999,0,0,0,12,12,6,2,12,0,0,0,1,1,35064,6,1,0,0,3,1,70,216,0,0,0,0,0,0,0,0,0,9,28,0,0,0,1,2,30,1,1,2,1,0,0,1,10,1,1,2,50,1,0
1,10757,2,2,1,26,1,19,3,12,2,1,0,1,1,12,23,12023,4,2006,3FAFP07136R1,3,F,A,F,P,0,7,1,3,6,R,1,0,P,FORD,F/E,4D,6,17,3101,,0,1074,,G,,F,6,183,,,16R205,,,,,,0,0,000000000,00000000000,0,0,0,1,0,0,0,0,0,0,0,30,0,0,0,12,12,6,2,12,0,0,0,1,1,35208,6,1,0,0,3,1,64,165,0,0,0,0,0,0,0,0,0,0,0,0,0,0,1,2,30,1,1,2,1,0,0,1,62,1,1,1,51,0,0
1,10758,1,2,1,23,3,7,57,12,7,1,0,1,1,14,6,14006,4,1989,2MEBM75F7KX7,2,M,E,B,M,7,5,F,7,K,X,7,0,P,MERC,MGL,4D,89,17,3774,,0,1143,,G,,F,8,302,,,15R215,,,,,,0,0,000000000,00000000000,0,0,0,1,0,0,0,0,0,0,0,999,0,0,0,10,98,6,2,12,0,0,0,1,1,35204,6,1,0,0,3,1,73,200,1,0,0,0,0,11,2008,11,2008,0,39,0,0,0,1,3,35,1,1,2,1,3,3,1,10,1,1,2,45,1,0
1,10758,2,2,1,23,3,7,57,12,7,1,0,1,1,37,402,37402,14,2010,5J6RE3H77AL0,5,J,6,R,E,3,H,7,7,A,L,0,0,P,HOND,CRV,UT,10,17,3430,,0,1031,,G,,F,4,146,,,17R225,,,,,,0,0,000000000,00000000000,0,0,0,1,0,0,0,0,0,0,0,999,0,0,0,2,2,4,1,12,0,0,0,1,1,35126,6,1,0,0,3,0,67,145,0,0,0,0,0,0,0,0,0,0,0,0,0,0,1,3,35,1,1,2,1,3,3,1,61,1,1,1,44,0,0
1,10759,1,2,1,25,3,22,30,12,6,1,0,1,2,20,36,20036,2,2003,2G1WW12E0391,2,G,1,W,W,1,2,E,0,3,9,1,0,P,CHEV,MLS,CP,3,17,3340,,0,1105,,G,,F,6,207,,,16R225,,,,,,0,0,000000000,00000000000,0,0,0,1,0,0,0,0,0,0,0,5,0,0,0,3,3,4,3,12,0,0,0,1,1,35214,6,1,6,0,3,1,68,137,0,0,0,1,0,4,2009,4,2009,0,38,0,0,0,1,2,40,1,1,2,1,0,0,11,15,10,1,1,68,0,1
1,10759,2,2,1,25,3,22,30,12,6,1,0,1,2,76,706,76706,80,2004,JYARN13E04A0,J,Y,A,R,N,1,3,E,0,4,A,0,0,M,YAMA,YFR,RC,4,17,,,,,,,998,,4,,4,999,,,,,,,0,0,000000000,00000000000,0,0,0,1,0,0,0,0,0,0,0,999,0,0,0,12,98,6,2,12,0,0,0,1,1,35214,2,1,0,0,2,0,73,185,0,1,0,0,0,4,2008,4,2008,0,0,0,0,0,1,2,40,1,1,2,1,0,0,1,62,1,1,1,69,1,1
1,10760,1,2,1,12,5,13,33,12,2,1,0,1,1,98,709,98709,81,2008,L8YTCBPM78M0,L,8,Y,T,C,B,P,M,7,8,M,0,0,U,,,,8,17,,,,,,,,,,,,,,,,,,,0,0,000000000,00000000000,0,0,0,1,0,0,0,0,0,0,0,55,0,0,0,12,12,6,2,12,0,0,0,1,1,36526,6,1,0,0,2,0,72,170,0,0,0,0,0,0,0,0,0,0,89,28,0,0,1,2,55,1,6,2,1,0,0,1,9,1,1,2,50,1,0
1,10760,2,2,1,12,5,13,33,12,2,1,0,1,1,12,481,12481,31,2009,1FTRF12819KA,1,F,T,R,F,1,2,8,1,9,K,A,0,T,FORD,F15,PK,9,17,,2,1450,1260,COF,G,,,8,281,,,,B,4743,01,L,42,0,0,000000000,00000000000,0,0,0,1,0,0,0,0,0,0,0,40,0,0,0,12,12,0,1,12,0,0,0,1,1,36526,6,1,0,0,3,1,73,235,0,0,0,1,1,1,2010,4,2010,0,0,0,0,0,1,2,55,1,5,2,1,0,0,1,62,1,1,1,51,0,0
1,10761,1,2,2,9,8,18,16,12,6,1,0,1,2,21,23,21023,4,2000,1G3WX52H6YF2,1,G,3,W,X,5,2,H,6,Y,F,2,0,P,OLDS,ILS,4D,0,17,3455,,0,1090,,G,,F,6,211,,,16R225,,,,,,0,0,000000000,00000000000,0,0,0,1,0,0,0,0,0,0,0,97,0,0,0,3,98,6,2,12,0,0,0,1,1,35206,6,1,0,0,3,0,67,150,0,0,0,0,0,0,0,0,0,1,0,0,0,0,1,4,35,1,1,2,1,0,0,1,9,1,3,2,64,1,0
1,10761,2,2,2,9,8,18,16,12,6,1,0,1,1,20,16,20016,4,1999,1G1JF52T2X71,1,G,1,J,F,5,2,T,2,X,7,1,0,P,CHEV,CAS,4D,99,17,2644,,0,1041,,G,,F,4,146,,,15R195,,,,,,0,0,000000000,00000000000,0,0,0,1,0,0,0,0,0,0,0,30,0,0,0,12,12,6,2,12,0,0,0,1,1,35206,6,1,0,0,3,1,66,180,0,0,0,0,0,0,0,0,0,0,0,0,0,0,1,2,35,1,1,2,1,0,0,1,62,1,1,1,65,0,0
1,10762,1,2,1,12,8,9,5,12,2,1,0,1,1,20,16,20016,2,2001,1G1JC1243172,1,G,1,J,C,1,2,4,3,1,7,2,0,P,CHEV,CAV,CP,1,17,2617,,0,1041,,G,,F,4,133,,,14R195,,,,,,0,0,000000000,00000000000,0,0,0,1,0,0,0,0,0,0,0,40,0,0,0,12,12,6,2,12,0,0,0,1,1,35211,6,1,0,0,3,0,70,157,0,0,0,0,1,12,2008,12,2008,0,0,0,0,0,1,4,40,1,1,2,1,0,0,1,10,1,1,2,50,1,1
1,10762,2,2,1,12,8,9,5,12,2,1,0,1,3,12,881,12881,63,2006,3FRXF75P26V2,3,F,R,X,F,7,5,P,2,6,V,2,0,T,FORD,F77,CC,6,17,,7,2810,1460,COF,D,,,6,439,,,,D,00000,00,A,42,0,57,263035,57263035,3,1,4,1,0,0,0,0,0,0,0,40,0,0,0,12,12,6,2,12,0,0,0,1,1,36260,6,1,6,0,3,1,72,223,0,0,0,0,0,0,0,0,0,0,0,0,0,0,1,2,40,1,1,2,1,0,0,1,62,1,1,1,51,0,0
1,10763,1,1,1,18,8,3,0,33,0,1,0,1,2,12,401,12401,14,2002,1FMZU62EX2ZA,1,F,M,Z,U,6,2,E,X,2,Z,A,0,P,FORD,EPR,UT,2,17,4094,,0,1137,,G,,F,6,245,,,16R235,,,,,,0,0,000000000,00000000000,0,0,0,1,0,0,0,0,0,0,0,999,0,0,0,12,98,6,2,19,0,0,0,1,1,35244,6,7,0,0,3,2,74,180,1,0,0,0,0,4,2010,4,2010,1,58,73,0,0,5,4,45,2,1,2,1,0,0,14,6,6,4,4,7,1,0
1,10764,1,2,1,27,9,21,12,12,2,1,0,1,1,20,461,20461,21,2003,1GCGG25V8312,1,G,C,G,G,2,5,V,8,3,1,2,0,T,CHEV,E25,CG,3,17,,2,0,1350,EXP,G,,,8,293,,,,C,5017,00,,42,0,0,000000000,00000000000,0,0,0,1,0,0,0,0,0,0,0,999,0,0,0,12,12,6,2,12,0,0,0,1,1,35228,6,1,0,0,3,0,69,200,0,0,0,0,0,0,0,0,0,0,0,0,0,0,1,2,40,1,1,2,1,3,3,11,55,1,1,1,68,0,0
1,10764,2,2,1,27,9,21,12,12,2,1,0,1,1,53,706,53706,80,1982,JS1GU73A5C21,J,S,1,G,U,7,3,A,5,C,2,1,0,M,SUZI,S1E,RS,82,17,,,,,,,1074,,4,,4,999,,,,,,,0,0,000000000,00000000000,0,0,0,1,0,0,0,0,0,0,0,999,0,0,0,12,12,6,2,12,0,0,0,1,1,35127,6,1,0,0,3,0,67,267,0,0,0,0,1,10,2009,10,2009,1,0,0,0,0,1,2,40,1,1,2,1,3,3,1,62,1,1,1,69,1,0
1,10765,1,2,1,8,10,22,10,12,6,1,0,1,1,20,481,20481,31,1978,CCU148F39027,C,C,U,1,4,8,F,3,9,0,2,7,0,T,CHEV,C10,PK,78,13,,1,1315,1065,C10,G,,,8,305,,,,B,3471,02,,42,0,0,000000000,00000000000,0,0,0,1,0,0,0,0,0,0,0,999,0,0,0,3,3,4,1,12,0,0,0,1,1,35127,6,1,0,0,3,0,71,130,0,0,0,1,1,1,2010,9,2010,0,0,0,0,0,1,2,30,1,1,2,1,0,0,11,15,1,1,1,68,0,0
1,10765,2,2,1,8,10,22,10,12,6,1,0,1,1,37,703,37703,80,1997,JH2MC1308VK4,J,H,2,M,C,1,3,0,8,V,K,4,0,M,HOND,CMX,RS,97,17,,,,,,,234,,2,,4,306,,,,,,,0,0,000000000,00000000000,0,0,0,1,0,0,0,0,0,0,0,999,0,0,0,12,12,6,2,12,0,0,0,1,1,35216,6,1,0,0,3,0,71,170,0,1,0,0,1,9,2009,11,2009,0,0,0,0,0,1,2,30,1,1,2,1,0,0,1,62,1,1,1,69,1,0
1,10766,1,1,1,12,11,2,10,8,0,1,0,1,3,7,24,7024,4,2009,2B3KA43T29H5,2,B,3,K,A,4,3,T,2,9,H,5,0,P,DODG,CHA,4D,9,17,3820,,0,1200,,G,,F,8,348,,,17R215,,,,,,0,0,000000000,00000000000,0,0,0,1,0,0,0,0,0,5,1,10,0,0,0,2,2,2,3,8,0,0,0,1,1,35023,6,1,0,0,3,0,68,195,1,0,0,0,0,7,2011,7,2011,0,0,0,0,0,1,2,25,1,5,2,1,0,0,1,80,1,1,1,13,0,0
1,10767,1,2,1,22,11,15,5,12,2,1,0,1,1,20,481,20481,31,2001,1GCEC14V61Z2,1,G,C,E,C,1,4,V,6,1,Z,2,0,T,CHEV,SC1,PK,1,17,,2,1330,1190,SIL,G,,,8,293,,,,B,4135,00,,42,0,0,000000000,00000000000,0,0,0,1,0,0,0,0,0,0,0,63,0,0,0,12,12,6,2,12,0,0,0,1,1,35114,6,1,6,0,3,0,71,185,0,2,0,0,0,12,2008,3,2011,1,0,0,0,0,2,4,50,1,1,2,2,0,0,1,6,1,1,6,50,0,0
1,10767,2,2,2,22,11,15,5,12,2,1,0,13,1,35,47,35047,2,2008,1N4AL24E78C1,1,N,4,A,L,2,4,E,7,8,C,1,0,P,NISS,A5S,CP,8,17,3052,,0,1053,,G,,F,4,153,,,16R215,,,,,,0,0,000000000,00000000000,0,0,0,1,0,0,0,0,0,0,0,45,0,0,0,12,12,6,2,12,0,0,0,1,13,30340,6,1,0,0,3,1,71,200,98,0,0,0,0,0,0,0,0,0,0,0,0,0,2,2,50,1,1,2,2,0,0,1,62,1,1,1,51,1,0
1,10768,1,1,1,4,12,1,10,59,0,1,0,1,1,20,401,20401,14,2002,1GNDT13S1221,1,G,N,D,T,1,3,S,1,2,2,1,0,P,CHEV,TRL,UT,2,17,4628,,0,1130,,G,,F,6,256,,,16R245,,,,,,0,0,000000000,00000000000,0,0,0,1,0,0,0,0,0,0,0,999,0,0,0,12,12,6,2,42,0,0,0,1,1,35173,6,1,0,0,3,0,73,240,0,0,0,1,0,11,2010,11,2010,9,0,0,0,0,5,2,35,1,1,2,1,0,0,1,13,1,1,4,1,1,0
1,10769,1,1,1,15,10,6,40,1,0,1,0,1,2,23,401,23401,14,2008,1GKDS13S6821,1,G,K,D,S,1,3,S,6,8,2,1,0,T,GMC,ENV,4W,8,17,,1,0,1130,ENV,G,,,6,256,,,,B,4404,00,S,42,0,0,000000000,00000000000,0,0,0,1,0,0,0,0,0,0,0,999,0,1,5,0,98,6,2,1,0,0,0,1,1,35218,6,1,0,0,3,0,65,186,0,0,0,0,0,0,0,0,0,9,0,0,0,0,3,4,60,1,1,2,1,0,0,1,13,1,1,4,1,1,0
1,10770,1,2,1,8,6,0,25,12,7,1,0,1,1,12,481,12481,31,2005,1FTPW125X5KF,1,F,T,P,W,1,2,5,X,5,K,F,0,T,FORD,F1S,CW,5,17,,2,1450,1260,COF,G,,,8,330,,,,B,5281,00,U,42,0,0,000000000,00000000000,0,0,0,1,0,0,0,0,0,0,0,999,0,1,5,2,98,6,2,12,0,0,0,1,1,35080,6,1,0,0,3,0,64,170,0,0,0,1,0,12,2010,12,2010,1,27,0,0,0,3,3,60,1,1,2,1,0,0,15,11,1,1,2,46,1,0
1,10770,2,2,1,8,6,0,25,12,7,1,0,1,2,12,481,12481,31,2003,1FTRF17243NA,1,F,T,R,F,1,7,2,4,3,N,A,0,T,FORD,F15,PK,3,17,,2,1385,1199,COF,G,,,6,256,,,,B,4060,00,U,42,0,0,000000000,00000000000,0,0,0,1,0,0,0,0,0,0,0,999,0,0,0,8,98,6,2,12,0,0,0,1,1,35033,6,1,0,0,3,0,71,210,0,0,0,0,0,0,0,0,0,9,89,0,0,0,3,3,60,1,1,2,1,0,0,1,60,1,1,1,45,0,0
1,10771,1,2,1,13,4,16,53,12,7,1,0,1,1,6,54,6054,6,2007,2A8GM68X67R2,2,A,8,G,M,6,8,X,6,7,R,2,0,P,CHRY,PIF,UT,7,17,4388,,0,1163,,G,,F,6,241,,,17R235,,,,,,0,0,000000000,00000000000,0,0,0,1,0,0,0,0,0,0,0,999,0,0,0,2,98,6,2,12,0,0,0,1,1,35243,6,1,0,0,3,0,73,180,1,0,0,0,0,9,2010,9,2010,1,27,26,0,0,2,3,70,1,1,2,1,0,0,15,11,1,1,2,46,0,0
1,10771,2,2,1,13,4,16,53,12,7,1,0,1,1,37,402,37402,14,1998,JHLRD1845WC0,J,H,L,R,D,1,8,4,5,W,C,0,0,P,HOND,CRV,UT,98,17,3146,,0,1032,,G,,F,4,120,,,15R205,,,,,,0,0,000000000,00000000000,0,0,0,1,0,0,0,0,0,0,0,56,0,1,5,8,98,6,2,12,0,0,0,1,1,35401,6,1,0,0,3,1,64,160,0,0,0,1,0,10,2010,10,2010,0,0,0,0,0,2,3,70,1,1,2,1,0,0,1,60,1,1,1,45,1,0
1,10772,1,4,1,17,11,16,7,12,6,1,0,1,1,23,401,23401,14,2004,1GKES12S7461,1,G,K,E,S,1,2,S,7,4,6,1,0,T,GMC,XUV,4W,4,17,,2,0,1290,ENV,G,,,6,256,,,,B,4915,00,U,42,0,0,000000000,00000000000,0,0,0,1,0,0,0,0,0,0,0,999,0,0,0,12,98,6,2,12,0,0,0,1,1,35223,6,1,0,0,3,0,74,202,0,0,0,0,0,0,0,0,0,0,38,0,0,0,5,4,55,1,6,2,1,0,0,11,10,1,1,2,84,1,0
1,10772,2,4,1,17,11,16,7,12,6,1,0,1,1,7,482,7482,31,1996,2B6KB31Z4TK1,2,B,6,K,B,3,1,Z,4,T,K,1,0,T,DODG,35B,CG,96,17,,2,0,1272,RMV,G,,,8,360,,,,D,4173,02,M,42,0,0,000000000,00000000000,0,0,0,1,0,0,0,0,0,0,0,0,0,0,0,5,5,4,1,12,0,0,0,1,1,35242,6,1,0,0,3,0,74,178,0,0,0,0,0,0,0,0,0,0,89,0,0,0,5,4,55,1,6,2,1,0,0,5,61,1,1,1,84,0,0
1,10772,3,4,1,17,11,16,7,12,6,1,0,1,3,20,481,20481,31,2008,3GCEC13J68G1,3,G,C,E,C,1,3,J,6,8,G,1,0,T,CHEV,SC1,CW,8,17,,2,0,1435,SIL,G,,,8,323,,,,B,5148,00,,42,0,0,000000000,00000000000,0,0,0,1,0,0,0,0,0,0,0,999,0,0,0,12,12,6,2,12,0,0,0,1,1,35151,6,1,0,0,3,0,74,250,0,0,0,2,0,12,2008,3,2011,0,0,0,0,0,5,4,55,1,6,2,1,0,0,1,62,1,1,1,98,0,0
1,10772,4,4,3,17,11,16,7,12,6,1,0,1,1,37,441,37441,20,2012,5FNRL5H66CB0,5,F,N,R,L,5,H,6,6,C,B,0,0,P,HOND,UDY,SV,12,17,4483,,0,1181,,G,,F,6,214,,,17R235,,,,,,0,0,000000000,00000000000,0,0,0,1,0,0,0,0,0,0,0,999,0,0,0,12,12,6,2,12,0,0,0,1,1,35147,6,1,0,0,3,1,65,170,0,0,0,0,0,0,0,0,0,0,0,0,0,0,5,4,55,1,6,2,1,0,0,1,62,1,1,1,98,0,0
1,10773,1,5,1,31,1,0,57,8,0,1,1,99,9,99,999,99999,99,9999,999999999999,9,9,9,9,9,9,9,9,9,9,9,9,1,,,,,,,,,,,,,,,,,,,,,,,,,1,99,999999999,99999999999,3,99,99,1,0,0,0,0,0,0,0,60,0,0,0,12,12,2,1,8,0,0,0,1,99,99999,9,9,99,9,9,9,999,999,99,99,99,99,99,99,9999,99,9999,0,99,99,99,99,3,4,60,1,1,2,2,0,0,1,80,99,9,9,13,0,0
1,10773,2,5,1,31,1,0,57,8,0,1,0,28,1,85,881,85881,66,2004,1XKWDB9X84J0,1,X,K,W,D,B,9,X,8,4,J,0,1,T,KW,W90,TR,4,17,,8,2850,1600,CON,D,,,6,893,,,,,00000,00,,64,1,57,1985037,571985037,3,6,1,1,0,0,0,0,0,0,0,60,0,0,0,12,12,2,1,8,0,0,0,1,28,38828,6,1,6,0,3,0,72,220,0,0,0,0,0,0,0,0,0,0,0,0,0,0,3,4,60,1,1,2,2,0,0,1,80,1,1,1,98,0,0
1,10773,3,5,2,31,1,0,57,8,0,1,0,1,1,12,401,12401,14,1999,1FMRU17L8XLB,1,F,M,R,U,1,7,L,8,X,L,B,0,P,FORD,EPT,UT,99,17,4808,,0,1191,,G,,F,8,330,,,16R255,,,,,,0,0,000000000,00000000000,0,0,0,1,0,0,0,0,0,0,0,60,0,0,0,12,98,6,2,8,0,0,0,1,1,35208,6,1,0,0,3,0,69,200,0,0,0,0,0,0,0,0,0,0,0,0,0,0,3,4,60,1,1,2,2,0,0,1,80,1,1,1,98,0,0
1,10773,4,5,1,31,1,0,57,8,0,1,0,1,1,21,21,21021,4,2004,1G3NL52E64C1,1,G,3,N,L,5,2,E,6,4,C,1,0,P,OLDS,A/G,4D,4,17,2950,,0,1070,,G,,F,6,207,,,15R215,,,,,,0,0,000000000,00000000000,0,0,0,1,0,0,0,0,0,0,0,50,0,0,0,12,98,6,2,8,0,0,0,1,1,35212,6,1,0,0,3,0,62,136,0,0,0,0,0,0,0,0,0,0,0,0,0,0,3,4,60,1,1,2,2,0,0,1,80,1,1,1,98,0,0
1,10773,5,5,1,31,1,0,57,8,0,1,0,1,1,14,6,14006,4,1995,2MELM75W8SX6,2,M,E,L,M,7,5,W,8,S,X,6,0,P,MERC,MGL,4D,95,17,3796,,0,1144,,G,,F,8,281,,,15R215,,,,,,0,0,000000000,00000000000,0,0,0,1,0,0,0,0,0,0,0,50,0,0,0,12,98,4,1,8,0,0,0,1,1,35064,6,1,0,0,3,1,70,160,0,0,0,0,0,0,0,0,0,0,0,0,0,0,3,4,60,1,1,2,2,0,0,1,80,1,1,1,98,0,0
1,10774,1,1,1,9,5,17,40,59,0,1,0,1,2,12,401,12401,14,1997,1FMDU32X4VUD,1,F,M,D,U,3,2,X,4,V,U,D,0,P,FORD,EPR,UT,97,17,3939,,0,1115,,G,,F,6,245,,,15R225,,,,,,0,0,000000000,00000000000,0,0,0,1,0,0,0,0,0,0,0,55,0,1,5,12,98,6,2,2,0,0,1,1,1,36545,6,1,0,0,3,0,66,150,0,0,0,2,0,7,2009,4,2011,0,0,0,0,0,2,2,50,1,1,2,1,0,0,1,13,1,1,4,1,1,0
1,10775,1,1,1,21,5,7,30,32,0,1,0,1,1,14,6,14006,4,2007,2MEFM75V67X6,2,M,E,F,M,7,5,V,6,7,X,6,0,P,MERC,MGL,4D,7,17,4135,,0,1147,,F,,F,8,281,,,16R225,,,,,,0,0,000000000,00000000000,0,0,0,1,0,0,0,0,0,0,0,60,0,0,0,12,98,6,2,42,0,0,0,1,1,36545,6,1,0,0,3,0,71,230,0,0,0,0,0,0,0,0,0,0,0,0,0,0,1,2,55,1,6,2,1,0,0,1,12,1,1,4,6,1,0
1,10776,1,2,1,20,7,6,46,12,1,1,0,1,1,49,472,49472,30,2003,5TENL42N33Z2,5,T,E,N,L,4,2,N,3,3,Z,2,0,T,TOYT,REG,PK,3,17,,1,0,1033,TAC,G,,,4,149,,,,B,2737,00,U,42,0,0,000000000,00000000000,0,0,0,1,0,0,0,0,0,0,0,999,0,0,0,12,98,6,2,12,0,0,0,1,1,35405,6,1,0,0,3,1,70,160,1,0,0,1,1,10,2009,9,2010,0,0,0,0,0,2,2,50,3,5,2,1,0,0,15,10,1,1,2,24,1,0
1,10776,2,2,1,20,7,6,46,12,1,1,0,1,3,98,998,98998,97,2003,49HAADBV53DK,4,9,H,A,A,D,B,V,5,3,D,K,0,T,STRG,SC8,TB,3,17,,7,0,0,STE,D,,,6,359,,,,,00000,00,,42,0,0,000000000,00000000000,9,0,0,1,0,0,0,0,0,0,0,999,0,0,0,6,6,6,2,12,0,0,0,1,1,35473,6,1,6,0,3,0,75,242,0,2,0,2,0,12,2008,7,2010,0,0,0,0,0,2,2,50,3,5,2,1,0,0,14,61,1,1,1,25,0,0
1,10777,1,2,1,4,10,18,56,12,2,1,0,1,2,12,481,12481,31,1999,1FTNX21F3XEB,1,F,T,N,X,2,1,F,3,X,E,B,0,T,FORD,F2S,4C,99,17,,2,1580,1418,SRW,D,,,8,444,,,,C,5635,01,E,44,0,0,000000000,00000000000,0,0,0,1,0,0,0,0,0,0,0,65,0,0,0,12,98,6,2,12,0,0,0,1,1,35128,2,1,0,0,2,1,79,220,0,1,1,0,0,7,2011,8,2011,1,0,0,0,0,1,2,45,1,1,2,1,0,0,1,10,1,1,2,50,1,1
1,10777,2,2,1,4,10,18,56,12,2,1,0,1,1,20,482,20482,31,2004,3GNEC12T24G2,3,G,N,E,C,1,2,T,2,4,G,2,0,T,CHEV,CAV,CW,4,17,,2,0,1300,AVL,G,,,8,325,,,,B,5437,00,,42,0,0,000000000,00000000000,0,0,0,1,0,0,0,0,0,0,0,45,0,0,0,12,12,6,2,12,0,0,0,1,1,35128,6,1,0,0,3,0,65,187,0,0,0,0,0,0,0,0,0,0,0,0,0,0,1,2,45,1,1,2,1,0,0,1,62,1,1,1,51,0,0