STATE,ST_CASE,VEH_NO,VE_FORMS,NUMOCCS,DAY,MONTH,HOUR,MINUTE,HARM_EV,MAN_COLL,UNITTYPE,HIT_RUN,REG_STAT,OWNER,MAKE,MODEL,MAK_MOD,BODY_TYP,MOD_YEAR,VIN,VIN_1,VIN_2,VIN_3,VIN_4,VIN_5,VIN_6,VIN_7,VIN_8,VIN_9,VIN_10,VIN_11,VIN_12,TOW_VEH,VINTYPE,VINMAKE,VINA_MOD,VIN_BT,VINMODYR,VIN_LNGT,VIN_WGT,WGTCD_TR,WHLBS_LG,WHLBS_SH,SER_TR,FUELCODE,MCYCL_DS,CARBUR,CYLINDER,DISPLACE,MCYCL_CY,MCYCL_WT,TIRE_SZE,TON_RAT,TRK_WT,TRKWTVAR,VIN_REST,WHLDRWHL,J_KNIFE,MCARR_I1,MCARR_I2,MCARR_ID,GVWR,V_CONFIG,CARGO_BT,HAZ_INV,HAZ_PLAC,HAZ_ID,HAZ_CNO,HAZ_REL,BUS_USE,SPEC_USE,EMER_USE,TRAV_SP,UNDERIDE,ROLLOVER,ROLINLOC,IMPACT1,IMPACT2,DEFORMED,TOWED,M_HARM,VEH_SC1,VEH_SC2,FIRE_EXP,DR_PRES,L_STATE,DR_ZIP,L_STATUS,L_TYPE,CDL_STAT,L_ENDORS,L_COMPL,L_RESTRI,DR_HGT,DR_WGT,PREV_ACC,PREV_SUS,PREV_DWI,PREV_SPD,PREV_OTH,FIRST_MO,FIRST_YR,LAST_MO,LAST_YR,SPEEDREL,DR_SF1,DR_SF2,DR_SF3,DR_SF4,VTRAFWAY,VNUM_LAN,VSPD_LIM,VALIGN,VPROFILE,VPAVETYP,VSURCOND,VTRAFCON,VTCONT_F,P_CRASH1,P_CRASH2,P_CRASH3,PCRASH4,PCRASH5,ACC_TYPE,DEATHS,DR_DRINK
4,40064,2,2,2,18,2,23,32,12,2,1,0,4,2,7,482,7482,31,1994,1B7KF26C0RS5,1,B,7,K,F,2,6,C,0,R,S,5,0,T,DODG,250,PK,94,17,,2,0,1347,RPC,D,,,6,359,,,,C,4776,01,B,44,0,0,000000000,00000000000,0,0,0,1,0,0,0,0,0,0,0,45,0,0,0,12,98,6,2,12,0,0,0,1,4,86502,6,1,0,0,3,3,64,160,0,0,0,0,0,0,0,0,0,0,0,0,0,0,1,2,55,1,1,2,2,0,0,1,62,8,1,2,51,0,0
4,40065,1,1,1,19,2,15,17,8,0,1,1,99,9,99,999,99999,99,9999,999999999999,9,9,9,9,9,9,9,9,9,9,9,9,0,,,,,,,,,,,,,,,,,,,,,,,,,0,0,000000000,00000000000,0,0,0,1,0,0,0,0,0,0,0,40,0,0,0,12,12,9,1,8,0,0,0,1,99,99999,9,9,99,0,9,9,999,999,99,99,99,99,99,99,9999,99,9999,1,99,99,99,99,5,4,40,1,1,8,1,0,0,1,80,3,2,1,13,0,0
4,40066,1,3,1,19,2,17,17,12,1,1,0,6,3,82,883,82883,66,2002,1FUJA6CG32LJ,1,F,U,J,A,6,C,G,3,2,L,J,1,T,FRHT,COL,TR,2,17,,8,0,0,CON,D,,,6,774,,,,,00000,00,,64,1,57,01507183,5701507183,3,6,1,1,0,0,0,0,0,0,0,75,0,0,0,12,12,6,2,12,0,0,1,1,6,91748,6,1,6,0,3,0,68,170,0,0,0,0,0,0,0,0,0,1,99,99,99,99,2,2,75,1,6,2,1,50,3,1,50,3,1,1,20,1,0
4,40066,2,3,2,19,2,17,17,12,1,1,0,18,3,82,881,82881,66,2010,1FUJGLDR9ALA,1,F,U,J,G,L,D,R,9,A,L,A,1,T,FRHT,125,TR,10,17,,8,0,0,CSC,D,,,6,903,,,,,00000,00,,64,1,57,00273818,5700273818,3,6,1,1,0,0,0,0,0,0,0,0,0,0,0,6,98,6,2,12,0,0,0,1,12,34461,6,1,6,0,3,0,64,999,0,0,0,0,0,0,0,0,0,0,0,0,0,0,2,2,75,1,6,2,1,50,3,5,53,1,1,1,21,0,0
4,40066,3,3,1,19,2,17,17,12,1,1,0,4,1,20,431,20431,16,1981,1G8GK26M2BF1,1,G,8,G,K,2,6,M,2,B,F,1,0,P,CHEV,K20,UT,81,17,4968,,0,1295,,G,,4,8,350,,,000000,,,,,,0,0,000000000,00000000000,0,0,0,1,0,0,0,0,0,0,0,0,0,0,0,6,6,6,2,12,0,0,0,1,4,85201,6,1,0,0,3,0,71,150,0,0,0,0,0,0,0,0,0,0,0,0,0,0,2,2,75,1,6,2,1,50,3,5,53,1,1,1,98,0,0
4,40067,1,2,3,20,2,4,58,12,2,1,0,4,2,7,41,7041,4,2004,2B3HD46R34H6,2,B,3,H,D,4,6,R,3,4,H,6,0,P,DODG,ISE,4D,4,17,3329,,0,1130,,G,,F,6,167,,,16R225,,,,,,0,0,000000000,00000000000,0,0,0,1,0,0,0,0,0,0,0,65,3,0,0,12,12,6,2,12,0,0,0,1,4,86045,0,0,0,0,0,0,72,165,0,0,0,0,0,0,0,0,0,0,28,0,0,0,1,2,65,1,1,2,2,0,0,1,10,1,1,2,50,1,1
4,40067,2,2,3,20,2,4,58,12,2,1,0,12,4,12,850,12850,65,2004,1FDXE45S84HA,1,F,D,X,E,4,5,S,8,4,H,A,0,T,FORD,4DC,YY,4,17,,4,1760,1580,CTV,G,,,10,415,,,,,00000,00,E,42,0,0,000000000,00000000000,0,0,0,1,0,0,0,0,0,0,0,50,0,0,0,12,12,6,2,12,0,0,0,1,4,85641,6,1,6,0,3,0,68,170,0,0,0,3,0,5,2008,9,2008,0,89,0,0,0,1,2,65,1,1,2,2,0,0,1,60,6,1,3,51,0,0
4,40068,1,1,7,20,2,11,11,43,0,1,0,48,2,23,401,23401,14,2003,1GKES16S9362,1,G,K,E,S,1,6,S,9,3,6,2,0,T,GMC,EXL,4W,3,17,,2,0,1290,ENV,G,,,6,256,,,,B,4417,00,E,42,0,0,000000000,00000000000,0,0,0,1,0,0,0,0,0,0,0,65,0,1,3,14,98,6,2,1,0,0,0,1,48,79835,6,1,0,0,3,3,999,999,0,2,0,0,0,5,2008,1,2009,0,80,0,0,0,3,3,65,1,6,2,1,0,0,1,1,1,7,4,7,1,0
4,40069,1,1,1,21,2,2,47,8,0,1,1,99,9,99,999,99999,99,9999,999999999999,9,9,9,9,9,9,9,9,9,9,9,9,0,,,,,,,,,,,,,,,,,,,,,,,,,0,0,000000000,00000000000,0,0,0,1,0,0,0,0,0,0,0,999,0,0,0,12,12,9,1,8,0,0,0,1,99,99999,9,9,99,9,9,9,999,999,99,99,99,99,99,99,9999,99,9999,9,99,99,99,99,2,2,65,1,5,2,1,40,3,99,80,99,1,1,13,0,0
4,40070,1,1,1,21,2,14,37,1,0,1,0,4,3,98,739,98739,90,2007,4UF07ATV87T2,4,U,F,0,7,A,T,V,8,7,T,2,0,U,,,,7,17,,,,,,,,,,,,,,,,,,,0,0,000000000,00000000000,0,0,0,1,0,0,0,0,0,0,0,40,0,1,1,0,98,9,1,1,0,0,0,1,4,85205,6,1,0,0,3,0,72,275,0,0,0,0,0,0,0,0,0,1,0,0,0,0,1,2,35,2,5,5,1,0,0,14,6,1,1,3,98,1,0
4,40071,1,2,1,22,2,23,52,12,2,1,0,4,1,23,481,23481,31,2003,1GTHK231X3F1,1,G,T,H,K,2,3,1,X,3,F,1,0,T,GMC,2KH,CW,3,17,,2,1670,1530,SIE,D,,,8,403,,,,C,5899,01,U,44,0,0,000000000,00000000000,0,0,0,1,0,0,0,0,0,0,0,999,0,0,0,12,98,6,2,12,0,0,0,1,4,86445,6,1,0,0,3,3,72,250,0,0,0,0,0,0,0,0,0,0,51,89,0,0,2,2,65,1,1,2,1,0,0,1,54,1,1,1,50,1,0
4,40071,2,2,1,22,2,23,52,12,2,1,0,49,3,82,883,82883,63,2003,1FVHAHAVX3DK,1,F,V,H,A,H,A,V,X,3,D,K,1,T,FRHT,FLD,CC,3,17,,8,0,0,CON,D,,,6,893,,,,,00000,00,,64,1,57,0360490,570360490,3,4,6,1,0,0,0,0,0,0,0,62,0,0,0,12,98,6,2,12,0,0,0,1,49,84003,6,1,6,0,3,0,68,185,98,0,0,1,0,6,2008,6,2008,0,0,0,0,0,2,2,65,1,1,2,1,0,0,1,54,1,1,1,51,0,0
4,40072,1,1,1,23,2,21,6,8,0,1,0,4,1,12,481,12481,31,1999,1FTRF17W3XKA,1,F,T,R,F,1,7,W,3,X,K,A,0,T,FORD,F15,PK,99,17,,2,1385,1199,COF,G,,,8,281,,,,B,00000,00,U,42,0,0,000000000,00000000000,0,0,0,1,0,0,0,0,0,0,0,55,0,0,0,12,12,6,2,8,0,0,0,1,4,85650,6,1,0,0,3,3,67,175,0,0,0,0,0,0,0,0,0,0,0,0,0,0,5,4,55,1,1,2,1,0,0,1,80,1,1,1,13,0,0
4,40073,1,1,1,25,2,15,47,1,0,1,0,4,1,53,706,53706,80,2002,JS1VS54A0221,J,S,1,V,S,5,4,A,0,2,2,1,0,M,SUZI,VL8,RS,2,17,,,,,,,805,,2,,4,526,,,,,,,0,0,000000000,00000000000,0,0,0,1,0,0,0,0,0,0,0,25,0,0,0,0,98,6,9,1,0,0,0,1,4,85310,6,1,0,0,3,0,72,295,0,0,0,0,0,0,0,0,0,1,85,0,0,0,1,2,25,1,1,2,1,0,0,1,6,3,1,1,98,1,0
4,40074,1,2,2,26,2,22,36,12,1,1,0,4,1,49,472,49472,30,2008,5TENX22N28Z4,5,T,E,N,X,2,2,N,2,8,Z,4,0,T,TOYT,REG,PK,8,17,,1,0,1094,TAC,G,,,4,164,,,,B,3200,00,U,42,0,0,000000000,00000000000,0,0,0,1,0,0,0,0,0,0,0,65,0,0,0,12,98,6,2,12,0,0,0,1,4,85232,6,1,0,0,3,0,66,155,0,0,0,0,0,0,0,0,0,1,0,0,0,0,3,6,65,1,1,2,1,0,0,1,51,1,1,1,24,0,0
4,40074,2,2,2,26,2,22,36,12,1,1,0,4,1,20,441,20441,20,2000,1GNDM19W9YB1,1,G,N,D,M,1,9,W,9,Y,B,1,0,T,CHEV,AST,ES,0,17,,1,0,1112,AST,G,,,6,262,,,,B,4186,00,,42,0,0,000000000,00000000000,0,0,0,1,0,0,0,0,0,0,0,30,0,0,0,6,98,6,2,12,0,0,0,1,4,85206,6,1,0,0,3,0,65,150,0,0,0,0,0,0,0,0,0,0,27,0,0,0,3,6,65,1,1,2,1,0,0,15,53,1,1,1,25,1,0
4,40075,1,2,1,27,2,9,48,12,6,1,0,4,1,63,33,63033,5,2008,KNAFE1622850,K,N,A,F,E,1,6,2,2,8,5,0,0,P,KIA,SX5,4H,8,17,2950,,0,1028,,G,,F,4,122,,,16R205,,,,,,0,0,000000000,00000000000,0,0,0,1,0,0,0,0,0,0,0,998,0,0,0,81,98,6,2,12,0,0,0,1,4,85338,6,1,0,0,3,3,63,165,0,0,0,1,0,7,2008,7,2008,0,39,0,0,0,1,2,98,1,3,8,2,20,3,1,17,1,1,1,87,1,0
4,40075,2,2,5,27,2,9,48,12,6,1,0,4,2,12,461,12461,21,1999,1FBSS31L1XHB,1,F,B,S,S,3,1,L,1,X,H,B,0,T,FORD,WSD,ES,99,17,,2,0,1380,ECO,G,,,8,330,,,,D,6117,00,E,42,0,57,01834378,5701834378,1,20,22,1,0,0,0,0,7,0,0,998,0,0,0,12,12,6,2,12,0,0,0,1,4,85015,6,1,0,0,3,0,63,130,0,0,0,1,0,7,2009,7,2009,0,0,0,0,0,2,2,55,1,3,8,2,0,0,1,66,1,1,1,86,0,0
4,40076,1,1,1,27,2,15,14,11,0,1,0,4,1,72,706,72706,80,2001,1HD1FCW191Y6,1,H,D,1,F,C,W,1,9,1,Y,6,0,M,HD,FLU,RS,1,17,,,,,,,1450,,2,,4,788,,,,,,,0,0,000000000,00000000000,0,0,0,1,0,0,0,0,0,0,0,998,0,0,0,12,98,6,2,1,0,0,0,1,4,85044,6,1,0,0,3,0,68,165,0,0,0,0,0,0,0,0,0,0,83,0,0,0,1,2,65,1,1,2,1,0,0,1,87,9,1,1,13,1,0
4,40077,1,1,1,28,2,12,9,33,0,1,0,4,1,98,998,98998,97,1993,AG9316325696,A,G,9,3,1,6,3,2,5,6,9,6,0,U,,,,93,12,,,,,,,,,,,,,,,,,,,0,0,000000000,00000000000,0,0,0,1,0,0,0,0,0,0,0,15,0,1,5,14,14,0,1,1,0,0,0,1,17,60089,6,1,0,0,3,3,66,185,0,0,0,0,0,0,0,0,0,0,0,0,0,0,1,2,30,1,1,2,1,0,0,1,13,7,1,4,1,1,0
4,40078,1,4,1,28,2,13,49,12,2,1,0,53,1,49,43,49043,4,2005,4T1BK36B85U0,4,T,1,B,K,3,6,B,8,5,U,0,0,P,TOYT,UTS,4D,5,17,3417,,0,1071,,G,,F,6,213,,,15R205,,,,,,0,0,000000000,00000000000,0,0,0,1,0,0,0,0,0,0,0,55,0,0,0,12,98,6,2,12,0,0,0,1,53,98342,6,1,0,0,3,0,70,170,0,0,0,0,0,0,0,0,0,0,28,0,0,0,5,4,45,1,1,8,1,0,0,1,10,1,1,2,50,1,1
4,40078,2,4,1,28,2,13,49,12,2,1,0,4,3,63,32,63032,4,2005,KNADC1251563,K,N,A,D,C,1,2,5,1,5,6,3,0,P,KIA,RIO,4D,5,17,2403,,0,949,,G,,F,4,098,,,14R175,,,,,,0,0,000000000,00000000000,0,0,0,1,0,0,0,0,0,0,0,45,0,0,0,12,98,6,2,12,0,0,0,1,4,85014,1,1,0,0,2,3,69,260,0,7,0,0,2,4,2009,12,2010,0,0,0,0,0,5,4,45,1,1,8,1,0,0,1,62,1,1,1,51,1,0
4,40078,3,4,1,28,2,13,49,12,2,1,0,4,1,49,401,49401,14,2007,JTEZT14R1780,J,T,E,Z,T,1,4,R,1,7,8,0,0,P,TOYT,RUN,UT,7,17,4255,,0,1098,,G,,F,8,285,,,16R265,,,,,,0,0,000000000,00000000000,0,0,0,1,0,0,0,0,0,0,0,45,0,0,0,62,98,6,2,12,0,0,0,1,4,85383,6,1,0,0,3,0,67,120,0,0,0,0,0,0,0,0,0,0,0,0,0,0,5,4,45,1,1,8,1,0,0,1,52,1,1,1,98,0,0
4,40078,4,4,1,28,2,13,49,12,2,1,0,4,1,22,19,22019,2,2008,1G2AL18F9871,1,G,2,A,L,1,8,F,9,8,7,1,0,P,PONT,G/5,CP,8,17,2991,,0,1035,,G,,F,4,134,,,15R195,,,,,,0,0,000000000,00000000000,0,0,0,1,0,0,0,0,0,0,0,45,0,0,0,62,98,6,2,12,0,0,0,1,4,85028,6,1,0,0,3,3,67,120,0,0,0,0,0,0,0,0,0,0,0,0,0,0,5,4,45,1,1,8,1,0,0,1,60,3,2,1,98,0,0
4,40079,1,3,1,7,1,11,53,12,6,1,0,4,1,49,40,49040,4,1999,4T1BG22K7XU4,4,T,1,B,G,2,2,K,7,X,U,4,0,P,TOYT,UEX,4D,99,17,2998,,0,1051,,G,,F,4,132,,,14R195,,,,,,0,0,000000000,00000000000,0,0,0,1,0,0,0,0,0,0,0,12,0,0,0,3,98,6,2,12,0,0,0,1,4,85395,6,1,0,0,3,3,61,150,0,0,0,0,0,0,0,0,0,0,92,38,0,0,2,2,40,1,1,2,1,0,0,1,17,1,1,1,87,0,0
4,40079,2,3,2,7,1,11,53,12,6,1,0,4,1,35,43,35043,4,2005,3N1CB51D25L4,3,N,1,C,B,5,1,D,2,5,L,4,0,P,NISS,S18,4D,5,17,2387,,0,998,,G,,F,4,108,,,15R195,,,,,,0,0,000000000,00000000000,0,0,0,1,0,0,0,0,0,0,0,40,0,0,0,12,12,6,2,12,0,0,0,1,4,85395,6,1,0,0,3,3,62,139,0,0,0,0,0,0,0,0,0,0,0,0,0,0,2,2,40,1,1,2,1,0,0,1,71,1,1,1,86,1,0
4,40079,3,3,1,7,1,11,53,12,6,1,0,4,1,6,52,6052,6,2007,3A4FY48B27T6,3,A,4,F,Y,4,8,B,2,7,T,6,0,P,CHRY,PTC,SV,7,17,2985,,0,1030,,G,,F,4,148,,,15R195,,,,,,0,0,000000000,00000000000,0,0,0,1,0,0,0,0,0,0,0,0,0,0,0,9,9,4,1,12,0,0,0,1,4,85035,6,1,0,0,3,0,62,130,0,0,0,0,0,0,0,0,0,0,0,0,0,0,0,0,0,0,0,0,0,0,0,10,62,1,1,5,98,0,0
4,40080,1,1,2,1,2,12,5,33,0,1,0,4,2,18,3,18003,4,1996,1G4CW52K4TH6,1,G,4,C,W,5,2,K,4,T,H,6,0,P,BUIC,PKA,4D,96,17,3536,,0,1108,,G,,F,6,231,,,15R205,,,,,,0,0,000000000,00000000000,0,0,0,1,0,0,0,0,0,0,0,33,0,0,0,14,12,6,2,30,0,0,0,1,4,85031,1,1,0,0,2,0,63,139,0,4,0,0,0,12,2008,1,2009,0,92,0,0,0,5,4,45,1,1,2,1,0,0,1,12,1,1,4,6,1,0
4,40081,1,1,1,1,2,20,20,33,0,1,0,4,1,76,706,76706,80,2007,JYARN17E07A0,J,Y,A,R,N,1,7,E,0,7,A,0,0,M,YAMA,F1Z,RC,7,17,,,,,,,998,,4,,4,438,,,,,,,0,0,000000000,00000000000,0,0,0,1,0,0,0,0,0,0,0,83,0,0,0,14,61,4,3,1,0,0,0,1,4,85204,6,1,0,0,3,0,74,160,0,2,0,0,0,10,2008,5,2009,1,89,0,0,0,2,3,50,2,3,2,1,0,0,14,12,1,1,4,6,1,1
4,40082,1,1,2,4,2,2,51,41,0,1,0,4,1,63,34,63034,4,2006,KNAGD1262654,K,N,A,G,D,1,2,6,2,6,5,4,0,P,KIA,OLE,4D,6,17,3279,,0,1063,,G,,F,4,144,,,15R205,,,,,,0,0,000000000,00000000000,0,0,0,1,0,0,0,0,0,0,0,109,0,1,5,99,98,6,2,1,0,0,0,1,4,85018,6,1,0,0,3,3,74,160,0,0,0,0,0,0,0,0,0,1,0,0,0,0,1,2,35,1,1,2,1,0,0,1,6,1,4,4,7,2,1
4,40083,1,1,1,4,2,19,4,15,0,1,0,4,1,7,482,7482,31,2000,3B7HC12Y5YG1,3,B,7,H,C,1,2,Y,5,Y,G,1,0,T,DODG,150,PC,0,17,,2,0,1387,RPC,G,,,8,318,,,,B,4562,00,U,42,0,0,000000000,00000000000,0,0,0,1,0,0,0,0,0,0,0,38,0,0,0,12,12,4,1,15,0,0,0,1,4,85008,6,1,0,0,3,0,73,225,0,0,0,0,0,0,0,0,0,0,0,0,0,0,5,5,35,1,1,2,1,0,0,1,80,3,2,1,13,0,0
4,40084,1,2,1,4,2,18,26,12,6,1,0,4,1,49,32,49032,4,2000,2T1BR12E4YC3,2,T,1,B,R,1,2,E,4,Y,C,3,0,P,TOYT,UVL,4D,0,17,2403,,0,970,,G,,F,4,109,,,14R175,,,,,,0,0,000000000,00000000000,0,0,0,1,0,0,0,0,0,0,0,5,0,0,0,82,82,6,2,12,0,0,0,1,4,85297,6,1,0,0,3,3,70,185,0,0,0,0,0,0,0,0,0,0,38,0,0,0,5,4,45,1,1,8,1,20,3,1,17,1,1,1,87,1,0
4,40084,2,2,1,4,2,18,26,12,6,1,0,4,1,23,421,23421,15,2009,1GKFC03299R2,1,G,K,F,C,0,3,2,9,9,R,2,0,T,GMC,NAL,4W,9,17,,2,0,1160,YUK,F,,,8,378,,,,B,5635,00,3,42,0,0,000000000,00000000000,0,0,0,1,0,0,0,0,0,0,0,40,0,0,0,12,12,6,2,12,0,0,0,1,4,85048,6,1,0,0,3,0,69,185,0,0,0,0,0,0,0,0,0,0,0,0,0,0,5,4,45,1,1,8,1,0,0,1,71,2,1,1,86,0,0
4,40085,1,1,3,6,2,0,45,35,0,1,0,4,1,20,431,20431,16,2000,3GNFK16T6YG1,3,G,N,F,K,1,6,T,6,Y,G,1,0,P,CHEV,K15,UT,0,17,5123,,0,1300,,G,,F,8,325,,,16R245,,,,,,0,0,000000000,00000000000,0,0,0,1,0,0,0,0,0,0,0,55,0,1,5,99,98,6,2,1,0,0,0,1,4,85309,6,1,0,0,3,0,68,140,0,0,0,0,0,0,0,0,0,1,36,91,0,0,1,2,0,4,6,5,1,0,0,14,6,7,3,4,2,1,0
4,40086,1,1,1,6,2,1,8,30,0,1,0,4,2,20,481,20481,31,2005,1GCEC14V05Z1,1,G,C,E,C,1,4,V,0,5,Z,1,0,T,CHEV,SC1,PK,5,17,,2,1330,1190,SIL,G,,,8,293,,,,B,4225,00,,42,0,0,000000000,00000000000,0,0,0,1,0,0,0,0,0,0,0,998,0,0,0,9,9,6,2,30,0,0,0,1,4,85231,0,0,0,0,0,0,66,150,0,0,0,1,0,1,2011,1,2011,1,0,0,0,0,1,2,50,1,1,2,1,0,0,1,9,7,3,4,2,1,0
4,40087,1,4,1,7,2,17,35,12,1,1,0,4,1,12,481,12481,31,2005,1FTRF122X5NA,1,F,T,R,F,1,2,2,X,5,N,A,0,T,FORD,F15,PK,5,17,,2,1450,1260,COF,G,,,6,256,,,,B,4615,02,U,42,0,0,000000000,00000000000,0,0,0,1,0,0,0,0,0,0,0,998,0,0,0,12,12,6,2,12,0,0,0,1,4,85719,6,1,0,0,3,0,70,175,0,0,0,0,0,0,0,0,0,1,4,0,0,0,2,3,40,1,1,2,1,3,3,1,50,1,1,1,20,0,0
4,40087,2,4,1,7,2,17,35,12,1,1,0,4,1,49,41,49041,1,2003,JTDFR3209300,J,T,D,F,R,3,2,0,9,3,0,0,0,P,TOYT,MRS,CV,3,17,2109,,0,965,,G,,F,4,109,,,15R185,,,,,,0,0,000000000,00000000000,0,0,0,1,0,0,0,0,0,0,0,0,0,0,0,6,98,6,2,12,0,0,0,1,4,85703,6,1,0,0,3,0,66,122,0,1,0,1,0,8,2009,1,2011,0,0,0,0,0,2,3,40,1,1,2,1,3,3,5,53,1,1,1,21,1,0
4,40087,3,4,4,7,2,17,35,12,1,1,0,4,2,20,443,20443,20,2001,1GNDX13E81D1,1,G,N,D,X,1,3,E,8,1,D,1,0,T,CHEV,LUX,ES,1,17,,1,0,1200,VTR,G,,,6,207,,,,,3838,00,,42,0,0,000000000,00000000000,0,0,0,1,0,0,0,0,0,0,0,0,0,0,0,6,6,4,1,12,0,0,0,1,4,85730,6,1,0,0,3,0,66,145,0,0,0,0,0,0,0,0,0,0,0,0,0,0,2,3,40,1,1,2,1,3,3,5,53,1,1,1,98,0,0
4,40087,4,4,5,7,2,17,35,12,1,1,0,4,2,12,37,12037,4,2007,1FAHP34N37W2,1,F,A,H,P,3,4,N,3,7,W,2,0,P,FORD,FMS,4D,7,17,2636,,0,1029,,G,,F,4,122,,,15R195,,,,,,0,0,000000000,00000000000,0,0,0,1,0,0,0,0,0,0,0,0,0,0,0,12,12,6,2,12,0,0,0,1,4,85706,6,1,0,0,3,0,67,150,0,2,0,1,0,7,2008,3,2009,0,0,0,0,0,1,2,40,1,1,8,1,3,3,5,68,1,1,1,98,0,0
4,40088,1,2,3,8,2,15,22,12,6,1,0,4,1,12,37,12037,4,2007,1FAFP34N37W2,1,F,A,F,P,3,4,N,3,7,W,2,0,P,FORD,FMS,4D,7,17,2636,,0,1029,,G,,F,4,122,,,15R195,,,,,,0,0,000000000,00000000000,0,0,0,1,0,0,0,0,0,0,0,15,0,0,0,3,3,6,2,12,0,0,0,1,4,85222,6,1,0,0,3,3,62,254,0,0,0,0,0,0,0,0,0,0,38,0,0,0,2,3,40,1,1,2,1,3,3,11,15,1,1,1,68,2,0
4,40088,2,2,2,8,2,15,22,12,6,1,0,4,1,12,3,12003,2,1987,1FABP40E6HF2,1,F,A,B,P,4,0,E,6,H,F,2,0,P,FORD,MLX,2D,87,17,2724,,0,1005,,G,,F,8,302,,,14R195,,,,,,0,0,000000000,00000000000,0,0,0,1,0,0,0,0,0,0,0,40,0,0,0,12,12,6,2,12,0,0,0,1,4,85746,6,1,0,0,3,0,68,140,0,0,0,0,0,0,0,0,0,1,91,92,0,0,2,3,40,1,1,2,1,3,3,1,62,7,1,3,69,0,0
4,40089,1,2,1,1,2,19,12,12,1,1,0,4,3,82,881,82881,62,2003,1FVACWAL33HK,1,F,V,A,C,W,A,L,3,3,H,K,0,T,FRHT,16M,CC,3,17,,6,0,0,FM2,D,,,6,439,,,,,00000,00,,42,0,88,888888888,88888888888,2,1,3,1,0,0,0,0,0,0,0,23,0,0,0,6,6,6,2,12,0,0,0,1,6,85283,6,1,0,0,3,0,999,999,0,0,0,0,0,0,0,0,0,0,28,48,92,0,5,4,45,1,1,2,1,0,0,10,16,1,1,1,78,0,0
4,40089,2,2,1,1,2,19,12,12,1,1,0,4,1,6,52,6052,6,2005,3C8FY68BX5T5,3,C,8,F,Y,6,8,B,X,5,T,5,0,P,CHRY,PTC,SV,5,17,3099,,0,1030,,G,,F,4,148,,,16R205,,,,,,0,0,000000000,00000000000,0,0,0,1,0,0,0,0,0,0,0,50,1,0,0,12,12,6,2,12,0,0,0,1,4,85207,6,1,0,0,3,0,64,135,0,0,0,0,0,0,0,0,0,0,0,0,0,0,5,4,45,1,1,2,1,0,0,1,70,1,1,1,79,1,0
4,40090,1,1,1,2,3,6,37,8,0,1,0,4,1,20,401,20401,14,2001,1GNCS18W91K1,1,G,N,C,S,1,8,W,9,1,K,1,0,P,CHEV,BZR,UT,1,17,3699,,0,1005,,G,,F,6,262,,,15R235,,,,,,0,0,000000000,00000000000,0,0,0,1,0,0,0,0,0,0,0,37,0,0,0,12,98,2,1,8,0,0,0,1,4,85208,6,1,0,0,3,0,72,155,0,0,0,2,2,5,2008,2,2010,0,0,0,0,0,5,4,40,1,1,8,1,0,0,1,80,1,1,1,13,0,0
4,40091,1,1,5,4,3,5,20,35,0,1,0,4,1,35,53,35053,2,2009,JN1AR54F39M2,J,N,1,A,R,5,4,F,3,9,M,2,0,P,NISS,GTP,CP,9,17,3850,,0,1094,,G,,T,6,230,,,20R255,,,,,,0,0,000000000,00000000000,0,0,0,1,0,0,0,0,0,0,0,100,0,1,5,14,98,6,2,1,0,0,0,1,4,85365,6,1,0,0,3,2,72,170,0,1,0,2,0,3,2009,12,2010,1,74,39,91,0,1,2,50,1,1,2,1,20,3,1,6,1,1,4,1,1,1
4,40092,1,2,2,5,3,10,9,12,1,1,0,4,1,72,706,72706,80,1990,1HD1DPL16LY5,1,H,D,1,D,P,L,1,6,L,Y,5,0,M,HD,UHB,RS,90,17,,,,,,,1340,,2,,4,765,,,,,,,0,0,000000000,00000000000,0,0,0,1,0,0,0,0,0,0,0,998,0,0,0,12,98,6,2,12,0,0,0,1,4,85373,6,1,0,0,3,3,73,290,0,0,0,0,0,0,0,0,0,9,99,99,99,99,2,2,65,1,1,2,1,0,0,2,52,3,2,1,28,2,0
4,40092,2,2,1,5,3,10,9,12,1,1,0,4,1,72,706,72706,80,1996,1HD1FLR14TY6,1,H,D,1,F,L,R,1,4,T,Y,6,0,M,HD,CUS,RS,96,17,,,,,,,1340,,2,,4,765,,,,,,,0,0,000000000,00000000000,0,0,0,1,0,0,0,0,0,0,0,998,0,0,0,6,98,4,1,12,0,0,0,1,4,85033,6,1,0,0,3,0,68,175,0,0,0,0,0,0,0,0,0,0,0,0,0,0,2,2,65,1,1,2,1,0,0,2,53,1,1,1,29,0,0
4,40093,1,1,1,6,3,0,58,1,0,1,0,4,2,12,481,12481,31,1963,F25CD361426,F,2,5,C,D,3,6,1,4,2,6,,0,T,FORD,,,63,11,,,,,,,,,,,,,,,,,,,0,0,000000000,00000000000,0,0,0,1,0,0,0,0,0,0,0,70,0,1,5,0,13,6,2,1,0,0,0,1,4,85720,6,1,0,0,3,0,73,160,0,1,0,2,0,4,2008,1,2010,1,0,0,0,0,1,2,45,3,5,2,1,0,0,14,6,1,4,4,7,1,1
4,40094,1,1,1,7,3,5,32,8,0,1,0,42,3,12,881,12881,63,2006,3FRXF75S06V3,3,F,R,X,F,7,5,S,0,6,V,3,1,T,FORD,F77,CC,6,17,,7,2810,1460,COF,D,,,6,439,,,,D,00000,00,A,42,1,57,00010515,5700010515,3,4,3,1,0,0,0,0,0,0,0,40,0,0,0,12,12,2,1,8,0,0,0,1,4,85339,6,1,6,0,3,0,66,170,0,0,0,0,0,0,0,0,0,0,0,0,0,0,5,4,40,1,1,8,1,0,0,1,80,3,2,1,13,0,0