STATE,ST_CASE,VEH_NO,VE_FORMS,NUMOCCS,DAY,MONTH,HOUR,MINUTE,HARM_EV,MAN_COLL,UNITTYPE,HIT_RUN,REG_STAT,OWNER,MAKE,MODEL,MAK_MOD,BODY_TYP,MOD_YEAR,VIN,VIN_1,VIN_2,VIN_3,VIN_4,VIN_5,VIN_6,VIN_7,VIN_8,VIN_9,VIN_10,VIN_11,VIN_12,TOW_VEH,VINTYPE,VINMAKE,VINA_MOD,VIN_BT,VINMODYR,VIN_LNGT,VIN_WGT,WGTCD_TR,WHLBS_LG,WHLBS_SH,SER_TR,FUELCODE,MCYCL_DS,CARBUR,CYLINDER,DISPLACE,MCYCL_CY,MCYCL_WT,TIRE_SZE,TON_RAT,TRK_WT,TRKWTVAR,VIN_REST,WHLDRWHL,J_KNIFE,MCARR_I1,MCARR_I2,MCARR_ID,GVWR,V_CONFIG,CARGO_BT,HAZ_INV,HAZ_PLAC,HAZ_ID,HAZ_CNO,HAZ_REL,BUS_USE,SPEC_USE,EMER_USE,TRAV_SP,UNDERIDE,ROLLOVER,ROLINLOC,IMPACT1,IMPACT2,DEFORMED,TOWED,M_HARM,VEH_SC1,VEH_SC2,FIRE_EXP,DR_PRES,L_STATE,DR_ZIP,L_STATUS,L_TYPE,CDL_STAT,L_ENDORS,L_COMPL,L_RESTRI,DR_HGT,DR_WGT,PREV_ACC,PREV_SUS,PREV_DWI,PREV_SPD,PREV_OTH,FIRST_MO,FIRST_YR,LAST_MO,LAST_YR,SPEEDREL,DR_SF1,DR_SF2,DR_SF3,DR_SF4,VTRAFWAY,VNUM_LAN,VSPD_LIM,VALIGN,VPROFILE,VPAVETYP,VSURCOND,VTRAFCON,VTCONT_F,P_CRASH1,P_CRASH2,P_CRASH3,PCRASH4,PCRASH5,ACC_TYPE,DEATHS,DR_DRINK
4,40095,1,2,1,7,3,19,3,12,8,1,0,27,3,73,706,73706,80,2006,JKBVNKA156A0,J,K,B,V,N,K,A,1,5,6,A,0,0,M,KAWK,V6A,RS,6,17,,,,,,,1552,,2,,4,675,,,,,,,0,0,000000000,00000000000,0,0,0,1,0,0,0,0,0,0,0,43,0,0,0,62,12,6,2,12,0,0,0,1,27,56172,6,1,0,0,3,3,74,230,0,0,0,0,0,0,0,0,0,0,28,0,0,0,5,4,55,3,1,2,1,0,0,14,54,7,1,1,64,1,0
4,40095,2,2,1,7,3,19,3,12,8,1,0,4,3,12,16,12016,4,2005,2FAFP71W05X1,2,F,A,F,P,7,1,W,0,5,X,1,0,P,FORD,CVP,4D,5,17,0,,0,1147,,G,,F,8,281,,,16R225,,,,,,0,0,000000000,00000000000,0,0,0,1,0,0,0,0,0,0,0,55,0,0,0,62,62,2,1,12,0,0,0,1,4,86403,6,1,0,0,3,0,72,180,0,0,0,0,0,0,0,0,0,0,16,0,0,0,5,4,55,2,1,2,1,0,0,14,54,7,1,1,65,0,0
4,40096,1,1,3,8,3,13,22,9,0,1,0,4,1,20,881,20881,61,2003,1GCJK331X3F2,1,G,C,J,K,3,3,1,X,3,F,2,0,T,CHEV,SK3,CW,3,17,,3,0,1670,SIL,D,,,8,403,,,,D,6309,00,,44,0,57,20001194,5720001194,2,1,3,1,0,0,0,0,0,0,0,999,0,0,0,12,12,2,1,9,0,0,0,1,4,85272,6,1,6,0,3,0,74,230,0,0,0,0,0,0,0,0,0,0,0,0,0,0,1,2,50,1,1,2,1,0,0,1,83,3,2,1,13,0,0
4,40097,1,1,1,10,3,21,9,25,0,1,0,4,1,71,706,71706,80,2007,ZDM1RADM07B1,Z,D,M,1,R,A,D,M,0,7,B,1,0,M,DUCA,,,7,17,,,,,,,,,,,,,,,,,,,0,0,000000000,00000000000,0,0,0,1,0,0,0,0,0,0,0,65,0,0,0,81,98,6,2,25,0,0,0,1,4,85233,6,1,0,0,3,2,65,136,0,0,0,0,0,0,0,0,0,1,74,0,0,0,6,2,65,3,5,2,1,0,0,14,13,1,1,4,1,1,0
4,40098,1,1,2,11,3,21,7,38,0,1,0,32,1,12,401,12401,14,2002,1FMYU60E82UD,1,F,M,Y,U,6,0,E,8,2,U,D,0,P,FORD,EPR,UT,2,17,3860,,0,1018,,G,,F,6,245,,,16R235,,,,,,0,0,000000000,00000000000,0,0,0,1,0,0,0,0,0,0,0,998,0,1,6,99,98,6,2,1,0,0,0,1,32,89108,6,1,0,0,3,3,67,160,0,0,0,0,0,0,0,0,0,1,80,0,0,0,2,2,75,1,1,2,1,0,0,1,1,1,4,4,2,2,0
4,40099,1,2,2,12,3,9,0,12,7,1,1,4,1,12,481,12481,31,1994,1FTEF14N5RLA,1,F,T,E,F,1,4,N,5,R,L,A,0,T,FORD,F15,PK,94,17,,2,1330,1170,COF,G,,,8,302,,,,B,3886,01,M,44,0,0,000000000,00000000000,0,0,0,1,0,0,0,0,0,0,0,998,0,0,0,81,98,9,1,12,0,0,0,1,4,86444,6,1,0,0,3,0,76,180,0,0,0,0,0,0,0,0,0,0,35,0,0,0,1,2,55,1,1,2,1,0,0,6,51,99,9,3,49,0,0
4,40099,2,2,2,12,3,9,0,12,7,1,0,4,1,72,706,72706,80,1993,1HD1FAL1XPY5,1,H,D,1,F,A,L,1,X,P,Y,5,0,M,HD,FHS,RS,93,17,,,,,,,1340,,2,,4,692,,,,,,,0,0,000000000,00000000000,0,0,0,1,0,0,0,0,0,0,0,55,0,0,0,61,98,6,2,12,0,0,0,1,4,86444,6,1,0,0,3,0,71,200,0,0,0,0,0,0,0,0,0,0,0,0,0,0,1,2,55,1,1,2,1,0,0,1,53,99,1,1,49,1,0
4,40100,1,1,2,12,3,10,32,35,0,1,0,4,1,72,706,72706,80,2006,1HD1BXB196Y0,1,H,D,1,B,X,B,1,9,6,Y,0,0,M,HD,ISF,RS,6,17,,,,,,,1450,,2,,4,683,,,,,,,0,0,000000000,00000000000,0,0,0,1,0,0,0,0,0,0,0,55,0,0,0,98,98,6,2,35,0,0,0,1,4,85937,6,1,6,0,2,0,72,175,0,0,0,0,0,0,0,0,0,1,0,0,0,0,1,2,55,3,6,2,1,0,0,14,13,1,1,4,1,1,0
4,40101,1,1,4,12,3,19,27,1,0,1,0,6,2,20,421,20421,15,2002,1GNEC13V62J3,1,G,N,E,C,1,3,V,6,2,J,3,0,P,CHEV,CTA,UT,2,17,4828,,0,1160,,G,,F,8,293,,,16R265,,,,,,0,0,000000000,00000000000,0,0,0,1,0,0,0,0,0,0,0,998,0,1,3,0,98,6,2,1,0,0,0,1,6,93257,6,1,0,0,3,3,65,127,0,0,0,0,1,10,2010,10,2010,0,81,0,0,0,2,2,75,1,1,2,1,0,0,1,90,7,4,4,7,1,0
4,40102,1,1,2,13,3,11,45,51,0,1,0,53,2,12,461,12461,21,2003,1FBSS31LX3HB,1,F,B,S,S,3,1,L,X,3,H,B,1,T,FORD,WSD,ES,3,17,,2,0,1380,ECO,G,,,8,330,,,,D,5147,00,E,42,2,0,000000000,00000000000,0,0,0,1,0,0,0,0,0,0,0,72,0,1,1,0,98,6,2,1,0,0,0,1,53,98040,6,1,0,0,3,3,75,260,0,0,0,0,0,0,0,0,0,1,88,0,0,0,2,2,75,1,6,2,1,0,0,1,8,2,1,3,0,1,0
4,40103,1,1,1,13,3,13,55,35,0,1,0,92,0,98,739,98739,90,2007,RFGUB2510750,R,F,G,U,B,2,5,1,0,7,5,0,0,U,,,,7,17,,,,,,,,,,,,,,,,,,,0,0,000000000,00000000000,0,0,0,1,0,0,0,0,0,0,0,17,0,0,0,14,98,2,3,5,0,0,0,1,4,85031,6,1,0,0,3,0,66,145,0,0,0,0,0,0,0,0,0,9,99,99,99,99,1,2,25,3,5,5,1,0,0,14,9,1,9,4,2,1,0
4,40104,1,1,2,13,3,22,13,8,0,1,1,99,9,48,399,48399,9,9999,999999999999,9,9,9,9,9,9,9,9,9,9,9,9,0,,,,,,,,,,,,,,,,,,,,,,,,,0,0,000000000,00000000000,0,0,0,1,0,0,0,0,0,0,0,35,0,0,0,12,12,9,1,8,0,0,0,1,99,99999,9,9,99,0,9,9,999,999,99,99,99,99,99,99,9999,99,9999,9,99,99,99,99,9,9,35,9,1,8,1,0,0,99,80,99,9,9,13,0,0
4,40105,1,1,1,14,3,22,18,49,0,1,0,4,1,12,401,12401,14,1999,1FMYU24X9XUB,1,F,M,Y,U,2,4,X,9,X,U,B,0,P,FORD,EPR,UT,99,17,3898,,0,1017,,G,,F,6,245,,,15R235,,,,,,0,0,000000000,00000000000,0,0,0,1,0,0,0,0,0,0,0,998,0,0,0,12,12,6,2,49,0,0,0,1,4,85119,6,1,0,0,3,0,70,145,0,1,0,0,0,1,2010,1,2010,9,99,99,99,99,8,8,35,1,8,2,98,0,0,1,80,1,1,1,13,0,0
4,40106,1,2,1,15,3,13,45,31,0,1,0,4,1,7,20,7020,4,2004,1B3ES26C34D5,1,B,3,E,S,2,6,C,3,4,D,5,0,P,DODG,BSE,4D,4,17,2584,,0,1040,,G,,F,4,122,,,14R175,,,,,,0,0,000000000,00000000000,0,0,0,1,0,0,0,0,0,0,0,45,0,0,0,10,12,6,2,12,32,0,0,1,4,85201,6,1,0,0,3,0,61,135,0,1,0,0,0,1,2011,1,2011,1,48,0,0,0,5,4,25,2,1,8,1,0,0,14,15,1,1,2,12,1,0
4,40106,2,2,2,15,3,13,45,31,0,1,0,4,1,12,16,12016,4,1989,2FABP74F5KX2,2,F,A,B,P,7,4,F,5,K,X,2,0,P,FORD,CVL,4D,89,17,3770,,0,1143,,G,,F,8,302,,,15R215,,,,,,0,0,000000000,00000000000,0,0,0,1,0,0,0,0,0,0,0,40,0,0,0,12,12,6,2,12,0,0,0,1,4,85203,6,1,0,0,3,0,63,180,0,0,0,0,0,0,0,0,0,0,0,0,0,0,5,4,45,1,1,8,1,0,0,1,62,3,2,1,98,0,0
4,40107,1,1,1,20,3,21,44,1,0,1,0,32,4,6,43,6043,4,2010,1C3CC5FD5AN1,1,C,3,C,C,5,F,D,5,A,N,1,0,P,CHRY,SLT,4D,10,17,3310,,0,1089,,G,,F,6,165,,,17R215,,,,,,0,0,000000000,00000000000,0,0,0,1,0,0,0,0,0,0,0,998,0,1,3,0,98,6,2,1,0,0,0,1,4,85029,6,1,0,0,3,0,73,200,0,1,0,0,0,8,2010,8,2010,0,0,0,0,0,2,2,65,1,6,2,1,0,0,1,12,1,1,4,6,1,0
4,40108,1,1,2,20,3,4,43,8,0,1,1,4,2,55,35,55035,4,2002,KMHDN45D92U3,K,M,H,D,N,4,5,D,9,2,U,3,0,P,HYUN,EST,4D,2,17,2635,,0,1027,,G,,F,4,121,,,15R195,,,,,,0,0,000000000,00000000000,0,0,0,1,0,0,0,0,0,0,0,998,0,0,0,12,12,4,3,8,0,0,0,1,4,85207,6,1,0,0,3,3,75,260,0,0,0,0,0,0,0,0,0,0,92,0,0,0,2,3,50,1,1,2,1,0,0,1,80,1,1,1,13,0,1
4,40109,1,1,2,21,3,9,29,38,0,1,0,6,1,49,404,49404,14,2007,JTEZU11F8700,J,T,E,Z,U,1,1,F,8,7,0,0,0,P,TOYT,FJC,UT,7,17,4050,,0,1063,,G,,F,6,244,,,17R265,,,,,,0,0,000000000,00000000000,0,0,0,1,0,0,0,0,0,0,0,45,0,1,5,99,98,6,2,1,0,0,0,1,6,91205,6,1,0,0,3,0,61,170,0,0,0,0,0,0,0,0,0,1,87,0,0,0,2,2,75,3,1,2,3,0,0,14,5,7,3,4,2,1,0
4,40110,1,2,1,21,3,11,20,24,0,1,0,4,1,20,19,20019,2,1991,1G1LW13T4ME1,1,G,1,L,W,1,3,T,4,M,E,1,0,P,CHEV,BGT,CP,91,17,2719,,0,1034,,G,,F,6,191,,,15R205,,,,,,0,0,000000000,00000000000,0,0,0,1,0,0,0,0,0,0,0,5,0,0,0,9,9,6,2,12,0,0,0,1,4,86413,6,1,0,0,3,0,71,200,0,0,0,0,0,0,0,0,0,1,87,0,0,0,3,2,65,3,6,2,4,0,0,14,5,1,4,4,2,1,0
4,40110,2,2,2,21,3,11,20,24,0,1,0,4,1,7,482,7482,31,2001,3B7KC23661G2,3,B,7,K,C,2,3,6,6,1,G,2,0,T,DODG,Q25,4C,1,17,,2,1547,1387,RPC,D,,,6,359,,,,C,5168,01,U,42,0,0,000000000,00000000000,0,0,0,1,0,0,0,0,0,0,0,65,0,0,0,12,12,6,2,12,0,0,0,1,4,86409,6,1,6,0,3,3,70,210,0,0,0,0,0,0,0,0,0,0,87,0,0,0,3,2,65,3,6,2,4,0,0,14,59,9,1,4,98,0,0
4,40111,1,2,1,22,3,14,19,12,6,1,0,8,1,20,403,20403,14,2008,1GNET13M9821,1,G,N,E,T,1,3,M,9,8,2,1,0,P,CHEV,TRL,UT,8,17,4523,,0,1130,,G,,F,8,323,,,17R245,,,,,,0,0,000000000,00000000000,0,0,0,1,0,0,0,0,0,0,0,998,0,1,1,61,98,6,2,12,0,0,0,1,8,81321,6,1,0,0,3,0,71,180,0,0,0,0,0,0,0,0,0,0,38,0,0,0,1,2,98,1,1,8,1,20,3,11,15,1,1,1,82,1,0
4,40111,2,2,2,22,3,14,19,12,6,1,0,95,1,59,403,59403,14,2009,2T2HK31U29C1,2,T,2,H,K,3,1,U,2,9,C,1,0,P,LEXS,RX5,UT,9,17,4090,,0,1069,,G,,F,6,211,,,17R225,,,,,,0,0,000000000,00000000000,0,0,0,1,0,0,0,0,0,0,0,998,0,0,0,12,12,6,2,12,0,0,0,1,95,0,9,9,99,0,9,9,999,999,99,99,99,99,99,99,9999,99,9999,0,0,0,0,0,2,2,65,1,1,2,1,0,0,1,67,1,1,1,83,0,0
4,40112,1,1,1,25,3,20,25,8,0,1,0,41,1,49,472,49472,30,1999,4TANL42N1XZ4,4,T,A,N,L,4,2,N,1,X,Z,4,0,T,TOYT,REG,PK,99,17,,1,0,1033,TAC,G,,,4,149,,,,B,2567,00,U,42,0,0,000000000,00000000000,0,0,0,1,0,0,0,0,0,0,0,35,0,0,0,12,12,2,3,8,0,0,0,1,41,97467,6,1,0,0,3,2,76,250,0,0,0,0,0,0,0,0,0,0,74,92,0,0,1,2,35,1,1,8,1,0,0,1,80,1,1,1,13,0,0
4,40113,1,1,1,26,3,2,2,35,0,1,0,4,1,20,481,20481,31,2001,1GCEC14W21Z3,1,G,C,E,C,1,4,W,2,1,Z,3,0,T,CHEV,SC1,PK,1,17,,2,1330,1190,SIL,G,,,6,262,,,,B,4135,00,,42,0,0,000000000,00000000000,0,0,0,1,0,0,0,0,0,0,0,998,0,1,5,12,98,6,2,1,0,0,0,1,4,86426,6,1,0,0,3,0,65,120,0,0,0,0,0,0,0,0,0,9,58,0,0,0,1,2,45,1,3,8,1,0,0,1,9,7,1,4,1,1,1
4,40114,1,1,1,26,3,19,53,42,0,1,0,4,1,19,18,19018,2,2011,1G6DP1ED3B01,1,G,6,D,P,1,E,D,3,B,0,1,0,P,CADI,CPM,CP,11,17,3931,,0,1134,,G,,F,6,220,,,18R235,,,,,,0,0,000000000,00000000000,0,0,0,1,0,0,0,0,0,0,0,999,0,1,5,99,98,6,2,1,0,0,0,1,4,85118,6,1,0,0,3,0,72,222,0,0,0,0,0,0,0,0,0,9,89,0,0,0,1,2,65,1,6,2,1,0,0,1,13,1,1,4,1,1,0
4,40115,1,1,2,27,3,12,9,1,0,1,0,8,1,12,481,12481,31,2004,1FTPX14574NA,1,F,T,P,X,1,4,5,7,4,N,A,1,T,FORD,F15,4C,4,17,,2,1450,1260,COF,G,,,8,330,,,,B,5480,00,U,44,1,0,000000000,00000000000,0,0,0,1,0,0,0,0,0,0,0,998,0,1,1,0,98,6,2,1,0,0,0,1,8,80526,6,1,0,0,3,3,76,230,0,0,0,0,0,0,0,0,0,1,80,0,0,0,2,2,75,1,5,2,1,0,0,1,1,1,4,6,98,1,0
4,40116,1,2,1,28,3,16,25,12,6,1,0,4,2,13,401,13401,14,2003,5LMEU68H73ZJ,5,L,M,E,U,6,8,H,7,3,Z,J,0,P,LINC,AVI,UT,3,17,4834,,0,1137,,G,,F,8,281,,,17R245,,,,,,0,0,000000000,00000000000,0,0,0,1,0,0,0,0,0,0,0,15,0,0,0,82,82,4,3,12,0,0,0,1,4,85255,6,1,0,0,3,3,62,118,0,0,0,0,0,0,0,0,0,0,38,92,0,0,2,2,50,1,1,8,1,3,3,11,15,1,1,2,68,0,0
4,40116,2,2,1,28,3,16,25,12,6,1,0,4,1,37,706,37706,80,2007,1HFSC47L77A6,1,H,F,S,C,4,7,L,7,7,A,6,0,M,HOND,GL8,RS,7,17,,,,,,,1832,,6,,4,860,,,,,,,0,0,000000000,00000000000,0,0,0,1,0,0,0,0,0,0,0,45,0,0,0,12,12,6,2,12,0,0,0,1,4,85266,6,1,0,0,3,0,70,175,0,0,0,0,0,0,0,0,0,0,0,0,0,0,2,2,50,1,1,8,1,3,3,1,62,1,1,1,69,1,0
4,40117,1,1,2,9,2,22,24,8,0,1,0,4,1,58,35,58035,4,1997,JNKCA21D5VT5,J,N,K,C,A,2,1,D,5,V,T,5,0,P,INFI,I30,4D,97,17,2974,,0,1063,,G,,F,6,182,,,15R215,,,,,,0,0,000000000,00000000000,0,0,0,1,0,0,0,0,0,0,0,40,0,0,0,12,12,2,1,8,0,0,0,1,4,85019,6,1,0,0,3,3,72,275,0,0,0,1,0,6,2009,6,2009,0,0,0,0,0,5,4,40,1,1,8,1,0,0,1,80,3,2,1,13,0,0
4,40118,1,2,1,14,2,7,50,12,6,1,0,4,1,35,402,35402,14,2004,5N1ED28YX4C6,5,N,1,E,D,2,8,Y,X,4,C,6,0,P,NISS,XTR,UT,4,17,3924,,0,1043,,G,,F,6,201,,,16R265,,,,,,0,0,000000000,00000000000,0,0,0,1,0,0,0,0,0,0,0,10,0,0,0,5,5,4,1,12,32,0,0,1,4,85713,6,1,0,0,3,0,68,165,0,1,0,1,0,8,2010,9,2010,0,91,0,0,0,1,4,40,1,1,2,1,3,3,11,15,1,1,2,68,0,0
4,40118,2,2,1,14,2,7,50,12,6,1,0,4,2,98,709,98709,88,2004,RFVCPC509410,R,F,V,C,P,C,5,0,9,4,1,0,0,U,,,,4,17,,,,,,,,,,,,,,,,,,,0,0,000000000,00000000000,0,0,0,1,0,0,0,0,0,0,0,35,0,0,0,12,12,6,2,12,0,0,0,1,4,85705,1,1,0,0,2,0,75,210,0,7,0,1,1,6,2008,1,2010,0,0,0,0,0,1,4,40,1,1,2,1,3,3,1,62,1,1,1,69,1,0
4,40119,1,2,1,15,2,17,24,12,6,1,0,4,2,7,482,7482,31,2003,1D7HA18D23S2,1,D,7,H,A,1,8,D,2,3,S,2,0,T,DODG,SQ1,CW,3,17,,2,1605,1405,RPC,G,,,8,345,,,,B,4665,03,E,42,0,0,000000000,00000000000,0,0,0,1,0,0,0,0,0,0,0,12,0,0,0,4,4,2,3,12,0,0,0,1,4,85703,6,1,0,0,3,0,72,145,0,0,0,0,1,1,2009,1,2009,0,38,92,0,0,1,2,25,1,1,2,1,20,3,1,17,1,1,1,87,0,0
4,40119,2,2,1,15,2,17,24,12,6,1,0,4,1,37,706,37706,80,2001,1HFSC410X1A2,1,H,F,S,C,4,1,0,X,1,A,2,0,M,HOND,GLF,RS,1,17,,,,,,,1520,,6,,4,774,,,,,,,0,0,000000000,00000000000,0,0,0,1,0,0,0,0,0,0,0,35,0,0,0,12,12,6,2,12,0,0,0,1,4,85041,6,1,0,0,3,3,67,165,0,0,0,1,0,10,2010,10,2010,0,0,0,0,0,1,2,35,1,1,2,1,0,0,1,66,6,1,1,86,1,0
4,40120,1,1,1,16,2,13,45,8,0,1,1,4,2,34,34,34034,4,2011,WBAPH7G57BNM,W,B,A,P,H,7,G,5,7,B,N,M,0,P,BMW,28I,4D,11,17,3428,,0,1087,,G,,F,6,183,,,16R205,,,,,,0,0,000000000,00000000000,0,0,0,1,0,0,0,0,0,0,0,30,0,0,0,12,12,4,3,8,0,0,0,1,4,85020,6,1,0,0,3,3,71,175,0,0,0,1,0,5,2010,5,2010,1,92,0,0,0,3,2,35,1,1,2,1,3,3,2,82,1,1,1,13,0,1
4,40121,1,1,1,18,2,2,55,31,0,1,0,4,2,22,20,22020,4,2007,2G2WP5524712,2,G,2,W,P,5,5,2,4,7,1,2,0,P,PONT,GRA,4D,7,17,3477,,0,1105,,G,,F,6,232,,,16R225,,,,,,0,0,000000000,00000000000,0,0,0,1,0,0,0,0,0,0,0,999,0,1,5,99,98,6,2,1,0,0,0,1,4,86044,1,1,0,0,2,3,69,240,0,0,0,0,0,0,0,0,0,1,0,0,0,0,1,2,50,3,1,8,1,0,0,14,13,1,1,4,1,1,1
4,40122,1,1,1,18,2,3,8,8,0,1,1,4,9,20,37,20037,4,2000,1G1ND52JXY63,1,G,1,N,D,5,2,J,X,Y,6,3,0,P,CHEV,MAL,4D,0,17,3051,,0,1070,,G,,F,6,191,,,15R215,,,,,,0,0,000000000,00000000000,0,0,0,1,0,0,0,0,0,0,0,42,0,0,0,12,12,4,1,8,0,0,0,1,99,99999,9,9,99,0,9,9,999,999,99,99,99,99,99,99,9999,99,9999,0,0,0,0,0,5,5,40,1,1,2,1,0,0,1,80,1,1,1,13,0,0
4,40123,1,1,2,19,2,1,32,8,0,1,0,4,3,12,443,12443,20,2006,2FMZA52276BA,2,F,M,Z,A,5,2,2,7,6,B,A,0,P,FORD,FRE,SV,6,17,4275,,0,1208,,G,,F,6,256,,,16R235,,,,,,0,0,000000000,00000000000,0,0,0,1,0,0,0,0,0,0,0,35,0,0,0,12,12,6,2,8,0,0,0,1,4,86001,6,1,0,0,3,0,62,170,0,0,0,0,0,0,0,0,0,0,0,0,0,0,5,4,40,1,1,2,2,0,0,1,80,1,1,1,13,0,0
4,40124,1,4,1,19,2,9,37,12,6,1,1,4,3,49,482,49482,31,2007,5TBRT54107S4,5,T,B,R,T,5,4,1,0,7,S,4,1,T,TOYT,DBS,CW,7,17,,2,0,1457,TUN,G,,,8,287,,,,B,5090,00,S,42,1,0,000000000,00000000000,0,0,0,1,0,0,0,0,0,0,0,97,0,0,0,12,98,6,2,12,0,0,0,1,4,73108,0,0,0,0,0,0,72,170,0,1,0,1,0,3,2010,4,2010,1,39,91,0,0,2,3,40,1,1,2,2,3,3,1,17,1,1,1,88,0,0
4,40124,2,4,3,19,2,9,37,12,6,1,0,17,1,37,32,37032,2,1999,1HGCG3259XA0,1,H,G,C,G,3,2,5,9,X,A,0,0,P,HOND,UEX,CP,99,17,3042,,0,1051,,G,,F,4,138,,,15R195,,,,,,0,0,000000000,00000000000,0,0,0,1,0,0,0,0,0,0,0,5,0,0,0,10,98,6,2,12,0,0,0,1,17,61462,6,1,0,0,3,0,67,200,0,0,0,0,0,0,0,0,0,0,0,0,0,0,2,2,40,1,1,2,2,3,3,1,66,1,1,1,89,1,0
4,40124,3,4,1,19,2,9,37,12,6,1,0,4,1,69,54,69054,3,2007,WMWMF33527TL,W,M,W,M,F,3,3,5,2,7,T,L,0,P,MNNI,COO,2H,7,17,2546,,0,971,,G,,F,4,098,,,15R175,,,,,,0,0,000000000,00000000000,0,0,0,1,0,0,0,0,0,0,0,23,0,0,0,63,98,6,2,12,0,0,0,1,4,85050,6,1,0,0,3,3,66,115,0,0,0,0,0,0,0,0,0,0,0,0,0,0,2,2,40,1,1,2,2,3,3,1,66,1,1,1,98,0,0
4,40124,4,4,1,19,2,9,37,12,6,1,0,4,2,37,471,37471,30,2006,2HJYK16456H5,2,H,J,Y,K,1,6,4,5,6,H,5,0,T,HOND,RTS,PK,6,17,,2,0,1220,RID,G,,,6,214,,,,,4494,00,S,44,0,0,000000000,00000000000,0,0,0,1,0,0,0,0,0,0,0,13,0,0,0,61,98,4,3,42,0,0,0,1,4,85022,6,1,0,0,3,0,64,125,0,0,0,0,0,0,0,0,0,0,0,0,0,0,2,2,40,1,1,2,2,3,3,10,66,1,1,3,98,0,0
4,40125,1,1,2,21,2,5,45,99,99,1,9,99,9,99,999,99999,99,9999,999999999999,9,9,9,9,9,9,9,9,9,9,9,9,0,,,,,,,,,,,,,,,,,,,,,,,,,0,0,000000000,00000000000,0,0,0,1,0,0,0,0,0,0,0,999,0,0,0,99,99,9,9,99,0,0,0,1,99,99999,9,9,99,0,9,9,999,999,99,99,99,99,99,99,9999,99,9999,9,99,99,99,99,9,9,99,9,9,9,99,99,9,99,99,99,9,9,99,1,0
4,40126,1,4,1,21,2,9,6,33,0,1,0,4,2,53,705,53705,80,1995,JS1GR7BA9S21,J,S,1,G,R,7,B,A,9,S,2,1,0,M,SUZI,SR7,RC,95,17,,,,,,,749,,4,,4,438,,,,,,,0,0,000000000,00000000000,0,0,0,1,0,0,0,0,0,0,0,52,0,0,0,14,98,6,2,54,0,0,0,1,4,85306,6,1,0,0,3,0,70,240,0,1,0,0,1,1,2010,4,2010,1,0,0,0,0,2,3,40,1,1,2,1,0,0,1,9,1,9,4,7,1,0
4,40126,2,4,1,21,2,9,6,33,0,1,0,4,2,13,1,13001,4,2005,1LNHM81WX5Y6,1,L,N,H,M,8,1,W,X,5,Y,6,0,P,LINC,SIG,4D,5,17,4359,,0,1177,,G,,F,8,281,,,17R225,,,,,,0,0,000000000,00000000000,0,0,0,1,0,0,0,0,0,0,0,5,0,0,0,62,98,4,1,12,0,0,0,1,4,85302,6,1,0,0,3,0,67,145,1,0,0,2,0,1,2009,6,2009,0,0,0,0,0,2,3,40,1,1,2,1,0,0,1,62,4,1,1,98,0,0
4,40126,3,4,2,21,2,9,6,33,0,1,0,4,1,12,481,12481,31,2004,1FTRX12W54NB,1,F,T,R,X,1,2,W,5,4,N,B,0,T,FORD,F15,4C,4,17,,2,1450,1260,COF,G,,,8,281,,,,B,5170,00,U,42,0,0,000000000,00000000000,0,0,0,1,0,0,0,0,0,0,0,17,0,0,0,61,98,4,1,12,0,0,0,1,4,85051,6,1,0,0,3,0,70,196,0,0,0,0,0,0,0,0,0,0,0,0,0,0,2,3,40,1,1,2,1,0,0,1,62,9,1,1,98,0,0
4,40126,4,4,1,21,2,9,6,33,0,1,0,4,2,20,481,20481,31,1999,1GCGK29U2XE1,1,G,C,G,K,2,9,U,2,X,E,1,0,T,CHEV,SK2,3C,99,17,,2,1575,1435,SIL,G,,,8,364,,,,C,00000,00,,44,0,0,000000000,00000000000,0,0,0,1,0,0,0,0,0,0,0,21,0,0,0,12,12,0,1,54,0,0,0,1,4,85345,6,1,0,0,3,0,71,295,0,0,0,0,0,0,0,0,0,0,0,0,0,0,2,3,40,1,1,2,1,0,0,1,98,1,1,1,98,0,0
4,40127,1,2,1,24,2,17,27,12,6,1,0,4,1,63,34,63034,4,2003,KNAGD1261352,K,N,A,G,D,1,2,6,1,3,5,2,0,P,KIA,OLS,4D,3,17,3281,,0,1063,,G,,F,4,144,,,15R205,,,,,,0,0,000000000,00000000000,0,0,0,1,0,0,0,0,0,0,0,10,0,0,0,2,2,6,2,12,0,0,0,1,4,85021,6,1,0,0,3,1,65,188,0,1,0,2,1,3,2009,7,2010,0,38,92,0,0,5,5,40,1,1,2,1,2,3,11,15,1,1,2,68,0,0
4,40127,2,2,2,24,2,17,27,12,6,1,0,4,1,72,706,72706,80,2000,1HD1FRW19YY6,1,H,D,1,F,R,W,1,9,Y,Y,6,0,M,HD,FCI,RS,0,17,,,,,,,1450,,2,,4,710,,,,,,,0,0,000000000,00000000000,0,0,0,1,0,0,0,0,0,0,0,30,0,0,0,12,12,6,2,12,0,0,0,1,4,85029,6,1,0,0,3,3,73,270,0,0,0,0,0,0,0,0,0,0,0,0,0,0,5,5,40,1,1,2,1,2,3,1,62,1,1,1,69,1,0
4,40128,1,3,1,25,2,12,3,12,1,1,0,4,1,21,1,21001,4,1985,1G3GR69A1FR3,1,G,3,G,R,6,9,A,1,F,R,3,0,P,OLDS,CSU,4D,85,17,3108,,0,1081,,G,,2,6,231,,,14R195,,,,,,0,0,000000000,00000000000,0,0,0,1,0,0,0,0,0,0,0,60,0,0,0,12,12,6,2,12,0,0,0,1,4,85029,6,1,0,0,3,0,70,192,0,0,0,0,0,0,0,0,0,1,0,0,0,0,5,5,40,1,1,2,1,0,0,15,11,1,1,2,24,1,0