STATE,ST_CASE,VEH_NO,VE_FORMS,NUMOCCS,DAY,MONTH,HOUR,MINUTE,HARM_EV,MAN_COLL,UNITTYPE,HIT_RUN,REG_STAT,OWNER,MAKE,MODEL,MAK_MOD,BODY_TYP,MOD_YEAR,VIN,VIN_1,VIN_2,VIN_3,VIN_4,VIN_5,VIN_6,VIN_7,VIN_8,VIN_9,VIN_10,VIN_11,VIN_12,TOW_VEH,VINTYPE,VINMAKE,VINA_MOD,VIN_BT,VINMODYR,VIN_LNGT,VIN_WGT,WGTCD_TR,WHLBS_LG,WHLBS_SH,SER_TR,FUELCODE,MCYCL_DS,CARBUR,CYLINDER,DISPLACE,MCYCL_CY,MCYCL_WT,TIRE_SZE,TON_RAT,TRK_WT,TRKWTVAR,VIN_REST,WHLDRWHL,J_KNIFE,MCARR_I1,MCARR_I2,MCARR_ID,GVWR,V_CONFIG,CARGO_BT,HAZ_INV,HAZ_PLAC,HAZ_ID,HAZ_CNO,HAZ_REL,BUS_USE,SPEC_USE,EMER_USE,TRAV_SP,UNDERIDE,ROLLOVER,ROLINLOC,IMPACT1,IMPACT2,DEFORMED,TOWED,M_HARM,VEH_SC1,VEH_SC2,FIRE_EXP,DR_PRES,L_STATE,DR_ZIP,L_STATUS,L_TYPE,CDL_STAT,L_ENDORS,L_COMPL,L_RESTRI,DR_HGT,DR_WGT,PREV_ACC,PREV_SUS,PREV_DWI,PREV_SPD,PREV_OTH,FIRST_MO,FIRST_YR,LAST_MO,LAST_YR,SPEEDREL,DR_SF1,DR_SF2,DR_SF3,DR_SF4,VTRAFWAY,VNUM_LAN,VSPD_LIM,VALIGN,VPROFILE,VPAVETYP,VSURCOND,VTRAFCON,VTCONT_F,P_CRASH1,P_CRASH2,P_CRASH3,PCRASH4,PCRASH5,ACC_TYPE,DEATHS,DR_DRINK
4,40219,1,1,1,13,5,8,55,42,0,1,0,92,0,30,42,30042,1,1995,WVWBC81E5SK0,W,V,W,B,C,8,1,E,5,S,K,0,0,P,VOLK,CBO,CV,95,17,2624,,0,974,,G,,F,4,121,,,14R195,,,,,,0,0,000000000,00000000000,0,0,0,1,0,0,0,0,0,0,0,80,0,1,5,9,98,6,2,42,0,0,0,1,4,85006,6,1,0,0,3,0,61,135,0,0,0,0,0,0,0,0,0,9,80,0,0,0,3,4,65,2,1,2,1,0,0,14,1,1,3,4,2,1,0
4,40220,1,3,1,13,5,10,37,12,6,1,0,4,1,55,36,55036,3,2009,KMHCM36C19U1,K,M,H,C,M,3,6,C,1,9,U,1,0,P,HYUN,AGS,2H,9,17,2467,,0,984,,G,,F,4,098,,,14R175,,,,,,0,0,000000000,00000000000,0,0,0,1,0,0,0,0,0,0,0,999,0,0,0,12,98,6,2,12,0,0,0,1,4,85716,6,1,0,0,3,0,68,170,0,0,0,0,0,0,0,0,0,0,28,0,0,0,1,3,65,1,5,2,1,0,0,1,10,1,1,2,64,1,0
4,40220,2,3,1,13,5,10,37,12,6,1,0,18,3,84,881,84881,66,2006,2HSCDAPN66C2,2,H,S,C,D,A,P,N,6,6,C,2,2,T,INTL,92I,TR,6,17,,7,0,0,920,D,,,6,915,,,,,00000,00,,42,1,57,00121058,5700121058,3,7,1,2,2,1219,3,1,0,0,0,60,0,0,0,63,98,6,2,12,0,0,0,1,4,85257,6,1,6,1,3,3,75,220,0,0,0,0,0,0,0,0,0,0,0,0,0,0,1,3,65,1,6,2,1,0,0,1,62,9,1,2,65,0,0
4,40220,3,3,2,13,5,10,37,12,6,1,0,53,1,35,49,35049,6,2007,JN8AZ08W17W6,J,N,8,A,Z,0,8,W,1,7,W,6,0,P,NISS,MUR,UT,7,17,3855,,0,1112,,G,,F,6,213,,,000000,,,,,,0,0,000000000,00000000000,0,0,0,1,0,0,0,0,0,0,0,60,0,0,0,12,98,6,2,12,0,0,0,1,53,98021,6,1,0,0,3,0,74,210,0,0,0,0,0,0,0,0,0,0,0,0,0,0,1,3,65,1,6,2,1,0,0,1,62,1,1,1,98,0,0
4,40221,1,2,1,14,5,2,50,12,2,1,0,4,2,49,402,49402,14,2001,JTEHH20V4100,J,T,E,H,H,2,0,V,4,1,0,0,0,P,TOYT,RV4,UT,1,17,2943,,0,980,,G,,F,4,122,,,16R215,,,,,,0,0,000000000,00000000000,0,0,0,1,0,0,0,0,0,0,0,65,1,0,0,12,98,6,2,12,0,0,0,1,4,85641,6,1,0,0,3,0,69,160,0,0,0,1,0,4,2011,4,2011,0,51,0,0,0,2,2,75,1,1,2,1,0,0,1,54,6,1,2,50,1,1
4,40221,2,2,1,14,5,2,50,12,2,1,0,48,3,82,881,82881,66,2003,1FUJA6CG63LK,1,F,U,J,A,6,C,G,6,3,L,K,1,T,FRHT,COL,TR,3,17,,8,0,0,CON,D,,,6,774,,,,,00000,00,,64,1,57,2033414,572033414,3,6,1,1,0,0,0,0,0,0,0,70,0,0,0,12,12,6,2,12,0,0,0,1,48,79905,6,1,6,0,3,3,999,999,0,0,0,0,3,6,2009,3,2011,0,0,0,0,0,2,2,75,1,1,2,1,0,0,1,54,7,1,2,51,0,0
4,40222,1,1,1,14,5,15,3,11,0,1,0,4,2,72,706,72706,80,2005,1HD1FCW175Y6,1,H,D,1,F,C,W,1,7,5,Y,6,0,M,HD,FLU,RS,5,17,,,,,,,1450,,2,,4,788,,,,,,,0,0,000000000,00000000000,0,0,0,1,0,0,0,0,0,0,0,20,0,0,0,14,98,6,2,1,0,0,0,1,4,85367,6,1,0,0,3,3,71,140,0,0,0,0,0,0,0,0,0,0,0,0,0,0,1,2,25,1,1,2,1,0,0,1,87,1,1,1,13,1,0
4,40223,1,1,2,14,5,13,17,1,0,1,0,4,1,72,706,72706,80,2002,1HD1BWB1X2Y0,1,H,D,1,B,W,B,1,X,2,Y,0,0,M,HD,FSI,RS,2,17,,,,,,,1450,,2,,4,696,,,,,,,0,0,000000000,00000000000,0,0,0,1,0,0,0,0,0,0,0,60,0,0,0,0,61,6,2,1,0,0,0,1,4,86047,6,1,0,0,2,0,72,200,0,0,0,0,0,0,0,0,0,1,84,0,0,0,3,7,65,1,1,2,1,0,0,1,18,3,2,4,2,1,0
4,40224,1,1,1,14,5,15,31,52,0,1,0,4,1,72,706,72706,80,2003,1HD1CGP4X3K4,1,H,D,1,C,G,P,4,X,3,K,4,0,M,HD,20A,RS,3,17,,,,,,,1200,,2,,4,491,,,,,,,0,0,000000000,00000000000,0,0,0,1,0,0,0,0,0,0,0,50,0,0,0,12,98,4,3,52,0,0,0,1,4,85501,6,1,0,0,2,0,65,160,0,0,0,0,0,0,0,0,0,1,99,99,99,99,1,3,50,3,5,2,1,40,3,14,11,1,1,4,1,1,1
4,40225,1,1,1,14,5,18,31,33,0,1,0,4,1,37,706,37706,80,2010,1HFSC47G0AA9,1,H,F,S,C,4,7,G,0,A,A,9,0,M,HOND,GL8,RS,10,17,,,,,,,1832,,6,,4,895,,,,,,,0,0,000000000,00000000000,0,0,0,1,0,0,0,0,0,0,0,15,0,0,0,14,98,6,2,5,0,0,0,1,4,85653,6,1,0,0,3,3,70,250,0,0,0,0,0,0,0,0,0,9,99,99,99,99,2,2,35,1,1,8,1,0,0,15,9,1,9,4,7,1,0
4,40226,1,1,4,15,5,13,7,1,0,1,0,4,2,12,401,12401,14,1995,1FMDU34X7SUA,1,F,M,D,U,3,4,X,7,S,U,A,0,P,FORD,EPR,UT,95,17,4053,,0,1115,,G,,F,6,245,,,15R225,,,,,,0,0,000000000,00000000000,0,0,0,1,0,0,0,0,0,0,0,998,0,1,3,0,98,6,2,1,0,0,0,1,4,85031,6,1,0,0,3,0,62,130,0,0,0,0,0,0,0,0,0,0,80,58,0,0,2,2,75,1,1,2,1,0,0,1,1,6,9,4,7,2,0
4,40227,1,1,1,16,5,3,4,25,0,1,0,4,2,20,16,20016,2,2000,1G1JC1243Y71,1,G,1,J,C,1,2,4,3,Y,7,1,0,P,CHEV,CAV,CP,0,17,2617,,0,1041,,G,,F,4,133,,,14R195,,,,,,0,0,000000000,00000000000,0,0,0,1,0,0,0,0,0,0,0,55,0,0,0,12,12,6,2,25,0,0,0,1,4,85203,6,1,0,0,3,0,68,200,0,1,0,0,0,9,2008,9,2008,1,51,0,0,0,2,2,55,1,1,1,1,0,0,1,14,1,1,4,14,1,1
4,40228,1,2,1,18,5,17,52,12,2,1,0,4,3,34,34,34034,1,2011,WBADW3C50BE5,W,B,A,D,W,3,C,5,0,B,E,5,0,P,BMW,28I,CV,11,17,3891,,0,1087,,G,,F,6,183,,,17R225,,,,,,0,0,000000000,00000000000,0,0,0,1,0,0,0,0,0,0,0,65,3,0,0,12,98,6,2,12,0,0,1,1,4,85255,6,1,0,0,3,0,71,230,0,1,0,1,0,5,2009,6,2009,0,28,0,0,0,1,2,65,1,5,2,1,0,0,99,10,1,1,2,50,1,1
4,40228,2,2,1,18,5,17,52,12,2,1,0,17,3,82,881,82881,66,1995,1FUYBCXBXSL6,1,F,U,Y,B,C,X,B,X,S,L,6,1,T,FRHT,FLB,TR,95,17,,8,0,0,COE,D,,,6,677,,,,,00000,00,,64,3,57,773524,57773524,3,6,1,1,0,0,0,0,0,0,0,65,0,0,0,12,98,6,2,12,0,0,1,1,4,85033,6,1,6,0,3,0,67,235,0,0,0,0,1,7,2008,7,2008,0,0,0,0,0,1,2,65,1,6,2,1,0,0,1,60,9,1,3,51,0,0
4,40229,1,1,2,18,5,18,59,9,0,1,0,4,2,34,35,34035,4,2002,WBADT43482GY,W,B,A,D,T,4,3,4,8,2,G,Y,0,P,BMW,A52,4D,2,17,3505,,0,1114,,G,,F,6,152,,,16R225,,,,,,0,0,000000000,00000000000,0,0,0,1,0,0,0,0,0,0,0,45,0,0,0,12,12,6,2,9,0,0,0,1,4,85204,6,1,0,0,3,0,70,135,0,0,0,0,0,0,0,0,0,0,0,0,0,0,2,3,45,1,1,2,1,0,0,1,83,1,1,1,13,0,0
4,40230,1,1,4,19,5,1,27,1,0,1,0,8,1,38,402,38402,14,1995,4S2CY58V4S43,4,S,2,C,Y,5,8,V,4,S,4,3,0,P,ISU,ROD,UT,95,17,4050,,0,1087,,G,,F,6,195,,,15R225,,,,,,0,0,000000000,00000000000,0,0,0,1,0,0,0,0,0,0,0,65,0,1,3,0,98,6,2,1,0,0,0,1,4,85027,6,1,0,0,3,3,61,125,0,0,0,0,0,0,0,0,0,1,87,0,0,0,2,2,65,2,1,2,4,40,3,14,5,1,9,4,7,1,0
4,40231,1,1,1,19,5,10,46,41,0,1,0,4,1,49,401,49401,14,1998,JT3GM84R7W00,J,T,3,G,M,8,4,R,7,W,0,0,0,P,TOYT,RUN,UT,98,17,3440,,0,1053,,G,,F,4,164,,,15R225,,,,,,0,0,000000000,00000000000,0,0,0,1,0,0,0,0,0,0,0,50,0,1,5,6,98,6,2,1,32,0,0,1,4,85193,6,1,0,0,3,3,64,170,0,0,0,0,0,0,0,0,0,0,99,99,99,99,1,2,50,1,1,2,1,0,0,1,9,1,3,4,2,1,0
4,40232,1,2,1,22,5,10,3,12,6,1,0,4,1,63,33,63033,4,2006,KNAFE1228652,K,N,A,F,E,1,2,2,8,6,5,2,0,P,KIA,SLE,4D,6,17,2701,,0,1028,,G,,F,4,122,,,15R195,,,,,,0,0,000000000,00000000000,0,0,0,1,0,0,0,0,0,0,0,999,0,0,0,81,98,6,2,12,32,0,0,1,4,85716,6,1,0,0,3,3,67,138,0,0,0,0,1,9,2009,9,2009,0,38,92,0,0,1,4,30,1,1,8,1,0,0,11,15,1,1,2,68,0,0
4,40232,2,2,1,22,5,10,3,12,6,1,0,4,1,72,706,72706,80,2007,1HD1KB41X7Y6,1,H,D,1,K,B,4,1,X,7,Y,6,0,M,HD,FHX,RS,7,17,,,,,,,1584,,2,,4,733,,,,,,,0,0,000000000,00000000000,0,0,0,1,0,0,0,0,0,0,0,999,0,0,0,12,12,6,2,12,0,0,0,1,4,85711,6,1,0,0,3,0,68,195,0,0,0,0,0,0,0,0,0,0,0,0,0,0,1,4,30,1,1,8,1,0,0,1,62,1,1,1,69,1,0
4,40233,1,2,1,23,5,14,34,12,6,1,0,4,1,12,17,12017,4,1998,1FAFP52U7WG2,1,F,A,F,P,5,2,U,7,W,G,2,0,P,FORD,TLS,4D,98,17,3359,,0,1085,,G,,F,6,182,,,15R205,,,,,,0,0,000000000,00000000000,0,0,0,1,0,0,0,0,0,0,0,35,0,0,0,12,98,6,2,12,0,0,0,1,4,85204,6,1,0,0,3,3,67,170,0,0,0,0,0,0,0,0,0,0,39,0,0,0,1,3,35,1,1,8,1,3,3,1,17,1,1,1,88,0,1
4,40233,2,2,2,23,5,14,34,12,6,1,0,4,2,12,401,12401,14,1997,1FMDU34E9VUA,1,F,M,D,U,3,4,E,9,V,U,A,0,P,FORD,EPR,UT,97,17,4166,,0,1115,,G,,F,6,245,,,15R225,,,,,,0,0,000000000,00000000000,0,0,0,1,0,0,0,0,0,0,0,45,0,0,0,61,98,6,2,12,0,0,0,1,4,85014,6,1,0,0,3,3,65,180,0,0,0,0,0,0,0,0,0,0,0,0,0,0,2,3,45,1,1,8,1,3,3,1,66,1,1,1,89,1,0
4,40234,1,1,1,26,5,8,40,1,0,1,0,4,1,20,481,20481,31,2004,1GCEK14X54Z1,1,G,C,E,K,1,4,X,5,4,Z,1,0,T,CHEV,SK1,PK,4,17,,2,1330,1190,SIL,G,,,6,262,,,,B,4436,00,,44,0,0,000000000,00000000000,0,0,0,1,0,0,0,0,0,0,0,80,0,1,1,0,98,6,2,1,0,0,0,1,4,85501,6,1,0,0,3,0,65,155,0,0,0,1,0,2,2011,2,2011,0,0,0,0,0,2,2,65,2,5,2,1,0,0,14,9,1,1,6,98,1,0
4,40235,1,4,1,26,5,17,25,12,1,1,0,6,3,82,881,82881,66,2005,1FUJA6AV45LU,1,F,U,J,A,6,A,V,4,5,L,U,2,T,FRHT,COL,TR,5,17,,8,0,0,CON,D,,,6,893,,,,,00000,00,,64,3,57,01725083,5701725083,3,7,1,1,0,0,0,0,0,0,0,1,0,0,0,12,12,6,2,12,0,0,0,1,4,85351,6,1,6,0,3,0,74,255,0,0,0,0,0,0,0,0,0,1,26,0,0,0,1,2,65,1,1,2,1,0,0,2,51,4,1,1,24,0,0
4,40235,2,4,4,26,5,17,25,12,1,1,0,4,3,12,481,12481,31,2008,1FTSX20R58EA,1,F,T,S,X,2,0,R,5,8,E,A,0,T,FORD,F2S,4C,8,17,,2,1580,1420,SRW,D,,,8,390,,,,C,5887,04,U,42,0,0,000000000,00000000000,0,0,0,1,0,0,0,0,0,0,0,1,0,0,0,6,98,6,2,12,0,0,0,1,41,97086,6,1,0,0,3,0,69,270,2,0,0,1,0,3,2010,11,2010,0,0,0,0,0,1,2,65,1,1,2,1,0,0,2,53,1,1,1,25,0,0
4,40235,3,4,1,26,5,17,25,12,1,1,0,4,1,14,36,14036,4,1994,3MARM10J0RR6,3,M,A,R,M,1,0,J,0,R,R,6,0,P,MERC,TTO,4D,94,17,2393,,0,984,,G,,F,4,114,,,14R175,,,,,,0,0,000000000,00000000000,0,0,0,1,0,0,0,0,0,0,0,1,0,0,0,6,98,6,2,12,0,0,0,1,4,85390,6,1,0,0,3,0,67,150,0,0,0,0,0,0,0,0,0,0,0,0,0,0,1,2,65,1,1,2,1,0,0,11,53,1,1,1,98,1,0
4,40235,4,4,1,26,5,17,25,12,1,1,0,4,3,87,881,87881,66,2009,1XPHD49X49D7,1,X,P,H,D,4,9,X,4,9,D,7,1,T,PTRB,386,TR,9,17,,8,0,0,CON,D,,,6,915,,,,,00000,00,,64,1,57,01444939,5701444939,3,6,4,2,2,3077,9,1,0,0,0,1,7,0,0,12,98,8,3,12,0,0,0,1,4,85345,6,1,6,1,3,0,69,240,0,0,0,0,2,8,2009,2,2011,0,0,0,0,0,1,2,65,1,1,2,1,0,0,2,62,9,1,3,98,0,0
4,40236,1,1,1,28,5,18,0,15,0,1,0,4,2,7,20,7020,4,2000,1B3ES46C2YD5,1,B,3,E,S,4,6,C,2,Y,D,5,0,P,DODG,NSE,4D,0,17,2515,,0,1050,,G,,F,4,122,,,14R185,,,,,,0,0,000000000,00000000000,0,0,0,1,0,0,0,0,0,0,0,35,0,0,0,12,98,2,3,15,0,0,0,1,4,85222,6,1,0,0,3,0,65,190,0,0,0,0,0,0,0,0,0,0,38,0,0,0,5,4,35,1,1,2,1,0,0,1,80,7,1,3,13,0,0
4,40237,1,1,3,28,5,23,37,1,0,1,0,4,2,20,403,20403,14,2003,1GNDS13S8323,1,G,N,D,S,1,3,S,8,3,2,3,0,P,CHEV,TRL,UT,3,17,4417,,0,1130,,G,,F,6,256,,,16R245,,,,,,0,0,000000000,00000000000,0,0,0,1,0,0,0,0,0,0,0,998,0,1,5,0,98,6,2,1,0,0,0,1,4,85043,6,1,0,0,3,3,66,165,0,0,0,0,0,0,0,0,0,1,0,0,0,0,1,2,98,1,1,5,1,0,0,1,9,1,3,4,2,2,0
4,40238,1,1,1,30,5,11,6,41,0,1,0,48,1,37,31,37031,2,2007,2HGFG11817H5,2,H,G,F,G,1,1,8,1,7,H,5,0,P,HOND,UAX,CP,7,17,2698,,0,1043,,G,,F,4,110,,,16R205,,,,,,0,0,000000000,00000000000,0,0,0,1,0,0,0,0,0,0,0,55,0,9,6,12,98,6,2,1,0,0,0,1,4,86001,6,1,0,0,3,0,72,220,1,0,0,0,1,2,2009,2,2009,9,99,99,99,99,1,2,55,3,6,2,1,0,0,14,13,1,1,4,1,1,0
4,40239,1,2,0,30,5,16,59,8,0,1,0,4,6,6,43,6043,4,2008,1C3LC46K48N2,1,C,3,L,C,4,6,K,4,8,N,2,0,P,CHRY,SLX,4D,8,17,3313,,0,1089,,G,,F,4,146,,,16R215,,,,,,0,0,000000000,00000000000,0,0,0,1,0,0,0,0,0,0,0,998,0,0,0,6,6,2,3,8,0,0,0,0,0,99997,7,6,97,7,6,7,998,997,998,998,998,998,998,98,9998,98,9998,8,20,0,0,0,0,0,0,0,0,0,0,0,0,0,81,0,0,0,92,0,0
4,40239,2,2,1,30,5,16,59,8,0,1,0,4,2,20,2,20002,4,2008,2G1WB58N0891,2,G,1,W,B,5,8,N,0,8,9,1,0,P,CHEV,IPL,4D,8,17,3555,,0,1105,,G,,F,6,214,,,16R225,,,,,,0,0,000000000,00000000000,0,0,0,1,0,0,0,0,0,0,0,0,0,0,0,12,12,2,1,12,0,0,0,1,4,85714,6,1,0,0,3,3,70,210,0,0,0,0,0,0,0,0,0,0,0,0,0,0,1,2,25,1,1,8,1,0,0,5,73,2,1,1,98,0,0
4,40240,1,1,1,31,5,12,34,1,0,1,0,4,2,12,481,12481,31,1998,2FTPX28L3WCB,2,F,T,P,X,2,8,L,3,W,C,B,0,T,FORD,F25,3C,98,17,,2,0,1390,COF,G,,,8,330,,,,C,4364,00,E,44,0,0,000000000,00000000000,0,0,0,1,0,0,0,0,0,0,0,998,0,1,3,0,98,6,2,1,0,0,0,1,4,85730,1,1,0,0,2,0,68,165,0,0,0,0,0,0,0,0,0,0,80,0,0,0,2,2,75,1,1,2,1,0,0,1,1,1,4,4,7,1,0
4,40241,1,2,1,25,5,5,29,12,2,1,0,4,2,37,32,37032,4,2000,1HGCG5642YA0,1,H,G,C,G,5,6,4,2,Y,A,0,0,P,HOND,ULX,4D,0,17,3053,,0,1069,,G,,F,4,138,,,15R195,,,,,,0,0,000000000,00000000000,0,0,0,1,0,0,0,0,0,0,0,998,0,0,0,12,98,6,2,12,0,0,0,1,4,85345,6,1,0,0,3,0,73,250,1,0,0,0,1,1,2009,5,2010,0,28,0,0,0,2,8,40,1,1,8,1,0,0,1,10,1,1,2,50,1,0
4,40241,2,2,2,25,5,5,29,12,2,1,0,4,3,7,482,7482,31,2001,1B7HC16X31S2,1,B,7,H,C,1,6,X,3,1,S,2,0,T,DODG,150,PK,1,17,,2,1347,1187,RPC,G,,,6,239,,,,B,4010,02,U,42,0,0,000000000,00000000000,0,0,0,1,0,0,0,0,0,0,0,998,0,0,0,12,98,6,2,12,0,0,0,1,4,85041,6,1,0,0,3,0,68,180,0,0,0,0,0,0,0,0,0,0,0,0,0,0,2,8,40,1,1,8,1,0,0,1,62,1,1,1,51,0,0
4,40242,1,2,2,5,5,10,36,12,6,1,0,4,1,7,41,7041,4,2000,2B3HD46R3YH2,2,B,3,H,D,4,6,R,3,Y,H,2,0,P,DODG,INT,4D,0,17,3385,,0,1130,,G,,F,6,167,,,16R225,,,,,,0,0,000000000,00000000000,0,0,0,1,0,0,0,0,0,0,0,60,0,0,0,62,62,4,3,12,0,0,0,1,4,85222,6,1,0,0,3,0,67,150,0,0,0,0,0,0,0,0,0,0,92,0,0,0,2,2,45,1,1,2,1,3,3,1,62,1,1,1,69,0,0
4,40242,2,2,1,5,5,10,36,12,6,1,0,55,1,37,701,37701,88,2008,JH2AF60088K6,J,H,2,A,F,6,0,0,8,8,K,6,0,M,HOND,HF5,MS,8,17,,,,,,,49,,1,,4,179,,,,,,,0,0,000000000,00000000000,0,0,0,1,0,0,0,0,0,0,0,15,0,0,0,12,12,6,2,12,0,0,0,1,55,54002,6,1,0,0,3,3,62,185,0,0,0,0,0,0,0,0,0,0,0,0,0,0,2,2,45,1,1,2,1,3,3,11,15,1,1,2,68,1,0
4,40243,1,2,1,12,5,14,36,12,2,1,0,4,1,37,32,37032,4,2001,1HGCG16521A0,1,H,G,C,G,1,6,5,2,1,A,0,0,P,HOND,UEX,4D,1,17,3329,,0,1069,,G,,F,6,183,,,15R205,,,,,,0,0,000000000,00000000000,0,0,0,1,0,0,0,0,0,0,0,10,0,0,0,12,98,6,2,12,32,0,0,1,4,85375,6,1,0,0,3,3,70,210,0,0,0,0,0,0,0,0,0,0,92,0,0,0,2,3,45,1,1,8,1,3,3,11,15,1,1,3,68,0,0
4,40243,2,2,2,12,5,14,36,12,2,1,0,4,1,6,43,6043,1,2006,1C3EL65R16N2,1,C,3,E,L,6,5,R,1,6,N,2,0,P,CHRY,SLT,CV,6,17,3322,,0,1060,,G,,F,6,165,,,15R205,,,,,,0,0,000000000,00000000000,0,0,0,1,0,0,0,0,0,0,0,45,0,0,0,12,98,6,2,12,0,0,0,1,4,85361,6,1,0,0,3,3,62,135,0,0,0,0,0,0,0,0,0,0,0,0,0,0,2,3,45,1,1,8,1,3,3,1,62,1,1,1,69,1,0
4,40245,1,2,1,14,5,19,16,9,0,1,0,4,2,35,401,35401,14,1991,JN8HD17S5MW0,J,N,8,H,D,1,7,S,5,M,W,0,0,P,NISS,PFI,UT,91,17,3582,,0,1043,,G,,F,6,181,,,000000,,,,,,0,0,000000000,00000000000,0,0,0,1,0,0,0,0,0,0,0,34,0,0,0,12,12,4,1,9,0,0,0,1,4,85022,6,1,0,0,3,0,63,115,0,0,0,0,0,0,0,0,0,0,0,0,0,0,5,5,35,1,5,2,1,0,0,1,83,1,1,1,13,0,0
4,40245,2,2,3,14,5,19,16,9,0,1,0,4,1,12,402,12402,14,2005,1FMCU93145KA,1,F,M,C,U,9,3,1,4,5,K,A,0,P,FORD,SPE,UT,5,17,3464,,0,1031,,G,,F,6,183,,,16R235,,,,,,0,0,000000000,00000000000,0,0,0,1,0,0,0,0,0,0,0,26,0,0,0,14,14,0,1,9,0,0,0,1,4,85024,6,1,0,0,3,0,68,145,0,0,0,0,0,0,0,0,0,0,0,0,0,0,5,5,35,1,5,2,1,0,0,1,98,1,1,1,98,0,0
4,40246,1,1,1,2,4,0,49,8,0,1,0,4,1,30,46,30046,4,2003,WVWMD63B13P3,W,V,W,M,D,6,3,B,1,3,P,3,0,P,VOLK,PGL,4D,3,17,3126,,0,1064,,G,,T,4,109,,,15R195,,,,,,0,0,000000000,00000000000,0,0,0,1,0,0,0,0,0,0,0,36,0,0,0,12,12,4,3,8,0,0,0,1,4,85020,6,1,0,0,3,0,66,160,0,0,0,1,0,4,2008,4,2008,0,0,0,0,0,5,5,35,1,1,8,1,0,0,1,80,1,1,1,13,0,1
4,40247,1,2,1,8,4,23,43,12,1,1,0,4,1,14,17,14017,6,2004,1MEFM58U64A6,1,M,E,F,M,5,8,U,6,4,A,6,0,P,MERC,SGS,SW,4,17,3514,,0,1085,,G,,F,6,182,,,16R215,,,,,,0,0,000000000,00000000000,0,0,0,1,0,0,0,0,0,0,0,65,0,0,0,6,98,6,2,12,0,0,0,1,4,85284,6,1,0,0,3,0,71,220,0,0,0,0,0,0,0,0,0,0,0,0,0,0,3,5,65,1,1,2,1,0,0,1,53,1,1,1,25,1,0
4,40247,2,2,1,8,4,23,43,12,1,1,1,99,9,99,999,99999,99,9999,999999999999,9,9,9,9,9,9,9,9,9,9,9,9,0,,,,,,,,,,,,,,,,,,,,,,,,,0,0,000000000,00000000000,0,0,0,1,0,0,0,0,0,0,0,80,0,0,0,12,98,9,1,12,0,0,0,1,99,99999,9,9,99,9,9,9,999,999,99,99,99,99,99,99,9999,99,9999,9,99,99,99,99,3,5,65,1,1,2,1,0,0,6,51,99,9,9,24,0,0
4,40248,1,2,1,6,4,14,6,12,1,1,0,4,2,22,20,22020,4,1999,1G2WJ52M4XF2,1,G,2,W,J,5,2,M,4,X,F,2,0,P,PONT,GFS,4D,99,17,3414,,0,1105,,G,,F,6,191,,,15R205,,,,,,0,0,000000000,00000000000,0,0,0,1,0,0,0,0,0,0,0,90,1,0,0,12,98,6,2,12,0,0,0,1,4,85248,1,1,0,0,2,0,72,155,0,1,0,0,2,12,2008,6,2010,1,27,0,0,0,3,7,65,1,1,2,1,0,0,99,51,1,1,3,24,1,0
4,40248,2,2,1,6,4,14,6,12,1,1,0,27,3,84,881,84881,66,2004,1HSHVADR74J0,1,H,S,H,V,A,D,R,7,4,J,0,1,T,INTL,850,TR,4,17,,8,0,0,80S,D,,,6,530,,,,,00000,00,,64,1,57,00076235,5700076235,3,6,3,1,0,0,0,0,0,0,0,55,0,0,0,6,6,6,2,12,0,0,0,1,4,85202,6,1,6,0,3,0,71,200,0,0,0,0,0,0,0,0,0,0,0,0,0,0,3,7,65,1,1,2,1,0,0,1,53,1,1,1,25,0,0
4,40249,1,1,2,12,2,20,20,8,0,1,0,4,2,20,481,20481,31,1992,2GCEK19K5N11,2,G,C,E,K,1,9,K,5,N,1,1,0,T,CHEV,GK1,PC,92,17,,2,1555,1415,GM4,G,,,8,350,,,,B,4303,02,,44,0,0,000000000,00000000000,0,0,0,1,0,0,0,0,0,0,0,45,0,0,0,12,12,4,1,8,0,0,0,1,4,86503,6,1,0,0,3,3,69,179,0,0,0,0,0,0,0,0,0,0,0,0,0,0,1,2,98,9,9,2,1,0,0,1,80,1,1,1,13,0,0
4,40250,1,1,2,22,2,14,17,45,0,1,0,4,2,12,16,12016,4,1998,2FAFP71W7WX1,2,F,A,F,P,7,1,W,7,W,X,1,0,P,FORD,CVP,4D,98,17,0,,0,1144,,G,,F,8,281,,,16R225,,,,,,0,0,000000000,00000000000,0,0,0,1,0,0,0,0,0,0,0,45,0,0,0,12,12,6,2,45,0,0,0,1,4,85221,0,0,0,0,0,0,64,170,0,0,0,0,0,0,0,0,0,1,99,99,99,99,1,2,45,1,1,5,1,40,3,1,11,1,1,3,12,1,1
4,40251,1,1,2,14,3,19,15,99,99,1,9,99,9,99,999,99999,99,9999,999999999999,9,9,9,9,9,9,9,9,9,9,9,9,0,,,,,,,,,,,,,,,,,,,,,,,,,0,0,000000000,00000000000,0,0,0,1,0,0,0,0,0,0,0,999,0,0,0,99,99,9,9,99,0,0,0,1,99,99999,9,9,99,0,9,9,999,999,99,99,99,99,99,99,9999,99,9999,9,99,99,99,99,9,9,99,9,9,9,99,99,9,99,99,99,9,9,99,1,0
4,40252,1,2,1,23,3,15,51,12,7,1,0,38,3,72,706,72706,80,2005,1HD1JDB195Y0,1,H,D,1,J,D,B,1,9,5,Y,0,0,M,HD,FTN,RS,5,17,,,,,,,1450,,2,,4,676,,,,,,,0,0,000000000,00000000000,0,0,0,1,0,0,0,0,0,0,0,35,0,0,0,81,98,6,2,5,0,0,0,1,38,58078,6,1,0,0,3,0,64,135,0,0,0,0,0,0,0,0,0,0,33,28,0,0,1,2,35,3,1,8,1,0,0,6,11,1,1,2,46,1,0