STATE,ST_CASE,VEH_NO,VE_FORMS,NUMOCCS,DAY,MONTH,HOUR,MINUTE,HARM_EV,MAN_COLL,UNITTYPE,HIT_RUN,REG_STAT,OWNER,MAKE,MODEL,MAK_MOD,BODY_TYP,MOD_YEAR,VIN,VIN_1,VIN_2,VIN_3,VIN_4,VIN_5,VIN_6,VIN_7,VIN_8,VIN_9,VIN_10,VIN_11,VIN_12,TOW_VEH,VINTYPE,VINMAKE,VINA_MOD,VIN_BT,VINMODYR,VIN_LNGT,VIN_WGT,WGTCD_TR,WHLBS_LG,WHLBS_SH,SER_TR,FUELCODE,MCYCL_DS,CARBUR,CYLINDER,DISPLACE,MCYCL_CY,MCYCL_WT,TIRE_SZE,TON_RAT,TRK_WT,TRKWTVAR,VIN_REST,WHLDRWHL,J_KNIFE,MCARR_I1,MCARR_I2,MCARR_ID,GVWR,V_CONFIG,CARGO_BT,HAZ_INV,HAZ_PLAC,HAZ_ID,HAZ_CNO,HAZ_REL,BUS_USE,SPEC_USE,EMER_USE,TRAV_SP,UNDERIDE,ROLLOVER,ROLINLOC,IMPACT1,IMPACT2,DEFORMED,TOWED,M_HARM,VEH_SC1,VEH_SC2,FIRE_EXP,DR_PRES,L_STATE,DR_ZIP,L_STATUS,L_TYPE,CDL_STAT,L_ENDORS,L_COMPL,L_RESTRI,DR_HGT,DR_WGT,PREV_ACC,PREV_SUS,PREV_DWI,PREV_SPD,PREV_OTH,FIRST_MO,FIRST_YR,LAST_MO,LAST_YR,SPEEDREL,DR_SF1,DR_SF2,DR_SF3,DR_SF4,VTRAFWAY,VNUM_LAN,VSPD_LIM,VALIGN,VPROFILE,VPAVETYP,VSURCOND,VTRAFCON,VTCONT_F,P_CRASH1,P_CRASH2,P_CRASH3,PCRASH4,PCRASH5,ACC_TYPE,DEATHS,DR_DRINK
4,40252,2,2,2,23,3,15,51,12,7,1,0,4,3,87,881,87881,66,2006,1XP5DB9X86D6,1,X,P,5,D,B,9,X,8,6,D,6,1,T,PTRB,379,TR,6,17,,8,0,0,CON,D,,,6,893,,,,,00000,00,,64,1,57,1874254,571874254,3,6,8,1,0,0,0,0,0,0,0,35,0,0,0,61,98,2,1,54,0,0,0,1,4,85298,6,1,6,0,3,0,68,155,0,0,0,0,0,0,0,0,0,0,0,0,0,0,1,2,35,3,1,8,1,0,0,14,60,1,1,1,45,0,0
4,40253,1,1,1,4,4,10,19,1,0,1,0,54,1,49,40,49040,4,1999,4T1BG22K8XU4,4,T,1,B,G,2,2,K,8,X,U,4,0,P,TOYT,UEX,4D,99,17,2998,,0,1051,,G,,F,4,132,,,14R195,,,,,,0,0,000000000,00000000000,0,0,0,1,0,0,0,0,0,0,0,75,0,1,3,0,98,6,2,1,0,0,0,1,54,26143,6,1,0,0,3,3,67,162,0,0,0,0,0,0,0,0,0,1,58,0,0,0,2,2,75,2,1,2,1,0,0,14,6,1,9,4,7,1,0
4,40254,1,1,1,20,4,17,14,1,0,1,0,4,1,55,36,55036,4,2004,KMHCG45C84U5,K,M,H,C,G,4,5,C,8,4,U,5,0,P,HYUN,AGL,4D,4,17,2290,,0,961,,G,,F,4,098,,,13R175,,,,,,0,0,000000000,00000000000,0,0,0,1,0,0,0,0,0,0,0,998,0,1,5,0,98,6,2,1,0,0,0,1,4,86336,6,1,0,0,3,0,67,175,0,0,0,0,0,0,0,0,0,0,99,99,99,99,3,2,65,2,6,2,1,0,0,14,9,6,4,4,2,1,0
4,40255,1,1,2,6,4,14,27,42,0,1,0,4,2,20,2,20002,4,2002,2G1WH55K7292,2,G,1,W,H,5,5,K,7,2,9,2,0,P,CHEV,IPL,4D,2,17,3466,,0,1105,,G,,F,6,231,,,16R225,,,,,,0,0,000000000,00000000000,0,0,0,1,0,0,0,0,0,0,0,72,0,1,9,8,13,6,2,42,0,0,0,1,4,85935,6,1,0,0,3,0,71,150,0,0,0,0,0,0,0,0,0,1,58,0,0,0,1,2,25,2,6,8,2,40,3,14,6,1,4,4,7,1,1
4,40256,1,2,1,18,4,13,7,12,6,1,0,4,1,76,998,76998,97,1993,JG5205606,J,G,5,2,0,5,6,0,6,,,,0,M,YAMA,,,93,9,,,,,,,,,,,,,,,,,,,0,0,000000000,00000000000,0,0,0,1,0,0,0,0,0,0,0,25,0,1,1,12,98,6,2,1,0,0,0,1,26,48843,6,1,0,0,3,3,70,200,0,0,0,0,0,0,0,0,0,0,38,0,0,0,1,2,25,1,1,2,1,0,0,1,17,1,1,1,88,1,0
4,40256,2,2,1,18,4,13,7,12,6,1,1,99,9,99,999,99999,99,9999,999999999999,9,9,9,9,9,9,9,9,9,9,9,9,0,,,,,,,,,,,,,,,,,,,,,,,,,0,0,000000000,00000000000,0,0,0,1,0,0,0,0,0,0,0,998,0,0,0,62,98,9,1,12,0,0,0,1,99,99999,9,9,99,0,9,9,999,999,99,99,99,99,99,99,9999,99,9999,9,99,99,99,99,1,2,25,1,1,2,1,0,0,1,66,1,1,1,89,0,0
4,40257,1,1,1,21,4,8,42,3,0,1,0,4,2,20,2,20002,4,2005,2G1WF52E4593,2,G,1,W,F,5,2,E,4,5,9,3,0,P,CHEV,IMP,4D,5,17,3389,,0,1105,,G,,F,6,207,,,16R225,,,,,,0,0,000000000,00000000000,0,0,0,1,0,0,0,0,0,0,0,998,0,0,0,0,98,6,2,3,0,0,0,1,4,86440,0,0,0,0,0,0,68,135,0,0,0,0,0,0,0,0,0,0,12,0,0,0,1,2,99,1,9,2,99,99,9,1,98,1,1,4,0,1,0
4,40258,1,1,3,21,4,13,5,35,0,1,0,4,2,20,481,20481,31,1992,2GCEK19H1N12,2,G,C,E,K,1,9,H,1,N,1,2,0,T,CHEV,GK1,PC,92,17,,2,1555,1415,GM4,G,,,8,305,,,,B,4303,02,,44,0,0,000000000,00000000000,0,0,0,1,0,0,0,0,0,0,0,55,0,1,5,99,98,6,2,1,0,0,0,1,35,87114,6,1,0,0,3,0,69,185,98,0,0,0,0,0,0,0,0,1,0,0,0,0,1,2,99,3,6,5,1,0,0,14,13,1,1,4,1,1,1
4,40259,1,2,2,21,4,22,16,12,6,1,0,4,4,63,34,63034,4,2010,KNAGG4A8XA53,K,N,A,G,G,4,A,8,X,A,5,3,0,P,KIA,OLX,4D,10,17,3157,,0,1071,,G,,F,4,144,,,16R205,,,,,,0,0,000000000,00000000000,0,0,0,1,0,0,0,0,0,0,0,16,0,0,0,3,3,6,2,12,0,0,0,1,48,77084,6,1,0,0,3,0,66,999,0,0,0,0,0,0,0,0,0,0,38,0,0,0,5,5,35,1,1,2,1,2,3,11,15,1,1,1,68,1,0
4,40259,2,2,1,21,4,22,16,12,6,1,0,4,2,19,21,19021,4,2005,1G6DC67A1501,1,G,6,D,C,6,7,A,1,5,0,1,0,P,CADI,CST,4D,5,17,4026,,0,1164,,G,,F,8,281,,,16R225,,,,,,0,0,000000000,00000000000,0,0,0,1,0,0,0,0,0,0,0,46,0,0,0,12,12,6,2,12,0,0,0,1,4,85014,0,0,0,0,0,0,66,182,0,3,2,1,0,11,2008,3,2010,0,0,0,0,0,5,5,35,1,1,2,1,2,3,1,62,4,1,1,69,0,0
4,40260,1,1,1,22,4,23,17,8,0,1,0,4,2,2,404,2404,14,2001,1J4GW48S51C7,1,J,4,G,W,4,8,S,5,1,C,7,0,T,JEEP,LRO,4W,1,17,,1,0,1059,GCK,G,,,6,244,,,,,3864,01,E,44,0,0,000000000,00000000000,0,0,0,1,0,0,0,0,0,0,0,30,0,0,0,12,12,2,1,8,0,0,0,1,4,86045,6,1,0,0,3,3,67,176,0,0,0,0,0,0,0,0,0,0,0,0,0,0,1,2,45,1,1,2,1,0,0,1,80,99,1,3,13,0,0
4,40261,1,1,1,24,4,3,5,42,0,1,0,4,2,20,481,20481,31,2004,1GCEC19T74E4,1,G,C,E,C,1,9,T,7,4,E,4,0,T,CHEV,SC1,4C,4,17,,2,1575,1435,SIL,G,,,8,325,,,,B,4555,00,,42,0,0,000000000,00000000000,0,0,0,1,0,0,0,0,0,0,0,70,0,1,5,99,99,6,2,1,0,0,0,1,4,85550,6,1,0,0,3,3,64,115,0,0,0,2,0,1,2010,3,2011,0,0,0,0,0,1,2,55,4,8,2,1,0,0,14,9,99,9,4,7,1,1
4,40262,1,2,1,26,4,17,59,12,1,1,0,4,1,12,401,12401,14,1988,1FMCU14T0JUB,1,F,M,C,U,1,4,T,0,J,U,B,0,P,FORD,BII,UT,88,17,0,,0,940,,G,,F,6,177,,,000000,,,,,,0,0,000000000,00000000000,0,0,0,1,0,0,0,0,0,0,0,998,0,0,0,12,12,8,8,12,32,0,0,1,4,85302,6,1,0,0,3,0,69,145,1,0,0,0,1,7,2010,8,2010,0,0,0,0,0,5,5,40,1,1,2,1,0,0,1,50,1,1,1,20,1,0
4,40262,2,2,2,26,4,17,59,12,1,1,0,4,3,98,981,98981,52,2007,5FYD4FV157C0,5,F,Y,D,4,F,V,1,5,7,C,0,0,U,,,,7,17,,,,,,,,,,,,,,,,,,,0,88,888888888,88888888888,3,21,22,1,0,0,0,0,6,0,0,0,0,0,0,6,6,4,1,12,0,0,0,1,4,85304,6,1,6,1,3,3,69,230,0,0,0,0,0,0,0,0,0,0,0,0,0,0,5,5,40,1,1,2,1,0,0,5,53,1,1,1,21,0,0
4,40263,1,1,1,26,4,3,23,1,0,1,0,4,1,12,421,12421,15,1994,1FMEU15H1RLA,1,F,M,E,U,1,5,H,1,R,L,A,0,P,FORD,BRO,UT,94,17,4616,,0,1050,,G,,F,8,351,,,15R235,,,,,,0,0,000000000,00000000000,0,0,0,1,0,0,0,0,0,0,0,998,0,1,5,0,98,6,2,1,0,0,0,1,4,85926,6,1,0,0,3,0,71,235,0,1,0,0,0,5,2010,5,2010,9,99,99,99,99,1,2,98,8,8,8,98,0,0,99,99,99,9,4,2,1,0
4,40264,1,2,3,29,4,19,32,12,6,1,0,4,1,49,471,49471,30,1994,JT4RN93P2R50,J,T,4,R,N,9,3,P,2,R,5,0,0,T,TOYT,XLX,PC,94,17,,1,0,1219,HTP,G,,,4,144,,,,B,2970,00,A,42,0,0,000000000,00000000000,0,0,0,1,0,0,0,0,0,0,0,25,0,0,0,3,98,6,2,12,0,0,0,1,4,85323,6,1,0,0,3,0,66,145,0,0,0,0,0,0,0,0,0,0,39,0,0,0,2,3,35,1,1,8,1,3,3,11,15,1,1,2,68,1,0
4,40264,2,2,1,29,4,19,32,12,6,1,0,4,1,12,471,12471,30,1993,1FTCR14A3PPA,1,F,T,C,R,1,4,A,3,P,P,A,0,T,FORD,RNS,PC,93,17,,1,0,1250,RNG,G,,,4,140,,,,B,3208,01,A,42,0,0,000000000,00000000000,0,0,0,1,0,0,0,0,0,0,0,35,0,1,1,12,98,6,2,12,0,0,0,1,4,85040,0,0,0,0,0,0,999,999,0,1,0,1,0,7,2010,1,2011,0,99,99,99,99,2,3,35,1,1,8,1,3,3,1,62,3,2,1,69,0,0
4,40265,1,2,0,5,5,21,31,8,0,1,0,4,6,7,472,7472,30,1996,1B7FL26X1TS6,1,B,7,F,L,2,6,X,1,T,S,6,0,T,DODG,DAK,PK,96,17,,1,1239,1119,DAK,G,,,6,239,,,,B,2969,01,M,42,0,0,000000000,00000000000,0,0,0,1,0,0,0,0,0,0,0,0,0,0,0,6,98,6,2,12,32,0,0,0,0,99997,7,6,97,7,6,7,998,997,998,998,998,998,998,98,9998,98,9998,8,20,0,0,0,8,8,40,1,1,8,1,0,0,0,53,0,0,0,98,0,0
4,40265,2,2,3,5,5,21,31,8,0,1,0,4,2,22,1,22001,2,1971,237371G10874,2,3,7,3,7,1,G,1,0,8,7,4,0,P,PONT,LSP,2T,71,13,3199,,1160,1120,,G,,,8,,,,14F78,,,,,,0,0,000000000,00000000000,0,0,0,1,0,0,0,0,0,0,0,998,0,0,0,12,12,6,2,8,32,0,0,1,4,85304,6,1,0,0,3,0,73,185,0,0,0,1,0,9,2008,9,2008,0,0,0,0,0,8,8,40,1,1,8,1,0,0,6,80,1,1,2,13,0,0
4,40266,1,1,1,10,5,21,24,1,0,1,0,99,9,99,999,99999,99,9999,999999999999,9,9,9,9,9,9,9,9,9,9,9,9,0,,,,,,,,,,,,,,,,,,,,,,,,,0,0,000000000,00000000000,0,0,0,1,0,0,0,0,0,0,0,999,0,9,9,0,99,9,9,1,0,0,0,1,4,86504,0,0,0,0,0,0,72,200,0,0,0,0,0,0,0,0,0,9,99,99,99,99,9,9,99,9,9,9,99,99,9,99,99,99,9,9,98,1,0
4,40267,1,1,1,13,5,21,49,8,0,1,0,4,2,12,481,12481,31,2000,1FTZX1727YKB,1,F,T,Z,X,1,7,2,7,Y,K,B,0,T,FORD,F15,4C,0,17,,1,1571,1385,COF,G,,,6,256,,,,B,4204,05,U,42,0,0,000000000,00000000000,0,0,0,1,0,0,0,0,0,0,0,52,0,0,0,12,12,2,1,8,0,0,0,1,4,85339,6,1,0,0,3,0,64,110,0,0,0,1,0,7,2010,7,2010,0,0,0,0,0,1,2,45,1,1,2,1,0,0,1,80,1,1,1,13,0,0
4,40268,1,1,2,15,5,22,24,8,0,1,0,4,2,63,36,63036,6,2007,KNAFG5261771,K,N,A,F,G,5,2,6,1,7,7,1,0,P,KIA,ROE,SW,7,17,3443,,0,1063,,G,,F,6,162,,,16R205,,,,,,0,0,000000000,00000000000,0,0,0,1,0,0,0,0,0,0,0,998,0,0,0,12,12,6,2,8,0,0,0,1,4,85335,6,1,0,0,3,0,69,147,0,0,0,0,1,11,2010,11,2010,0,89,0,0,0,1,2,45,1,1,2,1,0,0,1,80,1,1,1,13,0,0
4,40269,1,1,1,16,5,12,49,9,0,1,1,4,2,12,17,12017,4,1997,1FALP52U2VA1,1,F,A,L,P,5,2,U,2,V,A,1,0,P,FORD,TAG,4D,97,17,3329,,0,1085,,G,,F,6,182,,,15R205,,,,,,0,0,000000000,00000000000,0,0,0,1,0,0,0,0,0,0,0,63,0,0,0,12,12,2,1,9,0,0,0,1,4,85009,1,1,0,0,2,0,72,200,0,3,2,0,0,1,2009,10,2009,0,29,34,0,0,1,2,45,1,1,8,1,0,0,6,13,1,1,4,13,0,1
4,40270,1,2,1,17,5,17,32,1,0,1,0,4,2,98,709,98709,80,2007,RFBU6G1067B0,R,F,B,U,6,G,1,0,6,7,B,0,0,U,,,,7,17,,,,,,,,,,,,,,,,,,,0,0,000000000,00000000000,0,0,0,1,0,0,0,0,0,0,0,998,0,0,0,0,61,6,2,1,0,0,0,1,4,85119,6,1,0,0,3,0,74,150,0,0,0,0,0,0,0,0,0,1,0,0,0,0,1,2,35,1,1,2,1,0,0,1,6,1,1,1,98,1,0
4,40270,2,2,4,17,5,17,32,1,0,1,0,4,1,49,49,49049,6,2009,JTLKE50E4910,J,T,L,K,E,5,0,E,4,9,1,0,0,P,TOYT,SXB,UT,9,17,3020,,0,1024,,G,,F,4,144,,,16R205,,,,,,0,0,000000000,00000000000,0,0,0,1,0,0,0,0,0,0,0,35,0,0,0,14,98,2,1,54,0,0,0,1,4,85118,6,1,0,0,3,0,68,130,0,0,0,0,0,0,0,0,0,0,0,0,0,0,1,2,35,1,1,2,1,0,0,1,62,7,1,1,98,0,0
4,40271,1,2,1,20,5,23,50,12,7,1,0,4,1,49,40,49040,4,1998,4T1BG22K8WU2,4,T,1,B,G,2,2,K,8,W,U,2,0,P,TOYT,CXL,4D,98,17,2998,,0,1051,,G,,F,4,132,,,14R195,,,,,,0,0,000000000,00000000000,0,0,0,1,0,0,0,0,0,0,0,998,0,0,0,81,98,6,2,12,0,0,0,1,4,85006,0,0,0,0,0,0,999,999,0,0,0,0,0,0,0,0,0,1,27,91,92,0,2,2,65,1,1,2,1,0,0,15,10,1,1,2,47,0,1
4,40271,2,2,3,20,5,23,50,12,7,1,0,4,1,20,401,20401,14,2002,1GNDS13S1224,1,G,N,D,S,1,3,S,1,2,2,4,0,P,CHEV,TRL,UT,2,17,4442,,0,1130,,G,,F,6,256,,,16R245,,,,,,0,0,000000000,00000000000,0,0,0,1,0,0,0,0,0,0,0,998,0,1,3,61,98,6,2,1,0,0,0,1,4,85139,6,1,0,0,3,0,57,129,0,0,0,1,0,3,2010,3,2010,0,0,0,0,0,2,2,65,1,1,2,1,0,0,1,61,1,1,1,45,1,0
4,40272,1,2,1,25,5,12,21,12,2,1,0,4,1,6,51,6051,4,2007,2C3KA53G77H7,2,C,3,K,A,5,3,G,7,7,H,7,0,P,CHRY,3TR,4D,7,17,3665,,0,1200,,G,,F,6,214,,,17R215,,,,,,0,0,000000000,00000000000,0,0,0,1,0,0,0,0,0,0,0,999,0,0,0,12,12,6,2,12,0,0,0,1,4,85207,6,1,0,0,3,0,72,240,0,2,0,2,0,4,2011,4,2011,0,28,92,0,0,5,8,45,1,1,2,1,0,0,1,10,1,1,2,50,0,0
4,40272,2,2,1,25,5,12,21,12,2,1,0,4,1,49,46,49046,5,2010,JTDKN3DU8A52,J,T,D,K,N,3,D,U,8,A,5,2,0,P,TOYT,PRI,4H,10,17,3042,,0,1063,,B,,F,4,110,,,15R195,,,,,,0,0,000000000,00000000000,0,0,0,1,0,0,0,0,0,0,0,999,0,0,0,12,12,6,2,12,32,36,0,1,4,85120,6,1,0,0,3,0,68,290,0,0,0,0,0,0,0,0,0,0,0,0,0,0,5,8,45,1,1,2,1,0,0,1,62,9,1,3,51,1,0
4,40273,1,2,6,27,5,14,45,12,7,1,0,4,2,20,421,20421,15,1995,1GNEK13K6SJ4,1,G,N,E,K,1,3,K,6,S,J,4,0,P,CHEV,KTA,UT,95,17,5124,,0,1175,,G,,F,8,350,,,15R235,,,,,,0,0,000000000,00000000000,0,0,0,1,0,0,0,0,0,0,0,55,0,1,1,1,98,6,2,1,35,0,0,1,4,85344,6,1,0,0,3,0,64,176,0,0,0,0,0,0,0,0,0,1,0,0,0,0,1,2,55,1,1,8,1,0,0,6,51,6,1,2,46,3,0
4,40273,2,2,2,27,5,14,45,12,7,1,0,4,1,63,32,63032,4,2001,KNADC1234165,K,N,A,D,C,1,2,3,4,1,6,5,0,P,KIA,RIO,4D,1,17,2242,,0,949,,G,,F,4,091,,,13R175,,,,,,0,0,000000000,00000000000,0,0,0,1,0,0,0,0,0,0,0,55,0,0,0,8,98,6,2,12,0,0,0,1,4,85344,6,1,0,0,3,0,67,175,0,0,0,0,0,0,0,0,0,0,0,0,0,0,1,2,55,1,1,8,1,0,0,1,60,1,1,1,45,0,0
4,40274,1,3,1,27,5,22,53,33,0,1,0,4,1,20,2,20002,4,2008,2G1WB58K9892,2,G,1,W,B,5,8,K,9,8,9,2,0,P,CHEV,IPL,4D,8,17,3555,,0,1105,,F,,F,6,214,,,16R225,,,,,,0,0,000000000,00000000000,0,0,0,1,0,0,0,0,0,0,0,13,0,0,0,12,12,6,2,12,0,0,0,1,4,85037,6,1,0,0,3,0,67,180,0,0,0,0,0,0,0,0,0,0,38,0,0,0,2,1,25,1,1,2,1,20,3,11,15,1,1,1,98,0,0
4,40274,2,3,1,27,5,22,53,33,0,1,0,4,1,72,706,72706,80,2002,1HD1BMY142Y0,1,H,D,1,B,M,Y,1,4,2,Y,0,0,M,HD,FLF,RS,2,17,,,,,,,1450,,2,,4,666,,,,,,,0,0,000000000,00000000000,0,0,0,1,0,0,0,0,0,0,0,44,0,0,0,14,99,6,2,42,0,0,0,1,4,85037,6,1,0,0,3,0,70,200,0,0,0,1,0,10,2009,10,2009,1,0,0,0,0,2,3,45,1,1,2,1,0,0,1,72,6,1,4,6,1,0
4,40274,3,3,1,27,5,22,53,33,0,1,0,4,2,53,706,53706,80,2009,JS1VS55A3921,J,S,1,V,S,5,5,A,3,9,2,1,0,M,SUZI,VL8,RS,9,17,,,,,,,805,,2,,4,542,,,,,,,0,0,000000000,00000000000,0,0,0,1,0,0,0,0,0,0,0,37,0,0,0,81,81,6,2,12,0,0,0,1,39,45439,6,1,0,0,3,0,70,240,0,0,0,2,0,8,2009,9,2009,0,0,0,0,0,2,3,45,1,1,2,1,0,0,1,72,1,1,1,98,0,0
4,40275,1,1,1,28,5,17,22,35,0,1,0,6,1,12,23,12023,4,2006,3FAFP07ZX6R1,3,F,A,F,P,0,7,Z,X,6,R,1,0,P,FORD,F/E,4D,6,17,3101,,0,1074,,G,,F,4,140,,,16R205,,,,,,0,0,000000000,00000000000,0,0,0,1,0,0,0,0,0,0,0,75,0,1,5,99,98,6,2,1,0,0,0,1,6,92021,6,1,0,0,3,3,66,170,0,0,0,0,0,0,0,0,0,0,0,0,0,0,2,2,75,1,6,2,1,0,0,1,8,6,4,4,2,1,0
4,40276,1,2,1,29,5,21,15,12,2,1,0,4,1,76,706,76706,80,2009,JYAVP27E09A0,J,Y,A,V,P,2,7,E,0,9,A,0,0,M,YAMA,9CU,RS,9,17,,,,,,,1854,,2,,4,692,,,,,,,0,0,000000000,00000000000,0,0,0,1,0,0,0,0,0,0,0,60,0,0,0,12,12,6,2,12,0,0,0,1,4,85029,6,1,0,0,3,0,70,170,0,1,0,1,0,8,2008,9,2008,0,28,0,0,0,5,5,40,2,3,2,1,0,0,14,10,1,1,2,50,1,1
4,40276,2,2,4,29,5,21,15,12,2,1,0,4,1,35,443,35443,20,1994,4N2DN11W2RD8,4,N,2,D,N,1,1,W,2,R,D,8,0,P,NISS,QST,SV,94,17,3738,,0,1122,,G,,T,6,181,,,15R205,,,,,,0,0,000000000,00000000000,0,0,0,1,0,0,0,0,0,0,0,29,0,0,0,12,12,6,2,12,0,0,0,1,4,85029,6,1,0,0,3,0,65,120,0,0,0,0,0,0,0,0,0,0,0,0,0,0,5,5,40,3,6,2,1,0,0,14,62,1,1,1,51,0,0
4,40277,1,1,4,30,5,18,19,31,0,1,0,4,2,20,20,20020,4,1997,2G1WL52M1V93,2,G,1,W,L,5,2,M,1,V,9,3,0,P,CHEV,L/S,4D,97,17,3360,,0,1075,,G,,F,6,191,,,15R205,,,,,,0,0,000000000,00000000000,0,0,0,1,0,0,0,0,0,0,0,998,0,1,5,99,98,6,2,1,0,0,0,1,4,85643,6,1,0,0,3,0,64,157,0,0,0,0,0,0,0,0,0,1,82,0,0,0,1,2,25,1,4,5,1,0,0,1,6,1,1,4,6,1,0
4,40278,1,2,1,29,4,12,40,12,6,1,0,4,1,12,35,12035,4,1998,3FAFP66L1WM1,3,F,A,F,P,6,6,L,1,W,M,1,0,P,FORD,LSS,4D,98,17,2864,,0,1065,,G,,F,6,155,,,15R205,,,,,,0,0,000000000,00000000000,0,0,0,1,0,0,0,0,0,0,0,10,0,0,0,9,98,6,2,12,0,0,0,1,4,85545,6,1,0,0,3,3,64,163,0,0,0,0,0,0,0,0,0,0,48,0,0,0,1,2,50,1,1,2,1,20,3,99,19,1,1,3,85,1,0
4,40278,2,2,2,29,4,12,40,12,6,1,0,4,3,12,461,12461,21,2005,1FTSS34L55HB,1,F,T,S,S,3,4,L,5,5,H,B,0,T,FORD,3SD,EC,5,17,,2,0,1380,VAN,G,,,8,330,,,,D,00000,00,E,42,0,0,000000000,00000000000,0,0,0,1,0,0,0,0,0,0,0,65,0,0,0,12,98,6,2,12,32,0,0,1,4,85247,6,1,0,0,3,0,66,220,0,0,0,0,0,0,0,0,0,0,0,0,0,0,1,2,65,1,1,2,1,0,0,1,68,1,1,1,85,0,0
4,40279,1,2,1,22,2,16,14,12,1,1,0,4,1,49,441,49441,20,1984,JT3YR26V5E50,J,T,3,Y,R,2,6,V,5,E,5,0,0,P,TOYT,VWG,SV,84,17,0,,0,880,,G,,F,4,122,,,000000,,,,,,0,0,000000000,00000000000,0,0,0,1,0,0,0,0,0,0,0,30,0,0,0,12,12,6,2,12,0,0,0,1,4,85746,6,1,0,0,3,0,72,200,0,0,0,0,1,4,2009,4,2009,1,99,99,99,99,1,2,35,1,1,8,1,8,3,1,50,1,1,1,20,1,0
4,40279,2,2,3,22,2,16,14,12,1,1,0,4,3,94,981,94981,50,2008,1T7YU4F27811,1,T,7,Y,U,4,F,2,7,8,1,1,0,T,THMS,,,8,17,,,,,,,,,,,,,,,,,,,0,88,888888888,88888888888,2,21,22,1,0,0,0,0,1,0,0,0,0,0,0,6,6,4,1,12,0,0,0,1,4,85705,6,1,6,1,3,3,67,160,0,0,0,0,2,10,2008,2,2010,0,0,0,0,0,1,2,35,1,1,8,1,0,0,5,53,1,1,1,21,0,0
4,40280,1,1,2,1,6,15,29,1,0,1,0,4,1,23,481,23481,31,2003,1GTHK29U03E1,1,G,T,H,K,2,9,U,0,3,E,1,0,T,GMC,2KH,4C,3,17,,2,1575,1430,SIE,G,,,8,364,,,,C,5497,03,U,44,0,0,000000000,00000000000,0,0,0,1,0,0,0,0,0,0,0,65,0,1,3,0,98,6,2,1,0,0,0,1,4,86429,6,1,0,0,3,0,71,195,0,0,0,0,0,0,0,0,0,0,99,99,99,99,2,2,65,1,1,2,1,0,0,1,9,7,3,4,7,1,0
4,40281,1,1,1,1,6,20,55,8,0,1,1,4,2,20,2,20002,4,2004,2G1WF52E7493,2,G,1,W,F,5,2,E,7,4,9,3,0,P,CHEV,IMP,4D,4,17,3389,,0,1105,,G,,F,6,207,,,16R225,,,,,,0,0,000000000,00000000000,0,0,0,1,0,0,0,0,0,0,0,45,0,0,0,12,12,4,1,8,0,0,0,1,4,86326,6,1,0,0,3,0,65,145,0,1,0,2,0,8,2008,3,2010,0,92,0,0,0,1,4,45,1,1,2,1,0,0,1,80,1,1,1,13,0,0
4,40282,1,2,1,2,6,9,52,42,0,1,0,4,3,20,37,20037,4,2011,1G1ZA5EU4BF3,1,G,1,Z,A,5,E,U,4,B,F,3,0,P,CHEV,M/L,4D,11,17,3415,,0,1123,,F,,F,4,146,,,17R225,,,,,,0,0,000000000,00000000000,0,0,0,1,0,0,0,0,0,0,0,45,0,0,0,12,98,6,2,30,0,0,0,1,24,21742,6,1,0,0,3,0,69,176,0,0,0,0,0,0,0,0,0,0,28,0,0,0,1,2,45,2,1,8,1,0,0,14,12,1,1,4,6,0,0
4,40282,2,2,2,2,6,9,52,42,0,1,0,4,1,53,704,53704,88,2003,JS1CK43A9321,J,S,1,C,K,4,3,A,9,3,2,1,0,M,SUZI,A4K,MS,3,17,,,,,,,385,,1,,4,405,,,,,,,0,0,000000000,00000000000,0,0,0,1,0,0,0,0,0,0,0,45,0,0,0,12,98,6,2,30,0,0,0,1,4,85614,6,1,0,0,3,0,71,185,0,0,0,1,0,6,2008,6,2008,0,0,0,0,0,1,2,45,3,1,8,1,0,0,14,90,1,1,1,98,1,0
4,40283,1,2,1,2,6,13,57,12,6,1,0,92,0,12,481,12481,31,2001,1FTRX17W21NA,1,F,T,R,X,1,7,W,2,1,N,A,0,T,FORD,F15,4C,1,17,,2,1571,1385,COF,G,,,8,281,,,,B,4204,05,U,42,0,0,000000000,00000000000,0,0,0,1,0,0,0,0,0,0,0,36,0,0,0,12,12,6,2,12,0,0,0,1,4,85375,6,1,0,0,3,0,61,114,0,0,0,0,1,9,2009,9,2009,0,89,92,39,0,2,3,35,1,1,2,1,20,3,1,17,1,1,1,86,0,0
4,40283,2,2,1,2,6,13,57,12,6,1,0,4,1,98,998,98998,97,2003,1601539,1,6,0,1,5,3,9,,,,,,0,U,,,,3,7,,,,,,,,,,,,,,,,,,,0,0,000000000,00000000000,0,0,0,1,0,0,0,0,0,0,0,998,0,1,5,81,98,6,2,1,0,0,0,1,4,85375,6,1,0,0,3,3,66,120,0,0,0,0,0,0,0,0,0,0,0,0,0,0,1,2,25,1,1,2,1,20,3,1,66,1,1,1,87,1,1
4,40285,1,1,1,4,6,17,10,18,0,1,0,4,2,63,33,63033,4,2007,KNAFE1221754,K,N,A,F,E,1,2,2,1,7,5,4,0,P,KIA,SXC,4D,7,17,2701,,0,1028,,G,,F,4,122,,,15R195,,,,,,0,0,000000000,00000000000,0,0,0,1,0,0,0,0,0,0,0,10,0,0,0,12,9,6,2,10,0,0,0,1,4,85750,6,1,0,0,3,3,66,130,0,0,0,0,1,1,2010,1,2010,0,39,0,0,0,2,2,40,1,1,8,1,65,3,1,90,3,2,1,12,1,0