STATE,ST_CASE,VEH_NO,VE_FORMS,NUMOCCS,DAY,MONTH,HOUR,MINUTE,HARM_EV,MAN_COLL,UNITTYPE,HIT_RUN,REG_STAT,OWNER,MAKE,MODEL,MAK_MOD,BODY_TYP,MOD_YEAR,VIN,VIN_1,VIN_2,VIN_3,VIN_4,VIN_5,VIN_6,VIN_7,VIN_8,VIN_9,VIN_10,VIN_11,VIN_12,TOW_VEH,VINTYPE,VINMAKE,VINA_MOD,VIN_BT,VINMODYR,VIN_LNGT,VIN_WGT,WGTCD_TR,WHLBS_LG,WHLBS_SH,SER_TR,FUELCODE,MCYCL_DS,CARBUR,CYLINDER,DISPLACE,MCYCL_CY,MCYCL_WT,TIRE_SZE,TON_RAT,TRK_WT,TRKWTVAR,VIN_REST,WHLDRWHL,J_KNIFE,MCARR_I1,MCARR_I2,MCARR_ID,GVWR,V_CONFIG,CARGO_BT,HAZ_INV,HAZ_PLAC,HAZ_ID,HAZ_CNO,HAZ_REL,BUS_USE,SPEC_USE,EMER_USE,TRAV_SP,UNDERIDE,ROLLOVER,ROLINLOC,IMPACT1,IMPACT2,DEFORMED,TOWED,M_HARM,VEH_SC1,VEH_SC2,FIRE_EXP,DR_PRES,L_STATE,DR_ZIP,L_STATUS,L_TYPE,CDL_STAT,L_ENDORS,L_COMPL,L_RESTRI,DR_HGT,DR_WGT,PREV_ACC,PREV_SUS,PREV_DWI,PREV_SPD,PREV_OTH,FIRST_MO,FIRST_YR,LAST_MO,LAST_YR,SPEEDREL,DR_SF1,DR_SF2,DR_SF3,DR_SF4,VTRAFWAY,VNUM_LAN,VSPD_LIM,VALIGN,VPROFILE,VPAVETYP,VSURCOND,VTRAFCON,VTCONT_F,P_CRASH1,P_CRASH2,P_CRASH3,PCRASH4,PCRASH5,ACC_TYPE,DEATHS,DR_DRINK
4,40313,1,3,3,30,6,3,6,12,1,1,0,6,1,12,461,12461,21,2002,1FTRE14222HB,1,F,T,R,E,1,4,2,2,2,H,B,5,T,FORD,15V,CG,2,17,,2,0,1380,VAN,G,,,6,256,,,,B,4823,00,E,42,1,0,000000000,00000000000,0,0,0,1,0,0,0,0,0,0,0,998,0,0,0,12,12,6,2,12,0,0,0,1,6,92337,6,1,6,0,3,0,65,180,3,0,0,0,0,12,2008,11,2009,1,0,0,0,0,2,2,75,1,1,2,1,0,0,1,50,1,1,1,20,2,0
4,40313,2,3,1,30,6,3,6,12,1,1,0,6,3,82,881,82881,66,2010,1FUJBBDR0ADA,1,F,U,J,B,B,D,R,0,A,D,A,1,T,FRHT,ST2,TR,10,17,,8,0,0,CON,D,,,6,903,,,,,00000,00,,64,1,57,00264184,5700264184,3,6,1,1,0,0,0,0,0,0,0,0,0,0,0,6,6,2,1,12,0,0,0,1,6,92337,6,1,6,0,3,0,68,260,0,0,0,0,0,0,0,0,0,0,0,0,0,0,2,2,75,1,1,2,1,0,0,5,53,1,1,1,21,0,0
4,40313,3,3,1,30,6,3,6,12,1,1,0,6,3,87,881,87881,66,2004,1XP5DU9XX4D8,1,X,P,5,D,U,9,X,X,4,D,8,1,T,PTRB,379,TR,4,17,,8,0,0,CON,D,,,6,732,,,,,00000,00,,64,1,57,0075515,570075515,3,6,1,1,0,0,0,0,0,0,0,0,0,0,0,6,6,2,1,12,0,0,0,1,6,93257,6,1,6,0,3,0,64,200,0,0,0,1,0,2,2011,2,2011,0,0,0,0,0,2,2,75,1,1,2,1,0,0,5,53,1,1,1,98,0,0
4,40314,1,2,1,3,5,9,14,12,6,1,0,4,1,20,473,20473,30,2004,1GCDT1362482,1,G,C,D,T,1,3,6,2,4,8,2,0,T,CHEV,RDO,CW,4,17,,1,0,1260,CAL,G,,,5,214,,,,,5300,00,,44,0,0,000000000,00000000000,0,0,0,1,0,0,0,0,0,0,0,998,0,0,0,61,98,6,2,12,0,0,0,1,4,85344,6,1,0,0,3,3,66,135,0,0,0,0,1,10,2010,10,2010,0,38,0,0,0,1,2,35,1,9,2,98,20,3,1,17,1,1,1,89,1,0
4,40314,2,2,1,3,5,9,14,12,6,1,0,4,2,20,481,20481,31,2007,2GCEK13M0715,2,G,C,E,K,1,3,M,0,7,1,5,0,T,CHEV,1KW,CW,7,17,,2,0,1435,SIL,G,,,8,323,,,,B,5371,00,,44,0,0,000000000,00000000000,0,0,0,1,0,0,0,0,0,0,0,998,0,0,0,12,98,6,2,12,0,0,0,1,4,85344,6,1,0,0,3,3,70,290,0,0,0,0,0,0,0,0,0,0,0,0,0,0,1,2,35,1,9,2,98,0,0,1,66,1,1,1,88,0,0
4,40315,1,1,1,19,6,12,2,1,0,1,0,4,1,12,471,12471,30,2002,1FTYR10U82PB,1,F,T,Y,R,1,0,U,8,2,P,B,0,T,FORD,RNG,PK,2,17,,1,1175,1116,RNG,G,,,6,182,,,,B,3085,03,E,42,0,0,000000000,00000000000,0,0,0,1,0,0,0,0,0,0,0,998,0,1,1,0,98,6,2,1,0,0,0,1,4,85941,6,1,0,0,3,3,69,180,0,0,0,0,0,0,0,0,0,9,99,99,99,99,8,8,55,8,8,2,1,0,0,1,9,99,9,9,98,1,1
4,40316,1,3,1,21,6,10,22,12,6,1,0,4,2,7,26,7026,4,2008,1B3LC56K18N6,1,B,3,L,C,5,6,K,1,8,N,6,0,P,DODG,AXT,4D,8,17,3465,,0,1089,,G,,F,4,144,,,17R215,,,,,,0,0,000000000,00000000000,0,0,0,1,0,0,0,0,0,0,0,43,0,0,0,81,98,6,2,12,0,0,0,1,4,85259,6,1,0,0,3,3,62,100,0,0,0,0,0,0,0,0,0,0,39,0,0,0,2,2,45,1,1,2,1,3,3,1,17,1,1,1,87,1,0
4,40316,2,3,1,21,6,10,22,12,6,1,0,4,1,20,481,20481,31,2006,2GCEK13T8612,2,G,C,E,K,1,3,T,8,6,1,2,0,T,CHEV,SK1,CW,6,17,,2,0,1435,SIL,G,,,8,323,,,,B,5284,00,,44,0,0,000000000,00000000000,0,0,0,1,0,0,0,0,0,0,0,46,0,0,0,12,98,6,2,12,0,0,0,1,4,85050,6,1,0,0,3,0,73,205,0,0,0,0,0,0,0,0,0,0,89,0,0,0,1,4,45,1,1,2,1,3,3,1,66,1,1,1,86,0,0
4,40316,3,3,2,21,6,10,22,12,6,1,0,4,1,35,39,35039,4,1996,JN1CA21D9TT1,J,N,1,C,A,2,1,D,9,T,T,1,0,P,NISS,MGS,4D,96,17,2886,,0,1063,,G,,F,6,182,,,15R205,,,,,,0,0,000000000,00000000000,0,0,0,1,0,0,0,0,0,0,0,0,0,0,0,61,98,6,2,12,0,0,0,1,4,85251,6,1,0,0,3,0,67,180,0,0,0,0,0,0,0,0,0,0,0,0,0,0,2,2,45,1,1,2,1,3,3,5,66,1,1,1,98,0,0
4,40317,1,1,1,24,6,20,59,30,0,1,0,4,2,53,705,53705,80,2003,JS1VP53A1321,J,S,1,V,P,5,3,A,1,3,2,1,0,M,SUZI,SV6,RC,3,17,,,,,,,645,,2,,4,645,,,,,,,0,0,000000000,00000000000,0,0,0,1,0,0,0,0,0,0,0,998,0,0,0,12,98,6,2,1,0,0,0,1,4,86326,6,1,0,0,3,0,70,190,0,1,0,1,0,10,2009,11,2009,9,89,0,0,0,1,2,98,1,1,2,1,0,0,1,13,1,1,4,1,1,1
4,40318,1,2,1,24,6,4,30,12,6,1,0,4,2,49,472,49472,30,2008,5TENX22N28Z5,5,T,E,N,X,2,2,N,2,8,Z,5,0,T,TOYT,REG,PK,8,17,,1,0,1094,TAC,G,,,4,164,,,,B,3200,00,U,42,0,0,000000000,00000000000,0,0,0,1,0,0,0,0,0,0,0,10,0,0,0,81,98,6,2,12,0,0,0,1,4,85354,6,1,0,0,3,0,60,150,0,0,0,0,0,0,0,0,0,0,39,0,0,0,1,2,98,1,1,2,1,20,3,1,17,1,1,1,87,1,0
4,40318,2,2,1,24,6,4,30,12,6,1,0,4,3,85,881,85881,66,2006,1XKDDU9X46J0,1,X,K,D,D,U,9,X,4,6,J,0,1,T,KW,T80,TR,6,17,,8,2600,1600,CON,D,,,6,763,,,,,00000,00,,64,1,57,0038710,570038710,3,6,98,1,0,0,0,0,0,0,0,40,0,0,0,12,12,6,2,12,0,0,0,1,4,85033,6,1,6,0,3,0,65,140,0,0,0,0,0,0,0,0,0,0,0,0,0,0,2,2,40,1,1,2,1,0,0,1,66,4,1,1,86,0,0
4,40319,1,1,2,1,6,1,2,1,0,1,1,99,9,7,498,7498,39,9999,999999999999,9,9,9,9,9,9,9,9,9,9,9,9,0,,,,,,,,,,,,,,,,,,,,,,,,,0,0,000000000,00000000000,0,0,0,1,0,0,0,0,0,0,0,998,0,1,9,0,98,6,2,1,0,0,0,1,99,99999,9,9,99,0,9,9,999,999,99,99,99,99,99,99,9999,99,9999,1,99,99,99,99,1,2,98,8,8,8,98,0,0,99,99,99,9,9,98,1,0
4,40320,1,1,1,2,6,6,16,9,0,1,0,4,3,20,481,20481,31,2003,1GCHC24U33E2,1,G,C,H,C,2,4,U,3,3,E,2,0,T,CHEV,2CH,PK,3,17,,2,0,1330,SIL,G,,,8,364,,,,C,5216,00,,42,0,0,000000000,00000000000,0,0,0,1,0,0,0,0,0,0,0,7,0,0,0,12,12,2,1,9,0,0,0,1,4,85032,6,1,0,0,3,0,71,165,0,0,0,1,0,8,2008,8,2008,0,0,0,0,0,1,2,25,1,1,2,1,0,0,2,83,1,1,1,13,0,0
4,40321,1,2,1,3,6,10,43,1,0,1,0,4,2,73,705,73705,80,2007,JKAZX4P157A0,J,K,A,Z,X,4,P,1,5,7,A,0,0,M,KAWK,ZXP,RC,7,17,,,,,,,599,,4,,4,368,,,,,,,0,0,000000000,00000000000,0,0,0,1,0,0,0,0,0,0,0,56,0,0,0,0,18,6,2,54,0,0,0,1,22,85018,3,1,0,0,2,0,70,155,99,99,99,99,99,99,9999,99,9999,1,28,0,0,0,1,2,25,1,1,2,1,40,3,98,6,1,1,1,98,1,0
4,40321,2,2,1,3,6,10,43,1,0,1,1,99,9,99,999,99999,99,9999,999999999999,9,9,9,9,9,9,9,9,9,9,9,9,0,,,,,,,,,,,,,,,,,,,,,,,,,0,0,000000000,00000000000,0,0,0,1,0,0,0,0,0,0,0,998,0,0,0,14,14,9,1,54,0,0,0,1,99,99999,9,9,99,0,9,9,999,999,99,99,99,99,99,99,9999,99,9999,9,99,99,99,99,1,2,25,1,1,2,1,40,3,99,99,1,1,1,98,0,0
4,40322,1,2,2,3,6,18,29,12,6,1,0,4,1,37,32,37032,4,1997,1HGCE6674VA0,1,H,G,C,E,6,6,7,4,V,A,0,0,P,HOND,UER,4D,97,17,3184,,0,1069,,G,,F,6,163,,,15R205,,,,,,0,0,000000000,00000000000,0,0,0,1,0,0,0,0,0,0,0,5,0,0,0,61,61,6,2,12,0,0,0,1,4,85301,6,1,0,0,3,3,67,167,0,0,0,0,0,0,0,0,0,0,38,0,0,0,5,4,40,1,1,2,1,20,3,11,15,1,1,3,82,0,0
4,40322,2,2,1,3,6,18,29,12,6,1,0,92,0,53,706,53706,80,1997,JS1VS53A7V21,J,S,1,V,S,5,3,A,7,V,2,1,0,M,SUZI,VZ8,RS,97,17,,,,,,,805,,2,,4,456,,,,,,,0,0,000000000,00000000000,0,0,0,1,0,0,0,0,0,0,0,40,0,0,0,12,98,6,2,12,0,0,0,1,4,85353,0,0,0,0,0,0,72,185,0,6,1,0,0,1,2009,7,2010,0,0,0,0,0,5,4,40,1,1,2,1,0,0,15,72,1,1,2,83,1,1
4,40323,1,1,1,4,6,20,49,35,0,1,0,99,9,99,999,99999,99,9999,999999999999,9,9,9,9,9,9,9,9,9,9,9,9,0,,,,,,,,,,,,,,,,,,,,,,,,,0,0,000000000,00000000000,0,0,0,1,0,0,0,0,0,0,0,999,0,1,2,99,99,9,9,1,0,0,0,1,4,85138,1,1,0,0,2,0,68,187,0,2,0,0,0,5,2011,5,2011,1,82,0,0,0,1,2,99,9,9,5,99,0,0,99,5,99,9,4,98,1,1
4,40324,1,1,1,7,6,18,22,34,0,1,0,4,1,12,481,12481,31,1998,1FTZF1824WKB,1,F,T,Z,F,1,8,2,4,W,K,B,1,T,FORD,F15,PK,98,17,,1,1390,1200,COF,G,,,6,256,,,,B,4260,01,E,44,1,0,000000000,00000000000,0,0,0,1,0,0,0,0,0,0,0,998,0,1,1,14,98,6,2,1,0,0,0,1,4,85936,6,1,0,0,3,0,72,210,0,0,0,1,0,6,2008,6,2008,9,58,28,0,0,1,2,98,1,1,2,1,0,0,1,12,1,1,4,6,1,1
4,40325,1,1,2,8,6,20,54,5,0,1,0,4,1,20,461,20461,21,1990,1GBEG25K6L71,1,G,B,E,G,2,5,K,6,L,7,1,0,T,CHEV,SV2,CG,90,17,,2,1250,1100,S/V,G,,,8,350,,,,C,00000,00,,42,0,0,000000000,00000000000,0,0,0,1,0,0,0,0,0,0,0,45,0,0,0,0,0,0,3,5,0,0,0,1,4,85231,6,1,0,0,3,0,66,155,0,0,0,0,0,0,0,0,0,0,0,0,0,0,1,2,45,1,1,2,1,0,0,1,98,1,1,3,0,1,1
4,40326,1,2,1,10,6,10,10,12,2,1,0,4,1,6,52,6052,1,2005,3C3EY55E75T2,3,C,3,E,Y,5,5,E,7,5,T,2,0,P,CHRY,TEP,CV,5,17,3187,,0,1030,,G,,T,4,148,,,16R205,,,,,,0,0,000000000,00000000000,0,0,0,1,0,0,0,0,0,0,0,50,0,0,0,12,98,6,2,12,0,0,0,1,4,85043,6,1,0,0,3,0,68,224,0,0,0,0,0,0,0,0,0,0,28,0,0,0,2,2,45,1,1,2,1,0,0,1,10,1,1,2,50,0,0
4,40326,2,2,3,10,6,10,10,12,2,1,0,4,1,7,41,7041,4,1996,1B3HD46F3TF1,1,B,3,H,D,4,6,F,3,T,F,1,0,P,DODG,INT,4D,96,17,3311,,0,1130,,G,,F,6,215,,,16R225,,,,,,0,0,000000000,00000000000,0,0,0,1,0,0,0,0,0,0,0,40,0,0,0,12,98,6,2,12,0,0,1,1,4,85323,6,1,0,0,3,0,77,229,0,0,0,0,0,0,0,0,0,0,0,0,0,0,2,2,45,1,1,2,1,0,0,1,62,7,1,2,51,1,0
4,40327,1,2,1,12,6,5,8,12,6,1,0,4,2,52,37,52037,1,2002,4A3AE85H12E0,4,A,3,A,E,8,5,H,1,2,E,0,0,P,MITS,STG,CV,2,17,3241,,0,1008,,G,,F,6,181,,,17R215,,,,,,0,0,000000000,00000000000,0,0,0,1,0,0,0,0,0,0,0,39,0,1,5,1,98,6,2,1,0,0,0,1,4,85033,6,1,0,0,3,0,67,150,0,0,0,0,0,0,0,0,0,0,39,0,0,0,1,2,45,1,1,2,1,20,3,1,17,1,1,1,87,1,1
4,40327,2,2,1,12,6,5,8,12,6,1,0,4,1,6,51,6051,4,2007,2C3KA53G67H6,2,C,3,K,A,5,3,G,6,7,H,6,0,P,CHRY,3TR,4D,7,17,3665,,0,1200,,G,,F,6,214,,,17R215,,,,,,0,0,000000000,00000000000,0,0,0,1,0,0,0,0,0,0,0,46,0,0,0,12,12,6,2,12,0,0,0,1,4,85043,6,1,0,0,3,0,73,160,0,0,0,0,2,1,2009,1,2009,0,0,0,0,0,1,2,45,1,1,2,1,0,0,1,66,1,1,1,86,0,0
4,40328,1,1,4,14,6,22,58,24,0,1,0,4,2,35,43,35043,4,2006,3N1CB51D66L5,3,N,1,C,B,5,1,D,6,6,L,5,0,P,NISS,S18,4D,6,17,2509,,0,998,,G,,F,4,108,,,15R195,,,,,,0,0,000000000,00000000000,0,0,0,1,0,0,0,0,0,0,0,55,0,1,5,99,98,6,2,1,0,0,0,1,4,86043,6,1,0,0,3,3,67,145,0,0,0,0,0,0,0,0,0,0,0,0,0,0,1,2,55,3,1,2,1,0,0,14,99,99,9,9,5,2,0
4,40329,1,1,2,16,6,9,47,41,0,1,0,6,1,49,46,49046,5,2004,JTDKB20U4400,J,T,D,K,B,2,0,U,4,4,0,0,0,P,TOYT,PRI,4H,4,17,2890,,0,1063,,B,,F,4,091,,,14R175,,,,,,0,0,000000000,00000000000,0,0,0,1,0,0,0,0,0,0,0,999,0,1,5,14,98,6,2,1,36,0,0,1,6,90260,6,1,0,0,3,3,67,180,0,0,0,0,0,0,0,0,0,0,85,0,0,0,2,2,75,1,1,2,1,0,0,1,60,7,1,4,1,1,0
4,40330,1,1,1,17,6,7,14,42,0,1,0,4,3,12,481,12481,31,2003,1FTSW31P43EC,1,F,T,S,W,3,1,P,4,3,E,C,0,T,FORD,F3S,CW,3,17,,2,1724,1562,SRW,D,,,8,366,,,,D,6267,00,E,44,0,0,000000000,00000000000,0,0,0,1,0,0,0,0,0,0,0,998,0,1,9,81,98,6,2,1,0,0,0,1,4,85940,6,1,0,0,3,0,68,127,0,0,0,0,0,0,0,0,0,1,99,99,99,99,1,2,98,3,6,8,1,40,3,14,9,7,4,4,7,1,1
4,40331,1,1,1,17,6,22,4,8,0,1,1,99,9,99,999,99999,99,9999,999999999999,9,9,9,9,9,9,9,9,9,9,9,9,0,,,,,,,,,,,,,,,,,,,,,,,,,0,0,000000000,00000000000,0,0,0,1,0,0,0,0,0,0,0,999,0,0,0,12,12,4,1,8,0,0,0,1,99,99999,9,9,99,0,9,9,999,999,99,99,99,99,99,99,9999,99,9999,0,99,99,99,99,1,2,25,1,1,2,1,0,0,1,80,1,1,9,13,0,0
4,40332,1,1,2,1,7,10,3,33,0,1,0,4,2,72,706,72706,82,1998,1HD1FLR1XWY6,1,H,D,1,F,L,R,1,X,W,Y,6,1,M,HD,CUS,RS,98,17,,,,,,,1340,,2,,4,777,,,,,,,1,0,000000000,00000000000,0,0,0,1,0,0,0,0,0,0,0,47,0,0,0,4,98,6,2,33,0,0,0,1,4,86351,6,1,0,0,3,3,71,175,0,0,0,1,1,10,2010,10,2010,1,34,0,0,0,1,2,35,1,5,2,1,0,0,6,13,1,1,4,1,1,0
4,40333,1,1,1,1,7,20,37,41,0,1,0,12,1,72,706,72706,80,2004,1HD1FRW144Y7,1,H,D,1,F,R,W,1,4,4,Y,7,0,M,HD,FCI,RS,4,17,,,,,,,1450,,2,,4,999,,,,,,,0,0,000000000,00000000000,0,0,0,1,0,0,0,0,0,0,0,60,0,0,0,14,98,6,2,1,0,0,0,1,12,33881,6,1,6,0,3,0,72,180,0,0,0,1,0,11,2009,11,2009,1,0,0,0,0,2,2,75,1,1,2,1,0,0,1,12,1,1,4,6,1,0
4,40334,1,1,4,2,7,20,37,8,0,1,0,4,1,7,442,7442,20,1997,1B4GP45R0VB3,1,B,4,G,P,4,5,R,0,V,B,3,0,P,DODG,CAR,SV,97,17,3647,,0,1133,,G,,F,6,201,,,15R215,,,,,,0,0,000000000,00000000000,0,0,0,1,0,0,0,0,0,0,0,998,0,0,0,12,12,6,2,8,0,0,0,1,4,85546,6,1,0,0,3,0,73,200,0,0,0,0,0,0,0,0,0,0,0,0,0,0,5,4,45,2,1,2,1,0,0,14,80,8,1,2,13,0,0
4,40335,1,1,2,3,7,14,2,1,0,1,0,4,1,49,49,49049,6,2006,JTLKT3242640,J,T,L,K,T,3,2,4,2,6,4,0,0,P,TOYT,SXB,UT,6,17,2395,,0,984,,G,,F,4,092,,,15R185,,,,,,0,0,000000000,00000000000,0,0,0,1,0,0,0,0,0,0,0,85,0,1,5,0,98,6,2,1,0,0,0,1,4,85247,0,0,0,0,0,0,999,999,0,0,0,0,0,0,0,0,0,1,99,99,99,99,1,2,35,3,1,8,1,0,0,14,13,1,1,4,1,1,1
4,40336,1,1,1,4,7,7,55,1,0,1,0,4,1,20,471,20471,30,1998,1GCCS1446WK2,1,G,C,C,S,1,4,4,6,W,K,2,0,T,CHEV,S14,PK,98,17,,1,1179,1083,S,G,,,4,133,,,,B,3003,00,,42,0,0,000000000,00000000000,0,0,0,1,0,0,0,0,0,0,0,998,0,1,5,0,98,6,2,1,0,0,0,1,4,85390,6,1,0,0,3,3,71,220,0,0,0,1,0,7,2010,7,2010,0,80,0,0,0,1,2,65,1,1,2,1,0,0,1,1,1,4,4,7,1,0
4,40337,1,2,2,4,7,12,14,12,6,1,0,4,2,49,401,49401,14,2005,JTEBT17R6500,J,T,E,B,T,1,7,R,6,5,0,0,0,P,TOYT,RUN,UT,5,17,4090,,0,1098,,G,,F,8,285,,,17R265,,,,,,0,0,000000000,00000000000,0,0,0,1,0,0,0,0,0,0,0,998,0,0,0,81,98,6,2,12,0,0,0,1,4,85208,1,1,0,0,2,0,72,240,1,2,0,1,2,12,2008,8,2009,1,28,0,0,0,1,2,55,1,1,2,1,0,0,1,6,6,4,6,64,1,0
4,40337,2,2,2,4,7,12,14,12,6,1,0,6,2,53,40,53040,5,2007,JS2YB4138751,J,S,2,Y,B,4,1,3,8,7,5,1,0,P,SUZI,SXA,4H,7,17,2800,,0,984,,G,,F,4,122,,,16R205,,,,,,0,0,000000000,00000000000,0,0,0,1,0,0,0,0,0,0,0,999,0,0,0,12,98,6,2,12,0,0,0,1,6,92329,6,1,0,0,3,3,64,170,1,0,0,0,0,7,2010,7,2010,0,0,0,0,0,1,2,55,1,1,2,1,0,0,1,62,1,1,1,65,1,0
4,40338,1,1,2,5,7,20,43,1,0,1,0,4,2,59,402,59402,14,2009,JTJBT20X3901,J,T,J,B,T,2,0,X,3,9,0,1,0,P,LEXS,GX7,UT,9,17,4871,,0,1098,,G,,F,8,285,,,17R265,,,,,,0,0,000000000,00000000000,0,0,0,1,0,0,0,0,0,0,0,998,0,1,3,0,98,6,2,1,0,0,0,1,4,85254,6,1,0,0,3,0,72,195,0,1,0,1,0,10,2010,10,2010,1,0,0,0,0,2,2,75,2,6,2,2,0,0,14,12,1,1,4,6,2,0
4,40339,1,2,2,8,7,21,30,12,2,1,0,4,1,12,481,12481,31,2006,1FTPX12V26NB,1,F,T,P,X,1,2,V,2,6,N,B,0,T,FORD,F15,4C,6,17,,2,0,1450,COF,F,,,8,329,,,,B,5065,04,E,42,0,0,000000000,00000000000,0,0,0,1,0,0,0,0,0,0,0,65,0,0,0,12,12,6,2,12,0,0,0,1,4,85206,1,1,0,0,2,0,71,206,0,7,2,2,0,8,2008,5,2011,1,28,91,0,0,1,2,45,1,1,8,1,0,0,1,10,1,1,2,50,0,1
4,40339,2,2,1,8,7,21,30,12,2,1,0,4,2,12,401,12401,14,2002,1FMZU73E92UA,1,F,M,Z,U,7,3,E,9,2,U,A,0,P,FORD,EPR,UT,2,17,4378,,0,1137,,G,,F,6,245,,,16R235,,,,,,0,0,000000000,00000000000,0,0,0,1,0,0,0,0,0,0,0,24,0,0,0,12,12,6,2,12,0,0,0,1,4,85256,1,1,0,0,2,0,67,185,0,1,0,0,0,10,2008,10,2008,1,0,0,0,0,1,2,45,1,1,8,1,0,0,1,62,1,1,1,51,1,1
4,40340,1,1,1,9,7,14,32,38,0,1,0,4,1,20,421,20421,15,2005,1GNEC13ZX5R2,1,G,N,E,C,1,3,Z,X,5,R,2,0,P,CHEV,CTA,UT,5,17,4975,,0,1160,,F,,F,8,325,,,16R265,,,,,,0,0,000000000,00000000000,0,0,0,1,0,0,0,0,0,0,0,69,0,1,6,99,98,6,2,1,0,0,0,1,4,85242,1,1,0,0,2,0,65,150,0,0,0,0,1,10,2008,10,2008,1,58,0,0,0,1,2,45,3,1,2,1,0,0,14,6,1,3,4,2,1,1
4,40341,1,1,3,10,7,14,10,35,0,1,0,4,1,12,37,12037,4,2000,1FAFP34PXYW4,1,F,A,F,P,3,4,P,X,Y,W,4,0,P,FORD,FSC,4D,0,17,2564,,0,1030,,G,,F,4,122,,,15R195,,,,,,0,0,000000000,00000000000,0,0,0,1,0,0,0,0,0,0,0,998,0,1,3,63,98,6,2,1,0,0,0,1,4,86323,6,1,0,0,3,0,63,185,0,0,0,0,0,0,0,0,0,1,87,0,0,0,2,2,75,3,6,2,2,0,0,14,5,1,4,4,7,1,0
4,40342,1,1,1,11,7,99,99,8,0,1,0,4,3,12,461,12461,21,2008,1FTNE24WX8DA,1,F,T,N,E,2,4,W,X,8,D,A,0,T,FORD,25V,CG,8,17,,2,0,1380,VAN,G,,,8,281,,,,C,00000,00,E,42,0,0,000000000,00000000000,0,0,0,1,0,0,0,0,0,0,0,75,0,0,0,12,12,6,2,8,0,0,0,1,4,85209,6,1,0,0,3,0,72,206,0,0,0,1,0,8,2009,8,2009,0,0,0,0,0,2,2,75,1,1,2,2,0,0,1,80,1,1,1,13,0,0
4,40343,1,1,3,12,7,8,22,1,0,1,0,4,1,12,401,12401,14,1995,1FMDU34X3SZA,1,F,M,D,U,3,4,X,3,S,Z,A,0,P,FORD,EPR,UT,95,17,4053,,0,1115,,G,,F,6,245,,,15R225,,,,,,0,0,000000000,00000000000,0,0,0,1,0,0,0,0,0,0,0,50,0,1,1,0,98,6,2,1,0,0,0,1,4,85634,6,1,0,0,3,0,68,190,0,0,0,0,0,0,0,0,0,0,58,0,0,0,1,2,50,1,1,2,1,0,0,1,13,7,4,6,98,1,1
4,40344,1,1,3,12,7,12,58,8,0,1,0,48,1,24,7,24007,4,2005,1G8AJ52F75Z1,1,G,8,A,J,5,2,F,7,5,Z,1,0,P,STRN,SI2,4D,5,17,2802,,0,1032,,G,,F,4,134,,,15R195,,,,,,0,0,000000000,00000000000,0,0,0,1,0,0,0,0,0,0,0,65,0,0,0,12,98,6,2,8,0,0,0,1,48,77388,6,1,0,0,3,0,999,999,0,0,0,0,0,0,0,0,0,0,0,0,0,0,1,2,65,1,1,2,1,0,0,1,80,1,1,1,13,0,0
4,40345,1,1,1,12,7,19,36,25,0,1,0,4,1,23,421,23421,15,2005,1GKEC13V65R1,1,G,K,E,C,1,3,V,6,5,R,1,1,T,GMC,YUK,4W,5,17,,2,0,1160,YUK,G,,,8,293,,,,B,4975,00,4,42,1,0,000000000,00000000000,0,0,0,1,0,0,0,0,0,0,0,999,0,1,3,12,98,6,2,2,0,0,1,1,4,85704,6,1,0,0,3,0,74,225,0,0,2,0,0,1,2009,1,2009,0,88,0,0,0,2,2,65,1,1,2,1,40,3,1,12,1,1,4,6,1,1
4,40346,1,1,1,13,7,4,54,32,0,1,0,4,1,37,706,37706,80,1999,JH2RC4607XM1,J,H,2,R,C,4,6,0,7,X,M,1,0,M,HOND,V8F,RC,99,17,,,,,,,782,,4,,4,459,,,,,,,0,0,000000000,00000000000,0,0,0,1,0,0,0,0,0,0,0,50,0,0,0,14,98,6,2,32,0,0,0,1,4,85122,6,1,0,0,3,0,67,145,0,0,0,1,0,10,2009,10,2009,9,99,99,99,99,1,2,50,3,1,2,1,0,0,14,13,1,1,4,1,1,0
4,40347,1,1,1,14,7,18,49,35,0,1,0,4,1,37,32,37032,4,1991,JHMCB7669MC0,J,H,M,C,B,7,6,6,9,M,C,0,0,P,HOND,AER,4D,91,17,2923,,0,1071,,G,,F,4,132,,,15R195,,,,,,0,0,000000000,00000000000,0,0,0,1,0,0,0,0,0,0,0,75,0,1,5,99,98,6,2,1,0,0,0,1,4,85336,6,1,0,0,3,0,67,140,0,0,0,0,0,0,0,0,0,1,80,0,0,0,2,2,75,1,6,2,1,0,0,1,1,1,3,4,2,1,0
4,40348,1,1,5,15,7,8,59,1,0,1,0,6,1,7,402,7402,14,2000,1B4HS28N1YF1,1,B,4,H,S,2,8,N,1,Y,F,1,0,P,DODG,DUR,UT,0,17,4462,,0,1159,,G,,F,8,287,,,15R235,,,,,,0,0,000000000,00000000000,0,0,0,1,0,0,0,0,0,0,0,75,0,1,3,0,98,6,2,1,0,0,0,1,6,92407,6,1,0,0,3,0,65,170,0,0,0,0,2,7,2010,5,2011,1,80,0,0,0,2,2,75,1,1,2,1,0,0,1,1,1,9,4,7,1,1
4,40349,1,1,1,16,7,2,58,24,0,1,0,4,1,37,31,37031,2,1998,1HGEJ8144WL0,1,H,G,E,J,8,1,4,4,W,L,0,0,P,HOND,UAX,CP,98,17,2507,,0,1032,,G,,F,4,097,,,14R185,,,,,,0,0,000000000,00000000000,0,0,0,1,0,0,0,0,0,0,0,998,0,0,0,99,98,6,2,24,0,0,0,1,4,85381,6,1,0,0,3,3,70,175,1,1,0,2,0,8,2010,7,2011,9,99,99,99,99,3,3,55,1,5,2,1,40,3,1,13,1,1,4,1,1,1