STATE,ST_CASE,VEH_NO,VE_FORMS,NUMOCCS,DAY,MONTH,HOUR,MINUTE,HARM_EV,MAN_COLL,UNITTYPE,HIT_RUN,REG_STAT,OWNER,MAKE,MODEL,MAK_MOD,BODY_TYP,MOD_YEAR,VIN,VIN_1,VIN_2,VIN_3,VIN_4,VIN_5,VIN_6,VIN_7,VIN_8,VIN_9,VIN_10,VIN_11,VIN_12,TOW_VEH,VINTYPE,VINMAKE,VINA_MOD,VIN_BT,VINMODYR,VIN_LNGT,VIN_WGT,WGTCD_TR,WHLBS_LG,WHLBS_SH,SER_TR,FUELCODE,MCYCL_DS,CARBUR,CYLINDER,DISPLACE,MCYCL_CY,MCYCL_WT,TIRE_SZE,TON_RAT,TRK_WT,TRKWTVAR,VIN_REST,WHLDRWHL,J_KNIFE,MCARR_I1,MCARR_I2,MCARR_ID,GVWR,V_CONFIG,CARGO_BT,HAZ_INV,HAZ_PLAC,HAZ_ID,HAZ_CNO,HAZ_REL,BUS_USE,SPEC_USE,EMER_USE,TRAV_SP,UNDERIDE,ROLLOVER,ROLINLOC,IMPACT1,IMPACT2,DEFORMED,TOWED,M_HARM,VEH_SC1,VEH_SC2,FIRE_EXP,DR_PRES,L_STATE,DR_ZIP,L_STATUS,L_TYPE,CDL_STAT,L_ENDORS,L_COMPL,L_RESTRI,DR_HGT,DR_WGT,PREV_ACC,PREV_SUS,PREV_DWI,PREV_SPD,PREV_OTH,FIRST_MO,FIRST_YR,LAST_MO,LAST_YR,SPEEDREL,DR_SF1,DR_SF2,DR_SF3,DR_SF4,VTRAFWAY,VNUM_LAN,VSPD_LIM,VALIGN,VPROFILE,VPAVETYP,VSURCOND,VTRAFCON,VTCONT_F,P_CRASH1,P_CRASH2,P_CRASH3,PCRASH4,PCRASH5,ACC_TYPE,DEATHS,DR_DRINK
4,40384,1,1,1,24,6,22,55,8,0,1,0,4,3,12,16,12016,4,2004,2FAHP71W64X1,2,F,A,H,P,7,1,W,6,4,X,1,0,P,FORD,CVP,4D,4,17,0,,0,1147,,G,,F,8,281,,,000000,,,,,,0,0,000000000,00000000000,0,0,0,1,0,0,0,0,0,1,0,998,0,0,0,12,98,6,2,8,0,0,0,1,4,85015,6,1,0,0,3,0,71,240,1,0,0,1,3,12,2008,9,2010,0,38,0,0,0,5,4,40,1,1,8,1,0,0,1,80,1,1,1,13,0,0
4,40385,1,1,1,27,6,9,26,38,0,1,0,4,5,53,706,53706,80,2005,JS1VS52A3521,J,S,1,V,S,5,2,A,3,5,2,1,0,M,SUZI,VS8,RS,5,17,,,,,,,805,,2,,4,445,,,,,,,0,0,000000000,00000000000,0,0,0,1,0,0,0,0,0,0,0,54,0,0,0,12,98,6,2,38,0,0,0,1,4,85009,6,1,0,0,2,0,70,150,0,0,0,0,0,0,0,0,0,1,0,0,0,0,5,5,40,2,1,2,1,0,0,14,6,1,7,4,2,1,0
4,40386,1,4,1,30,6,16,39,12,6,1,0,4,1,12,13,12013,4,1998,1FAFP13P1WW1,1,F,A,F,P,1,3,P,1,W,W,1,0,P,FORD,ESS,4D,98,17,2468,,0,984,,G,,F,4,122,,,14R185,,,,,,0,0,000000000,00000000000,0,0,0,1,0,0,0,0,0,0,0,30,0,0,0,12,98,6,2,12,0,0,0,1,4,85234,6,1,0,0,3,0,65,220,0,0,0,0,0,0,0,0,0,0,28,92,0,0,5,5,40,1,1,8,1,0,0,15,10,1,1,1,64,1,0
4,40386,2,4,2,30,6,16,39,12,6,1,0,4,1,49,40,49040,4,2008,4T1BB46KX8U0,4,T,1,B,B,4,6,K,X,8,U,0,0,P,TOYT,CHB,4D,8,17,3680,,0,1093,,B,,F,4,146,,,16R215,,,,,,0,0,000000000,00000000000,0,0,0,1,0,0,0,0,0,0,0,40,0,0,0,3,3,6,2,12,0,0,0,1,4,85304,6,1,0,0,3,0,64,190,0,0,0,0,0,0,0,0,0,0,0,0,0,0,5,5,40,1,1,8,1,0,0,1,62,6,1,1,65,0,0
4,40386,3,4,2,30,6,16,39,12,6,1,0,4,1,41,51,41051,4,2005,JM1BK12F1512,J,M,1,B,K,1,2,F,1,5,1,2,0,P,MAZD,M3I,4D,5,17,2696,,0,1039,,G,,F,4,122,,,15R195,,,,,,0,0,000000000,00000000000,0,0,0,1,0,0,0,0,0,0,0,40,0,0,0,12,98,6,2,12,0,0,0,1,4,85304,6,1,0,0,3,0,67,170,0,0,0,0,0,0,0,0,0,0,0,0,0,0,5,4,40,1,1,8,1,0,0,1,54,1,1,1,98,0,0
4,40386,4,4,2,30,6,16,39,12,6,1,0,4,2,38,471,38471,30,1994,JAACL16E7R72,J,A,A,C,L,1,6,E,7,R,7,2,0,T,ISU,SSC,PK,94,17,,1,0,1192,CON,G,,,4,156,,,,B,3110,00,A,42,0,0,000000000,00000000000,0,0,0,1,0,0,0,0,0,0,0,40,0,0,0,12,12,6,9,12,0,0,0,1,4,85022,6,1,0,0,3,0,72,180,0,1,0,0,0,11,2009,11,2009,0,92,0,0,0,5,5,40,1,1,8,1,0,0,1,50,1,1,1,98,0,0
4,40387,1,1,2,12,5,6,0,10,0,1,0,94,3,20,421,20421,15,2005,1GNEK13T95R2,1,G,N,E,K,1,3,T,9,5,R,2,0,P,CHEV,KTA,UT,5,17,5192,,0,1160,,G,,F,8,325,,,16R265,,,,,,0,0,000000000,00000000000,0,0,0,1,0,0,0,0,0,0,0,11,0,0,0,61,98,6,2,10,0,0,0,1,4,85364,6,1,0,0,3,0,69,185,0,0,0,0,0,0,0,0,0,0,16,0,0,0,1,2,98,1,5,1,1,65,3,1,91,1,1,1,15,2,0
4,40388,1,2,1,19,7,0,3,12,6,1,0,4,1,49,401,49401,14,1996,JT3HN86R2T00,J,T,3,H,N,8,6,R,2,T,0,0,0,P,TOYT,RUN,UT,96,17,0,,0,1053,,G,,F,6,206,,,15R225,,,,,,0,0,000000000,00000000000,0,0,0,1,0,0,0,0,0,0,0,45,0,0,0,12,12,6,2,12,0,0,0,1,4,85345,6,1,0,0,3,0,77,250,0,0,0,0,0,0,0,0,0,0,39,91,0,0,2,3,40,1,1,8,1,3,3,1,17,1,1,1,83,0,1
4,40388,2,2,1,19,7,0,3,12,6,1,0,4,2,12,3,12003,2,2005,1ZVFT80N5551,1,Z,V,F,T,8,0,N,5,5,5,1,0,P,FORD,MUS,CP,5,17,3300,,0,1071,,G,,F,6,244,,,16R215,,,,,,0,0,000000000,00000000000,0,0,0,1,0,0,0,0,0,0,0,19,0,0,0,9,98,6,2,12,0,0,0,1,4,85304,6,1,0,0,3,3,68,130,0,1,0,2,0,11,2010,12,2010,0,0,0,0,0,4,1,40,1,1,8,1,3,3,11,66,1,1,3,82,1,0
4,40389,1,1,1,9,1,2,0,8,0,1,1,99,9,99,999,99999,99,9999,999999999999,9,9,9,9,9,9,9,9,9,9,9,9,0,,,,,,,,,,,,,,,,,,,,,,,,,0,0,000000000,00000000000,0,0,0,1,0,0,0,0,0,0,0,999,0,0,0,99,99,9,1,8,0,0,0,1,99,99999,9,9,99,0,9,9,999,999,99,99,99,99,99,99,9999,99,9999,9,99,99,99,99,9,9,99,9,9,9,99,99,9,99,80,99,9,9,13,0,0
4,40390,1,1,1,1,7,19,58,8,0,1,0,4,2,49,401,49401,14,1999,JT3GN86R7X01,J,T,3,G,N,8,6,R,7,X,0,1,0,P,TOYT,RUN,UT,99,17,3600,,0,1053,,G,,F,6,206,,,15R225,,,,,,0,0,000000000,00000000000,0,0,0,1,0,0,0,0,0,0,0,998,0,0,0,12,12,6,2,8,0,0,0,1,4,85714,6,1,0,0,3,0,69,150,0,0,0,0,2,9,2008,12,2010,0,86,0,0,0,5,4,40,1,1,2,1,0,0,1,80,7,1,3,13,0,0
4,40391,1,1,6,2,7,20,38,5,0,1,0,4,2,23,481,23481,31,2004,1GTEC14X54Z3,1,G,T,E,C,1,4,X,5,4,Z,3,0,T,GMC,NC1,PK,4,17,,2,1330,1190,SIE,G,,,6,262,,,,B,4142,00,4,42,0,0,000000000,00000000000,0,0,0,1,0,0,0,0,0,0,0,999,0,0,0,0,0,0,3,5,0,0,0,1,4,85713,1,1,0,0,2,0,64,130,0,2,0,1,0,9,2009,9,2010,0,92,0,0,0,5,4,98,1,1,2,1,0,0,1,98,1,1,1,0,1,0
4,40392,1,2,2,2,7,99,99,12,2,1,0,99,9,99,999,99999,99,9999,999999999999,9,9,9,9,9,9,9,9,9,9,9,9,0,,,,,,,,,,,,,,,,,,,,,,,,,0,0,000000000,00000000000,0,0,0,1,0,0,0,0,0,0,0,999,0,0,0,12,99,9,9,12,0,0,0,1,4,85222,6,1,0,0,3,0,61,143,0,0,0,1,0,6,2010,6,2010,9,28,0,0,0,9,9,99,9,9,2,99,0,0,99,10,99,9,2,50,2,1
4,40392,2,2,1,2,7,99,99,12,2,1,0,99,9,99,999,99999,99,9999,999999999999,9,9,9,9,9,9,9,9,9,9,9,9,0,,,,,,,,,,,,,,,,,,,,,,,,,0,0,000000000,00000000000,0,0,0,1,0,0,0,0,0,0,0,999,0,0,0,12,99,9,9,12,0,0,0,1,99,99999,9,9,99,0,9,9,999,999,99,99,99,99,99,99,9999,99,9999,9,99,99,99,99,9,9,99,9,9,2,99,0,0,99,62,99,9,9,51,0,0
4,40393,1,1,1,3,7,13,14,35,0,1,0,4,1,49,41,49041,2,1991,JT2SW22M4M00,J,T,2,S,W,2,2,M,4,M,0,0,0,P,TOYT,MR2,CP,91,17,2599,,0,945,,G,,T,4,122,,,14R195,,,,,,0,0,000000000,00000000000,0,0,0,1,0,0,0,0,0,0,0,999,0,0,0,12,98,6,2,35,0,0,0,1,4,86336,6,1,0,0,3,0,67,147,0,0,0,0,0,0,0,0,0,1,0,0,0,0,2,2,75,1,1,2,1,0,0,1,9,1,9,4,2,1,0
4,40394,1,1,1,9,7,4,0,99,99,1,0,99,9,99,999,99999,99,9999,999999999999,9,9,9,9,9,9,9,9,9,9,9,9,0,,,,,,,,,,,,,,,,,,,,,,,,,0,0,000000000,00000000000,0,0,0,1,0,0,0,0,0,0,0,999,0,9,9,99,99,9,9,1,0,0,0,1,4,86033,6,1,0,0,3,0,75,215,0,0,0,0,0,0,0,0,0,9,99,99,99,99,9,9,99,9,9,5,99,0,0,99,99,99,9,9,99,1,0
4,40395,1,1,1,9,7,9,53,9,0,1,0,4,2,21,21,21021,4,2001,1G3NL52T11C2,1,G,3,N,L,5,2,T,1,1,C,2,0,P,OLDS,A/G,4D,1,17,3022,,0,1070,,G,,F,4,146,,,15R215,,,,,,0,0,000000000,00000000000,0,0,0,1,0,0,0,0,0,0,0,33,0,0,0,12,12,2,1,9,0,0,0,1,4,85051,6,1,0,0,3,0,69,195,0,1,0,0,1,11,2008,12,2009,0,0,0,0,0,5,5,40,1,1,2,1,3,3,1,83,2,1,1,13,0,0
4,40396,1,1,1,10,7,99,99,99,99,1,0,99,9,99,999,99999,99,9999,999999999999,9,9,9,9,9,9,9,9,9,9,9,9,0,,,,,,,,,,,,,,,,,,,,,,,,,0,0,000000000,00000000000,0,0,0,1,0,0,0,0,0,0,0,999,0,0,0,99,99,9,9,99,0,0,0,1,4,86505,6,1,0,0,3,3,60,136,0,0,0,0,0,0,0,0,0,9,99,99,99,99,9,9,99,9,9,2,99,0,0,99,99,99,9,9,99,1,0
4,40397,1,1,2,16,7,23,47,1,0,1,0,99,9,99,999,99999,99,9999,999999999999,9,9,9,9,9,9,9,9,9,9,9,9,0,,,,,,,,,,,,,,,,,,,,,,,,,0,0,000000000,00000000000,0,0,0,1,0,0,0,0,0,0,0,999,0,9,9,0,99,9,9,1,0,0,0,1,99,99999,9,9,99,0,9,9,999,999,99,99,99,99,99,99,9999,99,9999,9,99,99,99,99,9,9,99,9,9,9,99,0,0,99,99,99,9,9,98,1,0
4,40398,1,1,2,19,7,14,21,42,0,1,0,4,2,98,998,98998,97,2006,L5BG1LS68610,L,5,B,G,1,L,S,6,8,6,1,0,0,U,,,,6,17,,,,,,,,,,,,,,,,,,,0,0,000000000,00000000000,0,0,0,1,0,0,0,0,0,0,0,998,0,0,0,12,98,6,2,42,0,0,0,1,4,85140,6,1,0,0,3,0,74,215,0,0,0,1,0,2,2011,2,2011,0,99,99,99,99,1,2,98,4,9,5,1,0,0,14,9,99,9,4,2,1,0
4,40399,1,2,2,22,7,4,55,1,0,1,0,4,2,7,472,7472,30,2008,1D7HE32K18S5,1,D,7,H,E,3,2,K,1,8,S,5,0,T,DODG,SXT,4C,8,17,,2,0,1313,DAK,G,,,6,225,,,,B,4296,00,E,42,0,0,000000000,00000000000,0,0,0,1,0,0,0,0,0,0,0,40,0,0,0,3,98,6,2,31,32,0,0,1,4,85034,6,1,0,0,3,3,62,208,0,0,0,0,0,0,0,0,0,0,39,91,0,0,5,5,40,1,1,2,1,2,3,1,17,1,1,1,98,0,1
4,40399,2,2,1,22,7,4,55,1,0,1,0,4,1,53,705,53705,80,2005,JS1GN7CA7521,J,S,1,G,N,7,C,A,7,5,2,1,0,M,SUZI,GSK,RC,5,17,,,,,,,599,,4,,4,355,,,,,,,0,0,000000000,00000000000,0,0,0,1,0,0,0,0,0,0,0,30,0,0,0,0,98,6,2,12,0,0,0,1,4,85019,1,1,0,0,2,0,69,170,0,3,0,1,2,2,2009,7,2011,0,0,0,0,0,5,5,40,1,1,2,1,2,3,1,66,98,1,1,98,1,0
4,40400,1,3,1,22,7,20,10,12,1,1,0,4,2,76,734,76734,90,2005,JY4AJ11Y75C0,J,Y,4,A,J,1,1,Y,7,5,C,0,0,M,YAMA,Z45,AT,5,17,,,,,,,439,,1,,4,350,,,,,,,0,0,000000000,00000000000,0,0,0,1,0,0,0,0,0,0,0,998,0,0,0,12,98,2,1,12,0,0,0,1,4,85050,6,1,0,0,3,0,68,175,0,0,0,0,0,0,0,0,0,9,99,99,99,99,2,2,35,1,1,2,1,0,0,1,51,1,1,1,24,1,0
4,40400,2,3,1,22,7,20,10,12,1,1,0,92,0,53,709,53709,83,2001,999999999999,9,9,9,9,9,9,9,9,9,9,9,9,0,,,,,,,,,,,,,,,,,,,,,,,,,0,0,000000000,00000000000,0,0,0,1,0,0,0,0,0,0,0,998,0,0,0,6,98,6,2,12,0,0,0,1,4,86515,6,1,0,0,2,0,75,150,0,0,0,2,1,5,2009,5,2011,0,0,0,0,0,2,2,35,1,1,2,1,0,0,1,53,1,1,1,25,0,0
4,40400,3,3,1,22,7,20,10,12,1,1,0,4,1,76,734,76734,90,2010,JY4AJ44Y7AC0,J,Y,4,A,J,4,4,Y,7,A,C,0,0,M,YAMA,Z4X,AT,10,17,,,,,,,449,,1,,4,400,,,,,,,0,0,000000000,00000000000,0,0,0,1,0,0,0,0,0,0,0,998,0,0,0,99,99,2,9,12,0,0,0,1,4,86515,6,1,0,0,3,3,71,205,1,0,0,1,0,11,2010,12,2010,0,0,0,0,0,2,2,35,1,1,2,1,0,0,99,99,99,9,3,98,0,0
4,40401,1,1,7,23,7,1,43,33,0,1,0,4,1,14,401,14401,14,2002,4M2ZU86W52ZJ,4,M,2,Z,U,8,6,W,5,2,Z,J,0,P,MERC,MOU,UT,2,17,4410,,0,1138,,G,,F,8,281,,,16R245,,,,,,0,0,000000000,00000000000,0,0,0,1,0,0,0,0,0,0,0,40,0,0,0,14,98,6,2,30,0,0,0,1,4,85335,6,1,0,0,3,0,64,340,0,1,0,1,0,9,2008,9,2008,0,0,0,0,0,5,6,40,1,1,8,1,0,0,1,9,1,9,4,2,1,0
4,40402,1,3,1,25,7,7,6,33,0,1,0,4,1,41,37,41037,4,1999,1YVGF22C0X58,1,Y,V,G,F,2,2,C,0,X,5,8,0,P,MAZD,U6X,4D,99,17,2798,,0,1051,,G,,F,4,122,,,14R185,,,,,,0,0,000000000,00000000000,0,0,0,1,0,0,0,0,0,0,0,86,0,0,0,14,98,6,2,12,0,0,0,1,4,85022,6,1,0,0,3,0,72,170,0,0,0,0,0,0,0,0,0,1,0,0,0,0,2,3,45,1,6,2,1,0,0,1,13,1,1,4,1,1,0
4,40402,2,3,1,25,7,7,6,33,0,1,0,4,1,14,6,14006,4,1994,2MELM74W4RX6,2,M,E,L,M,7,4,W,4,R,X,6,0,P,MERC,GMG,4D,94,17,3787,,0,1144,,G,,F,8,281,,,15R215,,,,,,0,0,000000000,00000000000,0,0,0,1,0,0,0,0,0,0,0,43,0,0,0,10,98,6,2,12,0,0,0,1,4,85022,6,1,0,0,3,0,67,140,0,0,0,0,0,0,0,0,0,0,0,0,0,0,2,3,45,1,5,2,1,0,0,1,62,1,1,1,98,0,0
4,40402,3,3,3,25,7,7,6,33,0,1,0,4,2,12,37,12037,4,2001,1FAFP33P01W2,1,F,A,F,P,3,3,P,0,1,W,2,0,P,FORD,FOX,4D,1,17,2563,,0,1030,,G,,F,4,122,,,14R185,,,,,,0,0,000000000,00000000000,0,0,0,1,0,0,0,0,0,0,0,0,0,1,6,82,98,6,2,1,0,0,0,1,4,85032,0,0,0,0,0,0,999,999,0,0,0,0,0,0,0,0,0,0,0,0,0,0,1,2,45,1,1,2,1,0,0,5,78,1,1,1,98,0,0
4,40403,1,1,1,28,7,20,42,8,0,1,0,4,1,20,2,20002,4,2002,2G1WF52EX292,2,G,1,W,F,5,2,E,X,2,9,2,0,P,CHEV,IMP,4D,2,17,3389,,0,1105,,G,,F,6,207,,,16R225,,,,,,0,0,000000000,00000000000,0,0,0,1,0,0,0,0,0,0,0,41,0,0,0,12,12,6,2,8,0,0,0,1,4,85040,6,1,0,0,3,0,63,180,0,0,0,0,0,0,0,0,0,0,0,0,0,0,5,4,35,1,1,2,1,0,0,1,80,9,2,3,13,0,0
4,40404,1,1,1,29,7,2,40,1,0,1,0,4,1,12,481,12481,31,2001,1FTRX18LX1NB,1,F,T,R,X,1,8,L,X,1,N,B,0,T,FORD,F15,4C,1,17,,2,1574,1388,COF,G,,,8,330,,,,B,4611,04,U,44,0,0,000000000,00000000000,0,0,0,1,0,0,0,0,0,0,0,55,0,1,5,0,98,6,2,1,0,0,0,1,4,85344,6,1,0,0,3,0,72,305,0,0,0,0,0,0,0,0,0,0,58,92,0,0,1,2,55,1,1,2,1,0,0,1,13,1,1,4,1,1,1
4,40405,1,1,1,30,7,4,30,8,0,1,1,99,9,99,999,99999,99,9999,999999999999,9,9,9,9,9,9,9,9,9,9,9,9,0,,,,,,,,,,,,,,,,,,,,,,,,,0,0,000000000,00000000000,0,0,0,1,0,0,0,0,0,0,0,999,0,0,0,99,99,9,1,8,0,0,0,1,99,99999,9,9,99,0,9,9,999,999,99,99,99,99,99,99,9999,99,9999,9,99,99,99,99,9,9,99,9,9,2,99,0,0,99,80,99,9,9,13,0,0
4,40406,1,1,1,30,7,21,24,9,0,1,0,99,9,20,399,20399,4,1989,999999999999,9,9,9,9,9,9,9,9,9,9,9,9,0,,,,,,,,,,,,,,,,,,,,,,,,,0,0,000000000,00000000000,0,0,0,1,0,0,0,0,0,0,0,999,0,0,0,12,99,9,9,9,0,0,0,1,99,99999,9,9,99,0,9,9,999,999,99,99,99,99,99,99,9999,99,9999,9,99,99,99,99,9,9,99,1,1,2,99,2,3,99,83,99,9,9,13,0,0
4,40407,1,2,1,31,7,16,22,12,6,1,0,4,1,59,401,59401,14,2000,JT6HF10U7Y01,J,T,6,H,F,1,0,U,7,Y,0,1,0,P,LEXS,RX3,UT,0,17,3900,,0,1031,,G,,F,6,183,,,16R225,,,,,,0,0,000000000,00000000000,0,0,0,1,0,0,0,0,0,0,0,45,0,0,0,61,61,6,2,12,32,0,0,1,4,85283,6,1,0,0,3,0,63,128,0,0,0,1,0,7,2009,7,2009,0,39,89,0,0,1,2,50,1,1,2,1,3,3,1,17,1,1,1,89,1,0
4,40407,2,2,1,31,7,16,22,12,6,1,0,4,3,84,881,84881,62,2008,1HTMMAAL88J6,1,H,T,M,M,A,A,L,8,8,J,6,0,T,INTL,430,CC,8,17,,6,0,0,40S,D,,,6,466,,,,,00000,00,,42,0,88,888888888,88888888888,2,1,3,1,0,0,0,0,0,0,0,53,0,0,0,12,12,6,2,12,0,0,0,1,4,85345,6,1,2,0,2,0,73,260,0,2,0,0,0,3,2009,4,2009,1,0,0,0,0,1,2,45,1,1,2,1,3,3,1,66,1,1,1,88,0,0
4,40408,1,2,4,31,7,18,42,12,6,1,0,4,1,7,43,7043,4,2006,1B3EL46X86N2,1,B,3,E,L,4,6,X,8,6,N,2,0,P,DODG,SRX,4D,6,17,3106,,0,1080,,G,,F,4,146,,,16R205,,,,,,0,0,000000000,00000000000,0,0,0,1,0,0,0,0,0,0,0,32,0,0,0,3,3,6,2,12,0,0,0,1,4,85051,6,1,0,0,3,1,66,170,0,0,0,0,1,10,2009,10,2009,0,39,0,0,0,5,5,40,1,1,2,1,2,3,1,17,1,1,1,87,1,0
4,40408,2,2,1,31,7,18,42,12,6,1,0,4,1,12,481,12481,31,1997,1FTDX1769VKA,1,F,T,D,X,1,7,6,9,V,K,A,0,T,FORD,F15,3C,97,17,,1,1570,1390,COF,G,,,8,281,,,,B,4045,03,E,42,0,0,000000000,00000000000,0,0,0,1,0,0,0,0,0,0,0,48,0,0,0,12,12,6,2,12,0,0,0,1,4,85042,6,1,0,0,3,0,63,198,0,0,0,0,0,0,0,0,0,0,0,0,0,0,5,5,40,1,1,2,1,2,3,1,66,1,1,1,86,0,0
4,40409,1,1,1,2,8,4,57,8,0,1,0,4,1,7,20,7020,4,2005,1B3ES56CX5D2,1,B,3,E,S,5,6,C,X,5,D,2,0,P,DODG,NXT,4D,5,17,2634,,0,1040,,G,,F,4,122,,,15R185,,,,,,0,0,000000000,00000000000,0,0,0,1,0,0,0,0,0,0,0,998,0,0,0,12,12,4,3,8,0,0,0,1,4,85223,6,1,0,0,3,0,69,185,0,0,0,0,0,0,0,0,0,0,0,0,0,0,2,2,65,1,1,2,1,0,0,1,80,1,1,1,13,0,0
4,40410,1,1,1,4,8,13,45,41,0,1,0,4,1,49,40,49040,4,1990,4T1SV21EXLU2,4,T,1,S,V,2,1,E,X,L,U,2,0,P,TOYT,CMD,4D,90,17,0,,0,1024,,G,,F,4,122,,,14R185,,,,,,0,0,000000000,00000000000,0,0,0,1,0,0,0,0,0,0,0,65,0,1,3,99,98,6,2,1,0,0,0,1,4,86313,6,1,0,0,3,0,68,181,0,0,0,0,0,0,0,0,0,0,0,0,0,0,2,2,65,2,6,2,1,0,0,14,12,1,1,4,6,1,1
4,40411,1,1,3,4,8,20,50,8,0,1,0,4,1,12,481,12481,31,2010,1FTFX1CV6AFC,1,F,T,F,X,1,C,V,6,A,F,C,0,T,FORD,F15,4C,10,17,,2,1630,1330,COF,F,,,8,329,,,,B,5137,00,7,42,0,0,000000000,00000000000,0,0,0,1,0,0,0,0,0,0,0,998,0,0,0,12,12,2,1,8,0,0,0,1,4,85354,6,1,0,0,3,3,68,180,0,0,0,0,0,0,0,0,0,0,0,0,0,0,2,2,65,1,1,2,1,0,0,1,80,1,1,1,13,0,0
4,40412,1,2,1,5,8,8,20,12,6,1,0,56,1,12,481,12481,31,2006,1FTSX21P66EC,1,F,T,S,X,2,1,P,6,6,E,C,0,T,FORD,F2S,4C,6,17,,2,1580,1420,SRW,D,,,8,366,,,,C,6207,01,U,44,0,0,000000000,00000000000,0,0,0,1,0,0,0,0,0,0,0,10,0,0,0,82,98,6,2,12,0,0,0,1,56,82644,6,1,0,0,3,3,68,170,0,0,1,0,0,12,2009,12,2009,0,48,91,92,0,1,2,45,1,1,2,1,0,0,11,15,1,1,2,68,0,0
4,40412,2,2,2,5,8,8,20,12,6,1,0,4,1,37,706,37706,80,2004,1HFSC47024A3,1,H,F,S,C,4,7,0,2,4,A,3,0,M,HOND,GL8,RS,4,17,,,,,,,1832,,6,,4,999,,,,,,,0,0,000000000,00000000000,0,0,0,1,0,0,0,0,0,0,0,30,0,0,0,12,98,6,2,12,0,0,0,1,4,85705,6,1,0,0,3,3,72,210,0,0,0,0,0,0,0,0,0,0,0,0,0,0,1,2,45,1,1,2,1,0,0,1,62,3,2,1,69,2,0
4,40413,1,1,7,5,8,12,39,1,0,1,0,4,2,7,422,7422,15,2006,1D4HD38N06F1,1,D,4,H,D,3,8,N,0,6,F,1,0,P,DODG,DUR,UT,6,17,4462,,0,1192,,G,,F,8,287,,,17R245,,,,,,0,0,000000000,00000000000,0,0,0,1,0,0,0,0,0,0,0,65,0,1,1,0,98,6,2,1,32,0,0,1,4,85226,6,1,0,0,3,0,68,200,0,0,0,1,0,1,2010,1,2010,0,80,0,0,0,6,2,65,2,1,2,1,0,0,14,1,7,4,3,98,1,0
4,40414,1,1,2,6,8,3,46,8,0,1,0,4,1,7,482,7482,31,1994,1B7HC16X3RS5,1,B,7,H,C,1,6,X,3,R,S,5,0,T,DODG,150,PK,94,17,,2,1347,1187,RPC,G,,,6,239,,,,B,3817,01,B,42,0,0,000000000,00000000000,0,0,0,1,0,0,0,0,0,0,0,998,0,0,0,14,14,0,1,8,0,0,0,1,4,85362,6,1,0,0,3,0,74,165,0,0,0,0,0,0,0,0,0,0,0,0,0,0,1,3,65,1,5,2,1,0,0,1,80,1,1,1,13,0,0
4,40415,1,2,1,6,8,7,40,12,6,1,0,4,1,30,40,30040,2,1989,WVWKB01G8KW4,W,V,W,K,B,0,1,G,8,K,W,4,0,P,VOLK,JET,2D,89,17,0,,0,973,,G,,F,4,109,,,13R175,,,,,,0,0,000000000,00000000000,0,0,0,1,0,0,0,0,0,0,0,53,0,0,0,9,98,6,2,12,0,0,0,1,4,85326,6,1,0,0,3,0,59,140,0,0,0,0,0,0,0,0,0,0,39,0,0,0,1,2,50,1,1,2,1,20,3,1,17,1,1,1,89,1,0
4,40415,2,2,1,6,8,7,40,12,6,1,0,4,1,7,482,7482,31,1998,1B7HF16Y9WS7,1,B,7,H,F,1,6,Y,9,W,S,7,0,T,DODG,150,PK,98,17,,2,1347,1187,RPC,G,,,8,318,,,,B,4552,01,U,44,0,0,000000000,00000000000,0,0,0,1,0,0,0,0,0,0,0,55,0,0,0,12,12,6,2,12,0,0,0,1,4,85326,6,1,0,0,3,0,73,175,0,3,0,0,0,11,2008,4,2011,0,89,0,0,0,1,2,55,1,1,2,1,0,0,1,66,8,2,3,88,0,0
4,40416,1,1,1,6,8,23,36,1,0,1,0,4,1,12,442,12442,20,2003,2FMZA52463BB,2,F,M,Z,A,5,2,4,6,3,B,B,0,T,FORD,WSE,ES,3,17,,1,0,1207,WIN,G,,,6,232,,,,B,3762,00,E,42,0,0,000000000,00000000000,0,0,0,1,0,0,0,0,0,0,0,75,0,1,5,0,98,6,2,1,0,0,0,1,4,85335,6,1,0,0,3,3,67,165,0,0,0,0,0,0,0,0,0,0,80,0,0,0,2,2,75,1,1,1,1,0,0,1,1,1,1,4,1,1,0
4,40417,1,2,1,8,8,20,0,12,6,1,0,4,1,12,481,12481,31,2005,1FTSW21P45EC,1,F,T,S,W,2,1,P,4,5,E,C,0,T,FORD,F2S,CW,5,17,,2,1724,1562,SRW,D,,,8,366,,,,C,6538,00,E,44,0,0,000000000,00000000000,0,0,0,1,0,0,0,0,0,0,0,3,0,0,0,2,98,4,1,12,0,0,0,1,4,85375,6,1,0,0,3,3,72,210,0,0,0,0,0,0,0,0,0,0,38,92,0,0,2,2,50,1,1,2,1,3,3,11,15,1,1,2,68,0,0
4,40417,2,2,1,8,8,20,0,12,6,1,0,4,1,53,705,53705,80,2006,JS1GN7DAX621,J,S,1,G,N,7,D,A,X,6,2,1,0,M,SUZI,K6R,RC,6,17,,,,,,,599,,4,,4,354,,,,,,,0,0,000000000,00000000000,0,0,0,1,0,0,0,0,0,0,0,45,0,0,0,12,98,6,2,12,0,0,0,1,4,85388,6,1,0,0,2,0,69,160,0,0,0,0,5,8,2010,7,2011,0,0,0,0,0,2,3,50,1,1,2,1,3,3,1,66,3,2,1,69,1,0
4,40418,1,1,1,9,8,11,29,25,0,1,0,4,2,20,870,20870,61,1998,1GBJG31F1W10,1,G,B,J,G,3,1,F,1,W,1,0,0,T,CHEV,CUT,YY,98,17,,3,1770,1390,CTV,D,,,8,397,,,,D,00000,00,,42,0,88,888888888,88888888888,2,1,1,1,0,0,0,0,0,0,0,65,0,1,3,62,98,6,2,1,0,0,0,1,4,85254,6,1,0,0,3,0,73,285,0,0,0,0,0,0,0,0,0,0,99,99,99,99,3,4,65,1,1,2,1,0,0,99,9,1,9,4,7,1,0