STATE,ST_CASE,VEH_NO,VE_FORMS,NUMOCCS,DAY,MONTH,HOUR,MINUTE,HARM_EV,MAN_COLL,UNITTYPE,HIT_RUN,REG_STAT,OWNER,MAKE,MODEL,MAK_MOD,BODY_TYP,MOD_YEAR,VIN,VIN_1,VIN_2,VIN_3,VIN_4,VIN_5,VIN_6,VIN_7,VIN_8,VIN_9,VIN_10,VIN_11,VIN_12,TOW_VEH,VINTYPE,VINMAKE,VINA_MOD,VIN_BT,VINMODYR,VIN_LNGT,VIN_WGT,WGTCD_TR,WHLBS_LG,WHLBS_SH,SER_TR,FUELCODE,MCYCL_DS,CARBUR,CYLINDER,DISPLACE,MCYCL_CY,MCYCL_WT,TIRE_SZE,TON_RAT,TRK_WT,TRKWTVAR,VIN_REST,WHLDRWHL,J_KNIFE,MCARR_I1,MCARR_I2,MCARR_ID,GVWR,V_CONFIG,CARGO_BT,HAZ_INV,HAZ_PLAC,HAZ_ID,HAZ_CNO,HAZ_REL,BUS_USE,SPEC_USE,EMER_USE,TRAV_SP,UNDERIDE,ROLLOVER,ROLINLOC,IMPACT1,IMPACT2,DEFORMED,TOWED,M_HARM,VEH_SC1,VEH_SC2,FIRE_EXP,DR_PRES,L_STATE,DR_ZIP,L_STATUS,L_TYPE,CDL_STAT,L_ENDORS,L_COMPL,L_RESTRI,DR_HGT,DR_WGT,PREV_ACC,PREV_SUS,PREV_DWI,PREV_SPD,PREV_OTH,FIRST_MO,FIRST_YR,LAST_MO,LAST_YR,SPEEDREL,DR_SF1,DR_SF2,DR_SF3,DR_SF4,VTRAFWAY,VNUM_LAN,VSPD_LIM,VALIGN,VPROFILE,VPAVETYP,VSURCOND,VTRAFCON,VTCONT_F,P_CRASH1,P_CRASH2,P_CRASH3,PCRASH4,PCRASH5,ACC_TYPE,DEATHS,DR_DRINK
4,40419,1,1,1,9,8,15,46,1,0,1,0,4,1,20,403,20403,14,2003,1GNDS13S6323,1,G,N,D,S,1,3,S,6,3,2,3,0,P,CHEV,TRL,UT,3,17,4417,,0,1130,,G,,F,6,256,,,16R245,,,,,,0,0,000000000,00000000000,0,0,0,1,0,0,0,0,0,0,0,998,0,1,3,0,98,6,2,1,0,0,0,1,4,85621,6,1,0,0,3,0,62,130,0,0,0,0,0,0,0,0,0,0,58,0,0,0,2,2,75,1,1,2,1,0,0,1,9,7,3,4,7,1,0
4,40420,1,2,1,9,8,16,53,12,1,1,0,4,1,12,481,12481,31,1999,1FTNX21S1XEA,1,F,T,N,X,2,1,S,1,X,E,A,0,T,FORD,F2S,4C,99,17,,2,1580,1418,SRW,G,,,10,415,,,,C,5635,01,E,44,0,0,000000000,00000000000,0,0,0,1,0,0,0,0,0,0,0,86,0,1,5,12,98,6,2,1,0,0,1,1,4,85346,6,1,0,0,3,0,73,220,0,0,0,1,0,9,2009,9,2009,1,0,0,0,0,8,8,55,1,1,2,1,0,0,1,51,6,1,1,24,1,1
4,40420,2,2,2,9,8,16,53,12,1,1,0,36,1,23,481,23481,31,2002,1GTHK24142E2,1,G,T,H,K,2,4,1,4,2,E,2,0,T,GMC,2KH,PK,2,17,,2,0,1330,SIE,D,,,8,403,,,,C,5484,00,U,44,0,0,000000000,00000000000,0,0,0,1,0,0,0,0,0,0,0,50,0,0,0,6,6,2,1,12,0,0,0,1,36,12810,6,1,0,0,3,9,70,999,0,0,0,0,0,0,0,0,0,0,0,0,0,0,8,8,55,1,1,2,1,0,0,1,53,1,1,1,27,0,0
4,40421,1,1,1,9,8,20,48,1,0,1,0,4,2,20,421,20421,15,1993,1GNFK16K6PJ4,1,G,N,F,K,1,6,K,6,P,J,4,0,P,CHEV,K15,UT,93,17,5148,,0,1315,,G,,F,8,350,,,16R225,,,,,,0,0,000000000,00000000000,0,0,0,1,0,0,0,0,0,0,0,998,0,1,5,0,98,6,2,1,0,0,0,1,4,85630,6,1,0,0,3,0,68,160,1,0,0,2,1,1,2010,8,2011,9,99,99,99,99,5,2,50,1,1,2,1,0,0,1,9,1,9,4,2,1,0
4,40422,1,2,1,10,8,16,4,12,6,1,0,4,1,37,32,37032,4,1990,JHMCB7659LC0,J,H,M,C,B,7,6,5,9,L,C,0,0,P,HOND,ALE,4D,90,17,2857,,0,1071,,G,,F,4,132,,,14R185,,,,,,0,0,000000000,00000000000,0,0,0,1,0,0,0,0,0,0,0,998,0,0,0,81,98,6,2,12,0,0,0,1,4,86409,6,1,0,0,3,0,73,276,0,0,0,0,0,0,0,0,0,0,39,0,0,0,1,2,55,1,1,2,1,20,3,1,17,1,1,1,87,1,0
4,40422,2,2,1,10,8,16,4,12,6,1,0,40,3,82,881,82881,66,2010,1FUJGEDV3ASA,1,F,U,J,G,E,D,V,3,A,S,A,1,T,FRHT,125,TR,10,17,,8,0,0,CSC,D,,,6,781,,,,,00000,00,,64,1,57,00913300,5700913300,3,6,2,2,2,1203,3,1,0,0,0,55,0,0,0,12,12,6,2,12,0,0,0,1,4,86409,6,1,6,1,3,0,71,208,0,0,0,0,0,0,0,0,0,0,0,0,0,0,2,2,55,1,1,2,1,0,0,1,66,1,1,1,86,0,0
4,40424,1,1,1,12,8,22,50,1,0,1,0,4,2,12,13,12013,4,1999,1FAFP13P1XW1,1,F,A,F,P,1,3,P,1,X,W,1,0,P,FORD,ESE,4D,99,17,2468,,0,984,,G,,F,4,122,,,14R185,,,,,,0,0,000000000,00000000000,0,0,0,1,0,0,0,0,0,0,0,100,0,1,5,0,98,6,2,1,0,0,0,1,4,86444,6,1,0,0,3,2,68,200,0,2,1,0,0,6,2009,9,2010,1,28,74,24,0,1,2,50,2,1,2,1,0,0,14,6,6,4,4,2,1,1
4,40425,1,2,1,13,8,1,35,12,1,1,0,4,1,55,33,55033,4,2011,5NPEC4AC8BH1,5,N,P,E,C,4,A,C,8,B,H,1,0,P,HYUN,SLI,4D,11,17,3199,,0,1100,,G,,F,4,144,,,17R215,,,,,,0,0,000000000,00000000000,0,0,0,1,0,0,0,0,0,0,0,999,2,1,1,12,98,6,2,12,0,0,0,1,4,85340,6,1,0,0,3,0,73,190,0,0,0,0,0,0,0,0,0,1,0,0,0,0,3,4,55,1,1,2,1,98,3,1,51,1,1,1,24,0,1
4,40425,2,2,3,13,8,1,35,12,1,1,0,4,1,20,401,20401,14,1997,1GNDT13W7V22,1,G,N,D,T,1,3,W,7,V,2,2,0,P,CHEV,BZR,UT,97,17,4046,,0,1070,,G,,F,6,262,,,15R205,,,,,,0,0,000000000,00000000000,0,0,0,1,0,0,0,0,0,0,0,998,0,1,1,6,98,6,2,2,0,0,1,1,4,85374,6,1,0,0,3,0,62,150,0,0,0,0,0,0,0,0,0,0,0,0,0,0,3,4,55,1,1,2,1,98,3,1,53,1,1,1,25,3,0
4,40426,1,2,3,13,8,3,21,12,6,1,0,4,1,12,37,12037,4,2010,1FAHP3FN5AW2,1,F,A,H,P,3,F,N,5,A,W,2,0,P,FORD,FSE,4D,10,17,2623,,0,1029,,G,,F,4,122,,,15R195,,,,,,0,0,000000000,00000000000,0,0,0,1,0,0,0,0,0,0,0,45,0,0,0,81,98,6,2,12,0,0,0,1,4,85256,6,1,0,0,3,0,71,223,0,1,0,0,0,8,2008,8,2008,1,39,0,0,0,1,5,45,1,1,8,2,3,3,1,17,1,1,1,87,3,1
4,40426,2,2,1,13,8,3,21,12,6,1,0,17,3,98,809,98809,66,2008,2FWJA3CV08AA,2,F,W,J,A,3,C,V,0,8,A,A,1,T,STRG,AT9,TR,8,17,,8,0,0,STE,D,,,6,782,,,,,00000,00,,64,3,57,055787,57055787,3,6,1,1,0,0,0,0,0,0,0,45,0,0,0,12,98,6,2,12,0,0,0,1,4,85224,6,1,6,0,3,0,72,210,0,0,0,0,0,0,0,0,0,0,0,0,0,0,1,3,45,1,1,8,2,3,3,1,66,1,1,1,86,0,0
4,40427,1,1,2,14,8,13,33,1,0,1,0,4,1,20,22,20022,2,2010,1G1AH1F5XA71,1,G,1,A,H,1,F,5,X,A,7,1,0,P,CHEV,CBT,CP,10,17,2991,,0,1033,,G,,F,4,134,,,15R195,,,,,,0,0,000000000,00000000000,0,0,0,1,0,0,0,0,0,0,0,998,0,1,3,0,98,6,2,1,0,0,0,1,4,85706,6,1,0,0,3,3,68,150,0,0,0,0,0,0,0,0,0,1,0,0,0,0,2,2,75,1,1,2,1,0,0,1,9,6,4,4,7,1,0
4,40428,1,7,1,15,8,7,48,12,1,1,0,4,1,7,482,7482,31,2002,1D7HA16K62J1,1,D,7,H,A,1,6,K,6,2,J,1,0,T,DODG,150,PK,2,17,,2,1405,1205,RPC,G,,,6,225,,,,B,4366,01,E,42,0,0,000000000,00000000000,0,0,0,1,0,0,0,0,0,0,0,45,7,0,0,12,98,6,2,12,0,0,0,1,4,85206,6,1,0,0,3,0,74,235,0,0,0,0,0,0,0,0,0,0,28,0,0,0,8,8,45,1,1,8,1,0,0,1,51,1,1,1,20,1,0
4,40428,2,7,1,15,8,7,48,12,1,1,0,4,2,22,20,22020,4,2007,2G2WP5523712,2,G,2,W,P,5,5,2,3,7,1,2,0,P,PONT,GRA,4D,7,17,3477,,0,1105,,G,,F,6,232,,,16R225,,,,,,0,0,000000000,00000000000,0,0,0,1,0,0,0,0,0,0,0,0,0,0,0,6,98,4,1,12,0,0,0,1,4,85204,0,0,0,0,0,0,999,999,0,0,0,0,0,0,0,0,0,0,0,0,0,0,8,8,45,1,1,8,1,3,3,5,53,1,1,1,21,0,0
4,40428,3,7,1,15,8,7,48,12,1,1,0,6,1,22,401,22401,14,2001,3G7DA03E31S5,3,G,7,D,A,0,3,E,3,1,S,5,0,P,PONT,AZT,UT,1,17,3779,,0,1083,,G,,F,6,207,,,15R215,,,,,,0,0,000000000,00000000000,0,0,0,1,0,0,0,0,0,0,0,45,0,0,0,61,98,4,1,12,0,0,0,1,6,95123,6,1,0,0,3,0,68,150,0,0,0,0,1,7,2009,7,2009,0,0,0,0,0,8,8,45,1,1,8,1,0,0,1,62,1,1,1,98,0,0
4,40428,4,7,1,15,8,7,48,12,1,1,0,4,1,41,35,41035,4,2001,JM1BJ2228104,J,M,1,B,J,2,2,2,8,1,0,4,0,P,MAZD,PDL,4D,1,17,2493,,0,1028,,G,,F,4,097,,,14R185,,,,,,0,0,000000000,00000000000,0,0,0,1,0,0,0,0,0,0,0,45,0,0,0,61,98,4,1,12,0,0,0,1,4,85201,6,1,0,0,3,0,72,200,0,0,0,0,0,0,0,0,0,0,0,0,0,0,8,8,45,1,1,8,1,0,0,1,62,1,1,1,98,0,0
4,40428,5,7,1,15,8,7,48,12,1,1,0,4,1,20,421,20421,15,2003,1GNEK13Z73R1,1,G,N,E,K,1,3,Z,7,3,R,1,0,P,CHEV,KTA,UT,3,17,5050,,0,1160,,F,,F,8,325,,,16R265,,,,,,0,0,000000000,00000000000,0,0,0,1,0,0,0,0,0,0,0,45,0,0,0,12,98,6,2,12,0,0,0,1,4,85207,6,1,0,0,3,0,61,160,0,1,0,0,1,3,2010,4,2010,0,0,0,0,0,8,8,45,1,1,8,1,0,0,1,54,1,1,1,98,0,0
4,40428,6,7,2,15,8,7,48,12,1,1,0,4,1,12,402,12402,14,2008,1FMCU94158KB,1,F,M,C,U,9,4,1,5,8,K,B,0,P,FORD,SPE,UT,8,17,3547,,0,1031,,G,,F,6,183,,,16R235,,,,,,0,0,000000000,00000000000,0,0,0,1,0,0,0,0,0,0,0,45,0,0,0,12,98,6,2,12,0,0,0,1,4,85206,6,1,0,0,3,3,69,250,0,0,0,0,0,0,0,0,0,0,0,0,0,0,8,8,45,1,1,8,1,0,0,1,62,1,1,1,98,0,0
4,40428,7,7,2,15,8,7,48,12,1,1,0,4,1,35,401,35401,14,2005,5N1AR18U45C7,5,N,1,A,R,1,8,U,4,5,C,7,0,P,NISS,PFI,UT,5,17,4242,,0,1122,,G,,F,6,244,,,16R265,,,,,,0,0,000000000,00000000000,0,0,0,1,0,0,0,0,0,0,0,45,0,0,0,12,12,2,1,54,0,0,0,1,4,85297,6,1,0,0,3,0,64,104,0,0,0,0,0,0,0,0,0,0,0,0,0,0,8,8,45,1,1,8,1,0,0,1,50,4,1,1,98,0,0
4,40429,1,1,2,15,8,10,31,24,0,1,0,4,1,72,706,72706,80,2007,1HD1JL51X7Y0,1,H,D,1,J,L,5,1,X,7,Y,0,0,M,HD,XTC,RS,7,17,,,,,,,1584,,2,,4,672,,,,,,,0,0,000000000,00000000000,0,0,0,1,0,0,0,0,0,0,0,998,0,0,0,99,98,6,2,24,0,0,0,1,4,86413,6,1,0,0,3,0,69,195,0,0,0,0,0,0,0,0,0,1,0,0,0,0,2,2,65,3,6,2,1,0,0,14,13,1,1,4,1,2,0
4,40430,1,1,2,15,8,11,55,1,0,1,0,32,1,7,482,7482,32,2010,3D7TP2CL5AG1,3,D,7,T,P,2,C,L,5,A,G,1,1,T,DODG,250,CW,10,17,,2,1690,1490,RPC,D,,,6,408,,,,C,5839,03,7,42,1,0,000000000,00000000000,0,0,0,1,0,0,0,0,0,0,0,70,0,1,1,0,98,6,2,1,0,0,0,1,32,89107,6,1,0,0,3,0,71,170,0,0,0,0,0,0,0,0,0,0,82,88,0,0,2,2,75,3,6,2,1,40,3,14,8,2,4,3,98,1,0
4,40431,1,3,1,15,8,19,33,12,1,1,0,4,2,7,482,7482,31,2006,1D7HU16236J1,1,D,7,H,U,1,6,2,3,6,J,1,0,T,DODG,S15,PK,6,17,,2,1405,1205,RPC,G,,,8,348,,,,B,4918,01,E,44,0,0,000000000,00000000000,0,0,0,1,0,0,0,0,0,0,0,0,7,1,1,6,98,6,2,1,0,0,0,1,4,86045,6,1,0,0,3,0,68,190,0,0,0,0,0,0,0,0,0,0,0,0,0,0,1,2,98,1,1,2,1,0,0,5,53,1,1,1,22,1,0
4,40431,2,3,1,15,8,19,33,12,1,1,0,4,1,54,421,54421,15,2009,2HNYD28699H5,2,H,N,Y,D,2,8,6,9,9,H,5,0,P,ACUR,MDX,UT,9,17,4559,,0,1083,,G,,F,6,226,,,18R255,,,,,,0,0,000000000,00000000000,0,0,0,1,0,0,0,0,0,0,0,65,0,0,0,12,12,6,2,12,0,0,0,1,4,85044,6,1,0,0,3,0,65,140,0,0,0,0,0,0,0,0,0,0,0,0,0,0,1,2,65,1,1,2,1,0,0,1,50,7,1,3,20,0,0
4,40431,3,3,2,15,8,19,33,12,1,1,0,24,4,7,24,7024,4,2010,2B3CA3CV4AH2,2,B,3,C,A,3,C,V,4,A,H,2,0,P,DODG,CHS,4D,10,17,3820,,0,1200,,G,,F,6,214,,,17R215,,,,,,0,0,000000000,00000000000,0,0,0,1,0,0,0,0,0,0,0,65,0,0,0,12,98,6,2,12,0,0,0,1,97,0,9,9,99,0,9,9,999,999,99,99,99,99,99,99,9999,99,9999,0,0,0,0,0,1,2,65,1,1,2,1,0,0,1,62,1,1,1,98,0,0
4,40432,1,2,2,19,8,18,16,12,2,1,0,4,1,12,481,12481,31,2001,3FTNW21F91MA,3,F,T,N,W,2,1,F,9,1,M,A,0,T,FORD,F2S,CW,1,17,,2,1724,1562,SRW,D,,,8,444,,,,C,5932,07,E,44,0,0,000000000,00000000000,0,0,0,1,0,0,0,0,0,0,0,75,0,0,0,12,12,6,2,12,0,0,0,1,4,85382,6,1,0,0,3,0,72,180,0,0,0,0,0,0,0,0,0,0,80,0,0,0,2,2,75,1,1,2,1,0,0,1,1,1,1,4,50,0,0
4,40432,2,2,1,19,8,18,16,12,2,1,0,4,1,20,481,20481,31,1997,1GCEK14R1VZ1,1,G,C,E,K,1,4,R,1,V,Z,1,0,T,CHEV,GK1,PK,97,17,,2,1315,1175,GM4,G,,,8,350,,,,B,00000,00,,44,0,0,000000000,00000000000,0,0,0,1,0,0,0,0,0,0,0,998,0,0,0,12,98,6,2,12,0,0,0,1,4,86335,6,1,0,0,3,0,66,150,0,0,0,0,0,0,0,0,0,0,0,0,0,0,2,2,75,1,1,2,1,0,0,1,62,1,1,1,51,1,0
4,40433,1,3,1,20,8,9,58,12,6,1,0,4,2,12,471,12471,30,2006,1FTYR14U56PA,1,F,T,Y,R,1,4,U,5,6,P,A,0,T,FORD,RNS,PC,6,17,,1,0,1260,RNG,G,,,6,183,,,,B,3179,00,U,42,0,0,000000000,00000000000,0,0,0,1,0,0,0,0,0,0,0,55,0,0,0,61,98,6,2,12,0,0,0,1,4,85711,6,1,0,0,3,0,67,150,0,0,0,0,0,0,0,0,0,1,28,21,0,0,1,2,45,2,1,8,1,0,0,14,10,1,3,2,64,1,0
4,40433,2,3,1,20,8,9,58,12,6,1,0,4,1,20,481,20481,31,2006,1GCHK23D86F1,1,G,C,H,K,2,3,D,8,6,F,1,0,T,CHEV,2KH,CW,6,17,,2,1670,1530,SIL,D,,,8,403,,,,C,5883,02,,44,0,0,000000000,00000000000,0,0,0,1,0,0,0,0,0,0,0,53,0,0,0,12,98,6,2,12,0,0,0,1,4,85747,6,1,0,0,3,3,76,215,0,0,0,0,0,0,0,0,0,0,0,0,0,0,1,2,45,3,1,8,1,0,0,14,62,1,1,1,65,0,0
4,40433,3,3,1,20,8,9,58,12,6,1,0,4,1,54,39,54039,4,2007,JH4CL96817C0,J,H,4,C,L,9,6,8,1,7,C,0,0,P,ACUR,TSX,4D,7,17,3345,,0,1051,,G,,F,4,146,,,17R215,,,,,,0,0,000000000,00000000000,0,0,0,1,0,0,0,0,0,0,0,45,0,0,0,12,98,6,2,41,0,0,0,1,4,85747,6,1,0,0,3,3,71,175,0,0,0,0,0,0,0,0,0,0,0,0,0,0,1,2,45,3,1,8,1,0,0,14,62,7,1,4,98,0,0
4,40434,1,1,1,21,8,7,50,1,0,1,0,4,2,76,706,76706,80,2001,JYAVP11E41A0,J,Y,A,V,P,1,1,E,4,1,A,0,0,M,YAMA,XVS,RS,1,17,,,,,,,1063,,2,,4,571,,,,,,,0,0,000000000,00000000000,0,0,0,1,0,0,0,0,0,0,0,998,0,0,0,0,61,6,2,1,0,0,0,1,4,85033,6,1,0,0,3,0,67,170,0,5,0,5,0,1,2009,5,2011,1,0,0,0,0,1,2,30,2,6,2,1,0,0,14,6,3,1,3,98,1,0
4,40435,1,2,2,21,8,15,8,12,2,1,1,4,1,20,403,20403,14,2005,1GNDT13S9521,1,G,N,D,T,1,3,S,9,5,2,1,0,P,CHEV,TRL,UT,5,17,4612,,0,1130,,G,,F,6,256,,,16R245,,,,,,0,0,000000000,00000000000,0,0,0,1,0,0,0,0,0,0,0,999,0,0,0,12,98,6,2,12,0,0,0,1,4,85247,6,1,0,0,3,0,63,119,0,0,0,0,0,0,0,0,0,0,28,0,0,0,1,2,65,1,1,2,1,0,0,1,10,1,1,2,50,0,0
4,40435,2,2,3,21,8,15,8,12,2,1,0,4,1,63,441,63441,20,2004,KNDUP1319465,K,N,D,U,P,1,3,1,9,4,6,5,0,P,KIA,SED,SV,4,17,4802,,0,1145,,G,,F,6,213,,,15R215,,,,,,0,0,000000000,00000000000,0,0,0,1,0,0,0,0,0,0,0,999,0,0,0,12,98,6,2,12,0,0,0,1,4,85247,6,1,0,0,3,0,64,220,0,1,0,0,0,6,2009,6,2009,0,99,99,99,99,1,2,65,1,1,2,1,0,0,1,62,1,1,1,51,1,0
4,40436,1,1,1,21,8,19,41,1,0,1,0,4,1,49,32,49032,4,1999,1NXBR12E1XZ2,1,N,X,B,R,1,2,E,1,X,Z,2,0,P,TOYT,UVL,4D,99,17,2414,,0,970,,G,,F,4,109,,,14R175,,,,,,0,0,000000000,00000000000,0,0,0,1,0,0,0,0,0,0,0,998,0,1,3,0,98,6,2,1,0,0,0,1,4,85606,6,1,0,0,3,0,72,200,0,0,0,1,0,9,2008,9,2008,1,58,0,0,0,2,2,75,1,1,2,1,0,0,1,9,7,4,4,7,1,1
4,40437,1,2,2,22,8,16,23,12,2,1,0,4,2,20,481,20481,31,2006,2GCEK13T0611,2,G,C,E,K,1,3,T,0,6,1,1,0,T,CHEV,SK1,CW,6,17,,2,0,1435,SIL,G,,,8,323,,,,B,5284,00,,44,0,0,000000000,00000000000,0,0,0,1,0,0,0,0,0,0,0,55,0,0,0,12,98,6,2,12,0,0,0,1,4,85901,6,1,0,0,3,0,72,180,0,0,0,0,0,0,0,0,0,0,28,0,0,0,1,2,45,1,6,2,98,0,0,1,10,1,1,2,50,2,0
4,40437,2,2,1,22,8,16,23,12,2,1,0,4,3,84,881,84881,66,1991,1HSHBGGN0MH3,1,H,S,H,B,G,G,N,0,M,H,3,0,T,INTL,810,TR,91,17,,7,2560,1360,80S,D,,,6,611,,,,,00000,00,,42,0,57,1696461,571696461,3,5,96,1,0,0,0,0,0,0,0,30,0,0,0,12,98,6,2,12,0,0,0,1,4,85901,6,1,6,0,3,0,72,200,0,0,0,0,1,3,2009,3,2009,0,0,0,0,0,1,2,45,1,5,2,98,0,0,1,62,1,1,1,51,0,0
4,40438,1,3,1,25,8,0,38,12,6,1,0,4,2,20,481,20481,31,1989,2GCEC19K7K11,2,G,C,E,C,1,9,K,7,K,1,1,0,T,CHEV,GC1,PC,89,17,,2,1555,1415,GM4,G,,,8,350,,,,B,4542,05,,42,0,0,000000000,00000000000,0,0,0,1,0,0,0,0,0,0,0,85,0,0,0,12,12,6,2,2,99,99,1,1,4,85706,6,1,0,0,3,0,64,152,99,99,99,99,99,99,9999,99,9999,1,99,99,99,99,3,2,45,1,1,2,1,3,3,1,50,12,9,2,90,1,1
4,40438,2,3,0,25,8,0,38,12,6,1,0,4,3,7,482,7482,31,1997,1B7HC13Z0VJ6,1,B,7,H,C,1,3,Z,0,V,J,6,0,T,DODG,150,PC,97,17,,2,1547,1387,RPC,G,,,8,360,,,,B,4379,01,M,42,0,0,000000000,00000000000,0,0,0,1,0,0,0,0,0,5,1,0,0,0,0,9,9,6,2,2,41,0,1,0,0,99997,7,6,97,7,6,7,998,997,998,998,998,998,998,98,9998,98,9998,8,0,0,0,0,3,2,45,1,1,2,1,3,9,0,99,0,0,0,90,0,0
4,40438,3,3,0,25,8,0,38,12,6,1,0,4,3,12,16,12016,4,2008,2FAFP71V18X1,2,F,A,F,P,7,1,V,1,8,X,1,0,P,FORD,CVP,4D,8,17,0,,0,1146,,F,,F,8,281,,,17R235,,,,,,0,0,000000000,00000000000,0,0,0,1,0,0,0,0,0,5,1,0,0,0,0,99,6,6,2,12,41,0,1,0,0,99997,7,6,97,7,6,7,998,997,998,998,998,998,998,98,9998,98,9998,8,0,0,0,0,3,2,45,1,1,2,1,3,9,0,99,0,0,0,98,0,0
4,40439,1,2,1,26,8,15,30,12,1,1,0,4,1,72,706,72706,80,1990,1HD1BJL40LY0,1,H,D,1,B,J,L,4,0,L,Y,0,0,M,HD,STC,RS,90,17,,,,,,,1340,,2,,4,710,,,,,,,0,0,000000000,00000000000,0,0,0,1,0,0,0,0,0,0,0,5,0,0,0,6,98,6,2,12,0,0,0,1,4,86326,6,1,0,0,3,0,71,235,0,0,0,0,0,0,0,0,0,0,27,0,0,0,8,8,30,1,1,8,1,3,3,15,17,1,1,2,42,1,1
4,40439,2,2,2,26,8,15,30,12,1,1,0,4,1,49,40,49040,4,1997,4T1BG22K2VU0,4,T,1,B,G,2,2,K,2,V,U,0,0,P,TOYT,UEX,4D,97,17,2976,,0,1051,,G,,F,4,132,,,14R195,,,,,,0,0,000000000,00000000000,0,0,0,1,0,0,0,0,0,0,0,998,0,0,0,12,12,6,2,12,0,0,0,1,4,85345,6,1,0,0,3,3,70,156,0,0,0,0,1,5,2011,5,2011,0,0,0,0,0,8,8,30,1,1,8,1,3,3,1,60,4,1,1,42,0,0
4,40440,1,1,7,26,8,15,59,1,0,1,0,4,1,14,443,14443,20,1998,4M2ZV1119WDJ,4,M,2,Z,V,1,1,1,9,W,D,J,0,P,MERC,VLR,SV,98,17,3979,,0,1122,,G,,F,6,182,,,15R205,,,,,,0,0,000000000,00000000000,0,0,0,1,0,0,0,0,0,0,0,998,0,1,5,0,98,6,2,1,0,0,0,1,4,86322,6,1,0,0,3,0,70,220,0,0,0,0,0,0,0,0,0,0,24,80,0,0,2,2,75,3,1,2,1,0,0,14,1,1,3,4,2,1,0
4,40441,1,1,2,26,8,17,57,1,0,1,0,4,2,49,471,49471,30,1985,JT4RN60R8F50,J,T,4,R,N,6,0,R,8,F,5,0,0,T,TOYT,R60,PK,85,17,,1,0,1030,44P,G,,,4,144,,,,B,2945,01,A,44,0,0,000000000,00000000000,0,0,0,1,0,0,0,0,0,0,0,60,0,1,1,0,98,6,2,1,0,0,0,1,4,85716,6,1,0,0,3,0,71,215,0,0,0,0,1,9,2008,9,2008,1,0,0,0,0,1,2,25,1,1,5,1,0,0,1,6,1,1,3,98,1,0
4,40442,1,1,1,27,8,3,2,32,0,1,0,4,1,49,422,49422,15,2011,5TDZY5G13BS0,5,T,D,Z,Y,5,G,1,3,B,S,0,0,P,TOYT,SEQ,UT,11,17,5730,,0,1220,,G,,F,8,348,,,18R275,,,,,,0,0,000000000,00000000000,0,0,0,1,0,0,0,0,0,0,0,75,0,1,5,99,98,6,2,1,0,0,0,1,4,85648,6,1,0,0,3,0,60,124,0,0,0,1,0,9,2008,9,2008,0,99,99,99,99,2,2,75,3,1,2,1,0,0,14,13,1,1,4,1,1,1
4,40443,1,1,2,27,8,5,8,1,0,1,1,4,5,2,404,2404,14,1996,1J4FT28S8TL3,1,J,4,F,T,2,8,S,8,T,L,3,0,T,JEEP,CSE,4W,96,17,,1,0,1014,CHK,G,,,6,242,,,,,2848,00,M,42,0,0,000000000,00000000000,0,0,0,1,0,0,0,0,0,0,0,998,0,1,1,0,98,6,2,1,0,0,0,1,4,85203,0,0,0,0,0,0,69,145,0,0,0,0,0,0,0,0,0,1,27,0,0,0,8,8,25,1,1,8,1,0,0,98,9,1,9,3,98,1,1
4,40444,1,1,1,27,8,20,18,8,0,1,0,4,1,20,421,20421,15,2005,1GNEK13T15R1,1,G,N,E,K,1,3,T,1,5,R,1,0,P,CHEV,KTA,UT,5,17,5192,,0,1160,,G,,F,8,325,,,16R265,,,,,,0,0,000000000,00000000000,0,0,0,1,0,0,0,0,0,0,0,35,0,0,0,12,12,6,2,8,0,0,0,1,4,85247,6,1,0,0,3,0,65,153,0,0,0,0,0,0,0,0,0,0,0,0,0,0,1,2,35,1,1,2,1,0,0,1,80,1,1,1,13,0,0
4,40445,1,1,4,29,8,21,4,1,0,1,0,4,1,20,481,20481,31,1996,1GCEK19R0TE1,1,G,C,E,K,1,9,R,0,T,E,1,0,T,CHEV,GK1,PC,96,17,,2,1555,1415,GM4,G,,,8,350,,,,B,4495,08,,44,0,0,000000000,00000000000,0,0,0,1,0,0,0,0,0,0,0,55,0,1,5,0,98,6,2,1,0,0,0,1,4,85220,6,1,0,0,3,0,68,150,0,0,0,2,0,9,2009,9,2009,0,80,0,0,0,3,5,65,3,1,2,1,0,0,14,1,99,4,4,2,1,0
4,40446,1,1,2,13,8,19,0,1,0,1,0,4,1,12,423,12423,16,2004,1FMNU41L14EB,1,F,M,N,U,4,1,L,1,4,E,B,0,P,FORD,EXC,UT,4,17,7087,,0,1371,,G,,F,8,330,,,16R265,,,,,,0,0,000000000,00000000000,0,0,0,1,0,0,0,0,0,0,0,999,0,2,5,0,98,6,2,1,0,0,0,1,4,85086,6,1,0,0,3,0,66,160,0,0,0,0,0,0,0,0,0,0,29,0,0,0,1,2,99,1,6,5,1,0,0,1,13,1,1,4,1,1,0
4,40447,1,2,1,19,8,23,17,12,2,1,1,4,2,23,421,23421,15,2001,1GKEK13T51R2,1,G,K,E,K,1,3,T,5,1,R,2,0,T,GMC,YUK,4W,1,17,,2,0,1160,YUK,G,,,8,325,,,,B,5113,00,K,44,0,0,000000000,00000000000,0,0,0,1,0,0,0,0,0,0,0,999,0,0,0,12,12,6,2,12,0,0,0,1,4,86004,6,1,0,0,3,0,999,999,0,3,0,2,1,3,2009,1,2011,1,28,91,92,0,5,4,40,1,1,2,1,0,0,1,10,1,1,2,50,0,1