STATE,ST_CASE,VEH_NO,VE_FORMS,NUMOCCS,DAY,MONTH,HOUR,MINUTE,HARM_EV,MAN_COLL,UNITTYPE,HIT_RUN,REG_STAT,OWNER,MAKE,MODEL,MAK_MOD,BODY_TYP,MOD_YEAR,VIN,VIN_1,VIN_2,VIN_3,VIN_4,VIN_5,VIN_6,VIN_7,VIN_8,VIN_9,VIN_10,VIN_11,VIN_12,TOW_VEH,VINTYPE,VINMAKE,VINA_MOD,VIN_BT,VINMODYR,VIN_LNGT,VIN_WGT,WGTCD_TR,WHLBS_LG,WHLBS_SH,SER_TR,FUELCODE,MCYCL_DS,CARBUR,CYLINDER,DISPLACE,MCYCL_CY,MCYCL_WT,TIRE_SZE,TON_RAT,TRK_WT,TRKWTVAR,VIN_REST,WHLDRWHL,J_KNIFE,MCARR_I1,MCARR_I2,MCARR_ID,GVWR,V_CONFIG,CARGO_BT,HAZ_INV,HAZ_PLAC,HAZ_ID,HAZ_CNO,HAZ_REL,BUS_USE,SPEC_USE,EMER_USE,TRAV_SP,UNDERIDE,ROLLOVER,ROLINLOC,IMPACT1,IMPACT2,DEFORMED,TOWED,M_HARM,VEH_SC1,VEH_SC2,FIRE_EXP,DR_PRES,L_STATE,DR_ZIP,L_STATUS,L_TYPE,CDL_STAT,L_ENDORS,L_COMPL,L_RESTRI,DR_HGT,DR_WGT,PREV_ACC,PREV_SUS,PREV_DWI,PREV_SPD,PREV_OTH,FIRST_MO,FIRST_YR,LAST_MO,LAST_YR,SPEEDREL,DR_SF1,DR_SF2,DR_SF3,DR_SF4,VTRAFWAY,VNUM_LAN,VSPD_LIM,VALIGN,VPROFILE,VPAVETYP,VSURCOND,VTRAFCON,VTCONT_F,P_CRASH1,P_CRASH2,P_CRASH3,PCRASH4,PCRASH5,ACC_TYPE,DEATHS,DR_DRINK
4,40447,2,2,1,19,8,23,17,12,2,1,0,4,1,35,43,35043,2,1994,1N4EB32A2RC8,1,N,4,E,B,3,2,A,2,R,C,8,0,P,NISS,SXL,2D,94,17,2324,,0,957,,G,,F,4,098,,,13R155,,,,,,0,0,000000000,00000000000,0,0,0,1,0,0,0,0,0,0,0,999,0,0,0,12,12,6,2,12,0,0,0,1,4,86001,6,1,0,0,3,0,67,150,0,0,0,0,0,0,0,0,0,0,0,0,0,0,5,4,40,1,1,2,1,0,0,1,62,1,1,1,51,1,0
4,40448,1,1,2,27,8,19,12,1,0,1,0,4,1,37,706,37706,80,1998,JH2RC4604WM0,J,H,2,R,C,4,6,0,4,W,M,0,0,M,HOND,V8F,RC,98,17,,,,,,,782,,4,,4,459,,,,,,,0,0,000000000,00000000000,0,0,0,1,0,0,0,0,0,0,0,998,0,0,0,0,98,6,2,59,0,0,0,1,4,85338,6,1,0,0,3,3,69,160,0,2,1,0,0,2,2011,6,2011,1,89,39,0,0,1,2,50,1,1,2,1,20,3,1,6,3,2,1,98,2,1
4,40449,1,2,1,25,8,17,59,12,1,1,0,24,3,87,881,87881,66,2003,1XP7DB9X83D5,1,X,P,7,D,B,9,X,8,3,D,5,1,T,PTRB,387,TR,3,17,,8,0,0,CON,D,,,6,893,,,,,00000,00,,64,1,57,01981360,5701981360,3,6,3,1,0,0,0,0,0,0,0,45,2,0,0,12,12,6,2,12,0,0,0,1,24,20705,6,1,6,0,3,0,72,165,0,1,0,1,2,10,2009,5,2011,1,0,0,0,0,2,3,75,1,1,2,1,0,0,1,50,1,1,1,20,0,0
4,40449,2,2,3,25,8,17,59,12,1,1,0,4,2,7,26,7026,4,2008,1B3LC46K68N6,1,B,3,L,C,4,6,K,6,8,N,6,0,P,DODG,AVN,4D,8,17,3355,,0,1089,,G,,F,4,144,,,16R215,,,,,,0,0,000000000,00000000000,0,0,0,1,0,0,0,0,0,0,0,0,0,0,0,6,98,6,2,2,0,0,1,1,4,85706,6,1,0,0,3,0,66,150,0,0,0,0,0,0,0,0,0,0,0,0,0,0,2,3,75,1,1,2,1,0,0,5,53,1,1,1,21,1,0
4,40450,1,1,1,31,8,2,19,1,0,1,0,4,1,7,482,7482,31,2003,3D7KA28623G7,3,D,7,K,A,2,8,6,2,3,G,7,0,T,DODG,SQ2,CW,3,17,,2,1605,1405,RPC,D,,,6,359,,,,C,5352,07,E,42,0,0,000000000,00000000000,0,0,0,1,0,0,0,0,0,0,0,75,0,1,5,0,98,6,2,1,0,0,0,1,4,85643,6,1,0,0,3,0,71,160,0,0,0,0,0,0,0,0,0,0,0,0,0,0,2,2,75,1,1,2,1,0,0,99,9,7,3,4,2,1,0
4,40451,1,2,1,8,8,23,40,12,1,1,0,4,2,37,31,37031,4,2007,1HGFA16567L1,1,H,G,F,A,1,6,5,6,7,L,1,0,P,HOND,UCL,4D,7,17,2751,,0,1063,,G,,F,4,110,,,16R205,,,,,,0,0,000000000,00000000000,0,0,0,1,0,0,0,0,0,0,0,10,0,0,0,12,98,6,2,12,0,0,0,1,4,85024,6,1,0,0,3,3,72,140,1,0,0,0,2,2,2010,10,2010,0,26,35,0,0,5,4,40,1,1,8,1,0,0,1,51,99,1,1,24,1,1
4,40451,2,2,2,8,8,23,40,12,1,1,0,4,1,12,481,12481,31,2006,1FTPW12526KB,1,F,T,P,W,1,2,5,2,6,K,B,0,T,FORD,F1S,CW,6,17,,2,0,1390,COF,G,,,8,329,,,,B,5176,01,E,42,0,0,000000000,00000000000,0,0,0,1,0,0,0,0,0,0,0,45,0,0,0,6,98,6,2,12,0,0,0,1,4,85383,6,1,0,0,3,0,72,175,0,0,0,0,0,0,0,0,0,0,0,0,0,0,5,4,40,1,1,8,1,0,0,1,53,1,1,1,25,0,0
4,40452,1,1,3,13,8,21,38,1,0,1,0,4,1,49,401,49401,14,2004,JTEZU14R8480,J,T,E,Z,U,1,4,R,8,4,8,0,0,P,TOYT,RUN,UT,4,17,4065,,0,1098,,G,,F,6,244,,,16R265,,,,,,0,0,000000000,00000000000,0,0,0,1,0,0,0,0,0,0,0,998,0,1,3,0,98,6,2,1,0,0,0,1,4,85202,6,1,0,0,3,3,65,150,0,0,0,2,0,10,2008,6,2010,0,85,0,0,0,2,2,75,1,1,2,1,0,0,1,61,7,3,4,7,1,0
4,40453,1,2,1,15,8,16,34,12,1,1,0,6,1,49,403,49403,14,2008,JTEEW41A6820,J,T,E,E,W,4,1,A,6,8,2,0,0,P,TOYT,HIG,UT,8,17,4508,,0,1098,,B,,F,6,201,,,17R245,,,,,,0,0,000000000,00000000000,0,0,0,1,0,0,0,0,0,0,0,998,0,0,0,12,98,6,2,12,0,0,0,1,6,91321,6,1,0,0,3,0,67,150,0,0,0,0,0,0,0,0,0,1,91,0,0,0,3,2,45,1,2,2,1,0,0,1,52,1,1,1,28,0,1
4,40453,2,2,3,15,8,16,34,12,1,1,0,6,1,35,443,35443,20,1997,4N2DN1119VD8,4,N,2,D,N,1,1,1,9,V,D,8,0,P,NISS,QST,SV,97,17,3745,,0,1122,,G,,F,6,181,,,15R205,,,,,,0,0,000000000,00000000000,0,0,0,1,0,0,0,0,0,0,0,998,0,0,0,6,98,6,2,12,0,0,0,1,6,92225,6,1,0,0,3,3,63,234,0,0,0,0,0,0,0,0,0,0,0,0,0,0,3,2,45,1,6,2,1,0,0,2,53,1,1,1,29,2,0
4,40454,1,1,2,20,8,1,45,8,0,1,0,4,2,37,31,37031,2,2002,1HGEM22542L0,1,H,G,E,M,2,2,5,4,2,L,0,0,P,HOND,UCL,CP,2,17,2496,,0,1031,,G,,F,4,102,,,14R185,,,,,,0,0,000000000,00000000000,0,0,0,1,0,0,0,0,0,0,0,998,0,0,0,12,12,6,2,8,0,0,0,1,4,85268,6,1,0,0,3,0,72,160,0,0,0,0,0,0,0,0,0,0,0,0,0,0,2,2,65,1,1,2,1,0,0,1,80,1,1,1,13,0,0
4,40455,1,1,1,16,8,20,53,42,0,1,0,4,1,12,481,12481,31,2007,1FTRF12247NA,1,F,T,R,F,1,2,2,4,7,N,A,0,T,FORD,F15,PK,7,17,,2,1450,1260,COF,G,,,6,256,,,,B,4615,01,E,42,0,0,000000000,00000000000,0,0,0,1,0,0,0,0,0,0,0,65,0,1,5,12,98,6,2,1,0,0,0,1,4,86512,6,1,0,0,3,0,64,154,0,3,1,0,0,12,2009,6,2010,1,37,0,0,0,1,2,50,1,1,8,1,0,0,1,12,1,1,4,6,1,1
4,40456,1,2,1,2,8,1,18,1,0,1,0,6,3,82,881,82881,66,1999,1FUPCSZB1XPA,1,F,U,P,C,S,Z,B,1,X,P,A,1,T,FRHT,FLD,TR,99,17,,8,0,0,CON,D,,,6,774,,,,,00000,00,,64,1,57,920981,57920981,3,6,1,1,0,0,0,0,0,0,0,998,0,1,1,0,98,6,2,12,0,0,0,1,6,92154,6,1,99,0,3,3,71,196,0,0,0,0,0,0,0,0,0,0,0,0,0,0,2,2,75,1,1,2,1,0,0,1,8,6,4,6,98,0,0
4,40456,2,2,6,2,8,1,18,1,0,1,0,4,1,12,471,12471,30,2001,1FTYR14E41PA,1,F,T,Y,R,1,4,E,4,1,P,A,0,T,FORD,RNS,PC,1,17,,1,0,1257,RNG,G,,,6,245,,,,B,3271,00,U,42,0,0,000000000,00000000000,0,0,0,1,0,0,0,0,0,0,0,998,0,0,0,12,12,6,2,12,0,0,0,1,4,85546,6,1,0,0,3,3,68,300,0,0,0,0,0,0,0,0,0,0,0,0,0,0,2,2,75,1,1,2,1,0,0,1,50,1,1,1,98,2,0
4,40457,1,2,2,14,8,4,50,12,6,1,0,4,1,37,39,37039,5,2009,JHMGE884X9S0,J,H,M,G,E,8,8,4,X,9,S,0,0,P,HOND,FIS,4H,9,17,2520,,0,984,,G,,F,4,091,,,15R175,,,,,,0,0,000000000,00000000000,0,0,0,1,0,0,0,0,0,0,0,64,0,0,0,12,98,6,2,12,0,0,0,1,4,85282,1,1,0,0,2,0,72,187,1,1,0,2,0,3,2009,8,2011,1,39,91,0,0,1,2,30,1,1,2,1,2,3,1,17,1,1,1,88,0,1
4,40457,2,2,1,14,8,4,50,12,6,1,0,4,1,35,401,35401,14,2000,JN8AR07S5YW4,J,N,8,A,R,0,7,S,5,Y,W,4,0,P,NISS,PFI,UT,0,17,3747,,0,1063,,G,,F,6,201,,,16R245,,,,,,0,0,000000000,00000000000,0,0,0,1,0,0,0,0,0,0,0,43,0,1,5,62,98,6,2,1,0,0,0,1,4,85286,6,1,0,0,3,3,62,190,0,0,0,1,0,7,2011,7,2011,0,0,0,0,0,5,5,40,1,1,2,1,2,3,1,66,3,2,1,89,1,0
4,40458,1,1,1,22,8,22,54,33,0,1,0,4,1,72,706,72706,80,2000,1HD4CJM11YK1,1,H,D,4,C,J,M,1,1,Y,K,1,0,M,HD,L8C,RS,0,17,,,,,,,883,,2,,4,489,,,,,,,0,0,000000000,00000000000,0,0,0,1,0,0,0,0,0,0,0,22,0,0,0,14,98,6,2,42,0,0,0,1,4,85202,6,1,0,0,3,0,68,171,0,0,0,0,0,0,0,0,0,1,0,0,0,0,1,2,35,3,1,2,1,0,0,14,13,1,1,4,1,1,0
4,40459,1,1,1,9,8,2,37,33,0,1,0,4,1,37,32,37032,2,2001,1HGCG32851A0,1,H,G,C,G,3,2,8,5,1,A,0,0,P,HOND,ULX,CP,1,17,2967,,0,1051,,G,,F,4,138,,,15R195,,,,,,0,0,000000000,00000000000,0,0,0,1,0,0,0,0,0,0,0,998,0,0,0,14,98,6,2,43,0,0,0,1,4,85306,6,1,0,0,3,0,71,170,0,0,0,0,0,0,0,0,0,0,0,0,0,0,1,2,30,2,1,8,1,40,3,14,12,1,1,4,6,1,1
4,40460,1,1,1,6,8,22,3,8,0,1,0,4,2,12,37,12037,4,2006,1FAFP34N46W1,1,F,A,F,P,3,4,N,4,6,W,1,0,P,FORD,ZX4,4D,6,17,2676,,0,1029,,G,,F,4,122,,,15R195,,,,,,0,0,000000000,00000000000,0,0,0,1,0,0,0,0,0,0,0,40,0,0,0,12,12,4,1,8,0,0,0,1,4,85085,6,1,0,0,3,3,72,190,0,0,0,1,0,2,2011,2,2011,0,0,0,0,0,2,2,40,1,1,2,1,0,0,1,80,1,1,1,13,0,0
4,40461,1,1,2,2,8,7,12,99,99,1,9,99,9,99,999,99999,99,9999,999999999999,9,9,9,9,9,9,9,9,9,9,9,9,0,,,,,,,,,,,,,,,,,,,,,,,,,0,0,000000000,00000000000,0,0,0,1,0,0,0,0,0,0,0,999,0,0,0,99,99,9,9,99,0,0,0,1,99,99999,9,9,99,0,9,9,999,999,99,99,99,99,99,99,9999,99,9999,9,99,99,99,99,9,9,99,9,9,9,99,0,0,99,99,99,9,9,99,1,0
4,40462,1,1,5,5,8,6,36,1,0,1,0,49,2,12,481,12481,31,1998,1FTDX18W7WKA,1,F,T,D,X,1,8,W,7,W,K,A,0,T,FORD,F15,3C,98,17,,1,1570,1390,COF,G,,,8,281,,,,B,4480,01,E,44,0,0,000000000,00000000000,0,0,0,1,0,0,0,0,0,0,0,998,0,1,5,0,98,6,2,1,0,0,0,1,49,84531,6,1,3,0,3,0,67,140,98,0,0,0,0,0,0,0,0,9,99,99,99,99,1,2,65,3,1,2,1,0,0,14,13,1,1,4,1,2,0
4,40463,1,1,1,5,8,21,29,8,0,1,0,4,1,7,442,7442,20,2006,2D8GP44L16R7,2,D,8,G,P,4,4,L,1,6,R,7,0,T,DODG,GSX,ES,6,17,,1,0,1193,CAR,G,,,6,230,,,,,4252,00,K,42,0,0,000000000,00000000000,0,0,0,1,0,0,0,0,0,0,0,40,0,0,0,12,12,4,3,8,32,0,0,1,4,85202,6,1,0,0,3,0,68,180,0,0,0,0,0,0,0,0,0,0,0,0,0,0,5,6,45,1,1,2,1,2,3,1,80,1,1,1,13,0,0
4,40464,1,1,1,6,8,99,99,99,99,1,0,99,9,99,999,99999,99,9999,999999999999,9,9,9,9,9,9,9,9,9,9,9,9,0,,,,,,,,,,,,,,,,,,,,,,,,,0,0,000000000,00000000000,0,0,0,1,0,0,0,0,0,0,0,999,0,0,0,99,99,9,9,99,0,0,0,1,4,85634,1,1,0,0,2,0,69,270,0,2,1,0,0,1,2009,9,2009,9,99,99,99,99,9,9,99,9,9,9,99,0,0,99,99,99,9,9,99,1,0
4,40465,1,1,2,1,9,0,53,1,0,1,0,4,1,6,52,6052,6,2001,3C8FY4BB71T6,3,C,8,F,Y,4,B,B,7,1,T,6,0,P,CHRY,PTC,SV,1,17,3109,,0,1030,,G,,F,4,148,,,15R195,,,,,,0,0,000000000,00000000000,0,0,0,1,0,0,0,0,0,0,0,75,0,1,3,0,98,6,2,1,0,0,0,1,4,85534,6,1,0,0,3,0,62,160,0,0,0,0,0,0,0,0,0,1,87,0,0,0,2,2,75,1,1,2,2,0,0,1,6,1,9,4,7,1,0
4,40466,1,1,1,1,9,5,0,35,0,1,0,4,1,22,23,22023,2,2008,1G2MB35B48Y1,1,G,2,M,B,3,5,B,4,8,Y,1,0,P,PONT,SOL,RD,8,17,2860,,0,951,,G,,F,4,146,,,18R245,,,,,,0,0,000000000,00000000000,0,0,0,1,0,0,0,0,0,0,0,999,0,1,5,12,98,6,2,1,0,0,0,1,4,86004,6,1,0,0,3,0,65,135,0,0,0,1,2,10,2008,6,2010,0,99,99,99,99,2,2,65,3,6,2,1,0,0,14,13,99,1,4,1,1,1
4,40467,1,1,2,3,9,10,32,1,0,1,0,4,2,35,472,35472,30,2004,1N6ED27T04C4,1,N,6,E,D,2,7,T,0,4,C,4,0,T,NISS,FCX,CW,4,17,,1,0,1161,FRT,G,,,6,201,,,,B,3699,00,E,42,0,0,000000000,00000000000,0,0,0,1,0,0,0,0,0,0,0,75,0,1,5,0,98,6,2,1,0,0,0,1,37,28146,6,1,0,0,3,0,69,180,1,0,0,0,0,4,2009,4,2009,0,80,0,0,0,2,2,75,1,1,2,1,0,0,1,1,1,9,4,2,1,0
4,40468,1,2,1,5,9,22,45,41,0,1,0,4,1,19,3,19003,4,2002,1G6KD54Y92U2,1,G,6,K,D,5,4,Y,9,2,U,2,0,P,CADI,DFW,4D,2,17,3978,,0,1153,,G,,F,8,279,,,16R225,,,,,,0,0,000000000,00000000000,0,0,0,1,0,0,0,0,0,0,0,998,0,0,0,12,12,6,2,12,0,0,0,1,4,85353,6,1,0,0,3,3,70,150,0,0,0,0,0,0,0,0,0,1,0,0,0,0,2,2,65,2,6,2,2,0,0,14,12,1,1,4,6,1,0
4,40468,2,2,1,5,9,22,45,41,0,1,0,4,1,20,19,20019,4,1995,1G1LD5542SY2,1,G,1,L,D,5,5,4,2,S,Y,2,0,P,CHEV,CSA,4D,95,17,2745,,0,1034,,G,,F,4,133,,,14R195,,,,,,0,0,000000000,00000000000,0,0,0,1,0,0,0,0,0,0,0,998,0,0,0,12,12,6,2,12,0,0,0,1,4,86505,6,1,0,0,3,0,71,160,0,0,0,1,1,6,2011,6,2011,0,0,0,0,0,2,2,65,1,5,2,2,0,0,1,62,1,1,1,98,1,0
4,40469,1,1,1,6,9,2,35,8,0,1,0,32,3,51,881,51881,66,2006,4V4NC9TJ16N4,4,V,4,N,C,9,T,J,1,6,N,4,1,T,VOLV,VNL,TR,6,17,,8,0,0,VVN,D,,,6,915,,,,,00000,00,,64,1,57,1413150,571413150,3,6,1,1,0,0,0,0,0,0,0,35,0,0,0,12,14,2,1,8,0,0,0,1,32,89113,6,1,6,0,3,0,77,235,0,0,0,5,1,1,2009,7,2011,0,0,0,0,0,2,3,45,1,1,2,1,2,3,1,80,8,1,1,13,0,0
4,40470,1,1,1,7,9,2,14,34,0,1,0,4,1,37,706,37706,80,1997,JH2SC3508VM0,J,H,2,S,C,3,5,0,8,V,M,0,0,M,HOND,C1X,RC,97,17,,,,,,,1137,,4,,4,552,,,,,,,0,0,000000000,00000000000,0,0,0,1,0,0,0,0,0,0,0,101,0,0,0,14,98,6,2,35,0,0,0,1,4,85032,6,1,0,0,2,0,69,180,0,0,0,0,0,0,0,0,0,1,0,0,0,0,2,2,65,3,6,2,1,0,0,14,13,1,1,4,1,1,0
4,40471,1,1,1,7,9,17,30,15,0,1,0,4,1,22,16,22016,2,1999,1G2JD12T9X75,1,G,2,J,D,1,2,T,9,X,7,5,0,P,PONT,SFG,CP,99,17,2822,,0,1041,,G,,F,4,146,,,16R205,,,,,,0,0,000000000,00000000000,0,0,0,1,0,0,0,0,0,0,0,43,0,0,0,12,12,4,1,15,0,0,0,1,4,85705,6,1,0,0,3,0,69,145,0,0,0,0,0,0,0,0,0,0,0,0,0,0,2,3,45,1,1,2,1,0,0,1,80,1,1,1,13,0,0
4,40472,1,1,2,7,9,19,18,8,0,1,0,4,1,30,40,30040,4,2000,3VWSD29M6YM1,3,V,W,S,D,2,9,M,6,Y,M,1,0,P,VOLK,JGS,4D,0,17,2848,,0,989,,G,,T,4,109,,,15R195,,,,,,0,0,000000000,00000000000,0,0,0,1,0,0,0,0,0,0,0,35,0,0,0,12,12,4,3,8,0,0,0,1,4,85706,0,0,0,0,0,0,999,999,0,2,1,0,0,7,2010,3,2011,0,92,0,0,0,5,4,35,1,1,2,1,0,0,1,80,1,1,1,13,0,1
4,40473,1,4,2,8,9,7,0,12,6,1,0,13,3,87,881,87881,66,2011,1XPHDP9X6BD1,1,X,P,H,D,P,9,X,6,B,D,1,1,T,PTRB,386,TR,11,17,,8,0,0,CON,D,,,6,787,,,,,00000,00,,64,1,57,606550,57606550,3,6,1,1,0,0,0,0,0,0,0,998,7,1,1,12,98,6,2,1,0,0,0,1,13,30214,6,1,6,0,3,0,72,320,98,0,0,1,0,4,2009,4,2009,0,28,0,0,0,2,2,75,1,5,2,1,0,0,1,12,1,1,4,98,1,0
4,40473,2,4,3,8,9,7,0,12,6,1,0,48,1,63,402,63402,14,2009,KNDJD7351958,K,N,D,J,D,7,3,5,1,9,5,8,0,P,KIA,SOR,UT,9,17,4068,,1063,1067,,G,,F,6,201,,,16R245,,,,,,0,0,000000000,00000000000,0,0,0,1,0,0,0,0,0,0,0,998,0,0,0,11,98,6,2,2,0,0,1,1,48,75686,6,1,0,0,3,0,63,185,0,0,0,0,0,0,0,0,0,0,0,0,0,0,2,2,75,1,6,2,1,0,0,1,62,1,1,1,98,3,0
4,40473,3,4,1,8,9,7,0,12,6,1,0,4,1,37,32,37032,2,2006,1HGCM72696A0,1,H,G,C,M,7,2,6,9,6,A,0,0,P,HOND,UEX,CP,6,17,3155,,0,1051,,G,,F,4,146,,,16R205,,,,,,0,0,000000000,00000000000,0,0,0,1,0,0,0,0,0,0,0,998,0,0,0,12,12,6,2,12,0,0,0,1,4,85711,6,1,0,0,3,0,71,210,0,0,0,0,0,0,0,0,0,0,0,0,0,0,2,2,75,1,6,2,1,0,0,1,63,1,1,1,98,0,0
4,40473,4,4,1,8,9,7,0,12,6,1,0,40,3,85,881,85881,66,2009,1XKAD49X19J2,1,X,K,A,D,4,9,X,1,9,J,2,1,T,KW,T60,TR,9,17,,8,2600,1600,CON,D,,,6,915,,,,,00000,00,,64,1,57,272653,57272653,3,6,1,1,0,0,0,0,0,0,0,998,0,0,0,12,12,6,2,12,0,0,0,1,4,85345,6,1,6,0,3,3,67,140,0,0,0,0,0,0,0,0,0,0,0,0,0,0,2,2,75,1,6,2,1,0,0,1,63,1,1,1,98,0,0
4,40474,1,1,1,9,9,20,15,24,0,1,0,4,2,72,706,72706,80,2005,1HD1BWB175Y0,1,H,D,1,B,W,B,1,7,5,Y,0,0,M,HD,FSI,RS,5,17,,,,,,,1450,,2,,4,696,,,,,,,0,0,000000000,00000000000,0,0,0,1,0,0,0,0,0,0,0,37,0,0,0,81,98,6,2,1,0,0,0,1,4,86301,6,1,0,0,3,0,69,185,0,0,0,0,0,0,0,0,0,9,99,99,99,99,1,2,35,3,6,2,1,0,0,14,13,1,1,4,1,1,1
4,40475,1,1,3,10,9,17,54,33,0,1,0,4,2,20,421,20421,15,2003,1GNEC13Z53R1,1,G,N,E,C,1,3,Z,5,3,R,1,0,P,CHEV,CTA,UT,3,17,4828,,0,1160,,F,,F,8,325,,,16R265,,,,,,0,0,000000000,00000000000,0,0,0,1,0,0,0,0,0,0,0,42,0,1,5,14,98,6,2,1,0,0,0,1,4,85259,6,1,0,0,3,3,73,235,0,0,0,0,0,0,0,0,0,0,0,0,0,0,2,2,40,1,1,2,1,0,0,1,13,1,1,4,1,1,0
4,40476,1,1,1,15,9,6,15,1,0,1,0,4,2,37,31,37031,2,2006,2HGFG215X6H7,2,H,G,F,G,2,1,5,X,6,H,7,0,P,HOND,CVS,CP,6,17,2877,,0,1043,,G,,F,4,122,,,17R215,,,,,,0,0,000000000,00000000000,0,0,0,1,0,0,0,0,0,0,0,999,0,1,5,0,98,6,2,1,0,0,0,1,4,85128,6,1,0,0,3,3,71,229,0,0,0,1,1,11,2008,1,2011,1,0,0,0,0,1,2,35,1,1,8,11,0,0,1,13,1,1,4,1,1,1
4,40477,1,1,2,16,9,19,42,8,0,1,0,4,1,37,402,37402,14,2007,JHLRE38357C0,J,H,L,R,E,3,8,3,5,7,C,0,0,P,HOND,CRV,UT,7,17,3389,,0,1031,,G,,F,4,146,,,17R225,,,,,,0,0,000000000,00000000000,0,0,0,1,0,0,0,0,0,0,0,35,0,0,0,12,12,4,3,8,0,0,0,1,4,85210,6,1,0,0,3,3,61,240,0,0,0,0,0,0,0,0,0,0,0,0,0,0,5,4,35,1,1,2,1,0,0,1,80,1,1,1,13,0,0
4,40478,1,1,2,16,9,23,58,1,0,1,0,40,3,85,881,85881,66,2011,1XKAD49X7BJ2,1,X,K,A,D,4,9,X,7,B,J,2,1,T,KW,T60,TR,11,17,,8,2600,1600,CON,D,,,6,915,,,,,00000,00,,64,2,57,429042,57429042,3,6,1,1,0,0,0,0,0,0,0,998,0,1,3,0,98,6,2,1,0,0,0,1,40,74960,6,1,6,0,3,0,67,220,0,0,0,0,0,0,0,0,0,1,0,0,0,0,2,2,75,2,6,2,1,0,0,14,12,1,1,4,6,1,0
4,40479,1,2,1,17,9,2,47,12,1,1,0,4,1,53,706,53706,80,2004,JS1GT75A1421,J,S,1,G,T,7,5,A,1,4,2,1,0,M,SUZI,XR1,RC,4,17,,,,,,,988,,4,,4,370,,,,,,,0,0,000000000,00000000000,0,0,0,1,0,0,0,0,0,0,0,90,0,0,0,12,98,6,2,12,0,0,1,1,4,85635,6,1,0,0,3,0,74,245,0,1,0,0,1,7,2011,7,2011,1,0,0,0,0,1,4,55,1,1,2,1,0,0,1,51,4,1,1,24,1,1
4,40479,2,2,3,17,9,2,47,12,1,1,0,4,2,20,481,20481,31,1988,2GCDC14K2J11,2,G,C,D,C,1,4,K,2,J,1,1,0,T,CHEV,GC1,PK,88,17,,1,1315,1175,GM4,G,,,8,350,,,,B,3655,01,,42,0,0,000000000,00000000000,0,0,0,1,0,0,0,0,0,0,0,55,0,0,0,6,6,6,2,12,0,0,0,1,4,85616,6,1,0,0,3,0,68,145,0,0,0,0,0,0,0,0,0,0,0,0,0,0,1,4,55,1,1,2,1,0,0,1,53,1,1,1,25,0,0
4,40480,1,2,4,17,9,4,0,1,0,1,0,8,1,12,422,12422,15,2003,1FMPU16W53LB,1,F,M,P,U,1,6,W,5,3,L,B,0,P,FORD,EPT,UT,3,17,5686,,0,1191,,G,,F,8,281,,,17R265,,,,,,0,0,000000000,00000000000,0,0,0,1,0,0,0,0,0,0,0,20,0,0,0,3,3,2,1,54,0,0,0,1,8,81625,6,1,0,0,3,0,65,180,0,0,0,0,0,0,0,0,0,0,39,92,0,0,2,3,40,1,1,2,1,2,3,11,15,1,1,1,98,0,0
4,40480,2,2,2,17,9,4,0,1,0,1,0,4,1,76,706,76706,80,1980,3H5004886,3,H,5,0,0,4,8,8,6,,,,0,M,YAMA,X11,RS,80,9,,,,,,,1101,,4,,4,562,,,,,,,0,0,000000000,00000000000,0,0,0,1,0,0,0,0,0,0,0,47,0,0,0,0,98,6,2,12,0,0,0,1,4,85008,6,1,0,0,3,0,72,175,0,0,0,0,2,3,2010,8,2011,0,0,0,0,0,2,3,40,1,1,2,1,2,3,1,62,98,1,1,98,1,0
4,40481,1,2,1,17,9,11,17,12,8,1,0,4,1,72,706,72706,80,2011,1HD1KGM17BB6,1,H,D,1,K,G,M,1,7,B,B,6,0,M,HD,LRU,RS,11,17,,,,,,,1690,,2,,4,850,,,,,,,0,0,000000000,00000000000,0,0,0,1,0,0,0,0,0,0,0,25,0,0,0,61,98,6,2,12,0,0,0,1,4,85755,6,1,0,0,3,3,72,205,0,0,0,0,0,0,0,0,0,0,28,0,0,0,1,2,25,3,5,2,1,40,3,14,10,1,1,2,64,0,0
4,40481,2,2,2,17,9,11,17,12,8,1,0,4,1,72,706,72706,80,2007,1HD1FF4147Y6,1,H,D,1,F,F,4,1,4,7,Y,6,0,M,HD,FHC,RS,7,17,,,,,,,1584,,2,,4,784,,,,,,,0,0,000000000,00000000000,0,0,0,1,0,0,0,0,0,0,0,25,0,0,0,61,98,6,2,12,0,0,0,1,4,86413,6,1,0,0,3,0,67,145,0,0,0,0,0,0,0,0,0,0,0,0,0,0,1,2,25,2,6,2,1,40,3,14,62,1,1,1,65,1,0
4,40482,1,2,3,18,9,9,20,12,6,1,0,4,1,35,401,35401,14,1999,JN8AR05Y5XW3,J,N,8,A,R,0,5,Y,5,X,W,3,0,P,NISS,PFI,UT,99,17,3826,,0,1063,,G,,F,6,201,,,15R235,,,,,,0,0,000000000,00000000000,0,0,0,1,0,0,0,0,0,0,0,998,0,1,5,8,98,6,2,1,0,0,0,1,4,85746,6,1,0,0,3,3,68,158,0,0,0,0,0,0,0,0,0,0,80,0,0,0,3,2,75,1,1,2,1,0,0,1,1,99,9,2,48,1,0
4,40482,2,2,1,18,9,9,20,12,6,1,0,6,3,82,881,82881,66,1993,2FUYFDYB6PA4,2,F,U,Y,F,D,Y,B,6,P,A,4,1,T,FRHT,FLD,TR,93,17,,8,0,0,CON,D,,,6,855,,,,,00000,00,,64,1,57,1789974,571789974,3,6,1,1,0,0,0,0,0,0,0,998,0,0,0,12,12,2,1,12,0,0,0,1,6,90260,6,1,6,0,3,0,69,160,0,1,0,0,0,7,2011,7,2011,0,0,0,0,0,3,2,75,1,1,2,1,0,0,1,61,1,1,1,48,0,0