STATE,ST_CASE,VEH_NO,VE_FORMS,NUMOCCS,DAY,MONTH,HOUR,MINUTE,HARM_EV,MAN_COLL,UNITTYPE,HIT_RUN,REG_STAT,OWNER,MAKE,MODEL,MAK_MOD,BODY_TYP,MOD_YEAR,VIN,VIN_1,VIN_2,VIN_3,VIN_4,VIN_5,VIN_6,VIN_7,VIN_8,VIN_9,VIN_10,VIN_11,VIN_12,TOW_VEH,VINTYPE,VINMAKE,VINA_MOD,VIN_BT,VINMODYR,VIN_LNGT,VIN_WGT,WGTCD_TR,WHLBS_LG,WHLBS_SH,SER_TR,FUELCODE,MCYCL_DS,CARBUR,CYLINDER,DISPLACE,MCYCL_CY,MCYCL_WT,TIRE_SZE,TON_RAT,TRK_WT,TRKWTVAR,VIN_REST,WHLDRWHL,J_KNIFE,MCARR_I1,MCARR_I2,MCARR_ID,GVWR,V_CONFIG,CARGO_BT,HAZ_INV,HAZ_PLAC,HAZ_ID,HAZ_CNO,HAZ_REL,BUS_USE,SPEC_USE,EMER_USE,TRAV_SP,UNDERIDE,ROLLOVER,ROLINLOC,IMPACT1,IMPACT2,DEFORMED,TOWED,M_HARM,VEH_SC1,VEH_SC2,FIRE_EXP,DR_PRES,L_STATE,DR_ZIP,L_STATUS,L_TYPE,CDL_STAT,L_ENDORS,L_COMPL,L_RESTRI,DR_HGT,DR_WGT,PREV_ACC,PREV_SUS,PREV_DWI,PREV_SPD,PREV_OTH,FIRST_MO,FIRST_YR,LAST_MO,LAST_YR,SPEEDREL,DR_SF1,DR_SF2,DR_SF3,DR_SF4,VTRAFWAY,VNUM_LAN,VSPD_LIM,VALIGN,VPROFILE,VPAVETYP,VSURCOND,VTRAFCON,VTCONT_F,P_CRASH1,P_CRASH2,P_CRASH3,PCRASH4,PCRASH5,ACC_TYPE,DEATHS,DR_DRINK
4,40483,1,2,1,18,9,12,0,12,2,1,0,4,1,72,706,72706,80,2011,1HD1KBM17BB6,1,H,D,1,K,B,M,1,7,B,B,6,0,M,HD,FHX,RS,11,17,,,,,,,1690,,2,,4,785,,,,,,,0,0,000000000,00000000000,0,0,0,1,0,0,0,0,0,0,0,998,0,0,0,12,98,6,2,2,0,0,1,1,4,86017,6,1,0,0,3,3,76,235,0,0,0,0,0,0,0,0,0,0,28,0,0,0,1,2,55,1,1,2,1,0,0,99,10,1,1,2,50,1,0
4,40483,2,2,2,18,9,12,0,12,2,1,0,4,1,2,405,2405,14,2002,1J8GL48K32W2,1,J,8,G,L,4,8,K,3,2,W,2,0,T,JEEP,SPR,4W,2,17,,1,0,1043,LIB,G,,,6,226,,,,,3682,02,K,44,0,0,000000000,00000000000,0,0,0,1,0,0,0,0,0,0,0,998,0,0,0,12,98,6,2,2,0,0,1,1,4,85083,6,1,0,0,3,3,63,135,0,0,0,0,0,0,0,0,0,0,89,0,0,0,1,3,55,1,3,2,1,0,0,1,62,1,1,1,51,0,0
4,40484,1,1,1,20,9,1,4,8,0,1,0,4,2,2,404,2404,14,2004,1J4GW48S84C2,1,J,4,G,W,4,8,S,8,4,C,2,0,T,JEEP,LCF,4W,4,17,,1,0,1059,GCK,G,,,6,244,,,,,3888,02,E,44,0,0,000000000,00000000000,0,0,0,1,0,0,0,0,0,0,0,81,0,0,0,12,12,6,2,8,0,0,0,1,4,85713,1,1,0,0,2,0,71,120,0,12,0,2,4,6,2009,7,2011,0,29,0,0,0,3,5,65,1,1,2,1,0,0,1,11,1,1,4,13,0,1
4,40485,1,2,12,20,9,7,14,12,6,1,0,4,3,90,981,90981,50,1993,1BAANCSA8PF0,1,B,A,A,N,C,S,A,8,P,F,0,0,T,BLUI,,,93,17,,,,,,,,,,,,,,,,,,,0,58,C080011,58C080011,2,21,22,1,0,0,0,0,1,0,0,5,7,0,0,7,7,6,2,12,0,0,0,1,4,86401,6,1,6,1,3,0,77,250,0,2,0,0,0,4,2010,5,2010,1,38,92,0,0,1,2,98,1,1,2,1,20,3,11,15,1,1,1,82,0,0
4,40485,2,2,2,20,9,7,14,12,6,1,0,4,2,20,16,20016,1,2000,4G1JF32T6YB9,4,G,1,J,F,3,2,T,6,Y,B,9,0,P,CHEV,CZ2,CV,0,17,2838,,0,1041,,G,,F,4,146,,,15R195,,,,,,0,0,000000000,00000000000,0,0,0,1,0,0,0,0,0,0,0,998,0,0,0,12,98,6,2,12,0,0,0,1,4,86413,6,1,0,0,3,3,69,180,0,0,0,0,0,0,0,0,0,0,0,0,0,0,2,2,65,1,1,2,1,0,0,1,67,7,1,1,83,1,0
4,40486,1,2,1,20,9,9,12,12,6,1,0,4,1,22,20,22020,4,2000,1G2WP52KXYF3,1,G,2,W,P,5,2,K,X,Y,F,3,0,P,PONT,GPG,4D,0,17,3455,,0,1105,,G,,F,6,231,,,16R225,,,,,,0,0,000000000,00000000000,0,0,0,1,0,0,0,0,0,0,0,60,0,0,0,12,98,6,2,12,0,0,0,1,4,85705,6,1,0,0,3,0,65,175,0,0,0,1,2,4,2009,6,2011,1,0,0,0,0,2,3,45,1,5,8,1,3,3,1,17,1,1,1,69,0,0
4,40486,2,2,1,20,9,9,12,12,6,1,0,4,1,18,7,18007,4,2004,2G4WS52J1413,2,G,4,W,S,5,2,J,1,4,1,3,0,P,BUIC,CCU,4D,4,17,3342,,0,1090,,G,,F,6,189,,,15R205,,,,,,0,0,000000000,00000000000,0,0,0,1,0,0,0,0,0,0,0,15,0,0,0,81,98,6,2,12,0,0,0,1,4,85704,6,1,0,0,3,3,67,180,0,0,0,0,0,0,0,0,0,0,0,0,0,0,2,3,45,1,6,8,1,3,3,11,66,1,1,1,68,1,0
4,40487,1,1,1,22,9,18,58,8,0,1,0,4,1,49,50,49050,3,2007,JTKDE1771701,J,T,K,D,E,1,7,7,1,7,0,1,0,P,TOYT,SXC,2H,7,17,2905,,0,1063,,G,,F,4,146,,,17R215,,,,,,0,0,000000000,00000000000,0,0,0,1,0,0,0,0,0,0,0,55,0,0,0,12,98,6,2,8,0,0,0,1,4,85295,6,1,0,0,3,0,63,116,0,0,0,1,0,8,2009,8,2009,0,0,0,0,0,1,2,55,1,1,2,1,0,0,1,80,99,9,3,13,0,0
4,40488,1,2,2,23,9,13,35,12,6,1,0,27,2,41,37,41037,4,2002,1YVGF22C7252,1,Y,V,G,F,2,2,C,7,2,5,2,0,P,MAZD,U6L,4D,2,17,2864,,0,1051,,G,,F,4,122,,,15R205,,,,,,0,0,000000000,00000000000,0,0,0,1,0,0,0,0,0,0,0,998,0,0,0,82,98,6,2,12,0,0,0,1,27,55102,6,1,0,0,3,0,70,140,0,0,0,0,1,6,2010,6,2010,0,38,92,0,0,1,2,65,1,1,2,1,20,3,1,16,1,1,1,87,1,0
4,40488,2,2,2,23,9,13,35,12,6,1,0,4,1,49,472,49472,30,2005,5TEKU72N65Z1,5,T,E,K,U,7,2,N,6,5,Z,1,0,T,TOYT,PBD,CW,5,17,,1,0,1409,TAC,G,,,6,244,,,,B,3810,00,U,42,0,0,000000000,00000000000,0,0,0,1,0,0,0,0,0,0,0,65,0,0,0,12,12,6,2,12,0,0,0,1,4,85388,6,1,0,0,3,0,66,165,0,0,0,0,0,0,0,0,0,0,0,0,0,0,2,2,65,1,1,2,1,0,0,1,66,7,1,2,86,0,0
4,40489,1,2,1,24,9,1,39,12,1,1,1,4,2,20,37,20037,4,2004,1G1ND52F24M6,1,G,1,N,D,5,2,F,2,4,M,6,0,P,CHEV,CLA,4D,4,17,3106,,0,1070,,G,,F,4,134,,,15R215,,,,,,0,0,000000000,00000000000,0,0,0,1,0,0,0,0,0,0,0,71,0,0,0,12,12,6,2,12,0,0,0,1,4,85122,0,0,0,0,0,0,66,167,0,0,0,0,0,0,0,0,0,1,91,0,0,0,5,4,45,1,1,2,1,0,0,1,51,1,1,1,24,0,0
4,40489,2,2,1,24,9,1,39,12,1,1,0,4,1,37,706,37706,80,2007,1HFSC526X7A4,1,H,F,S,C,5,2,6,X,7,A,4,0,M,HOND,13R,RS,7,17,,,,,,,1312,,2,,4,669,,,,,,,0,0,000000000,00000000000,0,0,0,1,0,0,0,0,0,0,0,50,0,0,0,6,98,6,2,12,0,0,0,1,4,85634,6,1,6,0,3,0,66,200,0,0,0,0,0,0,0,0,0,0,0,0,0,0,5,4,45,1,1,2,1,0,0,1,53,1,1,1,25,1,0
4,40490,1,3,1,27,9,13,21,12,99,1,0,4,1,37,31,37031,4,2007,1HGFA16507L1,1,H,G,F,A,1,6,5,0,7,L,1,0,P,HOND,UCL,4D,7,17,2751,,0,1063,,G,,F,4,110,,,16R205,,,,,,0,0,000000000,00000000000,0,0,0,1,0,0,0,0,0,0,0,65,0,0,0,99,98,6,2,12,0,0,0,1,4,85239,6,1,0,0,3,3,71,195,0,0,0,0,0,0,0,0,0,1,28,0,0,0,3,5,65,1,1,2,1,0,0,1,61,7,9,3,49,0,0
4,40490,2,3,2,27,9,13,21,12,99,1,0,4,1,6,51,6051,4,2007,2C3KA43RX7H7,2,C,3,K,A,4,3,R,X,7,H,7,0,P,CHRY,C30,4D,7,17,3632,,0,1200,,G,,F,6,165,,,17R215,,,,,,0,0,000000000,00000000000,0,0,0,1,0,0,0,0,0,0,0,65,0,0,0,8,12,6,2,25,32,0,0,1,4,85042,6,1,0,0,3,3,71,330,0,0,0,0,0,0,0,0,0,0,27,0,0,0,3,5,65,1,1,2,1,0,0,15,11,1,1,2,49,1,0
4,40490,3,3,1,27,9,13,21,12,99,1,0,48,3,6,54,6054,6,2007,2A8GF48XX7R1,2,A,8,G,F,4,8,X,X,7,R,1,0,P,CHRY,PIF,UT,7,17,4511,,0,1163,,G,,F,6,241,,,17R235,,,,,,0,0,000000000,00000000000,0,0,0,1,0,0,0,0,0,0,0,65,0,0,0,99,98,6,2,25,0,0,0,1,48,75038,6,1,0,0,3,0,999,999,0,0,0,2,0,11,2009,5,2011,0,0,0,0,0,3,5,65,1,1,2,1,0,0,1,60,1,1,1,98,0,0
4,40491,1,2,1,29,9,6,20,12,2,1,0,4,1,7,472,7472,30,2005,1D7HE22K25S2,1,D,7,H,E,2,2,K,2,5,S,2,0,T,DODG,KST,PC,5,17,,2,0,1309,DAK,G,,,6,225,,,,B,4153,00,E,42,0,0,000000000,00000000000,0,0,0,1,0,0,0,0,0,0,0,998,0,0,0,12,98,6,2,12,0,0,0,1,4,85390,6,1,0,0,3,0,73,190,0,0,0,0,0,0,0,0,0,0,28,0,0,0,1,2,65,1,1,2,1,0,0,1,10,1,1,2,50,1,0
4,40491,2,2,1,29,9,6,20,12,2,1,0,47,3,51,881,51881,66,2009,4V4NC9THX9N2,4,V,4,N,C,9,T,H,X,9,N,2,1,T,VOLV,VNL,TR,9,17,,8,0,0,VVN,D,,,6,915,,,,,00000,00,,64,1,57,0313891,570313891,3,6,1,1,0,0,0,0,0,0,0,65,0,1,5,12,98,6,2,2,0,0,1,1,4,85345,6,1,6,0,3,0,71,195,0,0,0,0,0,0,0,0,0,0,0,0,0,0,1,2,65,1,1,2,1,0,0,1,62,1,1,1,51,0,0
4,40492,1,2,1,30,9,14,22,12,1,1,0,4,2,72,706,72706,80,2004,1HD1FSW184Y6,1,H,D,1,F,S,W,1,8,4,Y,6,0,M,HD,TRI,RS,4,17,,,,,,,1450,,2,,4,731,,,,,,,0,0,000000000,00000000000,0,0,0,1,0,0,0,0,0,0,0,45,0,0,0,12,98,6,2,12,0,0,0,1,4,85210,6,1,0,0,3,0,72,220,0,0,0,0,0,0,0,0,0,1,39,0,0,0,8,8,35,1,1,8,1,3,3,1,50,1,1,1,20,1,1
4,40492,2,2,1,30,9,14,22,12,1,1,0,4,4,84,881,84881,63,2009,1HTMSAAR39H1,1,H,T,M,S,A,A,R,3,9,H,1,0,T,INTL,440,CC,9,17,,8,0,0,40S,D,,,6,466,,,,,00000,00,,64,0,57,1772645,571772645,3,1,3,1,0,0,0,0,0,0,0,0,0,0,0,6,6,2,1,12,0,0,0,1,4,85218,6,1,6,0,3,0,75,212,0,0,0,0,0,0,0,0,0,0,0,0,0,0,8,8,35,1,1,8,1,3,3,5,53,1,1,1,21,0,0
4,40493,1,1,1,7,8,20,34,8,0,1,1,4,1,12,401,12401,14,2004,1FMDU62K74ZA,1,F,M,D,U,6,2,K,7,4,Z,A,0,P,FORD,EPR,UT,4,17,4304,,0,1137,,F,,F,6,245,,,16R235,,,,,,0,0,000000000,00000000000,0,0,0,1,0,0,0,0,0,0,0,40,0,0,0,12,12,2,1,8,0,0,0,1,4,85711,1,1,0,0,2,0,68,170,0,1,0,0,1,10,2010,2,2011,0,91,92,0,0,1,2,40,1,1,2,1,20,3,11,80,1,1,1,13,0,0
4,40494,1,1,1,8,8,99,99,8,0,1,0,99,9,99,999,99999,99,9999,999999999999,9,9,9,9,9,9,9,9,9,9,9,9,0,,,,,,,,,,,,,,,,,,,,,,,,,0,0,000000000,00000000000,0,0,0,1,0,0,0,0,0,0,0,999,0,0,0,12,99,9,9,8,0,0,0,1,97,0,9,9,99,9,9,9,999,999,99,99,99,99,99,99,9999,99,9999,9,99,99,99,99,9,9,99,9,9,2,99,0,0,99,80,99,9,9,13,0,0
4,40495,1,3,1,9,8,5,29,12,1,1,0,4,1,7,43,7043,4,2000,1B3EJ46C9YN2,1,B,3,E,J,4,6,C,9,Y,N,2,0,P,DODG,SSE,4D,0,17,2937,,0,1080,,G,,F,4,122,,,14R195,,,,,,0,0,000000000,00000000000,0,0,0,1,0,0,0,0,0,0,0,45,0,0,0,12,98,6,2,12,0,0,1,1,4,85018,6,1,0,0,3,0,67,145,0,0,0,1,1,7,2010,6,2011,1,0,0,0,0,5,4,40,1,1,2,1,0,0,1,51,1,1,3,33,1,0
4,40495,2,3,1,9,8,5,29,12,1,1,0,4,1,35,471,35471,30,1993,1N6SD11S2PC4,1,N,6,S,D,1,1,S,2,P,C,4,0,T,NISS,SWB,PK,93,17,,1,0,1043,TRK,G,,,4,146,,,,B,2750,01,A,42,0,0,000000000,00000000000,0,0,0,1,0,0,0,0,0,0,0,3,0,0,0,6,98,6,2,12,0,0,0,1,4,85340,6,1,0,0,3,3,68,165,0,0,0,0,0,0,0,0,0,0,0,0,0,0,5,4,40,1,1,2,1,0,0,1,53,1,1,1,33,0,0
4,40495,3,3,1,9,8,5,29,12,1,1,0,4,1,12,481,12481,31,2011,1FTFX1CT4BFB,1,F,T,F,X,1,C,T,4,B,F,B,0,T,FORD,F15,4C,11,17,,2,0,1450,COF,G,,,6,214,,,,B,5043,04,7,42,0,0,000000000,00000000000,0,0,0,1,0,0,0,0,0,0,0,44,0,0,0,12,12,6,2,12,0,0,0,1,4,85339,6,1,0,0,3,0,70,210,0,0,0,0,0,0,0,0,0,0,0,0,0,0,5,4,40,1,1,2,1,0,0,1,62,1,1,1,98,0,0
4,40496,1,1,2,9,8,17,49,9,0,1,0,4,1,7,482,7482,31,2001,3B7HC13Z81M2,3,B,7,H,C,1,3,Z,8,1,M,2,0,T,DODG,Q15,4C,1,17,,2,1547,1387,RPC,G,,,8,360,,,,B,4688,01,U,42,0,0,000000000,00000000000,0,0,0,1,0,0,0,0,0,0,0,25,0,0,0,12,12,9,1,9,0,0,0,1,4,86047,6,1,0,0,3,0,64,175,0,0,0,0,1,4,2009,4,2009,0,0,0,0,0,1,8,25,1,1,8,1,0,0,1,83,1,1,1,13,0,0
4,40497,1,1,1,9,8,22,44,8,0,1,9,99,9,99,999,99999,99,9999,999999999999,9,9,9,9,9,9,9,9,9,9,9,9,0,,,,,,,,,,,,,,,,,,,,,,,,,0,0,000000000,00000000000,0,0,0,1,0,0,0,0,0,0,0,999,0,0,0,99,99,9,9,8,0,0,0,1,99,99999,9,9,99,0,9,9,999,999,99,99,99,99,99,99,9999,99,9999,9,99,99,99,99,9,9,99,9,9,9,99,99,9,99,80,99,9,9,13,0,0
4,40498,1,2,1,10,8,22,25,12,6,1,0,4,1,53,705,53705,80,2007,JS1GR7KA3721,J,S,1,G,R,7,K,A,3,7,2,1,0,M,SUZI,SX7,RC,7,17,,,,,,,749,,4,,4,359,,,,,,,0,0,000000000,00000000000,0,0,0,1,0,0,0,0,0,0,0,26,0,0,0,12,12,6,2,12,0,0,0,1,4,85345,1,1,0,0,2,0,71,200,0,2,1,2,0,4,2009,7,2011,0,39,0,0,0,5,4,35,1,1,2,1,2,3,1,17,3,1,1,88,1,0
4,40498,2,2,2,10,8,22,25,12,6,1,0,4,2,52,34,52034,4,2009,4A3AB36FX9E0,4,A,3,A,B,3,6,F,X,9,E,0,0,P,MITS,GES,4D,9,17,3395,,0,1083,,G,,F,4,145,,,16R215,,,,,,0,0,000000000,00000000000,0,0,0,1,0,0,0,0,0,0,0,13,0,0,0,10,10,6,2,12,0,0,0,1,4,85009,0,0,0,0,0,0,67,130,0,1,0,0,0,7,2009,7,2009,0,92,0,0,0,5,3,40,1,1,2,1,2,3,1,66,1,1,1,89,0,0
4,40499,1,1,1,14,8,2,50,43,0,1,0,4,2,39,34,39034,4,2000,SAJDA01D8YGL,S,A,J,D,A,0,1,D,8,Y,G,L,0,P,JAGU,STP,4D,0,17,3770,,0,1145,,G,,F,8,244,,,16R225,,,,,,0,0,000000000,00000000000,0,0,0,1,0,0,0,0,0,0,0,999,0,0,0,99,99,9,9,43,0,0,0,1,4,85338,6,1,0,0,3,0,67,160,0,1,0,1,0,4,2010,5,2010,9,99,99,99,99,9,9,99,9,9,9,99,99,9,99,99,99,9,4,5,1,1
4,40500,1,1,1,16,8,9,23,9,0,1,0,4,1,6,441,6441,20,1994,1C4GH54L0RX2,1,C,4,G,H,5,4,L,0,R,X,2,0,T,CHRY,TWC,ES,94,17,,1,0,1193,TWC,G,,,6,230,,,,,3873,00,,42,0,0,000000000,00000000000,0,0,0,1,0,0,0,0,0,0,0,50,0,0,0,12,12,4,3,9,0,0,0,1,4,85123,6,1,0,0,3,0,68,175,0,0,0,0,0,0,0,0,0,0,0,0,0,0,1,2,50,1,1,2,1,0,0,1,83,1,1,1,13,0,0
4,40501,1,1,1,20,8,14,8,1,0,1,0,4,1,98,709,98709,81,1977,8605095,8,6,0,5,0,9,5,,,,,,0,U,,,,77,7,,,,,,,,,,,,,,,,,,,0,0,000000000,00000000000,0,0,0,1,0,0,0,0,0,0,0,25,0,0,0,0,98,2,3,1,0,0,0,1,4,85706,0,0,0,0,0,0,68,145,0,0,0,0,0,0,0,0,0,0,0,0,0,0,1,2,45,1,1,8,1,0,0,1,9,1,1,5,98,1,1
4,40502,1,1,1,22,8,4,33,42,0,1,0,4,2,53,704,53704,80,2011,JS1GL51L1B21,J,S,1,G,L,5,1,L,1,B,2,1,0,M,SUZI,G45,RS,81,17,,,,,,,448,,2,,4,385,,,,,,,0,0,000000000,00000000000,0,0,0,1,0,0,0,0,0,0,0,40,0,0,0,12,98,6,2,59,0,0,0,1,4,85705,1,1,0,0,2,3,73,230,0,5,0,0,2,7,2009,5,2011,0,0,0,0,0,2,2,40,2,1,2,1,0,0,14,12,1,1,4,6,1,0
4,40503,1,1,1,24,8,6,10,33,0,1,0,4,2,35,39,35039,4,2007,1N4BA41E77C8,1,N,4,B,A,4,1,E,7,7,C,8,0,P,NISS,MEL,4D,7,17,3474,,0,1112,,G,,F,6,,,,18R245,,,,,,0,0,000000000,00000000000,0,0,0,1,0,0,0,0,0,0,0,51,0,0,0,14,12,6,2,8,0,0,0,1,4,85044,6,1,0,0,3,0,66,175,0,0,0,1,0,9,2009,9,2009,0,91,0,0,0,5,4,40,2,1,2,1,0,0,14,12,1,1,4,6,0,0
4,40504,1,1,1,24,8,6,44,14,0,1,0,55,3,85,881,85881,66,2000,1XKAD69X4YJ8,1,X,K,A,D,6,9,X,4,Y,J,8,1,T,KW,T60,TR,0,17,,8,2600,1600,CON,D,,,6,855,,,,,00000,00,,64,1,57,00829541,5700829541,3,6,3,1,0,0,0,0,0,0,0,998,0,0,0,83,83,2,1,8,0,0,0,1,32,95619,6,1,6,0,3,3,71,190,0,0,0,0,1,2,2009,2,2009,1,92,0,0,0,2,2,75,1,1,2,1,0,0,1,98,1,1,1,11,0,0
4,40505,1,1,3,29,8,0,45,33,0,1,0,35,2,48,38,48038,4,2002,JF1GD29672G5,J,F,1,G,D,2,9,6,7,2,G,5,0,P,SUBA,IWX,4D,2,17,3085,,0,994,,G,,T,4,122,,,16R205,,,,,,0,0,000000000,00000000000,0,0,0,1,0,0,0,0,0,0,0,68,0,1,5,14,98,6,2,1,0,0,0,1,35,87120,6,1,0,0,3,0,71,125,98,1,0,1,0,6,2010,7,2010,1,39,0,0,0,1,2,99,1,1,2,1,20,3,1,6,9,3,4,7,1,1
4,40506,1,2,1,29,8,20,20,12,2,1,0,4,1,12,401,12401,14,2005,1FMZU73E35ZA,1,F,M,Z,U,7,3,E,3,5,Z,A,0,P,FORD,EPR,UT,5,17,4094,,0,1137,,G,,F,6,245,,,16R235,,,,,,0,0,000000000,00000000000,0,0,0,1,0,0,0,0,0,0,0,5,0,0,0,12,12,6,2,12,0,0,0,1,4,85022,6,1,0,0,3,0,67,130,0,0,0,0,0,0,0,0,0,0,38,92,0,0,5,5,40,1,1,2,1,0,0,11,15,1,1,1,68,0,0
4,40506,2,2,1,29,8,20,20,12,2,1,0,4,1,37,705,37705,80,1998,JH2PC2502WM7,J,H,2,P,C,2,5,0,2,W,M,7,0,M,HOND,RF3,RC,98,17,,,,,,,600,,4,,4,412,,,,,,,0,0,000000000,00000000000,0,0,0,1,0,0,0,0,0,0,0,20,0,0,0,12,12,6,2,12,0,0,0,1,4,85018,6,1,0,0,2,3,69,175,1,0,0,3,1,12,2008,7,2011,0,0,0,0,0,5,5,40,1,1,2,1,0,0,1,62,1,1,1,69,1,0
4,40507,1,2,2,22,9,21,10,12,6,1,0,17,1,54,421,54421,15,2001,2HNYD18211H5,2,H,N,Y,D,1,8,2,1,1,H,5,0,P,ACUR,MDX,UT,1,17,4323,,0,1063,,G,,F,6,212,,,17R235,,,,,,0,0,000000000,00000000000,0,0,0,1,0,0,0,0,0,0,0,53,0,1,5,2,98,6,2,1,0,0,0,1,17,60089,6,1,0,0,3,3,72,195,0,0,0,0,0,0,0,0,0,0,39,0,0,0,2,3,50,1,6,2,1,3,3,1,17,1,1,1,87,1,1
4,40507,2,2,2,22,9,21,10,12,6,1,0,12,2,7,422,7422,15,2007,1D8HB48P07F5,1,D,8,H,B,4,8,P,0,7,F,5,0,P,DODG,DUR,UT,7,17,5132,,0,1192,,F,,F,8,287,,,17R245,,,,,,0,0,000000000,00000000000,0,0,0,1,0,0,0,0,0,0,0,59,0,0,0,12,12,6,2,12,0,0,0,1,12,85202,0,0,0,0,0,0,999,999,0,0,0,0,0,0,0,0,0,0,0,0,0,0,1,2,50,1,1,2,1,3,3,1,66,1,1,1,86,0,0
4,40508,1,1,5,2,9,2,7,33,0,1,0,4,1,13,1,13001,4,1995,1LNLM82W9SY6,1,L,N,L,M,8,2,W,9,S,Y,6,0,P,LINC,SES,4D,95,17,4057,,0,1174,,G,,F,8,281,,,15R215,,,,,,0,0,000000000,00000000000,0,0,0,1,0,0,0,0,0,0,0,65,0,0,0,14,12,6,2,42,0,0,0,1,4,85715,6,1,0,0,3,0,64,115,0,1,0,0,0,12,2010,12,2010,1,91,0,0,0,5,4,35,3,1,2,1,0,0,14,13,1,1,4,1,1,1
4,40509,1,1,1,4,9,9,4,9,0,1,1,4,2,12,481,12481,31,2006,1FTPW14V76FB,1,F,T,P,W,1,4,V,7,6,F,B,0,T,FORD,F1S,CW,6,17,,2,1500,1390,COF,F,,,8,329,,,,B,5476,01,E,44,0,0,000000000,00000000000,0,0,0,1,0,0,0,0,0,0,0,998,0,0,0,12,12,4,1,9,0,0,0,1,4,85730,6,1,0,0,3,0,73,225,0,0,0,0,0,0,0,0,0,1,91,92,0,0,5,2,40,1,1,2,1,0,0,1,11,1,1,4,13,0,1
4,40510,1,1,1,5,9,16,17,17,0,1,0,99,9,99,709,99709,80,9999,999999999999,9,9,9,9,9,9,9,9,9,9,9,9,0,,,,,,,,,,,,,,,,,,,,,,,,,0,0,000000000,00000000000,0,0,0,1,0,0,0,0,0,0,0,999,0,0,0,99,99,9,9,17,0,0,0,1,4,85937,6,1,0,0,3,0,70,190,0,0,0,0,0,0,0,0,0,1,99,99,99,99,9,9,99,9,9,9,99,0,0,99,99,99,9,4,5,1,1
4,40511,1,1,2,8,9,14,0,1,0,1,0,53,1,72,706,72706,80,2008,1HD1KB4108Y6,1,H,D,1,K,B,4,1,0,8,Y,6,0,M,HD,FHX,RS,8,17,,,,,,,1584,,2,,4,786,,,,,,,0,0,000000000,00000000000,0,0,0,1,0,0,0,0,0,0,0,45,0,0,0,0,98,6,2,1,0,0,0,1,53,98026,6,1,0,0,3,3,65,150,2,0,0,0,2,6,2009,6,2011,1,0,0,0,0,1,2,35,3,5,2,1,0,0,14,13,1,1,4,1,1,0
4,40512,1,2,2,8,9,17,53,8,0,1,0,4,1,12,471,12471,30,2003,1FTYR10D23PB,1,F,T,Y,R,1,0,D,2,3,P,B,0,T,FORD,RNG,PK,3,17,,1,1175,1116,RNG,G,,,4,140,,,,B,3085,03,U,42,0,0,000000000,00000000000,0,0,0,1,0,0,0,0,0,0,0,30,0,0,0,12,98,4,1,8,0,0,0,1,4,85747,6,1,0,0,3,3,74,215,0,0,0,0,0,0,0,0,0,0,0,0,0,0,5,4,35,1,1,2,1,0,0,1,80,6,1,1,13,0,0
4,40512,2,2,2,8,9,17,53,8,0,1,0,4,2,7,482,7482,31,2001,3B7HF13Z01M5,3,B,7,H,F,1,3,Z,0,1,M,5,0,T,DODG,Q15,4C,1,17,,2,1547,1387,RPC,G,,,8,360,,,,B,5008,01,U,44,0,0,000000000,00000000000,0,0,0,1,0,0,0,0,0,0,0,30,0,0,0,12,12,6,2,12,0,0,0,1,4,85710,6,1,0,0,3,0,67,135,0,1,0,0,1,11,2009,9,2010,0,0,0,0,0,5,4,35,1,1,2,1,0,0,1,61,1,1,1,98,0,0
4,40513,1,2,1,8,9,17,21,12,6,1,0,4,3,20,403,20403,14,2004,1GNDT13S3422,1,G,N,D,T,1,3,S,3,4,2,2,0,P,CHEV,TRL,UT,4,17,4612,,0,1130,,G,,F,6,256,,,16R245,,,,,,0,0,000000000,00000000000,0,0,0,1,0,0,0,0,0,0,0,998,0,0,0,81,98,6,2,12,0,0,0,1,4,85929,6,1,0,0,3,3,61,155,0,0,0,0,0,0,0,0,0,1,28,0,0,0,1,2,65,1,2,2,2,0,0,1,6,1,9,2,64,0,0
4,40513,2,2,2,8,9,17,21,12,6,1,0,4,1,12,471,12471,30,2001,1FTZR15E21TA,1,F,T,Z,R,1,5,E,2,1,T,A,0,T,FORD,RNS,PC,1,17,,1,0,1259,RNG,G,,,6,245,,,,B,3599,00,U,44,0,0,000000000,00000000000,0,0,0,1,0,0,0,0,0,0,0,998,0,0,0,12,98,6,2,12,0,0,0,1,4,85940,6,1,0,0,3,3,67,250,0,0,0,0,0,0,0,0,0,0,0,0,0,0,1,2,65,1,2,2,2,0,0,1,62,1,1,1,65,1,0
4,40514,1,1,2,10,9,1,11,46,0,1,0,4,2,20,19,20019,4,1995,1G1LD55MXSY2,1,G,1,L,D,5,5,M,X,S,Y,2,0,P,CHEV,CSA,4D,95,17,2745,,0,1034,,G,,F,6,191,,,14R195,,,,,,0,0,000000000,00000000000,0,0,0,1,0,0,0,0,0,0,0,90,0,0,0,12,12,6,2,46,0,0,0,1,4,85123,6,1,0,0,3,0,64,100,0,0,0,1,0,6,2009,6,2009,1,91,0,0,0,1,2,55,1,1,2,1,3,3,10,16,3,2,4,7,1,1