STATE,ST_CASE,VEH_NO,VE_FORMS,NUMOCCS,DAY,MONTH,HOUR,MINUTE,HARM_EV,MAN_COLL,UNITTYPE,HIT_RUN,REG_STAT,OWNER,MAKE,MODEL,MAK_MOD,BODY_TYP,MOD_YEAR,VIN,VIN_1,VIN_2,VIN_3,VIN_4,VIN_5,VIN_6,VIN_7,VIN_8,VIN_9,VIN_10,VIN_11,VIN_12,TOW_VEH,VINTYPE,VINMAKE,VINA_MOD,VIN_BT,VINMODYR,VIN_LNGT,VIN_WGT,WGTCD_TR,WHLBS_LG,WHLBS_SH,SER_TR,FUELCODE,MCYCL_DS,CARBUR,CYLINDER,DISPLACE,MCYCL_CY,MCYCL_WT,TIRE_SZE,TON_RAT,TRK_WT,TRKWTVAR,VIN_REST,WHLDRWHL,J_KNIFE,MCARR_I1,MCARR_I2,MCARR_ID,GVWR,V_CONFIG,CARGO_BT,HAZ_INV,HAZ_PLAC,HAZ_ID,HAZ_CNO,HAZ_REL,BUS_USE,SPEC_USE,EMER_USE,TRAV_SP,UNDERIDE,ROLLOVER,ROLINLOC,IMPACT1,IMPACT2,DEFORMED,TOWED,M_HARM,VEH_SC1,VEH_SC2,FIRE_EXP,DR_PRES,L_STATE,DR_ZIP,L_STATUS,L_TYPE,CDL_STAT,L_ENDORS,L_COMPL,L_RESTRI,DR_HGT,DR_WGT,PREV_ACC,PREV_SUS,PREV_DWI,PREV_SPD,PREV_OTH,FIRST_MO,FIRST_YR,LAST_MO,LAST_YR,SPEEDREL,DR_SF1,DR_SF2,DR_SF3,DR_SF4,VTRAFWAY,VNUM_LAN,VSPD_LIM,VALIGN,VPROFILE,VPAVETYP,VSURCOND,VTRAFCON,VTCONT_F,P_CRASH1,P_CRASH2,P_CRASH3,PCRASH4,PCRASH5,ACC_TYPE,DEATHS,DR_DRINK
4,40515,1,1,1,11,9,1,18,8,0,1,1,4,1,12,481,12481,31,2001,1FTZX17271NA,1,F,T,Z,X,1,7,2,7,1,N,A,0,T,FORD,F15,4C,1,17,,1,1571,1385,COF,G,,,6,256,,,,B,4204,05,U,42,0,0,000000000,00000000000,0,0,0,1,0,0,0,0,0,0,0,30,0,0,0,12,12,9,1,8,0,0,0,1,4,85281,0,0,0,0,0,0,999,999,0,0,0,0,0,0,0,0,0,0,0,0,0,0,5,6,45,1,1,2,1,0,0,1,80,1,1,1,13,0,0
4,40516,1,1,1,13,9,19,3,8,0,1,1,4,1,6,14,6014,4,1990,1C3XY66R0LD7,1,C,3,X,Y,6,6,R,0,L,D,7,0,P,CHRY,NFA,4D,90,17,3374,,0,1093,,G,,F,6,201,,,14R195,,,,,,0,0,000000000,00000000000,0,0,0,1,0,0,0,0,0,0,0,999,0,0,0,12,12,4,1,8,0,0,0,1,4,85749,6,1,0,0,3,0,74,188,0,0,0,1,0,9,2010,9,2010,9,92,0,0,0,2,3,40,1,1,2,1,0,0,1,80,1,1,1,13,0,0
4,40517,1,1,4,14,9,6,4,1,0,1,0,32,1,7,880,7880,67,2012,3C63D3NL1CG1,3,C,6,3,D,3,N,L,1,C,G,1,0,T,DODG,3LG,CW,12,17,,3,0,1600,RPC,D,,,6,408,,,,D,6832,00,K,44,0,88,888888888,88888888888,2,1,97,1,0,0,0,0,0,0,0,40,0,1,5,0,98,6,2,1,0,0,0,1,4,86040,6,1,0,0,3,0,65,120,0,0,0,0,1,12,2008,12,2008,1,91,0,0,0,8,8,40,2,1,8,1,0,0,14,12,1,1,4,6,1,1
4,40518,1,2,1,14,9,15,5,12,6,1,0,4,2,12,16,12016,4,1995,2FALP74W0SX1,2,F,A,L,P,7,4,W,0,S,X,1,0,P,FORD,CVL,4D,95,17,3779,,0,1144,,G,,F,8,281,,,15R215,,,,,,0,0,000000000,00000000000,0,0,0,1,0,0,0,0,0,0,0,63,0,0,0,83,83,6,2,12,32,0,0,1,4,85231,3,1,0,0,2,0,68,212,0,1,0,0,0,4,2010,4,2010,1,28,0,0,0,1,2,55,1,1,2,1,0,0,1,6,8,4,2,64,1,1
4,40518,2,2,2,14,9,15,5,12,6,1,0,4,1,20,481,20481,31,2006,1GCHC29U66E2,1,G,C,H,C,2,9,U,6,6,E,2,0,T,CHEV,2CH,4C,6,17,,2,1575,1435,SIL,G,,,8,366,,,,C,5398,02,,42,0,0,000000000,00000000000,0,0,0,1,0,0,0,0,0,0,0,45,0,0,0,12,12,6,2,12,0,0,0,1,4,85132,6,1,6,0,3,0,69,240,0,2,0,0,0,10,2010,11,2010,0,0,0,0,0,1,2,55,1,1,2,1,0,0,1,62,1,1,1,65,0,0
4,40519,1,2,6,13,9,3,10,12,99,1,1,6,9,20,2,20002,4,2005,1G1ND52F65M1,1,G,1,N,D,5,2,F,6,5,M,1,0,P,CHEV,CLA,4D,5,17,3106,,0,1070,,G,,F,4,134,,,15R205,,,,,,0,0,000000000,00000000000,0,0,0,1,0,0,0,0,0,0,0,95,0,1,3,99,98,6,2,1,0,0,0,1,99,99999,9,9,99,0,9,9,999,999,99,99,99,99,99,99,9999,99,9999,1,23,0,0,0,2,2,55,1,5,2,2,0,0,15,6,7,3,6,46,1,0
4,40519,2,2,2,13,9,3,10,12,99,1,0,40,1,82,881,82881,66,2005,1FUJA6CKX5LN,1,F,U,J,A,6,C,K,X,5,L,N,1,T,FRHT,COL,TR,5,17,,8,0,0,CON,D,,,6,858,,,,,00000,00,,64,1,57,241572,57241572,3,6,1,1,0,0,0,0,0,0,0,65,0,0,0,9,98,4,1,12,0,0,0,1,40,73016,6,1,6,0,3,0,75,270,0,0,0,0,0,0,0,0,0,0,0,0,0,0,2,2,55,1,1,2,2,0,0,1,61,1,1,1,45,0,0
4,40520,1,2,1,15,9,19,19,12,6,1,0,92,0,37,739,37739,90,1985,J113TE0805FM,J,1,1,3,T,E,0,8,0,5,F,M,0,M,HOND,,,85,17,,,,,,,,,,,,,,,,,,,0,0,000000000,00000000000,0,0,0,1,0,0,0,0,0,0,0,55,0,0,0,12,98,6,2,12,0,0,0,1,4,85140,6,1,0,0,3,2,68,205,0,0,0,0,0,0,0,0,0,0,23,24,74,0,1,2,45,1,1,2,1,0,0,1,17,1,1,1,83,1,0
4,40520,2,2,1,15,9,19,19,12,6,1,0,4,1,55,33,55033,4,2008,5NPET46C18H3,5,N,P,E,T,4,6,C,1,8,H,3,0,P,HYUN,SGL,4D,8,17,3253,,0,1074,,G,,F,4,144,,,16R215,,,,,,0,0,000000000,00000000000,0,0,0,1,0,0,0,0,0,0,0,12,0,0,0,11,98,6,2,12,0,0,0,1,4,85242,6,1,0,0,3,3,67,152,0,0,0,0,0,0,0,0,0,0,0,0,0,0,1,2,98,1,1,2,1,20,3,11,66,1,1,1,82,0,0
4,40521,1,1,1,17,9,7,57,24,0,1,0,4,1,50,706,50706,80,2009,SMT900K149T3,S,M,T,9,0,0,K,1,4,9,T,3,0,M,TRUM,BON,RS,9,17,,,,,,,865,,2,,4,451,,,,,,,0,0,000000000,00000000000,0,0,0,1,0,0,0,0,0,0,0,998,0,0,0,99,99,6,2,24,0,0,0,1,4,85373,6,1,0,0,3,3,66,170,0,0,0,0,0,0,0,0,0,1,0,0,0,0,3,2,45,3,5,2,1,0,0,14,13,1,1,4,1,1,0
4,40522,1,1,1,28,9,19,6,8,0,1,1,99,9,99,999,99999,99,9999,999999999999,9,9,9,9,9,9,9,9,9,9,9,9,0,,,,,,,,,,,,,,,,,,,,,,,,,0,0,000000000,00000000000,0,0,0,1,0,0,0,0,0,0,0,30,0,0,0,12,99,9,1,8,0,0,0,1,99,99999,9,9,99,0,9,9,999,999,99,99,99,99,99,99,9999,99,9999,9,99,99,99,99,5,5,40,1,1,2,1,0,0,1,80,1,1,1,13,0,0
4,40523,1,1,1,1,10,12,0,33,0,1,0,4,2,2,403,2403,14,2004,1J4FA39S94P7,1,J,4,F,A,3,9,S,9,4,P,7,0,T,JEEP,WXR,2W,4,17,,1,0,934,WRA,G,,,6,244,,,,,3299,00,E,44,0,0,000000000,00000000000,0,0,0,1,0,0,0,0,0,0,0,998,0,1,5,14,98,6,2,1,0,0,0,1,4,85032,6,1,0,0,3,3,66,135,0,0,0,0,0,0,0,0,0,1,0,0,0,0,2,1,40,1,1,2,1,0,0,1,12,1,1,4,6,1,0
4,40524,1,1,5,1,10,19,17,34,0,1,0,4,2,49,421,49421,15,1996,JT3HJ85J9T01,J,T,3,H,J,8,5,J,9,T,0,1,0,P,TOYT,LCW,UT,96,17,4751,,0,1122,,G,,F,6,273,,,16R275,,,,,,0,0,000000000,00000000000,0,0,0,1,0,0,0,0,0,0,0,46,0,1,5,14,98,6,2,1,0,0,0,1,4,85935,6,7,0,0,3,0,68,145,0,0,0,0,0,0,0,0,0,1,21,52,0,0,1,2,20,3,1,4,1,0,0,14,6,1,4,4,7,1,0
4,40525,1,1,1,2,10,14,35,42,0,1,0,4,1,12,401,12401,14,1998,1FMZU34E9WZA,1,F,M,Z,U,3,4,E,9,W,Z,A,0,P,FORD,EPR,UT,98,17,4146,,0,1115,,G,,F,6,245,,,15R225,,,,,,0,0,000000000,00000000000,0,0,0,1,0,0,0,0,0,0,0,998,0,1,5,99,98,6,2,1,0,0,0,1,4,85705,6,1,0,0,3,3,69,170,0,0,0,1,0,8,2010,8,2010,1,80,0,0,0,2,2,75,1,6,2,1,0,0,1,1,1,9,4,2,1,0
4,40526,1,1,3,2,10,18,15,1,0,1,0,4,1,49,401,49401,14,2001,JT3HN86R0103,J,T,3,H,N,8,6,R,0,1,0,3,0,P,TOYT,RUN,UT,1,17,3930,,0,1053,,G,,F,6,206,,,15R225,,,,,,0,0,000000000,00000000000,0,0,0,1,0,0,0,0,0,0,0,998,0,1,5,0,98,6,2,1,0,0,0,1,4,86409,6,1,0,0,3,0,58,130,0,0,0,0,0,0,0,0,0,0,80,0,0,0,1,2,65,1,1,2,1,0,0,1,1,9,3,4,2,1,0
4,40527,1,1,1,3,10,6,59,8,0,1,0,4,2,20,481,20481,31,1992,1GCDC14K3NZ1,1,G,C,D,C,1,4,K,3,N,Z,1,0,T,CHEV,GC1,PK,92,17,,1,1315,1175,GM4,G,,,8,350,,,,B,3718,04,,42,0,0,000000000,00000000000,0,0,0,1,0,0,0,0,0,0,0,25,0,0,0,12,12,2,3,8,0,0,0,1,4,85364,6,1,0,0,3,0,74,280,0,0,0,0,0,0,0,0,0,0,0,0,0,0,1,2,25,1,1,2,1,0,0,1,80,1,1,1,13,0,0
4,40528,1,2,2,4,10,12,14,12,1,1,0,48,1,37,32,37032,4,2011,1HGCP3F84BA0,1,H,G,C,P,3,F,8,4,B,A,0,0,P,HOND,AXL,4D,11,17,3593,,0,1102,,G,,F,6,214,,,17R225,,,,,,0,0,000000000,00000000000,0,0,0,1,0,0,0,0,0,0,0,998,1,0,0,12,12,6,2,12,0,0,0,1,48,78759,6,1,0,0,3,0,999,999,0,0,0,0,0,0,0,0,0,1,84,77,0,0,2,2,75,1,1,2,1,0,0,1,50,1,1,1,20,1,0
4,40528,2,2,3,4,10,12,14,12,1,1,0,12,1,82,881,82881,66,1997,1FUYSSEB3VL8,1,F,U,Y,S,S,E,B,3,V,L,8,1,T,FRHT,FC2,TR,97,17,,8,0,0,CON,D,,,6,774,,,,,00000,00,,64,1,57,02021154,5702021154,3,6,1,1,0,0,0,0,0,0,0,0,0,0,0,6,6,2,1,12,0,0,0,1,12,33186,6,1,6,0,3,0,71,999,0,0,0,0,0,0,0,0,0,0,0,0,0,0,2,2,75,1,1,2,1,0,0,5,53,1,1,1,21,0,0
4,40529,1,1,1,4,10,14,39,1,0,1,0,4,1,12,481,12481,31,2003,1FTRW08LX3KC,1,F,T,R,W,0,8,L,X,3,K,C,0,T,FORD,F1S,CW,3,17,,2,0,1388,COF,G,,,8,330,,,,B,5005,00,U,44,0,0,000000000,00000000000,0,0,0,1,0,0,0,0,0,0,0,75,0,1,3,0,98,6,2,1,0,0,0,1,4,86001,6,1,0,0,3,3,68,170,0,0,0,0,0,0,0,0,0,1,0,0,0,0,2,2,75,2,6,2,1,0,0,14,12,1,1,4,6,1,0
4,40530,1,1,1,4,10,18,47,8,0,1,0,4,1,35,39,35039,4,1996,JN1CA21D7TT1,J,N,1,C,A,2,1,D,7,T,T,1,0,P,NISS,MGS,4D,96,17,2886,,0,1063,,G,,F,6,182,,,15R205,,,,,,0,0,000000000,00000000000,0,0,0,1,0,0,0,0,0,0,0,49,0,0,0,12,12,2,3,8,0,0,0,1,4,85710,6,1,0,0,3,0,78,200,1,0,0,3,0,1,2009,9,2011,0,0,0,0,0,1,2,45,1,1,2,1,0,0,1,80,6,1,1,13,0,0
4,40531,1,1,7,5,10,18,21,5,0,1,0,4,2,49,472,49472,30,2002,5TEGN92NX2Z1,5,T,E,G,N,9,2,N,X,2,Z,1,0,T,TOYT,DCP,CW,2,17,,1,0,1219,TAC,G,,,6,206,,,,B,3475,00,E,42,0,0,000000000,00000000000,0,0,0,1,0,0,0,0,0,0,0,45,0,0,0,0,0,0,1,5,0,0,0,1,4,85340,6,1,0,0,3,0,71,130,0,0,0,0,0,0,0,0,0,0,0,0,0,0,1,2,45,1,1,2,1,0,0,2,98,1,1,1,0,1,0
4,40532,1,1,4,7,10,0,54,35,0,1,0,4,2,52,37,52037,3,1990,4A3CS44U8LE0,4,A,3,C,S,4,4,U,8,L,E,0,0,P,MITS,EGS,2H,90,17,2508,,0,972,,G,,T,4,122,,,16R205,,,,,,0,0,000000000,00000000000,0,0,0,1,0,0,0,0,0,0,0,75,0,0,0,12,12,6,2,58,0,0,0,1,4,85344,6,1,0,0,3,0,71,155,0,2,0,2,0,2,2009,11,2009,1,92,0,0,0,1,2,25,2,1,2,7,40,3,14,12,1,1,4,6,2,1
4,40533,1,1,2,7,10,20,22,8,0,1,0,4,1,55,401,55401,14,2004,KM8SC13E04U7,K,M,8,S,C,1,3,E,0,4,U,7,0,P,HYUN,SAN,UT,4,17,3720,,0,1031,,G,,F,6,213,,,16R225,,,,,,0,0,000000000,00000000000,0,0,0,1,0,0,0,0,0,0,0,998,0,0,0,12,12,6,2,8,0,0,0,1,4,85392,6,1,0,0,3,0,65,170,0,0,0,0,0,0,0,0,0,0,0,0,0,0,2,2,50,1,1,2,1,0,0,1,80,1,1,1,13,0,0
4,40534,1,2,1,8,10,1,50,12,6,1,0,4,1,49,35,49035,4,1991,JT2MX83E7M00,J,T,2,M,X,8,3,E,7,M,0,0,0,P,TOYT,CRL,4D,91,17,3417,,0,1045,,G,,F,6,180,,,15R195,,,,,,0,0,000000000,00000000000,0,0,0,1,0,0,0,0,0,0,0,998,0,0,0,12,12,6,2,12,0,0,0,1,4,85226,6,1,0,0,3,0,69,185,0,0,0,0,0,0,0,0,0,1,89,91,37,39,2,2,45,1,1,2,1,2,3,1,17,1,1,1,86,0,1
4,40534,2,2,3,8,10,1,50,12,6,1,0,4,2,63,36,63036,6,2008,KNAFG5252872,K,N,A,F,G,5,2,5,2,8,7,2,0,P,KIA,ROL,SW,8,17,3333,,0,1063,,G,,F,4,144,,,16R205,,,,,,0,0,000000000,00000000000,0,0,0,1,0,0,0,0,0,0,0,998,0,0,0,4,4,6,2,12,0,0,0,1,4,85249,6,1,0,0,3,0,72,200,0,0,0,0,0,0,0,0,0,0,0,0,0,0,2,3,45,1,1,2,1,2,3,1,66,1,1,1,87,1,0
4,40535,1,1,1,8,10,18,23,42,0,1,0,4,1,59,35,59035,4,2001,JTHBD1829100,J,T,H,B,D,1,8,2,9,1,0,0,0,P,LEXS,IS3,4D,1,17,3270,,0,1051,,G,,F,6,183,,,16R205,,,,,,0,0,000000000,00000000000,0,0,0,1,0,0,0,0,0,0,0,65,0,0,0,62,62,6,2,42,0,0,0,1,4,85284,6,1,0,0,3,3,71,150,0,0,0,0,0,0,0,0,0,1,0,0,0,0,3,4,65,1,1,2,1,0,0,99,9,1,9,4,2,1,1
4,40536,1,1,3,8,10,22,13,8,0,1,0,4,1,12,481,12481,31,2006,1FTRF12286NA,1,F,T,R,F,1,2,2,8,6,N,A,0,T,FORD,F15,PK,6,17,,2,1450,1260,COF,G,,,6,256,,,,B,4615,02,E,42,0,0,000000000,00000000000,0,0,0,1,0,0,0,0,0,0,0,40,0,0,0,12,12,4,3,8,0,0,0,1,4,85710,6,1,0,0,3,0,72,145,0,1,0,1,0,11,2010,7,2011,0,28,0,0,0,2,2,35,1,1,2,1,0,0,1,80,1,1,1,13,0,1
4,40537,1,1,3,9,10,2,19,33,0,1,0,4,2,7,482,7482,31,1994,1B7KC26C2RS6,1,B,7,K,C,2,6,C,2,R,S,6,0,T,DODG,250,PK,94,17,,2,0,1347,RPC,D,,,6,359,,,,C,4242,02,B,42,0,0,000000000,00000000000,0,0,0,1,0,0,0,0,0,0,0,998,0,0,0,14,12,6,2,38,0,0,0,1,4,85326,6,1,0,0,3,3,72,165,0,0,0,0,0,0,0,0,0,1,0,0,0,0,5,4,40,1,1,2,1,0,0,1,13,1,1,4,1,1,0
4,40538,1,1,3,9,10,22,17,1,0,1,0,32,2,14,17,14017,6,1999,1MEFM58S4XG6,1,M,E,F,M,5,8,S,4,X,G,6,0,P,MERC,SGL,SW,99,17,3462,,0,1085,,G,,F,6,182,,,15R205,,,,,,0,0,000000000,00000000000,0,0,0,1,0,0,0,0,0,0,0,998,0,1,3,0,98,6,2,1,0,0,0,1,32,89002,6,1,0,0,3,0,74,195,0,0,0,0,0,0,0,0,0,1,0,0,0,0,2,2,65,1,1,2,1,0,0,1,12,1,1,4,6,1,0
4,40539,1,2,3,11,10,8,58,12,6,1,1,4,2,20,481,20481,31,1996,1GCEC14W5TZ1,1,G,C,E,C,1,4,W,5,T,Z,1,0,T,CHEV,GC1,PK,96,17,,2,1315,1175,GM4,G,,,6,262,,,,B,3801,01,,42,0,0,000000000,00000000000,0,0,0,1,0,0,0,0,0,0,0,998,0,1,1,81,98,6,2,1,0,0,0,1,4,85941,6,1,0,0,3,0,66,200,0,1,0,0,1,3,2009,3,2009,0,58,28,33,0,1,2,55,2,6,2,1,0,0,6,54,9,2,2,64,1,0
4,40539,2,2,2,11,10,8,58,12,6,1,0,4,2,41,37,41037,4,2002,1YVGF22C5252,1,Y,V,G,F,2,2,C,5,2,5,2,0,P,MAZD,U6L,4D,2,17,2864,,0,1051,,G,,F,4,122,,,15R205,,,,,,0,0,000000000,00000000000,0,0,0,1,0,0,0,0,0,0,0,998,0,0,0,12,12,6,2,12,0,0,0,1,4,85941,6,1,0,0,3,3,63,148,0,0,0,0,0,0,0,0,0,0,0,0,0,0,1,2,55,3,5,2,1,0,0,14,62,1,1,1,65,0,0
4,40540,1,1,1,12,10,16,6,31,0,1,0,31,1,20,473,20473,30,2005,1GCDS1368581,1,G,C,D,S,1,3,6,8,5,8,1,0,T,CHEV,RDO,CW,5,17,,1,0,1260,CAL,G,,,5,214,,,,,3511,00,,42,0,0,000000000,00000000000,0,0,0,1,0,0,0,0,0,0,0,998,0,1,6,99,98,6,2,1,0,0,0,1,4,86033,6,1,0,0,3,3,71,185,0,0,0,0,0,0,0,0,0,0,99,99,99,99,1,2,45,3,5,2,99,0,0,14,12,99,1,4,6,1,1
4,40541,1,1,3,12,10,16,9,33,0,1,0,4,2,23,401,23401,14,2006,1GKEK13T76R1,1,G,K,E,K,1,3,T,7,6,R,1,0,T,GMC,YUK,4W,6,17,,2,0,1160,YUK,G,,,8,323,,,,B,5210,00,4,44,0,0,000000000,00000000000,0,0,0,1,0,0,0,0,0,0,0,45,0,1,5,14,98,6,2,2,0,0,1,1,4,85259,6,1,0,0,3,3,75,275,0,0,0,0,0,0,0,0,0,0,99,99,99,99,8,8,45,1,1,1,1,3,3,1,14,99,1,4,14,1,0
4,40542,1,1,1,12,10,18,5,1,0,1,0,6,2,37,705,37705,80,2009,JH2PC40659K2,J,H,2,P,C,4,0,6,5,9,K,2,0,M,HOND,B60,RC,9,17,,,,,,,599,,4,,4,410,,,,,,,0,0,000000000,00000000000,0,0,0,1,0,0,0,0,0,0,0,998,0,0,0,0,98,6,2,1,0,0,0,1,4,86301,6,1,0,0,3,0,71,168,0,0,0,0,0,0,0,0,0,1,89,52,0,0,1,2,55,3,1,2,1,0,0,14,6,3,2,4,2,1,0
4,40543,1,1,3,12,10,19,53,34,0,1,0,4,2,7,402,7402,14,2002,1B4HS48ZX2F1,1,B,4,H,S,4,8,Z,X,2,F,1,0,P,DODG,DUR,UT,2,17,4595,,0,1160,,G,,F,8,360,,,16R215,,,,,,0,0,000000000,00000000000,0,0,0,1,0,0,0,0,0,0,0,25,0,1,5,14,98,6,2,1,0,0,0,1,4,86314,0,0,0,0,0,0,72,165,0,0,0,0,0,0,0,0,0,1,36,91,0,0,1,2,25,3,1,2,1,0,0,11,6,1,1,4,1,1,1
4,40544,1,2,1,14,10,7,0,12,1,1,0,4,3,20,461,20461,21,1999,1GCFG25R2X10,1,G,C,F,G,2,5,R,2,X,1,0,0,T,CHEV,EX2,CG,99,17,,2,0,1350,EXP,G,,,8,350,,,,C,4849,00,,42,0,0,000000000,00000000000,0,0,0,1,0,0,0,0,0,0,0,55,0,0,0,12,12,6,2,12,0,0,0,1,17,61755,6,1,0,0,3,0,71,270,0,0,0,0,0,0,0,0,0,0,85,0,0,0,3,5,65,1,1,2,1,0,0,1,50,1,1,1,20,0,0
4,40544,2,2,1,14,10,7,0,12,1,1,0,4,1,20,20,20020,4,1998,2G1WL52MXW92,2,G,1,W,L,5,2,M,X,W,9,2,0,P,CHEV,L/S,4D,98,17,3330,,0,1075,,G,,F,6,191,,,15R205,,,,,,0,0,000000000,00000000000,0,0,0,1,0,0,0,0,0,0,0,0,0,0,0,6,98,6,2,12,32,0,0,1,4,85027,6,1,0,0,3,3,59,144,0,0,0,0,0,0,0,0,0,0,0,0,0,0,3,5,65,1,1,2,1,0,0,5,53,1,1,1,21,1,0
4,40545,1,1,1,14,10,8,58,8,0,1,0,4,2,12,3,12003,2,2000,1FAFP4049YF1,1,F,A,F,P,4,0,4,9,Y,F,1,0,P,FORD,MUS,CP,0,17,3066,,0,1013,,G,,F,6,232,,,15R205,,,,,,0,0,000000000,00000000000,0,0,0,1,0,0,0,0,0,0,0,31,0,0,0,12,12,2,1,8,0,0,0,1,4,85015,6,1,0,0,3,0,68,200,0,0,0,0,0,0,0,0,0,0,38,92,0,0,5,4,35,1,1,2,1,40,3,1,80,9,1,1,13,0,0
4,40546,1,1,1,16,10,17,45,42,0,1,0,4,1,20,403,20403,14,2003,1GNDS13SX322,1,G,N,D,S,1,3,S,X,3,2,2,0,P,CHEV,TRL,UT,3,17,4417,,0,1130,,G,,F,6,256,,,16R245,,,,,,0,0,000000000,00000000000,0,0,0,1,0,0,0,0,0,0,0,998,0,1,5,3,98,6,2,1,0,0,0,1,4,85224,6,1,0,0,3,0,68,175,0,1,0,0,0,9,2011,9,2011,1,0,0,0,0,6,1,65,1,5,2,1,0,0,1,6,1,4,4,7,1,1
4,40547,1,2,2,16,10,18,50,12,6,1,0,4,1,37,31,37031,4,2001,2HGES16551H6,2,H,G,E,S,1,6,5,5,1,H,6,0,P,HOND,UCL,4D,1,17,2515,,0,1031,,G,,F,4,102,,,14R185,,,,,,0,0,000000000,00000000000,0,0,0,1,0,0,0,0,0,0,0,15,0,0,0,3,3,6,2,12,0,0,0,1,4,85226,6,1,0,0,3,3,62,124,0,0,0,0,0,0,0,0,0,0,92,0,0,0,2,3,45,1,1,2,1,3,3,11,15,1,1,1,68,1,0
4,40547,2,2,1,16,10,18,50,12,6,1,0,4,1,37,32,37032,4,2003,1HGCM66563A0,1,H,G,C,M,6,6,5,6,3,A,0,0,P,HOND,UEX,4D,3,17,3109,,0,1079,,G,,F,6,183,,,16R205,,,,,,0,0,000000000,00000000000,0,0,0,1,0,0,0,0,0,0,0,45,0,0,0,12,12,6,2,12,0,0,0,1,4,85224,6,1,0,0,3,0,68,220,0,0,0,0,0,0,0,0,0,0,0,0,0,0,2,3,45,1,1,2,1,3,3,1,62,9,1,3,69,0,0
4,40548,1,1,1,17,10,12,30,1,0,1,0,4,3,87,881,87881,66,2000,1XP5D69X7YD5,1,X,P,5,D,6,9,X,7,Y,D,5,1,T,PTRB,379,TR,0,17,,8,0,0,CON,D,,,6,855,,,,,00000,00,,64,1,57,2112822,572112822,3,6,4,1,0,0,0,0,0,0,0,998,0,1,5,0,98,6,2,1,0,0,0,1,4,85544,6,1,6,0,3,3,72,240,0,2,0,0,1,1,2009,7,2010,0,0,0,0,0,1,2,65,3,1,2,1,0,0,14,13,1,1,4,1,1,0
4,40549,1,1,2,17,10,20,32,8,0,1,0,4,1,54,31,54031,3,1987,JH4DA3355HS0,J,H,4,D,A,3,3,5,5,H,S,0,0,P,ACUR,ILS,2H,87,17,2271,,0,965,,G,,F,4,097,,,14R195,,,,,,0,0,000000000,00000000000,0,0,0,1,0,0,0,0,0,0,0,998,0,0,0,12,12,6,2,8,0,0,0,1,4,85301,6,1,0,0,3,1,62,125,0,0,0,0,0,0,0,0,0,0,0,0,0,0,5,4,40,1,1,2,1,0,0,1,80,1,1,1,13,0,0
4,40550,1,2,1,18,10,17,6,12,2,1,0,4,2,20,481,20481,31,2006,1GCEK19Z46Z2,1,G,C,E,K,1,9,Z,4,6,Z,2,0,T,CHEV,SK1,4C,6,17,,2,1575,1340,SIL,F,,,8,323,,,,B,5050,00,,44,0,0,000000000,00000000000,0,0,0,1,0,0,0,0,0,0,0,998,0,0,0,12,12,6,2,12,0,0,0,1,4,85344,6,1,0,0,3,3,68,160,0,2,1,0,0,9,2009,5,2010,1,28,0,0,0,1,2,55,2,1,2,1,0,0,14,10,1,1,2,50,1,1
4,40550,2,2,2,18,10,17,6,12,2,1,0,4,1,7,472,7472,30,2010,1D7CE3GK4AS1,1,D,7,C,E,3,G,K,4,A,S,1,1,T,DODG,SXT,CW,10,17,,2,0,1313,DAK,G,,,6,225,,,,B,4365,00,E,42,3,0,000000000,00000000000,0,0,0,1,0,0,0,0,0,0,0,998,0,0,0,12,98,6,2,12,0,0,0,1,4,85323,6,1,0,0,3,0,68,205,0,0,0,0,0,0,0,0,0,0,0,0,0,0,1,2,55,3,1,2,1,0,0,14,62,6,1,3,51,1,0
4,40551,1,2,1,18,10,18,2,12,6,1,0,4,1,98,709,98709,80,1999,1W9HW22A2XP3,1,W,9,H,W,2,2,A,2,X,P,3,0,U,,,,99,17,,,,,,,,,,,,,,,,,,,0,0,000000000,00000000000,0,0,0,1,0,0,0,0,0,0,0,12,0,0,0,62,61,6,2,12,0,0,0,1,4,85032,6,1,0,0,2,0,74,195,0,0,0,0,0,0,0,0,0,0,38,0,0,0,2,3,40,1,1,2,1,0,0,1,17,1,1,1,89,1,1
4,40551,2,2,1,18,10,18,2,12,6,1,0,4,1,18,2,18002,4,2003,1G4HR54K33U2,1,G,4,H,R,5,4,K,3,3,U,2,0,P,BUIC,LLF,4D,3,17,3567,,0,1122,,G,,F,6,231,,,15R215,,,,,,0,0,000000000,00000000000,0,0,0,1,0,0,0,0,0,0,0,37,0,0,0,12,12,4,1,12,32,0,0,1,4,85022,6,1,0,0,3,0,61,170,0,0,0,0,0,0,0,0,0,0,0,0,0,0,2,3,40,1,1,2,1,0,0,1,71,7,1,2,88,0,0
4,40552,1,2,1,19,10,17,9,1,0,1,0,4,2,72,706,72706,80,2010,1HD1JD516AB0,1,H,D,1,J,D,5,1,6,A,B,0,0,M,HD,FLN,RS,10,17,,,,,,,1584,,2,,4,726,,,,,,,0,0,000000000,00000000000,0,0,0,1,0,0,0,0,0,0,0,40,0,0,0,0,81,6,2,1,0,0,0,1,4,85206,6,1,0,0,3,3,66,160,0,0,0,0,0,0,0,0,0,1,0,0,0,0,3,3,55,1,1,2,1,0,0,1,50,3,2,1,98,1,0
4,40552,2,2,1,19,10,17,9,1,0,1,0,4,1,22,32,22032,6,2007,5Y2SL65847Z4,5,Y,2,S,L,6,5,8,4,7,Z,4,0,P,PONT,VIB,4H,7,17,2700,,0,1024,,G,,F,4,110,,,16R205,,,,,,0,0,000000000,00000000000,0,0,0,1,0,0,0,0,0,0,0,0,0,0,0,6,6,2,1,54,0,0,0,1,4,85284,6,1,0,0,3,0,60,110,0,0,0,0,0,0,0,0,0,0,0,0,0,0,3,3,55,1,1,2,1,0,0,5,53,1,1,1,98,0,0