STATE,ST_CASE,VEH_NO,VE_FORMS,NUMOCCS,DAY,MONTH,HOUR,MINUTE,HARM_EV,MAN_COLL,UNITTYPE,HIT_RUN,REG_STAT,OWNER,MAKE,MODEL,MAK_MOD,BODY_TYP,MOD_YEAR,VIN,VIN_1,VIN_2,VIN_3,VIN_4,VIN_5,VIN_6,VIN_7,VIN_8,VIN_9,VIN_10,VIN_11,VIN_12,TOW_VEH,VINTYPE,VINMAKE,VINA_MOD,VIN_BT,VINMODYR,VIN_LNGT,VIN_WGT,WGTCD_TR,WHLBS_LG,WHLBS_SH,SER_TR,FUELCODE,MCYCL_DS,CARBUR,CYLINDER,DISPLACE,MCYCL_CY,MCYCL_WT,TIRE_SZE,TON_RAT,TRK_WT,TRKWTVAR,VIN_REST,WHLDRWHL,J_KNIFE,MCARR_I1,MCARR_I2,MCARR_ID,GVWR,V_CONFIG,CARGO_BT,HAZ_INV,HAZ_PLAC,HAZ_ID,HAZ_CNO,HAZ_REL,BUS_USE,SPEC_USE,EMER_USE,TRAV_SP,UNDERIDE,ROLLOVER,ROLINLOC,IMPACT1,IMPACT2,DEFORMED,TOWED,M_HARM,VEH_SC1,VEH_SC2,FIRE_EXP,DR_PRES,L_STATE,DR_ZIP,L_STATUS,L_TYPE,CDL_STAT,L_ENDORS,L_COMPL,L_RESTRI,DR_HGT,DR_WGT,PREV_ACC,PREV_SUS,PREV_DWI,PREV_SPD,PREV_OTH,FIRST_MO,FIRST_YR,LAST_MO,LAST_YR,SPEEDREL,DR_SF1,DR_SF2,DR_SF3,DR_SF4,VTRAFWAY,VNUM_LAN,VSPD_LIM,VALIGN,VPROFILE,VPAVETYP,VSURCOND,VTRAFCON,VTCONT_F,P_CRASH1,P_CRASH2,P_CRASH3,PCRASH4,PCRASH5,ACC_TYPE,DEATHS,DR_DRINK
5,50124,3,3,1,9,4,8,45,12,7,1,0,17,1,55,33,55033,4,2008,5NPEU46C28H3,5,N,P,E,U,4,6,C,2,8,H,3,0,P,HYUN,SLI,4D,8,17,3266,,0,1074,,G,,F,4,144,,,17R215,,,,,,0,0,000000000,00000000000,0,0,0,1,0,0,0,0,0,0,0,998,0,0,0,12,12,6,2,2,0,0,1,1,17,60504,6,1,0,0,3,0,67,121,0,0,0,0,0,0,0,0,0,9,0,0,0,0,2,2,65,1,1,2,1,0,0,1,62,99,1,1,98,1,0
5,50125,1,1,2,9,4,17,36,42,0,1,0,5,1,53,706,53706,80,2006,JS1VY52A4621,J,S,1,V,Y,5,2,A,4,6,2,1,0,M,SUZI,C90,RS,6,17,,,,,,,1462,,2,,4,665,,,,,,,0,0,000000000,00000000000,0,0,0,1,0,0,0,0,0,0,0,998,0,0,0,12,12,6,2,42,0,0,0,1,5,72002,6,1,0,0,3,0,75,190,0,0,0,0,1,12,2009,12,2009,9,99,99,99,99,1,2,45,3,8,8,98,0,0,14,8,3,1,4,6,1,0
5,50126,1,3,1,9,4,18,0,12,8,1,0,5,1,41,51,41051,4,2010,JM1BL1SF8A13,J,M,1,B,L,1,S,F,8,A,1,3,0,P,MAZD,M3I,4D,10,17,2868,,0,1039,,G,,F,4,122,,,16R205,,,,,,0,0,000000000,00000000000,0,0,0,1,0,0,0,0,0,0,0,998,0,0,0,62,62,6,2,12,0,0,0,1,5,72847,6,1,0,0,3,0,65,150,0,0,0,0,0,0,0,0,0,1,36,0,0,0,1,2,45,2,2,2,1,0,0,14,10,99,1,2,64,0,0
5,50126,2,3,1,9,4,18,0,12,8,1,0,22,1,72,706,72706,80,2004,1HD1GDV104K3,1,H,D,1,G,D,V,1,0,4,K,3,0,M,HD,FDL,RS,4,17,,,,,,,1450,,2,,4,623,,,,,,,0,0,000000000,00000000000,0,0,0,1,0,0,0,0,0,0,0,998,0,0,0,62,62,4,3,12,0,0,0,1,22,71235,6,1,0,0,3,0,65,145,0,0,0,0,0,0,0,0,0,9,0,0,0,0,1,2,45,3,2,2,1,0,0,14,62,99,1,1,65,0,0
5,50126,3,3,1,9,4,18,0,12,8,1,0,22,2,72,706,72706,80,2004,1HD1BWB104Y0,1,H,D,1,B,W,B,1,0,4,Y,0,0,M,HD,FSI,RS,4,17,,,,,,,1450,,2,,4,696,,,,,,,0,0,000000000,00000000000,0,0,0,1,0,0,0,0,0,0,0,998,0,0,0,12,12,6,2,12,0,0,0,1,22,71235,6,1,0,0,3,0,68,214,0,0,0,0,0,0,0,0,0,9,0,0,0,0,1,2,45,3,2,2,1,0,0,14,62,99,1,1,98,1,0
5,50127,1,1,2,10,4,3,40,42,0,1,0,5,2,49,40,49040,4,2005,4T1BE32K55U3,4,T,1,B,E,3,2,K,5,5,U,3,0,P,TOYT,XLL,4D,5,17,3108,,0,1071,,G,,F,4,144,,,15R205,,,,,,0,0,000000000,00000000000,0,0,0,1,0,0,0,0,0,0,0,998,0,0,0,12,12,6,2,2,0,0,1,1,5,72015,6,1,0,0,3,0,69,160,0,0,0,0,0,0,0,0,0,1,36,0,0,0,1,2,45,3,8,8,1,0,0,14,6,99,1,4,1,1,0
5,50128,1,1,1,10,4,3,50,35,0,1,0,48,2,22,22,22022,4,2005,1G2ZH5282541,1,G,2,Z,H,5,2,8,2,5,4,1,0,P,PONT,GGT,4D,5,17,3425,,0,1123,,G,,F,6,214,,,17R225,,,,,,0,0,000000000,00000000000,0,0,0,1,0,0,0,0,0,0,0,998,0,1,3,12,12,6,2,1,0,0,0,1,5,72209,6,1,0,0,3,0,79,170,0,2,0,0,0,1,2010,1,2010,1,36,0,0,0,2,2,55,2,1,1,1,0,0,14,12,99,1,4,6,1,1
5,50129,1,1,2,10,4,16,39,42,0,1,0,5,2,21,20,21020,4,1998,1G3NB52M9W63,1,G,3,N,B,5,2,M,9,W,6,3,0,P,OLDS,CUT,4D,98,17,3102,,0,1070,,G,,F,6,191,,,15R215,,,,,,0,0,000000000,00000000000,0,0,0,1,0,0,0,0,0,0,0,998,0,0,0,3,3,6,2,42,0,0,0,1,5,72029,6,1,0,0,3,3,66,150,0,0,0,0,0,0,0,0,0,9,36,0,0,0,1,2,55,1,1,2,1,0,0,1,8,99,1,4,1,1,0
5,50130,1,1,1,11,4,22,27,59,0,1,0,21,1,49,43,49043,4,1996,4T1BF12B5TU1,4,T,1,B,F,1,2,B,5,T,U,1,0,P,TOYT,UVS,4D,96,17,3263,,0,1071,,G,,F,6,183,,,15R205,,,,,,0,0,000000000,00000000000,0,0,0,1,0,0,0,0,0,0,0,998,0,0,0,12,12,6,2,2,0,0,1,1,47,38111,1,1,0,0,2,0,69,155,1,3,0,0,0,11,2010,11,2010,9,36,0,0,0,2,2,45,3,1,2,1,0,0,14,13,99,1,4,1,1,1
5,50131,1,1,1,12,4,6,57,42,0,1,0,5,1,20,443,20443,20,2001,1GNDX03E41D1,1,G,N,D,X,0,3,E,4,1,D,1,0,T,CHEV,VTR,ES,1,17,,1,0,1200,VTR,G,,,6,207,,,,,3838,00,,42,0,0,000000000,00000000000,0,0,0,1,0,0,0,0,0,0,0,998,0,0,0,12,12,6,2,42,0,0,0,1,5,72946,6,1,0,0,3,0,62,250,1,0,0,0,0,8,2008,8,2008,9,99,99,99,99,1,2,55,1,2,2,1,40,3,1,12,99,1,4,6,1,0
5,50132,1,1,1,12,4,21,59,42,0,1,0,5,1,12,401,12401,14,1999,1FMZU34E9XZA,1,F,M,Z,U,3,4,E,9,X,Z,A,0,P,FORD,EPR,UT,99,17,4128,,0,1116,,G,,F,6,245,,,15R225,,,,,,0,0,000000000,00000000000,0,0,0,1,0,0,0,0,0,0,0,998,0,0,0,9,9,6,2,42,0,0,0,1,5,72745,6,1,0,0,3,0,71,175,0,5,1,0,2,11,2009,2,2010,9,99,99,99,99,1,2,35,2,1,2,1,0,0,14,12,1,1,4,6,1,1
5,50133,1,2,1,14,4,20,15,8,0,1,1,99,9,99,999,99999,99,9999,999999999999,9,9,9,9,9,9,9,9,9,9,9,9,0,,,,,,,,,,,,,,,,,,,,,,,,,0,0,000000000,00000000000,0,0,0,1,0,0,0,0,0,0,0,998,0,0,0,99,99,4,1,8,0,0,0,1,99,99999,9,9,99,0,9,9,999,999,99,99,99,99,99,99,9999,99,9999,9,99,99,99,99,1,2,30,1,1,2,1,0,0,99,80,99,1,2,13,0,0
5,50133,2,2,1,14,4,20,15,8,0,1,0,5,6,20,20,20020,4,2000,2G1WL52J7Y13,2,G,1,W,L,5,2,J,7,Y,1,3,0,P,CHEV,LUM,4D,0,17,3330,,0,1075,,G,,F,6,191,,,15R205,,,,,,0,0,000000000,00000000000,0,0,0,1,0,0,0,0,0,0,0,0,0,0,0,8,8,4,3,12,0,0,0,0,0,99997,7,6,97,7,6,7,998,997,998,998,998,998,998,98,9998,98,9998,8,0,0,0,0,1,2,30,1,1,2,1,0,0,0,62,0,0,0,98,0,0
5,50134,1,1,1,15,4,99,99,1,0,1,0,92,0,53,739,53739,90,9999,999999999999,9,9,9,9,9,9,9,9,9,9,9,9,0,,,,,,,,,,,,,,,,,,,,,,,,,0,0,000000000,00000000000,0,0,0,1,0,0,0,0,0,0,0,998,0,9,1,0,0,4,1,1,0,0,0,1,5,72106,6,1,0,0,2,0,71,205,0,2,0,0,0,9,2009,9,2009,1,0,0,0,0,1,2,35,2,3,2,2,0,0,14,99,99,9,3,98,1,1
5,50135,1,1,1,17,4,1,8,31,0,1,0,5,2,7,482,7482,31,2009,1D3HV16T49J5,1,D,3,H,V,1,6,T,4,9,J,5,0,T,DODG,150,PK,9,17,,2,1400,1200,RPC,G,,,8,348,,,,B,4863,00,K,44,0,0,000000000,00000000000,0,0,0,1,0,0,0,0,0,0,0,998,0,1,6,12,98,6,2,42,0,0,1,1,5,72632,6,1,0,0,3,0,70,175,0,0,0,1,0,1,2011,1,2011,9,36,0,0,0,1,2,55,1,2,2,1,0,0,1,12,99,1,4,6,1,1
5,50136,1,1,1,18,4,6,14,8,0,1,0,5,1,12,481,12481,31,2006,1FTPX14516FA,1,F,T,P,X,1,4,5,1,6,F,A,0,T,FORD,F15,4C,6,17,,2,0,1450,COF,G,,,8,329,,,,B,4297,16,E,44,0,0,000000000,00000000000,0,0,0,1,0,0,0,0,0,0,0,998,0,0,0,12,12,4,1,8,0,0,0,1,5,71852,6,1,6,0,3,0,71,195,0,0,0,0,0,0,0,0,0,0,0,0,0,0,2,2,70,2,2,2,1,0,0,14,80,1,1,1,13,0,0
5,50137,1,2,1,18,4,19,29,12,2,1,0,48,3,85,881,85881,66,2006,1XKADB9X66J1,1,X,K,A,D,B,9,X,6,6,J,1,1,T,KW,T60,TR,6,17,,8,2600,1600,CON,D,,,6,893,,,,,00000,00,,64,1,57,2094580,572094580,3,6,1,1,0,0,0,0,0,0,0,998,0,0,0,12,12,6,2,12,0,0,0,1,48,78242,6,1,6,1,3,3,64,145,0,0,0,0,0,0,0,0,0,9,0,0,0,0,1,2,55,1,1,2,1,0,0,1,62,99,1,1,50,0,0
5,50137,2,2,2,18,4,19,29,12,2,1,0,5,1,41,471,41471,30,1988,JM2UF1130J03,J,M,2,U,F,1,1,3,0,J,0,3,0,T,MAZD,22S,PK,88,17,,1,0,1087,B22,G,,,4,133,,,,,2531,01,A,42,0,0,000000000,00000000000,0,0,0,1,0,0,0,0,0,0,0,998,0,0,0,12,12,6,2,12,0,0,0,1,5,72020,6,1,0,0,3,0,74,170,0,0,0,0,1,11,2009,11,2009,9,28,0,0,0,1,2,55,1,1,2,1,0,0,1,10,99,1,2,51,2,0
5,50138,1,2,1,19,4,6,30,12,2,1,0,5,1,12,37,12037,2,2008,1FAHP33N78W2,1,F,A,H,P,3,3,N,7,8,W,2,0,P,FORD,FMS,CP,8,17,2588,,0,1029,,G,,F,4,122,,,16R205,,,,,,0,0,000000000,00000000000,0,0,0,1,0,0,0,0,0,0,0,998,0,0,0,12,98,6,2,12,0,0,0,1,5,71665,3,1,0,0,2,0,72,260,0,0,0,1,0,1,2009,1,2009,0,28,0,0,0,1,2,55,1,1,2,1,0,0,1,10,99,1,2,50,1,0
5,50138,2,2,1,19,4,6,30,12,2,1,0,5,3,82,881,82881,66,2001,1FUJA3CG71PH,1,F,U,J,A,3,C,G,7,1,P,H,1,T,FRHT,ST2,TR,1,17,,8,0,0,CON,D,,,6,774,,,,,00000,00,,64,1,57,1447433,571447433,3,6,10,1,0,0,0,0,0,0,0,998,0,0,0,12,98,6,2,12,0,0,0,1,5,72104,6,1,6,0,3,3,69,165,0,0,0,0,0,0,0,0,0,0,0,0,0,0,1,2,55,1,1,2,1,0,0,1,62,99,1,1,51,0,0
5,50139,1,1,1,19,4,9,15,1,0,1,0,5,1,76,705,76705,80,2003,JYARJ06E53A0,J,Y,A,R,J,0,6,E,5,3,A,0,0,M,YAMA,R6L,RC,3,17,,,,,,,599,,4,,4,357,,,,,,,0,0,000000000,00000000000,0,0,0,1,0,0,0,0,0,0,0,998,0,0,0,0,98,6,2,42,0,0,0,1,5,72903,1,1,0,0,2,0,71,130,0,2,0,0,3,10,2009,3,2011,1,36,0,0,0,5,3,30,3,1,2,1,20,3,14,6,99,1,4,1,1,1
5,50140,1,1,4,20,4,17,18,42,0,1,0,5,2,22,16,22016,4,2002,1G2JB5249273,1,G,2,J,B,5,2,4,9,2,7,3,0,P,PONT,SFS,4D,2,17,2644,,0,1041,,G,,F,4,133,,,14R195,,,,,,0,0,000000000,00000000000,0,0,0,1,0,0,0,0,0,0,0,998,0,1,5,98,0,6,2,1,0,0,0,1,5,72556,6,1,0,0,3,0,67,143,0,0,0,0,0,0,0,0,0,1,36,0,0,0,1,2,98,2,1,2,1,0,0,14,6,7,3,4,7,2,0
5,50141,1,2,3,21,4,20,47,12,2,1,0,5,1,22,20,22020,4,2004,2G2WP5428412,2,G,2,W,P,5,4,2,8,4,1,2,0,P,PONT,GPG,4D,4,17,3477,,0,1105,,G,,F,6,231,,,16R225,,,,,,0,0,000000000,00000000000,0,0,0,1,0,0,0,0,0,0,0,998,0,0,0,12,98,6,2,12,0,0,0,1,5,72501,6,1,0,0,3,3,66,250,0,0,0,0,0,0,0,0,0,0,0,0,0,0,1,2,50,3,1,2,2,0,0,14,60,99,1,1,51,0,0
5,50141,2,2,1,21,4,20,47,12,2,1,0,5,1,72,706,72706,80,2000,1HD1BJY11YY0,1,H,D,1,B,J,Y,1,1,Y,Y,0,0,M,HD,STC,RS,0,17,,,,,,,1450,,2,,4,696,,,,,,,0,0,000000000,00000000000,0,0,0,1,0,0,0,0,0,0,0,998,0,0,0,12,98,6,2,12,0,0,0,1,5,72501,6,1,0,0,3,0,71,160,0,0,0,0,0,0,0,0,0,0,28,0,0,0,1,2,50,2,1,2,2,0,0,14,10,99,1,2,50,1,1
5,50142,1,1,1,22,4,5,52,58,0,1,0,5,1,73,706,73706,80,2000,JKBVNCA11YB5,J,K,B,V,N,C,A,1,1,Y,B,5,0,M,KAWK,VN8,RS,0,17,,,,,,,800,,2,,4,496,,,,,,,0,0,000000000,00000000000,0,0,0,1,0,0,0,0,0,0,0,998,0,0,0,9,98,6,2,58,0,0,0,1,5,71921,6,1,0,0,3,0,73,270,0,0,0,2,0,8,2008,12,2010,0,99,99,99,99,1,2,30,1,2,2,2,0,0,1,98,99,2,4,98,1,0
5,50143,1,2,1,22,4,13,0,12,6,1,0,92,0,51,881,51881,66,2007,4V4NC9GH97N4,4,V,4,N,C,9,G,H,9,7,N,4,0,T,VOLV,VNL,TR,7,17,,8,0,0,VVN,D,,,6,732,,,,,00000,00,,64,0,57,01809254,5701809254,3,5,96,1,0,0,0,0,0,0,0,998,0,0,0,12,12,6,2,12,0,0,0,1,5,71701,6,1,6,1,3,3,74,195,0,0,0,0,0,0,0,0,0,1,28,0,0,0,1,2,55,3,2,2,1,0,0,14,52,3,4,2,64,0,0
5,50143,2,2,4,22,4,13,0,12,6,1,0,5,2,20,22,20022,4,2008,1G1AL58F1871,1,G,1,A,L,5,8,F,1,8,7,1,0,P,CHEV,BLT,4D,8,17,3216,,0,1033,,G,,F,4,134,,,15R195,,,,,,0,0,000000000,00000000000,0,0,0,1,0,0,0,0,0,0,0,998,0,1,6,62,62,6,2,1,0,0,0,1,5,71752,1,1,0,0,2,0,74,160,0,0,0,0,0,0,0,0,0,9,0,0,0,0,1,2,55,2,2,2,1,0,0,14,62,99,1,1,65,3,1
5,50144,1,2,4,22,4,13,39,12,6,1,0,5,1,20,471,20471,30,1994,1GCDT19Z0R81,1,G,C,D,T,1,9,Z,0,R,8,1,0,T,CHEV,S14,PC,94,17,,1,1229,1083,S,G,,,6,262,,,,B,3604,00,,44,0,0,000000000,00000000000,0,0,0,1,0,0,0,0,0,0,0,998,0,0,0,12,98,6,2,12,0,0,0,1,5,72579,6,1,0,0,3,3,71,182,0,0,0,0,0,0,0,0,0,0,0,0,0,0,1,2,50,1,1,2,1,0,0,1,67,99,1,1,83,0,0
5,50144,2,2,1,22,4,13,39,12,6,1,0,5,1,12,16,12016,4,1989,2FABP74F2KX1,2,F,A,B,P,7,4,F,2,K,X,1,0,P,FORD,CVL,4D,89,17,3770,,0,1143,,G,,F,8,302,,,15R215,,,,,,0,0,000000000,00000000000,0,0,0,1,0,0,0,0,0,0,0,998,0,0,0,9,98,6,2,12,0,0,0,1,5,72466,6,1,8,0,3,0,74,165,0,0,0,0,1,2,2011,2,2011,0,38,0,0,0,1,2,50,1,1,2,1,20,3,11,15,99,1,2,82,1,0
5,50145,1,1,1,22,4,18,21,35,0,1,0,5,2,37,705,37705,80,2006,JH2PC37056M3,J,H,2,P,C,3,7,0,5,6,M,3,0,M,HOND,B60,RC,6,17,,,,,,,599,,4,,4,361,,,,,,,0,0,000000000,00000000000,0,0,0,1,0,0,0,0,0,0,0,998,0,0,0,12,12,6,2,30,0,0,0,1,5,72802,6,1,0,0,3,0,71,157,0,0,0,2,1,7,2009,3,2011,1,36,0,0,0,1,2,55,1,1,2,1,0,0,6,6,3,1,4,1,1,0
5,50146,1,2,1,22,4,19,23,9,0,1,0,5,1,49,40,49040,4,2007,4T1BE46K57U0,4,T,1,B,E,4,6,K,5,7,U,0,0,P,TOYT,CMB,4D,7,17,3108,,0,1093,,G,,F,4,146,,,15R205,,,,,,0,0,000000000,00000000000,0,0,0,1,0,0,0,0,0,0,0,998,0,0,0,12,12,2,1,9,0,0,0,1,5,72034,6,1,0,0,3,0,70,180,0,0,0,1,0,1,2010,1,2010,9,0,0,0,0,1,3,30,1,1,2,1,0,0,1,83,2,1,1,13,0,0
5,50146,2,2,2,22,4,19,23,9,0,1,0,5,2,37,32,37032,4,1996,1HGCD5669TA1,1,H,G,C,D,5,6,6,9,T,A,1,0,P,HOND,UEX,4D,96,17,2985,,0,1069,,G,,F,4,132,,,15R195,,,,,,0,0,000000000,00000000000,0,0,0,1,0,0,0,0,0,0,0,998,0,0,0,18,18,2,1,54,0,0,0,1,5,72032,6,1,0,0,3,0,65,116,0,0,0,0,0,0,0,0,0,9,0,0,0,0,1,3,30,1,1,2,1,0,0,1,83,99,1,1,98,0,0
5,50147,1,1,2,22,4,22,55,8,0,1,0,5,2,20,404,20404,14,2006,2CNDL73F8660,2,C,N,D,L,7,3,F,8,6,6,0,0,P,CHEV,EQU,UT,6,17,3777,,0,1125,,G,,F,6,207,,,16R235,,,,,,0,0,000000000,00000000000,0,0,0,1,0,0,0,0,0,0,0,998,0,0,0,12,12,4,1,8,0,0,0,1,5,72401,6,1,0,0,3,0,76,275,0,0,0,0,0,0,0,0,0,0,0,0,0,0,1,2,55,1,1,2,1,0,0,1,80,1,1,1,13,0,0
5,50148,1,1,1,23,4,22,45,8,0,1,0,5,1,23,471,23471,30,2000,1GTCS1951Y82,1,G,T,C,S,1,9,5,1,Y,8,2,0,T,GMC,SON,PC,0,17,,1,0,1229,SON,F,,,4,133,,,,B,3242,00,U,42,0,0,000000000,00000000000,0,0,0,1,0,0,0,0,0,0,0,998,0,0,0,1,1,4,1,8,0,0,0,1,5,72015,6,1,0,0,3,3,62,135,0,0,0,0,0,0,0,0,0,9,0,0,0,0,4,2,45,1,1,2,1,0,0,1,80,99,1,1,13,0,0
5,50149,1,1,1,23,4,15,55,30,0,1,0,92,0,72,706,72706,80,2001,1HD4CEM171K1,1,H,D,4,C,E,M,1,7,1,K,1,0,M,HD,L8H,RS,1,17,,,,,,,883,,2,,4,486,,,,,,,0,0,000000000,00000000000,0,0,0,1,0,0,0,0,0,0,0,998,0,0,0,12,12,6,2,30,0,0,0,1,5,71603,1,1,0,0,2,0,63,115,0,2,0,0,0,3,2011,3,2011,9,36,0,0,0,1,2,55,2,3,2,1,0,0,14,8,99,1,4,6,1,0
5,50150,1,1,1,24,4,2,31,58,0,1,0,5,2,49,32,49032,2,2006,1NXBR32E86Z6,1,N,X,B,R,3,2,E,8,6,Z,6,0,P,TOYT,UCS,4D,6,17,2530,,0,1024,,G,,F,4,109,,,15R185,,,,,,0,0,000000000,00000000000,0,0,0,1,0,0,0,0,0,0,0,998,0,0,0,14,12,6,2,42,0,0,0,1,5,72944,6,2,0,0,3,2,63,118,0,0,0,0,0,0,0,0,0,9,73,58,52,0,1,2,35,1,1,2,1,0,0,1,13,7,1,4,1,1,0
5,50151,1,1,3,24,4,16,30,1,0,1,0,5,2,12,481,12481,31,2000,1FTNW21F6YEB,1,F,T,N,W,2,1,F,6,Y,E,B,0,T,FORD,F2S,CW,0,17,,2,1724,1562,SRW,D,,,8,444,,,,C,5932,07,E,44,0,0,000000000,00000000000,0,0,0,1,0,0,0,0,0,0,0,998,0,1,5,0,0,6,2,1,0,0,0,1,5,72104,6,1,0,0,3,0,69,175,0,0,0,0,0,0,0,0,0,9,36,58,0,0,1,2,55,1,1,2,1,0,0,1,12,7,1,4,6,1,0
5,50152,1,1,3,24,4,22,50,1,0,1,0,5,1,12,401,12401,14,2000,1FMDU62E3YUB,1,F,M,D,U,6,2,E,3,Y,U,B,0,P,FORD,EPR,UT,0,17,3865,,0,1116,,G,,F,6,245,,,15R235,,,,,,0,0,000000000,00000000000,0,0,0,1,0,0,0,0,0,0,0,998,0,1,5,0,13,6,2,42,0,0,0,1,5,72207,6,1,0,0,3,0,68,120,0,0,0,0,0,0,0,0,0,9,58,0,0,0,1,2,55,1,1,2,1,0,0,1,9,7,3,4,1,1,1
5,50153,1,1,2,25,4,16,0,42,0,1,0,5,1,37,32,37032,4,1993,1HGCB767XPA0,1,H,G,C,B,7,6,7,X,P,A,0,0,P,HOND,AEX,4D,93,17,2987,,0,1071,,G,,F,4,132,,,15R195,,,,,,0,0,000000000,00000000000,0,0,0,1,0,0,0,0,0,0,0,998,0,0,0,62,62,6,2,42,0,0,0,1,5,72847,6,1,0,0,3,0,65,130,0,0,0,0,0,0,0,0,0,1,87,0,0,0,1,2,45,1,1,2,2,0,0,1,6,99,4,4,6,1,0
5,50155,1,1,2,25,4,99,99,38,0,1,0,5,9,41,471,41471,30,1997,4F4CR12A6VTM,4,F,4,C,R,1,2,A,6,V,T,M,0,T,MAZD,RGC,PK,97,17,,1,1139,1079,B23,G,,,4,140,,,,,2927,00,B,42,0,0,000000000,00000000000,0,0,0,1,0,0,0,0,0,0,0,998,0,1,5,99,12,6,2,3,0,0,0,1,99,99999,9,9,99,9,9,9,999,999,99,99,99,99,99,99,9999,99,9999,9,40,0,0,0,1,2,25,1,2,2,2,98,3,1,13,99,1,4,1,2,0
5,50156,1,1,1,26,4,15,57,42,0,1,0,5,3,20,461,20461,21,2010,1GCZGFAG2A11,1,G,C,Z,G,F,A,G,2,A,1,1,0,T,CHEV,E25,CG,10,17,,2,0,1350,EXP,F,,,8,366,,,,C,5338,00,,42,0,0,000000000,00000000000,0,0,0,1,0,0,0,0,0,0,0,998,0,0,0,12,12,6,2,42,0,0,0,1,5,71759,6,1,0,0,3,0,75,160,0,0,0,0,0,0,0,0,0,9,36,0,0,0,1,2,45,1,2,2,1,0,0,1,12,6,1,4,6,1,0
5,50157,1,1,0,27,4,14,46,8,0,1,0,5,6,98,804,98804,63,1982,2WLPCCJE8CK9,2,W,L,P,C,C,J,E,8,C,K,9,1,T,WSTR,490,CC,82,17,,8,2800,1530,CNV,D,,,6,855,,,,,00000,00,,64,1,57,1039646,571039646,3,4,3,1,0,0,0,0,0,0,0,0,0,0,0,83,83,8,8,8,0,0,0,0,0,99997,7,6,97,7,6,7,998,997,998,998,998,998,998,98,9998,98,9998,8,0,0,0,0,8,8,98,8,8,8,98,97,8,0,80,0,0,0,98,0,0
5,50158,1,1,1,27,4,19,40,1,0,1,0,5,2,23,481,23481,31,1995,2GTEC19K8S15,2,G,T,E,C,1,9,K,8,S,1,5,0,T,GMC,SC1,PC,95,17,,2,1555,1415,SIE,G,,,8,350,,,,B,4068,00,M,42,0,0,000000000,00000000000,0,0,0,1,0,0,0,0,0,0,0,998,0,1,6,0,0,6,2,3,0,0,0,1,5,71744,1,1,8,0,2,3,65,180,0,7,2,0,0,5,2009,2,2010,9,0,0,0,0,1,2,40,3,1,4,1,0,0,14,13,99,1,4,1,1,1
5,50159,1,2,3,29,4,23,22,12,6,1,0,5,1,21,20,21020,4,1996,1G3AJ55M5T63,1,G,3,A,J,5,5,M,5,T,6,3,0,P,OLDS,CRL,4D,96,17,2924,,0,1049,,G,,F,6,191,,,14R185,,,,,,0,0,000000000,00000000000,0,0,0,1,0,0,0,0,0,0,0,998,0,0,0,1,1,4,1,12,0,0,0,1,5,72034,6,1,0,0,3,0,68,184,1,0,0,1,1,9,2009,7,2010,9,38,0,0,0,1,4,35,1,1,2,1,0,0,11,15,1,1,2,68,0,0
5,50159,2,2,1,29,4,23,22,12,6,1,0,5,2,37,705,37705,80,2005,JH2PC37075M2,J,H,2,P,C,3,7,0,7,5,M,2,0,M,HOND,B60,RC,5,17,,,,,,,599,,4,,4,361,,,,,,,0,0,000000000,00000000000,0,0,0,1,0,0,0,0,0,0,0,998,0,0,0,12,12,6,2,12,0,0,0,1,5,72032,6,1,0,0,3,0,70,180,0,8,0,1,2,5,2009,4,2011,9,0,0,0,0,1,4,35,1,1,2,1,0,0,1,66,99,1,1,69,1,0
5,50160,1,1,2,30,4,0,51,42,0,1,0,5,1,41,47,41047,4,1999,JM1TA2229X15,J,M,1,T,A,2,2,2,9,X,1,5,0,P,MAZD,MLS,4D,99,17,3355,,0,1083,,G,,Z,6,138,,,17R215,,,,,,0,0,000000000,00000000000,0,0,0,1,0,0,0,0,0,0,0,998,0,0,0,82,82,6,2,2,0,0,1,1,5,72753,6,1,0,0,3,0,63,130,0,0,0,0,0,0,0,0,0,1,36,0,0,0,1,2,50,3,2,2,1,0,0,14,13,99,1,4,1,2,1
5,50161,1,2,1,30,4,23,5,12,6,1,0,5,1,20,471,20471,30,1991,1GCCS19R4M82,1,G,C,C,S,1,9,R,4,M,8,2,0,T,CHEV,S14,PC,91,17,,1,0,1229,S,G,,,6,173,,,,B,2689,01,,42,0,0,000000000,00000000000,0,0,0,1,0,0,0,0,0,0,0,998,0,0,0,12,12,6,2,12,0,0,0,1,5,71653,1,1,0,0,2,1,66,198,0,4,0,0,0,12,2010,12,2010,0,38,0,0,0,2,2,65,1,1,2,1,20,3,1,17,99,1,1,88,1,1
5,50161,2,2,1,30,4,23,5,12,6,1,0,28,3,82,881,82881,66,2009,1FUJGLCKX9LA,1,F,U,J,G,L,C,K,X,9,L,A,1,T,FRHT,125,TR,9,17,,8,0,0,CSC,D,,,6,855,,,,,00000,00,,64,1,57,154237,57154237,3,6,1,1,0,0,0,0,0,0,0,998,0,0,0,9,9,6,2,12,0,0,0,1,40,74962,6,1,6,1,3,0,64,155,0,0,0,0,0,0,0,0,0,0,0,0,0,0,2,2,65,1,1,2,1,20,3,1,66,9,1,1,89,0,0