STATE,ST_CASE,VEH_NO,VE_FORMS,NUMOCCS,DAY,MONTH,HOUR,MINUTE,HARM_EV,MAN_COLL,UNITTYPE,HIT_RUN,REG_STAT,OWNER,MAKE,MODEL,MAK_MOD,BODY_TYP,MOD_YEAR,VIN,VIN_1,VIN_2,VIN_3,VIN_4,VIN_5,VIN_6,VIN_7,VIN_8,VIN_9,VIN_10,VIN_11,VIN_12,TOW_VEH,VINTYPE,VINMAKE,VINA_MOD,VIN_BT,VINMODYR,VIN_LNGT,VIN_WGT,WGTCD_TR,WHLBS_LG,WHLBS_SH,SER_TR,FUELCODE,MCYCL_DS,CARBUR,CYLINDER,DISPLACE,MCYCL_CY,MCYCL_WT,TIRE_SZE,TON_RAT,TRK_WT,TRKWTVAR,VIN_REST,WHLDRWHL,J_KNIFE,MCARR_I1,MCARR_I2,MCARR_ID,GVWR,V_CONFIG,CARGO_BT,HAZ_INV,HAZ_PLAC,HAZ_ID,HAZ_CNO,HAZ_REL,BUS_USE,SPEC_USE,EMER_USE,TRAV_SP,UNDERIDE,ROLLOVER,ROLINLOC,IMPACT1,IMPACT2,DEFORMED,TOWED,M_HARM,VEH_SC1,VEH_SC2,FIRE_EXP,DR_PRES,L_STATE,DR_ZIP,L_STATUS,L_TYPE,CDL_STAT,L_ENDORS,L_COMPL,L_RESTRI,DR_HGT,DR_WGT,PREV_ACC,PREV_SUS,PREV_DWI,PREV_SPD,PREV_OTH,FIRST_MO,FIRST_YR,LAST_MO,LAST_YR,SPEEDREL,DR_SF1,DR_SF2,DR_SF3,DR_SF4,VTRAFWAY,VNUM_LAN,VSPD_LIM,VALIGN,VPROFILE,VPAVETYP,VSURCOND,VTRAFCON,VTCONT_F,P_CRASH1,P_CRASH2,P_CRASH3,PCRASH4,PCRASH5,ACC_TYPE,DEATHS,DR_DRINK
5,50195,2,3,5,28,5,18,35,12,6,1,0,5,2,6,52,6052,6,2001,3C4FY4BB61T6,3,C,4,F,Y,4,B,B,6,1,T,6,0,P,CHRY,PTC,SV,1,17,3109,,0,1030,,G,,F,4,148,,,15R195,,,,,,0,0,000000000,00000000000,0,0,0,1,0,0,0,0,0,0,0,998,0,0,0,11,98,6,2,12,0,0,0,1,5,72634,6,1,0,0,3,0,65,145,0,0,0,0,0,0,0,0,0,0,0,0,0,0,1,2,55,3,1,2,1,0,0,14,62,9,1,1,65,0,0
5,50195,3,3,1,28,5,18,35,12,6,1,0,29,2,82,881,82881,66,2007,1FUJF0CV87DX,1,F,U,J,F,0,C,V,8,7,D,X,1,T,FRHT,112,TR,7,17,,8,0,0,COL,D,,,6,782,,,,,00000,00,,64,1,57,578853,57578853,3,6,8,1,0,0,0,0,0,0,0,998,0,0,0,14,98,6,2,12,0,0,0,1,29,65789,6,1,6,1,3,0,70,180,0,0,0,0,0,0,0,0,0,0,0,0,0,0,1,2,55,2,1,2,1,0,0,14,61,3,1,1,98,0,0
5,50196,1,1,2,30,5,14,20,30,0,1,0,5,2,21,17,21017,2,1986,1G3GM47Y5GP3,1,G,3,G,M,4,7,Y,5,G,P,3,0,P,OLDS,CBR,CP,86,17,3162,,0,1081,,G,,4,8,307,,,14R195,,,,,,0,0,000000000,00000000000,0,0,0,1,0,0,0,0,0,0,0,998,0,1,5,12,0,6,2,42,0,0,0,1,5,72180,1,1,0,0,2,3,69,160,0,6,1,1,1,2,2010,4,2011,1,99,99,99,99,1,2,55,3,1,2,1,0,0,14,6,99,1,4,1,2,1
5,50197,1,6,1,31,5,9,7,12,8,1,0,5,3,20,482,20482,31,2008,3GNFK12308G3,3,G,N,F,K,1,2,3,0,8,G,3,1,T,CHEV,KAV,SP,8,17,,2,0,1300,AVL,F,,,8,323,,,,B,5803,00,,44,1,0,000000000,00000000000,0,0,0,1,0,0,0,0,0,0,0,998,0,0,0,9,98,4,3,12,0,0,0,1,5,72401,6,1,0,0,3,0,67,160,0,0,0,0,0,0,0,0,0,0,28,0,0,0,1,2,55,1,1,2,1,0,0,1,10,99,1,2,64,0,0
5,50197,2,6,1,31,5,9,7,12,8,1,0,5,3,98,884,98884,61,1997,1A9TAC4S8V00,1,A,9,T,A,C,4,S,8,V,0,0,0,U,,,,97,17,,,,,,,,,,,,,,,,,,,0,88,888888888,88888888888,2,2,5,1,0,0,0,0,0,0,0,998,0,0,0,11,98,6,2,12,0,0,0,1,5,72176,6,1,0,0,3,3,73,225,0,0,0,0,0,0,0,0,0,0,0,0,0,0,1,2,55,1,1,2,1,0,0,1,62,99,1,1,65,0,0
5,50197,3,6,2,31,5,9,7,12,8,1,0,29,3,82,881,82881,66,2011,1FUJGLDR1BSA,1,F,U,J,G,L,D,R,1,B,S,A,1,T,FRHT,125,TR,11,17,,8,0,0,CSC,D,,,6,903,,,,,00000,00,,64,1,57,00074432,5700074432,3,6,1,1,0,0,0,0,0,0,0,998,0,0,0,61,98,6,2,12,0,0,0,1,29,65669,6,1,6,1,3,3,77,355,0,0,0,1,0,11,2009,11,2009,0,0,0,0,0,1,2,55,1,1,2,1,0,0,1,62,99,1,1,98,0,0
5,50197,4,6,1,31,5,9,7,12,8,1,0,5,3,82,881,82881,66,2009,1FUJGLCK89LA,1,F,U,J,G,L,C,K,8,9,L,A,1,T,FRHT,125,TR,9,17,,8,0,0,CSC,D,,,6,855,,,,,00000,00,,64,1,57,283496,57283496,3,6,8,1,0,0,0,0,0,0,0,998,0,0,0,62,98,6,2,12,0,0,0,1,28,38620,6,1,6,0,3,3,65,180,0,0,0,0,2,12,2009,1,2011,0,0,0,0,0,1,2,55,1,1,2,1,0,0,1,62,7,1,2,98,1,0
5,50197,5,6,2,31,5,9,7,12,8,1,0,5,2,20,36,20036,2,2003,2G1WW12E3393,2,G,1,W,W,1,2,E,3,3,9,3,0,P,CHEV,MLS,CP,3,17,3340,,0,1105,,G,,F,6,207,,,16R225,,,,,,0,0,000000000,00000000000,0,0,0,1,0,0,0,0,0,0,0,998,0,0,0,12,98,6,2,12,0,0,0,1,5,71601,6,1,0,0,3,3,71,168,0,0,0,1,0,8,2009,8,2009,0,26,0,0,0,1,2,55,1,1,2,1,0,0,1,51,99,1,1,98,0,0
5,50197,6,6,1,31,5,9,7,12,8,1,0,5,3,84,881,84881,66,2002,2HSCNAMR72C0,2,H,S,C,N,A,M,R,7,2,C,0,1,T,INTL,94I,TR,2,17,,8,0,0,940,D,,,6,774,,,,,00000,00,,64,1,57,01198321,5701198321,3,6,8,1,0,0,0,0,0,0,0,998,0,0,0,83,98,4,1,12,0,0,0,1,5,72101,6,1,6,0,3,0,67,210,0,0,0,2,0,3,2009,8,2009,0,0,0,0,0,1,2,55,1,1,2,1,0,0,1,54,6,1,2,98,0,0
5,50198,1,1,1,31,5,23,30,38,0,1,0,5,1,12,481,12481,31,1994,1FTCR10A3RPB,1,F,T,C,R,1,0,A,3,R,P,B,0,T,FORD,RNG,PK,94,17,,1,1140,1080,RNG,G,,,4,140,,,,B,2918,00,A,42,0,0,000000000,00000000000,0,0,0,1,0,0,0,0,0,0,0,998,0,0,0,12,98,2,1,42,0,0,0,1,5,72616,6,1,0,0,3,0,65,165,0,0,0,0,0,0,0,0,0,0,36,0,0,0,1,2,55,2,2,2,1,0,0,14,13,99,1,4,1,1,0
5,50199,1,1,1,7,3,23,11,8,0,1,1,5,2,13,5,13005,4,1998,1LNFM97V6WY6,1,L,N,F,M,9,7,V,6,W,Y,6,0,P,LINC,CON,4D,98,17,3868,,0,1090,,G,,F,8,281,,,16R225,,,,,,0,0,000000000,00000000000,0,0,0,1,0,0,0,0,0,0,0,998,0,0,0,98,98,4,1,8,0,0,0,1,5,72010,1,1,0,0,2,0,69,175,0,13,0,2,1,3,2009,11,2010,9,36,0,0,0,1,2,35,2,2,2,1,0,0,13,80,1,1,1,92,0,0
5,50200,1,1,1,1,6,20,28,42,0,1,0,5,1,7,482,7482,31,1998,1B7KF2365WJ1,1,B,7,K,F,2,3,6,5,W,J,1,0,T,DODG,Q25,4C,98,17,,2,1547,1387,RPC,D,,,6,359,,,,C,5359,03,U,44,0,0,000000000,00000000000,0,0,0,1,0,0,0,0,0,0,0,998,0,0,0,12,62,6,2,42,0,0,0,1,5,72023,1,1,0,0,2,2,72,190,0,2,0,0,1,10,2010,12,2010,1,36,58,74,0,1,3,55,3,1,2,1,0,0,14,6,6,3,4,6,1,1
5,50201,1,1,1,2,6,6,15,8,0,1,1,5,1,20,403,20403,14,2008,1GNDS13S3821,1,G,N,D,S,1,3,S,3,8,2,1,0,P,CHEV,TRL,UT,8,17,4356,,0,1130,,G,,F,6,256,,,17R245,,,,,,0,0,000000000,00000000000,0,0,0,1,0,0,0,0,0,0,0,998,0,0,0,11,98,4,1,8,0,0,0,1,5,71603,6,1,0,0,3,0,71,210,0,0,0,0,0,0,0,0,0,0,36,28,0,0,1,2,45,1,2,2,1,0,0,1,80,99,1,2,13,0,0
5,50202,1,1,1,2,6,15,3,8,0,1,0,5,3,84,881,84881,63,2004,1HTMMAAN34H6,1,H,T,M,M,A,A,N,3,4,H,6,0,T,INTL,430,CC,4,17,,7,0,0,40S,D,,,6,466,,,,,00000,00,,42,0,88,888888888,88888888888,3,2,98,1,0,0,0,0,0,0,0,998,0,0,0,6,98,4,1,8,39,0,0,1,5,71601,6,1,6,1,3,0,68,140,0,0,0,0,0,0,0,0,0,0,31,86,0,0,1,4,45,1,1,2,1,98,3,13,80,99,1,1,98,0,0
5,50203,1,1,1,2,6,16,51,34,0,1,0,5,1,20,37,20037,4,1999,1G1ND52M3XY1,1,G,1,N,D,5,2,M,3,X,Y,1,0,P,CHEV,MAL,4D,99,17,3051,,0,1070,,G,,F,6,191,,,15R215,,,,,,0,0,000000000,00000000000,0,0,0,1,0,0,0,0,0,0,0,998,0,0,0,98,12,6,2,42,0,0,0,1,5,71801,6,1,0,0,3,0,65,280,0,0,0,1,0,5,2011,5,2011,0,99,99,99,99,1,2,50,3,1,2,1,0,0,14,12,99,1,4,6,1,0
5,50204,1,2,1,2,6,19,45,12,6,1,0,92,0,98,998,98998,92,2005,000000000000,0,0,0,0,0,0,0,0,0,0,0,0,1,,,,,,,,,,,,,,,,,,,,,,,,,1,0,000000000,00000000000,0,0,0,1,0,0,0,0,0,0,0,998,0,0,0,11,11,6,2,12,0,0,0,1,5,72040,6,1,0,0,3,0,68,200,0,0,0,0,0,0,0,0,0,0,36,38,0,0,1,2,55,1,1,2,1,0,0,10,16,1,1,2,80,0,0
5,50204,2,2,1,2,6,19,45,12,6,1,0,5,1,20,401,20401,14,1996,1GNDT13W1T22,1,G,N,D,T,1,3,W,1,T,2,2,0,P,CHEV,BZR,UT,96,17,4023,,0,1070,,G,,F,6,262,,,15R235,,,,,,0,0,000000000,00000000000,0,0,0,1,0,0,0,0,0,0,0,998,0,0,0,11,11,6,2,2,0,0,1,1,5,72040,6,1,0,0,3,0,69,130,0,0,0,0,0,0,0,0,0,0,0,0,0,0,1,2,55,1,1,2,1,0,0,1,67,1,1,1,81,1,1
5,50205,1,1,1,2,6,22,5,8,0,1,1,99,9,99,999,99999,99,9999,999999999999,9,9,9,9,9,9,9,9,9,9,9,9,0,,,,,,,,,,,,,,,,,,,,,,,,,0,99,999999999,99999999999,9,99,99,1,0,0,0,0,99,99,9,999,0,0,0,98,98,9,1,8,99,99,0,1,99,99999,9,9,99,9,9,9,999,999,99,99,99,99,99,99,9999,99,9999,9,99,99,99,99,1,2,45,1,2,2,1,0,0,1,80,99,9,9,13,0,0
5,50206,1,2,1,4,6,7,45,1,0,1,0,5,1,20,421,20421,15,2000,1GNEC13T6YJ1,1,G,N,E,C,1,3,T,6,Y,J,1,0,P,CHEV,CTA,UT,0,17,4419,,0,1160,,G,,F,8,325,,,16R255,,,,,,0,0,000000000,00000000000,0,0,0,1,0,0,0,0,0,0,0,998,0,1,1,0,0,6,2,1,0,0,0,1,5,71603,6,1,0,0,3,3,65,221,0,2,0,0,0,8,2009,8,2009,9,99,99,99,99,2,2,70,1,1,2,1,0,0,1,8,1,4,6,98,1,1
5,50206,2,2,6,4,6,7,45,1,0,1,0,29,1,19,20,19020,6,2005,1GYEE6370501,1,G,Y,E,E,6,3,7,0,5,0,1,0,P,CADI,SRX,UT,5,17,4164,,0,1164,,G,,F,6,220,,,17R235,,,,,,0,0,000000000,00000000000,0,0,0,1,0,0,0,0,0,0,0,998,0,0,0,62,62,6,2,12,0,0,0,1,29,64804,6,1,0,0,3,0,64,150,0,0,0,0,0,0,0,0,0,0,0,0,0,0,2,2,70,1,1,2,1,0,0,1,62,1,1,1,98,0,0
5,50207,1,1,1,4,6,8,6,24,0,1,0,5,1,37,706,37706,80,2005,1HFSC52375A2,1,H,F,S,C,5,2,3,7,5,A,2,0,M,HOND,X13,RS,5,17,,,,,,,1312,,2,,4,669,,,,,,,0,0,000000000,00000000000,0,0,0,1,0,0,0,0,0,0,0,998,0,0,0,1,1,6,2,24,0,0,0,1,5,72031,6,1,0,0,3,3,75,230,0,0,0,0,0,0,0,0,0,0,36,0,0,0,1,2,30,3,2,2,1,0,0,14,8,1,1,4,1,1,0
5,50208,1,2,2,4,6,10,10,12,2,1,0,5,1,37,706,37706,80,2008,1HFSC47F48A7,1,H,F,S,C,4,7,F,4,8,A,7,0,M,HOND,GL8,RS,8,17,,,,,,,1832,,6,,4,822,,,,,,,0,0,000000000,00000000000,0,0,0,1,0,0,0,0,0,0,0,998,0,0,0,12,12,6,2,12,0,0,0,1,5,71743,6,1,0,0,3,3,71,190,0,0,0,0,0,0,0,0,0,0,0,0,0,0,1,2,55,3,2,2,1,0,0,14,62,1,1,1,51,0,0
5,50208,2,2,1,4,6,10,10,12,2,1,0,5,1,37,706,37706,80,2002,JH2SC45372M2,J,H,2,S,C,4,5,3,7,2,M,2,0,M,HOND,RV1,RC,2,17,,,,,,,999,,2,,4,430,,,,,,,0,0,000000000,00000000000,0,0,0,1,0,0,0,0,0,0,0,998,0,0,0,12,12,6,2,12,0,0,0,1,5,71937,6,1,0,0,3,0,70,180,0,0,0,2,0,10,2009,3,2011,0,28,36,0,0,1,2,55,2,2,2,1,0,0,14,10,1,1,2,50,1,0
5,50209,1,2,1,4,6,12,10,12,2,1,0,5,1,12,402,12402,14,2005,1FMYU93145DA,1,F,M,Y,U,9,3,1,4,5,D,A,0,P,FORD,SPE,UT,5,17,3464,,0,1031,,G,,F,6,183,,,16R235,,,,,,0,0,000000000,00000000000,0,0,0,1,0,0,0,0,0,0,0,998,0,0,0,12,12,6,2,12,0,0,0,1,5,71901,6,1,0,0,3,0,64,160,0,0,0,0,0,0,0,0,0,0,28,0,0,0,1,2,45,1,1,2,1,0,0,1,10,99,1,2,50,1,0
5,50209,2,2,1,4,6,12,10,12,2,1,0,5,1,35,481,35481,31,2010,1N6BA0EJ5AN3,1,N,6,B,A,0,E,J,5,A,N,3,0,T,NISS,TXP,CW,10,17,,2,0,1398,TTN,F,,,8,342,,,,B,5286,00,4,44,0,0,000000000,00000000000,0,0,0,1,0,0,0,0,0,0,0,998,0,0,0,12,11,6,2,12,0,0,0,1,5,71901,6,1,0,0,3,0,70,195,0,0,0,1,0,9,2009,9,2009,0,0,0,0,0,1,2,45,1,1,2,1,0,0,1,62,7,1,1,51,0,0
5,50210,1,1,1,4,6,14,15,34,0,1,0,40,1,53,706,53706,80,2006,JS1GW71AX621,J,S,1,G,W,7,1,A,X,6,2,1,0,M,SUZI,GXR,RC,6,17,,,,,,,1298,,4,,4,478,,,,,,,0,0,000000000,00000000000,0,0,0,1,0,0,0,0,0,0,0,998,0,0,0,14,14,6,2,34,0,0,0,1,40,73128,6,1,0,0,3,3,72,230,0,0,0,1,0,9,2010,9,2010,1,36,0,0,0,1,2,55,2,1,2,1,40,3,14,6,1,1,4,6,1,0
5,50211,1,1,1,4,6,22,0,30,0,1,0,5,2,20,481,20481,31,1995,1GCEC19KXSE2,1,G,C,E,C,1,9,K,X,S,E,2,0,T,CHEV,GC1,PC,95,17,,2,1555,1415,GM4,G,,,8,350,,,,B,4071,02,,42,0,0,000000000,00000000000,0,0,0,1,0,0,0,0,0,0,0,998,0,0,0,3,98,6,2,30,0,0,0,1,5,71822,6,1,0,0,3,0,67,150,0,0,0,0,0,0,0,0,0,0,36,0,0,0,1,2,35,3,1,2,1,0,0,14,13,99,1,4,1,1,1
5,50212,1,1,2,4,6,23,37,24,0,1,1,5,1,37,706,37706,80,1993,1HFSC2203PA5,1,H,F,S,C,2,2,0,3,P,A,5,0,M,HOND,G5A,RS,93,17,,,,,,,1500,,6,,4,800,,,,,,,0,0,000000000,00000000000,0,0,0,1,0,0,0,0,0,0,0,998,0,0,0,14,0,4,1,24,0,0,0,1,5,72616,6,1,0,0,3,3,73,280,0,0,0,0,0,0,0,0,0,0,36,0,0,0,1,3,55,4,2,2,1,0,0,14,13,3,2,4,2,1,0
5,50213,1,1,10,5,6,1,47,42,0,1,0,40,2,20,431,20431,16,2002,1GNEC16Z32J2,1,G,N,E,C,1,6,Z,3,2,J,2,0,P,CHEV,C15,UT,2,17,4914,,0,1300,,F,,F,8,325,,,16R265,,,,,,0,0,000000000,00000000000,0,0,0,1,0,0,0,0,0,0,0,998,0,0,0,11,1,6,2,42,0,0,0,1,40,74114,6,1,0,0,3,3,74,160,0,0,0,0,0,0,0,0,0,0,36,0,0,0,1,2,55,2,5,2,1,0,0,14,8,1,1,4,6,1,1
5,50214,1,1,2,5,6,13,30,1,0,1,0,13,2,12,481,12481,31,2000,1FTZX172XYNA,1,F,T,Z,X,1,7,2,X,Y,N,A,0,T,FORD,F15,4C,0,17,,1,1571,1385,COF,G,,,6,256,,,,B,4204,05,U,42,0,0,000000000,00000000000,0,0,0,1,0,0,0,0,0,0,0,998,0,1,3,0,0,6,2,1,0,0,0,1,39,45249,0,0,0,0,0,0,999,999,0,0,0,0,0,0,0,0,0,0,0,0,0,0,2,2,70,1,1,2,1,0,0,1,1,1,1,4,6,1,0
5,50215,1,1,3,5,6,14,17,59,0,1,0,5,2,18,401,18401,14,2005,3G5DB03E45S5,3,G,5,D,B,0,3,E,4,5,S,5,0,P,BUIC,RZV,UT,5,17,4272,,0,1122,,G,,F,6,207,,,16R215,,,,,,0,0,000000000,00000000000,0,0,0,1,0,0,0,0,0,0,0,998,0,1,6,12,12,6,2,1,0,0,0,1,5,71852,6,2,0,0,3,2,68,195,0,0,0,0,0,0,0,0,0,0,73,0,0,0,1,2,55,1,1,2,1,0,0,1,13,1,1,4,1,1,0
5,50216,1,1,1,5,6,16,15,16,0,1,0,5,1,20,481,20481,31,2002,1GCEC14T12Z1,1,G,C,E,C,1,4,T,1,2,Z,1,0,T,CHEV,SC1,PK,2,17,,2,1330,1190,SIL,G,,,8,325,,,,B,4073,01,,42,0,0,000000000,00000000000,0,0,0,1,0,0,0,0,0,0,0,0,0,0,0,0,0,6,2,16,0,0,0,1,5,72087,6,1,0,0,3,3,61,110,0,0,0,0,0,0,0,0,0,0,0,0,0,0,1,2,55,1,1,2,2,0,0,5,98,1,1,1,0,1,0
5,50217,1,2,2,5,6,20,7,12,2,1,0,22,3,12,481,12481,31,2011,1FT7W2BT5BEB,1,F,T,7,W,2,B,T,5,B,E,B,0,T,FORD,F2S,CW,11,17,,2,1724,1562,SRW,D,,,8,409,,,,C,6560,01,7,44,0,0,000000000,00000000000,0,0,0,1,0,0,0,0,0,0,0,998,0,0,0,12,1,6,2,12,0,0,0,1,5,71753,6,1,0,0,3,0,74,175,0,0,0,1,0,2,2010,2,2010,0,0,0,0,0,1,2,45,1,1,2,1,3,3,1,66,1,1,1,69,0,0
5,50217,2,2,2,5,6,20,7,12,2,1,0,5,2,20,481,20481,31,1995,1GCEC14H9SZ1,1,G,C,E,C,1,4,H,9,S,Z,1,0,T,CHEV,GC1,PK,95,17,,2,1315,1175,GM4,G,,,8,305,,,,B,3742,02,,42,0,0,000000000,00000000000,0,0,0,1,0,0,0,0,0,0,0,998,0,0,0,12,82,6,2,12,0,0,0,1,5,71845,6,2,0,0,3,0,64,130,0,0,0,0,0,0,0,0,0,0,38,0,0,0,1,2,45,1,1,2,1,3,3,11,15,1,1,2,68,1,0
5,50218,1,2,1,6,6,7,28,12,2,1,0,5,1,55,401,55401,14,2008,5NMSG13D98H2,5,N,M,S,G,1,3,D,9,8,H,2,0,P,HYUN,SAN,UT,8,17,3727,,0,1063,,G,,F,6,162,,,16R235,,,,,,0,0,000000000,00000000000,0,0,0,1,0,0,0,0,0,0,0,998,0,0,0,12,62,6,2,12,0,0,0,1,5,72740,6,1,0,0,3,3,65,200,0,0,0,1,0,7,2009,7,2009,0,28,0,0,0,1,2,55,1,1,2,1,28,3,1,54,9,1,1,52,1,0
5,50218,2,2,1,6,6,7,28,12,2,1,0,5,1,20,481,20481,31,1999,1GCGK24UXXE1,1,G,C,G,K,2,4,U,X,X,E,1,0,T,CHEV,SK2,PK,99,17,,2,0,1330,SIL,G,,,8,364,,,,C,5165,00,,44,0,0,000000000,00000000000,0,0,0,1,0,0,0,0,0,0,0,998,0,0,0,12,62,6,2,12,0,0,0,1,5,72740,6,1,0,0,3,3,72,160,0,0,0,0,0,0,0,0,0,0,0,0,0,0,1,2,55,3,1,2,1,28,3,14,54,1,1,1,52,0,0
5,50219,1,1,1,6,6,12,50,53,0,1,0,5,1,13,5,13005,4,1998,1LNFM97V3WY7,1,L,N,F,M,9,7,V,3,W,Y,7,0,P,LINC,CON,4D,98,17,3868,,0,1090,,G,,F,8,281,,,16R225,,,,,,0,0,000000000,00000000000,0,0,0,1,0,0,0,0,0,0,0,998,0,1,6,98,0,6,2,1,0,0,0,1,5,72441,3,1,0,0,2,0,71,170,0,0,0,0,0,0,0,0,0,9,36,0,0,0,1,2,55,1,1,2,1,0,0,1,12,1,1,4,6,1,0
5,50220,1,2,2,6,6,12,55,12,6,1,0,40,3,12,481,12481,31,2010,1FTSW2BR7AEB,1,F,T,S,W,2,B,R,7,A,E,B,0,T,FORD,F2S,CW,10,17,,2,1724,1562,SRW,D,,,8,390,,,,B,6483,00,E,44,0,0,000000000,00000000000,0,0,0,1,0,0,0,0,0,0,0,998,0,0,0,1,12,6,2,12,0,0,0,1,5,72032,6,1,0,0,3,0,70,250,0,2,0,0,1,12,2009,5,2010,0,28,58,0,0,1,2,55,3,2,2,1,0,0,14,9,6,4,2,64,0,0
5,50220,2,2,1,6,6,12,55,12,6,1,0,5,3,12,481,12481,31,2008,1FTPX14VX8KD,1,F,T,P,X,1,4,V,X,8,K,D,0,T,FORD,F15,4C,8,17,,2,1630,1330,COF,F,,,8,329,,,,B,5176,06,E,44,0,0,000000000,00000000000,0,0,0,1,0,0,0,0,0,0,0,998,0,0,0,11,12,6,2,12,0,0,0,1,5,72031,6,1,6,0,3,3,74,210,0,0,0,0,0,0,0,0,0,0,0,0,0,0,1,2,55,2,2,2,1,0,0,14,62,1,1,1,65,1,0
5,50221,1,1,1,9,6,13,9,10,0,1,0,5,3,86,881,86881,63,2010,1M2AX13C3AM0,1,M,2,A,X,1,3,C,3,A,M,0,0,T,MACK,GU8,CC,10,17,,8,0,0,800,D,,,6,659,,,,,00000,00,,64,0,77,777777777,77777777777,3,2,7,1,0,0,0,0,0,0,0,998,0,0,0,12,12,6,2,10,0,0,0,1,5,71852,6,1,6,0,3,3,66,230,0,0,0,0,0,0,0,0,0,0,36,0,0,0,1,2,55,1,1,2,1,65,3,1,90,1,1,1,15,1,0
5,50222,1,1,3,10,6,11,40,34,0,1,0,5,1,35,481,35481,31,2008,1N6BA07D58N3,1,N,6,B,A,0,7,D,5,8,N,3,0,T,NISS,TXS,CW,8,17,,2,0,1398,TTN,F,,,8,342,,,,B,4908,00,4,42,0,0,000000000,00000000000,0,0,0,1,0,0,0,0,0,0,0,998,0,1,5,3,3,6,2,42,0,0,0,1,5,72680,6,2,0,0,3,2,66,125,0,0,0,0,0,0,0,0,0,1,36,73,0,0,1,2,55,3,3,7,1,0,0,14,12,6,4,4,6,1,0
5,50223,1,2,1,10,6,22,19,12,6,1,0,5,1,49,472,49472,30,2007,5TEMU52N07Z4,5,T,E,M,U,5,2,N,0,7,Z,4,0,T,TOYT,DBD,CW,7,17,,1,0,1409,TAC,G,,,6,244,,,,B,4135,00,E,44,0,0,000000000,00000000000,0,0,0,1,0,0,0,0,0,0,0,998,0,0,0,12,12,6,2,12,0,0,0,1,5,72704,6,1,0,0,3,0,75,205,0,0,0,0,0,0,0,0,0,0,39,0,0,0,1,5,45,1,1,2,1,3,3,1,67,1,1,1,83,0,0
5,50223,2,2,2,10,6,22,19,12,6,1,0,5,2,37,32,37032,4,1991,1HGCB7550MA1,1,H,G,C,B,7,5,5,0,M,A,1,0,P,HOND,ALE,4D,91,17,2504,,0,1071,,G,,F,4,132,,,14R185,,,,,,0,0,000000000,00000000000,0,0,0,1,0,0,0,0,0,0,0,998,0,0,0,11,11,6,2,12,0,0,0,1,5,72704,1,1,0,0,2,2,75,205,0,2,0,0,0,8,2010,8,2010,0,74,0,0,0,1,5,45,1,1,2,1,3,3,11,15,1,1,2,82,1,0
5,50224,1,1,2,11,6,10,30,35,0,1,0,5,1,20,20,20020,4,1999,2G1WL52M9X11,2,G,1,W,L,5,2,M,9,X,1,1,0,P,CHEV,L/S,4D,99,17,3330,,0,1075,,G,,F,6,191,,,15R205,,,,,,0,0,000000000,00000000000,0,0,0,1,0,0,0,0,0,0,0,998,0,1,5,12,0,6,2,1,0,0,0,1,5,71671,0,0,0,0,0,0,999,999,0,0,0,0,0,0,0,0,0,1,36,58,0,0,1,2,45,3,3,2,1,0,0,14,6,7,1,4,6,1,1
5,50225,1,2,1,11,6,16,39,12,6,1,0,5,1,12,402,12402,14,2003,1FMYU93143KC,1,F,M,Y,U,9,3,1,4,3,K,C,0,P,FORD,SPE,UT,3,17,3458,,0,1031,,G,,F,6,181,,,16R235,,,,,,0,0,000000000,00000000000,0,0,0,1,0,0,0,0,0,0,0,998,0,0,0,7,98,6,2,12,0,0,0,1,5,72601,6,1,0,0,3,0,72,215,2,0,0,0,0,11,2009,4,2011,0,36,0,0,0,2,4,65,2,2,2,1,0,0,15,10,99,1,2,47,0,0
5,50225,2,2,1,11,6,16,39,12,6,1,0,5,1,72,706,72706,80,2005,1HD1DDV105Y6,1,H,D,1,D,D,V,1,0,5,Y,6,0,M,HD,FHT,RS,5,17,,,,,,,1450,,2,,4,758,,,,,,,0,0,000000000,00000000000,0,0,0,1,0,0,0,0,0,0,0,998,0,0,0,12,98,6,2,12,0,0,0,1,5,72019,6,1,6,0,3,3,71,170,0,0,0,0,0,0,0,0,0,0,36,0,0,0,2,4,70,3,2,2,1,0,0,14,60,3,1,1,45,1,1
5,50226,1,1,1,12,6,21,52,11,0,1,0,5,1,37,705,37705,80,2008,JH2RD06028K6,J,H,2,R,D,0,6,0,2,8,K,6,0,M,HOND,R6L,T,8,17,,,,,,,644,,1,,4,346,,,,,,,0,0,000000000,00000000000,0,0,0,1,0,0,0,0,0,0,0,998,0,0,0,12,98,6,2,11,0,0,0,1,5,72830,6,1,0,0,3,0,74,265,0,0,0,0,0,0,0,0,0,0,83,0,0,0,1,2,55,1,1,2,1,0,0,1,87,99,1,1,13,1,1
5,50227,1,2,1,12,6,20,7,12,2,1,0,5,2,37,706,37706,80,2005,JH2RC50345M1,J,H,2,R,C,5,0,3,4,5,M,1,0,M,HOND,VCA,RS,5,17,,,,,,,745,,2,,4,519,,,,,,,0,0,000000000,00000000000,0,0,0,1,0,0,0,0,0,0,0,998,0,0,0,12,98,6,2,12,0,0,0,1,5,72368,6,1,0,0,3,0,71,180,1,0,0,1,0,11,2009,8,2010,0,36,0,0,0,1,2,55,2,1,2,1,0,0,14,10,99,1,2,50,1,1