STATE,ST_CASE,VEH_NO,VE_FORMS,NUMOCCS,DAY,MONTH,HOUR,MINUTE,HARM_EV,MAN_COLL,UNITTYPE,HIT_RUN,REG_STAT,OWNER,MAKE,MODEL,MAK_MOD,BODY_TYP,MOD_YEAR,VIN,VIN_1,VIN_2,VIN_3,VIN_4,VIN_5,VIN_6,VIN_7,VIN_8,VIN_9,VIN_10,VIN_11,VIN_12,TOW_VEH,VINTYPE,VINMAKE,VINA_MOD,VIN_BT,VINMODYR,VIN_LNGT,VIN_WGT,WGTCD_TR,WHLBS_LG,WHLBS_SH,SER_TR,FUELCODE,MCYCL_DS,CARBUR,CYLINDER,DISPLACE,MCYCL_CY,MCYCL_WT,TIRE_SZE,TON_RAT,TRK_WT,TRKWTVAR,VIN_REST,WHLDRWHL,J_KNIFE,MCARR_I1,MCARR_I2,MCARR_ID,GVWR,V_CONFIG,CARGO_BT,HAZ_INV,HAZ_PLAC,HAZ_ID,HAZ_CNO,HAZ_REL,BUS_USE,SPEC_USE,EMER_USE,TRAV_SP,UNDERIDE,ROLLOVER,ROLINLOC,IMPACT1,IMPACT2,DEFORMED,TOWED,M_HARM,VEH_SC1,VEH_SC2,FIRE_EXP,DR_PRES,L_STATE,DR_ZIP,L_STATUS,L_TYPE,CDL_STAT,L_ENDORS,L_COMPL,L_RESTRI,DR_HGT,DR_WGT,PREV_ACC,PREV_SUS,PREV_DWI,PREV_SPD,PREV_OTH,FIRST_MO,FIRST_YR,LAST_MO,LAST_YR,SPEEDREL,DR_SF1,DR_SF2,DR_SF3,DR_SF4,VTRAFWAY,VNUM_LAN,VSPD_LIM,VALIGN,VPROFILE,VPAVETYP,VSURCOND,VTRAFCON,VTCONT_F,P_CRASH1,P_CRASH2,P_CRASH3,PCRASH4,PCRASH5,ACC_TYPE,DEATHS,DR_DRINK
5,50227,2,2,2,12,6,20,7,12,2,1,0,5,2,20,25,20025,4,2011,1G1PC5SH4B71,1,G,1,P,C,5,S,H,4,B,7,1,0,P,CHEV,CZL,4D,11,17,3102,,0,1057,,G,,F,4,110,,,16R215,,,,,,0,0,000000000,00000000000,0,0,0,1,0,0,0,0,0,0,0,998,0,0,0,12,98,6,2,12,0,0,0,1,5,72129,6,1,6,0,3,0,75,165,0,0,0,0,0,0,0,0,0,0,0,0,0,0,1,2,55,3,1,2,1,0,0,14,62,99,1,1,51,0,0
5,50228,1,1,1,13,6,0,26,8,0,1,1,99,9,99,999,99999,99,9999,999999999999,9,9,9,9,9,9,9,9,9,9,9,9,9,,,,,,,,,,,,,,,,,,,,,,,,,0,99,999999999,99999999999,9,99,99,1,0,0,0,0,99,99,9,999,0,0,0,98,98,9,1,8,99,99,0,1,99,99999,9,9,99,9,9,9,999,999,99,99,99,99,99,99,9999,99,9999,9,99,99,99,99,3,3,65,1,1,1,98,0,0,99,82,99,9,9,13,0,0
5,50229,1,1,1,13,6,1,33,8,0,1,0,5,1,7,482,7482,31,2010,1D7RV1GT0AS1,1,D,7,R,V,1,G,T,0,A,S,1,0,T,DODG,Q15,CW,10,17,,2,0,1400,RPC,G,,,8,348,,,,B,5200,00,7,44,0,0,000000000,00000000000,0,0,0,1,0,0,0,0,0,0,0,998,0,0,0,3,98,6,2,8,0,0,0,1,5,72204,6,1,0,0,3,3,73,195,0,0,0,1,0,1,2011,1,2011,0,86,0,0,0,6,1,65,1,1,1,1,0,0,1,80,99,1,7,13,0,1
5,50230,1,2,1,13,6,7,22,12,2,1,0,5,1,12,3,12003,2,2001,1FAFP40431F1,1,F,A,F,P,4,0,4,3,1,F,1,0,P,FORD,MUS,CP,1,17,3066,,0,1013,,G,,F,6,232,,,15R205,,,,,,0,0,000000000,00000000000,0,0,0,1,0,0,0,0,0,0,0,998,0,0,0,12,98,6,2,12,0,0,0,1,5,72927,6,1,0,0,3,0,66,153,0,2,0,1,0,11,2010,2,2011,0,0,0,0,0,1,2,55,1,2,2,1,0,0,1,62,3,2,1,51,0,0
5,50230,2,2,1,13,6,7,22,12,2,1,0,5,1,37,32,37032,4,2002,1HGCG16542A0,1,H,G,C,G,1,6,5,4,2,A,0,0,P,HOND,UEX,4D,2,17,3329,,0,1069,,G,,F,6,183,,,15R205,,,,,,0,0,000000000,00000000000,0,0,0,1,0,0,0,0,0,0,0,998,0,0,0,12,98,6,2,12,0,0,0,1,5,72951,6,1,0,0,3,0,67,150,0,0,0,0,0,0,0,0,0,0,28,0,0,0,1,2,55,2,2,2,1,0,0,14,10,99,1,2,50,1,0
5,50231,1,1,1,13,6,15,59,1,0,1,0,34,1,72,706,72706,80,2009,1HD1BW5169Y0,1,H,D,1,B,W,5,1,6,9,Y,0,0,M,HD,STC,RS,9,17,,,,,,,1584,,2,,4,765,,,,,,,0,0,000000000,00000000000,0,0,0,1,0,0,0,0,0,0,0,998,0,0,0,0,98,6,2,1,0,0,0,1,42,15022,6,1,3,1,3,3,69,999,0,0,0,0,0,0,0,0,0,0,0,0,0,0,2,2,60,3,2,2,1,0,0,14,11,99,1,4,1,1,1
5,50232,1,2,1,13,6,20,52,12,7,1,0,5,3,82,881,82881,66,2010,1FUJGLDRXASA,1,F,U,J,G,L,D,R,X,A,S,A,1,T,FRHT,125,TR,10,17,,8,0,0,CSC,D,,,6,903,,,,,00000,00,,64,1,57,0059140,570059140,3,6,3,1,0,0,0,0,0,0,0,998,0,0,0,1,98,4,1,12,0,0,0,1,5,72801,6,1,6,0,3,0,72,220,0,0,0,0,0,0,0,0,0,0,28,0,0,0,2,4,70,3,1,1,1,0,0,15,11,99,1,2,46,0,0
5,50232,2,2,1,13,6,20,52,12,7,1,0,40,1,52,34,52034,4,2005,4A3AB36F55E0,4,A,3,A,B,3,6,F,5,5,E,0,0,P,MITS,ELM,4D,5,17,3351,,0,1083,,G,,F,4,146,,,16R215,,,,,,0,0,000000000,00000000000,0,0,0,1,0,0,0,0,0,0,0,998,0,1,5,7,98,6,2,12,0,0,0,1,40,74959,6,1,0,0,3,0,67,180,0,0,0,0,1,3,2010,3,2010,0,0,0,0,0,2,2,70,1,1,1,1,0,0,1,63,99,1,1,45,1,0
5,50233,1,2,2,14,6,1,10,12,1,1,0,5,3,84,881,84881,66,2006,1HSHWAHN16J3,1,H,S,H,W,A,H,N,1,6,J,3,2,T,INTL,860,TR,6,17,,7,0,0,80S,D,,,6,661,,,,,00000,00,,42,1,57,206353,57206353,3,7,1,1,0,0,0,0,0,0,0,998,0,1,1,12,98,6,2,2,0,0,1,1,5,71854,6,1,6,1,3,0,73,230,0,0,0,0,0,0,0,0,0,0,36,0,0,0,2,2,65,1,1,2,1,0,0,1,51,99,1,1,24,1,0
5,50233,2,2,1,14,6,1,10,12,1,1,0,48,2,82,881,82881,66,1996,2FUYDZYB4TA8,2,F,U,Y,D,Z,Y,B,4,T,A,8,1,T,FRHT,FLD,TR,96,17,,8,0,0,CON,D,,,6,774,,,,,00000,00,,64,1,57,1831505,571831505,3,6,1,1,0,0,0,0,0,0,0,998,0,0,0,6,98,6,2,12,0,0,0,1,48,78521,6,1,6,0,3,3,74,200,0,0,0,0,0,0,0,0,0,0,0,0,0,0,2,2,65,1,1,2,1,0,0,1,53,99,1,1,25,0,0
5,50234,1,2,1,14,6,11,17,12,6,1,0,5,1,7,442,7442,20,1994,1B4GH54R6RX2,1,B,4,G,H,5,4,R,6,R,X,2,0,T,DODG,GEL,ES,94,17,,1,0,1193,CAR,G,,,6,201,,,,,3684,00,E,42,0,0,000000000,00000000000,0,0,0,1,0,0,0,0,0,0,0,998,0,0,0,11,98,6,2,12,0,0,0,1,5,72756,6,1,0,0,3,3,70,160,0,0,0,1,0,8,2010,8,2010,0,38,0,0,0,1,4,45,1,2,2,1,0,0,11,15,99,1,2,68,1,0
5,50234,2,2,1,14,6,11,17,12,6,1,0,5,2,14,443,14443,20,1997,4M2DV1110VDJ,4,M,2,D,V,1,1,1,0,V,D,J,0,P,MERC,VLR,SV,97,17,4003,,0,1122,,G,,F,6,182,,,15R205,,,,,,0,0,000000000,00000000000,0,0,0,1,0,0,0,0,0,0,0,998,0,0,0,11,98,6,2,12,0,0,0,1,5,72756,6,1,0,0,3,3,59,119,0,0,0,0,0,0,0,0,0,0,0,0,0,0,1,4,45,1,2,2,1,0,0,1,66,99,1,2,69,1,0
5,50235,1,2,1,15,6,16,1,12,1,1,0,5,2,23,481,23481,31,1997,2GTEK19R6V15,2,G,T,E,K,1,9,R,6,V,1,5,0,T,GMC,SK1,PC,97,17,,2,1555,1415,SIE,G,,,8,350,,,,B,00000,00,E,44,0,0,000000000,00000000000,0,0,0,1,0,0,0,0,0,0,0,998,0,0,0,12,12,6,2,12,0,0,0,1,5,72015,6,2,0,0,3,0,66,140,0,0,0,0,0,0,0,0,0,0,36,0,0,0,1,2,55,1,1,2,1,97,8,1,50,1,1,1,20,0,0
5,50235,2,2,4,15,6,16,1,12,1,1,0,5,3,37,31,37031,2,1999,1HGEJ824XXL0,1,H,G,E,J,8,2,4,X,X,L,0,0,P,HOND,UAX,CP,99,17,2560,,0,1032,,G,,F,4,097,,,14R185,,,,,,0,0,000000000,00000000000,0,0,0,1,0,0,0,0,0,0,0,0,0,0,0,6,6,6,2,12,0,0,0,1,5,72015,1,2,0,0,2,0,72,280,0,10,0,0,0,7,2009,7,2010,0,0,0,0,0,1,2,55,1,1,2,1,97,8,1,53,1,1,1,21,1,0
5,50236,1,1,1,16,6,8,32,42,0,1,0,5,1,49,403,49403,14,2003,JTEGD21A3300,J,T,E,G,D,2,1,A,3,3,0,0,0,P,TOYT,HIG,UT,3,17,3485,,0,1069,,G,,F,4,144,,,16R225,,,,,,0,0,000000000,00000000000,0,0,0,1,0,0,0,0,0,0,0,998,0,0,0,9,9,6,2,42,0,0,0,1,5,72335,6,1,0,0,3,0,60,160,0,0,0,0,0,0,0,0,0,9,36,0,0,0,2,2,70,1,1,2,1,0,0,1,9,99,3,4,1,1,0
5,50237,1,2,3,16,6,16,0,23,0,1,0,5,1,2,404,2404,14,1999,1J4G258SXXC6,1,J,4,G,2,5,8,S,X,X,C,6,0,T,JEEP,LRO,4W,99,17,,1,0,1059,GCK,G,,,6,242,,,,,3632,00,E,42,0,0,000000000,00000000000,0,0,0,1,0,0,0,0,0,0,0,998,0,1,1,11,98,6,2,1,0,0,0,1,5,72042,6,1,0,0,3,0,64,112,0,0,0,0,0,0,0,0,0,0,0,0,0,0,1,2,45,2,1,1,1,0,0,14,12,99,1,4,6,1,0
5,50237,2,2,1,16,6,16,0,23,0,1,0,28,3,20,881,20881,63,2006,1GBM8C1C06F4,1,G,B,M,8,C,1,C,0,6,F,4,0,T,CHEV,C8C,CC,6,17,,7,2960,1400,C85,D,,,6,439,,,,,00000,00,,42,0,77,777777777,77777777777,3,2,2,1,0,0,0,0,0,0,0,998,0,0,0,12,12,6,2,12,0,0,0,1,5,72134,6,1,6,0,3,0,70,190,0,0,0,1,0,8,2010,8,2010,0,0,0,0,0,1,2,45,3,1,1,1,0,0,14,62,99,1,1,98,0,0
5,50238,1,1,3,16,6,18,57,1,0,1,0,5,2,23,481,23481,31,1993,2GTFK29K5P15,2,G,T,F,K,2,9,K,5,P,1,5,0,T,GMC,SK2,PC,93,17,,2,1555,1415,SIE,G,,,8,350,,,,C,00000,00,A,44,0,0,000000000,00000000000,0,0,0,1,0,0,0,0,0,0,0,998,0,2,2,0,0,6,2,1,0,0,0,1,5,72949,6,1,0,0,3,0,67,200,0,0,0,0,0,0,0,0,0,0,36,58,0,0,1,2,35,3,1,2,1,0,0,14,13,99,2,4,2,1,0
5,50239,1,1,1,18,6,5,12,24,0,1,0,1,3,84,881,84881,66,2011,3HSCUSJR0BN3,3,H,S,C,U,S,J,R,0,B,N,3,1,T,INTL,PPR,TR,11,17,,8,0,0,PRO,D,,,6,793,,,,,00000,00,,64,1,57,365443,57365443,3,6,1,1,0,0,0,0,0,0,0,998,0,1,1,11,0,6,2,1,0,0,0,1,1,35504,6,1,6,1,3,0,75,400,0,0,0,0,0,0,0,0,0,9,36,0,0,0,2,2,65,1,1,1,1,0,0,1,12,99,1,4,6,1,0
5,50240,1,1,3,18,6,6,3,1,0,1,0,5,2,20,481,20481,31,2006,2GCEK13T4611,2,G,C,E,K,1,3,T,4,6,1,1,0,T,CHEV,SK1,CW,6,17,,2,0,1435,SIL,G,,,8,323,,,,B,5284,00,,44,0,0,000000000,00000000000,0,0,0,1,0,0,0,0,0,0,0,998,0,1,5,0,0,6,2,1,0,0,0,1,5,72116,6,1,0,0,3,0,73,194,0,4,1,0,0,11,2009,1,2010,0,36,0,0,0,2,2,70,3,2,2,1,0,0,14,8,1,4,4,1,1,1
5,50241,1,1,1,18,6,21,43,38,0,1,0,5,1,20,481,20481,31,1992,2GCEK19K1N11,2,G,C,E,K,1,9,K,1,N,1,1,0,T,CHEV,GK1,PC,92,17,,2,1555,1415,GM4,G,,,8,350,,,,B,4303,02,,44,0,0,000000000,00000000000,0,0,0,1,0,0,0,0,0,0,0,998,0,1,1,12,0,6,2,1,0,0,0,1,5,72543,6,1,0,0,3,0,69,175,0,4,0,0,2,1,2009,11,2009,1,36,0,0,0,1,2,30,2,2,2,1,0,0,14,6,3,2,4,7,1,1
5,50242,1,1,2,19,6,0,8,34,0,1,0,5,1,14,6,14006,4,1993,2MELM74W1PX6,2,M,E,L,M,7,4,W,1,P,X,6,0,P,MERC,GMG,4D,93,17,3768,,0,1144,,G,,F,8,281,,,15R215,,,,,,0,0,000000000,00000000000,0,0,0,1,0,0,0,0,0,0,0,998,0,0,0,98,98,6,2,42,0,0,0,1,5,71762,6,1,0,0,3,0,68,180,0,0,0,1,0,1,2011,1,2011,0,35,58,0,0,1,2,55,3,3,2,1,0,0,14,8,6,1,4,6,1,1
5,50243,1,2,1,20,6,23,15,12,6,1,1,5,5,20,403,20403,14,2005,1GNES16S7561,1,G,N,E,S,1,6,S,7,5,6,1,0,P,CHEV,TRL,UT,5,17,4773,,0,1290,,G,,F,6,256,,,17R245,,,,,,0,0,000000000,00000000000,0,0,0,1,0,0,0,0,0,0,0,998,0,1,5,12,98,6,2,12,0,0,0,1,99,99999,9,9,99,9,9,9,999,999,99,99,99,99,99,99,9999,99,9999,1,37,36,0,0,1,2,30,1,1,2,1,0,0,1,10,99,1,2,64,0,0
5,50243,2,2,1,20,6,23,15,12,6,1,0,5,1,24,5,24005,4,2000,1G8JW52R7YY6,1,G,8,J,W,5,2,R,7,Y,Y,6,0,P,STRN,LS2,4D,0,17,3152,,0,1065,,G,,F,6,183,,,15R205,,,,,,0,0,000000000,00000000000,0,0,0,1,0,0,0,0,0,0,0,998,0,0,0,11,98,6,2,12,0,0,0,1,5,72390,6,1,0,0,3,0,69,115,0,0,0,0,0,0,0,0,0,0,0,0,0,0,1,2,30,1,1,2,1,0,0,1,62,99,1,1,65,1,0
5,50244,1,3,1,20,6,13,0,54,11,1,0,5,3,98,881,98881,66,2012,5MADN4021CC0,5,M,A,D,N,4,0,2,1,C,C,0,1,U,,,,12,17,,,,,,,,,,,,,,,,,,,1,57,1881664,571881664,3,6,8,1,0,0,0,0,0,0,0,998,0,0,0,18,98,6,2,54,0,0,0,1,29,63877,6,1,6,0,3,0,68,235,0,0,0,0,2,4,2009,4,2011,0,36,41,0,0,1,4,65,1,1,2,1,0,0,1,50,3,1,1,98,1,1
5,50244,2,3,1,20,6,13,0,54,11,1,0,5,1,82,881,82881,66,1998,1FUPCSZB2WL9,1,F,U,P,C,S,Z,B,2,W,L,9,1,T,FRHT,FLD,TR,98,17,,8,0,0,CON,D,,,6,774,,,,,00000,00,,64,1,57,2072997,572072997,3,6,8,1,0,0,0,0,0,0,0,0,0,0,0,6,98,6,2,8,0,0,0,1,5,72404,6,1,6,0,3,0,74,220,0,0,0,1,0,12,2010,12,2010,0,54,0,0,0,3,4,65,1,1,2,1,0,0,7,53,1,1,1,98,0,0
5,50244,3,3,0,20,6,13,0,54,11,1,0,47,6,12,881,12881,61,2010,1FDAX4HR4AEA,1,F,D,A,X,4,H,R,4,A,E,A,0,T,FORD,F4D,CB,10,17,,5,1858,1618,DRW,D,,,8,390,,,,D,00000,00,E,44,0,77,777777777,77777777777,2,1,96,1,0,0,0,0,0,0,0,0,0,0,0,6,98,6,2,54,0,0,0,0,0,99997,7,6,97,7,6,7,998,997,998,998,998,998,998,98,9998,98,9998,8,0,0,0,0,3,4,65,1,1,2,1,0,0,0,53,0,0,0,98,0,0
5,50245,1,1,2,23,6,8,45,8,0,1,0,5,1,12,37,12037,4,2001,1FAFP34P91W2,1,F,A,F,P,3,4,P,9,1,W,2,0,P,FORD,FSC,4D,1,17,2563,,0,1030,,G,,F,4,122,,,15R195,,,,,,0,0,000000000,00000000000,0,0,0,1,0,0,0,0,0,0,0,998,0,0,0,12,12,0,1,8,0,0,0,1,5,72764,6,1,0,0,3,3,63,168,0,0,0,0,0,0,0,0,0,0,36,0,0,0,1,2,25,1,1,1,1,0,0,1,80,2,1,1,13,0,0
5,50246,1,1,9,23,6,16,4,1,0,1,0,5,3,12,461,12461,21,2002,1FBSS31L62HA,1,F,B,S,S,3,1,L,6,2,H,A,0,T,FORD,WSD,ES,2,17,,2,0,1380,ECO,G,,,8,330,,,,D,6425,01,E,42,0,88,888888888,88888888888,1,20,22,1,0,0,0,0,1,2,0,998,0,1,1,0,0,6,2,1,37,0,0,1,5,71646,6,1,0,0,3,0,63,170,0,0,0,1,0,1,2011,1,2011,0,36,58,0,0,1,2,45,1,1,2,1,0,0,1,98,6,4,6,98,1,0
5,50247,1,1,1,23,6,23,0,35,0,1,0,48,1,23,431,23431,16,1997,1GKEC16R6VJ7,1,G,K,E,C,1,6,R,6,V,J,7,0,T,GMC,SUB,4W,97,17,,2,0,1315,C15,G,,,8,350,,,,B,4802,00,E,42,0,0,000000000,00000000000,0,0,0,1,0,0,0,0,0,0,0,998,0,1,5,12,12,4,3,1,0,0,0,1,48,75228,6,1,6,0,3,3,74,225,0,0,0,0,0,0,0,0,0,9,99,99,99,99,1,2,45,2,2,4,11,0,0,14,8,99,1,4,1,1,1
5,50248,1,2,1,24,6,10,25,12,1,1,0,5,3,82,881,82881,66,2007,1FUJA6CV77DY,1,F,U,J,A,6,C,V,7,7,D,Y,1,T,FRHT,COL,TR,7,17,,8,0,0,CON,D,,,6,782,,,,,00000,00,,64,1,57,552654,57552654,3,6,8,1,0,0,0,0,0,0,0,998,0,0,0,12,12,6,2,12,0,0,0,1,5,72364,6,1,6,0,3,3,66,190,0,0,0,0,0,0,0,0,0,0,36,0,0,0,1,2,55,1,1,2,1,0,0,1,53,8,1,1,24,0,0
5,50248,2,2,1,24,6,10,25,12,1,1,0,92,0,98,998,98998,92,2009,000000000000,0,0,0,0,0,0,0,0,0,0,0,0,0,,,,,,,,,,,,,,,,,,,,,,,,,0,0,000000000,00000000000,0,0,0,1,0,0,0,0,0,0,0,998,0,0,0,6,6,6,4,12,0,0,0,1,5,72419,6,1,6,0,3,3,67,150,0,0,0,0,0,0,0,0,0,0,0,0,0,0,1,2,55,1,1,2,1,0,0,1,51,1,1,1,25,1,1
5,50249,1,1,1,24,6,23,6,42,0,1,0,5,1,35,402,35402,14,2003,5N1DD28TX3C6,5,N,1,D,D,2,8,T,X,3,C,6,0,P,NISS,XTR,UT,3,17,3467,,0,1043,,G,,F,4,146,,,15R265,,,,,,0,0,000000000,00000000000,0,0,0,1,0,0,0,0,0,0,0,998,0,0,0,12,12,6,2,42,0,0,0,1,5,72211,1,1,0,0,2,0,73,175,0,2,0,0,0,8,2009,8,2009,9,36,0,0,0,1,2,55,1,2,2,1,0,0,1,12,1,1,4,6,1,1
5,50250,1,2,1,25,6,9,55,12,6,1,0,5,1,12,481,12481,31,1995,1FTEF15N9SNB,1,F,T,E,F,1,5,N,9,S,N,B,0,T,FORD,F15,PK,95,17,,2,1330,1170,COF,G,,,8,302,,,,B,00000,00,M,42,0,0,000000000,00000000000,0,0,0,1,0,0,0,0,0,0,0,998,0,0,0,11,98,4,1,12,0,0,0,1,5,72324,6,1,6,0,3,0,75,275,0,0,0,0,0,0,0,0,0,0,0,0,0,0,1,2,35,1,1,2,1,20,3,1,17,99,1,1,86,0,0
5,50250,2,2,3,25,6,9,55,12,6,1,0,5,1,23,421,23421,15,1992,1GKDT13Z8N25,1,G,K,D,T,1,3,Z,8,N,2,5,0,T,GMC,SJI,4W,92,17,,1,0,1070,S15,G,,,6,262,,,,B,3725,01,A,44,0,0,000000000,00000000000,0,0,0,1,0,0,0,0,0,0,0,998,0,1,1,5,98,6,2,1,0,0,0,1,5,72472,6,1,0,0,3,0,64,120,0,0,0,2,4,5,2009,4,2011,0,39,92,0,0,1,2,35,1,1,2,1,20,3,1,17,99,1,2,87,1,0
5,50251,1,1,3,25,6,19,15,5,0,1,0,92,0,37,733,37733,90,1985,999999999999,9,9,9,9,9,9,9,9,9,9,9,9,0,,,,,,,,,,,,,,,,,,,,,,,,,0,0,000000000,00000000000,0,0,0,1,0,0,0,0,0,0,0,998,0,0,0,0,0,0,1,5,0,0,0,1,5,71833,0,0,0,0,0,0,67,143,0,0,0,0,0,0,0,0,0,0,0,0,0,0,1,2,35,1,1,2,1,0,0,1,98,1,1,1,0,1,0
5,50252,1,2,1,25,6,8,52,12,2,1,0,5,1,20,481,20481,31,2010,1GCSKSE38AZ2,1,G,C,S,K,S,E,3,8,A,Z,2,0,T,CHEV,2SK,4C,10,17,,2,1575,1435,SIL,F,,,8,323,,,,B,5286,02,,44,0,0,000000000,00000000000,0,0,0,1,0,0,0,0,0,0,0,998,0,0,0,12,98,6,2,12,0,0,0,1,5,72031,6,1,0,0,3,3,66,115,0,0,0,0,0,0,0,0,0,0,28,0,0,0,1,3,55,1,1,2,1,0,0,1,54,6,1,2,52,0,0
5,50252,2,2,2,25,6,8,52,12,2,1,0,5,2,49,32,49032,4,1995,1NXAE09B8SZ2,1,N,X,A,E,0,9,B,8,S,Z,2,0,P,TOYT,LED,4D,95,17,2381,,0,970,,G,,F,4,108,,,14R185,,,,,,0,0,000000000,00000000000,0,0,0,1,0,0,0,0,0,0,0,998,0,0,0,12,98,6,2,12,0,0,0,1,5,72153,6,1,0,0,3,3,67,165,0,0,0,0,0,0,0,0,0,0,28,0,0,0,1,3,55,1,1,2,1,0,0,1,54,7,1,2,52,1,0
5,50253,1,1,1,25,6,23,0,35,0,1,0,5,1,20,481,20481,31,2004,2GCEC13T4413,2,G,C,E,C,1,3,T,4,4,1,3,0,T,CHEV,SC1,CW,4,17,,2,0,1435,SIL,G,,,8,323,,,,B,4946,00,,42,0,0,000000000,00000000000,0,0,0,1,0,0,0,0,0,0,0,998,0,1,5,98,0,6,2,1,0,0,0,1,5,71860,1,1,0,0,2,3,66,178,0,5,1,0,0,8,2010,9,2010,0,58,36,0,0,1,2,40,1,1,2,1,0,0,1,13,6,3,4,3,1,1
5,50254,1,1,1,26,6,1,24,43,0,1,0,5,1,20,481,20481,31,1996,1GCEC14W9TZ1,1,G,C,E,C,1,4,W,9,T,Z,1,0,T,CHEV,GC1,PK,96,17,,2,1315,1175,GM4,G,,,6,262,,,,B,3801,01,,42,0,0,000000000,00000000000,0,0,0,1,0,0,0,0,0,0,0,998,0,1,6,14,98,6,2,1,0,0,0,1,5,72455,6,1,0,0,3,0,72,200,0,0,0,0,3,8,2009,1,2011,0,36,28,0,0,1,2,55,3,3,2,1,0,0,14,12,99,1,4,6,1,1
5,50255,1,1,3,27,6,5,51,1,0,1,0,48,2,12,401,12401,14,1999,1FMZU32X4XZA,1,F,M,Z,U,3,2,X,4,X,Z,A,0,P,FORD,EPR,UT,99,17,3891,,0,1116,,G,,F,6,245,,,15R225,,,,,,0,0,000000000,00000000000,0,0,0,1,0,0,0,0,0,0,0,998,0,2,5,0,0,6,2,1,0,0,0,1,48,75287,0,0,0,0,0,0,999,999,99,99,99,99,99,99,9999,99,9999,0,58,80,0,0,2,2,70,1,2,1,1,0,0,1,1,6,4,4,2,1,0
5,50256,1,3,1,27,6,13,8,12,6,1,0,5,1,49,33,49033,2,1990,JT2AT86F2L00,J,T,2,A,T,8,6,F,2,L,0,0,0,P,TOYT,CSF,CP,90,17,2500,,0,994,,G,,F,4,097,,,13R165,,,,,,0,0,000000000,00000000000,0,0,0,1,0,0,0,0,0,0,0,998,0,0,0,9,98,6,2,12,0,0,0,1,5,72761,6,1,0,0,3,0,67,170,0,0,0,0,1,1,2011,1,2011,0,39,0,0,0,1,4,55,1,2,2,1,20,3,11,15,99,1,2,82,1,0
5,50256,2,3,1,27,6,13,8,12,6,1,0,5,3,86,884,86884,63,2005,1M2AG11Y05M0,1,M,2,A,G,1,1,Y,0,5,M,0,0,T,MACK,CV7,TR,5,17,,8,0,0,700,D,,,6,728,,,,,00000,00,,64,0,57,468730,57468730,3,2,4,1,0,0,0,0,0,0,0,998,7,0,0,12,98,4,1,12,0,0,0,1,5,72756,6,1,6,0,3,3,72,170,0,0,0,0,0,0,0,0,0,0,0,0,0,0,1,4,55,1,2,2,1,20,3,1,66,8,2,1,83,0,0
5,50256,3,3,3,27,6,13,8,12,6,1,0,5,1,35,443,35443,20,2004,5N1BV28U94N3,5,N,1,B,V,2,8,U,9,4,N,3,0,P,NISS,QST,SV,4,17,3885,,0,1240,,G,,F,6,214,,,16R225,,,,,,0,0,000000000,00000000000,0,0,0,1,0,0,0,0,0,0,0,998,0,0,0,9,98,6,2,12,0,0,0,1,5,72761,6,1,0,0,3,3,67,114,0,0,0,0,0,0,0,0,0,0,0,0,0,0,1,4,55,1,2,2,1,20,3,1,62,99,1,1,98,0,0
5,50257,1,1,1,27,6,16,39,1,0,1,0,5,2,89,881,89881,66,1995,4V1WDBCF9SN7,4,V,1,W,D,B,C,F,9,S,N,7,1,T,WHGM,WIA,TR,95,17,,8,0,0,ARO,D,,,6,893,,,,,00000,00,,64,1,57,1321347,571321347,3,6,8,1,0,0,0,0,0,0,0,998,0,2,5,0,0,6,2,1,0,0,0,1,48,75503,6,1,0,0,2,0,76,240,0,0,0,0,0,0,0,0,0,0,36,0,0,0,1,2,55,3,2,2,1,0,0,14,13,6,1,4,1,1,0
5,50259,1,2,2,28,6,23,20,12,6,1,0,48,2,7,402,7402,14,2000,1B4HS28N3YF2,1,B,4,H,S,2,8,N,3,Y,F,2,0,P,DODG,DUR,UT,0,17,4462,,0,1159,,G,,F,8,287,,,15R235,,,,,,0,0,000000000,00000000000,0,0,0,1,0,0,0,0,0,0,0,998,0,0,0,9,98,6,2,12,0,0,0,1,48,78550,6,1,0,0,3,0,61,150,0,0,0,0,0,0,0,0,0,0,36,28,0,0,2,4,70,1,1,1,1,0,0,1,12,99,1,6,66,1,1
5,50259,2,2,2,28,6,23,20,12,6,1,0,29,3,82,881,82881,66,2011,1FUJGLDR3BSB,1,F,U,J,G,L,D,R,3,B,S,B,1,T,FRHT,125,TR,11,17,,8,0,0,CSC,D,,,6,903,,,,,00000,00,,64,1,57,281814,57281814,3,6,1,1,0,0,0,0,0,0,0,998,0,0,0,12,98,6,2,12,0,0,0,1,29,63822,6,1,6,1,3,0,70,185,0,0,0,0,0,0,0,0,0,0,0,0,0,0,2,4,70,1,1,1,1,0,0,1,64,99,1,1,66,0,0
5,50260,1,2,2,30,6,11,34,12,1,1,0,5,1,55,35,55035,4,2012,5NPDH4AE5CH0,5,N,P,D,H,4,A,E,5,C,H,0,0,P,HYUN,EGM,4D,12,17,2661,,0,1063,,G,,F,4,110,,,17R215,,,,,,0,0,000000000,00000000000,0,0,0,1,0,0,0,0,0,0,0,0,0,0,0,6,98,6,2,12,0,0,0,1,5,72442,6,1,0,0,3,3,68,240,0,0,0,0,0,0,0,0,0,0,0,0,0,0,1,4,55,1,1,2,1,3,3,5,53,99,1,1,21,1,0
5,50260,2,2,1,30,6,11,34,12,1,1,0,5,3,89,881,89881,66,1990,4V1WDBJE0LN6,4,V,1,W,D,B,J,E,0,L,N,6,1,T,WHGM,WIA,TR,90,17,,8,0,0,ARO,D,,,6,855,,,,,00000,00,,64,1,57,740666,57740666,3,6,3,1,0,0,0,0,0,0,0,998,0,0,0,12,98,6,2,12,0,0,0,1,5,71847,6,1,6,0,3,0,73,298,0,0,0,0,0,0,0,0,0,0,36,0,0,0,1,4,55,1,1,2,1,3,3,1,50,3,1,1,20,0,0