STATE,ST_CASE,VEH_NO,VE_FORMS,NUMOCCS,DAY,MONTH,HOUR,MINUTE,HARM_EV,MAN_COLL,UNITTYPE,HIT_RUN,REG_STAT,OWNER,MAKE,MODEL,MAK_MOD,BODY_TYP,MOD_YEAR,VIN,VIN_1,VIN_2,VIN_3,VIN_4,VIN_5,VIN_6,VIN_7,VIN_8,VIN_9,VIN_10,VIN_11,VIN_12,TOW_VEH,VINTYPE,VINMAKE,VINA_MOD,VIN_BT,VINMODYR,VIN_LNGT,VIN_WGT,WGTCD_TR,WHLBS_LG,WHLBS_SH,SER_TR,FUELCODE,MCYCL_DS,CARBUR,CYLINDER,DISPLACE,MCYCL_CY,MCYCL_WT,TIRE_SZE,TON_RAT,TRK_WT,TRKWTVAR,VIN_REST,WHLDRWHL,J_KNIFE,MCARR_I1,MCARR_I2,MCARR_ID,GVWR,V_CONFIG,CARGO_BT,HAZ_INV,HAZ_PLAC,HAZ_ID,HAZ_CNO,HAZ_REL,BUS_USE,SPEC_USE,EMER_USE,TRAV_SP,UNDERIDE,ROLLOVER,ROLINLOC,IMPACT1,IMPACT2,DEFORMED,TOWED,M_HARM,VEH_SC1,VEH_SC2,FIRE_EXP,DR_PRES,L_STATE,DR_ZIP,L_STATUS,L_TYPE,CDL_STAT,L_ENDORS,L_COMPL,L_RESTRI,DR_HGT,DR_WGT,PREV_ACC,PREV_SUS,PREV_DWI,PREV_SPD,PREV_OTH,FIRST_MO,FIRST_YR,LAST_MO,LAST_YR,SPEEDREL,DR_SF1,DR_SF2,DR_SF3,DR_SF4,VTRAFWAY,VNUM_LAN,VSPD_LIM,VALIGN,VPROFILE,VPAVETYP,VSURCOND,VTRAFCON,VTCONT_F,P_CRASH1,P_CRASH2,P_CRASH3,PCRASH4,PCRASH5,ACC_TYPE,DEATHS,DR_DRINK
5,50299,1,2,2,28,7,17,42,12,6,1,0,28,2,13,5,13005,4,1996,1LNLM83W9TY6,1,L,N,L,M,8,3,W,9,T,Y,6,0,P,LINC,CAR,4D,96,17,4103,,0,1174,,G,,F,8,281,,,16R225,,,,,,0,0,000000000,00000000000,0,0,0,1,0,0,0,0,0,0,0,998,0,0,0,3,98,6,2,12,0,0,0,1,28,39567,6,1,0,0,3,0,67,240,0,0,0,0,0,0,0,0,0,0,99,99,99,99,2,4,70,1,1,2,1,0,0,1,12,99,4,6,64,2,0
5,50299,2,2,1,28,7,17,42,12,6,1,0,28,3,84,881,84881,66,2000,1HSCEAER9YJ0,1,H,S,C,E,A,E,R,9,Y,J,0,1,T,INTL,92I,TR,0,17,,8,0,0,920,D,,,6,855,,,,,00000,00,,64,1,57,692947,57692947,3,6,1,1,0,0,0,0,0,0,0,998,0,1,5,12,98,6,2,12,0,0,0,1,28,39767,6,1,6,0,3,0,70,180,0,0,0,0,0,0,0,0,0,0,0,0,0,0,2,4,70,1,1,2,1,0,0,1,62,99,1,1,65,0,0
5,50300,1,1,1,28,7,18,41,1,0,1,0,5,1,12,422,12422,15,2001,1FMPU16L31LB,1,F,M,P,U,1,6,L,3,1,L,B,0,P,FORD,EPT,UT,1,17,5250,,0,1191,,G,,F,8,330,,,16R255,,,,,,0,0,000000000,00000000000,0,0,0,1,0,0,0,0,0,0,0,998,0,1,6,0,98,6,2,1,0,0,0,1,5,72437,6,1,0,0,3,0,68,135,0,0,0,0,0,0,0,0,0,1,0,0,0,0,1,2,98,1,1,3,1,0,0,1,6,4,4,4,7,1,0
5,50301,1,2,1,29,7,10,25,12,2,1,0,5,2,49,43,49043,4,2003,4T1BF28B63U2,4,T,1,B,F,2,8,B,6,3,U,2,0,P,TOYT,UVS,4D,3,17,3417,,0,1071,,G,,F,6,183,,,15R205,,,,,,0,0,000000000,00000000000,0,0,0,1,0,0,0,0,0,0,0,998,0,0,0,12,98,6,2,12,0,0,0,1,5,72476,6,1,0,0,3,0,73,190,0,0,0,0,0,0,0,0,0,0,0,0,0,0,1,2,55,1,1,2,1,0,0,1,62,7,1,4,51,1,0
5,50301,2,2,2,29,7,10,25,12,2,1,0,5,1,7,482,7482,31,1996,1B7HF16Y3TS5,1,B,7,H,F,1,6,Y,3,T,S,5,1,T,DODG,150,PK,96,17,,2,1347,1187,RPC,G,,,8,318,,,,B,4512,01,M,44,1,0,000000000,00000000000,0,0,0,1,0,0,0,0,0,0,0,998,0,0,0,12,98,6,2,12,0,0,0,1,5,72415,1,1,0,0,2,0,68,225,0,0,0,0,0,0,0,0,0,0,36,34,0,0,1,2,55,1,1,2,1,0,0,1,10,99,1,4,50,0,0
5,50302,1,2,2,29,7,11,25,12,6,1,0,5,1,20,401,20401,14,1999,1GNDT13W7X21,1,G,N,D,T,1,3,W,7,X,2,1,0,P,CHEV,BZR,UT,99,17,4023,,0,1070,,G,,F,6,262,,,15R205,,,,,,0,0,000000000,00000000000,0,0,0,1,0,0,0,0,0,0,0,998,0,0,0,9,98,6,2,12,0,0,0,1,5,72173,6,1,6,0,3,0,70,190,0,0,0,0,0,0,0,0,0,0,38,0,0,0,1,2,45,1,1,2,1,0,0,11,15,99,1,2,68,1,0
5,50302,2,2,1,29,7,11,25,12,6,1,0,5,2,12,481,12481,31,1995,1FTDF15Y9SNB,1,F,T,D,F,1,5,Y,9,S,N,B,1,T,FORD,F15,PK,95,17,,1,1330,1170,COF,G,,,6,300,,,,B,00000,00,M,42,1,0,000000000,00000000000,0,0,0,1,0,0,0,0,0,0,0,998,0,0,0,12,98,6,2,12,0,0,0,1,5,72012,6,1,0,0,3,0,71,195,0,2,0,0,1,7,2010,10,2010,0,0,0,0,0,1,2,45,1,1,1,1,0,0,1,67,3,2,1,69,0,0
5,50303,1,2,1,29,7,15,0,12,6,1,0,5,2,49,471,49471,30,1988,JT4RN63A1J80,J,T,4,R,N,6,3,A,1,J,8,0,0,T,TOYT,R63,PK,88,17,,1,0,1030,44P,G,,,4,144,,,,B,3141,01,A,44,0,0,000000000,00000000000,0,0,0,1,0,0,0,0,0,0,0,998,0,0,0,12,98,6,2,12,0,0,0,1,5,71845,6,1,0,0,3,0,69,145,0,0,0,1,0,9,2010,9,2010,0,28,0,0,0,1,2,55,1,3,1,1,0,0,1,10,99,1,2,64,1,0
5,50303,2,2,1,29,7,15,0,12,6,1,0,48,2,82,881,82881,66,2007,1FUJALCK27DY,1,F,U,J,A,L,C,K,2,7,D,Y,1,T,FRHT,FLD,TR,7,17,,8,0,0,CON,D,,,6,855,,,,,00000,00,,64,1,57,1334488,571334488,3,6,10,1,0,0,0,0,0,0,0,998,0,0,0,62,98,6,2,12,0,0,1,1,48,75567,6,1,6,1,3,3,74,205,0,0,0,0,0,0,0,0,0,0,0,0,0,0,1,2,55,1,3,1,1,0,0,1,62,99,1,1,65,0,0
5,50304,1,1,2,30,7,2,0,8,0,1,0,5,1,52,401,52401,14,2002,JA4MW31R12J0,J,A,4,M,W,3,1,R,1,2,J,0,0,P,MITS,MON,UT,2,17,4600,,0,1095,,G,,F,6,213,,,16R265,,,,,,0,0,000000000,00000000000,0,0,0,1,0,0,0,0,0,0,0,998,0,0,0,12,98,6,2,8,0,0,0,1,5,72364,6,1,0,0,3,0,70,155,0,0,0,1,0,8,2010,8,2010,0,86,0,0,0,2,3,65,1,1,2,1,0,0,1,80,99,1,1,13,0,0
5,50305,1,1,2,30,7,13,10,32,0,1,0,5,0,20,9,20009,2,1969,124378L51736,1,2,4,3,7,8,L,5,1,7,3,6,0,P,CHEV,CAM,2T,69,13,3040,,0,1080,,G,,,8,,,,147.35,,,,,,0,0,000000000,00000000000,0,0,0,1,0,0,0,0,0,0,0,998,0,1,5,12,1,6,2,1,0,0,0,1,5,71831,6,1,0,0,3,0,71,150,0,0,0,0,0,0,0,0,0,1,36,0,0,0,1,2,55,3,1,2,1,0,0,14,13,3,2,4,2,1,1
5,50306,1,2,1,30,7,15,0,12,6,1,0,5,1,6,51,6051,4,2005,2C3JA43R35H1,2,C,3,J,A,4,3,R,3,5,H,1,0,P,CHRY,C30,4D,5,17,3629,,0,1200,,G,,F,6,165,,,17R215,,,,,,0,0,000000000,00000000000,0,0,0,1,0,0,0,0,0,0,0,998,0,0,0,12,98,6,2,12,0,0,0,1,5,72315,6,1,0,0,3,0,62,190,0,0,0,0,0,0,0,0,0,0,0,0,0,0,1,2,55,1,1,2,1,0,0,1,62,99,1,2,65,0,0
5,50306,2,2,1,30,7,15,0,12,6,1,0,5,1,35,472,35472,30,2004,1N6ED29X34C4,1,N,6,E,D,2,9,X,3,4,C,4,0,T,NISS,FCX,CW,4,17,,1,0,1311,FRT,G,,,6,201,,,,B,3805,00,E,42,0,0,000000000,00000000000,0,0,0,1,0,0,0,0,0,0,0,998,0,0,0,11,98,6,2,12,0,0,0,1,5,72419,6,1,0,0,3,0,70,175,0,0,0,0,0,0,0,0,0,0,28,0,0,0,1,2,55,1,1,2,1,0,0,1,10,99,1,2,64,1,0
5,50307,1,2,2,30,7,18,30,12,2,1,0,5,1,20,481,20481,31,2006,3GCEK14VX6G2,3,G,C,E,K,1,4,V,X,6,G,2,0,T,CHEV,SK1,PK,6,17,,2,1330,1190,SIL,G,,,8,293,,,,B,4508,00,,44,0,0,000000000,00000000000,0,0,0,1,0,0,0,0,0,0,0,998,0,0,0,12,98,6,2,12,0,0,0,1,5,72732,6,1,3,0,3,0,70,220,0,0,0,0,0,0,0,0,0,0,0,0,0,0,1,2,55,2,2,2,2,0,0,14,62,99,1,1,51,0,0
5,50307,2,2,1,30,7,18,30,12,2,1,0,5,2,12,481,12481,31,1998,1FTZF1723WNC,1,F,T,Z,F,1,7,2,3,W,N,C,0,T,FORD,F15,PK,98,17,,1,1390,1200,COF,G,,,6,256,,,,B,3800,02,E,42,0,0,000000000,00000000000,0,0,0,1,0,0,0,0,0,0,0,998,0,0,0,12,98,6,2,12,0,0,0,1,5,72712,6,1,0,0,3,0,71,173,0,0,0,0,0,0,0,0,0,0,36,28,0,0,1,2,55,3,2,2,2,0,0,14,10,99,1,2,50,1,1
5,50308,1,2,4,30,7,19,23,12,1,1,0,48,1,20,461,20461,21,2007,1GBGG29U6711,1,G,B,G,G,2,9,U,6,7,1,1,0,T,CHEV,E/5,EC,7,17,,2,0,1550,E/X,G,,,8,366,,,,C,5547,00,,42,0,0,000000000,00000000000,0,0,0,1,0,0,0,0,0,0,0,998,0,0,0,6,98,4,1,12,0,0,0,1,48,75436,6,1,6,0,3,0,61,100,0,0,0,0,0,0,0,0,0,0,48,0,0,0,1,4,45,1,2,2,1,28,3,12,15,99,1,2,98,0,0
5,50308,2,2,1,30,7,19,23,12,1,1,0,5,1,72,706,72706,80,1999,1HD1GGV15XY3,1,H,D,1,G,G,V,1,5,X,Y,3,0,M,HD,FDS,RS,99,17,,,,,,,1450,,2,,4,621,,,,,,,0,0,000000000,00000000000,0,0,0,1,0,0,0,0,0,0,0,998,0,0,0,12,98,6,2,12,0,0,0,1,5,71929,1,1,0,0,2,0,71,160,0,4,1,0,1,4,2010,6,2011,0,0,0,0,0,1,4,45,1,2,2,1,0,0,1,65,99,1,1,98,1,1
5,50309,1,1,2,31,7,18,20,15,0,1,0,5,1,24,401,24401,14,2005,5GZCZ53405S8,5,G,Z,C,Z,5,3,4,0,5,S,8,0,P,STRN,VUE,UT,5,17,3478,,0,1066,,G,,F,6,214,,,16R215,,,,,,0,0,000000000,00000000000,0,0,0,1,0,0,0,0,0,0,0,998,0,0,0,14,98,4,1,15,0,0,0,1,5,72923,6,1,8,0,3,0,68,240,0,0,0,0,0,0,0,0,0,0,86,0,0,0,1,2,25,1,1,2,1,20,3,1,83,1,1,1,13,0,0
5,50310,1,2,1,31,7,20,40,12,2,1,0,5,1,37,32,37032,2,1999,1HGCG3244XA0,1,H,G,C,G,3,2,4,4,X,A,0,0,P,HOND,ULX,CP,99,17,3009,,0,1051,,G,,F,4,138,,,15R195,,,,,,0,0,000000000,00000000000,0,0,0,1,0,0,0,0,0,0,0,998,0,0,0,12,98,6,2,12,0,0,0,1,5,72704,6,1,0,0,3,0,64,100,0,0,0,1,0,8,2010,8,2010,0,0,0,0,0,1,2,55,2,1,2,1,0,0,14,62,99,1,1,51,1,0
5,50310,2,2,1,31,7,20,40,12,2,1,0,5,2,21,17,21017,4,1983,1G3AJ19R5DD4,1,G,3,A,J,1,9,R,5,D,D,4,0,P,OLDS,CIL,4D,83,17,2681,,0,1049,,G,,F,4,151,,,13R205,,,,,,0,0,000000000,00000000000,0,0,0,1,0,0,0,0,0,0,0,998,0,0,0,12,98,6,2,12,0,0,0,1,5,72704,1,1,0,0,2,0,73,235,0,0,0,0,0,0,0,0,0,0,36,28,0,0,1,2,55,3,1,2,1,0,0,14,10,1,1,2,50,1,0
5,50311,1,1,2,16,7,19,3,34,0,1,0,5,2,37,733,37733,90,2002,999999999999,9,9,9,9,9,9,9,9,9,9,9,9,0,,,,,,,,,,,,,,,,,,,,,,,,,0,0,000000000,00000000000,0,0,0,1,0,0,0,0,0,0,0,998,0,1,5,99,99,4,3,1,0,0,0,1,5,72034,6,2,0,0,3,3,63,105,0,0,0,0,0,0,0,0,0,1,36,0,0,0,1,2,25,3,1,5,1,0,0,14,6,99,1,4,1,1,0
5,50312,1,2,1,23,7,23,41,12,6,1,0,5,2,23,472,23472,30,2007,1GKDT13S7721,1,G,K,D,T,1,3,S,7,7,2,1,0,T,GMC,ENV,4W,7,17,,1,0,1130,ENV,G,,,6,256,,,,B,4541,00,4,44,0,0,000000000,00000000000,0,0,0,1,0,0,0,0,0,0,0,998,0,1,5,3,98,6,2,12,0,0,0,1,5,72201,1,1,0,0,2,3,73,181,0,4,1,1,0,8,2009,2,2010,0,33,0,0,0,1,2,45,1,2,2,1,0,0,6,10,99,1,2,77,1,1
5,50312,2,2,1,23,7,23,41,12,6,1,0,5,1,35,443,35443,20,2008,5N1BV28UX8N1,5,N,1,B,V,2,8,U,X,8,N,1,0,P,NISS,QST,SV,8,17,4174,,0,1240,,G,,F,6,214,,,16R225,,,,,,0,0,000000000,00000000000,0,0,0,1,0,0,0,0,0,0,0,998,0,0,0,11,98,6,2,12,0,0,0,1,5,71964,6,1,0,0,3,0,69,170,0,0,0,0,0,0,0,0,0,0,0,0,0,0,1,2,45,1,1,2,1,0,0,11,60,1,1,2,76,0,0
5,50314,1,2,1,14,4,7,30,12,2,1,0,5,2,12,422,12422,15,2003,1FMPU15L23LB,1,F,M,P,U,1,5,L,2,3,L,B,0,P,FORD,EPT,UT,3,17,5416,,0,1191,,G,,F,8,330,,,17R265,,,,,,0,0,000000000,00000000000,0,0,0,1,0,0,0,0,0,0,0,998,0,0,0,12,12,6,2,12,0,0,0,1,5,72012,6,1,0,0,3,0,64,125,0,0,0,0,0,0,0,0,0,0,28,36,0,0,1,2,55,1,1,2,1,0,0,1,10,99,1,2,50,1,0
5,50314,2,2,2,14,4,7,30,12,2,1,0,5,3,7,881,7881,61,2009,3D6WC76L29G5,3,D,6,W,C,7,6,L,2,9,G,5,1,T,DODG,S5T,CB,9,17,,5,2045,1445,RPC,D,,,6,408,,,,E,00000,00,E,42,1,77,777777777,77777777777,2,4,1,1,0,0,0,0,0,0,0,998,0,0,0,12,12,6,2,12,0,0,0,1,5,72173,6,1,6,1,3,3,72,230,0,0,0,0,0,0,0,0,0,0,0,0,0,0,1,2,55,1,1,2,1,0,0,1,60,9,1,1,51,0,0
5,50315,1,2,1,2,8,14,4,12,2,1,0,5,1,49,32,49032,4,2005,1NXBR32E35Z4,1,N,X,B,R,3,2,E,3,5,Z,4,0,P,TOYT,UCS,4D,5,17,2530,,0,1024,,G,,F,4,109,,,15R185,,,,,,0,0,000000000,00000000000,0,0,0,1,0,0,0,0,0,0,0,998,0,1,5,12,98,6,2,12,0,0,0,1,5,72126,6,1,0,0,3,3,62,120,0,0,0,1,0,7,2011,7,2011,0,36,0,0,0,1,2,55,3,1,2,1,0,0,14,10,3,4,2,50,1,0
5,50315,2,2,2,2,8,14,4,12,2,1,0,5,2,23,481,23481,31,1989,2GTEK19K4K15,2,G,T,E,K,1,9,K,4,K,1,5,0,T,GMC,SK1,PC,89,17,,2,0,1555,SIE,G,,,8,350,,,,B,5467,01,A,44,0,0,000000000,00000000000,0,0,0,1,0,0,0,0,0,0,0,998,0,0,0,12,98,6,2,12,0,0,1,1,5,72058,6,1,0,0,3,0,72,200,0,0,0,0,0,0,0,0,0,0,0,0,0,0,1,2,55,3,1,2,1,0,0,14,62,99,1,1,51,0,0
5,50316,1,2,1,2,8,14,41,12,6,1,0,5,1,73,706,73706,80,2007,JKAVN2C137A0,J,K,A,V,N,2,C,1,3,7,A,0,0,M,KAWK,V9C,RS,7,17,,,,,,,903,,2,,4,549,,,,,,,0,0,000000000,00000000000,0,0,0,1,0,0,0,0,0,0,0,998,0,0,0,12,98,6,2,12,0,0,0,1,5,72104,6,1,0,0,3,0,72,175,0,0,0,0,0,0,0,0,0,0,0,0,0,0,1,2,55,1,1,2,1,0,0,1,62,3,2,4,69,1,0
5,50316,2,2,1,2,8,14,41,12,6,1,0,5,1,12,3,12003,2,2008,1ZVHT80N7851,1,Z,V,H,T,8,0,N,7,8,5,1,0,P,FORD,MUS,CP,8,17,3300,,0,1071,,G,,F,6,244,,,16R215,,,,,,0,0,000000000,00000000000,0,0,0,1,0,0,0,0,0,0,0,998,0,0,0,1,98,6,2,12,0,0,0,1,5,72104,6,2,0,0,3,3,73,148,0,0,0,0,0,0,0,0,0,0,48,0,0,0,1,2,55,1,1,2,1,0,0,11,15,99,1,4,68,0,0
5,50317,1,2,1,2,8,15,10,12,2,1,0,5,3,23,881,23881,63,1995,1GDM7H1J2SJ5,1,G,D,M,7,H,1,J,2,S,J,5,0,T,GMC,C7H,CB,95,17,,7,2610,1440,TOP,D,,,6,403,,,,,00000,00,,42,0,77,777777777,77777777777,3,1,2,2,2,1203,3,1,0,0,0,998,0,0,0,12,98,6,2,12,0,0,0,1,5,72042,6,1,6,1,3,3,68,180,0,0,0,0,0,0,0,0,0,0,0,0,0,0,1,2,55,1,1,2,1,0,0,1,62,7,1,4,51,0,0
5,50317,2,2,1,2,8,15,10,12,2,1,0,5,1,12,481,12481,31,2007,1FTRW12W77KB,1,F,T,R,W,1,2,W,7,7,K,B,0,T,FORD,F1S,CW,7,17,,2,0,1390,COF,G,,,8,281,,,,B,5176,01,E,42,0,0,000000000,00000000000,0,0,0,1,0,0,0,0,0,0,0,998,0,0,0,12,98,6,2,12,0,0,0,1,5,72142,6,1,0,0,3,0,72,205,0,0,0,0,0,0,0,0,0,0,28,0,0,0,1,2,55,1,1,2,1,0,0,1,10,7,1,4,50,1,0
5,50318,1,1,1,2,8,16,40,1,0,1,0,5,2,12,481,12481,31,1997,1FTDF1727VNA,1,F,T,D,F,1,7,2,7,V,N,A,0,T,FORD,F15,PK,97,17,,1,1390,1200,COF,G,,,6,256,,,,B,3850,01,E,42,0,0,000000000,00000000000,0,0,0,1,0,0,0,0,0,0,0,998,0,2,5,0,98,6,2,1,0,0,0,1,5,71655,0,0,0,0,0,0,999,999,99,99,99,99,99,99,9999,99,9999,0,58,0,0,0,1,2,45,1,1,2,1,0,0,1,12,7,3,4,7,1,0
5,50319,1,1,1,3,8,13,5,1,0,1,0,5,1,20,431,20431,16,1995,1GNEC16K2SJ3,1,G,N,E,C,1,6,K,2,S,J,3,0,P,CHEV,C15,UT,95,17,4691,,0,1315,,G,,F,8,350,,,15R235,,,,,,0,0,000000000,00000000000,0,0,0,1,0,0,0,0,0,0,0,998,0,1,5,0,98,6,2,1,0,0,0,1,5,71957,6,1,6,0,3,3,71,200,0,0,0,0,0,0,0,0,0,0,36,79,0,0,1,3,55,3,2,2,1,0,0,14,13,99,4,4,7,1,0
5,50320,1,2,1,4,8,19,7,12,1,1,0,5,1,20,22,20022,4,2007,1G1AL55F6772,1,G,1,A,L,5,5,F,6,7,7,2,0,P,CHEV,BLT,4D,7,17,3216,,0,1033,,G,,F,4,134,,,15R195,,,,,,0,0,000000000,00000000000,0,0,0,1,0,0,0,0,0,0,0,998,0,0,0,6,12,6,2,12,0,0,0,1,5,71836,6,1,0,0,3,0,60,190,0,0,0,0,0,0,0,0,0,0,99,99,99,99,1,2,40,1,1,2,1,0,0,1,51,99,1,1,25,1,0
5,50320,2,2,2,4,8,19,7,12,1,1,1,5,2,7,403,7403,14,2009,1D8GT28K39W5,1,D,8,G,T,2,8,K,3,9,W,5,0,P,DODG,NIT,UT,9,17,3932,,0,1088,,G,,F,6,225,,,000000,,,,,,0,0,000000000,00000000000,0,0,0,1,0,0,0,0,0,0,0,998,0,0,0,12,12,2,3,12,0,0,0,1,5,71842,6,1,0,0,3,0,73,185,0,0,0,2,1,12,2009,7,2010,9,99,99,99,99,1,2,40,1,1,2,1,0,0,1,53,99,1,1,24,0,0
5,50321,1,1,1,5,8,6,33,8,0,1,0,5,2,20,401,20401,14,2000,1GNDT13W4Y21,1,G,N,D,T,1,3,W,4,Y,2,1,0,P,CHEV,BZR,UT,0,17,4049,,0,1070,,G,,F,6,262,,,15R205,,,,,,0,0,000000000,00000000000,0,0,0,1,0,0,0,0,0,0,0,998,0,0,0,11,98,4,1,8,0,0,0,1,5,72616,6,1,0,0,3,0,70,158,0,0,0,2,0,2,2011,2,2011,0,86,0,0,0,1,2,40,3,1,2,1,0,0,14,80,7,1,1,13,0,0
5,50322,1,1,2,5,8,19,28,30,0,1,0,5,1,22,18,22018,4,2002,1G2NF52F32C2,1,G,2,N,F,5,2,F,3,2,C,2,0,P,PONT,SE1,4D,2,17,3116,,0,1070,,G,,F,4,134,,,15R215,,,,,,0,0,000000000,00000000000,0,0,0,1,0,0,0,0,0,0,0,998,0,0,0,12,12,6,2,30,0,0,0,1,5,72927,6,1,0,0,3,3,64,143,0,0,0,0,0,0,0,0,0,0,36,0,0,0,1,2,45,1,1,2,1,0,0,1,12,99,1,4,6,1,0
5,50323,1,2,2,6,8,12,3,12,8,1,0,5,1,72,706,72706,80,2010,1HD1BW517AB0,1,H,D,1,B,W,5,1,7,A,B,0,0,M,HD,STC,RS,10,17,,,,,,,1584,,2,,4,761,,,,,,,0,0,000000000,00000000000,0,0,0,1,0,0,0,0,0,0,0,998,0,0,0,11,12,6,2,12,0,0,0,1,5,72150,6,1,6,0,3,0,72,170,0,0,0,0,0,0,0,0,0,0,28,0,0,0,1,2,55,2,8,2,1,0,0,14,10,99,1,2,64,1,0
5,50323,2,2,1,6,8,12,3,12,8,1,0,5,1,98,809,98809,66,2001,2FWJA3AS01AF,2,F,W,J,A,3,A,S,0,1,A,F,1,T,STRG,AT9,TR,1,17,,8,0,0,STE,D,,,6,732,,,,,00000,00,,64,1,77,777777777,77777777777,3,6,2,1,0,0,0,0,0,0,0,998,0,0,0,2,4,4,3,12,0,0,0,1,5,72501,6,1,6,0,3,3,78,160,0,0,0,0,0,0,0,0,0,0,0,0,0,0,1,2,55,3,8,2,1,0,0,14,62,99,1,2,65,0,0
5,50324,1,1,2,7,8,20,50,18,0,1,0,5,1,53,706,53706,80,2008,JS1VY53A1821,J,S,1,V,Y,5,3,A,1,8,2,1,0,M,SUZI,ZR8,RS,8,17,,,,,,,1783,,2,,4,703,,,,,,,0,0,000000000,00000000000,0,0,0,1,0,0,0,0,0,0,0,998,0,0,0,12,98,6,2,18,0,0,0,1,5,72209,4,1,0,0,2,0,71,316,0,6,1,0,0,6,2011,7,2011,0,81,36,0,0,1,2,30,1,1,2,1,0,0,1,90,99,1,1,15,1,0
5,50325,1,3,2,11,8,4,4,12,11,1,0,29,3,85,881,85881,66,2008,1XKAD49X68J2,1,X,K,A,D,4,9,X,6,8,J,2,1,T,KW,T60,TR,8,17,,8,2600,1600,CON,D,,,6,915,,,,,00000,00,,64,1,57,070289,57070289,3,6,1,1,0,0,0,0,0,0,0,0,0,0,0,13,13,6,2,54,0,0,0,1,47,38478,6,1,6,0,3,3,66,195,0,0,0,0,0,0,0,0,0,0,0,0,0,0,2,3,70,1,1,1,2,40,3,7,98,1,7,1,66,1,0
5,50325,2,3,1,11,8,4,4,12,11,1,0,18,3,51,881,51881,66,2007,4V4N19TG27N4,4,V,4,N,1,9,T,G,2,7,N,4,2,T,VOLV,VNL,TR,7,17,,7,0,0,VVN,D,,,6,915,,,,,00000,00,,42,1,77,777777777,77777777777,3,7,1,1,0,0,0,0,0,0,0,40,0,1,1,12,12,6,2,1,0,0,0,1,28,38668,6,1,6,1,3,3,71,250,0,0,0,0,0,0,0,0,0,0,0,0,0,0,2,4,70,1,1,1,2,40,3,1,50,1,1,1,66,0,0
5,50325,3,3,1,11,8,4,4,12,11,1,0,18,3,51,881,51881,66,2005,4V4N19TG55N3,4,V,4,N,1,9,T,G,5,5,N,3,2,T,VOLV,VNL,TR,5,17,,7,0,0,VVN,D,,,6,915,,,,,00000,00,,42,1,57,121058,57121058,3,7,1,2,2,9999,1,1,0,0,0,998,0,0,0,1,1,4,3,54,0,0,0,1,47,38478,6,1,6,1,3,3,66,195,0,0,0,0,0,0,0,0,0,0,0,0,0,0,2,4,70,1,1,1,2,40,3,1,50,7,1,4,98,0,0
5,50326,1,1,1,11,8,4,59,8,0,1,0,47,3,82,881,82881,66,1998,1FUYSSEB5WL7,1,F,U,Y,S,S,E,B,5,W,L,7,1,T,FRHT,FC2,TR,98,17,,8,0,0,CON,D,,,6,774,,,,,00000,00,,64,1,57,2111612,572111612,3,6,2,1,0,0,0,0,0,0,0,998,0,0,0,12,12,0,1,8,0,0,0,1,47,38559,6,1,6,0,3,0,69,175,0,0,0,0,0,0,0,0,0,0,0,0,0,0,3,3,70,1,1,1,2,0,0,1,80,99,1,1,13,0,0
5,50327,1,3,1,11,8,9,15,12,8,1,0,48,3,20,2,20002,4,2011,2G1WF5EK3B12,2,G,1,W,F,5,E,K,3,B,1,2,0,P,CHEV,IPL,4D,11,17,3555,,0,1105,,F,,F,6,214,,,16R225,,,,,,0,0,000000000,00000000000,0,0,0,1,0,0,0,0,0,0,0,998,0,0,0,11,98,6,2,12,0,0,0,1,48,79410,6,1,0,0,3,0,999,999,0,0,0,0,0,0,0,0,0,0,0,0,0,0,1,2,45,1,2,2,1,0,0,1,62,99,1,1,65,0,0
5,50327,2,3,1,11,8,9,15,12,8,1,0,5,3,20,481,20481,31,2006,1GCEK19B06Z2,1,G,C,E,K,1,9,B,0,6,Z,2,0,T,CHEV,SK1,4C,6,17,,2,1575,1340,SIL,G,,,8,323,,,,B,5050,00,,44,0,0,000000000,00000000000,0,0,0,1,0,0,0,0,0,0,0,998,0,0,0,12,98,6,2,12,0,0,0,1,5,72756,6,1,0,0,3,0,76,210,0,0,0,0,0,0,0,0,0,0,0,0,0,0,1,2,45,1,2,2,1,0,0,1,62,99,1,1,98,1,0
5,50327,3,3,1,11,8,9,15,12,8,1,0,5,3,87,881,87881,63,2003,2NPNLD9X83M8,2,N,P,N,L,D,9,X,8,3,M,8,0,T,PTRB,330,CC,3,17,,8,0,0,CON,D,,,6,439,,,,,00000,00,,64,0,57,476118,57476118,3,2,2,2,2,1203,3,2,0,0,0,998,7,1,5,11,98,6,2,12,0,0,0,1,5,72712,6,1,6,1,3,3,66,195,0,0,0,0,0,0,0,0,0,0,36,0,0,0,1,2,45,1,2,2,1,0,0,1,50,6,1,6,64,0,0
5,50328,1,1,2,13,8,23,31,1,0,1,0,5,1,20,481,20481,31,1990,1GCDK14K8LE2,1,G,C,D,K,1,4,K,8,L,E,2,0,T,CHEV,GK1,PK,90,17,,1,1415,1175,GM4,G,,,8,350,,,,B,4117,05,,44,0,0,000000000,00000000000,0,0,0,1,0,0,0,0,0,0,0,998,0,1,5,0,98,6,2,1,0,0,0,1,5,72512,6,1,0,0,3,0,69,204,0,0,0,0,0,0,0,0,0,1,79,0,0,0,1,2,30,1,8,4,11,0,0,1,6,99,2,4,2,1,0