STATE,ST_CASE,VEH_NO,VE_FORMS,NUMOCCS,DAY,MONTH,HOUR,MINUTE,HARM_EV,MAN_COLL,UNITTYPE,HIT_RUN,REG_STAT,OWNER,MAKE,MODEL,MAK_MOD,BODY_TYP,MOD_YEAR,VIN,VIN_1,VIN_2,VIN_3,VIN_4,VIN_5,VIN_6,VIN_7,VIN_8,VIN_9,VIN_10,VIN_11,VIN_12,TOW_VEH,VINTYPE,VINMAKE,VINA_MOD,VIN_BT,VINMODYR,VIN_LNGT,VIN_WGT,WGTCD_TR,WHLBS_LG,WHLBS_SH,SER_TR,FUELCODE,MCYCL_DS,CARBUR,CYLINDER,DISPLACE,MCYCL_CY,MCYCL_WT,TIRE_SZE,TON_RAT,TRK_WT,TRKWTVAR,VIN_REST,WHLDRWHL,J_KNIFE,MCARR_I1,MCARR_I2,MCARR_ID,GVWR,V_CONFIG,CARGO_BT,HAZ_INV,HAZ_PLAC,HAZ_ID,HAZ_CNO,HAZ_REL,BUS_USE,SPEC_USE,EMER_USE,TRAV_SP,UNDERIDE,ROLLOVER,ROLINLOC,IMPACT1,IMPACT2,DEFORMED,TOWED,M_HARM,VEH_SC1,VEH_SC2,FIRE_EXP,DR_PRES,L_STATE,DR_ZIP,L_STATUS,L_TYPE,CDL_STAT,L_ENDORS,L_COMPL,L_RESTRI,DR_HGT,DR_WGT,PREV_ACC,PREV_SUS,PREV_DWI,PREV_SPD,PREV_OTH,FIRST_MO,FIRST_YR,LAST_MO,LAST_YR,SPEEDREL,DR_SF1,DR_SF2,DR_SF3,DR_SF4,VTRAFWAY,VNUM_LAN,VSPD_LIM,VALIGN,VPROFILE,VPAVETYP,VSURCOND,VTRAFCON,VTCONT_F,P_CRASH1,P_CRASH2,P_CRASH3,PCRASH4,PCRASH5,ACC_TYPE,DEATHS,DR_DRINK
5,50329,1,1,1,14,8,15,23,42,0,1,0,5,1,37,706,37706,80,2008,JH2SC59008M0,J,H,2,S,C,5,9,0,0,8,M,0,0,M,HOND,CBS,RC,8,17,,,,,,,998,,4,,4,439,,,,,,,0,0,000000000,00000000000,0,0,0,1,0,0,0,0,0,0,0,998,0,0,0,12,98,6,2,42,0,0,0,1,5,72032,6,1,0,0,3,3,69,165,0,0,0,0,0,0,0,0,0,0,36,0,0,0,1,2,55,3,2,2,1,0,0,14,13,99,1,4,1,1,0
5,50330,1,2,1,15,8,6,32,12,2,1,0,5,1,35,471,35471,30,1996,1N6SD16S0TC3,1,N,6,S,D,1,6,S,0,T,C,3,0,T,NISS,KSX,PC,96,17,,1,0,1161,TRK,G,,,4,146,,,,B,00000,00,M,42,0,0,000000000,00000000000,0,0,0,1,0,0,0,0,0,0,0,998,0,0,0,12,11,6,2,12,0,0,0,1,5,72442,6,1,0,0,3,0,68,165,1,0,0,1,0,3,2010,6,2010,0,33,36,0,0,1,2,55,1,1,2,1,0,0,6,10,7,1,2,50,1,0
5,50330,2,2,1,15,8,6,32,12,2,1,0,5,1,20,481,20481,31,1990,1GCDC14KXLE1,1,G,C,D,C,1,4,K,X,L,E,1,0,T,CHEV,GC1,PK,90,17,,1,1415,1175,GM4,G,,,8,350,,,,B,3717,07,,42,0,0,000000000,00000000000,0,0,0,1,0,0,0,0,0,0,0,998,0,0,0,12,11,6,2,12,0,0,0,1,5,72315,6,1,0,0,3,3,70,180,0,0,0,0,0,0,0,0,0,0,0,0,0,0,1,2,55,1,1,2,1,0,0,1,62,7,1,1,51,0,0
5,50331,1,1,1,15,8,10,47,42,0,1,0,5,1,20,2,20002,4,2005,1G1ZT52875F3,1,G,1,Z,T,5,2,8,7,5,F,3,0,P,CHEV,M/L,4D,5,17,3297,,0,1063,,G,,F,6,214,,,15R205,,,,,,0,0,000000000,00000000000,0,0,0,1,0,0,0,0,0,0,0,998,0,0,0,12,12,6,2,42,0,0,0,1,5,71909,6,1,0,0,3,0,67,200,0,0,0,0,0,0,0,0,0,0,36,0,0,0,1,3,45,2,3,2,1,0,0,14,12,99,1,4,6,1,0
5,50332,1,2,1,16,8,7,17,23,0,1,0,5,2,20,403,20403,14,2005,1GNET16S2561,1,G,N,E,T,1,6,S,2,5,6,1,0,P,CHEV,TRL,UT,5,17,4954,,0,1290,,G,,F,6,256,,,17R245,,,,,,0,0,000000000,00000000000,0,0,0,1,0,0,0,0,0,0,0,998,0,1,1,83,0,6,2,2,0,0,1,1,5,72834,6,1,0,0,3,3,62,155,0,0,0,0,0,0,0,0,0,1,0,0,0,0,3,2,70,1,2,2,2,0,0,6,6,99,1,4,1,1,0
5,50332,2,2,1,16,8,7,17,23,0,1,0,5,1,20,422,20422,15,2005,3GNFK16Z35G1,3,G,N,F,K,1,6,Z,3,5,G,1,0,P,CHEV,K15,UT,5,17,5474,,0,1300,,F,,F,8,325,,,16R265,,,,,,0,0,000000000,00000000000,0,0,0,1,0,0,0,0,0,0,0,998,0,0,0,3,3,6,2,12,0,0,0,1,5,72949,6,1,6,0,3,3,62,115,0,0,0,0,0,0,0,0,0,0,0,0,0,0,3,2,70,1,2,2,2,0,0,1,60,99,1,2,98,0,0
5,50333,1,1,4,16,8,15,10,42,0,1,0,5,2,35,39,35039,4,1998,JN1CA21A3WM8,J,N,1,C,A,2,1,A,3,W,M,8,0,P,NISS,MGS,4D,98,17,3026,,0,1063,,G,,F,6,182,,,15R205,,,,,,0,0,000000000,00000000000,0,0,0,1,0,0,0,0,0,0,0,57,0,1,5,12,12,6,2,42,0,0,0,1,5,72764,6,2,0,0,3,2,72,190,0,0,0,0,0,0,0,0,0,1,58,74,0,0,1,2,25,2,2,2,1,0,0,14,6,6,1,4,6,1,0
5,50334,1,1,1,17,8,0,36,34,0,1,0,5,1,72,706,72706,80,2003,1HD1BWB403Y0,1,H,D,1,B,W,B,4,0,3,Y,0,0,M,HD,FSA,RS,3,17,,,,,,,1450,,2,,4,696,,,,,,,0,0,000000000,00000000000,0,0,0,1,0,0,0,0,0,0,0,998,0,0,0,81,81,6,2,34,0,0,0,1,5,72057,1,1,0,0,2,0,71,190,0,0,0,0,0,0,0,0,0,1,0,0,0,0,1,2,45,3,1,2,1,0,0,14,6,99,1,4,1,1,1
5,50335,1,1,1,17,8,19,7,1,0,1,0,29,2,52,401,52401,14,1998,JA4MT31P6WP0,J,A,4,M,T,3,1,P,6,W,P,0,0,P,MITS,MNS,UT,98,17,3980,,0,1073,,G,,F,6,181,,,15R225,,,,,,0,0,000000000,00000000000,0,0,0,1,0,0,0,0,0,0,0,998,0,1,5,0,0,6,2,1,0,0,0,1,29,65201,6,1,0,0,3,3,62,126,0,0,0,0,0,0,0,0,0,0,36,58,0,0,1,2,55,3,6,2,1,0,0,14,8,6,7,4,1,1,1
5,50336,1,1,1,18,8,21,1,1,0,1,0,5,2,63,32,63032,6,2002,KNADC1637260,K,N,A,D,C,1,6,3,7,2,6,0,0,P,KIA,RIC,SW,2,17,2436,,0,949,,G,,F,4,091,,,14R175,,,,,,0,0,000000000,00000000000,0,0,0,1,0,0,0,0,0,0,0,998,0,2,5,0,0,6,2,1,0,0,0,1,5,72745,6,2,0,0,3,3,59,117,0,2,0,0,0,3,2010,3,2010,0,58,36,0,0,1,2,55,1,6,2,1,0,0,1,8,7,3,4,1,1,1
5,50337,1,1,2,19,8,7,50,1,0,1,0,5,1,20,401,20401,14,2001,1GNCS18WX1K1,1,G,N,C,S,1,8,W,X,1,K,1,0,P,CHEV,BZR,UT,1,17,3699,,0,1005,,G,,F,6,262,,,15R235,,,,,,0,0,000000000,00000000000,0,0,0,1,0,0,0,0,0,0,0,998,0,2,5,0,0,6,2,1,0,0,0,1,5,72142,6,1,0,0,3,0,60,100,0,0,0,0,0,0,0,0,0,1,36,0,0,0,1,2,55,1,1,2,1,0,0,1,13,99,1,4,1,1,0
5,50338,1,1,1,19,8,20,15,8,0,1,0,5,1,7,482,7482,31,2010,1D7RV1GT2AS1,1,D,7,R,V,1,G,T,2,A,S,1,0,T,DODG,Q15,CW,10,17,,2,0,1400,RPC,G,,,8,348,,,,B,5200,00,7,44,0,0,000000000,00000000000,0,0,0,1,0,0,0,0,0,0,0,998,0,0,0,12,12,6,2,8,0,0,0,1,5,72601,6,1,0,0,3,0,70,180,0,0,0,0,0,0,0,0,0,0,0,0,0,0,1,5,50,1,2,2,1,0,0,1,81,1,1,1,13,0,0
5,50339,1,1,1,20,8,8,2,9,0,1,1,99,9,7,499,7499,39,9999,999999999999,9,9,9,9,9,9,9,9,9,9,9,9,9,,,,,,,,,,,,,,,,,,,,,,,,,0,0,000000000,00000000000,0,0,0,1,0,0,0,0,0,0,0,998,0,0,0,1,1,9,1,9,0,0,0,1,99,99999,9,9,99,0,9,9,999,999,99,99,99,99,99,99,9999,99,9999,9,99,99,99,99,1,2,30,1,1,2,1,0,0,1,83,99,1,1,13,0,0
5,50340,1,2,2,20,8,11,47,12,2,1,0,5,2,22,20,22020,4,2004,2G2WS5229412,2,G,2,W,S,5,2,2,9,4,1,2,0,P,PONT,GP2,4D,4,17,3484,,0,1105,,G,,F,6,231,,,16R225,,,,,,0,0,000000000,00000000000,0,0,0,1,0,0,0,0,0,0,0,998,0,0,0,12,12,6,2,12,0,0,0,1,5,72034,1,1,0,0,2,0,69,116,0,0,0,0,0,0,0,0,0,0,28,0,0,0,1,2,55,1,1,2,1,0,0,1,10,99,1,2,50,2,1
5,50340,2,2,4,20,8,11,47,12,2,1,0,5,1,7,442,7442,20,2005,1D4GP24R35B1,1,D,4,G,P,2,4,R,3,5,B,1,0,T,DODG,GCS,ES,5,17,,1,0,1193,CAR,G,,,6,201,,,,,3867,00,E,42,0,0,000000000,00000000000,0,0,0,1,0,0,0,0,0,0,0,998,0,0,0,12,12,6,2,12,0,0,0,1,5,72455,6,1,0,0,3,3,72,165,0,0,0,0,0,0,0,0,0,0,0,0,0,0,1,2,55,1,1,2,1,0,0,1,62,99,1,1,51,0,0
5,50341,1,1,1,20,8,14,50,30,0,1,0,5,2,13,421,13421,15,2000,5LMEU27A2YLJ,5,L,M,E,U,2,7,A,2,Y,L,J,0,P,LINC,NAV,UT,0,17,5393,,0,1190,,G,,F,8,330,,,17R275,,,,,,0,0,000000000,00000000000,0,0,0,1,0,0,0,0,0,0,0,998,0,1,6,12,98,6,2,1,0,0,0,1,5,72210,1,1,0,0,2,1,69,200,0,4,0,0,0,10,2009,10,2009,0,36,0,0,0,1,2,35,1,1,2,1,0,0,1,13,6,2,4,2,1,1
5,50342,1,3,1,21,8,5,17,12,8,1,0,5,2,2,403,2403,14,2004,1J4FA49S94P7,1,J,4,F,A,4,9,S,9,4,P,7,0,T,JEEP,SPW,2W,4,17,,1,0,934,W/T,G,,,6,244,,,,,3343,00,E,44,0,0,000000000,00000000000,0,0,0,1,0,0,0,0,0,0,0,998,0,0,0,11,98,6,2,12,0,0,0,1,5,72132,6,1,0,0,3,3,76,220,0,2,0,1,1,9,2009,4,2011,0,51,0,0,0,3,3,65,1,1,1,1,0,0,1,54,99,1,1,66,0,1
5,50342,2,3,1,21,8,5,17,12,8,1,0,5,1,49,46,49046,4,2010,JTDKN3DU9A52,J,T,D,K,N,3,D,U,9,A,5,2,0,P,TOYT,PRI,4H,10,17,3042,,0,1063,,B,,F,4,110,,,15R195,,,,,,0,0,000000000,00000000000,0,0,0,1,0,0,0,0,0,0,0,998,0,0,0,12,98,6,2,12,0,0,0,1,5,72104,6,1,0,0,3,0,70,215,0,0,0,0,0,0,0,0,0,0,0,0,0,0,3,3,65,1,1,1,1,0,0,1,64,1,1,1,98,1,0
5,50342,3,3,1,21,8,5,17,12,8,1,0,5,1,20,443,20443,20,2001,1GNDX03E41D2,1,G,N,D,X,0,3,E,4,1,D,2,0,T,CHEV,VTR,ES,1,17,,1,0,1200,VTR,G,,,6,207,,,,,3838,00,,42,0,0,000000000,00000000000,0,0,0,1,0,0,0,0,0,0,0,998,0,0,0,9,98,6,2,12,0,0,0,1,5,72209,6,1,0,0,3,0,62,168,0,0,0,0,0,0,0,0,0,0,0,0,0,0,3,3,65,1,1,1,1,0,0,1,64,7,1,2,66,0,0
5,50343,1,1,1,23,8,0,15,43,0,1,0,5,2,73,703,73703,80,2005,JKAEXMF165DA,J,K,A,E,X,M,F,1,6,5,D,A,0,M,KAWK,EXF,RC,5,17,,,,,,,250,,2,,4,307,,,,,,,0,0,000000000,00000000000,0,0,0,1,0,0,0,0,0,0,0,52,0,0,0,1,1,4,3,1,0,0,0,1,5,72762,1,1,0,0,2,0,68,145,0,0,0,0,1,6,2010,6,2010,0,51,0,0,0,3,2,45,1,1,2,1,0,0,1,12,1,1,4,6,1,1
5,50344,1,1,1,23,8,0,50,18,0,1,0,5,1,20,471,20471,30,2001,1GCDT19W2182,1,G,C,D,T,1,9,W,2,1,8,2,0,T,CHEV,S14,PC,1,17,,1,0,1229,S,G,,,6,262,,,,B,00000,00,,44,0,0,000000000,00000000000,0,0,0,1,0,0,0,0,0,0,0,998,0,0,0,12,98,6,2,2,0,0,1,1,5,72376,6,1,0,0,3,0,73,200,0,0,0,0,0,0,0,0,0,0,36,0,0,0,1,2,45,1,1,2,1,40,3,1,13,99,1,4,1,1,1
5,50345,1,2,1,23,8,11,18,12,6,1,0,5,1,24,2,24002,2,1995,1G8ZF1280SZ3,1,G,8,Z,F,1,2,8,0,S,Z,3,0,P,STRN,SC1,CP,95,17,2210,,0,992,,G,,F,4,116,,,14R175,,,,,,0,0,000000000,00000000000,0,0,0,1,0,0,0,0,0,0,0,998,0,0,0,12,12,6,2,12,0,0,0,1,5,72719,6,1,0,0,3,3,65,125,0,0,0,0,0,0,0,0,0,0,36,0,0,0,1,2,55,2,1,2,2,0,0,14,10,99,1,4,64,1,0
5,50345,2,2,2,23,8,11,18,12,6,1,0,5,1,7,462,7462,21,2006,WD0PD644X659,W,D,0,P,D,6,4,4,X,6,5,9,0,T,DODG,SNR,CG,6,17,,2,0,1400,SNR,D,,,5,165,,,,,4779,00,E,42,0,0,000000000,00000000000,0,0,0,1,0,0,0,0,0,0,0,998,0,0,0,11,98,6,2,12,0,0,0,1,5,72632,6,1,0,0,3,3,69,168,0,0,0,0,0,0,0,0,0,0,0,0,0,0,1,2,55,3,1,2,2,0,0,14,62,7,1,4,65,0,0
5,50346,1,2,1,23,8,17,49,12,1,1,0,5,1,9,38,9038,4,2000,1P3EJ46X5YN1,1,P,3,E,J,4,6,X,5,Y,N,1,0,P,PLYM,BRE,4D,0,17,2942,,0,1080,,G,,F,4,148,,,14R195,,,,,,0,0,000000000,00000000000,0,0,0,1,0,0,0,0,0,0,0,998,0,0,0,12,98,6,2,12,0,0,0,1,5,72118,6,1,0,0,3,3,70,185,0,0,0,1,0,10,2010,10,2010,1,36,0,0,0,2,2,60,1,1,1,1,0,0,1,51,99,1,1,24,1,1
5,50346,2,2,1,23,8,17,49,12,1,1,0,5,2,37,31,37031,2,1998,1HGEJ8146WL1,1,H,G,E,J,8,1,4,6,W,L,1,0,P,HOND,UAX,CP,98,17,2507,,0,1032,,G,,F,4,097,,,14R185,,,,,,0,0,000000000,00000000000,0,0,0,1,0,0,0,0,0,0,0,998,0,0,0,6,98,6,2,12,0,0,0,1,5,72212,6,1,0,0,3,3,72,180,0,0,0,0,0,0,0,0,0,0,0,0,0,0,2,2,60,1,1,1,1,0,0,1,53,99,1,1,25,0,0
5,50347,1,1,1,23,8,21,55,30,0,1,0,5,2,35,472,35472,30,2002,1N6ED29X82C3,1,N,6,E,D,2,9,X,8,2,C,3,0,T,NISS,XSC,CW,2,17,,1,0,1311,FRT,G,,,6,201,,,,B,3733,01,E,42,0,0,000000000,00000000000,0,0,0,1,0,0,0,0,0,0,0,998,0,1,5,1,98,6,2,1,0,0,0,1,5,71671,6,1,0,0,3,0,68,140,0,0,0,0,0,0,0,0,0,0,36,0,0,0,1,2,45,3,1,2,1,0,0,14,11,99,1,4,1,1,1
5,50348,1,1,1,26,8,14,41,1,0,1,0,5,2,82,881,82881,66,2004,1FUJA6CV34LL,1,F,U,J,A,6,C,V,3,4,L,L,1,T,FRHT,COL,TR,4,17,,8,0,0,CON,D,,,6,782,,,,,00000,00,,64,1,77,777777777,77777777777,3,6,98,1,0,0,0,0,0,0,0,998,0,2,1,0,98,6,2,1,0,0,0,1,5,72333,0,0,0,0,0,0,73,155,0,0,0,0,0,0,0,0,0,0,36,0,0,0,1,2,55,3,1,2,1,0,0,14,11,3,2,2,98,1,1
5,50349,1,1,1,26,8,15,20,34,0,1,0,5,2,76,702,76702,88,2007,LPRSE13Y87A5,L,P,R,S,E,1,3,Y,8,7,A,5,0,M,YAMA,YJV,MS,7,17,,,,,,,124,,1,,4,229,,,,,,,0,0,000000000,00000000000,0,0,0,1,0,0,0,0,0,0,0,998,0,0,0,12,98,6,2,34,0,0,0,1,5,72031,0,0,0,0,0,0,69,200,0,0,0,0,0,0,0,0,0,0,99,99,99,99,1,2,55,3,2,2,1,0,0,14,11,99,2,4,2,1,0
5,50350,1,1,1,27,8,2,11,32,0,1,0,5,1,23,481,23481,31,2003,1GTHK29U63E1,1,G,T,H,K,2,9,U,6,3,E,1,0,T,GMC,2KH,4C,3,17,,2,1575,1430,SIE,G,,,8,364,,,,C,5497,03,U,44,0,0,000000000,00000000000,0,0,0,1,0,0,0,0,0,0,0,998,0,1,5,12,0,6,2,1,0,0,0,1,5,72058,6,1,0,0,3,3,72,150,1,10,0,4,0,6,2010,6,2011,1,36,0,0,0,1,2,55,2,1,2,1,0,0,14,6,99,1,4,6,1,1
5,50351,1,1,3,27,8,8,0,1,0,1,0,5,1,20,37,20037,4,2004,1G1ND52F64M5,1,G,1,N,D,5,2,F,6,4,M,5,0,P,CHEV,CLA,4D,4,17,3106,,0,1070,,G,,F,4,134,,,15R215,,,,,,0,0,000000000,00000000000,0,0,0,1,0,0,0,0,0,0,0,998,0,1,1,0,98,6,2,1,0,0,0,1,5,71854,6,1,0,0,3,0,78,320,0,2,0,1,0,1,2010,10,2010,0,0,0,0,0,2,2,70,1,1,1,1,0,0,1,3,99,3,6,98,1,0
5,50352,1,2,1,31,8,6,45,12,2,1,0,5,2,49,32,49032,4,2007,1NXBR30E57Z8,1,N,X,B,R,3,0,E,5,7,Z,8,0,P,TOYT,UCS,4D,7,17,2530,,0,1024,,G,,F,4,109,,,15R185,,,,,,0,0,000000000,00000000000,0,0,0,1,0,0,0,0,0,0,0,998,0,0,0,12,12,6,2,12,0,0,0,1,5,72727,1,1,0,0,2,3,65,149,0,0,1,1,0,5,2010,8,2011,0,28,58,0,0,1,2,55,2,1,2,1,0,0,14,10,6,1,2,50,1,0
5,50352,2,2,1,31,8,6,45,12,2,1,0,5,2,20,481,20481,31,2001,1GCGK13U01F1,1,G,C,G,K,1,3,U,0,1,F,1,0,T,CHEV,1KH,CW,1,17,,2,0,1530,SIL,G,,,8,364,,,,B,4776,00,,44,0,0,000000000,00000000000,0,0,0,1,0,0,0,0,0,0,0,998,0,0,0,12,12,6,2,12,0,0,0,1,5,72727,6,1,0,0,3,0,64,135,0,0,0,0,0,0,0,0,0,0,0,0,0,0,1,2,55,1,1,2,1,0,0,1,62,99,1,1,51,0,0
5,50353,1,2,1,1,9,11,8,12,6,1,0,5,1,20,471,20471,30,1998,1GCCS14W2W82,1,G,C,C,S,1,4,W,2,W,8,2,0,T,CHEV,S14,PK,98,17,,1,1179,1083,S,G,,,6,262,,,,B,3003,00,,42,0,0,000000000,00000000000,0,0,0,1,0,0,0,0,0,0,0,998,0,1,1,11,98,6,2,1,0,0,0,1,5,72413,6,1,0,0,3,3,62,115,0,0,0,0,0,0,0,0,0,0,38,0,0,0,1,4,55,1,1,2,1,0,0,11,15,99,1,2,76,1,0
5,50353,2,2,1,1,9,11,8,12,6,1,0,28,1,20,461,20461,21,2006,1GCGG25V7611,1,G,C,G,G,2,5,V,7,6,1,1,0,T,CHEV,E25,CG,6,17,,2,0,1350,EXP,G,,,8,293,,,,C,5338,00,,42,0,0,000000000,00000000000,0,0,0,1,0,0,0,0,0,0,0,998,0,0,0,12,98,6,2,12,0,0,0,1,28,38671,6,1,6,0,3,3,72,220,0,0,0,0,0,0,0,0,0,0,0,0,0,0,1,4,55,1,1,2,1,0,0,1,65,99,1,2,77,0,0
5,50354,1,2,1,1,9,16,25,12,7,1,0,5,1,20,9,20009,2,2010,2G1FK1EJXA91,2,G,1,F,K,1,E,J,X,A,9,1,0,P,CHEV,SSM,CP,10,17,3913,,0,1123,,G,,F,8,378,,,20R245,,,,,,0,0,000000000,00000000000,0,0,0,1,0,0,0,0,0,0,0,998,0,0,0,7,98,6,2,12,0,0,0,1,5,72762,6,1,0,0,3,0,72,180,1,0,0,1,0,2,2011,9,2011,0,36,0,0,0,2,4,70,1,1,2,1,0,0,15,10,99,1,2,47,0,0
5,50354,2,2,1,1,9,16,25,12,7,1,0,5,2,2,404,2404,14,2002,1J4GW48S52C1,1,J,4,G,W,4,8,S,5,2,C,1,0,T,JEEP,LRO,4W,2,17,,1,0,1059,GCK,G,,,6,244,,,,,3868,01,E,44,0,0,000000000,00000000000,0,0,0,1,0,0,0,0,0,0,0,998,7,1,3,5,98,6,2,1,0,0,0,1,5,72712,6,2,0,0,3,3,65,125,0,0,0,0,0,0,0,0,0,0,0,0,0,0,2,4,70,1,1,2,1,0,0,1,60,99,1,6,45,1,0
5,50355,1,2,1,2,9,10,58,12,1,1,0,48,1,7,482,7482,31,2001,1B7HC16X21S7,1,B,7,H,C,1,6,X,2,1,S,7,0,T,DODG,150,PK,1,17,,2,1347,1187,RPC,G,,,6,239,,,,B,4010,02,U,42,0,0,000000000,00000000000,0,0,0,1,0,0,0,0,0,0,0,998,0,0,0,12,98,6,2,12,0,0,0,1,48,76067,6,1,6,0,3,0,73,230,0,0,0,0,0,0,0,0,0,0,38,36,0,0,1,2,45,1,1,2,1,0,0,1,51,99,1,1,24,0,0
5,50355,2,2,1,2,9,10,58,12,1,1,0,5,1,12,421,12421,15,1989,1FMCU14T0KUB,1,F,M,C,U,1,4,T,0,K,U,B,0,P,FORD,BII,UT,89,17,3050,,0,940,,G,,F,6,177,,,15R205,,,,,,0,0,000000000,00000000000,0,0,0,1,0,0,0,0,0,0,0,998,0,1,9,6,98,6,2,1,0,0,0,1,5,71953,6,1,0,0,3,3,67,180,0,0,0,0,0,0,0,0,0,0,0,0,0,0,1,2,45,1,1,2,1,0,0,10,53,99,1,1,25,1,0
5,50356,1,1,1,4,9,9,10,59,0,1,0,5,2,7,472,7472,30,2002,1B7GL12X42S5,1,B,7,G,L,1,2,X,4,2,S,5,0,T,DODG,DXT,PC,2,17,,1,0,1309,DAK,G,,,6,239,,,,B,3552,02,E,42,0,0,000000000,00000000000,0,0,0,1,0,0,0,0,0,0,0,998,0,0,0,12,98,6,2,59,0,0,0,1,5,72801,6,1,0,0,3,0,65,190,0,0,0,0,0,0,0,0,0,0,36,0,0,0,1,2,55,3,1,2,1,0,0,14,13,99,2,4,2,1,0
5,50357,1,1,1,5,9,9,8,23,0,1,0,5,2,37,32,37032,4,1996,1HGCD5633TA0,1,H,G,C,D,5,6,3,3,T,A,0,0,P,HOND,ULE,4D,96,17,2864,,0,1069,,G,,F,4,132,,,15R185,,,,,,0,0,000000000,00000000000,0,0,0,1,0,0,0,0,0,0,0,998,0,0,0,12,98,6,2,23,0,0,0,1,5,72007,6,1,0,0,3,0,69,150,0,0,0,0,1,3,2010,3,2010,0,36,0,0,0,2,4,70,1,1,1,1,0,0,1,13,99,1,4,1,1,0
5,50358,1,1,1,5,9,14,20,11,0,1,0,5,1,53,706,53706,80,2005,JS1VS55A3521,J,S,1,V,S,5,5,A,3,5,2,1,0,M,SUZI,C50,RS,5,17,,,,,,,805,,2,,4,542,,,,,,,0,0,000000000,00000000000,0,0,0,1,0,0,0,0,0,0,0,998,0,0,0,3,98,6,2,11,0,0,0,1,5,72719,6,1,0,0,3,3,72,185,0,0,0,0,0,0,0,0,0,0,83,0,0,0,1,2,55,1,1,2,1,0,0,1,87,99,1,1,13,1,0
5,50359,1,2,1,5,9,15,15,1,0,1,0,5,1,20,2,20002,4,2002,2G1WH55K1291,2,G,1,W,H,5,5,K,1,2,9,1,0,P,CHEV,IPL,4D,2,17,3466,,0,1105,,G,,F,6,231,,,16R225,,,,,,0,0,000000000,00000000000,0,0,0,1,0,0,0,0,0,0,0,998,0,0,0,13,98,6,2,12,0,0,0,1,5,72024,1,1,0,0,2,0,65,140,0,0,0,0,0,0,0,0,0,0,0,0,0,0,2,4,70,1,1,2,1,0,0,1,64,7,1,2,98,0,0
5,50359,2,2,3,5,9,15,15,1,0,1,0,5,1,20,421,20421,15,2002,1GNDS13S7222,1,G,N,D,S,1,3,S,7,2,2,2,0,P,CHEV,TRL,UT,2,17,4442,,0,1130,,G,,F,6,256,,,16R245,,,,,,0,0,000000000,00000000000,0,0,0,1,0,0,0,0,0,0,0,998,7,1,3,0,98,6,2,12,0,0,0,1,5,72117,6,1,0,0,3,0,64,185,0,0,0,0,0,0,0,0,0,0,36,0,0,0,2,4,70,1,1,2,1,0,0,1,1,99,4,4,7,1,0
5,50360,1,1,5,7,9,15,47,42,0,1,0,5,2,7,472,7472,30,2002,1B7HG48N12S6,1,B,7,H,G,4,8,N,1,2,S,6,0,T,DODG,DQS,CW,2,17,,2,0,1309,DAK,G,,,8,287,,,,B,4351,00,E,44,0,0,000000000,00000000000,0,0,0,1,0,0,0,0,0,0,0,998,0,1,5,98,98,6,2,42,0,0,0,1,5,72740,6,2,0,0,3,3,70,185,0,0,0,0,0,0,0,0,0,1,82,0,0,0,1,2,25,1,4,2,1,0,0,1,6,99,2,4,7,1,0
5,50361,1,1,1,8,9,3,0,8,0,1,1,99,9,87,999,87999,99,9999,999999999999,9,9,9,9,9,9,9,9,9,9,9,9,9,,,,,,,,,,,,,,,,,,,,,,,,,0,99,999999999,99999999999,9,99,99,1,0,0,0,0,0,0,0,998,0,0,0,12,98,4,1,8,0,0,0,1,99,99999,9,9,99,9,9,9,999,999,99,99,99,99,99,99,9999,99,9999,9,99,99,99,99,1,2,55,1,1,2,1,0,0,99,99,99,9,9,13,0,0
5,50362,1,1,1,8,9,13,39,35,0,1,0,5,1,2,403,2403,14,2008,1J4FA54148L6,1,J,4,F,A,5,4,1,4,8,L,6,0,T,JEEP,SAH,2W,8,17,,1,0,954,WRA,G,,,6,230,,,,,3985,00,4,44,0,0,000000000,00000000000,0,0,0,1,0,0,0,0,0,0,0,998,0,0,0,12,98,6,2,32,0,0,0,1,5,71861,6,1,0,0,3,3,72,220,0,0,0,0,0,0,0,0,0,0,36,0,0,0,1,2,55,1,1,2,1,0,0,1,13,99,2,4,2,1,1
5,50363,1,2,1,9,9,6,15,12,6,1,0,20,1,77,706,77706,80,2004,5VPGB16D7430,5,V,P,G,B,1,6,D,7,4,3,0,0,M,VCTY,GBD,RS,4,17,,,,,,,1507,,2,,4,620,,,,,,,0,0,000000000,00000000000,0,0,0,1,0,0,0,0,0,0,0,998,0,0,0,3,98,6,2,12,0,0,0,1,20,66061,1,1,0,0,2,3,72,201,0,0,2,1,1,11,2009,11,2010,0,36,0,0,0,2,2,55,2,2,2,1,40,3,14,10,7,1,2,64,1,0
5,50363,2,2,1,9,9,6,15,12,6,1,0,5,1,82,881,82881,66,1986,1FUPYBYB1GP2,1,F,U,P,Y,B,Y,B,1,G,P,2,0,T,FRHT,FLC,TR,86,17,,8,0,0,CON,D,,,6,855,,,,,00000,00,,64,0,99,999999999,99999999999,3,19,4,1,0,0,0,0,0,0,0,998,0,0,0,11,98,9,1,12,0,0,0,1,5,72632,6,1,6,0,3,0,70,165,0,0,0,0,0,0,0,0,0,0,0,0,0,0,1,2,55,3,2,2,1,40,3,14,60,99,1,1,65,0,0
5,50364,1,1,1,9,9,23,2,59,0,1,0,5,1,12,481,12481,31,1994,1FTEX15N9RKB,1,F,T,E,X,1,5,N,9,R,K,B,0,T,FORD,F15,PC,94,17,,2,1550,1390,COF,G,,,8,302,,,,B,4186,01,M,42,0,0,000000000,00000000000,0,0,0,1,0,0,0,0,0,0,0,998,0,1,5,98,98,0,1,1,0,0,0,1,5,72002,6,1,0,0,3,0,69,150,0,4,2,1,1,7,2009,4,2011,0,36,0,0,0,2,2,45,1,1,2,1,0,0,1,13,99,1,4,1,1,1