STATE,ST_CASE,VEH_NO,VE_FORMS,NUMOCCS,DAY,MONTH,HOUR,MINUTE,HARM_EV,MAN_COLL,UNITTYPE,HIT_RUN,REG_STAT,OWNER,MAKE,MODEL,MAK_MOD,BODY_TYP,MOD_YEAR,VIN,VIN_1,VIN_2,VIN_3,VIN_4,VIN_5,VIN_6,VIN_7,VIN_8,VIN_9,VIN_10,VIN_11,VIN_12,TOW_VEH,VINTYPE,VINMAKE,VINA_MOD,VIN_BT,VINMODYR,VIN_LNGT,VIN_WGT,WGTCD_TR,WHLBS_LG,WHLBS_SH,SER_TR,FUELCODE,MCYCL_DS,CARBUR,CYLINDER,DISPLACE,MCYCL_CY,MCYCL_WT,TIRE_SZE,TON_RAT,TRK_WT,TRKWTVAR,VIN_REST,WHLDRWHL,J_KNIFE,MCARR_I1,MCARR_I2,MCARR_ID,GVWR,V_CONFIG,CARGO_BT,HAZ_INV,HAZ_PLAC,HAZ_ID,HAZ_CNO,HAZ_REL,BUS_USE,SPEC_USE,EMER_USE,TRAV_SP,UNDERIDE,ROLLOVER,ROLINLOC,IMPACT1,IMPACT2,DEFORMED,TOWED,M_HARM,VEH_SC1,VEH_SC2,FIRE_EXP,DR_PRES,L_STATE,DR_ZIP,L_STATUS,L_TYPE,CDL_STAT,L_ENDORS,L_COMPL,L_RESTRI,DR_HGT,DR_WGT,PREV_ACC,PREV_SUS,PREV_DWI,PREV_SPD,PREV_OTH,FIRST_MO,FIRST_YR,LAST_MO,LAST_YR,SPEEDREL,DR_SF1,DR_SF2,DR_SF3,DR_SF4,VTRAFWAY,VNUM_LAN,VSPD_LIM,VALIGN,VPROFILE,VPAVETYP,VSURCOND,VTRAFCON,VTCONT_F,P_CRASH1,P_CRASH2,P_CRASH3,PCRASH4,PCRASH5,ACC_TYPE,DEATHS,DR_DRINK
5,50365,1,1,1,10,9,0,26,53,0,1,0,5,1,2,404,2404,14,1997,1J4GZ58Y6VC5,1,J,4,G,Z,5,8,Y,6,V,C,5,0,T,JEEP,LRT,4W,97,17,,1,0,1059,GCK,G,,,8,318,,,,,3700,02,E,44,0,0,000000000,00000000000,0,0,0,1,0,0,0,0,0,0,0,998,0,1,5,12,98,6,2,1,0,0,1,1,5,72645,1,1,0,0,2,3,72,210,0,0,0,0,0,0,0,0,0,0,99,99,99,99,1,2,55,1,2,2,1,0,0,1,13,99,1,4,1,1,1
5,50366,1,1,1,10,9,14,45,42,0,1,0,5,1,7,20,7020,4,2001,1B3ES46C91D2,1,B,3,E,S,4,6,C,9,1,D,2,0,P,DODG,NSS,4D,1,17,2585,,0,1050,,G,,F,4,122,,,14R185,,,,,,0,0,000000000,00000000000,0,0,0,1,0,0,0,0,0,0,0,998,0,0,0,9,98,6,2,42,0,0,0,1,5,71801,6,1,0,0,3,0,73,194,0,0,0,0,0,0,0,0,0,0,36,0,0,0,1,2,55,1,1,2,1,0,0,1,12,1,1,4,1,1,0
5,50367,1,1,2,10,9,18,40,1,0,1,0,5,2,20,443,20443,20,2002,1GNDV13E02D1,1,G,N,D,V,1,3,E,0,2,D,1,0,T,CHEV,LUX,ES,2,17,,1,0,1200,VTR,G,,,6,207,,,,B,4431,00,,44,0,0,000000000,00000000000,0,0,0,1,0,0,0,0,0,0,0,998,0,2,5,0,98,6,2,1,0,0,0,1,5,72455,6,1,0,0,3,0,72,240,0,0,0,0,0,0,0,0,0,0,36,0,0,0,1,2,55,3,3,2,2,0,0,14,13,99,2,4,2,1,1
5,50368,1,2,2,10,9,20,5,12,2,1,0,5,1,12,481,12481,31,2004,1FTNF20P74EB,1,F,T,N,F,2,0,P,7,4,E,B,0,T,FORD,F2S,PK,4,17,,2,0,1370,SRW,D,,,8,366,,,,C,5316,00,U,42,0,0,000000000,00000000000,0,0,0,1,0,0,0,0,0,0,0,998,0,0,0,12,98,6,2,12,0,0,0,1,5,72908,6,1,0,0,3,3,74,240,0,0,0,0,0,0,0,0,0,0,0,0,0,0,1,2,50,1,2,2,1,0,0,1,62,1,1,1,51,0,0
5,50368,2,2,1,10,9,20,5,12,2,1,0,5,1,13,12,13012,4,2003,1LNHM81W83Y6,1,L,N,H,M,8,1,W,8,3,Y,6,0,P,LINC,EXC,4D,3,17,4156,,0,1177,,G,,F,8,281,,,17R225,,,,,,0,0,000000000,00000000000,0,0,0,1,0,0,0,0,0,0,0,998,0,0,0,12,98,6,2,12,0,0,0,1,5,72901,6,1,6,3,3,3,72,200,0,0,0,0,0,0,0,0,0,0,23,0,0,0,1,2,50,1,2,2,1,0,0,1,10,99,1,2,50,1,0
5,50369,1,1,1,11,9,5,40,8,0,1,1,5,3,87,881,87881,66,2009,1XPHD49X19D7,1,X,P,H,D,4,9,X,1,9,D,7,1,T,PTRB,386,TR,9,17,,8,0,0,CON,D,,,6,915,,,,,00000,00,,64,1,99,999999999,99999999999,3,6,8,1,0,0,0,0,0,0,0,998,0,0,0,12,98,4,1,8,0,0,0,1,5,72543,6,1,6,0,3,0,67,145,0,0,0,0,1,8,2010,8,2010,0,0,0,0,0,1,2,45,1,1,2,1,0,0,1,80,99,1,1,13,0,0
5,50371,1,2,1,11,9,18,22,12,2,1,0,5,1,12,3,12003,1,2003,1FAFP44473F4,1,F,A,F,P,4,4,4,7,3,F,4,0,P,FORD,MUS,CV,3,17,3254,,0,1013,,G,,F,6,232,,,16R225,,,,,,0,0,000000000,00000000000,0,0,0,1,0,0,0,0,0,0,0,998,0,0,0,12,98,6,2,12,0,0,1,1,5,72150,6,1,0,0,3,0,65,180,0,0,0,0,1,4,2011,4,2011,0,0,0,0,0,1,2,55,1,1,2,1,98,3,1,62,99,1,1,51,0,0
5,50371,2,2,1,11,9,18,22,12,2,1,0,18,1,20,22,20022,4,2009,1G1AS58H2972,1,G,1,A,S,5,8,H,2,9,7,2,0,P,CHEV,BLS,4D,9,17,3216,,0,1033,,G,,F,4,134,,,15R195,,,,,,0,0,000000000,00000000000,0,0,0,1,0,0,0,0,0,0,0,998,0,0,0,12,98,6,2,12,0,0,1,1,18,46322,6,1,0,0,3,3,67,200,0,0,0,2,0,9,2010,9,2010,0,0,0,0,0,1,2,55,1,1,2,1,98,3,1,10,99,1,2,50,1,0
5,50372,1,1,2,13,9,2,4,33,0,1,0,48,2,12,37,12037,4,2009,1FAHP36NX9W2,1,F,A,H,P,3,6,N,X,9,W,2,0,P,FORD,FOS,4D,9,17,2623,,0,1029,,G,,F,4,122,,,17R215,,,,,,0,0,000000000,00000000000,0,0,0,1,0,0,0,0,0,0,0,998,0,1,6,12,98,6,2,1,0,0,1,1,48,75501,6,1,0,0,3,3,71,250,0,0,0,0,0,0,0,0,0,1,0,0,0,0,1,2,30,1,2,2,1,0,0,1,6,99,1,4,1,2,1
5,50373,1,1,1,13,9,11,58,43,0,1,0,5,1,49,472,49472,30,2003,5TEWM72NX3Z2,5,T,E,W,M,7,2,N,X,3,Z,2,0,T,TOYT,XTR,PC,3,17,,1,0,1219,TAC,G,,,4,164,,,,B,3457,00,U,44,0,0,000000000,00000000000,0,0,0,1,0,0,0,0,0,0,0,998,0,0,0,12,98,6,2,19,0,0,0,1,5,72455,6,1,0,0,3,3,69,180,0,0,0,0,0,0,0,0,0,0,23,39,0,0,1,2,35,1,1,2,1,65,3,1,13,99,1,4,1,1,0
5,50374,1,1,1,13,9,16,55,35,0,1,0,5,2,49,32,49032,4,2005,1NXBR32E15Z4,1,N,X,B,R,3,2,E,1,5,Z,4,0,P,TOYT,UCS,4D,5,17,2530,,0,1024,,G,,F,4,109,,,15R185,,,,,,0,0,000000000,00000000000,0,0,0,1,0,0,0,0,0,0,0,998,0,0,0,98,12,6,2,11,0,0,0,1,5,72714,6,1,0,0,3,0,72,190,0,0,0,0,0,0,0,0,0,9,0,0,0,0,1,2,55,3,5,2,1,0,0,14,13,1,1,4,1,1,0
5,50375,1,1,1,13,9,20,30,9,0,1,0,5,1,14,6,14006,4,1999,2MEFM75W3XX6,2,M,E,F,M,7,5,W,3,X,X,6,0,P,MERC,MGL,4D,99,17,3922,,0,1147,,G,,F,8,281,,,16R225,,,,,,0,0,000000000,00000000000,0,0,0,1,0,0,0,0,0,0,0,998,0,0,0,12,12,6,2,9,0,0,0,1,5,72333,1,1,0,0,2,0,73,185,0,0,0,1,1,5,2011,8,2011,0,0,0,0,0,1,2,55,1,1,2,1,0,0,1,83,99,1,1,13,0,0
5,50376,1,2,3,14,9,15,57,12,2,1,0,5,2,7,402,7402,14,2002,1B4HR38N82F1,1,B,4,H,R,3,8,N,8,2,F,1,0,P,DODG,DUR,UT,2,17,4222,,0,1160,,G,,F,8,287,,,16R255,,,,,,0,0,000000000,00000000000,0,0,0,1,0,0,0,0,0,0,0,998,0,0,0,12,12,6,2,12,0,0,0,1,5,72023,6,1,0,0,3,0,64,200,0,2,0,0,0,10,2008,10,2008,0,36,0,0,0,1,2,55,2,8,2,1,0,0,14,10,99,1,2,50,1,0
5,50376,2,2,2,14,9,15,57,12,2,1,0,5,1,35,473,35473,31,2004,1N6AA07A94N5,1,N,6,A,A,0,7,A,9,4,N,5,0,T,NISS,TXS,CW,4,17,,2,0,1398,TTN,G,,,8,342,,,,C,4658,03,E,42,0,0,000000000,00000000000,0,0,0,1,0,0,0,0,0,0,0,998,0,0,0,12,12,6,2,12,0,0,0,1,5,72007,6,1,0,0,3,0,72,150,0,0,0,1,1,11,2010,3,2011,0,0,0,0,0,1,2,55,3,8,2,1,0,0,14,62,1,1,1,51,0,0
5,50377,1,2,1,15,9,9,52,12,2,1,0,29,1,49,401,49401,14,2008,JTEBT14R38K0,J,T,E,B,T,1,4,R,3,8,K,0,0,P,TOYT,RUN,UT,8,17,4505,,0,1098,,G,,F,8,285,,,16R265,,,,,,0,0,000000000,00000000000,0,0,0,1,0,0,0,0,0,0,0,998,0,0,0,12,12,6,2,12,0,0,0,1,29,63945,6,1,0,0,3,0,65,140,0,0,0,0,0,0,0,0,0,0,0,0,0,0,1,2,55,1,1,2,1,20,3,1,62,6,1,1,81,0,0
5,50377,2,2,1,15,9,9,52,12,2,1,0,17,1,12,17,12017,4,2008,1FAHP25W48G1,1,F,A,H,P,2,5,W,4,8,G,1,0,P,FORD,TLT,4D,8,17,3643,,0,1129,,G,,F,6,214,,,18R225,,,,,,0,0,000000000,00000000000,0,0,0,1,0,0,0,0,0,0,0,998,0,0,0,12,12,6,2,12,0,0,0,1,17,61111,6,1,0,0,3,3,74,170,0,0,0,0,0,0,0,0,0,0,38,0,0,0,1,2,55,1,1,2,1,20,3,11,10,99,1,2,80,1,0
5,50378,1,1,1,15,9,17,20,42,0,1,0,5,2,7,482,7482,31,2001,3B7HC13Y91M2,3,B,7,H,C,1,3,Y,9,1,M,2,0,T,DODG,Q15,4C,1,17,,2,1547,1387,RPC,G,,,8,318,,,,B,4688,01,U,42,0,0,000000000,00000000000,0,0,0,1,0,0,0,0,0,0,0,998,0,0,0,11,11,6,2,42,0,0,0,1,5,71770,6,1,0,0,3,0,69,300,0,0,0,0,0,0,0,0,0,9,99,99,99,99,1,2,55,1,1,2,1,0,0,1,9,99,1,4,6,1,0
5,50379,1,1,4,16,9,3,0,35,0,1,0,5,2,12,3,12003,3,1998,1FAFP4041WF1,1,F,A,F,P,4,0,4,1,W,F,1,0,P,FORD,MUS,CP,98,17,3065,,0,1013,,G,,F,6,232,,,15R205,,,,,,0,0,000000000,00000000000,0,0,0,1,0,0,0,0,0,0,0,998,0,1,5,1,13,6,2,30,0,0,0,1,5,71854,1,1,0,0,2,0,70,280,0,6,0,0,0,5,2011,9,2011,0,36,0,0,0,1,2,30,1,2,2,1,0,0,1,13,3,1,4,1,1,0
5,50380,1,1,1,16,9,9,0,8,0,1,0,5,3,20,481,20481,31,2006,1GCHC29U56E2,1,G,C,H,C,2,9,U,5,6,E,2,0,T,CHEV,2CH,4C,6,17,,2,1575,1435,SIL,G,,,8,366,,,,C,5398,02,,42,0,0,000000000,00000000000,0,0,0,1,0,0,0,0,0,0,0,998,0,0,0,82,98,4,1,8,0,0,0,1,5,72903,6,1,0,0,3,3,67,185,0,0,0,0,0,0,0,0,0,0,36,0,0,0,2,2,70,1,1,2,1,0,0,1,80,1,1,4,13,0,0
5,50381,1,1,2,16,9,10,41,21,0,1,0,29,2,12,481,12481,31,1999,1FTRX18L3XNA,1,F,T,R,X,1,8,L,3,X,N,A,0,T,FORD,F15,4C,99,17,,2,1574,1388,COF,G,,,8,330,,,,B,00000,00,U,44,0,0,000000000,00000000000,0,0,0,1,0,0,0,0,0,0,0,998,0,1,5,14,14,6,2,1,0,0,0,1,5,72350,1,1,0,0,2,0,67,160,0,4,0,0,0,4,2010,4,2010,1,0,0,0,0,1,2,55,2,1,4,1,0,0,14,6,99,1,4,1,1,0
5,50382,1,1,1,16,9,14,25,1,0,1,0,5,1,23,481,23481,31,2007,1GTEC14C37Z5,1,G,T,E,C,1,4,C,3,7,Z,5,0,T,GMC,NC1,PK,7,17,,2,1330,1190,SIE,G,,,8,293,,,,B,4448,01,4,42,0,0,000000000,00000000000,0,0,0,1,0,0,0,0,0,0,0,998,0,1,3,0,98,6,2,1,0,0,0,1,5,72032,6,1,6,0,3,3,72,180,0,0,0,0,0,0,0,0,0,0,99,99,99,99,2,2,70,2,1,1,2,0,0,14,12,99,2,4,7,1,0
5,50383,1,2,2,17,9,18,30,12,6,1,0,5,2,23,471,23471,30,2003,1GKDT13S2323,1,G,K,D,T,1,3,S,2,3,2,3,0,T,GMC,ENV,4W,3,17,,1,0,1130,ENV,G,,,6,256,,,,B,4600,00,E,44,0,0,000000000,00000000000,0,0,0,1,0,0,0,0,0,0,0,998,0,0,0,1,1,6,2,12,0,0,0,1,5,72417,6,1,0,0,3,0,66,170,0,0,0,0,0,0,0,0,0,0,38,0,0,0,1,2,55,1,1,2,2,20,3,1,17,99,1,1,87,0,0
5,50383,2,2,1,17,9,18,30,12,6,1,0,5,1,72,706,72706,80,1980,999999999999,9,9,9,9,9,9,9,9,9,9,9,9,0,,,,,,,,,,,,,,,,,,,,,,,,,0,0,000000000,00000000000,0,0,0,1,0,0,0,0,0,0,0,998,0,0,0,12,12,6,2,12,0,0,0,1,5,72401,6,1,0,0,3,0,68,158,0,0,0,0,0,0,0,0,0,0,0,0,0,0,1,2,55,3,1,2,2,0,0,14,66,3,1,1,86,1,1
5,50384,1,1,2,18,9,1,13,1,0,1,0,5,9,72,706,72706,80,2009,1HD1FR4169Y6,1,H,D,1,F,R,4,1,6,9,Y,6,0,M,HD,FKC,RS,9,17,,,,,,,1584,,2,,4,810,,,,,,,0,0,000000000,00000000000,0,0,0,1,0,0,0,0,0,0,0,998,0,0,0,0,0,6,2,1,0,0,0,1,5,99999,6,1,0,0,3,0,999,999,0,0,0,0,0,0,0,0,0,9,58,0,0,0,1,2,45,1,1,2,1,0,0,1,13,6,1,6,98,2,0
5,50385,1,1,1,18,9,19,40,8,0,1,0,5,2,35,472,35472,30,2000,1N6DD21SXYC3,1,N,6,D,D,2,1,S,X,Y,C,3,0,T,NISS,FXE,PK,0,17,,1,0,1043,FRT,G,,,4,146,,,,B,2902,00,U,42,0,0,000000000,00000000000,0,0,0,1,0,0,0,0,0,0,0,998,0,0,0,1,98,4,1,8,0,0,0,1,5,72143,6,1,0,0,3,3,72,210,0,0,0,0,0,0,0,0,0,0,54,0,0,0,2,2,55,1,1,2,1,0,0,17,80,6,1,2,13,0,0
5,50386,1,1,1,19,9,14,16,8,0,1,0,5,1,35,47,35047,4,2006,1N4AL11D06N3,1,N,4,A,L,1,1,D,0,6,N,3,0,P,NISS,ASL,4D,6,17,2915,,0,1102,,G,,F,4,153,,,16R215,,,,,,0,0,000000000,00000000000,0,0,0,1,0,0,0,0,0,0,0,998,0,0,0,11,11,4,1,8,0,0,0,1,5,71730,6,1,0,0,3,0,69,153,0,0,0,0,0,0,0,0,0,0,0,0,0,0,1,2,25,1,1,2,1,0,0,1,81,1,1,1,13,0,0
5,50387,1,2,3,20,9,10,40,12,6,1,0,48,1,12,461,12461,21,2002,1FDRE14L32HB,1,F,D,R,E,1,4,L,3,2,H,B,0,T,FORD,15V,CG,2,17,,2,0,1380,VAN,G,,,8,330,,,,B,4823,00,E,42,0,0,000000000,00000000000,0,0,0,1,0,0,0,0,0,0,0,998,0,0,0,12,98,6,2,12,0,0,1,1,48,75154,6,1,0,0,3,3,68,180,0,0,0,0,0,0,0,0,0,0,0,0,0,0,2,2,55,3,2,2,1,40,3,14,62,99,1,1,65,0,0
5,50387,2,2,1,20,9,10,40,12,6,1,0,22,1,73,706,73706,80,2009,JKBVNRC199A0,J,K,B,V,N,R,C,1,9,9,A,0,0,M,KAWK,V7C,RS,9,17,,,,,,,1700,,2,,4,833,,,,,,,0,0,000000000,00000000000,0,0,0,1,0,0,0,0,0,0,0,998,0,0,0,3,98,6,2,12,0,0,1,1,22,71291,6,1,0,0,3,3,66,150,0,0,0,0,0,0,0,0,0,0,36,28,0,0,1,2,55,2,2,2,1,40,3,14,10,6,3,2,64,1,0
5,50388,1,2,1,21,9,2,20,12,8,1,0,5,3,84,881,84881,66,2005,3HSCHAPR95N1,3,H,S,C,H,A,P,R,9,5,N,1,1,T,INTL,99I,TR,5,17,,8,0,0,990,D,,,6,915,,,,,00000,00,,64,1,77,777777777,77777777777,3,6,8,1,0,0,0,0,0,0,0,998,0,0,0,3,98,6,2,2,0,0,1,1,5,72058,6,1,6,0,3,0,69,165,1,0,0,1,1,9,2010,3,2011,0,36,0,0,0,1,4,55,1,1,2,1,0,0,1,10,99,1,2,64,1,0
5,50388,2,2,1,21,9,2,20,12,8,1,0,28,3,84,881,84881,63,2010,2HSCTAPR6AC2,2,H,S,C,T,A,P,R,6,A,C,2,1,T,INTL,PRO,TR,10,17,,8,0,0,PRO,D,,,6,915,,,,,00000,00,,64,1,57,003327,57003327,3,4,1,1,0,0,0,0,0,0,0,998,0,0,0,7,98,6,2,12,0,0,0,1,28,39601,6,1,6,0,3,0,70,200,0,0,0,0,0,0,0,0,0,0,0,0,0,0,1,4,55,1,1,2,1,0,0,1,62,99,1,1,65,0,0
5,50389,1,1,2,21,9,7,20,8,0,1,0,5,1,49,422,49422,15,2003,5TDBT44AX3S1,5,T,D,B,T,4,4,A,X,3,S,1,0,P,TOYT,SEQ,UT,3,17,5270,,0,1181,,G,,F,8,285,,,16R245,,,,,,0,0,000000000,00000000000,0,0,0,1,0,0,0,0,0,0,0,998,0,0,0,12,98,2,1,8,0,0,0,1,5,72701,6,1,0,0,3,3,65,140,1,0,0,1,1,5,2011,8,2011,0,39,0,0,0,1,4,35,1,1,1,1,40,3,1,80,99,1,1,13,0,1
5,50390,1,2,3,21,9,21,10,12,2,1,0,5,1,18,3,18003,4,2000,1G4CW52K3Y41,1,G,4,C,W,5,2,K,3,Y,4,1,0,P,BUIC,PKA,4D,0,17,3778,,0,1138,,G,,F,6,231,,,16R225,,,,,,0,0,000000000,00000000000,0,0,0,1,0,0,0,0,0,0,0,998,0,0,0,12,98,6,2,12,0,0,0,1,5,72046,6,1,0,0,3,0,66,230,0,0,0,0,0,0,0,0,0,0,36,0,0,0,1,2,55,1,1,2,1,0,0,12,10,1,1,2,98,0,0
5,50390,2,2,1,21,9,21,10,12,2,1,0,5,3,37,32,37032,4,1997,1HGCD5563VA0,1,H,G,C,D,5,5,6,3,V,A,0,0,P,HOND,UER,4D,97,17,2919,,0,1069,,G,,F,4,132,,,15R195,,,,,,0,0,000000000,00000000000,0,0,0,1,0,0,0,0,0,0,0,998,0,0,0,12,98,6,2,12,0,0,0,1,5,72045,6,1,0,0,3,0,71,165,0,0,0,0,1,8,2010,8,2010,0,99,99,99,99,1,2,55,1,1,2,1,0,0,1,60,6,1,2,98,1,0
5,50391,1,1,1,22,9,16,37,59,0,1,0,5,1,2,405,2405,14,2003,1J4GL58KX3W6,1,J,4,G,L,5,8,K,X,3,W,6,0,T,JEEP,LMD,4W,3,17,,1,0,1043,LIB,G,,,6,226,,,,,3931,00,E,44,0,0,000000000,00000000000,0,0,0,1,0,0,0,0,0,0,0,998,0,1,5,12,12,6,2,1,0,0,0,1,5,72058,1,1,0,0,2,0,65,120,2,4,1,2,1,10,2009,9,2011,1,0,0,0,0,1,2,55,2,1,2,2,0,0,14,6,99,1,4,1,1,1
5,50392,1,1,3,23,9,7,40,24,0,1,0,5,0,7,482,7482,31,2004,1D7HA16KX4J1,1,D,7,H,A,1,6,K,X,4,J,1,0,T,DODG,S1T,PK,4,17,,2,1405,1205,RPC,G,,,6,225,,,,B,4445,01,E,42,0,0,000000000,00000000000,0,0,0,1,0,0,0,0,0,0,0,998,0,0,0,11,11,6,2,24,0,0,0,1,5,72206,1,1,0,0,2,0,71,220,1,2,0,0,0,5,2011,9,2011,0,36,0,0,0,1,2,30,2,1,2,1,0,0,14,13,1,1,4,1,1,1
5,50393,1,1,1,23,9,13,40,35,0,1,0,5,1,72,706,72706,80,2012,1HD1MAM14CB8,1,H,D,1,M,A,M,1,4,C,B,8,0,M,HD,UTG,RS,12,17,,,,,,,1690,,2,,4,1157,,,,,,,0,0,000000000,00000000000,0,0,0,1,0,0,0,0,0,0,0,998,0,0,0,12,12,6,2,42,0,0,0,1,5,71858,6,1,0,0,3,0,71,230,0,0,0,0,0,0,0,0,0,0,36,0,0,0,1,2,55,1,1,2,1,0,0,1,9,99,1,4,1,1,0
5,50394,1,2,1,23,9,15,10,12,1,1,0,5,3,87,881,87881,66,2002,1XP5DB9X52N5,1,X,P,5,D,B,9,X,5,2,N,5,1,T,PTRB,379,TR,2,17,,8,0,0,CON,D,,,6,893,,,,,00000,00,,64,1,77,777777777,77777777777,3,6,10,1,0,0,0,0,0,0,0,0,0,0,0,6,6,4,1,12,0,0,0,1,5,71655,6,1,6,1,3,1,67,194,0,0,0,0,1,1,2010,1,2010,0,0,0,0,0,1,2,55,1,1,2,1,0,0,5,53,1,1,1,21,0,0
5,50394,2,2,1,23,9,15,10,12,1,1,0,5,1,12,471,12471,30,1995,1FTCR14X8SPA,1,F,T,C,R,1,4,X,8,S,P,A,0,T,FORD,RNS,PC,95,17,,1,0,1250,RNG,G,,,6,245,,,,B,00000,00,M,42,0,0,000000000,00000000000,0,0,0,1,0,0,0,0,0,0,0,998,0,0,0,12,12,6,2,12,0,0,0,1,5,71670,6,1,0,0,3,3,74,192,0,0,0,0,0,0,0,0,0,0,26,0,0,0,1,2,55,1,1,2,1,0,0,1,50,9,1,1,20,1,0
5,50395,1,1,1,25,9,14,22,53,0,1,0,5,3,2,404,2404,14,2004,1J4GX48S64C2,1,J,4,G,X,4,8,S,6,4,C,2,0,T,JEEP,LCF,4W,4,17,,1,0,1059,GCK,G,,,6,244,,,,,3683,02,E,42,0,0,000000000,00000000000,0,0,0,1,0,0,0,0,0,0,0,83,0,0,0,1,12,6,2,42,0,0,0,1,5,72450,6,2,0,0,3,2,72,190,0,0,0,0,0,0,0,0,0,1,74,0,0,0,1,2,30,1,1,2,2,0,0,1,13,1,1,4,1,1,0
5,50396,1,1,1,25,9,16,22,25,0,1,0,5,3,20,37,20037,4,1997,1G1ND52T0V61,1,G,1,N,D,5,2,T,0,V,6,1,0,P,CHEV,MAL,4D,97,17,2976,,0,1070,,G,,F,4,146,,,15R215,,,,,,0,0,000000000,00000000000,0,0,0,1,0,0,0,0,0,0,0,998,0,1,1,12,12,6,2,1,0,0,0,1,5,72209,6,1,0,0,3,3,69,235,0,0,0,0,0,0,0,0,0,1,36,0,0,0,3,3,65,1,1,2,1,0,0,1,6,99,1,4,1,1,0
5,50397,1,2,3,28,9,14,15,12,6,1,0,5,2,22,32,22032,6,2005,5Y2SL63865Z4,5,Y,2,S,L,6,3,8,6,5,Z,4,0,P,PONT,VIB,4H,5,17,2700,,0,1024,,G,,F,4,110,,,16R205,,,,,,0,0,000000000,00000000000,0,0,0,1,0,0,0,0,0,0,0,998,0,0,0,3,9,6,2,12,0,0,0,1,5,71635,6,2,0,0,3,2,63,135,0,0,0,0,0,0,0,0,0,0,38,73,0,0,1,2,45,1,1,2,1,20,3,11,15,1,1,2,82,1,0
5,50397,2,2,1,28,9,14,15,12,6,1,0,5,3,87,881,87881,66,1998,1XP5DB9X8WN4,1,X,P,5,D,B,9,X,8,W,N,4,1,T,PTRB,379,TR,98,17,,8,0,0,CON,D,,,6,893,,,,,00000,00,,64,1,57,230400,57230400,3,6,2,1,0,0,0,0,0,0,0,998,0,0,0,12,12,4,1,12,0,0,0,1,5,71701,6,1,6,1,3,0,70,220,0,0,0,2,1,1,2010,7,2011,0,0,0,0,0,1,2,45,1,1,2,1,0,0,1,67,3,1,1,83,0,0
5,50398,1,2,1,29,9,9,55,1,0,1,0,5,1,48,34,48034,6,2004,4S3BH6253473,4,S,3,B,H,6,2,5,3,4,7,3,0,P,SUBA,LSE,SW,4,17,3395,,0,1043,,G,,F,4,153,,,16R205,,,,,,0,0,000000000,00000000000,0,0,0,1,0,0,0,0,0,0,0,0,0,0,0,11,11,4,1,12,0,0,0,1,5,72207,6,1,0,0,3,0,65,130,1,0,0,0,0,5,2011,5,2011,0,38,0,0,0,1,2,35,1,1,2,1,0,0,5,10,2,1,2,98,0,0
5,50398,2,2,1,29,9,9,55,1,0,1,0,5,1,53,705,53705,80,2009,VTTGM51A0921,V,T,T,G,M,5,1,A,0,9,2,1,0,M,SUZI,G50,RC,9,17,,,,,,,487,,2,,4,397,,,,,,,0,0,000000000,00000000000,0,0,0,1,0,0,0,0,0,0,0,998,0,0,0,0,12,6,2,12,0,0,0,1,5,72207,6,1,0,0,3,3,71,190,0,0,0,0,0,0,0,0,0,0,99,99,99,99,1,2,35,1,1,2,1,0,0,2,62,3,1,1,98,1,0
5,50399,1,2,2,30,9,20,35,12,1,1,0,5,1,2,404,2404,14,1996,1J4FT68S0TL1,1,J,4,F,T,6,8,S,0,T,L,1,0,T,JEEP,SPC,4W,96,17,,1,0,1014,CHK,G,,,6,242,,,,,2848,00,M,42,0,0,000000000,00000000000,0,0,0,1,0,0,0,0,0,0,0,998,0,0,0,12,12,6,2,12,0,0,0,1,48,75150,6,1,6,0,3,0,67,170,0,0,0,0,0,0,0,0,0,0,26,0,0,0,1,2,55,1,2,2,1,0,0,1,51,3,2,1,24,1,0
5,50399,2,2,1,30,9,20,35,12,1,1,0,5,3,86,881,86881,66,2003,1M1AA18Y83W1,1,M,1,A,A,1,8,Y,8,3,W,1,1,T,MACK,CH6,TR,3,17,,8,0,0,600,D,,,6,728,,,,,00000,00,,64,1,77,777777777,77777777777,3,6,1,1,0,0,0,0,0,0,0,998,0,0,0,6,6,4,1,12,0,0,0,1,5,71835,6,1,6,1,3,3,65,165,0,0,0,0,1,8,2011,8,2011,0,0,0,0,0,1,2,55,1,2,2,1,0,0,1,53,1,1,1,25,0,0
5,50400,1,1,2,1,10,22,51,35,0,1,0,92,0,73,739,73739,90,2008,JKARFDD1X8B5,J,K,A,R,F,D,D,1,X,8,B,5,0,M,KAWK,K7D,AT,8,17,,,,,,,749,,2,,4,1276,,,,,,,0,0,000000000,00000000000,0,0,0,1,0,0,0,0,0,0,0,998,0,1,5,11,11,4,3,1,0,0,0,1,5,71913,1,1,0,0,2,0,72,200,0,2,0,0,0,5,2010,5,2010,9,99,99,99,99,2,2,35,1,1,2,1,0,0,1,13,99,1,4,1,1,1
5,50401,1,1,1,2,10,16,13,35,0,1,0,5,1,53,706,53706,80,2003,JS1GW71A2321,J,S,1,G,W,7,1,A,2,3,2,1,0,M,SUZI,GXR,RC,3,17,,,,,,,1298,,4,,4,478,,,,,,,0,0,000000000,00000000000,0,0,0,1,0,0,0,0,0,0,0,998,0,0,0,12,12,6,2,35,0,0,0,1,5,71801,6,1,6,0,3,0,70,185,0,0,0,0,1,10,2010,10,2010,0,36,0,0,0,1,2,55,3,1,2,1,0,0,14,13,99,1,4,1,1,0