STATE,ST_CASE,VEH_NO,VE_FORMS,NUMOCCS,DAY,MONTH,HOUR,MINUTE,HARM_EV,MAN_COLL,UNITTYPE,HIT_RUN,REG_STAT,OWNER,MAKE,MODEL,MAK_MOD,BODY_TYP,MOD_YEAR,VIN,VIN_1,VIN_2,VIN_3,VIN_4,VIN_5,VIN_6,VIN_7,VIN_8,VIN_9,VIN_10,VIN_11,VIN_12,TOW_VEH,VINTYPE,VINMAKE,VINA_MOD,VIN_BT,VINMODYR,VIN_LNGT,VIN_WGT,WGTCD_TR,WHLBS_LG,WHLBS_SH,SER_TR,FUELCODE,MCYCL_DS,CARBUR,CYLINDER,DISPLACE,MCYCL_CY,MCYCL_WT,TIRE_SZE,TON_RAT,TRK_WT,TRKWTVAR,VIN_REST,WHLDRWHL,J_KNIFE,MCARR_I1,MCARR_I2,MCARR_ID,GVWR,V_CONFIG,CARGO_BT,HAZ_INV,HAZ_PLAC,HAZ_ID,HAZ_CNO,HAZ_REL,BUS_USE,SPEC_USE,EMER_USE,TRAV_SP,UNDERIDE,ROLLOVER,ROLINLOC,IMPACT1,IMPACT2,DEFORMED,TOWED,M_HARM,VEH_SC1,VEH_SC2,FIRE_EXP,DR_PRES,L_STATE,DR_ZIP,L_STATUS,L_TYPE,CDL_STAT,L_ENDORS,L_COMPL,L_RESTRI,DR_HGT,DR_WGT,PREV_ACC,PREV_SUS,PREV_DWI,PREV_SPD,PREV_OTH,FIRST_MO,FIRST_YR,LAST_MO,LAST_YR,SPEEDREL,DR_SF1,DR_SF2,DR_SF3,DR_SF4,VTRAFWAY,VNUM_LAN,VSPD_LIM,VALIGN,VPROFILE,VPAVETYP,VSURCOND,VTRAFCON,VTCONT_F,P_CRASH1,P_CRASH2,P_CRASH3,PCRASH4,PCRASH5,ACC_TYPE,DEATHS,DR_DRINK
5,50402,1,1,1,3,10,6,27,1,0,1,0,5,1,12,471,12471,30,1988,1FTBR10A6JUD,1,F,T,B,R,1,0,A,6,J,U,D,0,T,FORD,RNG,PK,88,17,,1,1140,1080,RNG,G,,,4,140,,,,B,2688,00,A,42,0,0,000000000,00000000000,0,0,0,1,0,0,0,0,0,0,0,998,0,2,5,0,0,6,2,1,0,0,0,1,5,71837,6,1,0,0,3,0,73,165,1,0,0,0,1,5,2010,5,2010,9,36,58,0,0,1,2,55,1,1,2,1,0,0,1,13,6,1,4,1,1,0
5,50403,1,1,2,3,10,20,50,23,0,1,0,5,1,20,481,20481,31,1999,2GCEK19T7X11,2,G,C,E,K,1,9,T,7,X,1,1,0,T,CHEV,SK1,3C,99,17,,2,1575,1435,SIL,G,,,8,325,,,,B,4621,00,,44,0,0,000000000,00000000000,0,0,0,1,0,0,0,0,0,0,0,33,0,1,5,1,1,6,2,1,0,0,0,1,5,72020,6,1,0,0,3,0,64,200,0,0,0,0,0,0,0,0,0,0,36,0,0,0,1,2,45,1,2,4,1,0,0,1,8,6,1,4,1,1,1
5,50404,1,1,1,4,10,19,40,8,0,1,0,5,2,21,2,21002,4,1983,000000000000,0,0,0,0,0,0,0,0,0,0,0,0,0,,,,,,,,,,,,,,,,,,,,,,,,,0,0,000000000,00000000000,0,0,0,1,0,0,0,0,0,0,0,998,0,0,0,12,12,6,2,8,0,0,0,1,5,72202,6,1,0,0,3,3,72,188,0,0,0,0,0,0,0,0,0,0,0,0,0,0,1,4,35,1,1,2,1,0,0,1,80,3,1,1,13,0,0
5,50405,1,1,1,4,10,16,10,42,0,1,0,5,2,12,16,12016,4,2005,2FAFP74W75X1,2,F,A,F,P,7,4,W,7,5,X,1,0,P,FORD,CVL,4D,5,17,4057,,0,1147,,G,,F,8,281,,,16R225,,,,,,0,0,000000000,00000000000,0,0,0,1,0,0,0,0,0,0,0,998,0,0,0,1,1,6,2,42,0,0,0,1,26,48182,9,9,99,0,9,9,999,999,99,99,99,99,99,99,9999,99,9999,9,99,99,99,99,1,2,55,1,1,2,1,0,0,1,12,99,1,4,6,1,1
5,50406,1,1,1,3,10,23,29,32,0,1,0,5,1,22,16,22016,2,1999,1G2JB1245X75,1,G,2,J,B,1,2,4,5,X,7,5,0,P,PONT,SFS,CP,99,17,2630,,0,1041,,G,,F,4,133,,,14R195,,,,,,0,0,000000000,00000000000,0,0,0,1,0,0,0,0,0,0,0,998,0,1,6,12,12,6,2,1,0,0,0,1,5,72560,6,1,0,0,3,3,68,191,0,4,1,0,0,5,2010,7,2010,9,0,0,0,0,1,2,55,1,1,2,1,0,0,1,12,99,1,4,6,1,1
5,50407,1,2,1,5,10,6,15,12,2,1,0,29,2,49,32,49032,4,1999,1NXBR12E9XZ2,1,N,X,B,R,1,2,E,9,X,Z,2,0,P,TOYT,UVL,4D,99,17,2414,,0,970,,G,,F,4,109,,,14R175,,,,,,0,0,000000000,00000000000,0,0,0,1,0,0,0,0,0,0,0,998,0,0,0,12,12,6,2,12,0,0,0,1,29,65738,6,1,0,0,3,3,70,165,0,0,0,0,0,0,0,0,0,0,28,0,0,0,1,2,55,1,1,2,1,0,0,1,9,3,1,2,50,0,0
5,50407,2,2,3,5,10,6,15,12,2,1,0,5,2,12,471,12471,30,1990,1FTCR10A7LUC,1,F,T,C,R,1,0,A,7,L,U,C,0,T,FORD,RNG,PK,90,17,,1,1140,1080,RNG,G,,,4,140,,,,B,2674,01,A,42,0,0,000000000,00000000000,0,0,0,1,0,0,0,0,0,0,0,998,0,0,0,12,12,6,2,12,0,0,0,1,5,71646,6,1,0,0,3,0,65,155,0,0,0,0,1,7,2010,7,2010,0,0,0,0,0,1,2,55,1,1,2,1,0,0,1,62,99,1,1,51,1,0
5,50408,1,4,1,5,10,8,46,12,1,1,0,5,2,35,47,35047,4,2006,1N4AL11D66N4,1,N,4,A,L,1,1,D,6,6,N,4,0,P,NISS,ASL,4D,6,17,2915,,0,1102,,G,,F,4,153,,,16R215,,,,,,0,0,000000000,00000000000,0,0,0,1,0,0,0,0,0,0,0,998,0,0,0,12,12,6,2,12,0,0,0,1,5,72207,6,1,0,0,3,0,64,130,0,0,0,0,0,0,0,0,0,9,36,0,0,0,1,4,40,1,1,2,1,0,0,2,51,99,1,2,24,0,0
5,50408,2,4,1,5,10,8,46,12,1,1,0,5,1,41,35,41035,4,1994,JM1BG2243R07,J,M,1,B,G,2,2,4,3,R,0,7,0,P,MAZD,PDX,4D,94,17,2425,,0,984,,G,,F,4,112,,,13R175,,,,,,0,0,000000000,00000000000,0,0,0,1,0,0,0,0,0,0,0,998,0,0,0,6,12,6,2,12,0,0,0,1,5,72207,6,1,0,0,3,0,69,136,0,0,0,0,0,0,0,0,0,0,99,99,99,99,1,4,40,1,1,2,1,0,0,99,53,99,1,1,25,1,0
5,50408,3,4,1,5,10,8,46,12,1,1,0,5,2,12,471,12471,30,2004,1FTNF20L74EC,1,F,T,N,F,2,0,L,7,4,E,C,1,T,FORD,F2S,PK,4,17,,2,0,1370,SRW,G,,,8,330,,,,C,5316,00,U,42,1,0,000000000,00000000000,0,0,0,1,0,0,0,0,0,0,0,998,0,0,0,12,11,6,2,12,0,0,0,1,5,71956,6,1,0,0,3,3,73,160,0,0,0,0,0,0,0,0,0,0,99,99,99,99,1,4,40,1,1,2,1,0,0,1,62,99,1,1,98,0,0
5,50408,4,4,1,5,10,8,46,12,1,1,0,5,2,42,47,42047,2,2002,WDBLK70G32T1,W,D,B,L,K,7,0,G,3,2,T,1,0,P,MERZ,CK4,CV,2,17,3650,,0,1059,,G,,F,8,260,,,17R225,,,,,,0,0,000000000,00000000000,0,0,0,1,0,0,0,0,0,0,0,0,0,0,0,9,9,4,1,12,0,0,0,1,5,72207,6,1,0,0,3,0,61,140,0,0,0,0,0,0,0,0,0,0,0,0,0,0,1,4,40,1,1,2,1,0,0,5,62,99,1,1,98,0,0
5,50409,1,2,2,6,10,21,46,12,2,1,0,49,1,35,47,35047,4,2010,1N4AL2AP3AN4,1,N,4,A,L,2,A,P,3,A,N,4,0,P,NISS,ATS,4D,10,17,3063,,0,1093,,G,,F,4,153,,,16R215,,,,,,0,0,000000000,00000000000,0,0,0,1,0,0,0,0,0,0,0,998,0,0,0,12,12,6,2,12,0,0,0,1,5,72023,6,1,0,0,3,3,68,170,0,0,0,1,0,10,2011,10,2011,0,0,0,0,0,1,2,45,1,2,2,1,0,0,1,62,99,1,1,51,1,0
5,50409,2,2,1,6,10,21,46,12,2,1,0,5,1,49,32,49032,4,2007,1NXBR30E47Z7,1,N,X,B,R,3,0,E,4,7,Z,7,0,P,TOYT,UCS,4D,7,17,2530,,0,1024,,G,,F,4,109,,,15R185,,,,,,0,0,000000000,00000000000,0,0,0,1,0,0,0,0,0,0,0,998,0,0,0,12,12,6,2,12,0,0,0,1,5,72560,6,1,0,0,3,3,66,175,0,0,0,0,0,0,0,0,0,9,36,28,0,0,1,2,45,1,2,2,1,0,0,1,10,99,1,2,50,0,0
5,50410,1,2,1,7,10,20,45,12,6,1,0,5,1,72,706,72706,80,2000,1HD1BSY28YY0,1,H,D,1,B,S,Y,2,8,Y,Y,0,0,M,HD,XTD,RS,0,17,,,,,,,1450,,2,,4,644,,,,,,,0,0,000000000,00000000000,0,0,0,1,0,0,0,0,0,0,0,998,0,0,0,12,98,6,2,12,0,0,0,1,5,72105,6,1,0,0,3,0,69,200,0,0,0,1,0,8,2011,8,2011,0,99,99,99,99,1,4,40,1,1,2,1,3,3,1,17,99,1,1,69,1,1
5,50410,2,2,4,7,10,20,45,12,6,1,0,5,2,20,403,20403,14,2006,1GNDT13S2623,1,G,N,D,T,1,3,S,2,6,2,3,0,P,CHEV,TRL,UT,6,17,4594,,0,1130,,G,,F,6,256,,,16R235,,,,,,0,0,000000000,00000000000,0,0,0,1,0,0,0,0,0,0,0,998,0,0,0,1,98,6,2,12,0,0,0,1,5,72209,1,1,0,0,2,2,72,165,0,12,0,3,0,8,2010,9,2011,0,74,0,0,0,1,4,40,1,1,2,1,3,3,11,66,99,1,2,68,0,1
5,50411,1,1,1,8,10,0,0,35,0,1,0,5,2,20,20,20020,4,1997,2G1WL52M8V11,2,G,1,W,L,5,2,M,8,V,1,1,0,P,CHEV,L/S,4D,97,17,3360,,0,1075,,G,,F,6,191,,,15R205,,,,,,0,0,000000000,00000000000,0,0,0,1,0,0,0,0,0,0,0,998,0,0,0,3,98,6,2,35,0,0,0,1,5,72073,1,1,0,0,2,0,69,169,1,13,1,0,0,8,2010,9,2011,0,36,0,0,0,1,4,30,2,1,2,1,0,0,14,12,99,1,4,6,1,1
5,50412,1,1,2,8,10,2,25,1,0,1,0,5,2,12,471,12471,30,1996,1FTCR10A1TUB,1,F,T,C,R,1,0,A,1,T,U,B,0,T,FORD,RNG,PK,96,17,,1,1140,1080,RNG,G,,,4,140,,,,B,2961,00,B,42,0,0,000000000,00000000000,0,0,0,1,0,0,0,0,0,0,0,998,0,2,5,0,98,6,2,1,0,0,0,1,5,72127,1,1,0,0,2,0,67,150,0,5,1,0,1,5,2010,10,2011,1,36,0,0,0,1,2,25,2,1,5,11,0,0,14,6,3,2,4,7,1,1
5,50413,1,1,2,8,10,12,50,58,0,1,0,5,1,72,706,72706,80,2005,1HD1FFW185Y6,1,H,D,1,F,F,W,1,8,5,Y,6,0,M,HD,TCI,RS,5,17,,,,,,,1450,,2,,4,776,,,,,,,0,0,000000000,00000000000,0,0,0,1,0,0,0,0,0,0,0,998,0,0,0,1,98,6,2,58,0,0,0,1,5,72401,6,1,6,0,3,3,74,246,0,0,0,1,1,3,2010,3,2010,0,99,99,99,99,1,2,30,2,1,2,1,0,0,14,12,3,2,4,7,1,0
5,50414,1,1,3,8,10,22,50,32,0,1,0,5,1,98,739,98739,90,2009,4XAHH68A4947,4,X,A,H,H,6,8,A,4,9,4,7,0,M,POLS,RX7,AT,9,17,,,,,,,683,,2,,4,1237,,,,,,,0,0,000000000,00000000000,0,0,0,1,0,0,0,0,0,0,0,998,0,1,5,3,98,9,9,1,0,0,0,1,5,71854,6,1,6,0,3,0,72,200,0,0,0,0,0,0,0,0,0,0,92,0,0,0,1,2,50,1,1,2,1,0,0,1,13,99,1,4,1,1,1
5,50415,1,2,1,9,10,15,23,12,2,1,0,5,2,21,17,21017,4,1991,1G3WH54T7MD3,1,G,3,W,H,5,4,T,7,M,D,3,0,P,OLDS,CSF,4D,91,17,3004,,0,1075,,G,,F,6,191,,,14R195,,,,,,0,0,000000000,00000000000,0,0,0,1,0,0,0,0,0,0,0,998,0,0,0,12,98,6,2,12,0,0,0,1,5,72401,6,1,0,0,3,0,76,240,0,0,0,0,0,0,0,0,0,0,28,0,0,0,1,2,40,2,1,2,1,0,0,14,10,99,1,2,50,1,0
5,50415,2,2,2,9,10,15,23,12,2,1,0,5,2,49,402,49402,14,2010,JTMBF4DV4A50,J,T,M,B,F,4,D,V,4,A,5,0,0,P,TOYT,RG4,UT,10,17,3444,,0,1047,,G,,F,4,153,,,16R215,,,,,,0,0,000000000,00000000000,0,0,0,1,0,0,0,0,0,0,0,998,0,0,0,12,98,6,2,12,0,0,0,1,5,72404,6,1,0,0,3,0,68,180,0,0,0,0,0,0,0,0,0,0,0,0,0,0,1,2,40,3,1,2,1,0,0,14,62,6,1,1,51,0,0
5,50416,1,3,4,10,10,12,20,12,2,1,0,40,2,6,441,6441,20,2008,2A8HR44H38R7,2,A,8,H,R,4,4,H,3,8,R,7,0,T,CHRY,TLX,ES,8,17,,2,0,1212,TWC,F,,,6,201,,,,,4335,00,,42,0,0,000000000,00000000000,0,0,0,1,0,0,0,0,0,0,0,998,0,0,0,12,98,6,2,12,0,0,0,1,40,74955,6,1,0,0,3,0,71,195,0,0,0,0,0,0,0,0,0,0,36,0,0,0,2,4,70,1,1,2,1,0,0,1,12,99,1,6,50,1,0
5,50416,2,3,1,10,10,12,20,12,2,1,0,5,1,49,40,49040,2,1999,2T1CG22P2XC2,2,T,1,C,G,2,2,P,2,X,C,2,0,P,TOYT,CRE,CP,99,17,3120,,0,1051,,G,,F,4,132,,,15R205,,,,,,0,0,000000000,00000000000,0,0,0,1,0,0,0,0,0,0,0,998,0,0,0,12,98,6,2,12,0,0,0,1,5,72032,6,1,0,0,3,3,70,160,0,0,0,0,0,0,0,0,0,0,0,0,0,0,2,4,70,1,1,2,1,0,0,1,62,3,2,1,51,0,0
5,50416,3,3,2,10,10,12,20,12,2,1,0,5,1,7,25,7025,5,2008,1B3HB28B48D5,1,B,3,H,B,2,8,B,4,8,D,5,0,P,DODG,CLB,4D,8,17,2966,,0,1037,,G,,F,4,122,,,15R205,,,,,,0,0,000000000,00000000000,0,0,0,1,0,0,0,0,0,0,0,998,0,0,0,12,98,6,2,12,0,0,0,1,5,72173,6,1,0,0,3,0,63,165,0,0,0,0,0,0,0,0,0,0,0,0,0,0,2,4,70,1,1,2,1,0,0,1,51,99,1,1,98,0,0
5,50417,1,1,1,10,10,19,30,1,0,1,0,5,1,37,705,37705,80,2002,JH2PC35092M3,J,H,2,P,C,3,5,0,9,2,M,3,0,M,HOND,CF4,RC,2,17,,,,,,,599,,4,,4,370,,,,,,,0,0,000000000,00000000000,0,0,0,1,0,0,0,0,0,0,0,998,0,0,0,0,98,6,2,1,0,0,0,1,5,72761,6,1,0,0,3,0,65,170,0,0,0,0,0,0,0,0,0,0,36,0,0,0,2,4,65,2,1,2,1,0,0,14,12,99,1,4,1,1,0
5,50418,1,1,1,11,10,6,45,11,0,1,0,22,2,72,706,72706,80,2005,1HD1FVW1X5Y6,1,H,D,1,F,V,W,1,X,5,Y,6,0,M,HD,IUA,RS,5,17,,,,,,,1450,,2,,4,758,,,,,,,0,0,000000000,00000000000,0,0,0,1,0,0,0,0,0,0,0,998,0,0,0,12,98,6,2,11,0,0,0,1,22,71112,6,1,0,0,3,0,65,205,0,0,0,0,0,0,0,0,0,0,99,99,99,99,1,2,55,1,1,2,1,0,0,1,87,99,1,1,13,1,0
5,50419,1,2,1,11,10,15,0,12,6,1,0,5,2,12,471,12471,30,2003,1FTYR10U83PA,1,F,T,Y,R,1,0,U,8,3,P,A,0,T,FORD,RNG,PK,3,17,,1,1175,1116,RNG,G,,,6,182,,,,B,3085,03,U,42,0,0,000000000,00000000000,0,0,0,1,0,0,0,0,0,0,0,998,0,0,0,1,98,6,2,12,0,0,0,1,5,72150,6,1,0,0,3,0,71,145,0,0,0,1,1,6,2010,7,2010,0,48,0,0,0,1,2,45,2,1,2,1,0,0,11,15,99,1,2,68,0,0
5,50419,2,2,1,11,10,15,0,12,6,1,0,5,1,37,706,37706,80,2007,1HFSC46B97A5,1,H,F,S,C,4,6,B,9,7,A,5,0,M,HOND,VCF,RS,7,17,,,,,,,1795,,2,,4,743,,,,,,,0,0,000000000,00000000000,0,0,0,1,0,0,0,0,0,0,0,998,0,0,0,12,98,6,2,12,0,0,0,1,5,72150,6,1,0,0,3,3,68,223,0,0,0,0,0,0,0,0,0,0,99,99,99,99,1,2,45,3,2,2,1,0,0,14,54,3,2,1,69,1,0
5,50420,1,1,1,13,10,18,55,31,0,1,0,5,2,53,705,53705,80,1999,JS1GN78A7X21,J,S,1,G,N,7,8,A,7,X,2,1,0,M,SUZI,G60,RC,99,17,,,,,,,600,,4,,4,383,,,,,,,0,0,000000000,00000000000,0,0,0,1,0,0,0,0,0,0,0,998,0,0,0,12,98,6,2,31,0,0,0,1,5,71913,1,1,8,0,2,3,73,280,0,0,0,0,2,12,2010,8,2011,1,36,0,0,0,1,2,45,3,1,2,1,0,0,14,6,99,9,4,1,1,1
5,50421,1,1,1,14,10,11,8,32,0,1,0,5,2,6,43,6043,1,2008,1C3LC55R88N2,1,C,3,L,C,5,5,R,8,8,N,2,0,P,CHRY,STO,CV,8,17,3376,,0,1089,,G,,F,6,165,,,17R215,,,,,,0,0,000000000,00000000000,0,0,0,1,0,0,0,0,0,0,0,998,0,0,0,12,12,6,2,32,0,0,1,1,5,71655,6,1,0,0,3,0,67,172,0,0,0,0,0,0,0,0,0,1,36,0,0,0,1,5,55,1,1,2,1,0,0,1,6,2,1,4,1,1,1
5,50422,1,1,1,14,10,13,31,21,0,1,0,5,1,20,481,20481,31,1992,1GCDC14K1NZ1,1,G,C,D,C,1,4,K,1,N,Z,1,0,T,CHEV,GC1,PK,92,17,,1,1315,1175,GM4,G,,,8,350,,,,B,3718,04,,42,0,0,000000000,00000000000,0,0,0,1,0,0,0,0,0,0,0,998,0,0,0,12,12,6,2,21,0,0,0,1,5,72764,1,1,0,0,2,0,72,200,0,0,0,0,0,0,0,0,0,0,36,0,0,0,2,2,70,1,1,2,1,0,0,1,13,3,1,4,1,1,0
5,50423,1,1,1,15,10,9,33,1,0,1,0,29,3,86,881,86881,66,1990,1M2AA06Y8LW0,1,M,2,A,A,0,6,Y,8,L,W,0,1,T,MACK,CH6,TR,90,17,,8,0,0,600,D,,,6,672,,,,,00000,00,,64,1,57,1265319,571265319,3,6,8,1,0,0,0,0,0,0,0,998,0,1,5,0,0,6,2,1,0,0,0,1,29,63849,6,1,0,0,3,0,72,257,0,0,0,2,0,12,2009,4,2010,9,36,0,0,0,1,2,55,3,2,2,1,0,0,17,13,99,1,4,1,1,0
5,50424,1,1,1,15,10,5,58,42,0,1,0,5,1,41,47,41047,4,2000,JM1TA2222Y16,J,M,1,T,A,2,2,2,2,Y,1,6,0,P,MAZD,MSE,4D,0,17,3355,,0,1083,,G,,Z,6,138,,,17R215,,,,,,0,0,000000000,00000000000,0,0,0,1,0,0,0,0,0,0,0,998,0,1,3,12,12,6,2,1,0,0,0,1,5,72653,6,1,0,0,3,0,64,120,0,0,0,0,0,0,0,0,0,9,36,0,0,0,2,2,65,3,1,1,1,0,0,14,12,99,1,4,6,1,1
5,50425,1,1,3,15,10,22,12,8,0,1,0,48,1,20,401,20401,14,2002,1GNET16S7261,1,G,N,E,T,1,6,S,7,2,6,1,0,P,CHEV,TRL,UT,2,17,5020,,0,1290,,G,,F,6,256,,,17R245,,,,,,0,0,000000000,00000000000,0,0,0,1,0,0,0,0,0,0,0,998,0,0,0,12,12,6,2,8,0,0,0,1,48,76001,6,1,0,0,3,0,69,194,0,3,0,1,0,2,2011,9,2011,0,0,0,0,0,1,2,55,1,1,2,1,0,0,6,80,1,1,1,13,0,1
5,50426,1,1,2,15,10,23,28,42,0,1,0,29,2,52,47,52047,6,2004,JA4LX31F44U0,J,A,4,L,X,3,1,F,4,4,U,0,0,P,MITS,OUT,UT,4,17,3240,,0,1033,,G,,F,4,146,,,16R225,,,,,,0,0,000000000,00000000000,0,0,0,1,0,0,0,0,0,0,0,998,0,0,0,12,12,6,2,42,0,0,0,1,5,71913,1,1,0,0,2,0,69,170,0,2,0,0,0,1,2011,1,2011,1,36,0,0,0,1,1,45,1,2,5,11,0,0,1,6,99,1,4,6,1,1
5,50427,1,2,4,16,10,12,22,12,6,1,0,20,3,7,26,7026,4,2011,1B3BD4FB2BN5,1,B,3,B,D,4,F,B,2,B,N,5,0,P,DODG,AEX,4D,11,17,3394,,0,1089,,G,,F,4,146,,,17R225,,,,,,0,0,000000000,00000000000,0,0,0,1,0,0,0,0,0,0,0,998,0,0,0,5,5,6,2,12,0,0,0,1,53,98203,6,1,0,0,3,0,68,125,0,0,0,0,0,0,0,0,0,0,38,0,0,0,1,2,55,1,2,2,1,0,0,11,16,1,1,1,82,0,0
5,50427,2,2,1,16,10,12,22,12,6,1,0,5,2,72,706,72706,80,2007,1HD1GP41X7K3,1,H,D,1,G,P,4,1,X,7,K,3,0,M,HD,FWG,RS,7,17,,,,,,,1584,,2,,4,650,,,,,,,0,0,000000000,00000000000,0,0,0,1,0,0,0,0,0,0,0,998,0,0,0,12,12,6,2,12,0,0,0,1,5,72840,6,1,0,0,3,3,70,200,0,0,0,0,1,9,2009,9,2009,0,0,0,0,0,1,2,55,1,2,2,1,0,0,1,67,3,1,1,83,1,0
5,50428,1,1,1,16,10,15,40,35,0,1,0,5,1,72,706,72706,80,2003,1HD1FBW193Y7,1,H,D,1,F,B,W,1,9,3,Y,7,0,M,HD,LRI,RS,3,17,,,,,,,1450,,2,,4,723,,,,,,,0,0,000000000,00000000000,0,0,0,1,0,0,0,0,0,0,0,998,0,0,0,12,12,6,8,35,0,0,0,1,5,72401,6,1,0,0,3,0,70,165,0,0,0,1,0,8,2010,8,2010,1,36,0,0,0,1,2,55,2,6,2,1,0,0,14,6,1,1,4,1,1,0
5,50429,1,1,2,17,10,1,28,38,0,1,0,5,2,49,50,49050,3,2006,JTKDE1773600,J,T,K,D,E,1,7,7,3,6,0,0,0,P,TOYT,SXC,2H,6,17,2905,,0,1063,,G,,F,4,144,,,17R215,,,,,,0,0,000000000,00000000000,0,0,0,1,0,0,0,0,0,0,0,998,0,1,5,12,12,6,2,30,0,0,0,1,5,72638,1,1,0,0,2,0,65,160,0,5,1,0,2,1,2010,6,2011,0,0,0,0,0,1,2,55,1,1,2,1,0,0,1,8,6,1,4,6,1,1
5,50430,1,1,1,17,10,22,17,21,0,1,0,5,1,9,38,9038,4,2000,1P3EJ46X5YN1,1,P,3,E,J,4,6,X,5,Y,N,1,0,P,PLYM,BRE,4D,0,17,2942,,0,1080,,G,,F,4,148,,,14R195,,,,,,0,0,000000000,00000000000,0,0,0,1,0,0,0,0,0,0,0,998,0,0,0,9,9,6,2,21,0,0,0,1,5,72469,1,1,0,0,2,0,66,185,0,5,1,0,1,12,2010,2,2011,1,36,0,0,0,1,2,55,2,2,2,1,40,3,14,6,99,1,4,6,1,1
5,50431,1,1,1,18,10,18,20,42,0,1,0,5,3,84,884,84884,66,2011,3HSDJSJR4BN3,3,H,S,D,J,S,J,R,4,B,N,3,1,T,INTL,PRO,TR,11,17,,8,0,0,PRO,D,,,6,793,,,,,00000,00,,64,1,57,459762,57459762,3,6,1,1,0,0,0,0,0,0,0,998,0,0,0,12,98,6,2,2,0,0,1,1,5,72021,6,1,6,1,3,3,73,220,0,0,0,0,0,0,0,0,0,0,99,99,99,99,2,2,70,1,1,2,1,0,0,1,13,99,1,4,1,1,0
5,50432,1,1,2,19,10,21,48,1,0,1,0,5,1,20,471,20471,30,1998,1GCCT19W8W82,1,G,C,C,T,1,9,W,8,W,8,2,0,T,CHEV,S14,PC,98,17,,1,0,1229,S,G,,,6,262,,,,B,00000,00,,44,0,0,000000000,00000000000,0,0,0,1,0,0,0,0,0,0,0,998,0,2,5,0,98,6,2,1,0,0,0,1,5,72024,6,1,0,0,3,0,71,165,0,0,0,0,0,0,0,0,0,0,36,0,0,0,1,2,45,1,1,2,1,0,0,1,13,7,4,4,2,1,1
5,50433,1,3,2,20,10,12,48,12,2,1,0,5,3,84,881,84881,62,2008,4KAMUAAM98A5,4,K,A,M,U,A,A,M,9,8,A,5,0,T,INTL,,,8,17,,,,,,D,,,6,466,,,,,,,,,0,57,252210,57252210,2,1,1,1,0,0,0,0,0,0,0,998,0,0,0,12,98,6,2,12,0,0,0,1,5,72026,6,1,0,0,3,0,77,235,0,0,0,0,0,0,0,0,0,0,0,0,0,0,1,3,55,2,2,2,1,0,0,14,62,6,1,1,51,0,0
5,50433,2,3,1,20,10,12,48,12,2,1,0,18,1,12,3,12003,2,2006,1ZVFT82HX652,1,Z,V,F,T,8,2,H,X,6,5,2,0,P,FORD,MGT,CP,6,17,3483,,0,1071,,G,,F,8,281,,,17R235,,,,,,0,0,000000000,00000000000,0,0,0,1,0,0,0,0,0,0,0,998,0,0,0,12,98,6,2,12,0,0,1,1,18,46234,6,1,0,0,3,0,71,160,0,0,0,0,0,0,0,0,0,0,28,0,0,0,1,3,55,2,2,2,1,0,0,14,10,7,1,2,50,1,0
5,50433,3,3,1,20,10,12,48,12,2,1,1,99,9,99,999,99999,99,9999,999999999999,9,9,9,9,9,9,9,9,9,9,9,9,9,,,,,,,,,,,,,,,,,,,,,,,,,0,99,999999999,99999999999,9,99,99,1,0,0,0,0,99,99,9,998,0,0,0,98,98,9,9,12,99,99,0,1,99,99999,9,9,99,9,9,9,999,999,99,99,99,99,99,99,9999,99,9999,0,99,99,99,99,1,3,55,2,2,2,1,0,0,14,51,99,1,1,98,0,0
5,50434,1,3,5,20,10,16,3,12,6,1,0,5,1,21,2,21002,4,1991,1G3HY54C8M18,1,G,3,H,Y,5,4,C,8,M,1,8,0,P,OLDS,8RB,4D,91,17,3134,,0,1108,,G,,F,6,231,,,14R205,,,,,,0,0,000000000,00000000000,0,0,0,1,0,0,0,0,0,0,0,998,0,0,0,9,98,6,2,12,0,0,0,1,5,72209,6,1,0,0,3,3,66,200,0,0,0,0,0,0,0,0,0,0,99,99,99,99,1,4,35,1,1,2,1,0,0,1,17,99,1,2,89,2,0
5,50434,2,3,6,20,10,16,3,12,6,1,0,5,2,35,47,35047,4,2011,1N4AL2AP7BN4,1,N,4,A,L,2,A,P,7,B,N,4,0,P,NISS,ATS,4D,11,17,3180,,0,1093,,G,,F,4,153,,,16R215,,,,,,0,0,000000000,00000000000,0,0,0,1,0,0,0,0,0,0,0,998,0,0,0,12,98,6,2,12,0,0,0,1,5,72209,6,1,0,0,3,0,61,185,0,0,0,0,0,0,0,0,0,0,99,99,99,99,1,4,35,1,1,2,1,0,0,1,17,99,1,1,88,0,0
5,50434,3,3,2,20,10,16,3,12,6,1,0,5,1,7,422,7422,15,2005,1D4HD38K85F5,1,D,4,H,D,3,8,K,8,5,F,5,0,P,DODG,DUR,UT,5,17,4566,,0,1192,,G,,F,6,225,,,17R265,,,,,,0,0,000000000,00000000000,0,0,0,1,0,0,0,0,0,0,0,998,0,0,0,98,98,6,2,12,0,0,0,1,5,72211,6,1,0,0,3,0,64,140,0,0,0,1,0,7,2010,7,2010,0,99,99,99,99,1,4,35,1,1,2,1,20,3,1,17,99,1,1,98,0,0