STATE,ST_CASE,VEH_NO,VE_FORMS,NUMOCCS,DAY,MONTH,HOUR,MINUTE,HARM_EV,MAN_COLL,UNITTYPE,HIT_RUN,REG_STAT,OWNER,MAKE,MODEL,MAK_MOD,BODY_TYP,MOD_YEAR,VIN,VIN_1,VIN_2,VIN_3,VIN_4,VIN_5,VIN_6,VIN_7,VIN_8,VIN_9,VIN_10,VIN_11,VIN_12,TOW_VEH,VINTYPE,VINMAKE,VINA_MOD,VIN_BT,VINMODYR,VIN_LNGT,VIN_WGT,WGTCD_TR,WHLBS_LG,WHLBS_SH,SER_TR,FUELCODE,MCYCL_DS,CARBUR,CYLINDER,DISPLACE,MCYCL_CY,MCYCL_WT,TIRE_SZE,TON_RAT,TRK_WT,TRKWTVAR,VIN_REST,WHLDRWHL,J_KNIFE,MCARR_I1,MCARR_I2,MCARR_ID,GVWR,V_CONFIG,CARGO_BT,HAZ_INV,HAZ_PLAC,HAZ_ID,HAZ_CNO,HAZ_REL,BUS_USE,SPEC_USE,EMER_USE,TRAV_SP,UNDERIDE,ROLLOVER,ROLINLOC,IMPACT1,IMPACT2,DEFORMED,TOWED,M_HARM,VEH_SC1,VEH_SC2,FIRE_EXP,DR_PRES,L_STATE,DR_ZIP,L_STATUS,L_TYPE,CDL_STAT,L_ENDORS,L_COMPL,L_RESTRI,DR_HGT,DR_WGT,PREV_ACC,PREV_SUS,PREV_DWI,PREV_SPD,PREV_OTH,FIRST_MO,FIRST_YR,LAST_MO,LAST_YR,SPEEDREL,DR_SF1,DR_SF2,DR_SF3,DR_SF4,VTRAFWAY,VNUM_LAN,VSPD_LIM,VALIGN,VPROFILE,VPAVETYP,VSURCOND,VTRAFCON,VTCONT_F,P_CRASH1,P_CRASH2,P_CRASH3,PCRASH4,PCRASH5,ACC_TYPE,DEATHS,DR_DRINK
8,80084,1,2,1,8,4,20,16,12,6,1,0,8,1,37,706,37706,80,2006,JH2SC57036M2,J,H,2,S,C,5,7,0,3,6,M,2,0,M,HOND,CBS,RC,6,17,,,,,,,998,,4,,4,388,,,,,,,0,0,000000000,00000000000,0,0,0,1,0,0,0,0,0,0,0,110,0,0,0,12,12,6,2,12,0,0,0,1,8,80435,0,0,0,0,0,0,999,999,0,0,0,0,1,6,2010,6,2010,1,8,92,0,0,3,3,40,1,1,2,1,0,0,1,62,1,1,1,69,1,1
8,80084,2,2,3,8,4,20,16,12,6,1,0,8,2,37,31,37031,4,1999,2HGEJ6613XH5,2,H,G,E,J,6,6,1,3,X,H,5,0,P,HOND,UCE,4D,99,17,2388,,0,1032,,G,,F,4,097,,,14R185,,,,,,0,0,000000000,00000000000,0,0,0,1,0,0,0,0,0,0,0,15,0,0,0,2,2,6,2,12,0,0,0,1,8,80012,0,0,0,0,0,0,999,999,0,0,0,0,0,0,0,0,0,0,92,0,0,0,3,3,40,1,1,2,1,0,0,11,15,1,1,1,68,0,0
8,80085,1,2,2,26,4,6,35,12,6,1,0,8,2,20,32,20032,4,1990,1Y1SK5469LZ1,1,Y,1,S,K,5,4,6,9,L,Z,1,0,P,GEO,GEP,4D,90,17,2321,,0,957,,G,,F,4,097,,,13R175,,,,,,0,0,000000000,00000000000,0,0,0,1,0,0,0,0,0,0,0,20,0,0,0,3,3,6,2,12,0,0,0,1,8,81007,6,1,0,0,3,0,63,200,0,0,0,0,0,0,0,0,0,0,38,0,0,0,2,2,55,1,1,2,1,1,3,11,15,1,1,1,68,2,0
8,80085,2,2,2,26,4,6,35,12,6,1,0,8,2,2,404,2404,14,1992,1J4FJ88SXNL1,1,J,4,F,J,8,8,S,X,N,L,1,0,T,JEEP,SPT,4W,92,17,,1,0,1014,CHK,G,,,6,242,,,,,00000,00,A,44,0,0,000000000,00000000000,0,0,0,1,0,0,0,0,0,0,0,50,0,0,0,12,12,6,2,12,0,0,0,1,8,81004,1,1,0,0,2,2,70,160,0,5,0,0,0,5,2008,3,2011,0,74,0,0,0,2,2,55,1,1,2,1,1,3,1,62,9,1,1,69,0,0
8,80086,1,2,1,29,4,9,53,12,7,1,0,8,1,23,401,23401,14,1996,1GKDT13W0T25,1,G,K,D,T,1,3,W,0,T,2,5,0,T,GMC,JMY,4W,96,17,,1,0,1070,JMY,G,,,6,262,,,,B,4007,00,M,44,0,0,000000000,00000000000,0,0,0,1,0,0,0,0,0,0,0,45,0,0,0,8,2,6,2,12,0,0,0,1,8,80467,6,1,0,0,3,0,71,165,0,0,0,0,0,0,0,0,0,1,0,0,0,0,1,2,65,3,6,2,10,0,0,14,50,9,4,1,44,1,1
8,80086,2,2,2,29,4,9,53,12,7,1,0,8,3,20,481,20481,31,1985,1GBHK34M2FJ1,1,G,B,H,K,3,4,M,2,F,J,1,0,T,CHEV,K30,CB,85,17,,2,1645,1315,K30,G,,,8,350,,,,D,4320,14,,44,0,0,000000000,00000000000,0,0,0,1,0,0,0,0,0,0,0,0,0,0,0,7,7,6,2,12,0,0,0,1,8,80477,6,1,6,0,3,0,72,175,0,0,0,0,0,0,0,0,0,0,54,0,0,0,1,2,65,3,6,2,10,0,0,6,53,1,1,1,45,0,0
8,80087,1,1,4,30,4,18,15,38,0,1,0,8,2,20,401,20401,14,1997,1GNDT13W3V21,1,G,N,D,T,1,3,W,3,V,2,1,0,P,CHEV,BZR,UT,97,17,4046,,0,1070,,G,,F,6,262,,,15R205,,,,,,0,0,000000000,00000000000,0,0,0,1,0,0,0,0,0,0,0,50,0,1,6,12,0,6,2,1,0,0,0,1,8,80808,0,0,0,0,0,0,67,165,0,0,0,0,0,0,0,0,0,0,92,0,0,0,1,2,50,1,1,5,1,0,0,1,13,6,4,4,7,1,0
8,80088,1,1,1,30,4,22,0,33,0,1,0,8,1,72,706,72706,80,2003,1T9C1BR193F7,1,T,9,C,1,B,R,1,9,3,F,7,0,M,HD,,RS,3,17,,,,,,,,,2,,4,,,,,,,,0,0,000000000,00000000000,0,0,0,1,0,0,0,0,0,0,0,27,0,0,0,14,0,2,3,33,0,0,0,1,8,81504,6,1,0,0,2,3,70,200,0,0,0,0,0,0,0,0,0,0,92,0,0,0,2,1,40,3,1,2,1,0,0,14,13,6,1,4,1,1,1
8,80089,1,1,2,28,4,3,34,38,0,1,0,8,1,37,32,37032,4,1997,1HGCD5569VA0,1,H,G,C,D,5,5,6,9,V,A,0,0,P,HOND,UER,4D,97,17,2919,,0,1069,,G,,F,4,132,,,15R195,,,,,,0,0,000000000,00000000000,0,0,0,1,0,0,0,0,0,0,0,65,0,0,0,1,3,6,2,38,0,0,0,1,8,80433,6,2,0,0,3,0,70,140,0,0,0,0,2,1,2010,6,2010,1,91,0,0,0,1,2,40,3,5,2,1,28,3,14,6,6,4,4,2,1,1
8,80090,1,2,1,24,4,23,6,12,6,1,0,8,1,19,22,19022,4,2006,1G6KD57Y06U1,1,G,6,K,D,5,7,Y,0,6,U,1,0,P,CADI,TDS,4D,6,17,4009,,0,1156,,G,,F,8,281,,,17R225,,,,,,0,0,000000000,00000000000,0,0,0,1,0,0,0,0,0,0,0,998,0,0,0,62,62,6,2,12,0,0,0,1,8,80260,6,1,0,0,3,3,73,350,0,0,0,0,1,12,2010,12,2010,9,39,0,0,0,1,2,40,1,1,2,1,2,3,1,17,99,1,1,89,1,0
8,80090,2,2,1,24,4,23,6,12,6,1,0,8,1,49,472,49472,30,2003,5TBBT44173S4,5,T,B,B,T,4,4,1,7,3,S,4,0,T,TOYT,TT5,4C,3,17,,2,0,1283,TUN,G,,,8,285,,,,B,4320,00,U,44,0,0,000000000,00000000000,0,0,0,1,0,0,0,0,0,0,0,998,0,0,0,12,12,6,2,12,0,0,0,1,8,80211,6,1,0,0,3,0,67,165,0,0,0,0,1,11,2008,11,2008,0,0,0,0,0,2,2,45,1,1,2,1,2,3,1,66,99,1,1,88,0,0
8,80091,1,1,2,15,4,23,4,33,0,1,0,8,1,7,4,7004,2,1997,1B3ER69E3VV3,1,B,3,E,R,6,9,E,3,V,V,3,0,P,DODG,VGT,CP,97,17,3246,,0,966,,G,,F,10,488,,,17R275,,,,,,0,0,000000000,00000000000,0,0,0,1,0,0,0,0,0,0,0,998,0,0,0,14,62,6,2,17,0,0,0,1,8,80817,6,1,0,0,3,0,74,200,0,0,0,0,2,6,2009,12,2009,9,36,0,0,0,3,3,40,2,5,2,1,2,3,15,51,4,3,4,3,1,0
8,80092,1,1,3,2,5,20,45,1,0,1,0,8,2,48,34,48034,6,2001,4S3BH6751166,4,S,3,B,H,6,7,5,1,1,6,6,0,P,SUBA,UWP,SW,1,17,3430,,0,1043,,G,,F,4,153,,,16R225,,,,,,0,0,000000000,00000000000,0,0,0,1,0,0,0,0,0,0,0,65,0,2,5,0,0,6,2,1,0,0,0,1,8,80498,6,2,0,0,3,0,66,136,0,0,0,0,1,11,2010,11,2010,1,58,0,0,0,1,2,55,2,6,2,1,0,0,14,13,8,4,4,7,1,0
8,80093,1,2,5,4,5,16,18,12,2,1,0,8,1,52,34,52034,4,2002,4A3AA46G42E1,4,A,3,A,A,4,6,G,4,2,E,1,0,P,MITS,UEL,4D,2,17,3075,,0,1037,,G,,F,4,143,,,15R195,,,,,,0,0,000000000,00000000000,0,0,0,1,0,0,0,0,0,0,0,55,0,0,0,12,12,6,2,12,0,0,0,1,8,80125,6,1,0,0,3,0,70,245,0,0,0,1,0,9,2008,9,2008,0,0,0,0,0,1,2,55,2,6,2,1,0,0,14,10,1,1,2,50,3,0
8,80093,2,2,1,4,5,16,18,12,2,1,0,8,1,12,471,12471,30,1999,1FTZR15V8XPA,1,F,T,Z,R,1,5,V,8,X,P,A,0,T,FORD,RNS,PC,99,17,,1,0,1259,RNG,F,,,6,182,,,,B,00000,00,U,44,0,0,000000000,00000000000,0,0,0,1,0,0,0,0,0,0,0,55,0,1,5,12,12,6,2,12,0,0,0,1,8,80125,6,1,0,0,3,0,66,163,0,0,0,0,0,0,0,0,0,0,0,0,0,0,1,2,55,1,5,2,1,0,0,1,62,9,1,1,51,0,0
8,80094,1,2,1,4,5,20,15,12,6,1,0,30,1,12,481,12481,31,2005,1FTPX145X5NA,1,F,T,P,X,1,4,5,X,5,N,A,0,T,FORD,F15,4C,5,17,,2,1450,1260,COF,G,,,8,330,,,,B,5363,05,U,44,0,0,000000000,00000000000,0,0,0,1,0,0,0,0,0,0,0,50,0,1,5,9,9,6,2,12,0,0,0,1,30,76549,6,1,0,0,3,0,72,160,98,0,0,0,0,0,0,0,0,1,39,0,0,0,1,2,65,1,1,2,1,20,3,1,17,1,1,1,89,1,0
8,80094,2,2,1,4,5,20,15,12,6,1,0,8,3,87,881,87881,66,1998,1XP5DB9X5WN4,1,X,P,5,D,B,9,X,5,W,N,4,1,T,PTRB,379,TR,98,17,,8,0,0,CON,D,,,6,893,,,,,00000,00,,64,1,57,668750,57668750,3,6,1,1,0,0,0,0,0,0,0,55,0,0,0,12,12,6,2,12,0,0,0,1,8,81058,6,1,6,1,3,0,69,190,0,0,0,0,1,3,2010,3,2010,0,0,0,0,0,1,2,65,1,1,2,1,0,0,1,66,8,1,1,88,0,0
8,80095,1,1,1,4,5,20,30,59,0,1,0,8,1,20,20,20020,4,1998,2G1WL52MXW91,2,G,1,W,L,5,2,M,X,W,9,1,0,P,CHEV,L/S,4D,98,17,3330,,0,1075,,G,,F,6,191,,,15R205,,,,,,0,0,000000000,00000000000,0,0,0,1,0,0,0,0,0,0,0,65,0,1,6,5,0,6,2,1,0,0,0,1,8,80002,6,1,0,0,3,0,69,140,0,0,0,0,1,1,2011,1,2011,1,36,0,0,0,1,2,40,3,6,2,1,40,3,14,13,6,4,4,2,1,1
8,80096,1,1,1,5,5,6,50,41,0,1,0,8,1,2,404,2404,14,1988,1JCMR7848JT1,1,J,C,M,R,7,8,4,8,J,T,1,0,T,JEEP,LAR,4W,88,17,,1,0,1010,CHK,G,,,6,242,,,,,00000,00,A,44,0,0,000000000,00000000000,0,0,0,1,0,0,0,0,0,0,0,60,0,1,5,12,0,6,2,1,0,0,0,1,8,81147,6,1,0,0,3,0,74,190,0,0,0,0,1,7,2008,7,2008,0,92,0,0,0,1,2,60,3,6,2,1,0,0,14,13,1,1,4,1,1,0
8,80097,1,1,1,3,5,20,25,8,0,1,0,8,1,35,401,35401,14,1992,JN8HD17Y9NW0,J,N,8,H,D,1,7,Y,9,N,W,0,0,P,NISS,PFI,UT,92,17,3912,,0,1043,,G,,F,6,181,,,15R235,,,,,,0,0,000000000,00000000000,0,0,0,1,0,0,0,0,0,0,0,40,0,0,0,12,12,4,1,8,0,0,0,1,8,80021,6,1,0,0,3,1,65,180,0,0,0,0,3,7,2008,9,2009,0,92,0,0,0,3,2,40,1,5,2,1,0,0,1,80,1,1,1,13,0,0
8,80098,1,1,2,4,5,11,40,38,0,1,0,8,2,12,13,12013,3,1995,1FASP1286SW2,1,F,A,S,P,1,2,8,6,S,W,2,0,P,FORD,EGT,2H,95,17,2459,,0,984,,G,,F,4,112,,,15R185,,,,,,0,0,000000000,00000000000,0,0,0,1,0,0,0,0,0,0,0,55,0,2,6,9,0,6,2,1,0,0,0,1,8,80864,6,1,0,0,3,0,66,190,0,0,0,0,1,7,2009,7,2009,0,0,0,0,0,1,2,60,1,1,2,1,0,0,1,9,6,3,4,2,1,0
8,80099,1,1,3,8,5,19,0,1,0,1,0,8,1,12,481,12481,31,2000,1FTRX18L1YNB,1,F,T,R,X,1,8,L,1,Y,N,B,0,T,FORD,F15,4C,0,17,,2,1574,1388,COF,G,,,8,330,,,,B,4611,04,U,44,0,0,000000000,00000000000,0,0,0,1,0,0,0,0,0,0,0,75,0,2,3,0,0,6,2,1,0,0,0,1,8,81004,6,1,0,0,3,0,61,145,0,0,0,0,0,0,0,0,0,0,58,91,0,0,2,2,75,1,5,2,1,0,0,1,9,9,3,4,7,1,1
8,80100,1,2,1,9,5,8,0,24,0,1,0,8,2,12,481,12481,31,2004,1FTNW21P84EB,1,F,T,N,W,2,1,P,8,4,E,B,0,T,FORD,F2S,CW,4,17,,2,1724,1562,SRW,D,,,8,366,,,,C,6234,00,E,44,0,0,000000000,00000000000,0,0,0,1,0,0,0,0,0,0,0,80,0,1,3,12,0,6,2,1,0,0,0,1,8,81637,6,1,0,0,3,2,75,220,0,4,0,2,0,11,2009,5,2011,1,74,92,0,0,3,2,65,3,6,2,1,0,0,14,13,8,1,4,1,1,0
8,80100,2,2,2,9,5,8,0,24,0,1,0,35,1,20,481,20481,31,2008,2GCEK19J2811,2,G,C,E,K,1,9,J,2,8,1,1,0,T,CHEV,SK1,4C,8,17,,2,1575,1339,SIL,G,,,8,323,,,,B,5226,02,,44,0,0,000000000,00000000000,0,0,0,1,0,0,0,0,0,0,0,55,0,0,0,12,12,2,1,54,0,0,0,1,35,88030,6,1,0,0,3,0,76,225,98,0,0,0,0,0,0,0,0,0,0,0,0,0,3,2,65,2,5,2,1,0,0,14,90,2,1,1,98,0,0
8,80101,1,1,1,3,5,6,48,30,0,1,0,8,1,20,471,20471,30,1991,1GCCS14Z7M01,1,G,C,C,S,1,4,Z,7,M,0,1,0,T,CHEV,S14,PK,91,17,,1,1179,1083,S,G,,,6,262,,,,B,2567,01,,42,0,0,000000000,00000000000,0,0,0,1,0,0,0,0,0,0,0,35,0,0,0,12,12,6,2,42,0,0,0,1,8,80403,6,1,0,0,3,3,65,155,0,0,0,0,0,0,0,0,0,0,0,0,0,0,1,2,35,1,6,2,1,0,0,1,13,1,1,4,1,1,0
8,80102,1,1,1,8,5,22,20,8,0,1,0,4,4,12,481,12481,31,2011,1FTNF1CFXBKD,1,F,T,N,F,1,C,F,X,B,K,D,0,T,FORD,F15,PK,11,17,,2,1450,1260,COF,F,,,8,305,,,,B,4685,01,L,42,0,0,000000000,00000000000,0,0,0,1,0,0,0,0,0,0,0,40,0,0,0,12,12,4,1,8,0,0,0,1,8,80204,6,1,0,0,3,1,69,182,0,0,0,0,0,0,0,0,0,0,0,0,0,0,3,3,40,1,1,2,1,1,3,1,80,1,1,1,13,0,0
8,80103,1,2,2,9,5,11,17,12,2,1,0,8,2,20,481,20481,31,2005,1GCDT1461581,1,G,C,D,T,1,4,6,1,5,8,1,0,T,CHEV,RDO,PK,5,17,,1,0,1112,CAL,G,,,5,214,,,,,3603,00,,44,0,0,000000000,00000000000,0,0,0,1,0,0,0,0,0,0,0,70,0,0,0,12,12,6,2,12,0,0,0,1,8,81005,4,1,0,0,2,3,61,120,0,1,0,1,1,10,2008,2,2011,0,8,33,0,0,1,2,65,2,1,2,1,28,3,6,51,6,1,2,58,1,1
8,80103,2,2,2,9,5,11,17,12,2,1,0,8,2,12,481,12481,31,2005,1FTSW21P75EB,1,F,T,S,W,2,1,P,7,5,E,B,1,T,FORD,F2S,CW,5,17,,2,1724,1562,SRW,D,,,8,366,,,,C,6538,00,E,44,1,88,888888888,88888888888,2,4,1,1,0,0,0,0,0,0,0,65,0,0,0,12,12,6,2,12,0,0,0,1,8,80106,6,1,0,0,3,0,68,155,0,1,0,0,1,4,2010,5,2010,0,0,0,0,0,1,2,65,3,1,2,1,28,3,14,62,3,1,1,59,1,0
8,80104,1,2,1,6,5,21,0,54,11,1,0,8,2,35,47,35047,4,1993,1N4BU31F2PC2,1,N,4,B,U,3,1,F,2,P,C,2,0,P,NISS,AGS,4D,93,17,2729,,0,1031,,G,,F,4,146,,,15R205,,,,,,0,0,000000000,00000000000,0,0,0,1,0,0,0,0,0,0,0,15,0,0,0,3,3,4,3,54,0,0,0,1,8,80401,6,2,0,0,3,0,69,127,0,0,0,0,0,0,0,0,0,0,38,52,0,0,3,3,40,1,6,2,1,2,3,11,15,1,1,1,98,0,0
8,80104,2,2,1,6,5,21,0,54,11,1,0,8,1,37,705,37705,80,2000,JH2RC4472YM2,J,H,2,R,C,4,4,7,2,Y,M,2,0,M,HOND,V7D,RS,0,17,,,,,,,745,,2,,4,505,,,,,,,0,0,000000000,00000000000,0,0,0,1,0,0,0,0,0,0,0,40,0,0,0,18,0,2,3,54,0,0,0,1,8,80227,6,1,0,0,3,0,67,215,1,0,0,0,2,2,2010,12,2010,0,92,0,0,0,3,3,40,1,5,2,1,2,3,1,62,3,2,1,98,1,0
8,80105,1,1,4,9,5,20,40,1,0,1,0,8,1,12,471,12471,30,1987,1FTCR15TXHPA,1,F,T,C,R,1,5,T,X,H,P,A,0,T,FORD,RNS,PC,87,17,,1,0,1250,RNG,G,,,6,177,,,,B,3029,01,A,44,0,0,000000000,00000000000,0,0,0,1,0,0,0,0,0,0,0,80,0,2,1,0,0,6,2,1,0,0,0,1,8,81410,6,1,0,0,3,0,69,155,0,1,1,0,1,6,2008,10,2009,1,8,58,0,0,1,2,50,3,6,2,1,40,3,14,6,9,3,6,98,1,1
8,80106,1,1,1,13,5,18,40,1,0,1,0,8,1,12,471,12471,30,2002,1FTZR45E02PA,1,F,T,Z,R,4,5,E,0,2,P,A,0,T,FORD,RNS,4C,2,17,,1,0,1259,RNG,G,,,6,245,,,,B,3760,03,E,44,0,0,000000000,00000000000,0,0,0,1,0,0,0,0,0,0,0,65,0,2,6,0,0,6,2,1,0,0,0,1,8,81047,2,1,0,0,2,2,68,160,0,0,0,0,0,0,0,0,0,1,74,0,0,0,1,2,55,1,1,5,1,0,0,1,12,8,4,4,7,1,1
8,80107,1,1,3,14,5,1,50,1,0,1,0,48,2,35,481,35481,31,2009,1N6BA07C49N3,1,N,6,B,A,0,7,C,4,9,N,3,0,T,NISS,TXP,CW,9,17,,2,0,1398,TTN,F,,,8,342,,,,B,5286,00,4,44,0,0,000000000,00000000000,0,0,0,1,0,0,0,0,0,0,0,75,0,2,3,0,0,6,2,1,0,0,0,1,48,76014,6,1,0,0,3,0,999,999,0,0,0,0,0,0,0,0,0,0,58,0,0,0,2,2,75,2,1,2,1,0,0,14,12,9,4,4,7,1,0
8,80108,1,3,1,14,5,23,41,12,2,1,0,8,1,59,403,59403,14,2010,JTJBC1BA7A24,J,T,J,B,C,1,B,A,7,A,2,4,0,P,LEXS,RX0,UT,10,17,4810,,0,1079,,B,,F,6,210,,,18R235,,,,,,0,0,000000000,00000000000,0,0,0,1,0,0,0,0,0,0,0,999,0,0,0,12,12,6,2,12,0,0,0,1,8,80210,6,1,0,0,3,0,64,125,0,0,0,0,1,4,2009,4,2009,9,51,0,0,0,3,5,55,1,1,1,2,0,0,1,54,1,1,1,52,0,1
8,80108,2,3,1,14,5,23,41,12,2,1,0,8,2,35,47,35047,4,2005,1N4AL11D55C3,1,N,4,A,L,1,1,D,5,5,C,3,0,P,NISS,ASL,4D,5,17,2915,,0,1102,,G,,F,4,153,,,16R215,,,,,,0,0,000000000,00000000000,0,0,0,1,0,0,0,0,0,0,0,55,0,0,0,12,12,6,2,12,0,0,0,1,8,80203,6,1,0,0,3,0,65,165,0,0,0,1,1,12,2008,7,2010,0,0,0,0,0,3,5,55,1,1,1,2,0,0,1,54,1,1,1,52,1,0
8,80108,3,3,3,14,5,23,41,12,2,1,0,8,2,14,401,14401,14,2002,4M2ZU86E52ZJ,4,M,2,Z,U,8,6,E,5,2,Z,J,0,P,MERC,MOU,UT,2,17,4410,,0,1138,,G,,F,6,245,,,16R245,,,,,,0,0,000000000,00000000000,0,0,0,1,0,0,0,0,0,0,0,55,0,0,0,81,81,6,2,12,0,0,0,1,35,80228,6,1,0,0,3,0,69,210,98,0,0,0,0,0,0,0,0,0,92,0,0,0,3,5,55,1,1,1,2,0,0,1,54,7,1,2,98,0,0
8,80109,1,1,1,15,5,18,24,1,0,1,0,8,1,76,706,76706,80,2006,JYAVP04EX6A0,J,Y,A,V,P,0,4,E,X,6,A,0,0,M,YAMA,ZTF,RS,6,17,,,,,,,1294,,4,,4,807,,,,,,,0,0,000000000,00000000000,0,0,0,1,0,0,0,0,0,0,0,95,0,0,0,0,0,6,2,1,0,0,0,1,8,80501,6,1,0,0,3,3,72,185,0,0,0,0,0,0,0,0,0,1,37,0,0,0,6,1,75,1,5,2,1,28,3,1,6,3,2,4,7,1,1
8,80110,1,1,2,1,5,3,8,33,0,1,0,8,1,20,20,20020,4,1997,2G1WL52M9V92,2,G,1,W,L,5,2,M,9,V,9,2,0,P,CHEV,L/S,4D,97,17,3360,,0,1075,,G,,F,6,191,,,15R205,,,,,,0,0,000000000,00000000000,0,0,0,1,0,0,0,0,0,0,0,45,0,0,0,14,12,6,2,19,0,0,0,1,8,81005,6,1,0,0,3,0,66,117,0,0,0,0,1,4,2010,4,2010,1,0,0,0,0,1,2,30,1,1,2,1,0,0,1,14,1,1,4,14,1,1
8,80111,1,1,1,8,5,17,29,33,0,1,0,8,2,37,705,37705,80,1981,JH2PC0200BM0,J,H,2,P,C,0,2,0,0,B,M,0,0,M,HOND,GL5,RS,81,17,,,,,,,500,,2,,4,456,,,,,,,0,0,000000000,00000000000,0,0,0,1,0,0,0,0,0,0,0,998,0,0,0,14,12,6,2,43,0,0,0,1,8,80918,2,1,0,0,2,0,71,160,0,1,0,0,0,2,2011,2,2011,1,35,36,0,0,5,2,35,3,5,2,1,0,0,6,51,3,2,4,3,1,1
8,80112,1,1,1,15,5,16,45,38,0,1,0,8,1,7,482,7482,31,1998,3B7KF2269WG2,3,B,7,K,F,2,2,6,9,W,G,2,0,T,DODG,250,PC,98,17,,2,1547,1387,RPC,D,,,6,359,,,,C,5344,03,U,44,0,0,000000000,00000000000,0,0,0,1,0,0,0,0,0,0,0,65,0,1,1,12,0,6,2,1,0,0,0,1,8,80610,6,1,0,0,3,0,71,200,0,0,0,0,0,0,0,0,0,1,92,0,0,0,1,2,55,1,5,4,1,0,0,1,13,6,1,4,1,1,1
8,80113,1,1,1,16,5,5,17,9,0,1,1,99,9,99,999,99999,99,9999,999999999999,9,9,9,9,9,9,9,9,9,9,9,9,1,,,,,,,,,,,,,,,,,,,,,,,,,1,99,999999999,99999999999,9,99,99,1,0,0,0,0,0,0,0,999,0,0,0,12,12,9,1,9,0,0,0,1,99,99999,9,9,99,9,9,9,999,999,99,99,99,99,99,99,9999,99,9999,9,0,0,0,0,4,2,30,1,1,2,1,2,3,1,83,1,1,1,13,0,0
8,80114,1,1,2,16,5,16,48,8,0,1,0,8,1,13,1,13001,4,1994,1LNLM82WXRY6,1,L,N,L,M,8,2,W,X,R,Y,6,0,P,LINC,STE,4D,94,17,4057,,0,1174,,G,,F,8,281,,,15R215,,,,,,0,0,000000000,00000000000,0,0,0,1,0,0,0,0,0,0,0,40,0,0,0,12,12,6,2,8,0,0,0,1,8,81001,6,2,0,0,3,0,66,120,0,0,0,0,0,0,0,0,0,0,0,0,0,0,5,4,35,1,1,2,1,0,0,1,80,3,1,1,13,0,0
8,80115,1,2,1,16,5,17,56,12,1,1,0,8,1,37,706,37706,80,1997,1HFSC1802VA1,1,H,F,S,C,1,8,0,2,V,A,1,0,M,HOND,VC1,RS,97,17,,,,,,,1099,,2,,4,573,,,,,,,0,0,000000000,00000000000,0,0,0,1,0,0,0,0,0,0,0,35,0,0,0,12,12,6,2,12,0,0,0,1,8,80537,6,1,0,0,2,0,69,250,0,0,0,0,0,0,0,0,0,0,26,0,0,0,1,2,35,1,1,2,1,20,3,1,50,1,1,1,20,1,0
8,80115,2,2,2,16,5,17,56,12,1,1,0,8,2,63,441,63441,20,2005,KNDUP1324567,K,N,D,U,P,1,3,2,4,5,6,7,0,P,KIA,SED,SV,5,17,4802,,0,1145,,G,,F,6,213,,,15R215,,,,,,0,0,000000000,00000000000,0,0,0,1,0,0,0,0,0,0,0,0,0,0,0,6,6,6,2,12,0,0,0,1,8,80537,6,1,0,0,3,0,68,165,0,0,0,0,0,0,0,0,0,0,0,0,0,0,1,2,35,1,1,2,1,20,3,5,53,1,1,1,21,0,0
8,80116,1,1,1,17,5,0,7,1,0,1,0,8,1,14,401,14401,14,2004,4M2ZU86K04ZJ,4,M,2,Z,U,8,6,K,0,4,Z,J,0,P,MERC,MOU,UT,4,17,4433,,0,1138,,F,,F,6,245,,,16R235,,,,,,0,0,000000000,00000000000,0,0,0,1,0,0,0,0,0,0,0,30,0,2,5,0,0,6,2,1,0,0,0,1,8,80013,6,1,0,0,3,0,71,195,0,0,0,0,0,0,0,0,0,0,0,0,0,0,1,2,35,1,1,2,1,0,0,1,12,1,1,4,6,1,1
8,80117,1,1,8,31,5,14,10,6,0,1,0,8,3,7,461,7461,21,2000,2B6LB31Z3YK1,2,B,6,L,B,3,1,Z,3,Y,K,1,0,T,DODG,35B,CG,0,17,,2,0,1272,RMV,G,,,8,360,,,,D,4562,02,U,42,0,0,000000000,00000000000,0,0,0,1,0,0,0,0,0,0,0,55,0,0,0,0,0,0,1,6,0,0,0,1,8,80128,6,1,0,0,3,0,58,120,0,0,0,0,0,0,0,0,0,0,0,0,0,0,2,2,55,1,1,2,1,1,3,2,52,2,1,1,0,1,0
8,80118,1,1,1,16,5,7,34,15,0,1,0,8,1,49,38,49038,2,1994,JT2EL46S8R04,J,T,2,E,L,4,6,S,8,R,0,4,0,P,TOYT,TSD,2D,94,17,1950,,0,937,,G,,F,4,089,,,13R145,,,,,,0,0,000000000,00000000000,0,0,0,1,0,0,0,0,0,0,0,30,0,0,0,12,12,2,1,15,0,0,0,1,8,81067,6,1,6,0,3,0,72,230,1,0,0,0,0,12,2008,12,2008,0,0,0,0,0,1,2,45,1,1,2,1,0,0,1,80,3,2,1,13,0,0
8,80119,1,2,2,16,5,13,21,12,6,1,0,8,2,12,481,12481,31,1999,1FTYR10C6XPB,1,F,T,Y,R,1,0,C,6,X,P,B,0,T,FORD,RNG,PK,99,17,,1,1175,1116,RNG,G,,,4,153,,,,B,00000,00,U,42,0,0,000000000,00000000000,0,0,0,1,0,0,0,0,0,0,0,10,0,0,0,83,83,6,2,12,0,0,0,1,8,80910,6,1,6,0,3,0,71,200,0,0,0,0,1,9,2008,9,2008,0,48,0,0,0,1,2,40,1,1,2,1,40,3,12,10,1,1,2,98,1,0