STATE,ST_CASE,VEH_NO,VE_FORMS,NUMOCCS,DAY,MONTH,HOUR,MINUTE,HARM_EV,MAN_COLL,UNITTYPE,HIT_RUN,REG_STAT,OWNER,MAKE,MODEL,MAK_MOD,BODY_TYP,MOD_YEAR,VIN,VIN_1,VIN_2,VIN_3,VIN_4,VIN_5,VIN_6,VIN_7,VIN_8,VIN_9,VIN_10,VIN_11,VIN_12,TOW_VEH,VINTYPE,VINMAKE,VINA_MOD,VIN_BT,VINMODYR,VIN_LNGT,VIN_WGT,WGTCD_TR,WHLBS_LG,WHLBS_SH,SER_TR,FUELCODE,MCYCL_DS,CARBUR,CYLINDER,DISPLACE,MCYCL_CY,MCYCL_WT,TIRE_SZE,TON_RAT,TRK_WT,TRKWTVAR,VIN_REST,WHLDRWHL,J_KNIFE,MCARR_I1,MCARR_I2,MCARR_ID,GVWR,V_CONFIG,CARGO_BT,HAZ_INV,HAZ_PLAC,HAZ_ID,HAZ_CNO,HAZ_REL,BUS_USE,SPEC_USE,EMER_USE,TRAV_SP,UNDERIDE,ROLLOVER,ROLINLOC,IMPACT1,IMPACT2,DEFORMED,TOWED,M_HARM,VEH_SC1,VEH_SC2,FIRE_EXP,DR_PRES,L_STATE,DR_ZIP,L_STATUS,L_TYPE,CDL_STAT,L_ENDORS,L_COMPL,L_RESTRI,DR_HGT,DR_WGT,PREV_ACC,PREV_SUS,PREV_DWI,PREV_SPD,PREV_OTH,FIRST_MO,FIRST_YR,LAST_MO,LAST_YR,SPEEDREL,DR_SF1,DR_SF2,DR_SF3,DR_SF4,VTRAFWAY,VNUM_LAN,VSPD_LIM,VALIGN,VPROFILE,VPAVETYP,VSURCOND,VTRAFCON,VTCONT_F,P_CRASH1,P_CRASH2,P_CRASH3,PCRASH4,PCRASH5,ACC_TYPE,DEATHS,DR_DRINK
8,80119,2,2,1,16,5,13,21,12,6,1,0,8,3,85,881,85881,66,1995,1XKAD69X4SR6,1,X,K,A,D,6,9,X,4,S,R,6,1,T,KW,T60,TR,95,17,,8,0,1600,CON,D,,,6,855,,,,,00000,00,,64,1,57,530039,57530039,3,6,4,1,0,0,0,0,0,0,0,30,0,0,0,12,12,6,2,12,0,0,0,1,8,80909,6,1,6,1,3,0,76,250,0,0,0,0,0,0,0,0,0,0,0,0,0,0,1,2,40,1,1,2,1,40,3,1,62,3,1,1,98,0,0
8,80120,1,1,1,26,5,14,5,35,0,1,0,8,2,20,16,20016,2,2002,1G1JC1240274,1,G,1,J,C,1,2,4,0,2,7,4,0,P,CHEV,CAV,CP,2,17,2617,,0,1041,,G,,F,4,133,,,14R195,,,,,,0,0,000000000,00000000000,0,0,0,1,0,0,0,0,0,0,0,65,0,1,5,12,0,6,2,1,0,0,0,1,8,80503,6,1,0,0,3,0,60,140,0,0,0,0,1,1,2010,1,2010,0,92,0,0,0,5,4,65,1,1,1,1,28,3,1,13,1,1,4,1,1,1
8,80121,1,1,1,27,5,20,10,7,0,1,0,8,1,72,706,72706,80,2009,1HD1FS4149Y6,1,H,D,1,F,S,4,1,4,9,Y,6,0,M,HD,LTR,RS,9,17,,,,,,,1584,,2,,4,820,,,,,,,0,0,000000000,00000000000,0,0,0,1,0,0,0,0,0,0,0,70,0,0,0,0,81,6,2,7,0,0,0,1,8,80904,6,1,0,0,3,0,72,195,1,0,0,0,1,7,2009,12,2010,0,92,0,0,0,3,2,65,1,1,2,1,0,0,1,98,1,4,2,0,1,1
8,80122,1,1,1,29,5,9,53,35,0,1,0,8,1,76,705,76705,80,2003,JYARJ06EX3A0,J,Y,A,R,J,0,6,E,X,3,A,0,0,M,YAMA,R6L,RC,3,17,,,,,,,599,,4,,4,357,,,,,,,0,0,000000000,00000000000,0,0,0,1,0,0,0,0,0,0,0,80,0,0,0,12,12,6,2,35,0,0,0,1,8,80249,6,1,0,0,3,0,69,160,0,1,0,2,2,5,2009,3,2011,1,52,0,0,0,1,2,35,1,1,2,1,0,0,1,9,1,1,4,6,1,0
8,80123,1,1,1,29,5,20,47,33,0,1,0,8,1,52,46,52046,4,2006,JA3AJ26E66U0,J,A,3,A,J,2,6,E,6,6,U,0,0,P,MITS,LES,4D,6,17,2745,,0,1024,,G,,F,4,122,,,15R195,,,,,,0,0,000000000,00000000000,0,0,0,1,0,0,0,0,0,0,0,90,0,1,5,14,8,6,2,30,0,0,0,1,8,80210,6,2,0,0,3,0,65,125,0,0,0,0,0,0,0,0,0,1,36,92,0,0,2,3,35,3,1,2,1,0,0,6,51,7,3,4,3,1,1
8,80124,1,1,1,29,5,23,35,25,0,1,0,8,1,71,706,71706,80,2011,ZDM1XBMV7BB0,Z,D,M,1,X,B,M,V,7,B,B,0,0,M,DUCA,,,11,17,,,,,,,,,,,,,,,,,,,0,0,000000000,00000000000,0,0,0,1,0,0,0,0,0,0,0,999,0,0,0,12,12,6,2,25,0,0,0,1,8,80239,6,1,6,0,2,0,69,172,1,0,0,0,1,8,2008,2,2010,9,52,92,0,0,6,1,55,3,1,1,1,0,0,14,9,1,1,4,1,1,1
8,80125,1,1,2,28,5,20,58,8,0,1,0,8,1,12,6,12006,4,1983,1FABP3933DG1,1,F,A,B,P,3,9,3,3,D,G,1,0,P,FORD,LTD,4D,83,17,2869,,0,1055,,G,,2,6,232,,,14R185,,,,,,0,0,000000000,00000000000,0,0,0,1,0,0,0,0,0,0,0,25,0,0,0,12,12,2,3,8,0,0,0,1,8,81004,6,1,0,0,3,3,76,240,0,0,0,0,0,0,0,0,0,0,0,0,0,0,1,4,25,1,1,2,1,0,0,1,80,1,1,1,13,0,0
8,80126,1,1,1,31,5,11,51,8,0,1,0,8,1,21,20,21020,4,1996,1G3AJ55M8T63,1,G,3,A,J,5,5,M,8,T,6,3,0,P,OLDS,CRL,4D,96,17,2924,,0,1049,,G,,F,6,191,,,14R185,,,,,,0,0,000000000,00000000000,0,0,0,1,0,0,0,0,0,0,0,35,0,0,0,12,12,4,1,8,0,0,0,1,8,80017,6,1,0,0,3,1,68,143,0,0,0,0,0,0,0,0,0,0,0,0,0,0,1,4,40,1,1,2,1,2,3,1,80,1,1,1,13,0,0
8,80127,1,1,3,30,5,23,55,35,0,1,0,8,1,12,3,12003,2,2003,1FAFP42R83F3,1,F,A,F,P,4,2,R,8,3,F,3,0,P,FORD,MM1,CP,3,17,3114,,0,1013,,G,,F,8,281,,,17R245,,,,,,0,0,000000000,00000000000,0,0,0,1,0,0,0,0,0,0,0,80,0,1,5,1,0,6,2,1,0,0,0,1,8,81050,6,1,0,0,3,1,78,185,0,1,0,2,4,8,2008,6,2010,1,58,0,0,0,1,2,55,1,1,2,1,0,0,1,13,6,4,4,7,2,1
8,80128,1,1,1,1,5,2,36,39,0,1,0,8,2,30,40,30040,4,2000,3VWSA29M1YM0,3,V,W,S,A,2,9,M,1,Y,M,0,0,P,VOLK,JGS,4D,0,17,2861,,0,989,,G,,F,4,121,,,15R195,,,,,,0,0,000000000,00000000000,0,0,0,1,0,0,0,0,0,0,0,998,0,0,0,1,12,6,2,39,0,0,0,1,8,80401,6,2,0,0,3,0,60,114,0,0,0,1,1,6,2009,3,2010,9,92,0,0,0,1,2,25,1,1,2,1,0,0,1,13,1,1,4,1,1,1
8,80129,1,1,1,9,5,12,2,33,0,1,0,8,1,35,50,35050,4,2009,3N1BC13E69L4,3,N,1,B,C,1,3,E,6,9,L,4,0,P,NISS,VSL,4H,9,17,2693,,0,1024,,G,,F,4,110,,,15R185,,,,,,0,0,000000000,00000000000,0,0,0,1,0,0,0,0,0,0,0,35,0,0,0,14,12,6,2,42,0,0,0,1,8,80634,6,1,0,0,3,3,67,200,0,0,0,0,0,0,0,0,0,0,0,0,0,0,5,4,35,1,6,2,1,0,0,1,13,1,1,4,1,1,0
8,80130,1,1,1,17,5,22,51,46,0,1,0,8,1,20,481,20481,31,2005,1GCEK19B05Z1,1,G,C,E,K,1,9,B,0,5,Z,1,0,T,CHEV,SK1,4C,5,17,,2,1575,1435,SIL,G,,,8,325,,,,B,4661,00,,44,0,0,000000000,00000000000,0,0,0,1,0,0,0,0,0,0,0,45,0,0,0,12,12,6,2,46,0,0,0,1,8,80030,1,1,0,0,2,2,64,120,0,1,0,0,0,3,2010,3,2010,0,74,92,0,0,2,2,40,1,5,1,1,2,3,1,13,1,1,4,1,1,1
8,80131,1,3,1,27,5,22,1,12,6,1,1,8,1,7,20,7020,2,1998,1P3ES42C9WD6,1,P,3,E,S,4,2,C,9,W,D,6,0,P,PLYM,NEH,CP,98,17,2469,,0,1040,,G,,F,4,122,,,14R185,,,,,,0,0,000000000,00000000000,0,0,0,1,0,0,0,0,0,0,0,998,0,0,0,82,83,4,1,12,0,0,0,1,8,80920,6,1,0,0,3,3,72,190,0,0,0,0,0,0,0,0,0,0,38,0,0,0,3,2,40,3,5,2,1,2,3,11,15,1,1,1,68,0,0
8,80131,2,3,1,27,5,22,1,12,6,1,0,8,1,37,705,37705,80,2005,JH2PC37065M2,J,H,2,P,C,3,7,0,6,5,M,2,0,M,HOND,B60,RC,5,17,,,,,,,599,,4,,4,361,,,,,,,0,0,000000000,00000000000,0,0,0,1,0,0,0,0,0,0,0,998,0,0,0,12,12,6,2,12,0,0,0,1,8,80916,6,2,0,0,3,0,68,150,0,0,0,0,0,0,0,0,0,9,0,0,0,0,5,4,40,2,6,2,1,2,3,14,62,3,2,1,69,1,0
8,80131,3,3,2,27,5,22,1,12,6,1,0,8,1,37,705,37705,80,2006,JH2PC37076M3,J,H,2,P,C,3,7,0,7,6,M,3,0,M,HOND,B60,RC,6,17,,,,,,,599,,4,,4,361,,,,,,,0,0,000000000,00000000000,0,0,0,1,0,0,0,0,0,0,0,998,0,0,0,12,12,6,2,12,0,0,0,1,8,80916,6,1,0,0,3,0,71,175,0,0,0,0,0,0,0,0,0,9,0,0,0,0,5,4,40,2,6,2,1,2,3,14,62,3,2,1,98,0,0
8,80132,1,1,1,30,5,1,20,8,0,1,0,8,1,52,37,52037,1,2005,4A3AE75H25E0,4,A,3,A,E,7,5,H,2,5,E,0,0,P,MITS,STS,CV,5,17,3329,,0,1008,,G,,F,6,183,,,17R215,,,,,,0,0,000000000,00000000000,0,0,0,1,0,0,0,0,0,0,0,35,0,0,0,14,14,4,1,8,0,0,0,1,8,80121,6,1,0,0,3,3,64,170,0,0,0,0,1,9,2008,9,2008,0,0,0,0,0,3,2,40,3,5,2,1,0,0,14,80,1,1,1,13,0,0
8,80133,1,1,1,1,6,19,51,25,0,1,0,8,1,2,403,2403,14,1997,1J4FY19S2VP4,1,J,4,F,Y,1,9,S,2,V,P,4,0,T,JEEP,SPW,2W,97,17,,1,0,934,W/T,G,,,6,242,,,,,3156,00,E,44,0,0,000000000,00000000000,0,0,0,1,0,0,0,0,0,0,0,45,0,1,1,61,0,6,2,1,0,0,0,1,8,80233,6,1,0,0,3,3,69,185,1,0,0,0,1,12,2008,1,2011,0,0,0,0,0,6,1,55,2,6,1,1,0,0,14,12,9,1,4,6,1,1
8,80134,1,1,1,2,6,14,56,1,0,1,0,8,1,72,706,72706,80,2011,1HD1KGM15BB6,1,H,D,1,K,G,M,1,5,B,B,6,1,M,HD,LRU,RS,11,17,,,,,,,1690,,2,,4,850,,,,,,,2,0,000000000,00000000000,0,0,0,1,0,0,0,0,0,0,0,55,0,0,0,0,0,6,2,1,0,0,0,1,8,80205,6,1,0,0,3,0,66,150,1,0,0,1,5,12,2008,3,2011,0,0,0,0,0,1,2,55,1,2,2,1,0,0,1,9,1,4,4,2,1,0
8,80135,1,1,6,3,6,1,25,1,0,1,0,8,1,20,403,20403,14,2005,1GNDT13S9523,1,G,N,D,T,1,3,S,9,5,2,3,0,P,CHEV,TRL,UT,5,17,4612,,0,1130,,G,,F,6,256,,,16R245,,,,,,0,0,000000000,00000000000,0,0,0,1,0,0,0,0,0,0,0,65,0,1,1,0,0,6,2,1,0,0,0,1,8,80207,6,1,0,0,3,0,66,140,0,0,0,0,2,6,2009,12,2010,1,91,92,0,0,1,2,40,1,1,2,1,0,0,1,13,6,4,6,98,3,1
8,80136,1,2,1,4,6,12,35,12,2,1,0,8,1,30,47,30047,3,2003,3VWCK21C73M4,3,V,W,C,K,2,1,C,7,3,M,4,0,P,VOLK,NGS,2H,3,17,2873,,0,989,,G,,F,4,121,,,16R205,,,,,,0,0,000000000,00000000000,0,0,0,1,0,0,0,0,0,0,0,45,0,0,0,12,12,6,2,12,0,0,0,1,8,80615,6,1,0,0,3,3,67,145,0,0,0,0,0,0,0,0,0,0,0,0,0,0,1,2,65,1,1,2,1,28,3,1,10,1,1,2,50,1,0
8,80136,2,2,1,4,6,12,35,12,2,1,0,8,3,85,881,85881,66,1984,1XKWD29X2ES3,1,X,K,W,D,2,9,X,2,E,S,3,1,T,KW,W90,TR,84,17,,8,2600,1600,CON,D,,,6,855,,,,,00000,00,,64,1,57,00356946,5700356946,3,6,2,1,0,0,0,0,0,0,0,45,0,0,0,12,12,6,2,12,0,0,0,1,8,80620,6,1,6,1,3,0,68,185,0,0,0,0,1,6,2010,6,2010,0,0,0,0,0,1,2,65,1,1,2,1,28,3,2,62,1,1,1,51,0,0
8,80137,1,1,1,4,6,15,0,1,0,1,0,8,1,53,705,53705,80,2001,JS1GR7HAX121,J,S,1,G,R,7,H,A,X,1,2,1,0,M,SUZI,SX7,RC,1,17,,,,,,,749,,4,,4,366,,,,,,,0,0,000000000,00000000000,0,0,0,1,0,0,0,0,0,0,0,75,0,0,0,0,0,6,2,1,0,0,0,1,8,81005,2,1,0,0,2,2,66,199,0,3,1,0,0,6,2010,3,2011,1,74,92,0,0,1,2,55,3,1,2,1,0,0,14,13,3,4,4,2,1,1
8,80138,1,1,4,4,6,16,19,1,0,1,0,8,1,48,34,48034,6,1999,4S3BG6857X66,4,S,3,B,G,6,8,5,7,X,6,6,0,P,SUBA,UVT,SW,99,17,3175,,0,1035,,G,,F,4,150,,,15R205,,,,,,0,0,000000000,00000000000,0,0,0,1,0,0,0,0,0,0,0,85,0,2,5,0,0,6,2,1,0,0,0,1,8,80233,6,1,0,0,3,0,74,185,0,0,0,0,0,0,0,0,0,1,36,0,0,0,2,3,75,1,1,1,1,0,0,15,9,8,4,4,2,1,1
8,80139,1,2,2,5,6,2,4,12,2,1,0,8,1,2,404,2404,14,2000,1J4GW48N6YC1,1,J,4,G,W,4,8,N,6,Y,C,1,0,T,JEEP,LRO,4W,0,17,,1,0,1059,GCK,G,,,8,287,,,,,3847,01,E,44,0,0,000000000,00000000000,0,0,0,1,0,0,0,0,0,0,0,999,0,0,0,12,12,6,2,12,0,0,0,1,8,80205,6,1,0,0,3,0,66,125,0,0,0,0,1,2,2010,2,2010,9,51,0,0,0,3,3,55,1,1,2,1,0,0,1,54,1,1,1,52,0,1
8,80139,2,2,1,5,6,2,4,12,2,1,0,8,1,35,43,35043,4,1998,1N4AB41D3WC7,1,N,4,A,B,4,1,D,3,W,C,7,0,P,NISS,EXE,4D,98,17,2353,,0,998,,G,,F,4,097,,,13R155,,,,,,0,0,000000000,00000000000,0,0,0,1,0,0,0,0,0,0,0,999,0,0,0,12,12,6,2,12,0,0,0,1,8,80403,6,1,0,0,3,0,68,205,0,0,0,0,1,11,2008,11,2008,9,92,0,0,0,3,3,55,1,1,2,1,0,0,1,54,3,2,1,52,1,0
8,80140,1,1,1,3,6,20,42,8,0,1,0,8,1,49,472,49472,30,1997,4TANL42NXVZ2,4,T,A,N,L,4,2,N,X,V,Z,2,0,T,TOYT,REG,PK,97,17,,1,0,1033,TAC,G,,,4,149,,,,B,2560,00,M,42,0,0,000000000,00000000000,0,0,0,1,0,0,0,0,0,0,0,35,0,0,0,12,12,2,3,8,0,0,0,1,8,81005,6,1,0,0,3,3,64,195,0,0,0,0,0,0,0,0,0,0,0,0,0,0,5,4,35,1,1,2,1,0,0,1,80,7,1,1,13,0,0
8,80141,1,1,1,6,6,11,47,17,0,1,0,49,1,37,706,37706,80,2005,1HFSC474X5A4,1,H,F,S,C,4,7,4,X,5,A,4,0,M,HOND,GLA,RS,5,17,,,,,,,1832,,6,,4,799,,,,,,,0,0,000000000,00000000000,0,0,0,1,0,0,0,0,0,0,0,50,0,0,0,12,12,6,2,17,0,0,0,1,49,84770,6,1,0,0,3,0,72,180,98,0,0,1,0,11,2010,11,2010,1,8,0,0,0,1,2,50,3,6,2,1,0,0,14,13,9,4,4,2,1,0
8,80142,1,1,2,13,6,18,40,31,0,1,0,31,1,18,23,18023,4,2007,1G4HD57227U2,1,G,4,H,D,5,7,2,2,7,U,2,0,P,BUIC,UXL,4D,7,17,3969,,0,1156,,G,,F,6,232,,,17R235,,,,,,0,0,000000000,00000000000,0,0,0,1,0,0,0,0,0,0,0,75,0,2,5,12,0,6,2,1,0,0,0,1,31,68655,6,1,6,0,3,0,68,185,0,0,0,0,0,0,0,0,0,0,58,0,0,0,2,2,75,1,1,1,1,28,3,1,12,7,1,4,6,1,0
8,80143,1,1,7,7,6,20,5,43,0,1,0,8,1,20,32,20032,4,1992,1Y1SK5465NZ0,1,Y,1,S,K,5,4,6,5,N,Z,0,0,P,GEO,GEP,4D,92,17,2435,,0,957,,G,,F,4,097,,,13R175,,,,,,0,0,000000000,00000000000,0,0,0,1,0,0,0,0,0,0,0,75,0,1,5,3,0,6,2,1,0,0,0,1,6,92366,0,0,0,0,0,0,73,194,0,0,0,0,0,0,0,0,0,1,58,92,0,0,3,3,60,3,6,2,1,0,0,14,6,8,4,4,2,1,0
8,80144,1,2,1,8,6,15,58,31,0,1,0,8,1,23,481,23481,31,2007,1GTEK19J57Z5,1,G,T,E,K,1,9,J,5,7,Z,5,0,T,GMC,NK1,4C,7,17,,2,1575,1340,SIE,G,,,8,323,,,,B,5236,02,4,44,0,0,000000000,00000000000,0,0,0,1,0,0,0,0,0,0,0,60,0,1,5,12,0,6,2,1,0,0,0,1,8,80906,6,1,0,0,3,1,73,209,0,0,0,0,0,0,0,0,0,0,58,0,0,0,1,2,60,1,6,2,1,0,0,1,9,1,1,4,1,0,0
8,80144,2,2,1,8,6,15,58,31,0,1,0,6,1,76,705,76705,80,2000,JYAVM01Y0YA0,J,Y,A,V,M,0,1,Y,0,Y,A,0,0,M,YAMA,V6A,RS,0,17,,,,,,,649,,2,,4,495,,,,,,,0,0,000000000,00000000000,0,0,0,1,0,0,0,0,0,0,0,45,0,0,0,12,12,6,2,12,0,0,0,1,8,80911,6,1,0,0,3,1,68,190,0,0,0,0,0,0,0,0,0,0,0,0,0,0,1,2,60,1,5,2,1,0,0,1,62,9,1,4,98,1,0
8,80145,1,2,1,9,6,20,52,1,0,1,0,8,1,37,705,37705,80,1998,JH2PC2501WM7,J,H,2,P,C,2,5,0,1,W,M,7,0,M,HOND,RF3,RC,98,17,,,,,,,600,,4,,4,412,,,,,,,0,0,000000000,00000000000,0,0,0,1,0,0,0,0,0,0,0,65,0,0,0,0,0,6,2,54,0,0,0,1,8,80013,6,1,0,0,2,3,68,175,0,1,0,2,1,8,2008,12,2009,1,8,0,0,0,1,2,55,1,1,2,1,0,0,1,51,3,2,1,98,1,0
8,80145,2,2,2,9,6,20,52,1,0,1,0,8,2,21,20,21020,4,1995,1G3AJ55M2S63,1,G,3,A,J,5,5,M,2,S,6,3,0,P,OLDS,CRL,4D,95,17,2733,,0,1049,,G,,F,6,191,,,14R185,,,,,,0,0,000000000,00000000000,0,0,0,1,0,0,0,0,0,0,0,5,0,0,0,10,10,4,1,54,0,0,0,1,8,80239,6,2,0,0,3,0,62,135,0,0,0,0,0,0,0,0,0,0,38,53,0,0,1,2,55,1,1,2,1,0,0,8,53,3,2,6,98,0,0
8,80146,1,2,1,8,6,9,36,12,2,1,0,8,1,12,37,12037,4,2000,1FAFP33P7YW2,1,F,A,F,P,3,3,P,7,Y,W,2,0,P,FORD,FOX,4D,0,17,2564,,0,1030,,G,,F,4,122,,,14R185,,,,,,0,0,000000000,00000000000,0,0,0,1,0,0,0,0,0,0,0,21,0,0,0,12,12,6,2,12,0,0,0,1,8,80004,6,1,0,0,3,3,66,132,0,0,0,0,0,0,0,0,0,0,38,0,0,0,2,2,40,1,6,2,1,2,3,11,15,1,1,1,68,1,0
8,80146,2,2,4,8,6,9,36,12,2,1,0,8,2,18,20,18020,4,1995,2G4WB52L3S14,2,G,4,W,B,5,2,L,3,S,1,4,0,P,BUIC,RGC,4D,95,17,3335,,0,1075,,G,,F,6,231,,,15R205,,,,,,0,0,000000000,00000000000,0,0,0,1,0,0,0,0,0,0,0,41,0,0,0,12,12,6,2,12,0,0,0,1,8,80033,6,2,0,0,3,3,72,160,0,3,1,0,0,2,2009,3,2009,0,0,0,0,0,1,4,40,1,5,2,1,2,3,1,62,1,1,1,69,0,0
8,80147,1,1,3,12,6,2,35,42,0,1,0,8,2,49,40,49040,4,2010,4T1BF3EK7AU0,4,T,1,B,F,3,E,K,7,A,U,0,0,P,TOYT,CBA,4D,10,17,3263,,0,1093,,G,,F,4,152,,,16R215,,,,,,0,0,000000000,00000000000,0,0,0,1,0,0,0,0,0,0,0,60,0,1,5,3,0,6,2,1,0,0,0,1,32,89146,6,1,0,0,3,3,70,150,0,0,0,0,0,0,0,0,0,1,53,58,0,0,1,2,45,3,5,2,1,0,0,14,6,6,4,4,2,1,0
8,80148,1,1,2,17,6,12,0,9,0,1,0,8,3,85,881,85881,63,1985,1NKWLB9X1FS3,1,N,K,W,L,B,9,X,1,F,S,3,0,T,KW,W90,CC,85,17,,8,2600,1600,CON,D,,,6,893,,,,,00000,00,,64,0,57,00530039,5700530039,3,2,4,1,0,0,0,0,0,0,0,20,0,0,0,12,12,0,1,9,0,0,0,1,8,80302,6,1,6,1,3,3,74,240,0,0,0,1,0,1,2010,1,2010,0,38,0,0,0,1,2,35,2,6,2,1,0,0,11,80,3,2,1,13,0,0
8,80149,1,1,2,17,6,17,15,59,0,1,0,8,1,12,471,12471,30,2004,1FTZR15E44PB,1,F,T,Z,R,1,5,E,4,4,P,B,0,T,FORD,RNS,PC,4,17,,1,0,1259,RNG,G,,,6,245,,,,B,3864,00,U,44,0,0,000000000,00000000000,0,0,0,1,0,0,0,0,0,0,0,65,0,2,5,2,0,6,2,1,0,0,0,1,8,80234,6,1,0,0,3,0,68,158,0,0,0,0,0,0,0,0,0,1,92,0,0,0,1,2,55,1,1,2,1,0,0,1,9,6,1,4,1,1,0
8,80150,1,1,1,18,6,2,0,34,0,1,0,92,0,37,704,37704,83,2009,JH2PE05349K7,J,H,2,P,E,0,5,3,4,9,K,7,0,M,HOND,CRR,MX,9,17,,,,,,,449,,1,,4,234,,,,,,,0,0,000000000,00000000000,0,0,0,1,0,0,0,0,0,0,0,32,0,0,0,12,0,2,3,1,0,0,0,1,8,80435,6,2,0,0,2,0,75,175,0,0,0,0,0,0,0,0,0,1,92,0,0,0,1,2,15,3,6,2,1,0,0,14,6,3,2,4,2,1,1
8,80151,1,1,2,18,6,7,28,31,0,1,0,8,2,49,40,49040,4,2000,4T1BG22K5YU9,4,T,1,B,G,2,2,K,5,Y,U,9,0,P,TOYT,UEX,4D,0,17,2998,,0,1051,,G,,F,4,132,,,14R195,,,,,,0,0,000000000,00000000000,0,0,0,1,0,0,0,0,0,0,0,75,0,1,5,9,0,6,2,1,0,0,0,1,31,68850,6,1,0,0,3,0,72,62,0,0,0,0,1,10,2010,10,2010,0,58,92,0,0,2,2,75,1,1,1,1,0,0,1,12,9,3,4,2,1,0
8,80152,1,1,1,18,6,17,10,1,0,1,0,8,1,76,706,76706,80,2010,JYAVN01E4AA0,J,Y,A,V,N,0,1,E,4,A,A,0,0,M,YAMA,V95,RS,10,17,,,,,,,942,,2,,4,612,,,,,,,0,0,000000000,00000000000,0,0,0,1,0,0,0,0,0,0,0,70,0,0,0,0,0,6,2,1,0,0,0,1,8,81413,6,1,0,0,3,0,72,190,0,0,0,1,0,11,2010,11,2010,1,0,0,0,0,1,2,45,3,5,2,1,0,0,6,51,8,1,4,3,1,0
8,80153,1,1,1,19,6,0,35,35,0,1,0,8,2,49,482,49482,31,2008,5TFDV54128X0,5,T,F,D,V,5,4,1,2,8,X,0,0,T,TOYT,CRM,CW,8,17,,2,0,1457,TUN,G,,,8,348,,,,B,5610,00,7,44,0,0,000000000,00000000000,0,0,0,1,0,0,0,0,0,0,0,50,0,0,0,12,12,6,2,35,0,0,0,1,8,81212,6,1,0,0,3,0,69,130,0,0,0,0,0,0,0,0,0,0,0,0,0,0,1,2,50,3,5,2,1,0,0,14,13,1,1,4,1,1,1
8,80154,1,2,2,19,6,20,40,12,6,1,0,8,1,37,31,37031,2,1987,JHMEC1320HS0,J,H,M,E,C,1,3,2,0,H,S,0,0,P,HOND,5RX,2H,87,17,1801,,0,866,,G,,3,4,091,,,13R175,,,,,,0,0,000000000,00000000000,0,0,0,1,0,0,0,0,0,0,0,10,0,0,0,82,82,6,2,12,0,0,0,1,8,80301,6,1,0,0,3,1,66,175,0,0,0,0,0,0,0,0,0,0,38,0,0,0,1,2,60,1,1,2,1,1,3,11,15,1,1,1,68,1,0
8,80154,2,2,2,19,6,20,40,12,6,1,0,8,2,12,3,12003,2,1999,1FAFP404XXF1,1,F,A,F,P,4,0,4,X,X,F,1,0,P,FORD,MUS,CP,99,17,3069,,0,1013,,G,,F,6,232,,,15R205,,,,,,0,0,000000000,00000000000,0,0,0,1,0,0,0,0,0,0,0,60,0,0,0,12,12,6,2,12,0,0,0,1,8,80504,6,2,0,0,3,1,66,137,0,0,0,0,0,0,0,0,0,0,0,0,0,0,1,2,60,1,6,2,1,1,3,1,62,9,1,1,69,0,0
8,80155,1,2,1,17,6,20,40,12,2,1,0,8,1,49,40,49040,2,1999,2T1CG22P6XC1,2,T,1,C,G,2,2,P,6,X,C,1,0,P,TOYT,CRE,CP,99,17,3120,,0,1051,,G,,F,4,132,,,15R205,,,,,,0,0,000000000,00000000000,0,0,0,1,0,0,0,0,0,0,0,998,0,0,0,12,12,6,2,12,0,0,0,1,8,80919,6,2,0,0,3,3,75,165,0,0,0,1,0,9,2008,9,2008,0,38,0,0,0,5,4,30,1,1,2,1,2,3,11,15,1,1,1,68,0,0
8,80155,2,2,1,17,6,20,40,12,2,1,0,8,1,37,706,37706,80,1983,1HFSC0208DA3,1,H,F,S,C,0,2,0,8,D,A,3,0,M,HOND,G10,RS,83,17,,,,,,,1100,,4,,4,600,,,,,,,0,0,000000000,00000000000,0,0,0,1,0,0,0,0,0,0,0,998,0,0,0,12,12,6,2,12,0,0,0,1,8,80904,6,1,0,0,3,3,71,190,0,0,0,0,0,0,0,0,0,0,0,0,0,0,5,4,30,1,1,2,1,2,3,1,62,3,2,1,69,1,0
8,80156,1,1,1,25,6,1,3,9,0,1,1,8,1,18,20,18020,4,1998,2G4WB52K7W14,2,G,4,W,B,5,2,K,7,W,1,4,0,P,BUIC,RLS,4D,98,17,3353,,0,1090,,G,,F,6,231,,,15R215,,,,,,0,0,000000000,00000000000,0,0,0,1,0,0,0,0,0,0,0,45,0,0,0,12,12,4,1,9,0,0,0,1,8,80817,6,1,0,0,3,0,71,175,0,0,0,0,0,0,0,0,0,0,91,0,0,0,2,3,45,1,5,2,1,28,3,1,80,1,1,1,13,0,1
8,80157,1,1,1,21,6,11,18,31,0,1,0,20,1,12,13,12013,2,1999,3FAKP113XXR1,3,F,A,K,P,1,1,3,X,X,R,1,0,P,FORD,ZCH,CP,99,17,2478,,0,984,,G,,F,4,121,,,14R185,,,,,,0,0,000000000,00000000000,0,0,0,1,0,0,0,0,0,0,0,25,0,1,6,12,0,6,2,1,0,0,0,1,20,67301,6,1,0,0,3,3,63,105,0,0,0,0,0,0,0,0,0,0,53,0,0,0,1,2,25,2,6,2,1,28,3,14,13,1,1,4,1,1,0
8,80158,1,2,1,22,6,22,38,12,6,1,0,8,1,37,705,37705,80,2002,JH2RC44J82K0,J,H,2,R,C,4,4,J,8,2,K,0,0,M,HOND,VT0,RS,2,17,,,,,,,745,,2,,4,505,,,,,,,0,0,000000000,00000000000,0,0,0,1,0,0,0,0,0,0,0,25,0,0,0,81,81,6,2,12,0,0,1,1,8,80124,6,1,0,0,3,3,70,158,0,0,0,0,0,0,0,0,0,0,37,38,0,0,2,2,45,1,1,2,1,2,3,11,15,1,1,1,68,1,1