STATE,ST_CASE,VEH_NO,VE_FORMS,NUMOCCS,DAY,MONTH,HOUR,MINUTE,HARM_EV,MAN_COLL,UNITTYPE,HIT_RUN,REG_STAT,OWNER,MAKE,MODEL,MAK_MOD,BODY_TYP,MOD_YEAR,VIN,VIN_1,VIN_2,VIN_3,VIN_4,VIN_5,VIN_6,VIN_7,VIN_8,VIN_9,VIN_10,VIN_11,VIN_12,TOW_VEH,VINTYPE,VINMAKE,VINA_MOD,VIN_BT,VINMODYR,VIN_LNGT,VIN_WGT,WGTCD_TR,WHLBS_LG,WHLBS_SH,SER_TR,FUELCODE,MCYCL_DS,CARBUR,CYLINDER,DISPLACE,MCYCL_CY,MCYCL_WT,TIRE_SZE,TON_RAT,TRK_WT,TRKWTVAR,VIN_REST,WHLDRWHL,J_KNIFE,MCARR_I1,MCARR_I2,MCARR_ID,GVWR,V_CONFIG,CARGO_BT,HAZ_INV,HAZ_PLAC,HAZ_ID,HAZ_CNO,HAZ_REL,BUS_USE,SPEC_USE,EMER_USE,TRAV_SP,UNDERIDE,ROLLOVER,ROLINLOC,IMPACT1,IMPACT2,DEFORMED,TOWED,M_HARM,VEH_SC1,VEH_SC2,FIRE_EXP,DR_PRES,L_STATE,DR_ZIP,L_STATUS,L_TYPE,CDL_STAT,L_ENDORS,L_COMPL,L_RESTRI,DR_HGT,DR_WGT,PREV_ACC,PREV_SUS,PREV_DWI,PREV_SPD,PREV_OTH,FIRST_MO,FIRST_YR,LAST_MO,LAST_YR,SPEEDREL,DR_SF1,DR_SF2,DR_SF3,DR_SF4,VTRAFWAY,VNUM_LAN,VSPD_LIM,VALIGN,VPROFILE,VPAVETYP,VSURCOND,VTRAFCON,VTCONT_F,P_CRASH1,P_CRASH2,P_CRASH3,PCRASH4,PCRASH5,ACC_TYPE,DEATHS,DR_DRINK
8,80158,2,2,1,22,6,22,38,12,6,1,0,8,2,2,404,2404,14,1996,1J4FJ27S6TL2,1,J,4,F,J,2,7,S,6,T,L,2,0,T,JEEP,CSE,2W,96,17,,1,0,1014,CHK,G,,,6,242,,,,,2962,00,M,44,0,0,000000000,00000000000,0,0,0,1,0,0,0,0,0,0,0,45,0,0,0,12,12,6,2,12,0,0,1,1,8,80204,0,0,0,0,0,0,999,999,0,2,0,0,2,7,2008,11,2010,0,92,0,0,0,2,2,45,1,1,2,1,2,3,1,62,1,1,1,69,0,0
8,80159,1,2,2,21,6,17,29,12,6,1,0,8,1,6,52,6052,6,2001,3C4FY4BB61T2,3,C,4,F,Y,4,B,B,6,1,T,2,0,P,CHRY,PTC,SV,1,17,3109,,0,1030,,G,,F,4,148,,,15R195,,,,,,0,0,000000000,00000000000,0,0,0,1,0,0,0,0,0,0,0,998,0,0,0,12,12,6,2,12,0,0,0,1,8,80526,6,1,0,0,3,0,66,145,0,0,0,0,1,11,2010,11,2010,0,38,0,0,0,1,2,45,1,1,2,1,2,3,11,15,2,1,1,68,0,0
8,80159,2,2,1,21,6,17,29,12,6,1,0,8,1,12,4,12004,2,1963,3Y87Z104222,3,Y,8,7,Z,1,0,4,2,2,2,,0,P,FORD,,,63,11,,,,,,,,,,,,,,,,,,,0,0,000000000,00000000000,0,0,0,1,0,0,0,0,0,0,0,998,0,0,0,63,12,6,2,46,0,0,0,1,8,80526,6,1,0,0,3,3,70,165,0,0,0,0,0,0,0,0,0,0,0,0,0,0,5,3,45,1,1,2,1,2,3,1,62,9,1,1,69,1,0
8,80160,1,1,3,23,6,7,0,58,0,1,0,35,2,30,46,30046,4,2001,WVWAC63B41P0,W,V,W,A,C,6,3,B,4,1,P,0,0,P,VOLK,PGS,4D,1,17,2956,,0,1064,,G,,T,4,109,,,15R195,,,,,,0,0,000000000,00000000000,0,0,0,1,0,0,0,0,0,0,0,90,0,1,5,14,0,6,2,1,0,0,0,1,8,81101,0,0,0,0,0,0,71,170,0,0,0,0,0,0,0,0,0,1,8,36,92,0,1,2,55,1,1,4,1,0,0,1,6,7,1,1,98,2,1
8,80161,1,1,1,24,6,2,25,33,0,1,0,8,1,48,34,48034,6,2000,4S3BH6656Y76,4,S,3,B,H,6,6,5,6,Y,7,6,0,P,SUBA,ULK,SW,0,17,3415,,0,1043,,G,,F,4,153,,,16R225,,,,,,0,0,000000000,00000000000,0,0,0,1,0,0,0,0,0,0,0,60,0,1,6,14,0,6,2,1,0,0,0,1,8,81007,6,1,0,0,3,3,65,170,1,2,0,0,0,7,2010,7,2010,1,8,58,0,0,3,2,30,3,1,2,1,0,0,14,13,6,1,4,1,1,1
8,80162,1,3,1,25,6,10,2,12,2,1,0,8,1,20,37,20037,4,2000,1G1ND52J2Y61,1,G,1,N,D,5,2,J,2,Y,6,1,0,P,CHEV,MAL,4D,0,17,3051,,0,1070,,G,,F,6,191,,,15R215,,,,,,0,0,000000000,00000000000,0,0,0,1,0,0,0,0,0,0,0,35,0,0,0,12,12,6,2,12,0,0,0,1,8,80221,6,1,0,0,3,0,70,155,0,0,0,0,0,0,0,0,0,0,51,92,0,0,3,3,65,1,1,2,1,0,0,1,54,99,1,1,52,1,0
8,80162,2,3,1,25,6,10,2,12,2,1,0,8,2,2,405,2405,14,2002,1J4GL48K62W3,1,J,4,G,L,4,8,K,6,2,W,3,0,T,JEEP,SPR,4W,2,17,,1,0,1043,LIB,G,,,6,226,,,,,3682,02,E,44,0,0,000000000,00000000000,0,0,0,1,0,0,0,0,0,0,0,65,0,0,0,12,12,6,2,12,0,0,0,1,8,80723,6,2,0,0,3,3,65,169,0,0,0,1,1,4,2010,5,2011,0,0,0,0,0,3,3,65,1,1,2,1,0,0,1,54,99,1,1,52,0,0
8,80162,3,3,1,25,6,10,2,12,2,1,0,8,1,20,482,20482,31,2003,3GNEK13T23G3,3,G,N,E,K,1,3,T,2,3,G,3,0,T,CHEV,KAV,CW,3,17,,2,0,1300,AVL,G,,,8,325,,,,B,5652,00,,44,0,0,000000000,00000000000,0,0,0,1,0,0,0,0,0,0,0,55,0,0,0,11,11,4,1,12,0,0,0,1,8,80228,6,1,0,0,3,0,74,255,0,0,0,0,1,11,2008,11,2008,0,0,0,0,0,3,3,65,1,1,2,1,0,0,1,60,99,1,1,98,0,0
8,80163,1,1,2,25,6,10,46,1,0,1,0,48,1,12,422,12422,15,1999,1FMRU1768XLB,1,F,M,R,U,1,7,6,8,X,L,B,0,P,FORD,EPT,UT,99,17,4808,,0,1191,,G,,F,8,281,,,16R255,,,,,,0,0,000000000,00000000000,0,0,0,1,0,0,0,0,0,0,0,75,0,2,5,0,0,6,2,1,0,0,0,1,48,77381,6,1,0,0,3,3,999,999,0,0,0,0,0,0,0,0,0,0,58,92,0,0,2,2,75,1,1,2,1,0,0,1,12,7,4,4,2,1,0
8,80164,1,2,1,25,6,18,33,12,6,1,1,8,1,12,471,12471,30,1994,1FTCR14X9RPA,1,F,T,C,R,1,4,X,9,R,P,A,0,T,FORD,RNS,PC,94,17,,1,0,1250,RNG,G,,,6,245,,,,B,3208,00,A,42,0,0,000000000,00000000000,0,0,0,1,0,0,0,0,0,0,0,60,0,0,0,12,12,6,2,12,0,0,0,1,8,80304,2,1,0,0,2,2,68,130,0,2,1,0,1,3,2011,6,2011,1,58,74,91,92,1,2,50,3,1,2,1,0,0,14,13,8,4,6,64,0,1
8,80164,2,2,3,25,6,18,33,12,6,1,0,8,2,35,46,35046,2,1993,JN1GB36C3PU2,J,N,1,G,B,3,6,C,3,P,U,2,0,P,NISS,NX2,CP,93,17,2461,,0,957,,G,,F,4,122,,,14R195,,,,,,0,0,000000000,00000000000,0,0,0,1,0,0,0,0,0,0,0,50,0,0,0,10,10,6,2,12,0,0,0,1,8,80304,6,1,0,0,3,0,72,200,0,0,0,0,0,0,0,0,0,0,0,0,0,0,1,2,50,1,1,2,1,0,0,1,62,7,1,1,65,1,0
8,80165,1,2,1,27,6,1,25,12,1,1,0,8,1,37,706,37706,80,2002,JH2SC35042M5,J,H,2,S,C,3,5,0,4,2,M,5,0,M,HOND,C1X,RC,2,17,,,,,,,1137,,4,,4,491,,,,,,,0,0,000000000,00000000000,0,0,0,1,0,0,0,0,0,0,0,72,0,0,0,12,12,6,2,12,0,0,0,1,8,80241,6,1,0,0,3,0,71,165,0,0,0,1,4,6,2009,5,2011,1,26,52,0,0,3,3,50,1,5,2,1,0,0,1,51,1,1,1,24,1,1
8,80165,2,2,2,27,6,1,25,12,1,1,0,8,1,2,404,2404,14,1999,1J4FF68S6XL5,1,J,4,F,F,6,8,S,6,X,L,5,0,T,JEEP,SPC,4W,99,17,,1,0,1014,CHK,G,,,6,242,,,,,3255,00,E,44,0,0,000000000,00000000000,0,0,0,1,0,0,0,0,0,0,0,30,0,0,0,6,6,6,2,12,0,0,0,1,8,80602,6,1,0,0,3,0,64,120,0,0,0,2,2,1,2010,2,2011,0,0,0,0,0,3,3,50,1,5,2,1,0,0,1,53,1,1,1,25,0,0
8,80166,1,2,3,26,6,20,49,12,6,1,0,8,2,2,404,2404,14,2006,1J4GR48K66C2,1,J,4,G,R,4,8,K,6,6,C,2,0,T,JEEP,LCF,4W,6,17,,1,0,1095,GCK,G,,,6,226,,,,,4383,00,E,44,0,0,000000000,00000000000,0,0,0,1,0,0,0,0,0,0,0,999,0,0,0,9,9,6,2,12,0,0,0,1,8,80234,6,1,0,0,3,0,73,190,0,0,0,1,2,1,2009,5,2009,0,38,92,0,0,5,5,35,1,1,2,1,0,0,11,98,1,1,1,82,0,0
8,80166,2,2,1,26,6,20,49,12,6,1,0,8,1,71,706,71706,80,2009,ZDM1XBLW79B0,Z,D,M,1,X,B,L,W,7,9,B,0,0,M,DUCA,,,9,17,,,,,,,,,,,,,,,,,,,0,0,000000000,00000000000,0,0,0,1,0,0,0,0,0,0,0,999,0,0,0,12,12,6,2,12,0,0,0,1,8,80130,2,2,0,0,2,2,72,146,0,9,0,0,0,7,2008,3,2011,0,74,92,0,0,5,5,35,1,1,2,1,0,0,1,72,3,1,1,83,1,0
8,80167,1,1,1,1,6,21,37,8,0,1,0,48,1,2,404,2404,14,2004,1J4GW48J24C2,1,J,4,G,W,4,8,J,2,4,C,2,0,T,JEEP,LCF,4W,4,17,,1,0,1059,GCK,G,,,8,287,,,,,3888,02,E,44,0,0,000000000,00000000000,0,0,0,1,0,0,0,0,0,0,0,40,0,0,0,12,12,6,2,8,0,0,0,1,8,80228,0,0,0,0,0,0,999,999,0,1,0,0,0,1,2011,1,2011,0,92,0,0,0,1,4,40,1,1,2,1,0,0,1,80,3,1,1,13,0,0
8,80168,1,1,1,11,6,10,0,1,0,1,0,8,1,73,706,73706,80,2003,JKBVNAP113A0,J,K,B,V,N,A,P,1,1,3,A,0,0,M,KAWK,V5P,RS,3,17,,,,,,,1500,,2,,4,637,,,,,,,0,0,000000000,00000000000,0,0,0,1,0,0,0,0,0,0,0,65,0,0,0,0,0,6,2,1,0,0,0,1,8,80918,6,1,0,0,2,2,69,190,0,8,2,0,0,6,2009,3,2011,0,74,0,0,0,3,2,65,1,1,2,1,28,3,1,9,1,1,1,98,1,0
8,80169,1,1,1,27,6,5,10,32,0,1,0,8,1,35,39,35039,4,1992,JN1EJ01F8NT1,J,N,1,E,J,0,1,F,8,N,T,1,0,P,NISS,MSE,4D,92,17,3146,,0,1043,,G,,F,6,181,,,15R205,,,,,,0,0,000000000,00000000000,0,0,0,1,0,0,0,0,0,0,0,65,0,1,5,12,0,6,2,1,0,0,0,1,8,80514,6,2,0,0,3,0,69,130,0,0,0,0,1,1,2011,1,2011,0,0,0,0,0,1,2,65,1,1,2,1,0,0,1,12,1,1,4,6,1,0
8,80170,1,1,1,29,6,6,30,1,0,1,0,8,1,37,31,37031,4,2002,2HGES15532H5,2,H,G,E,S,1,5,5,3,2,H,5,0,P,HOND,UCL,4D,2,17,2465,,0,1031,,G,,F,4,102,,,14R185,,,,,,0,0,000000000,00000000000,0,0,0,1,0,0,0,0,0,0,0,65,0,2,3,0,0,6,2,1,0,0,0,1,8,81625,6,1,0,0,3,0,69,190,0,0,0,2,0,5,2009,6,2011,0,58,0,0,0,2,2,75,1,1,2,1,0,0,1,12,1,4,4,7,1,0
8,80171,1,1,1,29,6,14,30,1,0,1,0,8,1,37,706,37706,80,2008,JH2RC46038M0,J,H,2,R,C,4,6,0,3,8,M,0,0,M,HOND,V80,RC,8,17,,,,,,,782,,4,,4,540,,,,,,,0,0,000000000,00000000000,0,0,0,1,0,0,0,0,0,0,0,80,0,0,0,0,12,6,2,42,0,0,0,1,8,80226,6,1,0,0,3,1,71,185,0,0,0,0,4,10,2008,1,2011,1,0,0,0,0,1,2,50,3,5,2,1,28,3,14,6,9,1,4,1,1,1
8,80172,1,1,1,14,6,4,45,8,0,1,0,8,1,21,1,21001,2,1986,1G3NT27L6GC8,1,G,3,N,T,2,7,L,6,G,C,8,0,P,OLDS,SUP,CP,86,17,2425,,0,1034,,G,,F,6,181,,,13R185,,,,,,0,0,000000000,00000000000,0,0,0,1,0,0,0,0,0,0,0,30,0,0,0,12,12,2,1,8,0,0,0,1,8,80205,6,1,6,0,3,0,69,200,0,1,0,1,1,9,2008,12,2009,0,0,0,0,0,1,2,30,1,6,2,1,0,0,11,80,1,1,1,13,0,0
8,80173,1,2,2,21,6,16,55,38,0,1,0,12,1,98,850,98850,65,2008,1RF135714810,1,R,F,1,3,5,7,1,4,8,1,0,1,U,,,,8,17,,,,,,,,,,,,,,,,,,,1,0,000000000,00000000000,0,0,0,1,0,0,0,0,0,0,0,63,0,0,0,12,12,6,2,12,0,0,0,1,12,32966,6,1,0,0,3,3,69,999,0,0,0,1,0,10,2009,10,2009,0,80,0,0,0,2,2,75,1,1,2,1,0,0,1,3,3,1,4,1,0,0
8,80173,2,2,1,21,6,16,55,38,0,1,0,8,3,23,481,23481,31,2006,1GTHK29U16E2,1,G,T,H,K,2,9,U,1,6,E,2,0,T,GMC,2KH,4C,6,17,,2,1575,1435,SIE,G,,,8,366,,,,C,5659,02,E,44,0,0,000000000,00000000000,0,0,0,1,0,0,0,0,0,0,0,50,0,0,0,12,12,6,2,12,0,0,0,1,8,81650,6,1,0,0,3,0,71,175,0,0,0,0,1,3,2011,3,2011,0,0,0,0,0,1,2,50,1,1,2,1,0,0,1,54,3,1,1,98,1,0
8,80174,1,1,2,25,6,10,40,18,0,1,0,8,1,41,45,41045,1,2001,JM1NB3537102,J,M,1,N,B,3,5,3,7,1,0,2,0,P,MAZD,MIS,CV,1,17,2387,,0,892,,G,,F,4,112,,,15R195,,,,,,0,0,000000000,00000000000,0,0,0,1,0,0,0,0,0,0,0,55,0,1,3,14,0,6,2,1,0,0,0,1,8,80015,6,1,0,0,3,3,64,125,0,0,0,0,0,0,0,0,0,0,0,0,0,0,2,2,55,2,6,1,1,0,0,14,12,7,3,4,7,1,0
8,80175,1,1,1,29,6,21,4,8,0,1,0,8,1,35,51,35051,6,2011,JN8AS5MV5BW2,J,N,8,A,S,5,M,V,5,B,W,2,0,P,NISS,ROG,UT,11,17,3435,,0,1059,,G,,F,4,153,,,16R215,,,,,,0,0,000000000,00000000000,0,0,0,1,0,0,0,0,0,0,0,40,0,0,0,12,12,4,3,8,0,0,0,1,8,80212,6,1,0,0,3,0,60,110,0,0,0,0,0,0,0,0,0,0,0,0,0,0,1,4,40,1,5,2,1,0,0,1,80,99,1,1,13,0,0
8,80176,1,1,1,9,6,21,28,8,0,1,0,8,2,41,51,41051,5,2011,JM1BL1K51B14,J,M,1,B,L,1,K,5,1,B,1,4,0,P,MAZD,M3S,4H,11,17,3064,,0,0,,G,,F,4,152,,,000000,,,,,,0,0,000000000,00000000000,0,0,0,1,0,0,0,0,0,0,0,25,0,0,0,12,12,4,1,8,0,0,0,1,8,80501,6,7,0,0,3,0,63,185,0,0,0,0,0,0,0,0,0,0,0,0,0,0,1,2,25,1,1,2,1,0,0,1,80,1,1,1,13,0,0
8,80177,1,2,1,27,6,15,25,12,1,1,0,92,0,37,701,37701,88,2003,JH2AF60043K1,J,H,2,A,F,6,0,0,4,3,K,1,0,M,HOND,HF5,MS,3,17,,,,,,,49,,1,,4,157,,,,,,,0,0,000000000,00000000000,0,0,0,1,0,0,0,0,0,0,0,30,0,0,0,12,12,4,3,12,0,0,0,1,8,80012,6,1,0,0,2,1,62,116,0,0,0,0,0,0,0,0,0,0,26,92,0,0,3,3,40,1,1,2,1,0,0,1,51,99,1,1,24,1,0
8,80177,2,2,3,27,6,15,25,12,1,1,0,8,3,12,461,12461,21,2001,1FDSE35L81HA,1,F,D,S,E,3,5,L,8,1,H,A,0,T,FORD,3DC,YY,1,17,,2,1760,1380,CTV,G,,,8,330,,,,,4825,08,E,42,0,0,000000000,00000000000,0,0,0,1,0,0,0,0,0,0,0,10,0,0,0,6,6,2,1,12,0,0,0,1,8,80224,6,1,0,0,3,0,72,200,0,0,0,1,2,5,2009,8,2010,0,0,0,0,0,3,3,40,1,1,2,1,0,0,10,16,99,1,1,27,0,0
8,80178,1,2,2,9,6,10,47,12,6,1,0,8,1,48,34,48034,6,1992,4S3BJ632XN69,4,S,3,B,J,6,3,2,X,N,6,9,0,P,SUBA,L44,SW,92,17,2985,,0,1016,,G,,F,4,135,,,14R185,,,,,,0,0,000000000,00000000000,0,0,0,1,0,0,0,0,0,0,0,998,0,0,0,3,3,6,2,12,0,0,0,1,8,81301,6,1,0,0,3,1,66,108,0,0,0,0,0,0,0,0,0,0,38,0,0,0,1,4,50,1,1,2,1,2,3,11,15,1,1,1,68,2,0
8,80178,2,2,1,9,6,10,47,12,6,1,0,35,1,7,482,7482,31,1999,3B7KF2363XG1,3,B,7,K,F,2,3,6,3,X,G,1,0,T,DODG,Q25,4C,99,17,,2,1547,1387,RPC,D,,,6,359,,,,C,5695,00,U,44,0,0,000000000,00000000000,0,0,0,1,0,0,0,0,0,0,0,998,0,0,0,12,12,6,2,12,0,0,0,1,35,87401,6,1,0,0,3,0,65,160,98,0,0,0,1,4,2011,4,2011,0,0,0,0,0,1,4,50,1,1,2,1,2,3,1,62,1,1,1,69,0,0
8,80179,1,2,1,1,7,16,30,12,6,1,0,8,1,76,705,76705,80,2002,JYAVM01E52A0,J,Y,A,V,M,0,1,E,5,2,A,0,0,M,YAMA,V6A,RS,2,17,,,,,,,649,,2,,4,505,,,,,,,0,0,000000000,00000000000,0,0,0,1,0,0,0,0,0,0,0,15,0,0,0,81,81,6,2,12,0,0,0,1,8,80906,6,1,0,0,3,1,63,150,0,0,0,2,0,2,2011,6,2011,0,38,0,0,0,2,3,50,1,1,2,1,1,3,11,15,1,1,1,68,1,0
8,80179,2,2,1,1,7,16,30,12,6,1,0,8,1,7,482,7482,31,2011,1D7RV1GTXBS6,1,D,7,R,V,1,G,T,X,B,S,6,0,T,DODG,Q15,CW,11,17,,2,0,1400,RPC,G,,,8,348,,,,B,5200,00,K,44,0,0,000000000,00000000000,0,0,0,1,0,0,0,0,0,0,0,50,0,0,0,12,12,6,2,12,0,0,0,1,42,80817,6,1,0,0,3,0,64,999,0,0,0,0,0,0,0,0,0,0,0,0,0,0,2,3,50,1,1,2,1,1,3,1,62,1,1,1,69,0,0
8,80180,1,1,1,1,7,19,25,1,0,1,0,8,1,72,706,72706,80,2009,1HD1FB4129Y6,1,H,D,1,F,B,4,1,2,9,Y,6,0,M,HD,FHR,RS,9,17,,,,,,,1584,,2,,4,812,,,,,,,0,0,000000000,00000000000,0,0,0,1,0,0,0,0,0,0,0,50,0,0,0,0,12,6,2,35,0,0,0,1,8,80620,6,1,0,0,3,0,73,230,0,0,0,0,1,11,2008,11,2008,1,53,0,0,0,1,2,45,3,6,2,1,28,3,14,13,3,2,4,2,1,0
8,80181,1,1,1,3,7,3,30,1,0,1,0,8,1,20,481,20481,31,2005,1GCHK29255E2,1,G,C,H,K,2,9,2,5,5,E,2,0,T,CHEV,2KH,4C,5,17,,2,1575,1435,SIL,D,,,8,403,,,,C,5631,00,,44,0,0,000000000,00000000000,0,0,0,1,0,0,0,0,0,0,0,65,0,2,5,0,0,6,2,1,0,0,0,1,8,81648,6,1,0,0,3,0,74,190,0,0,0,1,1,3,2010,5,2010,1,0,0,0,0,1,2,40,1,1,4,1,0,0,1,12,7,4,4,7,1,1
8,80182,1,1,1,3,7,22,29,1,0,1,0,8,1,72,706,72706,80,1982,1HD1EBK18CY1,1,H,D,1,E,B,K,1,8,C,Y,1,0,M,HD,FRS,RS,82,17,,,,,,,1340,,2,,4,585,,,,,,,0,0,000000000,00000000000,0,0,0,1,0,0,0,0,0,0,0,35,0,0,0,0,0,2,3,1,0,0,0,1,8,81647,6,1,6,0,2,0,72,220,0,0,0,0,0,0,0,0,0,0,92,0,0,0,1,2,30,3,5,2,1,0,0,14,13,8,4,6,98,1,1
8,80183,1,1,1,5,7,2,0,25,0,1,0,40,3,82,881,82881,66,2007,1FUJA6CV17LX,1,F,U,J,A,6,C,V,1,7,L,X,1,T,FRHT,COL,TR,7,17,,8,0,0,CON,D,,,6,782,,,,,00000,00,,64,1,57,3259,573259,3,6,8,1,0,0,0,0,0,0,0,50,0,0,0,12,12,6,2,35,0,0,1,1,28,39601,6,1,6,1,3,0,70,185,0,0,0,0,0,0,0,0,0,1,53,0,0,0,1,2,25,3,6,2,1,40,3,14,6,7,1,4,1,1,0
8,80184,1,2,1,6,7,13,55,12,2,1,0,8,1,7,461,7461,21,1994,2B6HB21X3RK5,2,B,6,H,B,2,1,X,3,R,K,5,0,T,DODG,B25,CG,94,17,,2,1276,1096,RMV,G,,,6,239,,,,C,3618,03,A,42,0,0,000000000,00000000000,0,0,0,1,0,0,0,0,0,0,0,35,0,0,0,12,12,6,2,12,0,0,0,1,8,80524,6,1,0,0,3,0,72,148,0,0,0,0,0,0,0,0,0,0,51,0,0,0,1,2,35,1,1,2,1,0,0,1,10,1,1,1,50,1,0
8,80184,2,2,1,6,7,13,55,12,2,1,0,8,3,84,881,84881,63,1999,1HTSHADR9XH6,1,H,T,S,H,A,D,R,9,X,H,6,0,T,INTL,490,CC,99,17,,8,2540,1520,40S,D,,,6,530,,,,,00000,00,,64,0,57,0949115,570949115,3,2,7,1,0,0,0,0,0,0,0,30,0,0,0,12,12,6,2,12,0,0,0,1,8,80550,6,1,6,1,3,1,69,225,0,0,0,0,0,0,0,0,0,0,0,0,0,0,1,2,35,1,1,2,1,0,0,1,62,9,1,1,51,0,0
8,80185,1,1,1,5,7,14,47,1,0,1,0,8,2,20,401,20401,14,1996,1GNDT13W6T21,1,G,N,D,T,1,3,W,6,T,2,1,0,P,CHEV,BZR,UT,96,17,4023,,0,1070,,G,,F,6,262,,,15R235,,,,,,0,0,000000000,00000000000,0,0,0,1,0,0,0,0,0,0,0,999,0,2,2,0,0,6,2,1,0,0,0,1,8,80221,6,2,0,0,3,0,63,150,0,0,0,1,2,9,2009,2,2011,1,8,0,0,0,3,4,55,1,6,2,1,0,0,15,6,8,1,4,1,1,0
8,80186,1,2,1,9,7,5,12,12,11,1,0,8,1,62,403,62403,14,2004,SALNY22274A4,S,A,L,N,Y,2,2,2,7,4,A,4,0,T,LNDR,FSE,4W,4,17,,1,0,1010,FRE,G,,,6,152,,,,,3488,00,E,44,0,0,000000000,00000000000,0,0,0,1,0,0,0,0,0,0,0,40,1,0,0,13,13,6,2,12,0,0,0,1,8,80033,6,1,0,0,3,0,69,200,0,0,0,0,2,9,2008,12,2010,1,8,0,0,0,4,2,30,1,1,2,1,1,3,1,17,9,1,1,88,1,0
8,80186,2,2,2,9,7,5,12,12,11,1,0,17,3,84,881,84881,66,2005,2HSCEAPR85C2,2,H,S,C,E,A,P,R,8,5,C,2,1,T,INTL,92I,TR,5,17,,8,0,0,920,D,,,6,915,,,,,00000,00,,64,1,57,1062707,571062707,3,6,1,1,0,0,0,0,0,0,0,10,0,0,0,8,14,8,1,12,0,0,0,1,8,80020,6,1,6,1,3,0,74,185,0,0,0,0,1,6,2011,6,2011,0,0,0,0,0,4,3,30,3,1,2,1,1,3,14,66,9,1,1,89,0,0
8,80187,1,2,1,11,7,10,55,12,6,1,0,8,1,20,2,20002,4,1991,1G1BN53E5MW1,1,G,1,B,N,5,3,E,5,M,W,1,0,P,CHEV,CLL,4D,91,17,3685,,0,1159,,G,,F,8,305,,,15R205,,,,,,0,0,000000000,00000000000,0,0,0,1,0,0,0,0,0,0,0,15,0,0,0,62,62,6,2,12,0,0,0,1,8,80501,6,1,0,0,3,3,57,120,0,0,0,0,0,0,0,0,0,0,48,0,0,0,5,4,65,1,1,1,1,28,3,12,10,1,1,1,98,1,0
8,80187,2,2,2,11,7,10,55,12,6,1,0,8,1,6,441,6441,20,2011,2A4RR8DG9BR6,2,A,4,R,R,8,D,G,9,B,R,6,0,P,CHRY,TWC,SV,11,17,4507,,0,1212,,F,,F,6,220,,,17R225,,,,,,0,0,000000000,00000000000,0,0,0,1,0,0,0,0,0,0,0,65,0,0,0,12,12,6,2,12,0,0,0,1,8,80501,6,1,0,0,3,0,73,204,0,0,0,0,1,11,2009,11,2009,0,0,0,0,0,5,4,65,1,1,1,1,28,3,1,61,6,1,1,98,0,0
8,80188,1,2,2,9,7,14,0,12,2,1,0,8,1,48,34,48034,4,1999,4S3BD4359X72,4,S,3,B,D,4,3,5,9,X,7,2,0,P,SUBA,U4A,4D,99,17,2885,,0,1035,,G,,F,4,135,,,14R185,,,,,,0,0,000000000,00000000000,0,0,0,1,0,0,0,0,0,0,0,45,0,0,0,12,12,6,2,12,0,0,0,1,8,80466,6,1,0,0,3,0,71,150,0,0,0,0,0,0,0,0,0,0,58,0,0,0,1,2,45,1,5,2,1,0,0,1,8,3,2,2,50,1,0
8,80188,2,2,1,9,7,14,0,12,2,1,0,8,1,55,36,55036,3,2000,KMHCF35G8YU0,K,M,H,C,F,3,5,G,8,Y,U,0,0,P,HYUN,ACL,2H,0,17,2280,,0,961,,G,,F,4,091,,,13R175,,,,,,0,0,000000000,00000000000,0,0,0,1,0,0,0,0,0,0,0,45,0,0,0,12,12,6,2,12,0,0,0,1,8,80226,6,1,0,0,3,3,67,145,0,0,0,0,1,1,2010,1,2010,0,92,0,0,0,1,2,45,1,6,2,1,0,0,1,62,99,1,1,51,0,0
8,80189,1,2,1,11,7,12,0,12,6,1,0,56,1,20,403,20403,14,2003,1GNDT13S2322,1,G,N,D,T,1,3,S,2,3,2,2,0,P,CHEV,TRL,UT,3,17,4600,,0,1130,,G,,F,6,256,,,16R245,,,,,,0,0,000000000,00000000000,0,0,0,1,0,0,0,0,0,0,0,15,0,0,0,63,63,6,2,12,0,0,0,1,56,82082,6,1,0,0,3,0,66,135,0,0,0,2,0,12,2008,7,2010,0,38,0,0,0,1,2,55,1,1,4,1,20,3,4,17,1,1,1,89,0,0
8,80189,2,2,2,11,7,12,0,12,6,1,0,8,1,99,998,99998,97,1975,14177,1,4,1,7,7,,,,,,,,0,U,,,,75,5,,,,,,,,,,,,,,,,,,,0,0,000000000,00000000000,0,0,0,1,0,0,0,0,0,0,0,45,0,0,0,12,12,6,2,12,0,0,0,1,8,80513,6,1,0,0,3,3,75,230,0,0,0,0,0,0,0,0,0,0,0,0,0,0,1,2,55,1,1,2,1,0,0,1,66,1,1,1,88,1,0
8,80190,1,1,2,3,7,2,14,8,0,1,0,8,1,20,2,20002,4,1976,1N69V6J30142,1,N,6,9,V,6,J,3,0,1,4,2,0,P,CHEV,CCL,4D,76,13,4285,,0,1215,,G,,2,8,350,,,15HR78,,,,,,0,0,000000000,00000000000,0,0,0,1,0,0,0,0,0,0,0,35,0,0,0,12,12,4,3,8,0,0,0,1,8,80010,6,1,0,0,3,0,67,163,0,0,0,0,0,0,0,0,0,0,0,0,0,0,3,2,35,1,1,2,1,0,0,1,80,3,2,1,13,0,0
8,80191,1,2,5,11,7,0,25,12,6,1,0,31,1,23,441,23441,20,2001,1GKDM19W41B5,1,G,K,D,M,1,9,W,4,1,B,5,0,T,GMC,SXT,ES,1,17,,1,0,1112,SAF,G,,,6,262,,,,B,4218,00,E,42,0,0,000000000,00000000000,0,0,0,1,0,0,0,0,0,0,0,999,0,1,1,3,0,6,2,1,0,0,0,1,35,87108,6,1,0,0,3,0,62,161,98,0,0,0,0,0,0,0,0,9,39,53,0,0,2,3,35,1,1,2,1,2,3,1,17,1,1,1,87,1,0