STATE,ST_CASE,VEH_NO,VE_FORMS,NUMOCCS,DAY,MONTH,HOUR,MINUTE,HARM_EV,MAN_COLL,UNITTYPE,HIT_RUN,REG_STAT,OWNER,MAKE,MODEL,MAK_MOD,BODY_TYP,MOD_YEAR,VIN,VIN_1,VIN_2,VIN_3,VIN_4,VIN_5,VIN_6,VIN_7,VIN_8,VIN_9,VIN_10,VIN_11,VIN_12,TOW_VEH,VINTYPE,VINMAKE,VINA_MOD,VIN_BT,VINMODYR,VIN_LNGT,VIN_WGT,WGTCD_TR,WHLBS_LG,WHLBS_SH,SER_TR,FUELCODE,MCYCL_DS,CARBUR,CYLINDER,DISPLACE,MCYCL_CY,MCYCL_WT,TIRE_SZE,TON_RAT,TRK_WT,TRKWTVAR,VIN_REST,WHLDRWHL,J_KNIFE,MCARR_I1,MCARR_I2,MCARR_ID,GVWR,V_CONFIG,CARGO_BT,HAZ_INV,HAZ_PLAC,HAZ_ID,HAZ_CNO,HAZ_REL,BUS_USE,SPEC_USE,EMER_USE,TRAV_SP,UNDERIDE,ROLLOVER,ROLINLOC,IMPACT1,IMPACT2,DEFORMED,TOWED,M_HARM,VEH_SC1,VEH_SC2,FIRE_EXP,DR_PRES,L_STATE,DR_ZIP,L_STATUS,L_TYPE,CDL_STAT,L_ENDORS,L_COMPL,L_RESTRI,DR_HGT,DR_WGT,PREV_ACC,PREV_SUS,PREV_DWI,PREV_SPD,PREV_OTH,FIRST_MO,FIRST_YR,LAST_MO,LAST_YR,SPEEDREL,DR_SF1,DR_SF2,DR_SF3,DR_SF4,VTRAFWAY,VNUM_LAN,VSPD_LIM,VALIGN,VPROFILE,VPAVETYP,VSURCOND,VTRAFCON,VTCONT_F,P_CRASH1,P_CRASH2,P_CRASH3,PCRASH4,PCRASH5,ACC_TYPE,DEATHS,DR_DRINK
8,80228,1,1,2,5,8,23,45,31,0,1,0,8,1,12,481,12481,31,1997,1FTFX27LXVKC,1,F,T,F,X,2,7,L,X,V,K,C,0,T,FORD,F25,3C,97,17,,2,0,1390,COF,G,,,8,330,,,,C,4380,00,E,42,0,0,000000000,00000000000,0,0,0,1,0,0,0,0,0,0,0,45,0,2,6,12,0,6,2,1,0,0,0,1,8,81401,2,1,0,0,2,2,70,200,0,5,2,0,0,9,2010,7,2011,1,74,92,0,0,1,2,20,3,6,4,2,40,3,14,6,3,4,4,2,1,1
8,80229,1,2,2,5,8,15,50,12,6,1,0,6,2,34,401,34401,14,2009,5UXFE43529L2,5,U,X,F,E,4,3,5,2,9,L,2,0,P,BMW,BX5,UT,9,17,4916,,0,1155,,G,,F,6,183,,,18R255,,,,,,0,0,000000000,00000000000,0,0,0,1,0,0,0,0,0,0,0,29,0,0,0,12,12,6,2,12,0,0,0,1,6,92833,6,1,0,0,3,1,69,170,0,0,0,0,0,0,0,0,0,0,39,53,0,0,6,1,45,1,5,2,1,20,3,1,17,1,1,1,86,0,0
8,80229,2,2,1,5,8,15,50,12,6,1,0,39,1,72,706,72706,80,2003,1HD1BXB153Y0,1,H,D,1,B,X,B,1,5,3,Y,0,0,M,HD,ISF,RS,3,17,,,,,,,1450,,2,,4,666,,,,,,,0,0,000000000,00000000000,0,0,0,1,0,0,0,0,0,0,0,28,0,0,0,1,0,6,2,1,0,0,0,1,8,81328,6,1,0,0,3,0,62,132,0,0,0,1,0,12,2009,12,2009,0,0,0,0,0,1,2,25,1,1,2,1,0,0,1,66,1,1,1,87,1,0
8,80230,1,2,1,7,8,10,50,12,6,1,0,8,1,45,31,45031,1,1983,WP0EA0918DS1,W,P,0,E,A,0,9,1,8,D,S,1,0,P,PORS,9SC,CV,83,17,2615,,0,895,,G,,F,6,183,,,15R185,,,,,,0,0,000000000,00000000000,0,0,0,1,0,0,0,0,0,0,0,30,0,0,0,9,9,6,2,12,0,0,0,1,48,75225,6,1,0,0,3,3,999,999,0,0,0,0,0,0,0,0,0,0,38,0,0,0,1,2,30,1,1,2,1,20,3,11,15,1,1,1,82,1,0
8,80230,2,2,1,7,8,10,50,12,6,1,0,8,4,12,22,12022,6,2006,1FMDK06156GA,1,F,M,D,K,0,6,1,5,6,G,A,0,P,FORD,FSL,UT,6,17,4112,,0,1129,,G,,F,6,183,,,18R225,,,,,,0,0,000000000,00000000000,0,0,0,1,0,0,0,0,0,0,0,50,0,0,0,12,12,6,2,12,0,0,0,1,8,81615,3,1,0,0,2,0,60,150,0,0,0,1,0,12,2008,12,2008,0,0,0,0,0,2,2,50,1,1,2,1,0,0,1,67,6,1,2,83,0,0
8,80231,1,1,1,7,8,13,0,18,0,1,0,48,1,72,706,72706,80,2005,1HD1FXV175Y6,1,H,D,1,F,X,V,1,7,5,Y,6,0,M,HD,HRF,RS,5,17,,,,,,,1450,,2,,4,721,,,,,,,0,0,000000000,00000000000,0,0,0,1,0,0,0,0,0,0,0,70,0,0,0,14,0,6,2,1,0,0,0,1,48,78108,6,1,0,0,3,0,73,195,0,0,0,0,1,7,2011,7,2011,1,81,92,0,0,1,2,65,3,1,2,1,40,3,14,90,9,1,1,12,1,0
8,80232,1,1,3,6,8,18,20,1,0,1,0,8,1,20,481,20481,31,1981,1GCEK14D2BF3,1,G,C,E,K,1,4,D,2,B,F,3,0,T,CHEV,K10,PK,81,17,,2,1315,1175,K10,G,,,6,250,,,,B,3857,01,,44,0,0,000000000,00000000000,0,0,0,1,0,0,0,0,0,0,0,82,0,2,5,0,13,6,2,35,0,0,0,1,8,81137,6,2,0,0,3,0,70,165,0,0,0,0,0,0,0,0,0,1,80,92,0,0,1,2,65,1,1,2,1,0,0,1,1,7,3,4,2,3,1
8,80233,1,2,2,8,8,16,40,24,0,1,0,49,4,72,706,72706,80,2011,1HD1FF432BB6,1,H,D,1,F,F,4,3,2,B,B,6,0,M,HD,HTF,RS,11,17,,,,,,,1584,,2,,4,827,,,,,,,0,0,000000000,00000000000,0,0,0,1,0,0,0,0,0,0,0,35,0,0,0,11,11,6,2,1,0,0,0,1,97,0,9,9,99,0,9,9,999,999,99,99,99,99,99,99,9999,99,9999,0,92,0,0,0,1,2,30,2,6,2,1,40,3,14,12,7,1,4,6,1,0
8,80233,2,2,5,8,8,16,40,24,0,1,0,8,1,49,482,49482,31,2007,5TBDV54137S4,5,T,B,D,V,5,4,1,3,7,S,4,0,T,TOYT,CRW,CW,7,17,,2,0,1457,TUN,G,,,8,348,,,,B,5610,00,S,44,0,0,000000000,00000000000,0,0,0,1,0,0,0,0,0,0,0,30,0,0,0,14,14,0,1,18,0,0,0,1,8,81423,6,1,0,0,3,0,71,195,0,0,0,0,0,0,0,0,0,0,0,0,0,0,1,2,30,3,5,2,1,40,3,14,90,1,1,1,98,0,0
8,80234,1,2,1,11,8,17,40,12,2,1,0,8,2,18,3,18003,4,1995,1G4CW52K3SH6,1,G,4,C,W,5,2,K,3,S,H,6,0,P,BUIC,PKA,4D,95,17,3532,,0,1108,,G,,F,6,231,,,15R205,,,,,,0,0,000000000,00000000000,0,0,0,1,0,0,0,0,0,0,0,55,0,0,0,12,12,6,2,12,0,0,0,1,8,80815,6,2,0,0,3,3,66,135,0,0,0,1,0,3,2011,3,2011,0,52,0,0,0,1,2,55,1,3,5,1,0,0,1,10,8,1,2,50,1,0
8,80234,2,2,1,11,8,17,40,12,2,1,0,8,2,20,481,20481,31,1992,2GCGK29N6N11,2,G,C,G,K,2,9,N,6,N,1,1,0,T,CHEV,GK2,PC,92,17,,2,1555,1415,GM4,G,,,8,454,,,,C,4481,03,,44,0,0,000000000,00000000000,0,0,0,1,0,0,0,0,0,0,0,55,0,0,0,12,12,6,2,12,0,0,0,1,8,80815,6,2,0,0,3,3,72,140,0,0,0,1,0,5,2011,5,2011,0,0,0,0,0,1,2,55,1,3,5,1,0,0,1,62,9,1,1,51,0,0
8,80235,1,1,1,13,8,3,0,42,0,1,0,8,5,30,42,30042,1,1986,WVWCA0159GK0,W,V,W,C,A,0,1,5,9,G,K,0,0,P,VOLK,CAB,CV,86,17,2254,,0,945,,G,,F,4,109,,,13R175,,,,,,0,0,000000000,00000000000,0,0,0,1,0,0,0,0,0,0,0,35,0,1,5,81,81,6,2,3,0,0,0,1,8,80537,0,0,0,0,0,0,999,999,0,4,1,0,0,1,2009,4,2009,0,92,0,0,0,1,2,65,1,1,2,1,0,0,1,12,1,1,4,6,1,0
8,80236,1,1,3,15,8,0,37,31,0,1,0,8,2,7,41,7041,4,2001,2B3AD46R91H6,2,B,3,A,D,4,6,R,9,1,H,6,0,P,DODG,ISE,4D,1,17,3393,,0,1130,,G,,F,6,167,,,16R225,,,,,,0,0,000000000,00000000000,0,0,0,1,0,0,0,0,0,0,0,81,0,1,5,98,0,6,2,1,0,0,0,1,8,80013,2,2,0,0,2,2,64,130,0,3,0,0,0,9,2009,12,2010,1,74,82,0,0,2,2,55,1,1,2,1,0,0,1,12,7,4,4,2,1,1
8,80237,1,2,1,16,8,13,17,12,6,1,0,8,3,87,884,87884,66,1969,351ST28789,3,5,1,S,T,2,8,7,8,9,,,1,T,PTRB,,,69,10,,,,,,,,,,,,,,,,,,,1,57,637026,57637026,3,6,10,1,0,0,0,0,0,0,0,55,0,0,0,12,12,6,2,12,0,0,0,1,8,81132,6,1,6,1,3,1,73,200,0,0,0,0,0,0,0,0,0,0,39,92,0,0,3,2,55,1,1,2,1,1,3,1,17,1,1,1,83,0,0
8,80237,2,2,1,16,8,13,17,12,6,1,0,8,2,2,404,2404,14,1999,1J4GW68N2XC7,1,J,4,G,W,6,8,N,2,X,C,7,0,T,JEEP,LMT,4W,99,17,,1,0,1059,GCK,G,,,8,287,,,,,3809,00,E,44,0,0,000000000,00000000000,0,0,0,1,0,0,0,0,0,0,0,10,0,0,0,9,9,6,2,12,0,0,0,1,8,81601,0,0,0,0,0,0,999,999,0,0,0,0,0,0,0,0,0,0,92,0,0,0,1,2,25,1,5,2,1,1,3,11,67,1,1,1,82,1,0
8,80238,1,3,1,18,8,16,20,12,2,1,0,6,1,98,706,98706,80,2011,VBKEXN409BM4,V,B,K,E,X,N,4,0,9,B,M,4,0,U,,,,11,17,,,,,,,,,,,,,,,,,,,0,0,000000000,00000000000,0,0,0,1,0,0,0,0,0,0,0,45,0,0,0,12,12,6,2,12,0,0,0,1,6,93035,6,1,0,0,3,0,73,225,0,0,0,0,0,0,0,0,0,1,53,0,0,0,1,2,30,3,1,4,1,28,3,14,10,9,1,2,50,1,0
8,80238,2,3,1,18,8,16,20,12,2,1,0,8,1,2,404,2404,14,2001,1J4FF48S51L5,1,J,4,F,F,4,8,S,5,1,L,5,0,T,JEEP,SPT,4W,1,17,,1,0,1014,CHK,G,,,6,244,,,,,3249,00,E,44,0,0,000000000,00000000000,0,0,0,1,0,0,0,0,0,0,0,20,0,0,0,12,12,6,2,12,0,0,0,1,8,81235,6,1,0,0,3,0,73,200,0,0,0,0,0,0,0,0,0,0,0,0,0,0,1,2,20,2,1,4,1,28,3,14,62,3,2,1,51,0,0
8,80238,3,3,1,18,8,16,20,12,2,1,0,6,1,37,705,37705,80,2000,JH2RE0115YK1,J,H,2,R,E,0,1,1,5,Y,K,1,0,M,HOND,X6R,T,0,17,,,,,,,649,,1,,4,277,,,,,,,0,0,000000000,00000000000,0,0,0,1,0,0,0,0,0,0,0,45,0,0,0,9,0,2,1,1,0,0,0,1,6,91214,6,1,0,0,3,0,70,170,0,0,0,0,0,0,0,0,0,1,0,0,0,0,1,2,30,3,1,4,1,28,3,14,98,1,1,1,98,0,0
8,80239,1,2,1,17,8,16,1,12,6,1,0,8,1,37,32,37032,4,1999,JHMCG5644XC0,J,H,M,C,G,5,6,4,4,X,C,0,0,P,HOND,ULX,4D,99,17,3053,,0,1069,,G,,F,4,138,,,15R195,,,,,,0,0,000000000,00000000000,0,0,0,1,0,0,0,0,0,0,0,998,0,0,0,10,10,6,2,12,0,0,0,1,8,80909,6,1,0,0,3,3,62,130,0,0,0,0,0,0,0,0,0,0,48,0,0,0,1,4,35,1,1,2,1,0,0,12,98,1,1,2,98,1,0
8,80239,2,2,1,17,8,16,1,12,6,1,0,8,1,2,404,2404,14,1997,1J4FJ78S8VL5,1,J,4,F,J,7,8,S,8,V,L,5,0,T,JEEP,CTY,4W,97,17,,1,0,1014,CHK,G,,,6,242,,,,,3244,00,E,44,0,0,000000000,00000000000,0,0,0,1,0,0,0,0,0,0,0,998,0,0,0,12,12,6,2,12,0,0,0,1,8,80907,6,1,0,0,3,3,65,160,0,0,0,1,1,5,2009,7,2011,0,0,0,0,0,1,4,35,1,1,2,1,0,0,1,61,3,1,1,98,0,0
8,80240,1,3,1,18,8,16,17,1,0,1,0,8,1,53,705,53705,80,2008,JS1GN7EAX821,J,S,1,G,N,7,E,A,X,8,2,1,0,M,SUZI,G60,RC,8,17,,,,,,,599,,4,,4,359,,,,,,,0,0,000000000,00000000000,0,0,0,1,0,0,0,0,0,0,0,998,0,0,0,0,12,6,2,12,0,0,0,1,8,80917,6,2,0,0,3,0,71,155,0,0,0,0,1,9,2010,9,2010,1,26,52,92,0,2,3,40,1,1,2,1,2,3,2,50,3,2,1,98,1,0
8,80240,2,3,1,18,8,16,17,1,0,1,0,8,1,12,481,12481,31,2006,1FTSW21P76EC,1,F,T,S,W,2,1,P,7,6,E,C,0,T,FORD,F2S,CW,6,17,,2,1720,1560,SRW,D,,,8,366,,,,C,6395,01,E,44,0,0,000000000,00000000000,0,0,0,1,0,0,0,0,0,0,0,0,0,0,0,6,6,4,1,12,0,0,0,1,8,80132,6,1,0,0,3,3,70,165,0,0,0,1,0,12,2009,12,2009,0,0,0,0,0,2,3,40,1,1,2,1,2,3,5,53,1,1,1,98,0,0
8,80240,3,3,1,18,8,16,17,1,0,1,0,36,1,49,472,49472,30,2010,3TMLU4EN4AM0,3,T,M,L,U,4,E,N,4,A,M,0,0,T,TOYT,DCL,CW,10,17,,1,0,1278,TAC,G,,,6,244,,,,B,4035,00,W,44,0,0,000000000,00000000000,0,0,0,1,0,0,0,0,0,0,0,0,0,0,0,9,9,2,1,12,0,0,0,1,36,80919,6,1,0,0,3,0,66,999,0,0,0,0,0,0,0,0,0,0,0,0,0,0,2,3,40,1,1,2,1,2,3,5,53,1,1,1,98,0,0
8,80241,1,1,1,19,8,0,14,43,0,1,0,8,2,12,481,12481,31,1978,X255KCE2894,X,2,5,5,K,C,E,2,8,9,4,,0,T,FORD,F25,PS,78,11,,2,1665,1170,COF,G,,,,,,,,BC,4024,02,,42,0,0,000000000,00000000000,0,0,0,1,0,0,0,0,0,0,0,65,0,2,6,12,0,6,2,1,0,0,0,1,8,81033,0,0,0,0,0,0,65,178,0,2,1,0,0,7,2010,8,2010,1,36,0,0,0,1,2,25,1,1,2,1,0,0,1,12,1,1,4,6,1,1
8,80242,1,1,1,20,8,6,43,1,0,1,0,8,2,12,481,12481,31,2005,1FTPW14585KB,1,F,T,P,W,1,4,5,8,5,K,B,0,T,FORD,F1S,CW,5,17,,2,1450,1260,COF,G,,,8,330,,,,B,5577,00,U,44,0,0,000000000,00000000000,0,0,0,1,0,0,0,0,0,0,0,55,0,2,5,0,0,6,2,1,0,0,0,1,8,80808,0,0,0,0,0,0,999,999,0,0,0,0,0,0,0,0,0,1,92,0,0,0,1,2,45,1,1,5,1,0,0,1,6,7,3,4,2,1,1
8,80243,1,1,2,20,8,9,53,1,0,1,0,56,1,72,706,72706,80,2005,1HD1FBW125Y6,1,H,D,1,F,B,W,1,2,5,Y,6,0,M,HD,LRI,RS,5,17,,,,,,,1450,,2,,4,723,,,,,,,0,0,000000000,00000000000,0,0,0,1,0,0,0,0,0,0,0,45,0,0,0,0,0,6,2,1,0,0,0,1,56,82007,6,1,6,0,3,0,70,180,0,0,0,0,1,12,2010,12,2010,0,26,0,0,0,3,2,75,1,1,2,1,0,0,2,52,3,2,1,98,1,0
8,80244,1,2,1,20,8,22,56,12,6,1,0,92,0,98,709,98709,80,2011,000000000000,0,0,0,0,0,0,0,0,0,0,0,0,0,,,,,,,,,,,,,,,,,,,,,,,,,0,0,000000000,00000000000,0,0,0,1,0,0,0,0,0,0,0,40,0,0,0,12,12,6,2,12,35,0,0,1,8,80221,6,1,0,0,3,0,65,155,0,0,0,0,2,4,2009,8,2009,1,33,92,0,0,1,2,30,1,1,2,1,0,0,6,52,1,1,2,73,1,1
8,80244,2,2,1,20,8,22,56,12,6,1,0,8,1,20,471,20471,30,1989,1GCDT19R4K22,1,G,C,D,T,1,9,R,4,K,2,2,0,T,CHEV,S14,PC,89,17,,1,0,1229,S,G,,,6,173,,,,B,3077,01,,44,0,0,000000000,00000000000,0,0,0,1,0,0,0,0,0,0,0,15,0,0,0,10,10,2,3,12,0,0,0,1,8,80002,6,1,0,0,3,0,67,180,0,0,0,0,1,3,2011,3,2011,0,48,0,0,0,1,2,30,1,1,2,1,0,0,11,15,1,1,2,72,0,1
8,80245,1,1,3,20,8,23,55,38,0,1,0,8,1,20,9,20009,2,1997,2G1FP22PXV21,2,G,1,F,P,2,2,P,X,V,2,1,0,P,CHEV,Z28,CP,97,17,3433,,0,1011,,G,,F,8,350,,,16R235,,,,,,0,0,000000000,00000000000,0,0,0,1,0,0,0,0,0,0,0,95,0,1,6,12,0,6,2,1,0,0,0,1,8,81132,6,1,0,0,3,0,72,175,0,0,0,0,2,12,2008,4,2011,1,8,92,0,0,1,2,55,3,1,2,1,0,0,14,6,7,4,4,7,1,1
8,80246,1,1,1,21,8,13,30,1,0,1,0,48,1,72,706,72706,80,2003,1HD1FFW193Y6,1,H,D,1,F,F,W,1,9,3,Y,6,0,M,HD,TCI,RS,3,17,,,,,,,1450,,2,,4,776,,,,,,,0,0,000000000,00000000000,0,0,0,1,0,0,0,0,0,0,0,65,0,0,0,0,0,6,2,1,0,0,0,1,48,75930,6,1,6,0,2,0,999,999,0,0,0,1,1,2,2010,12,2010,0,52,0,0,0,1,2,65,3,1,2,1,0,0,14,13,1,1,4,1,1,0
8,80247,1,2,2,21,8,21,5,8,0,1,1,8,2,6,51,6051,4,2006,2C3LA43R26H2,2,C,3,L,A,4,3,R,2,6,H,2,0,P,CHRY,C30,4D,6,17,3623,,0,1200,,G,,F,6,165,,,17R215,,,,,,0,0,000000000,00000000000,0,0,0,1,0,0,0,0,0,0,0,65,0,0,0,12,12,4,1,8,0,0,0,1,8,80214,4,2,0,0,2,0,70,195,0,1,0,0,0,6,2010,6,2010,0,92,0,0,0,3,3,65,1,1,1,1,0,0,1,80,7,1,2,13,0,0
8,80247,2,2,3,21,8,21,5,8,0,1,0,8,1,37,32,37032,4,1998,1HGCG5645WA1,1,H,G,C,G,5,6,4,5,W,A,1,0,P,HOND,ULX,4D,98,17,2952,,0,1069,,G,,F,4,138,,,15R195,,,,,,0,0,000000000,00000000000,0,0,0,1,0,0,0,0,0,0,0,65,0,0,0,14,14,2,1,18,0,0,0,1,8,80601,6,2,0,0,3,3,60,100,1,0,0,0,0,7,2011,7,2011,0,0,0,0,0,3,3,65,1,1,1,1,0,0,1,80,1,1,1,98,0,0
8,80248,1,1,3,23,8,2,5,33,0,1,0,8,2,20,421,20421,15,2001,1GNEK13T01J1,1,G,N,E,K,1,3,T,0,1,J,1,0,P,CHEV,KTA,UT,1,17,5050,,0,1160,,G,,F,8,325,,,16R245,,,,,,0,0,000000000,00000000000,0,0,0,1,0,0,0,0,0,0,0,75,0,0,0,14,61,6,2,5,0,0,0,1,8,80221,0,0,0,0,0,0,999,999,0,1,0,0,0,2,2011,2,2011,1,36,37,92,0,1,2,30,1,1,2,1,2,3,10,6,7,1,4,6,1,1
8,80249,1,2,3,21,8,5,16,12,1,1,0,8,2,12,422,12422,15,1997,1FMFU18L0VLB,1,F,M,F,U,1,8,L,0,V,L,B,1,P,FORD,EPT,UT,97,17,4827,,0,1190,,G,,F,8,330,,,16R255,,,,,,1,0,000000000,00000000000,0,0,0,1,0,0,0,0,0,0,0,45,0,1,5,6,0,6,2,1,0,0,0,1,8,80211,0,0,0,0,0,0,999,999,0,0,0,0,0,0,0,0,0,0,24,92,0,0,2,2,75,2,6,2,1,0,0,14,53,1,1,1,25,2,0
8,80249,2,2,1,21,8,5,16,12,1,1,0,31,3,84,881,84881,66,2011,3HSDJSJR8BN4,3,H,S,D,J,S,J,R,8,B,N,4,1,T,INTL,PRO,TR,11,17,,8,0,0,PRO,D,,,6,793,,,,,00000,00,,64,1,57,1080995,571080995,3,6,1,1,0,0,0,0,0,0,0,70,0,0,0,12,12,6,2,12,0,0,0,1,6,92392,6,1,6,1,3,0,67,194,0,0,0,0,0,0,0,0,0,0,0,0,0,0,2,2,75,2,6,2,1,0,0,14,51,1,1,1,24,0,0
8,80250,1,1,1,24,8,11,30,1,0,1,0,8,1,72,706,72706,80,2008,1HD1FC4168Y6,1,H,D,1,F,C,4,1,6,8,Y,6,0,M,HD,FLU,RS,8,17,,,,,,,1584,,2,,4,851,,,,,,,0,0,000000000,00000000000,0,0,0,1,0,0,0,0,0,0,0,35,0,0,0,0,0,6,2,1,0,0,0,1,8,80435,6,1,0,0,3,3,72,230,0,0,0,0,0,0,0,0,0,1,92,0,0,0,1,2,35,2,1,4,1,0,0,2,6,3,3,2,98,1,0
8,80251,1,1,2,27,8,12,25,1,0,1,0,5,1,72,706,72706,80,1998,1HD1BJL43WY0,1,H,D,1,B,J,L,4,3,W,Y,0,0,M,HD,STC,RS,98,17,,,,,,,1340,,2,,4,704,,,,,,,0,0,000000000,00000000000,0,0,0,1,0,0,0,0,0,0,0,55,0,0,0,0,0,2,3,1,0,0,0,1,5,72933,6,1,6,0,3,3,67,160,0,0,0,0,0,0,0,0,0,0,26,0,0,0,1,2,65,1,1,2,1,0,0,2,50,9,3,4,3,1,0
8,80252,1,2,1,29,8,16,15,1,0,1,0,4,2,72,706,72706,80,1998,1HD1BML19WY0,1,H,D,1,B,M,L,1,9,W,Y,0,0,M,HD,FLF,RS,98,17,,,,,,,1340,,2,,4,631,,,,,,,0,0,000000000,00000000000,0,0,0,1,0,0,0,0,0,0,0,55,0,0,0,0,12,6,2,12,0,0,0,1,29,65101,6,1,0,0,3,3,70,185,0,0,0,0,0,0,0,0,0,0,35,92,0,0,1,2,65,1,1,2,1,0,0,6,51,3,1,2,98,1,0
8,80252,2,2,1,29,8,16,15,1,0,1,0,31,4,82,881,82881,66,2007,1FUJAPCK37DW,1,F,U,J,A,P,C,K,3,7,D,W,1,T,FRHT,FL3,TR,7,17,,8,0,0,CON,D,,,6,855,,,,,00000,00,,64,1,57,260341,57260341,3,6,8,1,0,0,0,0,0,0,0,10,0,0,0,10,10,2,3,12,0,0,0,1,8,80701,6,1,6,1,3,0,73,270,0,0,0,0,0,0,0,0,0,0,0,0,0,0,1,2,65,1,1,2,1,0,0,11,15,1,1,4,98,0,0
8,80253,1,2,1,27,8,19,0,12,6,1,0,8,1,72,706,72706,80,2006,1HD1PPG106K9,1,H,D,1,P,P,G,1,0,6,K,9,0,M,HD,VRE,RS,6,17,,,,,,,1250,,2,,4,0000,,,,,,,0,0,000000000,00000000000,0,0,0,1,0,0,0,0,0,0,0,68,0,0,0,9,0,6,2,1,0,0,0,1,8,81120,6,1,0,0,2,3,63,130,1,0,1,2,0,1,2009,5,2011,0,92,0,0,0,1,2,65,1,1,2,1,0,0,1,98,1,1,1,48,1,1
8,80253,2,2,1,27,8,19,0,12,6,1,0,8,1,72,706,72706,80,2005,1HD1FYW185Y6,1,H,D,1,F,Y,W,1,8,5,Y,6,0,M,HD,RSI,RS,5,17,,,,,,,1450,,2,,4,721,,,,,,,0,0,000000000,00000000000,0,0,0,1,0,0,0,0,0,0,0,68,0,0,0,12,0,6,2,1,0,0,0,1,8,81120,6,1,0,0,2,3,73,230,0,0,0,1,1,1,2009,5,2009,0,92,0,0,0,1,2,65,1,1,2,1,0,0,1,98,1,1,1,48,0,1
8,80254,1,2,1,30,8,11,46,1,0,1,0,8,1,37,706,37706,80,2002,1HFSC49012A0,1,H,F,S,C,4,9,0,1,2,A,0,0,M,HOND,XTR,RS,2,17,,,,,,,1795,,2,,4,999,,,,,,,0,0,000000000,00000000000,0,0,0,1,0,0,0,0,0,0,0,50,0,0,0,0,0,6,2,1,0,0,0,1,8,80002,6,1,0,0,3,3,72,200,0,0,0,2,1,4,2010,10,2010,0,26,0,0,0,3,3,65,2,5,2,1,0,0,14,51,8,2,1,98,1,0
8,80254,2,2,1,30,8,11,46,1,0,1,0,8,1,49,422,49422,15,2001,5TDBT44A01S0,5,T,D,B,T,4,4,A,0,1,S,0,0,P,TOYT,SEQ,UT,1,17,5270,,0,1181,,G,,F,8,285,,,16R265,,,,,,0,0,000000000,00000000000,0,0,0,1,0,0,0,0,0,0,0,10,0,0,0,6,6,4,1,12,0,0,0,1,8,80439,6,1,0,0,3,0,65,135,0,0,0,0,0,0,0,0,0,0,0,0,0,0,3,3,65,2,5,2,1,0,0,2,53,2,1,1,98,0,0
8,80255,1,1,2,30,8,11,45,24,0,1,0,8,1,50,706,50706,80,2009,SMT701PD99T3,S,M,T,7,0,1,P,D,9,9,T,3,0,M,TRUM,TIA,RC,9,17,,,,,,,1050,,3,,4,436,,,,,,,0,0,000000000,00000000000,0,0,0,1,0,0,0,0,0,0,0,65,0,0,0,61,61,6,2,24,0,0,0,1,8,80002,6,1,0,0,3,3,70,210,0,0,0,0,0,0,0,0,0,0,0,0,0,0,3,3,65,2,5,2,1,0,0,14,12,7,1,4,6,1,0
8,80256,1,1,1,28,8,6,29,11,0,1,0,48,1,53,706,53706,80,2006,JS1NP41A6621,J,S,1,N,P,4,1,A,6,6,2,1,0,M,SUZI,LS6,RS,6,17,,,,,,,652,,1,,4,355,,,,,,,0,0,000000000,00000000000,0,0,0,1,0,0,0,0,0,0,0,65,0,0,0,12,12,6,2,11,0,0,0,1,48,78256,6,1,0,0,3,0,999,999,0,0,0,0,0,0,0,0,0,0,83,92,0,0,1,2,65,1,5,2,1,28,3,1,87,1,1,1,13,1,0
8,80257,1,2,1,21,8,12,1,12,6,1,0,8,1,6,41,6041,4,2000,2C3HD46R9YH1,2,C,3,H,D,4,6,R,9,Y,H,1,0,P,CHRY,CXL,4D,0,17,3402,,0,1130,,G,,F,6,167,,,16R225,,,,,,0,0,000000000,00000000000,0,0,0,1,0,0,0,0,0,0,0,998,0,0,0,10,10,6,2,12,0,0,0,1,8,80226,6,1,0,0,3,3,68,150,0,0,0,0,1,10,2010,10,2010,0,38,0,0,0,1,3,30,1,6,2,1,20,3,11,15,1,1,1,82,1,0
8,80257,2,2,1,21,8,12,1,12,6,1,0,8,2,59,401,59401,14,2000,JT6HF10U3Y01,J,T,6,H,F,1,0,U,3,Y,0,1,0,P,LEXS,RX3,UT,0,17,3900,,0,1031,,G,,F,6,183,,,16R225,,,,,,0,0,000000000,00000000000,0,0,0,1,0,0,0,0,0,0,0,998,0,0,0,12,12,6,2,12,0,0,0,1,8,80232,6,2,0,0,3,0,66,140,0,0,0,0,2,12,2010,4,2011,0,0,0,0,0,2,2,55,1,1,2,1,0,0,1,67,8,1,2,83,0,0
8,80258,1,4,1,23,8,8,45,12,6,1,0,8,1,37,32,37032,2,2002,1HGCG22502A0,1,H,G,C,G,2,2,5,0,2,A,0,0,P,HOND,UEX,CP,2,17,3283,,0,1051,,G,,F,6,183,,,16R205,,,,,,0,0,000000000,00000000000,0,0,0,1,0,0,0,0,0,0,0,65,0,0,0,11,81,6,2,12,0,0,0,1,8,80623,6,1,0,0,3,0,75,220,0,0,0,1,2,7,2009,7,2011,0,92,0,0,0,2,2,65,1,1,2,1,0,0,98,54,99,4,7,64,1,0
8,80258,2,4,1,23,8,8,45,12,6,1,0,8,3,85,881,85881,66,1997,1XKDDR9X8VJ7,1,X,K,D,D,R,9,X,8,V,J,7,1,T,KW,T80,TR,97,17,,8,0,0,CON,D,,,6,774,,,,,00000,00,,64,1,57,1398160,571398160,3,6,1,1,0,0,0,0,0,0,0,60,0,0,0,5,5,4,1,12,0,0,0,1,8,80004,6,1,6,1,3,0,73,240,0,0,0,1,1,5,2011,5,2011,0,0,0,0,0,2,2,65,1,1,2,1,0,0,1,54,1,1,1,65,0,0