STATE,ST_CASE,VEH_NO,VE_FORMS,NUMOCCS,DAY,MONTH,HOUR,MINUTE,HARM_EV,MAN_COLL,UNITTYPE,HIT_RUN,REG_STAT,OWNER,MAKE,MODEL,MAK_MOD,BODY_TYP,MOD_YEAR,VIN,VIN_1,VIN_2,VIN_3,VIN_4,VIN_5,VIN_6,VIN_7,VIN_8,VIN_9,VIN_10,VIN_11,VIN_12,TOW_VEH,VINTYPE,VINMAKE,VINA_MOD,VIN_BT,VINMODYR,VIN_LNGT,VIN_WGT,WGTCD_TR,WHLBS_LG,WHLBS_SH,SER_TR,FUELCODE,MCYCL_DS,CARBUR,CYLINDER,DISPLACE,MCYCL_CY,MCYCL_WT,TIRE_SZE,TON_RAT,TRK_WT,TRKWTVAR,VIN_REST,WHLDRWHL,J_KNIFE,MCARR_I1,MCARR_I2,MCARR_ID,GVWR,V_CONFIG,CARGO_BT,HAZ_INV,HAZ_PLAC,HAZ_ID,HAZ_CNO,HAZ_REL,BUS_USE,SPEC_USE,EMER_USE,TRAV_SP,UNDERIDE,ROLLOVER,ROLINLOC,IMPACT1,IMPACT2,DEFORMED,TOWED,M_HARM,VEH_SC1,VEH_SC2,FIRE_EXP,DR_PRES,L_STATE,DR_ZIP,L_STATUS,L_TYPE,CDL_STAT,L_ENDORS,L_COMPL,L_RESTRI,DR_HGT,DR_WGT,PREV_ACC,PREV_SUS,PREV_DWI,PREV_SPD,PREV_OTH,FIRST_MO,FIRST_YR,LAST_MO,LAST_YR,SPEEDREL,DR_SF1,DR_SF2,DR_SF3,DR_SF4,VTRAFWAY,VNUM_LAN,VSPD_LIM,VALIGN,VPROFILE,VPAVETYP,VSURCOND,VTRAFCON,VTCONT_F,P_CRASH1,P_CRASH2,P_CRASH3,PCRASH4,PCRASH5,ACC_TYPE,DEATHS,DR_DRINK
8,80258,3,4,1,23,8,8,45,12,6,1,0,8,1,48,34,48034,4,2011,4S3BMCC61B32,4,S,3,B,M,C,C,6,1,B,3,2,0,P,SUBA,2IP,4D,11,17,3275,,0,1083,,G,,F,4,150,,,16R205,,,,,,0,0,000000000,00000000000,0,0,0,1,0,0,0,0,0,0,0,60,0,0,0,12,12,6,2,54,0,0,0,1,8,80601,6,1,0,0,3,3,67,125,0,0,0,0,0,0,0,0,0,0,0,0,0,0,2,2,65,1,1,2,1,0,0,1,54,1,1,1,98,0,0
8,80258,4,4,1,23,8,8,45,12,6,1,0,8,3,98,809,98809,66,2000,2FWYHMDB4YAF,2,F,W,Y,H,M,D,B,4,Y,A,F,1,T,STRG,AT9,TR,0,17,,8,0,0,STE,D,,,6,661,,,,,00000,00,,64,1,57,1532128,571532128,3,6,1,1,0,0,0,0,0,0,0,60,0,0,0,12,12,6,2,12,0,0,0,1,8,80004,6,1,6,1,3,0,74,180,0,0,0,1,1,3,2010,1,2011,0,0,0,0,0,2,2,65,1,1,2,1,0,0,1,54,3,2,1,98,0,0
8,80259,1,2,1,17,8,11,14,1,0,1,0,8,2,2,404,2404,14,2007,1J8HR48P77C6,1,J,8,H,R,4,8,P,7,7,C,6,0,T,JEEP,LCF,4W,7,17,,2,0,1095,GCK,F,,,8,287,,,,,4519,00,7,44,0,0,000000000,00000000000,0,0,0,1,0,0,0,0,0,0,0,10,0,0,0,12,12,2,1,12,0,0,0,1,8,80906,6,2,0,0,3,0,65,135,0,0,0,0,0,0,0,0,0,0,38,52,0,0,1,2,30,1,1,2,1,2,3,11,15,1,1,1,98,0,0
8,80259,2,2,1,17,8,11,14,1,0,1,0,8,1,76,703,76703,80,1992,JYA3NVC02NA0,J,Y,A,3,N,V,C,0,2,N,A,0,0,M,YAMA,XT3,T,92,17,,,,,,,346,,1,,4,262,,,,,,,0,0,000000000,00000000000,0,0,0,1,0,0,0,0,0,0,0,25,0,0,0,0,0,2,8,1,0,0,0,1,8,80906,6,1,0,0,2,1,68,215,0,0,0,0,1,5,2010,5,2010,0,92,0,0,0,1,2,30,1,1,2,1,2,3,1,62,3,2,1,98,1,0
8,80260,1,1,2,26,8,2,20,33,0,1,0,8,1,20,481,20481,31,2003,1GCHK23153F2,1,G,C,H,K,2,3,1,5,3,F,2,0,T,CHEV,2KH,CW,3,17,,2,1670,1530,SIL,D,,,8,403,,,,C,5899,01,,44,0,0,000000000,00000000000,0,0,0,1,0,0,0,0,0,0,0,998,0,0,0,14,12,6,2,46,0,0,0,1,8,80921,2,1,0,0,2,2,72,180,0,2,1,0,0,7,2009,5,2010,9,74,92,0,0,2,2,30,1,1,2,1,2,3,1,13,1,1,4,1,1,1
8,80261,1,2,1,31,8,19,54,38,0,1,0,8,1,37,32,37032,4,2003,1HGCM56343A0,1,H,G,C,M,5,6,3,4,3,A,0,0,P,HOND,ULX,4D,3,17,3053,,0,1079,,G,,F,4,146,,,15R205,,,,,,0,0,000000000,00000000000,0,0,0,1,0,0,0,0,0,0,0,35,0,0,0,12,62,6,2,12,0,0,0,1,8,80033,6,1,0,0,3,0,72,185,0,0,0,0,1,2,2010,2,2010,0,92,0,0,0,1,2,35,1,1,2,1,0,0,1,13,1,1,4,1,1,0
8,80261,2,2,1,31,8,19,54,38,0,1,0,8,1,37,421,37421,15,2006,5FNYF18516B0,5,F,N,Y,F,1,8,5,1,6,B,0,0,P,HOND,PIL,UT,6,17,4497,,0,1063,,G,,F,6,213,,,16R235,,,,,,0,0,000000000,00000000000,0,0,0,1,0,0,0,0,0,0,0,65,0,0,0,12,12,6,2,12,0,0,0,1,8,80021,6,1,0,0,3,0,65,190,0,0,0,0,0,0,0,0,0,0,0,0,0,0,3,3,65,1,1,2,1,0,0,1,63,99,1,1,98,0,0
8,80262,1,1,1,25,8,4,53,1,0,1,0,8,1,12,35,12035,4,1996,1FALP67L8TK1,1,F,A,L,P,6,7,L,8,T,K,1,0,P,FORD,CSE,4D,96,17,2934,,0,1065,,G,,F,6,155,,,15R205,,,,,,0,0,000000000,00000000000,0,0,0,1,0,0,0,0,0,0,0,998,0,2,5,0,0,6,2,1,0,0,0,1,8,80903,6,1,0,0,3,3,61,140,0,0,0,0,0,0,0,0,0,0,58,0,0,0,2,2,45,3,5,2,1,0,0,14,9,7,3,4,2,1,0
8,80263,1,2,1,31,7,19,15,12,6,1,0,8,1,12,37,12037,3,2001,3FAFP31391R2,3,F,A,F,P,3,1,3,9,1,R,2,0,P,FORD,FZX,3P,1,17,2550,,0,1030,,G,,F,4,121,,,15R195,,,,,,0,0,000000000,00000000000,0,0,0,1,0,0,0,0,0,0,0,105,0,0,0,2,2,6,2,12,0,0,0,1,8,81211,2,8,0,0,2,2,71,175,0,1,1,0,0,7,2011,7,2011,1,36,74,0,0,5,4,45,1,1,2,1,0,0,1,6,9,4,2,64,1,1
8,80263,2,2,2,31,7,19,15,12,6,1,0,35,1,7,472,7472,30,1997,1B7GG23Y1VS2,1,B,7,G,G,2,3,Y,1,V,S,2,0,T,DODG,DAK,PC,97,17,,1,0,1309,DAK,G,,,8,318,,,,B,3937,00,E,44,0,0,000000000,00000000000,0,0,0,1,0,0,0,0,0,0,0,45,0,0,0,12,12,6,2,12,0,0,0,1,35,87106,6,1,0,0,3,0,70,155,98,0,0,0,0,0,0,0,0,0,0,0,0,0,5,4,45,1,1,2,1,0,0,1,62,3,2,1,65,0,0
8,80264,1,1,1,2,9,5,10,1,0,1,0,18,3,51,881,51881,66,2010,4V4NC9TG3AN2,4,V,4,N,C,9,T,G,3,A,N,2,1,T,VOLV,VNL,TR,10,17,,8,0,0,VVN,D,,,6,915,,,,,00000,00,,64,1,57,1252905,571252905,3,6,1,1,0,0,0,0,0,0,0,65,0,2,3,0,0,6,2,1,0,0,0,1,32,89030,6,1,6,1,3,3,68,210,0,0,0,0,0,0,0,0,0,0,0,0,0,0,2,2,75,1,1,2,1,0,0,1,12,1,1,4,6,1,0
8,80265,1,1,1,2,9,22,57,24,0,1,0,8,1,49,40,49040,2,1996,4T1CG12K1TU6,4,T,1,C,G,1,2,K,1,T,U,6,0,P,TOYT,UDL,CP,96,17,2910,,0,1031,,G,,F,4,132,,,14R195,,,,,,0,0,000000000,00000000000,0,0,0,1,0,0,0,0,0,0,0,998,0,0,0,7,12,6,2,42,0,0,0,1,8,80014,6,1,3,0,3,0,69,185,0,0,0,0,0,0,0,0,0,1,36,92,0,0,3,3,55,1,1,2,1,0,0,1,6,9,1,4,6,1,1
8,80266,1,1,2,3,9,13,10,1,0,1,0,32,2,6,43,6043,2,1995,4C3AU52NXSE2,4,C,3,A,U,5,2,N,X,S,E,2,0,P,CHRY,SLI,CP,95,17,3027,,0,1037,,G,,F,6,152,,,16R205,,,,,,0,0,000000000,00000000000,0,0,0,1,0,0,0,0,0,0,0,75,0,2,3,0,0,6,2,1,0,0,0,1,32,89107,6,1,0,0,3,3,67,195,0,0,0,0,0,0,0,0,0,0,58,91,0,0,2,2,75,2,1,1,1,40,3,14,10,9,3,4,2,1,1
8,80267,1,2,1,2,9,19,15,12,6,1,0,8,2,23,481,23481,31,1994,2GDEK19K0R15,2,G,D,E,K,1,9,K,0,R,1,5,0,T,GMC,SK1,PC,94,17,,2,1555,1415,SIE,G,,,8,350,,,,B,00000,00,A,44,0,0,000000000,00000000000,0,0,0,1,0,0,0,0,0,0,0,15,0,0,0,83,83,6,2,12,0,0,0,1,27,80215,2,1,0,0,2,3,70,185,1,7,0,2,0,4,2009,7,2011,0,38,0,0,0,1,4,40,1,1,2,1,2,3,11,15,1,1,1,68,0,0
8,80267,2,2,1,2,9,19,15,12,6,1,0,8,2,37,706,37706,80,1994,JH2RC4300RM0,J,H,2,R,C,4,3,0,0,R,M,0,0,M,HOND,F7C,RS,94,17,,,,,,,750,,4,,4,504,,,,,,,0,0,000000000,00000000000,0,0,0,1,0,0,0,0,0,0,0,40,0,0,0,12,12,6,2,12,0,0,0,1,8,80033,6,1,0,0,3,0,67,160,0,0,0,0,0,0,0,0,0,0,0,0,0,0,1,4,40,1,1,2,1,2,3,1,62,1,1,1,69,1,0
8,80268,1,2,1,7,9,12,35,12,2,1,0,8,1,49,46,49046,4,2006,JTDKB20U7631,J,T,D,K,B,2,0,U,7,6,3,1,0,P,TOYT,PRI,4H,6,17,3470,,0,1063,,B,,F,4,091,,,14R175,,,,,,0,0,000000000,00000000000,0,0,0,1,0,0,0,0,0,0,0,55,0,0,0,12,12,6,2,12,36,0,0,1,8,80133,6,1,0,0,3,0,62,159,1,0,0,2,0,4,2010,11,2010,0,58,0,0,0,1,2,55,1,1,2,1,0,0,1,13,8,1,6,50,1,0
8,80268,2,2,1,7,9,12,35,12,2,1,0,8,1,20,24,20024,6,2009,1GNEV23D89S1,1,G,N,E,V,2,3,D,8,9,S,1,0,P,CHEV,TRV,UT,9,17,5066,,0,1189,,G,,F,6,220,,,18R255,,,,,,0,0,000000000,00000000000,0,0,0,1,0,0,0,0,0,0,0,55,0,0,0,12,12,6,2,12,0,0,0,1,8,80127,6,1,0,0,3,0,70,170,1,0,0,0,1,7,2009,7,2009,0,0,0,0,0,1,2,55,1,1,2,1,0,0,1,62,1,1,1,51,0,0
8,80269,1,2,1,9,9,14,10,12,2,1,0,35,1,52,37,52037,2,2001,4A3AC44G91E2,4,A,3,A,C,4,4,G,9,1,E,2,0,P,MITS,EGS,2H,1,17,2944,,0,1008,,G,,F,4,143,,,16R205,,,,,,0,0,000000000,00000000000,0,0,0,1,0,0,0,0,0,0,0,65,0,0,0,12,12,6,2,12,0,0,0,1,35,87571,6,1,0,0,3,0,68,118,98,0,0,0,0,0,0,0,0,0,0,0,0,0,1,2,65,3,1,2,1,28,3,14,10,1,1,2,50,1,0
8,80269,2,2,1,9,9,14,10,12,2,1,0,49,3,87,881,87881,66,2012,1XPHDP9X1CD1,1,X,P,H,D,P,9,X,1,C,D,1,1,T,PTRB,386,TR,12,17,,8,0,0,CON,D,,,6,787,,,,,00000,00,,64,1,57,0306411,570306411,3,6,1,1,0,0,0,0,0,0,0,60,0,0,0,12,12,6,2,12,0,0,0,1,8,81520,6,1,6,1,3,0,72,175,0,0,0,0,0,0,0,0,0,0,0,0,0,0,1,2,65,2,1,2,1,28,3,14,62,3,2,1,51,0,0
8,80270,1,1,2,10,9,1,40,38,0,1,0,8,2,47,35,47035,4,2006,YS3FD49YX611,Y,S,3,F,D,4,9,Y,X,6,1,1,0,P,SAA,93B,4D,6,17,3175,,0,1053,,G,,T,4,121,,,16R215,,,,,,0,0,000000000,00000000000,0,0,0,1,0,0,0,0,0,0,0,70,0,0,0,12,12,6,2,38,0,0,0,1,8,80525,0,0,0,0,0,0,72,150,0,6,0,0,0,5,2009,8,2011,1,0,0,0,0,1,2,35,1,6,5,1,28,3,1,12,3,2,4,7,1,1
8,80271,1,1,3,10,9,10,19,9,0,1,0,8,2,21,17,21017,4,1995,1G3AJ55M7S64,1,G,3,A,J,5,5,M,7,S,6,4,0,P,OLDS,CRL,4D,95,17,2733,,0,1049,,G,,F,6,191,,,14R185,,,,,,0,0,000000000,00000000000,0,0,0,1,0,0,0,0,0,0,0,40,0,0,0,12,12,4,3,9,0,0,0,1,8,80110,6,1,0,0,3,0,71,210,0,0,0,0,0,0,0,0,0,0,38,0,0,0,1,2,55,2,5,2,1,28,3,11,83,1,1,1,13,0,0
8,80272,1,2,1,10,9,13,40,12,2,1,0,8,2,12,442,12442,20,2002,2FMZA51432BA,2,F,M,Z,A,5,1,4,3,2,B,A,0,T,FORD,WLX,ES,2,17,,1,0,1207,WIN,G,,,6,232,,,,B,4017,00,E,42,0,0,000000000,00000000000,0,0,0,1,0,0,0,0,0,0,0,50,0,0,0,12,12,6,2,12,0,0,0,1,8,81073,6,1,0,0,3,1,70,191,0,0,0,0,0,0,0,0,0,0,0,0,0,0,1,2,65,1,1,1,1,0,0,1,10,7,1,2,50,1,1
8,80272,2,2,2,10,9,13,40,12,2,1,0,17,3,82,881,82881,66,2009,1FUBA6CK69LA,1,F,U,B,A,6,C,K,6,9,L,A,2,T,FRHT,COL,TR,9,17,,8,0,0,CON,D,,,6,855,,,,,00000,00,,42,1,57,071821,57071821,3,7,1,1,0,0,0,0,0,0,0,65,0,0,0,12,12,6,2,12,0,0,0,1,48,76014,6,1,6,1,3,0,999,999,0,0,0,0,2,2,2010,12,2010,0,0,0,0,0,1,2,65,1,1,1,1,0,0,1,62,9,1,1,51,0,0
8,80273,1,2,1,10,9,17,8,12,6,1,0,8,1,20,441,20441,20,2003,1GCDL19X33B1,1,G,C,D,L,1,9,X,3,3,B,1,0,T,CHEV,AST,EC,3,17,,1,0,1112,AST,G,,,6,262,,,,B,4184,00,,44,0,0,000000000,00000000000,0,0,0,1,0,0,0,0,0,0,0,10,0,0,0,12,12,6,2,12,0,0,0,1,8,81501,6,1,0,0,3,0,67,185,0,0,0,0,0,0,0,0,0,0,38,0,0,0,2,2,45,1,1,2,1,2,3,11,15,1,1,1,68,0,0
8,80273,2,2,5,10,9,17,8,12,6,1,0,8,1,84,421,84421,15,1975,E0062EGD1414,E,0,0,6,2,E,G,D,1,4,1,4,0,T,INTL,SC2,UT,75,13,,2,0,1000,SCT,G,,,,,,,,,,,,44,0,0,000000000,00000000000,0,0,0,1,0,0,0,0,0,0,0,45,0,1,1,9,0,6,2,1,0,0,0,1,8,81520,6,1,0,0,3,0,67,165,0,0,0,2,0,6,2011,6,2011,0,92,0,0,0,2,2,45,1,1,2,1,2,3,1,62,7,1,1,69,1,0
8,80274,1,1,1,11,9,21,10,1,0,1,0,8,3,87,881,87881,66,1998,1XP5D69X4WN4,1,X,P,5,D,6,9,X,4,W,N,4,1,T,PTRB,379,TR,98,17,,8,0,0,CON,D,,,6,855,,,,,00000,00,,64,1,57,1835823,571835823,3,6,2,2,2,1203,9,2,0,0,0,40,0,2,1,0,0,6,2,2,0,0,1,1,8,80634,6,1,6,1,3,3,68,180,0,0,0,0,1,6,2011,6,2011,1,0,0,0,0,4,3,50,1,1,2,1,3,3,10,6,1,1,2,98,1,0
8,80275,1,1,1,8,9,16,10,1,0,1,0,40,1,53,706,53706,80,2004,JS1VS53A8421,J,S,1,V,S,5,3,A,8,4,2,1,0,M,SUZI,VZ8,RS,4,17,,,,,,,805,,2,,4,456,,,,,,,0,0,000000000,00000000000,0,0,0,1,0,0,0,0,0,0,0,65,0,0,0,0,0,6,2,1,0,0,0,1,40,73030,0,0,0,0,0,0,72,200,0,1,1,0,1,3,2011,6,2011,0,0,0,0,0,1,2,65,3,5,2,1,28,3,14,13,1,4,4,2,1,1
8,80276,1,2,5,10,9,1,43,24,0,1,0,8,2,49,40,49040,4,2000,JT2BF28K7Y02,J,T,2,B,F,2,8,K,7,Y,0,2,0,P,TOYT,XLL,4D,0,17,3175,,0,1051,,G,,F,6,183,,,15R205,,,,,,0,0,000000000,00000000000,0,0,0,1,0,0,0,0,0,0,0,75,0,1,4,12,0,6,2,1,0,0,0,1,8,81001,6,1,0,0,3,3,70,175,0,0,0,1,0,2,2009,2,2009,1,36,0,0,0,6,1,45,2,5,2,1,0,0,14,6,99,1,4,6,1,1
8,80276,2,2,2,10,9,1,43,24,0,1,1,8,1,23,421,23421,15,1996,1GKEC13R3TJ7,1,G,K,E,C,1,3,R,3,T,J,7,0,T,GMC,YUK,4W,96,17,,2,0,1175,YUK,G,,,8,350,,,,B,4779,00,M,42,0,0,000000000,00000000000,0,0,0,1,0,0,0,0,0,0,0,35,0,0,0,12,12,4,1,12,0,0,0,1,8,81003,6,1,0,0,3,0,65,220,0,0,0,0,0,0,0,0,0,0,91,0,0,0,2,1,35,1,6,2,1,0,0,1,74,99,1,1,98,0,0
8,80277,1,1,1,13,9,13,40,1,0,1,0,12,1,12,37,12037,4,2004,1FAFP34374W1,1,F,A,F,P,3,4,3,7,4,W,1,0,P,FORD,FSP,4D,4,17,2604,,0,1030,,G,,F,4,121,,,15R195,,,,,,0,0,000000000,00000000000,0,0,0,1,0,0,0,0,0,0,0,75,0,2,3,0,0,6,2,1,0,0,0,1,12,34234,6,1,0,0,3,3,69,999,0,0,0,0,0,0,0,0,0,0,0,0,0,0,2,2,75,3,1,1,1,0,0,14,12,7,4,4,7,1,0
8,80278,1,3,1,13,9,17,35,12,7,1,0,8,1,35,39,35039,4,1994,JN1HJ01F7RT2,J,N,1,H,J,0,1,F,7,R,T,2,0,P,NISS,MGX,4D,94,17,3024,,0,1043,,G,,F,6,181,,,15R205,,,,,,0,0,000000000,00000000000,0,0,0,1,0,0,0,0,0,0,0,50,0,0,0,61,61,4,3,12,0,0,0,1,8,80904,6,1,0,0,3,3,67,180,0,2,1,1,0,9,2008,2,2009,1,28,87,0,0,1,3,60,3,6,2,2,0,0,6,10,1,4,2,45,0,0
8,80278,2,3,1,13,9,17,35,12,7,1,0,8,1,20,481,20481,31,2006,1GCHK23D16F2,1,G,C,H,K,2,3,D,1,6,F,2,0,T,CHEV,2KH,CW,6,17,,2,1670,1530,SIL,D,,,8,403,,,,C,5883,02,,44,0,0,000000000,00000000000,0,0,0,1,0,0,0,0,0,0,0,60,0,0,0,81,12,6,2,12,0,0,0,1,8,81212,6,1,0,0,3,0,68,130,0,0,0,0,0,0,0,0,0,0,0,0,0,0,1,3,60,3,6,2,2,0,0,14,61,8,1,1,44,0,0
8,80278,3,3,1,13,9,17,35,12,7,1,0,8,1,35,43,35043,4,2001,3N1CB51D01L5,3,N,1,C,B,5,1,D,0,1,L,5,0,P,NISS,XGX,4D,1,17,2469,,0,998,,G,,F,4,108,,,14R185,,,,,,0,0,000000000,00000000000,0,0,0,1,0,0,0,0,0,0,0,50,0,0,0,12,12,6,2,12,0,0,0,1,8,80906,6,1,0,0,3,1,76,205,0,0,0,0,0,0,0,0,0,0,0,0,0,0,1,3,60,2,5,2,2,0,0,14,62,9,1,2,98,1,0
8,80279,1,1,1,12,9,21,30,1,0,1,0,8,2,22,20,22020,4,2008,2G2WP5523811,2,G,2,W,P,5,5,2,3,8,1,1,0,P,PONT,GRA,4D,8,17,3477,,0,1105,,G,,F,6,232,,,16R225,,,,,,0,0,000000000,00000000000,0,0,0,1,0,0,0,0,0,0,0,105,0,2,5,0,0,6,2,1,0,0,0,1,8,81520,2,1,0,0,2,2,71,180,0,5,0,0,0,7,2010,7,2011,1,8,74,0,0,1,2,65,2,6,2,1,0,0,14,6,7,4,4,7,1,1
8,80280,1,1,1,11,9,19,47,33,0,1,0,8,1,76,706,76706,80,2001,JYARN05E01A0,J,Y,A,R,N,0,5,E,0,1,A,0,0,M,YAMA,YFR,RC,1,17,,,,,,,998,,4,,4,385,,,,,,,0,0,000000000,00000000000,0,0,0,1,0,0,0,0,0,0,0,998,0,0,0,14,12,6,2,19,0,0,0,1,8,80112,6,1,0,0,2,0,69,175,0,0,0,0,0,0,0,0,0,1,8,36,0,0,1,2,25,3,6,2,1,0,0,14,6,1,1,4,1,1,1
8,80281,1,1,1,13,9,16,19,38,0,1,0,8,1,35,50,35050,4,2009,3N1CC11E29L4,3,N,1,C,C,1,1,E,2,9,L,4,0,P,NISS,VSL,4D,9,17,2671,,0,1024,,G,,F,4,098,,,14R185,,,,,,0,0,000000000,00000000000,0,0,0,1,0,0,0,0,0,0,0,55,0,2,6,4,0,6,2,1,0,0,0,1,8,80260,6,1,0,0,3,1,64,150,1,0,0,1,0,6,2009,6,2009,1,92,0,0,0,1,2,45,3,6,2,1,0,0,14,13,6,4,4,7,1,1
8,80282,1,2,2,15,9,22,2,12,6,1,0,8,1,41,37,41037,4,1995,1YVGE22D1S53,1,Y,V,G,E,2,2,D,1,S,5,3,0,P,MAZD,U6X,4D,95,17,2906,,0,1028,,G,,F,6,152,,,15R205,,,,,,0,0,000000000,00000000000,0,0,0,1,0,0,0,0,0,0,0,55,0,0,0,12,12,6,2,35,0,0,0,1,8,80643,6,1,0,0,3,0,68,140,1,1,1,1,0,11,2008,5,2010,0,39,0,0,0,1,2,55,1,1,2,1,20,3,1,17,3,2,1,86,2,1
8,80282,2,2,1,15,9,22,2,12,6,1,0,8,1,12,481,12481,31,2008,1FTPW145X8FB,1,F,T,P,W,1,4,5,X,8,F,B,1,T,FORD,F1S,CW,8,17,,2,1500,1390,COF,G,,,8,329,,,,B,5361,01,E,44,1,0,000000000,00000000000,0,0,0,1,0,0,0,0,0,0,0,40,0,0,0,4,4,6,2,12,0,0,0,1,8,80226,6,1,0,0,3,1,73,200,0,0,0,2,1,6,2010,8,2011,0,0,0,0,0,1,2,55,1,1,2,1,0,0,1,66,1,1,1,87,0,0
8,80283,1,1,1,15,9,6,27,9,0,1,0,8,1,49,401,49401,14,1999,JT3HN87R2X02,J,T,3,H,N,8,7,R,2,X,0,2,0,P,TOYT,RUN,UT,99,17,3930,,0,1053,,G,,F,6,206,,,16R265,,,,,,0,0,000000000,00000000000,0,0,0,1,0,0,0,0,0,0,0,40,0,0,0,12,12,2,3,9,0,0,0,1,8,80227,6,1,0,0,3,0,69,240,0,0,0,0,0,0,0,0,0,0,0,0,0,0,1,3,45,1,1,2,1,0,0,1,83,6,1,1,13,0,0
8,80284,1,1,1,16,9,5,27,31,0,1,0,49,1,20,481,20481,31,1995,1GCEK19K5SE2,1,G,C,E,K,1,9,K,5,S,E,2,0,T,CHEV,GK1,PC,95,17,,2,1555,1415,GM4,G,,,8,350,,,,B,4514,00,,44,0,0,000000000,00000000000,0,0,0,1,0,0,0,0,0,0,0,75,0,2,5,12,0,6,2,1,0,0,0,1,49,80134,3,1,0,0,2,0,74,165,1,0,0,0,2,9,2009,8,2011,0,92,0,0,0,3,3,75,3,1,2,1,0,0,14,12,9,1,4,6,1,1
8,80285,1,1,1,16,9,13,14,31,0,1,0,35,3,87,881,87881,63,2010,1NPTL40X6AD1,1,N,P,T,L,4,0,X,6,A,D,1,0,T,PTRB,367,CC,10,17,,8,0,0,CON,D,,,6,915,,,,,00000,00,,64,0,57,172508,57172508,3,2,2,2,2,1203,3,2,0,0,0,65,0,2,5,12,0,6,2,1,0,0,0,1,35,87412,6,1,6,1,3,0,69,150,98,0,0,0,0,0,0,0,0,0,58,0,0,0,2,2,65,3,5,2,1,28,3,14,13,8,1,4,1,1,0
8,80286,1,2,3,17,9,12,52,12,2,1,0,8,1,30,40,30040,2,1989,WVWKA01GXKW6,W,V,W,K,A,0,1,G,X,K,W,6,0,P,VOLK,JET,2D,89,17,0,,0,973,,G,,F,4,109,,,13R175,,,,,,0,0,000000000,00000000000,0,0,0,1,0,0,0,0,0,0,0,40,0,0,0,12,12,6,2,12,0,0,0,1,8,81321,6,2,0,0,3,0,72,145,0,0,0,1,0,5,2011,5,2011,0,35,52,92,0,1,2,40,1,6,2,2,28,3,6,51,3,2,2,54,0,0
8,80286,2,2,1,17,9,12,52,12,2,1,0,8,1,72,706,72706,80,2009,1HD1GM4149K3,1,H,D,1,G,M,4,1,4,9,K,3,0,M,HD,FXD,RS,9,17,,,,,,,1584,,2,,4,676,,,,,,,0,0,000000000,00000000000,0,0,0,1,0,0,0,0,0,0,0,40,0,0,0,12,12,6,2,12,0,0,0,1,8,81321,6,1,0,0,3,1,66,180,0,0,0,3,0,9,2008,7,2010,0,92,0,0,0,1,2,40,1,5,2,2,28,3,1,62,1,1,1,55,1,0
8,80287,1,1,1,17,9,19,10,59,0,1,0,8,1,55,33,55033,4,2011,5NPEC4AC2BH1,5,N,P,E,C,4,A,C,2,B,H,1,0,P,HYUN,SLI,4D,11,17,3199,,0,1100,,G,,F,4,144,,,17R215,,,,,,0,0,000000000,00000000000,0,0,0,1,0,0,0,0,0,0,0,57,0,1,6,12,0,6,2,1,0,0,0,1,8,80526,6,1,0,0,3,0,72,165,0,0,0,0,0,0,0,0,0,1,0,0,0,0,1,2,40,2,1,2,1,0,0,14,12,7,3,4,7,1,1
8,80288,1,1,1,18,9,17,30,58,0,1,0,8,1,34,706,34706,80,1991,WB1046109M64,W,B,1,0,4,6,1,0,9,M,6,4,0,M,BMW,R10,RS,91,17,,,,,,,1000,,2,,4,419,,,,,,,0,0,000000000,00000000000,0,0,0,1,0,0,0,0,0,0,0,30,0,0,0,14,14,6,2,58,0,0,0,1,8,80634,6,1,0,0,3,1,68,175,0,0,0,0,0,0,0,0,0,0,92,0,0,0,1,2,30,2,5,2,1,0,0,14,13,1,1,4,6,1,1
8,80289,1,1,1,14,9,19,23,8,0,1,0,8,3,84,881,84881,62,1999,1HTSCAAM6XH6,1,H,T,S,C,A,A,M,6,X,H,6,0,T,INTL,470,CC,99,17,,6,2540,1280,40S,D,,,6,466,,,,,00000,00,,42,0,57,805774,57805774,2,1,1,1,0,0,0,0,0,0,0,30,0,0,0,12,12,2,1,8,0,0,0,1,8,80005,6,1,0,0,3,0,76,210,0,0,0,0,1,8,2011,8,2011,0,0,0,0,0,2,2,40,1,5,2,2,2,3,1,80,2,1,1,13,0,0
8,80290,1,2,1,22,9,8,43,12,6,1,0,8,2,41,50,41050,4,2005,1YVFP80C955M,1,Y,V,F,P,8,0,C,9,5,5,M,0,P,MAZD,M6I,4D,5,17,3102,,0,1053,,G,,F,4,138,,,16R205,,,,,,0,0,000000000,00000000000,0,0,0,1,0,0,0,0,0,0,0,15,0,0,0,9,9,6,2,12,0,0,0,1,8,80106,6,1,0,0,3,3,62,105,0,0,0,0,0,0,0,0,0,0,38,0,0,0,2,2,50,1,1,2,1,20,3,11,15,7,1,1,82,1,0
8,80290,2,2,1,22,9,8,43,12,6,1,0,8,3,23,881,23881,62,2006,1GDJ5C1G16F9,1,G,D,J,5,C,1,G,1,6,F,9,0,T,GMC,C5C,CB,6,17,,6,2240,1280,C55,G,,,8,496,,,,,00000,00,,42,0,57,00108029,5700108029,2,1,1,1,0,0,0,0,0,0,0,65,0,0,0,12,12,6,2,12,0,0,0,1,8,81005,6,1,0,0,3,3,65,225,1,0,0,2,0,2,2009,2,2011,0,0,0,0,0,2,2,65,1,1,2,1,0,0,1,67,8,1,2,83,0,0