STATE,ST_CASE,VEH_NO,VE_FORMS,NUMOCCS,DAY,MONTH,HOUR,MINUTE,HARM_EV,MAN_COLL,UNITTYPE,HIT_RUN,REG_STAT,OWNER,MAKE,MODEL,MAK_MOD,BODY_TYP,MOD_YEAR,VIN,VIN_1,VIN_2,VIN_3,VIN_4,VIN_5,VIN_6,VIN_7,VIN_8,VIN_9,VIN_10,VIN_11,VIN_12,TOW_VEH,VINTYPE,VINMAKE,VINA_MOD,VIN_BT,VINMODYR,VIN_LNGT,VIN_WGT,WGTCD_TR,WHLBS_LG,WHLBS_SH,SER_TR,FUELCODE,MCYCL_DS,CARBUR,CYLINDER,DISPLACE,MCYCL_CY,MCYCL_WT,TIRE_SZE,TON_RAT,TRK_WT,TRKWTVAR,VIN_REST,WHLDRWHL,J_KNIFE,MCARR_I1,MCARR_I2,MCARR_ID,GVWR,V_CONFIG,CARGO_BT,HAZ_INV,HAZ_PLAC,HAZ_ID,HAZ_CNO,HAZ_REL,BUS_USE,SPEC_USE,EMER_USE,TRAV_SP,UNDERIDE,ROLLOVER,ROLINLOC,IMPACT1,IMPACT2,DEFORMED,TOWED,M_HARM,VEH_SC1,VEH_SC2,FIRE_EXP,DR_PRES,L_STATE,DR_ZIP,L_STATUS,L_TYPE,CDL_STAT,L_ENDORS,L_COMPL,L_RESTRI,DR_HGT,DR_WGT,PREV_ACC,PREV_SUS,PREV_DWI,PREV_SPD,PREV_OTH,FIRST_MO,FIRST_YR,LAST_MO,LAST_YR,SPEEDREL,DR_SF1,DR_SF2,DR_SF3,DR_SF4,VTRAFWAY,VNUM_LAN,VSPD_LIM,VALIGN,VPROFILE,VPAVETYP,VSURCOND,VTRAFCON,VTCONT_F,P_CRASH1,P_CRASH2,P_CRASH3,PCRASH4,PCRASH5,ACC_TYPE,DEATHS,DR_DRINK
8,80291,1,3,1,24,9,0,51,12,2,1,0,8,1,49,401,49401,14,2001,JT3GN86R6102,J,T,3,G,N,8,6,R,6,1,0,2,0,P,TOYT,RUN,UT,1,17,3600,,0,1053,,G,,F,6,206,,,15R225,,,,,,0,0,000000000,00000000000,0,0,0,1,0,0,0,0,0,0,0,70,0,0,0,12,12,6,2,12,0,0,0,1,8,80911,6,1,0,0,3,0,70,230,0,0,0,0,0,0,0,0,0,0,51,0,0,0,2,2,75,1,1,2,1,0,0,1,54,1,1,1,52,1,1
8,80291,2,3,2,24,9,0,51,12,2,1,0,8,1,54,421,54421,15,2005,2HNYD18295H5,2,H,N,Y,D,1,8,2,9,5,H,5,0,P,ACUR,MDX,UT,5,17,4471,,0,1063,,G,,F,6,212,,,17R235,,,,,,0,0,000000000,00000000000,0,0,0,1,0,0,0,0,0,0,0,70,0,0,0,12,12,6,2,12,0,0,0,1,8,81007,6,1,0,0,3,3,70,194,0,0,0,3,0,9,2009,3,2010,0,0,0,0,0,2,2,75,1,1,2,1,0,0,1,54,1,1,1,52,2,1
8,80291,3,3,1,24,9,0,51,12,2,1,0,18,3,84,881,84881,66,2005,3HSCEAPR05N0,3,H,S,C,E,A,P,R,0,5,N,0,1,T,INTL,92I,TR,5,17,,8,0,0,920,D,,,6,915,,,,,00000,00,,64,1,57,121058,57121058,3,6,1,1,0,0,0,0,0,0,0,60,0,0,0,12,12,2,1,54,0,0,0,1,8,80643,6,1,6,1,3,0,69,205,0,0,0,0,2,2,2009,3,2011,0,0,0,0,0,2,2,75,1,1,2,1,0,0,1,90,7,1,4,98,0,0
8,80292,1,1,1,24,9,15,36,31,0,1,0,8,1,2,404,2404,14,1987,1JCMR7823HT0,1,J,C,M,R,7,8,2,3,H,T,0,0,P,AMER,CHK,UT,87,17,0,,0,1010,,G,,F,6,242,,,000000,,,,,,0,0,000000000,00000000000,0,0,0,1,0,0,0,0,0,0,0,35,0,1,5,12,13,6,2,30,0,0,0,1,8,81647,6,1,0,0,3,3,75,190,0,0,0,0,0,0,0,0,0,0,85,0,0,0,1,2,35,1,1,1,1,0,0,1,78,9,1,4,3,1,0
8,80293,1,2,1,25,9,3,32,8,0,1,1,99,9,99,999,99999,99,9999,999999999999,9,9,9,9,9,9,9,9,9,9,9,9,0,,,,,,,,,,,,,,,,,,,,,,,,,0,0,000000000,00000000000,0,0,0,1,0,0,0,0,0,0,0,999,0,0,0,12,12,9,1,8,0,0,0,1,99,99999,9,9,99,0,9,9,999,999,99,99,99,99,99,99,9999,99,9999,0,0,0,0,0,3,4,55,1,1,2,1,0,0,1,80,3,2,1,13,0,0
8,80293,2,2,1,25,9,3,32,8,0,1,0,8,1,22,20,22020,2,1998,1G2WP1210WF2,1,G,2,W,P,1,2,1,0,W,F,2,0,P,PONT,GTP,CP,98,17,3396,,0,1105,,G,,Z,6,231,,,16R225,,,,,,0,0,000000000,00000000000,0,0,0,1,0,0,0,0,0,0,0,45,0,0,0,14,14,2,1,18,0,0,0,1,8,80204,6,1,0,0,3,0,69,145,0,0,0,0,1,1,2011,1,2011,0,0,0,0,0,3,4,55,1,1,2,1,0,0,1,90,7,1,1,98,0,0
8,80294,1,1,1,29,9,11,55,21,0,1,0,4,1,12,870,12870,61,2010,1FDXE4FS1ADA,1,F,D,X,E,4,F,S,1,A,D,A,1,T,FORD,4DC,YY,10,17,,4,1760,1580,CTV,G,,,10,415,,,,D,5613,00,E,42,3,88,888888888,88888888888,2,4,1,1,0,0,0,0,0,0,0,75,0,0,0,12,12,6,2,21,0,0,0,1,8,80107,6,1,0,0,3,0,70,185,0,0,0,0,1,8,2010,8,2010,0,0,0,0,0,2,2,75,1,5,2,1,0,0,1,13,1,1,4,1,1,0
8,80295,1,2,4,24,9,11,31,12,6,1,0,8,1,32,42,32042,4,2003,WAULD64BX3N0,W,A,U,L,D,6,4,B,X,3,N,0,0,P,AUDI,27Q,4D,3,17,3735,,0,1086,,G,,T,6,163,,,17R235,,,,,,0,0,000000000,00000000000,0,0,0,1,0,0,0,0,0,0,0,5,0,0,0,9,9,6,2,12,0,0,0,1,8,80304,6,1,0,0,3,3,68,162,0,0,0,0,0,0,0,0,0,0,48,0,0,0,1,2,55,1,1,2,1,0,0,12,98,1,1,2,98,0,0
8,80295,2,2,1,24,9,11,31,12,6,1,0,8,1,72,706,72706,80,1985,1HD1BHL1XFY0,1,H,D,1,B,H,L,1,X,F,Y,0,0,M,HD,FXT,RS,85,17,,,,,,,1340,,2,,4,722,,,,,,,0,0,000000000,00000000000,0,0,0,1,0,0,0,0,0,0,0,55,0,0,0,12,12,6,2,12,0,0,0,1,8,80012,6,1,0,0,3,3,71,180,0,0,0,0,1,6,2010,6,2010,0,0,0,0,0,1,2,55,1,1,2,1,0,0,6,51,6,1,2,98,1,0
8,80296,1,1,2,29,9,16,1,33,0,1,0,8,1,72,706,72706,80,1996,4B7H84696TS0,4,B,7,H,8,4,6,9,6,T,S,0,0,M,HD,,,96,17,,,,,,,,,,,,,,,,,,,0,0,000000000,00000000000,0,0,0,1,0,0,0,0,0,0,0,998,0,0,0,14,0,6,2,33,0,0,0,1,8,80911,6,1,0,0,3,3,71,185,0,0,0,0,1,12,2008,12,2008,0,0,0,0,0,1,2,40,3,5,2,1,0,0,14,13,3,2,4,2,2,0
8,80297,1,1,3,14,9,21,8,30,0,1,0,8,1,12,37,12037,3,2004,3FAHP39544R1,3,F,A,H,P,3,9,5,4,4,R,1,0,P,FORD,ZX3,3P,4,17,2750,,0,1030,,G,,F,4,121,,,17R215,,,,,,0,0,000000000,00000000000,0,0,0,1,0,0,0,0,0,0,0,45,0,0,0,3,3,6,2,30,0,0,0,1,8,81122,6,1,0,0,3,0,74,175,0,0,0,1,0,2,2009,2,2009,1,92,0,0,0,1,4,45,1,1,2,2,0,0,1,13,6,4,4,2,1,1
8,80298,1,2,1,30,9,21,52,12,6,1,0,8,1,76,705,76705,80,1990,JYA3HHE04LA0,J,Y,A,3,H,H,E,0,4,L,A,0,0,M,YAMA,F6R,RC,90,17,,,,,,,599,,4,,4,390,,,,,,,0,0,000000000,00000000000,0,0,0,1,0,0,0,0,0,0,0,20,0,0,0,82,82,6,2,12,0,0,0,1,8,80021,6,1,0,0,3,3,70,160,0,0,0,0,1,12,2010,12,2010,0,8,39,92,0,2,2,30,1,1,2,1,2,3,11,15,1,1,1,68,1,0
8,80298,2,2,1,30,9,21,52,12,6,1,0,8,2,23,421,23421,15,1993,1GKEK18KXPJ7,1,G,K,E,K,1,8,K,X,P,J,7,0,T,GMC,YUK,2W,93,17,,2,0,1115,YUK,G,,,8,350,,,,B,00000,00,A,44,0,0,000000000,00000000000,0,0,0,1,0,0,0,0,0,0,0,35,0,0,0,12,12,4,1,12,0,0,0,1,8,80030,0,0,0,0,0,0,67,150,0,0,0,0,1,11,2008,11,2008,0,92,0,0,0,2,2,30,1,1,2,1,2,3,1,62,99,1,1,69,0,0
8,80299,1,1,1,1,10,4,54,38,0,1,0,8,1,2,404,2404,14,1996,1J4FT68SXTL2,1,J,4,F,T,6,8,S,X,T,L,2,0,T,JEEP,SPC,4W,96,17,,1,0,1014,CHK,G,,,6,242,,,,,2848,00,M,42,0,0,000000000,00000000000,0,0,0,1,0,0,0,0,0,0,0,80,0,1,6,12,0,6,2,58,0,0,1,1,8,81005,6,2,0,0,3,0,70,150,0,0,0,1,0,10,2010,10,2010,1,92,0,0,0,1,2,65,3,6,2,1,0,0,14,6,1,1,4,1,1,1
8,80300,1,2,2,1,10,15,12,1,0,1,0,8,1,21,401,21401,14,2002,1GHDT13S9221,1,G,H,D,T,1,3,S,9,2,2,1,0,P,OLDS,BRA,UT,2,17,4628,,0,1130,,G,,F,6,256,,,17R255,,,,,,0,0,000000000,00000000000,0,0,0,1,0,0,0,0,0,0,0,0,0,0,0,62,62,4,3,12,0,0,0,1,8,80211,6,1,0,0,3,1,63,130,0,0,0,0,0,0,0,0,0,0,38,0,0,0,1,2,50,1,1,2,1,20,3,11,15,2,1,1,98,0,0
8,80300,2,2,1,1,10,15,12,1,0,1,0,29,1,72,706,72706,80,2007,1HD1FC4187Y7,1,H,D,1,F,C,4,1,8,7,Y,7,0,M,HD,FLU,RS,7,17,,,,,,,1584,,2,,4,808,,,,,,,0,0,000000000,00000000000,0,0,0,1,0,0,0,0,0,0,0,50,0,0,0,0,6,6,2,12,0,0,0,1,29,63105,6,1,0,0,3,0,72,180,0,0,0,0,0,0,0,0,0,0,0,0,0,0,1,2,55,1,1,2,1,0,0,1,67,3,2,1,98,1,0
8,80301,1,2,1,1,10,15,50,12,2,1,0,8,1,23,481,23481,31,2007,2GTEK13MX715,2,G,T,E,K,1,3,M,X,7,1,5,0,T,GMC,NK1,CW,7,17,,2,0,1435,SIE,G,,,8,323,,,,B,5371,00,4,44,0,0,000000000,00000000000,0,0,0,1,0,0,0,0,0,0,0,15,0,0,0,12,12,6,2,12,0,0,0,1,8,80808,6,1,0,0,3,0,74,210,1,0,0,1,0,7,2011,8,2011,0,38,48,92,0,1,2,65,1,1,2,1,0,0,11,15,1,1,2,68,0,0
8,80301,2,2,3,1,10,15,50,12,2,1,0,8,2,39,36,39036,4,2002,SAJEA51CX2WC,S,A,J,E,A,5,1,C,X,2,W,C,0,P,JAGU,XT3,4D,2,17,3516,,0,1067,,G,,F,6,181,,,16R205,,,,,,0,0,000000000,00000000000,0,0,0,1,0,0,0,0,0,0,0,65,0,0,0,12,12,6,2,12,0,0,0,1,8,80918,6,1,0,0,3,0,70,170,0,0,0,0,0,0,0,0,0,0,0,0,0,0,1,2,65,1,1,2,1,0,0,1,62,1,1,1,69,1,0
8,80302,1,2,1,20,10,21,11,12,2,1,0,8,1,7,472,7472,30,2006,1D7HW22KX6S6,1,D,7,H,W,2,2,K,X,6,S,6,0,T,DODG,KST,PC,6,17,,2,0,1309,DAK,G,,,6,225,,,,B,4329,00,E,44,0,0,000000000,00000000000,0,0,0,1,0,0,0,0,0,0,0,10,0,0,0,12,12,6,2,12,0,0,0,1,8,80906,6,1,6,0,3,3,67,168,0,0,0,0,0,0,0,0,0,0,38,0,0,0,5,4,40,1,5,2,1,2,3,11,15,1,1,1,68,0,0
8,80302,2,2,2,20,10,21,11,12,2,1,0,48,1,73,703,73703,80,2002,JKAEXMF172A0,J,K,A,E,X,M,F,1,7,2,A,0,0,M,KAWK,EXF,RC,2,17,,,,,,,250,,2,,4,304,,,,,,,0,0,000000000,00000000000,0,0,0,1,0,0,0,0,0,0,0,40,0,0,0,12,12,6,2,12,0,0,0,1,48,77845,6,1,0,0,3,1,999,999,0,0,0,0,0,0,0,0,0,0,92,0,0,0,5,4,40,1,6,2,1,2,3,1,62,1,1,1,69,1,0
8,80303,1,2,1,1,10,23,5,12,2,1,0,56,2,35,39,35039,4,2000,JN1CA31A4YT0,J,N,1,C,A,3,1,A,4,Y,T,0,0,P,NISS,MGS,4D,0,17,3071,,0,1083,,G,,F,6,182,,,15R205,,,,,,0,0,000000000,00000000000,0,0,0,1,0,0,0,0,0,0,0,65,0,0,0,12,12,6,2,12,0,0,0,1,8,80219,0,0,0,0,0,0,71,150,0,1,0,0,1,11,2010,1,2011,0,0,0,0,0,1,2,65,2,5,2,1,0,0,14,10,7,1,2,50,1,0
8,80303,2,2,1,1,10,23,5,12,2,1,0,8,1,12,850,12850,65,1997,1FDLE40F1VHB,1,F,D,L,E,4,0,F,1,V,H,B,0,T,FORD,RVC,MH,97,17,,4,1760,1580,CTV,D,,,8,444,,,,,5024,00,E,42,0,0,000000000,00000000000,0,0,0,1,0,0,0,0,0,0,0,65,0,0,0,12,12,6,2,12,0,0,0,1,8,80503,6,1,0,0,3,0,71,220,0,0,0,0,1,3,2011,3,2011,0,0,0,0,0,1,2,65,3,6,2,1,0,0,14,62,9,1,1,51,0,0
8,80304,1,1,2,2,10,19,10,11,0,1,0,8,1,12,401,12401,14,1995,1FMDU34X1SZB,1,F,M,D,U,3,4,X,1,S,Z,B,0,P,FORD,EPR,UT,95,17,4053,,0,1115,,G,,F,6,245,,,15R225,,,,,,0,0,000000000,00000000000,0,0,0,1,0,0,0,0,0,0,0,65,0,0,0,1,1,6,2,11,0,0,0,1,8,81647,6,1,0,0,3,0,74,185,0,0,0,1,0,12,2009,12,2009,0,83,0,0,0,2,2,65,3,1,2,1,0,0,14,87,8,1,1,13,1,0
8,80305,1,1,5,4,10,13,15,1,0,1,0,8,2,7,402,7402,14,2002,1B4HS58Z52F1,1,B,4,H,S,5,8,Z,5,2,F,1,0,P,DODG,DUR,UT,2,17,4678,,0,1160,,G,,F,8,360,,,16R265,,,,,,0,0,000000000,00000000000,0,0,0,1,0,0,0,0,0,0,0,75,0,2,5,0,0,6,2,1,0,0,0,1,8,81050,6,1,0,0,3,0,67,180,0,0,0,0,0,0,0,0,0,1,92,0,0,0,1,2,65,2,1,2,1,0,0,14,3,7,3,4,2,2,0
8,80306,1,1,2,4,10,13,45,38,0,1,0,8,1,12,481,12481,31,2003,1FTNF21S83EB,1,F,T,N,F,2,1,S,8,3,E,B,0,T,FORD,F2S,PK,3,17,,2,0,1370,SRW,G,,,10,415,,,,C,5857,00,U,44,0,0,000000000,00000000000,0,0,0,1,0,0,0,0,0,0,0,65,0,1,6,61,0,6,2,1,0,0,0,1,8,81428,6,1,0,0,3,1,71,208,0,0,0,0,0,0,0,0,0,0,85,0,0,0,1,3,65,3,6,2,2,28,3,14,62,9,4,4,3,1,0
8,80307,1,1,1,2,10,19,3,8,0,1,0,8,2,23,431,23431,16,1993,1GKFK16K6PJ7,1,G,K,F,K,1,6,K,6,P,J,7,0,T,GMC,KSU,4W,93,17,,2,0,1315,K15,G,,,8,350,,,,B,00000,00,A,44,0,0,000000000,00000000000,0,0,0,1,0,0,0,0,0,0,0,35,0,0,0,12,12,2,3,8,0,0,0,1,8,81504,2,7,0,0,2,2,72,150,0,3,0,0,1,6,2009,6,2010,0,74,91,0,0,1,2,30,3,1,2,1,0,0,14,81,2,1,4,1,0,1
8,80308,1,2,1,6,10,14,15,12,6,1,0,8,1,20,2,20002,4,2004,2G1WF52E2491,2,G,1,W,F,5,2,E,2,4,9,1,0,P,CHEV,IMP,4D,4,17,3389,,0,1105,,G,,F,6,207,,,16R225,,,,,,0,0,000000000,00000000000,0,0,0,1,0,0,0,0,0,0,0,65,3,0,0,12,13,6,2,12,0,0,0,1,8,80701,6,1,0,0,3,0,69,200,0,0,0,0,0,0,0,0,0,0,28,0,0,0,1,2,65,1,1,2,1,0,0,1,10,1,1,2,64,1,0
8,80308,2,2,1,6,10,14,15,12,6,1,0,8,3,85,881,85881,63,2009,1NKDLU9X19R2,1,N,K,D,L,U,9,X,1,9,R,2,1,T,KW,T80,CC,9,17,,8,2600,1600,CON,D,,,6,763,,,,,00000,00,,64,1,57,310646,57310646,3,4,4,1,0,0,0,0,0,0,0,65,0,0,0,8,14,6,2,12,0,0,0,1,8,80550,6,1,6,1,3,1,65,256,0,0,0,0,0,0,0,0,0,0,0,0,0,0,1,2,65,1,1,2,1,0,0,1,62,7,1,1,65,0,0
8,80309,1,1,4,7,10,8,18,1,0,1,0,4,1,35,401,35401,14,1999,JN8AR05Y5XW3,J,N,8,A,R,0,5,Y,5,X,W,3,0,P,NISS,PFI,UT,99,17,3826,,0,1063,,G,,F,6,201,,,15R235,,,,,,0,0,000000000,00000000000,0,0,0,1,0,0,0,0,0,0,0,75,0,2,3,0,0,6,2,1,0,0,0,1,4,85303,6,1,0,0,3,0,70,190,0,0,0,0,0,0,0,0,0,0,58,92,0,0,2,2,75,1,1,2,1,0,0,1,12,9,4,4,7,1,0
8,80310,1,1,2,8,10,8,35,38,0,1,0,6,1,7,43,7043,4,1998,1B3EJ56H7WN2,1,B,3,E,J,5,6,H,7,W,N,2,0,P,DODG,STS,4D,98,17,2917,,0,1080,,G,,F,6,152,,,15R195,,,,,,0,0,000000000,00000000000,0,0,0,1,0,0,0,0,0,0,0,15,0,1,5,12,0,6,2,3,0,0,0,1,6,92231,6,1,0,0,3,0,66,180,0,0,0,0,0,0,0,0,0,0,87,92,0,0,1,2,30,2,6,5,3,0,0,14,5,2,1,4,6,1,0
8,80311,1,1,4,8,10,9,40,42,0,1,0,8,2,49,472,49472,30,1996,4TAWN72N8TZ1,4,T,A,W,N,7,2,N,8,T,Z,1,0,T,TOYT,XTR,PC,96,17,,1,0,1219,TAC,G,,,6,206,,,,B,3405,00,M,44,0,0,000000000,00000000000,0,0,0,1,0,0,0,0,0,0,0,55,0,1,5,2,3,6,2,42,0,0,0,1,8,80461,0,0,0,0,0,0,999,999,0,0,0,0,0,0,0,0,0,1,58,87,92,0,1,2,55,2,6,2,10,0,0,14,13,8,4,4,7,1,0
8,80312,1,1,1,8,10,23,25,59,0,1,0,19,3,23,481,23481,31,2006,1GTHK29U16E2,1,G,T,H,K,2,9,U,1,6,E,2,0,T,GMC,2KH,4C,6,17,,2,1575,1435,SIE,G,,,8,366,,,,C,5659,02,E,44,0,0,000000000,00000000000,0,0,0,1,0,0,0,0,0,0,0,70,0,2,1,12,0,6,2,1,0,0,0,1,19,50060,6,1,0,0,3,1,68,200,0,0,0,0,0,0,0,0,0,1,53,58,0,0,1,2,40,3,6,2,1,40,3,14,6,6,1,4,1,1,1
8,80313,1,1,1,8,10,23,53,59,0,1,0,8,2,24,5,24005,4,2005,1G8JD54R95Y5,1,G,8,J,D,5,4,R,9,5,Y,5,0,P,STRN,L32,4D,5,17,3237,,0,1065,,G,,F,6,183,,,16R215,,,,,,0,0,000000000,00000000000,0,0,0,1,0,0,0,0,0,0,0,90,0,1,6,3,0,6,2,1,0,0,0,1,8,80831,6,2,0,0,3,0,63,116,0,0,0,0,0,0,0,0,0,1,0,0,0,0,1,2,45,1,5,2,1,0,0,1,6,9,4,4,7,1,0
8,80314,1,1,3,9,10,3,39,38,0,1,0,8,1,23,431,23431,16,2003,1GKFK66U73J1,1,G,K,F,K,6,6,U,7,3,J,1,0,T,GMC,DXL,4W,3,17,,2,0,0,YUK,G,,,8,364,,,,B,5820,00,4,44,0,0,000000000,00000000000,0,0,0,1,0,0,0,0,0,0,0,65,0,1,5,12,0,6,2,1,0,0,0,1,6,91932,6,1,0,0,3,0,68,160,0,0,0,0,0,0,0,0,0,0,91,0,0,0,1,2,65,1,1,2,1,28,3,1,12,1,1,4,6,1,1
8,80315,1,2,2,10,10,10,5,12,8,1,0,8,3,20,870,20870,61,2009,1GBJG31K4911,1,G,B,J,G,3,1,K,4,9,1,1,0,T,CHEV,CT3,YY,9,17,,3,1770,1390,ETV,G,,,8,366,,,,D,4528,00,,42,0,57,00934119,5700934119,2,1,1,1,0,0,0,0,0,0,0,65,0,1,1,10,10,6,2,12,0,0,0,1,8,81005,6,1,0,0,3,1,64,186,0,0,0,1,1,6,2009,11,2010,0,28,0,0,0,1,2,65,1,1,2,1,0,0,1,10,1,1,2,64,1,0
8,80315,2,2,1,10,10,10,5,12,8,1,0,17,3,82,881,82881,66,2010,1FVXAJCG3ADA,1,F,V,X,A,J,C,G,3,A,D,A,1,T,FRHT,FLD,GL,10,17,,8,0,0,CON,D,,,6,774,,,,,00000,00,,,1,57,111862,57111862,3,6,3,1,0,0,0,0,0,0,0,60,0,0,0,11,11,6,2,12,0,0,0,1,29,63130,6,1,6,1,3,0,69,150,0,0,0,0,0,0,0,0,0,0,0,0,0,0,1,2,65,1,1,2,1,0,0,1,62,9,1,1,65,0,0
8,80316,1,1,1,10,10,18,50,38,0,1,0,8,1,21,20,21020,4,1995,1G3WH52XXSD3,1,G,3,W,H,5,2,X,X,S,D,3,0,P,OLDS,SUL,4D,95,17,3354,,0,1075,,G,,F,6,207,,,15R205,,,,,,0,0,000000000,00000000000,0,0,0,1,0,0,0,0,0,0,0,70,0,1,6,81,0,6,2,1,0,0,0,1,8,80631,2,1,2,0,2,0,62,115,0,1,1,0,0,9,2011,9,2011,1,39,0,0,0,1,2,30,2,1,2,1,20,3,14,13,6,1,4,1,1,0
8,80317,1,2,2,10,10,23,20,12,6,1,1,8,2,32,40,32040,4,2007,WAUGL78E67A0,W,A,U,G,L,7,8,E,6,7,A,0,0,P,AUDI,NSQ,4D,7,17,3869,,0,1043,,G,,F,8,254,,,18R235,,,,,,0,0,000000000,00000000000,0,0,0,1,0,0,0,0,0,0,0,999,0,0,0,12,12,6,2,12,0,0,0,1,8,80108,6,1,0,0,3,0,72,190,0,0,0,0,0,0,0,0,0,9,39,0,0,0,4,3,30,1,6,2,1,2,3,1,17,1,1,1,88,0,1
8,80317,2,2,1,10,10,23,20,12,6,1,0,8,1,6,52,6052,6,2006,3A4FY48B56T2,3,A,4,F,Y,4,8,B,5,6,T,2,0,P,CHRY,PTC,SV,6,17,3018,,0,1030,,G,,F,4,148,,,17R205,,,,,,0,0,000000000,00000000000,0,0,0,1,0,0,0,0,0,0,0,999,0,1,5,9,9,6,2,12,0,0,0,1,8,80209,2,8,0,0,2,2,75,180,0,1,0,1,0,6,2010,5,2011,0,74,0,0,0,4,3,30,1,1,2,1,2,3,1,66,1,1,1,89,1,1
8,80318,1,2,3,11,10,14,0,12,6,1,0,8,2,18,7,18007,4,1996,1G4AG55MXT64,1,G,4,A,G,5,5,M,X,T,6,4,0,P,BUIC,CSL,4D,96,17,2951,,0,1049,,G,,F,6,191,,,14R185,,,,,,0,0,000000000,00000000000,0,0,0,1,0,0,0,0,0,0,0,10,0,0,0,3,3,6,2,12,0,0,0,1,8,80117,6,2,0,0,3,2,74,260,0,0,0,0,0,0,0,0,0,0,38,52,74,0,1,2,40,1,6,2,1,20,3,4,17,1,1,1,87,1,0
8,80318,2,2,1,11,10,14,0,12,6,1,0,8,2,2,404,2404,14,2001,1J4GW48S31C6,1,J,4,G,W,4,8,S,3,1,C,6,0,T,JEEP,LRO,4W,1,17,,1,0,1059,GCK,G,,,6,244,,,,,3864,01,E,44,0,0,000000000,00000000000,0,0,0,1,0,0,0,0,0,0,0,50,0,0,0,12,12,6,2,12,0,0,0,1,8,80107,6,2,0,0,3,0,68,115,0,0,0,0,0,0,0,0,0,0,0,0,0,0,1,2,50,1,6,2,1,0,0,1,66,1,1,1,86,0,0
8,80319,1,1,1,4,10,19,10,8,0,1,0,8,1,2,403,2403,14,2003,1J4FA69S43P3,1,J,4,F,A,6,9,S,4,3,P,3,0,T,JEEP,WRB,2W,3,17,,1,0,934,W/T,G,,,6,244,,,,,3648,00,E,44,0,0,000000000,00000000000,0,0,0,1,0,0,0,0,0,0,0,45,0,0,0,12,12,6,2,8,0,0,0,1,8,80211,6,1,0,0,3,0,71,140,0,0,0,0,2,4,2010,3,2011,0,0,0,0,0,1,4,45,1,5,2,1,0,0,1,80,1,1,1,13,0,0
8,80320,1,1,1,12,10,19,13,19,0,1,0,8,2,12,481,12481,31,1997,1FTHX26F1VEC,1,F,T,H,X,2,6,F,1,V,E,C,0,T,FORD,F25,PC,97,17,,2,1550,1390,COF,D,,,8,444,,,,C,5236,00,A,44,0,0,000000000,00000000000,0,0,0,1,0,0,0,0,0,0,0,65,0,0,0,12,12,6,2,19,0,0,0,1,8,80127,6,1,0,0,3,0,69,220,0,0,0,0,2,4,2009,9,2010,1,0,0,0,0,1,2,35,2,5,2,1,40,3,14,12,9,1,4,6,1,1
8,80321,1,1,1,13,10,7,55,15,0,1,0,8,1,20,481,20481,31,2004,1GCGK23U64F2,1,G,C,G,K,2,3,U,6,4,F,2,0,T,CHEV,SK2,CW,4,17,,2,0,1530,SIL,G,,,8,364,,,,C,5817,00,,44,0,0,000000000,00000000000,0,0,0,1,0,0,0,0,0,0,0,50,0,0,0,12,12,6,2,15,0,0,0,1,8,80525,6,1,0,0,3,0,76,195,0,0,0,1,0,7,2010,7,2010,0,0,0,0,0,2,3,45,1,1,2,1,0,0,1,80,1,1,1,13,0,0
8,80322,1,1,1,15,10,3,33,33,0,1,1,8,9,18,20,18020,4,2003,2G4WB55K5312,2,G,4,W,B,5,5,K,5,3,1,2,0,P,BUIC,RLS,4D,3,17,3543,,0,1090,,G,,F,6,231,,,15R215,,,,,,0,0,000000000,00000000000,0,0,0,1,0,0,0,0,0,0,0,999,0,0,0,14,12,6,2,8,0,0,0,1,99,99999,9,9,99,0,9,9,999,999,99,99,99,99,99,99,9999,99,9999,1,37,92,0,0,4,2,35,1,6,1,1,2,3,1,13,7,3,4,2,0,0
8,80323,1,2,13,13,10,7,30,12,1,1,0,8,1,7,461,7461,21,1999,2B5WB35Z0XK5,2,B,5,W,B,3,5,Z,0,X,K,5,0,P,DODG,RMW,SV,99,17,5388,,0,1272,,G,,F,8,360,,,000000,,,,,,0,88,888888888,88888888888,2,20,22,1,0,0,0,0,1,0,0,65,1,0,0,12,13,6,2,12,0,0,0,1,8,80825,6,1,3,0,3,1,72,219,0,0,0,0,0,0,0,0,0,1,26,0,0,0,1,2,40,1,5,1,1,40,3,1,50,1,1,1,20,6,0
8,80323,2,2,1,13,10,7,30,12,1,1,0,56,3,87,881,87881,66,2001,1XP5DB9X11D5,1,X,P,5,D,B,9,X,1,1,D,5,1,T,PTRB,379,TR,1,17,,8,0,0,CON,D,,,6,893,,,,,00000,00,,64,1,57,1389296,571389296,3,6,1,1,0,0,0,0,0,0,0,0,0,0,0,6,6,6,2,12,0,0,0,1,56,82007,6,1,6,1,3,0,71,215,1,0,0,0,0,3,2011,3,2011,0,0,0,0,0,1,2,40,1,5,1,1,40,3,5,53,1,1,1,21,0,0
8,80324,1,1,1,15,10,16,28,1,0,1,0,8,1,12,401,12401,14,2000,1FMDU64E8YZC,1,F,M,D,U,6,4,E,8,Y,Z,C,0,P,FORD,EPR,UT,0,17,3970,,0,1116,,G,,F,6,245,,,16R255,,,,,,0,0,000000000,00000000000,0,0,0,1,0,0,0,0,0,0,0,35,0,2,5,0,0,6,2,1,0,0,0,1,8,81507,6,1,0,0,3,0,71,160,0,1,0,2,0,6,2009,5,2011,1,92,0,0,0,1,2,25,3,6,4,1,0,0,14,10,7,1,4,1,1,1
8,80325,1,2,2,15,10,16,37,12,6,1,0,8,2,54,38,54038,3,2004,JH4DC53014S0,J,H,4,D,C,5,3,0,1,4,S,0,0,P,ACUR,RST,2H,4,17,2767,,0,1012,,G,,F,4,122,,,16R205,,,,,,0,0,000000000,00000000000,0,0,0,1,0,0,0,0,0,0,0,60,0,0,0,2,3,6,2,12,0,0,0,1,8,81240,6,1,0,0,3,0,64,115,0,0,0,1,0,2,2010,2,2010,0,58,85,0,0,1,2,60,1,6,2,1,0,0,1,60,7,4,2,64,1,0