STATE,ST_CASE,VEH_NO,VE_FORMS,NUMOCCS,DAY,MONTH,HOUR,MINUTE,HARM_EV,MAN_COLL,UNITTYPE,HIT_RUN,REG_STAT,OWNER,MAKE,MODEL,MAK_MOD,BODY_TYP,MOD_YEAR,VIN,VIN_1,VIN_2,VIN_3,VIN_4,VIN_5,VIN_6,VIN_7,VIN_8,VIN_9,VIN_10,VIN_11,VIN_12,TOW_VEH,VINTYPE,VINMAKE,VINA_MOD,VIN_BT,VINMODYR,VIN_LNGT,VIN_WGT,WGTCD_TR,WHLBS_LG,WHLBS_SH,SER_TR,FUELCODE,MCYCL_DS,CARBUR,CYLINDER,DISPLACE,MCYCL_CY,MCYCL_WT,TIRE_SZE,TON_RAT,TRK_WT,TRKWTVAR,VIN_REST,WHLDRWHL,J_KNIFE,MCARR_I1,MCARR_I2,MCARR_ID,GVWR,V_CONFIG,CARGO_BT,HAZ_INV,HAZ_PLAC,HAZ_ID,HAZ_CNO,HAZ_REL,BUS_USE,SPEC_USE,EMER_USE,TRAV_SP,UNDERIDE,ROLLOVER,ROLINLOC,IMPACT1,IMPACT2,DEFORMED,TOWED,M_HARM,VEH_SC1,VEH_SC2,FIRE_EXP,DR_PRES,L_STATE,DR_ZIP,L_STATUS,L_TYPE,CDL_STAT,L_ENDORS,L_COMPL,L_RESTRI,DR_HGT,DR_WGT,PREV_ACC,PREV_SUS,PREV_DWI,PREV_SPD,PREV_OTH,FIRST_MO,FIRST_YR,LAST_MO,LAST_YR,SPEEDREL,DR_SF1,DR_SF2,DR_SF3,DR_SF4,VTRAFWAY,VNUM_LAN,VSPD_LIM,VALIGN,VPROFILE,VPAVETYP,VSURCOND,VTRAFCON,VTCONT_F,P_CRASH1,P_CRASH2,P_CRASH3,PCRASH4,PCRASH5,ACC_TYPE,DEATHS,DR_DRINK
9,90116,1,2,1,9,11,15,53,24,0,1,0,9,1,12,402,12402,14,2005,1FMYU02Z65KB,1,F,M,Y,U,0,2,Z,6,5,K,B,0,P,FORD,SPE,UT,5,17,3180,,0,1031,,G,,F,4,140,,,15R225,,,,,,0,0,000000000,00000000000,0,0,0,1,0,0,0,0,0,0,0,998,0,0,0,12,12,6,2,12,0,0,0,1,9,6615,6,1,6,0,3,0,67,999,98,0,0,0,1,5,2010,5,2010,0,0,0,0,0,3,4,55,4,1,2,1,0,0,14,62,6,1,1,98,0,0
9,90116,2,2,2,9,11,15,53,24,0,1,0,9,3,23,461,23461,21,2004,1GTFG15X4411,1,G,T,F,G,1,5,X,4,4,1,1,0,T,GMC,SA1,CG,4,17,,2,0,1350,SAV,G,,,6,262,,,,B,4832,00,E,42,0,0,000000000,00000000000,0,0,0,1,0,0,0,0,0,0,0,998,0,1,3,99,99,6,2,1,0,0,0,1,25,1106,0,0,0,0,0,0,71,999,1,0,0,0,0,6,2010,6,2010,9,0,0,0,0,3,4,55,4,1,2,1,0,0,14,12,7,1,4,6,2,0
9,90117,1,2,1,16,11,5,53,12,6,1,0,9,1,20,401,20401,14,2000,1GNCT18W9YK2,1,G,N,C,T,1,8,W,9,Y,K,2,0,P,CHEV,BZR,UT,0,17,3848,,0,1005,,G,,F,6,262,,,15R205,,,,,,0,0,000000000,00000000000,0,0,0,1,0,0,0,0,0,0,0,999,0,0,0,12,12,6,2,12,0,0,0,1,9,6242,6,1,0,0,3,0,69,999,98,0,0,0,0,0,0,0,0,0,0,0,0,0,1,2,30,1,1,2,2,0,0,1,66,1,1,1,86,0,0
9,90117,2,2,1,16,11,5,53,12,6,1,0,34,1,52,37,52037,2,1997,4A3AK54F6VE0,4,A,3,A,K,5,4,F,6,V,E,0,0,P,MITS,GST,2H,97,17,2899,,0,988,,G,,T,4,122,,,16R205,,,,,,0,0,000000000,00000000000,0,0,0,1,0,0,0,0,0,0,0,999,0,0,0,3,3,6,2,12,0,0,0,1,34,7060,6,1,0,0,3,0,64,999,0,0,0,0,1,5,2009,5,2009,0,38,0,0,0,1,2,30,1,1,2,2,20,3,1,17,1,1,1,87,1,0
9,90118,1,1,1,4,6,99,99,53,0,1,0,25,1,48,401,48401,14,1999,JF1SF6557XH7,J,F,1,S,F,6,5,5,7,X,H,7,0,P,SUBA,FOR,UT,99,17,3130,,0,994,,G,,F,4,150,,,16R215,,,,,,0,0,000000000,00000000000,0,0,0,1,0,0,0,0,0,0,0,998,0,1,5,12,12,6,2,42,0,0,0,1,25,1097,6,1,0,0,3,0,62,999,0,0,0,0,0,0,0,0,0,9,0,0,0,0,1,2,35,1,1,2,1,0,0,1,12,9,1,4,6,1,0
9,90119,1,1,1,6,8,18,43,42,0,1,0,9,1,49,40,49040,4,1998,JT2BG22K1W01,J,T,2,B,G,2,2,K,1,W,0,1,0,P,TOYT,CXL,4D,98,17,3120,,0,1051,,G,,F,4,132,,,14R195,,,,,,0,0,000000000,00000000000,0,0,0,1,0,0,0,0,0,0,0,998,0,0,0,12,12,6,2,42,0,0,0,1,9,6450,6,1,0,0,3,3,71,999,98,0,0,0,0,0,0,0,0,0,0,0,0,0,2,3,65,1,1,2,1,0,0,1,12,1,1,4,6,1,0
9,90120,1,1,4,14,8,2,33,30,0,1,0,9,2,58,38,58038,4,2006,JNKAY01F46M2,J,N,K,A,Y,0,1,F,4,6,M,2,0,P,INFI,M3A,4D,6,17,3878,,0,1142,,G,,F,6,214,,,18R245,,,,,,0,0,000000000,00000000000,0,0,0,1,0,0,0,0,0,0,0,999,0,1,5,12,12,6,2,1,0,0,0,1,9,6106,6,1,0,0,3,0,72,999,98,0,0,0,1,5,2011,5,2011,9,0,0,0,0,3,3,55,3,1,2,2,0,0,14,13,1,1,4,1,1,1
9,90121,1,1,1,9,10,16,28,24,0,1,0,9,2,73,706,73706,80,2010,JKAZXCF17AA0,J,K,A,Z,X,C,F,1,7,A,A,0,0,M,KAWK,Z0F,RC,10,17,,,,,,,998,,4,,4,459,,,,,,,0,0,000000000,00000000000,0,0,0,1,0,0,0,0,0,0,0,999,0,0,0,12,12,6,2,24,0,0,0,1,13,6513,6,1,0,0,3,0,69,185,98,1,0,1,0,6,2009,4,2010,9,0,0,0,0,3,3,50,4,2,2,1,0,0,14,13,7,1,4,1,1,0
9,90122,1,1,1,30,10,4,11,24,0,1,0,9,1,54,35,54035,4,2004,19UUA66254A0,1,9,U,U,A,6,6,2,5,4,A,0,0,P,ACUR,ATL,4D,4,17,3575,,0,1081,,G,,F,6,197,,,17R235,,,,,,0,0,000000000,00000000000,0,0,0,1,0,0,0,0,0,0,0,998,0,0,0,12,12,6,2,24,0,0,0,1,9,6112,6,1,0,0,3,0,73,999,98,0,0,1,0,10,2010,10,2010,9,0,0,0,0,3,4,50,3,1,2,99,28,3,14,12,1,1,4,6,1,1
9,90123,1,1,1,24,7,12,53,1,0,1,0,9,2,76,705,76705,80,2007,JYARJ12E37A0,J,Y,A,R,J,1,2,E,3,7,A,0,0,M,YAMA,R6L,RC,7,17,,,,,,,599,,4,,4,357,,,,,,,0,0,000000000,00000000000,0,0,0,1,0,0,0,0,0,0,0,998,0,0,0,0,61,6,2,1,0,0,0,1,9,6614,0,0,0,0,0,0,999,999,98,0,0,0,0,0,0,0,0,9,0,0,0,0,2,2,55,1,5,2,1,0,0,1,9,99,1,2,98,1,0
9,90124,1,1,3,11,8,3,46,20,0,1,0,6,1,58,37,58037,2,2011,JN1CV6EL5BM2,J,N,1,C,V,6,E,L,5,B,M,2,0,P,INFI,GAW,CP,11,17,3627,,0,0,,G,,F,6,226,,,000000,,,,,,0,0,000000000,00000000000,0,0,0,1,0,0,0,0,0,0,0,998,0,0,0,12,12,6,2,59,0,0,0,1,9,6830,6,1,0,0,3,0,71,999,98,0,0,0,0,0,0,0,0,1,0,0,0,0,3,1,45,1,1,2,1,28,3,1,6,99,1,2,12,1,1
9,90125,1,1,2,3,9,0,21,24,0,1,0,9,2,49,40,49040,4,2002,4T1BE32K02U5,4,T,1,B,E,3,2,K,0,2,U,5,0,P,TOYT,LXS,4D,2,17,3086,,0,1071,,G,,F,4,144,,,15R205,,,,,,0,0,000000000,00000000000,0,0,0,1,0,0,0,0,0,0,0,998,0,0,0,99,99,6,2,42,0,0,0,1,9,6902,6,1,0,0,3,0,68,999,98,0,0,1,1,10,2010,6,2011,9,0,0,0,0,3,2,55,2,6,2,1,0,0,14,12,99,1,4,6,2,1
9,90126,1,2,1,20,5,11,33,12,1,1,0,9,2,2,404,2404,14,2001,1J4GW48S51C7,1,J,4,G,W,4,8,S,5,1,C,7,0,T,JEEP,LRO,4W,1,17,,1,0,1059,GCK,G,,,6,244,,,,,3864,01,E,44,0,0,000000000,00000000000,0,0,0,1,0,0,0,0,0,0,0,998,0,0,0,6,6,4,3,12,0,0,0,1,9,6460,6,1,0,0,3,3,63,999,98,0,0,0,0,0,0,0,0,0,0,0,0,0,3,3,55,1,5,2,1,0,0,1,53,1,1,1,25,0,0
9,90126,2,2,1,20,5,11,33,12,1,1,0,9,1,12,13,12013,6,1995,1FASP15J7SW3,1,F,A,S,P,1,5,J,7,S,W,3,0,P,FORD,EST,SW,95,17,2451,,0,984,,G,,F,4,113,,,14R175,,,,,,0,0,000000000,00000000000,0,0,0,1,0,0,0,0,0,0,0,998,0,0,0,12,12,6,2,24,0,0,0,1,9,6468,6,1,0,0,3,0,68,999,98,0,0,0,0,0,0,0,0,9,26,0,0,0,3,3,55,1,5,2,1,0,0,1,51,99,1,1,24,1,0
9,90127,2,1,1,31,7,10,13,14,0,1,0,9,2,49,32,49032,4,1994,2T1AE04B0RC0,2,T,1,A,E,0,4,B,0,R,C,0,0,P,TOYT,COA,4D,94,17,2359,,0,970,,G,,F,4,097,,,14R175,,,,,,0,0,000000000,00000000000,0,0,0,1,0,0,0,0,0,0,0,999,4,0,0,12,12,6,2,14,0,0,0,1,9,6615,6,1,0,0,3,0,60,999,98,0,0,0,0,0,0,0,0,1,0,0,0,0,3,3,55,1,5,2,1,0,0,1,13,3,1,4,11,1,0
9,90128,1,1,1,31,10,18,51,1,0,1,0,92,0,76,734,76734,90,2001,JY4AM01371A0,J,Y,4,A,M,0,1,3,7,1,A,0,0,M,YAMA,Y6N,AT,1,17,,,,,,,660,,1,,4,398,,,,,,,0,0,000000000,00000000000,0,0,0,1,0,0,0,0,0,0,0,31,0,2,1,0,3,4,3,1,0,0,0,1,9,6082,6,1,0,0,3,0,72,999,98,1,1,0,0,11,2010,11,2010,1,81,87,0,0,1,2,25,4,2,2,1,0,0,14,90,6,9,2,98,1,1
9,90129,1,2,1,3,11,18,45,8,0,1,0,9,1,49,46,49046,5,2007,JTDKB20U0775,J,T,D,K,B,2,0,U,0,7,7,5,0,P,TOYT,PRI,4H,7,17,2932,,0,1063,,B,,F,4,091,,,15R185,,,,,,0,0,000000000,00000000000,0,0,0,1,0,0,0,0,0,0,0,999,0,0,0,12,12,6,2,8,36,0,0,1,9,6234,6,1,0,0,3,0,62,999,98,0,0,0,0,0,0,0,0,0,0,0,0,0,1,4,45,1,1,2,1,2,3,1,80,1,1,1,13,0,0
9,90129,2,2,1,3,11,18,45,8,0,1,0,9,1,23,401,23401,14,2006,1GKDT13S2621,1,G,K,D,T,1,3,S,2,6,2,1,0,T,GMC,ENV,4W,6,17,,1,0,1130,ENV,G,,,6,256,,,,B,4594,00,4,44,0,0,000000000,00000000000,0,0,0,1,0,0,0,0,0,0,0,999,0,0,0,12,12,4,1,8,0,0,0,1,9,6260,6,1,0,0,3,1,61,999,98,0,0,0,0,0,0,0,0,0,0,0,0,0,1,4,45,1,1,2,1,2,3,1,80,1,1,1,98,0,0
9,90130,1,2,1,2,11,13,28,12,6,1,0,9,1,20,2,20002,4,2002,2G1WF52E8291,2,G,1,W,F,5,2,E,8,2,9,1,0,P,CHEV,IMP,4D,2,17,3389,,0,1105,,G,,F,6,207,,,16R225,,,,,,0,0,000000000,00000000000,0,0,0,1,0,0,0,0,0,0,0,999,0,0,0,12,12,6,2,12,0,0,0,1,9,6246,6,1,0,0,3,0,68,999,98,0,0,0,1,6,2011,6,2011,0,0,0,0,0,1,2,40,4,1,2,1,0,0,14,72,9,1,1,83,0,0
9,90130,2,2,1,2,11,13,28,12,6,1,0,9,1,49,32,49032,4,2003,2T1BR32EX3C0,2,T,1,B,R,3,2,E,X,3,C,0,0,P,TOYT,UCS,4D,3,17,2502,,0,1024,,G,,F,4,109,,,15R185,,,,,,0,0,000000000,00000000000,0,0,0,1,0,0,0,0,0,0,0,999,0,0,0,11,11,6,2,12,0,0,0,1,9,6255,6,1,0,0,3,3,61,999,98,0,0,0,0,0,0,0,0,0,38,0,0,0,1,2,40,4,1,2,1,0,0,11,15,1,1,1,82,1,0
9,90131,1,2,1,20,11,1,52,12,7,1,1,99,9,99,999,99999,99,9999,999999999999,9,9,9,9,9,9,9,9,9,9,9,9,0,,,,,,,,,,,,,,,,,,,,,,,,,0,0,000000000,00000000000,0,0,0,1,0,0,0,0,0,0,0,999,0,0,0,99,99,9,1,12,0,0,0,1,99,99999,9,9,99,9,9,9,999,999,99,99,99,99,99,99,9999,99,9999,0,0,0,0,0,1,2,65,4,1,2,1,0,0,14,61,1,1,1,44,0,0
9,90131,2,2,2,20,11,1,52,12,7,1,0,9,1,34,34,34034,3,1996,WBACG7325TAS,W,B,A,C,G,7,3,2,5,T,A,S,0,P,BMW,3TI,2H,96,17,2745,,0,1063,,G,,F,4,116,,,15R185,,,,,,0,0,000000000,00000000000,0,0,0,1,0,0,0,0,0,0,0,999,0,1,5,8,9,6,2,42,0,0,0,1,9,6074,6,1,0,0,3,0,64,999,98,0,0,1,2,6,2009,7,2011,1,0,0,0,0,3,2,65,4,1,2,1,0,0,14,10,7,1,2,45,1,1
9,90132,1,1,2,19,11,0,26,21,0,1,0,9,2,2,404,2404,14,2000,1J4GW48S4YC2,1,J,4,G,W,4,8,S,4,Y,C,2,0,T,JEEP,LRO,4W,0,17,,1,0,1059,GCK,G,,,6,244,,,,,3847,01,E,44,0,0,000000000,00000000000,0,0,0,1,0,0,0,0,0,0,0,998,0,0,0,12,12,6,2,21,0,0,0,1,9,6706,1,1,0,0,2,0,69,999,98,1,1,0,0,11,2011,11,2011,1,36,0,0,0,1,2,35,1,1,2,1,40,3,1,6,99,1,4,6,1,0
9,90133,1,1,2,18,11,19,30,8,0,1,0,9,1,49,422,49422,15,2001,5TDBT44A11S0,5,T,D,B,T,4,4,A,1,1,S,0,0,P,TOYT,SEQ,UT,1,17,5270,,0,1181,,G,,F,8,285,,,16R265,,,,,,0,0,000000000,00000000000,0,0,0,1,0,0,0,0,0,0,0,998,0,0,0,1,1,6,2,8,0,0,0,1,9,6250,6,1,0,0,3,0,74,999,98,0,0,0,0,0,0,0,0,0,0,0,0,0,1,2,50,1,3,2,1,0,0,1,13,6,1,4,13,0,0
9,90134,1,1,3,19,6,0,24,42,0,1,0,9,1,34,35,34035,4,1999,WBADM6333XBY,W,B,A,D,M,6,3,3,3,X,B,Y,0,P,BMW,52A,4D,99,17,3549,,0,1114,,G,,F,6,170,,,15R225,,,,,,0,0,000000000,00000000000,0,0,0,1,0,0,0,0,0,0,0,66,0,0,0,2,2,6,2,42,0,0,0,1,9,6320,6,1,0,0,3,0,70,999,98,0,0,0,0,0,0,0,0,1,36,0,0,0,1,2,25,1,6,2,1,0,0,1,6,6,4,4,2,2,1
9,90135,1,2,2,6,10,4,17,12,1,1,0,9,2,20,32,20032,4,2000,1Y1SK5280YZ4,1,Y,1,S,K,5,2,8,0,Y,Z,4,0,P,CHEV,P/L,4D,0,17,2403,,0,971,,G,,F,4,110,,,14R175,,,,,,0,0,000000000,00000000000,0,0,0,1,0,0,0,0,0,0,0,998,0,0,0,12,12,6,2,12,0,0,0,1,9,6483,6,1,0,0,3,0,62,999,98,0,0,0,0,0,0,0,0,0,0,0,0,0,3,2,50,2,1,2,1,0,0,14,13,1,1,4,24,1,0
9,90135,2,2,1,6,10,4,17,12,1,1,0,34,3,84,881,84881,66,1998,2HSFHAMR0WC0,2,H,S,F,H,A,M,R,0,W,C,0,1,T,INTL,940,TR,98,17,,8,2340,1600,90S,D,,,6,774,,,,,00000,00,,64,1,57,2055972,572055972,3,6,1,1,0,0,0,0,0,0,0,998,0,0,0,6,6,6,2,12,0,0,0,1,34,7201,1,1,1,0,2,0,71,999,0,2,0,0,5,9,2009,9,2011,0,0,0,0,0,3,2,50,2,1,2,1,0,0,98,98,1,1,5,25,0,0
9,90136,1,2,2,13,10,17,20,12,6,1,0,9,2,35,47,35047,4,2000,1N4DL01A0YC1,1,N,4,D,L,0,1,A,0,Y,C,1,0,P,NISS,AGS,4D,0,17,2848,,0,1031,,G,,F,4,146,,,15R195,,,,,,0,0,000000000,00000000000,0,0,0,1,0,0,0,0,0,0,0,998,0,0,0,12,12,6,2,12,0,0,0,1,9,6606,0,0,0,0,0,0,999,999,98,0,0,0,0,0,0,0,0,1,0,0,0,0,1,4,25,1,1,2,1,0,0,1,72,99,1,3,83,0,0
9,90136,2,2,1,13,10,17,20,12,6,1,0,9,1,48,401,48401,14,2000,JF1SF6358YH7,J,F,1,S,F,6,3,5,8,Y,H,7,0,P,SUBA,FOR,UT,0,17,3125,,0,994,,G,,F,4,150,,,15R205,,,,,,0,0,000000000,00000000000,0,0,0,1,0,0,0,0,0,0,0,998,0,0,0,10,10,6,2,12,0,0,0,1,9,6606,6,1,0,0,3,0,60,999,98,0,0,0,0,0,0,0,0,0,0,0,0,0,1,4,25,1,1,2,1,0,0,11,15,99,1,1,82,1,0
9,90137,1,2,3,17,3,11,44,12,6,1,0,9,2,20,37,20037,4,2001,1G1NE52J8161,1,G,1,N,E,5,2,J,8,1,6,1,0,P,CHEV,M/L,4D,1,17,3051,,0,1070,,G,,F,6,191,,,15R215,,,,,,0,0,000000000,00000000000,0,0,0,1,0,0,0,0,0,0,0,999,0,0,0,3,3,6,2,12,0,0,0,1,9,6110,6,1,0,0,3,0,64,999,98,0,0,0,0,0,0,0,0,0,38,0,0,0,1,2,25,1,1,2,1,0,0,11,15,1,1,1,68,1,0
9,90137,2,2,1,17,3,11,44,12,6,1,0,36,4,20,2,20002,4,2011,2G1WG5EK0B11,2,G,1,W,G,5,E,K,0,B,1,1,0,P,CHEV,IMT,4D,11,17,3555,,0,1105,,F,,F,6,214,,,16R225,,,,,,0,0,000000000,00000000000,0,0,0,1,0,0,0,0,0,0,0,28,0,0,0,12,12,6,2,12,0,0,0,1,9,6110,6,1,0,0,3,3,74,999,98,0,0,0,0,0,0,0,0,0,0,0,0,0,1,2,25,1,1,2,1,0,0,1,62,1,1,1,69,0,0
9,90138,1,2,1,2,4,23,6,12,6,1,0,9,2,7,482,7482,31,2003,1D7HA18D13S3,1,D,7,H,A,1,8,D,1,3,S,3,0,T,DODG,SQ1,CW,3,17,,2,1605,1405,RPC,G,,,8,345,,,,B,4665,03,E,42,0,0,000000000,00000000000,0,0,0,1,0,0,0,0,0,0,0,999,0,0,0,12,12,6,2,12,0,0,0,1,9,6451,1,1,0,0,2,0,999,999,98,1,0,0,0,3,2010,3,2010,9,0,0,0,0,1,2,45,4,1,2,1,0,0,14,62,3,1,1,98,0,1
9,90138,2,2,1,2,4,23,6,12,6,1,0,9,1,49,51,49051,4,2008,JTDBT9038812,J,T,D,B,T,9,0,3,8,8,1,2,0,P,TOYT,YAR,4D,8,17,2293,,0,969,,G,,F,4,091,,,14R175,,,,,,0,0,000000000,00000000000,0,0,0,1,0,0,0,0,0,0,0,999,0,0,0,3,3,6,2,12,0,0,0,1,36,6451,6,1,0,0,3,0,999,999,99,99,99,99,99,99,9999,99,9999,0,38,0,0,0,1,2,45,4,1,2,1,0,0,12,10,1,1,2,98,1,0
9,90139,1,1,1,13,5,22,35,35,0,1,0,9,1,32,40,32040,4,2011,WAUDGAFL4BA0,W,A,U,D,G,A,F,L,4,B,A,0,0,P,AUDI,ASL,4D,11,17,3847,,0,0,,G,,Z,6,181,,,000000,,,,,,0,0,000000000,00000000000,0,0,0,1,0,0,0,0,0,0,0,998,0,0,0,99,99,6,2,42,0,0,0,1,9,6840,6,1,0,0,3,0,76,999,98,0,0,0,0,0,0,0,0,9,0,0,0,0,1,2,30,4,2,2,1,0,0,14,12,6,9,4,6,1,1
9,90140,1,1,2,12,5,14,6,8,0,1,1,9,2,18,20,18020,4,1997,2G4WB52K9V14,2,G,4,W,B,5,2,K,9,V,1,4,0,P,BUIC,RLS,4D,97,17,3444,,0,1090,,G,,F,6,231,,,15R215,,,,,,0,0,000000000,00000000000,0,0,0,1,0,0,0,0,0,0,0,998,0,0,0,12,12,4,3,8,0,0,0,1,9,6106,0,0,0,0,0,0,999,999,98,0,0,0,0,0,0,0,0,1,15,91,0,0,1,2,25,1,1,2,1,0,0,1,80,1,1,1,13,0,0
9,90141,1,1,1,2,9,21,14,8,0,1,1,9,1,7,482,7482,31,1998,1B7HC16XXWS7,1,B,7,H,C,1,6,X,X,W,S,7,0,T,DODG,150,PK,98,17,,2,1347,1187,RPC,G,,,6,239,,,,B,4064,01,U,42,0,0,000000000,00000000000,0,0,0,1,0,0,0,0,0,0,0,999,0,0,0,12,12,4,1,8,0,0,0,1,9,6512,6,1,0,0,3,0,70,999,98,0,0,0,0,0,0,0,0,0,28,91,0,0,1,2,30,1,1,2,1,0,0,1,11,1,1,4,13,0,1
9,90142,1,1,1,10,9,19,29,8,0,1,0,9,1,12,471,12471,30,2002,1FTYR10D62TA,1,F,T,Y,R,1,0,D,6,2,T,A,0,T,FORD,RNG,PK,2,17,,1,1175,1116,RNG,G,,,4,140,,,,B,3085,03,E,42,0,0,000000000,00000000000,0,0,0,1,0,0,0,0,0,0,0,998,0,0,0,12,12,4,3,8,0,0,0,1,9,6424,6,1,0,0,3,0,72,999,98,1,0,0,0,4,2009,4,2009,0,0,0,0,0,1,2,30,1,1,2,1,2,3,1,80,1,1,1,13,0,0
9,90143,1,1,1,4,10,17,38,24,0,1,0,9,2,7,461,7461,21,2001,2B7HB11X01K5,2,B,7,H,B,1,1,X,0,1,K,5,0,T,DODG,15B,CG,1,17,,2,1272,1093,RMV,G,,,6,239,,,,B,4014,03,U,42,0,0,000000000,00000000000,0,0,0,1,0,0,0,0,0,0,0,999,0,1,1,82,11,6,2,1,0,0,0,1,9,6413,6,1,0,0,3,0,74,999,98,0,0,1,2,6,2010,7,2011,1,0,0,0,0,1,2,45,4,1,2,2,0,0,14,6,1,4,4,2,1,1
9,90144,1,1,1,17,10,7,53,42,0,1,0,25,1,37,31,37031,4,2009,1HGFA15349L0,1,H,G,F,A,1,5,3,4,9,L,0,0,P,HOND,CVP,4D,9,17,2648,,0,1063,,G,,F,4,110,,,15R195,,,,,,0,0,000000000,00000000000,0,0,0,1,0,0,0,0,0,0,0,65,0,1,5,12,11,6,2,42,0,0,0,1,25,1008,6,1,0,0,3,0,66,999,0,0,0,0,0,0,0,0,0,0,0,0,0,0,2,3,65,1,1,2,1,0,0,1,13,1,1,4,1,1,0
9,90145,1,1,1,15,9,2,10,8,0,1,0,9,1,20,32,20032,4,1999,1Y1SK5282XZ4,1,Y,1,S,K,5,2,8,2,X,Z,4,0,P,CHEV,P/L,4D,99,17,2403,,0,971,,G,,F,4,110,,,14R175,,,,,,0,0,000000000,00000000000,0,0,0,1,0,0,0,0,0,0,0,999,0,0,0,14,14,2,3,8,0,0,0,1,9,6716,6,1,0,0,3,0,73,999,98,0,0,0,0,0,0,0,0,0,0,0,0,0,1,2,35,4,1,2,2,0,0,14,81,2,1,1,13,0,0
9,90146,1,4,1,25,10,18,39,12,6,1,0,9,1,73,705,73705,80,2002,JKAZX4J152A0,J,K,A,Z,X,4,J,1,5,2,A,0,0,M,KAWK,ZXJ,RC,2,17,,,,,,,600,,4,,4,377,,,,,,,0,0,000000000,00000000000,0,0,0,1,0,0,0,0,0,0,0,55,0,0,0,12,99,6,2,12,0,0,1,1,9,6067,6,1,0,0,3,0,73,999,98,0,0,0,0,0,0,0,0,1,0,0,0,0,1,4,30,1,1,2,1,2,3,1,54,98,2,1,69,1,0
9,90146,2,4,1,25,10,18,39,12,6,1,0,9,1,7,21,7021,6,2005,2D4FV48V35H1,2,D,4,F,V,4,8,V,3,5,H,1,0,P,DODG,MGN,UT,5,17,3811,,0,1200,,G,,F,6,214,,,17R215,,,,,,0,0,000000000,00000000000,0,0,0,1,0,0,0,0,0,0,0,0,0,0,0,2,2,6,2,12,0,0,0,1,9,6106,6,1,0,0,3,0,74,999,98,0,0,1,1,1,2011,8,2011,0,0,0,0,0,1,4,30,1,1,2,1,2,3,11,54,1,1,1,68,0,0
9,90146,3,4,1,25,10,18,39,12,6,1,0,9,2,76,705,76705,80,2009,JYARJ16E49A0,J,Y,A,R,J,1,6,E,4,9,A,0,0,M,YAMA,R6L,RC,9,17,,,,,,,599,,4,,4,414,,,,,,,0,0,000000000,00000000000,0,0,0,1,0,0,0,0,0,0,0,999,0,0,0,81,81,4,1,12,0,0,0,1,9,6106,6,1,0,0,3,0,72,999,98,0,0,0,0,0,0,0,0,0,0,0,0,0,1,4,30,1,1,2,1,2,3,1,17,99,1,1,98,0,0
9,90146,4,4,1,25,10,18,39,12,6,1,0,9,3,98,981,98981,52,9999,5FYDZLU94U02,5,F,Y,D,Z,L,U,9,4,U,0,2,0,U,,,,,17,,,,,,,,,,,,,,,,,,,0,77,777777777,77777777777,3,21,22,1,0,0,0,0,6,0,0,0,0,0,0,62,62,2,1,12,0,0,0,1,9,6109,6,1,6,1,3,0,69,999,98,0,0,0,1,7,2009,7,2009,0,0,0,0,0,1,4,30,1,1,2,1,2,3,5,61,1,1,3,98,0,0
9,90147,1,2,1,20,5,14,12,12,1,1,0,9,1,49,47,49047,6,2007,2T1KR32E97C6,2,T,1,K,R,3,2,E,9,7,C,6,0,P,TOYT,CTR,4H,7,17,2679,,0,1024,,G,,F,4,109,,,16R205,,,,,,0,0,000000000,00000000000,0,0,0,1,0,0,0,0,0,0,0,998,0,0,0,12,12,6,2,42,0,0,0,1,9,6335,6,1,0,0,3,0,67,999,98,0,0,0,0,0,0,0,0,0,0,0,0,0,1,4,40,1,1,2,1,2,3,1,50,99,1,1,20,1,0
9,90147,2,2,1,20,5,14,12,12,1,1,0,9,2,49,40,49040,4,2007,4T1BK46K57U0,4,T,1,B,K,4,6,K,5,7,U,0,0,P,TOYT,CJS,4D,7,17,3164,,0,1093,,G,,F,6,214,,,15R205,,,,,,0,0,000000000,00000000000,0,0,0,1,0,0,0,0,0,0,0,0,0,0,0,6,6,4,1,12,0,0,0,1,9,6335,6,1,0,0,3,0,68,999,98,0,0,0,0,0,0,0,0,0,0,0,0,0,1,4,40,1,1,2,1,2,3,5,53,1,1,1,21,0,0
9,90148,1,1,1,17,4,2,31,30,0,1,0,9,2,9,20,9020,2,1996,1P3ES42C8TD6,1,P,3,E,S,4,2,C,8,T,D,6,0,P,PLYM,NEH,CP,96,17,2410,,0,1040,,G,,F,4,122,,,14R185,,,,,,0,0,000000000,00000000000,0,0,0,1,0,0,0,0,0,0,0,998,0,0,0,9,9,6,2,30,0,0,0,1,9,6051,1,1,0,0,2,0,70,999,98,3,0,0,0,8,2010,8,2010,1,0,0,0,0,1,2,30,1,1,2,2,0,0,1,6,99,3,4,2,1,0
9,90149,1,1,1,4,6,16,18,9,0,1,0,9,1,54,35,54035,4,2000,19UUA5664YA0,1,9,U,U,A,5,6,6,4,Y,A,0,0,P,ACUR,32T,4D,0,17,3483,,0,1081,,G,,F,6,197,,,16R205,,,,,,0,0,000000000,00000000000,0,0,0,1,0,0,0,0,0,0,0,27,0,0,0,12,12,6,2,9,0,0,0,1,9,6114,6,1,0,0,3,3,64,999,98,0,0,0,0,0,0,0,0,0,0,0,0,0,1,2,25,1,1,2,1,0,0,1,83,8,1,1,13,0,0
9,90150,1,1,1,27,6,1,9,33,0,1,0,9,2,72,706,72706,80,1999,1HD1BML14XY0,1,H,D,1,B,M,L,1,4,X,Y,0,0,M,HD,FLF,RS,99,17,,,,,,,1340,,2,,4,631,,,,,,,0,0,000000000,00000000000,0,0,0,1,0,0,0,0,0,0,0,998,0,0,0,14,12,6,2,24,0,0,0,1,9,6513,6,1,0,0,3,0,70,999,98,0,0,0,2,8,2009,6,2011,9,0,0,0,0,4,2,35,1,1,2,1,40,3,1,12,1,1,4,6,1,0