STATE,ST_CASE,VEH_NO,VE_FORMS,NUMOCCS,DAY,MONTH,HOUR,MINUTE,HARM_EV,MAN_COLL,UNITTYPE,HIT_RUN,REG_STAT,OWNER,MAKE,MODEL,MAK_MOD,BODY_TYP,MOD_YEAR,VIN,VIN_1,VIN_2,VIN_3,VIN_4,VIN_5,VIN_6,VIN_7,VIN_8,VIN_9,VIN_10,VIN_11,VIN_12,TOW_VEH,VINTYPE,VINMAKE,VINA_MOD,VIN_BT,VINMODYR,VIN_LNGT,VIN_WGT,WGTCD_TR,WHLBS_LG,WHLBS_SH,SER_TR,FUELCODE,MCYCL_DS,CARBUR,CYLINDER,DISPLACE,MCYCL_CY,MCYCL_WT,TIRE_SZE,TON_RAT,TRK_WT,TRKWTVAR,VIN_REST,WHLDRWHL,J_KNIFE,MCARR_I1,MCARR_I2,MCARR_ID,GVWR,V_CONFIG,CARGO_BT,HAZ_INV,HAZ_PLAC,HAZ_ID,HAZ_CNO,HAZ_REL,BUS_USE,SPEC_USE,EMER_USE,TRAV_SP,UNDERIDE,ROLLOVER,ROLINLOC,IMPACT1,IMPACT2,DEFORMED,TOWED,M_HARM,VEH_SC1,VEH_SC2,FIRE_EXP,DR_PRES,L_STATE,DR_ZIP,L_STATUS,L_TYPE,CDL_STAT,L_ENDORS,L_COMPL,L_RESTRI,DR_HGT,DR_WGT,PREV_ACC,PREV_SUS,PREV_DWI,PREV_SPD,PREV_OTH,FIRST_MO,FIRST_YR,LAST_MO,LAST_YR,SPEEDREL,DR_SF1,DR_SF2,DR_SF3,DR_SF4,VTRAFWAY,VNUM_LAN,VSPD_LIM,VALIGN,VPROFILE,VPAVETYP,VSURCOND,VTRAFCON,VTCONT_F,P_CRASH1,P_CRASH2,P_CRASH3,PCRASH4,PCRASH5,ACC_TYPE,DEATHS,DR_DRINK
9,90151,1,1,1,29,7,1,53,1,0,1,0,9,2,73,706,73706,80,2000,JKAZXDP14YA0,J,K,A,Z,X,D,P,1,4,Y,A,0,0,M,KAWK,Z7P,RC,0,17,,,,,,,750,,4,,4,448,,,,,,,0,0,000000000,00000000000,0,0,0,1,0,0,0,0,0,0,0,999,0,0,0,0,99,6,2,1,0,0,0,1,9,6360,6,1,0,0,2,0,71,999,98,2,0,0,2,8,2009,3,2011,1,0,0,0,0,1,2,25,1,1,2,1,0,0,1,6,3,9,4,1,1,1
9,90152,1,2,1,31,10,9,44,12,6,1,0,9,1,20,16,20016,2,2001,1G1JC1242171,1,G,1,J,C,1,2,4,2,1,7,1,0,P,CHEV,CAV,CP,1,17,2617,,0,1041,,G,,F,4,133,,,14R195,,,,,,0,0,000000000,00000000000,0,0,0,1,0,0,0,0,0,0,0,998,0,0,0,10,10,6,2,12,0,0,0,1,9,6479,6,1,0,0,3,0,63,999,98,0,0,0,0,0,0,0,0,0,39,0,0,0,3,2,50,1,1,2,1,1,3,11,15,1,1,1,82,1,0
9,90152,2,2,1,31,10,9,44,12,6,1,0,9,1,7,472,7472,30,2001,1B7HL2AX71S3,1,B,7,H,L,2,A,X,7,1,S,3,0,T,DODG,QAD,CW,1,17,,2,0,1309,DAK,G,,,6,239,,,,B,4033,00,U,42,0,0,000000000,00000000000,0,0,0,1,0,0,0,0,0,0,0,998,0,0,0,12,12,6,2,12,0,0,0,1,9,6066,6,1,0,0,3,3,74,999,98,0,0,0,0,0,0,0,0,0,0,0,0,0,3,2,50,1,1,2,1,1,3,1,72,4,1,1,83,0,0
9,90153,1,1,5,3,11,18,30,8,0,1,0,9,1,20,403,20403,14,2006,1GNDT13S5621,1,G,N,D,T,1,3,S,5,6,2,1,0,P,CHEV,TRL,UT,6,17,4594,,0,1130,,G,,F,6,256,,,16R235,,,,,,0,0,000000000,00000000000,0,0,0,1,0,0,0,0,0,0,0,50,0,0,0,12,12,4,3,8,0,0,0,1,9,6109,6,1,0,0,3,1,70,999,98,0,0,0,0,0,0,0,0,0,0,0,0,0,3,2,50,1,1,2,1,1,3,1,80,2,1,1,13,0,0
9,90154,1,1,1,14,11,18,27,9,0,1,0,9,1,12,422,12422,15,2000,1FMPU18L6YLB,1,F,M,P,U,1,8,L,6,Y,L,B,0,P,FORD,EPT,UT,0,17,5401,,0,1191,,G,,F,8,330,,,16R255,,,,,,0,0,000000000,00000000000,0,0,0,1,0,0,0,0,0,0,0,998,0,0,0,12,12,4,3,9,0,0,0,1,9,6118,6,1,0,0,3,3,65,999,98,0,0,1,0,3,2010,3,2010,0,0,0,0,0,1,4,35,1,1,2,1,0,0,1,83,1,1,1,13,0,0
9,90155,1,1,1,15,11,22,18,33,0,1,0,36,1,52,37,52037,2,1999,4A3AL54F0XE0,4,A,3,A,L,5,4,F,0,X,E,0,0,P,MITS,GSX,2H,99,17,3270,,0,988,,G,,T,4,122,,,17R215,,,,,,0,0,000000000,00000000000,0,0,0,1,0,0,0,0,0,0,0,998,0,0,0,14,99,6,2,39,0,0,0,1,36,6614,1,1,0,0,2,0,68,999,0,0,0,0,0,0,0,0,0,0,0,0,0,0,1,2,35,2,1,2,2,0,0,14,12,1,1,4,1,1,1
9,90156,1,1,1,22,11,17,39,8,0,1,1,9,1,18,20,18020,2,1989,2G4WB14W4K14,2,G,4,W,B,1,4,W,4,K,1,4,0,P,BUIC,RGC,CP,89,17,3020,,0,1075,,G,,F,6,173,,,14R205,,,,,,0,0,000000000,00000000000,0,0,0,1,0,0,0,0,0,0,0,999,0,0,0,12,12,4,1,8,0,0,0,1,9,6051,0,0,0,0,0,0,999,999,98,0,0,0,0,0,0,0,0,0,91,0,0,0,1,4,25,1,1,2,2,0,0,1,80,1,1,1,13,0,0
9,90157,1,1,1,25,2,19,31,9,0,1,0,9,1,2,404,2404,14,2004,1J4GW48S44C4,1,J,4,G,W,4,8,S,4,4,C,4,0,T,JEEP,LCF,4W,4,17,,1,0,1059,GCK,G,,,6,244,,,,,3888,02,E,44,0,0,000000000,00000000000,0,0,0,1,0,0,0,0,0,0,0,998,0,0,0,12,12,4,1,9,0,0,0,1,9,6071,6,1,0,0,3,3,68,999,98,0,0,0,0,0,0,0,0,0,0,0,0,0,1,2,30,1,1,2,2,2,3,1,83,1,1,1,13,0,0
9,90158,1,1,1,4,4,11,35,8,0,1,0,36,1,35,47,35047,4,2009,1N4AL21E99N5,1,N,4,A,L,2,1,E,9,9,N,5,0,P,NISS,ATS,4D,9,17,3179,,0,1093,,G,,F,4,153,,,16R215,,,,,,0,0,000000000,00000000000,0,0,0,1,0,0,0,0,0,0,0,998,0,0,0,12,12,2,1,8,0,0,0,1,9,6482,1,1,0,0,2,0,74,999,98,1,0,1,1,7,2009,2,2011,9,0,0,0,0,4,2,25,1,1,2,1,0,0,1,80,3,1,1,13,0,0
9,90159,1,1,1,5,5,17,53,24,0,1,0,9,2,49,32,49032,6,1996,JT2EB02E9T01,J,T,2,E,B,0,2,E,9,T,0,1,0,P,TOYT,COX,SW,96,17,2403,,0,970,,G,,F,4,108,,,14R185,,,,,,0,0,000000000,00000000000,0,0,0,1,0,0,0,0,0,0,0,998,0,0,0,12,12,6,2,24,0,0,0,1,9,6790,6,1,0,0,3,0,71,999,98,0,0,0,0,0,0,0,0,9,0,0,0,0,1,2,45,4,2,2,1,0,0,14,13,1,1,4,1,1,1
9,90160,1,2,2,11,7,12,17,12,6,1,0,9,2,20,402,20402,14,1999,2CNBJ13C6X69,2,C,N,B,J,1,3,C,6,X,6,9,0,P,CHEV,TKR,UT,99,17,2891,,0,976,,G,,F,4,122,,,15R205,,,,,,0,0,000000000,00000000000,0,0,0,1,0,0,0,0,0,0,0,998,0,0,0,1,1,6,2,12,0,0,0,1,9,6798,6,1,0,0,3,0,65,999,98,0,0,0,0,0,0,0,0,0,38,0,0,0,1,2,35,1,1,2,1,0,0,11,54,1,1,1,68,0,0
9,90160,2,2,1,11,7,12,17,12,6,1,0,9,1,37,705,37705,80,2002,JH2PF01132K0,J,H,2,P,F,0,1,1,3,2,K,0,0,M,HOND,FSC,MS,2,17,,,,,,,582,,2,,4,476,,,,,,,0,0,000000000,00000000000,0,0,0,1,0,0,0,0,0,0,0,998,0,0,0,12,12,6,2,12,0,0,0,1,9,6787,6,1,0,0,3,0,67,999,98,0,0,0,0,0,0,0,0,0,0,0,0,0,1,2,35,1,1,2,1,0,0,1,62,1,1,1,69,1,0
9,90161,1,1,2,9,10,4,45,31,0,1,0,9,2,35,39,35039,4,2001,JN1CA31D41T6,J,N,1,C,A,3,1,D,4,1,T,6,0,P,NISS,M20,4D,1,17,3071,,0,1083,,G,,F,6,182,,,15R205,,,,,,0,0,000000000,00000000000,0,0,0,1,0,0,0,0,0,0,0,998,0,0,0,12,12,6,2,3,0,0,0,1,9,6040,6,1,0,0,3,0,72,999,98,0,0,0,2,6,2009,1,2010,1,0,0,0,0,1,2,35,1,1,2,1,0,0,1,12,1,1,4,6,1,0
9,90162,1,1,1,28,5,23,7,8,0,1,0,9,2,7,20,7020,4,1995,1B3ES27C8SD1,1,B,3,E,S,2,7,C,8,S,D,1,0,P,DODG,NEO,4D,95,17,2392,,0,1040,,G,,F,4,122,,,13R165,,,,,,0,0,000000000,00000000000,0,0,0,1,0,0,0,0,0,0,0,998,0,0,0,12,12,6,2,8,0,0,0,1,9,6607,6,1,0,0,3,0,65,999,98,0,0,0,0,0,0,0,0,9,0,0,0,0,1,2,25,1,1,2,1,0,0,1,80,1,1,1,13,0,0
9,90163,1,2,1,18,5,13,32,12,2,1,0,9,1,72,706,72706,80,1980,5G03645J0,5,G,0,3,6,4,5,J,0,,,,0,M,HD,FLT,RS,80,9,,,,,,,1340,,2,,4,830,,,,,,,0,0,000000000,00000000000,0,0,0,1,0,0,0,0,0,0,0,998,0,0,0,12,12,6,2,12,0,0,0,1,9,6517,6,1,0,0,3,0,70,999,98,0,0,0,0,0,0,0,0,0,28,0,0,0,1,2,25,2,2,2,1,0,0,14,10,99,1,2,50,1,0
9,90163,2,2,1,18,5,13,32,12,2,1,0,9,1,12,16,12016,4,1998,2FAFP74W6WX1,2,F,A,F,P,7,4,W,6,W,X,1,0,P,FORD,CVL,4D,98,17,3927,,0,1144,,G,,F,8,281,,,15R225,,,,,,0,0,000000000,00000000000,0,0,0,1,0,0,0,0,0,0,0,998,0,0,0,12,12,4,1,12,0,0,0,1,9,6770,6,1,0,0,3,0,58,999,98,0,0,0,0,0,0,0,0,0,0,0,0,0,1,2,25,3,2,2,1,0,0,14,62,99,1,1,51,0,0
9,90164,1,1,1,7,11,1,11,42,0,1,0,9,2,49,50,49050,3,2006,JTKDE177X600,J,T,K,D,E,1,7,7,X,6,0,0,0,P,TOYT,SXC,2H,6,17,2905,,0,1063,,G,,F,4,144,,,17R215,,,,,,0,0,000000000,00000000000,0,0,0,1,0,0,0,0,0,0,0,998,0,1,5,12,12,6,2,42,0,0,0,1,9,6473,6,1,0,0,3,0,67,999,98,2,1,1,1,8,2009,5,2011,1,0,0,0,0,6,1,25,2,1,2,1,40,3,14,6,6,1,4,6,1,1
9,90165,1,1,1,21,11,11,26,24,0,1,0,9,1,54,39,54039,4,2006,JH4CL96866C0,J,H,4,C,L,9,6,8,6,6,C,0,0,P,ACUR,TSX,4D,6,17,3345,,0,1079,,G,,F,4,146,,,17R215,,,,,,0,0,000000000,00000000000,0,0,0,1,0,0,0,0,0,0,0,70,0,0,0,1,12,6,2,42,0,0,0,1,9,6401,6,1,0,0,3,0,68,999,98,0,0,0,1,8,2011,8,2011,1,0,0,0,0,3,2,55,1,2,2,1,0,0,1,12,1,1,4,6,1,0
9,90166,1,2,1,23,11,9,12,12,6,1,0,9,2,35,50,35050,5,2009,3N1BC13E69L4,3,N,1,B,C,1,3,E,6,9,L,4,0,P,NISS,VSL,4H,9,17,2693,,0,1024,,G,,F,4,110,,,15R185,,,,,,0,0,000000000,00000000000,0,0,0,1,0,0,0,0,0,0,0,30,0,0,0,12,12,6,2,12,0,0,0,1,9,6032,6,1,0,0,3,0,64,999,98,0,0,0,0,0,0,0,0,0,0,0,0,0,1,3,45,2,2,2,2,0,0,14,62,1,1,1,65,0,0
9,90166,2,2,1,23,11,9,12,12,6,1,0,9,2,35,50,35050,4,2008,3N1BC13E88L4,3,N,1,B,C,1,3,E,8,8,L,4,0,P,NISS,VSL,4H,8,17,2620,,0,1024,,G,,F,4,110,,,15R185,,,,,,0,0,000000000,00000000000,0,0,0,1,0,0,0,0,0,0,0,999,0,0,0,2,2,6,2,12,0,0,0,1,36,10021,6,1,0,0,3,3,999,999,0,0,0,0,1,12,2009,12,2009,1,28,0,0,0,1,3,45,3,2,2,2,0,0,14,6,1,4,2,64,1,0
9,90167,1,2,1,26,11,3,37,12,2,1,0,9,1,42,42,42042,4,2005,WDBRF81J25F5,W,D,B,R,F,8,1,J,2,5,F,5,0,P,MERZ,24M,4D,5,17,3360,,0,1069,,G,,F,6,158,,,16R205,,,,,,0,0,000000000,00000000000,0,0,0,1,0,0,0,0,0,0,0,998,0,0,0,12,12,6,2,12,0,0,0,1,9,6066,6,1,0,0,3,0,70,999,98,0,0,0,0,0,0,0,0,0,0,0,0,0,3,2,55,2,5,2,1,0,0,14,54,99,1,1,51,0,0
9,90167,2,2,1,26,11,3,37,12,2,1,0,9,1,20,16,20016,4,2001,1G1JC5248173,1,G,1,J,C,5,2,4,8,1,7,3,0,P,CHEV,CAC,4D,1,17,2676,,0,1041,,C,,F,4,133,,,14R195,,,,,,0,0,000000000,00000000000,0,0,0,1,0,0,0,0,0,0,0,998,0,0,0,12,12,6,2,12,0,0,0,1,9,6451,6,1,0,0,3,0,68,999,98,0,0,0,1,8,2009,8,2009,9,51,0,0,0,3,2,55,3,6,2,1,0,0,14,54,1,1,1,50,1,1
9,90168,1,3,6,26,11,14,26,12,1,1,0,9,1,20,431,20431,16,1999,1GNFK16RXXJ3,1,G,N,F,K,1,6,R,X,X,J,3,0,P,CHEV,K15,UT,99,17,5297,,0,1315,,G,,F,8,350,,,16R245,,,,,,0,0,000000000,00000000000,0,0,0,1,0,0,0,0,0,0,0,999,0,0,0,14,14,0,1,12,0,0,0,1,9,6249,6,1,0,0,3,0,68,999,98,0,0,0,0,0,0,0,0,0,0,0,0,0,1,2,45,1,1,2,1,0,0,1,62,7,1,1,98,0,0
9,90168,2,3,1,26,11,14,26,12,1,1,0,9,1,72,706,72706,80,1993,1HD1CAP14PY2,1,H,D,1,C,A,P,1,4,P,Y,2,0,M,HD,XL2,RS,93,17,,,,,,,1200,,2,,4,457,,,,,,,0,0,000000000,00000000000,0,0,0,1,0,0,0,0,0,0,0,999,0,0,0,6,6,4,1,12,0,0,0,1,9,6424,6,1,0,0,3,3,70,999,98,0,0,0,0,0,0,0,0,0,0,0,0,0,1,2,45,4,4,2,1,0,0,2,53,1,1,1,29,0,0
9,90168,3,3,1,26,11,14,26,12,1,1,0,9,1,72,706,72706,80,1954,54FLE4690,5,4,F,L,E,4,6,9,0,,,,0,M,HD,,,54,9,,,,,,,,,,,,,,,,,,,0,0,000000000,00000000000,0,0,0,1,0,0,0,0,0,0,0,999,0,0,0,12,12,6,2,12,0,0,0,1,9,6480,6,1,0,0,3,0,71,999,98,0,0,1,0,9,2010,9,2010,1,26,0,0,0,1,2,45,1,1,2,1,0,0,1,52,3,2,1,28,1,1
9,90169,1,1,1,22,3,20,9,8,0,1,0,9,3,84,981,84981,58,2002,4DRBKAAR82A9,4,D,R,B,K,A,A,R,8,2,A,9,0,T,INTL,,,2,17,,,,,,D,,,6,466,,,,,,,,,0,99,999999999,99999999999,3,21,22,1,0,0,0,0,7,0,0,15,0,0,0,12,14,2,1,8,0,0,0,1,9,6111,6,1,6,0,3,0,69,999,98,0,0,0,0,0,0,0,0,0,38,0,0,0,1,2,25,1,2,2,1,20,3,11,80,1,1,1,13,0,0
9,90170,1,1,1,12,7,20,50,30,0,1,0,9,2,35,43,35043,4,1994,JN1EB31F9RU6,J,N,1,E,B,3,1,F,9,R,U,6,0,P,NISS,SEL,4D,94,17,2346,,0,957,,G,,F,4,098,,,13R185,,,,,,0,0,000000000,00000000000,0,0,0,1,0,0,0,0,0,0,0,999,0,0,0,12,12,6,2,30,0,0,0,1,9,6704,6,1,0,0,3,0,74,999,98,0,0,0,0,0,0,0,0,0,0,0,0,0,1,2,35,1,1,2,1,0,0,1,13,1,1,4,1,1,0
9,90171,1,1,2,2,12,16,40,8,0,1,0,9,1,20,471,20471,30,1994,1GCDT19Z2RK1,1,G,C,D,T,1,9,Z,2,R,K,1,0,T,CHEV,S14,PC,94,17,,1,1229,1083,S,G,,,6,262,,,,B,3604,00,,44,0,0,000000000,00000000000,0,0,0,1,0,0,0,0,0,0,0,998,0,0,0,12,12,4,1,8,0,0,0,1,9,6057,6,1,0,0,3,0,69,999,98,0,0,0,0,0,0,0,0,0,0,0,0,0,1,2,40,1,5,2,1,0,0,1,80,99,1,1,13,0,0
9,90172,1,1,1,7,12,16,54,8,0,1,0,9,1,23,481,23481,31,2011,1GT020CG3BF2,1,G,T,0,2,0,C,G,3,B,F,2,0,T,GMC,3NK,PK,11,17,,2,0,1337,SIE,F,,,8,366,,,,C,5920,00,U,44,0,0,000000000,00000000000,0,0,0,1,0,0,0,0,0,0,0,48,0,0,0,12,12,4,3,8,0,0,0,1,9,6422,6,1,0,0,3,3,77,999,98,0,0,0,2,4,2010,9,2010,0,0,0,0,0,1,3,40,1,5,2,2,40,3,1,80,9,1,1,13,0,1
9,90173,1,1,2,10,12,2,58,23,0,1,0,9,1,41,50,41050,4,2003,1YVFP80D435M,1,Y,V,F,P,8,0,D,4,3,5,M,0,P,MAZD,M6S,4D,3,17,3243,,0,1053,,G,,F,6,181,,,16R205,,,,,,0,0,000000000,00000000000,0,0,0,1,0,0,0,0,0,0,0,100,0,0,0,7,12,6,2,23,0,0,0,1,9,6614,6,1,0,0,3,0,67,999,98,0,0,0,1,12,2009,12,2009,1,0,0,0,0,3,4,55,2,1,2,1,0,0,14,6,7,3,4,2,1,1
9,90174,1,2,1,6,1,18,45,8,0,1,0,9,1,49,44,49044,2,2000,2T1CG22P1YC3,2,T,1,C,G,2,2,P,1,Y,C,3,0,P,TOYT,CRE,CP,0,17,3120,,0,1051,,G,,F,4,132,,,15R205,,,,,,0,0,000000000,00000000000,0,0,0,1,0,0,0,0,0,0,0,998,0,0,0,12,12,6,2,8,0,0,0,1,9,6084,6,1,0,0,3,0,73,999,98,0,0,0,0,0,0,0,0,0,0,0,0,0,1,4,35,1,1,2,1,2,3,1,80,1,1,1,13,0,0
9,90174,2,2,1,6,1,18,45,8,0,1,0,9,3,12,16,12016,4,2007,2FAHP71W57X1,2,F,A,H,P,7,1,W,5,7,X,1,0,P,FORD,CVP,4D,7,17,4129,,0,1146,,G,,F,8,281,,,17R235,,,,,,0,0,000000000,00000000000,0,0,0,1,0,0,0,0,0,5,0,998,0,0,0,14,14,4,1,8,0,0,0,1,36,6066,6,1,0,0,3,0,61,999,0,0,0,0,0,0,0,0,0,0,16,0,0,0,1,4,35,1,1,2,1,2,3,1,80,1,1,1,98,0,0
9,90175,1,1,2,12,12,12,50,30,0,1,0,9,1,18,20,18020,4,1995,2G4WB52L4S14,2,G,4,W,B,5,2,L,4,S,1,4,0,P,BUIC,RGC,4D,95,17,3335,,0,1075,,G,,F,6,231,,,15R205,,,,,,0,0,000000000,00000000000,0,0,0,1,0,0,0,0,0,0,0,999,0,0,0,12,12,6,2,2,0,0,1,1,9,6790,6,1,0,0,3,3,72,999,98,0,0,0,0,0,0,0,0,1,0,0,0,0,1,2,45,3,1,2,1,0,0,14,6,3,1,4,1,2,1
9,90176,1,1,1,15,12,9,46,59,0,1,0,33,2,20,2,20002,4,2005,1G1ND52FX5M1,1,G,1,N,D,5,2,F,X,5,M,1,0,P,CHEV,CLA,4D,5,17,3106,,0,1070,,G,,F,4,134,,,15R205,,,,,,0,0,000000000,00000000000,0,0,0,1,0,0,0,0,0,0,0,999,0,0,0,12,12,6,2,42,0,0,0,1,33,3036,6,1,0,0,3,0,74,145,1,0,0,3,0,11,2009,1,2011,1,0,0,0,0,3,2,55,1,6,2,1,0,0,1,13,1,1,4,1,1,0
9,90177,1,1,2,18,12,1,31,24,0,1,0,9,1,20,2,20002,6,1989,1G1BN81Y4KR1,1,G,1,B,N,8,1,Y,4,K,R,1,0,P,CHEV,CCL,SW,89,17,4192,,0,1160,,G,,4,8,305,,,15R225,,,,,,0,0,000000000,00000000000,0,0,0,1,0,0,0,0,0,0,0,998,0,1,3,12,12,6,2,1,0,0,0,1,9,6484,6,1,0,0,3,0,64,999,98,0,0,0,0,0,0,0,0,0,0,0,0,0,3,2,65,4,1,2,1,0,0,14,12,99,1,4,6,2,1
9,90178,2,1,1,18,12,5,0,45,0,1,0,6,4,49,40,49040,4,2011,4T1BF3EK2BU1,4,T,1,B,F,3,E,K,2,B,U,1,0,P,TOYT,CBA,4D,11,17,3263,,0,1093,,G,,F,4,152,,,16R215,,,,,,0,0,000000000,00000000000,0,0,0,1,0,0,0,0,0,0,0,998,0,0,0,12,12,6,2,45,0,0,0,1,9,6401,6,1,0,0,3,0,71,999,98,2,0,1,3,3,2009,8,2011,1,39,0,0,0,3,2,55,1,1,2,1,28,3,1,50,99,1,1,98,1,1
9,90179,1,2,1,19,12,16,13,12,6,1,0,9,1,6,51,6051,4,2006,2C3KA63H66H2,2,C,3,K,A,6,3,H,6,6,H,2,0,P,CHRY,30C,4D,6,17,3980,,0,1200,,G,,F,8,348,,,18R225,,,,,,0,0,000000000,00000000000,0,0,0,1,0,0,0,0,0,0,0,999,0,0,0,12,12,6,2,12,0,0,0,1,9,6051,6,1,0,0,3,0,68,999,98,2,0,2,0,9,2009,5,2010,9,0,0,0,0,1,2,35,2,1,2,1,0,0,14,70,2,1,1,77,0,0
9,90179,2,2,2,19,12,16,13,12,6,1,0,9,2,7,442,7442,20,2010,2D4RN5D14AR4,2,D,4,R,N,5,D,1,4,A,R,4,0,P,DODG,CAR,SV,10,17,4483,,0,1212,,G,,F,6,232,,,16R225,,,,,,0,0,000000000,00000000000,0,0,0,1,0,0,0,0,0,0,0,999,0,0,0,9,8,6,2,12,32,0,0,1,9,6480,6,1,0,0,3,0,63,999,98,0,0,0,0,0,0,0,0,0,38,0,0,0,1,2,35,2,1,2,1,0,0,11,15,1,1,1,76,1,0
9,90180,1,2,1,23,12,0,34,8,0,1,0,9,1,35,47,35047,4,2006,1N4BL11D26N4,1,N,4,B,L,1,1,D,2,6,N,4,0,P,NISS,ASR,4D,6,17,3101,,0,1102,,G,,F,6,214,,,17R215,,,,,,0,0,000000000,00000000000,0,0,0,1,0,0,0,0,0,0,0,998,0,0,0,12,12,6,2,8,0,0,0,1,9,6810,6,1,0,0,3,0,74,999,98,0,0,0,1,9,2009,9,2009,0,0,0,0,0,3,3,55,1,5,2,2,0,0,1,80,99,1,1,13,0,0
9,90180,2,2,1,23,12,0,34,8,0,1,0,9,2,37,31,37031,4,2000,1HGEJ6671YL0,1,H,G,E,J,6,6,7,1,Y,L,0,0,P,HOND,UCL,4D,0,17,2456,,0,1032,,G,,F,4,097,,,14R185,,,,,,0,0,000000000,00000000000,0,0,0,1,0,0,0,0,0,0,0,998,0,0,0,12,12,6,2,8,0,0,0,1,24,21201,6,1,0,0,3,0,64,180,0,0,0,0,0,0,0,0,0,0,0,0,0,0,3,3,55,1,5,2,2,0,0,1,80,99,1,1,98,0,0
9,90181,1,1,1,21,12,16,58,8,0,1,0,9,1,2,404,2404,14,1997,1J4GZ78Y2VC5,1,J,4,G,Z,7,8,Y,2,V,C,5,0,T,JEEP,L/O,4W,97,17,,1,0,1059,GCK,G,,,8,318,,,,,3700,02,E,44,0,0,000000000,00000000000,0,0,0,1,0,0,0,0,0,0,0,999,0,0,0,12,12,6,2,8,0,0,0,1,9,6371,6,1,0,0,3,0,70,999,98,0,0,0,0,0,0,0,0,0,0,0,0,0,6,1,25,1,1,2,2,40,3,1,80,1,1,1,13,0,0
9,90182,1,1,2,22,12,22,26,53,0,1,1,9,1,69,40,69040,4,2009,ZAMJK39A5900,Z,A,M,J,K,3,9,A,5,9,0,0,0,P,MASE,QSS,4D,9,17,4389,,0,1206,,G,,F,8,286,,,19R245,,,,,,0,0,000000000,00000000000,0,0,0,1,0,0,0,0,0,0,0,998,0,0,0,12,12,6,2,42,0,0,0,1,9,6840,6,1,0,0,3,0,70,999,98,0,0,0,0,0,0,0,0,9,0,0,0,0,1,2,30,2,1,2,1,0,0,14,12,1,9,4,6,1,1
9,90183,1,1,3,25,12,12,40,35,0,1,0,9,1,35,49,35049,6,2006,JN8AZ08T36W4,J,N,8,A,Z,0,8,T,3,6,W,4,0,P,NISS,MUR,UT,6,17,3723,,0,1112,,G,,F,6,213,,,18R235,,,,,,0,0,000000000,00000000000,0,0,0,1,0,0,0,0,0,0,0,998,0,1,9,11,11,6,2,1,0,0,0,1,9,6470,6,1,0,0,3,0,73,999,98,0,0,0,0,0,0,0,0,9,0,0,0,0,1,2,25,1,2,2,1,0,0,1,12,1,1,4,6,1,0
9,90184,1,1,2,25,12,20,0,42,0,1,0,9,2,55,33,55033,4,2001,KMHWF35V01A4,K,M,H,W,F,3,5,V,0,1,A,4,0,P,HYUN,SGL,4D,1,17,3069,,0,1063,,G,,F,6,152,,,15R205,,,,,,0,0,000000000,00000000000,0,0,0,1,0,0,0,0,0,0,0,998,0,0,0,3,3,6,2,42,0,0,0,1,9,6053,0,0,0,0,0,0,999,999,98,0,0,0,0,0,0,0,0,1,52,0,0,0,1,2,25,1,1,2,1,0,0,1,6,6,4,4,7,1,0
9,90185,1,1,1,26,12,6,14,35,0,1,0,9,1,12,481,12481,31,2004,1FTSX31L44ED,1,F,T,S,X,3,1,L,4,4,E,D,0,T,FORD,F3S,4C,4,17,,2,1580,1418,SRW,G,,,8,330,,,,D,5976,00,U,44,0,0,000000000,00000000000,0,0,0,1,0,0,0,0,0,0,0,998,0,1,5,99,99,6,2,1,0,0,0,1,9,6037,6,1,0,0,3,0,71,999,98,0,0,1,0,1,2011,1,2011,1,0,0,0,0,1,2,50,2,1,2,4,0,0,14,6,7,9,4,1,1,0
9,90186,1,1,1,16,12,22,32,24,0,1,0,9,1,41,35,41035,4,2002,JM1BJ2453214,J,M,1,B,J,2,4,5,3,2,1,4,0,P,MAZD,PR5,4H,2,17,2716,,0,1028,,G,,F,4,122,,,16R195,,,,,,0,0,000000000,00000000000,0,0,0,1,0,0,0,0,0,0,0,998,0,0,0,12,12,6,2,42,0,0,0,1,9,6790,6,1,0,0,3,3,66,999,98,1,0,0,1,7,2009,1,2011,9,0,0,0,0,1,2,40,2,1,2,1,0,0,14,12,1,1,4,6,1,0
9,90187,1,1,1,28,12,15,53,34,0,1,0,9,1,55,33,55033,4,2006,5NPEU46C56H1,5,N,P,E,U,4,6,C,5,6,H,1,0,P,HYUN,SGX,4D,6,17,3458,,0,1074,,G,,F,4,144,,,17R225,,,,,,0,0,000000000,00000000000,0,0,0,1,0,0,0,0,0,0,0,999,0,0,0,12,12,6,2,34,0,0,0,1,9,6033,6,1,0,0,3,0,70,999,98,0,0,0,0,0,0,0,0,0,0,0,0,0,3,2,55,2,1,2,1,0,0,14,13,1,1,4,1,1,0
9,90188,1,2,1,29,12,9,16,12,6,1,0,9,1,55,36,55036,4,2002,KMHCG45C42U3,K,M,H,C,G,4,5,C,4,2,U,3,0,P,HYUN,AGL,4D,2,17,2350,,0,961,,G,,F,4,098,,,13R175,,,,,,0,0,000000000,00000000000,0,0,0,1,0,0,0,0,0,0,0,998,0,0,0,10,10,6,2,12,0,0,0,1,9,6615,6,1,0,0,3,0,62,999,98,0,0,0,0,0,0,0,0,0,38,0,0,0,1,2,35,1,1,2,1,20,3,1,17,1,1,1,89,1,0