STATE,ST_CASE,VEH_NO,VE_FORMS,NUMOCCS,DAY,MONTH,HOUR,MINUTE,HARM_EV,MAN_COLL,UNITTYPE,HIT_RUN,REG_STAT,OWNER,MAKE,MODEL,MAK_MOD,BODY_TYP,MOD_YEAR,VIN,VIN_1,VIN_2,VIN_3,VIN_4,VIN_5,VIN_6,VIN_7,VIN_8,VIN_9,VIN_10,VIN_11,VIN_12,TOW_VEH,VINTYPE,VINMAKE,VINA_MOD,VIN_BT,VINMODYR,VIN_LNGT,VIN_WGT,WGTCD_TR,WHLBS_LG,WHLBS_SH,SER_TR,FUELCODE,MCYCL_DS,CARBUR,CYLINDER,DISPLACE,MCYCL_CY,MCYCL_WT,TIRE_SZE,TON_RAT,TRK_WT,TRKWTVAR,VIN_REST,WHLDRWHL,J_KNIFE,MCARR_I1,MCARR_I2,MCARR_ID,GVWR,V_CONFIG,CARGO_BT,HAZ_INV,HAZ_PLAC,HAZ_ID,HAZ_CNO,HAZ_REL,BUS_USE,SPEC_USE,EMER_USE,TRAV_SP,UNDERIDE,ROLLOVER,ROLINLOC,IMPACT1,IMPACT2,DEFORMED,TOWED,M_HARM,VEH_SC1,VEH_SC2,FIRE_EXP,DR_PRES,L_STATE,DR_ZIP,L_STATUS,L_TYPE,CDL_STAT,L_ENDORS,L_COMPL,L_RESTRI,DR_HGT,DR_WGT,PREV_ACC,PREV_SUS,PREV_DWI,PREV_SPD,PREV_OTH,FIRST_MO,FIRST_YR,LAST_MO,LAST_YR,SPEEDREL,DR_SF1,DR_SF2,DR_SF3,DR_SF4,VTRAFWAY,VNUM_LAN,VSPD_LIM,VALIGN,VPROFILE,VPAVETYP,VSURCOND,VTRAFCON,VTCONT_F,P_CRASH1,P_CRASH2,P_CRASH3,PCRASH4,PCRASH5,ACC_TYPE,DEATHS,DR_DRINK
11,110021,1,1,1,6,10,10,59,8,0,1,0,98,2,49,403,49403,14,2008,JTEEW41A1820,J,T,E,E,W,4,1,A,1,8,2,0,0,P,TOYT,HIG,UT,8,17,4508,,0,1098,,B,,F,6,201,,,17R245,,,,,,0,0,000000000,00000000000,0,0,0,1,0,0,0,0,0,0,0,998,0,0,0,62,62,0,3,8,0,0,0,1,11,20008,6,1,0,0,3,0,66,165,0,0,0,0,0,0,0,0,0,0,0,0,0,0,1,2,25,1,1,2,1,2,3,11,80,1,1,1,13,0,0
11,110022,1,3,1,17,10,17,11,12,1,1,0,11,1,37,706,37706,80,2007,JH2SC57007M3,J,H,2,S,C,5,7,0,0,7,M,3,0,M,HOND,CBS,RC,7,17,,,,,,,998,,4,,4,388,,,,,,,0,0,000000000,00000000000,0,0,0,1,0,0,0,0,0,0,0,998,0,0,0,12,98,6,2,12,0,0,0,1,11,20001,6,1,0,0,2,0,69,171,0,0,0,0,0,0,0,0,0,1,36,0,0,0,4,2,25,1,1,2,1,0,0,1,51,99,1,2,28,1,0
11,110022,2,3,1,17,10,17,11,12,1,1,0,11,2,82,883,82883,63,2008,1FVACXDT48HZ,1,F,V,A,C,X,D,T,4,8,H,Z,5,T,FRHT,16M,CC,8,17,,7,0,0,FM2,D,,,6,409,,,,,00000,00,,42,1,77,777777777,77777777777,3,1,12,1,0,0,0,0,0,0,0,998,0,0,0,6,61,2,1,12,42,0,0,1,11,20020,6,1,6,2,2,0,69,310,0,0,0,0,1,1,2011,1,2011,0,0,0,0,0,4,2,25,1,1,2,1,0,0,2,53,1,1,1,29,0,0
11,110022,3,3,1,17,10,17,11,12,1,1,0,11,1,49,40,49040,4,2011,4T1BF3EK6BU7,4,T,1,B,F,3,E,K,6,B,U,7,0,P,TOYT,CBA,4D,11,17,3263,,0,1093,,G,,F,4,152,,,16R215,,,,,,0,0,000000000,00000000000,0,0,0,1,0,0,0,0,0,0,0,998,0,0,0,81,81,4,3,12,0,0,0,1,11,20011,6,1,0,0,3,0,61,185,0,0,0,0,0,0,0,0,0,0,0,0,0,0,4,2,25,1,1,2,1,0,0,1,60,1,1,1,98,0,0
12,120001,1,1,3,1,1,11,53,34,0,1,0,12,1,12,37,12037,6,2001,1FAFP36341W3,1,F,A,F,P,3,6,3,4,1,W,3,0,P,FORD,FSC,SW,1,17,2723,,0,1030,,G,,F,4,121,,,15R195,,,,,,0,0,000000000,00000000000,0,0,0,1,0,0,0,0,0,0,0,45,0,1,5,12,12,6,2,1,0,0,0,1,12,32514,6,1,0,0,3,0,66,999,0,0,0,0,0,0,0,0,0,0,0,0,0,0,3,2,45,1,1,8,2,0,0,1,13,1,1,4,1,1,0
12,120002,1,2,2,2,1,18,25,12,1,1,0,12,2,54,31,54031,3,1997,JH4DC4460VS0,J,H,4,D,C,4,4,6,0,V,S,0,0,P,ACUR,IGL,2H,97,17,2609,,0,1012,,G,,F,4,112,,,14R195,,,,,,0,0,000000000,00000000000,0,0,0,1,0,0,0,0,0,0,0,55,0,0,0,12,12,6,2,12,0,0,0,1,12,32408,6,1,0,0,3,0,67,999,0,0,0,0,0,0,0,0,0,0,36,0,0,0,3,2,55,1,1,8,1,0,0,1,52,1,1,1,28,0,0
12,120002,2,2,7,2,1,18,25,12,1,1,0,12,1,12,481,12481,31,1998,1FTRX18L0WNC,1,F,T,R,X,1,8,L,0,W,N,C,0,T,FORD,F15,3C,98,17,,2,1570,1390,COF,G,,,8,330,,,,B,4480,01,E,44,0,0,000000000,00000000000,0,0,0,1,0,0,0,0,0,0,0,35,0,1,2,6,6,6,2,1,0,0,0,1,12,32413,6,1,0,0,3,3,74,999,0,0,0,0,0,0,0,0,0,0,0,0,0,0,3,2,55,1,1,8,1,0,0,2,53,1,1,1,29,1,0
12,120003,1,4,1,3,1,15,52,12,6,1,0,12,1,19,3,19003,4,1993,1G6DW5274PR7,1,G,6,D,W,5,2,7,4,P,R,7,0,P,CADI,FLE,4D,93,17,4275,,0,1215,,G,,F,8,350,,,15R235,,,,,,0,0,000000000,00000000000,0,0,0,1,0,0,0,0,0,0,0,55,0,0,0,12,12,6,2,12,0,0,0,1,12,34608,6,1,0,0,3,3,71,999,0,0,0,0,1,12,2010,12,2010,0,39,0,0,0,2,5,55,1,1,8,1,3,3,1,17,1,1,1,88,0,0
12,120003,2,4,2,3,1,15,52,12,6,1,0,12,1,49,32,49032,4,2008,2T1BR32E98C8,2,T,1,B,R,3,2,E,9,8,C,8,0,P,TOYT,UCS,4D,8,17,2530,,0,1024,,G,,F,4,110,,,15R185,,,,,,0,0,000000000,00000000000,0,0,0,1,0,0,0,0,0,0,0,20,0,0,0,9,9,6,2,12,0,0,0,1,12,34606,6,1,0,0,3,3,67,999,0,0,0,0,1,8,2009,8,2009,0,0,0,0,0,1,3,55,1,1,8,1,3,3,1,66,1,1,1,89,1,0
12,120003,3,4,2,3,1,15,52,12,6,1,0,44,2,12,443,12443,20,2004,2FMZA51674BA,2,F,M,Z,A,5,1,6,7,4,B,A,0,P,FORD,FRE,SV,4,17,4275,,0,1208,,G,,F,6,238,,,16R225,,,,,,0,0,000000000,00000000000,0,0,0,1,0,0,0,0,0,0,0,0,0,0,0,10,10,6,2,12,0,0,0,1,44,2852,6,1,0,0,3,3,62,999,0,0,0,0,0,0,0,0,0,0,0,0,0,0,2,5,55,1,1,8,1,3,3,5,62,1,1,1,98,0,0
12,120003,4,4,1,3,1,15,52,12,6,1,0,13,1,41,471,41471,30,2002,4F4YR16U52TM,4,F,4,Y,R,1,6,U,5,2,T,M,0,T,MAZD,3CP,PC,2,17,,1,0,1257,B30,G,,,6,182,,,,,3480,00,E,42,0,0,000000000,00000000000,0,0,0,1,0,0,0,0,0,0,0,0,0,0,0,9,9,4,1,12,0,0,0,1,13,39828,6,1,0,0,3,0,63,999,98,0,0,0,0,0,0,0,0,0,0,0,0,0,2,5,55,1,1,8,1,3,3,5,60,1,1,1,98,0,0
12,120004,1,1,1,3,1,2,40,25,0,1,0,12,1,49,40,49040,4,2007,4T1BE46K67U0,4,T,1,B,E,4,6,K,6,7,U,0,0,P,TOYT,CMB,4D,7,17,3108,,0,1093,,G,,F,4,146,,,15R205,,,,,,0,0,000000000,00000000000,0,0,0,1,0,0,0,0,0,0,0,75,0,0,0,12,12,6,2,25,0,0,0,1,12,33409,6,1,0,0,3,0,66,999,0,0,0,0,0,0,0,0,0,0,0,0,0,0,3,5,65,1,1,8,1,0,0,1,12,1,1,4,6,1,1
12,120005,1,1,3,3,1,7,25,33,0,1,0,12,1,7,402,7402,14,2000,1B4HS28N7YF1,1,B,4,H,S,2,8,N,7,Y,F,1,0,P,DODG,DUR,UT,0,17,4462,,0,1159,,G,,F,8,287,,,15R235,,,,,,0,0,000000000,00000000000,0,0,0,1,0,0,0,0,0,0,0,45,0,1,5,14,14,6,2,1,0,0,0,1,12,34120,6,1,0,0,3,0,73,999,0,1,0,1,0,9,2010,9,2010,0,36,0,0,0,2,3,45,1,1,8,1,3,3,1,13,1,1,4,1,1,0
12,120006,1,2,1,4,1,22,45,12,6,1,0,12,1,72,706,72706,80,2007,1HD1FC4197Y6,1,H,D,1,F,C,4,1,9,7,Y,6,0,M,HD,FLU,RS,7,17,,,,,,,1584,,2,,4,808,,,,,,,0,0,000000000,00000000000,0,0,0,1,0,0,0,0,0,0,0,90,0,0,0,12,12,6,2,12,0,0,0,1,12,34117,6,1,0,0,3,0,70,999,0,0,0,1,0,3,2010,3,2010,0,51,0,0,0,1,2,55,2,1,8,1,0,0,14,10,1,1,2,64,1,1
12,120006,2,2,1,4,1,22,45,12,6,1,0,12,3,12,881,12881,61,2003,1FDWF37P33EB,1,F,D,W,F,3,7,P,3,3,E,B,0,T,FORD,F3D,CB,3,17,,3,1650,1410,DRW,D,,,8,366,,,,D,00000,00,E,44,0,88,888888888,88888888888,2,1,1,1,0,0,0,0,0,0,0,45,0,0,0,9,9,6,2,12,0,0,0,1,12,34120,6,1,0,0,3,0,65,999,0,0,0,1,0,7,2010,7,2010,0,0,0,0,0,1,2,45,3,1,8,1,0,0,14,62,1,1,1,65,0,0
12,120007,1,1,1,4,1,20,17,8,0,1,0,12,1,35,401,35401,14,2005,5N1AR18U65C7,5,N,1,A,R,1,8,U,6,5,C,7,0,P,NISS,PFI,UT,5,17,4242,,0,1122,,G,,F,6,244,,,16R265,,,,,,0,0,000000000,00000000000,0,0,0,1,0,0,0,0,0,0,0,40,0,0,0,12,12,4,1,8,0,0,0,1,12,33196,6,1,0,0,3,0,63,999,0,0,0,0,0,0,0,0,0,0,0,0,0,0,5,6,45,1,1,8,1,0,0,1,80,1,1,1,13,0,0
12,120008,1,2,1,4,1,14,44,12,1,1,0,12,1,76,701,76701,80,2003,JYASA17A73A0,J,Y,A,S,A,1,7,A,7,3,A,0,0,M,YAMA,YJA,MS,3,17,,,,,,,49,,1,,2,150,,,,,,,0,0,000000000,00000000000,0,0,0,1,0,0,0,0,0,0,0,25,0,0,0,12,12,6,2,12,0,0,0,1,12,32976,6,1,0,0,3,3,68,999,0,0,0,0,0,0,0,0,0,0,36,0,0,0,1,2,25,1,1,8,1,0,0,1,50,1,1,1,20,1,0
12,120008,2,2,1,4,1,14,44,12,1,1,0,12,1,20,441,20441,20,2000,1GBDM19W3YB1,1,G,B,D,M,1,9,W,3,Y,B,1,0,T,CHEV,AST,EC,0,17,,1,0,1112,AST,G,,,6,262,,,,B,00000,00,,42,0,0,000000000,00000000000,0,0,0,1,0,0,0,0,0,0,0,0,0,0,0,6,6,4,4,12,0,0,0,1,12,32976,6,1,0,0,3,3,64,999,0,0,0,0,0,0,0,0,0,0,0,0,0,0,1,2,25,1,1,8,1,0,0,5,53,1,1,1,21,0,0
12,120009,1,1,6,5,1,6,55,32,0,1,0,12,2,22,20,22020,4,2004,2G2WS5228412,2,G,2,W,S,5,2,2,8,4,1,2,0,P,PONT,GP2,4D,4,17,3484,,0,1105,,G,,F,6,231,,,16R225,,,,,,0,0,000000000,00000000000,0,0,0,1,0,0,0,0,0,0,0,75,0,0,0,12,12,6,2,42,0,0,0,1,12,33025,6,1,0,0,3,0,72,999,0,9,0,2,0,11,2009,12,2010,0,36,0,0,0,3,3,70,1,1,8,1,0,0,1,12,1,3,4,6,2,0
12,120010,1,2,1,5,1,6,15,12,6,1,0,12,1,20,403,20403,14,2003,1GNDS13S9321,1,G,N,D,S,1,3,S,9,3,2,1,0,P,CHEV,TRL,UT,3,17,4417,,0,1130,,G,,F,6,256,,,16R245,,,,,,0,0,000000000,00000000000,0,0,0,1,0,0,0,0,0,0,0,10,0,0,0,8,8,6,2,12,0,0,0,1,12,33184,6,1,0,0,3,3,67,999,0,0,0,0,0,0,0,0,0,0,38,0,0,0,1,2,30,1,1,8,1,20,3,11,15,1,1,1,82,0,0
12,120010,2,2,1,5,1,6,15,12,6,1,0,12,1,37,706,37706,80,2004,JH2SC45314M4,J,H,2,S,C,4,5,3,1,4,M,4,0,M,HOND,RV1,RC,4,17,,,,,,,999,,2,,4,999,,,,,,,0,0,000000000,00000000000,0,0,0,1,0,0,0,0,0,0,0,45,0,0,0,12,12,6,2,12,0,0,0,1,12,33030,6,1,0,0,3,0,70,999,0,0,0,0,0,0,0,0,0,0,0,0,0,0,2,2,45,1,1,8,1,0,0,1,67,1,1,1,83,1,1
12,120011,1,2,1,5,1,17,56,12,6,1,0,12,2,20,37,20037,4,2002,1G1ND52J72M5,1,G,1,N,D,5,2,J,7,2,M,5,0,P,CHEV,MAL,4D,2,17,3053,,0,1070,,G,,F,6,191,,,15R215,,,,,,0,0,000000000,00000000000,0,0,0,1,0,0,0,0,0,0,0,55,0,0,0,3,3,6,2,12,0,0,0,1,12,32351,6,1,0,0,3,0,73,999,0,0,0,0,0,0,0,0,0,0,28,0,0,0,1,2,55,3,5,8,2,0,0,14,13,6,4,2,64,1,0
12,120011,2,2,1,5,1,17,56,12,6,1,0,12,2,20,404,20404,14,2005,2CNDL13F1561,2,C,N,D,L,1,3,F,1,5,6,1,0,P,CHEV,EQU,UT,5,17,3660,,0,1125,,G,,F,6,208,,,16R235,,,,,,0,0,000000000,00000000000,0,0,0,1,0,0,0,0,0,0,0,55,0,0,0,12,12,6,2,12,0,0,0,1,12,32351,6,1,0,0,3,0,72,999,0,10,0,3,0,10,2008,10,2009,0,0,0,0,0,1,2,55,2,6,8,2,0,0,14,62,1,1,1,65,0,0
12,120012,1,4,1,5,1,21,50,12,1,1,0,12,3,84,881,84881,66,2005,2HSCKAPR15C0,2,H,S,C,K,A,P,R,1,5,C,0,1,T,INTL,99X,TR,5,17,,8,0,0,990,D,,,6,915,,,,,00000,00,,64,1,12,722615,12722615,3,6,1,1,0,0,0,0,0,0,0,70,7,0,0,12,12,6,2,12,0,0,0,1,12,33016,6,1,6,3,3,0,72,999,0,1,0,0,0,2,2010,2,2010,1,36,0,0,0,3,3,70,1,1,8,1,28,3,1,52,1,1,1,28,0,0
12,120012,2,4,2,5,1,21,50,12,1,1,0,12,1,58,33,58033,4,2001,JNKCP11A31T4,J,N,K,C,P,1,1,A,3,1,T,4,0,P,INFI,G20,4D,1,17,2826,,0,1024,,G,,F,4,122,,,15R195,,,,,,0,0,000000000,00000000000,0,0,0,1,0,0,0,0,0,0,0,40,0,0,0,6,6,6,2,12,0,0,0,1,12,32909,6,1,0,0,3,3,70,999,0,0,0,0,0,0,0,0,0,0,0,0,0,0,3,3,65,1,1,8,1,28,3,2,53,1,1,1,29,2,0
12,120012,3,4,2,5,1,21,50,12,1,1,0,12,1,24,9,24009,4,2009,1G8ZX57759F2,1,G,8,Z,X,5,7,7,5,9,F,2,0,P,STRN,AXR,4D,9,17,3647,,0,1123,,G,,F,6,220,,,18R225,,,,,,0,0,000000000,00000000000,0,0,0,1,0,0,0,0,0,0,0,30,0,0,0,6,6,6,2,12,0,0,0,1,12,32909,6,1,0,0,3,3,60,999,0,0,0,0,0,0,0,0,0,0,0,0,0,0,2,3,65,1,1,8,1,28,3,2,53,1,1,1,98,0,0
12,120012,4,4,1,5,1,21,50,12,1,1,0,12,1,12,481,12481,31,2001,1FTRX17W91NA,1,F,T,R,X,1,7,W,9,1,N,A,0,T,FORD,F15,4C,1,17,,2,1571,1385,COF,G,,,8,281,,,,B,4204,05,U,42,0,0,000000000,00000000000,0,0,0,1,0,0,0,0,0,0,0,5,0,0,0,6,6,6,2,12,0,0,0,1,12,32909,6,1,0,0,3,0,71,999,0,0,0,0,0,0,0,0,0,0,0,0,0,0,3,3,65,1,1,8,1,28,3,2,53,1,1,1,98,0,0
12,120013,1,1,1,5,1,20,15,42,0,1,0,12,2,23,481,23481,31,1999,1GTGK24R6XR7,1,G,T,G,K,2,4,R,6,X,R,7,0,T,GMC,SK2,PK,99,17,,2,0,1315,SIE,G,,,8,350,,,,C,00000,00,A,44,0,0,000000000,00000000000,0,0,0,1,0,0,0,0,0,0,0,50,0,0,0,99,9,6,2,42,0,0,0,1,12,34488,6,1,0,0,3,0,66,999,0,0,0,0,0,0,0,0,0,0,36,0,0,0,1,2,30,3,1,8,2,0,0,14,12,1,1,4,6,1,0
12,120014,1,1,1,6,1,23,11,1,0,1,0,12,1,23,401,23401,14,1995,1GKDT13W1S25,1,G,K,D,T,1,3,W,1,S,2,5,0,T,GMC,JMY,4W,95,17,,1,0,1070,JMY,G,,,6,262,,,,B,00000,00,M,44,0,0,000000000,00000000000,0,0,0,1,0,0,0,0,0,0,0,45,0,1,5,0,0,6,2,1,0,0,0,1,12,34436,6,1,0,0,3,0,72,999,0,0,0,0,0,0,0,0,0,0,36,0,0,0,1,2,45,1,1,8,1,0,0,1,12,1,4,4,7,1,0
12,120015,1,1,2,7,1,23,23,5,0,1,0,12,1,35,43,35043,4,2004,3N1CB51D94L9,3,N,1,C,B,5,1,D,9,4,L,9,0,P,NISS,S18,4D,4,17,2387,,0,998,,G,,F,4,108,,,15R195,,,,,,0,0,000000000,00000000000,0,0,0,1,0,0,0,0,0,0,0,25,0,0,0,0,0,0,1,5,0,0,0,1,12,32351,6,1,0,0,3,0,62,999,0,0,0,0,0,0,0,0,0,0,39,0,0,0,1,2,25,1,1,8,1,20,3,11,98,1,1,1,0,1,0
12,120016,1,1,1,7,1,21,7,43,0,1,0,12,1,72,706,72706,80,2007,1HD1KB4167Y6,1,H,D,1,K,B,4,1,6,7,Y,6,0,M,HD,FHX,RS,7,17,,,,,,,1584,,2,,4,733,,,,,,,0,0,000000000,00000000000,0,0,0,1,0,0,0,0,0,0,0,45,0,0,0,14,14,6,2,43,0,0,0,1,12,34734,6,1,0,0,3,0,71,999,0,0,0,0,0,0,0,0,0,0,28,0,0,0,2,2,45,3,6,8,1,0,0,14,12,1,1,4,6,1,1
12,120017,1,1,1,8,1,3,16,42,0,1,0,12,1,37,705,37705,80,2006,JH2PC37056M3,J,H,2,P,C,3,7,0,5,6,M,3,0,M,HOND,B60,RC,6,17,,,,,,,599,,4,,4,361,,,,,,,0,0,000000000,00000000000,0,0,0,1,0,0,0,0,0,0,0,55,0,0,0,12,12,6,2,42,0,0,0,1,12,34609,6,1,0,0,3,0,75,999,0,0,0,2,0,7,2010,12,2010,0,28,36,0,0,1,2,30,1,1,8,1,0,0,1,12,1,1,4,6,1,1
12,120018,1,1,1,9,1,16,36,33,0,1,0,12,9,37,31,37031,3,1990,2HGED6343LH5,2,H,G,E,D,6,3,4,3,L,H,5,0,P,HOND,CIV,2H,90,17,1867,,0,984,,G,,F,4,091,,,13R165,,,,,,0,0,000000000,00000000000,0,0,0,1,0,0,0,0,0,0,0,60,0,0,0,9,9,6,2,30,0,0,0,1,12,33023,6,1,0,0,3,0,66,999,0,0,0,0,0,0,0,0,0,0,0,0,0,0,2,2,35,1,1,8,1,0,0,1,13,1,1,4,1,1,0
12,120019,1,2,1,9,1,1,43,12,6,1,0,12,2,52,34,52034,4,2003,4A3AA46G93E2,4,A,3,A,A,4,6,G,9,3,E,2,0,P,MITS,UEL,4D,3,17,3075,,0,1037,,G,,F,4,146,,,15R195,,,,,,0,0,000000000,00000000000,0,0,0,1,0,0,0,0,0,0,0,25,0,0,0,9,9,6,2,12,0,0,0,1,12,32506,6,1,0,0,3,0,63,999,0,0,0,0,0,0,0,0,0,0,39,0,0,0,1,2,25,1,1,8,1,20,3,1,17,1,1,1,89,1,0
12,120019,2,2,1,9,1,1,43,12,6,1,0,12,1,49,40,49040,4,2005,4T1BE32K75U5,4,T,1,B,E,3,2,K,7,5,U,5,0,P,TOYT,XLL,4D,5,17,3108,,0,1071,,G,,F,4,144,,,15R205,,,,,,0,0,000000000,00000000000,0,0,0,1,0,0,0,0,0,0,0,40,0,0,0,12,12,6,2,12,0,0,0,1,12,32506,6,1,0,0,3,0,66,999,0,1,0,1,0,3,2008,10,2008,0,0,0,0,0,2,2,40,1,1,8,1,0,0,1,66,1,1,1,88,0,1
12,120020,1,1,3,10,1,18,40,1,0,1,0,12,1,12,481,12481,31,2005,1FTPW12585FB,1,F,T,P,W,1,2,5,8,5,F,B,0,T,FORD,F1S,CW,5,17,,2,1450,1260,COF,G,,,8,330,,,,B,5281,00,U,42,0,0,000000000,00000000000,0,0,0,1,0,0,0,0,0,0,0,50,0,2,5,0,0,6,2,1,0,0,0,1,12,32038,6,1,0,0,3,0,76,999,0,0,0,0,0,0,0,0,0,1,36,0,0,0,1,2,30,2,1,8,2,0,0,14,12,6,3,4,7,1,1
12,120021,1,1,1,11,1,4,36,42,0,1,0,12,1,54,34,54034,4,1992,JH4CC2651NC0,J,H,4,C,C,2,6,5,1,N,C,0,0,P,ACUR,VGS,4D,92,17,3160,,0,1104,,G,,F,5,150,,,15R205,,,,,,0,0,000000000,00000000000,0,0,0,1,0,0,0,0,0,0,0,70,0,0,0,9,9,6,2,42,0,0,0,1,12,33702,6,1,0,0,3,0,67,999,0,0,0,0,0,0,0,0,0,0,36,0,0,0,3,2,70,2,1,8,2,0,0,14,12,7,3,4,2,1,1
12,120022,1,3,3,11,1,16,30,12,2,1,0,12,2,7,482,7482,31,2003,1D7HA18N73S1,1,D,7,H,A,1,8,N,7,3,S,1,0,T,DODG,SQ1,CW,3,17,,2,1605,1405,RPC,G,,,8,287,,,,B,4665,03,E,42,0,0,000000000,00000000000,0,0,0,1,0,0,0,0,0,0,0,60,0,0,0,12,12,6,2,12,0,0,0,1,12,34269,6,1,0,0,3,0,63,999,0,0,0,0,0,0,0,0,0,0,28,0,0,0,1,2,60,1,1,8,1,0,0,1,10,1,1,2,50,2,1
12,120022,2,3,1,11,1,16,30,12,2,1,0,12,2,12,870,12870,55,1995,1FDKE37HXSHA,1,F,D,K,E,3,7,H,X,S,H,A,0,T,FORD,35C,YY,95,17,,3,1580,1380,CTV,G,,,8,351,,,,D,4720,00,A,42,0,77,777777777,77777777777,2,21,22,1,0,0,0,0,98,0,0,55,0,1,5,12,12,6,2,1,0,0,0,1,12,33950,6,1,0,0,3,0,73,999,0,3,0,0,0,8,2009,12,2010,0,0,0,0,0,1,2,60,1,1,8,1,0,0,1,62,1,1,1,51,1,0
12,120022,3,3,1,11,1,16,30,12,2,1,0,12,1,52,34,52034,4,2005,4A3AB36F65E0,4,A,3,A,B,3,6,F,6,5,E,0,0,P,MITS,ELM,4D,5,17,3351,,0,1083,,G,,F,4,146,,,16R215,,,,,,0,0,000000000,00000000000,0,0,0,1,0,0,0,0,0,0,0,55,0,0,0,12,12,4,3,12,0,0,0,1,12,33950,6,1,0,0,3,0,66,999,0,0,0,0,0,0,0,0,0,0,0,0,0,0,1,2,60,1,1,8,1,0,0,1,54,1,1,1,98,0,0
12,120023,1,1,1,12,1,6,5,8,0,1,0,12,1,20,403,20403,14,2003,1GNES16S1361,1,G,N,E,S,1,6,S,1,3,6,1,0,P,CHEV,TRL,UT,3,17,4836,,0,1290,,G,,F,6,256,,,17R245,,,,,,0,0,000000000,00000000000,0,0,0,1,0,0,0,0,0,0,0,45,0,0,0,12,12,4,3,8,0,0,0,1,12,33176,1,1,0,0,2,0,67,999,0,2,0,0,0,8,2010,10,2010,0,92,0,0,0,2,3,45,1,1,8,1,98,8,1,80,1,1,1,13,0,0
12,120024,1,2,2,13,1,22,57,12,6,1,0,12,2,20,16,20016,2,2000,3G1JC124XYS1,3,G,1,J,C,1,2,4,X,Y,S,1,0,P,CHEV,CAV,CP,0,17,2617,,0,1041,,G,,F,4,133,,,14R195,,,,,,0,0,000000000,00000000000,0,0,0,1,0,0,0,0,0,0,0,10,0,0,0,10,10,6,2,12,0,0,0,1,12,33870,6,1,0,0,3,0,67,999,0,0,0,0,0,0,0,0,0,0,48,0,0,0,1,2,60,1,1,8,1,0,0,12,53,1,1,2,98,1,1
12,120024,2,2,1,13,1,22,57,12,6,1,0,12,3,82,881,82881,66,2005,1FUBA5CG55LU,1,F,U,B,A,5,C,G,5,5,L,U,1,T,FRHT,COL,TR,5,17,,7,0,0,CON,D,,,6,774,,,,,00000,00,,42,2,57,4211,574211,3,6,1,1,0,0,0,0,0,0,0,55,0,0,0,12,12,4,3,12,0,0,0,1,12,33850,6,1,6,0,3,0,65,999,0,0,0,0,0,0,0,0,0,0,0,0,0,0,1,2,60,1,1,8,1,0,0,1,51,6,1,2,98,0,0
12,120025,1,3,2,14,1,1,0,12,1,1,0,12,6,20,421,20421,15,2008,1GNFC130X8R1,1,G,N,F,C,1,3,0,X,8,R,1,0,P,CHEV,CTA,UT,8,17,5265,,0,1160,,F,,F,8,323,,,17R265,,,,,,0,0,000000000,00000000000,0,0,0,1,0,0,0,0,0,0,0,0,0,0,0,6,6,4,3,12,0,0,0,0,0,99997,7,6,97,7,6,7,998,997,998,998,998,998,998,98,9998,98,9998,8,0,0,0,0,3,4,55,1,6,8,1,0,0,0,53,0,0,0,32,0,0
12,120025,2,3,1,14,1,1,0,12,1,1,0,12,2,37,31,37031,4,1998,1HGEJ6672WL0,1,H,G,E,J,6,6,7,2,W,L,0,0,P,HOND,UCL,4D,98,17,2426,,0,1032,,G,,F,4,097,,,14R185,,,,,,0,0,000000000,00000000000,0,0,0,1,0,0,0,0,0,0,0,0,0,0,0,61,61,6,2,12,0,0,0,1,12,33177,6,1,0,0,3,0,72,999,0,0,0,0,0,0,0,0,0,0,0,0,0,0,3,4,55,1,6,8,1,0,0,7,53,1,1,1,98,0,0
12,120025,3,3,1,14,1,1,0,12,1,1,0,12,1,73,706,73706,80,2009,JKAZX4R159A0,J,K,A,Z,X,4,R,1,5,9,A,0,0,M,KAWK,ZXP,RC,9,17,,,,,,,599,,4,,4,421,,,,,,,0,0,000000000,00000000000,0,0,0,1,0,0,0,0,0,0,0,998,0,0,0,12,12,6,2,12,0,0,1,1,12,33186,6,1,0,0,3,0,999,999,1,10,0,2,1,9,2009,12,2010,1,36,0,0,0,3,4,55,1,6,8,1,0,0,1,50,1,1,2,32,1,0
12,120026,1,1,4,16,1,18,35,35,0,1,0,12,2,12,3,12003,2,1994,1FALP42T8RF2,1,F,A,L,P,4,2,T,8,R,F,2,0,P,FORD,MGT,CP,94,17,3258,,0,1013,,G,,F,8,302,,,16R225,,,,,,0,0,000000000,00000000000,0,0,0,1,0,0,0,0,0,0,0,50,0,1,5,11,11,6,2,1,0,0,0,1,12,32024,0,0,0,0,0,0,999,999,0,0,0,0,0,0,0,0,0,1,36,0,0,0,1,2,55,1,1,8,1,0,0,1,6,1,1,4,6,2,0
12,120027,1,1,2,17,1,10,30,24,0,1,0,12,1,38,421,38421,15,2006,4NUES16S8667,4,N,U,E,S,1,6,S,8,6,6,7,0,P,ISU,ASC,UT,6,17,4473,,0,1290,,G,,F,6,256,,,17R245,,,,,,0,0,000000000,00000000000,0,0,0,1,0,0,0,0,0,0,0,65,0,1,1,1,1,6,2,1,0,0,0,1,12,32046,6,1,0,0,3,0,64,999,0,0,0,0,0,0,0,0,0,0,36,0,0,0,6,1,65,2,1,8,2,0,0,15,13,1,1,4,1,1,0