STATE,ST_CASE,VEH_NO,VE_FORMS,NUMOCCS,DAY,MONTH,HOUR,MINUTE,HARM_EV,MAN_COLL,UNITTYPE,HIT_RUN,REG_STAT,OWNER,MAKE,MODEL,MAK_MOD,BODY_TYP,MOD_YEAR,VIN,VIN_1,VIN_2,VIN_3,VIN_4,VIN_5,VIN_6,VIN_7,VIN_8,VIN_9,VIN_10,VIN_11,VIN_12,TOW_VEH,VINTYPE,VINMAKE,VINA_MOD,VIN_BT,VINMODYR,VIN_LNGT,VIN_WGT,WGTCD_TR,WHLBS_LG,WHLBS_SH,SER_TR,FUELCODE,MCYCL_DS,CARBUR,CYLINDER,DISPLACE,MCYCL_CY,MCYCL_WT,TIRE_SZE,TON_RAT,TRK_WT,TRKWTVAR,VIN_REST,WHLDRWHL,J_KNIFE,MCARR_I1,MCARR_I2,MCARR_ID,GVWR,V_CONFIG,CARGO_BT,HAZ_INV,HAZ_PLAC,HAZ_ID,HAZ_CNO,HAZ_REL,BUS_USE,SPEC_USE,EMER_USE,TRAV_SP,UNDERIDE,ROLLOVER,ROLINLOC,IMPACT1,IMPACT2,DEFORMED,TOWED,M_HARM,VEH_SC1,VEH_SC2,FIRE_EXP,DR_PRES,L_STATE,DR_ZIP,L_STATUS,L_TYPE,CDL_STAT,L_ENDORS,L_COMPL,L_RESTRI,DR_HGT,DR_WGT,PREV_ACC,PREV_SUS,PREV_DWI,PREV_SPD,PREV_OTH,FIRST_MO,FIRST_YR,LAST_MO,LAST_YR,SPEEDREL,DR_SF1,DR_SF2,DR_SF3,DR_SF4,VTRAFWAY,VNUM_LAN,VSPD_LIM,VALIGN,VPROFILE,VPAVETYP,VSURCOND,VTRAFCON,VTCONT_F,P_CRASH1,P_CRASH2,P_CRASH3,PCRASH4,PCRASH5,ACC_TYPE,DEATHS,DR_DRINK
12,120091,3,3,2,16,1,18,51,12,6,1,0,12,3,54,421,54421,15,2011,2HNYD2H60BH5,2,H,N,Y,D,2,H,6,0,B,H,5,0,P,ACUR,MDX,UT,11,17,4550,,0,1083,,G,,F,6,226,,,18R255,,,,,,0,0,000000000,00000000000,0,0,0,1,0,0,0,0,0,0,0,0,0,0,0,62,62,4,1,12,0,0,0,1,12,32822,6,1,0,0,3,0,64,999,0,2,0,1,0,2,2009,10,2010,0,0,0,0,0,2,2,45,1,1,8,1,0,0,5,65,1,1,1,98,0,0
12,120092,1,1,1,18,1,18,46,58,0,1,0,9,1,51,43,51043,1,2004,YV1NC62D34J0,Y,V,1,N,C,6,2,D,3,4,J,0,0,P,VOLV,CHP,CV,4,17,3450,,0,1050,,G,,T,5,142,,,16R225,,,,,,0,0,000000000,00000000000,0,0,0,1,0,0,0,0,0,0,0,75,0,1,5,12,12,6,2,58,0,0,0,1,9,6002,6,1,0,0,3,3,69,999,98,0,0,0,0,0,0,0,0,0,28,0,0,0,3,3,70,1,1,8,1,0,0,1,19,1,1,4,10,1,1
12,120093,1,1,1,18,1,17,43,9,0,1,0,12,1,35,47,35047,4,2006,1N4AL11D56C2,1,N,4,A,L,1,1,D,5,6,C,2,0,P,NISS,ASL,4D,6,17,2915,,0,1102,,G,,F,4,153,,,16R215,,,,,,0,0,000000000,00000000000,0,0,0,1,0,0,0,0,0,0,0,30,0,0,0,1,1,4,3,9,0,0,0,1,12,32641,6,1,0,0,3,0,72,999,0,0,0,0,0,0,0,0,0,0,0,0,0,0,1,2,60,1,6,8,1,28,3,1,83,8,1,1,13,0,0
12,120094,1,1,1,19,1,6,27,1,0,1,0,12,2,87,883,87883,66,2000,1XP5DB9X6YD4,1,X,P,5,D,B,9,X,6,Y,D,4,1,T,PTRB,379,TR,0,17,,8,0,0,CON,D,,,6,893,,,,,00000,00,,64,1,12,1703645,121703645,3,6,1,1,0,0,0,0,0,0,0,55,0,2,5,0,0,6,2,1,0,0,0,1,12,33570,6,1,6,0,3,0,66,999,0,0,0,1,2,5,2008,4,2010,0,36,0,0,0,1,2,55,3,1,8,2,0,0,14,13,1,1,4,98,1,0
12,120095,1,1,2,19,1,16,35,8,0,1,0,1,1,49,442,49442,20,2008,5TDZK23C08S1,5,T,D,Z,K,2,3,C,0,8,S,1,0,P,TOYT,SIE,SV,8,17,4177,,0,1193,,G,,F,6,214,,,16R215,,,,,,0,0,000000000,00000000000,0,0,0,1,0,0,0,0,0,0,0,2,0,0,0,63,63,0,1,8,0,0,0,1,1,36542,6,1,0,0,3,0,60,999,0,2,0,1,0,8,2010,9,2010,0,36,0,0,0,1,2,10,1,1,8,1,0,0,13,80,1,1,1,92,0,0
12,120096,1,1,3,20,1,22,5,8,0,1,0,12,2,12,461,12461,21,2002,1FDRE14W22HB,1,F,D,R,E,1,4,W,2,2,H,B,0,T,FORD,15V,CG,2,17,,2,0,1380,VAN,G,,,8,281,,,,B,4823,00,E,42,0,0,000000000,00000000000,0,0,0,1,0,0,0,0,0,0,0,65,0,0,0,1,1,6,2,8,0,0,0,1,12,33613,6,1,0,0,3,3,66,999,0,0,0,0,0,0,0,0,0,0,0,0,0,0,3,2,70,1,1,8,1,0,0,1,80,1,1,1,13,0,0
12,120097,1,1,1,20,1,22,25,8,0,1,0,13,1,20,481,20481,31,2000,3GNEC16T5YG2,3,G,N,E,C,1,6,T,5,Y,G,2,0,P,CHEV,C15,UT,0,17,4914,,0,1300,,G,,F,8,325,,,16R245,,,,,,0,0,000000000,00000000000,0,0,0,1,0,0,0,0,0,0,0,45,0,0,0,12,12,4,1,8,0,0,0,1,13,30115,6,1,0,0,3,0,69,140,98,0,0,0,0,0,0,0,0,0,0,0,0,0,2,3,50,1,1,8,1,0,0,1,80,1,1,1,13,0,1
12,120098,1,1,2,21,1,2,57,14,0,1,0,12,2,41,51,41051,4,2009,JM1BK3231912,J,M,1,B,K,3,2,3,1,9,1,2,0,P,MAZD,M3S,4D,9,17,2906,,0,1039,,G,,F,4,140,,,17R205,,,,,,0,0,000000000,00000000000,0,0,0,1,0,0,0,0,0,0,0,45,0,0,0,9,98,6,2,8,0,0,0,1,12,32952,6,1,0,0,3,0,63,999,0,0,0,0,0,0,0,0,0,0,79,0,0,0,2,3,55,1,1,8,2,0,0,1,13,1,1,4,11,2,1
12,120099,1,1,1,22,1,22,18,8,0,1,1,12,1,23,401,23401,14,2008,1GKDS13SX822,1,G,K,D,S,1,3,S,X,8,2,2,0,T,GMC,ENV,4W,8,17,,1,0,1130,ENV,G,,,6,256,,,,B,4404,00,S,42,0,0,000000000,00000000000,0,0,0,1,0,0,0,0,0,0,0,40,0,0,0,12,12,4,3,8,0,0,0,1,12,34243,6,1,0,0,3,3,62,999,0,0,0,0,0,0,0,0,0,0,36,0,0,0,2,2,40,1,1,8,1,0,0,1,13,1,1,2,13,0,0
12,120100,1,1,2,24,1,2,40,1,0,1,0,12,4,35,50,35050,4,2011,3N1BC1AP0BL3,3,N,1,B,C,1,A,P,0,B,L,3,0,P,NISS,VSL,4D,11,17,2671,,0,1024,,G,,F,4,110,,,15R185,,,,,,0,0,000000000,00000000000,0,0,0,1,0,0,0,0,0,0,0,55,0,1,5,0,0,6,2,1,0,0,0,1,34,8234,6,1,0,0,3,0,70,999,1,0,0,0,0,1,2011,1,2011,0,36,0,0,0,6,1,55,1,6,8,1,0,0,1,12,1,3,4,7,1,1
12,120101,1,2,2,25,1,3,35,12,1,1,0,12,1,84,999,84999,99,1969,416060H89419,4,1,6,0,6,0,H,8,9,4,1,9,0,T,INTL,160,CB,69,13,,6,2360,1270,LDS,G,,,,,,,,,,,,42,0,0,000000000,00000000000,0,0,0,1,0,0,0,0,0,0,0,999,0,1,5,6,12,6,2,1,0,0,0,1,12,32179,6,1,6,0,3,3,67,999,0,0,0,0,0,0,0,0,0,0,92,0,0,0,2,2,65,1,3,8,1,0,0,1,53,1,1,1,25,2,0
12,120101,2,2,1,25,1,3,35,12,1,1,0,12,3,84,881,84881,66,2008,2HSCDAPR68C6,2,H,S,C,D,A,P,R,6,8,C,6,1,T,INTL,92I,TR,8,17,,8,0,0,920,D,,,6,915,,,,,00000,00,,42,1,12,21800,1221800,3,6,1,1,0,0,0,0,0,0,0,65,0,0,0,12,6,6,2,12,0,0,0,1,12,32003,6,1,6,3,3,0,71,999,0,0,0,0,0,0,0,0,0,0,92,0,0,0,2,2,65,1,3,8,1,0,0,1,51,1,1,1,24,0,0
12,120102,1,2,1,26,1,11,31,12,6,1,0,12,1,42,42,42042,4,1997,WDBHA23E6VA5,W,D,B,H,A,2,3,E,6,V,A,5,0,P,MERZ,C23,4D,97,17,3095,,0,1059,,G,,F,4,140,,,15R195,,,,,,0,0,000000000,00000000000,0,0,0,1,0,0,0,0,0,0,0,40,0,0,0,11,11,6,2,42,0,0,0,1,12,32653,6,1,0,0,3,0,63,999,0,0,0,0,0,0,0,0,0,0,51,0,0,0,5,5,45,1,1,8,1,0,0,1,10,1,1,2,64,1,0
12,120102,2,2,1,26,1,11,31,12,6,1,0,12,1,49,49,49049,6,2005,JTLKT3245540,J,T,L,K,T,3,2,4,5,5,4,0,0,P,TOYT,SXB,UT,5,17,2395,,0,984,,G,,F,4,092,,,15R185,,,,,,0,0,000000000,00000000000,0,0,0,1,0,0,0,0,0,0,0,40,0,0,0,7,7,4,1,12,0,0,0,1,12,32653,6,1,0,0,3,3,65,999,0,0,0,0,0,0,0,0,0,0,0,0,0,0,5,5,45,1,1,8,1,0,0,1,62,99,1,1,65,0,0
12,120103,1,1,1,28,1,19,15,11,0,1,0,12,2,55,33,55033,4,2001,KMHWF35V81A4,K,M,H,W,F,3,5,V,8,1,A,4,0,P,HYUN,SGL,4D,1,17,3069,,0,1063,,G,,F,6,152,,,15R205,,,,,,0,0,000000000,00000000000,0,0,0,1,0,0,0,0,0,0,0,60,0,0,0,12,12,6,2,11,0,0,0,1,12,32693,6,1,6,0,3,0,69,999,0,0,0,0,0,0,0,0,0,0,0,0,0,0,2,2,65,1,1,8,1,0,0,1,87,1,1,1,13,1,0
12,120104,1,1,2,28,1,13,30,1,0,1,0,12,2,49,401,49401,14,1999,JT3HN87R8X01,J,T,3,H,N,8,7,R,8,X,0,1,0,P,TOYT,RUN,UT,99,17,3930,,0,1053,,G,,F,6,206,,,16R265,,,,,,0,0,000000000,00000000000,0,0,0,1,0,0,0,0,0,0,0,55,0,1,3,0,0,6,2,1,0,0,0,1,12,34655,6,1,0,0,3,0,64,999,0,1,0,1,2,6,2008,8,2010,0,36,0,0,0,3,3,70,1,1,8,1,0,0,1,50,6,1,4,6,1,0
12,120105,1,1,4,28,1,2,40,30,0,1,0,12,1,19,480,19480,31,2002,1GYEC63T32R1,1,G,Y,E,C,6,3,T,3,2,R,1,0,P,CADI,ESC,UT,2,17,0,,0,1160,,G,,F,8,325,,,17R265,,,,,,0,0,000000000,00000000000,0,0,0,1,0,0,0,0,0,0,0,70,0,1,5,61,61,6,2,30,0,0,0,1,12,34769,6,1,0,0,3,0,71,999,0,0,0,2,0,4,2009,4,2010,0,36,0,0,0,3,4,70,2,1,8,1,0,0,14,13,1,1,4,1,2,1
12,120106,1,1,1,30,1,13,45,9,0,1,0,12,2,20,481,20481,31,2009,2GCEC2904911,2,G,C,E,C,2,9,0,4,9,1,1,0,T,CHEV,2SC,4C,9,17,,2,1575,1339,SIL,F,,,8,323,,,,B,4986,02,,42,0,0,000000000,00000000000,0,0,0,1,0,0,0,0,0,0,0,35,0,0,0,12,12,4,1,9,0,0,0,1,12,34243,6,1,6,0,3,0,71,999,0,1,0,0,1,12,2010,1,2011,0,28,0,0,0,1,2,30,1,1,8,1,0,0,1,11,1,1,4,13,0,0
12,120107,1,1,1,30,1,18,54,1,0,1,0,12,2,37,705,37705,80,2004,JH2PC37034M1,J,H,2,P,C,3,7,0,3,4,M,1,0,M,HOND,B60,RC,4,17,,,,,,,599,,4,,4,370,,,,,,,0,0,000000000,00000000000,0,0,0,1,0,0,0,0,0,0,0,60,0,0,0,0,99,6,2,1,0,0,0,1,12,34205,6,1,0,0,3,0,67,999,0,4,0,0,1,2,2009,2,2010,0,36,0,0,0,2,1,30,1,1,8,1,0,0,1,13,1,1,4,1,1,1
12,120108,1,4,1,30,1,21,32,12,1,1,0,12,1,20,481,20481,31,2003,1GCHK23173F1,1,G,C,H,K,2,3,1,7,3,F,1,0,T,CHEV,2KH,CW,3,17,,2,1670,1530,SIL,D,,,8,403,,,,C,5899,01,,44,0,0,000000000,00000000000,0,0,0,1,0,0,0,0,0,0,0,60,0,0,0,12,12,6,2,12,0,0,0,1,12,33173,6,1,6,0,3,0,72,999,1,0,0,0,0,1,2011,1,2011,0,36,0,0,0,3,2,45,1,1,8,1,0,0,1,51,1,1,1,24,1,1
12,120108,2,4,3,30,1,21,32,12,1,1,0,12,2,52,401,52401,14,2003,JA4LS21H13J0,J,A,4,L,S,2,1,H,1,3,J,0,0,T,MITS,MEL,4W,3,17,,1,0,1073,MNS,G,,,6,183,,,,,3835,01,K,42,0,0,000000000,00000000000,0,0,0,1,0,0,0,0,0,0,0,45,0,0,0,6,6,4,3,12,0,0,0,1,36,11205,6,1,0,0,3,0,66,999,0,0,0,0,0,0,0,0,0,0,0,0,0,0,3,2,45,1,1,8,1,0,0,1,53,1,1,1,25,0,0
12,120108,3,4,4,30,1,21,32,12,1,1,0,12,1,37,31,37031,2,2005,1HGEM22115L0,1,H,G,E,M,2,2,1,1,5,L,0,0,P,HOND,CVP,CP,5,17,2513,,0,1031,,G,,F,4,102,,,14R185,,,,,,0,0,000000000,00000000000,0,0,0,1,0,0,0,0,0,0,0,45,0,0,0,12,12,6,2,25,0,0,0,1,12,33137,6,1,0,0,3,0,69,999,0,0,0,0,1,12,2010,12,2010,0,0,0,0,0,3,2,45,1,1,8,1,0,0,1,90,1,1,1,98,1,0
12,120108,4,4,1,30,1,21,32,12,1,1,0,12,1,49,402,49402,14,2000,JT3GP10V3Y00,J,T,3,G,P,1,0,V,3,Y,0,0,0,P,TOYT,RV4,UT,0,17,2668,,0,949,,G,,F,4,122,,,16R215,,,,,,0,0,000000000,00000000000,0,0,0,1,0,0,0,0,0,0,0,45,0,0,0,12,12,6,2,12,0,0,0,1,12,33177,6,1,0,0,3,0,67,999,1,0,0,0,0,3,2009,3,2009,0,0,0,0,0,3,2,45,1,1,8,1,0,0,1,62,1,1,1,98,0,0
12,120109,1,2,1,1,2,11,44,12,6,1,0,12,1,24,9,24009,4,2007,1G8ZV57787F3,1,G,8,Z,V,5,7,7,8,7,F,3,0,P,STRN,AXR,4D,7,17,3647,,0,1123,,G,,F,6,220,,,18R225,,,,,,0,0,000000000,00000000000,0,0,0,1,0,0,0,0,0,0,0,15,0,0,0,10,10,6,2,12,0,0,0,1,12,32968,6,1,0,0,3,3,66,999,0,0,0,0,0,0,0,0,0,0,39,0,0,0,5,2,45,1,1,8,1,20,3,11,15,1,1,1,82,1,0
12,120109,2,2,1,1,2,11,44,12,6,1,0,12,2,35,473,35473,31,2006,1N6BA07AX6N5,1,N,6,B,A,0,7,A,X,6,N,5,0,T,NISS,TXS,CW,6,17,,2,0,1398,TTN,F,,,8,342,,,,C,4713,00,E,42,0,0,000000000,00000000000,0,0,0,1,0,0,0,0,0,0,0,55,0,0,0,12,12,6,2,12,0,0,0,1,12,32948,6,1,0,0,3,3,64,999,1,0,0,0,1,4,2010,4,2010,0,0,0,0,0,2,2,55,1,1,8,1,0,0,1,67,1,1,1,83,0,0
12,120110,1,1,2,2,2,12,10,53,0,1,0,12,1,20,19,20019,4,1996,1G1LD5548TY2,1,G,1,L,D,5,5,4,8,T,Y,2,0,P,CHEV,CSA,4D,96,17,2745,,0,1034,,G,,F,4,133,,,14R195,,,,,,0,0,000000000,00000000000,0,0,0,1,0,0,0,0,0,0,0,55,0,0,0,12,12,6,2,42,0,0,0,1,12,32464,6,1,0,0,3,0,68,999,0,0,0,0,0,0,0,0,0,0,28,0,0,0,1,2,55,1,1,8,1,0,0,1,12,1,1,4,6,2,0
12,120111,1,2,1,3,2,19,22,12,6,1,0,12,1,39,36,39036,4,2006,SAJWA51AX6WE,S,A,J,W,A,5,1,A,X,6,W,E,0,P,JAGU,XT3,4D,6,17,3516,,0,1067,,G,,F,6,183,,,16R205,,,,,,0,0,000000000,00000000000,0,0,0,1,0,0,0,0,0,0,0,25,0,0,0,1,1,6,2,12,0,0,0,1,12,34202,6,1,0,0,3,3,69,999,0,0,0,0,0,0,0,0,0,0,39,0,0,0,2,3,45,1,1,8,1,3,3,11,10,1,1,1,68,1,1
12,120111,2,2,2,3,2,19,22,12,6,1,0,12,3,7,461,7461,21,2001,2B7JB21Y21K5,2,B,7,J,B,2,1,Y,2,1,K,5,0,T,DODG,25B,CG,1,17,,2,0,1272,RMV,G,,,8,318,,,,C,4550,02,U,42,0,0,000000000,00000000000,0,0,0,1,0,0,0,0,0,0,0,45,0,0,0,12,12,6,2,12,0,0,0,1,12,34207,6,1,0,0,3,0,65,999,0,0,0,2,1,4,2008,9,2010,0,0,0,0,0,2,3,45,1,1,8,1,3,3,1,62,1,1,1,69,0,0
12,120112,1,1,1,3,2,14,16,1,0,1,0,12,1,63,402,63402,14,2004,KNDJD7337452,K,N,D,J,D,7,3,3,7,4,5,2,0,P,KIA,SOR,UT,4,17,4306,,0,1067,,G,,F,6,213,,,16R245,,,,,,0,0,000000000,00000000000,0,0,0,1,0,0,0,0,0,0,0,60,0,1,5,0,98,6,2,1,0,0,0,1,12,33974,6,1,0,0,3,0,65,999,0,0,0,0,1,7,2008,7,2008,0,36,0,0,0,1,2,40,1,1,8,1,0,0,1,12,1,3,4,7,1,1
12,120113,1,2,2,4,2,11,29,12,6,1,0,12,1,18,4,18004,4,1993,1G4BT5377PR4,1,G,4,B,T,5,3,7,7,P,R,4,0,P,BUIC,RDL,4D,93,17,3988,,0,1159,,G,,F,8,350,,,15R235,,,,,,0,0,000000000,00000000000,0,0,0,1,0,0,0,0,0,0,0,20,0,0,0,3,3,6,2,12,0,0,0,1,12,32966,6,1,0,0,3,0,65,999,0,0,0,0,0,0,0,0,0,0,38,0,0,0,2,2,35,1,1,8,1,3,3,11,10,1,1,1,68,2,1
12,120113,2,2,1,4,2,11,29,12,6,1,0,12,1,20,481,20481,31,1994,1GCGC29F0RE1,1,G,C,G,C,2,9,F,0,R,E,1,0,T,CHEV,GC2,PC,94,17,,2,1555,1415,GM4,D,,,8,397,,,,C,4270,01,,42,0,0,000000000,00000000000,0,0,0,1,0,0,0,0,0,0,0,35,0,0,0,12,12,6,2,12,0,0,0,1,12,32960,6,1,6,0,3,3,76,999,0,0,0,1,0,10,2010,10,2010,0,0,0,0,0,2,2,35,1,1,8,1,3,3,1,62,1,1,1,69,0,1
12,120114,1,1,1,5,2,22,45,34,0,1,0,12,2,12,880,12880,67,2005,1FTWW31545EC,1,F,T,W,W,3,1,5,4,5,E,C,0,T,FORD,F3S,CW,5,17,,3,1724,1562,SRW,G,,,8,330,,,,D,6347,00,E,44,0,88,888888888,88888888888,2,1,97,1,0,0,0,0,0,0,0,80,0,1,5,14,14,6,2,42,0,0,0,1,12,32639,6,1,0,0,3,0,71,999,0,4,0,3,0,11,2008,9,2009,0,36,0,0,0,1,2,55,3,1,8,1,0,0,14,13,1,1,4,1,1,1
12,120115,1,1,1,5,2,14,35,42,0,1,0,12,1,7,482,7482,31,2011,1D7RB1CP9BS5,1,D,7,R,B,1,C,P,9,B,S,5,0,T,DODG,150,CW,11,17,,2,0,1400,RPC,G,,,8,287,,,,B,5064,00,K,42,0,0,000000000,00000000000,0,0,0,1,0,0,0,0,0,0,0,55,0,0,0,12,12,6,2,42,0,0,0,1,12,32686,6,1,0,0,3,0,71,999,1,0,0,0,1,11,2010,1,2011,0,36,0,0,0,1,2,55,1,1,8,2,0,0,1,12,1,1,4,6,1,1
12,120116,1,1,1,8,2,14,53,42,0,1,0,12,1,49,38,49038,2,1996,JT2AC52L7T01,J,T,2,A,C,5,2,L,7,T,0,1,0,P,TOYT,TTD,2D,96,17,1950,,0,937,,G,,F,4,091,,,13R155,,,,,,0,0,000000000,00000000000,0,0,0,1,0,0,0,0,0,0,0,45,0,1,5,12,12,6,2,3,0,0,0,1,12,32828,6,1,0,0,3,0,67,999,0,0,0,0,1,3,2009,3,2009,0,0,0,0,0,2,2,45,1,1,8,1,0,0,1,13,1,1,4,1,1,0
12,120117,1,1,1,9,2,9,55,9,0,1,0,12,1,24,1,24001,4,2002,1G8ZH54812Z2,1,G,8,Z,H,5,4,8,1,2,Z,2,0,P,STRN,SL1,4D,2,17,2377,,0,1024,,G,,F,4,116,,,14R185,,,,,,0,0,000000000,00000000000,0,0,0,1,0,0,0,0,0,0,0,30,0,0,0,1,1,4,3,9,0,0,0,1,12,34957,6,1,0,0,3,3,67,999,0,0,0,2,0,5,2008,5,2008,0,28,0,0,0,1,2,40,1,5,8,1,0,0,1,11,1,1,4,13,0,1
12,120118,1,1,1,9,2,20,35,8,0,1,0,12,3,12,881,12881,62,1990,1FDNK64P6LVA,1,F,D,N,K,6,4,P,6,L,V,A,0,T,FORD,F6F,CC,90,17,,6,2550,1290,MHV,D,,,6,401,,,,GN,00000,00,,42,0,77,777777777,77777777777,2,1,4,1,0,0,0,0,0,0,0,50,0,0,0,1,1,4,3,8,0,0,0,1,12,33010,6,1,6,0,3,0,71,999,1,1,0,2,0,8,2008,1,2011,0,0,0,0,0,3,3,50,1,1,8,1,3,3,1,80,1,1,1,13,0,0
12,120119,1,2,1,10,2,14,24,12,6,1,0,12,2,49,50,49050,3,2008,JTKDE1674802,J,T,K,D,E,1,6,7,4,8,0,2,0,P,TOYT,SXC,2H,8,17,2905,,0,1063,,G,,F,4,146,,,17R215,,,,,,0,0,000000000,00000000000,0,0,0,1,0,0,0,0,0,0,0,65,0,0,0,3,3,6,2,12,0,0,0,1,12,33928,6,1,0,0,3,0,66,999,0,0,0,1,0,1,2011,1,2011,0,36,0,0,0,1,2,50,2,1,8,2,0,0,14,10,1,1,2,64,1,0
12,120119,2,2,1,10,2,14,24,12,6,1,0,12,3,12,880,12880,67,2007,1FDWX37P97EA,1,F,D,W,X,3,7,P,9,7,E,A,0,T,FORD,F3D,4B,7,17,,3,0,1620,DRW,D,,,8,366,,,,D,00000,00,U,44,0,88,888888888,88888888888,2,1,97,1,0,0,0,0,0,0,0,45,0,0,0,12,12,6,2,12,0,0,0,1,12,33909,6,1,0,0,3,0,71,999,0,0,0,0,0,0,0,0,0,0,0,0,0,0,1,2,50,1,1,8,2,0,0,1,62,1,1,1,65,0,0
12,120121,1,2,1,11,2,3,19,12,2,1,0,12,2,35,43,35043,4,2001,3N1CB51D91L4,3,N,1,C,B,5,1,D,9,1,L,4,0,P,NISS,XGX,4D,1,17,2469,,0,998,,G,,F,4,108,,,14R185,,,,,,0,0,000000000,00000000000,0,0,0,1,0,0,0,0,0,0,0,55,0,0,0,12,12,6,2,12,0,0,0,1,12,33032,6,1,0,0,3,0,67,999,1,0,0,0,0,8,2008,8,2008,0,50,0,0,0,3,3,55,1,1,8,1,0,0,1,54,1,1,1,52,0,1
12,120121,2,2,1,11,2,3,19,12,2,1,0,12,2,34,34,34034,2,2004,WBSBL93464PN,W,B,S,B,L,9,3,4,6,4,P,N,0,P,BMW,M3S,CP,4,17,3415,,0,1075,,G,,F,6,198,,,18R225,,,,,,0,0,000000000,00000000000,0,0,0,1,0,0,0,0,0,0,0,55,0,0,0,12,12,6,2,12,0,0,0,1,12,33132,6,1,0,0,3,0,65,999,0,4,0,0,3,7,2008,5,2010,0,0,0,0,0,3,3,55,1,1,8,1,28,3,1,54,1,1,1,52,1,1
12,120122,1,2,1,12,2,2,30,12,2,1,0,12,1,35,47,35047,4,2000,1N4DL01D1YC1,1,N,4,D,L,0,1,D,1,Y,C,1,0,P,NISS,AGS,4D,0,17,2754,,0,1031,,G,,F,4,146,,,15R195,,,,,,0,0,000000000,00000000000,0,0,0,1,0,0,0,0,0,0,0,70,0,0,0,12,12,6,2,12,0,0,0,1,12,33570,6,1,0,0,3,0,64,999,0,0,0,0,0,0,0,0,0,0,0,0,0,0,3,2,70,3,1,8,1,0,0,14,54,1,1,1,52,1,1
12,120122,2,2,1,12,2,2,30,12,2,1,0,12,1,7,482,7482,31,2009,3D7KS28T09G5,3,D,7,K,S,2,8,T,0,9,G,5,0,T,DODG,SQ2,CW,9,17,,2,1605,1405,RPC,G,,,8,348,,,,C,5984,00,E,44,0,0,000000000,00000000000,0,0,0,1,0,0,0,0,0,0,0,70,0,0,0,12,12,6,2,12,0,0,0,1,12,33764,6,1,0,0,3,0,73,999,0,0,0,1,0,9,2010,9,2010,0,0,0,0,0,3,2,70,3,1,8,1,0,0,14,54,1,1,1,52,0,0
12,120123,1,2,2,13,2,4,2,12,1,1,0,12,1,13,5,13005,4,1999,1LNHM97V6XY7,1,L,N,H,M,9,7,V,6,X,Y,7,0,P,LINC,CON,4D,99,17,3868,,0,1090,,G,,F,8,281,,,16R225,,,,,,0,0,000000000,00000000000,0,0,0,1,0,0,0,0,0,0,0,70,0,0,0,12,12,6,2,8,0,0,0,1,12,33172,6,1,0,0,3,0,63,999,0,0,0,0,0,0,0,0,0,0,36,0,0,0,3,5,55,1,1,8,1,0,0,1,50,1,1,1,32,0,1
12,120123,2,2,0,13,2,4,2,12,1,1,0,12,6,54,38,54038,3,2004,JH4DC53094S0,J,H,4,D,C,5,3,0,9,4,S,0,0,P,ACUR,RST,2H,4,17,2767,,0,1012,,G,,F,4,122,,,16R205,,,,,,0,0,000000000,00000000000,0,0,0,1,0,0,0,0,0,0,0,0,0,0,0,6,12,6,2,12,0,0,0,0,0,99997,7,6,97,7,6,7,998,997,998,998,998,998,998,98,9998,98,9998,8,20,0,0,0,3,5,55,1,1,8,1,0,0,0,53,0,0,0,32,0,0
12,120124,1,1,2,13,2,3,49,25,0,1,0,12,2,58,37,58037,2,2008,JNKCV64E08M1,J,N,K,C,V,6,4,E,0,8,M,1,0,P,INFI,G3S,CP,8,17,3616,,0,1122,,G,,F,6,226,,,18R225,,,,,,0,0,000000000,00000000000,0,0,0,1,0,0,0,0,0,0,0,70,0,0,0,5,3,6,2,25,0,0,0,1,12,33162,6,1,0,0,3,0,70,999,2,11,0,2,0,1,2009,1,2011,1,36,0,0,0,3,2,70,2,1,8,1,0,0,14,12,1,4,4,7,1,0
12,120125,1,1,3,14,2,19,25,8,0,1,0,12,2,63,401,63401,14,2001,KNDJB7238156,K,N,D,J,B,7,2,3,8,1,5,6,0,P,KIA,SPO,UT,1,17,3186,,0,1043,,G,,F,4,122,,,15R205,,,,,,0,0,000000000,00000000000,0,0,0,1,0,0,0,0,0,0,0,50,0,0,0,12,12,6,2,8,0,0,0,1,12,32137,6,1,0,0,3,0,68,999,0,0,0,0,0,0,0,0,0,0,0,0,0,0,1,2,55,1,1,8,1,0,0,1,80,3,1,1,13,0,0
12,120126,1,1,1,15,2,19,50,8,0,1,1,12,2,20,471,20471,30,1987,1GCCS14E6H81,1,G,C,C,S,1,4,E,6,H,8,1,0,T,CHEV,S14,PK,87,17,,1,1229,1083,S,G,,,4,151,,,,B,2492,01,,42,0,0,000000000,00000000000,0,0,0,1,0,0,0,0,0,0,0,45,0,0,0,12,12,4,1,8,0,0,0,1,12,32246,6,1,0,0,3,3,69,999,0,1,0,0,1,6,2009,3,2010,0,0,0,0,0,2,4,45,1,1,8,1,0,0,1,80,7,1,2,13,0,0