STATE,ST_CASE,VEH_NO,VE_FORMS,NUMOCCS,DAY,MONTH,HOUR,MINUTE,HARM_EV,MAN_COLL,UNITTYPE,HIT_RUN,REG_STAT,OWNER,MAKE,MODEL,MAK_MOD,BODY_TYP,MOD_YEAR,VIN,VIN_1,VIN_2,VIN_3,VIN_4,VIN_5,VIN_6,VIN_7,VIN_8,VIN_9,VIN_10,VIN_11,VIN_12,TOW_VEH,VINTYPE,VINMAKE,VINA_MOD,VIN_BT,VINMODYR,VIN_LNGT,VIN_WGT,WGTCD_TR,WHLBS_LG,WHLBS_SH,SER_TR,FUELCODE,MCYCL_DS,CARBUR,CYLINDER,DISPLACE,MCYCL_CY,MCYCL_WT,TIRE_SZE,TON_RAT,TRK_WT,TRKWTVAR,VIN_REST,WHLDRWHL,J_KNIFE,MCARR_I1,MCARR_I2,MCARR_ID,GVWR,V_CONFIG,CARGO_BT,HAZ_INV,HAZ_PLAC,HAZ_ID,HAZ_CNO,HAZ_REL,BUS_USE,SPEC_USE,EMER_USE,TRAV_SP,UNDERIDE,ROLLOVER,ROLINLOC,IMPACT1,IMPACT2,DEFORMED,TOWED,M_HARM,VEH_SC1,VEH_SC2,FIRE_EXP,DR_PRES,L_STATE,DR_ZIP,L_STATUS,L_TYPE,CDL_STAT,L_ENDORS,L_COMPL,L_RESTRI,DR_HGT,DR_WGT,PREV_ACC,PREV_SUS,PREV_DWI,PREV_SPD,PREV_OTH,FIRST_MO,FIRST_YR,LAST_MO,LAST_YR,SPEEDREL,DR_SF1,DR_SF2,DR_SF3,DR_SF4,VTRAFWAY,VNUM_LAN,VSPD_LIM,VALIGN,VPROFILE,VPAVETYP,VSURCOND,VTRAFCON,VTCONT_F,P_CRASH1,P_CRASH2,P_CRASH3,PCRASH4,PCRASH5,ACC_TYPE,DEATHS,DR_DRINK
12,120127,1,3,2,16,2,12,53,12,1,1,0,12,3,49,32,49032,4,2010,2T1BU4EE5AC3,2,T,1,B,U,4,E,E,5,A,C,3,0,P,TOYT,CBL,4D,10,17,2723,,0,1024,,G,,F,4,110,,,15R195,,,,,,0,0,000000000,00000000000,0,0,0,1,0,0,0,0,0,0,0,45,0,0,0,12,12,6,2,12,0,0,0,1,9,6074,6,1,0,0,3,0,72,999,98,0,0,0,0,0,0,0,0,0,38,0,0,0,2,2,45,1,1,8,1,0,0,1,51,1,1,1,28,2,0
12,120127,2,3,3,16,2,12,53,12,1,1,0,12,2,12,423,12423,15,2001,1FMNU42L91ED,1,F,M,N,U,4,2,L,9,1,E,D,0,P,FORD,EXC,UT,1,17,6536,,0,1371,,G,,F,8,330,,,16R265,,,,,,0,0,000000000,00000000000,0,0,0,1,0,0,0,0,0,0,0,5,0,0,0,6,6,6,2,12,0,0,0,1,36,11783,6,1,0,0,3,0,72,999,0,0,0,0,0,0,0,0,0,0,0,0,0,0,2,2,45,1,1,8,1,0,0,2,53,1,1,1,29,0,0
12,120127,3,3,1,16,2,12,53,12,1,1,0,12,1,55,33,55033,4,2009,5NPET46F09H4,5,N,P,E,T,4,6,F,0,9,H,4,0,P,HYUN,SGL,4D,9,17,3494,,0,1074,,G,,F,6,204,,,16R215,,,,,,0,0,000000000,00000000000,0,0,0,1,0,0,0,0,0,0,0,0,0,0,0,6,6,4,3,12,0,0,0,1,12,33570,6,1,0,0,3,3,68,999,0,0,0,1,0,8,2009,8,2009,0,0,0,0,0,2,2,45,1,1,8,1,98,8,5,53,1,1,1,98,0,0
12,120128,1,4,1,16,2,20,6,1,0,1,0,12,1,37,705,37705,80,2002,JH2PC35002M3,J,H,2,P,C,3,5,0,0,2,M,3,0,M,HOND,CF4,RC,2,17,,,,,,,599,,4,,4,370,,,,,,,0,0,000000000,00000000000,0,0,0,1,0,0,0,0,0,0,0,55,0,0,0,0,99,6,2,12,0,0,0,1,12,33510,6,1,0,0,3,0,71,999,0,4,1,1,2,11,2008,7,2009,0,36,0,0,0,6,1,65,1,1,8,1,0,0,1,98,1,1,1,98,1,0
12,120128,2,4,2,16,2,20,6,1,0,1,0,12,1,53,706,53706,80,2006,JS1GR7KA0621,J,S,1,G,R,7,K,A,0,6,2,1,0,M,SUZI,RK6,RC,6,17,,,,,,,750,,4,,4,359,,,,,,,0,0,000000000,00000000000,0,0,0,1,0,0,0,0,0,0,0,65,0,0,0,12,12,4,3,12,0,0,0,1,12,33594,6,1,0,0,3,0,66,999,0,0,0,1,1,9,2008,11,2009,0,0,0,0,0,6,1,65,1,1,8,1,0,0,1,50,1,1,1,98,0,0
12,120128,3,4,1,16,2,20,6,1,0,1,0,12,1,49,32,49032,4,2008,1NXBR32E98Z0,1,N,X,B,R,3,2,E,9,8,Z,0,0,P,TOYT,UCS,4D,8,17,2530,,0,1024,,G,,F,4,110,,,15R185,,,,,,0,0,000000000,00000000000,0,0,0,1,0,0,0,0,0,0,0,50,0,0,0,12,12,4,3,12,0,0,0,1,12,33511,6,1,0,0,3,3,65,999,0,0,0,1,0,7,2010,7,2010,0,0,0,0,0,6,1,65,1,1,8,1,0,0,1,50,6,1,1,98,0,0
12,120128,4,4,1,16,2,20,6,1,0,1,0,12,1,76,705,76705,80,2003,JYARN10E83A0,J,Y,A,R,N,1,0,E,8,3,A,0,0,M,YAMA,YFR,RC,3,17,,,,,,,998,,4,,4,382,,,,,,,0,0,000000000,00000000000,0,0,0,1,0,0,0,0,0,0,0,45,0,0,0,12,12,6,2,12,0,0,0,1,12,33584,6,1,0,0,3,0,72,999,0,0,0,1,1,5,2008,5,2008,0,0,0,0,0,6,1,65,1,1,8,1,0,0,1,50,1,1,1,98,0,0
12,120129,1,1,1,16,2,6,5,44,0,1,0,12,1,72,706,72706,80,2007,1HD1FC4167Y6,1,H,D,1,F,C,4,1,6,7,Y,6,0,M,HD,FLU,RS,7,17,,,,,,,1584,,2,,4,808,,,,,,,0,0,000000000,00000000000,0,0,0,1,0,0,0,0,0,0,0,55,0,0,0,0,0,6,2,1,0,0,0,1,12,34472,6,1,6,0,3,0,70,999,0,0,0,0,0,0,0,0,0,0,0,0,0,0,5,4,55,1,1,8,8,3,3,1,5,1,1,1,0,1,0
12,120130,1,2,1,16,2,19,35,8,0,1,0,12,2,20,20,20020,4,1996,2G1WN52M5T92,2,G,1,W,N,5,2,M,5,T,9,2,0,P,CHEV,LLS,4D,96,17,3372,,0,1075,,G,,F,6,191,,,15R205,,,,,,0,0,000000000,00000000000,0,0,0,1,0,0,0,0,0,0,0,45,0,0,0,12,12,4,3,8,0,0,0,1,12,34741,6,1,0,0,3,3,60,999,0,4,0,2,1,4,2008,10,2009,0,0,0,0,0,3,2,45,1,1,8,1,0,0,1,80,1,1,1,13,0,0
12,120130,2,2,1,16,2,19,35,8,0,1,1,99,9,99,999,99999,99,9999,999999999999,9,9,9,9,9,9,9,9,9,9,9,9,0,,,,,,,,,,,,,,,,,,,,,,,,,0,0,000000000,00000000000,0,0,0,1,0,0,0,0,0,0,0,45,0,0,0,99,99,4,1,8,0,0,0,1,99,99999,9,9,99,9,9,9,999,999,99,99,99,99,99,99,9999,99,9999,0,0,0,0,0,3,2,45,1,1,8,1,0,0,1,80,1,1,1,98,0,0
12,120131,1,3,1,16,2,7,15,12,6,1,0,12,3,82,881,82881,66,1995,1FUYDSEB8SH7,1,F,U,Y,D,S,E,B,8,S,H,7,1,T,FRHT,FLD,TR,95,17,,8,0,0,CON,D,,,6,774,,,,,00000,00,,64,1,12,1743924,121743924,3,6,9,1,0,0,0,0,0,0,0,55,0,0,0,11,11,6,2,12,0,0,0,1,12,32420,6,1,6,0,3,0,70,999,1,3,0,1,1,6,2008,11,2009,0,51,0,0,0,1,2,55,1,1,8,1,0,0,1,10,1,1,2,64,0,0
12,120131,2,3,2,16,2,7,15,12,6,1,0,12,1,54,421,54421,15,2004,2HNYD189X4H5,2,H,N,Y,D,1,8,9,X,4,H,5,0,P,ACUR,MDX,UT,4,17,4510,,0,1063,,G,,F,6,212,,,17R235,,,,,,0,0,000000000,00000000000,0,0,0,1,0,0,0,0,0,0,0,55,0,0,0,10,10,6,2,12,0,0,0,1,12,32310,6,1,0,0,3,0,63,999,0,0,0,0,0,0,0,0,0,0,0,0,0,0,1,2,55,1,1,8,1,0,0,1,62,1,1,1,65,0,0
12,120131,3,3,1,16,2,7,15,12,6,1,0,12,1,37,32,37032,4,2011,1HGCP2F73BA0,1,H,G,C,P,2,F,7,3,B,A,0,0,P,HOND,UEX,4D,11,17,3375,,0,1102,,G,,F,4,146,,,17R225,,,,,,0,0,000000000,00000000000,0,0,0,1,0,0,0,0,0,0,0,55,0,0,0,11,11,6,2,12,0,0,0,1,12,32310,6,1,0,0,3,0,65,999,0,0,0,0,0,0,0,0,0,0,0,0,0,0,1,2,55,1,1,8,1,0,0,1,62,7,1,1,98,1,0
12,120132,1,2,2,18,2,18,49,12,1,1,1,6,2,37,32,37032,4,1997,1HGCD5639VA2,1,H,G,C,D,5,6,3,9,V,A,2,0,P,HOND,ULE,4D,97,17,2864,,0,1069,,G,,F,4,132,,,15R185,,,,,,0,0,000000000,00000000000,0,0,0,1,0,0,0,0,0,0,0,10,0,0,0,6,6,4,3,12,0,0,0,1,12,33563,0,0,0,0,0,0,999,999,0,0,0,0,0,0,0,0,0,0,38,0,0,0,1,2,45,1,1,8,1,0,0,11,15,1,1,1,76,0,0
12,120132,2,2,1,18,2,18,49,12,1,1,0,12,2,50,709,50709,80,2008,SMTD00NS38J3,S,M,T,D,0,0,N,S,3,8,J,3,0,M,TRUM,DA5,RC,8,17,,,,,,,675,,3,,4,363,,,,,,,0,0,000000000,00000000000,0,0,0,1,0,0,0,0,0,0,0,45,0,0,0,12,12,6,2,12,0,0,0,1,12,33563,6,1,0,0,3,3,78,999,0,2,0,0,0,8,2010,8,2010,0,0,0,0,0,1,2,45,1,1,8,1,0,0,1,65,3,1,1,77,1,0
12,120133,1,1,1,18,2,19,30,11,0,1,0,27,1,72,706,72706,80,1995,1HD1BNL12SY0,1,H,D,1,B,N,L,1,2,S,Y,0,0,M,HD,FLN,RS,95,17,,,,,,,1340,,2,,4,710,,,,,,,0,0,000000000,00000000000,0,0,0,1,0,0,0,0,0,0,0,50,0,0,0,12,12,6,2,11,0,0,0,1,27,55016,6,1,6,0,3,0,63,999,0,0,0,0,0,0,0,0,0,0,0,0,0,0,2,2,50,2,1,8,1,0,0,14,87,1,1,1,13,1,0
12,120134,1,1,1,18,2,20,13,32,0,1,0,12,1,12,471,12471,30,1998,1FTYR10C1WPA,1,F,T,Y,R,1,0,C,1,W,P,A,0,T,FORD,RNG,PK,98,17,,1,1175,1116,RNG,G,,,4,153,,,,B,3030,01,E,42,0,0,000000000,00000000000,0,0,0,1,0,0,0,0,0,0,0,44,0,1,5,3,3,6,2,1,0,0,0,1,12,34731,6,1,0,0,3,0,71,999,0,0,0,0,0,0,0,0,0,0,36,0,0,0,1,2,25,3,6,8,1,40,3,14,13,6,4,4,7,1,1
12,120135,1,1,3,18,2,22,55,8,0,1,1,12,1,59,33,59033,2,1994,JT8JZ31C3R00,J,T,8,J,Z,3,1,C,3,R,0,0,0,P,LEXS,SC3,CP,94,17,3515,,0,1059,,G,,F,6,183,,,15R215,,,,,,0,0,000000000,00000000000,0,0,0,1,0,0,0,0,0,0,0,45,0,0,0,12,12,4,1,8,0,0,0,1,12,32903,6,1,0,0,3,3,70,999,0,0,0,0,0,0,0,0,0,0,92,0,0,0,2,2,45,1,1,8,1,0,0,1,80,1,1,1,13,0,1
12,120136,1,1,2,19,2,10,24,9,0,1,0,39,1,12,442,12442,20,2003,2FMZA52413BB,2,F,M,Z,A,5,2,4,1,3,B,B,0,T,FORD,WSE,ES,3,17,,1,0,1207,WIN,G,,,6,232,,,,B,3762,00,E,42,0,0,000000000,00000000000,0,0,0,1,0,0,0,0,0,0,0,40,0,0,0,12,12,4,1,9,0,0,0,1,39,45246,6,1,0,0,3,3,67,999,1,0,0,0,0,12,2008,12,2008,0,0,0,0,0,2,2,45,1,1,8,1,3,3,1,83,1,1,1,13,0,0
12,120137,1,2,1,19,2,21,35,8,0,1,0,17,2,51,881,51881,66,2006,4V4NC9GH16N4,4,V,4,N,C,9,G,H,1,6,N,4,1,T,VOLV,VNL,TR,6,17,,8,0,0,VVN,D,,,6,732,,,,,00000,00,,64,1,17,2003318,172003318,3,6,1,1,0,0,0,0,0,0,0,5,0,0,0,7,7,2,3,12,0,0,0,1,17,60068,6,1,6,3,3,3,66,999,0,0,0,0,0,0,0,0,0,0,31,0,0,0,1,2,55,1,1,8,1,0,0,9,10,1,1,4,98,0,0
12,120137,2,2,3,19,2,21,35,8,0,1,0,12,1,12,481,12481,31,2004,1FTSW31P44EB,1,F,T,S,W,3,1,P,4,4,E,B,0,T,FORD,F3S,CW,4,17,,2,1724,1562,SRW,D,,,8,366,,,,D,6267,00,E,44,0,0,000000000,00000000000,0,0,0,1,0,0,0,0,0,0,0,55,0,0,0,12,12,6,2,8,0,0,0,1,12,33013,6,1,6,0,3,0,67,999,0,0,0,0,0,0,0,0,0,0,0,0,0,0,1,2,55,1,1,8,1,0,0,1,56,7,1,4,13,0,0
12,120138,1,1,1,20,2,6,55,38,0,1,0,18,1,72,706,72706,80,2005,1HD1BNY165Y0,1,H,D,1,B,N,Y,1,6,5,Y,0,0,M,HD,FLN,RS,5,17,,,,,,,1450,,2,,4,682,,,,,,,0,0,000000000,00000000000,0,0,0,1,0,0,0,0,0,0,0,55,0,0,0,12,12,6,2,42,0,0,0,1,18,47909,6,1,0,0,3,0,69,999,0,0,0,0,2,5,2008,7,2009,0,36,0,0,0,1,2,55,3,6,8,1,0,0,14,13,1,1,4,1,1,1
12,120139,1,1,1,20,2,9,8,42,0,1,0,12,1,14,6,14006,4,1997,2MELM75W4VX6,2,M,E,L,M,7,5,W,4,V,X,6,0,P,MERC,MGL,4D,97,17,3796,,0,1144,,G,,F,8,281,,,15R215,,,,,,0,0,000000000,00000000000,0,0,0,1,0,0,0,0,0,0,0,50,0,0,0,12,12,6,2,42,0,0,0,1,12,33157,6,1,6,0,3,3,66,999,0,0,0,0,0,0,0,0,0,0,0,0,0,0,1,2,50,1,1,8,1,0,0,1,12,1,1,4,6,1,0
12,120140,1,1,1,20,2,5,50,8,0,1,0,12,3,12,461,12461,21,2004,1FBSS31P54HB,1,F,B,S,S,3,1,P,5,4,H,B,0,T,FORD,WSD,ES,4,17,,2,0,1380,ECO,D,,,8,366,,,,D,6231,00,E,42,0,0,000000000,00000000000,0,0,0,1,0,0,0,0,0,0,0,45,0,0,0,12,12,2,3,8,0,0,0,1,12,33126,6,1,0,0,3,0,67,999,1,0,0,0,1,9,2009,11,2009,0,0,0,0,0,2,2,45,1,1,8,1,0,0,1,80,7,1,1,13,0,0
12,120141,1,1,1,20,2,7,0,52,0,1,0,12,2,30,42,30042,3,2001,WVWPG21J91W0,W,V,W,P,G,2,1,J,9,1,W,0,0,P,VOLK,GTX,2H,1,17,2923,,0,989,,G,,F,6,170,,,16R205,,,,,,0,0,000000000,00000000000,0,0,0,1,0,0,0,0,0,0,0,55,0,1,5,4,4,6,2,1,0,0,0,1,12,33179,6,1,0,0,3,0,66,999,0,2,0,1,3,3,2008,1,2011,0,36,0,0,0,3,4,55,1,1,8,1,0,0,1,12,1,1,4,6,1,1
12,120142,1,1,4,21,2,19,28,8,0,1,0,12,1,12,442,12442,20,2002,2FMDA58422BA,2,F,M,D,A,5,8,4,2,2,B,A,0,T,FORD,WLM,ES,2,17,,1,0,1207,WIN,G,,,6,232,,,,B,4355,00,K,42,0,0,000000000,00000000000,0,0,0,1,0,0,0,0,0,0,0,60,0,0,0,1,1,4,3,8,0,0,0,1,12,32003,6,1,0,0,3,3,67,999,0,0,0,0,0,0,0,0,0,0,0,0,0,0,2,2,60,2,5,8,1,0,0,14,80,1,1,1,13,0,0
12,120143,1,1,1,21,2,20,22,8,0,1,0,12,1,6,441,6441,20,2005,1C4GP45R85B1,1,C,4,G,P,4,5,R,8,5,B,1,0,P,CHRY,TWC,SV,5,17,3819,,0,1133,,G,,F,6,201,,,15R215,,,,,,0,0,000000000,00000000000,0,0,0,1,0,0,0,0,0,0,0,40,0,0,0,12,12,4,3,8,0,0,0,1,12,33596,6,1,0,0,3,3,63,999,0,0,0,0,0,0,0,0,0,0,0,0,0,0,3,4,50,1,1,8,1,0,0,15,80,1,1,1,13,0,0
12,120144,1,2,1,21,2,8,19,12,6,1,0,36,2,37,702,37702,83,2004,JH2HE03054K3,J,H,2,H,E,0,3,0,5,4,K,3,0,M,HOND,10F,T,4,17,,,,,,,99,,1,,4,999,,,,,,,0,0,000000000,00000000000,0,0,0,1,0,0,0,0,0,0,0,30,0,0,0,12,12,6,2,12,0,0,0,1,36,10566,0,0,0,0,0,0,999,999,0,0,0,0,0,0,0,0,0,0,38,0,0,0,1,2,30,1,1,8,1,20,3,1,17,1,1,1,86,1,1
12,120144,2,2,1,21,2,8,19,12,6,1,0,12,1,23,481,23481,31,2003,1GTHC29123E1,1,G,T,H,C,2,9,1,2,3,E,1,0,T,GMC,2CH,4C,3,17,,2,1575,1430,SIE,D,,,8,403,,,,C,5393,01,U,42,0,0,000000000,00000000000,0,0,0,1,0,0,0,0,0,0,0,55,0,0,0,3,3,4,1,12,0,0,0,1,12,32668,6,1,0,0,3,3,68,999,0,0,0,0,0,0,0,0,0,0,0,0,0,0,1,2,55,1,1,8,1,0,0,1,66,6,1,1,87,0,0
12,120145,1,2,1,22,2,17,14,12,6,1,0,12,2,12,3,12003,2,2003,1FAFP40483F3,1,F,A,F,P,4,0,4,8,3,F,3,0,P,FORD,MUS,CP,3,17,3114,,0,1013,,G,,F,6,232,,,16R225,,,,,,0,0,000000000,00000000000,0,0,0,1,0,0,0,0,0,0,0,15,0,0,0,2,82,6,2,12,0,0,0,1,12,34243,6,1,0,0,3,3,65,999,0,0,0,0,0,0,0,0,0,0,38,0,0,0,2,3,45,1,1,8,1,0,0,11,15,1,1,1,68,0,0
12,120145,2,2,1,22,2,17,14,12,6,1,0,12,2,76,706,76706,80,1999,JYARN02E4XA0,J,Y,A,R,N,0,2,E,4,X,A,0,0,M,YAMA,YFR,RC,99,17,,,,,,,998,,4,,4,390,,,,,,,0,0,000000000,00000000000,0,0,0,1,0,0,0,0,0,0,0,60,0,0,0,12,12,6,2,12,0,0,0,1,37,28906,6,1,0,0,3,3,69,999,0,0,0,0,1,6,2010,6,2010,1,0,0,0,0,2,3,45,1,1,8,1,0,0,1,62,1,1,1,69,1,0
12,120146,1,2,1,23,2,15,20,1,0,1,0,12,1,72,706,72706,80,2007,1HD1FC4187Y7,1,H,D,1,F,C,4,1,8,7,Y,7,0,M,HD,FLU,RS,7,17,,,,,,,1584,,2,,4,808,,,,,,,0,0,000000000,00000000000,0,0,0,1,0,0,0,0,0,0,0,55,0,0,0,0,0,6,2,1,0,0,0,1,12,34224,6,1,0,0,3,3,70,999,0,0,0,0,0,0,0,0,0,0,85,0,0,0,1,2,55,1,1,8,1,0,0,1,54,7,1,4,98,1,0
12,120146,2,2,1,23,2,15,20,1,0,1,0,12,1,72,706,72706,80,2006,1HD1FRW176Y7,1,H,D,1,F,R,W,1,7,6,Y,7,0,M,HD,FCI,RS,6,17,,,,,,,1450,,2,,4,710,,,,,,,0,0,000000000,00000000000,0,0,0,1,0,0,0,0,0,0,0,55,0,0,0,0,0,6,2,1,0,0,0,1,12,33947,6,1,0,0,3,0,71,999,0,0,0,0,0,0,0,0,0,0,92,0,0,0,1,2,55,1,1,8,1,0,0,1,54,6,1,2,98,0,0
12,120147,1,1,1,25,2,22,25,8,0,1,0,12,1,23,401,23401,14,2007,1GKES63M9721,1,G,K,E,S,6,3,M,9,7,2,1,0,T,GMC,E/D,4W,7,17,,2,0,1130,E/D,G,,,8,323,,,,B,4626,00,4,42,0,0,000000000,00000000000,0,0,0,1,0,0,0,0,0,0,0,42,0,0,0,12,12,6,2,8,0,0,0,1,24,20707,6,1,0,0,3,0,73,200,0,1,0,0,1,4,2010,6,2010,1,92,0,0,0,5,5,45,1,1,8,1,0,0,1,80,1,1,1,13,0,1
12,120148,1,1,2,25,2,0,1,14,0,1,0,12,2,12,401,12401,14,1998,1FMZU35P2WZB,1,F,M,Z,U,3,5,P,2,W,Z,B,0,P,FORD,EPR,UT,98,17,4374,,0,1115,,G,,F,8,302,,,15R225,,,,,,0,0,000000000,00000000000,0,0,0,1,0,0,0,0,0,0,0,35,0,0,0,12,12,6,2,3,0,0,0,1,12,33036,6,7,0,0,2,0,64,999,0,0,0,0,0,0,0,0,0,0,28,0,0,0,1,2,25,2,1,8,1,0,0,14,12,1,1,4,6,1,1
12,120149,1,1,1,26,2,14,0,23,0,1,0,12,1,53,706,53706,80,2008,JS1GX72A9821,J,S,1,G,X,7,2,A,9,8,2,1,0,M,SUZI,GXR,RC,8,17,,,,,,,1340,,4,,4,485,,,,,,,0,0,000000000,00000000000,0,0,0,1,0,0,0,0,0,0,0,69,0,0,0,61,61,6,2,23,0,0,0,1,12,32569,6,1,0,0,3,0,70,999,0,3,0,2,1,10,2008,12,2010,1,0,0,0,0,6,2,55,2,5,8,1,0,0,14,12,1,1,4,6,1,0
12,120150,1,1,1,26,2,15,10,34,0,1,0,12,1,18,20,18020,4,1993,2G4WB54L7P14,2,G,4,W,B,5,4,L,7,P,1,4,0,P,BUIC,RGC,4D,93,17,3167,,0,1075,,G,,F,6,231,,,15R205,,,,,,0,0,000000000,00000000000,0,0,0,1,0,0,0,0,0,0,0,60,0,0,0,14,14,6,2,30,0,0,0,1,12,34207,6,1,0,0,3,0,65,999,0,1,0,0,0,7,2010,7,2010,0,36,0,0,0,1,2,60,1,1,8,1,0,0,1,12,6,4,4,7,1,0
12,120151,1,1,1,26,2,2,30,39,0,1,0,12,2,37,32,37032,4,1996,1HGCD5633TA2,1,H,G,C,D,5,6,3,3,T,A,2,0,P,HOND,ULE,4D,96,17,2864,,0,1069,,G,,F,4,132,,,15R185,,,,,,0,0,000000000,00000000000,0,0,0,1,0,0,0,0,0,0,0,5,0,1,5,3,3,6,2,3,0,0,0,1,12,32780,6,1,0,0,3,0,67,999,0,0,0,0,1,3,2010,3,2010,0,36,0,0,0,1,2,25,2,1,8,1,0,0,14,13,1,1,4,1,1,1
12,120152,1,1,1,26,2,19,58,8,0,1,1,99,9,99,999,99999,99,9999,999999999999,9,9,9,9,9,9,9,9,9,9,9,9,0,,,,,,,,,,,,,,,,,,,,,,,,,0,0,000000000,00000000000,0,0,0,1,0,0,0,0,0,0,0,999,0,0,0,12,12,9,1,8,0,0,0,1,99,99999,9,9,99,9,9,9,999,999,99,99,99,99,99,99,9999,99,9999,0,99,99,99,99,1,2,30,8,8,8,1,0,0,1,80,99,1,1,13,0,0
12,120153,1,1,1,26,2,6,21,8,0,1,0,12,1,12,481,12481,31,2004,1FTPW14584KD,1,F,T,P,W,1,4,5,8,4,K,D,0,T,FORD,F1S,CW,4,17,,2,1450,1260,COF,G,,,8,330,,,,B,5560,00,U,44,0,0,000000000,00000000000,0,0,0,1,0,0,0,0,0,0,0,45,0,0,0,12,12,4,3,8,0,0,0,1,12,34480,6,1,0,0,3,0,71,999,0,0,0,0,0,0,0,0,0,0,0,0,0,0,2,2,45,1,1,8,1,0,0,1,80,1,1,1,13,0,0
12,120154,1,1,2,26,2,21,25,5,0,1,0,12,2,12,481,12481,31,2004,1FTPW12514KB,1,F,T,P,W,1,2,5,1,4,K,B,0,T,FORD,F1S,CW,4,17,,2,1450,1260,COF,G,,,8,330,,,,B,5270,00,U,42,0,0,000000000,00000000000,0,0,0,1,0,0,0,0,0,0,0,40,0,0,0,0,0,0,1,5,0,0,0,1,12,34479,6,1,0,0,3,0,62,999,0,0,0,0,0,0,0,0,0,0,0,0,0,0,1,2,40,1,1,8,1,0,0,1,98,1,1,1,0,1,1
12,120155,1,1,1,27,2,2,20,42,0,1,0,12,2,22,2,22002,4,2002,1G2HY54K5241,1,G,2,H,Y,5,4,K,5,2,4,1,0,P,PONT,BSL,4D,2,17,3678,,0,1122,,G,,F,6,231,,,17R235,,,,,,0,0,000000000,00000000000,0,0,0,1,0,0,0,0,0,0,0,65,0,0,0,9,9,6,2,42,0,0,0,1,12,32686,6,1,0,0,3,0,70,999,0,1,0,0,0,10,2009,10,2009,0,36,0,0,0,3,3,65,1,5,8,1,0,0,1,13,1,3,4,1,1,0
12,120156,1,2,1,27,2,8,25,12,6,1,0,13,1,12,17,12017,6,1998,1FAFP57U3WA2,1,F,A,F,P,5,7,U,3,W,A,2,0,P,FORD,TSE,SW,98,17,3457,,0,1085,,G,,F,6,182,,,15R205,,,,,,0,0,000000000,00000000000,0,0,0,1,0,0,0,0,0,0,0,10,0,0,0,3,3,6,2,12,0,0,0,1,13,31206,6,1,0,0,3,3,67,999,98,0,0,0,0,0,0,0,0,0,48,0,0,0,2,2,60,1,1,8,1,0,0,12,15,1,1,1,98,1,0
12,120156,2,2,13,27,2,8,25,12,6,1,0,48,3,93,989,93989,51,1998,1M8PDMRA3WP0,1,M,8,P,D,M,R,A,3,W,P,0,0,P,MCIN,,,98,17,,,,,,,,,,,,,,,,,,,0,48,44110,4844110,3,21,22,1,0,0,0,0,5,0,0,50,0,0,0,12,12,4,3,12,0,0,0,1,12,32304,6,1,6,3,3,3,69,999,0,0,0,0,1,2,2010,2,2010,0,0,0,0,0,2,2,60,1,1,8,1,0,0,1,62,1,1,1,98,0,0
12,120157,1,2,1,1,3,10,15,12,1,1,0,12,2,49,402,49402,14,2011,2T3KF4DV2BW0,2,T,3,K,F,4,D,V,2,B,W,0,0,P,TOYT,RG4,UT,11,17,3300,,0,0,,G,,F,4,153,,,000000,,,,,,0,0,000000000,00000000000,0,0,0,1,0,0,0,0,0,0,0,60,0,0,0,12,12,6,2,12,0,0,0,1,12,32097,6,1,0,0,3,0,72,999,0,0,0,0,0,0,0,0,0,0,36,0,0,0,3,3,65,1,5,8,1,0,0,1,51,6,1,1,24,1,0
12,120157,2,2,2,1,3,10,15,12,1,1,0,12,3,86,882,86882,63,2005,1M2K195C95M0,1,M,2,K,1,9,5,C,9,5,M,0,0,T,MACK,MR6,TB,5,17,,8,0,0,600,D,,,6,728,,,,,00000,00,,64,0,12,463595,12463595,3,2,7,1,0,0,0,0,0,0,0,20,0,0,0,6,6,4,3,12,0,0,0,1,12,32211,6,1,6,3,3,0,67,999,0,0,0,0,0,0,0,0,0,0,92,0,0,0,3,3,65,1,5,8,1,0,0,1,53,1,1,1,25,0,0
12,120158,1,3,1,1,3,19,35,12,7,1,0,12,1,37,32,37032,4,1997,1HGCD5634VA0,1,H,G,C,D,5,6,3,4,V,A,0,0,P,HOND,ULE,4D,97,17,2864,,0,1069,,G,,F,4,132,,,15R185,,,,,,0,0,000000000,00000000000,0,0,0,1,0,0,0,0,0,0,0,998,0,0,0,2,2,6,2,12,0,0,0,1,12,33176,6,1,0,0,3,0,70,999,0,3,0,2,3,4,2008,5,2010,0,36,0,0,0,1,2,40,1,1,8,1,0,0,6,11,7,1,2,48,0,0
12,120158,2,3,2,1,3,19,35,12,7,1,0,12,1,49,32,49032,4,2010,1NXBU4EE3AZ3,1,N,X,B,U,4,E,E,3,A,Z,3,0,P,TOYT,CBL,4D,10,17,2723,,0,1024,,G,,F,4,110,,,15R195,,,,,,0,0,000000000,00000000000,0,0,0,1,0,0,0,0,0,0,0,998,0,0,0,7,7,4,1,12,0,0,0,1,12,32162,6,1,0,0,3,0,64,999,0,0,0,2,0,11,2010,11,2010,0,0,0,0,0,1,2,40,1,1,8,1,0,0,1,60,1,1,1,48,0,0
12,120158,3,3,2,1,3,19,35,12,7,1,0,12,1,49,32,49032,4,1995,1NXAE04B1SZ3,1,N,X,A,E,0,4,B,1,S,Z,3,0,P,TOYT,COA,4D,95,17,2315,,0,970,,G,,F,4,097,,,14R175,,,,,,0,0,000000000,00000000000,0,0,0,1,0,0,0,0,0,0,0,998,0,0,0,12,12,6,2,12,0,0,0,1,12,33176,6,1,0,0,3,3,66,999,0,0,0,0,0,0,0,0,0,0,0,0,0,0,1,2,40,1,1,8,1,0,0,1,54,1,1,1,98,1,0