STATE,ST_CASE,VEH_NO,VE_FORMS,NUMOCCS,DAY,MONTH,HOUR,MINUTE,HARM_EV,MAN_COLL,UNITTYPE,HIT_RUN,REG_STAT,OWNER,MAKE,MODEL,MAK_MOD,BODY_TYP,MOD_YEAR,VIN,VIN_1,VIN_2,VIN_3,VIN_4,VIN_5,VIN_6,VIN_7,VIN_8,VIN_9,VIN_10,VIN_11,VIN_12,TOW_VEH,VINTYPE,VINMAKE,VINA_MOD,VIN_BT,VINMODYR,VIN_LNGT,VIN_WGT,WGTCD_TR,WHLBS_LG,WHLBS_SH,SER_TR,FUELCODE,MCYCL_DS,CARBUR,CYLINDER,DISPLACE,MCYCL_CY,MCYCL_WT,TIRE_SZE,TON_RAT,TRK_WT,TRKWTVAR,VIN_REST,WHLDRWHL,J_KNIFE,MCARR_I1,MCARR_I2,MCARR_ID,GVWR,V_CONFIG,CARGO_BT,HAZ_INV,HAZ_PLAC,HAZ_ID,HAZ_CNO,HAZ_REL,BUS_USE,SPEC_USE,EMER_USE,TRAV_SP,UNDERIDE,ROLLOVER,ROLINLOC,IMPACT1,IMPACT2,DEFORMED,TOWED,M_HARM,VEH_SC1,VEH_SC2,FIRE_EXP,DR_PRES,L_STATE,DR_ZIP,L_STATUS,L_TYPE,CDL_STAT,L_ENDORS,L_COMPL,L_RESTRI,DR_HGT,DR_WGT,PREV_ACC,PREV_SUS,PREV_DWI,PREV_SPD,PREV_OTH,FIRST_MO,FIRST_YR,LAST_MO,LAST_YR,SPEEDREL,DR_SF1,DR_SF2,DR_SF3,DR_SF4,VTRAFWAY,VNUM_LAN,VSPD_LIM,VALIGN,VPROFILE,VPAVETYP,VSURCOND,VTRAFCON,VTCONT_F,P_CRASH1,P_CRASH2,P_CRASH3,PCRASH4,PCRASH5,ACC_TYPE,DEATHS,DR_DRINK
12,120224,1,5,2,15,2,0,30,8,0,1,0,45,1,20,481,20481,31,2002,2GCEC19T2212,2,G,C,E,C,1,9,T,2,2,1,2,0,T,CHEV,SC1,4C,2,17,,2,1575,1435,SIL,G,,,8,325,,,,B,4534,03,,42,0,0,000000000,00000000000,0,0,0,1,0,0,0,0,0,0,0,65,0,0,0,12,12,6,2,8,0,0,0,1,45,29360,6,1,0,0,3,0,68,999,0,0,0,0,0,0,0,0,0,0,0,0,0,0,3,6,65,1,1,8,1,0,0,1,80,1,1,1,13,0,0
12,120224,2,5,1,15,2,0,30,8,0,1,0,54,2,2,404,2404,14,1997,1J4FJ68S3VL5,1,J,4,F,J,6,8,S,3,V,L,5,0,T,JEEP,SPT,4W,97,17,,1,0,1014,CHK,G,,,6,242,,,,,3244,00,E,44,0,0,000000000,00000000000,0,0,0,1,0,0,0,0,0,0,0,65,0,0,0,14,14,4,1,8,0,0,0,1,54,25705,6,1,0,0,3,0,72,999,0,0,0,0,0,0,0,0,0,0,0,0,0,0,3,6,65,1,1,8,1,0,0,1,80,1,1,1,98,0,0
12,120224,3,5,1,15,2,0,30,8,0,1,0,12,3,82,881,82881,66,2000,1FUYDSZB2YLG,1,F,U,Y,D,S,Z,B,2,Y,L,G,1,T,FRHT,FLD,TR,0,17,,8,0,0,CON,D,,,6,774,,,,,00000,00,,64,1,12,612401,12612401,3,6,1,1,0,0,0,0,0,0,0,65,0,0,0,14,14,4,1,8,0,0,0,1,12,33598,6,1,6,3,3,0,68,999,0,0,0,0,0,0,0,0,0,0,0,0,0,0,3,6,65,1,1,8,1,0,0,1,80,1,1,1,98,0,0
12,120224,4,5,1,15,2,0,30,8,0,1,0,12,1,54,31,54031,3,2000,JH4DC4357YS0,J,H,4,D,C,4,3,5,7,Y,S,0,0,P,ACUR,ILS,2H,0,17,2643,,0,1012,,G,,F,4,112,,,15R195,,,,,,0,0,000000000,00000000000,0,0,0,1,0,0,0,0,0,0,0,65,0,0,0,14,14,4,1,8,0,0,0,1,12,32725,6,1,0,0,3,3,60,999,0,0,0,0,1,3,2008,3,2008,0,0,0,0,0,3,6,65,1,1,8,1,0,0,1,80,1,1,1,98,0,0
12,120224,5,5,1,15,2,0,30,8,0,1,0,12,1,49,32,49032,4,2001,2T1BR12EX1C3,2,T,1,B,R,1,2,E,X,1,C,3,0,P,TOYT,UCS,4D,1,17,2410,,0,970,,G,,F,4,109,,,14R175,,,,,,0,0,000000000,00000000000,0,0,0,1,0,0,0,0,0,0,0,65,0,0,0,14,14,4,1,8,0,0,0,1,12,32738,6,1,0,0,3,0,73,999,0,0,0,3,0,4,2008,8,2008,0,0,0,0,0,3,6,65,1,1,8,1,0,0,1,80,1,1,1,98,0,0
12,120225,1,1,3,13,2,19,25,34,0,1,0,12,1,20,401,20401,14,1989,1GNEV18K9KF1,1,G,N,E,V,1,8,K,9,K,F,1,0,P,CHEV,V10,UT,89,17,4797,,0,1065,,G,,F,8,350,,,000000,,,,,,0,0,000000000,00000000000,0,0,0,1,0,0,0,0,0,0,0,57,0,1,5,12,12,6,2,1,0,0,0,1,12,32439,6,1,0,0,3,0,72,999,1,5,0,0,0,12,2008,4,2010,0,0,0,0,0,1,2,55,1,6,8,1,0,0,1,13,7,3,4,2,1,1
12,120226,1,1,4,19,3,1,44,1,0,1,0,12,2,23,431,23431,16,2001,3GKEC16TX1G1,3,G,K,E,C,1,6,T,X,1,G,1,0,T,GMC,CX1,4W,1,17,,2,0,1300,YUK,G,,,8,325,,,,B,4947,00,E,42,0,0,000000000,00000000000,0,0,0,1,0,0,0,0,0,0,0,70,0,1,1,0,0,6,2,1,0,0,0,1,48,77429,6,1,0,0,3,3,999,999,0,0,0,0,0,0,0,0,0,0,0,0,0,0,3,2,70,2,1,8,1,0,0,14,12,6,3,6,98,2,0
12,120227,1,2,2,8,3,14,6,12,6,1,0,12,1,7,26,7026,4,2008,1B3LC46KX8N1,1,B,3,L,C,4,6,K,X,8,N,1,0,P,DODG,AVN,4D,8,17,3355,,0,1089,,G,,F,4,144,,,16R215,,,,,,0,0,000000000,00000000000,0,0,0,1,0,0,0,0,0,0,0,35,0,0,0,7,6,4,1,12,0,0,0,1,12,32773,6,1,0,0,3,0,69,999,0,1,0,0,1,9,2008,12,2008,0,39,0,0,0,6,2,65,1,6,8,1,3,3,1,17,1,1,1,89,0,0
12,120227,2,2,1,8,3,14,6,12,6,1,0,12,2,72,706,72706,80,2006,1HD1FFW106Y6,1,H,D,1,F,F,W,1,0,6,Y,6,0,M,HD,TCI,RS,6,17,,,,,,,1450,,2,,4,776,,,,,,,0,0,000000000,00000000000,0,0,0,1,0,0,0,0,0,0,0,45,0,0,0,12,12,4,8,12,0,0,0,1,12,32773,6,1,6,0,3,0,69,999,0,0,0,0,0,0,0,0,0,0,0,0,0,0,2,2,45,1,6,8,1,3,3,1,66,9,1,1,88,1,0
12,120228,1,1,1,9,3,20,50,8,0,1,0,12,1,54,35,54035,4,2002,19UUA56662A0,1,9,U,U,A,5,6,6,6,2,A,0,0,P,ACUR,32T,4D,2,17,3492,,0,1081,,G,,F,6,197,,,16R205,,,,,,0,0,000000000,00000000000,0,0,0,1,0,0,0,0,0,0,0,75,0,0,0,12,12,6,2,8,0,0,0,1,12,32814,6,1,0,0,3,0,74,999,0,0,0,0,3,5,2009,10,2010,0,0,0,0,0,3,2,70,1,1,8,2,0,0,1,80,1,1,1,13,0,0
12,120229,1,1,1,5,3,0,10,59,0,1,0,12,2,37,706,37706,80,1999,JH2SC3505XM2,J,H,2,S,C,3,5,0,5,X,M,2,0,M,HOND,C1X,RC,99,17,,,,,,,1137,,4,,4,492,,,,,,,0,0,000000000,00000000000,0,0,0,1,0,0,0,0,0,0,0,54,0,0,0,10,10,6,2,59,0,0,0,1,12,32094,6,1,0,0,3,0,77,999,0,0,0,0,0,0,0,0,0,0,28,0,0,0,1,2,55,3,1,8,1,0,0,14,13,1,1,4,1,1,0
12,120230,1,1,1,11,3,0,0,1,0,1,0,12,1,77,706,77706,80,2009,5VPXC36D1930,5,V,P,X,C,3,6,D,1,9,3,0,0,M,VCTY,VJD,RS,9,17,,,,,,,1731,,2,,4,649,,,,,,,0,0,000000000,00000000000,0,0,0,1,0,0,0,0,0,0,0,65,0,0,0,0,0,6,2,1,0,0,0,1,42,16433,6,1,0,0,3,3,70,999,0,0,0,0,0,0,0,0,0,0,0,0,0,0,1,2,40,3,1,8,1,0,0,14,13,1,1,4,1,1,1
12,120231,1,2,2,3,3,19,35,12,6,1,0,12,1,14,36,14036,4,1999,1MEFM13P0XW6,1,M,E,F,M,1,3,P,0,X,W,6,0,P,MERC,TLP,4D,99,17,2498,,0,984,,G,,F,4,122,,,14R185,,,,,,0,0,000000000,00000000000,0,0,0,1,0,0,0,0,0,0,0,20,0,0,0,9,9,6,2,12,0,0,0,1,12,32724,6,1,0,0,3,0,66,999,0,0,0,0,0,0,0,0,0,0,38,0,0,0,1,2,30,1,1,8,1,20,3,10,17,1,1,1,78,0,0
12,120231,2,2,1,3,3,19,35,12,6,1,0,12,1,72,706,72706,80,1985,1HD1ECL17FY1,1,H,D,1,E,C,L,1,7,F,Y,1,0,M,HD,FRT,RS,85,17,,,,,,,1340,,2,,4,640,,,,,,,0,0,000000000,00000000000,0,0,0,1,0,0,0,0,0,0,0,55,0,0,0,12,12,6,2,12,0,0,0,1,12,32724,6,1,0,0,3,0,67,999,0,0,0,0,0,0,0,0,0,0,0,0,0,0,3,2,55,1,1,8,1,0,0,1,68,1,1,1,79,1,1
12,120232,1,1,1,7,3,23,10,15,0,1,0,12,2,2,404,2404,14,2000,1J4G248SXYC1,1,J,4,G,2,4,8,S,X,Y,C,1,0,T,JEEP,LRO,4W,0,17,,1,0,1059,GCK,G,,,6,244,,,,,3664,00,E,42,0,0,000000000,00000000000,0,0,0,1,0,0,0,0,0,0,0,45,0,0,0,1,1,6,2,15,0,0,0,1,12,32176,6,1,0,0,3,0,66,999,0,0,0,0,0,0,0,0,0,0,0,0,0,0,1,2,45,1,1,8,1,0,0,1,83,1,1,1,13,0,0
12,120233,1,1,1,13,3,22,10,1,0,1,0,12,1,37,421,37421,15,2003,2HKYF18673H5,2,H,K,Y,F,1,8,6,7,3,H,5,0,P,HOND,PIL,UT,3,17,4439,,0,1063,,G,,F,6,212,,,16R235,,,,,,0,0,000000000,00000000000,0,0,0,1,0,0,0,0,0,0,0,70,0,1,5,0,0,6,2,1,0,0,0,1,12,32174,6,1,0,0,3,0,72,999,0,0,0,0,1,2,2010,2,2010,0,36,0,0,0,3,3,70,1,1,8,1,0,0,1,13,7,3,4,3,1,1
12,120235,1,2,1,26,2,1,20,12,6,1,0,37,2,12,17,12017,4,1999,1FAFP53S1XG2,1,F,A,F,P,5,3,S,1,X,G,2,0,P,FORD,SCS,4D,99,17,3353,,0,1085,,G,,F,6,182,,,15R205,,,,,,0,0,000000000,00000000000,0,0,0,1,0,0,0,0,0,0,0,112,0,0,0,7,7,6,2,12,0,0,0,1,37,27549,3,1,0,0,2,0,64,999,0,0,0,1,0,2,2008,2,2008,0,36,0,0,0,1,2,60,1,1,8,1,0,0,1,6,1,3,2,62,1,1
12,120235,2,2,4,26,2,1,20,12,6,1,0,6,2,98,850,98850,65,1996,YE2TC74B1T20,Y,E,2,T,C,7,4,B,1,T,2,0,0,U,,,,96,17,,,,,,,,,,,,,,,,,,,0,0,000000000,00000000000,0,0,0,1,0,0,0,0,0,0,0,55,0,0,0,12,12,6,2,12,0,0,0,1,53,98944,6,1,0,0,3,3,71,999,0,0,0,0,1,3,2008,3,2008,0,0,0,0,0,1,2,60,1,1,8,1,0,0,1,62,1,1,1,62,0,0
12,120236,1,3,2,31,1,15,10,12,6,1,0,12,1,18,2,18002,4,2001,1G4HP54K6141,1,G,4,H,P,5,4,K,6,1,4,1,0,P,BUIC,LCF,4D,1,17,3567,,0,1122,,G,,F,6,231,,,15R215,,,,,,0,0,000000000,00000000000,0,0,0,1,0,0,0,0,0,0,0,20,0,0,0,9,9,6,2,12,0,0,0,1,12,33065,6,1,0,0,3,3,72,999,0,0,0,0,0,0,0,0,0,0,0,0,0,0,2,2,45,1,1,8,1,0,0,11,15,1,1,1,68,1,0
12,120236,2,3,1,31,1,15,10,12,6,1,0,12,2,7,20,7020,4,2005,1B3ES66S15D1,1,B,3,E,S,6,6,S,1,5,D,1,0,P,DODG,NR4,4D,5,17,2869,,0,1040,,G,,T,4,146,,,15R185,,,,,,0,0,000000000,00000000000,0,0,0,1,0,0,0,0,0,0,0,40,0,0,0,12,12,6,2,12,0,0,0,1,12,33319,6,1,0,0,3,0,65,999,0,1,0,1,1,4,2008,2,2009,0,0,0,0,0,2,2,45,1,1,8,1,0,0,1,62,1,1,1,69,0,0
12,120236,3,3,1,31,1,15,10,12,6,1,0,12,1,49,402,49402,14,1997,JT3HP10V0V70,J,T,3,H,P,1,0,V,0,V,7,0,0,P,TOYT,RV4,UT,97,17,2789,,0,949,,G,,F,4,122,,,16R215,,,,,,0,0,000000000,00000000000,0,0,0,1,0,0,0,0,0,0,0,0,0,0,0,9,9,4,3,12,0,0,0,1,12,33334,6,1,0,0,3,0,62,999,0,0,0,0,0,0,0,0,0,0,0,0,0,0,2,1,30,1,1,8,1,3,3,5,67,1,1,1,98,0,0
12,120237,1,2,1,4,2,8,1,12,6,1,0,12,1,49,32,49032,4,1992,1NXAE97A2NZ3,1,N,X,A,E,9,7,A,2,N,Z,3,0,P,TOYT,CED,4D,92,17,2352,,0,957,,G,,F,4,097,,,000000,,,,,,0,0,000000000,00000000000,0,0,0,1,0,0,0,0,0,0,0,15,0,0,0,2,2,6,2,12,0,0,0,1,12,33024,6,1,0,0,3,3,62,999,0,0,0,0,0,0,0,0,0,0,38,0,0,0,2,3,45,1,1,8,1,0,0,11,15,1,1,1,68,1,0
12,120237,2,2,1,4,2,8,1,12,6,1,0,12,3,12,16,12016,4,2011,2FABP7BV8BX1,2,F,A,B,P,7,B,V,8,B,X,1,0,P,FORD,CVP,4D,11,17,4550,,0,0,,F,,F,8,281,,,000000,,,,,,0,0,000000000,00000000000,0,0,0,1,0,0,0,0,0,0,0,45,0,0,0,12,12,6,2,12,0,0,0,1,12,33162,6,1,0,0,3,3,67,999,0,0,0,0,0,0,0,0,0,0,0,0,0,0,2,3,45,1,1,8,1,0,0,1,62,1,1,1,69,0,0
12,120238,1,2,1,21,2,5,14,12,2,1,0,12,2,12,402,12402,14,2001,1FMYU01141KA,1,F,M,Y,U,0,1,1,4,1,K,A,0,P,FORD,SPE,UT,1,17,3027,,0,1031,,G,,F,6,181,,,15R225,,,,,,0,0,000000000,00000000000,0,0,0,1,0,0,0,0,0,0,0,998,0,0,0,12,12,6,2,12,0,0,0,1,12,33331,6,1,0,0,3,0,60,999,0,0,0,0,0,0,0,0,0,0,50,38,0,0,2,3,50,1,1,8,1,0,0,1,54,1,1,1,52,1,1
12,120238,2,2,1,21,2,5,14,12,2,1,0,12,1,42,42,42042,4,2006,WDBRF52HX6A8,W,D,B,R,F,5,2,H,X,6,A,8,0,P,MERZ,C20,4D,6,17,3405,,0,1069,,G,,F,6,152,,,17R225,,,,,,0,0,000000000,00000000000,0,0,0,1,0,0,0,0,0,0,0,998,0,0,0,12,12,6,2,12,0,0,0,1,12,33325,6,1,0,0,3,3,66,999,0,0,0,0,0,0,0,0,0,0,0,0,0,0,2,3,50,1,1,8,1,0,0,1,54,1,1,1,52,0,0
12,120239,1,2,1,27,2,18,53,12,1,1,0,12,3,85,881,85881,66,1998,1XKDDR9X1WJ7,1,X,K,D,D,R,9,X,1,W,J,7,1,T,KW,T80,TR,98,17,,8,2600,1600,CON,D,,,6,774,,,,,00000,00,,64,1,12,485872,12485872,3,6,10,1,0,0,0,0,0,0,0,25,0,0,0,6,6,4,1,12,0,0,0,1,12,32058,6,1,6,0,3,3,72,999,0,0,0,1,0,11,2010,11,2010,0,38,0,0,0,2,2,55,1,1,8,1,0,0,1,53,1,1,1,25,0,0
12,120239,2,2,1,27,2,18,53,12,1,1,0,12,1,7,482,7482,31,2006,3D7KS29C06G1,3,D,7,K,S,2,9,C,0,6,G,1,0,T,DODG,ME2,CW,6,17,,2,0,1605,RPC,D,,,6,359,,,,C,7450,00,E,44,0,0,000000000,00000000000,0,0,0,1,0,0,0,0,0,0,0,25,0,0,0,12,12,4,1,12,0,0,0,1,12,32234,6,1,0,0,3,0,72,999,0,0,0,0,0,0,0,0,0,0,0,0,0,0,2,2,55,1,1,8,1,0,0,1,51,1,1,1,24,1,0
12,120240,1,2,1,12,3,23,40,12,2,1,0,12,2,12,481,12481,31,2006,1FTPX12V16NB,1,F,T,P,X,1,2,V,1,6,N,B,0,T,FORD,F15,4C,6,17,,2,0,1450,COF,F,,,8,329,,,,B,5065,04,E,42,0,0,000000000,00000000000,0,0,0,1,0,0,0,0,0,0,0,79,0,0,0,12,12,6,2,12,0,0,0,1,12,32234,6,1,0,0,3,0,64,999,0,0,0,1,0,2,2011,2,2011,1,38,51,0,0,1,2,45,1,1,8,1,0,0,1,10,1,1,1,50,0,1
12,120240,2,2,1,12,3,23,40,12,2,1,0,12,2,49,32,49032,4,2003,JTDBR32E5320,J,T,D,B,R,3,2,E,5,3,2,0,0,P,TOYT,EEL,4D,3,17,2502,,0,1024,,G,,F,4,109,,,16R205,,,,,,0,0,000000000,00000000000,0,0,0,1,0,0,0,0,0,0,0,45,0,0,0,12,12,6,2,12,0,0,0,1,12,32250,6,1,0,0,3,0,63,999,0,1,0,0,2,3,2009,3,2010,0,0,0,0,0,1,2,45,1,1,8,1,0,0,1,62,1,1,1,51,1,0
12,120241,1,1,1,15,3,15,40,1,0,1,0,12,2,37,703,37703,80,2005,9C2KE01045R0,9,C,2,K,E,0,1,0,4,5,R,0,0,M,HOND,15F,EN,5,17,,,,,,,156,,1,,4,216,,,,,,,0,0,000000000,00000000000,0,0,0,1,0,0,0,0,0,0,0,25,0,0,0,0,0,4,8,1,0,0,0,1,12,34429,0,0,0,0,0,0,999,999,0,0,0,0,0,0,0,0,0,0,0,0,0,0,1,2,25,1,1,8,1,0,0,1,98,1,1,1,98,1,0
12,120242,1,2,1,16,3,20,18,12,2,1,0,12,1,20,481,20481,31,2002,1GCHK231X2F1,1,G,C,H,K,2,3,1,X,2,F,1,0,T,CHEV,2KH,CW,2,17,,2,1670,1530,SIL,D,,,8,403,,,,C,5753,00,,44,0,0,000000000,00000000000,0,0,0,1,0,0,0,0,0,0,0,61,0,0,0,12,12,6,2,12,0,0,0,1,12,32615,6,1,0,0,3,0,74,999,0,1,0,0,1,12,2010,12,2010,1,51,0,0,0,1,2,55,1,1,8,1,0,0,1,10,1,1,2,50,0,0
12,120242,2,2,1,16,3,20,18,12,2,1,0,12,2,7,25,7025,5,2011,1B3CB3HAXBD1,1,B,3,C,B,3,H,A,X,B,D,1,0,P,DODG,CMS,4D,11,17,3012,,0,1037,,G,,F,4,122,,,17R215,,,,,,0,0,000000000,00000000000,0,0,0,1,0,0,0,0,0,0,0,79,0,0,0,12,12,6,2,12,0,0,0,1,12,32118,6,1,0,0,3,0,64,999,0,0,0,0,0,0,0,0,0,1,0,0,0,0,1,2,55,1,1,8,1,0,0,1,62,1,1,1,51,1,0
12,120243,1,2,2,17,3,9,15,12,1,1,0,13,2,23,481,23481,31,1994,1GTHC39F3RE5,1,G,T,H,C,3,9,F,3,R,E,5,1,T,GMC,SC3,PC,94,17,,2,0,1555,SIE,D,,,8,397,,,,D,00000,00,A,42,1,0,000000000,00000000000,0,0,0,1,0,0,0,0,0,0,0,50,0,0,0,12,12,6,2,12,0,0,0,1,13,30828,6,1,0,0,3,0,63,999,98,0,0,0,0,0,0,0,0,0,36,0,0,0,1,2,60,1,1,8,1,50,3,1,50,1,1,1,20,1,0
12,120243,2,2,1,17,3,9,15,12,1,1,0,12,3,87,881,87881,63,1997,1NPAXREX2VN4,1,N,P,A,X,R,E,X,2,V,N,4,0,T,PTRB,357,CC,97,17,,8,0,0,CON,D,,,6,774,,,,,00000,00,,,0,12,1210942,121210942,3,1,4,1,0,0,0,0,0,0,0,0,0,0,0,6,6,4,1,12,0,0,0,1,12,33909,6,1,6,0,3,3,71,999,0,1,0,1,0,1,2010,6,2010,0,0,0,0,0,1,2,60,1,1,8,1,50,3,1,53,1,1,1,21,0,0
12,120244,1,2,1,17,3,7,25,12,6,1,0,12,2,49,38,49038,2,1994,JT2EL43S3R03,J,T,2,E,L,4,3,S,3,R,0,3,0,P,TOYT,TTX,2D,94,17,2025,,0,937,,G,,F,4,089,,,13R155,,,,,,0,0,000000000,00000000000,0,0,0,1,0,0,0,0,0,0,0,35,0,0,0,2,2,4,1,12,0,0,0,1,12,33033,6,1,0,0,3,3,65,999,0,0,0,0,0,0,0,0,0,0,38,0,0,0,1,2,35,1,1,8,1,0,0,11,10,1,1,1,68,0,0
12,120244,2,2,1,17,3,7,25,12,6,1,0,12,2,98,709,98709,80,2007,KMYSZ1BL27C0,K,M,Y,S,Z,1,B,L,2,7,C,0,0,U,,,,7,17,,,,,,,,,,,,,,,,,,,0,0,000000000,00000000000,0,0,0,1,0,0,0,0,0,0,0,30,0,0,0,12,12,6,2,12,0,0,0,1,12,33021,6,1,0,0,3,3,68,999,0,0,0,0,1,4,2009,4,2009,0,0,0,0,0,1,2,35,1,1,8,1,0,0,1,62,1,1,1,69,1,0
12,120245,1,1,1,18,3,13,21,18,0,1,0,12,1,7,482,7482,31,1994,3B7HC16Z6RM5,3,B,7,H,C,1,6,Z,6,R,M,5,0,T,DODG,150,PK,94,17,,2,1347,1187,RPC,G,,,8,360,,,,B,3817,01,B,42,0,0,000000000,00000000000,0,0,0,1,0,0,0,0,0,0,0,36,0,1,5,12,12,6,2,1,0,0,0,1,12,32567,6,1,0,0,3,0,71,999,0,0,0,0,0,0,0,0,0,0,36,0,0,0,1,2,55,1,1,8,1,0,0,1,13,7,1,4,1,1,1
12,120246,1,2,1,23,3,1,55,12,1,1,0,12,2,7,482,7482,31,2011,1D7RB1GT2BS5,1,D,7,R,B,1,G,T,2,B,S,5,0,T,DODG,Q15,CW,11,17,,2,0,1400,RPC,G,,,8,348,,,,B,4863,00,K,42,0,0,000000000,00000000000,0,0,0,1,0,0,0,0,0,0,0,95,0,0,0,12,12,6,2,12,0,0,0,1,12,33823,6,1,0,0,3,0,68,999,0,1,0,3,1,10,2008,12,2009,0,36,0,0,0,1,2,70,1,1,8,1,0,0,1,51,1,1,1,24,0,1
12,120246,2,2,2,23,3,1,55,12,1,1,0,12,2,49,401,49401,14,2001,JT3GN86R7102,J,T,3,G,N,8,6,R,7,1,0,2,0,P,TOYT,RUN,UT,1,17,3600,,0,1053,,G,,F,6,206,,,15R225,,,,,,0,0,000000000,00000000000,0,0,0,1,0,0,0,0,0,0,0,70,0,0,0,6,6,6,2,3,0,0,0,1,12,33903,6,1,0,0,3,0,73,999,0,0,0,0,0,0,0,0,0,0,0,0,0,0,1,2,70,1,1,8,1,0,0,1,53,1,1,1,25,1,0
12,120247,1,1,1,26,3,6,0,42,0,1,0,12,1,20,481,20481,31,2005,1GCHK23U15F9,1,G,C,H,K,2,3,U,1,5,F,9,0,T,CHEV,2KH,CW,5,17,,2,1670,1530,SIL,G,,,8,366,,,,C,6056,03,,44,0,0,000000000,00000000000,0,0,0,1,0,0,0,0,0,0,0,80,0,1,5,8,8,6,2,42,0,0,0,1,12,32404,6,1,0,0,3,0,69,999,1,1,0,0,0,2,2011,2,2011,0,36,0,0,0,2,2,65,1,1,8,2,0,0,1,13,1,4,4,2,1,1
12,120248,1,1,1,27,3,7,0,8,0,1,1,99,9,99,999,99999,99,9999,999999999999,9,9,9,9,9,9,9,9,9,9,9,9,9,,,,,,,,,,,,,,,,,,,,,,,,,0,99,999999999,99999999999,9,99,99,1,0,0,0,0,0,0,0,45,0,0,0,1,1,0,1,8,0,0,0,1,99,99999,9,9,99,9,9,9,999,999,99,99,99,99,99,99,9999,99,9999,0,0,0,0,0,3,2,55,1,1,8,1,0,0,1,82,99,1,4,13,0,0
12,120249,1,1,1,30,3,12,42,9,0,1,0,12,2,12,481,12481,31,1999,1FTNF20L6XEC,1,F,T,N,F,2,0,L,6,X,E,C,0,T,FORD,F2S,PK,99,17,,2,0,1370,SRW,G,,,8,330,,,,C,4960,00,U,42,0,0,000000000,00000000000,0,0,0,1,0,0,0,0,0,0,0,60,0,0,0,1,1,4,1,9,0,0,0,1,12,32669,6,1,0,0,3,0,72,999,0,4,0,1,1,2,2009,11,2010,0,36,0,0,0,1,2,60,1,1,8,1,0,0,1,83,1,1,4,13,0,0
12,120250,1,1,3,30,3,1,12,42,0,1,0,12,1,35,47,35047,4,2002,1N4AL11D42C1,1,N,4,A,L,1,1,D,4,2,C,1,0,P,NISS,ABS,4D,2,17,2873,,0,1102,,G,,F,4,153,,,16R205,,,,,,0,0,000000000,00000000000,0,0,0,1,0,0,0,0,0,0,0,90,0,0,0,11,12,6,2,42,0,0,0,1,12,33024,6,1,0,0,3,0,71,999,0,2,0,0,0,5,2010,5,2010,1,36,0,0,0,3,3,45,1,1,8,1,0,0,1,6,1,1,4,6,2,0
12,120251,1,2,1,1,4,17,50,12,6,1,0,12,1,20,481,20481,31,2004,1GCEC19X64Z2,1,G,C,E,C,1,9,X,6,4,Z,2,0,T,CHEV,SC1,4C,4,17,,2,1575,1435,SIL,G,,,6,262,,,,B,4555,00,,42,0,0,000000000,00000000000,0,0,0,1,0,0,0,0,0,0,0,15,0,0,0,9,9,6,2,12,0,0,0,1,12,34288,6,1,0,0,3,3,76,999,0,0,0,0,0,0,0,0,0,0,38,0,0,0,3,2,45,1,1,8,1,20,3,11,15,1,1,1,68,0,0
12,120251,2,2,1,1,4,17,50,12,6,1,0,12,1,37,706,37706,80,2004,JH2SC57024M0,J,H,2,S,C,5,7,0,2,4,M,0,0,M,HOND,CBS,RC,4,17,,,,,,,998,,4,,4,396,,,,,,,0,0,000000000,00000000000,0,0,0,1,0,0,0,0,0,0,0,64,0,0,0,12,12,6,2,12,0,0,0,1,12,33980,6,1,6,0,3,0,70,999,0,3,0,0,1,11,2010,2,2011,0,0,0,0,0,3,2,45,1,1,8,1,0,0,1,67,1,1,1,69,1,0
12,120252,1,1,1,1,4,5,20,42,0,1,0,47,2,2,403,2403,14,1997,1J4FY19S3VP4,1,J,4,F,Y,1,9,S,3,V,P,4,0,T,JEEP,SPW,2W,97,17,,1,0,934,W/T,G,,,6,242,,,,,3156,00,E,44,0,0,000000000,00000000000,0,0,0,1,0,0,0,0,0,0,0,55,0,0,0,12,12,6,2,42,0,0,0,1,12,32448,6,1,0,0,3,0,71,999,0,0,0,3,0,1,2009,3,2011,0,0,0,0,0,1,2,60,3,1,8,1,0,0,14,12,1,1,4,6,1,1
12,120253,1,1,1,1,4,23,8,8,0,1,0,12,2,12,17,12017,4,2009,1FAHP25W69G1,1,F,A,H,P,2,5,W,6,9,G,1,0,P,FORD,TLT,4D,9,17,3643,,0,1129,,G,,F,6,214,,,18R225,,,,,,0,0,000000000,00000000000,0,0,0,1,0,0,0,0,0,0,0,67,0,0,0,1,1,6,2,8,0,0,0,1,12,33020,6,1,0,0,3,0,69,999,0,0,0,0,0,0,0,0,0,0,0,0,0,0,3,5,65,1,1,8,1,0,0,1,80,6,1,4,13,0,0
12,120254,1,1,1,3,1,0,0,9,0,1,0,12,1,24,3,24003,6,1998,1G8ZK8275WZ2,1,G,8,Z,K,8,2,7,5,W,Z,2,0,P,STRN,SW2,SW,98,17,2482,,0,1024,,G,,F,4,116,,,15R185,,,,,,0,0,000000000,00000000000,0,0,0,1,0,0,0,0,0,0,0,15,0,0,0,81,81,4,3,9,0,0,0,1,12,32714,6,1,0,0,3,0,62,999,0,0,0,0,0,0,0,0,0,0,38,0,0,0,2,2,35,1,1,8,1,3,3,10,83,1,1,1,13,0,0
12,120255,1,1,1,12,1,13,40,31,0,1,0,12,1,37,31,37031,2,2011,2HGFG1B85BH5,2,H,G,F,G,1,B,8,5,B,H,5,0,P,HOND,UAX,CP,11,17,2771,,0,1043,,G,,F,4,110,,,16R205,,,,,,0,0,000000000,00000000000,0,0,0,1,0,0,0,0,0,0,0,50,0,0,0,12,12,6,2,19,0,0,0,1,12,32164,6,1,0,0,3,3,70,999,0,0,0,0,0,0,0,0,0,0,0,0,0,0,2,2,35,3,1,8,1,28,3,14,8,1,1,4,1,1,0