STATE,ST_CASE,VEH_NO,VE_FORMS,NUMOCCS,DAY,MONTH,HOUR,MINUTE,HARM_EV,MAN_COLL,UNITTYPE,HIT_RUN,REG_STAT,OWNER,MAKE,MODEL,MAK_MOD,BODY_TYP,MOD_YEAR,VIN,VIN_1,VIN_2,VIN_3,VIN_4,VIN_5,VIN_6,VIN_7,VIN_8,VIN_9,VIN_10,VIN_11,VIN_12,TOW_VEH,VINTYPE,VINMAKE,VINA_MOD,VIN_BT,VINMODYR,VIN_LNGT,VIN_WGT,WGTCD_TR,WHLBS_LG,WHLBS_SH,SER_TR,FUELCODE,MCYCL_DS,CARBUR,CYLINDER,DISPLACE,MCYCL_CY,MCYCL_WT,TIRE_SZE,TON_RAT,TRK_WT,TRKWTVAR,VIN_REST,WHLDRWHL,J_KNIFE,MCARR_I1,MCARR_I2,MCARR_ID,GVWR,V_CONFIG,CARGO_BT,HAZ_INV,HAZ_PLAC,HAZ_ID,HAZ_CNO,HAZ_REL,BUS_USE,SPEC_USE,EMER_USE,TRAV_SP,UNDERIDE,ROLLOVER,ROLINLOC,IMPACT1,IMPACT2,DEFORMED,TOWED,M_HARM,VEH_SC1,VEH_SC2,FIRE_EXP,DR_PRES,L_STATE,DR_ZIP,L_STATUS,L_TYPE,CDL_STAT,L_ENDORS,L_COMPL,L_RESTRI,DR_HGT,DR_WGT,PREV_ACC,PREV_SUS,PREV_DWI,PREV_SPD,PREV_OTH,FIRST_MO,FIRST_YR,LAST_MO,LAST_YR,SPEEDREL,DR_SF1,DR_SF2,DR_SF3,DR_SF4,VTRAFWAY,VNUM_LAN,VSPD_LIM,VALIGN,VPROFILE,VPAVETYP,VSURCOND,VTRAFCON,VTCONT_F,P_CRASH1,P_CRASH2,P_CRASH3,PCRASH4,PCRASH5,ACC_TYPE,DEATHS,DR_DRINK
12,120256,1,1,1,20,1,20,46,24,0,1,0,12,1,53,706,53706,80,2006,JS1GW71A5621,J,S,1,G,W,7,1,A,5,6,2,1,0,M,SUZI,GXR,RC,6,17,,,,,,,1298,,4,,4,478,,,,,,,0,0,000000000,00000000000,0,0,0,1,0,0,0,0,0,0,0,998,0,0,0,99,99,6,8,24,0,0,0,1,12,33880,6,1,0,0,3,0,68,999,0,0,0,0,0,0,0,0,0,0,38,58,36,0,3,8,40,3,6,8,1,0,0,14,51,7,1,4,1,1,1
12,120257,1,1,1,23,1,17,36,8,0,1,0,12,1,41,35,41035,4,2000,JM1BJ2212Y02,J,M,1,B,J,2,2,1,2,Y,0,2,0,P,MAZD,PES,4D,0,17,2537,,0,1028,,G,,F,4,112,,,15R195,,,,,,0,0,000000000,00000000000,0,0,0,1,0,0,0,0,0,0,0,999,0,0,0,12,12,4,1,8,0,0,0,1,12,33186,6,1,0,0,3,3,67,999,0,0,0,0,0,0,0,0,0,0,36,0,0,0,2,2,40,1,1,8,1,0,0,1,80,1,1,1,13,0,0
12,120258,1,1,1,24,1,3,17,30,0,1,0,12,1,54,35,54035,4,2001,19UUA56711A0,1,9,U,U,A,5,6,7,1,1,A,0,0,P,ACUR,32T,4D,1,17,3494,,0,1081,,G,,F,6,197,,,16R205,,,,,,0,0,000000000,00000000000,0,0,0,1,0,0,0,0,0,0,0,80,0,0,0,12,12,6,2,30,0,0,0,1,12,33809,6,1,0,0,3,3,67,999,1,2,0,0,2,4,2009,2,2010,1,0,0,0,0,2,2,35,3,1,8,1,0,0,14,13,1,1,4,1,1,1
12,120259,1,1,3,25,1,17,2,33,0,1,0,12,2,12,422,12422,15,2001,1FMRU15W71LB,1,F,M,R,U,1,5,W,7,1,L,B,0,P,FORD,EPT,UT,1,17,4886,,0,1191,,G,,F,8,281,,,16R255,,,,,,0,0,000000000,00000000000,0,0,0,1,0,0,0,0,0,0,0,45,0,0,0,12,12,6,2,42,0,0,0,1,12,34474,6,1,0,0,3,0,69,999,0,0,0,0,0,0,0,0,0,1,79,0,0,0,5,4,35,1,5,8,2,0,0,1,12,1,1,4,6,1,0
12,120260,1,2,1,26,1,23,38,12,1,1,1,12,9,12,37,12037,4,2003,1FAFP38353W1,1,F,A,F,P,3,8,3,5,3,W,1,0,P,FORD,FZT,4D,3,17,2564,,0,1030,,G,,F,4,121,,,16R205,,,,,,0,0,000000000,00000000000,0,0,0,1,0,0,0,0,0,0,0,60,0,0,0,12,12,6,2,12,0,0,0,1,99,99999,9,9,99,9,9,9,999,999,99,99,99,99,99,99,9999,99,9999,0,26,0,0,0,2,2,60,1,1,8,1,0,0,1,51,1,1,1,24,0,0
12,120260,2,2,1,26,1,23,38,12,1,1,0,12,2,76,706,76706,80,2004,JYARN13E64A0,J,Y,A,R,N,1,3,E,6,4,A,0,0,M,YAMA,YFR,RC,4,17,,,,,,,998,,4,,4,999,,,,,,,0,0,000000000,00000000000,0,0,0,1,0,0,0,0,0,0,0,60,0,0,0,6,6,6,2,12,0,0,0,1,12,33880,6,1,0,0,3,0,65,999,0,2,0,1,0,11,2009,1,2011,0,0,0,0,0,2,2,60,1,1,8,1,0,0,1,53,1,1,1,25,1,0
12,120261,1,1,2,28,1,12,5,42,0,1,0,99,9,99,999,99999,99,9999,999999999999,9,9,9,9,9,9,9,9,9,9,9,9,0,,,,,,,,,,,,,,,,,,,,,,,,,0,0,000000000,00000000000,0,0,0,1,0,0,0,0,0,0,0,999,0,1,5,12,12,6,2,2,0,0,1,1,99,99999,9,9,99,9,9,9,999,999,99,99,99,99,99,99,9999,99,9999,9,28,0,0,0,1,2,99,1,6,8,1,0,0,1,13,99,1,4,1,2,0
12,120262,1,2,1,28,1,19,6,12,1,1,0,12,1,12,481,12481,31,1997,1FTJW36FXVEC,1,F,T,J,W,3,6,F,X,V,E,C,0,T,FORD,F35,CW,97,17,,2,0,1680,COF,D,,,8,444,,,,D,5660,01,A,44,0,0,000000000,00000000000,0,0,0,1,0,0,0,0,0,0,0,45,0,0,0,12,12,6,2,12,0,0,0,1,12,32317,6,1,6,0,3,3,74,999,0,1,1,1,0,2,2010,1,2011,0,36,0,0,0,3,3,45,1,1,8,1,3,3,1,50,1,1,1,20,0,1
12,120262,2,2,3,28,1,19,6,12,1,1,0,12,1,35,47,35047,4,2005,1N4AL11D05C1,1,N,4,A,L,1,1,D,0,5,C,1,0,P,NISS,ASL,4D,5,17,2915,,0,1102,,G,,F,4,153,,,16R215,,,,,,0,0,000000000,00000000000,0,0,0,1,0,0,0,0,0,0,0,0,0,0,0,6,6,6,2,12,0,0,0,1,12,32309,6,1,0,0,3,0,60,999,0,1,0,0,0,11,2009,11,2009,0,0,0,0,0,3,3,45,1,1,8,1,3,3,5,53,1,1,1,21,1,0
12,120263,1,1,2,29,1,16,5,43,0,1,0,12,1,53,402,53402,14,2002,2S3TC52C4261,2,S,3,T,C,5,2,C,4,2,6,1,0,P,SUZI,VIT,UT,2,17,2756,,0,866,,G,,F,4,122,,,16R215,,,,,,0,0,000000000,00000000000,0,0,0,1,0,0,0,0,0,0,0,30,0,0,0,12,12,6,2,43,0,0,0,1,12,33035,6,1,0,0,3,3,66,999,0,0,0,0,0,0,0,0,0,0,0,0,0,0,1,2,30,3,1,8,1,0,0,14,90,1,1,1,12,2,0
12,120264,1,3,3,3,2,16,59,12,6,1,0,12,1,13,1,13001,4,2006,1LNHM82W46Y6,1,L,N,H,M,8,2,W,4,6,Y,6,0,P,LINC,SGL,4D,6,17,4359,,0,1177,,G,,F,8,281,,,17R225,,,,,,0,0,000000000,00000000000,0,0,0,1,0,0,0,0,0,0,0,20,0,0,0,3,3,6,2,12,0,0,0,1,12,33486,6,1,0,0,3,3,70,999,0,0,0,0,0,0,0,0,0,0,38,0,0,0,1,2,40,1,1,8,1,20,3,1,17,1,1,1,87,1,0
12,120264,2,3,3,3,2,16,59,12,6,1,0,28,1,12,880,12880,67,2008,1FTWF33R58EA,1,F,T,W,F,3,3,R,5,8,E,A,0,T,FORD,F3D,PK,8,17,,3,0,1370,DRW,D,,,8,390,,,,D,6542,00,U,44,0,88,888888888,88888888888,2,1,97,1,0,0,0,0,0,0,0,40,0,0,0,12,12,6,2,12,0,0,0,1,28,39208,6,1,0,0,3,0,70,999,0,0,0,0,0,0,0,0,0,0,0,0,0,0,3,2,40,1,1,8,1,0,0,1,66,1,1,1,86,0,0
12,120264,3,3,1,3,2,16,59,12,6,1,0,12,1,12,24,12024,6,2008,2FMDK38C08BA,2,F,M,D,K,3,8,C,0,8,B,A,0,P,FORD,EDG,UT,8,17,4073,,0,1112,,G,,F,6,214,,,17R235,,,,,,0,0,000000000,00000000000,0,0,0,1,0,0,0,0,0,0,0,0,0,0,0,12,12,6,2,12,0,0,0,1,12,33033,6,1,0,0,3,0,66,999,0,1,0,0,0,10,2009,10,2009,0,0,0,0,0,1,2,40,1,1,8,1,20,3,5,54,1,1,1,98,0,0
12,120265,1,1,3,5,2,21,36,1,0,1,0,12,2,12,401,12401,14,1996,1FMDU32X4TUB,1,F,M,D,U,3,2,X,4,T,U,B,0,P,FORD,EPR,UT,96,17,3952,,0,1115,,G,,F,6,245,,,15R225,,,,,,0,0,000000000,00000000000,0,0,0,1,0,0,0,0,0,0,0,60,0,1,5,0,0,6,2,1,0,0,0,1,12,32065,6,1,0,0,3,0,69,999,0,0,0,0,0,0,0,0,0,0,0,0,0,0,1,4,35,1,1,8,2,0,0,1,13,1,1,4,1,1,0
12,120266,1,1,3,6,2,18,30,8,0,1,0,12,1,20,401,20401,14,1990,1GNCT18Z9L81,1,G,N,C,T,1,8,Z,9,L,8,1,0,P,CHEV,S10,UT,90,17,3279,,0,1005,,G,,F,6,262,,,000000,,,,,,0,0,000000000,00000000000,0,0,0,1,0,0,0,0,0,0,0,999,0,0,0,12,12,4,1,8,0,0,0,1,12,32210,6,1,0,0,3,0,62,999,0,0,0,0,0,0,0,0,0,0,0,0,0,0,5,4,40,8,1,8,2,0,0,1,80,1,1,1,13,0,1
12,120267,1,2,1,6,2,0,0,8,0,1,1,99,9,99,999,99999,99,9999,999999999999,9,9,9,9,9,9,9,9,9,9,9,9,0,,,,,,,,,,,,,,,,,,,,,,,,,0,0,000000000,00000000000,0,0,0,1,0,0,0,0,0,0,0,50,0,0,0,99,99,4,1,8,0,0,0,1,99,99999,9,9,99,9,9,9,999,999,99,99,99,99,99,99,9999,99,9999,0,0,0,0,0,5,4,35,1,1,8,1,0,0,1,80,99,1,1,13,0,0
12,120267,2,2,1,6,2,0,0,8,0,1,1,99,9,99,999,99999,99,9999,999999999999,9,9,9,9,9,9,9,9,9,9,9,9,0,,,,,,,,,,,,,,,,,,,,,,,,,0,0,000000000,00000000000,0,0,0,1,0,0,0,0,0,0,0,50,0,0,0,99,99,4,1,8,0,0,0,1,99,99999,9,9,99,9,9,9,999,999,99,99,99,99,99,99,9999,99,9999,0,0,0,0,0,5,4,35,1,1,8,1,0,0,1,80,99,1,1,98,0,0
12,120268,1,2,1,7,2,1,12,8,0,1,0,12,1,38,402,38402,14,2001,4S2CK58D5143,4,S,2,C,K,5,8,D,5,1,4,3,0,P,ISU,ROD,UT,1,17,3709,,0,1064,,G,,F,4,133,,,16R225,,,,,,0,0,000000000,00000000000,0,0,0,1,0,0,0,0,0,0,0,50,0,0,0,12,12,6,2,8,0,0,0,1,12,33458,1,1,0,0,2,0,67,999,0,1,0,0,0,3,2010,3,2010,0,36,0,0,0,2,3,45,1,1,8,1,0,0,1,80,1,1,1,13,0,1
12,120268,2,2,2,7,2,1,12,8,0,1,0,12,2,24,1,24001,4,1996,1G8ZH5282TZ1,1,G,8,Z,H,5,2,8,2,T,Z,1,0,P,STRN,SL1,4D,96,17,2277,,0,1024,,G,,F,4,116,,,14R175,,,,,,0,0,000000000,00000000000,0,0,0,1,0,0,0,0,0,0,0,5,0,0,0,6,6,6,2,12,0,0,0,1,12,33410,6,1,0,0,3,0,67,999,0,0,0,1,1,6,2009,10,2010,0,0,0,0,0,2,3,45,1,1,8,1,0,0,1,53,1,1,1,98,0,0
12,120269,1,1,1,7,2,9,58,9,0,1,0,24,1,20,403,20403,14,2007,1GNET13MX721,1,G,N,E,T,1,3,M,X,7,2,1,0,P,CHEV,TRL,UT,7,17,4523,,0,1130,,G,,F,8,323,,,17R245,,,,,,0,0,000000000,00000000000,0,0,0,1,0,0,0,0,0,0,0,13,0,0,0,12,12,4,3,9,0,0,0,1,24,21774,6,1,0,0,3,3,74,999,0,0,0,0,0,0,0,0,0,0,38,0,0,0,2,1,30,1,1,8,1,3,3,10,83,1,1,1,13,0,0
12,120270,1,1,1,8,2,23,5,30,0,1,0,12,2,49,499,49499,30,1993,4TARN01P6PZ0,4,T,A,R,N,0,1,P,6,P,Z,0,0,T,TOYT,SDX,PK,93,17,,1,0,1029,HTP,G,,,4,144,,,,B,3335,00,A,44,0,0,000000000,00000000000,0,0,0,1,0,0,0,0,0,0,0,45,0,0,0,12,12,6,2,30,0,0,0,1,12,32327,6,1,0,0,3,0,69,999,0,1,0,1,0,6,2009,8,2010,1,38,36,0,0,2,2,45,1,1,8,1,0,0,1,13,99,1,4,1,1,1
12,120272,1,2,1,23,2,15,45,26,0,1,0,12,1,37,706,37706,80,2003,1HFSC490X3A1,1,H,F,S,C,4,9,0,X,3,A,1,0,M,HOND,XTR,RS,3,17,,,,,,,1795,,2,,4,720,,,,,,,0,0,000000000,00000000000,0,0,0,1,0,0,0,0,0,0,0,65,0,0,0,0,0,6,2,12,0,0,0,1,12,34997,6,1,0,0,3,3,75,999,0,0,0,0,0,0,0,0,0,0,28,0,0,0,2,3,65,1,1,8,1,0,0,1,12,1,1,4,98,1,0
12,120272,2,2,1,23,2,15,45,26,0,1,0,12,2,49,32,49032,4,1995,JT2AE09B4S00,J,T,2,A,E,0,9,B,4,S,0,0,0,P,TOYT,LED,4D,95,17,2381,,0,970,,G,,F,4,108,,,14R185,,,,,,0,0,000000000,00000000000,0,0,0,1,0,0,0,0,0,0,0,5,0,0,0,12,12,4,8,12,0,0,0,1,12,34953,6,1,0,0,3,0,67,999,1,0,0,0,0,10,2009,10,2009,0,28,0,0,0,2,3,65,1,1,8,1,0,0,1,12,6,1,4,6,0,0
12,120273,1,2,1,25,2,11,24,12,6,1,0,12,9,7,14,7014,4,1987,1B3BE46D0HC1,1,B,3,B,E,4,6,D,0,H,C,1,0,P,DODG,6SE,4D,87,17,2535,,0,1033,,G,,F,4,135,,,14R185,,,,,,0,0,000000000,00000000000,0,0,0,1,0,0,0,0,0,0,0,998,0,0,0,9,9,6,2,12,0,0,0,1,12,33916,6,1,0,0,3,3,68,999,0,0,0,0,0,0,0,0,0,0,39,0,0,0,1,2,30,9,1,8,1,0,0,1,17,1,1,1,89,1,0
12,120273,2,2,1,25,2,11,24,12,6,1,0,12,1,3,431,3431,16,2004,5GRGN23U44H1,5,G,R,G,N,2,3,U,4,4,H,1,0,T,HUMM,HH2,4W,4,17,,2,0,1228,HUM,G,,,8,364,,,,C,6400,00,U,44,0,0,000000000,00000000000,0,0,0,1,0,0,0,0,0,0,0,998,0,0,0,12,12,4,1,12,0,0,0,1,12,33909,6,1,6,0,3,0,70,999,0,0,0,1,0,7,2008,7,2008,0,0,0,0,0,1,2,30,1,1,8,1,0,0,1,66,99,1,1,88,0,0
12,120274,1,1,1,27,2,7,54,8,0,1,0,12,1,98,706,98706,80,2008,4MZAX03D6833,4,M,Z,A,X,0,3,D,6,8,3,3,0,U,,,,8,17,,,,,,,,,,,,,,,,,,,0,0,000000000,00000000000,0,0,0,1,0,0,0,0,0,0,0,999,0,0,0,12,12,6,2,8,0,0,0,1,12,33881,6,1,0,0,3,0,69,999,0,0,0,0,0,0,0,0,0,0,28,0,0,0,1,2,50,3,1,8,1,0,0,14,13,1,1,4,13,0,1
12,120275,1,1,3,3,3,13,57,1,0,1,0,12,1,12,422,12422,15,2003,1FMRU17W23LC,1,F,M,R,U,1,7,W,2,3,L,C,0,P,FORD,EPT,UT,3,17,5416,,0,1191,,G,,F,8,281,,,17R265,,,,,,0,0,000000000,00000000000,0,0,0,1,0,0,0,0,0,0,0,65,0,1,3,0,0,6,2,1,0,0,0,1,12,32003,6,1,0,0,3,3,63,999,0,0,0,0,0,0,0,0,0,0,28,0,0,0,2,2,70,1,1,8,1,0,0,1,12,1,1,4,6,2,0
12,120276,1,2,1,5,3,22,30,1,0,1,0,42,1,72,706,72706,80,2004,1HD1JAB154Y0,1,H,D,1,J,A,B,1,5,4,Y,0,0,M,HD,TBI,RS,4,17,,,,,,,1450,,2,,4,630,,,,,,,0,0,000000000,00000000000,0,0,0,1,0,0,0,0,0,0,0,50,0,0,0,0,0,6,2,12,0,0,0,1,42,18201,6,1,5,0,2,0,64,999,0,2,1,0,1,10,2009,6,2010,0,36,0,0,0,2,2,55,1,1,8,1,3,3,1,98,1,1,1,98,1,1
12,120276,2,2,1,5,3,22,30,1,0,1,0,12,1,73,705,73705,80,2005,JKBZXJC155A0,J,K,B,Z,X,J,C,1,5,5,A,0,0,M,KAWK,X63,RC,5,17,,,,,,,636,,4,,4,362,,,,,,,0,0,000000000,00000000000,0,0,0,1,0,0,0,0,0,0,0,999,0,0,0,6,6,6,2,12,0,0,0,1,12,32164,6,1,0,0,3,0,74,999,0,0,0,0,0,0,0,0,0,0,0,0,0,0,2,2,55,1,1,8,1,3,3,1,53,1,1,1,98,0,0
12,120277,1,1,2,5,3,4,45,8,0,1,0,12,2,37,32,37032,4,2010,1HGCP2F31AA1,1,H,G,C,P,2,F,3,1,A,A,1,0,P,HOND,ULX,4D,10,17,3269,,0,1102,,G,,F,4,146,,,16R215,,,,,,0,0,000000000,00000000000,0,0,0,1,0,0,0,0,0,0,0,60,0,0,0,12,12,6,2,14,0,0,0,1,12,33125,6,1,0,0,3,0,65,999,0,0,0,2,0,3,2010,1,2011,0,0,0,0,0,3,6,55,1,6,8,1,0,0,1,50,7,1,4,6,0,1
12,120278,1,3,1,5,3,19,12,12,1,1,0,12,1,72,706,72706,80,2010,1HD1KB417AB6,1,H,D,1,K,B,4,1,7,A,B,6,0,M,HD,FHX,RS,10,17,,,,,,,1584,,2,,4,810,,,,,,,0,0,000000000,00000000000,0,0,0,1,0,0,0,0,0,0,0,55,0,0,0,12,12,6,2,1,0,0,0,1,12,32708,6,1,0,0,3,0,72,999,0,1,0,0,0,6,2010,6,2010,0,36,0,0,0,1,2,55,1,1,8,1,0,0,1,51,6,1,1,24,1,1
12,120278,2,3,5,5,3,19,12,12,1,1,0,12,2,12,880,12880,67,1999,1FTWW32F3XEA,1,F,T,W,W,3,2,F,3,X,E,A,1,T,FORD,F3D,CW,99,17,,3,1720,1560,DRW,D,,,8,444,,,,D,5755,01,E,42,1,88,888888888,88888888888,2,4,97,1,0,0,0,0,0,0,0,55,0,0,0,6,7,2,8,12,0,0,0,1,12,32114,6,1,0,0,3,0,68,999,0,0,0,0,0,0,0,0,0,0,38,21,0,0,1,2,55,1,1,8,1,0,0,1,53,1,1,1,25,0,0
12,120278,3,3,2,5,3,19,12,12,1,1,0,12,1,72,706,72706,80,2000,1HD1PAC2XYY9,1,H,D,1,P,A,C,2,X,Y,Y,9,0,M,HD,SEI,RS,0,17,,,,,,,1450,,2,,4,804,,,,,,,0,0,000000000,00000000000,0,0,0,1,0,0,0,0,0,0,0,50,0,0,0,0,0,6,2,1,0,0,0,1,12,32765,6,1,0,0,3,0,74,999,0,0,0,1,0,7,2008,7,2008,0,81,0,0,0,1,2,55,1,1,8,1,0,0,1,12,98,1,4,98,1,0
12,120279,1,1,1,8,3,0,0,8,0,1,0,12,1,35,39,35039,4,1996,JN1CA21D2TT1,J,N,1,C,A,2,1,D,2,T,T,1,0,P,NISS,MGS,4D,96,17,2886,,0,1063,,G,,F,6,182,,,15R205,,,,,,0,0,000000000,00000000000,0,0,0,1,0,0,0,0,0,0,0,999,0,0,0,12,12,2,1,8,0,0,0,1,12,33810,6,1,0,0,3,3,63,999,0,2,0,1,0,9,2010,2,2011,0,0,0,0,0,1,2,45,1,1,8,1,0,0,1,80,1,1,1,13,0,0
12,120280,1,2,1,8,3,13,50,12,6,1,0,12,2,18,20,18020,4,1994,2G4WB55L5R14,2,G,4,W,B,5,5,L,5,R,1,4,0,P,BUIC,RGC,4D,94,17,3240,,0,1075,,G,,F,6,231,,,15R205,,,,,,0,0,000000000,00000000000,0,0,0,1,0,0,0,0,0,0,0,20,0,0,0,2,2,6,2,12,0,0,0,1,12,34207,6,1,0,0,3,3,62,999,0,0,0,0,0,0,0,0,0,0,38,0,0,0,5,5,45,1,1,8,1,3,3,11,15,1,1,1,68,1,0
12,120280,2,2,1,8,3,13,50,12,6,1,0,12,1,59,31,59031,4,1996,JT8BF12G3T01,J,T,8,B,F,1,2,G,3,T,0,1,0,P,LEXS,ES3,4D,96,17,3374,,0,1031,,G,,F,6,183,,,15R205,,,,,,0,0,000000000,00000000000,0,0,0,1,0,0,0,0,0,0,0,45,0,0,0,12,12,6,2,12,0,0,0,1,12,34234,6,1,0,0,3,0,70,999,0,4,0,0,0,7,2010,3,2011,0,0,0,0,0,5,5,45,1,1,8,1,3,3,1,66,1,1,1,69,0,0
12,120281,1,2,2,9,3,15,30,12,6,1,0,12,2,12,481,12481,31,2000,1FTRX18L1YNA,1,F,T,R,X,1,8,L,1,Y,N,A,0,T,FORD,F15,4C,0,17,,2,1574,1388,COF,G,,,8,330,,,,B,4611,04,U,44,0,0,000000000,00000000000,0,0,0,1,0,0,0,0,0,0,0,35,0,0,0,12,12,6,2,12,0,0,0,1,12,32968,6,1,0,0,3,0,69,999,0,3,0,1,1,3,2009,9,2010,0,0,0,0,0,2,2,55,1,1,8,1,0,0,11,15,1,1,1,68,0,1
12,120281,2,2,2,9,3,15,30,12,6,1,0,12,1,14,6,14006,4,2009,2MEHM75V29X6,2,M,E,H,M,7,5,V,2,9,X,6,0,P,MERC,MGL,4D,9,17,4117,,0,1146,,F,,F,8,281,,,17R225,,,,,,0,0,000000000,00000000000,0,0,0,1,0,0,0,0,0,0,0,55,0,0,0,9,9,6,2,12,0,0,0,1,12,32962,6,1,0,0,3,0,69,999,0,0,0,0,0,0,0,0,0,0,0,0,0,0,2,2,55,1,1,8,1,0,0,1,62,1,1,1,69,1,0
12,120282,1,2,2,11,3,12,9,12,6,1,0,12,3,86,882,86882,63,2005,1M2AC07C35M0,1,M,2,A,C,0,7,C,3,5,M,0,0,T,MACK,LE6,GG,5,17,,8,0,0,600,D,,,6,728,,,,,00000,00,,64,0,12,855212,12855212,3,2,7,1,0,0,0,0,0,0,0,50,0,0,0,9,9,6,2,12,0,0,0,1,12,32738,6,1,6,3,3,0,66,999,0,0,0,0,0,0,0,0,0,0,0,0,0,0,3,2,55,1,1,8,1,3,3,1,65,7,1,1,77,0,0
12,120282,2,2,1,11,3,12,9,12,6,1,0,12,1,72,706,72706,80,2002,1HD1BMY142Y0,1,H,D,1,B,M,Y,1,4,2,Y,0,0,M,HD,FLF,RS,2,17,,,,,,,1450,,2,,4,666,,,,,,,0,0,000000000,00000000000,0,0,0,1,0,0,0,0,0,0,0,25,0,0,0,12,12,6,2,12,0,0,0,1,12,34614,6,1,6,0,3,0,71,999,0,0,0,0,0,0,0,0,0,0,28,39,0,0,3,2,55,1,1,8,1,3,3,11,15,1,1,1,76,1,0
12,120283,1,1,1,11,3,22,0,8,0,1,0,12,1,49,43,49043,4,2002,4T1BF28BX2U2,4,T,1,B,F,2,8,B,X,2,U,2,0,P,TOYT,UVS,4D,2,17,3417,,0,1071,,G,,F,6,183,,,15R205,,,,,,0,0,000000000,00000000000,0,0,0,1,0,0,0,0,0,0,0,35,0,0,0,12,12,6,2,8,0,0,0,1,12,32177,6,1,0,0,3,3,69,999,1,0,0,1,1,5,2008,4,2009,0,0,0,0,0,1,2,35,1,1,8,1,0,0,1,80,7,1,1,13,0,0
12,120284,1,1,4,13,3,5,25,39,0,1,0,12,1,20,403,20403,14,2007,1GNES13H5722,1,G,N,E,S,1,3,H,5,7,2,2,0,P,CHEV,TRL,UT,7,17,4496,,0,1130,,G,,F,8,366,,,20R255,,,,,,0,0,000000000,00000000000,0,0,0,1,0,0,0,0,0,0,0,99,0,1,5,3,3,6,2,39,0,0,0,1,12,34237,6,1,0,0,3,0,69,999,0,1,0,2,1,3,2009,3,2011,1,28,0,0,0,1,2,30,3,1,8,1,0,0,14,12,1,4,4,7,4,1
12,120285,1,1,1,13,3,14,10,9,0,1,0,12,1,69,398,69398,1,1965,F5R1005753RD,F,5,R,1,0,0,5,7,5,3,R,D,0,U,,,,65,12,,,,,,,,,,,,,,,,,,,0,0,000000000,00000000000,0,0,0,1,0,0,0,0,0,0,0,45,0,0,0,7,7,6,2,9,0,0,0,1,12,34242,6,1,0,0,3,3,70,999,0,0,0,0,0,0,0,0,0,0,36,0,0,0,5,4,45,1,1,8,1,0,0,1,13,4,3,4,1,0,1
12,120286,1,1,2,13,3,6,5,8,0,1,1,12,2,20,421,20421,15,1995,1GNDT13W1S21,1,G,N,D,T,1,3,W,1,S,2,1,0,P,CHEV,BZR,UT,95,17,4071,,0,1070,,G,,F,6,262,,,15R205,,,,,,0,0,000000000,00000000000,0,0,0,1,0,0,0,0,0,0,0,60,0,0,0,12,12,4,3,8,0,0,0,1,12,33493,0,0,0,0,0,0,999,999,0,0,0,0,0,0,0,0,0,1,0,0,0,0,1,2,45,1,1,8,1,0,0,1,80,1,1,1,13,0,0
12,120287,1,1,2,15,3,13,4,42,0,1,0,12,2,12,471,12471,30,1995,1FTCR14U2STA,1,F,T,C,R,1,4,U,2,S,T,A,0,T,FORD,RNS,PC,95,17,,1,0,1250,RNG,G,,,6,182,,,,B,00000,00,M,42,0,0,000000000,00000000000,0,0,0,1,0,0,0,0,0,0,0,70,0,1,5,12,12,6,2,42,0,0,0,1,12,34292,6,1,0,0,3,0,68,999,0,0,0,0,0,0,0,0,0,0,28,0,0,0,3,2,70,1,1,8,1,0,0,1,13,1,1,4,1,1,0
12,120289,1,1,1,16,3,21,10,9,0,1,0,12,1,38,421,38421,15,2003,4NUES16P6321,4,N,U,E,S,1,6,P,6,3,2,1,0,P,ISU,ASC,UT,3,17,4835,,0,1290,,G,,F,8,325,,,17R245,,,,,,0,0,000000000,00000000000,0,0,0,1,0,0,0,0,0,0,0,45,0,0,0,12,12,6,2,9,0,0,0,1,12,34683,6,1,0,0,3,0,76,999,0,3,0,1,1,11,2009,1,2010,0,0,0,0,0,1,2,45,1,1,8,1,0,0,1,83,1,1,1,13,0,0
12,120290,1,1,2,16,3,13,55,1,0,1,0,12,2,63,32,63032,4,2001,KNADC1237160,K,N,A,D,C,1,2,3,7,1,6,0,0,P,KIA,RIO,4D,1,17,2242,,0,949,,G,,F,4,091,,,13R175,,,,,,0,0,000000000,00000000000,0,0,0,1,0,0,0,0,0,0,0,50,0,1,5,0,0,6,2,1,0,0,0,1,12,33834,6,1,0,0,3,0,68,999,0,0,0,0,0,0,0,0,0,0,36,0,0,0,1,2,45,1,1,8,3,0,0,6,12,1,1,4,6,1,1
12,120291,1,1,1,16,3,12,50,42,0,1,0,12,2,55,401,55401,14,2011,5XYZK4AG6BG0,5,X,Y,Z,K,4,A,G,6,B,G,0,0,P,HYUN,SAN,UT,11,17,3968,,0,1063,,G,,F,6,212,,,18R235,,,,,,0,0,000000000,00000000000,0,0,0,1,0,0,0,0,0,0,0,40,0,1,1,12,12,6,2,1,0,0,0,1,12,34491,6,1,0,0,3,0,65,999,0,0,0,0,0,0,0,0,0,0,4,0,0,0,2,2,25,1,1,8,1,0,0,1,8,1,1,4,6,1,0