STATE,ST_CASE,VEH_NO,VE_FORMS,NUMOCCS,DAY,MONTH,HOUR,MINUTE,HARM_EV,MAN_COLL,UNITTYPE,HIT_RUN,REG_STAT,OWNER,MAKE,MODEL,MAK_MOD,BODY_TYP,MOD_YEAR,VIN,VIN_1,VIN_2,VIN_3,VIN_4,VIN_5,VIN_6,VIN_7,VIN_8,VIN_9,VIN_10,VIN_11,VIN_12,TOW_VEH,VINTYPE,VINMAKE,VINA_MOD,VIN_BT,VINMODYR,VIN_LNGT,VIN_WGT,WGTCD_TR,WHLBS_LG,WHLBS_SH,SER_TR,FUELCODE,MCYCL_DS,CARBUR,CYLINDER,DISPLACE,MCYCL_CY,MCYCL_WT,TIRE_SZE,TON_RAT,TRK_WT,TRKWTVAR,VIN_REST,WHLDRWHL,J_KNIFE,MCARR_I1,MCARR_I2,MCARR_ID,GVWR,V_CONFIG,CARGO_BT,HAZ_INV,HAZ_PLAC,HAZ_ID,HAZ_CNO,HAZ_REL,BUS_USE,SPEC_USE,EMER_USE,TRAV_SP,UNDERIDE,ROLLOVER,ROLINLOC,IMPACT1,IMPACT2,DEFORMED,TOWED,M_HARM,VEH_SC1,VEH_SC2,FIRE_EXP,DR_PRES,L_STATE,DR_ZIP,L_STATUS,L_TYPE,CDL_STAT,L_ENDORS,L_COMPL,L_RESTRI,DR_HGT,DR_WGT,PREV_ACC,PREV_SUS,PREV_DWI,PREV_SPD,PREV_OTH,FIRST_MO,FIRST_YR,LAST_MO,LAST_YR,SPEEDREL,DR_SF1,DR_SF2,DR_SF3,DR_SF4,VTRAFWAY,VNUM_LAN,VSPD_LIM,VALIGN,VPROFILE,VPAVETYP,VSURCOND,VTRAFCON,VTCONT_F,P_CRASH1,P_CRASH2,P_CRASH3,PCRASH4,PCRASH5,ACC_TYPE,DEATHS,DR_DRINK
12,120328,1,2,1,31,3,21,45,12,6,1,0,12,1,20,2,20002,4,2002,2G1WH55K6293,2,G,1,W,H,5,5,K,6,2,9,3,0,P,CHEV,IPL,4D,2,17,3466,,0,1105,,G,,F,6,231,,,16R225,,,,,,0,0,000000000,00000000000,0,0,0,1,0,0,0,0,0,0,0,10,0,0,0,9,9,6,2,12,0,0,0,1,12,34104,6,1,0,0,3,3,66,999,0,0,0,2,1,4,2008,6,2009,0,38,0,0,0,1,2,25,1,1,8,1,20,3,11,15,1,1,1,82,1,0
12,120328,2,2,1,31,3,21,45,12,6,1,0,12,3,12,16,12016,4,2005,2FAHP71W05X1,2,F,A,H,P,7,1,W,0,5,X,1,0,P,FORD,CVP,4D,5,17,0,,0,1147,,G,,F,8,281,,,16R225,,,,,,0,0,000000000,00000000000,0,0,0,1,0,0,0,0,0,0,0,101,0,0,0,12,12,6,2,12,0,0,0,1,12,34112,6,1,0,0,3,0,68,999,0,0,0,0,0,0,0,0,0,1,0,0,0,0,2,2,45,1,1,8,1,0,0,1,67,6,1,2,83,0,0
12,120329,1,2,2,1,4,6,56,12,6,1,0,12,2,24,1,24001,4,1995,1G8ZH5282SZ3,1,G,8,Z,H,5,2,8,2,S,Z,3,0,P,STRN,SL1,4D,95,17,2252,,0,1024,,G,,F,4,116,,,14R175,,,,,,0,0,000000000,00000000000,0,0,0,1,0,0,0,0,0,0,0,15,0,0,0,3,3,6,2,12,0,0,0,1,12,33606,0,0,0,0,0,0,999,999,0,0,0,0,0,0,0,0,0,0,39,38,0,0,2,3,45,1,1,8,1,3,3,12,98,1,1,2,98,1,0
12,120329,2,2,2,1,4,6,56,12,6,1,0,12,3,12,461,12461,21,2007,1FTNE14W17DA,1,F,T,N,E,1,4,W,1,7,D,A,0,T,FORD,15V,CG,7,17,,2,0,1380,VAN,G,,,8,281,,,,B,00000,00,E,42,0,0,000000000,00000000000,0,0,0,1,0,0,0,0,0,0,0,45,0,0,0,1,1,4,1,12,0,0,0,1,12,33615,6,1,0,0,3,0,72,999,0,0,0,0,0,0,0,0,0,0,0,0,0,0,2,3,45,1,1,8,1,3,3,1,62,1,1,1,98,0,0
12,120330,1,2,1,1,4,19,55,12,6,1,0,12,1,12,17,12017,4,2005,1FAFP53265A1,1,F,A,F,P,5,3,2,6,5,A,1,0,P,FORD,TSE,4D,5,17,3306,,0,1085,,F,,F,6,182,,,16R215,,,,,,0,0,000000000,00000000000,0,0,0,1,0,0,0,0,0,0,0,10,0,0,0,1,1,6,2,12,0,0,0,1,12,32452,6,1,0,0,3,0,70,999,0,0,0,1,0,4,2010,4,2010,0,48,0,0,0,1,2,55,1,1,8,1,3,3,11,15,1,1,1,82,0,0
12,120330,2,2,1,1,4,19,55,12,6,1,0,12,1,72,706,72706,80,2002,1HD1CGP182K1,1,H,D,1,C,G,P,1,8,2,K,1,0,M,HD,20C,RS,2,17,,,,,,,1200,,2,,4,491,,,,,,,0,0,000000000,00000000000,0,0,0,1,0,0,0,0,0,0,0,45,0,0,0,12,12,6,2,12,0,0,0,1,12,32440,6,1,0,0,3,0,72,999,0,0,0,0,0,0,0,0,0,0,0,0,0,0,1,2,55,1,1,8,1,3,3,1,67,1,1,1,83,1,0
12,120331,1,3,3,1,4,14,20,12,7,1,0,12,1,37,32,37032,4,1997,1HGCD5637VA0,1,H,G,C,D,5,6,3,7,V,A,0,0,P,HOND,ULE,4D,97,17,2864,,0,1069,,G,,F,4,132,,,15R185,,,,,,0,0,000000000,00000000000,0,0,0,1,0,0,0,0,0,0,0,55,0,0,0,10,10,6,2,12,0,0,0,1,12,34491,6,1,0,0,3,0,76,999,0,0,0,0,0,0,0,0,0,0,28,0,0,0,2,2,55,1,1,8,1,0,0,15,10,1,1,2,45,1,1
12,120331,2,3,2,1,4,14,20,12,7,1,0,12,1,49,50,49050,3,2009,JTKDE1676902,J,T,K,D,E,1,6,7,6,9,0,2,0,P,TOYT,SXC,2H,9,17,2905,,0,1063,,G,,F,4,144,,,17R215,,,,,,0,0,000000000,00000000000,0,0,0,1,0,0,0,0,0,0,0,55,0,1,5,4,4,6,2,1,0,0,0,1,12,33511,6,1,0,0,3,0,66,999,0,1,0,1,0,8,2010,8,2010,0,0,0,0,0,2,2,55,1,1,8,1,0,0,1,61,1,1,1,44,0,0
12,120331,3,3,1,1,4,14,20,12,7,1,0,12,1,37,441,37441,20,2006,5FNRL38826B1,5,F,N,R,L,3,8,8,2,6,B,1,0,P,HOND,UDY,SV,6,17,4655,,0,1181,,G,,F,6,213,,,17R235,,,,,,0,0,000000000,00000000000,0,0,0,1,0,0,0,0,0,0,0,999,0,0,0,9,9,6,2,12,0,0,0,1,12,34474,6,1,0,0,3,3,66,999,1,0,0,0,1,3,2009,3,2009,0,0,0,0,0,1,2,30,1,1,8,1,20,3,99,66,1,1,1,98,0,0
12,120332,1,1,1,2,4,23,0,8,0,1,1,99,9,99,999,99999,99,9999,999999999999,9,9,9,9,9,9,9,9,9,9,9,9,0,,,,,,,,,,,,,,,,,,,,,,,,,0,0,000000000,00000000000,0,0,0,1,0,0,0,0,0,0,0,40,0,0,0,1,1,9,1,8,0,0,0,1,99,99999,9,9,99,9,9,9,999,999,99,99,99,99,99,99,9999,99,9999,0,0,0,0,0,1,2,40,1,1,8,1,0,0,1,80,1,1,1,13,0,0
12,120333,1,2,1,3,4,14,6,12,2,1,0,12,1,76,705,76705,80,1995,JYA3HHE00SA0,J,Y,A,3,H,H,E,0,0,S,A,0,0,M,YAMA,F6R,RC,95,17,,,,,,,599,,4,,4,395,,,,,,,0,0,000000000,00000000000,0,0,0,1,0,0,0,0,0,0,0,45,0,0,0,12,12,6,2,12,0,0,0,1,12,32967,6,1,0,0,3,0,69,999,0,0,0,0,0,0,0,0,0,1,36,0,0,0,1,2,45,2,1,8,1,0,0,14,10,1,1,2,50,1,0
12,120333,2,2,3,3,4,14,6,12,2,1,0,12,2,41,441,41441,20,2003,JM3LW28A0303,J,M,3,L,W,2,8,A,0,3,0,3,0,P,MAZD,MWG,SV,3,17,3662,,0,1118,,G,,F,6,181,,,000000,,,,,,0,0,000000000,00000000000,0,0,0,1,0,0,0,0,0,0,0,45,0,0,0,12,12,6,2,12,0,0,0,1,12,34953,6,1,0,0,3,0,65,999,1,3,0,3,0,8,2008,12,2010,0,0,0,0,0,1,2,45,3,1,8,1,0,0,14,62,1,1,1,51,0,0
12,120334,1,2,1,3,4,16,47,12,6,1,0,12,2,12,481,12481,31,2004,2FTRX17WX4CA,2,F,T,R,X,1,7,W,X,4,C,A,0,T,FORD,HER,4C,4,17,,2,1570,1390,COF,G,,,8,281,,,,B,4290,00,U,42,0,0,000000000,00000000000,0,0,0,1,0,0,0,0,0,0,0,15,0,0,0,10,10,6,2,12,0,0,0,1,12,34773,6,1,0,0,3,0,64,999,0,0,0,0,0,0,0,0,0,0,38,0,0,0,1,2,35,1,1,8,1,20,3,11,15,1,1,1,82,0,0
12,120334,2,2,2,3,4,16,47,12,6,1,0,12,1,73,706,73706,80,2009,JKBVNRC129A0,J,K,B,V,N,R,C,1,2,9,A,0,0,M,KAWK,V7C,RS,9,17,,,,,,,1700,,2,,4,833,,,,,,,0,0,000000000,00000000000,0,0,0,1,0,0,0,0,0,0,0,55,0,0,0,12,12,6,2,12,0,0,0,1,12,32927,6,1,0,0,3,3,70,999,0,0,0,0,0,0,0,0,0,0,0,0,0,0,2,2,65,1,1,8,1,0,0,1,67,1,1,1,83,2,0
12,120336,1,1,1,8,4,6,10,8,0,1,0,12,1,35,47,35047,4,2001,1N4DL01D91C2,1,N,4,D,L,0,1,D,9,1,C,2,0,P,NISS,AXE,4D,1,17,2754,,0,1031,,G,,F,4,146,,,15R195,,,,,,0,0,000000000,00000000000,0,0,0,1,0,0,0,0,0,0,0,65,0,0,0,12,12,6,2,8,0,0,0,1,12,33322,6,1,0,0,3,0,68,999,0,0,0,0,0,0,0,0,0,0,0,0,0,0,3,4,70,1,1,8,1,0,0,1,80,1,1,1,13,0,0
12,120337,1,2,1,8,4,6,15,12,2,1,0,12,1,52,37,52037,2,2003,4A3AC84H73E0,4,A,3,A,C,8,4,H,7,3,E,0,0,P,MITS,ECG,2H,3,17,3120,,0,1008,,G,,F,6,183,,,17R215,,,,,,0,0,000000000,00000000000,0,0,0,1,0,0,0,0,0,0,0,55,0,0,0,12,12,6,2,12,0,0,0,1,12,32566,6,1,0,0,3,0,71,999,0,0,0,0,0,0,0,0,0,0,51,0,0,0,1,2,55,1,1,8,1,0,0,1,12,99,1,4,50,1,1
12,120337,2,2,1,8,4,6,15,12,2,1,0,12,3,87,881,87881,63,2002,2NPNLD9X82M5,2,N,P,N,L,D,9,X,8,2,M,5,0,T,PTRB,330,CC,2,17,,8,0,0,CON,D,,,6,439,,,,,00000,00,,64,0,12,1050616,121050616,3,2,1,1,0,0,0,0,0,0,0,30,0,0,0,12,12,6,2,12,0,0,0,1,12,32442,6,1,6,3,3,0,70,999,0,0,0,0,0,0,0,0,0,0,0,0,0,0,1,2,55,1,1,8,1,0,0,1,62,7,1,4,51,0,0
12,120338,1,1,1,11,4,13,19,8,0,1,0,12,1,12,881,12881,61,2011,1FT8W4DT4BEB,1,F,T,8,W,4,D,T,4,B,E,B,0,T,FORD,F4D,CW,11,17,,3,0,1724,DRW,D,,,8,409,,,,D,8687,00,7,44,0,88,888888888,88888888888,2,1,96,1,0,0,0,0,0,0,0,30,0,0,0,12,12,0,1,8,0,0,0,1,12,34688,6,1,0,0,3,3,71,999,0,0,0,1,0,5,2008,5,2008,0,0,0,0,0,2,2,30,3,1,8,1,0,0,14,80,1,1,1,13,0,0
12,120339,1,2,1,3,4,22,56,12,1,1,0,12,3,98,709,98709,80,1980,MICH80576,M,I,C,H,8,0,5,7,6,,,,0,U,,,,80,9,,,,,,,,,,,,,,,,,,,0,0,000000000,00000000000,0,0,0,1,0,0,0,0,0,0,0,45,0,0,0,12,12,6,2,12,0,0,0,1,12,33707,6,1,0,0,3,0,70,999,0,1,0,0,2,5,2009,3,2010,0,36,0,0,0,3,3,40,1,1,8,1,0,0,1,51,1,1,1,24,1,0
12,120339,2,2,1,3,4,22,56,12,1,1,0,12,3,92,989,92989,52,2009,15GGB3015911,1,5,G,G,B,3,0,1,5,9,1,1,0,P,GILL,,,9,17,,,,,,,,,,,,,,,,,,,0,12,3795,123795,3,21,22,1,0,0,0,0,6,0,0,23,0,0,0,6,6,4,1,12,0,0,0,1,12,33701,6,1,6,3,3,0,67,999,0,0,0,0,0,0,0,0,0,0,0,0,0,0,3,3,40,1,1,8,1,0,0,1,53,1,1,1,25,0,0
12,120340,1,1,6,6,2,11,26,1,0,1,0,12,2,12,422,12422,15,2003,1FMFU17L03LB,1,F,M,F,U,1,7,L,0,3,L,B,0,P,FORD,EPT,UT,3,17,5416,,0,1191,,G,,F,8,330,,,17R265,,,,,,0,0,000000000,00000000000,0,0,0,1,0,0,0,0,0,0,0,65,0,1,5,0,9,6,2,1,0,0,0,1,12,32812,6,1,0,0,3,0,67,999,1,0,0,0,1,12,2009,1,2010,0,36,0,0,0,3,3,65,1,5,8,1,0,0,15,13,1,3,4,2,2,0
12,120341,1,1,1,29,3,22,5,8,0,1,0,12,3,82,883,82883,66,2008,1FUJA6CK08LY,1,F,U,J,A,6,C,K,0,8,L,Y,1,T,FRHT,COL,TR,8,17,,8,0,0,CON,D,,,6,855,,,,,00000,00,,64,1,12,340724,12340724,3,6,3,1,0,0,0,0,0,0,0,65,0,0,0,12,12,6,2,8,0,0,0,1,12,32210,6,1,6,3,3,3,71,999,0,0,0,0,1,8,2008,8,2008,0,0,0,0,0,3,3,70,1,1,8,1,0,0,15,80,1,1,1,13,0,0
12,120342,1,1,1,31,3,1,30,32,0,1,0,12,2,20,16,20016,2,1998,1G1JF12T4W72,1,G,1,J,F,1,2,T,4,W,7,2,0,P,CHEV,CZ2,CP,98,17,2749,,0,1041,,G,,F,4,146,,,16R205,,,,,,0,0,000000000,00000000000,0,0,0,1,0,0,0,0,0,0,0,60,0,1,5,7,7,6,2,1,0,0,0,1,12,33880,6,1,0,0,3,0,61,999,0,0,0,0,1,2,2009,2,2009,0,28,0,0,0,1,2,60,1,1,8,2,0,0,1,13,1,1,4,1,1,0
12,120343,1,1,1,2,4,22,25,8,0,1,0,12,2,35,48,35048,2,2004,JN1AZ36A74T0,J,N,1,A,Z,3,6,A,7,4,T,0,0,P,NISS,3ZR,CV,4,17,3302,,0,1043,,G,,F,6,214,,,17R225,,,,,,0,0,000000000,00000000000,0,0,0,1,0,0,0,0,0,0,0,55,0,0,0,12,12,6,2,8,0,0,0,1,12,33579,6,1,0,0,3,0,77,999,0,0,0,0,2,5,2008,2,2009,0,0,0,0,0,2,2,55,1,1,8,1,0,0,1,80,1,1,1,13,0,0
12,120344,1,1,1,6,4,3,26,42,0,1,0,12,1,55,35,55035,4,2005,KMHDN46D85U1,K,M,H,D,N,4,6,D,8,5,U,1,0,P,HYUN,EST,4D,5,17,2635,,0,1027,,G,,F,4,121,,,15R195,,,,,,0,0,000000000,00000000000,0,0,0,1,0,0,0,0,0,0,0,45,0,0,0,9,9,6,2,42,0,0,0,1,12,33901,6,1,0,0,3,0,62,999,0,0,0,0,0,0,0,0,0,0,36,0,0,0,1,2,45,1,1,8,1,0,0,1,13,6,3,4,2,1,0
12,120345,1,2,1,11,3,17,25,12,6,1,0,12,1,12,13,12013,4,1999,1FAFP13P7XW1,1,F,A,F,P,1,3,P,7,X,W,1,0,P,FORD,ESE,4D,99,17,2468,,0,984,,G,,F,4,122,,,14R185,,,,,,0,0,000000000,00000000000,0,0,0,1,0,0,0,0,0,0,0,10,0,0,0,2,2,4,3,12,0,0,0,1,12,32025,6,1,6,0,3,0,69,999,0,0,0,0,0,0,0,0,0,0,48,0,0,0,1,2,60,1,1,8,1,0,0,12,98,1,1,6,98,0,0
12,120345,2,2,1,11,3,17,25,12,6,1,0,12,1,76,709,76709,80,2009,JYAVN01E99A0,J,Y,A,V,N,0,1,E,9,9,A,0,0,M,YAMA,V95,RS,9,17,,,,,,,942,,2,,4,612,,,,,,,0,0,000000000,00000000000,0,0,0,1,0,0,0,0,0,0,0,32,0,0,0,12,12,4,3,12,0,0,0,1,12,32024,6,1,0,0,3,0,73,999,0,0,0,0,0,0,0,0,0,0,0,0,0,0,1,2,60,1,1,8,1,0,0,1,62,1,1,1,98,1,0
12,120346,1,1,1,1,4,14,37,25,0,1,0,12,1,76,705,76705,80,2009,JYARJ16E19A0,J,Y,A,R,J,1,6,E,1,9,A,0,0,M,YAMA,R6L,RC,9,17,,,,,,,599,,4,,4,414,,,,,,,0,0,000000000,00000000000,0,0,0,1,0,0,0,0,0,0,0,80,0,0,0,12,12,6,2,25,0,0,0,1,12,33324,6,1,0,0,3,0,71,999,1,1,0,1,0,6,2010,11,2010,0,36,0,0,0,3,2,65,1,6,8,1,0,0,1,13,1,1,4,1,1,0
12,120347,1,1,4,2,4,19,0,53,0,1,0,12,2,12,481,12481,31,2003,1FTNX21F13EA,1,F,T,N,X,2,1,F,1,3,E,A,1,T,FORD,F2S,4C,3,17,,2,1580,1418,SRW,D,,,8,444,,,,C,5982,02,U,44,1,0,000000000,00000000000,0,0,0,1,0,0,0,0,0,0,0,60,0,1,5,3,3,6,2,1,0,0,0,1,12,32086,6,1,0,0,3,0,71,999,0,0,0,1,0,3,2010,3,2010,0,28,0,0,0,1,2,45,1,1,8,1,0,0,1,13,1,1,4,1,1,1
12,120348,1,2,3,8,4,20,35,12,6,1,0,0,0,98,998,98998,97,2004,999999999999,9,9,9,9,9,9,9,9,9,9,9,9,1,,,,,,,,,,,,,,,,,,,,,,,,,1,0,000000000,00000000000,0,0,0,1,0,0,0,0,0,0,0,5,0,1,5,3,3,6,2,12,0,0,0,1,12,34442,6,1,0,0,3,0,74,999,0,1,0,0,0,4,2010,4,2010,0,38,0,0,0,5,2,50,1,1,8,1,0,0,11,15,1,1,1,68,1,1
12,120348,2,2,3,8,4,20,35,12,6,1,0,12,1,12,880,12880,67,2005,1FTWW31P85EA,1,F,T,W,W,3,1,P,8,5,E,A,0,T,FORD,F3S,CW,5,17,,3,1724,1562,SRW,D,,,8,366,,,,D,6347,00,E,44,0,88,888888888,88888888888,2,1,97,1,0,0,0,0,0,0,0,50,0,0,0,12,12,4,3,12,0,0,0,1,12,34448,6,1,0,0,3,0,69,999,0,0,0,0,0,0,0,0,0,0,0,0,0,0,5,2,50,1,1,8,1,0,0,1,62,1,1,1,69,0,0
12,120349,1,1,6,17,4,20,33,1,0,1,0,12,2,7,482,7482,31,1997,1B7HC13Y6VJ5,1,B,7,H,C,1,3,Y,6,V,J,5,0,T,DODG,150,PC,97,17,,2,1547,1387,RPC,G,,,8,318,,,,B,4379,01,M,42,0,0,000000000,00000000000,0,0,0,1,0,0,0,0,0,0,0,71,0,1,3,0,0,6,2,1,0,0,0,1,12,33327,6,1,0,0,3,0,68,999,0,0,0,0,0,0,0,0,0,0,36,0,0,0,3,2,70,1,1,8,1,0,0,1,10,7,1,4,6,2,0
12,120350,1,1,1,17,4,3,12,25,0,1,0,12,2,37,31,37031,2,2002,1HGEM22562L1,1,H,G,E,M,2,2,5,6,2,L,1,0,P,HOND,UCL,CP,2,17,2496,,0,1031,,G,,F,4,102,,,14R185,,,,,,0,0,000000000,00000000000,0,0,0,1,0,0,0,0,0,0,0,90,0,1,3,11,11,6,2,1,0,0,0,1,12,33062,6,1,0,0,3,0,74,999,0,1,0,1,0,11,2010,2,2011,0,36,0,0,0,3,4,65,1,5,8,1,0,0,1,12,1,1,4,6,1,1
12,120351,1,2,1,17,4,21,56,12,6,1,0,12,1,72,706,72706,80,2001,1HD1GKV171Y3,1,H,D,1,G,K,V,1,7,1,Y,3,0,M,HD,XDP,RS,1,17,,,,,,,1450,,2,,4,999,,,,,,,0,0,000000000,00000000000,0,0,0,1,0,0,0,0,0,0,0,90,0,0,0,11,11,6,2,1,0,0,0,1,12,32952,6,1,0,0,3,3,72,999,0,1,1,0,0,10,2010,3,2011,1,36,0,0,0,5,5,45,1,1,8,1,3,3,1,50,1,1,1,48,1,1
12,120351,2,2,1,17,4,21,56,12,6,1,0,12,1,35,401,35401,14,1995,JN8HD17Y2SW0,J,N,8,H,D,1,7,Y,2,S,W,0,0,P,NISS,PFI,UT,95,17,3961,,0,1043,,G,,F,6,181,,,15R235,,,,,,0,0,000000000,00000000000,0,0,0,1,0,0,0,0,0,0,0,0,0,0,0,5,5,6,2,12,0,0,0,1,12,32952,6,1,0,0,3,0,71,999,0,0,0,0,0,0,0,0,0,0,0,0,0,0,5,5,45,1,1,8,1,3,3,5,53,1,1,1,48,0,0
12,120352,1,1,1,28,1,0,0,8,0,1,0,12,1,12,37,12037,3,2007,1FAFP31N27W2,1,F,A,F,P,3,1,N,2,7,W,2,0,P,FORD,FMS,3P,7,17,2605,,0,1029,,G,,F,4,122,,,15R195,,,,,,0,0,000000000,00000000000,0,0,0,1,0,0,0,0,0,0,0,45,0,0,0,12,12,6,2,8,0,0,0,1,12,32779,6,1,0,0,3,0,69,999,0,0,0,0,0,0,0,0,0,0,0,0,0,0,3,3,45,1,1,8,1,0,0,1,80,1,1,1,13,0,0
12,120353,1,1,1,30,1,1,40,42,0,1,0,12,2,37,32,37032,4,1990,1HGCB7660LA0,1,H,G,C,B,7,6,6,0,L,A,0,0,P,HOND,AER,4D,90,17,2923,,0,1071,,G,,F,4,132,,,15R195,,,,,,0,0,000000000,00000000000,0,0,0,1,0,0,0,0,0,0,0,80,0,0,0,3,3,6,2,42,0,0,0,1,12,33036,6,1,0,0,3,3,69,999,0,0,0,0,0,0,0,0,0,0,0,0,0,0,1,2,55,1,1,8,1,0,0,1,13,1,4,4,2,1,0
12,120354,1,2,2,4,3,11,35,12,6,1,0,12,2,23,421,23421,15,2000,1GKCS13W2Y23,1,G,K,C,S,1,3,W,2,Y,2,3,0,T,GMC,JMY,4W,0,17,,1,0,1070,JMY,G,,,6,262,,,,B,3720,00,E,42,0,0,000000000,00000000000,0,0,0,1,0,0,0,0,0,0,0,10,0,0,0,3,3,0,1,12,0,0,0,1,12,33890,6,1,0,0,3,3,72,999,0,0,0,0,0,0,0,0,0,0,38,0,0,0,2,2,45,1,1,8,1,3,3,11,15,1,1,1,68,0,0
12,120354,2,2,2,4,3,11,35,12,6,1,0,12,1,72,706,72706,80,2008,1HD1FC4168Y7,1,H,D,1,F,C,4,1,6,8,Y,7,0,M,HD,FLU,RS,8,17,,,,,,,1584,,2,,4,851,,,,,,,0,0,000000000,00000000000,0,0,0,1,0,0,0,0,0,0,0,35,0,0,0,12,12,6,2,12,0,0,0,1,12,34203,6,1,0,0,3,0,78,999,0,0,0,0,0,0,0,0,0,0,0,0,0,0,2,2,45,1,1,8,1,3,3,1,62,98,1,1,69,1,0
12,120355,1,1,1,6,3,4,48,21,0,1,0,12,3,41,50,41050,4,2004,1YVHP81D245N,1,Y,V,H,P,8,1,D,2,4,5,N,0,P,MAZD,M6S,4D,4,17,3241,,0,1053,,G,,F,6,181,,,17R215,,,,,,0,0,000000000,00000000000,0,0,0,1,0,0,0,0,0,0,0,60,0,1,5,1,1,6,2,1,0,0,0,1,12,33647,6,1,0,0,3,0,66,999,0,0,0,1,0,12,2010,12,2010,0,36,0,0,0,6,1,35,3,1,8,1,0,0,14,13,1,1,4,1,1,0
12,120356,1,2,3,12,3,23,42,12,6,1,0,12,1,37,31,37031,2,1999,1HGEJ8241XL0,1,H,G,E,J,8,2,4,1,X,L,0,0,P,HOND,UAX,CP,99,17,2560,,0,1032,,G,,F,4,097,,,14R185,,,,,,0,0,000000000,00000000000,0,0,0,1,0,0,0,0,0,0,0,90,0,1,5,5,5,6,2,12,0,0,0,1,12,34747,6,1,0,0,3,0,73,999,0,0,0,0,0,0,0,0,0,1,36,0,0,0,2,2,45,1,1,8,1,0,0,1,12,1,4,4,64,1,0
12,120356,2,2,2,12,3,23,42,12,6,1,0,26,3,23,431,23431,16,2000,3GKFK16T1YG1,3,G,K,F,K,1,6,T,1,Y,G,1,0,T,GMC,KX1,4W,0,17,,2,0,1300,YUK,G,,,8,325,,,,B,5123,00,K,44,0,0,000000000,00000000000,0,0,0,1,0,0,0,0,0,0,0,40,0,0,0,12,12,6,2,12,0,0,0,1,12,32955,1,1,0,0,2,0,68,999,0,1,0,1,0,6,2009,3,2011,0,92,0,0,0,2,2,45,1,1,8,1,0,0,1,62,1,1,1,65,0,0
12,120357,1,1,1,20,3,0,0,42,0,1,0,12,1,49,32,49032,4,2002,1NXBR12E52Z5,1,N,X,B,R,1,2,E,5,2,Z,5,0,P,TOYT,UCS,4D,2,17,2405,,0,970,,G,,F,4,109,,,14R175,,,,,,0,0,000000000,00000000000,0,0,0,1,0,0,0,0,0,0,0,50,0,0,0,12,12,6,2,42,0,0,0,1,12,32812,6,1,0,0,3,3,61,999,0,0,0,1,0,6,2010,6,2010,0,28,0,0,0,2,2,35,2,1,8,1,0,0,14,12,1,1,4,6,1,0
12,120358,1,2,1,21,3,6,40,12,2,1,0,12,1,12,471,12471,30,1999,1FTYR10X4XPA,1,F,T,Y,R,1,0,X,4,X,P,A,0,T,FORD,RNG,PK,99,17,,1,1175,1116,RNG,G,,,6,245,,,,B,00000,00,U,42,0,0,000000000,00000000000,0,0,0,1,0,0,0,0,0,0,0,55,0,0,0,12,12,6,2,12,0,0,0,1,12,32011,6,1,0,0,3,0,68,999,0,0,0,1,0,2,2010,2,2010,0,28,0,0,0,1,2,55,1,1,8,1,0,0,1,10,1,1,2,50,1,0
12,120358,2,2,1,21,3,6,40,12,2,1,0,12,3,85,881,85881,66,2009,1XKDD49X89J2,1,X,K,D,D,4,9,X,8,9,J,2,1,T,KW,T80,TR,9,17,,8,2600,1600,CON,D,,,6,915,,,,,00000,00,,64,1,12,1534891,121534891,3,6,7,1,0,0,0,0,0,0,0,55,0,0,0,12,12,6,2,12,0,0,0,1,12,32084,6,1,6,0,3,0,71,999,0,0,0,0,0,0,0,0,0,0,0,0,0,0,1,2,55,1,1,8,1,0,0,1,62,1,1,1,51,0,0
12,120359,1,1,1,21,3,5,21,8,0,1,1,12,1,6,42,6042,4,1997,2C3HC56F1VH7,2,C,3,H,C,5,6,F,1,V,H,7,0,P,CHRY,LHS,4D,97,17,3527,,0,1130,,G,,F,6,215,,,16R225,,,,,,0,0,000000000,00000000000,0,0,0,1,0,0,0,0,0,0,0,45,0,0,0,12,12,4,3,8,0,0,0,1,12,34608,6,1,0,0,3,0,63,999,0,0,0,0,0,0,0,0,0,0,0,0,0,0,1,2,45,1,8,8,1,0,0,1,80,1,1,1,13,0,0
12,120360,1,2,1,24,3,3,47,12,2,1,0,12,1,21,21,21021,2,1999,1G3NL12E7XC3,1,G,3,N,L,1,2,E,7,X,C,3,0,P,OLDS,A/G,CP,99,17,2963,,0,1070,,G,,F,6,207,,,15R215,,,,,,0,0,000000000,00000000000,0,0,0,1,0,0,0,0,0,0,0,65,0,0,0,12,12,6,2,12,0,0,0,1,12,32763,6,1,0,0,3,0,73,999,0,3,0,1,2,3,2010,10,2010,0,36,0,0,0,2,2,65,1,1,8,1,0,0,1,54,1,1,1,52,1,1
12,120360,2,2,1,24,3,3,47,12,2,1,0,12,2,30,47,30047,1,2005,3VWCM31Y95M3,3,V,W,C,M,3,1,Y,9,5,M,3,0,P,VOLK,NGS,CV,5,17,3008,,0,989,,G,,F,4,121,,,16R205,,,,,,0,0,000000000,00000000000,0,0,0,1,0,0,0,0,0,0,0,65,0,0,0,12,12,6,2,12,0,0,0,1,12,32806,6,1,0,0,3,3,68,999,0,0,0,0,0,0,0,0,0,0,0,0,0,0,2,2,65,1,1,8,1,0,0,1,54,1,1,1,52,1,0
12,120361,1,2,1,27,3,13,22,12,2,1,0,12,2,20,421,20421,15,2010,1GNUCCE08AR1,1,G,N,U,C,C,E,0,8,A,R,1,0,P,CHEV,CTA,UT,10,17,5265,,0,1160,,F,,F,8,323,,,20R275,,,,,,0,0,000000000,00000000000,0,0,0,1,0,0,0,0,0,0,0,67,0,0,0,12,12,6,2,12,0,0,0,1,12,33471,6,1,0,0,3,0,71,999,0,0,0,0,0,0,0,0,0,0,28,0,0,0,1,2,60,2,1,8,1,0,0,14,10,7,1,2,50,0,0