STATE,ST_CASE,VEH_NO,VE_FORMS,NUMOCCS,DAY,MONTH,HOUR,MINUTE,HARM_EV,MAN_COLL,UNITTYPE,HIT_RUN,REG_STAT,OWNER,MAKE,MODEL,MAK_MOD,BODY_TYP,MOD_YEAR,VIN,VIN_1,VIN_2,VIN_3,VIN_4,VIN_5,VIN_6,VIN_7,VIN_8,VIN_9,VIN_10,VIN_11,VIN_12,TOW_VEH,VINTYPE,VINMAKE,VINA_MOD,VIN_BT,VINMODYR,VIN_LNGT,VIN_WGT,WGTCD_TR,WHLBS_LG,WHLBS_SH,SER_TR,FUELCODE,MCYCL_DS,CARBUR,CYLINDER,DISPLACE,MCYCL_CY,MCYCL_WT,TIRE_SZE,TON_RAT,TRK_WT,TRKWTVAR,VIN_REST,WHLDRWHL,J_KNIFE,MCARR_I1,MCARR_I2,MCARR_ID,GVWR,V_CONFIG,CARGO_BT,HAZ_INV,HAZ_PLAC,HAZ_ID,HAZ_CNO,HAZ_REL,BUS_USE,SPEC_USE,EMER_USE,TRAV_SP,UNDERIDE,ROLLOVER,ROLINLOC,IMPACT1,IMPACT2,DEFORMED,TOWED,M_HARM,VEH_SC1,VEH_SC2,FIRE_EXP,DR_PRES,L_STATE,DR_ZIP,L_STATUS,L_TYPE,CDL_STAT,L_ENDORS,L_COMPL,L_RESTRI,DR_HGT,DR_WGT,PREV_ACC,PREV_SUS,PREV_DWI,PREV_SPD,PREV_OTH,FIRST_MO,FIRST_YR,LAST_MO,LAST_YR,SPEEDREL,DR_SF1,DR_SF2,DR_SF3,DR_SF4,VTRAFWAY,VNUM_LAN,VSPD_LIM,VALIGN,VPROFILE,VPAVETYP,VSURCOND,VTRAFCON,VTCONT_F,P_CRASH1,P_CRASH2,P_CRASH3,PCRASH4,PCRASH5,ACC_TYPE,DEATHS,DR_DRINK
12,120361,2,2,1,27,3,13,22,12,2,1,0,42,2,24,2,24002,2,1999,1G8ZP1285XZ2,1,G,8,Z,P,1,2,8,5,X,Z,2,0,P,STRN,SC1,3P,99,17,0,,0,1024,,G,,F,4,116,,,14R175,,,,,,0,0,000000000,00000000000,0,0,0,1,0,0,0,0,0,0,0,60,0,0,0,12,12,6,2,12,0,0,0,1,42,17347,6,1,0,0,3,3,64,999,0,0,0,1,1,4,2008,5,2009,0,0,0,0,0,1,2,60,3,1,8,1,0,0,14,62,1,1,1,51,1,0
12,120362,1,2,1,1,4,6,30,12,2,1,0,12,3,86,881,86881,63,2001,1M2B212C31M0,1,M,2,B,2,1,2,C,3,1,M,0,0,T,MACK,DM6,CC,1,17,,8,0,0,600,D,,,6,728,,,,,00000,00,,64,0,12,100269,12100269,3,2,7,1,0,0,0,0,0,0,0,2,0,0,0,12,12,4,8,12,0,0,0,1,12,43449,6,1,6,0,3,0,70,999,0,0,0,1,0,1,2010,1,2010,0,38,0,0,0,2,2,40,1,1,8,2,3,3,11,10,1,1,1,68,0,0
12,120362,2,2,1,1,4,6,30,12,2,1,0,12,1,12,401,12401,14,1992,1FMDU32X8NUB,1,F,M,D,U,3,2,X,8,N,U,B,0,P,FORD,EPR,UT,92,17,3675,,0,1120,,G,,F,6,245,,,15R225,,,,,,0,0,000000000,00000000000,0,0,0,1,0,0,0,0,0,0,0,40,0,0,0,12,12,6,2,12,0,0,0,1,12,34208,6,1,0,0,3,0,76,999,0,0,0,0,0,0,0,0,0,0,0,0,0,0,2,2,40,1,1,8,2,3,3,1,62,1,1,1,69,1,0
12,120363,1,2,3,2,4,20,4,12,6,1,0,12,2,59,403,59403,14,2005,2T2HA31U75C0,2,T,2,H,A,3,1,U,7,5,C,0,0,P,LEXS,R33,UT,5,17,3860,,0,1069,,G,,F,6,202,,,18R235,,,,,,0,0,000000000,00000000000,0,0,0,1,0,0,0,0,0,0,0,32,0,0,0,12,12,6,2,12,0,0,0,1,12,32824,6,1,0,0,3,0,60,999,0,0,0,0,0,0,0,0,0,0,51,28,0,0,1,2,30,2,1,8,1,0,0,14,10,1,1,2,64,0,0
12,120363,2,2,1,2,4,20,4,12,6,1,0,12,1,7,20,7020,4,1997,1B3ES47YXVD2,1,B,3,E,S,4,7,Y,X,V,D,2,0,P,DODG,NHS,4D,97,17,2517,,0,1040,,G,,F,4,122,,,14R185,,,,,,0,0,000000000,00000000000,0,0,0,1,0,0,0,0,0,0,0,15,0,0,0,9,9,6,2,12,0,0,0,1,12,32824,6,1,0,0,3,3,68,999,0,0,0,0,0,0,0,0,0,0,0,0,0,0,1,2,30,3,1,8,1,0,0,14,62,1,1,1,65,1,0
12,120364,1,3,6,3,4,18,45,25,0,1,0,12,1,12,401,12401,14,1998,1FMZU34E3WUA,1,F,M,Z,U,3,4,E,3,W,U,A,0,P,FORD,EPR,UT,98,17,4146,,0,1115,,G,,F,6,245,,,15R225,,,,,,0,0,000000000,00000000000,0,0,0,1,0,0,0,0,0,0,0,80,0,1,3,99,99,6,2,25,0,0,0,1,12,33071,6,1,0,0,3,0,66,999,0,0,0,0,0,0,0,0,0,0,58,0,0,0,3,2,70,1,1,8,1,28,3,1,1,99,1,4,6,3,0
12,120364,2,3,1,3,4,18,45,25,0,1,0,12,1,49,403,49403,14,2002,JTEGF21A5200,J,T,E,G,F,2,1,A,5,2,0,0,0,P,TOYT,HIG,UT,2,17,3660,,0,1069,,G,,F,6,183,,,16R225,,,,,,0,0,000000000,00000000000,0,0,0,1,0,0,0,0,0,0,0,75,0,0,0,8,8,6,2,12,0,0,0,1,12,34952,6,1,0,0,3,0,64,999,0,0,0,0,0,0,0,0,0,0,0,0,0,0,3,2,70,1,1,8,1,28,3,1,60,1,1,1,98,0,0
12,120364,3,3,1,3,4,18,45,25,0,1,0,12,1,12,402,12402,14,2001,1FMYU04131KB,1,F,M,Y,U,0,4,1,3,1,K,B,0,P,FORD,SPE,UT,1,17,3186,,0,1031,,G,,F,6,181,,,15R225,,,,,,0,0,000000000,00000000000,0,0,0,1,0,0,0,0,0,0,0,70,0,0,0,9,9,6,2,54,0,0,0,1,12,33470,6,1,0,0,3,3,64,999,0,0,0,0,0,0,0,0,0,0,0,0,0,0,3,2,70,1,1,8,1,28,3,1,62,1,1,1,98,0,0
12,120365,1,1,1,6,4,8,7,42,0,1,0,12,1,48,34,48034,6,1999,4S3BG6851X66,4,S,3,B,G,6,8,5,1,X,6,6,1,P,SUBA,UVT,SW,99,17,3175,,0,1035,,G,,F,4,150,,,15R205,,,,,,1,0,000000000,00000000000,0,0,0,1,0,0,0,0,0,0,0,70,0,1,5,12,12,6,2,42,0,0,0,1,37,28805,6,1,0,0,3,0,68,999,0,0,0,0,0,0,0,0,0,0,36,0,0,0,3,3,70,1,1,8,1,0,0,1,13,1,1,4,1,1,1
12,120366,1,3,1,7,4,18,24,12,6,1,0,12,2,6,51,6051,4,2004,2C3HE76K44H6,2,C,3,H,E,7,6,K,4,4,H,6,0,P,CHRY,30S,4D,4,17,3518,,0,1130,,G,,F,6,215,,,17R225,,,,,,0,0,000000000,00000000000,0,0,0,1,0,0,0,0,0,0,0,10,0,0,0,2,2,6,2,12,0,0,0,1,12,32809,6,1,0,0,3,3,64,999,0,0,0,0,0,0,0,0,0,0,38,0,0,0,1,2,40,1,1,8,1,20,3,1,17,1,1,1,87,0,0
12,120366,2,3,1,7,4,18,24,12,6,1,0,12,1,72,706,72706,80,2006,1HD1GM1136K3,1,H,D,1,G,M,1,1,3,6,K,3,0,M,HD,FDI,RS,6,17,,,,,,,1450,,2,,4,632,,,,,,,0,0,000000000,00000000000,0,0,0,1,0,0,0,0,0,0,0,40,0,0,0,12,12,6,2,12,0,0,0,1,12,32837,6,1,0,0,3,3,72,999,0,0,0,0,0,0,0,0,0,0,0,0,0,0,5,4,40,1,1,8,1,0,0,1,66,1,1,1,86,1,1
12,120366,3,3,1,7,4,18,24,12,6,1,0,12,1,12,481,12481,31,2006,1FTSW21P46ED,1,F,T,S,W,2,1,P,4,6,E,D,0,T,FORD,F2S,CW,6,17,,2,1720,1560,SRW,D,,,8,366,,,,C,6395,01,E,44,0,0,000000000,00000000000,0,0,0,1,0,0,0,0,0,0,0,0,0,0,0,12,12,4,1,12,0,0,0,1,12,32839,6,1,0,0,3,0,68,999,0,1,0,1,1,12,2008,12,2009,0,0,0,0,0,1,2,15,1,1,8,1,20,3,5,62,1,1,1,98,0,0
12,120367,1,1,1,8,4,5,35,59,0,1,0,12,1,20,481,20481,31,2001,1GCEC14W61Z2,1,G,C,E,C,1,4,W,6,1,Z,2,0,T,CHEV,SC1,PK,1,17,,2,1330,1190,SIL,G,,,6,262,,,,B,4135,00,,42,0,0,000000000,00000000000,0,0,0,1,0,0,0,0,0,0,0,45,0,0,0,12,12,6,2,42,0,0,0,1,12,34758,6,1,0,0,3,0,68,999,0,0,0,1,0,12,2009,12,2009,0,28,0,0,0,1,2,45,1,1,8,1,28,3,1,13,6,1,4,1,1,0
12,120368,1,2,1,8,4,21,28,12,1,1,0,12,1,59,35,59035,4,2002,JTHBD1926200,J,T,H,B,D,1,9,2,6,2,0,0,0,P,LEXS,IS3,4D,2,17,3255,,0,1051,,G,,F,6,183,,,17R215,,,,,,0,0,000000000,00000000000,0,0,0,1,0,0,0,0,0,0,0,90,3,1,1,12,12,6,2,12,0,0,0,1,12,33426,6,1,0,0,3,0,73,999,1,1,0,0,0,2,2011,2,2011,1,36,0,0,0,3,5,65,1,1,8,1,0,0,1,51,7,1,2,24,1,0
12,120368,2,2,2,8,4,21,28,12,1,1,0,12,3,87,881,87881,66,1999,1XPCD69XXXD4,1,X,P,C,D,6,9,X,X,X,D,4,1,T,PTRB,377,TR,99,17,,8,0,0,CON,D,,,6,855,,,,,00000,00,,64,1,12,2037480,122037480,3,6,1,1,0,0,0,0,0,0,0,65,0,0,0,6,6,4,3,12,0,0,0,1,12,33566,6,1,6,0,3,0,72,999,0,0,0,0,1,12,2009,12,2009,0,0,0,0,0,3,5,65,1,1,8,1,0,0,1,60,1,1,1,25,0,0
12,120369,1,2,2,8,4,23,5,12,6,1,0,12,1,20,473,20473,30,2006,1GCCS1364681,1,G,C,C,S,1,3,6,4,6,8,1,0,T,CHEV,RDO,CW,6,17,,1,0,1260,CAL,G,,,5,214,,,,,3684,00,,42,0,0,000000000,00000000000,0,0,0,1,0,0,0,0,0,0,0,15,0,1,1,9,9,6,2,12,0,0,0,1,12,33570,6,1,0,0,3,0,65,999,0,0,0,0,0,0,0,0,0,0,38,0,0,0,2,2,60,1,1,8,1,0,0,11,15,1,1,1,82,2,0
12,120369,2,2,2,8,4,23,5,12,6,1,0,12,1,12,422,12422,15,2003,1FMRU17W03LC,1,F,M,R,U,1,7,W,0,3,L,C,0,P,FORD,EPT,UT,3,17,5416,,0,1191,,G,,F,8,281,,,17R265,,,,,,0,0,000000000,00000000000,0,0,0,1,0,0,0,0,0,0,0,60,0,0,0,12,12,6,2,12,0,0,0,1,12,33570,6,1,0,0,3,0,64,999,0,0,0,0,0,0,0,0,0,0,0,0,0,0,2,2,60,1,1,8,1,0,0,1,67,6,1,2,83,0,1
12,120370,1,2,1,8,4,1,50,12,6,1,0,12,1,20,403,20403,14,2006,1GNDS13SX622,1,G,N,D,S,1,3,S,X,6,2,2,0,P,CHEV,TRL,UT,6,17,4417,,0,1130,,G,,F,6,256,,,16R235,,,,,,0,0,000000000,00000000000,0,0,0,1,0,0,0,0,0,0,0,66,0,0,0,12,12,6,8,12,0,0,0,1,12,32043,6,1,0,0,3,3,69,999,0,0,0,0,0,0,0,0,0,0,39,0,0,0,1,4,35,1,1,8,1,3,3,1,17,1,1,1,88,0,0
12,120370,2,2,1,8,4,1,50,12,6,1,0,12,1,49,40,49040,4,2007,4T1BE46KX7U6,4,T,1,B,E,4,6,K,X,7,U,6,0,P,TOYT,CMB,4D,7,17,3108,,0,1093,,G,,F,4,146,,,15R205,,,,,,0,0,000000000,00000000000,0,0,0,1,0,0,0,0,0,0,0,5,0,0,0,9,9,6,8,12,0,0,0,1,12,32046,6,1,0,0,3,0,71,999,0,0,0,0,0,0,0,0,0,0,0,0,0,0,1,2,35,1,1,8,1,20,3,1,66,1,1,1,89,1,0
12,120371,1,1,1,9,4,1,30,8,0,1,0,12,1,49,40,49040,4,2006,4T1BE32K16U7,4,T,1,B,E,3,2,K,1,6,U,7,0,P,TOYT,UXS,4D,6,17,3108,,0,1071,,G,,F,4,144,,,15R205,,,,,,0,0,000000000,00000000000,0,0,0,1,0,0,0,0,0,0,0,35,0,0,0,1,1,2,8,8,0,0,0,1,12,32828,6,1,0,0,3,3,63,999,0,1,0,0,1,1,2009,1,2010,0,0,0,0,0,3,4,45,1,1,8,1,0,0,1,80,1,1,1,13,0,0
12,120372,1,1,4,10,4,16,45,8,0,1,0,12,2,59,32,59032,4,1997,JT6HJ88J1V01,J,T,6,H,J,8,8,J,1,V,0,1,0,P,LEXS,LX4,UT,97,17,4971,,0,1122,,G,,F,6,273,,,16R275,,,,,,0,0,000000000,00000000000,0,0,0,1,0,0,0,0,0,0,0,10,0,0,0,1,1,2,3,8,0,0,0,1,12,32839,0,0,0,0,0,0,999,999,0,0,0,0,0,0,0,0,0,0,0,0,0,0,1,2,10,3,1,8,1,0,0,14,80,1,1,1,13,0,0
12,120373,1,1,2,10,4,2,57,1,0,1,0,12,2,12,481,12481,31,2002,1FTRX18W92NA,1,F,T,R,X,1,8,W,9,2,N,A,0,T,FORD,F15,4C,2,17,,2,1574,1388,COF,G,,,8,281,,,,B,4639,05,U,44,0,0,000000000,00000000000,0,0,0,1,0,0,0,0,0,0,0,55,0,1,5,0,0,6,2,1,0,0,0,1,12,33936,6,1,0,0,3,0,75,999,0,0,0,2,0,5,2010,11,2010,0,38,0,0,0,1,2,55,1,1,8,1,0,0,1,13,1,1,4,1,1,1
12,120374,1,1,1,10,4,0,8,42,0,1,0,12,1,59,31,59031,4,1999,JT8BF28G1X50,J,T,8,B,F,2,8,G,1,X,5,0,0,P,LEXS,ES3,4D,99,17,3351,,0,1051,,G,,F,6,183,,,15R205,,,,,,0,0,000000000,00000000000,0,0,0,1,0,0,0,0,0,0,0,40,0,0,0,12,12,6,2,42,0,0,0,1,12,34746,6,1,0,0,3,3,74,999,1,0,0,0,1,9,2010,10,2010,0,36,0,0,0,4,1,20,2,1,8,11,0,0,14,13,1,1,4,1,1,1
12,120375,1,2,1,11,4,15,16,12,6,1,0,12,3,20,481,20481,31,2007,1GBHC24U47E1,1,G,B,H,C,2,4,U,4,7,E,1,0,T,CHEV,2CH,PK,7,17,,2,0,1330,SIL,G,,,8,366,,,,C,5142,00,,42,0,0,000000000,00000000000,0,0,0,1,0,0,0,0,0,0,0,5,0,0,0,10,10,6,2,12,0,0,0,1,12,32136,6,1,6,0,3,3,69,999,0,1,0,0,1,11,2008,8,2009,0,38,0,0,0,2,2,65,1,1,8,1,0,0,1,98,1,1,1,98,0,0
12,120375,2,2,1,11,4,15,16,12,6,1,0,12,1,53,704,53704,80,2006,JS1CK43A6621,J,S,1,C,K,4,3,A,6,6,2,1,0,M,SUZI,A4K,MS,6,17,,,,,,,385,,1,,4,405,,,,,,,0,0,000000000,00000000000,0,0,0,1,0,0,0,0,0,0,0,60,0,0,0,12,12,6,2,12,0,0,0,1,12,32118,6,1,0,0,3,3,70,999,0,0,0,0,0,0,0,0,0,0,0,0,0,0,2,2,65,1,1,8,1,0,0,1,71,1,1,1,98,1,0
12,120376,1,2,1,11,4,8,40,12,6,1,0,12,1,52,37,52037,1,1997,4A3AX55F0VE0,4,A,3,A,X,5,5,F,0,V,E,0,0,P,MITS,SGT,CV,97,17,3053,,0,988,,G,,T,4,122,,,16R205,,,,,,0,0,000000000,00000000000,0,0,0,1,0,0,0,0,0,0,0,45,0,0,0,11,11,6,2,12,0,0,0,1,12,33907,6,1,0,0,3,3,74,999,0,0,0,0,1,11,2010,11,2010,0,28,0,0,0,1,2,45,1,1,8,1,0,0,15,10,1,1,2,64,1,0
12,120376,2,2,1,11,4,8,40,12,6,1,0,12,3,87,881,87881,63,2006,1NPFLBTX66N6,1,N,P,F,L,B,T,X,6,6,N,6,0,T,PTRB,378,CC,6,17,,8,0,0,CON,D,,,6,893,,,,,00000,00,,64,0,12,848882,12848882,3,2,4,1,0,0,0,0,0,0,0,45,0,0,0,11,11,6,2,12,0,0,0,1,12,33905,6,1,6,0,3,0,69,999,0,0,0,0,0,0,0,0,0,0,0,0,0,0,1,2,45,1,1,8,1,0,0,1,62,7,1,1,65,0,0
12,120377,1,2,1,12,4,21,28,12,6,1,0,6,2,49,51,49051,4,2007,JTDBT9236711,J,T,D,B,T,9,2,3,6,7,1,1,0,P,TOYT,YAR,4D,7,17,2288,,0,969,,G,,F,4,092,,,14R175,,,,,,0,0,000000000,00000000000,0,0,0,1,0,0,0,0,0,0,0,10,0,0,0,11,11,6,2,12,0,0,0,1,12,34747,6,1,0,0,3,3,65,999,0,0,0,0,0,0,0,0,0,0,38,0,0,0,2,2,45,1,1,8,1,3,3,11,15,1,1,1,82,0,0
12,120377,2,2,1,12,4,21,28,12,6,1,0,47,2,37,706,37706,80,2006,JH2SC57076M2,J,H,2,S,C,5,7,0,7,6,M,2,0,M,HOND,CBS,RC,6,17,,,,,,,998,,4,,4,388,,,,,,,0,0,000000000,00000000000,0,0,0,1,0,0,0,0,0,0,0,55,0,0,0,12,12,6,2,12,0,0,0,1,55,54650,6,1,0,0,2,0,72,999,0,1,0,0,2,10,2008,8,2009,0,0,0,0,0,2,2,55,1,1,8,1,0,0,1,67,3,2,1,83,1,0
12,120378,1,2,51,13,4,7,40,12,2,1,0,12,3,84,981,84981,50,2009,4DRBUAAN09B0,4,D,R,B,U,A,A,N,0,9,B,0,0,T,INTL,,BU,9,17,,7,,,,D,,,6,466,,,,,,,,42,0,88,888888888,88888888888,3,21,22,1,0,0,0,0,1,0,0,25,0,0,0,12,12,2,8,12,0,0,0,1,12,33045,6,1,6,3,3,3,66,999,0,0,0,0,0,0,0,0,0,0,28,0,0,0,1,2,25,2,1,8,1,0,0,14,10,1,1,2,50,0,0
12,120378,2,2,1,13,4,7,40,12,2,1,0,12,1,98,709,98709,88,2005,KMYSE4B405C0,K,M,Y,S,E,4,B,4,0,5,C,0,0,U,,,,5,17,,,,,,,,,,,,,,,,,,,0,0,000000000,00000000000,0,0,0,1,0,0,0,0,0,0,0,20,0,0,0,12,12,6,2,12,0,0,0,1,12,33040,6,1,0,0,3,0,68,999,0,0,0,0,0,0,0,0,0,0,0,0,0,0,1,2,25,2,1,8,1,0,0,14,62,1,1,1,51,1,0
12,120379,1,2,1,14,4,14,15,12,6,1,0,36,1,49,32,49032,4,2005,2T1BR32E05C4,2,T,1,B,R,3,2,E,0,5,C,4,0,P,TOYT,UCS,4D,5,17,2530,,0,1024,,G,,F,4,109,,,15R185,,,,,,0,0,000000000,00000000000,0,0,0,1,0,0,0,0,0,0,0,50,0,0,0,3,3,6,2,39,0,0,0,1,36,11554,6,1,0,0,3,0,66,999,0,0,0,0,0,0,0,0,0,0,39,0,0,0,1,2,35,1,1,8,1,20,3,1,17,1,1,1,87,1,0
12,120379,2,2,1,14,4,14,15,12,6,1,0,12,1,2,404,2404,14,2007,1J8GR48K07C5,1,J,8,G,R,4,8,K,0,7,C,5,0,T,JEEP,LCF,4W,7,17,,1,0,1095,GCK,G,,,6,226,,,,,4376,00,7,44,0,0,000000000,00000000000,0,0,0,1,0,0,0,0,0,0,0,45,0,0,0,12,12,6,2,12,0,0,0,1,12,34997,6,1,0,0,3,0,67,999,0,0,0,0,0,0,0,0,0,0,0,0,0,0,1,2,45,1,1,8,1,0,0,1,66,1,1,1,86,0,0
12,120380,1,3,1,14,4,13,20,12,6,1,0,12,1,6,16,6016,1,1986,1C3BC55D7GG2,1,C,3,B,C,5,5,D,7,G,G,2,0,P,CHRY,LEB,CV,86,17,2565,,0,1003,,G,,F,4,135,,,14R185,,,,,,0,0,000000000,00000000000,0,0,0,1,0,0,0,0,0,0,0,10,0,0,0,9,9,6,2,12,0,0,0,1,12,34759,6,1,0,0,3,3,70,999,0,0,0,0,0,0,0,0,0,0,38,0,0,0,1,2,30,1,5,8,1,3,3,11,15,1,1,1,82,1,0
12,120380,2,3,2,14,4,13,20,12,6,1,0,12,2,12,481,12481,31,2007,1FTSW21P07EB,1,F,T,S,W,2,1,P,0,7,E,B,0,T,FORD,F2S,CW,7,17,,2,1720,1560,SRW,D,,,8,366,,,,C,6538,01,E,44,0,0,000000000,00000000000,0,0,0,1,0,0,0,0,0,0,0,45,0,0,0,12,12,4,8,12,0,0,0,1,12,34739,6,1,0,0,3,0,71,999,0,0,0,1,0,11,2010,11,2010,0,0,0,0,0,2,2,45,3,1,8,1,3,3,14,67,1,1,1,83,0,0
12,120380,3,3,1,14,4,13,20,12,6,1,0,12,2,49,32,49032,4,2005,2T1BR32E75C4,2,T,1,B,R,3,2,E,7,5,C,4,0,P,TOYT,UCS,4D,5,17,2530,,0,1024,,G,,F,4,109,,,15R185,,,,,,0,0,000000000,00000000000,0,0,0,1,0,0,0,0,0,0,0,45,0,0,0,12,12,6,2,12,0,0,0,1,12,34758,6,1,0,0,3,3,63,999,0,0,0,2,0,7,2010,8,2010,0,36,0,0,0,2,2,45,3,1,8,1,3,3,14,51,1,1,1,98,0,0
12,120381,1,2,2,15,4,23,53,12,1,1,0,12,1,76,709,76709,80,2008,JYARJ16E78A0,J,Y,A,R,J,1,6,E,7,8,A,0,0,M,YAMA,R6L,RC,8,17,,,,,,,599,,4,,4,366,,,,,,,0,0,000000000,00000000000,0,0,0,1,0,0,0,0,0,0,0,55,0,0,0,12,12,6,2,12,0,0,0,1,12,32807,6,1,0,0,3,0,70,999,0,0,0,0,0,0,0,0,0,0,36,0,0,0,2,3,45,1,3,8,1,0,0,1,51,1,1,1,24,2,1
12,120381,2,2,1,15,4,23,53,12,1,1,0,12,2,53,706,53706,80,2006,JS1GW71A4621,J,S,1,G,W,7,1,A,4,6,2,1,0,M,SUZI,GXR,RC,6,17,,,,,,,1298,,4,,4,478,,,,,,,0,0,000000000,00000000000,0,0,0,1,0,0,0,0,0,0,0,20,0,0,0,6,6,6,2,12,0,0,0,1,12,32812,6,1,0,0,3,0,66,999,0,1,0,0,0,12,2010,12,2010,0,0,0,0,0,2,3,45,1,3,8,1,0,0,2,53,1,1,1,25,0,0
12,120382,1,1,1,17,4,0,0,34,0,1,0,12,1,13,1,13001,4,2000,1LNHM83WXYY9,1,L,N,H,M,8,3,W,X,Y,Y,9,0,P,LINC,CAR,4D,0,17,4121,,0,1177,,G,,F,8,281,,,16R225,,,,,,0,0,000000000,00000000000,0,0,0,1,0,0,0,0,0,0,0,60,0,0,0,12,12,6,2,42,0,0,0,1,12,34237,6,1,0,0,3,0,73,999,0,0,0,0,0,0,0,0,0,0,29,0,0,0,1,2,60,3,3,8,1,0,0,14,13,1,1,4,1,1,1
12,120383,1,1,1,17,4,20,10,8,0,1,0,12,1,12,481,12481,31,1999,1FTZX1720XNC,1,F,T,Z,X,1,7,2,0,X,N,C,0,T,FORD,F15,4C,99,17,,1,1571,1385,COF,G,,,6,256,,,,B,00000,00,U,42,0,0,000000000,00000000000,0,0,0,1,0,0,0,0,0,0,0,40,0,0,0,12,12,4,8,8,0,0,0,1,12,32502,6,1,0,0,3,0,68,999,0,0,0,0,0,0,0,0,0,0,0,0,0,0,2,2,40,1,1,8,1,0,0,1,80,1,1,1,13,0,0
12,120384,1,1,1,19,4,15,15,9,0,1,0,12,3,20,444,20444,20,2007,1GNDU23W27D1,1,G,N,D,U,2,3,W,2,7,D,1,0,P,CHEV,UPL,SV,7,17,4084,,0,1130,,F,,F,6,238,,,17R225,,,,,,0,0,000000000,00000000000,0,0,0,1,0,0,0,0,0,0,0,55,0,0,0,1,1,6,2,9,0,0,0,1,12,34222,6,1,0,0,3,0,67,999,0,0,0,1,0,7,2010,7,2010,0,0,0,0,0,3,2,55,3,1,8,1,0,0,14,83,6,1,1,13,0,0
12,120385,1,2,4,21,4,12,25,12,6,1,0,12,2,6,43,6043,4,2007,1C3LC56K77N5,1,C,3,L,C,5,6,K,7,7,N,5,0,P,CHRY,STO,4D,7,17,3419,,0,1089,,G,,F,4,144,,,16R215,,,,,,0,0,000000000,00000000000,0,0,0,1,0,0,0,0,0,0,0,85,0,1,5,1,1,6,2,1,0,0,0,1,12,34974,6,1,0,0,3,0,67,999,0,12,0,1,1,1,2009,3,2011,0,36,0,0,0,3,5,65,1,1,8,1,0,0,1,11,1,1,2,44,1,0
12,120385,2,2,1,21,4,12,25,12,6,1,0,12,1,37,31,37031,2,2000,1HGEJ8245YL0,1,H,G,E,J,8,2,4,5,Y,L,0,0,P,HOND,UAX,CP,0,17,2560,,0,1032,,G,,F,4,097,,,14R185,,,,,,0,0,000000000,00000000000,0,0,0,1,0,0,0,0,0,0,0,65,0,0,0,10,10,6,2,12,0,0,0,1,12,33065,6,1,0,0,3,0,66,999,0,4,0,3,1,10,2008,2,2011,0,0,0,0,0,3,5,65,1,1,8,1,0,0,1,60,1,1,1,45,0,0
12,120386,1,2,2,22,4,11,18,12,2,1,0,12,2,20,481,20481,31,1992,1GCEK14K4NZ2,1,G,C,E,K,1,4,K,4,N,Z,2,0,T,CHEV,GK1,PK,92,17,,2,1315,1175,GM4,G,,,8,350,,,,B,4147,02,,44,0,0,000000000,00000000000,0,0,0,1,0,0,0,0,0,0,0,55,0,0,0,12,12,6,2,12,0,0,0,1,45,29569,6,1,0,0,3,0,74,999,0,1,0,0,1,5,2008,3,2009,0,51,0,0,0,1,2,55,2,1,8,1,0,0,14,10,1,1,2,50,0,0
12,120386,2,2,1,22,4,11,18,12,2,1,0,12,1,2,404,2404,14,1996,1J4FJ28S1TL1,1,J,4,F,J,2,8,S,1,T,L,1,0,T,JEEP,CSE,4W,96,17,,1,0,1014,CHK,G,,,6,242,,,,,3008,00,M,44,0,0,000000000,00000000000,0,0,0,1,0,0,0,0,0,0,0,45,0,0,0,12,12,6,2,12,0,0,0,1,12,32784,6,1,0,0,3,0,73,999,0,1,0,0,0,7,2010,7,2010,0,0,0,0,0,1,2,55,2,1,8,1,0,0,14,62,1,1,1,51,1,0
12,120387,1,1,10,22,4,0,32,8,0,1,0,12,4,20,421,20421,15,2010,1GNMCAE32AR1,1,G,N,M,C,A,E,3,2,A,R,1,0,P,CHEV,CTA,UT,10,17,5265,,0,1160,,F,,F,8,323,,,18R265,,,,,,0,0,000000000,00000000000,0,0,0,1,0,0,0,0,0,0,0,55,0,0,0,12,12,6,2,8,0,0,0,1,43,956,9,9,99,9,9,9,999,999,99,99,99,99,99,99,9999,99,9999,1,0,0,0,0,2,2,55,1,1,8,1,3,3,1,80,1,1,1,13,0,0
12,120390,1,1,5,23,4,17,0,53,0,1,0,12,2,49,40,49040,4,1998,4T1BG22K3WU2,4,T,1,B,G,2,2,K,3,W,U,2,0,P,TOYT,CXL,4D,98,17,2998,,0,1051,,G,,F,4,132,,,14R195,,,,,,0,0,000000000,00000000000,0,0,0,1,0,0,0,0,0,0,0,45,0,1,5,1,1,6,2,1,0,0,0,1,12,32712,0,0,0,0,0,0,64,999,0,0,0,0,0,0,0,0,0,0,36,0,0,0,1,2,45,3,6,8,1,0,0,14,12,1,4,4,7,1,1
12,120391,1,2,2,23,4,11,58,12,6,1,0,12,2,35,473,35473,31,2006,1N6BA06A96N5,1,N,6,B,A,0,6,A,9,6,N,5,0,T,NISS,TXS,PC,6,17,,2,0,1398,TTN,F,,,8,342,,,,C,4655,00,E,42,0,0,000000000,00000000000,0,0,0,1,0,0,0,0,0,0,0,10,0,0,0,1,1,6,2,12,0,0,0,1,12,33584,6,1,0,0,3,0,71,999,0,0,0,0,0,0,0,0,0,0,38,0,0,0,1,2,25,1,1,8,1,20,3,1,17,1,1,1,88,0,0