STATE,ST_CASE,VEH_NO,VE_FORMS,NUMOCCS,DAY,MONTH,HOUR,MINUTE,HARM_EV,MAN_COLL,UNITTYPE,HIT_RUN,REG_STAT,OWNER,MAKE,MODEL,MAK_MOD,BODY_TYP,MOD_YEAR,VIN,VIN_1,VIN_2,VIN_3,VIN_4,VIN_5,VIN_6,VIN_7,VIN_8,VIN_9,VIN_10,VIN_11,VIN_12,TOW_VEH,VINTYPE,VINMAKE,VINA_MOD,VIN_BT,VINMODYR,VIN_LNGT,VIN_WGT,WGTCD_TR,WHLBS_LG,WHLBS_SH,SER_TR,FUELCODE,MCYCL_DS,CARBUR,CYLINDER,DISPLACE,MCYCL_CY,MCYCL_WT,TIRE_SZE,TON_RAT,TRK_WT,TRKWTVAR,VIN_REST,WHLDRWHL,J_KNIFE,MCARR_I1,MCARR_I2,MCARR_ID,GVWR,V_CONFIG,CARGO_BT,HAZ_INV,HAZ_PLAC,HAZ_ID,HAZ_CNO,HAZ_REL,BUS_USE,SPEC_USE,EMER_USE,TRAV_SP,UNDERIDE,ROLLOVER,ROLINLOC,IMPACT1,IMPACT2,DEFORMED,TOWED,M_HARM,VEH_SC1,VEH_SC2,FIRE_EXP,DR_PRES,L_STATE,DR_ZIP,L_STATUS,L_TYPE,CDL_STAT,L_ENDORS,L_COMPL,L_RESTRI,DR_HGT,DR_WGT,PREV_ACC,PREV_SUS,PREV_DWI,PREV_SPD,PREV_OTH,FIRST_MO,FIRST_YR,LAST_MO,LAST_YR,SPEEDREL,DR_SF1,DR_SF2,DR_SF3,DR_SF4,VTRAFWAY,VNUM_LAN,VSPD_LIM,VALIGN,VPROFILE,VPAVETYP,VSURCOND,VTRAFCON,VTCONT_F,P_CRASH1,P_CRASH2,P_CRASH3,PCRASH4,PCRASH5,ACC_TYPE,DEATHS,DR_DRINK
12,120460,1,1,1,23,1,18,20,24,0,1,0,12,2,49,43,49043,4,2005,4T1BK36B95U0,4,T,1,B,K,3,6,B,9,5,U,0,0,P,TOYT,UTS,4D,5,17,3417,,0,1071,,G,,F,6,213,,,15R205,,,,,,0,0,000000000,00000000000,0,0,0,1,0,0,0,0,0,0,0,65,0,0,0,12,12,6,2,30,0,0,0,1,12,33584,6,1,0,0,3,3,68,999,0,0,0,2,0,10,2009,4,2010,0,36,0,0,0,3,4,65,2,1,8,1,99,9,14,12,1,1,4,6,1,0
12,120461,1,1,1,11,4,20,30,8,0,1,1,12,2,20,36,20036,2,2001,2G1WW15E1193,2,G,1,W,W,1,5,E,1,1,9,3,0,P,CHEV,MLS,CP,1,17,3340,,0,1075,,G,,F,6,207,,,16R225,,,,,,0,0,000000000,00000000000,0,0,0,1,0,0,0,0,0,0,0,20,0,0,0,1,1,4,3,8,0,0,0,1,12,32063,0,0,0,0,0,0,999,999,0,0,0,0,0,0,0,0,0,0,36,0,0,0,1,2,30,1,1,8,1,0,0,1,80,1,1,1,13,0,0
12,120462,1,4,1,12,4,21,50,12,6,1,0,12,2,49,40,49040,4,2005,4T1BE32K85U5,4,T,1,B,E,3,2,K,8,5,U,5,0,P,TOYT,XLL,4D,5,17,3108,,0,1071,,G,,F,4,144,,,15R205,,,,,,0,0,000000000,00000000000,0,0,0,1,0,0,0,0,0,0,0,10,0,0,0,9,9,6,2,12,0,0,0,1,12,32696,6,1,0,0,3,3,66,999,0,0,0,0,0,0,0,0,0,0,38,0,0,0,1,2,65,1,1,8,1,20,3,1,17,1,1,1,89,0,0
12,120462,2,4,2,12,4,21,50,12,6,1,0,95,1,76,706,76706,80,2005,JYAVP17N35A0,J,Y,A,V,P,1,7,N,3,5,A,0,0,M,YAMA,X17,RS,5,17,,,,,,,1670,,2,,4,679,,,,,,,0,0,000000000,00000000000,0,0,0,1,0,0,0,0,0,0,0,65,0,0,0,12,12,6,2,12,0,0,0,1,95,0,9,9,99,9,9,9,999,999,99,99,99,99,99,99,9999,99,9999,0,0,0,0,0,2,2,65,1,1,8,1,0,0,1,66,1,1,1,88,2,1
12,120462,3,4,2,12,4,21,50,12,6,1,0,12,1,14,17,14017,4,1999,1MEFM53SXXA6,1,M,E,F,M,5,3,S,X,X,A,6,0,P,MERC,SLS,4D,99,17,3299,,0,1085,,G,,F,6,182,,,15R205,,,,,,0,0,000000000,00000000000,0,0,0,1,0,0,0,0,0,0,0,65,0,0,0,12,12,6,2,12,0,0,0,1,12,32625,6,1,0,0,3,0,68,999,0,0,0,0,0,0,0,0,0,0,0,0,0,0,2,2,65,1,1,8,1,0,0,1,51,9,1,1,98,0,0
12,120462,4,4,2,12,4,21,50,12,6,1,0,12,2,12,481,12481,31,2005,1FTSW21PX5EA,1,F,T,S,W,2,1,P,X,5,E,A,0,T,FORD,F2S,CW,5,17,,2,1724,1562,SRW,D,,,8,366,,,,C,6538,00,E,44,0,0,000000000,00000000000,0,0,0,1,0,0,0,0,0,0,0,65,0,0,0,12,12,6,2,12,0,0,0,1,12,32618,6,1,0,0,3,0,74,999,0,0,0,0,0,0,0,0,0,0,0,0,0,0,2,2,65,1,1,8,1,0,0,1,51,1,1,1,98,0,1
12,120463,1,3,1,17,4,9,15,12,1,1,0,12,1,34,706,34706,80,2011,WB1051705BZV,W,B,1,0,5,1,7,0,5,B,Z,V,0,M,BMW,S10,RC,11,17,,,,,,,999,,4,,4,403,,,,,,,0,0,000000000,00000000000,0,0,0,1,0,0,0,0,0,0,0,80,0,0,0,12,12,6,2,12,0,0,0,1,12,33133,6,1,0,0,3,0,72,999,0,0,0,0,0,0,0,0,0,0,0,0,0,0,3,3,60,1,1,8,1,0,0,1,51,1,1,1,24,1,0
12,120463,2,3,1,17,4,9,15,12,1,1,0,12,1,2,405,2405,14,2005,1J8GL58K15W5,1,J,8,G,L,5,8,K,1,5,W,5,0,T,JEEP,LMD,4W,5,17,,1,0,1043,LIB,G,,,6,226,,,,,3893,00,K,44,0,0,000000000,00000000000,0,0,0,1,0,0,0,0,0,0,0,60,0,0,0,6,6,6,2,12,0,0,0,1,12,33033,6,1,0,0,3,3,67,999,0,0,0,0,0,0,0,0,0,0,0,0,0,0,3,3,60,1,1,8,1,0,0,1,53,1,1,1,25,0,0
12,120463,3,3,4,17,4,9,15,12,1,1,0,13,1,20,870,20870,61,2007,1GBJG31U0711,1,G,B,J,G,3,1,U,0,7,1,1,0,T,CHEV,CT3,YY,7,17,,3,1770,1390,ETV,G,,,8,366,,,,D,4528,04,,42,0,88,888888888,88888888888,2,1,97,1,0,0,0,0,0,0,0,60,0,0,0,10,10,2,8,54,0,0,0,1,13,30125,6,1,0,0,3,3,70,999,98,0,0,0,0,0,0,0,0,0,0,0,0,0,3,3,60,1,1,8,1,0,0,1,53,1,1,1,98,0,0
12,120464,1,1,1,24,4,10,55,8,0,1,0,12,1,35,401,35401,14,1993,JN8HD17S4PW1,J,N,8,H,D,1,7,S,4,P,W,1,0,P,NISS,PFI,UT,93,17,3582,,0,1043,,G,,F,6,181,,,000000,,,,,,0,0,000000000,00000000000,0,0,0,1,0,0,0,0,0,0,0,35,0,0,0,12,12,4,9,8,0,0,0,1,12,33055,6,1,0,0,3,3,67,999,0,0,0,0,0,0,0,0,0,0,0,0,0,0,2,2,40,1,1,8,1,3,3,1,80,4,1,1,13,0,0
12,120465,1,1,1,2,5,20,16,1,0,1,0,12,3,6,43,6043,2,2010,1C3BC5ED7AN1,1,C,3,B,C,5,E,D,7,A,N,1,0,P,CHRY,STO,CV,10,17,3847,,0,1089,,G,,F,6,165,,,17R215,,,,,,0,0,000000000,00000000000,0,0,0,1,0,0,0,0,0,0,0,70,0,1,3,0,0,6,2,1,0,0,0,1,12,33418,6,1,0,0,3,0,67,999,0,0,0,0,0,0,0,0,0,1,36,0,0,0,2,3,70,3,1,8,1,0,0,14,12,1,4,4,7,1,1
12,120466,1,1,1,11,4,11,12,42,0,1,0,12,1,35,43,35043,4,1997,1N4AB41D8VC7,1,N,4,A,B,4,1,D,8,V,C,7,0,P,NISS,XGU,4D,97,17,2237,,0,998,,G,,F,4,097,,,13R155,,,,,,0,0,000000000,00000000000,0,0,0,1,0,0,0,0,0,0,0,50,0,1,5,11,11,6,2,1,0,0,1,1,12,32724,6,1,0,0,3,0,72,999,0,0,0,0,0,0,0,0,0,1,28,0,0,0,1,2,40,1,1,8,1,0,0,1,12,1,1,4,6,1,0
12,120467,1,1,1,19,4,17,6,9,0,1,0,12,1,14,6,14006,4,1997,2MELM75W3VX6,2,M,E,L,M,7,5,W,3,V,X,6,0,P,MERC,MGL,4D,97,17,3796,,0,1144,,G,,F,8,281,,,15R215,,,,,,0,0,000000000,00000000000,0,0,0,1,0,0,0,0,0,0,0,45,0,0,0,2,2,4,3,9,0,0,0,1,12,34224,6,1,0,0,3,0,73,999,0,0,0,0,0,0,0,0,0,0,0,0,0,0,2,3,45,3,1,8,1,3,3,14,83,1,1,1,13,0,0
12,120468,1,1,1,2,1,11,30,19,0,1,0,12,1,49,32,49032,4,1990,1NXAE94A7LZ0,1,N,X,A,E,9,4,A,7,L,Z,0,0,P,TOYT,CDF,4D,90,17,2207,,0,957,,G,,F,4,097,,,13R155,,,,,,0,0,000000000,00000000000,0,0,0,1,0,0,0,0,0,0,0,40,0,0,0,2,2,6,2,19,0,0,0,1,12,33147,6,1,0,0,3,3,62,999,0,0,0,0,0,0,0,0,0,0,0,0,0,0,2,3,45,1,1,8,1,0,0,1,13,1,1,4,1,1,1
12,120469,1,1,1,3,1,15,0,9,0,1,1,12,2,12,35,12035,4,1999,1FAFP6634XK1,1,F,A,F,P,6,6,3,4,X,K,1,0,P,FORD,CSE,4D,99,17,2774,,0,1065,,G,,F,4,121,,,14R185,,,,,,0,0,000000000,00000000000,0,0,0,1,0,0,0,0,0,0,0,999,0,0,0,1,1,6,2,9,0,0,0,1,12,33810,6,1,0,0,3,3,71,999,0,0,0,0,0,0,0,0,0,0,36,28,0,0,3,2,55,1,1,8,1,0,0,1,13,1,1,4,13,0,0
12,120470,1,2,2,6,1,12,30,12,1,1,0,12,3,49,40,49040,4,2010,4T1BF3EK8A45,4,T,1,B,F,3,E,K,8,A,4,5,0,P,TOYT,CBA,4D,10,17,3263,,0,1093,,G,,F,4,152,,,16R215,,,,,,0,0,000000000,00000000000,0,0,0,1,0,0,0,0,0,0,0,45,0,0,0,12,12,6,2,12,0,0,0,1,12,33076,6,1,0,0,3,0,69,999,0,0,0,0,0,0,0,0,0,0,0,0,0,0,2,3,45,1,1,8,1,0,0,1,50,1,1,1,20,1,0
12,120470,2,2,3,6,1,12,30,12,1,1,0,12,1,37,441,37441,20,2003,5FNRL18013B1,5,F,N,R,L,1,8,0,1,3,B,1,0,P,HOND,UDY,SV,3,17,4376,,0,1181,,G,,F,6,212,,,16R225,,,,,,0,0,000000000,00000000000,0,0,0,1,0,0,0,0,0,0,0,0,0,0,0,6,6,6,2,12,0,0,0,1,12,33068,6,1,0,0,3,0,67,999,1,0,0,0,0,9,2008,9,2008,0,0,0,0,0,2,3,45,1,1,8,1,0,0,5,53,1,1,1,23,0,0
12,120471,1,2,1,9,1,14,53,1,0,1,0,12,1,53,706,53706,80,2008,JS1GX72A2821,J,S,1,G,X,7,2,A,2,8,2,1,0,M,SUZI,GXR,RC,8,17,,,,,,,1340,,4,,4,485,,,,,,,0,0,000000000,00000000000,0,0,0,1,0,0,0,0,0,0,0,60,0,0,0,0,61,6,2,12,0,0,0,1,12,33073,6,1,0,0,3,3,72,999,0,0,0,2,0,2,2010,5,2010,1,36,0,0,0,6,3,35,1,1,8,1,0,0,99,12,98,2,6,98,1,0
12,120471,2,2,1,9,1,14,53,1,0,1,0,12,1,6,441,6441,20,2002,2C4GP44302R5,2,C,4,G,P,4,4,3,0,2,R,5,0,T,CHRY,TLX,ES,2,17,,1,0,1193,TWC,F,,,6,201,,,,,4003,00,,42,0,0,000000000,00000000000,0,0,0,1,0,0,0,0,0,0,0,998,0,0,0,7,7,4,1,12,0,0,0,1,12,33406,6,1,0,0,3,0,66,999,0,2,0,0,0,5,2008,11,2009,0,0,0,0,0,2,4,35,1,1,8,1,0,0,5,78,1,1,1,98,0,0
12,120472,1,2,1,9,1,9,20,12,6,1,0,12,1,14,17,14017,4,2003,1MEFM55S63G6,1,M,E,F,M,5,5,S,6,3,G,6,0,P,MERC,SLP,4D,3,17,3369,,0,1085,,G,,F,6,182,,,16R215,,,,,,0,0,000000000,00000000000,0,0,0,1,0,0,0,0,0,0,0,20,0,0,0,2,2,6,2,12,0,0,0,1,38,58201,6,1,0,0,3,3,64,145,0,0,0,0,0,0,0,0,0,0,38,0,0,0,2,2,45,1,1,8,1,0,0,11,15,1,1,1,68,0,0
12,120472,2,2,1,9,1,9,20,12,6,1,0,12,2,72,706,72706,80,2003,1HD1CAP193K4,1,H,D,1,C,A,P,1,9,3,K,4,0,M,HD,L12,RS,3,17,,,,,,,1200,,2,,4,491,,,,,,,0,0,000000000,00000000000,0,0,0,1,0,0,0,0,0,0,0,45,0,0,0,12,12,6,2,12,0,0,0,1,12,33931,6,1,0,0,3,3,67,999,0,0,0,0,0,0,0,0,0,0,0,0,0,0,2,2,45,1,1,8,1,0,0,1,62,7,1,1,69,1,0
12,120473,1,3,1,11,1,12,36,12,6,1,0,12,2,32,43,32043,4,2002,WAULC68E12A1,W,A,U,L,C,6,8,E,1,2,A,1,0,P,AUDI,41Q,4D,2,17,3311,,0,1043,,G,,T,4,109,,,15R205,,,,,,0,0,000000000,00000000000,0,0,0,1,0,0,0,0,0,0,0,55,0,0,0,12,12,6,2,12,0,0,0,1,12,33193,6,1,0,0,3,0,63,999,0,1,0,0,3,8,2010,12,2010,0,39,0,0,0,2,2,40,1,1,8,1,3,3,1,17,1,1,1,83,0,0
12,120473,2,3,1,11,1,12,36,12,6,1,0,12,1,49,403,49403,14,2002,JTEGD21A1200,J,T,E,G,D,2,1,A,1,2,0,0,0,P,TOYT,HIG,UT,2,17,3485,,0,1069,,G,,F,4,144,,,16R225,,,,,,0,0,000000000,00000000000,0,0,0,1,0,0,0,0,0,0,0,15,0,0,0,8,8,6,2,12,0,0,0,1,12,33193,6,1,0,0,3,3,65,999,0,0,0,0,0,0,0,0,0,0,0,0,0,0,2,2,40,1,1,8,1,3,3,11,66,1,1,1,82,1,0
12,120473,3,3,2,11,1,12,36,12,6,1,0,6,1,35,50,35050,5,2008,3N1BC13E38L4,3,N,1,B,C,1,3,E,3,8,L,4,0,P,NISS,VSL,4H,8,17,2620,,0,1024,,G,,F,4,110,,,15R185,,,,,,0,0,000000000,00000000000,0,0,0,1,0,0,0,0,0,0,0,15,0,0,0,12,12,6,2,12,0,0,0,1,6,95540,6,1,0,0,3,3,75,999,0,0,0,1,0,8,2009,8,2009,0,0,0,0,0,2,2,40,1,1,8,1,3,3,11,63,1,1,1,98,0,0
12,120474,1,1,1,12,1,12,39,8,0,1,0,12,2,20,23,20023,6,2010,3GNBAADB9AS6,3,G,N,B,A,A,D,B,9,A,S,6,0,P,CHEV,HHR,UT,10,17,3155,,0,1035,,F,,F,4,134,,,16R215,,,,,,0,0,000000000,00000000000,0,0,0,1,0,0,0,0,0,0,0,998,0,0,0,12,12,4,3,8,0,0,0,1,12,32128,6,1,0,0,3,3,74,999,0,0,0,0,0,0,0,0,0,0,28,0,0,0,1,2,40,1,1,8,1,0,0,1,13,7,1,4,13,0,0
12,120475,1,2,2,15,1,0,39,12,1,1,0,12,1,35,47,35047,2,2011,1N4AL2EP8BC1,1,N,4,A,L,2,E,P,8,B,C,1,0,P,NISS,A5S,CP,11,17,3081,,0,1053,,G,,F,4,153,,,17R215,,,,,,0,0,000000000,00000000000,0,0,0,1,0,0,0,0,0,0,0,0,0,0,0,6,6,6,2,12,0,0,0,1,12,33326,6,1,0,0,3,0,68,999,0,0,0,0,0,0,0,0,0,0,0,0,0,0,2,4,45,1,1,8,1,3,3,5,53,1,1,1,21,0,0
12,120475,2,2,1,15,1,0,39,12,1,1,0,92,0,72,706,72706,80,2004,5HD1GDV104K3,5,H,D,1,G,D,V,1,0,4,K,3,0,M,HD,FDL,RS,4,17,,,,,,,1450,,2,,4,623,,,,,,,0,0,000000000,00000000000,0,0,0,1,0,0,0,0,0,0,0,50,0,0,0,12,12,6,2,12,0,0,0,1,95,0,9,9,99,9,9,9,999,999,99,99,99,99,99,99,9999,99,9999,0,36,0,0,0,2,4,45,1,1,8,1,3,3,1,50,1,1,1,20,1,1
12,120476,1,1,1,20,1,11,20,1,0,1,0,12,1,72,706,72706,80,2009,1HD1BW5129Y0,1,H,D,1,B,W,5,1,2,9,Y,0,0,M,HD,STC,RS,9,17,,,,,,,1584,,2,,4,765,,,,,,,0,0,000000000,00000000000,0,0,0,1,0,0,0,0,0,0,0,45,0,0,0,0,0,6,2,1,0,0,0,1,12,34668,6,1,0,0,3,0,72,999,0,0,0,0,0,0,0,0,0,0,36,0,0,0,1,2,45,1,1,8,1,0,0,17,9,99,1,7,98,1,0
12,120477,1,2,3,27,1,19,2,12,6,1,0,12,1,22,20,22020,4,2002,1G2WK52J12F2,1,G,2,W,K,5,2,J,1,2,F,2,0,P,PONT,GFS,4D,2,17,3384,,0,1105,,G,,F,6,191,,,15R205,,,,,,0,0,000000000,00000000000,0,0,0,1,0,0,0,0,0,0,0,999,0,0,0,9,9,6,2,12,0,0,0,1,12,33916,6,1,0,0,3,0,66,999,0,1,0,0,1,8,2008,1,2009,0,0,0,0,0,1,2,60,1,1,8,1,3,3,11,15,1,1,1,74,1,0
12,120477,2,2,5,27,1,19,2,12,6,1,0,12,2,12,481,12481,31,2008,1FTPW12V48FA,1,F,T,P,W,1,2,V,4,8,F,A,0,T,FORD,F1S,CW,8,17,,2,1500,1390,COF,F,,,8,329,,,,B,5025,02,E,42,0,0,000000000,00000000000,0,0,0,1,0,0,0,0,0,0,0,999,0,0,0,1,2,6,2,12,0,0,0,1,12,34142,6,1,0,0,3,0,71,999,0,2,0,3,0,10,2009,10,2010,0,33,0,0,0,1,2,60,1,1,8,1,3,3,6,60,1,1,2,74,0,0
12,120478,1,1,1,29,1,18,5,8,0,1,0,12,1,7,482,7482,31,2007,1D7HU18P77S1,1,D,7,H,U,1,8,P,7,7,S,1,0,T,DODG,SQ1,CW,7,17,,2,1605,1405,RPC,F,,,8,287,,,,B,5114,02,E,44,0,0,000000000,00000000000,0,0,0,1,0,0,0,0,0,0,0,999,0,0,0,12,12,4,1,8,0,0,0,1,12,33954,6,1,0,0,3,3,71,999,0,0,0,0,0,0,0,0,0,0,0,0,0,0,4,9,99,1,1,8,1,3,3,11,80,1,1,1,13,0,0
12,120479,1,1,1,3,2,20,35,8,0,1,0,12,1,9,442,9442,20,1999,2P4FP25B1XR2,2,P,4,F,P,2,5,B,1,X,R,2,0,P,PLYM,VOF,SV,99,17,3415,,0,1133,,G,,F,4,148,,,14R205,,,,,,0,0,000000000,00000000000,0,0,0,1,0,0,0,0,0,0,0,30,0,0,0,12,12,4,3,8,0,0,0,1,12,33142,6,1,0,0,3,3,68,999,0,0,0,1,0,9,2009,9,2009,0,0,0,0,0,1,4,30,1,1,8,1,0,0,1,80,4,1,1,13,0,0
12,120480,1,2,2,18,2,16,59,12,6,1,0,12,2,35,47,35047,4,2001,1N4DL01D71C2,1,N,4,D,L,0,1,D,7,1,C,2,0,P,NISS,AXE,4D,1,17,2754,,0,1031,,G,,F,4,146,,,15R195,,,,,,0,0,000000000,00000000000,0,0,0,1,0,0,0,0,0,0,0,10,0,0,0,3,9,6,2,12,0,0,0,1,12,33031,6,1,0,0,3,3,68,999,0,0,0,0,0,0,0,0,0,0,31,0,0,0,1,2,40,1,1,8,1,0,0,13,98,1,1,1,92,1,0
12,120480,2,2,2,18,2,16,59,12,6,1,0,12,1,24,7,24007,4,2003,1G8AV12FX3Z1,1,G,8,A,V,1,2,F,X,3,Z,1,0,P,STRN,SI3,C4,3,17,2769,,0,1032,,G,,F,4,134,,,16R205,,,,,,0,0,000000000,00000000000,0,0,0,1,0,0,0,0,0,0,0,30,0,0,0,12,12,4,3,12,0,0,0,1,12,33177,1,1,0,0,2,3,61,999,0,12,1,0,0,7,2008,5,2010,0,0,0,0,0,1,2,40,1,1,8,1,0,0,1,64,1,1,1,93,0,0
12,120481,1,2,1,21,2,17,30,12,6,1,0,12,2,73,709,73709,80,2007,JKAZX4P167A0,J,K,A,Z,X,4,P,1,6,7,A,0,0,M,KAWK,ZXP,RC,7,17,,,,,,,599,,4,,4,368,,,,,,,0,0,000000000,00000000000,0,0,0,1,0,0,0,0,0,0,0,80,0,0,0,12,12,6,2,12,0,0,0,1,12,34668,6,1,0,0,3,0,74,999,0,0,0,0,0,0,0,0,0,1,39,0,0,0,2,3,45,1,1,8,1,3,3,1,17,1,1,1,69,1,0
12,120481,2,2,1,21,2,17,30,12,6,1,0,12,1,55,402,55402,14,2006,KM8JN12D66U2,K,M,8,J,N,1,2,D,6,6,U,2,0,P,HYUN,TUC,UT,6,17,3548,,0,1035,,G,,F,6,162,,,16R235,,,,,,0,0,000000000,00000000000,0,0,0,1,0,0,0,0,0,0,0,20,0,0,0,3,3,6,2,12,0,0,0,1,12,34698,6,1,0,0,3,3,63,999,0,0,0,0,0,0,0,0,0,0,0,0,0,0,2,3,45,1,1,8,1,3,3,11,62,1,1,1,68,0,0
12,120482,1,1,2,27,2,3,30,42,0,1,0,12,2,55,401,55401,14,2007,5NMSG13D77H1,5,N,M,S,G,1,3,D,7,7,H,1,0,P,HYUN,SAN,UT,7,17,3727,,0,1063,,G,,F,6,162,,,16R235,,,,,,0,0,000000000,00000000000,0,0,0,1,0,0,0,0,0,0,0,55,0,0,0,12,12,6,2,2,0,0,1,1,12,33024,6,1,0,0,3,0,62,999,0,0,0,0,0,0,0,0,0,0,36,0,0,0,2,3,40,1,1,8,1,0,0,1,13,1,1,4,1,2,1
12,120483,1,1,1,27,2,6,40,42,0,1,0,12,1,20,10,20010,2,1984,1G1AZ37HXER1,1,G,1,A,Z,3,7,H,X,E,R,1,0,P,CHEV,MOC,CP,84,17,3176,,0,1081,,G,,4,8,305,,,14R195,,,,,,0,0,000000000,00000000000,0,0,0,1,0,0,0,0,0,0,0,55,0,0,0,12,12,6,2,42,0,0,0,1,12,33705,6,1,0,0,3,3,64,999,1,4,0,0,2,2,2009,9,2010,0,36,28,0,0,2,2,35,1,1,8,1,0,0,1,12,1,1,4,6,1,0
12,120484,1,2,1,2,3,8,1,12,2,1,0,12,1,7,461,7461,21,1992,2B6HB21X9NK1,2,B,6,H,B,2,1,X,9,N,K,1,0,T,DODG,B25,CG,92,17,,2,1276,1096,RMV,G,,,6,239,,,,C,3657,01,A,42,0,0,000000000,00000000000,0,0,0,1,0,0,0,0,0,0,0,45,0,1,3,12,14,6,2,1,0,0,0,1,12,33830,6,1,0,0,3,0,68,999,0,0,0,2,1,2,2009,1,2011,0,51,0,0,0,2,2,45,1,1,8,1,0,0,99,10,1,1,2,50,1,0
12,120484,2,2,1,2,3,8,1,12,2,1,0,12,1,35,47,35047,4,2001,1N4DL01D41C2,1,N,4,D,L,0,1,D,4,1,C,2,0,P,NISS,AXE,4D,1,17,2754,,0,1031,,G,,F,4,146,,,15R195,,,,,,0,0,000000000,00000000000,0,0,0,1,0,0,0,0,0,0,0,45,0,0,0,12,12,6,2,12,0,0,0,1,12,33617,6,1,0,0,3,0,73,999,0,0,0,0,0,0,0,0,0,0,0,0,0,0,2,2,45,1,1,8,1,0,0,1,62,1,1,1,51,1,0
12,120485,1,1,1,12,3,2,40,30,0,1,0,12,1,39,36,39036,4,2002,SAJEA51CX2WC,S,A,J,E,A,5,1,C,X,2,W,C,0,P,JAGU,XT3,4D,2,17,3516,,0,1067,,G,,F,6,181,,,16R205,,,,,,0,0,000000000,00000000000,0,0,0,1,0,0,0,0,0,0,0,998,0,0,0,3,3,6,2,30,0,0,0,1,12,33626,6,1,0,0,3,0,73,999,0,0,0,0,0,0,0,0,0,1,36,28,0,0,1,2,98,3,1,8,1,40,3,14,13,1,1,4,1,1,1
12,120486,1,2,1,12,3,14,17,12,1,1,0,99,2,53,706,53706,80,2002,JS1GT74AX221,J,S,1,G,T,7,4,A,X,2,2,1,0,M,SUZI,XR1,RC,2,17,,,,,,,988,,4,,4,374,,,,,,,0,0,000000000,00000000000,0,0,0,1,0,0,0,0,0,0,0,999,0,0,0,12,98,6,2,12,0,0,0,1,12,33624,1,1,0,0,2,0,69,999,0,1,0,0,0,8,2008,8,2008,1,0,0,0,0,1,2,99,1,1,8,1,0,0,1,51,98,1,1,24,1,0
12,120486,2,2,3,12,3,14,17,12,1,1,0,12,1,49,47,49047,6,2003,2T1KY38E63C1,2,T,1,K,Y,3,8,E,6,3,C,1,0,P,TOYT,CXR,4H,3,17,2800,,0,1024,,G,,F,4,109,,,16R205,,,,,,0,0,000000000,00000000000,0,0,0,1,0,0,0,0,0,0,0,999,0,0,0,6,6,4,1,12,0,0,0,1,12,33615,6,1,0,0,3,0,64,999,0,0,0,0,0,0,0,0,0,0,0,0,0,0,1,2,35,1,1,8,1,0,0,11,53,1,1,1,25,0,0
12,120487,1,1,1,15,3,3,0,42,0,1,0,12,2,37,32,37032,4,2005,1HGCM66595A0,1,H,G,C,M,6,6,5,9,5,A,0,0,P,HOND,UEX,4D,5,17,3384,,0,1079,,G,,F,6,183,,,16R205,,,,,,0,0,000000000,00000000000,0,0,0,1,0,0,0,0,0,0,0,999,0,1,5,12,13,6,2,42,0,0,0,1,12,33414,6,1,0,0,3,3,67,999,0,0,0,0,1,11,2010,11,2010,0,58,28,0,0,1,2,99,3,1,8,1,0,0,14,12,1,1,4,6,1,1
12,120488,1,2,1,18,3,12,0,12,1,1,0,12,1,2,404,2404,14,1998,1J4GZ58S3WC2,1,J,4,G,Z,5,8,S,3,W,C,2,0,T,JEEP,LRT,4W,98,17,,1,0,1059,GCK,G,,,6,242,,,,,3708,01,E,44,0,0,000000000,00000000000,0,0,0,1,0,0,0,0,0,0,0,45,0,0,0,12,98,4,1,12,0,0,0,1,12,33853,6,1,0,0,3,3,64,999,0,1,0,0,0,5,2008,5,2008,0,26,0,0,0,1,2,45,1,1,8,1,0,0,1,51,1,1,1,24,0,0
12,120488,2,2,1,18,3,12,0,12,1,1,0,12,1,53,706,53706,80,2008,JS1VY54A4821,J,S,1,V,Y,5,4,A,4,8,2,1,0,M,SUZI,VLR,RS,8,17,,,,,,,1783,,2,,4,0000,,,,,,,0,0,000000000,00000000000,0,0,0,1,0,0,0,0,0,0,0,0,0,0,0,6,98,6,2,12,0,0,0,1,12,33853,6,1,6,0,3,0,72,999,0,0,0,0,0,0,0,0,0,0,0,0,0,0,1,2,45,1,1,8,1,0,0,1,53,1,1,1,25,1,1
12,120489,1,1,1,16,4,3,35,8,0,1,0,12,1,55,33,55033,4,2002,KMHWF35H92A5,K,M,H,W,F,3,5,H,9,2,A,5,0,P,HYUN,SGX,4D,2,17,3223,,0,1063,,G,,F,6,162,,,16R205,,,,,,0,0,000000000,00000000000,0,0,0,1,0,0,0,0,0,0,0,55,0,0,0,12,12,4,3,8,0,0,0,1,12,34741,6,1,0,0,3,0,69,999,0,0,0,0,0,0,0,0,0,0,0,0,0,0,1,2,55,1,1,8,1,0,0,1,80,1,1,1,13,0,0
12,120490,1,1,1,25,4,5,16,25,0,1,0,12,2,59,34,59034,4,1998,JT8BD68S1W00,J,T,8,B,D,6,8,S,1,W,0,0,0,P,LEXS,GS3,4D,98,17,3635,,0,1102,,G,,F,6,183,,,16R215,,,,,,0,0,000000000,00000000000,0,0,0,1,0,0,0,0,0,0,0,998,0,0,0,12,12,6,2,42,0,0,0,1,12,33936,6,1,0,0,3,0,71,999,0,0,0,0,0,0,0,0,0,1,28,0,0,0,5,4,40,2,1,8,1,0,0,14,12,1,1,4,6,1,0
12,120491,1,5,1,29,4,10,19,12,6,1,0,12,3,90,989,90989,50,2008,1BAKFCKA48F2,1,B,A,K,F,C,K,A,4,8,F,2,0,P,BLUI,,,8,17,,,,,,,,,,,,,,,,,,,0,77,777777777,77777777777,3,21,22,1,0,0,0,0,1,0,0,5,0,0,0,4,4,4,3,12,0,0,0,1,12,32656,6,1,6,0,3,0,71,999,0,2,0,0,0,12,2008,9,2009,0,31,48,0,0,1,2,60,1,1,8,1,20,3,13,11,1,1,1,98,0,0