STATE,ST_CASE,VEH_NO,VE_FORMS,NUMOCCS,DAY,MONTH,HOUR,MINUTE,HARM_EV,MAN_COLL,UNITTYPE,HIT_RUN,REG_STAT,OWNER,MAKE,MODEL,MAK_MOD,BODY_TYP,MOD_YEAR,VIN,VIN_1,VIN_2,VIN_3,VIN_4,VIN_5,VIN_6,VIN_7,VIN_8,VIN_9,VIN_10,VIN_11,VIN_12,TOW_VEH,VINTYPE,VINMAKE,VINA_MOD,VIN_BT,VINMODYR,VIN_LNGT,VIN_WGT,WGTCD_TR,WHLBS_LG,WHLBS_SH,SER_TR,FUELCODE,MCYCL_DS,CARBUR,CYLINDER,DISPLACE,MCYCL_CY,MCYCL_WT,TIRE_SZE,TON_RAT,TRK_WT,TRKWTVAR,VIN_REST,WHLDRWHL,J_KNIFE,MCARR_I1,MCARR_I2,MCARR_ID,GVWR,V_CONFIG,CARGO_BT,HAZ_INV,HAZ_PLAC,HAZ_ID,HAZ_CNO,HAZ_REL,BUS_USE,SPEC_USE,EMER_USE,TRAV_SP,UNDERIDE,ROLLOVER,ROLINLOC,IMPACT1,IMPACT2,DEFORMED,TOWED,M_HARM,VEH_SC1,VEH_SC2,FIRE_EXP,DR_PRES,L_STATE,DR_ZIP,L_STATUS,L_TYPE,CDL_STAT,L_ENDORS,L_COMPL,L_RESTRI,DR_HGT,DR_WGT,PREV_ACC,PREV_SUS,PREV_DWI,PREV_SPD,PREV_OTH,FIRST_MO,FIRST_YR,LAST_MO,LAST_YR,SPEEDREL,DR_SF1,DR_SF2,DR_SF3,DR_SF4,VTRAFWAY,VNUM_LAN,VSPD_LIM,VALIGN,VPROFILE,VPAVETYP,VSURCOND,VTRAFCON,VTCONT_F,P_CRASH1,P_CRASH2,P_CRASH3,PCRASH4,PCRASH5,ACC_TYPE,DEATHS,DR_DRINK
12,120554,2,2,1,25,4,15,42,12,1,1,0,12,3,86,881,86881,66,2006,1M1AJ06Y96N0,1,M,1,A,J,0,6,Y,9,6,N,0,1,T,MACK,CHN,TR,6,17,,8,0,0,600,D,,,6,728,,,,,00000,00,,64,1,12,692680,12692680,3,6,2,1,0,0,0,0,0,0,0,15,0,1,5,6,6,6,2,12,0,0,0,1,12,33440,6,1,6,0,3,0,67,999,0,1,0,0,0,9,2010,9,2010,0,0,0,0,0,2,2,65,1,1,8,1,0,0,2,53,1,1,1,31,0,0
12,120555,1,2,1,25,4,15,11,12,6,1,0,12,1,38,401,38401,14,1994,JACDH58V7R79,J,A,C,D,H,5,8,V,7,R,7,9,0,P,ISU,TRO,UT,94,17,4210,,0,1087,,G,,F,6,195,,,16R245,,,,,,0,0,000000000,00000000000,0,0,0,1,0,0,0,0,0,0,0,30,0,0,0,1,3,6,2,12,0,0,0,1,12,34609,6,1,0,0,3,3,71,999,0,0,0,0,0,0,0,0,0,0,38,0,0,0,1,4,55,1,1,8,1,21,3,11,15,1,1,1,68,0,0
12,120555,2,2,1,25,4,15,11,12,6,1,0,12,1,37,706,37706,80,2000,JH2SC4530YM0,J,H,2,S,C,4,5,3,0,Y,M,0,0,M,HOND,RV1,RC,0,17,,,,,,,999,,2,,4,441,,,,,,,0,0,000000000,00000000000,0,0,0,1,0,0,0,0,0,0,0,50,0,0,0,12,12,6,2,12,0,0,0,1,12,34608,6,1,6,0,3,0,72,999,0,0,0,0,0,0,0,0,0,0,0,0,0,0,5,4,55,1,1,8,1,0,0,1,62,1,1,1,69,1,0
12,120556,1,1,1,25,4,10,55,30,0,1,0,12,1,12,481,12481,31,2004,1FTRF12W54NB,1,F,T,R,F,1,2,W,5,4,N,B,0,T,FORD,F15,PK,4,17,,2,1450,1260,COF,G,,,8,281,,,,B,4810,00,U,42,0,0,000000000,00000000000,0,0,0,1,0,0,0,0,0,0,0,80,0,0,0,12,12,6,8,2,0,0,1,1,12,33813,6,1,0,0,3,0,72,999,0,0,0,0,0,0,0,0,0,1,36,0,0,0,1,2,60,1,1,8,1,0,0,1,13,1,1,4,1,1,0
12,120557,1,1,1,26,4,20,53,8,0,1,0,12,1,2,403,2403,14,2005,1J4FA44S85P3,1,J,4,F,A,4,4,S,8,5,P,3,0,T,JEEP,LWB,2W,5,17,,1,0,1034,W/T,G,,,6,244,,,,,3555,00,E,44,0,0,000000000,00000000000,0,0,0,1,0,0,0,0,0,0,0,35,0,0,0,1,1,6,2,8,0,0,0,1,12,32034,6,1,0,0,3,3,72,999,0,0,0,0,0,0,0,0,0,0,36,0,0,0,1,2,35,1,1,8,1,40,3,1,80,1,1,1,13,0,1
12,120558,1,3,4,27,4,10,26,12,6,1,0,12,3,58,37,58037,4,2010,JN1CV6AP8AM4,J,N,1,C,V,6,A,P,8,A,M,4,0,P,INFI,GBS,4D,10,17,3581,,0,1122,,G,,F,6,226,,,17R225,,,,,,0,0,000000000,00000000000,0,0,0,1,0,0,0,0,0,0,0,15,0,0,0,3,3,6,2,12,0,0,0,1,50,5855,6,1,0,0,3,0,68,999,0,0,0,1,0,6,2009,6,2009,0,38,0,0,0,2,3,45,1,1,8,1,3,3,11,15,1,1,1,68,1,0
12,120558,2,3,2,27,4,10,26,12,6,1,0,12,2,12,17,12017,4,2000,1FAFP53U4YG2,1,F,A,F,P,5,3,U,4,Y,G,2,0,P,FORD,TSE,4D,0,17,3333,,0,1085,,G,,F,6,182,,,16R215,,,,,,0,0,000000000,00000000000,0,0,0,1,0,0,0,0,0,0,0,45,0,0,0,12,12,6,2,12,0,0,0,1,12,34237,6,1,0,0,3,0,73,999,0,9,0,2,0,2,2009,10,2010,0,0,0,0,0,2,3,45,1,1,8,1,3,3,1,62,1,1,1,69,0,0
12,120558,3,3,1,27,4,10,26,12,6,1,0,12,1,20,404,20404,14,2006,2CNDL63FX661,2,C,N,D,L,6,3,F,X,6,6,1,0,P,CHEV,EQU,UT,6,17,3777,,0,1125,,G,,F,6,207,,,16R235,,,,,,0,0,000000000,00000000000,0,0,0,1,0,0,0,0,0,0,0,0,0,0,0,7,7,6,2,12,0,0,0,1,12,34203,6,1,0,0,3,3,67,999,0,0,0,0,0,0,0,0,0,0,0,0,0,0,2,3,45,1,1,8,1,3,3,5,65,1,1,1,98,0,0
12,120559,1,1,1,27,4,5,40,8,0,1,0,12,3,12,16,12016,4,2004,2FAFP71W04X1,2,F,A,F,P,7,1,W,0,4,X,1,0,P,FORD,CVP,4D,4,17,0,,0,1147,,G,,F,8,281,,,000000,,,,,,0,0,000000000,00000000000,0,0,0,1,0,0,0,0,0,5,1,70,0,0,0,11,11,6,2,8,41,0,0,1,12,32201,6,1,0,0,3,0,72,999,0,0,0,0,0,0,0,0,0,0,0,0,0,0,3,3,70,1,1,8,1,0,0,2,80,7,1,1,13,0,0
12,120560,1,1,1,28,4,22,11,43,0,1,0,12,1,12,481,12481,31,2004,1FTNW21P24ED,1,F,T,N,W,2,1,P,2,4,E,D,0,T,FORD,F2S,CW,4,17,,2,1724,1562,SRW,D,,,8,366,,,,C,6234,00,E,44,0,0,000000000,00000000000,0,0,0,1,0,0,0,0,0,0,0,55,0,1,5,1,1,6,2,42,0,0,0,1,12,32533,6,1,0,0,3,0,74,999,0,0,0,0,0,0,0,0,0,0,28,0,0,0,4,1,45,1,6,8,1,0,0,1,13,1,1,4,1,1,1
12,120561,1,1,1,28,4,21,30,32,0,1,0,12,1,6,43,6043,1,1997,3C3EL55HXVT5,3,C,3,E,L,5,5,H,X,V,T,5,0,P,CHRY,SJI,CV,97,17,3376,,0,1060,,G,,F,6,152,,,16R215,,,,,,0,0,000000000,00000000000,0,0,0,1,0,0,0,0,0,0,0,64,0,1,5,1,13,6,2,1,0,0,0,1,12,32094,6,1,0,0,3,3,75,999,0,0,0,0,0,0,0,0,0,1,36,0,0,0,1,2,45,2,5,8,2,0,0,14,12,9,4,4,7,1,1
12,120562,1,2,1,28,4,23,41,12,1,1,0,12,1,76,706,76706,80,1999,JYARN02E1XA0,J,Y,A,R,N,0,2,E,1,X,A,0,0,M,YAMA,YFR,RC,99,17,,,,,,,998,,4,,4,390,,,,,,,0,0,000000000,00000000000,0,0,0,1,0,0,0,0,0,0,0,90,0,0,0,12,11,6,2,12,0,0,0,1,12,32114,6,1,0,0,3,0,71,999,0,0,0,2,2,4,2009,4,2011,0,36,0,0,0,3,3,65,1,1,8,1,0,0,1,51,1,1,1,24,1,1
12,120562,2,2,1,28,4,23,41,12,1,1,0,12,1,23,441,23441,20,2000,1GDDM19W8YB5,1,G,D,D,M,1,9,W,8,Y,B,5,0,T,GMC,SXT,EC,0,17,,1,0,1112,SAF,G,,,6,262,,,,B,00000,00,E,42,0,0,000000000,00000000000,0,0,0,1,0,0,0,0,0,0,0,65,0,0,0,6,6,2,8,12,0,0,0,1,12,32725,6,1,0,0,3,3,70,999,0,0,0,0,0,0,0,0,0,0,0,0,0,0,3,3,65,1,1,8,1,0,0,1,53,1,1,1,25,0,0
12,120563,1,1,2,29,4,23,50,9,0,1,0,12,1,37,32,37032,4,1994,1HGCD5569RA0,1,H,G,C,D,5,5,6,9,R,A,0,0,P,HOND,AEX,4D,94,17,2908,,0,1069,,G,,F,4,132,,,15R195,,,,,,0,0,000000000,00000000000,0,0,0,1,0,0,0,0,0,0,0,65,0,0,0,12,12,6,2,9,0,0,0,1,12,34743,6,1,0,0,3,0,67,999,0,4,0,1,0,10,2009,5,2010,0,0,0,0,0,2,3,45,3,1,8,1,0,0,14,83,1,1,1,13,0,0
12,120564,1,1,1,30,4,6,40,1,0,1,0,12,1,76,706,76706,80,2009,JYAVP11E39A1,J,Y,A,V,P,1,1,E,3,9,A,1,0,M,YAMA,XVS,RS,9,17,,,,,,,1063,,2,,4,600,,,,,,,0,0,000000000,00000000000,0,0,0,1,0,0,0,0,0,0,0,55,0,0,0,0,0,6,2,1,0,0,0,1,37,28115,6,1,0,0,3,0,69,999,0,0,0,0,0,0,0,0,0,0,28,0,0,0,6,2,45,2,1,8,1,0,0,14,12,1,1,4,6,1,0
12,120566,1,1,1,3,5,19,30,43,0,1,0,12,1,53,706,53706,80,2006,JS1GT76A7621,J,S,1,G,T,7,6,A,7,6,2,1,0,M,SUZI,XR1,RC,6,17,,,,,,,999,,4,,4,365,,,,,,,0,0,000000000,00000000000,0,0,0,1,0,0,0,0,0,0,0,70,0,0,0,12,12,6,2,43,0,0,0,1,12,34653,6,1,0,0,3,0,70,999,0,1,0,0,0,2,2011,2,2011,1,36,0,0,0,1,2,40,3,1,8,1,0,0,14,13,1,1,4,1,1,0
12,120567,1,1,1,4,5,17,35,8,0,1,0,12,1,49,40,49040,4,1994,4T1SK12E2RU4,4,T,1,S,K,1,2,E,2,R,U,4,0,P,TOYT,CLE,4D,94,17,3086,,0,1031,,G,,F,4,132,,,14R195,,,,,,0,0,000000000,00000000000,0,0,0,1,0,0,0,0,0,0,0,40,0,0,0,11,11,6,2,8,0,0,0,1,12,34691,6,1,0,0,3,0,62,999,1,2,0,0,1,11,2009,4,2010,0,0,0,0,0,2,2,40,1,5,8,1,0,0,1,80,1,1,1,13,0,0
12,120568,1,1,1,4,5,17,0,43,0,1,0,12,1,20,4,20004,1,1993,1G1YY33P0P51,1,G,1,Y,Y,3,3,P,0,P,5,1,0,P,CHEV,CVT,CV,93,17,3383,,0,962,,G,,F,8,350,,,000000,,,,,,0,0,000000000,00000000000,0,0,0,1,0,0,0,0,0,0,0,70,0,0,0,12,12,6,2,43,0,0,0,1,12,34288,6,1,0,0,3,3,73,999,1,0,0,0,1,3,2010,3,2010,0,36,0,0,0,3,2,70,1,1,8,2,0,0,1,12,1,1,4,6,1,0
12,120569,1,2,2,5,5,8,15,12,6,1,0,12,2,12,422,12422,15,2003,1FMRU15WX3LB,1,F,M,R,U,1,5,W,X,3,L,B,0,P,FORD,EPT,UT,3,17,5416,,0,1191,,G,,F,8,281,,,17R265,,,,,,0,0,000000000,00000000000,0,0,0,1,0,0,0,0,0,0,0,15,0,0,0,9,9,6,2,12,0,0,0,1,12,32465,6,1,6,0,3,0,75,999,0,0,0,0,0,0,0,0,0,0,38,0,0,0,1,2,35,2,5,8,1,20,3,11,15,1,1,1,82,2,0
12,120569,2,2,1,5,5,8,15,12,6,1,0,12,3,98,804,98804,66,1995,2WKPDCCF9SK9,2,W,K,P,D,C,C,F,9,S,K,9,1,T,WSTR,490,TR,95,17,,8,0,0,CNV,D,,,6,893,,,,,00000,00,,64,1,12,1801404,121801404,3,6,4,1,0,0,0,0,0,0,0,35,0,0,0,12,12,6,2,12,0,0,0,1,12,34475,6,1,6,0,3,0,75,999,0,2,0,1,0,12,2008,9,2010,0,0,0,0,0,1,2,35,3,6,8,1,0,0,14,67,8,1,1,83,0,0
12,120570,1,1,1,6,5,0,0,59,0,1,0,12,1,7,442,7442,20,2003,1D4GP24303B1,1,D,4,G,P,2,4,3,0,3,B,1,0,T,DODG,GCS,ES,3,17,,1,0,1193,CAR,F,,,6,201,,,,,3877,01,E,42,0,0,000000000,00000000000,0,0,0,1,0,0,0,0,0,0,0,998,0,0,0,12,12,6,2,59,0,0,0,1,12,33810,6,1,0,0,3,3,66,999,0,0,0,0,0,0,0,0,0,0,28,0,0,0,1,2,35,1,1,8,1,0,0,1,13,1,1,4,1,1,1
12,120571,1,3,1,6,5,13,33,12,2,1,0,12,2,7,442,7442,20,2000,2B4GP4436YR7,2,B,4,G,P,4,4,3,6,Y,R,7,0,T,DODG,GSS,ES,0,17,,1,0,1193,CAR,G,,,6,181,,,,,3863,00,E,42,0,0,000000000,00000000000,0,0,0,1,0,0,0,0,0,0,0,50,0,0,0,12,12,6,2,12,0,0,0,1,12,32732,6,1,0,0,3,3,60,999,0,0,0,0,0,0,0,0,0,0,28,0,0,0,1,2,55,2,6,8,1,0,0,14,10,1,1,2,50,1,0
12,120571,2,3,1,6,5,13,33,12,2,1,0,12,3,20,881,20881,62,1999,1GBJ6H1C7XJ1,1,G,B,J,6,H,1,C,7,X,J,1,0,T,CHEV,6H4,CB,99,17,,6,2810,1330,CSR,D,,,6,439,,,,,00000,00,,42,0,88,888888888,88888888888,2,2,3,1,0,0,0,0,0,0,0,55,0,0,0,12,12,6,2,12,0,0,0,1,12,32765,6,1,6,0,3,3,71,999,0,0,0,0,0,0,0,0,0,0,0,0,0,0,1,2,55,1,5,8,1,0,0,1,62,1,1,1,51,0,0
12,120571,3,3,1,6,5,13,33,12,2,1,0,12,1,12,481,12481,31,1998,2FTRF08L4WCA,2,F,T,R,F,0,8,L,4,W,C,A,0,T,FORD,F15,PK,98,17,,2,0,1200,COF,G,,,8,330,,,,B,4337,03,E,44,0,0,000000000,00000000000,0,0,0,1,0,0,0,0,0,0,0,55,0,0,0,10,10,6,2,12,0,0,0,1,12,32732,6,1,0,0,3,0,71,999,0,0,0,0,0,0,0,0,0,0,0,0,0,0,1,2,55,1,5,8,1,0,0,1,62,1,1,1,98,0,0
12,120572,1,2,2,6,5,7,0,12,6,1,0,12,2,38,401,38401,14,2001,JACDS58XX17J,J,A,C,D,S,5,8,X,X,1,7,J,0,P,ISU,TRO,UT,1,17,4238,,0,1087,,G,,F,6,213,,,16R245,,,,,,0,0,000000000,00000000000,0,0,0,1,0,0,0,0,0,0,0,10,0,1,1,12,12,6,2,12,0,0,0,1,12,33570,1,1,0,0,2,0,75,999,0,2,0,0,1,6,2008,2,2011,0,38,0,0,0,2,2,45,1,1,8,1,0,0,11,15,1,1,1,68,1,1
12,120572,2,2,1,6,5,7,0,12,6,1,0,12,2,59,34,59034,4,2000,JT8BD68S2Y00,J,T,8,B,D,6,8,S,2,Y,0,0,0,P,LEXS,GS3,4D,0,17,3638,,0,1102,,G,,F,6,183,,,16R215,,,,,,0,0,000000000,00000000000,0,0,0,1,0,0,0,0,0,0,0,45,0,0,0,3,3,6,2,12,0,0,0,1,12,33596,6,1,0,0,3,0,63,999,0,0,0,0,0,0,0,0,0,0,0,0,0,0,2,2,45,1,1,8,1,0,0,1,62,1,1,1,69,0,0
12,120573,1,1,1,7,5,3,20,32,0,1,0,12,2,12,401,12401,14,2003,1FMZU77E43UB,1,F,M,Z,U,7,7,E,4,3,U,B,0,P,FORD,EPR,UT,3,17,3962,,0,1259,,G,,F,6,245,,,16R235,,,,,,0,0,000000000,00000000000,0,0,0,1,0,0,0,0,0,0,0,55,0,1,5,12,12,6,2,32,0,0,0,1,12,33523,6,1,0,0,3,0,61,999,0,0,0,0,0,0,0,0,0,0,36,0,0,0,5,2,60,1,1,8,1,0,0,1,13,7,3,4,2,1,0
12,120574,1,1,1,7,5,16,10,9,0,1,0,12,1,12,471,12471,30,1998,1FTYR10CXWUB,1,F,T,Y,R,1,0,C,X,W,U,B,0,T,FORD,RNG,PK,98,17,,1,1175,1116,RNG,G,,,4,153,,,,B,3030,01,E,42,0,0,000000000,00000000000,0,0,0,1,0,0,0,0,0,0,0,50,0,0,0,12,12,6,2,9,0,0,0,1,12,34669,6,1,6,0,3,0,65,999,0,0,0,0,0,0,0,0,0,0,0,0,0,0,2,2,50,1,1,8,1,0,0,1,83,1,1,1,13,0,0
12,120575,1,1,1,7,5,0,30,42,0,1,0,12,1,7,482,7482,31,2002,3B7KF23682M3,3,B,7,K,F,2,3,6,8,2,M,3,0,T,DODG,Q25,4C,2,17,,2,1547,1387,RPC,D,,,6,359,,,,C,5579,01,E,44,0,0,000000000,00000000000,0,0,0,1,0,0,0,0,0,0,0,60,0,0,0,9,9,6,2,42,0,0,0,1,12,32577,6,1,0,0,3,0,71,999,0,0,0,0,0,0,0,0,0,1,36,0,0,0,1,2,45,3,1,8,1,3,3,14,12,1,4,4,7,1,1
12,120576,1,1,1,7,5,20,48,42,0,1,0,12,2,24,7,24007,4,2006,1G8AJ55F86Z1,1,G,8,A,J,5,5,F,8,6,Z,1,0,P,STRN,SI2,4D,6,17,2802,,0,1035,,G,,F,4,134,,,15R195,,,,,,0,0,000000000,00000000000,0,0,0,1,0,0,0,0,0,0,0,55,0,0,0,12,12,6,2,42,0,0,0,1,12,32514,6,1,0,0,3,0,73,999,0,2,0,1,0,5,2008,12,2010,0,0,0,0,0,5,4,45,2,1,8,1,0,0,14,12,1,1,4,6,1,0
12,120577,1,1,1,7,5,20,54,9,0,1,0,12,2,2,404,2404,14,1997,1J4GZ58S5VC7,1,J,4,G,Z,5,8,S,5,V,C,7,0,T,JEEP,LRT,4W,97,17,,1,0,1059,GCK,G,,,6,242,,,,,3700,02,E,44,0,0,000000000,00000000000,0,0,0,1,0,0,0,0,0,0,0,25,0,0,0,1,12,4,3,9,0,0,0,1,12,34136,1,1,0,0,2,0,63,999,0,3,0,0,0,3,2010,8,2010,0,0,0,0,0,5,4,30,1,1,8,1,0,0,1,83,1,1,1,13,0,0
12,120578,1,1,6,8,5,16,40,32,0,1,0,1,1,12,481,12481,31,2008,1FTSW21R48EA,1,F,T,S,W,2,1,R,4,8,E,A,0,T,FORD,F2S,CW,8,17,,2,1720,1560,SRW,D,,,8,390,,,,C,6523,01,E,44,0,0,000000000,00000000000,0,0,0,1,0,0,0,0,0,0,0,60,0,1,5,1,1,6,2,1,0,0,0,1,1,36474,6,1,0,0,3,0,75,999,1,2,0,0,0,7,2008,5,2010,0,92,0,0,0,1,2,60,1,1,8,1,0,0,6,12,7,1,4,6,2,1
12,120579,1,1,1,8,5,16,55,5,0,1,0,12,1,14,6,14006,4,2010,2MEBM7FV8AX6,2,M,E,B,M,7,F,V,8,A,X,6,0,P,MERC,MGL,4D,10,17,4131,,0,1146,,F,,F,8,281,,,17R225,,,,,,0,0,000000000,00000000000,0,0,0,1,0,0,0,0,0,0,0,20,0,0,0,0,6,4,3,5,0,0,0,1,12,34608,6,1,0,0,3,3,64,999,0,0,0,0,0,0,0,0,0,0,92,0,0,0,1,2,20,2,1,8,1,0,0,13,98,1,1,2,0,1,0
12,120580,1,2,1,9,5,1,56,12,8,1,0,12,1,37,31,37031,4,2004,2HGES16574H5,2,H,G,E,S,1,6,5,7,4,H,5,0,P,HOND,UCL,4D,4,17,2515,,0,1031,,G,,F,4,102,,,15R195,,,,,,0,0,000000000,00000000000,0,0,0,1,0,0,0,0,0,0,0,55,0,0,0,11,11,6,2,12,0,0,0,1,12,33565,6,1,0,0,3,0,71,999,0,4,0,4,0,11,2008,1,2011,0,36,0,0,0,1,2,55,1,1,8,1,0,0,1,10,1,1,2,64,1,1
12,120580,2,2,1,9,5,1,56,12,8,1,0,12,3,82,881,82881,66,2009,1FUJGECK69LA,1,F,U,J,G,E,C,K,6,9,L,A,1,T,FRHT,125,TR,9,17,,8,0,0,CSC,D,,,6,855,,,,,00000,00,,64,1,12,958024,12958024,3,6,1,1,0,0,0,0,0,0,0,55,0,0,0,8,8,4,3,12,0,0,0,1,12,34207,6,1,6,0,3,3,65,999,0,0,0,0,0,0,0,0,0,0,0,0,0,0,1,2,55,1,1,8,1,0,0,1,62,1,1,1,65,0,0
12,120581,1,1,1,10,5,22,34,8,0,1,0,12,1,35,472,35472,30,2001,1N6ED26Y41C3,1,N,6,E,D,2,6,Y,4,1,C,3,0,T,NISS,KXS,PC,1,17,,1,0,1161,FRT,G,,,6,201,,,,B,3781,01,U,44,0,0,000000000,00000000000,0,0,0,1,0,0,0,0,0,0,0,50,0,0,0,1,1,4,3,8,0,0,0,1,12,32920,6,1,0,0,3,0,74,999,0,0,0,0,0,0,0,0,0,0,0,0,0,0,2,3,50,1,1,8,1,0,0,1,80,1,1,1,13,0,0
12,120582,1,1,1,10,5,7,57,8,0,1,0,12,2,12,481,12481,31,1995,1FTEF15H5SNB,1,F,T,E,F,1,5,H,5,S,N,B,0,T,FORD,F15,PK,95,17,,2,1330,1170,COF,G,,,8,351,,,,B,00000,00,M,42,0,0,000000000,00000000000,0,0,0,1,0,0,0,0,0,0,0,57,0,0,0,11,11,4,3,8,0,0,0,1,12,34711,6,1,0,0,3,0,67,999,0,0,0,0,0,0,0,0,0,1,0,0,0,0,1,2,40,1,6,8,1,0,0,1,80,2,1,1,13,0,0
12,120583,1,1,1,11,5,21,55,8,0,1,0,12,2,38,473,38473,30,2007,1GGCS1992787,1,G,G,C,S,1,9,9,2,7,8,7,0,T,ISU,290,4C,7,17,,1,0,1259,I29,G,,,4,177,,,,,3368,00,3,42,0,0,000000000,00000000000,0,0,0,1,0,0,0,0,0,0,0,50,0,0,0,12,12,4,3,8,0,0,0,1,12,32095,6,1,0,0,3,0,67,999,0,0,0,1,1,12,2008,8,2009,0,28,0,0,0,2,2,55,1,1,8,1,0,0,1,80,1,1,1,13,0,0
12,120584,1,2,2,12,5,7,5,12,6,1,0,12,1,49,50,49050,3,2007,JTKDE1776701,J,T,K,D,E,1,7,7,6,7,0,1,0,P,TOYT,SXC,2H,7,17,2905,,0,1063,,G,,F,4,146,,,17R215,,,,,,0,0,000000000,00000000000,0,0,0,1,0,0,0,0,0,0,0,55,0,0,0,12,12,6,2,12,0,0,0,1,12,32081,6,1,0,0,3,0,59,999,0,1,0,1,1,6,2008,5,2011,0,36,0,0,0,2,2,55,1,1,8,1,0,0,1,54,1,1,6,64,0,0
12,120584,2,2,1,12,5,7,5,12,6,1,0,12,2,20,481,20481,31,1997,2GCEC19R0V12,2,G,C,E,C,1,9,R,0,V,1,2,0,T,CHEV,GC1,PC,97,17,,2,1555,1415,GM4,G,,,8,350,,,,B,4160,00,,42,0,0,000000000,00000000000,0,0,0,1,0,0,0,0,0,0,0,55,0,0,0,11,11,6,2,12,0,0,0,1,12,32082,6,1,0,0,3,3,74,999,0,0,0,0,0,0,0,0,0,0,36,0,0,0,2,2,55,1,1,8,1,0,0,1,62,7,1,1,65,1,0
12,120585,1,1,1,12,5,20,14,24,0,1,0,12,1,12,471,12471,30,1994,1FTDR15X8RPA,1,F,T,D,R,1,5,X,8,R,P,A,0,T,FORD,RNS,PC,94,17,,1,0,1250,RNG,G,,,6,245,,,,B,00000,00,A,44,0,0,000000000,00000000000,0,0,0,1,0,0,0,0,0,0,0,55,0,1,3,12,12,6,2,1,0,0,0,1,12,32505,6,1,0,0,3,0,67,999,0,2,0,0,0,12,2010,5,2011,0,36,0,0,0,3,2,55,1,1,8,1,0,0,1,12,1,1,4,6,1,0
12,120586,1,1,1,13,5,5,14,8,0,1,0,12,3,12,481,12481,31,2007,1FTNF20587EA,1,F,T,N,F,2,0,5,8,7,E,A,0,T,FORD,F2S,PK,7,17,,2,0,1370,SRW,G,,,8,329,,,,C,5648,00,U,42,0,0,000000000,00000000000,0,0,0,1,0,0,0,0,0,0,0,45,0,0,0,12,12,2,3,8,0,0,0,1,12,32701,6,1,0,0,3,0,73,999,0,0,0,0,1,4,2010,4,2010,0,0,0,0,0,2,2,45,1,1,8,1,0,0,1,80,1,1,1,13,0,0
12,120587,1,1,2,13,5,18,0,34,0,1,0,12,2,20,22,20022,4,2006,1G1AK55F2677,1,G,1,A,K,5,5,F,2,6,7,7,0,P,CHEV,BLS,4D,6,17,3216,,0,1033,,G,,F,4,134,,,15R195,,,,,,0,0,000000000,00000000000,0,0,0,1,0,0,0,0,0,0,0,35,0,0,0,14,13,6,2,42,0,0,0,1,12,32570,6,1,0,0,3,0,67,999,0,3,0,0,1,2,2009,11,2010,0,36,0,0,0,1,2,35,3,6,8,1,0,0,14,12,1,1,4,6,1,0
12,120588,1,1,1,13,5,23,52,52,0,1,0,12,1,76,706,76706,80,2005,JYARN13E65A0,J,Y,A,R,N,1,3,E,6,5,A,0,0,M,YAMA,YFR,RC,5,17,,,,,,,998,,4,,4,379,,,,,,,0,0,000000000,00000000000,0,0,0,1,0,0,0,0,0,0,0,100,0,0,0,3,3,6,2,1,0,0,0,1,12,33706,6,1,0,0,3,0,70,999,0,0,0,0,0,0,0,0,0,1,36,0,0,0,3,2,60,3,1,8,1,0,0,14,13,1,1,4,1,1,1
12,120589,1,1,1,13,5,0,24,8,0,1,0,12,1,21,20,21020,4,1993,1G3AG55N0P64,1,G,3,A,G,5,5,N,0,P,6,4,0,P,OLDS,CIS,4D,93,17,2776,,0,1049,,G,,F,6,204,,,14R185,,,,,,0,0,000000000,00000000000,0,0,0,1,0,0,0,0,0,0,0,45,0,0,0,1,1,4,3,8,0,0,0,1,12,32514,6,1,0,0,3,0,72,999,0,0,0,0,0,0,0,0,0,0,0,0,0,0,3,2,45,1,1,8,1,0,0,1,80,6,1,1,13,0,0
12,120590,1,1,1,14,5,21,50,8,0,1,0,12,2,20,37,20037,4,2002,1G1NE52J42M6,1,G,1,N,E,5,2,J,4,2,M,6,0,P,CHEV,M/L,4D,2,17,3053,,0,1070,,G,,F,6,191,,,15R215,,,,,,0,0,000000000,00000000000,0,0,0,1,0,0,0,0,0,0,0,45,0,0,0,1,1,4,3,8,0,0,0,1,12,32548,6,1,0,0,3,3,69,999,0,1,0,0,0,9,2010,9,2010,0,0,0,0,0,2,2,45,1,6,8,1,0,0,1,80,1,1,1,13,0,0
12,120591,1,2,1,14,5,7,57,12,6,1,0,12,1,85,881,85881,66,1995,1XKWDB9X5SJ6,1,X,K,W,D,B,9,X,5,S,J,6,1,T,KW,W90,TR,95,17,,8,0,1600,CON,D,,,6,893,,,,,00000,00,,64,3,13,947074,13947074,3,6,1,1,0,0,0,0,0,0,0,55,0,0,0,3,3,6,2,12,0,0,0,1,13,31058,6,1,6,3,3,3,71,999,98,1,0,0,1,4,2009,4,2009,0,39,0,0,0,2,2,55,1,1,8,2,3,3,1,5,8,7,2,87,0,0
12,120591,2,2,1,14,5,7,57,12,6,1,0,12,2,7,880,7880,67,1998,1B7MF33D0WJ1,1,B,7,M,F,3,3,D,0,W,J,1,0,T,DODG,Q35,4C,98,17,,3,0,1547,RPC,D,,,6,359,,,,D,6068,00,U,44,0,88,888888888,88888888888,2,1,97,1,0,0,0,0,0,0,0,15,0,0,0,11,11,6,2,12,0,0,0,1,12,33873,6,1,0,0,3,0,69,999,0,0,0,0,1,8,2010,8,2010,0,0,0,0,0,2,2,55,1,1,8,2,3,3,1,66,1,1,1,86,1,0