STATE,ST_CASE,VEH_NO,VE_FORMS,NUMOCCS,DAY,MONTH,HOUR,MINUTE,HARM_EV,MAN_COLL,UNITTYPE,HIT_RUN,REG_STAT,OWNER,MAKE,MODEL,MAK_MOD,BODY_TYP,MOD_YEAR,VIN,VIN_1,VIN_2,VIN_3,VIN_4,VIN_5,VIN_6,VIN_7,VIN_8,VIN_9,VIN_10,VIN_11,VIN_12,TOW_VEH,VINTYPE,VINMAKE,VINA_MOD,VIN_BT,VINMODYR,VIN_LNGT,VIN_WGT,WGTCD_TR,WHLBS_LG,WHLBS_SH,SER_TR,FUELCODE,MCYCL_DS,CARBUR,CYLINDER,DISPLACE,MCYCL_CY,MCYCL_WT,TIRE_SZE,TON_RAT,TRK_WT,TRKWTVAR,VIN_REST,WHLDRWHL,J_KNIFE,MCARR_I1,MCARR_I2,MCARR_ID,GVWR,V_CONFIG,CARGO_BT,HAZ_INV,HAZ_PLAC,HAZ_ID,HAZ_CNO,HAZ_REL,BUS_USE,SPEC_USE,EMER_USE,TRAV_SP,UNDERIDE,ROLLOVER,ROLINLOC,IMPACT1,IMPACT2,DEFORMED,TOWED,M_HARM,VEH_SC1,VEH_SC2,FIRE_EXP,DR_PRES,L_STATE,DR_ZIP,L_STATUS,L_TYPE,CDL_STAT,L_ENDORS,L_COMPL,L_RESTRI,DR_HGT,DR_WGT,PREV_ACC,PREV_SUS,PREV_DWI,PREV_SPD,PREV_OTH,FIRST_MO,FIRST_YR,LAST_MO,LAST_YR,SPEEDREL,DR_SF1,DR_SF2,DR_SF3,DR_SF4,VTRAFWAY,VNUM_LAN,VSPD_LIM,VALIGN,VPROFILE,VPAVETYP,VSURCOND,VTRAFCON,VTCONT_F,P_CRASH1,P_CRASH2,P_CRASH3,PCRASH4,PCRASH5,ACC_TYPE,DEATHS,DR_DRINK
12,120592,1,1,4,14,5,16,2,34,0,1,0,12,1,23,481,23481,31,2004,2GTEC19V1411,2,G,T,E,C,1,9,V,1,4,1,1,0,T,GMC,NC1,4C,4,17,,2,1575,1435,SIE,G,,,8,293,,,,B,4548,00,4,42,0,0,000000000,00000000000,0,0,0,1,0,0,0,0,0,0,0,60,0,1,5,12,13,6,2,1,0,0,0,1,12,33890,6,1,0,0,3,0,68,999,0,0,0,0,0,0,0,0,0,0,36,0,0,0,1,2,60,1,1,8,2,0,0,1,5,1,4,4,7,1,1
12,120593,1,3,1,14,5,11,57,12,6,1,0,12,1,23,481,23481,31,1997,1GTEC14W5VZ5,1,G,T,E,C,1,4,W,5,V,Z,5,0,T,GMC,SC1,PK,97,17,,2,1315,1175,SIE,G,,,6,262,,,,B,00000,00,E,42,0,0,000000000,00000000000,0,0,0,1,0,0,0,0,0,0,0,40,0,0,0,1,1,6,2,12,0,0,0,1,12,32505,6,1,0,0,3,3,72,999,1,1,0,0,1,12,2009,1,2011,0,28,0,0,0,5,4,40,2,1,8,1,0,0,14,10,1,1,2,64,0,0
12,120593,2,3,3,14,5,11,57,12,6,1,0,12,1,23,481,23481,31,1998,2GDEC19R4W15,2,G,D,E,C,1,9,R,4,W,1,5,0,T,GMC,SC1,PC,98,17,,2,1555,1415,SIE,G,,,8,350,,,,B,4160,02,U,42,0,0,000000000,00000000000,0,0,0,1,0,0,0,0,0,0,0,40,0,0,0,4,4,6,2,12,0,0,0,1,12,32503,1,1,0,0,2,0,72,999,1,1,0,0,1,4,2010,5,2011,0,0,0,0,0,5,4,40,3,1,8,1,0,0,14,60,6,1,1,65,0,0
12,120593,3,3,1,14,5,11,57,12,6,1,0,12,1,35,47,35047,4,1993,1N4BU31F6PC1,1,N,4,B,U,3,1,F,6,P,C,1,0,P,NISS,AGS,4D,93,17,2729,,0,1031,,G,,F,4,146,,,15R205,,,,,,0,0,000000000,00000000000,0,0,0,1,0,0,0,0,0,0,0,40,0,0,0,12,12,6,2,12,0,0,0,1,12,32563,6,1,0,0,3,0,69,999,0,0,0,0,0,0,0,0,0,0,0,0,0,0,5,4,40,2,1,8,1,0,0,14,60,1,1,1,98,1,0
12,120594,1,2,3,5,2,20,50,8,0,1,0,12,1,49,40,49040,4,1999,4T1BG22K2XU8,4,T,1,B,G,2,2,K,2,X,U,8,0,P,TOYT,UEX,4D,99,17,2998,,0,1051,,G,,F,4,132,,,14R195,,,,,,0,0,000000000,00000000000,0,0,0,1,0,0,0,0,0,0,0,35,0,0,0,12,12,4,1,8,0,0,0,1,12,33610,6,1,0,0,3,0,72,999,0,3,0,0,0,11,2009,8,2010,0,0,0,0,0,2,3,45,1,1,8,2,0,0,1,80,8,1,1,13,0,0
12,120594,2,2,3,5,2,20,50,8,0,1,0,12,1,35,47,35047,4,1996,1N4BU31D3TC1,1,N,4,B,U,3,1,D,3,T,C,1,0,P,NISS,AGS,4D,96,17,2756,,0,1031,,G,,F,4,146,,,15R205,,,,,,0,0,000000000,00000000000,0,0,0,1,0,0,0,0,0,0,0,35,0,0,0,12,12,4,1,8,0,0,0,1,12,33617,6,1,0,0,3,0,74,999,0,0,0,0,0,0,0,0,0,0,0,0,0,0,2,3,45,1,1,8,2,0,0,1,80,4,1,1,98,0,0
12,120595,1,4,1,16,2,19,1,12,1,1,0,12,2,49,482,49482,31,2000,5TBRT3410YS1,5,T,B,R,T,3,4,1,0,Y,S,1,0,T,TOYT,TRS,4C,0,17,,2,0,1283,TUN,G,,,8,285,,,,C,4088,00,U,42,0,0,000000000,00000000000,0,0,0,1,0,0,0,0,0,0,0,999,0,1,1,12,12,6,2,1,0,0,0,1,12,33612,1,1,0,0,2,0,74,999,0,2,0,1,0,12,2008,6,2010,1,36,0,0,0,2,3,45,1,1,8,1,0,0,1,52,1,1,1,28,1,1
12,120595,2,4,1,16,2,19,1,12,1,1,0,12,1,23,401,23401,14,2003,1GKDS13S8321,1,G,K,D,S,1,3,S,8,3,2,1,0,T,GMC,ENV,4W,3,17,,1,0,1130,ENV,G,,,6,256,,,,B,4417,00,E,42,0,0,000000000,00000000000,0,0,0,1,0,0,0,0,0,0,0,10,0,0,0,6,6,6,2,12,0,0,0,1,12,33612,6,1,0,0,3,0,62,999,0,0,0,0,0,0,0,0,0,0,0,0,0,0,2,3,45,1,1,8,1,0,0,2,53,1,1,1,29,0,0
12,120595,3,4,2,16,2,19,1,12,1,1,0,12,1,53,36,53036,5,2008,KL5JD66Z98K8,K,L,5,J,D,6,6,Z,9,8,K,8,0,P,SUZI,RBC,4H,8,17,2745,,0,1024,,G,,F,4,122,,,15R195,,,,,,0,0,000000000,00000000000,0,0,0,1,0,0,0,0,0,0,0,0,0,0,0,5,5,2,1,12,0,0,0,1,12,33617,6,1,0,0,3,0,64,999,0,0,0,0,1,2,2011,2,2011,0,0,0,0,0,2,3,45,1,1,8,1,0,0,5,61,1,1,1,98,0,0
12,120595,4,4,3,16,2,19,1,12,1,1,0,29,1,49,43,49043,4,2008,4T1BK36B38U2,4,T,1,B,K,3,6,B,3,8,U,2,0,P,TOYT,UTS,4D,8,17,3490,,0,1110,,G,,F,6,214,,,16R215,,,,,,0,0,000000000,00000000000,0,0,0,1,0,0,0,0,0,0,0,0,0,0,0,6,6,4,1,12,0,0,0,1,20,66062,6,1,0,0,3,0,71,200,0,0,0,0,0,0,0,0,0,0,0,0,0,0,2,3,45,1,1,8,1,0,0,5,53,1,1,1,98,0,0
12,120596,1,1,1,9,3,18,46,9,0,1,0,12,2,38,402,38402,14,1999,4S2CK58W3X43,4,S,2,C,K,5,8,W,3,X,4,3,0,P,ISU,ROD,UT,99,17,3528,,0,1064,,G,,F,6,195,,,15R235,,,,,,0,0,000000000,00000000000,0,0,0,1,0,0,0,0,0,0,0,50,0,0,0,12,12,4,1,9,0,0,0,1,12,33411,6,1,0,0,3,3,70,999,0,0,0,0,0,0,0,0,0,0,0,0,0,0,2,2,55,1,1,8,1,0,0,1,83,1,1,1,13,0,0
12,120597,1,2,1,10,5,11,45,12,6,1,0,12,1,35,401,35401,14,2005,5N1AR18U65C7,5,N,1,A,R,1,8,U,6,5,C,7,0,P,NISS,PFI,UT,5,17,4242,,0,1122,,G,,F,6,244,,,16R265,,,,,,0,0,000000000,00000000000,0,0,0,1,0,0,0,0,0,0,0,15,0,0,0,1,1,6,2,12,0,0,0,1,12,34758,6,1,0,0,3,3,73,999,0,0,0,0,0,0,0,0,0,0,36,0,0,0,5,4,40,1,1,8,1,0,0,11,15,1,1,1,68,0,0
12,120597,2,2,2,10,5,11,45,12,6,1,0,12,1,6,52,6052,6,2005,3C4FY58B35T5,3,C,4,F,Y,5,8,B,3,5,T,5,0,P,CHRY,PTC,SV,5,17,3033,,0,1030,,G,,F,4,148,,,15R195,,,,,,0,0,000000000,00000000000,0,0,0,1,0,0,0,0,0,0,0,35,0,0,0,11,11,6,2,12,0,0,0,1,12,32809,6,1,0,0,3,3,71,999,0,0,0,0,0,0,0,0,0,0,0,0,0,0,5,4,40,1,1,8,1,0,0,1,62,1,1,1,69,1,0
12,120598,1,1,1,6,4,7,40,42,0,1,0,12,3,84,881,84881,63,2008,1HTMMAAN58H6,1,H,T,M,M,A,A,N,5,8,H,6,0,T,INTL,430,CC,8,17,,7,0,0,40S,D,,,6,466,,,,,00000,00,,42,0,12,141092,12141092,3,2,2,1,0,0,0,0,0,0,0,58,0,0,0,12,12,6,2,42,0,0,0,1,12,33870,6,1,6,3,3,0,70,999,0,0,0,0,2,4,2010,8,2010,0,28,0,0,0,1,2,60,1,1,8,1,0,0,1,12,1,1,4,6,1,0
12,120599,1,2,1,12,1,17,57,12,6,1,0,12,2,52,40,52040,4,2002,6MMAP67P12T0,6,M,M,A,P,6,7,P,1,2,T,0,0,P,MITS,DLS,4D,2,17,3549,,0,1071,,G,,F,6,213,,,16R215,,,,,,0,0,000000000,00000000000,0,0,0,1,0,0,0,0,0,0,0,10,0,0,0,9,9,6,2,12,0,0,0,1,12,33912,6,1,0,0,3,0,75,999,0,0,0,0,2,10,2008,12,2008,0,38,0,0,0,2,2,50,1,1,8,1,21,3,11,15,1,1,1,68,0,0
12,120599,2,2,1,12,1,17,57,12,6,1,0,12,1,76,706,76706,80,2009,JYARN23EX9A0,J,Y,A,R,N,2,3,E,X,9,A,0,0,M,YAMA,YFR,RC,9,17,,,,,,,998,,4,,4,454,,,,,,,0,0,000000000,00000000000,0,0,0,1,0,0,0,0,0,0,0,75,0,0,0,12,12,6,2,12,0,0,0,1,12,33912,6,1,0,0,3,0,71,999,0,0,0,0,0,0,0,0,0,0,36,0,0,0,2,2,50,1,1,8,1,0,0,1,62,1,1,1,69,1,0
12,120600,1,2,1,3,2,9,34,12,6,1,0,12,1,49,421,49421,15,2005,JTEHT05J3520,J,T,E,H,T,0,5,J,3,5,2,0,0,P,TOYT,LCW,UT,5,17,3470,,0,1122,,G,,F,8,285,,,17R275,,,,,,0,0,000000000,00000000000,0,0,0,1,0,0,0,0,0,0,0,5,0,0,0,2,2,4,3,12,0,0,0,1,12,33178,6,1,0,0,3,3,72,999,0,1,0,1,0,3,2010,8,2010,0,38,0,0,0,2,2,40,1,1,8,1,3,3,11,15,1,1,1,68,0,0
12,120600,2,2,1,3,2,9,34,12,6,1,0,12,1,73,703,73703,80,2010,JKAEXMJ13ADA,J,K,A,E,X,M,J,1,3,A,D,A,0,M,KAWK,E2J,RC,10,17,,,,,,,249,,2,,4,374,,,,,,,0,0,000000000,00000000000,0,0,0,1,0,0,0,0,0,0,0,40,0,0,0,12,12,6,2,12,0,0,0,1,12,33193,6,1,0,0,3,0,68,999,0,0,0,1,0,3,2010,3,2010,0,0,0,0,0,2,2,40,1,1,8,1,3,3,1,62,1,1,1,69,1,0
12,120601,1,1,1,5,3,22,19,9,0,1,0,12,1,7,43,7043,4,2000,1B3EJ56H5YN1,1,B,3,E,J,5,6,H,5,Y,N,1,0,P,DODG,STS,4D,0,17,3057,,0,1080,,G,,F,6,152,,,15R195,,,,,,0,0,000000000,00000000000,0,0,0,1,0,0,0,0,0,0,0,40,0,0,0,12,12,4,3,9,0,0,0,1,12,32210,1,1,0,0,2,0,67,999,0,1,0,0,0,1,2011,1,2011,0,0,0,0,0,5,4,40,1,1,8,1,0,0,1,83,1,1,1,13,0,1
12,120602,1,1,1,3,4,13,20,42,0,1,0,12,2,6,43,6043,2,2002,4C3AG52H22E0,4,C,3,A,G,5,2,H,2,2,E,0,0,P,CHRY,SLI,CP,2,17,3089,,0,1037,,G,,F,6,181,,,17R215,,,,,,0,0,000000000,00000000000,0,0,0,1,0,0,0,0,0,0,0,70,0,0,0,3,3,6,2,42,0,0,0,1,12,33311,1,1,0,0,2,0,74,999,0,1,0,0,0,10,2010,10,2010,1,28,0,0,0,1,2,40,1,1,8,1,0,0,1,13,1,1,4,1,1,0
12,120604,1,2,2,24,4,23,28,12,6,1,0,12,2,72,706,72706,80,2000,1HD1FDV1XYY6,1,H,D,1,F,D,V,1,X,Y,Y,6,0,M,HD,FHR,RS,0,17,,,,,,,1450,,2,,4,723,,,,,,,0,0,000000000,00000000000,0,0,0,1,0,0,0,0,0,0,0,45,0,0,0,12,12,6,2,12,0,0,0,1,12,34608,6,1,0,0,3,0,67,999,0,0,0,0,0,0,0,0,0,0,39,0,0,0,2,2,45,1,1,8,1,3,3,1,17,1,1,1,88,2,1
12,120604,2,2,1,24,4,23,28,12,6,1,0,12,2,35,401,35401,14,2000,JN8AR07S9YW4,J,N,8,A,R,0,7,S,9,Y,W,4,0,P,NISS,PFI,UT,0,17,3747,,0,1063,,G,,F,6,201,,,16R245,,,,,,0,0,000000000,00000000000,0,0,0,1,0,0,0,0,0,0,0,15,0,0,0,7,7,6,2,12,0,0,0,1,12,34652,6,1,0,0,3,0,75,999,0,1,0,0,0,9,2009,9,2009,0,0,0,0,0,2,2,45,1,1,8,1,3,3,1,66,1,1,1,89,0,0
12,120605,1,1,1,25,4,9,39,33,0,1,0,12,5,12,401,12401,14,1995,1FMDU34X6SUA,1,F,M,D,U,3,4,X,6,S,U,A,0,P,FORD,EPR,UT,95,17,4053,,0,1115,,G,,F,6,245,,,15R225,,,,,,0,0,000000000,00000000000,0,0,0,1,0,0,0,0,0,0,0,96,0,1,5,12,12,6,2,1,0,0,0,1,12,32207,0,0,0,0,0,0,999,999,0,0,0,0,0,0,0,0,0,0,38,0,0,0,1,2,35,1,1,8,1,3,3,10,13,1,1,4,1,1,0
12,120606,1,3,1,29,4,21,24,12,6,1,0,12,1,12,481,12481,31,2001,1FTZX17291KC,1,F,T,Z,X,1,7,2,9,1,K,C,0,T,FORD,F15,4C,1,17,,1,1571,1385,COF,G,,,6,256,,,,B,4204,05,U,42,0,0,000000000,00000000000,0,0,0,1,0,0,0,0,0,0,0,35,0,0,0,2,2,6,2,12,0,0,0,1,12,33760,6,1,0,0,3,3,71,999,0,1,0,0,1,4,2011,4,2011,0,38,0,0,0,1,2,55,1,1,8,1,20,3,11,15,1,1,1,68,0,0
12,120606,2,3,1,29,4,21,24,12,6,1,0,12,2,72,706,72706,80,2006,1HD1FSW176Y6,1,H,D,1,F,S,W,1,7,6,Y,6,0,M,HD,TRI,RS,6,17,,,,,,,1450,,2,,4,731,,,,,,,0,0,000000000,00000000000,0,0,0,1,0,0,0,0,0,0,0,55,0,0,0,12,12,6,2,12,0,0,0,1,12,34683,6,1,0,0,3,3,69,999,0,0,0,0,0,0,0,0,0,0,0,0,0,0,2,3,55,1,1,8,1,0,0,1,66,7,1,1,69,1,0
12,120606,3,3,2,29,4,21,24,12,6,1,0,12,1,2,404,2404,14,2010,1J4PS4GK3AC1,1,J,4,P,S,4,G,K,3,A,C,1,0,T,JEEP,LRO,4W,10,17,,1,0,1095,GCK,G,,,6,225,,,,,4261,00,3,42,0,0,000000000,00000000000,0,0,0,1,0,0,0,0,0,0,0,0,0,0,0,12,12,6,2,12,0,0,0,1,12,33773,6,1,0,0,3,3,77,999,0,0,0,0,0,0,0,0,0,0,0,0,0,0,1,2,55,1,1,8,1,20,3,5,54,1,1,1,98,0,0
12,120607,1,5,1,5,5,20,16,33,0,1,0,12,2,12,3,12003,2,1998,1FAFP4040WF1,1,F,A,F,P,4,0,4,0,W,F,1,0,P,FORD,MUS,CP,98,17,3065,,0,1013,,G,,F,6,232,,,15R205,,,,,,0,0,000000000,00000000000,0,0,0,1,0,0,0,0,0,0,0,45,0,1,1,12,12,6,2,12,0,0,0,1,12,33169,6,1,0,0,3,0,60,999,0,2,0,0,1,11,2009,2,2010,0,0,0,0,0,3,3,45,1,1,8,2,0,0,1,12,1,1,4,6,1,1
12,120607,2,5,2,5,5,20,16,33,0,1,0,12,2,37,402,37402,14,2008,JHLRE38788C0,J,H,L,R,E,3,8,7,8,8,C,0,0,P,HOND,CRV,UT,8,17,3430,,0,1031,,G,,F,4,146,,,17R225,,,,,,0,0,000000000,00000000000,0,0,0,1,0,0,0,0,0,0,0,35,0,0,0,12,12,6,2,12,0,0,0,1,12,33328,6,1,0,0,3,3,62,999,1,0,0,0,0,11,2008,11,2008,0,0,0,0,0,3,3,45,1,1,8,2,0,0,1,62,1,1,1,98,1,0
12,120607,3,5,2,5,5,20,16,33,0,1,0,12,2,37,31,37031,4,2010,19XFA1F82AE0,1,9,X,F,A,1,F,8,2,A,E,0,0,P,HOND,UAX,4D,10,17,2820,,0,1063,,G,,F,4,110,,,16R205,,,,,,0,0,000000000,00000000000,0,0,0,1,0,0,0,0,0,0,0,35,0,0,0,12,12,6,2,12,0,0,0,1,12,33029,6,1,0,0,3,0,70,999,0,1,0,0,0,7,2009,7,2009,0,0,0,0,0,3,3,45,1,1,8,2,0,0,1,62,7,1,1,98,0,0
12,120607,4,5,2,5,5,20,16,33,0,1,0,12,1,49,32,49032,4,2010,2T1BU4EE4AC5,2,T,1,B,U,4,E,E,4,A,C,5,0,P,TOYT,CBL,4D,10,17,2723,,0,1024,,G,,F,4,110,,,15R195,,,,,,0,0,000000000,00000000000,0,0,0,1,0,0,0,0,0,0,0,34,0,0,0,13,13,4,1,12,0,0,0,1,12,33315,6,1,0,0,3,3,71,999,0,0,0,1,0,10,2009,10,2009,0,0,0,0,0,3,3,45,1,1,8,2,0,0,1,62,1,1,1,98,0,0
12,120607,5,5,3,5,5,20,16,33,0,1,0,12,1,53,402,53402,14,2001,JS3TE62V8141,J,S,3,T,E,6,2,V,8,1,4,1,0,P,SUZI,GVT,UT,1,17,3064,,0,976,,G,,F,6,152,,,16R235,,,,,,0,0,000000000,00000000000,0,0,0,1,0,0,0,0,0,0,0,35,0,0,0,8,8,4,1,12,0,0,0,1,12,33186,6,1,0,0,3,3,66,999,0,0,0,0,0,0,0,0,0,0,0,0,0,0,3,3,45,1,1,8,2,0,0,1,62,1,1,1,98,0,0
12,120608,1,1,1,14,5,20,49,9,0,1,0,12,2,20,20,20020,4,1996,2G1WL52M5T11,2,G,1,W,L,5,2,M,5,T,1,1,0,P,CHEV,LUM,4D,96,17,3330,,0,1075,,G,,F,6,191,,,15R205,,,,,,0,0,000000000,00000000000,0,0,0,1,0,0,0,0,0,0,0,45,0,0,0,12,12,4,3,9,0,0,0,1,12,32641,6,1,0,0,3,0,76,999,0,0,0,1,1,5,2008,2,2009,0,0,0,0,0,2,2,45,1,1,8,1,3,3,1,83,1,1,1,13,0,0
12,120609,1,1,1,27,5,3,30,1,0,1,0,12,1,35,471,35471,30,1997,1N6SD11S3VC3,1,N,6,S,D,1,1,S,3,V,C,3,0,T,NISS,XES,PK,97,17,,1,0,1043,TRK,G,,,4,146,,,,B,2718,01,M,42,0,0,000000000,00000000000,0,0,0,1,0,0,0,0,0,0,0,40,0,2,5,0,0,6,2,1,0,0,0,1,12,32796,6,1,0,0,3,3,74,999,0,1,0,0,3,8,2010,3,2011,1,48,39,0,0,1,2,25,1,1,8,1,0,0,1,13,6,4,4,7,1,0
12,120610,1,2,1,16,4,0,0,12,2,1,0,12,1,12,481,12481,31,2002,1FTRF18252NB,1,F,T,R,F,1,8,2,5,2,N,B,0,T,FORD,F15,PK,2,17,,2,1388,1202,COF,G,,,6,256,,,,B,4345,03,U,44,0,0,000000000,00000000000,0,0,0,1,0,0,0,0,0,0,0,999,0,0,0,12,12,6,2,12,0,0,1,1,12,33823,6,1,0,0,3,0,70,999,1,0,0,0,1,4,2010,4,2010,0,51,0,0,0,2,2,60,1,1,8,1,0,0,1,54,1,1,1,52,1,1
12,120610,2,2,1,16,4,0,0,12,2,1,0,12,3,84,881,84881,66,1997,2HSFHAMR2VC0,2,H,S,F,H,A,M,R,2,V,C,0,1,T,INTL,940,TR,97,17,,8,2340,1600,90S,D,,,6,774,,,,,00000,00,,64,1,12,513990,12513990,3,6,2,1,0,0,0,0,0,0,0,999,0,0,0,12,12,6,2,12,0,0,0,1,12,33853,6,1,6,3,3,3,68,999,0,0,0,0,0,0,0,0,0,0,0,0,0,0,2,2,60,1,1,8,1,0,0,1,54,1,1,1,52,0,0
12,120611,1,3,1,15,3,23,17,12,1,1,0,12,2,72,706,72706,80,1988,1HD1EBL20JY1,1,H,D,1,E,B,L,2,0,J,Y,1,0,M,HD,FRS,RS,88,17,,,,,,,1340,,2,,4,575,,,,,,,0,0,000000000,00000000000,0,0,0,1,0,0,0,0,0,0,0,55,0,0,0,12,12,6,2,12,0,0,0,1,12,34652,6,1,0,0,3,0,74,999,0,0,0,1,0,11,2010,11,2010,0,36,0,0,0,2,4,55,1,1,8,1,0,0,1,51,1,1,1,24,1,1
12,120611,2,3,1,15,3,23,17,12,1,1,0,12,1,72,706,72706,80,2004,1HD1FHW164Y7,1,H,D,1,F,H,W,1,6,4,Y,7,0,M,HD,HPI,RS,4,17,,,,,,,1450,,2,,4,999,,,,,,,0,0,000000000,00000000000,0,0,0,1,0,0,0,0,0,0,0,45,0,0,0,6,6,6,2,12,0,0,0,1,12,34698,6,1,0,0,3,0,71,999,0,0,0,0,0,0,0,0,0,0,0,0,0,0,2,4,55,1,1,8,1,0,0,1,53,1,1,1,25,0,1
12,120611,3,3,2,15,3,23,17,12,1,1,0,12,1,72,706,72706,80,2004,1HD1FRW174Y7,1,H,D,1,F,R,W,1,7,4,Y,7,0,M,HD,FCI,RS,4,17,,,,,,,1450,,2,,4,999,,,,,,,0,0,000000000,00000000000,0,0,0,1,0,0,0,0,0,0,0,55,0,0,0,0,0,6,2,1,0,0,0,1,12,34690,6,1,0,0,3,0,68,999,0,0,0,1,0,11,2008,11,2008,0,0,0,0,0,2,4,55,1,1,8,1,0,0,1,98,7,1,2,98,0,1
12,120612,1,2,2,3,4,10,53,12,2,1,0,12,2,7,43,7043,4,2005,1B3EL46X45N6,1,B,3,E,L,4,6,X,4,5,N,6,0,P,DODG,SRX,4D,5,17,3093,,0,1080,,G,,F,4,146,,,16R205,,,,,,0,0,000000000,00000000000,0,0,0,1,0,0,0,0,0,0,0,65,0,0,0,12,12,6,2,12,0,0,0,1,12,34731,0,0,0,0,0,0,999,999,0,0,0,0,0,0,0,0,0,0,33,0,0,0,1,2,55,1,6,8,1,0,0,1,11,1,1,2,50,1,1
12,120612,2,2,1,3,4,10,53,12,2,1,0,12,1,20,403,20403,14,2008,1GNDS13S7821,1,G,N,D,S,1,3,S,7,8,2,1,0,P,CHEV,TRL,UT,8,17,4356,,0,1130,,G,,F,6,256,,,17R245,,,,,,0,0,000000000,00000000000,0,0,0,1,0,0,0,0,0,0,0,55,0,0,0,12,12,6,2,12,0,0,0,1,12,34737,6,1,0,0,3,0,74,999,0,0,0,0,0,0,0,0,0,0,0,0,0,0,1,2,55,1,6,8,1,0,0,1,62,1,1,1,51,0,1
12,120613,1,2,1,9,4,14,54,12,6,1,0,12,1,23,481,23481,32,2000,1GTEK19T1YZ3,1,G,T,E,K,1,9,T,1,Y,Z,3,0,T,GMC,NK1,3C,0,17,,2,1575,1435,SIE,G,,,8,325,,,,B,4621,02,U,44,0,0,000000000,00000000000,0,0,0,1,0,0,0,0,0,0,0,5,0,0,0,12,12,4,1,12,0,0,0,1,12,32726,6,1,0,0,3,0,66,999,0,0,0,0,1,10,2008,10,2008,0,38,0,0,0,2,2,55,1,1,8,1,0,0,1,17,1,1,1,86,0,0
12,120613,2,2,1,9,4,14,54,12,6,1,0,12,1,72,706,72706,80,2001,1HD1PBV151Y9,1,H,D,1,P,B,V,1,5,1,Y,9,0,M,HD,FXG,RS,1,17,,,,,,,1450,,2,,4,660,,,,,,,0,0,000000000,00000000000,0,0,0,1,0,0,0,0,0,0,0,55,0,0,0,3,3,6,2,12,0,0,0,1,12,34711,6,1,0,0,3,3,68,999,0,0,0,0,0,0,0,0,0,0,0,0,0,0,5,2,55,1,1,8,1,0,0,1,66,1,1,1,87,1,0
12,120614,1,2,1,4,1,13,50,12,6,1,0,12,1,20,481,20481,31,2003,1GCEC19X23Z3,1,G,C,E,C,1,9,X,2,3,Z,3,0,T,CHEV,SC1,4C,3,17,,2,1575,1435,SIL,G,,,6,262,,,,B,4534,03,,42,0,0,000000000,00000000000,0,0,0,1,0,0,0,0,0,0,0,35,0,0,0,12,12,6,2,12,0,0,0,1,12,33029,6,1,0,0,3,3,70,999,0,0,0,0,0,0,0,0,0,0,39,0,0,0,2,3,35,1,1,8,1,3,3,1,17,1,1,1,86,0,0
12,120614,2,2,3,4,1,13,50,12,6,1,0,12,2,20,481,20481,31,1994,1GNFK16K7RJ4,1,G,N,F,K,1,6,K,7,R,J,4,0,P,CHEV,K15,UT,94,17,0,,0,1315,,G,,F,8,350,,,000000,,,,,,0,0,000000000,00000000000,0,0,0,1,0,0,0,0,0,0,0,25,0,1,5,3,3,6,2,12,0,0,0,1,12,33024,1,1,0,0,2,0,999,999,0,4,0,1,0,1,2008,3,2010,0,0,0,0,0,2,3,35,1,1,8,1,0,0,1,66,1,1,1,87,1,0
12,120615,1,1,1,14,5,0,30,8,0,1,0,12,1,49,32,49032,4,2004,JTDBR32E0420,J,T,D,B,R,3,2,E,0,4,2,0,0,P,TOYT,EEL,4D,4,17,2502,,0,1024,,G,,F,4,109,,,15R185,,,,,,0,0,000000000,00000000000,0,0,0,1,0,0,0,0,0,0,0,25,0,0,0,12,12,4,3,8,0,0,0,1,12,34956,6,1,0,0,3,3,63,999,0,3,0,5,0,2,2009,1,2011,0,0,0,0,0,5,4,35,1,1,8,1,0,0,1,80,1,1,1,13,0,0
12,120616,1,1,1,17,5,12,50,8,0,1,0,12,1,19,480,19480,31,2002,3GYEK63N62G2,3,G,Y,E,K,6,3,N,6,2,G,2,0,T,CADI,EXT,4C,2,17,,2,0,1300,ESC,G,,,8,364,,,,,5853,00,K,44,0,0,000000000,00000000000,0,0,0,1,0,0,0,0,0,0,0,35,0,0,0,12,12,2,1,8,0,0,0,1,12,32824,6,1,0,0,3,0,77,999,0,0,0,0,0,0,0,0,0,0,0,0,0,0,2,3,45,1,1,8,1,0,0,1,80,1,1,1,13,0,0
12,120617,1,1,1,29,5,3,5,8,0,1,0,12,3,98,809,98809,66,2007,2FWJA3CK87AX,2,F,W,J,A,3,C,K,8,7,A,X,1,T,STRG,AT9,TR,7,17,,8,0,0,STE,D,,,6,858,,,,,00000,00,,64,1,12,439292,12439292,3,6,1,1,0,0,0,0,0,0,0,65,0,0,0,12,12,6,2,8,0,0,0,1,12,33801,6,1,6,3,3,0,68,999,0,0,0,0,0,0,0,0,0,0,0,0,0,0,3,2,70,1,1,8,1,0,0,1,80,8,1,1,13,0,0
12,120618,1,1,2,21,5,3,23,38,0,1,0,12,1,55,37,55037,2,2000,KMHJG35FXYU2,K,M,H,J,G,3,5,F,X,Y,U,2,0,P,HYUN,TIB,CP,0,17,2633,,0,974,,G,,F,4,121,,,15R195,,,,,,0,0,000000000,00000000000,0,0,0,1,0,0,0,0,0,0,0,45,0,1,5,4,4,6,2,1,0,0,0,1,12,32709,6,1,0,0,3,3,69,999,0,1,0,0,0,11,2010,11,2010,0,28,0,0,0,1,2,45,2,1,8,1,0,0,14,12,1,4,4,7,2,1