STATE,ST_CASE,VEH_NO,VE_FORMS,NUMOCCS,DAY,MONTH,HOUR,MINUTE,HARM_EV,MAN_COLL,UNITTYPE,HIT_RUN,REG_STAT,OWNER,MAKE,MODEL,MAK_MOD,BODY_TYP,MOD_YEAR,VIN,VIN_1,VIN_2,VIN_3,VIN_4,VIN_5,VIN_6,VIN_7,VIN_8,VIN_9,VIN_10,VIN_11,VIN_12,TOW_VEH,VINTYPE,VINMAKE,VINA_MOD,VIN_BT,VINMODYR,VIN_LNGT,VIN_WGT,WGTCD_TR,WHLBS_LG,WHLBS_SH,SER_TR,FUELCODE,MCYCL_DS,CARBUR,CYLINDER,DISPLACE,MCYCL_CY,MCYCL_WT,TIRE_SZE,TON_RAT,TRK_WT,TRKWTVAR,VIN_REST,WHLDRWHL,J_KNIFE,MCARR_I1,MCARR_I2,MCARR_ID,GVWR,V_CONFIG,CARGO_BT,HAZ_INV,HAZ_PLAC,HAZ_ID,HAZ_CNO,HAZ_REL,BUS_USE,SPEC_USE,EMER_USE,TRAV_SP,UNDERIDE,ROLLOVER,ROLINLOC,IMPACT1,IMPACT2,DEFORMED,TOWED,M_HARM,VEH_SC1,VEH_SC2,FIRE_EXP,DR_PRES,L_STATE,DR_ZIP,L_STATUS,L_TYPE,CDL_STAT,L_ENDORS,L_COMPL,L_RESTRI,DR_HGT,DR_WGT,PREV_ACC,PREV_SUS,PREV_DWI,PREV_SPD,PREV_OTH,FIRST_MO,FIRST_YR,LAST_MO,LAST_YR,SPEEDREL,DR_SF1,DR_SF2,DR_SF3,DR_SF4,VTRAFWAY,VNUM_LAN,VSPD_LIM,VALIGN,VPROFILE,VPAVETYP,VSURCOND,VTRAFCON,VTCONT_F,P_CRASH1,P_CRASH2,P_CRASH3,PCRASH4,PCRASH5,ACC_TYPE,DEATHS,DR_DRINK
12,120681,1,2,1,7,5,2,41,12,1,1,0,47,3,82,881,82881,66,2007,1FUJF0CVX7LX,1,F,U,J,F,0,C,V,X,7,L,X,1,T,FRHT,112,TR,7,17,,8,0,0,COL,D,,,6,782,,,,,00000,00,,64,1,47,36684,4736684,3,6,1,1,0,0,0,0,0,0,0,5,0,0,0,6,6,2,3,12,0,0,0,1,12,34753,6,1,6,3,3,3,63,999,0,1,0,0,0,7,2008,7,2008,0,0,0,0,0,3,2,70,1,1,8,1,0,0,13,53,1,1,1,92,0,0
12,120681,2,2,1,7,5,2,41,12,1,1,0,12,4,49,40,49040,4,2011,4T1BF3EK7BU6,4,T,1,B,F,3,E,K,7,B,U,6,0,P,TOYT,CBA,4D,11,17,3263,,0,1093,,G,,F,4,152,,,16R215,,,,,,0,0,000000000,00000000000,0,0,0,1,0,0,0,0,0,0,0,70,0,0,0,12,12,6,2,12,0,0,0,1,6,95453,6,1,0,0,3,0,72,175,0,0,0,0,0,0,0,0,0,0,0,0,0,0,3,2,70,1,1,8,1,0,0,1,56,1,1,1,93,1,1
12,120682,1,2,1,8,5,2,15,12,1,1,0,12,1,35,472,35472,30,2004,1N6DD26T84C4,1,N,6,D,D,2,6,T,8,4,C,4,0,T,NISS,FKX,PC,4,17,,1,0,1161,FRT,G,,,4,146,,,,B,3143,00,E,42,0,0,000000000,00000000000,0,0,0,1,0,0,0,0,0,0,0,65,0,1,1,12,12,6,2,1,0,0,0,1,12,33617,6,1,0,0,3,0,68,999,0,0,0,1,1,8,2008,7,2009,0,36,0,0,0,3,2,65,3,1,8,1,0,0,14,51,1,1,1,24,1,0
12,120682,2,2,1,8,5,2,15,12,1,1,0,12,2,2,404,2404,14,1993,1J4FT27S9PL5,1,J,4,F,T,2,7,S,9,P,L,5,0,T,JEEP,CHK,2W,93,17,,1,0,1014,CHK,G,,,6,242,,,,,2808,01,A,42,0,0,000000000,00000000000,0,0,0,1,0,0,0,0,0,0,0,45,0,0,0,6,6,6,2,12,0,0,0,1,12,33511,0,0,0,0,0,0,999,999,0,0,0,0,0,0,0,0,0,0,92,0,0,0,3,2,65,3,1,8,1,0,0,14,53,1,1,1,25,0,0
12,120683,1,1,4,9,5,1,30,1,0,1,0,12,1,14,401,14401,14,1999,4M2ZU52P2XUJ,4,M,2,Z,U,5,2,P,2,X,U,J,0,P,MERC,MOU,UT,99,17,3876,,0,1120,,G,,F,8,302,,,15R225,,,,,,0,0,000000000,00000000000,0,0,0,1,0,0,0,0,0,0,0,70,0,1,5,0,0,6,2,1,0,0,0,1,12,33012,1,1,0,0,2,0,999,999,0,1,0,0,1,3,2011,4,2011,0,36,92,0,0,1,2,55,2,1,8,1,0,0,14,12,1,1,4,6,2,0
12,120684,1,2,1,10,5,9,0,12,6,1,1,12,2,7,482,7482,31,2002,3D7HA18N62G1,3,D,7,H,A,1,8,N,6,2,G,1,0,T,DODG,Q15,CW,2,17,,2,1605,1405,RPC,G,,,8,287,,,,B,4747,01,E,42,0,0,000000000,00000000000,0,0,0,1,0,0,0,0,0,0,0,55,0,0,0,12,12,4,3,12,0,0,0,1,12,34613,6,1,0,0,3,3,65,999,0,3,0,3,0,1,2009,9,2010,0,0,0,0,0,2,3,55,1,1,8,1,3,3,1,17,1,1,1,69,0,0
12,120684,2,2,1,10,5,9,0,12,6,1,0,12,1,53,706,53706,80,2009,JS1VS55A4921,J,S,1,V,S,5,5,A,4,9,2,1,0,M,SUZI,VL8,RS,9,17,,,,,,,805,,2,,4,542,,,,,,,0,0,000000000,00000000000,0,0,0,1,0,0,0,0,0,0,0,15,0,0,0,9,9,6,2,12,0,0,0,1,12,34606,6,1,0,0,3,3,69,999,0,0,0,0,0,0,0,0,0,0,0,0,0,0,2,3,55,1,1,8,1,3,3,11,62,1,1,1,68,1,0
12,120685,1,1,1,11,5,20,5,32,0,1,0,12,2,73,706,73706,80,2005,JKAZXCC125A0,J,K,A,Z,X,C,C,1,2,5,A,0,0,M,KAWK,Z1R,RC,5,17,,,,,,,998,,4,,4,375,,,,,,,0,0,000000000,00000000000,0,0,0,1,0,0,0,0,0,0,0,60,0,0,0,12,12,6,2,42,0,0,0,1,12,32640,0,0,0,0,0,0,999,999,0,0,0,0,0,0,0,0,0,1,36,0,0,0,1,2,35,1,6,8,1,0,0,1,13,1,1,4,1,1,0
12,120686,1,2,1,12,5,11,20,12,6,1,0,13,1,59,31,59031,4,2003,JTHBF30G5301,J,T,H,B,F,3,0,G,5,3,0,1,0,P,LEXS,ES3,4D,3,17,3439,,0,1071,,G,,F,6,183,,,16R215,,,,,,0,0,000000000,00000000000,0,0,0,1,0,0,0,0,0,0,0,20,0,0,0,3,3,6,2,12,0,0,0,1,13,30075,6,1,0,0,3,0,65,999,98,0,0,0,0,0,0,0,0,0,38,0,0,0,2,2,45,1,1,8,1,0,0,11,15,1,1,1,68,0,0
12,120686,2,2,1,12,5,11,20,12,6,1,0,53,1,73,706,73706,80,1996,JKAZX2B17TA0,J,K,A,Z,X,2,B,1,7,T,A,0,0,M,KAWK,ZX9,RC,96,17,,,,,,,900,,4,,4,450,,,,,,,0,0,000000000,00000000000,0,0,0,1,0,0,0,0,0,0,0,45,0,0,0,12,12,6,2,12,0,0,0,1,29,65804,6,1,0,0,3,0,79,999,0,0,0,0,1,9,2009,9,2009,0,0,0,0,0,2,2,45,1,1,8,1,0,0,1,62,1,1,1,69,1,0
12,120688,1,1,1,13,5,22,1,1,0,1,0,12,1,98,709,98709,88,2010,LC2U6A034AC0,L,C,2,U,6,A,0,3,4,A,C,0,0,U,,,,10,17,,,,,,,,,,,,,,,,,,,0,0,000000000,00000000000,0,0,0,1,0,0,0,0,0,0,0,25,0,0,0,0,0,2,3,1,0,0,0,1,12,34442,0,0,0,0,0,0,999,999,0,0,0,0,0,0,0,0,0,0,28,0,0,0,1,2,25,3,1,8,1,0,0,14,13,1,1,4,1,1,0
12,120689,1,1,1,13,5,3,23,8,0,1,0,12,2,52,402,52402,14,2006,4A4MM21S56E0,4,A,4,M,M,2,1,S,5,6,E,0,0,P,MITS,END,UT,6,17,3869,,0,1083,,G,,F,6,233,,,17R235,,,,,,0,0,000000000,00000000000,0,0,0,1,0,0,0,0,0,0,0,998,0,0,0,1,2,6,2,8,0,0,0,1,12,33020,1,1,0,0,2,0,73,999,0,0,0,0,0,0,0,0,0,0,0,0,0,0,3,3,55,1,5,8,1,0,0,15,80,1,1,1,13,0,1
12,120690,1,1,5,13,5,21,40,1,0,1,0,12,2,12,37,12037,4,2000,1FAFP3436YW1,1,F,A,F,P,3,4,3,6,Y,W,1,0,P,FORD,FSS,4D,0,17,2564,,0,1030,,G,,F,4,121,,,15R195,,,,,,0,0,000000000,00000000000,0,0,0,1,0,0,0,0,0,0,0,80,0,1,5,0,0,6,2,1,0,0,0,1,12,32767,0,0,0,0,0,0,999,999,0,0,0,0,0,0,0,0,0,1,36,0,0,0,1,2,55,3,1,8,1,0,0,14,12,1,1,4,6,2,0
12,120691,1,2,2,13,5,22,42,12,2,1,0,12,2,37,31,37031,2,2006,2HGFG12866H5,2,H,G,F,G,1,2,8,6,6,H,5,0,P,HOND,UAX,CP,6,17,2767,,0,1043,,G,,F,4,110,,,16R205,,,,,,0,0,000000000,00000000000,0,0,0,1,0,0,0,0,0,0,0,25,0,0,0,12,98,6,2,12,0,0,0,1,12,34758,6,1,0,0,3,0,67,999,0,0,0,3,0,7,2008,4,2009,0,36,0,0,0,2,2,25,1,5,8,2,0,0,1,10,1,1,6,50,1,0
12,120691,2,2,4,13,5,22,42,12,2,1,0,12,1,22,441,22441,20,2005,1GMDV03L35D2,1,G,M,D,V,0,3,L,3,5,D,2,0,P,PONT,MON,SV,5,17,4376,,0,1211,,G,,F,6,214,,,000000,,,,,,0,0,000000000,00000000000,0,0,0,1,0,0,0,0,0,0,0,25,0,0,0,12,98,6,2,12,0,0,0,1,12,34990,6,1,0,0,3,0,67,999,0,0,0,0,0,0,0,0,0,0,0,0,0,0,2,2,25,1,5,8,2,0,0,1,62,1,1,1,51,0,0
12,120692,1,2,1,14,5,18,55,12,6,1,0,12,1,49,40,49040,4,1989,4T1SV24E1KU0,4,T,1,S,V,2,4,E,1,K,U,0,0,P,TOYT,CAM,4D,89,17,2690,,0,1024,,G,,F,4,122,,,14R185,,,,,,0,0,000000000,00000000000,0,0,0,1,0,0,0,0,0,0,0,15,0,0,0,3,3,6,2,12,0,0,0,1,12,34142,6,1,6,0,3,0,64,999,0,1,0,1,0,8,2010,11,2010,0,38,0,0,0,1,2,30,1,1,8,2,4,3,1,17,1,1,1,87,0,0
12,120692,2,2,6,14,5,18,55,12,6,1,0,12,1,7,461,7461,21,1994,2B7HB21Y2RK1,2,B,7,H,B,2,1,Y,2,R,K,1,0,T,DODG,B25,CG,94,17,,2,1276,1096,RMV,G,,,8,318,,,,C,3618,03,A,42,0,0,000000000,00000000000,0,0,0,1,0,0,0,0,0,0,0,45,0,1,5,12,12,6,2,1,0,0,0,1,12,34142,6,1,0,0,3,0,70,999,0,0,0,1,0,7,2008,7,2008,0,0,0,0,0,1,2,45,1,1,8,2,4,3,1,66,1,1,1,86,1,0
12,120693,1,1,1,14,5,4,50,1,0,1,0,45,2,37,32,37032,4,2005,1HGCM56705A0,1,H,G,C,M,5,6,7,0,5,A,0,0,P,HOND,UEX,4D,5,17,3203,,0,1079,,G,,F,4,146,,,16R205,,,,,,0,0,000000000,00000000000,0,0,0,1,0,0,0,0,0,0,0,65,0,1,3,0,0,6,2,1,0,0,0,1,12,32333,6,1,0,0,3,0,69,999,0,4,0,1,1,9,2008,4,2010,0,36,28,58,0,2,2,65,1,6,8,2,0,0,1,12,1,1,4,6,1,1
12,120694,1,1,1,14,5,1,10,43,0,1,0,12,1,7,402,7402,14,2000,1B4HS28N8YF1,1,B,4,H,S,2,8,N,8,Y,F,1,0,P,DODG,DUR,UT,0,17,4462,,0,1159,,G,,F,8,287,,,15R235,,,,,,0,0,000000000,00000000000,0,0,0,1,0,0,0,0,0,0,0,35,0,1,5,11,0,6,2,1,0,0,0,1,12,32159,6,1,0,0,3,0,67,999,0,1,0,1,0,10,2009,4,2010,0,0,0,0,0,1,2,35,1,1,8,1,0,0,1,12,1,1,4,6,1,1
12,120695,1,1,3,15,5,6,15,1,0,1,0,12,2,20,402,20402,14,2004,2CNBE6340469,2,C,N,B,E,6,3,4,0,4,6,9,0,P,CHEV,TKR,UT,4,17,2866,,0,976,,G,,F,6,152,,,15R215,,,,,,0,0,000000000,00000000000,0,0,0,1,0,0,0,0,0,0,0,70,0,1,3,0,0,6,2,1,0,0,0,1,12,34116,6,1,0,0,3,0,69,999,0,0,0,0,0,0,0,0,0,0,0,0,0,0,2,3,70,1,1,8,1,0,0,1,1,1,1,4,6,1,0
12,120696,1,1,1,15,5,0,42,42,0,1,0,12,2,7,20,7020,4,2003,1B3ES76FX3D2,1,B,3,E,S,7,6,F,X,3,D,2,0,P,DODG,NRT,4D,3,17,2651,,0,1040,,G,,F,4,122,,,16R195,,,,,,0,0,000000000,00000000000,0,0,0,1,0,0,0,0,0,0,0,55,0,0,0,12,12,6,2,42,0,0,0,1,12,34420,6,1,0,0,3,0,72,999,1,0,0,0,1,9,2008,9,2008,0,36,0,0,0,1,2,45,1,1,8,1,0,0,1,12,1,1,4,6,1,1
12,120697,1,2,1,15,5,15,15,12,6,1,0,12,1,21,21,21021,4,2003,1G3NL52FX3C1,1,G,3,N,L,5,2,F,X,3,C,1,0,P,OLDS,A/G,4D,3,17,3016,,0,1070,,G,,F,4,134,,,15R215,,,,,,0,0,000000000,00000000000,0,0,0,1,0,0,0,0,0,0,0,60,0,0,0,11,12,6,2,12,0,0,0,1,12,33950,6,1,0,0,3,3,61,999,0,1,0,0,0,11,2009,11,2009,0,39,0,0,0,5,2,60,1,1,8,1,3,3,1,17,1,1,1,89,0,0
12,120697,2,2,2,15,5,15,15,12,6,1,0,12,1,72,706,72706,80,1999,1HD1FMW13XY6,1,H,D,1,F,M,W,1,3,X,Y,6,0,M,HD,TPI,RS,99,17,,,,,,,1450,,2,,4,999,,,,,,,0,0,000000000,00000000000,0,0,0,1,0,0,0,0,0,0,0,45,0,0,0,12,12,6,2,12,0,0,0,1,12,32059,6,1,0,0,3,3,76,999,0,0,0,0,0,0,0,0,0,0,0,0,0,0,5,2,55,1,1,8,1,3,3,1,66,1,1,1,88,1,0
12,120698,1,2,1,16,5,22,2,12,6,1,0,12,1,76,706,76706,80,2004,JYARN13E24A0,J,Y,A,R,N,1,3,E,2,4,A,0,0,M,YAMA,YFR,RC,4,17,,,,,,,998,,4,,4,999,,,,,,,0,0,000000000,00000000000,0,0,0,1,0,0,0,0,0,0,0,80,0,0,0,12,12,6,2,12,0,0,0,1,12,32822,6,1,6,0,3,0,67,999,1,0,0,0,0,11,2009,11,2009,0,36,0,0,0,2,2,45,1,1,8,1,3,3,1,17,1,1,1,83,1,1
12,120698,2,2,2,16,5,22,2,12,6,1,0,12,1,55,401,55401,14,2010,5NMSG3AB7AH3,5,N,M,S,G,3,A,B,7,A,H,3,0,P,HYUN,SAN,UT,10,17,3688,,0,1063,,G,,F,4,144,,,17R235,,,,,,0,0,000000000,00000000000,0,0,0,1,0,0,0,0,0,0,0,15,0,0,0,10,10,6,2,12,0,0,0,1,12,32825,6,1,0,0,3,3,66,999,0,0,0,0,0,0,0,0,0,0,0,0,0,0,2,2,45,1,1,8,1,20,3,11,66,1,1,1,82,0,0
12,120699,1,1,1,16,5,20,38,8,0,1,0,12,1,12,461,12461,21,2000,1FTNE2421YHB,1,F,T,N,E,2,4,2,1,Y,H,B,0,T,FORD,25V,CG,0,17,,2,0,1380,VAN,G,,,6,256,,,,C,5012,02,M,42,0,0,000000000,00000000000,0,0,0,1,0,0,0,0,0,0,0,45,0,0,0,12,12,4,1,8,0,0,0,1,12,34235,6,1,0,0,3,0,65,999,0,1,0,1,0,2,2010,2,2010,0,0,0,0,0,2,2,45,1,1,8,1,0,0,1,80,1,1,1,13,0,0
12,120700,1,1,1,16,5,23,56,8,0,1,0,12,1,20,421,20421,15,2000,1GNCS13W5Y23,1,G,N,C,S,1,3,W,5,Y,2,3,0,P,CHEV,BZR,UT,0,17,3671,,0,1070,,G,,F,6,262,,,15R205,,,,,,0,0,000000000,00000000000,0,0,0,1,0,0,0,0,0,0,0,40,0,0,0,1,1,4,1,8,0,0,0,1,12,34691,6,1,0,0,3,0,71,999,0,0,0,0,0,0,0,0,0,0,0,0,0,0,2,3,45,1,1,8,1,0,0,1,80,1,1,1,13,0,0
12,120701,1,1,1,16,5,11,42,8,0,1,0,12,9,49,32,49032,4,2005,2T1BR32E95C4,2,T,1,B,R,3,2,E,9,5,C,4,0,P,TOYT,UCS,4D,5,17,2530,,0,1024,,G,,F,4,109,,,15R185,,,,,,0,0,000000000,00000000000,0,0,0,1,0,0,0,0,0,0,0,25,0,0,0,12,12,4,1,8,0,0,0,1,12,33180,6,1,0,0,3,3,63,999,0,0,0,0,0,0,0,0,0,0,38,0,0,0,2,2,30,1,1,8,1,3,3,11,80,1,1,1,13,0,0
12,120702,1,2,2,16,5,13,10,12,6,1,0,12,2,35,43,35043,4,2003,3N1CB51D93L6,3,N,1,C,B,5,1,D,9,3,L,6,0,P,NISS,XGX,4D,3,17,2411,,0,998,,G,,F,4,108,,,15R195,,,,,,0,0,000000000,00000000000,0,0,0,1,0,0,0,0,0,0,0,40,0,0,0,12,12,6,2,12,0,0,0,1,12,33174,6,1,0,0,3,0,61,999,0,0,0,0,0,0,0,0,0,0,39,0,0,0,1,2,40,1,1,8,1,4,3,1,17,1,1,1,88,0,0
12,120702,2,2,2,16,5,13,10,12,6,1,0,12,1,13,1,13001,4,1992,1LNLM82W9NY6,1,L,N,L,M,8,2,W,9,N,Y,6,0,P,LINC,SIG,4D,92,17,4025,,0,1174,,G,,F,8,281,,,15R215,,,,,,0,0,000000000,00000000000,0,0,0,1,0,0,0,0,0,0,0,40,0,0,0,11,11,6,2,12,0,0,0,1,12,33155,6,1,0,0,3,3,65,999,0,0,0,0,0,0,0,0,0,0,0,0,0,0,2,3,40,1,1,8,1,23,3,1,66,7,1,1,89,1,0
12,120703,1,2,1,17,5,5,15,12,1,1,0,13,3,84,881,84881,62,2005,1HTMMAALX5H1,1,H,T,M,M,A,A,L,X,5,H,1,0,T,INTL,430,CC,5,17,,6,0,0,40S,D,,,6,466,,,,,00000,00,,42,0,13,988050,13988050,2,1,1,1,0,0,0,0,0,0,0,68,0,1,5,12,12,6,2,12,0,0,0,1,13,31773,1,1,1,3,2,0,72,220,98,1,0,0,3,11,2009,3,2011,0,36,0,0,0,3,2,70,1,6,8,1,0,0,1,51,1,1,1,24,0,0
12,120703,2,2,2,17,5,5,15,12,1,1,0,4,3,12,870,12870,61,2006,1FDXE45SX6DA,1,F,D,X,E,4,5,S,X,6,D,A,1,T,FORD,4DC,YY,6,17,,4,1760,1580,CTV,G,,,10,415,,,,,00000,00,K,42,1,77,777777777,77777777777,2,4,1,1,0,0,0,0,0,0,0,50,0,0,0,6,6,6,2,12,0,0,0,1,12,34208,6,1,0,0,3,0,67,999,0,0,0,1,0,3,2010,3,2010,0,0,0,0,0,3,2,70,1,6,8,1,0,0,1,53,1,1,1,25,1,0
12,120704,1,1,1,17,5,16,25,24,0,1,0,12,1,72,706,72706,80,2011,1HD1MAM17BB8,1,H,D,1,M,A,M,1,7,B,B,8,0,M,HD,UTG,RS,11,17,,,,,,,1690,,2,,4,1157,,,,,,,0,0,000000000,00000000000,0,0,0,1,0,0,0,0,0,0,0,70,0,0,0,9,9,6,2,24,0,0,0,1,12,32225,6,1,0,0,3,0,68,999,0,0,0,0,0,0,0,0,0,0,28,0,0,0,2,3,70,1,1,8,1,0,0,15,12,1,1,4,6,1,1
12,120705,1,1,1,17,5,23,15,34,0,1,0,12,2,20,16,20016,2,1997,1G1JC1242V71,1,G,1,J,C,1,2,4,2,V,7,1,0,P,CHEV,C/S,CP,97,17,2584,,0,1041,,G,,F,4,133,,,14R195,,,,,,0,0,000000000,00000000000,0,0,0,1,0,0,0,0,0,0,0,35,0,1,5,11,11,6,2,34,0,0,0,1,12,34773,0,0,0,0,0,0,999,999,0,0,0,0,0,0,0,0,0,0,36,0,0,0,1,2,35,1,1,8,1,0,0,1,13,1,1,4,1,1,1
12,120706,1,2,1,18,5,18,17,12,2,1,0,12,1,12,481,12481,31,2002,1FTNW21L12EC,1,F,T,N,W,2,1,L,1,2,E,C,0,T,FORD,F2S,CW,2,17,,2,1724,1562,SRW,G,,,8,330,,,,C,6234,04,E,44,0,0,000000000,00000000000,0,0,0,1,0,0,0,0,0,0,0,55,0,1,1,12,12,6,2,12,0,0,0,1,12,32732,6,1,0,0,3,0,67,999,0,2,0,1,3,7,2008,2,2011,0,28,0,0,0,1,2,55,2,5,8,1,9,3,14,10,1,1,2,50,0,0
12,120706,2,2,1,18,5,18,17,12,2,1,0,12,1,24,7,24007,4,2006,1G8AJ55F96Z1,1,G,8,A,J,5,5,F,9,6,Z,1,0,P,STRN,SI2,4D,6,17,2802,,0,1035,,G,,F,4,134,,,15R195,,,,,,0,0,000000000,00000000000,0,0,0,1,0,0,0,0,0,0,0,55,0,0,0,12,12,6,2,12,0,0,0,1,12,34982,6,1,0,0,3,0,62,999,0,0,0,0,0,0,0,0,0,0,0,0,0,0,1,2,55,3,6,8,1,9,3,14,62,1,1,1,51,1,0
12,120707,1,3,1,19,5,14,55,12,1,1,0,12,1,54,39,54039,4,2010,JH4CU2F62AC0,J,H,4,C,U,2,F,6,2,A,C,0,0,P,ACUR,TSX,4D,10,17,3470,,0,1064,,G,,F,4,146,,,17R225,,,,,,0,0,000000000,00000000000,0,0,0,1,0,0,0,0,0,0,0,75,0,0,0,12,12,6,2,12,0,0,0,1,12,32217,6,1,0,0,3,0,67,999,1,1,0,0,1,9,2010,1,2011,0,36,0,0,0,2,2,65,1,5,8,1,0,0,1,52,1,1,1,28,0,0
12,120707,2,3,3,19,5,14,55,12,1,1,0,12,1,52,46,52046,4,2003,JA3AJ26E83U0,J,A,3,A,J,2,6,E,8,3,U,0,0,P,MITS,LES,4D,3,17,2646,,0,1024,,G,,F,4,122,,,14R185,,,,,,0,0,000000000,00000000000,0,0,0,1,0,0,0,0,0,0,0,1,0,0,0,6,6,6,2,12,0,0,0,1,12,32653,6,1,0,0,3,0,68,999,0,0,0,0,0,0,0,0,0,0,0,0,0,0,2,2,65,1,5,8,1,0,0,2,53,1,1,1,29,2,0
12,120707,3,3,1,19,5,14,55,12,1,1,0,12,2,12,471,12471,30,1995,1FTCR14U2STA,1,F,T,C,R,1,4,U,2,S,T,A,0,T,FORD,RNS,PC,95,17,,1,0,1250,RNG,G,,,6,182,,,,B,00000,00,M,42,0,0,000000000,00000000000,0,0,0,1,0,0,0,0,0,0,0,10,0,0,0,6,6,4,3,12,0,0,0,1,12,32643,6,1,0,0,3,0,67,999,0,0,0,0,0,0,0,0,0,0,0,0,0,0,2,2,65,1,5,8,1,0,0,10,53,1,1,1,98,0,0
12,120708,1,2,1,19,5,2,12,12,1,1,0,12,1,30,46,30046,4,2001,WVWTH63B71P1,W,V,W,T,H,6,3,B,7,1,P,1,0,P,VOLK,PX4,4D,1,17,3559,,0,1064,,G,,F,6,169,,,15R205,,,,,,0,0,000000000,00000000000,0,0,0,1,0,0,0,0,0,0,0,0,0,0,0,6,6,6,2,12,0,0,1,1,12,33141,6,1,0,0,3,0,64,999,0,1,0,2,0,11,2008,8,2010,0,36,0,0,0,3,3,55,1,6,8,1,0,0,1,53,1,1,1,21,1,0
12,120708,2,2,1,19,5,2,12,12,1,1,0,12,2,12,16,12016,4,2005,2FAFP71W25X1,2,F,A,F,P,7,1,W,2,5,X,1,0,P,FORD,CVP,4D,5,17,0,,0,1147,,G,,F,8,281,,,16R225,,,,,,0,0,000000000,00000000000,0,0,0,1,0,0,0,0,0,0,0,999,0,0,0,12,12,6,2,12,0,0,1,1,12,33147,0,0,0,0,0,0,999,999,0,0,0,0,0,0,0,0,0,0,0,0,0,0,3,3,55,1,6,8,1,0,0,1,50,1,1,1,20,0,0
12,120709,1,2,1,19,5,6,48,12,6,1,0,12,1,22,16,22016,2,2001,1G2JB1241172,1,G,2,J,B,1,2,4,1,1,7,2,0,P,PONT,SFS,CP,1,17,2606,,0,1041,,G,,F,4,133,,,14R195,,,,,,0,0,000000000,00000000000,0,0,0,1,0,0,0,0,0,0,0,15,0,0,0,9,9,6,2,12,0,0,0,1,12,32811,6,1,0,0,3,0,69,999,0,0,0,0,3,7,2008,2,2010,0,38,0,0,0,1,2,25,1,1,8,1,20,3,11,15,1,1,1,82,1,0
12,120709,2,2,1,19,5,6,48,12,6,1,0,12,1,20,481,20481,31,2002,3GNEC16Z12G2,3,G,N,E,C,1,6,Z,1,2,G,2,0,P,CHEV,C15,UT,2,17,4914,,0,1300,,F,,F,8,325,,,16R265,,,,,,0,0,000000000,00000000000,0,0,0,1,0,0,0,0,0,0,0,45,0,0,0,12,12,6,2,12,0,0,0,1,12,34761,6,1,0,0,3,0,66,999,0,0,0,0,0,0,0,0,0,0,0,0,0,0,2,2,45,1,1,8,1,0,0,1,67,1,1,1,83,0,0
12,120711,1,2,1,20,5,8,35,12,6,1,0,12,1,23,481,23481,31,1990,2GTEC19K4L15,2,G,T,E,C,1,9,K,4,L,1,5,0,T,GMC,SC1,PC,90,17,,2,1555,1415,SIE,G,,,8,350,,,,B,4042,06,A,42,0,0,000000000,00000000000,0,0,0,1,0,0,0,0,0,0,0,15,0,0,0,11,11,6,2,12,0,0,0,1,12,32702,6,1,0,0,3,0,61,999,0,0,0,0,0,0,0,0,0,0,38,0,0,0,1,2,55,1,1,8,1,0,0,11,15,1,1,1,68,0,0
12,120711,2,2,3,20,5,8,35,12,6,1,0,12,2,20,19,20019,4,1996,1G1LD55MXTY2,1,G,1,L,D,5,5,M,X,T,Y,2,0,P,CHEV,CSA,4D,96,17,2745,,0,1034,,G,,F,6,191,,,14R195,,,,,,0,0,000000000,00000000000,0,0,0,1,0,0,0,0,0,0,0,50,0,1,5,9,9,6,2,12,0,0,0,1,12,34488,6,1,0,0,3,0,74,999,0,0,0,2,0,10,2008,10,2008,0,0,0,0,0,1,2,55,1,1,8,1,0,0,1,62,1,1,1,69,1,0
12,120712,1,2,1,20,5,6,0,12,1,1,0,12,1,82,881,82881,66,1994,1FUYDSEBXRH4,1,F,U,Y,D,S,E,B,X,R,H,4,1,T,FRHT,FLD,TR,94,17,,8,0,0,CON,D,,,6,774,,,,,00000,00,,64,1,12,2118282,122118282,3,6,9,1,0,0,0,0,0,0,0,25,0,0,0,6,6,2,1,12,0,0,0,1,12,34473,6,1,6,0,3,0,68,999,0,0,0,0,1,7,2009,7,2009,0,38,0,0,0,2,2,55,1,1,8,1,0,0,1,53,1,1,1,25,0,0
12,120712,2,2,1,20,5,6,0,12,1,1,0,12,1,12,481,12481,31,1991,1FTEF15Y4MNB,1,F,T,E,F,1,5,Y,4,M,N,B,0,T,FORD,F15,PK,91,17,,2,1330,1170,COF,G,,,6,300,,,,B,3535,01,A,42,0,0,000000000,00000000000,0,0,0,1,0,0,0,0,0,0,0,70,0,0,0,12,12,6,2,12,0,0,0,1,12,34748,6,1,0,0,3,0,71,999,0,0,0,2,1,6,2008,3,2010,0,0,0,0,0,2,2,55,1,1,8,1,0,0,1,51,9,1,1,24,1,0
12,120713,1,2,1,20,5,0,53,12,2,1,0,99,9,20,471,20471,30,1989,1GCCT19Z4K22,1,G,C,C,T,1,9,Z,4,K,2,2,0,T,CHEV,S14,PC,89,17,,1,0,1229,S,G,,,6,262,,,,B,3077,01,,44,0,0,000000000,00000000000,0,0,0,1,0,0,0,0,0,0,0,55,0,1,1,12,12,6,2,1,0,0,0,1,99,99999,9,9,99,9,9,9,999,999,99,99,99,99,99,99,9999,99,9999,0,51,0,0,0,2,2,55,1,1,8,1,0,0,1,54,1,1,1,52,1,1