STATE,ST_CASE,VEH_NO,VE_FORMS,NUMOCCS,DAY,MONTH,HOUR,MINUTE,HARM_EV,MAN_COLL,UNITTYPE,HIT_RUN,REG_STAT,OWNER,MAKE,MODEL,MAK_MOD,BODY_TYP,MOD_YEAR,VIN,VIN_1,VIN_2,VIN_3,VIN_4,VIN_5,VIN_6,VIN_7,VIN_8,VIN_9,VIN_10,VIN_11,VIN_12,TOW_VEH,VINTYPE,VINMAKE,VINA_MOD,VIN_BT,VINMODYR,VIN_LNGT,VIN_WGT,WGTCD_TR,WHLBS_LG,WHLBS_SH,SER_TR,FUELCODE,MCYCL_DS,CARBUR,CYLINDER,DISPLACE,MCYCL_CY,MCYCL_WT,TIRE_SZE,TON_RAT,TRK_WT,TRKWTVAR,VIN_REST,WHLDRWHL,J_KNIFE,MCARR_I1,MCARR_I2,MCARR_ID,GVWR,V_CONFIG,CARGO_BT,HAZ_INV,HAZ_PLAC,HAZ_ID,HAZ_CNO,HAZ_REL,BUS_USE,SPEC_USE,EMER_USE,TRAV_SP,UNDERIDE,ROLLOVER,ROLINLOC,IMPACT1,IMPACT2,DEFORMED,TOWED,M_HARM,VEH_SC1,VEH_SC2,FIRE_EXP,DR_PRES,L_STATE,DR_ZIP,L_STATUS,L_TYPE,CDL_STAT,L_ENDORS,L_COMPL,L_RESTRI,DR_HGT,DR_WGT,PREV_ACC,PREV_SUS,PREV_DWI,PREV_SPD,PREV_OTH,FIRST_MO,FIRST_YR,LAST_MO,LAST_YR,SPEEDREL,DR_SF1,DR_SF2,DR_SF3,DR_SF4,VTRAFWAY,VNUM_LAN,VSPD_LIM,VALIGN,VPROFILE,VPAVETYP,VSURCOND,VTRAFCON,VTCONT_F,P_CRASH1,P_CRASH2,P_CRASH3,PCRASH4,PCRASH5,ACC_TYPE,DEATHS,DR_DRINK
12,120713,2,2,2,20,5,0,53,12,2,1,0,12,2,49,32,49032,4,2001,2T1BR12EX1C4,2,T,1,B,R,1,2,E,X,1,C,4,0,P,TOYT,UCS,4D,1,17,2410,,0,970,,G,,F,4,109,,,14R175,,,,,,0,0,000000000,00000000000,0,0,0,1,0,0,0,0,0,0,0,55,0,0,0,12,12,6,2,12,0,0,0,1,12,32712,6,1,0,0,3,0,64,999,0,0,0,0,0,0,0,0,0,0,0,0,0,0,2,2,55,1,1,8,1,0,0,1,54,1,1,1,52,2,0
12,120715,1,1,3,21,5,2,35,53,0,1,0,12,9,20,481,20481,31,1993,1GCDC14K6PZ1,1,G,C,D,C,1,4,K,6,P,Z,1,0,T,CHEV,GC1,PK,93,17,,1,1315,1175,GM4,G,,,8,350,,,,B,3718,02,,42,0,0,000000000,00000000000,0,0,0,1,0,0,0,0,0,0,0,60,0,1,1,12,12,6,2,1,0,0,0,1,99,99999,9,9,99,9,9,9,999,999,99,99,99,99,99,99,9999,99,9999,0,58,28,0,0,1,2,60,1,1,8,1,0,0,1,13,1,1,4,1,1,0
12,120716,1,1,1,21,5,18,10,9,0,1,0,12,1,20,402,20402,14,2002,2CNBE6341269,2,C,N,B,E,6,3,4,1,2,6,9,0,P,CHEV,TKR,UT,2,17,2866,,0,976,,G,,F,6,152,,,15R215,,,,,,0,0,000000000,00000000000,0,0,0,1,0,0,0,0,0,0,0,50,0,0,0,12,12,4,3,9,0,0,0,1,12,33181,6,1,0,0,3,3,60,999,0,1,0,0,0,9,2010,9,2010,0,36,0,0,0,2,2,50,1,1,8,1,0,0,1,11,1,1,4,13,0,0
12,120717,1,1,1,21,5,4,20,30,0,1,0,12,1,12,422,12422,15,2000,1FMPU18L7YLB,1,F,M,P,U,1,8,L,7,Y,L,B,0,P,FORD,EPT,UT,0,17,5401,,0,1191,,G,,F,8,330,,,16R255,,,,,,0,0,000000000,00000000000,0,0,0,1,0,0,0,0,0,0,0,55,0,1,5,12,12,6,2,30,0,0,0,1,12,34711,1,1,0,0,2,0,70,999,1,13,0,1,1,6,2009,5,2011,0,36,0,0,0,1,2,55,1,6,8,1,0,0,1,12,1,1,4,6,1,1
12,120718,1,2,2,21,5,20,49,12,6,1,0,26,1,22,20,22020,4,2002,1G2WR52132F1,1,G,2,W,R,5,2,1,3,2,F,1,0,P,PONT,GTP,4D,2,17,3559,,0,1105,,G,,Z,6,231,,,16R225,,,,,,0,0,000000000,00000000000,0,0,0,1,0,0,0,0,0,0,0,998,0,0,0,3,3,6,2,12,0,0,0,1,26,48417,6,1,0,0,3,3,62,999,0,0,0,0,0,0,0,0,0,0,38,0,0,0,2,2,55,1,1,8,1,3,3,11,15,1,1,1,68,1,0
12,120718,2,2,2,21,5,20,49,12,6,1,0,12,1,13,1,13001,4,1997,1LNLM81W8VY7,1,L,N,L,M,8,1,W,8,V,Y,7,0,P,LINC,EXC,4D,97,17,4040,,0,1174,,G,,F,8,281,,,15R215,,,,,,0,0,000000000,00000000000,0,0,0,1,0,0,0,0,0,0,0,998,0,0,0,12,12,6,2,12,0,0,0,1,12,34787,6,1,0,0,3,3,69,999,0,0,0,0,1,9,2008,9,2008,0,0,0,0,0,2,2,55,1,1,8,1,3,3,1,62,1,1,1,69,0,0
12,120719,1,2,1,21,5,22,10,12,1,1,0,12,1,35,47,35047,4,2008,1N4AL21E38C1,1,N,4,A,L,2,1,E,3,8,C,1,0,P,NISS,ATS,4D,8,17,3028,,0,1093,,G,,F,4,153,,,16R215,,,,,,0,0,000000000,00000000000,0,0,0,1,0,0,0,0,0,0,0,72,0,0,0,12,12,6,2,12,0,0,0,1,12,33010,6,1,6,0,3,0,69,999,0,0,0,0,0,0,0,0,0,0,36,0,0,0,1,2,60,1,1,8,1,0,0,1,51,1,1,1,24,0,1
12,120719,2,2,1,21,5,22,10,12,1,1,0,12,1,12,471,12471,30,1994,1FTCR10A0RUA,1,F,T,C,R,1,0,A,0,R,U,A,0,T,FORD,RNG,PK,94,17,,1,1140,1080,RNG,G,,,4,140,,,,B,2918,00,A,42,0,0,000000000,00000000000,0,0,0,1,0,0,0,0,0,0,0,48,0,0,0,6,6,6,2,30,0,0,0,1,12,32060,6,1,0,0,3,0,73,999,0,0,0,0,0,0,0,0,0,0,0,0,0,0,1,2,60,1,1,8,1,0,0,1,53,1,1,1,25,1,0
12,120720,1,1,1,21,5,2,22,34,0,1,0,12,2,12,3,12003,1,1993,1FACP44M9PF1,1,F,A,C,P,4,4,M,9,P,F,1,0,P,FORD,MLX,CV,93,17,2996,,0,1005,,G,,F,4,140,,,14R195,,,,,,0,0,000000000,00000000000,0,0,0,1,0,0,0,0,0,0,0,60,0,1,5,14,9,6,2,1,0,0,0,1,12,33534,6,1,0,0,3,0,69,999,0,0,0,0,0,0,0,0,0,1,36,0,0,0,1,2,45,2,1,8,1,40,3,14,12,1,1,4,6,1,1
12,120721,1,1,3,22,5,13,0,43,0,1,0,12,2,24,1,24001,4,1995,1G8ZJ5277SZ3,1,G,8,Z,J,5,2,7,7,S,Z,3,0,P,STRN,SL2,4D,95,17,2308,,0,1024,,G,,F,4,116,,,15R195,,,,,,0,0,000000000,00000000000,0,0,0,1,0,0,0,0,0,0,0,80,0,0,0,12,12,6,2,42,0,0,0,1,12,34448,6,1,0,0,3,0,65,999,0,0,0,0,0,0,0,0,0,1,36,0,0,0,1,2,55,1,5,8,1,0,0,1,12,1,4,4,7,1,0
12,120722,1,1,1,22,5,20,10,8,0,1,0,12,2,7,482,7482,31,1999,3B7HC13Y0XM5,3,B,7,H,C,1,3,Y,0,X,M,5,0,T,DODG,Q15,4C,99,17,,2,1547,1387,RPC,G,,,8,318,,,,B,4604,02,U,42,0,0,000000000,00000000000,0,0,0,1,0,0,0,0,0,0,0,45,0,0,0,12,12,4,3,8,0,0,0,1,12,32503,6,1,6,0,3,0,73,999,0,1,0,0,0,9,2008,9,2008,0,0,0,0,0,2,3,45,1,1,8,1,0,0,1,80,1,1,1,13,0,0
12,120723,1,1,2,23,5,1,29,18,0,1,0,12,1,20,481,20481,31,2001,1GCHK24G81E2,1,G,C,H,K,2,4,G,8,1,E,2,0,T,CHEV,2KH,PK,1,17,,2,0,1330,SIL,G,,,8,496,,,,C,5240,00,,44,0,0,000000000,00000000000,0,0,0,1,0,0,0,0,0,0,0,45,0,1,1,12,0,6,2,1,0,0,0,1,12,34609,6,1,0,0,3,0,73,999,0,2,0,1,0,5,2008,9,2010,0,36,0,0,0,1,2,30,2,1,8,1,0,0,14,12,1,1,4,6,1,1
12,120724,1,1,7,23,5,16,40,1,0,1,0,12,2,23,401,23401,14,2004,1GKES12S7461,1,G,K,E,S,1,2,S,7,4,6,1,0,T,GMC,XUV,4W,4,17,,2,0,1290,ENV,G,,,6,256,,,,B,4915,00,U,42,0,0,000000000,00000000000,0,0,0,1,0,0,0,0,0,0,0,55,0,1,3,0,0,6,2,1,0,0,0,1,12,32822,6,1,0,0,3,0,64,999,0,1,0,0,1,7,2009,11,2009,0,0,0,0,0,3,2,55,1,6,8,1,0,0,1,12,8,4,4,7,1,0
12,120726,1,1,1,25,5,19,30,39,0,1,0,12,1,37,706,37706,80,2005,1HFSC46D05A3,1,H,F,S,C,4,6,D,0,5,A,3,0,M,HOND,VCX,RS,5,17,,,,,,,1795,,2,,4,719,,,,,,,0,0,000000000,00000000000,0,0,0,1,0,0,0,0,0,0,0,55,0,0,0,4,4,6,2,39,0,0,0,1,12,33073,6,1,6,0,3,0,68,999,0,0,0,1,0,5,2009,5,2009,0,28,0,0,0,6,2,55,3,5,8,1,0,0,14,13,1,1,4,1,1,1
12,120727,1,2,2,25,5,14,58,12,6,1,0,12,1,35,43,35043,4,2006,3N1CB51D06L6,3,N,1,C,B,5,1,D,0,6,L,6,0,P,NISS,S18,4D,6,17,2509,,0,998,,G,,F,4,108,,,15R195,,,,,,0,0,000000000,00000000000,0,0,0,1,0,0,0,0,0,0,0,55,0,0,0,4,4,6,2,12,0,0,0,1,12,32317,6,1,0,0,3,0,60,999,0,0,0,0,0,0,0,0,0,0,36,0,0,0,2,2,55,1,1,8,1,0,0,1,13,6,4,6,64,2,0
12,120727,2,2,1,25,5,14,58,12,6,1,0,12,2,12,471,12471,30,1994,1FTCR14U9RPB,1,F,T,C,R,1,4,U,9,R,P,B,0,T,FORD,RNS,PC,94,17,,1,0,1250,RNG,G,,,6,182,,,,B,3208,00,A,42,0,0,000000000,00000000000,0,0,0,1,0,0,0,0,0,0,0,55,0,0,0,12,12,6,2,12,0,0,0,1,12,32311,6,1,0,0,3,3,70,999,0,0,0,0,0,0,0,0,0,0,0,0,0,0,2,2,55,1,1,8,1,0,0,1,62,1,1,1,65,0,0
12,120728,1,2,1,26,5,13,50,12,1,1,0,12,1,72,706,72706,80,2006,1HD1BSY1X6Y0,1,H,D,1,B,S,Y,1,X,6,Y,0,0,M,HD,XTD,RS,6,17,,,,,,,1450,,2,,4,651,,,,,,,0,0,000000000,00000000000,0,0,0,1,0,0,0,0,0,0,0,60,0,0,0,12,12,6,2,12,0,0,0,1,12,32054,6,1,0,0,3,3,75,999,0,0,0,0,0,0,0,0,0,0,36,0,0,0,1,2,60,1,1,8,1,0,0,1,50,1,1,1,20,1,1
12,120728,2,2,4,26,5,13,50,12,1,1,0,12,2,35,43,35043,4,1997,1N4AB41D4VC7,1,N,4,A,B,4,1,D,4,V,C,7,0,P,NISS,XGU,4D,97,17,2237,,0,998,,G,,F,4,097,,,13R155,,,,,,0,0,000000000,00000000000,0,0,0,1,0,0,0,0,0,0,0,0,0,0,0,6,6,4,3,12,0,0,0,1,12,32025,6,1,0,0,3,0,67,999,0,5,0,0,0,5,2008,5,2010,0,0,0,0,0,1,2,60,1,1,8,1,0,0,5,53,1,1,1,21,0,0
12,120729,1,1,1,26,5,21,10,43,0,1,0,12,1,49,472,49472,30,2004,5TESN92NX4Z3,5,T,E,S,N,9,2,N,X,4,Z,3,0,T,TOYT,XPR,PC,4,17,,1,0,1219,TAC,G,,,6,206,,,,B,3355,00,U,42,0,0,000000000,00000000000,0,0,0,1,0,0,0,0,0,0,0,55,0,1,5,12,12,6,2,1,0,0,0,1,12,32784,6,1,0,0,3,3,72,999,0,0,0,0,0,0,0,0,0,0,36,0,0,0,1,2,55,1,6,8,1,0,0,1,13,1,1,4,1,1,0
12,120730,1,1,1,14,1,23,54,8,0,1,0,12,1,24,401,24401,14,2004,5GZCZ53484S8,5,G,Z,C,Z,5,3,4,8,4,S,8,0,P,STRN,VUE,UT,4,17,3478,,0,1066,,G,,F,6,214,,,16R215,,,,,,0,0,000000000,00000000000,0,0,0,1,0,0,0,0,0,0,0,40,0,0,0,12,12,4,1,8,0,0,0,1,12,33170,6,1,0,0,3,0,69,999,0,1,0,1,0,5,2008,6,2008,0,0,0,0,0,2,3,40,1,1,8,1,3,3,1,80,1,1,1,13,0,0
12,120731,1,1,1,15,1,19,26,8,0,1,0,12,1,20,481,20481,31,2001,3GNEC16T91G2,3,G,N,E,C,1,6,T,9,1,G,2,0,P,CHEV,C15,UT,1,17,4914,,0,1300,,G,,F,8,325,,,16R245,,,,,,0,0,000000000,00000000000,0,0,0,1,0,0,0,0,0,0,0,40,0,0,0,12,12,4,1,8,0,0,0,1,12,33030,6,1,0,0,3,3,73,999,0,1,0,1,0,7,2009,2,2010,0,0,0,0,0,2,2,40,1,1,8,1,0,0,1,80,1,1,1,13,0,0
12,120732,1,2,1,21,1,16,51,12,6,1,0,12,2,53,705,53705,80,2007,JS1GN7DA1721,J,S,1,G,N,7,D,A,1,7,2,1,0,M,SUZI,G60,RC,7,17,,,,,,,599,,4,,4,354,,,,,,,0,0,000000000,00000000000,0,0,0,1,0,0,0,0,0,0,0,45,0,0,0,12,12,6,2,12,0,0,0,1,12,33064,1,1,0,0,2,0,65,999,0,7,0,1,1,9,2008,1,2011,1,36,0,0,0,1,2,25,1,1,8,1,0,0,6,17,7,1,1,77,1,0
12,120732,2,2,2,21,1,16,51,12,6,1,0,12,1,12,473,12473,30,2001,1FMZU67E51UB,1,F,M,Z,U,6,7,E,5,1,U,B,0,P,FORD,EPR,UT,1,17,4117,,0,1259,,G,,F,6,245,,,15R235,,,,,,0,0,000000000,00000000000,0,0,0,1,0,0,0,0,0,0,0,5,0,0,0,2,2,4,1,12,0,0,0,1,12,33020,6,1,0,0,3,3,75,999,0,0,0,0,0,0,0,0,0,0,0,0,0,0,1,2,25,1,1,8,1,20,3,11,66,1,1,1,76,0,1
12,120733,1,2,2,23,1,19,0,12,6,1,0,12,2,20,421,20421,15,2007,1GNFC13C87R4,1,G,N,F,C,1,3,C,8,7,R,4,0,P,CHEV,CTA,UT,7,17,5443,,0,1160,,G,,F,8,293,,,17R265,,,,,,0,0,000000000,00000000000,0,0,0,1,0,0,0,0,0,0,0,15,0,0,0,2,2,6,2,12,0,0,0,1,12,33471,0,0,0,0,0,0,999,999,0,0,0,0,0,0,0,0,0,0,38,0,0,0,2,2,60,1,1,8,1,21,3,11,15,1,1,1,68,0,0
12,120733,2,2,4,23,1,19,0,12,6,1,0,12,3,49,442,49442,20,2011,5TDKK3DC0BS0,5,T,D,K,K,3,D,C,0,B,S,0,0,P,TOYT,SIE,SV,11,17,4365,,0,1193,,G,,F,6,214,,,17R235,,,,,,0,0,000000000,00000000000,0,0,0,1,0,0,0,0,0,0,0,60,0,0,0,12,12,6,2,12,0,0,0,1,12,34747,6,1,0,0,3,0,66,999,0,0,0,0,0,0,0,0,0,0,0,0,0,0,2,2,60,1,1,8,1,21,3,1,62,1,1,1,69,1,0
12,120734,1,1,1,24,1,17,49,8,0,1,0,12,1,20,36,20036,2,2003,2G1WX12K3393,2,G,1,W,X,1,2,K,3,3,9,3,0,P,CHEV,MSS,CP,3,17,3395,,0,1105,,G,,F,6,231,,,16R225,,,,,,0,0,000000000,00000000000,0,0,0,1,0,0,0,0,0,0,0,40,0,0,0,12,12,4,3,8,0,0,0,1,12,32578,6,1,0,0,3,3,68,999,0,0,0,0,0,0,0,0,0,0,0,0,0,0,2,3,35,1,1,8,1,0,0,1,80,1,1,1,13,0,0
12,120735,1,1,1,27,1,16,44,1,0,1,0,12,2,20,16,20016,2,1998,1G1JC1247W71,1,G,1,J,C,1,2,4,7,W,7,1,0,P,CHEV,C/S,CP,98,17,2584,,0,1041,,G,,F,4,133,,,14R195,,,,,,0,0,000000000,00000000000,0,0,0,1,0,0,0,0,0,0,0,65,0,1,3,0,0,6,2,1,0,0,0,1,12,32539,6,1,0,0,3,0,64,999,0,0,0,0,1,10,2010,10,2010,0,28,0,0,0,2,2,65,2,1,8,1,0,0,14,12,1,1,4,98,1,0
12,120736,1,1,1,30,1,18,55,33,0,1,0,12,1,72,706,72706,80,2007,1HD1FF4157Y6,1,H,D,1,F,F,4,1,5,7,Y,6,0,M,HD,FHC,RS,7,17,,,,,,,1584,,2,,4,784,,,,,,,0,0,000000000,00000000000,0,0,0,1,0,0,0,0,0,0,0,45,0,0,0,98,98,6,2,5,0,0,0,1,12,33428,6,1,0,0,3,0,72,999,0,0,0,0,0,0,0,0,0,0,0,0,0,0,2,3,45,1,1,8,1,0,0,1,12,1,1,4,98,1,0
12,120737,1,1,1,2,2,12,0,8,0,1,0,12,2,12,423,12423,15,2003,1FMSU43F63EB,1,F,M,S,U,4,3,F,6,3,E,B,0,P,FORD,EXC,UT,3,17,6650,,0,1371,,D,,T,8,444,,,16R265,,,,,,0,0,000000000,00000000000,0,0,0,1,0,0,0,0,0,0,0,10,0,0,0,12,12,4,1,8,0,0,0,1,12,32807,6,1,0,0,3,0,70,999,0,0,0,1,0,7,2009,7,2009,0,0,0,0,0,2,2,40,1,1,8,1,3,3,11,80,1,1,1,13,0,0
12,120738,1,1,2,3,2,22,29,9,0,1,0,12,2,20,880,20880,67,2011,1GC4K1C85BF1,1,G,C,4,K,1,C,8,5,B,F,1,0,T,CHEV,3K3,CW,11,17,,3,1677,1537,SIL,D,,,8,403,,,,D,6573,02,,44,0,88,888888888,88888888888,2,1,97,1,0,0,0,0,0,0,0,15,0,0,0,12,12,4,1,9,0,0,0,1,12,33040,6,1,0,0,3,0,67,999,0,1,0,1,2,3,2008,8,2010,0,0,0,0,0,2,2,30,1,1,8,1,3,3,1,83,1,1,1,13,0,0
12,120739,1,1,3,12,2,21,38,3,0,1,0,12,1,2,405,2405,14,2004,1J4GK48K14W2,1,J,4,G,K,4,8,K,1,4,W,2,0,T,JEEP,SPR,4W,4,17,,1,0,1043,LIB,G,,,6,226,,,,,3462,01,E,42,0,0,000000000,00000000000,0,0,0,1,0,0,0,0,0,0,0,50,0,0,0,0,1,6,2,3,0,0,0,1,12,33430,6,1,0,0,3,0,62,999,0,0,0,0,0,0,0,0,0,0,28,0,0,0,2,2,65,1,1,2,1,0,0,1,12,1,1,4,0,3,0
12,120740,1,1,1,25,4,23,14,8,0,1,0,12,1,41,50,41050,4,2005,1YVHP80DX55M,1,Y,V,H,P,8,0,D,X,5,5,M,0,P,MAZD,M6S,4D,5,17,3287,,0,1053,,G,,F,6,181,,,17R215,,,,,,0,0,000000000,00000000000,0,0,0,1,0,0,0,0,0,0,0,30,0,0,0,11,11,4,3,8,0,0,0,1,12,33186,6,1,0,0,3,3,68,999,0,0,0,3,0,8,2008,3,2010,0,36,0,0,0,5,2,30,1,1,8,1,0,0,1,80,1,1,1,13,0,1
12,120741,1,1,1,12,5,6,21,8,0,1,1,12,2,58,37,58037,4,2007,JNKBV61E87M7,J,N,K,B,V,6,1,E,8,7,M,7,0,P,INFI,G35,4D,7,17,3380,,0,1122,,G,,F,6,214,,,17R225,,,,,,0,0,000000000,00000000000,0,0,0,1,0,0,0,0,0,0,0,48,0,0,0,12,12,4,3,8,0,0,0,1,12,33428,6,1,0,0,3,3,68,999,0,10,0,4,1,6,2008,2,2011,0,36,0,0,0,2,2,45,1,1,8,1,0,0,1,80,1,1,1,13,0,1
12,120743,1,1,1,23,5,12,56,8,0,1,0,12,2,34,35,34035,4,2002,WBADT43412GY,W,B,A,D,T,4,3,4,1,2,G,Y,0,P,BMW,A52,4D,2,17,3505,,0,1114,,G,,F,6,152,,,16R225,,,,,,0,0,000000000,00000000000,0,0,0,1,0,0,0,0,0,0,0,45,0,0,0,12,12,4,3,8,0,0,0,1,12,33437,6,1,0,0,3,0,68,999,0,2,0,1,0,7,2008,4,2010,0,0,0,0,0,2,2,45,3,1,8,1,0,0,14,13,1,1,4,13,0,0
12,120744,1,2,1,24,5,13,46,12,6,1,0,12,1,55,35,55035,5,2002,KMHDN55D92U0,K,M,H,D,N,5,5,D,9,2,U,0,0,P,HYUN,EST,4H,2,17,2635,,0,1027,,G,,F,4,121,,,15R195,,,,,,0,0,000000000,00000000000,0,0,0,1,0,0,0,0,0,0,0,25,0,0,0,2,2,6,2,12,0,0,0,1,12,33328,6,1,0,0,3,3,70,999,0,0,0,1,0,7,2009,7,2009,0,39,0,0,0,5,2,15,1,1,8,1,3,3,1,17,1,1,1,87,1,0
12,120744,2,2,1,24,5,13,46,12,6,1,0,12,2,7,482,7482,31,2002,1D7HA18N22S7,1,D,7,H,A,1,8,N,2,2,S,7,0,T,DODG,Q15,CW,2,17,,2,1605,1405,RPC,G,,,8,287,,,,B,4747,01,E,42,0,0,000000000,00000000000,0,0,0,1,0,0,0,0,0,0,0,40,0,0,0,12,12,6,2,12,0,0,0,1,12,33314,6,1,0,0,3,3,74,999,0,0,0,3,0,4,2009,10,2010,0,0,0,0,0,2,3,45,1,1,8,1,3,3,1,66,1,1,1,86,0,0
12,120745,1,1,1,27,5,3,0,8,0,1,1,99,9,99,999,99999,99,9999,999999999999,9,9,9,9,9,9,9,9,9,9,9,9,0,,,,,,,,,,,,,,,,,,,,,,,,,0,0,000000000,00000000000,0,0,0,1,0,0,0,0,0,0,0,35,0,0,0,12,99,9,1,8,0,0,0,1,99,99999,9,9,99,9,9,9,999,999,99,99,99,99,99,99,9999,99,9999,0,0,0,0,0,5,4,35,1,1,8,1,0,0,1,11,99,1,4,13,0,0
12,120746,1,2,1,27,5,13,20,12,2,1,0,12,1,49,402,49402,14,2003,JTEGH20V3300,J,T,E,G,H,2,0,V,3,3,0,0,0,P,TOYT,RV4,UT,3,17,2711,,0,980,,G,,F,4,122,,,16R215,,,,,,0,0,000000000,00000000000,0,0,0,1,0,0,0,0,0,0,0,70,0,0,0,12,12,6,2,12,0,0,0,1,12,32244,6,1,0,0,3,3,65,999,0,0,0,0,0,0,0,0,0,0,36,0,0,0,2,2,70,1,1,8,1,0,0,1,13,6,1,1,50,0,0
12,120746,2,2,2,27,5,13,20,12,2,1,0,12,1,14,6,14006,4,2009,2MEHM75V59X6,2,M,E,H,M,7,5,V,5,9,X,6,0,P,MERC,MGL,4D,9,17,4117,,0,1146,,F,,F,8,281,,,17R225,,,,,,0,0,000000000,00000000000,0,0,0,1,0,0,0,0,0,0,0,65,0,0,0,12,12,6,2,12,0,0,0,1,12,32907,6,1,0,0,3,3,70,999,0,0,0,0,0,0,0,0,0,0,0,0,0,0,2,2,70,1,1,8,1,0,0,1,62,1,1,1,51,1,0
12,120747,1,1,1,29,5,22,58,24,0,1,0,12,1,12,401,12401,14,2000,1FMZU63E8YZB,1,F,M,Z,U,6,3,E,8,Y,Z,B,0,P,FORD,EPR,UT,0,17,3906,,0,1116,,G,,F,6,245,,,15R235,,,,,,0,0,000000000,00000000000,0,0,0,1,0,0,0,0,0,0,0,90,0,1,5,81,98,6,2,1,0,0,0,1,12,32618,6,1,6,0,3,3,69,999,0,0,0,0,0,0,0,0,0,0,36,0,0,0,3,3,70,1,5,8,1,0,0,1,13,1,1,4,1,1,1
12,120748,1,1,2,31,5,2,2,59,0,1,0,12,2,37,31,37031,2,1995,1HGEJ2129SL0,1,H,G,E,J,2,1,2,9,S,L,0,0,P,HOND,CID,CP,95,17,2168,,0,1032,,G,,F,4,091,,,13R175,,,,,,0,0,000000000,00000000000,0,0,0,1,0,0,0,0,0,0,0,80,0,1,5,61,61,6,2,1,0,0,0,1,12,32952,1,1,0,0,2,0,75,999,0,10,0,0,0,9,2008,4,2011,0,36,0,0,0,6,1,35,1,1,8,1,0,0,1,13,1,3,4,1,1,1
12,120749,1,2,1,2,6,8,34,12,98,1,0,12,2,49,40,49040,4,2004,4T1BE32K84U2,4,T,1,B,E,3,2,K,8,4,U,2,0,P,TOYT,UXS,4D,4,17,3086,,0,1071,,G,,F,4,144,,,15R205,,,,,,0,0,000000000,00000000000,0,0,0,1,0,0,0,0,0,0,0,30,0,0,0,81,81,4,1,12,0,0,0,1,12,32780,6,1,0,0,3,0,66,999,0,0,0,0,1,2,2010,2,2010,0,38,0,0,0,1,2,40,1,1,8,1,0,0,11,15,1,1,1,68,0,0
12,120749,2,2,1,2,6,8,34,12,98,1,0,12,1,76,706,76706,80,2005,JYAVP14E55A0,J,Y,A,V,P,1,4,E,5,5,A,0,0,M,YAMA,XVP,RS,5,17,,,,,,,1670,,2,,4,606,,,,,,,0,0,000000000,00000000000,0,0,0,1,0,0,0,0,0,0,0,30,0,0,0,98,98,6,2,12,0,0,0,1,12,32754,6,1,0,0,3,0,69,999,0,0,0,1,0,7,2008,7,2008,0,0,0,0,0,1,2,40,1,1,8,1,0,0,1,62,6,1,2,69,1,0
12,120750,1,1,2,2,6,13,33,1,0,1,0,12,1,20,471,20471,30,1993,1GCCS14R2P81,1,G,C,C,S,1,4,R,2,P,8,1,0,T,CHEV,S14,PK,93,17,,1,1179,1083,S,G,,,6,173,,,,B,2633,02,,42,0,0,000000000,00000000000,0,0,0,1,0,0,0,0,0,0,0,65,0,1,5,0,0,6,2,1,0,0,0,1,12,32920,6,1,0,0,3,0,66,999,0,0,0,0,0,0,0,0,0,0,36,0,0,0,2,2,55,1,1,8,1,0,0,1,12,7,4,4,2,1,1
12,120751,1,2,1,3,6,8,40,12,6,1,0,12,1,20,481,20481,31,1994,2GCEC19K2R12,2,G,C,E,C,1,9,K,2,R,1,2,0,T,CHEV,GC1,PC,94,17,,2,1555,1415,GM4,G,,,8,350,,,,B,4110,01,,42,0,0,000000000,00000000000,0,0,0,1,0,0,0,0,0,0,0,30,0,0,0,12,12,6,2,12,0,0,0,1,12,34452,6,1,0,0,3,3,72,999,0,0,0,0,0,0,0,0,0,0,39,0,0,0,1,2,30,1,1,8,1,20,3,1,17,1,1,1,88,1,0
12,120751,2,2,3,3,6,8,40,12,6,1,0,12,1,20,481,20481,31,2001,2GCEC19T6112,2,G,C,E,C,1,9,T,6,1,1,2,0,T,CHEV,SC1,4C,1,17,,2,1575,1435,SIL,G,,,8,325,,,,B,4413,00,,42,0,0,000000000,00000000000,0,0,0,1,0,0,0,0,0,0,0,35,0,0,0,10,10,6,2,12,0,0,0,1,12,34452,6,1,0,0,3,0,70,999,0,2,0,0,0,1,2010,9,2010,0,0,0,0,0,1,2,35,1,3,8,1,0,0,1,66,1,1,1,89,0,0
12,120752,1,2,1,5,6,4,25,12,1,1,0,12,1,53,705,53705,80,2006,JS1GR7KA2621,J,S,1,G,R,7,K,A,2,6,2,1,0,M,SUZI,RK6,RC,6,17,,,,,,,750,,4,,4,359,,,,,,,0,0,000000000,00000000000,0,0,0,1,0,0,0,0,0,0,0,120,0,0,0,12,12,6,2,12,0,0,0,1,12,33431,6,1,0,0,3,0,74,999,0,2,0,2,0,1,2011,4,2011,1,36,0,0,0,3,5,65,1,1,8,1,0,0,1,51,1,1,1,24,1,1
12,120752,2,2,2,5,6,4,25,12,1,1,1,12,2,42,47,42047,2,2001,WDBLJ70G61T0,W,D,B,L,J,7,0,G,6,1,T,0,0,P,MERZ,CK4,CP,1,17,3265,,0,1059,,G,,F,8,260,,,17R225,,,,,,0,0,000000000,00000000000,0,0,0,1,0,0,0,0,0,0,0,65,0,0,0,6,6,6,2,12,0,0,0,1,12,33313,0,0,0,0,0,0,73,999,0,0,0,0,0,0,0,0,0,0,92,0,0,0,3,5,65,1,1,8,1,0,0,1,53,1,1,1,25,0,0