STATE,ST_CASE,VEH_NO,VE_FORMS,NUMOCCS,DAY,MONTH,HOUR,MINUTE,HARM_EV,MAN_COLL,UNITTYPE,HIT_RUN,REG_STAT,OWNER,MAKE,MODEL,MAK_MOD,BODY_TYP,MOD_YEAR,VIN,VIN_1,VIN_2,VIN_3,VIN_4,VIN_5,VIN_6,VIN_7,VIN_8,VIN_9,VIN_10,VIN_11,VIN_12,TOW_VEH,VINTYPE,VINMAKE,VINA_MOD,VIN_BT,VINMODYR,VIN_LNGT,VIN_WGT,WGTCD_TR,WHLBS_LG,WHLBS_SH,SER_TR,FUELCODE,MCYCL_DS,CARBUR,CYLINDER,DISPLACE,MCYCL_CY,MCYCL_WT,TIRE_SZE,TON_RAT,TRK_WT,TRKWTVAR,VIN_REST,WHLDRWHL,J_KNIFE,MCARR_I1,MCARR_I2,MCARR_ID,GVWR,V_CONFIG,CARGO_BT,HAZ_INV,HAZ_PLAC,HAZ_ID,HAZ_CNO,HAZ_REL,BUS_USE,SPEC_USE,EMER_USE,TRAV_SP,UNDERIDE,ROLLOVER,ROLINLOC,IMPACT1,IMPACT2,DEFORMED,TOWED,M_HARM,VEH_SC1,VEH_SC2,FIRE_EXP,DR_PRES,L_STATE,DR_ZIP,L_STATUS,L_TYPE,CDL_STAT,L_ENDORS,L_COMPL,L_RESTRI,DR_HGT,DR_WGT,PREV_ACC,PREV_SUS,PREV_DWI,PREV_SPD,PREV_OTH,FIRST_MO,FIRST_YR,LAST_MO,LAST_YR,SPEEDREL,DR_SF1,DR_SF2,DR_SF3,DR_SF4,VTRAFWAY,VNUM_LAN,VSPD_LIM,VALIGN,VPROFILE,VPAVETYP,VSURCOND,VTRAFCON,VTCONT_F,P_CRASH1,P_CRASH2,P_CRASH3,PCRASH4,PCRASH5,ACC_TYPE,DEATHS,DR_DRINK
12,120788,1,1,2,14,5,20,59,35,0,1,0,99,9,20,421,20421,15,1995,1GNEK13K1SJ3,1,G,N,E,K,1,3,K,1,S,J,3,0,P,CHEV,KTA,UT,95,17,5124,,0,1175,,G,,F,8,350,,,15R235,,,,,,0,0,000000000,00000000000,0,0,0,1,0,0,0,0,0,0,0,60,0,1,5,99,99,6,2,1,0,0,0,1,12,32713,9,9,99,9,9,9,999,999,99,99,99,99,99,99,9999,99,9999,0,0,0,0,0,3,2,60,1,1,8,2,0,0,1,12,7,1,4,1,2,0
12,120789,1,1,1,5,1,5,42,9,0,1,0,12,1,49,40,49040,6,1994,4T1GK12W0RU0,4,T,1,G,K,1,2,W,0,R,U,0,0,P,TOYT,CLE,SW,94,17,3263,,0,1031,,G,,F,6,183,,,15R205,,,,,,0,0,000000000,00000000000,0,0,0,1,0,0,0,0,0,0,0,52,0,0,0,12,12,6,2,9,0,0,0,1,12,33323,6,1,0,0,3,3,66,999,0,0,0,0,0,0,0,0,0,1,0,0,0,0,2,3,40,1,1,8,1,0,0,1,83,2,1,1,13,0,0
12,120790,1,1,1,11,1,19,43,8,0,1,0,12,1,54,31,54031,4,1994,JH4DB7650RS0,J,H,4,D,B,7,6,5,0,R,S,0,0,P,ACUR,ILS,4D,94,17,2632,,0,1031,,G,,F,4,112,,,14R195,,,,,,0,0,000000000,00000000000,0,0,0,1,0,0,0,0,0,0,0,45,0,0,0,12,12,6,2,8,0,0,0,1,12,33578,6,1,0,0,3,0,71,999,0,0,0,0,0,0,0,0,0,0,0,0,0,0,6,2,40,2,6,8,1,0,0,14,80,1,1,1,13,0,0
12,120791,1,2,4,19,1,18,8,9,0,1,0,12,1,7,442,7442,20,1998,2B4FP25B1WR8,2,B,4,F,P,2,5,B,1,W,R,8,0,P,DODG,CAR,SV,98,17,3428,,0,1133,,G,,F,4,148,,,14R205,,,,,,0,0,000000000,00000000000,0,0,0,1,0,0,0,0,0,0,0,45,0,0,0,12,12,6,2,9,0,0,0,1,12,33433,6,1,0,0,3,3,66,999,0,0,0,0,0,0,0,0,0,0,39,0,0,0,2,3,45,1,1,8,1,3,3,1,83,1,1,1,13,0,0
12,120791,2,2,1,19,1,18,8,9,0,1,0,12,1,20,481,20481,31,2003,1GCGK13U23F2,1,G,C,G,K,1,3,U,2,3,F,2,0,T,CHEV,1KH,CW,3,17,,2,0,1530,SIL,G,,,8,364,,,,B,5763,00,,44,0,0,000000000,00000000000,0,0,0,1,0,0,0,0,0,0,0,10,0,0,0,3,3,4,3,12,0,0,0,1,12,33311,6,1,6,0,3,0,72,999,0,0,0,0,0,0,0,0,0,0,0,0,0,0,2,3,45,1,1,8,1,3,3,11,66,1,1,1,98,0,0
12,120792,1,2,1,21,1,12,58,12,6,1,0,12,1,20,481,20481,31,2003,1GCEC14V33Z1,1,G,C,E,C,1,4,V,3,3,Z,1,0,T,CHEV,SC1,PK,3,17,,2,1330,1190,SIL,G,,,8,293,,,,B,4073,00,,42,0,0,000000000,00000000000,0,0,0,1,0,0,0,0,0,0,0,25,0,0,0,9,9,6,2,12,0,0,0,1,12,32763,6,1,0,0,3,3,70,999,0,0,0,0,0,0,0,0,0,0,38,39,0,0,2,2,25,1,6,8,1,3,3,1,17,1,1,1,89,1,0
12,120792,2,2,1,21,1,12,58,12,6,1,0,12,3,12,881,12881,61,2004,1FDXX46P44EC,1,F,D,X,X,4,6,P,4,4,E,C,0,T,FORD,F4D,CB,4,17,,4,0,1620,DRW,D,,,8,366,,,,,00000,00,E,42,0,88,888888888,88888888888,2,1,97,1,0,0,0,0,0,0,0,40,0,0,0,12,12,6,2,12,0,0,0,1,12,32763,6,1,6,0,3,3,70,999,0,0,0,0,0,0,0,0,0,0,0,0,0,0,2,2,25,1,1,8,1,3,3,1,66,1,1,1,88,0,0
12,120793,1,2,1,20,2,2,11,12,1,1,0,12,2,12,461,12461,21,2000,1FTNE2428YHB,1,F,T,N,E,2,4,2,8,Y,H,B,0,T,FORD,25V,CG,0,17,,2,0,1380,VAN,G,,,6,256,,,,C,5012,02,M,42,0,0,000000000,00000000000,0,0,0,1,0,0,0,0,0,0,0,60,0,0,0,12,12,6,2,12,0,0,0,1,12,33334,6,1,0,0,3,3,75,999,0,12,0,3,1,12,2009,1,2011,1,36,0,0,0,2,3,45,1,1,8,1,3,3,1,50,1,1,1,20,0,1
12,120793,2,2,1,20,2,2,11,12,1,1,0,12,2,12,23,12023,4,2007,3FAHP07Z57R1,3,F,A,H,P,0,7,Z,5,7,R,1,0,P,FORD,F/E,4D,7,17,3101,,0,1074,,G,,F,4,140,,,16R205,,,,,,0,0,000000000,00000000000,0,0,0,1,0,0,0,0,0,0,0,0,0,0,0,6,6,6,2,12,0,0,0,1,12,33023,6,1,0,0,3,0,75,999,0,0,0,0,0,0,0,0,0,0,0,0,0,0,2,3,45,1,1,8,1,3,3,5,53,1,1,1,21,1,0
12,120794,1,1,1,24,3,19,48,8,0,1,0,12,1,38,402,38402,14,1996,4S2CK58E9T43,4,S,2,C,K,5,8,E,9,T,4,3,0,P,ISU,ROD,UT,96,17,0,,0,1087,,G,,F,4,156,,,16R225,,,,,,0,0,000000000,00000000000,0,0,0,1,0,0,0,0,0,0,0,999,0,0,0,4,4,0,1,8,0,0,0,1,12,33619,6,1,0,0,3,0,74,999,0,0,0,0,0,0,0,0,0,0,0,0,0,0,2,3,45,1,1,8,1,0,0,1,80,6,1,1,13,0,0
12,120795,1,1,1,30,3,22,49,30,0,1,0,12,2,22,2,22002,4,1998,1G2HX52K9WH2,1,G,2,H,X,5,2,K,9,W,H,2,0,P,PONT,BVS,4D,98,17,3487,,0,1108,,G,,F,6,231,,,15R215,,,,,,0,0,000000000,00000000000,0,0,0,1,0,0,0,0,0,0,0,70,0,0,0,98,12,6,2,42,0,0,0,1,24,21237,6,1,0,0,3,0,72,999,0,0,0,0,0,0,0,0,0,0,36,0,0,0,1,4,30,2,1,1,2,0,0,14,12,1,1,4,6,1,1
12,120796,1,1,1,18,5,20,43,30,0,1,0,12,2,37,706,37706,80,2009,JH2RC50029K5,J,H,2,R,C,5,0,0,2,9,K,5,0,M,HOND,T7C,RS,9,17,,,,,,,745,,2,,4,553,,,,,,,0,0,000000000,00000000000,0,0,0,1,0,0,0,0,0,0,0,40,0,0,0,12,12,6,2,30,0,0,0,1,12,33810,6,1,0,0,3,0,72,999,0,1,0,0,1,8,2010,1,2011,0,58,0,0,0,2,2,40,3,6,8,1,0,0,14,12,1,1,4,6,1,0
12,120797,1,1,1,1,7,23,30,8,0,1,0,12,1,19,480,19480,31,2002,1GYEC63TX2R2,1,G,Y,E,C,6,3,T,X,2,R,2,0,P,CADI,ESC,UT,2,17,0,,0,1160,,G,,F,8,325,,,17R265,,,,,,0,0,000000000,00000000000,0,0,0,1,0,0,0,0,0,0,0,35,0,0,0,12,12,6,2,8,0,0,0,1,12,33167,6,1,0,0,3,0,70,999,0,1,0,1,0,9,2010,12,2010,0,0,0,0,0,2,2,30,1,1,8,1,0,0,1,80,1,1,1,13,0,0
12,120798,1,1,1,19,2,18,38,1,0,1,0,12,2,37,706,37706,80,2002,1HFSC49082A0,1,H,F,S,C,4,9,0,8,2,A,0,0,M,HOND,XTR,RS,2,17,,,,,,,1795,,2,,4,999,,,,,,,0,0,000000000,00000000000,0,0,0,1,0,0,0,0,0,0,0,50,0,0,0,0,0,6,2,1,0,0,0,1,12,33414,6,1,0,0,3,0,70,999,0,0,0,1,0,4,2010,4,2010,0,0,0,0,0,2,3,50,1,1,8,1,0,0,1,98,1,1,1,98,1,1
12,120799,1,1,2,30,1,2,20,42,0,1,0,12,2,37,703,37703,80,1990,JH2MC1509LM2,J,H,2,M,C,1,5,0,9,L,M,2,0,M,HOND,VTR,RC,90,17,,,,,,,250,,2,,4,330,,,,,,,0,0,000000000,00000000000,0,0,0,1,0,0,0,0,0,0,0,998,0,0,0,11,10,6,2,42,0,0,0,1,12,34275,0,0,0,0,0,0,71,999,0,0,0,0,0,0,0,0,0,1,36,0,0,0,1,2,25,2,1,8,1,0,0,14,13,3,1,4,1,1,1
12,120800,1,1,1,31,5,4,44,43,0,1,0,12,1,20,16,20016,2,2002,1G1JC1240273,1,G,1,J,C,1,2,4,0,2,7,3,0,P,CHEV,CAV,CP,2,17,2617,,0,1041,,G,,F,4,133,,,14R195,,,,,,0,0,000000000,00000000000,0,0,0,1,0,0,0,0,0,0,0,999,0,1,5,9,9,6,2,1,0,0,0,1,12,34236,1,1,0,0,2,0,66,999,0,6,0,0,1,5,2009,5,2011,1,28,0,0,0,2,2,40,1,1,8,1,0,0,1,13,1,1,4,1,1,1
12,120801,1,1,1,18,6,4,18,9,0,1,0,12,1,23,441,23441,20,1996,1GTDM19WXTB5,1,G,T,D,M,1,9,W,X,T,B,5,0,T,GMC,SXT,EC,96,17,,1,0,1110,SAF,G,,,6,262,,,,B,3806,00,E,42,0,0,000000000,00000000000,0,0,0,1,0,0,0,0,0,0,0,45,0,0,0,12,12,6,2,9,0,0,0,1,12,33771,6,1,0,0,3,3,68,999,0,0,0,0,0,0,0,0,0,0,0,0,0,0,2,2,45,1,1,8,1,0,0,1,83,1,1,1,13,0,0
12,120802,1,1,2,9,6,13,11,14,0,1,0,12,1,18,7,18007,4,2001,2G4WS52J9112,2,G,4,W,S,5,2,J,9,1,1,2,0,P,BUIC,CCU,4D,1,17,3368,,0,1090,,G,,F,6,191,,,15R205,,,,,,0,0,000000000,00000000000,0,0,0,1,0,0,0,0,0,0,0,45,0,0,0,1,1,6,2,8,0,0,0,1,12,33043,6,1,0,0,3,3,69,999,0,0,0,0,0,0,0,0,0,0,28,0,0,0,1,2,45,1,1,8,1,28,3,1,13,1,1,4,1,0,0
12,120803,1,5,1,10,6,15,4,12,1,1,0,12,3,12,481,12481,31,2006,1FTRF14W16NB,1,F,T,R,F,1,4,W,1,6,N,B,0,T,FORD,F15,PK,6,17,,2,1450,1260,COF,G,,,8,281,,,,B,5004,01,E,44,0,0,000000000,00000000000,0,0,0,1,0,0,0,0,0,0,0,70,0,0,0,12,12,6,2,24,0,0,0,1,12,32725,6,1,0,0,3,0,65,999,0,3,0,1,0,7,2008,9,2010,0,36,0,0,0,3,3,70,3,6,8,1,0,0,14,51,1,1,1,24,0,0
12,120803,2,5,4,10,6,15,4,12,1,1,0,12,1,49,40,49040,4,2007,4T1BK46K87U5,4,T,1,B,K,4,6,K,8,7,U,5,0,P,TOYT,CJS,4D,7,17,3164,,0,1093,,G,,F,6,214,,,15R205,,,,,,0,0,000000000,00000000000,0,0,0,1,0,0,0,0,0,0,0,20,0,0,0,6,6,6,2,12,0,0,0,1,12,33603,6,1,0,0,3,3,60,999,0,0,0,0,0,0,0,0,0,0,0,0,0,0,3,3,70,3,6,8,1,0,0,14,53,1,1,1,25,2,0
12,120803,3,5,1,10,6,15,4,12,1,1,0,12,1,20,441,20441,20,1999,1GNDM19W7XB1,1,G,N,D,M,1,9,W,7,X,B,1,0,T,CHEV,AST,ES,99,17,,1,0,1112,AST,G,,,6,262,,,,B,4186,00,,42,0,0,000000000,00000000000,0,0,0,1,0,0,0,0,0,0,0,45,0,0,0,6,6,6,2,25,0,0,0,1,12,32808,6,1,0,0,3,3,64,999,0,0,0,1,0,11,2008,11,2008,0,0,0,0,0,3,3,70,3,6,8,1,0,0,14,53,1,1,1,98,0,0
12,120803,4,5,2,10,6,15,4,12,1,1,0,12,1,49,482,49482,31,2004,5TBET34164S4,5,T,B,E,T,3,4,1,6,4,S,4,0,T,TOYT,DBS,CW,4,17,,2,0,1283,TUN,G,,,8,285,,,,B,4730,00,U,42,0,0,000000000,00000000000,0,0,0,1,0,0,0,0,0,0,0,60,0,0,0,9,9,4,8,12,0,0,0,1,12,33068,6,1,0,0,3,0,68,999,0,0,0,0,0,0,0,0,0,0,0,0,0,0,3,3,70,3,6,8,1,0,0,14,61,1,1,1,98,0,0
12,120803,5,5,1,10,6,15,4,12,1,1,0,12,2,7,472,7472,30,2007,1D7HE22K17S1,1,D,7,H,E,2,2,K,1,7,S,1,0,T,DODG,KST,4C,7,17,,2,0,1313,DAK,G,,,6,225,,,,B,4180,00,E,42,0,0,000000000,00000000000,0,0,0,1,0,0,0,0,0,0,0,5,0,0,0,3,1,2,8,12,0,0,0,1,12,33565,6,1,0,0,3,3,64,999,0,0,0,0,0,0,0,0,0,0,0,0,0,0,3,3,70,3,6,8,1,0,0,14,60,6,1,1,98,0,0
12,120804,1,2,1,21,6,5,47,12,6,1,0,12,2,37,32,37032,2,2002,1HGCG22532A0,1,H,G,C,G,2,2,5,3,2,A,0,0,P,HOND,UEX,CP,2,17,3283,,0,1051,,G,,F,6,183,,,16R205,,,,,,0,0,000000000,00000000000,0,0,0,1,0,0,0,0,0,0,0,60,0,0,0,3,3,6,2,12,0,0,0,1,12,33860,6,1,0,0,3,0,71,999,0,0,0,1,1,10,2008,4,2009,0,58,0,0,0,1,2,60,3,1,8,1,0,0,14,10,1,4,2,64,1,0
12,120804,2,2,4,21,6,5,47,12,6,1,0,12,3,12,481,12481,31,2008,1FTSW20R78EB,1,F,T,S,W,2,0,R,7,8,E,B,0,T,FORD,F2S,CW,8,17,,2,1720,1560,SRW,D,,,8,390,,,,C,6051,01,E,42,0,0,000000000,00000000000,0,0,0,1,0,0,0,0,0,0,0,60,0,0,0,12,12,6,2,12,0,0,0,1,12,34736,6,1,0,0,3,0,65,999,0,0,0,1,0,9,2008,9,2008,0,0,0,0,0,1,2,60,2,1,8,1,0,0,14,62,1,1,1,65,0,0
12,120805,1,1,2,23,6,14,15,38,0,1,0,12,1,49,442,49442,20,2002,4T3ZF13C52U4,4,T,3,Z,F,1,3,C,5,2,U,4,0,P,TOYT,SIE,SV,2,17,3932,,0,1142,,G,,F,6,183,,,15R205,,,,,,0,0,000000000,00000000000,0,0,0,1,0,0,0,0,0,0,0,70,0,0,0,9,9,6,2,42,0,0,0,1,12,33909,6,1,0,0,3,0,67,999,0,0,0,1,1,12,2009,9,2010,0,58,0,0,0,2,2,70,1,1,8,1,0,0,1,13,1,3,4,2,1,0
12,120806,1,3,1,2,1,19,20,8,0,1,1,99,9,99,999,99999,99,9999,999999999999,9,9,9,9,9,9,9,9,9,9,9,9,0,,,,,,,,,,,,,,,,,,,,,,,,,0,0,000000000,00000000000,0,0,0,1,0,0,0,0,0,0,0,998,0,0,0,12,98,9,1,8,0,0,0,1,99,99999,9,9,99,9,9,9,999,999,99,99,99,99,99,99,9999,99,9999,9,0,0,0,0,2,2,35,1,1,8,2,0,0,1,80,1,1,1,13,0,0
12,120806,2,3,1,2,1,19,20,8,0,1,0,12,2,35,50,35050,4,2011,3N1BC1CPXBL3,3,N,1,B,C,1,C,P,X,B,L,3,0,P,NISS,VSL,4H,11,17,2693,,0,1024,,G,,F,4,110,,,15R185,,,,,,0,0,000000000,00000000000,0,0,0,1,0,0,0,0,0,0,0,35,0,0,0,12,12,4,1,8,0,0,0,1,12,32208,6,1,0,0,3,0,66,999,0,2,0,2,0,8,2008,5,2010,0,0,0,0,0,2,2,35,1,1,8,2,0,0,1,80,1,1,1,98,0,0
12,120806,3,3,1,2,1,19,20,8,0,1,0,12,1,49,442,49442,20,2002,4T3ZF19C52U4,4,T,3,Z,F,1,9,C,5,2,U,4,0,P,TOYT,SIE,SV,2,17,3919,,0,1142,,G,,F,6,183,,,15R205,,,,,,0,0,000000000,00000000000,0,0,0,1,0,0,0,0,0,0,0,35,0,0,0,1,1,2,1,8,0,0,0,1,12,32208,6,1,0,0,3,3,65,999,0,0,0,0,0,0,0,0,0,0,0,0,0,0,2,2,35,1,1,8,2,0,0,1,80,1,1,1,98,0,0
12,120807,1,1,3,30,1,18,25,8,0,1,0,12,1,53,32,53032,6,2001,JS2GB41W0152,J,S,2,G,B,4,1,W,0,1,5,2,0,P,SUZI,ELX,SW,1,17,2403,,0,976,,G,,F,4,112,,,14R185,,,,,,0,0,000000000,00000000000,0,0,0,1,0,0,0,0,0,0,0,40,0,0,0,12,12,2,1,8,0,0,0,1,12,33311,6,1,0,0,3,3,64,999,0,0,0,1,0,2,2008,2,2008,0,0,0,0,0,2,2,45,1,1,8,1,0,0,1,83,1,1,1,13,0,0
12,120808,1,1,1,1,2,14,16,8,0,1,1,12,1,49,472,49472,30,1996,4TAVL52N6TZ1,4,T,A,V,L,5,2,N,6,T,Z,1,0,T,TOYT,XTR,PC,96,17,,1,0,1219,TAC,G,,,4,149,,,,B,2740,00,M,42,0,0,000000000,00000000000,0,0,0,1,0,0,0,0,0,0,0,35,0,0,0,12,14,4,3,8,0,0,0,1,12,33012,6,1,0,0,3,3,68,999,0,1,0,0,1,10,2009,12,2009,0,28,36,8,0,2,3,40,1,1,8,1,0,0,1,13,1,1,4,1,0,1
12,120809,1,2,1,1,2,10,40,12,6,1,0,12,1,55,37,55037,2,2001,KMHJG25F71U2,K,M,H,J,G,2,5,F,7,1,U,2,0,P,HYUN,TIB,CP,1,17,2633,,0,974,,G,,F,4,121,,,15R195,,,,,,0,0,000000000,00000000000,0,0,0,1,0,0,0,0,0,0,0,999,0,0,0,9,9,6,2,12,0,0,0,1,12,33008,6,1,0,0,3,3,71,999,0,0,0,0,0,0,0,0,0,0,38,0,0,0,1,2,25,1,1,8,1,20,3,1,17,1,1,1,89,1,0
12,120809,2,2,1,1,2,10,40,12,6,1,0,12,1,63,31,63031,4,2000,KNAFB1211Y58,K,N,A,F,B,1,2,1,1,Y,5,8,0,P,KIA,SPL,4D,0,17,2478,,0,1008,,G,,F,4,109,,,14R185,,,,,,0,0,000000000,00000000000,0,0,0,1,0,0,0,0,0,0,0,40,0,0,0,12,12,6,2,12,0,0,0,1,12,33023,6,1,0,0,3,0,67,999,0,0,0,0,1,10,2009,10,2009,0,0,0,0,0,2,2,40,1,1,8,1,0,0,1,66,1,1,1,88,0,0
12,120810,1,1,2,2,2,21,7,9,0,1,0,12,1,19,481,19481,31,2007,1GYFK63807R2,1,G,Y,F,K,6,3,8,0,7,R,2,0,P,CADI,ESC,UT,7,17,5751,,0,1160,,G,,F,8,378,,,18R265,,,,,,0,0,000000000,00000000000,0,0,0,1,0,0,0,0,0,0,0,999,0,0,0,12,12,4,3,9,0,0,0,1,12,34953,6,1,0,0,3,3,72,999,0,0,0,2,0,1,2009,12,2010,0,0,0,0,0,2,2,40,1,1,8,1,3,3,1,83,1,1,1,13,0,0
12,120811,1,1,1,5,2,20,5,8,0,1,0,12,2,55,35,55035,4,2006,KMHDN46D96U3,K,M,H,D,N,4,6,D,9,6,U,3,0,P,HYUN,GTL,4D,6,17,2784,,0,1027,,G,,F,4,121,,,15R195,,,,,,0,0,000000000,00000000000,0,0,0,1,0,0,0,0,0,0,0,35,0,0,0,12,12,6,2,8,0,0,0,1,12,34684,6,1,0,0,3,3,75,999,0,0,0,1,0,6,2010,6,2010,0,0,0,0,0,5,6,45,1,1,8,2,0,0,1,80,1,1,1,13,0,0
12,120812,1,2,1,18,2,22,46,12,6,1,0,12,1,2,403,2403,14,1993,1J4FY29S0PP2,1,J,4,F,Y,2,9,S,0,P,P,2,0,T,JEEP,W/Y,2W,93,17,,1,0,934,W/Y,G,,,6,242,,,,,2935,00,A,44,0,0,000000000,00000000000,0,0,0,1,0,0,0,0,0,0,0,20,0,0,0,2,2,6,2,12,0,0,0,1,12,32127,6,1,0,0,3,0,69,999,0,0,0,0,0,0,0,0,0,0,38,0,0,0,2,2,55,1,1,8,1,3,3,11,15,1,1,1,68,0,1
12,120812,2,2,2,18,2,22,46,12,6,1,0,12,1,72,706,72706,80,1993,1HD1BLL15PY0,1,H,D,1,B,L,L,1,5,P,Y,0,0,M,HD,XST,RS,93,17,,,,,,,1340,,2,,4,625,,,,,,,0,0,000000000,00000000000,0,0,0,1,0,0,0,0,0,0,0,65,0,0,0,12,12,6,2,12,0,0,0,1,12,32725,6,1,0,0,3,0,72,999,0,0,0,2,0,5,2008,1,2009,0,0,0,0,0,2,2,55,1,1,8,1,3,3,1,62,1,1,1,69,2,0
12,120813,1,1,1,18,2,10,44,8,0,1,0,12,1,49,40,49040,4,1993,4T1SK12E7PU1,4,T,1,S,K,1,2,E,7,P,U,1,0,P,TOYT,CLE,4D,93,17,3053,,0,1031,,G,,F,4,132,,,000000,,,,,,0,0,000000000,00000000000,0,0,0,1,0,0,0,0,0,0,0,45,0,0,0,12,12,6,2,8,0,0,0,1,12,33025,6,1,0,0,3,0,66,999,0,0,0,0,1,5,2008,5,2008,0,0,0,0,0,2,3,40,1,1,8,1,0,0,1,80,8,2,2,13,0,0
12,120814,1,2,1,27,2,1,59,1,0,1,0,12,1,37,705,37705,80,2006,JH2PC37016M3,J,H,2,P,C,3,7,0,1,6,M,3,0,M,HOND,B60,RC,6,17,,,,,,,599,,4,,4,361,,,,,,,0,0,000000000,00000000000,0,0,0,1,0,0,0,0,0,0,0,70,0,0,0,0,98,6,2,1,0,0,0,1,12,33140,6,1,0,0,3,0,69,999,1,3,0,0,0,9,2008,2,2011,1,39,0,0,0,2,3,35,1,1,8,1,3,3,1,98,98,1,1,98,1,0
12,120814,2,2,1,27,2,1,59,1,0,1,0,12,2,7,442,7442,20,2007,1D4GP24R97B1,1,D,4,G,P,2,4,R,9,7,B,1,0,T,DODG,GCS,ES,7,17,,1,0,1193,CAR,G,,,6,201,,,,,4095,00,E,42,0,0,000000000,00000000000,0,0,0,1,0,0,0,0,0,0,0,10,0,0,0,7,7,6,2,12,0,0,0,1,12,33162,6,1,0,0,3,0,69,999,0,0,0,1,0,3,2009,3,2009,0,0,0,0,0,1,2,35,1,1,8,1,3,3,11,66,1,1,1,98,0,0
12,120815,1,1,1,27,6,11,33,42,0,1,0,12,1,49,47,49047,6,2005,2T1KR32E35C3,2,T,1,K,R,3,2,E,3,5,C,3,0,P,TOYT,CTR,4H,5,17,2679,,0,1024,,G,,F,4,109,,,16R205,,,,,,0,0,000000000,00000000000,0,0,0,1,0,0,0,0,0,0,0,998,0,1,5,62,62,6,2,42,0,0,0,1,12,33305,6,1,0,0,3,0,69,999,0,0,0,0,0,0,0,0,0,0,28,0,0,0,2,2,45,1,1,8,1,0,0,1,12,1,1,4,6,1,0
12,120816,1,10,1,11,3,8,11,12,6,1,0,12,1,2,404,2404,14,1999,1J4FF28S3XL5,1,J,4,F,F,2,8,S,3,X,L,5,0,T,JEEP,CSE,4W,99,17,,1,0,1014,CHK,G,,,6,242,,,,,3119,00,E,44,0,0,000000000,00000000000,0,0,0,1,0,0,0,0,0,0,0,998,0,1,1,12,12,6,2,12,0,0,0,1,12,33914,6,1,0,0,3,0,67,999,0,0,0,1,0,5,2008,5,2008,0,39,28,0,0,2,3,50,1,1,8,1,3,3,1,17,1,1,1,88,1,0
12,120816,2,10,2,11,3,8,11,12,6,1,0,12,1,20,481,20481,31,2001,1GCHK23U61F1,1,G,C,H,K,2,3,U,6,1,F,1,0,T,CHEV,2KH,CW,1,17,,2,1670,1530,SIL,G,,,8,364,,,,C,5766,00,,44,0,0,000000000,00000000000,0,0,0,1,0,0,0,0,0,0,0,40,0,0,0,7,6,4,1,12,0,0,0,1,12,33904,6,1,0,0,3,0,70,999,0,0,0,1,0,1,2009,1,2009,0,0,0,0,0,2,3,45,1,1,8,1,3,3,1,66,1,1,1,89,0,0
12,120816,3,10,1,11,3,8,11,12,6,1,0,26,2,13,13,13013,4,2007,3LNHM26T37R6,3,L,N,H,M,2,6,T,3,7,R,6,0,P,LINC,MKZ,4D,7,17,3469,,0,1074,,G,,F,6,214,,,17R225,,,,,,0,0,000000000,00000000000,0,0,0,1,0,0,0,0,0,0,0,50,0,0,0,9,9,4,3,12,0,0,0,1,26,48146,6,1,0,0,3,0,64,180,0,0,0,0,0,0,0,0,0,0,0,0,0,0,2,3,50,1,1,8,1,0,0,1,62,1,1,1,98,0,0
12,120816,4,10,1,11,3,8,11,12,6,1,0,12,1,7,422,7422,15,2004,1D4HD48D84F1,1,D,4,H,D,4,8,D,8,4,F,1,0,P,DODG,DUR,UT,4,17,4648,,0,1192,,G,,F,8,345,,,17R245,,,,,,0,0,000000000,00000000000,0,0,0,1,0,0,0,0,0,0,0,40,0,0,0,98,12,4,1,54,0,0,0,1,12,33991,6,1,0,0,3,0,64,999,0,0,0,0,0,0,0,0,0,0,0,0,0,0,2,3,50,1,1,8,1,0,0,1,98,1,1,1,98,0,0
12,120816,5,10,1,11,3,8,11,12,6,1,0,12,1,37,32,37032,4,2002,1HGCG56672A0,1,H,G,C,G,5,6,6,7,2,A,0,0,P,HOND,UEX,4D,2,17,3142,,0,1069,,G,,F,4,138,,,15R195,,,,,,0,0,000000000,00000000000,0,0,0,1,0,0,0,0,0,0,0,40,0,0,0,98,11,4,1,54,0,0,0,1,12,33945,6,1,0,0,3,0,68,999,0,0,0,0,0,0,0,0,0,0,0,0,0,0,2,3,50,1,1,8,1,0,0,1,98,1,1,1,98,0,0
12,120816,6,10,1,11,3,8,11,12,6,1,0,12,1,12,3,12003,2,2000,1FAFP4040YF2,1,F,A,F,P,4,0,4,0,Y,F,2,0,P,FORD,MUS,CP,0,17,3066,,0,1013,,G,,F,6,232,,,15R205,,,,,,0,0,000000000,00000000000,0,0,0,1,0,0,0,0,0,0,0,40,0,0,0,98,1,4,1,54,0,0,0,1,12,33914,6,1,0,0,3,3,65,999,0,0,0,0,0,0,0,0,0,0,0,0,0,0,2,3,50,1,1,8,1,0,0,1,98,1,1,1,98,0,0
12,120816,7,10,1,11,3,8,11,12,6,1,0,12,1,49,40,49040,4,2004,4T1BE32K74U8,4,T,1,B,E,3,2,K,7,4,U,8,0,P,TOYT,UXS,4D,4,17,3086,,0,1071,,G,,F,4,144,,,15R205,,,,,,0,0,000000000,00000000000,0,0,0,1,0,0,0,0,0,0,0,40,0,0,0,61,61,4,1,12,0,0,0,1,12,33993,6,1,0,0,3,3,65,999,0,0,0,0,1,11,2010,11,2010,0,0,0,0,0,2,3,50,1,1,8,1,0,0,1,62,1,1,1,98,0,0