STATE,ST_CASE,VEH_NO,VE_FORMS,NUMOCCS,DAY,MONTH,HOUR,MINUTE,HARM_EV,MAN_COLL,UNITTYPE,HIT_RUN,REG_STAT,OWNER,MAKE,MODEL,MAK_MOD,BODY_TYP,MOD_YEAR,VIN,VIN_1,VIN_2,VIN_3,VIN_4,VIN_5,VIN_6,VIN_7,VIN_8,VIN_9,VIN_10,VIN_11,VIN_12,TOW_VEH,VINTYPE,VINMAKE,VINA_MOD,VIN_BT,VINMODYR,VIN_LNGT,VIN_WGT,WGTCD_TR,WHLBS_LG,WHLBS_SH,SER_TR,FUELCODE,MCYCL_DS,CARBUR,CYLINDER,DISPLACE,MCYCL_CY,MCYCL_WT,TIRE_SZE,TON_RAT,TRK_WT,TRKWTVAR,VIN_REST,WHLDRWHL,J_KNIFE,MCARR_I1,MCARR_I2,MCARR_ID,GVWR,V_CONFIG,CARGO_BT,HAZ_INV,HAZ_PLAC,HAZ_ID,HAZ_CNO,HAZ_REL,BUS_USE,SPEC_USE,EMER_USE,TRAV_SP,UNDERIDE,ROLLOVER,ROLINLOC,IMPACT1,IMPACT2,DEFORMED,TOWED,M_HARM,VEH_SC1,VEH_SC2,FIRE_EXP,DR_PRES,L_STATE,DR_ZIP,L_STATUS,L_TYPE,CDL_STAT,L_ENDORS,L_COMPL,L_RESTRI,DR_HGT,DR_WGT,PREV_ACC,PREV_SUS,PREV_DWI,PREV_SPD,PREV_OTH,FIRST_MO,FIRST_YR,LAST_MO,LAST_YR,SPEEDREL,DR_SF1,DR_SF2,DR_SF3,DR_SF4,VTRAFWAY,VNUM_LAN,VSPD_LIM,VALIGN,VPROFILE,VPAVETYP,VSURCOND,VTRAFCON,VTCONT_F,P_CRASH1,P_CRASH2,P_CRASH3,PCRASH4,PCRASH5,ACC_TYPE,DEATHS,DR_DRINK
12,120816,8,10,2,11,3,8,11,12,6,1,0,12,2,12,402,12402,14,2005,1FMYU04105KD,1,F,M,Y,U,0,4,1,0,5,K,D,0,P,FORD,SPE,UT,5,17,3304,,0,1031,,G,,F,6,183,,,16R235,,,,,,0,0,000000000,00000000000,0,0,0,1,0,0,0,0,0,0,0,40,0,0,0,9,9,4,1,12,0,0,0,1,26,48187,6,1,0,0,3,0,68,150,0,0,0,0,0,0,0,0,0,0,0,0,0,0,2,3,50,1,1,8,1,0,0,1,62,1,1,1,98,0,0
12,120816,9,10,1,11,3,8,11,12,6,1,0,12,3,58,421,58421,15,2011,JN8AZ2ND2B97,J,N,8,A,Z,2,N,D,2,B,9,7,0,P,INFI,QX5,UT,11,17,5599,,0,1211,,G,,F,8,342,,,20R275,,,,,,0,0,000000000,00000000000,0,0,0,1,0,0,0,0,0,0,0,40,0,0,0,12,12,6,2,12,0,0,0,1,12,33991,6,1,0,0,3,0,71,999,0,1,0,0,1,6,2009,9,2009,0,0,0,0,0,2,3,50,1,1,8,1,0,0,1,62,1,1,1,98,0,0
12,120816,10,10,2,11,3,8,11,12,6,1,0,12,1,48,401,48401,14,2004,JF1SG63664H7,J,F,1,S,G,6,3,6,6,4,H,7,0,P,SUBA,FOR,UT,4,17,3090,,0,994,,G,,F,4,150,,,16R215,,,,,,0,0,000000000,00000000000,0,0,0,1,0,0,0,0,0,0,0,40,0,0,0,12,11,6,2,12,0,0,0,1,12,33914,6,1,0,0,3,3,73,999,0,0,0,0,0,0,0,0,0,0,0,0,0,0,2,3,50,1,1,8,1,0,0,1,62,1,1,1,98,0,0
12,120817,1,1,1,12,3,16,48,19,0,1,0,12,2,73,705,73705,80,2006,JKAZX4J1X6A0,J,K,A,Z,X,4,J,1,X,6,A,0,0,M,KAWK,ZXJ,RC,6,17,,,,,,,600,,4,,4,377,,,,,,,0,0,000000000,00000000000,0,0,0,1,0,0,0,0,0,0,0,20,0,0,0,99,99,6,2,19,0,0,0,1,12,32601,6,1,0,0,3,3,63,999,1,0,0,1,1,9,2010,2,2011,0,28,52,0,0,4,8,98,1,1,8,1,0,0,1,12,1,1,4,6,1,0
12,120818,1,2,1,18,3,12,48,12,6,1,0,12,2,42,42,42042,4,2008,WDDGF54X08F0,W,D,D,G,F,5,4,X,0,8,F,0,0,P,MERZ,C30,4D,8,17,3527,,0,1087,,G,,F,6,183,,,17R225,,,,,,0,0,000000000,00000000000,0,0,0,1,0,0,0,0,0,0,0,10,0,0,0,1,1,6,2,12,0,0,0,1,12,33327,6,1,0,0,3,0,62,999,0,1,0,2,0,4,2009,10,2009,0,38,0,0,0,1,3,10,1,1,8,1,20,3,11,15,1,1,1,76,0,0
12,120818,2,2,1,18,3,12,48,12,6,1,0,12,1,37,706,37706,80,2007,JH2SC57057M3,J,H,2,S,C,5,7,0,5,7,M,3,0,M,HOND,CBS,RC,7,17,,,,,,,998,,4,,4,388,,,,,,,0,0,000000000,00000000000,0,0,0,1,0,0,0,0,0,0,0,999,0,0,0,12,12,6,2,12,0,0,0,1,12,33326,6,1,0,0,3,0,67,999,0,0,0,0,1,2,2011,2,2011,0,0,0,0,0,2,2,99,1,1,8,1,0,0,1,65,1,1,1,77,1,0
12,120819,1,2,1,28,3,18,50,12,6,1,0,12,9,20,16,20016,4,1999,3G1JC5248XS8,3,G,1,J,C,5,2,4,8,X,S,8,0,P,CHEV,CAV,4D,99,17,2676,,0,1041,,G,,F,4,133,,,14R195,,,,,,0,0,000000000,00000000000,0,0,0,1,0,0,0,0,0,0,0,998,0,0,0,3,3,6,8,12,0,0,0,1,12,33069,6,1,0,0,3,0,64,999,0,1,0,0,1,8,2008,12,2009,0,28,51,87,0,2,3,98,1,1,8,2,0,0,1,10,1,1,6,64,1,1
12,120819,2,2,1,28,3,18,50,12,6,1,0,13,3,82,881,82881,62,2007,1FVACWCS07HY,1,F,V,A,C,W,C,S,0,7,H,Y,0,T,FRHT,16M,CC,7,17,,6,0,0,FM2,D,,,6,391,,,,,00000,00,,42,0,13,1127683,131127683,2,1,96,1,0,0,0,0,0,0,0,998,0,0,0,12,12,6,8,12,0,0,0,1,12,33028,6,1,6,0,3,3,64,999,0,0,0,0,0,0,0,0,0,0,0,0,0,0,2,3,98,8,8,8,2,0,0,1,62,1,1,1,65,0,0
12,120820,1,1,1,31,3,22,22,8,0,1,0,12,2,18,7,18007,4,1996,1G4AG55M6T64,1,G,4,A,G,5,5,M,6,T,6,4,0,P,BUIC,CSL,4D,96,17,2951,,0,1049,,G,,F,6,191,,,14R185,,,,,,0,0,000000000,00000000000,0,0,0,1,0,0,0,0,0,0,0,45,0,0,0,12,12,6,2,8,0,0,0,1,12,34609,6,1,0,0,3,3,67,999,0,0,0,1,0,3,2010,3,2010,0,0,0,0,0,2,3,45,1,1,8,1,0,0,1,80,1,1,1,13,0,0
12,120821,1,1,1,1,5,1,50,1,0,1,0,12,1,22,9,22009,2,1996,2G2FS22K0T22,2,G,2,F,S,2,2,K,0,T,2,2,0,P,PONT,FBD,2H,96,17,3150,,0,1011,,G,,F,6,231,,,16R215,,,,,,0,0,000000000,00000000000,0,0,0,1,0,0,0,0,0,0,0,55,0,1,5,0,0,6,2,1,0,0,0,1,12,32720,6,1,0,0,3,3,69,999,1,4,1,0,0,6,2009,8,2010,0,36,0,0,0,1,2,55,1,1,8,1,0,0,1,13,1,1,4,1,1,1
12,120822,1,2,2,16,5,19,20,12,6,1,0,12,1,12,4,12004,2,1996,1FALP6246TH1,1,F,A,L,P,6,2,4,6,T,H,1,0,P,FORD,THL,2D,96,17,3561,,0,1130,,G,,F,6,232,,,15R205,,,,,,0,0,000000000,00000000000,0,0,0,1,0,0,0,0,0,0,0,998,0,0,0,9,7,6,2,12,0,0,0,1,12,33815,6,1,0,0,3,0,64,999,0,4,0,0,0,11,2010,3,2011,0,31,0,0,0,1,2,35,1,1,8,1,0,0,13,56,1,1,7,92,0,0
12,120822,2,2,2,16,5,19,20,12,6,1,0,12,1,76,706,76706,80,1992,JYA3LKE05NA0,J,Y,A,3,L,K,E,0,5,N,A,0,0,M,YAMA,FZ1,RC,92,17,,,,,,,1003,,4,,4,460,,,,,,,0,0,000000000,00000000000,0,0,0,1,0,0,0,0,0,0,0,65,0,0,0,12,0,6,2,1,0,0,0,1,12,33801,6,1,0,0,3,0,72,999,0,0,0,0,0,0,0,0,0,1,0,0,0,0,1,2,35,1,1,8,1,0,0,1,71,3,1,1,93,2,0
12,120823,1,1,12,24,5,15,20,1,0,1,0,12,1,7,461,7461,21,1994,2B5WB35Z9RK5,2,B,5,W,B,3,5,Z,9,R,K,5,0,P,DODG,RMW,SV,94,17,4440,,0,1276,,G,,F,8,360,,,000000,,,,,,0,0,000000000,00000000000,0,0,0,1,0,0,0,0,0,0,0,60,0,1,5,0,0,6,2,1,0,0,0,1,12,34142,6,1,0,0,3,0,70,999,0,1,0,0,0,5,2009,5,2009,0,0,0,0,0,2,2,70,3,1,8,1,0,0,14,1,1,1,4,1,3,0
12,120824,1,1,2,28,5,19,50,9,0,1,0,12,2,12,442,12442,20,1998,2FMDA5141WBB,2,F,M,D,A,5,1,4,1,W,B,B,0,T,FORD,WWG,ES,98,17,,1,0,1207,WIN,G,,,6,232,,,,B,3762,02,F,42,0,0,000000000,00000000000,0,0,0,1,0,0,0,0,0,0,0,35,0,0,0,12,12,4,1,9,0,0,0,1,12,32533,0,0,0,0,0,0,64,999,0,0,0,0,0,0,0,0,0,0,28,0,0,0,1,2,35,1,1,8,1,0,0,1,10,1,1,2,13,0,0
12,120825,1,2,1,29,5,15,27,12,6,1,0,12,1,20,36,20036,2,2007,2G1WK15K6793,2,G,1,W,K,1,5,K,6,7,9,3,0,P,CHEV,M/T,CP,7,17,3461,,0,1105,,F,,F,6,214,,,17R225,,,,,,0,0,000000000,00000000000,0,0,0,1,0,0,0,0,0,0,0,50,0,0,0,12,12,6,2,12,0,0,0,1,12,32724,6,1,0,0,3,0,61,999,0,3,0,0,2,9,2010,4,2011,0,39,0,0,0,2,3,50,1,1,8,1,3,3,1,17,1,1,1,86,0,0
12,120825,2,2,1,29,5,15,27,12,6,1,0,12,1,34,709,34709,80,1981,WBM036406B63,W,B,M,0,3,6,4,0,6,B,6,3,0,M,BMW,R65,RS,81,17,,,,,,,650,,2,,4,408,,,,,,,0,0,000000000,00000000000,0,0,0,1,0,0,0,0,0,0,0,29,0,0,0,3,3,6,2,12,0,0,0,1,12,32128,6,1,0,0,3,0,71,999,0,0,0,0,0,0,0,0,0,0,0,0,0,0,1,2,40,1,1,8,1,3,3,1,66,1,1,1,87,1,0
12,120826,1,1,1,30,5,14,22,24,0,1,0,12,1,37,709,37709,80,2008,JH2SC59008M0,J,H,2,S,C,5,9,0,0,8,M,0,0,M,HOND,CBS,RC,8,17,,,,,,,998,,4,,4,439,,,,,,,0,0,000000000,00000000000,0,0,0,1,0,0,0,0,0,0,0,35,0,0,0,9,9,6,2,24,0,0,0,1,12,33635,6,1,0,0,3,0,68,999,0,0,0,0,2,6,2008,8,2010,0,36,48,28,0,1,2,35,3,1,8,1,40,3,14,13,1,1,4,1,1,1
12,120827,1,1,1,30,5,18,15,1,0,1,0,12,3,72,706,72706,80,1984,1HD1EDL34EY1,1,H,D,1,E,D,L,3,4,E,Y,1,0,M,HD,FRP,RS,84,17,,,,,,,1340,,2,,4,999,,,,,,,0,0,000000000,00000000000,0,0,0,1,0,0,0,0,0,0,0,35,0,0,0,0,0,6,2,1,0,0,0,1,12,34695,6,1,0,0,3,0,62,999,0,0,0,0,0,0,0,0,0,0,28,0,0,0,1,2,35,3,1,8,1,0,0,14,13,1,1,4,1,1,1
12,120828,1,1,1,30,5,4,0,42,0,1,0,12,2,37,31,37031,2,2007,2HGFG12857H5,2,H,G,F,G,1,2,8,5,7,H,5,0,P,HOND,UAX,CP,7,17,2769,,0,1043,,G,,F,4,110,,,16R205,,,,,,0,0,000000000,00000000000,0,0,0,1,0,0,0,0,0,0,0,999,0,0,0,3,3,6,2,42,0,0,0,1,12,33026,6,1,0,0,3,0,64,999,0,0,0,0,0,0,0,0,0,1,28,0,0,0,2,1,30,3,1,8,2,0,0,14,12,1,1,4,6,1,1
12,120829,1,1,2,31,5,3,21,24,0,1,0,12,1,49,422,49422,15,2001,5TDZT38A61S0,5,T,D,Z,T,3,8,A,6,1,S,0,0,P,TOYT,SEQ,UT,1,17,5100,,0,1181,,G,,F,8,285,,,16R265,,,,,,0,0,000000000,00000000000,0,0,0,1,0,0,0,0,0,0,0,55,0,0,0,62,62,6,2,24,0,0,0,1,12,33161,6,1,0,0,3,0,65,999,0,3,0,3,0,5,2009,6,2010,0,36,0,0,0,3,4,55,1,1,8,1,3,3,1,12,1,1,4,6,1,0
12,120830,1,2,1,1,6,16,50,12,6,1,0,12,1,72,706,72706,80,2001,1HD4CAM161K1,1,H,D,4,C,A,M,1,6,1,K,1,0,M,HD,X88,RS,1,17,,,,,,,883,,2,,4,489,,,,,,,0,0,000000000,00000000000,0,0,0,1,0,0,0,0,0,0,0,55,0,0,0,12,12,6,2,12,0,0,0,1,12,32506,6,1,6,0,3,0,71,999,0,0,0,0,1,5,2010,5,2010,1,0,0,0,0,5,2,35,2,1,8,1,0,0,14,17,1,1,1,86,1,0
12,120830,2,2,1,1,6,16,50,12,6,1,0,12,2,20,22,20022,2,2009,1G1AK18H4972,1,G,1,A,K,1,8,H,4,9,7,2,0,P,CHEV,BLS,CP,9,17,2991,,0,1033,,G,,F,4,134,,,15R195,,,,,,0,0,000000000,00000000000,0,0,0,1,0,0,0,0,0,0,0,25,0,0,0,3,3,6,2,12,0,0,0,1,12,32507,6,1,0,0,3,3,72,999,0,0,0,1,0,5,2010,5,2010,0,0,0,0,0,1,2,25,1,1,8,1,20,3,1,66,1,1,1,87,0,0
12,120831,1,1,2,1,6,16,50,1,0,1,0,12,2,23,461,23461,21,2002,1GTHG35R7211,1,G,T,H,G,3,5,R,7,2,1,1,0,T,GMC,SA3,EC,2,17,,2,0,1350,SAV,G,,,8,350,,,,D,5282,00,E,42,0,0,000000000,00000000000,0,0,0,1,0,0,0,0,0,0,0,55,0,1,5,0,0,6,2,1,0,0,0,1,12,34758,6,1,0,0,3,0,71,999,0,0,0,0,0,0,0,0,0,0,36,0,0,0,2,2,55,1,1,8,1,0,0,1,12,7,1,4,1,1,0
12,120832,1,3,1,2,6,22,37,12,98,1,0,17,2,82,881,82881,66,2007,1FUJA6CV17LX,1,F,U,J,A,6,C,V,1,7,L,X,1,T,FRHT,COL,TR,7,17,,8,0,0,CON,D,,,6,782,,,,,00000,00,,64,1,17,2415720,172415720,3,6,1,1,0,0,0,0,0,0,0,55,0,0,0,5,5,6,2,12,0,0,0,1,12,32465,6,1,6,3,3,3,72,999,0,0,0,0,0,0,0,0,0,0,38,0,0,0,2,2,55,1,1,8,1,3,3,11,15,1,1,1,68,0,0
12,120832,2,3,1,2,6,22,37,12,98,1,0,12,1,76,706,76706,80,2004,JYARN13E74A0,J,Y,A,R,N,1,3,E,7,4,A,0,0,M,YAMA,YFR,RC,4,17,,,,,,,998,,4,,4,999,,,,,,,0,0,000000000,00000000000,0,0,0,1,0,0,0,0,0,0,0,55,0,0,0,98,12,6,2,12,0,0,0,1,12,32837,6,1,0,0,3,0,71,999,0,0,0,0,0,0,0,0,0,0,0,0,0,0,2,2,55,1,1,8,1,3,3,1,62,98,1,1,69,1,0
12,120832,3,3,1,2,6,22,37,12,98,1,0,12,1,37,706,37706,80,2005,JH2SC57425M1,J,H,2,S,C,5,7,4,2,5,M,1,0,M,HOND,CBS,RC,5,17,,,,,,,998,,4,,4,396,,,,,,,0,0,000000000,00000000000,0,0,0,1,0,0,0,0,0,0,0,55,0,0,0,12,12,6,2,12,0,0,0,1,12,32810,6,1,0,0,3,3,66,999,0,0,0,0,0,0,0,0,0,0,0,0,0,0,2,2,55,1,1,8,1,3,3,1,62,1,1,1,98,1,0
12,120834,1,2,1,3,6,21,17,12,6,1,0,12,2,30,42,30042,3,1996,3VWHD81H0TM1,3,V,W,H,D,8,1,H,0,T,M,1,0,P,VOLK,GG6,2H,96,17,2727,,0,974,,G,,F,6,170,,,15R205,,,,,,0,0,000000000,00000000000,0,0,0,1,0,0,0,0,0,0,0,15,0,0,0,1,12,6,2,12,0,0,0,1,12,34266,6,1,0,0,3,0,71,999,0,0,0,3,0,12,2008,2,2011,0,38,0,0,0,1,2,45,1,1,8,1,0,0,11,15,1,1,1,68,0,0
12,120834,2,2,2,3,6,21,17,12,6,1,0,12,1,72,706,72706,80,2001,1HD1BJY101Y0,1,H,D,1,B,J,Y,1,0,1,Y,0,0,M,HD,STC,RS,1,17,,,,,,,1450,,2,,4,696,,,,,,,0,0,000000000,00000000000,0,0,0,1,0,0,0,0,0,0,0,45,0,0,0,12,0,6,2,12,0,0,0,1,12,33316,6,1,0,0,3,3,70,999,0,0,0,0,1,9,2009,9,2009,0,0,0,0,0,1,2,45,1,1,8,1,0,0,1,62,1,1,1,69,1,0
12,120835,1,1,2,4,6,1,25,42,0,1,0,12,2,7,472,7472,30,1989,1B7FL69X9KS1,1,B,7,F,L,6,9,X,9,K,S,1,0,P,DODG,DAK,UT,89,17,0,,0,1119,,G,,F,6,238,,,000000,,,,,,0,0,000000000,00000000000,0,0,0,1,0,0,0,0,0,0,0,55,0,0,0,3,2,6,2,42,0,0,0,1,12,32024,6,1,0,0,3,0,72,999,0,0,0,0,0,0,0,0,0,0,39,0,0,0,1,2,55,1,1,8,1,3,3,1,12,1,1,4,6,1,1
12,120836,1,3,1,5,6,19,30,12,1,1,0,12,1,53,705,53705,80,2003,JS1GR7HA7321,J,S,1,G,R,7,H,A,7,3,2,1,0,M,SUZI,SX7,RC,3,17,,,,,,,749,,4,,4,365,,,,,,,0,0,000000000,00000000000,0,0,0,1,0,0,0,0,0,0,0,70,0,0,0,12,12,6,2,24,0,0,0,1,12,33313,6,1,0,0,3,0,71,999,1,5,0,0,1,8,2009,3,2011,0,36,0,0,0,3,2,70,1,1,8,1,0,0,15,51,1,1,1,24,1,0
12,120836,2,3,1,5,6,19,30,12,1,1,0,12,1,37,709,37709,80,2008,JH2SC590X8M0,J,H,2,S,C,5,9,0,X,8,M,0,0,M,HOND,CBS,RC,8,17,,,,,,,998,,4,,4,439,,,,,,,0,0,000000000,00000000000,0,0,0,1,0,0,0,0,0,0,0,70,0,0,0,0,4,6,2,1,0,0,0,1,12,33313,6,1,0,0,3,0,65,999,0,3,0,0,0,12,2009,12,2009,0,36,0,0,0,3,2,70,1,1,8,1,0,0,1,98,1,1,1,98,0,0
12,120836,3,3,1,5,6,19,30,12,1,1,0,12,1,34,34,34034,4,2008,WBAVA33548KX,W,B,A,V,A,3,3,5,4,8,K,X,0,P,BMW,28I,4D,8,17,3406,,0,1087,,G,,F,6,183,,,16R205,,,,,,0,0,000000000,00000000000,0,0,0,1,0,0,0,0,0,0,0,70,0,0,0,6,6,6,2,12,0,0,0,1,12,33027,6,1,0,0,3,3,67,999,0,0,0,0,0,0,0,0,0,0,0,0,0,0,3,2,70,2,1,8,1,0,0,14,53,1,1,1,25,0,0
12,120837,1,2,1,5,6,14,30,12,1,1,0,12,1,12,481,12481,31,2007,1FTPW14V87FA,1,F,T,P,W,1,4,V,8,7,F,A,0,T,FORD,F1S,CW,7,17,,2,0,1390,COF,F,,,8,329,,,,B,5476,01,E,44,0,0,000000000,00000000000,0,0,0,1,0,0,0,0,0,0,0,70,0,0,0,12,12,6,2,12,0,0,0,1,12,32779,6,1,0,0,3,3,70,999,0,0,0,0,0,0,0,0,0,0,28,0,0,0,3,3,70,1,1,8,1,0,0,15,51,1,1,1,24,0,0
12,120837,2,2,3,5,6,14,30,12,1,1,0,12,2,2,404,2404,14,1991,1J4FT87S9ML6,1,J,4,F,T,8,7,S,9,M,L,6,0,T,JEEP,SPT,2W,91,17,,1,0,1014,CHK,G,,,6,242,,,,,2737,01,A,42,0,0,000000000,00000000000,0,0,0,1,0,0,0,0,0,0,0,10,0,1,5,6,6,6,2,1,0,0,0,1,12,32779,1,1,0,0,2,3,70,999,0,2,0,0,2,5,2009,10,2009,0,0,0,0,0,3,3,70,1,1,8,1,0,0,1,53,1,1,1,25,1,0
12,120839,1,1,1,5,6,6,40,1,0,1,0,12,1,73,706,73706,80,1996,JKAZXBD11TA0,J,K,A,Z,X,B,D,1,1,T,A,0,0,M,KAWK,ZXD,RC,96,17,,,,,,,1100,,4,,4,531,,,,,,,0,0,000000000,00000000000,0,0,0,1,0,0,0,0,0,0,0,45,0,0,0,0,0,6,2,1,0,0,0,1,12,33974,6,1,0,0,3,0,69,999,0,1,0,0,0,7,2009,7,2009,0,28,0,0,0,1,2,45,3,1,8,1,0,0,14,13,1,1,4,1,1,0
12,120840,1,1,1,5,6,4,45,8,0,1,0,12,1,12,401,12401,14,2004,1FMZU67K74UC,1,F,M,Z,U,6,7,K,7,4,U,C,0,P,FORD,EPR,UT,4,17,4135,,0,1259,,F,,F,6,245,,,16R235,,,,,,0,0,000000000,00000000000,0,0,0,1,0,0,0,0,0,0,0,50,0,0,0,12,12,2,1,8,0,0,0,1,12,33868,6,1,0,0,3,0,70,999,0,0,0,0,0,0,0,0,0,0,0,0,0,0,2,2,55,1,1,8,1,0,0,1,80,1,1,1,13,0,0
12,120841,1,1,1,5,6,19,53,8,0,1,1,12,1,41,37,41037,4,1996,1YVGE22C5T55,1,Y,V,G,E,2,2,C,5,T,5,5,0,P,MAZD,UDL,4D,96,17,2749,,0,1028,,G,,F,4,122,,,14R195,,,,,,0,0,000000000,00000000000,0,0,0,1,0,0,0,0,0,0,0,25,0,0,0,12,12,0,1,8,0,0,0,1,12,32131,1,1,0,0,2,0,68,999,0,1,0,0,0,7,2008,7,2008,0,92,0,0,0,1,2,25,1,5,8,1,0,0,1,80,1,1,1,13,0,0
12,120842,1,2,2,6,6,1,59,12,1,1,0,12,3,12,16,12016,4,2001,2FAFP71W41X1,2,F,A,F,P,7,1,W,4,1,X,1,0,P,FORD,CVP,4D,1,17,3996,,0,1147,,G,,F,8,281,,,16R225,,,,,,0,0,000000000,00000000000,0,0,0,1,0,0,0,0,0,0,0,0,0,0,0,6,6,6,2,12,0,0,0,1,12,32808,6,1,0,0,3,0,69,999,0,0,0,0,0,0,0,0,0,0,0,0,0,0,3,4,55,1,1,8,1,0,0,5,53,1,1,1,21,2,0
12,120842,2,2,1,6,6,1,59,12,1,1,0,12,3,85,881,85881,63,2007,1NKDXBEX17J1,1,N,K,D,X,B,E,X,1,7,J,1,0,T,KW,T80,CC,7,17,,8,2600,1600,CON,D,,,6,893,,,,,00000,00,,,0,12,1477333,121477333,3,2,4,1,0,0,0,0,0,0,0,50,0,0,0,12,12,4,3,12,0,0,0,1,12,34743,6,1,6,3,3,0,70,999,0,0,0,0,1,2,2011,2,2011,0,36,0,0,0,3,4,55,1,1,8,1,0,0,1,50,1,1,1,20,0,0
12,120843,1,1,1,6,6,16,15,8,0,1,0,12,2,82,881,82881,66,1992,1FUYDCYB2NH5,1,F,U,Y,D,C,Y,B,2,N,H,5,1,T,FRHT,FLD,TR,92,17,,8,0,0,CON,D,,,6,855,,,,,00000,00,,64,1,77,777777777,77777777777,3,6,10,1,0,0,0,0,0,0,0,30,0,0,0,12,12,2,1,8,0,0,0,1,12,32177,6,1,6,0,3,0,71,999,0,0,0,0,0,0,0,0,0,0,0,0,0,0,2,2,45,1,1,8,1,28,3,1,80,1,1,1,13,0,0
12,120844,1,2,1,6,6,19,50,12,1,1,0,12,2,55,33,55033,4,2002,KMHWF35H32A5,K,M,H,W,F,3,5,H,3,2,A,5,0,P,HYUN,SGX,4D,2,17,3223,,0,1063,,G,,F,6,162,,,16R205,,,,,,0,0,000000000,00000000000,0,0,0,1,0,0,0,0,0,0,0,75,0,0,0,12,12,6,2,12,0,0,0,1,12,32680,6,1,0,0,3,0,62,999,0,0,0,0,0,0,0,0,0,0,36,0,0,0,2,2,65,1,1,8,1,0,0,1,51,1,1,1,24,0,0
12,120844,2,2,1,6,6,19,50,12,1,1,0,12,1,72,706,72706,80,2008,1HD1FS4188Y6,1,H,D,1,F,S,4,1,8,8,Y,6,0,M,HD,LTR,RS,8,17,,,,,,,1584,,2,,4,789,,,,,,,0,0,000000000,00000000000,0,0,0,1,0,0,0,0,0,0,0,55,0,0,0,6,6,6,2,12,0,0,0,1,12,32680,6,1,6,0,3,3,72,999,0,0,0,0,0,0,0,0,0,0,0,0,0,0,2,2,65,1,1,8,1,0,0,1,53,1,1,1,25,1,0
12,120845,1,1,1,7,6,22,30,8,0,1,0,13,3,49,46,49046,4,2011,JTDKN3DU1B02,J,T,D,K,N,3,D,U,1,B,0,2,0,P,TOYT,PRI,4H,11,17,3042,,0,1063,,B,,F,4,110,,,15R195,,,,,,0,0,000000000,00000000000,0,0,0,1,0,0,0,0,0,0,0,45,0,0,0,12,12,4,3,8,36,0,0,1,13,31088,6,1,0,0,3,0,72,999,98,0,0,0,0,0,0,0,0,0,0,0,0,0,2,2,45,1,1,8,1,0,0,1,80,1,1,1,13,0,0
12,120846,1,2,1,7,6,12,55,12,6,1,0,12,1,7,472,7472,30,2006,1D7HE48N56S6,1,D,7,H,E,4,8,N,5,6,S,6,0,T,DODG,DQS,CW,6,17,,2,0,1309,DAK,G,,,8,287,,,,B,4259,00,E,42,0,0,000000000,00000000000,0,0,0,1,0,0,0,0,0,0,0,5,0,0,0,12,12,4,1,12,0,0,0,1,12,34479,6,1,0,0,3,0,62,999,0,0,0,0,0,0,0,0,0,0,38,0,0,0,1,2,35,1,1,8,1,20,3,1,17,1,1,1,86,0,0
12,120846,2,2,1,7,6,12,55,12,6,1,0,12,1,53,703,53703,80,2004,VTTNJ48A0421,V,T,T,N,J,4,8,A,0,4,2,1,0,M,SUZI,GZ2,RS,4,17,,,,,,,249,,1,,4,302,,,,,,,0,0,000000000,00000000000,0,0,0,1,0,0,0,0,0,0,0,10,0,0,0,3,3,6,2,12,0,0,0,1,12,34479,6,1,0,0,3,0,71,999,0,0,0,0,0,0,0,0,0,0,0,0,0,0,1,2,35,1,1,8,1,20,3,1,66,1,1,1,87,1,0
12,120847,1,3,2,8,6,16,12,12,1,1,0,12,1,37,31,37031,4,2010,2HGFA1F57AH3,2,H,G,F,A,1,F,5,7,A,H,3,0,P,HOND,UCL,4D,10,17,2754,,0,1063,,G,,F,4,110,,,16R205,,,,,,0,0,000000000,00000000000,0,0,0,1,0,0,0,0,0,0,0,65,0,0,0,6,6,6,2,12,0,0,0,1,12,32539,6,1,0,0,3,0,63,999,0,0,0,0,0,0,0,0,0,0,36,0,0,0,2,2,65,1,1,8,1,0,0,1,10,1,1,4,64,1,1
12,120847,2,3,1,8,6,16,12,12,1,1,0,12,2,12,422,12422,15,2005,1FMPU15565LA,1,F,M,P,U,1,5,5,6,5,L,A,0,P,FORD,EPT,UT,5,17,5352,,0,1191,,G,,F,8,330,,,17R265,,,,,,0,0,000000000,00000000000,0,0,0,1,0,0,0,0,0,0,0,65,0,0,0,12,12,6,2,12,0,0,0,1,12,33542,6,1,0,0,3,3,65,999,0,0,0,0,0,0,0,0,0,0,0,0,0,0,2,2,65,1,1,8,1,0,0,1,62,1,1,1,65,0,0
12,120847,3,3,1,8,6,16,12,12,1,1,0,12,2,35,47,35047,4,2008,1N4AL21E78N5,1,N,4,A,L,2,1,E,7,8,N,5,0,P,NISS,ATS,4D,8,17,3028,,0,1093,,G,,F,4,153,,,16R215,,,,,,0,0,000000000,00000000000,0,0,0,1,0,0,0,0,0,0,0,65,0,0,0,12,12,6,2,12,0,0,0,1,12,32547,6,1,0,0,3,0,64,999,0,0,0,3,0,10,2008,3,2010,0,0,0,0,0,2,2,65,1,1,8,1,0,0,1,62,1,1,1,98,0,0
12,120848,1,1,1,9,6,23,15,42,0,1,0,12,2,20,481,20481,31,1992,1GCCS14R9N81,1,G,C,C,S,1,4,R,9,N,8,1,0,T,CHEV,S14,PK,92,17,,1,1179,1083,S,G,,,6,173,,,,B,2645,01,,42,0,0,000000000,00000000000,0,0,0,1,0,0,0,0,0,0,0,40,0,0,0,12,12,6,2,42,0,0,0,1,12,32667,6,1,0,0,3,0,69,999,0,1,0,2,0,9,2008,10,2009,0,36,0,0,0,1,2,30,1,1,8,1,0,0,1,13,1,1,4,1,1,0