STATE,ST_CASE,VEH_NO,VE_FORMS,NUMOCCS,DAY,MONTH,HOUR,MINUTE,HARM_EV,MAN_COLL,UNITTYPE,HIT_RUN,REG_STAT,OWNER,MAKE,MODEL,MAK_MOD,BODY_TYP,MOD_YEAR,VIN,VIN_1,VIN_2,VIN_3,VIN_4,VIN_5,VIN_6,VIN_7,VIN_8,VIN_9,VIN_10,VIN_11,VIN_12,TOW_VEH,VINTYPE,VINMAKE,VINA_MOD,VIN_BT,VINMODYR,VIN_LNGT,VIN_WGT,WGTCD_TR,WHLBS_LG,WHLBS_SH,SER_TR,FUELCODE,MCYCL_DS,CARBUR,CYLINDER,DISPLACE,MCYCL_CY,MCYCL_WT,TIRE_SZE,TON_RAT,TRK_WT,TRKWTVAR,VIN_REST,WHLDRWHL,J_KNIFE,MCARR_I1,MCARR_I2,MCARR_ID,GVWR,V_CONFIG,CARGO_BT,HAZ_INV,HAZ_PLAC,HAZ_ID,HAZ_CNO,HAZ_REL,BUS_USE,SPEC_USE,EMER_USE,TRAV_SP,UNDERIDE,ROLLOVER,ROLINLOC,IMPACT1,IMPACT2,DEFORMED,TOWED,M_HARM,VEH_SC1,VEH_SC2,FIRE_EXP,DR_PRES,L_STATE,DR_ZIP,L_STATUS,L_TYPE,CDL_STAT,L_ENDORS,L_COMPL,L_RESTRI,DR_HGT,DR_WGT,PREV_ACC,PREV_SUS,PREV_DWI,PREV_SPD,PREV_OTH,FIRST_MO,FIRST_YR,LAST_MO,LAST_YR,SPEEDREL,DR_SF1,DR_SF2,DR_SF3,DR_SF4,VTRAFWAY,VNUM_LAN,VSPD_LIM,VALIGN,VPROFILE,VPAVETYP,VSURCOND,VTRAFCON,VTCONT_F,P_CRASH1,P_CRASH2,P_CRASH3,PCRASH4,PCRASH5,ACC_TYPE,DEATHS,DR_DRINK
12,120916,1,3,1,21,6,1,22,12,1,1,0,12,1,59,35,59035,4,2001,JTHBD1829100,J,T,H,B,D,1,8,2,9,1,0,0,0,P,LEXS,IS3,4D,1,17,3270,,0,1051,,G,,F,6,183,,,16R205,,,,,,0,0,000000000,00000000000,0,0,0,1,0,0,0,0,0,0,0,100,0,0,0,12,12,6,2,25,0,0,0,1,12,32763,6,1,0,0,3,3,70,999,0,1,0,2,0,4,2010,12,2010,1,0,0,0,0,3,3,65,1,6,8,1,0,0,1,51,1,1,1,24,0,1
12,120916,2,3,1,21,6,1,22,12,1,1,0,12,1,2,403,2403,14,1994,1J4FY19P9RP4,1,J,4,F,Y,1,9,P,9,R,P,4,0,T,JEEP,W/S,2W,94,17,,1,0,934,W/Y,G,,,4,150,,,,,2870,00,A,44,0,0,000000000,00000000000,0,0,0,1,0,0,0,0,0,0,0,65,0,1,1,6,6,6,2,1,0,0,0,1,12,32127,6,1,0,0,3,0,68,999,0,0,0,0,0,0,0,0,0,0,0,0,0,0,3,3,65,1,6,8,1,0,0,1,53,1,1,1,25,1,1
12,120916,3,3,1,21,6,1,22,12,1,1,0,12,1,18,441,18441,20,2006,4GLDV13136D2,4,G,L,D,V,1,3,1,3,6,D,2,0,T,BUIC,INC,EC,6,17,,1,0,1211,TER,G,,,6,238,,,,B,4470,00,E,42,0,0,000000000,00000000000,0,0,0,1,0,0,0,0,0,0,0,70,0,0,0,12,12,6,2,12,0,0,0,1,12,32725,6,1,0,0,3,0,43,999,0,0,0,0,0,0,0,0,0,0,0,0,0,0,3,3,65,1,6,8,1,0,0,1,51,1,1,1,98,0,0
12,120917,1,3,1,21,6,21,20,12,1,1,0,12,2,30,40,30040,4,2007,3VWEF71KX7M0,3,V,W,E,F,7,1,K,X,7,M,0,0,P,VOLK,JWE,4D,7,17,3290,,0,1015,,G,,F,5,151,,,16R205,,,,,,0,0,000000000,00000000000,0,0,0,1,0,0,0,0,0,0,0,100,0,1,1,12,12,6,2,24,0,0,0,1,12,32003,6,1,0,0,3,0,69,999,0,0,0,1,0,2,2009,2,2009,0,36,0,0,0,3,3,65,1,1,8,1,0,0,1,51,1,1,1,24,0,1
12,120917,2,3,6,21,6,21,20,12,1,1,0,12,1,20,431,20431,16,1999,3GNEC16RXXG1,3,G,N,E,C,1,6,R,X,X,G,1,0,P,CHEV,C15,UT,99,17,4825,,0,1315,,G,,F,8,350,,,15R235,,,,,,0,0,000000000,00000000000,0,0,0,1,0,0,0,0,0,0,0,65,0,0,0,6,6,6,2,24,0,0,0,1,12,33167,6,1,6,0,3,0,61,999,0,0,0,0,0,0,0,0,0,0,0,0,0,0,3,3,65,1,1,8,1,0,0,1,53,1,1,1,25,2,0
12,120917,3,3,4,21,6,21,20,12,1,1,0,12,1,37,31,37031,4,2006,1HGFA16896L0,1,H,G,F,A,1,6,8,9,6,L,0,0,P,HOND,UAX,4D,6,17,2804,,0,1063,,G,,F,4,110,,,16R205,,,,,,0,0,000000000,00000000000,0,0,0,1,0,0,0,0,0,0,0,65,0,0,0,14,14,4,8,54,0,0,0,1,12,32082,6,1,0,0,3,0,67,999,0,3,0,3,0,7,2008,11,2009,0,0,0,0,0,3,3,65,1,1,8,1,0,0,1,98,1,1,1,98,0,0
12,120918,1,1,2,22,6,17,29,8,0,1,0,12,2,20,481,20481,31,1990,1GCDC14HXLZ1,1,G,C,D,C,1,4,H,X,L,Z,1,0,T,CHEV,GC1,PK,90,17,,1,1415,1175,GM4,G,,,8,305,,,,B,3717,07,,42,0,0,000000000,00000000000,0,0,0,1,0,0,0,0,0,0,0,40,0,0,0,12,12,4,1,8,0,0,0,1,12,33755,6,1,0,0,3,0,67,999,0,0,0,0,1,7,2008,7,2008,0,0,0,0,0,2,2,40,1,1,8,1,0,0,1,80,1,1,1,13,0,0
12,120919,1,1,3,23,6,13,24,42,0,1,0,12,1,18,401,18401,14,2003,3G5DB03E13S5,3,G,5,D,B,0,3,E,1,3,S,5,0,P,BUIC,RZV,UT,3,17,4024,,0,1122,,G,,F,6,204,,,16R215,,,,,,0,0,000000000,00000000000,0,0,0,1,0,0,0,0,0,0,0,70,0,0,0,12,12,6,2,42,0,0,0,1,12,34950,6,1,0,0,3,3,62,999,0,1,0,0,0,1,2010,1,2010,0,28,36,0,0,2,2,70,1,1,8,1,0,0,1,13,1,1,4,1,1,0
12,120920,1,2,1,23,6,21,25,12,2,1,0,12,1,20,2,20002,4,2003,2G1WH52K7391,2,G,1,W,H,5,2,K,7,3,9,1,0,P,CHEV,IPL,4D,3,17,3466,,0,1105,,G,,F,6,231,,,16R225,,,,,,0,0,000000000,00000000000,0,0,0,1,0,0,0,0,0,0,0,55,0,0,0,12,12,6,2,12,0,0,0,1,12,33404,1,1,0,0,2,0,72,999,0,4,1,0,0,11,2009,3,2011,0,51,0,0,0,2,2,55,1,1,8,1,0,0,1,54,1,1,1,52,1,1
12,120920,2,2,1,23,6,21,25,12,2,1,0,12,2,12,471,12471,30,1996,1FTCR10A5TUB,1,F,T,C,R,1,0,A,5,T,U,B,0,T,FORD,RNG,PK,96,17,,1,1140,1080,RNG,G,,,4,140,,,,B,2961,00,B,42,0,0,000000000,00000000000,0,0,0,1,0,0,0,0,0,0,0,55,0,0,0,12,12,6,2,12,0,0,0,1,12,34997,6,1,0,0,3,0,61,999,0,0,0,0,0,0,0,0,0,0,0,0,0,0,2,2,55,1,1,8,1,0,0,1,54,1,1,1,52,1,0
12,120921,1,2,2,23,6,11,35,12,6,1,0,12,1,49,402,49402,14,2011,2T3ZF4DV2BW0,2,T,3,Z,F,4,D,V,2,B,W,0,0,P,TOYT,RG4,UT,11,17,3300,,0,0,,G,,F,4,153,,,000000,,,,,,0,0,000000000,00000000000,0,0,0,1,0,0,0,0,0,0,0,20,0,0,0,10,10,6,2,12,0,0,0,1,12,33064,6,1,0,0,3,0,66,999,0,0,0,0,0,0,0,0,0,0,48,0,0,0,3,2,45,1,1,8,1,0,0,11,15,1,1,1,72,1,0
12,120921,2,2,1,23,6,11,35,12,6,1,0,12,1,85,881,85881,63,1992,1XKADR9X3NS5,1,X,K,A,D,R,9,X,3,N,S,5,0,T,KW,T60,TR,92,17,,8,2600,1600,CON,D,,,6,774,,,,,00000,00,,64,0,12,1889895,121889895,3,2,4,1,0,0,0,0,0,0,0,45,0,1,5,12,12,6,2,12,0,0,0,1,12,33037,6,1,6,3,3,3,69,999,0,0,0,0,0,0,0,0,0,0,0,0,0,0,3,2,45,1,1,8,1,0,0,1,61,1,1,1,73,0,0
12,120922,1,1,2,23,6,1,9,21,0,1,0,12,2,49,401,49401,14,2005,JTEZU17R8580,J,T,E,Z,U,1,7,R,8,5,8,0,0,P,TOYT,RUN,UT,5,17,4090,,0,1098,,G,,F,6,244,,,17R265,,,,,,0,0,000000000,00000000000,0,0,0,1,0,0,0,0,0,0,0,65,0,1,5,12,82,6,2,21,0,0,1,1,12,33487,6,1,0,0,3,0,64,999,0,0,0,0,0,0,0,0,0,0,36,0,0,0,3,5,65,1,1,8,1,0,0,1,13,1,1,4,1,2,1
12,120923,1,1,2,24,6,1,45,42,0,1,0,12,2,23,401,23401,14,2005,1GKES16S4561,1,G,K,E,S,1,6,S,4,5,6,1,0,T,GMC,EXL,4W,5,17,,2,0,1290,ENV,G,,,6,256,,,,B,4773,00,E,42,0,0,000000000,00000000000,0,0,0,1,0,0,0,0,0,0,0,65,0,0,0,9,9,6,2,42,0,0,0,1,12,32177,6,1,0,0,3,0,76,999,0,1,0,2,0,3,2009,2,2010,0,28,8,0,0,1,2,35,1,1,8,1,98,8,1,13,7,3,4,2,1,1
12,120924,1,1,2,25,6,21,25,42,0,1,0,12,2,12,481,12481,31,2008,1FTPW14VX8FA,1,F,T,P,W,1,4,V,X,8,F,A,0,T,FORD,F1S,CW,8,17,,2,1500,1390,COF,F,,,8,329,,,,B,5361,01,E,44,0,0,000000000,00000000000,0,0,0,1,0,0,0,0,0,0,0,45,0,0,0,61,61,6,2,42,0,0,1,1,12,33430,6,1,0,0,3,0,66,999,0,1,0,4,1,1,2009,12,2010,0,36,0,0,0,5,2,45,1,1,8,1,98,8,1,13,1,2,4,1,2,1
12,120925,1,1,1,25,6,16,8,5,0,1,0,12,2,73,706,73706,80,2004,JKBVNAE184A1,J,K,B,V,N,A,E,1,8,4,A,1,0,M,KAWK,V5E,RS,4,17,,,,,,,1500,,2,,4,644,,,,,,,0,0,000000000,00000000000,0,0,0,1,0,0,0,0,0,0,0,30,0,0,0,0,9,6,2,24,0,0,0,1,12,71118,6,1,0,0,3,0,71,999,0,0,0,1,0,7,2010,7,2010,0,36,0,0,0,1,2,30,1,5,8,1,3,3,1,98,1,1,1,0,1,1
12,120926,1,2,1,26,6,10,40,12,1,1,0,12,1,71,706,71706,80,2011,ZDM11BEW9BB0,Z,D,M,1,1,B,E,W,9,B,B,0,0,M,DUCA,,,11,17,,,,,,,,,,,,,,,,,,,0,0,000000000,00000000000,0,0,0,1,0,0,0,0,0,0,0,65,0,0,0,12,12,6,2,1,0,0,0,1,12,32720,6,1,0,0,3,3,67,999,0,0,0,0,1,9,2009,9,2009,0,36,0,0,0,2,2,65,1,1,8,1,0,0,1,51,1,1,1,24,1,0
12,120926,2,2,2,26,6,10,40,12,1,1,0,12,1,98,850,98850,73,2002,5B4MP67G1233,5,B,4,M,P,6,7,G,1,2,3,3,0,U,,,,2,17,,,,,,,,,,,,,,,,,,,0,0,000000000,00000000000,0,0,0,1,0,0,0,0,0,0,0,65,0,0,0,6,6,2,1,12,0,0,0,1,12,32903,6,1,0,0,3,3,73,999,0,0,0,0,0,0,0,0,0,0,0,0,0,0,2,2,65,1,1,8,1,0,0,1,53,1,1,1,25,0,0
12,120927,1,2,3,26,6,1,43,12,6,1,0,12,2,19,17,19017,4,2000,W06VR54R0YR1,W,0,6,V,R,5,4,R,0,Y,R,1,0,P,CADI,CTR,4D,0,17,3770,,0,1075,,G,,F,6,181,,,16R225,,,,,,0,0,000000000,00000000000,0,0,0,1,0,0,0,0,0,0,0,100,0,0,0,63,63,6,2,12,0,0,0,1,12,32117,1,1,0,0,2,0,70,999,0,5,0,2,1,8,2009,2,2011,1,36,28,0,0,5,4,45,1,1,8,1,0,0,1,10,1,1,2,64,1,0
12,120927,2,2,4,26,6,1,43,12,6,1,0,12,2,35,472,35472,30,2001,1N6MD27T11C3,1,N,6,M,D,2,7,T,1,1,C,3,0,T,NISS,CSC,CW,1,17,,1,0,1161,FRT,G,,,6,201,,,,B,3770,00,U,42,0,0,000000000,00000000000,0,0,0,1,0,0,0,0,0,0,0,30,0,0,0,12,12,6,2,12,0,0,0,1,12,32129,6,1,0,0,3,3,61,999,0,0,0,0,0,0,0,0,0,0,0,0,0,0,5,4,45,1,1,8,1,0,0,1,62,1,1,1,65,0,0
12,120928,1,2,2,26,6,12,15,12,6,1,0,1,1,12,481,12481,31,1997,1FTDX172XVNC,1,F,T,D,X,1,7,2,X,V,N,C,0,T,FORD,F15,3C,97,17,,1,1570,1390,COF,G,,,6,256,,,,B,4045,03,E,42,0,0,000000000,00000000000,0,0,0,1,0,0,0,0,0,0,0,10,0,0,0,11,11,2,3,12,0,0,0,1,1,36442,6,1,0,0,3,3,70,200,0,1,0,7,0,10,2008,6,2011,0,38,0,0,0,1,2,55,1,6,8,1,0,0,12,98,1,1,7,98,0,0
12,120928,2,2,4,26,6,12,15,12,6,1,0,12,2,12,401,12401,14,2004,1FMZU63K14UA,1,F,M,Z,U,6,3,K,1,4,U,A,0,P,FORD,EPR,UT,4,17,4094,,0,1137,,F,,F,6,245,,,16R235,,,,,,0,0,000000000,00000000000,0,0,0,1,0,0,0,0,0,0,0,55,0,1,5,1,1,6,2,1,0,0,0,1,12,32433,6,1,0,0,3,0,70,999,0,0,0,1,0,9,2010,9,2010,0,0,0,0,0,1,2,55,1,6,8,1,0,0,1,64,1,1,1,98,1,0
12,120930,1,1,1,28,6,3,40,31,0,1,0,12,1,37,31,37031,2,1995,1HGEJ2123SL0,1,H,G,E,J,2,1,2,3,S,L,0,0,P,HOND,CID,CP,95,17,2168,,0,1032,,G,,F,4,091,,,13R175,,,,,,0,0,000000000,00000000000,0,0,0,1,0,0,0,0,0,0,0,70,0,0,0,10,10,6,2,31,0,0,0,1,12,33549,6,1,0,0,3,0,74,999,0,2,0,1,1,4,2009,5,2011,0,36,0,0,0,3,2,70,1,1,8,2,0,0,1,13,1,1,4,1,1,0
12,120931,1,2,2,28,6,9,45,12,6,1,0,12,2,37,31,37031,4,2011,19XFA1F5XBE0,1,9,X,F,A,1,F,5,X,B,E,0,0,P,HOND,UCL,4D,11,17,2754,,0,1063,,G,,F,4,110,,,16R205,,,,,,0,0,000000000,00000000000,0,0,0,1,0,0,0,0,0,0,0,55,0,0,0,12,12,6,2,12,0,0,0,1,12,34234,6,1,0,0,3,3,60,999,0,1,0,0,0,4,2009,4,2009,0,39,0,0,0,2,2,55,1,1,8,1,3,3,1,17,1,1,1,88,0,0
12,120931,2,2,2,28,6,9,45,12,6,1,0,12,3,20,444,20444,20,2007,1GNDV23117D1,1,G,N,D,V,2,3,1,1,7,D,1,0,T,CHEV,DLS,ES,7,17,,1,0,1211,UPL,G,,,6,238,,,,,4233,00,,42,0,0,000000000,00000000000,0,0,0,1,0,0,0,0,0,0,0,20,0,0,0,9,9,6,2,12,0,0,0,1,12,34205,6,1,0,0,3,3,72,999,0,0,0,0,0,0,0,0,0,0,0,0,0,0,5,2,30,1,1,8,1,3,3,1,66,1,1,1,89,1,0
12,120932,1,1,1,28,6,22,32,8,0,1,0,12,1,13,12,13012,4,2000,1LNHM86S4YY7,1,L,N,H,M,8,6,S,4,Y,Y,7,0,P,LINC,LLS,4D,0,17,3546,,0,1145,,G,,F,6,182,,,16R215,,,,,,0,0,000000000,00000000000,0,0,0,1,0,0,0,0,0,0,0,55,0,0,0,12,12,6,2,8,0,0,0,1,12,32713,6,1,0,0,3,3,71,999,0,0,0,0,1,7,2010,7,2010,0,0,0,0,0,3,4,65,1,1,8,1,0,0,1,52,7,1,2,13,0,0
12,120933,1,1,1,28,6,23,15,24,0,1,0,12,1,12,481,12481,31,2005,1FTPW12595KD,1,F,T,P,W,1,2,5,9,5,K,D,0,T,FORD,F1S,CW,5,17,,2,1450,1260,COF,G,,,8,330,,,,B,5281,00,U,42,0,0,000000000,00000000000,0,0,0,1,0,0,0,0,0,0,0,65,0,0,0,12,12,6,2,24,0,0,0,1,12,32736,6,1,0,0,3,0,70,999,0,0,0,1,2,2,2009,10,2009,1,0,0,0,0,1,2,45,3,6,8,2,28,3,14,13,1,1,4,1,1,1
12,120934,1,1,2,28,6,17,30,42,0,1,0,1,1,6,51,6051,4,1999,2C3HE66G5XH1,2,C,3,H,E,6,6,G,5,X,H,1,0,P,CHRY,30M,4D,99,17,3474,,0,1130,,G,,F,6,215,,,17R225,,,,,,0,0,000000000,00000000000,0,0,0,1,0,0,0,0,0,0,0,55,0,0,0,12,12,6,2,42,0,0,0,1,20,66442,6,1,0,0,3,3,61,145,0,0,0,1,0,11,2010,11,2010,0,36,0,0,0,1,2,55,3,6,8,2,0,0,14,12,1,1,4,6,1,1
12,120935,1,2,4,29,6,20,23,12,6,1,0,12,3,12,881,12881,61,2004,1FDWX36S74ED,1,F,D,W,X,3,6,S,7,4,E,D,0,T,FORD,F3D,4B,4,17,,3,0,1620,DRW,G,,,10,415,,,,D,00000,00,E,42,0,88,888888888,88888888888,2,2,97,1,0,0,0,0,0,7,1,20,0,0,0,2,2,4,3,12,0,0,0,1,12,32333,6,1,0,0,3,0,71,999,0,0,0,0,0,0,0,0,0,0,0,0,0,0,2,2,45,1,1,8,1,3,3,1,17,1,1,1,83,0,0
12,120935,2,2,1,29,6,20,23,12,6,1,0,12,9,76,706,76706,80,2008,JYARN20E38A0,J,Y,A,R,N,2,0,E,3,8,A,0,0,M,YAMA,YFR,RC,8,17,,,,,,,998,,4,,4,390,,,,,,,0,0,000000000,00000000000,0,0,0,1,0,0,0,0,0,0,0,45,0,0,0,12,12,6,2,12,0,0,0,1,12,32304,6,1,0,0,3,0,72,999,0,1,0,1,0,8,2008,2,2009,0,38,0,0,0,1,2,35,1,6,8,1,3,3,11,67,1,1,1,82,1,0
12,120936,1,2,2,29,6,12,35,12,6,1,0,12,1,22,441,22441,20,2004,1GMDX03E44D2,1,G,M,D,X,0,3,E,4,4,D,2,1,T,PONT,MON,ES,4,17,,1,0,1200,MON,G,,,6,207,,,,B,3942,00,K,42,1,0,000000000,00000000000,0,0,0,1,0,0,0,0,0,0,0,70,0,1,5,83,12,6,2,1,0,0,0,1,12,34610,6,1,0,0,3,3,70,999,0,0,0,0,0,0,0,0,0,0,36,58,0,0,2,3,70,3,6,8,1,0,0,15,11,1,4,2,46,2,0
12,120936,2,2,1,29,6,12,35,12,6,1,0,12,2,23,481,23481,31,2007,2GTEC13JX715,2,G,T,E,C,1,3,J,X,7,1,5,0,T,GMC,NC1,CW,7,17,,2,0,1435,SIE,G,,,8,323,,,,B,5142,00,4,42,0,0,000000000,00000000000,0,0,0,1,0,0,0,0,0,0,0,65,0,0,0,12,12,4,3,12,0,0,0,1,12,32025,6,1,0,0,3,2,72,999,1,0,0,0,1,10,2009,12,2009,0,74,0,0,0,2,3,70,3,6,8,1,0,0,15,61,1,1,1,45,0,0
12,120937,1,1,1,30,6,5,39,8,0,1,0,12,1,20,481,20481,31,2006,2GCEC13TX612,2,G,C,E,C,1,3,T,X,6,1,2,0,T,CHEV,SC1,CW,6,17,,2,0,1435,SIL,G,,,8,323,,,,B,4987,00,,42,0,0,000000000,00000000000,0,0,0,1,0,0,0,0,0,0,0,55,0,0,0,12,12,4,8,8,0,0,0,1,12,33018,6,1,6,0,3,0,71,999,1,0,0,0,0,6,2009,6,2009,0,0,0,0,0,2,2,55,1,6,8,1,0,0,1,80,1,1,1,13,0,0
12,120938,1,2,1,30,6,21,13,12,6,1,0,12,1,72,706,72706,80,2007,1HD1FC4147Y6,1,H,D,1,F,C,4,1,4,7,Y,6,0,M,HD,FLU,RS,7,17,,,,,,,1584,,2,,4,808,,,,,,,0,0,000000000,00000000000,0,0,0,1,0,0,0,0,0,0,0,50,0,0,0,12,12,6,2,12,0,0,0,1,12,33569,6,1,0,0,3,3,71,999,0,0,0,0,0,0,0,0,0,0,39,0,0,0,2,3,50,1,1,8,2,3,3,1,17,1,1,1,83,1,1
12,120938,2,2,1,30,6,21,13,12,6,1,0,12,2,12,3,12003,2,2005,1ZVFT80N1551,1,Z,V,F,T,8,0,N,1,5,5,1,0,P,FORD,MUS,CP,5,17,3300,,0,1071,,G,,F,6,244,,,16R215,,,,,,0,0,000000000,00000000000,0,0,0,1,0,0,0,0,0,0,0,10,0,0,0,11,11,6,2,12,0,0,0,1,12,33511,6,1,0,0,3,0,64,999,0,0,0,0,0,0,0,0,0,0,0,0,0,0,2,2,35,1,1,8,2,3,3,11,66,1,1,1,82,0,0
12,120939,1,1,1,6,3,19,5,33,0,1,0,12,1,53,709,53709,80,2005,KM4MJ5255512,K,M,4,M,J,5,2,5,5,5,1,2,0,M,HYOS,GV2,RS,5,17,,,,,,,249,,2,,4,341,,,,,,,0,0,000000000,00000000000,0,0,0,1,0,0,0,0,0,0,0,40,0,0,0,12,81,6,2,1,0,0,0,1,12,33032,6,1,0,0,3,3,67,999,0,1,0,0,1,4,2009,10,2009,0,36,0,0,0,1,2,40,1,1,8,1,3,3,1,13,1,1,4,1,1,0
12,120940,1,1,2,21,3,4,17,42,0,1,0,12,2,30,40,30040,4,2009,3VWRM71K69M0,3,V,W,R,M,7,1,K,6,9,M,0,0,P,VOLK,JSE,4D,9,17,3230,,0,1015,,G,,F,5,151,,,16R205,,,,,,0,0,000000000,00000000000,0,0,0,1,0,0,0,0,0,0,0,998,0,0,0,12,98,6,2,42,0,0,0,1,12,33018,6,1,0,0,3,0,70,999,0,0,0,0,0,0,0,0,0,0,0,0,0,0,2,3,40,2,1,8,2,0,0,14,12,1,1,4,6,2,0
12,120941,1,1,1,28,3,17,26,15,0,1,0,12,1,87,881,87881,66,1997,1NP5DR9X5VN4,1,N,P,5,D,R,9,X,5,V,N,4,1,T,PTRB,379,TR,97,17,,8,0,0,CON,D,,,6,774,,,,,00000,00,,64,1,77,777777777,77777777777,3,6,6,1,0,0,0,0,0,0,0,999,0,0,0,1,1,4,1,15,0,0,0,1,12,33013,6,1,6,0,3,0,65,999,0,2,0,0,0,4,2010,4,2010,0,0,0,0,0,3,2,35,1,1,8,1,3,3,10,83,1,1,1,13,0,0
12,120942,1,2,1,7,4,2,1,12,1,1,0,99,9,53,705,53705,80,2002,JS1GR7HA7221,J,S,1,G,R,7,H,A,7,2,2,1,0,M,SUZI,SX7,RC,2,17,,,,,,,749,,4,,4,365,,,,,,,0,0,000000000,00000000000,0,0,0,1,0,0,0,0,0,0,0,100,0,0,0,12,12,6,2,12,0,0,0,1,12,33559,6,1,0,0,3,0,67,999,0,0,0,0,0,0,0,0,0,1,36,0,0,0,1,2,40,1,1,8,1,0,0,1,51,1,1,1,24,1,0
12,120942,2,2,1,7,4,2,1,12,1,1,0,12,1,41,471,41471,30,1999,4F4YR16C4XTM,4,F,4,Y,R,1,6,C,4,X,T,M,0,T,MAZD,5CP,PC,99,17,,1,0,1257,B25,G,,,4,152,,,,,00000,00,U,42,0,0,000000000,00000000000,0,0,0,1,0,0,0,0,0,0,0,30,0,0,0,6,6,6,2,12,0,0,0,1,12,33614,6,1,0,0,3,0,62,999,0,4,0,1,0,9,2008,5,2010,0,0,0,0,0,1,2,40,1,1,8,1,0,0,1,53,1,1,1,25,0,0
12,120944,1,2,1,13,4,11,30,12,6,1,1,12,1,18,7,18007,4,2000,2G4WS52J9Y11,2,G,4,W,S,5,2,J,9,Y,1,1,0,P,BUIC,CCU,4D,0,17,3368,,0,1090,,G,,F,6,191,,,15R205,,,,,,0,0,000000000,00000000000,0,0,0,1,0,0,0,0,0,0,0,10,0,0,0,61,61,4,1,12,0,0,0,1,12,32822,6,1,0,0,3,0,61,999,0,0,0,0,0,0,0,0,0,0,39,0,0,0,1,2,30,3,6,8,1,20,3,11,15,99,1,1,82,0,0
12,120944,2,2,1,13,4,11,30,12,6,1,0,12,1,76,705,76705,80,2007,JYARJ06E47A0,J,Y,A,R,J,0,6,E,4,7,A,0,0,M,YAMA,F6S,RC,7,17,,,,,,,600,,4,,4,357,,,,,,,0,0,000000000,00000000000,0,0,0,1,0,0,0,0,0,0,0,40,0,0,0,12,12,6,2,12,0,0,0,1,12,32209,6,1,0,0,3,0,65,999,0,0,0,0,0,0,0,0,0,0,0,0,0,0,1,4,45,1,1,8,1,0,0,1,67,1,1,1,83,1,0
12,120945,1,1,2,14,4,21,20,8,0,1,0,12,1,35,47,35047,4,2000,1N4DL01D6YC2,1,N,4,D,L,0,1,D,6,Y,C,2,0,P,NISS,AGS,4D,0,17,2754,,0,1031,,G,,F,4,146,,,15R195,,,,,,0,0,000000000,00000000000,0,0,0,1,0,0,0,0,0,0,0,20,0,0,0,12,12,4,1,8,0,0,0,1,12,33168,6,1,0,0,3,3,72,999,0,0,0,0,0,0,0,0,0,0,0,0,0,0,2,2,30,1,1,8,1,3,3,1,80,1,1,1,13,0,0
12,120946,1,2,1,15,4,22,19,12,6,1,0,12,2,54,37,54037,2,1997,19UYA1256VL0,1,9,U,Y,A,1,2,5,6,V,L,0,0,P,ACUR,22C,CP,97,17,3018,,0,1069,,G,,F,4,132,,,16R205,,,,,,0,0,000000000,00000000000,0,0,0,1,0,0,0,0,0,0,0,40,0,0,0,11,11,6,2,12,0,0,0,1,12,32250,6,1,0,0,3,0,66,999,0,0,0,0,0,0,0,0,0,0,36,28,0,0,2,2,35,2,1,8,1,0,0,14,10,1,1,2,45,1,1
12,120946,2,2,1,15,4,22,19,12,6,1,0,12,1,23,421,23421,15,2004,1GKEC13Z04R1,1,G,K,E,C,1,3,Z,0,4,R,1,0,T,GMC,YUK,4W,4,17,,2,0,1160,YUK,F,,,8,325,,,,B,5042,00,4,42,0,0,000000000,00000000000,0,0,0,1,0,0,0,0,0,0,0,35,0,0,0,2,2,2,1,12,0,0,0,1,12,32254,6,1,0,0,3,0,63,999,0,0,0,0,0,0,0,0,0,0,0,0,0,0,2,2,35,2,1,8,1,0,0,14,61,1,1,1,44,0,0
12,120947,1,1,2,16,4,12,0,8,0,1,0,12,2,49,40,49040,4,2003,4T1BF32K53U0,4,T,1,B,F,3,2,K,5,3,U,0,0,P,TOYT,UXS,4D,3,17,3203,,0,1071,,G,,F,6,183,,,15R205,,,,,,0,0,000000000,00000000000,0,0,0,1,0,0,0,0,0,0,0,43,0,0,0,11,11,6,2,8,0,0,0,1,12,33328,6,1,0,0,3,3,68,999,1,0,0,0,0,3,2010,3,2010,0,0,0,0,0,4,3,30,1,1,8,1,0,0,1,80,1,1,1,13,0,0
12,120948,1,2,2,19,4,4,46,12,6,1,0,34,2,20,16,20016,4,2001,1G1JC5249172,1,G,1,J,C,5,2,4,9,1,7,2,0,P,CHEV,CAC,4D,1,17,2676,,0,1041,,C,,F,4,133,,,14R195,,,,,,0,0,000000000,00000000000,0,0,0,1,0,0,0,0,0,0,0,10,0,0,0,9,9,6,2,12,0,0,0,1,34,8876,6,1,0,0,3,3,66,999,0,0,0,0,0,0,0,0,0,0,38,0,0,0,1,2,25,1,1,8,1,20,3,11,15,1,1,1,82,1,0
12,120948,2,2,1,19,4,4,46,12,6,1,0,12,3,86,881,86881,66,1999,1M1AA18Y5XW1,1,M,1,A,A,1,8,Y,5,X,W,1,0,T,MACK,CH6,TR,99,17,,8,0,0,600,D,,,6,728,,,,,00000,00,,64,0,77,777777777,77777777777,3,19,2,1,0,0,0,0,0,0,0,40,0,0,0,12,12,4,3,12,0,0,0,1,12,33771,6,1,6,3,3,3,66,999,0,0,0,0,0,0,0,0,0,0,0,0,0,0,2,2,40,1,1,8,1,0,0,1,67,1,1,1,83,0,1