STATE,ST_CASE,VEH_NO,VE_FORMS,NUMOCCS,DAY,MONTH,HOUR,MINUTE,HARM_EV,MAN_COLL,UNITTYPE,HIT_RUN,REG_STAT,OWNER,MAKE,MODEL,MAK_MOD,BODY_TYP,MOD_YEAR,VIN,VIN_1,VIN_2,VIN_3,VIN_4,VIN_5,VIN_6,VIN_7,VIN_8,VIN_9,VIN_10,VIN_11,VIN_12,TOW_VEH,VINTYPE,VINMAKE,VINA_MOD,VIN_BT,VINMODYR,VIN_LNGT,VIN_WGT,WGTCD_TR,WHLBS_LG,WHLBS_SH,SER_TR,FUELCODE,MCYCL_DS,CARBUR,CYLINDER,DISPLACE,MCYCL_CY,MCYCL_WT,TIRE_SZE,TON_RAT,TRK_WT,TRKWTVAR,VIN_REST,WHLDRWHL,J_KNIFE,MCARR_I1,MCARR_I2,MCARR_ID,GVWR,V_CONFIG,CARGO_BT,HAZ_INV,HAZ_PLAC,HAZ_ID,HAZ_CNO,HAZ_REL,BUS_USE,SPEC_USE,EMER_USE,TRAV_SP,UNDERIDE,ROLLOVER,ROLINLOC,IMPACT1,IMPACT2,DEFORMED,TOWED,M_HARM,VEH_SC1,VEH_SC2,FIRE_EXP,DR_PRES,L_STATE,DR_ZIP,L_STATUS,L_TYPE,CDL_STAT,L_ENDORS,L_COMPL,L_RESTRI,DR_HGT,DR_WGT,PREV_ACC,PREV_SUS,PREV_DWI,PREV_SPD,PREV_OTH,FIRST_MO,FIRST_YR,LAST_MO,LAST_YR,SPEEDREL,DR_SF1,DR_SF2,DR_SF3,DR_SF4,VTRAFWAY,VNUM_LAN,VSPD_LIM,VALIGN,VPROFILE,VPAVETYP,VSURCOND,VTRAFCON,VTCONT_F,P_CRASH1,P_CRASH2,P_CRASH3,PCRASH4,PCRASH5,ACC_TYPE,DEATHS,DR_DRINK
12,120987,2,2,1,8,2,7,30,12,6,1,0,12,1,23,421,23421,15,1999,1GKEK13R1XJ7,1,G,K,E,K,1,3,R,1,X,J,7,0,T,GMC,YUK,4W,99,17,,2,0,1175,YUK,G,,,8,350,,,,B,5268,00,E,44,0,0,000000000,00000000000,0,0,0,1,0,0,0,0,0,0,0,35,0,0,0,12,99,6,2,12,0,0,0,1,12,32226,6,1,0,0,3,0,71,999,0,0,0,0,0,0,0,0,0,0,0,0,0,0,1,2,35,1,1,8,1,0,0,1,66,1,1,1,86,1,0
12,120988,1,2,1,3,3,9,48,12,1,1,0,12,1,72,706,72706,80,2002,1HD1FRW162Y6,1,H,D,1,F,R,W,1,6,2,Y,6,0,M,HD,FCI,RS,2,17,,,,,,,1450,,2,,4,710,,,,,,,0,0,000000000,00000000000,0,0,0,1,0,0,0,0,0,0,0,40,0,0,0,12,63,4,3,12,0,0,0,1,12,33755,6,1,0,0,3,3,71,999,0,0,0,0,0,0,0,0,0,0,0,0,0,0,2,2,40,1,1,8,1,0,0,1,51,3,1,1,24,1,0
12,120988,2,2,1,3,3,9,48,12,1,1,0,12,3,82,881,82881,66,2006,1FUJBBCK96LW,1,F,U,J,B,B,C,K,9,6,L,W,1,T,FRHT,ST2,TR,6,17,,8,0,0,CON,D,,,6,855,,,,,00000,00,,64,1,77,777777777,77777777777,3,6,1,1,0,0,0,0,0,0,0,5,0,0,0,6,6,4,1,12,0,0,0,1,12,33319,6,1,6,3,3,3,67,999,0,0,0,0,0,0,0,0,0,0,0,0,0,0,2,2,40,1,1,8,1,0,0,10,53,1,1,1,27,0,0
12,120989,1,3,1,3,3,9,46,12,7,1,0,12,3,20,461,20461,21,1999,1GCGG25W1X10,1,G,C,G,G,2,5,W,1,X,1,0,0,T,CHEV,EX2,CG,99,17,,2,0,1350,EXP,G,,,6,262,,,,C,4849,00,,42,0,0,000000000,00000000000,0,0,0,1,0,0,0,0,0,0,0,40,0,0,0,63,63,6,2,9,0,0,0,1,12,33715,6,1,0,0,3,0,71,999,0,0,0,0,0,0,0,0,0,0,0,0,0,0,2,2,55,1,1,8,1,0,0,15,10,8,1,2,45,0,0
12,120989,2,3,1,3,3,9,46,12,7,1,0,12,1,49,32,49032,4,1999,1NXBR12E1XZ2,1,N,X,B,R,1,2,E,1,X,Z,2,0,P,TOYT,UVL,4D,99,17,2414,,0,970,,G,,F,4,109,,,14R175,,,,,,0,0,000000000,00000000000,0,0,0,1,0,0,0,0,0,0,0,55,0,0,0,82,82,6,2,9,0,0,0,1,12,33702,6,1,6,0,3,0,71,999,0,0,0,1,1,4,2010,12,2010,0,0,0,0,0,2,2,55,1,1,8,1,0,0,1,60,1,1,1,44,0,0
12,120989,3,3,1,3,3,9,46,12,7,1,0,12,3,12,16,12016,4,2004,2FAFP74W34X1,2,F,A,F,P,7,4,W,3,4,X,1,0,P,FORD,CVL,4D,4,17,4057,,0,1147,,G,,F,8,281,,,16R225,,,,,,0,0,000000000,00000000000,0,0,0,1,0,0,0,0,0,0,0,55,0,0,0,14,99,4,9,9,0,0,0,1,12,33702,6,1,6,0,3,0,64,999,0,0,0,1,0,7,2009,7,2009,0,0,0,0,0,2,2,55,1,1,8,1,0,0,1,83,1,1,1,98,0,0
12,120990,1,1,1,6,3,21,38,18,0,1,0,12,1,12,481,12481,31,2003,1FTNX20L53EB,1,F,T,N,X,2,0,L,5,3,E,B,0,T,FORD,F2S,4C,3,17,,2,1580,1418,SRW,G,,,8,330,,,,C,5585,02,U,42,0,0,000000000,00000000000,0,0,0,1,0,0,0,0,0,0,0,999,0,1,5,12,62,6,2,1,0,0,0,1,12,33880,6,1,0,0,3,3,69,999,0,0,0,0,0,0,0,0,0,0,36,28,58,0,1,2,45,3,1,8,1,0,0,14,13,1,1,4,1,1,1
12,120991,1,2,1,8,3,13,42,12,6,1,0,12,1,35,47,35047,4,2003,1N4AL11D83C3,1,N,4,A,L,1,1,D,8,3,C,3,0,P,NISS,ABS,4D,3,17,2913,,0,1102,,G,,F,4,153,,,16R205,,,,,,0,0,000000000,00000000000,0,0,0,1,0,0,0,0,0,0,0,999,0,0,0,83,83,6,2,12,0,0,0,1,12,33068,6,1,0,0,3,0,62,999,0,0,0,0,0,0,0,0,0,0,0,0,0,0,2,3,45,2,6,8,1,0,0,14,10,1,1,6,64,1,0
12,120991,2,2,1,8,3,13,42,12,6,1,0,12,2,37,421,37421,15,2006,5FNYF28526B0,5,F,N,Y,F,2,8,5,2,6,B,0,0,P,HOND,PIL,UT,6,17,4341,,0,1063,,G,,F,6,213,,,16R235,,,,,,0,0,000000000,00000000000,0,0,0,1,0,0,0,0,0,0,0,999,0,0,0,12,12,6,2,12,0,0,0,1,12,33068,6,1,0,0,3,0,70,999,0,2,0,1,1,5,2008,11,2010,0,0,0,0,0,2,3,45,2,5,8,1,0,0,14,62,1,1,1,65,0,0
12,120992,1,1,1,10,3,13,57,42,0,1,0,29,1,49,421,49421,15,2000,JT3HT05J7Y00,J,T,3,H,T,0,5,J,7,Y,0,0,0,P,TOYT,LCW,UT,0,17,5115,,0,1122,,G,,F,8,285,,,16R275,,,,,,0,0,000000000,00000000000,0,0,0,1,0,0,0,0,0,0,0,47,0,0,0,12,12,6,2,42,0,0,0,1,29,63124,6,1,0,0,3,3,72,999,0,0,0,0,0,0,0,0,0,0,39,28,0,0,1,2,30,1,1,8,2,20,3,1,14,1,1,4,14,1,0
12,120993,1,1,1,10,3,22,2,8,0,1,0,34,1,76,705,76705,80,2008,JYARJ16E18A0,J,Y,A,R,J,1,6,E,1,8,A,0,0,M,YAMA,R6L,RC,8,17,,,,,,,599,,4,,4,366,,,,,,,0,0,000000000,00000000000,0,0,0,1,0,0,0,0,0,0,0,998,0,0,0,12,12,6,2,8,0,0,0,1,34,7203,6,1,0,0,3,0,69,999,1,0,0,0,0,8,2010,8,2010,0,0,0,0,0,2,2,45,1,1,8,1,0,0,1,80,1,1,1,13,0,0
12,120994,1,2,1,13,3,23,40,9,0,1,0,12,1,49,40,49040,4,1993,4T1SK12E6PU2,4,T,1,S,K,1,2,E,6,P,U,2,0,P,TOYT,CLE,4D,93,17,3053,,0,1031,,G,,F,4,132,,,000000,,,,,,0,0,000000000,00000000000,0,0,0,1,0,0,0,0,0,0,0,10,0,0,0,12,12,4,3,9,0,0,0,1,12,33712,6,1,0,0,3,0,64,999,0,0,0,1,0,3,2010,3,2010,0,0,0,0,0,1,2,35,1,1,8,1,3,3,1,83,1,1,1,13,0,0
12,120994,2,2,1,13,3,23,40,9,0,1,0,12,1,35,47,35047,4,2005,1N4AL11D15N4,1,N,4,A,L,1,1,D,1,5,N,4,0,P,NISS,ASL,4D,5,17,2915,,0,1102,,G,,F,4,153,,,16R215,,,,,,0,0,000000000,00000000000,0,0,0,1,0,0,0,0,0,0,0,35,0,0,0,12,12,4,3,9,0,0,0,1,12,33702,6,1,0,0,3,0,65,999,0,2,2,0,2,3,2009,12,2010,0,0,0,0,0,4,3,35,1,1,8,1,3,3,1,83,1,1,1,98,0,0
12,120995,1,1,1,18,3,2,24,8,0,1,0,12,1,20,471,20471,30,1999,1GCCS1942XK1,1,G,C,C,S,1,9,4,2,X,K,1,0,T,CHEV,S14,PC,99,17,,1,0,1229,S,G,,,4,133,,,,B,3216,00,,42,0,0,000000000,00000000000,0,0,0,1,0,0,0,0,0,0,0,25,0,0,0,12,12,6,2,8,0,0,0,1,12,33705,6,1,0,0,3,0,72,999,0,1,0,0,1,8,2008,12,2010,0,0,0,0,0,5,4,35,1,1,8,1,0,0,1,80,1,1,1,13,0,0
12,120996,1,1,1,18,3,15,32,7,0,1,0,98,3,99,998,99998,97,1999,DW5444HX5716,D,W,5,4,4,4,H,X,5,7,1,6,0,U,,,,99,14,,,,,,,,,,,,,,,,,,,0,0,000000000,00000000000,0,0,0,1,0,0,0,0,0,0,0,998,0,0,0,0,0,4,3,5,0,0,0,1,12,33843,6,1,0,0,3,0,69,999,0,1,0,0,0,12,2008,12,2008,0,0,0,0,0,1,2,45,1,1,8,1,0,0,1,98,1,1,1,0,1,0
12,120997,1,1,1,23,3,16,1,5,0,1,0,12,2,72,706,72706,80,1992,1HD1GCL2XNY3,1,H,D,1,G,C,L,2,X,N,Y,3,0,M,HD,FDC,RS,92,17,,,,,,,1340,,2,,4,598,,,,,,,0,0,000000000,00000000000,0,0,0,1,0,0,0,0,0,0,0,998,0,0,0,0,0,6,2,5,0,0,0,1,12,32934,6,1,0,0,3,3,67,999,0,2,0,0,0,12,2008,8,2010,0,0,0,0,0,1,2,98,1,1,8,1,98,8,1,98,1,1,1,0,1,0
12,120998,1,1,1,26,3,20,37,9,0,1,0,12,1,7,482,7482,31,2006,1D7HA18N66S6,1,D,7,H,A,1,8,N,6,6,S,6,0,T,DODG,SQ1,CW,6,17,,2,1405,1205,RPC,G,,,8,287,,,,B,4833,02,E,42,0,0,000000000,00000000000,0,0,0,1,0,0,0,0,0,0,0,40,0,0,0,82,82,6,2,9,0,0,0,1,12,32935,6,1,0,0,3,0,72,999,0,0,0,0,1,12,2009,12,2009,0,0,0,0,0,2,2,45,1,1,8,1,0,0,1,83,1,1,1,13,0,0
12,120999,1,1,1,30,3,6,27,8,0,1,0,48,1,63,33,63033,4,2005,KNAFE1217552,K,N,A,F,E,1,2,1,7,5,5,2,0,P,KIA,SLE,4D,5,17,2701,,0,1028,,G,,F,4,122,,,15R195,,,,,,0,0,000000000,00000000000,0,0,0,1,0,0,0,0,0,0,0,30,0,0,0,12,12,6,2,8,0,0,0,1,12,33705,6,1,0,0,3,3,70,999,0,0,0,0,0,0,0,0,0,0,0,0,0,0,1,4,35,1,1,8,1,0,0,1,80,1,1,1,13,0,0
12,121000,1,2,3,31,3,6,44,12,6,1,0,12,1,7,472,7472,30,2003,1D7HL48N93S2,1,D,7,H,L,4,8,N,9,3,S,2,0,T,DODG,DQS,CW,3,17,,2,0,1309,DAK,G,,,8,287,,,,B,4110,00,E,42,0,0,000000000,00000000000,0,0,0,1,0,0,0,0,0,0,0,5,0,0,0,61,61,6,2,12,0,0,0,1,12,33781,6,1,0,0,3,0,74,999,0,0,0,2,0,11,2008,10,2009,0,38,0,0,0,2,3,30,1,1,8,2,20,3,11,15,1,1,1,82,1,0
12,121000,2,2,1,31,3,6,44,12,6,1,0,12,1,6,442,6442,20,2003,1C8GJ25B13B1,1,C,8,G,J,2,5,B,1,3,B,1,0,P,CHRY,VOV,SV,3,17,3782,,0,1133,,G,,F,4,148,,,15R215,,,,,,0,0,000000000,00000000000,0,0,0,1,0,0,0,0,0,0,0,45,0,0,0,12,12,6,2,12,0,0,0,1,12,33714,6,1,0,0,3,0,60,999,0,2,0,0,0,9,2009,4,2010,0,0,0,0,0,2,3,45,1,1,8,2,0,0,1,67,1,1,1,83,0,0
12,121002,1,2,1,5,4,2,2,12,6,1,0,12,2,20,481,20481,31,2004,1GCEK19T94Z1,1,G,C,E,K,1,9,T,9,4,Z,1,1,T,CHEV,SK1,4C,4,17,,2,1575,1435,SIL,G,,,8,325,,,,B,4925,00,,44,1,0,000000000,00000000000,0,0,0,1,0,0,0,0,0,0,0,5,0,0,0,7,63,6,2,12,0,0,0,1,12,32909,6,1,0,0,3,0,65,999,0,1,0,2,2,2,2009,3,2011,0,31,0,0,0,1,2,40,1,1,8,1,0,0,13,98,1,1,1,92,0,0
12,121002,2,2,2,5,4,2,2,12,6,1,0,12,1,20,2,20002,4,2009,2G1WT57KX912,2,G,1,W,T,5,7,K,X,9,1,2,0,P,CHEV,ILT,4D,9,17,3555,,0,1105,,F,,F,6,214,,,16R225,,,,,,0,0,000000000,00000000000,0,0,0,1,0,0,0,0,0,0,0,100,0,0,0,1,81,6,2,12,0,0,0,1,12,32907,6,1,0,0,3,0,71,999,0,3,0,1,0,7,2008,6,2010,1,0,0,0,0,1,2,40,1,1,8,1,0,0,1,56,1,1,1,93,1,0
12,121003,1,2,1,7,4,9,45,12,6,1,0,12,1,12,3,12003,2,1999,1FAFP4043XF2,1,F,A,F,P,4,0,4,3,X,F,2,0,P,FORD,MUS,CP,99,17,3069,,0,1013,,G,,F,6,232,,,15R205,,,,,,0,0,000000000,00000000000,0,0,0,1,0,0,0,0,0,0,0,998,0,0,0,81,81,6,2,12,0,0,0,1,12,33805,6,1,0,0,3,0,68,999,0,0,0,1,0,5,2009,5,2009,0,38,0,0,0,2,2,60,1,1,8,1,0,0,11,10,1,1,1,68,1,0
12,121003,2,2,1,7,4,9,45,12,6,1,0,12,1,22,22,22022,4,2007,1G2ZG58N7741,1,G,2,Z,G,5,8,N,7,7,4,1,0,P,PONT,6BS,4D,7,17,3305,,0,1123,,G,,F,6,214,,,17R225,,,,,,0,0,000000000,00000000000,0,0,0,1,0,0,0,0,0,0,0,998,0,0,0,12,12,6,2,12,0,0,0,1,12,33596,6,1,0,0,3,3,68,999,0,2,0,3,0,6,2008,10,2010,0,0,0,0,0,2,2,60,1,1,8,1,0,0,1,62,1,1,1,69,0,0
12,121004,1,2,1,24,4,0,27,12,2,1,0,12,1,52,34,52034,4,2010,4A32B3FFXAE0,4,A,3,2,B,3,F,F,X,A,E,0,0,P,MITS,GLE,4D,10,17,3395,,0,1083,,G,,F,4,145,,,16R205,,,,,,0,0,000000000,00000000000,0,0,0,1,0,0,0,0,0,0,0,999,0,0,0,12,98,6,8,12,0,0,0,1,12,33180,6,1,0,0,3,3,68,999,0,0,0,0,1,4,2011,4,2011,0,28,51,0,0,1,2,99,1,1,8,1,0,0,15,54,1,1,2,50,0,1
12,121004,2,2,1,24,4,0,27,12,2,1,0,12,1,37,706,37706,80,1986,1HFSC1805GA1,1,H,F,S,C,1,8,0,5,G,A,1,0,M,HOND,VT1,RS,86,17,,,,,,,1100,,2,,4,540,,,,,,,0,0,000000000,00000000000,0,0,0,1,0,0,0,0,0,0,0,30,0,0,0,12,98,6,8,31,0,0,0,1,12,33009,6,1,0,0,3,0,70,999,0,1,0,0,0,12,2008,12,2008,0,0,0,0,0,1,2,35,1,1,8,1,0,0,1,54,1,1,1,51,1,0
12,121005,1,1,2,29,4,11,20,8,0,1,0,12,1,37,402,37402,14,2002,JHLRD68422C0,J,H,L,R,D,6,8,4,2,2,C,0,0,P,HOND,CRV,UT,2,17,3201,,0,1031,,G,,F,4,146,,,15R205,,,,,,0,0,000000000,00000000000,0,0,0,1,0,0,0,0,0,0,0,35,0,0,0,12,12,4,3,8,0,0,0,1,12,32754,6,1,0,0,3,0,73,999,0,1,0,1,2,9,2010,2,2011,1,0,0,0,0,2,2,45,1,1,8,1,0,0,1,80,1,1,1,13,0,1
12,121006,1,2,1,7,5,12,40,12,6,1,0,12,1,49,47,49047,6,2005,2T1KR32E85C4,2,T,1,K,R,3,2,E,8,5,C,4,0,P,TOYT,CTR,4H,5,17,2679,,0,1024,,G,,F,4,109,,,16R205,,,,,,0,0,000000000,00000000000,0,0,0,1,0,0,0,0,0,0,0,25,0,0,0,9,9,6,2,12,0,0,0,1,12,32063,6,1,0,0,3,3,69,999,0,0,0,0,0,0,0,0,0,0,39,0,0,0,1,2,25,1,1,8,1,20,3,1,17,1,1,1,89,1,0
12,121006,2,2,3,7,5,12,40,12,6,1,0,12,1,49,482,49482,31,2006,5TBJU32136S4,5,T,B,J,U,3,2,1,3,6,S,4,0,T,TOYT,TUN,PK,6,17,,1,0,1283,TUN,G,,,6,244,,,,C,3965,00,U,42,0,0,000000000,00000000000,0,0,0,1,0,0,0,0,0,0,0,35,0,0,0,12,12,6,2,12,0,0,0,1,12,32063,6,1,6,0,3,0,71,999,0,0,0,0,0,0,0,0,0,0,92,0,0,0,1,2,30,1,1,8,1,0,0,1,66,1,1,1,88,0,0
12,121007,1,1,4,31,7,22,10,8,0,1,0,12,2,49,40,49040,4,2001,4T1BG22K51U0,4,T,1,B,G,2,2,K,5,1,U,0,0,P,TOYT,CXL,4D,1,17,2998,,0,1051,,G,,F,4,132,,,15R205,,,,,,0,0,000000000,00000000000,0,0,0,1,0,0,0,0,0,0,0,40,0,0,0,12,12,4,1,8,0,0,0,1,12,32211,6,1,0,0,3,0,72,999,0,0,0,0,1,4,2009,4,2009,0,0,0,0,0,2,3,45,1,1,8,1,0,0,1,80,1,1,1,13,0,0
12,121008,1,2,2,29,5,13,5,12,6,1,0,12,1,37,32,37032,4,2000,1HGCG1658YA0,1,H,G,C,G,1,6,5,8,Y,A,0,0,P,HOND,UEX,4D,0,17,3285,,0,1069,,G,,F,6,183,,,15R205,,,,,,0,0,000000000,00000000000,0,0,0,1,0,0,0,0,0,0,0,20,0,0,0,9,9,6,2,12,0,0,0,1,12,33647,6,1,0,0,3,0,67,999,0,3,0,2,0,5,2009,3,2011,0,39,0,0,0,6,1,70,1,1,8,1,20,3,11,15,1,1,1,82,1,0
12,121008,2,2,2,29,5,13,5,12,6,1,0,12,1,12,422,12422,15,2001,1FMRU17L11LB,1,F,M,R,U,1,7,L,1,1,L,B,0,P,FORD,EPT,UT,1,17,4886,,0,1191,,G,,F,8,330,,,17R275,,,,,,0,0,000000000,00000000000,0,0,0,1,0,0,0,0,0,0,0,45,0,0,0,12,12,6,2,12,0,0,0,1,12,33584,6,1,6,0,3,0,72,999,0,0,0,0,0,0,0,0,0,0,0,0,0,0,2,2,45,1,1,8,1,0,0,1,67,8,1,1,83,0,0
12,121009,1,1,5,20,5,18,40,3,0,1,0,12,1,12,401,12401,14,2001,1FMCU60E71UC,1,F,M,C,U,6,0,E,7,1,U,C,0,P,FORD,EPR,UT,1,17,3769,,0,1018,,G,,F,6,245,,,15R235,,,,,,0,0,000000000,00000000000,0,0,0,1,0,0,0,0,0,0,0,65,0,0,0,0,0,6,2,3,0,0,0,1,12,33030,6,1,0,0,3,0,63,999,0,1,0,0,1,9,2008,12,2010,0,0,0,0,0,2,2,65,1,1,8,1,0,0,1,13,1,1,4,0,1,0
12,121010,1,2,1,1,6,20,52,12,6,1,0,12,1,42,48,42048,4,2009,WDBUF56X09B3,W,D,B,U,F,5,6,X,0,9,B,3,0,P,MERZ,ESD,4D,9,17,3740,,0,1124,,G,,F,6,213,,,17R245,,,,,,0,0,000000000,00000000000,0,0,0,1,0,0,0,0,0,0,0,3,0,0,0,2,2,6,2,12,0,0,0,1,12,33143,6,1,0,0,3,3,69,999,0,8,0,2,1,2,2009,4,2011,0,38,0,0,0,2,3,45,1,1,8,1,0,0,11,15,1,1,1,68,0,0
12,121010,2,2,1,1,6,20,52,12,6,1,0,12,1,73,709,73709,80,2006,JKBZXNA186A0,J,K,B,Z,X,N,A,1,8,6,A,0,0,M,KAWK,X4A,RC,6,17,,,,,,,1352,,4,,4,474,,,,,,,0,0,000000000,00000000000,0,0,0,1,0,0,0,0,0,0,0,60,0,0,0,12,12,6,2,12,0,0,0,1,12,33176,6,1,0,0,3,0,69,999,0,0,0,0,0,0,0,0,0,0,0,0,0,0,2,3,45,1,1,8,1,0,0,1,62,1,1,1,69,1,0
12,121011,1,1,1,2,7,23,18,8,0,1,0,12,1,49,402,49402,14,1998,JT3GP10V8W70,J,T,3,G,P,1,0,V,8,W,7,0,0,P,TOYT,RV4,UT,98,17,2668,,0,949,,G,,F,4,122,,,16R215,,,,,,0,0,000000000,00000000000,0,0,0,1,0,0,0,0,0,0,0,45,0,0,0,12,12,6,2,8,0,0,0,1,12,32507,6,1,0,0,3,0,63,999,0,0,0,0,0,0,0,0,0,0,0,0,0,0,5,2,45,1,1,8,1,0,0,1,80,1,1,1,13,0,1
12,121012,1,1,8,10,7,12,28,1,0,1,0,13,2,23,421,23421,15,2002,1GKEC13Z72J2,1,G,K,E,C,1,3,Z,7,2,J,2,0,T,GMC,YUK,4W,2,17,,2,0,1160,YUK,F,,,8,325,,,,B,4875,00,K,42,0,0,000000000,00000000000,0,0,0,1,0,0,0,0,0,0,0,70,0,1,1,0,98,6,2,1,0,0,0,1,13,30093,6,1,0,0,3,0,73,240,98,0,0,1,1,8,2010,10,2010,0,0,0,0,0,3,3,70,1,6,8,1,0,0,1,98,7,1,6,98,1,0
12,121013,1,2,1,11,7,18,50,12,6,1,0,12,3,12,481,12481,31,2006,1FTRF12246NB,1,F,T,R,F,1,2,2,4,6,N,B,0,T,FORD,F15,PK,6,17,,2,1450,1260,COF,G,,,6,256,,,,B,4615,02,E,42,0,0,000000000,00000000000,0,0,0,1,0,0,0,0,0,0,0,45,0,1,1,12,12,6,2,12,0,0,0,1,12,34601,6,1,0,0,3,3,71,999,0,1,0,0,0,8,2009,8,2009,0,39,0,0,0,2,2,45,1,1,8,1,3,3,1,17,1,1,1,86,0,0
12,121013,2,2,2,11,7,18,50,12,6,1,0,12,1,12,481,12481,31,2007,1FTPX12V27NA,1,F,T,P,X,1,2,V,2,7,N,A,0,T,FORD,F15,4C,7,17,,2,1630,1330,COF,F,,,8,329,,,,B,4979,05,E,42,0,0,000000000,00000000000,0,0,0,1,0,0,0,0,0,0,0,45,0,0,0,81,5,6,2,12,0,0,0,1,12,34601,6,1,0,0,3,0,71,999,0,0,0,0,0,0,0,0,0,0,0,0,0,0,5,2,35,1,1,8,1,3,3,1,66,1,1,1,87,1,0
12,121014,1,1,1,7,7,23,30,32,0,1,0,12,3,12,881,12881,61,2002,1FDWW37F02ED,1,F,D,W,W,3,7,F,0,2,E,D,0,T,FORD,F3D,CH,2,17,,3,0,1760,DRW,D,,,8,444,,,,D,00000,00,E,44,0,88,888888888,88888888888,2,1,97,1,0,0,0,0,0,0,0,60,0,1,5,14,3,6,2,30,0,0,0,1,12,34267,6,1,6,0,3,0,71,999,2,1,0,4,3,9,2008,4,2011,0,28,0,0,0,1,2,60,1,1,8,2,0,0,1,13,6,4,4,1,1,0
12,121015,1,1,1,10,7,2,46,59,0,1,0,12,1,54,37,54037,2,1999,19UYA3252XL0,1,9,U,Y,A,3,2,5,2,X,L,0,0,P,ACUR,23C,CP,99,17,3120,,0,1069,,G,,F,4,138,,,16R205,,,,,,0,0,000000000,00000000000,0,0,0,1,0,0,0,0,0,0,0,84,0,0,0,3,3,6,2,42,0,0,0,1,12,32656,6,1,0,0,3,0,67,999,2,1,0,0,1,2,2010,10,2010,0,36,28,0,0,1,2,60,3,1,8,1,0,0,14,12,1,4,4,7,1,1
12,121016,1,2,2,11,7,12,22,12,6,1,0,12,2,20,16,20016,4,2005,1G1JC52F4571,1,G,1,J,C,5,2,F,4,5,7,1,0,P,CHEV,CAV,4D,5,17,2676,,0,1041,,G,,F,4,134,,,14R195,,,,,,0,0,000000000,00000000000,0,0,0,1,0,0,0,0,0,0,0,50,0,0,0,12,12,6,2,12,0,0,0,1,12,32413,6,1,0,0,3,0,64,999,0,1,0,2,0,2,2011,3,2011,0,39,36,37,0,2,2,45,1,1,8,2,3,3,1,17,1,1,1,83,1,0
12,121016,2,2,1,11,7,12,22,12,6,1,0,12,2,19,5,19005,2,1996,1G6EL12YXTU6,1,G,6,E,L,1,2,Y,X,T,U,6,0,P,CADI,ELD,CP,96,17,3774,,0,1080,,G,,F,8,279,,,16R225,,,,,,0,0,000000000,00000000000,0,0,0,1,0,0,0,0,0,0,0,15,0,0,0,61,61,6,2,12,0,0,0,1,12,32444,6,1,0,0,3,0,71,999,0,0,0,0,0,0,0,0,0,0,0,0,0,0,5,2,45,1,1,8,2,3,3,11,67,1,1,1,82,0,0
12,121019,1,1,1,16,4,1,35,1,0,1,0,12,1,12,401,12401,14,1999,1FMZU32E8XZC,1,F,M,Z,U,3,2,E,8,X,Z,C,0,P,FORD,EPR,UT,99,17,3891,,0,1116,,G,,F,6,245,,,15R225,,,,,,0,0,000000000,00000000000,0,0,0,1,0,0,0,0,0,0,0,75,0,2,3,0,0,6,2,1,0,0,0,1,12,33332,6,1,0,0,3,0,72,999,0,6,0,0,2,5,2008,2,2011,0,28,0,0,0,3,4,70,1,1,8,1,0,0,1,13,6,4,4,7,1,1
12,121021,1,2,1,12,6,20,0,1,0,1,0,12,1,37,706,37706,80,2007,1HFSC55017A3,1,H,F,S,C,5,5,0,1,7,A,3,0,M,HOND,13V,RS,7,17,,,,,,,1312,,2,,4,641,,,,,,,0,0,000000000,00000000000,0,0,0,1,0,0,0,0,0,0,0,70,0,0,0,0,0,2,3,1,0,0,0,1,12,32433,6,1,0,0,3,3,67,999,0,0,0,4,1,6,2008,8,2010,1,36,0,0,0,1,2,55,1,5,8,1,0,0,6,51,4,2,1,98,1,1
12,121021,2,2,3,12,6,20,0,1,0,1,0,1,3,49,472,49472,30,1998,4TANL42N1WZ1,4,T,A,N,L,4,2,N,1,W,Z,1,0,T,TOYT,REG,PK,98,17,,1,0,1033,TAC,G,,,4,149,,,,B,2566,00,U,42,0,0,000000000,00000000000,0,0,0,1,0,0,0,0,0,0,0,50,0,0,0,6,6,2,1,12,0,0,0,1,1,36330,6,1,6,0,3,0,75,240,0,0,0,0,0,0,0,0,0,0,0,0,0,0,1,2,55,1,5,8,1,0,0,1,53,1,1,1,98,0,0
12,121022,1,2,2,14,6,16,45,12,2,1,0,12,1,35,51,35051,6,2009,JN8AS58TX9W0,J,N,8,A,S,5,8,T,X,9,W,0,0,P,NISS,ROG,UT,9,17,3281,,0,1059,,G,,F,4,153,,,16R215,,,,,,0,0,000000000,00000000000,0,0,0,1,0,0,0,0,0,0,0,999,0,0,0,12,12,6,2,12,0,0,0,1,12,33604,6,1,0,0,3,3,66,999,0,0,0,1,0,7,2009,7,2009,0,28,0,0,0,1,2,35,2,1,8,1,0,0,14,54,1,1,2,52,2,0
12,121022,2,2,2,14,6,16,45,12,2,1,0,12,3,82,881,82881,62,2004,4UZAARBW94CM,4,U,Z,A,A,R,B,W,9,4,C,M,0,T,FRHT,MWV,SN,4,17,,6,0,0,CHA,D,,,6,359,,,,,00000,00,,42,0,77,777777777,77777777777,2,2,1,1,0,0,0,0,0,0,0,35,0,0,0,12,12,6,2,12,0,0,0,1,12,33615,6,1,6,3,3,0,66,999,0,0,0,0,0,0,0,0,0,0,0,0,0,0,1,2,35,2,5,8,1,0,0,14,54,6,1,1,52,0,0