STATE,ST_CASE,VEH_NO,VE_FORMS,NUMOCCS,DAY,MONTH,HOUR,MINUTE,HARM_EV,MAN_COLL,UNITTYPE,HIT_RUN,REG_STAT,OWNER,MAKE,MODEL,MAK_MOD,BODY_TYP,MOD_YEAR,VIN,VIN_1,VIN_2,VIN_3,VIN_4,VIN_5,VIN_6,VIN_7,VIN_8,VIN_9,VIN_10,VIN_11,VIN_12,TOW_VEH,VINTYPE,VINMAKE,VINA_MOD,VIN_BT,VINMODYR,VIN_LNGT,VIN_WGT,WGTCD_TR,WHLBS_LG,WHLBS_SH,SER_TR,FUELCODE,MCYCL_DS,CARBUR,CYLINDER,DISPLACE,MCYCL_CY,MCYCL_WT,TIRE_SZE,TON_RAT,TRK_WT,TRKWTVAR,VIN_REST,WHLDRWHL,J_KNIFE,MCARR_I1,MCARR_I2,MCARR_ID,GVWR,V_CONFIG,CARGO_BT,HAZ_INV,HAZ_PLAC,HAZ_ID,HAZ_CNO,HAZ_REL,BUS_USE,SPEC_USE,EMER_USE,TRAV_SP,UNDERIDE,ROLLOVER,ROLINLOC,IMPACT1,IMPACT2,DEFORMED,TOWED,M_HARM,VEH_SC1,VEH_SC2,FIRE_EXP,DR_PRES,L_STATE,DR_ZIP,L_STATUS,L_TYPE,CDL_STAT,L_ENDORS,L_COMPL,L_RESTRI,DR_HGT,DR_WGT,PREV_ACC,PREV_SUS,PREV_DWI,PREV_SPD,PREV_OTH,FIRST_MO,FIRST_YR,LAST_MO,LAST_YR,SPEEDREL,DR_SF1,DR_SF2,DR_SF3,DR_SF4,VTRAFWAY,VNUM_LAN,VSPD_LIM,VALIGN,VPROFILE,VPAVETYP,VSURCOND,VTRAFCON,VTCONT_F,P_CRASH1,P_CRASH2,P_CRASH3,PCRASH4,PCRASH5,ACC_TYPE,DEATHS,DR_DRINK
12,121023,1,2,1,29,6,21,24,12,6,1,0,12,3,41,54,41054,6,2011,JM3TB2BA3B03,J,M,3,T,B,2,B,A,3,B,0,3,0,P,MAZD,CX9,UT,11,17,4330,,0,1132,,G,,F,6,226,,,18R245,,,,,,0,0,000000000,00000000000,0,0,0,1,0,0,0,0,0,0,0,999,0,0,0,12,12,6,2,12,0,0,0,1,12,33605,6,1,0,0,3,0,70,999,0,0,0,0,0,0,0,0,0,0,39,0,0,0,2,2,40,1,1,8,1,3,3,1,17,1,1,1,86,0,0
12,121023,2,2,5,29,6,21,24,12,6,1,0,12,2,49,40,49040,2,1999,2T1CG22P1XC2,2,T,1,C,G,2,2,P,1,X,C,2,0,P,TOYT,CRE,CP,99,17,3120,,0,1051,,G,,F,4,132,,,15R205,,,,,,0,0,000000000,00000000000,0,0,0,1,0,0,0,0,0,0,0,999,0,0,0,3,3,6,2,12,0,0,0,1,12,33703,6,1,0,0,3,0,73,999,0,1,0,0,0,10,2008,10,2008,0,0,0,0,0,4,2,40,1,6,8,1,28,3,1,66,1,1,1,87,1,0
12,121024,1,1,1,1,2,18,55,24,0,1,0,12,1,76,705,76705,80,2004,JYARJ06E34A0,J,Y,A,R,J,0,6,E,3,4,A,0,0,M,YAMA,R6L,RC,4,17,,,,,,,599,,4,,4,412,,,,,,,0,0,000000000,00000000000,0,0,0,1,0,0,0,0,0,0,0,999,0,0,0,12,12,6,2,24,0,0,0,1,12,33034,6,1,0,0,3,0,68,999,0,2,0,1,0,5,2009,1,2011,0,0,0,0,0,3,2,40,1,1,8,1,0,0,1,12,1,1,4,6,1,1
12,121025,1,1,1,19,2,21,11,8,0,1,1,99,9,99,999,99999,99,9999,999999999999,9,9,9,9,9,9,9,9,9,9,9,9,0,,,,,,,,,,,,,,,,,,,,,,,,,0,0,000000000,00000000000,0,0,0,1,0,0,0,0,0,0,0,999,0,0,0,12,12,0,1,8,0,0,0,1,99,99999,9,9,99,9,9,9,999,999,99,99,99,99,99,99,9999,99,9999,9,0,0,0,0,1,6,45,1,1,8,1,0,0,1,80,1,1,1,13,0,0
12,121026,1,2,2,14,3,8,40,12,6,1,0,12,1,12,37,12037,3,2001,3FAFP313X1R2,3,F,A,F,P,3,1,3,X,1,R,2,0,P,FORD,FZX,3P,1,17,2550,,0,1030,,G,,F,4,121,,,15R195,,,,,,0,0,000000000,00000000000,0,0,0,1,0,0,0,0,0,0,0,35,0,0,0,12,12,6,2,12,0,0,0,1,12,33165,6,1,0,0,3,0,69,999,0,0,0,0,0,0,0,0,0,0,0,0,0,0,2,2,45,1,1,8,1,3,3,1,62,1,1,1,69,0,0
12,121026,2,2,1,14,3,8,40,12,6,1,0,12,1,7,43,7043,4,2003,1B3EL36X23N5,1,B,3,E,L,3,6,X,2,3,N,5,0,P,DODG,SSE,4D,3,17,3108,,0,1080,,G,,F,4,148,,,15R205,,,,,,0,0,000000000,00000000000,0,0,0,1,0,0,0,0,0,0,0,35,0,0,0,2,2,6,2,12,0,0,0,1,12,33183,6,1,0,0,3,0,65,999,0,0,0,0,0,0,0,0,0,0,36,38,48,0,2,2,45,1,1,8,1,3,3,11,15,1,1,1,68,1,0
12,121027,1,2,1,27,4,20,45,12,2,1,1,12,1,20,431,20431,16,1998,3GNFK16R9WG1,3,G,N,F,K,1,6,R,9,W,G,1,0,P,CHEV,K15,UT,98,17,4825,,0,1315,,G,,F,8,350,,,16R245,,,,,,0,0,000000000,00000000000,0,0,0,1,0,0,0,0,0,0,0,60,0,0,0,12,12,6,2,12,0,0,0,1,99,99999,9,9,99,9,9,9,999,999,99,99,99,99,99,99,9999,99,9999,9,0,0,0,0,5,2,60,1,1,8,1,0,0,1,10,1,1,2,50,0,0
12,121027,2,2,2,27,4,20,45,12,2,1,0,12,2,20,471,20471,30,1992,1GCCS14R7N01,1,G,C,C,S,1,4,R,7,N,0,1,0,T,CHEV,S14,PK,92,17,,1,1179,1083,S,G,,,6,173,,,,B,2645,01,,42,0,0,000000000,00000000000,0,0,0,1,0,0,0,0,0,0,0,60,0,0,0,12,12,6,2,12,0,0,0,1,12,33935,0,0,0,0,0,0,999,999,0,0,0,0,0,0,0,0,0,0,0,0,0,0,5,2,60,1,1,8,1,0,0,1,62,1,1,1,51,1,0
12,121028,1,1,1,11,5,22,58,33,0,1,0,20,1,73,705,73705,80,2008,JKAEXEA128A0,J,K,A,E,X,E,A,1,2,8,A,0,0,M,KAWK,EX6,RC,8,17,,,,,,,649,,2,,4,393,,,,,,,0,0,000000000,00000000000,0,0,0,1,0,0,0,0,0,0,0,65,0,0,0,12,1,6,2,39,0,0,0,1,12,32953,1,1,0,0,2,0,75,999,1,10,0,0,2,8,2008,11,2009,0,36,39,0,0,3,3,50,3,1,8,1,28,3,14,13,1,1,4,1,1,1
12,121029,1,1,2,11,6,20,35,42,0,1,0,12,1,12,481,12481,31,1995,1FTEF14N4SNB,1,F,T,E,F,1,4,N,4,S,N,B,0,T,FORD,F15,PK,95,17,,2,1330,1170,COF,G,,,8,302,,,,B,00000,00,M,44,0,0,000000000,00000000000,0,0,0,1,0,0,0,0,0,0,0,55,0,1,5,12,12,6,2,1,0,0,0,1,12,32702,6,1,0,0,3,3,71,999,0,0,0,0,0,0,0,0,0,0,36,0,0,0,1,2,55,1,6,8,1,0,0,1,12,7,1,4,1,1,1
12,121030,1,2,1,1,7,21,33,12,1,1,0,12,4,2,1,2001,6,2010,1J4NT4FBXAD5,1,J,4,N,T,4,F,B,X,A,D,5,0,T,JEEP,CSP,4W,10,17,,1,0,1037,CMP,G,,,4,146,,,,,3071,00,W,42,0,0,000000000,00000000000,0,0,0,1,0,0,0,0,0,0,0,70,0,1,1,12,12,6,2,1,0,0,0,1,17,60139,6,1,0,0,3,0,70,180,0,0,0,1,0,2,2011,2,2011,0,28,58,0,0,3,3,70,1,1,8,2,0,0,15,51,1,1,2,24,0,1
12,121030,2,2,8,1,7,21,33,12,1,1,0,12,2,7,482,7482,31,2003,1D7HA18KX3J5,1,D,7,H,A,1,8,K,X,3,J,5,0,T,DODG,QS1,CW,3,17,,2,0,1405,RPC,G,,,6,225,,,,B,4665,00,E,42,0,0,000000000,00000000000,0,0,0,1,0,0,0,0,0,0,0,70,0,1,5,6,6,6,2,1,0,0,0,1,12,34953,6,1,0,0,3,0,67,999,0,0,0,0,0,0,0,0,0,0,0,0,0,0,3,3,70,1,1,8,2,0,0,1,53,1,1,1,25,1,0
12,121031,1,1,1,1,7,16,10,8,0,1,0,12,1,12,481,12481,31,2003,1FTSW31FX3EA,1,F,T,S,W,3,1,F,X,3,E,A,0,T,FORD,F3S,CW,3,17,,2,1724,1562,SRW,D,,,8,444,,,,D,6267,00,E,44,0,0,000000000,00000000000,0,0,0,1,0,0,0,0,0,0,0,20,0,0,0,12,12,0,1,8,0,0,0,1,12,32344,6,1,0,0,3,0,71,999,0,0,0,0,0,0,0,0,0,0,0,0,0,0,1,2,25,1,1,8,1,0,0,11,80,1,1,1,13,0,0
12,121032,1,2,1,1,7,23,22,12,6,1,1,12,1,18,3,18003,4,1988,1G4CW51C1J16,1,G,4,C,W,5,1,C,1,J,1,6,0,P,BUIC,EPF,4D,88,17,3248,,0,1108,,G,,F,6,231,,,14R205,,,,,,0,0,000000000,00000000000,0,0,0,1,0,0,0,0,0,0,0,15,0,0,0,12,12,4,3,12,0,0,0,1,12,33570,6,1,0,0,3,0,63,999,0,1,0,0,1,1,2010,3,2010,0,38,0,0,0,2,2,60,1,1,8,1,0,0,11,15,1,1,1,68,0,1
12,121032,2,2,2,1,7,23,22,12,6,1,0,12,1,98,709,98709,80,2009,5J11YBJB19W0,5,J,1,1,Y,B,J,B,1,9,W,0,0,U,,,,9,17,,,,,,,,,,,,,,,,,,,0,0,000000000,00000000000,0,0,0,1,0,0,0,0,0,0,0,92,0,0,0,11,11,6,2,12,0,0,0,1,12,33603,6,1,0,0,3,0,71,999,0,0,0,0,0,0,0,0,0,0,0,0,0,0,2,2,60,1,1,8,1,0,0,1,62,1,1,1,69,2,1
12,121033,1,1,2,4,7,21,8,8,0,1,0,12,1,49,472,49472,30,2001,5TENL42N71Z7,5,T,E,N,L,4,2,N,7,1,Z,7,0,T,TOYT,REG,PK,1,17,,1,0,1033,TAC,G,,,4,149,,,,B,2750,00,U,42,0,0,000000000,00000000000,0,0,0,1,0,0,0,0,0,0,0,30,0,0,0,12,12,4,3,8,0,0,0,1,12,32726,6,1,0,0,3,3,69,999,0,0,0,1,0,1,2009,1,2009,0,0,0,0,0,4,2,35,1,1,8,1,0,0,1,80,1,1,1,13,0,0
12,121034,1,2,1,5,7,3,45,12,6,1,0,98,1,37,702,37702,80,2006,JH2HE03076K5,J,H,2,H,E,0,3,0,7,6,K,5,0,M,HOND,10F,T,6,17,,,,,,,99,,1,,4,165,,,,,,,0,0,000000000,00000000000,0,0,0,1,0,0,0,0,0,0,0,45,0,0,0,12,12,6,2,12,0,0,0,1,12,32968,6,1,0,0,3,0,71,999,1,0,0,0,2,12,2010,3,2011,0,38,0,0,0,5,2,45,1,1,8,1,4,3,1,17,1,1,1,86,1,1
12,121034,2,2,1,5,7,3,45,12,6,1,0,12,1,35,43,35043,4,2011,3N1AB6AP9BL6,3,N,1,A,B,6,A,P,9,B,L,6,0,P,NISS,SBL,4D,11,17,2862,,0,1057,,G,,F,4,122,,,16R205,,,,,,0,0,000000000,00000000000,0,0,0,1,0,0,0,0,0,0,0,72,0,0,0,3,3,6,2,12,0,0,0,1,12,32968,6,1,0,0,3,0,70,999,0,0,0,1,0,5,2010,5,2010,0,39,92,0,0,5,2,45,1,1,8,1,3,3,1,66,1,1,1,87,0,0
12,121035,1,2,1,6,7,16,6,12,6,1,0,12,1,82,461,82461,21,2003,WD2YD6421354,W,D,2,Y,D,6,4,2,1,3,5,4,0,T,SPNR,SPR,CG,3,17,,2,0,1400,SPR,D,,,5,165,,,,,4512,00,E,42,0,0,000000000,00000000000,0,0,0,1,0,0,0,0,0,0,0,5,0,0,0,2,2,6,2,12,0,0,0,1,12,33549,6,1,0,0,3,0,64,999,0,0,0,0,0,0,0,0,0,0,38,0,0,0,1,2,30,1,5,8,1,20,3,1,17,1,1,1,87,0,0
12,121035,2,2,2,6,7,16,6,12,6,1,0,12,1,55,33,55033,4,2008,5NPET46C58H3,5,N,P,E,T,4,6,C,5,8,H,3,0,P,HYUN,SGL,4D,8,17,3253,,0,1074,,G,,F,4,144,,,16R215,,,,,,0,0,000000000,00000000000,0,0,0,1,0,0,0,0,0,0,0,40,0,0,0,12,12,6,2,12,0,0,0,1,12,33625,6,1,0,0,3,0,62,999,0,0,0,0,0,0,0,0,0,0,0,0,0,0,2,2,45,3,1,8,1,0,0,14,66,1,1,1,86,1,0
12,121036,1,2,1,12,7,2,17,12,6,1,0,12,1,37,32,37032,4,2003,1HGCM66553A1,1,H,G,C,M,6,6,5,5,3,A,1,0,P,HOND,UEX,4D,3,17,3109,,0,1079,,G,,F,6,183,,,16R205,,,,,,0,0,000000000,00000000000,0,0,0,1,0,0,0,0,0,0,0,86,0,0,0,12,98,6,2,12,0,0,1,1,12,33617,6,1,0,0,3,0,69,999,0,0,0,0,0,0,0,0,0,1,0,0,0,0,2,3,50,1,1,8,1,4,3,1,17,1,1,1,69,0,0
12,121036,2,2,1,12,7,2,17,12,6,1,0,12,1,30,40,30040,4,2011,3VWDX7AJ9BM3,3,V,W,D,X,7,A,J,9,B,M,3,0,P,VOLK,JSA,4D,11,17,3082,,0,0,,G,,F,5,151,,,000000,,,,,,0,0,000000000,00000000000,0,0,0,1,0,0,0,0,0,0,0,10,0,0,0,3,98,6,2,12,0,0,0,1,12,33067,6,1,0,0,3,3,65,999,0,0,0,0,0,0,0,0,0,0,0,0,0,0,2,3,50,1,1,8,1,4,3,11,15,1,1,1,68,1,1
12,121037,1,5,1,1,7,21,37,12,7,1,0,12,1,12,471,12471,30,1999,1FTYR14V8XPB,1,F,T,Y,R,1,4,V,8,X,P,B,0,T,FORD,RNS,PC,99,17,,1,0,1257,RNG,F,,,6,182,,,,B,00000,00,U,42,0,0,000000000,00000000000,0,0,0,1,0,0,0,0,0,0,0,50,0,1,1,81,12,6,2,1,0,0,0,1,12,33604,6,1,0,0,3,3,72,999,0,0,0,1,0,4,2010,4,2010,0,39,0,0,0,2,3,50,1,1,8,1,3,3,1,11,1,1,2,44,0,1
12,121037,2,5,1,1,7,21,37,12,7,1,0,12,1,35,47,35047,4,2001,1N4DL01D21C2,1,N,4,D,L,0,1,D,2,1,C,2,0,P,NISS,AXE,4D,1,17,2754,,0,1031,,G,,F,4,146,,,15R195,,,,,,0,0,000000000,00000000000,0,0,0,1,0,0,0,0,0,0,0,0,0,0,0,61,61,2,8,12,0,0,0,1,12,33510,6,1,0,0,3,3,71,999,0,0,0,0,0,0,0,0,0,0,0,0,0,0,2,3,50,1,1,8,1,3,3,5,61,1,1,1,45,0,0
12,121037,3,5,2,1,7,21,37,12,7,1,0,12,2,37,31,37031,4,1996,1HGEJ6671TL0,1,H,G,E,J,6,6,7,1,T,L,0,0,P,HOND,UCL,4D,96,17,2426,,0,1032,,G,,F,4,097,,,14R185,,,,,,0,0,000000000,00000000000,0,0,0,1,0,0,0,0,0,0,0,0,0,0,0,81,81,2,8,12,0,0,0,1,12,33534,6,1,0,0,3,0,68,999,0,13,0,2,0,1,2009,6,2011,0,0,0,0,0,2,3,50,1,1,8,1,3,3,5,60,1,1,1,98,0,0
12,121037,4,5,6,1,7,21,37,12,7,1,0,12,1,6,441,6441,20,2002,2C8GP74L42R5,2,C,8,G,P,7,4,L,4,2,R,5,0,P,CHRY,TWC,SV,2,17,4171,,0,1193,,G,,F,6,230,,,16R215,,,,,,0,0,000000000,00000000000,0,0,0,1,0,0,0,0,0,0,0,15,0,0,0,3,3,6,2,12,0,0,0,1,12,33511,6,1,0,0,3,3,63,999,0,0,0,0,0,0,0,0,0,0,0,0,0,0,2,3,50,1,1,8,1,3,3,11,54,1,1,1,98,1,0
12,121037,5,5,1,1,7,21,37,12,7,1,0,12,1,12,3,12003,2,2012,1ZVBP8CF5C52,1,Z,V,B,P,8,C,F,5,C,5,2,0,P,FORD,MGT,CP,12,17,3483,,0,1071,,G,,F,8,305,,,18R235,,,,,,0,0,000000000,00000000000,0,0,0,1,0,0,0,0,0,0,0,15,0,0,0,3,3,4,8,12,0,0,0,1,12,33605,6,1,0,0,3,0,67,999,0,0,0,0,0,0,0,0,0,0,0,0,0,0,2,3,50,1,1,8,1,3,3,11,54,1,1,1,98,0,0
12,121038,1,1,1,4,2,19,32,8,0,1,1,99,9,99,999,99999,99,9999,999999999999,9,9,9,9,9,9,9,9,9,9,9,9,0,,,,,,,,,,,,,,,,,,,,,,,,,0,0,000000000,00000000000,0,0,0,1,0,0,0,0,0,0,0,45,0,0,0,12,3,9,1,8,0,0,0,1,99,99999,9,9,99,9,9,9,999,999,99,99,99,99,99,99,9999,99,9999,0,0,0,0,0,2,3,45,1,1,8,1,0,0,1,80,1,1,1,13,0,0
12,121039,1,1,1,27,2,6,27,8,0,1,0,12,1,49,32,49032,4,2001,2T1BR18E21C4,2,T,1,B,R,1,8,E,2,1,C,4,0,P,TOYT,UCS,4D,1,17,2410,,0,970,,G,,F,4,109,,,14R175,,,,,,0,0,000000000,00000000000,0,0,0,1,0,0,0,0,0,0,0,35,0,0,0,12,12,6,2,8,0,0,0,1,12,33063,6,1,0,0,3,3,66,999,0,0,0,2,0,11,2008,7,2010,0,0,0,0,0,2,3,35,1,1,8,1,0,0,1,80,1,1,1,13,0,0
12,121040,1,1,2,6,3,2,4,39,0,1,0,12,1,41,35,41035,4,1999,JM1BJ2226X01,J,M,1,B,J,2,2,2,6,X,0,1,0,P,MAZD,PDL,4D,99,17,2449,,0,1028,,G,,F,4,097,,,14R185,,,,,,0,0,000000000,00000000000,0,0,0,1,0,0,0,0,0,0,0,60,0,0,0,12,12,6,2,39,0,0,0,1,12,32217,6,1,0,0,3,0,70,999,0,0,0,1,0,9,2008,9,2008,0,36,0,0,0,1,2,35,2,1,8,1,0,0,14,13,1,1,4,1,1,1
12,121041,1,1,1,6,4,13,44,9,0,1,0,12,3,98,809,98809,63,2006,2FZHAZCV06AU,2,F,Z,H,A,Z,C,V,0,6,A,U,0,T,STRG,L90,CC,6,17,,8,0,0,STE,D,,,6,782,,,,,00000,00,,64,0,12,1401345,121401345,3,2,97,1,0,0,0,0,0,0,0,5,0,0,0,12,12,2,3,9,0,0,0,1,12,33441,6,1,6,0,3,0,77,999,0,0,0,1,1,3,2009,10,2010,0,0,0,0,0,1,2,35,1,1,8,1,0,0,10,83,1,1,1,13,0,0
12,121042,1,1,1,16,4,1,52,8,0,1,0,12,1,37,31,37031,4,2002,2HGES15572H5,2,H,G,E,S,1,5,5,7,2,H,5,0,P,HOND,UCL,4D,2,17,2465,,0,1031,,G,,F,4,102,,,14R185,,,,,,0,0,000000000,00000000000,0,0,0,1,0,0,0,0,0,0,0,45,0,0,0,12,12,4,3,8,0,0,0,1,12,33068,6,1,0,0,3,3,64,999,0,0,0,1,0,7,2009,7,2009,0,0,0,0,0,1,6,45,1,1,8,1,0,0,2,80,1,1,1,13,0,0
12,121043,1,2,1,4,5,10,7,12,7,1,0,12,1,49,32,49032,4,2009,JTDBL40E1990,J,T,D,B,L,4,0,E,1,9,9,0,0,P,TOYT,CLB,4D,9,17,2723,,0,1024,,G,,F,4,110,,,15R195,,,,,,0,0,000000000,00000000000,0,0,0,1,0,0,0,0,0,0,0,10,0,0,0,63,63,6,2,12,0,0,0,1,12,33019,6,1,0,0,3,3,67,999,0,0,0,0,0,0,0,0,0,0,38,0,0,0,1,2,35,1,1,8,1,3,3,10,16,1,1,1,78,0,0
12,121043,2,2,1,4,5,10,7,12,7,1,0,12,1,72,706,72706,80,2005,1HD1BXB195Y0,1,H,D,1,B,X,B,1,9,5,Y,0,0,M,HD,ISF,RS,5,17,,,,,,,1450,,2,,4,666,,,,,,,0,0,000000000,00000000000,0,0,0,1,0,0,0,0,0,0,0,30,0,0,0,82,82,6,2,12,0,0,0,1,12,33004,6,1,0,0,3,0,65,999,0,4,0,0,2,7,2009,2,2011,0,0,0,0,0,2,3,35,1,1,8,1,3,3,1,65,1,1,1,79,1,0
12,121044,1,1,1,5,6,0,31,8,0,1,1,12,1,59,401,59401,14,1999,JT6GF10U5X00,J,T,6,G,F,1,0,U,5,X,0,0,0,P,LEXS,RX3,UT,99,17,3692,,0,1031,,G,,F,6,183,,,16R225,,,,,,0,0,000000000,00000000000,0,0,0,1,0,0,0,0,0,0,0,998,0,0,0,12,12,6,2,8,0,0,0,1,12,33158,6,1,0,0,3,0,68,999,1,6,0,3,2,7,2008,6,2010,0,0,0,0,0,2,3,35,1,1,8,1,3,3,1,80,1,1,1,13,0,1
12,121045,1,1,2,9,6,20,35,8,0,1,0,12,2,37,32,37032,4,2003,1HGCM56643A0,1,H,G,C,M,5,6,6,4,3,A,0,0,P,HOND,UEX,4D,3,17,3109,,0,1079,,G,,F,4,146,,,16R205,,,,,,0,0,000000000,00000000000,0,0,0,1,0,0,0,0,0,0,0,35,0,0,0,12,12,4,3,8,0,0,0,1,12,34983,6,1,0,0,3,0,70,999,0,0,0,0,0,0,0,0,0,0,0,0,0,0,2,2,40,1,1,8,1,0,0,1,80,1,1,1,13,0,0
12,121046,1,2,1,3,7,22,37,12,1,1,0,12,1,12,880,12880,67,2006,1FTWW31P26ED,1,F,T,W,W,3,1,P,2,6,E,D,0,T,FORD,F3S,CW,6,17,,3,1720,1560,SRW,D,,,8,366,,,,D,6585,01,U,44,0,88,888888888,88888888888,2,1,97,1,0,0,0,0,0,0,0,998,0,0,0,12,12,4,3,12,0,0,0,1,12,33470,6,1,0,0,3,0,65,999,0,5,0,4,0,9,2009,2,2011,0,36,38,0,0,2,4,50,1,1,8,1,3,3,2,50,1,1,1,20,0,1
12,121046,2,2,1,3,7,22,37,12,1,1,0,12,1,72,706,72706,80,2008,1HD1KB4408Y6,1,H,D,1,K,B,4,4,0,8,Y,6,0,M,HD,FHA,RS,8,17,,,,,,,1584,,2,,4,786,,,,,,,0,0,000000000,00000000000,0,0,0,1,0,0,0,0,0,0,0,0,0,0,0,6,6,6,2,12,0,0,0,1,12,33470,6,1,0,0,3,0,68,999,0,0,0,0,0,0,0,0,0,0,0,0,0,0,2,4,50,1,1,8,1,3,3,5,53,1,1,1,21,1,1
12,121048,1,1,1,1,3,20,1,9,0,1,0,12,2,14,6,14006,4,2000,2MEFM74W6YX7,2,M,E,F,M,7,4,W,6,Y,X,7,0,P,MERC,GMG,4D,0,17,3958,,0,1147,,G,,F,8,281,,,16R225,,,,,,0,0,000000000,00000000000,0,0,0,1,0,0,0,0,0,0,0,45,0,0,0,12,12,6,2,9,0,0,0,1,12,33760,1,1,0,0,2,0,70,999,0,5,0,3,0,7,2008,1,2011,0,0,0,0,0,2,2,45,1,1,8,1,0,0,1,83,1,1,1,13,0,0
12,121049,1,1,2,2,4,4,10,8,0,1,0,12,2,22,2,22002,4,1995,1G2HX52KXS42,1,G,2,H,X,5,2,K,X,S,4,2,0,P,PONT,BVS,4D,95,17,3446,,0,1108,,G,,F,6,231,,,15R215,,,,,,0,0,000000000,00000000000,0,0,0,1,0,0,0,0,0,0,0,40,0,0,0,12,12,4,1,8,0,0,0,1,12,33138,6,1,0,0,3,0,70,999,0,0,0,0,0,0,0,0,0,0,0,0,0,0,2,2,40,1,1,8,1,28,3,1,80,1,1,1,13,0,0
12,121050,1,2,1,18,4,9,55,12,2,1,0,91,9,73,709,73709,80,1984,KH1KZT00JE04,K,H,1,K,Z,T,0,0,J,E,0,4,0,M,KAWK,,,84,16,,,,,,,,,,,,,,,,,,,0,0,000000000,00000000000,0,0,0,1,0,0,0,0,0,0,0,999,0,0,0,12,12,6,2,12,0,0,0,1,12,33141,6,1,0,0,3,0,72,999,0,0,0,0,0,0,0,0,0,0,38,0,0,0,1,2,35,1,1,8,1,3,3,11,15,1,1,1,82,1,0
12,121050,2,2,1,18,4,9,55,12,2,1,0,12,1,49,32,49032,4,2005,1NXBR32E85Z5,1,N,X,B,R,3,2,E,8,5,Z,5,0,P,TOYT,UCS,4D,5,17,2530,,0,1024,,G,,F,4,109,,,15R185,,,,,,0,0,000000000,00000000000,0,0,0,1,0,0,0,0,0,0,0,999,0,0,0,12,12,6,2,12,0,0,0,1,12,33150,6,1,0,0,3,3,65,999,0,0,0,1,0,12,2009,12,2009,0,0,0,0,0,5,4,35,1,1,8,1,3,3,1,67,1,1,1,83,0,0
12,121051,1,3,1,2,5,18,40,12,1,1,0,12,1,37,709,37709,80,2009,JH2SC59079K4,J,H,2,S,C,5,9,0,7,9,K,4,0,M,HOND,CBS,RC,9,17,,,,,,,999,,4,,4,439,,,,,,,0,0,000000000,00000000000,0,0,0,1,0,0,0,0,0,0,0,999,0,0,0,12,12,4,3,12,0,0,0,1,12,33034,6,1,0,0,3,0,71,999,0,1,0,1,0,11,2008,6,2009,0,36,0,0,0,1,2,35,1,1,8,1,0,0,1,52,1,1,1,28,1,0
12,121051,2,3,3,2,5,18,40,12,1,1,0,12,1,22,20,22020,4,2000,1G2WR5213YF3,1,G,2,W,R,5,2,1,3,Y,F,3,0,P,PONT,GTP,4D,0,17,3523,,0,1105,,G,,Z,6,231,,,16R225,,,,,,0,0,000000000,00000000000,0,0,0,1,0,0,0,0,0,0,0,999,0,0,0,6,6,4,1,12,0,0,0,1,12,33187,6,1,0,0,3,0,64,999,0,0,0,0,0,0,0,0,0,0,0,0,0,0,1,2,35,1,1,8,1,0,0,2,53,1,1,1,29,0,0
12,121051,3,3,3,2,5,18,40,12,1,1,0,12,4,7,442,7442,20,2010,2D4RN5D18AR2,2,D,4,R,N,5,D,1,8,A,R,2,0,P,DODG,CAR,SV,10,17,4483,,0,1212,,G,,F,6,232,,,16R225,,,,,,0,0,000000000,00000000000,0,0,0,1,0,0,0,0,0,0,0,999,0,0,0,1,1,4,1,12,0,0,0,1,97,0,9,9,99,9,9,9,999,999,99,99,99,99,99,99,9999,99,9999,0,0,0,0,0,1,2,35,1,1,8,1,0,0,2,62,1,1,1,98,0,0
12,121052,1,2,1,12,6,0,41,12,6,1,1,99,9,99,999,99999,99,9999,999999999999,9,9,9,9,9,9,9,9,9,9,9,9,0,,,,,,,,,,,,,,,,,,,,,,,,,0,0,000000000,00000000000,0,0,0,1,0,0,0,0,0,0,0,999,0,0,0,3,3,4,1,12,0,0,0,1,99,99999,9,9,99,9,9,9,999,999,99,99,99,99,99,99,9999,99,9999,0,0,0,0,0,1,2,35,1,1,8,1,0,0,11,15,99,1,1,68,0,0
12,121052,2,2,1,12,6,0,41,12,6,1,0,12,1,73,706,73706,80,1999,JKAZX2C10XA0,J,K,A,Z,X,2,C,1,0,X,A,0,0,M,KAWK,Z9C,RC,99,17,,,,,,,900,,4,,4,404,,,,,,,0,0,000000000,00000000000,0,0,0,1,0,0,0,0,0,0,0,35,0,0,0,12,12,6,2,12,0,0,0,1,12,33617,6,1,0,0,3,0,69,999,0,4,0,3,0,3,2009,12,2010,0,0,0,0,0,1,2,35,1,1,8,1,0,0,1,62,1,1,1,69,1,1
12,121053,1,2,2,4,7,21,6,12,6,1,0,12,1,73,709,73709,80,2008,JKAEXMJ128DA,J,K,A,E,X,M,J,1,2,8,D,A,0,M,KAWK,E2J,RC,8,17,,,,,,,249,,2,,4,333,,,,,,,0,0,000000000,00000000000,0,0,0,1,0,0,0,0,0,0,0,55,0,0,0,12,12,6,2,12,0,0,0,1,12,33410,6,1,0,0,3,0,69,999,0,3,0,1,0,12,2008,5,2011,1,39,0,0,0,2,3,45,1,1,8,1,3,3,1,17,1,1,1,83,1,1