STATE,ST_CASE,VEH_NO,VE_FORMS,NUMOCCS,DAY,MONTH,HOUR,MINUTE,HARM_EV,MAN_COLL,UNITTYPE,HIT_RUN,REG_STAT,OWNER,MAKE,MODEL,MAK_MOD,BODY_TYP,MOD_YEAR,VIN,VIN_1,VIN_2,VIN_3,VIN_4,VIN_5,VIN_6,VIN_7,VIN_8,VIN_9,VIN_10,VIN_11,VIN_12,TOW_VEH,VINTYPE,VINMAKE,VINA_MOD,VIN_BT,VINMODYR,VIN_LNGT,VIN_WGT,WGTCD_TR,WHLBS_LG,WHLBS_SH,SER_TR,FUELCODE,MCYCL_DS,CARBUR,CYLINDER,DISPLACE,MCYCL_CY,MCYCL_WT,TIRE_SZE,TON_RAT,TRK_WT,TRKWTVAR,VIN_REST,WHLDRWHL,J_KNIFE,MCARR_I1,MCARR_I2,MCARR_ID,GVWR,V_CONFIG,CARGO_BT,HAZ_INV,HAZ_PLAC,HAZ_ID,HAZ_CNO,HAZ_REL,BUS_USE,SPEC_USE,EMER_USE,TRAV_SP,UNDERIDE,ROLLOVER,ROLINLOC,IMPACT1,IMPACT2,DEFORMED,TOWED,M_HARM,VEH_SC1,VEH_SC2,FIRE_EXP,DR_PRES,L_STATE,DR_ZIP,L_STATUS,L_TYPE,CDL_STAT,L_ENDORS,L_COMPL,L_RESTRI,DR_HGT,DR_WGT,PREV_ACC,PREV_SUS,PREV_DWI,PREV_SPD,PREV_OTH,FIRST_MO,FIRST_YR,LAST_MO,LAST_YR,SPEEDREL,DR_SF1,DR_SF2,DR_SF3,DR_SF4,VTRAFWAY,VNUM_LAN,VSPD_LIM,VALIGN,VPROFILE,VPAVETYP,VSURCOND,VTRAFCON,VTCONT_F,P_CRASH1,P_CRASH2,P_CRASH3,PCRASH4,PCRASH5,ACC_TYPE,DEATHS,DR_DRINK
12,121053,2,2,1,4,7,21,6,12,6,1,0,6,2,62,421,62421,15,2006,SALMF13466A2,S,A,L,M,F,1,3,4,6,6,A,2,0,T,LNDR,RHS,4W,6,17,,2,0,1134,RRV,G,,,8,256,,,,,5474,00,S,44,0,0,000000000,00000000000,0,0,0,1,0,0,0,0,0,0,0,30,0,0,0,9,9,6,2,12,0,0,0,1,12,33458,6,1,0,0,3,0,74,999,0,0,0,0,0,0,0,0,0,0,0,0,0,0,6,2,98,1,1,8,1,3,3,11,66,1,1,1,82,0,0
12,121054,1,2,1,10,7,3,9,12,6,1,0,12,1,37,705,37705,80,2006,JH2PC37086M3,J,H,2,P,C,3,7,0,8,6,M,3,0,M,HOND,B60,RC,6,17,,,,,,,599,,4,,4,361,,,,,,,0,0,000000000,00000000000,0,0,0,1,0,0,0,0,0,0,0,86,0,0,0,12,12,6,2,12,0,0,0,1,12,33432,6,1,0,0,3,0,69,999,0,0,0,1,1,4,2011,5,2011,1,39,36,0,0,2,3,45,1,1,8,1,3,3,1,17,3,1,1,88,1,1
12,121054,2,2,1,10,7,3,9,12,6,1,0,12,1,12,481,12481,31,2006,1FTRX12W76NA,1,F,T,R,X,1,2,W,7,6,N,A,0,T,FORD,F15,4C,6,17,,2,0,1450,COF,G,,,8,281,,,,B,5065,04,E,42,0,0,000000000,00000000000,0,0,0,1,0,0,0,0,0,0,0,5,0,0,0,9,9,4,3,12,0,0,0,1,12,33433,6,1,0,0,3,3,66,999,0,0,0,1,0,2,2010,2,2010,0,0,0,0,0,2,3,45,1,1,8,1,3,3,1,66,1,1,1,89,1,0
12,121055,1,1,1,15,1,22,20,14,0,1,1,12,2,12,422,12422,15,1997,1FMEU17L3VLB,1,F,M,E,U,1,7,L,3,V,L,B,0,P,FORD,EPT,UT,97,17,4827,,0,1190,,G,,F,8,330,,,16R255,,,,,,0,0,000000000,00000000000,0,0,0,1,0,0,0,0,0,0,0,70,0,0,0,12,12,6,2,8,0,0,0,1,12,33127,0,0,0,0,0,0,999,999,0,0,0,0,0,0,0,0,0,0,50,28,0,0,4,1,98,1,1,8,1,0,0,1,13,1,1,4,1,0,1
12,121056,1,1,1,16,1,17,15,9,0,1,0,12,1,49,442,49442,20,2002,4T3ZF19CX2U4,4,T,3,Z,F,1,9,C,X,2,U,4,0,P,TOYT,SIE,SV,2,17,3919,,0,1142,,G,,F,6,183,,,15R205,,,,,,0,0,000000000,00000000000,0,0,0,1,0,0,0,0,0,0,0,8,0,0,0,12,12,4,3,9,0,0,0,1,12,33477,6,1,0,0,3,3,65,999,0,0,0,0,0,0,0,0,0,0,36,38,0,0,1,2,98,1,1,8,1,20,3,10,83,1,1,1,13,0,0
12,121057,1,2,1,20,3,2,35,12,2,1,0,12,1,41,471,41471,30,1986,JM2UF1116G06,J,M,2,U,F,1,1,1,6,G,0,6,0,T,MAZD,B2S,PK,86,17,,1,0,1087,B20,G,,,4,122,,,,B,2650,01,A,42,0,0,000000000,00000000000,0,0,0,1,0,0,0,0,0,0,0,30,0,0,0,12,12,6,2,12,0,0,0,1,12,33470,6,1,0,0,3,0,68,999,0,7,0,2,0,11,2008,2,2011,0,28,51,0,0,1,2,30,1,1,8,1,0,0,1,10,1,1,2,50,1,1
12,121057,2,2,2,20,3,2,35,12,2,1,0,12,1,7,482,7482,31,2006,1D7HA18N46S6,1,D,7,H,A,1,8,N,4,6,S,6,0,T,DODG,SQ1,CW,6,17,,2,1405,1205,RPC,G,,,8,287,,,,B,4833,02,E,42,0,0,000000000,00000000000,0,0,0,1,0,0,0,0,0,0,0,30,0,0,0,12,12,6,2,12,0,0,0,1,12,33446,6,1,0,0,3,0,65,999,0,2,0,4,1,1,2010,2,2011,0,0,0,0,0,1,2,30,1,1,8,1,0,0,1,62,1,1,1,51,0,0
12,121058,1,1,1,22,4,9,6,9,0,1,0,12,1,55,35,55035,4,2002,KMHDN45D32U4,K,M,H,D,N,4,5,D,3,2,U,4,0,P,HYUN,EST,4D,2,17,2635,,0,1027,,G,,F,4,121,,,15R195,,,,,,0,0,000000000,00000000000,0,0,0,1,0,0,0,0,0,0,0,40,0,0,0,2,2,4,1,9,0,0,0,1,12,33467,6,1,0,0,3,3,60,999,0,0,0,0,0,0,0,0,0,0,0,0,0,0,2,4,45,1,1,8,1,0,0,1,83,1,1,1,13,0,0
12,121059,1,2,1,23,4,1,15,12,6,1,0,12,1,20,481,20481,31,1994,1GCEC14K4RZ2,1,G,C,E,C,1,4,K,4,R,Z,2,0,T,CHEV,GC1,PK,94,17,,2,1315,1175,GM4,G,,,8,350,,,,B,3675,02,,42,0,0,000000000,00000000000,0,0,0,1,0,0,0,0,0,0,0,30,0,1,5,12,12,6,2,12,0,0,0,1,12,33013,6,1,0,0,3,0,67,999,0,0,0,0,1,6,2008,6,2008,0,39,0,0,0,1,2,30,1,1,8,1,20,3,1,17,1,1,1,86,1,0
12,121059,2,2,1,23,4,1,15,12,6,1,0,12,1,37,32,37032,4,1996,1HGCD5651TA0,1,H,G,C,D,5,6,5,1,T,A,0,0,P,HOND,UER,4D,96,17,2974,,0,1069,,G,,F,4,132,,,15R195,,,,,,0,0,000000000,00000000000,0,0,0,1,0,0,0,0,0,0,0,30,0,0,0,3,3,6,2,12,0,0,0,1,12,33126,6,1,0,0,3,0,75,999,0,6,0,0,1,9,2008,12,2009,0,0,0,0,0,1,4,30,1,1,8,1,0,0,1,66,1,1,1,87,0,0
12,121060,1,1,1,28,4,19,9,5,0,1,0,12,1,76,706,76706,80,2010,JYARN23E5AA0,J,Y,A,R,N,2,3,E,5,A,A,0,0,M,YAMA,YFR,RC,10,17,,,,,,,998,,4,,4,454,,,,,,,0,0,000000000,00000000000,0,0,0,1,0,0,0,0,0,0,0,35,0,0,0,0,0,4,3,5,0,0,0,1,12,33026,6,1,0,0,3,0,66,999,0,0,0,0,0,0,0,0,0,1,48,0,0,0,2,3,45,1,1,8,1,20,3,10,98,1,1,1,0,1,0
12,121061,1,1,2,5,5,22,18,8,0,1,0,12,2,7,472,7472,30,2001,1B7FL16P91S1,1,B,7,F,L,1,6,P,9,1,S,1,0,T,DODG,,,1,17,,,,,,G,,,4,153,,,,,,,,,0,0,000000000,00000000000,0,0,0,1,0,0,0,0,0,0,0,45,0,0,0,12,12,4,1,8,0,0,0,1,12,32127,6,1,0,0,3,0,74,999,0,0,0,1,0,7,2008,7,2008,0,0,0,0,0,3,2,45,1,1,8,1,98,3,1,80,2,1,1,13,0,0
12,121062,1,2,5,8,5,10,33,12,6,1,0,12,1,6,441,6441,20,2006,1A4GP45R26B7,1,A,4,G,P,4,5,R,2,6,B,7,0,P,CHRY,TWC,SV,6,17,3831,,0,1133,,G,,F,6,201,,,15R215,,,,,,0,0,000000000,00000000000,0,0,0,1,0,0,0,0,0,0,0,35,0,0,0,12,12,6,2,12,0,0,0,1,12,33711,6,1,0,0,3,3,75,999,0,0,0,0,0,0,0,0,0,0,39,0,0,0,2,3,35,1,1,8,1,3,3,1,17,1,1,1,88,0,0
12,121062,2,2,1,8,5,10,33,12,6,1,0,12,1,18,15,18015,2,1983,1G4AB37R3DW4,1,G,4,A,B,3,7,R,3,D,W,4,0,P,BUIC,SXC,CP,83,17,2462,,0,1049,,G,,F,4,151,,,13R185,,,,,,0,0,000000000,00000000000,0,0,0,1,0,0,0,0,0,0,0,15,0,0,0,11,11,6,2,12,0,0,0,1,12,33710,6,1,0,0,3,3,64,999,1,0,0,0,2,5,2008,4,2009,0,0,0,0,0,4,3,35,1,1,8,1,3,3,1,66,1,1,1,89,1,0
12,121063,1,1,1,10,5,0,1,8,0,1,0,12,2,42,51,42051,4,2006,WDDDJ75X16A0,W,D,D,D,J,7,5,X,1,6,A,0,0,P,MERZ,CS5,C4,6,17,4000,,0,1123,,G,,F,8,303,,,18R245,,,,,,0,0,000000000,00000000000,0,0,0,1,0,0,0,0,0,0,0,30,0,0,0,12,12,4,3,8,0,0,0,1,12,33168,6,1,0,0,3,0,67,999,0,3,0,2,0,5,2009,3,2011,0,0,0,0,0,1,2,30,1,1,8,1,0,0,1,80,1,1,1,13,0,0
12,121064,1,2,1,11,5,14,10,12,6,1,0,12,1,49,40,49040,4,2005,4T1BE32K55U4,4,T,1,B,E,3,2,K,5,5,U,4,0,P,TOYT,XLL,4D,5,17,3108,,0,1071,,G,,F,4,144,,,15R205,,,,,,0,0,000000000,00000000000,0,0,0,1,0,0,0,0,0,0,0,25,0,0,0,12,12,6,2,12,0,0,0,1,12,33484,6,1,0,0,3,3,74,999,0,0,0,0,0,0,0,0,0,0,38,0,0,0,1,2,55,1,1,8,1,20,3,1,17,1,1,1,86,1,0
12,121064,2,2,1,11,5,14,10,12,6,1,0,45,1,84,881,84881,66,2007,1HTMKAZN37H5,1,H,T,M,K,A,Z,N,3,7,H,5,1,T,INTL,440,CC,7,17,,7,0,0,40S,D,,,6,570,,,,,00000,00,,42,1,45,971306,45971306,3,6,6,1,0,0,0,0,0,0,0,50,0,0,0,3,3,6,2,12,0,0,0,1,12,32765,6,1,6,0,3,0,68,999,0,0,0,0,0,0,0,0,0,0,0,0,0,0,1,2,50,1,1,8,1,0,0,1,66,1,1,1,87,0,0
12,121065,1,1,1,12,5,23,5,33,0,1,0,12,1,72,706,72706,80,2005,1HD1BHY105Y0,1,H,D,1,B,H,Y,1,0,5,Y,0,0,M,HD,FXT,RS,5,17,,,,,,,1450,,2,,4,636,,,,,,,0,0,000000000,00000000000,0,0,0,1,0,0,0,0,0,0,0,45,0,0,0,12,12,6,2,1,0,0,0,1,12,33160,6,1,0,0,3,0,71,999,0,0,0,0,0,0,0,0,0,0,28,0,0,0,2,1,45,1,1,8,1,0,0,1,12,1,1,4,6,1,1
12,121066,1,1,1,20,5,16,21,14,0,1,0,12,2,53,705,53705,80,2008,JS1GT77A6821,J,S,1,G,T,7,7,A,6,8,2,1,0,M,SUZI,XR1,RC,8,17,,,,,,,999,,4,,4,379,,,,,,,0,0,000000000,00000000000,0,0,0,1,0,0,0,0,0,0,0,70,0,0,0,12,12,6,2,14,0,0,0,1,12,34653,6,1,0,0,3,0,67,999,0,1,0,4,1,5,2008,2,2010,0,36,28,0,0,1,2,35,1,1,8,1,0,0,1,13,1,1,4,1,1,1
12,121067,1,1,2,29,5,22,7,5,0,1,0,12,4,49,51,49051,3,2011,JTDJT4K30B53,J,T,D,J,T,4,K,3,0,B,5,3,0,P,TOYT,YAR,2H,11,17,2311,,0,969,,G,,F,4,091,,,14R175,,,,,,0,0,000000000,00000000000,0,0,0,1,0,0,0,0,0,0,0,999,0,0,0,0,12,4,3,5,0,0,0,1,12,33013,6,1,0,0,3,0,67,999,2,0,0,0,3,4,2010,12,2010,0,0,0,0,0,2,3,99,1,1,8,1,0,0,1,98,1,1,1,0,1,1
12,121068,1,2,1,7,6,11,5,12,2,1,0,12,1,49,40,49040,4,2002,4T1BE32K32U6,4,T,1,B,E,3,2,K,3,2,U,6,0,P,TOYT,LXS,4D,2,17,3086,,0,1071,,G,,F,4,144,,,15R205,,,,,,0,0,000000000,00000000000,0,0,0,1,0,0,0,0,0,0,0,45,0,0,0,12,11,6,2,12,0,0,0,1,12,32310,6,1,0,0,3,0,68,999,0,0,0,0,0,0,0,0,0,0,51,0,0,0,1,4,45,1,1,8,1,0,0,1,10,1,1,2,50,1,0
12,121068,2,2,1,7,6,11,5,12,2,1,0,12,2,30,40,30040,4,2010,3VWRX7AJ4AM0,3,V,W,R,X,7,A,J,4,A,M,0,0,P,VOLK,JSE,4D,10,17,3202,,0,1015,,G,,F,5,151,,,16R205,,,,,,0,0,000000000,00000000000,0,0,0,1,0,0,0,0,0,0,0,45,0,0,0,12,11,6,2,12,0,0,0,1,12,32304,6,1,0,0,3,0,66,999,0,1,0,3,1,11,2008,2,2011,0,0,0,0,0,1,4,45,1,1,8,1,0,0,1,62,1,1,1,51,0,0
12,121069,1,2,1,10,6,16,10,12,2,1,0,12,1,12,401,12401,14,1999,1FMDU32P8XZA,1,F,M,D,U,3,2,P,8,X,Z,A,0,P,FORD,EPR,UT,99,17,3891,,0,1116,,G,,F,8,302,,,15R225,,,,,,0,0,000000000,00000000000,0,0,0,1,0,0,0,0,0,0,0,55,0,0,0,12,11,6,2,12,0,0,0,1,12,32439,6,1,0,0,3,3,72,999,0,0,0,0,0,0,0,0,0,0,51,0,0,0,1,2,55,3,1,8,1,0,0,14,10,1,1,2,50,1,1
12,121069,2,2,1,10,6,16,10,12,2,1,0,12,3,86,881,86881,63,2006,1M2AG11C66M0,1,M,2,A,G,1,1,C,6,6,M,0,0,T,MACK,CV7,CC,6,17,,8,0,0,700,D,,,6,728,,,,,00000,00,,64,0,12,1002696,121002696,3,2,4,1,0,0,0,0,0,0,0,45,0,0,0,12,11,6,2,12,0,0,0,1,12,32455,6,1,6,0,3,0,67,999,0,0,0,0,0,0,0,0,0,0,0,0,0,0,1,2,55,2,1,8,1,0,0,14,62,7,1,2,51,0,0
12,121070,1,3,1,22,6,17,42,12,1,1,0,12,1,53,705,53705,80,1996,JS1NP41A7T21,J,S,1,N,P,4,1,A,7,T,2,1,0,M,SUZI,LS6,RS,96,17,,,,,,,652,,1,,4,352,,,,,,,0,0,000000000,00000000000,0,0,0,1,0,0,0,0,0,0,0,50,0,0,0,12,12,6,2,12,0,0,0,1,12,34667,6,1,0,0,3,0,70,999,0,0,0,0,0,0,0,0,0,0,36,0,0,0,2,3,45,1,1,8,1,28,3,15,51,1,1,1,24,1,0
12,121070,2,3,3,22,6,17,42,12,1,1,0,12,1,20,421,20421,15,1998,1GNCS18W1WK1,1,G,N,C,S,1,8,W,1,W,K,1,0,P,CHEV,BZR,UT,98,17,3515,,0,1005,,G,,F,6,262,,,15R235,,,,,,0,0,000000000,00000000000,0,0,0,1,0,0,0,0,0,0,0,35,0,0,0,6,5,4,3,12,0,0,0,1,12,34667,6,1,0,0,3,0,64,999,0,0,0,0,0,0,0,0,0,0,0,0,0,0,2,3,45,1,1,8,1,28,3,1,53,1,1,1,25,0,0
12,121070,3,3,1,22,6,17,42,12,1,1,0,12,1,22,16,22016,2,2000,1G2JB1247Y73,1,G,2,J,B,1,2,4,7,Y,7,3,0,P,PONT,SFS,CP,0,17,2606,,0,1041,,G,,F,4,133,,,14R195,,,,,,0,0,000000000,00000000000,0,0,0,1,0,0,0,0,0,0,0,0,0,0,0,9,9,4,1,12,0,0,0,1,12,34669,6,1,0,0,3,0,67,999,0,0,0,0,0,0,0,0,0,0,0,0,0,0,1,2,5,1,1,8,1,20,3,5,65,1,1,1,98,0,0
12,121071,1,2,1,23,6,1,18,12,2,1,0,12,1,20,481,20481,31,1989,2GCEC14K8K12,2,G,C,E,C,1,4,K,8,K,1,2,0,T,CHEV,GC1,PK,89,17,,2,1315,1175,GM4,G,,,8,350,,,,B,4114,08,,42,0,0,000000000,00000000000,0,0,0,1,0,0,0,0,0,0,0,80,0,0,0,12,12,6,2,12,0,0,0,1,12,33540,6,1,0,0,3,0,69,999,0,2,0,0,2,3,2009,7,2009,1,51,0,0,0,3,4,70,1,1,8,1,28,3,1,54,1,1,1,52,1,1
12,121071,2,2,1,23,6,1,18,12,2,1,0,12,3,19,21,19021,4,2011,1G6DX6ED6B01,1,G,6,D,X,6,E,D,6,B,0,1,0,P,CADI,STP,4D,11,17,3973,,0,1164,,G,,F,6,220,,,18R235,,,,,,0,0,000000000,00000000000,0,0,0,1,0,0,0,0,0,0,0,65,0,0,0,12,12,6,2,12,0,0,0,1,97,0,9,9,99,9,9,9,999,999,99,99,99,99,99,99,9999,99,9999,0,0,0,0,0,3,4,70,1,1,8,1,28,3,1,54,1,1,1,52,1,0
12,121072,1,1,3,25,6,3,50,59,0,1,0,12,2,49,32,49032,4,1998,2T1BR12E2WC0,2,T,1,B,R,1,2,E,2,W,C,0,0,P,TOYT,UVL,4D,98,17,2414,,0,970,,G,,F,4,109,,,14R175,,,,,,0,0,000000000,00000000000,0,0,0,1,0,0,0,0,0,0,0,50,0,1,5,2,2,6,2,59,0,0,0,1,12,34689,0,0,0,0,0,0,999,999,0,0,0,0,0,0,0,0,0,1,36,0,0,0,1,2,30,2,1,8,2,0,0,14,13,6,4,4,7,1,1
12,121073,1,1,2,26,6,2,30,42,0,1,0,12,2,54,31,54031,3,2000,JH4DC2391YS0,J,H,4,D,C,2,3,9,1,Y,S,0,0,P,ACUR,GSR,2H,0,17,2672,,0,1012,,G,,F,4,110,,,15R195,,,,,,0,0,000000000,00000000000,0,0,0,1,0,0,0,0,0,0,0,55,0,1,5,11,11,6,2,1,0,0,0,1,12,32460,6,1,0,0,3,0,66,999,0,0,0,0,0,0,0,0,0,0,36,0,0,0,1,2,55,1,5,8,1,0,0,1,13,1,1,4,1,1,1
12,121074,1,2,1,28,6,3,18,12,6,1,0,12,1,7,442,7442,20,2000,1B4GP54L2YB5,1,B,4,G,P,5,4,L,2,Y,B,5,0,T,DODG,GCL,ES,0,17,,1,0,1193,CAR,G,,,6,230,,,,,3932,00,E,42,0,0,000000000,00000000000,0,0,0,1,0,0,0,0,0,0,0,10,0,0,0,3,3,4,3,12,0,0,0,1,12,34609,6,1,0,0,3,3,63,999,0,0,0,0,0,0,0,0,0,0,38,0,0,0,1,2,30,1,1,8,2,0,0,11,15,1,1,1,68,0,0
12,121074,2,2,1,28,6,3,18,12,6,1,0,12,2,98,709,98709,88,2009,LF3YCM5069D0,L,F,3,Y,C,M,5,0,6,9,D,0,0,U,,,,9,17,,,,,,,,,,,,,,,,,,,0,0,000000000,00000000000,0,0,0,1,0,0,0,0,0,0,0,30,0,0,0,12,12,6,2,12,0,0,0,1,12,34614,6,1,0,0,3,0,68,999,0,0,0,0,0,0,0,0,0,0,0,0,0,0,1,2,30,1,1,8,2,0,0,1,62,1,1,1,69,1,0
12,121075,1,2,1,29,6,17,30,12,6,1,0,12,1,37,31,37031,4,1997,JHMEJ6575VS0,J,H,M,E,J,6,5,7,5,V,S,0,0,P,HOND,UCL,4D,97,17,2375,,0,1032,,G,,F,4,097,,,14R185,,,,,,0,0,000000000,00000000000,0,0,0,1,0,0,0,0,0,0,0,999,0,0,0,9,9,6,2,12,0,0,0,1,12,32413,6,1,0,0,3,0,58,999,0,0,0,0,0,0,0,0,0,0,38,0,0,0,1,2,99,1,1,8,1,20,3,1,17,1,1,1,89,1,0
12,121075,2,2,1,29,6,17,30,12,6,1,0,12,1,6,52,6052,6,2004,3C4FY48B74T2,3,C,4,F,Y,4,8,B,7,4,T,2,0,P,CHRY,PTC,SV,4,17,3026,,0,1030,,G,,F,4,148,,,15R195,,,,,,0,0,000000000,00000000000,0,0,0,1,0,0,0,0,0,0,0,999,0,0,0,12,12,6,2,12,0,0,0,1,12,32401,6,1,0,0,3,0,67,999,0,0,0,2,1,2,2009,10,2010,0,0,0,0,0,2,2,55,1,1,8,1,0,0,1,66,1,1,1,88,0,0
12,121076,1,2,3,30,6,12,48,12,6,1,0,12,2,7,482,7482,31,1999,1B7HC13Y5XJ6,1,B,7,H,C,1,3,Y,5,X,J,6,1,T,DODG,Q15,4C,99,17,,2,1547,1387,RPC,G,,,8,318,,,,B,4604,02,U,42,1,0,000000000,00000000000,0,0,0,1,0,0,0,0,0,0,0,25,0,0,0,3,3,4,3,12,0,0,0,1,12,34748,6,1,0,0,3,0,71,999,0,4,0,0,0,12,2008,11,2010,0,39,0,0,0,1,2,25,1,1,8,1,20,3,1,17,1,1,1,87,0,0
12,121076,2,2,1,30,6,12,48,12,6,1,0,99,9,76,998,76998,97,2009,JW1301295,J,W,1,3,0,1,2,9,5,,,,0,M,YAMA,,,9,9,,,,,,,,,,,,,,,,,,,0,0,000000000,00000000000,0,0,0,1,0,0,0,0,0,0,0,20,0,0,0,12,12,6,2,12,0,0,0,1,12,32162,6,1,0,0,3,3,69,999,0,0,0,0,0,0,0,0,0,0,0,0,0,0,1,2,30,1,1,8,1,0,0,1,66,1,1,1,86,1,0
12,121077,1,1,1,30,6,4,5,33,0,1,0,12,1,12,471,12471,30,1995,1FTCR14X9SPA,1,F,T,C,R,1,4,X,9,S,P,A,0,T,FORD,RNS,PC,95,17,,1,0,1250,RNG,G,,,6,245,,,,B,00000,00,M,42,0,0,000000000,00000000000,0,0,0,1,0,0,0,0,0,0,0,65,0,0,0,14,14,6,2,59,0,0,0,1,12,33160,6,1,0,0,3,0,70,999,0,3,0,0,2,4,2010,4,2011,0,36,0,0,0,2,3,65,1,1,8,1,28,3,1,12,1,1,4,6,1,1
12,121078,1,2,1,1,7,12,0,12,6,1,0,12,1,49,32,49032,4,2001,1NXBR12E01Z5,1,N,X,B,R,1,2,E,0,1,Z,5,0,P,TOYT,UCS,4D,1,17,2410,,0,970,,G,,F,4,109,,,14R175,,,,,,0,0,000000000,00000000000,0,0,0,1,0,0,0,0,0,0,0,999,0,0,0,3,3,6,2,12,0,0,0,1,12,33811,6,1,0,0,3,0,71,999,0,0,0,0,0,0,0,0,0,0,38,0,0,0,1,2,99,1,1,8,1,4,3,1,17,1,1,1,87,1,0
12,121078,2,2,1,1,7,12,0,12,6,1,0,12,1,12,401,12401,14,1998,1FMZU32X7WUC,1,F,M,Z,U,3,2,X,7,W,U,C,0,P,FORD,EPR,UT,98,17,3911,,0,1115,,G,,F,6,245,,,15R225,,,,,,0,0,000000000,00000000000,0,0,0,1,0,0,0,0,0,0,0,999,0,0,0,12,12,6,2,12,0,0,0,1,12,33823,6,1,0,0,3,3,68,999,0,2,0,1,1,12,2008,12,2010,0,0,0,0,0,2,2,45,1,1,8,1,4,3,1,66,1,1,1,86,0,0
12,121079,1,1,2,2,7,20,51,5,0,1,0,12,1,23,431,23431,16,1995,1GKFK16K2SJ7,1,G,K,F,K,1,6,K,2,S,J,7,0,T,GMC,KSU,4W,95,17,,2,0,1315,K15,G,,,8,350,,,,B,00000,00,M,44,0,0,000000000,00000000000,0,0,0,1,0,0,0,0,0,0,0,45,0,0,0,0,0,0,3,5,0,0,0,1,12,32119,6,1,0,0,3,0,72,999,0,0,0,0,0,0,0,0,0,0,0,0,0,0,2,2,45,3,1,8,1,3,3,14,98,1,1,1,0,1,1
12,121080,1,1,1,2,7,8,30,9,0,1,0,12,1,42,42,42042,4,2002,WDBRF61J22F2,W,D,B,R,F,6,1,J,2,2,F,2,0,P,MERZ,C24,4D,2,17,3210,,0,1068,,F,,F,6,158,,,16R205,,,,,,0,0,000000000,00000000000,0,0,0,1,0,0,0,0,0,0,0,55,0,0,0,12,12,4,1,9,0,0,0,1,12,32550,6,1,0,0,3,0,62,999,0,0,0,0,0,0,0,0,0,0,0,0,0,0,2,2,55,3,1,8,1,0,0,14,11,1,1,4,13,0,0
12,121081,1,1,2,3,7,1,0,5,0,1,0,12,1,98,998,98998,97,2004,2166188,2,1,6,6,1,8,8,,,,,,0,U,,,,4,7,,,,,,,,,,,,,,,,,,,0,0,000000000,00000000000,0,0,0,1,0,0,0,0,0,0,0,10,0,0,0,0,0,0,1,5,0,0,0,1,12,34481,6,1,0,0,3,3,72,999,0,0,0,0,0,0,0,0,0,0,0,0,0,0,1,2,35,1,1,8,1,0,0,1,98,1,1,1,0,1,1
12,121083,1,1,8,3,7,19,19,1,0,1,0,12,1,12,422,12422,15,1998,1FMEU1760WLA,1,F,M,E,U,1,7,6,0,W,L,A,0,P,FORD,EPT,UT,98,17,4808,,0,1190,,G,,F,8,281,,,16R255,,,,,,0,0,000000000,00000000000,0,0,0,1,0,0,0,0,0,0,0,70,0,1,3,0,0,6,2,1,0,0,0,1,12,32809,0,0,0,0,0,0,999,999,0,0,0,0,0,0,0,0,0,1,58,0,0,0,3,2,70,1,1,8,1,28,3,1,1,1,1,4,98,2,0
12,121084,1,2,1,3,7,7,45,1,0,1,0,12,2,37,705,37705,80,2004,JH2PC37064M1,J,H,2,P,C,3,7,0,6,4,M,1,0,M,HOND,B60,RC,4,17,,,,,,,599,,4,,4,370,,,,,,,0,0,000000000,00000000000,0,0,0,1,0,0,0,0,0,0,0,55,0,0,0,0,0,6,2,12,0,0,0,1,12,34232,6,1,0,0,3,0,69,999,0,1,0,1,0,5,2009,1,2011,0,36,0,0,0,3,3,70,2,5,8,2,0,0,14,98,1,1,1,98,1,0
12,121084,2,2,1,3,7,7,45,1,0,1,0,12,1,82,850,82850,73,1998,4UZ6XJCA4WCA,4,U,Z,6,X,J,C,A,4,W,C,A,1,T,FRHT,XMH,MH,98,17,,7,0,0,CHA,D,,,6,439,,,,,00000,00,,42,1,0,000000000,00000000000,0,0,0,1,0,0,0,0,0,0,0,60,0,0,0,5,5,4,1,12,0,0,0,1,12,33884,6,1,0,0,3,3,72,999,0,0,0,0,0,0,0,0,0,0,0,0,0,0,3,3,70,2,5,8,2,0,0,14,61,1,1,1,98,0,0
12,121085,1,1,1,3,7,14,47,9,0,1,0,12,2,12,17,12017,4,2003,1FAFP53U13A1,1,F,A,F,P,5,3,U,1,3,A,1,0,P,FORD,TSE,4D,3,17,3336,,0,1085,,G,,F,6,182,,,16R215,,,,,,0,0,000000000,00000000000,0,0,0,1,0,0,0,0,0,0,0,40,0,0,0,12,12,4,3,9,0,0,0,1,12,33313,1,1,0,0,2,0,72,999,0,2,0,0,0,6,2010,5,2011,0,0,0,0,0,2,2,45,1,1,8,1,3,3,1,83,1,1,1,13,0,0
12,121086,1,1,1,4,7,22,43,8,0,1,0,12,2,49,482,49482,31,2006,5TBRT38176S4,5,T,B,R,T,3,8,1,7,6,S,4,0,T,TOYT,TXL,4C,6,17,,2,0,1283,TUN,G,,,8,285,,,,C,4470,00,U,42,0,0,000000000,00000000000,0,0,0,1,0,0,0,0,0,0,0,40,0,0,0,12,12,4,3,8,0,0,0,1,12,33145,6,1,0,0,3,0,66,999,0,1,0,0,0,10,2009,10,2009,0,0,0,0,0,2,2,40,1,1,8,1,3,3,1,80,8,1,1,13,0,0
12,121087,1,1,1,6,7,3,10,8,0,1,0,12,3,20,2,20002,4,2006,2G1WS551X693,2,G,1,W,S,5,5,1,X,6,9,3,0,P,CHEV,I/P,4D,6,17,3466,,0,1105,,G,,F,6,238,,,16R225,,,,,,0,0,000000000,00000000000,0,0,0,1,0,0,0,0,0,0,0,45,0,0,0,62,62,4,3,8,0,0,0,1,12,32805,6,1,0,0,3,0,72,999,0,0,0,0,0,0,0,0,0,0,0,0,0,0,2,2,45,1,1,8,1,0,0,1,80,7,1,1,13,0,0