STATE,ST_CASE,VEH_NO,VE_FORMS,NUMOCCS,DAY,MONTH,HOUR,MINUTE,HARM_EV,MAN_COLL,UNITTYPE,HIT_RUN,REG_STAT,OWNER,MAKE,MODEL,MAK_MOD,BODY_TYP,MOD_YEAR,VIN,VIN_1,VIN_2,VIN_3,VIN_4,VIN_5,VIN_6,VIN_7,VIN_8,VIN_9,VIN_10,VIN_11,VIN_12,TOW_VEH,VINTYPE,VINMAKE,VINA_MOD,VIN_BT,VINMODYR,VIN_LNGT,VIN_WGT,WGTCD_TR,WHLBS_LG,WHLBS_SH,SER_TR,FUELCODE,MCYCL_DS,CARBUR,CYLINDER,DISPLACE,MCYCL_CY,MCYCL_WT,TIRE_SZE,TON_RAT,TRK_WT,TRKWTVAR,VIN_REST,WHLDRWHL,J_KNIFE,MCARR_I1,MCARR_I2,MCARR_ID,GVWR,V_CONFIG,CARGO_BT,HAZ_INV,HAZ_PLAC,HAZ_ID,HAZ_CNO,HAZ_REL,BUS_USE,SPEC_USE,EMER_USE,TRAV_SP,UNDERIDE,ROLLOVER,ROLINLOC,IMPACT1,IMPACT2,DEFORMED,TOWED,M_HARM,VEH_SC1,VEH_SC2,FIRE_EXP,DR_PRES,L_STATE,DR_ZIP,L_STATUS,L_TYPE,CDL_STAT,L_ENDORS,L_COMPL,L_RESTRI,DR_HGT,DR_WGT,PREV_ACC,PREV_SUS,PREV_DWI,PREV_SPD,PREV_OTH,FIRST_MO,FIRST_YR,LAST_MO,LAST_YR,SPEEDREL,DR_SF1,DR_SF2,DR_SF3,DR_SF4,VTRAFWAY,VNUM_LAN,VSPD_LIM,VALIGN,VPROFILE,VPAVETYP,VSURCOND,VTRAFCON,VTCONT_F,P_CRASH1,P_CRASH2,P_CRASH3,PCRASH4,PCRASH5,ACC_TYPE,DEATHS,DR_DRINK
12,121124,1,1,1,21,3,18,10,9,0,1,0,12,2,20,471,20471,30,1993,1GCCS14ZXP81,1,G,C,C,S,1,4,Z,X,P,8,1,0,T,CHEV,S14,PK,93,17,,1,1179,1083,S,G,,,6,262,,,,B,2633,02,,42,0,0,000000000,00000000000,0,0,0,1,0,0,0,0,0,0,0,999,0,0,0,12,12,4,1,9,0,0,0,1,12,33175,6,1,6,0,3,0,70,999,0,4,0,1,0,6,2008,3,2011,0,0,0,0,0,1,2,99,1,1,8,1,0,0,1,83,1,1,1,13,0,0
12,121125,1,2,3,12,5,15,49,12,2,1,0,12,2,24,1,24001,4,1995,1G8ZK5273SZ1,1,G,8,Z,K,5,2,7,3,S,Z,1,0,P,STRN,SL2,4D,95,17,2338,,0,1024,,G,,F,4,116,,,15R195,,,,,,0,0,000000000,00000000000,0,0,0,1,0,0,0,0,0,0,0,20,0,0,0,12,12,6,2,12,0,0,0,1,12,32935,0,0,0,0,0,0,999,999,0,0,0,0,0,0,0,0,0,0,38,0,0,0,2,2,45,1,1,8,1,3,3,11,15,1,1,1,68,0,0
12,121125,2,2,1,12,5,15,49,12,2,1,0,12,1,72,706,72706,80,2003,1HD1FBW133Y7,1,H,D,1,F,B,W,1,3,3,Y,7,0,M,HD,LRI,RS,3,17,,,,,,,1450,,2,,4,723,,,,,,,0,0,000000000,00000000000,0,0,0,1,0,0,0,0,0,0,0,45,0,0,0,12,12,6,2,12,0,0,0,1,12,32901,6,1,0,0,3,0,71,999,0,0,0,1,1,10,2008,5,2010,0,0,0,0,0,1,2,40,1,1,8,1,3,3,1,62,1,1,1,69,1,0
12,121126,1,2,1,9,6,9,55,12,6,1,0,12,1,49,40,49040,4,2005,4T1BE32K55U0,4,T,1,B,E,3,2,K,5,5,U,0,0,P,TOYT,XLL,4D,5,17,3108,,0,1071,,G,,F,4,144,,,15R205,,,,,,0,0,000000000,00000000000,0,0,0,1,0,0,0,0,0,0,0,15,0,0,0,1,1,6,2,12,0,0,0,1,12,32003,6,1,0,0,3,0,62,999,0,0,0,1,0,2,2010,2,2010,0,38,0,0,0,2,3,40,1,1,8,1,3,3,11,15,1,1,1,68,0,0
12,121126,2,2,3,9,6,9,55,12,6,1,0,12,2,12,481,12481,31,2007,1FTPW12V47FA,1,F,T,P,W,1,2,V,4,7,F,A,0,T,FORD,F1S,CW,7,17,,2,0,1390,COF,F,,,8,329,,,,B,5176,01,E,42,0,0,000000000,00000000000,0,0,0,1,0,0,0,0,0,0,0,40,0,0,0,12,12,6,2,12,0,0,0,1,12,32068,6,1,0,0,3,0,67,999,0,0,0,1,0,9,2009,9,2009,0,0,0,0,0,2,3,40,1,1,8,1,3,3,1,62,1,1,1,69,1,0
12,121127,1,1,5,25,6,12,0,42,0,1,0,12,2,20,403,20403,14,2005,1GNDS13S9523,1,G,N,D,S,1,3,S,9,5,2,3,0,P,CHEV,TRL,UT,5,17,4425,,0,1130,,G,,F,6,256,,,16R245,,,,,,0,0,000000000,00000000000,0,0,0,1,0,0,0,0,0,0,0,999,0,0,0,61,61,6,2,42,0,0,0,1,12,33853,6,1,0,0,3,0,64,999,0,0,0,0,0,0,0,0,0,0,28,0,0,0,1,2,50,3,1,8,2,0,0,14,13,1,1,4,1,1,0
12,121128,1,2,1,3,7,19,40,12,6,1,0,12,2,37,32,37032,4,2003,JHMCM56673C0,J,H,M,C,M,5,6,6,7,3,C,0,0,P,HOND,UEX,4D,3,17,3109,,0,1079,,G,,F,4,146,,,16R205,,,,,,0,0,000000000,00000000000,0,0,0,1,0,0,0,0,0,0,0,15,0,0,0,9,9,6,2,12,0,0,0,1,12,32068,6,1,0,0,3,0,66,999,0,2,0,1,0,11,2008,11,2010,0,38,0,0,0,1,2,35,1,1,8,1,20,3,11,15,1,1,1,82,1,0
12,121128,2,2,1,3,7,19,40,12,6,1,0,12,2,12,401,12401,14,1999,1FMYU22X3XUB,1,F,M,Y,U,2,2,X,3,X,U,B,0,P,FORD,EPR,UT,99,17,3675,,0,1017,,G,,F,6,245,,,15R235,,,,,,0,0,000000000,00000000000,0,0,0,1,0,0,0,0,0,0,0,40,0,0,0,12,12,6,2,12,0,0,0,1,12,32257,6,1,0,0,3,3,65,999,0,1,0,1,0,11,2008,4,2009,1,0,0,0,0,1,2,35,1,1,8,1,0,0,1,67,1,1,1,83,0,1
12,121129,1,1,2,4,7,0,0,8,0,1,0,12,1,54,39,54039,4,2010,JH4CU2F6XAC0,J,H,4,C,U,2,F,6,X,A,C,0,0,P,ACUR,TSX,4D,10,17,3470,,0,1064,,G,,F,4,146,,,17R225,,,,,,0,0,000000000,00000000000,0,0,0,1,0,0,0,0,0,0,0,35,0,0,0,12,12,4,3,8,0,0,0,1,12,32828,6,1,0,0,3,3,72,999,0,0,0,0,0,0,0,0,0,0,0,0,0,0,2,3,45,1,1,8,1,50,3,1,80,9,1,1,13,0,0
12,121130,1,1,1,11,7,7,15,8,0,1,0,12,1,12,37,12037,3,2005,3FAFP31N05R1,3,F,A,F,P,3,1,N,0,5,R,1,0,P,FORD,FZX,3P,5,17,2654,,0,1030,,G,,F,4,122,,,15R195,,,,,,0,0,000000000,00000000000,0,0,0,1,0,0,0,0,0,0,0,30,0,0,0,82,82,4,3,8,0,0,0,1,12,32087,6,1,0,0,3,0,62,999,0,0,0,0,0,0,0,0,0,0,0,0,0,0,5,2,30,1,1,8,1,0,0,1,80,1,1,1,13,0,0
12,121131,1,1,1,11,7,19,50,34,0,1,0,12,1,7,472,7472,30,1993,1B7FL26X4PS1,1,B,7,F,L,2,6,X,4,P,S,1,0,T,DODG,DAK,PK,93,17,,1,1239,1119,DAK,G,,,6,239,,,,B,2885,01,A,42,0,0,000000000,00000000000,0,0,0,1,0,0,0,0,0,0,0,55,0,1,5,12,13,6,8,1,0,0,0,1,12,32066,6,1,0,0,3,3,72,999,0,0,0,0,0,0,0,0,0,0,28,0,0,0,1,2,55,1,1,8,1,0,0,1,13,1,1,4,1,1,1
12,121132,1,2,1,13,7,2,24,12,6,1,0,12,2,49,401,49401,14,2002,JT3GN86RX202,J,T,3,G,N,8,6,R,X,2,0,2,0,P,TOYT,RUN,UT,2,17,3740,,0,1053,,G,,F,6,206,,,15R225,,,,,,0,0,000000000,00000000000,0,0,0,1,0,0,0,0,0,0,0,999,0,0,0,12,12,6,2,12,0,0,0,1,12,33810,6,1,0,0,3,0,69,999,0,1,0,0,0,4,2010,4,2010,0,36,0,0,0,2,3,40,1,1,8,1,3,3,1,17,1,1,1,86,1,1
12,121132,2,2,1,13,7,2,24,12,6,1,0,13,3,82,881,82881,66,2007,1FUJA6CK47LY,1,F,U,J,A,6,C,K,4,7,L,Y,1,T,FRHT,COL,TR,7,17,,8,0,0,CON,D,,,6,855,,,,,00000,00,,64,1,13,1851840,131851840,3,6,1,1,0,0,0,0,0,0,0,999,0,0,0,83,83,4,8,12,0,0,0,1,12,33801,6,1,6,3,3,3,68,999,1,0,0,0,1,12,2009,1,2010,0,0,0,0,0,2,3,45,1,1,8,1,3,3,1,66,1,1,1,87,0,0
12,121133,1,1,1,14,7,21,30,1,0,1,0,12,9,37,706,37706,80,2007,1HFSC55037A3,1,H,F,S,C,5,5,0,3,7,A,3,0,M,HOND,13V,RS,7,17,,,,,,,1312,,2,,4,641,,,,,,,0,0,000000000,00000000000,0,0,0,1,0,0,0,0,0,0,0,50,0,0,0,0,83,4,3,1,0,0,0,1,12,34743,6,1,0,0,3,0,73,999,0,0,0,0,0,0,0,0,0,1,0,0,0,0,1,2,25,1,1,8,1,0,0,1,98,1,1,1,98,1,1
12,121134,1,2,2,15,7,18,45,12,6,1,0,12,1,59,31,59031,4,2002,JTHBF30G9200,J,T,H,B,F,3,0,G,9,2,0,0,0,P,LEXS,ES3,4D,2,17,3439,,0,1071,,G,,F,6,183,,,16R215,,,,,,0,0,000000000,00000000000,0,0,0,1,0,0,0,0,0,0,0,60,0,0,0,3,3,6,2,12,0,0,0,1,12,32063,6,1,0,0,3,0,67,999,0,0,0,0,0,0,0,0,0,0,36,0,0,0,1,2,60,1,1,8,2,0,0,1,10,1,4,2,64,1,0
12,121134,2,2,3,15,7,18,45,12,6,1,0,12,2,55,37,55037,3,2000,KMHJG35F6YU2,K,M,H,J,G,3,5,F,6,Y,U,2,0,P,HYUN,TIB,CP,0,17,2633,,0,974,,G,,F,4,121,,,15R195,,,,,,0,0,000000000,00000000000,0,0,0,1,0,0,0,0,0,0,0,60,0,0,0,12,12,6,2,12,0,0,0,1,12,32234,6,1,0,0,3,3,64,999,0,0,0,0,1,10,2008,10,2008,0,0,0,0,0,1,2,60,1,1,8,2,0,0,1,62,9,1,1,65,0,0
12,121135,1,2,1,15,7,22,56,12,9,1,0,37,1,35,472,35472,30,2006,1N6AD06U86C4,1,N,6,A,D,0,6,U,8,6,C,4,0,T,NISS,KEO,PC,6,17,,1,0,1259,FRT,G,,,6,244,,,,C,4139,02,K,42,0,0,000000000,00000000000,0,0,0,1,0,0,0,0,0,0,0,85,0,0,0,9,9,6,2,42,0,0,0,1,37,28580,6,1,0,0,3,0,71,999,1,0,0,0,0,6,2010,6,2010,1,36,0,0,0,3,3,70,1,1,8,2,0,0,15,11,1,1,2,46,1,1
12,121135,2,2,2,15,7,22,56,12,9,1,0,12,3,37,32,37032,4,2004,1HGCM56354A0,1,H,G,C,M,5,6,3,5,4,A,0,0,P,HOND,ULX,4D,4,17,3113,,0,1079,,G,,F,4,146,,,15R205,,,,,,0,0,000000000,00000000000,0,0,0,1,0,0,0,0,0,0,0,70,0,0,0,6,6,6,2,12,0,0,0,1,12,32259,6,1,0,0,3,3,67,999,0,0,0,0,0,0,0,0,0,0,0,0,0,0,3,3,70,1,1,8,2,0,0,1,60,1,1,1,45,0,0
12,121136,1,2,1,17,7,17,14,12,6,1,0,12,2,7,472,7472,30,2002,1B7HL48X82S6,1,B,7,H,L,4,8,X,8,2,S,6,0,T,DODG,DQS,CW,2,17,,2,0,1309,DAK,G,,,6,239,,,,B,4117,01,E,42,0,0,000000000,00000000000,0,0,0,1,0,0,0,0,0,0,0,50,0,0,0,3,3,6,2,12,0,0,0,1,12,33170,6,1,6,0,3,0,67,999,1,4,0,2,1,9,2009,3,2011,0,28,0,0,0,1,2,45,1,1,8,2,0,0,1,10,1,1,2,64,1,1
12,121136,2,2,1,17,7,17,14,12,6,1,0,12,2,12,461,12461,21,1996,1FTFS24HXTHB,1,F,T,F,S,2,4,H,X,T,H,B,0,T,FORD,S2V,EC,96,17,,2,0,1380,CVS,G,,,8,351,,,,C,00000,00,M,42,0,0,000000000,00000000000,0,0,0,1,0,0,0,0,0,0,0,50,0,0,0,12,12,6,2,12,0,0,0,1,12,33034,6,1,6,0,3,3,71,999,0,5,0,0,0,3,2010,5,2010,0,0,0,0,0,1,2,45,1,1,8,2,0,0,1,62,1,1,1,65,0,0
12,121137,1,2,1,17,7,5,0,12,1,1,0,12,1,37,31,37031,2,1997,1HGEJ8143VL0,1,H,G,E,J,8,1,4,3,V,L,0,0,P,HOND,UAX,CP,97,17,2460,,0,1032,,G,,F,4,097,,,14R185,,,,,,0,0,000000000,00000000000,0,0,0,1,0,0,0,0,0,0,0,85,0,0,0,12,12,6,2,12,0,0,0,1,12,33064,6,1,0,0,3,0,68,999,2,0,0,0,0,9,2009,12,2009,1,0,0,0,0,3,4,65,1,1,8,1,0,0,1,51,1,1,1,24,1,1
12,121137,2,2,1,17,7,5,0,12,1,1,0,13,3,82,881,82881,66,2007,1FUJA6CK67LX,1,F,U,J,A,6,C,K,6,7,L,X,1,T,FRHT,COL,TR,7,17,,8,0,0,CON,D,,,6,855,,,,,00000,00,,64,1,13,19682,1319682,3,6,1,1,0,0,0,0,0,0,0,62,0,0,0,6,6,6,2,12,0,0,0,1,12,33868,6,1,6,3,3,0,72,999,0,0,0,2,2,11,2008,9,2010,0,0,0,0,0,3,4,65,1,1,8,1,0,0,1,53,1,1,1,25,0,0
12,121138,1,2,1,25,7,14,30,12,1,1,0,12,1,37,706,37706,80,2008,JH2SC59098M0,J,H,2,S,C,5,9,0,9,8,M,0,0,M,HOND,CBS,RC,8,17,,,,,,,998,,4,,4,439,,,,,,,0,0,000000000,00000000000,0,0,0,1,0,0,0,0,0,0,0,70,0,0,0,12,12,6,2,12,0,0,0,1,12,32935,6,1,0,0,3,0,70,999,0,1,0,0,2,3,2009,6,2011,0,35,0,0,0,2,3,45,1,1,8,1,0,0,6,51,1,1,2,24,1,0
12,121138,2,2,1,25,7,14,30,12,1,1,0,0,0,12,998,12998,97,9999,105803B,1,0,5,8,0,3,B,,,,,,0,U,,,,,7,,,,,,,,,,,,,,,,,,,0,0,000000000,00000000000,0,0,0,1,0,0,0,0,0,0,0,10,0,0,0,6,6,4,3,12,0,0,0,1,12,32934,6,1,6,0,3,0,74,999,0,0,0,0,0,0,0,0,0,0,0,0,0,0,2,3,45,1,1,8,1,0,0,15,53,1,1,1,25,0,0
12,121139,1,2,1,17,7,1,3,12,1,1,0,12,1,76,705,76705,80,2007,JYARJ06E57A0,J,Y,A,R,J,0,6,E,5,7,A,0,0,M,YAMA,F6S,RC,7,17,,,,,,,600,,4,,4,357,,,,,,,0,0,000000000,00000000000,0,0,0,1,0,0,0,0,0,0,0,45,0,0,0,12,12,6,2,12,0,0,0,1,12,32765,6,1,0,0,3,3,74,999,0,3,0,0,3,9,2008,2,2011,0,36,0,0,0,5,6,45,1,1,8,1,0,0,1,52,1,1,1,28,1,0
12,121139,2,2,1,17,7,1,3,12,1,1,0,12,2,12,37,12037,3,2000,3FAFP3139YR1,3,F,A,F,P,3,1,3,9,Y,R,1,0,P,FORD,FZX,3P,0,17,2551,,0,1030,,G,,F,4,121,,,15R195,,,,,,0,0,000000000,00000000000,0,0,0,1,0,0,0,0,0,0,0,30,0,0,0,6,6,4,1,12,0,0,0,1,12,32811,6,1,0,0,3,0,64,999,0,2,0,0,0,10,2008,10,2008,0,0,0,0,0,5,6,45,1,1,8,1,0,0,2,53,1,1,1,29,0,0
12,121140,1,1,2,19,7,23,10,38,0,1,0,12,2,35,481,35481,31,2008,1N6BA07D48N3,1,N,6,B,A,0,7,D,4,8,N,3,0,T,NISS,TXS,CW,8,17,,2,0,1398,TTN,F,,,8,342,,,,B,4908,00,4,42,0,0,000000000,00000000000,0,0,0,1,0,0,0,0,0,0,0,50,0,0,0,61,61,6,2,38,0,0,0,1,12,32068,6,1,0,0,3,0,69,999,0,0,0,0,0,0,0,0,0,0,36,0,0,0,2,2,30,4,1,8,1,28,3,14,13,1,3,4,2,1,1
12,121141,1,1,1,19,7,3,45,42,0,1,0,12,2,19,18,19018,4,2003,1G6DM57N6301,1,G,6,D,M,5,7,N,6,3,0,1,0,P,CADI,C/T,4D,3,17,3509,,0,1134,,G,,F,6,194,,,16R225,,,,,,0,0,000000000,00000000000,0,0,0,1,0,0,0,0,0,0,0,60,0,0,0,12,12,6,2,2,0,0,1,1,12,32303,6,1,0,0,3,0,68,999,0,6,0,2,2,9,2008,4,2011,1,36,0,0,0,1,2,60,3,1,8,1,28,3,14,13,1,1,4,1,1,1
12,121142,1,1,1,20,7,3,40,21,0,1,0,12,1,12,461,12461,21,1991,1FMEE11H7MHA,1,F,M,E,E,1,1,H,7,M,H,A,0,P,FORD,CLU,SV,91,17,3836,,0,1380,,G,,F,8,351,,,15R235,,,,,,0,0,000000000,00000000000,0,0,0,1,0,0,0,0,0,0,0,65,0,0,0,12,12,6,2,2,0,0,1,1,12,32217,6,1,0,0,3,3,74,999,0,0,0,0,0,0,0,0,0,0,0,0,0,0,2,2,65,1,1,8,1,0,0,1,13,1,1,4,1,1,0
12,121144,1,2,1,22,7,18,5,12,6,1,0,12,1,20,421,20421,15,1996,1GNDT13W9T22,1,G,N,D,T,1,3,W,9,T,2,2,0,P,CHEV,BZR,UT,96,17,4023,,0,1070,,G,,F,6,262,,,15R235,,,,,,0,0,000000000,00000000000,0,0,0,1,0,0,0,0,0,0,0,45,0,0,0,12,12,6,2,12,0,0,0,1,12,32709,6,1,0,0,3,0,74,999,0,1,0,0,0,5,2010,5,2010,0,39,0,0,0,2,2,45,1,1,8,2,3,3,1,17,1,1,1,83,0,0
12,121144,2,2,2,22,7,18,5,12,6,1,0,12,1,7,43,7043,4,1997,1B3EJ46X7VN5,1,B,3,E,J,4,6,X,7,V,N,5,0,P,DODG,STR,4D,97,17,2912,,0,1080,,G,,F,4,148,,,14R195,,,,,,0,0,000000000,00000000000,0,0,0,1,0,0,0,0,0,0,0,15,0,0,0,3,3,6,2,12,0,0,0,1,12,32820,6,1,0,0,3,0,67,999,0,0,0,0,0,0,0,0,0,0,0,0,0,0,1,3,45,1,1,8,2,3,3,11,66,1,1,1,82,1,0
12,121145,1,2,1,23,7,5,30,12,2,1,0,12,1,21,401,21401,14,1993,1GHDT13W5P27,1,G,H,D,T,1,3,W,5,P,2,7,0,P,OLDS,BRA,UT,93,17,3887,,0,1070,,G,,F,6,262,,,15R205,,,,,,0,0,000000000,00000000000,0,0,0,1,0,0,0,0,0,0,0,55,0,0,0,12,12,6,2,12,0,0,0,1,12,34488,6,1,0,0,3,0,64,999,0,0,0,0,0,0,0,0,0,0,51,0,0,0,1,3,55,1,1,8,1,0,0,1,10,1,1,2,50,1,1
12,121145,2,2,2,23,7,5,30,12,2,1,0,12,2,12,481,12481,31,2004,1FTRX12W44NC,1,F,T,R,X,1,2,W,4,4,N,C,0,T,FORD,F15,4C,4,17,,2,1450,1260,COF,G,,,8,281,,,,B,5170,00,U,42,0,0,000000000,00000000000,0,0,0,1,0,0,0,0,0,0,0,55,0,1,5,12,12,6,2,12,0,0,0,1,12,32628,6,1,6,0,3,0,72,999,0,0,0,0,0,0,0,0,0,0,0,0,0,0,1,3,55,1,1,8,1,0,0,1,62,1,1,1,51,1,0
12,121146,1,1,1,24,7,23,15,1,0,1,0,12,2,37,705,37705,80,2008,JH2PC40028M1,J,H,2,P,C,4,0,0,2,8,M,1,0,M,HOND,B60,RC,8,17,,,,,,,599,,4,,4,410,,,,,,,0,0,000000000,00000000000,0,0,0,1,0,0,0,0,0,0,0,80,0,0,0,0,61,6,2,24,0,0,0,1,12,33012,6,1,0,0,3,0,72,999,0,0,0,3,0,2,2010,3,2011,0,0,0,0,0,6,2,60,2,1,8,1,0,0,14,98,1,1,1,98,1,0
12,121147,1,2,1,24,7,13,16,1,0,1,0,12,2,37,706,37706,80,2001,JH2SC44041M1,J,H,2,S,C,4,4,0,4,1,M,1,0,M,HOND,CR9,RC,1,17,,,,,,,929,,4,,4,379,,,,,,,0,0,000000000,00000000000,0,0,0,1,0,0,0,0,0,0,0,35,0,0,0,0,13,6,2,12,0,0,0,1,12,32817,6,1,0,0,3,3,65,999,0,2,0,0,1,10,2008,10,2010,1,35,0,0,0,1,2,35,1,1,8,1,0,0,1,98,1,1,2,98,1,0
12,121147,2,2,2,24,7,13,16,1,0,1,0,12,1,2,404,2404,14,1991,1J4FT58S7ML6,1,J,4,F,T,5,8,S,7,M,L,6,0,T,JEEP,LAR,4W,91,17,,1,0,1014,CHK,G,,,6,242,,,,,2779,01,A,42,0,0,000000000,00000000000,0,0,0,1,0,0,0,0,0,0,0,35,0,0,0,6,6,4,3,12,0,0,0,1,12,32817,6,1,6,0,3,0,69,999,0,0,0,0,0,0,0,0,0,0,0,0,0,0,1,2,35,1,1,8,1,0,0,1,62,1,1,1,98,0,0
12,121148,1,1,1,25,7,17,1,42,0,1,0,55,1,12,481,12481,31,1998,2FTZF1724WCB,2,F,T,Z,F,1,7,2,4,W,C,B,0,T,FORD,F15,PK,98,17,,1,1390,1200,COF,G,,,6,256,,,,B,3800,02,E,42,0,0,000000000,00000000000,0,0,0,1,0,0,0,0,0,0,0,60,0,0,0,62,62,6,2,42,0,0,0,1,55,53207,6,1,0,0,3,3,75,225,0,0,0,0,0,0,0,0,0,0,28,58,0,0,1,2,55,1,1,8,1,0,0,1,13,6,1,4,6,1,1
12,121149,1,1,1,25,7,15,23,8,0,1,0,12,1,12,481,12481,31,1994,1FTEX15NXRKA,1,F,T,E,X,1,5,N,X,R,K,A,0,T,FORD,F15,PC,94,17,,2,1550,1390,COF,G,,,8,302,,,,B,4186,01,M,42,0,0,000000000,00000000000,0,0,0,1,0,0,0,0,0,0,0,45,0,0,0,12,12,4,3,8,0,0,0,1,12,34786,6,1,0,0,3,0,72,999,0,1,0,0,0,7,2011,7,2011,0,0,0,0,0,5,6,45,1,1,8,1,0,0,1,80,99,1,1,13,0,0
12,121150,1,1,1,26,7,13,10,25,0,1,0,12,1,12,401,12401,14,2000,1FMZU63E1YZC,1,F,M,Z,U,6,3,E,1,Y,Z,C,0,P,FORD,EPR,UT,0,17,3906,,0,1116,,G,,F,6,245,,,15R235,,,,,,0,0,000000000,00000000000,0,0,0,1,0,0,0,0,0,0,0,70,0,1,5,11,11,6,2,3,0,0,0,1,12,33569,6,1,0,0,3,0,71,999,0,5,0,1,0,9,2008,5,2011,0,28,0,0,0,3,4,70,1,1,8,1,0,0,1,12,1,4,4,7,1,1
12,121151,1,2,1,26,7,7,58,12,2,1,0,12,1,37,31,37031,4,2009,2HGFA16569H3,2,H,G,F,A,1,6,5,6,9,H,3,0,P,HOND,UCL,4D,9,17,2687,,0,1063,,G,,F,4,110,,,16R205,,,,,,0,0,000000000,00000000000,0,0,0,1,0,0,0,0,0,0,0,15,0,0,0,12,12,6,2,12,0,0,0,1,12,33176,6,1,0,0,3,3,66,999,0,0,0,1,0,4,2009,4,2009,0,36,38,0,0,2,3,45,1,1,8,1,3,3,11,15,1,1,1,68,0,0
12,121151,2,2,2,26,7,7,58,12,2,1,0,12,1,49,32,49032,4,2004,JTDBR32E0420,J,T,D,B,R,3,2,E,0,4,2,0,0,P,TOYT,EEL,4D,4,17,2502,,0,1024,,G,,F,4,109,,,15R185,,,,,,0,0,000000000,00000000000,0,0,0,1,0,0,0,0,0,0,0,35,0,0,0,12,12,6,2,12,0,0,0,1,12,33184,6,1,0,0,3,3,67,999,0,0,0,0,0,0,0,0,0,0,0,0,0,0,2,3,45,1,1,8,1,3,3,1,62,1,1,1,69,1,0
12,121152,1,1,1,28,7,10,13,8,0,1,0,12,1,53,706,53706,80,2007,JS1GT77A2721,J,S,1,G,T,7,7,A,2,7,2,1,0,M,SUZI,XR1,RC,7,17,,,,,,,999,,4,,4,379,,,,,,,0,0,000000000,00000000000,0,0,0,1,0,0,0,0,0,0,0,60,0,0,0,12,12,6,2,8,0,0,0,1,12,34609,6,1,0,0,3,3,68,999,0,1,0,0,1,4,2011,5,2011,1,39,0,0,0,2,3,40,1,1,8,1,3,3,1,80,1,1,1,13,0,0
12,121153,1,1,4,28,7,23,50,18,0,1,0,12,1,49,482,49482,31,2008,5TFRU541X8X0,5,T,F,R,U,5,4,1,X,8,X,0,0,T,TOYT,DLS,CW,8,17,,2,0,1457,TUN,G,,,6,244,,,,B,4930,00,7,42,0,0,000000000,00000000000,0,0,0,1,0,0,0,0,0,0,0,70,0,1,5,12,0,6,2,1,0,0,0,1,12,32927,1,1,0,0,2,0,67,999,1,8,1,1,0,8,2008,6,2011,0,36,0,0,0,2,3,70,1,1,8,1,0,0,1,13,1,1,4,1,2,1
12,121154,1,1,2,29,7,18,44,9,0,1,0,12,2,49,40,49040,4,2000,4T1BG28K2YU6,4,T,1,B,G,2,8,K,2,Y,U,6,0,P,TOYT,UEX,4D,0,17,2998,,0,1051,,G,,F,4,132,,,14R195,,,,,,0,0,000000000,00000000000,0,0,0,1,0,0,0,0,0,0,0,45,0,0,0,12,11,6,2,9,0,0,0,1,12,32828,6,1,0,0,3,0,69,999,0,0,0,1,0,1,2010,1,2010,0,0,0,0,0,2,2,45,1,1,8,1,3,3,1,83,7,1,1,13,0,0
12,121155,1,1,4,30,7,20,12,8,0,1,0,12,1,37,32,37032,2,2007,1HGCM72367A0,1,H,G,C,M,7,2,3,6,7,A,0,0,P,HOND,ULX,CP,7,17,3122,,0,1051,,G,,F,4,146,,,16R205,,,,,,0,0,000000000,00000000000,0,0,0,1,0,0,0,0,0,0,0,45,0,0,0,12,12,4,3,8,0,0,0,1,12,32507,6,1,0,0,3,3,67,999,0,0,0,1,0,2,2011,2,2011,0,0,0,0,0,2,2,45,1,1,8,1,0,0,1,80,1,1,1,13,0,0
12,121156,1,2,1,30,1,0,35,12,2,1,0,12,1,59,31,59031,4,1992,JT8VK13T0N00,J,T,8,V,K,1,3,T,0,N,0,0,0,P,LEXS,ES3,4D,92,17,3406,,0,1031,,G,,F,6,180,,,15R205,,,,,,0,0,000000000,00000000000,0,0,0,1,0,0,0,0,0,0,0,35,0,0,0,12,12,6,2,12,0,0,0,1,12,33610,6,1,0,0,3,0,62,999,0,1,0,0,0,12,2010,12,2010,0,0,0,0,0,5,4,35,1,1,8,1,0,0,1,62,1,1,1,51,1,0
12,121156,2,2,3,30,1,0,35,12,2,1,0,12,1,54,35,54035,4,2001,19UUA56651A0,1,9,U,U,A,5,6,6,5,1,A,0,0,P,ACUR,32T,4D,1,17,3483,,0,1081,,G,,F,6,197,,,16R205,,,,,,0,0,000000000,00000000000,0,0,0,1,0,0,0,0,0,0,0,35,0,0,0,12,12,6,2,12,0,0,0,1,12,33603,6,1,0,0,3,0,66,999,0,1,0,0,0,2,2009,2,2009,0,38,0,0,0,5,4,35,1,1,8,1,0,0,1,11,1,1,2,50,0,0
12,121157,1,1,1,2,2,15,24,9,0,1,0,12,1,54,421,54421,15,2009,2HNYD28279H5,2,H,N,Y,D,2,8,2,7,9,H,5,0,P,ACUR,MDX,UT,9,17,4548,,0,1083,,G,,F,6,226,,,18R235,,,,,,0,0,000000000,00000000000,0,0,0,1,0,0,0,0,0,0,0,5,0,0,0,12,12,4,3,9,0,0,0,1,12,33334,6,1,0,0,3,3,71,999,0,0,0,0,0,0,0,0,0,0,38,0,0,0,3,3,40,1,1,8,1,20,3,10,83,1,1,1,13,0,0