STATE,ST_CASE,VEH_NO,VE_FORMS,NUMOCCS,DAY,MONTH,HOUR,MINUTE,HARM_EV,MAN_COLL,UNITTYPE,HIT_RUN,REG_STAT,OWNER,MAKE,MODEL,MAK_MOD,BODY_TYP,MOD_YEAR,VIN,VIN_1,VIN_2,VIN_3,VIN_4,VIN_5,VIN_6,VIN_7,VIN_8,VIN_9,VIN_10,VIN_11,VIN_12,TOW_VEH,VINTYPE,VINMAKE,VINA_MOD,VIN_BT,VINMODYR,VIN_LNGT,VIN_WGT,WGTCD_TR,WHLBS_LG,WHLBS_SH,SER_TR,FUELCODE,MCYCL_DS,CARBUR,CYLINDER,DISPLACE,MCYCL_CY,MCYCL_WT,TIRE_SZE,TON_RAT,TRK_WT,TRKWTVAR,VIN_REST,WHLDRWHL,J_KNIFE,MCARR_I1,MCARR_I2,MCARR_ID,GVWR,V_CONFIG,CARGO_BT,HAZ_INV,HAZ_PLAC,HAZ_ID,HAZ_CNO,HAZ_REL,BUS_USE,SPEC_USE,EMER_USE,TRAV_SP,UNDERIDE,ROLLOVER,ROLINLOC,IMPACT1,IMPACT2,DEFORMED,TOWED,M_HARM,VEH_SC1,VEH_SC2,FIRE_EXP,DR_PRES,L_STATE,DR_ZIP,L_STATUS,L_TYPE,CDL_STAT,L_ENDORS,L_COMPL,L_RESTRI,DR_HGT,DR_WGT,PREV_ACC,PREV_SUS,PREV_DWI,PREV_SPD,PREV_OTH,FIRST_MO,FIRST_YR,LAST_MO,LAST_YR,SPEEDREL,DR_SF1,DR_SF2,DR_SF3,DR_SF4,VTRAFWAY,VNUM_LAN,VSPD_LIM,VALIGN,VPROFILE,VPAVETYP,VSURCOND,VTRAFCON,VTCONT_F,P_CRASH1,P_CRASH2,P_CRASH3,PCRASH4,PCRASH5,ACC_TYPE,DEATHS,DR_DRINK
12,121191,2,2,2,13,7,23,25,12,6,1,0,12,1,63,34,63034,4,2002,KNAGD1261251,K,N,A,G,D,1,2,6,1,2,5,1,0,P,KIA,OLS,4D,2,17,3157,,0,1063,,G,,F,4,144,,,15R205,,,,,,0,0,000000000,00000000000,0,0,0,1,0,0,0,0,0,0,0,35,0,0,0,9,9,6,2,12,0,0,0,1,12,33713,6,1,0,0,3,0,73,999,0,0,0,0,0,0,0,0,0,0,0,0,0,0,4,3,35,1,1,8,1,0,0,1,66,1,1,1,89,1,0
12,121192,1,1,1,14,7,20,50,8,0,1,0,12,1,20,37,20037,4,2003,1G1ND52J23M7,1,G,1,N,D,5,2,J,2,3,M,7,0,P,CHEV,MAL,4D,3,17,3106,,0,1070,,G,,F,6,191,,,15R215,,,,,,0,0,000000000,00000000000,0,0,0,1,0,0,0,0,0,0,0,30,0,0,0,12,12,6,2,8,0,0,0,1,12,33130,6,1,0,0,3,3,69,999,0,0,0,0,0,0,0,0,0,0,0,0,0,0,4,3,35,1,1,8,1,0,0,1,80,1,1,1,13,0,0
12,121193,1,2,1,14,7,16,5,12,2,1,0,12,2,58,33,58033,4,1993,JNKCP01D1PT4,J,N,K,C,P,0,1,D,1,P,T,4,0,P,INFI,G20,4D,93,17,2745,,0,1004,,G,,F,4,122,,,14R195,,,,,,0,0,000000000,00000000000,0,0,0,1,0,0,0,0,0,0,0,30,0,0,0,12,12,6,2,12,0,0,0,1,37,28609,6,1,0,0,3,3,63,999,0,0,0,0,0,0,0,0,0,0,51,0,0,0,1,2,30,3,1,8,2,0,0,14,10,1,1,1,50,1,0
12,121193,2,2,1,14,7,16,5,12,2,1,0,12,3,7,442,7442,20,2003,1D4GP25B43B2,1,D,4,G,P,2,5,B,4,3,B,2,0,P,DODG,CAR,SV,3,17,3758,,0,1133,,G,,F,4,148,,,16R215,,,,,,0,0,000000000,00000000000,0,0,0,1,0,0,0,0,0,0,0,30,0,0,0,12,12,6,2,12,0,0,0,1,12,32168,6,1,0,0,3,3,61,999,0,0,0,0,0,0,0,0,0,0,0,0,0,0,1,2,30,1,1,8,2,0,0,1,62,1,1,1,51,0,0
12,121194,1,2,2,19,7,14,5,12,2,1,0,12,1,12,481,12481,31,2007,1FTPW14V17KA,1,F,T,P,W,1,4,V,1,7,K,A,0,T,FORD,F1S,CW,7,17,,2,0,1390,COF,F,,,8,329,,,,B,5476,01,E,44,0,0,000000000,00000000000,0,0,0,1,0,0,0,0,0,0,0,45,0,0,0,12,12,6,2,12,0,0,1,1,12,34953,6,1,0,0,3,0,68,999,0,1,0,2,0,2,2009,11,2010,0,51,28,0,0,1,2,45,2,5,8,1,0,0,14,10,1,1,2,50,0,0
12,121194,2,2,1,19,7,14,5,12,2,1,0,13,1,39,34,39034,4,2000,SAJDA01D3YGL,S,A,J,D,A,0,1,D,3,Y,G,L,0,P,JAGU,STP,4D,0,17,3770,,0,1145,,G,,F,8,244,,,16R225,,,,,,0,0,000000000,00000000000,0,0,0,1,0,0,0,0,0,0,0,45,0,0,0,12,12,6,2,12,0,0,0,1,12,34953,6,1,0,0,3,3,66,999,0,0,0,1,0,7,2011,7,2011,0,0,0,0,0,1,2,45,3,6,8,1,0,0,14,62,1,1,1,51,1,0
12,121195,1,1,1,23,7,16,55,1,0,1,0,12,9,37,733,37733,90,2004,JH3TE19054K9,J,H,3,T,E,1,9,0,5,4,K,9,0,M,HOND,TEX,AT,4,17,,,,,,,282,,1,,4,377,,,,,,,0,0,000000000,00000000000,0,0,0,1,0,0,0,0,0,0,0,999,0,1,5,0,0,4,3,1,0,0,0,1,12,34142,1,1,0,0,2,0,72,999,0,1,0,1,0,8,2010,11,2010,0,36,0,0,0,1,2,99,1,1,8,1,0,0,1,12,1,1,4,6,1,0
12,121196,1,1,1,23,7,2,57,8,0,1,0,12,3,12,16,12016,4,2005,2FAFP71W95X1,2,F,A,F,P,7,1,W,9,5,X,1,0,P,FORD,CVP,4D,5,17,0,,0,1147,,G,,F,8,281,,,16R225,,,,,,0,0,000000000,00000000000,0,0,0,1,0,0,0,0,0,5,1,999,0,0,0,11,11,4,3,8,41,0,0,1,12,33030,6,1,0,0,3,3,76,999,0,0,0,0,0,0,0,0,0,0,0,0,0,0,1,2,30,1,1,8,1,3,3,1,80,1,1,1,13,0,0
12,121197,1,1,2,24,7,22,43,1,0,1,0,12,1,72,706,72706,80,1995,1HD1GEL17SY3,1,H,D,1,G,E,L,1,7,S,Y,3,0,M,HD,FWG,RS,95,17,,,,,,,1340,,2,,4,598,,,,,,,0,0,000000000,00000000000,0,0,0,1,0,0,0,0,0,0,0,55,0,0,0,0,0,6,2,1,0,0,0,1,12,34613,6,1,0,0,3,0,67,999,1,5,0,2,3,5,2009,4,2011,0,28,0,0,0,1,2,55,1,1,8,1,28,3,1,12,1,4,2,98,1,1
12,121198,1,2,1,25,7,11,30,12,1,1,0,12,2,12,481,12481,31,1996,2FTEF14N7TCA,2,F,T,E,F,1,4,N,7,T,C,A,0,T,FORD,F15,PK,96,17,,2,1330,1170,COF,G,,,8,302,,,,B,00000,00,M,44,0,0,000000000,00000000000,0,0,0,1,0,0,0,0,0,0,0,55,0,0,0,12,12,6,2,12,0,0,0,1,12,33598,6,1,0,0,3,0,68,999,0,3,0,1,0,3,2009,7,2009,0,36,0,0,0,1,2,55,1,1,8,1,0,0,1,51,1,1,1,24,0,0
12,121198,2,2,2,25,7,11,30,12,1,1,0,12,1,72,706,72706,80,2010,1HD1KB415AB6,1,H,D,1,K,B,4,1,5,A,B,6,0,M,HD,FHX,RS,10,17,,,,,,,1584,,2,,4,810,,,,,,,0,0,000000000,00000000000,0,0,0,1,0,0,0,0,0,0,0,5,0,0,0,6,6,6,2,12,0,0,0,1,12,33570,6,1,0,0,3,0,71,999,1,1,0,0,0,4,2010,7,2010,0,0,0,0,0,1,2,55,1,1,8,1,0,0,1,53,1,1,1,25,2,0
12,121199,1,1,1,26,7,10,10,9,0,1,0,12,1,49,32,49032,4,2007,2T1BR32E87C8,2,T,1,B,R,3,2,E,8,7,C,8,0,P,TOYT,UCS,4D,7,17,2530,,0,1024,,G,,F,4,109,,,15R185,,,,,,0,0,000000000,00000000000,0,0,0,1,0,0,0,0,0,0,0,40,0,0,0,1,1,4,3,9,0,0,0,1,12,32694,6,1,0,0,3,0,66,999,0,0,0,2,0,6,2009,6,2011,0,38,0,0,0,1,2,40,1,1,8,1,28,3,1,11,1,1,4,13,0,0
12,121200,1,2,1,26,7,13,20,12,2,1,0,12,1,7,402,7402,14,2003,1D4HR48N73F6,1,D,4,H,R,4,8,N,7,3,F,6,1,P,DODG,DUR,UT,3,17,4348,,0,1160,,G,,F,8,287,,,16R245,,,,,,1,0,000000000,00000000000,0,0,0,1,0,0,0,0,0,0,0,45,0,0,0,12,12,6,2,12,0,0,0,1,12,34116,6,1,0,0,3,0,64,999,0,0,0,0,0,0,0,0,0,0,51,0,0,0,2,2,45,1,1,8,1,0,0,1,10,1,1,2,52,1,0
12,121200,2,2,2,26,7,13,20,12,2,1,0,12,3,12,481,12481,31,2011,1FT8W3C66BEB,1,F,T,8,W,3,C,6,6,B,E,B,1,T,FORD,F3D,CW,11,17,,3,0,1724,DRW,F,,,8,378,,,,D,6813,00,7,42,1,0,000000000,00000000000,0,0,0,1,0,0,0,0,0,0,0,45,0,0,0,12,12,6,2,12,0,0,0,1,12,34116,6,1,0,0,3,3,70,999,0,0,0,0,0,0,0,0,0,0,0,0,0,0,2,2,45,1,1,8,1,0,0,1,62,7,1,1,52,0,0
12,121201,1,1,1,27,7,0,0,33,0,1,0,12,1,55,36,55036,4,2008,KMHCN46C48U2,K,M,H,C,N,4,6,C,4,8,U,2,0,P,HYUN,ALS,4D,8,17,2365,,0,984,,G,,F,4,098,,,14R185,,,,,,0,0,000000000,00000000000,0,0,0,1,0,0,0,0,0,0,0,35,0,0,0,81,81,6,2,42,0,0,0,1,12,32806,6,1,0,0,3,0,70,999,1,1,0,0,0,10,2008,2,2009,0,28,0,0,0,2,2,35,3,1,8,1,0,0,14,13,1,1,4,1,1,0
12,121202,1,2,1,27,7,7,47,12,7,1,0,33,1,20,9,20009,2,2002,2G1FP22G0221,2,G,1,F,P,2,2,G,0,2,2,1,0,P,CHEV,Z28,CP,2,17,3433,,0,1011,,G,,F,8,350,,,16R245,,,,,,0,0,000000000,00000000000,0,0,0,1,0,0,0,0,0,0,0,70,0,0,0,1,1,6,2,3,0,0,0,1,33,3818,6,1,0,0,3,0,73,175,0,0,0,0,0,0,0,0,0,0,28,0,0,0,3,3,70,1,1,8,2,0,0,15,11,1,3,2,44,0,0
12,121202,2,2,1,27,7,7,47,12,7,1,0,12,3,20,461,20461,21,2008,1GCFG15X4811,1,G,C,F,G,1,5,X,4,8,1,1,0,T,CHEV,E15,CG,8,17,,2,0,1350,EXP,G,,,6,262,,,,B,4894,00,,42,0,0,000000000,00000000000,0,0,0,1,0,0,0,0,0,0,0,70,0,1,5,11,11,6,2,1,0,0,0,1,12,34470,6,1,0,0,3,3,69,999,0,0,0,0,0,0,0,0,0,0,0,0,0,0,3,3,70,1,1,8,2,0,0,1,60,1,1,1,45,1,0
12,121203,1,2,1,28,7,14,30,12,1,1,0,12,1,7,461,7461,21,1991,2B5WB35Z7MK4,2,B,5,W,B,3,5,Z,7,M,K,4,0,P,DODG,RMW,SV,91,17,4456,,0,1276,,G,,F,8,360,,,000000,,,,,,0,0,000000000,00000000000,0,0,0,1,0,0,0,0,0,0,0,45,0,0,0,6,6,6,2,12,0,0,0,1,12,34946,6,1,6,0,3,3,72,999,0,2,0,2,0,6,2009,6,2011,0,0,0,0,0,3,3,70,1,5,8,1,0,0,15,10,1,1,1,25,1,0
12,121203,2,2,1,28,7,14,30,12,1,1,0,12,1,87,881,87881,66,2001,1XP7DB9X91D5,1,X,P,7,D,B,9,X,9,1,D,5,1,T,PTRB,387,TR,1,17,,8,0,0,CON,D,,,6,893,,,,,00000,00,,64,1,12,1537209,121537209,3,6,97,1,0,0,0,0,0,0,0,70,0,0,0,12,12,6,2,12,0,0,0,1,12,32736,6,1,6,3,3,3,72,999,0,0,0,0,0,0,0,0,0,0,0,0,0,0,3,3,70,1,5,8,1,0,0,1,60,1,1,1,24,0,0
12,121204,1,1,5,28,7,13,30,1,0,1,0,12,1,12,422,12422,15,2006,1FMPU17506LA,1,F,M,P,U,1,7,5,0,6,L,A,0,P,FORD,EPT,UT,6,17,5353,,0,1190,,G,,F,8,329,,,17R265,,,,,,0,0,000000000,00000000000,0,0,0,1,0,0,0,0,0,0,0,70,0,1,5,0,0,6,2,1,0,0,0,1,12,33760,6,1,0,0,3,3,75,999,0,0,0,0,0,0,0,0,0,0,0,0,0,0,3,3,70,1,1,8,1,0,0,1,1,6,3,4,2,2,0
12,121205,1,1,1,28,7,21,9,9,0,1,0,12,1,7,482,7482,31,2008,1D7HA18298J1,1,D,7,H,A,1,8,2,9,8,J,1,0,T,DODG,SQ1,CW,8,17,,2,1605,1405,RPC,G,,,8,348,,,,B,4889,00,E,42,0,0,000000000,00000000000,0,0,0,1,0,0,0,0,0,0,0,50,0,0,0,12,12,4,1,9,0,0,0,1,12,33584,6,1,6,0,3,0,68,999,1,0,0,1,1,11,2008,10,2010,0,0,0,0,0,2,3,50,1,1,8,2,3,3,1,83,1,1,1,13,0,0
12,121206,1,1,1,28,7,2,33,33,0,1,0,12,1,35,34,35034,2,1996,JN1RZ24D7TX6,J,N,1,R,Z,2,4,D,7,T,X,6,0,P,NISS,30X,2H,96,17,3170,,0,965,,G,,F,6,181,,,16R225,,,,,,0,0,000000000,00000000000,0,0,0,1,0,0,0,0,0,0,0,100,0,1,5,12,12,6,2,42,0,0,0,1,12,33844,6,1,0,0,3,0,64,999,0,0,0,2,2,9,2009,1,2011,1,36,0,0,0,2,2,45,3,1,8,1,0,0,14,13,1,1,4,1,1,1
12,121207,1,1,1,28,7,22,59,8,0,1,0,12,1,49,40,49040,4,2011,4T1BF3EK3BU1,4,T,1,B,F,3,E,K,3,B,U,1,0,P,TOYT,CBA,4D,11,17,3263,,0,1093,,G,,F,4,152,,,16R215,,,,,,0,0,000000000,00000000000,0,0,0,1,0,0,0,0,0,0,0,65,0,0,0,12,12,4,3,8,0,0,0,1,12,32904,6,1,0,0,3,3,63,999,0,0,0,1,0,7,2011,7,2011,0,0,0,0,0,2,2,65,1,1,8,1,0,0,1,80,1,1,1,13,0,0
12,121208,1,1,1,28,7,2,26,42,0,1,0,12,1,24,7,24007,4,2006,1G8AN15F66Z1,1,G,8,A,N,1,5,F,6,6,Z,1,0,P,STRN,SI2,C4,6,17,2843,,0,1035,,G,,F,4,134,,,15R195,,,,,,0,0,000000000,00000000000,0,0,0,1,0,0,0,0,0,0,0,998,0,0,0,82,82,6,2,42,0,0,0,1,12,33805,6,1,0,0,3,0,66,999,0,0,0,0,0,0,0,0,0,0,28,0,0,0,2,2,45,3,1,8,1,0,0,14,12,1,1,4,6,1,1
12,121209,1,2,1,29,7,22,40,12,1,1,0,12,1,7,482,7482,31,1998,3B7HC13Y6WG1,3,B,7,H,C,1,3,Y,6,W,G,1,0,T,DODG,Q15,4C,98,17,,2,1547,1387,RPC,G,,,8,318,,,,B,4617,01,U,42,0,0,000000000,00000000000,0,0,0,1,0,0,0,0,0,0,0,65,7,0,0,12,12,6,2,12,0,0,0,1,12,32618,6,1,0,0,3,0,69,999,0,5,0,1,0,10,2010,6,2011,0,0,0,0,0,1,2,55,1,1,8,1,0,0,1,51,1,1,1,24,0,0
12,121209,2,2,2,29,7,22,40,12,1,1,0,12,2,12,399,12399,2,1931,A43936283,A,4,3,9,3,6,2,8,3,,,,0,U,FORD,,,31,9,,,,,,,,,,,,,,,,,,,0,0,000000000,00000000000,0,0,0,1,0,0,0,0,0,0,0,20,0,0,0,6,6,6,2,12,0,0,0,1,12,32625,0,0,0,0,0,0,999,999,0,0,0,0,0,0,0,0,0,0,0,0,0,0,1,2,55,1,1,8,1,0,0,1,53,1,1,1,25,1,0
12,121210,1,2,1,29,7,6,27,12,8,1,0,12,2,55,35,55035,4,2008,KMHDU46D28U2,K,M,H,D,U,4,6,D,2,8,U,2,0,P,HYUN,GST,4D,8,17,2723,,0,1043,,G,,F,4,121,,,15R195,,,,,,0,0,000000000,00000000000,0,0,0,1,0,0,0,0,0,0,0,60,0,0,0,11,11,6,2,12,0,0,0,1,12,32696,6,1,0,0,3,0,63,999,0,0,0,1,0,1,2011,1,2011,0,28,0,0,0,1,2,60,1,1,8,1,0,0,1,10,1,1,2,64,1,1
12,121210,2,2,1,29,7,6,27,12,8,1,0,12,3,20,481,20481,31,2007,1GBHC24U97E1,1,G,B,H,C,2,4,U,9,7,E,1,0,T,CHEV,2CH,PK,7,17,,2,0,1330,SIL,G,,,8,366,,,,C,5142,00,,42,0,0,000000000,00000000000,0,0,0,1,0,0,0,0,0,0,0,60,0,1,5,11,8,6,2,1,0,0,0,1,12,32696,6,1,0,0,3,0,73,999,0,0,0,0,0,0,0,0,0,0,0,0,0,0,1,2,60,1,1,8,1,0,0,1,62,1,1,1,65,0,0
12,121211,1,1,4,29,7,20,15,1,0,1,0,12,1,52,401,52401,14,1991,JA4GJ41S4MJ0,J,A,4,G,J,4,1,S,4,M,J,0,0,P,MITS,MON,UT,91,17,3668,,0,1813,,G,,F,6,181,,,15R225,,,,,,0,0,000000000,00000000000,0,0,0,1,0,0,0,0,0,0,0,77,0,1,3,0,0,6,2,1,0,0,0,1,12,33430,6,1,0,0,3,0,73,999,0,1,0,1,0,8,2010,11,2010,0,0,0,0,0,2,2,70,1,6,8,1,0,0,1,1,1,4,4,7,1,0
12,121212,1,1,2,29,7,6,0,25,0,1,0,12,1,53,706,53706,80,2009,JS1GT78A0921,J,S,1,G,T,7,8,A,0,9,2,1,0,M,SUZI,XR1,RC,9,17,,,,,,,999,,4,,4,448,,,,,,,0,0,000000000,00000000000,0,0,0,1,0,0,0,0,0,0,0,100,0,0,0,12,12,6,2,25,0,0,0,1,12,33331,6,1,0,0,3,0,70,999,1,1,0,2,1,5,2009,7,2010,1,0,0,0,0,6,2,65,2,5,8,1,0,0,14,12,1,1,4,6,2,1
12,121213,1,2,2,29,7,19,30,34,0,1,0,12,1,7,482,7482,31,1996,1B7HC16X1TS7,1,B,7,H,C,1,6,X,1,T,S,7,0,T,DODG,150,PK,96,17,,2,1347,1187,RPC,G,,,6,239,,,,B,3868,01,M,42,0,0,000000000,00000000000,0,0,0,1,0,0,0,0,0,0,0,30,0,0,0,12,12,4,3,8,0,0,0,1,12,33950,6,1,0,0,3,0,69,999,0,0,0,0,0,0,0,0,0,0,36,0,0,0,1,2,30,1,1,8,1,20,3,6,12,99,1,4,6,0,0
12,121213,2,2,0,29,7,19,30,34,0,1,0,12,6,98,998,98998,97,1986,387149,3,8,7,1,4,9,,,,,,,0,U,,,,86,6,,,,,,,,,,,,,,,,,,,0,0,000000000,00000000000,0,0,0,1,0,0,0,0,0,0,0,0,0,0,0,6,6,4,3,12,0,0,0,0,0,99997,7,6,97,7,6,7,998,997,998,998,998,998,998,98,9998,98,9998,8,0,0,0,0,1,2,30,1,1,8,1,20,3,0,53,0,0,0,98,0,0
12,121214,1,2,1,30,7,0,36,12,1,1,0,12,1,20,403,20403,14,2004,1GNDS13S7423,1,G,N,D,S,1,3,S,7,4,2,3,0,P,CHEV,TRL,UT,4,17,4425,,0,1130,,G,,F,6,256,,,16R245,,,,,,0,0,000000000,00000000000,0,0,0,1,0,0,0,0,0,0,0,45,0,0,0,12,12,6,2,12,0,0,0,1,12,32807,6,1,0,0,3,3,76,999,0,0,0,0,0,0,0,0,0,0,36,0,0,0,2,2,45,1,1,8,1,0,0,1,50,1,1,1,20,1,0
12,121214,2,2,12,30,7,0,36,12,1,1,0,12,3,92,989,92989,52,2006,15GGD2916610,1,5,G,G,D,2,9,1,6,6,1,0,0,P,GILL,,,6,17,,,,,,,,,,,,,,,,,,,0,77,777777777,77777777777,3,21,22,1,0,0,0,0,6,0,0,0,0,0,0,6,6,4,1,12,0,0,0,1,12,34758,6,1,6,3,3,0,67,999,0,0,0,0,0,0,0,0,0,0,0,0,0,0,2,2,45,1,1,8,1,0,0,5,53,1,1,1,21,0,0
12,121215,1,1,1,1,8,17,17,30,0,1,0,12,1,12,471,12471,30,2003,1FTYR14V73PA,1,F,T,Y,R,1,4,V,7,3,P,A,0,T,FORD,RNS,PC,3,17,,1,0,1257,RNG,F,,,6,182,,,,B,3085,00,U,42,0,0,000000000,00000000000,0,0,0,1,0,0,0,0,0,0,0,998,0,0,0,9,9,6,2,30,0,0,0,1,12,33064,6,1,0,0,3,3,70,999,0,1,0,1,0,8,2010,12,2010,0,0,0,0,0,2,2,45,1,1,8,2,28,3,1,13,99,1,4,1,1,0
12,121216,1,2,1,2,8,6,37,12,6,1,0,12,1,30,443,30443,20,2009,2V8HW64XX9R5,2,V,8,H,W,6,4,X,X,9,R,5,0,P,VOLK,ROT,SV,9,17,4621,,0,1212,,G,,F,6,244,,,17R225,,,,,,0,0,000000000,00000000000,0,0,0,1,0,0,0,0,0,0,0,10,0,0,0,61,61,6,2,2,0,0,1,1,12,32615,6,1,6,0,3,0,74,999,0,0,0,1,0,6,2009,6,2009,0,38,0,0,0,2,2,60,3,1,8,1,20,3,11,15,1,1,1,82,0,0
12,121216,2,2,1,2,8,6,37,12,6,1,0,12,1,53,705,53705,80,1999,JS1NP41A4X21,J,S,1,N,P,4,1,A,4,X,2,1,0,M,SUZI,LS6,RS,99,17,,,,,,,652,,1,,4,352,,,,,,,0,0,000000000,00000000000,0,0,0,1,0,0,0,0,0,0,0,65,0,0,0,12,12,6,2,12,0,0,0,1,12,32605,6,1,0,0,3,0,72,999,0,0,0,0,0,0,0,0,0,0,0,0,0,0,2,2,60,3,1,8,1,0,0,14,68,1,1,1,83,1,0
12,121217,1,1,1,3,8,9,30,8,0,1,0,12,1,52,46,52046,4,2004,JA3AJ26E14U0,J,A,3,A,J,2,6,E,1,4,U,0,0,P,MITS,LES,4D,4,17,2656,,0,1024,,G,,F,4,122,,,14R185,,,,,,0,0,000000000,00000000000,0,0,0,1,0,0,0,0,0,0,0,45,0,0,0,12,12,4,3,8,0,0,0,1,12,33770,6,1,0,0,3,0,61,999,1,5,0,2,2,4,2009,7,2011,0,0,0,0,0,2,3,45,1,1,8,2,98,3,1,80,1,1,1,13,0,0
12,121219,1,1,1,3,8,15,10,42,0,1,0,12,1,14,17,14017,4,2004,1MEFM55S04A6,1,M,E,F,M,5,5,S,0,4,A,6,0,P,MERC,SLP,4D,4,17,3369,,0,1085,,G,,F,6,182,,,16R215,,,,,,0,0,000000000,00000000000,0,0,0,1,0,0,0,0,0,0,0,20,0,0,0,12,12,6,2,42,0,0,0,1,12,34474,6,1,0,0,3,3,71,999,0,0,0,0,0,0,0,0,0,0,0,0,0,0,1,2,20,1,1,8,1,0,0,1,13,1,1,4,1,1,0
12,121220,1,1,1,4,8,12,30,34,0,1,0,12,1,7,482,7482,31,2002,1D7HA16N02J2,1,D,7,H,A,1,6,N,0,2,J,2,0,T,DODG,150,PK,2,17,,2,1405,1205,RPC,G,,,8,287,,,,B,4366,01,E,42,0,0,000000000,00000000000,0,0,0,1,0,0,0,0,0,0,0,25,0,0,0,12,12,4,3,34,0,0,0,1,12,32534,0,0,0,0,0,0,999,999,0,0,0,0,0,0,0,0,0,0,0,0,0,0,2,2,45,1,1,8,1,0,0,1,13,1,1,4,1,1,1
12,121221,1,1,1,7,8,7,0,1,0,1,0,22,1,2,403,2403,14,1999,1J4FY29P3XP4,1,J,4,F,Y,2,9,P,3,X,P,4,0,T,JEEP,SEW,2W,99,17,,1,0,934,W/T,G,,,4,150,,,,,2987,00,U,44,0,0,000000000,00000000000,0,0,0,1,0,0,0,0,0,0,0,80,0,1,5,0,9,6,2,1,0,0,0,1,12,32940,6,1,0,0,3,0,73,999,0,0,0,0,0,0,0,0,0,1,28,0,0,0,2,2,70,1,1,8,1,28,3,1,13,1,1,4,1,1,0
12,121222,1,2,1,8,8,8,2,12,6,1,0,12,2,37,402,37402,14,2005,SHSRD68505U3,S,H,S,R,D,6,8,5,0,5,U,3,0,P,HOND,CRV,UT,5,17,3318,,0,1033,,G,,F,4,146,,,15R205,,,,,,0,0,000000000,00000000000,0,0,0,1,0,0,0,0,0,0,0,10,0,0,0,3,3,6,2,12,0,0,0,1,12,33024,6,1,0,0,3,0,65,999,0,2,0,0,2,4,2009,12,2009,0,36,0,0,0,2,3,45,1,1,8,1,0,0,11,15,1,1,1,68,0,0
12,121222,2,2,1,8,8,8,2,12,6,1,0,12,2,76,706,76706,80,2007,JYARN20E27A0,J,Y,A,R,N,2,0,E,2,7,A,0,0,M,YAMA,YFR,RC,7,17,,,,,,,998,,4,,4,381,,,,,,,0,0,000000000,00000000000,0,0,0,1,0,0,0,0,0,0,0,45,0,0,0,12,12,6,2,12,0,0,0,1,12,33025,6,1,0,0,3,0,70,999,0,0,0,0,0,0,0,0,0,0,0,0,0,0,2,3,45,1,1,8,1,0,0,1,62,1,1,1,69,1,0
12,121223,1,1,1,18,7,9,37,8,0,1,0,12,2,12,880,12880,67,1999,1FDAF57F3XEA,1,F,D,A,F,5,7,F,3,X,E,A,0,T,FORD,F5D,CB,99,17,,5,2010,1410,DRW,D,,,8,444,,,,,00000,00,E,44,0,88,888888888,88888888888,2,1,97,1,0,0,0,0,0,0,0,30,0,0,0,1,1,2,8,8,0,0,0,1,12,32738,6,1,6,3,3,0,73,999,0,0,0,0,0,0,0,0,0,0,0,0,0,0,1,2,30,1,1,8,1,0,0,1,80,6,1,2,13,0,0
12,121224,1,1,1,9,1,1,3,42,0,1,0,12,1,59,31,59031,4,1999,JT8BF28G3X50,J,T,8,B,F,2,8,G,3,X,5,0,0,P,LEXS,ES3,4D,99,17,3351,,0,1051,,G,,F,6,183,,,15R205,,,,,,0,0,000000000,00000000000,0,0,0,1,0,0,0,0,0,0,0,55,0,0,0,11,11,6,2,42,0,0,0,1,12,33334,6,1,0,0,3,3,69,999,0,1,0,0,1,6,2009,5,2010,1,28,0,0,0,2,2,35,1,1,8,3,0,0,1,10,1,1,4,6,1,1
12,121225,1,1,1,1,8,0,20,59,0,1,0,19,3,82,881,82881,66,2008,1FUJGLCK68LZ,1,F,U,J,G,L,C,K,6,8,L,Z,1,T,FRHT,125,TR,8,17,,8,0,0,CSC,D,,,6,855,,,,,00000,00,,64,1,19,164992,19164992,3,6,1,2,8,8888,88,1,0,0,0,70,0,0,0,12,12,6,2,2,0,0,1,1,27,55075,6,1,6,3,3,0,69,155,0,0,0,0,0,0,0,0,0,0,0,0,0,0,3,3,70,1,1,8,1,0,0,1,13,1,1,4,1,1,0
12,121226,1,1,1,1,8,7,35,1,0,1,0,12,1,22,441,22441,20,1995,1GMDU06L3ST2,1,G,M,D,U,0,6,L,3,S,T,2,0,P,PONT,TSP,SV,95,17,3576,,0,1098,,G,,F,6,231,,,15R205,,,,,,0,0,000000000,00000000000,0,0,0,1,0,0,0,0,0,0,0,55,0,1,5,0,0,6,2,1,0,0,0,1,12,32735,6,1,0,0,3,3,62,999,0,0,0,0,0,0,0,0,0,0,28,0,0,0,1,2,55,1,1,8,1,28,3,1,13,6,4,4,1,1,1
12,121227,1,1,2,1,8,1,23,24,0,1,0,12,1,35,48,35048,1,2005,JN1AZ36A65M7,J,N,1,A,Z,3,6,A,6,5,M,7,0,P,NISS,3ZR,RD,5,17,3354,,0,1043,,G,,F,6,214,,,17R225,,,,,,0,0,000000000,00000000000,0,0,0,1,0,0,0,0,0,0,0,55,0,1,5,12,12,6,2,24,0,0,0,1,24,20871,6,1,0,0,3,0,65,156,0,0,0,0,0,0,0,0,0,0,0,0,0,0,3,3,55,1,1,8,1,0,0,1,13,1,1,4,1,1,0
12,121228,1,1,1,5,8,10,56,1,0,1,0,12,1,20,421,20421,15,2004,1GNEC13Z54R2,1,G,N,E,C,1,3,Z,5,4,R,2,0,P,CHEV,CTA,UT,4,17,4828,,0,1160,,F,,F,8,325,,,16R265,,,,,,0,0,000000000,00000000000,0,0,0,1,0,0,0,0,0,0,0,70,0,1,3,0,98,6,2,1,0,0,0,1,12,32615,6,1,0,0,3,3,73,999,0,0,0,1,0,9,2009,9,2009,0,28,0,0,0,2,2,70,1,1,8,1,0,0,1,12,1,1,4,6,1,0