STATE,ST_CASE,VEH_NO,VE_FORMS,NUMOCCS,DAY,MONTH,HOUR,MINUTE,HARM_EV,MAN_COLL,UNITTYPE,HIT_RUN,REG_STAT,OWNER,MAKE,MODEL,MAK_MOD,BODY_TYP,MOD_YEAR,VIN,VIN_1,VIN_2,VIN_3,VIN_4,VIN_5,VIN_6,VIN_7,VIN_8,VIN_9,VIN_10,VIN_11,VIN_12,TOW_VEH,VINTYPE,VINMAKE,VINA_MOD,VIN_BT,VINMODYR,VIN_LNGT,VIN_WGT,WGTCD_TR,WHLBS_LG,WHLBS_SH,SER_TR,FUELCODE,MCYCL_DS,CARBUR,CYLINDER,DISPLACE,MCYCL_CY,MCYCL_WT,TIRE_SZE,TON_RAT,TRK_WT,TRKWTVAR,VIN_REST,WHLDRWHL,J_KNIFE,MCARR_I1,MCARR_I2,MCARR_ID,GVWR,V_CONFIG,CARGO_BT,HAZ_INV,HAZ_PLAC,HAZ_ID,HAZ_CNO,HAZ_REL,BUS_USE,SPEC_USE,EMER_USE,TRAV_SP,UNDERIDE,ROLLOVER,ROLINLOC,IMPACT1,IMPACT2,DEFORMED,TOWED,M_HARM,VEH_SC1,VEH_SC2,FIRE_EXP,DR_PRES,L_STATE,DR_ZIP,L_STATUS,L_TYPE,CDL_STAT,L_ENDORS,L_COMPL,L_RESTRI,DR_HGT,DR_WGT,PREV_ACC,PREV_SUS,PREV_DWI,PREV_SPD,PREV_OTH,FIRST_MO,FIRST_YR,LAST_MO,LAST_YR,SPEEDREL,DR_SF1,DR_SF2,DR_SF3,DR_SF4,VTRAFWAY,VNUM_LAN,VSPD_LIM,VALIGN,VPROFILE,VPAVETYP,VSURCOND,VTRAFCON,VTCONT_F,P_CRASH1,P_CRASH2,P_CRASH3,PCRASH4,PCRASH5,ACC_TYPE,DEATHS,DR_DRINK
12,121369,1,2,1,17,4,8,49,12,1,1,0,12,1,6,51,6051,4,2000,2C3HE66G9YH4,2,C,3,H,E,6,6,G,9,Y,H,4,0,P,CHRY,30M,4D,0,17,3499,,0,1130,,G,,F,6,215,,,17R225,,,,,,0,0,000000000,00000000000,0,0,0,1,0,0,0,0,0,0,0,45,0,0,0,12,12,6,2,12,0,0,0,1,12,32822,6,1,0,0,3,0,69,999,0,2,0,2,0,7,2008,5,2009,0,36,0,0,0,3,3,45,1,1,8,1,0,0,1,51,1,1,1,24,0,0
12,121369,2,2,1,17,4,8,49,12,1,1,0,12,2,35,47,35047,4,1998,1N4DL01D8WC1,1,N,4,D,L,0,1,D,8,W,C,1,0,P,NISS,AGS,4D,98,17,2766,,0,1031,,G,,F,4,146,,,15R195,,,,,,0,0,000000000,00000000000,0,0,0,1,0,0,0,0,0,0,0,999,0,0,0,6,6,6,2,12,0,0,0,1,12,32807,6,1,0,0,3,0,65,999,0,1,0,0,1,5,2008,9,2008,0,0,0,0,0,3,3,45,1,1,8,1,0,0,1,53,1,1,1,25,1,0
12,121370,1,1,1,14,7,17,46,8,0,1,0,12,2,49,49,49049,6,2009,JTLKE50E8910,J,T,L,K,E,5,0,E,8,9,1,0,0,P,TOYT,SXB,UT,9,17,3020,,0,1024,,G,,F,4,144,,,16R205,,,,,,0,0,000000000,00000000000,0,0,0,1,0,0,0,0,0,0,0,999,0,0,0,12,12,4,1,8,0,0,0,1,12,33155,6,1,0,0,3,3,66,999,0,2,0,0,2,11,2008,6,2011,0,39,0,0,0,2,3,35,1,1,8,1,3,3,1,80,1,1,1,13,0,0
12,121371,1,2,1,28,7,0,50,12,2,1,0,12,1,45,31,45031,1,2006,WP0CA29996S7,W,P,0,C,A,2,9,9,9,6,S,7,0,P,PORS,CNC,CV,6,17,3250,,0,925,,G,,F,6,220,,,18R235,,,,,,0,0,000000000,00000000000,0,0,0,1,0,0,0,0,0,0,0,73,0,0,0,12,12,6,2,12,0,0,0,1,37,28173,6,1,0,0,3,0,70,999,0,0,0,0,0,0,0,0,0,0,51,39,0,0,3,2,45,1,1,8,1,28,3,1,54,1,1,1,52,1,1
12,121371,2,2,1,28,7,0,50,12,2,1,0,12,1,20,441,20441,20,2005,1GNDM19X55B1,1,G,N,D,M,1,9,X,5,5,B,1,0,T,CHEV,AST,ES,5,17,,1,0,1112,AST,G,,,6,262,,,,B,4321,00,,42,0,0,000000000,00000000000,0,0,0,1,0,0,0,0,0,0,0,50,0,0,0,12,12,6,2,12,0,0,0,1,12,33647,6,1,0,0,3,3,63,999,0,0,0,0,1,8,2009,8,2009,0,0,0,0,0,3,2,45,1,1,8,1,0,0,1,54,1,1,1,52,0,0
12,121373,1,2,2,29,5,5,20,12,7,1,0,12,2,58,37,58037,4,2006,JNKCV51E66M5,J,N,K,C,V,5,1,E,6,6,M,5,0,P,INFI,G35,4D,6,17,3449,,0,1122,,G,,F,6,214,,,17R215,,,,,,0,0,000000000,00000000000,0,0,0,1,0,0,0,0,0,0,0,100,0,0,0,61,61,6,2,19,0,0,0,1,12,33021,6,1,0,0,3,0,68,999,1,7,0,0,4,2,2009,5,2011,1,36,28,0,0,3,3,40,1,1,8,1,0,0,1,10,1,1,2,44,1,0
12,121373,2,2,1,29,5,5,20,12,7,1,0,12,1,6,54,6054,6,2004,2C4GM68484R5,2,C,4,G,M,6,8,4,8,4,R,5,0,P,CHRY,PIF,UT,4,17,4334,,0,1163,,G,,F,6,214,,,17R235,,,,,,0,0,000000000,00000000000,0,0,0,1,0,0,0,0,0,0,0,35,0,0,0,81,81,4,1,12,0,0,0,1,12,33135,6,1,0,0,3,0,64,999,1,1,0,0,1,10,2010,2,2011,0,0,0,0,0,3,3,40,1,1,8,1,0,0,15,53,1,1,1,45,0,0
12,121374,1,2,1,24,6,1,0,12,1,1,0,12,1,73,705,73705,80,2007,JKAZX4P177A0,J,K,A,Z,X,4,P,1,7,7,A,0,0,M,KAWK,ZXP,RC,7,17,,,,,,,599,,4,,4,368,,,,,,,0,0,000000000,00000000000,0,0,0,1,0,0,0,0,0,0,0,999,0,0,0,12,12,6,2,12,0,0,0,1,12,32327,6,1,0,0,3,0,68,999,0,0,0,0,2,8,2009,8,2009,0,36,0,0,0,1,2,35,1,6,8,1,0,0,1,51,1,1,1,24,1,1
12,121374,2,2,1,24,6,1,0,12,1,1,0,12,1,20,2,20002,4,2004,2G1WH52K3491,2,G,1,W,H,5,2,K,3,4,9,1,0,P,CHEV,IPL,4D,4,17,3466,,0,1105,,G,,F,6,231,,,16R225,,,,,,0,0,000000000,00000000000,0,0,0,1,0,0,0,0,0,0,0,40,0,0,0,6,6,6,2,12,0,0,0,1,12,32305,6,1,0,0,3,0,69,999,0,0,0,0,0,0,0,0,0,0,0,0,0,0,1,2,35,1,6,8,1,0,0,1,53,1,1,1,25,0,0
12,121375,1,1,1,9,7,1,18,42,0,1,0,12,1,49,33,49033,2,1990,JT2AT86F1L00,J,T,2,A,T,8,6,F,1,L,0,0,0,P,TOYT,CSF,CP,90,17,2500,,0,994,,G,,F,4,097,,,13R165,,,,,,0,0,000000000,00000000000,0,0,0,1,0,0,0,0,0,0,0,75,0,0,0,12,12,6,2,42,0,0,0,1,12,32344,6,1,0,0,3,0,71,999,0,1,0,0,0,9,2009,9,2009,0,0,0,0,0,1,2,45,3,1,8,1,0,0,14,12,1,1,4,6,1,0
12,121376,1,1,1,13,7,5,30,42,0,1,0,12,2,20,401,20401,14,1993,1GNCS13W8P22,1,G,N,C,S,1,3,W,8,P,2,2,0,P,CHEV,S10,UT,93,17,3363,,0,1070,,G,,F,6,262,,,000000,,,,,,0,0,000000000,00000000000,0,0,0,1,0,0,0,0,0,0,0,999,0,0,0,11,12,6,2,42,0,0,0,1,12,32653,6,1,0,0,3,0,71,999,0,0,0,1,0,4,2011,4,2011,1,28,0,0,0,1,2,15,2,1,8,1,0,0,14,13,1,1,4,1,1,1
12,121377,1,1,1,20,7,18,56,30,0,1,0,12,1,73,706,73706,80,1999,JKAVNDA14XB5,J,K,A,V,N,D,A,1,4,X,B,5,0,M,KAWK,V75,RS,99,17,,,,,,,750,,2,,4,483,,,,,,,0,0,000000000,00000000000,0,0,0,1,0,0,0,0,0,0,0,999,0,0,0,12,12,6,2,30,0,0,0,1,12,32220,6,1,0,0,3,3,72,999,0,0,0,0,0,0,0,0,0,0,28,0,0,0,1,2,40,1,1,8,1,0,0,1,13,1,1,4,1,1,1
12,121378,1,1,1,30,7,7,20,9,0,1,0,12,1,12,471,12471,30,2000,1FTYR14V5YPA,1,F,T,Y,R,1,4,V,5,Y,P,A,0,T,FORD,RNS,PC,0,17,,1,0,1257,RNG,F,,,6,182,,,,B,3271,01,U,42,0,0,000000000,00000000000,0,0,0,1,0,0,0,0,0,0,0,40,0,0,0,11,11,4,1,9,0,0,0,1,12,32174,6,1,0,0,3,3,67,999,0,0,0,0,0,0,0,0,0,0,0,0,0,0,2,3,45,1,1,8,1,3,3,1,83,1,1,1,13,0,0
12,121379,1,3,1,31,7,17,1,12,2,1,0,12,2,37,32,37032,4,2000,1HGCG1657YA0,1,H,G,C,G,1,6,5,7,Y,A,0,0,P,HOND,UEX,4D,0,17,3285,,0,1069,,G,,F,6,183,,,15R205,,,,,,0,0,000000000,00000000000,0,0,0,1,0,0,0,0,0,0,0,999,0,0,0,12,98,6,2,12,0,0,0,1,12,33801,6,1,0,0,3,0,63,999,0,0,0,0,0,0,0,0,0,1,0,0,0,0,1,2,98,1,1,8,2,0,0,1,10,1,1,2,50,0,0
12,121379,2,3,2,31,7,17,1,12,2,1,0,12,1,20,16,20016,2,2001,1G1JF12T3172,1,G,1,J,F,1,2,T,3,1,7,2,0,P,CHEV,CZ2,CP,1,17,2749,,0,1041,,G,,F,4,146,,,16R205,,,,,,0,0,000000000,00000000000,0,0,0,1,0,0,0,0,0,0,0,998,0,0,0,12,12,6,2,12,0,0,0,1,12,33801,6,1,0,0,3,0,64,999,0,0,0,0,0,0,0,0,0,0,0,0,0,0,1,2,98,1,1,8,2,0,0,1,62,1,1,1,51,1,0
12,121379,3,3,1,31,7,17,1,12,2,1,0,12,1,20,22,20022,2,2008,1G1AK18F0872,1,G,1,A,K,1,8,F,0,8,7,2,0,P,CHEV,BLS,CP,8,17,2991,,0,1033,,G,,F,4,134,,,15R195,,,,,,0,0,000000000,00000000000,0,0,0,1,0,0,0,0,0,0,0,998,0,0,0,12,98,6,2,12,0,0,0,1,12,33860,6,1,0,0,3,0,62,999,0,0,0,0,0,0,0,0,0,0,0,0,0,0,1,2,98,1,1,8,2,0,0,1,60,1,1,1,98,0,0
12,121380,1,2,1,19,8,16,25,12,6,1,0,12,2,20,9,20009,2,1998,2G1FP22K5W21,2,G,1,F,P,2,2,K,5,W,2,1,0,P,CHEV,CAM,CP,98,17,3331,,0,1011,,G,,F,6,231,,,16R215,,,,,,0,0,000000000,00000000000,0,0,0,1,0,0,0,0,0,0,0,55,0,0,0,3,3,6,2,12,0,0,0,1,12,34450,6,1,0,0,3,0,67,999,0,0,0,0,0,0,0,0,0,0,36,0,0,0,1,2,55,1,1,8,2,0,0,1,5,1,4,2,64,1,0
12,121380,2,2,4,19,8,16,25,12,6,1,0,12,1,20,481,20481,31,1996,1GCHK39F4TE2,1,G,C,H,K,3,9,F,4,T,E,2,0,T,CHEV,GK3,PC,96,17,,2,0,1555,GM4,D,,,8,397,,,,D,5742,00,,44,0,0,000000000,00000000000,0,0,0,1,0,0,0,0,0,0,0,55,0,0,0,12,12,6,2,12,0,0,0,1,12,32696,6,1,0,0,3,0,71,999,0,0,0,0,0,0,0,0,0,0,0,0,0,0,1,2,55,1,1,8,2,0,0,1,62,1,1,1,65,0,0
12,121382,1,1,1,24,8,22,20,8,0,1,0,12,1,7,43,7043,4,2002,1B3EL46R52N2,1,B,3,E,L,4,6,R,5,2,N,2,0,P,DODG,SSP,4D,2,17,3136,,0,1080,,G,,F,6,167,,,16R205,,,,,,0,0,000000000,00000000000,0,0,0,1,0,0,0,0,0,0,0,45,0,0,0,12,12,6,2,8,0,0,0,1,12,32068,6,1,0,0,3,0,60,999,0,0,0,0,1,12,2010,12,2010,0,0,0,0,0,1,2,45,1,1,8,1,0,0,1,80,1,1,1,13,0,0
12,121383,1,4,1,25,8,8,25,12,1,1,0,12,2,20,481,20481,31,2004,1GCGK23U74F1,1,G,C,G,K,2,3,U,7,4,F,1,0,T,CHEV,SK2,CW,4,17,,2,0,1530,SIL,G,,,8,364,,,,C,5817,00,,44,0,0,000000000,00000000000,0,0,0,1,0,0,0,0,0,0,0,65,0,0,0,12,12,6,2,12,0,0,0,1,12,33876,6,1,0,0,3,0,65,999,0,4,0,5,1,7,2009,4,2011,0,36,0,0,0,3,4,65,1,1,8,2,0,0,1,50,8,1,2,20,0,0
12,121383,2,4,1,25,8,8,25,12,1,1,0,12,2,41,37,41037,4,2002,1YVGF22C1252,1,Y,V,G,F,2,2,C,1,2,5,2,0,P,MAZD,U6L,4D,2,17,2864,,0,1051,,G,,F,4,122,,,15R205,,,,,,0,0,000000000,00000000000,0,0,0,1,0,0,0,0,0,0,0,0,0,0,0,6,6,6,2,12,0,0,0,1,12,32073,6,1,0,0,3,3,69,999,0,0,0,0,0,0,0,0,0,0,0,0,0,0,3,4,65,1,1,8,2,0,0,7,53,1,1,1,21,1,0
12,121383,4,4,1,25,8,8,25,12,1,1,0,12,1,23,481,23481,31,2003,2GTEC19V2314,2,G,T,E,C,1,9,V,2,3,1,4,0,T,GMC,NC1,4C,3,17,,2,1575,1435,SIE,G,,,8,293,,,,B,4534,03,4,42,0,0,000000000,00000000000,0,0,0,1,0,0,0,0,0,0,0,45,0,0,0,6,6,4,8,12,0,0,0,1,12,32259,6,1,0,0,3,3,69,999,0,0,0,0,0,0,0,0,0,0,0,0,0,0,3,4,65,1,1,8,2,0,0,2,53,1,1,1,98,0,0
12,121383,5,4,2,25,8,8,25,12,1,1,0,12,2,55,36,55036,3,2007,KMHCM36C47U0,K,M,H,C,M,3,6,C,4,7,U,0,0,P,HYUN,AGS,2H,7,17,2467,,0,984,,G,,F,4,098,,,14R175,,,,,,0,0,000000000,00000000000,0,0,0,1,0,0,0,0,0,0,0,35,0,0,0,10,10,6,8,12,0,0,0,1,12,32073,6,1,0,0,3,3,67,999,0,0,0,0,0,0,0,0,0,0,0,0,0,0,3,4,65,1,1,8,2,0,0,2,53,1,1,1,98,0,0
12,121384,1,1,1,26,8,20,40,9,0,1,0,12,1,12,481,12481,31,2001,1FTZF17241NA,1,F,T,Z,F,1,7,2,4,1,N,A,0,T,FORD,F15,PK,1,17,,1,1385,1199,COF,G,,,6,256,,,,B,3923,04,U,42,0,0,000000000,00000000000,0,0,0,1,0,0,0,0,0,0,0,50,0,0,0,12,12,4,8,9,0,0,0,1,12,32164,6,1,0,0,3,0,74,999,0,2,0,0,0,1,2010,1,2010,0,36,0,0,0,2,2,55,1,1,8,1,0,0,1,83,1,1,1,13,0,1
12,121385,1,1,2,27,8,2,30,1,0,1,1,39,1,20,421,20421,15,2003,1GNEK13Z03J1,1,G,N,E,K,1,3,Z,0,3,J,1,0,P,CHEV,KTA,UT,3,17,5050,,0,1160,,F,,F,8,325,,,16R265,,,,,,0,0,000000000,00000000000,0,0,0,1,0,0,0,0,0,0,0,90,0,2,5,0,0,6,2,1,0,0,0,1,12,33436,6,1,0,0,3,0,64,999,0,0,0,0,0,0,0,0,0,1,36,0,0,0,1,2,55,3,1,8,1,0,0,14,13,1,1,4,1,1,1
12,121386,1,1,2,29,8,11,33,5,0,1,0,45,3,82,883,82883,63,2005,1FVAAWCK15LU,1,F,V,A,A,W,C,K,1,5,L,U,1,T,FRHT,ARG,TB,5,17,,8,0,0,HTL,D,,,6,858,,,,,00000,00,,42,1,45,477057,45477057,3,4,3,1,0,0,0,0,0,0,0,35,0,0,0,0,0,0,1,5,0,0,0,1,45,29485,6,1,6,0,3,1,70,185,0,0,0,0,0,0,0,0,0,0,0,0,0,0,6,1,35,2,1,8,1,3,3,14,98,1,1,1,0,1,0
12,121387,1,1,1,29,8,0,54,21,0,1,0,12,2,49,472,49472,30,2008,5TETU62N28Z5,5,T,E,T,U,6,2,N,2,8,Z,5,0,T,TOYT,ACP,PC,8,17,,1,0,1278,TAC,G,,,6,244,,,,B,3730,00,U,42,0,0,000000000,00000000000,0,0,0,1,0,0,0,0,0,0,0,50,0,0,0,12,12,6,2,21,0,0,1,1,12,33510,6,1,0,0,3,0,67,999,0,0,0,1,1,9,2008,5,2009,0,36,0,0,0,3,4,50,1,1,8,2,0,0,1,13,1,1,4,1,1,0
12,121388,1,3,1,30,8,4,21,12,1,1,0,12,1,73,706,73706,80,2007,JKAZXCD177A0,J,K,A,Z,X,C,D,1,7,7,A,0,0,M,KAWK,Z1D,RC,7,17,,,,,,,998,,4,,4,386,,,,,,,0,0,000000000,00000000000,0,0,0,1,0,0,0,0,0,0,0,85,0,0,0,12,12,6,2,1,0,0,0,1,12,32837,6,1,0,0,3,0,65,999,0,3,0,2,0,12,2009,9,2010,1,0,0,0,0,3,3,65,1,5,8,1,0,0,1,51,1,1,1,24,1,1
12,121388,2,3,1,30,8,4,21,12,1,1,0,12,1,12,471,12471,30,2004,1FTYR44U94PA,1,F,T,Y,R,4,4,U,9,4,P,A,0,T,FORD,RNS,4C,4,17,,1,0,1257,RNG,G,,,6,182,,,,B,3945,00,U,42,0,0,000000000,00000000000,0,0,0,1,0,0,0,0,0,0,0,60,0,0,0,6,6,4,1,12,0,0,0,1,12,32776,6,1,6,0,3,0,74,999,0,0,0,0,0,0,0,0,0,0,0,0,0,0,3,3,65,1,5,8,1,0,0,1,53,1,1,1,25,0,0
12,121388,3,3,1,30,8,4,21,12,1,1,1,12,2,19,481,19481,31,2009,1GYEC63T92R3,1,G,Y,E,C,6,3,T,9,2,R,3,0,T,CADI,,,9,17,,,,,,,,,,,,,,,,,,,0,0,000000000,00000000000,0,0,0,1,0,0,0,0,0,0,0,65,0,0,0,99,99,0,1,12,0,0,0,1,12,32771,6,1,0,0,3,0,76,999,0,0,0,0,0,0,0,0,0,0,0,0,0,0,3,3,65,1,5,8,1,0,0,1,60,1,1,1,98,0,0
12,121389,1,1,1,31,8,14,11,1,0,1,0,12,1,12,401,12401,14,1998,1FMZU32X4WZA,1,F,M,Z,U,3,2,X,4,W,Z,A,0,P,FORD,EPR,UT,98,17,3911,,0,1115,,G,,F,6,245,,,15R225,,,,,,0,0,000000000,00000000000,0,0,0,1,0,0,0,0,0,0,0,70,0,1,1,0,0,6,2,1,0,0,0,1,12,33065,6,1,0,0,3,3,67,999,0,0,0,0,0,0,0,0,0,0,0,0,0,0,3,3,70,3,1,8,1,0,0,14,1,1,1,1,98,1,0
12,121390,1,1,1,31,8,0,0,11,0,1,1,12,1,7,28,7028,2,2010,2B3CJ4DV3AH1,2,B,3,C,J,4,D,V,3,A,H,1,0,P,DODG,CHE,CP,10,17,3720,,0,1160,,G,,F,6,214,,,17R215,,,,,,0,0,000000000,00000000000,0,0,0,1,0,0,0,0,0,0,0,40,0,0,0,12,12,4,1,9,0,0,0,1,99,99999,9,9,99,9,9,9,999,999,99,99,99,99,99,99,9999,99,9999,0,0,0,0,0,2,2,40,1,1,8,1,0,0,1,83,1,1,1,13,0,0
12,121391,1,2,2,31,8,21,30,12,1,1,0,12,1,6,52,6052,1,2003,3C4FY48B83T6,3,C,4,F,Y,4,8,B,8,3,T,6,0,P,CHRY,PTC,SV,3,17,3049,,0,1030,,G,,F,4,148,,,15R195,,,,,,0,0,000000000,00000000000,0,0,0,1,0,0,0,0,0,0,0,50,0,0,0,12,12,6,2,12,0,0,0,1,12,32712,6,1,0,0,3,3,65,999,0,2,0,1,0,10,2008,3,2010,0,36,0,0,0,2,2,55,1,1,8,1,3,3,1,51,1,1,1,24,0,0
12,121391,2,2,1,31,8,21,30,12,1,1,0,12,1,73,706,73706,80,1999,JKBVNCA16XB5,J,K,B,V,N,C,A,1,6,X,B,5,0,M,KAWK,VN8,RS,99,17,,,,,,,800,,2,,4,496,,,,,,,0,0,000000000,00000000000,0,0,0,1,0,0,0,0,0,0,0,999,0,0,0,6,6,6,2,12,0,0,0,1,12,32712,6,1,0,0,3,0,70,999,0,4,0,2,3,5,2009,4,2011,0,0,0,0,0,2,2,55,1,1,8,1,3,3,1,53,1,1,1,25,1,0
12,121392,1,3,1,1,9,14,0,12,7,1,0,12,1,49,401,49401,14,2000,JT3HN86R1Y02,J,T,3,H,N,8,6,R,1,Y,0,2,0,P,TOYT,RUN,UT,0,17,3885,,0,1053,,G,,F,6,206,,,15R225,,,,,,0,0,000000000,00000000000,0,0,0,1,0,0,0,0,0,0,0,65,0,0,0,3,3,6,2,12,0,0,0,1,12,32266,6,1,0,0,3,3,72,999,0,0,0,0,1,4,2009,4,2009,0,99,99,99,99,2,2,70,1,1,8,1,0,0,1,11,1,1,2,44,1,0
12,121392,2,3,1,1,9,14,0,12,7,1,0,12,2,82,881,82881,66,1999,1FUYDSEB0XDB,1,F,U,Y,D,S,E,B,0,X,D,B,1,T,FRHT,FLD,TR,99,17,,8,0,0,CON,D,,,6,774,,,,,00000,00,,64,1,12,1299146,121299146,3,6,1,1,0,0,0,0,0,0,0,55,0,0,0,7,7,4,1,12,0,0,0,1,12,32205,6,1,6,0,3,3,73,999,0,0,0,1,0,1,2010,1,2010,0,0,0,0,0,2,2,70,1,1,8,1,0,0,1,60,1,1,1,45,0,0
12,121392,3,3,2,1,9,14,0,12,7,1,0,12,1,49,401,49401,14,2008,JTEZU14R48K0,J,T,E,Z,U,1,4,R,4,8,K,0,1,P,TOYT,RUN,UT,8,17,4045,,0,1098,,G,,F,6,244,,,16R265,,,,,,1,0,000000000,00000000000,0,0,0,1,0,0,0,0,0,0,0,65,0,0,0,12,12,6,2,12,0,0,0,1,12,33525,6,1,0,0,3,0,67,999,0,0,0,0,0,0,0,0,0,0,0,0,0,0,2,2,70,1,1,8,1,0,0,1,62,7,1,1,98,0,0
12,121393,1,1,1,1,9,8,9,31,0,1,0,12,1,37,31,37031,2,2004,1HGEM22534L0,1,H,G,E,M,2,2,5,3,4,L,0,0,P,HOND,UCL,CP,4,17,2449,,0,1031,,G,,F,4,102,,,000000,,,,,,0,0,000000000,00000000000,0,0,0,1,0,0,0,0,0,0,0,50,0,0,0,1,1,6,2,31,0,0,0,1,12,32223,6,1,0,0,3,0,78,999,0,0,0,0,1,6,2011,6,2011,0,0,0,0,0,6,2,45,2,1,8,1,0,0,14,13,1,1,4,1,1,1
12,121394,1,1,1,1,9,23,43,24,0,1,0,12,1,72,706,72706,80,2009,1HD1BW5189Y0,1,H,D,1,B,W,5,1,8,9,Y,0,0,M,HD,STC,RS,9,17,,,,,,,1584,,2,,4,765,,,,,,,0,0,000000000,00000000000,0,0,0,1,0,0,0,0,0,0,0,45,0,0,0,1,1,6,2,24,0,0,0,1,12,32735,6,1,6,0,3,0,71,999,0,0,0,0,0,0,0,0,0,0,36,0,0,0,1,2,45,3,1,8,1,0,0,14,13,1,1,4,1,1,1
12,121395,1,1,1,3,9,8,45,32,0,1,0,12,1,35,472,35472,30,2006,1N6AD07W76C4,1,N,6,A,D,0,7,W,7,6,C,4,0,T,NISS,CEO,CW,6,17,,1,0,1259,FRT,G,,,6,244,,,,C,4245,02,K,44,0,0,000000000,00000000000,0,0,0,1,0,0,0,0,0,0,0,55,0,1,5,14,98,6,2,42,0,0,1,1,12,32464,6,1,0,0,3,0,72,999,0,0,0,0,0,0,0,0,0,0,28,0,0,0,1,2,55,2,1,8,1,0,0,14,12,1,1,4,6,1,0
12,121396,1,1,4,4,9,2,5,1,0,1,0,99,9,23,401,23401,14,2005,1GKDS13S7521,1,G,K,D,S,1,3,S,7,5,2,1,0,T,GMC,ENV,4W,5,17,,1,0,1130,ENV,G,,,6,256,,,,B,4417,00,E,42,0,0,000000000,00000000000,0,0,0,1,0,0,0,0,0,0,0,65,0,2,5,0,0,6,2,1,0,0,0,1,99,99999,9,9,99,9,9,9,999,999,99,99,99,99,99,99,9999,99,9999,0,0,0,0,0,3,2,65,2,1,8,1,0,0,14,13,1,4,4,2,1,0
12,121397,1,1,1,4,9,21,5,9,0,1,0,12,1,13,13,13013,4,2008,3LNHM26TX8R6,3,L,N,H,M,2,6,T,X,8,R,6,0,P,LINC,MKZ,4D,8,17,3469,,0,1074,,G,,F,6,214,,,17R225,,,,,,0,0,000000000,00000000000,0,0,0,1,0,0,0,0,0,0,0,30,0,0,0,12,12,4,1,9,0,0,0,1,12,34224,6,1,0,0,3,0,62,999,0,0,0,0,0,0,0,0,0,0,0,0,0,0,1,2,35,1,1,8,1,0,0,1,83,1,1,1,13,0,0
12,121398,1,2,1,27,5,17,32,12,6,1,0,41,2,59,401,59401,14,2000,JT6HF10U9Y01,J,T,6,H,F,1,0,U,9,Y,0,1,0,P,LEXS,RX3,UT,0,17,3900,,0,1031,,G,,F,6,183,,,16R225,,,,,,0,0,000000000,00000000000,0,0,0,1,0,0,0,0,0,0,0,10,0,0,0,1,1,4,3,12,0,0,0,1,12,34237,6,1,0,0,3,0,68,999,0,0,0,0,1,10,2010,10,2010,0,38,0,0,0,5,4,40,1,1,8,1,0,0,11,15,1,1,1,68,0,0
12,121398,2,2,1,27,5,17,32,12,6,1,0,12,1,76,706,76706,80,2005,JYARN13E65A0,J,Y,A,R,N,1,3,E,6,5,A,0,0,M,YAMA,YFR,RC,5,17,,,,,,,998,,4,,4,379,,,,,,,0,0,000000000,00000000000,0,0,0,1,0,0,0,0,0,0,0,40,0,0,0,12,12,6,2,12,0,0,0,1,12,34239,6,1,0,0,3,3,74,999,0,0,0,0,1,7,2009,7,2009,0,0,0,0,0,5,4,40,1,1,8,1,0,0,1,62,3,1,1,69,1,0
12,121399,1,1,1,25,6,22,54,9,0,1,1,99,9,99,999,99999,99,9999,999999999999,9,9,9,9,9,9,9,9,9,9,9,9,0,,,,,,,,,,,,,,,,,,,,,,,,,0,0,000000000,00000000000,0,0,0,1,0,0,0,0,0,0,0,998,0,0,0,98,98,9,1,9,0,0,0,1,99,99999,9,9,99,9,9,9,999,999,99,99,99,99,99,99,9999,99,9999,0,0,0,0,0,2,2,98,8,8,8,1,0,0,99,83,99,1,1,13,0,0
12,121400,1,3,1,1,7,13,0,12,2,1,0,12,2,35,47,35047,4,2004,1N4AL11D24C1,1,N,4,A,L,1,1,D,2,4,C,1,0,P,NISS,ABS,4D,4,17,2913,,0,1102,,G,,F,4,153,,,16R205,,,,,,0,0,000000000,00000000000,0,0,0,1,0,0,0,0,0,0,0,40,0,0,0,12,12,4,1,12,0,0,0,1,12,32303,6,1,0,0,3,3,63,999,0,0,0,0,0,0,0,0,0,0,38,0,0,0,2,2,40,1,1,8,1,3,3,11,15,1,1,1,68,0,0
12,121400,2,3,2,1,7,13,0,12,2,1,0,12,1,58,35,58035,4,2000,JNKCA31A5YT2,J,N,K,C,A,3,1,A,5,Y,T,2,0,P,INFI,I30,4D,0,17,3227,,0,1063,,G,,F,6,182,,,16R215,,,,,,0,0,000000000,00000000000,0,0,0,1,0,0,0,0,0,0,0,40,0,0,0,12,12,6,2,12,0,0,0,1,12,33160,6,1,0,0,3,3,62,999,0,0,0,0,0,0,0,0,0,0,0,0,0,0,2,2,40,1,1,8,1,3,3,1,62,1,1,1,69,1,0
12,121400,3,3,1,1,7,13,0,12,2,1,0,12,1,12,18,12018,3,1996,1ZVLT22B4T51,1,Z,V,L,T,2,2,B,4,T,5,1,0,P,FORD,PGT,2H,96,17,2921,,0,1028,,G,,F,6,152,,,16R225,,,,,,0,0,000000000,00000000000,0,0,0,1,0,0,0,0,0,0,0,0,0,0,0,12,12,4,1,12,0,0,0,1,12,33024,6,1,0,0,3,0,67,999,0,11,0,0,2,1,2009,1,2011,0,0,0,0,0,1,4,40,1,1,8,1,3,3,5,66,1,1,1,98,0,0