STATE,ST_CASE,VEH_NO,VE_FORMS,NUMOCCS,DAY,MONTH,HOUR,MINUTE,HARM_EV,MAN_COLL,UNITTYPE,HIT_RUN,REG_STAT,OWNER,MAKE,MODEL,MAK_MOD,BODY_TYP,MOD_YEAR,VIN,VIN_1,VIN_2,VIN_3,VIN_4,VIN_5,VIN_6,VIN_7,VIN_8,VIN_9,VIN_10,VIN_11,VIN_12,TOW_VEH,VINTYPE,VINMAKE,VINA_MOD,VIN_BT,VINMODYR,VIN_LNGT,VIN_WGT,WGTCD_TR,WHLBS_LG,WHLBS_SH,SER_TR,FUELCODE,MCYCL_DS,CARBUR,CYLINDER,DISPLACE,MCYCL_CY,MCYCL_WT,TIRE_SZE,TON_RAT,TRK_WT,TRKWTVAR,VIN_REST,WHLDRWHL,J_KNIFE,MCARR_I1,MCARR_I2,MCARR_ID,GVWR,V_CONFIG,CARGO_BT,HAZ_INV,HAZ_PLAC,HAZ_ID,HAZ_CNO,HAZ_REL,BUS_USE,SPEC_USE,EMER_USE,TRAV_SP,UNDERIDE,ROLLOVER,ROLINLOC,IMPACT1,IMPACT2,DEFORMED,TOWED,M_HARM,VEH_SC1,VEH_SC2,FIRE_EXP,DR_PRES,L_STATE,DR_ZIP,L_STATUS,L_TYPE,CDL_STAT,L_ENDORS,L_COMPL,L_RESTRI,DR_HGT,DR_WGT,PREV_ACC,PREV_SUS,PREV_DWI,PREV_SPD,PREV_OTH,FIRST_MO,FIRST_YR,LAST_MO,LAST_YR,SPEEDREL,DR_SF1,DR_SF2,DR_SF3,DR_SF4,VTRAFWAY,VNUM_LAN,VSPD_LIM,VALIGN,VPROFILE,VPAVETYP,VSURCOND,VTRAFCON,VTCONT_F,P_CRASH1,P_CRASH2,P_CRASH3,PCRASH4,PCRASH5,ACC_TYPE,DEATHS,DR_DRINK
12,121401,1,1,2,9,7,0,20,9,0,1,0,12,1,12,481,12481,31,2007,1FTRW12W97KC,1,F,T,R,W,1,2,W,9,7,K,C,0,T,FORD,F1S,CW,7,17,,2,0,1390,COF,G,,,8,281,,,,B,5176,01,E,42,0,0,000000000,00000000000,0,0,0,1,0,0,0,0,0,0,0,45,0,0,0,12,12,4,1,9,0,0,0,1,12,32404,6,1,0,0,3,0,69,999,0,2,0,0,0,10,2008,3,2010,0,0,0,0,0,5,4,45,2,6,8,1,0,0,14,83,1,1,1,13,0,0
12,121403,1,2,1,22,7,19,10,12,6,1,0,12,2,34,36,34036,2,2007,WBSEH935X7CY,W,B,S,E,H,9,3,5,X,7,C,Y,0,P,BMW,M6S,CP,7,17,3909,,0,1095,,G,,F,10,305,,,19R255,,,,,,0,0,000000000,00000000000,0,0,0,1,0,0,0,0,0,0,0,999,0,0,0,12,12,6,2,12,0,0,0,1,12,33314,6,1,0,0,3,3,74,999,0,0,0,0,0,0,0,0,0,1,0,0,0,0,2,2,45,1,1,8,1,0,0,1,70,1,1,1,69,0,0
12,121403,2,2,4,22,7,19,10,12,6,1,0,12,2,49,50,49050,3,2006,JTKDE177X601,J,T,K,D,E,1,7,7,X,6,0,1,0,P,TOYT,SXC,2H,6,17,2905,,0,1063,,G,,F,4,144,,,17R215,,,,,,0,0,000000000,00000000000,0,0,0,1,0,0,0,0,0,0,0,999,0,0,0,9,9,6,2,12,0,0,0,1,12,33056,6,1,0,0,3,0,64,999,1,1,0,2,0,11,2010,6,2011,0,38,0,0,0,2,2,45,1,1,8,1,20,3,11,15,1,1,1,68,1,0
12,121404,1,2,2,25,8,0,0,12,6,1,0,12,2,12,481,12481,31,1997,1FTDX1867VNA,1,F,T,D,X,1,8,6,7,V,N,A,0,T,FORD,F15,3C,97,17,,1,1570,1390,COF,G,,,8,281,,,,B,4480,01,E,44,0,0,000000000,00000000000,0,0,0,1,0,0,0,0,0,0,0,35,0,0,0,4,4,6,2,12,0,0,0,1,12,32714,6,1,0,0,3,0,68,999,0,0,0,0,0,0,0,0,0,0,38,0,0,0,5,2,35,1,1,8,1,20,3,11,15,1,1,1,68,0,0
12,121404,2,2,1,25,8,0,0,12,6,1,0,12,2,53,706,53706,80,2001,JS1VT52A6121,J,S,1,V,T,5,2,A,6,1,2,1,0,M,SUZI,TLR,RC,1,17,,,,,,,996,,2,,4,434,,,,,,,0,0,000000000,00000000000,0,0,0,1,0,0,0,0,0,0,0,35,0,0,0,12,12,6,2,12,0,0,0,1,12,32714,6,1,0,0,3,0,69,999,0,0,0,0,0,0,0,0,0,0,0,0,0,0,5,2,35,1,1,8,1,20,3,1,62,2,1,1,69,1,0
12,121405,1,1,1,27,8,1,6,30,0,1,0,12,1,20,4,20004,2,1988,1G1YY2185J51,1,G,1,Y,Y,2,1,8,5,J,5,1,0,P,CHEV,CVT,2H,88,17,3113,,0,960,,G,,F,8,350,,,16R225,,,,,,0,0,000000000,00000000000,0,0,0,1,0,0,0,0,0,0,0,40,0,0,0,9,63,6,2,30,0,0,0,1,12,33432,6,1,0,0,3,0,74,999,0,0,0,0,0,0,0,0,0,0,92,0,0,0,3,2,40,1,1,8,1,0,0,1,13,1,3,4,2,1,1
12,121406,1,2,1,6,9,15,42,12,6,1,0,12,1,41,37,41037,4,2000,1YVGF22CXY51,1,Y,V,G,F,2,2,C,X,Y,5,1,0,P,MAZD,U6X,4D,0,17,2864,,0,1051,,G,,F,4,122,,,15R185,,,,,,0,0,000000000,00000000000,0,0,0,1,0,0,0,0,0,0,0,10,0,0,0,9,9,6,2,12,0,0,0,1,12,33936,6,1,0,0,3,3,62,999,0,0,0,0,0,0,0,0,0,0,39,0,0,0,1,2,98,1,1,8,2,3,3,11,15,1,1,1,82,1,0
12,121406,2,2,1,6,9,15,42,12,6,1,0,12,2,12,471,12471,30,1998,1FTYR14U8WPA,1,F,T,Y,R,1,4,U,8,W,P,A,0,T,FORD,RNS,PC,98,17,,1,0,1257,RNG,G,,,6,182,,,,B,3210,01,E,42,0,0,000000000,00000000000,0,0,0,1,0,0,0,0,0,0,0,35,0,0,0,12,12,6,2,12,0,0,0,1,12,33972,1,1,0,0,2,0,69,999,0,7,0,1,0,11,2008,2,2011,0,0,0,0,0,2,3,45,1,1,8,2,3,3,1,72,1,1,1,83,0,0
12,121407,1,1,1,7,6,12,46,33,0,1,0,12,1,72,706,72706,80,2003,1HD1BWB113Y0,1,H,D,1,B,W,B,1,1,3,Y,0,0,M,HD,FSI,RS,3,17,,,,,,,1450,,2,,4,696,,,,,,,0,0,000000000,00000000000,0,0,0,1,0,0,0,0,0,0,0,35,0,0,0,14,98,6,2,5,0,0,0,1,25,2050,6,1,6,0,3,0,64,999,0,0,0,0,0,0,0,0,0,0,0,0,0,0,2,3,45,1,1,8,1,0,0,2,13,1,1,4,1,1,0
12,121408,1,1,1,3,7,3,0,39,0,1,0,12,2,35,48,35048,2,2003,JN1AZ34D93T1,J,N,1,A,Z,3,4,D,9,3,T,1,0,P,NISS,3ZC,CP,3,17,3062,,0,1083,,G,,F,6,214,,,17R225,,,,,,0,0,000000000,00000000000,0,0,0,1,0,0,0,0,0,0,0,100,0,0,0,12,12,6,2,2,0,0,1,1,12,33178,6,1,0,0,3,0,72,999,0,3,0,1,2,3,2010,2,2011,1,36,0,0,0,2,2,35,1,1,8,1,0,0,1,13,1,1,4,1,1,0
12,121409,1,1,1,25,8,8,30,41,0,1,0,12,1,49,40,49040,4,2001,4T1BG22K81U0,4,T,1,B,G,2,2,K,8,1,U,0,0,P,TOYT,CXL,4D,1,17,2998,,0,1051,,G,,F,4,132,,,15R205,,,,,,0,0,000000000,00000000000,0,0,0,1,0,0,0,0,0,0,0,35,0,0,0,14,14,6,2,3,0,0,0,1,12,32162,6,1,0,0,3,3,73,999,0,0,0,0,0,0,0,0,0,0,0,0,0,0,2,2,35,2,1,8,1,0,0,14,13,1,1,4,1,1,0
12,121410,1,2,1,26,8,20,36,12,1,1,0,12,1,22,20,22020,2,1997,1G2WP12K3VF2,1,G,2,W,P,1,2,K,3,V,F,2,0,P,PONT,GPG,CP,97,17,3396,,0,1105,,G,,F,6,231,,,16R225,,,,,,0,0,000000000,00000000000,0,0,0,1,0,0,0,0,0,0,0,999,0,0,0,12,12,6,2,12,0,0,0,1,12,33913,6,1,0,0,3,0,75,999,0,0,0,0,0,0,0,0,0,0,36,0,0,0,2,3,99,1,1,8,1,3,3,1,51,1,1,1,24,0,0
12,121410,2,2,2,26,8,20,36,12,1,1,0,12,1,76,709,76709,80,1979,SD9716MC,S,D,9,7,1,6,M,C,,,,,0,M,YAMA,,,79,8,,,,,,,,,,,,,,,,,,,0,0,000000000,00000000000,0,0,0,1,0,0,0,0,0,0,0,999,0,0,0,6,6,6,2,12,0,0,0,1,12,33967,6,1,0,0,3,0,73,999,0,0,0,0,0,0,0,0,0,0,0,0,0,0,2,3,99,1,1,8,1,3,3,1,53,1,1,1,25,1,0
12,121411,1,1,3,27,8,6,35,1,0,1,0,12,2,12,401,12401,14,2000,1FMYU60X6YUA,1,F,M,Y,U,6,0,X,6,Y,U,A,0,P,FORD,EPR,UT,0,17,3670,,0,1017,,G,,F,6,245,,,15R235,,,,,,0,0,000000000,00000000000,0,0,0,1,0,0,0,0,0,0,0,55,0,1,1,0,0,6,2,1,0,0,0,1,12,34135,6,1,0,0,3,0,72,999,0,0,0,0,0,0,0,0,0,0,36,0,0,0,2,2,45,1,1,8,1,0,0,1,12,6,4,6,98,1,1
12,121412,1,2,1,31,8,18,29,24,0,1,0,12,2,12,481,12481,31,2006,1FTRW12W46KD,1,F,T,R,W,1,2,W,4,6,K,D,0,T,FORD,F1S,CW,6,17,,2,0,1390,COF,G,,,8,281,,,,B,5176,01,E,42,0,0,000000000,00000000000,0,0,0,1,0,0,0,0,0,0,0,50,0,1,3,62,1,6,2,12,0,0,0,1,12,33177,1,1,0,0,2,3,66,999,0,3,0,0,0,12,2008,12,2010,0,28,0,0,0,3,2,50,1,1,8,2,0,0,15,12,1,1,4,6,1,0
12,121412,2,2,1,31,8,18,29,24,0,1,0,12,1,52,401,52401,14,2003,JA4NW51S13J0,J,A,4,N,W,5,1,S,1,3,J,0,0,P,MITS,MON,UT,3,17,4784,,0,1095,,G,,F,6,231,,,16R265,,,,,,0,0,000000000,00000000000,0,0,0,1,0,0,0,0,0,0,0,40,0,0,0,12,12,6,2,12,0,0,0,1,12,33176,6,1,0,0,3,0,62,999,0,2,0,1,1,7,2010,7,2011,0,0,0,0,0,3,2,50,1,1,8,2,0,0,1,62,1,1,1,98,0,0
12,121413,1,1,1,31,8,21,23,32,0,1,0,12,2,20,37,20037,4,1997,1G1ND52M5V61,1,G,1,N,D,5,2,M,5,V,6,1,0,P,CHEV,MAL,4D,97,17,2976,,0,1070,,G,,F,6,191,,,15R215,,,,,,0,0,000000000,00000000000,0,0,0,1,0,0,0,0,0,0,0,65,0,1,3,12,13,6,2,42,0,0,0,1,12,32340,6,1,0,0,3,3,65,999,0,0,0,0,0,0,0,0,0,0,36,0,0,0,1,2,60,3,6,8,1,0,0,14,13,1,1,4,1,1,1
12,121414,1,1,1,31,8,6,30,8,0,1,0,12,3,86,881,86881,66,2004,1M1AA18Y04N1,1,M,1,A,A,1,8,Y,0,4,N,1,1,T,MACK,CH6,TR,4,17,,8,0,0,600,D,,,6,728,,,,,00000,00,,64,1,12,1308352,121308352,3,6,1,1,0,0,0,0,0,0,0,45,0,0,0,1,1,6,2,8,0,0,0,1,12,34488,6,1,6,3,3,0,67,999,0,0,0,0,0,0,0,0,0,0,0,0,0,0,1,2,55,1,1,8,1,0,0,1,80,1,1,1,13,0,0
12,121415,1,1,1,31,8,0,0,42,0,1,0,12,1,20,461,20461,21,2005,1GCGG25V5511,1,G,C,G,G,2,5,V,5,5,1,1,0,T,CHEV,E25,CG,5,17,,2,0,1350,EXP,G,,,8,293,,,,C,5002,00,,42,0,0,000000000,00000000000,0,0,0,1,0,0,0,0,0,0,0,999,0,0,0,61,61,6,2,42,0,0,0,1,12,32835,6,1,0,0,3,3,75,999,0,3,0,2,0,11,2008,7,2011,0,28,0,0,0,2,2,30,2,1,8,1,0,0,14,12,1,1,4,6,1,1
12,121416,1,1,2,19,7,10,33,9,0,1,0,12,1,37,32,37032,4,2003,1HGCM56393A0,1,H,G,C,M,5,6,3,9,3,A,0,0,P,HOND,ULX,4D,3,17,3053,,0,1079,,G,,F,4,146,,,15R205,,,,,,0,0,000000000,00000000000,0,0,0,1,0,0,0,0,0,0,0,999,0,0,0,12,12,6,2,9,0,0,0,1,12,32344,6,1,0,0,3,0,66,999,0,1,0,1,2,6,2009,9,2010,0,0,0,0,0,1,2,55,1,1,8,1,0,0,1,83,1,1,1,13,0,0
12,121417,1,2,2,3,9,10,26,12,1,1,0,12,1,12,481,12481,31,2007,1FTPW14VX7KD,1,F,T,P,W,1,4,V,X,7,K,D,0,T,FORD,F1S,CW,7,17,,2,0,1390,COF,F,,,8,329,,,,B,5476,01,E,44,0,0,000000000,00000000000,0,0,0,1,0,0,0,0,0,0,0,55,0,0,0,12,12,6,2,12,0,0,0,1,12,32955,6,1,0,0,3,0,65,999,0,0,0,4,0,11,2010,6,2011,1,36,0,0,0,2,2,55,1,1,8,1,0,0,1,52,6,1,1,28,0,0
12,121417,2,2,2,3,9,10,26,12,1,1,0,12,1,72,706,72706,80,2010,1HD1FC41XAB6,1,H,D,1,F,C,4,1,X,A,B,6,0,M,HD,FTU,RS,10,17,,,,,,,1584,,2,,4,889,,,,,,,0,0,000000000,00000000000,0,0,0,1,0,0,0,0,0,0,0,30,0,0,0,6,6,6,2,12,0,0,0,1,12,32927,6,1,0,0,3,0,68,999,0,0,0,0,0,0,0,0,0,0,0,0,0,0,2,2,55,1,1,8,1,50,3,2,53,1,1,1,29,1,0
12,121418,1,1,1,7,9,4,30,41,0,1,0,12,2,35,47,35047,4,2007,1N4BL21E27C1,1,N,4,B,L,2,1,E,2,7,C,1,0,P,NISS,ATL,4D,7,17,3294,,0,1093,,G,,F,6,214,,,16R215,,,,,,0,0,000000000,00000000000,0,0,0,1,0,0,0,0,0,0,0,45,0,0,0,12,12,6,2,41,0,0,0,1,12,32137,6,1,0,0,3,0,68,999,0,0,0,1,1,6,2009,1,2011,0,39,0,0,0,1,2,45,1,1,8,1,20,3,1,14,1,1,4,14,1,1
12,121419,1,1,1,9,9,2,42,31,0,1,0,12,2,12,401,12401,14,2000,1FMZU63P8YUB,1,F,M,Z,U,6,3,P,8,Y,U,B,0,P,FORD,EPR,UT,0,17,3906,,0,1116,,G,,F,8,302,,,15R235,,,,,,0,0,000000000,00000000000,0,0,0,1,0,0,0,0,0,0,0,60,0,1,5,98,98,6,2,1,0,0,0,1,12,32534,6,1,0,0,3,0,70,999,0,0,0,0,0,0,0,0,0,1,36,0,0,0,1,2,25,2,1,8,1,0,0,14,12,1,4,4,7,1,1
12,121420,1,1,1,15,1,22,55,8,0,1,1,12,2,12,471,12471,30,1993,1FTCR10U3PTA,1,F,T,C,R,1,0,U,3,P,T,A,0,T,FORD,RNG,PK,93,17,,1,1139,1079,RNG,G,,,6,182,,,,B,2918,01,A,42,0,0,000000000,00000000000,0,0,0,1,0,0,0,0,0,0,0,35,0,0,0,12,12,4,3,8,0,0,0,1,12,33138,0,0,0,0,0,0,999,999,0,0,0,0,0,0,0,0,0,0,0,0,0,0,1,2,35,1,1,8,1,0,0,1,80,1,1,1,13,0,1
12,121421,1,2,1,31,8,16,25,12,1,1,0,1,1,49,32,49032,4,2005,1NXBR32E95Z4,1,N,X,B,R,3,2,E,9,5,Z,4,0,P,TOYT,UCS,4D,5,17,2530,,0,1024,,G,,F,4,109,,,15R185,,,,,,0,0,000000000,00000000000,0,0,0,1,0,0,0,0,0,0,0,70,0,0,0,12,12,6,2,12,0,0,0,1,1,36067,6,1,0,0,3,0,76,185,1,2,0,1,0,4,2009,5,2010,0,36,0,0,0,3,2,70,1,1,8,1,0,0,1,51,1,1,1,24,1,0
12,121421,2,2,1,31,8,16,25,12,1,1,0,13,3,82,881,82881,66,2002,1FUJBBCG32LK,1,F,U,J,B,B,C,G,3,2,L,K,1,T,FRHT,ST2,TR,2,17,,8,0,0,CON,D,,,6,774,,,,,00000,00,,64,1,13,1915885,131915885,3,6,1,1,0,0,0,0,0,0,0,25,0,0,0,6,6,4,3,12,0,0,0,1,13,30102,6,1,6,0,3,0,68,200,98,0,0,1,2,6,2010,9,2010,0,92,0,0,0,3,2,70,1,1,8,1,0,0,1,53,1,1,1,25,0,0
12,121422,1,1,1,3,9,11,35,15,0,1,0,31,3,51,881,51881,66,2007,4V4NC9KJ97N4,4,V,4,N,C,9,K,J,9,7,N,4,1,T,VOLV,VNL,TR,7,17,,8,0,0,VVN,D,,,6,984,,,,,00000,00,,64,1,31,73705,3173705,3,6,1,1,0,0,0,0,0,0,0,45,0,0,0,5,5,0,1,15,0,0,0,1,12,33513,6,1,6,3,3,0,60,999,0,0,0,0,0,0,0,0,0,0,0,0,0,0,2,4,45,1,1,8,1,0,0,1,83,1,1,1,13,0,0
12,121423,1,1,0,3,9,7,12,8,0,1,0,92,0,2,403,2403,14,1988,2BCCV81J3JB5,2,B,C,C,V,8,1,J,3,J,B,5,0,T,JEEP,WRA,2W,88,17,,1,0,935,WRA,G,,,6,258,,,,,2830,01,A,44,0,0,000000000,00000000000,0,0,0,1,0,0,0,0,0,0,0,5,0,0,0,63,6,4,4,8,0,0,0,0,0,99997,7,6,97,7,6,7,998,997,998,998,998,998,998,98,9998,98,9998,8,0,0,0,0,4,1,5,1,1,8,1,0,0,0,80,0,0,0,98,0,0
12,121424,1,1,1,5,9,3,30,52,0,1,0,12,1,2,403,2403,14,2004,1J4FA69S24P7,1,J,4,F,A,6,9,S,2,4,P,7,0,T,JEEP,WRB,2W,4,17,,1,0,934,W/T,G,,,6,244,,,,,3620,00,E,44,0,0,000000000,00000000000,0,0,0,1,0,0,0,0,0,0,0,65,0,1,2,12,0,6,2,8,0,0,0,1,12,33040,6,1,0,0,3,3,70,999,0,0,0,0,0,0,0,0,0,0,36,0,0,0,6,8,45,1,1,8,1,0,0,1,13,1,1,4,1,1,1
12,121425,1,2,2,5,9,13,45,12,6,1,0,12,1,7,18,7018,4,1991,1B3XC56R4MD2,1,B,3,X,C,5,6,R,4,M,D,2,0,P,DODG,DLE,4D,91,17,3003,,0,1045,,G,,F,6,201,,,14R195,,,,,,0,0,000000000,00000000000,0,0,0,1,0,0,0,0,0,0,0,15,0,0,0,3,3,6,2,12,0,0,0,1,12,32621,6,1,0,0,3,0,61,999,0,1,0,0,0,6,2010,6,2010,0,38,0,0,0,1,2,45,1,1,8,2,0,0,11,15,1,1,1,68,2,0
12,121425,2,2,1,5,9,13,45,12,6,1,0,12,2,12,881,12881,62,1998,1FDNF80C2WVA,1,F,D,N,F,8,0,C,2,W,V,A,0,T,FORD,F80,CC,98,17,,6,2560,1290,MHV,D,,,6,359,,,,,00000,00,,42,0,88,888888888,88888888888,2,1,96,1,0,0,0,0,0,0,0,45,0,0,0,12,12,6,2,12,0,0,0,1,12,32668,6,1,0,0,3,0,73,999,0,0,0,1,0,1,2011,1,2011,0,0,0,0,0,1,2,45,1,1,8,2,0,0,1,62,1,1,1,69,0,0
12,121426,1,2,2,5,9,0,8,12,6,1,0,12,1,20,32,20032,4,1997,1Y1SK5262VZ4,1,Y,1,S,K,5,2,6,2,V,Z,4,0,P,GEO,GEP,4D,97,17,2360,,0,971,,G,,F,4,097,,,14R175,,,,,,0,0,000000000,00000000000,0,0,0,1,0,0,0,0,0,0,0,50,0,0,0,12,12,6,2,12,0,0,0,1,12,34743,6,1,0,0,3,0,69,999,0,1,0,0,0,11,2008,11,2008,0,39,0,0,0,3,3,50,1,1,8,1,3,3,1,56,1,1,1,93,1,1
12,121426,2,2,1,5,9,0,8,12,6,1,0,12,3,84,881,84881,62,2012,1HTMMAALXCH4,1,H,T,M,M,A,A,L,X,C,H,4,0,T,INTL,430,CC,12,17,,6,0,0,40S,D,,,6,466,,,,,00000,00,,42,0,13,2073761,132073761,2,1,1,1,0,0,0,0,0,0,0,999,0,0,0,5,5,4,3,12,0,0,0,1,97,0,9,9,99,9,9,9,999,999,99,99,99,99,99,99,9999,99,9999,0,0,0,0,0,2,3,50,1,1,8,1,3,3,13,54,1,1,1,92,0,0
12,121427,1,2,2,5,9,20,45,12,2,1,0,91,1,37,709,37709,80,2007,JH2PE06097K2,J,H,2,P,E,0,6,0,9,7,K,2,0,M,HOND,4FC,EN,7,17,,,,,,,449,,1,,4,255,,,,,,,0,0,000000000,00000000000,0,0,0,1,0,0,0,0,0,0,0,998,0,0,0,12,98,6,2,12,0,0,0,1,12,33849,6,1,0,0,3,0,73,999,0,1,0,0,0,8,2011,8,2011,0,36,0,0,0,1,2,35,1,1,8,1,0,0,1,62,1,1,1,69,1,0
12,121427,2,2,5,5,9,20,45,12,2,1,0,12,2,13,2,13002,2,1997,1LNLM91V6VY7,1,L,N,L,M,9,1,V,6,V,Y,7,0,P,LINC,MK8,CP,97,17,3778,,0,1130,,G,,F,8,281,,,16R225,,,,,,0,0,000000000,00000000000,0,0,0,1,0,0,0,0,0,0,0,998,0,0,0,12,98,6,2,12,0,0,0,1,12,33809,6,1,0,0,3,0,73,999,0,2,0,0,0,11,2010,11,2010,0,0,0,0,0,1,2,35,1,1,8,1,0,0,11,15,1,1,1,68,0,0
12,121428,1,1,1,5,9,3,20,8,0,1,0,12,2,20,16,20016,4,1997,1G1JC5244V71,1,G,1,J,C,5,2,4,4,V,7,1,0,P,CHEV,CAV,4D,97,17,2630,,0,1041,,G,,F,4,133,,,14R195,,,,,,0,0,000000000,00000000000,0,0,0,1,0,0,0,0,0,0,0,26,0,0,0,14,14,2,1,8,0,0,0,1,12,32765,6,1,0,0,3,3,72,999,0,0,0,0,0,0,0,0,0,0,0,0,0,0,5,3,45,1,1,8,1,3,3,1,80,1,1,1,13,0,0
12,121429,1,2,2,7,9,9,20,12,6,1,0,12,1,7,482,7482,31,2002,3B7KF26ZX2M2,3,B,7,K,F,2,6,Z,X,2,M,2,1,T,DODG,250,PK,2,17,,2,0,0,RPC,G,,,8,360,,,,C,4995,00,E,44,1,0,000000000,00000000000,0,0,0,1,0,0,0,0,0,0,0,20,0,0,0,4,4,6,2,12,0,0,0,1,12,32113,6,1,0,0,3,0,67,999,0,0,0,0,0,0,0,0,0,0,38,0,0,0,1,2,60,1,1,8,1,0,0,11,15,1,1,1,68,0,0
12,121429,2,2,1,7,9,9,20,12,6,1,0,12,1,72,706,72706,80,2006,1HD4CMM186K4,1,H,D,4,C,M,M,1,8,6,K,4,0,M,HD,XLL,RS,6,17,,,,,,,883,,2,,4,555,,,,,,,0,0,000000000,00000000000,0,0,0,1,0,0,0,0,0,0,0,55,0,0,0,1,1,6,2,12,0,0,0,1,12,32696,6,1,0,0,3,3,62,999,0,0,0,0,0,0,0,0,0,0,0,0,0,0,1,2,60,1,1,8,1,0,0,1,62,2,1,1,69,1,0
12,121430,1,1,2,8,9,7,8,42,0,1,0,13,1,12,880,12880,67,2002,1FDWE35L02HA,1,F,D,W,E,3,5,L,0,2,H,A,0,T,FORD,3DC,YY,2,17,,3,1760,1380,CTV,G,,,8,330,,,,,00000,00,E,42,0,88,888888888,88888888888,2,1,97,1,0,0,0,0,0,0,0,60,0,0,0,12,12,6,2,42,0,0,0,1,13,31632,6,1,0,0,3,0,71,999,98,0,0,0,0,0,0,0,0,0,36,0,0,0,1,2,60,1,1,8,1,0,0,1,12,1,1,4,6,1,0
12,121431,1,3,2,8,9,19,52,12,6,1,0,12,2,12,37,12037,4,2004,1FAFP33ZX4W1,1,F,A,F,P,3,3,Z,X,4,W,1,0,P,FORD,FOX,4D,4,17,2604,,0,1030,,G,,F,4,140,,,17R215,,,,,,0,0,000000000,00000000000,0,0,0,1,0,0,0,0,0,0,0,40,0,0,0,3,3,6,2,12,0,0,0,1,12,32818,6,1,0,0,3,0,73,999,0,0,0,0,0,0,0,0,0,0,36,0,0,0,5,3,45,1,1,8,1,28,3,1,10,1,4,2,64,2,0
12,121431,2,3,1,8,9,19,52,12,6,1,0,12,1,6,441,6441,20,2000,1C4GP44G0YB8,1,C,4,G,P,4,4,G,0,Y,B,8,0,T,CHRY,TLX,ES,0,17,,1,0,1193,TWC,F,,,6,201,,,,,3948,00,,42,0,0,000000000,00000000000,0,0,0,1,0,0,0,0,0,0,0,40,0,0,0,12,9,6,2,12,0,0,0,1,12,32853,6,1,0,0,3,3,68,999,0,0,0,0,1,3,2009,3,2009,0,0,0,0,0,5,3,45,1,1,8,1,28,3,1,62,1,1,1,65,0,0
12,121431,3,3,2,8,9,19,52,12,6,1,0,12,1,63,37,63037,6,2010,KNDJT2A24A70,K,N,D,J,T,2,A,2,4,A,7,0,0,P,KIA,SOU,UT,10,17,2800,,0,1004,,G,,F,4,122,,,16R205,,,,,,0,0,000000000,00000000000,0,0,0,1,0,0,0,0,0,0,0,40,0,0,0,7,7,4,1,54,0,0,0,1,12,32703,6,1,0,0,3,3,69,999,0,0,0,0,1,4,2010,4,2010,0,0,0,0,0,5,3,45,1,1,8,1,28,3,1,98,1,1,1,98,0,0
12,121432,1,1,1,16,7,17,0,33,0,1,0,12,2,72,706,72706,80,1996,1HD1BML10TY0,1,H,D,1,B,M,L,1,0,T,Y,0,0,M,HD,FLF,RS,96,17,,,,,,,1340,,2,,4,631,,,,,,,0,0,000000000,00000000000,0,0,0,1,0,0,0,0,0,0,0,999,0,0,0,12,0,6,2,1,0,0,0,1,12,34769,6,1,6,0,3,0,75,999,0,2,0,1,0,3,2009,6,2009,0,36,26,35,0,2,2,45,1,1,8,1,28,3,15,13,1,1,4,1,1,1
12,121433,1,2,1,16,8,10,35,12,6,1,0,12,1,37,441,37441,20,2006,5FNRL38686B4,5,F,N,R,L,3,8,6,8,6,B,4,0,P,HOND,UDY,SV,6,17,4537,,0,1181,,G,,F,6,213,,,16R235,,,,,,0,0,000000000,00000000000,0,0,0,1,0,0,0,0,0,0,0,30,0,0,0,12,12,6,2,46,0,0,0,1,12,32225,6,1,0,0,3,3,62,999,0,0,0,0,0,0,0,0,0,0,39,0,0,0,1,2,30,1,1,8,1,3,3,1,17,1,1,1,86,0,0
12,121433,2,2,1,16,8,10,35,12,6,1,0,12,1,21,22,21022,4,2001,1G3GS64C9141,1,G,3,G,S,6,4,C,9,1,4,1,0,P,OLDS,AU4,4D,1,17,3803,,0,1122,,G,,F,8,244,,,17R235,,,,,,0,0,000000000,00000000000,0,0,0,1,0,0,0,0,0,0,0,30,0,0,0,1,1,6,2,12,0,0,0,1,12,32204,6,1,0,0,3,3,66,999,0,0,0,0,0,0,0,0,0,0,39,0,0,0,1,2,30,1,1,8,1,3,3,1,66,1,1,1,87,1,0
12,121434,1,1,1,3,4,0,0,8,0,1,0,12,2,22,441,22441,20,2001,1GMDX03E21D2,1,G,M,D,X,0,3,E,2,1,D,2,0,T,PONT,MON,ES,1,17,,1,0,1200,MON,G,,,6,207,,,,B,3942,00,K,42,0,0,000000000,00000000000,0,0,0,1,0,0,0,0,0,0,0,40,0,0,0,12,12,6,2,8,0,0,0,1,12,34946,6,1,0,0,3,3,61,999,0,3,0,1,1,1,2010,3,2010,0,0,0,0,0,3,5,40,1,1,8,1,0,0,1,80,1,1,1,13,0,0
12,121435,1,1,1,5,7,23,40,42,0,1,0,50,2,35,48,35048,2,2005,JN1AZ34DX5M6,J,N,1,A,Z,3,4,D,X,5,M,6,0,P,NISS,3ZC,CP,5,17,3087,,0,1043,,G,,F,6,214,,,17R225,,,,,,0,0,000000000,00000000000,0,0,0,1,0,0,0,0,0,0,0,100,0,0,0,9,9,6,2,42,0,0,0,1,12,32084,0,0,0,0,0,0,999,999,0,0,0,0,0,0,0,0,0,1,28,58,0,0,1,2,45,2,1,8,1,0,0,14,13,1,1,4,1,1,1