STATE,ST_CASE,VEH_NO,VE_FORMS,NUMOCCS,DAY,MONTH,HOUR,MINUTE,HARM_EV,MAN_COLL,UNITTYPE,HIT_RUN,REG_STAT,OWNER,MAKE,MODEL,MAK_MOD,BODY_TYP,MOD_YEAR,VIN,VIN_1,VIN_2,VIN_3,VIN_4,VIN_5,VIN_6,VIN_7,VIN_8,VIN_9,VIN_10,VIN_11,VIN_12,TOW_VEH,VINTYPE,VINMAKE,VINA_MOD,VIN_BT,VINMODYR,VIN_LNGT,VIN_WGT,WGTCD_TR,WHLBS_LG,WHLBS_SH,SER_TR,FUELCODE,MCYCL_DS,CARBUR,CYLINDER,DISPLACE,MCYCL_CY,MCYCL_WT,TIRE_SZE,TON_RAT,TRK_WT,TRKWTVAR,VIN_REST,WHLDRWHL,J_KNIFE,MCARR_I1,MCARR_I2,MCARR_ID,GVWR,V_CONFIG,CARGO_BT,HAZ_INV,HAZ_PLAC,HAZ_ID,HAZ_CNO,HAZ_REL,BUS_USE,SPEC_USE,EMER_USE,TRAV_SP,UNDERIDE,ROLLOVER,ROLINLOC,IMPACT1,IMPACT2,DEFORMED,TOWED,M_HARM,VEH_SC1,VEH_SC2,FIRE_EXP,DR_PRES,L_STATE,DR_ZIP,L_STATUS,L_TYPE,CDL_STAT,L_ENDORS,L_COMPL,L_RESTRI,DR_HGT,DR_WGT,PREV_ACC,PREV_SUS,PREV_DWI,PREV_SPD,PREV_OTH,FIRST_MO,FIRST_YR,LAST_MO,LAST_YR,SPEEDREL,DR_SF1,DR_SF2,DR_SF3,DR_SF4,VTRAFWAY,VNUM_LAN,VSPD_LIM,VALIGN,VPROFILE,VPAVETYP,VSURCOND,VTRAFCON,VTCONT_F,P_CRASH1,P_CRASH2,P_CRASH3,PCRASH4,PCRASH5,ACC_TYPE,DEATHS,DR_DRINK
12,121436,1,2,1,2,9,0,0,12,1,1,0,12,1,72,706,72706,80,2008,1HD1GX4148K3,1,H,D,1,G,X,4,1,4,8,K,3,0,M,HD,FXI,RS,8,17,,,,,,,1584,,2,,4,667,,,,,,,0,0,000000000,00000000000,0,0,0,1,0,0,0,0,0,0,0,999,0,0,0,12,6,6,2,12,0,0,0,1,12,33809,6,1,0,0,3,0,69,999,0,0,0,0,0,0,0,0,0,0,36,0,0,0,2,2,50,1,1,8,1,3,3,1,52,98,2,1,28,1,1
12,121436,2,2,1,2,9,0,0,12,1,1,0,12,1,12,4,12004,1,2003,1FAHP60A53Y1,1,F,A,H,P,6,0,A,5,3,Y,1,0,P,FORD,THU,CV,3,17,3775,,0,1072,,G,,F,8,240,,,17R235,,,,,,0,0,000000000,00000000000,0,0,0,1,0,0,0,0,0,0,0,999,0,0,0,6,6,2,1,12,0,0,0,1,12,33810,6,1,0,0,3,0,73,999,0,0,0,0,0,0,0,0,0,0,0,0,0,0,2,2,50,1,1,8,1,3,3,2,53,1,1,1,29,0,0
12,121437,1,1,1,8,9,21,0,1,0,1,0,12,2,37,705,37705,80,2001,JH2PC35061M2,J,H,2,P,C,3,5,0,6,1,M,2,0,M,HOND,CF4,RC,1,17,,,,,,,599,,4,,4,370,,,,,,,0,0,000000000,00000000000,0,0,0,1,0,0,0,0,0,0,0,70,0,0,0,0,0,6,2,1,0,0,0,1,12,32927,1,1,0,0,2,0,68,999,1,1,0,0,0,6,2011,7,2011,0,36,0,0,0,2,2,70,2,1,8,1,0,0,14,12,1,1,4,6,1,1
12,121438,1,1,1,11,9,6,11,30,0,1,0,12,1,12,481,12481,31,2004,1FTPX14504NA,1,F,T,P,X,1,4,5,0,4,N,A,0,T,FORD,F15,4C,4,17,,2,1450,1260,COF,G,,,8,330,,,,B,5480,00,U,44,0,0,000000000,00000000000,0,0,0,1,0,0,0,0,0,0,0,30,0,0,0,12,12,6,2,42,0,0,0,1,12,32962,6,1,0,0,3,0,71,999,0,7,0,0,0,12,2009,9,2011,0,36,0,0,0,5,2,35,1,1,8,2,3,3,1,13,6,1,4,6,1,1
12,121439,1,1,1,30,7,2,10,9,0,1,0,12,3,20,23,20023,6,2011,3GNBABFW2BS5,3,G,N,B,A,B,F,W,2,B,S,5,0,P,CHEV,HHR,UT,11,17,3208,,0,1035,,F,,F,4,134,,,16R215,,,,,,0,0,000000000,00000000000,0,0,0,1,0,0,0,0,0,0,0,50,0,0,0,12,12,6,2,9,0,0,0,1,12,34668,6,1,0,0,3,3,66,999,0,0,0,1,0,4,2009,4,2009,0,0,0,0,0,2,2,50,1,1,8,1,0,0,1,83,1,1,1,13,0,0
12,121440,1,1,1,2,9,15,39,18,0,1,0,12,1,72,706,72706,80,2010,1HD1GV417AC3,1,H,D,1,G,V,4,1,7,A,C,3,0,M,HD,XDC,RS,10,17,,,,,,,1584,,2,,4,676,,,,,,,0,0,000000000,00000000000,0,0,0,1,0,0,0,0,0,0,0,70,0,0,0,12,12,6,2,18,0,0,0,1,12,32837,6,1,0,0,3,0,70,999,0,0,0,0,1,10,2008,10,2008,0,0,0,0,0,3,2,70,1,1,8,1,0,0,1,90,1,1,1,12,1,0
12,121441,1,3,1,7,9,15,30,12,2,1,0,12,1,2,404,2404,14,1995,1J4FX78S3SC5,1,J,4,F,X,7,8,S,3,S,C,5,0,T,JEEP,LMT,4W,95,17,,1,0,1059,GCK,G,,,6,242,,,,,3447,00,M,42,0,0,000000000,00000000000,0,0,0,1,0,0,0,0,0,0,0,45,0,0,0,12,12,6,2,12,0,0,0,1,12,33764,6,1,0,0,3,0,66,999,1,0,0,0,1,10,2010,3,2011,0,0,0,0,0,2,2,45,1,1,8,2,3,3,1,60,7,1,2,50,0,0
12,121441,2,3,2,7,9,15,30,12,2,1,0,12,1,20,443,20443,20,2004,1GNDX03E34D1,1,G,N,D,X,0,3,E,3,4,D,1,0,T,CHEV,VTR,ES,4,17,,1,0,1200,VTR,G,,,6,207,,,,,3838,00,,42,0,0,000000000,00000000000,0,0,0,1,0,0,0,0,0,0,0,45,0,0,0,12,12,6,2,12,0,0,0,1,12,33759,6,1,0,0,3,0,69,999,0,0,0,0,0,0,0,0,0,0,0,0,0,0,2,2,45,1,1,8,2,3,3,1,10,1,1,2,51,1,0
12,121441,3,3,1,7,9,15,30,12,2,1,0,12,2,12,461,12461,21,2000,1FTNE24L7YHC,1,F,T,N,E,2,4,L,7,Y,H,C,0,T,FORD,25V,CG,0,17,,2,0,1380,VAN,G,,,8,330,,,,C,5012,02,M,42,0,0,000000000,00000000000,0,0,0,1,0,0,0,0,0,0,0,40,0,0,0,12,12,6,2,12,0,0,0,1,12,33759,6,1,0,0,3,0,69,999,0,0,0,1,0,6,2010,6,2010,0,0,0,0,0,2,2,45,1,1,8,2,3,3,1,51,1,1,1,98,0,0
12,121442,1,1,1,10,9,20,12,33,0,1,0,12,1,72,706,72706,80,1995,1HD4CEM19SY2,1,H,D,4,C,E,M,1,9,S,Y,2,0,M,HD,L8H,RS,95,17,,,,,,,883,,2,,4,472,,,,,,,0,0,000000000,00000000000,0,0,0,1,0,0,0,0,0,0,0,35,0,0,0,10,10,6,2,1,0,0,0,1,9,6710,6,1,0,0,3,0,64,999,98,1,0,1,2,7,2009,12,2009,0,36,0,0,0,3,2,35,1,1,8,1,20,3,1,12,1,1,4,6,1,0
12,121443,1,2,3,11,9,0,0,8,0,1,0,12,1,49,40,49040,4,2005,4T1BE32K35U5,4,T,1,B,E,3,2,K,3,5,U,5,0,P,TOYT,XLL,4D,5,17,3108,,0,1071,,G,,F,4,144,,,15R205,,,,,,0,0,000000000,00000000000,0,0,0,1,0,0,0,0,0,0,0,999,0,0,0,12,12,9,3,8,0,0,0,1,12,32779,6,1,0,0,3,3,62,999,0,5,0,3,3,11,2008,3,2011,0,0,0,0,0,3,3,45,1,1,8,1,0,0,1,80,1,1,1,13,0,0
12,121443,2,2,1,11,9,0,0,8,0,1,0,12,1,18,7,18007,4,2002,2G4WS52J4211,2,G,4,W,S,5,2,J,4,2,1,1,0,P,BUIC,CCU,4D,2,17,3368,,0,1090,,G,,F,6,191,,,15R205,,,,,,0,0,000000000,00000000000,0,0,0,1,0,0,0,0,0,0,0,999,0,0,0,14,14,9,3,8,0,0,0,1,12,32714,6,1,0,0,3,0,65,999,0,0,0,0,0,0,0,0,0,0,0,0,0,0,3,3,45,1,1,8,1,0,0,1,80,1,1,1,98,0,0
12,121444,1,2,2,11,9,13,18,12,2,1,0,12,2,12,23,12023,4,2009,3FAHP06ZX9R1,3,F,A,H,P,0,6,Z,X,9,R,1,0,P,FORD,F/S,4D,9,17,3181,,0,1074,,G,,F,4,140,,,16R205,,,,,,0,0,000000000,00000000000,0,0,0,1,0,0,0,0,0,0,0,48,0,0,0,12,12,6,2,12,0,0,0,1,12,33569,6,1,0,0,3,0,63,999,0,1,0,0,0,3,2009,3,2009,0,28,0,0,0,1,2,35,2,5,8,1,0,0,14,10,1,1,2,50,0,0
12,121444,2,2,1,11,9,13,18,12,2,1,0,12,1,72,706,72706,80,2011,1HD1KEM10BB6,1,H,D,1,K,E,M,1,0,B,B,6,0,M,HD,FTK,RS,11,17,,,,,,,1690,,2,,4,857,,,,,,,0,0,000000000,00000000000,0,0,0,1,0,0,0,0,0,0,0,18,0,0,0,12,12,6,2,1,0,0,0,1,12,33579,6,1,0,0,3,0,68,999,0,0,0,0,0,0,0,0,0,0,0,0,0,0,1,2,35,3,3,8,1,0,0,14,62,1,1,1,51,1,0
12,121445,1,2,1,16,7,4,7,12,6,1,0,12,1,34,34,34034,4,2001,WBAAV334X1FU,W,B,A,A,V,3,3,4,X,1,F,U,0,P,BMW,325,4D,1,17,3241,,0,1073,,G,,F,6,152,,,16R205,,,,,,0,0,000000000,00000000000,0,0,0,1,0,0,0,0,0,0,0,15,0,0,0,9,9,6,2,12,0,0,0,1,12,33184,1,1,0,0,2,0,63,999,0,6,0,2,2,7,2008,1,2011,0,99,99,99,99,1,2,30,1,1,8,1,20,3,1,17,1,1,1,89,1,0
12,121445,2,2,1,16,7,4,7,12,6,1,0,12,1,30,40,30040,4,2009,WVWNL73C09E5,W,V,W,N,L,7,3,C,0,9,E,5,0,P,VOLK,CCS,4D,9,17,0,,0,0,,G,,T,4,121,,,000000,,,,,,0,0,000000000,00000000000,0,0,0,1,0,0,0,0,0,0,0,999,0,0,0,12,12,6,2,12,0,0,0,1,12,33324,6,1,0,0,3,0,71,999,0,0,0,0,0,0,0,0,0,0,99,99,99,99,2,2,40,1,1,8,1,0,0,1,66,1,1,1,88,0,1
12,121446,1,2,1,23,7,17,18,12,1,1,0,12,1,73,709,73709,80,2011,JKAZXCJ16BA0,J,K,A,Z,X,C,J,1,6,B,A,0,0,M,KAWK,Z1J,RC,11,17,,,,,,,998,,4,,4,437,,,,,,,0,0,000000000,00000000000,0,0,0,1,0,0,0,0,0,0,0,100,0,0,0,12,12,6,2,12,0,0,0,1,12,32712,6,1,0,0,3,0,68,999,0,6,0,1,2,6,2010,6,2011,1,36,0,0,0,2,4,45,1,1,8,1,0,0,1,51,1,1,1,24,1,0
12,121446,2,2,4,23,7,17,18,12,1,1,0,12,2,12,461,12461,21,1995,1FDEE14N3SHA,1,F,D,E,E,1,4,N,3,S,H,A,0,T,FORD,15V,CG,95,17,,2,0,1380,VAN,G,,,8,302,,,,B,00000,00,M,42,0,0,000000000,00000000000,0,0,0,1,0,0,0,0,0,0,0,20,0,0,0,6,6,4,3,12,0,0,0,1,12,32703,6,1,0,0,3,0,69,999,0,1,0,0,1,3,2011,3,2011,0,0,0,0,0,2,4,45,1,1,8,1,0,0,1,53,1,1,1,25,0,0
12,121447,1,1,1,9,8,2,55,30,0,1,0,12,2,49,482,49482,31,2005,5TBET34175S4,5,T,B,E,T,3,4,1,7,5,S,4,0,T,TOYT,DBS,CW,5,17,,2,0,1283,TUN,G,,,8,285,,,,B,4765,00,U,42,0,0,000000000,00000000000,0,0,0,1,0,0,0,0,0,0,0,999,0,0,0,62,12,6,2,30,0,0,0,1,12,32211,6,1,0,0,3,0,66,999,0,0,0,1,0,12,2010,12,2010,0,28,0,0,0,1,2,30,1,1,8,1,0,0,1,12,1,1,4,6,1,1
12,121448,1,1,3,13,8,12,34,9,0,1,0,12,2,49,40,49040,4,1997,4T1BF22K1VU0,4,T,1,B,F,2,2,K,1,V,U,0,0,P,TOYT,UEX,4D,97,17,3086,,0,1051,,G,,F,6,183,,,15R205,,,,,,0,0,000000000,00000000000,0,0,0,1,0,0,0,0,0,0,0,35,0,0,0,12,12,4,3,9,0,0,0,1,12,32926,6,1,0,0,3,3,61,999,0,0,0,0,0,0,0,0,0,0,0,0,0,0,5,4,40,1,1,8,1,0,0,1,83,1,1,1,13,0,1
12,121449,1,2,1,27,8,20,52,12,1,1,0,12,1,53,706,53706,80,2009,JS1GT78A8921,J,S,1,G,T,7,8,A,8,9,2,1,0,M,SUZI,XR1,RC,9,17,,,,,,,999,,4,,4,448,,,,,,,0,0,000000000,00000000000,0,0,0,1,0,0,0,0,0,0,0,999,0,0,0,12,98,6,2,12,0,0,0,1,12,33068,6,1,0,0,3,0,69,999,0,3,0,0,0,8,2011,8,2011,0,36,0,0,0,2,3,45,1,1,8,1,0,0,1,51,1,1,1,24,1,0
12,121449,2,2,1,27,8,20,52,12,1,1,0,12,3,12,461,12461,21,1999,1FBSS31LXXHB,1,F,B,S,S,3,1,L,X,X,H,B,0,T,FORD,WSD,ES,99,17,,2,0,1380,ECO,G,,,8,330,,,,D,6117,00,E,42,0,0,000000000,00000000000,0,0,0,1,0,0,0,0,0,0,0,999,0,0,0,6,6,6,2,12,0,0,0,1,12,33317,6,1,0,0,3,0,67,999,0,0,0,0,0,0,0,0,0,0,0,0,0,0,2,3,45,1,1,8,1,0,0,1,53,1,1,1,25,0,0
12,121450,1,1,1,2,9,1,40,30,0,1,0,12,1,37,35,37035,1,2000,JHMAP1144YT0,J,H,M,A,P,1,1,4,4,Y,T,0,0,P,HOND,S20,CV,0,17,2809,,0,945,,G,,F,4,122,,,16R205,,,,,,0,0,000000000,00000000000,0,0,0,1,0,0,0,0,0,0,0,60,0,0,0,9,9,6,2,30,0,0,0,1,12,33177,1,1,0,0,2,3,71,999,0,3,0,1,0,1,2009,8,2011,0,36,0,0,0,2,2,40,2,1,8,2,0,0,14,13,1,1,4,1,1,0
12,121451,1,2,2,3,9,0,15,12,6,1,0,12,1,35,401,35401,14,2006,5N1AR18U76C6,5,N,1,A,R,1,8,U,7,6,C,6,0,P,NISS,PFI,UT,6,17,4373,,0,1122,,G,,F,6,244,,,16R265,,,,,,0,0,000000000,00000000000,0,0,0,1,0,0,0,0,0,0,0,20,0,0,0,10,10,6,2,12,0,0,0,1,12,32583,6,1,0,0,3,0,72,999,0,0,0,0,0,0,0,0,0,0,0,0,0,0,3,2,35,1,1,8,1,0,0,15,10,1,1,2,47,0,0
12,121451,2,2,1,3,9,0,15,12,6,1,0,12,1,76,706,76706,80,2004,JYARN13E04A0,J,Y,A,R,N,1,3,E,0,4,A,0,0,M,YAMA,YFR,RC,4,17,,,,,,,998,,4,,4,999,,,,,,,0,0,000000000,00000000000,0,0,0,1,0,0,0,0,0,0,0,50,0,0,0,12,12,6,2,12,0,0,0,1,12,33544,6,1,0,0,3,0,70,999,1,1,0,0,2,1,2009,8,2009,1,0,0,0,0,3,2,35,1,1,8,1,0,0,1,61,1,1,1,45,1,0
12,121452,1,1,2,5,9,0,2,30,0,1,0,12,1,37,31,37031,4,1999,2HGEJ6611XH5,2,H,G,E,J,6,6,1,1,X,H,5,0,P,HOND,UCE,4D,99,17,2388,,0,1032,,G,,F,4,097,,,14R185,,,,,,0,0,000000000,00000000000,0,0,0,1,0,0,0,0,0,0,0,70,0,0,0,11,11,6,2,30,0,0,0,1,12,33312,6,1,0,0,3,0,66,999,0,0,0,0,0,0,0,0,0,0,36,0,0,0,3,2,50,1,6,8,1,0,0,1,13,6,1,4,1,1,1
12,121453,1,2,2,5,9,5,15,12,2,1,0,12,2,7,42,7042,2,1996,4B3AU52N6TE4,4,B,3,A,U,5,2,N,6,T,E,4,0,P,DODG,AES,CP,96,17,2892,,0,1037,,G,,F,6,152,,,16R205,,,,,,0,0,000000000,00000000000,0,0,0,1,0,0,0,0,0,0,0,60,0,0,0,12,12,6,2,12,0,0,0,1,12,33606,1,1,0,0,2,0,68,999,0,7,0,0,0,3,2009,5,2010,0,28,0,0,0,1,2,60,1,1,8,1,0,0,1,10,1,1,2,50,2,1
12,121453,2,2,1,5,9,5,15,12,2,1,0,12,3,82,881,82881,66,2006,1FUJA6CV66LW,1,F,U,J,A,6,C,V,6,6,L,W,1,T,FRHT,COL,TR,6,17,,8,0,0,CON,D,,,6,782,,,,,00000,00,,64,1,12,991294,12991294,3,6,98,1,0,0,0,0,0,0,0,58,0,0,0,12,12,6,2,12,0,0,0,1,12,33813,6,1,6,3,3,3,69,999,0,0,0,0,0,0,0,0,0,0,0,0,0,0,1,2,60,1,1,8,1,0,0,1,62,1,1,1,51,0,0
12,121454,1,2,1,10,9,6,18,12,9,1,0,12,2,58,421,58421,15,2006,JNRAS08U16X1,J,N,R,A,S,0,8,U,1,6,X,1,0,P,INFI,IFX,UT,6,17,4045,,0,1122,,G,,F,6,213,,,18R265,,,,,,0,0,000000000,00000000000,0,0,0,1,0,0,0,0,0,0,0,5,0,0,0,6,6,6,2,12,0,0,0,1,12,33179,1,1,0,0,2,0,69,999,0,1,0,1,1,2,2010,9,2011,0,36,0,0,0,3,4,65,1,1,8,1,0,0,2,53,1,1,1,48,1,1
12,121454,2,2,2,10,9,6,18,12,9,1,0,12,3,82,881,82881,66,1994,1FUYDCYBXRP5,1,F,U,Y,D,C,Y,B,X,R,P,5,1,T,FRHT,FLD,TR,94,17,,8,0,0,CON,D,,,6,855,,,,,00000,00,,64,1,12,2064521,122064521,3,6,1,1,0,0,0,0,0,0,0,65,0,0,0,3,3,6,2,12,0,0,0,1,12,32819,6,1,6,3,3,3,70,999,0,1,0,0,1,3,2010,4,2010,0,0,0,0,0,3,4,65,1,1,8,1,0,0,1,52,6,1,1,48,0,0
12,121455,1,1,1,11,9,13,0,42,0,1,0,12,2,2,404,2404,14,1994,1J4FT27S3RL1,1,J,4,F,T,2,7,S,3,R,L,1,0,T,JEEP,CSE,2W,94,17,,1,0,1014,CHK,G,,,6,242,,,,,2771,00,A,42,0,0,000000000,00000000000,0,0,0,1,0,0,0,0,0,0,0,55,0,0,0,12,12,6,2,2,0,0,1,1,12,32808,6,1,0,0,3,0,75,999,0,1,0,0,0,3,2010,3,2010,0,28,0,0,0,4,1,10,1,1,8,1,0,0,1,12,1,1,4,6,1,0
12,121456,1,1,1,13,9,16,28,18,0,1,0,12,3,84,881,84881,66,2003,1HSMMAANX3H5,1,H,S,M,M,A,A,N,X,3,H,5,1,T,INTL,430,TR,3,17,,7,0,0,40S,D,,,6,466,,,,,00000,00,,42,1,36,69294,3669294,3,6,1,1,0,0,0,0,0,0,0,70,0,1,3,81,81,6,2,21,0,0,0,1,12,33983,6,1,6,3,3,0,66,999,0,0,0,0,0,0,0,0,0,0,36,0,0,0,3,2,70,1,1,8,2,0,0,1,12,1,1,4,6,1,0
12,121457,1,2,1,13,9,16,40,12,2,1,0,12,1,37,33,37033,2,1998,JHMBB6143WC0,J,H,M,B,B,6,1,4,3,W,C,0,0,P,HOND,PRE,CP,98,17,2861,,0,1017,,G,,F,4,132,,,16R205,,,,,,0,0,000000000,00000000000,0,0,0,1,0,0,0,0,0,0,0,65,0,0,0,12,12,6,2,12,0,0,0,1,12,33637,6,1,0,0,3,3,72,999,0,4,0,2,0,10,2008,4,2011,1,0,0,0,0,1,4,45,1,1,8,1,0,0,15,50,6,1,2,50,1,0
12,121457,2,2,1,13,9,16,40,12,2,1,0,12,1,7,442,7442,20,2005,1D4GP24R55B1,1,D,4,G,P,2,4,R,5,5,B,1,0,T,DODG,GCS,ES,5,17,,1,0,1193,CAR,G,,,6,201,,,,,3867,00,E,42,0,0,000000000,00000000000,0,0,0,1,0,0,0,0,0,0,0,45,0,0,0,12,12,6,2,12,0,0,0,1,12,33612,6,1,0,0,3,0,69,999,0,0,0,0,0,0,0,0,0,0,0,0,0,0,1,4,45,1,1,8,1,0,0,1,63,1,1,1,51,0,0
12,121458,1,1,1,14,9,23,27,8,0,1,0,12,1,20,2,20002,4,2004,2G1WF52E4493,2,G,1,W,F,5,2,E,4,4,9,3,0,P,CHEV,IMP,4D,4,17,3389,,0,1105,,G,,F,6,207,,,16R225,,,,,,0,0,000000000,00000000000,0,0,0,1,0,0,0,0,0,0,0,55,0,0,0,1,1,4,3,8,0,0,0,1,29,64152,6,1,0,0,3,0,70,999,1,0,0,0,0,10,2008,10,2008,0,0,0,0,0,2,3,55,3,1,8,1,0,0,14,80,1,1,1,13,0,0
12,121459,1,2,1,15,9,7,30,8,0,1,0,12,1,7,25,7025,5,2007,1B3HB28C57D5,1,B,3,H,B,2,8,C,5,7,D,5,0,P,DODG,CLB,4D,7,17,2909,,0,1037,,G,,F,4,110,,,15R205,,,,,,0,0,000000000,00000000000,0,0,0,1,0,0,0,0,0,0,0,35,0,0,0,12,12,6,2,8,0,0,0,1,12,33927,6,1,0,0,3,0,66,999,0,0,0,0,0,0,0,0,0,0,36,0,0,0,1,2,35,1,1,8,1,0,0,1,80,1,1,1,13,0,0
12,121459,2,2,0,15,9,7,30,8,0,1,0,12,3,86,882,86882,63,1997,1M2K195C9VM0,1,M,2,K,1,9,5,C,9,V,M,0,0,T,MACK,MR6,TB,97,17,,8,0,0,600,D,,,6,728,,,,,00000,00,,64,0,12,856335,12856335,3,2,7,1,0,0,0,0,0,0,0,0,0,0,0,6,6,4,8,12,42,0,0,0,0,99997,7,6,97,7,6,7,998,997,998,998,998,998,998,98,9998,98,9998,8,0,0,0,0,1,2,35,1,1,8,1,0,0,0,53,0,0,0,98,0,0
12,121461,1,1,1,16,9,13,35,42,0,1,0,1,1,20,481,20481,31,1998,1GCEC14W5WZ2,1,G,C,E,C,1,4,W,5,W,Z,2,0,T,CHEV,GC1,PK,98,17,,2,1315,1175,GM4,G,,,6,262,,,,B,3876,03,,42,0,0,000000000,00000000000,0,0,0,1,0,0,0,0,0,0,0,65,0,0,0,12,11,6,2,42,0,0,0,1,1,35673,1,1,1,2,2,0,75,999,0,0,0,0,0,0,0,0,0,0,36,0,0,0,1,2,55,3,1,8,1,0,0,14,13,1,1,4,1,1,1
12,121462,1,2,1,11,4,10,7,12,6,1,0,12,1,51,45,51045,4,2004,YV1TS92D2413,Y,V,1,T,S,9,2,D,2,4,1,3,0,P,VOLV,S80,4D,4,17,3596,,0,1099,,G,,F,6,177,,,16R215,,,,,,0,0,000000000,00000000000,0,0,0,1,0,0,0,0,0,0,0,5,0,0,0,3,3,6,2,12,0,0,0,1,12,34219,6,1,0,0,3,3,67,999,0,0,0,0,0,0,0,0,0,0,38,0,0,0,2,3,45,1,1,8,1,3,3,11,15,1,1,1,68,1,0
12,121462,2,2,1,11,4,10,7,12,6,1,0,12,2,20,20,20020,4,1997,2G1WL52M1V91,2,G,1,W,L,5,2,M,1,V,9,1,0,P,CHEV,L/S,4D,97,17,3360,,0,1075,,G,,F,6,191,,,15R205,,,,,,0,0,000000000,00000000000,0,0,0,1,0,0,0,0,0,0,0,45,0,0,0,12,12,6,2,12,0,0,0,1,12,33711,6,1,0,0,3,0,68,999,0,0,0,0,1,7,2008,7,2008,0,0,0,0,0,2,3,45,1,1,8,1,3,3,1,62,1,1,1,69,0,0
12,121463,1,2,1,26,7,10,4,12,6,1,0,12,2,12,401,12401,14,2006,1FMEU63E46UA,1,F,M,E,U,6,3,E,4,6,U,A,0,P,FORD,EPR,UT,6,17,4301,,0,1137,,G,,F,6,244,,,16R235,,,,,,0,0,000000000,00000000000,0,0,0,1,0,0,0,0,0,0,0,15,0,0,0,11,11,6,2,12,0,0,0,1,12,33023,6,1,0,0,3,3,62,999,0,0,0,0,0,0,0,0,0,0,38,0,0,0,1,2,45,1,1,8,1,20,3,11,15,1,1,1,82,0,0
12,121463,2,2,4,26,7,10,4,12,6,1,0,12,1,37,31,37031,4,2006,1HGFA16586L0,1,H,G,F,A,1,6,5,8,6,L,0,0,P,HOND,UCL,4D,6,17,2751,,0,1063,,G,,F,4,110,,,16R205,,,,,,0,0,000000000,00000000000,0,0,0,1,0,0,0,0,0,0,0,45,0,0,0,12,12,6,2,12,0,0,0,1,12,33179,6,1,0,0,3,3,67,999,0,1,0,2,1,7,2009,12,2010,0,0,0,0,0,2,2,45,1,1,8,1,0,0,1,67,1,1,1,83,1,0
12,121464,1,1,5,10,9,20,30,35,0,1,0,12,2,35,47,35047,4,2003,1N4AL11D93C1,1,N,4,A,L,1,1,D,9,3,C,1,0,P,NISS,ABS,4D,3,17,2913,,0,1102,,G,,F,4,153,,,16R205,,,,,,0,0,000000000,00000000000,0,0,0,1,0,0,0,0,0,0,0,55,0,1,5,4,4,6,2,1,0,0,0,1,12,32084,6,1,0,0,3,0,74,999,0,2,0,0,0,10,2009,3,2010,0,28,0,0,0,1,2,55,2,1,8,1,0,0,14,12,7,1,4,1,1,1
12,121465,1,2,2,27,3,19,20,12,6,1,0,12,2,53,705,53705,80,2002,JS1GN7BA2221,J,S,1,G,N,7,B,A,2,2,2,1,0,M,SUZI,G60,RC,2,17,,,,,,,599,,4,,4,359,,,,,,,0,0,000000000,00000000000,0,0,0,1,0,0,0,0,0,0,0,999,0,0,0,12,12,6,2,12,0,0,0,1,12,33157,6,1,0,0,3,3,68,999,0,1,0,2,0,11,2009,10,2010,1,36,35,0,0,1,2,30,1,1,8,1,0,0,6,10,1,1,2,73,1,0
12,121465,2,2,1,27,3,19,20,12,6,1,0,12,1,49,40,49040,4,2001,4T1BG22K91U8,4,T,1,B,G,2,2,K,9,1,U,8,0,P,TOYT,CXL,4D,1,17,2998,,0,1051,,G,,F,4,132,,,15R205,,,,,,0,0,000000000,00000000000,0,0,0,1,0,0,0,0,0,0,0,5,0,0,0,9,9,6,2,12,0,0,0,1,12,33157,6,1,0,0,3,3,64,999,0,0,0,0,0,0,0,0,0,0,0,0,0,0,1,2,30,1,1,8,1,0,0,11,61,1,1,1,72,0,0
12,121466,1,1,1,11,9,17,50,30,0,1,0,36,2,52,34,52034,4,2005,4A3AB36F75E0,4,A,3,A,B,3,6,F,7,5,E,0,0,P,MITS,ELM,4D,5,17,3351,,0,1083,,G,,F,4,146,,,16R215,,,,,,0,0,000000000,00000000000,0,0,0,1,0,0,0,0,0,0,0,65,0,0,0,61,61,6,2,30,0,0,1,1,36,10710,9,9,99,9,9,9,999,999,99,99,99,99,99,99,9999,99,9999,0,0,0,0,0,3,4,65,3,1,8,1,0,0,15,13,98,3,4,2,1,0
12,121467,1,2,2,17,9,0,32,12,6,1,0,12,2,12,481,12481,31,1994,1FTEF15N1RLA,1,F,T,E,F,1,5,N,1,R,L,A,0,T,FORD,F15,PK,94,17,,2,1330,1170,COF,G,,,8,302,,,,B,3886,01,M,42,0,0,000000000,00000000000,0,0,0,1,0,0,0,0,0,0,0,10,0,0,0,62,62,6,2,12,0,0,0,1,12,32011,6,1,0,0,3,0,68,999,0,0,0,0,0,0,0,0,0,0,38,0,0,0,1,2,45,1,1,8,1,20,3,11,15,1,1,1,82,0,0
12,121467,2,2,1,17,9,0,32,12,6,1,0,12,2,53,706,53706,80,2002,JS1GT74AX221,J,S,1,G,T,7,4,A,X,2,2,1,0,M,SUZI,XR1,RC,2,17,,,,,,,988,,4,,4,374,,,,,,,0,0,000000000,00000000000,0,0,0,1,0,0,0,0,0,0,0,60,0,0,0,12,12,6,2,12,0,0,0,1,12,32011,6,1,0,0,3,0,64,999,0,0,0,1,0,11,2008,11,2008,1,92,0,0,0,2,2,45,3,1,8,1,0,0,14,67,1,1,1,83,1,1