STATE,ST_CASE,VEH_NO,VE_FORMS,NUMOCCS,DAY,MONTH,HOUR,MINUTE,HARM_EV,MAN_COLL,UNITTYPE,HIT_RUN,REG_STAT,OWNER,MAKE,MODEL,MAK_MOD,BODY_TYP,MOD_YEAR,VIN,VIN_1,VIN_2,VIN_3,VIN_4,VIN_5,VIN_6,VIN_7,VIN_8,VIN_9,VIN_10,VIN_11,VIN_12,TOW_VEH,VINTYPE,VINMAKE,VINA_MOD,VIN_BT,VINMODYR,VIN_LNGT,VIN_WGT,WGTCD_TR,WHLBS_LG,WHLBS_SH,SER_TR,FUELCODE,MCYCL_DS,CARBUR,CYLINDER,DISPLACE,MCYCL_CY,MCYCL_WT,TIRE_SZE,TON_RAT,TRK_WT,TRKWTVAR,VIN_REST,WHLDRWHL,J_KNIFE,MCARR_I1,MCARR_I2,MCARR_ID,GVWR,V_CONFIG,CARGO_BT,HAZ_INV,HAZ_PLAC,HAZ_ID,HAZ_CNO,HAZ_REL,BUS_USE,SPEC_USE,EMER_USE,TRAV_SP,UNDERIDE,ROLLOVER,ROLINLOC,IMPACT1,IMPACT2,DEFORMED,TOWED,M_HARM,VEH_SC1,VEH_SC2,FIRE_EXP,DR_PRES,L_STATE,DR_ZIP,L_STATUS,L_TYPE,CDL_STAT,L_ENDORS,L_COMPL,L_RESTRI,DR_HGT,DR_WGT,PREV_ACC,PREV_SUS,PREV_DWI,PREV_SPD,PREV_OTH,FIRST_MO,FIRST_YR,LAST_MO,LAST_YR,SPEEDREL,DR_SF1,DR_SF2,DR_SF3,DR_SF4,VTRAFWAY,VNUM_LAN,VSPD_LIM,VALIGN,VPROFILE,VPAVETYP,VSURCOND,VTRAFCON,VTCONT_F,P_CRASH1,P_CRASH2,P_CRASH3,PCRASH4,PCRASH5,ACC_TYPE,DEATHS,DR_DRINK
12,121468,1,2,1,1,5,14,27,12,6,1,0,12,1,37,31,37031,4,2011,19XFA1F96BE0,1,9,X,F,A,1,F,9,6,B,E,0,0,P,HOND,CVL,4D,11,17,2760,,0,1063,,G,,F,4,110,,,16R205,,,,,,0,0,000000000,00000000000,0,0,0,1,0,0,0,0,0,0,0,10,0,0,0,3,3,6,2,12,0,0,0,1,12,33411,6,1,0,0,3,3,70,999,0,0,0,0,0,0,0,0,0,0,36,0,0,0,2,4,30,1,1,8,1,3,3,11,15,1,1,1,82,1,0
12,121468,2,2,2,1,5,14,27,12,6,1,0,12,1,2,404,2404,14,1998,1J4FT68SXWL2,1,J,4,F,T,6,8,S,X,W,L,2,0,T,JEEP,SPC,4W,98,17,,1,0,1014,CHK,G,,,6,242,,,,,3094,00,E,42,0,0,000000000,00000000000,0,0,0,1,0,0,0,0,0,0,0,45,0,0,0,12,12,6,2,12,0,0,0,1,12,33403,6,1,0,0,3,0,64,999,0,0,0,0,0,0,0,0,0,0,0,0,0,0,2,4,30,1,1,8,1,3,3,1,67,1,1,1,83,0,0
12,121469,1,1,3,6,5,22,39,30,0,1,0,12,2,49,32,49032,4,2010,1NXBU4EE8AZ3,1,N,X,B,U,4,E,E,8,A,Z,3,0,P,TOYT,CBL,4D,10,17,2723,,0,1024,,G,,F,4,110,,,15R195,,,,,,0,0,000000000,00000000000,0,0,0,1,0,0,0,0,0,0,0,60,0,0,0,81,81,6,2,30,0,0,0,1,12,33470,6,1,0,0,3,3,61,999,0,0,0,0,0,0,0,0,0,0,28,0,0,0,2,2,55,1,1,8,1,0,0,1,13,1,1,4,1,1,0
12,121470,1,1,1,13,6,20,39,38,0,1,0,12,1,54,402,54402,14,2009,5J8TB18569A0,5,J,8,T,B,1,8,5,6,9,A,0,0,P,ACUR,RDX,UT,9,17,3924,,0,1043,,G,,T,4,140,,,18R235,,,,,,0,0,000000000,00000000000,0,0,0,1,0,0,0,0,0,0,0,35,0,0,0,12,12,6,2,3,0,0,0,1,12,33412,6,1,0,0,3,3,70,999,0,0,0,1,0,9,2009,9,2009,0,28,0,0,0,1,2,35,2,1,8,2,28,3,14,12,1,1,4,6,1,1
12,121471,1,1,1,1,9,23,22,8,0,1,1,12,2,34,35,34035,4,1999,WBADM6344XGU,W,B,A,D,M,6,3,4,4,X,G,U,0,P,BMW,52A,4D,99,17,3549,,0,1114,,G,,F,6,170,,,15R225,,,,,,0,0,000000000,00000000000,0,0,0,1,0,0,0,0,0,0,0,35,0,0,0,1,1,4,1,8,0,0,0,1,12,33157,6,1,0,0,3,3,65,999,1,0,0,1,0,9,2009,2,2010,0,28,0,0,0,1,2,99,1,1,8,1,0,0,1,81,1,1,4,13,0,1
12,121472,1,1,1,1,9,20,52,8,0,1,0,12,1,38,402,38402,14,1995,4S2CK58E4S43,4,S,2,C,K,5,8,E,4,S,4,3,0,P,ISU,ROD,UT,95,17,0,,0,1087,,G,,F,4,156,,,15R225,,,,,,0,0,000000000,00000000000,0,0,0,1,0,0,0,0,0,0,0,999,0,0,0,12,12,6,2,8,0,0,0,1,12,33755,6,1,0,0,3,0,77,999,0,0,0,0,0,0,0,0,0,0,87,0,0,0,5,4,35,1,6,8,2,0,0,11,80,1,1,1,13,0,1
12,121473,1,4,1,8,9,5,45,54,11,1,0,12,3,82,881,82881,66,1997,1FUPCXZB5VP6,1,F,U,P,C,X,Z,B,5,V,P,6,1,T,FRHT,FLD,TR,97,17,,8,0,0,CON,D,,,6,893,,,,,00000,00,,64,1,12,2055913,122055913,3,6,1,1,0,0,0,0,0,0,0,52,0,0,0,18,1,2,3,54,0,0,0,1,12,33126,6,1,6,0,3,0,67,999,0,0,0,0,0,0,0,0,0,0,0,0,0,0,3,4,65,2,1,8,1,0,0,14,98,1,1,1,98,0,0
12,121473,2,4,1,8,9,5,45,54,11,1,0,12,2,21,22,21022,4,2002,1G3GR64HX242,1,G,3,G,R,6,4,H,X,2,4,2,0,P,OLDS,AUR,4D,2,17,3686,,0,1122,,G,,F,6,211,,,16R225,,,,,,0,0,000000000,00000000000,0,0,0,1,0,0,0,0,0,0,0,999,0,0,0,1,1,6,2,12,0,0,0,1,12,33073,6,1,0,0,3,3,63,999,0,0,0,0,0,0,0,0,0,0,0,0,0,0,3,4,65,3,1,8,1,0,0,14,98,1,1,1,98,0,0
12,121473,3,4,1,8,9,5,45,54,11,1,0,12,1,12,481,12481,31,2007,1FTRX12W87FA,1,F,T,R,X,1,2,W,8,7,F,A,0,T,FORD,F15,4C,7,17,,2,1630,1330,COF,G,,,8,281,,,,B,4979,05,E,42,0,0,000000000,00000000000,0,0,0,1,0,0,0,0,0,0,0,65,0,0,0,1,1,6,2,12,0,0,0,1,12,33441,6,1,0,0,3,0,67,999,0,0,0,0,0,0,0,0,0,0,36,0,0,0,3,4,65,3,1,8,1,0,0,14,51,1,1,1,98,0,0
12,121473,4,4,1,8,9,5,45,54,11,1,0,12,1,14,6,14006,4,2001,2MEFM74W21X6,2,M,E,F,M,7,4,W,2,1,X,6,0,P,MERC,GMG,4D,1,17,3927,,0,1147,,G,,F,8,281,,,16R225,,,,,,0,0,000000000,00000000000,0,0,0,1,0,0,0,0,0,0,0,45,0,0,0,3,3,6,2,12,0,0,0,1,12,33441,6,1,0,0,3,0,75,999,0,0,0,0,0,0,0,0,0,0,0,0,0,0,3,4,65,3,1,8,1,0,0,14,51,1,1,1,98,1,0
12,121474,1,1,1,8,9,20,19,8,0,1,0,12,2,7,472,7472,30,1997,1B7GG23X0VS1,1,B,7,G,G,2,3,X,0,V,S,1,0,T,DODG,DAK,PC,97,17,,1,0,1309,DAK,G,,,6,239,,,,B,3937,00,E,44,0,0,000000000,00000000000,0,0,0,1,0,0,0,0,0,0,0,998,0,0,0,98,98,4,3,8,0,0,0,1,12,32771,6,1,0,0,3,3,63,999,0,0,0,0,0,0,0,0,0,0,0,0,0,0,2,2,98,1,1,8,1,0,0,1,80,1,1,1,13,0,0
12,121475,1,1,1,13,9,16,15,5,0,1,0,12,1,72,706,72706,80,2001,1HD1FFW171Y6,1,H,D,1,F,F,W,1,7,1,Y,6,0,M,HD,TCI,RS,1,17,,,,,,,1450,,2,,4,776,,,,,,,0,0,000000000,00000000000,0,0,0,1,0,0,0,0,0,0,0,55,0,0,0,0,98,6,2,5,0,0,0,1,12,32054,6,1,6,0,3,0,70,999,0,0,0,1,0,1,2010,1,2010,0,36,0,0,0,1,2,45,2,5,8,1,0,0,14,12,1,1,4,0,1,0
12,121476,1,2,2,14,9,23,26,12,1,1,0,12,1,76,709,76709,80,2006,JYARJ12E56A0,J,Y,A,R,J,1,2,E,5,6,A,0,0,M,YAMA,R6L,RC,6,17,,,,,,,599,,4,,4,357,,,,,,,0,0,000000000,00000000000,0,0,0,1,0,0,0,0,0,0,0,90,0,0,0,12,98,6,2,12,0,0,0,1,12,33125,6,1,0,0,3,3,69,999,0,0,0,1,1,1,2009,8,2011,0,36,0,0,0,3,3,65,1,1,8,1,0,0,1,51,1,1,1,24,2,0
12,121476,2,2,1,14,9,23,26,12,1,1,0,12,2,12,17,12017,4,2011,1FAHP2EW6BG1,1,F,A,H,P,2,E,W,6,B,G,1,0,P,FORD,TEL,4D,11,17,4015,,0,0,,G,,F,6,214,,,18R235,,,,,,0,0,000000000,00000000000,0,0,0,1,0,0,0,0,0,0,0,65,0,0,0,6,6,6,2,12,0,0,0,1,12,33067,6,1,0,0,3,3,70,999,0,0,0,0,0,0,0,0,0,0,0,0,0,0,3,3,65,1,1,8,1,0,0,1,53,1,1,1,25,0,0
12,121477,1,1,1,15,9,21,30,8,0,1,0,12,1,22,22,22022,4,2007,1G2ZG58N4741,1,G,2,Z,G,5,8,N,4,7,4,1,0,P,PONT,6BS,4D,7,17,3305,,0,1123,,G,,F,6,214,,,17R225,,,,,,0,0,000000000,00000000000,0,0,0,1,0,0,0,0,0,0,0,55,0,0,0,12,12,6,2,8,0,0,0,1,12,33173,6,1,0,0,3,3,65,999,0,0,0,0,0,0,0,0,0,0,0,0,0,0,2,2,55,1,1,8,1,0,0,1,80,1,1,1,13,0,0
12,121478,1,2,1,16,9,20,19,12,6,1,0,12,2,13,12,13012,4,2005,1LNHM86S55Y6,1,L,N,H,M,8,6,S,5,5,Y,6,0,P,LINC,LLS,4D,5,17,3719,,0,1145,,G,,F,6,182,,,16R225,,,,,,0,0,000000000,00000000000,0,0,0,1,0,0,0,0,0,0,0,20,0,0,0,4,4,6,2,12,0,0,0,1,12,32405,6,1,0,0,3,3,74,999,0,2,0,0,0,1,2010,6,2010,0,36,0,0,0,2,2,45,1,1,8,1,3,3,11,10,1,1,1,68,0,0
12,121478,2,2,1,16,9,20,19,12,6,1,0,12,1,72,706,72706,80,2002,1HD1DDV152Y6,1,H,D,1,D,D,V,1,5,2,Y,6,0,M,HD,FHT,RS,2,17,,,,,,,1450,,2,,4,758,,,,,,,0,0,000000000,00000000000,0,0,0,1,0,0,0,0,0,0,0,45,0,0,0,12,12,6,2,12,0,0,0,1,12,32409,6,1,6,0,3,0,72,999,0,0,0,0,0,0,0,0,0,0,0,0,0,0,2,2,45,1,1,8,1,3,3,1,62,1,1,1,69,1,0
12,121479,1,1,1,17,9,3,15,33,0,1,0,12,1,73,705,73705,80,1997,JKAZXDP17VA0,J,K,A,Z,X,D,P,1,7,V,A,0,0,M,KAWK,Z7P,RC,97,17,,,,,,,750,,4,,4,430,,,,,,,0,0,000000000,00000000000,0,0,0,1,0,0,0,0,0,0,0,40,0,0,0,98,98,6,2,2,0,0,1,1,12,32750,6,1,0,0,3,0,70,999,0,2,0,1,3,9,2008,7,2011,0,36,28,0,0,1,2,40,2,1,8,1,0,0,14,12,1,1,4,6,1,1
12,121480,1,2,1,17,9,20,8,12,6,1,0,12,2,22,22,22022,4,2009,1G2ZK57K3942,1,G,2,Z,K,5,7,K,3,9,4,2,0,P,PONT,GGT,4D,9,17,3457,,0,1123,,F,,F,6,214,,,17R225,,,,,,0,0,000000000,00000000000,0,0,0,1,0,0,0,0,0,0,0,79,0,0,0,12,12,4,3,12,0,0,0,1,12,32068,1,1,0,0,2,0,70,999,1,11,0,9,0,3,2009,8,2011,0,36,0,0,0,2,2,70,1,1,8,1,0,0,1,13,6,4,2,44,0,0
12,121480,2,2,2,17,9,20,8,12,6,1,0,12,2,54,38,54038,3,2003,JH4DC54823C0,J,H,4,D,C,5,4,8,2,3,C,0,0,P,ACUR,RSX,2H,3,17,2771,,0,1012,,G,,F,4,122,,,16R205,,,,,,0,0,000000000,00000000000,0,0,0,1,0,0,0,0,0,0,0,70,0,1,3,2,2,6,2,1,0,0,0,1,12,32219,6,1,0,0,3,0,62,999,0,0,0,2,0,1,2010,7,2010,0,0,0,0,0,2,2,70,1,1,8,1,0,0,1,61,1,1,1,45,1,0
12,121481,1,1,3,19,9,10,30,52,0,1,1,12,2,12,17,12017,4,1996,1FALP52U3TG3,1,F,A,L,P,5,2,U,3,T,G,3,0,P,FORD,TAG,4D,96,17,3347,,0,1085,,G,,F,6,182,,,15R205,,,,,,0,0,000000000,00000000000,0,0,0,1,0,0,0,0,0,0,0,60,0,0,0,3,3,6,2,52,0,0,0,1,12,32352,4,1,0,0,2,0,76,999,0,11,0,1,0,3,2009,8,2011,1,36,0,0,0,1,2,55,2,6,8,1,0,0,6,12,7,2,4,2,1,1
12,121482,1,2,1,21,9,14,22,12,7,1,0,12,2,53,706,53706,80,2007,JS1GT77A8721,J,S,1,G,T,7,7,A,8,7,2,1,0,M,SUZI,XR1,RC,7,17,,,,,,,999,,4,,4,379,,,,,,,0,0,000000000,00000000000,0,0,0,1,0,0,0,0,0,0,0,70,0,0,0,9,9,6,2,1,0,0,0,1,12,33981,6,1,0,0,3,0,71,999,0,0,0,0,0,0,0,0,0,0,36,0,0,0,1,2,30,1,1,8,1,0,0,6,11,1,1,2,44,1,0
12,121482,2,2,1,21,9,14,22,12,7,1,0,99,9,37,706,37706,80,2001,JH2SC44021M1,J,H,2,S,C,4,4,0,2,1,M,1,0,M,HOND,CR9,RC,1,17,,,,,,,929,,4,,4,379,,,,,,,0,0,000000000,00000000000,0,0,0,1,0,0,0,0,0,0,0,70,0,0,0,3,3,6,2,1,0,0,0,1,12,33981,1,1,0,0,2,0,69,999,0,5,0,1,3,11,2008,9,2011,0,36,0,0,0,1,2,30,1,1,8,1,0,0,1,60,1,1,1,45,0,0
12,121483,1,2,1,22,9,0,0,12,6,1,0,12,1,24,401,24401,14,2009,3GSCL33P79S5,3,G,S,C,L,3,3,P,7,9,S,5,0,P,STRN,VUE,UT,9,17,3825,,0,1066,,G,,F,4,146,,,16R235,,,,,,0,0,000000000,00000000000,0,0,0,1,0,0,0,0,0,0,0,10,0,1,1,9,9,6,2,1,0,0,0,1,12,32822,6,1,0,0,3,0,75,999,0,0,0,1,0,9,2011,9,2011,0,0,0,0,0,1,2,25,1,1,8,1,20,3,11,15,1,1,1,82,1,0
12,121483,2,2,1,22,9,0,0,12,6,1,0,33,1,37,706,37706,80,2005,JH2SC57015M1,J,H,2,S,C,5,7,0,1,5,M,1,0,M,HOND,CBS,RC,5,17,,,,,,,998,,4,,4,396,,,,,,,0,0,000000000,00000000000,0,0,0,1,0,0,0,0,0,0,0,90,0,0,0,12,12,6,2,12,0,0,0,1,33,3054,6,1,0,0,3,0,72,190,0,0,0,0,0,0,0,0,0,0,0,0,0,0,2,3,45,1,1,8,1,0,0,1,67,1,1,1,83,1,0
12,121484,1,3,1,23,9,5,55,33,0,1,0,12,1,37,32,37032,4,1993,1HGCB7558PA1,1,H,G,C,B,7,5,5,8,P,A,1,0,P,HOND,ALX,4D,93,17,2504,,0,1071,,G,,F,4,132,,,14R185,,,,,,0,0,000000000,00000000000,0,0,0,1,0,0,0,0,0,0,0,60,0,0,0,82,9,6,2,12,0,0,0,1,12,32507,6,1,0,0,3,3,64,999,2,6,0,0,2,7,2009,8,2011,0,36,0,0,0,1,2,35,1,1,8,1,0,0,6,13,1,1,4,1,1,0
12,121484,2,3,1,23,9,5,55,33,0,1,0,18,3,84,881,84881,66,2007,1HSHWAHN27J3,1,H,S,H,W,A,H,N,2,7,J,3,1,T,INTL,860,TR,7,17,,7,0,0,80S,D,,,6,661,,,,,00000,00,,42,1,18,327574,18327574,3,6,1,1,0,0,0,0,0,0,0,30,0,0,0,12,12,6,2,12,0,0,0,1,12,32533,6,1,6,0,3,0,71,999,0,0,0,0,0,0,0,0,0,0,0,0,0,0,1,2,35,1,1,8,1,0,0,1,62,1,1,1,98,0,0
12,121484,3,3,2,23,9,5,55,33,0,1,0,12,2,23,421,23421,15,2005,1GKFK66U85J1,1,G,K,F,K,6,6,U,8,5,J,1,0,T,GMC,DXL,4W,5,17,,2,0,1300,YUK,G,,,8,366,,,,B,5760,00,4,44,0,0,000000000,00000000000,0,0,0,1,0,0,0,0,0,0,0,35,0,0,0,12,12,6,2,12,0,0,0,1,12,32505,6,1,0,0,3,0,64,999,0,3,0,0,0,11,2008,12,2009,0,0,0,0,0,1,2,35,1,1,8,1,0,0,1,62,4,1,1,98,0,0
12,121485,1,1,1,16,9,6,25,9,0,1,0,12,1,76,706,76706,80,2008,JYAVP04E08A0,J,Y,A,V,P,0,4,E,0,8,A,0,0,M,YAMA,ZTF,RS,8,17,,,,,,,1294,,4,,4,807,,,,,,,0,0,000000000,00000000000,0,0,0,1,0,0,0,0,0,0,0,30,0,0,0,99,99,4,3,9,0,0,0,1,12,32822,6,1,6,0,3,0,70,999,1,0,0,0,0,5,2010,5,2010,0,0,0,0,0,5,2,35,1,1,8,1,0,0,1,83,6,1,1,13,0,0
12,121486,1,2,1,3,7,9,40,12,6,1,0,12,1,35,47,35047,4,2010,1N4AL2AP3AN4,1,N,4,A,L,2,A,P,3,A,N,4,0,P,NISS,ATS,4D,10,17,3063,,0,1093,,G,,F,4,153,,,16R215,,,,,,0,0,000000000,00000000000,0,0,0,1,0,0,0,0,0,0,0,5,0,0,0,11,11,6,2,12,0,0,0,1,12,34677,6,1,0,0,3,3,65,999,0,0,0,0,0,0,0,0,0,0,38,0,0,0,5,2,35,1,1,8,1,0,0,11,10,1,1,1,68,0,0
12,121486,2,2,1,3,7,9,40,12,6,1,0,12,1,37,706,37706,80,1982,JH2RC0804CM0,J,H,2,R,C,0,8,0,4,C,M,0,0,M,HOND,C65,RS,82,17,,,,,,,650,,4,,4,452,,,,,,,0,0,000000000,00000000000,0,0,0,1,0,0,0,0,0,0,0,35,0,0,0,10,10,6,2,12,0,0,0,1,12,33756,6,1,0,0,3,0,67,999,0,0,0,0,0,0,0,0,0,0,0,0,0,0,5,2,35,1,1,8,1,0,0,1,62,1,1,1,69,1,0
12,121487,1,1,1,6,9,21,21,8,0,1,0,12,1,12,3,12003,2,2009,1ZVHT80N1951,1,Z,V,H,T,8,0,N,1,9,5,1,0,P,FORD,MUS,CP,9,17,3300,,0,1071,,G,,F,6,244,,,16R215,,,,,,0,0,000000000,00000000000,0,0,0,1,0,0,0,0,0,0,0,40,0,0,0,12,12,6,2,8,0,0,0,1,12,33173,6,1,0,0,3,0,65,999,0,0,0,0,0,0,0,0,0,1,36,0,0,0,2,3,40,1,1,8,2,28,3,1,12,1,1,4,13,0,0
12,121488,1,1,2,22,9,13,45,30,0,1,0,12,1,49,32,49032,4,2002,1NXBR12E12Z5,1,N,X,B,R,1,2,E,1,2,Z,5,0,P,TOYT,UCS,4D,2,17,2405,,0,970,,G,,F,4,109,,,14R175,,,,,,0,0,000000000,00000000000,0,0,0,1,0,0,0,0,0,0,0,45,0,0,0,12,12,6,2,30,0,0,0,1,12,32223,6,1,0,0,3,3,62,999,0,0,0,0,0,0,0,0,0,0,85,0,0,0,3,3,65,1,1,8,2,0,0,1,60,12,1,4,1,1,0
12,121489,1,1,1,24,9,23,4,1,0,1,0,12,2,12,423,12423,15,2000,1FMSU43F3YEE,1,F,M,S,U,4,3,F,3,Y,E,E,0,P,FORD,EXC,UT,0,17,7188,,0,1371,,D,,T,8,444,,,16R265,,,,,,0,0,000000000,00000000000,0,0,0,1,0,0,0,0,0,0,0,70,0,1,1,0,0,6,2,1,0,0,0,1,12,34953,6,1,0,0,3,0,71,999,0,10,0,1,0,2,2009,6,2011,0,36,0,0,0,2,3,70,1,1,8,1,0,0,1,8,6,4,2,98,1,0
12,121490,1,3,6,25,9,20,38,1,0,1,0,12,2,12,422,12422,15,2003,1FMEU15W53LA,1,F,M,E,U,1,5,W,5,3,L,A,0,P,FORD,EPT,UT,3,17,5416,,0,1191,,G,,F,8,281,,,17R265,,,,,,0,0,000000000,00000000000,0,0,0,1,0,0,0,0,0,0,0,70,0,1,3,0,98,6,2,1,0,0,0,1,12,33018,6,1,0,0,3,0,59,999,0,0,0,0,0,0,0,0,0,0,58,0,0,0,2,2,70,1,1,8,1,0,0,1,12,98,1,4,6,1,0
12,121490,2,3,1,25,9,20,38,1,0,1,0,12,4,20,22,20022,4,2010,1G1AF5F51A71,1,G,1,A,F,5,F,5,1,A,7,1,0,P,CHEV,BL2,4D,10,17,3216,,0,1033,,G,,F,4,134,,,17R205,,,,,,0,0,000000000,00000000000,0,0,0,1,0,0,0,0,0,0,0,70,0,0,0,12,12,6,2,12,0,0,0,1,12,33430,6,1,6,0,3,0,66,999,0,0,0,0,0,0,0,0,0,0,0,0,0,0,2,2,70,1,1,8,1,0,0,1,62,1,1,1,98,0,0
12,121490,3,3,1,25,9,20,38,1,0,1,0,12,1,12,3,12003,2,1998,1FAFP4049WF1,1,F,A,F,P,4,0,4,9,W,F,1,0,P,FORD,MUS,CP,98,17,3065,,0,1013,,G,,F,6,232,,,15R205,,,,,,0,0,000000000,00000000000,0,0,0,1,0,0,0,0,0,0,0,70,0,0,0,12,12,4,3,12,0,0,0,1,12,32765,6,1,0,0,3,0,66,999,0,0,0,0,1,11,2008,11,2008,0,0,0,0,0,2,2,70,1,1,8,1,0,0,1,62,1,1,1,98,0,0
12,121491,1,1,1,25,9,19,50,8,0,1,0,12,1,7,472,7472,31,1992,1B7GL23Y1NS6,1,B,7,G,L,2,3,Y,1,N,S,6,0,T,DODG,DAK,PC,92,17,,1,0,1309,DAK,G,,,8,318,,,,B,3187,01,A,42,0,0,000000000,00000000000,0,0,0,1,0,0,0,0,0,0,0,45,0,0,0,12,12,6,2,8,0,0,0,1,12,32724,0,0,0,0,0,0,999,999,0,0,0,0,0,0,0,0,0,0,36,24,0,0,1,2,45,1,1,8,2,0,0,1,50,7,1,4,13,0,0
12,121492,1,2,3,2,4,20,5,12,6,1,1,12,1,12,401,12401,14,2000,1FMZU72X4YUB,1,F,M,Z,U,7,2,X,4,Y,U,B,0,P,FORD,EPR,UT,0,17,4065,,0,1116,,G,,F,6,245,,,15R235,,,,,,0,0,000000000,00000000000,0,0,0,1,0,0,0,0,0,0,0,10,0,1,5,62,98,6,2,12,0,0,0,1,12,33440,1,1,0,0,2,0,61,999,0,1,0,0,0,3,2011,3,2011,0,38,48,0,0,8,4,35,1,1,8,1,99,9,11,15,1,1,1,68,0,0
12,121492,2,2,3,2,4,20,5,12,6,1,0,12,2,52,37,52037,1,2001,4A3AE85H21E1,4,A,3,A,E,8,5,H,2,1,E,1,0,P,MITS,STG,CV,1,17,3241,,0,1008,,G,,F,6,181,,,17R215,,,,,,0,0,000000000,00000000000,0,0,0,1,0,0,0,0,0,0,0,50,0,0,0,12,12,6,2,30,0,0,0,1,12,33440,6,1,0,0,3,0,67,999,0,0,0,0,1,1,2011,1,2011,0,0,0,0,0,8,4,35,1,1,8,1,99,9,1,60,1,1,1,69,1,0
12,121493,1,1,1,8,9,14,46,42,0,1,0,12,1,12,481,12481,31,2003,1FTRW08L03KD,1,F,T,R,W,0,8,L,0,3,K,D,0,T,FORD,F1S,CW,3,17,,2,0,1388,COF,G,,,8,330,,,,B,5005,00,U,44,0,0,000000000,00000000000,0,0,0,1,0,0,0,0,0,0,0,45,0,1,5,98,98,6,2,1,0,0,1,1,12,32226,1,1,0,0,2,0,70,999,0,1,0,0,0,5,2009,5,2009,0,0,0,0,0,1,2,45,1,1,8,1,0,0,1,19,99,9,4,98,1,0
12,121494,1,2,1,18,9,16,30,12,6,1,0,12,1,76,705,76705,80,2002,JYARJ04E42A0,J,Y,A,R,J,0,4,E,4,2,A,0,0,M,YAMA,R6L,RC,2,17,,,,,,,599,,4,,4,365,,,,,,,0,0,000000000,00000000000,0,0,0,1,0,0,0,0,0,0,0,40,0,0,0,1,98,6,2,12,0,0,0,1,12,33069,6,1,0,0,3,0,67,999,0,0,0,0,0,0,0,0,0,0,39,0,0,0,2,4,35,1,1,8,1,3,3,1,17,1,1,1,69,1,1
12,121494,2,2,1,18,9,16,30,12,6,1,0,12,1,14,443,14443,20,1997,4M2DV1119VDJ,4,M,2,D,V,1,1,1,9,V,D,J,0,P,MERC,VLR,SV,97,17,4003,,0,1122,,G,,F,6,182,,,15R205,,,,,,0,0,000000000,00000000000,0,0,0,1,0,0,0,0,0,0,0,10,0,0,0,12,98,4,1,12,0,0,0,1,12,33441,6,1,0,0,3,3,67,999,0,0,0,0,0,0,0,0,0,0,0,0,0,0,2,2,35,1,1,8,1,3,3,11,66,1,1,1,68,0,0
12,121495,1,1,1,21,9,6,30,8,0,1,0,12,1,35,43,35043,4,2006,3N1AB51D36L5,3,N,1,A,B,5,1,D,3,6,L,5,0,P,NISS,SSR,4D,6,17,2683,,0,998,,G,,F,4,153,,,15R195,,,,,,0,0,000000000,00000000000,0,0,0,1,0,0,0,0,0,0,0,30,0,0,0,12,12,6,2,8,0,0,0,1,12,32534,6,1,0,0,3,0,73,999,0,1,0,0,0,7,2011,7,2011,0,0,0,0,0,5,4,40,2,1,8,2,0,0,14,80,1,1,1,13,0,0
12,121496,1,2,1,3,6,1,36,12,6,1,0,12,1,20,22,20022,2,2007,1G1AL15F7774,1,G,1,A,L,1,5,F,7,7,7,4,0,P,CHEV,BLT,CP,7,17,2991,,0,1033,,G,,F,4,134,,,15R195,,,,,,0,0,000000000,00000000000,0,0,0,1,0,0,0,0,0,0,0,105,0,0,0,12,12,6,2,12,0,0,0,1,12,33704,6,1,0,0,3,0,67,999,0,0,0,0,0,0,0,0,0,0,36,0,0,0,2,2,40,1,1,8,1,0,0,1,17,1,1,1,69,0,1
12,121496,2,2,3,3,6,1,36,12,6,1,0,12,1,24,5,24005,4,2003,1G8JW54R03Y5,1,G,8,J,W,5,4,R,0,3,Y,5,0,P,STRN,L30,4D,3,17,3197,,0,1065,,G,,F,6,183,,,16R215,,,,,,0,0,000000000,00000000000,0,0,0,1,0,0,0,0,0,0,0,12,0,0,0,82,82,6,2,30,0,0,0,1,12,33704,6,1,0,0,3,0,76,999,0,1,0,1,1,4,2009,3,2011,0,0,0,0,0,2,2,40,1,1,8,1,0,0,11,10,1,1,1,68,2,0
12,121497,1,2,1,24,7,13,54,12,6,1,0,12,2,52,401,52401,14,2001,JA4LS21H51P0,J,A,4,L,S,2,1,H,5,1,P,0,0,P,MITS,MNS,UT,1,17,3835,,0,1073,,G,,F,6,181,,,15R235,,,,,,0,0,000000000,00000000000,0,0,0,1,0,0,0,0,0,0,0,999,0,0,0,12,98,6,2,12,0,0,0,1,12,33177,6,1,0,0,3,0,65,999,0,0,0,0,0,0,0,0,0,0,39,0,0,0,1,2,30,1,1,8,1,20,3,1,17,1,1,1,88,0,0
12,121497,2,2,2,24,7,13,54,12,6,1,0,12,1,49,38,49038,4,1994,JT2EL43T3R04,J,T,2,E,L,4,3,T,3,R,0,4,0,P,TOYT,TTX,4D,94,17,2055,,0,937,,G,,F,4,089,,,13R155,,,,,,0,0,000000000,00000000000,0,0,0,1,0,0,0,0,0,0,0,999,0,0,0,9,98,6,2,12,0,0,0,1,12,33196,6,1,0,0,3,3,69,999,0,0,0,0,0,0,0,0,0,0,0,0,0,0,1,2,30,1,1,8,1,0,0,1,66,1,1,1,89,1,0
12,121498,1,1,1,27,7,19,40,42,0,1,0,12,1,20,19,20019,4,1995,1G1LD55M1SY1,1,G,1,L,D,5,5,M,1,S,Y,1,0,P,CHEV,CSA,4D,95,17,2745,,0,1034,,G,,F,6,191,,,14R195,,,,,,0,0,000000000,00000000000,0,0,0,1,0,0,0,0,0,0,0,40,0,0,0,12,12,6,2,42,0,0,0,1,12,33015,6,1,0,0,3,0,68,999,0,0,0,0,1,1,2010,1,2010,0,0,0,0,0,1,2,30,2,1,8,1,0,0,14,13,1,1,4,1,1,1