STATE,ST_CASE,VEH_NO,VE_FORMS,NUMOCCS,DAY,MONTH,HOUR,MINUTE,HARM_EV,MAN_COLL,UNITTYPE,HIT_RUN,REG_STAT,OWNER,MAKE,MODEL,MAK_MOD,BODY_TYP,MOD_YEAR,VIN,VIN_1,VIN_2,VIN_3,VIN_4,VIN_5,VIN_6,VIN_7,VIN_8,VIN_9,VIN_10,VIN_11,VIN_12,TOW_VEH,VINTYPE,VINMAKE,VINA_MOD,VIN_BT,VINMODYR,VIN_LNGT,VIN_WGT,WGTCD_TR,WHLBS_LG,WHLBS_SH,SER_TR,FUELCODE,MCYCL_DS,CARBUR,CYLINDER,DISPLACE,MCYCL_CY,MCYCL_WT,TIRE_SZE,TON_RAT,TRK_WT,TRKWTVAR,VIN_REST,WHLDRWHL,J_KNIFE,MCARR_I1,MCARR_I2,MCARR_ID,GVWR,V_CONFIG,CARGO_BT,HAZ_INV,HAZ_PLAC,HAZ_ID,HAZ_CNO,HAZ_REL,BUS_USE,SPEC_USE,EMER_USE,TRAV_SP,UNDERIDE,ROLLOVER,ROLINLOC,IMPACT1,IMPACT2,DEFORMED,TOWED,M_HARM,VEH_SC1,VEH_SC2,FIRE_EXP,DR_PRES,L_STATE,DR_ZIP,L_STATUS,L_TYPE,CDL_STAT,L_ENDORS,L_COMPL,L_RESTRI,DR_HGT,DR_WGT,PREV_ACC,PREV_SUS,PREV_DWI,PREV_SPD,PREV_OTH,FIRST_MO,FIRST_YR,LAST_MO,LAST_YR,SPEEDREL,DR_SF1,DR_SF2,DR_SF3,DR_SF4,VTRAFWAY,VNUM_LAN,VSPD_LIM,VALIGN,VPROFILE,VPAVETYP,VSURCOND,VTRAFCON,VTCONT_F,P_CRASH1,P_CRASH2,P_CRASH3,PCRASH4,PCRASH5,ACC_TYPE,DEATHS,DR_DRINK
12,121569,1,3,1,18,8,11,25,12,8,1,0,12,1,63,34,63034,4,2011,KNAGN4A7XB50,K,N,A,G,N,4,A,7,X,B,5,0,0,P,KIA,OES,4D,11,17,3385,,0,1071,,G,,F,4,144,,,16R205,,,,,,0,0,000000000,00000000000,0,0,0,1,0,0,0,0,0,0,0,55,0,0,0,62,62,6,2,12,0,0,0,1,12,33928,6,1,0,0,3,0,70,999,0,0,0,0,1,7,2010,7,2010,0,92,0,0,0,1,2,35,1,1,8,1,0,0,1,10,1,1,2,64,1,0
12,121569,2,3,1,18,8,11,25,12,8,1,0,12,1,49,32,49032,4,2010,1NXBU4EE7AZ2,1,N,X,B,U,4,E,E,7,A,Z,2,0,P,TOYT,CBL,4D,10,17,2723,,0,1024,,G,,F,4,110,,,15R195,,,,,,0,0,000000000,00000000000,0,0,0,1,0,0,0,0,0,0,0,35,0,0,0,62,62,2,1,12,0,0,0,1,12,33928,6,1,0,0,3,3,64,999,0,0,0,0,0,0,0,0,0,0,0,0,0,0,1,2,35,1,1,8,1,0,0,1,62,1,1,1,65,0,0
12,121569,3,3,3,18,8,11,25,12,8,1,0,12,1,37,441,37441,20,2005,5FNRL38865B0,5,F,N,R,L,3,8,8,6,5,B,0,0,P,HOND,UDY,SV,5,17,4634,,0,1181,,G,,F,6,212,,,16R225,,,,,,0,0,000000000,00000000000,0,0,0,1,0,0,0,0,0,0,0,35,0,0,0,6,6,6,2,12,0,0,0,1,12,33928,6,1,0,0,3,0,64,999,0,0,0,0,0,0,0,0,0,0,0,0,0,0,1,2,35,1,1,8,1,0,0,1,53,1,1,1,98,0,0
12,121570,1,1,1,19,9,21,20,8,0,1,0,12,1,20,481,20481,31,2002,1GCGC13UX2F1,1,G,C,G,C,1,3,U,X,2,F,1,0,T,CHEV,1CH,CW,2,17,,2,0,1530,SIL,G,,,8,364,,,,B,5461,00,,42,0,0,000000000,00000000000,0,0,0,1,0,0,0,0,0,0,0,45,0,0,0,12,12,4,3,8,0,0,0,1,12,33070,6,1,6,0,3,3,69,999,0,0,0,0,0,0,0,0,0,0,0,0,0,0,2,2,45,1,1,8,1,0,0,1,80,1,1,1,13,0,0
12,121571,1,2,1,21,9,16,20,12,2,1,0,12,1,22,20,22020,4,2007,2G2WP5827712,2,G,2,W,P,5,8,2,7,7,1,2,0,P,PONT,GRA,4D,7,17,3477,,0,1105,,G,,F,6,232,,,16R225,,,,,,0,0,000000000,00000000000,0,0,0,1,0,0,0,0,0,0,0,55,0,0,0,12,12,6,2,12,0,0,0,1,12,32669,6,1,0,0,3,3,62,999,0,0,0,0,0,0,0,0,0,0,36,0,0,0,1,3,55,1,5,8,2,0,0,1,10,1,1,2,50,0,0
12,121571,2,2,1,21,9,16,20,12,2,1,0,12,1,19,19,19019,1,2005,1G6YV34A8556,1,G,6,Y,V,3,4,A,8,5,5,6,0,P,CADI,XLR,RD,5,17,3647,,0,1057,,G,,F,8,281,,,18R235,,,,,,0,0,000000000,00000000000,0,0,0,1,0,0,0,0,0,0,0,55,0,0,0,12,12,6,2,12,0,0,0,1,12,34478,6,1,0,0,3,3,71,999,0,0,0,0,0,0,0,0,0,0,0,0,0,0,1,3,55,1,5,8,2,0,0,1,62,1,1,1,51,1,0
12,121572,1,2,2,4,8,7,14,12,6,1,0,12,1,63,33,63033,4,2002,KNAFB1218251,K,N,A,F,B,1,2,1,8,2,5,1,0,P,KIA,STL,4D,2,17,2661,,0,1008,,G,,F,4,109,,,14R185,,,,,,0,0,000000000,00000000000,0,0,0,1,0,0,0,0,0,0,0,20,0,0,0,3,3,6,8,12,0,0,0,1,12,33134,6,1,0,0,3,3,67,999,0,0,0,0,0,0,0,0,0,0,38,0,0,0,5,4,40,1,1,8,1,3,3,11,15,1,1,1,68,1,0
12,121572,2,2,1,4,8,7,14,12,6,1,0,12,1,35,47,35047,4,2005,1N4AL11D65N4,1,N,4,A,L,1,1,D,6,5,N,4,0,P,NISS,ASL,4D,5,17,2915,,0,1102,,G,,F,4,153,,,16R215,,,,,,0,0,000000000,00000000000,0,0,0,1,0,0,0,0,0,0,0,998,0,0,0,12,12,6,2,12,0,0,0,1,12,33170,6,1,0,0,3,0,60,999,0,0,0,0,0,0,0,0,0,0,0,0,0,0,5,4,40,1,1,8,1,3,3,1,62,1,1,1,69,0,0
12,121573,1,2,1,20,8,23,17,12,98,1,0,12,1,34,35,34035,4,2011,WBAFR7C51BC6,W,B,A,F,R,7,C,5,1,B,C,6,0,P,BMW,535,4D,11,17,4090,,0,1169,,G,,T,6,183,,,18R245,,,,,,0,0,000000000,00000000000,0,0,0,1,0,0,0,0,0,0,0,40,0,0,0,4,83,4,3,12,0,0,0,1,12,33196,6,1,0,0,3,3,75,999,0,0,0,3,0,10,2008,4,2011,0,27,0,0,0,2,3,45,1,1,8,1,0,0,15,11,1,1,2,47,0,0
12,121573,2,2,1,20,8,23,17,12,98,1,0,12,1,53,706,53706,80,2008,JS1VY53A0821,J,S,1,V,Y,5,3,A,0,8,2,1,0,M,SUZI,ZR8,RS,8,17,,,,,,,1783,,2,,4,703,,,,,,,0,0,000000000,00000000000,0,0,0,1,0,0,0,0,0,0,0,998,0,0,0,9,98,6,2,12,0,0,0,1,12,33190,6,1,0,0,3,0,76,999,0,0,0,0,1,11,2008,11,2008,0,0,0,0,0,2,3,45,1,1,8,1,0,0,1,60,3,1,1,45,1,0
12,121574,1,3,2,31,8,6,45,12,2,1,0,12,1,20,481,20481,31,2007,3GNFC160X7G2,3,G,N,F,C,1,6,0,X,7,G,2,0,P,CHEV,C15,UT,7,17,5613,,0,1300,,F,,F,8,323,,,17R265,,,,,,0,0,000000000,00000000000,0,0,0,1,0,0,0,0,0,0,0,60,0,0,0,12,12,6,2,12,0,0,0,1,12,33026,6,1,0,0,3,0,71,999,0,0,0,4,0,3,2009,8,2011,1,28,0,0,0,1,6,35,1,1,8,1,3,3,99,10,1,1,2,50,0,0
12,121574,2,3,1,31,8,6,45,12,2,1,0,12,1,20,16,20016,4,1999,1G1JC5247X71,1,G,1,J,C,5,2,4,7,X,7,1,0,P,CHEV,CAV,4D,99,17,2676,,0,1041,,G,,F,4,133,,,14R195,,,,,,0,0,000000000,00000000000,0,0,0,1,0,0,0,0,0,0,0,25,0,0,0,12,12,6,2,12,0,0,0,1,12,33026,6,1,0,0,3,3,63,999,0,2,0,0,0,11,2008,4,2010,0,0,0,0,0,1,6,35,1,1,8,1,3,3,1,62,1,1,1,51,1,0
12,121574,3,3,1,31,8,6,45,12,2,1,0,13,2,52,34,52034,4,2000,4A3AA46G2YE0,4,A,3,A,A,4,6,G,2,Y,E,0,0,P,MITS,GES,4D,0,17,3075,,0,1037,,G,,F,4,143,,,15R195,,,,,,0,0,000000000,00000000000,0,0,0,1,0,0,0,0,0,0,0,30,0,0,0,62,62,6,2,12,0,0,0,1,12,33021,6,1,0,0,3,0,73,999,0,0,0,2,0,4,2009,9,2010,0,0,0,0,0,1,6,35,1,1,8,1,3,3,1,60,1,1,1,98,0,0
12,121575,1,1,1,2,9,6,20,8,0,1,0,12,1,12,461,12461,21,1998,1FDRE1460WHB,1,F,D,R,E,1,4,6,0,W,H,B,0,T,FORD,15V,CG,98,17,,2,0,1380,VAN,G,,,8,281,,,,B,00000,00,E,42,0,0,000000000,00000000000,0,0,0,1,0,0,0,0,0,0,0,25,0,0,0,12,12,4,1,8,0,0,0,1,12,33771,6,1,0,0,3,3,71,999,0,0,0,0,0,0,0,0,0,0,0,0,0,0,2,2,45,1,1,8,1,0,0,1,80,1,1,1,13,0,0
12,121576,1,1,1,2,9,19,22,9,0,1,0,12,1,63,36,63036,6,2007,KNAFG5256770,K,N,A,F,G,5,2,5,6,7,7,0,0,P,KIA,ROL,SW,7,17,3333,,0,1063,,G,,F,4,144,,,16R205,,,,,,0,0,000000000,00000000000,0,0,0,1,0,0,0,0,0,0,0,40,0,0,0,12,12,4,3,9,0,0,0,1,12,34287,6,1,0,0,3,3,67,999,0,0,0,0,0,0,0,0,0,0,0,0,0,0,2,2,35,1,1,8,1,0,0,1,83,1,1,1,13,0,0
12,121577,1,1,1,7,9,9,38,42,0,1,0,12,1,35,47,35047,4,2000,1N4DL01D2YC1,1,N,4,D,L,0,1,D,2,Y,C,1,0,P,NISS,AGS,4D,0,17,2754,,0,1031,,G,,F,4,146,,,15R195,,,,,,0,0,000000000,00000000000,0,0,0,1,0,0,0,0,0,0,0,40,0,0,0,12,12,6,2,42,0,0,0,1,12,33060,6,1,0,0,3,3,69,999,0,0,0,0,0,0,0,0,0,0,0,0,0,0,2,2,45,1,1,8,1,0,0,1,13,1,1,4,1,1,0
12,121578,1,1,3,14,9,22,0,8,0,1,0,12,1,7,482,7482,31,2003,3D7KA28643G7,3,D,7,K,A,2,8,6,4,3,G,7,0,T,DODG,SQ2,CW,3,17,,2,1605,1405,RPC,D,,,6,359,,,,C,5352,07,E,42,0,0,000000000,00000000000,0,0,0,1,0,0,0,0,0,0,0,45,0,0,0,12,12,4,3,8,0,0,0,1,12,33772,6,1,6,0,3,0,69,999,0,2,0,0,0,2,2009,7,2011,0,0,0,0,0,2,3,45,1,1,8,1,3,3,1,80,1,1,1,13,0,0
12,121579,1,2,1,26,9,8,1,12,6,1,0,12,1,35,402,35402,14,2011,5N1AN0NU7BC5,5,N,1,A,N,0,N,U,7,B,C,5,0,P,NISS,XTR,UT,11,17,4154,,0,1063,,G,,F,6,244,,,16R265,,,,,,0,0,000000000,00000000000,0,0,0,1,0,0,0,0,0,0,0,15,0,0,0,9,9,6,2,12,0,0,0,1,12,32174,6,1,0,0,3,3,60,999,0,0,0,0,0,0,0,0,0,0,38,0,0,0,2,1,65,1,1,8,1,0,0,11,15,1,1,1,82,0,0
12,121579,2,2,1,26,9,8,1,12,6,1,0,12,1,37,706,37706,80,2000,1HFSC3406YA3,1,H,F,S,C,3,4,0,6,Y,A,3,0,M,HOND,GLC,RS,0,17,,,,,,,1520,,6,,4,682,,,,,,,0,0,000000000,00000000000,0,0,0,1,0,0,0,0,0,0,0,57,0,0,0,12,12,6,2,12,0,0,0,1,12,32164,6,1,0,0,3,3,73,999,0,0,0,0,0,0,0,0,0,0,0,0,0,0,2,2,65,1,1,8,1,0,0,1,67,1,1,1,83,1,0
12,121580,1,1,2,30,9,4,0,25,0,1,0,12,2,69,38,69038,9,2006,ZHWBU26S66LA,Z,H,W,B,U,2,6,S,6,6,L,A,0,P,LAMO,MUR,RD,6,17,3671,,0,1049,,G,,F,12,378,,,18R245,,,,,,0,0,000000000,00000000000,0,0,0,1,0,0,0,0,0,0,0,125,0,1,3,83,83,6,2,1,0,0,0,1,12,33141,1,1,1,0,2,0,68,999,0,0,0,0,0,0,0,0,0,1,0,0,0,0,6,1,55,1,1,8,1,0,0,16,6,1,3,4,7,1,1
12,121581,1,1,4,1,10,20,57,1,0,1,0,12,2,22,20,22020,2,1997,1G2WP1217VF3,1,G,2,W,P,1,2,1,7,V,F,3,0,P,PONT,GTP,CP,97,17,0,,0,1105,,G,,Z,6,231,,,16R225,,,,,,0,0,000000000,00000000000,0,0,0,1,0,0,0,0,0,0,0,65,0,1,5,0,0,6,2,1,0,0,0,1,12,33898,1,1,0,0,2,0,64,999,0,4,0,0,0,1,2009,11,2010,0,0,0,0,0,3,3,65,1,1,8,1,0,0,1,13,99,1,4,98,1,0
12,121582,1,2,1,1,10,2,2,8,0,1,0,12,1,63,34,63034,4,2011,KNAGR4A66B51,K,N,A,G,R,4,A,6,6,B,5,1,0,P,KIA,OSX,4D,11,17,3385,,0,1071,,G,,T,4,122,,,18R225,,,,,,0,0,000000000,00000000000,0,0,0,1,0,0,0,0,0,0,0,70,0,0,0,12,12,4,3,8,0,0,0,1,12,32707,6,1,0,0,3,3,71,999,0,0,0,2,0,3,2010,1,2011,0,28,0,0,0,3,2,70,1,1,8,1,0,0,1,80,1,1,2,13,0,1
12,121582,2,2,1,1,10,2,2,8,0,1,1,99,9,99,999,99999,99,9999,999999999999,9,9,9,9,9,9,9,9,9,9,9,9,0,,,,,,,,,,,,,,,,,,,,,,,,,0,99,999999999,99999999999,9,99,99,1,0,0,0,0,0,0,0,70,0,0,0,14,14,2,1,8,0,0,0,1,99,99999,9,9,99,9,9,9,999,999,99,99,99,99,99,99,9999,99,9999,0,0,0,0,0,3,2,70,1,1,8,1,0,0,1,80,1,1,1,98,0,0
12,121583,1,2,2,4,10,18,45,12,6,1,0,12,3,14,6,14006,4,1995,2MELM75W8SX6,2,M,E,L,M,7,5,W,8,S,X,6,0,P,MERC,MGL,4D,95,17,3796,,0,1144,,G,,F,8,281,,,15R215,,,,,,0,0,000000000,00000000000,0,0,0,1,0,0,0,0,0,0,0,15,0,0,0,3,3,6,2,12,0,0,0,1,12,33511,6,1,0,0,3,3,73,999,0,0,0,1,0,10,2009,10,2009,0,38,0,0,0,2,2,50,1,1,8,1,3,3,11,10,1,1,1,68,0,0
12,121583,2,2,1,4,10,18,45,12,6,1,0,12,1,76,706,76706,80,1981,JYA4R0006BA0,J,Y,A,4,R,0,0,0,6,B,A,0,0,M,YAMA,X1S,RS,81,17,,,,,,,1100,,4,,4,556,,,,,,,0,0,000000000,00000000000,0,0,0,1,0,0,0,0,0,0,0,50,0,0,0,12,12,6,2,12,0,0,0,1,12,33594,6,1,0,0,3,0,74,999,0,2,0,0,0,11,2010,11,2010,0,0,0,0,0,2,2,50,1,1,8,1,3,3,1,62,1,1,1,69,1,1
12,121584,1,1,1,24,6,17,2,9,0,1,0,12,1,7,26,7026,4,2008,1B3LC46K68N1,1,B,3,L,C,4,6,K,6,8,N,1,0,P,DODG,AVN,4D,8,17,3355,,0,1089,,G,,F,4,144,,,16R215,,,,,,0,0,000000000,00000000000,0,0,0,1,0,0,0,0,0,0,0,42,0,0,0,12,12,4,3,9,0,0,0,1,12,33705,6,1,0,0,3,0,64,999,0,1,0,1,0,11,2008,6,2009,0,0,0,0,0,2,2,35,1,1,8,1,0,0,1,83,2,1,1,13,0,0
12,121585,1,1,1,17,9,19,43,9,0,1,0,12,2,7,482,7482,31,2003,1D7HA16N23J5,1,D,7,H,A,1,6,N,2,3,J,5,0,T,DODG,S15,PK,3,17,,2,1405,1205,RPC,G,,,8,287,,,,B,4378,03,E,42,0,0,000000000,00000000000,0,0,0,1,0,0,0,0,0,0,0,35,0,0,0,12,12,4,3,9,0,0,0,1,12,33401,6,1,0,0,3,0,72,999,0,4,0,2,0,10,2008,8,2011,0,0,0,0,0,2,2,35,1,1,8,2,0,0,1,83,1,1,1,13,0,0
12,121586,1,2,1,30,9,8,40,12,2,1,0,12,1,54,35,54035,4,2008,19UUA76548A0,1,9,U,U,A,7,6,5,4,8,A,0,0,P,ACUR,TYS,4D,8,17,3674,,0,1079,,G,,F,6,214,,,17R235,,,,,,0,0,000000000,00000000000,0,0,0,1,0,0,0,0,0,0,0,10,0,0,0,12,12,6,2,12,0,0,0,1,12,32566,6,1,0,0,3,0,67,999,0,0,0,1,0,1,2010,1,2010,0,38,0,0,0,1,2,35,3,1,8,1,0,0,11,10,1,1,2,68,0,0
12,121586,2,2,1,30,9,8,40,12,2,1,0,12,2,72,706,72706,80,2003,1HD1GDV113K3,1,H,D,1,G,D,V,1,1,3,K,3,0,M,HD,FDL,RS,3,17,,,,,,,1450,,2,,4,612,,,,,,,0,0,000000000,00000000000,0,0,0,1,0,0,0,0,0,0,0,45,0,0,0,12,12,6,2,12,0,0,0,1,13,30060,6,1,0,0,3,0,72,999,98,0,0,0,0,0,0,0,0,1,0,0,0,0,1,2,35,3,1,8,1,0,0,14,62,1,1,1,69,1,1
12,121587,1,1,2,1,10,23,0,42,0,1,0,12,2,49,401,49401,14,1993,JT3VN29V5P00,J,T,3,V,N,2,9,V,5,P,0,0,0,P,TOYT,RUN,UT,93,17,3740,,0,1033,,G,,F,6,180,,,000000,,,,,,0,0,000000000,00000000000,0,0,0,1,0,0,0,0,0,0,0,50,0,0,0,12,12,6,2,42,0,0,0,1,12,32773,6,1,0,0,3,0,68,999,0,2,0,0,0,8,2010,12,2010,0,28,0,0,0,1,2,35,3,1,8,1,28,3,14,13,1,1,4,1,1,1
12,121588,1,1,2,5,10,20,57,8,0,1,0,12,2,12,471,12471,30,2001,1FTYR14V61PB,1,F,T,Y,R,1,4,V,6,1,P,B,0,T,FORD,RNS,PC,1,17,,1,0,1257,RNG,F,,,6,182,,,,B,3271,00,U,42,0,0,000000000,00000000000,0,0,0,1,0,0,0,0,0,0,0,45,0,0,0,11,11,4,1,8,0,0,0,1,12,32811,6,1,6,0,3,0,70,999,1,0,0,0,0,1,2010,1,2010,0,0,0,0,0,5,3,45,1,1,8,1,0,0,1,80,9,1,1,13,0,0
12,121589,1,1,1,5,10,6,35,8,0,1,0,13,2,23,481,23481,31,1994,2GTEC19Z5R15,2,G,T,E,C,1,9,Z,5,R,1,5,0,T,GMC,SC1,PC,94,17,,2,1555,1415,SIE,G,,,6,262,,,,B,00000,00,A,42,0,0,000000000,00000000000,0,0,0,1,0,0,0,0,0,0,0,50,0,0,0,11,11,4,3,8,0,0,0,1,12,33603,6,1,0,0,3,0,70,999,0,0,0,0,0,0,0,0,0,0,0,0,0,0,2,3,45,1,1,8,1,0,0,1,80,1,1,1,13,0,0
12,121590,1,2,1,6,10,13,2,12,2,1,0,12,1,12,401,12401,14,1996,1FMCU22X6TUC,1,F,M,C,U,2,2,X,6,T,U,C,0,P,FORD,EPR,UT,96,17,3733,,0,1017,,G,,F,6,245,,,15R225,,,,,,0,0,000000000,00000000000,0,0,0,1,0,0,0,0,0,0,0,60,0,0,0,12,12,6,2,12,0,0,0,1,12,32656,6,1,0,0,3,3,74,999,0,0,0,0,0,0,0,0,0,0,28,0,0,0,1,2,60,3,1,8,1,0,0,14,10,1,1,2,50,1,0
12,121590,2,2,2,6,10,13,2,12,2,1,0,12,1,23,481,23481,31,1998,1GTGC29F9WE5,1,G,T,G,C,2,9,F,9,W,E,5,0,T,GMC,SC2,PC,98,17,,2,1555,1415,SIE,D,,,8,397,,,,C,00000,00,A,42,0,0,000000000,00000000000,0,0,0,1,0,0,0,0,0,0,0,60,0,0,0,12,12,6,2,12,0,0,0,1,12,32656,6,1,0,0,3,3,65,999,0,0,0,0,0,0,0,0,0,0,0,0,0,0,1,2,60,2,1,8,1,0,0,14,62,1,1,1,51,1,0
12,121591,1,1,1,6,10,2,3,33,0,1,0,12,1,72,706,72706,80,2003,1HD1CGP383K4,1,H,D,1,C,G,P,3,8,3,K,4,0,M,HD,20C,RS,3,17,,,,,,,1200,,2,,4,491,,,,,,,0,0,000000000,00000000000,0,0,0,1,0,0,0,0,0,0,0,50,0,0,0,12,12,6,2,42,0,0,0,1,12,33913,6,1,0,0,3,0,75,999,0,0,0,0,1,5,2009,5,2009,0,36,0,0,0,2,2,30,1,1,8,1,0,0,1,10,1,1,4,6,1,1
12,121592,1,1,1,7,10,7,51,34,0,1,0,12,1,20,16,20016,2,2003,1G1JH12F8373,1,G,1,J,H,1,2,F,8,3,7,3,0,P,CHEV,CLP,CP,3,17,2749,,0,1041,,G,,F,4,134,,,16R205,,,,,,0,0,000000000,00000000000,0,0,0,1,0,0,0,0,0,0,0,70,0,1,5,12,12,6,2,32,0,0,0,1,12,32043,6,1,0,0,3,3,72,999,0,5,0,3,1,12,2009,7,2011,0,36,0,0,0,3,2,55,1,1,8,2,0,0,1,13,1,1,4,1,1,1
12,121593,1,1,1,7,10,19,55,8,0,1,0,12,3,12,422,12422,15,2003,1FMPU16L43LC,1,F,M,P,U,1,6,L,4,3,L,C,0,P,FORD,EPT,UT,3,17,5686,,0,1191,,G,,F,8,330,,,17R265,,,,,,0,0,000000000,00000000000,0,0,0,1,0,0,0,0,0,0,0,40,0,0,0,12,12,4,3,8,0,0,0,1,12,32757,6,1,0,0,3,3,77,999,0,0,0,0,0,0,0,0,0,0,0,0,0,0,1,2,40,1,1,8,2,0,0,1,80,1,1,1,13,0,0
12,121594,1,2,1,7,10,7,43,12,6,1,0,12,1,37,32,37032,4,1998,1HGCG1642WA0,1,H,G,C,G,1,6,4,2,W,A,0,0,P,HOND,ULX,4D,98,17,3140,,0,1069,,G,,F,6,183,,,15R205,,,,,,0,0,000000000,00000000000,0,0,0,1,0,0,0,0,0,0,0,15,0,0,0,12,12,6,2,12,0,0,0,1,12,33971,6,1,0,0,3,3,64,999,0,0,0,0,0,0,0,0,0,0,38,0,0,0,1,4,45,1,1,8,1,0,0,11,15,1,1,1,68,1,0
12,121594,2,2,1,7,10,7,43,12,6,1,0,12,1,35,43,35043,4,2008,3N1AB61E28L7,3,N,1,A,B,6,1,E,2,8,L,7,0,P,NISS,SL2,4D,8,17,2804,,0,1057,,G,,F,4,122,,,15R205,,,,,,0,0,000000000,00000000000,0,0,0,1,0,0,0,0,0,0,0,45,0,0,0,10,10,6,2,12,0,0,0,1,12,33974,6,1,0,0,3,0,64,999,0,1,0,0,0,3,2011,3,2011,0,0,0,0,0,1,4,45,1,1,8,1,0,0,1,62,1,1,1,69,0,0
12,121595,1,1,8,8,10,2,57,1,0,1,0,13,2,20,421,20421,15,2002,1GNEC13Z92R1,1,G,N,E,C,1,3,Z,9,2,R,1,0,P,CHEV,CTA,UT,2,17,4828,,0,1160,,F,,F,8,325,,,16R265,,,,,,0,0,000000000,00000000000,0,0,0,1,0,0,0,0,0,0,0,70,0,2,3,0,0,6,2,1,0,0,0,1,13,30093,0,0,0,0,0,0,73,148,98,0,0,0,0,0,0,0,0,0,58,0,0,0,3,3,70,1,1,8,1,0,0,1,12,9,2,4,7,4,0
12,121596,1,1,3,8,10,13,56,30,0,1,0,12,2,12,401,12401,14,1998,1FMZU32X5WUA,1,F,M,Z,U,3,2,X,5,W,U,A,0,P,FORD,EPR,UT,98,17,3911,,0,1115,,G,,F,6,245,,,15R225,,,,,,0,0,000000000,00000000000,0,0,0,1,0,0,0,0,0,0,0,45,0,0,0,3,3,6,2,30,0,0,0,1,97,0,9,9,99,9,9,9,999,999,99,99,99,99,99,99,9999,99,9999,1,0,0,0,0,6,2,45,2,6,8,2,0,0,14,13,1,3,4,2,1,0
12,121597,1,1,1,8,10,5,59,38,0,1,0,12,2,35,43,35043,4,2009,3N1AB61E39L6,3,N,1,A,B,6,1,E,3,9,L,6,0,P,NISS,SL2,4D,9,17,2897,,0,1057,,G,,F,4,122,,,15R205,,,,,,0,0,000000000,00000000000,0,0,0,1,0,0,0,0,0,0,0,65,0,0,0,9,9,6,2,38,0,0,0,1,12,33566,6,1,0,0,3,0,73,999,0,0,0,0,0,0,0,0,0,0,36,0,0,0,1,2,45,2,1,8,2,40,3,14,12,1,1,4,6,1,1
12,121598,1,1,1,10,10,20,40,8,0,1,1,99,9,99,999,99999,99,9999,999999999999,9,9,9,9,9,9,9,9,9,9,9,9,0,,,,,,,,,,,,,,,,,,,,,,,,,0,0,000000000,00000000000,0,0,0,1,0,0,0,0,0,0,0,25,0,0,0,12,12,4,1,8,0,0,0,1,99,99999,9,9,99,9,9,9,999,999,99,99,99,99,99,99,9999,99,9999,0,0,0,0,0,1,2,25,1,1,8,1,0,0,1,80,99,1,1,13,0,0
12,121599,1,2,1,11,10,13,20,12,6,1,0,12,1,35,43,35043,4,2001,3N1BB51D51L1,3,N,1,B,B,5,1,D,5,1,L,1,0,P,NISS,SSE,4D,1,17,2596,,0,998,,G,,F,4,122,,,15R195,,,,,,0,0,000000000,00000000000,0,0,0,1,0,0,0,0,0,0,0,5,0,0,0,62,9,6,2,12,0,0,0,1,12,34446,6,1,0,0,3,0,70,999,0,0,0,0,0,0,0,0,0,0,38,0,0,0,1,2,20,1,1,8,1,20,3,11,15,1,1,1,82,1,0
12,121599,2,2,1,11,10,13,20,12,6,1,0,12,1,6,41,6041,4,2002,2C3HD56G92H1,2,C,3,H,D,5,6,G,9,2,H,1,0,P,CHRY,CLM,4D,2,17,3486,,0,1130,,G,,F,6,215,,,17R225,,,,,,0,0,000000000,00000000000,0,0,0,1,0,0,0,0,0,0,0,45,0,0,0,12,12,6,2,12,0,0,0,1,12,34608,6,1,0,0,3,0,74,999,1,0,0,0,1,2,2011,3,2011,0,0,0,0,0,5,4,45,1,1,8,1,0,0,1,71,1,1,1,83,0,0
12,121600,1,2,1,12,10,20,9,12,1,1,0,12,1,76,705,76705,80,2005,JYARJ08E25A0,J,Y,A,R,J,0,8,E,2,5,A,0,0,M,YAMA,FSZ,RC,5,17,,,,,,,600,,4,,4,423,,,,,,,0,0,000000000,00000000000,0,0,0,1,0,0,0,0,0,0,0,100,0,0,0,12,12,6,2,12,0,0,0,1,12,33782,6,1,0,0,3,3,74,999,0,0,0,0,0,0,0,0,0,0,36,0,0,0,3,3,70,1,1,8,1,0,0,1,51,1,1,1,24,1,1
12,121600,2,2,1,12,10,20,9,12,1,1,0,12,1,87,881,87881,63,1989,1XPFD29X8KN2,1,X,P,F,D,2,9,X,8,K,N,2,0,T,PTRB,378,TR,89,17,,8,0,0,CON,D,,,6,855,,,,,00000,00,,64,0,12,1240329,121240329,3,2,4,1,0,0,0,0,0,0,0,65,0,0,0,6,6,4,3,12,0,0,0,1,12,33810,6,1,6,3,3,3,67,999,1,0,0,0,0,2,2011,2,2011,0,0,0,0,0,3,3,70,1,1,8,1,0,0,1,53,1,1,1,25,0,0
12,121601,1,2,1,12,10,21,20,12,2,1,0,12,2,55,402,55402,14,2011,KM8JU3AC4BU2,K,M,8,J,U,3,A,C,4,B,U,2,0,P,HYUN,TUC,UT,11,17,3197,,0,1039,,G,,F,4,144,,,18R225,,,,,,0,0,000000000,00000000000,0,0,0,1,0,0,0,0,0,0,0,50,0,0,0,12,12,6,2,12,0,0,0,1,12,32536,6,1,0,0,3,0,69,999,0,0,0,2,1,7,2010,7,2011,0,28,0,0,0,1,2,55,1,1,8,1,0,0,1,10,1,1,2,50,0,0