STATE,ST_CASE,VEH_NO,VE_FORMS,NUMOCCS,DAY,MONTH,HOUR,MINUTE,HARM_EV,MAN_COLL,UNITTYPE,HIT_RUN,REG_STAT,OWNER,MAKE,MODEL,MAK_MOD,BODY_TYP,MOD_YEAR,VIN,VIN_1,VIN_2,VIN_3,VIN_4,VIN_5,VIN_6,VIN_7,VIN_8,VIN_9,VIN_10,VIN_11,VIN_12,TOW_VEH,VINTYPE,VINMAKE,VINA_MOD,VIN_BT,VINMODYR,VIN_LNGT,VIN_WGT,WGTCD_TR,WHLBS_LG,WHLBS_SH,SER_TR,FUELCODE,MCYCL_DS,CARBUR,CYLINDER,DISPLACE,MCYCL_CY,MCYCL_WT,TIRE_SZE,TON_RAT,TRK_WT,TRKWTVAR,VIN_REST,WHLDRWHL,J_KNIFE,MCARR_I1,MCARR_I2,MCARR_ID,GVWR,V_CONFIG,CARGO_BT,HAZ_INV,HAZ_PLAC,HAZ_ID,HAZ_CNO,HAZ_REL,BUS_USE,SPEC_USE,EMER_USE,TRAV_SP,UNDERIDE,ROLLOVER,ROLINLOC,IMPACT1,IMPACT2,DEFORMED,TOWED,M_HARM,VEH_SC1,VEH_SC2,FIRE_EXP,DR_PRES,L_STATE,DR_ZIP,L_STATUS,L_TYPE,CDL_STAT,L_ENDORS,L_COMPL,L_RESTRI,DR_HGT,DR_WGT,PREV_ACC,PREV_SUS,PREV_DWI,PREV_SPD,PREV_OTH,FIRST_MO,FIRST_YR,LAST_MO,LAST_YR,SPEEDREL,DR_SF1,DR_SF2,DR_SF3,DR_SF4,VTRAFWAY,VNUM_LAN,VSPD_LIM,VALIGN,VPROFILE,VPAVETYP,VSURCOND,VTRAFCON,VTCONT_F,P_CRASH1,P_CRASH2,P_CRASH3,PCRASH4,PCRASH5,ACC_TYPE,DEATHS,DR_DRINK
12,121601,2,2,3,12,10,21,20,12,2,1,0,12,1,35,47,35047,4,2009,1N4AL21E39N5,1,N,4,A,L,2,1,E,3,9,N,5,0,P,NISS,ATS,4D,9,17,3179,,0,1093,,G,,F,4,153,,,16R215,,,,,,0,0,000000000,00000000000,0,0,0,1,0,0,0,0,0,0,0,25,0,0,0,12,12,6,2,12,0,0,0,1,12,32548,6,1,0,0,3,3,64,999,0,0,0,0,0,0,0,0,0,0,0,0,0,0,1,2,55,1,1,8,1,0,0,1,62,1,1,1,51,1,0
12,121602,1,1,1,13,10,20,0,8,0,1,0,12,1,84,881,84881,66,1994,2HSFHD6R9RC0,2,H,S,F,H,D,6,R,9,R,C,0,1,T,INTL,940,TR,94,17,,8,2340,1600,90S,D,,,6,774,,,,,00000,00,,64,1,12,2103498,122103498,3,6,1,1,0,0,0,0,0,0,0,60,0,0,0,11,11,4,1,8,0,0,0,1,12,34266,6,1,6,3,3,3,63,999,0,0,0,0,0,0,0,0,0,0,0,0,0,0,1,2,60,1,1,8,1,0,0,1,80,1,1,1,13,0,0
12,121603,1,2,2,14,10,6,49,12,8,1,0,12,2,20,37,20037,4,2002,1G1NE52J72M5,1,G,1,N,E,5,2,J,7,2,M,5,0,P,CHEV,M/L,4D,2,17,3053,,0,1070,,G,,F,6,191,,,15R215,,,,,,0,0,000000000,00000000000,0,0,0,1,0,0,0,0,0,0,0,90,0,0,0,83,83,6,2,42,0,0,0,1,1,36303,0,0,0,0,0,0,999,999,0,0,0,0,0,0,0,0,0,0,36,28,37,0,1,2,55,2,5,8,1,0,0,14,10,1,1,1,64,1,0
12,121603,2,2,1,14,10,6,49,12,8,1,0,12,2,7,472,7472,30,2003,1D7HG38N63S2,1,D,7,H,G,3,8,N,6,3,S,2,0,T,DODG,QSP,CW,3,17,,2,0,1309,DAK,G,,,8,287,,,,B,4345,00,E,44,0,0,000000000,00000000000,0,0,0,1,0,0,0,0,0,0,0,50,0,0,0,63,63,4,1,12,0,0,0,1,12,32462,6,1,0,0,3,0,71,999,0,0,0,0,0,0,0,0,0,0,0,0,0,0,1,2,55,3,1,8,1,0,0,14,62,7,1,1,65,0,0
12,121604,1,2,1,16,4,2,17,12,6,1,0,12,1,72,706,72706,80,2008,1HD1CZ3168K4,1,H,D,1,C,Z,3,1,6,8,K,4,0,M,HD,XLN,RS,8,17,,,,,,,1202,,2,,4,562,,,,,,,0,0,000000000,00000000000,0,0,0,1,0,0,0,0,0,0,0,67,0,0,0,12,12,6,2,12,0,0,0,1,12,33701,6,1,0,0,3,0,73,999,1,0,0,2,2,10,2008,10,2010,0,39,36,0,0,2,2,35,1,1,8,1,3,3,1,17,1,1,1,86,1,1
12,121604,2,2,1,16,4,2,17,12,6,1,0,12,3,49,40,49040,4,2000,4T1BG22K8YU6,4,T,1,B,G,2,2,K,8,Y,U,6,0,P,TOYT,UEX,4D,0,17,2998,,0,1051,,G,,F,4,132,,,14R195,,,,,,0,0,000000000,00000000000,0,0,0,1,0,0,0,0,0,0,0,32,0,1,1,3,3,6,2,1,0,0,0,1,12,33706,6,1,0,0,3,0,65,999,0,0,0,0,0,0,0,0,0,0,0,0,0,0,2,2,35,1,1,8,1,3,3,1,66,1,1,1,87,0,0
12,121605,1,1,2,9,6,14,3,8,0,1,0,12,1,49,482,49482,31,2005,5TBRT34175S4,5,T,B,R,T,3,4,1,7,5,S,4,0,T,TOYT,TT5,4C,5,17,,2,0,1283,TUN,G,,,8,285,,,,C,4215,00,U,42,0,0,000000000,00000000000,0,0,0,1,0,0,0,0,0,0,0,40,0,0,0,9,9,4,1,8,0,0,0,1,39,43202,6,1,0,0,3,0,72,999,0,0,0,0,0,0,0,0,0,0,0,0,0,0,2,3,45,1,1,8,1,0,0,1,80,1,1,1,13,0,0
12,121606,1,1,1,17,9,2,4,8,0,1,0,12,1,35,48,35048,2,2004,JN1AZ34E34T0,J,N,1,A,Z,3,4,E,3,4,T,0,0,P,NISS,3ZC,CP,4,17,3062,,0,1043,,G,,F,6,214,,,17R225,,,,,,0,0,000000000,00000000000,0,0,0,1,0,0,0,0,0,0,0,45,0,0,0,12,12,6,2,8,0,0,0,1,12,32258,6,1,0,0,3,0,71,999,0,0,0,0,0,0,0,0,0,0,0,0,0,0,3,3,45,1,1,8,1,0,0,1,80,1,1,1,13,0,1
12,121607,1,1,1,2,10,8,55,1,0,1,0,12,2,52,34,52034,4,2004,4A3AB36F04E0,4,A,3,A,B,3,6,F,0,4,E,0,0,P,MITS,ELM,4D,4,17,3351,,0,1083,,G,,F,4,146,,,16R215,,,,,,0,0,000000000,00000000000,0,0,0,1,0,0,0,0,0,0,0,70,0,1,5,0,0,6,2,42,0,0,0,1,12,33469,6,1,0,0,3,0,65,999,0,0,0,0,0,0,0,0,0,0,36,58,0,0,2,2,70,1,1,8,1,0,0,1,13,7,1,4,1,1,0
12,121608,1,1,1,4,10,4,1,8,0,1,0,12,1,82,881,82881,66,1999,1FUYSDYB2XP9,1,F,U,Y,S,D,Y,B,2,X,P,9,1,T,FRHT,FC2,TR,99,17,,8,0,0,CON,D,,,6,855,,,,,00000,00,,64,1,13,365282,13365282,3,6,1,1,0,0,0,0,0,0,0,50,0,0,0,11,11,4,1,8,0,0,0,1,12,32641,6,1,6,0,3,0,74,999,0,0,0,0,0,0,0,0,0,0,0,0,0,0,1,2,50,1,1,8,1,0,0,1,80,7,1,1,13,0,0
12,121609,1,1,1,8,10,8,13,34,0,1,0,12,1,37,706,37706,80,2005,JH2SC57065M1,J,H,2,S,C,5,7,0,6,5,M,1,0,M,HOND,CBS,RC,5,17,,,,,,,998,,4,,4,396,,,,,,,0,0,000000000,00000000000,0,0,0,1,0,0,0,0,0,0,0,999,0,0,0,12,12,6,2,34,0,0,0,1,12,32226,6,1,0,0,3,3,73,999,1,3,0,1,1,10,2008,8,2011,1,36,0,0,0,1,2,99,3,1,8,2,0,0,14,13,1,1,4,1,1,1
12,121610,1,1,1,9,10,19,0,42,0,1,0,12,1,12,481,12481,31,1998,1FTRX17L9WNC,1,F,T,R,X,1,7,L,9,W,N,C,0,T,FORD,F15,3C,98,17,,2,1570,1390,COF,G,,,8,330,,,,B,4067,02,E,42,0,0,000000000,00000000000,0,0,0,1,0,0,0,0,0,0,0,45,0,0,0,1,1,6,2,42,0,0,0,1,12,32334,6,1,0,0,3,0,69,999,0,0,0,0,0,0,0,0,0,0,58,51,0,0,1,2,45,1,6,8,1,0,0,1,12,6,4,4,7,1,1
12,121611,1,1,1,10,10,18,55,34,0,1,0,12,1,20,443,20443,20,2003,1GNDU03E93D3,1,G,N,D,U,0,3,E,9,3,D,3,0,P,CHEV,VTR,SV,3,17,3699,,0,1120,,G,,F,6,207,,,15R215,,,,,,0,0,000000000,00000000000,0,0,0,1,0,0,0,0,0,0,0,45,0,1,5,83,98,6,2,1,0,0,0,1,12,32094,6,1,0,0,3,3,61,999,0,0,0,1,0,5,2010,5,2010,0,36,58,0,0,1,2,45,1,6,8,2,0,0,1,13,7,1,4,1,1,0
12,121612,1,2,1,11,10,17,2,12,6,1,0,51,2,72,706,72706,80,1992,1HD4CFM18NY1,1,H,D,4,C,F,M,1,8,N,Y,1,0,M,HD,X8D,RS,92,17,,,,,,,883,,2,,4,465,,,,,,,0,0,000000000,00000000000,0,0,0,1,0,0,0,0,0,0,0,10,0,0,0,9,9,6,2,12,0,0,0,1,51,23464,6,1,0,0,3,0,70,999,0,0,0,0,0,0,0,0,0,0,38,0,0,0,1,2,15,1,1,8,1,0,0,11,15,1,1,1,82,1,0
12,121612,2,2,1,11,10,17,2,12,6,1,0,12,2,30,46,30046,4,2004,WVWPD63B74P0,W,V,W,P,D,6,3,B,7,4,P,0,0,P,VOLK,PWS,4D,4,17,3155,,0,1064,,G,,T,4,109,,,15R195,,,,,,0,0,000000000,00000000000,0,0,0,1,0,0,0,0,0,0,0,45,0,0,0,12,12,6,2,12,0,0,0,1,12,34744,6,1,0,0,3,0,69,999,0,0,0,0,0,0,0,0,0,0,0,0,0,0,5,4,45,1,1,8,1,0,0,1,72,1,1,1,83,0,0
12,121613,1,1,1,16,10,3,5,33,0,1,0,12,1,72,706,72706,80,2007,1HD1GV4137K3,1,H,D,1,G,V,4,1,3,7,K,3,0,M,HD,FDC,RS,7,17,,,,,,,1584,,2,,4,645,,,,,,,0,0,000000000,00000000000,0,0,0,1,0,0,0,0,0,0,0,45,0,0,0,14,62,6,2,5,0,0,0,1,12,32869,6,1,0,0,3,0,66,999,0,1,0,1,1,3,2009,5,2009,0,0,0,0,0,2,2,45,3,6,8,1,0,0,14,13,1,1,4,6,1,1
12,121614,1,1,1,16,10,20,35,8,0,1,0,12,3,82,881,82881,66,2003,1FUJA6CG03LK,1,F,U,J,A,6,C,G,0,3,L,K,1,T,FRHT,COL,TR,3,17,,8,0,0,CON,D,,,6,774,,,,,00000,00,,64,1,12,1390329,121390329,3,6,1,1,0,0,0,0,0,0,0,55,0,0,0,82,98,2,8,8,0,0,0,1,12,32807,6,1,6,0,3,0,64,999,0,0,0,1,0,7,2010,7,2010,0,36,0,0,0,2,2,55,1,1,8,1,0,0,1,80,1,1,1,13,0,0
12,121615,1,1,1,13,8,23,0,8,0,1,0,12,2,6,52,6052,6,2010,3A4GY5F9XAT1,3,A,4,G,Y,5,F,9,X,A,T,1,0,P,CHRY,PTC,SV,10,17,3222,,0,1030,,G,,F,4,148,,,16R205,,,,,,0,0,000000000,00000000000,0,0,0,1,0,0,0,0,0,0,0,40,0,0,0,12,12,4,3,8,0,0,0,1,12,34602,6,1,0,0,3,3,63,999,0,0,0,0,0,0,0,0,0,0,0,0,0,0,1,2,45,1,1,8,1,3,3,1,80,1,1,1,13,0,0
12,121616,1,1,1,2,9,23,7,8,0,1,0,12,2,20,39,20039,4,2007,KL1TD56637B1,K,L,1,T,D,5,6,6,3,7,B,1,0,P,CHEV,ABS,4D,7,17,2531,,0,976,,G,,F,4,098,,,14R185,,,,,,0,0,000000000,00000000000,0,0,0,1,0,0,0,0,0,0,0,43,0,0,0,12,12,6,2,8,0,0,0,1,12,32703,6,1,0,0,3,3,66,999,0,0,0,0,0,0,0,0,0,0,0,0,0,0,2,3,40,1,1,8,1,0,0,1,80,4,1,1,13,0,0
12,121617,1,1,1,5,9,2,25,1,0,1,0,12,1,18,7,18007,4,1999,2G4WY52M3X16,2,G,4,W,Y,5,2,M,3,X,1,6,0,P,BUIC,CLM,4D,99,17,3371,,0,1090,,G,,F,6,191,,,15R205,,,,,,0,0,000000000,00000000000,0,0,0,1,0,0,0,0,0,0,0,999,0,2,5,0,0,6,2,1,0,0,0,1,12,32246,1,1,0,0,2,0,67,999,0,5,0,0,2,2,2009,6,2011,0,0,0,0,0,5,2,30,1,1,8,1,0,0,1,12,1,1,4,6,1,1
12,121618,1,2,1,9,9,16,31,12,2,1,0,12,2,53,705,53705,80,2006,JS1NP41A1621,J,S,1,N,P,4,1,A,1,6,2,1,0,M,SUZI,LS6,RS,6,17,,,,,,,652,,1,,4,355,,,,,,,0,0,000000000,00000000000,0,0,0,1,0,0,0,0,0,0,0,25,0,0,0,12,12,6,2,12,0,0,0,1,12,33801,6,1,0,0,3,3,62,999,0,0,0,1,0,10,2009,10,2009,0,28,0,0,0,1,2,30,2,1,8,1,0,0,14,10,1,1,2,50,1,0
12,121618,2,2,1,9,9,16,31,12,2,1,0,12,3,35,471,35471,30,1997,1N6SD11S7VC3,1,N,6,S,D,1,1,S,7,V,C,3,0,T,NISS,XES,PK,97,17,,1,0,1043,TRK,G,,,4,146,,,,B,2718,01,M,42,0,0,000000000,00000000000,0,0,0,1,0,0,0,0,0,0,0,25,0,0,0,12,12,4,3,12,0,0,0,1,12,33898,6,1,0,0,3,0,70,999,0,0,0,0,0,0,0,0,0,0,0,0,0,0,1,2,30,3,1,8,1,0,0,14,62,1,1,1,51,0,0
12,121619,1,1,1,5,5,12,0,15,0,1,0,12,2,12,481,12481,31,1996,1FTEF25Y5TNA,1,F,T,E,F,2,5,Y,5,T,N,A,0,T,FORD,F25,PK,96,17,,2,0,1330,COF,G,,,6,300,,,,C,4775,00,M,42,0,0,000000000,00000000000,0,0,0,1,0,0,0,0,0,0,0,999,0,0,0,12,12,4,1,15,0,0,0,1,12,33809,6,1,0,0,3,0,69,999,0,0,0,0,0,0,0,0,0,0,38,0,0,0,1,2,35,1,6,8,1,20,3,1,83,1,1,1,13,0,0
12,121620,1,1,1,4,7,20,57,8,0,1,0,12,1,59,31,59031,4,2002,JTHBF30G8250,J,T,H,B,F,3,0,G,8,2,5,0,0,P,LEXS,ES3,4D,2,17,3439,,0,1071,,G,,F,6,183,,,16R215,,,,,,0,0,000000000,00000000000,0,0,0,1,0,0,0,0,0,0,0,35,0,0,0,12,12,4,3,8,0,0,0,1,12,33715,6,1,0,0,3,0,71,999,0,0,0,0,0,0,0,0,0,0,0,0,0,0,5,4,35,1,1,8,1,0,0,1,80,1,1,1,13,0,0
12,121621,1,2,3,3,10,15,10,12,6,1,0,12,1,21,1,21001,4,1985,1G3AJ19R7FD4,1,G,3,A,J,1,9,R,7,F,D,4,0,P,OLDS,CIL,4D,85,17,2627,,0,1049,,G,,F,4,151,,,14R185,,,,,,0,0,000000000,00000000000,0,0,0,1,0,0,0,0,0,0,0,5,0,0,0,12,12,6,2,12,0,0,0,1,12,32189,6,1,0,0,3,3,69,999,0,0,0,0,0,0,0,0,0,0,39,0,0,0,2,2,40,1,1,8,1,3,3,11,15,1,1,1,68,1,1
12,121621,2,2,1,3,10,15,10,12,6,1,0,12,3,89,881,89881,66,1992,4V1WDBCF6NN6,4,V,1,W,D,B,C,F,6,N,N,6,1,T,WHGM,WIA,TR,92,17,,8,0,0,ARO,D,,,6,893,,,,,00000,00,,64,1,77,777777777,77777777777,3,6,9,1,0,0,0,0,0,0,0,25,0,1,1,11,81,6,2,1,0,0,0,1,12,32177,6,1,6,0,3,0,71,999,0,0,0,0,0,0,0,0,0,0,0,0,0,0,2,2,40,1,1,8,1,3,3,1,62,1,1,1,69,0,0
12,121622,1,1,1,7,10,6,3,8,0,1,0,12,1,7,482,7482,31,2003,3D7KA28603G7,3,D,7,K,A,2,8,6,0,3,G,7,0,T,DODG,SQ2,CW,3,17,,2,1605,1405,RPC,D,,,6,359,,,,C,5352,07,E,42,0,0,000000000,00000000000,0,0,0,1,0,0,0,0,0,0,0,55,0,0,0,12,12,4,3,8,0,0,0,1,12,32068,6,1,0,0,3,3,72,999,1,0,0,0,1,6,2010,6,2010,0,0,0,0,0,2,2,55,1,1,8,2,0,0,1,80,1,1,1,13,0,0
12,121623,1,1,3,9,10,11,0,1,0,1,0,12,1,12,442,12442,20,1996,2FMDA5140TBA,2,F,M,D,A,5,1,4,0,T,B,A,0,T,FORD,WWG,ES,96,17,,1,0,1207,WIN,G,,,6,232,,,,B,3733,00,E,42,0,0,000000000,00000000000,0,0,0,1,0,0,0,0,0,0,0,70,0,1,3,0,0,6,2,1,0,0,0,1,12,32159,6,1,0,0,3,3,68,999,0,1,0,0,0,1,2010,1,2010,0,36,0,0,0,2,3,70,3,4,8,2,0,0,14,12,1,1,4,6,1,0
12,121624,1,2,1,13,10,5,50,12,2,1,0,12,2,18,3,18003,4,1999,1G4CW52K7X46,1,G,4,C,W,5,2,K,7,X,4,6,0,P,BUIC,PKA,4D,99,17,3778,,0,1138,,G,,F,6,231,,,16R225,,,,,,0,0,000000000,00000000000,0,0,0,1,0,0,0,0,0,0,0,4,0,0,0,12,12,6,2,12,0,0,0,1,12,33852,6,1,0,0,3,3,70,999,0,0,0,0,0,0,0,0,0,0,51,0,0,0,1,2,45,1,1,8,1,0,0,1,10,1,1,2,50,0,0
12,121624,2,2,9,13,10,5,50,12,2,1,0,12,2,12,481,12481,31,1994,1FTJX35G7RKC,1,F,T,J,X,3,5,G,7,R,K,C,0,T,FORD,F35,PC,94,17,,2,0,1550,COF,G,,,8,460,,,,D,5399,00,A,42,0,0,000000000,00000000000,0,0,0,1,0,0,0,0,0,0,0,45,0,1,5,12,12,6,2,1,0,0,0,1,12,34142,3,1,0,0,2,0,72,999,0,0,0,0,0,0,0,0,0,0,92,0,0,0,1,2,45,1,1,8,1,0,0,1,62,1,1,1,51,1,0
12,121625,1,2,1,14,10,15,16,12,1,1,0,12,1,72,706,72706,80,2003,1HD1PGE143Y9,1,H,D,1,P,G,E,1,4,3,Y,9,0,M,HD,2RS,RS,3,17,,,,,,,1690,,2,,4,745,,,,,,,0,0,000000000,00000000000,0,0,0,1,0,0,0,0,0,0,0,50,0,0,0,12,12,6,2,12,0,0,0,1,12,34222,6,1,0,0,3,3,69,999,1,0,0,0,1,6,2010,7,2010,1,0,0,0,0,3,4,55,1,1,8,1,0,0,1,52,3,1,1,28,1,0
12,121625,2,2,1,14,10,15,16,12,1,1,0,12,1,42,44,42044,2,2003,WDBSK75F43F0,W,D,B,S,K,7,5,F,4,3,F,0,0,P,MERZ,SLR,CV,3,17,3925,,0,1008,,G,,F,8,303,,,17R255,,,,,,0,0,000000000,00000000000,0,0,0,1,0,0,0,0,0,0,0,5,0,0,0,6,6,4,1,12,0,0,0,1,12,32819,6,1,0,0,3,3,64,999,0,0,0,0,0,0,0,0,0,0,0,0,0,0,3,4,55,1,1,8,1,0,0,2,53,1,1,1,29,0,0
12,121626,1,1,1,15,10,9,10,24,0,1,0,12,2,12,401,12401,14,2002,1FMRU17W92LA,1,F,M,R,U,1,7,W,9,2,L,A,0,P,FORD,EPT,UT,2,17,4965,,0,1191,,G,,F,8,281,,,17R275,,,,,,0,0,000000000,00000000000,0,0,0,1,0,0,0,0,0,0,0,55,0,0,0,12,12,6,2,24,0,0,0,1,12,33175,6,1,0,0,3,0,72,999,0,0,0,1,0,1,2011,1,2011,0,36,0,0,0,3,4,55,2,6,8,1,0,0,14,1,1,2,4,2,1,0
12,121627,1,1,1,16,10,0,58,8,0,1,0,12,1,7,442,7442,20,2007,1D4GP24R57B2,1,D,4,G,P,2,4,R,5,7,B,2,0,T,DODG,GCS,ES,7,17,,1,0,1193,CAR,G,,,6,201,,,,,4095,00,E,42,0,0,000000000,00000000000,0,0,0,1,0,0,0,0,0,0,0,40,0,0,0,12,12,4,3,8,0,0,0,1,12,33037,6,1,0,0,3,3,68,999,0,0,0,0,0,0,0,0,0,0,0,0,0,0,3,2,45,1,1,8,2,28,3,1,80,1,1,1,13,0,0
12,121628,1,2,3,16,10,16,0,12,6,1,0,12,1,14,443,14443,20,2002,4M2ZV12T32DJ,4,M,2,Z,V,1,2,T,3,2,D,J,0,P,MERC,VLR,SV,2,17,4050,,0,1122,,G,,F,6,201,,,16R225,,,,,,0,0,000000000,00000000000,0,0,0,1,0,0,0,0,0,0,0,55,0,0,0,3,3,6,2,12,0,0,0,1,12,32321,6,1,0,0,3,3,72,999,0,0,0,0,0,0,0,0,0,0,38,0,0,0,1,2,55,1,1,8,1,20,3,1,17,1,1,1,87,1,0
12,121628,2,2,4,16,10,16,0,12,6,1,0,13,1,12,422,12422,15,2003,1FMFU18L53LB,1,F,M,F,U,1,8,L,5,3,L,B,0,P,FORD,EPT,UT,3,17,5686,,0,1191,,G,,F,8,330,,,17R265,,,,,,0,0,000000000,00000000000,0,0,0,1,0,0,0,0,0,0,0,55,0,0,0,12,12,6,2,12,0,0,0,1,13,39828,6,1,6,0,3,0,72,190,98,0,0,1,0,3,2010,3,2010,0,0,0,0,0,1,2,55,1,1,8,1,0,0,1,66,1,1,1,86,0,0
12,121629,1,1,1,9,10,21,37,24,0,1,0,12,1,72,706,72706,80,2003,1HD1GHV153K3,1,H,D,1,G,H,V,1,5,3,K,3,0,M,HD,FDX,RS,3,17,,,,,,,1450,,2,,4,612,,,,,,,0,0,000000000,00000000000,0,0,0,1,0,0,0,0,0,0,0,90,0,0,0,9,9,6,2,24,0,0,0,1,12,33440,1,1,0,0,2,0,69,999,0,0,0,0,0,0,0,0,0,0,36,0,0,0,1,2,60,2,1,8,1,0,0,14,12,1,1,4,6,1,0
12,121630,1,1,1,10,10,12,4,8,0,1,1,12,1,45,421,45421,15,2004,WP1AB29P34LA,W,P,1,A,B,2,9,P,3,4,L,A,0,P,PORS,POR,UT,4,17,6493,,0,1124,,G,,F,8,275,,,18R255,,,,,,0,0,000000000,00000000000,0,0,0,1,0,0,0,0,0,0,0,20,0,0,0,12,12,4,3,8,0,0,0,1,12,34108,6,1,0,0,3,0,68,999,0,0,0,0,0,0,0,0,0,0,28,58,0,0,2,3,45,1,1,8,10,3,3,10,13,1,1,4,1,0,1
12,121631,1,1,1,10,10,21,45,3,0,1,0,12,1,12,481,12481,31,2004,1FTPX14594NB,1,F,T,P,X,1,4,5,9,4,N,B,0,T,FORD,F15,4C,4,17,,2,1450,1260,COF,G,,,8,330,,,,B,5480,00,U,44,0,0,000000000,00000000000,0,0,0,1,0,0,0,0,0,0,0,10,0,0,0,0,0,2,3,3,0,0,0,1,12,32720,6,1,0,0,3,3,68,999,0,0,0,0,0,0,0,0,0,0,48,0,0,0,4,1,25,1,1,8,1,0,0,10,98,1,1,4,0,1,1
12,121632,1,1,1,12,10,19,45,8,0,1,0,12,2,37,31,37031,3,1991,2HGED6344MH5,2,H,G,E,D,6,3,4,4,M,H,5,0,P,HOND,CIV,2H,91,17,1867,,0,984,,G,,F,4,091,,,13R165,,,,,,0,0,000000000,00000000000,0,0,0,1,0,0,0,0,0,0,0,45,0,0,0,12,12,6,2,8,0,0,0,1,12,34984,6,1,0,0,3,3,69,999,0,1,0,2,0,11,2009,1,2011,0,0,0,0,0,3,3,45,1,1,8,2,0,0,1,80,1,1,1,13,0,0
12,121633,1,1,1,13,10,19,45,8,0,1,0,12,2,59,35,59035,4,2007,JTHBK2627750,J,T,H,B,K,2,6,2,7,7,5,0,0,P,LEXS,I25,4D,7,17,3435,,0,1074,,G,,F,6,153,,,17R225,,,,,,0,0,000000000,00000000000,0,0,0,1,0,0,0,0,0,0,0,45,0,0,0,12,12,4,3,8,0,0,0,1,12,33870,6,1,0,0,3,0,69,999,0,0,0,0,0,0,0,0,0,0,0,0,0,0,1,2,45,1,1,8,1,0,0,1,80,1,1,1,13,0,0
12,121635,1,2,1,13,10,19,33,8,0,1,0,12,1,20,481,20481,31,1993,2GBEC19K6P11,2,G,B,E,C,1,9,K,6,P,1,1,0,T,CHEV,GC1,PC,93,17,,2,1555,1415,GM4,G,,,8,350,,,,B,3998,02,,42,0,0,000000000,00000000000,0,0,0,1,0,0,0,0,0,0,0,45,0,0,0,12,12,6,2,8,0,0,0,1,12,32726,6,1,0,0,3,3,73,999,0,0,0,0,0,0,0,0,0,0,0,0,0,0,2,2,45,1,1,8,1,0,0,1,80,4,1,1,13,0,0
12,121635,2,2,1,13,10,19,33,8,0,1,0,26,3,85,881,85881,66,2005,1XKADB9X45J0,1,X,K,A,D,B,9,X,4,5,J,0,1,T,KW,T60,TR,5,17,,8,2600,1600,CON,D,,,6,893,,,,,00000,00,,64,1,26,242599,26242599,3,6,97,1,0,0,0,0,0,0,0,40,0,0,0,14,14,0,1,8,0,0,0,1,26,48506,6,1,6,3,3,0,70,240,0,0,0,0,0,0,0,0,0,0,0,0,0,0,2,2,45,1,1,8,1,0,0,1,80,4,1,1,98,0,0
12,121636,1,2,1,16,10,17,31,12,1,1,0,12,1,49,40,49040,4,1999,4T1BG22K0XU4,4,T,1,B,G,2,2,K,0,X,U,4,0,P,TOYT,UEX,4D,99,17,2998,,0,1051,,G,,F,4,132,,,14R195,,,,,,0,0,000000000,00000000000,0,0,0,1,0,0,0,0,0,0,0,45,0,0,0,12,12,4,3,8,0,0,0,1,12,32060,6,1,0,0,3,3,74,999,1,0,0,0,2,12,2008,9,2009,0,36,0,0,0,1,2,55,1,1,8,1,0,0,1,50,8,1,1,32,0,0
12,121636,2,2,0,16,10,17,31,12,1,1,0,0,0,98,998,98998,97,1990,402824,4,0,2,8,2,4,,,,,,,0,U,,,,90,6,,,,,,,,,,,,,,,,,,,0,0,000000000,00000000000,0,0,0,1,0,0,0,0,0,0,0,2,0,0,0,6,6,6,2,12,33,0,0,0,0,99997,7,6,97,7,6,7,998,997,998,998,998,998,998,98,9998,98,9998,8,0,0,0,0,1,2,55,1,1,8,1,0,0,0,53,0,0,0,32,0,0
12,121637,1,1,2,16,10,1,15,42,0,1,0,12,1,24,2,24002,2,1995,1G8ZE128XSZ1,1,G,8,Z,E,1,2,8,X,S,Z,1,0,P,STRN,SC1,CP,95,17,2181,,0,992,,G,,F,4,116,,,14R175,,,,,,0,0,000000000,00000000000,0,0,0,1,0,0,0,0,0,0,0,70,0,0,0,4,4,6,2,42,0,0,0,1,12,32071,6,1,0,0,3,0,68,999,0,0,0,0,0,0,0,0,0,0,36,0,0,0,1,2,45,1,1,8,1,0,0,1,13,6,4,4,7,2,0
12,121638,1,1,1,17,4,21,39,33,0,1,0,12,2,76,705,76705,80,2002,JYARJ04E72A0,J,Y,A,R,J,0,4,E,7,2,A,0,0,M,YAMA,R6L,RC,2,17,,,,,,,599,,4,,4,365,,,,,,,0,0,000000000,00000000000,0,0,0,1,0,0,0,0,0,0,0,55,0,0,0,3,3,6,2,42,0,0,0,1,12,33713,6,1,0,0,3,3,62,999,0,3,0,1,0,9,2009,4,2010,1,36,0,0,0,2,2,40,1,1,8,1,0,0,1,13,1,1,4,1,1,0
12,121639,1,1,1,20,6,21,24,33,0,1,0,12,2,7,43,7043,4,1996,1B3EJ46C7TN2,1,B,3,E,J,4,6,C,7,T,N,2,0,P,DODG,STR,4D,96,17,2859,,0,1080,,G,,F,4,122,,,14R195,,,,,,0,0,000000000,00000000000,0,0,0,1,0,0,0,0,0,0,0,106,0,0,0,83,6,6,2,42,0,0,0,1,12,33711,6,1,0,0,3,0,73,999,0,0,0,0,0,0,0,0,0,0,36,0,0,0,1,2,25,1,1,8,1,0,0,1,13,1,1,4,1,1,0