STATE,ST_CASE,VEH_NO,VE_FORMS,NUMOCCS,DAY,MONTH,HOUR,MINUTE,HARM_EV,MAN_COLL,UNITTYPE,HIT_RUN,REG_STAT,OWNER,MAKE,MODEL,MAK_MOD,BODY_TYP,MOD_YEAR,VIN,VIN_1,VIN_2,VIN_3,VIN_4,VIN_5,VIN_6,VIN_7,VIN_8,VIN_9,VIN_10,VIN_11,VIN_12,TOW_VEH,VINTYPE,VINMAKE,VINA_MOD,VIN_BT,VINMODYR,VIN_LNGT,VIN_WGT,WGTCD_TR,WHLBS_LG,WHLBS_SH,SER_TR,FUELCODE,MCYCL_DS,CARBUR,CYLINDER,DISPLACE,MCYCL_CY,MCYCL_WT,TIRE_SZE,TON_RAT,TRK_WT,TRKWTVAR,VIN_REST,WHLDRWHL,J_KNIFE,MCARR_I1,MCARR_I2,MCARR_ID,GVWR,V_CONFIG,CARGO_BT,HAZ_INV,HAZ_PLAC,HAZ_ID,HAZ_CNO,HAZ_REL,BUS_USE,SPEC_USE,EMER_USE,TRAV_SP,UNDERIDE,ROLLOVER,ROLINLOC,IMPACT1,IMPACT2,DEFORMED,TOWED,M_HARM,VEH_SC1,VEH_SC2,FIRE_EXP,DR_PRES,L_STATE,DR_ZIP,L_STATUS,L_TYPE,CDL_STAT,L_ENDORS,L_COMPL,L_RESTRI,DR_HGT,DR_WGT,PREV_ACC,PREV_SUS,PREV_DWI,PREV_SPD,PREV_OTH,FIRST_MO,FIRST_YR,LAST_MO,LAST_YR,SPEEDREL,DR_SF1,DR_SF2,DR_SF3,DR_SF4,VTRAFWAY,VNUM_LAN,VSPD_LIM,VALIGN,VPROFILE,VPAVETYP,VSURCOND,VTRAFCON,VTCONT_F,P_CRASH1,P_CRASH2,P_CRASH3,PCRASH4,PCRASH5,ACC_TYPE,DEATHS,DR_DRINK
12,121708,1,2,1,28,10,0,20,12,6,1,0,12,1,72,706,72706,80,1993,1HD1BLL15PY0,1,H,D,1,B,L,L,1,5,P,Y,0,0,M,HD,XST,RS,93,17,,,,,,,1340,,2,,4,625,,,,,,,0,0,000000000,00000000000,0,0,0,1,0,0,0,0,0,0,0,30,0,0,0,12,12,6,2,12,0,0,0,1,12,34207,6,1,0,0,3,0,71,999,0,0,0,0,0,0,0,0,0,0,92,0,0,0,5,6,45,1,1,8,1,0,0,1,62,1,1,1,69,1,1
12,121708,2,2,3,28,10,0,20,12,6,1,0,12,2,12,401,12401,14,2003,1FMZU63K73UA,1,F,M,Z,U,6,3,K,7,3,U,A,0,P,FORD,EPR,UT,3,17,4094,,0,1137,,F,,F,6,245,,,16R235,,,,,,0,0,000000000,00000000000,0,0,0,1,0,0,0,0,0,0,0,20,0,0,0,1,1,6,2,12,0,0,0,1,12,34207,1,1,0,0,2,0,67,999,0,3,0,0,2,12,2008,10,2011,0,92,0,0,0,5,6,45,1,1,8,1,0,0,11,17,1,1,1,68,0,0
12,121709,1,1,1,26,3,2,3,39,0,1,0,12,1,37,705,37705,80,1998,JH2PC2506WM7,J,H,2,P,C,2,5,0,6,W,M,7,0,M,HOND,RF3,RC,98,17,,,,,,,600,,4,,4,412,,,,,,,0,0,000000000,00000000000,0,0,0,1,0,0,0,0,0,0,0,70,0,0,0,12,12,6,2,39,0,0,0,1,12,32754,6,1,0,0,3,0,68,999,0,1,0,2,1,8,2008,6,2009,1,36,0,0,0,1,2,30,2,1,8,1,0,0,14,12,1,1,4,6,1,0
12,121711,1,1,1,8,8,19,27,33,0,1,0,12,1,38,472,38472,30,1996,1GGCS1440T87,1,G,G,C,S,1,4,4,0,T,8,7,0,T,ISU,HOM,PK,96,17,,1,0,1083,HOM,G,,,4,133,,,,B,00000,00,M,42,0,0,000000000,00000000000,0,0,0,1,0,0,0,0,0,0,0,35,0,0,0,11,11,6,2,46,0,0,0,1,12,33702,6,1,0,0,3,3,67,999,0,0,0,0,0,0,0,0,0,0,36,0,0,0,2,2,35,1,1,8,1,3,3,1,12,1,1,4,6,1,1
12,121713,1,2,2,24,9,0,18,12,6,1,0,12,1,37,31,37031,2,2004,1HGEM22694L0,1,H,G,E,M,2,2,6,9,4,L,0,0,P,HOND,UCL,CP,4,17,2449,,0,1031,,G,,F,4,102,,,000000,,,,,,0,0,000000000,00000000000,0,0,0,1,0,0,0,0,0,0,0,35,0,0,0,3,81,6,2,30,0,0,0,1,12,33071,6,1,0,0,3,0,62,999,0,0,0,0,0,0,0,0,0,0,38,39,0,0,2,2,35,1,1,8,1,4,3,1,17,1,1,1,87,1,0
12,121713,2,2,2,24,9,0,18,12,6,1,0,12,3,98,808,98808,62,2010,JNAPA81H1AAN,J,N,A,P,A,8,1,H,1,A,A,N,0,T,UD,UD6,TB,10,17,,6,0,0,UDS,D,,,6,469,,,,,00000,00,,42,0,12,00638701,1200638701,2,1,1,1,0,0,0,0,0,0,0,40,0,0,0,12,12,6,2,42,0,0,0,1,12,33027,6,1,0,0,3,0,70,999,0,0,0,1,0,2,2009,2,2009,0,0,0,0,0,2,2,40,1,1,8,1,4,3,1,66,1,1,1,86,0,0
12,121714,1,2,2,2,10,19,48,12,6,1,0,12,1,72,706,72706,80,1997,1HD1BJL49VY0,1,H,D,1,B,J,L,4,9,V,Y,0,0,M,HD,STC,RS,97,17,,,,,,,1340,,2,,4,704,,,,,,,0,0,000000000,00000000000,0,0,0,1,0,0,0,0,0,0,0,15,0,0,0,12,12,6,2,12,0,0,0,1,12,34243,6,1,0,0,3,3,72,999,0,0,0,0,0,0,0,0,0,0,38,0,0,0,2,2,40,1,1,8,1,3,3,11,10,1,1,1,68,1,1
12,121714,2,2,1,2,10,19,48,12,6,1,0,12,1,41,37,41037,4,2000,1YVGF22C8Y51,1,Y,V,G,F,2,2,C,8,Y,5,1,0,P,MAZD,U6X,4D,0,17,2864,,0,1051,,G,,F,4,122,,,15R185,,,,,,0,0,000000000,00000000000,0,0,0,1,0,0,0,0,0,0,0,35,0,0,0,62,62,6,2,12,0,0,0,1,12,33711,6,1,0,0,3,3,70,999,0,0,0,1,0,1,2011,1,2011,0,0,0,0,0,2,2,40,1,1,8,1,3,3,1,62,1,1,1,69,0,0
12,121715,1,2,1,9,10,20,13,12,6,1,0,12,1,49,401,49401,14,2010,JTEBU5JR0A50,J,T,E,B,U,5,J,R,0,A,5,0,0,P,TOYT,RUN,UT,10,17,4675,,0,1098,,G,,F,6,244,,,17R265,,,,,,0,0,000000000,00000000000,0,0,0,1,0,0,0,0,0,0,0,20,0,0,0,81,81,6,2,12,0,0,0,1,12,33142,6,1,0,0,3,0,69,999,0,0,0,0,0,0,0,0,0,0,38,0,0,0,2,3,35,1,1,8,1,0,0,10,11,1,1,2,70,0,1
12,121715,2,2,1,9,10,20,13,12,6,1,0,12,1,73,709,73709,80,2009,JKBZXNC1X9A0,J,K,B,Z,X,N,C,1,X,9,A,0,0,M,KAWK,X4C,RC,9,17,,,,,,,1352,,4,,4,567,,,,,,,0,0,000000000,00000000000,0,0,0,1,0,0,0,0,0,0,0,60,0,0,0,12,12,6,2,12,0,0,0,1,12,33142,6,1,6,0,3,0,67,999,0,1,0,1,2,6,2011,7,2011,1,0,0,0,0,2,3,35,1,1,8,1,0,0,1,61,1,1,1,71,1,1
12,121716,1,2,2,10,10,6,39,12,6,1,1,12,4,7,24,7024,4,2011,2B3CL3CG5BH5,2,B,3,C,L,3,C,G,5,B,H,5,0,P,DODG,CHA,4D,11,17,3961,,0,1200,,F,,F,6,220,,,17R215,,,,,,0,0,000000000,00000000000,0,0,0,1,0,0,0,0,0,0,0,999,0,0,0,12,12,6,2,12,0,0,0,1,99,99999,9,9,99,9,9,9,999,999,99,99,99,99,99,99,9999,99,9999,0,39,0,0,0,4,3,30,1,1,8,1,3,3,1,17,1,1,1,88,0,0
12,121716,2,2,2,10,10,6,39,12,6,1,0,12,1,12,401,12401,14,2002,1FMZU63E02UB,1,F,M,Z,U,6,3,E,0,2,U,B,0,P,FORD,EPR,UT,2,17,4163,,0,1137,,G,,F,6,245,,,16R235,,,,,,0,0,000000000,00000000000,0,0,0,1,0,0,0,0,0,0,0,999,0,0,0,9,9,6,2,12,0,0,0,1,12,33147,6,1,0,0,3,0,66,999,0,0,0,0,0,0,0,0,0,0,0,0,0,0,4,2,30,1,1,8,1,3,3,1,66,1,1,1,89,1,0
12,121717,1,1,2,19,10,22,40,24,0,1,0,12,1,7,20,7020,4,2003,1B3ES66S43D2,1,B,3,E,S,6,6,S,4,3,D,2,0,P,DODG,NR4,4D,3,17,2869,,0,1040,,G,,T,4,146,,,15R185,,,,,,0,0,000000000,00000000000,0,0,0,1,0,0,0,0,0,0,0,70,0,0,0,8,8,6,2,24,0,0,0,1,12,33125,6,1,0,0,3,0,66,999,0,0,0,0,0,0,0,0,0,0,36,0,0,0,3,3,55,1,1,8,1,0,0,15,13,1,3,4,2,1,0
12,121718,1,1,1,22,10,23,6,8,0,1,0,12,3,12,16,12016,4,2008,2FAFP71V78X1,2,F,A,F,P,7,1,V,7,8,X,1,0,P,FORD,CVP,4D,8,17,0,,0,1146,,F,,F,8,281,,,17R235,,,,,,0,0,000000000,00000000000,0,0,0,1,0,0,0,0,0,0,0,30,0,0,0,12,12,2,3,8,0,0,0,1,12,33156,6,1,6,0,3,0,70,999,0,0,0,0,0,0,0,0,0,0,0,0,0,0,2,3,45,1,1,8,1,0,0,1,80,1,1,1,13,0,0
12,121719,1,2,1,24,10,15,1,12,2,1,0,12,1,49,401,49401,14,1997,JT3HN86R1V00,J,T,3,H,N,8,6,R,1,V,0,0,0,P,TOYT,RUN,UT,97,17,3850,,0,1053,,G,,F,6,206,,,15R225,,,,,,0,0,000000000,00000000000,0,0,0,1,0,0,0,0,0,0,0,40,0,1,3,12,98,6,2,12,0,0,0,1,12,32701,6,1,0,0,3,0,70,999,0,0,0,0,0,0,0,0,0,0,38,0,0,0,2,3,40,1,1,8,1,0,0,1,73,99,1,2,84,1,0
12,121719,2,2,1,24,10,15,1,12,2,1,0,12,1,12,461,12461,21,2003,1FTRE14223HB,1,F,T,R,E,1,4,2,2,3,H,B,0,T,FORD,15V,CG,3,17,,2,0,1380,VAN,G,,,6,256,,,,B,00000,00,E,42,0,0,000000000,00000000000,0,0,0,1,0,0,0,0,0,0,0,10,0,0,0,12,12,4,3,12,0,0,0,1,12,32828,6,1,0,0,3,0,72,999,0,0,0,1,0,5,2010,5,2010,0,0,0,0,0,8,8,98,1,1,8,1,0,0,1,98,1,1,1,84,0,0
12,121720,1,1,1,26,10,21,15,8,0,1,0,18,3,51,881,51881,66,2009,4V4MC9DF69N4,4,V,4,M,C,9,D,F,6,9,N,4,1,T,VOLV,VNM,TR,9,17,,8,0,0,VVN,D,,,6,671,,,,,00000,00,,64,1,18,175852,18175852,3,6,1,1,0,0,0,0,0,0,0,25,0,0,0,12,12,4,1,8,0,0,0,1,12,34473,6,1,6,0,3,0,76,999,0,0,0,0,1,8,2009,8,2009,0,0,0,0,0,5,4,45,1,1,8,1,0,0,1,80,8,1,1,13,0,0
12,121721,1,5,1,18,10,21,30,12,1,1,0,12,2,76,706,76706,80,2003,JYARN07E23A0,J,Y,A,R,N,0,7,E,2,3,A,0,0,M,YAMA,FZS,RC,3,17,,,,,,,998,,4,,4,999,,,,,,,0,0,000000000,00000000000,0,0,0,1,0,0,0,0,0,0,0,65,0,0,0,12,12,6,2,12,0,0,0,1,12,33062,6,1,0,0,3,3,78,999,0,0,0,1,0,3,2009,3,2009,0,36,0,0,0,2,6,65,1,1,8,2,0,0,1,51,1,1,1,24,1,1
12,121721,2,5,1,18,10,21,30,12,1,1,0,12,1,34,34,34034,4,2006,WBAVB13536PT,W,B,A,V,B,1,3,5,3,6,P,T,0,P,BMW,325,4D,6,17,3285,,0,1087,,G,,F,6,182,,,16R205,,,,,,0,0,000000000,00000000000,0,0,0,1,0,0,0,0,0,0,0,65,0,0,0,6,6,6,2,12,0,0,0,1,12,33016,6,1,0,0,3,0,63,999,0,0,0,0,0,0,0,0,0,0,0,0,0,0,2,6,65,1,1,8,2,0,0,1,53,1,1,1,25,0,0
12,121721,3,5,2,18,10,21,30,12,1,1,0,12,2,55,401,55401,14,2005,KM8SC13E15U8,K,M,8,S,C,1,3,E,1,5,U,8,0,P,HYUN,SAN,UT,5,17,3549,,0,1031,,G,,F,6,213,,,16R225,,,,,,0,0,000000000,00000000000,0,0,0,1,0,0,0,0,0,0,0,65,0,0,0,12,12,6,2,12,0,0,0,1,12,33076,6,1,0,0,3,0,62,999,0,0,0,1,0,12,2009,12,2009,0,0,0,0,0,2,6,65,1,1,8,2,0,0,1,60,1,1,1,98,0,0
12,121721,4,5,4,18,10,21,30,12,1,1,0,12,2,49,422,49422,15,2004,5TDBT48AX4S2,5,T,D,B,T,4,8,A,X,4,S,2,0,P,TOYT,SEQ,UT,4,17,5295,,0,1181,,G,,F,8,285,,,17R265,,,,,,0,0,000000000,00000000000,0,0,0,1,0,0,0,0,0,0,0,65,0,0,0,14,14,4,3,12,0,0,0,1,12,33027,6,1,0,0,3,0,61,999,0,0,0,0,1,2,2010,2,2010,0,0,0,0,0,2,6,65,1,1,8,2,0,0,1,98,1,1,1,98,0,0
12,121721,5,5,1,18,10,21,30,12,1,1,0,12,1,37,421,37421,15,2003,2HKYF18483H5,2,H,K,Y,F,1,8,4,8,3,H,5,0,P,HOND,PIL,UT,3,17,4439,,0,1063,,G,,F,6,212,,,16R235,,,,,,0,0,000000000,00000000000,0,0,0,1,0,0,0,0,0,0,0,65,0,0,0,12,12,4,3,12,0,0,0,1,12,33025,6,1,0,0,3,0,66,999,0,0,0,1,0,12,2009,12,2009,0,0,0,0,0,2,6,65,1,1,8,2,0,0,1,51,1,1,1,98,0,0
12,121722,1,1,2,24,10,15,45,9,0,1,0,12,3,98,882,98882,63,2006,4P1CU01S96A0,4,P,1,C,U,0,1,S,9,6,A,0,0,U,,,,6,17,,,,,,,,,,,,,,,,,,,0,88,888888888,88888888888,3,2,2,1,0,0,0,0,0,0,0,10,0,0,0,5,5,0,1,9,0,0,0,1,12,32750,6,1,0,0,3,0,71,999,0,0,0,0,0,0,0,0,0,0,0,0,0,0,1,2,30,1,1,8,1,0,0,10,83,1,1,1,13,0,0
12,121723,1,1,1,26,10,10,54,9,0,1,0,12,3,58,37,58037,4,2011,JN1CV6AP3BM5,J,N,1,C,V,6,A,P,3,B,M,5,0,P,INFI,GBS,4D,11,17,3501,,0,1122,,G,,F,6,226,,,17R225,,,,,,0,0,000000000,00000000000,0,0,0,1,0,0,0,0,0,0,0,40,0,0,0,11,11,4,1,9,0,0,0,1,42,16801,6,1,0,0,3,3,63,999,0,0,0,0,0,0,0,0,0,0,0,0,0,0,5,2,45,1,1,8,1,0,0,1,83,1,1,1,13,0,0
12,121724,1,2,1,29,10,22,25,12,2,1,0,12,1,7,20,7020,4,2004,1B3ES56C54D5,1,B,3,E,S,5,6,C,5,4,D,5,0,P,DODG,NXT,4D,4,17,2634,,0,1040,,G,,F,4,122,,,15R185,,,,,,0,0,000000000,00000000000,0,0,0,1,0,0,0,0,0,0,0,55,0,0,0,12,12,6,2,12,0,0,0,1,12,32118,6,1,0,0,3,3,68,999,0,0,0,1,1,4,2011,5,2011,0,50,51,0,0,1,2,60,1,1,8,1,0,0,1,10,1,1,2,50,0,0
12,121724,2,2,2,29,10,22,25,12,2,1,0,12,1,12,401,12401,14,2000,1FMZU62X0YZB,1,F,M,Z,U,6,2,X,0,Y,Z,B,0,P,FORD,EPR,UT,0,17,3865,,0,1116,,G,,F,6,245,,,15R235,,,,,,0,0,000000000,00000000000,0,0,0,1,0,0,0,0,0,0,0,55,0,0,0,12,12,6,2,12,0,0,0,1,12,32110,6,1,0,0,3,3,69,999,0,3,0,2,0,3,2009,3,2011,0,0,0,0,0,1,2,60,1,1,8,1,0,0,1,62,1,1,1,51,1,0
12,121725,1,2,1,29,10,20,12,12,2,1,0,12,2,7,20,7020,4,2003,1B3ES26C43D1,1,B,3,E,S,2,6,C,4,3,D,1,0,P,DODG,SEN,4D,3,17,2587,,0,1040,,G,,F,4,122,,,14R175,,,,,,0,0,000000000,00000000000,0,0,0,1,0,0,0,0,0,0,0,55,0,0,0,12,12,6,2,12,0,0,0,1,12,32967,0,0,0,0,0,0,999,999,0,0,0,0,0,0,0,0,0,0,51,0,0,0,1,2,35,1,1,8,1,0,0,1,54,1,1,1,50,1,1
12,121725,2,2,2,29,10,20,12,12,2,1,0,12,3,20,9,20009,2,2011,2G1FC1ED1B91,2,G,1,F,C,1,E,D,1,B,9,1,0,P,CHEV,CLT,CP,11,17,3750,,0,1123,,G,,F,6,220,,,19R245,,,,,,0,0,000000000,00000000000,0,0,0,1,0,0,0,0,0,0,0,35,0,0,0,12,12,6,2,12,0,0,0,1,12,32958,6,1,0,0,3,3,64,999,0,0,0,0,1,7,2009,7,2009,0,0,0,0,0,1,2,35,1,1,8,1,0,0,1,54,1,1,1,51,0,0
12,121726,1,1,1,30,10,23,54,8,0,1,0,12,1,12,481,12481,31,2005,1FTRF12W35NB,1,F,T,R,F,1,2,W,3,5,N,B,0,T,FORD,F15,PK,5,17,,2,1450,1260,COF,G,,,8,281,,,,B,4615,02,U,42,0,0,000000000,00000000000,0,0,0,1,0,0,0,0,0,0,0,45,0,0,0,62,62,4,1,8,0,0,0,1,12,33990,6,1,0,0,3,3,70,999,0,0,0,0,0,0,0,0,0,0,0,0,0,0,1,2,60,1,1,8,1,0,0,1,80,1,1,1,13,0,0
12,121727,1,2,1,30,10,2,5,12,6,1,0,12,1,12,401,12401,14,1996,1FMDU32X4TUA,1,F,M,D,U,3,2,X,4,T,U,A,0,P,FORD,EPR,UT,96,17,3952,,0,1115,,G,,F,6,245,,,15R225,,,,,,0,0,000000000,00000000000,0,0,0,1,0,0,0,0,0,0,0,55,0,0,0,12,12,6,2,12,0,0,0,1,12,32277,6,1,0,0,3,0,63,999,0,0,0,0,0,0,0,0,0,0,39,0,0,0,2,2,45,1,1,8,1,3,3,1,17,1,1,1,83,0,1
12,121727,2,2,2,30,10,2,5,12,6,1,0,12,2,14,6,14006,4,1997,2MELM75W2VX6,2,M,E,L,M,7,5,W,2,V,X,6,0,P,MERC,MGL,4D,97,17,3796,,0,1144,,G,,F,8,281,,,15R215,,,,,,0,0,000000000,00000000000,0,0,0,1,0,0,0,0,0,0,0,20,0,0,0,9,9,6,2,12,0,0,0,1,12,32217,6,1,0,0,3,0,61,999,0,1,0,0,0,2,2011,2,2011,0,0,0,0,0,2,2,45,1,1,8,1,3,3,11,66,1,1,1,82,2,1
12,121728,1,2,1,31,10,7,14,8,0,1,0,12,1,37,32,37032,4,2001,1HGCF86681A1,1,H,G,C,F,8,6,6,8,1,A,1,0,P,HOND,UVP,4D,1,17,3009,,0,1069,,G,,F,4,138,,,14R195,,,,,,0,0,000000000,00000000000,0,0,0,1,0,0,0,0,0,0,0,45,0,0,0,12,12,4,3,8,0,0,0,1,12,32808,6,1,0,0,3,0,60,999,0,0,0,0,0,0,0,0,0,0,0,0,0,0,2,3,45,1,1,8,1,0,0,1,80,1,1,1,13,0,0
12,121728,2,2,1,31,10,7,14,8,0,1,1,12,1,49,40,49040,4,2011,4T1BF3EK1BU1,4,T,1,B,F,3,E,K,1,B,U,1,0,P,TOYT,CBA,4D,11,17,3263,,0,1093,,G,,F,4,152,,,16R215,,,,,,0,0,000000000,00000000000,0,0,0,1,0,0,0,0,0,0,0,40,0,0,0,12,12,4,3,8,0,0,0,1,12,32818,6,1,0,0,3,0,61,999,0,0,0,0,0,0,0,0,0,0,0,0,0,0,2,3,45,1,1,8,1,0,0,1,80,1,1,1,98,0,0
12,121729,1,2,1,24,6,13,37,9,0,1,0,12,1,12,13,12013,4,1994,3FARP13J1RR1,3,F,A,R,P,1,3,J,1,R,R,1,0,P,FORD,EST,4D,94,17,2371,,0,984,,G,,F,4,113,,,14R175,,,,,,0,0,000000000,00000000000,0,0,0,1,0,0,0,0,0,0,0,998,0,0,0,12,12,6,2,9,0,0,0,1,12,33805,6,1,0,0,3,3,71,999,0,0,0,0,1,6,2011,6,2011,0,39,0,0,0,2,2,55,1,1,8,1,3,3,1,83,99,1,1,13,0,0
12,121729,2,2,1,24,6,13,37,9,0,1,0,12,1,24,1,24001,4,1998,1G8ZK5273WZ2,1,G,8,Z,K,5,2,7,3,W,Z,2,0,P,STRN,SL2,4D,98,17,2422,,0,1024,,G,,F,4,116,,,15R185,,,,,,0,0,000000000,00000000000,0,0,0,1,0,0,0,0,0,0,0,998,0,0,0,12,12,4,1,9,0,0,0,1,12,33801,6,1,0,0,3,3,64,999,0,0,0,0,0,0,0,0,0,0,0,0,0,0,2,2,55,1,1,8,1,0,0,5,83,1,1,1,98,0,0
12,121730,1,1,1,16,9,6,9,8,0,1,0,12,3,98,988,98988,52,2005,1N90401715A1,1,N,9,0,4,0,1,7,1,5,A,1,0,U,,,,5,17,,,,,,,,,,,,,,,,,,,0,88,888888888,88888888888,3,21,22,1,0,0,0,0,6,0,0,10,0,0,0,12,12,4,3,8,0,0,0,1,12,33054,6,1,6,3,3,3,71,999,0,0,0,0,0,0,0,0,0,0,0,0,0,0,5,2,30,1,1,8,1,3,3,10,80,1,1,1,13,0,0
12,121731,1,1,2,17,9,21,16,8,0,1,0,12,2,37,31,37031,2,1997,1HGEJ722XVL1,1,H,G,E,J,7,2,2,X,V,L,1,0,P,HOND,UCH,CP,97,17,2337,,0,1032,,G,,F,4,097,,,14R185,,,,,,0,0,000000000,00000000000,0,0,0,1,0,0,0,0,0,0,0,40,0,0,0,12,12,4,3,8,0,0,0,1,12,33167,6,1,0,0,3,0,71,999,0,0,0,1,1,10,2008,1,2011,0,0,0,0,0,2,3,40,1,1,8,1,3,3,1,80,1,1,1,13,0,0
12,121732,1,2,1,29,9,21,0,25,0,1,0,12,1,76,709,76709,80,2009,JYAVP27E39A0,J,Y,A,V,P,2,7,E,3,9,A,0,0,M,YAMA,9CU,RS,9,17,,,,,,,1854,,2,,4,692,,,,,,,0,0,000000000,00000000000,0,0,0,1,0,0,0,0,0,0,0,35,0,0,0,12,12,6,2,25,0,0,0,1,12,33147,6,1,6,0,3,0,72,999,0,0,0,0,0,0,0,0,0,0,0,0,0,0,6,1,35,2,5,8,1,0,0,14,12,1,1,4,6,1,0
12,121732,2,2,1,29,9,21,0,25,0,1,0,12,4,12,461,12461,21,2010,1FTNE1EW2ADA,1,F,T,N,E,1,E,W,2,A,D,A,0,T,FORD,15V,CG,10,17,,2,0,1380,VAN,G,,,8,281,,,,B,4690,00,E,42,0,0,000000000,00000000000,0,0,0,1,0,0,0,0,0,0,0,0,0,0,0,7,7,2,1,12,0,0,0,1,12,33142,9,9,99,9,9,9,999,999,99,99,99,99,99,99,9999,99,9999,0,0,0,0,0,2,3,45,1,1,8,1,3,3,5,98,1,1,1,98,0,0
12,121733,1,1,2,9,10,21,58,1,0,1,0,12,1,20,471,20471,30,1999,1GCCS19W7X81,1,G,C,C,S,1,9,W,7,X,8,1,0,T,CHEV,S14,PC,99,17,,1,0,1229,S,G,,,6,262,,,,B,3216,00,,42,0,0,000000000,00000000000,0,0,0,1,0,0,0,0,0,0,0,999,0,2,5,0,0,6,2,2,0,0,1,1,12,33458,6,1,0,0,3,0,66,999,0,0,0,1,0,9,2009,9,2009,0,36,0,0,0,3,2,45,2,5,8,1,0,0,14,12,1,1,4,6,1,1
12,121735,1,1,3,5,8,21,13,8,0,1,0,12,2,23,481,23481,31,2001,2GTEC19VX113,2,G,T,E,C,1,9,V,X,1,1,3,0,T,GMC,NC1,PC,1,17,,2,1575,1435,SIE,G,,,8,293,,,,B,4413,00,U,42,0,0,000000000,00000000000,0,0,0,1,0,0,0,0,0,0,0,45,0,0,0,12,12,4,3,8,0,0,0,1,12,33545,6,1,0,0,3,0,66,999,0,0,0,0,0,0,0,0,0,0,0,0,0,0,2,2,45,1,1,8,1,0,0,1,80,1,1,1,13,0,0
12,121736,1,1,2,4,9,4,14,38,0,1,0,12,2,53,705,53705,80,2005,JS1GN7CA2521,J,S,1,G,N,7,C,A,2,5,2,1,0,M,SUZI,GSK,RC,5,17,,,,,,,599,,4,,4,355,,,,,,,0,0,000000000,00000000000,0,0,0,1,0,0,0,0,0,0,0,80,0,0,0,12,12,6,2,38,0,0,0,1,12,33027,6,1,0,0,3,0,70,999,0,0,0,1,3,6,2009,5,2011,1,50,28,0,0,5,2,35,1,1,8,2,28,3,1,12,1,1,4,6,2,1
12,121737,1,1,1,12,10,20,3,8,0,1,0,48,2,12,17,12017,4,2005,1FAFP53U25A2,1,F,A,F,P,5,3,U,2,5,A,2,0,P,FORD,TSE,4D,5,17,3306,,0,1085,,G,,F,6,182,,,16R215,,,,,,0,0,000000000,00000000000,0,0,0,1,0,0,0,0,0,0,0,45,0,0,0,12,12,4,3,8,0,0,0,1,12,33909,1,1,0,0,2,3,69,999,0,1,0,0,0,1,2011,1,2011,0,0,0,0,0,2,2,45,1,1,8,1,0,0,1,80,8,1,1,13,0,0
12,121738,1,2,1,15,10,18,45,12,6,1,0,12,1,53,404,53404,14,2006,JS3TE9439641,J,S,3,T,E,9,4,3,9,6,4,1,0,P,SUZI,GVT,UT,6,17,3452,,0,1039,,G,,F,6,164,,,16R225,,,,,,0,0,000000000,00000000000,0,0,0,1,0,0,0,0,0,0,0,5,0,0,0,62,98,6,2,12,0,0,0,1,12,34601,6,1,0,0,3,3,66,999,1,0,0,0,0,5,2010,5,2010,0,38,0,0,0,1,2,50,1,1,8,1,0,0,11,15,1,1,1,82,0,0
12,121738,2,2,1,15,10,18,45,12,6,1,0,12,2,72,706,72706,80,2006,1HD4CMM166K4,1,H,D,4,C,M,M,1,6,6,K,4,0,M,HD,XLL,RS,6,17,,,,,,,883,,2,,4,555,,,,,,,0,0,000000000,00000000000,0,0,0,1,0,0,0,0,0,0,0,50,0,0,0,12,98,6,2,12,0,0,0,1,12,34446,6,1,0,0,3,0,68,999,0,0,0,0,0,0,0,0,0,0,0,0,0,0,1,2,50,1,1,8,1,0,0,1,67,1,1,1,83,1,0
12,121739,1,3,1,19,10,16,42,12,8,1,0,12,1,73,709,73709,80,2006,JKBVNKG126A0,J,K,B,V,N,K,G,1,2,6,A,0,0,M,KAWK,V6G,RS,6,17,,,,,,,1552,,2,,4,772,,,,,,,0,0,000000000,00000000000,0,0,0,1,0,0,0,0,0,0,0,55,0,0,0,82,82,6,2,1,0,0,0,1,12,34601,6,1,0,0,3,0,68,999,0,0,0,2,0,11,2008,11,2010,0,36,0,0,0,1,2,45,1,1,8,1,0,0,1,11,6,1,1,64,1,0
12,121739,2,3,2,19,10,16,42,12,8,1,0,12,2,20,2,20002,4,2000,2G1WF55E0Y91,2,G,1,W,F,5,5,E,0,Y,9,1,0,P,CHEV,IMP,4D,0,17,3389,,0,1110,,G,,F,6,207,,,16R225,,,,,,0,0,000000000,00000000000,0,0,0,1,0,0,0,0,0,0,0,40,0,0,0,63,63,4,3,12,0,0,0,1,12,34452,6,1,0,0,3,0,62,999,0,0,0,0,0,0,0,0,0,0,0,0,0,0,1,2,45,1,1,8,1,0,0,2,63,1,1,1,65,0,0
12,121739,3,3,1,19,10,16,42,12,8,1,0,12,1,20,481,20481,31,2005,1GCHC29245E3,1,G,C,H,C,2,9,2,4,5,E,3,0,T,CHEV,2CH,4C,5,17,,2,1575,1435,SIL,D,,,8,403,,,,C,5402,00,,42,0,0,000000000,00000000000,0,0,0,1,0,0,0,0,0,0,0,5,0,0,0,63,63,2,1,12,0,0,0,1,12,34614,6,1,6,0,3,0,71,999,0,0,0,1,0,4,2009,4,2009,0,0,0,0,0,1,2,15,1,1,8,1,0,0,1,61,1,1,1,98,0,0