STATE,ST_CASE,VEH_NO,VE_FORMS,NUMOCCS,DAY,MONTH,HOUR,MINUTE,HARM_EV,MAN_COLL,UNITTYPE,HIT_RUN,REG_STAT,OWNER,MAKE,MODEL,MAK_MOD,BODY_TYP,MOD_YEAR,VIN,VIN_1,VIN_2,VIN_3,VIN_4,VIN_5,VIN_6,VIN_7,VIN_8,VIN_9,VIN_10,VIN_11,VIN_12,TOW_VEH,VINTYPE,VINMAKE,VINA_MOD,VIN_BT,VINMODYR,VIN_LNGT,VIN_WGT,WGTCD_TR,WHLBS_LG,WHLBS_SH,SER_TR,FUELCODE,MCYCL_DS,CARBUR,CYLINDER,DISPLACE,MCYCL_CY,MCYCL_WT,TIRE_SZE,TON_RAT,TRK_WT,TRKWTVAR,VIN_REST,WHLDRWHL,J_KNIFE,MCARR_I1,MCARR_I2,MCARR_ID,GVWR,V_CONFIG,CARGO_BT,HAZ_INV,HAZ_PLAC,HAZ_ID,HAZ_CNO,HAZ_REL,BUS_USE,SPEC_USE,EMER_USE,TRAV_SP,UNDERIDE,ROLLOVER,ROLINLOC,IMPACT1,IMPACT2,DEFORMED,TOWED,M_HARM,VEH_SC1,VEH_SC2,FIRE_EXP,DR_PRES,L_STATE,DR_ZIP,L_STATUS,L_TYPE,CDL_STAT,L_ENDORS,L_COMPL,L_RESTRI,DR_HGT,DR_WGT,PREV_ACC,PREV_SUS,PREV_DWI,PREV_SPD,PREV_OTH,FIRST_MO,FIRST_YR,LAST_MO,LAST_YR,SPEEDREL,DR_SF1,DR_SF2,DR_SF3,DR_SF4,VTRAFWAY,VNUM_LAN,VSPD_LIM,VALIGN,VPROFILE,VPAVETYP,VSURCOND,VTRAFCON,VTCONT_F,P_CRASH1,P_CRASH2,P_CRASH3,PCRASH4,PCRASH5,ACC_TYPE,DEATHS,DR_DRINK
12,121740,1,1,2,25,10,12,0,8,0,1,0,12,1,20,481,20481,31,2005,2GCEC19T4512,2,G,C,E,C,1,9,T,4,5,1,2,0,T,CHEV,SC1,4C,5,17,,2,1575,1435,SIL,G,,,8,323,,,,B,4555,00,,42,0,0,000000000,00000000000,0,0,0,1,0,0,0,0,0,0,0,999,0,0,0,12,12,4,3,8,0,0,0,1,12,32424,6,1,0,0,3,0,64,999,1,0,0,0,0,9,2010,9,2010,0,86,0,0,0,1,2,99,2,1,8,1,0,0,14,80,6,1,1,13,0,0
12,121741,1,1,1,2,11,0,0,8,0,1,0,12,1,34,34,34034,1,1995,WBABJ6327SJD,W,B,A,B,J,6,3,2,7,S,J,D,0,P,BMW,3CA,CV,95,17,3429,,0,1063,,G,,F,6,152,,,15R205,,,,,,0,0,000000000,00000000000,0,0,0,1,0,0,0,0,0,0,0,50,0,0,0,12,12,6,2,8,0,0,0,1,12,32127,6,1,0,0,3,3,70,999,0,0,0,0,0,0,0,0,0,0,0,0,0,0,1,2,55,1,1,8,1,28,3,1,80,1,1,1,13,0,0
12,121743,1,1,2,4,11,0,47,11,0,1,0,12,1,53,706,53706,80,2005,JS1GT76A4521,J,S,1,G,T,7,6,A,4,5,2,1,0,M,SUZI,XR1,RC,5,17,,,,,,,999,,4,,4,365,,,,,,,0,0,000000000,00000000000,0,0,0,1,0,0,0,0,0,0,0,84,0,0,0,12,12,6,2,11,0,0,0,1,12,33872,1,1,0,0,2,0,70,999,1,4,0,0,0,3,2009,9,2011,1,0,0,0,0,1,2,45,1,1,8,1,0,0,1,87,1,1,1,13,1,1
12,121744,1,1,1,11,6,6,10,3,0,1,0,12,1,12,3,12003,2,2002,1FAFP40492F1,1,F,A,F,P,4,0,4,9,2,F,1,0,P,FORD,MUS,CP,2,17,3066,,0,1013,,G,,F,6,232,,,16R225,,,,,,0,0,000000000,00000000000,0,0,0,1,0,0,0,0,0,0,0,85,0,0,0,0,0,6,2,3,0,0,0,1,12,33020,6,1,0,0,3,0,67,999,0,0,0,0,1,4,2011,4,2011,1,36,0,0,0,1,2,40,1,1,8,1,0,0,1,12,99,1,4,0,1,0
12,121745,1,1,1,25,6,21,49,8,0,1,0,12,2,20,422,20422,15,2008,1GNFC16J18J2,1,G,N,F,C,1,6,J,1,8,J,2,0,P,CHEV,C15,UT,8,17,5607,,0,1300,,G,,F,8,323,,,17R265,,,,,,0,0,000000000,00000000000,0,0,0,1,0,0,0,0,0,0,0,40,0,0,0,12,12,6,2,8,0,0,0,1,12,33312,6,1,0,0,3,0,65,999,0,0,0,0,0,0,0,0,0,0,0,0,0,0,2,3,45,1,1,8,2,3,3,1,80,1,1,1,13,0,0
12,121746,1,1,1,24,10,20,30,8,0,1,0,12,3,98,981,98981,52,1999,4RKMNTGAXXR8,4,R,K,M,N,T,G,A,X,X,R,8,0,U,,,,99,17,,,,,,,,,,,,,,,,,,,0,77,777777777,77777777777,3,21,22,1,0,0,0,0,6,0,0,10,0,0,0,1,1,4,1,8,0,0,0,1,12,32205,6,1,6,3,3,3,64,999,0,0,0,0,0,0,0,0,0,0,36,0,0,0,1,2,30,1,1,8,1,0,0,1,13,1,1,4,13,0,0
12,121747,1,1,1,26,8,0,33,8,0,1,1,99,9,99,999,99999,99,9999,999999999999,9,9,9,9,9,9,9,9,9,9,9,9,0,,,,,,,,,,,,,,,,,,,,,,,,,0,0,000000000,00000000000,0,0,0,1,0,0,0,0,0,0,0,999,0,0,0,11,11,4,1,8,0,0,0,1,99,99999,9,9,99,9,9,9,999,999,99,99,99,99,99,99,9999,99,9999,9,0,0,0,0,1,2,30,1,1,8,1,0,0,1,80,1,1,1,13,0,0
12,121748,1,2,2,24,10,12,40,12,6,1,0,13,1,49,46,49046,4,2008,JTDKB20U4833,J,T,D,K,B,2,0,U,4,8,3,3,0,P,TOYT,PRI,4H,8,17,2932,,0,1063,,B,,F,4,091,,,15R185,,,,,,0,0,000000000,00000000000,0,0,0,1,0,0,0,0,0,0,0,10,0,0,0,9,9,6,2,12,36,0,0,1,13,39834,6,1,0,0,3,0,70,999,98,0,0,0,0,0,0,0,0,0,38,0,0,0,1,2,35,1,1,8,1,4,3,1,17,1,1,1,89,1,0
12,121748,2,2,2,24,10,12,40,12,6,1,0,12,2,20,16,20016,4,2000,1G1JC5242Y73,1,G,1,J,C,5,2,4,2,Y,7,3,0,P,CHEV,CAV,4D,0,17,2676,,0,1041,,G,,F,4,133,,,14R195,,,,,,0,0,000000000,00000000000,0,0,0,1,0,0,0,0,0,0,0,30,0,0,0,12,12,6,2,12,0,0,0,1,12,32333,6,1,0,0,3,2,63,999,0,0,0,0,0,0,0,0,0,0,74,0,0,0,1,2,35,1,1,8,1,4,3,1,66,1,1,1,88,0,0
12,121749,1,1,2,28,10,22,9,1,0,1,0,12,1,50,706,50706,80,2006,SMT910K176J2,S,M,T,9,1,0,K,1,7,6,J,2,0,M,TRUM,TBN,RS,6,17,,,,,,,865,,2,,4,451,,,,,,,0,0,000000000,00000000000,0,0,0,1,0,0,0,0,0,0,0,30,0,0,0,0,0,4,3,1,0,0,0,1,12,33767,6,1,6,0,3,3,69,999,0,1,0,0,0,4,2010,4,2010,1,0,0,0,0,5,2,45,1,5,8,2,28,3,15,6,1,1,2,98,1,0
12,121750,1,2,1,30,10,3,12,12,1,1,0,12,2,35,48,35048,2,2003,JN1AZ34D13T1,J,N,1,A,Z,3,4,D,1,3,T,1,0,P,NISS,3ZC,CP,3,17,3062,,0,1083,,G,,F,6,214,,,17R225,,,,,,0,0,000000000,00000000000,0,0,0,1,0,0,0,0,0,0,0,0,0,0,0,6,6,6,2,12,0,0,0,1,12,33175,6,1,0,0,3,0,66,999,0,0,0,0,1,3,2009,3,2009,0,54,0,0,0,3,4,55,1,1,8,2,0,0,5,53,1,1,1,21,0,0
12,121750,2,2,5,30,10,3,12,12,1,1,0,12,2,12,401,12401,14,2006,1FMEU64E46UB,1,F,M,E,U,6,4,E,4,6,U,B,0,P,FORD,EPR,UT,6,17,4301,,0,1137,,G,,F,6,244,,,17R245,,,,,,0,0,000000000,00000000000,0,0,0,1,0,0,0,0,0,0,0,70,0,0,0,12,12,6,2,12,0,0,0,1,12,33196,6,1,0,0,3,3,64,999,0,0,0,1,1,2,2010,6,2011,0,0,0,0,0,3,4,55,1,1,8,2,0,0,1,50,1,1,1,20,0,0
12,121751,1,1,3,2,9,11,12,5,0,1,0,12,1,12,471,12471,30,2010,1FTKR4EE7APA,1,F,T,K,R,4,E,E,7,A,P,A,0,T,FORD,RNS,4C,10,17,,1,0,1259,RNG,G,,,6,244,,,,B,3606,00,4,42,0,0,000000000,00000000000,0,0,0,1,0,0,0,0,0,0,0,12,0,0,0,0,0,0,1,5,0,0,0,1,12,33917,6,1,0,0,3,0,67,999,0,0,0,0,0,0,0,0,0,0,0,0,0,0,1,2,15,1,1,8,1,0,0,1,98,1,1,1,0,1,0
12,121753,1,1,2,26,8,23,33,8,0,1,0,12,1,20,421,20421,15,2002,1GNCS13W52K1,1,G,N,C,S,1,3,W,5,2,K,1,0,P,CHEV,BZR,UT,2,17,3718,,0,1070,,G,,F,6,262,,,000000,,,,,,0,0,000000000,00000000000,0,0,0,1,0,0,0,0,0,0,0,40,0,0,0,12,12,6,2,8,0,0,0,1,12,34471,6,1,0,0,3,3,71,999,0,0,0,0,0,0,0,0,0,0,0,0,0,0,2,2,40,1,1,8,1,0,0,1,80,1,1,1,13,0,0
12,121754,1,1,1,3,9,22,25,8,0,1,0,12,1,12,37,12037,4,2008,1FAHP34N88W1,1,F,A,H,P,3,4,N,8,8,W,1,0,P,FORD,FSN,4D,8,17,2623,,0,1029,,G,,F,4,122,,,15R195,,,,,,0,0,000000000,00000000000,0,0,0,1,0,0,0,0,0,0,0,35,0,0,0,12,12,4,3,8,0,0,0,1,12,33317,6,1,0,0,3,3,70,999,0,0,0,0,0,0,0,0,0,0,0,0,0,0,2,3,35,1,1,8,1,0,0,1,80,1,1,1,13,0,0
12,121755,1,2,2,3,9,0,1,12,6,1,1,12,1,49,40,49040,4,1993,4T1SK11E1PU2,4,T,1,S,K,1,1,E,1,P,U,2,0,P,TOYT,CAX,4D,93,17,2943,,0,1031,,G,,F,4,132,,,000000,,,,,,0,0,000000000,00000000000,0,0,0,1,0,0,0,0,0,0,0,35,0,0,0,3,3,6,2,12,0,0,0,1,12,32405,6,1,0,0,3,0,68,999,1,0,0,0,1,1,2011,1,2011,0,36,38,0,0,2,2,45,3,1,8,1,0,0,11,15,1,1,1,68,1,1
12,121755,2,2,1,3,9,0,1,12,6,1,0,12,1,49,401,49401,14,1994,JT3VN29V2R00,J,T,3,V,N,2,9,V,2,R,0,0,0,P,TOYT,RUN,UT,94,17,3820,,0,1033,,G,,F,6,180,,,15R225,,,,,,0,0,000000000,00000000000,0,0,0,1,0,0,0,0,0,0,0,45,0,0,0,12,12,6,2,12,0,0,0,1,12,32408,6,1,0,0,3,3,67,999,0,1,0,0,0,7,2010,7,2010,0,0,0,0,0,2,2,45,2,1,8,1,0,0,14,60,1,1,1,69,0,0
12,121756,1,1,1,4,9,4,21,8,0,1,1,99,9,99,999,99999,99,9999,999999999999,9,9,9,9,9,9,9,9,9,9,9,9,0,,,,,,,,,,,,,,,,,,,,,,,,,0,0,000000000,00000000000,0,0,0,1,0,0,0,0,0,0,0,60,0,0,0,99,99,9,1,8,0,0,0,1,95,0,9,9,99,9,9,9,999,999,99,99,99,99,99,99,9999,99,9999,9,99,99,99,99,1,2,45,1,1,8,1,0,0,1,80,99,1,1,13,0,0
12,121757,1,2,1,12,10,13,29,12,6,1,0,12,1,9,19,9019,4,1989,1P3BA763XKF5,1,P,3,B,A,7,6,3,X,K,F,5,0,P,PLYM,ALX,4D,89,17,2972,,0,1033,,G,,F,6,181,,,15R205,,,,,,0,0,000000000,00000000000,0,0,0,1,0,0,0,0,0,0,0,15,0,0,0,82,82,4,3,12,0,0,0,1,12,33709,6,1,0,0,3,3,66,999,0,0,0,0,0,0,0,0,0,0,0,0,0,0,1,2,25,1,1,8,1,0,0,11,15,1,1,1,68,0,0
12,121757,2,2,1,12,10,13,29,12,6,1,0,12,2,98,701,98701,88,2009,LHJTLB2F09BL,L,H,J,T,L,B,2,F,0,9,B,L,0,U,,,,9,17,,,,,,,,,,,,,,,,,,,0,0,000000000,00000000000,0,0,0,1,0,0,0,0,0,0,0,35,0,0,0,12,12,6,2,12,0,0,0,1,12,33772,1,1,0,0,2,0,68,999,0,3,0,0,0,11,2008,11,2009,0,0,0,0,0,2,3,45,1,1,8,1,0,0,1,17,1,1,1,69,1,0
12,121758,1,1,1,15,10,20,38,8,0,1,0,12,2,63,33,63033,4,2008,KNAFE1217854,K,N,A,F,E,1,2,1,7,8,5,4,0,P,KIA,SXC,4D,8,17,2919,,0,1028,,G,,F,4,122,,,15R195,,,,,,0,0,000000000,00000000000,0,0,0,1,0,0,0,0,0,0,0,25,0,0,0,11,11,4,1,8,0,0,0,1,12,32504,6,1,0,0,3,0,71,999,0,0,0,1,0,1,2010,1,2010,0,0,0,0,0,5,4,35,1,1,8,1,0,0,1,80,9,1,2,13,0,0
12,121759,1,1,1,30,10,3,43,1,0,1,0,12,2,23,461,23461,21,2002,1GDFG15R2212,1,G,D,F,G,1,5,R,2,2,1,2,0,T,GMC,SV1,SV,2,17,,2,0,1350,S/V,G,,,8,350,,,,B,00000,00,E,42,0,0,000000000,00000000000,0,0,0,1,0,0,0,0,0,0,0,55,0,1,5,0,0,6,2,1,0,0,0,1,12,34772,6,1,0,0,3,0,62,999,0,0,0,0,1,4,2011,4,2011,0,28,0,0,0,1,2,55,1,1,8,1,0,0,1,12,6,4,4,7,1,1
12,121760,1,1,1,30,10,2,30,1,0,1,0,12,1,52,46,52046,4,2003,JA3AJ86E63U0,J,A,3,A,J,8,6,E,6,3,U,0,0,P,MITS,LZR,4D,3,17,2701,,0,1024,,G,,F,4,122,,,15R195,,,,,,0,0,000000000,00000000000,0,0,0,1,0,0,0,0,0,0,0,55,0,1,5,0,0,6,2,1,0,0,0,1,12,32327,6,1,6,0,3,0,70,999,0,0,0,0,0,0,0,0,0,0,28,0,0,0,1,2,55,3,1,8,1,0,0,14,12,1,1,4,6,1,1
12,121761,1,1,1,5,11,7,15,42,0,1,0,12,2,37,739,37739,90,2002,999999999999,9,9,9,9,9,9,9,9,9,9,9,9,0,,,,,,,,,,,,,,,,,,,,,,,,,0,0,000000000,00000000000,0,0,0,1,0,0,0,0,0,0,0,30,0,0,0,12,12,6,2,42,0,0,0,1,12,32038,1,1,0,0,2,0,60,999,0,1,0,0,0,5,2011,5,2011,0,0,0,0,0,1,2,30,3,1,8,1,0,0,14,13,1,1,4,1,1,0
12,121762,1,2,2,5,11,13,29,12,6,1,0,12,2,12,422,12422,15,1999,1FMRU1762XLB,1,F,M,R,U,1,7,6,2,X,L,B,0,P,FORD,EPT,UT,99,17,4808,,0,1191,,G,,F,8,281,,,16R255,,,,,,0,0,000000000,00000000000,0,0,0,1,0,0,0,0,0,0,0,10,0,0,0,1,1,4,3,12,0,0,0,1,12,34668,0,0,0,0,0,0,999,999,0,0,0,0,0,0,0,0,0,0,38,0,0,0,2,3,45,1,1,8,1,0,0,11,15,1,1,1,68,0,0
12,121762,2,2,1,5,11,13,29,12,6,1,0,12,1,72,706,72706,80,2008,1HD1KB41X8Y7,1,H,D,1,K,B,4,1,X,8,Y,7,0,M,HD,FHX,RS,8,17,,,,,,,1584,,2,,4,786,,,,,,,0,0,000000000,00000000000,0,0,0,1,0,0,0,0,0,0,0,45,0,0,0,12,12,6,2,12,0,0,0,1,12,34610,6,1,0,0,3,0,65,999,0,0,0,1,0,3,2010,3,2010,0,0,0,0,0,2,3,45,1,1,8,1,0,0,1,62,1,1,1,69,1,0
12,121763,1,2,2,5,11,0,0,12,6,1,0,36,1,37,709,37709,80,1976,GL12011410,G,L,1,2,0,1,1,4,1,0,,,0,M,HOND,GL1,RS,76,10,,,,,,,1000,,4,,4,583,,,,,,,0,0,000000000,00000000000,0,0,0,1,0,0,0,0,0,0,0,30,0,0,0,3,3,6,2,12,0,0,0,1,36,12175,6,1,0,0,3,0,65,999,1,0,0,0,0,5,2011,5,2011,0,38,0,0,0,2,2,45,1,1,8,1,3,3,11,15,1,1,1,68,1,0
12,121763,2,2,1,5,11,0,0,12,6,1,0,12,1,37,32,37032,4,2003,1HGCM56393A0,1,H,G,C,M,5,6,3,9,3,A,0,0,P,HOND,ULX,4D,3,17,3053,,0,1079,,G,,F,4,146,,,15R205,,,,,,0,0,000000000,00000000000,0,0,0,1,0,0,0,0,0,0,0,45,0,0,0,12,12,6,2,12,0,0,0,1,12,33811,6,1,0,0,3,3,70,999,0,0,0,0,0,0,0,0,0,0,0,0,0,0,2,2,45,1,1,8,1,3,3,1,62,1,1,1,69,0,0
12,121764,1,2,1,21,10,17,17,12,6,1,0,12,1,49,40,49040,4,2009,4T1BE46K69U8,4,T,1,B,E,4,6,K,6,9,U,8,0,P,TOYT,CBA,4D,9,17,3263,,0,1090,,G,,F,4,144,,,16R215,,,,,,0,0,000000000,00000000000,0,0,0,1,0,0,0,0,0,0,0,10,0,0,0,2,2,6,2,12,0,0,0,1,12,33068,6,1,0,0,3,0,60,999,1,0,0,0,0,11,2010,11,2010,0,38,0,0,0,2,2,40,1,1,8,1,0,0,11,15,1,1,1,68,1,0
12,121764,2,2,1,21,10,17,17,12,6,1,0,12,1,37,32,37032,2,1997,1HGCD7138VA0,1,H,G,C,D,7,1,3,8,V,A,0,0,P,HOND,ULX,CP,97,17,2754,,0,1069,,G,,F,4,132,,,15R185,,,,,,0,0,000000000,00000000000,0,0,0,1,0,0,0,0,0,0,0,40,0,0,0,12,12,6,2,12,0,0,0,1,12,33068,6,1,0,0,3,0,65,999,0,1,0,0,0,5,2011,5,2011,0,0,0,0,0,2,2,40,1,1,8,1,0,0,1,62,1,1,1,69,0,0
12,121765,1,1,4,20,8,22,57,42,0,1,1,12,2,37,31,37031,2,1994,1HGEJ1222RL0,1,H,G,E,J,1,2,2,2,R,L,0,0,P,HOND,CEX,CP,94,17,2439,,0,1032,,G,,F,4,097,,,14R185,,,,,,0,0,000000000,00000000000,0,0,0,1,0,0,0,0,0,0,0,90,0,0,0,12,12,6,2,42,0,0,0,1,12,33135,6,1,0,0,3,0,66,999,0,0,0,1,0,8,2009,8,2009,1,36,0,0,0,2,2,40,1,1,8,1,0,0,1,12,1,1,4,6,3,0
12,121766,1,1,1,8,8,9,9,8,0,1,0,12,2,54,39,54039,4,2005,JH4CL96855C0,J,H,4,C,L,9,6,8,5,5,C,0,0,P,ACUR,TSX,4D,5,17,3318,,0,1051,,G,,F,4,146,,,17R215,,,,,,0,0,000000000,00000000000,0,0,0,1,0,0,0,0,0,0,0,999,0,0,0,12,12,4,3,8,0,0,0,1,12,33165,6,1,0,0,3,3,64,999,0,0,0,0,0,0,0,0,0,0,0,0,0,0,1,4,35,1,1,8,1,0,0,1,80,1,1,1,13,0,0
12,121767,1,1,3,18,8,2,33,33,0,1,0,12,1,49,33,49033,2,1996,JT2DB02T3T00,J,T,2,D,B,0,2,T,3,T,0,0,0,P,TOYT,CA5,2H,96,17,2415,,0,999,,G,,F,4,108,,,14R185,,,,,,0,0,000000000,00000000000,0,0,0,1,0,0,0,0,0,0,0,999,0,0,0,1,8,6,2,46,0,0,0,1,12,33177,6,1,0,0,3,0,63,999,0,0,0,0,2,4,2010,8,2010,0,36,0,0,0,3,2,40,1,1,8,1,3,3,1,13,1,4,4,2,1,0
12,121768,1,2,1,18,8,4,44,12,6,1,0,12,1,19,3,19003,4,1996,1G6KD52Y1TU2,1,G,6,K,D,5,2,Y,1,T,U,2,0,P,CADI,DFW,4D,96,17,3758,,0,1138,,G,,F,8,279,,,15R225,,,,,,0,0,000000000,00000000000,0,0,0,1,0,0,0,0,0,0,0,40,0,0,0,12,12,6,2,12,0,0,0,1,12,33025,6,1,0,0,3,0,68,999,0,0,0,0,0,0,0,0,0,0,39,0,0,0,3,2,40,1,1,8,1,3,3,1,17,1,1,1,86,0,1
12,121768,2,2,1,18,8,4,44,12,6,1,0,12,3,12,999,12999,99,2009,FLA63881,F,L,A,6,3,8,8,1,,,,,0,P,FORD,,,9,8,,,,,,,,,,,,,,,,,,,0,0,000000000,00000000000,0,0,0,1,0,0,0,0,0,0,0,40,0,1,5,3,3,6,2,30,0,0,0,1,12,33175,6,1,6,0,3,0,67,999,0,0,0,0,0,0,0,0,0,0,0,0,0,0,3,2,40,1,1,8,1,3,3,1,66,1,1,1,87,1,0
12,121769,1,1,2,29,8,15,48,30,0,1,0,12,2,37,31,37031,2,1991,2HGED6355MH5,2,H,G,E,D,6,3,5,5,M,H,5,0,P,HOND,CID,2H,91,17,1927,,0,984,,G,,F,4,091,,,13R175,,,,,,0,0,000000000,00000000000,0,0,0,1,0,0,0,0,0,0,0,40,0,0,0,1,12,6,2,30,0,0,0,1,12,33176,1,1,0,0,2,0,68,999,0,2,0,0,0,12,2009,9,2010,0,36,0,0,0,1,2,40,1,1,8,1,0,0,1,13,1,1,4,1,1,0
12,121770,1,1,1,8,10,6,55,8,0,1,0,12,1,20,403,20403,14,2006,1GNDS13S6212,1,G,N,D,S,1,3,S,6,2,1,2,0,T,CHEV,LST,4W,6,17,,1,0,1130,TRL,G,,,6,256,,,,B,4417,01,,42,0,0,000000000,00000000000,0,0,0,1,0,0,0,0,0,0,0,999,0,0,0,1,1,4,1,8,0,0,0,1,12,33406,6,1,0,0,3,3,71,999,0,0,0,0,0,0,0,0,0,0,0,0,0,0,1,2,45,1,1,8,1,0,0,1,80,1,1,1,13,0,0
12,121771,1,2,1,14,10,19,25,12,6,1,0,12,1,2,404,2404,14,1999,1J4FT68S4XL5,1,J,4,F,T,6,8,S,4,X,L,5,0,T,JEEP,SPC,4W,99,17,,1,0,1014,CHK,G,,,6,242,,,,,3089,00,E,42,0,0,000000000,00000000000,0,0,0,1,0,0,0,0,0,0,0,15,0,0,0,1,1,4,3,12,0,0,0,1,12,32948,6,1,0,0,3,0,64,999,0,0,0,0,0,0,0,0,0,0,0,0,0,0,5,4,45,1,1,8,1,3,3,11,15,1,1,1,68,0,1
12,121771,2,2,1,14,10,19,25,12,6,1,0,12,1,72,706,72706,80,1991,1HD1FAL10MY5,1,H,D,1,F,A,L,1,0,M,Y,5,0,M,HD,FHS,RS,91,17,,,,,,,1340,,2,,4,692,,,,,,,0,0,000000000,00000000000,0,0,0,1,0,0,0,0,0,0,0,45,0,0,0,12,12,6,2,12,0,0,0,1,12,32962,6,1,0,0,3,0,66,999,0,1,0,0,0,3,2009,3,2009,0,0,0,0,0,5,4,45,1,1,8,1,3,3,1,62,1,1,1,69,1,1
12,121772,1,2,1,25,10,12,10,12,6,1,0,12,1,12,401,12401,14,2004,1FMZU67K04UC,1,F,M,Z,U,6,7,K,0,4,U,C,0,P,FORD,EPR,UT,4,17,4135,,0,1259,,F,,F,6,245,,,16R235,,,,,,0,0,000000000,00000000000,0,0,0,1,0,0,0,0,0,0,0,45,0,1,3,12,12,6,2,1,0,0,0,1,12,33990,6,1,0,0,3,3,68,999,0,0,0,0,1,2,2009,2,2009,0,0,0,0,0,2,3,45,1,1,8,1,3,3,1,17,1,1,1,83,0,0
12,121772,2,2,1,25,10,12,10,12,6,1,0,12,1,37,32,37032,2,2002,1HGCG32562A0,1,H,G,C,G,3,2,5,6,2,A,0,0,P,HOND,UEX,CP,2,17,3082,,0,1051,,G,,F,4,138,,,15R195,,,,,,0,0,000000000,00000000000,0,0,0,1,0,0,0,0,0,0,0,10,0,0,0,9,9,6,2,12,0,0,0,1,12,33901,6,1,0,0,3,3,61,999,0,0,0,0,0,0,0,0,0,0,0,0,0,0,2,2,40,1,1,8,1,3,3,11,66,1,1,1,82,1,0
12,121773,1,1,1,26,10,21,40,59,0,1,0,42,1,72,706,72706,80,2007,1HD1CT3157K4,1,H,D,1,C,T,3,1,5,7,K,4,0,M,HD,20C,RS,7,17,,,,,,,1199,,2,,4,562,,,,,,,0,0,000000000,00000000000,0,0,0,1,0,0,0,0,0,0,0,45,0,0,0,12,11,4,3,59,0,0,0,1,42,19446,1,1,0,0,2,0,71,999,1,2,2,0,0,9,2009,10,2010,0,28,0,0,0,2,3,45,1,1,8,1,0,0,1,12,1,1,4,6,1,1
12,121774,1,1,1,28,10,17,14,1,0,1,0,12,1,2,403,2403,14,2005,1J4FA49S95P3,1,J,4,F,A,4,9,S,9,5,P,3,0,T,JEEP,SPW,2W,5,17,,1,0,934,W/T,G,,,6,244,,,,,3366,00,E,44,0,0,000000000,00000000000,0,0,0,1,0,0,0,0,0,0,0,70,0,1,3,0,98,6,2,1,0,0,0,1,12,32669,6,1,0,0,3,3,71,999,0,0,0,0,0,0,0,0,0,0,36,0,0,0,2,2,70,1,3,8,1,0,0,1,12,1,1,4,6,1,1
12,121775,1,2,3,1,11,20,50,12,6,1,0,12,1,12,17,12017,4,2003,1FAFP52U83A1,1,F,A,F,P,5,2,U,8,3,A,1,0,P,FORD,TAX,4D,3,17,3336,,0,1085,,G,,F,6,182,,,16R215,,,,,,0,0,000000000,00000000000,0,0,0,1,0,0,0,0,0,0,0,998,0,0,0,9,98,6,2,2,0,0,1,1,12,33859,6,1,0,0,3,0,70,999,0,0,0,0,0,0,0,0,0,0,39,0,0,0,1,2,35,1,1,8,1,20,3,1,17,1,1,1,89,1,0
12,121775,2,2,1,1,11,20,50,12,6,1,0,12,1,12,471,12471,30,2006,1FTYR14E86PA,1,F,T,Y,R,1,4,E,8,6,P,A,0,T,FORD,RNS,PC,6,17,,1,0,1260,RNG,G,,,6,244,,,,B,3179,00,U,42,0,0,000000000,00000000000,0,0,0,1,0,0,0,0,0,0,0,998,0,0,0,12,98,6,2,12,0,0,0,1,12,33859,6,1,0,0,3,0,70,999,0,0,0,0,0,0,0,0,0,0,0,0,0,0,1,2,55,1,1,8,1,4,3,1,66,1,1,1,88,0,0
12,121776,1,3,1,3,11,23,35,12,2,1,0,12,1,20,481,20481,31,2005,2GCEK13T5511,2,G,C,E,K,1,3,T,5,5,1,1,0,T,CHEV,SK1,CW,5,17,,2,0,1435,SIL,G,,,8,323,,,,B,5299,00,,44,0,0,000000000,00000000000,0,0,0,1,0,0,0,0,0,0,0,66,0,1,1,12,12,6,2,12,0,0,0,1,12,34951,6,1,0,0,3,0,69,999,0,0,0,0,0,0,0,0,0,1,28,0,0,0,1,2,50,1,1,8,1,0,0,1,10,1,1,2,50,0,1
12,121776,2,3,1,3,11,23,35,12,2,1,0,12,1,49,52,49052,5,2008,JTKKU10468J0,J,T,K,K,U,1,0,4,6,8,J,0,0,P,TOYT,SXD,4H,8,17,2625,,0,969,,G,,F,4,110,,,16R195,,,,,,0,0,000000000,00000000000,0,0,0,1,0,0,0,0,0,0,0,50,0,0,0,12,12,6,2,12,0,0,0,1,12,34945,6,1,0,0,3,3,62,999,1,0,0,1,1,2,2010,5,2011,0,0,0,0,0,1,2,50,1,1,8,1,0,0,1,62,1,1,1,51,1,0
12,121776,3,3,1,3,11,23,35,12,2,1,0,12,1,49,33,49033,3,2002,JTDDR32T0201,J,T,D,D,R,3,2,T,0,2,0,1,0,P,TOYT,CGF,2H,2,17,2425,,0,1023,,G,,F,4,109,,,15R195,,,,,,0,0,000000000,00000000000,0,0,0,1,0,0,0,0,0,0,0,50,0,0,0,12,12,6,2,12,0,0,0,1,12,34951,6,1,0,0,3,0,68,999,0,0,0,0,0,0,0,0,0,0,0,0,0,0,1,2,50,1,1,8,1,0,0,1,50,1,1,1,98,0,0
12,121777,1,1,3,3,11,19,20,8,0,1,0,12,1,49,32,49032,4,2007,1NXBR32E67Z9,1,N,X,B,R,3,2,E,6,7,Z,9,0,P,TOYT,UCS,4D,7,17,2530,,0,1024,,G,,F,4,109,,,15R185,,,,,,0,0,000000000,00000000000,0,0,0,1,0,0,0,0,0,0,0,35,0,0,0,12,12,6,2,8,0,0,0,1,12,33064,6,1,0,0,3,0,67,999,0,0,0,1,0,10,2011,10,2011,0,0,0,0,0,1,2,35,1,1,8,1,0,0,1,80,1,1,1,13,0,0