STATE,ST_CASE,VEH_NO,VE_FORMS,NUMOCCS,DAY,MONTH,HOUR,MINUTE,HARM_EV,MAN_COLL,UNITTYPE,HIT_RUN,REG_STAT,OWNER,MAKE,MODEL,MAK_MOD,BODY_TYP,MOD_YEAR,VIN,VIN_1,VIN_2,VIN_3,VIN_4,VIN_5,VIN_6,VIN_7,VIN_8,VIN_9,VIN_10,VIN_11,VIN_12,TOW_VEH,VINTYPE,VINMAKE,VINA_MOD,VIN_BT,VINMODYR,VIN_LNGT,VIN_WGT,WGTCD_TR,WHLBS_LG,WHLBS_SH,SER_TR,FUELCODE,MCYCL_DS,CARBUR,CYLINDER,DISPLACE,MCYCL_CY,MCYCL_WT,TIRE_SZE,TON_RAT,TRK_WT,TRKWTVAR,VIN_REST,WHLDRWHL,J_KNIFE,MCARR_I1,MCARR_I2,MCARR_ID,GVWR,V_CONFIG,CARGO_BT,HAZ_INV,HAZ_PLAC,HAZ_ID,HAZ_CNO,HAZ_REL,BUS_USE,SPEC_USE,EMER_USE,TRAV_SP,UNDERIDE,ROLLOVER,ROLINLOC,IMPACT1,IMPACT2,DEFORMED,TOWED,M_HARM,VEH_SC1,VEH_SC2,FIRE_EXP,DR_PRES,L_STATE,DR_ZIP,L_STATUS,L_TYPE,CDL_STAT,L_ENDORS,L_COMPL,L_RESTRI,DR_HGT,DR_WGT,PREV_ACC,PREV_SUS,PREV_DWI,PREV_SPD,PREV_OTH,FIRST_MO,FIRST_YR,LAST_MO,LAST_YR,SPEEDREL,DR_SF1,DR_SF2,DR_SF3,DR_SF4,VTRAFWAY,VNUM_LAN,VSPD_LIM,VALIGN,VPROFILE,VPAVETYP,VSURCOND,VTRAFCON,VTCONT_F,P_CRASH1,P_CRASH2,P_CRASH3,PCRASH4,PCRASH5,ACC_TYPE,DEATHS,DR_DRINK
12,121778,1,1,1,5,11,0,2,42,0,1,0,12,1,20,481,20481,31,2008,1GCEC14X58Z1,1,G,C,E,C,1,4,X,5,8,Z,1,0,T,CHEV,SC1,PK,8,17,,2,1330,1190,SIL,G,,,6,262,,,,B,4453,01,,42,0,0,000000000,00000000000,0,0,0,1,0,0,0,0,0,0,0,55,0,0,0,3,3,6,2,42,0,0,0,1,12,32648,6,1,0,0,3,3,71,999,0,0,0,0,0,0,0,0,0,0,28,0,0,0,1,2,55,1,1,8,1,0,0,1,12,7,4,4,7,1,1
12,121779,1,2,1,5,11,23,30,12,6,1,0,12,2,12,401,12401,14,1999,1FMZU32P0XZA,1,F,M,Z,U,3,2,P,0,X,Z,A,0,P,FORD,EPR,UT,99,17,3891,,0,1116,,G,,F,8,302,,,15R225,,,,,,0,0,000000000,00000000000,0,0,0,1,0,0,0,0,0,0,0,55,0,0,0,12,12,6,2,12,0,0,0,1,12,33873,0,0,0,0,0,0,999,999,0,0,0,0,0,0,0,0,0,0,50,92,0,0,3,3,55,1,1,8,1,0,0,1,54,1,1,1,66,0,1
12,121779,2,2,8,5,11,23,30,12,6,1,0,12,1,7,442,7442,20,2000,1B4GP44G3YB5,1,B,4,G,P,4,4,G,3,Y,B,5,0,T,DODG,GSS,ES,0,17,,1,0,1193,CAR,F,,,6,201,,,,,3863,00,E,42,0,0,000000000,00000000000,0,0,0,1,0,0,0,0,0,0,0,55,0,0,0,5,5,6,2,12,0,0,0,1,12,33834,6,1,6,0,3,0,69,999,0,0,0,0,0,0,0,0,0,0,0,0,0,0,3,3,55,1,1,8,1,0,0,1,54,6,1,2,66,1,0
12,121780,1,1,2,6,11,3,30,42,0,1,0,12,2,49,40,49040,4,2002,4T1BE32K82U6,4,T,1,B,E,3,2,K,8,2,U,6,0,P,TOYT,LXS,4D,2,17,3086,,0,1071,,G,,F,4,144,,,15R205,,,,,,0,0,000000000,00000000000,0,0,0,1,0,0,0,0,0,0,0,75,0,0,0,2,2,6,2,42,0,0,0,1,12,32303,0,0,0,0,0,0,999,999,0,0,0,0,0,0,0,0,0,1,36,0,0,0,1,2,45,2,5,8,1,0,0,14,12,1,1,4,6,1,1
12,121781,1,2,1,6,11,0,2,12,2,1,0,12,2,41,471,41471,30,1997,4F4CR12A3VTM,4,F,4,C,R,1,2,A,3,V,T,M,0,T,MAZD,RGC,PK,97,17,,1,1139,1079,B23,G,,,4,140,,,,,2927,00,B,42,0,0,000000000,00000000000,0,0,0,1,0,0,0,0,0,0,0,50,0,0,0,12,12,6,2,12,0,0,0,1,12,32696,1,1,0,0,2,0,74,999,0,3,0,0,1,1,2010,10,2011,0,51,0,0,0,2,2,65,1,1,8,1,0,0,1,54,1,1,1,50,1,1
12,121781,2,2,1,6,11,0,2,12,2,1,0,12,1,12,481,12481,31,1988,1FTDF15N0JNA,1,F,T,D,F,1,5,N,0,J,N,A,0,T,FORD,F15,PK,88,17,,1,1330,1170,COF,G,,,8,302,,,,B,00000,00,A,42,0,0,000000000,00000000000,0,0,0,1,0,0,0,0,0,0,0,65,0,1,1,12,12,6,2,1,0,0,0,1,12,32621,6,1,0,0,3,3,68,999,0,0,0,0,0,0,0,0,0,0,0,0,0,0,2,2,65,1,1,8,1,0,0,1,54,1,1,1,51,1,1
12,121782,1,1,1,7,11,11,20,59,0,1,0,12,1,12,402,12402,14,2010,1FMCU0E73AKA,1,F,M,C,U,0,E,7,3,A,K,A,0,P,FORD,SPE,UT,10,17,3355,,0,1031,,G,,F,4,153,,,16R235,,,,,,0,0,000000000,00000000000,0,0,0,1,0,0,0,0,0,0,0,70,0,0,0,12,12,6,2,59,0,0,0,1,12,34110,6,1,0,0,3,3,66,999,0,0,0,0,0,0,0,0,0,0,36,0,0,0,2,2,70,1,1,8,1,0,0,1,13,1,1,4,1,1,0
12,121783,1,2,1,7,11,5,1,1,0,1,0,12,3,84,881,84881,63,2005,1HSHWAHN95J0,1,H,S,H,W,A,H,N,9,5,J,0,0,T,INTL,860,TR,5,17,,7,0,0,80S,D,,,6,661,,,,,00000,00,,42,0,12,5460,125460,3,1,4,1,0,0,0,0,0,0,0,60,0,1,5,0,12,6,2,1,0,0,0,1,12,33619,6,1,6,3,3,3,69,999,0,0,0,0,0,0,0,0,0,0,36,0,0,0,1,2,60,1,3,8,1,0,0,1,98,7,1,4,6,0,0
12,121783,2,2,1,7,11,5,1,1,0,1,0,12,2,20,461,20461,21,2007,1GCGG25V6712,1,G,C,G,G,2,5,V,6,7,1,2,0,T,CHEV,E25,CG,7,17,,2,0,1350,EXP,G,,,8,293,,,,C,5338,00,,42,0,0,000000000,00000000000,0,0,0,1,0,0,0,0,0,0,0,5,0,0,0,11,11,6,2,12,0,0,0,1,12,34711,6,1,0,0,3,3,68,999,0,0,0,0,0,0,0,0,0,0,0,0,0,0,1,2,55,2,1,8,1,20,3,14,62,1,1,1,98,1,0
12,121784,1,1,2,9,11,11,1,33,0,1,0,12,1,12,23,12023,4,2012,3FAHP0GAXCR1,3,F,A,H,P,0,G,A,X,C,R,1,0,P,FORD,F/S,4D,12,17,3285,,0,1074,,G,,F,4,152,,,16R205,,,,,,0,0,000000000,00000000000,0,0,0,1,0,0,0,0,0,0,0,45,0,0,0,12,98,6,2,3,0,0,0,1,12,34690,6,1,0,0,3,3,66,999,0,0,0,0,0,0,0,0,0,0,28,0,0,0,1,2,15,1,1,8,1,0,0,1,13,1,1,4,1,2,0
12,121785,1,2,1,10,11,14,5,12,6,1,0,12,3,84,981,84981,50,1997,1HVBBABNXVH5,1,H,V,B,B,A,B,N,X,V,H,5,0,T,INTL,380,BU,97,17,,7,2760,1520,30S,D,,,8,444,,,,,00000,00,,42,0,88,888888888,88888888888,3,21,22,1,0,0,0,0,1,0,0,55,0,0,0,12,12,6,2,12,0,0,0,1,12,32566,6,1,6,3,3,3,62,999,0,0,0,1,0,11,2010,11,2010,0,39,0,0,0,2,2,55,1,1,8,1,3,3,1,17,2,1,1,83,0,0
12,121785,2,2,1,10,11,14,5,12,6,1,0,12,1,20,402,20402,14,1999,2CNBE18C5X69,2,C,N,B,E,1,8,C,5,X,6,9,0,P,CHEV,TKR,UT,99,17,2596,,0,866,,G,,F,4,122,,,15R195,,,,,,0,0,000000000,00000000000,0,0,0,1,0,0,0,0,0,0,0,10,0,0,0,9,9,6,2,12,0,0,0,1,12,32566,6,1,0,0,3,3,71,999,0,0,0,0,0,0,0,0,0,0,0,0,0,0,1,2,55,1,1,8,1,3,3,11,66,1,1,1,82,1,1
12,121786,1,1,1,10,11,20,43,8,0,1,0,12,1,49,482,49482,31,2005,5TBET34195S4,5,T,B,E,T,3,4,1,9,5,S,4,0,T,TOYT,DBS,CW,5,17,,2,0,1283,TUN,G,,,8,285,,,,B,4765,00,U,42,0,0,000000000,00000000000,0,0,0,1,0,0,0,0,0,0,0,40,0,0,0,12,12,4,3,8,0,0,0,1,12,32757,6,1,0,0,3,0,78,999,0,1,0,0,0,9,2011,9,2011,0,0,0,0,0,1,2,45,1,1,8,1,0,0,1,80,6,1,1,13,0,0
12,121787,1,2,1,14,10,14,16,12,6,1,0,12,3,12,23,12023,4,2011,3FAHP0JG5BR1,3,F,A,H,P,0,J,G,5,B,R,1,0,P,FORD,F/L,4D,11,17,3526,,0,1074,,F,,F,6,183,,,17R225,,,,,,0,0,000000000,00000000000,0,0,0,1,0,0,0,0,0,0,0,15,0,0,0,2,2,4,3,12,0,0,0,1,12,33603,6,1,0,0,3,3,68,999,0,0,0,1,0,8,2009,8,2009,0,38,0,0,0,1,4,40,1,1,8,1,0,0,11,15,1,1,1,68,0,1
12,121787,2,2,1,14,10,14,16,12,6,1,0,12,1,50,709,50709,80,1971,TR6RBE11814,T,R,6,R,B,E,1,1,8,1,4,,0,M,TRUM,,,71,11,,,,,,,,,,,,,,,,,,,0,0,000000000,00000000000,0,0,0,1,0,0,0,0,0,0,0,27,0,0,0,12,12,6,2,12,0,0,0,1,12,33610,6,1,0,0,3,0,72,999,0,0,0,0,0,0,0,0,0,0,0,0,0,0,1,2,40,1,1,8,1,0,0,1,62,9,1,1,69,1,1
12,121788,1,1,1,4,11,22,55,24,0,1,0,12,1,76,705,76705,80,2003,JYA5AHE023A0,J,Y,A,5,A,H,E,0,2,3,A,0,0,M,YAMA,YZF,RC,3,17,,,,,,,599,,4,,4,416,,,,,,,0,0,000000000,00000000000,0,0,0,1,0,0,0,0,0,0,0,65,0,0,0,62,62,6,2,24,0,0,0,1,12,32246,0,0,0,0,0,0,999,999,0,0,0,0,0,0,0,0,0,0,36,0,0,0,3,3,65,1,1,8,1,0,0,1,12,1,1,4,6,1,1
12,121789,1,1,1,5,11,0,0,42,0,1,0,12,1,7,472,7472,31,1997,1B7FL26Y3VS1,1,B,7,F,L,2,6,Y,3,V,S,1,0,T,DODG,DAK,PK,97,17,,1,1239,1119,DAK,G,,,8,318,,,,B,3200,01,E,42,0,0,000000000,00000000000,0,0,0,1,0,0,0,0,0,0,0,45,0,0,0,9,9,6,2,42,0,0,0,1,12,32137,6,1,0,0,3,0,69,999,0,0,0,0,1,10,2009,10,2009,0,28,0,0,0,1,2,35,1,1,8,1,0,0,1,13,1,1,4,1,1,1
12,121790,1,1,1,8,11,11,42,1,0,1,0,12,2,12,401,12401,14,2002,1FMZU64E92UA,1,F,M,Z,U,6,4,E,9,2,U,A,0,P,FORD,EPR,UT,2,17,4173,,0,1137,,G,,F,6,245,,,16R245,,,,,,0,0,000000000,00000000000,0,0,0,1,0,0,0,0,0,0,0,45,0,1,1,0,0,6,2,1,0,0,0,1,12,34116,6,1,0,0,3,3,65,999,0,0,0,0,1,12,2008,12,2008,0,36,0,0,0,2,3,45,1,1,8,1,0,0,1,98,6,4,2,98,1,0
12,121791,1,1,1,8,11,6,19,8,0,1,0,12,1,35,49,35049,6,2004,JN8AZ08T54W2,J,N,8,A,Z,0,8,T,5,4,W,2,0,P,NISS,MUR,UT,4,17,3690,,0,1112,,G,,F,6,213,,,18R235,,,,,,0,0,000000000,00000000000,0,0,0,1,0,0,0,0,0,0,0,40,0,0,0,12,12,6,2,8,0,0,0,1,12,32317,6,1,0,0,3,3,65,999,0,0,0,0,0,0,0,0,0,0,0,0,0,0,5,3,40,1,1,8,1,0,0,1,81,1,1,1,13,0,0
12,121792,1,1,2,8,11,17,17,34,0,1,0,12,1,20,481,20481,31,1997,1GCEK14R7VZ1,1,G,C,E,K,1,4,R,7,V,Z,1,0,T,CHEV,GK1,PK,97,17,,2,1315,1175,GM4,G,,,8,350,,,,B,00000,00,,44,0,0,000000000,00000000000,0,0,0,1,0,0,0,0,0,0,0,50,0,1,5,12,12,6,2,1,0,0,0,1,12,32305,6,1,0,0,3,0,66,999,0,0,0,0,0,0,0,0,0,0,28,0,0,0,4,1,25,3,1,8,1,0,0,14,13,1,1,4,1,1,1
12,121793,1,2,1,9,11,19,32,12,6,1,0,12,1,35,47,35047,4,2005,1N4AL11D05N4,1,N,4,A,L,1,1,D,0,5,N,4,0,P,NISS,ASL,4D,5,17,2915,,0,1102,,G,,F,4,153,,,16R215,,,,,,0,0,000000000,00000000000,0,0,0,1,0,0,0,0,0,0,0,10,0,1,1,3,3,6,2,1,0,0,0,1,12,33920,6,1,0,0,3,0,73,999,0,0,0,0,2,8,2009,7,2011,0,26,0,0,0,2,2,55,1,1,8,1,0,0,11,15,1,1,1,68,1,0
12,121793,2,2,2,9,11,19,32,12,6,1,0,12,1,7,482,7482,31,2001,1B7KF23711J5,1,B,7,K,F,2,3,7,1,1,J,5,0,T,DODG,Q25,4C,1,17,,2,1547,1387,RPC,D,,,6,359,,,,C,5586,01,U,44,0,0,000000000,00000000000,0,0,0,1,0,0,0,0,0,0,0,55,0,1,5,12,12,6,2,1,0,0,0,1,12,33905,6,1,0,0,3,0,70,999,0,0,0,0,1,10,2010,10,2010,0,0,0,0,0,2,2,55,1,1,8,1,0,0,1,62,1,1,1,69,0,0
12,121794,1,2,2,9,11,2,10,12,1,1,0,25,1,49,472,49472,30,2004,5TEHN72N24Z4,5,T,E,H,N,7,2,N,2,4,Z,4,0,T,TOYT,DCL,CW,4,17,,1,0,1219,TAC,G,,,6,206,,,,B,3705,00,U,44,0,0,000000000,00000000000,0,0,0,1,0,0,0,0,0,0,0,70,0,0,0,12,12,6,2,12,0,0,0,1,25,1854,6,1,0,0,3,0,70,999,0,0,0,0,0,0,0,0,0,0,36,0,0,0,3,3,70,1,1,8,1,0,0,15,51,1,1,1,24,2,1
12,121794,2,2,1,9,11,2,10,12,1,1,0,12,4,12,25,12025,6,2012,2FMGK5DC5CBD,2,F,M,G,K,5,D,C,5,C,B,D,0,P,FORD,FLE,UT,12,17,4471,,0,1179,,G,,F,6,214,,,19R235,,,,,,0,0,000000000,00000000000,0,0,0,1,0,0,0,0,0,0,0,70,0,0,0,6,6,6,2,12,0,0,0,1,8,80233,6,1,0,0,3,3,64,125,0,0,0,0,0,0,0,0,0,0,0,0,0,0,3,3,70,1,1,8,1,0,0,1,53,1,1,1,25,0,0
12,121795,1,1,1,10,11,14,45,39,0,1,0,12,2,55,33,55033,4,2006,5NPEU46C76H1,5,N,P,E,U,4,6,C,7,6,H,1,0,P,HYUN,SGX,4D,6,17,3458,,0,1074,,G,,F,4,144,,,17R225,,,,,,0,0,000000000,00000000000,0,0,0,1,0,0,0,0,0,0,0,40,0,0,0,12,12,6,2,39,0,0,0,1,12,32086,6,1,0,0,3,3,74,999,0,0,0,1,0,11,2010,11,2010,0,36,0,0,0,3,3,65,1,6,8,1,0,0,15,13,1,1,4,1,1,0
12,121796,1,2,2,11,11,11,58,12,7,1,0,12,1,49,40,49040,4,2004,4T1BE32K34U8,4,T,1,B,E,3,2,K,3,4,U,8,0,P,TOYT,UXS,4D,4,17,3086,,0,1071,,G,,F,4,144,,,15R205,,,,,,0,0,000000000,00000000000,0,0,0,1,0,0,0,0,0,0,0,70,0,1,5,8,12,6,2,42,0,0,0,1,12,32256,6,1,0,0,3,0,68,999,0,0,0,0,0,0,0,0,0,0,36,0,0,0,3,3,60,1,1,8,1,0,0,15,10,1,1,2,47,0,0
12,121796,2,2,1,11,11,11,58,12,7,1,0,12,2,59,401,59401,14,1999,JT6GF10U4X00,J,T,6,G,F,1,0,U,4,X,0,0,0,P,LEXS,RX3,UT,99,17,3692,,0,1031,,G,,F,6,183,,,16R225,,,,,,0,0,000000000,00000000000,0,0,0,1,0,0,0,0,0,0,0,65,0,1,3,2,2,6,2,1,0,0,0,1,12,32205,6,1,0,0,3,3,65,999,0,0,0,0,0,0,0,0,0,0,0,0,0,0,3,3,60,1,1,8,1,0,0,1,61,1,1,1,45,1,0
12,121797,1,2,1,12,11,10,57,42,0,1,0,12,1,12,401,12401,14,1999,1FMZU34E7XZA,1,F,M,Z,U,3,4,E,7,X,Z,A,0,P,FORD,EPR,UT,99,17,4128,,0,1116,,G,,F,6,245,,,15R225,,,,,,0,0,000000000,00000000000,0,0,0,1,0,0,0,0,0,0,0,45,0,0,0,12,12,6,2,12,0,0,0,1,12,34135,6,1,0,0,3,0,69,999,0,0,0,0,0,0,0,0,0,0,28,0,0,0,2,2,45,1,1,8,10,0,0,1,12,1,1,4,6,0,0
12,121797,2,2,1,12,11,10,57,42,0,1,0,25,1,18,23,18023,4,2010,1G4HA5E15AU1,1,G,4,H,A,5,E,1,5,A,U,1,0,P,BUIC,UCX,4D,10,17,3735,,0,1156,,G,,F,6,238,,,17R235,,,,,,0,0,000000000,00000000000,0,0,0,1,0,0,0,0,0,0,0,45,0,0,0,12,12,6,2,12,0,0,0,1,12,34134,6,1,0,0,3,3,74,999,0,0,0,0,0,0,0,0,0,0,0,0,0,0,2,2,45,1,1,8,1,0,0,1,62,1,1,1,98,1,0
12,121798,1,3,1,13,11,16,9,12,1,1,0,12,1,37,709,37709,80,2011,JH2RC5371BK1,J,H,2,R,C,5,3,7,1,B,K,1,0,M,HOND,V2B,RS,11,17,,,,,,,745,,2,,4,549,,,,,,,0,0,000000000,00000000000,0,0,0,1,0,0,0,0,0,0,0,70,0,0,0,12,98,6,2,5,0,0,0,1,12,33322,6,1,0,0,3,0,68,999,0,0,0,0,1,8,2010,8,2010,0,36,0,0,0,1,2,60,1,1,8,1,0,0,6,51,1,1,2,24,1,1
12,121798,2,3,2,13,11,16,9,12,1,1,0,12,1,49,482,49482,31,2007,5TFRV54167X0,5,T,F,R,V,5,4,1,6,7,X,0,0,T,TOYT,DBS,CW,7,17,,2,0,1457,TUN,G,,,8,348,,,,B,5145,00,S,42,0,0,000000000,00000000000,0,0,0,1,0,0,0,0,0,0,0,60,0,0,0,6,14,6,2,12,0,0,0,1,12,33974,6,1,0,0,3,0,68,999,0,0,0,0,0,0,0,0,0,0,0,0,0,0,1,2,60,1,1,8,1,0,0,1,53,1,1,1,25,0,0
12,121798,3,3,2,13,11,16,9,12,1,1,0,12,2,35,39,35039,4,1995,JN1CA21D6ST0,J,N,1,C,A,2,1,D,6,S,T,0,0,P,NISS,MGS,4D,95,17,2886,,0,1063,,G,,F,6,182,,,15R215,,,,,,0,0,000000000,00000000000,0,0,0,1,0,0,0,0,0,0,0,60,0,0,0,11,11,6,2,12,0,0,0,1,12,33936,6,1,0,0,3,0,69,999,0,0,0,0,0,0,0,0,0,0,0,0,0,0,1,2,60,1,1,8,1,0,0,1,62,1,1,1,98,0,0
12,121799,1,1,1,13,11,20,0,30,0,1,0,12,2,63,33,63033,5,2005,KNAFE1617550,K,N,A,F,E,1,6,1,7,5,5,0,0,P,KIA,SP5,4H,5,17,2701,,0,1028,,G,,F,4,122,,,15R195,,,,,,0,0,000000000,00000000000,0,0,0,1,0,0,0,0,0,0,0,55,0,1,5,12,98,6,2,2,0,0,1,1,12,32626,6,1,0,0,3,0,73,999,0,0,0,0,0,0,0,0,0,0,28,0,0,0,1,2,55,3,1,8,1,0,0,14,12,1,1,4,6,1,0
12,121800,1,1,2,13,11,3,58,1,0,1,0,12,9,12,481,12481,31,2006,1FTPX12556NA,1,F,T,P,X,1,2,5,5,6,N,A,0,T,FORD,F15,4C,6,17,,2,0,1450,COF,G,,,8,329,,,,B,5065,04,E,42,0,0,000000000,00000000000,0,0,0,1,0,0,0,0,0,0,0,65,0,1,1,0,98,6,2,1,0,0,0,1,99,99999,9,9,99,9,9,9,999,999,99,99,99,99,99,99,9999,99,9999,0,0,0,0,0,2,2,65,1,1,8,1,0,0,1,98,1,1,6,98,1,0
12,121801,1,2,1,14,11,17,37,12,6,1,0,12,2,37,402,37402,14,2011,3CZRE3H34BG7,3,C,Z,R,E,3,H,3,4,B,G,7,0,P,HOND,CRV,UT,11,17,3386,,0,1031,,G,,F,4,146,,,17R225,,,,,,0,0,000000000,00000000000,0,0,0,1,0,0,0,0,0,0,0,10,0,0,0,12,83,4,3,12,0,0,0,1,12,32789,6,1,0,0,3,0,66,999,0,0,0,0,0,0,0,0,0,0,38,0,0,0,3,4,45,1,1,8,1,0,0,11,15,1,1,1,68,0,0
12,121801,2,2,1,14,11,17,37,12,6,1,0,12,1,73,709,73709,80,2008,JKAZXCE168A0,J,K,A,Z,X,C,E,1,6,8,A,0,0,M,KAWK,Z0E,RC,8,17,,,,,,,998,,4,,4,394,,,,,,,0,0,000000000,00000000000,0,0,0,1,0,0,0,0,0,0,0,55,0,0,0,83,98,6,2,12,0,0,0,1,12,34461,6,1,0,0,3,0,76,999,0,0,0,1,1,11,2009,7,2010,0,0,0,0,0,3,4,45,1,1,8,1,0,0,1,64,1,1,1,69,1,0
12,121802,1,1,2,15,11,12,0,33,0,1,0,12,2,2,404,2404,14,1997,1J4FX58S9VC5,1,J,4,F,X,5,8,S,9,V,C,5,0,T,JEEP,LRT,4W,97,17,,1,0,1059,GCK,G,,,6,242,,,,,3513,02,E,42,0,0,000000000,00000000000,0,0,0,1,0,0,0,0,0,0,0,50,0,1,3,99,99,6,2,1,0,0,0,1,12,33314,6,1,0,0,3,0,61,999,0,1,0,0,1,11,2009,8,2010,1,36,0,0,0,3,2,25,1,1,8,1,0,0,1,90,6,1,4,8,1,0
12,121803,1,1,2,15,11,19,42,8,0,1,0,12,2,63,34,63034,4,2001,KNAGD1244150,K,N,A,G,D,1,2,4,4,1,5,0,0,P,KIA,OLS,4D,1,17,3190,,0,1063,,G,,F,6,152,,,15R205,,,,,,0,0,000000000,00000000000,0,0,0,1,0,0,0,0,0,0,0,50,0,0,0,12,12,4,1,8,0,0,0,1,12,33763,6,1,0,0,3,0,63,999,0,0,0,0,0,0,0,0,0,0,0,0,0,0,3,3,50,1,1,8,1,0,0,1,80,1,1,1,13,0,0
12,121805,1,1,2,14,8,16,29,1,0,1,0,12,1,72,706,72706,80,1999,1HD1FDV16XY6,1,H,D,1,F,D,V,1,6,X,Y,6,0,M,HD,FHR,RS,99,17,,,,,,,1450,,2,,4,725,,,,,,,0,0,000000000,00000000000,0,0,0,1,0,0,0,0,0,0,0,45,0,0,0,0,0,6,2,1,0,0,0,1,12,33578,6,1,6,0,3,3,68,999,0,0,0,0,0,0,0,0,0,0,36,0,0,0,2,2,45,1,6,8,1,3,3,1,98,3,1,1,98,1,1
12,121806,1,2,1,16,12,22,10,12,2,1,0,17,2,76,705,76705,80,2007,JYAVM01E77A1,J,Y,A,V,M,0,1,E,7,7,A,1,0,M,YAMA,VS6,RS,7,17,,,,,,,649,,2,,4,474,,,,,,,0,0,000000000,00000000000,0,0,0,1,0,0,0,0,0,0,0,55,0,0,0,12,12,6,2,12,0,0,0,1,12,32433,6,1,0,0,3,3,71,999,0,0,0,4,0,1,2010,10,2010,0,50,0,0,0,3,2,55,1,6,8,1,0,0,1,54,1,1,1,52,1,0
12,121806,2,2,1,16,12,22,10,12,2,1,0,12,1,23,431,23431,16,2001,1GKEC16T51J2,1,G,K,E,C,1,6,T,5,1,J,2,0,T,GMC,CX1,4W,1,17,,2,0,1300,YUK,G,,,8,325,,,,B,4947,00,E,42,0,0,000000000,00000000000,0,0,0,1,0,0,0,0,0,0,0,45,0,0,0,12,12,6,2,12,0,0,0,1,12,32435,6,1,0,0,3,0,65,999,0,0,0,0,0,0,0,0,0,0,0,0,0,0,3,2,55,1,6,8,1,0,0,1,54,4,1,1,52,0,0
12,121807,1,2,2,26,8,10,39,12,6,1,0,12,2,14,17,14017,4,2004,1MEFM55S24A6,1,M,E,F,M,5,5,S,2,4,A,6,0,P,MERC,SLP,4D,4,17,3369,,0,1085,,G,,F,6,182,,,16R215,,,,,,0,0,000000000,00000000000,0,0,0,1,0,0,0,0,0,0,0,25,0,0,0,82,12,6,2,12,0,0,0,1,12,34653,6,1,0,0,3,0,63,999,0,0,0,0,0,0,0,0,0,0,38,0,0,0,1,2,25,1,1,8,1,20,3,1,17,1,1,1,87,1,0
12,121807,2,2,1,26,8,10,39,12,6,1,0,12,3,12,461,12461,21,2007,1FDSE35L77DA,1,F,D,S,E,3,5,L,7,7,D,A,0,T,FORD,3DC,YY,7,17,,2,1760,1380,CTV,G,,,8,330,,,,D,4802,02,K,42,0,0,000000000,00000000000,0,0,0,1,0,0,0,0,0,0,0,45,0,0,0,12,12,4,1,12,0,0,0,1,12,33510,6,1,0,0,3,0,67,999,0,0,0,0,0,0,0,0,0,0,0,0,0,0,3,3,45,1,1,8,1,0,0,1,66,1,1,1,86,0,0
12,121808,1,1,3,30,8,22,58,42,0,1,0,12,2,20,23,20023,6,2006,3GNDA23P46S6,3,G,N,D,A,2,3,P,4,6,S,6,0,P,CHEV,HHR,SV,6,17,3155,,0,1035,,G,,F,4,146,,,16R215,,,,,,0,0,000000000,00000000000,0,0,0,1,0,0,0,0,0,0,0,65,0,0,0,9,98,6,2,42,0,0,0,1,12,33009,6,1,0,0,3,0,70,999,0,0,0,2,0,6,2010,9,2010,0,36,0,0,0,2,2,35,1,1,8,2,0,0,1,12,1,2,4,7,1,1
12,121809,1,1,1,6,10,21,42,8,0,1,0,12,2,12,442,12442,20,2003,2FMZA51423BA,2,F,M,Z,A,5,1,4,2,3,B,A,0,T,FORD,WLX,ES,3,17,,1,0,1207,WIN,G,,,6,232,,,,B,3762,00,E,42,0,0,000000000,00000000000,0,0,0,1,0,0,0,0,0,0,0,45,0,0,0,12,12,6,2,8,0,0,0,1,12,32937,6,1,0,0,3,3,73,999,0,0,0,0,0,0,0,0,0,0,0,0,0,0,2,2,45,1,1,8,1,0,0,1,80,1,1,1,13,0,0
12,121810,1,2,1,16,10,14,15,12,6,1,0,12,1,72,706,72706,80,2006,1HD1FLW1X6Y6,1,H,D,1,F,L,W,1,X,6,Y,6,0,M,HD,CUS,RS,6,17,,,,,,,1450,,2,,4,788,,,,,,,0,0,000000000,00000000000,0,0,0,1,0,0,0,0,0,0,0,30,0,0,0,12,3,6,2,1,0,0,0,1,12,32327,6,1,0,0,3,0,70,999,0,0,0,1,0,1,2011,1,2011,0,35,0,0,0,1,2,45,1,1,8,1,0,0,6,60,1,1,1,73,1,0
12,121810,2,2,1,16,10,14,15,12,6,1,0,12,2,35,421,35421,15,2004,5N1AA08A84N7,5,N,1,A,A,0,8,A,8,4,N,7,0,P,NISS,ARM,UT,4,17,4831,,0,1063,,G,,F,8,342,,,16R255,,,,,,0,0,000000000,00000000000,0,0,0,1,0,0,0,0,0,0,0,10,0,0,0,9,9,4,1,12,0,0,0,1,12,32305,6,1,0,0,3,0,68,999,0,0,0,0,0,0,0,0,0,0,0,0,0,0,1,2,45,1,1,8,1,0,0,11,15,1,1,1,72,0,0
12,121811,1,1,3,7,11,11,35,43,0,1,0,12,2,63,34,63034,4,2006,KNAGE1233650,K,N,A,G,E,1,2,3,3,6,5,0,0,P,KIA,OLE,4D,6,17,3279,,0,1063,,G,,F,4,144,,,15R205,,,,,,0,0,000000000,00000000000,0,0,0,1,0,0,0,0,0,0,0,45,0,0,0,12,12,6,2,43,0,0,0,1,12,32091,6,1,0,0,3,0,66,999,0,0,0,0,1,10,2011,10,2011,0,0,0,0,0,5,2,45,1,1,8,1,0,0,1,12,1,1,4,6,1,0