STATE,ST_CASE,VEH_NO,VE_FORMS,NUMOCCS,DAY,MONTH,HOUR,MINUTE,HARM_EV,MAN_COLL,UNITTYPE,HIT_RUN,REG_STAT,OWNER,MAKE,MODEL,MAK_MOD,BODY_TYP,MOD_YEAR,VIN,VIN_1,VIN_2,VIN_3,VIN_4,VIN_5,VIN_6,VIN_7,VIN_8,VIN_9,VIN_10,VIN_11,VIN_12,TOW_VEH,VINTYPE,VINMAKE,VINA_MOD,VIN_BT,VINMODYR,VIN_LNGT,VIN_WGT,WGTCD_TR,WHLBS_LG,WHLBS_SH,SER_TR,FUELCODE,MCYCL_DS,CARBUR,CYLINDER,DISPLACE,MCYCL_CY,MCYCL_WT,TIRE_SZE,TON_RAT,TRK_WT,TRKWTVAR,VIN_REST,WHLDRWHL,J_KNIFE,MCARR_I1,MCARR_I2,MCARR_ID,GVWR,V_CONFIG,CARGO_BT,HAZ_INV,HAZ_PLAC,HAZ_ID,HAZ_CNO,HAZ_REL,BUS_USE,SPEC_USE,EMER_USE,TRAV_SP,UNDERIDE,ROLLOVER,ROLINLOC,IMPACT1,IMPACT2,DEFORMED,TOWED,M_HARM,VEH_SC1,VEH_SC2,FIRE_EXP,DR_PRES,L_STATE,DR_ZIP,L_STATUS,L_TYPE,CDL_STAT,L_ENDORS,L_COMPL,L_RESTRI,DR_HGT,DR_WGT,PREV_ACC,PREV_SUS,PREV_DWI,PREV_SPD,PREV_OTH,FIRST_MO,FIRST_YR,LAST_MO,LAST_YR,SPEEDREL,DR_SF1,DR_SF2,DR_SF3,DR_SF4,VTRAFWAY,VNUM_LAN,VSPD_LIM,VALIGN,VPROFILE,VPAVETYP,VSURCOND,VTRAFCON,VTCONT_F,P_CRASH1,P_CRASH2,P_CRASH3,PCRASH4,PCRASH5,ACC_TYPE,DEATHS,DR_DRINK
12,121844,2,5,2,16,11,17,55,12,1,1,0,12,2,2,404,2404,14,1997,1J4FX58SXVC6,1,J,4,F,X,5,8,S,X,V,C,6,0,T,JEEP,LRT,4W,97,17,,1,0,1059,GCK,G,,,6,242,,,,,3513,02,E,42,0,0,000000000,00000000000,0,0,0,1,0,0,0,0,0,0,0,0,0,0,0,6,6,6,2,2,0,0,1,1,12,33838,0,0,0,0,0,0,999,999,0,0,0,0,0,0,0,0,0,0,92,0,0,0,3,4,65,1,1,8,1,0,0,5,53,1,1,1,21,1,0
12,121844,3,5,2,16,11,17,55,12,1,1,0,47,4,20,24,20024,6,2012,1GNKVGED5CJ1,1,G,N,K,V,G,E,D,5,C,J,1,0,P,CHEV,TRV,UT,12,17,4859,,0,1189,,G,,F,6,220,,,18R255,,,,,,0,0,000000000,00000000000,0,0,0,1,0,0,0,0,0,0,0,0,0,0,0,6,6,6,2,12,0,0,0,1,97,0,9,9,99,9,9,9,999,999,99,99,99,99,99,99,9999,99,9999,0,0,0,0,0,3,4,65,1,1,8,1,0,0,5,53,1,1,1,98,0,0
12,121844,4,5,1,16,11,17,55,12,1,1,0,12,1,35,39,35039,4,2004,1N4BA41E44C9,1,N,4,B,A,4,1,E,4,4,C,9,0,P,NISS,MEL,4D,4,17,3310,,0,1112,,G,,F,6,214,,,17R225,,,,,,0,0,000000000,00000000000,0,0,0,1,0,0,0,0,0,0,0,0,0,0,0,6,6,6,2,12,0,0,0,1,12,34761,6,1,0,0,3,0,67,999,0,0,0,0,0,0,0,0,0,0,0,0,0,0,3,4,65,1,1,8,1,0,0,5,53,1,1,1,98,0,0
12,121844,5,5,2,16,11,17,55,12,1,1,0,12,1,19,421,19421,15,2007,1GYFK638X7R2,1,G,Y,F,K,6,3,8,X,7,R,2,0,P,CADI,ESC,UT,7,17,5751,,0,1160,,G,,F,8,378,,,18R265,,,,,,0,0,000000000,00000000000,0,0,0,1,0,0,0,0,0,0,0,0,0,0,0,6,6,2,1,12,0,0,0,1,12,33830,6,1,0,0,3,0,74,999,0,0,0,0,0,0,0,0,0,0,0,0,0,0,3,4,65,1,1,8,1,0,0,5,53,1,1,1,98,0,0
12,121845,1,1,2,16,11,22,40,8,0,1,0,12,2,49,32,49032,4,1999,2T1BR12EXXC1,2,T,1,B,R,1,2,E,X,X,C,1,0,P,TOYT,UVL,4D,99,17,2414,,0,970,,G,,F,4,109,,,14R175,,,,,,0,0,000000000,00000000000,0,0,0,1,0,0,0,0,0,0,0,65,0,0,0,12,12,6,2,8,0,0,0,1,12,32725,6,1,0,0,3,0,67,999,0,0,0,0,1,5,2009,5,2009,0,0,0,0,0,3,4,65,1,5,8,1,0,0,1,80,1,1,1,13,0,0
12,121846,1,1,1,16,11,21,3,8,0,1,0,12,1,20,481,20481,31,1998,1GCEC19W6WE2,1,G,C,E,C,1,9,W,6,W,E,2,0,T,CHEV,GC1,PC,98,17,,2,1555,1415,GM4,G,,,6,262,,,,B,4145,03,,42,0,0,000000000,00000000000,0,0,0,1,0,0,0,0,0,0,0,55,0,0,0,12,12,4,3,8,0,0,0,1,12,32459,6,1,0,0,3,3,72,999,0,0,0,0,0,0,0,0,0,0,0,0,0,0,2,2,55,1,1,8,1,3,3,1,80,1,1,1,13,0,1
12,121847,1,2,1,17,11,15,55,12,2,1,0,12,1,23,401,23401,14,1997,1GKCS13W4V25,1,G,K,C,S,1,3,W,4,V,2,5,0,T,GMC,JMY,4W,97,17,,1,0,1070,JMY,G,,,6,262,,,,B,3686,00,M,42,0,0,000000000,00000000000,0,0,0,1,0,0,0,0,0,0,0,35,0,0,0,12,12,6,2,12,0,0,0,1,12,32431,6,1,0,0,3,3,63,999,0,0,0,2,1,1,2009,7,2010,0,48,0,0,0,1,2,55,2,6,8,1,0,0,11,15,1,1,1,68,0,0
12,121847,2,2,2,17,11,15,55,12,2,1,0,12,3,23,881,23881,61,1984,1GDJC34M6EV5,1,G,D,J,C,3,4,M,6,E,V,5,0,T,GMC,C35,CB,84,17,,3,1645,1315,C35,G,,,8,350,,,,D,3840,15,,42,0,88,888888888,88888888888,2,1,97,1,0,0,0,0,0,0,0,50,0,0,0,12,12,6,2,12,0,0,0,1,12,32420,6,1,0,0,3,0,68,999,0,0,0,0,0,0,0,0,0,0,0,0,0,0,1,2,55,3,5,8,1,0,0,14,62,3,1,1,69,1,0
12,121848,1,2,1,17,11,9,30,12,6,1,0,12,2,7,472,7472,31,2005,1D7HE52K55S1,1,D,7,H,E,5,2,K,5,5,S,1,0,T,DODG,LAR,PC,5,17,,2,0,1309,DAK,G,,,6,225,,,,B,4181,00,E,42,0,0,000000000,00000000000,0,0,0,1,0,0,0,0,0,0,0,50,0,1,2,1,1,6,2,1,0,0,0,1,12,32164,6,1,0,0,3,0,63,999,0,0,0,0,0,0,0,0,0,0,28,0,0,0,1,2,50,1,1,8,2,0,0,1,10,1,1,2,64,1,0
12,121848,2,2,2,17,11,9,30,12,6,1,0,12,1,12,481,12481,31,2002,1FTRF17292NB,1,F,T,R,F,1,7,2,9,2,N,B,1,T,FORD,F15,PK,2,17,,2,1385,1199,COF,G,,,6,256,,,,B,3990,03,U,42,1,0,000000000,00000000000,0,0,0,1,0,0,0,0,0,0,0,50,0,0,0,11,11,6,2,12,0,0,0,1,12,32110,6,1,0,0,3,0,66,999,0,0,0,0,0,0,0,0,0,0,0,0,0,0,1,2,50,1,1,8,2,0,0,1,62,7,1,1,65,0,0
12,121849,1,1,1,17,11,18,6,8,0,1,0,12,2,49,40,49040,4,1999,4T1BG22K7XU3,4,T,1,B,G,2,2,K,7,X,U,3,0,P,TOYT,UEX,4D,99,17,2998,,0,1051,,G,,F,4,132,,,14R195,,,,,,0,0,000000000,00000000000,0,0,0,1,0,0,0,0,0,0,0,55,0,0,0,12,12,6,2,8,0,0,0,1,12,32034,6,1,0,0,3,0,73,999,0,0,0,0,0,0,0,0,0,0,0,0,0,0,2,2,55,1,1,8,1,0,0,1,80,1,1,1,13,0,0
12,121850,1,1,1,19,11,5,10,8,0,1,0,12,2,20,441,20441,20,1995,1GBDM19W7SB1,1,G,B,D,M,1,9,W,7,S,B,1,0,T,CHEV,AST,EC,95,17,,1,0,1110,AST,G,,,6,262,,,,B,00000,00,,42,0,0,000000000,00000000000,0,0,0,1,0,0,0,0,0,0,0,45,0,0,0,1,1,4,3,8,0,0,0,1,12,33844,6,1,0,0,3,3,74,999,0,0,0,0,1,12,2010,12,2010,0,28,0,0,0,1,2,45,2,1,8,1,0,0,14,13,1,1,4,13,0,0
12,121851,1,1,1,20,11,18,9,8,0,1,0,12,1,12,402,12402,14,2004,1FMYU03104KA,1,F,M,Y,U,0,3,1,0,4,K,A,0,P,FORD,SPE,UT,4,17,3346,,0,1031,,G,,F,6,181,,,16R235,,,,,,0,0,000000000,00000000000,0,0,0,1,0,0,0,0,0,0,0,30,0,0,0,11,11,4,3,8,0,0,0,1,12,33901,6,1,6,0,3,3,64,999,0,0,0,0,1,4,2009,4,2009,0,0,0,0,0,3,2,40,1,1,8,1,28,3,1,80,1,1,1,13,0,0
12,121852,1,1,1,21,11,18,30,8,0,1,0,12,1,7,482,7482,31,2008,1D7HA18288J1,1,D,7,H,A,1,8,2,8,8,J,1,0,T,DODG,SQ1,CW,8,17,,2,1605,1405,RPC,G,,,8,348,,,,B,4889,00,E,42,0,0,000000000,00000000000,0,0,0,1,0,0,0,0,0,0,0,35,0,0,0,11,11,4,1,8,0,0,0,1,12,32967,6,1,0,0,3,0,72,999,0,0,0,0,0,0,0,0,0,0,0,0,0,0,1,2,30,1,1,8,1,0,0,1,80,1,1,1,13,0,0
12,121853,1,2,2,21,11,14,55,12,2,1,0,12,1,59,421,59421,15,2006,JTJHT00W5640,J,T,J,H,T,0,0,W,5,6,4,0,0,P,LEXS,LX7,UT,6,17,5590,,0,1122,,G,,F,8,285,,,18R275,,,,,,0,0,000000000,00000000000,0,0,0,1,0,0,0,0,0,0,0,10,0,0,0,12,12,6,2,12,0,0,0,1,12,32836,6,1,0,0,3,0,62,999,0,0,0,2,0,3,2009,8,2011,0,38,0,0,0,1,2,35,1,1,8,1,0,0,11,15,1,1,1,68,0,0
12,121853,2,2,1,21,11,14,55,12,2,1,0,12,1,37,706,37706,80,2005,1HFSC52015A2,1,H,F,S,C,5,2,0,1,5,A,2,0,M,HOND,V13,RS,5,17,,,,,,,1312,,2,,4,641,,,,,,,0,0,000000000,00000000000,0,0,0,1,0,0,0,0,0,0,0,35,0,0,0,12,12,6,2,12,0,0,0,1,12,34746,6,1,6,0,3,3,70,999,0,0,0,0,0,0,0,0,0,0,0,0,0,0,1,2,35,1,1,8,1,0,0,1,62,1,1,1,69,1,0
12,121854,1,1,1,22,11,17,12,8,0,1,0,12,1,12,4,12004,2,1997,1FALP62W8VH1,1,F,A,L,P,6,2,W,8,V,H,1,0,P,FORD,THL,2D,97,17,3561,,0,1130,,G,,F,8,281,,,15R205,,,,,,0,0,000000000,00000000000,0,0,0,1,0,0,0,0,0,0,0,40,0,0,0,12,12,4,1,8,0,0,0,1,12,34235,6,1,0,0,3,3,61,999,0,1,0,0,0,9,2009,9,2009,0,0,0,0,0,2,2,45,1,1,8,1,0,0,1,80,1,1,1,13,0,0
12,121855,1,1,2,22,11,17,58,8,0,1,0,12,1,23,401,23401,14,1988,1GKCS18RXJ05,1,G,K,C,S,1,8,R,X,J,0,5,0,T,GMC,SJI,2W,88,17,,1,0,1005,S15,G,,,6,173,,,,B,2867,01,A,42,0,0,000000000,00000000000,0,0,0,1,0,0,0,0,0,0,0,45,0,0,0,12,12,4,1,8,0,0,0,1,12,34291,6,1,0,0,3,0,69,999,1,0,0,0,1,5,2009,6,2009,0,0,0,0,0,3,2,45,1,1,8,1,0,0,1,80,1,1,1,13,0,0
12,121856,1,1,1,22,11,18,12,8,0,1,1,99,9,99,999,99999,99,9999,999999999999,9,9,9,9,9,9,9,9,9,9,9,9,0,,,,,,,,,,,,,,,,,,,,,,,,,0,0,000000000,00000000000,0,0,0,1,0,0,0,0,0,0,0,45,0,0,0,14,14,9,1,8,0,0,0,1,99,99999,9,9,99,9,9,9,999,999,99,99,99,99,99,99,9999,99,9999,0,0,0,0,0,3,3,45,1,1,8,1,0,0,1,80,99,1,1,13,0,0
12,121857,1,2,1,26,11,18,15,12,6,1,0,12,1,12,3,12003,2,1997,1FALP47V1VF1,1,F,A,L,P,4,7,V,1,V,F,1,0,P,FORD,MCB,CP,97,17,3404,,0,1013,,G,,F,8,281,,,17R245,,,,,,0,0,000000000,00000000000,0,0,0,1,0,0,0,0,0,0,0,70,0,0,0,9,12,6,2,12,0,0,0,1,22,70454,6,1,0,0,3,0,72,166,0,0,0,0,0,0,0,0,0,1,0,0,0,0,2,2,55,1,1,8,1,0,0,1,17,1,1,1,69,0,0
12,121857,2,2,2,26,11,18,15,12,6,1,0,12,1,49,40,49040,4,2006,4T1BF30K16U6,4,T,1,B,F,3,0,K,1,6,U,6,0,P,TOYT,UXS,4D,6,17,3108,,0,1071,,G,,F,6,183,,,15R205,,,,,,0,0,000000000,00000000000,0,0,0,1,0,0,0,0,0,0,0,15,0,0,0,12,12,6,2,12,0,0,0,1,12,32563,6,1,0,0,3,3,73,999,0,0,0,0,0,0,0,0,0,0,0,0,0,0,2,2,55,1,1,8,1,0,0,11,62,1,1,1,68,1,0
12,121858,1,2,1,26,11,12,14,12,6,1,0,12,2,49,47,49047,6,2004,2T1KR38E04C2,2,T,1,K,R,3,8,E,0,4,C,2,0,P,TOYT,CTR,4H,4,17,2701,,0,1024,,G,,F,4,109,,,16R205,,,,,,0,0,000000000,00000000000,0,0,0,1,0,0,0,0,0,0,0,10,0,0,0,5,5,4,3,12,0,0,0,1,12,33957,6,1,0,0,3,0,68,999,0,0,0,0,0,0,0,0,0,0,38,0,0,0,2,2,55,1,1,8,1,3,3,11,15,1,1,1,68,0,0
12,121858,2,2,1,26,11,12,14,12,6,1,0,12,2,72,706,72706,80,1997,1HD1FBR31VY6,1,H,D,1,F,B,R,3,1,V,Y,6,0,M,HD,LRI,RS,97,17,,,,,,,1340,,2,,4,692,,,,,,,0,0,000000000,00000000000,0,0,0,1,0,0,0,0,0,0,0,55,0,0,0,12,1,6,2,12,0,0,0,1,12,33990,6,1,0,0,3,3,65,999,0,0,0,1,0,7,2009,7,2009,0,0,0,0,0,2,2,55,1,1,8,1,3,3,1,62,3,2,1,69,1,0
12,121859,1,2,1,28,11,15,8,12,6,1,0,12,2,98,701,98701,88,2010,LHJTLB2J7ABL,L,H,J,T,L,B,2,J,7,A,B,L,0,U,,,,10,17,,,,,,,,,,,,,,,,,,,0,0,000000000,00000000000,0,0,0,1,0,0,0,0,0,0,0,10,0,0,0,3,3,6,2,12,0,0,0,1,12,33952,6,1,0,0,3,3,64,999,0,0,0,0,0,0,0,0,0,0,51,0,0,0,1,2,45,1,1,8,1,0,0,1,10,1,1,2,64,1,0
12,121859,2,2,1,28,11,15,8,12,6,1,0,12,3,12,481,12481,31,2000,1FTZF1724YNC,1,F,T,Z,F,1,7,2,4,Y,N,C,0,T,FORD,F15,PK,0,17,,1,1385,1199,COF,G,,,6,256,,,,B,3923,04,U,42,0,0,000000000,00000000000,0,0,0,1,0,0,0,0,0,0,0,40,0,0,0,12,1,4,9,12,0,0,0,1,12,32904,6,1,0,0,3,0,74,999,0,0,0,0,1,5,2010,5,2010,0,0,0,0,0,1,2,45,1,1,8,1,0,0,1,72,1,1,1,65,0,0
12,121860,1,1,1,8,10,20,39,8,0,1,1,99,9,99,999,99999,99,9999,999999999999,9,9,9,9,9,9,9,9,9,9,9,9,0,,,,,,,,,,,,,,,,,,,,,,,,,0,0,000000000,00000000000,0,0,0,1,0,0,0,0,0,0,0,25,0,0,0,12,98,9,1,8,0,0,0,1,99,99999,9,9,99,9,9,9,999,999,99,99,99,99,99,99,9999,99,9999,0,0,0,0,0,2,2,35,1,1,8,2,3,3,1,83,1,1,1,13,0,0
12,121861,1,1,1,4,11,0,50,42,0,1,0,12,1,72,706,72706,80,2004,1HD1BXB1X4Y0,1,H,D,1,B,X,B,1,X,4,Y,0,0,M,HD,ISF,RS,4,17,,,,,,,1450,,2,,4,666,,,,,,,0,0,000000000,00000000000,0,0,0,1,0,0,0,0,0,0,0,45,0,0,0,12,98,6,2,42,0,0,0,1,12,32806,1,1,0,0,2,0,71,999,0,8,0,2,0,8,2010,8,2011,1,0,0,0,0,1,2,25,2,1,8,1,0,0,14,12,3,4,4,7,1,1
12,121862,1,1,1,10,11,18,56,8,0,1,0,12,2,20,22,20022,2,2006,1G1AK15F5677,1,G,1,A,K,1,5,F,5,6,7,7,0,P,CHEV,BLS,CP,6,17,2991,,0,1033,,G,,F,4,134,,,15R195,,,,,,0,0,000000000,00000000000,0,0,0,1,0,0,0,0,0,0,0,40,0,0,0,12,98,4,1,8,0,0,0,1,12,34685,6,1,0,0,3,3,65,999,0,0,0,0,0,0,0,0,0,0,0,0,0,0,2,3,40,1,1,8,1,0,0,1,80,1,1,1,13,0,0
12,121863,1,2,1,17,11,15,10,12,1,1,0,12,1,72,706,72706,80,2007,1HD1GP4147K3,1,H,D,1,G,P,4,1,4,7,K,3,0,M,HD,FWG,RS,7,17,,,,,,,1584,,2,,4,650,,,,,,,0,0,000000000,00000000000,0,0,0,1,0,0,0,0,0,0,0,50,0,0,0,12,12,6,2,12,0,0,0,1,12,32024,6,1,0,0,3,3,72,999,0,0,0,0,0,0,0,0,0,0,36,0,0,0,1,2,60,1,1,8,1,0,0,1,52,1,1,1,28,1,0
12,121863,2,2,2,17,11,15,10,12,1,1,0,12,1,23,471,23471,30,2000,1GTCS19WXY81,1,G,T,C,S,1,9,W,X,Y,8,1,0,T,GMC,SON,PC,0,17,,1,0,1229,SON,G,,,6,262,,,,B,3242,00,U,42,0,0,000000000,00000000000,0,0,0,1,0,0,0,0,0,0,0,10,0,0,0,6,6,4,8,12,0,0,0,1,12,32052,6,1,0,0,3,0,72,999,0,0,0,1,0,6,2009,6,2009,0,0,0,0,0,1,2,60,1,1,8,1,0,0,2,53,1,1,1,29,0,0
12,121864,1,2,1,18,11,14,0,12,1,1,1,99,9,99,999,99999,99,9999,999999999999,9,9,9,9,9,9,9,9,9,9,9,9,0,,,,,,,,,,,,,,,,,,,,,,,,,0,0,000000000,00000000000,0,0,0,1,0,0,0,0,0,0,0,55,0,0,0,12,12,9,1,12,0,0,0,1,99,99999,9,9,99,9,9,9,999,999,99,99,99,99,99,99,9999,99,9999,0,0,0,0,0,3,6,55,1,1,8,2,28,3,1,51,1,1,1,24,0,0
12,121864,2,2,2,18,11,14,0,12,1,1,0,12,2,55,33,55033,4,2008,5NPET46C08H3,5,N,P,E,T,4,6,C,0,8,H,3,0,P,HYUN,SGL,4D,8,17,3253,,0,1074,,G,,F,4,144,,,16R215,,,,,,0,0,000000000,00000000000,0,0,0,1,0,0,0,0,0,0,0,55,0,0,0,6,6,6,2,12,0,0,0,1,12,33012,6,1,0,0,3,3,71,999,0,0,0,0,0,0,0,0,0,0,0,0,0,0,3,6,55,1,1,8,2,28,3,1,53,1,1,1,25,1,0
12,121865,1,1,2,23,11,18,42,8,0,1,0,12,1,12,401,12401,14,2001,1FMYU60E41UA,1,F,M,Y,U,6,0,E,4,1,U,A,0,P,FORD,EPR,UT,1,17,3769,,0,1018,,G,,F,6,245,,,15R235,,,,,,0,0,000000000,00000000000,0,0,0,1,0,0,0,0,0,0,0,70,0,1,3,3,3,6,2,1,0,0,0,1,12,34233,6,1,0,0,3,0,69,999,0,0,0,0,0,0,0,0,0,0,36,0,0,0,3,3,70,1,1,8,2,0,0,1,9,4,4,4,13,0,0
12,121866,1,1,1,24,11,2,43,42,0,1,0,12,1,7,20,7020,4,1998,1B3ES47C6WD5,1,B,3,E,S,4,7,C,6,W,D,5,0,P,DODG,NSL,4D,98,17,2537,,0,1040,,G,,F,4,122,,,14R185,,,,,,0,0,000000000,00000000000,0,0,0,1,0,0,0,0,0,0,0,30,0,0,0,2,3,6,2,42,0,0,0,1,12,33544,6,1,0,0,3,3,70,999,0,0,0,0,0,0,0,0,0,0,36,0,0,0,1,2,30,3,1,8,1,0,0,14,12,6,4,4,7,1,1
12,121867,1,1,2,25,11,19,29,8,0,1,0,12,2,12,481,12481,31,2000,1FTZX1725YNC,1,F,T,Z,X,1,7,2,5,Y,N,C,0,T,FORD,F15,4C,0,17,,1,1571,1385,COF,G,,,6,256,,,,B,4204,05,U,42,0,0,000000000,00000000000,0,0,0,1,0,0,0,0,0,0,0,45,0,0,0,11,11,4,1,8,0,0,0,1,12,34203,0,0,0,0,0,0,999,999,0,0,0,0,0,0,0,0,0,0,0,0,0,0,5,3,45,1,1,8,1,0,0,1,80,1,1,1,13,0,0
12,121868,1,2,1,27,11,21,48,12,6,1,0,12,2,37,705,37705,80,2006,JH2PC35066M7,J,H,2,P,C,3,5,0,6,6,M,7,0,M,HOND,CF4,RC,6,17,,,,,,,599,,4,,4,370,,,,,,,0,0,000000000,00000000000,0,0,0,1,0,0,0,0,0,0,0,110,0,0,0,12,12,6,2,12,0,0,0,1,12,33919,6,1,0,0,3,0,72,999,1,2,0,2,3,2,2009,11,2011,1,36,37,0,0,2,3,45,1,1,8,1,3,3,1,17,1,1,1,83,1,0
12,121868,2,2,2,27,11,21,48,12,6,1,0,12,1,37,402,37402,14,2000,JHLRD284XYC0,J,H,L,R,D,2,8,4,X,Y,C,0,0,P,HOND,CRV,UT,0,17,3126,,0,1032,,G,,F,4,120,,,15R205,,,,,,0,0,000000000,00000000000,0,0,0,1,0,0,0,0,0,0,0,20,0,0,0,11,11,6,2,12,0,0,0,1,12,33948,6,1,0,0,3,0,68,999,0,0,0,0,0,0,0,0,0,0,0,0,0,0,2,3,45,1,1,8,1,3,3,11,15,1,1,1,82,0,0
12,121869,1,2,2,13,4,21,1,12,6,1,0,12,1,49,45,49045,4,2002,JTDBT1236202,J,T,D,B,T,1,2,3,6,2,0,2,0,P,TOYT,ECH,4D,2,17,2055,,0,934,,G,,F,4,091,,,14R175,,,,,,0,0,000000000,00000000000,0,0,0,1,0,0,0,0,0,0,0,15,0,0,0,3,81,6,2,12,0,0,0,1,12,33190,6,1,0,0,3,0,62,999,0,0,0,0,0,0,0,0,0,0,38,0,0,0,2,2,30,1,1,8,1,0,0,11,10,1,1,1,68,0,0
12,121869,2,2,1,13,4,21,1,12,6,1,0,12,2,53,706,53706,80,2009,JS1GT78A2921,J,S,1,G,T,7,8,A,2,9,2,1,0,M,SUZI,XR1,RC,9,17,,,,,,,999,,4,,4,448,,,,,,,0,0,000000000,00000000000,0,0,0,1,0,0,0,0,0,0,0,55,0,0,0,12,12,6,2,12,0,0,0,1,12,33157,6,1,0,0,3,0,67,999,0,0,0,0,2,10,2008,7,2010,0,0,0,0,0,2,3,45,1,1,8,1,0,0,1,62,1,1,1,69,1,1
12,121870,1,2,1,18,6,15,33,12,6,1,0,12,2,58,37,58037,2,2008,JNKCV64EX8M1,J,N,K,C,V,6,4,E,X,8,M,1,0,P,INFI,G3S,CP,8,17,3616,,0,1122,,G,,F,6,226,,,18R225,,,,,,0,0,000000000,00000000000,0,0,0,1,0,0,0,0,0,0,0,25,0,0,0,9,9,4,1,12,0,0,0,1,12,33168,6,1,0,0,3,0,71,999,0,0,0,1,0,11,2009,11,2009,0,38,0,0,0,1,2,25,1,1,8,1,20,3,1,66,1,1,1,89,0,0
12,121870,2,2,1,18,6,15,33,12,6,1,0,12,9,98,709,98709,88,9999,F1F3AE06C431,F,1,F,3,A,E,0,6,C,4,3,1,0,U,,,,4,17,,,,,,,,,,,,,,,,,,,0,0,000000000,00000000000,0,0,0,1,0,0,0,0,0,0,0,999,0,0,0,12,98,6,2,12,0,0,0,1,12,33168,6,1,0,0,3,3,65,999,1,2,0,1,1,9,2008,5,2009,0,38,0,0,0,1,2,98,1,1,8,1,0,0,1,17,1,1,1,88,1,0
12,121871,1,2,1,26,7,14,32,12,6,1,0,12,1,73,705,73705,80,2003,JKBZXJB163A0,J,K,B,Z,X,J,B,1,6,3,A,0,0,M,KAWK,Z3B,RC,3,17,,,,,,,636,,4,,4,377,,,,,,,0,0,000000000,00000000000,0,0,0,1,0,0,0,0,0,0,0,100,0,0,0,12,12,6,2,12,0,0,0,1,12,33971,6,1,0,0,3,0,62,999,0,3,0,2,3,4,2009,5,2011,0,36,0,0,0,3,2,45,1,1,8,1,0,0,1,17,1,1,1,69,1,0
12,121871,2,2,1,26,7,14,32,12,6,1,0,12,3,82,881,82881,60,2006,4UZAARCPX6CX,4,U,Z,A,A,R,C,P,X,6,C,X,0,T,FRHT,MWV,SN,6,17,,6,0,0,CHA,D,,,4,262,,,,,00000,00,,42,0,12,021800,12021800,2,1,1,1,0,0,0,0,0,0,0,20,0,0,0,5,5,4,1,12,0,0,0,1,12,33471,6,1,0,0,3,0,74,999,0,2,0,0,1,4,2009,11,2010,0,0,0,0,0,3,2,45,1,1,8,1,0,0,11,15,1,1,1,68,0,0
12,121872,1,1,2,29,7,2,22,5,0,1,0,12,1,76,706,76706,80,2002,JYARN10E72A0,J,Y,A,R,N,1,0,E,7,2,A,0,0,M,YAMA,YFR,RC,2,17,,,,,,,998,,4,,4,385,,,,,,,0,0,000000000,00000000000,0,0,0,1,0,0,0,0,0,0,0,45,0,0,0,0,12,6,2,24,0,0,0,1,12,32547,6,1,0,0,3,3,67,999,0,0,0,1,0,8,2009,8,2009,0,58,0,0,0,3,2,35,3,6,8,2,0,0,14,98,9,1,4,0,1,1
12,121873,1,1,1,9,8,15,55,8,0,1,0,12,1,20,471,20471,30,1998,1GCCS19X1WK1,1,G,C,C,S,1,9,X,1,W,K,1,0,T,CHEV,S14,PC,98,17,,1,0,1229,S,G,,,6,262,,,,B,3222,00,,42,0,0,000000000,00000000000,0,0,0,1,0,0,0,0,0,0,0,30,0,0,0,14,14,4,1,8,0,0,0,1,12,33705,6,1,6,0,3,3,71,999,0,0,0,0,0,0,0,0,0,0,0,0,0,0,2,2,30,1,1,8,2,3,3,1,80,1,1,1,13,0,0
12,121874,1,2,2,15,8,17,48,12,6,1,0,12,2,37,32,37032,4,1995,1HGCD553XSA0,1,H,G,C,D,5,5,3,X,S,A,0,0,P,HOND,ULE,4D,95,17,2809,,0,1069,,G,,F,4,132,,,14R185,,,,,,0,0,000000000,00000000000,0,0,0,1,0,0,0,0,0,0,0,73,0,0,0,12,12,6,2,12,0,0,0,1,12,33714,0,0,0,0,0,0,68,999,0,2,0,0,0,7,2010,8,2011,1,39,0,0,0,5,4,40,1,1,8,1,3,3,1,17,1,1,1,86,1,1
12,121874,2,2,1,15,8,17,48,12,6,1,0,12,1,22,32,22032,6,2004,5Y2SL62874Z4,5,Y,2,S,L,6,2,8,7,4,Z,4,0,P,PONT,VIB,4H,4,17,2700,,0,1024,,G,,F,4,110,,,16R205,,,,,,0,0,000000000,00000000000,0,0,0,1,0,0,0,0,0,0,0,20,0,0,0,3,3,6,2,12,0,0,0,1,12,33713,6,1,0,0,3,0,62,999,0,0,0,1,0,7,2009,7,2009,0,0,0,0,0,5,4,40,1,1,8,1,3,3,1,66,1,1,1,87,0,0
12,121876,1,2,1,24,8,17,43,12,6,1,0,12,4,18,23,18023,4,2011,1G4HC5EM3BU1,1,G,4,H,C,5,E,M,3,B,U,1,0,P,BUIC,UXL,4D,11,17,3806,,0,1156,,F,,F,6,238,,,17R235,,,,,,0,0,000000000,00000000000,0,0,0,1,0,0,0,0,0,0,0,30,0,0,0,9,9,6,2,12,0,0,0,1,12,33487,6,1,0,0,3,0,64,999,0,0,0,1,2,1,2011,8,2011,0,36,39,0,0,2,4,35,1,1,8,1,3,3,1,17,1,1,1,77,0,0