STATE,ST_CASE,VEH_NO,VE_FORMS,NUMOCCS,DAY,MONTH,HOUR,MINUTE,HARM_EV,MAN_COLL,UNITTYPE,HIT_RUN,REG_STAT,OWNER,MAKE,MODEL,MAK_MOD,BODY_TYP,MOD_YEAR,VIN,VIN_1,VIN_2,VIN_3,VIN_4,VIN_5,VIN_6,VIN_7,VIN_8,VIN_9,VIN_10,VIN_11,VIN_12,TOW_VEH,VINTYPE,VINMAKE,VINA_MOD,VIN_BT,VINMODYR,VIN_LNGT,VIN_WGT,WGTCD_TR,WHLBS_LG,WHLBS_SH,SER_TR,FUELCODE,MCYCL_DS,CARBUR,CYLINDER,DISPLACE,MCYCL_CY,MCYCL_WT,TIRE_SZE,TON_RAT,TRK_WT,TRKWTVAR,VIN_REST,WHLDRWHL,J_KNIFE,MCARR_I1,MCARR_I2,MCARR_ID,GVWR,V_CONFIG,CARGO_BT,HAZ_INV,HAZ_PLAC,HAZ_ID,HAZ_CNO,HAZ_REL,BUS_USE,SPEC_USE,EMER_USE,TRAV_SP,UNDERIDE,ROLLOVER,ROLINLOC,IMPACT1,IMPACT2,DEFORMED,TOWED,M_HARM,VEH_SC1,VEH_SC2,FIRE_EXP,DR_PRES,L_STATE,DR_ZIP,L_STATUS,L_TYPE,CDL_STAT,L_ENDORS,L_COMPL,L_RESTRI,DR_HGT,DR_WGT,PREV_ACC,PREV_SUS,PREV_DWI,PREV_SPD,PREV_OTH,FIRST_MO,FIRST_YR,LAST_MO,LAST_YR,SPEEDREL,DR_SF1,DR_SF2,DR_SF3,DR_SF4,VTRAFWAY,VNUM_LAN,VSPD_LIM,VALIGN,VPROFILE,VPAVETYP,VSURCOND,VTRAFCON,VTCONT_F,P_CRASH1,P_CRASH2,P_CRASH3,PCRASH4,PCRASH5,ACC_TYPE,DEATHS,DR_DRINK
12,121876,2,2,1,24,8,17,43,12,6,1,0,12,1,37,706,37706,80,1998,JH2RC4466WM0,J,H,2,R,C,4,4,6,6,W,M,0,0,M,HOND,V7D,RS,98,17,,,,,,,748,,2,,4,505,,,,,,,0,0,000000000,00000000000,0,0,0,1,0,0,0,0,0,0,0,15,0,0,0,12,12,6,2,12,0,0,0,1,12,33461,6,1,0,0,3,0,68,999,0,0,0,2,1,8,2008,9,2010,0,0,0,0,0,6,2,35,1,1,8,1,3,3,11,66,1,1,1,76,1,0
12,121877,1,1,4,2,9,0,33,30,0,1,0,12,2,12,17,12017,4,1998,1FAFP52U6WA2,1,F,A,F,P,5,2,U,6,W,A,2,0,P,FORD,TLS,4D,98,17,3359,,0,1085,,G,,F,6,182,,,15R205,,,,,,0,0,000000000,00000000000,0,0,0,1,0,0,0,0,0,0,0,100,0,0,0,12,12,6,2,30,0,0,0,1,12,32811,1,1,0,0,2,0,66,999,0,7,0,0,2,10,2008,5,2011,1,36,39,92,37,5,4,35,1,1,8,1,0,0,1,13,1,2,4,2,2,0
12,121878,1,1,2,8,9,12,30,15,0,1,0,12,3,98,809,98809,66,2005,2FWBA2CV25AN,2,F,W,B,A,2,C,V,2,5,A,N,1,T,STRG,A90,TR,5,17,,7,0,0,STE,D,,,6,782,,,,,00000,00,,42,1,12,814762,12814762,3,6,1,1,0,0,0,0,0,0,0,35,0,0,0,3,3,4,1,15,0,0,0,1,12,34609,6,1,6,3,3,0,69,999,0,0,0,0,0,0,0,0,0,0,0,0,0,0,3,3,45,1,1,8,1,0,0,1,83,6,1,1,13,0,0
12,121879,1,1,1,15,9,23,12,8,0,1,0,12,1,49,472,49472,30,2004,5TEGN92N64Z4,5,T,E,G,N,9,2,N,6,4,Z,4,0,T,TOYT,DCP,CW,4,17,,1,0,1219,TAC,G,,,6,206,,,,B,3475,00,U,42,0,0,000000000,00000000000,0,0,0,1,0,0,0,0,0,0,0,40,0,0,0,1,1,6,2,8,0,0,0,1,12,33786,6,1,0,0,3,3,70,999,0,0,0,0,0,0,0,0,0,0,0,0,0,0,3,3,45,1,1,8,1,0,0,1,80,6,1,1,13,0,0
12,121880,1,1,1,17,9,20,7,8,0,1,0,12,1,20,461,20461,22,2001,1GCFG15W2111,1,G,C,F,G,1,5,W,2,1,1,1,0,T,CHEV,E15,CG,1,17,,2,0,1350,EXP,G,,,6,262,,,,B,4660,00,,42,0,0,000000000,00000000000,0,0,0,1,0,0,0,0,0,0,0,999,0,0,0,1,1,4,1,8,0,0,0,1,12,33177,6,1,0,0,3,3,63,999,0,0,0,2,3,1,2009,9,2011,0,0,0,0,0,1,2,30,1,1,8,1,0,0,1,80,1,1,1,13,0,0
12,121881,1,1,1,20,9,12,8,33,0,1,0,12,1,14,6,14006,4,2009,2MEHM75V09X6,2,M,E,H,M,7,5,V,0,9,X,6,0,P,MERC,MGL,4D,9,17,4117,,0,1146,,F,,F,8,281,,,17R225,,,,,,0,0,000000000,00000000000,0,0,0,1,0,0,0,0,0,0,0,999,0,0,0,1,9,6,2,30,0,0,0,1,12,33308,6,1,0,0,3,0,73,999,1,0,0,0,0,7,2009,7,2009,0,0,0,0,0,2,3,35,1,1,8,1,0,0,1,13,1,3,4,2,1,0
12,121882,1,2,1,24,9,21,34,12,6,1,0,12,2,14,38,14038,2,2000,1ZWFT61L4Y56,1,Z,W,F,T,6,1,L,4,Y,5,6,0,P,MERC,CU6,2H,0,17,2881,,0,1064,,G,,F,6,155,,,15R205,,,,,,0,0,000000000,00000000000,0,0,0,1,0,0,0,0,0,0,0,15,0,0,0,3,3,6,2,12,0,0,0,1,12,33619,6,1,0,0,3,0,69,999,0,0,0,0,0,0,0,0,0,0,38,0,0,0,3,3,45,1,1,8,1,0,0,11,15,1,1,1,68,1,1
12,121882,2,2,1,24,9,21,34,12,6,1,0,12,3,12,16,12016,4,2005,2FAFP71WX5X1,2,F,A,F,P,7,1,W,X,5,X,1,0,P,FORD,CVP,4D,5,17,0,,0,1147,,G,,F,8,281,,,16R225,,,,,,0,0,000000000,00000000000,0,0,0,1,0,0,0,0,0,5,0,60,0,0,0,12,12,6,2,12,0,0,0,1,12,33602,6,1,0,0,3,0,66,999,0,0,0,0,0,0,0,0,0,0,0,0,0,0,3,3,45,1,1,8,1,0,0,1,62,2,1,1,69,0,0
12,121883,1,2,2,2,10,12,4,12,6,1,0,12,1,49,48,49048,5,2006,JTKKT6248601,J,T,K,K,T,6,2,4,8,6,0,1,0,P,TOYT,SXA,4H,6,17,2340,,0,933,,G,,F,4,092,,,15R185,,,,,,0,0,000000000,00000000000,0,0,0,1,0,0,0,0,0,0,0,999,0,0,0,9,9,6,2,12,0,0,0,1,12,33134,6,1,0,0,3,3,64,999,0,0,0,0,0,0,0,0,0,0,38,0,0,0,3,2,30,1,1,8,1,20,3,1,17,1,1,1,89,1,0
12,121883,2,2,1,2,10,12,4,12,6,1,0,12,2,59,31,59031,4,2007,JTHBJ46G3720,J,T,H,B,J,4,6,G,3,7,2,0,0,P,LEXS,E35,4D,7,17,3600,,0,1093,,G,,F,6,211,,,17R215,,,,,,0,0,000000000,00000000000,0,0,0,1,0,0,0,0,0,0,0,999,0,0,0,12,12,6,2,12,0,0,0,1,12,33146,6,1,0,0,3,3,72,999,0,0,0,0,0,0,0,0,0,0,0,0,0,0,3,2,40,1,1,8,1,0,0,1,66,1,1,1,88,0,0
12,121884,1,1,1,9,10,19,49,8,0,1,0,12,2,49,40,49040,4,2002,4T1BE32K82U0,4,T,1,B,E,3,2,K,8,2,U,0,0,P,TOYT,LXS,4D,2,17,3086,,0,1071,,G,,F,4,144,,,15R205,,,,,,0,0,000000000,00000000000,0,0,0,1,0,0,0,0,0,0,0,40,0,0,0,12,12,4,1,8,0,0,0,1,12,33025,6,1,0,0,3,0,67,999,0,0,0,1,2,2,2011,3,2011,0,0,0,0,0,1,4,40,1,1,8,1,0,0,1,80,1,1,1,13,0,0
12,121885,1,1,1,13,10,19,55,9,0,1,0,12,1,72,706,72706,80,2004,1HD1FFW174Y6,1,H,D,1,F,F,W,1,7,4,Y,6,0,M,HD,TCI,RS,4,17,,,,,,,1450,,2,,4,776,,,,,,,0,0,000000000,00000000000,0,0,0,1,0,0,0,0,0,0,0,998,0,0,0,12,12,6,2,9,0,0,0,1,12,32174,6,1,0,0,3,0,73,999,0,0,0,1,0,5,2011,5,2011,0,0,0,0,0,2,2,98,1,1,8,1,3,3,1,83,1,1,1,13,0,0
12,121886,1,1,1,15,10,10,31,42,0,1,0,12,2,21,401,21401,14,1998,1GHDT13W0W27,1,G,H,D,T,1,3,W,0,W,2,7,0,P,OLDS,BRA,UT,98,17,4023,,0,1070,,G,,F,6,262,,,15R235,,,,,,0,0,000000000,00000000000,0,0,0,1,0,0,0,0,0,0,0,50,0,0,0,12,12,6,2,42,0,0,0,1,12,32653,6,1,0,0,3,0,72,999,2,0,0,0,3,5,2009,9,2011,0,36,51,0,0,2,2,60,1,1,8,1,0,0,1,13,6,1,4,1,1,0
12,121887,1,2,1,20,10,21,52,12,1,1,0,12,2,12,471,12471,30,1990,1FTCR10A0LUA,1,F,T,C,R,1,0,A,0,L,U,A,0,T,FORD,RNG,PK,90,17,,1,1140,1080,RNG,G,,,4,140,,,,B,2674,01,A,42,0,0,000000000,00000000000,0,0,0,1,0,0,0,0,0,0,0,40,0,0,0,12,12,6,2,12,0,0,0,1,12,32605,6,1,0,0,3,0,63,999,0,1,0,3,0,2,2009,8,2011,0,38,0,0,0,2,2,40,1,1,8,1,3,3,1,50,4,1,1,20,0,0
12,121887,2,2,1,20,10,21,52,12,1,1,0,12,1,98,701,98701,88,2009,LHJLC13F39B0,L,H,J,L,C,1,3,F,3,9,B,0,0,U,,,,9,17,,,,,,,,,,,,,,,,,,,0,0,000000000,00000000000,0,0,0,1,0,0,0,0,0,0,0,0,0,0,0,6,6,6,2,12,0,0,0,1,12,32608,6,1,6,0,3,0,70,999,0,0,0,0,0,0,0,0,0,0,0,0,0,0,2,2,40,1,1,8,1,3,3,5,53,1,1,1,21,1,0
12,121888,1,5,1,21,10,15,4,59,0,1,0,12,1,7,482,7482,31,2010,1D7RB1GK4AS2,1,D,7,R,B,1,G,K,4,A,S,2,0,T,DODG,Q15,CW,10,17,,2,0,1400,RPC,G,,,6,225,,,,B,4863,00,7,42,0,0,000000000,00000000000,0,0,0,1,0,0,0,0,0,0,0,75,0,0,0,12,12,6,2,12,0,0,0,1,12,33604,6,1,0,0,3,3,72,999,0,1,0,0,0,1,2009,1,2009,1,39,36,0,0,5,2,40,1,1,8,1,3,3,1,13,1,1,4,1,0,0
12,121888,2,5,3,21,10,15,4,59,0,1,0,12,1,7,442,7442,20,2003,1D4GP25323B3,1,D,4,G,P,2,5,3,2,3,B,3,0,P,DODG,CAR,SV,3,17,3758,,0,1133,,F,,F,6,201,,,16R215,,,,,,0,0,000000000,00000000000,0,0,0,1,0,0,0,0,0,0,0,45,0,0,0,9,9,6,2,12,0,0,0,1,12,33603,6,1,0,0,3,3,66,999,0,0,0,0,1,6,2009,6,2009,0,0,0,0,0,2,3,45,1,1,8,1,3,3,1,66,1,1,1,98,2,0
12,121888,3,5,1,21,10,15,4,59,0,1,0,12,1,63,402,63402,14,2011,5XYKT3A14BG0,5,X,Y,K,T,3,A,1,4,B,G,0,0,P,KIA,SOR,UT,11,17,3763,,0,1063,,G,,F,4,144,,,17R235,,,,,,0,0,000000000,00000000000,0,0,0,1,0,0,0,0,0,0,0,0,0,0,0,61,61,6,2,12,0,0,0,1,12,33610,6,1,0,0,3,3,66,999,0,0,0,0,0,0,0,0,0,0,0,0,0,0,2,3,45,1,1,8,1,3,3,5,62,1,1,1,98,0,0
12,121888,4,5,2,21,10,15,4,59,0,1,0,12,2,7,442,7442,20,2000,2B4FP25B9YR6,2,B,4,F,P,2,5,B,9,Y,R,6,0,P,DODG,CAR,SV,0,17,3432,,0,1133,,G,,F,4,148,,,14R205,,,,,,0,0,000000000,00000000000,0,0,0,1,0,0,0,0,0,0,0,0,0,0,0,12,12,4,1,12,0,0,0,1,12,33634,6,1,0,0,3,0,62,999,0,0,0,0,0,0,0,0,0,0,0,0,0,0,2,3,45,1,1,8,1,3,3,5,62,1,1,1,98,0,0
12,121888,5,5,6,21,10,15,4,59,0,1,0,12,2,41,441,41441,20,2001,JM3LW28Y0101,J,M,3,L,W,2,8,Y,0,1,0,1,0,P,MAZD,MWG,SV,1,17,3657,,0,1118,,G,,F,6,152,,,15R205,,,,,,0,0,000000000,00000000000,0,0,0,1,0,0,0,0,0,0,0,40,0,0,0,12,12,6,2,12,0,0,0,1,12,33615,6,1,0,0,3,3,68,999,0,0,0,0,0,0,0,0,0,0,0,0,0,0,2,3,45,1,1,8,1,3,3,1,66,1,1,1,98,0,0
12,121889,1,2,2,24,10,17,3,12,6,1,0,12,1,49,40,49040,4,1986,JT2SV16EXG04,J,T,2,S,V,1,6,E,X,G,0,4,0,P,TOYT,CLE,4D,86,17,2381,,0,1024,,G,,F,4,122,,,13R185,,,,,,0,0,000000000,00000000000,0,0,0,1,0,0,0,0,0,0,0,10,0,0,0,9,9,6,2,12,0,0,0,1,12,32656,6,1,0,0,3,3,70,999,0,0,0,0,0,0,0,0,0,0,38,0,0,0,1,2,25,1,1,8,1,20,3,11,15,1,1,1,82,1,0
12,121889,2,2,1,24,10,17,3,12,6,1,0,12,1,2,403,2403,14,1989,2J4FY59M8KJ1,2,J,4,F,Y,5,9,M,8,K,J,1,0,T,JEEP,WYL,2W,89,17,,1,0,934,W/Y,G,,,6,244,,,,,00000,00,A,44,0,0,000000000,00000000000,0,0,0,1,0,0,0,0,0,0,0,998,0,0,0,12,12,4,3,12,0,0,0,1,12,32666,6,1,0,0,3,3,76,999,0,0,0,0,0,0,0,0,0,0,0,0,0,0,5,2,45,1,1,8,1,0,0,1,67,6,1,2,83,0,0
12,121890,1,1,1,30,10,3,46,42,0,1,0,12,1,35,47,35047,4,2006,1N4AL11D96C2,1,N,4,A,L,1,1,D,9,6,C,2,0,P,NISS,ASL,4D,6,17,2915,,0,1102,,G,,F,4,153,,,16R215,,,,,,0,0,000000000,00000000000,0,0,0,1,0,0,0,0,0,0,0,40,0,0,0,12,12,6,2,42,0,0,0,1,12,33426,6,1,0,0,3,3,70,999,0,0,0,0,0,0,0,0,0,0,28,0,0,0,2,2,40,1,1,8,2,0,0,1,13,1,1,4,1,1,1
12,121891,1,1,1,30,10,2,35,38,0,1,0,12,1,73,709,73709,80,2007,JKAZX4P187A0,J,K,A,Z,X,4,P,1,8,7,A,0,0,M,KAWK,ZXP,RC,7,17,,,,,,,599,,4,,4,368,,,,,,,0,0,000000000,00000000000,0,0,0,1,0,0,0,0,0,0,0,998,0,0,0,12,12,6,2,59,0,0,0,1,12,33614,6,1,0,0,3,3,69,999,0,0,0,3,0,8,2010,9,2011,1,36,0,0,0,2,2,45,1,1,8,2,40,3,1,13,1,1,4,1,1,0
12,121892,1,1,1,3,11,6,9,8,0,1,0,12,3,20,421,20421,15,2010,1GCUGADX2A11,1,G,C,U,G,A,D,X,2,A,1,1,0,T,CHEV,E15,CG,10,17,,2,0,1350,EXP,G,,,6,262,,,,B,4894,00,,42,0,0,000000000,00000000000,0,0,0,1,0,0,0,0,0,0,0,40,0,0,0,12,12,6,2,8,0,0,0,1,12,33596,6,1,0,0,3,0,68,999,0,1,0,2,1,3,2009,4,2011,0,0,0,0,0,1,2,45,2,1,8,1,0,0,14,80,1,1,1,13,0,0
12,121894,1,1,1,5,11,6,41,8,0,1,0,12,1,7,442,7442,20,2007,1D4GP23RX7B1,1,D,4,G,P,2,3,R,X,7,B,1,0,T,DODG,GVC,EC,7,17,,1,0,1193,CAR,G,,,6,201,,,,,3884,00,E,42,0,0,000000000,00000000000,0,0,0,1,0,0,0,0,0,0,0,35,0,0,0,12,12,4,3,8,0,0,0,1,12,33463,6,1,0,0,3,0,69,999,0,0,0,1,0,5,2010,5,2010,0,0,0,0,0,2,2,35,1,1,8,1,0,0,1,80,1,1,1,13,0,1
12,121895,1,1,1,5,11,19,27,8,0,1,0,12,3,12,481,12481,31,1999,1FTNX21S4XEC,1,F,T,N,X,2,1,S,4,X,E,C,0,T,FORD,F2S,4C,99,17,,2,1580,1418,SRW,G,,,10,415,,,,C,5635,01,E,44,0,0,000000000,00000000000,0,0,0,1,0,0,0,0,0,0,0,1,0,0,0,12,98,4,1,8,0,0,0,1,12,33334,6,1,0,0,3,3,71,999,0,0,0,1,0,1,2010,1,2010,0,0,0,0,0,5,4,35,1,1,8,1,0,0,1,80,1,1,1,13,0,0
12,121896,1,2,1,8,11,21,55,12,6,1,0,12,1,55,33,55033,4,2011,5NPEB4AC5BH2,5,N,P,E,B,4,A,C,5,B,H,2,0,P,HYUN,SGL,4D,11,17,3161,,0,1100,,G,,F,4,144,,,16R205,,,,,,0,0,000000000,00000000000,0,0,0,1,0,0,0,0,0,0,0,25,0,0,0,9,9,6,2,12,0,0,0,1,12,34667,6,1,0,0,3,3,72,999,0,0,0,1,1,12,2008,12,2008,0,38,39,0,0,1,2,35,1,1,8,1,3,3,11,15,1,1,1,82,1,0
12,121896,2,2,1,8,11,21,55,12,6,1,0,12,1,55,33,55033,4,2004,KMHWF35H74A9,K,M,H,W,F,3,5,H,7,4,A,9,0,P,HYUN,SGX,4D,4,17,3212,,0,1063,,G,,F,6,162,,,16R205,,,,,,0,0,000000000,00000000000,0,0,0,1,0,0,0,0,0,0,0,50,0,0,0,12,12,6,2,12,0,0,0,1,12,34606,6,1,0,0,3,3,67,999,0,1,0,0,0,10,2010,10,2010,0,0,0,0,0,2,3,50,1,1,8,1,3,3,1,67,9,1,1,83,0,0
12,121897,1,1,1,9,11,3,54,8,0,1,0,12,1,12,24,12024,6,2008,2FMDK39C88BB,2,F,M,D,K,3,9,C,8,8,B,B,0,P,FORD,EDG,UT,8,17,4073,,0,1112,,G,,F,6,214,,,17R235,,,,,,0,0,000000000,00000000000,0,0,0,1,0,0,0,0,0,0,0,40,0,0,0,12,12,4,3,8,0,0,0,1,12,33544,6,1,0,0,3,0,65,999,0,0,0,0,0,0,0,0,0,0,0,0,0,0,2,2,45,3,1,8,1,0,0,14,80,1,1,1,13,0,0
12,121898,1,1,1,9,11,22,56,33,0,1,0,37,1,53,705,53705,80,2004,JS1GN7CA5421,J,S,1,G,N,7,C,A,5,4,2,1,0,M,SUZI,GSK,RC,4,17,,,,,,,599,,4,,4,354,,,,,,,0,0,000000000,00000000000,0,0,0,1,0,0,0,0,0,0,0,999,0,0,0,12,12,6,2,33,0,0,0,1,37,27012,6,1,0,0,9,3,73,999,0,0,0,0,0,0,0,0,0,1,36,28,0,0,1,2,25,2,1,8,1,0,0,14,12,1,1,4,6,1,1
12,121899,1,1,1,10,11,22,30,9,0,1,0,12,1,55,37,55037,2,2006,KMHHM65D96U1,K,M,H,H,M,6,5,D,9,6,U,1,0,P,HYUN,TGS,CP,6,17,2898,,0,996,,G,,F,4,121,,,16R205,,,,,,0,0,000000000,00000000000,0,0,0,1,0,0,0,0,0,0,0,55,0,0,0,12,12,6,2,9,0,0,0,1,12,34484,6,1,0,0,3,3,72,999,0,0,0,0,0,0,0,0,0,0,0,0,0,0,1,2,55,1,1,8,1,0,0,1,83,1,1,1,13,0,0
12,121900,1,1,2,10,11,23,24,35,0,1,0,12,2,37,705,37705,80,2005,JH2PC37095M2,J,H,2,P,C,3,7,0,9,5,M,2,0,M,HOND,B60,RC,5,17,,,,,,,599,,4,,4,361,,,,,,,0,0,000000000,00000000000,0,0,0,1,0,0,0,0,0,0,0,999,0,0,0,9,9,6,2,35,0,0,0,1,12,33165,6,1,0,0,3,3,74,999,0,0,0,0,0,0,0,0,0,0,85,0,0,0,3,4,70,2,1,8,1,0,0,14,12,6,1,4,6,1,0
12,121901,1,1,1,10,11,18,0,8,0,1,9,12,1,6,52,6052,1,2007,3C3JY45X77T6,3,C,3,J,Y,4,5,X,7,7,T,6,0,P,CHRY,PTC,CV,7,17,3150,,0,1030,,G,,F,4,148,,,15R195,,,,,,0,0,000000000,00000000000,0,0,0,1,0,0,0,0,0,0,0,999,0,0,0,12,12,2,1,8,0,0,0,1,12,32137,6,1,0,0,3,0,65,999,1,0,0,0,1,9,2010,12,2010,0,0,0,0,0,1,2,30,1,1,8,1,0,0,1,80,1,1,1,13,0,0
12,121902,1,1,1,10,12,17,17,34,0,1,0,12,1,37,31,37031,4,2000,1HGEJ6673YL0,1,H,G,E,J,6,6,7,3,Y,L,0,0,P,HOND,UCL,4D,0,17,2456,,0,1032,,G,,F,4,097,,,14R185,,,,,,0,0,000000000,00000000000,0,0,0,1,0,0,0,0,0,0,0,45,0,0,0,11,11,6,2,42,0,0,0,1,12,33614,6,1,6,0,3,3,60,999,0,0,0,1,0,4,2011,4,2011,0,0,0,0,0,1,2,45,1,1,8,1,0,0,1,13,1,1,4,1,1,1
12,121903,1,1,3,12,11,2,35,25,0,1,0,12,2,24,1,24001,4,2000,1G8ZK5279YZ1,1,G,8,Z,K,5,2,7,9,Y,Z,1,0,P,STRN,SL2,4D,0,17,2425,,0,1024,,G,,F,4,116,,,15R185,,,,,,0,0,000000000,00000000000,0,0,0,1,0,0,0,0,0,0,0,70,0,0,0,9,9,6,2,25,0,0,0,1,12,33150,6,1,0,0,3,0,60,999,0,0,0,0,0,0,0,0,0,0,36,0,0,0,3,3,55,1,6,8,1,0,0,1,12,1,3,4,7,2,1
12,121904,1,2,2,16,11,10,5,12,6,1,0,12,1,12,37,12037,4,2008,1FAHP35N98W2,1,F,A,H,P,3,5,N,9,8,W,2,0,P,FORD,FMS,4D,8,17,2623,,0,1029,,G,,F,4,122,,,16R205,,,,,,0,0,000000000,00000000000,0,0,0,1,0,0,0,0,0,0,0,30,0,0,0,11,11,6,2,24,0,0,0,1,12,34668,6,1,0,0,3,3,67,999,0,0,0,0,0,0,0,0,0,0,36,0,0,0,1,2,30,3,6,8,1,0,0,14,10,1,1,2,64,1,0
12,121904,2,2,2,16,11,10,5,12,6,1,0,12,1,12,481,12481,31,1995,1FTEF15N1SNB,1,F,T,E,F,1,5,N,1,S,N,B,0,T,FORD,F15,PK,95,17,,2,1330,1170,COF,G,,,8,302,,,,B,00000,00,M,42,0,0,000000000,00000000000,0,0,0,1,0,0,0,0,0,0,0,998,0,0,0,11,11,4,1,12,0,0,0,1,12,34653,6,1,0,0,3,0,70,999,0,1,0,0,0,12,2010,12,2010,0,0,0,0,0,1,2,30,2,5,8,1,0,0,14,62,1,1,1,65,0,0
12,121905,1,2,1,16,11,21,20,12,1,1,0,12,1,35,48,35048,1,2004,JN1AZ36D04T1,J,N,1,A,Z,3,6,D,0,4,T,1,0,P,NISS,3ZR,CV,4,17,3302,,0,1043,,G,,F,6,214,,,17R225,,,,,,0,0,000000000,00000000000,0,0,0,1,0,0,0,0,0,0,0,110,0,1,1,12,12,6,2,1,0,0,0,1,12,32136,6,1,0,0,3,0,68,999,0,0,0,0,0,0,0,0,0,1,36,0,0,0,3,3,70,1,1,8,1,0,0,1,51,1,1,1,24,1,1
12,121905,2,2,1,16,11,21,20,12,1,1,0,12,3,82,881,82881,66,2003,1FUJAPCG53LK,1,F,U,J,A,P,C,G,5,3,L,K,1,T,FRHT,FL3,TR,3,17,,8,0,0,CON,D,,,6,774,,,,,00000,00,,64,1,12,1054747,121054747,3,6,2,1,0,0,0,0,0,0,0,65,0,0,0,6,6,6,2,12,0,0,0,1,12,33012,6,1,6,3,3,0,70,999,0,0,0,0,0,0,0,0,0,0,0,0,0,0,3,3,70,1,1,8,1,0,0,1,53,1,1,1,25,0,0
12,121906,1,1,1,18,11,1,20,31,0,1,0,12,1,42,48,42048,4,2003,WDBUF65J63A3,W,D,B,U,F,6,5,J,6,3,A,3,0,P,MERZ,E32,4D,3,17,3515,,0,1123,,G,,F,6,195,,,16R225,,,,,,0,0,000000000,00000000000,0,0,0,1,0,0,0,0,0,0,0,55,0,0,0,12,12,6,2,31,0,0,0,1,12,33016,6,1,6,0,3,0,62,999,0,2,0,1,2,7,2010,10,2011,0,36,0,0,0,4,1,45,2,1,8,2,0,0,14,13,1,1,4,1,1,1
12,121907,1,1,3,19,11,4,38,24,0,1,0,12,9,14,6,14006,4,1997,2MELM75W9VX7,2,M,E,L,M,7,5,W,9,V,X,7,0,P,MERC,MGL,4D,97,17,3796,,0,1144,,G,,F,8,281,,,15R215,,,,,,0,0,000000000,00000000000,0,0,0,1,0,0,0,0,0,0,0,50,0,0,0,12,12,6,2,3,0,0,0,1,99,99999,9,9,99,9,9,9,999,999,99,99,99,99,99,99,9999,99,9999,0,0,0,0,0,3,3,40,1,1,8,1,0,0,1,13,1,1,4,1,3,0
12,121908,1,1,1,20,11,3,16,8,0,1,0,12,1,12,401,12401,14,2003,1FMZU67E63UC,1,F,M,Z,U,6,7,E,6,3,U,C,0,P,FORD,EPR,UT,3,17,3761,,0,1259,,G,,F,6,245,,,16R235,,,,,,0,0,000000000,00000000000,0,0,0,1,0,0,0,0,0,0,0,45,0,0,0,12,12,6,2,8,0,0,0,1,12,33624,6,1,0,0,3,3,62,999,0,0,0,0,0,0,0,0,0,0,0,0,0,0,2,2,45,1,1,8,1,0,0,1,12,1,1,4,6,0,0
12,121909,1,2,1,20,11,15,8,12,6,1,0,12,2,34,401,34401,14,2001,WBAFA53511LP,W,B,A,F,A,5,3,5,1,1,L,P,0,P,BMW,BX5,UT,1,17,4519,,0,1110,,G,,F,6,182,,,18R235,,,,,,0,0,000000000,00000000000,0,0,0,1,0,0,0,0,0,0,0,15,0,0,0,11,11,6,2,12,0,0,0,1,12,34986,6,1,0,0,3,0,62,999,0,0,0,0,0,0,0,0,0,0,48,0,0,0,1,2,50,1,1,8,1,0,0,12,98,1,1,2,98,0,0
12,121909,2,2,1,20,11,15,8,12,6,1,0,12,1,72,706,72706,80,2007,1HD1BX5127Y0,1,H,D,1,B,X,5,1,2,7,Y,0,0,M,HD,FLF,RS,7,17,,,,,,,1584,,2,,4,694,,,,,,,0,0,000000000,00000000000,0,0,0,1,0,0,0,0,0,0,0,50,0,0,0,12,12,6,2,12,0,0,0,1,12,34957,6,1,0,0,3,3,74,999,0,0,0,0,0,0,0,0,0,0,0,0,0,0,1,2,50,1,1,8,1,0,0,1,61,1,1,1,98,1,1
12,121910,1,2,1,20,11,21,53,12,6,1,0,12,1,22,16,22016,2,1996,1G2JB1241T75,1,G,2,J,B,1,2,4,1,T,7,5,0,P,PONT,SFS,CP,96,17,2611,,0,1041,,G,,F,4,133,,,14R195,,,,,,0,0,000000000,00000000000,0,0,0,1,0,0,0,0,0,0,0,998,0,0,0,12,12,6,2,12,0,0,0,1,12,33709,6,1,0,0,3,0,71,999,0,0,0,0,0,0,0,0,0,0,38,0,0,0,2,3,45,1,1,8,1,0,0,11,98,1,1,7,98,0,1
12,121910,2,2,1,20,11,21,53,12,6,1,0,12,1,37,705,37705,80,1987,JH2RC210XHM3,J,H,2,R,C,2,1,0,X,H,M,3,0,M,HOND,F70,RS,87,17,,,,,,,700,,4,,4,503,,,,,,,0,0,000000000,00000000000,0,0,0,1,0,0,0,0,0,0,0,998,0,0,0,9,9,6,2,12,0,0,0,1,12,33772,6,1,0,0,3,0,70,999,0,0,0,0,0,0,0,0,0,0,0,0,0,0,2,3,45,1,1,8,1,0,0,1,72,1,1,1,98,1,1
12,121911,1,1,1,21,11,21,16,9,0,1,0,12,3,49,40,49040,4,2011,4T1BK3EK4BU1,4,T,1,B,K,3,E,K,4,B,U,1,0,P,TOYT,LXS,4D,11,17,3461,,0,1093,,G,,F,6,214,,,16R215,,,,,,0,0,000000000,00000000000,0,0,0,1,0,0,0,0,0,0,0,45,0,0,0,12,12,4,3,9,0,0,0,1,12,33024,6,1,0,0,3,0,68,999,0,0,0,0,0,0,0,0,0,0,24,0,0,0,2,3,45,1,1,8,1,0,0,1,83,1,1,1,13,0,0