STATE,ST_CASE,VEH_NO,VE_FORMS,NUMOCCS,DAY,MONTH,HOUR,MINUTE,HARM_EV,MAN_COLL,UNITTYPE,HIT_RUN,REG_STAT,OWNER,MAKE,MODEL,MAK_MOD,BODY_TYP,MOD_YEAR,VIN,VIN_1,VIN_2,VIN_3,VIN_4,VIN_5,VIN_6,VIN_7,VIN_8,VIN_9,VIN_10,VIN_11,VIN_12,TOW_VEH,VINTYPE,VINMAKE,VINA_MOD,VIN_BT,VINMODYR,VIN_LNGT,VIN_WGT,WGTCD_TR,WHLBS_LG,WHLBS_SH,SER_TR,FUELCODE,MCYCL_DS,CARBUR,CYLINDER,DISPLACE,MCYCL_CY,MCYCL_WT,TIRE_SZE,TON_RAT,TRK_WT,TRKWTVAR,VIN_REST,WHLDRWHL,J_KNIFE,MCARR_I1,MCARR_I2,MCARR_ID,GVWR,V_CONFIG,CARGO_BT,HAZ_INV,HAZ_PLAC,HAZ_ID,HAZ_CNO,HAZ_REL,BUS_USE,SPEC_USE,EMER_USE,TRAV_SP,UNDERIDE,ROLLOVER,ROLINLOC,IMPACT1,IMPACT2,DEFORMED,TOWED,M_HARM,VEH_SC1,VEH_SC2,FIRE_EXP,DR_PRES,L_STATE,DR_ZIP,L_STATUS,L_TYPE,CDL_STAT,L_ENDORS,L_COMPL,L_RESTRI,DR_HGT,DR_WGT,PREV_ACC,PREV_SUS,PREV_DWI,PREV_SPD,PREV_OTH,FIRST_MO,FIRST_YR,LAST_MO,LAST_YR,SPEEDREL,DR_SF1,DR_SF2,DR_SF3,DR_SF4,VTRAFWAY,VNUM_LAN,VSPD_LIM,VALIGN,VPROFILE,VPAVETYP,VSURCOND,VTRAFCON,VTCONT_F,P_CRASH1,P_CRASH2,P_CRASH3,PCRASH4,PCRASH5,ACC_TYPE,DEATHS,DR_DRINK
12,121939,1,1,2,3,12,4,47,8,0,1,0,12,1,20,421,20421,15,1999,1GNDT13W7X21,1,G,N,D,T,1,3,W,7,X,2,1,0,P,CHEV,BZR,UT,99,17,4023,,0,1070,,G,,F,6,262,,,15R205,,,,,,0,0,000000000,00000000000,0,0,0,1,0,0,0,0,0,0,0,45,0,0,0,12,12,4,1,8,0,0,0,1,12,32804,6,1,0,0,3,3,64,999,0,1,0,0,0,11,2010,11,2010,0,0,0,0,0,5,4,45,1,1,8,1,0,0,1,80,1,1,1,13,0,0
12,121940,1,1,1,3,12,14,12,24,0,1,0,12,1,72,706,72706,80,2002,1HD4CJM162K1,1,H,D,4,C,J,M,1,6,2,K,1,0,M,HD,L8C,RS,2,17,,,,,,,883,,2,,4,489,,,,,,,0,0,000000000,00000000000,0,0,0,1,0,0,0,0,0,0,0,50,0,0,0,12,12,6,2,24,0,0,0,1,12,32221,6,1,0,0,3,3,73,999,0,0,0,1,0,12,2009,12,2009,0,0,0,0,0,6,1,55,3,5,8,1,0,0,14,12,6,1,4,1,1,0
12,121941,1,1,1,3,12,1,0,42,0,1,0,12,2,34,37,34037,4,1998,WBAGJ8321WDM,W,B,A,G,J,8,3,2,1,W,D,M,0,P,BMW,7IL,4D,98,17,4288,,0,1209,,G,,F,8,268,,,16R235,,,,,,0,0,000000000,00000000000,0,0,0,1,0,0,0,0,0,0,0,114,0,0,0,3,3,6,2,42,0,0,0,1,12,32137,6,1,0,0,3,0,67,999,0,0,0,1,0,12,2010,12,2010,1,36,0,0,0,1,2,60,3,1,8,1,0,0,14,13,1,1,4,1,1,1
12,121942,1,2,2,5,12,18,27,12,6,1,0,12,1,19,18,19018,4,2010,1G6DA5EG5A01,1,G,6,D,A,5,E,G,5,A,0,1,0,P,CADI,C/T,4D,10,17,3861,,0,1134,,G,,F,6,183,,,17R235,,,,,,0,0,000000000,00000000000,0,0,0,1,0,0,0,0,0,0,0,999,0,0,0,3,3,6,2,12,0,0,0,1,12,33004,6,1,0,0,3,3,72,999,0,0,0,0,0,0,0,0,0,0,0,0,0,0,1,4,35,1,1,8,1,0,0,11,15,1,1,1,68,0,0
12,121942,2,2,2,5,12,18,27,12,6,1,0,12,1,72,706,72706,80,2008,1HD1JD5138Y0,1,H,D,1,J,D,5,1,3,8,Y,0,0,M,HD,FLN,RS,8,17,,,,,,,1584,,2,,4,724,,,,,,,0,0,000000000,00000000000,0,0,0,1,0,0,0,0,0,0,0,999,0,0,0,12,12,6,2,12,0,0,0,1,12,33179,6,1,0,0,3,0,69,999,0,0,0,0,1,1,2011,1,2011,0,0,0,0,0,1,4,35,1,1,8,1,0,0,1,62,1,1,1,69,1,0
12,121943,1,1,1,20,10,10,32,8,0,1,0,12,2,14,6,14006,4,1995,2MELM74WXSX6,2,M,E,L,M,7,4,W,X,S,X,6,0,P,MERC,GMG,4D,95,17,3761,,0,1144,,G,,F,8,281,,,15R215,,,,,,0,0,000000000,00000000000,0,0,0,1,0,0,0,0,0,0,0,35,0,0,0,12,12,2,1,8,0,0,0,1,12,32580,6,1,0,0,3,3,64,999,0,0,0,0,0,0,0,0,0,0,0,0,0,0,2,3,35,1,3,8,1,0,0,1,80,1,1,1,13,0,0
12,121944,1,3,1,27,10,0,37,12,7,1,0,12,1,12,16,12016,4,1999,2FAFP74W2XX1,2,F,A,F,P,7,4,W,2,X,X,1,0,P,FORD,CVL,4D,99,17,3917,,0,1147,,G,,F,8,281,,,16R225,,,,,,0,0,000000000,00000000000,0,0,0,1,0,0,0,0,0,0,0,75,0,0,0,4,4,6,2,12,0,0,0,1,12,33810,6,1,6,0,3,3,78,999,1,0,0,1,1,9,2010,9,2011,0,28,0,0,0,3,3,70,1,1,8,1,0,0,1,11,1,1,2,44,1,0
12,121944,2,3,1,27,10,0,37,12,7,1,0,12,1,37,31,37031,4,2006,JHMFA362X6S0,J,H,M,F,A,3,6,2,X,6,S,0,0,P,HOND,CHY,4D,6,17,2875,,0,1063,,B,,F,4,079,,,15R195,,,,,,0,0,000000000,00000000000,0,0,0,1,0,0,0,0,0,0,0,75,0,0,0,10,10,4,3,12,36,0,0,1,12,34705,6,1,0,0,3,3,74,999,0,0,0,1,0,8,2011,8,2011,0,0,0,0,0,3,3,70,1,1,8,1,0,0,1,60,1,1,1,45,0,0
12,121944,3,3,1,27,10,0,37,12,7,1,0,12,2,12,401,12401,14,2004,1FMZU67K44UC,1,F,M,Z,U,6,7,K,4,4,U,C,0,P,FORD,EPR,UT,4,17,4135,,0,1259,,F,,F,6,245,,,16R235,,,,,,0,0,000000000,00000000000,0,0,0,1,0,0,0,0,0,0,0,70,0,1,1,12,12,6,2,12,0,0,0,1,12,33527,6,1,0,0,3,0,71,999,0,1,0,1,0,2,2011,2,2011,0,0,0,0,0,3,3,70,1,1,8,1,0,0,1,60,1,1,1,98,0,0
12,121945,1,3,3,28,10,12,0,12,1,1,0,12,1,12,17,12017,4,1999,1FAFP53S7XG2,1,F,A,F,P,5,3,S,7,X,G,2,0,P,FORD,SCS,4D,99,17,3353,,0,1085,,G,,F,6,182,,,15R205,,,,,,0,0,000000000,00000000000,0,0,0,1,0,0,0,0,0,0,0,999,0,0,0,6,6,6,2,12,0,0,0,1,12,33852,6,1,0,0,3,3,62,999,0,0,0,0,0,0,0,0,0,0,0,0,0,0,2,2,65,1,1,8,2,0,0,1,12,7,3,4,66,1,1
12,121945,2,3,2,28,10,12,0,12,1,1,0,12,2,7,18,7018,4,1991,1B3XC56R5MD2,1,B,3,X,C,5,6,R,5,M,D,2,0,P,DODG,DLE,4D,91,17,3003,,0,1045,,G,,F,6,201,,,14R195,,,,,,0,0,000000000,00000000000,0,0,0,1,0,0,0,0,0,0,0,999,0,0,0,12,12,6,2,12,0,0,0,1,12,33872,6,1,0,0,3,3,66,999,0,0,0,0,0,0,0,0,0,0,0,0,0,0,2,2,65,1,1,8,2,0,0,1,62,1,1,1,66,0,0
12,121945,3,3,1,28,10,12,0,12,1,1,0,12,1,18,402,18402,14,2005,5GADS13S0522,5,G,A,D,S,1,3,S,0,5,2,2,0,P,BUIC,RNR,UT,5,17,4417,,0,1130,,G,,F,6,256,,,17R245,,,,,,0,0,000000000,00000000000,0,0,0,1,0,0,0,0,0,0,0,999,0,0,0,12,12,6,2,12,0,0,0,1,12,33843,6,1,0,0,3,3,62,999,0,0,0,0,0,0,0,0,0,0,0,0,0,0,2,2,65,1,1,8,2,0,0,1,62,1,1,1,98,0,0
12,121946,1,2,2,29,10,17,16,12,1,1,0,12,1,13,421,13421,15,2006,5LMFU27546LJ,5,L,M,F,U,2,7,5,4,6,L,J,0,P,LINC,NAV,UT,6,17,5601,,0,1190,,G,,F,8,330,,,18R255,,,,,,0,0,000000000,00000000000,0,0,0,1,0,0,0,0,0,0,0,45,0,0,0,6,6,2,3,12,0,0,0,1,12,34690,6,1,0,0,3,3,72,999,0,0,0,1,0,7,2009,7,2009,0,27,0,0,0,2,3,45,1,1,8,1,0,0,15,10,1,1,2,25,0,0
12,121946,2,2,1,29,10,17,16,12,1,1,0,12,1,76,705,76705,80,2004,JYAVM01E64A0,J,Y,A,V,M,0,1,E,6,4,A,0,0,M,YAMA,V6A,RS,4,17,,,,,,,649,,2,,4,505,,,,,,,0,0,000000000,00000000000,0,0,0,1,0,0,0,0,0,0,0,76,0,0,0,12,12,4,3,12,0,0,0,1,12,34669,6,1,0,0,3,0,66,999,0,0,0,0,0,0,0,0,0,1,0,0,0,0,2,3,45,1,1,8,1,0,0,1,61,1,1,1,24,1,0
12,121947,1,1,2,6,11,1,23,59,0,1,0,12,1,39,34,39034,4,2002,SAJDA03NX2FM,S,A,J,D,A,0,3,N,X,2,F,M,0,P,JAGU,STS,4D,2,17,3816,,0,1145,,G,,F,6,181,,,000000,,,,,,0,0,000000000,00000000000,0,0,0,1,0,0,0,0,0,0,0,65,0,0,0,3,3,6,2,30,0,0,0,1,12,33993,6,1,0,0,3,0,67,999,0,0,0,0,0,0,0,0,0,1,36,0,0,0,1,2,45,1,1,8,1,0,0,1,12,1,4,4,7,1,1
12,121948,1,2,1,12,11,18,0,12,6,1,0,12,3,12,17,12017,4,2005,1FAFP53205A1,1,F,A,F,P,5,3,2,0,5,A,1,0,P,FORD,TSE,4D,5,17,3306,,0,1085,,F,,F,6,182,,,16R215,,,,,,0,0,000000000,00000000000,0,0,0,1,0,0,0,0,0,0,0,20,0,0,0,3,3,6,2,12,0,0,0,1,12,33193,6,1,0,0,3,0,66,999,0,0,0,0,0,0,0,0,0,0,0,0,0,0,2,4,45,1,1,8,1,3,3,11,15,1,1,1,68,0,0
12,121948,2,2,1,12,11,18,0,12,6,1,0,12,1,73,709,73709,80,2011,JKAZX4R14BA0,J,K,A,Z,X,4,R,1,4,B,A,0,0,M,KAWK,ZXP,RC,11,17,,,,,,,599,,4,,4,421,,,,,,,0,0,000000000,00000000000,0,0,0,1,0,0,0,0,0,0,0,45,0,0,0,12,12,6,2,12,0,0,0,1,12,33172,6,1,0,0,3,0,66,999,0,0,0,0,0,0,0,0,0,0,0,0,0,0,2,4,45,1,1,8,1,3,3,1,62,1,1,1,69,1,0
12,121949,1,2,1,15,11,9,40,12,1,1,0,17,3,82,881,82881,66,2001,1FUJBBCG01LH,1,F,U,J,B,B,C,G,0,1,L,H,1,T,FRHT,ST2,TR,1,17,,8,0,0,CON,D,,,6,774,,,,,00000,00,,64,1,17,241572,17241572,3,6,11,1,0,0,0,0,0,0,0,10,0,0,0,6,6,6,2,12,0,0,0,1,12,33702,6,1,6,3,3,0,72,999,0,0,0,1,0,10,2009,10,2009,0,0,0,0,0,3,3,70,1,5,8,1,0,0,3,53,1,1,7,25,0,0
12,121949,2,2,1,15,11,9,40,12,1,1,0,12,3,38,441,38441,20,1996,JR2RJ1862TC0,J,R,2,R,J,1,8,6,2,T,C,0,0,P,ISU,OAS,SV,96,17,0,,0,1114,,G,,F,4,132,,,15R205,,,,,,0,0,000000000,00000000000,0,0,0,1,0,0,0,0,0,0,0,70,0,0,0,12,12,6,2,2,0,0,1,1,12,33510,6,1,0,0,3,0,68,999,0,0,0,0,0,0,0,0,0,0,36,0,0,0,3,3,70,1,5,8,1,0,0,1,51,1,1,1,24,1,0
12,121950,1,1,1,21,11,1,0,59,0,1,0,12,1,73,706,73706,80,2002,JKAZX9C1X2A0,J,K,A,Z,X,9,C,1,X,2,A,0,0,M,KAWK,Z12,RC,2,17,,,,,,,1200,,4,,4,520,,,,,,,0,0,000000000,00000000000,0,0,0,1,0,0,0,0,0,0,0,60,0,0,0,12,12,6,2,42,0,0,0,1,12,32033,6,1,0,0,3,0,74,999,0,0,0,0,0,0,0,0,0,1,36,0,0,0,1,2,35,1,1,8,1,20,3,1,14,3,1,4,14,1,1
12,121951,1,1,1,26,11,3,7,8,0,1,0,12,1,19,5,19005,2,1998,1G6ET1297WU6,1,G,6,E,T,1,2,9,7,W,U,6,0,P,CADI,ETC,CP,98,17,3750,,0,1080,,G,,F,8,279,,,16R225,,,,,,0,0,000000000,00000000000,0,0,0,1,0,0,0,0,0,0,0,50,0,0,0,12,12,4,3,8,0,0,0,1,12,32541,6,1,0,0,3,0,75,999,0,0,0,2,0,10,2010,10,2010,0,0,0,0,0,3,2,55,1,1,8,1,0,0,1,80,1,1,1,13,0,0
12,121952,1,1,1,26,11,13,35,1,0,1,0,12,1,12,471,12471,30,2003,1FTYR14E13TA,1,F,T,Y,R,1,4,E,1,3,T,A,0,T,FORD,RNS,PC,3,17,,1,0,1257,RNG,G,,,6,245,,,,B,3085,00,U,42,0,0,000000000,00000000000,0,0,0,1,0,0,0,0,0,0,0,70,0,1,5,0,13,6,2,42,0,0,0,1,12,32132,6,1,0,0,3,0,66,999,0,0,0,0,0,0,0,0,0,1,28,0,0,0,6,1,70,2,1,8,1,0,0,16,13,1,1,4,98,1,0
12,121953,1,1,1,27,11,21,15,8,0,1,0,12,1,49,40,49040,4,2006,4T1BE32K26U6,4,T,1,B,E,3,2,K,2,6,U,6,0,P,TOYT,UXS,4D,6,17,3108,,0,1071,,G,,F,4,144,,,15R205,,,,,,0,0,000000000,00000000000,0,0,0,1,0,0,0,0,0,0,0,30,0,0,0,11,12,4,1,8,0,0,0,1,12,32073,6,1,0,0,3,3,74,999,0,0,0,0,0,0,0,0,0,0,0,0,0,0,3,3,45,1,1,8,1,0,0,1,80,1,1,1,13,0,0
12,121954,1,1,2,27,11,20,35,8,0,1,0,12,1,2,403,2403,14,1997,1J4FY29P4VP4,1,J,4,F,Y,2,9,P,4,V,P,4,0,T,JEEP,SEW,2W,97,17,,1,0,934,W/T,G,,,4,150,,,,,3019,00,E,44,0,0,000000000,00000000000,0,0,0,1,0,0,0,0,0,0,0,40,0,0,0,12,12,4,1,8,0,0,0,1,12,33179,6,1,0,0,3,3,65,999,0,1,0,0,2,7,2009,12,2010,0,0,0,0,0,2,3,40,1,1,8,1,0,0,1,80,1,1,1,13,0,0
12,121955,1,2,4,27,11,15,13,12,6,1,0,12,1,6,441,6441,20,2005,2C4GP54L85R5,2,C,4,G,P,5,4,L,8,5,R,5,0,T,CHRY,TOU,ES,5,17,,1,0,1193,TWC,G,,,6,230,,,,,4256,00,,42,0,0,000000000,00000000000,0,0,0,1,0,0,0,0,0,0,0,85,0,1,3,7,3,6,2,1,0,0,0,1,12,32259,6,1,0,0,3,3,72,999,0,0,0,0,0,0,0,0,0,1,27,0,0,0,2,2,70,1,1,8,1,0,0,15,11,1,1,2,47,2,0
12,121955,2,2,3,27,11,15,13,12,6,1,0,45,1,20,481,20481,31,2005,2GCEK13T3512,2,G,C,E,K,1,3,T,3,5,1,2,0,T,CHEV,SK1,CW,5,17,,2,0,1435,SIL,G,,,8,323,,,,B,5299,00,,44,0,0,000000000,00000000000,0,0,0,1,0,0,0,0,0,0,0,80,0,0,0,1,1,4,8,12,0,0,0,1,45,29720,6,1,0,0,3,0,72,999,0,0,0,0,0,0,0,0,0,1,0,0,0,0,2,2,70,1,1,8,1,0,0,1,61,1,1,1,45,0,0
12,121956,1,2,1,28,11,9,47,12,2,1,0,12,1,49,46,49046,4,2007,JTDKB20UX732,J,T,D,K,B,2,0,U,X,7,3,2,0,P,TOYT,PRI,4H,7,17,2932,,0,1063,,B,,F,4,091,,,15R185,,,,,,0,0,000000000,00000000000,0,0,0,1,0,0,0,0,0,0,0,15,0,0,0,12,12,6,2,12,36,0,0,1,12,32966,6,1,0,0,3,3,71,999,0,0,0,0,0,0,0,0,0,0,38,0,0,0,5,2,35,1,1,8,1,0,0,11,10,1,1,1,68,0,0
12,121956,2,2,2,28,11,9,47,12,2,1,0,12,1,49,46,49046,4,2007,JTDKB20U3732,J,T,D,K,B,2,0,U,3,7,3,2,0,P,TOYT,PRI,4H,7,17,2932,,0,1063,,B,,F,4,091,,,15R185,,,,,,0,0,000000000,00000000000,0,0,0,1,0,0,0,0,0,0,0,35,0,1,5,12,12,6,2,12,36,0,0,1,12,32968,6,1,0,0,3,3,66,999,0,0,0,0,0,0,0,0,0,0,0,0,0,0,5,2,35,1,1,8,1,0,0,1,62,1,1,1,69,1,0
12,121957,1,1,1,29,11,16,28,53,0,1,0,12,1,14,6,14006,4,2003,2MEFM74W23X6,2,M,E,F,M,7,4,W,2,3,X,6,0,P,MERC,GMG,4D,3,17,3958,,0,1147,,G,,F,8,281,,,16R225,,,,,,0,0,000000000,00000000000,0,0,0,1,0,0,0,0,0,0,0,60,0,0,0,12,12,6,2,19,0,0,0,1,12,34653,6,1,0,0,3,3,67,999,0,0,0,0,0,0,0,0,0,0,4,0,0,0,1,2,10,1,1,8,1,0,0,1,13,1,1,4,1,1,0
12,121958,1,1,3,30,11,16,20,8,0,1,0,12,1,41,50,41050,4,2008,1YVHP80C885M,1,Y,V,H,P,8,0,C,8,8,5,M,0,P,MAZD,M6I,4D,8,17,3093,,0,1053,,G,,F,4,140,,,17R215,,,,,,0,0,000000000,00000000000,0,0,0,1,0,0,0,0,0,0,0,45,0,0,0,12,12,4,1,8,0,0,0,1,12,32164,6,1,0,0,3,3,67,999,0,1,0,1,0,8,2010,11,2010,0,36,0,0,0,1,2,45,1,1,8,1,0,0,1,80,1,1,1,13,0,0
12,121959,1,2,1,3,12,9,0,12,6,1,0,12,1,12,481,12481,31,2001,1FTRF18W11NA,1,F,T,R,F,1,8,W,1,1,N,A,0,T,FORD,F15,PK,1,17,,2,1388,1202,COF,G,,,8,281,,,,B,4299,04,U,44,0,0,000000000,00000000000,0,0,0,1,0,0,0,0,0,0,0,25,0,0,0,12,12,6,2,12,0,0,0,1,12,32565,6,1,0,0,3,0,72,999,0,0,0,0,0,0,0,0,0,0,38,0,0,0,1,2,55,1,1,8,1,20,3,1,17,1,1,1,88,0,0
12,121959,2,2,6,3,12,9,0,12,6,1,0,12,1,12,422,12422,15,1998,1FMPU18L7WLB,1,F,M,P,U,1,8,L,7,W,L,B,0,P,FORD,EPT,UT,98,17,5177,,0,1190,,G,,F,8,330,,,16R255,,,,,,0,0,000000000,00000000000,0,0,0,1,0,0,0,0,0,0,0,45,0,1,1,9,9,6,2,12,0,0,0,1,12,32570,6,1,0,0,3,0,67,999,0,0,0,0,0,0,0,0,0,0,0,0,0,0,1,2,45,1,1,8,1,4,3,1,66,1,1,1,89,1,0
12,121960,1,1,1,5,12,18,3,8,0,1,1,12,2,63,34,63034,4,2002,KNAGD1289251,K,N,A,G,D,1,2,8,9,2,5,1,0,P,KIA,OLS,4D,2,17,3223,,0,1063,,G,,F,6,162,,,15R205,,,,,,0,0,000000000,00000000000,0,0,0,1,0,0,0,0,0,0,0,15,0,0,0,12,12,4,1,8,0,0,0,1,12,34208,2,1,0,0,2,0,69,999,0,0,0,0,0,0,0,0,0,0,38,0,0,0,1,2,15,1,1,8,1,0,0,11,80,99,1,1,13,0,0
12,121961,1,2,1,7,12,12,3,11,0,1,0,12,2,35,47,35047,4,2004,1N4AL11D24C1,1,N,4,A,L,1,1,D,2,4,C,1,0,P,NISS,ABS,4D,4,17,2913,,0,1102,,G,,F,4,153,,,16R205,,,,,,0,0,000000000,00000000000,0,0,0,1,0,0,0,0,0,0,0,50,0,0,0,12,11,6,2,12,0,0,0,1,12,33440,6,1,0,0,3,3,66,999,0,0,0,1,0,11,2011,11,2011,0,83,0,0,0,1,2,55,1,1,8,1,0,0,1,87,6,1,1,13,1,0
12,121961,2,2,1,7,12,12,3,11,0,1,0,12,3,86,881,86881,66,2001,1M1AA13Y11W1,1,M,1,A,A,1,3,Y,1,1,W,1,1,T,MACK,CH6,TR,1,17,,8,0,0,600,D,,,6,728,,,,,00000,00,,64,1,77,777777777,77777777777,3,6,97,1,0,0,0,0,0,0,0,50,0,0,0,7,7,6,2,12,0,0,0,1,12,33972,6,1,6,3,3,0,75,999,0,0,0,0,0,0,0,0,0,0,0,0,0,0,1,2,55,1,1,8,1,0,0,1,62,1,1,1,98,0,0
12,121962,1,1,1,7,12,5,50,11,0,1,0,12,1,72,706,72706,80,2007,1HD1KB4147Y6,1,H,D,1,K,B,4,1,4,7,Y,6,0,M,HD,FHX,RS,7,17,,,,,,,1584,,2,,4,733,,,,,,,0,0,000000000,00000000000,0,0,0,1,0,0,0,0,0,0,0,60,0,0,0,12,98,6,2,1,0,0,0,1,12,32063,6,1,0,0,3,0,72,999,0,0,0,0,0,0,0,0,0,0,0,0,0,0,1,2,55,1,1,8,1,0,0,1,87,1,1,1,13,1,1
12,121963,1,1,1,7,12,8,30,42,0,1,0,12,2,20,481,20481,31,1999,2GCEK19T4X12,2,G,C,E,K,1,9,T,4,X,1,2,0,T,CHEV,SK1,3C,99,17,,2,1575,1435,SIL,G,,,8,325,,,,B,4621,00,,44,0,0,000000000,00000000000,0,0,0,1,0,0,0,0,0,0,0,55,0,0,0,12,1,6,2,42,0,0,0,1,12,32535,6,1,0,0,3,0,72,999,0,0,0,0,0,0,0,0,0,0,36,0,0,0,1,2,45,1,1,8,2,0,0,1,11,6,3,4,2,1,0
12,121965,1,2,1,14,11,15,51,12,6,1,0,12,1,98,703,98703,88,2011,L08YGJGA7B10,L,0,8,Y,G,J,G,A,7,B,1,0,0,U,,,,11,17,,,,,,,,,,,,,,,,,,,0,0,000000000,00000000000,0,0,0,1,0,0,0,0,0,0,0,20,0,0,0,12,98,6,2,12,0,0,0,1,12,32570,0,0,0,0,0,0,999,999,0,0,0,0,0,0,0,0,0,0,36,38,0,0,1,1,0,1,1,8,1,20,3,1,17,1,1,1,86,1,0
12,121965,2,2,2,14,11,15,51,12,6,1,0,12,2,63,32,63032,4,2008,KNADE1232863,K,N,A,D,E,1,2,3,2,8,6,3,0,P,KIA,RBL,4D,8,17,2365,,0,984,,G,,F,4,098,,,14R175,,,,,,0,0,000000000,00000000000,0,0,0,1,0,0,0,0,0,0,0,25,0,0,0,1,1,6,2,12,0,0,0,1,12,32583,6,1,0,0,3,3,65,999,0,0,0,0,0,0,0,0,0,0,0,0,0,0,1,2,25,1,1,8,1,0,0,1,66,1,1,1,87,0,0
12,121967,1,1,2,23,1,15,30,8,0,1,0,12,2,7,403,7403,14,2008,1D8GU58K78W2,1,D,8,G,U,5,8,K,7,8,W,2,0,P,DODG,NIT,UT,8,17,4162,,0,1088,,G,,F,6,225,,,17R235,,,,,,0,0,000000000,00000000000,0,0,0,1,0,0,0,0,0,0,0,24,0,0,0,12,12,4,1,8,0,0,0,1,12,33472,6,1,0,0,3,3,65,999,0,0,0,2,0,1,2009,6,2009,0,38,39,0,0,1,2,25,1,1,8,1,21,3,1,80,1,1,1,13,0,0
12,121968,1,2,1,10,8,20,23,12,6,1,0,12,2,73,705,73705,80,2006,JKBZXJC126A0,J,K,B,Z,X,J,C,1,2,6,A,0,0,M,KAWK,X63,RC,6,17,,,,,,,636,,4,,4,362,,,,,,,0,0,000000000,00000000000,0,0,0,1,0,0,0,0,0,0,0,60,0,0,0,12,12,6,2,12,0,0,0,1,12,33458,6,1,0,0,3,0,67,999,0,0,0,2,0,7,2009,6,2010,0,39,36,0,0,1,2,45,1,1,8,1,3,3,1,17,1,1,1,69,1,0
12,121968,2,2,2,10,8,20,23,12,6,1,0,12,4,12,17,12017,4,2011,1FAHP2FW9BG1,1,F,A,H,P,2,F,W,9,B,G,1,0,P,FORD,TLT,4D,11,17,4015,,0,0,,G,,F,6,214,,,19R255,,,,,,0,0,000000000,00000000000,0,0,0,1,0,0,0,0,0,0,0,10,0,0,0,9,9,6,2,12,0,0,0,1,17,60521,6,1,0,0,3,3,70,999,0,0,0,0,0,0,0,0,0,0,0,0,0,0,2,2,30,1,1,8,1,3,3,11,66,1,1,1,68,0,0
12,121969,1,1,1,22,9,9,20,8,0,1,0,12,1,49,40,49040,4,1990,4T1SV21E2LU2,4,T,1,S,V,2,1,E,2,L,U,2,0,P,TOYT,CMD,4D,90,17,0,,0,1024,,G,,F,4,122,,,14R185,,,,,,0,0,000000000,00000000000,0,0,0,1,0,0,0,0,0,0,0,35,0,0,0,12,12,4,1,8,0,0,0,1,12,33761,6,1,0,0,3,3,62,999,0,0,0,0,0,0,0,0,0,0,0,0,0,0,2,2,35,1,1,8,1,0,0,1,80,1,1,1,13,0,0
12,121970,1,2,1,28,10,19,18,12,6,1,0,12,1,6,441,6441,20,2009,2A8HR54139R5,2,A,8,H,R,5,4,1,3,9,R,5,0,P,CHRY,TWC,SV,9,17,4507,,0,1212,,G,,F,6,232,,,16R225,,,,,,0,0,000000000,00000000000,0,0,0,1,0,0,0,0,0,0,0,5,0,0,0,7,7,4,3,12,0,0,0,1,99,99999,9,9,99,9,9,9,999,999,99,99,99,99,99,99,9999,99,9999,0,38,0,0,0,3,2,20,1,1,8,2,20,3,11,15,1,1,1,68,0,0
12,121970,2,2,1,28,10,19,18,12,6,1,0,12,1,73,706,73706,80,1991,JKAZXBC18MB5,J,K,A,Z,X,B,C,1,8,M,B,5,0,M,KAWK,ZX1,RC,91,17,,,,,,,1100,,4,,4,531,,,,,,,0,0,000000000,00000000000,0,0,0,1,0,0,0,0,0,0,0,20,0,0,0,12,12,6,2,12,0,0,0,1,12,33462,6,1,0,0,3,0,70,999,0,0,0,0,0,0,0,0,0,0,0,0,0,0,3,2,20,1,1,8,2,3,3,1,67,98,1,1,69,1,0
12,121971,1,2,1,4,11,17,38,12,2,1,0,12,1,42,36,42036,4,1987,WDBCA39D2HA3,W,D,B,C,A,3,9,D,2,H,A,3,0,P,MERZ,56L,4D,87,17,3925,,0,1209,,G,,F,8,339,,,15R205,,,,,,0,0,000000000,00000000000,0,0,0,1,0,0,0,0,0,0,0,999,0,1,5,12,12,6,2,1,0,0,0,1,12,34142,6,1,6,0,3,0,68,999,0,0,0,1,0,5,2011,5,2011,0,36,0,0,0,1,2,60,1,1,8,1,0,0,6,10,1,1,2,50,1,0
12,121971,2,2,1,4,11,17,38,12,2,1,0,12,2,20,24,20024,6,2009,1GNER23D59S1,1,G,N,E,R,2,3,D,5,9,S,1,0,P,CHEV,TRV,UT,9,17,4790,,0,1189,,G,,F,6,220,,,18R255,,,,,,0,0,000000000,00000000000,0,0,0,1,0,0,0,0,0,0,0,999,0,0,0,12,12,6,2,12,0,0,0,1,12,33974,6,1,0,0,3,0,60,999,0,0,0,4,0,3,2009,6,2011,0,0,0,0,0,1,2,60,1,1,8,1,0,0,1,54,1,1,1,51,0,0
12,121972,1,1,1,6,12,15,40,8,0,1,0,12,1,41,51,41051,4,2008,JM1BK3437811,J,M,1,B,K,3,4,3,7,8,1,1,0,P,MAZD,M3H,4H,8,17,2930,,0,1039,,G,,F,4,140,,,17R205,,,,,,0,0,000000000,00000000000,0,0,0,1,0,0,0,0,0,0,0,1,0,0,0,12,12,4,3,8,0,0,0,1,12,34119,6,1,0,0,3,0,64,999,0,0,0,0,0,0,0,0,0,0,36,0,0,0,1,2,30,1,1,8,3,0,0,11,80,1,1,1,13,0,0