STATE,ST_CASE,VEH_NO,VE_FORMS,NUMOCCS,DAY,MONTH,HOUR,MINUTE,HARM_EV,MAN_COLL,UNITTYPE,HIT_RUN,REG_STAT,OWNER,MAKE,MODEL,MAK_MOD,BODY_TYP,MOD_YEAR,VIN,VIN_1,VIN_2,VIN_3,VIN_4,VIN_5,VIN_6,VIN_7,VIN_8,VIN_9,VIN_10,VIN_11,VIN_12,TOW_VEH,VINTYPE,VINMAKE,VINA_MOD,VIN_BT,VINMODYR,VIN_LNGT,VIN_WGT,WGTCD_TR,WHLBS_LG,WHLBS_SH,SER_TR,FUELCODE,MCYCL_DS,CARBUR,CYLINDER,DISPLACE,MCYCL_CY,MCYCL_WT,TIRE_SZE,TON_RAT,TRK_WT,TRKWTVAR,VIN_REST,WHLDRWHL,J_KNIFE,MCARR_I1,MCARR_I2,MCARR_ID,GVWR,V_CONFIG,CARGO_BT,HAZ_INV,HAZ_PLAC,HAZ_ID,HAZ_CNO,HAZ_REL,BUS_USE,SPEC_USE,EMER_USE,TRAV_SP,UNDERIDE,ROLLOVER,ROLINLOC,IMPACT1,IMPACT2,DEFORMED,TOWED,M_HARM,VEH_SC1,VEH_SC2,FIRE_EXP,DR_PRES,L_STATE,DR_ZIP,L_STATUS,L_TYPE,CDL_STAT,L_ENDORS,L_COMPL,L_RESTRI,DR_HGT,DR_WGT,PREV_ACC,PREV_SUS,PREV_DWI,PREV_SPD,PREV_OTH,FIRST_MO,FIRST_YR,LAST_MO,LAST_YR,SPEEDREL,DR_SF1,DR_SF2,DR_SF3,DR_SF4,VTRAFWAY,VNUM_LAN,VSPD_LIM,VALIGN,VPROFILE,VPAVETYP,VSURCOND,VTRAFCON,VTCONT_F,P_CRASH1,P_CRASH2,P_CRASH3,PCRASH4,PCRASH5,ACC_TYPE,DEATHS,DR_DRINK
12,122212,1,1,1,12,10,22,31,43,0,1,0,12,1,53,705,53705,80,2006,JS1CP51A3621,J,S,1,C,P,5,1,A,3,6,2,1,0,M,SUZI,A6K,MS,6,17,,,,,,,638,,2,,4,524,,,,,,,0,0,000000000,00000000000,0,0,0,1,0,0,0,0,0,0,0,35,0,0,0,12,1,6,2,5,0,0,0,1,12,33778,6,1,0,0,3,0,73,999,0,0,0,0,0,0,0,0,0,0,0,0,0,0,1,2,35,3,1,8,1,0,0,14,13,1,1,4,1,1,1
12,122213,1,2,1,7,11,19,16,5,0,1,0,12,1,12,481,12481,31,2005,1FTVX12585NA,1,F,T,V,X,1,2,5,8,5,N,A,0,T,FORD,F15,4C,5,17,,2,1450,1260,COF,G,,,8,330,,,,B,5065,04,U,42,0,0,000000000,00000000000,0,0,0,1,0,0,0,0,0,0,0,10,0,0,0,83,9,4,3,12,0,0,0,1,12,33403,6,1,0,0,3,3,72,999,0,1,0,1,1,12,2008,12,2010,0,38,0,0,0,5,4,35,1,1,8,1,0,0,11,15,1,1,1,98,0,0
12,122213,2,2,1,7,11,19,16,5,0,1,0,12,1,53,706,53706,80,1992,JS1GV72AXN21,J,S,1,G,V,7,2,A,X,N,2,1,0,M,SUZI,GSX,RC,92,17,,,,,,,1127,,4,,4,547,,,,,,,0,0,000000000,00000000000,0,0,0,1,0,0,0,0,0,0,0,35,0,0,0,0,61,4,3,5,0,0,0,1,12,33404,6,1,0,0,3,3,71,999,0,0,0,1,2,4,2009,10,2011,0,0,0,0,0,5,4,35,1,1,8,1,0,0,1,98,98,1,1,0,1,1
12,122214,1,1,1,11,11,2,7,33,0,1,0,12,1,37,705,37705,80,1998,JH2PC2502WM7,J,H,2,P,C,2,5,0,2,W,M,7,0,M,HOND,RF3,RC,98,17,,,,,,,600,,4,,4,412,,,,,,,0,0,000000000,00000000000,0,0,0,1,0,0,0,0,0,0,0,45,0,0,0,12,98,6,2,1,0,0,0,1,12,32132,6,1,0,0,3,0,73,999,0,0,0,0,0,0,0,0,0,0,36,0,0,0,4,1,45,1,1,8,1,28,3,6,12,1,1,4,6,1,0
12,122215,1,1,2,13,11,1,25,30,0,1,0,12,1,20,481,20481,31,2003,1GCEK19T53E3,1,G,C,E,K,1,9,T,5,3,E,3,0,T,CHEV,SK1,4C,3,17,,2,1575,1435,SIL,G,,,8,325,,,,B,4910,02,,44,0,0,000000000,00000000000,0,0,0,1,0,0,0,0,0,0,0,60,0,1,5,1,0,6,2,1,0,0,0,1,12,32310,6,1,0,0,3,0,72,999,0,0,0,1,0,12,2009,12,2009,0,0,0,0,0,1,2,35,3,1,8,1,0,0,14,13,1,1,4,1,2,0
12,122216,1,1,1,27,11,4,44,8,0,1,0,12,1,12,401,12401,14,2000,1FMZU63EXYZB,1,F,M,Z,U,6,3,E,X,Y,Z,B,0,P,FORD,EPR,UT,0,17,3906,,0,1116,,G,,F,6,245,,,15R235,,,,,,0,0,000000000,00000000000,0,0,0,1,0,0,0,0,0,0,0,15,0,0,0,12,12,4,1,8,0,0,0,1,12,33782,6,1,0,0,3,3,68,999,0,0,0,1,0,1,2009,1,2009,0,0,0,0,0,2,3,45,1,1,8,1,3,3,11,80,1,1,1,13,0,0
12,122217,1,1,2,6,12,16,48,8,0,1,0,34,2,20,37,20037,4,2006,K66917320008,K,6,6,9,1,7,3,2,0,0,0,8,0,P,CHEV,,,6,15,,,,,,,,,,,,,,,,,,,0,0,000000000,00000000000,0,0,0,1,0,0,0,0,0,0,0,999,0,0,0,12,12,6,2,8,0,0,0,1,22,70460,3,1,0,0,2,0,68,130,0,1,0,1,3,6,2009,12,2010,0,0,0,0,0,3,3,35,1,1,8,1,0,0,1,80,1,1,1,13,0,0
12,122218,1,1,1,16,11,12,40,8,0,1,0,12,1,49,40,49040,4,1997,4T1BG22K3VU1,4,T,1,B,G,2,2,K,3,V,U,1,0,P,TOYT,UEX,4D,97,17,2976,,0,1051,,G,,F,4,132,,,14R195,,,,,,0,0,000000000,00000000000,0,0,0,1,0,0,0,0,0,0,0,25,0,0,0,12,12,4,1,8,0,0,0,1,12,33442,6,1,0,0,3,0,63,999,0,0,0,0,0,0,0,0,0,0,0,0,0,0,2,2,25,1,1,8,1,0,0,1,80,1,1,1,13,0,0
12,122219,1,2,1,27,8,19,29,12,6,1,0,92,0,76,703,76703,80,2003,JYACG14C83A0,J,Y,A,C,G,1,4,C,8,3,A,0,0,M,YAMA,Y2F,MX,3,17,,,,,,,249,,1,,4,208,,,,,,,0,0,000000000,00000000000,0,0,0,1,0,0,0,0,0,0,0,998,0,0,0,12,12,6,2,12,0,0,0,1,12,33167,1,1,0,0,2,0,69,999,0,0,0,0,1,11,2010,11,2010,0,39,0,0,0,1,2,98,1,1,8,1,20,3,1,17,1,1,1,88,1,0
12,122219,2,2,1,27,8,19,29,12,6,1,0,12,1,7,472,7472,30,2002,1B7HL48X72S6,1,B,7,H,L,4,8,X,7,2,S,6,0,T,DODG,DQS,CW,2,17,,2,0,1309,DAK,G,,,6,239,,,,B,4117,01,E,42,0,0,000000000,00000000000,0,0,0,1,0,0,0,0,0,0,0,998,0,0,0,9,9,6,2,12,0,0,0,1,12,33138,6,1,0,0,3,0,67,999,0,2,0,0,1,5,2010,4,2011,0,0,0,0,0,1,2,98,1,1,8,1,0,0,1,66,1,1,1,89,0,0
12,122220,1,1,4,19,11,14,10,8,0,1,0,12,1,63,34,63034,4,2011,KNAGN4A73B50,K,N,A,G,N,4,A,7,3,B,5,0,0,P,KIA,OES,4D,11,17,3385,,0,1071,,G,,F,4,144,,,16R205,,,,,,0,0,000000000,00000000000,0,0,0,1,0,0,0,0,0,0,0,2,0,0,0,6,6,4,1,8,0,0,0,1,12,34984,6,1,0,0,3,0,61,999,0,0,0,0,0,0,0,0,0,0,31,0,0,0,1,2,15,1,1,8,1,0,0,13,80,1,1,1,98,0,0
12,122221,1,1,1,8,12,2,38,42,0,1,0,9,1,49,40,49040,4,1994,JT2GK12E1R00,J,T,2,G,K,1,2,E,1,R,0,0,0,P,TOYT,CLE,4D,94,17,3086,,0,1031,,G,,F,6,183,,,15R205,,,,,,0,0,000000000,00000000000,0,0,0,1,0,0,0,0,0,0,0,45,0,0,0,12,12,6,2,42,0,0,0,1,9,6415,6,1,0,0,3,3,65,999,98,0,0,1,0,11,2010,11,2010,0,0,0,0,0,2,2,45,1,1,8,1,0,0,1,12,1,1,4,6,1,1
12,122222,1,2,1,13,8,7,48,12,6,1,0,12,1,35,401,35401,14,2008,5N1AR18UX8C6,5,N,1,A,R,1,8,U,X,8,C,6,0,P,NISS,PFI,UT,8,17,4427,,0,1122,,G,,F,6,244,,,16R245,,,,,,0,0,000000000,00000000000,0,0,0,1,0,0,0,0,0,0,0,998,0,0,0,12,12,6,2,12,0,0,0,1,12,34953,6,1,0,0,3,3,66,999,0,0,0,0,0,0,0,0,0,0,36,0,0,0,3,2,45,1,1,8,1,3,3,1,62,1,1,1,69,0,1
12,122222,2,2,1,13,8,7,48,12,6,1,0,12,1,49,471,49471,30,1994,4TARN81A6RZ1,4,T,A,R,N,8,1,A,6,R,Z,1,0,T,TOYT,USS,PK,94,17,,1,0,1030,UHT,G,,,4,144,,,,B,2690,00,A,42,0,0,000000000,00000000000,0,0,0,1,0,0,0,0,0,0,0,998,0,0,0,3,3,6,2,12,0,0,0,1,12,34953,6,1,0,0,3,0,70,999,0,0,0,0,0,0,0,0,0,0,0,0,0,0,3,2,45,1,1,8,1,3,3,11,15,1,1,1,68,1,0
12,122223,1,2,1,17,11,21,5,12,6,1,0,12,1,53,706,53706,80,2007,JS1GW71A6721,J,S,1,G,W,7,1,A,6,7,2,1,0,M,SUZI,GRZ,RC,7,17,,,,,,,1299,,4,,4,478,,,,,,,0,0,000000000,00000000000,0,0,0,1,0,0,0,0,0,0,0,75,0,0,0,12,12,6,2,12,0,0,0,1,12,33029,6,1,6,0,3,0,71,999,0,0,0,1,1,8,2010,12,2010,1,0,0,0,0,2,3,35,1,1,8,1,0,0,1,62,1,1,1,69,1,0
12,122223,2,2,1,17,11,21,5,12,6,1,0,12,2,12,37,12037,4,2002,1FAFP38312W3,1,F,A,F,P,3,8,3,1,2,W,3,0,P,FORD,FZT,4D,2,17,2604,,0,1030,,G,,F,4,121,,,16R205,,,,,,0,0,000000000,00000000000,0,0,0,1,0,0,0,0,0,0,0,10,0,0,0,3,3,6,2,12,0,0,0,1,12,33125,6,1,0,0,3,3,63,999,0,0,0,0,1,7,2010,7,2010,0,0,0,0,0,2,3,30,1,1,8,1,0,0,11,15,1,1,1,68,0,0
12,122224,1,2,1,8,12,16,2,12,6,1,0,12,1,37,31,37031,4,2002,2HGES16592H5,2,H,G,E,S,1,6,5,9,2,H,5,0,P,HOND,UCL,4D,2,17,2515,,0,1031,,G,,F,4,102,,,14R185,,,,,,0,0,000000000,00000000000,0,0,0,1,0,0,0,0,0,0,0,999,0,0,0,12,12,6,2,12,0,0,0,1,12,33147,6,1,0,0,3,3,65,999,1,0,0,1,2,4,2009,10,2011,0,36,0,0,0,1,2,30,1,1,8,1,20,3,1,56,1,1,1,93,1,0
12,122224,2,2,1,8,12,16,2,12,6,1,0,12,2,82,881,82881,66,2000,1FUYSSEB5YLA,1,F,U,Y,S,S,E,B,5,Y,L,A,1,T,FRHT,FC2,TR,0,17,,8,0,0,CON,D,,,6,774,,,,,00000,00,,64,1,12,1725952,121725952,3,6,1,1,0,0,0,0,0,0,0,3,0,0,0,9,9,4,1,12,0,0,0,1,12,33013,6,1,6,0,3,0,68,999,0,0,0,1,0,4,2010,4,2010,0,0,0,0,0,1,2,30,1,1,8,1,20,3,13,53,1,1,1,92,0,0
12,122225,1,1,1,27,3,21,37,8,0,1,0,12,1,37,32,37032,4,1996,1HGCD5657TA0,1,H,G,C,D,5,6,5,7,T,A,0,0,P,HOND,UER,4D,96,17,2974,,0,1069,,G,,F,4,132,,,15R195,,,,,,0,0,000000000,00000000000,0,0,0,1,0,0,0,0,0,0,0,50,0,0,0,12,12,6,2,8,0,0,0,1,12,33609,6,1,0,0,3,0,60,999,0,0,0,0,0,0,0,0,0,0,0,0,0,0,2,3,45,1,1,8,1,0,0,1,80,1,1,1,13,0,0
12,122227,1,2,2,28,8,16,9,12,6,1,0,12,1,35,402,35402,14,2005,5N1AN08U15C6,5,N,1,A,N,0,8,U,1,5,C,6,0,P,NISS,XTR,UT,5,17,5200,,0,1063,,G,,F,6,244,,,16R265,,,,,,0,0,000000000,00000000000,0,0,0,1,0,0,0,0,0,0,0,10,0,0,0,12,12,4,3,12,0,0,0,1,12,33767,6,1,0,0,3,3,70,999,1,0,0,0,5,3,2009,12,2010,0,38,0,0,0,1,2,25,1,1,8,1,20,3,1,17,1,1,1,88,0,0
12,122227,2,2,1,28,8,16,9,12,6,1,0,12,1,72,706,72706,80,2001,1HD1FHW161Y6,1,H,D,1,F,H,W,1,6,1,Y,6,0,M,HD,HPI,RS,1,17,,,,,,,1450,,2,,4,999,,,,,,,0,0,000000000,00000000000,0,0,0,1,0,0,0,0,0,0,0,30,0,0,0,9,9,6,2,1,0,0,0,1,12,33765,6,1,0,0,3,0,73,999,0,0,0,0,0,0,0,0,0,0,0,0,0,0,5,2,35,1,1,8,1,0,0,1,66,1,1,1,89,1,0
12,122228,1,1,1,16,10,3,30,40,0,1,0,12,2,12,37,12037,4,2007,1FAFP34N17W1,1,F,A,F,P,3,4,N,1,7,W,1,0,P,FORD,FMS,4D,7,17,2636,,0,1029,,G,,F,4,122,,,15R195,,,,,,0,0,000000000,00000000000,0,0,0,1,0,0,0,0,0,0,0,50,0,0,0,12,12,6,2,40,0,0,0,1,12,34120,6,1,0,0,3,0,66,999,0,0,0,0,0,0,0,0,0,0,36,0,0,0,2,3,45,1,1,8,1,0,0,1,13,1,1,4,1,1,0
12,122229,1,2,1,4,12,16,25,12,6,1,0,12,2,37,441,37441,20,1997,JHMRA1872VC0,J,H,M,R,A,1,8,7,2,V,C,0,0,P,HOND,ODY,SV,97,17,3382,,0,1114,,G,,F,4,132,,,15R205,,,,,,0,0,000000000,00000000000,0,0,0,1,0,0,0,0,0,0,0,40,0,0,0,12,12,6,2,12,0,0,0,1,12,32217,6,1,0,0,3,3,71,999,0,0,0,0,0,0,0,0,0,0,0,0,0,0,2,2,40,1,1,8,1,3,3,1,17,1,1,1,83,1,0
12,122229,2,2,2,4,12,16,25,12,6,1,0,12,1,49,422,49422,15,2008,5TDZY68A48S0,5,T,D,Z,Y,6,8,A,4,8,S,0,0,P,TOYT,SEQ,UT,8,17,5730,,0,1220,,G,,F,8,348,,,18R275,,,,,,0,0,000000000,00000000000,0,0,0,1,0,0,0,0,0,0,0,10,0,0,0,10,12,4,1,12,0,0,0,1,12,32207,6,1,0,0,3,3,65,999,0,0,0,1,0,2,2010,2,2010,0,0,0,0,0,2,2,40,1,1,8,1,3,3,11,66,1,1,1,82,0,0
12,122231,1,1,3,2,11,7,0,8,0,1,0,12,1,12,471,12471,30,2003,1FTYR10U33PB,1,F,T,Y,R,1,0,U,3,3,P,B,0,T,FORD,RNG,PK,3,17,,1,1175,1116,RNG,G,,,6,182,,,,B,3085,03,U,42,0,0,000000000,00000000000,0,0,0,1,0,0,0,0,0,0,0,35,0,0,0,12,12,2,3,8,0,0,0,1,12,33316,6,1,6,0,3,3,66,999,0,0,0,2,0,2,2010,9,2011,0,0,0,0,0,2,3,40,1,1,8,1,0,0,1,80,1,1,1,13,0,0
12,122232,1,2,2,14,11,17,44,12,6,1,0,12,1,6,51,6051,4,2001,2C3AE66GX1H5,2,C,3,A,E,6,6,G,X,1,H,5,0,P,CHRY,30M,4D,1,17,3512,,0,1130,,G,,F,6,215,,,17R225,,,,,,0,0,000000000,00000000000,0,0,0,1,0,0,0,0,0,0,0,10,0,0,0,9,9,6,2,12,0,0,0,1,12,32904,6,1,0,0,3,3,67,999,0,0,0,0,0,0,0,0,0,0,48,39,0,0,1,2,30,1,1,8,1,3,3,11,15,1,1,1,82,1,0
12,122232,2,2,1,14,11,17,44,12,6,1,0,12,2,35,43,35043,4,2003,3N1CB51D23L6,3,N,1,C,B,5,1,D,2,3,L,6,0,P,NISS,XGX,4D,3,17,2411,,0,998,,G,,F,4,108,,,15R195,,,,,,0,0,000000000,00000000000,0,0,0,1,0,0,0,0,0,0,0,40,0,0,0,12,12,6,2,12,0,0,0,1,12,32909,6,1,0,0,3,0,62,999,1,0,0,0,1,8,2011,10,2011,0,0,0,0,0,5,3,40,1,1,8,1,20,3,1,67,1,1,1,83,0,0
12,122233,1,1,2,29,11,22,30,8,0,1,0,12,1,35,47,35047,4,1995,1N4BU31D7SC1,1,N,4,B,U,3,1,D,7,S,C,1,0,P,NISS,AGS,4D,95,17,2800,,0,1031,,G,,F,4,146,,,15R205,,,,,,0,0,000000000,00000000000,0,0,0,1,0,0,0,0,0,0,0,45,0,0,0,12,12,6,2,8,0,0,0,1,12,34748,6,1,0,0,3,3,66,999,1,0,0,0,1,8,2011,9,2011,0,0,0,0,0,3,3,45,1,1,8,1,0,0,1,80,2,1,1,13,0,0
12,122234,1,1,1,23,12,16,0,9,0,1,0,12,3,98,884,98884,62,2000,KMFPB69B6YC0,K,M,F,P,B,6,9,B,6,Y,C,0,1,U,,,,0,17,,,,,,,,,,,,,,,,,,,1,77,777777777,77777777777,2,4,97,1,0,0,0,0,0,0,0,35,0,0,0,4,4,2,1,9,0,0,0,1,12,33837,6,1,6,3,3,0,67,999,0,0,0,0,0,0,0,0,0,0,0,0,0,0,2,3,45,1,1,8,1,0,0,1,83,1,1,1,13,0,0
12,122235,1,1,2,25,12,11,8,33,0,1,0,12,2,14,6,14006,4,2002,2MEFM75W02X6,2,M,E,F,M,7,5,W,0,2,X,6,0,P,MERC,MGL,4D,2,17,3970,,0,1147,,G,,F,8,281,,,16R225,,,,,,0,0,000000000,00000000000,0,0,0,1,0,0,0,0,0,0,0,55,0,1,5,61,61,6,2,30,0,0,0,1,12,33435,1,1,0,0,2,0,65,999,0,1,0,0,0,2,2011,2,2011,0,36,0,0,0,5,4,40,1,1,8,1,0,0,1,12,1,1,4,6,1,0
12,122236,1,3,3,28,12,15,30,12,6,1,0,12,2,37,31,37031,3,1994,2HGEH2352RH5,2,H,G,E,H,2,3,5,2,R,H,5,0,P,HOND,UCC,2H,94,17,2051,,0,1013,,G,,F,4,091,,,13R165,,,,,,0,0,000000000,00000000000,0,0,0,1,0,0,0,0,0,0,0,35,0,0,0,12,82,6,2,12,0,0,0,1,12,33012,6,1,0,0,3,0,74,999,0,0,0,0,0,0,0,0,0,0,36,0,0,0,2,2,40,1,1,8,1,0,0,1,52,1,1,2,44,2,0
12,122236,2,3,1,28,12,15,30,12,6,1,0,12,3,82,881,82881,66,1996,1FUYDCXB2TH6,1,F,U,Y,D,C,X,B,2,T,H,6,0,T,FRHT,FLD,TR,96,17,,8,0,0,CON,D,,,6,677,,,,,00000,00,,64,0,88,888888888,88888888888,3,5,96,1,0,0,0,0,0,0,0,40,0,0,0,9,14,4,1,12,0,0,0,1,12,33165,6,1,6,3,3,3,71,999,0,0,0,0,0,0,0,0,0,0,0,0,0,0,2,2,40,1,1,8,1,0,0,1,60,1,1,1,45,0,0
12,122236,3,3,1,28,12,15,30,12,6,1,0,12,3,84,881,84881,63,2004,1HTMSAAR34J0,1,H,T,M,S,A,A,R,3,4,J,0,0,T,INTL,440,CC,4,17,,8,0,0,40S,D,,,6,466,,,,,00000,00,,64,0,88,888888888,88888888888,3,2,96,1,0,0,0,0,0,0,0,10,0,0,0,6,6,4,1,12,0,0,0,1,12,33125,6,1,6,0,3,0,71,999,0,0,0,0,0,0,0,0,0,0,0,0,0,0,2,2,40,1,1,8,1,0,0,2,53,1,1,1,98,0,0
12,122237,1,2,1,27,10,10,0,12,6,1,0,12,1,76,998,76998,97,2004,JN6K840110,J,N,6,K,8,4,0,1,1,0,,,0,M,YAMA,,,4,10,,,,,,,,,,,,,,,,,,,0,0,000000000,00000000000,0,0,0,1,0,0,0,0,0,0,0,1,0,0,0,12,12,4,1,12,0,0,0,1,12,32162,6,1,0,0,3,3,72,999,0,0,0,0,0,0,0,0,0,0,0,0,0,0,1,2,20,1,1,8,1,20,3,1,62,1,1,1,69,1,0
12,122237,2,2,1,27,10,10,0,12,6,1,0,12,1,98,998,98998,97,2003,AQ0342334034,A,Q,0,3,4,2,3,3,4,0,3,4,0,U,,,,3,13,,,,,,,,,,,,,,,,,,,0,0,000000000,00000000000,0,0,0,1,0,0,0,0,0,0,0,1,0,0,0,1,1,2,1,12,0,0,0,1,26,48821,6,1,0,0,3,0,78,185,0,0,0,0,0,0,0,0,0,0,0,0,0,0,1,2,20,1,1,8,1,20,3,11,15,1,1,1,68,0,0
12,122238,1,1,1,7,12,19,45,8,0,1,0,12,1,63,34,63034,4,2001,KNAGD1267150,K,N,A,G,D,1,2,6,7,1,5,0,0,P,KIA,OLS,4D,1,17,3157,,0,1063,,G,,F,4,144,,,14R195,,,,,,0,0,000000000,00000000000,0,0,0,1,0,0,0,0,0,0,0,45,0,0,0,12,12,4,1,8,0,0,0,1,12,32812,6,1,0,0,3,0,66,999,0,0,0,0,0,0,0,0,0,0,0,0,0,0,3,3,45,1,1,8,1,0,0,1,80,1,1,1,13,0,0
12,122239,1,1,1,6,11,0,30,8,0,1,0,12,1,37,31,37031,2,1995,1HGEJ222XSL0,1,H,G,E,J,2,2,2,X,S,L,0,0,P,HOND,CID,CP,95,17,2168,,0,1032,,G,,F,4,091,,,13R175,,,,,,0,0,000000000,00000000000,0,0,0,1,0,0,0,0,0,0,0,45,0,0,0,12,12,4,3,8,0,0,0,1,12,34748,1,1,0,0,2,0,72,999,0,1,0,1,0,1,2011,9,2011,0,92,0,0,0,2,3,45,1,1,8,1,0,0,1,80,1,1,1,13,0,0
12,122240,1,2,1,22,12,15,50,12,6,1,0,12,1,20,481,20481,31,1985,1GCDC14H4FF4,1,G,C,D,C,1,4,H,4,F,F,4,0,T,CHEV,C10,PK,85,17,,1,1315,1175,C10,G,,,8,305,,,,B,3319,07,,42,0,0,000000000,00000000000,0,0,0,1,0,0,0,0,0,0,0,30,0,0,0,3,3,6,2,12,0,0,0,1,12,33401,6,1,0,0,3,3,73,999,0,0,0,0,0,0,0,0,0,0,38,39,0,0,1,2,25,1,1,8,1,20,3,1,17,1,1,1,87,1,0
12,122240,2,2,2,22,12,15,50,12,6,1,0,12,1,35,473,35473,31,2004,1N6AA06AX4N5,1,N,6,A,A,0,6,A,X,4,N,5,0,T,NISS,TXS,PC,4,17,,2,0,1398,TTN,G,,,8,342,,,,C,4603,03,E,42,0,0,000000000,00000000000,0,0,0,1,0,0,0,0,0,0,0,30,0,0,0,12,12,6,2,12,0,0,0,1,12,33411,6,1,0,0,3,0,71,999,0,0,0,0,0,0,0,0,0,0,0,0,0,0,2,2,35,1,1,8,1,0,0,1,66,1,1,1,86,0,0
12,122241,1,1,1,21,11,20,27,9,0,1,0,12,2,12,37,12037,4,2003,1FAFP34P43W1,1,F,A,F,P,3,4,P,4,3,W,1,0,P,FORD,FCS,4D,3,17,2564,,0,1030,,G,,F,4,122,,,15R195,,,,,,0,0,000000000,00000000000,0,0,0,1,0,0,0,0,0,0,0,35,0,0,0,12,12,6,2,9,0,0,0,1,12,33444,6,1,0,0,3,0,70,999,0,0,0,0,0,0,0,0,0,0,0,0,0,0,2,3,45,1,1,8,1,3,3,1,80,1,1,1,13,0,0
12,122242,1,1,1,14,2,6,30,59,0,1,0,12,2,49,33,49033,2,2000,JTDDR32T9Y00,J,T,D,D,R,3,2,T,9,Y,0,0,0,P,TOYT,CGF,2H,0,17,2425,,0,1023,,G,,F,4,109,,,15R195,,,,,,0,0,000000000,00000000000,0,0,0,1,0,0,0,0,0,0,0,45,0,0,0,12,12,6,2,42,0,0,0,1,12,33042,6,1,0,0,3,0,75,999,0,0,0,0,0,0,0,0,0,0,0,0,0,0,2,1,45,1,1,8,1,28,3,1,13,1,1,4,1,1,0
12,122244,1,1,1,4,11,19,48,8,0,1,0,12,1,7,422,7422,15,2005,1D4HD48N25F5,1,D,4,H,D,4,8,N,2,5,F,5,0,P,DODG,DUR,UT,5,17,4479,,0,1192,,G,,F,8,287,,,17R265,,,,,,0,0,000000000,00000000000,0,0,0,1,0,0,0,0,0,0,0,999,0,0,0,12,12,4,9,8,0,0,0,1,12,32792,6,1,0,0,3,0,75,999,0,0,0,0,0,0,0,0,0,0,0,0,0,0,2,4,50,1,1,8,1,0,0,1,80,1,1,1,13,0,0
12,122245,1,2,1,8,11,0,0,12,6,1,0,12,1,49,472,49472,30,2004,5TEWM72N74Z3,5,T,E,W,M,7,2,N,7,4,Z,3,0,T,TOYT,XTR,PC,4,17,,1,0,1219,TAC,G,,,4,164,,,,B,3470,00,U,44,0,0,000000000,00000000000,0,0,0,1,0,0,0,0,0,0,0,25,0,0,0,3,3,6,2,12,0,0,0,1,12,32176,6,1,0,0,3,3,70,999,0,0,0,0,0,0,0,0,0,0,38,0,0,0,2,3,50,1,1,8,1,0,0,11,10,1,1,1,68,1,0
12,122245,2,2,1,8,11,0,0,12,6,1,0,12,3,12,481,12481,31,2004,1FTSW31P54EE,1,F,T,S,W,3,1,P,5,4,E,E,1,T,FORD,F3S,CW,4,17,,2,1724,1562,SRW,D,,,8,366,,,,D,6267,00,E,44,1,0,000000000,00000000000,0,0,0,1,0,0,0,0,0,0,0,45,0,0,0,12,12,6,2,12,0,0,0,1,12,32174,6,1,0,0,3,0,68,999,0,0,0,0,0,0,0,0,0,0,0,0,0,0,2,3,50,1,1,8,1,0,0,1,62,1,1,1,69,0,1
12,122246,1,2,1,13,11,0,0,12,1,1,1,99,9,99,999,99999,99,9999,999999999999,9,9,9,9,9,9,9,9,9,9,9,9,0,,,,,,,,,,,,,,,,,,,,,,,,,0,0,000000000,00000000000,0,0,0,1,0,0,0,0,0,0,0,998,0,0,0,6,6,2,1,12,0,0,0,1,99,99999,9,9,99,9,9,9,999,999,99,99,99,99,99,99,9999,99,9999,0,0,0,0,0,5,4,40,1,1,8,1,0,0,1,53,1,1,1,25,0,0
12,122246,2,2,1,13,11,0,0,12,1,1,0,12,1,72,706,72706,80,2009,1HD1FC4199Y6,1,H,D,1,F,C,4,1,9,9,Y,6,0,M,HD,FLU,RS,9,17,,,,,,,1584,,2,,4,889,,,,,,,0,0,000000000,00000000000,0,0,0,1,0,0,0,0,0,0,0,998,0,0,0,12,12,6,2,12,0,0,0,1,12,33884,6,1,6,0,3,0,66,999,0,0,0,0,0,0,0,0,0,0,0,0,0,0,5,4,40,1,1,8,1,0,0,1,51,1,1,1,24,1,1
12,122247,1,2,1,1,12,0,58,12,1,1,0,12,1,53,706,53706,80,2001,JS1VX51L1121,J,S,1,V,X,5,1,L,1,1,2,1,0,M,SUZI,VS4,RS,1,17,,,,,,,1360,,2,,4,535,,,,,,,0,0,000000000,00000000000,0,0,0,1,0,0,0,0,0,0,0,25,0,0,0,12,12,6,2,12,0,0,0,1,12,33186,6,1,0,0,3,0,69,999,0,1,0,0,0,5,2009,5,2009,0,0,0,0,0,2,3,40,1,1,8,1,3,3,1,50,1,1,1,20,1,1
12,122247,2,2,1,1,12,0,58,12,1,1,0,12,2,35,473,35473,31,2006,1N6BA07A36N5,1,N,6,B,A,0,7,A,3,6,N,5,0,T,NISS,TXS,CW,6,17,,2,0,1398,TTN,F,,,8,342,,,,C,4713,00,E,42,0,0,000000000,00000000000,0,0,0,1,0,0,0,0,0,0,0,0,0,0,0,6,6,4,3,12,0,0,0,1,12,33193,6,1,0,0,3,0,69,999,0,0,0,0,0,0,0,0,0,0,0,0,0,0,2,3,40,1,1,8,1,3,3,5,53,1,1,1,21,0,0
12,122248,1,1,1,2,12,0,5,23,0,1,0,34,1,37,706,37706,80,2001,JH2SC44361M1,J,H,2,S,C,4,4,3,6,1,M,1,0,M,HOND,C9R,RC,1,17,,,,,,,929,,4,,4,379,,,,,,,0,0,000000000,00000000000,0,0,0,1,0,0,0,0,0,0,0,60,0,0,0,2,2,2,3,23,0,0,0,1,12,33009,6,1,0,0,3,0,71,999,0,0,0,0,0,0,0,0,0,1,36,0,0,0,4,1,25,3,4,8,1,0,0,14,6,1,1,4,1,1,0