STATE,ST_CASE,VEH_NO,VE_FORMS,NUMOCCS,DAY,MONTH,HOUR,MINUTE,HARM_EV,MAN_COLL,UNITTYPE,HIT_RUN,REG_STAT,OWNER,MAKE,MODEL,MAK_MOD,BODY_TYP,MOD_YEAR,VIN,VIN_1,VIN_2,VIN_3,VIN_4,VIN_5,VIN_6,VIN_7,VIN_8,VIN_9,VIN_10,VIN_11,VIN_12,TOW_VEH,VINTYPE,VINMAKE,VINA_MOD,VIN_BT,VINMODYR,VIN_LNGT,VIN_WGT,WGTCD_TR,WHLBS_LG,WHLBS_SH,SER_TR,FUELCODE,MCYCL_DS,CARBUR,CYLINDER,DISPLACE,MCYCL_CY,MCYCL_WT,TIRE_SZE,TON_RAT,TRK_WT,TRKWTVAR,VIN_REST,WHLDRWHL,J_KNIFE,MCARR_I1,MCARR_I2,MCARR_ID,GVWR,V_CONFIG,CARGO_BT,HAZ_INV,HAZ_PLAC,HAZ_ID,HAZ_CNO,HAZ_REL,BUS_USE,SPEC_USE,EMER_USE,TRAV_SP,UNDERIDE,ROLLOVER,ROLINLOC,IMPACT1,IMPACT2,DEFORMED,TOWED,M_HARM,VEH_SC1,VEH_SC2,FIRE_EXP,DR_PRES,L_STATE,DR_ZIP,L_STATUS,L_TYPE,CDL_STAT,L_ENDORS,L_COMPL,L_RESTRI,DR_HGT,DR_WGT,PREV_ACC,PREV_SUS,PREV_DWI,PREV_SPD,PREV_OTH,FIRST_MO,FIRST_YR,LAST_MO,LAST_YR,SPEEDREL,DR_SF1,DR_SF2,DR_SF3,DR_SF4,VTRAFWAY,VNUM_LAN,VSPD_LIM,VALIGN,VPROFILE,VPAVETYP,VSURCOND,VTRAFCON,VTCONT_F,P_CRASH1,P_CRASH2,P_CRASH3,PCRASH4,PCRASH5,ACC_TYPE,DEATHS,DR_DRINK
12,122283,1,1,1,1,10,20,11,8,0,1,0,12,3,23,402,23402,14,2010,2CTALDEW2A63,2,C,T,A,L,D,E,W,2,A,6,3,0,T,GMC,TEL,4W,10,17,,1,0,1125,TER,G,,,4,146,,,,,3829,00,S,42,0,0,000000000,00000000000,0,0,0,1,0,0,0,0,0,0,0,40,0,0,0,12,12,4,3,8,0,0,0,1,12,33778,6,1,0,0,3,0,74,999,0,0,0,0,0,0,0,0,0,0,0,0,0,0,3,2,45,1,1,8,1,0,0,1,80,1,1,1,13,0,0
12,122284,1,1,1,6,11,20,25,33,0,1,0,12,1,98,703,98703,88,2008,L8YTCNPB08Y0,L,8,Y,T,C,N,P,B,0,8,Y,0,0,U,,,,8,17,,,,,,,,,,,,,,,,,,,0,0,000000000,00000000000,0,0,0,1,0,0,0,0,0,0,0,40,0,0,0,99,99,4,3,33,0,0,0,1,12,33455,6,1,0,0,3,3,65,999,0,0,0,0,0,0,0,0,0,1,0,0,0,0,2,3,45,1,1,8,2,0,0,1,12,99,1,4,6,1,0
12,122285,1,1,1,3,12,8,20,24,0,1,0,26,2,12,471,12471,30,1999,1FTYR10CXXPB,1,F,T,Y,R,1,0,C,X,X,P,B,0,T,FORD,RNG,PK,99,17,,1,1175,1116,RNG,G,,,4,153,,,,B,00000,00,U,42,0,0,000000000,00000000000,0,0,0,1,0,0,0,0,0,0,0,55,0,1,5,12,81,6,2,1,0,0,0,1,12,32901,1,1,0,0,2,0,66,999,0,2,0,0,0,5,2009,2,2011,0,0,0,0,0,3,2,50,1,1,8,1,0,0,1,13,1,1,4,1,1,0
12,122286,1,3,1,22,10,12,6,12,6,1,0,12,1,42,402,42402,14,2010,WDCGG5GBXAF5,W,D,C,G,G,5,G,B,X,A,F,5,0,P,MERZ,GK3,UT,10,17,3979,,0,1085,,G,,F,6,213,,,19R235,,,,,,0,0,000000000,00000000000,0,0,0,1,0,0,0,0,0,0,0,40,0,0,0,8,8,6,2,12,0,0,0,1,12,33019,6,1,6,0,3,3,66,999,0,0,0,0,0,0,0,0,0,0,38,0,0,0,1,2,40,1,1,8,1,0,0,10,16,1,1,1,78,0,0
12,122286,2,3,1,22,10,12,6,12,6,1,0,12,1,53,705,53705,80,2005,JS1GN7CAX521,J,S,1,G,N,7,C,A,X,5,2,1,0,M,SUZI,GSK,RC,5,17,,,,,,,599,,4,,4,355,,,,,,,0,0,000000000,00000000000,0,0,0,1,0,0,0,0,0,0,0,40,0,0,0,12,12,6,2,12,0,0,0,1,12,33162,6,1,0,0,3,0,70,999,0,0,0,0,0,0,0,0,0,0,0,0,0,0,2,3,40,1,1,8,1,0,0,1,70,1,1,1,79,1,0
12,122286,3,3,1,22,10,12,6,12,6,1,0,12,1,49,32,49032,4,2011,2T1BU4EE4BC6,2,T,1,B,U,4,E,E,4,B,C,6,0,P,TOYT,CBS,4D,11,17,2734,,0,1024,,G,,F,4,110,,,15R195,,,,,,0,0,000000000,00000000000,0,0,0,1,0,0,0,0,0,0,0,35,0,0,0,9,9,4,1,12,0,0,0,1,12,33021,6,1,0,0,3,3,63,999,0,0,0,0,0,0,0,0,0,0,0,0,0,0,2,3,40,1,1,8,1,0,0,1,62,1,1,1,98,0,0
12,122287,1,1,1,29,12,6,25,8,0,1,0,12,1,37,31,37031,4,2009,1HGFA16589L0,1,H,G,F,A,1,6,5,8,9,L,0,0,P,HOND,UCL,4D,9,17,2687,,0,1063,,G,,F,4,110,,,16R205,,,,,,0,0,000000000,00000000000,0,0,0,1,0,0,0,0,0,0,0,35,0,0,0,1,1,4,1,8,0,0,0,1,12,33021,6,1,0,0,3,3,61,999,0,0,0,0,0,0,0,0,0,0,0,0,0,0,4,3,40,1,1,8,1,0,0,1,80,6,1,1,13,0,0
12,122288,1,1,1,28,10,1,27,42,0,1,0,36,1,2,404,2404,14,2000,1J4GW48S1YC2,1,J,4,G,W,4,8,S,1,Y,C,2,0,T,JEEP,LRO,4W,0,17,,1,0,1059,GCK,G,,,6,244,,,,,3847,01,E,44,0,0,000000000,00000000000,0,0,0,1,0,0,0,0,0,0,0,35,0,0,0,12,12,6,2,42,0,0,0,1,12,33410,6,1,0,0,3,3,64,999,0,0,0,0,0,0,0,0,0,0,38,0,0,0,2,2,35,1,1,8,2,3,3,1,12,99,1,4,6,1,1
12,122289,1,1,1,14,12,13,40,59,0,1,0,12,1,58,37,58037,2,2006,JNKCV54E36M7,J,N,K,C,V,5,4,E,3,6,M,7,0,P,INFI,G35,CP,6,17,3505,,0,1122,,G,,F,6,214,,,17R225,,,,,,0,0,000000000,00000000000,0,0,0,1,0,0,0,0,0,0,0,70,0,1,5,12,81,6,2,19,0,0,0,1,12,33147,6,1,0,0,3,0,71,999,0,0,0,1,0,2,2011,2,2011,0,36,0,0,0,1,2,30,1,1,8,1,0,0,1,12,1,1,4,6,1,0
12,122290,1,1,1,30,12,0,36,8,0,1,0,12,2,55,35,55035,4,2000,KMHJF35F1YU9,K,M,H,J,F,3,5,F,1,Y,U,9,0,P,HYUN,EGS,4D,0,17,2626,,0,1004,,G,,F,4,121,,,14R195,,,,,,0,0,000000000,00000000000,0,0,0,1,0,0,0,0,0,0,0,45,0,0,0,12,12,6,2,8,0,0,0,1,12,34655,3,1,0,0,2,0,71,999,0,0,0,0,0,0,0,0,0,0,0,0,0,0,1,4,40,1,1,8,1,0,0,1,80,1,1,1,13,0,0
12,122291,1,2,1,22,8,10,30,12,6,1,0,12,1,37,403,37403,14,2006,5J6YH187X6L0,5,J,6,Y,H,1,8,7,X,6,L,0,0,P,HOND,ELE,UT,6,17,3441,,0,1014,,G,,F,4,146,,,16R215,,,,,,0,0,000000000,00000000000,0,0,0,1,0,0,0,0,0,0,0,45,0,0,0,11,12,6,2,42,0,0,0,1,12,32038,6,1,0,0,3,0,63,999,0,0,0,0,0,0,0,0,0,0,28,0,0,0,1,2,45,2,6,8,1,0,0,14,10,1,1,2,64,1,0
12,122291,2,2,1,22,8,10,30,12,6,1,0,12,3,82,881,82881,63,2005,1FVACXCS45DN,1,F,V,A,C,X,C,S,4,5,D,N,1,T,FRHT,16M,CC,5,17,,7,0,0,FM2,D,,,6,391,,,,,00000,00,,42,1,77,777777777,77777777777,3,4,1,1,0,0,0,0,0,0,0,35,0,0,0,63,63,2,1,12,0,0,0,1,12,32025,6,1,0,0,3,0,68,999,0,0,0,0,0,0,0,0,0,0,0,0,0,0,1,2,35,1,1,8,1,0,0,1,62,7,1,2,65,0,0
12,122292,1,1,1,10,8,22,0,42,0,1,0,12,3,63,38,63038,4,2011,KNAFU4A2XB53,K,N,A,F,U,4,A,2,X,B,5,3,0,P,KIA,FEX,4D,11,17,2707,,0,1043,,G,,F,4,122,,,15R195,,,,,,0,0,000000000,00000000000,0,0,0,1,0,0,0,0,0,0,0,60,0,0,0,11,11,6,2,42,0,0,0,1,12,34428,6,1,0,0,3,3,70,999,0,0,0,0,1,4,2010,4,2010,0,36,0,0,0,1,2,45,1,1,8,1,0,0,1,13,1,1,4,1,1,0
12,122293,1,1,1,13,5,21,21,9,0,1,1,99,9,99,999,99999,99,9999,999999999999,9,9,9,9,9,9,9,9,9,9,9,9,0,,,,,,,,,,,,,,,,,,,,,,,,,0,0,000000000,00000000000,0,0,0,1,0,0,0,0,0,0,0,35,0,0,0,12,12,4,1,9,0,0,0,1,99,99999,9,9,99,9,9,9,999,999,99,99,99,99,99,99,9999,99,9999,0,86,0,0,0,2,2,35,1,3,8,1,0,0,1,83,99,1,1,13,0,0
12,122294,1,1,1,8,12,18,5,8,0,1,0,12,2,9,38,9038,4,1998,1P3EJ46X5WN2,1,P,3,E,J,4,6,X,5,W,N,2,0,P,PLYM,BEE,4D,98,17,2848,,0,1080,,G,,F,4,148,,,14R195,,,,,,0,0,000000000,00000000000,0,0,0,1,0,0,0,0,0,0,0,35,0,0,0,12,12,4,1,8,0,0,0,1,12,34432,6,1,6,0,3,3,76,999,0,0,0,0,0,0,0,0,0,0,0,0,0,0,2,2,45,1,1,8,1,0,0,15,80,1,1,2,13,0,0
12,122295,1,1,1,23,12,0,34,8,0,1,0,12,1,7,482,7482,31,2003,1D7HA18N43S1,1,D,7,H,A,1,8,N,4,3,S,1,0,T,DODG,SQ1,CW,3,17,,2,1605,1405,RPC,G,,,8,287,,,,B,4665,03,E,42,0,0,000000000,00000000000,0,0,0,1,0,0,0,0,0,0,0,998,0,0,0,12,12,4,1,8,0,0,0,1,12,33803,6,1,0,0,3,0,71,999,0,0,0,0,0,0,0,0,0,0,0,0,0,0,2,2,45,1,1,8,1,0,0,1,80,1,1,1,13,0,0
12,122296,1,1,1,25,8,20,23,8,0,1,1,99,9,99,999,99999,99,9999,999999999999,9,9,9,9,9,9,9,9,9,9,9,9,0,,,,,,,,,,,,,,,,,,,,,,,,,0,0,000000000,00000000000,0,0,0,1,0,0,0,0,0,0,0,999,0,0,0,12,12,9,1,8,0,0,0,1,99,99999,9,9,99,9,9,9,999,999,99,99,99,99,99,99,9999,99,9999,0,0,0,0,0,2,2,35,8,1,8,1,0,0,1,80,99,1,1,13,0,0
12,122297,1,1,1,26,8,16,42,1,0,1,0,12,2,7,482,7482,31,2004,1D7HA16KX4J1,1,D,7,H,A,1,6,K,X,4,J,1,0,T,DODG,S1T,PK,4,17,,2,1405,1205,RPC,G,,,6,225,,,,B,4445,01,E,42,0,0,000000000,00000000000,0,0,0,1,0,0,0,0,0,0,0,60,0,2,5,0,0,6,2,1,0,0,0,1,12,33032,0,0,0,0,0,0,999,999,0,0,0,0,0,0,0,0,0,1,0,0,0,0,1,2,99,1,1,8,11,0,0,1,6,1,1,4,6,1,0
12,122298,1,1,1,13,12,8,32,9,0,1,0,12,1,12,401,12401,14,1997,1FMDU32P1VZA,1,F,M,D,U,3,2,P,1,V,Z,A,0,P,FORD,EPR,UT,97,17,3939,,0,1115,,G,,F,8,302,,,15R225,,,,,,0,0,000000000,00000000000,0,0,0,1,0,0,0,0,0,0,0,30,0,0,0,12,12,4,1,9,0,0,0,1,12,33142,6,1,0,0,3,0,60,999,0,0,0,0,0,0,0,0,0,0,0,0,0,0,2,2,35,1,1,8,2,0,0,1,83,1,1,1,13,0,0
12,122299,1,2,1,14,12,6,26,12,2,1,0,12,1,7,17,7017,5,1994,1B3AP28D6RN1,1,B,3,A,P,2,8,D,6,R,N,1,0,P,DODG,SHA,4H,94,17,2597,,0,972,,G,,F,4,135,,,14R185,,,,,,0,0,000000000,00000000000,0,0,0,1,0,0,0,0,0,0,0,20,0,0,0,12,12,6,2,12,0,0,0,1,12,33126,6,1,0,0,3,3,64,999,1,0,0,0,1,7,2009,12,2011,0,38,0,0,0,1,4,40,1,1,8,1,3,3,11,15,1,1,1,68,0,0
12,122299,2,2,1,14,12,6,26,12,2,1,0,12,2,37,705,37705,80,2002,JH2RC44382K6,J,H,2,R,C,4,4,3,8,2,K,6,0,M,HOND,V7A,RS,2,17,,,,,,,745,,2,,4,505,,,,,,,0,0,000000000,00000000000,0,0,0,1,0,0,0,0,0,0,0,40,0,0,0,12,12,6,2,12,0,0,0,1,12,33125,6,1,6,0,3,0,64,999,0,0,0,0,0,0,0,0,0,0,0,0,0,0,1,4,40,1,1,8,1,3,3,1,62,1,1,1,69,1,0
12,122300,1,1,1,23,12,22,39,8,0,1,0,12,1,35,47,35047,4,1998,1N4DL01D1WC2,1,N,4,D,L,0,1,D,1,W,C,2,0,P,NISS,AGS,4D,98,17,2766,,0,1031,,G,,F,4,146,,,15R195,,,,,,0,0,000000000,00000000000,0,0,0,1,0,0,0,0,0,0,0,55,0,0,0,12,12,6,2,8,0,0,0,1,12,33034,6,1,0,0,3,0,66,999,0,0,0,0,0,0,0,0,0,0,0,0,0,0,1,2,55,1,1,8,1,0,0,1,80,7,1,1,13,0,0
12,122301,1,1,2,5,8,12,0,42,0,1,0,12,1,19,18,19018,4,2010,1G6D05EV2A01,1,G,6,D,0,5,E,V,2,A,0,1,0,P,CADI,CPA,4D,10,17,3861,,0,1134,,G,,F,6,220,,,18R235,,,,,,0,0,000000000,00000000000,0,0,0,1,0,0,0,0,0,0,0,65,0,1,5,98,98,6,2,3,0,0,0,1,12,34141,6,1,0,0,3,3,70,999,0,0,0,0,0,0,0,0,0,1,36,0,0,0,1,2,30,1,1,8,1,0,0,1,13,1,1,4,1,1,1
12,122302,1,1,1,4,5,10,10,42,0,1,0,12,1,35,43,35043,4,2006,3N1CB51DX6L5,3,N,1,C,B,5,1,D,X,6,L,5,0,P,NISS,S18,4D,6,17,2509,,0,998,,G,,F,4,108,,,15R195,,,,,,0,0,000000000,00000000000,0,0,0,1,0,0,0,0,0,0,0,45,0,0,0,12,12,6,2,42,0,0,0,1,12,32968,6,1,0,0,3,3,63,999,0,0,0,0,0,0,0,0,0,0,28,0,0,0,4,1,35,1,1,8,1,0,0,1,13,1,1,4,1,1,0
12,122303,1,1,1,8,10,5,50,42,0,1,0,12,1,12,481,12481,31,1997,1FTJX35F9VEB,1,F,T,J,X,3,5,F,9,V,E,B,0,T,FORD,F35,PC,97,17,,2,0,1550,COF,D,,,8,444,,,,D,5300,00,A,42,0,0,000000000,00000000000,0,0,0,1,0,0,0,0,0,0,0,40,0,0,0,12,61,6,2,42,0,0,0,1,12,33030,6,1,0,0,3,0,69,999,0,0,0,0,0,0,0,0,0,0,36,0,0,0,1,2,40,1,1,8,2,0,0,1,12,1,1,4,6,1,0
12,122304,1,1,1,1,10,11,14,8,0,1,0,12,1,49,46,49046,4,2002,JT2BK12U7200,J,T,2,B,K,1,2,U,7,2,0,0,0,P,TOYT,PRI,4D,2,17,2765,,0,1004,,B,,F,4,091,,,14R175,,,,,,0,0,000000000,00000000000,0,0,0,1,0,0,0,0,0,0,0,25,0,0,0,11,13,4,1,8,0,0,0,1,12,33154,6,1,0,0,3,3,72,999,0,0,0,0,0,0,0,0,0,0,0,0,0,0,3,2,35,1,1,8,1,0,0,1,80,1,1,1,13,0,0
12,122308,1,1,1,14,9,23,33,9,0,1,0,12,1,20,2,20002,4,2006,2G1WB58K8692,2,G,1,W,B,5,8,K,8,6,9,2,0,P,CHEV,IPL,4D,6,17,3477,,0,1105,,F,,F,6,214,,,16R225,,,,,,0,0,000000000,00000000000,0,0,0,1,0,0,0,0,0,0,0,40,0,0,0,12,12,4,3,9,0,0,0,1,12,33025,6,1,0,0,3,3,66,999,0,3,0,0,1,6,2009,4,2011,0,0,0,0,0,5,4,35,1,1,8,1,0,0,1,83,1,1,1,13,0,0
12,122309,1,1,1,2,12,1,9,14,0,1,0,12,2,22,2,22002,4,1997,1G2HX52K3VH2,1,G,2,H,X,5,2,K,3,V,H,2,0,P,PONT,BVS,4D,97,17,3350,,0,1108,,G,,F,6,231,,,15R215,,,,,,0,0,000000000,00000000000,0,0,0,1,0,0,0,0,0,0,0,999,0,0,0,12,12,6,2,14,0,0,0,1,12,33168,6,1,0,0,3,0,69,999,0,0,0,0,0,0,0,0,0,1,36,0,0,0,1,2,30,1,1,8,1,0,0,1,13,1,1,4,1,1,0
12,122310,1,2,5,4,12,3,1,12,6,1,1,12,1,12,16,12016,4,2004,2FAHP71W24X1,2,F,A,H,P,7,1,W,2,4,X,1,0,P,FORD,CVP,4D,4,17,0,,0,1147,,G,,F,8,281,,,000000,,,,,,0,0,000000000,00000000000,0,0,0,1,0,0,0,0,0,0,0,10,0,0,0,81,81,6,2,12,0,0,0,1,12,33142,1,1,0,0,2,0,68,999,0,1,0,0,0,9,2011,9,2011,1,36,39,0,0,2,2,40,1,1,8,1,3,3,1,17,1,1,1,87,1,0
12,122310,2,2,1,4,12,3,1,12,6,1,0,12,1,37,32,37032,2,2003,1HGCM72693A0,1,H,G,C,M,7,2,6,9,3,A,0,0,P,HOND,UEX,CP,3,17,3047,,0,1051,,G,,F,4,146,,,16R205,,,,,,0,0,000000000,00000000000,0,0,0,1,0,0,0,0,0,0,0,40,0,0,0,12,12,6,2,12,0,0,0,1,12,33141,6,1,0,0,3,3,68,999,0,0,0,0,0,0,0,0,0,0,0,0,0,0,2,2,40,1,1,8,1,3,3,1,66,1,1,1,86,0,0
13,130001,1,1,3,1,1,3,33,38,0,1,0,13,2,12,37,12037,4,2000,1FAFP3438YW3,1,F,A,F,P,3,4,3,8,Y,W,3,0,P,FORD,FSS,4D,0,17,2564,,0,1030,,G,,F,4,121,,,15R195,,,,,,0,0,000000000,00000000000,0,0,0,1,0,0,0,0,0,0,0,998,0,0,0,12,61,6,2,30,0,0,0,1,13,31401,0,0,0,0,0,0,999,999,98,1,0,0,0,8,2008,8,2008,1,39,29,0,0,1,2,25,1,8,8,2,20,3,1,13,99,1,4,1,1,1
13,130002,1,1,1,1,1,6,35,53,0,1,0,13,1,37,32,37032,4,2001,1HGCG55461A1,1,H,G,C,G,5,5,4,6,1,A,1,0,P,HOND,ULX,4D,1,17,3031,,0,1069,,G,,F,4,138,,,15R195,,,,,,0,0,000000000,00000000000,0,0,0,1,0,0,0,0,0,0,0,998,0,0,0,10,10,6,2,53,0,0,0,1,13,30135,6,1,0,0,3,3,66,140,98,0,0,0,0,0,0,0,0,1,28,29,36,0,1,2,35,2,6,8,1,0,0,14,6,7,3,4,7,1,1
13,130003,1,1,1,1,1,8,30,30,0,1,0,13,2,23,401,23401,14,2002,1GKDS13S9223,1,G,K,D,S,1,3,S,9,2,2,3,0,T,GMC,ENV,4W,2,17,,1,0,1130,ENV,G,,,6,256,,,,B,4442,00,K,42,0,0,000000000,00000000000,0,0,0,1,0,0,0,0,0,0,0,998,0,0,0,12,12,6,2,30,0,0,0,1,13,30324,0,0,0,0,0,0,999,999,98,0,0,0,0,0,0,0,0,0,29,0,0,0,1,9,35,4,1,2,2,0,0,14,13,99,1,4,1,1,0
13,130004,1,2,1,1,1,12,36,12,2,1,0,13,1,12,481,12481,31,2000,1FTRX07W3YKB,1,F,T,R,X,0,7,W,3,Y,K,B,0,T,FORD,F15,4C,0,17,,2,0,1385,COF,G,,,8,281,,,,B,4204,03,U,42,0,0,000000000,00000000000,0,0,0,1,0,0,0,0,0,0,0,998,0,0,0,12,12,6,2,12,0,0,0,1,13,30701,6,1,0,0,3,0,67,230,98,0,0,0,0,0,0,0,0,0,0,0,0,0,1,4,55,1,1,2,2,0,0,1,62,1,1,1,51,1,0
13,130004,2,2,1,1,1,12,36,12,2,1,0,13,2,20,16,20016,4,1998,1G1JC5247W71,1,G,1,J,C,5,2,4,7,W,7,1,0,P,CHEV,CAV,4D,98,17,2630,,0,1041,,G,,F,4,133,,,14R195,,,,,,0,0,000000000,00000000000,0,0,0,1,0,0,0,0,0,0,0,998,0,0,0,12,12,6,2,12,32,0,0,1,13,30747,6,1,6,0,3,3,72,375,98,0,0,0,0,0,0,0,0,0,28,0,0,0,1,4,55,1,1,2,2,0,0,1,10,99,1,2,50,1,0
13,130005,1,1,2,2,1,5,5,33,0,1,0,13,2,35,39,35039,4,2000,JN1CA31D0YT7,J,N,1,C,A,3,1,D,0,Y,T,7,0,P,NISS,MGS,4D,0,17,3071,,0,1083,,G,,F,6,182,,,15R205,,,,,,0,0,000000000,00000000000,0,0,0,1,0,0,0,0,0,0,0,998,0,1,5,14,98,6,2,42,0,0,0,1,13,31787,0,0,0,0,0,0,69,152,98,0,0,0,0,0,0,0,0,1,29,0,0,0,1,4,40,2,2,2,2,0,0,14,6,9,3,4,2,2,0
13,130006,1,1,2,2,1,5,30,32,0,1,0,12,1,19,20,19020,6,2010,3GYFNBEY4AS6,3,G,Y,F,N,B,E,Y,4,A,S,6,0,P,CADI,SRX,UT,10,17,4224,,0,1105,,G,,F,6,183,,,20R235,,,,,,0,0,000000000,00000000000,0,0,0,1,0,0,0,0,0,0,0,998,0,1,2,12,13,6,2,1,0,0,0,1,12,32086,6,1,6,0,3,3,69,999,0,0,0,0,0,0,0,0,0,0,28,29,0,0,1,2,55,2,1,8,2,0,0,14,12,99,9,4,7,1,0
13,130007,1,1,1,2,1,11,25,34,0,1,0,13,2,7,41,7041,4,1997,2B3HD46T3VH6,2,B,3,H,D,4,6,T,3,V,H,6,0,P,DODG,INT,4D,97,17,3319,,0,1130,,G,,F,6,201,,,16R225,,,,,,0,0,000000000,00000000000,0,0,0,1,0,0,0,0,0,0,0,998,0,1,5,14,98,6,2,1,32,0,0,1,13,30116,6,1,0,0,3,3,66,130,98,0,0,0,0,0,0,0,0,1,29,0,0,0,1,2,55,3,6,8,1,0,0,14,13,99,1,4,1,1,0
13,130008,1,1,2,2,1,19,35,59,0,1,0,92,0,23,481,23481,31,1994,1GTDC14K6RZ5,1,G,T,D,C,1,4,K,6,R,Z,5,0,T,GMC,SC1,PK,94,17,,1,1315,1175,SIE,G,,,8,350,,,,B,00000,00,A,42,0,0,000000000,00000000000,0,0,0,1,0,0,0,0,0,0,0,998,0,0,0,12,12,6,2,42,0,0,0,1,13,39819,6,1,0,0,3,0,62,157,98,0,0,0,0,0,0,0,0,0,28,29,0,0,1,2,55,1,1,8,1,0,0,1,12,99,1,4,6,1,0
13,130009,1,1,4,3,1,1,57,33,0,1,0,13,2,37,31,37031,2,1993,2HGEH3381PH5,2,H,G,E,H,3,3,8,1,P,H,5,0,P,HOND,CVS,2H,93,17,2326,,0,1013,,G,,F,4,097,,,14R185,,,,,,0,0,000000000,00000000000,0,0,0,1,0,0,0,0,0,0,0,998,0,0,0,12,12,6,2,39,0,0,0,1,13,30755,6,1,0,0,3,0,67,150,98,0,0,0,1,9,2010,9,2010,0,28,29,0,0,1,4,45,3,5,8,1,0,0,14,12,99,1,4,6,1,0
13,130010,1,1,1,3,1,18,43,8,0,1,0,13,1,12,401,12401,14,2003,1FMZU62K93UC,1,F,M,Z,U,6,2,K,9,3,U,C,0,P,FORD,EPR,UT,3,17,4094,,0,1137,,F,,F,6,245,,,16R235,,,,,,0,0,000000000,00000000000,0,0,0,1,0,0,0,0,0,0,0,998,0,0,0,12,98,6,2,8,0,0,0,1,13,30032,6,1,0,0,3,0,66,188,98,0,0,0,0,0,0,0,0,0,86,0,0,0,2,3,45,1,2,2,1,0,0,1,80,99,1,1,13,0,0
13,130011,1,2,1,4,1,11,13,12,1,1,0,26,3,6,441,6441,20,2010,2A4RR5D19AR3,2,A,4,R,R,5,D,1,9,A,R,3,0,P,CHRY,TWC,SV,10,17,4507,,0,1212,,G,,F,6,232,,,16R225,,,,,,0,0,000000000,00000000000,0,0,0,1,0,0,0,0,0,0,0,998,9,0,0,12,12,6,2,12,0,0,0,1,13,30736,6,1,0,0,3,0,70,180,98,0,0,1,1,5,2009,11,2009,0,26,0,0,0,3,3,70,1,1,8,1,0,0,1,51,99,1,1,24,1,0
13,130011,2,2,1,4,1,11,13,12,1,1,0,93,3,82,884,82884,66,2002,1FUJA6CG52PK,1,F,U,J,A,6,C,G,5,2,P,K,1,T,FRHT,COL,TR,2,17,,8,0,0,CON,D,,,6,774,,,,,00000,00,,64,1,57,092775,57092775,3,6,3,1,0,0,0,0,0,0,0,998,0,0,0,6,6,2,3,12,0,0,0,1,13,31206,6,1,6,0,3,0,74,200,98,0,0,1,2,11,2008,10,2009,0,0,0,0,0,3,3,70,1,1,8,1,0,0,1,53,99,1,1,25,0,0
13,130012,1,1,11,5,1,16,25,35,0,1,0,13,3,84,981,84981,50,2007,4DRBUAFN07B3,4,D,R,B,U,A,F,N,0,7,B,3,0,T,INTL,,,7,17,,,,,,D,,,8,365,,,,,,,,,0,88,888888888,88888888888,2,21,22,1,0,0,0,0,1,0,0,998,0,0,0,5,5,6,2,35,0,0,0,1,13,30824,6,1,6,1,3,3,63,230,98,0,0,0,2,9,2008,2,2010,0,29,0,0,0,1,2,35,3,5,8,2,0,0,14,5,99,2,4,2,1,0
13,130013,1,2,1,6,1,9,38,12,6,1,0,13,3,12,481,12481,31,2005,1FTRF14W45NB,1,F,T,R,F,1,4,W,4,5,N,B,0,T,FORD,F15,PK,5,17,,2,1450,1260,COF,G,,,8,281,,,,B,5004,01,U,44,0,0,000000000,00000000000,0,0,0,1,0,0,0,0,0,0,0,998,0,0,0,11,11,6,2,12,0,0,0,1,13,30102,6,1,0,0,3,0,74,190,98,0,0,0,0,0,0,0,0,0,29,28,0,0,1,2,55,1,5,8,2,0,0,1,10,99,1,6,64,1,0
13,130013,2,2,1,6,1,9,38,12,6,1,0,13,3,86,881,86881,63,2007,1M2AT04C67M0,1,M,2,A,T,0,4,C,6,7,M,0,0,T,MACK,CTP,CC,7,17,,8,0,0,700,D,,,6,659,,,,,00000,00,,64,0,57,730714,57730714,3,2,1,1,0,0,0,0,0,0,0,998,0,0,0,11,11,6,2,12,0,0,0,1,13,30735,6,1,6,0,3,3,72,180,98,0,0,0,0,0,0,0,0,0,0,0,0,0,1,2,55,1,6,8,2,0,0,1,62,7,1,2,65,0,0
13,130014,1,2,1,6,1,0,17,42,0,1,0,13,2,2,404,2404,14,1998,1J4GZ78Y0WC2,1,J,4,G,Z,7,8,Y,0,W,C,2,0,T,JEEP,LMT,4W,98,17,,1,0,1059,GCK,G,,,8,318,,,,,3708,01,E,44,0,0,000000000,00000000000,0,0,0,1,0,0,0,0,0,0,0,998,0,1,4,12,98,6,2,12,0,0,0,1,13,30180,6,1,0,0,3,0,69,155,98,0,0,0,3,6,2008,10,2009,0,29,0,0,0,6,1,65,2,2,2,2,0,0,16,12,99,9,4,6,1,1
13,130014,2,2,1,6,1,0,17,42,0,1,0,93,3,82,884,82884,66,2000,1FUYDMDB3YPF,1,F,U,Y,D,M,D,B,3,Y,P,F,1,T,FRHT,FLD,TR,0,17,,8,0,0,CON,D,,,6,661,,,,,00000,00,,64,1,57,0086876,570086876,3,6,1,1,0,0,0,0,0,0,0,998,0,0,0,12,12,0,1,12,0,0,0,1,13,30152,6,1,6,0,3,0,71,180,98,0,0,0,2,1,2008,3,2010,0,0,0,0,0,3,5,65,1,2,2,2,0,0,1,50,2,1,1,98,0,0