STATE,ST_CASE,VEH_NO,VE_FORMS,NUMOCCS,DAY,MONTH,HOUR,MINUTE,HARM_EV,MAN_COLL,UNITTYPE,HIT_RUN,REG_STAT,OWNER,MAKE,MODEL,MAK_MOD,BODY_TYP,MOD_YEAR,VIN,VIN_1,VIN_2,VIN_3,VIN_4,VIN_5,VIN_6,VIN_7,VIN_8,VIN_9,VIN_10,VIN_11,VIN_12,TOW_VEH,VINTYPE,VINMAKE,VINA_MOD,VIN_BT,VINMODYR,VIN_LNGT,VIN_WGT,WGTCD_TR,WHLBS_LG,WHLBS_SH,SER_TR,FUELCODE,MCYCL_DS,CARBUR,CYLINDER,DISPLACE,MCYCL_CY,MCYCL_WT,TIRE_SZE,TON_RAT,TRK_WT,TRKWTVAR,VIN_REST,WHLDRWHL,J_KNIFE,MCARR_I1,MCARR_I2,MCARR_ID,GVWR,V_CONFIG,CARGO_BT,HAZ_INV,HAZ_PLAC,HAZ_ID,HAZ_CNO,HAZ_REL,BUS_USE,SPEC_USE,EMER_USE,TRAV_SP,UNDERIDE,ROLLOVER,ROLINLOC,IMPACT1,IMPACT2,DEFORMED,TOWED,M_HARM,VEH_SC1,VEH_SC2,FIRE_EXP,DR_PRES,L_STATE,DR_ZIP,L_STATUS,L_TYPE,CDL_STAT,L_ENDORS,L_COMPL,L_RESTRI,DR_HGT,DR_WGT,PREV_ACC,PREV_SUS,PREV_DWI,PREV_SPD,PREV_OTH,FIRST_MO,FIRST_YR,LAST_MO,LAST_YR,SPEEDREL,DR_SF1,DR_SF2,DR_SF3,DR_SF4,VTRAFWAY,VNUM_LAN,VSPD_LIM,VALIGN,VPROFILE,VPAVETYP,VSURCOND,VTRAFCON,VTCONT_F,P_CRASH1,P_CRASH2,P_CRASH3,PCRASH4,PCRASH5,ACC_TYPE,DEATHS,DR_DRINK
13,130015,1,2,1,6,1,22,31,12,6,1,0,13,2,2,404,2404,14,1994,1J4FY19P0RP4,1,J,4,F,Y,1,9,P,0,R,P,4,0,T,JEEP,W/S,2W,94,17,,1,0,934,W/Y,G,,,4,150,,,,,2870,00,A,44,0,0,000000000,00000000000,0,0,0,1,0,0,0,0,0,0,0,998,0,0,0,11,11,4,3,12,0,0,0,1,13,30276,6,1,0,0,3,0,74,175,98,0,0,0,1,7,2009,7,2009,0,38,0,0,0,1,2,35,1,2,2,1,20,3,11,15,99,1,2,82,0,0
13,130015,2,2,1,6,1,22,31,12,6,1,0,13,1,73,709,73709,80,2009,JKAZXCE129A0,J,K,A,Z,X,C,E,1,2,9,A,0,0,M,KAWK,Z0E,RC,9,17,,,,,,,998,,4,,4,459,,,,,,,0,0,000000000,00000000000,0,0,0,1,0,0,0,0,0,0,0,998,0,0,0,12,12,6,2,12,0,0,0,1,13,30205,6,1,0,0,3,0,66,145,98,0,0,1,1,3,2009,6,2010,0,0,0,0,0,1,2,55,1,2,2,1,0,0,1,67,4,2,1,83,1,0
13,130016,1,1,1,6,1,18,58,8,0,1,0,45,3,84,881,84881,66,2007,2HSCNAPR47C4,2,H,S,C,N,A,P,R,4,7,C,4,1,T,INTL,94I,TR,7,17,,8,0,0,940,D,,,6,915,,,,,00000,00,,64,1,57,122051,57122051,3,6,1,1,0,0,0,0,0,0,0,998,0,0,0,12,12,4,1,8,0,0,0,1,13,31827,6,1,6,0,3,0,74,258,98,0,0,0,1,3,2009,3,2009,0,86,0,0,0,1,2,55,1,1,8,1,0,0,1,80,9,2,1,13,0,0
13,130017,1,1,1,7,1,10,52,42,0,1,0,13,1,20,37,20037,4,2005,1G1ZT54855F2,1,G,1,Z,T,5,4,8,5,5,F,2,0,P,CHEV,M/L,4D,5,17,3297,,0,1063,,G,,F,6,214,,,15R205,,,,,,0,0,000000000,00000000000,0,0,0,1,0,0,0,0,0,0,0,998,0,0,0,12,12,2,3,42,0,0,0,1,13,31516,6,1,0,0,3,3,69,190,98,0,0,0,0,0,0,0,0,0,29,0,0,0,1,2,55,1,1,8,1,0,0,11,13,99,1,4,1,1,0
13,130018,1,1,1,8,1,21,53,34,0,1,0,13,1,2,403,2403,14,2010,1J4BA3H19AL1,1,J,4,B,A,3,H,1,9,A,L,1,0,T,JEEP,WSS,4W,10,17,,1,0,1160,WUL,G,,,6,230,,,,,4075,00,E,44,0,0,000000000,00000000000,0,0,0,1,0,0,0,0,0,0,0,998,0,1,5,14,13,6,2,1,0,0,0,1,13,30415,6,1,0,0,3,0,73,205,98,0,0,0,0,0,0,0,0,0,29,0,0,0,1,2,55,1,1,8,1,0,0,1,13,99,9,4,1,1,0
13,130019,1,1,2,8,1,99,99,32,0,1,0,13,5,20,20,20020,4,1996,2G1WL52M8T12,2,G,1,W,L,5,2,M,8,T,1,2,0,P,CHEV,LUM,4D,96,17,3330,,0,1075,,G,,F,6,191,,,15R205,,,,,,0,0,000000000,00000000000,0,0,0,1,0,0,0,0,0,0,0,998,0,1,5,12,12,6,2,42,0,0,0,1,13,30054,1,1,0,0,2,0,73,197,98,0,0,0,0,0,0,0,0,0,29,0,0,0,1,2,55,3,6,8,1,0,0,14,13,99,9,4,1,2,0
13,130020,1,1,2,9,1,1,48,33,0,1,0,13,1,35,48,35048,2,2004,JN1AZ34E54T0,J,N,1,A,Z,3,4,E,5,4,T,0,0,P,NISS,3ZC,CP,4,17,3062,,0,1043,,G,,F,6,214,,,17R225,,,,,,0,0,000000000,00000000000,0,0,0,1,0,0,0,0,0,0,0,998,0,1,3,14,98,6,2,1,0,0,0,1,13,30144,6,1,0,0,3,0,70,210,98,1,0,0,1,9,2008,9,2008,1,29,0,0,0,2,2,45,3,2,2,1,0,0,14,6,4,2,4,7,1,1
13,130021,1,2,1,9,1,0,34,12,6,1,0,13,1,23,421,23421,15,2007,1GKFC13J57J2,1,G,K,F,C,1,3,J,5,7,J,2,0,T,GMC,YUK,4W,7,17,,2,0,1160,YUK,G,,,8,323,,,,B,5443,00,4,42,0,0,000000000,00000000000,0,0,0,1,0,0,0,0,0,0,0,998,0,0,0,12,98,6,2,12,0,0,0,1,13,30173,6,1,0,0,3,0,66,180,98,0,0,1,0,8,2008,8,2008,0,0,0,0,0,1,2,45,2,1,2,1,0,0,14,62,2,1,1,65,0,0
13,130021,2,2,1,9,1,0,34,12,6,1,0,13,2,69,54,69054,3,2004,WMWRC33434TC,W,M,W,R,C,3,3,4,3,4,T,C,0,P,MNNI,COO,2H,4,17,2524,,0,971,,G,,F,4,098,,,15R175,,,,,,0,0,000000000,00000000000,0,0,0,1,0,0,0,0,0,0,0,998,0,0,0,4,98,6,2,12,0,0,0,1,13,30104,6,1,0,0,3,0,66,140,98,0,0,1,1,8,2008,12,2009,1,28,0,0,0,1,2,45,3,1,2,1,0,0,14,10,99,9,2,64,1,0
13,130022,1,1,1,11,1,6,58,1,0,1,0,47,1,12,471,12471,30,1998,1FTYR10C6WTA,1,F,T,Y,R,1,0,C,6,W,T,A,0,T,FORD,RNG,PK,98,17,,1,1175,1116,RNG,G,,,4,153,,,,B,3030,01,E,42,0,0,000000000,00000000000,0,0,0,1,0,0,0,0,0,0,0,998,0,2,3,0,13,6,2,1,0,0,0,1,47,37366,6,1,0,0,3,0,74,215,0,0,0,0,0,0,0,0,0,1,29,87,0,0,2,2,65,3,6,8,4,0,0,14,12,99,3,4,7,1,0
13,130023,1,2,1,12,1,16,45,12,7,1,0,13,2,24,1,24001,4,1999,1G8ZK5272XZ3,1,G,8,Z,K,5,2,7,2,X,Z,3,0,P,STRN,SL2,4D,99,17,2418,,0,1024,,G,,F,4,116,,,15R185,,,,,,0,0,000000000,00000000000,0,0,0,1,0,0,0,0,0,0,0,998,0,0,0,11,3,6,2,30,0,0,0,1,13,30096,6,1,0,0,3,0,69,170,98,0,0,0,0,0,0,0,0,1,28,87,0,0,1,4,45,3,3,2,4,0,0,14,5,99,1,2,48,1,1
13,130023,2,2,2,12,1,16,45,12,7,1,0,92,0,49,40,49040,4,1997,1NXBA02E4VZ5,1,N,X,B,A,0,2,E,4,V,Z,5,0,P,TOYT,UCC,4D,97,17,2337,,0,970,,G,,F,4,097,,,14R175,,,,,,0,0,000000000,00000000000,0,0,0,1,0,0,0,0,0,0,0,998,0,0,0,5,5,2,1,12,0,0,0,1,13,30721,6,1,0,0,3,0,68,175,98,0,0,0,1,2,2008,2,2008,0,0,0,0,0,1,4,45,3,3,2,4,0,0,14,60,99,1,1,48,0,0
13,130024,1,2,2,12,1,19,8,12,6,1,0,13,2,37,32,37032,4,1994,1HGCD5635RA1,1,H,G,C,D,5,6,3,5,R,A,1,0,P,HOND,ULE,4D,94,17,2809,,0,1069,,G,,F,4,132,,,14R185,,,,,,0,0,000000000,00000000000,0,0,0,1,0,0,0,0,0,0,0,998,0,0,0,9,9,6,2,12,0,0,0,1,13,31771,6,2,0,0,3,0,66,120,98,0,0,0,1,11,2010,11,2010,0,38,0,0,0,1,2,55,3,1,8,1,20,3,11,15,99,1,2,82,1,0
13,130024,2,2,1,12,1,19,8,12,6,1,0,13,1,12,422,12422,15,1999,1FMRU17L6XLC,1,F,M,R,U,1,7,L,6,X,L,C,0,P,FORD,EPT,UT,99,17,4808,,0,1191,,G,,F,8,330,,,16R255,,,,,,0,0,000000000,00000000000,0,0,0,1,0,0,0,0,0,0,0,998,0,0,0,12,12,6,2,12,0,0,0,1,13,31791,6,1,0,0,3,0,70,210,98,0,0,0,1,1,2011,1,2011,0,0,0,0,0,1,2,55,3,5,8,1,20,3,14,67,6,9,2,83,0,0
13,130025,1,2,1,13,1,0,21,44,0,1,0,13,1,72,706,72706,80,2010,1HD1CZ314AC4,1,H,D,1,C,Z,3,1,4,A,C,4,0,M,HD,XLN,RS,10,17,,,,,,,1202,,2,,4,562,,,,,,,0,0,000000000,00000000000,0,0,0,1,0,0,0,0,0,0,0,998,0,0,0,0,98,6,2,12,0,0,0,1,56,82833,6,1,0,0,3,0,63,120,0,0,0,1,0,3,2009,3,2009,1,82,0,0,0,1,2,25,2,1,2,1,0,0,14,98,99,1,1,0,1,0
13,130025,2,2,1,13,1,0,21,44,0,1,0,13,1,72,706,72706,80,2010,1HD1GV416AC3,1,H,D,1,G,V,4,1,6,A,C,3,0,M,HD,XDC,RS,10,17,,,,,,,1584,,2,,4,676,,,,,,,0,0,000000000,00000000000,0,0,0,1,0,0,0,0,0,0,0,998,0,0,0,14,14,6,2,12,0,0,0,1,1,35756,1,1,0,0,2,0,70,200,0,1,0,0,0,11,2009,11,2009,1,26,0,0,0,1,2,25,2,1,2,1,0,0,14,50,99,1,1,98,0,1
13,130026,1,1,1,13,1,1,42,1,0,1,0,13,4,49,40,49040,4,2009,4T1BE46K09U8,4,T,1,B,E,4,6,K,0,9,U,8,0,P,TOYT,CBA,4D,9,17,3263,,0,1090,,G,,F,4,144,,,16R215,,,,,,0,0,000000000,00000000000,0,0,0,1,0,0,0,0,0,0,0,998,0,9,2,0,98,6,2,42,0,0,0,1,13,31516,6,1,0,0,3,0,65,115,98,1,0,0,1,9,2009,1,2010,0,29,0,0,0,1,4,65,1,1,2,1,0,0,1,9,4,4,4,2,1,1
13,130027,1,2,2,14,1,10,20,12,6,1,0,13,2,22,9,22009,2,2002,2G2FS22K6221,2,G,2,F,S,2,2,K,6,2,2,1,0,P,PONT,FBD,2H,2,17,3327,,0,1011,,G,,F,6,231,,,16R235,,,,,,0,0,000000000,00000000000,0,0,0,1,0,0,0,0,0,0,0,998,0,0,0,3,3,6,2,12,0,0,0,1,13,30040,6,1,0,0,3,0,65,165,98,0,0,0,0,0,0,0,0,1,87,28,0,0,1,2,35,1,1,2,4,0,0,1,6,1,4,2,64,1,0
13,130027,2,2,1,14,1,10,20,12,6,1,0,13,1,34,37,34037,4,2000,WBAGH8346YDP,W,B,A,G,H,8,3,4,6,Y,D,P,0,P,BMW,7IL,4D,0,17,4288,,0,1209,,G,,F,8,268,,,16R235,,,,,,0,0,000000000,00000000000,0,0,0,1,0,0,0,0,0,0,0,998,0,0,0,12,12,6,2,12,0,0,0,1,13,30534,6,1,0,0,3,0,76,200,98,0,0,1,1,7,2008,10,2008,0,0,0,0,0,1,2,35,1,1,2,4,0,0,1,62,99,1,1,65,0,0
13,130028,1,1,1,14,1,14,59,24,0,1,0,12,3,35,50,35050,5,2011,3N1BC1CP6BL4,3,N,1,B,C,1,C,P,6,B,L,4,0,P,NISS,VSL,4H,11,17,2693,,0,1024,,G,,F,4,110,,,15R185,,,,,,0,0,000000000,00000000000,0,0,0,1,0,0,0,0,0,0,0,998,0,0,0,10,8,6,2,24,0,0,0,1,12,32025,6,1,0,0,3,0,70,999,0,0,0,0,0,0,0,0,0,0,29,58,0,0,3,3,70,1,1,8,1,0,0,1,12,99,9,4,6,1,0
13,130029,1,2,1,14,1,18,30,12,6,1,0,13,1,12,481,12481,31,2004,1FTRX12W74NC,1,F,T,R,X,1,2,W,7,4,N,C,0,T,FORD,F15,4C,4,17,,2,1450,1260,COF,G,,,8,281,,,,B,5170,00,U,42,0,0,000000000,00000000000,0,0,0,1,0,0,0,0,0,0,0,998,0,0,0,1,1,6,2,12,0,0,0,1,13,30125,6,1,0,0,3,3,71,280,98,0,0,0,0,0,0,0,0,0,99,99,99,99,2,2,99,1,1,2,1,3,3,11,15,99,9,2,68,0,0
13,130029,2,2,3,14,1,18,30,12,6,1,0,47,3,12,17,12017,4,2004,1FAFP53U54A1,1,F,A,F,P,5,3,U,5,4,A,1,0,P,FORD,TSE,4D,4,17,3306,,0,1085,,G,,F,6,182,,,16R215,,,,,,0,0,000000000,00000000000,0,0,0,1,0,0,0,0,0,0,0,998,0,0,0,11,11,6,2,12,0,0,0,1,47,37407,6,1,0,0,3,0,62,120,0,0,0,0,0,0,0,0,0,0,99,99,99,99,2,2,99,1,1,2,1,3,3,1,17,99,1,1,69,1,0
13,130030,1,1,4,15,1,10,27,34,0,1,0,13,1,22,16,22016,2,2001,1G2JB1247171,1,G,2,J,B,1,2,4,7,1,7,1,0,P,PONT,SFS,CP,1,17,2606,,0,1041,,G,,F,4,133,,,14R195,,,,,,0,0,000000000,00000000000,0,0,0,1,0,0,0,0,0,0,0,998,0,0,0,6,6,6,2,42,0,0,0,1,13,31512,6,1,0,0,3,0,70,200,98,0,0,0,0,0,0,0,0,1,92,29,0,0,1,2,55,3,1,8,1,0,0,14,6,99,9,4,2,1,1
13,130031,1,1,1,15,1,19,20,53,0,1,0,13,2,20,471,20471,30,1999,1GCCS19X9XK1,1,G,C,C,S,1,9,X,9,X,K,1,0,T,CHEV,S14,PC,99,17,,1,0,1229,S,G,,,6,262,,,,B,3216,00,,42,0,0,000000000,00000000000,0,0,0,1,0,0,0,0,0,0,0,998,0,1,1,11,11,6,2,1,0,0,0,1,13,31548,6,1,0,0,3,0,73,160,98,0,0,0,0,0,0,0,0,0,58,28,29,0,1,2,45,2,1,8,1,0,0,14,12,7,4,4,7,1,1
13,130032,1,1,1,15,1,18,25,8,0,1,0,13,1,20,403,20403,14,2006,1GNDS13S2621,1,G,N,D,S,1,3,S,2,6,2,1,0,P,CHEV,TRL,UT,6,17,4417,,0,1130,,G,,F,6,256,,,16R235,,,,,,0,0,000000000,00000000000,0,0,0,1,0,0,0,0,0,0,0,998,0,0,0,12,12,6,2,8,0,0,0,1,13,30228,6,1,0,0,3,0,65,140,98,0,0,1,0,5,2009,5,2009,0,86,0,0,0,2,2,45,1,1,2,1,0,0,1,80,1,1,1,13,0,0
13,130033,1,1,1,15,1,6,53,42,0,1,0,13,1,20,2,20002,4,1990,1G1BN54E8LR1,1,G,1,B,N,5,4,E,8,L,R,1,0,P,CHEV,CCL,4D,90,17,3742,,0,1160,,G,,F,8,305,,,15R205,,,,,,0,0,000000000,00000000000,0,0,0,1,0,0,0,0,0,0,0,998,0,0,0,12,12,2,1,42,32,0,0,1,13,39819,6,1,0,0,3,0,67,165,98,0,0,0,0,0,0,0,0,0,29,0,0,0,1,2,35,1,1,2,1,20,3,1,12,99,9,4,6,1,0
13,130034,1,1,1,15,1,23,30,42,0,1,0,13,1,23,481,23481,31,2001,2GTEC19V7112,2,G,T,E,C,1,9,V,7,1,1,2,0,T,GMC,NC1,PC,1,17,,2,1575,1435,SIE,G,,,8,293,,,,B,4413,00,U,42,0,0,000000000,00000000000,0,0,0,1,0,0,0,0,0,0,0,998,0,1,5,9,9,6,2,42,0,0,0,1,13,30040,6,1,0,0,3,3,69,190,98,0,0,0,0,0,0,0,0,1,28,29,0,0,1,2,45,1,1,2,1,0,0,1,6,4,4,4,7,1,1
13,130035,1,2,1,15,1,11,42,12,2,1,0,92,0,2,405,2405,14,2002,1J4GK58K72W2,1,J,4,G,K,5,8,K,7,2,W,2,0,T,JEEP,LMD,4W,2,17,,1,0,1043,LIB,G,,,6,226,,,,,3758,00,E,42,0,0,000000000,00000000000,0,0,0,1,0,0,0,0,0,0,0,998,0,0,0,12,12,6,2,12,0,0,0,1,13,30646,6,1,0,0,3,3,67,148,98,0,0,0,0,0,0,0,0,0,28,0,0,0,1,3,55,1,6,8,1,0,0,1,10,7,1,2,52,0,0
13,130035,2,2,1,15,1,11,42,12,2,1,0,13,1,12,35,12035,4,1999,1FAFP6630XK1,1,F,A,F,P,6,6,3,0,X,K,1,0,P,FORD,CSE,4D,99,17,2774,,0,1065,,G,,F,4,121,,,14R185,,,,,,0,0,000000000,00000000000,0,0,0,1,0,0,0,0,0,0,0,998,0,0,0,12,12,6,2,12,0,0,0,1,13,31004,6,1,0,0,3,0,66,200,98,0,0,0,0,0,0,0,0,0,28,0,0,0,1,3,55,1,5,8,1,0,0,1,62,6,1,2,52,1,0
13,130036,1,2,1,15,1,16,32,1,0,1,0,13,1,20,481,20481,31,2004,1GCEC14X14Z1,1,G,C,E,C,1,4,X,1,4,Z,1,0,T,CHEV,SC1,PK,4,17,,2,1330,1190,SIL,G,,,6,262,,,,B,4142,00,,42,0,0,000000000,00000000000,0,0,0,1,0,0,0,0,0,0,0,998,0,0,0,12,10,4,3,12,0,0,0,1,13,39815,6,1,0,0,3,0,72,195,98,0,0,0,0,0,0,0,0,0,38,0,0,0,1,4,45,2,1,2,1,20,3,11,15,1,1,2,98,0,1
13,130036,2,2,1,15,1,16,32,1,0,1,0,13,1,53,706,53706,80,2001,JS1GW71A8121,J,S,1,G,W,7,1,A,8,1,2,1,0,M,SUZI,GXR,RC,1,17,,,,,,,1299,,4,,4,474,,,,,,,0,0,000000000,00000000000,0,0,0,1,0,0,0,0,0,0,0,998,0,0,0,0,98,6,2,12,0,0,0,1,13,30905,6,1,0,0,3,0,74,235,98,0,0,0,0,0,0,0,0,0,28,0,0,0,1,4,45,2,1,2,1,0,0,14,67,8,2,2,98,1,0
13,130037,1,1,1,16,1,1,3,34,0,1,0,13,1,35,47,35047,4,2006,1N4AL11D26N4,1,N,4,A,L,1,1,D,2,6,N,4,0,P,NISS,ASL,4D,6,17,2915,,0,1102,,G,,F,4,153,,,16R215,,,,,,0,0,000000000,00000000000,0,0,0,1,0,0,0,0,0,0,0,998,0,1,5,14,98,6,2,34,0,0,0,1,13,31206,1,1,0,0,2,0,76,195,98,1,0,0,0,2,2009,2,2009,0,29,0,0,0,1,4,45,1,1,2,1,0,0,1,13,99,9,4,2,1,1
13,130038,1,1,1,16,1,16,44,52,0,1,0,13,2,53,705,53705,80,1992,JS1GN72A2N21,J,S,1,G,N,7,2,A,2,N,2,1,0,M,SUZI,GX6,RC,92,17,,,,,,,599,,4,,4,438,,,,,,,0,0,000000000,00000000000,0,0,0,1,0,0,0,0,0,0,0,998,0,0,0,2,2,6,2,52,0,0,0,1,13,30445,6,1,0,0,2,0,68,125,98,0,0,0,0,0,0,0,0,0,28,29,0,0,1,2,55,3,3,8,1,98,8,14,13,99,1,4,1,1,0
13,130039,1,1,4,16,1,18,17,32,0,1,0,13,2,54,31,54031,3,1999,JH4DC4456XS0,J,H,4,D,C,4,4,5,6,X,S,0,0,P,ACUR,ILS,2H,99,17,2685,,0,1012,,G,,F,4,112,,,15R195,,,,,,0,0,000000000,00000000000,0,0,0,1,0,0,0,0,0,0,0,998,0,1,5,14,98,6,2,1,0,0,0,1,13,31024,1,1,0,0,2,0,70,160,98,2,0,1,0,6,2009,8,2010,0,28,29,0,0,1,2,55,2,1,2,1,0,0,14,12,99,1,4,6,1,0
13,130040,1,1,1,17,1,5,55,42,0,1,0,13,1,20,481,20481,31,2006,2GCEK13VX612,2,G,C,E,K,1,3,V,X,6,1,2,0,T,CHEV,SK1,CW,6,17,,2,0,1435,SIL,G,,,8,293,,,,B,5284,00,,44,0,0,000000000,00000000000,0,0,0,1,0,0,0,0,0,0,0,998,0,1,5,12,13,4,3,1,32,0,0,1,13,31634,6,1,0,0,3,0,69,216,98,0,0,0,0,0,0,0,0,0,29,0,0,0,1,2,55,1,1,8,1,0,0,1,13,1,1,4,1,1,0
13,130041,1,2,1,17,1,11,44,12,6,1,0,13,1,42,401,42401,14,1998,4JGAB54EXWA0,4,J,G,A,B,5,4,E,X,W,A,0,0,P,MERZ,ML3,UT,98,17,4210,,0,1110,,G,,F,6,195,,,16R255,,,,,,0,0,000000000,00000000000,0,0,0,1,0,0,0,0,0,0,0,998,0,0,0,12,12,6,2,12,0,0,0,1,13,30024,6,1,0,0,3,3,60,120,98,0,0,0,0,0,0,0,0,0,38,0,0,0,2,2,45,1,1,2,1,2,3,11,15,1,1,2,68,0,0
13,130041,2,2,2,17,1,11,44,12,6,1,0,13,1,12,471,12471,30,2003,1FTYR10UX3PB,1,F,T,Y,R,1,0,U,X,3,P,B,0,T,FORD,RNG,PK,3,17,,1,1175,1116,RNG,G,,,6,182,,,,B,3085,03,U,42,0,0,000000000,00000000000,0,0,0,1,0,0,0,0,0,0,0,998,0,1,5,10,10,6,2,12,32,0,0,1,13,30107,6,1,6,0,3,3,69,179,98,0,0,0,0,0,0,0,0,0,0,0,0,0,2,2,45,1,1,2,1,2,3,1,17,99,1,1,69,1,0
13,130042,1,1,1,17,1,23,20,34,0,1,0,21,1,48,34,48034,4,2008,4S3BL6762842,4,S,3,B,L,6,7,6,2,8,4,2,0,P,SUBA,LTL,4D,8,17,3365,,0,1051,,G,,T,4,150,,,17R215,,,,,,0,0,000000000,00000000000,0,0,0,1,0,0,0,0,0,0,0,998,0,0,0,12,9,6,2,42,0,0,0,1,13,30605,6,1,0,0,3,0,66,165,98,2,1,0,0,6,2009,7,2009,0,28,29,0,0,1,2,55,2,6,8,2,0,0,14,12,99,1,4,6,1,1
13,130043,1,2,2,17,1,16,40,12,1,1,0,13,2,35,50,35050,4,2009,3N1BC13E69L4,3,N,1,B,C,1,3,E,6,9,L,4,0,P,NISS,VSL,4H,9,17,2693,,0,1024,,G,,F,4,110,,,15R185,,,,,,0,0,000000000,00000000000,0,0,0,1,0,0,0,0,0,0,0,998,0,0,0,12,12,6,2,12,0,0,0,1,13,30224,6,1,0,0,3,3,62,135,98,0,0,1,0,8,2008,8,2008,0,28,0,0,0,2,2,55,1,6,2,2,28,3,1,51,1,1,1,24,1,0
13,130043,2,2,1,17,1,16,40,12,1,1,0,12,3,51,881,51881,66,2007,4V4NC9GH47N4,4,V,4,N,C,9,G,H,4,7,N,4,1,T,VOLV,VNL,TR,7,17,,8,0,0,VVN,D,,,6,732,,,,,00000,00,,64,1,57,089896,57089896,3,6,1,2,2,1075,2,1,0,0,0,998,0,0,0,6,6,2,1,12,0,0,0,1,13,31220,6,1,6,1,3,3,69,210,98,0,0,0,0,0,0,0,0,0,0,0,0,0,2,2,55,1,6,2,2,28,3,11,53,98,1,1,25,0,0
13,130044,1,2,3,18,1,20,5,12,6,1,0,13,1,41,471,41471,30,2004,4F4YR12DX4TM,4,F,4,Y,R,1,2,D,X,4,T,M,0,T,MAZD,RGC,PK,4,17,,1,0,1116,B23,G,,,4,140,,,,,3011,00,E,42,0,0,000000000,00000000000,0,0,0,1,0,0,0,0,0,0,0,998,0,0,0,10,10,6,2,12,0,0,0,1,13,30521,6,1,0,0,3,0,69,195,98,0,0,0,1,10,2009,10,2009,0,38,0,0,0,0,0,0,0,0,0,0,0,0,11,98,1,1,1,82,1,0
13,130044,2,2,1,18,1,20,5,12,6,1,0,51,3,87,881,87881,66,2004,1XP7DB9X14D8,1,X,P,7,D,B,9,X,1,4,D,8,1,T,PTRB,387,TR,4,17,,8,0,0,CON,D,,,6,893,,,,,00000,00,,64,1,57,260762,57260762,3,6,1,1,0,0,0,0,0,0,0,998,0,0,0,12,12,6,2,12,0,0,0,1,51,24151,6,1,6,0,3,3,76,198,0,0,0,0,0,0,0,0,0,0,0,0,0,0,5,4,45,1,6,2,2,0,0,1,71,1,1,1,83,0,0
13,130045,1,1,1,18,1,20,30,31,0,1,0,13,2,12,441,12441,20,1993,1FMDA31U2PZA,1,F,M,D,A,3,1,U,2,P,Z,A,0,T,FORD,ARO,ES,93,17,,1,0,1190,ARO,G,,,6,182,,,,B,3558,01,M,42,0,0,000000000,00000000000,0,0,0,1,0,0,0,0,0,0,0,998,0,1,6,12,13,6,2,1,0,0,0,1,13,31010,1,1,0,0,2,0,65,145,98,1,0,0,0,6,2010,6,2010,0,28,0,0,0,1,2,55,3,1,2,1,28,3,14,13,1,1,4,1,1,1
13,130046,1,1,1,19,1,7,32,34,0,1,0,13,2,12,37,12037,2,2002,3FAFP31372R1,3,F,A,F,P,3,1,3,7,2,R,1,0,P,FORD,FZX,3P,2,17,2598,,0,1030,,G,,F,4,121,,,15R195,,,,,,0,0,000000000,00000000000,0,0,0,1,0,0,0,0,0,0,0,998,0,1,1,3,13,6,2,1,0,0,0,1,13,30204,6,1,0,0,3,0,60,120,98,2,0,1,0,2,2008,10,2009,0,28,58,0,0,1,2,35,3,5,2,2,28,3,14,13,1,2,4,2,1,0
13,130047,1,2,2,19,1,7,15,12,6,1,0,13,2,18,7,18007,4,1996,1G4AG5541T64,1,G,4,A,G,5,5,4,1,T,6,4,0,P,BUIC,CSL,4D,96,17,2951,,0,1049,,G,,F,4,133,,,14R185,,,,,,0,0,000000000,00000000000,0,0,0,1,0,0,0,0,0,0,0,998,0,0,0,3,3,6,2,12,0,0,0,1,13,31019,6,1,0,0,3,3,64,200,98,0,0,0,0,0,0,0,0,0,38,0,0,0,1,2,40,1,1,2,2,20,3,1,17,1,1,1,87,1,0
13,130047,2,2,2,19,1,7,15,12,6,1,0,13,1,20,431,20431,16,2003,3GNEC16Z93G2,3,G,N,E,C,1,6,Z,9,3,G,2,0,P,CHEV,C15,UT,3,17,4914,,0,1300,,F,,F,8,325,,,16R265,,,,,,0,0,000000000,00000000000,0,0,0,1,0,0,0,0,0,0,0,998,0,0,0,12,12,6,2,12,0,0,0,1,13,31021,6,1,0,0,3,3,63,180,98,0,0,0,0,0,0,0,0,0,0,0,0,0,2,2,40,1,1,2,2,0,0,1,66,1,1,1,86,0,0
13,130048,1,1,1,19,1,7,15,59,0,1,0,13,3,84,881,84881,66,1998,1HSHEATN5WH4,1,H,S,H,E,A,T,N,5,W,H,4,1,T,INTL,820,TR,98,17,,7,0,0,80S,D,,,6,629,,,,,00000,00,,42,1,57,850093,57850093,3,6,1,1,0,0,0,0,0,0,0,998,0,0,0,12,12,6,2,42,0,0,0,1,13,31601,6,1,6,0,3,3,65,220,98,0,0,0,1,5,2009,5,2009,0,28,0,0,0,3,3,70,1,1,2,2,0,0,1,13,1,1,4,1,1,0
13,130049,1,2,1,19,1,11,56,12,2,1,0,13,1,23,471,23471,30,2001,1GTDT19W6181,1,G,T,D,T,1,9,W,6,1,8,1,0,T,GMC,SON,PC,1,17,,1,0,1229,SON,G,,,6,262,,,,B,00000,00,U,44,0,0,000000000,00000000000,0,0,0,1,0,0,0,0,0,0,0,998,0,0,0,12,12,6,2,12,0,0,0,1,13,30121,6,1,0,0,3,0,66,225,98,0,0,0,0,0,0,0,0,0,28,0,0,0,1,2,55,2,5,2,1,28,3,14,10,1,1,2,50,1,0