STATE,ST_CASE,VEH_NO,VE_FORMS,NUMOCCS,DAY,MONTH,HOUR,MINUTE,HARM_EV,MAN_COLL,UNITTYPE,HIT_RUN,REG_STAT,OWNER,MAKE,MODEL,MAK_MOD,BODY_TYP,MOD_YEAR,VIN,VIN_1,VIN_2,VIN_3,VIN_4,VIN_5,VIN_6,VIN_7,VIN_8,VIN_9,VIN_10,VIN_11,VIN_12,TOW_VEH,VINTYPE,VINMAKE,VINA_MOD,VIN_BT,VINMODYR,VIN_LNGT,VIN_WGT,WGTCD_TR,WHLBS_LG,WHLBS_SH,SER_TR,FUELCODE,MCYCL_DS,CARBUR,CYLINDER,DISPLACE,MCYCL_CY,MCYCL_WT,TIRE_SZE,TON_RAT,TRK_WT,TRKWTVAR,VIN_REST,WHLDRWHL,J_KNIFE,MCARR_I1,MCARR_I2,MCARR_ID,GVWR,V_CONFIG,CARGO_BT,HAZ_INV,HAZ_PLAC,HAZ_ID,HAZ_CNO,HAZ_REL,BUS_USE,SPEC_USE,EMER_USE,TRAV_SP,UNDERIDE,ROLLOVER,ROLINLOC,IMPACT1,IMPACT2,DEFORMED,TOWED,M_HARM,VEH_SC1,VEH_SC2,FIRE_EXP,DR_PRES,L_STATE,DR_ZIP,L_STATUS,L_TYPE,CDL_STAT,L_ENDORS,L_COMPL,L_RESTRI,DR_HGT,DR_WGT,PREV_ACC,PREV_SUS,PREV_DWI,PREV_SPD,PREV_OTH,FIRST_MO,FIRST_YR,LAST_MO,LAST_YR,SPEEDREL,DR_SF1,DR_SF2,DR_SF3,DR_SF4,VTRAFWAY,VNUM_LAN,VSPD_LIM,VALIGN,VPROFILE,VPAVETYP,VSURCOND,VTRAFCON,VTCONT_F,P_CRASH1,P_CRASH2,P_CRASH3,PCRASH4,PCRASH5,ACC_TYPE,DEATHS,DR_DRINK
13,130049,2,2,1,19,1,11,56,12,2,1,0,13,1,37,32,37032,4,1999,JHMCG5641XC0,J,H,M,C,G,5,6,4,1,X,C,0,0,P,HOND,ULX,4D,99,17,3053,,0,1069,,G,,F,4,138,,,15R195,,,,,,0,0,000000000,00000000000,0,0,0,1,0,0,0,0,0,0,0,998,0,0,0,12,12,6,2,12,0,0,0,1,13,30016,6,1,0,0,3,3,72,185,98,0,0,0,0,0,0,0,0,0,0,0,0,0,1,2,55,3,3,2,1,28,3,14,62,1,1,1,51,1,0
13,130050,1,5,1,20,1,5,28,12,6,1,0,13,1,22,2,22002,4,1993,1G2HX53L0P12,1,G,2,H,X,5,3,L,0,P,1,2,0,P,PONT,BVS,4D,93,17,0,,0,1108,,G,,F,6,231,,,15R215,,,,,,0,0,000000000,00000000000,0,0,0,1,0,0,0,0,0,0,0,998,0,0,0,11,3,6,2,2,0,0,1,1,13,31730,6,1,0,0,3,0,72,220,98,0,0,0,0,0,0,0,0,0,38,0,0,0,2,2,65,1,1,2,1,0,0,1,17,1,1,1,89,1,0
13,130050,2,5,1,20,1,5,28,12,6,1,0,13,2,21,21,21021,4,1996,1G3NL52M8TM3,1,G,3,N,L,5,2,M,8,T,M,3,0,P,OLDS,ASL,4D,96,17,2813,,0,1034,,G,,F,6,191,,,14R195,,,,,,0,0,000000000,00000000000,0,0,0,1,0,0,0,0,0,0,0,998,0,1,1,12,13,6,2,1,0,0,0,1,13,31765,6,1,6,0,3,0,71,285,98,0,0,0,1,4,2010,4,2010,0,0,0,0,0,2,2,65,1,1,2,1,0,0,1,66,1,1,1,88,0,0
13,130050,3,5,1,20,1,5,28,12,6,1,0,13,1,20,2,20002,4,2008,2G1WD58C4892,2,G,1,W,D,5,8,C,4,8,9,2,0,P,CHEV,ISS,4D,8,17,3711,,0,1105,,G,,F,8,323,,,18R235,,,,,,0,0,000000000,00000000000,0,0,0,1,0,0,0,0,0,0,0,998,0,0,0,12,12,6,2,12,0,0,0,1,13,39827,6,1,0,0,3,0,70,370,98,0,0,0,3,2,2008,10,2010,0,0,0,0,0,2,2,65,1,1,2,1,0,0,1,50,1,1,1,98,0,0
13,130050,4,5,1,20,1,5,28,12,6,1,0,13,1,23,481,23481,31,2003,2GTEC19V6311,2,G,T,E,C,1,9,V,6,3,1,1,0,T,GMC,NC1,4C,3,17,,2,1575,1435,SIE,G,,,8,293,,,,B,4534,03,4,42,0,0,000000000,00000000000,0,0,0,1,0,0,0,0,0,0,0,998,0,0,0,12,12,6,2,12,0,0,0,1,13,31773,6,1,0,0,3,0,71,160,98,0,0,0,0,0,0,0,0,0,0,0,0,0,2,2,65,1,1,2,1,0,0,1,50,1,1,1,98,0,0
13,130050,5,5,1,20,1,5,28,12,6,1,0,13,1,20,401,20401,14,2005,1GNDS13S2523,1,G,N,D,S,1,3,S,2,5,2,3,0,P,CHEV,TRL,UT,5,17,4425,,0,1130,,G,,F,6,256,,,16R245,,,,,,0,0,000000000,00000000000,0,0,0,1,0,0,0,0,0,0,0,998,0,0,0,12,12,6,2,2,0,0,1,1,13,31779,6,1,0,0,3,0,66,199,98,0,0,1,0,3,2009,3,2009,0,0,0,0,0,2,2,65,1,1,2,1,0,0,1,50,1,1,1,98,0,0
13,130051,1,1,1,21,1,9,15,42,0,1,0,13,1,49,471,49471,30,1989,JT4RN81R9K00,J,T,4,R,N,8,1,R,9,K,0,0,0,T,TOYT,SWS,PK,89,17,,1,0,1030,HTP,G,,,4,144,,,,B,00000,00,A,42,0,0,000000000,00000000000,0,0,0,1,0,0,0,0,0,0,0,998,0,0,0,12,12,6,2,42,0,0,0,1,13,30634,6,1,0,0,3,0,75,200,98,0,0,0,0,0,0,0,0,0,28,0,0,0,1,2,55,1,1,2,1,0,0,1,8,1,1,4,6,1,0
13,130052,1,1,1,21,1,20,40,53,0,1,0,13,1,30,40,30040,4,2002,3VWSE69M82M1,3,V,W,S,E,6,9,M,8,2,M,1,0,P,VOLK,JGS,4D,2,17,2899,,0,989,,G,,T,4,109,,,15R195,,,,,,0,0,000000000,00000000000,0,0,0,1,0,0,0,0,0,0,0,998,0,1,6,12,13,6,2,1,0,0,0,1,13,30252,6,1,0,0,3,0,62,160,98,0,0,0,0,0,0,0,0,1,28,0,0,0,1,2,45,3,2,2,1,0,0,14,6,1,1,4,1,1,1
13,130053,1,1,1,22,1,18,45,1,0,1,0,13,1,49,401,49401,14,2003,JTEZT14R4300,J,T,E,Z,T,1,4,R,4,3,0,0,0,P,TOYT,RUN,UT,3,17,4025,,0,1098,,G,,F,8,285,,,16R265,,,,,,0,0,000000000,00000000000,0,0,0,1,0,0,0,0,0,0,0,998,0,1,6,0,13,6,2,42,0,0,0,1,13,30276,1,1,0,0,2,3,74,220,98,2,1,0,1,8,2010,10,2010,1,28,0,0,0,1,2,45,3,1,2,1,0,0,14,6,1,1,4,1,1,0
13,130054,1,1,2,22,1,0,4,35,0,1,0,13,2,12,481,12481,31,1998,1FTRX18L8WNB,1,F,T,R,X,1,8,L,8,W,N,B,0,T,FORD,F15,3C,98,17,,2,1570,1390,COF,G,,,8,330,,,,B,4480,01,E,44,0,0,000000000,00000000000,0,0,0,1,0,0,0,0,0,0,0,998,0,1,6,12,13,6,2,1,0,0,0,1,13,31313,0,0,0,0,0,0,74,152,98,1,0,0,0,10,2009,10,2009,1,28,0,0,0,1,2,35,1,1,2,1,0,0,1,6,1,2,4,7,1,1
13,130055,1,1,1,22,1,9,40,42,0,1,0,13,2,13,1,13001,4,1994,1LNLM81W5RY6,1,L,N,L,M,8,1,W,5,R,Y,6,0,P,LINC,EXC,4D,94,17,4039,,0,1174,,G,,F,8,281,,,15R215,,,,,,0,0,000000000,00000000000,0,0,0,1,0,0,0,0,0,0,0,998,0,0,0,12,12,6,2,42,0,0,0,1,13,31069,6,1,0,0,3,3,70,185,98,0,0,0,0,0,0,0,0,0,28,0,0,0,1,2,55,1,3,2,1,28,3,1,9,1,1,4,6,1,0
13,130056,1,1,1,23,1,4,3,42,0,1,0,13,2,37,32,37032,2,2003,1HGCM82643A0,1,H,G,C,M,8,2,6,4,3,A,0,0,P,HOND,UEX,CP,3,17,3047,,0,1051,,G,,F,6,183,,,16R205,,,,,,0,0,000000000,00000000000,0,0,0,1,0,0,0,0,0,0,0,998,0,1,6,1,1,6,2,1,0,0,0,1,13,31405,6,1,0,0,3,0,72,160,98,0,0,0,1,7,2008,7,2008,1,28,0,0,0,1,2,35,3,1,2,1,3,3,14,6,1,1,4,98,1,0
13,130057,1,1,1,23,1,12,8,1,0,1,0,13,2,49,472,49472,30,1999,4TASN92N6XZ5,4,T,A,S,N,9,2,N,6,X,Z,5,0,T,TOYT,XPR,PC,99,17,,1,0,1219,TAC,G,,,6,206,,,,B,3280,00,U,42,0,0,000000000,00000000000,0,0,0,1,0,0,0,0,0,0,0,998,0,1,1,0,0,6,2,1,0,0,0,1,13,30180,6,1,0,0,3,0,73,160,98,0,0,0,0,0,0,0,0,0,28,58,0,0,3,3,60,1,6,2,1,0,0,1,9,6,3,6,98,1,0
13,130058,1,2,1,23,1,16,55,12,6,1,0,13,1,20,37,20037,4,2007,1G1ZS58F67F1,1,G,1,Z,S,5,8,F,6,7,F,1,0,P,CHEV,M/L,4D,7,17,3122,,0,1063,,G,,F,4,134,,,15R205,,,,,,0,0,000000000,00000000000,0,0,0,1,0,0,0,0,0,0,0,998,0,0,0,3,3,6,2,12,0,0,0,1,13,39845,6,1,0,0,3,3,65,120,98,0,0,0,0,0,0,0,0,0,38,0,0,0,1,2,55,1,1,2,1,0,0,11,15,1,1,1,68,1,0
13,130058,2,2,1,23,1,16,55,12,6,1,0,12,3,2,407,2407,14,2010,1J4NT2GB1AD5,1,J,4,N,T,2,G,B,1,A,D,5,0,T,JEEP,SPO,4W,10,17,,1,0,1037,PRT,G,,,4,146,,,,,3108,00,W,42,0,0,000000000,00000000000,0,0,0,1,0,0,0,0,0,0,0,998,0,0,0,12,12,6,2,12,0,0,0,1,12,32413,6,1,0,0,3,0,69,999,0,0,0,0,0,0,0,0,0,0,0,0,0,0,1,2,55,1,1,2,1,0,0,1,62,1,1,1,69,0,0
13,130059,1,2,1,24,1,6,10,12,6,1,0,13,1,20,481,20481,31,1996,2GCEC19R6T12,2,G,C,E,C,1,9,R,6,T,1,2,0,T,CHEV,GC1,PC,96,17,,2,1555,1415,GM4,G,,,8,350,,,,B,4068,02,,42,0,0,000000000,00000000000,0,0,0,1,0,0,0,0,0,0,0,998,0,0,0,12,12,6,2,12,0,0,0,1,13,31061,6,1,0,0,3,0,67,200,98,1,0,2,0,11,2008,2,2010,0,0,0,0,0,5,4,45,1,6,2,1,0,0,1,62,1,1,1,69,0,0
13,130059,2,2,1,24,1,6,10,12,6,1,0,13,1,12,13,12013,2,1994,1FARP10J7RW3,1,F,A,R,P,1,0,J,7,R,W,3,0,P,FORD,ESC,2H,94,17,2304,,0,984,,G,,F,4,113,,,13R175,,,,,,0,0,000000000,00000000000,0,0,0,1,0,0,0,0,0,0,0,998,0,0,0,3,3,6,2,12,0,0,0,1,13,31032,6,1,0,0,3,0,70,180,98,0,0,0,0,0,0,0,0,0,38,0,0,0,5,4,45,1,5,2,1,0,0,11,15,1,1,1,68,1,0
13,130060,1,1,1,24,1,6,56,1,0,1,0,13,1,49,472,49472,30,2004,5TEWN72N84Z4,5,T,E,W,N,7,2,N,8,4,Z,4,0,T,TOYT,XTR,PC,4,17,,1,0,1219,TAC,G,,,6,206,,,,B,3515,00,U,44,0,0,000000000,00000000000,0,0,0,1,0,0,0,0,0,0,0,998,0,1,6,0,11,6,2,1,0,0,0,1,13,30560,6,1,6,0,3,0,76,300,98,0,0,0,0,0,0,0,0,1,28,87,0,0,1,2,45,1,3,2,4,0,0,1,5,1,2,4,7,1,0
13,130061,1,2,1,25,1,16,16,12,2,1,0,13,1,34,34,34034,4,2003,WBAET37493NJ,W,B,A,E,T,3,7,4,9,3,N,J,0,P,BMW,325,4D,3,17,3219,,0,1073,,G,,F,6,152,,,16R205,,,,,,0,0,000000000,00000000000,0,0,0,1,0,0,0,0,0,0,0,998,0,0,0,12,12,6,2,12,0,0,0,1,13,30047,6,1,0,0,3,0,67,145,98,0,0,0,1,1,2011,1,2011,0,28,0,0,0,1,2,55,1,1,2,2,98,3,1,10,1,1,2,50,0,0
13,130061,2,2,3,25,1,16,16,12,2,1,0,13,2,12,16,12016,4,1999,2FAFP74W7XX1,2,F,A,F,P,7,4,W,7,X,X,1,0,P,FORD,CVL,4D,99,17,3917,,0,1147,,G,,F,8,281,,,16R225,,,,,,0,0,000000000,00000000000,0,0,0,1,0,0,0,0,0,0,0,998,0,0,0,12,12,6,2,12,0,0,0,1,13,30043,6,1,0,0,3,0,67,210,98,0,0,0,0,0,0,0,0,0,0,0,0,0,1,2,55,1,1,2,2,0,0,1,62,1,1,1,51,1,0
13,130062,1,1,2,26,1,9,34,38,0,1,0,13,1,62,401,62401,14,2001,SALTY15411A2,S,A,L,T,Y,1,5,4,1,1,A,2,0,T,LNDR,DSE,4W,1,17,,2,0,1000,DIS,G,,,8,241,,,,,4576,00,E,44,0,0,000000000,00000000000,0,0,0,1,0,0,0,0,0,0,0,998,0,0,0,12,12,6,2,42,0,0,0,1,13,31632,6,1,0,0,3,0,64,120,98,0,0,1,0,8,2010,8,2010,0,28,0,0,0,1,2,45,1,1,2,1,0,0,1,13,1,1,4,1,1,0
13,130063,1,2,2,26,1,20,4,12,1,1,0,13,1,20,2,20002,4,2000,2G1WF55E6Y91,2,G,1,W,F,5,5,E,6,Y,9,1,0,P,CHEV,IMP,4D,0,17,3389,,0,1110,,G,,F,6,207,,,16R225,,,,,,0,0,000000000,00000000000,0,0,0,1,0,0,0,0,0,0,0,998,0,0,0,12,12,6,2,12,0,0,0,1,13,31308,6,1,0,0,3,0,64,160,98,1,0,1,2,3,2008,6,2010,0,26,0,0,0,1,2,55,1,1,2,1,0,0,1,51,2,2,1,24,1,0
13,130063,2,2,2,26,1,20,4,12,1,1,0,13,3,86,881,86881,66,2006,1M1AJ06Y26N0,1,M,1,A,J,0,6,Y,2,6,N,0,1,T,MACK,CHN,TR,6,17,,8,0,0,600,D,,,6,728,,,,,00000,00,,64,1,57,1019492,571019492,3,6,10,1,0,0,0,0,0,0,0,998,0,0,0,6,6,2,1,12,0,0,0,1,13,31049,6,1,6,0,3,0,68,150,98,1,0,0,1,1,2009,10,2010,0,0,0,0,0,1,2,55,1,1,2,1,0,0,1,53,1,1,1,25,0,0
13,130064,1,1,1,26,1,19,36,35,0,1,0,13,1,49,471,49471,30,1992,JT4RN13P5N60,J,T,4,R,N,1,3,P,5,N,6,0,0,T,TOYT,ELD,PC,92,17,,1,0,1215,HTP,G,,,4,144,,,,B,00000,00,A,44,0,0,000000000,00000000000,0,0,0,1,0,0,0,0,0,0,0,998,0,0,0,14,11,6,2,42,0,0,0,1,13,30153,6,1,0,0,3,3,73,180,98,0,0,0,0,0,0,0,0,0,28,0,0,0,1,2,45,3,6,2,1,0,0,14,13,1,1,4,1,1,1
13,130065,1,1,1,27,1,17,17,32,0,1,0,13,2,20,481,20481,31,1991,1GCDC14K5MZ1,1,G,C,D,C,1,4,K,5,M,Z,1,0,T,CHEV,GC1,PK,91,17,,1,1315,1175,GM4,G,,,8,350,,,,B,00000,00,,42,0,0,000000000,00000000000,0,0,0,1,0,0,0,0,0,0,0,998,0,1,6,12,12,6,2,1,0,0,0,1,13,30824,6,1,0,0,3,3,68,157,98,0,0,0,0,0,0,0,0,0,28,58,0,0,1,2,55,3,1,2,1,28,3,14,8,7,1,4,1,1,1
13,130066,1,2,1,27,1,18,14,12,6,1,0,13,1,55,36,55036,3,2002,KMHCF35G82U1,K,M,H,C,F,3,5,G,8,2,U,1,0,P,HYUN,ACL,2H,2,17,2225,,0,961,,G,,F,4,091,,,13R175,,,,,,0,0,000000000,00000000000,0,0,0,1,0,0,0,0,0,0,0,998,0,0,0,12,12,4,3,12,0,0,0,1,13,30016,6,1,0,0,3,0,69,230,98,0,0,0,0,0,0,0,0,0,38,0,0,0,1,2,35,1,1,2,1,20,3,1,15,1,1,1,86,0,0
13,130066,2,2,1,27,1,18,14,12,6,1,0,13,1,37,705,37705,80,1989,JH2RC3102KM1,J,H,2,R,C,3,1,0,2,K,M,1,0,M,HOND,NT6,RS,89,17,,,,,,,650,,2,,4,405,,,,,,,0,0,000000000,00000000000,0,0,0,1,0,0,0,0,0,0,0,998,0,0,0,2,2,6,2,12,0,0,0,1,13,30014,6,1,6,0,3,3,71,205,98,0,0,0,0,0,0,0,0,0,0,0,0,0,5,4,35,3,1,2,1,28,3,14,66,1,1,1,87,1,0
13,130067,1,1,4,27,1,13,20,1,0,1,0,13,2,37,32,37032,4,1997,1HGCD5652VA2,1,H,G,C,D,5,6,5,2,V,A,2,0,P,HOND,UEX,4D,97,17,2974,,0,1069,,G,,F,4,132,,,15R195,,,,,,0,0,000000000,00000000000,0,0,0,1,0,0,0,0,0,0,0,998,0,2,6,0,13,6,2,42,0,0,0,1,13,30525,6,1,0,0,3,0,67,133,98,0,0,0,0,0,0,0,0,1,28,0,0,0,1,2,45,3,5,2,1,28,3,14,6,1,1,4,6,1,0
13,130068,1,1,1,29,1,9,46,34,0,1,0,13,1,23,401,23401,14,2003,1GKDS13S5324,1,G,K,D,S,1,3,S,5,3,2,4,0,T,GMC,ENV,4W,3,17,,1,0,1130,ENV,G,,,6,256,,,,B,4417,00,E,42,0,0,000000000,00000000000,0,0,0,1,0,0,0,0,0,0,0,998,0,1,6,14,12,6,2,34,0,0,0,1,13,31210,6,1,0,0,3,0,65,102,98,0,0,0,0,0,0,0,0,0,28,0,0,0,1,2,45,3,3,1,1,0,0,14,9,1,2,4,2,1,0
13,130069,1,1,1,29,1,20,25,53,0,1,0,13,1,72,706,72706,80,2007,1HD1JA5117Y0,1,H,D,1,J,A,5,1,1,7,Y,0,0,M,HD,XTB,RS,7,17,,,,,,,1584,,2,,4,656,,,,,,,0,0,000000000,00000000000,0,0,0,1,0,0,0,0,0,0,0,998,0,0,0,98,98,6,2,1,0,0,0,1,13,30127,0,0,0,0,0,0,75,230,98,0,0,0,0,0,0,0,0,1,28,0,0,0,1,2,35,3,1,2,1,0,0,14,6,1,1,4,1,1,1
13,130070,1,1,1,29,1,0,12,42,0,1,0,13,1,20,9,20009,2,1994,2G1FP22P7R21,2,G,1,F,P,2,2,P,7,R,2,1,0,P,CHEV,Z28,CP,94,17,3424,,0,1011,,G,,F,8,350,,,16R235,,,,,,0,0,000000000,00000000000,0,0,0,1,0,0,0,0,0,0,0,998,0,0,0,6,6,8,8,42,0,0,0,1,13,30230,1,1,5,0,2,0,68,143,98,5,0,4,2,4,2008,1,2011,0,28,0,0,0,1,2,25,3,3,2,1,97,8,14,9,1,1,4,1,1,1
13,130071,1,1,3,29,1,21,32,42,0,1,0,13,1,7,482,7482,31,1996,1B7HC13Y5TJ1,1,B,7,H,C,1,3,Y,5,T,J,1,0,T,DODG,150,PC,96,17,,2,1547,1387,RPC,G,,,8,318,,,,B,4333,01,M,42,0,0,000000000,00000000000,0,0,0,1,0,0,0,0,0,0,0,998,0,0,0,9,9,6,2,42,0,0,0,1,13,30529,6,1,0,0,3,0,65,160,98,0,0,0,0,0,0,0,0,0,28,58,0,0,1,2,55,1,1,2,1,28,3,1,9,1,3,4,2,1,1
13,130072,1,2,2,29,1,19,40,12,6,1,0,12,1,14,6,14006,4,2000,2MEFM74WXYX6,2,M,E,F,M,7,4,W,X,Y,X,6,0,P,MERC,GMG,4D,0,17,3958,,0,1147,,G,,F,8,281,,,16R225,,,,,,0,0,000000000,00000000000,0,0,0,1,0,0,0,0,0,0,0,998,0,0,0,4,4,4,3,12,0,0,0,1,12,32817,6,1,6,0,3,0,67,999,0,0,0,1,0,11,2010,11,2010,0,38,0,0,0,1,2,30,1,1,2,1,20,3,1,17,1,1,1,87,0,0
13,130072,2,2,1,29,1,19,40,12,6,1,0,13,2,37,706,37706,80,2006,JH2SC57096M2,J,H,2,S,C,5,7,0,9,6,M,2,0,M,HOND,CBS,RC,6,17,,,,,,,998,,4,,4,388,,,,,,,0,0,000000000,00000000000,0,0,0,1,0,0,0,0,0,0,0,998,0,0,0,12,12,4,3,12,0,0,0,1,13,31903,6,1,6,0,3,0,72,235,98,0,0,0,0,0,0,0,0,0,0,0,0,0,2,2,30,1,1,2,1,0,0,1,66,1,1,1,86,1,1
13,130073,1,1,1,29,1,1,0,42,0,1,0,13,2,20,481,20481,31,2005,2GCEC13T8512,2,G,C,E,C,1,3,T,8,5,1,2,0,T,CHEV,SC1,CW,5,17,,2,0,1435,SIL,G,,,8,323,,,,B,4986,00,,42,0,0,000000000,00000000000,0,0,0,1,0,0,0,0,0,0,0,998,0,0,0,6,6,6,2,42,0,0,0,1,13,30286,6,1,6,0,3,0,73,200,98,1,0,0,0,8,2008,8,2008,0,28,0,0,0,1,2,45,2,5,2,1,28,3,14,9,1,1,4,6,1,1
13,130074,1,1,2,30,1,15,51,42,0,1,0,13,2,23,481,23481,31,2003,1GTEC14V23Z3,1,G,T,E,C,1,4,V,2,3,Z,3,0,T,GMC,NC1,PK,3,17,,2,1330,1190,SIE,G,,,8,293,,,,B,4073,01,4,42,0,0,000000000,00000000000,0,0,0,1,0,0,0,0,0,0,0,998,0,1,6,10,10,6,2,42,0,0,0,1,13,31642,0,0,0,0,0,0,999,999,98,0,2,0,1,3,2008,4,2010,1,28,58,0,0,1,2,35,3,1,2,1,0,0,14,6,1,2,4,7,1,1
13,130075,1,1,1,30,1,3,40,42,0,1,0,13,1,12,3,12003,1,2000,1FAFP4440YF1,1,F,A,F,P,4,4,4,0,Y,F,1,0,P,FORD,MUS,CV,0,17,3208,,0,1013,,G,,F,6,232,,,15R205,,,,,,0,0,000000000,00000000000,0,0,0,1,0,0,0,0,0,0,0,998,0,0,0,7,9,6,2,31,0,0,0,1,13,30906,6,1,5,0,3,0,70,240,98,3,1,1,0,3,2010,6,2010,1,28,37,0,0,6,1,70,3,1,2,1,0,0,14,6,1,1,4,6,1,1
13,130076,1,1,1,30,1,4,48,1,0,1,0,13,1,49,472,49472,30,2000,4TAPM62N7YZ6,4,T,A,P,M,6,2,N,7,Y,Z,6,0,T,TOYT,REG,PK,0,17,,1,0,1033,TAC,G,,,4,164,,,,B,3215,00,U,44,0,0,000000000,00000000000,0,0,0,1,0,0,0,0,0,0,0,998,0,2,1,0,0,6,2,1,0,0,0,1,13,31503,6,1,0,0,3,3,72,225,98,0,0,0,0,0,0,0,0,0,28,0,0,0,1,2,35,2,1,5,1,0,0,14,8,1,1,1,98,1,1
13,130077,1,1,1,31,1,18,30,8,0,1,0,13,1,7,442,7442,20,2002,2B4GP44312R5,2,B,4,G,P,4,4,3,1,2,R,5,0,T,DODG,GSP,ES,2,17,,1,0,1193,CAR,F,,,6,201,,,,,4002,00,E,42,0,0,000000000,00000000000,0,0,0,1,0,0,0,0,0,0,0,998,0,0,0,12,12,2,1,8,0,0,0,1,13,31002,6,1,0,0,3,3,68,145,98,0,0,0,0,0,0,0,0,0,83,0,0,0,1,2,55,1,4,2,2,28,3,1,80,6,1,1,13,0,0
13,130078,1,1,1,31,1,10,30,14,0,1,0,13,3,12,880,12880,67,2004,1FTWX33P74ED,1,F,T,W,X,3,3,P,7,4,E,D,5,T,FORD,F3D,4C,4,17,,3,0,1580,DRW,D,,,8,366,,,,D,6429,00,U,44,1,57,1305053,571305053,2,1,12,1,0,0,0,0,0,0,0,998,0,1,1,1,1,6,2,8,0,0,0,1,13,30052,6,1,6,0,3,0,73,220,98,0,0,0,0,0,0,0,0,0,28,0,0,0,3,3,55,1,5,2,2,0,0,1,11,1,1,4,11,0,1
13,130079,1,1,1,31,1,11,0,34,0,1,0,13,1,18,22,18022,4,2008,2G4WC5821812,2,G,4,W,C,5,8,2,1,8,1,2,0,P,BUIC,LCX,4D,8,17,3495,,0,1105,,G,,F,6,232,,,16R225,,,,,,0,0,000000000,00000000000,0,0,0,1,0,0,0,0,0,0,0,998,0,1,6,1,13,6,2,1,0,0,0,1,13,30707,6,1,0,0,3,3,65,160,98,0,0,0,0,0,0,0,0,0,28,0,0,0,1,2,35,3,6,2,2,0,0,14,9,1,4,4,7,1,0
13,130080,1,2,2,27,1,21,36,18,0,1,0,13,1,7,881,7881,61,2001,3B6MC36611M5,3,B,6,M,C,3,6,6,1,1,M,5,0,T,DODG,350,CB,1,17,,3,1627,1387,RPC,D,,,6,359,,,,D,5070,01,U,42,0,88,888888888,88888888888,2,1,96,1,0,0,0,0,0,0,0,998,0,0,0,98,6,6,2,12,0,0,0,1,13,30046,6,1,0,0,3,3,67,173,98,0,0,0,0,0,0,0,0,0,81,0,0,0,3,5,65,1,1,2,1,0,0,1,90,1,1,1,12,1,0
13,130080,2,2,1,27,1,21,36,18,0,1,0,93,3,82,883,82883,66,2003,1FUJA6CG83LK,1,F,U,J,A,6,C,G,8,3,L,K,1,T,FRHT,COL,TR,3,17,,8,0,0,CON,D,,,6,774,,,,,00000,00,,64,1,57,1752579,571752579,3,6,1,1,0,0,0,0,0,0,0,998,0,0,0,12,12,6,2,12,0,0,0,1,1,36108,6,1,6,0,3,3,70,240,0,1,0,1,0,4,2008,7,2009,0,0,0,0,0,3,5,65,1,1,2,1,0,0,1,50,1,1,1,98,0,0
13,130081,1,2,1,4,1,11,20,12,2,1,0,13,1,12,17,12017,4,1995,1FALP52U4SA2,1,F,A,L,P,5,2,U,4,S,A,2,0,P,FORD,TGS,4D,95,17,3118,,0,1060,,G,,F,6,182,,,15R205,,,,,,0,0,000000000,00000000000,0,0,0,1,0,0,0,0,0,0,0,998,0,0,0,12,12,6,2,12,0,0,0,1,13,30265,6,1,0,0,3,3,65,200,98,0,0,0,0,0,0,0,0,0,28,0,0,0,1,2,45,1,1,2,1,28,3,1,10,1,1,2,50,1,0
13,130081,2,2,1,4,1,11,20,12,2,1,0,13,1,49,46,49046,4,2007,JTDKB20U6776,J,T,D,K,B,2,0,U,6,7,7,6,0,P,TOYT,PRI,4H,7,17,2932,,0,1063,,B,,F,4,091,,,15R185,,,,,,0,0,000000000,00000000000,0,0,0,1,0,0,0,0,0,0,0,998,0,0,0,12,12,6,2,12,36,0,0,1,13,30224,6,1,0,0,3,3,65,175,98,0,0,0,0,0,0,0,0,0,0,0,0,0,1,2,45,1,1,2,1,28,3,1,62,1,1,1,51,1,0
13,130082,1,2,3,3,1,9,20,12,1,1,0,13,2,49,32,49032,4,1997,1NXBB02E2VZ6,1,N,X,B,B,0,2,E,2,V,Z,6,0,P,TOYT,USX,4D,97,17,2403,,0,970,,G,,F,4,108,,,14R185,,,,,,0,0,000000000,00000000000,0,0,0,1,0,0,0,0,0,0,0,0,0,0,0,6,6,6,2,12,0,0,0,1,13,30277,6,1,0,0,3,0,64,125,98,0,0,0,0,0,0,0,0,0,0,0,0,0,1,2,50,1,2,2,1,28,3,5,53,1,1,1,21,1,0
13,130082,2,2,1,3,1,9,20,12,1,1,0,13,2,20,36,20036,2,2002,2G1WX15KX292,2,G,1,W,X,1,5,K,X,2,9,2,0,P,CHEV,MSS,CP,2,17,3395,,0,1105,,G,,F,6,231,,,16R225,,,,,,0,0,000000000,00000000000,0,0,0,1,0,0,0,0,0,0,0,998,0,0,0,12,12,6,2,12,0,0,0,1,13,30276,6,1,0,0,3,3,67,140,98,0,0,0,0,0,0,0,0,0,26,0,0,0,1,2,50,1,2,2,1,28,3,1,50,1,1,1,20,0,0