STATE,ST_CASE,VEH_NO,VE_FORMS,NUMOCCS,DAY,MONTH,HOUR,MINUTE,HARM_EV,MAN_COLL,UNITTYPE,HIT_RUN,REG_STAT,OWNER,MAKE,MODEL,MAK_MOD,BODY_TYP,MOD_YEAR,VIN,VIN_1,VIN_2,VIN_3,VIN_4,VIN_5,VIN_6,VIN_7,VIN_8,VIN_9,VIN_10,VIN_11,VIN_12,TOW_VEH,VINTYPE,VINMAKE,VINA_MOD,VIN_BT,VINMODYR,VIN_LNGT,VIN_WGT,WGTCD_TR,WHLBS_LG,WHLBS_SH,SER_TR,FUELCODE,MCYCL_DS,CARBUR,CYLINDER,DISPLACE,MCYCL_CY,MCYCL_WT,TIRE_SZE,TON_RAT,TRK_WT,TRKWTVAR,VIN_REST,WHLDRWHL,J_KNIFE,MCARR_I1,MCARR_I2,MCARR_ID,GVWR,V_CONFIG,CARGO_BT,HAZ_INV,HAZ_PLAC,HAZ_ID,HAZ_CNO,HAZ_REL,BUS_USE,SPEC_USE,EMER_USE,TRAV_SP,UNDERIDE,ROLLOVER,ROLINLOC,IMPACT1,IMPACT2,DEFORMED,TOWED,M_HARM,VEH_SC1,VEH_SC2,FIRE_EXP,DR_PRES,L_STATE,DR_ZIP,L_STATUS,L_TYPE,CDL_STAT,L_ENDORS,L_COMPL,L_RESTRI,DR_HGT,DR_WGT,PREV_ACC,PREV_SUS,PREV_DWI,PREV_SPD,PREV_OTH,FIRST_MO,FIRST_YR,LAST_MO,LAST_YR,SPEEDREL,DR_SF1,DR_SF2,DR_SF3,DR_SF4,VTRAFWAY,VNUM_LAN,VSPD_LIM,VALIGN,VPROFILE,VPAVETYP,VSURCOND,VTRAFCON,VTCONT_F,P_CRASH1,P_CRASH2,P_CRASH3,PCRASH4,PCRASH5,ACC_TYPE,DEATHS,DR_DRINK
13,130083,1,2,1,6,1,18,4,12,1,1,0,1,1,12,37,12037,2,2009,1FAHP33N39W1,1,F,A,H,P,3,3,N,3,9,W,1,0,P,FORD,FOS,CP,9,17,2588,,0,1029,,G,,F,4,122,,,17R215,,,,,,0,0,000000000,00000000000,0,0,0,1,0,0,0,0,0,0,0,998,0,0,0,12,12,6,2,12,0,0,0,1,1,35215,6,1,0,0,3,0,67,175,0,0,0,0,1,10,2008,10,2008,1,26,0,0,0,4,6,35,1,1,2,1,0,0,1,51,1,1,1,24,1,0
13,130083,2,2,1,6,1,18,4,12,1,1,0,94,3,93,981,93981,52,2004,1M8PDMPA64P0,1,M,8,P,D,M,P,A,6,4,P,0,0,T,MCIN,,,4,17,,,,,,,,,,,,,,,,,,,0,88,888888888,88888888888,3,21,22,1,0,0,0,0,7,0,0,998,0,0,0,6,6,6,2,12,0,0,0,1,13,30008,6,1,6,1,3,1,70,170,98,0,0,0,0,0,0,0,0,0,0,0,0,0,4,6,35,1,1,2,1,0,0,1,53,1,1,1,25,0,0
13,130084,1,2,2,14,1,19,7,12,6,1,0,13,2,52,37,52037,2,2001,4A3AC54H21E0,4,A,3,A,C,5,4,H,2,1,E,0,0,P,MITS,ECG,2H,1,17,3120,,0,1008,,G,,F,6,181,,,17R215,,,,,,0,0,000000000,00000000000,0,0,0,1,0,0,0,0,0,0,0,998,0,0,0,3,3,6,2,12,0,0,0,1,13,30101,6,2,0,0,3,0,61,108,98,0,0,1,0,4,2010,4,2010,0,28,87,0,0,2,2,45,1,2,2,4,0,0,1,5,1,4,2,66,1,0
13,130084,2,2,1,14,1,19,7,12,6,1,0,13,1,55,33,55033,4,2007,5NPEU46F97H2,5,N,P,E,U,4,6,F,9,7,H,2,0,P,HYUN,SLI,4D,7,17,3458,,0,1074,,G,,F,6,204,,,17R225,,,,,,0,0,000000000,00000000000,0,0,0,1,0,0,0,0,0,0,0,998,0,0,0,12,12,6,2,12,0,0,0,1,13,30101,6,1,0,0,3,0,64,145,98,0,0,0,0,0,0,0,0,0,0,0,0,0,2,2,45,1,2,2,4,0,0,1,62,1,1,1,66,0,0
13,130085,1,1,2,31,1,23,52,35,0,1,0,39,1,49,46,49046,5,2010,JTDKN3DU7A10,J,T,D,K,N,3,D,U,7,A,1,0,0,P,TOYT,PRI,4H,10,17,3042,,0,1063,,B,,F,4,110,,,15R195,,,,,,0,0,000000000,00000000000,0,0,0,1,0,0,0,0,0,0,0,998,0,1,4,12,12,6,2,35,36,0,0,1,39,45067,6,1,0,0,3,3,68,165,0,0,0,0,0,0,0,0,0,1,28,0,0,0,6,1,25,2,2,2,1,40,3,14,6,1,1,4,6,2,0
13,130086,1,2,1,2,1,23,28,12,1,1,0,13,1,20,2,20002,4,2011,2G1WA5EK5B11,2,G,1,W,A,5,E,K,5,B,1,1,0,P,CHEV,IPL,4D,11,17,3555,,0,1105,,F,,F,6,214,,,17R225,,,,,,0,0,000000000,00000000000,0,0,0,1,0,0,0,0,0,0,0,0,0,0,0,6,6,6,2,12,0,0,0,1,13,31211,6,1,0,0,3,3,66,210,98,0,0,0,0,0,0,0,0,0,54,0,0,0,3,3,65,1,1,2,1,0,0,5,53,1,1,1,21,1,0
13,130086,2,2,1,2,1,23,28,12,1,1,0,13,2,20,481,20481,31,2001,1GCEC14T51Z3,1,G,C,E,C,1,4,T,5,1,Z,3,0,T,CHEV,SC1,PK,1,17,,2,1330,1190,SIL,G,,,8,325,,,,B,4135,00,,42,0,0,000000000,00000000000,0,0,0,1,0,0,0,0,0,0,0,998,0,0,0,12,12,6,2,12,0,0,0,1,13,31312,6,1,0,0,3,3,73,145,98,1,0,1,2,4,2009,11,2010,0,0,0,0,0,3,3,65,1,1,2,1,0,0,1,50,1,1,1,20,0,0
13,130087,1,3,1,22,1,22,56,12,6,1,0,13,2,35,43,35043,4,2004,3N1CB51A54L5,3,N,1,C,B,5,1,A,5,4,L,5,0,P,NISS,S1S,4D,4,17,2455,,0,998,,G,,F,4,108,,,15R195,,,,,,0,0,000000000,00000000000,0,0,0,1,0,0,0,0,0,0,0,998,0,1,1,12,98,6,2,12,0,0,0,1,13,30058,1,1,0,0,2,0,71,140,98,2,0,0,0,1,2011,1,2011,0,28,0,0,0,1,2,35,1,2,2,1,0,0,1,10,1,1,2,64,1,1
13,130087,2,3,1,22,1,22,56,12,6,1,0,13,1,34,35,34035,4,1993,WBAHD6310PBJ,W,B,A,H,D,6,3,1,0,P,B,J,0,P,BMW,A52,4D,93,17,3484,,0,1087,,G,,F,6,152,,,15R205,,,,,,0,0,000000000,00000000000,0,0,0,1,0,0,0,0,0,0,0,998,0,0,0,10,98,6,2,12,0,0,0,1,13,30318,1,1,0,0,2,0,72,225,98,0,0,0,0,0,0,0,0,0,0,0,0,0,1,2,35,1,2,2,1,0,0,1,62,99,1,1,65,0,0
13,130087,3,3,2,22,1,22,56,12,6,1,0,13,1,20,2,20002,4,2007,2G1WT58K2791,2,G,1,W,T,5,8,K,2,7,9,1,0,P,CHEV,IMT,4D,7,17,3674,,0,1105,,F,,F,6,214,,,16R225,,,,,,0,0,000000000,00000000000,0,0,0,1,0,0,0,0,0,0,0,998,0,0,0,12,12,4,9,12,0,0,0,1,13,30058,6,1,0,0,3,0,69,212,98,0,0,0,0,0,0,0,0,0,0,0,0,0,1,2,35,1,2,2,1,0,0,1,52,99,1,1,98,0,0
13,130088,1,1,1,2,2,3,6,9,0,1,0,13,2,20,431,20431,16,2001,3GNEC16T41G2,3,G,N,E,C,1,6,T,4,1,G,2,0,P,CHEV,C15,UT,1,17,4914,,0,1300,,G,,F,8,325,,,16R245,,,,,,0,0,000000000,00000000000,0,0,0,1,0,0,0,0,0,0,0,998,0,0,0,12,12,4,3,9,0,0,0,1,13,30906,6,1,0,0,3,0,69,160,98,0,0,0,0,0,0,0,0,0,86,0,0,0,1,4,45,1,1,2,2,0,0,1,83,99,1,1,13,0,0
13,130089,1,1,1,2,2,10,16,1,0,1,0,13,1,23,471,23471,30,2001,1GKDT13W2121,1,G,K,D,T,1,3,W,2,1,2,1,0,T,GMC,JMY,4W,1,17,,1,0,1070,JMY,G,,,6,262,,,,B,4133,00,E,44,0,0,000000000,00000000000,0,0,0,1,0,0,0,0,0,0,0,998,0,2,5,0,3,6,2,1,0,0,0,1,13,30646,6,1,0,0,3,3,67,115,98,0,0,0,0,0,0,0,0,0,58,29,0,0,1,2,55,3,6,8,1,0,0,14,13,7,3,4,98,1,0
13,130090,1,1,1,3,2,9,53,8,0,1,0,13,2,7,442,7442,20,2005,1D4GP45R55B2,1,D,4,G,P,4,5,R,5,5,B,2,0,P,DODG,CAR,SV,5,17,3845,,0,1133,,G,,F,6,201,,,16R215,,,,,,0,0,000000000,00000000000,0,0,0,1,0,0,0,0,0,0,0,998,0,0,0,12,98,4,3,8,0,0,0,1,13,30296,6,1,0,0,3,0,68,165,98,0,0,0,0,0,0,0,0,0,28,84,86,0,5,4,40,1,1,2,1,0,0,17,80,6,1,2,13,0,0
13,130091,1,1,1,3,2,13,41,35,0,1,0,13,2,12,401,12401,14,2001,1FMZU62E91ZA,1,F,M,Z,U,6,2,E,9,1,Z,A,0,P,FORD,EPR,UT,1,17,3845,,0,1116,,G,,F,6,245,,,15R235,,,,,,0,0,000000000,00000000000,0,0,0,1,0,0,0,0,0,0,0,998,0,1,6,14,98,6,2,1,0,0,0,1,13,30474,6,1,0,0,3,0,74,210,98,0,0,0,0,0,0,0,0,0,29,58,0,0,1,2,55,1,1,8,1,98,3,1,13,6,9,4,1,1,0
13,130092,1,2,1,4,2,14,11,12,6,1,0,13,1,35,471,35471,30,1995,1N6HD16S6SC4,1,N,6,H,D,1,6,S,6,S,C,4,0,T,NISS,KSX,PC,95,17,,1,0,1161,TRK,G,,,6,181,,,,B,3143,00,A,42,0,0,000000000,00000000000,0,0,0,1,0,0,0,0,0,0,0,998,0,0,0,10,10,6,2,12,0,0,0,1,13,31513,6,1,6,0,3,3,66,160,98,0,0,0,1,12,2009,12,2009,0,30,38,0,0,1,4,55,1,1,8,2,0,0,8,53,1,1,7,89,1,0
13,130092,2,2,1,4,2,14,11,12,6,1,0,13,2,20,481,20481,31,1984,1GCEK14H8EF3,1,G,C,E,K,1,4,H,8,E,F,3,0,T,CHEV,K10,PK,84,17,,2,1315,1175,K10,G,,,8,305,,,,B,3878,07,,44,0,0,000000000,00000000000,0,0,0,1,0,0,0,0,0,0,0,998,0,0,0,12,12,4,3,12,0,0,0,1,13,31513,6,1,6,0,3,3,66,160,98,0,0,0,0,0,0,0,0,0,0,0,0,0,1,4,45,1,1,8,2,0,0,1,71,99,1,1,88,0,0
13,130093,1,1,1,4,2,10,40,1,0,1,0,13,1,20,481,20481,40,2003,1GBGC24U43Z1,1,G,B,G,C,2,4,U,4,3,Z,1,0,T,CHEV,SC2,PK,3,17,,2,0,1330,SIL,G,,,8,364,,,,C,4995,00,,42,0,0,000000000,00000000000,0,0,0,1,0,0,0,0,0,0,0,998,0,2,5,0,13,6,2,1,0,0,0,1,13,31015,6,1,0,0,3,0,69,190,98,0,0,0,0,0,0,0,0,0,29,0,0,0,1,2,55,3,1,8,2,0,0,14,13,6,4,4,2,1,0
13,130094,1,1,1,4,2,18,25,35,0,1,0,13,1,12,471,12471,30,1990,1FTCR15X4LPB,1,F,T,C,R,1,5,X,4,L,P,B,0,T,FORD,RNS,PC,90,17,,1,0,1250,RNG,G,,,6,245,,,,B,3266,01,A,44,0,0,000000000,00000000000,0,0,0,1,0,0,0,0,0,0,0,998,0,1,5,14,13,6,2,42,32,0,0,1,13,30540,6,1,0,0,3,3,66,145,98,0,0,0,0,0,0,0,0,0,29,0,0,0,1,2,55,1,6,8,2,0,0,1,13,7,3,4,2,1,0
13,130095,1,1,2,4,2,21,32,34,0,1,0,13,1,20,2,20002,4,2002,2G1WF55E3293,2,G,1,W,F,5,5,E,3,2,9,3,0,P,CHEV,IMP,4D,2,17,3389,,0,1105,,G,,F,6,207,,,16R225,,,,,,0,0,000000000,00000000000,0,0,0,1,0,0,0,0,0,0,0,998,0,0,0,14,12,6,2,42,0,0,0,1,13,31045,6,1,0,0,3,0,71,275,98,0,0,1,1,3,2008,11,2010,1,29,0,0,0,1,2,55,1,4,8,2,0,0,1,6,99,1,4,6,1,0
13,130096,1,1,3,5,2,14,41,42,0,1,0,13,2,6,52,6052,6,2002,3C4FY48B12T3,3,C,4,F,Y,4,8,B,1,2,T,3,0,P,CHRY,PTC,SV,2,17,3037,,0,1033,,G,,F,4,148,,,15R195,,,,,,0,0,000000000,00000000000,0,0,0,1,0,0,0,0,0,0,0,998,0,0,0,12,12,6,2,42,0,0,0,1,13,31904,6,1,0,0,3,0,68,170,98,6,1,0,2,10,2009,11,2009,1,28,29,0,0,1,2,25,2,1,8,1,0,0,14,6,99,1,4,6,1,0
13,130097,1,1,1,5,2,4,15,42,0,1,0,13,1,12,3,12003,2,2002,1FAFP40452F1,1,F,A,F,P,4,0,4,5,2,F,1,0,P,FORD,MUS,CP,2,17,3066,,0,1013,,G,,F,6,232,,,16R225,,,,,,0,0,000000000,00000000000,0,0,0,1,0,0,0,0,0,0,0,998,0,0,0,6,6,6,2,42,0,0,0,1,13,31503,6,1,6,0,3,3,66,170,98,0,0,0,0,0,0,0,0,1,28,29,87,0,1,2,55,1,1,2,2,0,0,1,6,6,4,4,7,1,0
13,130098,1,1,1,6,2,14,15,1,0,1,0,92,0,53,705,53705,80,2004,JS1VP53A1421,J,S,1,V,P,5,3,A,1,4,2,1,0,M,SUZI,SV6,RC,4,17,,,,,,,645,,2,,4,363,,,,,,,0,0,000000000,00000000000,0,0,0,1,0,0,0,0,0,0,0,998,0,0,0,0,98,6,2,24,0,0,0,1,13,31326,6,1,0,0,3,0,74,170,98,0,0,0,1,9,2008,9,2008,0,29,0,0,0,2,2,50,1,2,2,1,0,0,1,9,99,1,1,98,1,0
13,130099,1,2,1,6,2,1,44,24,0,1,0,13,1,39,32,39032,4,1993,SAJKW1742PC6,S,A,J,K,W,1,7,4,2,P,C,6,0,P,JAGU,6VD,4D,93,17,3975,,0,1130,,G,,F,6,243,,,15R225,,,,,,0,0,000000000,00000000000,0,0,0,1,0,0,0,0,0,0,0,998,0,0,0,2,98,6,2,25,0,0,0,1,13,30134,6,1,0,0,3,3,65,135,98,2,0,1,1,4,2009,10,2010,0,29,0,0,0,3,4,60,1,2,2,1,0,0,1,13,99,1,4,1,1,0
13,130099,2,2,3,6,2,1,44,24,0,1,0,13,2,54,31,54031,3,1995,JH4DC4463SS0,J,H,4,D,C,4,4,6,3,S,S,0,0,P,ACUR,ISE,2H,95,17,2601,,0,1012,,G,,F,4,112,,,15R195,,,,,,0,0,000000000,00000000000,0,0,0,1,0,0,0,0,0,0,0,998,0,0,0,11,98,4,1,12,0,0,0,1,13,30180,6,1,0,0,3,0,67,115,98,0,0,0,1,12,2010,12,2010,0,0,0,0,0,3,4,60,1,2,2,1,0,0,1,50,1,1,1,98,0,0
13,130100,1,1,3,6,2,10,0,42,0,1,0,13,1,20,9,20009,2,2010,2G1FT1EW7A91,2,G,1,F,T,1,E,W,7,A,9,1,0,P,CHEV,SSM,CP,10,17,3860,,0,1123,,G,,F,8,378,,,20R245,,,,,,0,0,000000000,00000000000,0,0,0,1,0,0,0,0,0,0,0,998,0,1,5,11,12,6,2,42,0,0,0,1,13,30417,6,1,0,0,3,0,73,195,98,0,0,0,1,9,2008,9,2008,1,29,0,0,0,1,2,55,3,1,8,1,0,0,14,6,99,1,4,1,1,1
13,130101,1,3,1,8,2,17,30,53,0,1,0,13,1,37,31,37031,2,1992,2HGEH2351NH5,2,H,G,E,H,2,3,5,1,N,H,5,0,P,HOND,UCD,2H,92,17,2178,,0,1013,,G,,F,4,091,,,13R175,,,,,,0,0,000000000,00000000000,0,0,0,1,0,0,0,0,0,0,0,998,0,0,0,3,98,6,2,12,0,0,0,1,13,30281,6,1,5,0,3,0,73,130,98,0,0,0,1,4,2010,4,2010,1,28,29,58,0,1,4,45,1,1,2,1,0,0,1,13,99,9,4,2,1,0
13,130101,2,3,1,8,2,17,30,53,0,1,0,13,1,6,43,6043,4,2008,1C3LC46K38N1,1,C,3,L,C,4,6,K,3,8,N,1,0,P,CHRY,SLX,4D,8,17,3313,,0,1089,,G,,F,4,146,,,16R215,,,,,,0,0,000000000,00000000000,0,0,0,1,0,0,0,0,0,0,0,998,0,0,0,12,98,6,2,12,0,0,0,1,13,30294,6,1,0,0,3,0,72,165,98,3,0,2,3,1,2009,11,2010,0,0,0,0,0,1,4,45,1,1,2,1,0,0,1,62,99,1,1,98,0,0
13,130101,3,3,1,8,2,17,30,53,0,1,0,13,2,12,17,12017,4,2006,1FAFP53U56A1,1,F,A,F,P,5,3,U,5,6,A,1,0,P,FORD,TSE,4D,6,17,3307,,0,1085,,G,,F,6,183,,,16R215,,,,,,0,0,000000000,00000000000,0,0,0,1,0,0,0,0,0,0,0,998,0,0,0,12,98,6,2,12,0,0,0,1,13,30236,6,7,0,0,3,2,66,199,98,0,0,0,1,10,2010,10,2010,0,73,92,0,0,1,4,45,1,1,2,1,0,0,1,62,99,1,1,98,0,0
13,130102,1,2,1,9,2,8,39,12,6,1,0,13,1,37,32,37032,4,1996,1HGCD5634TA1,1,H,G,C,D,5,6,3,4,T,A,1,0,P,HOND,ULE,4D,96,17,2864,,0,1069,,G,,F,4,132,,,15R185,,,,,,0,0,000000000,00000000000,0,0,0,1,0,0,0,0,0,0,0,998,0,0,0,2,2,6,2,12,0,0,0,1,13,31321,6,1,0,0,3,3,60,104,98,0,0,0,0,0,0,0,0,0,38,0,0,0,3,2,45,1,1,8,1,98,3,11,15,99,9,2,74,1,0
13,130102,2,2,1,9,2,8,39,12,6,1,0,13,1,7,43,7043,2,2004,4B3AG52H64E1,4,B,3,A,G,5,2,H,6,4,E,1,0,P,DODG,SRS,CP,4,17,3170,,0,1037,,G,,F,6,181,,,16R205,,,,,,0,0,000000000,00000000000,0,0,0,1,0,0,0,0,0,0,0,998,0,0,0,12,12,6,2,12,0,0,0,1,13,30420,6,1,0,0,3,3,62,112,98,3,1,0,1,3,2009,4,2009,0,92,0,0,0,3,2,45,1,1,8,1,98,3,1,17,4,2,2,74,0,0
13,130103,1,4,1,9,2,8,10,12,8,1,0,13,3,12,881,12881,61,2007,1FDAF56P37EB,1,F,D,A,F,5,6,P,3,7,E,B,0,T,FORD,F5D,CB,7,17,,5,2000,1410,DRW,D,,,8,366,,,,D,6465,04,U,42,0,57,376384,57376384,2,1,96,1,0,0,0,0,0,0,0,998,0,0,0,11,12,6,2,12,0,0,0,1,13,30534,6,1,0,0,3,0,73,185,98,4,0,3,0,3,2008,12,2009,0,28,0,0,0,2,2,50,1,1,2,1,0,0,1,10,99,1,2,64,0,0
13,130103,2,4,3,9,2,8,10,12,8,1,0,13,1,12,481,12481,31,2000,1FTRX18L4YNB,1,F,T,R,X,1,8,L,4,Y,N,B,0,T,FORD,F15,4C,0,17,,2,1574,1388,COF,G,,,8,330,,,,B,4611,04,U,44,0,0,000000000,00000000000,0,0,0,1,0,0,0,0,0,0,0,0,0,0,0,2,2,2,1,12,0,0,0,1,13,30290,6,1,0,0,3,3,72,165,98,0,0,1,0,8,2009,8,2009,0,0,0,0,0,2,2,50,1,1,2,1,0,0,5,62,1,1,1,65,0,0
13,130103,3,4,1,9,2,8,10,12,8,1,0,13,1,22,20,22020,4,2002,1G2WR52182F2,1,G,2,W,R,5,2,1,8,2,F,2,0,P,PONT,GTP,4D,2,17,3559,,0,1105,,G,,Z,6,231,,,16R225,,,,,,0,0,000000000,00000000000,0,0,0,1,0,0,0,0,0,0,0,998,0,0,0,12,98,6,2,12,0,0,0,1,13,30047,1,1,0,0,2,0,74,235,98,1,0,2,1,7,2008,1,2011,0,0,0,0,0,2,2,50,1,1,2,1,0,0,1,62,99,1,1,98,1,0
13,130103,4,4,1,9,2,8,10,12,8,1,0,13,1,12,23,12023,4,2007,3FAHP06Z57R1,3,F,A,H,P,0,6,Z,5,7,R,1,0,P,FORD,F/S,4D,7,17,3101,,0,1074,,G,,F,4,140,,,16R205,,,,,,0,0,000000000,00000000000,0,0,0,1,0,0,0,0,0,0,0,998,0,0,0,12,98,6,2,12,0,0,0,1,13,30349,6,1,0,0,3,3,62,135,98,0,0,0,0,0,0,0,0,0,0,0,0,0,2,2,50,1,1,2,1,0,0,1,60,99,1,1,98,0,0
13,130104,1,1,1,9,2,3,19,8,0,1,1,99,9,99,999,99999,99,9999,999999999999,9,9,9,9,9,9,9,9,9,9,9,9,0,,,,,,,,,,,,,,,,,,,,,,,,,0,99,999999999,99999999999,9,99,99,1,0,0,0,0,0,0,0,998,0,0,0,99,99,9,1,8,0,0,0,1,99,99999,9,9,99,9,9,9,999,999,99,99,99,99,99,99,9999,99,9999,9,86,0,0,0,3,5,55,1,1,2,1,98,8,99,80,99,9,9,13,0,0
13,130105,1,1,1,9,2,11,16,8,0,1,0,13,2,53,32,53032,4,2001,JS2GB41S8152,J,S,2,G,B,4,1,S,8,1,5,2,0,P,SUZI,ELS,4D,1,17,2271,,0,976,,G,,F,4,112,,,14R185,,,,,,0,0,000000000,00000000000,0,0,0,1,0,0,0,0,0,0,0,998,0,9,6,11,11,6,2,8,0,0,0,1,13,30507,6,1,0,0,3,0,60,115,98,0,0,0,1,5,2010,5,2010,0,86,0,0,0,1,2,45,2,6,8,1,0,0,14,80,7,2,3,13,0,0
13,130106,1,1,2,9,2,16,16,8,0,1,0,13,1,20,421,20421,15,2007,1GNFC13J77R1,1,G,N,F,C,1,3,J,7,7,R,1,0,P,CHEV,CTA,UT,7,17,5443,,0,1160,,G,,F,8,323,,,17R265,,,,,,0,0,000000000,00000000000,0,0,0,1,0,0,0,0,0,0,0,998,0,0,0,14,14,0,3,8,32,0,0,1,13,31907,6,1,0,0,3,0,67,250,98,1,0,1,1,3,2008,9,2009,0,86,0,0,0,1,2,30,1,1,2,1,0,0,4,80,1,1,1,13,0,0
13,130107,1,1,1,10,2,8,19,42,0,1,0,13,1,12,401,12401,14,1998,1FMZU32E6WUD,1,F,M,Z,U,3,2,E,6,W,U,D,0,P,FORD,EPR,UT,98,17,3911,,0,1115,,G,,F,6,245,,,15R225,,,,,,0,0,000000000,00000000000,0,0,0,1,0,0,0,0,0,0,0,998,0,1,1,1,98,6,2,42,0,0,0,1,13,30624,6,1,0,0,3,0,69,135,98,0,0,1,0,12,2009,12,2009,1,29,87,0,0,1,2,45,2,2,2,4,0,0,14,5,3,2,4,2,1,0
13,130108,1,1,1,10,2,8,41,1,0,1,0,13,1,12,401,12401,14,2003,1FMZU67E33UB,1,F,M,Z,U,6,7,E,3,3,U,B,0,P,FORD,EPR,UT,3,17,3761,,0,1259,,G,,F,6,245,,,16R235,,,,,,0,0,000000000,00000000000,0,0,0,1,0,0,0,0,0,0,0,998,0,2,2,0,13,6,2,42,0,0,0,1,13,30044,6,1,0,0,3,0,63,160,98,0,0,0,0,0,0,0,0,1,29,87,0,0,1,2,55,1,1,9,4,98,3,1,5,7,3,4,2,1,0
13,130109,1,2,1,10,2,12,28,12,2,1,0,13,2,35,472,35472,30,2004,1N6ED27T74C4,1,N,6,E,D,2,7,T,7,4,C,4,0,T,NISS,FCX,CW,4,17,,1,0,1161,FRT,G,,,6,201,,,,B,3699,00,E,42,0,0,000000000,00000000000,0,0,0,1,0,0,0,0,0,0,0,998,0,0,0,12,12,6,2,12,0,0,0,1,13,31557,6,1,0,0,3,0,72,215,98,0,0,0,0,0,0,0,0,0,28,0,0,0,1,2,55,1,1,8,1,0,0,6,10,99,9,2,50,0,0
13,130109,2,2,1,10,2,12,28,12,2,1,0,13,3,12,16,12016,4,1996,2FALP74W2TX1,2,F,A,L,P,7,4,W,2,T,X,1,0,P,FORD,CVL,4D,96,17,3791,,0,1144,,G,,F,8,281,,,15R215,,,,,,0,0,000000000,00000000000,0,0,0,1,0,0,0,0,0,0,0,998,0,0,0,12,12,6,2,12,0,0,0,1,13,31548,6,1,0,0,3,3,65,125,98,0,0,0,0,0,0,0,0,0,0,0,0,0,1,2,55,1,1,8,1,0,0,1,62,99,9,3,51,1,0
13,130110,1,3,1,11,2,16,29,12,8,1,0,13,1,12,481,12481,31,1994,2FTHF26M2RCA,2,F,T,H,F,2,6,M,2,R,C,A,0,T,FORD,F25,PK,94,17,,2,0,1330,COF,D,,,8,444,,,,C,00000,00,M,44,0,0,000000000,00000000000,0,0,0,1,0,0,0,0,0,0,0,998,0,1,1,11,98,6,2,12,0,0,0,1,13,30165,0,0,0,0,0,0,68,216,98,0,0,0,0,0,0,0,0,1,28,0,0,0,5,4,55,1,1,2,1,0,0,15,10,1,1,2,64,0,0
13,130110,2,3,1,11,2,16,29,12,8,1,0,13,1,49,40,49040,4,1995,4T1SK12E9SU5,4,T,1,S,K,1,2,E,9,S,U,5,0,P,TOYT,CLE,4D,95,17,3086,,0,1031,,G,,F,4,132,,,14R195,,,,,,0,0,000000000,00000000000,0,0,0,1,0,0,0,0,0,0,0,998,0,0,0,11,11,6,2,12,0,0,0,1,13,30105,6,2,0,0,3,0,65,115,98,0,0,0,0,0,0,0,0,0,0,0,0,0,5,4,55,1,1,2,1,0,0,1,62,99,1,1,65,1,0
13,130110,3,3,1,11,2,16,29,12,8,1,0,92,0,23,481,23481,31,1990,1GTDC14K4LE5,1,G,T,D,C,1,4,K,4,L,E,5,0,T,GMC,SC1,PK,90,17,,1,1315,1175,SIE,G,,,8,350,,,,B,3717,07,A,42,0,0,000000000,00000000000,0,0,0,1,0,0,0,0,0,0,0,998,0,0,0,11,98,6,2,12,0,0,0,1,13,30161,6,1,0,0,3,0,72,220,98,1,0,0,0,1,2009,1,2009,0,0,0,0,0,5,4,55,1,1,2,1,0,0,1,51,99,1,1,98,0,0
13,130111,1,1,1,11,2,19,12,8,0,1,0,13,2,23,401,23401,14,2003,1GKDS13S0323,1,G,K,D,S,1,3,S,0,3,2,3,0,T,GMC,ENV,4W,3,17,,1,0,1130,ENV,G,,,6,256,,,,B,4417,00,E,42,0,0,000000000,00000000000,0,0,0,1,0,0,0,0,0,0,0,998,0,0,0,12,12,6,2,8,32,0,0,1,13,31545,6,1,0,0,3,0,65,180,98,3,0,0,2,2,2008,1,2010,0,86,0,0,0,1,2,50,1,1,8,1,0,0,1,80,4,1,1,13,0,0
13,130112,1,4,1,12,2,21,54,12,1,1,0,99,9,82,881,82881,66,1997,1FUYSXYB7VP8,1,F,U,Y,S,X,Y,B,7,V,P,8,1,T,FRHT,FC2,TR,97,17,,8,0,0,CON,D,,,6,893,,,,,00000,00,,64,1,57,9999999,579999999,3,6,1,1,0,0,0,0,0,0,0,998,7,0,0,12,98,4,3,12,0,0,0,1,18,47150,6,1,6,0,3,0,71,195,0,0,0,0,1,8,2010,8,2010,0,26,0,0,0,2,9,55,1,2,2,1,0,0,1,51,1,1,1,24,0,0
13,130112,2,4,3,12,2,21,54,12,1,1,0,13,1,23,8,23008,6,2009,1GKER13D89J1,1,G,K,E,R,1,3,D,8,9,J,1,0,T,GMC,SLF,4W,9,17,,2,0,1189,ACA,G,,,6,220,,,,B,4722,00,7,42,0,0,000000000,00000000000,0,0,0,1,0,0,0,0,0,0,0,998,0,0,0,6,6,6,2,12,0,0,0,1,13,30134,6,1,0,0,3,0,63,130,98,0,0,0,0,0,0,0,0,0,0,0,0,0,2,9,55,1,2,2,1,0,0,1,53,1,1,1,25,1,0
13,130112,3,4,2,12,2,21,54,12,1,1,0,92,0,18,2,18002,4,2002,1G4HR54K12U1,1,G,4,H,R,5,4,K,1,2,U,1,0,P,BUIC,LLF,4D,2,17,3591,,0,1122,,G,,F,6,231,,,15R215,,,,,,0,0,000000000,00000000000,0,0,0,1,0,0,0,0,0,0,0,0,0,0,0,6,98,6,2,12,0,0,1,1,13,30310,0,0,0,0,0,0,71,200,98,7,0,1,0,5,2008,2,2010,0,92,0,0,0,2,9,55,1,2,2,1,0,0,5,53,1,1,1,98,0,0