STATE,ST_CASE,VEH_NO,VE_FORMS,NUMOCCS,DAY,MONTH,HOUR,MINUTE,HARM_EV,MAN_COLL,UNITTYPE,HIT_RUN,REG_STAT,OWNER,MAKE,MODEL,MAK_MOD,BODY_TYP,MOD_YEAR,VIN,VIN_1,VIN_2,VIN_3,VIN_4,VIN_5,VIN_6,VIN_7,VIN_8,VIN_9,VIN_10,VIN_11,VIN_12,TOW_VEH,VINTYPE,VINMAKE,VINA_MOD,VIN_BT,VINMODYR,VIN_LNGT,VIN_WGT,WGTCD_TR,WHLBS_LG,WHLBS_SH,SER_TR,FUELCODE,MCYCL_DS,CARBUR,CYLINDER,DISPLACE,MCYCL_CY,MCYCL_WT,TIRE_SZE,TON_RAT,TRK_WT,TRKWTVAR,VIN_REST,WHLDRWHL,J_KNIFE,MCARR_I1,MCARR_I2,MCARR_ID,GVWR,V_CONFIG,CARGO_BT,HAZ_INV,HAZ_PLAC,HAZ_ID,HAZ_CNO,HAZ_REL,BUS_USE,SPEC_USE,EMER_USE,TRAV_SP,UNDERIDE,ROLLOVER,ROLINLOC,IMPACT1,IMPACT2,DEFORMED,TOWED,M_HARM,VEH_SC1,VEH_SC2,FIRE_EXP,DR_PRES,L_STATE,DR_ZIP,L_STATUS,L_TYPE,CDL_STAT,L_ENDORS,L_COMPL,L_RESTRI,DR_HGT,DR_WGT,PREV_ACC,PREV_SUS,PREV_DWI,PREV_SPD,PREV_OTH,FIRST_MO,FIRST_YR,LAST_MO,LAST_YR,SPEEDREL,DR_SF1,DR_SF2,DR_SF3,DR_SF4,VTRAFWAY,VNUM_LAN,VSPD_LIM,VALIGN,VPROFILE,VPAVETYP,VSURCOND,VTRAFCON,VTCONT_F,P_CRASH1,P_CRASH2,P_CRASH3,PCRASH4,PCRASH5,ACC_TYPE,DEATHS,DR_DRINK
13,130143,1,3,4,21,2,19,2,12,1,1,0,13,4,2,405,2405,14,2011,1J4PP5GK8BW5,1,J,4,P,P,5,G,K,8,B,W,5,0,T,JEEP,LMD,4W,11,17,,1,0,1061,LIB,G,,,6,225,,,,,3985,00,R,42,0,0,000000000,00000000000,0,0,0,1,0,0,0,0,0,0,0,998,0,0,0,12,12,6,2,12,0,0,0,1,13,30230,6,1,0,0,3,0,64,140,98,0,0,0,2,2,2008,2,2008,0,26,0,0,0,3,3,70,1,1,2,1,0,0,1,51,1,1,1,24,1,1
13,130143,2,3,1,21,2,19,2,12,1,1,0,53,2,30,40,30040,4,2006,3VWXJ71K06M6,3,V,W,X,J,7,1,K,0,6,M,6,0,P,VOLK,JL2,4D,6,17,3215,,0,1015,,G,,T,4,121,,,16R205,,,,,,0,0,000000000,00000000000,0,0,0,1,0,0,0,0,0,0,0,998,0,0,0,6,6,4,1,12,0,0,0,1,13,30043,6,1,0,0,3,0,70,200,98,0,0,0,0,0,0,0,0,0,0,0,0,0,3,3,70,1,1,2,1,0,0,1,53,1,1,1,25,0,0
13,130143,3,3,4,21,2,19,2,12,1,1,0,13,2,63,33,63033,4,2002,KNAFB1614250,K,N,A,F,B,1,6,1,4,2,5,0,0,P,KIA,SSX,4H,2,17,2686,,0,1008,,G,,F,4,109,,,14R185,,,,,,0,0,000000000,00000000000,0,0,0,1,0,0,0,0,0,0,0,998,0,0,0,62,12,6,2,12,0,0,0,1,13,30349,6,1,0,0,3,3,66,130,98,1,0,2,0,1,2010,10,2010,0,0,0,0,0,3,3,70,1,1,2,1,0,0,1,60,1,1,1,98,0,0
13,130144,1,2,1,21,2,5,19,12,1,1,0,13,1,7,482,7482,31,2001,3B7HC13Z21G2,3,B,7,H,C,1,3,Z,2,1,G,2,0,T,DODG,Q15,4C,1,17,,2,1547,1387,RPC,G,,,8,360,,,,B,4688,01,U,42,0,0,000000000,00000000000,0,0,0,1,0,0,0,0,0,0,0,998,0,0,0,12,12,6,2,12,0,0,0,1,13,31047,6,1,6,0,3,0,72,235,98,0,0,0,0,0,0,0,0,0,28,0,0,0,2,2,65,1,6,2,1,0,0,1,51,1,1,1,98,1,0
13,130144,2,2,1,21,2,5,19,12,1,1,0,13,2,82,881,82881,66,1994,1FUY3LYB4RH6,1,F,U,Y,3,L,Y,B,4,R,H,6,1,T,FRHT,FD1,TR,94,17,,8,0,0,CON,D,,,6,611,,,,,00000,00,,64,1,57,1984929,571984929,3,6,10,1,0,0,0,0,0,0,0,998,0,0,0,6,6,0,1,12,0,0,0,1,13,30454,6,1,6,0,3,3,71,170,98,0,0,0,0,0,0,0,0,0,0,0,0,0,2,2,65,1,6,2,1,0,0,12,53,1,1,1,98,0,0
13,130145,1,3,1,21,2,15,36,12,6,1,0,13,1,20,498,20498,39,1968,1516307,1,5,1,6,3,0,7,,,,,,0,T,CHEV,,,68,7,,,,,,,,,,,,,,,,,,,0,0,000000000,00000000000,0,0,0,1,0,0,0,0,0,0,0,998,0,0,0,1,12,6,2,12,0,0,0,1,13,30721,6,1,0,0,3,0,69,175,98,0,0,0,0,0,0,0,0,0,38,0,0,0,1,2,45,1,1,2,1,3,3,11,15,1,1,1,68,0,0
13,130145,2,3,2,21,2,15,36,12,6,1,0,13,1,49,43,49043,4,2003,4T1BF28B63U3,4,T,1,B,F,2,8,B,6,3,U,3,0,P,TOYT,UVS,4D,3,17,3417,,0,1071,,G,,F,6,183,,,15R205,,,,,,0,0,000000000,00000000000,0,0,0,1,0,0,0,0,0,0,0,998,0,0,0,12,12,6,2,12,0,0,0,1,13,30720,6,1,0,0,3,0,66,130,98,0,0,0,0,0,0,0,0,0,0,0,0,0,1,2,45,1,1,2,1,3,3,1,62,1,1,1,69,1,0
13,130145,3,3,1,21,2,15,36,12,6,1,0,13,2,49,472,49472,30,1999,4TAPM62N6XZ5,4,T,A,P,M,6,2,N,6,X,Z,5,0,T,TOYT,REG,PK,99,17,,1,0,1033,TAC,G,,,4,164,,,,B,3202,00,U,44,0,0,000000000,00000000000,0,0,0,1,0,0,0,0,0,0,0,0,0,0,0,12,12,6,2,12,0,0,0,1,13,30721,6,1,0,0,3,0,70,195,98,1,0,1,0,2,2008,2,2008,0,0,0,0,0,1,2,45,1,1,2,1,3,3,5,54,1,1,1,98,0,0
13,130146,1,2,2,23,2,16,12,12,6,1,0,13,1,20,481,20481,31,2003,2GCEC19T6311,2,G,C,E,C,1,9,T,6,3,1,1,0,T,CHEV,SC1,4C,3,17,,2,1575,1435,SIL,G,,,8,325,,,,B,4534,03,,42,0,0,000000000,00000000000,0,0,0,1,0,0,0,0,0,0,0,998,0,0,0,2,3,6,2,12,32,0,0,1,13,31302,6,1,0,0,3,0,72,210,98,0,0,0,0,0,0,0,0,0,48,0,0,0,3,2,70,1,1,2,1,0,0,1,10,1,1,2,66,1,1
13,130146,2,2,1,23,2,16,12,12,6,1,0,93,3,51,881,51881,66,2005,4V4NC9GHX5N3,4,V,4,N,C,9,G,H,X,5,N,3,1,T,VOLV,VNL,TR,5,17,,8,0,0,VVN,D,,,6,732,,,,,00000,00,,64,1,57,036684,57036684,3,6,1,1,0,0,0,0,0,0,0,998,0,0,0,12,12,6,2,12,0,0,0,1,13,30041,6,1,6,0,3,0,64,150,98,0,0,0,0,0,0,0,0,0,0,0,0,0,3,2,70,1,1,2,1,0,0,1,62,1,1,1,66,0,0
13,130147,1,1,1,23,2,10,15,1,0,1,0,45,2,13,421,13421,15,2000,5LMEU27A5YLJ,5,L,M,E,U,2,7,A,5,Y,L,J,0,P,LINC,NAV,UT,0,17,5393,,0,1190,,G,,F,8,330,,,17R275,,,,,,0,0,000000000,00000000000,0,0,0,1,0,0,0,0,0,0,0,998,0,1,6,0,0,6,2,1,0,0,0,1,12,33311,6,1,0,0,3,0,63,999,0,0,0,0,0,0,0,0,0,0,80,0,0,0,3,3,70,1,1,2,1,0,0,1,1,1,3,4,2,1,0
13,130148,1,3,2,23,2,17,31,12,6,1,0,13,1,14,8,14008,4,1977,7K30L518023,7,K,3,0,L,5,1,8,0,2,3,,0,P,MERC,COM,4D,77,11,2964,,1099,1030,,G,,1,6,250,,,14C78,,,,,,0,0,000000000,00000000000,0,0,0,1,0,0,0,0,0,0,0,998,0,0,0,12,11,6,2,12,0,0,0,1,13,30815,6,1,0,0,3,0,73,150,98,0,0,0,0,0,0,0,0,0,38,48,0,0,1,2,55,3,1,2,1,0,0,11,15,1,1,2,68,2,0
13,130148,2,3,1,23,2,17,31,12,6,1,0,13,3,86,881,86881,63,1999,1M2P267C3XM0,1,M,2,P,2,6,7,C,3,X,M,0,0,T,MACK,RD6,CC,99,17,,8,0,0,600,D,,,6,728,,,,,00000,00,,64,0,57,01562153,5701562153,3,2,4,1,0,0,0,0,0,0,0,998,0,0,0,11,11,4,3,12,0,0,0,1,13,30058,6,1,6,0,3,3,73,270,98,1,0,0,1,6,2008,3,2009,0,0,0,0,0,1,2,55,2,1,2,1,0,0,14,60,1,1,1,69,0,0
13,130148,3,3,1,23,2,17,31,12,6,1,0,13,1,6,441,6441,20,2006,2A4GP54L96R7,2,A,4,G,P,5,4,L,9,6,R,7,0,T,CHRY,TOU,ES,6,17,,1,0,1193,TWC,G,,,6,230,,,,,4267,00,,42,0,0,000000000,00000000000,0,0,0,1,0,0,0,0,0,0,0,998,0,0,0,11,11,4,3,12,0,0,0,1,13,30805,6,1,0,0,3,3,64,165,98,0,0,0,0,0,0,0,0,0,0,0,0,0,1,2,55,3,1,2,1,0,0,14,62,1,1,1,98,0,0
13,130149,1,1,1,24,2,20,49,40,0,1,0,13,2,37,705,37705,80,2005,JH2PC37035M2,J,H,2,P,C,3,7,0,3,5,M,2,0,M,HOND,B60,RC,5,17,,,,,,,599,,4,,4,361,,,,,,,0,0,000000000,00000000000,0,0,0,1,0,0,0,0,0,0,0,998,0,0,0,12,12,6,2,40,0,0,0,1,13,31088,6,1,0,0,3,0,74,160,98,0,0,0,1,10,2009,10,2009,1,28,0,0,0,1,2,40,1,3,2,1,0,0,1,12,1,1,4,6,1,0
13,130150,1,1,1,24,2,16,15,42,0,1,0,13,1,18,2,18002,4,2002,1G4HP54K6241,1,G,4,H,P,5,4,K,6,2,4,1,0,P,BUIC,LCF,4D,2,17,3567,,0,1122,,G,,F,6,231,,,15R215,,,,,,0,0,000000000,00000000000,0,0,0,1,0,0,0,0,0,0,0,998,0,0,0,12,12,6,2,42,0,0,0,1,13,31794,6,1,0,0,3,3,64,140,98,0,0,0,0,0,0,0,0,0,28,0,0,0,1,2,55,1,1,2,1,28,3,1,8,1,1,4,6,1,0
13,130151,1,2,1,25,2,7,3,12,1,1,0,12,3,82,881,82881,66,1999,1FUYDSEB2XLB,1,F,U,Y,D,S,E,B,2,X,L,B,1,T,FRHT,FLD,TR,99,17,,8,0,0,CON,D,,,6,774,,,,,00000,00,,64,1,57,397594,57397594,3,6,1,1,0,0,0,0,0,0,0,998,0,0,0,12,12,6,2,12,0,0,0,1,13,30308,6,1,6,0,3,0,70,160,98,0,0,0,0,0,0,0,0,0,28,0,0,0,3,3,70,1,6,2,2,0,0,1,11,1,1,2,32,0,0
13,130151,2,2,1,25,2,7,3,12,1,1,0,13,1,22,18,22018,2,1997,1G2NW12M7VC7,1,G,2,N,W,1,2,M,7,V,C,7,0,P,PONT,GAG,CP,97,17,2808,,0,1034,,G,,F,6,191,,,16R205,,,,,,0,0,000000000,00000000000,0,0,0,1,0,0,0,0,0,0,0,0,0,0,0,6,6,6,2,12,0,0,0,1,13,31046,0,0,0,0,0,0,61,135,98,0,0,0,0,0,0,0,0,0,0,0,0,0,3,3,70,1,6,2,2,0,0,5,61,1,1,2,32,1,0
13,130152,1,2,1,25,2,6,24,12,6,1,0,13,2,37,31,37031,4,2002,2HGES26752H5,2,H,G,E,S,2,6,7,5,2,H,5,0,P,HOND,UAX,4D,2,17,2615,,0,1031,,G,,F,4,102,,,15R185,,,,,,0,0,000000000,00000000000,0,0,0,1,0,0,0,0,0,0,0,998,0,0,0,9,9,6,2,12,0,0,0,1,13,30141,6,1,0,0,3,0,61,120,98,0,0,0,0,0,0,0,0,0,39,0,0,0,1,2,35,2,5,2,2,20,3,11,15,1,1,1,68,1,0
13,130152,2,2,2,25,2,6,24,12,6,1,0,13,1,12,401,12401,14,2000,1FMYU70XXYUA,1,F,M,Y,U,7,0,X,X,Y,U,A,0,P,FORD,EPR,UT,0,17,3870,,0,1017,,G,,F,6,245,,,15R235,,,,,,0,0,000000000,00000000000,0,0,0,1,0,0,0,0,0,0,0,998,0,0,0,12,12,6,2,12,0,0,0,1,13,30168,6,1,0,0,3,0,63,160,98,0,0,0,0,0,0,0,0,0,0,0,0,0,1,2,55,2,5,2,2,0,0,14,67,1,1,1,69,0,0
13,130153,1,2,1,25,2,20,2,12,1,1,0,92,0,12,481,12481,31,1998,1FTZX18W9WNA,1,F,T,Z,X,1,8,W,9,W,N,A,0,T,FORD,F15,3C,98,17,,1,1570,1390,COF,G,,,8,281,,,,B,4480,01,E,44,0,0,000000000,00000000000,0,0,0,1,0,0,0,0,0,0,0,998,0,1,6,12,12,6,2,1,0,0,0,1,13,31801,1,1,1,0,2,0,73,276,98,1,0,0,0,8,2010,8,2010,0,28,8,0,0,2,2,65,1,6,2,1,0,0,1,51,1,1,1,24,1,0
13,130153,2,2,1,25,2,20,2,12,1,1,0,13,1,7,482,7482,31,2004,1D7HA16N34J2,1,D,7,H,A,1,6,N,3,4,J,2,0,T,DODG,S15,PK,4,17,,2,1405,1205,RPC,G,,,8,287,,,,B,4445,01,E,42,0,0,000000000,00000000000,0,0,0,1,0,0,0,0,0,0,0,998,0,0,0,6,6,2,1,12,0,0,0,1,13,31801,6,1,0,0,3,0,65,180,98,0,0,0,0,0,0,0,0,0,0,0,0,0,2,2,65,1,6,2,1,0,0,1,53,1,1,1,25,0,0
13,130154,1,1,1,26,2,22,35,8,0,1,0,13,1,35,401,35401,14,1998,JN8AR05S3WW2,J,N,8,A,R,0,5,S,3,W,W,2,0,P,NISS,PFI,UT,98,17,3714,,0,1063,,G,,F,6,201,,,15R235,,,,,,0,0,000000000,00000000000,0,0,0,1,0,0,0,0,0,0,0,998,0,0,0,1,1,4,8,8,0,0,0,1,13,30605,6,1,0,0,3,0,71,150,98,0,0,1,2,10,2009,11,2010,0,0,0,0,0,1,2,45,1,1,2,1,0,0,1,80,1,1,1,13,0,0
13,130155,1,1,2,26,2,14,24,14,0,1,0,13,2,2,405,2405,14,2004,1J4GL48K14W2,1,J,4,G,L,4,8,K,1,4,W,2,0,T,JEEP,SPR,4W,4,17,,1,0,1043,LIB,G,,,6,226,,,,,3656,01,E,44,0,0,000000000,00000000000,0,0,0,1,0,0,0,0,0,0,0,998,0,0,0,12,1,6,2,14,0,0,0,1,13,30720,1,1,0,0,2,0,72,208,98,1,0,0,0,2,2011,2,2011,0,28,0,0,0,1,2,40,1,1,2,1,28,3,1,8,1,1,4,98,1,0
13,130156,1,1,2,26,2,23,21,1,0,1,0,0,0,76,739,76739,90,2004,000000000000,0,0,0,0,0,0,0,0,0,0,0,0,0,,,,,,,,,,,,,,,,,,,,,,,,,0,0,000000000,00000000000,0,0,0,1,0,0,0,0,0,0,0,998,0,2,1,0,0,4,3,1,0,0,0,1,13,30534,6,1,0,0,3,0,70,190,98,1,0,0,1,9,2008,9,2008,0,28,58,0,0,1,2,55,3,1,2,1,0,0,14,87,98,4,2,98,1,1
13,130157,1,1,1,5,2,18,58,8,0,1,1,13,1,23,471,23471,30,1999,1GTCS19X5X85,1,G,T,C,S,1,9,X,5,X,8,5,0,T,GMC,SON,PC,99,17,,1,0,1229,SON,G,,,6,262,,,,B,00000,00,U,42,0,0,000000000,00000000000,0,0,0,1,0,0,0,0,0,0,0,998,0,0,0,12,12,4,1,8,0,0,0,1,13,30060,6,8,5,0,3,2,72,190,98,0,0,0,0,0,0,0,0,0,74,0,0,0,1,2,35,1,2,2,2,0,0,1,80,1,1,1,13,0,0
13,130158,1,2,1,8,2,0,9,12,2,1,0,13,2,49,32,49032,4,1996,1NXBA02E8TZ3,1,N,X,B,A,0,2,E,8,T,Z,3,0,P,TOYT,COA,4D,96,17,2315,,0,970,,G,,F,4,097,,,14R175,,,,,,0,0,000000000,00000000000,0,0,0,1,0,0,0,0,0,0,0,998,0,0,0,12,12,6,2,12,0,0,1,1,13,30062,6,1,0,0,3,0,75,260,98,0,0,0,1,8,2010,8,2010,0,51,0,0,0,3,5,55,1,1,2,1,0,0,1,54,1,1,1,52,1,0
13,130158,2,2,1,8,2,0,9,12,2,1,0,93,3,82,881,82881,66,2007,1FUJA6CKX7LY,1,F,U,J,A,6,C,K,X,7,L,Y,1,T,FRHT,COL,TR,7,17,,8,0,0,CON,D,,,6,855,,,,,00000,00,,64,1,57,686168,57686168,3,6,1,1,0,0,0,0,0,0,0,998,0,0,0,12,12,6,2,12,0,0,1,1,13,30720,6,1,6,0,3,3,70,260,98,0,0,0,0,0,0,0,0,0,0,0,0,0,3,5,55,1,1,2,1,0,0,1,54,1,1,1,52,0,0
13,130159,1,1,1,1,3,18,41,34,0,1,0,99,9,20,461,20461,21,2002,1GBJG1R62112,1,G,B,J,G,1,R,6,2,1,1,2,0,T,CHEV,E/4,,2,16,,,0,1350,E/X,,,,,,,,,,00000,00,,,0,0,000000000,00000000000,0,0,0,1,0,0,0,0,0,0,0,998,0,1,5,12,13,6,2,34,0,0,0,1,47,37918,6,1,0,0,3,3,74,248,0,0,0,0,0,0,0,0,0,0,29,0,0,0,1,2,55,3,6,8,1,0,0,14,13,1,1,4,1,1,1
13,130160,1,1,1,1,3,9,16,14,0,1,0,13,1,49,40,49040,4,1999,JT2BG22K0X03,J,T,2,B,G,2,2,K,0,X,0,3,0,P,TOYT,XLL,4D,99,17,3120,,0,1051,,G,,F,4,132,,,14R195,,,,,,0,0,000000000,00000000000,0,0,0,1,0,0,0,0,0,0,0,998,0,0,0,12,12,6,2,14,0,0,0,1,13,30442,6,1,0,0,3,0,71,230,98,0,0,0,0,0,0,0,0,0,29,0,0,0,2,2,70,2,6,8,1,0,0,14,14,99,9,4,1,1,0
13,130161,1,1,1,4,3,22,37,1,0,1,0,13,1,2,404,2404,14,2004,1J4GX48S34C2,1,J,4,G,X,4,8,S,3,4,C,2,0,T,JEEP,LCF,4W,4,17,,1,0,1059,GCK,G,,,6,244,,,,,3683,02,E,42,0,0,000000000,00000000000,0,0,0,1,0,0,0,0,0,0,0,998,0,2,1,0,98,6,2,1,0,0,0,1,13,30809,6,2,0,0,3,0,71,145,98,0,0,0,0,0,0,0,0,1,28,0,0,0,1,2,45,2,2,2,1,0,0,14,10,99,1,2,98,1,1
13,130162,1,1,2,5,3,22,23,8,0,1,0,13,2,2,404,2404,14,2007,1J8GS48K17C6,1,J,8,G,S,4,8,K,1,7,C,6,0,T,JEEP,LCF,4W,7,17,,1,0,1095,GCK,G,,,6,226,,,,,4205,00,7,42,0,0,000000000,00000000000,0,0,0,1,0,0,0,0,0,0,0,998,0,0,0,12,12,4,3,8,0,0,0,1,13,30044,6,1,0,0,3,3,69,147,98,0,0,0,3,11,2010,2,2011,0,86,0,0,0,1,4,45,1,2,2,2,3,3,1,80,1,1,1,13,0,0
13,130163,1,3,3,6,3,14,50,12,7,1,0,12,1,41,471,41471,30,1997,4F4DR17X6VTM,4,F,4,D,R,1,7,X,6,V,T,M,0,T,MAZD,4CP,PC,97,17,,1,0,1254,B40,G,,,6,245,,,,,3829,00,B,44,0,0,000000000,00000000000,0,0,0,1,0,0,0,0,0,0,0,998,0,1,1,8,13,6,2,1,0,0,0,1,12,32218,6,1,6,0,3,0,70,999,0,0,0,0,0,0,0,0,0,0,28,80,0,0,3,3,70,1,1,8,1,0,0,1,1,1,1,2,45,1,0
13,130163,2,3,6,6,3,14,50,12,7,1,0,13,1,37,441,37441,20,2010,5FNRL3H90AB0,5,F,N,R,L,3,H,9,0,A,B,0,0,P,HOND,UDY,SV,10,17,4640,,0,1181,,G,,F,6,214,,,16R235,,,,,,0,0,000000000,00000000000,0,0,0,1,0,0,0,0,0,0,0,998,0,0,0,1,11,6,2,12,0,0,0,1,13,31313,6,1,6,0,3,0,66,155,98,0,0,0,0,0,0,0,0,0,0,0,0,0,3,3,70,1,1,8,1,0,0,1,61,99,1,1,44,0,0
13,130163,3,3,2,6,3,14,50,12,7,1,0,37,1,12,24,12024,6,2011,2FMDK3JC4BBA,2,F,M,D,K,3,J,C,4,B,B,A,0,P,FORD,EDG,UT,11,17,4082,,0,1112,,G,,F,6,214,,,18R245,,,,,,0,0,000000000,00000000000,0,0,0,1,0,0,0,0,0,0,0,998,0,0,0,13,13,2,1,12,0,0,0,1,37,28277,6,1,0,0,3,3,73,999,0,0,0,0,0,0,0,0,0,0,0,0,0,0,3,3,70,1,1,8,1,0,0,1,60,1,1,1,98,0,0
13,130164,1,1,1,25,2,19,33,35,0,1,0,13,1,23,472,23472,30,2006,1GKDT13S1621,1,G,K,D,T,1,3,S,1,6,2,1,0,T,GMC,ENV,4W,6,17,,1,0,1130,ENV,G,,,6,256,,,,B,4594,00,4,44,0,0,000000000,00000000000,0,0,0,1,0,0,0,0,0,0,0,998,0,1,5,10,10,6,2,1,0,0,0,1,13,30107,6,1,0,0,3,0,76,210,98,0,0,0,0,0,0,0,0,0,29,85,0,0,1,2,55,3,1,8,1,0,0,17,54,7,1,4,1,1,0
13,130165,1,1,2,6,3,23,4,34,0,1,0,13,1,19,18,19018,4,2003,1G6DM57N6301,1,G,6,D,M,5,7,N,6,3,0,1,0,P,CADI,C/T,4D,3,17,3509,,0,1134,,G,,F,6,194,,,16R225,,,,,,0,0,000000000,00000000000,0,0,0,1,0,0,0,0,0,0,0,998,0,0,0,14,12,6,2,42,0,0,1,1,13,31707,6,1,0,0,3,0,68,165,98,0,0,0,0,0,0,0,0,1,29,36,0,0,1,2,55,1,6,8,1,0,0,1,13,99,1,4,1,2,0
13,130166,1,2,2,8,3,14,29,12,6,1,0,13,1,20,441,20441,20,1998,1GNDM19W2WB1,1,G,N,D,M,1,9,W,2,W,B,1,0,T,CHEV,AST,ES,98,17,,1,0,1112,AST,G,,,6,262,,,,B,4427,00,,42,0,0,000000000,00000000000,0,0,0,1,0,0,0,0,0,0,0,998,0,0,0,12,12,6,2,12,0,0,0,1,13,30241,6,1,0,0,3,0,69,225,98,0,0,0,0,0,0,0,0,0,39,0,0,0,1,2,55,1,1,8,1,20,3,1,17,99,1,1,88,2,0
13,130166,2,2,1,8,3,14,29,12,6,1,0,13,3,84,881,84881,62,2007,1HTMPAFM97H4,1,H,T,M,P,A,F,M,9,7,H,4,0,T,INTL,420,CC,7,17,,6,0,0,40S,D,,,8,365,,,,,00000,00,,42,0,57,869146,57869146,2,1,1,1,0,0,0,0,0,0,0,998,0,0,0,10,10,6,2,12,0,0,0,1,13,30474,6,1,0,0,3,0,69,155,98,0,0,0,1,12,2008,12,2008,0,0,0,0,0,1,2,55,1,5,8,1,0,0,1,17,99,1,1,89,0,0
13,130167,1,1,1,10,3,4,33,8,0,1,0,13,2,22,20,22020,2,2001,1G2WP12K61F2,1,G,2,W,P,1,2,K,6,1,F,2,0,P,PONT,GPG,CP,1,17,3429,,0,1105,,G,,F,6,231,,,16R225,,,,,,0,0,000000000,00000000000,0,0,0,1,0,0,0,0,0,0,0,998,0,0,0,12,98,4,1,8,0,0,0,1,13,30296,6,1,0,0,3,0,76,258,98,0,0,0,0,0,0,0,0,0,86,0,0,0,1,2,45,1,1,2,2,0,0,1,80,1,1,1,13,0,0
13,130168,1,2,3,11,3,12,23,12,6,1,0,13,2,21,20,21020,4,1995,1G3WH52MXSF3,1,G,3,W,H,5,2,M,X,S,F,3,0,P,OLDS,SUL,4D,95,17,3354,,0,1075,,G,,F,6,191,,,15R205,,,,,,0,0,000000000,00000000000,0,0,0,1,0,0,0,0,0,0,0,998,0,0,0,3,98,6,2,12,0,0,0,1,13,30268,6,1,0,0,3,3,67,151,98,0,0,0,0,0,0,0,0,0,38,0,0,0,1,4,45,1,1,1,1,0,0,11,16,1,1,2,82,1,0
13,130168,2,2,1,11,3,12,23,12,6,1,0,93,4,82,883,82883,66,2006,1FUJA6CK16LW,1,F,U,J,A,6,C,K,1,6,L,W,0,T,FRHT,COL,TR,6,17,,8,0,0,CON,D,,,6,855,,,,,00000,00,,64,0,57,1851840,571851840,3,5,96,1,0,0,0,0,0,0,0,998,0,0,0,12,98,6,2,12,0,0,0,1,13,30507,6,1,6,0,3,0,69,280,98,2,0,0,1,10,2009,9,2010,0,0,0,0,0,1,4,45,1,1,1,1,0,0,1,17,99,1,1,83,0,0
13,130169,1,2,3,11,3,16,20,12,6,1,0,13,1,12,16,12016,4,1987,2FABP74F0HX1,2,F,A,B,P,7,4,F,0,H,X,1,0,P,FORD,CVL,4D,87,17,3735,,0,1143,,G,,F,8,302,,,15R205,,,,,,0,0,000000000,00000000000,0,0,0,1,0,0,0,0,0,0,0,998,0,0,0,3,3,6,2,12,0,0,0,1,13,31787,6,1,0,0,3,0,64,162,98,0,0,0,0,0,0,0,0,0,38,0,0,0,1,2,45,1,3,8,1,20,3,1,17,1,1,1,87,2,0
13,130169,2,2,1,11,3,16,20,12,6,1,0,12,3,82,881,82881,66,2002,1FUJBBCG02LJ,1,F,U,J,B,B,C,G,0,2,L,J,1,T,FRHT,ST2,TR,2,17,,8,0,0,CON,D,,,6,774,,,,,00000,00,,64,1,57,660828,57660828,3,6,1,1,0,0,0,0,0,0,0,998,0,0,0,12,12,6,2,12,0,0,0,1,12,32024,6,1,6,0,3,0,71,999,0,0,0,0,0,0,0,0,0,0,0,0,0,0,2,2,55,1,6,8,1,0,0,1,66,99,1,1,86,0,0
13,130170,1,2,1,11,3,22,18,59,0,1,0,13,2,41,37,41037,4,2002,1YVGF22C1252,1,Y,V,G,F,2,2,C,1,2,5,2,0,P,MAZD,U6L,4D,2,17,2864,,0,1051,,G,,F,4,122,,,15R205,,,,,,0,0,000000000,00000000000,0,0,0,1,0,0,0,0,0,0,0,998,0,0,0,12,9,6,2,12,0,0,0,1,13,30238,6,1,0,0,3,3,70,137,98,1,0,0,0,6,2009,6,2009,1,29,0,0,0,2,2,55,2,1,8,1,0,0,14,12,7,3,4,7,1,0
13,130170,2,2,4,11,3,22,18,59,0,1,0,13,2,49,40,49040,4,2007,4T1BE46K87U0,4,T,1,B,E,4,6,K,8,7,U,0,0,P,TOYT,CMB,4D,7,17,3108,,0,1093,,G,,F,4,146,,,15R205,,,,,,0,0,000000000,00000000000,0,0,0,1,0,0,0,0,0,0,0,998,0,0,0,12,12,6,2,12,0,0,0,1,37,27519,6,1,0,0,3,0,63,999,0,0,0,0,0,0,0,0,0,0,0,0,0,0,2,2,55,3,1,8,1,0,0,14,62,99,1,1,98,0,0
13,130171,1,1,1,12,3,14,46,42,0,1,0,13,1,53,706,53706,80,2000,JS1VY51A4Y21,J,S,1,V,Y,5,1,A,4,Y,2,1,0,M,SUZI,VL1,RS,0,17,,,,,,,1462,,2,,4,652,,,,,,,0,0,000000000,00000000000,0,0,0,1,0,0,0,0,0,0,0,998,0,0,0,12,12,6,2,42,0,0,0,1,13,30045,6,1,0,0,3,0,73,180,98,1,0,2,0,5,2008,2,2009,0,29,0,0,0,1,2,45,3,3,8,1,0,0,14,13,99,1,4,1,1,0
13,130172,1,1,1,13,3,21,45,1,0,1,0,13,2,37,709,37709,80,2007,JH2PC40077M0,J,H,2,P,C,4,0,0,7,7,M,0,0,M,HOND,B60,RC,7,17,,,,,,,599,,4,,4,345,,,,,,,0,0,000000000,00000000000,0,0,0,1,0,0,0,0,0,0,0,998,0,0,0,0,98,6,2,39,0,0,0,1,13,30281,6,2,0,0,3,2,72,160,98,0,0,0,1,1,2011,1,2011,0,29,74,0,0,1,2,25,1,1,2,1,0,0,1,12,99,1,4,6,1,0