STATE,ST_CASE,VEH_NO,VE_FORMS,NUMOCCS,DAY,MONTH,HOUR,MINUTE,HARM_EV,MAN_COLL,UNITTYPE,HIT_RUN,REG_STAT,OWNER,MAKE,MODEL,MAK_MOD,BODY_TYP,MOD_YEAR,VIN,VIN_1,VIN_2,VIN_3,VIN_4,VIN_5,VIN_6,VIN_7,VIN_8,VIN_9,VIN_10,VIN_11,VIN_12,TOW_VEH,VINTYPE,VINMAKE,VINA_MOD,VIN_BT,VINMODYR,VIN_LNGT,VIN_WGT,WGTCD_TR,WHLBS_LG,WHLBS_SH,SER_TR,FUELCODE,MCYCL_DS,CARBUR,CYLINDER,DISPLACE,MCYCL_CY,MCYCL_WT,TIRE_SZE,TON_RAT,TRK_WT,TRKWTVAR,VIN_REST,WHLDRWHL,J_KNIFE,MCARR_I1,MCARR_I2,MCARR_ID,GVWR,V_CONFIG,CARGO_BT,HAZ_INV,HAZ_PLAC,HAZ_ID,HAZ_CNO,HAZ_REL,BUS_USE,SPEC_USE,EMER_USE,TRAV_SP,UNDERIDE,ROLLOVER,ROLINLOC,IMPACT1,IMPACT2,DEFORMED,TOWED,M_HARM,VEH_SC1,VEH_SC2,FIRE_EXP,DR_PRES,L_STATE,DR_ZIP,L_STATUS,L_TYPE,CDL_STAT,L_ENDORS,L_COMPL,L_RESTRI,DR_HGT,DR_WGT,PREV_ACC,PREV_SUS,PREV_DWI,PREV_SPD,PREV_OTH,FIRST_MO,FIRST_YR,LAST_MO,LAST_YR,SPEEDREL,DR_SF1,DR_SF2,DR_SF3,DR_SF4,VTRAFWAY,VNUM_LAN,VSPD_LIM,VALIGN,VPROFILE,VPAVETYP,VSURCOND,VTRAFCON,VTCONT_F,P_CRASH1,P_CRASH2,P_CRASH3,PCRASH4,PCRASH5,ACC_TYPE,DEATHS,DR_DRINK
13,130173,1,2,1,15,3,23,55,12,6,1,0,13,1,6,43,6043,2,2003,4C3AG52HX3E0,4,C,3,A,G,5,2,H,X,3,E,0,0,P,CHRY,SLI,CP,3,17,3115,,0,1037,,G,,F,6,181,,,17R215,,,,,,0,0,000000000,00000000000,0,0,0,1,0,0,0,0,0,0,0,998,0,0,0,9,98,6,2,12,0,0,0,1,13,30606,6,1,0,0,3,0,67,140,98,0,0,0,0,0,0,0,0,0,29,0,0,0,2,2,55,1,2,2,2,0,0,1,12,7,3,6,65,1,1
13,130173,2,2,2,15,3,23,55,12,6,1,0,13,2,37,32,37032,4,2006,1HGCM56716A1,1,H,G,C,M,5,6,7,1,6,A,1,0,P,HOND,UEX,4D,6,17,3142,,0,1079,,G,,F,4,146,,,16R205,,,,,,0,0,000000000,00000000000,0,0,0,1,0,0,0,0,0,0,0,998,0,0,0,12,98,6,2,12,0,0,0,1,13,30606,6,1,0,0,3,0,65,130,98,0,0,0,0,0,0,0,0,0,0,0,0,0,2,2,55,1,2,2,2,0,0,1,62,1,1,1,64,0,0
13,130174,1,3,1,17,3,21,15,8,0,1,0,13,1,7,461,7461,21,1986,2B6HB23T5GK5,2,B,6,H,B,2,3,T,5,G,K,5,0,T,DODG,B25,CG,86,17,,2,1276,1096,RMV,G,,,8,318,,,,C,3455,05,A,42,0,0,000000000,00000000000,0,0,0,1,0,0,0,0,0,0,0,998,0,1,1,12,12,6,2,8,0,0,0,1,13,31321,6,1,0,0,3,3,67,147,98,0,0,0,1,10,2010,10,2010,0,86,29,0,0,1,2,45,1,1,8,1,0,0,1,80,99,1,1,13,0,0
13,130174,2,3,0,17,3,21,15,8,0,1,0,92,0,24,1,24001,4,1995,1G8ZH5289SZ1,1,G,8,Z,H,5,2,8,9,S,Z,1,0,P,STRN,SL1,4D,95,17,2252,,0,1024,,G,,F,4,116,,,14R175,,,,,,0,0,000000000,00000000000,0,0,0,1,0,0,0,0,0,0,0,0,0,0,0,10,10,6,2,12,0,0,0,0,0,99997,7,6,97,7,6,7,998,997,998,998,998,998,998,98,9998,98,9998,8,0,0,0,0,1,2,45,1,1,8,1,0,0,0,99,0,0,0,98,0,0
13,130174,3,3,0,17,3,21,15,8,0,1,0,92,0,12,881,12881,61,1999,1FDAF56F6XEE,1,F,D,A,F,5,6,F,6,X,E,E,0,T,FORD,F5D,CB,99,17,,5,2010,1410,DRW,D,,,8,444,,,,,00000,00,E,42,0,57,1848376,571848376,2,1,3,1,0,0,0,0,0,0,0,0,0,0,0,6,6,6,2,12,0,0,0,0,0,99997,7,6,97,7,6,7,998,997,998,998,998,998,998,98,9998,98,9998,8,0,0,0,0,1,2,45,1,1,8,1,0,0,0,99,0,0,0,98,0,0
13,130175,1,2,2,17,3,5,50,12,1,1,0,13,2,19,3,19003,4,2001,1G6KD54Y31U1,1,G,6,K,D,5,4,Y,3,1,U,1,0,P,CADI,DFW,4D,1,17,3978,,0,1138,,G,,F,8,279,,,16R225,,,,,,0,0,000000000,00000000000,0,0,0,1,0,0,0,0,0,0,0,998,0,0,0,12,12,6,2,12,0,0,0,1,13,31525,1,1,0,0,2,3,72,200,98,5,1,1,1,4,2009,9,2009,0,26,0,0,0,3,2,70,1,1,8,1,0,0,1,51,1,1,1,24,2,0
13,130175,2,2,1,17,3,5,50,12,1,1,0,93,3,84,881,84881,66,2009,3HSCUAPRX9N1,3,H,S,C,U,A,P,R,X,9,N,1,1,T,INTL,PPR,TR,9,17,,8,0,0,PRO,D,,,6,915,,,,,00000,00,,64,1,57,092188,57092188,3,6,1,2,8,8888,88,1,0,0,0,998,0,0,0,6,6,4,3,12,0,0,0,1,13,31419,6,1,6,1,3,0,74,225,98,0,0,0,0,0,0,0,0,0,0,0,0,0,3,2,70,1,1,8,1,0,0,1,53,1,1,1,25,0,0
13,130176,1,1,2,18,3,12,25,42,0,1,0,13,1,12,481,12481,31,1990,1FTDF15N2LNB,1,F,T,D,F,1,5,N,2,L,N,B,0,T,FORD,F15,PK,90,17,,1,1330,1170,COF,G,,,8,302,,,,B,3535,01,A,42,0,0,000000000,00000000000,0,0,0,1,0,0,0,0,0,0,0,998,0,0,0,12,98,6,2,42,0,0,0,1,13,30114,6,1,0,0,3,0,73,160,98,0,0,0,0,0,0,0,0,0,29,0,0,0,1,2,55,2,1,2,1,0,0,14,13,1,1,4,1,1,0
13,130177,1,2,2,18,3,23,21,12,6,1,0,4,1,48,34,48034,6,1990,JF1BJ6320LK9,J,F,1,B,J,6,3,2,0,L,K,9,0,P,SUBA,LGX,SW,90,17,2780,,0,1016,,G,,F,4,135,,,14R175,,,,,,0,0,000000000,00000000000,0,0,0,1,0,0,0,0,0,0,0,998,0,0,0,9,9,6,2,12,0,0,0,1,4,85201,6,1,0,0,3,0,69,140,0,0,0,0,0,0,0,0,0,0,39,0,0,0,1,2,45,1,6,8,1,3,3,11,15,1,1,2,82,1,0
13,130177,2,2,1,18,3,23,21,12,6,1,0,13,2,18,24,18024,6,2009,5GAER23D29J1,5,G,A,E,R,2,3,D,2,9,J,1,0,P,BUIC,ENC,UT,9,17,4780,,0,1189,,G,,F,6,220,,,19R255,,,,,,0,0,000000000,00000000000,0,0,0,1,0,0,0,0,0,0,0,998,0,0,0,12,12,6,2,12,0,0,0,1,13,30127,6,1,0,0,3,0,69,170,98,0,0,0,1,10,2008,10,2008,0,0,0,0,0,1,2,55,1,5,8,1,3,3,1,17,99,1,1,83,0,0
13,130178,1,1,1,19,3,3,4,1,0,1,0,13,1,20,471,20471,30,1997,1GCCS14X0V81,1,G,C,C,S,1,4,X,0,V,8,1,0,T,CHEV,S14,PK,97,17,,1,1179,1083,S,G,,,6,262,,,,B,3062,00,,42,0,0,000000000,00000000000,0,0,0,1,0,0,0,0,0,0,0,998,0,2,5,0,98,6,2,2,0,0,1,1,13,30215,6,1,0,0,3,0,73,170,98,0,0,0,0,0,0,0,0,1,58,29,0,0,1,2,35,1,1,2,1,0,0,1,13,99,1,4,1,1,1
13,130179,1,3,7,19,3,9,52,12,2,1,0,13,2,37,441,37441,20,2002,2HKRL186X2H5,2,H,K,R,L,1,8,6,X,2,H,5,0,P,HOND,UDY,SV,2,17,4354,,0,1181,,G,,F,6,212,,,16R225,,,,,,0,0,000000000,00000000000,0,0,0,1,0,0,0,0,0,0,0,998,0,0,0,12,98,6,2,12,0,0,0,1,13,30719,6,1,0,0,3,0,63,120,98,0,0,0,1,4,2010,4,2010,0,38,0,0,0,5,4,55,1,1,2,1,3,3,11,15,1,1,2,68,0,0
13,130179,2,3,2,19,3,9,52,12,2,1,0,13,1,37,706,37706,80,2003,1HFSC470X3A2,1,H,F,S,C,4,7,0,X,3,A,2,0,M,HOND,GL8,RS,3,17,,,,,,,1832,,6,,4,816,,,,,,,0,0,000000000,00000000000,0,0,0,1,0,0,0,0,0,0,0,998,0,0,0,12,12,6,2,12,0,0,0,1,13,30705,6,1,6,0,3,3,73,235,98,0,0,0,0,0,0,0,0,0,0,0,0,0,5,4,55,1,1,2,1,3,3,1,62,3,2,1,69,1,0
13,130179,3,3,1,19,3,9,52,12,2,1,0,47,1,20,421,20421,15,1985,1G8EK18C7FF1,1,G,8,E,K,1,8,C,7,F,F,1,0,P,CHEV,K10,UT,85,17,4274,,0,1065,,D,,F,8,379,,,000000,,,,,,0,0,000000000,00000000000,0,0,0,1,0,0,0,0,0,0,0,0,0,0,0,11,98,2,1,12,0,0,0,1,47,37323,6,1,6,0,3,0,73,270,0,0,0,0,0,0,0,0,0,0,0,0,0,0,1,2,99,1,1,2,1,3,3,5,54,1,1,1,98,0,0
13,130180,1,1,1,20,3,10,32,18,0,1,0,13,1,72,706,72706,80,2010,1HD1FC410AB6,1,H,D,1,F,C,4,1,0,A,B,6,0,M,HD,FTU,RS,10,17,,,,,,,1584,,2,,4,889,,,,,,,0,0,000000000,00000000000,0,0,0,1,0,0,0,0,0,0,0,998,0,0,0,12,12,6,2,18,0,0,0,1,13,31903,6,1,0,0,3,3,69,162,98,0,0,0,0,0,0,0,0,0,0,0,0,0,3,3,65,1,1,2,1,0,0,1,90,1,1,1,15,1,0
13,130181,1,2,1,21,3,22,53,12,1,1,0,13,1,86,881,86881,63,1998,1M1AA13Y5WW0,1,M,1,A,A,1,3,Y,5,W,W,0,0,T,MACK,CH6,TR,98,17,,8,0,0,600,D,,,6,728,,,,,00000,00,,64,0,57,1439866,571439866,3,2,4,1,0,0,0,0,0,0,0,998,0,0,0,6,98,2,1,12,0,0,0,1,13,31093,6,1,6,0,3,0,69,180,98,0,0,0,0,0,0,0,0,0,0,0,0,0,3,3,55,1,2,2,1,98,8,2,53,1,1,1,29,0,0
13,130181,2,2,1,21,3,22,53,12,1,1,0,13,1,41,35,41035,4,1996,JM1BB1418T03,J,M,1,B,B,1,4,1,8,T,0,3,0,P,MAZD,PDS,4D,96,17,2385,,0,1026,,G,,F,4,091,,,13R175,,,,,,0,0,000000000,00000000000,0,0,0,1,0,0,0,0,0,0,0,998,0,0,0,12,98,6,2,12,0,0,0,1,13,31208,6,1,0,0,3,3,66,125,98,0,0,0,0,0,0,0,0,0,26,0,0,0,3,3,55,1,2,2,1,98,8,1,52,1,1,1,28,1,1
13,130182,1,1,1,21,3,20,51,8,0,1,1,99,9,99,999,99999,99,9999,999999999999,9,9,9,9,9,9,9,9,9,9,9,9,0,,,,,,,,,,,,,,,,,,,,,,,,,0,0,000000000,00000000000,0,0,0,1,0,0,0,0,0,0,0,998,0,0,0,99,99,9,1,8,0,0,0,1,99,99999,9,9,99,9,9,9,999,999,99,99,99,99,99,99,9999,99,9999,9,86,0,0,0,1,2,45,1,1,2,1,0,0,1,80,99,9,9,13,0,0
13,130183,1,1,1,22,3,15,53,32,0,1,0,13,1,37,705,37705,80,2006,JH2PC37076M3,J,H,2,P,C,3,7,0,7,6,M,3,0,M,HOND,B60,RC,6,17,,,,,,,599,,4,,4,361,,,,,,,0,0,000000000,00000000000,0,0,0,1,0,0,0,0,0,0,0,998,0,0,0,12,12,6,2,32,0,0,0,1,13,30620,6,1,6,0,3,0,75,175,98,3,0,2,1,8,2008,10,2009,0,29,0,0,0,1,2,40,2,2,2,1,0,0,14,9,1,1,4,1,1,0
13,130184,1,1,1,23,3,21,1,53,0,1,0,92,0,12,401,12401,14,2002,1FMZU62E22UA,1,F,M,Z,U,6,2,E,2,2,U,A,0,P,FORD,EPR,UT,2,17,4094,,0,1137,,G,,F,6,245,,,16R235,,,,,,0,0,000000000,00000000000,0,0,0,1,0,0,0,0,0,0,0,998,0,1,5,12,98,6,2,32,0,0,0,1,13,31503,1,1,0,0,2,0,71,235,98,2,1,0,1,10,2009,11,2009,0,29,0,0,0,1,2,35,2,1,2,1,0,0,14,13,1,1,4,1,1,1
13,130185,1,1,2,24,3,0,6,20,0,1,0,92,0,23,421,23421,15,2005,1GKFK66U45J2,1,G,K,F,K,6,6,U,4,5,J,2,0,T,GMC,DXL,4W,5,17,,2,0,1300,YUK,G,,,8,366,,,,B,5760,00,4,44,0,0,000000000,00000000000,0,0,0,1,0,0,0,0,0,0,0,998,0,1,5,12,98,6,2,1,0,0,0,1,13,31907,6,1,0,0,3,0,72,177,98,0,0,0,0,0,0,0,0,0,29,0,0,0,3,2,65,1,1,1,1,98,8,1,13,8,1,4,1,1,1
13,130186,1,3,2,26,3,22,3,12,6,1,0,13,1,37,32,37032,4,2010,1HGCP2F4XAA1,1,H,G,C,P,2,F,4,X,A,A,1,0,P,HOND,LXP,4D,10,17,3278,,0,1102,,G,,F,4,146,,,16R215,,,,,,0,0,000000000,00000000000,0,0,0,1,0,0,0,0,0,0,0,998,0,0,0,1,98,6,2,12,0,0,0,1,13,30040,6,1,0,0,3,0,67,118,98,0,0,0,0,0,0,0,0,0,38,0,0,0,1,2,45,1,1,2,2,20,3,11,10,1,1,2,82,0,0
13,130186,2,3,1,26,3,22,3,12,6,1,0,92,0,22,2,22002,4,1997,1G2HZ52KXVH2,1,G,2,H,Z,5,2,K,X,V,H,2,0,P,PONT,BSE,4D,97,17,3491,,0,1108,,G,,F,6,231,,,16R225,,,,,,0,0,000000000,00000000000,0,0,0,1,0,0,0,0,0,0,0,998,0,0,0,1,9,6,2,12,0,0,0,1,13,30601,6,1,0,0,3,0,70,144,98,2,0,1,2,9,2009,10,2010,0,0,0,0,0,1,2,45,1,1,2,2,98,8,1,54,99,1,1,83,1,0
13,130186,3,3,1,26,3,22,3,12,6,1,0,13,1,49,402,49402,14,2011,2T3ZF4DV0BW0,2,T,3,Z,F,4,D,V,0,B,W,0,0,P,TOYT,RG4,UT,11,17,3300,,0,0,,G,,F,4,153,,,000000,,,,,,0,0,000000000,00000000000,0,0,0,1,0,0,0,0,0,0,0,998,0,0,0,12,12,6,2,12,0,0,0,1,13,30041,6,1,0,0,3,3,71,240,98,0,0,0,0,0,0,0,0,0,0,0,0,0,1,2,45,1,1,2,2,98,8,1,62,1,1,1,98,0,0
13,130187,1,1,1,2,3,16,48,42,0,1,0,13,2,21,23,21023,4,2000,1G3WH52HXYF1,1,G,3,W,H,5,2,H,X,Y,F,1,0,P,OLDS,IGX,4D,0,17,3455,,0,1090,,G,,F,6,211,,,16R225,,,,,,0,0,000000000,00000000000,0,0,0,1,0,0,0,0,0,0,0,998,0,0,0,12,12,6,2,42,0,0,0,1,13,30311,0,0,0,0,0,0,64,135,98,1,0,0,0,5,2009,5,2009,1,28,37,0,0,1,2,25,1,1,2,1,0,0,1,6,1,1,4,6,1,0
13,130188,1,1,1,2,3,22,55,8,0,1,0,13,1,20,471,20471,30,1998,1GCCS1444W81,1,G,C,C,S,1,4,4,4,W,8,1,0,T,CHEV,S14,PK,98,17,,1,1179,1083,S,G,,,4,133,,,,B,3003,00,,42,0,0,000000000,00000000000,0,0,0,1,0,0,0,0,0,0,0,998,0,0,0,12,12,6,2,8,0,0,0,1,13,31601,6,1,0,0,3,3,71,185,98,0,0,0,2,3,2010,9,2010,0,0,0,0,0,2,2,55,1,1,2,1,0,0,1,80,1,1,1,13,0,0
13,130189,1,1,1,27,3,19,30,42,0,1,0,92,0,37,709,37709,80,2005,JH2PC35015M6,J,H,2,P,C,3,5,0,1,5,M,6,0,M,HOND,CF4,RC,5,17,,,,,,,599,,4,,4,370,,,,,,,0,0,000000000,00000000000,0,0,0,1,0,0,0,0,0,0,0,998,0,0,0,12,98,6,2,42,0,0,0,1,13,30179,6,1,0,0,2,3,70,158,98,0,0,0,0,0,0,0,0,1,29,0,0,0,1,2,45,2,2,2,1,98,8,14,6,1,1,4,1,1,1
13,130190,1,1,2,2,3,17,0,1,0,1,0,13,3,72,706,72706,80,2005,1HD1FFW105Y6,1,H,D,1,F,F,W,1,0,5,Y,6,0,M,HD,TCI,RS,5,17,,,,,,,1450,,2,,4,776,,,,,,,0,0,000000000,00000000000,0,0,0,1,0,0,0,0,0,0,0,998,0,0,0,0,0,2,3,1,0,0,0,1,13,31503,6,1,0,0,3,0,72,284,98,0,0,0,0,0,0,0,0,0,28,0,0,0,1,2,45,3,1,2,1,0,0,14,13,1,1,4,1,1,0
13,130191,1,1,1,2,3,20,22,8,0,1,0,13,2,2,404,2404,14,1998,1J4GZ58S5WC1,1,J,4,G,Z,5,8,S,5,W,C,1,0,T,JEEP,LRT,4W,98,17,,1,0,1059,GCK,G,,,6,242,,,,,3708,01,E,44,0,0,000000000,00000000000,0,0,0,1,0,0,0,0,0,0,0,998,0,0,0,12,12,6,2,8,0,0,0,1,13,30906,6,2,0,0,3,0,71,208,98,0,0,0,0,0,0,0,0,0,0,0,0,0,1,2,30,2,5,2,1,28,3,14,80,1,1,1,13,0,0
13,130192,1,4,2,30,3,7,3,12,6,1,0,13,2,6,51,6051,4,2006,2C3LA43R26H2,2,C,3,L,A,4,3,R,2,6,H,2,0,P,CHRY,C30,4D,6,17,3623,,0,1200,,G,,F,6,165,,,17R215,,,,,,0,0,000000000,00000000000,0,0,0,1,0,0,0,0,0,0,0,998,0,0,0,3,98,6,2,12,0,0,0,1,13,30518,6,2,0,0,3,3,69,225,98,0,0,0,0,0,0,0,0,0,38,0,0,0,2,2,45,1,2,2,2,0,0,11,15,1,1,2,68,1,0
13,130192,2,4,1,30,3,7,3,12,6,1,0,13,2,2,404,2404,14,1994,1J4FX58S8RC2,1,J,4,F,X,5,8,S,8,R,C,2,0,T,JEEP,LRO,4W,94,17,,1,0,1059,GCK,G,,,6,242,,,,,3408,00,B,42,0,0,000000000,00000000000,0,0,0,1,0,0,0,0,0,0,0,998,0,0,0,12,98,6,2,12,0,0,0,1,13,30096,0,0,0,0,0,0,67,175,98,0,0,0,1,10,2008,10,2008,0,92,0,0,0,2,2,45,1,2,2,2,0,0,1,17,1,1,1,69,0,0
13,130192,3,4,3,30,3,7,3,12,6,1,0,13,2,55,39,55039,4,2007,KMHFC46D17A2,K,M,H,F,C,4,6,D,1,7,A,2,0,P,HYUN,AZG,4D,7,17,3629,,0,1094,,G,,F,6,201,,,16R225,,,,,,0,0,000000000,00000000000,0,0,0,1,0,0,0,0,0,0,0,0,0,0,0,9,98,2,1,12,0,0,0,1,13,30024,6,1,0,0,3,0,70,190,98,0,0,0,1,2,2011,2,2011,0,0,0,0,0,1,2,45,1,2,2,2,20,3,5,62,1,1,1,98,0,0
13,130192,4,4,1,30,3,7,3,12,6,1,0,13,1,18,2,18002,4,2000,1G4HR54K6YU2,1,G,4,H,R,5,4,K,6,Y,U,2,0,P,BUIC,LLF,4D,0,17,3591,,0,1122,,G,,F,6,231,,,15R215,,,,,,0,0,000000000,00000000000,0,0,0,1,0,0,0,0,0,0,0,0,0,0,0,12,12,2,1,12,0,0,0,1,13,30518,6,1,5,0,3,0,66,199,98,1,0,0,1,10,2010,10,2010,0,0,0,0,0,1,2,45,1,2,2,2,20,3,5,62,1,1,1,98,0,0
13,130193,1,1,2,2,3,19,50,8,0,1,0,1,1,20,401,20401,14,2004,1GNES16P7461,1,G,N,E,S,1,6,P,7,4,6,1,0,P,CHEV,TRL,UT,4,17,4773,,0,1290,,G,,F,8,325,,,17R245,,,,,,0,0,000000000,00000000000,0,0,0,1,0,0,0,0,0,0,0,998,0,0,0,12,12,6,2,8,0,0,0,1,1,36105,6,1,0,0,3,3,75,170,0,0,0,0,0,0,0,0,0,0,0,0,0,0,3,6,65,1,1,2,1,3,3,1,80,1,1,1,13,0,0
13,130195,1,2,1,3,3,18,13,12,2,1,0,1,1,12,481,12481,31,2007,1FTPW14V07FA,1,F,T,P,W,1,4,V,0,7,F,A,0,T,FORD,F1S,CW,7,17,,2,0,1390,COF,F,,,8,329,,,,B,5476,01,E,44,0,0,000000000,00000000000,0,0,0,1,0,0,0,0,0,0,0,998,0,0,0,12,12,6,2,12,0,0,0,1,1,36280,6,1,0,0,3,0,72,210,0,0,0,0,0,0,0,0,0,0,26,28,0,0,1,2,55,1,1,8,1,0,0,17,10,7,1,2,50,0,0
13,130195,2,2,1,3,3,18,13,12,2,1,0,13,3,12,16,12016,4,2009,2FAHP71V59X1,2,F,A,H,P,7,1,V,5,9,X,1,0,P,FORD,CVP,4D,9,17,0,,0,1147,,F,,F,8,281,,,17R235,,,,,,0,0,000000000,00000000000,0,0,0,1,0,0,0,0,0,5,0,998,0,0,0,12,12,6,2,12,0,0,0,1,13,30217,6,1,0,0,3,3,71,202,98,0,0,0,0,0,0,0,0,0,0,0,0,0,1,2,55,1,1,8,1,0,0,1,62,1,1,1,51,1,0
13,130196,1,1,1,4,3,14,5,59,0,1,0,13,2,22,22,22022,4,2010,1G2ZA5E0XA41,1,G,2,Z,A,5,E,0,X,A,4,1,0,P,PONT,G/6,4D,10,17,3305,,0,1123,,F,,F,4,146,,,17R215,,,,,,0,0,000000000,00000000000,0,0,0,1,0,0,0,0,0,0,0,998,0,0,0,12,12,6,2,42,0,0,0,1,13,30292,6,1,0,0,3,0,67,170,98,0,0,0,0,0,0,0,0,0,29,0,0,0,1,2,45,1,1,8,1,0,0,1,12,99,9,4,6,1,0
13,130197,1,1,2,6,3,14,19,42,0,1,0,13,1,12,481,12481,31,1978,F10GNBH2681,F,1,0,G,N,B,H,2,6,8,1,,0,T,FORD,F10,PK,78,11,,1,1665,1170,COF,G,,,8,302,,,,B,3559,01,,42,0,0,000000000,00000000000,0,0,0,1,0,0,0,0,0,0,0,998,0,0,0,12,98,6,2,42,0,0,0,1,13,30120,6,1,6,0,3,0,76,325,98,0,0,0,0,0,0,0,0,1,29,0,0,0,1,2,35,2,1,2,1,0,0,14,6,1,1,4,1,1,1
13,130198,1,2,2,9,3,20,8,12,6,1,0,13,2,22,22,22022,4,2007,1G2ZG58B7742,1,G,2,Z,G,5,8,B,7,7,4,2,0,P,PONT,6BS,4D,7,17,3305,,0,1123,,G,,F,4,146,,,17R225,,,,,,0,0,000000000,00000000000,0,0,0,1,0,0,0,0,0,0,0,998,0,0,0,1,98,6,2,12,0,0,0,1,13,31088,6,2,0,0,3,0,64,170,98,0,0,0,0,0,0,0,0,0,28,0,0,0,1,9,55,1,1,2,2,0,0,1,10,4,2,3,64,2,0
13,130198,2,2,5,9,3,20,8,12,6,1,0,13,2,23,481,23481,31,1994,1GKFK16KXRJ7,1,G,K,F,K,1,6,K,X,R,J,7,0,T,GMC,KSU,4W,94,17,,2,0,1315,K15,G,,,8,350,,,,B,00000,00,A,44,0,0,000000000,00000000000,0,0,0,1,0,0,0,0,0,0,0,998,0,0,0,12,98,6,2,12,0,0,0,1,13,31005,6,1,0,0,3,3,66,205,98,0,0,0,0,0,0,0,0,0,0,0,0,0,1,9,55,1,1,2,2,0,0,1,62,1,1,1,65,0,0
13,130199,1,2,1,18,3,20,0,12,6,1,0,93,2,82,881,82881,66,2003,1FUJA6CG33LK,1,F,U,J,A,6,C,G,3,3,L,K,1,T,FRHT,COL,TR,3,17,,8,0,0,CON,D,,,6,774,,,,,00000,00,,64,1,57,2093900,572093900,3,6,1,1,0,0,0,0,0,0,0,0,0,0,0,3,3,4,3,12,0,0,0,1,13,30297,6,1,6,0,3,0,70,253,98,0,0,0,2,4,2009,5,2009,0,54,0,0,0,3,9,65,1,2,2,1,0,0,5,53,1,1,1,98,0,0
13,130199,2,2,4,18,3,20,0,12,6,1,0,18,3,49,40,49040,4,2009,4T1BE46K69U2,4,T,1,B,E,4,6,K,6,9,U,2,0,P,TOYT,CBA,4D,9,17,3263,,0,1090,,G,,F,4,144,,,16R215,,,,,,0,0,000000000,00000000000,0,0,0,1,0,0,0,0,0,0,0,998,3,0,0,12,12,6,2,12,0,0,0,1,18,46143,6,1,0,0,3,0,72,170,0,0,0,0,0,0,0,0,0,0,0,0,0,0,3,9,65,1,2,2,1,0,0,1,50,99,1,9,98,1,0
13,130200,1,1,15,22,3,20,57,24,0,1,0,13,1,20,461,20461,21,2002,1GAHG39R3212,1,G,A,H,G,3,9,R,3,2,1,2,0,T,CHEV,E35,ES,2,17,,2,0,1550,EXP,G,,,8,350,,,,D,6122,00,,42,0,0,000000000,00000000000,0,0,0,1,0,0,0,0,0,0,0,998,0,1,3,12,98,6,2,1,0,0,0,1,13,30360,6,1,0,0,3,0,67,185,98,1,0,1,0,9,2010,10,2010,0,29,0,0,0,3,3,70,1,6,2,1,0,0,1,1,1,7,4,7,2,0
13,130201,1,1,1,3,3,23,50,52,0,1,0,13,1,12,17,12017,4,1998,1FAFP52S7WA1,1,F,A,F,P,5,2,S,7,W,A,1,0,P,FORD,TLS,4D,98,17,3359,,0,1085,,G,,F,6,182,,,15R205,,,,,,0,0,000000000,00000000000,0,0,0,1,0,0,0,0,0,0,0,998,0,1,4,12,12,6,2,1,0,0,0,1,12,31401,6,1,0,0,3,0,73,999,0,0,0,0,0,0,0,0,0,1,28,0,0,0,2,2,55,3,2,2,1,0,0,14,13,1,1,4,1,1,0
13,130202,1,2,1,3,3,12,31,12,8,1,0,13,1,63,402,63402,14,2004,KNDJC7331452,K,N,D,J,C,7,3,3,1,4,5,2,0,P,KIA,SOR,UT,4,17,4112,,0,1067,,G,,F,6,213,,,16R245,,,,,,0,0,000000000,00000000000,0,0,0,1,0,0,0,0,0,0,0,998,0,0,0,11,11,6,2,12,0,0,0,1,13,30517,6,1,0,0,3,3,65,150,98,0,0,0,0,0,0,0,0,0,28,0,0,0,1,2,45,2,5,2,1,0,0,14,10,1,1,2,64,1,0
13,130202,2,2,1,3,3,12,31,12,8,1,0,13,3,12,881,12881,63,1989,1FDYW82A1KVA,1,F,D,Y,W,8,2,A,1,K,V,A,0,T,FORD,L0F,CC,89,17,,8,2580,1500,CON,D,,,6,473,,,,P,00000,00,A,64,0,57,800752,57800752,3,2,1,1,0,0,0,0,0,0,0,998,0,0,0,11,11,6,2,12,0,0,0,1,13,30547,6,1,6,0,3,3,71,190,98,0,0,0,0,0,0,0,0,0,0,0,0,0,1,2,45,3,6,2,1,0,0,14,62,1,1,1,65,0,0
13,130203,1,1,1,3,3,13,36,23,0,1,0,18,3,85,881,85881,66,2007,1XKTDB9X57J1,1,X,K,T,D,B,9,X,5,7,J,1,1,T,KW,T20,TR,7,17,,8,2600,1900,CON,D,,,6,893,,,,,00000,00,,64,1,57,0026418,570026418,3,6,1,1,0,0,0,0,0,0,0,998,0,0,0,11,12,6,2,2,0,0,1,1,28,38655,6,1,6,0,3,0,67,150,0,0,0,0,0,0,0,0,0,0,0,0,0,0,3,3,70,1,1,2,1,0,0,1,12,1,1,4,6,1,0
13,130204,1,2,1,31,3,7,56,12,6,1,0,13,1,21,20,21020,4,1994,1G3WH55M5RD3,1,G,3,W,H,5,5,M,5,R,D,3,0,P,OLDS,SUS,4D,94,17,3137,,0,1075,,G,,F,6,191,,,15R205,,,,,,0,0,000000000,00000000000,0,0,0,1,0,0,0,0,0,0,0,998,0,0,0,12,12,4,3,12,0,0,0,1,13,30108,0,0,0,0,0,0,999,999,98,0,0,1,1,8,2010,8,2010,0,92,0,0,0,1,4,55,1,2,2,1,0,0,1,18,99,9,9,69,0,0