STATE,ST_CASE,VEH_NO,VE_FORMS,NUMOCCS,DAY,MONTH,HOUR,MINUTE,HARM_EV,MAN_COLL,UNITTYPE,HIT_RUN,REG_STAT,OWNER,MAKE,MODEL,MAK_MOD,BODY_TYP,MOD_YEAR,VIN,VIN_1,VIN_2,VIN_3,VIN_4,VIN_5,VIN_6,VIN_7,VIN_8,VIN_9,VIN_10,VIN_11,VIN_12,TOW_VEH,VINTYPE,VINMAKE,VINA_MOD,VIN_BT,VINMODYR,VIN_LNGT,VIN_WGT,WGTCD_TR,WHLBS_LG,WHLBS_SH,SER_TR,FUELCODE,MCYCL_DS,CARBUR,CYLINDER,DISPLACE,MCYCL_CY,MCYCL_WT,TIRE_SZE,TON_RAT,TRK_WT,TRKWTVAR,VIN_REST,WHLDRWHL,J_KNIFE,MCARR_I1,MCARR_I2,MCARR_ID,GVWR,V_CONFIG,CARGO_BT,HAZ_INV,HAZ_PLAC,HAZ_ID,HAZ_CNO,HAZ_REL,BUS_USE,SPEC_USE,EMER_USE,TRAV_SP,UNDERIDE,ROLLOVER,ROLINLOC,IMPACT1,IMPACT2,DEFORMED,TOWED,M_HARM,VEH_SC1,VEH_SC2,FIRE_EXP,DR_PRES,L_STATE,DR_ZIP,L_STATUS,L_TYPE,CDL_STAT,L_ENDORS,L_COMPL,L_RESTRI,DR_HGT,DR_WGT,PREV_ACC,PREV_SUS,PREV_DWI,PREV_SPD,PREV_OTH,FIRST_MO,FIRST_YR,LAST_MO,LAST_YR,SPEEDREL,DR_SF1,DR_SF2,DR_SF3,DR_SF4,VTRAFWAY,VNUM_LAN,VSPD_LIM,VALIGN,VPROFILE,VPAVETYP,VSURCOND,VTRAFCON,VTCONT_F,P_CRASH1,P_CRASH2,P_CRASH3,PCRASH4,PCRASH5,ACC_TYPE,DEATHS,DR_DRINK
13,130237,1,2,1,16,2,16,53,12,6,1,0,13,1,12,481,12481,31,1999,1FTRX17W1XNB,1,F,T,R,X,1,7,W,1,X,N,B,0,T,FORD,F15,4C,99,17,,2,1571,1385,COF,G,,,8,281,,,,B,00000,00,U,42,0,0,000000000,00000000000,0,0,0,1,0,0,0,0,0,0,0,998,0,1,2,3,98,6,2,1,0,0,0,1,13,31768,6,1,6,0,3,3,74,255,98,0,0,0,0,0,0,0,0,0,38,0,0,0,3,2,45,1,1,2,1,20,3,1,17,1,1,1,87,1,0
13,130237,2,2,4,16,2,16,53,12,6,1,0,13,1,7,482,7482,31,1997,3B7HC13Y8VG7,3,B,7,H,C,1,3,Y,8,V,G,7,0,T,DODG,150,PC,97,17,,2,1547,1387,RPC,G,,,8,318,,,,B,4379,01,M,42,0,0,000000000,00000000000,0,0,0,1,0,0,0,0,0,0,0,998,0,0,0,12,98,6,2,12,0,0,0,1,13,31788,6,1,0,0,3,0,67,210,98,0,0,0,0,0,0,0,0,0,0,0,0,0,3,2,45,1,1,2,1,0,0,1,17,1,1,1,86,0,0
13,130238,1,1,1,23,3,17,29,1,0,1,0,1,2,72,706,72706,80,2005,1HD1BWB155Y0,1,H,D,1,B,W,B,1,5,5,Y,0,0,M,HD,FSI,RS,5,17,,,,,,,1450,,2,,4,696,,,,,,,0,0,000000000,00000000000,0,0,0,1,0,0,0,0,0,0,0,998,0,0,0,0,98,4,3,1,0,0,0,1,1,36521,6,1,6,0,3,3,67,180,1,0,0,0,0,11,2010,11,2010,0,85,0,0,0,1,4,45,1,2,2,1,0,0,17,50,3,2,2,98,1,0
13,130239,1,1,1,24,3,13,36,21,0,1,0,12,1,37,32,37032,4,2009,1HGCP26449A1,1,H,G,C,P,2,6,4,4,9,A,1,0,P,HOND,LXP,4D,9,17,3236,,0,1102,,G,,F,4,146,,,16R215,,,,,,0,0,000000000,00000000000,0,0,0,1,0,0,0,0,0,0,0,998,0,0,0,12,98,6,2,21,0,0,1,1,12,32563,6,1,0,0,3,3,74,999,0,0,0,0,1,11,2010,11,2010,0,29,0,0,0,3,3,65,1,2,2,1,0,0,1,13,1,1,4,1,1,0
13,130240,1,1,1,1,4,18,20,1,0,1,0,13,1,37,706,37706,80,2006,1HFSC550X6A2,1,H,F,S,C,5,5,0,X,6,A,2,0,M,HOND,13V,RS,6,17,,,,,,,1312,,2,,4,641,,,,,,,0,0,000000000,00000000000,0,0,0,1,0,0,0,0,0,0,0,998,0,0,0,0,98,6,2,1,0,0,0,1,13,39846,6,1,0,0,3,0,67,200,98,0,0,0,0,0,0,0,0,0,80,0,0,0,3,3,60,1,1,8,1,0,0,1,1,1,1,2,98,1,0
13,130241,1,2,1,1,4,14,8,12,6,1,0,1,1,23,401,23401,14,1995,1GKCT18W2SK5,1,G,K,C,T,1,8,W,2,S,K,5,0,T,GMC,JMY,2W,95,17,,1,0,1005,JMY,G,,,6,262,,,,B,00000,00,M,44,0,0,000000000,00000000000,0,0,0,1,0,0,0,0,0,0,0,998,0,0,0,9,9,6,2,12,0,0,0,1,1,36319,6,1,0,0,3,3,73,200,0,0,0,0,0,0,0,0,0,0,38,0,0,0,1,2,55,1,1,8,1,20,3,1,19,1,1,2,89,1,0
13,130241,2,2,1,1,4,14,8,12,6,1,0,93,3,85,881,85881,66,2007,1XKWDB9X57J1,1,X,K,W,D,B,9,X,5,7,J,1,1,T,KW,W90,TR,7,17,,8,2850,1600,CON,D,,,6,893,,,,,00000,00,,64,1,57,1775617,571775617,3,6,1,1,0,0,0,0,0,0,0,998,0,0,0,12,12,6,2,12,0,0,0,1,13,31825,6,1,6,0,3,0,73,200,98,1,0,0,1,5,2008,9,2008,0,0,0,0,0,1,2,55,1,1,8,1,0,0,1,17,99,1,1,88,0,0
13,130242,1,1,3,1,4,7,39,35,0,1,0,13,1,14,443,14443,20,2000,4M2XV14T1YDJ,4,M,2,X,V,1,4,T,1,Y,D,J,0,P,MERC,VLR,SV,0,17,3944,,0,1122,,G,,F,6,201,,,16R225,,,,,,0,0,000000000,00000000000,0,0,0,1,0,0,0,0,0,0,0,998,0,1,5,9,13,6,2,1,0,0,0,1,13,39819,6,1,0,0,3,0,61,140,98,0,0,0,0,0,0,0,0,0,29,0,0,0,1,2,55,2,1,8,1,0,0,14,12,7,1,4,6,1,0
13,130243,1,3,1,1,4,9,49,12,1,1,0,13,2,23,471,23471,30,1989,1GTCS19Z5K25,1,G,T,C,S,1,9,Z,5,K,2,5,0,T,GMC,S10,PC,89,17,,1,0,1229,S,G,,,6,262,,,,B,2754,01,A,42,0,0,000000000,00000000000,0,0,0,1,0,0,0,0,0,0,0,998,0,0,0,12,12,6,2,12,32,0,0,1,13,30650,6,1,0,0,3,3,68,260,98,0,0,0,0,0,0,0,0,0,26,0,0,0,1,2,35,1,1,8,1,0,0,1,52,1,1,1,24,1,0
13,130243,2,3,1,1,4,9,49,12,1,1,0,13,1,3,431,3431,16,2008,5GTEN13E4881,5,G,T,E,N,1,3,E,4,8,8,1,0,T,HUMM,HH3,4W,8,17,,2,0,1119,HUM,G,,,5,226,,,,B,4700,00,7,44,0,0,000000000,00000000000,0,0,0,1,0,0,0,0,0,0,0,998,0,0,0,6,6,6,2,12,0,0,0,1,13,30650,6,1,6,0,3,3,69,180,98,0,0,1,0,3,2009,3,2009,0,0,0,0,0,1,2,35,1,1,8,1,0,0,2,50,1,1,1,25,0,0
13,130243,3,3,1,1,4,9,49,12,1,1,0,13,1,24,3,24003,6,1999,1G8ZH8280XZ1,1,G,8,Z,H,8,2,8,0,X,Z,1,0,P,STRN,SW1,SW,99,17,2420,,0,1024,,G,,F,4,116,,,14R175,,,,,,0,0,000000000,00000000000,0,0,0,1,0,0,0,0,0,0,0,0,0,0,0,6,6,4,1,12,0,0,0,1,13,30605,6,1,6,0,3,3,76,250,98,0,0,0,0,0,0,0,0,0,0,0,0,0,1,2,35,1,1,8,1,0,0,5,53,1,1,1,98,0,0
13,130244,1,1,1,3,4,5,40,1,0,1,0,92,0,49,472,49472,30,2004,5TEWN72N84Z3,5,T,E,W,N,7,2,N,8,4,Z,3,0,T,TOYT,XTR,PC,4,17,,1,0,1219,TAC,G,,,6,206,,,,B,3515,00,U,44,0,0,000000000,00000000000,0,0,0,1,0,0,0,0,0,0,0,998,0,2,5,0,13,6,2,1,0,0,0,1,13,30107,6,1,0,0,3,0,75,185,98,0,0,0,3,9,2008,3,2010,0,58,29,0,0,1,2,35,3,5,8,1,0,0,14,13,6,4,4,2,1,0
13,130245,1,2,4,4,4,6,43,12,1,1,0,21,2,12,17,12017,4,1999,1FAFP53U6XA1,1,F,A,F,P,5,3,U,6,X,A,1,0,P,FORD,TSE,4D,99,17,3353,,0,1085,,G,,F,6,182,,,15R205,,,,,,0,0,000000000,00000000000,0,0,0,1,0,0,0,0,0,0,0,998,0,0,0,6,6,6,2,12,0,0,0,1,21,41339,6,1,6,0,3,0,65,130,0,0,0,0,0,0,0,0,0,0,27,0,0,0,3,2,70,1,1,8,1,0,0,1,11,1,1,2,32,1,0
13,130245,2,2,1,4,4,6,43,12,1,1,0,93,3,82,881,82881,66,2001,1FUJA3CG71PF,1,F,U,J,A,3,C,G,7,1,P,F,1,T,FRHT,ST2,TR,1,17,,8,0,0,CON,D,,,6,774,,,,,00000,00,,64,3,57,2041842,572041842,3,6,1,1,0,0,0,0,0,0,0,998,0,1,2,12,12,6,2,12,0,0,0,1,29,63010,6,1,6,0,3,0,74,195,0,0,0,1,0,4,2009,4,2009,0,0,0,0,0,3,3,70,1,1,8,1,0,0,1,60,1,1,1,32,0,0
13,130246,1,1,1,4,4,11,55,1,0,1,0,13,1,53,706,53706,80,2006,JS1GW71A9621,J,S,1,G,W,7,1,A,9,6,2,1,0,M,SUZI,GXR,RC,6,17,,,,,,,1298,,4,,4,478,,,,,,,0,0,000000000,00000000000,0,0,0,1,0,0,0,0,0,0,0,998,0,0,0,0,3,6,2,1,0,0,0,1,13,30134,6,1,6,0,3,0,74,245,98,0,0,0,0,0,0,0,0,1,29,33,0,0,1,2,45,3,3,8,1,40,3,14,6,1,1,4,1,1,0
13,130247,1,1,1,5,4,6,35,18,0,1,0,13,1,12,481,12481,31,1988,1FTEF14N2JKB,1,F,T,E,F,1,4,N,2,J,K,B,0,T,FORD,F15,PK,88,17,,2,1330,1170,COF,G,,,8,302,,,,B,00000,00,A,44,0,0,000000000,00000000000,0,0,0,1,0,0,0,0,0,0,0,998,0,0,0,12,13,6,2,18,0,0,0,1,13,31788,6,1,6,0,3,0,66,154,98,0,0,0,0,0,0,0,0,0,81,0,0,0,1,2,55,1,1,8,2,0,0,1,90,1,1,1,15,1,0
13,130248,1,1,1,5,4,7,37,30,0,1,0,13,1,12,481,12481,31,2002,1FTRX17242NB,1,F,T,R,X,1,7,2,4,2,N,B,0,T,FORD,F15,4C,2,17,,2,1571,1385,COF,G,,,6,256,,,,B,4224,06,U,42,0,0,000000000,00000000000,0,0,0,1,0,0,0,0,0,0,0,998,0,0,0,81,12,6,2,42,0,0,0,1,13,30294,6,1,0,0,3,0,68,185,98,0,0,0,1,7,2010,7,2010,0,29,0,0,0,1,2,40,1,1,2,1,0,0,1,12,1,1,4,6,1,0
13,130249,1,1,1,5,4,12,38,42,0,1,0,13,1,54,31,54031,3,1991,JH4DA935XMS0,J,H,4,D,A,9,3,5,X,M,S,0,0,P,ACUR,ILS,2H,91,17,2491,,0,1004,,G,,F,4,112,,,15R195,,,,,,0,0,000000000,00000000000,0,0,0,1,0,0,0,0,0,0,0,998,0,0,0,9,9,6,2,42,0,0,0,1,13,30238,1,1,0,0,2,0,72,165,98,2,0,0,2,8,2010,12,2010,0,29,0,0,0,1,4,55,1,1,1,1,0,0,1,13,1,1,4,1,1,1
13,130250,1,2,1,5,4,20,59,12,1,1,1,13,1,20,481,20481,31,2010,3GCRKSE25AG2,3,G,C,R,K,S,E,2,5,A,G,2,0,T,CHEV,2SK,CW,10,17,,2,0,1435,SIL,F,,,8,378,,,,B,5346,00,,44,0,0,000000000,00000000000,0,0,0,1,0,0,0,0,0,0,0,998,0,0,0,12,98,2,1,12,0,0,0,1,13,31554,6,1,0,0,3,0,64,224,98,0,0,1,0,2,2011,2,2011,0,26,0,0,0,1,2,45,2,2,2,1,0,0,14,51,99,1,1,24,0,0
13,130250,2,2,2,5,4,20,59,12,1,1,0,13,1,20,481,20481,31,1981,2GCCC14G4B11,2,G,C,C,C,1,4,G,4,B,1,1,0,T,CHEV,C10,PK,81,17,,1,1315,1175,C10,G,,,8,305,,,,B,3348,02,,42,0,0,000000000,00000000000,0,0,0,1,0,0,0,0,0,0,0,998,0,1,5,6,98,6,2,1,0,0,0,1,13,31554,6,1,0,0,3,3,72,350,98,0,0,0,0,0,0,0,0,1,99,99,99,99,1,2,45,2,2,2,1,0,0,14,53,99,1,1,25,1,0
13,130251,1,1,2,6,4,23,15,24,0,1,0,13,1,35,48,35048,2,2003,JN1AZ34E43T0,J,N,1,A,Z,3,4,E,4,3,T,0,0,P,NISS,3ZC,CP,3,17,3062,,0,1083,,G,,F,6,214,,,17R225,,,,,,0,0,000000000,00000000000,0,0,0,1,0,0,0,0,0,0,0,998,0,0,0,9,6,6,2,14,0,0,0,1,12,32304,6,1,6,0,3,0,69,999,0,0,0,0,0,0,0,0,0,1,36,29,0,0,3,2,65,2,1,8,1,0,0,14,13,99,1,4,1,1,1
13,130252,1,1,1,6,4,15,28,9,0,1,0,13,1,49,33,49033,2,2002,JTDDR32T4201,J,T,D,D,R,3,2,T,4,2,0,1,0,P,TOYT,CGF,2H,2,17,2425,,0,1023,,G,,F,4,109,,,15R195,,,,,,0,0,000000000,00000000000,0,0,0,1,0,0,0,0,0,0,0,998,0,0,0,1,1,4,3,9,0,0,0,1,13,30044,6,1,0,0,3,0,63,155,98,0,0,0,1,6,2010,6,2010,0,86,0,0,0,1,9,40,1,1,2,1,0,0,1,83,99,9,9,13,0,0
13,130253,1,1,1,6,4,1,14,34,0,1,0,13,2,7,442,7442,20,1995,2B4GH4537SR3,2,B,4,G,H,4,5,3,7,S,R,3,0,P,DODG,CAR,SV,95,17,3333,,0,1123,,G,,F,6,181,,,14R195,,,,,,0,0,000000000,00000000000,0,0,0,1,0,0,0,0,0,0,0,998,0,1,5,12,12,6,2,1,0,0,0,1,13,31320,1,1,0,0,2,0,73,170,98,5,1,0,2,5,2008,9,2010,0,58,29,0,0,1,2,45,3,1,8,1,0,0,14,12,7,3,4,7,1,1
13,130254,1,2,2,6,4,16,22,12,6,1,0,13,2,12,401,12401,14,2004,1FMZU62K64ZA,1,F,M,Z,U,6,2,K,6,4,Z,A,0,P,FORD,EPR,UT,4,17,4304,,0,1137,,F,,F,6,245,,,16R235,,,,,,0,0,000000000,00000000000,0,0,0,1,0,0,0,0,0,0,0,998,0,0,0,10,10,6,2,12,0,0,0,1,13,31764,6,1,0,0,3,0,72,160,98,0,0,0,0,0,0,0,0,0,39,0,0,0,1,2,55,1,6,8,1,20,3,1,17,99,9,9,89,0,0
13,130254,2,2,2,6,4,16,22,12,6,1,0,13,2,49,472,49472,30,2007,5TETX22NX7Z4,5,T,E,T,X,2,2,N,X,7,Z,4,0,T,TOYT,ACC,PC,7,17,,1,0,1272,TAC,G,,,4,164,,,,B,3460,00,U,42,0,0,000000000,00000000000,0,0,0,1,0,0,0,0,0,0,0,998,0,0,0,1,1,6,2,12,0,0,0,1,13,31780,6,1,0,0,3,0,62,180,98,0,0,0,0,0,0,0,0,0,0,0,0,0,1,2,55,1,6,8,1,0,0,1,17,99,9,9,88,1,0
13,130255,1,2,1,6,4,6,22,12,2,1,0,13,2,2,403,2403,14,2000,1J4FA29P3YP8,1,J,4,F,A,2,9,P,3,Y,P,8,0,T,JEEP,SEW,2W,0,17,,1,0,934,W/T,G,,,4,150,,,,,2996,00,U,44,0,0,000000000,00000000000,0,0,0,1,0,0,0,0,0,0,0,998,0,0,0,12,12,6,2,12,0,0,0,1,13,30721,1,1,5,0,2,0,71,180,98,2,0,0,2,2,2009,11,2010,0,28,0,0,0,1,2,50,2,1,8,1,0,0,14,10,1,1,2,50,1,1
13,130255,2,2,1,6,4,6,22,12,2,1,0,13,1,12,471,12471,30,2005,1FTYR14U15PA,1,F,T,Y,R,1,4,U,1,5,P,A,0,T,FORD,RNS,PC,5,17,,1,0,1257,RNG,G,,,6,182,,,,B,3179,00,U,42,0,0,000000000,00000000000,0,0,0,1,0,0,0,0,0,0,0,998,0,0,0,12,12,6,2,12,0,0,0,1,13,30705,6,1,0,0,3,0,63,140,98,0,0,0,0,0,0,0,0,0,0,0,0,0,1,2,50,3,1,8,1,0,0,14,62,1,1,1,51,0,0
13,130256,1,2,1,7,4,3,44,12,1,1,0,93,3,85,881,85881,63,2007,1XKDD49X37J2,1,X,K,D,D,4,9,X,3,7,J,2,0,T,KW,T80,TR,7,17,,8,2600,1600,CON,D,,,6,915,,,,,00000,00,,64,0,57,88033,5788033,3,2,2,2,8,8888,88,1,0,0,0,998,0,0,0,12,12,6,2,12,0,0,1,1,13,31408,6,1,6,1,3,3,74,350,98,0,0,0,0,0,0,0,0,0,26,0,0,0,6,1,65,1,1,8,1,0,0,16,51,1,1,1,24,1,0
13,130256,2,2,2,7,4,3,44,12,1,1,0,12,3,51,881,51881,66,2001,4V5PC8UF01N2,4,V,5,P,C,8,U,F,0,1,N,2,1,T,VOLV,WAH,CC,1,17,,8,0,0,WCN,D,,,6,661,,,,,00000,00,,64,1,57,2076788,572076788,3,6,6,1,0,0,0,0,0,0,0,998,0,1,1,6,6,4,3,12,0,0,0,1,12,33527,6,1,6,0,3,3,65,999,0,0,0,0,1,6,2008,6,2008,0,0,0,0,0,3,3,65,1,1,8,1,0,0,1,53,1,1,1,25,0,0
13,130257,1,1,1,8,4,21,30,1,0,1,0,13,2,12,481,12481,31,2000,1FTZX1721YNB,1,F,T,Z,X,1,7,2,1,Y,N,B,0,T,FORD,F15,4C,0,17,,1,1571,1385,COF,G,,,6,256,,,,B,4204,05,U,42,0,0,000000000,00000000000,0,0,0,1,0,0,0,0,0,0,0,998,0,2,1,0,98,6,2,1,0,0,0,1,13,30134,6,1,6,0,3,0,72,290,98,0,0,0,0,0,0,0,0,1,29,0,0,0,1,2,45,3,6,8,1,0,0,14,6,6,4,6,98,1,0
13,130258,1,2,1,9,4,15,6,12,11,1,0,13,1,20,481,20481,31,1998,2GCEK19R6W12,2,G,C,E,K,1,9,R,6,W,1,2,0,T,CHEV,GK1,PC,98,17,,2,1555,1415,GM4,G,,,8,350,,,,B,00000,00,,44,0,0,000000000,00000000000,0,0,0,1,0,0,0,0,0,0,0,998,0,0,0,11,98,4,3,12,0,0,0,1,13,30116,6,1,0,0,3,0,66,120,98,0,0,0,0,0,0,0,0,0,0,0,0,0,2,2,45,1,2,2,1,3,3,1,17,7,1,2,69,0,0
13,130258,2,2,1,9,4,15,6,12,11,1,0,13,2,2,405,2405,14,2007,1J4GK48K27W5,1,J,4,G,K,4,8,K,2,7,W,5,0,T,JEEP,SPR,4W,7,17,,1,0,1043,LIB,G,,,6,226,,,,,3660,00,E,42,0,0,000000000,00000000000,0,0,0,1,0,0,0,0,0,0,0,998,0,0,0,1,98,4,3,8,0,0,0,1,13,30116,6,1,0,0,3,0,69,117,98,0,0,0,0,0,0,0,0,0,38,86,0,0,2,2,45,1,2,2,1,3,3,11,15,99,1,2,68,0,0
13,130259,1,3,2,13,4,13,47,12,6,1,0,92,0,30,42,30042,1,2002,3VWDC21VX2M8,3,V,W,D,C,2,1,V,X,2,M,8,0,P,VOLK,UGX,CV,2,17,2781,,0,974,,G,,F,4,121,,,14R195,,,,,,0,0,000000000,00000000000,0,0,0,1,0,0,0,0,0,0,0,998,0,0,0,3,98,6,2,12,0,0,0,1,13,30157,6,2,0,0,3,0,69,165,98,0,0,0,0,0,0,0,0,0,38,0,0,0,2,2,55,1,1,2,1,3,3,11,15,1,1,2,68,1,0
13,130259,2,3,1,13,4,13,47,12,6,1,0,13,1,12,3,12003,2,1994,1FALP42T9RF2,1,F,A,L,P,4,2,T,9,R,F,2,0,P,FORD,MGT,CP,94,17,3258,,0,1013,,G,,F,8,302,,,16R225,,,,,,0,0,000000000,00000000000,0,0,0,1,0,0,0,0,0,0,0,998,0,0,0,12,98,6,2,12,0,0,0,1,13,30132,6,1,0,0,3,3,65,140,98,0,0,0,1,10,2008,10,2008,0,0,0,0,0,2,2,55,1,1,2,1,3,3,1,17,3,2,9,69,0,0
13,130259,3,3,1,13,4,13,47,12,6,1,0,13,1,41,51,41051,4,2008,JM1BK32F0811,J,M,1,B,K,3,2,F,0,8,1,1,0,P,MAZD,M3I,4D,8,17,2780,,0,1039,,G,,F,4,122,,,15R195,,,,,,0,0,000000000,00000000000,0,0,0,1,0,0,0,0,0,0,0,998,0,0,0,12,98,2,1,12,0,0,0,1,13,30127,6,1,0,0,3,0,71,143,98,0,0,1,0,12,2010,12,2010,0,0,0,0,0,2,2,55,1,1,2,1,3,3,1,99,1,1,9,98,0,0
13,130260,1,1,1,14,4,8,2,32,0,1,0,13,1,12,401,12401,14,2002,1FMYU60E22UC,1,F,M,Y,U,6,0,E,2,2,U,C,0,P,FORD,EPR,UT,2,17,3860,,0,1018,,G,,F,6,245,,,16R235,,,,,,0,0,000000000,00000000000,0,0,0,1,0,0,0,0,0,0,0,998,0,1,5,1,98,6,2,1,0,0,0,1,13,30041,6,1,0,0,3,3,68,140,98,0,0,0,0,0,0,0,0,0,29,0,0,0,1,2,30,2,2,2,1,0,0,14,13,6,2,4,2,1,0
13,130261,1,1,1,15,4,20,32,8,0,1,0,13,1,14,37,14037,4,2000,1MEFM6530YK6,1,M,E,F,M,6,5,3,0,Y,K,6,0,P,MERC,MSP,4D,0,17,2805,,0,1065,,G,,F,4,121,,,14R185,,,,,,0,0,000000000,00000000000,0,0,0,1,0,0,0,0,0,0,0,998,0,0,0,1,1,4,8,8,0,0,0,1,13,31208,6,1,0,0,3,0,69,150,98,1,0,1,0,6,2008,6,2008,0,86,0,0,0,1,4,35,1,1,2,1,0,0,1,80,1,1,1,13,0,0
13,130262,1,1,1,19,4,0,40,31,0,1,0,92,0,53,705,53705,80,1991,JS1GR7AA1M21,J,S,1,G,R,7,A,A,1,M,2,1,0,M,SUZI,SX7,RC,91,16,,,,,,,749,,4,,4,459,,,,,,,0,0,000000000,00000000000,0,0,0,1,0,0,0,0,0,0,0,130,0,0,0,98,98,4,3,31,0,0,0,1,13,30705,1,1,0,0,2,0,67,142,98,5,0,0,2,8,2008,12,2010,1,37,0,0,0,6,2,55,2,2,2,1,0,0,14,13,99,2,4,2,1,0
13,130263,1,1,1,19,4,19,30,8,0,1,1,13,2,41,402,41402,14,2001,4F2YU08101KM,4,F,2,Y,U,0,8,1,0,1,K,M,0,P,MAZD,TRI,UT,1,17,3455,,0,1031,,G,,F,6,181,,,16R235,,,,,,0,0,000000000,00000000000,0,0,0,1,0,0,0,0,0,0,0,998,0,0,0,12,12,4,3,8,0,0,0,1,13,30043,6,2,0,0,3,3,64,127,98,0,0,0,0,0,0,0,0,0,86,0,0,0,1,2,45,1,1,2,1,0,0,1,80,99,1,1,13,0,0
13,130264,1,3,1,20,4,22,26,12,6,1,0,13,2,58,33,58033,4,1996,JNKCP01D4TT5,J,N,K,C,P,0,1,D,4,T,T,5,0,P,INFI,G20,4D,96,17,2780,,0,1004,,G,,F,4,122,,,14R195,,,,,,0,0,000000000,00000000000,0,0,0,1,0,0,0,0,0,0,0,998,0,0,0,12,98,6,2,12,0,0,0,1,13,30152,6,1,0,0,3,3,71,165,98,0,0,0,0,0,0,0,0,0,39,0,0,0,2,3,45,1,2,2,1,3,3,1,17,99,1,9,88,0,0
13,130264,2,3,1,20,4,22,26,12,6,1,0,13,2,49,40,49040,2,2006,4T1CE38P46U6,4,T,1,C,E,3,8,P,4,6,U,6,0,P,TOYT,CEE,CP,6,17,3175,,0,1051,,G,,F,4,144,,,16R215,,,,,,0,0,000000000,00000000000,0,0,0,1,0,0,0,0,0,0,0,998,0,0,0,9,98,6,2,12,0,0,0,1,13,30066,6,1,0,0,3,0,65,105,98,0,0,1,0,4,2010,4,2010,0,0,0,0,0,2,3,35,1,2,2,1,3,3,1,17,99,1,9,89,1,0
13,130264,3,3,3,20,4,22,26,12,6,1,0,13,1,12,401,12401,14,1998,1FMZU32E4WZA,1,F,M,Z,U,3,2,E,4,W,Z,A,0,P,FORD,EPR,UT,98,17,3911,,0,1115,,G,,F,6,245,,,15R225,,,,,,0,0,000000000,00000000000,0,0,0,1,0,0,0,0,0,0,0,0,0,0,0,12,12,4,3,12,0,0,0,1,13,30189,6,1,0,0,3,0,65,241,98,0,0,0,0,0,0,0,0,0,0,0,0,0,2,3,45,1,2,2,1,3,3,5,66,1,1,1,98,0,0
13,130265,1,2,3,20,4,11,53,12,6,1,0,13,1,21,21,21021,4,1997,1G3NL52T6VM3,1,G,3,N,L,5,2,T,6,V,M,3,0,P,OLDS,ASL,4D,97,17,2813,,0,1034,,G,,F,4,146,,,15R195,,,,,,0,0,000000000,00000000000,0,0,0,1,0,0,0,0,0,0,0,998,0,0,0,9,9,6,2,12,0,0,0,1,13,30815,6,1,0,0,3,0,70,200,98,0,0,0,0,0,0,0,0,0,38,0,0,0,1,2,55,1,1,2,1,20,1,1,16,1,1,2,89,3,0
13,130265,2,2,1,20,4,11,53,12,6,1,0,13,2,87,881,87881,66,1996,1XP5D99X3TN4,1,X,P,5,D,9,9,X,3,T,N,4,1,T,PTRB,379,TR,96,17,,8,0,0,CON,D,,,6,661,,,,,00000,00,,64,1,57,1387416,571387416,3,6,7,1,0,0,0,0,0,0,0,998,0,0,0,12,12,4,3,12,0,0,0,1,13,30413,6,1,6,0,3,0,66,210,98,2,0,0,1,2,2009,1,2011,0,0,0,0,0,1,4,55,1,1,2,1,0,0,1,17,2,1,1,88,0,0
13,130266,1,2,4,21,4,11,5,12,11,1,0,13,2,12,481,12481,31,2001,3FTNX20L51MA,3,F,T,N,X,2,0,L,5,1,M,A,0,T,FORD,F2S,4C,1,17,,2,1580,1418,SRW,G,,,8,330,,,,C,5189,07,U,42,0,0,000000000,00000000000,0,0,0,1,0,0,0,0,0,0,0,998,0,0,0,7,98,4,3,12,0,0,0,1,13,31407,6,1,0,0,3,0,74,245,98,1,0,1,2,5,2008,8,2009,0,24,42,0,0,1,4,40,1,1,2,1,0,0,10,18,1,1,1,98,0,0
13,130266,2,2,1,21,4,11,5,12,11,1,0,13,3,12,481,12481,31,1995,1FDYU90T9SVA,1,F,D,Y,U,9,0,T,9,S,V,A,0,T,FORD,LT9,CC,95,17,,8,2580,1500,COL,D,,,6,638,,,,,13391,08,,64,0,57,1109010,571109010,3,2,4,1,0,0,0,0,0,0,0,998,0,0,0,1,98,6,2,12,0,0,0,1,13,31419,6,1,6,0,3,0,74,190,98,0,0,0,1,11,2008,11,2008,0,58,26,0,0,1,4,40,1,1,2,1,0,0,1,52,6,1,2,98,1,0
13,130267,1,1,1,23,4,14,40,25,0,1,0,13,2,53,706,53706,80,2008,JS1GT77A6821,J,S,1,G,T,7,7,A,6,8,2,1,0,M,SUZI,XR1,RC,8,17,,,,,,,999,,4,,4,379,,,,,,,0,0,000000000,00000000000,0,0,0,1,0,0,0,0,0,0,0,998,0,0,0,12,98,6,2,25,0,0,0,1,13,30274,6,1,6,0,3,0,68,155,98,0,0,0,2,11,2010,4,2011,1,37,29,0,0,6,8,98,2,2,1,1,0,0,14,6,99,9,4,2,1,0
13,130268,1,1,1,4,4,2,0,34,0,1,0,13,1,7,26,7026,4,2010,1B3CC4FB2AN1,1,B,3,C,C,4,F,B,2,A,N,1,0,P,DODG,AXT,4D,10,17,3405,,0,1089,,G,,F,4,146,,,16R215,,,,,,0,0,000000000,00000000000,0,0,0,1,0,0,0,0,0,0,0,998,0,1,5,14,98,6,2,1,0,0,0,1,13,30038,6,1,0,0,3,0,73,190,98,1,0,0,0,9,2009,9,2009,0,29,0,0,0,1,2,45,1,1,2,1,0,0,1,13,1,1,4,1,1,1