STATE,ST_CASE,VEH_NO,VE_FORMS,NUMOCCS,DAY,MONTH,HOUR,MINUTE,HARM_EV,MAN_COLL,UNITTYPE,HIT_RUN,REG_STAT,OWNER,MAKE,MODEL,MAK_MOD,BODY_TYP,MOD_YEAR,VIN,VIN_1,VIN_2,VIN_3,VIN_4,VIN_5,VIN_6,VIN_7,VIN_8,VIN_9,VIN_10,VIN_11,VIN_12,TOW_VEH,VINTYPE,VINMAKE,VINA_MOD,VIN_BT,VINMODYR,VIN_LNGT,VIN_WGT,WGTCD_TR,WHLBS_LG,WHLBS_SH,SER_TR,FUELCODE,MCYCL_DS,CARBUR,CYLINDER,DISPLACE,MCYCL_CY,MCYCL_WT,TIRE_SZE,TON_RAT,TRK_WT,TRKWTVAR,VIN_REST,WHLDRWHL,J_KNIFE,MCARR_I1,MCARR_I2,MCARR_ID,GVWR,V_CONFIG,CARGO_BT,HAZ_INV,HAZ_PLAC,HAZ_ID,HAZ_CNO,HAZ_REL,BUS_USE,SPEC_USE,EMER_USE,TRAV_SP,UNDERIDE,ROLLOVER,ROLINLOC,IMPACT1,IMPACT2,DEFORMED,TOWED,M_HARM,VEH_SC1,VEH_SC2,FIRE_EXP,DR_PRES,L_STATE,DR_ZIP,L_STATUS,L_TYPE,CDL_STAT,L_ENDORS,L_COMPL,L_RESTRI,DR_HGT,DR_WGT,PREV_ACC,PREV_SUS,PREV_DWI,PREV_SPD,PREV_OTH,FIRST_MO,FIRST_YR,LAST_MO,LAST_YR,SPEEDREL,DR_SF1,DR_SF2,DR_SF3,DR_SF4,VTRAFWAY,VNUM_LAN,VSPD_LIM,VALIGN,VPROFILE,VPAVETYP,VSURCOND,VTRAFCON,VTCONT_F,P_CRASH1,P_CRASH2,P_CRASH3,PCRASH4,PCRASH5,ACC_TYPE,DEATHS,DR_DRINK
13,130269,1,2,1,8,4,18,45,12,8,1,0,13,1,12,880,12880,67,2005,1FTWW33P85ED,1,F,T,W,W,3,3,P,8,5,E,D,0,T,FORD,F3D,CW,5,17,,3,1720,1560,DRW,D,,,8,366,,,,D,6778,00,E,44,0,88,888888888,88888888888,2,1,97,1,0,0,0,0,0,0,0,998,0,0,0,11,98,6,2,12,0,0,0,1,13,30067,6,1,0,0,3,0,71,180,98,3,0,1,1,9,2008,5,2010,0,27,35,0,0,1,2,45,1,3,2,1,0,0,17,10,8,1,2,64,0,0
13,130269,2,2,2,8,4,18,45,12,8,1,0,13,1,12,3,12003,1,2000,1FAFP4444YF2,1,F,A,F,P,4,4,4,4,Y,F,2,0,P,FORD,MUS,CV,0,17,3208,,0,1013,,G,,F,6,232,,,15R205,,,,,,0,0,000000000,00000000000,0,0,0,1,0,0,0,0,0,0,0,998,0,0,0,9,98,6,2,12,0,0,0,1,13,30294,6,1,0,0,3,0,65,200,98,0,0,1,0,5,2010,5,2010,0,0,0,0,0,1,2,45,1,3,2,1,0,0,1,62,7,1,2,65,1,0
13,130270,1,3,1,23,4,20,28,12,2,1,0,92,0,2,404,2404,14,1994,1J4GZ58S3RC1,1,J,4,G,Z,5,8,S,3,R,C,1,0,T,JEEP,LRO,4W,94,17,,1,0,1059,GCK,G,,,6,242,,,,,3552,00,B,44,0,0,000000000,00000000000,0,0,0,1,0,0,0,0,0,0,0,998,0,1,1,12,98,6,2,12,0,0,0,1,13,30093,6,1,0,0,3,0,60,140,98,0,0,0,0,0,0,0,0,1,51,0,0,0,3,2,40,1,1,2,1,0,0,1,54,1,1,1,52,0,1
13,130270,2,3,2,23,4,20,28,12,2,1,0,13,1,35,50,35050,4,2010,3N1BC1CP3AL4,3,N,1,B,C,1,C,P,3,A,L,4,0,P,NISS,VSL,4H,10,17,2693,,0,1024,,G,,F,4,110,,,15R185,,,,,,0,0,000000000,00000000000,0,0,0,1,0,0,0,0,0,0,0,998,0,0,0,12,12,6,2,12,0,0,0,1,13,30093,6,1,0,0,3,0,58,90,98,0,0,0,0,0,0,0,0,0,0,0,0,0,3,2,40,1,1,2,1,0,0,1,54,1,1,1,52,1,0
13,130270,3,3,2,23,4,20,28,12,2,1,0,13,1,20,442,20442,20,1996,1GNDU06EXTT1,1,G,N,D,U,0,6,E,X,T,T,1,0,P,CHEV,L/M,SV,96,17,3593,,0,1098,,G,,F,6,207,,,15R205,,,,,,0,0,000000000,00000000000,0,0,0,1,0,0,0,0,0,0,0,998,0,0,0,12,12,6,2,12,0,0,0,1,13,30093,6,1,0,0,3,0,64,140,98,0,0,0,1,12,2009,12,2009,0,0,0,0,0,3,2,40,1,1,2,1,0,0,1,54,1,1,1,98,0,0
13,130271,1,3,1,24,4,17,56,12,7,1,0,47,2,82,881,82881,66,1998,1FUYDSEB6WL8,1,F,U,Y,D,S,E,B,6,W,L,8,1,T,FRHT,FLD,TR,98,17,,8,0,0,CON,D,,,6,774,,,,,00000,00,,64,1,57,1051113,571051113,3,6,4,1,0,0,0,0,0,0,0,998,0,0,0,2,98,2,3,12,0,0,0,1,47,37774,6,1,6,0,3,0,70,260,0,0,0,0,0,0,0,0,0,0,27,0,0,0,3,4,55,1,1,1,1,0,0,15,11,1,1,2,46,0,0
13,130271,2,3,2,24,4,17,56,12,7,1,0,13,2,35,43,35043,4,2008,3N1AB61E88L6,3,N,1,A,B,6,1,E,8,8,L,6,0,P,NISS,SL2,4D,8,17,2804,,0,1057,,G,,F,4,122,,,15R205,,,,,,0,0,000000000,00000000000,0,0,0,1,0,0,0,0,0,0,0,998,0,1,1,10,98,6,2,12,0,0,0,1,1,36117,6,1,0,0,3,0,63,121,0,0,0,0,0,0,0,0,0,0,0,0,0,0,3,4,55,1,1,1,1,0,0,1,60,1,1,1,45,1,0
13,130271,3,3,1,24,4,17,56,12,7,1,0,93,1,87,881,87881,66,1987,1XP5DB9X5HN2,1,X,P,5,D,B,9,X,5,H,N,2,0,T,PTRB,379,TR,87,17,,8,0,0,CON,D,,,6,893,,,,,00000,00,,64,0,57,038111,57038111,3,5,96,1,0,0,0,0,0,0,0,998,0,0,0,12,98,4,3,12,0,0,0,1,13,30126,6,1,6,0,3,0,70,195,98,0,0,0,1,3,2011,3,2011,0,0,0,0,0,3,4,55,1,1,1,1,0,0,1,50,3,2,1,98,0,0
13,130272,1,2,1,26,4,13,12,12,1,1,0,13,1,54,35,54035,4,1999,19UUA5644XA0,1,9,U,U,A,5,6,4,4,X,A,0,0,P,ACUR,32T,4D,99,17,3447,,0,1081,,G,,F,6,197,,,16R205,,,,,,0,0,000000000,00000000000,0,0,0,1,0,0,0,0,0,0,0,0,0,0,0,6,6,6,2,12,0,0,0,1,13,30025,6,1,0,0,3,3,69,240,98,0,0,2,0,6,2008,12,2008,0,54,31,0,0,2,2,55,1,2,2,1,0,0,5,53,1,1,1,21,1,0
13,130272,2,2,1,26,4,13,12,12,1,1,0,13,3,20,882,20882,61,2006,J8BB4B168670,J,8,B,B,4,B,1,6,8,6,7,0,0,T,CHEV,W35,TB,6,17,,3,1760,1090,350,D,,,4,317,,,,,00000,00,,42,0,57,1531591,571531591,2,1,1,1,0,0,0,0,0,0,0,998,0,0,0,12,12,4,3,12,0,0,0,1,13,30607,6,1,0,0,3,0,66,165,98,0,0,0,0,0,0,0,0,0,26,0,0,0,2,2,55,1,2,2,1,0,0,1,50,1,1,1,20,0,0
13,130273,1,2,1,26,4,12,12,12,6,1,0,13,1,19,20,19020,6,2010,3GYFNAEYXAS6,3,G,Y,F,N,A,E,Y,X,A,S,6,0,P,CADI,SRX,UT,10,17,4224,,0,1105,,G,,F,6,183,,,18R235,,,,,,0,0,000000000,00000000000,0,0,0,1,0,0,0,0,0,0,0,998,0,0,0,3,3,6,2,12,0,0,0,1,13,30906,6,1,0,0,3,0,71,180,98,0,0,0,0,0,0,0,0,0,38,0,0,0,1,4,55,1,1,2,1,0,0,11,15,1,1,2,68,1,0
13,130273,2,2,1,26,4,12,12,12,6,1,0,13,3,82,881,82881,66,1998,1FUYDSEBXWL8,1,F,U,Y,D,S,E,B,X,W,L,8,0,T,FRHT,FLD,TR,98,17,,8,0,0,CON,D,,,6,774,,,,,00000,00,,64,0,57,2053212,572053212,3,5,96,1,0,0,0,0,0,0,0,998,0,0,0,12,12,6,2,12,0,0,0,1,13,30401,6,1,6,0,3,0,67,320,98,0,0,0,0,0,0,0,0,0,0,0,0,0,1,4,55,1,1,2,1,0,0,1,17,1,1,1,69,0,0
13,130274,1,1,1,28,4,20,58,8,0,1,0,13,1,12,402,12402,14,2010,1FMCU4K39AKC,1,F,M,C,U,4,K,3,9,A,K,C,0,P,FORD,SPE,UT,10,17,3638,,0,1031,,B,,F,4,153,,,16R235,,,,,,0,0,000000000,00000000000,0,0,0,1,0,0,0,0,0,0,0,998,0,0,0,12,12,6,2,8,0,0,0,1,13,30040,6,1,0,0,3,3,64,125,98,0,0,0,0,0,0,0,0,0,86,0,0,0,1,4,40,1,2,2,1,2,3,1,80,3,2,1,13,0,0
13,130275,1,2,2,29,4,9,58,12,7,1,0,13,1,20,37,20037,4,2001,1G1ND52J2162,1,G,1,N,D,5,2,J,2,1,6,2,0,P,CHEV,MAL,4D,1,17,3051,,0,1070,,G,,F,6,191,,,15R215,,,,,,0,0,000000000,00000000000,0,0,0,1,0,0,0,0,0,0,0,998,0,0,0,11,98,4,1,12,0,0,0,1,13,30117,6,1,0,0,3,0,67,170,98,0,0,0,0,0,0,0,0,0,0,0,0,0,1,4,50,1,2,2,1,0,0,15,98,6,1,2,49,1,0
13,130275,2,2,1,29,4,9,58,12,7,1,0,13,1,14,402,14402,14,2005,4M2CU56155DJ,4,M,2,C,U,5,6,1,5,5,D,J,0,P,MERC,MRN,UT,5,17,3261,,0,1031,,G,,F,6,183,,,16R235,,,,,,0,0,000000000,00000000000,0,0,0,1,0,0,0,0,0,0,0,998,0,0,0,1,98,4,1,12,0,0,0,1,13,30176,6,1,0,0,3,0,68,190,98,0,0,0,0,0,0,0,0,0,27,0,0,0,1,4,50,1,2,2,1,0,0,15,10,6,1,2,49,0,0
13,130276,1,2,2,29,4,7,57,12,6,1,0,13,3,12,461,12461,21,2001,1FTNE24281HA,1,F,T,N,E,2,4,2,8,1,H,A,0,T,FORD,25V,CG,1,17,,2,0,1380,VAN,G,,,6,256,,,,C,5012,02,E,42,0,0,000000000,00000000000,0,0,0,1,0,0,0,0,0,0,0,998,0,0,0,3,3,6,2,12,0,0,0,1,35,87105,6,1,0,0,3,0,66,160,98,0,0,0,0,0,0,0,0,0,38,0,0,0,5,4,45,1,2,2,1,3,3,11,15,1,1,2,68,0,0
13,130276,2,2,1,29,4,7,57,12,6,1,0,13,1,76,705,76705,80,2005,JYARJ06EX5A0,J,Y,A,R,J,0,6,E,X,5,A,0,0,M,YAMA,R6L,RC,5,17,,,,,,,599,,4,,4,357,,,,,,,0,0,000000000,00000000000,0,0,0,1,0,0,0,0,0,0,0,998,0,0,0,12,12,6,2,12,0,0,0,1,13,30045,1,1,0,0,2,3,71,190,98,3,1,0,0,6,2010,4,2011,0,0,0,0,0,5,4,45,1,2,2,1,3,3,1,17,3,2,1,69,1,0
13,130277,1,2,2,14,2,20,10,12,7,1,0,13,2,20,471,20471,30,1993,1GCCS14Z6P81,1,G,C,C,S,1,4,Z,6,P,8,1,0,T,CHEV,S14,PK,93,17,,1,1179,1083,S,G,,,6,262,,,,B,2633,02,,42,0,0,000000000,00000000000,0,0,0,1,0,0,0,0,0,0,0,998,0,0,0,3,98,4,3,12,0,0,0,1,13,30157,6,1,0,0,3,0,71,195,98,0,0,0,2,10,2008,10,2009,0,28,29,0,0,1,4,45,1,1,2,1,21,3,1,8,1,1,2,44,1,0
13,130277,2,2,3,14,2,20,10,12,7,1,0,13,1,20,481,20481,31,2003,2GCEC19V3311,2,G,C,E,C,1,9,V,3,3,1,1,0,T,CHEV,SC1,4C,3,17,,2,1575,1435,SIL,G,,,8,293,,,,B,4534,03,,42,0,0,000000000,00000000000,0,0,0,1,0,0,0,0,0,0,0,0,0,0,0,8,8,2,1,12,0,0,0,1,13,30178,6,1,0,0,3,3,68,285,98,0,0,0,0,0,0,0,0,0,0,0,0,0,1,4,45,1,1,2,1,21,3,5,60,1,1,1,45,0,0
13,130278,1,1,2,1,4,18,58,35,0,1,0,25,1,35,401,35401,14,2003,JN8DR09Y03W8,J,N,8,D,R,0,9,Y,0,3,W,8,0,P,NISS,PFI,UT,3,17,4131,,0,1063,,G,,F,6,213,,,16R255,,,,,,0,0,000000000,00000000000,0,0,0,1,0,0,0,0,0,0,0,998,0,1,3,12,12,6,2,42,0,0,0,1,25,2539,6,1,0,0,3,0,62,999,0,0,0,0,0,0,0,0,0,0,28,58,0,0,3,3,70,1,1,2,1,0,0,1,9,1,4,4,7,1,0
13,130279,1,1,1,4,4,8,43,24,0,1,0,13,1,49,482,49482,31,2004,5TBRT34144S4,5,T,B,R,T,3,4,1,4,4,S,4,0,T,TOYT,TT5,4C,4,17,,2,0,1283,TUN,G,,,8,285,,,,C,4160,00,U,42,0,0,000000000,00000000000,0,0,0,1,0,0,0,0,0,0,0,998,0,0,0,11,12,6,2,35,0,0,0,1,13,30115,6,1,0,0,3,3,72,210,98,0,0,0,0,0,0,0,0,0,28,0,0,0,3,3,65,1,1,2,1,0,0,1,12,1,1,4,6,1,0
13,130280,1,1,1,6,4,6,32,32,0,1,0,37,1,12,481,12481,31,2000,1FTNX21S5YED,1,F,T,N,X,2,1,S,5,Y,E,D,0,T,FORD,F2S,4C,0,17,,2,1580,1418,SRW,G,,,10,415,,,,C,5635,07,E,44,0,0,000000000,00000000000,0,0,0,1,0,0,0,0,0,0,0,998,0,1,6,3,13,6,2,1,0,0,0,1,37,28115,6,1,0,0,3,0,67,999,0,0,0,0,1,5,2008,5,2008,0,28,58,0,0,1,2,55,3,6,2,1,0,0,14,13,1,1,4,1,1,0
13,130281,1,1,1,7,4,14,25,1,0,1,0,13,2,35,471,35471,30,1991,1N6SD11S3MC3,1,N,6,S,D,1,1,S,3,M,C,3,0,T,NISS,SWB,PK,91,17,,1,0,1043,TRK,G,,,4,146,,,,B,2714,01,A,42,0,0,000000000,00000000000,0,0,0,1,0,0,0,0,0,0,0,998,0,1,1,0,0,6,2,1,0,0,0,1,13,30152,6,1,0,0,3,0,73,175,98,0,0,0,0,0,0,0,0,0,80,0,0,0,3,6,55,1,1,2,1,0,0,1,1,1,1,2,98,1,0
13,130282,1,1,1,8,4,21,22,35,0,1,0,92,0,98,998,98998,92,9999,000000000000,0,0,0,0,0,0,0,0,0,0,0,0,0,,,,,,,,,,,,,,,,,,,,,,,,,0,0,000000000,00000000000,0,0,0,1,0,0,0,0,0,0,0,998,0,1,6,14,0,2,3,1,0,0,0,1,13,30646,0,0,0,0,0,0,999,999,98,0,0,0,0,0,0,0,0,0,28,0,0,0,1,2,45,1,1,2,1,0,0,1,13,1,1,4,1,1,0
13,130283,1,1,1,9,4,6,23,9,0,1,1,13,1,20,403,20403,14,2004,1GNDT13S5421,1,G,N,D,T,1,3,S,5,4,2,1,0,P,CHEV,TRL,UT,4,17,4612,,0,1130,,G,,F,6,256,,,16R245,,,,,,0,0,000000000,00000000000,0,0,0,1,0,0,0,0,0,0,0,998,0,0,0,12,12,6,2,9,0,0,0,1,13,30127,6,1,0,0,3,0,75,290,98,0,0,0,0,0,0,0,0,0,26,0,0,0,1,2,45,1,1,2,1,0,0,1,83,1,1,1,13,0,0
13,130284,1,1,4,9,4,17,1,35,0,1,0,13,2,37,32,37032,4,1991,JHMCB766XMC0,J,H,M,C,B,7,6,6,X,M,C,0,0,P,HOND,AER,4D,91,17,2923,,0,1071,,G,,F,4,132,,,15R195,,,,,,0,0,000000000,00000000000,0,0,0,1,0,0,0,0,0,0,0,998,0,1,6,3,3,6,2,1,0,0,0,1,13,31021,6,1,0,0,3,0,63,180,98,0,0,0,0,0,0,0,0,0,28,58,0,0,1,2,55,1,1,2,1,0,0,1,9,6,4,4,7,1,0
13,130285,1,1,4,10,4,0,53,42,0,1,0,13,2,20,481,20481,31,1995,2GCEC19Z0S11,2,G,C,E,C,1,9,Z,0,S,1,1,0,T,CHEV,GC1,PC,95,17,,2,1555,1415,GM4,G,,,6,262,,,,B,4071,02,,42,0,0,000000000,00000000000,0,0,0,1,0,0,0,0,0,0,0,998,0,0,0,11,11,6,2,42,0,0,0,1,13,31211,6,1,0,0,3,0,71,235,98,0,0,0,0,0,0,0,0,0,28,58,0,0,1,2,45,1,2,2,1,0,0,1,9,1,1,4,1,2,1
13,130286,1,2,1,12,4,1,19,12,1,1,0,12,1,41,53,41053,5,2008,JM3ER293X802,J,M,3,E,R,2,9,3,X,8,0,2,0,P,MAZD,MCX,UT,8,17,3710,,0,1083,,G,,T,4,140,,,18R235,,,,,,0,0,000000000,00000000000,0,0,0,1,0,0,0,0,0,0,0,998,0,0,0,12,12,6,2,12,0,0,0,1,12,33317,6,1,0,0,3,0,71,999,0,0,0,1,0,8,2008,8,2008,0,26,0,0,0,3,3,70,1,1,2,1,40,3,1,52,1,1,1,24,1,0
13,130286,2,2,1,12,4,1,19,12,1,1,0,18,3,51,881,51881,66,2007,4V4NC9GH07N4,4,V,4,N,C,9,G,H,0,7,N,4,1,T,VOLV,VNL,TR,7,17,,8,0,0,VVN,D,,,6,732,,,,,00000,00,,64,1,57,606056,57606056,3,6,1,1,0,0,0,0,0,0,0,998,0,0,0,6,6,4,1,12,0,0,0,1,13,30815,6,1,3,0,3,0,72,220,98,0,0,1,0,10,2008,10,2008,0,0,0,0,0,3,3,70,1,1,2,1,40,3,2,53,1,1,1,25,0,0
13,130287,1,1,2,12,4,19,0,38,0,1,0,1,0,72,706,72706,80,2005,1HD1FSW165Y6,1,H,D,1,F,S,W,1,6,5,Y,6,0,M,HD,TRI,RS,5,17,,,,,,,1450,,2,,4,731,,,,,,,0,0,000000000,00000000000,0,0,0,1,0,0,0,0,0,0,0,998,0,0,0,12,12,6,2,38,0,0,0,1,32,35178,2,1,0,0,2,0,70,140,0,1,0,0,0,3,2010,3,2010,0,35,0,0,0,1,2,35,1,1,2,1,0,0,6,13,1,1,4,1,1,1
13,130288,1,2,2,13,4,10,49,12,2,1,0,13,1,20,481,20481,31,1988,1GCDC14K3JZ2,1,G,C,D,C,1,4,K,3,J,Z,2,0,T,CHEV,GC1,PK,88,17,,1,1315,1175,GM4,G,,,8,350,,,,B,3655,01,,42,0,0,000000000,00000000000,0,0,0,1,0,0,0,0,0,0,0,998,0,0,0,12,12,6,2,12,0,0,0,1,13,31503,6,1,0,0,3,0,69,180,98,0,0,0,0,0,0,0,0,0,35,0,0,0,1,2,55,1,1,2,1,0,0,6,11,1,1,2,50,2,0
13,130288,2,2,1,13,4,10,49,12,2,1,0,93,3,85,881,85881,66,1993,1XKDD69X7PJ5,1,X,K,D,D,6,9,X,7,P,J,5,1,T,KW,T80,TR,93,17,,8,2600,1600,CON,D,,,6,855,,,,,00000,00,,64,1,57,152664,57152664,3,6,1,1,0,0,0,0,0,0,0,998,0,0,0,12,12,6,2,12,0,0,0,1,13,31552,6,1,6,0,3,3,73,170,98,0,0,0,1,5,2009,5,2009,0,0,0,0,0,1,2,55,1,1,2,1,0,0,1,62,1,1,1,51,0,0
13,130289,1,1,3,13,4,8,8,1,0,1,0,13,2,20,482,20482,31,2002,3GNGC23GX2G1,3,G,N,G,C,2,3,G,X,2,G,1,0,T,CHEV,C2V,CW,2,17,,2,0,1300,AVL,G,,,8,496,,,,B,5400,00,,42,0,0,000000000,00000000000,0,0,0,1,0,0,0,0,0,0,0,998,0,1,6,0,0,6,2,1,0,0,0,1,13,30125,6,1,0,0,3,0,67,157,98,0,0,0,0,0,0,0,0,0,28,0,0,0,1,2,45,1,1,2,1,0,0,1,12,98,1,4,6,1,0
13,130290,1,1,2,14,4,3,0,42,0,1,0,13,2,20,2,20002,4,2001,2G1WF55K4193,2,G,1,W,F,5,5,K,4,1,9,3,0,P,CHEV,IMP,4D,1,17,3389,,0,1105,,G,,F,6,231,,,16R225,,,,,,0,0,000000000,00000000000,0,0,0,1,0,0,0,0,0,0,0,998,0,0,0,4,4,6,2,42,0,0,0,1,13,31537,6,1,0,0,3,0,69,135,98,0,0,0,0,0,0,0,0,0,28,58,0,0,3,2,55,2,1,2,1,0,0,14,13,1,1,4,1,1,0
13,130291,1,1,1,14,4,19,15,35,0,1,0,13,1,72,706,72706,80,1997,1HD1BKL16VY0,1,H,D,1,B,K,L,1,6,V,Y,0,0,M,HD,XTC,RS,97,17,,,,,,,1340,,2,,4,613,,,,,,,0,0,000000000,00000000000,0,0,0,1,0,0,0,0,0,0,0,998,0,0,0,12,12,6,2,35,0,0,0,1,13,39823,6,1,0,0,3,0,74,165,98,0,0,0,0,0,0,0,0,0,28,0,0,0,1,2,55,3,1,2,1,0,0,14,13,1,1,4,1,1,1
13,130292,1,1,1,14,4,0,56,8,0,1,0,13,1,30,47,30047,1,2005,3VWCD31Y95M3,3,V,W,C,D,3,1,Y,9,5,M,3,0,P,VOLK,NGS,CV,5,17,3091,,0,989,,G,,T,4,109,,,16R205,,,,,,0,0,000000000,00000000000,0,0,0,1,0,0,0,0,0,0,0,998,0,0,0,12,12,4,1,8,0,0,0,1,13,30344,6,1,0,0,3,0,64,150,98,0,0,0,0,0,0,0,0,0,0,0,0,0,3,6,55,1,1,2,1,0,0,1,80,98,1,1,13,0,0
13,130293,1,1,2,14,4,21,37,1,0,1,0,13,1,20,403,20403,14,2005,1GNDS13S4522,1,G,N,D,S,1,3,S,4,5,2,2,0,P,CHEV,TRL,UT,5,17,4425,,0,1130,,G,,F,6,256,,,16R245,,,,,,0,0,000000000,00000000000,0,0,0,1,0,0,0,0,0,0,0,998,0,2,2,0,0,6,2,1,0,0,0,1,13,31598,6,8,0,0,3,3,68,170,98,4,1,1,3,9,2009,9,2009,0,28,58,0,0,1,2,55,1,1,2,1,0,0,1,12,1,1,4,6,2,0
13,130294,1,2,1,16,4,21,38,12,6,1,0,93,1,87,881,87881,66,1998,1XP5DB9X2WN4,1,X,P,5,D,B,9,X,2,W,N,4,1,T,PTRB,379,TR,98,17,,8,0,0,CON,D,,,6,893,,,,,00000,00,,64,1,57,1247309,571247309,3,6,1,1,0,0,0,0,0,0,0,998,0,0,0,9,9,4,3,12,0,0,0,1,47,37347,6,1,6,0,3,0,81,225,0,0,0,0,0,0,0,0,0,0,31,0,0,0,1,2,55,1,1,2,1,0,0,13,62,1,1,1,98,0,0
13,130294,2,2,1,16,4,21,38,12,6,1,0,13,1,20,401,20401,14,1994,1GNCS18W0R01,1,G,N,C,S,1,8,W,0,R,0,1,0,P,CHEV,S10,UT,94,17,3205,,0,1005,,G,,F,6,262,,,000000,,,,,,0,0,000000000,00000000000,0,0,0,1,0,0,0,0,0,0,0,998,0,0,0,12,12,6,2,12,0,0,0,1,13,30757,6,1,0,0,3,3,66,170,98,0,0,0,0,0,0,0,0,0,0,0,0,0,1,2,55,1,1,2,1,0,0,1,56,1,1,1,98,1,0
13,130295,1,1,1,16,4,18,38,42,0,1,0,13,1,49,472,49472,30,2006,3TMJU62N46M0,3,T,M,J,U,6,2,N,4,6,M,0,0,T,TOYT,DCP,CW,6,17,,1,0,1219,TAC,G,,,6,244,,,,B,3845,00,U,42,0,0,000000000,00000000000,0,0,0,1,0,0,0,0,0,0,0,998,0,0,0,12,12,6,2,42,0,0,0,1,13,30554,1,1,0,0,2,0,76,250,98,1,0,0,0,11,2010,11,2010,0,28,0,0,0,1,2,45,1,5,2,1,0,0,1,9,1,7,4,7,1,1
13,130296,1,1,3,17,4,5,35,1,0,1,0,13,2,2,404,2404,14,2000,1J4G248S4YC3,1,J,4,G,2,4,8,S,4,Y,C,3,0,T,JEEP,LRO,4W,0,17,,1,0,1059,GCK,G,,,6,244,,,,,3664,00,E,42,0,0,000000000,00000000000,0,0,0,1,0,0,0,0,0,0,0,998,0,1,6,0,0,6,2,1,0,0,0,1,13,31510,6,1,0,0,3,0,61,160,98,0,0,0,0,0,0,0,0,0,28,58,0,0,1,2,55,3,3,2,1,0,0,14,8,7,4,4,7,1,1
13,130297,1,1,1,18,4,8,35,35,0,1,0,13,1,35,43,35043,4,2009,3N1AB61E19L6,3,N,1,A,B,6,1,E,1,9,L,6,0,P,NISS,SL2,4D,9,17,2897,,0,1057,,G,,F,4,122,,,15R205,,,,,,0,0,000000000,00000000000,0,0,0,1,0,0,0,0,0,0,0,998,0,1,6,11,11,6,2,3,0,0,0,1,13,31707,6,1,0,0,3,0,73,250,98,0,0,0,1,1,2011,1,2011,0,28,58,0,0,1,2,55,3,1,2,1,0,0,14,13,1,1,4,1,1,0
13,130298,1,3,1,18,4,16,1,12,7,1,0,13,1,12,471,12471,30,2005,1FTYR44U65PB,1,F,T,Y,R,4,4,U,6,5,P,B,0,T,FORD,RNS,4C,5,17,,1,0,1257,RNG,G,,,6,182,,,,B,3179,00,U,42,0,0,000000000,00000000000,0,0,0,1,0,0,0,0,0,0,0,998,0,0,0,11,12,4,3,12,0,0,0,1,13,39845,6,1,0,0,3,0,74,230,98,0,0,0,0,0,0,0,0,0,26,0,0,0,3,2,65,1,1,2,1,0,0,1,10,1,1,2,44,1,0
13,130298,2,3,1,18,4,16,1,12,7,1,0,12,1,82,881,82881,66,2000,1FUYSSEBXYPA,1,F,U,Y,S,S,E,B,X,Y,P,A,1,T,FRHT,FC2,TR,0,17,,8,0,0,CON,D,,,6,774,,,,,00000,00,,64,1,57,934969,57934969,3,6,1,1,0,0,0,0,0,0,0,0,0,0,0,3,3,2,1,12,0,0,0,1,12,34761,6,1,6,0,3,0,73,999,0,0,0,0,0,0,0,0,0,0,0,0,0,0,3,2,65,1,1,2,1,0,0,5,60,1,1,1,45,0,0
13,130298,3,3,1,18,4,16,1,12,7,1,0,13,1,35,472,35472,30,2000,1N6DD26S5YC4,1,N,6,D,D,2,6,S,5,Y,C,4,0,T,NISS,FKX,PC,0,17,,1,0,1161,FRT,G,,,4,146,,,,B,3052,01,U,42,0,0,000000000,00000000000,0,0,0,1,0,0,0,0,0,0,0,0,0,0,0,6,6,0,3,12,0,0,0,1,13,39845,6,1,0,0,3,0,74,175,98,0,0,0,0,0,0,0,0,0,0,0,0,0,3,4,65,1,1,2,1,0,0,5,53,1,1,1,98,0,0
13,130299,1,2,2,18,4,21,25,12,2,1,0,13,2,37,31,37031,2,2000,1HGEM1151YL1,1,H,G,E,M,1,1,5,1,Y,L,1,0,P,HOND,USS,CP,0,17,2612,,0,1032,,G,,F,4,097,,,15R195,,,,,,0,0,000000000,00000000000,0,0,0,1,0,0,0,0,0,0,0,998,0,0,0,12,12,6,2,12,0,0,0,1,13,31312,6,2,0,0,3,3,66,130,98,0,0,0,1,9,2009,9,2009,1,28,26,0,0,1,2,55,1,1,2,1,0,0,1,10,6,1,2,50,1,1
13,130299,2,2,4,18,4,21,25,12,2,1,0,13,1,54,35,54035,4,2006,19UUA66296A0,1,9,U,U,A,6,6,2,9,6,A,0,0,P,ACUR,32T,4D,6,17,3580,,0,1079,,G,,F,6,195,,,17R235,,,,,,0,0,000000000,00000000000,0,0,0,1,0,0,0,0,0,0,0,998,0,0,0,12,12,6,2,12,0,0,0,1,13,31302,6,1,0,0,3,0,63,110,98,0,0,0,1,5,2008,5,2008,0,0,0,0,0,1,2,55,1,1,2,1,0,0,1,62,1,1,1,51,0,0
13,130300,1,1,2,15,4,10,33,1,0,1,0,13,1,20,421,20421,15,2001,1GNEC13T01R1,1,G,N,E,C,1,3,T,0,1,R,1,0,P,CHEV,CTA,UT,1,17,4828,,0,1160,,G,,F,8,325,,,16R245,,,,,,0,0,000000000,00000000000,0,0,0,1,0,0,0,0,0,0,0,998,0,2,1,0,98,6,2,1,32,0,0,1,13,31906,6,1,0,0,3,3,67,230,98,0,0,0,0,0,0,0,0,0,29,0,0,0,2,3,65,1,2,2,1,0,0,1,13,1,4,6,98,1,0