STATE,ST_CASE,VEH_NO,VE_FORMS,NUMOCCS,DAY,MONTH,HOUR,MINUTE,HARM_EV,MAN_COLL,UNITTYPE,HIT_RUN,REG_STAT,OWNER,MAKE,MODEL,MAK_MOD,BODY_TYP,MOD_YEAR,VIN,VIN_1,VIN_2,VIN_3,VIN_4,VIN_5,VIN_6,VIN_7,VIN_8,VIN_9,VIN_10,VIN_11,VIN_12,TOW_VEH,VINTYPE,VINMAKE,VINA_MOD,VIN_BT,VINMODYR,VIN_LNGT,VIN_WGT,WGTCD_TR,WHLBS_LG,WHLBS_SH,SER_TR,FUELCODE,MCYCL_DS,CARBUR,CYLINDER,DISPLACE,MCYCL_CY,MCYCL_WT,TIRE_SZE,TON_RAT,TRK_WT,TRKWTVAR,VIN_REST,WHLDRWHL,J_KNIFE,MCARR_I1,MCARR_I2,MCARR_ID,GVWR,V_CONFIG,CARGO_BT,HAZ_INV,HAZ_PLAC,HAZ_ID,HAZ_CNO,HAZ_REL,BUS_USE,SPEC_USE,EMER_USE,TRAV_SP,UNDERIDE,ROLLOVER,ROLINLOC,IMPACT1,IMPACT2,DEFORMED,TOWED,M_HARM,VEH_SC1,VEH_SC2,FIRE_EXP,DR_PRES,L_STATE,DR_ZIP,L_STATUS,L_TYPE,CDL_STAT,L_ENDORS,L_COMPL,L_RESTRI,DR_HGT,DR_WGT,PREV_ACC,PREV_SUS,PREV_DWI,PREV_SPD,PREV_OTH,FIRST_MO,FIRST_YR,LAST_MO,LAST_YR,SPEEDREL,DR_SF1,DR_SF2,DR_SF3,DR_SF4,VTRAFWAY,VNUM_LAN,VSPD_LIM,VALIGN,VPROFILE,VPAVETYP,VSURCOND,VTRAFCON,VTCONT_F,P_CRASH1,P_CRASH2,P_CRASH3,PCRASH4,PCRASH5,ACC_TYPE,DEATHS,DR_DRINK
13,130398,1,1,1,17,5,23,37,8,0,1,1,99,9,99,999,99999,99,9999,999999999999,9,9,9,9,9,9,9,9,9,9,9,9,0,,,,,,,,,,,,,,,,,,,,,,,,,0,0,000000000,00000000000,0,0,0,1,0,0,0,0,0,0,0,998,0,0,0,1,98,9,1,8,0,0,0,1,99,99999,9,9,99,9,9,9,999,999,99,99,99,99,99,99,9999,99,9999,9,86,0,0,0,2,3,45,1,1,2,1,0,0,1,80,99,1,9,13,0,0
13,130399,1,1,2,18,5,19,15,35,0,1,0,13,2,7,472,7472,30,1997,1B7GL23Y3VS1,1,B,7,G,L,2,3,Y,3,V,S,1,0,T,DODG,DAK,PC,97,17,,1,0,1309,DAK,G,,,8,318,,,,B,3683,00,E,42,0,0,000000000,00000000000,0,0,0,1,0,0,0,0,0,0,0,998,0,1,1,12,13,6,2,1,0,0,0,1,13,30533,0,0,0,0,0,0,999,999,98,0,0,0,0,0,0,0,0,1,29,27,0,0,1,2,45,2,6,8,1,0,0,14,6,6,4,4,2,1,0
13,130400,1,1,1,19,5,3,51,42,0,1,0,13,1,22,403,22403,14,2007,2CKDL63FX760,2,C,K,D,L,6,3,F,X,7,6,0,0,P,PONT,TOR,UT,7,17,3660,,0,1125,,G,,F,6,207,,,16R235,,,,,,0,0,000000000,00000000000,0,0,0,1,0,0,0,0,0,0,0,998,0,0,0,12,98,6,2,42,0,0,0,1,13,30253,6,1,0,0,3,0,69,120,98,6,0,2,4,10,2008,8,2010,1,29,0,0,0,1,2,45,2,2,2,1,0,0,14,6,1,1,4,1,1,1
13,130401,1,2,1,20,5,17,28,12,8,1,0,13,2,12,401,12401,14,2000,1FMZU64E4YZA,1,F,M,Z,U,6,4,E,4,Y,Z,A,0,P,FORD,EPR,UT,0,17,3970,,0,1116,,G,,F,6,245,,,16R255,,,,,,0,0,000000000,00000000000,0,0,0,1,0,0,0,0,0,0,0,998,0,0,0,11,98,6,2,12,0,0,0,1,13,30680,6,1,0,0,3,0,73,199,98,0,0,0,1,4,2009,4,2009,0,28,0,0,0,1,2,55,1,2,2,1,0,0,1,10,1,1,2,64,1,0
13,130401,2,2,2,20,5,17,28,12,8,1,0,13,2,82,881,82881,66,2002,1FUJAHCG12PB,1,F,U,J,A,H,C,G,1,2,P,B,1,T,FRHT,FLD,TR,2,17,,8,0,0,CON,D,,,6,774,,,,,00000,00,,64,1,57,1904220,571904220,3,19,98,1,0,0,0,0,0,0,0,998,0,0,0,8,98,2,3,12,0,0,0,1,13,31001,6,1,6,0,3,1,74,180,98,0,0,0,1,3,2011,3,2011,0,21,0,0,0,1,2,55,1,2,2,1,0,0,1,62,1,1,1,65,0,0
13,130402,1,1,1,20,5,8,45,53,0,1,0,13,1,7,482,7482,31,2009,1D3HB18TX9S7,1,D,3,H,B,1,8,T,X,9,S,7,0,T,DODG,Q15,CW,9,17,,2,0,1400,RPC,G,,,8,348,,,,B,4863,00,K,42,0,0,000000000,00000000000,0,0,0,1,0,0,0,0,0,0,0,998,0,0,0,12,11,6,2,42,0,0,0,1,13,30233,6,1,0,0,3,0,68,250,98,0,0,0,0,0,0,0,0,0,29,0,0,0,1,2,45,1,1,8,1,0,0,1,12,1,1,4,6,1,0
13,130403,1,1,1,20,5,22,15,1,0,1,0,13,1,63,401,63401,14,2002,KNDJA7231251,K,N,D,J,A,7,2,3,1,2,5,1,0,P,KIA,SPO,UT,2,17,3352,,0,1043,,G,,F,4,122,,,15R205,,,,,,0,0,000000000,00000000000,0,0,0,1,0,0,0,0,0,0,0,998,0,2,5,0,13,6,2,42,0,0,0,1,13,30175,6,1,0,0,3,0,69,140,98,0,0,0,0,0,0,0,0,0,29,0,0,0,1,2,45,2,6,8,1,0,0,14,12,7,3,4,7,1,1
13,130404,1,1,1,21,5,2,24,8,0,1,1,13,2,12,481,12481,31,1997,1FTDX1861VKB,1,F,T,D,X,1,8,6,1,V,K,B,0,T,FORD,F15,3C,97,17,,1,1570,1390,COF,G,,,8,281,,,,B,4480,01,E,44,0,0,000000000,00000000000,0,0,0,1,0,0,0,0,0,0,0,998,0,0,0,12,12,4,1,8,0,0,0,1,13,30517,6,1,0,0,3,0,73,170,98,1,0,0,1,6,2010,6,2010,0,86,29,0,0,1,2,55,1,1,8,1,0,0,17,12,99,9,4,13,0,0
13,130405,1,1,1,21,5,21,3,11,0,1,0,13,1,72,706,72706,80,2000,1HD1BJY1XYY0,1,H,D,1,B,J,Y,1,X,Y,Y,0,0,M,HD,STC,RS,0,17,,,,,,,1450,,2,,4,696,,,,,,,0,0,000000000,00000000000,0,0,0,1,0,0,0,0,0,0,0,998,0,0,0,12,12,6,2,1,0,0,0,1,13,31027,6,1,6,0,3,0,66,260,98,0,0,0,0,0,0,0,0,0,83,0,0,0,1,2,55,1,1,8,1,0,0,1,87,3,2,1,13,1,0
13,130406,1,2,1,22,5,7,44,12,6,1,0,13,1,2,404,2404,14,2003,1J8GW68J33C5,1,J,8,G,W,6,8,J,3,3,C,5,0,T,JEEP,OVR,4W,3,17,,1,0,1059,GCK,G,,,8,287,,,,,4241,00,K,44,0,0,000000000,00000000000,0,0,0,1,0,0,0,0,0,0,0,998,0,0,0,12,98,4,3,12,0,0,0,1,13,30040,6,1,0,0,3,0,73,185,98,0,0,0,0,0,0,0,0,0,39,0,0,0,3,2,45,1,1,2,1,3,3,1,66,1,1,1,74,0,1
13,130406,2,2,1,22,5,7,44,12,6,1,0,13,1,49,32,49032,4,1999,1NXBR12E1XZ2,1,N,X,B,R,1,2,E,1,X,Z,2,0,P,TOYT,UVL,4D,99,17,2414,,0,970,,G,,F,4,109,,,14R175,,,,,,0,0,000000000,00000000000,0,0,0,1,0,0,0,0,0,0,0,998,0,0,0,10,98,6,2,12,0,0,0,1,13,30078,6,1,6,0,3,0,62,150,98,0,0,0,0,0,0,0,0,0,0,0,0,0,6,3,45,1,1,2,1,3,3,11,67,1,1,2,74,1,0
13,130407,1,2,1,22,5,22,46,12,1,1,1,45,1,12,3,12003,2,2008,1ZVHT82H2851,1,Z,V,H,T,8,2,H,2,8,5,1,0,P,FORD,MGT,CP,8,17,3450,,0,1071,,G,,F,8,281,,,17R235,,,,,,0,0,000000000,00000000000,0,0,0,1,0,0,0,0,0,0,0,998,0,0,0,12,98,4,1,12,0,0,0,1,45,29831,6,1,0,0,3,0,67,170,0,0,0,0,0,0,0,0,0,0,26,92,0,0,2,2,45,1,1,2,2,3,3,1,50,1,1,1,20,0,1
13,130407,2,2,1,22,5,22,46,12,1,1,0,13,1,73,709,73709,80,2007,JKBZXNA1X7A0,J,K,B,Z,X,N,A,1,X,7,A,0,0,M,KAWK,X4A,RC,7,17,,,,,,,1352,,4,,4,386,,,,,,,0,0,000000000,00000000000,0,0,0,1,0,0,0,0,0,0,0,0,0,0,0,6,98,6,2,12,0,0,0,1,51,22211,6,1,6,0,3,0,72,200,0,0,0,1,0,8,2010,8,2010,0,0,0,0,0,2,2,45,1,1,2,2,3,3,5,53,1,1,1,21,1,0
13,130408,1,1,1,22,5,0,49,35,0,1,0,13,1,20,22,20022,2,2009,1G1AT18H1972,1,G,1,A,T,1,8,H,1,9,7,2,0,P,CHEV,BLT,CP,9,17,2991,,0,1033,,G,,F,4,134,,,15R195,,,,,,0,0,000000000,00000000000,0,0,0,1,0,0,0,0,0,0,0,998,0,0,0,12,12,6,2,42,0,0,0,1,13,30506,6,1,0,0,3,0,70,182,98,0,0,1,0,6,2008,6,2008,0,29,0,0,0,1,2,45,2,1,8,1,0,0,14,12,99,1,4,6,1,0
13,130409,1,1,1,23,5,16,9,42,0,1,0,13,2,20,461,20461,21,2005,1GCGG25U8512,1,G,C,G,G,2,5,U,8,5,1,2,0,T,CHEV,E25,CG,5,17,,2,0,1350,EXP,G,,,8,366,,,,C,5002,00,,42,0,0,000000000,00000000000,0,0,0,1,0,0,0,0,0,0,0,998,0,0,0,11,98,4,3,42,0,0,0,1,13,30045,6,1,0,0,3,0,72,165,98,1,0,1,0,10,2009,11,2009,1,29,0,0,0,1,2,25,2,1,2,1,0,0,12,6,1,1,4,98,1,0
13,130410,1,1,1,23,5,14,23,34,0,1,0,13,1,20,36,20036,2,2005,2G1WW12E5591,2,G,1,W,W,1,2,E,5,5,9,1,0,P,CHEV,MLS,CP,5,17,3340,,0,1105,,G,,F,6,207,,,16R225,,,,,,0,0,000000000,00000000000,0,0,0,1,0,0,0,0,0,0,0,998,0,9,5,14,98,6,2,1,0,0,0,1,13,30331,1,1,0,0,2,0,69,180,98,3,0,0,4,9,2008,11,2010,0,29,0,0,0,2,9,55,2,1,2,1,98,8,14,12,3,2,4,7,1,0
13,130411,1,1,1,23,5,19,58,24,0,1,0,45,1,72,706,72706,80,2008,1HD1GX4118K3,1,H,D,1,G,X,4,1,1,8,K,3,0,M,HD,FXI,RS,8,17,,,,,,,1584,,2,,4,667,,,,,,,0,0,000000000,00000000000,0,0,0,1,0,0,0,0,0,0,0,998,0,0,0,12,98,6,2,24,0,0,0,1,45,29829,6,1,0,0,3,0,66,150,1,0,0,0,0,8,2009,8,2009,0,29,0,0,0,6,8,35,2,2,2,1,0,0,14,13,1,1,4,1,1,0
13,130412,1,1,6,26,5,15,18,18,0,1,0,13,2,14,401,14401,14,2003,4M2ZU86K83UJ,4,M,2,Z,U,8,6,K,8,3,U,J,0,P,MERC,MOU,UT,3,17,4170,,0,1138,,F,,F,6,245,,,16R245,,,,,,0,0,000000000,00000000000,0,0,0,1,0,0,0,0,0,0,0,998,0,0,0,5,98,6,2,42,0,0,0,1,13,30813,6,2,0,0,3,2,67,129,98,0,0,0,0,0,0,0,0,0,29,58,73,0,1,2,30,2,2,2,1,0,0,14,13,6,4,4,2,1,0
13,130413,1,1,1,26,5,18,3,34,0,1,0,13,1,12,37,12037,4,2000,1FAFP34PXYW1,1,F,A,F,P,3,4,P,X,Y,W,1,0,P,FORD,FSC,4D,0,17,2564,,0,1030,,G,,F,4,122,,,15R195,,,,,,0,0,000000000,00000000000,0,0,0,1,0,0,0,0,0,0,0,998,0,1,5,12,98,6,2,1,0,0,0,1,13,30265,6,1,0,0,3,0,65,125,98,0,0,1,1,2,2010,5,2011,0,29,87,0,0,1,2,55,1,2,2,2,0,0,1,5,1,7,4,7,1,0
13,130414,1,1,1,26,5,10,51,33,0,1,0,13,2,37,705,37705,80,2001,JH2PC35001M2,J,H,2,P,C,3,5,0,0,1,M,2,0,M,HOND,CF4,RC,1,17,,,,,,,599,,4,,4,370,,,,,,,0,0,000000000,00000000000,0,0,0,1,0,0,0,0,0,0,0,998,0,0,0,12,98,6,2,33,0,0,0,1,13,31763,6,1,0,0,2,0,74,170,98,2,0,1,4,8,2008,5,2011,0,39,0,0,0,1,2,35,1,1,2,1,20,3,1,14,3,2,4,14,1,0
13,130415,1,1,2,26,5,18,10,16,0,1,0,13,1,41,45,41045,1,2002,JM1NB3533202,J,M,1,N,B,3,5,3,3,2,0,2,0,P,MAZD,MIS,CV,2,17,2387,,0,892,,G,,F,4,112,,,15R195,,,,,,0,0,000000000,00000000000,0,0,0,1,0,0,0,0,0,0,0,998,0,0,0,0,13,9,2,16,0,0,0,1,13,30032,6,1,0,0,3,3,60,130,98,0,0,0,0,0,0,0,0,0,0,0,0,0,1,2,35,1,1,2,2,0,0,1,98,1,1,1,0,2,0
13,130416,1,1,1,28,5,5,16,42,0,1,0,13,1,20,36,20036,2,2003,2G1WW12E8392,2,G,1,W,W,1,2,E,8,3,9,2,0,P,CHEV,MLS,CP,3,17,3340,,0,1105,,G,,F,6,207,,,16R225,,,,,,0,0,000000000,00000000000,0,0,0,1,0,0,0,0,0,0,0,998,0,0,0,13,98,6,2,42,0,0,0,1,13,31404,6,1,0,0,3,0,74,154,98,2,0,1,4,8,2008,1,2011,1,29,0,0,0,6,2,45,2,1,1,1,0,0,14,12,99,1,4,6,1,1
13,130417,1,1,1,28,5,2,3,41,0,1,0,47,1,73,705,73705,80,2008,JKAZX4J178A0,J,K,A,Z,X,4,J,1,7,8,A,0,0,M,KAWK,ZXJ,RC,8,17,,,,,,,599,,4,,4,377,,,,,,,0,0,000000000,00000000000,0,0,0,1,0,0,0,0,0,0,0,998,0,0,0,12,98,6,2,14,0,0,0,1,13,30310,6,1,0,0,2,0,69,170,98,0,0,1,0,11,2010,11,2010,1,29,37,0,0,1,2,25,2,2,2,1,0,0,14,12,1,1,4,6,1,1
13,130418,1,3,1,30,5,21,38,12,1,1,0,13,1,19,18,19018,4,2009,1G6DF5772901,1,G,6,D,F,5,7,7,2,9,0,1,0,P,CADI,C/T,4D,9,17,3872,,0,1134,,G,,F,6,220,,,17R235,,,,,,0,0,000000000,00000000000,0,0,0,1,0,0,0,0,0,0,0,998,0,0,0,12,98,4,3,12,0,0,0,1,13,30305,6,1,0,0,3,0,76,275,98,0,0,0,2,10,2010,5,2011,0,26,0,0,0,1,4,35,1,1,2,1,0,0,1,50,1,1,1,20,0,1
13,130418,2,3,1,30,5,21,38,12,1,1,0,13,1,76,709,76709,80,1979,2F0022086,2,F,0,0,2,2,0,8,6,,,,0,M,YAMA,X62,RS,79,9,,,,,,,653,,2,,4,463,,,,,,,0,0,000000000,00000000000,0,0,0,1,0,0,0,0,0,0,0,0,0,0,0,6,98,6,2,12,0,0,0,1,13,30308,6,1,0,0,3,3,69,115,98,0,0,0,0,0,0,0,0,0,0,0,0,0,1,4,35,1,1,2,1,0,0,5,53,1,1,1,21,1,0
13,130418,3,3,2,30,5,21,38,12,1,1,0,13,1,7,20,7020,4,2002,1B3ES56C52D6,1,B,3,E,S,5,6,C,5,2,D,6,0,P,DODG,ESN,4D,2,17,2662,,0,1050,,G,,F,4,122,,,15R185,,,,,,0,0,000000000,00000000000,0,0,0,1,0,0,0,0,0,0,0,998,0,0,0,12,98,2,1,12,0,0,0,1,13,30329,6,1,0,0,3,0,69,240,98,0,0,0,0,0,0,0,0,0,0,0,0,0,1,4,35,1,1,2,1,0,0,1,50,99,9,9,98,0,0
13,130419,1,1,1,30,5,23,14,35,0,1,0,13,1,12,402,12402,14,2005,1FMCU94145KA,1,F,M,C,U,9,4,1,4,5,K,A,0,P,FORD,SPE,UT,5,17,3464,,0,1031,,G,,F,6,183,,,16R235,,,,,,0,0,000000000,00000000000,0,0,0,1,0,0,0,0,0,0,0,998,0,1,5,14,98,6,2,1,0,0,0,1,13,30533,6,1,0,0,3,3,77,320,98,3,1,1,0,11,2009,1,2010,1,29,0,0,0,5,2,45,2,2,2,1,0,0,14,6,1,1,4,6,1,1
13,130420,1,1,1,31,5,21,39,8,0,1,0,13,1,20,22,20022,4,2009,1G1AT58H9971,1,G,1,A,T,5,8,H,9,9,7,1,0,P,CHEV,BLT,4D,9,17,3216,,0,1033,,G,,F,4,134,,,15R195,,,,,,0,0,000000000,00000000000,0,0,0,1,0,0,0,0,0,0,0,998,0,0,0,12,98,6,2,8,0,0,0,1,13,31903,6,1,0,0,3,0,64,150,98,0,0,0,0,0,0,0,0,0,86,0,0,0,2,3,40,1,2,2,1,1,3,1,80,1,1,1,13,0,0
13,130421,1,2,1,28,5,5,15,8,0,1,0,12,3,6,52,6052,6,2002,3C4FY48B22T3,3,C,4,F,Y,4,8,B,2,2,T,3,0,P,CHRY,PTC,SV,2,17,3037,,0,1033,,G,,F,4,148,,,15R195,,,,,,0,0,000000000,00000000000,0,0,0,1,0,0,0,0,0,0,0,998,0,0,0,12,98,6,2,8,0,0,0,1,13,30187,6,1,0,0,3,0,71,180,98,0,0,0,0,0,0,0,0,0,86,0,0,0,3,4,60,1,2,2,1,0,0,1,80,1,1,3,13,0,0
13,130421,2,2,1,28,5,5,15,8,0,1,0,13,6,20,401,20401,14,1995,1GNCS13W8SK1,1,G,N,C,S,1,3,W,8,S,K,1,0,P,CHEV,BZR,UT,95,17,3666,,0,1070,,G,,F,6,262,,,15R205,,,,,,0,0,000000000,00000000000,0,0,0,1,0,0,0,0,0,0,0,0,0,0,0,99,98,6,2,12,0,0,0,0,0,99997,7,6,97,7,6,7,998,997,998,998,998,998,998,98,9998,98,9998,8,0,0,0,0,3,4,60,1,2,2,1,0,0,0,99,0,0,0,98,0,0
13,130422,1,1,1,3,5,23,12,35,0,1,0,13,1,12,17,12017,4,1998,1FAFP54N8WA1,1,F,A,F,P,5,4,N,8,W,A,1,0,P,FORD,SHO,4D,98,17,0,,0,1085,,G,,F,8,207,,,16R225,,,,,,0,0,000000000,00000000000,0,0,0,1,0,0,0,0,0,0,0,998,0,0,0,12,12,6,2,34,0,0,0,1,13,31040,6,1,6,0,3,0,71,210,98,0,0,1,0,6,2009,6,2009,0,39,29,0,0,1,2,55,3,1,8,1,20,3,14,14,99,1,4,14,1,0
13,130423,1,2,1,28,5,15,20,12,6,1,0,13,2,52,46,52046,4,2006,JA3AJ26E56U0,J,A,3,A,J,2,6,E,5,6,U,0,0,P,MITS,LES,4D,6,17,2745,,0,1024,,G,,F,4,122,,,15R195,,,,,,0,0,000000000,00000000000,0,0,0,1,0,0,0,0,0,0,0,998,0,0,0,9,9,6,2,12,0,0,0,1,13,30189,6,1,0,0,3,3,66,160,98,0,0,0,2,9,2008,8,2009,0,28,0,0,0,5,4,45,1,1,2,1,3,3,17,8,1,7,2,66,1,0
13,130423,2,2,1,28,5,15,20,12,6,1,0,13,1,58,34,58034,4,1995,JNKAY21D1SM2,J,N,K,A,Y,2,1,D,1,S,M,2,0,P,INFI,J30,4D,95,17,3527,,0,1087,,G,,F,6,181,,,15R215,,,,,,0,0,000000000,00000000000,0,0,0,1,0,0,0,0,0,0,0,998,0,0,0,12,12,4,3,12,0,0,0,1,13,30062,6,1,0,0,3,3,70,165,98,0,0,0,0,0,0,0,0,0,0,0,0,0,5,4,45,1,1,2,1,3,3,1,62,1,1,1,66,0,0
13,130424,1,1,2,6,5,13,5,32,0,1,0,13,1,7,26,7026,4,2010,1B3CC4FB4AN1,1,B,3,C,C,4,F,B,4,A,N,1,0,P,DODG,AXT,4D,10,17,3405,,0,1089,,G,,F,4,146,,,16R215,,,,,,0,0,000000000,00000000000,0,0,0,1,0,0,0,0,0,0,0,998,0,0,0,12,98,6,2,42,0,0,0,1,5,72076,6,1,0,0,3,0,70,145,0,0,0,0,0,0,0,0,0,1,29,0,0,0,6,3,70,1,1,1,1,0,0,1,6,6,4,4,2,2,0
13,130425,1,1,1,5,4,4,44,8,0,1,0,13,1,37,32,37032,4,1996,1HGCD5639TA1,1,H,G,C,D,5,6,3,9,T,A,1,0,P,HOND,ULE,4D,96,17,2864,,0,1069,,G,,F,4,132,,,15R185,,,,,,0,0,000000000,00000000000,0,0,0,1,0,0,0,0,0,0,0,998,0,0,0,12,98,6,2,8,0,0,0,1,13,30349,6,1,0,0,3,0,61,120,98,0,0,0,0,0,0,0,0,0,86,0,0,0,3,3,45,1,1,2,2,0,0,1,80,1,1,1,13,0,0
13,130426,1,1,1,20,5,6,4,11,0,1,0,13,1,53,709,53709,80,2002,JS1VS54A1221,J,S,1,V,S,5,4,A,1,2,2,1,0,M,SUZI,VL8,RS,2,17,,,,,,,805,,2,,4,526,,,,,,,0,0,000000000,00000000000,0,0,0,1,0,0,0,0,0,0,0,998,0,0,0,12,12,6,2,11,0,0,0,1,13,30669,6,1,0,0,3,0,72,350,98,1,0,0,0,1,2010,1,2010,0,83,0,0,0,1,2,55,2,5,8,1,0,0,14,87,99,1,1,13,1,0
13,130427,1,1,1,1,6,19,34,18,0,1,0,13,1,53,706,53706,80,1993,JS1VS52A6P21,J,S,1,V,S,5,2,A,6,P,2,1,0,M,SUZI,VS8,RS,93,17,,,,,,,805,,2,,4,440,,,,,,,0,0,000000000,00000000000,0,0,0,1,0,0,0,0,0,0,0,998,0,0,0,12,98,6,2,18,0,0,0,1,13,30093,1,1,0,0,2,2,74,175,98,1,0,0,0,2,2011,2,2011,0,29,74,0,0,2,2,70,1,1,2,1,98,8,1,13,1,1,4,1,1,0
13,130428,1,3,5,2,6,9,38,12,6,1,0,13,2,52,34,52034,4,1998,4A3AJ56G6WE0,4,A,3,A,J,5,6,G,6,W,E,0,0,P,MITS,UEL,4D,98,17,2877,,0,1037,,G,,F,4,143,,,14R185,,,,,,0,0,000000000,00000000000,0,0,0,1,0,0,0,0,0,0,0,998,0,0,0,3,98,6,2,12,0,0,0,1,13,30034,6,1,0,0,3,0,64,135,98,3,0,0,1,9,2008,9,2010,0,38,0,0,0,2,2,55,1,1,2,1,3,3,11,15,1,1,2,68,1,0
13,130428,2,3,1,2,6,9,38,12,6,1,0,13,1,35,47,35047,4,1998,1N4DL01D4WC1,1,N,4,D,L,0,1,D,4,W,C,1,0,P,NISS,AGS,4D,98,17,2766,,0,1031,,G,,F,4,146,,,15R195,,,,,,0,0,000000000,00000000000,0,0,0,1,0,0,0,0,0,0,0,998,0,0,0,12,98,6,2,12,0,0,0,1,13,30296,1,1,1,0,2,3,77,190,98,3,0,2,3,1,2009,5,2011,0,0,0,0,0,2,2,55,1,1,2,1,3,3,1,17,1,1,1,69,0,0
13,130428,3,3,1,2,6,9,38,12,6,1,0,13,2,35,47,35047,4,2006,1N4AL11D16C2,1,N,4,A,L,1,1,D,1,6,C,2,0,P,NISS,ASL,4D,6,17,2915,,0,1102,,G,,F,4,153,,,16R215,,,,,,0,0,000000000,00000000000,0,0,0,1,0,0,0,0,0,0,0,0,0,0,0,11,98,2,1,12,0,0,0,1,13,30274,6,1,0,0,3,3,63,150,98,0,0,0,0,0,0,0,0,0,0,0,0,0,1,2,99,9,9,9,1,3,3,5,66,1,1,1,98,0,0
13,130429,1,1,2,2,6,20,34,30,0,1,0,13,1,20,2,20002,4,2004,1G1ND52F64M6,1,G,1,N,D,5,2,F,6,4,M,6,0,P,CHEV,CLA,4D,4,17,3106,,0,1070,,G,,F,4,134,,,15R215,,,,,,0,0,000000000,00000000000,0,0,0,1,0,0,0,0,0,0,0,998,0,1,5,2,13,4,3,30,0,0,0,1,13,30816,6,1,0,0,3,3,67,215,98,0,0,0,0,0,0,0,0,0,58,29,0,0,1,2,55,1,1,8,1,0,0,1,13,6,9,4,7,1,1
13,130430,1,2,1,3,6,13,0,12,1,1,0,37,3,82,881,82881,66,2008,1FUJA6CK18LY,1,F,U,J,A,6,C,K,1,8,L,Y,1,T,FRHT,COL,TR,8,17,,8,0,0,CON,D,,,6,855,,,,,00000,00,,64,1,57,165206,57165206,3,6,1,1,0,0,0,0,0,0,0,998,0,0,0,12,98,4,3,12,0,0,0,1,37,28638,6,1,6,0,3,3,69,999,0,0,0,0,0,0,0,0,0,0,26,0,0,0,1,3,55,1,2,2,1,0,0,1,52,4,2,1,28,0,0
13,130430,2,2,4,3,6,13,0,12,1,1,0,13,2,20,37,20037,4,2004,1G1ND52F44M5,1,G,1,N,D,5,2,F,4,4,M,5,0,P,CHEV,CLA,4D,4,17,3106,,0,1070,,G,,F,4,134,,,15R215,,,,,,0,0,000000000,00000000000,0,0,0,1,0,0,0,0,0,0,0,998,0,0,0,6,98,6,2,12,0,0,0,1,13,30629,6,1,0,0,3,0,69,185,98,0,0,0,0,0,0,0,0,0,0,0,0,0,1,3,55,1,2,2,1,0,0,2,53,1,1,1,29,2,0
13,130431,1,1,2,3,6,6,9,1,0,1,0,13,2,12,13,12013,4,1998,1FAFP13P5WW2,1,F,A,F,P,1,3,P,5,W,W,2,0,P,FORD,ESS,4D,98,17,2468,,0,984,,G,,F,4,122,,,14R185,,,,,,0,0,000000000,00000000000,0,0,0,1,0,0,0,0,0,0,0,998,0,2,5,0,9,6,2,42,0,0,0,1,13,31046,0,0,0,0,0,0,67,140,98,0,0,0,0,0,0,0,0,1,58,29,0,0,1,2,55,3,1,8,1,0,0,14,6,99,9,4,2,1,1
13,130432,1,1,1,4,6,5,55,34,0,1,0,13,1,35,47,35047,4,2007,1N4BL21E07N4,1,N,4,B,L,2,1,E,0,7,N,4,0,P,NISS,ATL,4D,7,17,3294,,0,1093,,G,,F,6,214,,,16R215,,,,,,0,0,000000000,00000000000,0,0,0,1,0,0,0,0,0,0,0,998,0,1,5,11,13,6,2,1,0,0,0,1,13,31788,6,1,0,0,3,3,63,110,98,0,0,0,0,0,0,0,0,0,29,0,0,0,1,2,55,1,1,8,1,0,0,1,12,7,2,4,7,1,1
13,130433,1,2,1,4,6,22,53,12,6,1,0,13,1,23,481,23481,31,2007,2GTEC13J2716,2,G,T,E,C,1,3,J,2,7,1,6,0,T,GMC,NC1,CW,7,17,,2,0,1435,SIE,G,,,8,323,,,,B,5142,00,4,42,0,0,000000000,00000000000,0,0,0,1,0,0,0,0,0,0,0,998,0,0,0,12,98,4,3,12,0,0,0,1,13,30533,6,1,0,0,3,0,72,200,98,0,0,0,0,0,0,0,0,0,39,0,0,0,3,3,45,1,1,2,1,3,3,1,17,1,1,1,88,0,0
13,130433,2,2,1,4,6,22,53,12,6,1,0,13,1,76,709,76709,80,2009,LPRSE48Y69A0,L,P,R,S,E,4,8,Y,6,9,A,0,0,M,YAMA,YW2,MS,9,17,,,,,,,125,,1,,4,207,,,,,,,0,0,000000000,00000000000,0,0,0,1,0,0,0,0,0,0,0,998,0,0,0,9,98,6,2,12,0,0,0,1,13,30076,6,1,0,0,3,0,70,195,98,0,0,0,0,0,0,0,0,0,0,0,0,0,1,2,35,1,1,2,1,3,3,1,17,1,1,1,89,1,0
13,130434,1,2,1,4,6,1,5,12,1,1,0,45,3,82,881,82881,66,2005,1FUJA6CK25LN,1,F,U,J,A,6,C,K,2,5,L,N,1,T,FRHT,COL,TR,5,17,,8,0,0,CON,D,,,6,858,,,,,00000,00,,64,1,57,0153031,570153031,3,6,1,1,0,0,0,0,0,0,0,998,0,0,0,6,6,6,2,12,0,0,0,1,45,29204,6,1,6,0,3,3,68,200,1,1,0,0,0,11,2010,11,2010,0,99,99,99,99,3,3,70,1,1,8,1,0,0,1,53,1,1,1,25,0,0