STATE,ST_CASE,VEH_NO,VE_FORMS,NUMOCCS,DAY,MONTH,HOUR,MINUTE,HARM_EV,MAN_COLL,UNITTYPE,HIT_RUN,REG_STAT,OWNER,MAKE,MODEL,MAK_MOD,BODY_TYP,MOD_YEAR,VIN,VIN_1,VIN_2,VIN_3,VIN_4,VIN_5,VIN_6,VIN_7,VIN_8,VIN_9,VIN_10,VIN_11,VIN_12,TOW_VEH,VINTYPE,VINMAKE,VINA_MOD,VIN_BT,VINMODYR,VIN_LNGT,VIN_WGT,WGTCD_TR,WHLBS_LG,WHLBS_SH,SER_TR,FUELCODE,MCYCL_DS,CARBUR,CYLINDER,DISPLACE,MCYCL_CY,MCYCL_WT,TIRE_SZE,TON_RAT,TRK_WT,TRKWTVAR,VIN_REST,WHLDRWHL,J_KNIFE,MCARR_I1,MCARR_I2,MCARR_ID,GVWR,V_CONFIG,CARGO_BT,HAZ_INV,HAZ_PLAC,HAZ_ID,HAZ_CNO,HAZ_REL,BUS_USE,SPEC_USE,EMER_USE,TRAV_SP,UNDERIDE,ROLLOVER,ROLINLOC,IMPACT1,IMPACT2,DEFORMED,TOWED,M_HARM,VEH_SC1,VEH_SC2,FIRE_EXP,DR_PRES,L_STATE,DR_ZIP,L_STATUS,L_TYPE,CDL_STAT,L_ENDORS,L_COMPL,L_RESTRI,DR_HGT,DR_WGT,PREV_ACC,PREV_SUS,PREV_DWI,PREV_SPD,PREV_OTH,FIRST_MO,FIRST_YR,LAST_MO,LAST_YR,SPEEDREL,DR_SF1,DR_SF2,DR_SF3,DR_SF4,VTRAFWAY,VNUM_LAN,VSPD_LIM,VALIGN,VPROFILE,VPAVETYP,VSURCOND,VTRAFCON,VTCONT_F,P_CRASH1,P_CRASH2,P_CRASH3,PCRASH4,PCRASH5,ACC_TYPE,DEATHS,DR_DRINK
13,130678,3,3,1,1,9,6,53,12,6,1,0,93,3,84,881,84881,63,2005,2HSCDAHN45C0,2,H,S,C,D,A,H,N,4,5,C,0,0,T,INTL,92I,TR,5,17,,7,0,0,920,D,,,6,661,,,,,00000,00,,42,0,5,7590706,057590706,3,1,97,1,0,0,0,0,0,0,0,0,0,0,0,12,98,2,1,12,0,0,0,1,13,30032,6,1,6,0,3,0,71,260,98,0,0,0,0,0,0,0,0,0,0,0,0,0,1,2,35,1,1,2,1,20,3,5,66,1,1,1,98,0,0
13,130679,1,1,4,1,9,1,32,33,0,1,0,13,1,35,401,35401,14,2001,JN8DR09X11W5,J,N,8,D,R,0,9,X,1,1,W,5,0,P,NISS,PFI,UT,1,17,3737,,0,1063,,G,,F,6,213,,,16R245,,,,,,0,0,000000000,00000000000,0,0,0,1,0,0,0,0,0,0,0,998,0,0,0,14,98,2,3,33,0,0,0,1,13,30721,6,1,0,0,3,0,59,110,98,0,0,0,0,0,0,0,0,1,29,0,0,0,1,2,35,2,2,2,1,0,0,14,13,1,1,4,1,1,1
13,130680,1,1,5,2,9,18,12,24,0,1,0,13,1,12,423,12423,15,2005,1FMNU44L95EB,1,F,M,N,U,4,4,L,9,5,E,B,0,P,FORD,EXC,UT,5,17,6650,,0,1371,,G,,F,8,330,,,16R265,,,,,,0,0,000000000,00000000000,0,0,0,1,0,0,0,0,0,0,0,998,0,1,1,7,7,6,2,24,0,0,0,1,13,30135,6,1,0,0,3,0,73,278,98,0,0,0,0,0,0,0,0,0,80,29,0,0,3,2,70,1,1,8,1,0,0,1,1,1,4,4,2,1,0
13,130681,1,1,1,2,9,15,35,24,0,1,0,13,1,34,706,34706,80,2010,WB1051702AZV,W,B,1,0,5,1,7,0,2,A,Z,V,0,M,BMW,S10,RC,10,17,,,,,,,999,,4,,4,403,,,,,,,0,0,000000000,00000000000,0,0,0,1,0,0,0,0,0,0,0,998,0,0,0,1,1,4,3,1,0,0,0,1,13,30004,6,1,0,0,3,0,73,225,98,0,0,1,0,10,2008,10,2008,0,29,0,0,0,1,2,45,2,6,8,1,0,0,14,13,1,1,4,1,1,0
13,130682,1,1,1,3,9,1,48,33,0,1,0,47,2,47,31,47031,1,1996,YS3DF75N6T70,Y,S,3,D,F,7,5,N,6,T,7,0,0,P,SAA,9ET,CV,96,17,3160,,0,1024,,G,,T,4,121,,,16R205,,,,,,0,0,000000000,00000000000,0,0,0,1,0,0,0,0,0,0,0,998,0,1,1,1,98,6,2,1,0,0,0,1,13,30115,6,1,0,0,3,0,70,200,98,0,0,0,1,3,2009,3,2009,1,29,0,0,0,1,2,50,3,2,2,1,0,0,14,6,1,4,4,2,1,1
13,130683,1,2,1,3,9,14,10,12,6,1,0,13,1,12,17,12017,4,2004,1FAHP53U84A1,1,F,A,H,P,5,3,U,8,4,A,1,0,P,FORD,TSE,4D,4,17,3306,,0,1085,,G,,F,6,182,,,16R215,,,,,,0,0,000000000,00000000000,0,0,0,1,0,0,0,0,0,0,0,998,0,0,0,2,2,6,2,12,0,0,0,1,13,31776,6,1,0,0,3,0,62,150,98,0,0,0,0,0,0,0,0,0,38,0,0,0,1,2,55,1,5,8,1,20,3,1,17,1,1,1,87,0,0
13,130683,2,2,2,3,9,14,10,12,6,1,0,13,2,20,471,20471,30,2000,1GCCS1958YK2,1,G,C,C,S,1,9,5,8,Y,K,2,0,T,CHEV,S14,PC,0,17,,1,0,1229,S,F,,,4,133,,,,B,3185,03,,42,0,0,000000000,00000000000,0,0,0,1,0,0,0,0,0,0,0,998,0,0,0,12,12,6,2,12,0,0,0,1,13,31768,6,1,0,0,3,0,66,185,98,0,0,0,0,0,0,0,0,0,0,0,0,0,1,2,55,2,5,8,1,0,0,14,17,1,1,1,86,1,0
13,130684,1,1,3,3,9,22,7,34,0,1,1,13,2,39,34,39034,4,2003,SAJEA51D83XD,S,A,J,E,A,5,1,D,8,3,X,D,0,P,JAGU,XT2,4D,3,17,3516,,0,1067,,G,,F,6,152,,,16R205,,,,,,0,0,000000000,00000000000,0,0,0,1,0,0,0,0,0,0,0,998,0,1,5,12,12,6,2,17,0,0,0,1,13,30501,4,1,0,0,2,0,999,999,98,0,0,0,0,0,0,0,0,1,37,29,36,0,1,2,45,3,5,8,1,98,8,14,13,99,9,4,2,1,0
13,130685,1,1,1,4,9,4,0,42,0,1,0,13,2,7,24,7024,4,2008,2B3KA43G78H2,2,B,3,K,A,4,3,G,7,8,H,2,0,P,DODG,CHA,4D,8,17,3727,,0,1200,,G,,F,6,214,,,17R215,,,,,,0,0,000000000,00000000000,0,0,0,1,0,0,0,0,0,0,0,998,0,0,0,12,12,6,2,2,0,0,1,1,13,39827,0,0,0,0,0,0,999,999,98,0,0,0,0,0,0,0,0,1,29,0,0,0,1,2,45,3,1,8,2,98,8,14,13,7,3,4,2,1,1
13,130686,1,1,2,5,9,1,18,34,0,1,0,13,2,12,3,12003,2,2000,1FAFP4041YF1,1,F,A,F,P,4,0,4,1,Y,F,1,0,P,FORD,MUS,CP,0,17,3066,,0,1013,,G,,F,6,232,,,15R205,,,,,,0,0,000000000,00000000000,0,0,0,1,0,0,0,0,0,0,0,998,0,0,0,14,98,6,2,42,0,0,0,1,13,30224,6,1,0,0,3,3,72,190,98,0,0,0,0,0,0,0,0,1,29,87,0,0,1,2,45,3,1,2,2,0,0,14,6,1,4,4,2,1,0
13,130687,1,1,1,6,9,8,32,35,0,1,0,13,1,49,40,49040,4,1994,4T1SK12E4RU4,4,T,1,S,K,1,2,E,4,R,U,4,0,P,TOYT,CLE,4D,94,17,3086,,0,1031,,G,,F,4,132,,,14R195,,,,,,0,0,000000000,00000000000,0,0,0,1,0,0,0,0,0,0,0,998,0,0,0,12,98,6,2,19,0,0,0,1,13,30102,6,1,0,0,3,3,61,120,98,0,0,0,0,0,0,0,0,0,29,0,0,0,1,2,30,4,1,2,2,3,3,11,8,1,1,4,1,1,0
13,130688,1,1,2,6,9,13,35,34,0,1,0,13,2,12,481,12481,31,1993,1FTHX25M7PKA,1,F,T,H,X,2,5,M,7,P,K,A,0,T,FORD,F25,PC,93,17,,2,0,1550,COF,D,,,8,444,,,,C,00000,00,A,42,0,0,000000000,00000000000,0,0,0,1,0,0,0,0,0,0,0,998,0,1,5,12,12,6,2,42,0,0,0,1,13,30669,6,1,0,0,3,0,72,135,98,0,0,0,0,0,0,0,0,0,58,29,0,0,1,2,35,1,5,8,1,98,8,1,13,1,1,4,1,1,0
13,130689,1,1,1,6,9,9,44,59,0,1,0,13,2,20,471,20471,30,2000,1GCCS14W6YK1,1,G,C,C,S,1,4,W,6,Y,K,1,0,T,CHEV,S14,PK,0,17,,1,1179,1083,S,G,,,6,262,,,,B,3029,03,,42,0,0,000000000,00000000000,0,0,0,1,0,0,0,0,0,0,0,998,0,0,0,12,12,6,2,42,0,0,0,1,13,30542,6,1,0,0,3,0,66,152,98,0,0,0,0,0,0,0,0,0,29,0,0,0,3,2,70,1,6,8,2,0,0,1,13,1,1,4,1,1,1
13,130690,1,1,1,7,9,7,0,32,0,1,0,37,1,6,43,6043,1,2001,1C3EL55UX1N6,1,C,3,E,L,5,5,U,X,1,N,6,0,P,CHRY,SLI,CV,1,17,3433,,0,1060,,G,,F,6,167,,,16R205,,,,,,0,0,000000000,00000000000,0,0,0,1,0,0,0,0,0,0,0,998,0,0,0,12,12,6,2,32,0,0,0,1,37,28079,6,1,0,0,3,3,74,999,0,0,0,0,0,0,0,0,0,0,29,0,0,0,1,2,55,1,1,8,1,0,0,1,13,1,1,4,1,1,0
13,130691,1,2,1,7,9,2,12,12,1,1,0,17,3,82,881,82881,66,2005,1FUJA6CG75DU,1,F,U,J,A,6,C,G,7,5,D,U,1,T,FRHT,COL,TR,5,17,,8,0,0,CON,D,,,6,774,,,,,00000,00,,64,1,57,1972877,571972877,3,6,1,1,0,0,0,0,0,0,0,998,0,0,0,12,12,6,2,12,0,0,0,1,12,33033,6,1,6,0,3,0,69,999,0,0,0,0,2,11,2009,2,2010,0,26,0,0,0,3,3,70,1,1,8,1,0,0,1,51,1,1,1,24,1,0
13,130691,2,2,1,7,9,2,12,12,1,1,0,12,3,85,881,85881,66,2000,1XKDDR9XXYJ8,1,X,K,D,D,R,9,X,X,Y,J,8,1,T,KW,T80,TR,0,17,,8,2600,1600,CON,D,,,6,774,,,,,00000,00,,64,1,57,1565427,571565427,3,6,1,1,0,0,0,0,0,0,0,998,0,0,0,6,6,6,2,12,0,0,0,1,12,34668,6,1,6,0,3,0,68,999,0,0,0,1,0,10,2010,10,2010,0,99,99,99,99,3,3,70,1,1,8,1,0,0,1,53,1,1,1,25,0,0
13,130692,1,1,2,7,9,14,17,1,0,1,0,13,1,20,481,20481,31,1998,1GCEK19M7WE1,1,G,C,E,K,1,9,M,7,W,E,1,0,T,CHEV,GK1,PC,98,17,,2,1555,1415,GM4,G,,,8,305,,,,B,00000,00,,44,0,0,000000000,00000000000,0,0,0,1,0,0,0,0,0,0,0,998,0,2,2,0,10,6,2,1,0,0,0,1,13,31548,6,1,0,0,3,3,72,215,98,0,0,1,0,5,2009,5,2009,0,58,29,0,0,1,2,55,1,1,8,1,0,0,1,12,1,4,4,2,1,0
13,130693,1,1,1,7,9,4,30,8,0,1,0,12,1,18,3,18003,4,1999,1G4CW52KXX46,1,G,4,C,W,5,2,K,X,X,4,6,0,P,BUIC,PKA,4D,99,17,3778,,0,1138,,G,,F,6,231,,,16R225,,,,,,0,0,000000000,00000000000,0,0,0,1,0,0,0,0,0,0,0,998,0,0,0,12,12,6,2,8,0,0,0,1,12,32063,6,1,0,0,3,0,71,999,0,0,0,0,0,0,0,0,0,0,86,0,0,0,3,4,55,1,1,2,1,0,0,1,80,6,1,3,13,0,0
13,130694,1,1,1,7,9,6,28,52,0,1,0,13,1,55,401,55401,14,2005,KM8SC73E15U9,K,M,8,S,C,7,3,E,1,5,U,9,0,P,HYUN,SAN,UT,5,17,3752,,0,1031,,G,,F,6,213,,,16R225,,,,,,0,0,000000000,00000000000,0,0,0,1,0,0,0,0,0,0,0,998,0,0,0,12,12,6,2,50,0,0,0,1,13,30354,6,1,0,0,3,0,72,245,98,0,0,0,0,0,0,0,0,0,29,0,0,0,3,2,55,3,1,8,2,0,0,14,13,1,4,4,2,1,1
13,130695,1,3,1,7,9,6,44,12,6,1,0,13,5,2,404,2404,14,1991,1J4FJ88S0ML6,1,J,4,F,J,8,8,S,0,M,L,6,0,T,JEEP,SPT,4W,91,17,,1,0,1014,CHK,G,,,6,242,,,,,2909,01,A,44,0,0,000000000,00000000000,0,0,0,1,0,0,0,0,0,0,0,998,0,1,1,3,98,6,2,12,0,0,0,1,13,30291,6,1,0,0,3,0,70,225,98,0,0,0,0,0,0,0,0,1,37,39,28,0,2,3,35,1,1,2,1,3,3,1,17,1,1,3,87,1,0
13,130695,2,3,1,7,9,6,44,12,6,1,0,13,1,49,32,49032,4,2004,2T1BR32EX4C2,2,T,1,B,R,3,2,E,X,4,C,2,0,P,TOYT,UCS,4D,4,17,2502,,0,1024,,G,,F,4,109,,,15R185,,,,,,0,0,000000000,00000000000,0,0,0,1,0,0,0,0,0,0,0,998,0,0,0,12,98,4,3,12,0,0,0,1,13,30127,6,1,0,0,3,0,63,154,98,0,0,0,0,0,0,0,0,0,0,0,0,0,1,2,99,1,1,2,1,3,3,1,17,1,1,3,86,0,0
13,130695,3,3,1,7,9,6,44,12,6,1,0,13,1,54,402,54402,14,2007,5J8TB18527A0,5,J,8,T,B,1,8,5,2,7,A,0,0,P,ACUR,RDX,UT,7,17,3968,,0,1043,,G,,T,4,140,,,18R235,,,,,,0,0,000000000,00000000000,0,0,0,1,0,0,0,0,0,0,0,998,0,0,0,12,98,4,3,12,0,0,0,1,13,30305,6,1,0,0,3,0,67,128,98,0,0,0,0,0,0,0,0,0,0,0,0,0,2,3,35,1,1,2,1,3,3,1,62,1,1,3,98,0,0
13,130696,1,1,1,7,9,4,58,14,0,1,0,17,3,98,809,98809,66,2009,2FWJA3CV59AA,2,F,W,J,A,3,C,V,5,9,A,A,1,T,STRG,A90,TR,9,17,,8,0,0,STE,D,,,6,782,,,,,00000,00,,64,1,57,1387966,571387966,3,6,1,1,0,0,0,0,0,0,0,998,0,0,0,1,1,6,2,8,0,0,0,1,13,30058,6,1,6,0,3,0,71,225,98,0,0,0,0,0,0,0,0,0,27,28,0,0,2,4,65,1,1,2,2,0,0,15,13,7,1,4,1,0,0
13,130697,1,1,1,7,9,20,29,8,0,1,0,13,1,18,3,18003,4,1992,1G4CW53L4N16,1,G,4,C,W,5,3,L,4,N,1,6,0,P,BUIC,PKA,4D,92,17,3536,,0,1108,,G,,F,6,231,,,15R205,,,,,,0,0,000000000,00000000000,0,0,0,1,0,0,0,0,0,0,0,998,0,0,0,12,12,0,1,8,0,0,0,1,13,30125,6,1,0,0,3,0,67,130,98,0,0,0,0,0,0,0,0,0,86,0,0,0,1,2,99,1,1,2,1,0,0,1,80,6,1,3,13,0,0
13,130698,1,1,1,7,9,6,30,34,0,1,0,92,0,30,40,30040,4,2008,3VWRM71K58M0,3,V,W,R,M,7,1,K,5,8,M,0,0,P,VOLK,JSE,4D,8,17,3202,,0,1015,,G,,F,5,151,,,16R205,,,,,,0,0,000000000,00000000000,0,0,0,1,0,0,0,0,0,0,0,998,0,1,5,3,13,6,2,1,0,0,0,1,13,31079,6,1,0,0,3,0,64,140,98,0,0,0,0,0,0,0,0,1,58,29,0,0,1,2,55,1,1,8,1,0,0,1,13,6,4,4,2,1,0
13,130699,1,2,1,10,9,8,24,12,1,1,0,13,1,20,23,20023,6,2006,3GNDA23D16S5,3,G,N,D,A,2,3,D,1,6,S,5,0,P,CHEV,HHR,SV,6,17,3155,,0,1035,,G,,F,4,134,,,16R215,,,,,,0,0,000000000,00000000000,0,0,0,1,0,0,0,0,0,0,0,998,0,0,0,12,98,2,1,12,0,0,0,1,13,30052,6,1,0,0,3,0,70,220,98,0,0,1,1,8,2009,4,2010,0,26,0,0,0,1,2,35,1,1,2,1,3,3,1,50,1,1,1,20,0,0
13,130699,2,2,1,10,9,8,24,12,1,1,0,13,1,37,31,37031,2,2006,2HGFG11826H5,2,H,G,F,G,1,1,8,2,6,H,5,0,P,HOND,UAX,CP,6,17,2701,,0,1043,,G,,F,4,110,,,16R205,,,,,,0,0,000000000,00000000000,0,0,0,1,0,0,0,0,0,0,0,0,0,0,0,6,6,2,1,12,0,0,0,1,13,30096,6,1,0,0,3,0,63,110,98,0,0,0,0,0,0,0,0,0,0,0,0,0,1,2,35,1,1,2,1,3,3,5,53,1,1,1,21,1,0
13,130700,1,1,1,10,9,15,34,34,0,1,0,13,1,37,706,37706,80,1984,1HFSC1416EA0,1,H,F,S,C,1,4,1,6,E,A,0,0,M,HOND,G12,RS,84,17,,,,,,,1200,,4,,4,600,,,,,,,0,0,000000000,00000000000,0,0,0,1,0,0,0,0,0,0,0,998,0,0,0,12,98,4,3,1,0,0,0,1,13,30078,6,1,6,0,3,3,73,220,98,0,0,0,0,0,0,0,0,0,29,0,0,0,1,2,45,2,1,1,1,0,0,14,13,1,1,4,1,1,0
13,130701,1,1,1,13,9,23,30,8,0,1,0,13,2,20,401,20401,14,1998,1GNCS13W7W21,1,G,N,C,S,1,3,W,7,W,2,1,0,P,CHEV,BZR,UT,98,17,3685,,0,1070,,G,,F,6,262,,,15R235,,,,,,0,0,000000000,00000000000,0,0,0,1,0,0,0,0,0,0,0,998,0,0,0,12,12,4,3,8,0,0,0,1,13,30060,6,1,0,0,3,3,74,195,98,0,0,0,0,0,0,0,0,0,86,0,0,0,1,4,40,1,2,2,1,0,0,1,80,7,1,2,13,0,0
13,130702,1,2,1,13,9,23,0,12,6,1,0,13,2,63,32,63032,4,2007,KNADE1236762,K,N,A,D,E,1,2,3,6,7,6,2,0,P,KIA,RBL,4D,7,17,2365,,0,984,,G,,F,4,098,,,14R175,,,,,,0,0,000000000,00000000000,0,0,0,1,0,0,0,0,0,0,0,998,0,0,0,12,12,4,3,12,0,0,0,1,13,30319,0,0,0,0,0,0,999,999,98,1,0,0,0,6,2011,6,2011,0,38,0,0,0,2,2,45,1,2,2,1,0,0,1,17,1,1,1,83,1,0
13,130702,2,2,1,13,9,23,0,12,6,1,0,40,3,84,881,84881,63,2006,2HSCNAPR66C2,2,H,S,C,N,A,P,R,6,6,C,2,0,T,INTL,94I,TR,6,17,,8,0,0,940,D,,,6,915,,,,,00000,00,,64,0,57,661173,57661173,3,2,1,1,0,0,0,0,0,0,0,998,0,0,0,9,9,4,1,12,0,0,0,1,13,30134,6,1,6,0,3,0,72,220,98,0,0,1,1,5,2010,12,2010,0,0,0,0,0,2,2,45,2,2,2,1,0,0,11,15,1,1,1,82,0,0
13,130703,1,3,1,14,9,17,33,54,11,1,0,13,1,53,706,53706,80,2009,JS1GT78A2921,J,S,1,G,T,7,8,A,2,9,2,1,0,M,SUZI,XR1,RC,9,17,,,,,,,999,,4,,4,448,,,,,,,0,0,000000000,00000000000,0,0,0,1,0,0,0,0,0,0,0,998,0,0,0,18,98,6,2,12,0,0,0,1,13,30548,6,1,0,0,3,0,78,240,98,0,0,0,0,0,0,0,0,0,0,0,0,0,2,3,55,1,1,2,1,0,0,1,8,3,2,2,98,1,0
13,130703,2,3,1,14,9,17,33,54,11,1,0,93,3,51,881,51881,66,2012,4V4NC9EG8CN5,4,V,4,N,C,9,E,G,8,C,N,5,1,T,VOLV,VNL,TR,12,17,,8,0,0,VVN,D,,,6,793,,,,,00000,00,,64,1,57,0312057,570312057,3,6,98,1,0,0,0,0,0,0,0,998,0,0,0,14,98,2,1,12,0,0,0,1,13,30116,6,1,6,0,3,3,70,190,98,0,0,0,0,0,0,0,0,0,0,0,0,0,2,3,55,1,1,2,1,0,0,1,50,3,2,1,98,0,0
13,130703,3,3,1,14,9,17,33,54,11,1,0,99,9,99,999,99999,99,9999,999999999999,9,9,9,9,9,9,9,9,9,9,9,9,0,,,,,,,,,,,,,,,,,,,,,,,,,0,0,000000000,00000000000,0,0,0,1,0,0,0,0,0,0,0,998,0,0,0,18,98,9,1,54,0,0,0,1,99,99999,9,9,99,9,9,9,999,999,99,99,99,99,99,99,9999,99,9999,0,81,0,0,0,2,3,55,1,1,2,1,0,0,1,90,99,9,9,98,0,0
13,130704,1,2,2,15,9,16,47,12,2,1,0,13,1,55,36,55036,4,2004,KMHCG45C94U5,K,M,H,C,G,4,5,C,9,4,U,5,0,P,HYUN,AGL,4D,4,17,2290,,0,961,,G,,F,4,098,,,13R175,,,,,,0,0,000000000,00000000000,0,0,0,1,0,0,0,0,0,0,0,998,0,0,0,12,98,6,2,12,0,0,0,1,13,31206,6,1,0,0,3,0,71,244,98,1,0,2,0,12,2008,8,2010,0,28,0,0,0,1,2,55,2,1,2,1,0,0,14,10,1,1,2,50,1,0
13,130704,2,2,1,15,9,16,47,12,2,1,0,93,3,87,881,87881,66,2007,1XP5DB9X87D6,1,X,P,5,D,B,9,X,8,7,D,6,1,T,PTRB,379,TR,7,17,,8,0,0,CON,D,,,6,893,,,,,00000,00,,64,1,57,908846,57908846,3,6,1,1,0,0,0,0,0,0,0,998,0,0,0,12,12,6,2,12,0,0,0,1,13,31211,6,1,6,0,3,0,75,285,98,0,0,0,0,0,0,0,0,0,0,0,0,0,1,2,55,2,1,2,1,0,0,14,62,3,2,1,51,0,0
13,130705,1,1,2,16,9,0,45,8,0,1,0,19,1,23,401,23401,14,2004,1GKDT13SX422,1,G,K,D,T,1,3,S,X,4,2,2,0,T,GMC,ENV,4W,4,17,,1,0,1130,ENV,G,,,6,256,,,,B,4616,00,E,44,0,0,000000000,00000000000,0,0,0,1,0,0,0,0,0,0,0,998,0,0,0,11,98,4,3,8,0,0,0,1,19,52746,6,1,0,0,3,3,72,210,0,0,0,0,0,0,0,0,0,0,86,0,0,0,6,1,98,1,1,2,1,0,0,1,80,1,1,1,13,0,0
13,130706,1,1,1,18,9,21,7,33,0,1,0,13,2,72,706,72706,80,2000,1HD1BSY26YY0,1,H,D,1,B,S,Y,2,6,Y,Y,0,0,M,HD,XTD,RS,0,17,,,,,,,1450,,2,,4,644,,,,,,,0,0,000000000,00000000000,0,0,0,1,0,0,0,0,0,0,0,998,0,0,0,12,98,4,3,33,0,0,0,1,13,30038,0,0,0,0,0,0,71,210,98,7,2,0,3,9,2009,4,2010,0,29,0,0,0,2,2,45,1,1,2,1,0,0,1,13,1,1,4,1,1,1
13,130707,1,1,1,21,9,15,34,8,0,1,0,13,1,18,22,18022,4,2006,2G4WC5823611,2,G,4,W,C,5,8,2,3,6,1,1,0,P,BUIC,LCX,4D,6,17,3495,,0,1105,,G,,F,6,232,,,16R225,,,,,,0,0,000000000,00000000000,0,0,0,1,0,0,0,0,0,0,0,998,0,0,0,1,98,6,2,8,0,0,0,1,13,30328,6,1,0,0,3,3,61,154,98,0,0,0,0,0,0,0,0,0,86,0,0,0,1,4,45,4,2,1,1,0,0,14,80,1,1,1,13,0,0
13,130708,1,1,4,22,9,0,56,43,0,1,0,13,2,69,54,69054,3,2004,WMWRC33474TJ,W,M,W,R,C,3,3,4,7,4,T,J,0,P,MNNI,COO,2H,4,17,2524,,0,971,,G,,F,4,098,,,15R175,,,,,,0,0,000000000,00000000000,0,0,0,1,0,0,0,0,0,0,0,998,0,1,5,14,98,6,2,1,0,0,0,1,13,30043,6,1,0,0,3,3,70,165,98,0,0,0,0,0,0,0,0,1,79,0,0,0,1,2,35,1,2,2,2,65,3,1,6,1,1,1,12,2,0
13,130709,1,1,1,22,9,0,6,59,0,1,0,13,1,20,2,20002,4,2002,2G1WH55K4292,2,G,1,W,H,5,5,K,4,2,9,2,0,P,CHEV,IPL,4D,2,17,3466,,0,1105,,G,,F,6,231,,,16R225,,,,,,0,0,000000000,00000000000,0,0,0,1,0,0,0,0,0,0,0,998,0,0,0,12,98,6,2,42,0,0,1,1,13,30004,6,1,0,0,3,0,70,140,98,2,0,1,0,5,2009,8,2009,0,39,87,29,0,1,2,45,1,1,2,2,4,3,1,13,1,1,4,1,1,0
13,130710,1,2,1,23,9,19,6,12,6,1,0,13,2,23,401,23401,14,2005,1GKES63M3523,1,G,K,E,S,6,3,M,3,5,2,3,0,T,GMC,E/D,4W,5,17,,2,0,1130,E/D,G,,,8,323,,,,B,4417,00,4,42,0,0,000000000,00000000000,0,0,0,1,0,0,0,0,0,0,0,998,0,0,0,1,98,4,3,12,0,0,0,1,13,30518,6,1,0,0,3,0,72,165,98,1,0,0,1,7,2010,7,2010,0,38,0,0,0,1,2,40,1,2,2,1,3,3,11,15,1,1,2,68,0,0
13,130710,2,2,2,23,9,19,6,12,6,1,0,13,1,34,709,34709,80,2009,WB10509079ZV,W,B,1,0,5,0,9,0,7,9,Z,V,0,M,BMW,K3S,RC,9,17,,,,,,,1293,,4,,4,503,,,,,,,0,0,000000000,00000000000,0,0,0,1,0,0,0,0,0,0,0,998,0,0,0,12,98,6,2,12,0,0,0,1,13,30041,6,1,0,0,3,0,71,163,98,0,0,0,1,11,2009,11,2009,0,0,0,0,0,1,2,40,1,2,2,1,3,3,1,17,1,1,1,69,1,0
13,130711,1,2,1,23,9,17,27,12,6,1,0,13,1,49,403,49403,14,2007,JTEDD21A9701,J,T,E,D,D,2,1,A,9,7,0,1,0,P,TOYT,HIG,UT,7,17,3571,,0,1069,,G,,F,4,144,,,16R225,,,,,,0,0,000000000,00000000000,0,0,0,1,0,0,0,0,0,0,0,998,0,0,0,62,98,6,2,12,0,0,0,1,13,30240,6,1,0,0,3,0,74,195,98,0,0,0,0,0,0,0,0,0,38,0,0,0,2,2,55,1,1,2,1,20,3,1,17,1,1,1,89,0,0
13,130711,2,2,1,23,9,17,27,12,6,1,0,36,1,73,706,73706,80,2006,JKAZXCD166A0,J,K,A,Z,X,C,D,1,6,6,A,0,0,M,KAWK,Z10,RC,6,17,,,,,,,998,,4,,4,386,,,,,,,0,0,000000000,00000000000,0,0,0,1,0,0,0,0,0,0,0,998,0,0,0,12,98,6,2,12,0,0,0,1,36,11763,6,1,0,0,3,0,71,999,0,0,0,0,0,0,0,0,0,0,0,0,0,0,2,2,55,1,2,2,1,0,0,1,66,1,1,1,88,1,0
13,130712,1,1,1,25,9,11,8,35,0,1,0,13,1,63,32,63032,4,2001,KNADC1233160,K,N,A,D,C,1,2,3,3,1,6,0,0,P,KIA,RIO,4D,1,17,2242,,0,949,,G,,F,4,091,,,13R175,,,,,,0,0,000000000,00000000000,0,0,0,1,0,0,0,0,0,0,0,998,0,1,5,12,98,4,3,1,32,0,0,1,13,31052,6,1,0,0,3,3,61,160,98,0,0,0,0,0,0,0,0,0,29,0,0,0,1,2,45,1,2,2,1,0,0,1,13,1,1,4,6,1,0
13,130713,1,1,1,25,9,2,22,8,0,1,1,99,9,99,999,99999,99,9999,999999999999,9,9,9,9,9,9,9,9,9,9,9,9,0,,,,,,,,,,,,,,,,,,,,,,,,,0,0,000000000,00000000000,0,0,0,1,0,0,0,0,0,0,0,998,0,0,0,99,99,9,1,8,0,0,0,1,99,99999,9,9,99,9,9,9,999,999,99,99,99,99,99,99,9999,99,9999,9,86,0,0,0,3,9,55,2,1,2,1,0,0,14,13,6,1,4,13,0,0
13,130714,1,2,1,27,9,1,40,12,1,1,0,13,1,58,39,58039,6,2005,JNRAS08U25X1,J,N,R,A,S,0,8,U,2,5,X,1,0,P,INFI,IFX,UT,5,17,3957,,0,1122,,G,,F,6,213,,,18R265,,,,,,0,0,000000000,00000000000,0,0,0,1,0,0,0,0,0,0,0,998,0,0,0,12,98,6,2,12,0,0,1,1,13,30628,6,1,0,0,3,3,65,170,98,0,0,1,0,6,2010,6,2010,0,26,0,0,0,1,4,45,1,1,2,1,0,0,1,50,1,1,1,20,1,0
13,130714,2,2,1,27,9,1,40,12,1,1,0,95,9,82,884,82884,66,2006,1FUJAPCK26DW,1,F,U,J,A,P,C,K,2,6,D,W,1,T,FRHT,FL3,TR,6,17,,8,0,0,CON,D,,,6,855,,,,,00000,00,,64,1,57,2132039,572132039,3,6,1,1,0,0,0,0,0,0,0,0,0,0,0,6,6,2,3,12,0,0,0,1,95,0,9,9,99,9,9,9,999,999,99,99,99,99,99,99,9999,99,9999,0,0,0,0,0,1,4,45,1,1,2,1,0,0,4,53,1,1,1,22,0,0