STATE,ST_CASE,VEH_NO,VE_FORMS,NUMOCCS,DAY,MONTH,HOUR,MINUTE,HARM_EV,MAN_COLL,UNITTYPE,HIT_RUN,REG_STAT,OWNER,MAKE,MODEL,MAK_MOD,BODY_TYP,MOD_YEAR,VIN,VIN_1,VIN_2,VIN_3,VIN_4,VIN_5,VIN_6,VIN_7,VIN_8,VIN_9,VIN_10,VIN_11,VIN_12,TOW_VEH,VINTYPE,VINMAKE,VINA_MOD,VIN_BT,VINMODYR,VIN_LNGT,VIN_WGT,WGTCD_TR,WHLBS_LG,WHLBS_SH,SER_TR,FUELCODE,MCYCL_DS,CARBUR,CYLINDER,DISPLACE,MCYCL_CY,MCYCL_WT,TIRE_SZE,TON_RAT,TRK_WT,TRKWTVAR,VIN_REST,WHLDRWHL,J_KNIFE,MCARR_I1,MCARR_I2,MCARR_ID,GVWR,V_CONFIG,CARGO_BT,HAZ_INV,HAZ_PLAC,HAZ_ID,HAZ_CNO,HAZ_REL,BUS_USE,SPEC_USE,EMER_USE,TRAV_SP,UNDERIDE,ROLLOVER,ROLINLOC,IMPACT1,IMPACT2,DEFORMED,TOWED,M_HARM,VEH_SC1,VEH_SC2,FIRE_EXP,DR_PRES,L_STATE,DR_ZIP,L_STATUS,L_TYPE,CDL_STAT,L_ENDORS,L_COMPL,L_RESTRI,DR_HGT,DR_WGT,PREV_ACC,PREV_SUS,PREV_DWI,PREV_SPD,PREV_OTH,FIRST_MO,FIRST_YR,LAST_MO,LAST_YR,SPEEDREL,DR_SF1,DR_SF2,DR_SF3,DR_SF4,VTRAFWAY,VNUM_LAN,VSPD_LIM,VALIGN,VPROFILE,VPAVETYP,VSURCOND,VTRAFCON,VTCONT_F,P_CRASH1,P_CRASH2,P_CRASH3,PCRASH4,PCRASH5,ACC_TYPE,DEATHS,DR_DRINK
13,130750,2,2,3,22,9,19,25,12,2,1,0,13,1,12,22,12022,6,2006,2FMDA51656BA,2,F,M,D,A,5,1,6,5,6,B,A,0,P,FORD,FRE,SV,6,17,4275,,0,1208,,G,,F,6,238,,,16R225,,,,,,0,0,000000000,00000000000,0,0,0,1,0,0,0,0,0,0,0,998,0,0,0,12,12,6,2,12,0,0,0,1,13,30134,6,1,0,0,3,3,72,200,98,0,0,0,0,0,0,0,0,0,0,0,0,0,1,2,55,1,5,2,2,0,0,1,62,1,1,1,51,1,0
13,130751,1,1,1,23,9,17,54,30,0,1,0,13,1,20,37,20037,4,2010,1G1ZE5EB6AF1,1,G,1,Z,E,5,E,B,6,A,F,1,0,P,CHEV,M/Z,4D,10,17,3649,,0,1123,,G,,F,4,146,,,17R215,,,,,,0,0,000000000,00000000000,0,0,0,1,0,0,0,0,0,0,0,998,0,0,0,12,12,4,3,30,0,0,0,1,13,30101,6,1,0,0,3,3,61,164,98,0,0,0,0,0,0,0,0,0,0,0,0,0,1,2,35,1,1,2,1,3,3,1,14,1,1,4,14,1,0
13,130752,1,2,1,23,9,11,44,12,6,1,0,13,1,22,20,22020,2,1999,1G2WP12K9XF3,1,G,2,W,P,1,2,K,9,X,F,3,0,P,PONT,GPG,CP,99,17,3396,,0,1105,,G,,F,6,231,,,16R225,,,,,,0,0,000000000,00000000000,0,0,0,1,0,0,0,0,0,0,0,998,0,0,0,10,10,6,2,12,0,0,0,1,13,30052,6,1,0,0,3,3,69,170,98,0,0,0,0,0,0,0,0,0,38,0,0,0,1,2,55,1,5,2,1,20,3,11,15,1,1,1,68,1,0
13,130752,2,2,1,23,9,11,44,12,6,1,0,13,3,38,882,38882,61,2008,JALB4W165874,J,A,L,B,4,W,1,6,5,8,7,4,0,T,ISU,NPR,CB,8,17,,3,1760,1090,NPR,D,,,4,317,,,,,00000,00,,42,0,88,888888888,88888888888,2,1,1,1,0,0,0,0,0,0,0,998,0,0,0,12,12,6,2,12,0,0,0,1,13,30627,6,1,0,0,3,0,76,175,98,0,0,0,1,6,2010,6,2010,0,0,0,0,0,3,3,45,1,1,2,1,28,3,1,67,1,1,1,69,0,0
13,130753,1,1,1,24,9,4,0,8,0,1,1,99,9,99,999,99999,99,9999,999999999999,9,9,9,9,9,9,9,9,9,9,9,9,9,,,,,,,,,,,,,,,,,,,,,,,,,0,99,999999999,99999999999,9,99,99,1,0,0,0,0,99,99,9,999,0,0,0,12,12,9,9,8,0,0,0,1,99,99999,9,9,99,9,9,9,999,999,99,99,99,99,99,99,9999,99,9999,9,99,99,99,99,1,2,55,2,5,2,1,28,3,14,80,99,1,1,13,0,0
13,130754,1,2,1,24,9,18,11,12,6,1,0,13,1,20,481,20481,31,2000,1GCHK33J6YF4,1,G,C,H,K,3,3,J,6,Y,F,4,0,T,CHEV,GK3,CW,0,17,,2,1685,1545,GM4,G,,,8,454,,,,D,6000,00,,44,0,0,000000000,00000000000,0,0,0,1,0,0,0,0,0,0,0,998,0,0,0,1,1,6,2,12,0,0,0,1,13,30506,6,1,0,0,3,0,67,185,98,0,0,1,0,7,2010,7,2010,0,38,0,0,0,1,2,55,1,1,2,1,0,0,11,15,1,1,1,68,0,1
13,130754,2,2,2,24,9,18,11,12,6,1,0,13,1,72,706,72706,80,1997,1HD1BML10VY0,1,H,D,1,B,M,L,1,0,V,Y,0,0,M,HD,FLF,RS,97,17,,,,,,,1340,,2,,4,631,,,,,,,0,0,000000000,00000000000,0,0,0,1,0,0,0,0,0,0,0,998,0,0,0,12,12,6,2,12,0,0,0,1,13,30655,6,1,0,0,3,0,72,220,98,0,0,0,0,0,0,0,0,0,0,0,0,0,1,2,55,1,1,2,1,0,0,1,62,1,1,1,69,1,0
13,130755,1,2,1,25,9,22,0,12,7,1,0,13,2,12,481,12481,31,2009,1FTPW14V69KA,1,F,T,P,W,1,4,V,6,9,K,A,0,T,FORD,F1S,CW,9,17,,2,1570,1450,COF,F,,,8,329,,,,B,5546,01,L,44,0,0,000000000,00000000000,0,0,0,1,0,0,0,0,0,0,0,998,0,1,6,3,3,6,2,12,0,0,0,1,13,30439,6,2,0,0,3,3,72,120,98,0,0,0,0,0,0,0,0,0,28,0,0,0,1,2,55,1,1,2,2,0,0,1,99,99,9,2,48,1,0
13,130755,2,2,1,25,9,22,0,12,7,1,0,13,2,52,37,52037,2,2003,4A3AC44G53E0,4,A,3,A,C,4,4,G,5,3,E,0,0,P,MITS,EGS,2H,3,17,2944,,0,1008,,G,,F,4,146,,,16R205,,,,,,0,0,000000000,00000000000,0,0,0,1,0,0,0,0,0,0,0,998,0,1,6,8,3,6,2,12,0,0,0,1,13,30439,4,2,0,0,2,0,71,220,98,2,0,0,0,4,2011,8,2011,0,28,0,0,0,1,2,55,1,1,2,2,0,0,1,99,1,9,2,48,0,0
13,130756,1,1,1,28,9,13,40,35,0,1,0,13,1,49,472,49472,30,2001,5TENL42N91Z7,5,T,E,N,L,4,2,N,9,1,Z,7,0,T,TOYT,REG,PK,1,17,,1,0,1033,TAC,G,,,4,149,,,,B,2750,00,U,42,0,0,000000000,00000000000,0,0,0,1,0,0,0,0,0,0,0,998,0,0,0,14,12,6,2,42,0,0,0,1,13,31027,6,1,0,0,3,3,68,165,98,0,0,0,0,0,0,0,0,0,39,0,0,0,1,2,35,1,1,2,1,20,3,1,14,1,1,4,14,1,0
13,130757,1,2,2,28,9,8,5,12,6,1,0,13,2,6,51,6051,4,2006,2C3LA43R86H4,2,C,3,L,A,4,3,R,8,6,H,4,0,P,CHRY,C30,4D,6,17,3623,,0,1200,,G,,F,6,165,,,17R215,,,,,,0,0,000000000,00000000000,0,0,0,1,0,0,0,0,0,0,0,998,0,0,0,3,3,6,2,12,0,0,0,1,13,31329,6,1,0,0,3,0,64,140,98,0,0,0,0,0,0,0,0,0,38,0,0,0,2,2,45,1,6,2,1,3,3,11,15,1,1,1,68,1,0
13,130757,2,2,1,28,9,8,5,12,6,1,0,93,3,82,881,82881,66,1998,1FUYDZYB9WL7,1,F,U,Y,D,Z,Y,B,9,W,L,7,1,T,FRHT,FLD,TR,98,17,,8,0,0,CON,D,,,6,774,,,,,00000,00,,64,1,57,092690,57092690,3,6,1,1,0,0,0,0,0,0,0,998,0,0,0,12,12,6,2,12,0,0,0,1,13,30823,6,1,6,0,3,0,70,300,98,0,0,0,0,0,0,0,0,0,0,0,0,0,2,2,45,1,5,2,1,3,3,1,62,1,1,1,69,0,0
13,130758,1,1,1,29,9,21,12,42,0,1,0,13,1,35,47,35047,4,1999,1N4DL01D6XC1,1,N,4,D,L,0,1,D,6,X,C,1,0,P,NISS,AGS,4D,99,17,2762,,0,1031,,G,,F,4,146,,,15R195,,,,,,0,0,000000000,00000000000,0,0,0,1,0,0,0,0,0,0,0,998,0,0,0,12,12,6,2,42,0,0,0,1,13,31744,6,1,0,0,3,0,60,195,98,0,0,0,0,0,0,0,0,0,39,0,0,0,1,2,55,1,6,2,1,20,3,1,14,1,1,4,14,1,0
13,130759,1,1,1,30,9,5,47,53,0,1,0,92,0,2,404,2404,14,1995,1J4GZ58Y4SC6,1,J,4,G,Z,5,8,Y,4,S,C,6,0,T,JEEP,LRO,4W,95,17,,1,0,1059,GCK,G,,,8,318,,,,,3552,00,M,44,0,0,000000000,00000000000,0,0,0,1,0,0,0,0,0,0,0,998,0,0,0,12,10,6,2,42,0,0,0,1,13,30736,6,1,0,0,3,0,69,195,98,0,0,0,0,0,0,0,0,0,28,0,0,0,1,2,25,1,5,2,1,28,3,1,14,1,1,4,14,1,1
13,130760,1,1,1,30,9,5,53,34,0,1,0,13,3,20,481,20481,31,2006,1GCHC29U36E2,1,G,C,H,C,2,9,U,3,6,E,2,0,T,CHEV,2CH,4C,6,17,,2,1575,1435,SIL,G,,,8,366,,,,C,5398,02,,42,0,0,000000000,00000000000,0,0,0,1,0,0,0,0,0,0,0,998,0,1,1,12,12,6,2,1,0,0,0,1,13,30252,6,1,0,0,3,0,72,210,98,1,0,1,1,4,2009,5,2010,0,28,0,0,0,1,2,55,1,2,2,1,0,0,1,13,1,1,4,1,1,0
13,130761,1,2,1,30,9,20,6,12,2,1,0,13,2,12,422,12422,15,2000,1FMRU15L6YLB,1,F,M,R,U,1,5,L,6,Y,L,B,0,P,FORD,EPT,UT,0,17,4886,,0,1191,,G,,F,8,330,,,16R255,,,,,,0,0,000000000,00000000000,0,0,0,1,0,0,0,0,0,0,0,998,0,0,0,12,12,6,2,12,0,0,0,1,13,30252,6,1,6,0,3,0,68,245,98,0,0,0,0,0,0,0,0,0,0,0,0,0,1,2,45,1,1,2,1,0,0,1,10,1,1,2,50,1,1
13,130761,2,2,1,30,9,20,6,12,2,1,0,13,2,35,47,35047,4,2005,1N4AL11D15C3,1,N,4,A,L,1,1,D,1,5,C,3,0,P,NISS,ASL,4D,5,17,2915,,0,1102,,G,,F,4,153,,,16R215,,,,,,0,0,000000000,00000000000,0,0,0,1,0,0,0,0,0,0,0,998,0,1,1,12,12,6,2,12,0,0,0,1,13,30252,6,1,0,0,3,0,65,145,98,1,0,2,0,11,2008,6,2010,0,0,0,0,0,1,2,45,1,1,2,1,0,0,1,62,1,1,1,51,0,0
13,130762,1,1,3,30,9,22,36,42,0,1,0,13,1,2,404,2404,14,1993,1J4FT68S8PL6,1,J,4,F,T,6,8,S,8,P,L,6,0,T,JEEP,SPT,4W,93,17,,1,0,1014,CHK,G,,,6,242,,,,,2985,01,A,42,0,0,000000000,00000000000,0,0,0,1,0,0,0,0,0,0,0,998,0,0,0,12,12,6,2,42,0,0,0,1,13,30601,0,0,0,0,0,0,66,170,98,0,0,0,0,0,0,0,0,0,0,0,0,0,1,2,55,3,1,2,1,28,3,14,13,1,1,4,1,1,0
13,130763,1,2,1,2,6,14,20,12,6,1,0,13,1,49,32,49032,4,2001,1NXBR12E61Z5,1,N,X,B,R,1,2,E,6,1,Z,5,0,P,TOYT,UCS,4D,1,17,2410,,0,970,,G,,F,4,109,,,14R175,,,,,,0,0,000000000,00000000000,0,0,0,1,0,0,0,0,0,0,0,998,0,0,0,4,4,6,2,12,0,0,0,1,13,30144,6,1,0,0,3,3,61,171,98,0,0,0,0,0,0,0,0,0,0,0,0,0,1,2,45,2,1,2,1,0,0,14,13,6,1,6,66,1,0
13,130763,2,2,2,2,6,14,20,12,6,1,0,13,1,35,472,35472,30,2002,1N6ED29X32C3,1,N,6,E,D,2,9,X,3,2,C,3,0,T,NISS,XSC,CW,2,17,,1,0,1311,FRT,G,,,6,201,,,,B,3733,01,E,42,0,0,000000000,00000000000,0,0,0,1,0,0,0,0,0,0,0,998,0,0,0,12,12,6,2,12,0,0,0,1,13,30066,6,1,0,0,3,0,69,170,98,0,0,0,0,0,0,0,0,0,0,0,0,0,1,2,45,3,2,2,1,0,0,14,62,7,1,1,66,0,0
13,130764,1,3,1,6,9,12,50,12,6,1,0,13,1,87,881,87881,63,1987,1XPAL59X8HN2,1,X,P,A,L,5,9,X,8,H,N,2,0,T,PTRB,357,CC,87,17,,8,0,0,CON,D,,,6,611,,,,,00000,00,,64,0,57,1233899,571233899,3,2,4,1,0,0,0,0,0,0,0,998,0,0,0,12,12,6,2,12,0,0,0,1,13,30127,6,1,6,0,3,0,70,160,98,0,0,0,0,0,0,0,0,0,39,0,0,0,5,4,55,1,2,2,2,3,3,1,17,1,1,1,69,0,0
13,130764,2,3,1,6,9,12,50,12,6,1,0,13,1,63,37,63037,6,2011,KNDJT2A21B72,K,N,D,J,T,2,A,2,1,B,7,2,0,P,KIA,SOU,UT,11,17,2800,,0,1004,,G,,F,4,122,,,16R205,,,,,,0,0,000000000,00000000000,0,0,0,1,0,0,0,0,0,0,0,998,0,0,0,9,9,6,2,12,0,0,0,1,13,30132,6,1,0,0,3,0,66,125,98,0,0,0,0,0,0,0,0,0,0,0,0,0,1,2,30,1,1,2,2,3,3,11,66,1,1,1,68,1,0
13,130764,3,3,1,6,9,12,50,12,6,1,0,13,1,35,43,35043,4,2006,3N1CB51D76L5,3,N,1,C,B,5,1,D,7,6,L,5,0,P,NISS,S18,4D,6,17,2509,,0,998,,G,,F,4,108,,,15R195,,,,,,0,0,000000000,00000000000,0,0,0,1,0,0,0,0,0,0,0,998,0,0,0,62,62,6,2,12,0,0,0,1,13,30064,6,1,0,0,3,3,70,185,98,0,0,0,0,0,0,0,0,0,0,0,0,0,1,2,55,1,2,2,2,3,3,1,63,1,1,1,98,0,0
13,130765,1,1,1,5,9,22,15,30,0,1,0,13,2,22,20,22020,4,2002,1G2WK52J72F2,1,G,2,W,K,5,2,J,7,2,F,2,0,P,PONT,GFS,4D,2,17,3384,,0,1105,,G,,F,6,191,,,15R205,,,,,,0,0,000000000,00000000000,0,0,0,1,0,0,0,0,0,0,0,998,0,0,0,2,3,6,2,30,0,0,0,1,13,30314,0,0,0,0,0,0,69,135,98,1,0,0,0,3,2011,3,2011,1,87,0,0,0,1,2,35,1,1,2,2,40,3,1,6,1,1,4,1,1,0
13,130766,1,1,1,2,9,0,22,24,0,1,0,39,3,84,884,84884,66,2007,2HSCNSBR47C3,2,H,S,C,N,S,B,R,4,7,C,3,1,T,INTL,94I,TR,7,17,,8,0,0,940,D,,,6,763,,,,,00000,00,,64,3,57,92321,5792321,3,6,3,1,0,0,0,0,0,0,0,998,0,1,6,1,1,6,2,1,0,0,0,1,13,39817,6,1,6,0,3,0,69,210,98,0,0,0,0,0,0,0,0,0,0,0,0,0,3,2,55,1,1,1,1,0,0,1,13,1,1,4,1,1,0
13,130767,1,2,1,31,8,15,19,12,1,1,0,93,3,82,881,82881,66,2002,1FUJBBBD42LK,1,F,U,J,B,B,B,D,4,2,L,K,1,T,FRHT,ST2,TR,2,17,,8,0,0,CON,D,,,6,855,,,,,00000,00,,64,1,57,2069424,572069424,3,6,1,1,0,0,0,0,0,0,0,998,0,1,1,6,6,6,2,12,0,0,0,1,1,36869,6,1,6,0,3,0,72,215,0,2,0,1,0,6,2009,8,2009,0,38,0,0,0,3,2,70,1,1,8,1,98,8,8,53,1,1,1,25,0,0
13,130767,2,2,1,31,8,15,19,12,1,1,0,93,3,51,881,51881,66,2003,4V4NC9TH83N3,4,V,4,N,C,9,T,H,8,3,N,3,1,T,VOLV,VNL,TR,3,17,,8,0,0,VVN,D,,,6,915,,,,,00000,00,,64,1,57,0044521,570044521,3,6,1,1,0,0,0,0,0,0,0,998,0,0,0,12,12,6,2,2,0,0,1,1,13,30088,6,1,6,0,3,0,71,250,98,0,0,1,2,3,2009,6,2011,0,0,0,0,0,3,2,70,1,1,8,1,98,8,1,64,99,1,1,24,1,0
13,130768,1,2,1,2,9,23,20,12,6,1,0,13,1,12,401,12401,14,2001,1FMZU72E81ZA,1,F,M,Z,U,7,2,E,8,1,Z,A,0,P,FORD,EPR,UT,1,17,4045,,0,1116,,G,,F,6,245,,,15R235,,,,,,0,0,000000000,00000000000,0,0,0,1,0,0,0,0,0,0,0,998,0,0,0,9,9,6,2,2,0,0,1,1,13,30830,6,1,0,0,3,0,64,300,98,0,0,0,0,0,0,0,0,0,38,0,0,0,1,2,45,1,1,2,1,20,3,11,15,1,1,1,68,1,0
13,130768,2,2,1,2,9,23,20,12,6,1,0,17,3,82,884,82884,66,2007,1FUJBBCK97LY,1,F,U,J,B,B,C,K,9,7,L,Y,1,T,FRHT,ST2,TR,7,17,,8,0,0,CON,D,,,6,855,,,,,00000,00,,64,1,57,1811928,571811928,3,6,1,1,0,0,0,0,0,0,0,998,0,0,0,12,12,6,2,12,0,0,0,1,12,32714,6,1,6,0,3,3,68,999,0,1,0,0,2,2,2009,10,2010,0,0,0,0,0,1,2,55,1,1,2,1,0,0,1,67,1,1,1,69,0,0
13,130769,1,2,4,1,10,12,58,12,6,1,0,13,2,35,39,35039,4,2006,1N4BA41E46C8,1,N,4,B,A,4,1,E,4,6,C,8,0,P,NISS,MEL,4D,6,17,3359,,0,1112,,G,,F,6,214,,,000000,,,,,,0,0,000000000,00000000000,0,0,0,1,0,0,0,0,0,0,0,998,0,0,0,3,3,6,2,12,0,0,0,1,13,30180,6,1,0,0,3,0,67,140,98,0,0,0,0,0,0,0,0,0,38,0,0,0,1,2,55,1,5,2,1,0,0,11,15,1,1,1,68,0,1
13,130769,2,2,1,1,10,12,58,12,6,1,0,13,1,73,709,73709,89,2008,JKAZX4P188A0,J,K,A,Z,X,4,P,1,8,8,A,0,0,M,KAWK,ZXP,RC,8,17,,,,,,,599,,4,,4,368,,,,,,,0,0,000000000,00000000000,0,0,0,1,0,0,0,0,0,0,0,998,0,0,0,12,12,6,2,12,0,0,0,1,13,30117,6,1,0,0,3,1,74,155,98,0,0,0,1,11,2008,11,2008,0,0,0,0,0,1,2,55,1,5,2,1,0,0,1,67,1,1,1,69,1,0
13,130770,1,1,1,1,10,3,22,1,0,1,0,31,3,84,881,84881,66,2011,3HSDJSJR6BN3,3,H,S,D,J,S,J,R,6,B,N,3,1,T,INTL,PRO,TR,11,17,,8,0,0,PRO,D,,,6,793,,,,,00000,00,,64,1,57,0073705,570073705,3,6,1,1,0,0,0,0,0,0,0,998,0,2,1,0,0,4,3,1,0,0,0,1,31,68512,6,1,6,0,3,3,75,285,0,0,0,2,0,4,2010,4,2010,0,0,0,0,0,6,1,55,3,2,2,1,0,0,14,98,1,1,1,98,1,0
13,130771,1,2,1,30,4,14,34,12,6,1,0,13,1,55,33,55033,4,2000,KMHWF25S8YA1,K,M,H,W,F,2,5,S,8,Y,A,1,0,P,HYUN,SOL,4D,0,17,3070,,0,1063,,G,,F,4,143,,,15R205,,,,,,0,0,000000000,00000000000,0,0,0,1,0,0,0,0,0,0,0,998,0,0,0,3,3,4,3,12,32,0,0,1,13,30281,6,1,0,0,3,0,62,108,98,0,0,0,0,0,0,0,0,0,38,0,0,0,1,4,35,1,1,2,1,0,0,11,15,1,1,2,68,0,0
13,130771,2,2,1,30,4,14,34,12,6,1,0,13,1,76,705,76705,80,1992,JYA4DUE07NA0,J,Y,A,4,D,U,E,0,7,N,A,0,0,M,YAMA,J60,RS,92,17,,,,,,,599,,4,,4,400,,,,,,,0,0,000000000,00000000000,0,0,0,1,0,0,0,0,0,0,0,998,0,0,0,12,12,6,2,12,0,0,0,1,13,30281,6,1,6,0,3,0,68,208,98,0,0,0,1,3,2009,3,2009,0,0,0,0,0,1,4,35,1,1,2,1,0,0,1,62,3,2,1,69,1,0
13,130772,1,1,1,3,5,22,41,34,0,1,0,13,2,20,23,20023,6,2007,3GNDA33P37S5,3,G,N,D,A,3,3,P,3,7,S,5,0,P,CHEV,HHR,UT,7,17,3155,,0,1035,,G,,F,4,146,,,17R215,,,,,,0,0,000000000,00000000000,0,0,0,1,0,0,0,0,0,0,0,998,0,1,5,12,98,6,2,34,0,0,0,1,13,31008,6,1,0,0,3,3,68,200,98,0,0,0,0,0,0,0,0,0,29,0,0,0,2,2,45,2,2,2,1,0,0,14,13,1,1,4,1,1,0
13,130773,1,2,1,20,5,4,15,12,1,1,0,13,2,89,881,89881,66,1992,4V1WDBJF7NN6,4,V,1,W,D,B,J,F,7,N,N,6,1,T,WHGM,WIA,TR,92,17,,8,0,0,ARO,D,,,6,855,,,,,00000,00,,64,1,57,1082277,571082277,3,6,10,1,0,0,0,0,0,0,0,998,0,0,0,6,6,0,1,12,0,0,0,1,13,31750,6,1,6,0,3,3,70,135,98,0,0,0,2,9,2009,12,2010,0,0,0,0,0,1,3,55,1,1,8,1,20,3,4,53,1,1,1,25,0,0
13,130773,2,2,1,20,5,4,15,12,1,1,0,93,3,84,881,84881,66,2005,3HSCNAPR15N0,3,H,S,C,N,A,P,R,1,5,N,0,1,T,INTL,94I,TR,5,17,,8,0,0,940,D,,,6,915,,,,,00000,00,,64,1,57,1711194,571711194,3,6,1,1,0,0,0,0,0,0,0,998,0,0,0,12,12,6,2,12,0,0,0,1,29,63740,6,1,6,0,3,3,69,318,0,0,0,0,0,0,0,0,0,0,26,0,0,0,1,3,55,1,1,8,1,0,0,1,51,4,2,1,24,1,0
13,130774,1,1,1,2,6,0,21,8,0,1,0,13,2,35,47,35047,4,2006,1N4AL11D86C1,1,N,4,A,L,1,1,D,8,6,C,1,0,P,NISS,ASL,4D,6,17,2915,,0,1102,,G,,F,4,153,,,16R215,,,,,,0,0,000000000,00000000000,0,0,0,1,0,0,0,0,0,0,0,998,0,0,0,12,12,2,3,8,0,0,0,1,13,31904,6,1,0,0,3,0,67,200,98,0,0,0,0,0,0,0,0,0,86,0,0,0,1,4,35,1,1,1,1,3,3,1,80,1,1,1,13,0,0
13,130775,1,1,1,7,6,0,15,34,0,1,0,13,1,20,403,20403,14,2004,1GNDS13S7421,1,G,N,D,S,1,3,S,7,4,2,1,0,P,CHEV,TRL,UT,4,17,4425,,0,1130,,G,,F,6,256,,,16R245,,,,,,0,0,000000000,00000000000,0,0,0,1,0,0,0,0,0,0,0,998,0,0,0,12,12,6,2,42,0,0,0,1,13,31516,6,1,0,0,3,0,67,160,98,0,0,0,0,0,0,0,0,0,29,0,0,0,1,2,55,1,5,8,1,0,0,1,12,1,2,4,7,1,1
13,130776,1,1,1,23,6,2,54,30,0,1,0,13,2,37,31,37031,4,2008,1HGFA16508L1,1,H,G,F,A,1,6,5,0,8,L,1,0,P,HOND,UCL,4D,8,17,2751,,0,1063,,G,,F,4,110,,,16R205,,,,,,0,0,000000000,00000000000,0,0,0,1,0,0,0,0,0,0,0,998,0,0,0,9,9,6,2,30,0,0,0,1,37,27012,6,1,0,0,3,0,70,999,1,0,0,0,0,5,2009,5,2009,0,29,0,0,0,1,2,55,2,1,8,1,98,8,14,12,7,3,4,7,1,0
13,130777,1,2,2,3,7,9,2,34,0,1,0,13,1,35,402,35402,14,2003,5N1ED28T83C6,5,N,1,E,D,2,8,T,8,3,C,6,0,P,NISS,XTR,UT,3,17,3638,,0,1043,,G,,F,6,201,,,16R265,,,,,,0,0,000000000,00000000000,0,0,0,1,0,0,0,0,0,0,0,998,0,0,0,12,12,6,2,12,0,0,0,1,13,31622,6,1,0,0,3,0,62,130,98,0,0,0,0,0,0,0,0,0,0,0,0,0,2,2,55,1,1,8,1,0,0,1,64,99,9,9,98,0,0
13,130777,2,2,1,3,7,9,2,34,0,1,0,13,2,2,404,2404,14,1999,1J4G258S9XC6,1,J,4,G,2,5,8,S,9,X,C,6,0,T,JEEP,LRO,4W,99,17,,1,0,1059,GCK,G,,,6,242,,,,,3632,00,E,42,0,0,000000000,00000000000,0,0,0,1,0,0,0,0,0,0,0,998,0,1,6,12,14,6,2,32,0,0,0,1,13,31749,6,1,0,0,3,0,65,160,98,1,0,1,1,10,2008,5,2010,1,29,0,0,0,2,2,55,1,1,8,1,0,0,15,6,99,9,4,7,1,0
13,130778,1,2,2,30,7,11,51,12,6,1,0,13,2,23,481,23481,31,2008,1GKER23738J2,1,G,K,E,R,2,3,7,3,8,J,2,0,T,GMC,S1F,4W,8,17,,2,0,1189,ACA,G,,,6,220,,,,B,4722,00,W,42,0,0,000000000,00000000000,0,0,0,1,0,0,0,0,0,0,0,998,0,0,0,3,3,6,2,12,0,0,0,1,13,30286,6,1,0,0,3,3,71,200,98,0,0,0,0,0,0,0,0,0,38,0,0,0,2,2,45,1,1,2,1,0,0,11,15,1,1,2,68,1,0
13,130778,2,2,4,30,7,11,51,12,6,1,0,13,1,35,443,35443,20,2004,5N1BV28U54N3,5,N,1,B,V,2,8,U,5,4,N,3,0,P,NISS,QST,SV,4,17,3885,,0,1240,,G,,F,6,214,,,16R225,,,,,,0,0,000000000,00000000000,0,0,0,1,0,0,0,0,0,0,0,998,0,0,0,12,12,6,2,12,0,0,0,1,13,30253,6,1,0,0,3,3,63,130,98,0,0,0,0,0,0,0,0,0,0,0,0,0,2,2,45,1,1,2,1,0,0,1,17,7,1,2,69,0,0
13,130779,1,2,1,14,9,10,12,12,6,1,0,13,3,12,481,12481,31,2010,1FTMF1CW9AKC,1,F,T,M,F,1,C,W,9,A,K,C,0,T,FORD,F15,PK,10,17,,2,1450,1260,COF,G,,,8,281,,,,B,4823,00,L,42,0,0,000000000,00000000000,0,0,0,1,0,0,0,0,0,0,0,998,0,0,0,11,11,6,2,12,0,0,0,1,13,30039,6,1,0,0,3,0,68,160,98,0,0,0,0,0,0,0,0,0,39,0,0,0,1,2,45,1,2,2,1,20,3,1,17,1,1,1,89,0,0
13,130779,2,2,2,14,9,10,12,12,6,1,0,13,1,2,405,2405,14,2005,1J4GK48KX5W5,1,J,4,G,K,4,8,K,X,5,W,5,0,T,JEEP,SPR,4W,5,17,,1,0,1043,LIB,G,,,6,226,,,,,3538,00,E,42,0,0,000000000,00000000000,0,0,0,1,0,0,0,0,0,0,0,998,0,0,0,12,12,6,2,12,0,0,0,1,13,30680,6,1,0,0,3,0,61,165,98,0,0,0,1,9,2011,9,2011,0,0,0,0,0,1,2,55,1,2,2,1,0,0,1,66,1,1,1,88,1,0
13,130780,1,3,2,17,9,16,22,12,1,1,0,13,2,12,402,12402,14,2006,1FMYU02Z76KC,1,F,M,Y,U,0,2,Z,7,6,K,C,0,P,FORD,SPE,UT,6,17,3183,,0,1031,,G,,F,4,140,,,15R225,,,,,,0,0,000000000,00000000000,0,0,0,1,0,0,0,0,0,0,0,998,0,0,0,12,12,6,2,12,0,0,0,1,13,31765,6,1,0,0,3,0,67,160,98,0,0,0,0,0,0,0,0,0,26,0,0,0,1,4,55,1,1,2,1,0,0,1,50,1,1,1,20,0,0