STATE,ST_CASE,VEH_NO,VE_FORMS,NUMOCCS,DAY,MONTH,HOUR,MINUTE,HARM_EV,MAN_COLL,UNITTYPE,HIT_RUN,REG_STAT,OWNER,MAKE,MODEL,MAK_MOD,BODY_TYP,MOD_YEAR,VIN,VIN_1,VIN_2,VIN_3,VIN_4,VIN_5,VIN_6,VIN_7,VIN_8,VIN_9,VIN_10,VIN_11,VIN_12,TOW_VEH,VINTYPE,VINMAKE,VINA_MOD,VIN_BT,VINMODYR,VIN_LNGT,VIN_WGT,WGTCD_TR,WHLBS_LG,WHLBS_SH,SER_TR,FUELCODE,MCYCL_DS,CARBUR,CYLINDER,DISPLACE,MCYCL_CY,MCYCL_WT,TIRE_SZE,TON_RAT,TRK_WT,TRKWTVAR,VIN_REST,WHLDRWHL,J_KNIFE,MCARR_I1,MCARR_I2,MCARR_ID,GVWR,V_CONFIG,CARGO_BT,HAZ_INV,HAZ_PLAC,HAZ_ID,HAZ_CNO,HAZ_REL,BUS_USE,SPEC_USE,EMER_USE,TRAV_SP,UNDERIDE,ROLLOVER,ROLINLOC,IMPACT1,IMPACT2,DEFORMED,TOWED,M_HARM,VEH_SC1,VEH_SC2,FIRE_EXP,DR_PRES,L_STATE,DR_ZIP,L_STATUS,L_TYPE,CDL_STAT,L_ENDORS,L_COMPL,L_RESTRI,DR_HGT,DR_WGT,PREV_ACC,PREV_SUS,PREV_DWI,PREV_SPD,PREV_OTH,FIRST_MO,FIRST_YR,LAST_MO,LAST_YR,SPEEDREL,DR_SF1,DR_SF2,DR_SF3,DR_SF4,VTRAFWAY,VNUM_LAN,VSPD_LIM,VALIGN,VPROFILE,VPAVETYP,VSURCOND,VTRAFCON,VTCONT_F,P_CRASH1,P_CRASH2,P_CRASH3,PCRASH4,PCRASH5,ACC_TYPE,DEATHS,DR_DRINK
13,130809,1,1,1,11,10,8,49,8,0,1,0,92,0,12,401,12401,14,1995,1FMDU32X2SZB,1,F,M,D,U,3,2,X,2,S,Z,B,0,P,FORD,EPR,UT,95,17,3844,,0,1115,,G,,F,6,245,,,15R225,,,,,,0,0,000000000,00000000000,0,0,0,1,0,0,0,0,0,0,0,998,0,0,0,12,12,4,1,8,0,0,0,1,13,30165,6,1,0,0,3,0,77,250,98,0,0,0,1,10,2011,10,2011,0,29,0,0,0,1,4,40,2,1,2,2,0,0,14,13,1,1,4,13,0,0
13,130810,1,1,1,14,10,16,26,8,0,1,0,13,1,58,40,58040,6,2010,JN1AJ0HP3AM7,J,N,1,A,J,0,H,P,3,A,M,7,0,P,INFI,EX5,SW,10,17,3752,,0,1122,,G,,F,6,214,,,17R225,,,,,,0,0,000000000,00000000000,0,0,0,1,0,0,0,0,0,0,0,998,0,0,0,12,12,2,3,8,0,0,0,1,13,30068,6,1,0,0,3,0,64,160,98,0,0,0,0,0,0,0,0,0,86,0,0,0,1,4,40,1,2,2,1,0,0,1,80,1,1,3,13,0,0
13,130811,1,1,1,5,10,16,34,1,0,1,0,13,1,12,13,12013,2,1996,3FASP11J8TR1,3,F,A,S,P,1,1,J,8,T,R,1,0,P,FORD,LXE,2H,96,17,2356,,0,984,,G,,F,4,113,,,14R175,,,,,,0,0,000000000,00000000000,0,0,0,1,0,0,0,0,0,0,0,998,0,1,6,0,0,6,2,1,0,0,0,1,13,30555,6,1,0,0,3,0,70,195,98,0,0,0,0,0,0,0,0,0,0,0,0,0,1,2,45,3,6,2,1,0,0,14,13,1,1,4,1,1,1
13,130812,1,1,1,14,10,18,38,1,0,1,0,13,1,12,471,12471,30,2003,1FTYR15E93TA,1,F,T,Y,R,1,5,E,9,3,T,A,0,T,FORD,RNS,PC,3,17,,1,0,1259,RNG,G,,,6,245,,,,B,3760,02,U,44,0,0,000000000,00000000000,0,0,0,1,0,0,0,0,0,0,0,998,0,2,5,0,13,6,2,42,0,0,0,1,13,30656,6,1,6,0,3,0,73,213,98,0,0,0,0,0,0,0,0,0,36,58,29,0,1,2,50,1,1,8,1,0,0,1,12,7,3,4,2,1,1
13,130813,1,3,1,16,10,23,14,12,1,1,0,13,1,53,706,53706,80,2007,JS1GW71A3721,J,S,1,G,W,7,1,A,3,7,2,1,0,M,SUZI,GRZ,RC,7,17,,,,,,,1299,,4,,4,478,,,,,,,0,0,000000000,00000000000,0,0,0,1,0,0,0,0,0,0,0,998,0,0,0,12,98,6,2,12,0,0,0,1,13,30646,1,1,1,0,2,0,75,265,98,2,0,2,0,9,2009,7,2011,0,26,0,0,0,1,2,45,1,1,2,1,0,0,1,51,3,2,1,24,1,1
13,130813,2,3,1,16,10,23,14,12,1,1,0,13,2,53,706,53706,80,2001,JS1GW71A2121,J,S,1,G,W,7,1,A,2,1,2,1,0,M,SUZI,GXR,RC,1,17,,,,,,,1299,,4,,4,474,,,,,,,0,0,000000000,00000000000,0,0,0,1,0,0,0,0,0,0,0,998,0,0,0,6,6,2,3,12,0,0,0,1,13,30646,6,1,6,0,3,3,70,220,98,2,0,0,0,1,2009,6,2009,0,0,0,0,0,1,2,45,1,1,2,1,0,0,1,53,1,1,1,25,0,0
13,130813,3,3,1,16,10,23,14,12,1,1,0,92,0,6,16,6016,4,1994,1C3AA3632RF3,1,C,3,A,A,3,6,3,2,R,F,3,0,P,CHRY,LEA,4D,94,17,2892,,0,1035,,G,,F,6,181,,,14R195,,,,,,0,0,000000000,00000000000,0,0,0,1,0,0,0,0,0,0,0,998,0,0,0,14,12,6,2,12,0,0,0,1,13,30606,0,0,0,0,0,0,71,160,98,0,0,0,0,0,0,0,0,0,0,0,0,0,1,2,45,1,1,2,1,0,0,1,62,1,1,1,98,0,1
13,130814,1,2,2,16,10,17,30,12,6,1,0,13,1,20,4,20004,2,1997,1G1YY22G7V51,1,G,1,Y,Y,2,2,G,7,V,5,1,0,P,CHEV,CVT,CP,97,17,3201,,0,1045,,G,,F,8,350,,,17R245,,,,,,0,0,000000000,00000000000,0,0,0,1,0,0,0,0,0,0,0,998,0,0,0,3,98,6,2,12,0,0,1,1,13,30341,0,0,0,0,0,0,999,999,98,3,0,0,1,10,2008,10,2008,1,28,0,0,0,1,4,35,1,2,2,1,0,0,1,10,1,4,2,64,2,0
13,130814,2,2,2,16,10,17,30,12,6,1,0,13,1,54,39,54039,4,2009,JH4CU26699C0,J,H,4,C,U,2,6,6,9,9,C,0,0,P,ACUR,TSX,4D,9,17,3400,,0,1066,,G,,F,4,146,,,17R225,,,,,,0,0,000000000,00000000000,0,0,0,1,0,0,0,0,0,0,0,998,0,0,0,12,98,6,2,12,0,0,1,1,13,30292,6,1,0,0,3,0,67,140,98,0,0,0,0,0,0,0,0,0,0,0,0,0,1,4,35,1,2,2,1,0,0,1,62,1,1,1,65,0,0
13,130815,1,1,1,18,10,99,99,35,0,1,0,13,2,55,401,55401,14,2004,KM8SB12BX4U6,K,M,8,S,B,1,2,B,X,4,U,6,0,P,HYUN,SAN,UT,4,17,3494,,0,1031,,G,,F,4,143,,,16R225,,,,,,0,0,000000000,00000000000,0,0,0,1,0,0,0,0,0,0,0,998,0,1,5,12,13,6,2,42,0,0,0,1,13,30554,6,1,0,0,3,0,67,225,98,1,0,1,4,5,2009,3,2011,0,29,0,0,0,1,2,45,3,6,8,1,0,0,14,13,1,1,4,1,1,0
13,130816,1,1,1,19,10,4,20,42,0,1,0,13,1,49,401,49401,14,2000,JT3GN87R8Y01,J,T,3,G,N,8,7,R,8,Y,0,1,0,P,TOYT,RUN,UT,0,17,3710,,0,1053,,G,,F,6,206,,,16R265,,,,,,0,0,000000000,00000000000,0,0,0,1,0,0,0,0,0,0,0,998,0,1,5,9,98,6,2,1,0,0,0,1,13,30083,6,1,0,0,3,0,70,156,98,0,0,1,0,10,2011,10,2011,0,87,29,0,0,3,9,55,1,1,2,2,0,0,1,13,1,3,4,2,1,0
13,130817,1,1,1,21,10,23,54,30,0,1,0,13,1,12,3,12003,2,2001,1FAFP47V51F2,1,F,A,F,P,4,7,V,5,1,F,2,0,P,FORD,MCS,CP,1,17,3449,,0,1013,,G,,F,8,281,,,17R245,,,,,,0,0,000000000,00000000000,0,0,0,1,0,0,0,0,0,0,0,998,0,0,0,9,98,6,2,30,0,0,0,1,13,31419,6,1,0,0,3,0,74,225,98,1,0,0,0,3,2009,3,2009,1,29,0,0,0,1,2,40,8,8,8,1,0,0,1,6,1,9,4,2,1,1
13,130818,1,2,1,21,10,8,37,12,2,1,0,13,1,12,401,12401,14,2003,1FMZU62K33UB,1,F,M,Z,U,6,2,K,3,3,U,B,0,P,FORD,EPR,UT,3,17,4094,,0,1137,,F,,F,6,245,,,16R235,,,,,,0,0,000000000,00000000000,0,0,0,1,0,0,0,0,0,0,0,998,0,0,0,12,12,6,2,12,0,0,0,1,13,30213,6,1,0,0,3,0,65,178,98,1,0,2,0,2,2009,6,2009,0,38,0,0,0,1,2,55,1,1,2,1,3,3,11,15,1,1,2,68,0,0
13,130818,2,2,1,21,10,8,37,12,2,1,0,13,1,53,706,53706,80,2009,JS1GW72B9921,J,S,1,G,W,7,2,B,9,9,2,1,0,M,SUZI,GFA,RS,9,17,,,,,,,1255,,4,,4,505,,,,,,,0,0,000000000,00000000000,0,0,0,1,0,0,0,0,0,0,0,998,0,0,0,12,98,6,2,12,0,0,0,1,13,30277,6,1,6,0,3,0,76,220,98,0,0,0,0,0,0,0,0,0,0,0,0,0,1,2,55,1,1,2,1,3,3,1,17,1,1,1,69,1,0
13,130819,1,2,1,21,10,20,21,8,0,1,0,99,9,99,999,99999,99,9999,999999999999,9,9,9,9,9,9,9,9,9,9,9,9,0,,,,,,,,,,,,,,,,,,,,,,,,,0,0,000000000,00000000000,0,0,0,1,0,0,0,0,0,0,0,998,0,0,0,12,98,9,9,8,0,0,0,1,99,99999,9,9,99,0,9,9,999,999,99,99,99,99,99,99,9999,99,9999,0,86,0,0,0,1,4,55,1,3,2,1,3,3,1,80,1,1,1,13,0,0
13,130819,2,2,1,21,10,20,21,8,0,1,0,13,1,24,5,24005,4,2005,1G8JD54R75Y5,1,G,8,J,D,5,4,R,7,5,Y,5,0,P,STRN,L32,4D,5,17,3237,,0,1065,,G,,F,6,183,,,16R215,,,,,,0,0,000000000,00000000000,0,0,0,1,0,0,0,0,0,0,0,998,0,0,0,14,14,2,3,8,0,0,0,1,13,30213,6,1,0,0,3,0,75,163,98,0,0,0,0,0,0,0,0,0,86,0,0,0,1,4,55,1,3,2,1,3,3,1,80,1,1,1,98,0,0
13,130820,1,1,1,21,10,6,12,33,0,1,0,13,1,98,706,98706,80,2003,4MZAX12J5334,4,M,Z,A,X,1,2,J,5,3,3,4,0,U,,,,3,17,,,,,,,,,,,,,,,,,,,0,0,000000000,00000000000,0,0,0,1,0,0,0,0,0,0,0,998,0,0,0,9,98,4,3,24,0,0,0,1,13,31794,6,1,0,0,3,2,66,125,98,5,0,3,1,3,2009,3,2011,0,29,74,0,0,3,3,45,1,1,1,1,0,0,15,53,6,1,4,6,1,0
13,130821,1,3,8,6,10,15,59,12,1,1,0,13,1,37,421,37421,15,2008,5FNYF28438B0,5,F,N,Y,F,2,8,4,3,8,B,0,0,P,HOND,PIL,UT,8,17,4341,,0,1063,,G,,F,6,213,,,16R235,,,,,,0,0,000000000,00000000000,0,0,0,1,0,0,0,0,0,0,0,998,0,0,0,6,6,6,2,12,0,0,0,1,13,30021,6,1,0,0,3,0,67,135,98,0,0,0,0,0,0,0,0,0,0,0,0,0,2,2,70,1,5,2,1,28,3,2,53,1,1,1,29,2,0
13,130821,2,3,2,6,10,15,59,12,1,1,0,51,1,20,422,20422,15,2005,3GNFK16Z35G1,3,G,N,F,K,1,6,Z,3,5,G,1,0,P,CHEV,K15,UT,5,17,5474,,0,1300,,F,,F,8,325,,,16R265,,,,,,0,0,000000000,00000000000,0,0,0,1,0,0,0,0,0,0,0,998,0,0,0,12,12,6,2,12,0,0,0,1,51,23860,6,1,0,0,3,0,70,205,0,0,0,0,0,0,0,0,0,0,0,0,0,0,2,2,70,1,5,2,1,28,3,1,52,1,1,1,28,0,0
13,130821,3,3,1,6,10,15,59,12,1,1,0,12,1,82,881,82881,66,2005,1FUJA6CK05LU,1,F,U,J,A,6,C,K,0,5,L,U,1,T,FRHT,COL,TR,5,17,,8,0,0,CON,D,,,6,858,,,,,00000,00,,64,1,57,540540,57540540,3,6,1,1,0,0,0,0,0,0,0,998,0,0,0,8,8,2,1,12,0,0,0,1,12,33647,6,1,6,0,3,0,66,999,0,0,0,0,0,0,0,0,0,0,0,0,0,0,2,2,70,1,2,2,1,28,3,1,53,1,1,1,98,0,0
13,130822,1,2,1,22,10,4,7,8,0,1,1,99,9,99,999,99999,99,9999,999999999999,9,9,9,9,9,9,9,9,9,9,9,9,0,,,,,,,,,,,,,,,,,,,,,,,,,0,0,000000000,00000000000,0,0,0,1,0,0,0,0,0,0,0,998,0,0,0,1,98,4,1,8,0,0,0,1,99,99999,9,9,99,9,9,9,999,999,99,99,99,99,99,99,9999,99,9999,0,86,0,0,0,3,4,55,1,1,2,1,0,0,1,80,1,1,1,13,0,0
13,130822,2,2,2,22,10,4,7,8,0,1,0,13,1,21,3,21003,4,1984,1G3AG69YXEM8,1,G,3,A,G,6,9,Y,X,E,M,8,0,P,OLDS,98R,4D,84,17,4090,,0,1190,,G,,4,8,307,,,15R215,,,,,,0,0,000000000,00000000000,0,0,0,1,0,0,0,0,0,0,0,998,0,0,0,9,98,2,9,8,0,0,0,1,13,30310,6,1,0,0,3,0,66,280,98,1,0,0,2,12,2009,7,2011,0,86,0,0,0,3,4,55,1,1,2,1,0,0,1,80,1,1,1,98,0,0
13,130823,1,2,1,22,10,23,48,12,2,1,0,13,2,37,31,37031,2,1995,2HGEH2360SH5,2,H,G,E,H,2,3,6,0,S,H,5,0,P,HOND,CID,2H,95,17,2115,,0,1013,,G,,F,4,091,,,13R175,,,,,,0,0,000000000,00000000000,0,0,0,1,0,0,0,0,0,0,0,998,0,0,0,12,12,6,2,12,0,0,0,1,13,30011,6,1,0,0,3,3,64,110,98,0,0,1,0,12,2010,12,2010,0,28,0,0,0,1,2,45,1,1,2,1,0,0,1,10,1,1,2,50,1,0
13,130823,2,2,1,22,10,23,48,12,2,1,0,13,1,49,442,49442,20,2002,4T3ZF13C42U4,4,T,3,Z,F,1,3,C,4,2,U,4,0,P,TOYT,SIE,SV,2,17,3932,,0,1142,,G,,F,6,183,,,15R205,,,,,,0,0,000000000,00000000000,0,0,0,1,0,0,0,0,0,0,0,998,0,0,0,12,12,6,2,12,0,0,0,1,13,30019,6,2,0,0,3,0,70,130,98,0,0,0,0,0,0,0,0,0,0,0,0,0,1,2,45,1,1,2,1,0,0,1,62,1,1,1,51,0,0
13,130824,1,1,2,23,10,21,45,8,0,1,0,13,2,2,404,2404,14,2000,1J4G248S4YC3,1,J,4,G,2,4,8,S,4,Y,C,3,0,T,JEEP,LRO,4W,0,17,,1,0,1059,GCK,G,,,6,244,,,,,3664,00,E,42,0,0,000000000,00000000000,0,0,0,1,0,0,0,0,0,0,0,998,0,0,0,12,98,4,9,8,0,0,0,1,13,30315,6,7,0,0,3,0,70,145,98,0,0,0,0,0,0,0,0,0,86,0,0,0,2,3,45,1,1,2,1,0,0,15,80,1,1,2,13,0,0
13,130826,1,1,1,6,10,8,15,35,0,1,0,40,3,82,881,82881,66,2011,1FUJGLDR6BSA,1,F,U,J,G,L,D,R,6,B,S,A,1,T,FRHT,125,TR,11,17,,8,0,0,CSC,D,,,6,903,,,,,00000,00,,64,1,57,63585,5763585,3,6,1,1,0,0,0,0,0,0,0,998,0,1,6,12,12,6,2,35,0,0,0,1,13,31535,6,1,6,0,3,1,74,291,98,0,0,0,0,0,0,0,0,0,0,0,0,0,1,2,55,3,6,2,1,0,0,14,13,1,1,4,1,1,0
13,130827,1,1,1,6,10,14,54,35,0,1,0,13,1,72,706,72706,80,2012,1HD1MAM1XCB8,1,H,D,1,M,A,M,1,X,C,B,8,0,M,HD,UTG,RS,12,17,,,,,,,1690,,2,,4,1157,,,,,,,0,0,000000000,00000000000,0,0,0,1,0,0,0,0,0,0,0,998,0,0,0,1,12,6,2,34,0,0,0,1,13,30533,6,1,0,0,3,3,66,180,98,0,0,0,0,0,0,0,0,0,0,0,0,0,1,2,55,1,6,2,1,0,0,1,13,1,1,4,1,1,0
13,130828,1,1,3,8,10,19,6,34,0,1,0,13,1,12,481,12481,31,1987,1FTDF15Y4HNA,1,F,T,D,F,1,5,Y,4,H,N,A,0,T,FORD,F15,PK,87,17,,1,1330,1170,COF,G,,,6,300,,,,B,3447,01,A,42,0,0,000000000,00000000000,0,0,0,1,0,0,0,0,0,0,0,998,0,1,6,11,11,6,2,42,0,0,0,1,13,31783,6,1,0,0,3,0,70,220,98,0,0,1,1,2,2009,12,2009,1,58,0,0,0,1,2,35,1,1,2,1,0,0,1,13,1,1,4,1,2,1
13,130829,1,2,2,9,10,15,48,12,6,1,0,21,1,72,706,72706,80,2008,1HD1FC4118Y6,1,H,D,1,F,C,4,1,1,8,Y,6,0,M,HD,FLU,RS,8,17,,,,,,,1584,,2,,4,851,,,,,,,0,0,000000000,00000000000,0,0,0,1,0,0,0,0,0,0,0,998,0,0,0,3,3,6,2,12,0,0,0,1,21,42027,6,1,0,0,3,3,68,230,0,0,0,0,0,0,0,0,0,0,0,0,0,0,1,2,55,2,6,2,1,0,0,14,10,1,2,2,66,2,0
13,130829,2,2,1,9,10,15,48,12,6,1,0,13,1,12,422,12422,15,2006,1FMFU16556LA,1,F,M,F,U,1,6,5,5,6,L,A,0,P,FORD,EPT,UT,6,17,5606,,0,1190,,G,,F,8,329,,,17R265,,,,,,0,0,000000000,00000000000,0,0,0,1,0,0,0,0,0,0,0,998,0,0,0,12,12,6,2,12,0,0,0,1,13,30560,6,1,0,0,3,1,67,190,98,0,0,0,0,0,0,0,0,0,0,0,0,0,1,2,55,3,5,2,1,0,0,14,62,7,1,2,66,0,0
13,130830,1,2,1,9,10,9,15,12,6,1,0,13,2,37,403,37403,14,2006,5J6YH18746L0,5,J,6,Y,H,1,8,7,4,6,L,0,0,P,HOND,ELE,UT,6,17,3441,,0,1014,,G,,F,4,146,,,16R215,,,,,,0,0,000000000,00000000000,0,0,0,1,0,0,0,0,0,0,0,998,0,0,0,3,3,6,2,12,0,0,0,1,13,30096,6,1,0,0,3,3,64,108,98,0,0,0,0,0,0,0,0,0,39,0,0,0,2,2,55,1,5,2,1,3,3,1,17,1,1,1,87,0,0
13,130830,2,2,1,9,10,9,15,12,6,1,0,13,1,20,431,20431,16,1997,1GNGC26JXVJ3,1,G,N,G,C,2,6,J,X,V,J,3,0,P,CHEV,C25,UT,97,17,5243,,0,1315,,G,,F,8,454,,,16R245,,,,,,0,0,000000000,00000000000,0,0,0,1,0,0,0,0,0,0,0,998,0,0,0,12,12,6,2,12,0,0,0,1,13,31024,6,1,0,0,3,0,68,207,98,0,0,0,0,0,0,0,0,0,0,0,0,0,1,2,35,1,5,2,1,3,3,1,66,1,1,1,86,1,0
13,130831,1,1,2,9,10,0,50,35,0,1,0,13,2,49,472,49472,30,2008,3TMLU42N68M0,3,T,M,L,U,4,2,N,6,8,M,0,0,T,TOYT,DCL,CW,8,17,,1,0,1278,TAC,G,,,6,244,,,,B,4065,00,U,44,0,0,000000000,00000000000,0,0,0,1,0,0,0,0,0,0,0,998,0,1,6,6,13,6,2,1,0,0,0,1,13,30525,6,2,0,0,3,0,68,130,98,0,0,0,0,0,0,0,0,0,36,0,0,0,1,2,55,3,5,2,1,0,0,13,98,1,4,4,98,1,1
13,130832,1,1,1,10,10,1,5,35,0,1,0,13,2,12,402,12402,14,2001,1FMCU04101KF,1,F,M,C,U,0,4,1,0,1,K,F,0,P,FORD,SPE,UT,1,17,3186,,0,1031,,G,,F,6,181,,,15R225,,,,,,0,0,000000000,00000000000,0,0,0,1,0,0,0,0,0,0,0,998,0,1,6,12,13,6,2,42,0,0,0,1,13,30701,6,1,0,0,3,0,59,103,98,0,0,0,0,0,0,0,0,0,58,0,0,0,1,2,45,3,6,2,1,0,0,14,13,1,1,4,1,1,0
13,130833,1,3,1,11,10,10,40,12,1,1,0,12,1,7,472,7472,30,1996,1B7GL23X5TS5,1,B,7,G,L,2,3,X,5,T,S,5,0,T,DODG,DAK,PC,96,17,,1,0,1309,DAK,G,,,6,239,,,,B,3455,00,M,42,0,0,000000000,00000000000,0,0,0,1,0,0,0,0,0,0,0,998,0,0,0,12,12,6,2,12,0,0,0,1,12,32428,6,1,0,0,3,3,66,999,0,0,0,0,0,0,0,0,0,0,26,0,0,0,1,2,55,1,1,2,2,0,0,1,50,1,1,1,20,0,0
13,130833,2,3,1,11,10,10,40,12,1,1,0,13,1,12,471,12471,30,1993,1FTCR10AXPTA,1,F,T,C,R,1,0,A,X,P,T,A,0,T,FORD,RNG,PK,93,17,,1,1139,1079,RNG,G,,,4,140,,,,B,2918,01,A,42,0,0,000000000,00000000000,0,0,0,1,0,0,0,0,0,0,0,0,0,0,0,6,12,6,2,12,32,0,0,1,13,39870,6,1,0,0,3,0,71,180,98,0,0,0,0,0,0,0,0,0,0,0,0,0,1,2,55,1,1,2,2,0,0,11,53,1,1,1,22,1,0
13,130833,3,3,1,11,10,10,40,12,1,1,0,93,3,86,881,86881,66,2006,1M1AK06Y86N0,1,M,1,A,K,0,6,Y,8,6,N,0,1,T,MACK,CXN,TR,6,17,,8,0,0,600,D,,,6,728,,,,,00000,00,,64,1,57,097620,57097620,3,6,1,1,0,0,0,0,0,0,0,998,0,0,0,6,12,6,2,12,0,0,0,1,13,30421,6,1,6,0,3,3,72,215,98,0,0,0,0,0,0,0,0,0,0,0,0,0,1,2,55,1,1,2,2,0,0,1,62,1,1,1,98,0,0
13,130834,1,1,2,11,10,15,39,42,0,1,0,13,2,20,471,20471,30,1994,1GCCS1447R82,1,G,C,C,S,1,4,4,7,R,8,2,0,T,CHEV,S14,PK,94,17,,1,1179,1083,S,G,,,4,133,,,,B,2905,01,,42,0,0,000000000,00000000000,0,0,0,1,0,0,0,0,0,0,0,998,0,0,0,12,12,6,2,42,0,0,0,1,13,31539,0,0,0,0,0,0,999,999,98,0,0,0,0,0,0,0,0,0,0,0,0,0,1,2,55,2,1,2,2,0,0,14,13,1,1,4,1,1,0
13,130835,1,2,2,11,10,16,19,25,0,1,0,13,1,54,31,54031,4,1994,JH4DB7552RS0,J,H,4,D,B,7,5,5,2,R,S,0,0,P,ACUR,ILS,4D,94,17,2632,,0,1031,,G,,F,4,112,,,14R195,,,,,,0,0,000000000,00000000000,0,0,0,1,0,0,0,0,0,0,0,998,0,0,0,11,9,6,2,12,0,0,0,1,13,30094,6,1,0,0,3,0,65,140,98,0,0,0,0,0,0,0,0,1,0,0,0,0,3,4,65,1,1,2,2,0,0,1,6,1,7,4,7,1,0
13,130835,2,2,1,11,10,16,19,25,0,1,0,13,3,82,881,82881,66,1997,1FUYDCYB9VL7,1,F,U,Y,D,C,Y,B,9,V,L,7,1,T,FRHT,FLD,TR,97,17,,8,0,0,CON,D,,,6,855,,,,,00000,00,,64,1,57,514795,57514795,3,6,1,1,0,0,0,0,0,0,0,998,0,0,0,12,12,6,2,12,0,0,0,1,13,30755,6,1,6,0,3,1,70,215,98,0,0,0,0,0,0,0,0,0,0,0,0,0,3,4,65,1,1,2,2,0,0,1,63,1,1,1,98,0,0
13,130836,1,1,4,12,10,12,27,42,0,1,0,13,2,49,45,49045,4,2001,JTDBT1232101,J,T,D,B,T,1,2,3,2,1,0,1,0,P,TOYT,ECH,4D,1,17,2030,,0,934,,G,,F,4,091,,,14R175,,,,,,0,0,000000000,00000000000,0,0,0,1,0,0,0,0,0,0,0,998,0,0,0,12,12,6,2,42,0,0,0,1,13,30331,0,0,0,0,0,0,71,155,98,0,0,0,1,9,2011,9,2011,1,92,0,0,0,1,2,35,3,2,2,1,0,0,14,13,1,1,4,1,2,0
13,130837,1,1,3,14,10,12,50,1,0,1,0,13,2,20,482,20482,31,2004,3GNEC12T64G1,3,G,N,E,C,1,2,T,6,4,G,1,0,T,CHEV,CAV,CW,4,17,,2,0,1300,AVL,G,,,8,325,,,,B,5437,00,,42,0,0,000000000,00000000000,0,0,0,1,0,0,0,0,0,0,0,998,0,1,6,0,0,6,2,1,0,0,0,1,13,31539,1,1,0,0,2,0,999,999,98,1,0,0,0,8,2010,8,2010,1,58,0,0,0,1,2,55,3,1,2,2,0,0,14,13,6,1,4,98,1,1
13,130838,1,1,1,15,10,13,15,35,0,1,0,13,1,20,481,20481,31,1966,C1446A118599,C,1,4,4,6,A,1,1,8,5,9,9,0,T,CHEV,C10,PK,66,12,,1,1270,1150,C10,G,,,,,,,,,,,,42,0,0,000000000,00000000000,0,0,0,1,0,0,0,0,0,0,0,998,0,0,0,12,12,6,2,42,0,0,0,1,13,31313,6,1,0,0,3,0,73,205,98,0,0,0,0,0,0,0,0,0,0,0,0,0,1,2,55,1,6,2,1,28,3,1,12,6,1,4,6,1,1
13,130839,1,1,1,15,10,19,8,11,0,1,0,13,1,72,706,72706,80,2008,1HD1GM4128K3,1,H,D,1,G,M,4,1,2,8,K,3,0,M,HD,FDX,RS,8,17,,,,,,,1584,,2,,4,663,,,,,,,0,0,000000000,00000000000,0,0,0,1,0,0,0,0,0,0,0,998,0,0,0,12,12,6,2,11,0,0,0,1,13,31012,6,1,0,0,3,0,66,175,98,0,0,0,0,0,0,0,0,0,83,0,0,0,1,2,55,1,1,2,1,0,0,1,88,1,1,1,13,1,0
13,130840,1,2,1,16,10,14,33,12,6,1,0,13,1,49,402,49402,14,2011,2T3YK4DV4BW0,2,T,3,Y,K,4,D,V,4,B,W,0,0,P,TOYT,RG4,UT,11,17,3547,,0,0,,G,,F,6,214,,,000000,,,,,,0,0,000000000,00000000000,0,0,0,1,0,0,0,0,0,0,0,998,0,0,0,2,2,6,2,12,0,0,0,1,13,30066,6,1,0,0,3,3,56,102,98,0,0,0,0,0,0,0,0,0,38,0,0,0,5,4,45,1,2,2,1,3,3,11,15,1,1,1,68,1,0
13,130840,2,2,1,16,10,14,33,12,6,1,0,13,1,35,472,35472,30,2000,1N6ED26TXYC3,1,N,6,E,D,2,6,T,X,Y,C,3,0,T,NISS,KXS,PC,0,17,,1,0,1161,FRT,G,,,6,201,,,,B,3510,01,U,42,0,0,000000000,00000000000,0,0,0,1,0,0,0,0,0,0,0,998,0,0,0,12,12,6,2,12,0,0,0,1,13,31004,6,1,0,0,3,3,60,175,98,0,0,0,0,0,0,0,0,0,0,0,0,0,5,4,45,1,2,2,1,3,3,1,62,1,1,1,69,0,0
13,130841,1,3,2,17,10,15,25,12,6,1,0,13,2,20,37,20037,4,1998,1G1ND52M0WY1,1,G,1,N,D,5,2,M,0,W,Y,1,0,P,CHEV,MAL,4D,98,17,3100,,0,1070,,G,,F,6,191,,,15R215,,,,,,0,0,000000000,00000000000,0,0,0,1,0,0,0,0,0,0,0,998,0,0,0,3,3,6,2,12,0,0,0,1,13,30728,6,1,0,0,3,1,71,190,98,0,0,0,0,0,0,0,0,0,38,0,0,0,1,2,35,1,1,2,1,20,3,1,17,1,1,1,87,1,0
13,130841,2,3,1,17,10,15,25,12,6,1,0,13,1,49,471,49471,30,1992,4TARN01P3NZ0,4,T,A,R,N,0,1,P,3,N,Z,0,0,T,TOYT,USD,PK,92,17,,1,0,1029,UHT,G,,,4,144,,,,B,00000,00,A,44,0,0,000000000,00000000000,0,0,0,1,0,0,0,0,0,0,0,998,0,0,0,12,12,6,2,12,0,0,0,1,13,30747,6,1,0,0,3,0,75,275,98,0,0,0,0,0,0,0,0,0,0,0,0,0,1,2,35,1,1,2,1,28,3,1,66,1,1,1,86,0,0