STATE,ST_CASE,VEH_NO,VE_FORMS,NUMOCCS,DAY,MONTH,HOUR,MINUTE,HARM_EV,MAN_COLL,UNITTYPE,HIT_RUN,REG_STAT,OWNER,MAKE,MODEL,MAK_MOD,BODY_TYP,MOD_YEAR,VIN,VIN_1,VIN_2,VIN_3,VIN_4,VIN_5,VIN_6,VIN_7,VIN_8,VIN_9,VIN_10,VIN_11,VIN_12,TOW_VEH,VINTYPE,VINMAKE,VINA_MOD,VIN_BT,VINMODYR,VIN_LNGT,VIN_WGT,WGTCD_TR,WHLBS_LG,WHLBS_SH,SER_TR,FUELCODE,MCYCL_DS,CARBUR,CYLINDER,DISPLACE,MCYCL_CY,MCYCL_WT,TIRE_SZE,TON_RAT,TRK_WT,TRKWTVAR,VIN_REST,WHLDRWHL,J_KNIFE,MCARR_I1,MCARR_I2,MCARR_ID,GVWR,V_CONFIG,CARGO_BT,HAZ_INV,HAZ_PLAC,HAZ_ID,HAZ_CNO,HAZ_REL,BUS_USE,SPEC_USE,EMER_USE,TRAV_SP,UNDERIDE,ROLLOVER,ROLINLOC,IMPACT1,IMPACT2,DEFORMED,TOWED,M_HARM,VEH_SC1,VEH_SC2,FIRE_EXP,DR_PRES,L_STATE,DR_ZIP,L_STATUS,L_TYPE,CDL_STAT,L_ENDORS,L_COMPL,L_RESTRI,DR_HGT,DR_WGT,PREV_ACC,PREV_SUS,PREV_DWI,PREV_SPD,PREV_OTH,FIRST_MO,FIRST_YR,LAST_MO,LAST_YR,SPEEDREL,DR_SF1,DR_SF2,DR_SF3,DR_SF4,VTRAFWAY,VNUM_LAN,VSPD_LIM,VALIGN,VPROFILE,VPAVETYP,VSURCOND,VTRAFCON,VTCONT_F,P_CRASH1,P_CRASH2,P_CRASH3,PCRASH4,PCRASH5,ACC_TYPE,DEATHS,DR_DRINK
13,130874,2,2,1,1,11,19,49,12,6,1,0,13,1,63,34,63034,4,2008,KNAGE123X852,K,N,A,G,E,1,2,3,X,8,5,2,0,P,KIA,OLE,4D,8,17,3142,,0,1071,,G,,F,4,146,,,16R205,,,,,,0,0,000000000,00000000000,0,0,0,1,0,0,0,0,0,0,0,998,0,0,0,2,2,6,2,12,0,0,0,1,13,31705,6,1,0,0,3,3,65,160,98,0,0,0,0,0,0,0,0,0,39,0,0,0,1,2,55,1,1,8,1,20,3,1,17,1,1,1,87,1,1
13,130875,1,2,1,3,11,18,48,12,6,1,0,92,0,12,17,12017,4,2007,1FAFP56U77A1,1,F,A,F,P,5,6,U,7,7,A,1,0,P,FORD,TEL,4D,7,17,3314,,0,1085,,G,,F,6,183,,,16R215,,,,,,0,0,000000000,00000000000,0,0,0,1,0,0,0,0,0,0,0,998,0,0,0,3,3,6,2,12,0,0,0,1,13,30180,6,1,0,0,3,3,68,158,98,0,0,0,1,8,2011,8,2011,1,87,28,0,0,1,2,55,3,1,8,2,0,0,14,6,6,4,2,64,1,0
13,130875,2,2,2,3,11,18,48,12,6,1,0,13,2,20,401,20401,14,2000,1GNCS13W5Y23,1,G,N,C,S,1,3,W,5,Y,2,3,0,P,CHEV,BZR,UT,0,17,3671,,0,1070,,G,,F,6,262,,,15R205,,,,,,0,0,000000000,00000000000,0,0,0,1,0,0,0,0,0,0,0,998,0,0,0,12,12,6,2,12,0,0,0,1,13,30180,6,1,0,0,3,0,67,140,98,0,0,0,0,0,0,0,0,0,0,0,0,0,1,2,55,2,1,8,2,0,0,14,62,1,1,1,65,0,0
13,130876,1,1,1,3,11,2,7,33,0,1,0,13,2,72,706,72706,80,2005,1HD1GVW165K3,1,H,D,1,G,V,W,1,6,5,K,3,0,M,HD,DCI,RS,5,17,,,,,,,1450,,2,,4,622,,,,,,,0,0,000000000,00000000000,0,0,0,1,0,0,0,0,0,0,0,998,0,0,0,12,12,6,2,33,0,0,0,1,13,30188,6,1,0,0,3,0,74,210,98,0,0,0,0,0,0,0,0,1,29,0,0,0,3,2,45,3,1,8,1,0,0,14,6,1,1,4,6,1,1
13,130877,1,2,1,4,11,7,39,12,6,1,0,37,1,23,472,23472,30,2008,1GTDT14EX881,1,G,T,D,T,1,4,E,X,8,8,1,0,T,GMC,CAN,PK,8,17,,1,0,1113,CAN,G,,,5,226,,,,B,3615,01,4,44,0,0,000000000,00000000000,0,0,0,1,0,0,0,0,0,0,0,998,0,1,1,3,98,6,2,12,0,0,0,1,37,28906,6,1,1,0,3,3,71,999,1,0,0,1,2,10,2009,9,2011,0,38,0,0,0,3,3,45,1,1,2,1,3,3,11,15,1,1,2,68,1,0
13,130877,2,2,1,4,11,7,39,12,6,1,0,13,1,47,35,47035,4,2003,YS3FB49S9310,Y,S,3,F,B,4,9,S,9,3,1,0,0,P,SAA,93L,4D,3,17,3370,,0,1053,,G,,T,4,121,,,15R255,,,,,,0,0,000000000,00000000000,0,0,0,1,0,0,0,0,0,0,0,998,0,0,0,12,98,6,2,12,0,0,0,1,13,30078,6,1,0,0,3,0,70,200,98,0,0,0,0,0,0,0,0,0,0,0,0,0,3,4,45,1,1,2,1,3,3,1,17,1,1,1,69,0,0
13,130878,1,2,1,4,11,10,25,12,2,1,0,13,1,12,473,12473,30,2004,1FMZU67K54UC,1,F,M,Z,U,6,7,K,5,4,U,C,0,P,FORD,EPR,UT,4,17,4135,,0,1259,,F,,F,6,245,,,16R235,,,,,,0,0,000000000,00000000000,0,0,0,1,0,0,0,0,0,0,0,998,0,1,9,12,12,6,2,12,0,0,0,1,13,31836,6,1,0,0,3,3,65,195,98,0,0,0,0,0,0,0,0,0,58,28,0,0,1,2,55,3,5,8,1,0,0,14,10,1,1,6,50,1,0
13,130878,2,2,1,4,11,10,25,12,2,1,0,93,3,84,881,84881,66,1997,2HSFBAER5VC0,2,H,S,F,B,A,E,R,5,V,C,0,1,T,INTL,930,TR,97,17,,8,2400,1600,90S,D,,,6,855,,,,,00000,00,,64,1,57,187041,57187041,3,6,1,1,0,0,0,0,0,0,0,998,0,0,0,12,12,6,2,12,0,0,0,1,1,36869,6,1,6,0,3,3,68,260,0,0,0,1,3,11,2008,5,2010,0,0,0,0,0,1,2,55,1,5,8,1,0,0,1,62,1,1,1,51,0,0
13,130879,1,1,3,4,11,4,30,1,0,1,0,13,3,34,34,34034,4,2010,WBAPH7G56ANM,W,B,A,P,H,7,G,5,6,A,N,M,0,P,BMW,28I,4D,10,17,3428,,0,1087,,G,,F,6,183,,,16R205,,,,,,0,0,000000000,00000000000,0,0,0,1,0,0,0,0,0,0,0,998,0,1,5,0,3,6,2,35,0,0,0,1,13,30313,6,1,99,9,3,3,71,205,98,0,0,0,0,0,0,0,0,0,58,29,0,0,1,2,55,2,6,8,1,0,0,14,13,1,1,4,1,2,0
13,130880,1,2,2,4,11,15,48,12,2,1,0,13,1,21,17,21017,4,1988,1G3AJ5139JG3,1,G,3,A,J,5,1,3,9,J,G,3,0,P,OLDS,CCI,4D,88,17,2662,,0,1049,,G,,F,6,231,,,14R185,,,,,,0,0,000000000,00000000000,0,0,0,1,0,0,0,0,0,0,0,998,0,0,0,12,98,6,2,12,32,0,0,1,13,30755,6,1,0,0,3,2,71,161,98,0,0,0,0,0,0,0,0,0,38,28,74,48,1,2,50,1,1,8,1,98,8,1,10,1,1,2,50,1,0
13,130880,2,2,1,4,11,15,48,12,2,1,0,13,1,2,403,2403,14,2000,1J4FF48S0YL2,1,J,4,F,F,4,8,S,0,Y,L,2,0,T,JEEP,SPT,4W,0,17,,1,0,1014,CHK,G,,,6,244,,,,,3247,00,E,44,0,0,000000000,00000000000,0,0,0,1,0,0,0,0,0,0,0,998,0,0,0,12,12,6,2,12,0,0,0,1,13,30740,6,1,0,0,3,0,68,145,98,0,0,0,0,0,0,0,0,0,0,0,0,0,1,2,50,3,1,8,1,98,8,14,62,8,2,2,51,0,0
13,130881,1,1,1,5,11,23,27,32,0,1,0,13,2,12,481,12481,31,2006,1FTPX14506FA,1,F,T,P,X,1,4,5,0,6,F,A,0,T,FORD,F15,4C,6,17,,2,0,1450,COF,G,,,8,329,,,,B,4297,16,E,44,0,0,000000000,00000000000,0,0,0,1,0,0,0,0,0,0,0,998,0,1,5,14,12,6,2,34,0,0,0,1,13,31535,6,2,0,0,3,0,67,142,98,0,0,0,0,0,0,0,0,1,29,0,0,0,1,2,55,1,1,8,1,0,0,1,12,1,1,4,6,1,0
13,130882,1,3,5,5,11,12,13,12,8,1,0,13,2,12,442,12442,20,2000,2FMZA5144YBC,2,F,M,Z,A,5,1,4,4,Y,B,C,0,T,FORD,WLX,ES,0,17,,1,0,1207,WIN,G,,,6,232,,,,B,3910,00,E,42,0,0,000000000,00000000000,0,0,0,1,0,0,0,0,0,0,0,998,0,0,0,11,98,6,2,12,0,0,0,1,13,30349,6,1,0,0,3,0,64,250,98,0,0,0,0,0,0,0,0,0,28,0,0,0,1,4,45,1,1,2,1,0,0,1,10,4,2,2,64,1,0
13,130882,2,3,4,5,11,12,13,12,8,1,0,13,2,7,442,7442,20,2006,2D4GP44L56R8,2,D,4,G,P,4,4,L,5,6,R,8,0,T,DODG,GSX,ES,6,17,,1,0,1193,CAR,G,,,6,230,,,,,4252,00,E,42,0,0,000000000,00000000000,0,0,0,1,0,0,0,0,0,0,0,998,0,1,5,11,98,6,2,12,0,0,0,1,13,30096,6,1,0,0,3,3,72,150,98,0,0,0,0,0,0,0,0,0,0,0,0,0,1,4,45,1,1,2,1,0,0,1,62,1,1,1,65,1,0
13,130882,3,3,1,5,11,12,13,12,8,1,0,13,2,35,39,35039,4,1996,JN1CA21D8TT7,J,N,1,C,A,2,1,D,8,T,T,7,0,P,NISS,MGS,4D,96,17,2886,,0,1063,,G,,F,6,182,,,15R205,,,,,,0,0,000000000,00000000000,0,0,0,1,0,0,0,0,0,0,0,998,0,0,0,12,98,2,1,12,0,0,0,1,13,30135,6,1,0,0,3,0,71,130,98,0,0,0,0,0,0,0,0,0,0,0,0,0,1,4,45,1,1,2,1,0,0,1,62,1,1,3,98,0,0
13,130883,1,2,2,6,11,23,58,12,6,1,0,13,1,20,2,20002,4,2007,2G1WT58K8794,2,G,1,W,T,5,8,K,8,7,9,4,0,P,CHEV,IMT,4D,7,17,3674,,0,1105,,F,,F,6,214,,,16R225,,,,,,0,0,000000000,00000000000,0,0,0,1,0,0,0,0,0,0,0,998,0,0,0,12,12,6,2,12,0,0,0,1,45,29730,6,1,0,0,3,3,68,162,0,0,0,0,0,0,0,0,0,0,83,58,29,0,2,2,70,1,1,8,1,0,0,1,87,6,4,6,64,0,0
13,130883,2,2,1,6,11,23,58,12,6,1,0,13,1,37,31,37031,2,2000,1HGEJ6124YL0,1,H,G,E,J,6,1,2,4,Y,L,0,0,P,HOND,UCD,CP,0,17,2359,,0,1032,,G,,F,4,097,,,14R185,,,,,,0,0,000000000,00000000000,0,0,0,1,0,0,0,0,0,0,0,998,0,0,0,10,10,6,2,12,0,0,0,1,13,30904,6,1,0,0,3,3,72,200,98,0,0,0,0,0,0,0,0,0,0,0,0,0,2,2,70,1,1,8,1,0,0,1,64,1,1,1,65,1,0
13,130884,1,1,1,6,11,21,33,42,0,1,0,13,2,14,6,14006,4,2002,2MEFM74W32X6,2,M,E,F,M,7,4,W,3,2,X,6,0,P,MERC,GMG,4D,2,17,3957,,0,1147,,G,,F,8,281,,,16R225,,,,,,0,0,000000000,00000000000,0,0,0,1,0,0,0,0,0,0,0,998,0,0,0,12,12,6,2,42,0,0,0,1,13,30230,1,1,0,0,2,0,76,190,98,2,0,0,2,6,2009,11,2010,0,29,0,0,0,1,2,55,1,1,8,1,0,0,1,12,1,1,4,6,1,1
13,130885,1,2,2,7,11,18,58,12,6,1,0,13,2,24,1,24001,4,2000,1G8ZK527XYZ2,1,G,8,Z,K,5,2,7,X,Y,Z,2,0,P,STRN,SL2,4D,0,17,2425,,0,1024,,G,,F,4,116,,,15R185,,,,,,0,0,000000000,00000000000,0,0,0,1,0,0,0,0,0,0,0,998,0,0,0,3,3,6,2,12,0,0,0,1,13,30157,6,1,0,0,3,3,69,150,98,1,0,0,2,4,2010,7,2011,0,38,0,0,0,1,4,55,3,4,8,1,3,3,11,15,1,1,2,68,1,0
13,130885,2,2,2,7,11,18,58,12,6,1,0,13,2,23,421,23421,15,2003,1GKEC13V23J2,1,G,K,E,C,1,3,V,2,3,J,2,0,T,GMC,YUK,4W,3,17,,2,0,1160,YUK,G,,,8,293,,,,B,4875,00,4,42,0,0,000000000,00000000000,0,0,0,1,0,0,0,0,0,0,0,998,0,0,0,12,12,6,2,12,0,0,0,1,13,30144,6,1,0,0,3,0,67,125,98,0,0,0,2,6,2010,9,2010,0,0,0,0,0,1,4,55,1,4,8,1,3,3,1,17,1,1,1,69,0,0
13,130886,1,2,1,7,11,6,34,12,2,1,0,13,2,7,20,7020,4,1996,3B3ES47C6TT2,3,B,3,E,S,4,7,C,6,T,T,2,0,P,DODG,NEH,4D,96,17,2443,,0,1040,,G,,F,4,122,,,14R185,,,,,,0,0,000000000,00000000000,0,0,0,1,0,0,0,0,0,0,0,998,0,0,0,12,12,6,2,12,0,0,1,1,13,31535,6,1,0,0,3,0,69,245,98,0,0,0,0,0,0,0,0,0,28,0,0,0,1,2,55,1,1,8,1,0,0,1,10,1,1,2,51,1,0
13,130886,2,2,1,7,11,6,34,12,2,1,0,13,2,12,881,12881,61,2005,1FDWX36P35EC,1,F,D,W,X,3,6,P,3,5,E,C,0,T,FORD,F3D,4B,5,17,,3,0,1620,DRW,D,,,8,366,,,,D,6001,00,E,42,0,88,888888888,88888888888,2,2,98,1,0,0,0,0,0,0,0,998,0,0,0,12,12,6,2,12,0,0,0,1,13,31775,6,1,0,0,3,0,70,205,98,0,0,0,1,3,2011,3,2011,0,0,0,0,0,1,2,55,1,1,8,1,0,0,1,62,3,2,2,50,0,0
13,130887,1,3,3,7,11,0,57,12,1,1,0,37,1,20,481,20481,31,2007,1GCHK23D77F1,1,G,C,H,K,2,3,D,7,7,F,1,0,T,CHEV,2KH,CW,7,17,,2,1670,1530,SIL,D,,,8,403,,,,C,5883,02,,44,0,0,000000000,00000000000,0,0,0,1,0,0,0,0,0,0,0,998,0,0,0,12,12,6,2,12,0,0,0,1,37,27615,6,1,3,0,3,3,70,999,0,1,0,1,2,5,2010,7,2010,0,26,0,0,0,2,2,70,1,1,8,1,0,0,1,50,99,1,1,20,2,0
13,130887,2,3,2,7,11,0,57,12,1,1,0,31,3,51,881,51881,66,2010,4V4NC9EG8AN2,4,V,4,N,C,9,E,G,8,A,N,2,1,T,VOLV,VNL,TR,10,17,,8,0,0,VVN,D,,,6,793,,,,,00000,00,,64,1,57,540777,57540777,3,6,1,2,2,1859,88,8,0,0,0,0,0,0,0,6,6,6,2,12,0,0,0,1,13,30815,6,1,6,1,3,3,69,165,98,0,0,0,0,0,0,0,0,0,0,0,0,0,2,2,70,1,1,8,1,0,0,5,53,1,1,1,21,0,0
13,130887,3,3,1,7,11,0,57,12,1,1,0,45,3,84,881,84881,66,2005,3HSCNAPR45N0,3,H,S,C,N,A,P,R,4,5,N,0,1,T,INTL,94I,TR,5,17,,8,0,0,940,D,,,6,915,,,,,00000,00,,64,1,57,063366,57063366,3,6,1,1,0,0,0,0,0,0,0,0,0,0,0,6,6,6,2,12,0,0,0,1,45,29718,6,1,6,0,3,0,68,266,2,0,0,0,0,4,2011,11,2011,0,0,0,0,0,2,2,70,1,1,8,1,0,0,5,50,1,1,1,98,0,0
13,130888,1,2,1,8,11,16,33,12,2,1,0,13,2,37,706,37706,80,1984,1HFSC1412EA0,1,H,F,S,C,1,4,1,2,E,A,0,0,M,HOND,G12,RS,84,17,,,,,,,1200,,4,,4,600,,,,,,,0,0,000000000,00000000000,0,0,0,1,0,0,0,0,0,0,0,998,0,0,0,12,12,6,2,12,0,0,0,1,13,30735,2,1,0,0,2,0,72,190,98,2,1,0,1,12,2008,12,2008,0,28,0,0,0,1,2,55,2,5,8,1,0,0,14,10,1,1,2,50,1,1
13,130888,2,2,1,8,11,16,33,12,2,1,0,13,3,12,461,12461,21,2006,1FTNS24L56HA,1,F,T,N,S,2,4,L,5,6,H,A,0,T,FORD,25V,EC,6,17,,2,0,1380,VAN,G,,,8,330,,,,C,5366,00,E,42,0,0,000000000,00000000000,0,0,0,1,0,0,0,0,0,0,0,998,0,0,0,12,12,6,2,12,0,0,0,1,13,30165,6,1,0,0,3,0,69,170,98,0,0,0,2,10,2010,10,2010,0,0,0,0,0,1,2,55,3,6,8,1,0,0,14,62,1,1,1,51,0,0
13,130889,1,1,1,9,11,14,0,39,0,1,0,37,2,76,705,76705,80,2011,JYARJ16E0BA0,J,Y,A,R,J,1,6,E,0,B,A,0,0,M,YAMA,R6L,RC,11,17,,,,,,,599,,4,,4,417,,,,,,,0,0,000000000,00000000000,0,0,0,1,0,0,0,0,0,0,0,998,0,0,0,12,12,6,2,39,0,0,0,1,13,30188,2,1,0,0,2,0,70,145,98,0,0,0,1,4,2010,4,2010,1,0,0,0,0,1,2,25,1,5,8,1,0,0,1,90,1,1,1,12,1,0
13,130890,1,1,3,9,11,19,35,8,0,1,0,13,2,51,47,51047,4,2001,YV1RS53D7120,Y,V,1,R,S,5,3,D,7,1,2,0,0,P,VOLV,ST5,4D,1,17,3377,,0,1069,,G,,T,5,142,,,16R215,,,,,,0,0,000000000,00000000000,0,0,0,1,0,0,0,0,0,0,0,998,0,0,0,12,14,2,1,8,0,0,0,1,13,30120,6,2,0,0,3,0,65,117,98,0,0,0,0,0,0,0,0,0,86,29,0,0,2,2,55,1,1,8,2,0,0,17,80,7,1,4,13,0,0
13,130891,1,2,1,9,11,14,2,12,2,1,0,13,1,37,32,37032,4,1991,1HGCB7656MA2,1,H,G,C,B,7,6,5,6,M,A,2,0,P,HOND,ALE,4D,91,17,2504,,0,1071,,G,,F,4,132,,,14R185,,,,,,0,0,000000000,00000000000,0,0,0,1,0,0,0,0,0,0,0,998,0,0,0,12,98,6,2,12,0,0,0,1,13,30634,6,1,0,0,3,0,74,190,98,0,0,0,1,10,2010,10,2010,0,28,0,0,0,1,2,55,3,8,8,98,0,0,14,10,1,1,3,50,1,0
13,130891,2,2,1,9,11,14,2,12,2,1,0,92,0,12,481,12481,31,1993,1FTEX15NXPKA,1,F,T,E,X,1,5,N,X,P,K,A,0,T,FORD,F15,PC,93,17,,2,1550,1390,COF,G,,,8,302,,,,B,4164,02,A,42,0,0,000000000,00000000000,0,0,0,1,0,0,0,0,0,0,0,998,0,0,0,12,98,6,2,12,0,0,0,1,13,30635,6,1,0,0,3,0,70,140,98,0,0,1,0,9,2009,9,2009,0,0,0,0,0,1,2,55,2,8,8,98,0,0,14,62,7,2,3,51,0,0
13,130892,1,1,1,9,11,19,38,9,0,1,0,13,2,6,442,6442,20,2000,2C4GJ44G9YR7,2,C,4,G,J,4,4,G,9,Y,R,7,0,T,CHRY,GSE,ES,0,17,,1,0,1193,VOV,F,,,6,201,,,,,3863,00,,42,0,0,000000000,00000000000,0,0,0,1,0,0,0,0,0,0,0,998,0,0,0,12,98,4,1,9,0,0,0,1,13,30904,6,1,0,0,3,3,73,225,98,0,0,0,0,0,0,0,0,0,86,0,0,0,1,5,35,1,1,2,1,3,3,1,80,1,1,1,13,0,0
13,130893,1,1,1,10,11,23,38,8,0,1,0,13,1,49,32,49032,4,2011,2T1BU4EE3BC5,2,T,1,B,U,4,E,E,3,B,C,5,0,P,TOYT,CBS,4D,11,17,2734,,0,1024,,G,,F,4,110,,,15R195,,,,,,0,0,000000000,00000000000,0,0,0,1,0,0,0,0,0,0,0,998,0,0,0,12,98,2,1,8,0,0,0,1,13,30137,6,1,0,0,3,0,63,200,98,0,0,0,0,0,0,0,0,0,86,0,0,0,1,4,45,1,1,2,1,0,0,1,80,1,1,1,13,0,0
13,130894,1,2,1,10,11,10,1,12,2,1,0,13,2,20,401,20401,14,2005,1GCDS1361581,1,G,C,D,S,1,3,6,1,5,8,1,0,T,CHEV,RDO,CW,5,17,,1,0,1260,CAL,G,,,5,214,,,,,3511,00,,42,0,0,000000000,00000000000,0,0,0,1,0,0,0,0,0,0,0,998,0,0,0,12,12,6,2,12,0,0,0,1,13,30401,6,1,0,0,3,0,67,125,98,0,0,1,0,3,2011,3,2011,0,28,0,0,0,1,2,55,1,1,8,1,98,8,1,10,1,1,2,50,1,0
13,130894,2,2,1,10,11,10,1,12,2,1,0,13,2,34,401,34401,14,2001,WBAFA535X1LM,W,B,A,F,A,5,3,5,X,1,L,M,0,P,BMW,BX5,UT,1,17,4519,,0,1110,,G,,F,6,182,,,18R235,,,,,,0,0,000000000,00000000000,0,0,0,1,0,0,0,0,0,0,0,998,0,0,0,12,12,6,2,12,0,0,0,1,13,30413,6,1,6,0,3,0,69,300,98,0,0,0,0,0,0,0,0,0,0,0,0,0,1,2,55,1,1,8,1,98,8,1,62,1,1,1,51,1,0
13,130895,1,2,3,10,11,6,28,12,6,1,0,13,1,20,22,20022,4,2007,1G1AK55F7771,1,G,1,A,K,5,5,F,7,7,7,1,0,P,CHEV,BLS,4D,7,17,3216,,0,1033,,G,,F,4,134,,,15R195,,,,,,0,0,000000000,00000000000,0,0,0,1,0,0,0,0,0,0,0,998,0,0,0,9,98,6,2,12,0,0,0,1,13,31088,6,1,0,0,3,0,65,135,98,0,0,0,0,0,0,0,0,0,38,0,0,0,5,4,40,1,2,2,2,20,3,11,15,1,1,2,82,1,0
13,130895,2,2,1,10,11,6,28,12,6,1,0,13,2,7,422,7422,15,2005,1D8HD58N45F5,1,D,8,H,D,5,8,N,4,5,F,5,0,P,DODG,DUR,UT,5,17,4810,,0,1192,,G,,F,8,287,,,17R265,,,,,,0,0,000000000,00000000000,0,0,0,1,0,0,0,0,0,0,0,998,0,0,0,12,98,6,2,12,0,0,0,1,13,31069,6,1,0,0,3,3,67,160,98,0,0,0,0,0,0,0,0,0,0,0,0,0,5,4,40,1,2,2,2,0,0,1,66,7,1,2,83,0,0
13,130896,1,1,1,10,11,20,3,34,0,1,0,13,2,20,481,20481,31,2006,2GCEC13T6612,2,G,C,E,C,1,3,T,6,6,1,2,0,T,CHEV,SC1,CW,6,17,,2,0,1435,SIL,G,,,8,323,,,,B,4987,00,,42,0,0,000000000,00000000000,0,0,0,1,0,0,0,0,0,0,0,998,0,1,5,12,13,6,2,1,0,0,0,1,13,31791,6,1,0,0,3,0,65,200,98,0,0,2,1,6,2010,11,2011,0,29,0,0,0,1,2,55,3,5,8,1,0,0,14,13,6,4,4,2,1,1
13,130897,1,2,1,11,11,15,12,12,1,1,0,13,2,35,471,35471,30,1994,1N6SD16S6RC3,1,N,6,S,D,1,6,S,6,R,C,3,0,T,NISS,KXE,PC,94,17,,1,0,1161,TRK,G,,,4,146,,,,B,3120,00,A,42,0,0,000000000,00000000000,0,0,0,1,0,0,0,0,0,0,0,998,0,0,0,12,12,4,3,12,0,0,0,1,13,31552,6,1,0,0,3,0,61,180,98,0,0,0,0,0,0,0,0,0,26,0,0,0,1,2,45,1,1,8,1,0,0,1,50,1,1,1,20,0,0
13,130897,2,2,1,11,11,15,12,12,1,1,0,13,1,73,706,73706,80,1997,JKBVNAD17VA0,J,K,B,V,N,A,D,1,7,V,A,0,0,M,KAWK,V5D,RS,97,17,,,,,,,1500,,2,,4,600,,,,,,,0,0,000000000,00000000000,0,0,0,1,0,0,0,0,0,0,0,0,0,0,0,6,6,6,2,12,0,0,0,1,13,31503,6,1,0,0,3,0,68,188,98,0,0,0,0,0,0,0,0,0,0,0,0,0,1,2,45,1,1,8,1,0,0,5,53,1,1,1,21,1,0
13,130898,1,1,3,12,11,21,22,32,0,1,0,13,1,20,2,20002,4,2003,2G1WF52E2394,2,G,1,W,F,5,2,E,2,3,9,4,0,P,CHEV,IMP,4D,3,17,3389,,0,1105,,G,,F,6,207,,,16R225,,,,,,0,0,000000000,00000000000,0,0,0,1,0,0,0,0,0,0,0,998,0,1,5,11,98,6,2,1,0,0,0,1,13,30253,6,1,0,0,3,0,73,135,98,0,0,1,1,7,2010,1,2011,1,29,0,0,0,1,2,45,4,1,2,1,0,0,14,13,7,3,4,2,2,0
13,130899,1,1,2,13,11,12,2,15,0,1,0,13,2,14,6,14006,4,2004,2MEFM74W14X6,2,M,E,F,M,7,4,W,1,4,X,6,0,P,MERC,GMG,4D,4,17,4038,,0,1147,,G,,F,8,281,,,16R225,,,,,,0,0,000000000,00000000000,0,0,0,1,0,0,0,0,0,0,0,998,0,0,0,14,14,2,1,15,0,0,0,1,13,31773,6,1,0,0,3,3,66,165,98,0,0,0,0,0,0,0,0,0,86,0,0,0,1,2,55,1,6,8,1,0,0,1,80,1,1,1,13,0,0
13,130900,1,1,4,13,11,3,12,34,0,1,0,1,2,7,24,7024,4,2008,2B3KA73W38H2,2,B,3,K,A,7,3,W,3,8,H,2,0,P,DODG,RT8,4D,8,17,4160,,0,1200,,G,,F,8,372,,,20R245,,,,,,0,0,000000000,00000000000,0,0,0,1,0,0,0,0,0,0,0,998,0,0,0,12,12,6,2,35,0,0,0,1,47,37129,6,1,0,0,3,3,71,175,0,0,0,1,0,4,2011,4,2011,1,29,0,0,0,1,2,45,3,1,8,1,0,0,14,13,6,4,4,2,3,1
13,130901,1,2,1,14,11,19,44,8,0,1,0,13,1,55,401,55401,14,2008,5NMSG13D08H1,5,N,M,S,G,1,3,D,0,8,H,1,0,P,HYUN,SAN,UT,8,17,3727,,0,1063,,G,,F,6,162,,,16R235,,,,,,0,0,000000000,00000000000,0,0,0,1,0,0,0,0,0,0,0,998,0,0,0,3,98,2,1,8,0,0,0,1,13,31602,6,1,0,0,2,0,62,112,98,0,0,0,0,0,0,0,0,0,86,0,0,0,1,2,40,1,1,2,1,0,0,1,80,1,1,1,13,0,0
13,130901,2,2,3,14,11,19,44,8,0,1,0,13,1,12,481,12481,31,2005,1FTRX12WX5FB,1,F,T,R,X,1,2,W,X,5,F,B,0,T,FORD,F15,4C,5,17,,2,1450,1260,COF,G,,,8,281,,,,B,5065,04,U,42,0,0,000000000,00000000000,0,0,0,1,0,0,0,0,0,0,0,998,0,0,0,14,14,0,1,8,32,0,0,1,13,31641,6,1,6,0,3,3,68,275,98,0,0,0,0,0,0,0,0,0,86,0,0,0,1,2,40,1,1,2,1,0,0,1,80,6,1,3,98,0,0
13,130902,1,1,1,14,11,19,17,8,0,1,0,13,1,23,401,23401,14,2003,1GKDS13S0323,1,G,K,D,S,1,3,S,0,3,2,3,0,T,GMC,ENV,4W,3,17,,1,0,1130,ENV,G,,,6,256,,,,B,4417,00,E,42,0,0,000000000,00000000000,0,0,0,1,0,0,0,0,0,0,0,998,0,0,0,11,98,4,1,8,0,0,0,1,13,30224,6,1,0,0,3,0,61,165,98,0,0,0,0,0,0,0,0,0,86,0,0,0,5,4,45,1,1,2,1,0,0,1,80,6,1,1,13,0,0
13,130903,1,3,2,17,11,13,1,12,11,1,0,13,1,20,441,20441,20,2003,1GNDM19XX3B1,1,G,N,D,M,1,9,X,X,3,B,1,0,T,CHEV,AST,ES,3,17,,1,0,1112,AST,G,,,6,262,,,,B,4323,00,,42,0,0,000000000,00000000000,0,0,0,1,0,0,0,0,0,0,0,998,0,0,0,9,98,4,3,12,0,0,0,1,13,30017,6,1,0,0,3,0,69,165,98,0,0,0,0,0,0,0,0,0,39,0,0,0,5,4,45,1,1,2,1,3,3,1,66,3,2,2,98,0,0
13,130903,2,3,1,17,11,13,1,12,11,1,0,13,1,7,482,7482,31,2005,1D7HA16D65J5,1,D,7,H,A,1,6,D,6,5,J,5,0,T,DODG,S15,PK,5,17,,2,1405,1205,RPC,G,,,8,348,,,,B,4318,01,E,42,0,0,000000000,00000000000,0,0,0,1,0,0,0,0,0,0,0,998,0,0,0,7,98,2,1,12,0,0,0,1,13,30049,6,1,6,0,3,0,68,195,98,0,0,1,0,1,2011,1,2011,0,0,0,0,0,2,2,45,1,1,2,1,3,3,11,15,1,1,1,98,0,0