STATE,ST_CASE,VEH_NO,VE_FORMS,NUMOCCS,DAY,MONTH,HOUR,MINUTE,HARM_EV,MAN_COLL,UNITTYPE,HIT_RUN,REG_STAT,OWNER,MAKE,MODEL,MAK_MOD,BODY_TYP,MOD_YEAR,VIN,VIN_1,VIN_2,VIN_3,VIN_4,VIN_5,VIN_6,VIN_7,VIN_8,VIN_9,VIN_10,VIN_11,VIN_12,TOW_VEH,VINTYPE,VINMAKE,VINA_MOD,VIN_BT,VINMODYR,VIN_LNGT,VIN_WGT,WGTCD_TR,WHLBS_LG,WHLBS_SH,SER_TR,FUELCODE,MCYCL_DS,CARBUR,CYLINDER,DISPLACE,MCYCL_CY,MCYCL_WT,TIRE_SZE,TON_RAT,TRK_WT,TRKWTVAR,VIN_REST,WHLDRWHL,J_KNIFE,MCARR_I1,MCARR_I2,MCARR_ID,GVWR,V_CONFIG,CARGO_BT,HAZ_INV,HAZ_PLAC,HAZ_ID,HAZ_CNO,HAZ_REL,BUS_USE,SPEC_USE,EMER_USE,TRAV_SP,UNDERIDE,ROLLOVER,ROLINLOC,IMPACT1,IMPACT2,DEFORMED,TOWED,M_HARM,VEH_SC1,VEH_SC2,FIRE_EXP,DR_PRES,L_STATE,DR_ZIP,L_STATUS,L_TYPE,CDL_STAT,L_ENDORS,L_COMPL,L_RESTRI,DR_HGT,DR_WGT,PREV_ACC,PREV_SUS,PREV_DWI,PREV_SPD,PREV_OTH,FIRST_MO,FIRST_YR,LAST_MO,LAST_YR,SPEEDREL,DR_SF1,DR_SF2,DR_SF3,DR_SF4,VTRAFWAY,VNUM_LAN,VSPD_LIM,VALIGN,VPROFILE,VPAVETYP,VSURCOND,VTRAFCON,VTCONT_F,P_CRASH1,P_CRASH2,P_CRASH3,PCRASH4,PCRASH5,ACC_TYPE,DEATHS,DR_DRINK
13,130963,2,2,3,9,4,13,10,12,6,1,0,13,1,12,472,12472,30,1980,SGTBXG04681,S,G,T,B,X,G,0,4,6,8,1,,0,T,FORD,COU,PK,80,11,,1,1130,1070,COU,G,,,4,140,,,,,,,,42,0,0,000000000,00000000000,0,0,0,1,0,0,0,0,0,0,0,998,0,1,5,12,12,6,2,12,0,0,0,1,13,31525,6,1,0,0,3,0,63,190,98,0,0,1,0,3,2009,3,2009,0,0,0,0,0,1,2,45,2,1,8,1,40,3,14,62,1,1,1,65,3,0
13,130964,1,1,2,17,4,17,13,42,0,1,0,92,0,35,34,35034,2,1983,JN1HZ04S1DX5,J,N,1,H,Z,0,4,S,1,D,X,5,0,P,DATS,28X,2H,83,17,2860,,0,913,,G,,F,6,168,,,14R205,,,,,,0,0,000000000,00000000000,0,0,0,1,0,0,0,0,0,0,0,998,0,0,0,3,3,6,2,42,0,0,0,1,13,30143,6,1,0,0,3,3,66,180,98,1,0,1,2,7,2008,5,2009,1,29,36,0,0,1,2,25,3,1,8,1,0,0,14,3,1,4,4,7,1,1
13,130965,1,2,3,22,4,21,51,12,6,1,0,13,2,32,42,32042,4,1998,WAUBA34B2WN0,W,A,U,B,A,3,4,B,2,W,N,0,0,P,AUDI,A6Q,4D,98,17,3603,,0,1086,,G,,F,6,169,,,15R195,,,,,,0,0,000000000,00000000000,0,0,0,1,0,0,0,0,0,0,0,998,0,0,0,12,12,6,2,12,0,0,0,1,13,31510,0,0,0,0,0,0,999,999,98,0,0,0,0,0,0,0,0,0,39,0,0,0,2,2,55,1,1,8,1,20,3,1,17,99,9,9,86,1,0
13,130965,2,2,6,22,4,21,51,12,6,1,0,13,1,12,422,12422,15,2006,1FMPU17556LA,1,F,M,P,U,1,7,5,5,6,L,A,0,P,FORD,EPT,UT,6,17,5353,,0,1190,,G,,F,8,329,,,17R265,,,,,,0,0,000000000,00000000000,0,0,0,1,0,0,0,0,0,0,0,998,0,0,0,2,2,6,2,12,0,0,0,1,13,31642,6,1,0,0,3,3,71,250,98,0,0,0,0,0,0,0,0,0,0,0,0,0,2,2,65,1,1,8,1,0,0,1,17,99,9,9,87,0,0
13,130966,1,3,1,30,4,18,30,12,6,1,0,13,2,22,18,22018,4,2001,1G2NE52T81M5,1,G,2,N,E,5,2,T,8,1,M,5,0,P,PONT,GAS,4D,1,17,3116,,0,1070,,G,,F,4,146,,,15R215,,,,,,0,0,000000000,00000000000,0,0,0,1,0,0,0,0,0,0,0,998,0,0,0,10,10,6,2,12,0,0,0,1,13,31542,6,1,0,0,3,3,63,114,98,2,0,0,0,5,2010,5,2010,1,39,92,0,0,1,2,35,1,1,2,1,3,3,1,17,1,1,1,89,0,1
13,130966,2,3,1,30,4,18,30,12,6,1,0,13,1,72,706,72706,80,1986,1HD1EBL20GY1,1,H,D,1,E,B,L,2,0,G,Y,1,0,M,HD,FRS,RS,86,17,,,,,,,1340,,2,,4,575,,,,,,,0,0,000000000,00000000000,0,0,0,1,0,0,0,0,0,0,0,998,0,0,0,12,98,4,3,12,0,0,0,1,13,31523,6,1,0,0,3,0,73,185,98,0,0,0,2,4,2009,6,2009,0,0,0,0,0,1,2,25,1,1,2,1,3,3,1,66,99,1,1,88,1,0
13,130966,3,3,2,30,4,18,30,12,6,1,0,92,0,14,6,14006,4,1994,2MELM75W9RX6,2,M,E,L,M,7,5,W,9,R,X,6,0,P,MERC,MGL,4D,94,17,3796,,0,1144,,G,,F,8,281,,,15R215,,,,,,0,0,000000000,00000000000,0,0,0,1,0,0,0,0,0,0,0,0,0,0,0,12,12,2,1,12,0,0,0,1,13,31525,1,1,0,0,2,3,63,180,98,2,0,0,0,8,2010,8,2010,0,0,0,0,0,1,2,35,1,1,2,1,3,3,5,66,1,1,1,98,0,0
13,130967,1,1,2,19,5,19,48,35,0,1,0,92,0,49,472,49472,30,2004,5TENL42N94Z3,5,T,E,N,L,4,2,N,9,4,Z,3,0,T,TOYT,REG,PK,4,17,,1,0,1033,TAC,G,,,4,149,,,,B,2750,00,U,42,0,0,000000000,00000000000,0,0,0,1,0,0,0,0,0,0,0,998,0,1,6,14,7,6,2,42,0,0,0,1,13,30533,6,1,0,0,3,0,63,120,98,0,0,0,0,0,0,0,0,0,29,0,0,0,1,2,15,1,6,8,1,0,0,1,13,1,1,4,1,2,0
13,130968,1,1,3,1,6,20,18,9,0,1,0,13,1,12,401,12401,14,1994,1FMDU32X7RUC,1,F,M,D,U,3,2,X,7,R,U,C,0,P,FORD,EPR,UT,94,17,3863,,0,1120,,G,,F,6,245,,,15R225,,,,,,0,0,000000000,00000000000,0,0,0,1,0,0,0,0,0,0,0,998,0,0,0,1,98,4,1,9,0,0,0,1,13,30012,0,0,0,0,0,0,65,135,98,0,0,0,0,0,0,0,0,0,86,0,0,0,1,3,45,1,1,2,1,0,0,1,80,1,1,1,13,0,0
13,130969,1,2,2,10,6,15,25,12,1,1,0,13,1,12,481,12481,31,1996,1FTEX15H6TKA,1,F,T,E,X,1,5,H,6,T,K,A,0,T,FORD,F15,PC,96,17,,2,1550,1390,COF,G,,,8,351,,,,B,00000,00,M,42,0,0,000000000,00000000000,0,0,0,1,0,0,0,0,0,0,0,998,0,0,0,6,6,2,9,12,0,0,0,1,13,30439,6,1,0,0,3,0,69,204,98,0,0,0,0,0,0,0,0,0,0,0,0,0,1,2,55,1,1,8,1,0,0,1,53,1,1,1,25,1,0
13,130969,2,2,3,10,6,15,25,12,1,1,1,13,2,20,481,20481,31,1985,1GCDC14H5FF4,1,G,C,D,C,1,4,H,5,F,F,4,0,T,CHEV,C10,PK,85,17,,1,1315,1175,C10,G,,,8,305,,,,B,3319,07,,42,0,0,000000000,00000000000,0,0,0,1,0,0,0,0,0,0,0,998,0,0,0,12,12,4,3,12,0,0,0,1,13,30458,0,0,0,0,0,0,73,235,98,3,0,0,1,9,2008,6,2011,1,26,0,0,0,1,2,55,1,1,8,1,0,0,1,51,3,2,1,24,0,1
13,130970,1,1,1,10,6,16,5,1,0,1,0,13,1,72,706,72706,80,2006,1HD1BNY186Y0,1,H,D,1,B,N,Y,1,8,6,Y,0,0,M,HD,FLN,RS,6,17,,,,,,,1450,,2,,4,651,,,,,,,0,0,000000000,00000000000,0,0,0,1,0,0,0,0,0,0,0,998,0,0,0,0,98,6,2,1,0,0,0,1,13,30528,6,1,0,0,3,0,67,137,98,1,0,2,1,9,2008,3,2011,0,99,99,99,99,1,2,35,2,6,8,1,0,0,14,9,99,1,1,98,1,0
13,130971,1,2,4,16,6,6,0,12,7,1,0,13,2,58,35,58035,4,2000,JNKCA31A1YT1,J,N,K,C,A,3,1,A,1,Y,T,1,0,P,INFI,I30,4D,0,17,3227,,0,1063,,G,,F,6,182,,,16R215,,,,,,0,0,000000000,00000000000,0,0,0,1,0,0,0,0,0,0,0,998,0,1,5,9,9,6,2,42,0,0,0,1,13,31510,3,1,0,0,2,0,62,232,98,0,0,0,0,0,0,0,0,0,85,58,35,28,1,2,55,1,6,8,1,0,0,6,10,1,1,2,48,1,0
13,130971,2,2,1,16,6,6,0,12,7,1,0,93,3,85,881,85881,66,1999,1XKWDR9X4XJ8,1,X,K,W,D,R,9,X,4,X,J,8,1,T,KW,W90,TR,99,17,,8,2850,1600,CON,D,,,6,774,,,,,00000,00,,64,1,57,799799,57799799,3,6,1,1,0,0,0,0,0,0,0,998,0,0,0,1,1,2,1,12,0,0,0,1,13,31510,6,1,6,0,3,0,69,200,98,0,0,0,0,0,0,0,0,0,85,35,0,0,1,2,55,1,6,8,1,0,0,6,51,1,1,2,48,0,0
13,130972,1,1,1,17,6,22,10,34,0,1,0,92,0,37,32,37032,4,1999,JHMCG5659XC0,J,H,M,C,G,5,6,5,9,X,C,0,0,P,HOND,UEX,4D,99,17,3086,,0,1069,,G,,F,4,138,,,15R195,,,,,,0,0,000000000,00000000000,0,0,0,1,0,0,0,0,0,0,0,998,0,0,0,1,1,6,2,34,0,0,0,1,13,30577,6,2,0,0,3,0,59,128,98,0,0,0,0,0,0,0,0,0,58,29,83,0,1,2,55,2,1,8,1,0,0,14,12,7,9,4,7,1,0
13,130973,1,2,1,23,6,16,27,12,2,1,0,13,1,18,7,18007,4,1993,1G4AG55N9P64,1,G,4,A,G,5,5,N,9,P,6,4,0,P,BUIC,CSP,4D,93,17,2870,,0,1047,,G,,F,6,204,,,14R185,,,,,,0,0,000000000,00000000000,0,0,0,1,0,0,0,0,0,0,0,998,0,0,0,12,12,6,2,12,0,0,0,1,13,31602,6,1,0,0,3,0,70,230,98,0,0,0,0,0,0,0,0,0,38,0,0,0,1,2,55,1,5,8,2,0,0,11,15,1,1,2,68,1,0
13,130973,2,2,1,23,6,16,27,12,2,1,0,13,1,49,32,49032,4,1995,1NXAE09B4SZ2,1,N,X,A,E,0,9,B,4,S,Z,2,0,P,TOYT,LED,4D,95,17,2381,,0,970,,G,,F,4,108,,,14R185,,,,,,0,0,000000000,00000000000,0,0,0,1,0,0,0,0,0,0,0,998,0,0,0,12,12,6,2,12,0,0,0,1,13,31643,6,1,0,0,3,0,63,169,98,0,0,0,1,12,2010,12,2010,0,0,0,0,0,1,2,55,1,6,8,2,0,0,1,17,3,2,1,69,0,0
13,130974,1,1,1,23,6,12,15,34,0,1,0,13,2,23,481,23481,31,1999,1GTEC14T9XZ5,1,G,T,E,C,1,4,T,9,X,Z,5,0,T,GMC,NC1,PK,99,17,,2,1330,1190,SIE,G,,,8,325,,,,B,00000,00,U,42,0,0,000000000,00000000000,0,0,0,1,0,0,0,0,0,0,0,998,0,1,5,12,13,6,2,1,0,0,0,1,13,31533,0,0,0,0,0,0,999,999,98,0,0,0,0,0,0,0,0,0,29,0,0,0,1,2,55,1,1,8,1,0,0,1,12,99,9,4,6,1,0
13,130975,1,1,2,25,6,11,20,42,0,1,0,1,1,37,706,37706,80,1996,1HFSC2235TA8,1,H,F,S,C,2,2,3,5,T,A,8,0,M,HOND,1/2,RS,96,17,,,,,,,1520,,6,,4,815,,,,,,,0,0,000000000,00000000000,0,0,0,1,0,0,0,0,0,0,0,998,0,0,0,12,1,6,2,1,0,0,0,1,1,35571,6,1,6,0,3,0,71,230,0,0,0,0,0,0,0,0,0,1,29,0,0,0,1,2,20,3,5,8,1,40,3,14,6,1,1,4,1,1,0
13,130976,1,2,1,25,6,17,10,12,2,1,1,92,0,20,481,20481,31,2004,1GCHK23U24F1,1,G,C,H,K,2,3,U,2,4,F,1,0,T,CHEV,2KH,CW,4,17,,2,1670,1530,SIL,G,,,8,364,,,,C,6056,03,,44,0,0,000000000,00000000000,0,0,0,1,0,0,0,0,0,0,0,998,0,1,9,12,12,6,2,12,0,0,0,1,13,30531,6,1,0,0,3,0,70,150,98,0,0,0,1,4,2010,4,2010,0,28,36,58,0,1,2,45,3,6,8,1,0,0,14,10,7,9,6,50,0,1
13,130976,2,2,1,25,6,17,10,12,2,1,0,13,1,12,13,12013,2,1994,1FARP11J4RW1,1,F,A,R,P,1,1,J,4,R,W,1,0,P,FORD,EST,2H,94,17,2325,,0,984,,G,,F,4,113,,,14R175,,,,,,0,0,000000000,00000000000,0,0,0,1,0,0,0,0,0,0,0,998,0,0,0,12,13,6,2,12,0,0,0,1,13,30546,6,1,0,0,3,0,66,195,98,0,0,0,0,0,0,0,0,0,0,0,0,0,1,2,45,1,5,8,1,0,0,1,62,99,9,9,51,1,0
13,130977,1,1,1,2,7,99,99,42,0,1,0,13,1,2,403,2403,14,1999,1J4FY19S4XP4,1,J,4,F,Y,1,9,S,4,X,P,4,0,T,JEEP,SPW,2W,99,17,,1,0,934,W/T,G,,,6,242,,,,,3143,00,U,44,0,0,000000000,00000000000,0,0,0,1,0,0,0,0,0,0,0,998,0,0,0,11,11,6,2,42,0,0,0,1,13,30016,6,1,5,0,3,3,74,185,98,3,1,0,0,11,2008,4,2009,0,29,0,0,0,1,2,45,1,1,8,1,0,0,1,12,99,1,4,6,1,0
13,130978,1,3,2,15,7,11,56,12,6,1,0,45,1,20,481,20481,31,1999,2GCEC19T6X11,2,G,C,E,C,1,9,T,6,X,1,1,0,T,CHEV,SC1,3C,99,17,,2,1575,1435,SIL,G,,,8,325,,,,B,4235,02,,42,0,0,000000000,00000000000,0,0,0,1,0,0,0,0,0,0,0,998,0,1,1,10,10,4,3,12,0,0,0,1,45,29920,6,1,0,0,3,0,69,160,0,1,1,1,0,9,2009,3,2011,0,87,28,0,0,5,4,55,1,1,8,2,0,0,1,5,7,3,2,64,0,0
13,130978,2,3,1,15,7,11,56,12,6,1,0,13,1,21,441,21441,20,2001,1GHDX03E51D1,1,G,H,D,X,0,3,E,5,1,D,1,0,T,OLDS,SIL,ES,1,17,,1,0,1200,SIL,G,,,6,207,,,,B,3948,00,K,42,0,0,000000000,00000000000,0,0,0,1,0,0,0,0,0,0,0,998,0,0,0,12,12,6,2,12,0,0,0,1,13,31522,6,1,0,0,3,0,71,250,98,0,0,0,0,0,0,0,0,0,0,0,0,0,5,4,55,1,1,8,2,0,0,1,62,99,1,1,65,1,0
13,130978,3,3,1,15,7,11,56,12,6,1,0,12,3,12,473,12473,30,2010,1FMEU6DE4AUA,1,F,M,E,U,6,D,E,4,A,U,A,0,P,FORD,EPR,UT,10,17,4455,,0,1137,,G,,F,6,244,,,16R235,,,,,,0,0,000000000,00000000000,0,0,0,1,0,0,0,0,0,0,0,998,0,0,0,18,12,4,3,54,0,0,0,1,13,31542,6,1,0,0,3,0,68,160,98,0,0,0,0,0,0,0,0,0,0,0,0,0,5,4,55,1,1,8,2,0,0,1,62,99,1,1,98,0,0
13,130979,1,2,1,28,7,20,25,12,6,1,0,99,9,37,739,37739,90,1992,000000000000,0,0,0,0,0,0,0,0,0,0,0,0,0,,,,,,,,,,,,,,,,,,,,,,,,,0,0,000000000,00000000000,0,0,0,1,0,0,0,0,0,0,0,998,0,1,5,12,13,2,9,12,0,0,0,1,13,30107,1,1,1,0,1,0,69,230,98,2,1,0,1,4,2010,4,2011,0,24,29,0,0,1,2,50,1,1,8,1,0,0,16,13,1,1,6,98,1,1
13,130979,2,2,2,28,7,20,25,12,6,1,0,13,2,12,481,12481,31,2002,1FTRW07602KA,1,F,T,R,W,0,7,6,0,2,K,A,0,T,FORD,F1S,CW,2,17,,2,0,1385,COF,G,,,8,281,,,,B,4655,02,E,42,0,0,000000000,00000000000,0,0,0,1,0,0,0,0,0,0,0,998,0,0,0,4,4,2,1,12,0,0,0,1,13,30175,6,1,0,0,3,0,67,155,98,0,0,0,0,0,0,0,0,0,35,0,0,0,1,2,50,1,1,8,1,0,0,6,64,1,1,1,98,0,0
13,130980,1,1,4,9,8,16,12,43,0,1,1,13,3,86,881,86881,63,1987,VG6M111B0HB0,V,G,6,M,1,1,1,B,0,H,B,0,0,T,MACK,MS2,TB,87,17,,7,0,0,200,D,,,6,335,,,,,00000,00,,42,0,88,888888888,88888888888,3,2,5,1,0,0,0,0,0,0,0,998,0,0,0,12,12,6,2,42,0,0,0,1,13,30113,6,1,0,0,2,0,69,200,98,0,0,0,2,3,2009,6,2011,1,29,39,0,0,1,2,45,1,1,8,1,20,3,1,6,3,2,4,14,1,0
13,130981,1,1,1,17,8,13,25,1,0,1,0,13,3,12,481,12481,40,1999,1FDSF35F2XED,1,F,D,S,F,3,5,F,2,X,E,D,0,T,FORD,F3S,CB,99,17,,2,0,1410,SRW,D,,,8,444,,,,D,00000,00,E,44,0,88,888888888,88888888888,2,1,96,1,0,0,0,0,0,0,0,998,0,2,3,0,13,6,2,1,0,0,0,1,13,30546,6,1,0,0,3,0,73,205,98,0,0,0,0,0,0,0,0,0,58,29,0,0,2,2,65,2,6,8,1,0,0,14,12,6,4,4,7,1,0
13,130982,1,1,1,17,8,13,47,1,0,1,0,17,2,20,401,20401,14,1994,1GNCT18W8R01,1,G,N,C,T,1,8,W,8,R,0,1,0,P,CHEV,S10,UT,94,17,3506,,0,1005,,G,,F,6,262,,,000000,,,,,,0,0,000000000,00000000000,0,0,0,1,0,0,0,0,0,0,0,998,0,2,5,0,13,6,2,1,0,0,0,1,13,31750,6,1,0,0,3,0,67,230,98,0,0,0,1,10,2010,10,2010,0,58,29,0,0,1,2,55,3,1,8,1,0,0,14,13,7,4,4,2,1,0
13,130983,1,1,1,17,8,17,13,34,0,1,0,13,1,21,21,21021,4,2002,1G3NF52E92C3,1,G,3,N,F,5,2,E,9,2,C,3,0,P,OLDS,AGS,4D,2,17,3147,,0,1070,,G,,F,6,207,,,16R225,,,,,,0,0,000000000,00000000000,0,0,0,1,0,0,0,0,0,0,0,998,0,0,0,14,10,6,2,42,0,0,0,1,13,30014,6,1,0,0,3,0,63,130,98,0,0,0,0,0,0,0,0,0,58,29,0,0,1,2,55,1,1,8,1,0,0,1,12,1,1,4,6,1,0
13,130984,1,1,1,19,8,22,31,33,0,1,0,13,2,76,709,76709,80,2007,JYARN20Y17A0,J,Y,A,R,N,2,0,Y,1,7,A,0,0,M,YAMA,YFR,RC,7,17,,,,,,,998,,4,,4,381,,,,,,,0,0,000000000,00000000000,0,0,0,1,0,0,0,0,0,0,0,998,0,0,0,12,98,6,2,33,0,0,0,1,13,30135,6,1,6,0,3,2,73,175,98,2,0,0,0,3,2010,3,2010,1,33,74,29,0,1,2,45,3,5,8,1,40,3,6,13,1,1,4,1,1,1
13,130985,1,2,1,19,8,17,25,12,2,1,0,13,1,23,481,23481,31,1999,1GTEK19T1XE5,1,G,T,E,K,1,9,T,1,X,E,5,0,T,GMC,NK1,3C,99,17,,2,1575,1435,SIE,G,,,8,325,,,,B,00000,00,U,44,0,0,000000000,00000000000,0,0,0,1,0,0,0,0,0,0,0,998,0,1,2,12,12,6,2,12,0,0,0,1,13,31602,6,1,0,0,3,3,71,170,98,0,0,0,0,0,0,0,0,0,58,29,0,0,1,2,55,3,1,8,1,0,0,14,10,6,4,6,50,0,0
13,130985,2,2,1,19,8,17,25,12,2,1,0,13,1,35,49,35049,6,2007,JN8AZ08TX7W5,J,N,8,A,Z,0,8,T,X,7,W,5,0,P,NISS,MUR,UT,7,17,3723,,0,1112,,G,,F,6,213,,,000000,,,,,,0,0,000000000,00000000000,0,0,0,1,0,0,0,0,0,0,0,998,0,0,0,12,12,6,2,12,0,0,0,1,13,31632,6,1,0,0,3,0,65,130,98,0,0,0,0,0,0,0,0,0,0,0,0,0,1,2,55,3,1,8,1,0,0,14,62,99,1,1,51,1,0
13,130986,1,1,1,19,8,19,17,59,0,1,0,13,1,18,3,18003,4,1991,1G4CW53L2M17,1,G,4,C,W,5,3,L,2,M,1,7,0,P,BUIC,PKA,4D,91,17,3485,,0,1108,,G,,F,6,231,,,15R205,,,,,,0,0,000000000,00000000000,0,0,0,1,0,0,0,0,0,0,0,998,0,1,5,12,12,6,2,1,0,0,0,1,13,31801,6,1,0,0,3,0,69,148,98,0,0,0,0,0,0,0,0,0,39,29,0,0,1,2,55,1,1,8,1,20,3,1,14,1,1,4,14,1,1
13,130987,1,1,1,20,8,19,20,42,0,1,0,13,2,35,47,35047,4,2005,1N4BL11E85C2,1,N,4,B,L,1,1,E,8,5,C,2,0,P,NISS,ASR,4D,5,17,3101,,0,1102,,G,,F,6,214,,,17R215,,,,,,0,0,000000000,00000000000,0,0,0,1,0,0,0,0,0,0,0,998,0,1,5,4,4,6,2,1,0,0,0,1,13,39823,6,1,0,0,3,0,67,135,98,0,0,0,2,7,2011,8,2011,0,29,0,0,0,1,2,55,1,1,8,1,0,0,1,13,6,4,4,2,1,1
13,130988,1,1,3,21,8,1,0,1,0,1,0,13,1,12,401,12401,14,1996,1FMDU35P7TZB,1,F,M,D,U,3,5,P,7,T,Z,B,0,P,FORD,EPR,UT,96,17,4189,,0,1115,,G,,F,8,302,,,15R225,,,,,,0,0,000000000,00000000000,0,0,0,1,0,0,0,0,0,0,0,998,0,2,5,0,13,6,2,1,0,0,0,1,13,31643,6,1,0,0,3,0,65,200,98,6,0,0,1,10,2009,6,2010,0,58,29,0,0,1,2,55,1,6,8,1,0,0,1,12,6,4,4,7,1,1
13,130989,1,1,1,22,8,10,16,8,0,1,0,12,1,12,481,12481,31,2003,1FTRW08L13KB,1,F,T,R,W,0,8,L,1,3,K,B,0,T,FORD,F1S,CW,3,17,,2,0,1388,COF,G,,,8,330,,,,B,5005,00,U,44,0,0,000000000,00000000000,0,0,0,1,0,0,0,0,0,0,0,998,0,0,0,12,12,6,2,8,0,0,0,1,12,32257,6,1,0,0,3,0,70,999,0,0,0,0,0,0,0,0,0,0,86,0,0,0,3,4,65,1,1,8,1,0,0,1,80,1,1,1,13,0,0
13,130990,1,1,2,22,8,2,1,18,0,1,0,13,1,98,709,98709,80,1974,9D29151H4,9,D,2,9,1,5,1,H,4,,,,0,U,,,,74,9,,,,,,,,,,,,,,,,,,,0,0,000000000,00000000000,0,0,0,1,0,0,0,0,0,0,0,998,0,0,0,12,12,6,2,18,0,0,0,1,13,30642,6,1,0,0,3,0,72,190,98,0,0,0,0,0,0,0,0,0,82,0,0,0,1,2,55,1,4,8,2,0,0,1,90,1,1,1,12,1,0
13,130991,1,1,1,24,8,22,26,38,0,1,0,13,2,12,481,12481,31,2005,1FTRF12W15KC,1,F,T,R,F,1,2,W,1,5,K,C,0,T,FORD,F15,PK,5,17,,2,1450,1260,COF,G,,,8,281,,,,B,4615,02,U,42,0,0,000000000,00000000000,0,0,0,1,0,0,0,0,0,0,0,998,0,1,5,12,13,6,2,1,0,0,0,1,13,30815,1,1,0,0,2,0,63,128,98,0,0,0,0,0,0,0,0,1,29,0,0,0,1,2,55,1,6,8,1,0,0,1,6,99,9,4,7,1,0
13,130992,1,2,1,25,8,15,15,12,6,1,0,92,0,19,22,19022,4,2011,1G6KA5E63BU1,1,G,6,K,A,5,E,6,3,B,U,1,0,P,CADI,TDS,4D,11,17,4009,,0,1156,,G,,F,8,281,,,17R235,,,,,,0,0,000000000,00000000000,0,0,0,1,0,0,0,0,0,0,0,998,0,0,0,2,2,6,2,12,0,0,0,1,13,31010,6,1,0,0,3,3,74,196,98,0,0,0,0,0,0,0,0,0,38,0,0,0,1,2,35,1,1,8,1,20,3,1,17,1,1,1,87,1,1
13,130992,2,2,1,25,8,15,15,12,6,1,0,13,1,12,481,12481,31,2003,1FTRW07L23KC,1,F,T,R,W,0,7,L,2,3,K,C,0,T,FORD,F1S,CW,3,17,,2,0,1385,COF,G,,,8,330,,,,B,4655,00,U,42,0,0,000000000,00000000000,0,0,0,1,0,0,0,0,0,0,0,998,0,0,0,12,12,6,2,12,0,0,0,1,13,39842,6,1,6,0,3,0,72,245,98,0,0,0,0,0,0,0,0,0,0,0,0,0,2,2,55,1,1,8,1,0,0,1,66,1,1,1,86,0,0
13,130993,1,1,2,27,8,2,0,42,0,1,0,13,2,7,482,7482,31,2008,1D7HA16288J1,1,D,7,H,A,1,6,2,8,8,J,1,0,T,DODG,S15,PK,8,17,,2,1405,1205,RPC,G,,,8,348,,,,B,4514,00,E,42,0,0,000000000,00000000000,0,0,0,1,0,0,0,0,0,0,0,998,0,0,0,12,12,6,2,42,0,0,0,1,13,30439,6,1,0,0,3,3,72,210,98,0,0,1,2,12,2009,7,2010,0,29,0,0,0,1,2,55,3,6,8,1,0,0,14,12,6,1,4,6,1,1
13,130994,1,1,1,27,8,23,23,42,0,1,0,13,3,12,481,12481,31,1999,1FTRF18W6XNA,1,F,T,R,F,1,8,W,6,X,N,A,0,T,FORD,F15,PK,99,17,,2,1388,1202,COF,G,,,8,281,,,,B,00000,00,U,44,0,0,000000000,00000000000,0,0,0,1,0,0,0,0,0,0,0,998,0,0,0,9,9,6,2,42,0,0,0,1,13,31327,0,0,0,0,0,0,999,999,98,0,0,0,0,0,0,0,0,1,29,0,0,0,1,2,35,1,1,8,1,0,0,1,6,7,3,4,7,1,0
13,130995,1,1,1,31,8,15,9,52,0,1,0,1,1,37,706,37706,80,2000,1HFSC4101YA1,1,H,F,S,C,4,1,0,1,Y,A,1,0,M,HOND,GLF,RS,0,17,,,,,,,1520,,6,,4,774,,,,,,,0,0,000000000,00000000000,0,0,0,1,0,0,0,0,0,0,0,998,0,0,0,12,12,6,2,52,0,0,0,1,1,35983,6,1,0,0,3,0,70,280,0,0,0,0,0,0,0,0,0,0,29,0,0,0,1,2,55,3,6,8,1,0,0,14,13,1,1,4,1,1,0
13,130996,1,2,3,5,9,17,11,12,6,1,0,13,1,20,19,20019,4,1994,1G1LD5547RY1,1,G,1,L,D,5,5,4,7,R,Y,1,0,P,CHEV,CSA,4D,94,17,2665,,0,1034,,G,,F,4,133,,,14R185,,,,,,0,0,000000000,00000000000,0,0,0,1,0,0,0,0,0,0,0,998,0,0,0,12,98,6,2,12,0,0,0,1,13,31705,6,1,6,0,3,0,73,340,98,0,0,0,2,1,2009,6,2010,0,39,0,0,0,2,2,55,1,1,2,2,20,3,10,16,1,1,2,78,1,0
13,130996,2,2,1,5,9,17,11,12,6,1,0,99,9,85,881,85881,66,2007,1XKADB8X27J0,1,X,K,A,D,B,8,X,2,7,J,0,1,T,KW,T60,TR,7,17,,8,2600,1600,CON,D,,,6,893,,,,,00000,00,,64,1,57,070289,57070289,3,6,1,1,0,0,0,0,0,0,0,998,0,0,0,5,98,6,2,12,0,0,0,1,1,35580,6,1,6,0,3,3,71,210,0,1,0,0,2,9,2008,9,2009,0,89,0,0,0,2,2,55,1,1,2,2,0,0,1,17,1,1,1,79,0,0
13,130997,1,2,1,6,9,15,15,12,6,1,0,13,1,6,42,6042,4,1997,2C3HC56F5VH5,2,C,3,H,C,5,6,F,5,V,H,5,0,P,CHRY,LHS,4D,97,17,3527,,0,1130,,G,,F,6,215,,,16R225,,,,,,0,0,000000000,00000000000,0,0,0,1,0,0,0,0,0,0,0,998,0,0,0,11,10,6,2,12,0,0,0,1,13,31543,6,1,0,0,3,0,63,120,98,0,0,0,0,0,0,0,0,0,38,0,0,0,1,2,55,1,1,8,1,20,3,11,15,1,1,2,82,1,0