STATE,ST_CASE,VEH_NO,VE_FORMS,NUMOCCS,DAY,MONTH,HOUR,MINUTE,HARM_EV,MAN_COLL,UNITTYPE,HIT_RUN,REG_STAT,OWNER,MAKE,MODEL,MAK_MOD,BODY_TYP,MOD_YEAR,VIN,VIN_1,VIN_2,VIN_3,VIN_4,VIN_5,VIN_6,VIN_7,VIN_8,VIN_9,VIN_10,VIN_11,VIN_12,TOW_VEH,VINTYPE,VINMAKE,VINA_MOD,VIN_BT,VINMODYR,VIN_LNGT,VIN_WGT,WGTCD_TR,WHLBS_LG,WHLBS_SH,SER_TR,FUELCODE,MCYCL_DS,CARBUR,CYLINDER,DISPLACE,MCYCL_CY,MCYCL_WT,TIRE_SZE,TON_RAT,TRK_WT,TRKWTVAR,VIN_REST,WHLDRWHL,J_KNIFE,MCARR_I1,MCARR_I2,MCARR_ID,GVWR,V_CONFIG,CARGO_BT,HAZ_INV,HAZ_PLAC,HAZ_ID,HAZ_CNO,HAZ_REL,BUS_USE,SPEC_USE,EMER_USE,TRAV_SP,UNDERIDE,ROLLOVER,ROLINLOC,IMPACT1,IMPACT2,DEFORMED,TOWED,M_HARM,VEH_SC1,VEH_SC2,FIRE_EXP,DR_PRES,L_STATE,DR_ZIP,L_STATUS,L_TYPE,CDL_STAT,L_ENDORS,L_COMPL,L_RESTRI,DR_HGT,DR_WGT,PREV_ACC,PREV_SUS,PREV_DWI,PREV_SPD,PREV_OTH,FIRST_MO,FIRST_YR,LAST_MO,LAST_YR,SPEEDREL,DR_SF1,DR_SF2,DR_SF3,DR_SF4,VTRAFWAY,VNUM_LAN,VSPD_LIM,VALIGN,VPROFILE,VPAVETYP,VSURCOND,VTRAFCON,VTCONT_F,P_CRASH1,P_CRASH2,P_CRASH3,PCRASH4,PCRASH5,ACC_TYPE,DEATHS,DR_DRINK
13,130997,2,2,1,6,9,15,15,12,6,1,0,40,1,82,881,82881,66,2004,1FUJBBCG74LM,1,F,U,J,B,B,C,G,7,4,L,M,1,T,FRHT,ST2,TR,4,17,,8,0,0,CON,D,,,6,774,,,,,00000,00,,64,1,57,859109,57859109,3,6,1,1,0,0,0,0,0,0,0,998,0,0,0,12,12,6,2,12,0,0,0,1,12,32608,6,1,6,0,3,0,69,999,0,0,0,1,0,6,2011,6,2011,0,0,0,0,0,1,2,55,1,1,8,1,4,3,1,66,3,2,2,83,0,0
13,130998,1,2,1,8,9,16,11,12,1,1,0,13,2,22,16,22016,2,2004,1G2JB12F3471,1,G,2,J,B,1,2,F,3,4,7,1,0,P,PONT,SFR,CP,4,17,2771,,0,1041,,G,,F,4,134,,,15R195,,,,,,0,0,000000000,00000000000,0,0,0,1,0,0,0,0,0,0,0,998,0,0,0,12,12,6,2,12,0,0,0,1,13,30114,6,1,0,0,3,0,64,160,98,0,0,1,1,1,2009,8,2010,0,26,0,0,0,3,7,55,1,6,8,1,0,0,1,52,99,1,1,28,1,0
13,130998,2,2,2,8,9,16,11,12,1,1,0,13,1,12,13,12013,4,1993,3FAPP13J3PR1,3,F,A,P,P,1,3,J,3,P,R,1,0,P,FORD,LXE,4D,93,17,2364,,0,984,,G,,F,4,113,,,13R175,,,,,,0,0,000000000,00000000000,0,0,0,1,0,0,0,0,0,0,0,998,0,0,0,6,6,4,1,12,0,0,0,1,13,30043,6,2,0,0,3,0,59,93,98,0,0,0,1,3,2010,3,2010,0,0,0,0,0,3,7,55,1,6,8,1,0,0,2,53,1,1,1,29,0,0
13,130999,1,1,1,14,9,8,45,43,0,1,0,13,2,20,431,20431,16,2001,3GNEC16T91G1,3,G,N,E,C,1,6,T,9,1,G,1,0,P,CHEV,C15,UT,1,17,4914,,0,1300,,G,,F,8,325,,,16R245,,,,,,0,0,000000000,00000000000,0,0,0,1,0,0,0,0,0,0,0,998,0,0,0,14,12,6,2,42,0,0,0,1,13,31543,6,1,0,0,3,0,65,128,98,0,0,0,0,0,0,0,0,1,29,0,0,0,1,2,35,1,1,8,1,65,3,1,6,1,1,1,15,1,0
13,131000,1,2,1,19,9,9,20,12,6,1,0,13,1,52,401,52401,14,2002,JA4MW31R82J0,J,A,4,M,W,3,1,R,8,2,J,0,0,P,MITS,MON,UT,2,17,4600,,0,1095,,G,,F,6,213,,,16R265,,,,,,0,0,000000000,00000000000,0,0,0,1,0,0,0,0,0,0,0,998,0,0,0,4,4,6,2,12,0,0,0,1,13,31833,6,1,0,0,3,0,75,260,98,1,0,2,0,5,2011,7,2011,0,58,29,0,0,1,2,55,1,5,8,1,0,0,1,10,6,4,2,64,1,0
13,131000,2,2,2,19,9,9,20,12,6,1,0,13,1,49,32,49032,4,2011,2T3ZF4DV7BW0,2,T,3,Z,F,4,D,V,7,B,W,0,0,P,TOYT,RG4,UT,11,17,3300,,0,0,,G,,F,4,153,,,000000,,,,,,0,0,000000000,00000000000,0,0,0,1,0,0,0,0,0,0,0,998,0,1,1,12,12,6,2,12,0,0,0,1,13,30240,6,1,0,0,3,3,59,130,98,0,0,0,0,0,0,0,0,0,0,0,0,0,1,2,55,1,5,8,1,0,0,1,62,99,1,1,65,0,0
13,131001,1,2,2,1,12,20,47,12,6,1,0,13,2,49,32,49032,4,2009,JTDBL40E69J0,J,T,D,B,L,4,0,E,6,9,J,0,0,P,TOYT,CLB,4D,9,17,2723,,0,1024,,G,,F,4,110,,,15R195,,,,,,0,0,000000000,00000000000,0,0,0,1,0,0,0,0,0,0,0,998,0,0,0,2,98,6,2,12,0,0,0,1,13,30605,6,1,0,0,3,3,62,120,98,0,0,0,0,0,0,0,0,0,38,0,0,0,2,2,45,1,2,2,1,3,3,11,15,1,1,2,68,1,0
13,131001,2,2,2,1,12,20,47,12,6,1,0,13,1,2,404,2404,14,2001,1J4FF58S91L5,1,J,4,F,F,5,8,S,9,1,L,5,0,T,JEEP,LCL,4W,1,17,,1,0,1014,CHK,G,,,6,244,,,,,3249,00,E,44,0,0,000000000,00000000000,0,0,0,1,0,0,0,0,0,0,0,998,0,0,0,12,98,6,2,12,0,0,0,1,13,31008,6,1,0,0,3,0,69,290,98,0,0,0,0,0,0,0,0,0,0,0,0,0,2,2,45,1,2,2,1,3,3,1,62,3,1,1,69,0,0
13,131002,1,1,1,22,11,9,24,35,0,1,0,13,1,37,31,37031,4,1996,1HGEJ6573TL0,1,H,G,E,J,6,5,7,3,T,L,0,0,P,HOND,UCL,4D,96,17,2375,,0,1032,,G,,F,4,097,,,14R185,,,,,,0,0,000000000,00000000000,0,0,0,1,0,0,0,0,0,0,0,998,0,0,0,11,3,6,2,42,0,0,0,1,13,30517,6,1,0,0,3,0,72,200,98,0,0,0,0,0,0,0,0,0,99,99,99,99,1,2,50,1,6,2,1,0,0,1,12,1,1,4,6,1,0
13,131003,1,1,1,22,11,14,46,33,0,1,0,13,1,12,481,12481,31,2001,1FTZX17261NB,1,F,T,Z,X,1,7,2,6,1,N,B,0,T,FORD,F15,4C,1,17,,1,1571,1385,COF,G,,,6,256,,,,B,4204,05,U,42,0,0,000000000,00000000000,0,0,0,1,0,0,0,0,0,0,0,998,0,0,0,12,12,6,2,42,0,0,1,1,13,30240,6,1,0,0,3,0,77,210,98,0,0,0,0,0,0,0,0,0,99,99,99,99,1,2,30,1,2,2,1,20,3,1,12,1,1,4,1,1,0
13,131004,1,1,2,23,11,1,0,34,0,1,0,92,0,20,431,20431,16,2001,3GNEC16T21G2,3,G,N,E,C,1,6,T,2,1,G,2,0,P,CHEV,C15,UT,1,17,4914,,0,1300,,G,,F,8,325,,,16R245,,,,,,0,0,000000000,00000000000,0,0,0,1,0,0,0,0,0,0,0,998,0,1,6,12,9,6,2,1,0,0,0,1,13,31620,6,1,0,0,3,0,62,120,98,0,0,0,0,0,0,0,0,0,0,0,0,0,1,2,30,3,1,2,2,0,0,14,13,1,1,4,1,1,1
13,131005,1,2,1,23,11,13,3,12,2,1,0,13,3,86,890,86890,78,1975,R686ST6109,R,6,8,6,S,T,6,1,0,9,,,1,T,MACK,,,75,10,,,,,,,,,,,,,,,,,,,1,88,888888888,88888888888,2,19,98,1,0,0,0,0,0,0,0,998,0,0,0,12,12,6,2,12,0,0,0,1,13,31069,6,1,6,0,3,0,68,205,98,1,0,2,0,2,2009,11,2010,0,28,0,0,0,1,2,55,1,1,2,1,0,0,2,10,1,1,2,50,0,0
13,131005,2,2,1,23,11,13,3,12,2,1,0,13,1,18,3,18003,4,1997,1G4CU5217V46,1,G,4,C,U,5,2,1,7,V,4,6,0,P,BUIC,PAU,4D,97,17,3879,,0,1138,,G,,Z,6,231,,,16R225,,,,,,0,0,000000000,00000000000,0,0,0,1,0,0,0,0,0,0,0,998,0,0,0,12,12,6,2,12,32,0,0,1,13,31092,6,1,0,0,3,0,74,210,98,0,0,0,2,7,2010,12,2010,0,0,0,0,0,1,2,55,1,1,2,1,0,0,1,62,1,1,1,51,1,0
13,131006,1,3,1,23,11,16,58,12,8,1,0,13,2,20,37,20037,4,2005,1G1ZT62825F1,1,G,1,Z,T,6,2,8,2,5,F,1,0,P,CHEV,XLS,4D,5,17,3476,,0,1123,,G,,F,6,214,,,16R215,,,,,,0,0,000000000,00000000000,0,0,0,1,0,0,0,0,0,0,0,998,0,0,0,11,12,6,2,12,0,0,0,1,13,30168,6,1,5,0,3,0,69,150,98,2,0,0,1,5,2009,9,2011,0,0,0,0,0,1,2,45,2,1,2,1,0,0,14,10,1,1,2,64,0,0
13,131006,2,3,1,23,11,16,58,12,8,1,0,13,1,12,481,12481,31,2006,1FTRW12WX6KB,1,F,T,R,W,1,2,W,X,6,K,B,0,T,FORD,F1S,CW,6,17,,2,0,1390,COF,G,,,8,281,,,,B,5176,01,E,42,0,0,000000000,00000000000,0,0,0,1,0,0,0,0,0,0,0,998,0,0,0,7,7,2,1,12,0,0,0,1,13,30134,6,1,5,0,3,0,71,195,98,5,0,4,0,1,2009,11,2011,0,0,0,0,0,1,2,45,3,1,2,1,0,0,14,62,1,1,1,65,0,0
13,131006,3,3,4,23,11,16,58,12,8,1,0,13,1,12,37,12037,4,2009,1FAHP35N79W1,1,F,A,H,P,3,5,N,7,9,W,1,0,P,FORD,FSE,4D,9,17,2623,,0,1029,,G,,F,4,122,,,16R205,,,,,,0,0,000000000,00000000000,0,0,0,1,0,0,0,0,0,0,0,998,0,0,0,12,11,6,2,12,0,0,0,1,13,30138,6,1,0,0,3,0,66,175,98,1,1,0,1,7,2009,6,2011,0,0,0,0,0,1,2,45,3,1,2,1,0,0,14,62,1,1,1,98,1,0
13,131007,1,2,1,23,11,6,39,12,6,1,0,13,1,12,471,12471,30,2004,1FTYR44U14PA,1,F,T,Y,R,4,4,U,1,4,P,A,0,T,FORD,RNS,4C,4,17,,1,0,1257,RNG,G,,,6,182,,,,B,3945,00,U,42,0,0,000000000,00000000000,0,0,0,1,0,0,0,0,0,0,0,998,0,0,0,1,1,6,2,12,0,0,0,1,13,30809,6,1,0,0,3,1,71,210,98,0,0,0,0,0,0,0,0,0,39,0,0,0,1,2,55,1,1,2,2,20,3,1,17,1,1,1,87,1,0
13,131007,2,2,1,23,11,6,39,12,6,1,0,40,3,82,881,82881,66,2011,1FUJGEDV2BSB,1,F,U,J,G,E,D,V,2,B,S,B,1,T,FRHT,125,TR,11,17,,8,0,0,CSC,D,,,6,781,,,,,00000,00,,64,1,57,913300,57913300,3,6,1,2,2,1203,88,2,0,0,0,998,0,0,0,12,12,6,2,12,0,0,0,1,13,30907,6,1,6,1,3,0,69,185,98,0,0,0,0,0,0,0,0,0,0,0,0,0,1,2,55,1,6,2,2,0,0,1,66,1,1,1,86,0,0
13,131008,1,1,1,23,11,17,2,32,0,1,0,13,2,20,481,20481,31,1996,1GCEC14W1TZ1,1,G,C,E,C,1,4,W,1,T,Z,1,0,T,CHEV,GC1,PK,96,17,,2,1315,1175,GM4,G,,,6,262,,,,B,3801,01,,42,0,0,000000000,00000000000,0,0,0,1,0,0,0,0,0,0,0,998,0,1,6,12,13,6,2,1,0,0,0,1,13,31027,6,2,0,0,3,1,69,165,98,0,0,0,0,0,0,0,0,1,0,0,0,0,1,2,55,1,1,2,1,0,0,1,12,1,1,4,6,1,1
13,131009,1,1,1,24,11,15,36,1,0,1,0,13,2,37,705,37705,80,1996,JH2PC2502TM5,J,H,2,P,C,2,5,0,2,T,M,5,0,M,HOND,RF3,RC,96,17,,,,,,,600,,4,,4,405,,,,,,,0,0,000000000,00000000000,0,0,0,1,0,0,0,0,0,0,0,998,0,0,0,0,12,6,2,24,0,0,0,1,13,30116,0,0,0,0,0,0,70,250,98,0,0,0,0,0,0,0,0,1,0,0,0,0,1,2,40,3,6,2,1,0,0,14,13,1,2,4,2,1,0
13,131010,1,1,2,24,11,19,45,33,0,1,0,13,1,7,442,7442,20,2006,1D4GP45R86B7,1,D,4,G,P,4,5,R,8,6,B,7,0,P,DODG,CAR,SV,6,17,3851,,0,1133,,G,,F,6,201,,,16R215,,,,,,0,0,000000000,00000000000,0,0,0,1,0,0,0,0,0,0,0,998,0,0,0,12,12,6,2,39,0,0,0,1,13,30135,6,1,0,0,3,0,66,150,98,0,0,1,0,9,2009,9,2009,0,0,0,0,0,1,2,55,2,1,2,1,21,3,14,12,1,1,4,6,1,0
13,131011,1,1,2,24,11,20,45,11,0,1,0,13,1,73,706,73706,80,1998,JKBVNCA18WB5,J,K,B,V,N,C,A,1,8,W,B,5,0,M,KAWK,VN8,RS,98,17,,,,,,,800,,2,,4,485,,,,,,,0,0,000000000,00000000000,0,0,0,1,0,0,0,0,0,0,0,998,0,0,0,12,12,6,2,11,0,0,0,1,13,30560,6,1,0,0,3,0,72,210,98,0,0,0,0,0,0,0,0,0,83,0,0,0,2,4,55,1,6,2,1,0,0,1,88,1,1,1,13,1,0
13,131012,1,2,1,24,11,16,50,12,6,1,0,13,1,20,16,20016,4,2002,1G1JC5248271,1,G,1,J,C,5,2,4,8,2,7,1,0,P,CHEV,CAC,4D,2,17,2676,,0,1041,,C,,F,4,133,,,14R195,,,,,,0,0,000000000,00000000000,0,0,0,1,0,0,0,0,0,0,0,998,0,0,0,12,12,4,3,12,0,0,0,1,13,30122,6,1,0,0,3,0,62,140,98,0,0,0,0,0,0,0,0,0,38,0,0,0,2,4,55,1,1,2,1,3,3,11,15,1,1,1,68,0,0
13,131012,2,2,1,24,11,16,50,12,6,1,0,13,2,72,706,72706,80,2010,1HD1FC41XAB6,1,H,D,1,F,C,4,1,X,A,B,6,0,M,HD,FTU,RS,10,17,,,,,,,1584,,2,,4,889,,,,,,,0,0,000000000,00000000000,0,0,0,1,0,0,0,0,0,0,0,998,0,0,0,8,8,6,2,12,0,0,0,1,13,30106,6,1,0,0,3,0,70,210,98,0,0,0,0,0,0,0,0,0,0,0,0,0,3,2,55,1,1,2,1,0,0,1,67,7,1,1,69,1,0
13,131013,1,1,3,25,11,22,5,30,0,1,0,13,2,20,471,20471,30,1994,1GCCS19Z5R81,1,G,C,C,S,1,9,Z,5,R,8,1,0,T,CHEV,S14,PC,94,17,,1,1229,1083,S,G,,,6,262,,,,B,3157,00,,42,0,0,000000000,00000000000,0,0,0,1,0,0,0,0,0,0,0,56,0,0,0,3,12,6,2,39,0,0,0,1,13,30117,6,2,0,0,3,3,67,166,98,0,0,0,0,0,0,0,0,1,0,0,0,0,1,2,35,3,6,2,1,0,0,14,13,1,1,4,1,1,0
13,131014,1,2,1,25,11,17,14,12,6,1,0,13,1,12,37,12037,3,2003,3FAFP31313R1,3,F,A,F,P,3,1,3,1,3,R,1,0,P,FORD,FZX,3P,3,17,2551,,0,1030,,G,,F,4,121,,,15R195,,,,,,0,0,000000000,00000000000,0,0,0,1,0,0,0,0,0,0,0,998,0,0,0,82,82,6,2,12,32,0,0,1,13,30204,6,1,0,0,3,0,76,162,98,0,0,0,0,0,0,0,0,0,38,0,0,0,1,2,55,1,1,2,1,0,0,11,15,1,1,1,68,0,0
13,131014,2,2,1,25,11,17,14,12,6,1,0,13,1,14,36,14036,4,1995,3MASM10J7SR6,3,M,A,S,M,1,0,J,7,S,R,6,0,P,MERC,TTO,4D,95,17,2418,,0,984,,G,,F,4,114,,,14R175,,,,,,0,0,000000000,00000000000,0,0,0,1,0,0,0,0,0,0,0,998,0,0,0,12,12,6,2,12,0,0,0,1,13,30257,6,1,0,0,3,3,67,240,98,0,0,0,0,0,0,0,0,0,0,0,0,0,1,2,55,1,1,2,1,0,0,1,62,1,1,1,69,1,0
13,131015,1,2,4,26,11,19,22,12,6,1,0,13,2,6,441,6441,20,2001,2C4GP44GX1R1,2,C,4,G,P,4,4,G,X,1,R,1,0,T,CHRY,TLX,ES,1,17,,1,0,1193,TWC,G,,,6,201,,,,,3993,00,,42,0,0,000000000,00000000000,0,0,0,1,0,0,0,0,0,0,0,998,0,0,0,4,4,6,2,12,0,0,0,1,35,30102,6,1,0,0,3,0,60,239,0,0,0,0,0,0,0,0,0,0,0,0,0,0,1,2,55,1,1,2,1,0,0,11,62,1,1,1,68,1,0
13,131015,2,2,1,26,11,19,22,12,6,1,0,13,2,37,706,37706,80,1997,JH2SC3303VM1,J,H,2,S,C,3,3,0,3,V,M,1,0,M,HOND,CR9,RC,97,17,,,,,,,919,,4,,4,407,,,,,,,0,0,000000000,00000000000,0,0,0,1,0,0,0,0,0,0,0,998,0,0,0,12,12,6,2,12,0,0,0,1,13,30139,0,0,0,0,0,0,70,195,98,2,0,0,0,11,2010,6,2011,1,36,0,0,0,1,2,55,1,1,2,1,0,0,1,17,1,1,1,69,1,0
13,131016,1,1,3,26,11,18,45,34,0,1,0,13,1,12,481,12481,31,1998,1FTZF1723WNB,1,F,T,Z,F,1,7,2,3,W,N,B,0,T,FORD,F15,PK,98,17,,1,1390,1200,COF,G,,,6,256,,,,B,3800,02,E,42,0,0,000000000,00000000000,0,0,0,1,0,0,0,0,0,0,0,998,0,1,5,5,13,6,2,1,0,0,0,1,13,30044,6,1,0,0,3,3,75,270,98,0,0,0,0,0,0,0,0,0,58,0,0,0,1,2,55,1,1,2,1,99,9,1,13,1,1,4,1,1,0
13,131017,1,1,1,26,11,4,22,5,0,1,0,12,2,76,705,76705,89,2009,JYARJ16E49A0,J,Y,A,R,J,1,6,E,4,9,A,0,0,M,YAMA,R6L,RC,9,17,,,,,,,599,,4,,4,414,,,,,,,0,0,000000000,00000000000,0,0,0,1,0,0,0,0,0,0,0,998,0,0,0,0,0,6,2,5,0,0,0,1,6,31314,6,1,0,0,3,0,72,165,0,0,0,0,0,0,0,0,0,1,0,0,0,0,1,2,30,1,1,2,1,0,0,1,98,1,1,1,0,1,0
13,131018,1,4,1,26,11,15,34,12,8,1,0,13,1,20,481,20481,31,1977,CCL147A17366,C,C,L,1,4,7,A,1,7,3,6,6,0,T,CHEV,C10,PK,77,13,,1,1315,1065,C10,G,,,8,350,,,,B,3242,05,,42,0,0,000000000,00000000000,0,0,0,1,0,0,0,0,0,0,0,998,0,0,0,11,12,6,2,12,0,0,0,1,13,30428,6,1,0,0,3,0,68,160,98,0,0,0,0,0,0,0,0,0,28,0,0,0,1,2,55,2,1,2,1,0,0,14,10,1,1,2,64,0,1
13,131018,2,4,3,26,11,15,34,12,8,1,0,13,1,20,37,20037,4,2005,1G1ZT54875F2,1,G,1,Z,T,5,4,8,7,5,F,2,0,P,CHEV,M/L,4D,5,17,3297,,0,1063,,G,,F,6,214,,,15R205,,,,,,0,0,000000000,00000000000,0,0,0,1,0,0,0,0,0,0,0,998,0,0,0,11,9,6,2,12,0,0,0,1,13,31055,6,1,0,0,3,1,71,195,98,0,0,0,0,0,0,0,0,0,0,0,0,0,1,2,55,3,1,2,1,0,0,14,62,1,1,1,65,0,0
13,131018,3,4,2,26,11,15,34,12,8,1,0,13,1,7,442,7442,20,1997,1B4GP54R0VB2,1,B,4,G,P,5,4,R,0,V,B,2,0,T,DODG,GEL,ES,97,17,,1,0,1193,CAR,G,,,6,201,,,,,3938,00,E,42,0,0,000000000,00000000000,0,0,0,1,0,0,0,0,0,0,0,998,0,0,0,12,12,6,2,12,32,0,0,1,13,31519,6,1,0,0,3,1,67,180,98,0,0,0,0,0,0,0,0,0,0,0,0,0,1,2,55,3,1,2,1,0,0,14,54,1,1,1,98,1,0
13,131018,4,4,2,26,11,15,34,12,8,1,0,13,1,20,482,20482,31,2002,3GNEK13T22G2,3,G,N,E,K,1,3,T,2,2,G,2,0,T,CHEV,KAV,CW,2,17,,2,0,1300,AVL,G,,,8,325,,,,B,5652,00,,44,0,0,000000000,00000000000,0,0,0,1,0,0,0,0,0,0,0,998,0,0,0,13,13,2,1,18,0,0,0,1,13,30428,6,1,0,0,3,0,66,135,98,0,0,0,0,0,0,0,0,0,0,0,0,0,1,2,55,3,1,2,1,0,0,14,90,1,1,1,98,0,0
13,131019,1,1,1,27,11,18,0,53,0,1,1,92,0,20,8,20008,4,1972,1X27F2W18559,1,X,2,7,F,2,W,1,8,5,5,9,0,P,CHEV,NOV,CP,72,13,2949,,1110,1100,,G,,2,8,307,,,14E78,,,,,,0,0,000000000,00000000000,0,0,0,1,0,0,0,0,0,0,0,998,0,1,6,11,6,6,2,8,0,0,0,1,13,30830,6,1,0,0,3,0,72,230,98,0,0,0,0,0,0,0,0,1,36,0,0,0,1,2,55,1,1,2,1,0,0,1,13,1,1,4,1,0,0
13,131020,1,2,2,29,11,18,11,12,6,1,0,13,2,49,43,49043,4,1998,4T1BF18B4WU2,4,T,1,B,F,1,8,B,4,W,U,2,0,P,TOYT,UVS,4D,98,17,3340,,0,1071,,G,,F,6,183,,,15R205,,,,,,0,0,000000000,00000000000,0,0,0,1,0,0,0,0,0,0,0,998,0,0,0,12,11,6,2,12,0,0,0,1,45,30906,6,1,0,0,3,3,60,137,0,0,0,0,0,0,0,0,0,0,0,0,0,0,0,0,0,0,0,0,0,0,0,10,98,1,1,3,80,1,0
13,131020,2,2,1,29,11,18,11,12,6,1,0,13,1,82,881,82881,66,2001,1FUJBGAS71HJ,1,F,U,J,B,G,A,S,7,1,H,J,1,T,FRHT,F12,TR,1,17,,8,0,0,MCV,D,,,6,733,,,,,00000,00,,64,1,57,01777491,5701777491,3,6,1,1,0,0,0,0,0,0,0,998,0,0,0,8,8,4,3,12,0,0,0,1,13,30814,6,1,6,0,3,0,69,220,98,0,0,0,0,0,0,0,0,0,0,0,0,0,1,2,55,1,1,2,1,0,0,1,72,7,1,1,81,0,0
13,131021,1,1,1,29,11,14,15,1,0,1,0,13,1,72,706,72706,80,2007,1HD1PT9197Y9,1,H,D,1,P,T,9,1,9,7,Y,9,0,M,HD,ETA,RS,7,17,,,,,,,1800,,2,,4,694,,,,,,,0,0,000000000,00000000000,0,0,0,1,0,0,0,0,0,0,0,998,0,0,0,0,0,6,2,1,0,0,1,1,13,30577,6,1,6,0,3,0,68,180,98,0,0,0,1,7,2009,7,2009,0,28,0,0,0,1,2,55,3,5,2,2,28,3,14,13,1,1,4,1,1,1
13,131022,1,2,3,30,11,20,23,12,6,1,0,13,1,35,471,35471,30,1989,1N6HD16S8KC3,1,N,6,H,D,1,6,S,8,K,C,3,0,T,NISS,U2K,PK,89,17,,1,0,1161,D21,G,,,6,181,,,,,3170,01,A,42,0,0,000000000,00000000000,0,0,0,1,0,0,0,0,0,0,0,998,0,0,0,11,11,6,2,12,0,0,0,1,13,30809,6,1,0,0,3,3,70,170,98,0,0,0,0,0,0,0,0,0,38,0,0,0,1,2,45,1,1,2,1,3,3,1,63,1,1,1,69,0,0
13,131022,2,2,2,30,11,20,23,12,6,1,0,45,1,63,34,63034,4,2004,KNAGD1283452,K,N,A,G,D,1,2,8,3,4,5,2,0,P,KIA,OLE,4D,4,17,3279,,0,1063,,G,,F,6,162,,,16R205,,,,,,0,0,000000000,00000000000,0,0,0,1,0,0,0,0,0,0,0,998,0,0,0,12,12,6,2,12,0,0,0,1,45,29838,6,1,0,0,3,0,74,230,0,0,0,0,1,8,2011,8,2011,0,0,0,0,0,1,2,45,1,1,2,1,3,3,11,15,1,1,1,68,1,0
13,131023,1,3,2,16,11,18,22,12,6,1,0,5,1,37,32,37032,4,2008,JHMCP26868C0,J,H,M,C,P,2,6,8,6,8,C,0,0,P,HOND,AXL,4D,8,17,3416,,0,1102,,G,,F,4,146,,,17R225,,,,,,0,0,000000000,00000000000,0,0,0,1,0,0,0,0,0,0,0,998,0,0,0,3,3,6,2,12,0,0,0,1,5,72560,6,1,0,0,3,0,64,120,0,0,0,0,0,0,0,0,0,0,39,0,0,0,1,2,55,1,2,2,2,3,3,11,15,1,1,1,68,1,0
13,131023,2,3,1,16,11,18,22,12,6,1,0,13,1,20,431,20431,16,1998,3GNEC16RXWG1,3,G,N,E,C,1,6,R,X,W,G,1,0,P,CHEV,C15,UT,98,17,4825,,0,1315,,G,,F,8,350,,,15R235,,,,,,0,0,000000000,00000000000,0,0,0,1,0,0,0,0,0,0,0,998,0,0,0,12,12,6,2,12,0,0,0,1,13,30113,6,1,0,0,3,0,67,178,98,0,0,0,0,0,0,0,0,0,0,0,0,0,2,2,55,1,2,2,2,3,3,1,63,1,1,1,69,0,0
13,131023,3,3,1,16,11,18,22,12,6,1,0,13,2,37,32,37032,2,2006,1HGCM72636A0,1,H,G,C,M,7,2,6,3,6,A,0,0,P,HOND,UEX,CP,6,17,3155,,0,1051,,G,,F,4,146,,,16R205,,,,,,0,0,000000000,00000000000,0,0,0,1,0,0,0,0,0,0,0,998,0,0,0,12,12,6,2,12,0,0,0,1,13,30176,6,2,0,0,3,0,65,155,98,0,0,0,0,0,0,0,0,0,0,0,0,0,2,2,55,1,2,2,2,3,3,1,61,1,1,4,98,0,0
13,131024,1,1,1,30,11,16,7,8,0,1,0,13,1,12,481,12481,31,2001,1FTRW07W31KA,1,F,T,R,W,0,7,W,3,1,K,A,0,T,FORD,F1S,CW,1,17,,2,0,1385,COF,G,,,8,281,,,,B,4581,01,E,42,0,0,000000000,00000000000,0,0,0,1,0,0,0,0,0,0,0,998,0,0,0,12,12,6,2,8,0,0,0,1,13,31052,6,1,6,0,3,0,69,190,98,0,0,1,0,6,2009,6,2009,0,0,0,0,0,1,2,55,1,6,2,1,28,3,1,13,1,1,4,13,0,0
13,131025,1,1,1,30,11,23,50,1,0,1,0,13,2,7,402,7402,14,1998,1B4HS28Z0WF1,1,B,4,H,S,2,8,Z,0,W,F,1,0,P,DODG,DUR,UT,98,17,4349,,0,1159,,G,,F,8,360,,,15R235,,,,,,0,0,000000000,00000000000,0,0,0,1,0,0,0,0,0,0,0,998,0,1,6,0,0,6,2,1,32,0,0,1,13,30125,6,1,0,0,3,3,64,140,98,0,0,0,0,0,0,0,0,0,0,0,0,0,1,2,35,1,1,2,1,0,0,1,13,1,1,4,1,1,0
13,131026,1,2,5,17,8,16,6,12,6,1,0,13,3,7,442,7442,20,2011,2D4RN3DG6BR6,2,D,4,R,N,3,D,G,6,B,R,6,0,P,DODG,CAR,SV,11,17,4510,,0,1212,,F,,F,6,220,,,16R235,,,,,,0,0,000000000,00000000000,0,0,0,1,0,0,0,0,0,0,0,998,0,0,0,12,12,6,2,12,0,0,0,1,13,31087,6,1,0,0,3,1,59,180,98,0,0,0,0,0,0,0,0,0,99,99,99,99,1,2,55,1,1,2,1,0,0,1,10,1,1,2,66,0,1