STATE,ST_CASE,VEH_NO,VE_FORMS,NUMOCCS,DAY,MONTH,HOUR,MINUTE,HARM_EV,MAN_COLL,UNITTYPE,HIT_RUN,REG_STAT,OWNER,MAKE,MODEL,MAK_MOD,BODY_TYP,MOD_YEAR,VIN,VIN_1,VIN_2,VIN_3,VIN_4,VIN_5,VIN_6,VIN_7,VIN_8,VIN_9,VIN_10,VIN_11,VIN_12,TOW_VEH,VINTYPE,VINMAKE,VINA_MOD,VIN_BT,VINMODYR,VIN_LNGT,VIN_WGT,WGTCD_TR,WHLBS_LG,WHLBS_SH,SER_TR,FUELCODE,MCYCL_DS,CARBUR,CYLINDER,DISPLACE,MCYCL_CY,MCYCL_WT,TIRE_SZE,TON_RAT,TRK_WT,TRKWTVAR,VIN_REST,WHLDRWHL,J_KNIFE,MCARR_I1,MCARR_I2,MCARR_ID,GVWR,V_CONFIG,CARGO_BT,HAZ_INV,HAZ_PLAC,HAZ_ID,HAZ_CNO,HAZ_REL,BUS_USE,SPEC_USE,EMER_USE,TRAV_SP,UNDERIDE,ROLLOVER,ROLINLOC,IMPACT1,IMPACT2,DEFORMED,TOWED,M_HARM,VEH_SC1,VEH_SC2,FIRE_EXP,DR_PRES,L_STATE,DR_ZIP,L_STATUS,L_TYPE,CDL_STAT,L_ENDORS,L_COMPL,L_RESTRI,DR_HGT,DR_WGT,PREV_ACC,PREV_SUS,PREV_DWI,PREV_SPD,PREV_OTH,FIRST_MO,FIRST_YR,LAST_MO,LAST_YR,SPEEDREL,DR_SF1,DR_SF2,DR_SF3,DR_SF4,VTRAFWAY,VNUM_LAN,VSPD_LIM,VALIGN,VPROFILE,VPAVETYP,VSURCOND,VTRAFCON,VTCONT_F,P_CRASH1,P_CRASH2,P_CRASH3,PCRASH4,PCRASH5,ACC_TYPE,DEATHS,DR_DRINK
13,131026,2,2,1,17,8,16,6,12,6,1,0,13,1,49,32,49032,4,2006,1NXBR32E16Z6,1,N,X,B,R,3,2,E,1,6,Z,6,0,P,TOYT,UCS,4D,6,17,2530,,0,1024,,G,,F,4,109,,,15R185,,,,,,0,0,000000000,00000000000,0,0,0,1,0,0,0,0,0,0,0,998,0,0,0,11,11,6,2,12,0,0,0,1,13,31061,6,1,0,0,3,0,60,120,98,0,0,0,0,0,0,0,0,0,0,0,0,0,1,2,55,1,1,2,1,0,0,1,62,1,1,1,66,1,0
13,131027,1,2,1,25,8,6,0,12,2,1,0,99,9,35,473,35473,31,2004,1N6AA06B04N5,1,N,6,A,A,0,6,B,0,4,N,5,0,T,NISS,TXS,PC,4,17,,2,0,1398,TTN,G,,,8,342,,,,C,4833,03,E,44,0,0,000000000,00000000000,0,0,0,1,0,0,0,0,0,0,0,998,0,1,1,12,12,6,2,12,0,0,0,1,13,31635,6,1,0,0,3,0,72,200,98,0,0,0,1,9,2010,9,2010,0,0,0,0,0,3,2,55,1,3,2,1,0,0,1,10,1,1,2,50,0,0
13,131027,2,2,1,25,8,6,0,12,2,1,0,13,1,12,23,12023,4,2006,3FAHP08126R2,3,F,A,H,P,0,8,1,2,6,R,2,0,P,FORD,F/L,4D,6,17,3101,,0,1074,,G,,F,6,183,,,17R225,,,,,,0,0,000000000,00000000000,0,0,0,1,0,0,0,0,0,0,0,998,0,0,0,12,12,6,2,12,0,0,0,1,13,31641,6,1,0,0,3,3,65,174,98,0,0,0,0,0,0,0,0,0,0,0,0,0,3,2,55,1,3,2,1,0,0,1,62,1,1,1,51,1,0
13,131028,1,1,1,27,8,13,28,34,0,1,0,13,1,20,471,20471,30,2000,1GCCS145XYK2,1,G,C,C,S,1,4,5,X,Y,K,2,0,T,CHEV,S14,PK,0,17,,1,1179,1083,S,F,,,4,133,,,,B,3029,03,,42,0,0,000000000,00000000000,0,0,0,1,0,0,0,0,0,0,0,998,0,0,0,12,12,6,2,42,0,0,0,1,13,31090,6,1,0,0,3,1,68,140,98,0,0,0,0,0,0,0,0,0,0,0,0,0,1,2,55,2,1,2,1,0,0,14,12,1,1,4,6,1,0
13,131029,1,1,1,28,8,5,22,34,0,1,0,13,2,37,705,37705,80,2006,JH2PC37146M3,J,H,2,P,C,3,7,1,4,6,M,3,0,M,HOND,B60,RC,6,17,,,,,,,599,,4,,4,361,,,,,,,0,0,000000000,00000000000,0,0,0,1,0,0,0,0,0,0,0,998,0,0,0,12,12,6,2,34,0,0,0,1,13,31545,6,1,0,0,3,0,72,205,98,0,0,0,1,6,2011,6,2011,1,0,0,0,0,1,2,55,3,3,2,1,0,0,14,13,1,1,4,1,1,0
13,131030,1,1,1,30,8,0,22,34,0,1,0,13,2,7,482,7482,31,1998,1B7KC2368WJ2,1,B,7,K,C,2,3,6,8,W,J,2,0,T,DODG,Q25,4C,98,17,,2,1547,1387,RPC,D,,,6,359,,,,C,4989,01,U,42,0,0,000000000,00000000000,0,0,0,1,0,0,0,0,0,0,0,998,0,2,6,14,13,6,2,1,0,0,0,1,13,30113,0,0,0,0,0,0,69,170,98,0,0,0,0,0,0,0,0,1,0,0,0,0,1,2,45,3,6,2,1,0,0,14,12,1,1,4,6,1,1
13,131031,1,1,1,30,8,20,30,34,0,1,0,13,1,12,461,12461,21,1994,1FDEE14N5RHA,1,F,D,E,E,1,4,N,5,R,H,A,0,T,FORD,15V,CG,94,17,,2,0,1380,VAN,G,,,8,302,,,,B,4470,00,B,42,0,0,000000000,00000000000,0,0,0,1,0,0,0,0,0,0,0,998,0,1,1,12,12,6,2,1,0,0,0,1,13,30568,6,1,0,0,3,0,74,210,98,0,0,1,0,3,2010,3,2010,0,0,0,0,0,1,2,35,3,5,2,11,0,0,14,13,1,1,4,1,1,1
13,131032,1,1,5,31,8,7,39,42,0,1,0,13,2,12,481,12481,31,1978,F10GNBC0467,F,1,0,G,N,B,C,0,4,6,7,,0,T,FORD,F10,PK,78,11,,1,1665,1170,COF,G,,,8,302,,,,B,3559,01,,42,0,0,000000000,00000000000,0,0,0,1,0,0,0,0,0,0,0,998,0,0,0,12,12,6,2,42,0,0,0,1,13,30506,6,1,0,0,3,0,62,125,98,0,0,0,0,0,0,0,0,0,92,0,0,0,1,2,55,1,1,2,1,0,0,1,13,1,1,4,1,1,0
13,131033,1,2,1,31,8,1,45,12,1,1,0,13,2,49,40,49040,4,2007,4T1BK46K07U0,4,T,1,B,K,4,6,K,0,7,U,0,0,P,TOYT,CJS,4D,7,17,3164,,0,1093,,G,,F,6,214,,,15R205,,,,,,0,0,000000000,00000000000,0,0,0,1,0,0,0,0,0,0,0,998,0,1,6,12,13,6,2,12,0,0,0,1,13,30096,1,1,0,0,2,1,67,140,98,1,0,0,0,6,2011,6,2011,1,26,0,0,0,3,3,70,1,1,2,1,0,0,1,51,1,1,1,24,1,1
13,131033,2,2,1,31,8,1,45,12,1,1,0,13,1,6,54,6054,6,2004,2C8GM68424R6,2,C,8,G,M,6,8,4,2,4,R,6,0,P,CHRY,PIF,UT,4,17,4334,,0,1163,,G,,F,6,214,,,17R235,,,,,,0,0,000000000,00000000000,0,0,0,1,0,0,0,0,0,0,0,998,0,0,0,6,6,4,1,12,0,0,0,1,13,30058,6,1,0,0,3,0,67,210,98,0,0,0,0,0,0,0,0,0,0,0,0,0,3,3,70,1,1,2,1,0,0,1,53,1,1,1,25,0,0
13,131034,1,1,1,27,11,12,20,33,0,1,0,13,1,37,705,37705,80,1995,JH2RC4336SM0,J,H,2,R,C,4,3,3,6,S,M,0,0,M,HOND,VFD,RS,95,17,,,,,,,750,,4,,4,504,,,,,,,0,0,000000000,00000000000,0,0,0,1,0,0,0,0,0,0,0,998,0,0,0,12,98,4,3,33,0,0,0,1,13,30083,6,1,0,0,3,3,70,200,98,0,0,0,0,0,0,0,0,0,29,0,0,0,1,2,35,3,1,2,1,0,0,14,13,1,1,4,1,1,0
13,131035,1,2,1,1,12,12,25,12,6,1,0,13,1,30,47,30047,3,2003,3VWDD21C53M4,3,V,W,D,D,2,1,C,5,3,M,4,0,P,VOLK,NGX,2H,3,17,2889,,0,989,,G,,T,4,109,,,16R205,,,,,,0,0,000000000,00000000000,0,0,0,1,0,0,0,0,0,0,0,998,0,0,0,9,9,6,2,12,0,0,0,1,13,30605,6,1,0,0,3,3,66,170,98,0,0,0,0,0,0,0,0,0,38,0,0,0,1,2,55,1,1,8,1,98,8,12,53,1,1,6,98,1,0
13,131035,2,2,1,1,12,12,25,12,6,1,0,13,1,49,482,49482,31,2003,5TBBT44103S4,5,T,B,B,T,4,4,1,0,3,S,4,0,T,TOYT,TT5,4C,3,17,,2,0,1283,TUN,G,,,8,285,,,,B,4320,00,U,44,0,0,000000000,00000000000,0,0,0,1,0,0,0,0,0,0,0,998,0,0,0,12,12,6,2,12,0,0,0,1,13,30228,6,1,0,0,3,0,70,200,98,0,0,0,0,0,0,0,0,0,0,0,0,0,1,2,55,1,1,8,1,98,8,1,78,8,1,3,98,0,0
13,131036,1,1,2,1,12,22,57,8,0,1,0,13,2,2,403,2403,14,2010,1J4AA2D1XAL1,1,J,4,A,A,2,D,1,X,A,L,1,0,T,JEEP,WRS,2W,10,17,,1,0,954,WRA,G,,,6,230,,,,,3760,00,E,44,0,0,000000000,00000000000,0,0,0,1,0,0,0,0,0,0,0,998,0,0,0,11,98,6,2,8,0,0,0,1,13,31719,6,1,0,0,3,0,62,130,98,0,0,0,0,0,0,0,0,0,86,0,0,0,1,4,35,1,2,2,1,3,3,1,80,1,1,1,13,0,0
13,131037,1,1,1,2,12,15,49,35,0,1,0,13,1,49,482,49482,31,2003,5TBRT34143S3,5,T,B,R,T,3,4,1,4,3,S,3,0,T,TOYT,TT5,4C,3,17,,2,0,1283,TUN,G,,,8,285,,,,C,4320,00,U,42,0,0,000000000,00000000000,0,0,0,1,0,0,0,0,0,0,0,998,0,1,5,12,11,4,3,1,32,0,0,1,13,30563,6,1,6,0,3,0,72,240,98,0,0,0,0,0,0,0,0,0,29,0,0,0,2,2,65,3,6,8,1,0,0,14,12,1,1,4,6,1,0
13,131038,1,1,1,2,12,4,45,53,0,1,0,13,1,23,471,23471,30,1996,1GTCS1946T85,1,G,T,C,S,1,9,4,6,T,8,5,0,T,GMC,SON,PC,96,17,,1,0,1229,SON,G,,,4,133,,,,B,3185,00,M,42,0,0,000000000,00000000000,0,0,0,1,0,0,0,0,0,0,0,998,0,1,5,12,13,4,3,1,0,0,0,1,13,30241,6,1,0,0,3,0,70,210,98,0,0,0,0,6,2009,6,2009,1,29,0,0,0,1,2,45,3,6,8,1,0,0,14,12,1,1,4,6,1,1
13,131039,1,1,1,3,12,15,29,34,0,1,0,92,0,20,471,20471,30,1994,1GCDT19Z8R81,1,G,C,D,T,1,9,Z,8,R,8,1,0,T,CHEV,S14,PC,94,17,,1,1229,1083,S,G,,,6,262,,,,B,3604,00,,44,0,0,000000000,00000000000,0,0,0,1,0,0,0,0,0,0,0,998,0,1,5,11,3,4,3,1,0,0,0,1,13,30747,6,1,6,0,3,3,64,210,98,0,0,0,1,9,2009,9,2009,0,29,0,0,0,1,2,35,1,5,8,1,0,0,1,12,1,1,4,6,1,0
13,131040,1,1,1,3,12,5,6,42,0,1,0,92,0,42,43,42043,4,2003,WDBNG75J53A3,W,D,B,N,G,7,5,J,5,3,A,3,0,P,MERZ,S50,4D,3,17,4035,,0,1215,,G,,F,8,303,,,17R225,,,,,,0,0,000000000,00000000000,0,0,0,1,0,0,0,0,0,0,0,998,0,0,0,12,12,6,2,42,0,0,0,1,13,30308,1,1,0,0,2,0,69,175,98,2,0,3,3,2,2009,10,2011,1,29,0,0,0,1,2,45,2,1,2,1,0,0,14,13,1,1,4,1,1,1
13,131041,1,1,1,3,12,14,38,32,0,1,0,1,2,59,401,59401,14,1999,JT6GF10U3X00,J,T,6,G,F,1,0,U,3,X,0,0,0,P,LEXS,RX3,UT,99,17,3692,,0,1031,,G,,F,6,183,,,16R225,,,,,,0,0,000000000,00000000000,0,0,0,1,0,0,0,0,0,0,0,998,0,0,0,11,98,6,2,42,0,0,0,1,13,30044,6,1,0,0,3,0,67,120,98,0,0,0,0,0,0,0,0,0,29,0,0,0,3,5,65,1,1,2,1,0,0,1,13,99,9,4,2,1,0
13,131042,1,1,1,3,12,16,23,34,0,1,0,13,1,7,403,7403,14,2009,1D8GT28K59W5,1,D,8,G,T,2,8,K,5,9,W,5,0,P,DODG,NIT,UT,9,17,3932,,0,1088,,G,,F,6,225,,,000000,,,,,,0,0,000000000,00000000000,0,0,0,1,0,0,0,0,0,0,0,999,9,9,9,12,98,6,2,1,0,0,0,1,13,30224,6,1,0,0,3,0,70,300,98,0,0,0,0,0,0,0,0,0,29,0,0,0,1,2,55,1,6,8,1,0,0,1,13,1,1,4,1,1,0
13,131043,1,2,1,3,12,8,8,24,0,1,0,13,1,12,481,12481,31,2008,1FTRF12208KE,1,F,T,R,F,1,2,2,0,8,K,E,0,T,FORD,F15,PK,8,17,,2,1450,1260,COF,G,,,6,256,,,,B,4611,00,E,42,0,0,000000000,00000000000,0,0,0,1,0,0,0,0,0,0,0,998,0,1,1,12,11,6,2,12,0,0,0,1,13,30711,1,1,0,0,2,3,68,250,98,1,0,1,0,7,2010,8,2010,0,29,0,0,0,1,2,55,1,1,8,1,0,0,1,13,99,9,4,2,1,0
13,131043,2,2,1,3,12,8,8,24,0,1,0,13,1,12,481,12481,31,2000,1FTYR10CXYPB,1,F,T,Y,R,1,0,C,X,Y,P,B,0,T,FORD,RNG,PK,0,17,,1,1175,1116,RNG,G,,,4,153,,,,B,3068,02,U,42,0,0,000000000,00000000000,0,0,0,1,0,0,0,0,0,0,0,998,0,0,0,12,12,6,2,12,0,0,0,1,13,30711,6,1,6,0,3,0,67,135,98,0,0,0,0,0,0,0,0,0,0,0,0,0,1,2,55,1,1,8,1,0,0,1,62,7,1,4,98,1,0
13,131044,1,1,1,4,12,7,39,1,0,1,0,13,1,49,482,49482,31,2002,5TBRT341X2S2,5,T,B,R,T,3,4,1,X,2,S,2,0,T,TOYT,TRS,4C,2,17,,2,0,1283,TUN,G,,,8,285,,,,C,4088,00,U,42,0,0,000000000,00000000000,0,0,0,1,0,0,0,0,0,0,0,998,0,1,6,0,98,6,2,1,0,0,0,1,13,31406,6,1,0,0,3,0,68,200,98,0,0,0,0,0,0,0,0,0,29,0,0,0,2,2,55,3,9,9,1,0,0,14,13,1,1,4,1,1,1
13,131045,1,1,1,4,12,19,5,10,0,1,0,13,1,37,32,37032,4,1993,1HGCB7656PA0,1,H,G,C,B,7,6,5,6,P,A,0,0,P,HOND,ALX,4D,93,17,2504,,0,1071,,G,,F,4,132,,,14R185,,,,,,0,0,000000000,00000000000,0,0,0,1,0,0,0,0,0,0,0,998,0,0,0,10,10,6,2,10,0,0,0,1,13,31042,6,1,0,0,3,3,63,164,98,0,0,0,0,0,0,0,0,0,39,0,0,0,1,2,30,1,1,8,1,65,3,1,98,1,1,1,15,1,1
13,131046,1,1,1,5,12,12,16,45,0,1,0,13,1,54,36,54036,4,2011,JH4KB2F63BC0,J,H,4,K,B,2,F,6,3,B,C,0,0,P,ACUR,ARL,4D,11,17,4112,,0,1102,,G,,F,6,226,,,18R245,,,,,,0,0,000000000,00000000000,0,0,0,1,0,0,0,0,0,0,0,998,0,0,0,12,98,6,2,8,0,0,0,1,13,31411,6,1,0,0,3,3,66,138,98,0,0,0,0,0,0,0,0,0,28,0,0,0,2,2,35,1,1,2,1,40,3,1,12,1,1,4,6,0,0
13,131047,1,1,1,6,12,19,5,8,0,1,0,13,1,24,1,24001,4,1998,1G8ZH5285WZ2,1,G,8,Z,H,5,2,8,5,W,Z,2,0,P,STRN,SL1,4D,98,17,2355,,0,1024,,G,,F,4,116,,,14R175,,,,,,0,0,000000000,00000000000,0,0,0,1,0,0,0,0,0,0,0,998,0,0,0,12,12,4,3,8,0,0,0,1,13,30135,6,1,0,0,3,3,69,220,98,0,0,1,0,4,2011,4,2011,0,86,33,41,0,1,2,45,1,1,8,2,0,0,1,80,1,1,1,13,0,0
13,131048,1,3,1,6,12,16,56,12,2,1,0,37,1,12,16,12016,4,2002,2FAFP71W22X1,2,F,A,F,P,7,1,W,2,2,X,1,0,P,FORD,CVP,4D,2,17,3942,,0,1147,,G,,F,8,281,,,16R225,,,,,,0,0,000000000,00000000000,0,0,0,1,0,0,0,0,0,0,0,998,0,0,0,12,98,6,2,12,0,0,1,1,37,28147,6,1,6,0,3,0,72,999,0,0,0,2,3,2,2009,8,2010,0,28,87,0,0,1,2,55,1,2,2,2,0,0,1,10,1,1,2,50,1,0
13,131048,2,3,1,6,12,16,56,12,2,1,0,93,3,82,883,82883,66,1984,1FUEYCYB9EH2,1,F,U,E,Y,C,Y,B,9,E,H,2,1,T,FRHT,FLT,TR,84,17,,8,2630,1160,COE,D,,,6,855,,,,,00000,00,,64,1,88,888888888,88888888888,3,6,10,1,0,0,0,0,0,0,0,998,0,0,0,12,98,6,2,12,0,0,1,1,13,30157,6,1,6,0,3,3,72,200,98,0,0,0,1,12,2010,12,2010,0,0,0,0,0,1,2,55,1,2,2,2,0,0,1,62,7,1,2,51,0,0
13,131048,3,3,1,6,12,16,56,12,2,1,0,13,1,12,481,12481,31,2007,1FTPW12V27KC,1,F,T,P,W,1,2,V,2,7,K,C,0,T,FORD,F1S,CW,7,17,,2,0,1390,COF,F,,,8,329,,,,B,5176,01,E,42,0,0,000000000,00000000000,0,0,0,1,0,0,0,0,0,0,0,998,0,0,0,18,12,2,1,54,0,0,0,1,13,30127,6,1,0,0,3,0,70,225,98,0,0,0,0,0,0,0,0,0,26,0,0,0,1,2,55,1,2,2,2,0,0,1,52,2,1,1,98,0,0
13,131049,1,2,1,6,12,18,28,12,2,1,0,13,1,21,17,21017,4,1986,1G3AJ19X7GG3,1,G,3,A,J,1,9,X,7,G,G,3,0,P,OLDS,CCI,4D,86,17,2641,,0,1049,,G,,2,6,173,,,14R185,,,,,,0,0,000000000,00000000000,0,0,0,1,0,0,0,0,0,0,0,998,0,0,0,12,12,6,2,12,32,0,0,1,13,31602,6,1,0,0,3,3,69,260,98,1,0,1,0,7,2011,7,2011,0,28,0,0,0,1,2,35,1,1,2,1,0,0,1,10,1,1,2,50,1,0
13,131049,2,2,4,6,12,18,28,12,2,1,0,13,1,49,44,49044,2,2003,2T1CF22P63C6,2,T,1,C,F,2,2,P,6,3,C,6,0,P,TOYT,CEE,CP,3,17,3164,,0,1051,,G,,F,6,183,,,15R205,,,,,,0,0,000000000,00000000000,0,0,0,1,0,0,0,0,0,0,0,998,0,0,0,12,12,6,2,12,0,0,0,1,13,31601,6,1,0,0,3,3,64,120,98,1,0,3,4,8,2009,3,2010,0,28,0,0,0,1,2,35,1,1,2,1,0,0,1,62,7,1,1,51,0,0
13,131050,1,1,1,6,12,20,26,8,0,1,1,13,1,7,461,7461,21,1992,2B6HB21X1NK1,2,B,6,H,B,2,1,X,1,N,K,1,0,T,DODG,B25,CG,92,17,,2,1276,1096,RMV,G,,,6,239,,,,C,3657,01,A,42,0,0,000000000,00000000000,0,0,0,1,0,0,0,0,0,0,0,998,0,0,0,3,98,4,1,8,0,0,0,1,13,30223,1,1,0,0,2,0,73,185,98,3,0,0,2,1,2009,6,2011,0,86,0,0,0,1,2,30,1,1,2,1,0,0,1,80,1,1,1,13,0,0
13,131051,1,1,1,7,12,20,35,1,0,1,0,12,3,82,881,82881,66,1999,1FUYDSEB7XDA,1,F,U,Y,D,S,E,B,7,X,D,A,1,T,FRHT,FLD,TR,99,17,,8,0,0,CON,D,,,6,774,,,,,00000,00,,64,1,57,1579477,571579477,3,6,1,1,0,0,0,0,0,0,0,998,0,1,3,0,13,6,2,42,0,0,0,1,12,33018,6,1,6,0,3,0,62,999,0,1,0,0,0,5,2009,5,2009,0,29,0,0,0,3,2,70,1,1,8,1,0,0,1,12,1,1,4,6,1,0
13,131052,1,2,1,9,12,21,38,8,0,1,0,13,2,7,442,7442,20,2006,1D4GP45R86B5,1,D,4,G,P,4,5,R,8,6,B,5,0,P,DODG,CAR,SV,6,17,3851,,0,1133,,G,,F,6,201,,,16R215,,,,,,0,0,000000000,00000000000,0,0,0,1,0,0,0,0,0,0,0,998,0,0,0,12,2,6,2,8,0,0,0,1,13,31031,6,1,0,0,3,0,67,155,98,0,0,1,0,8,2010,8,2010,0,86,0,0,0,1,2,55,1,1,8,1,0,0,1,80,6,1,1,13,0,0
13,131052,2,2,6,9,12,21,38,8,0,1,0,13,2,7,442,7442,20,1998,1B4GP44G0WB5,1,B,4,G,P,4,4,G,0,W,B,5,0,T,DODG,GSS,ES,98,17,,1,0,1193,CAR,F,,,6,201,,,,,3675,00,E,42,0,0,000000000,00000000000,0,0,0,1,0,0,0,0,0,0,0,998,0,0,0,10,10,2,1,12,0,0,0,1,13,31061,6,1,0,0,3,3,62,135,98,0,0,0,0,0,0,0,0,0,0,0,0,0,1,2,55,1,1,8,1,0,0,1,62,7,1,1,98,0,0
13,131053,1,2,2,9,12,15,31,12,1,1,0,13,1,20,422,20422,15,2004,3GNEC16Z34G2,3,G,N,E,C,1,6,Z,3,4,G,2,0,P,CHEV,C15,UT,4,17,4947,,0,1300,,F,,F,8,325,,,16R265,,,,,,0,0,000000000,00000000000,0,0,0,1,0,0,0,0,0,0,0,998,0,0,0,12,12,6,2,12,0,0,0,1,13,31791,6,1,0,0,3,0,73,350,98,0,0,0,0,0,0,0,0,0,26,0,0,0,2,2,65,1,1,8,1,0,0,1,51,1,1,1,24,0,0
13,131053,2,2,1,9,12,15,31,12,1,1,0,13,1,72,706,72706,80,2008,1HD1JL5168Y0,1,H,D,1,J,L,5,1,6,8,Y,0,0,M,HD,XTC,RS,8,17,,,,,,,1584,,2,,4,703,,,,,,,0,0,000000000,00000000000,0,0,0,1,0,0,0,0,0,0,0,998,0,0,0,6,13,6,2,12,0,0,0,1,13,31015,6,1,0,0,3,0,69,230,98,0,0,0,0,0,0,0,0,0,0,0,0,0,2,2,65,1,1,8,1,0,0,1,53,1,1,1,25,1,0
13,131054,1,2,1,9,12,4,40,12,6,1,0,45,1,49,40,49040,4,2000,4T1BF22K0YU1,4,T,1,B,F,2,2,K,0,Y,U,1,0,P,TOYT,XLL,4D,0,17,3175,,0,1051,,G,,F,6,183,,,15R205,,,,,,0,0,000000000,00000000000,0,0,0,1,0,0,0,0,0,0,0,998,0,0,0,9,9,6,2,12,0,0,0,1,45,29649,6,1,0,0,3,0,64,125,0,0,0,0,1,3,2009,3,2009,0,51,28,0,0,1,2,55,1,1,8,1,0,0,15,54,7,9,2,66,1,0
13,131054,2,2,1,9,12,4,40,12,6,1,0,45,3,82,881,82881,66,2005,1FUJA6CV65LV,1,F,U,J,A,6,C,V,6,5,L,V,1,T,FRHT,COL,TR,5,17,,8,0,0,CON,D,,,6,782,,,,,00000,00,,64,1,57,156698,57156698,3,6,1,1,0,0,0,0,0,0,0,998,7,0,0,12,12,6,2,12,0,0,0,1,13,30457,6,1,6,0,3,0,61,220,98,0,0,0,0,0,0,0,0,0,84,0,0,0,1,2,55,1,1,8,1,0,0,1,54,6,9,2,66,0,0
13,131055,1,1,1,9,12,14,4,21,0,1,0,13,1,18,2,18002,4,1991,1G4HP54C7MH4,1,G,4,H,P,5,4,C,7,M,H,4,0,P,BUIC,LCF,4D,91,17,3174,,0,1108,,G,,F,6,231,,,14R205,,,,,,0,0,000000000,00000000000,0,0,0,1,0,0,0,0,0,0,0,998,0,0,0,12,12,6,2,34,0,0,0,1,13,30721,6,1,0,0,3,0,64,97,98,0,0,0,1,7,2009,7,2009,0,29,0,0,0,1,2,35,3,6,8,1,98,8,14,13,1,1,4,1,1,0
13,131056,1,2,3,10,12,15,20,30,0,1,0,13,1,2,403,2403,14,1994,1J4FY49S7RP4,1,J,4,F,Y,4,9,S,7,R,P,4,0,T,JEEP,WYS,2W,94,17,,1,0,934,W/Y,G,,,6,242,,,,,3085,00,A,44,0,0,000000000,00000000000,0,0,0,1,0,0,0,0,0,0,0,998,0,0,0,1,1,6,2,30,0,0,0,1,13,31806,6,2,0,0,3,3,64,125,98,0,0,0,0,0,0,0,0,0,29,0,0,0,4,3,35,1,6,8,1,98,8,1,12,1,1,4,6,1,1
13,131056,2,2,2,10,12,15,20,30,0,1,0,13,2,38,402,38402,14,1996,4S2CK58V4T43,4,S,2,C,K,5,8,V,4,T,4,3,0,P,ISU,ROD,UT,96,17,0,,0,1087,,G,,F,6,195,,,16R225,,,,,,0,0,000000000,00000000000,0,0,0,1,0,0,0,0,0,0,0,998,0,0,0,1,1,6,2,12,0,0,0,1,13,31780,0,0,0,0,0,0,999,999,98,0,0,0,0,0,0,0,0,0,0,0,0,0,4,3,35,1,6,8,1,98,8,1,60,99,1,3,98,0,0
13,131057,1,1,1,11,12,19,7,14,0,1,0,13,2,49,471,49471,30,1988,JT4RN63A2J02,J,T,4,R,N,6,3,A,2,J,0,2,0,T,TOYT,R63,PK,88,17,,1,0,1030,44P,G,,,4,144,,,,B,3141,01,A,44,0,0,000000000,00000000000,0,0,0,1,0,0,0,0,0,0,0,998,0,0,0,1,1,4,3,8,0,0,0,1,13,31005,6,1,0,0,3,0,65,165,98,0,0,1,0,2,2011,2,2011,0,29,0,0,0,3,2,70,1,1,8,1,0,0,1,13,1,1,4,1,0,0
13,131058,1,1,1,11,12,1,1,42,0,1,0,13,2,20,2,20002,4,2004,2G1WF52EX494,2,G,1,W,F,5,2,E,X,4,9,4,0,P,CHEV,IMP,4D,4,17,3389,,0,1105,,G,,F,6,207,,,16R225,,,,,,0,0,000000000,00000000000,0,0,0,1,0,0,0,0,0,0,0,91,0,0,0,3,3,6,2,42,0,0,1,1,13,30630,1,1,0,0,2,0,70,160,98,5,1,1,2,6,2009,8,2010,1,29,0,0,0,1,2,50,3,2,2,1,0,0,14,6,6,4,4,2,1,1
13,131059,1,1,2,12,12,8,29,34,0,1,0,13,1,37,31,37031,4,2007,JHMFA36267S0,J,H,M,F,A,3,6,2,6,7,S,0,0,P,HOND,CHY,4D,7,17,2875,,0,1063,,B,,F,4,079,,,15R195,,,,,,0,0,000000000,00000000000,0,0,0,1,0,0,0,0,0,0,0,998,0,0,0,3,98,6,2,34,36,0,0,1,13,31210,6,1,0,0,3,3,66,150,98,0,0,0,0,0,0,0,0,0,87,29,0,0,1,2,35,3,2,2,2,0,0,14,12,1,4,4,7,1,0
13,131060,1,2,1,12,12,7,3,12,2,1,0,13,3,12,473,12473,30,2004,1FMZU67K14UA,1,F,M,Z,U,6,7,K,1,4,U,A,0,P,FORD,EPR,UT,4,17,4135,,0,1259,,F,,F,6,245,,,16R235,,,,,,0,0,000000000,00000000000,0,0,0,1,0,0,0,0,0,0,0,998,0,0,0,12,12,6,2,12,0,0,0,1,13,31031,6,1,0,0,3,0,69,170,98,0,0,0,0,0,0,0,0,0,29,0,0,0,1,2,55,1,1,8,2,0,0,1,10,1,1,2,50,0,0
13,131060,2,2,1,12,12,7,3,12,2,1,0,13,2,52,35,52035,4,2000,JA3AY26C8YU0,J,A,3,A,Y,2,6,C,8,Y,U,0,0,P,MITS,MDE,4D,0,17,2437,,0,984,,G,,F,4,112,,,14R175,,,,,,0,0,000000000,00000000000,0,0,0,1,0,0,0,0,0,0,0,998,0,0,0,12,12,6,2,12,0,0,0,1,13,31087,6,1,0,0,3,0,64,170,98,0,0,0,0,8,2011,8,2011,0,0,0,0,0,1,2,55,1,1,8,2,0,0,1,62,1,1,1,51,1,0
13,131061,1,3,1,12,12,20,6,12,6,1,0,1,1,13,1,13001,4,2004,1LNHM81W04Y6,1,L,N,H,M,8,1,W,0,4,Y,6,0,P,LINC,EXS,4D,4,17,4359,,0,1177,,G,,F,8,281,,,000000,,,,,,0,0,000000000,00000000000,0,0,0,1,0,0,0,0,0,0,0,998,0,0,0,12,12,6,2,12,0,0,0,1,1,36312,6,1,0,0,3,0,70,200,0,0,0,0,0,0,0,0,0,0,28,0,0,0,1,4,55,1,6,8,1,98,8,1,10,1,1,2,64,1,0