STATE,ST_CASE,VEH_NO,VE_FORMS,NUMOCCS,DAY,MONTH,HOUR,MINUTE,HARM_EV,MAN_COLL,UNITTYPE,HIT_RUN,REG_STAT,OWNER,MAKE,MODEL,MAK_MOD,BODY_TYP,MOD_YEAR,VIN,VIN_1,VIN_2,VIN_3,VIN_4,VIN_5,VIN_6,VIN_7,VIN_8,VIN_9,VIN_10,VIN_11,VIN_12,TOW_VEH,VINTYPE,VINMAKE,VINA_MOD,VIN_BT,VINMODYR,VIN_LNGT,VIN_WGT,WGTCD_TR,WHLBS_LG,WHLBS_SH,SER_TR,FUELCODE,MCYCL_DS,CARBUR,CYLINDER,DISPLACE,MCYCL_CY,MCYCL_WT,TIRE_SZE,TON_RAT,TRK_WT,TRKWTVAR,VIN_REST,WHLDRWHL,J_KNIFE,MCARR_I1,MCARR_I2,MCARR_ID,GVWR,V_CONFIG,CARGO_BT,HAZ_INV,HAZ_PLAC,HAZ_ID,HAZ_CNO,HAZ_REL,BUS_USE,SPEC_USE,EMER_USE,TRAV_SP,UNDERIDE,ROLLOVER,ROLINLOC,IMPACT1,IMPACT2,DEFORMED,TOWED,M_HARM,VEH_SC1,VEH_SC2,FIRE_EXP,DR_PRES,L_STATE,DR_ZIP,L_STATUS,L_TYPE,CDL_STAT,L_ENDORS,L_COMPL,L_RESTRI,DR_HGT,DR_WGT,PREV_ACC,PREV_SUS,PREV_DWI,PREV_SPD,PREV_OTH,FIRST_MO,FIRST_YR,LAST_MO,LAST_YR,SPEEDREL,DR_SF1,DR_SF2,DR_SF3,DR_SF4,VTRAFWAY,VNUM_LAN,VSPD_LIM,VALIGN,VPROFILE,VPAVETYP,VSURCOND,VTRAFCON,VTCONT_F,P_CRASH1,P_CRASH2,P_CRASH3,PCRASH4,PCRASH5,ACC_TYPE,DEATHS,DR_DRINK
13,131061,2,3,1,12,12,20,6,12,6,1,0,92,0,12,401,12401,14,1998,1FMZU32X3WUD,1,F,M,Z,U,3,2,X,3,W,U,D,0,P,FORD,EPR,UT,98,17,3911,,0,1115,,G,,F,6,245,,,15R225,,,,,,0,0,000000000,00000000000,0,0,0,1,0,0,0,0,0,0,0,998,0,0,0,9,9,6,2,12,0,0,0,1,13,30286,6,1,0,0,3,0,74,220,98,1,0,0,1,9,2010,11,2010,0,0,0,0,0,1,4,55,1,5,8,1,98,8,1,62,1,1,1,65,0,0
13,131061,3,3,1,12,12,20,6,12,6,1,0,13,1,35,39,35039,4,2007,1N4BA41EX7C8,1,N,4,B,A,4,1,E,X,7,C,8,0,P,NISS,MEL,4D,7,17,3474,,0,1112,,G,,F,6,,,,18R245,,,,,,0,0,000000000,00000000000,0,0,0,1,0,0,0,0,0,0,0,998,0,0,0,12,12,6,2,12,0,0,0,1,13,30286,6,1,0,0,3,0,64,155,98,0,0,1,0,8,2010,8,2010,0,0,0,0,0,1,4,55,1,5,8,1,98,8,1,62,1,1,1,98,0,0
13,131062,1,2,1,13,12,17,20,12,6,1,0,13,1,37,709,37709,80,2009,JH2RC53199K2,J,H,2,R,C,5,3,1,9,9,K,2,0,M,HOND,V72,RS,9,17,,,,,,,745,,2,,4,536,,,,,,,0,0,000000000,00000000000,0,0,0,1,0,0,0,0,0,0,0,998,0,0,0,10,10,6,2,12,0,0,0,1,13,31569,6,1,6,0,3,3,67,155,98,0,0,0,0,0,0,0,0,0,38,0,0,0,1,2,45,1,1,8,1,20,3,11,15,1,1,2,82,1,0
13,131062,2,2,2,13,12,17,20,12,6,1,0,8,1,20,422,20422,15,2004,3GNGC26GX4G2,3,G,N,G,C,2,6,G,X,4,G,2,0,P,CHEV,C25,UT,4,17,5520,,0,1300,,G,,F,8,496,,,16R245,,,,,,0,0,000000000,00000000000,0,0,0,1,0,0,0,0,0,0,0,998,0,0,0,12,12,4,1,12,0,0,0,1,8,81082,6,1,0,0,3,0,67,135,0,0,0,0,0,0,0,0,0,0,0,0,0,0,1,2,55,1,1,8,1,0,0,1,66,1,1,1,83,0,0
13,131063,1,2,2,14,12,14,45,12,2,1,0,13,1,37,402,37402,14,2007,JHLRE38307C0,J,H,L,R,E,3,8,3,0,7,C,0,0,P,HOND,CRV,UT,7,17,3389,,0,1031,,G,,F,4,146,,,17R225,,,,,,0,0,000000000,00000000000,0,0,0,1,0,0,0,0,0,0,0,998,0,0,0,12,12,6,2,12,0,0,0,1,13,31061,6,1,0,0,3,3,61,150,98,0,0,0,0,0,0,0,0,0,38,0,0,0,1,2,99,1,1,2,1,20,3,11,15,1,1,2,84,1,0
13,131063,2,2,2,14,12,14,45,12,2,1,0,13,1,35,43,35043,4,2004,3N1CB51D64L8,3,N,1,C,B,5,1,D,6,4,L,8,0,P,NISS,S18,4D,4,17,2387,,0,998,,G,,F,4,108,,,15R195,,,,,,0,0,000000000,00000000000,0,0,0,1,0,0,0,0,0,0,0,998,0,0,0,12,12,6,2,12,0,0,0,1,13,31061,6,1,0,0,3,0,67,168,98,0,0,0,1,3,2010,3,2010,0,0,0,0,0,1,4,55,1,1,2,1,0,0,1,66,1,1,1,84,0,0
13,131064,1,1,1,14,12,23,20,8,0,1,0,92,0,12,37,12037,4,2004,1FAFP33PX4W1,1,F,A,F,P,3,3,P,X,4,W,1,0,P,FORD,FOX,4D,4,17,2604,,0,1030,,G,,F,4,122,,,17R215,,,,,,0,0,000000000,00000000000,0,0,0,1,0,0,0,0,0,0,0,998,0,0,0,12,98,6,2,8,0,0,0,1,13,31220,6,1,0,0,3,0,64,119,98,0,0,1,0,5,2010,5,2010,0,86,0,0,0,1,2,45,1,1,2,1,0,0,1,80,1,1,1,13,0,0
13,131065,1,1,1,14,12,1,48,30,0,1,0,13,2,12,481,12481,31,2001,1FTRW08L81KE,1,F,T,R,W,0,8,L,8,1,K,E,0,T,FORD,F1S,CW,1,17,,2,0,1388,COF,G,,,8,330,,,,B,4914,01,E,44,0,0,000000000,00000000000,0,0,0,1,0,0,0,0,0,0,0,998,0,0,0,3,98,6,2,42,0,0,0,1,13,30814,6,2,0,0,3,0,73,185,98,0,0,0,1,11,2009,11,2009,0,58,29,0,0,1,2,45,3,1,2,1,0,0,14,12,7,3,4,7,1,1
13,131066,1,2,1,15,12,13,31,12,6,1,0,13,1,6,441,6441,20,2002,2C4GP54L22R6,2,C,4,G,P,5,4,L,2,2,R,6,0,T,CHRY,LXI,ES,2,17,,1,0,1193,TWC,G,,,6,230,,,,,4160,00,,42,0,0,000000000,00000000000,0,0,0,1,0,0,0,0,0,0,0,998,0,0,0,1,1,6,2,12,0,0,0,1,13,30506,6,1,0,0,3,3,67,170,98,0,0,0,0,0,0,0,0,0,38,0,0,0,3,2,45,1,1,8,1,0,0,11,15,1,1,2,68,0,0
13,131066,2,2,2,15,12,13,31,12,6,1,0,13,1,72,706,72706,80,2009,1HD1FR4169Y6,1,H,D,1,F,R,4,1,6,9,Y,6,0,M,HD,FKC,RS,9,17,,,,,,,1584,,2,,4,810,,,,,,,0,0,000000000,00000000000,0,0,0,1,0,0,0,0,0,0,0,998,0,0,0,12,12,6,2,12,0,0,0,1,13,30519,6,1,6,0,3,0,72,190,98,0,0,1,0,12,2009,12,2009,0,0,0,0,0,3,2,45,1,1,8,1,0,0,1,62,1,1,1,69,1,0
13,131067,1,2,3,15,12,8,38,12,8,1,0,13,2,7,43,7043,2,2005,4B3AG52H75E0,4,B,3,A,G,5,2,H,7,5,E,0,0,P,DODG,SRS,CP,5,17,3170,,0,1037,,G,,F,6,181,,,17R215,,,,,,0,0,000000000,00000000000,0,0,0,1,0,0,0,0,0,0,0,998,0,0,0,11,4,6,2,42,0,0,0,1,13,30176,6,1,0,0,3,0,67,185,98,0,0,0,3,1,2009,5,2011,1,36,28,0,0,1,2,25,1,3,8,1,0,0,1,62,6,9,2,65,1,0
13,131067,2,2,1,15,12,8,38,12,8,1,0,13,1,12,481,12481,31,1992,1FTEX15Y6NKB,1,F,T,E,X,1,5,Y,6,N,K,B,0,T,FORD,F15,PC,92,17,,2,1550,1390,COF,G,,,6,300,,,,B,3843,05,A,42,0,0,000000000,00000000000,0,0,0,1,0,0,0,0,0,0,0,998,0,0,0,7,7,2,1,12,0,0,0,1,13,30182,6,1,0,0,3,0,74,268,98,0,0,1,0,9,2010,9,2010,0,28,48,0,0,1,2,25,1,3,8,1,0,0,9,10,1,1,2,64,0,0
13,131068,1,1,1,15,12,13,24,43,0,1,0,37,1,73,709,73709,80,2009,JKAEREC179DA,J,K,A,E,R,E,C,1,7,9,D,A,0,M,KAWK,ER6,RC,9,17,,,,,,,649,,2,,4,442,,,,,,,0,0,000000000,00000000000,0,0,0,1,0,0,0,0,0,0,0,998,0,0,0,12,12,6,2,1,0,0,0,1,37,28904,6,1,0,0,3,0,75,999,0,0,0,0,0,0,0,0,0,0,29,0,0,0,1,2,50,3,1,8,1,0,0,14,13,1,1,4,1,1,0
13,131069,1,2,1,16,12,11,11,12,1,1,0,13,1,20,441,20441,20,1993,1GNDM19W1PB1,1,G,N,D,M,1,9,W,1,P,B,1,0,T,CHEV,AST,ES,93,17,,1,0,1110,AST,G,,,6,262,,,,B,3618,04,,42,0,0,000000000,00000000000,0,0,0,1,0,0,0,0,0,0,0,998,0,0,0,12,12,4,1,12,0,0,0,1,13,31030,6,1,0,0,3,0,62,231,98,0,0,1,2,7,2009,6,2011,0,26,0,0,0,1,2,25,1,1,2,1,0,0,1,51,1,1,1,24,0,0
13,131069,2,2,1,16,12,11,11,12,1,1,0,13,1,34,34,34034,4,1985,WBAAC840XF06,W,B,A,A,C,8,4,0,X,F,0,6,0,P,BMW,31A,4D,85,17,2450,,0,1012,,G,,F,4,108,,,14R175,,,,,,0,0,000000000,00000000000,0,0,0,1,0,0,0,0,0,0,0,998,0,0,0,6,6,6,2,12,0,0,0,1,13,31030,6,1,0,0,3,0,67,135,98,0,0,0,0,0,0,0,0,0,0,0,0,0,1,2,25,1,1,2,1,0,0,1,53,1,1,1,25,1,0
13,131070,1,2,2,20,12,11,19,12,6,1,0,13,2,2,404,2404,14,2011,1J4RS4GG8BC5,1,J,4,R,S,4,G,G,8,B,C,5,0,T,JEEP,LRO,4W,11,17,,2,0,1148,GCK,F,,,6,220,,,,,4470,00,W,42,0,0,000000000,00000000000,0,0,0,1,0,0,0,0,0,0,0,998,0,0,0,1,98,6,2,12,0,0,0,1,13,30117,6,1,0,0,3,3,61,160,98,0,0,0,0,0,0,0,0,0,0,0,0,0,2,2,55,1,2,2,2,3,3,1,17,1,1,1,87,0,0
13,131070,2,2,1,20,12,11,19,12,6,1,0,13,1,20,481,20481,31,1998,2GCEC19R4W11,2,G,C,E,C,1,9,R,4,W,1,1,0,T,CHEV,GC1,PC,98,17,,2,1555,1415,GM4,G,,,8,350,,,,B,4145,03,,42,0,0,000000000,00000000000,0,0,0,1,0,0,0,0,0,0,0,998,0,0,0,12,12,6,2,12,32,0,0,1,13,30185,6,1,0,0,3,0,69,185,98,0,0,0,0,0,0,0,0,0,39,0,0,0,2,2,55,1,2,2,2,3,3,1,17,1,1,1,86,1,0
13,131071,1,1,1,23,12,4,26,40,0,1,0,13,1,42,401,42401,14,1999,4JGAB72EXXA0,4,J,G,A,B,7,2,E,X,X,A,0,0,P,MERZ,ML4,UT,99,17,4552,,0,1110,,G,,F,8,260,,,17R275,,,,,,0,0,000000000,00000000000,0,0,0,1,0,0,0,0,0,0,0,998,0,0,0,12,98,6,2,42,0,0,1,1,13,31206,1,1,0,0,2,0,72,190,98,1,0,0,0,6,2011,6,2011,1,87,29,0,0,1,2,35,3,2,2,2,0,0,14,13,7,3,4,2,1,0
13,131072,1,1,4,13,11,0,36,1,0,1,0,13,1,12,401,12401,14,2000,1FMZU63E6YZC,1,F,M,Z,U,6,3,E,6,Y,Z,C,0,P,FORD,EPR,UT,0,17,3906,,0,1116,,G,,F,6,245,,,15R235,,,,,,0,0,000000000,00000000000,0,0,0,1,0,0,0,0,0,0,0,998,0,1,5,0,99,6,2,42,0,0,0,1,13,30258,6,1,0,0,3,0,69,160,98,1,0,2,0,10,2009,8,2010,1,29,0,0,0,1,9,45,2,1,2,1,0,0,14,12,7,3,4,7,2,1
13,131073,1,2,1,1,9,15,43,12,6,1,0,92,0,99,709,99709,88,9999,000000000000,0,0,0,0,0,0,0,0,0,0,0,0,0,,,,,,,,,,,,,,,,,,,,,,,,,0,0,000000000,00000000000,0,0,0,1,0,0,0,0,0,0,0,998,0,0,0,9,9,6,2,12,0,0,0,1,13,31093,0,0,0,0,0,0,71,150,98,0,0,0,0,0,0,0,0,0,38,0,0,0,1,2,35,1,1,2,1,20,3,1,17,1,1,1,89,1,0
13,131073,2,2,1,1,9,15,43,12,6,1,0,13,1,20,481,20481,31,1985,1GCDC14C7FF3,1,G,C,D,C,1,4,C,7,F,F,3,0,T,CHEV,C10,PK,85,17,,1,1315,1175,C10,D,,,8,379,,,,B,3319,07,,42,0,0,000000000,00000000000,0,0,0,1,0,0,0,0,0,0,0,998,0,0,0,12,12,2,1,12,0,0,0,1,13,31023,6,1,0,0,3,0,70,221,98,0,0,0,0,0,0,0,0,0,0,0,0,0,1,2,35,1,1,2,1,0,0,1,66,1,1,1,88,0,0
13,131074,1,2,1,1,9,15,7,12,6,1,0,13,1,22,2,22002,4,2002,1G2HX54K0241,1,G,2,H,X,5,4,K,0,2,4,1,0,P,PONT,BVS,4D,2,17,3633,,0,1122,,G,,F,6,231,,,16R225,,,,,,0,0,000000000,00000000000,0,0,0,1,0,0,0,0,0,0,0,998,0,0,0,3,3,6,2,12,0,0,0,1,13,30286,6,1,0,0,3,0,68,135,98,0,0,1,0,2,2010,2,2010,0,58,0,0,0,5,4,55,1,1,2,1,28,3,1,10,7,4,6,66,1,0
13,131074,2,2,1,1,9,15,7,12,6,1,0,13,2,7,25,7025,5,2007,1B3HB28B67D1,1,B,3,H,B,2,8,B,6,7,D,1,0,P,DODG,CLB,4D,7,17,3000,,0,1037,,G,,F,4,122,,,15R205,,,,,,0,0,000000000,00000000000,0,0,0,1,0,0,0,0,0,0,0,998,0,1,6,12,12,6,2,12,0,0,0,1,13,30286,6,1,6,0,3,0,73,240,98,0,0,0,0,0,0,0,0,0,0,0,0,0,5,4,55,1,1,2,1,28,3,1,62,1,1,1,66,1,0
13,131075,1,1,1,16,9,23,7,8,0,1,0,94,3,12,16,12016,4,2008,2FAFP71VX8X1,2,F,A,F,P,7,1,V,X,8,X,1,0,P,FORD,CVP,4D,8,17,0,,0,1146,,F,,F,8,281,,,17R235,,,,,,0,0,000000000,00000000000,0,0,0,1,0,0,0,0,0,0,0,998,0,0,0,12,12,2,3,8,0,0,0,1,13,30701,6,1,0,0,3,3,75,240,98,0,0,0,0,0,0,0,0,0,0,0,0,0,1,4,45,1,1,2,1,0,0,1,80,1,1,1,13,0,0
13,131076,1,2,1,20,9,14,40,12,6,1,0,13,2,49,32,49032,4,1992,1NXAE94A0NZ3,1,N,X,A,E,9,4,A,0,N,Z,3,0,P,TOYT,CDF,4D,92,17,2257,,0,957,,G,,F,4,097,,,000000,,,,,,0,0,000000000,00000000000,0,0,0,1,0,0,0,0,0,0,0,998,0,0,0,3,3,6,2,12,0,0,0,1,13,30115,6,2,0,0,3,3,61,100,98,0,0,0,0,0,0,0,0,0,99,99,99,99,1,2,40,1,2,2,1,0,0,1,9,1,7,2,66,1,0
13,131076,2,2,1,20,9,14,40,12,6,1,0,13,1,2,404,2404,14,2003,1J4GX58N43C5,1,J,4,G,X,5,8,N,4,3,C,5,0,T,JEEP,LMT,4W,3,17,,1,0,1059,GCK,G,,,8,287,,,,,3786,01,E,42,0,0,000000000,00000000000,0,0,0,1,0,0,0,0,0,0,0,998,0,0,0,12,12,6,2,12,0,0,0,1,13,30115,6,1,0,0,3,0,69,180,98,0,0,0,0,0,0,0,0,0,0,0,0,0,1,2,40,1,2,2,1,0,0,1,62,1,1,1,66,0,0
13,131077,1,2,1,1,10,15,27,12,6,1,0,13,1,14,17,14017,4,1994,1MELM5046RA6,1,M,E,L,M,5,0,4,6,R,A,6,0,P,MERC,SGS,4D,94,17,3126,,0,1060,,G,,F,6,232,,,15R205,,,,,,0,0,000000000,00000000000,0,0,0,1,0,0,0,0,0,0,0,998,0,1,6,12,13,6,2,1,0,0,0,1,13,31510,6,1,6,0,3,0,68,185,98,0,0,0,0,0,0,0,0,0,0,0,0,0,1,2,25,3,1,2,1,0,0,14,13,1,1,6,71,1,0
13,131077,2,2,3,1,10,15,27,12,6,1,0,13,1,12,3,12003,2,2000,1FAFP4040YF2,1,F,A,F,P,4,0,4,0,Y,F,2,0,P,FORD,MUS,CP,0,17,3066,,0,1013,,G,,F,6,232,,,15R205,,,,,,0,0,000000000,00000000000,0,0,0,1,0,0,0,0,0,0,0,998,0,0,0,1,1,6,2,12,0,0,0,1,13,31566,6,1,0,0,3,0,66,150,98,0,0,1,1,10,2009,5,2011,0,92,0,0,0,1,2,25,2,1,2,1,0,0,10,60,1,1,1,70,0,0
13,131078,1,2,1,5,10,18,11,12,6,1,0,92,0,22,20,22020,4,2006,2G2WC58C9611,2,G,2,W,C,5,8,C,9,6,1,1,0,P,PONT,GXP,4D,6,17,3600,,0,1105,,G,,F,8,323,,,18R255,,,,,,0,0,000000000,00000000000,0,0,0,1,0,0,0,0,0,0,0,998,0,0,0,11,12,6,2,12,0,0,0,1,13,30120,6,1,0,0,3,0,72,190,98,0,0,0,0,0,0,0,0,0,38,0,0,0,1,2,55,2,1,2,1,20,3,14,17,1,1,1,89,0,0
13,131078,2,2,2,5,10,18,11,12,6,1,0,13,1,12,442,12442,20,2003,2FMZA51413BA,2,F,M,Z,A,5,1,4,1,3,B,A,0,T,FORD,WLX,ES,3,17,,1,0,1207,WIN,G,,,6,232,,,,B,3762,00,E,42,0,0,000000000,00000000000,0,0,0,1,0,0,0,0,0,0,0,998,0,0,0,12,12,6,2,12,0,0,0,1,13,30120,6,1,0,0,3,0,71,165,98,0,0,0,0,0,0,0,0,0,92,0,0,0,1,2,55,1,1,2,1,0,0,1,17,1,1,1,88,1,0
13,131079,1,3,2,9,10,7,26,12,1,1,0,21,2,63,33,63033,4,2007,KNAFE1212754,K,N,A,F,E,1,2,1,2,7,5,4,0,P,KIA,SXC,4D,7,17,2701,,0,1028,,G,,F,4,122,,,15R195,,,,,,0,0,000000000,00000000000,0,0,0,1,0,0,0,0,0,0,0,998,0,0,0,12,12,6,2,12,0,0,0,1,21,40361,6,1,0,0,3,0,68,152,0,1,0,0,2,4,2010,5,2010,0,27,0,0,0,3,3,70,1,1,2,1,0,0,1,51,3,2,1,24,0,0
13,131079,2,3,1,9,10,7,26,12,1,1,0,13,1,49,401,49401,14,1999,JT3HN87R8X90,J,T,3,H,N,8,7,R,8,X,9,0,0,P,TOYT,RUN,UT,99,17,3930,,0,1053,,G,,F,6,206,,,16R265,,,,,,0,0,000000000,00000000000,0,0,0,1,0,0,0,0,0,0,0,998,0,0,0,6,6,2,1,12,0,0,0,1,13,30114,6,1,0,0,3,0,71,200,98,0,0,0,0,0,0,0,0,0,0,0,0,0,3,3,70,1,1,2,1,0,0,1,53,1,1,1,25,0,0
13,131079,3,3,3,9,10,7,26,12,1,1,0,13,1,20,404,20404,14,2008,2CNDL13F3860,2,C,N,D,L,1,3,F,3,8,6,0,0,P,CHEV,EQU,UT,8,17,3699,,0,1125,,G,,F,6,207,,,16R235,,,,,,0,0,000000000,00000000000,0,0,0,1,0,0,0,0,0,0,0,998,0,0,0,12,12,6,2,12,0,0,0,1,13,30120,6,1,0,0,3,3,71,180,98,0,0,0,0,0,0,0,0,0,0,0,0,0,3,3,70,1,1,2,1,0,0,1,54,1,1,2,98,1,0
13,131080,1,1,1,10,10,19,21,59,0,1,0,13,1,24,2,24002,2,2001,1G8ZY12741Z1,1,G,8,Z,Y,1,2,7,4,1,Z,1,0,P,STRN,SC2,3P,1,17,2463,,0,1024,,G,,F,4,116,,,15R195,,,,,,0,0,000000000,00000000000,0,0,0,1,0,0,0,0,0,0,0,998,0,1,3,61,98,6,2,1,0,0,0,1,13,31563,6,1,0,0,3,0,64,144,98,0,0,0,0,0,0,0,0,0,0,0,0,0,1,2,55,4,1,2,2,0,0,14,13,1,7,4,2,1,0
13,131081,1,2,1,18,10,17,8,12,6,1,0,13,2,37,32,37032,4,2003,JHMCM56643C0,J,H,M,C,M,5,6,6,4,3,C,0,0,P,HOND,UEX,4D,3,17,3109,,0,1079,,G,,F,4,146,,,16R205,,,,,,0,0,000000000,00000000000,0,0,0,1,0,0,0,0,0,0,0,998,0,0,0,1,1,6,2,12,0,0,0,1,13,30228,6,1,6,0,3,3,67,160,98,0,0,0,0,0,0,0,0,0,38,0,0,0,3,2,55,1,5,2,2,3,3,11,15,1,1,1,68,1,0
13,131081,2,2,2,18,10,17,8,12,6,1,0,13,2,49,40,49040,4,2011,4T1BF3EK3BU1,4,T,1,B,F,3,E,K,3,B,U,1,0,P,TOYT,CBA,4D,11,17,3263,,0,1093,,G,,F,4,152,,,16R215,,,,,,0,0,000000000,00000000000,0,0,0,1,0,0,0,0,0,0,0,998,0,0,0,12,12,6,2,12,0,0,0,1,13,30238,6,1,0,0,3,0,64,139,98,0,0,0,0,0,0,0,0,0,0,0,0,0,3,2,55,1,6,2,2,3,3,1,63,1,1,1,69,0,0
13,131082,1,1,1,1,12,4,18,34,0,1,0,13,1,49,482,49482,31,2006,5TBDT48156S5,5,T,B,D,T,4,8,1,5,6,S,5,0,T,TOYT,DBL,CW,6,17,,2,0,1283,TUN,G,,,8,285,,,,B,5020,00,U,44,0,0,000000000,00000000000,0,0,0,1,0,0,0,0,0,0,0,998,0,0,0,62,62,6,2,35,0,0,0,1,13,30114,6,1,0,0,3,3,67,150,98,0,0,0,0,0,0,0,0,1,0,0,0,0,1,2,55,3,1,2,1,0,0,14,6,1,1,4,6,1,0
13,131083,1,1,1,2,12,11,19,59,0,1,0,13,1,35,50,35050,4,2008,3N1BC13EX8L3,3,N,1,B,C,1,3,E,X,8,L,3,0,P,NISS,VSL,4H,8,17,2620,,0,1024,,G,,F,4,110,,,15R185,,,,,,0,0,000000000,00000000000,0,0,0,1,0,0,0,0,0,0,0,998,0,1,6,4,13,6,2,1,0,0,0,1,13,31707,6,1,0,0,3,1,65,150,98,0,0,0,0,0,0,0,0,0,58,0,0,0,2,4,55,3,1,2,1,0,0,14,13,1,1,4,1,1,0
13,131084,1,3,1,14,12,11,59,12,7,1,0,12,1,35,50,35050,4,2007,3N1BC13E57L4,3,N,1,B,C,1,3,E,5,7,L,4,0,P,NISS,VSL,4H,7,17,2649,,0,1024,,G,,F,4,110,,,15R185,,,,,,0,0,000000000,00000000000,0,0,0,1,0,0,0,0,0,0,0,998,0,0,0,10,10,6,2,12,0,0,0,1,12,34984,6,1,0,0,3,0,72,999,0,0,0,0,0,0,0,0,0,0,0,0,0,0,3,4,55,1,1,1,1,0,0,15,10,1,1,2,47,1,1
13,131084,2,3,1,14,12,11,59,12,7,1,0,13,1,37,31,37031,4,1992,1HGEG8652NL0,1,H,G,E,G,8,6,5,2,N,L,0,0,P,HOND,CLX,4D,92,17,2319,,0,1031,,G,,F,4,091,,,13R175,,,,,,0,0,000000000,00000000000,0,0,0,1,0,0,0,0,0,0,0,998,0,0,0,1,1,6,2,12,0,0,0,1,13,30220,6,1,0,0,3,3,70,210,98,2,1,0,1,4,2009,4,2009,0,0,0,0,0,3,4,55,1,1,2,1,0,0,1,60,1,1,1,45,0,0
13,131084,3,3,1,14,12,11,59,12,7,1,0,13,4,49,40,49040,4,2011,4T1BF3EK3BU7,4,T,1,B,F,3,E,K,3,B,U,7,0,P,TOYT,CBA,4D,11,17,3263,,0,1093,,G,,F,4,152,,,16R215,,,,,,0,0,000000000,00000000000,0,0,0,1,0,0,0,0,0,0,0,998,0,0,0,12,12,4,3,12,0,0,0,1,13,30344,6,1,6,0,3,3,74,215,98,0,0,0,1,7,2009,7,2009,0,0,0,0,0,3,4,55,1,1,2,1,0,0,1,60,1,1,1,98,0,0
13,131085,1,2,1,16,12,2,22,8,0,1,0,26,3,87,881,87881,66,2007,1XP7D49X57D6,1,X,P,7,D,4,9,X,5,7,D,6,1,T,PTRB,387,TR,7,17,,8,0,0,CON,D,,,6,915,,,,,00000,00,,64,1,57,182995,57182995,3,6,1,1,0,0,0,0,0,0,0,998,0,0,0,12,12,4,1,8,0,0,0,1,26,49331,6,1,6,0,3,0,72,225,0,0,0,0,0,0,0,0,0,0,0,0,0,0,6,1,40,1,2,2,2,0,0,1,80,1,1,1,13,0,0
13,131085,2,2,2,16,12,2,22,8,0,1,0,13,2,20,401,20401,14,2002,1GNDS13S6224,1,G,N,D,S,1,3,S,6,2,2,4,0,P,CHEV,TRL,UT,2,17,4442,,0,1130,,G,,F,6,256,,,16R245,,,,,,0,0,000000000,00000000000,0,0,0,1,0,0,0,0,0,0,0,998,0,0,0,14,14,2,1,8,0,0,0,1,13,30120,6,1,0,0,3,0,73,235,98,0,0,0,0,0,0,0,0,0,0,0,0,0,6,1,40,1,2,2,2,0,0,1,80,1,1,1,98,0,0
13,131086,1,1,1,18,12,3,36,8,0,1,0,13,2,35,49,35049,6,2006,JN8AZ08T96W4,J,N,8,A,Z,0,8,T,9,6,W,4,0,P,NISS,MUR,UT,6,17,3723,,0,1112,,G,,F,6,213,,,18R235,,,,,,0,0,000000000,00000000000,0,0,0,1,0,0,0,0,0,0,0,998,0,0,0,12,12,2,1,8,0,0,0,1,13,30039,6,1,0,0,3,3,61,105,98,1,0,1,1,4,2010,11,2010,0,0,0,0,0,1,4,40,1,2,2,1,0,0,1,80,2,1,1,13,0,0
13,131087,1,1,1,19,12,0,20,42,0,1,0,13,2,20,481,20481,31,1993,1GCEC14Z2PE2,1,G,C,E,C,1,4,Z,2,P,E,2,0,T,CHEV,GC1,PK,93,17,,2,1315,1175,GM4,G,,,6,262,,,,B,3718,02,,42,0,0,000000000,00000000000,0,0,0,1,0,0,0,0,0,0,0,998,0,0,0,9,9,6,2,42,0,0,0,1,96,36867,9,9,99,9,9,9,999,999,99,99,99,99,99,99,9999,99,9999,1,0,0,0,0,1,2,10,3,1,2,1,0,0,14,12,1,1,4,6,1,0
13,131088,1,1,1,15,12,1,59,8,0,1,1,99,9,99,999,99999,99,9999,999999999999,9,9,9,9,9,9,9,9,9,9,9,9,0,,,,,,,,,,,,,,,,,,,,,,,,,0,0,000000000,00000000000,0,0,0,1,0,0,0,0,99,99,9,999,9,0,0,12,12,9,1,8,99,99,0,1,99,99999,9,9,99,9,9,9,999,999,99,99,99,99,99,99,9999,99,9999,9,99,99,99,99,2,4,50,1,1,2,1,0,0,99,80,99,9,9,13,0,0
13,131089,1,1,1,16,12,4,51,8,0,1,0,13,2,12,481,12481,31,1999,1FTRX17W9XNB,1,F,T,R,X,1,7,W,9,X,N,B,0,T,FORD,F15,4C,99,17,,2,1571,1385,COF,G,,,8,281,,,,B,00000,00,U,42,0,0,000000000,00000000000,0,0,0,1,0,0,0,0,0,0,0,998,0,0,0,12,12,4,3,8,0,0,0,1,13,30047,6,1,0,0,3,0,72,280,98,0,0,0,0,0,0,0,0,0,0,0,0,0,1,2,30,1,2,2,1,0,0,1,80,1,1,1,13,0,0