STATE,ST_CASE,VEH_NO,VE_FORMS,NUMOCCS,DAY,MONTH,HOUR,MINUTE,HARM_EV,MAN_COLL,UNITTYPE,HIT_RUN,REG_STAT,OWNER,MAKE,MODEL,MAK_MOD,BODY_TYP,MOD_YEAR,VIN,VIN_1,VIN_2,VIN_3,VIN_4,VIN_5,VIN_6,VIN_7,VIN_8,VIN_9,VIN_10,VIN_11,VIN_12,TOW_VEH,VINTYPE,VINMAKE,VINA_MOD,VIN_BT,VINMODYR,VIN_LNGT,VIN_WGT,WGTCD_TR,WHLBS_LG,WHLBS_SH,SER_TR,FUELCODE,MCYCL_DS,CARBUR,CYLINDER,DISPLACE,MCYCL_CY,MCYCL_WT,TIRE_SZE,TON_RAT,TRK_WT,TRKWTVAR,VIN_REST,WHLDRWHL,J_KNIFE,MCARR_I1,MCARR_I2,MCARR_ID,GVWR,V_CONFIG,CARGO_BT,HAZ_INV,HAZ_PLAC,HAZ_ID,HAZ_CNO,HAZ_REL,BUS_USE,SPEC_USE,EMER_USE,TRAV_SP,UNDERIDE,ROLLOVER,ROLINLOC,IMPACT1,IMPACT2,DEFORMED,TOWED,M_HARM,VEH_SC1,VEH_SC2,FIRE_EXP,DR_PRES,L_STATE,DR_ZIP,L_STATUS,L_TYPE,CDL_STAT,L_ENDORS,L_COMPL,L_RESTRI,DR_HGT,DR_WGT,PREV_ACC,PREV_SUS,PREV_DWI,PREV_SPD,PREV_OTH,FIRST_MO,FIRST_YR,LAST_MO,LAST_YR,SPEEDREL,DR_SF1,DR_SF2,DR_SF3,DR_SF4,VTRAFWAY,VNUM_LAN,VSPD_LIM,VALIGN,VPROFILE,VPAVETYP,VSURCOND,VTRAFCON,VTCONT_F,P_CRASH1,P_CRASH2,P_CRASH3,PCRASH4,PCRASH5,ACC_TYPE,DEATHS,DR_DRINK
15,150028,1,1,1,18,4,19,49,8,0,1,0,40,2,12,17,12017,4,2010,1FAHP2FW7AG1,1,F,A,H,P,2,F,W,7,A,G,1,0,P,FORD,TLT,4D,10,17,3985,,0,1129,,G,,F,6,214,,,19R255,,,,,,0,0,000000000,00000000000,0,0,0,1,0,0,0,0,0,0,0,999,0,0,0,12,12,2,1,8,0,0,0,1,97,0,6,1,0,0,3,1,999,999,99,99,99,99,99,99,9999,99,9999,0,0,0,0,0,2,4,40,1,1,2,1,0,0,1,80,1,1,1,13,0,0
15,150029,1,2,1,21,4,16,35,12,2,1,0,15,1,35,473,35473,31,2005,1N6AA06A95N5,1,N,6,A,A,0,6,A,9,5,N,5,0,T,NISS,TXS,PC,5,17,,2,0,1398,TTN,G,,,8,342,,,,C,4828,02,E,42,0,0,000000000,00000000000,0,0,0,1,0,0,0,0,0,0,0,999,0,0,0,12,12,6,2,12,0,0,0,1,15,96791,6,1,6,0,3,3,60,115,0,0,0,1,0,8,2008,8,2008,0,48,0,0,0,1,2,35,1,5,2,1,0,0,1,54,6,4,6,50,1,1
15,150029,2,2,1,21,4,16,35,12,2,1,0,15,1,20,481,20481,31,2000,1GBJC34R9YF5,1,G,B,J,C,3,4,R,9,Y,F,5,0,T,CHEV,GC3,CB,0,17,,3,1595,1315,GM4,G,,,8,350,,,,D,4467,05,,42,0,0,000000000,00000000000,0,0,0,1,0,0,0,0,0,0,0,999,0,0,0,12,12,6,2,12,0,0,0,1,15,96791,6,1,0,0,3,0,71,205,0,0,0,0,0,0,0,0,0,0,0,0,0,0,1,2,35,1,6,2,1,0,0,1,55,9,1,1,51,0,0
15,150030,1,1,1,24,4,11,44,30,0,1,0,15,1,49,40,49040,4,1997,JT2BG22K2V00,J,T,2,B,G,2,2,K,2,V,0,0,0,P,TOYT,XLL,4D,97,17,3086,,0,1051,,G,,F,4,132,,,14R195,,,,,,0,0,000000000,00000000000,0,0,0,1,0,0,0,0,0,0,0,999,0,0,0,12,12,6,2,30,0,0,0,1,15,96786,6,1,0,0,3,0,62,115,98,0,0,0,0,0,0,0,0,0,0,0,0,0,1,2,25,1,1,2,1,0,0,1,13,1,1,4,1,1,0
15,150031,1,2,1,30,4,13,58,12,2,1,0,15,2,72,706,72706,80,2008,1HD4CP2138K4,1,H,D,4,C,P,2,1,3,8,K,4,0,M,HD,L8C,RS,8,17,,,,,,,883,,2,,4,591,,,,,,,0,0,000000000,00000000000,0,0,0,1,0,0,0,0,0,0,0,999,0,0,0,12,12,6,2,12,0,0,0,1,12,96818,6,1,0,0,3,3,63,144,0,0,0,2,1,3,2009,10,2010,1,0,0,0,0,1,2,35,3,6,2,1,0,0,14,54,10,1,2,50,1,0
15,150031,2,2,3,30,4,13,58,12,2,1,0,15,1,2,403,2403,14,2008,1J4GA39198L5,1,J,4,G,A,3,9,1,9,8,L,5,0,T,JEEP,WUX,4W,8,17,,1,0,1160,WUL,G,,,6,230,,,,,4203,00,4,44,0,0,000000000,00000000000,0,0,0,1,0,0,0,0,0,0,0,999,0,0,0,12,12,6,2,12,0,0,0,1,15,96706,6,1,0,0,3,0,69,190,0,0,0,0,0,0,0,0,0,0,0,0,0,0,1,2,35,3,5,2,1,0,0,14,55,1,1,2,51,0,0
15,150032,1,1,2,30,4,19,15,42,0,1,0,15,1,37,31,37031,2,1997,1HGEJ8145VL1,1,H,G,E,J,8,1,4,5,V,L,1,0,P,HOND,UAX,CP,97,17,2460,,0,1032,,G,,F,4,097,,,14R185,,,,,,0,0,000000000,00000000000,0,0,0,1,0,0,0,0,0,0,0,999,0,0,0,9,9,6,2,42,0,0,0,1,15,96744,6,1,0,0,3,0,70,165,98,0,0,1,0,2,2009,2,2009,1,0,0,0,0,3,2,35,2,6,2,2,0,0,14,6,1,1,4,1,2,1
15,150033,1,1,1,5,5,22,57,33,0,1,0,15,1,49,472,49472,30,2003,5TESN92N93Z2,5,T,E,S,N,9,2,N,9,3,Z,2,0,T,TOYT,XPR,PC,3,17,,1,0,1219,TAC,G,,,6,206,,,,B,3342,00,U,42,0,0,000000000,00000000000,0,0,0,1,0,0,0,0,0,0,0,999,0,1,2,1,12,6,2,39,0,0,0,1,15,96822,6,1,0,0,3,0,67,162,98,0,0,0,0,0,0,0,0,1,0,0,0,0,6,1,45,2,5,2,2,0,0,14,6,1,3,4,2,1,1
15,150034,1,1,3,7,5,0,49,8,0,1,0,15,2,37,32,37032,4,1999,1HGEJ6670XL0,1,H,G,E,J,6,6,7,0,X,L,0,0,P,HOND,UCL,4D,99,17,2456,,0,1032,,G,,F,4,097,,,14R185,,,,,,0,0,000000000,00000000000,0,0,0,1,0,0,0,0,0,0,0,49,0,0,0,12,12,4,1,8,0,0,0,1,15,96768,3,1,0,0,2,2,70,290,0,0,0,0,0,0,0,0,0,0,74,0,0,0,2,4,55,1,1,2,1,0,0,1,80,1,1,1,13,0,1
15,150035,1,1,2,14,5,1,8,38,0,1,1,15,2,7,482,7482,31,2005,3D7KS28C85G7,3,D,7,K,S,2,8,C,8,5,G,7,0,T,DODG,SQ2,CW,5,17,,2,1605,1405,RPC,D,,,6,359,,,,C,5886,12,E,44,0,0,000000000,00000000000,0,0,0,1,0,0,0,0,0,0,0,999,0,1,6,1,1,6,2,1,0,0,0,1,99,99999,9,9,99,9,9,9,999,999,99,99,99,99,99,99,9999,99,9999,1,37,36,0,0,1,2,20,3,5,2,1,0,0,14,6,1,1,4,1,1,0
15,150036,1,2,3,18,5,21,57,12,2,1,0,15,1,49,32,49032,4,1994,JT2AE09B6R00,J,T,2,A,E,0,9,B,6,R,0,0,0,P,TOYT,LED,4D,94,17,2458,,0,970,,G,,F,4,108,,,14R185,,,,,,0,0,000000000,00000000000,0,0,0,1,0,0,0,0,0,0,0,999,0,0,0,12,12,6,2,12,0,0,0,1,15,96778,0,0,0,0,0,0,65,160,1,1,1,2,1,11,2008,9,2010,0,38,0,0,0,1,4,45,1,1,2,1,0,0,11,15,1,1,1,68,0,1
15,150036,2,2,2,18,5,21,57,12,2,1,0,15,1,37,706,37706,80,1997,1HFSC3438VA0,1,H,F,S,C,3,4,3,8,V,A,0,0,M,HOND,GLT,RS,97,17,,,,,,,1520,,6,,4,682,,,,,,,0,0,000000000,00000000000,0,0,0,1,0,0,0,0,0,0,0,999,0,0,0,12,12,6,2,12,0,0,0,1,15,96778,6,1,0,0,3,1,69,205,0,0,0,0,0,0,0,0,0,0,0,0,0,0,1,4,45,1,1,2,1,0,0,1,62,1,1,1,69,1,0
15,150037,1,1,1,23,5,2,37,8,0,1,1,99,9,99,999,99999,99,9999,999999999999,9,9,9,9,9,9,9,9,9,9,9,9,0,,,,,,,,,,,,,,,,,,,,,,,,,0,0,000000000,00000000000,0,0,0,1,0,0,0,0,0,0,0,999,0,0,0,12,12,9,1,8,0,0,0,1,99,99999,9,9,99,9,9,9,999,999,99,99,99,99,99,99,9999,99,9999,9,38,0,0,0,3,2,30,1,1,2,1,0,0,1,80,1,1,3,13,0,0
15,150038,1,2,1,28,5,21,59,12,2,1,1,15,2,12,461,12461,21,2007,1FTSS34P07DB,1,F,T,S,S,3,4,P,0,7,D,B,0,T,FORD,3SD,EC,7,17,,2,0,1380,VAN,D,,,8,366,,,,D,00000,00,E,42,0,15,000001475,15000001475,1,20,22,1,0,0,0,0,0,0,0,999,0,0,0,12,12,4,1,12,0,0,0,1,15,96720,6,1,6,1,3,3,66,285,1,0,0,1,0,6,2008,8,2008,0,38,48,0,0,5,2,35,1,1,2,1,2,3,11,15,1,1,2,68,0,1
15,150038,2,2,1,28,5,21,59,12,2,1,0,99,9,98,709,98709,81,9999,999999999999,9,9,9,9,9,9,9,9,9,9,9,9,0,,,,,,,,,,,,,,,,,,,,,,,,,0,0,000000000,00000000000,0,0,0,1,0,0,0,0,0,0,0,999,0,0,0,12,12,6,2,12,0,0,0,1,15,96778,6,1,0,0,3,0,69,145,0,0,0,0,0,0,0,0,0,0,0,0,0,0,5,2,35,1,1,2,1,2,3,1,62,1,1,1,69,1,0
15,150039,1,1,1,10,6,20,17,8,0,1,1,99,9,99,999,99999,99,9999,999999999999,9,9,9,9,9,9,9,9,9,9,9,9,0,,,,,,,,,,,,,,,,,,,,,,,,,0,99,999999999,99999999999,9,99,99,1,0,0,0,0,99,99,9,999,0,0,0,99,99,9,1,8,99,99,0,1,99,99999,9,9,99,9,9,9,999,999,99,99,99,99,99,99,9999,99,9999,0,99,99,99,99,2,2,45,3,5,2,1,0,0,14,13,1,1,4,13,0,0
15,150040,1,2,1,15,6,19,7,58,0,1,0,92,0,73,705,73705,80,2002,JKAZX4J152A0,J,K,A,Z,X,4,J,1,5,2,A,0,0,M,KAWK,ZXJ,RC,2,17,,,,,,,600,,4,,4,377,,,,,,,0,0,000000000,00000000000,0,0,0,1,0,0,0,0,0,0,0,999,0,0,0,3,3,6,2,12,0,0,0,1,15,96708,2,1,0,0,2,0,67,175,1,7,1,1,7,9,2009,6,2011,1,0,0,0,0,1,2,25,2,1,2,1,0,0,14,6,1,1,2,98,1,1
15,150040,2,2,1,15,6,19,7,58,0,1,0,15,3,84,881,84881,63,2006,1HTWGAAT86J3,1,H,T,W,G,A,A,T,8,6,J,3,0,T,INTL,740,CC,6,17,,8,0,0,70S,D,,,6,466,,,,,00000,00,,64,0,57,00759824,5700759824,3,1,2,2,2,8888,88,1,0,0,0,999,0,0,0,1,1,2,1,12,0,0,0,1,15,96732,6,1,6,1,3,0,69,200,0,0,0,0,0,0,0,0,0,0,0,0,0,0,1,2,25,1,1,2,1,0,0,1,62,7,1,4,98,0,0
15,150041,1,1,1,27,6,19,34,8,0,1,0,15,3,98,988,98988,58,1994,1N9G1F7C3RM0,1,N,9,G,1,F,7,C,3,R,M,0,0,U,,,,94,17,,,,,,,,,,,,,,,,,,,0,57,1703929,571703929,2,21,22,1,0,0,0,0,6,0,0,999,0,0,0,12,12,0,1,8,0,0,0,1,15,96819,6,1,6,1,3,3,67,170,0,0,0,0,0,0,0,0,0,0,0,0,0,0,4,2,25,1,1,2,1,0,0,1,17,1,1,1,13,0,0
15,150042,1,1,2,30,6,22,42,24,0,1,0,15,1,49,401,49401,14,1998,JT3GN86R9W00,J,T,3,G,N,8,6,R,9,W,0,0,0,P,TOYT,RUN,UT,98,17,3565,,0,1053,,G,,F,6,206,,,15R225,,,,,,0,0,000000000,00000000000,0,0,0,1,0,0,0,0,0,0,0,999,0,1,2,2,98,6,2,1,0,0,0,1,15,96753,6,1,0,0,3,0,67,200,0,0,0,0,0,0,0,0,0,1,58,0,0,0,3,4,40,1,1,2,1,0,0,1,6,1,9,4,2,1,1
15,150043,1,1,2,1,7,21,40,53,0,1,0,15,1,53,705,53705,80,2004,JS1SP46A4421,J,S,1,S,P,4,6,A,4,4,2,1,0,M,SUZI,D6E,T,4,17,,,,,,,644,,1,,4,291,,,,,,,0,0,000000000,00000000000,0,0,0,1,0,0,0,0,0,0,0,999,0,0,0,12,12,2,3,58,0,0,0,1,15,96745,6,1,0,0,2,0,70,160,0,0,0,0,0,0,0,0,0,0,52,0,0,0,1,2,25,2,1,2,2,0,0,14,13,1,1,4,1,1,1
15,150044,1,1,2,2,7,18,32,38,0,1,0,15,2,37,32,37032,4,2004,JHMCM56364C0,J,H,M,C,M,5,6,3,6,4,C,0,0,P,HOND,ULX,4D,4,17,3113,,0,1079,,G,,F,4,146,,,15R205,,,,,,0,0,000000000,00000000000,0,0,0,1,0,0,0,0,0,0,0,999,0,0,0,12,12,6,2,38,0,0,0,1,15,96768,6,1,6,0,3,3,67,190,0,0,0,0,0,0,0,0,0,0,0,0,0,0,1,2,20,2,5,2,1,0,0,14,13,1,1,4,1,2,0
15,150045,1,1,1,3,7,0,55,58,0,1,0,37,5,76,709,76709,80,2006,JYARJ12E16A0,J,Y,A,R,J,1,2,E,1,6,A,0,0,M,YAMA,R6L,RC,6,17,,,,,,,599,,4,,4,357,,,,,,,0,0,000000000,00000000000,0,0,0,1,0,0,0,0,0,0,0,999,0,0,0,9,99,6,2,25,0,0,0,1,15,96707,0,0,0,0,0,0,68,177,0,0,0,0,0,0,0,0,0,1,0,0,0,0,1,2,25,3,1,2,1,0,0,14,6,1,2,1,98,1,1
15,150046,1,3,2,3,7,11,54,12,2,1,0,15,2,35,39,35039,4,1997,JN1CA21D4VT8,J,N,1,C,A,2,1,D,4,V,T,8,0,P,NISS,MGS,4D,97,17,2886,,0,1063,,G,,F,6,182,,,15R205,,,,,,0,0,000000000,00000000000,0,0,0,1,0,0,0,0,0,0,0,999,0,0,0,12,12,6,2,12,0,0,0,1,15,96795,0,0,0,0,0,0,66,160,0,1,0,0,0,10,2010,10,2010,0,51,0,0,0,1,2,45,2,1,2,1,0,0,14,10,1,1,2,50,0,0
15,150046,2,3,1,3,7,11,54,12,2,1,0,99,9,37,701,37701,81,1987,JH2AF1215HS0,J,H,2,A,F,1,2,1,5,H,S,0,0,M,HOND,SEP,MS,87,17,,,,,,,50,,1,,2,126,,,,,,,0,0,000000000,00000000000,0,0,0,1,0,0,0,0,0,0,0,999,0,0,0,12,12,6,2,12,0,0,0,1,15,96731,2,1,0,0,2,0,64,150,0,1,0,0,1,1,2011,5,2011,0,0,0,0,0,1,2,45,1,1,2,1,0,0,1,62,1,1,1,51,1,0
15,150046,3,3,1,3,7,11,54,12,2,1,0,99,9,98,709,98709,81,2009,RFGBS1AJ89SF,R,F,G,B,S,1,A,J,8,9,S,F,0,U,,,,9,17,,,,,,,,,,,,,,,,,,,0,0,000000000,00000000000,0,0,0,1,0,0,0,0,0,0,0,999,0,0,0,99,99,6,2,54,0,0,0,1,15,96731,6,1,0,0,3,0,67,135,0,0,0,0,0,0,0,0,0,0,0,0,0,0,1,2,45,1,1,2,1,0,0,1,62,1,1,1,98,0,0
15,150047,1,1,3,4,7,19,32,33,0,1,0,15,1,49,40,49040,4,1993,JT2SK12E8P01,J,T,2,S,K,1,2,E,8,P,0,1,0,P,TOYT,CLE,4D,93,17,3053,,0,1031,,G,,F,4,132,,,14R195,,,,,,0,0,000000000,00000000000,0,0,0,1,0,0,0,0,0,0,0,999,0,0,0,81,3,6,2,42,0,0,0,1,15,96753,6,1,0,0,3,0,73,175,0,0,0,2,0,10,2008,1,2009,1,0,0,0,0,3,2,30,3,1,2,1,0,0,14,6,1,9,4,2,1,1
15,150048,1,1,4,5,7,20,0,8,0,1,0,15,0,35,443,35443,20,2002,4N2ZN15T32D8,4,N,2,Z,N,1,5,T,3,2,D,8,0,P,NISS,QST,SV,2,17,3858,,0,1122,,G,,F,6,201,,,16R215,,,,,,0,0,000000000,00000000000,0,0,0,1,0,0,0,0,0,0,0,999,0,0,0,12,12,2,1,8,0,0,0,1,15,96816,6,1,0,0,3,0,66,154,0,0,0,0,0,0,0,0,0,0,0,0,0,0,1,2,25,1,1,2,1,0,0,1,17,1,1,1,13,0,0
15,150049,1,1,1,10,7,4,33,30,0,1,0,15,1,49,40,49040,4,2002,JTDBE32K8201,J,T,D,B,E,3,2,K,8,2,0,1,0,P,TOYT,LXS,4D,2,17,3086,,0,1071,,G,,F,4,144,,,15R205,,,,,,0,0,000000000,00000000000,0,0,0,1,0,0,0,0,0,0,0,999,0,0,0,11,11,6,2,30,0,0,0,1,15,96743,6,1,0,0,3,3,77,155,0,0,0,0,0,0,0,0,0,1,0,0,0,0,1,3,45,1,1,2,1,0,0,1,13,1,1,4,1,1,1
15,150050,1,3,1,18,7,4,28,12,2,1,0,15,1,55,401,55401,14,2002,KM8SB12B32U2,K,M,8,S,B,1,2,B,3,2,U,2,0,P,HYUN,SAN,UT,2,17,3494,,0,1031,,G,,F,4,143,,,16R225,,,,,,0,0,000000000,00000000000,0,0,0,1,0,0,0,0,0,0,0,999,0,0,0,12,12,6,2,12,0,0,0,1,15,96786,6,1,0,0,3,3,72,252,0,0,0,0,0,0,0,0,0,0,0,0,0,0,3,4,55,3,6,1,2,0,0,14,54,1,1,1,52,1,0
15,150050,2,3,1,18,7,4,28,12,2,1,0,15,1,49,402,49402,14,2009,JTMZF31V39D0,J,T,M,Z,F,3,1,V,3,9,D,0,0,P,TOYT,RG4,UT,9,17,3371,,0,1047,,G,,F,4,153,,,17R225,,,,,,0,0,000000000,00000000000,0,0,0,1,0,0,0,0,0,0,0,999,0,0,0,12,12,6,2,12,0,0,0,1,15,96791,6,1,0,0,3,3,64,200,0,0,0,0,0,0,0,0,0,0,0,0,0,0,3,4,55,2,5,1,2,0,0,14,54,1,1,1,52,0,0
15,150050,3,3,1,18,7,4,28,12,2,1,0,15,1,37,32,37032,4,1993,JHMCB7542PC0,J,H,M,C,B,7,5,4,2,P,C,0,0,P,HOND,ADX,4D,93,17,2392,,0,1071,,G,,F,4,132,,,14R185,,,,,,0,0,000000000,00000000000,0,0,0,1,0,0,0,0,0,0,0,999,0,0,0,11,11,6,2,30,0,0,0,1,15,96786,6,1,0,0,3,3,67,180,0,0,0,2,0,4,2009,3,2010,0,0,0,0,0,3,4,55,2,5,1,2,0,0,14,54,6,1,4,98,0,0
15,150051,1,2,1,24,7,3,24,12,2,1,0,15,2,41,35,41035,4,1999,JM1BJ2220X01,J,M,1,B,J,2,2,2,0,X,0,1,0,P,MAZD,PDL,4D,99,17,2449,,0,1028,,G,,F,4,097,,,14R185,,,,,,0,0,000000000,00000000000,0,0,0,1,0,0,0,0,0,0,0,999,0,0,0,12,12,6,2,12,0,0,0,1,15,96778,6,1,0,0,3,0,65,200,0,0,0,4,1,1,2009,5,2011,0,0,0,0,0,1,2,55,1,1,2,1,0,0,1,62,1,1,2,50,1,1
15,150051,2,2,1,24,7,3,24,12,2,1,0,15,2,49,51,49051,5,2008,JTDJT9239852,J,T,D,J,T,9,2,3,9,8,5,2,0,P,TOYT,YAR,2H,8,17,2295,,0,969,,G,,F,4,091,,,14R175,,,,,,0,0,000000000,00000000000,0,0,0,1,0,0,0,0,0,0,0,999,0,0,0,12,12,6,2,12,0,0,0,1,15,96720,6,1,0,0,3,0,62,115,0,0,0,1,0,1,2011,1,2011,0,0,0,0,0,1,2,55,1,1,2,1,0,0,1,54,1,1,1,51,0,1
15,150052,1,2,1,24,7,21,41,12,2,1,0,15,1,58,35,58035,4,1996,JNKCA21D0TT0,J,N,K,C,A,2,1,D,0,T,T,0,0,P,INFI,I30,4D,96,17,2974,,0,1063,,G,,F,6,182,,,15R215,,,,,,0,0,000000000,00000000000,0,0,0,1,0,0,0,0,0,0,0,999,0,0,0,12,12,6,2,12,0,0,0,1,15,96783,6,1,0,0,3,0,67,165,0,0,0,0,0,0,0,0,0,9,0,0,0,0,1,2,55,1,1,2,1,0,0,1,62,1,1,2,50,1,1
15,150052,2,2,5,24,7,21,41,12,2,1,0,15,1,37,421,37421,15,2005,2HKYF18425H5,2,H,K,Y,F,1,8,4,2,5,H,5,0,P,HOND,PIL,UT,5,17,4431,,0,1063,,G,,F,6,212,,,16R235,,,,,,0,0,000000000,00000000000,0,0,0,1,0,0,0,0,0,0,0,999,0,0,0,12,12,6,2,12,0,0,0,1,15,96720,6,1,0,0,3,0,68,205,0,0,0,1,0,6,2011,6,2011,0,0,0,0,0,1,2,55,1,1,1,1,0,0,1,54,1,1,1,51,0,0
15,150053,1,2,2,27,7,17,40,12,2,1,0,15,2,12,421,12421,15,1988,1FMCU14T7JUA,1,F,M,C,U,1,4,T,7,J,U,A,0,P,FORD,BII,UT,88,17,0,,0,940,,G,,F,6,177,,,000000,,,,,,0,0,000000000,00000000000,0,0,0,1,0,0,0,0,0,0,0,999,0,0,0,12,12,6,2,12,0,0,0,1,15,96743,3,1,0,0,2,0,71,170,0,0,0,0,0,0,0,0,0,0,0,0,0,0,1,2,45,1,5,2,1,0,0,1,62,1,1,2,50,1,0
15,150053,2,2,1,27,7,17,40,12,2,1,0,15,2,49,472,49472,30,2010,3TMLU4EN7AM0,3,T,M,L,U,4,E,N,7,A,M,0,0,T,TOYT,DCL,CW,10,17,,1,0,1278,TAC,G,,,6,244,,,,B,4035,00,W,44,0,0,000000000,00000000000,0,0,0,1,0,0,0,0,0,0,0,999,0,0,0,12,12,6,2,12,0,0,0,1,15,96743,6,1,0,0,3,0,67,115,0,0,0,0,0,0,0,0,0,0,0,0,0,0,1,2,45,1,6,2,1,0,0,1,54,1,1,1,51,0,0
15,150054,1,2,1,29,7,4,40,24,0,1,0,15,1,20,481,20481,31,1994,1GCEK14K3RZ1,1,G,C,E,K,1,4,K,3,R,Z,1,0,T,CHEV,GK1,PK,94,17,,2,1315,1175,GM4,G,,,8,350,,,,B,3717,00,,44,0,0,000000000,00000000000,0,0,0,1,0,0,0,0,0,0,0,999,0,0,0,10,10,6,2,12,0,0,0,1,15,96744,6,1,0,0,3,0,68,201,0,0,0,0,0,0,0,0,0,0,0,0,0,0,3,2,35,1,5,2,2,0,0,15,12,1,1,4,6,0,0
15,150054,2,2,2,29,7,4,40,24,0,1,0,15,4,72,706,72706,80,2011,1HD1CZ316BC4,1,H,D,1,C,Z,3,1,6,B,C,4,0,M,HD,XLN,RS,11,17,,,,,,,1200,,2,,4,545,,,,,,,0,0,000000000,00000000000,0,0,0,1,0,0,0,0,0,0,0,999,0,0,0,7,98,6,2,12,0,0,0,1,40,74804,6,1,6,0,3,0,68,180,0,0,0,0,1,2,2009,2,2009,0,0,0,0,0,3,2,35,1,5,2,2,0,0,1,60,1,1,1,98,1,0
15,150055,1,1,1,31,7,0,27,33,0,1,0,15,1,73,709,73709,80,2007,JKAZX4P1X7A0,J,K,A,Z,X,4,P,1,X,7,A,0,0,M,KAWK,ZXP,RC,7,17,,,,,,,599,,4,,4,368,,,,,,,0,0,000000000,00000000000,0,0,0,1,0,0,0,0,0,0,0,999,0,0,0,12,12,2,3,42,0,0,0,1,15,96753,6,1,0,0,3,1,74,245,0,0,0,0,0,0,0,0,0,1,36,0,0,0,3,2,30,2,5,2,1,0,0,14,6,7,1,4,6,1,1
15,150056,1,2,1,6,2,13,25,12,6,1,0,15,1,37,701,37701,88,2009,JH2AF60609K5,J,H,2,A,F,6,0,6,0,9,K,5,0,M,HOND,HFS,MS,9,17,,,,,,,49,,1,,4,176,,,,,,,0,0,000000000,00000000000,0,0,0,1,0,0,0,0,0,0,0,999,0,0,0,12,12,6,2,12,0,0,0,1,15,96720,3,1,0,0,2,3,70,155,0,0,0,0,0,0,0,0,0,0,38,39,0,0,1,2,25,1,1,2,1,20,3,1,17,1,1,1,86,1,0
15,150056,2,2,3,6,2,13,25,12,6,1,0,15,1,35,401,35401,14,2006,5N1AR18W26C6,5,N,1,A,R,1,8,W,2,6,C,6,0,P,NISS,PFI,UT,6,17,4373,,0,1122,,G,,F,6,244,,,16R265,,,,,,0,0,000000000,00000000000,0,0,0,1,0,0,0,0,0,0,0,999,0,0,0,3,3,4,3,12,0,0,0,1,15,96720,6,1,0,0,3,1,66,245,0,0,0,0,0,0,0,0,0,0,0,0,0,0,1,2,45,1,1,2,1,0,0,1,17,1,1,1,87,0,0
15,150057,1,2,1,2,8,15,6,12,6,1,0,15,1,98,709,98709,81,2010,L4YTAAB55AAB,L,4,Y,T,A,A,B,5,5,A,A,B,0,U,,,,10,17,,,,,,,,,,,,,,,,,,,0,0,000000000,00000000000,0,0,0,1,0,0,0,0,0,0,0,999,0,0,0,12,12,4,3,12,0,0,0,1,15,96712,0,0,0,0,0,0,71,171,0,0,0,0,0,0,0,0,0,0,38,0,0,0,4,1,25,1,1,2,1,21,3,16,16,1,1,1,88,1,1
15,150057,2,2,1,2,8,15,6,12,6,1,0,15,1,49,472,49472,30,2002,5TESN92N62Z0,5,T,E,S,N,9,2,N,6,2,Z,0,0,T,TOYT,XPR,PC,2,17,,1,0,1219,TAC,G,,,6,206,,,,B,3355,00,U,42,0,0,000000000,00000000000,0,0,0,1,0,0,0,0,0,0,0,999,0,0,0,7,7,2,1,12,0,0,0,1,15,96786,6,1,0,0,3,0,62,147,0,0,0,0,0,0,0,0,0,0,0,0,0,0,4,1,25,1,1,2,1,0,0,1,65,1,1,1,89,0,0
15,150058,1,1,1,2,8,23,20,8,0,1,0,15,3,37,441,37441,20,2011,5FNRL5H61BB0,5,F,N,R,L,5,H,6,1,B,B,0,0,P,HOND,UDY,SV,11,17,4483,,0,1181,,G,,F,6,214,,,17R235,,,,,,0,0,000000000,00000000000,0,0,0,1,0,0,0,0,0,0,0,35,0,0,0,12,12,4,1,8,0,0,0,1,15,96744,6,1,0,0,3,3,65,125,0,0,0,2,0,4,2010,9,2010,0,0,0,0,0,3,2,35,1,5,2,2,2,3,1,17,1,1,1,13,0,0
15,150059,1,1,1,4,8,1,48,33,0,1,0,15,1,72,706,72706,80,2009,1HD1JA5179Y0,1,H,D,1,J,A,5,1,7,9,Y,0,0,M,HD,XTB,RS,9,17,,,,,,,1584,,2,,4,682,,,,,,,0,0,000000000,00000000000,0,0,0,1,0,0,0,0,0,0,0,999,0,0,0,12,12,6,2,58,0,0,0,1,15,96793,6,1,0,0,3,0,70,170,0,0,0,0,0,0,0,0,0,9,39,0,0,0,1,2,10,1,1,2,2,0,0,1,13,1,1,4,1,1,1
15,150060,1,2,1,8,8,10,45,12,1,1,0,15,1,37,709,37709,80,2009,JH2SC59J39K0,J,H,2,S,C,5,9,J,3,9,K,0,0,M,HOND,CBS,RC,9,17,,,,,,,999,,4,,4,439,,,,,,,0,0,000000000,00000000000,0,0,0,1,0,0,0,0,0,0,0,999,0,0,0,12,12,4,3,12,0,0,0,1,15,96821,6,1,0,0,3,1,67,160,0,0,0,0,0,0,0,0,0,1,0,0,0,0,3,3,35,1,1,2,1,2,3,1,50,4,1,1,20,1,0
15,150060,2,2,1,8,8,10,45,12,1,1,0,15,1,37,32,37032,4,2003,1HGCM66513A0,1,H,G,C,M,6,6,5,1,3,A,0,0,P,HOND,UEX,4D,3,17,3109,,0,1079,,G,,F,6,183,,,16R205,,,,,,0,0,000000000,00000000000,0,0,0,1,0,0,0,0,0,0,0,0,0,0,0,6,6,6,2,12,0,0,0,1,15,96821,6,1,0,0,3,3,63,150,0,0,0,0,0,0,0,0,0,0,0,0,0,0,3,3,35,1,1,2,1,2,3,5,53,1,1,1,21,0,0