STATE,ST_CASE,VEH_NO,VE_FORMS,NUMOCCS,DAY,MONTH,HOUR,MINUTE,HARM_EV,MAN_COLL,UNITTYPE,HIT_RUN,REG_STAT,OWNER,MAKE,MODEL,MAK_MOD,BODY_TYP,MOD_YEAR,VIN,VIN_1,VIN_2,VIN_3,VIN_4,VIN_5,VIN_6,VIN_7,VIN_8,VIN_9,VIN_10,VIN_11,VIN_12,TOW_VEH,VINTYPE,VINMAKE,VINA_MOD,VIN_BT,VINMODYR,VIN_LNGT,VIN_WGT,WGTCD_TR,WHLBS_LG,WHLBS_SH,SER_TR,FUELCODE,MCYCL_DS,CARBUR,CYLINDER,DISPLACE,MCYCL_CY,MCYCL_WT,TIRE_SZE,TON_RAT,TRK_WT,TRKWTVAR,VIN_REST,WHLDRWHL,J_KNIFE,MCARR_I1,MCARR_I2,MCARR_ID,GVWR,V_CONFIG,CARGO_BT,HAZ_INV,HAZ_PLAC,HAZ_ID,HAZ_CNO,HAZ_REL,BUS_USE,SPEC_USE,EMER_USE,TRAV_SP,UNDERIDE,ROLLOVER,ROLINLOC,IMPACT1,IMPACT2,DEFORMED,TOWED,M_HARM,VEH_SC1,VEH_SC2,FIRE_EXP,DR_PRES,L_STATE,DR_ZIP,L_STATUS,L_TYPE,CDL_STAT,L_ENDORS,L_COMPL,L_RESTRI,DR_HGT,DR_WGT,PREV_ACC,PREV_SUS,PREV_DWI,PREV_SPD,PREV_OTH,FIRST_MO,FIRST_YR,LAST_MO,LAST_YR,SPEEDREL,DR_SF1,DR_SF2,DR_SF3,DR_SF4,VTRAFWAY,VNUM_LAN,VSPD_LIM,VALIGN,VPROFILE,VPAVETYP,VSURCOND,VTRAFCON,VTCONT_F,P_CRASH1,P_CRASH2,P_CRASH3,PCRASH4,PCRASH5,ACC_TYPE,DEATHS,DR_DRINK
15,150061,1,2,2,9,8,9,0,12,2,1,0,15,1,12,23,12023,4,2008,3FAHP08168R1,3,F,A,H,P,0,8,1,6,8,R,1,0,P,FORD,F/L,4D,8,17,3325,,0,1074,,G,,F,6,183,,,17R225,,,,,,0,0,000000000,00000000000,0,0,0,1,0,0,0,0,0,0,0,19,0,0,0,12,12,6,2,12,0,0,0,1,15,96813,6,7,0,0,2,0,70,260,0,0,0,1,0,11,2010,11,2010,0,38,48,0,0,1,2,25,3,6,2,1,0,0,11,15,1,1,1,68,0,0
15,150061,2,2,1,9,8,9,0,12,2,1,0,15,1,98,709,98709,81,2009,RFGBS1AJ69SF,R,F,G,B,S,1,A,J,6,9,S,F,0,U,,,,9,17,,,,,,,,,,,,,,,,,,,0,0,000000000,00000000000,0,0,0,1,0,0,0,0,0,0,0,999,0,0,0,12,12,6,2,12,0,0,0,1,15,96813,6,1,0,0,3,0,73,250,0,0,0,0,0,0,0,0,0,9,0,0,0,0,1,2,25,1,6,2,1,0,0,1,17,1,1,1,69,1,0
15,150062,1,1,1,18,8,9,13,33,0,1,0,15,1,98,709,98709,81,2006,5KMMSG1T6650,5,K,M,M,S,G,1,T,6,6,5,0,0,U,,,,6,17,,,,,,,,,,,,,,,,,,,0,0,000000000,00000000000,0,0,0,1,0,0,0,0,0,0,0,999,0,0,0,61,61,2,3,58,0,0,0,1,15,96817,6,1,0,0,3,3,63,120,0,0,0,0,0,0,0,0,0,0,48,0,0,0,1,4,25,3,1,2,1,0,0,11,9,1,1,4,6,1,0
15,150063,1,2,2,23,8,15,0,12,1,1,0,15,1,24,1,24001,4,1993,1G8ZK5579PZ2,1,G,8,Z,K,5,5,7,9,P,Z,2,0,P,STRN,SL2,4D,93,17,0,,0,1024,,G,,F,4,116,,,15R195,,,,,,0,0,000000000,00000000000,0,0,0,1,0,0,0,0,0,0,0,999,0,0,0,12,12,4,1,12,0,0,0,1,15,96791,6,1,0,0,3,3,65,110,0,0,0,0,1,12,2010,12,2010,0,0,0,0,0,1,2,25,1,1,2,1,0,0,1,53,1,1,1,24,1,0
15,150063,2,2,1,23,8,15,0,12,1,1,0,15,4,55,33,55033,4,2011,5NPEB4AC0BH2,5,N,P,E,B,4,A,C,0,B,H,2,0,P,HYUN,SGL,4D,11,17,3161,,0,1100,,G,,F,4,144,,,16R205,,,,,,0,0,000000000,00000000000,0,0,0,1,0,0,0,0,0,0,0,999,0,0,0,6,6,4,1,12,0,0,0,1,6,90277,6,1,0,0,3,0,67,165,0,0,0,0,0,0,0,0,0,0,0,0,0,0,1,2,25,1,1,2,1,0,0,1,51,1,1,1,25,0,0
15,150064,1,1,1,24,8,2,0,8,0,1,0,15,3,20,441,20441,20,2005,1GNDM19X85B1,1,G,N,D,M,1,9,X,8,5,B,1,0,T,CHEV,AST,ES,5,17,,1,0,1112,AST,G,,,6,262,,,,B,4321,00,,42,0,0,000000000,00000000000,0,0,0,1,0,0,0,0,0,0,0,999,0,0,0,12,12,2,1,8,0,0,0,1,15,96825,6,1,0,0,3,3,68,236,0,0,0,0,0,0,0,0,0,0,0,0,0,0,3,3,35,1,1,2,1,0,0,1,80,7,1,2,13,0,0
15,150065,1,1,1,28,8,20,10,8,0,1,1,15,2,58,35,58035,4,1998,JNKCA21A6WT6,J,N,K,C,A,2,1,A,6,W,T,6,0,P,INFI,I30,4D,98,17,3164,,0,1063,,G,,F,6,182,,,16R215,,,,,,0,0,000000000,00000000000,0,0,0,1,0,0,0,0,0,0,0,999,0,0,0,12,12,6,2,8,0,0,0,1,15,96792,0,0,0,0,0,0,71,160,0,0,0,0,0,0,0,0,0,1,0,0,0,0,1,2,25,1,1,2,1,0,0,1,6,1,1,4,13,0,1
15,150066,1,1,1,29,8,12,30,42,0,1,0,15,3,23,882,23882,61,2005,4KDC4B1U35J8,4,K,D,C,4,B,1,U,3,5,J,8,0,T,GMC,W45,TB,5,17,,4,1760,1090,4/5,G,,,8,366,,,,,5380,00,,42,0,57,00216295,5700216295,2,1,1,1,0,0,0,0,0,0,0,999,0,0,0,12,12,6,2,42,0,0,0,1,15,96720,6,1,0,0,3,3,66,153,0,0,0,0,0,0,0,0,0,0,0,0,0,0,1,2,25,1,1,2,1,0,0,1,12,1,1,4,6,1,0
15,150067,1,1,1,13,3,2,15,8,0,1,1,15,2,52,46,52046,4,2009,JA3AU26U09U0,J,A,3,A,U,2,6,U,0,9,U,0,0,P,MITS,LST,4D,9,17,2944,,0,1037,,G,,F,4,122,,,16R205,,,,,,0,0,000000000,00000000000,0,0,0,1,0,0,0,0,0,0,0,999,0,0,0,12,99,2,1,8,0,0,0,1,15,96789,6,1,0,0,3,0,60,200,0,0,0,0,0,0,0,0,0,0,0,0,0,0,3,3,60,2,6,2,1,0,0,14,90,99,1,1,13,0,0
15,150068,1,1,1,3,9,4,27,42,0,1,0,15,1,35,471,35471,30,1988,JN6ND11S7JW0,J,N,6,N,D,1,1,S,7,J,W,0,0,T,NISS,D2S,PK,88,17,,1,0,1043,D21,G,,,4,146,,,,,2629,01,A,42,0,0,000000000,00000000000,0,0,0,1,0,0,0,0,0,0,0,999,0,0,0,12,12,6,2,42,0,0,0,1,15,96771,2,1,0,0,2,0,69,185,0,0,0,0,0,0,0,0,0,1,0,0,0,0,1,2,25,1,1,2,2,0,0,1,6,1,2,4,7,1,1
15,150069,1,1,2,3,9,21,37,8,0,1,1,15,2,2,404,2404,14,1994,1J4FX68S2RC2,1,J,4,F,X,6,8,S,2,R,C,2,0,T,JEEP,GCS,4W,94,17,,1,0,1059,GCK,G,,,6,242,,,,,3530,00,B,42,0,0,000000000,00000000000,0,0,0,1,0,0,0,0,0,0,0,999,0,0,0,9,9,2,1,8,0,0,0,1,15,96734,3,1,0,0,2,0,67,165,0,0,0,1,1,6,2010,2,2011,0,0,0,0,0,1,2,25,1,1,1,1,0,0,4,80,1,1,7,13,0,0
15,150070,1,1,3,11,9,0,53,42,0,1,0,15,2,22,20,22020,4,1997,1G2WJ52K9VF3,1,G,2,W,J,5,2,K,9,V,F,3,0,P,PONT,GFS,4D,97,17,3355,,0,1105,,G,,F,6,231,,,15R205,,,,,,0,0,000000000,00000000000,0,0,0,1,0,0,0,0,0,0,0,75,0,1,5,2,81,6,2,42,0,0,0,1,15,96766,6,2,0,0,3,2,67,147,0,0,0,0,0,0,0,0,0,1,73,0,0,0,1,3,40,2,1,2,1,0,0,14,6,1,2,4,2,1,1
15,150071,1,2,2,11,9,17,12,12,6,1,0,15,4,20,39,20039,4,2011,KL1TG5DE0BB2,K,L,1,T,G,5,D,E,0,B,B,2,0,P,CHEV,LTA,4D,11,17,2568,,0,976,,G,,F,4,098,,,15R185,,,,,,0,0,000000000,00000000000,0,0,0,1,0,0,0,0,0,0,0,999,0,0,0,2,2,6,2,12,0,0,0,1,55,54241,6,1,0,0,3,3,70,180,0,0,0,0,0,0,0,0,0,0,39,0,0,0,3,2,30,1,1,2,1,2,3,11,15,1,1,1,68,0,0
15,150071,2,2,1,11,9,17,12,12,6,1,0,48,1,76,709,76709,80,2006,JYARJ12E46A0,J,Y,A,R,J,1,2,E,4,6,A,0,0,M,YAMA,R6L,RC,6,17,,,,,,,599,,4,,4,357,,,,,,,0,0,000000000,00000000000,0,0,0,1,0,0,0,0,0,0,0,999,0,0,0,12,12,6,2,12,0,0,0,1,48,96863,6,1,0,0,3,0,70,180,0,0,0,0,0,0,0,0,0,1,0,0,0,0,3,2,30,1,1,2,1,2,3,1,17,1,1,1,69,1,0
15,150072,1,1,1,13,9,22,38,25,0,1,0,15,1,49,472,49472,30,2003,5TEHN72N83Z2,5,T,E,H,N,7,2,N,8,3,Z,2,0,T,TOYT,DCL,CW,3,17,,1,0,1219,TAC,G,,,6,206,,,,B,3692,00,U,44,0,0,000000000,00000000000,0,0,0,1,0,0,0,0,0,0,0,999,0,0,0,12,12,6,2,8,0,0,0,1,15,96792,6,1,0,0,3,0,64,160,0,0,0,0,0,0,0,0,0,1,0,0,0,0,3,2,45,1,1,2,1,0,0,1,12,6,1,4,6,0,0
15,150073,1,1,1,14,9,18,40,8,0,1,0,15,2,23,461,23461,21,2001,1GTHG35R4111,1,G,T,H,G,3,5,R,4,1,1,1,0,T,GMC,SA3,CG,1,17,,2,0,1350,SAV,G,,,8,350,,,,D,00000,00,E,42,0,0,000000000,00000000000,0,0,0,1,0,0,0,0,0,0,0,999,0,0,0,12,12,4,3,8,0,0,0,1,15,96737,6,1,0,0,3,0,71,150,0,0,0,0,1,5,2009,5,2009,0,0,0,0,0,2,2,30,1,5,2,1,0,0,1,80,4,1,1,13,0,1
15,150074,1,1,3,19,9,15,15,5,0,1,0,15,3,98,988,98988,58,1998,1M9K1G6C8WM0,1,M,9,K,1,G,6,C,8,W,M,0,0,U,,,,98,17,,,,,,,,,,,,,,,,,,,0,57,1703929,571703929,2,21,22,1,0,0,0,0,6,0,0,999,0,0,0,0,0,0,1,5,0,0,0,1,15,96707,6,1,6,1,3,1,69,140,0,0,0,0,0,0,0,0,0,0,0,0,0,0,3,3,35,3,5,2,1,2,3,11,98,1,1,1,0,1,0
15,150075,1,1,1,20,9,5,2,43,0,1,0,15,1,72,706,72706,80,2011,1HD1JN511BB0,1,H,D,1,J,N,5,1,1,B,B,0,0,M,HD,FBL,RS,11,17,,,,,,,1584,,2,,4,700,,,,,,,0,0,000000000,00000000000,0,0,0,1,0,0,0,0,0,0,0,999,0,0,0,3,3,4,3,43,0,0,0,1,15,96768,6,1,0,0,3,0,72,270,0,0,0,0,0,0,0,0,0,1,51,0,0,0,1,2,20,1,1,2,1,20,3,2,6,3,2,4,7,1,1
15,150076,1,1,1,23,9,15,20,24,0,1,0,15,1,98,703,98703,81,2010,LJ5LA5082A10,L,J,5,L,A,5,0,8,2,A,1,0,0,U,,,,10,17,,,,,,,,,,,,,,,,,,,0,0,000000000,00000000000,0,0,0,1,0,0,0,0,0,0,0,999,0,0,0,81,81,4,3,24,0,0,0,1,15,96708,6,7,0,0,2,0,71,150,0,0,0,0,0,0,0,0,0,9,58,0,0,0,3,2,30,3,1,2,1,0,0,14,13,6,1,4,1,1,0
15,150077,1,2,1,26,9,21,55,12,6,1,0,15,2,34,706,34706,80,2000,WB10166A6YXA,W,B,1,0,1,6,6,A,6,Y,X,A,0,M,BMW,F65,T,0,17,,,,,,,650,,1,,4,389,,,,,,,0,0,000000000,00000000000,0,0,0,1,0,0,0,0,0,0,0,999,0,0,0,12,12,6,2,2,0,0,1,1,15,96761,6,1,0,0,3,0,72,220,0,0,0,0,1,8,2011,8,2011,1,39,0,0,0,2,2,45,1,1,2,1,3,3,1,17,1,1,1,86,1,1
15,150077,2,2,1,26,9,21,55,12,6,1,0,0,0,98,998,98998,92,9999,000000000000,0,0,0,0,0,0,0,0,0,0,0,0,0,,,,,,,,,,,,,,,,,,,,,,,,,0,0,000000000,00000000000,0,0,0,1,0,0,0,0,0,0,0,999,0,0,0,3,3,2,1,12,0,0,0,1,15,96732,6,1,0,0,1,0,61,135,0,0,0,0,0,0,0,0,0,0,0,0,0,0,1,2,0,1,1,1,1,3,3,1,17,1,1,1,87,0,0
15,150078,1,2,6,1,10,14,47,12,2,1,0,15,2,12,401,12401,14,1999,1FMZU32X4XZB,1,F,M,Z,U,3,2,X,4,X,Z,B,0,P,FORD,EPR,UT,99,17,3891,,0,1116,,G,,F,6,245,,,15R225,,,,,,0,0,000000000,00000000000,0,0,0,1,0,0,0,0,0,0,0,999,0,1,1,12,12,6,2,1,0,0,0,1,15,96746,1,1,0,0,2,0,71,240,0,1,0,0,2,1,2009,11,2009,1,0,0,0,0,1,3,40,3,1,2,1,0,0,14,6,1,1,2,50,1,0
15,150078,2,2,2,1,10,14,47,12,2,1,0,15,1,7,472,7472,31,2006,1D7HE58J56S7,1,D,7,H,E,5,8,J,5,6,S,7,0,T,DODG,QLR,CW,6,17,,2,0,1309,DAK,G,,,8,287,,,,B,4256,00,E,42,0,0,000000000,00000000000,0,0,0,1,0,0,0,0,0,0,0,999,0,0,0,12,12,6,2,12,0,0,0,1,15,96766,6,1,0,0,3,0,66,220,0,0,0,0,0,0,0,0,0,0,0,0,0,0,1,3,40,2,1,2,1,0,0,14,62,1,1,1,51,0,0
15,150079,1,2,1,2,10,14,2,12,1,1,1,99,9,99,999,99999,99,9999,999999999999,9,9,9,9,9,9,9,9,9,9,9,9,0,,,,,,,,,,,,,,,,,,,,,,,,,0,0,000000000,00000000000,0,0,0,1,0,0,0,0,0,0,0,999,0,0,0,12,12,9,1,12,99,99,0,1,99,99999,9,9,99,9,9,9,999,999,99,99,99,99,99,99,9999,99,9999,9,99,99,99,99,3,5,55,1,1,1,1,0,0,15,11,1,1,2,24,0,0
15,150079,2,2,1,2,10,14,2,12,1,1,0,15,2,53,706,53706,80,2001,JS1GW71A7121,J,S,1,G,W,7,1,A,7,1,2,1,0,M,SUZI,GXR,RC,1,17,,,,,,,1299,,4,,4,474,,,,,,,0,0,000000000,00000000000,0,0,0,1,0,0,0,0,0,0,0,36,0,0,0,6,6,6,2,8,0,0,0,1,15,96782,6,7,0,0,3,0,75,210,0,0,0,0,0,0,0,0,0,0,0,0,0,0,3,5,55,1,1,1,1,0,0,1,53,1,1,1,27,0,0
15,150080,1,1,1,2,10,16,35,33,0,1,0,15,2,72,706,72706,80,1992,1HD1BLL18NY0,1,H,D,1,B,L,L,1,8,N,Y,0,0,M,HD,XST,RS,92,17,,,,,,,1340,,2,,4,625,,,,,,,0,0,000000000,00000000000,0,0,0,1,0,0,0,0,0,0,0,999,0,0,0,12,12,6,2,33,0,0,0,1,15,96786,6,1,0,0,2,0,67,181,0,0,0,0,0,0,0,0,0,1,0,0,0,0,1,2,25,1,1,2,1,0,0,1,13,1,1,4,1,1,1
15,150081,1,1,1,2,10,18,25,38,0,1,0,15,1,71,706,71706,80,2009,ZDM1RACP49B0,Z,D,M,1,R,A,C,P,4,9,B,0,0,M,DUCA,,,9,17,,,,,,,,,,,,,,,,,,,0,0,000000000,00000000000,0,0,0,1,0,0,0,0,0,0,0,999,0,0,0,12,12,6,2,38,0,0,0,1,15,96815,6,1,0,0,3,3,72,170,0,0,0,0,0,0,0,0,0,1,0,0,0,0,1,2,25,2,6,2,1,0,0,14,12,1,1,4,6,1,0
15,150082,1,1,2,8,10,1,22,59,0,1,0,15,2,49,403,49403,14,2003,JTEGD21AX300,J,T,E,G,D,2,1,A,X,3,0,0,0,P,TOYT,HIG,UT,3,17,3485,,0,1069,,G,,F,4,144,,,16R225,,,,,,0,0,000000000,00000000000,0,0,0,1,0,0,0,0,0,0,0,999,0,1,2,2,2,6,2,1,0,0,0,1,15,96708,6,1,0,0,3,0,62,117,0,0,0,0,1,6,2010,6,2010,1,36,0,0,0,1,2,30,3,5,2,1,0,0,14,6,1,1,4,1,1,1
15,150083,1,2,1,16,10,4,22,8,0,1,0,15,1,20,473,20473,30,2005,1GCDS1360581,1,G,C,D,S,1,3,6,0,5,8,1,0,T,CHEV,RDO,CW,5,17,,1,0,1260,CAL,G,,,5,214,,,,,3511,00,,42,0,0,000000000,00000000000,0,0,0,1,0,0,0,0,0,0,0,57,0,0,0,12,12,4,3,8,0,0,0,1,15,96793,6,1,0,0,3,1,64,167,0,0,0,0,0,0,0,0,0,1,0,0,0,0,1,2,35,1,1,2,1,0,0,1,80,1,1,1,13,0,0
15,150083,2,2,1,16,10,4,22,8,0,1,1,99,9,99,999,99999,99,9999,999999999999,9,9,9,9,9,9,9,9,9,9,9,9,0,,,,,,,,,,,,,,,,,,,,,,,,,0,0,000000000,00000000000,0,0,0,1,0,0,0,0,0,0,0,999,0,0,0,12,12,9,1,8,99,99,0,1,99,99999,9,9,99,9,9,9,999,999,99,99,99,99,99,99,9999,99,9999,9,99,99,99,99,1,2,35,1,1,2,1,0,0,1,80,99,1,9,98,0,0
15,150084,1,1,1,22,10,23,30,1,0,1,0,15,1,2,404,2404,14,1987,1JCML7712HT0,1,J,C,M,L,7,7,1,2,H,T,0,0,P,AMER,CHK,UT,87,17,2896,,0,1010,,G,,F,6,242,,,000000,,,,,,0,0,000000000,00000000000,0,0,0,1,0,0,0,0,0,0,0,999,0,1,9,0,0,6,2,1,0,0,0,1,15,96704,2,1,0,0,2,0,64,115,0,1,1,0,0,3,2009,8,2009,1,36,58,0,0,1,2,25,1,1,2,1,0,0,1,6,9,2,4,2,1,1
15,150085,1,1,1,23,10,14,56,24,0,1,0,15,2,37,705,37705,80,1999,JH2PC2100XM9,J,H,2,P,C,2,1,0,0,X,M,9,0,M,HOND,VT6,RS,99,17,,,,,,,583,,2,,4,445,,,,,,,0,0,000000000,00000000000,0,0,0,1,0,0,0,0,0,0,0,999,0,0,0,81,81,2,3,24,0,0,0,1,6,96720,6,1,6,0,9,3,999,999,0,0,0,0,0,0,0,0,0,1,0,0,0,0,1,2,35,3,1,2,2,0,0,14,13,1,1,4,1,1,0
15,150086,1,1,4,28,10,0,12,33,0,1,0,15,2,20,402,20402,14,2000,2CNBE13C8Y69,2,C,N,B,E,1,3,C,8,Y,6,9,0,P,CHEV,TKR,UT,0,17,2866,,0,976,,G,,F,4,122,,,15R195,,,,,,0,0,000000000,00000000000,0,0,0,1,0,0,0,0,0,0,0,999,0,0,0,1,7,6,2,38,0,0,0,1,15,96821,6,1,0,0,3,0,69,175,0,0,0,0,0,0,0,0,0,1,99,99,99,99,1,2,25,1,1,2,2,0,0,1,6,1,1,4,1,1,1
15,150087,1,2,1,3,11,22,51,12,6,1,0,15,1,73,705,73705,80,1989,JKAENGA11KA0,J,K,A,E,N,G,A,1,1,K,A,0,0,M,KAWK,EN4,RS,89,17,,,,,,,450,,2,,4,397,,,,,,,0,0,000000000,00000000000,0,0,0,1,0,0,0,0,0,0,0,999,0,0,0,12,12,6,2,12,0,0,1,1,6,96761,6,1,0,0,3,0,74,145,0,0,0,0,0,0,0,0,0,1,39,0,0,0,3,2,45,1,1,2,1,3,3,1,17,1,1,1,69,1,1
15,150087,2,2,4,3,11,22,51,12,6,1,0,15,3,6,441,6441,20,2010,2A4RR5D17AR4,2,A,4,R,R,5,D,1,7,A,R,4,0,P,CHRY,TWC,SV,10,17,4507,,0,1212,,G,,F,6,232,,,16R225,,,,,,0,0,000000000,00000000000,0,0,0,1,0,0,0,0,0,0,0,999,0,0,0,3,3,6,2,12,0,0,0,1,16,83860,6,1,0,0,3,0,72,195,0,0,0,0,0,0,0,0,0,0,0,0,0,0,3,2,45,1,1,2,1,3,3,11,15,1,1,1,68,0,0
15,150088,1,3,1,19,11,2,15,12,2,1,0,15,2,34,34,34034,2,1992,WBABF4314NEK,W,B,A,B,F,4,3,1,4,N,E,K,0,P,BMW,2SA,CP,92,17,3020,,0,1063,,G,,F,6,152,,,15R205,,,,,,0,0,000000000,00000000000,0,0,0,1,0,0,0,0,0,0,0,999,0,0,0,12,12,6,2,12,0,0,0,1,15,96792,6,1,0,0,3,0,76,270,0,0,0,0,0,0,0,0,0,9,51,0,0,0,3,4,55,1,6,1,1,0,0,1,54,1,9,1,52,0,0
15,150088,2,3,1,19,11,2,15,12,2,1,0,15,1,49,472,49472,30,2005,5TEKU72N55Z0,5,T,E,K,U,7,2,N,5,5,Z,0,0,T,TOYT,PBD,CW,5,17,,1,0,1409,TAC,G,,,6,244,,,,B,3810,00,U,42,0,0,000000000,00000000000,0,0,0,1,0,0,0,0,0,0,0,999,0,1,1,12,12,6,2,12,0,0,0,1,15,96786,6,1,0,0,3,0,70,220,0,0,0,0,0,0,0,0,0,0,0,0,0,0,3,4,55,1,5,1,1,0,0,1,54,1,9,1,52,1,0
15,150088,3,3,1,19,11,2,15,12,2,1,0,15,1,2,405,2405,14,2005,1J4GK48K65W5,1,J,4,G,K,4,8,K,6,5,W,5,0,T,JEEP,SPR,4W,5,17,,1,0,1043,LIB,G,,,6,226,,,,,3538,00,E,42,0,0,000000000,00000000000,0,0,0,1,0,0,0,0,0,0,0,999,0,0,0,12,12,6,2,12,0,0,0,1,15,96789,6,1,0,0,3,3,62,179,0,0,0,0,0,0,0,0,0,0,0,0,0,0,3,4,55,1,5,1,1,0,0,1,51,1,9,1,98,0,0
15,150089,1,1,1,20,11,20,42,8,0,1,1,15,1,34,34,34034,4,2000,WBAAM3342YFP,W,B,A,A,M,3,3,4,2,Y,F,P,0,P,BMW,3I2,4D,0,17,3153,,0,1073,,G,,F,6,152,,,15R195,,,,,,0,0,000000000,00000000000,0,0,0,1,0,0,0,0,0,0,0,999,0,0,0,12,12,2,1,8,0,0,0,1,15,96707,6,7,0,0,2,0,75,200,0,0,0,0,0,0,0,0,0,1,38,0,0,0,3,2,45,1,1,2,2,0,0,1,80,1,1,1,13,0,0
15,150090,1,1,1,22,11,22,30,1,0,1,0,15,2,41,45,41045,1,1995,JM1NA3530S06,J,M,1,N,A,3,5,3,0,S,0,6,0,P,MAZD,MIA,CV,95,17,2293,,0,892,,G,,F,4,112,,,14R185,,,,,,0,0,000000000,00000000000,0,0,0,1,0,0,0,0,0,0,0,999,0,2,6,0,0,6,2,1,0,0,0,1,15,96737,3,1,0,0,2,9,68,175,0,0,0,0,0,0,0,0,0,1,0,0,0,0,1,2,35,1,1,2,2,0,0,1,6,3,2,4,7,1,1
15,150091,1,1,1,3,12,2,13,1,0,1,0,15,1,49,32,49032,4,2010,1NXBE4EE2AZ3,1,N,X,B,E,4,E,E,2,A,Z,3,0,P,TOYT,URS,4D,10,17,2877,,0,1024,,G,,F,4,144,,,17R215,,,,,,0,0,000000000,00000000000,0,0,0,1,0,0,0,0,0,0,0,999,0,9,6,0,0,6,2,1,0,0,0,1,15,96719,6,1,0,0,3,0,67,160,0,0,0,0,0,0,0,0,0,1,0,0,0,0,1,2,55,1,1,2,1,0,0,1,10,1,1,4,6,1,1
15,150092,1,1,1,4,12,9,24,9,0,1,0,15,3,37,403,37403,14,2004,5J6YH27524L0,5,J,6,Y,H,2,7,5,2,4,L,0,0,P,HOND,ELE,UT,4,17,3527,,0,1014,,G,,F,4,146,,,16R215,,,,,,0,0,000000000,00000000000,0,0,0,1,0,0,0,0,0,0,0,999,0,0,0,12,12,2,1,9,0,0,0,1,15,96713,6,1,0,0,3,0,71,200,0,0,0,0,0,0,0,0,0,0,0,0,0,0,1,2,20,3,5,2,1,0,0,14,83,1,1,1,13,0,0
15,150093,1,1,1,11,12,18,40,8,0,1,0,15,1,22,22,22022,1,2007,1G2ZH36NX742,1,G,2,Z,H,3,6,N,X,7,4,2,0,P,PONT,GGT,CV,7,17,3855,,0,1123,,G,,F,6,214,,,18R225,,,,,,0,0,000000000,00000000000,0,0,0,1,0,0,0,0,0,0,0,999,0,0,0,12,12,4,3,8,0,0,0,1,15,96720,6,1,0,0,3,0,63,238,1,0,0,0,0,12,2009,12,2009,0,0,0,0,0,1,2,30,1,6,2,2,0,0,1,80,4,1,1,13,0,0
15,150094,1,1,2,18,12,4,30,8,0,1,0,15,2,23,481,23481,31,1999,1GTEK19V9XZ5,1,G,T,E,K,1,9,V,9,X,Z,5,0,T,GMC,NK1,3C,99,17,,2,1575,1435,SIE,G,,,8,293,,,,B,00000,00,U,44,0,0,000000000,00000000000,0,0,0,1,0,0,0,0,0,0,0,999,0,0,0,12,12,2,3,8,0,0,0,1,15,96792,2,1,0,0,2,0,67,230,0,0,0,0,1,11,2011,11,2011,0,0,0,0,0,1,2,25,1,1,2,2,0,0,1,80,1,1,1,13,0,0
15,150095,1,2,1,19,12,10,0,12,6,1,0,15,1,49,43,49043,4,1995,4T1GB11E6SU0,4,T,1,G,B,1,1,E,6,S,U,0,0,P,TOYT,UAS,4D,95,17,3265,,0,1071,,G,,F,6,183,,,15R205,,,,,,0,0,000000000,00000000000,0,0,0,1,0,0,0,0,0,0,0,999,0,0,0,11,11,2,1,12,0,0,0,1,15,96815,6,1,0,0,3,0,72,240,0,0,0,0,1,2,2010,2,2010,0,38,0,0,0,1,2,25,1,1,2,2,0,0,16,53,1,1,7,47,0,0
15,150095,2,2,1,19,12,10,0,12,6,1,0,15,1,98,709,98709,81,2007,LHJTAABZ47A0,L,H,J,T,A,A,B,Z,4,7,A,0,0,U,,,,7,17,,,,,,,,,,,,,,,,,,,0,0,000000000,00000000000,0,0,0,1,0,0,0,0,0,0,0,12,0,0,0,3,1,4,3,12,0,0,0,1,15,96813,6,1,0,0,3,3,70,220,0,0,0,0,0,0,0,0,0,0,0,0,0,0,1,2,25,1,1,2,2,0,0,1,64,1,1,1,45,1,0
15,150096,1,2,1,23,12,16,25,12,1,1,0,15,1,7,482,7482,31,2003,1D7HA18N93S2,1,D,7,H,A,1,8,N,9,3,S,2,0,T,DODG,SQ1,CW,3,17,,2,1605,1405,RPC,G,,,8,287,,,,B,4665,03,E,42,0,0,000000000,00000000000,0,0,0,1,0,0,0,0,0,0,0,999,0,0,0,12,12,6,2,12,0,0,0,1,15,96792,6,1,0,0,3,0,75,352,0,0,0,0,0,0,0,0,0,0,0,0,0,0,1,2,25,1,1,2,1,3,3,1,50,1,1,1,20,1,1
15,150096,2,2,2,23,12,16,25,12,1,1,0,15,3,89,882,89882,63,2005,5VCDC6MFX5H2,5,V,C,D,C,6,M,F,X,5,H,2,0,T,AUTC,WXA,TB,5,17,,8,0,0,XPD,D,,,6,540,,,,,00000,00,,64,0,57,616439,57616439,3,2,7,1,0,0,0,0,0,0,0,0,0,0,0,6,6,4,1,12,0,0,0,1,15,96782,6,1,6,1,3,3,70,250,0,0,0,0,0,0,0,0,0,0,0,0,0,0,1,2,25,1,1,2,1,3,3,5,53,1,1,1,21,0,0
15,150097,1,1,2,24,12,12,53,8,0,1,0,15,2,24,7,24007,4,2004,1G8AJ52F44Z2,1,G,8,A,J,5,2,F,4,4,Z,2,0,P,STRN,SI2,4D,4,17,2808,,0,1032,,G,,F,4,134,,,15R195,,,,,,0,0,000000000,00000000000,0,0,0,1,0,0,0,0,0,0,0,999,0,0,0,12,12,4,3,8,0,0,0,1,15,96753,6,1,0,0,3,0,62,120,0,0,0,0,1,2,2010,2,2010,0,0,0,0,0,1,2,45,1,1,2,1,0,0,1,80,4,1,1,13,0,0