STATE,ST_CASE,VEH_NO,VE_FORMS,NUMOCCS,DAY,MONTH,HOUR,MINUTE,HARM_EV,MAN_COLL,UNITTYPE,HIT_RUN,REG_STAT,OWNER,MAKE,MODEL,MAK_MOD,BODY_TYP,MOD_YEAR,VIN,VIN_1,VIN_2,VIN_3,VIN_4,VIN_5,VIN_6,VIN_7,VIN_8,VIN_9,VIN_10,VIN_11,VIN_12,TOW_VEH,VINTYPE,VINMAKE,VINA_MOD,VIN_BT,VINMODYR,VIN_LNGT,VIN_WGT,WGTCD_TR,WHLBS_LG,WHLBS_SH,SER_TR,FUELCODE,MCYCL_DS,CARBUR,CYLINDER,DISPLACE,MCYCL_CY,MCYCL_WT,TIRE_SZE,TON_RAT,TRK_WT,TRKWTVAR,VIN_REST,WHLDRWHL,J_KNIFE,MCARR_I1,MCARR_I2,MCARR_ID,GVWR,V_CONFIG,CARGO_BT,HAZ_INV,HAZ_PLAC,HAZ_ID,HAZ_CNO,HAZ_REL,BUS_USE,SPEC_USE,EMER_USE,TRAV_SP,UNDERIDE,ROLLOVER,ROLINLOC,IMPACT1,IMPACT2,DEFORMED,TOWED,M_HARM,VEH_SC1,VEH_SC2,FIRE_EXP,DR_PRES,L_STATE,DR_ZIP,L_STATUS,L_TYPE,CDL_STAT,L_ENDORS,L_COMPL,L_RESTRI,DR_HGT,DR_WGT,PREV_ACC,PREV_SUS,PREV_DWI,PREV_SPD,PREV_OTH,FIRST_MO,FIRST_YR,LAST_MO,LAST_YR,SPEEDREL,DR_SF1,DR_SF2,DR_SF3,DR_SF4,VTRAFWAY,VNUM_LAN,VSPD_LIM,VALIGN,VPROFILE,VPAVETYP,VSURCOND,VTRAFCON,VTCONT_F,P_CRASH1,P_CRASH2,P_CRASH3,PCRASH4,PCRASH5,ACC_TYPE,DEATHS,DR_DRINK
16,160035,1,1,3,16,5,14,5,16,0,1,0,53,2,2,404,2404,14,1990,1J4FJ28L1LL1,1,J,4,F,J,2,8,L,1,L,L,1,0,T,JEEP,CHK,4W,90,17,,1,0,1014,CHK,G,,,6,242,,,,,2926,01,A,44,0,0,000000000,00000000000,0,0,0,1,0,0,0,0,0,0,0,998,0,1,1,0,2,6,2,16,0,0,0,1,16,83501,1,1,0,0,2,9,999,999,0,2,0,0,0,5,2009,11,2010,0,89,0,0,0,1,2,55,1,1,2,1,0,0,1,8,1,1,2,0,2,0
16,160036,1,1,2,17,5,20,51,21,0,1,0,16,2,22,20,22020,4,1999,1G2WJ52K7XF3,1,G,2,W,J,5,2,K,7,X,F,3,0,P,PONT,GFS,4D,99,17,3414,,0,1105,,G,,F,6,231,,,15R205,,,,,,0,0,000000000,00000000000,0,0,0,1,0,0,0,0,0,0,0,998,0,0,0,1,1,6,2,2,0,0,1,1,16,83607,6,1,0,0,3,0,66,178,0,1,0,1,0,1,2010,8,2010,1,28,0,0,0,2,2,55,3,2,2,1,0,0,14,13,9,9,4,2,2,0
16,160037,1,1,1,31,5,19,40,24,0,1,0,16,1,72,706,72706,80,2009,1HD1CZ3199K4,1,H,D,1,C,Z,3,1,9,9,K,4,0,M,HD,XLN,RS,9,17,,,,,,,1202,,2,,4,562,,,,,,,0,0,000000000,00000000000,0,0,0,1,0,0,0,0,0,0,0,998,0,0,0,12,3,4,3,24,0,0,0,1,16,83442,6,1,6,0,3,1,71,250,0,0,0,0,0,0,0,0,0,0,0,0,0,0,6,1,99,3,2,2,1,0,0,14,13,99,1,4,1,1,0
16,160038,1,1,2,21,5,1,19,1,0,1,0,16,2,72,706,72706,80,2007,1HD1HFZ117K8,1,H,D,1,H,F,Z,1,1,7,K,8,0,M,HD,VRA,RS,7,17,,,,,,,1130,,2,,4,637,,,,,,,0,0,000000000,00000000000,0,0,0,1,0,0,0,0,0,0,0,48,0,0,0,0,3,2,3,35,0,0,0,1,16,83651,6,1,0,0,2,2,69,173,0,0,0,2,0,3,2009,4,2011,1,74,0,0,0,2,4,40,1,1,2,1,20,3,10,9,3,1,2,98,1,0
16,160039,1,2,1,11,6,14,30,12,6,1,0,16,1,35,471,35471,30,1994,1N6HD16Y3RC3,1,N,6,H,D,1,6,Y,3,R,C,3,0,T,NISS,KSX,PC,94,17,,1,0,1161,TRK,G,,,6,181,,,,B,3765,01,A,44,0,0,000000000,00000000000,0,0,0,1,0,0,0,0,0,0,0,998,0,0,0,9,9,6,2,12,0,0,0,1,16,83341,6,1,0,0,3,3,66,165,0,0,0,1,0,9,2008,9,2008,0,39,0,0,0,1,2,55,1,2,2,1,20,3,1,17,1,1,1,89,1,0
16,160039,2,2,4,11,6,14,30,12,6,1,0,16,1,7,880,7880,67,2001,1B7MF336X1J5,1,B,7,M,F,3,3,6,X,1,J,5,0,T,DODG,Q35,4C,1,17,,3,0,1547,RPC,D,,,6,359,,,,D,6108,00,U,44,0,88,888888888,88888888888,2,1,97,1,0,0,0,0,0,0,0,998,0,0,0,12,12,4,3,12,0,0,0,1,16,83334,6,1,0,0,3,3,69,150,0,0,0,0,0,0,0,0,0,0,0,0,0,0,5,4,60,1,2,2,1,0,0,1,55,1,1,1,88,0,0
16,160040,1,1,2,16,6,20,14,1,0,1,0,16,1,22,16,22016,2,2003,1G2JB12F5371,1,G,2,J,B,1,2,F,5,3,7,1,0,P,PONT,SFR,CP,3,17,2771,,0,1041,,G,,F,4,134,,,14R195,,,,,,0,0,000000000,00000000000,0,0,0,1,0,0,0,0,0,0,0,998,0,1,2,0,13,6,2,1,0,0,0,1,16,83672,6,1,0,0,3,0,72,165,0,0,0,0,0,0,0,0,0,1,28,0,0,0,1,2,55,1,2,4,1,0,0,1,12,8,1,4,6,1,0
16,160041,1,1,1,10,6,15,9,1,0,1,0,16,2,12,17,12017,4,1997,1FALP52U3VG1,1,F,A,L,P,5,2,U,3,V,G,1,0,P,FORD,TAG,4D,97,17,3329,,0,1085,,G,,F,6,182,,,15R205,,,,,,0,0,000000000,00000000000,0,0,0,1,0,0,0,0,0,0,0,998,0,2,5,0,13,6,2,1,0,0,0,1,16,83404,6,1,0,0,3,0,64,115,0,0,1,0,0,2,2011,2,2011,1,28,58,0,0,1,2,55,1,1,2,1,0,0,1,12,9,1,4,6,1,0
16,160042,1,1,2,13,6,9,43,24,0,1,0,30,1,19,3,19003,4,2000,1G6KF5790YU2,1,G,6,K,F,5,7,9,0,Y,U,2,0,P,CADI,D/T,4D,0,17,4063,,0,1138,,G,,F,8,279,,,17R235,,,,,,0,0,000000000,00000000000,0,0,0,1,0,0,0,0,0,0,0,998,0,1,5,1,1,6,2,1,0,0,0,1,30,59711,6,1,0,0,3,3,65,200,98,0,0,0,0,0,0,0,0,9,99,99,99,99,3,2,65,3,2,2,2,0,0,14,11,99,1,4,1,1,0
16,160043,1,4,1,22,4,17,23,12,6,1,0,16,1,73,706,73706,80,2005,JKAZXCC195A0,J,K,A,Z,X,C,C,1,9,5,A,0,0,M,KAWK,Z1R,RC,5,17,,,,,,,998,,4,,4,375,,,,,,,0,0,000000000,00000000000,0,0,0,1,0,0,0,0,0,0,0,998,0,0,0,12,12,6,2,12,0,0,0,1,16,83642,6,1,0,0,3,0,74,170,0,0,0,0,0,0,0,0,0,1,0,0,0,0,5,4,40,1,1,2,1,0,0,1,67,1,1,2,83,1,0
16,160043,2,4,3,22,4,17,23,12,6,1,0,16,1,49,442,49442,20,2011,5TDDK3DC7BS0,5,T,D,D,K,3,D,C,7,B,S,0,0,P,TOYT,SIE,SV,11,17,4750,,0,1193,,G,,F,6,214,,,18R235,,,,,,0,0,000000000,00000000000,0,0,0,1,0,0,0,0,0,0,0,998,0,0,0,10,10,6,2,12,0,0,0,1,16,83709,6,1,0,0,3,3,61,125,0,0,0,0,0,0,0,0,0,0,0,0,0,0,1,2,25,1,1,2,1,20,3,11,55,99,1,1,82,0,0
16,160043,3,4,1,22,4,17,23,12,6,1,0,16,1,7,472,7472,30,2008,1D3HW62N78S5,1,D,3,H,W,6,2,N,7,8,S,5,0,T,DODG,SPT,4C,8,17,,2,0,1313,DAK,G,,,8,287,,,,B,4536,00,K,44,0,0,000000000,00000000000,0,0,0,1,0,0,0,0,0,0,0,998,0,0,0,8,8,4,1,12,0,0,0,1,16,83709,6,1,0,0,3,0,73,250,0,0,0,0,0,0,0,0,0,0,0,0,0,0,5,4,40,1,1,2,1,0,0,1,55,1,1,1,98,0,0
16,160043,4,4,1,22,4,17,23,12,6,1,0,16,1,18,2,18002,4,1998,1G4HR52KXWH4,1,G,4,H,R,5,2,K,X,W,H,4,0,P,BUIC,LLF,4D,98,17,3370,,0,1108,,G,,F,6,231,,,15R205,,,,,,0,0,000000000,00000000000,0,0,0,1,0,0,0,0,0,0,0,0,0,0,0,1,1,2,1,12,0,0,0,1,16,83703,6,1,0,0,3,0,68,215,0,0,0,0,0,0,0,0,0,0,0,0,0,0,5,4,40,1,1,2,1,0,0,1,62,1,1,1,98,0,0
16,160044,1,1,11,22,6,19,55,31,0,1,0,8,3,20,431,20431,16,2001,3GNEC16T01G2,3,G,N,E,C,1,6,T,0,1,G,2,0,P,CHEV,C15,UT,1,17,4914,,0,1300,,G,,F,8,325,,,16R245,,,,,,0,0,000000000,00000000000,0,0,0,1,0,0,0,0,0,0,0,998,0,1,6,3,13,6,2,1,0,0,0,1,45,29058,6,1,0,0,3,0,71,265,0,0,0,0,0,0,0,0,0,0,28,58,0,0,3,2,75,1,2,1,1,0,0,1,13,12,1,4,1,4,0
16,160045,1,4,1,28,6,12,10,8,0,1,0,30,3,51,881,51881,66,2005,4V4NC9TJ95N4,4,V,4,N,C,9,T,J,9,5,N,4,1,T,VOLV,VNL,TR,5,17,,8,0,0,VVN,D,,,6,915,,,,,00000,00,,64,1,57,230991,57230991,3,6,1,1,0,0,0,0,0,0,0,998,9,0,0,12,12,6,2,8,0,0,0,1,49,84120,6,1,6,1,3,0,69,175,98,0,0,0,2,10,2009,12,2009,1,39,0,0,0,1,2,45,1,2,2,1,50,3,1,80,1,1,2,13,0,0
16,160045,2,4,0,28,6,12,10,8,0,1,0,16,6,59,401,59401,14,2003,JTJHF10UX303,J,T,J,H,F,1,0,U,X,3,0,3,0,P,LEXS,RX3,UT,3,17,3924,,0,1031,,G,,F,6,183,,,16R225,,,,,,0,0,000000000,00000000000,0,0,0,1,0,0,0,0,0,0,0,0,0,0,0,5,5,4,3,12,0,0,0,0,0,99997,7,6,97,7,6,7,998,997,998,998,998,998,998,98,9998,98,9998,8,20,0,0,0,1,2,45,1,2,2,1,50,3,0,50,0,0,0,98,0,0
16,160045,3,4,2,28,6,12,10,8,0,1,0,16,2,49,401,49401,14,1999,JT3HN86R7X02,J,T,3,H,N,8,6,R,7,X,0,2,1,P,TOYT,RUN,UT,99,17,3930,,0,1053,,G,,F,6,206,,,15R225,,,,,,1,0,000000000,00000000000,0,0,0,1,0,0,0,0,0,0,0,0,0,0,0,5,5,4,3,12,0,0,0,1,16,83340,6,1,0,0,3,0,73,190,0,0,0,0,0,0,0,0,0,0,0,0,0,0,1,2,45,1,2,2,1,50,3,5,53,1,1,1,98,0,0
16,160045,4,4,3,28,6,12,10,8,0,1,0,16,1,63,34,63034,4,2011,KNAGN4A75B50,K,N,A,G,N,4,A,7,5,B,5,0,0,P,KIA,OES,4D,11,17,3385,,0,1071,,G,,F,4,144,,,16R205,,,,,,0,0,000000000,00000000000,0,0,0,1,0,0,0,0,0,0,0,0,0,0,0,5,5,2,1,12,0,0,0,1,16,83353,6,1,0,0,3,0,68,165,0,0,0,0,0,0,0,0,0,0,0,0,0,0,1,2,45,1,2,2,1,50,3,5,53,1,1,1,98,0,0
16,160046,1,2,2,10,6,21,59,12,1,1,0,16,1,7,482,7482,31,1999,3B7KF2368XG2,3,B,7,K,F,2,3,6,8,X,G,2,0,T,DODG,Q25,4C,99,17,,2,1547,1387,RPC,D,,,6,359,,,,C,5695,00,U,44,0,0,000000000,00000000000,0,0,0,1,0,0,0,0,0,0,0,998,0,0,0,12,12,6,2,12,0,0,0,1,16,83610,6,1,6,0,3,0,76,160,0,0,0,0,0,0,0,0,0,0,0,0,0,0,1,2,65,1,1,2,1,0,0,1,52,1,1,2,24,0,1
16,160046,2,2,3,10,6,21,59,12,1,1,0,16,1,21,2,21002,4,1995,1G3HN52K3S48,1,G,3,H,N,5,2,K,3,S,4,8,0,P,OLDS,88R,4D,95,17,3439,,0,1108,,G,,F,6,231,,,15R205,,,,,,0,0,000000000,00000000000,0,0,0,1,0,0,0,0,0,0,0,998,0,0,0,6,6,6,2,12,0,0,0,1,16,83612,6,1,0,0,3,0,66,150,0,0,0,0,0,0,0,0,0,0,83,0,0,0,1,2,65,1,1,2,1,0,0,1,18,2,1,1,25,1,0
16,160047,1,1,1,24,6,16,42,42,0,1,0,16,1,18,7,18007,4,2000,2G4WS52J4Y13,2,G,4,W,S,5,2,J,4,Y,1,3,0,P,BUIC,CCU,4D,0,17,3368,,0,1090,,G,,F,6,191,,,15R205,,,,,,0,0,000000000,00000000000,0,0,0,1,0,0,0,0,0,0,0,998,0,1,6,10,7,6,2,1,0,0,0,1,16,83801,6,1,0,0,3,3,63,200,0,0,0,0,0,0,0,0,0,0,28,0,0,0,1,4,60,1,1,2,1,0,0,1,12,1,1,4,6,1,0
16,160048,1,1,3,25,6,18,30,35,0,1,0,16,1,7,482,7482,31,2003,3D7KU28623G7,3,D,7,K,U,2,8,6,2,3,G,7,0,T,DODG,SQ2,CW,3,17,,2,1605,1405,RPC,D,,,6,359,,,,C,5837,07,E,44,0,0,000000000,00000000000,0,0,0,1,0,0,0,0,0,0,0,998,0,1,6,11,9,6,2,1,0,0,0,1,16,83686,6,1,6,0,3,3,73,175,0,0,0,0,0,0,0,0,0,1,0,0,0,0,1,2,99,3,1,5,1,0,0,14,13,99,1,4,1,1,1
16,160049,1,1,1,27,6,19,28,1,0,1,0,16,1,53,733,53733,90,1991,JSAAK42A9M21,J,S,A,A,K,4,2,A,9,M,2,1,0,M,SUZI,L4X,AT,91,17,,,,,,,280,,1,,4,593,,,,,,,0,0,000000000,00000000000,0,0,0,1,0,0,0,0,0,0,0,998,0,9,1,0,13,2,1,1,0,0,0,1,16,83540,0,0,0,0,0,0,999,999,0,0,0,0,0,0,0,0,0,0,28,58,0,0,1,2,35,1,1,4,1,0,0,1,12,9,1,2,98,1,1
16,160050,1,2,1,30,6,7,18,12,7,1,0,16,3,99,898,99898,63,1979,38G81621C,3,8,G,8,1,6,2,1,C,,,,0,U,,,,79,9,,,,,,,,,,,,,,,,,,,0,57,1202341,571202341,3,2,97,1,0,0,0,0,0,0,0,998,0,0,0,7,7,0,1,12,0,0,0,1,16,83647,6,1,0,0,2,3,70,165,0,0,0,0,0,0,0,0,0,0,0,0,0,0,1,2,65,3,2,2,1,0,0,14,18,1,1,1,45,0,0
16,160050,2,2,2,30,6,7,18,12,7,1,0,16,1,24,2,24002,2,2001,1G8ZY12741Z3,1,G,8,Z,Y,1,2,7,4,1,Z,3,0,P,STRN,SC2,3P,1,17,2463,,0,1024,,G,,F,4,116,,,15R195,,,,,,0,0,000000000,00000000000,0,0,0,1,0,0,0,0,0,0,0,998,9,0,0,1,1,6,2,12,0,0,0,1,16,83709,1,1,0,0,2,3,65,150,0,3,0,0,4,7,2008,4,2011,1,0,0,0,0,1,2,65,3,2,2,1,0,0,14,51,99,1,1,44,1,1
16,160051,1,1,2,23,6,16,10,14,0,1,0,16,1,18,7,18007,2,1991,3G4AH14N1MS6,3,G,4,A,H,1,4,N,1,M,S,6,0,P,BUIC,CCU,CP,91,17,2770,,0,1049,,G,,F,6,204,,,14R185,,,,,,0,0,000000000,00000000000,0,0,0,1,0,0,0,0,0,0,0,998,0,0,0,1,1,6,2,14,0,0,0,1,16,83204,6,1,0,0,3,0,64,150,0,0,0,0,0,0,0,0,0,0,28,0,0,0,4,2,25,1,1,2,1,0,0,1,10,1,9,4,6,0,0
16,160052,1,1,2,3,7,0,3,35,0,1,0,16,1,76,734,76734,90,2001,5Y4AH06Y41A0,5,Y,4,A,H,0,6,Y,4,1,A,0,0,M,YAMA,Y4W,AT,1,17,,,,,,,386,,1,,4,511,,,,,,,0,0,000000000,00000000000,0,0,0,1,0,0,0,0,0,0,0,998,0,1,6,12,13,6,2,1,0,0,0,1,16,83716,6,1,0,0,3,0,67,160,0,0,0,0,0,0,0,0,0,0,0,0,0,0,1,2,35,3,1,4,8,0,0,14,13,1,1,4,1,1,1
16,160053,1,2,1,14,6,19,1,12,6,1,0,16,1,49,32,49032,4,1995,1NXAE09B3SZ2,1,N,X,A,E,0,9,B,3,S,Z,2,0,P,TOYT,LED,4D,95,17,2381,,0,970,,G,,F,4,108,,,14R185,,,,,,0,0,000000000,00000000000,0,0,0,1,0,0,0,0,0,0,0,998,0,0,0,12,12,6,2,12,0,0,0,1,16,83651,6,1,0,0,3,3,68,160,0,0,0,0,0,0,0,0,0,0,0,0,0,0,5,2,65,1,1,2,1,0,0,1,17,1,1,1,88,0,0
16,160053,2,2,1,14,6,19,1,12,6,1,0,16,1,45,31,45031,2,1983,WP0AA0914DS1,W,P,0,A,A,0,9,1,4,D,S,1,0,P,PORS,9SC,CP,83,17,2615,,0,895,,G,,F,6,183,,,15R185,,,,,,0,0,000000000,00000000000,0,0,0,1,0,0,0,0,0,0,0,998,0,0,0,9,9,6,2,12,0,0,0,1,16,83669,6,1,0,0,3,3,71,150,1,0,0,2,1,6,2009,7,2010,0,39,0,0,0,1,2,50,1,1,2,1,20,3,1,17,1,1,1,89,1,1
16,160054,1,2,1,29,6,10,49,12,6,1,0,16,3,85,881,85881,63,1987,2XKCD29X7HM5,2,X,K,C,D,2,9,X,7,H,M,5,0,T,KW,C50,TR,87,17,,8,0,0,CON,D,,,6,855,,,,,00000,00,,64,0,57,0916561,570916561,3,2,4,1,0,0,0,0,0,0,0,998,0,0,0,12,12,2,1,12,0,0,0,1,16,83318,6,1,6,1,3,3,64,125,0,0,0,0,0,0,0,0,0,0,0,0,0,0,1,2,55,1,1,2,1,0,0,1,66,1,1,1,88,0,0
16,160054,2,2,1,29,6,10,49,12,6,1,0,16,1,14,6,14006,4,2002,2MEFM75W92X6,2,M,E,F,M,7,5,W,9,2,X,6,0,P,MERC,MGL,4D,2,17,3970,,0,1147,,G,,F,8,281,,,16R225,,,,,,0,0,000000000,00000000000,0,0,0,1,0,0,0,0,0,0,0,998,9,0,0,9,9,6,2,12,0,0,0,1,16,83350,6,1,0,0,3,0,73,210,3,0,0,0,3,4,2009,6,2011,0,39,0,0,0,1,2,55,1,1,2,1,20,3,1,17,1,1,1,89,1,0
16,160055,1,1,1,22,6,5,45,42,0,1,0,16,2,2,405,2405,14,2005,1J4GL38K85W5,1,J,4,G,L,3,8,K,8,5,W,5,0,T,JEEP,RNG,4W,5,17,,1,0,1043,LIB,G,,,6,226,,,,,4011,00,E,44,0,0,000000000,00000000000,0,0,0,1,0,0,0,0,0,0,0,998,0,1,6,12,13,6,2,1,0,0,0,1,16,83872,6,1,6,0,3,0,71,150,0,0,0,0,0,0,0,0,0,0,0,0,0,0,1,2,55,3,1,2,1,0,0,14,13,99,1,4,1,1,0
16,160056,1,1,1,3,7,19,15,34,0,1,0,16,2,98,739,98739,90,2005,4XAMH50A15A6,4,X,A,M,H,5,0,A,1,5,A,6,0,M,POLS,SP0,AT,5,17,,,,,,,499,,1,,4,715,,,,,,,0,0,000000000,00000000000,0,0,0,1,0,0,0,0,0,0,0,998,0,0,0,12,12,4,3,32,0,0,0,1,16,83501,6,1,0,0,3,0,68,185,0,0,0,0,0,0,0,0,0,0,0,0,0,0,1,2,25,1,2,4,1,0,0,1,13,99,1,4,1,1,1
16,160057,1,2,4,7,7,23,22,12,6,1,0,16,2,24,1,24001,4,1996,1G8ZG5289TZ3,1,G,8,Z,G,5,2,8,9,T,Z,3,0,P,STRN,SL1,4D,96,17,2247,,0,1024,,G,,F,4,116,,,14R175,,,,,,0,0,000000000,00000000000,0,0,0,1,0,0,0,0,0,0,0,998,0,0,0,10,10,6,2,12,0,0,0,1,16,83672,6,2,0,0,3,2,60,100,0,0,0,1,0,4,2011,4,2011,0,39,73,0,0,5,2,45,1,1,2,1,20,3,1,17,1,1,1,89,3,0
16,160057,2,2,4,7,7,23,22,12,6,1,0,16,1,7,482,7482,31,2008,3D7KS28A28G1,3,D,7,K,S,2,8,A,2,8,G,1,1,T,DODG,SQ2,CW,8,17,,2,1605,1405,RPC,D,,,6,408,,,,C,6034,00,E,44,1,0,000000000,00000000000,9,0,0,1,0,0,0,0,0,0,0,998,0,1,5,12,12,6,2,12,0,0,0,1,16,83660,6,1,0,0,3,3,75,190,0,0,0,0,0,0,0,0,0,0,0,0,0,0,5,2,65,1,1,2,1,0,0,1,55,1,1,1,88,0,0
16,160058,1,1,2,9,7,15,59,35,0,1,0,16,1,52,46,52046,4,2003,JA3AH86F93U1,J,A,3,A,H,8,6,F,9,3,U,1,0,P,MITS,LEV,4D,3,17,3263,,0,1033,,G,,T,4,122,,,17R235,,,,,,0,0,000000000,00000000000,0,0,0,1,0,0,0,0,0,0,0,998,0,1,5,1,2,6,2,1,0,0,0,1,16,83837,6,1,0,0,3,3,72,173,0,4,2,2,2,10,2008,6,2011,1,36,0,0,0,1,2,35,3,1,2,1,0,0,14,13,3,1,4,1,1,1
16,160059,1,1,1,14,7,4,0,35,0,1,0,16,3,12,442,12442,20,1999,2FMZA5145XBA,2,F,M,Z,A,5,1,4,5,X,B,A,0,T,FORD,WLX,ES,99,17,,1,0,1207,WIN,G,,,6,232,,,,B,3890,00,E,42,0,0,000000000,00000000000,0,0,0,1,0,0,0,0,0,0,0,998,0,1,5,3,13,6,2,3,0,0,0,1,30,59840,3,1,3,0,2,0,68,167,98,0,0,0,0,0,0,0,0,0,28,58,89,0,1,2,50,3,1,2,1,0,0,14,11,8,2,4,7,1,1
16,160060,1,2,1,14,7,13,48,12,6,1,0,16,1,37,706,37706,80,2009,JH2SC59J89K0,J,H,2,S,C,5,9,J,8,9,K,0,0,M,HOND,CBS,RC,9,17,,,,,,,999,,4,,4,439,,,,,,,0,0,000000000,00000000000,0,0,0,1,0,0,0,0,0,0,0,998,0,0,0,12,2,6,2,12,0,0,0,1,16,83332,6,1,6,0,3,3,66,150,0,0,0,2,0,12,2009,8,2010,1,28,0,0,0,1,2,35,3,2,2,1,0,0,14,52,8,2,2,73,1,0
16,160060,2,2,1,14,7,13,48,12,6,1,0,16,3,85,881,85881,66,1995,1XKDDB9X1SS6,1,X,K,D,D,B,9,X,1,S,S,6,2,T,KW,T80,TR,95,17,,8,0,1600,CON,D,,,6,893,,,,,00000,00,,64,1,57,0354177,570354177,3,7,4,1,0,0,0,0,0,0,0,998,0,0,0,10,10,0,1,12,0,0,0,1,16,83347,6,1,6,1,3,0,67,260,0,0,0,0,0,0,0,0,0,0,0,0,0,0,1,2,35,3,2,2,1,0,0,11,15,1,1,1,72,0,0
16,160061,1,1,5,15,7,8,26,1,0,1,0,16,1,53,33,53033,4,2002,JS2RA41S2251,J,S,2,R,A,4,1,S,2,2,5,1,0,P,SUZI,ASG,4D,2,17,2604,,0,976,,G,,F,4,122,,,14R185,,,,,,0,0,000000000,00000000000,0,0,0,1,0,0,0,0,0,0,0,70,0,1,2,0,7,6,2,1,0,0,0,1,32,83843,6,1,0,0,3,0,76,220,0,0,0,0,0,0,0,0,0,1,92,0,0,0,1,2,35,3,2,2,1,0,0,14,13,9,4,4,2,1,0
16,160062,1,1,1,19,7,8,29,1,0,1,0,16,3,84,881,84881,63,2008,1HTMKAAN98H6,1,H,T,M,K,A,A,N,9,8,H,6,0,T,INTL,440,CC,8,17,,7,0,0,40S,D,,,6,466,,,,,00000,00,,42,0,57,214695,57214695,3,1,2,1,0,0,0,0,0,0,0,998,0,9,5,0,13,6,2,30,0,0,0,1,16,83350,6,1,6,1,3,0,71,250,0,0,0,0,0,0,0,0,0,0,0,0,0,0,1,2,65,2,1,2,1,0,0,14,13,1,1,4,1,1,0
16,160063,1,2,3,20,7,13,3,12,6,1,0,16,2,55,35,55035,4,2008,KMHDU46D68U3,K,M,H,D,U,4,6,D,6,8,U,3,0,P,HYUN,GST,4D,8,17,2723,,0,1043,,G,,F,4,121,,,15R195,,,,,,0,0,000000000,00000000000,0,0,0,1,0,0,0,0,0,0,0,998,0,0,0,9,9,6,2,12,0,0,0,1,16,83347,6,1,0,0,3,3,59,83,0,0,0,1,0,4,2010,4,2010,0,39,0,0,0,1,2,45,1,3,2,1,20,3,1,55,1,1,1,89,1,0
16,160063,2,2,1,20,7,13,3,12,6,1,0,16,1,12,37,12037,4,2010,3FAHP0HA3AR2,3,F,A,H,P,0,H,A,3,A,R,2,0,P,FORD,F/E,4D,10,17,3285,,0,1074,,G,,F,4,152,,,16R205,,,,,,0,0,000000000,00000000000,0,0,0,1,0,0,0,0,0,0,0,998,0,0,0,12,12,6,2,12,0,0,0,1,16,83318,6,1,0,0,3,3,60,135,0,0,0,0,0,0,0,0,0,0,0,0,0,0,1,2,45,1,3,2,1,0,0,1,66,1,1,1,88,0,0
16,160064,1,1,1,23,7,6,5,35,0,1,0,16,1,12,13,12013,2,1999,3FAKP1137XR2,3,F,A,K,P,1,1,3,7,X,R,2,0,P,FORD,ZCH,CP,99,17,2478,,0,984,,G,,F,4,121,,,14R185,,,,,,0,0,000000000,00000000000,0,0,0,1,0,0,0,0,0,0,0,998,0,1,6,12,13,6,2,42,0,0,0,1,16,83429,6,1,0,0,3,0,66,150,0,0,0,0,0,0,0,0,0,0,0,0,0,0,2,2,65,3,1,2,1,0,0,14,11,1,1,4,1,1,0
16,160065,1,1,1,30,7,2,8,30,0,1,0,16,1,37,706,37706,80,2007,JH2SC48047M5,J,H,2,S,C,4,8,0,4,7,M,5,0,M,HOND,CB9,RS,7,17,,,,,,,919,,4,,4,428,,,,,,,0,0,000000000,00000000000,0,0,0,1,0,0,0,0,0,0,0,998,0,0,0,11,11,6,2,30,0,0,0,1,16,83702,6,1,0,0,3,0,69,140,0,0,0,2,0,12,2009,5,2010,0,0,0,0,0,3,2,35,2,2,2,1,0,0,14,13,1,1,4,1,1,1
16,160066,1,1,2,31,7,4,38,1,0,1,0,16,1,62,401,62401,14,1998,SALJY1243WA7,S,A,L,J,Y,1,2,4,3,W,A,7,0,T,LNDR,DIS,4W,98,17,,2,0,1000,DIS,G,,,8,241,,,,,4465,00,E,44,0,0,000000000,00000000000,0,0,0,1,0,0,0,0,0,0,0,998,0,9,1,0,13,6,2,1,0,0,0,1,16,83623,6,1,0,0,3,9,999,999,99,99,99,99,99,99,9999,99,9999,0,58,0,0,0,1,2,65,1,2,2,1,0,0,1,13,8,1,6,98,1,1
16,160067,1,1,5,28,7,13,30,1,0,1,0,48,2,23,461,23461,21,2003,1GDFG15T7311,1,G,D,F,G,1,5,T,7,3,1,1,0,T,GMC,SV1,SV,3,17,,2,0,1350,S/V,G,,,8,325,,,,B,00000,00,E,42,0,0,000000000,00000000000,0,0,0,1,0,0,0,0,0,0,0,998,0,9,5,0,13,6,2,1,0,0,0,1,48,77478,6,1,0,0,3,0,999,999,1,0,0,0,0,12,2010,12,2010,0,0,0,0,0,1,2,45,1,1,2,1,0,0,1,13,9,1,4,1,1,0
16,160068,1,1,2,30,7,99,99,35,0,1,0,16,1,7,472,7472,30,2001,1B7HG2AN81S2,1,B,7,H,G,2,A,N,8,1,S,2,0,T,DODG,QAD,CW,1,17,,2,0,1309,DAK,G,,,8,287,,,,B,4296,00,U,44,0,0,000000000,00000000000,0,0,0,1,0,0,0,0,0,0,0,998,0,1,5,3,13,6,2,1,0,0,0,1,16,83646,6,1,0,0,3,3,64,165,0,0,0,0,1,5,2009,5,2009,0,99,99,99,99,1,2,0,4,2,5,11,0,0,14,13,99,1,4,5,1,0