STATE,ST_CASE,VEH_NO,VE_FORMS,NUMOCCS,DAY,MONTH,HOUR,MINUTE,HARM_EV,MAN_COLL,UNITTYPE,HIT_RUN,REG_STAT,OWNER,MAKE,MODEL,MAK_MOD,BODY_TYP,MOD_YEAR,VIN,VIN_1,VIN_2,VIN_3,VIN_4,VIN_5,VIN_6,VIN_7,VIN_8,VIN_9,VIN_10,VIN_11,VIN_12,TOW_VEH,VINTYPE,VINMAKE,VINA_MOD,VIN_BT,VINMODYR,VIN_LNGT,VIN_WGT,WGTCD_TR,WHLBS_LG,WHLBS_SH,SER_TR,FUELCODE,MCYCL_DS,CARBUR,CYLINDER,DISPLACE,MCYCL_CY,MCYCL_WT,TIRE_SZE,TON_RAT,TRK_WT,TRKWTVAR,VIN_REST,WHLDRWHL,J_KNIFE,MCARR_I1,MCARR_I2,MCARR_ID,GVWR,V_CONFIG,CARGO_BT,HAZ_INV,HAZ_PLAC,HAZ_ID,HAZ_CNO,HAZ_REL,BUS_USE,SPEC_USE,EMER_USE,TRAV_SP,UNDERIDE,ROLLOVER,ROLINLOC,IMPACT1,IMPACT2,DEFORMED,TOWED,M_HARM,VEH_SC1,VEH_SC2,FIRE_EXP,DR_PRES,L_STATE,DR_ZIP,L_STATUS,L_TYPE,CDL_STAT,L_ENDORS,L_COMPL,L_RESTRI,DR_HGT,DR_WGT,PREV_ACC,PREV_SUS,PREV_DWI,PREV_SPD,PREV_OTH,FIRST_MO,FIRST_YR,LAST_MO,LAST_YR,SPEEDREL,DR_SF1,DR_SF2,DR_SF3,DR_SF4,VTRAFWAY,VNUM_LAN,VSPD_LIM,VALIGN,VPROFILE,VPAVETYP,VSURCOND,VTRAFCON,VTCONT_F,P_CRASH1,P_CRASH2,P_CRASH3,PCRASH4,PCRASH5,ACC_TYPE,DEATHS,DR_DRINK
16,160069,1,2,1,3,8,16,45,11,0,1,0,16,1,34,706,34706,80,2005,WB10317AX5ZL,W,B,1,0,3,1,7,A,X,5,Z,L,0,M,BMW,12G,EN,5,17,,,,,,,1170,,2,,4,439,,,,,,,0,0,000000000,00000000000,0,0,0,1,0,0,0,0,0,0,0,998,0,0,0,11,11,2,1,54,0,0,0,1,16,83845,6,1,0,0,3,0,70,175,0,0,0,0,0,0,0,0,0,0,83,0,0,0,1,2,60,1,2,2,1,0,0,1,87,1,1,1,98,1,0
16,160069,2,2,1,3,8,16,45,11,0,1,0,16,1,7,482,7482,31,2003,1D7HU18NX3J6,1,D,7,H,U,1,8,N,X,3,J,6,0,T,DODG,SQ1,CW,3,17,,2,1605,1405,RPC,G,,,8,287,,,,B,5005,02,E,44,0,0,000000000,00000000000,0,0,0,1,0,0,0,0,0,0,0,998,0,0,0,11,11,0,1,11,0,0,0,1,16,83847,6,1,6,0,3,0,67,165,0,0,0,0,0,0,0,0,0,0,0,0,0,0,1,2,60,1,2,2,1,0,0,1,87,1,1,2,13,0,0
16,160070,1,1,1,1,8,21,15,35,0,1,0,16,1,37,705,37705,80,1981,JH2PC0109BM2,J,H,2,P,C,0,1,0,9,B,M,2,0,M,HOND,CX5,RS,81,17,,,,,,,497,,2,,4,445,,,,,,,0,0,000000000,00000000000,0,0,0,1,0,0,0,0,0,0,0,998,0,0,0,3,12,6,2,42,0,0,0,1,16,83805,6,1,0,0,3,0,68,150,1,1,1,0,0,3,2010,10,2010,0,28,0,0,0,1,2,15,2,2,2,1,0,0,14,12,1,1,4,6,1,1
16,160071,1,1,1,10,8,20,45,31,0,1,0,16,1,35,472,35472,30,2007,1N6AD09W37C4,1,N,6,A,D,0,9,W,3,7,C,4,0,T,NISS,CEO,CW,7,17,,1,0,1399,FRT,G,,,6,244,,,,,4416,00,K,44,0,0,000000000,00000000000,0,0,0,1,0,0,0,0,0,0,0,998,0,1,5,12,12,6,2,3,0,0,0,1,16,83861,6,1,0,0,3,3,62,130,0,0,0,0,0,0,0,0,0,9,4,0,0,0,1,2,60,2,1,2,1,0,0,14,13,1,1,4,1,1,1
16,160072,1,2,2,10,8,11,50,12,1,1,0,92,0,76,739,76739,90,2011,999999999999,9,9,9,9,9,9,9,9,9,9,9,9,0,,,,,,,,,,,,,,,,,,,,,,,,,0,0,000000000,00000000000,0,0,0,1,0,0,0,0,0,0,0,998,0,0,0,6,6,6,2,12,0,0,0,1,16,83338,6,1,0,0,3,0,68,175,0,0,0,0,0,0,0,0,0,0,0,0,0,0,1,2,50,1,1,2,1,0,0,2,18,1,1,1,29,1,0
16,160072,2,2,6,10,8,11,50,12,1,1,0,8,3,20,422,20422,15,2011,1GNSKJE35BR1,1,G,N,S,K,J,E,3,5,B,R,1,0,P,CHEV,K15,UT,11,17,6024,,0,1300,,F,,F,8,323,,,17R265,,,,,,0,0,000000000,00000000000,0,0,0,1,0,0,0,0,0,0,0,998,0,0,0,12,12,6,2,12,0,0,0,1,16,83440,6,1,0,0,3,0,62,130,0,0,0,0,0,0,0,0,0,0,84,0,0,0,1,2,50,1,1,2,1,0,0,1,52,1,1,1,28,0,0
16,160073,1,2,2,17,8,10,29,12,6,1,0,16,3,20,481,20481,31,2002,1GCEK19V22E2,1,G,C,E,K,1,9,V,2,2,E,2,0,T,CHEV,SK1,4C,2,17,,2,1575,1435,SIL,G,,,8,293,,,,B,4910,02,,44,0,0,000000000,00000000000,0,0,0,1,0,0,0,0,0,0,0,998,0,0,0,10,10,6,2,12,0,0,0,1,16,83401,6,1,6,0,3,3,62,175,0,0,0,3,0,3,2009,11,2010,0,38,39,0,0,1,2,50,1,1,2,1,20,3,1,17,1,1,1,89,1,0
16,160073,2,2,1,17,8,10,29,12,6,1,0,16,1,12,17,12017,4,2001,1FAFP55201A2,1,F,A,F,P,5,5,2,0,1,A,2,0,P,FORD,TSS,4D,1,17,3343,,0,1085,,F,,F,6,182,,,16R215,,,,,,0,0,000000000,00000000000,0,0,0,1,0,0,0,0,0,0,0,998,0,0,0,1,1,6,2,12,0,0,0,1,16,83274,6,1,0,0,3,3,63,140,1,0,0,0,1,6,2009,6,2009,0,0,0,0,0,1,2,50,1,1,2,1,0,0,1,17,1,1,1,88,0,0
16,160074,1,2,1,22,8,14,55,12,7,1,0,41,3,87,881,87881,66,2007,1XPHDB9X87N6,1,X,P,H,D,B,9,X,8,7,N,6,1,T,PTRB,386,TR,7,17,,8,0,0,CON,D,,,6,893,,,,,00000,00,,64,1,57,843852,57843852,3,6,1,1,0,0,0,0,0,0,0,998,0,0,0,9,12,6,2,42,0,0,0,1,6,99019,6,1,6,1,3,0,71,215,0,0,0,0,0,0,0,0,0,0,28,0,0,0,3,4,70,1,1,2,1,0,0,1,10,99,1,2,45,1,0
16,160074,2,2,2,22,8,14,55,12,7,1,0,53,1,12,401,12401,14,2002,1FMZU73E32ZB,1,F,M,Z,U,7,3,E,3,2,Z,B,0,P,FORD,EPR,UT,2,17,4378,,0,1137,,G,,F,6,245,,,16R235,,,,,,0,0,000000000,00000000000,0,0,0,1,0,0,0,0,0,0,0,998,9,0,0,3,3,6,2,12,0,0,0,1,53,99031,6,1,0,0,3,0,72,185,0,0,0,0,0,0,0,0,0,0,0,0,0,0,3,2,70,1,1,2,1,0,0,1,18,1,1,1,44,0,0
16,160075,1,1,1,23,8,7,24,59,0,1,0,16,2,49,471,49471,30,1990,JT4RN81P8L50,J,T,4,R,N,8,1,P,8,L,5,0,0,T,TOYT,SWD,PK,90,17,,1,0,1033,HTP,G,,,4,144,,,,B,00000,00,A,42,0,0,000000000,00000000000,0,0,0,1,0,0,0,0,0,0,0,998,0,1,5,12,13,6,2,1,0,0,0,1,16,83873,6,2,0,0,3,3,63,132,0,0,0,0,0,0,0,0,0,1,0,0,0,0,3,2,75,1,1,2,1,40,3,1,13,1,1,4,1,1,1
16,160076,1,1,4,28,8,13,40,35,0,1,0,16,1,7,402,7402,14,2002,1B4HR48N22F1,1,B,4,H,R,4,8,N,2,2,F,1,0,P,DODG,DUR,UT,2,17,4310,,0,1160,,G,,F,8,287,,,15R235,,,,,,0,0,000000000,00000000000,0,0,0,1,0,0,0,0,0,0,0,998,0,1,5,7,7,6,2,3,0,0,0,1,16,83814,6,1,0,0,3,0,68,180,0,0,0,0,0,0,0,0,0,0,31,48,0,0,1,2,25,2,1,2,1,0,0,13,13,1,1,4,92,1,0
16,160077,1,1,5,28,8,20,20,11,0,1,0,16,2,12,422,12422,15,2006,1FMPU16536LA,1,F,M,P,U,1,6,5,3,6,L,A,0,P,FORD,EPT,UT,6,17,5606,,0,1190,,G,,F,8,329,,,17R265,,,,,,0,0,000000000,00000000000,0,0,0,1,0,0,0,0,0,0,0,998,0,1,1,12,13,6,2,1,0,0,0,1,16,83401,6,1,7,0,3,0,70,185,2,1,0,0,1,6,2010,11,2010,1,83,58,0,0,1,2,35,1,1,4,11,0,0,1,87,9,3,6,13,1,0
16,160078,1,1,2,30,8,11,54,34,0,1,0,16,2,12,481,12481,31,2004,1FTPW14564KC,1,F,T,P,W,1,4,5,6,4,K,C,0,T,FORD,F1S,CW,4,17,,2,1450,1260,COF,G,,,8,330,,,,B,5560,00,U,44,0,0,000000000,00000000000,0,0,0,1,0,0,0,0,0,0,0,998,0,1,5,9,13,6,2,1,0,0,0,1,16,83342,0,0,0,0,0,0,999,999,0,0,0,0,0,0,0,0,0,0,92,0,0,0,1,2,65,1,1,2,1,0,0,1,13,1,1,4,1,1,0
16,160079,1,2,2,1,9,19,35,12,6,1,0,16,2,6,42,6042,4,1994,2C3ED46F7RH1,2,C,3,E,D,4,6,F,7,R,H,1,0,P,CHRY,NYH,4D,94,17,3457,,0,1130,,G,,F,6,215,,,15R205,,,,,,0,0,000000000,00000000000,0,0,0,1,0,0,0,0,0,0,0,998,0,0,0,9,9,6,2,12,0,0,0,1,16,83634,6,1,0,0,3,0,75,240,0,0,0,0,0,0,0,0,0,0,0,0,0,0,1,2,50,1,1,2,1,0,0,1,17,1,1,1,89,1,0
16,160079,2,2,4,1,9,19,35,12,6,1,0,16,1,7,472,7472,30,2002,1B7HG48N12S5,1,B,7,H,G,4,8,N,1,2,S,5,0,T,DODG,DQS,CW,2,17,,2,0,1309,DAK,G,,,8,287,,,,B,4351,00,E,44,0,0,000000000,00000000000,0,0,0,1,0,0,0,0,0,0,0,998,0,0,0,12,12,6,2,12,0,0,0,1,16,83634,6,1,0,0,3,0,71,130,0,0,0,0,0,0,0,0,0,0,38,39,0,0,1,2,50,1,1,2,1,20,3,1,17,1,1,1,88,0,0
16,160080,1,1,1,3,9,1,1,34,0,1,0,16,1,41,35,41035,5,2002,JM1BJ2459214,J,M,1,B,J,2,4,5,9,2,1,4,0,P,MAZD,PR5,4H,2,17,2716,,0,1028,,G,,F,4,122,,,16R195,,,,,,0,0,000000000,00000000000,0,0,0,1,0,0,0,0,0,0,0,998,0,1,3,11,13,6,2,25,0,0,0,1,16,83877,6,1,0,0,3,3,66,130,0,0,0,1,0,11,2008,11,2008,0,58,0,0,0,3,2,65,1,1,2,1,0,0,1,11,7,1,4,1,1,1
16,160081,1,1,1,24,8,12,38,35,0,1,0,16,1,20,421,20421,15,2004,1GNEK13Z04R2,1,G,N,E,K,1,3,Z,0,4,R,2,0,P,CHEV,KTA,UT,4,17,5050,,0,1160,,F,,F,8,325,,,16R265,,,,,,0,0,000000000,00000000000,0,0,0,1,0,0,0,0,0,0,0,998,0,0,0,12,12,6,2,35,0,0,0,1,16,83353,6,1,0,0,3,3,76,190,0,0,0,0,0,0,0,0,0,0,28,0,0,0,1,2,25,1,2,5,1,0,0,1,9,99,1,4,6,1,0
16,160082,1,2,1,5,9,20,54,12,1,1,0,16,1,18,3,18003,4,1993,1G4CW53L2P16,1,G,4,C,W,5,3,L,2,P,1,6,0,P,BUIC,PKA,4D,93,17,3441,,0,1108,,G,,F,6,231,,,15R205,,,,,,0,0,000000000,00000000000,0,0,0,1,0,0,0,0,0,0,0,998,1,0,0,12,12,6,2,12,0,0,0,1,16,83221,6,1,0,0,3,0,73,215,1,0,0,0,0,4,2011,4,2011,0,0,0,0,0,3,2,75,1,1,2,1,0,0,1,51,1,1,1,24,1,1
16,160082,2,2,1,5,9,20,54,12,1,1,0,16,0,99,998,99998,92,2009,000000000000,0,0,0,0,0,0,0,0,0,0,0,0,0,,,,,,,,,,,,,,,,,,,,,,,,,0,0,000000000,00000000000,0,0,0,1,0,0,0,0,0,0,0,998,0,0,0,6,6,2,1,12,0,0,0,1,16,83342,6,1,0,0,3,0,72,215,0,1,0,2,0,8,2009,2,2011,0,92,0,0,0,3,2,75,1,1,2,1,0,0,1,53,1,1,1,25,0,0
16,160083,1,1,3,4,9,23,24,8,0,1,0,16,2,7,482,7482,31,2000,1B7HF13Z4YJ1,1,B,7,H,F,1,3,Z,4,Y,J,1,0,T,DODG,Q15,4C,0,17,,2,1547,1387,RPC,G,,,8,360,,,,B,4983,01,U,44,0,0,000000000,00000000000,0,0,0,1,0,0,0,0,0,0,0,998,0,0,0,12,12,2,1,8,0,0,0,1,16,83548,6,1,0,0,3,3,64,160,1,0,0,0,0,8,2010,8,2010,0,0,0,0,0,5,2,25,1,1,2,1,0,0,1,80,1,1,1,13,0,0
16,160084,1,1,1,3,9,17,0,59,0,1,0,16,1,76,734,76734,90,2006,JY4AM07Y26C0,J,Y,4,A,M,0,7,Y,2,6,C,0,0,M,YAMA,AM0,AT,6,17,,,,,,,686,,1,,4,396,,,,,,,0,0,000000000,00000000000,0,0,0,1,0,0,0,0,0,0,0,998,0,1,1,4,1,6,2,42,0,0,0,1,16,83857,6,1,0,0,3,3,71,180,0,0,0,0,0,0,0,0,0,1,0,0,0,0,1,2,55,3,1,4,1,0,0,15,13,99,2,4,2,1,0
16,160085,1,1,2,10,9,20,25,34,0,1,0,41,1,37,706,37706,82,1983,JH2SC120XDM0,J,H,2,S,C,1,2,0,X,D,M,0,0,M,HOND,VF1,RS,83,17,,,,,,,1100,,4,,4,340,,,,,,,0,0,000000000,00000000000,0,0,0,1,0,0,0,0,0,0,0,998,0,0,0,12,13,6,2,1,0,0,0,1,41,97124,6,1,0,0,3,1,77,245,0,0,0,0,1,8,2010,8,2010,0,82,0,0,0,1,2,65,1,1,2,6,0,0,1,13,99,1,4,1,1,0
16,160086,1,1,2,10,9,21,22,38,0,1,0,16,1,73,705,73705,80,2006,JKAZX4N176A0,J,K,A,Z,X,4,N,1,7,6,A,0,0,M,KAWK,ZXN,RC,6,17,,,,,,,599,,4,,4,361,,,,,,,0,0,000000000,00000000000,0,0,0,1,0,0,0,0,0,0,0,998,0,0,0,12,12,6,2,1,0,0,0,1,6,96130,6,1,0,0,3,0,70,170,0,3,1,1,0,7,2009,12,2010,1,28,89,0,0,1,2,50,3,2,2,1,0,0,14,6,1,1,4,6,1,0
16,160087,1,2,1,12,9,16,14,12,6,1,0,16,2,7,402,7402,14,2000,1B4HS28N3YF1,1,B,4,H,S,2,8,N,3,Y,F,1,0,P,DODG,DUR,UT,0,17,4462,,0,1159,,G,,F,8,287,,,15R235,,,,,,0,0,000000000,00000000000,0,0,0,1,0,0,0,0,0,0,0,998,0,0,0,1,1,6,2,12,0,0,0,1,16,83401,6,2,0,0,3,1,70,142,0,0,0,0,0,0,0,0,0,0,0,0,0,0,1,2,50,1,1,2,1,0,0,1,55,8,1,1,88,0,0
16,160087,2,2,1,12,9,16,14,12,6,1,0,16,1,20,16,20016,4,1999,1G1JC5248X72,1,G,1,J,C,5,2,4,8,X,7,2,0,P,CHEV,CAV,4D,99,17,2676,,0,1041,,G,,F,4,133,,,14R195,,,,,,0,0,000000000,00000000000,0,0,0,1,0,0,0,0,0,0,0,998,0,0,0,9,9,6,2,30,0,0,0,1,16,83401,6,1,0,0,3,0,71,180,2,0,0,3,0,1,2009,2,2011,0,38,0,0,0,1,2,50,1,1,2,1,20,3,1,17,1,1,1,89,1,0
16,160088,1,2,1,12,9,17,27,12,6,1,0,16,3,7,482,7482,31,2008,1D7HU18268J1,1,D,7,H,U,1,8,2,6,8,J,1,0,T,DODG,SQ1,CW,8,17,,2,1605,1405,RPC,G,,,8,348,,,,B,5201,00,E,44,0,0,000000000,00000000000,0,0,0,1,0,0,0,0,0,0,0,998,0,0,0,10,10,6,2,12,0,0,0,1,16,83338,6,1,0,0,3,0,72,195,0,0,0,0,0,0,0,0,0,0,39,0,0,0,1,2,50,1,1,2,1,20,3,1,55,1,1,1,90,0,0
16,160088,2,2,2,12,9,17,27,12,6,1,0,16,1,7,41,7041,4,1999,2B3HD56J7XH7,2,B,3,H,D,5,6,J,7,X,H,7,0,P,DODG,IES,4D,99,17,3435,,0,1130,,G,,F,6,197,,,16R225,,,,,,0,0,000000000,00000000000,0,0,0,1,0,0,0,0,0,0,0,998,0,0,0,1,3,6,2,12,0,0,0,1,16,83355,6,1,0,0,3,3,65,200,0,0,0,0,0,0,0,0,0,0,0,0,0,0,1,2,50,1,1,2,1,0,0,1,55,1,1,1,90,1,0
16,160089,1,2,1,8,9,13,22,12,2,1,0,30,3,20,481,20481,31,2011,1GC2KVCG2BZ3,1,G,C,2,K,V,C,G,2,B,Z,3,1,T,CHEV,2KH,4C,11,17,,2,1582,1442,SIL,F,,,8,366,,,,C,6278,01,,44,1,0,000000000,00000000000,0,0,0,1,0,0,0,0,0,0,0,998,0,0,0,12,12,6,2,12,0,0,0,1,22,70532,6,1,6,0,3,3,71,208,0,0,0,1,3,11,2008,8,2010,0,38,0,0,0,5,2,55,2,1,2,1,0,0,11,55,1,1,2,68,0,0
16,160089,2,2,1,8,9,13,22,12,2,1,0,16,1,53,706,53706,80,1986,JS1VX71A5G21,J,S,1,V,X,7,1,A,5,G,2,1,0,M,SUZI,GV4,RS,86,17,,,,,,,1360,,4,,4,999,,,,,,,0,0,000000000,00000000000,0,0,0,1,0,0,0,0,0,0,0,998,0,0,0,12,12,6,2,12,0,0,0,1,16,83301,6,1,0,0,3,0,68,220,0,0,0,0,0,0,0,0,0,0,0,0,0,0,5,2,55,3,1,2,1,0,0,14,55,1,1,1,69,1,0
16,160090,1,1,1,18,9,2,0,5,0,1,0,16,1,20,481,20481,31,2000,2GCEK19T2Y11,2,G,C,E,K,1,9,T,2,Y,1,1,0,T,CHEV,SK1,3C,0,17,,2,1575,1435,SIL,G,,,8,325,,,,B,4621,02,,44,0,0,000000000,00000000000,0,0,0,1,0,0,0,0,0,0,0,998,0,1,6,0,12,6,2,5,0,0,0,1,16,83262,6,1,0,0,3,3,75,365,0,0,0,0,0,0,0,0,0,0,28,0,0,0,1,2,60,2,1,2,1,0,0,14,98,99,1,4,0,1,1
16,160091,1,2,2,12,9,19,33,12,6,1,0,41,1,6,441,6441,20,2002,2C4GP443X2R7,2,C,4,G,P,4,4,3,X,2,R,7,0,T,CHRY,TLX,ES,2,17,,1,0,1193,TWC,F,,,6,201,,,,,4003,00,,42,0,0,000000000,00000000000,0,0,0,1,0,0,0,0,0,0,0,998,0,0,0,9,9,6,2,12,0,0,0,1,41,97223,6,1,0,0,3,3,75,200,0,0,0,0,0,0,0,0,0,0,38,48,0,0,1,2,25,1,1,2,1,0,0,11,55,1,1,3,82,1,0
16,160091,2,2,1,12,9,19,33,12,6,1,0,16,3,12,881,12881,61,2007,1FDAF57P37EA,1,F,D,A,F,5,7,P,3,7,E,A,0,T,FORD,F5D,CB,7,17,,5,2000,1410,DRW,D,,,8,366,,,,D,6800,04,U,44,0,57,2123660,572123660,2,1,3,1,0,0,0,0,0,0,0,998,0,0,0,12,12,6,2,12,0,0,0,1,16,83858,6,1,0,0,3,3,72,170,0,2,1,0,0,11,2010,7,2011,0,89,0,0,0,1,2,25,1,1,2,1,0,0,1,55,1,1,1,83,0,0
16,160092,1,1,2,19,9,18,25,42,0,1,0,16,2,58,33,58033,4,1993,JNKCP01D0PT4,J,N,K,C,P,0,1,D,0,P,T,4,0,P,INFI,G20,4D,93,17,2745,,0,1004,,G,,F,4,122,,,14R195,,,,,,0,0,000000000,00000000000,0,0,0,1,0,0,0,0,0,0,0,55,0,1,5,2,13,6,2,1,0,0,0,1,16,83832,6,1,0,0,3,3,72,150,0,8,0,3,1,10,2008,12,2010,1,28,89,0,0,1,2,55,1,1,2,1,0,0,1,12,1,1,4,6,1,0
16,160093,1,2,2,20,9,15,3,1,0,1,0,16,2,12,3,12003,2,2002,1FAFP40472F1,1,F,A,F,P,4,0,4,7,2,F,1,0,P,FORD,MUS,CP,2,17,3066,,0,1013,,G,,F,6,232,,,16R225,,,,,,0,0,000000000,00000000000,0,0,0,1,0,0,0,0,0,0,0,998,3,9,1,0,13,6,2,12,0,0,0,1,16,83202,6,2,0,0,3,3,64,115,0,0,0,0,0,0,0,0,0,0,28,0,0,0,2,4,75,1,1,2,1,0,0,1,12,1,3,7,98,2,0
16,160093,2,2,1,20,9,15,3,1,0,1,0,16,3,82,881,82881,66,2010,1FUJGEDV0ASA,1,F,U,J,G,E,D,V,0,A,S,A,1,T,FRHT,125,TR,10,17,,8,0,0,CSC,D,,,6,781,,,,,00000,00,,64,1,57,0986027,570986027,3,6,1,1,0,0,0,0,0,0,0,998,0,0,0,12,11,6,2,12,0,0,0,1,16,83336,6,1,6,1,3,0,68,190,0,0,0,0,0,0,0,0,0,0,0,0,0,0,2,2,75,1,1,2,1,0,0,1,54,3,1,1,98,0,0
16,160094,1,1,1,25,9,2,0,21,0,1,0,53,1,37,706,37706,80,1983,1HFSC021XDA3,1,H,F,S,C,0,2,1,X,D,A,3,0,M,HOND,G1I,RS,83,17,,,,,,,1100,,4,,4,686,,,,,,,0,0,000000000,00000000000,0,0,0,1,0,0,0,0,0,0,0,998,0,0,0,12,12,6,2,21,0,0,0,1,53,99208,6,1,0,0,3,3,69,255,0,0,0,0,0,0,0,0,0,0,99,99,99,99,3,2,70,1,1,2,1,0,0,1,13,99,1,4,1,1,0
16,160095,1,2,0,16,9,1,48,12,1,1,0,16,6,20,481,20481,40,1984,1GBHC34W8EV1,1,G,B,H,C,3,4,W,8,E,V,1,0,T,CHEV,C30,CB,84,17,,2,1645,1315,C30,G,,,8,454,,,,D,3840,15,,42,0,0,000000000,00000000000,0,0,0,1,0,0,0,0,0,0,0,0,0,0,0,6,6,2,3,8,0,0,0,0,0,99997,7,6,97,7,6,7,998,997,998,998,998,998,998,98,9998,98,9998,8,20,0,0,0,1,2,50,1,1,2,1,0,0,0,98,0,0,0,42,0,0
16,160095,2,2,1,16,9,1,48,12,1,1,0,16,2,12,481,12481,31,1972,F37YKN41529,F,3,7,Y,K,N,4,1,5,2,9,,0,T,FORD,F35,CB,72,11,,2,1590,1150,COF,G,,,8,360,,,,CD,,,,42,0,0,000000000,00000000000,0,0,0,1,0,0,0,0,0,0,0,998,0,0,0,12,12,6,2,8,0,0,0,1,16,83651,1,1,0,0,2,0,999,999,0,2,0,0,0,6,2011,7,2011,0,84,0,0,0,1,2,50,1,1,2,1,0,0,1,50,1,1,1,42,0,0
16,160096,1,2,1,26,9,8,20,12,6,1,0,16,1,18,20,18020,4,2000,2G4WB55K1Y13,2,G,4,W,B,5,5,K,1,Y,1,3,0,P,BUIC,RLS,4D,0,17,3438,,0,1090,,G,,F,6,231,,,15R215,,,,,,0,0,000000000,00000000000,0,0,0,1,0,0,0,0,0,0,0,998,9,0,0,12,12,6,2,12,0,0,0,1,16,83318,6,1,0,0,3,3,66,232,1,0,0,0,0,8,2010,8,2010,0,39,0,0,0,1,2,55,1,1,2,1,20,3,1,17,1,1,1,86,1,0
16,160096,2,2,1,26,9,8,20,12,6,1,0,16,3,85,881,85881,66,2002,1XKDDB9X72R8,1,X,K,D,D,B,9,X,7,2,R,8,1,T,KW,T80,TR,2,17,,8,2600,1600,CON,D,,,6,893,,,,,00000,00,,64,1,88,888888888,88888888888,3,6,4,1,0,0,0,0,0,0,0,998,0,0,0,2,2,6,2,12,0,0,0,1,16,83318,6,1,6,1,3,3,66,190,0,0,0,1,0,9,2008,9,2008,0,0,0,0,0,1,2,55,1,1,2,1,0,0,1,17,1,1,1,87,0,0
16,160097,1,2,1,27,9,18,40,12,7,1,0,16,3,20,481,20481,31,1996,2GCEK19R3T11,2,G,C,E,K,1,9,R,3,T,1,1,0,T,CHEV,GK1,PC,96,17,,2,1555,1415,GM4,G,,,8,350,,,,B,4495,08,,44,0,0,000000000,00000000000,0,0,0,1,0,0,0,0,0,0,0,998,0,1,1,11,13,6,2,1,0,0,0,1,16,83605,6,1,6,0,3,3,70,230,1,1,0,0,0,12,2008,6,2009,0,58,0,0,0,3,2,75,1,1,2,1,0,0,1,12,8,9,6,48,1,0
16,160097,2,2,3,27,9,18,40,12,7,1,0,16,1,23,421,23421,15,2005,1GKEK13T75J1,1,G,K,E,K,1,3,T,7,5,J,1,0,T,GMC,YUK,4W,5,17,,2,0,1160,YUK,G,,,8,325,,,,B,5192,00,4,44,0,0,000000000,00000000000,0,0,0,1,0,0,0,0,0,0,0,998,0,0,0,8,8,6,2,12,0,0,0,1,16,83623,6,1,0,0,3,0,63,120,0,0,0,0,0,0,0,0,0,0,0,0,0,0,3,2,75,1,1,2,1,0,0,1,60,99,1,1,48,0,0
16,160098,1,1,4,6,9,2,23,33,0,1,0,16,1,7,24,7024,4,2008,2B3LA53H48H3,2,B,3,L,A,5,3,H,4,8,H,3,0,P,DODG,CHR,4D,8,17,4031,,0,1200,,G,,F,8,348,,,18R225,,,,,,0,0,000000000,00000000000,0,0,0,1,0,0,0,0,0,0,0,998,0,0,0,14,11,6,2,35,0,0,0,1,16,83202,6,1,0,0,3,3,60,152,0,0,0,0,0,0,0,0,0,1,28,0,0,0,1,2,30,3,2,2,1,0,0,14,12,1,1,4,6,2,1
16,160099,1,3,1,28,9,17,33,12,7,1,0,18,3,87,881,87881,66,2004,1XP5DB9X24D8,1,X,P,5,D,B,9,X,2,4,D,8,1,T,PTRB,379,TR,4,17,,8,0,0,CON,D,,,6,893,,,,,00000,00,,64,1,57,0054283,570054283,3,6,1,1,0,0,0,0,0,0,0,998,0,0,0,12,12,6,2,12,0,0,1,1,53,99403,6,1,6,1,3,0,66,180,0,0,0,0,0,0,0,0,0,0,84,0,0,0,1,2,65,2,1,2,1,0,0,14,50,1,1,1,44,0,0
16,160099,2,3,2,28,9,17,33,12,7,1,0,16,1,14,37,14037,4,1998,1MEFM6536WK6,1,M,E,F,M,6,5,3,6,W,K,6,0,P,MERC,MSS,4D,98,17,2808,,0,1065,,G,,F,4,121,,,14R185,,,,,,0,0,000000000,00000000000,0,0,0,1,0,0,0,0,0,0,0,998,0,0,0,7,7,6,2,12,0,0,0,1,16,83522,6,1,0,0,3,3,68,155,0,0,0,0,0,0,0,0,0,0,84,0,0,0,1,2,65,2,1,2,1,0,0,2,53,12,1,3,45,0,0
16,160099,3,3,1,28,9,17,33,12,7,1,0,16,1,6,51,6051,4,2002,2C3AE66G72H2,2,C,3,A,E,6,6,G,7,2,H,2,0,P,CHRY,30M,4D,2,17,3484,,0,1130,,G,,F,6,215,,,17R225,,,,,,0,0,000000000,00000000000,0,0,0,1,0,0,0,0,0,0,0,998,3,0,0,8,9,6,2,12,0,0,1,1,16,83530,6,1,0,0,3,3,62,181,0,0,0,0,0,0,0,0,0,0,0,0,0,0,1,2,65,2,1,2,1,0,0,11,60,1,1,2,98,1,0
16,160100,1,1,1,29,9,20,46,1,0,1,0,6,2,13,421,13421,15,1998,5LMRU27LXWLJ,5,L,M,R,U,2,7,L,X,W,L,J,0,P,LINC,NAV,UT,98,17,5150,,0,1190,,G,,F,8,330,,,16R245,,,,,,0,0,000000000,00000000000,0,0,0,1,0,0,0,0,0,0,0,998,0,9,1,0,13,6,2,1,0,0,0,1,6,83332,6,1,0,0,3,3,999,999,0,0,0,0,0,0,0,0,0,9,28,58,0,0,1,2,50,1,1,2,1,0,0,1,9,9,9,6,98,1,1