STATE,ST_CASE,VEH_NO,VE_FORMS,NUMOCCS,DAY,MONTH,HOUR,MINUTE,HARM_EV,MAN_COLL,UNITTYPE,HIT_RUN,REG_STAT,OWNER,MAKE,MODEL,MAK_MOD,BODY_TYP,MOD_YEAR,VIN,VIN_1,VIN_2,VIN_3,VIN_4,VIN_5,VIN_6,VIN_7,VIN_8,VIN_9,VIN_10,VIN_11,VIN_12,TOW_VEH,VINTYPE,VINMAKE,VINA_MOD,VIN_BT,VINMODYR,VIN_LNGT,VIN_WGT,WGTCD_TR,WHLBS_LG,WHLBS_SH,SER_TR,FUELCODE,MCYCL_DS,CARBUR,CYLINDER,DISPLACE,MCYCL_CY,MCYCL_WT,TIRE_SZE,TON_RAT,TRK_WT,TRKWTVAR,VIN_REST,WHLDRWHL,J_KNIFE,MCARR_I1,MCARR_I2,MCARR_ID,GVWR,V_CONFIG,CARGO_BT,HAZ_INV,HAZ_PLAC,HAZ_ID,HAZ_CNO,HAZ_REL,BUS_USE,SPEC_USE,EMER_USE,TRAV_SP,UNDERIDE,ROLLOVER,ROLINLOC,IMPACT1,IMPACT2,DEFORMED,TOWED,M_HARM,VEH_SC1,VEH_SC2,FIRE_EXP,DR_PRES,L_STATE,DR_ZIP,L_STATUS,L_TYPE,CDL_STAT,L_ENDORS,L_COMPL,L_RESTRI,DR_HGT,DR_WGT,PREV_ACC,PREV_SUS,PREV_DWI,PREV_SPD,PREV_OTH,FIRST_MO,FIRST_YR,LAST_MO,LAST_YR,SPEEDREL,DR_SF1,DR_SF2,DR_SF3,DR_SF4,VTRAFWAY,VNUM_LAN,VSPD_LIM,VALIGN,VPROFILE,VPAVETYP,VSURCOND,VTRAFCON,VTCONT_F,P_CRASH1,P_CRASH2,P_CRASH3,PCRASH4,PCRASH5,ACC_TYPE,DEATHS,DR_DRINK
16,160101,1,1,1,22,9,20,40,33,0,1,0,16,1,14,17,14017,4,2002,1MEFM50U12G6,1,M,E,F,M,5,0,U,1,2,G,6,0,P,MERC,SGP,4D,2,17,3379,,0,1085,,G,,F,6,182,,,16R215,,,,,,0,0,000000000,00000000000,0,0,0,1,0,0,0,0,0,0,0,998,0,0,0,14,14,6,2,26,0,0,0,1,16,83713,6,1,0,0,3,3,64,165,0,0,0,0,0,0,0,0,0,0,0,0,0,0,4,4,35,1,1,2,1,2,3,1,13,1,1,4,1,1,0
16,160102,1,1,1,30,9,16,30,8,0,1,1,99,9,12,999,12999,99,9999,999999999999,9,9,9,9,9,9,9,9,9,9,9,9,0,,,,,,,,,,,,,,,,,,,,,,,,,0,0,000000000,00000000000,0,0,0,1,0,0,0,0,0,99,9,998,0,0,0,12,12,9,9,8,99,99,0,1,99,99999,9,9,99,9,9,9,999,999,99,99,99,99,99,99,9999,99,9999,9,99,99,99,99,1,2,60,1,3,2,99,0,0,1,80,99,9,9,13,0,0
16,160103,1,2,1,24,9,16,5,12,6,1,0,16,1,35,471,35471,30,1997,1N6SD16Y3VC3,1,N,6,S,D,1,6,Y,3,V,C,3,0,T,NISS,KSX,PC,97,17,,1,0,1161,TRK,G,,,4,146,,,,B,3453,01,M,44,0,0,000000000,00000000000,0,0,0,1,0,0,0,0,0,0,0,998,0,0,0,9,9,6,2,12,0,0,0,1,16,83676,6,1,0,0,3,0,67,150,0,1,0,0,1,4,2009,5,2009,0,39,0,0,0,1,2,45,1,1,2,1,20,3,1,17,1,1,1,89,1,0
16,160103,2,2,1,24,9,16,5,12,6,1,0,16,1,12,442,12442,20,2003,2FMZA534X3BB,2,F,M,Z,A,5,3,4,X,3,B,B,0,T,FORD,WSL,ES,3,17,,1,0,1207,WIN,G,,,6,232,,,,B,3762,00,E,42,0,0,000000000,00000000000,0,0,0,1,0,0,0,0,0,0,0,998,0,0,0,12,12,6,2,12,0,0,0,1,16,83628,6,1,0,0,3,3,68,163,0,0,0,2,0,2,2010,7,2011,0,0,0,0,0,1,2,50,1,1,2,1,0,0,1,55,1,1,1,88,0,0
16,160104,1,1,1,30,9,16,27,1,0,1,0,16,1,53,706,53706,80,2007,JS1VT53A8721,J,S,1,V,T,5,3,A,8,7,2,1,0,M,SUZI,DL1,RS,7,17,,,,,,,996,,2,,4,458,,,,,,,0,0,000000000,00000000000,0,0,0,1,0,0,0,0,0,0,0,998,0,0,0,0,12,4,3,1,0,0,0,1,16,83651,6,1,0,0,3,3,72,250,0,0,0,0,0,0,0,0,0,1,28,0,0,0,1,2,55,3,1,2,1,0,0,14,12,1,1,4,6,1,1
16,160105,1,2,2,2,10,9,50,12,6,1,0,16,1,12,17,12017,4,2005,1FAFP53U55A1,1,F,A,F,P,5,3,U,5,5,A,1,0,P,FORD,TSE,4D,5,17,3306,,0,1085,,G,,F,6,182,,,16R215,,,,,,0,0,000000000,00000000000,0,0,0,1,0,0,0,0,0,0,0,998,0,0,0,10,10,6,2,12,0,0,0,1,16,83318,6,1,0,0,3,3,63,140,0,0,0,0,0,0,0,0,0,0,39,38,0,0,1,2,98,1,1,2,1,20,3,11,15,1,1,2,82,1,0
16,160105,2,2,1,2,10,9,50,12,6,1,0,16,1,7,482,7482,31,2006,1D7HU18226S5,1,D,7,H,U,1,8,2,2,6,S,5,0,T,DODG,SQ1,CW,6,17,,2,1605,1405,RPC,G,,,8,348,,,,B,5233,02,E,44,0,0,000000000,00000000000,0,0,0,1,0,0,0,0,0,0,0,998,0,0,0,12,12,4,3,12,0,0,0,1,16,83318,6,1,0,0,3,0,70,165,0,0,0,3,0,2,2011,7,2011,0,0,0,0,0,5,4,55,1,1,2,1,0,0,1,72,11,1,2,83,0,0
16,160106,1,1,2,1,10,21,16,11,0,1,0,30,3,98,809,98809,66,2007,2FWJAZCV47AZ,2,F,W,J,A,Z,C,V,4,7,A,Z,2,T,STRG,LT9,TR,7,17,,8,0,0,STE,D,,,6,782,,,,,00000,00,,64,1,57,179858,57179858,3,7,4,1,0,0,0,0,0,0,0,998,0,1,6,12,13,6,2,42,0,0,1,1,16,83336,6,1,6,1,3,3,69,210,0,0,0,0,0,0,0,0,0,0,83,0,0,0,1,2,65,1,1,2,1,0,0,1,87,9,1,1,13,2,0
16,160107,1,1,1,4,10,13,40,38,0,1,0,16,1,12,481,12481,31,2009,1FTSW21RX9EB,1,F,T,S,W,2,1,R,X,9,E,B,0,T,FORD,F2S,CW,9,17,,2,1720,1560,SRW,D,,,8,390,,,,B,6523,01,E,44,0,0,000000000,00000000000,0,0,0,1,0,0,0,0,0,0,0,998,0,1,6,10,13,6,2,1,0,0,0,1,16,83316,6,1,0,0,3,0,74,230,0,0,0,0,0,0,0,0,0,0,28,58,0,0,1,2,55,2,1,2,1,0,0,14,12,9,2,4,2,1,1
16,160108,1,1,1,14,8,3,30,35,0,1,0,16,2,21,20,21020,4,1992,1G3WH54TXND3,1,G,3,W,H,5,4,T,X,N,D,3,0,P,OLDS,SUS,4D,92,17,3004,,0,1075,,G,,F,6,191,,,15R205,,,,,,0,0,000000000,00000000000,0,0,0,1,0,0,0,0,0,0,0,998,0,0,0,12,12,4,3,3,0,0,0,1,16,83605,6,1,0,0,3,0,67,123,1,0,0,0,1,6,2009,6,2009,0,28,39,0,0,1,2,35,1,1,2,1,20,3,1,14,1,1,4,14,1,1
16,160109,1,1,3,29,10,2,16,35,0,1,0,16,2,49,401,49401,14,1993,JT3VN39W8P01,J,T,3,V,N,3,9,W,8,P,0,1,0,P,TOYT,RUN,UT,93,17,4085,,0,1033,,G,,F,6,180,,,000000,,,,,,0,0,000000000,00000000000,0,0,0,1,0,0,0,0,0,0,0,998,0,1,5,14,13,6,2,1,0,0,0,1,16,83536,6,1,0,0,3,0,75,315,0,1,1,0,1,12,2009,7,2011,1,0,0,0,0,1,2,55,3,2,2,1,0,0,14,12,99,1,4,6,1,1
16,160110,1,1,3,10,10,5,37,43,0,1,0,16,2,37,31,37031,2,1995,2HGEJ2123SH5,2,H,G,E,J,2,1,2,3,S,H,5,0,P,HOND,CID,CP,95,17,2168,,0,1032,,G,,F,4,091,,,13R175,,,,,,0,0,000000000,00000000000,0,0,0,1,0,0,0,0,0,0,0,998,0,1,6,1,13,6,2,1,0,0,0,1,16,83702,6,1,0,0,3,0,72,140,0,2,0,0,0,10,2008,4,2009,1,28,58,0,0,1,2,35,3,1,2,1,0,0,14,12,8,4,4,7,1,1
16,160111,1,1,1,16,10,0,18,35,0,1,0,53,2,49,40,49040,4,2003,4T1BF32K53U0,4,T,1,B,F,3,2,K,5,3,U,0,0,P,TOYT,UXS,4D,3,17,3203,,0,1071,,G,,F,6,183,,,15R205,,,,,,0,0,000000000,00000000000,0,0,0,1,0,0,0,0,0,0,0,998,0,1,6,14,13,6,2,42,0,0,0,1,53,98092,6,1,0,0,3,0,71,180,0,0,0,0,1,12,2008,12,2008,1,28,58,0,0,5,2,45,3,1,2,1,0,0,14,12,99,4,4,7,1,1
16,160112,1,2,1,16,10,12,57,12,6,1,0,41,1,30,40,30040,4,2000,3VWSD29M9YM1,3,V,W,S,D,2,9,M,9,Y,M,1,0,P,VOLK,JGS,4D,0,17,2848,,0,989,,G,,T,4,109,,,15R195,,,,,,0,0,000000000,00000000000,0,0,0,1,0,0,0,0,0,0,0,998,0,0,0,4,4,6,2,12,0,0,0,1,41,83316,6,1,0,0,3,3,63,115,0,0,0,0,0,0,0,0,0,0,48,0,0,0,1,2,35,1,2,2,1,0,0,11,15,99,1,2,68,0,0
16,160112,2,2,1,16,10,12,57,12,6,1,0,16,1,76,706,76706,80,2002,JYAVP07E02A0,J,Y,A,V,P,0,7,E,0,2,A,0,0,M,YAMA,X6T,RS,2,17,,,,,,,1602,,2,,4,710,,,,,,,0,0,000000000,00000000000,0,0,0,1,0,0,0,0,0,0,0,998,0,0,0,12,2,6,2,12,0,0,0,1,16,83316,6,1,6,0,3,0,74,210,0,0,0,1,0,3,2011,3,2011,0,0,0,0,0,1,2,35,1,2,2,1,0,0,1,62,3,1,1,69,1,0
16,160113,1,2,1,18,10,17,35,12,6,1,0,16,1,2,402,2402,14,1983,1JCCM87A2DT0,1,J,C,C,M,8,7,A,2,D,T,0,0,P,AMER,JEE,UT,83,17,0,,0,935,,G,,2,6,258,,,000000,,,,,,0,0,000000000,00000000000,0,0,0,1,0,0,0,0,0,0,0,998,0,1,2,10,10,6,2,12,0,0,0,1,16,83655,6,1,0,0,3,0,77,260,0,0,0,0,0,0,0,0,0,0,0,0,0,0,1,2,55,1,1,2,1,0,0,11,53,99,1,2,72,1,1
16,160113,2,2,1,18,10,17,35,12,6,1,0,16,3,12,16,12016,4,2004,2FAHP71W94X1,2,F,A,H,P,7,1,W,9,4,X,1,0,P,FORD,CVP,4D,4,17,0,,0,1147,,G,,F,8,281,,,000000,,,,,,0,0,000000000,00000000000,0,0,0,1,0,0,0,0,0,5,1,115,0,0,0,1,1,6,2,12,0,0,0,1,16,83642,6,1,0,0,3,3,70,205,0,0,0,0,0,0,0,0,0,1,16,28,51,0,1,2,55,1,1,2,1,0,0,6,52,6,1,2,73,0,0
16,160114,1,1,1,20,10,13,14,59,0,1,0,16,1,34,705,34705,80,2010,WB1017906AZW,W,B,1,0,1,7,9,0,6,A,Z,W,0,M,BMW,G6S,EN,10,17,,,,,,,652,,1,,4,387,,,,,,,0,0,000000000,00000000000,0,0,0,1,0,0,0,0,0,0,0,998,0,0,0,12,12,6,2,59,0,0,0,1,16,83647,6,1,0,0,3,0,71,250,0,0,0,0,0,0,0,0,0,0,0,0,0,0,1,2,45,3,1,2,1,0,0,14,13,99,1,4,1,1,0
16,160115,1,1,2,20,10,23,14,1,0,1,0,16,1,20,481,20481,31,2005,1GCEK19V75Z1,1,G,C,E,K,1,9,V,7,5,Z,1,0,T,CHEV,SK1,4C,5,17,,2,1575,1435,SIL,G,,,8,293,,,,B,4661,00,,44,0,0,000000000,00000000000,0,0,0,1,0,0,0,0,0,0,0,998,0,9,2,0,13,6,2,1,0,0,0,1,16,83442,1,1,0,0,2,3,70,185,0,4,0,1,0,11,2009,9,2011,1,28,58,0,0,1,2,50,3,2,2,1,0,0,14,10,8,9,4,7,1,0
16,160116,1,4,1,22,10,15,24,12,8,1,0,16,1,12,481,12481,31,2001,1FTNW21F21EC,1,F,T,N,W,2,1,F,2,1,E,C,0,T,FORD,F2S,CW,1,17,,2,1724,1562,SRW,D,,,8,444,,,,C,5932,07,E,44,0,0,000000000,00000000000,0,0,0,1,0,0,0,0,0,0,0,998,0,0,0,11,12,6,2,12,0,0,0,1,16,83204,6,1,0,0,3,3,70,175,0,0,0,0,0,0,0,0,0,0,28,51,0,0,1,2,45,1,1,2,1,0,0,1,10,99,1,2,64,0,0
16,160116,2,4,4,22,10,15,24,12,8,1,0,16,1,7,442,7442,20,2003,1D4GP24R73B3,1,D,4,G,P,2,4,R,7,3,B,3,0,T,DODG,GCS,ES,3,17,,1,0,1193,CAR,G,,,6,201,,,,,3877,01,E,42,0,0,000000000,00000000000,0,0,0,1,0,0,0,0,0,0,0,998,0,0,0,11,12,6,2,12,0,0,0,1,16,83202,6,1,0,0,3,3,62,140,0,0,0,0,0,0,0,0,0,0,0,0,0,0,1,2,45,1,1,2,1,0,0,1,62,99,1,1,65,1,0
16,160116,3,4,3,22,10,15,24,12,8,1,0,16,3,12,481,12481,31,2005,1FDSX21P75EC,1,F,D,S,X,2,1,P,7,5,E,C,0,T,FORD,F2S,4C,5,17,,2,1580,1418,SRW,D,,,8,366,,,,C,6299,00,U,44,0,0,000000000,00000000000,0,0,0,1,0,0,0,0,0,0,0,998,0,0,0,10,9,6,2,12,0,0,0,1,16,83201,6,1,6,0,3,3,68,160,0,0,0,1,0,10,2009,10,2009,0,0,0,0,0,1,2,45,1,1,2,1,0,0,1,62,99,1,1,98,0,0
16,160116,4,4,1,22,10,15,24,12,8,1,0,16,1,22,18,22018,4,1999,1G2NE52TXXC5,1,G,2,N,E,5,2,T,X,X,C,5,0,P,PONT,GAS,4D,99,17,3102,,0,1071,,G,,F,4,146,,,15R215,,,,,,0,0,000000000,00000000000,0,0,0,1,0,0,0,0,0,0,0,998,0,0,0,12,12,4,3,12,0,0,0,1,16,83703,6,1,0,0,3,0,63,170,0,0,0,0,0,0,0,0,0,0,0,0,0,0,1,2,45,1,1,2,1,0,0,1,62,99,1,2,98,0,0
16,160117,1,1,1,6,10,99,99,35,0,1,0,49,1,2,403,2403,14,1992,2J4FY19P7NJ5,2,J,4,F,Y,1,9,P,7,N,J,5,0,T,JEEP,W/S,2W,92,17,,1,0,934,W/Y,G,,,4,150,,,,,2935,01,A,44,0,0,000000000,00000000000,0,0,0,1,0,0,0,0,0,0,0,998,0,1,5,9,13,6,2,1,0,0,0,1,49,84310,6,1,0,0,3,9,999,999,98,0,0,0,0,0,0,0,0,0,28,0,0,0,1,2,98,1,2,5,3,0,0,1,12,99,9,4,6,1,1
16,160118,1,2,1,29,10,14,22,12,8,1,0,16,1,73,734,73734,90,2006,JKAVFDA126B5,J,K,A,V,F,D,A,1,2,6,B,5,0,M,KAWK,F75,AT,6,17,,,,,,,749,,2,,4,604,,,,,,,0,0,000000000,00000000000,0,0,0,1,0,0,0,0,0,0,0,998,0,0,0,11,11,6,2,12,0,0,0,1,16,83686,6,1,0,0,3,0,76,240,0,0,0,0,0,0,0,0,0,0,28,0,0,0,1,2,35,1,2,2,1,0,0,1,10,99,1,2,64,1,0
16,160118,2,2,1,29,10,14,22,12,8,1,0,16,1,23,481,23481,31,2000,1GTEK14T0YE4,1,G,T,E,K,1,4,T,0,Y,E,4,1,T,GMC,NK1,PK,0,17,,2,1330,1190,SIE,G,,,8,325,,,,B,4248,02,U,44,1,0,000000000,00000000000,0,0,0,1,0,0,0,0,0,0,0,998,0,0,0,10,9,6,2,12,0,0,0,1,16,83641,6,1,0,0,3,0,72,200,0,0,0,0,0,0,0,0,0,1,51,0,0,0,1,2,35,1,2,2,1,0,0,1,54,99,1,2,65,0,0
16,160119,1,1,4,30,10,19,2,1,0,1,0,16,2,20,481,20481,31,1995,2GCFK29S7S11,2,G,C,F,K,2,9,S,7,S,1,1,0,T,CHEV,GK2,PC,95,17,,2,1555,1415,GM4,D,,,8,397,,,,C,00000,00,,44,0,0,000000000,00000000000,0,0,0,1,0,0,0,0,0,0,0,998,0,9,5,0,13,6,2,1,0,0,0,1,16,83211,6,1,0,0,3,0,71,160,0,1,0,0,0,8,2011,8,2011,0,58,0,0,0,1,2,55,1,2,4,1,0,0,1,13,9,4,4,2,1,1
16,160120,1,1,5,8,10,20,40,5,0,1,0,16,1,20,481,20481,31,2001,2GCEC19T5113,2,G,C,E,C,1,9,T,5,1,1,3,0,T,CHEV,SC1,4C,1,17,,2,1575,1435,SIL,G,,,8,325,,,,B,4413,00,,42,0,0,000000000,00000000000,0,0,0,1,0,0,0,0,0,0,0,5,0,0,0,0,0,0,1,5,0,0,0,1,16,83641,6,1,0,0,3,3,64,110,0,0,0,0,0,0,0,0,0,0,21,82,0,0,1,2,98,1,1,4,1,0,0,1,98,99,1,1,0,1,0
16,160121,1,1,1,29,10,6,30,35,0,1,0,16,1,98,739,98739,90,2006,4XAMN50A26A9,4,X,A,M,N,5,0,A,2,6,A,9,0,M,POLS,SP0,AT,6,17,,,,,,,499,,1,,4,0000,,,,,,,0,0,000000000,00000000000,0,0,0,1,0,0,0,0,0,0,0,998,0,1,5,12,12,2,3,1,0,0,0,1,16,83815,6,1,0,0,3,0,74,370,0,0,0,0,1,8,2010,8,2010,0,28,51,0,0,1,2,25,1,2,5,2,0,0,1,12,8,1,4,6,1,0
16,160122,1,1,1,13,10,99,99,35,0,1,0,16,1,37,706,37706,80,2001,1HFSC18061A5,1,H,F,S,C,1,8,0,6,1,A,5,0,M,HOND,VT1,RS,1,17,,,,,,,1099,,2,,4,554,,,,,,,0,0,000000000,00000000000,0,0,0,1,0,0,0,0,0,0,0,998,0,0,0,12,12,6,2,1,0,0,0,1,16,83628,6,1,0,0,3,0,71,190,0,1,1,1,0,6,2010,2,2011,0,0,0,0,0,1,2,65,3,2,2,1,0,0,14,99,99,9,4,1,1,1
16,160123,1,1,1,13,10,12,59,1,0,1,0,30,1,42,42,42042,4,1997,WDBHA23E0VF6,W,D,B,H,A,2,3,E,0,V,F,6,0,P,MERZ,C23,4D,97,17,3095,,0,1059,,G,,F,4,140,,,15R195,,,,,,0,0,000000000,00000000000,0,0,0,1,0,0,0,0,0,0,0,998,0,9,6,0,13,6,2,1,0,0,0,1,30,59701,6,1,0,0,3,3,64,142,98,0,0,0,0,0,0,0,0,0,58,0,0,0,1,2,65,1,1,2,1,0,0,1,13,6,9,4,1,1,0
16,160124,1,1,1,2,11,5,58,42,0,1,0,16,1,49,471,49471,30,1984,JT4RN65S2E50,J,T,4,R,N,6,5,S,2,E,5,0,0,T,TOYT,65S,PK,84,17,,1,0,1122,44P,G,,,4,144,,,,,2916,01,,44,0,0,000000000,00000000000,0,0,0,1,0,0,0,0,0,0,0,998,0,1,6,11,11,6,2,42,0,0,0,1,16,83501,6,1,0,0,3,0,69,230,0,0,0,0,0,0,0,0,0,0,28,0,0,0,1,2,25,2,1,2,1,0,0,14,12,99,9,4,6,1,0
16,160125,1,3,2,4,11,13,37,12,8,1,0,16,2,20,34,20034,3,1989,JG1MR2165KK7,J,G,1,M,R,2,1,6,5,K,K,7,0,P,GEO,GMS,2H,89,17,0,,923,884,,G,,F,3,061,,,000000,,,,,,0,0,000000000,00000000000,0,0,0,1,0,0,0,0,0,0,0,998,0,0,0,11,12,6,2,12,0,0,0,1,16,83263,6,1,0,0,3,3,65,145,0,0,0,1,0,8,2009,8,2009,0,28,51,0,0,2,2,65,1,1,2,1,0,0,1,10,99,9,2,64,1,0
16,160125,2,3,1,4,11,13,37,12,8,1,0,16,2,23,481,23481,31,1994,1GTGK29F9RE5,1,G,T,G,K,2,9,F,9,R,E,5,0,T,GMC,SK2,PC,94,17,,2,1555,1415,SIE,D,,,8,397,,,,C,00000,00,A,44,0,0,000000000,00000000000,0,0,0,1,0,0,0,0,0,0,0,998,0,0,0,11,12,6,2,12,0,0,0,1,16,83237,6,1,0,0,3,0,69,130,0,0,0,0,0,0,0,0,0,0,0,0,0,0,2,2,65,1,1,2,1,0,0,1,62,99,1,1,65,0,0
16,160125,3,3,1,4,11,13,37,12,8,1,0,16,3,20,471,20471,30,1997,1GCDT14XXV81,1,G,C,D,T,1,4,X,X,V,8,1,0,T,CHEV,S14,PK,97,17,,1,1179,1083,S,G,,,6,262,,,,B,00000,00,,44,0,0,000000000,00000000000,0,0,0,1,0,0,0,0,0,0,0,998,0,0,0,11,11,6,2,12,0,0,0,1,16,83263,6,1,0,0,3,0,72,145,0,0,0,0,0,0,0,0,0,0,0,0,0,0,2,2,65,1,1,2,1,0,0,1,62,99,1,1,98,0,0
16,160126,1,2,1,5,11,9,31,12,8,1,0,16,2,20,481,20481,31,1993,2GCEK19KXP11,2,G,C,E,K,1,9,K,X,P,1,1,0,T,CHEV,GK1,PC,93,17,,2,1555,1415,GM4,G,,,8,350,,,,B,4401,05,,44,0,0,000000000,00000000000,0,0,0,1,0,0,0,0,0,0,0,998,0,0,0,11,11,6,2,12,0,0,0,1,16,83611,6,1,0,0,3,9,999,999,99,99,99,99,99,99,9999,99,9999,1,28,0,0,0,1,2,65,1,1,2,4,0,0,1,6,99,9,2,64,0,0
16,160126,2,2,2,5,11,9,31,12,8,1,0,16,3,12,442,12442,20,2000,2FMDA5148YBA,2,F,M,D,A,5,1,4,8,Y,B,A,0,T,FORD,WLX,ES,0,17,,1,0,1207,WIN,G,,,6,232,,,,B,3910,00,E,42,0,0,000000000,00000000000,0,0,0,1,0,0,0,0,0,0,0,998,0,0,0,11,11,6,2,12,0,0,0,1,16,83539,6,1,0,0,3,0,74,200,0,0,0,2,0,2,2009,3,2009,0,89,0,0,0,1,2,65,1,1,2,4,0,0,1,62,99,1,1,65,1,0
16,160127,1,1,1,7,11,21,28,52,0,1,0,16,2,20,481,20481,31,1994,2GCEK19K9R11,2,G,C,E,K,1,9,K,9,R,1,1,0,T,CHEV,GK1,PC,94,17,,2,1555,1415,GM4,G,,,8,350,,,,B,4032,00,,44,0,0,000000000,00000000000,0,0,0,1,0,0,0,0,0,0,0,998,0,1,6,1,13,6,2,1,0,0,0,1,16,83845,6,1,6,0,3,0,74,195,0,0,0,0,0,0,0,0,0,0,28,0,0,0,1,2,60,3,2,2,1,0,0,14,12,99,9,4,6,1,1
16,160128,1,2,1,5,11,19,14,12,6,1,0,16,1,37,32,37032,4,2009,1HGCP26489A0,1,H,G,C,P,2,6,4,8,9,A,0,0,P,HOND,LXP,4D,9,17,3236,,0,1102,,G,,F,4,146,,,16R215,,,,,,0,0,000000000,00000000000,0,0,0,1,0,0,0,0,0,0,0,998,0,0,0,12,12,6,2,12,0,0,0,1,16,83274,6,1,0,0,3,0,66,180,0,0,0,0,0,0,0,0,0,0,0,0,0,0,1,2,50,1,1,2,4,0,0,1,62,2,1,1,66,0,0
16,160128,2,2,2,5,11,19,14,12,6,1,0,16,2,12,13,12013,3,1996,3FASP11J8TR1,3,F,A,S,P,1,1,J,8,T,R,1,0,P,FORD,LXE,2H,96,17,2356,,0,984,,G,,F,4,113,,,14R175,,,,,,0,0,000000000,00000000000,0,0,0,1,0,0,0,0,0,0,0,998,0,1,5,3,3,6,2,12,0,0,0,1,16,83402,6,1,0,0,3,0,65,210,0,0,0,0,0,0,0,0,0,1,28,87,0,0,1,2,50,1,1,2,4,0,0,1,5,99,1,2,66,1,0
16,160129,1,1,6,12,11,3,30,35,0,1,0,16,2,23,481,23481,31,1997,1GTEK19R9VE5,1,G,T,E,K,1,9,R,9,V,E,5,0,T,GMC,SK1,PC,97,17,,2,1555,1415,SIE,G,,,8,350,,,,B,00000,00,E,44,0,0,000000000,00000000000,0,0,0,1,0,0,0,0,0,0,0,998,0,1,5,11,13,6,2,1,0,0,0,1,16,83445,6,2,0,0,3,0,69,160,0,2,0,3,1,1,2010,5,2011,1,0,0,0,0,1,2,25,3,1,2,3,0,0,14,6,99,9,4,6,2,1
16,160130,1,1,1,12,11,12,56,35,0,1,0,16,1,7,472,7472,30,1993,1B7GG23X0PS2,1,B,7,G,G,2,3,X,0,P,S,2,0,T,DODG,DAK,PC,93,17,,1,0,1309,DAK,G,,,6,239,,,,B,3829,01,A,44,0,0,000000000,00000000000,0,0,0,1,0,0,0,0,0,0,0,998,0,0,0,3,3,6,2,30,0,0,0,1,16,83402,6,1,0,0,3,0,69,155,0,0,0,0,0,0,0,0,0,1,99,99,99,99,1,2,25,1,1,2,2,0,0,1,13,99,1,4,1,1,0
16,160131,1,1,1,8,11,19,35,1,0,1,0,16,1,18,7,18007,4,1998,2G4WS52MXW14,2,G,4,W,S,5,2,M,X,W,1,4,0,P,BUIC,CCU,4D,98,17,3255,,0,1090,,G,,F,6,191,,,15R205,,,,,,0,0,000000000,00000000000,0,0,0,1,0,0,0,0,0,0,0,998,0,9,6,0,13,6,2,1,0,0,0,1,16,83334,0,0,0,0,0,0,999,999,99,99,99,99,99,99,9999,99,9999,0,58,0,0,0,1,2,50,1,1,2,1,0,0,1,12,99,1,4,6,1,1
16,160132,1,1,1,7,11,14,20,1,0,1,0,92,0,99,739,99739,90,1991,000000000000,0,0,0,0,0,0,0,0,0,0,0,0,0,,,,,,,,,,,,,,,,,,,,,,,,,0,0,000000000,00000000000,0,0,0,1,0,0,0,0,0,0,0,998,0,9,1,0,4,2,1,1,0,0,0,1,16,83672,6,1,0,0,3,0,66,165,0,0,0,0,0,0,0,0,0,0,83,0,0,0,1,2,55,1,1,2,1,0,0,1,87,6,1,2,98,1,0
16,160133,1,1,1,16,11,17,28,8,0,1,0,16,1,20,401,20401,14,1989,1GNCT18Z1K82,1,G,N,C,T,1,8,Z,1,K,8,2,0,P,CHEV,S10,UT,89,17,3261,,0,1005,,G,,F,6,262,,,000000,,,,,,0,0,000000000,00000000000,0,0,0,1,0,0,0,0,0,0,0,998,0,0,0,12,12,4,3,8,0,0,0,1,16,83201,6,1,0,0,3,0,68,240,0,1,0,0,0,3,2009,3,2009,0,24,0,0,0,5,4,45,1,1,2,1,0,0,1,80,99,1,1,13,0,0
16,160134,1,2,2,19,11,11,7,12,8,1,0,16,2,49,40,49040,4,2006,4T1BE30K06U1,4,T,1,B,E,3,0,K,0,6,U,1,0,P,TOYT,UXS,4D,6,17,3108,,0,1071,,G,,F,4,144,,,15R205,,,,,,0,0,000000000,00000000000,0,0,0,1,0,0,0,0,0,0,0,998,0,0,0,3,3,6,2,12,0,0,0,1,16,83334,6,1,0,0,3,3,70,140,0,0,0,0,0,0,0,0,0,1,28,0,0,0,1,2,55,2,2,2,10,0,0,14,6,99,4,2,66,1,0
16,160134,2,2,2,19,11,11,7,12,8,1,0,16,1,12,481,12481,31,2003,1FTSW31F93EB,1,F,T,S,W,3,1,F,9,3,E,B,0,T,FORD,F3S,CW,3,17,,2,1724,1562,SRW,D,,,8,444,,,,D,6267,00,E,44,0,0,000000000,00000000000,0,0,0,1,0,0,0,0,0,0,0,998,0,0,0,11,12,6,2,12,0,0,0,1,16,83705,6,1,0,0,3,0,72,200,0,0,0,0,0,0,0,0,0,1,84,0,0,0,1,2,55,3,2,2,10,0,0,14,62,7,1,1,66,0,0
16,160135,1,1,2,19,11,17,54,35,0,1,0,16,1,49,471,49471,30,1989,JT4RN01P6K40,J,T,4,R,N,0,1,P,6,K,4,0,0,T,TOYT,SWD,PK,89,17,,1,0,1030,HTP,G,,,4,144,,,,B,00000,00,A,44,0,0,000000000,00000000000,0,0,0,1,0,0,0,0,0,0,0,998,0,1,6,14,13,6,2,1,0,0,0,1,16,83333,6,1,0,0,3,0,71,165,0,0,0,0,0,0,0,0,0,1,0,0,0,0,1,2,25,2,2,4,3,0,0,14,12,99,9,4,6,1,1