STATE,ST_CASE,VEH_NO,VE_FORMS,NUMOCCS,DAY,MONTH,HOUR,MINUTE,HARM_EV,MAN_COLL,UNITTYPE,HIT_RUN,REG_STAT,OWNER,MAKE,MODEL,MAK_MOD,BODY_TYP,MOD_YEAR,VIN,VIN_1,VIN_2,VIN_3,VIN_4,VIN_5,VIN_6,VIN_7,VIN_8,VIN_9,VIN_10,VIN_11,VIN_12,TOW_VEH,VINTYPE,VINMAKE,VINA_MOD,VIN_BT,VINMODYR,VIN_LNGT,VIN_WGT,WGTCD_TR,WHLBS_LG,WHLBS_SH,SER_TR,FUELCODE,MCYCL_DS,CARBUR,CYLINDER,DISPLACE,MCYCL_CY,MCYCL_WT,TIRE_SZE,TON_RAT,TRK_WT,TRKWTVAR,VIN_REST,WHLDRWHL,J_KNIFE,MCARR_I1,MCARR_I2,MCARR_ID,GVWR,V_CONFIG,CARGO_BT,HAZ_INV,HAZ_PLAC,HAZ_ID,HAZ_CNO,HAZ_REL,BUS_USE,SPEC_USE,EMER_USE,TRAV_SP,UNDERIDE,ROLLOVER,ROLINLOC,IMPACT1,IMPACT2,DEFORMED,TOWED,M_HARM,VEH_SC1,VEH_SC2,FIRE_EXP,DR_PRES,L_STATE,DR_ZIP,L_STATUS,L_TYPE,CDL_STAT,L_ENDORS,L_COMPL,L_RESTRI,DR_HGT,DR_WGT,PREV_ACC,PREV_SUS,PREV_DWI,PREV_SPD,PREV_OTH,FIRST_MO,FIRST_YR,LAST_MO,LAST_YR,SPEEDREL,DR_SF1,DR_SF2,DR_SF3,DR_SF4,VTRAFWAY,VNUM_LAN,VSPD_LIM,VALIGN,VPROFILE,VPAVETYP,VSURCOND,VTRAFCON,VTCONT_F,P_CRASH1,P_CRASH2,P_CRASH3,PCRASH4,PCRASH5,ACC_TYPE,DEATHS,DR_DRINK
16,160136,1,1,1,18,11,17,15,8,0,1,0,16,1,7,402,7402,14,1999,1B4HS28Z6XF5,1,B,4,H,S,2,8,Z,6,X,F,5,0,P,DODG,DUR,UT,99,17,4397,,0,1159,,G,,F,8,360,,,15R235,,,,,,0,0,000000000,00000000000,0,0,0,1,0,0,0,0,0,0,0,998,0,0,0,12,12,0,1,8,0,0,0,1,16,83501,6,1,0,0,3,0,66,120,0,0,0,0,0,0,0,0,0,0,86,0,0,0,2,4,25,1,1,2,2,2,3,11,80,4,1,1,13,0,0
16,160137,1,2,1,21,11,7,48,12,2,1,0,16,2,35,443,35443,20,1996,4N2DN11W7TD8,4,N,2,D,N,1,1,W,7,T,D,8,0,P,NISS,QST,SV,96,17,3745,,0,1122,,G,,F,6,181,,,15R205,,,,,,0,0,000000000,00000000000,0,0,0,1,0,0,0,0,0,0,0,998,0,0,0,12,12,6,2,12,0,0,0,1,16,83544,6,1,0,0,3,0,63,205,0,0,0,0,0,0,0,0,0,0,28,0,0,0,1,2,65,2,1,2,1,0,0,14,10,3,2,2,50,1,0
16,160137,2,2,1,21,11,7,48,12,2,1,0,16,3,7,482,7482,31,2001,3B7KF23611G7,3,B,7,K,F,2,3,6,1,1,G,7,1,T,DODG,Q25,4C,1,17,,2,1547,1387,RPC,D,,,6,359,,,,C,5586,01,U,44,1,0,000000000,00000000000,0,0,0,1,0,0,0,0,0,0,0,998,0,0,0,12,12,6,2,12,0,0,0,1,16,83536,6,1,0,0,3,0,73,200,0,1,0,1,0,1,2010,8,2010,0,0,0,0,0,1,2,65,3,1,2,1,0,0,14,62,99,1,1,51,0,0
16,160138,1,2,2,17,11,7,40,12,6,1,0,16,2,55,37,55037,2,2003,KMHHM65D23U0,K,M,H,H,M,6,5,D,2,3,U,0,0,P,HYUN,TIB,CP,3,17,2940,,0,996,,G,,F,4,121,,,16R205,,,,,,0,0,000000000,00000000000,0,0,0,1,0,0,0,0,0,0,0,998,0,0,0,12,12,6,2,12,0,0,0,1,16,83336,0,0,0,0,0,0,999,999,99,99,99,99,99,99,9999,99,9999,0,92,0,0,0,1,2,55,1,1,2,1,0,0,1,66,1,1,1,88,0,0
16,160138,2,2,1,17,11,7,40,12,6,1,0,16,3,7,472,7472,30,2003,1D7HG48X63S1,1,D,7,H,G,4,8,X,6,3,S,1,0,T,DODG,DQS,CW,3,17,,2,0,1309,DAK,G,,,6,239,,,,B,4359,00,E,44,0,0,000000000,00000000000,0,0,0,1,0,0,0,0,0,0,0,998,0,0,0,10,10,6,2,12,0,0,0,1,16,83336,6,1,0,0,3,3,71,170,0,0,0,0,0,0,0,0,0,0,38,0,0,0,1,2,55,1,1,2,1,20,3,1,55,99,1,1,89,1,0
16,160139,1,1,3,25,11,15,25,14,0,1,0,16,1,20,403,20403,14,2004,1GNDT13SX422,1,G,N,D,T,1,3,S,X,4,2,2,0,P,CHEV,TRL,UT,4,17,4612,,0,1130,,G,,F,6,256,,,16R245,,,,,,0,0,000000000,00000000000,0,0,0,1,0,0,0,0,0,0,0,998,0,1,6,5,5,6,2,8,0,0,0,1,16,83422,6,1,0,0,3,0,66,135,0,0,0,0,0,0,0,0,0,1,87,0,0,0,1,2,65,2,2,2,4,0,0,14,6,99,1,4,6,0,0
16,160140,1,1,1,18,11,99,99,1,0,1,0,16,1,23,481,23481,31,2001,1GTHK29111E2,1,G,T,H,K,2,9,1,1,1,E,2,0,T,GMC,2KH,PC,1,17,,2,1575,1430,SIE,D,,,8,403,,,,C,00000,00,U,44,0,0,000000000,00000000000,0,0,0,1,0,0,0,0,0,0,0,998,0,9,2,0,13,6,2,1,0,0,0,1,16,83501,6,1,0,0,3,3,69,235,0,0,0,0,2,9,2010,5,2011,0,0,0,0,0,1,2,35,3,2,4,3,0,0,14,12,99,9,4,6,1,0
16,160141,1,2,2,1,12,20,15,12,6,1,0,16,1,49,40,49040,4,1998,JT2BG22K4W02,J,T,2,B,G,2,2,K,4,W,0,2,0,P,TOYT,CXL,4D,98,17,3120,,0,1051,,G,,F,4,132,,,14R195,,,,,,0,0,000000000,00000000000,0,0,0,1,0,0,0,0,0,0,0,998,9,0,0,3,3,6,2,12,0,0,0,1,16,83705,6,1,0,0,3,0,69,150,0,0,0,0,0,0,0,0,0,0,39,0,0,0,1,2,50,1,1,2,1,20,3,1,55,99,1,1,87,1,1
16,160141,2,2,1,1,12,20,15,12,6,1,0,41,3,85,881,85881,66,2005,1XKAPB0X85R0,1,X,K,A,P,B,0,X,8,5,R,0,1,T,KW,T60,TR,5,17,,8,2600,1600,CON,D,,,6,893,,,,,00000,00,,,1,57,232948,57232948,3,6,4,1,0,0,0,0,0,0,0,998,0,0,0,12,12,6,2,12,0,0,0,1,41,97338,6,1,6,1,3,3,68,999,0,0,0,0,0,0,0,0,0,0,0,0,0,0,2,2,55,1,1,2,1,0,0,1,66,1,1,1,86,0,0
16,160142,1,2,2,13,11,16,13,12,1,1,0,16,1,72,706,72706,80,2007,1HD1JD5387Y0,1,H,D,1,J,D,5,3,8,7,Y,0,0,M,HD,FLN,RS,7,17,,,,,,,1584,,2,,4,695,,,,,,,0,0,000000000,00000000000,0,0,0,1,0,0,0,0,0,0,0,65,0,0,0,12,12,6,2,1,0,0,0,1,16,83644,6,1,0,0,3,0,75,230,0,0,0,2,0,8,2009,8,2011,0,26,0,0,0,5,4,55,1,1,2,1,0,0,1,51,99,1,1,33,1,0
16,160142,2,2,2,13,11,16,13,12,1,1,0,16,1,99,709,99709,80,2006,5J11NBJ1X6W0,5,J,1,1,N,B,J,1,X,6,W,0,0,U,,,,6,17,,,,,,,,,,,,,,,,,,,0,0,000000000,00000000000,0,0,0,1,0,0,0,0,0,0,0,65,0,0,0,6,6,2,1,12,0,0,0,1,16,83651,6,1,0,0,3,0,65,185,0,2,2,0,1,11,2009,6,2011,0,0,0,0,0,5,4,55,1,1,2,1,0,0,1,53,99,1,1,33,0,0
16,160143,1,1,1,3,12,2,4,42,0,1,0,16,1,34,35,34035,4,1995,WBAHE6322SGF,W,B,A,H,E,6,3,2,2,S,G,F,0,P,BMW,540,4D,95,17,3804,,0,1087,,G,,F,8,243,,,15R225,,,,,,0,0,000000000,00000000000,0,0,0,1,0,0,0,0,0,0,0,998,0,0,0,12,13,6,2,42,0,0,1,1,16,83869,6,1,0,0,3,0,71,190,0,0,0,0,0,0,0,0,0,0,0,0,0,0,1,2,60,3,1,2,1,0,0,14,13,99,9,4,1,1,1
16,160144,1,2,2,17,12,15,47,12,6,1,1,16,0,9,442,9442,20,1989,1P4FH5432KX6,1,P,4,F,H,5,4,3,2,K,X,6,0,T,PLYM,GVL,ES,89,17,,1,0,1190,VOF,G,,,6,181,,,,,3225,01,A,42,0,0,000000000,00000000000,0,0,0,1,0,0,0,0,0,0,0,998,0,0,0,11,11,4,3,12,0,0,0,1,16,83402,6,1,0,0,3,3,64,225,0,0,0,0,0,0,0,0,0,0,38,39,0,0,1,2,50,1,1,2,1,20,3,1,17,99,1,1,86,0,0
16,160144,2,2,1,17,12,15,47,12,6,1,0,16,1,2,405,2405,14,2003,1J4GL48K03W5,1,J,4,G,L,4,8,K,0,3,W,5,0,T,JEEP,LSF,4W,3,17,,1,0,1043,LIB,G,,,6,226,,,,,3655,02,E,44,0,0,000000000,00000000000,0,0,0,1,0,0,0,0,0,0,0,998,0,1,1,1,7,6,2,1,0,0,0,1,16,83431,6,1,0,0,3,3,66,132,0,0,0,0,0,0,0,0,0,0,0,0,0,0,5,4,65,1,1,2,1,0,0,1,66,99,1,1,87,1,0
16,160145,1,1,1,20,12,16,25,21,0,1,0,16,1,12,481,12481,31,2006,1FTPX14VX6NB,1,F,T,P,X,1,4,V,X,6,N,B,0,T,FORD,F15,4C,6,17,,2,0,1450,COF,F,,,8,329,,,,B,4297,16,E,44,0,0,000000000,00000000000,0,0,0,1,0,0,0,0,0,0,0,998,0,0,0,11,11,6,2,2,0,0,1,1,16,83202,6,1,0,0,3,3,72,250,0,0,0,0,0,0,0,0,0,0,99,99,99,99,6,1,55,3,1,2,1,0,0,14,12,99,1,4,6,1,0
16,160146,1,1,1,24,12,2,40,38,0,1,0,16,1,48,34,48034,4,1992,JF1BC6722NH6,J,F,1,B,C,6,7,2,2,N,H,6,0,P,SUBA,LD4,4D,92,17,3140,,0,1016,,G,,T,4,135,,,15R195,,,,,,0,0,000000000,00000000000,0,0,0,1,0,0,0,0,0,0,0,998,0,0,0,4,12,6,2,31,0,0,0,1,16,83274,6,2,0,0,3,2,69,140,0,0,0,0,0,0,0,0,0,1,74,0,0,0,1,2,50,1,1,2,4,0,0,1,12,99,1,4,6,1,1
16,160147,1,2,3,23,12,7,24,12,2,1,0,32,2,35,32,35032,2,1998,1N4AB42D0WC5,1,N,4,A,B,4,2,D,0,W,C,5,0,P,NISS,2SE,CP,98,17,2377,,0,998,,G,,F,4,097,,,14R175,,,,,,0,0,000000000,00000000000,0,0,0,1,0,0,0,0,0,0,0,998,9,0,0,12,12,6,2,12,0,0,0,1,32,89822,6,2,0,0,3,3,66,172,0,0,0,0,0,0,0,0,0,0,28,0,0,0,1,2,60,3,1,2,1,0,0,14,10,99,1,2,50,2,0
16,160147,2,2,2,23,12,7,24,12,2,1,0,16,3,87,881,87881,63,2006,1NPFLB9X36D6,1,N,P,F,L,B,9,X,3,6,D,6,1,T,PTRB,378,CC,6,17,,8,0,0,CON,D,,,6,893,,,,,00000,00,,64,1,57,672880,57672880,3,4,10,1,0,0,0,0,0,0,0,998,0,1,2,12,12,6,2,12,0,0,0,1,16,83860,6,1,6,1,3,0,70,210,0,0,0,1,0,2,2009,2,2009,0,0,0,0,0,1,2,60,3,1,2,1,0,0,14,62,99,1,1,51,0,0
16,160148,1,1,1,13,12,17,30,15,0,1,0,16,1,38,401,38401,14,1998,JACDJ58X4W79,J,A,C,D,J,5,8,X,4,W,7,9,0,P,ISU,TRO,UT,98,17,4390,,0,1087,,G,,F,6,213,,,16R245,,,,,,0,0,000000000,00000000000,0,0,0,1,0,0,0,0,0,0,0,998,0,0,0,12,12,2,3,15,0,0,0,1,16,83501,6,1,0,0,3,3,72,195,0,0,0,0,0,0,0,0,0,0,0,0,0,0,1,2,35,1,1,2,1,0,0,1,80,99,1,1,13,0,0
16,160149,1,1,1,24,12,3,0,35,0,1,0,16,1,48,38,48038,4,2007,JF1GD76677L5,J,F,1,G,D,7,6,6,7,7,L,5,0,P,SUBA,IWS,4D,7,17,3351,,0,994,,G,,T,4,150,,,17R225,,,,,,0,0,000000000,00000000000,0,0,0,1,0,0,0,0,0,0,0,998,0,1,6,6,13,6,2,1,0,0,0,1,16,83252,6,1,0,0,3,3,68,185,0,0,0,0,0,0,0,0,0,1,58,0,0,0,1,2,55,3,1,2,1,0,0,14,11,7,9,4,2,1,0
16,160150,1,1,6,30,12,18,8,1,0,1,0,16,1,6,441,6441,20,1997,1C4GP55L4VB2,1,C,4,G,P,5,5,L,4,V,B,2,0,P,CHRY,TWC,SV,97,17,3861,,0,1133,,G,,F,6,230,,,16R215,,,,,,0,0,000000000,00000000000,0,0,0,1,0,0,0,0,0,0,0,998,0,2,3,0,13,6,2,1,0,0,0,1,16,83648,6,1,0,0,3,0,63,120,0,0,0,0,0,0,0,0,0,0,58,0,0,0,3,2,75,1,1,1,2,0,0,6,12,7,3,4,7,1,0
16,160151,1,2,1,23,12,10,5,12,2,1,0,16,2,49,40,49040,4,1998,JT2BF28K1W01,J,T,2,B,F,2,8,K,1,W,0,1,0,P,TOYT,XLL,4D,98,17,3241,,0,1051,,G,,F,6,183,,,15R205,,,,,,0,0,000000000,00000000000,0,0,0,1,0,0,0,0,0,0,0,998,0,0,0,12,12,6,2,12,0,0,0,1,16,83530,6,1,0,0,3,0,66,190,0,0,0,0,0,0,0,0,0,0,28,0,0,0,1,2,55,1,3,4,1,0,0,1,62,99,1,2,52,1,0
16,160151,2,2,2,23,12,10,5,12,2,1,0,16,1,6,43,6043,4,2009,1C3LC46B99N5,1,C,3,L,C,4,6,B,9,9,N,5,0,P,CHRY,SLX,4D,9,17,3287,,0,1089,,G,,F,4,146,,,16R215,,,,,,0,0,000000000,00000000000,0,0,0,1,0,0,0,0,0,0,0,998,0,0,0,12,12,6,2,12,0,0,0,1,16,83530,6,1,6,0,3,0,72,230,0,0,0,0,0,0,0,0,0,0,28,0,0,0,1,2,55,1,3,4,1,0,0,1,62,99,1,2,52,1,0
16,160152,1,3,1,30,12,8,39,12,8,1,0,16,1,24,1,24001,4,1999,1G8ZK5273XZ3,1,G,8,Z,K,5,2,7,3,X,Z,3,0,P,STRN,SL2,4D,99,17,2418,,0,1024,,G,,F,4,116,,,15R185,,,,,,0,0,000000000,00000000000,0,0,0,1,0,0,0,0,0,0,0,998,0,0,0,11,12,6,2,12,0,0,0,1,16,83274,6,1,6,0,3,3,70,210,0,1,0,0,0,12,2011,12,2011,0,28,89,0,0,5,4,40,1,1,2,2,0,0,1,10,99,1,2,64,1,0
16,160152,2,3,2,30,12,8,39,12,8,1,0,32,1,55,401,55401,14,2008,5NMSH73E68H2,5,N,M,S,H,7,3,E,6,8,H,2,0,P,HYUN,SAN,UT,8,17,4022,,0,1063,,G,,F,6,204,,,18R235,,,,,,0,0,000000000,00000000000,0,0,0,1,0,0,0,0,0,0,0,998,0,0,0,9,9,6,2,12,0,0,0,1,32,89034,6,1,0,0,3,3,73,235,0,0,0,0,0,0,0,0,0,0,0,0,0,0,5,4,40,1,1,2,2,0,0,1,62,99,1,1,65,0,0
16,160152,3,3,1,30,12,8,39,12,8,1,0,16,3,20,481,20481,31,2007,1GCHK23D67F1,1,G,C,H,K,2,3,D,6,7,F,1,0,T,CHEV,2KH,CW,7,17,,2,1670,1530,SIL,D,,,8,403,,,,C,5883,02,,44,0,0,000000000,00000000000,0,0,0,1,0,0,0,0,0,0,0,998,0,0,0,12,11,6,2,12,0,0,0,1,16,83406,6,1,6,0,3,0,70,235,0,0,0,1,0,9,2011,9,2011,0,0,0,0,0,5,4,40,1,1,2,2,0,0,1,62,99,1,1,98,0,0
17,170001,1,1,1,1,1,9,52,24,0,1,0,17,2,35,473,35473,31,2004,1N6AA07B44N5,1,N,6,A,A,0,7,B,4,4,N,5,0,T,NISS,TXS,CW,4,17,,2,0,1398,TTN,G,,,8,342,,,,C,4889,03,E,44,0,0,000000000,00000000000,0,0,0,1,0,0,0,0,0,0,0,998,0,1,5,62,98,6,2,3,0,0,0,1,17,60126,6,1,0,0,3,0,71,165,0,0,0,0,0,0,0,0,0,1,52,87,0,0,1,2,99,1,1,2,4,0,0,1,5,1,4,4,2,1,0
17,170002,1,1,1,1,1,5,45,34,0,1,0,17,2,6,43,6043,2,2002,4C3AG52H22E0,4,C,3,A,G,5,2,H,2,2,E,0,0,P,CHRY,SLI,CP,2,17,3089,,0,1037,,G,,F,6,181,,,17R215,,,,,,0,0,000000000,00000000000,0,0,0,1,0,0,0,0,0,0,0,85,0,0,0,14,98,6,2,42,0,0,0,1,17,62269,6,1,0,0,3,0,72,141,0,0,0,0,1,6,2009,6,2009,1,0,0,0,0,1,2,55,1,1,2,2,0,0,1,13,6,1,4,6,1,1
17,170003,1,2,2,3,1,21,3,12,2,1,0,17,2,12,17,12017,4,1998,1FAFP52S4WG2,1,F,A,F,P,5,2,S,4,W,G,2,0,P,FORD,TLS,4D,98,17,3359,,0,1085,,G,,F,6,182,,,15R205,,,,,,0,0,000000000,00000000000,0,0,0,1,0,0,0,0,0,0,0,998,0,0,0,12,12,6,2,12,0,0,0,1,17,62052,2,1,0,0,2,0,68,170,0,0,0,0,0,0,0,0,0,0,51,0,0,0,1,2,55,1,1,2,1,98,3,15,54,1,1,2,50,2,1
17,170003,2,2,1,3,1,21,3,12,2,1,0,19,3,51,881,51881,66,2006,4V4NC9GH96N4,4,V,4,N,C,9,G,H,9,6,N,4,1,T,VOLV,VNL,TR,6,17,,8,0,0,VVN,D,,,6,732,,,,,00000,00,,64,1,57,241594,57241594,3,6,2,1,0,0,0,0,0,0,0,998,0,0,0,12,98,6,2,12,0,0,0,1,17,62052,6,1,6,0,3,0,63,160,0,0,0,0,0,0,0,0,0,0,0,0,0,0,1,2,55,1,1,2,1,0,0,1,62,1,1,1,51,0,0
17,170004,1,2,1,11,1,20,15,12,2,1,0,17,2,2,404,2404,14,1994,1J4FJ78S1RL2,1,J,4,F,J,7,8,S,1,R,L,2,0,T,JEEP,CTY,4W,94,17,,1,0,1014,CHK,G,,,6,242,,,,,3090,00,A,44,0,0,000000000,00000000000,0,0,0,1,0,0,0,0,0,0,0,998,0,0,0,12,12,6,2,12,0,0,0,1,29,63116,6,1,0,0,3,3,70,230,0,0,0,0,0,0,0,0,0,0,50,0,0,0,3,2,55,1,2,2,2,0,0,1,54,1,1,1,98,1,1
17,170004,2,2,1,11,1,20,15,12,2,1,0,17,2,19,3,19003,4,2003,1G6KD54Y93U2,1,G,6,K,D,5,4,Y,9,3,U,2,0,P,CADI,DFW,4D,3,17,3978,,0,1153,,G,,F,8,279,,,16R225,,,,,,0,0,000000000,00000000000,0,0,0,1,0,0,0,0,0,0,0,998,0,0,0,12,12,6,2,12,0,0,0,1,17,62220,6,1,6,3,3,3,72,205,0,0,0,0,0,0,0,0,0,0,0,0,0,0,3,2,55,1,2,2,2,0,0,1,62,1,1,2,98,0,0
17,170005,1,1,3,7,1,13,32,24,0,1,0,17,2,12,442,12442,20,1995,2FMDA5143SBC,2,F,M,D,A,5,1,4,3,S,B,C,0,T,FORD,WWG,ES,95,17,,1,0,1207,WIN,G,,,6,232,,,,B,3720,00,E,42,0,0,000000000,00000000000,0,0,0,1,0,0,0,0,0,0,0,998,0,0,0,3,98,6,2,24,0,0,0,1,17,61422,6,1,0,0,3,0,72,446,0,0,0,1,0,7,2010,7,2010,1,0,0,0,0,1,2,99,1,1,2,4,0,0,1,5,1,4,4,7,1,0
17,170006,1,1,1,10,1,13,33,9,0,1,0,17,3,7,482,7482,31,1996,3B7MF33C7TM1,3,B,7,M,F,3,3,C,7,T,M,1,0,T,DODG,350,PC,96,17,,3,0,1547,RPC,D,,,6,359,,,,D,5653,00,M,44,0,0,000000000,00000000000,0,0,0,1,0,0,0,0,0,0,0,998,0,0,0,12,12,2,1,9,0,0,0,1,17,61060,6,1,6,0,3,0,72,280,0,0,0,0,0,0,0,0,0,0,38,0,0,0,1,2,99,1,1,2,1,20,3,1,83,1,1,1,13,0,0
17,170007,1,2,1,5,1,12,0,12,1,1,0,17,1,20,404,20404,14,2009,2CNDL33F7962,2,C,N,D,L,3,3,F,7,9,6,2,0,P,CHEV,EQU,UT,9,17,3740,,0,1125,,G,,F,6,207,,,16R235,,,,,,0,0,000000000,00000000000,0,0,0,1,0,0,0,0,0,0,0,998,0,0,0,12,12,6,2,12,0,0,0,1,17,62711,6,1,0,0,3,0,72,230,0,0,0,0,0,0,0,0,0,1,99,99,99,99,3,2,45,1,1,1,1,0,0,1,8,6,1,1,24,1,0
17,170007,2,2,1,5,1,12,0,12,1,1,0,17,1,22,20,22020,4,2005,2G2WP5228513,2,G,2,W,P,5,2,2,8,5,1,3,0,P,PONT,GRA,4D,5,17,3477,,0,1105,,G,,F,6,231,,,16R225,,,,,,0,0,000000000,00000000000,0,0,0,1,0,0,0,0,0,0,0,998,0,0,0,6,6,2,1,12,0,0,0,1,17,61443,6,1,0,0,3,0,63,150,0,0,0,0,0,0,0,0,0,0,0,0,0,0,3,2,45,1,1,1,1,0,0,10,53,1,1,1,27,0,0
17,170008,1,1,1,4,1,21,41,35,0,1,0,17,1,20,481,20481,31,2001,1GCEK19V01E1,1,G,C,E,K,1,9,V,0,1,E,1,0,T,CHEV,SK1,4C,1,17,,2,1575,1435,SIL,G,,,8,293,,,,B,4776,00,,44,0,0,000000000,00000000000,0,0,0,1,0,0,0,0,0,0,0,998,0,0,0,12,12,6,2,35,0,0,0,1,17,62286,6,1,0,0,3,0,68,195,0,0,0,1,1,4,2008,10,2008,0,39,0,0,0,1,2,55,2,1,2,1,20,3,14,14,1,1,4,14,1,1
17,170010,1,2,1,1,1,12,24,12,2,1,0,17,1,20,421,20421,15,1997,1GNDT13W5V22,1,G,N,D,T,1,3,W,5,V,2,2,0,P,CHEV,BZR,UT,97,17,4046,,0,1070,,G,,F,6,262,,,15R205,,,,,,0,0,000000000,00000000000,0,0,0,1,0,0,0,0,0,0,0,998,0,0,0,12,98,6,2,12,0,0,0,1,17,62378,6,1,0,0,3,3,73,339,0,0,0,0,0,0,0,0,0,0,28,0,0,0,1,2,55,4,1,2,1,0,0,14,10,1,1,2,50,1,0
17,170010,2,2,4,1,1,12,24,12,2,1,0,17,1,55,401,55401,14,2010,5NMSG3AB5AH3,5,N,M,S,G,3,A,B,5,A,H,3,0,P,HYUN,SAN,UT,10,17,3688,,0,1063,,G,,F,4,144,,,17R235,,,,,,0,0,000000000,00000000000,0,0,0,1,0,0,0,0,0,0,0,998,0,0,0,12,98,6,2,12,0,0,0,1,17,62618,6,1,0,0,3,0,67,140,0,0,0,0,0,0,0,0,0,0,0,0,0,0,1,2,55,4,1,2,1,0,0,14,62,1,1,1,51,0,0
17,170011,1,1,1,10,1,4,20,42,0,1,0,17,1,20,2,20002,4,2001,2G1WF55K8193,2,G,1,W,F,5,5,K,8,1,9,3,0,P,CHEV,IMP,4D,1,17,3389,,0,1105,,G,,F,6,231,,,16R225,,,,,,0,0,000000000,00000000000,0,0,0,1,0,0,0,0,0,0,0,998,0,0,0,12,98,6,2,2,0,0,1,1,17,61873,6,1,0,0,3,0,69,140,1,0,0,0,1,1,2010,1,2010,1,28,0,0,0,1,2,55,2,1,2,1,0,0,14,12,1,1,4,6,1,1
17,170012,1,2,1,11,1,21,42,12,6,1,0,17,2,82,883,82883,66,2001,1FUJA6CG81PH,1,F,U,J,A,6,C,G,8,1,P,H,1,T,FRHT,COL,TR,1,17,,8,0,0,CON,D,,,6,774,,,,,00000,00,,64,2,57,1336130,571336130,3,6,4,1,0,0,0,0,0,0,0,998,0,0,0,2,98,6,2,12,0,0,0,1,17,60110,6,1,6,0,3,0,65,170,0,0,0,0,0,0,0,0,0,1,28,0,0,0,2,2,65,1,1,1,4,0,0,1,5,1,4,6,64,0,0
17,170012,2,2,1,11,1,21,42,12,6,1,0,17,3,20,481,20481,31,2008,1GCEC19XX8Z2,1,G,C,E,C,1,9,X,X,8,Z,2,0,T,CHEV,SC1,4C,8,17,,2,1575,1339,SIL,G,,,6,262,,,,B,4870,03,,42,0,0,000000000,00000000000,0,0,0,1,0,0,0,0,0,0,0,998,0,0,0,11,98,6,2,12,0,0,0,1,17,62447,6,1,0,0,3,3,76,250,0,0,0,1,0,5,2009,5,2009,0,0,0,0,0,2,2,65,1,1,1,4,0,0,1,62,1,1,1,65,1,0
17,170013,1,2,1,14,1,3,30,12,1,1,0,17,1,22,18,22018,2,2002,1G2NW12E82C2,1,G,2,N,W,1,2,E,8,2,C,2,0,P,PONT,GAG,CP,2,17,3091,,0,1070,,G,,F,6,207,,,16R225,,,,,,0,0,000000000,00000000000,0,0,0,1,0,0,0,0,0,0,0,998,0,0,0,12,98,6,2,42,0,0,0,1,17,60169,6,1,0,0,3,0,64,135,0,0,0,1,1,4,2008,6,2010,1,26,0,0,0,2,5,65,1,1,2,1,0,0,1,51,1,1,1,24,1,1
17,170013,2,2,1,14,1,3,30,12,1,1,0,17,1,55,401,55401,14,2004,KM8SC73E74U8,K,M,8,S,C,7,3,E,7,4,U,8,0,P,HYUN,SAN,UT,4,17,3720,,0,1031,,G,,F,6,213,,,16R225,,,,,,0,0,000000000,00000000000,0,0,0,1,0,0,0,0,0,0,0,998,0,0,0,6,98,6,2,12,0,0,0,1,17,60102,6,1,0,0,3,0,73,255,0,0,0,0,0,0,0,0,0,0,0,0,0,0,2,5,65,1,1,2,1,0,0,1,53,1,1,1,25,0,0
17,170014,1,2,1,12,1,16,15,12,2,1,0,17,1,49,401,49401,14,2001,JT3HN86R3103,J,T,3,H,N,8,6,R,3,1,0,3,0,P,TOYT,RUN,UT,1,17,3930,,0,1053,,G,,F,6,206,,,15R225,,,,,,0,0,000000000,00000000000,0,0,0,1,0,0,0,0,0,0,0,998,0,0,0,12,12,6,2,12,0,0,0,1,17,60490,6,1,0,0,3,0,68,190,0,0,0,0,1,11,2009,11,2009,0,28,0,0,0,1,2,55,4,1,2,1,0,0,14,10,1,1,2,50,0,0
17,170014,2,2,1,12,1,16,15,12,2,1,0,36,1,37,31,37031,4,1999,2HGEJ6677XH5,2,H,G,E,J,6,6,7,7,X,H,5,0,P,HOND,UCL,4D,99,17,2456,,0,1032,,G,,F,4,097,,,14R185,,,,,,0,0,000000000,00000000000,0,0,0,1,0,0,0,0,0,0,0,998,0,0,0,12,12,6,2,12,0,0,0,1,36,60560,6,1,0,0,3,3,68,999,1,0,0,0,1,8,2009,8,2010,0,0,0,0,0,1,2,99,4,1,2,1,0,0,14,62,1,1,1,51,1,0
17,170015,1,1,1,3,1,11,13,33,0,1,0,17,1,37,32,37032,4,1999,1HGCG5648XA1,1,H,G,C,G,5,6,4,8,X,A,1,0,P,HOND,ULX,4D,99,17,3053,,0,1069,,G,,F,4,138,,,15R195,,,,,,0,0,000000000,00000000000,0,0,0,1,0,0,0,0,0,0,0,998,0,0,0,14,98,6,2,38,0,0,0,1,17,61853,6,1,0,0,3,0,63,195,0,0,0,0,0,0,0,0,0,1,0,0,0,0,6,1,99,1,2,1,1,0,0,1,14,1,1,4,14,1,0
17,170016,1,2,1,19,1,3,41,12,1,1,0,17,1,12,471,12471,30,1999,1FTYR10V1XPA,1,F,T,Y,R,1,0,V,1,X,P,A,0,T,FORD,RNG,PK,99,17,,1,1175,1116,RNG,F,,,6,182,,,,B,00000,00,U,42,0,0,000000000,00000000000,0,0,0,1,0,0,0,0,0,0,0,998,1,0,0,12,12,6,2,12,0,0,0,1,17,60193,6,1,0,0,3,0,72,165,0,0,0,1,0,1,2009,1,2009,1,0,0,0,0,1,2,99,1,1,2,4,0,0,1,51,3,1,1,24,1,0