STATE,ST_CASE,VEH_NO,VE_FORMS,NUMOCCS,DAY,MONTH,HOUR,MINUTE,HARM_EV,MAN_COLL,UNITTYPE,HIT_RUN,REG_STAT,OWNER,MAKE,MODEL,MAK_MOD,BODY_TYP,MOD_YEAR,VIN,VIN_1,VIN_2,VIN_3,VIN_4,VIN_5,VIN_6,VIN_7,VIN_8,VIN_9,VIN_10,VIN_11,VIN_12,TOW_VEH,VINTYPE,VINMAKE,VINA_MOD,VIN_BT,VINMODYR,VIN_LNGT,VIN_WGT,WGTCD_TR,WHLBS_LG,WHLBS_SH,SER_TR,FUELCODE,MCYCL_DS,CARBUR,CYLINDER,DISPLACE,MCYCL_CY,MCYCL_WT,TIRE_SZE,TON_RAT,TRK_WT,TRKWTVAR,VIN_REST,WHLDRWHL,J_KNIFE,MCARR_I1,MCARR_I2,MCARR_ID,GVWR,V_CONFIG,CARGO_BT,HAZ_INV,HAZ_PLAC,HAZ_ID,HAZ_CNO,HAZ_REL,BUS_USE,SPEC_USE,EMER_USE,TRAV_SP,UNDERIDE,ROLLOVER,ROLINLOC,IMPACT1,IMPACT2,DEFORMED,TOWED,M_HARM,VEH_SC1,VEH_SC2,FIRE_EXP,DR_PRES,L_STATE,DR_ZIP,L_STATUS,L_TYPE,CDL_STAT,L_ENDORS,L_COMPL,L_RESTRI,DR_HGT,DR_WGT,PREV_ACC,PREV_SUS,PREV_DWI,PREV_SPD,PREV_OTH,FIRST_MO,FIRST_YR,LAST_MO,LAST_YR,SPEEDREL,DR_SF1,DR_SF2,DR_SF3,DR_SF4,VTRAFWAY,VNUM_LAN,VSPD_LIM,VALIGN,VPROFILE,VPAVETYP,VSURCOND,VTRAFCON,VTCONT_F,P_CRASH1,P_CRASH2,P_CRASH3,PCRASH4,PCRASH5,ACC_TYPE,DEATHS,DR_DRINK
17,170016,2,2,2,19,1,3,41,12,1,1,0,37,3,82,881,82881,66,1997,2FUYDZYB4VA7,2,F,U,Y,D,Z,Y,B,4,V,A,7,1,T,FRHT,FLD,TR,97,17,,8,0,0,CON,D,,,6,774,,,,,00000,00,,64,1,57,683102,57683102,3,6,2,1,0,0,0,0,0,0,0,998,0,0,0,6,98,2,1,12,0,0,0,1,37,27127,6,1,6,0,3,0,72,999,0,2,0,0,5,3,2008,10,2010,0,21,0,0,0,1,2,99,1,1,2,4,0,0,11,53,1,1,1,25,0,0
17,170017,1,1,1,20,1,15,13,14,0,1,0,17,1,7,482,7482,31,2001,3B7HF13Z01G7,3,B,7,H,F,1,3,Z,0,1,G,7,0,T,DODG,Q15,4C,1,17,,2,1547,1387,RPC,G,,,8,360,,,,B,5008,01,U,44,0,0,000000000,00000000000,0,0,0,1,0,0,0,0,0,0,0,47,0,0,0,12,12,6,2,8,0,0,0,1,17,60940,6,1,6,0,3,3,66,160,0,0,0,0,0,0,0,0,0,1,0,0,0,0,1,2,55,1,1,2,1,0,0,1,50,3,1,4,11,0,0
17,170018,1,1,1,19,1,1,20,42,0,1,0,47,3,82,883,82883,66,2010,1FUJA6CK0ADA,1,F,U,J,A,6,C,K,0,A,D,A,1,T,FRHT,COL,TR,10,17,,8,0,0,CON,D,,,6,855,,,,,00000,00,,64,1,57,96606,5796606,3,6,2,1,0,0,0,0,0,0,0,998,0,1,5,12,98,6,2,1,0,0,0,1,42,17701,6,1,6,0,3,3,67,999,0,0,0,0,2,7,2008,8,2010,0,28,0,0,0,2,2,65,1,1,1,1,0,0,1,12,1,1,4,6,1,0
17,170019,1,1,1,16,1,21,27,34,0,1,0,17,2,18,402,18402,14,2004,5GADT13S4421,5,G,A,D,T,1,3,S,4,4,2,1,0,P,BUIC,RNR,UT,4,17,4600,,0,1130,,G,,F,6,256,,,17R255,,,,,,0,0,000000000,00000000000,0,0,0,1,0,0,0,0,0,0,0,998,0,1,5,14,98,6,2,1,0,0,0,1,17,62681,6,1,0,0,3,0,68,240,0,0,0,1,1,2,2008,6,2009,0,28,0,0,0,1,2,99,1,1,2,1,0,0,1,13,6,1,4,1,1,1
17,170020,1,2,1,3,1,6,40,12,2,1,0,17,1,32,42,32042,4,2001,WAUEH64B51N0,W,A,U,E,H,6,4,B,5,1,N,0,0,P,AUDI,28Q,4D,1,17,3668,,0,1086,,G,,F,6,169,,,16R205,,,,,,0,0,000000000,00000000000,0,0,0,1,0,0,0,0,0,0,0,998,0,0,0,12,12,6,2,12,0,0,0,1,17,60102,6,1,0,0,3,0,70,270,0,0,0,1,0,8,2009,8,2009,1,28,0,0,0,1,2,45,2,1,2,1,0,0,14,6,1,2,2,50,1,0
17,170020,2,2,1,3,1,6,40,12,2,1,0,17,1,52,34,52034,4,2000,4A3AA46G5YE1,4,A,3,A,A,4,6,G,5,Y,E,1,0,P,MITS,GES,4D,0,17,3075,,0,1037,,G,,F,4,143,,,15R195,,,,,,0,0,000000000,00000000000,0,0,0,1,0,0,0,0,0,0,0,998,0,0,0,12,12,6,2,12,0,0,0,1,17,60102,6,1,6,0,3,3,72,199,0,0,0,0,0,0,0,0,0,0,0,0,0,0,1,2,45,3,1,2,1,0,0,14,62,1,1,1,51,0,0
17,170021,1,1,1,6,1,17,52,8,0,1,0,17,1,37,32,37032,4,2006,1HGCM56386A1,1,H,G,C,M,5,6,3,8,6,A,1,0,P,HOND,ASE,4D,6,17,3197,,0,1079,,G,,F,4,146,,,15R205,,,,,,0,0,000000000,00000000000,0,0,0,1,0,0,0,0,0,0,0,998,0,0,0,12,12,6,2,8,0,0,0,1,17,60067,6,1,0,0,3,3,75,190,0,0,0,0,1,3,2008,3,2008,0,38,0,0,0,1,2,40,1,1,2,1,0,0,1,80,1,1,1,13,0,0
17,170022,1,1,1,14,1,23,14,34,0,1,0,17,1,12,481,12481,31,2005,1FTRF02265KC,1,F,T,R,F,0,2,2,6,5,K,C,0,T,FORD,F15,PK,5,17,,2,1450,1260,COF,G,,,6,256,,,,B,4708,00,U,42,0,0,000000000,00000000000,0,0,0,1,0,0,0,0,0,0,0,998,0,0,0,12,12,6,2,34,0,0,0,1,17,60433,6,1,0,0,3,3,67,232,1,0,0,0,0,8,2009,8,2009,0,28,0,0,0,2,2,55,1,1,2,2,28,3,1,13,1,1,4,1,1,1
17,170023,1,2,3,10,1,2,0,12,6,1,0,17,1,6,43,6043,1,1996,3C3EL55H7TT3,3,C,3,E,L,5,5,H,7,T,T,3,0,P,CHRY,SJI,CV,96,17,3354,,0,1060,,G,,F,6,152,,,16R215,,,,,,0,0,000000000,00000000000,0,0,0,1,0,0,0,0,0,0,0,998,0,0,0,61,98,6,2,12,0,0,0,1,17,60636,6,1,0,0,3,0,70,140,0,0,0,2,4,3,2008,10,2010,0,39,0,0,0,1,4,30,1,1,2,1,3,3,1,55,1,1,1,89,1,1
17,170023,2,2,2,10,1,2,0,12,6,1,0,17,3,20,421,20421,15,2009,1GNEC030X9R1,1,G,N,E,C,0,3,0,X,9,R,1,0,P,CHEV,CTA,UT,9,17,5265,,0,1160,,F,,F,8,323,,,17R265,,,,,,0,0,000000000,00000000000,0,0,0,1,0,0,0,0,0,0,0,998,0,0,0,12,98,6,2,12,0,0,0,1,17,60638,6,1,0,0,3,0,69,150,0,0,0,0,0,0,0,0,0,0,0,0,0,0,1,4,30,1,1,2,1,3,3,1,66,1,1,1,88,0,0
17,170024,1,1,1,19,1,18,25,8,0,1,0,17,1,12,422,12422,15,2007,1FMEU31K47UA,1,F,M,E,U,3,1,K,4,7,U,A,0,P,FORD,EPR,UT,7,17,4516,,0,1305,,G,,F,6,244,,,16R235,,,,,,0,0,000000000,00000000000,0,0,0,1,0,0,0,0,0,0,0,998,0,0,0,12,12,6,2,8,0,0,0,1,17,62239,6,1,0,0,3,3,73,295,0,0,0,0,0,0,0,0,0,0,0,0,0,0,1,2,45,2,1,2,1,0,0,14,80,1,1,1,13,0,0
17,170026,1,2,2,22,1,23,49,48,0,1,0,17,2,12,442,12442,20,2001,2FMZA51401BC,2,F,M,Z,A,5,1,4,0,1,B,C,0,T,FORD,WLX,ES,1,17,,1,0,1207,WIN,G,,,6,232,,,,B,3963,00,E,42,0,0,000000000,00000000000,0,0,0,1,0,0,0,0,0,0,0,998,0,1,5,12,12,6,2,12,0,0,0,1,17,60050,6,1,0,0,3,0,75,185,0,0,0,0,0,0,0,0,0,0,28,0,0,0,1,2,55,1,1,2,1,0,0,15,5,1,1,4,6,1,1
17,170026,2,2,1,22,1,23,49,48,0,1,0,17,1,2,405,2405,14,2006,1J4GL48K26W1,1,J,4,G,L,4,8,K,2,6,W,1,0,T,JEEP,SPR,4W,6,17,,1,0,1043,LIB,G,,,6,226,,,,,3857,00,E,44,0,0,000000000,00000000000,0,0,0,1,0,0,0,0,0,0,0,998,0,0,0,12,12,6,2,12,0,0,0,1,17,61103,6,1,0,0,3,0,67,165,0,0,0,1,0,9,2009,9,2009,0,0,0,0,0,1,2,55,1,1,2,1,0,0,1,54,1,1,1,98,0,1
17,170027,1,1,1,12,1,16,32,35,0,1,0,17,2,23,471,23471,30,2003,1GTCS19X7381,1,G,T,C,S,1,9,X,7,3,8,1,0,T,GMC,SON,3C,3,17,,1,0,1229,SON,G,,,6,262,,,,B,3198,00,U,42,0,0,000000000,00000000000,0,0,0,1,0,0,0,0,0,0,0,998,0,0,0,12,98,6,2,2,0,0,1,1,17,62832,6,1,0,0,3,3,64,374,0,0,0,0,0,0,0,0,0,0,0,0,0,0,1,2,45,1,1,4,4,0,0,1,5,1,4,4,7,1,0
17,170028,1,2,1,26,1,18,3,12,2,1,0,17,2,34,34,34034,2,1992,WBACB3317NFE,W,B,A,C,B,3,3,1,7,N,F,E,0,P,BMW,325,4D,92,17,3991,,0,1063,,G,,F,6,152,,,15R205,,,,,,0,0,000000000,00000000000,0,0,0,1,0,0,0,0,0,0,0,998,0,0,0,12,12,6,2,12,0,0,0,1,17,60625,6,1,0,0,3,3,64,110,0,0,0,0,0,0,0,0,0,1,51,0,0,0,1,4,99,1,1,2,3,0,0,1,54,1,1,2,50,1,0
17,170028,2,2,2,26,1,18,3,12,2,1,0,17,1,37,402,37402,14,2006,JHLRD78826C0,J,H,L,R,D,7,8,8,2,6,C,0,0,P,HOND,CRV,UT,6,17,3472,,0,1033,,G,,F,4,146,,,16R215,,,,,,0,0,000000000,00000000000,0,0,0,1,0,0,0,0,0,0,0,998,0,0,0,12,12,6,2,12,0,0,0,1,17,60630,6,1,0,0,3,3,62,119,0,0,0,0,0,0,0,0,0,0,0,0,0,0,1,4,99,1,1,2,3,0,0,1,62,1,1,1,51,0,0
17,170029,1,3,1,25,1,17,39,12,1,1,0,17,2,7,482,7482,31,2004,3D7KU26C14G1,3,D,7,K,U,2,6,C,1,4,G,1,0,T,DODG,S25,PK,4,17,,2,0,1405,RPC,D,,,6,359,,,,C,5167,13,E,44,0,0,000000000,00000000000,0,0,0,1,0,0,0,0,0,0,0,62,0,0,0,12,11,6,2,12,0,0,0,1,17,62338,6,1,0,0,3,0,72,210,0,0,0,0,1,9,2010,9,2010,1,28,0,0,0,1,2,55,1,1,2,2,0,0,3,6,1,1,2,24,0,0
17,170029,2,3,1,25,1,17,39,12,1,1,0,17,1,20,471,20471,30,1998,1GCCS1442WK1,1,G,C,C,S,1,4,4,2,W,K,1,0,T,CHEV,S14,PK,98,17,,1,1179,1083,S,G,,,4,133,,,,B,3003,00,,42,0,0,000000000,00000000000,0,0,0,1,0,0,0,0,0,0,0,45,0,0,0,6,6,6,2,12,0,0,0,1,17,62320,6,1,0,0,3,0,70,220,0,0,0,1,0,8,2010,8,2010,0,0,0,0,0,1,2,55,1,1,2,2,0,0,1,53,1,1,2,25,0,0
17,170029,3,3,2,25,1,17,39,12,1,1,0,17,1,20,37,20037,4,2001,1G1ND52J4162,1,G,1,N,D,5,2,J,4,1,6,2,0,P,CHEV,MAL,4D,1,17,3051,,0,1070,,G,,F,6,191,,,15R215,,,,,,0,0,000000000,00000000000,0,0,0,1,0,0,0,0,0,0,0,45,0,0,0,12,12,6,2,12,0,0,0,1,17,62324,6,1,0,0,3,0,64,115,0,0,0,2,0,12,2008,8,2009,0,0,0,0,0,1,2,55,1,1,2,2,0,0,1,62,1,1,1,98,2,0
17,170030,1,3,4,22,1,8,38,12,6,1,0,17,1,20,473,20473,30,2005,1GCDT1962581,1,G,C,D,T,1,9,6,2,5,8,1,0,T,CHEV,RDO,4C,5,17,,1,0,1259,CAL,G,,,5,214,,,,,3656,00,,44,0,0,000000000,00000000000,0,0,0,1,0,0,0,0,0,0,0,998,0,0,0,12,98,6,2,12,0,0,0,1,17,61554,6,1,0,0,3,0,72,160,0,0,0,0,0,0,0,0,0,0,28,0,0,0,2,2,65,1,1,1,4,0,0,1,5,1,2,7,64,2,0
17,170030,2,3,1,22,1,8,38,12,6,1,0,39,2,87,881,87881,66,2005,1XP5DB9X95D8,1,X,P,5,D,B,9,X,9,5,D,8,1,T,PTRB,379,TR,5,17,,8,0,0,CON,D,,,6,893,,,,,00000,00,,64,1,57,607594,57607594,3,6,4,1,0,0,0,0,0,0,0,998,0,0,0,63,63,2,1,12,0,0,0,1,54,25123,6,1,6,0,3,3,999,999,0,0,0,1,0,10,2010,10,2010,0,0,0,0,0,2,2,65,1,1,1,4,0,0,1,64,1,1,1,65,0,0
17,170030,3,3,18,22,1,8,38,12,6,1,0,17,3,90,981,90981,50,2011,1BAKGCPH2BF2,1,B,A,K,G,C,P,H,2,B,F,2,0,T,BLUI,,,11,17,,,,,,,,,,,,,,,,,,,0,88,888888888,88888888888,2,21,22,1,0,0,0,0,1,0,0,998,0,0,0,12,12,6,2,12,0,0,0,1,17,61568,6,1,6,1,3,0,72,230,0,0,0,0,0,0,0,0,0,0,0,0,0,0,2,2,65,1,1,1,4,0,0,1,64,1,1,1,98,0,0
17,170031,1,3,1,26,1,8,0,12,1,1,0,17,3,87,881,87881,66,2002,1XP5D69X42D5,1,X,P,5,D,6,9,X,4,2,D,5,1,T,PTRB,379,TR,2,17,,8,0,0,CON,D,,,6,855,,,,,00000,00,,64,1,57,968968,57968968,3,6,4,1,0,0,0,0,0,0,0,998,0,0,0,12,12,6,2,12,0,0,0,1,17,62835,6,1,6,0,3,0,68,200,0,0,0,0,0,0,0,0,0,1,38,0,0,0,1,2,55,1,1,2,2,0,0,1,51,7,1,2,24,0,0
17,170031,2,3,2,26,1,8,0,12,1,1,0,17,2,22,2,22002,4,1993,1G2HX53L0P12,1,G,2,H,X,5,3,L,0,P,1,2,0,P,PONT,BVS,4D,93,17,0,,0,1108,,G,,F,6,231,,,15R215,,,,,,0,0,000000000,00000000000,0,0,0,1,0,0,0,0,0,0,0,998,1,0,0,6,98,6,2,12,0,0,0,1,17,62984,6,1,0,0,3,0,66,175,0,0,0,0,0,0,0,0,0,0,0,0,0,0,1,2,55,1,1,2,2,0,0,11,53,1,1,2,26,2,0
17,170031,3,3,1,26,1,8,0,12,1,1,0,17,1,82,881,82881,66,1995,1FUYDCXBXSH5,1,F,U,Y,D,C,X,B,X,S,H,5,1,T,FRHT,FLD,TR,95,17,,8,0,0,CON,D,,,6,677,,,,,00000,00,,64,1,57,1141062,571141062,3,6,4,1,0,0,0,0,0,0,0,998,0,0,0,12,12,6,2,12,0,0,1,1,17,62984,6,1,6,0,3,0,71,200,0,0,0,0,0,0,0,0,0,0,0,0,0,0,1,2,55,1,1,2,2,0,0,1,60,1,1,1,98,0,0
17,170032,1,1,2,22,1,8,22,30,0,1,0,17,2,41,51,41051,4,2007,JM1BK32F7717,J,M,1,B,K,3,2,F,7,7,1,7,0,P,MAZD,M3I,4D,7,17,2780,,0,1039,,G,,F,4,122,,,15R195,,,,,,0,0,000000000,00000000000,0,0,0,1,0,0,0,0,0,0,0,998,0,0,0,12,98,6,2,30,0,0,0,1,17,62226,6,1,0,0,3,3,67,118,0,0,0,0,0,0,0,0,0,1,52,0,0,0,1,2,35,1,3,2,1,0,0,1,6,6,3,4,2,1,0
17,170033,1,1,2,29,1,2,7,38,0,1,0,17,1,21,22,21022,4,2001,1G3GS64C1141,1,G,3,G,S,6,4,C,1,1,4,1,0,P,OLDS,AU4,4D,1,17,3803,,0,1122,,G,,F,8,244,,,17R235,,,,,,0,0,000000000,00000000000,0,0,0,1,0,0,0,0,0,0,0,81,0,0,0,12,98,6,2,42,0,0,0,1,17,60649,6,1,0,0,3,0,71,163,0,0,0,0,0,0,0,0,0,1,0,0,0,0,2,3,55,1,1,2,1,0,0,1,6,1,3,4,2,1,1
17,170034,1,1,1,3,1,13,34,8,0,1,0,17,3,98,988,98988,52,2005,1Z9B5DTS75W2,1,Z,9,B,5,D,T,S,7,5,W,2,0,U,,,,5,17,,,,,,,,,,,,,,,,,,,0,77,777777777,77777777777,3,21,22,1,0,0,0,0,6,0,0,12,0,0,0,12,12,2,1,8,0,0,0,1,17,60901,6,1,6,3,3,3,73,360,0,0,0,0,0,0,0,0,0,0,38,0,0,0,2,4,30,1,1,2,1,2,3,11,80,1,1,1,13,0,0
17,170035,1,1,1,29,1,17,45,8,0,1,0,17,1,22,19,22019,2,2007,1G2AL15F6771,1,G,2,A,L,1,5,F,6,7,7,1,0,P,PONT,G/5,CP,7,17,2991,,0,1035,,G,,F,4,134,,,15R195,,,,,,0,0,000000000,00000000000,0,0,0,1,0,0,0,0,0,0,0,998,0,0,0,12,12,2,3,8,0,0,0,1,17,61938,6,1,0,0,3,0,63,115,0,0,0,0,0,0,0,0,0,0,0,0,0,0,1,2,55,1,1,2,1,0,0,1,80,1,1,1,13,0,0
17,170036,1,3,1,1,2,6,5,12,6,1,0,17,1,7,472,7472,31,2001,1B7GG22N81S2,1,B,7,G,G,2,2,N,8,1,S,2,0,T,DODG,DAK,PC,1,17,,1,0,1309,DAK,G,,,8,287,,,,B,3933,00,U,44,0,0,000000000,00000000000,0,0,0,1,0,0,0,0,0,0,0,55,0,1,5,3,98,6,2,1,0,0,0,1,16,61231,6,1,6,9,3,0,71,160,0,0,0,0,0,0,0,0,0,0,28,0,0,0,1,2,99,1,3,2,4,0,0,1,5,1,3,2,64,1,0
17,170036,2,3,1,1,2,6,5,12,6,1,0,55,3,82,883,82883,66,2004,1FUJA6CG24LM,1,F,U,J,A,6,C,G,2,4,L,M,1,T,FRHT,COL,TR,4,17,,8,0,0,CON,D,,,6,774,,,,,00000,00,,64,1,57,074417,57074417,3,6,2,1,0,0,0,0,0,0,0,50,0,0,0,12,98,6,2,12,0,0,0,1,19,52157,6,1,6,0,3,3,69,155,0,0,0,0,0,0,0,0,0,0,0,0,0,0,1,2,99,1,3,2,4,0,0,1,62,2,1,1,65,0,0
17,170036,3,3,1,1,2,6,5,12,6,1,0,46,3,85,881,85881,66,1995,1XKADR9X0SS6,1,X,K,A,D,R,9,X,0,S,S,6,1,T,KW,T60,TR,95,17,,8,0,1600,CON,D,,,6,774,,,,,00000,00,,64,1,57,65762,5765762,3,6,2,1,0,0,0,0,0,0,0,998,0,0,0,14,98,6,2,12,0,0,0,1,56,82001,6,1,6,0,3,0,70,245,0,0,0,0,0,0,0,0,0,0,0,0,0,0,1,2,99,1,3,2,4,0,0,1,62,7,1,4,98,0,0
17,170037,1,3,1,4,2,1,15,12,2,1,0,17,3,12,17,12017,4,2008,1FAHP24W58G1,1,F,A,H,P,2,4,W,5,8,G,1,0,P,FORD,TEL,4D,8,17,3643,,0,1129,,G,,F,6,214,,,17R215,,,,,,0,0,000000000,00000000000,0,0,0,1,0,0,0,0,0,0,0,998,0,0,0,12,12,6,2,12,0,0,0,1,17,60411,6,1,0,0,3,3,69,200,0,0,0,0,0,0,0,0,0,0,50,0,0,0,3,2,55,1,1,1,1,28,3,98,98,1,1,1,98,0,1
17,170037,2,3,2,4,2,1,15,12,2,1,0,17,1,6,44,6044,4,2000,1C3EJ56H9YN2,1,C,3,E,J,5,6,H,9,Y,N,2,0,P,CHRY,CLI,4D,0,17,3115,,0,1080,,G,,F,6,152,,,15R195,,,,,,0,0,000000000,00000000000,0,0,0,1,0,0,0,0,0,0,0,998,0,1,3,12,12,6,2,1,0,0,0,1,17,60629,2,1,0,0,2,0,999,999,0,1,0,1,1,6,2009,6,2009,0,0,0,0,0,3,2,55,1,1,1,1,0,0,1,54,1,1,1,98,1,1
17,170037,3,3,2,4,2,1,15,12,2,1,0,17,1,12,17,12017,4,1998,1FAFP52U6WA1,1,F,A,F,P,5,2,U,6,W,A,1,0,P,FORD,TLS,4D,98,17,3359,,0,1085,,G,,F,6,182,,,15R205,,,,,,0,0,000000000,00000000000,0,0,0,1,0,0,0,0,0,0,0,998,0,0,0,12,12,6,2,12,0,0,0,1,17,60644,6,1,0,0,3,0,69,145,0,0,0,0,0,0,0,0,0,0,0,0,0,0,3,2,55,1,1,1,1,0,0,1,54,1,1,1,98,0,1
17,170038,1,1,3,8,1,19,44,34,0,1,0,17,1,20,37,20037,4,2002,1G1ND52J22M5,1,G,1,N,D,5,2,J,2,2,M,5,0,P,CHEV,MAL,4D,2,17,3053,,0,1070,,G,,F,6,191,,,15R215,,,,,,0,0,000000000,00000000000,0,0,0,1,0,0,0,0,0,0,0,998,0,1,5,14,98,6,2,1,0,0,0,1,17,62220,6,1,0,0,3,3,72,175,0,0,0,1,4,1,2009,12,2009,1,0,0,0,0,1,2,55,1,3,2,1,0,0,1,13,6,4,4,7,1,1
17,170039,1,2,2,28,1,12,50,12,6,1,0,17,2,49,40,49040,4,1999,4T1BG22K8XU5,4,T,1,B,G,2,2,K,8,X,U,5,0,P,TOYT,UEX,4D,99,17,2998,,0,1051,,G,,F,4,132,,,14R195,,,,,,0,0,000000000,00000000000,0,0,0,1,0,0,0,0,0,0,0,998,0,0,0,62,98,6,2,12,0,0,0,1,17,62226,6,1,0,0,3,3,68,160,0,0,0,0,0,0,0,0,0,0,38,0,0,0,1,2,35,1,1,2,1,20,3,11,55,1,1,1,82,1,0
17,170039,2,2,1,28,1,12,50,12,6,1,0,17,1,37,32,37032,4,2009,1HGCP26449A0,1,H,G,C,P,2,6,4,4,9,A,0,0,P,HOND,LXP,4D,9,17,3236,,0,1102,,G,,F,4,146,,,16R215,,,,,,0,0,000000000,00000000000,0,0,0,1,0,0,0,0,0,0,0,998,0,0,0,12,12,6,2,12,0,0,0,1,17,62221,6,1,0,0,3,3,63,130,0,0,0,0,0,0,0,0,0,0,0,0,0,0,1,2,35,1,3,2,1,0,0,1,66,1,1,1,83,0,0
17,170040,1,1,1,6,2,21,11,8,0,1,0,17,1,3,431,3431,16,2006,5GTDN1361682,5,G,T,D,N,1,3,6,1,6,8,2,0,T,HUMM,HH3,4W,6,17,,1,0,1119,HUM,G,,,5,214,,,,,4700,00,R,44,0,0,000000000,00000000000,0,0,0,1,0,0,0,0,0,0,0,998,0,0,0,12,12,2,3,8,0,0,0,1,17,60002,6,1,0,0,3,3,70,175,0,0,0,0,0,0,0,0,0,1,0,0,0,0,1,2,45,1,2,2,2,0,0,1,80,1,1,1,13,0,1
17,170041,1,1,3,5,2,23,0,31,0,1,0,17,1,2,404,2404,14,1998,1J4GZ78Y0WC1,1,J,4,G,Z,7,8,Y,0,W,C,1,0,T,JEEP,LMT,4W,98,17,,1,0,1059,GCK,G,,,8,318,,,,,3708,01,E,44,0,0,000000000,00000000000,0,0,0,1,0,0,0,0,0,0,0,998,0,1,5,12,98,6,2,1,0,0,0,1,17,62451,6,1,6,0,3,0,73,210,0,0,0,0,0,0,0,0,0,1,28,0,0,0,1,2,55,1,1,2,4,0,0,1,5,1,4,4,2,2,1
17,170042,1,2,2,22,1,1,38,12,6,1,0,17,2,12,37,12037,4,2007,1FAFP34N57W1,1,F,A,F,P,3,4,N,5,7,W,1,0,P,FORD,FMS,4D,7,17,2636,,0,1029,,G,,F,4,122,,,15R195,,,,,,0,0,000000000,00000000000,0,0,0,1,0,0,0,0,0,0,0,100,0,0,0,12,12,6,2,12,0,0,0,1,17,60409,0,0,0,0,0,0,69,125,0,0,0,0,0,0,0,0,0,1,39,0,0,0,1,2,30,1,1,2,1,2,3,1,17,1,1,1,86,1,0
17,170042,2,2,1,22,1,1,38,12,6,1,0,17,3,12,402,12402,14,2006,1FMCU96HX6KA,1,F,M,C,U,9,6,H,X,6,K,A,0,P,FORD,SPE,UT,6,17,3792,,0,1031,,B,,F,4,140,,,16R235,,,,,,0,0,000000000,00000000000,0,0,0,1,0,0,0,0,0,0,0,998,0,0,0,3,3,6,2,12,0,0,0,1,17,60644,6,1,0,0,3,3,63,130,0,0,0,0,0,0,0,0,0,0,0,0,0,0,1,2,30,1,1,2,1,2,3,1,17,1,1,1,87,1,0
17,170043,1,1,1,30,1,3,37,30,0,1,0,17,1,12,401,12401,14,1995,1FMDU34X0SUB,1,F,M,D,U,3,4,X,0,S,U,B,0,P,FORD,EPR,UT,95,17,4053,,0,1115,,G,,F,6,245,,,15R225,,,,,,0,0,000000000,00000000000,0,0,0,1,0,0,0,0,0,0,0,998,0,0,0,12,12,6,2,42,0,0,0,1,17,60505,1,1,0,0,2,3,999,999,0,0,0,0,0,0,0,0,0,1,28,0,0,0,1,4,30,2,1,2,2,0,0,14,13,1,1,4,1,1,1
17,170044,1,2,1,23,1,22,22,12,2,1,0,17,1,12,422,12422,15,2000,1FMEU1667YLB,1,F,M,E,U,1,6,6,7,Y,L,B,0,P,FORD,EPT,UT,0,17,5275,,0,1191,,G,,F,8,281,,,16R255,,,,,,0,0,000000000,00000000000,0,0,0,1,0,0,0,0,0,0,0,998,0,0,0,12,98,6,2,12,0,0,0,1,17,60652,6,1,0,0,3,0,68,175,0,0,0,1,0,3,2008,3,2008,0,23,28,0,0,1,6,35,1,1,2,3,0,0,15,10,1,1,2,50,0,1
17,170044,2,2,3,23,1,22,22,12,2,1,0,17,2,23,431,23431,16,1999,1GKEK13R5XJ8,1,G,K,E,K,1,3,R,5,X,J,8,0,T,GMC,YUK,4W,99,17,,2,0,1175,YUK,G,,,8,350,,,,B,5268,00,E,44,0,0,000000000,00000000000,0,0,0,1,0,0,0,0,0,0,0,998,0,0,0,12,12,6,2,12,0,0,0,1,17,60647,6,1,0,0,3,0,70,230,0,0,0,0,0,0,0,0,0,0,0,0,0,0,1,6,35,1,1,2,3,0,0,1,62,1,1,1,51,1,0
17,170045,1,1,4,29,1,15,35,32,0,1,0,17,1,7,472,7472,30,1997,1B7HF13YXVJ5,1,B,7,H,F,1,3,Y,X,V,J,5,0,T,DODG,150,PC,97,17,,2,1547,1387,RPC,G,,,8,318,,,,B,4764,01,M,44,0,0,000000000,00000000000,0,0,0,1,0,0,0,0,0,0,0,59,0,0,0,12,12,6,2,32,0,0,0,1,17,61937,6,1,0,0,3,3,70,220,0,0,0,0,0,0,0,0,0,1,28,0,0,0,1,2,30,3,1,2,1,28,3,14,6,1,1,4,1,4,0
17,170046,1,1,2,14,1,2,19,35,0,1,0,17,2,37,32,37032,4,1994,JHMCD5643RC0,J,H,M,C,D,5,6,4,3,R,C,0,0,P,HOND,ALX,4D,94,17,2842,,0,1069,,G,,F,4,132,,,14R185,,,,,,0,0,000000000,00000000000,0,0,0,1,0,0,0,0,0,0,0,998,0,0,0,12,12,6,2,35,0,0,0,1,17,60473,0,0,0,0,0,0,999,999,0,0,0,0,0,0,0,0,0,1,28,0,0,0,1,2,35,3,1,2,2,0,0,14,6,1,1,4,1,1,1
17,170047,1,2,1,8,2,18,14,12,6,1,0,47,3,85,881,85881,66,2000,1XKTDR9X9YJ8,1,X,K,T,D,R,9,X,9,Y,J,8,1,T,KW,T20,TR,0,17,,8,2600,1900,CON,D,,,6,774,,,,,00000,00,,64,1,57,2041834,572041834,3,6,1,1,0,0,0,0,0,0,0,998,0,0,0,9,9,2,1,12,0,0,0,1,17,62476,6,1,6,3,3,0,69,185,0,0,0,0,0,0,0,0,0,0,31,0,0,0,1,2,55,1,1,2,1,0,0,13,98,1,1,1,98,0,0