STATE,ST_CASE,VEH_NO,VE_FORMS,NUMOCCS,DAY,MONTH,HOUR,MINUTE,HARM_EV,MAN_COLL,UNITTYPE,HIT_RUN,REG_STAT,OWNER,MAKE,MODEL,MAK_MOD,BODY_TYP,MOD_YEAR,VIN,VIN_1,VIN_2,VIN_3,VIN_4,VIN_5,VIN_6,VIN_7,VIN_8,VIN_9,VIN_10,VIN_11,VIN_12,TOW_VEH,VINTYPE,VINMAKE,VINA_MOD,VIN_BT,VINMODYR,VIN_LNGT,VIN_WGT,WGTCD_TR,WHLBS_LG,WHLBS_SH,SER_TR,FUELCODE,MCYCL_DS,CARBUR,CYLINDER,DISPLACE,MCYCL_CY,MCYCL_WT,TIRE_SZE,TON_RAT,TRK_WT,TRKWTVAR,VIN_REST,WHLDRWHL,J_KNIFE,MCARR_I1,MCARR_I2,MCARR_ID,GVWR,V_CONFIG,CARGO_BT,HAZ_INV,HAZ_PLAC,HAZ_ID,HAZ_CNO,HAZ_REL,BUS_USE,SPEC_USE,EMER_USE,TRAV_SP,UNDERIDE,ROLLOVER,ROLINLOC,IMPACT1,IMPACT2,DEFORMED,TOWED,M_HARM,VEH_SC1,VEH_SC2,FIRE_EXP,DR_PRES,L_STATE,DR_ZIP,L_STATUS,L_TYPE,CDL_STAT,L_ENDORS,L_COMPL,L_RESTRI,DR_HGT,DR_WGT,PREV_ACC,PREV_SUS,PREV_DWI,PREV_SPD,PREV_OTH,FIRST_MO,FIRST_YR,LAST_MO,LAST_YR,SPEEDREL,DR_SF1,DR_SF2,DR_SF3,DR_SF4,VTRAFWAY,VNUM_LAN,VSPD_LIM,VALIGN,VPROFILE,VPAVETYP,VSURCOND,VTRAFCON,VTCONT_F,P_CRASH1,P_CRASH2,P_CRASH3,PCRASH4,PCRASH5,ACC_TYPE,DEATHS,DR_DRINK
17,170047,2,2,1,8,2,18,14,12,6,1,0,17,2,12,401,12401,14,2001,1FMZU73E71ZA,1,F,M,Z,U,7,3,E,7,1,Z,A,0,P,FORD,EPR,UT,1,17,4045,,0,1116,,G,,F,6,245,,,15R235,,,,,,0,0,000000000,00000000000,0,0,0,1,0,0,0,0,0,0,0,998,0,0,0,12,12,6,2,12,0,0,0,1,17,62450,6,1,0,0,3,3,66,200,0,0,0,0,0,0,0,0,0,0,0,0,0,0,1,2,55,1,1,2,1,0,0,1,56,1,1,1,98,1,0
17,170048,1,2,6,22,1,2,3,12,6,1,0,17,1,12,401,12401,14,2003,1FMZU74W93UC,1,F,M,Z,U,7,4,W,9,3,U,C,0,P,FORD,EPR,UT,3,17,4094,,0,1137,,G,,F,8,281,,,17R245,,,,,,0,0,000000000,00000000000,0,0,0,1,0,0,0,0,0,0,0,998,0,0,0,12,98,6,2,12,0,0,0,1,17,60645,6,1,0,0,3,0,69,160,0,0,0,1,12,6,2008,12,2010,1,39,0,0,0,1,2,25,1,1,2,1,20,3,1,55,1,1,1,88,1,1
17,170048,2,2,1,22,1,2,3,12,6,1,0,17,1,35,39,35039,4,1997,JN1CA21D4VT8,J,N,1,C,A,2,1,D,4,V,T,8,0,P,NISS,MGS,4D,97,17,2886,,0,1063,,G,,F,6,182,,,15R205,,,,,,0,0,000000000,00000000000,0,0,0,1,0,0,0,0,0,0,0,998,0,0,0,11,11,6,2,12,0,0,0,1,17,60645,6,1,0,0,3,3,66,170,0,0,0,0,0,0,0,0,0,0,0,0,0,0,1,2,25,1,1,2,1,20,3,1,66,1,1,1,89,0,0
17,170049,1,2,3,9,2,14,11,12,1,1,0,17,1,63,33,63033,4,2003,KNAFB1215352,K,N,A,F,B,1,2,1,5,3,5,2,0,P,KIA,STL,4D,3,17,2661,,0,1008,,G,,F,4,109,,,14R185,,,,,,0,0,000000000,00000000000,0,0,0,1,0,0,0,0,0,0,0,998,1,0,0,12,12,6,2,12,0,0,0,1,17,60643,1,1,0,0,2,0,65,170,1,2,0,0,7,3,2008,9,2010,0,0,0,0,0,3,5,65,1,1,1,1,0,0,1,50,1,1,2,20,1,0
17,170049,2,2,1,9,2,14,11,12,1,1,0,17,3,84,981,84981,50,2006,4DRBUAFP76B2,4,D,R,B,U,A,F,P,7,6,B,2,0,T,INTL,,,6,17,,,,,,D,,,8,365,,,,,,,,,0,99,999999999,99999999999,3,21,22,1,0,0,0,0,1,0,0,0,0,0,0,6,6,6,2,12,0,0,0,1,17,60612,6,1,6,1,3,3,62,180,0,0,0,0,0,0,0,0,0,0,54,0,0,0,3,5,65,1,1,1,1,0,0,7,53,1,1,1,21,0,0
17,170050,1,1,2,30,1,3,50,33,0,1,0,17,2,19,14,19014,4,1992,1G6KS53BXNU8,1,G,6,K,S,5,3,B,X,N,U,8,0,P,CADI,SEV,4D,92,17,3648,,0,1110,,G,,F,8,300,,,16R225,,,,,,0,0,000000000,00000000000,0,0,0,1,0,0,0,0,0,0,0,998,0,0,0,14,98,6,2,30,0,0,0,1,17,60619,6,1,0,0,3,0,67,160,0,0,0,1,0,12,2010,12,2010,0,36,0,0,0,1,2,30,1,1,2,1,0,0,1,12,1,1,4,6,1,0
17,170051,1,1,1,2,2,14,47,8,0,1,0,17,3,82,881,82881,63,2006,1FVACYDC56HW,1,F,V,A,C,Y,D,C,5,6,H,W,0,T,FRHT,16M,CC,6,17,,8,0,0,FM2,D,,,6,439,,,,,00000,00,,42,0,99,999999999,99999999999,3,1,1,1,0,0,0,0,0,0,0,6,0,0,0,6,6,2,1,8,0,0,0,1,17,60616,6,1,6,0,3,0,70,175,0,0,0,0,0,0,0,0,0,0,0,0,0,0,1,4,25,1,1,2,3,0,0,13,80,1,1,2,98,0,0
17,170053,1,1,2,19,1,11,28,10,0,1,0,17,1,18,23,18023,4,2007,1G4HP57207U1,1,G,4,H,P,5,7,2,0,7,U,1,0,P,BUIC,UCX,4D,7,17,3764,,0,1156,,G,,F,6,232,,,16R225,,,,,,0,0,000000000,00000000000,0,0,0,1,0,0,0,0,0,0,0,998,0,0,0,12,12,6,2,10,0,0,0,1,17,62346,6,1,0,0,3,3,65,159,0,0,0,0,0,0,0,0,0,1,39,0,0,0,1,2,55,1,1,2,1,65,3,1,90,1,1,1,15,2,0
17,170054,1,1,2,12,2,23,26,14,0,1,0,17,1,12,36,12036,3,1996,KNJLT05HXT61,K,N,J,L,T,0,5,H,X,T,6,1,0,P,FORD,ASP,2H,96,17,2004,,0,907,,G,,F,4,081,,,13R165,,,,,,0,0,000000000,00000000000,0,0,0,1,0,0,0,0,0,0,0,998,4,0,0,12,12,6,2,14,0,0,0,1,17,62343,6,1,0,0,3,3,72,230,0,0,0,3,0,2,2009,12,2010,0,52,28,0,0,2,2,65,1,1,1,1,0,0,1,13,1,1,4,1,1,0
17,170055,1,1,1,9,2,23,38,42,0,1,0,17,1,34,37,34037,4,2006,WBAHN83566DT,W,B,A,H,N,8,3,5,6,6,D,T,0,P,BMW,50L,4D,6,17,4552,,0,1231,,G,,F,8,292,,,18R245,,,,,,0,0,000000000,00000000000,0,0,0,1,0,0,0,0,0,0,0,998,0,0,0,81,81,6,2,42,0,0,0,1,17,60805,6,1,0,0,3,0,72,200,0,0,0,1,0,7,2008,7,2008,1,28,0,0,0,6,1,99,1,2,1,1,0,0,1,6,1,3,4,7,1,1
17,170056,1,1,3,15,2,18,18,30,0,1,0,17,2,12,401,12401,14,2000,1FMYU60E9YUA,1,F,M,Y,U,6,0,E,9,Y,U,A,0,P,FORD,EPR,UT,0,17,3670,,0,1017,,G,,F,6,245,,,15R235,,,,,,0,0,000000000,00000000000,0,0,0,1,0,0,0,0,0,0,0,100,0,0,0,1,98,6,2,30,0,0,0,1,17,62822,6,1,0,0,3,0,64,127,0,0,0,0,0,0,0,0,0,1,52,0,0,0,1,2,55,1,1,2,1,0,0,1,13,6,1,4,6,1,0
17,170059,1,1,2,10,2,23,55,30,0,1,0,17,2,20,9,20009,2,2010,2G1FT1EW1A91,2,G,1,F,T,1,E,W,1,A,9,1,0,P,CHEV,SSM,CP,10,17,3860,,0,1123,,G,,F,8,378,,,20R245,,,,,,0,0,000000000,00000000000,0,0,0,1,0,0,0,0,0,0,0,998,0,1,5,12,12,6,2,1,0,0,0,1,17,62203,6,1,0,0,3,0,71,170,0,0,0,1,0,9,2008,9,2008,0,0,0,0,0,6,1,45,3,2,2,1,0,0,14,13,1,1,4,1,1,1
17,170060,1,1,1,4,2,23,11,8,0,1,1,99,9,99,999,99999,99,9999,999999999999,9,9,9,9,9,9,9,9,9,9,9,9,9,,,,,,,,,,,,,,,,,,,,,,,,,0,99,999999999,99999999999,9,99,99,1,0,0,0,0,99,99,9,998,0,0,0,12,99,9,1,8,99,99,0,1,99,99999,9,9,99,9,9,9,999,999,99,99,99,99,99,99,9999,99,9999,9,99,99,99,99,1,2,30,1,1,2,3,0,0,99,80,99,9,9,13,0,0
17,170061,1,1,2,12,2,21,52,42,0,1,0,17,1,24,7,24007,4,2004,1G8AL52F04Z1,1,G,8,A,L,5,2,F,0,4,Z,1,0,P,STRN,SI3,4D,4,17,2830,,0,1032,,G,,F,4,134,,,16R205,,,,,,0,0,000000000,00000000000,0,0,0,1,0,0,0,0,0,0,0,55,0,1,5,12,98,6,2,1,0,0,0,1,17,61008,6,1,0,0,3,3,70,175,0,0,0,0,0,0,0,0,0,1,39,0,0,0,1,2,55,1,1,2,1,0,0,1,13,1,1,4,1,1,1
17,170062,1,1,1,6,1,11,30,42,0,1,0,17,1,20,20,20020,4,1991,2G1WL54T3M11,2,G,1,W,L,5,4,T,3,M,1,1,0,P,CHEV,LUM,4D,91,17,2957,,0,1075,,G,,F,6,191,,,14R195,,,,,,0,0,000000000,00000000000,0,0,0,1,0,0,0,0,0,0,0,998,0,0,0,12,12,6,2,42,0,0,0,1,17,60472,6,1,0,0,3,0,65,135,0,0,0,0,0,0,0,0,0,1,87,0,0,0,1,2,30,1,1,2,4,0,0,1,6,1,1,4,6,1,0
17,170063,1,1,1,1,2,8,46,35,0,1,0,17,2,49,482,49482,31,2004,5TBBT44114S4,5,T,B,B,T,4,4,1,1,4,S,4,0,T,TOYT,TT5,4C,4,17,,2,0,1283,TUN,G,,,8,285,,,,B,4160,00,U,44,0,0,000000000,00000000000,0,0,0,1,0,0,0,0,0,0,0,55,0,1,5,12,98,6,2,1,0,0,0,1,17,61442,6,1,0,0,3,0,71,150,0,0,0,2,0,12,2009,12,2009,1,36,87,0,0,1,2,55,1,1,2,3,0,0,1,6,1,2,4,2,1,1
17,170064,1,2,3,4,2,16,56,12,6,1,0,17,2,12,37,12037,4,2004,1FAFP38Z34W1,1,F,A,F,P,3,8,Z,3,4,W,1,0,P,FORD,FZT,4D,4,17,2586,,0,1030,,G,,F,4,140,,,15R195,,,,,,0,0,000000000,00000000000,0,0,0,1,0,0,0,0,0,0,0,998,0,0,0,10,10,6,2,12,0,0,0,1,17,62257,6,1,0,0,3,3,62,250,0,0,0,0,0,0,0,0,0,0,38,0,0,0,2,2,55,1,1,2,1,20,3,11,17,1,1,1,82,1,0
17,170064,2,2,1,4,2,16,56,12,6,1,0,17,1,12,23,12023,4,2011,3FAHP0GA4BR1,3,F,A,H,P,0,G,A,4,B,R,1,0,P,FORD,F/S,4D,11,17,3285,,0,1074,,G,,F,4,152,,,16R205,,,,,,0,0,000000000,00000000000,0,0,0,1,0,0,0,0,0,0,0,998,0,0,0,12,12,6,2,12,0,0,0,1,17,60914,6,1,0,0,3,3,77,255,0,0,0,0,0,0,0,0,0,0,0,0,0,0,1,2,55,1,1,2,1,0,0,1,67,1,1,1,83,0,0
17,170065,1,1,4,19,2,10,40,31,0,1,0,17,1,18,2,18002,4,2001,1G4HR54K71U2,1,G,4,H,R,5,4,K,7,1,U,2,0,P,BUIC,LLF,4D,1,17,3591,,0,1122,,G,,F,6,231,,,15R215,,,,,,0,0,000000000,00000000000,0,0,0,1,0,0,0,0,0,0,0,998,0,1,4,12,98,6,2,1,0,0,0,1,17,62363,6,1,0,0,3,0,61,116,0,0,0,0,0,0,0,0,0,1,51,0,0,0,6,1,65,3,2,1,1,0,0,14,12,1,1,4,6,1,0
17,170066,1,2,3,9,2,16,37,12,2,1,0,99,9,20,481,20481,31,1986,1GCCC14N7GS1,1,G,C,C,C,1,4,N,7,G,S,1,0,T,CHEV,C10,PK,86,17,,1,1315,1175,C10,G,,,6,262,,,,B,3282,06,,42,0,0,000000000,00000000000,0,0,0,1,0,0,0,0,0,0,0,998,0,0,0,12,12,6,2,12,0,0,0,1,17,62915,6,1,0,0,3,0,70,305,0,0,0,0,0,0,0,0,0,1,0,0,0,0,1,2,55,1,1,2,3,0,0,1,10,1,1,2,50,1,0
17,170066,2,2,1,9,2,16,37,12,2,1,0,17,3,12,423,12423,15,2002,1FMSU43F42ED,1,F,M,S,U,4,3,F,4,2,E,D,0,P,FORD,EXC,UT,2,17,7127,,0,1371,,D,,T,8,444,,,16R265,,,,,,0,0,000000000,00000000000,0,0,0,1,0,0,0,0,0,0,0,998,0,0,0,12,12,6,2,12,0,0,0,1,17,62949,6,1,6,0,3,3,73,145,0,0,0,0,0,0,0,0,0,1,0,0,0,0,1,2,55,1,1,2,3,0,0,1,62,1,1,1,51,0,0
17,170067,1,1,1,16,2,19,59,8,0,1,0,17,1,23,421,23421,15,1999,1GKEK13R5XJ7,1,G,K,E,K,1,3,R,5,X,J,7,0,T,GMC,YUK,4W,99,17,,2,0,1175,YUK,G,,,8,350,,,,B,5268,00,E,44,0,0,000000000,00000000000,0,0,0,1,0,0,0,0,0,0,0,998,0,0,0,12,12,6,2,8,0,0,0,1,17,60163,6,1,0,0,3,3,64,140,0,0,0,1,0,8,2008,8,2008,0,0,0,0,0,1,4,30,1,1,2,2,0,0,1,80,1,1,1,13,0,0
17,170068,1,1,1,17,2,17,6,34,0,1,0,17,2,20,481,20481,31,1998,1GCCS1442WK2,1,G,C,C,S,1,4,4,2,W,K,2,0,T,CHEV,S14,PK,98,17,,1,1179,1083,S,G,,,4,133,,,,B,3003,00,,42,0,0,000000000,00000000000,0,0,0,1,0,0,0,0,0,0,0,998,0,1,5,12,98,6,2,1,0,0,0,1,17,62839,6,1,0,0,3,0,64,125,0,0,0,0,0,0,0,0,0,1,28,0,0,0,1,2,55,2,3,2,1,0,0,14,6,1,4,4,2,1,1
17,170069,1,2,1,19,2,16,57,12,1,1,0,17,2,7,442,7442,20,2000,2B4GP2534YR8,2,B,4,G,P,2,5,3,4,Y,R,8,0,P,DODG,CAR,SV,0,17,3432,,0,1133,,G,,F,6,181,,,14R205,,,,,,0,0,000000000,00000000000,0,0,0,1,0,0,0,0,0,0,0,998,0,0,0,12,12,6,2,12,0,0,0,1,17,60803,6,1,0,0,3,0,70,200,0,0,0,0,0,0,0,0,0,1,0,0,0,0,2,5,65,1,1,1,1,0,0,1,51,1,1,1,24,1,0
17,170069,2,2,1,19,2,16,57,12,1,1,0,17,3,84,981,84981,50,1998,1HVBBABPXWH5,1,H,V,B,B,A,B,P,X,W,H,5,0,T,INTL,380,BU,98,17,,7,2760,1520,30S,D,,,8,444,,,,,00000,00,,42,0,57,519354,57519354,3,21,22,1,0,0,0,0,1,0,0,998,0,0,0,6,6,2,1,12,0,0,0,1,17,60452,6,1,6,1,3,3,72,225,0,0,0,0,0,0,0,0,0,0,0,0,0,0,2,5,65,1,1,1,1,0,0,1,53,1,1,1,25,0,0
17,170070,1,1,1,9,1,14,50,35,0,1,0,17,1,6,52,6052,6,2004,3C8FY78G44T2,3,C,8,F,Y,7,8,G,4,4,T,2,0,P,CHRY,PTC,SV,4,17,3217,,0,1030,,G,,T,4,148,,,17R205,,,,,,0,0,000000000,00000000000,0,0,0,1,0,0,0,0,0,0,0,998,0,0,0,12,12,6,2,35,0,0,0,1,17,61542,6,1,0,0,3,3,61,200,0,0,0,1,1,6,2008,10,2008,1,28,0,0,0,1,2,55,3,2,2,1,0,0,14,6,6,4,4,2,1,1
17,170071,1,1,5,19,2,22,3,35,0,1,0,51,1,14,6,14006,4,2006,2MEHM75V56X6,2,M,E,H,M,7,5,V,5,6,X,6,0,P,MERC,MGL,4D,6,17,4118,,0,1146,,F,,F,8,281,,,16R225,,,,,,0,0,000000000,00000000000,0,0,0,1,0,0,0,0,0,0,0,68,0,0,0,12,12,6,2,35,0,0,0,1,51,24101,6,1,0,0,3,0,67,185,0,0,0,1,0,7,2010,7,2010,1,28,0,0,0,3,2,65,1,1,2,1,0,0,98,9,1,7,4,7,2,0
17,170072,1,2,1,23,2,21,13,12,2,1,0,17,1,55,33,55033,4,2009,5NPEU46F59H5,5,N,P,E,U,4,6,F,5,9,H,5,0,P,HYUN,SLI,4D,9,17,3494,,0,1074,,G,,F,6,204,,,17R215,,,,,,0,0,000000000,00000000000,0,0,0,1,0,0,0,0,0,0,0,998,0,0,0,12,12,6,2,12,0,0,0,1,17,62629,6,1,0,0,3,0,65,125,0,0,0,0,0,0,0,0,0,0,28,0,0,0,1,2,55,2,1,2,2,0,0,14,10,1,1,2,50,1,0
17,170072,2,2,1,23,2,21,13,12,2,1,0,17,1,22,22,22022,4,2006,1G2ZH5580642,1,G,2,Z,H,5,5,8,0,6,4,2,0,P,PONT,GGT,4D,6,17,3426,,0,1123,,G,,F,6,214,,,17R225,,,,,,0,0,000000000,00000000000,0,0,0,1,0,0,0,0,0,0,0,998,0,0,0,12,12,6,2,12,0,0,0,1,17,62629,6,1,0,0,3,3,67,125,1,0,0,1,0,10,2008,10,2008,0,0,0,0,0,1,2,55,3,1,2,2,0,0,14,62,1,1,1,51,1,0
17,170073,1,2,1,9,2,14,10,12,6,1,0,17,1,20,22,20022,4,2005,1G1AK52F5576,1,G,1,A,K,5,2,F,5,5,7,6,0,P,CHEV,CBT,4D,5,17,3216,,0,1033,,G,,F,4,134,,,15R195,,,,,,0,0,000000000,00000000000,0,0,0,1,0,0,0,0,0,0,0,998,0,0,0,9,9,6,2,12,0,0,0,1,17,62871,6,2,0,0,3,3,65,120,0,0,0,0,0,0,0,0,0,0,87,0,0,0,1,2,55,2,1,2,3,0,0,14,5,1,7,2,66,1,0
17,170073,2,2,1,9,2,14,10,12,6,1,0,17,3,82,881,82881,66,2006,1FUJF6CV06DW,1,F,U,J,F,6,C,V,0,6,D,W,1,T,FRHT,CLC,TR,6,17,,8,0,0,CON,D,,,6,782,,,,,00000,00,,64,1,57,1049873,571049873,3,6,4,1,0,0,0,0,0,0,0,998,0,0,0,12,12,6,2,12,0,0,0,1,17,62821,6,1,6,0,3,0,72,220,0,0,0,0,0,0,0,0,0,0,0,0,0,0,1,2,55,3,1,2,3,0,0,14,62,1,1,1,66,0,0
17,170075,1,1,1,3,2,23,25,8,0,1,0,17,1,52,402,52402,14,2004,4A4MM21S84E0,4,A,4,M,M,2,1,S,8,4,E,0,0,P,MITS,END,UT,4,17,3847,,0,1083,,G,,F,6,231,,,17R235,,,,,,0,0,000000000,00000000000,0,0,0,1,0,0,0,0,0,0,0,998,0,0,0,12,12,2,1,8,0,0,0,1,17,61821,6,1,0,0,3,3,72,270,0,0,0,0,0,0,0,0,0,0,0,0,0,0,1,2,99,1,1,2,4,0,0,1,80,6,4,2,13,0,0
17,170076,1,2,1,10,1,15,44,12,6,1,0,17,1,12,23,12023,4,2010,3FAHP0HGXAR2,3,F,A,H,P,0,H,G,X,A,R,2,0,P,FORD,F/E,4D,10,17,3591,,0,1074,,F,,F,6,183,,,16R205,,,,,,0,0,000000000,00000000000,0,0,0,1,0,0,0,0,0,0,0,998,0,0,0,3,12,6,2,12,0,0,0,1,17,60185,6,1,0,0,3,3,63,115,0,0,0,0,0,0,0,0,0,0,38,52,0,0,2,4,99,1,1,2,1,20,3,1,17,1,1,1,90,1,0
17,170076,2,2,1,10,1,15,44,12,6,1,1,99,9,99,999,99999,99,9999,999999999999,9,9,9,9,9,9,9,9,9,9,9,9,0,,,,,,,,,,,,,,,,,,,,,,,,,0,0,000000000,00000000000,0,0,0,1,0,0,0,0,0,0,0,998,0,0,0,12,12,2,1,12,0,0,0,1,99,99999,9,9,99,9,9,9,999,999,99,99,99,99,99,99,9999,99,9999,0,0,0,0,0,1,4,99,1,1,2,1,20,3,1,17,1,1,1,90,0,0
17,170077,1,1,1,18,2,21,55,8,0,1,1,99,9,99,399,99399,4,9999,999999999999,9,9,9,9,9,9,9,9,9,9,9,9,0,,,,,,,,,,,,,,,,,,,,,,,,,0,0,000000000,00000000000,0,0,0,1,0,0,0,0,0,0,0,998,0,0,0,12,12,2,1,8,0,0,0,1,99,99999,9,9,99,9,9,9,999,999,99,99,99,99,99,99,9999,99,9999,0,99,99,99,99,1,4,30,1,3,2,1,0,0,1,80,99,1,1,13,0,0
17,170078,1,1,1,21,2,15,20,35,0,1,0,17,1,20,2,20002,4,2009,2G1WT57K2912,2,G,1,W,T,5,7,K,2,9,1,2,0,P,CHEV,ILT,4D,9,17,3555,,0,1105,,F,,F,6,214,,,16R225,,,,,,0,0,000000000,00000000000,0,0,0,1,0,0,0,0,0,0,0,998,0,1,5,14,98,6,2,1,0,0,0,1,17,61443,6,1,0,0,3,3,73,150,0,0,0,1,0,6,2010,6,2010,0,53,0,0,0,1,2,55,2,2,2,2,0,0,14,5,1,4,4,7,1,0
17,170079,1,2,4,17,1,19,6,12,2,1,0,17,2,12,401,12401,14,1997,1FMDU35PXVZB,1,F,M,D,U,3,5,P,X,V,Z,B,0,P,FORD,EPR,UT,97,17,4166,,0,1115,,G,,F,8,302,,,15R225,,,,,,0,0,000000000,00000000000,0,0,0,1,0,0,0,0,0,0,0,998,0,0,0,12,12,6,2,12,0,0,0,1,17,60021,6,1,0,0,3,3,69,190,0,0,0,0,0,0,0,0,0,1,28,87,0,0,1,2,45,1,1,2,3,0,0,1,6,1,3,2,50,1,0
17,170079,2,2,1,17,1,19,6,12,2,1,0,17,1,37,402,37402,14,2004,JHLRD78824C0,J,H,L,R,D,7,8,8,2,4,C,0,0,P,HOND,CRV,UT,4,17,3347,,0,1031,,G,,F,4,146,,,15R205,,,,,,0,0,000000000,00000000000,0,0,0,1,0,0,0,0,0,0,0,998,0,0,0,12,12,6,2,12,0,0,0,1,17,60014,6,1,0,0,3,0,64,150,0,0,0,0,0,0,0,0,0,0,0,0,0,0,1,2,45,1,1,2,3,0,0,1,62,7,1,1,51,0,0
17,170080,1,3,2,18,2,20,0,12,6,1,0,17,3,7,24,7024,4,2007,2B3LA43R27H6,2,B,3,L,A,4,3,R,2,7,H,6,0,P,DODG,CTL,4D,7,17,3648,,0,1200,,G,,F,6,165,,,17R215,,,,,,0,0,000000000,00000000000,0,0,0,1,0,0,0,0,0,0,0,998,0,0,0,61,98,6,2,12,0,0,0,1,17,62948,6,1,0,0,3,0,60,155,0,0,0,0,1,7,2010,7,2010,0,38,0,0,0,1,2,35,1,1,2,1,0,0,11,55,1,1,1,82,1,0
17,170080,2,3,2,18,2,20,0,12,6,1,0,17,3,12,470,12470,28,2006,1FDWE35P16DA,1,F,D,W,E,3,5,P,1,6,D,A,0,T,FORD,3DC,YY,6,17,,3,1760,1380,CTV,D,,,8,366,,,,,00000,00,K,42,0,0,000000000,00000000000,0,0,0,1,0,0,0,0,0,6,1,998,0,0,0,12,12,6,2,12,0,0,0,1,17,62918,6,1,0,0,3,0,71,180,0,0,0,0,1,4,2008,4,2008,0,0,0,0,0,5,4,35,1,1,2,1,0,0,1,72,1,1,1,83,0,0
17,170080,3,3,2,18,2,20,0,12,6,1,0,17,1,2,404,2404,14,1999,1J4GW58S7XC5,1,J,4,G,W,5,8,S,7,X,C,5,0,T,JEEP,LRO,4W,99,17,,1,0,1059,GCK,G,,,6,242,,,,,3809,00,E,44,0,0,000000000,00000000000,0,0,0,1,0,0,0,0,0,0,0,998,0,0,0,12,12,6,2,12,0,0,0,1,17,62933,6,1,0,0,3,3,70,190,0,0,0,0,0,0,0,0,0,0,0,0,0,0,5,4,35,1,1,2,1,0,0,1,62,1,1,1,98,0,0
17,170081,1,1,1,21,2,19,45,8,0,1,0,17,1,12,13,12013,2,1998,3FAKP1132WR2,3,F,A,K,P,1,1,3,2,W,R,2,0,P,FORD,ZXS,CP,98,17,2478,,0,984,,G,,F,4,121,,,14R185,,,,,,0,0,000000000,00000000000,0,0,0,1,0,0,0,0,0,0,0,998,0,0,0,12,12,6,2,8,0,0,0,1,17,60143,6,1,0,0,3,3,67,215,0,0,0,0,0,0,0,0,0,0,0,0,0,0,3,3,55,1,1,2,4,0,0,1,80,1,1,1,13,0,0
17,170082,1,2,2,1,3,18,24,12,2,1,0,17,1,35,49,35049,6,2009,JN8AZ18W09W2,J,N,8,A,Z,1,8,W,0,9,W,2,0,P,NISS,MUR,UT,9,17,4009,,0,1112,,G,,F,6,214,,,18R235,,,,,,0,0,000000000,00000000000,0,0,0,1,0,0,0,0,0,0,0,998,0,0,0,12,12,6,2,12,0,0,0,1,17,60102,6,1,0,0,3,3,69,170,0,0,0,0,0,0,0,0,0,0,28,0,0,0,1,2,99,1,1,2,1,0,0,15,10,1,1,2,50,1,0
17,170082,2,2,2,1,3,18,24,12,2,1,0,17,1,20,422,20422,15,2008,1GNFK16388J1,1,G,N,F,K,1,6,3,8,8,J,1,0,P,CHEV,K15,UT,8,17,5743,,0,1300,,F,,F,8,323,,,17R265,,,,,,0,0,000000000,00000000000,0,0,0,1,0,0,0,0,0,0,0,998,0,0,0,12,12,6,2,12,0,0,0,1,17,60188,6,1,6,0,3,0,73,235,0,0,0,0,0,0,0,0,0,0,0,0,0,0,1,2,99,1,1,2,1,0,0,1,62,1,1,1,51,0,0
17,170083,1,2,4,23,2,10,51,12,6,1,0,18,1,49,49,49049,6,2008,JTLKE50E5810,J,T,L,K,E,5,0,E,5,8,1,0,0,P,TOYT,SXB,UT,8,17,3020,,0,1024,,G,,F,4,146,,,16R205,,,,,,0,0,000000000,00000000000,0,0,0,1,0,0,0,0,0,0,0,998,0,0,0,12,12,6,2,12,0,0,0,1,18,47879,6,1,0,0,3,3,66,160,0,0,0,0,0,0,0,0,0,9,38,0,0,0,1,2,55,1,2,2,2,20,3,1,17,1,1,1,88,1,0
17,170083,2,2,1,23,2,10,51,12,6,1,0,17,2,85,881,85881,66,1997,1XKWDB9X2VJ7,1,X,K,W,D,B,9,X,2,V,J,7,1,T,KW,W90,TR,97,17,,8,0,0,CON,D,,,6,893,,,,,00000,00,,64,1,57,1436222,571436222,3,6,4,1,0,0,0,0,0,0,0,998,0,0,0,9,9,2,1,12,0,0,0,1,17,62476,6,1,6,0,3,0,69,160,0,0,0,1,0,1,2009,1,2009,0,0,0,0,0,1,2,55,1,2,2,2,0,0,1,66,1,1,1,89,0,0
17,170084,1,1,1,26,1,16,9,33,0,1,0,17,1,14,17,14017,4,1994,1MELM50U3RG6,1,M,E,L,M,5,0,U,3,R,G,6,0,P,MERC,SGS,4D,94,17,3126,,0,1060,,G,,F,6,182,,,15R205,,,,,,0,0,000000000,00000000000,0,0,0,1,0,0,0,0,0,0,0,33,0,0,0,14,98,6,2,42,0,0,0,1,17,60005,6,1,0,0,3,0,71,210,0,0,0,1,0,7,2009,7,2009,1,0,0,0,0,1,2,25,1,1,2,2,0,0,1,13,1,1,4,1,1,0
17,170085,1,2,1,17,2,18,17,12,6,1,0,17,1,12,17,12017,4,1998,1FAFP52U4WG2,1,F,A,F,P,5,2,U,4,W,G,2,0,P,FORD,TLS,4D,98,17,3359,,0,1085,,G,,F,6,182,,,15R205,,,,,,0,0,000000000,00000000000,0,0,0,1,0,0,0,0,0,0,0,998,0,0,0,11,11,6,2,12,0,0,0,1,17,62918,6,1,0,0,3,0,67,140,0,0,0,1,0,3,2010,3,2010,0,38,0,0,0,3,2,55,1,1,2,1,20,3,11,15,1,1,1,82,0,0