STATE,ST_CASE,VEH_NO,VE_FORMS,NUMOCCS,DAY,MONTH,HOUR,MINUTE,HARM_EV,MAN_COLL,UNITTYPE,HIT_RUN,REG_STAT,OWNER,MAKE,MODEL,MAK_MOD,BODY_TYP,MOD_YEAR,VIN,VIN_1,VIN_2,VIN_3,VIN_4,VIN_5,VIN_6,VIN_7,VIN_8,VIN_9,VIN_10,VIN_11,VIN_12,TOW_VEH,VINTYPE,VINMAKE,VINA_MOD,VIN_BT,VINMODYR,VIN_LNGT,VIN_WGT,WGTCD_TR,WHLBS_LG,WHLBS_SH,SER_TR,FUELCODE,MCYCL_DS,CARBUR,CYLINDER,DISPLACE,MCYCL_CY,MCYCL_WT,TIRE_SZE,TON_RAT,TRK_WT,TRKWTVAR,VIN_REST,WHLDRWHL,J_KNIFE,MCARR_I1,MCARR_I2,MCARR_ID,GVWR,V_CONFIG,CARGO_BT,HAZ_INV,HAZ_PLAC,HAZ_ID,HAZ_CNO,HAZ_REL,BUS_USE,SPEC_USE,EMER_USE,TRAV_SP,UNDERIDE,ROLLOVER,ROLINLOC,IMPACT1,IMPACT2,DEFORMED,TOWED,M_HARM,VEH_SC1,VEH_SC2,FIRE_EXP,DR_PRES,L_STATE,DR_ZIP,L_STATUS,L_TYPE,CDL_STAT,L_ENDORS,L_COMPL,L_RESTRI,DR_HGT,DR_WGT,PREV_ACC,PREV_SUS,PREV_DWI,PREV_SPD,PREV_OTH,FIRST_MO,FIRST_YR,LAST_MO,LAST_YR,SPEEDREL,DR_SF1,DR_SF2,DR_SF3,DR_SF4,VTRAFWAY,VNUM_LAN,VSPD_LIM,VALIGN,VPROFILE,VPAVETYP,VSURCOND,VTRAFCON,VTCONT_F,P_CRASH1,P_CRASH2,P_CRASH3,PCRASH4,PCRASH5,ACC_TYPE,DEATHS,DR_DRINK
17,170085,2,2,1,17,2,18,17,12,6,1,0,17,1,76,705,76705,80,2006,JYARJ06E56A0,J,Y,A,R,J,0,6,E,5,6,A,0,0,M,YAMA,R6L,RC,6,17,,,,,,,599,,4,,4,357,,,,,,,0,0,000000000,00000000000,0,0,0,1,0,0,0,0,0,0,0,998,0,0,0,12,12,6,2,12,0,0,0,1,17,62924,6,1,0,0,3,0,70,160,0,0,0,1,0,1,2010,1,2010,0,0,0,0,0,3,2,55,1,1,2,1,0,0,1,66,1,1,1,83,1,0
17,170086,1,1,1,17,2,20,32,35,0,1,0,17,1,12,471,12471,30,1994,1FTCR10A3RPA,1,F,T,C,R,1,0,A,3,R,P,A,0,T,FORD,RNG,PK,94,17,,1,1140,1080,RNG,G,,,4,140,,,,B,2918,00,A,42,0,0,000000000,00000000000,0,0,0,1,0,0,0,0,0,0,0,998,0,1,5,12,12,6,2,1,0,0,0,1,17,61764,6,1,0,0,3,3,67,165,0,0,0,0,0,0,0,0,0,1,28,0,0,0,1,2,55,3,1,2,2,0,0,14,6,1,2,4,2,1,0
17,170087,1,2,1,18,2,20,43,14,0,1,0,17,1,72,706,72706,80,2005,1HD1CGP145K4,1,H,D,1,C,G,P,1,4,5,K,4,0,M,HD,20C,RS,5,17,,,,,,,1199,,2,,4,554,,,,,,,0,0,000000000,00000000000,0,0,0,1,0,0,0,0,0,0,0,998,0,0,0,12,9,6,2,14,0,0,0,1,17,60954,6,1,6,3,3,3,70,130,1,0,0,1,0,2,2008,2,2008,1,28,0,0,0,1,2,30,1,1,2,1,0,0,1,50,1,1,2,98,1,1
17,170087,3,2,1,18,2,20,43,14,0,1,0,17,2,72,706,72706,80,2007,1HD4CN2187K4,1,H,D,4,C,N,2,1,8,7,K,4,0,M,HD,X88,RS,7,17,,,,,,,883,,2,,4,563,,,,,,,0,0,000000000,00000000000,0,0,0,1,0,0,0,0,0,0,0,998,0,0,0,3,3,6,2,12,0,0,0,1,17,60914,6,1,0,0,3,3,71,155,0,0,0,0,0,0,0,0,0,0,0,0,0,0,1,2,30,1,1,2,1,0,0,1,64,1,1,1,98,0,0
17,170088,1,2,1,21,2,17,30,12,6,1,0,17,2,12,481,12481,31,2010,1FTFW1EV0AFC,1,F,T,F,W,1,E,V,0,A,F,C,0,T,FORD,F1S,CW,10,17,,2,1570,1450,COF,F,,,8,329,,,,B,5345,00,7,44,0,0,000000000,00000000000,0,0,0,1,0,0,0,0,0,0,0,75,0,0,0,12,12,6,2,12,0,0,0,1,17,60178,6,1,0,0,3,0,71,200,0,0,0,0,0,0,0,0,0,1,39,0,0,0,1,2,45,1,1,2,2,3,3,1,17,1,1,1,88,0,0
17,170088,2,2,2,21,2,17,30,12,6,1,0,17,2,22,18,22018,4,2001,1G2NE52T41M6,1,G,2,N,E,5,2,T,4,1,M,6,0,P,PONT,GAS,4D,1,17,3116,,0,1070,,G,,F,4,146,,,15R215,,,,,,0,0,000000000,00000000000,0,0,0,1,0,0,0,0,0,0,0,18,0,0,0,9,9,6,2,12,0,0,0,1,17,60178,6,1,0,0,3,0,76,200,0,0,0,1,0,3,2008,3,2008,0,0,0,0,0,1,2,45,1,1,2,2,3,3,1,66,1,1,1,89,2,0
17,170089,1,5,1,23,2,19,1,12,7,1,1,99,9,99,999,99999,99,9999,999999999999,9,9,9,9,9,9,9,9,9,9,9,9,1,,,,,,,,,,,,,,,,,,,,,,,,,1,0,000000000,00000000000,9,0,0,1,0,0,0,0,0,0,0,998,0,0,0,82,82,2,1,12,0,0,0,1,99,99999,9,9,99,9,9,9,999,999,99,99,99,99,99,99,9999,99,9999,1,99,99,99,99,3,4,65,1,1,1,1,0,0,15,51,1,1,2,46,0,0
17,170089,2,5,1,23,2,19,1,12,7,1,0,17,1,49,32,49032,4,1995,1NXAE04B5SZ3,1,N,X,A,E,0,4,B,5,S,Z,3,0,P,TOYT,COA,4D,95,17,2315,,0,970,,G,,F,4,097,,,14R175,,,,,,0,0,000000000,00000000000,0,0,0,1,0,0,0,0,0,0,0,998,0,0,0,63,98,6,2,12,0,0,0,1,17,60640,6,1,0,0,3,3,70,250,0,0,0,0,1,9,2010,9,2010,0,0,0,0,0,3,4,65,1,1,1,1,0,0,1,60,1,1,1,45,0,0
17,170089,3,5,1,23,2,19,1,12,7,1,0,17,1,7,442,7442,20,1997,1B4GP44R5VB4,1,B,4,G,P,4,4,R,5,V,B,4,0,T,DODG,GSS,ES,97,17,,1,0,1193,CAR,G,,,6,201,,,,,3748,00,E,42,0,0,000000000,00000000000,0,0,0,1,0,0,0,0,0,0,0,998,0,0,0,12,98,6,2,12,0,0,0,1,17,60060,6,1,0,0,3,0,71,182,0,0,0,0,0,0,0,0,0,0,0,0,0,0,3,4,65,1,1,1,1,0,0,1,61,6,1,2,98,0,0
17,170089,4,5,2,23,2,19,1,12,7,1,0,17,1,55,35,55035,4,1998,KMHJF34M3WU7,K,M,H,J,F,3,4,M,3,W,U,7,0,P,HYUN,EGS,4D,98,17,2668,,0,1004,,G,,F,4,110,,,14R195,,,,,,0,0,000000000,00000000000,0,0,0,1,0,0,0,0,0,0,0,998,0,0,0,82,82,6,2,12,0,0,0,1,17,60634,6,1,0,0,3,3,62,125,0,0,0,0,0,0,0,0,0,0,0,0,0,0,3,4,65,1,1,1,1,0,0,1,61,7,1,2,98,1,0
17,170089,5,5,1,23,2,19,1,12,7,1,0,40,3,82,883,82883,66,2004,1FUJA6AS34LM,1,F,U,J,A,6,A,S,3,4,L,M,1,T,FRHT,COL,TR,4,17,,8,0,0,CON,D,,,6,732,,,,,00000,00,,64,1,57,98137,5798137,3,6,4,1,0,0,0,0,0,0,0,998,0,0,0,63,63,2,1,12,0,0,0,1,18,46307,6,1,6,0,3,3,72,250,1,1,0,0,1,5,2008,7,2008,0,0,0,0,0,3,4,65,1,1,1,1,0,0,1,60,1,1,1,98,0,0
17,170090,1,1,1,7,3,16,33,9,0,1,0,17,1,37,32,37032,2,2009,1HGCS12859A0,1,H,G,C,S,1,2,8,5,9,A,0,0,P,HOND,AXL,CP,9,17,3307,,0,1079,,G,,F,4,146,,,17R225,,,,,,0,0,000000000,00000000000,0,0,0,1,0,0,0,0,0,0,0,56,0,0,0,12,12,6,2,9,0,0,0,1,17,61880,6,1,6,3,3,0,69,160,0,0,0,1,1,1,2009,12,2009,1,0,0,0,0,1,2,55,1,1,2,1,0,0,1,83,1,1,1,13,0,0
17,170091,1,1,1,27,2,6,24,52,0,1,0,17,1,20,16,20016,4,2002,1G1JC5243274,1,G,1,J,C,5,2,4,3,2,7,4,0,P,CHEV,CAC,4D,2,17,2676,,0,1041,,C,,F,4,133,,,14R195,,,,,,0,0,000000000,00000000000,0,0,0,1,0,0,0,0,0,0,0,998,0,0,0,12,12,6,2,52,0,0,0,1,17,62214,6,1,0,0,3,3,68,165,0,0,0,0,0,0,0,0,0,0,0,0,0,0,1,2,55,1,1,2,1,0,0,1,12,1,1,4,6,1,0
17,170092,1,1,2,7,3,0,38,1,0,1,0,17,2,20,431,20431,16,1998,1GNFK16R7WJ3,1,G,N,F,K,1,6,R,7,W,J,3,0,P,CHEV,K15,UT,98,17,4825,,0,1315,,G,,F,8,350,,,16R245,,,,,,0,0,000000000,00000000000,0,0,0,1,0,0,0,0,0,0,0,51,0,1,5,0,98,6,2,1,0,0,0,1,17,62203,6,1,0,0,3,0,66,186,0,0,0,0,0,0,0,0,0,1,36,0,0,0,1,2,40,3,1,2,1,0,0,14,6,1,2,4,2,1,1
17,170093,1,1,2,28,2,19,20,8,0,1,0,17,1,35,48,35048,2,2003,JN1AZ34D93T1,J,N,1,A,Z,3,4,D,9,3,T,1,0,P,NISS,3ZC,CP,3,17,3062,,0,1083,,G,,F,6,214,,,17R225,,,,,,0,0,000000000,00000000000,0,0,0,1,0,0,0,0,0,0,0,40,0,0,0,12,12,6,2,8,0,0,0,1,17,60565,6,1,0,0,3,0,71,145,0,0,0,1,0,3,2010,3,2010,0,0,0,0,0,1,4,45,1,2,2,1,0,0,1,80,1,1,1,13,0,0
17,170094,1,1,2,13,2,2,2,23,0,1,0,17,2,22,20,22020,4,1999,1G2WP52K3XF2,1,G,2,W,P,5,2,K,3,X,F,2,0,P,PONT,GPG,4D,99,17,3428,,0,1105,,G,,F,6,231,,,16R225,,,,,,0,0,000000000,00000000000,0,0,0,1,0,0,0,0,0,0,0,998,0,1,5,12,98,6,2,1,0,0,0,1,17,62263,6,1,0,0,3,3,69,130,0,0,0,0,0,0,0,0,0,1,0,0,0,0,1,2,55,1,1,2,1,0,0,1,12,1,1,4,6,1,1
17,170095,1,1,2,28,2,18,26,8,0,1,0,17,2,12,37,12037,4,2010,1FAHP3HN0AW1,1,F,A,H,P,3,H,N,0,A,W,1,0,P,FORD,FCL,4D,10,17,2623,,0,1029,,G,,F,4,122,,,16R205,,,,,,0,0,000000000,00000000000,0,0,0,1,0,0,0,0,0,0,0,998,0,0,0,12,12,6,2,8,0,0,0,1,17,62012,6,2,0,0,3,3,63,115,0,0,0,0,0,0,0,0,0,0,0,0,0,0,1,4,40,1,1,2,1,0,0,1,80,6,1,1,13,0,0
17,170096,1,1,5,13,3,10,30,34,0,1,0,17,2,22,18,22018,4,2002,1G2NW52E42M6,1,G,2,N,W,5,2,E,4,2,M,6,0,P,PONT,GAG,4D,2,17,3168,,0,1070,,G,,F,6,207,,,16R225,,,,,,0,0,000000000,00000000000,0,0,0,1,0,0,0,0,0,0,0,998,0,1,5,14,98,6,2,1,0,0,0,1,17,62215,2,1,0,0,2,0,999,999,0,2,0,1,2,12,2009,6,2010,1,28,0,0,0,1,2,55,4,1,2,1,0,0,14,6,1,4,4,7,1,1
17,170097,1,1,1,13,3,20,42,8,0,1,0,17,1,12,870,12870,61,2001,1FDWE35L41HA,1,F,D,W,E,3,5,L,4,1,H,A,0,T,FORD,3DC,YY,1,17,,3,1760,1380,CTV,G,,,8,330,,,,,4825,08,E,42,0,88,888888888,88888888888,2,1,1,1,0,0,0,0,0,0,0,998,0,0,0,12,12,2,1,8,0,0,0,1,17,62969,6,1,0,0,3,3,72,195,0,0,0,0,0,0,0,0,0,0,0,0,0,0,1,2,40,1,1,2,2,0,0,1,80,6,1,2,13,0,0
17,170098,1,2,1,8,3,11,42,12,2,1,0,17,1,18,18,18018,4,1992,1G4NJ54N2NC6,1,G,4,N,J,5,4,N,2,N,C,6,0,P,BUIC,SKY,4D,92,17,2782,,0,1034,,G,,F,6,204,,,14R185,,,,,,0,0,000000000,00000000000,0,0,0,1,0,0,0,0,0,0,0,998,0,0,0,12,12,6,2,12,0,0,0,1,17,61345,6,1,0,0,3,3,71,215,0,0,0,0,0,0,0,0,0,0,51,52,0,0,1,2,99,1,3,2,1,0,0,1,10,1,1,2,50,1,0
17,170098,2,2,1,8,3,11,42,12,2,1,0,17,1,20,481,20481,31,2000,1GCEK19V3YZ2,1,G,C,E,K,1,9,V,3,Y,Z,2,0,T,CHEV,SK1,3C,0,17,,2,1575,1435,SIL,G,,,8,293,,,,B,4621,02,,44,0,0,000000000,00000000000,0,0,0,1,0,0,0,0,0,0,0,998,0,0,0,12,12,6,2,12,0,0,0,1,17,61361,6,1,0,0,3,3,72,200,0,0,0,0,0,0,0,0,0,0,0,0,0,0,1,2,99,1,1,2,1,0,0,1,62,1,1,1,51,0,0
17,170099,1,2,2,6,3,3,6,12,6,1,0,17,2,2,404,2404,14,2006,1J4HR58206C3,1,J,4,H,R,5,8,2,0,6,C,3,0,T,JEEP,LMT,4W,6,17,,1,0,1095,GCK,G,,,8,348,,,,,4697,00,E,44,0,0,000000000,00000000000,0,0,0,1,0,0,0,0,0,0,0,998,0,1,1,9,98,6,2,1,0,0,0,1,17,60631,6,1,0,0,3,3,68,155,0,0,0,1,0,9,2008,9,2008,0,39,0,0,0,1,2,30,1,1,2,4,3,3,1,55,1,1,1,89,1,1
17,170099,2,2,2,6,3,3,6,12,6,1,0,17,1,49,46,49046,5,2010,JTDKN3DU5A11,J,T,D,K,N,3,D,U,5,A,1,1,0,P,TOYT,PRI,4H,10,17,3042,,0,1063,,B,,F,4,110,,,15R195,,,,,,0,0,000000000,00000000000,0,0,0,1,0,0,0,0,0,0,0,998,0,0,0,12,12,6,2,12,36,0,0,1,17,60628,1,1,0,0,2,0,73,182,0,2,0,0,2,9,2009,2,2011,0,92,0,0,0,1,2,30,1,1,2,1,0,0,1,66,1,1,1,88,0,0
17,170100,1,2,2,12,3,18,42,12,6,1,0,17,2,22,22,22022,2,2009,1G2ZG57B6942,1,G,2,Z,G,5,7,B,6,9,4,2,0,P,PONT,G/6,4D,9,17,3305,,0,1123,,G,,F,4,146,,,17R215,,,,,,0,0,000000000,00000000000,0,0,0,1,0,0,0,0,0,0,0,85,0,1,1,12,98,6,2,1,0,0,0,1,17,60185,6,1,0,0,3,0,69,130,0,0,0,0,0,0,0,0,0,1,39,36,0,0,1,2,25,1,2,2,1,20,3,1,17,1,1,1,86,1,0
17,170100,2,2,3,12,3,18,42,12,6,1,0,17,2,12,422,12422,15,2005,1FMFU18595LA,1,F,M,F,U,1,8,5,9,5,L,A,0,P,FORD,EPT,UT,5,17,5607,,0,1191,,G,,F,8,330,,,17R265,,,,,,0,0,000000000,00000000000,0,0,0,1,0,0,0,0,0,0,0,998,0,1,1,1,98,6,2,1,0,0,0,1,17,60189,6,1,0,0,3,0,71,230,0,0,0,1,0,10,2010,10,2010,0,0,0,0,0,1,2,25,1,2,2,1,0,0,1,66,1,1,1,87,0,0
17,170101,1,2,1,21,1,1,58,12,6,1,1,99,9,99,999,99999,99,9999,999999999999,9,9,9,9,9,9,9,9,9,9,9,9,0,,,,,,,,,,,,,,,,,,,,,,,,,0,0,000000000,00000000000,0,0,0,1,0,0,0,0,0,0,0,998,0,0,0,12,99,9,1,12,0,0,0,1,99,99999,9,9,99,9,9,9,999,999,99,99,99,99,99,99,9999,99,9999,0,99,99,99,99,3,4,30,1,1,2,4,2,3,99,99,99,9,9,88,0,0
17,170101,2,2,1,21,1,1,58,12,6,1,0,17,1,20,37,20037,4,2005,1G1ZT54835F2,1,G,1,Z,T,5,4,8,3,5,F,2,0,P,CHEV,M/L,4D,5,17,3297,,0,1063,,G,,F,6,214,,,15R205,,,,,,0,0,000000000,00000000000,0,0,0,1,0,0,0,0,0,0,0,998,0,0,0,9,9,6,2,12,0,0,0,1,17,60616,6,1,0,0,3,0,67,300,0,0,0,2,0,5,2008,4,2009,0,0,0,0,0,3,4,30,1,1,2,4,2,3,1,17,99,1,1,89,1,0
17,170102,1,3,1,27,2,15,56,12,7,1,0,17,2,22,18,22018,2,2001,1G2NW12E21M5,1,G,2,N,W,1,2,E,2,1,M,5,0,P,PONT,GAG,CP,1,17,3091,,0,1070,,G,,F,6,207,,,16R225,,,,,,0,0,000000000,00000000000,0,0,0,1,0,0,0,0,0,0,0,998,0,0,0,5,98,6,2,12,0,0,0,1,17,60050,6,1,0,0,3,3,69,150,0,0,0,0,0,0,0,0,0,1,28,0,0,0,2,4,50,1,1,2,2,0,0,6,6,1,2,2,44,1,0
17,170102,2,3,1,27,2,15,56,12,7,1,0,17,2,22,2,22002,4,1994,1G2HX52L8R42,1,G,2,H,X,5,2,L,8,R,4,2,0,P,PONT,BVS,4D,94,17,3446,,0,1108,,G,,F,6,231,,,15R215,,,,,,0,0,000000000,00000000000,0,0,0,1,0,0,0,0,0,0,0,50,0,0,0,7,7,2,1,12,0,0,0,1,17,60013,6,1,0,0,3,3,60,96,0,0,0,0,1,9,2010,9,2010,0,0,0,0,0,2,4,50,1,1,2,2,0,0,1,61,1,1,1,45,0,0
17,170102,3,3,2,27,2,15,56,12,7,1,0,17,1,47,35,47035,4,2003,YS3FD49Y7310,Y,S,3,F,D,4,9,Y,7,3,1,0,0,P,SAA,93A,4D,3,17,3420,,0,1053,,G,,T,4,121,,,16R215,,,,,,0,0,000000000,00000000000,0,0,0,1,0,0,0,0,0,0,0,998,0,0,0,12,12,6,2,12,0,0,0,1,17,60123,6,1,0,0,3,0,68,173,0,0,0,0,0,0,0,0,0,0,0,0,0,0,2,4,50,1,1,2,2,0,0,1,62,1,1,1,98,0,0
17,170103,1,2,1,10,3,6,28,12,6,1,0,17,1,12,481,12481,31,2004,1FTSW31PX4EA,1,F,T,S,W,3,1,P,X,4,E,A,0,T,FORD,F3S,CW,4,17,,2,1724,1562,SRW,D,,,8,366,,,,D,6267,00,E,44,0,0,000000000,00000000000,0,0,0,1,0,0,0,0,0,0,0,998,0,0,0,12,12,6,2,12,0,0,0,1,17,61944,6,1,6,3,3,3,69,180,0,0,0,0,0,0,0,0,0,0,0,0,0,0,5,2,35,1,1,2,2,2,3,4,17,1,1,1,88,0,0
17,170103,2,2,1,10,3,6,28,12,6,1,0,17,1,20,16,20016,4,2005,1G1ND52FX5M1,1,G,1,N,D,5,2,F,X,5,M,1,0,P,CHEV,CLA,4D,5,17,3106,,0,1070,,G,,F,4,134,,,15R205,,,,,,0,0,000000000,00000000000,0,0,0,1,0,0,0,0,0,0,0,998,0,0,0,9,9,6,2,12,0,0,0,1,17,61944,6,1,0,0,3,3,66,120,0,0,0,1,0,5,2008,5,2008,0,39,0,0,0,5,2,35,1,1,2,2,3,3,1,66,1,1,1,89,1,0
17,170104,1,1,1,29,1,0,59,42,0,1,0,17,1,37,31,37031,2,2004,1HGEM22524L0,1,H,G,E,M,2,2,5,2,4,L,0,0,P,HOND,UCL,CP,4,17,2449,,0,1031,,G,,F,4,102,,,000000,,,,,,0,0,000000000,00000000000,0,0,0,1,0,0,0,0,0,0,0,998,0,0,0,2,98,6,2,42,0,0,0,1,17,61701,6,1,6,3,3,3,75,195,0,0,0,0,0,0,0,0,0,0,0,0,0,0,1,2,45,1,1,2,1,0,0,1,12,1,1,4,6,1,1
17,170106,1,1,1,18,3,18,38,33,0,1,0,0,0,37,733,37733,90,1986,000000000000,0,0,0,0,0,0,0,0,0,0,0,0,0,,,,,,,,,,,,,,,,,,,,,,,,,0,0,000000000,00000000000,0,0,0,1,0,0,0,0,0,0,0,35,0,0,0,14,98,6,2,40,0,0,0,1,55,61109,1,1,0,0,2,0,68,200,0,0,0,0,0,0,0,0,0,1,0,0,0,0,1,2,30,1,1,2,8,0,0,1,6,1,2,4,7,1,1
17,170107,1,1,1,20,3,18,5,38,0,1,0,17,2,21,21,21021,2,2002,1G3NL12E72C1,1,G,3,N,L,1,2,E,7,2,C,1,0,P,OLDS,A/G,CP,2,17,2961,,0,1070,,G,,F,6,207,,,15R215,,,,,,0,0,000000000,00000000000,0,0,0,1,0,0,0,0,0,0,0,998,0,0,0,12,12,6,2,38,0,0,0,1,17,60431,6,1,0,0,3,0,72,165,0,0,0,0,0,0,0,0,0,0,0,0,0,0,1,2,99,1,1,2,1,0,0,1,13,1,1,4,1,1,0
17,170109,1,2,1,4,3,21,40,8,0,1,0,17,1,6,441,6441,20,2006,2A4GP54L76R6,2,A,4,G,P,5,4,L,7,6,R,6,0,T,CHRY,TOU,ES,6,17,,1,0,1193,TWC,G,,,6,230,,,,,4267,00,,42,0,0,000000000,00000000000,0,0,0,1,0,0,0,0,0,0,0,998,0,0,0,62,62,2,1,8,0,0,0,1,17,61801,6,1,0,0,3,0,68,160,0,0,0,1,0,6,2010,6,2010,0,0,0,0,0,5,4,99,1,1,2,2,3,3,1,80,1,1,1,13,0,0
17,170109,2,2,1,4,3,21,40,8,0,1,0,17,2,48,38,48038,6,2009,JF1GR89619L8,J,F,1,G,R,8,9,6,1,9,L,8,0,P,SUBA,IWS,SW,9,17,3395,,0,1033,,G,,T,4,150,,,18R245,,,,,,0,0,000000000,00000000000,0,0,0,1,0,0,0,0,0,0,0,998,0,0,0,14,14,2,1,18,0,0,0,1,5,61801,9,9,99,9,9,9,999,999,99,99,99,99,99,99,9999,99,9999,0,0,0,0,0,5,4,99,1,1,2,2,3,3,1,90,1,1,1,98,0,0
17,170110,1,1,1,17,3,22,14,8,0,1,1,17,2,20,481,20481,31,1998,1GCEK19W1WE1,1,G,C,E,K,1,9,W,1,W,E,1,0,T,CHEV,GK1,PC,98,17,,2,1555,1415,GM4,G,,,6,262,,,,B,00000,00,,44,0,0,000000000,00000000000,0,0,0,1,0,0,0,0,0,0,0,998,0,0,0,12,12,2,1,8,0,0,0,1,17,60632,2,1,0,0,2,0,999,999,99,99,99,99,99,99,9999,99,9999,1,28,86,0,0,2,6,65,1,1,1,1,0,0,1,11,1,1,4,13,0,1
17,170111,1,1,1,3,3,18,42,8,0,1,0,17,1,20,404,20404,14,2007,2CNDL23F6760,2,C,N,D,L,2,3,F,6,7,6,0,0,P,CHEV,EQU,UT,7,17,3796,,0,1125,,G,,F,6,207,,,16R235,,,,,,0,0,000000000,00000000000,0,0,0,1,0,0,0,0,0,0,0,32,0,0,0,12,12,4,3,8,0,0,0,1,17,60191,6,1,0,0,3,0,64,118,0,0,0,1,0,10,2010,10,2010,0,0,0,0,0,1,4,35,1,1,2,1,0,0,1,80,1,1,1,13,0,0
17,170112,1,1,1,14,3,1,10,8,0,1,0,17,1,20,37,20037,4,2002,1G1NE52J82M6,1,G,1,N,E,5,2,J,8,2,M,6,0,P,CHEV,M/L,4D,2,17,3053,,0,1070,,G,,F,6,191,,,15R215,,,,,,0,0,000000000,00000000000,0,0,0,1,0,0,0,0,0,0,0,998,0,0,0,83,83,4,3,8,0,0,0,1,17,60655,6,1,0,0,3,3,74,205,0,0,0,1,0,12,2009,12,2009,0,0,0,0,0,1,4,30,1,1,2,1,0,0,1,80,1,1,1,13,0,0
17,170113,1,1,1,5,3,0,30,1,0,1,0,17,1,2,405,2405,14,2007,1J4GL48K97W5,1,J,4,G,L,4,8,K,9,7,W,5,0,T,JEEP,SPR,4W,7,17,,1,0,1043,LIB,G,,,6,226,,,,,3864,00,E,44,0,0,000000000,00000000000,0,0,0,1,0,0,0,0,0,0,0,998,0,1,5,0,98,6,2,3,0,0,0,1,17,62047,6,1,0,0,3,0,62,130,0,0,0,0,0,0,0,0,0,1,0,0,0,0,1,2,40,1,2,2,2,0,0,1,6,1,4,4,2,1,1
17,170114,1,1,3,6,3,12,3,42,0,1,0,18,2,7,43,7043,4,1997,1B3EJ56X7VN5,1,B,3,E,J,5,6,X,7,V,N,5,0,P,DODG,STS,4D,97,17,2877,,0,1080,,G,,F,4,148,,,15R195,,,,,,0,0,000000000,00000000000,0,0,0,1,0,0,0,0,0,0,0,998,0,0,0,3,3,6,2,42,0,0,0,1,17,60466,6,1,0,0,3,0,72,225,0,0,0,1,0,12,2009,12,2009,1,28,0,0,0,1,2,45,1,3,2,3,0,0,1,6,1,4,4,7,2,0
17,170115,1,2,1,21,3,22,36,12,6,1,0,17,1,76,705,76705,80,1996,JYA3HHE07TA1,J,Y,A,3,H,H,E,0,7,T,A,1,0,M,YAMA,F6R,RC,96,17,,,,,,,599,,4,,4,395,,,,,,,0,0,000000000,00000000000,0,0,0,1,0,0,0,0,0,0,0,998,0,0,0,3,3,6,2,12,0,0,0,1,17,62703,6,1,0,0,3,0,73,185,0,0,0,1,0,2,2009,2,2009,1,39,0,0,0,4,4,30,1,1,2,1,2,3,1,17,1,1,1,87,1,0
17,170115,2,2,1,21,3,22,36,12,6,1,0,17,2,2,404,2404,14,2004,1J4GW48S34C3,1,J,4,G,W,4,8,S,3,4,C,3,0,T,JEEP,LCF,4W,4,17,,1,0,1059,GCK,G,,,6,244,,,,,3888,02,E,44,0,0,000000000,00000000000,0,0,0,1,0,0,0,0,0,0,0,998,0,0,0,12,12,6,2,12,0,0,0,1,17,62704,6,1,0,0,3,0,72,300,0,0,0,1,0,12,2008,12,2008,0,0,0,0,0,4,4,30,1,1,2,1,2,3,1,54,1,1,1,86,0,0
17,170116,1,2,1,23,3,22,9,12,2,1,0,17,1,49,43,49043,4,1997,4T1BF12B1VU1,4,T,1,B,F,1,2,B,1,V,U,1,0,P,TOYT,UVS,4D,97,17,3263,,0,1071,,G,,F,6,183,,,15R205,,,,,,0,0,000000000,00000000000,0,0,0,1,0,0,0,0,0,0,0,998,0,0,0,12,12,6,2,12,0,0,0,1,17,60613,6,1,0,0,3,0,65,175,0,0,0,2,0,11,2009,5,2010,0,28,0,0,0,1,4,35,1,1,2,2,0,0,1,10,1,1,2,51,1,0
17,170116,2,2,1,23,3,22,9,12,2,1,0,17,1,59,401,59401,14,2003,JTJHF10U3303,J,T,J,H,F,1,0,U,3,3,0,3,0,P,LEXS,RX3,UT,3,17,3924,,0,1031,,G,,F,6,183,,,16R225,,,,,,0,0,000000000,00000000000,0,0,0,1,0,0,0,0,0,0,0,998,0,0,0,12,12,6,2,12,0,0,0,1,17,60202,6,1,0,0,3,3,68,175,0,0,0,1,0,11,2009,11,2009,0,0,0,0,0,1,4,35,1,1,2,2,0,0,1,62,1,1,1,50,0,0
17,170118,1,2,1,18,3,17,4,12,2,1,0,17,2,34,34,34034,4,1997,WBACD4325VAV,W,B,A,C,D,4,3,2,5,V,A,V,0,P,BMW,8IA,4D,97,17,3197,,0,1063,,G,,F,6,170,,,15R205,,,,,,0,0,000000000,00000000000,0,0,0,1,0,0,0,0,0,0,0,72,0,0,0,12,12,6,2,12,0,0,0,1,17,60605,6,1,0,0,3,0,67,156,0,0,0,0,0,0,0,0,0,1,35,28,0,0,1,2,55,1,1,2,1,0,0,6,10,1,1,2,50,0,0
17,170118,2,2,3,18,3,17,4,12,2,1,0,17,1,20,404,20404,14,2008,2CNDL13F5863,2,C,N,D,L,1,3,F,5,8,6,3,0,P,CHEV,EQU,UT,8,17,3699,,0,1125,,G,,F,6,207,,,16R235,,,,,,0,0,000000000,00000000000,0,0,0,1,0,0,0,0,0,0,0,34,0,0,0,12,12,6,2,12,0,0,0,1,17,61764,6,1,0,0,3,3,65,158,0,0,0,0,0,0,0,0,0,0,0,0,0,0,1,2,55,1,1,2,1,0,0,1,54,1,1,1,51,1,0