STATE,ST_CASE,VEH_NO,VE_FORMS,NUMOCCS,DAY,MONTH,HOUR,MINUTE,HARM_EV,MAN_COLL,UNITTYPE,HIT_RUN,REG_STAT,OWNER,MAKE,MODEL,MAK_MOD,BODY_TYP,MOD_YEAR,VIN,VIN_1,VIN_2,VIN_3,VIN_4,VIN_5,VIN_6,VIN_7,VIN_8,VIN_9,VIN_10,VIN_11,VIN_12,TOW_VEH,VINTYPE,VINMAKE,VINA_MOD,VIN_BT,VINMODYR,VIN_LNGT,VIN_WGT,WGTCD_TR,WHLBS_LG,WHLBS_SH,SER_TR,FUELCODE,MCYCL_DS,CARBUR,CYLINDER,DISPLACE,MCYCL_CY,MCYCL_WT,TIRE_SZE,TON_RAT,TRK_WT,TRKWTVAR,VIN_REST,WHLDRWHL,J_KNIFE,MCARR_I1,MCARR_I2,MCARR_ID,GVWR,V_CONFIG,CARGO_BT,HAZ_INV,HAZ_PLAC,HAZ_ID,HAZ_CNO,HAZ_REL,BUS_USE,SPEC_USE,EMER_USE,TRAV_SP,UNDERIDE,ROLLOVER,ROLINLOC,IMPACT1,IMPACT2,DEFORMED,TOWED,M_HARM,VEH_SC1,VEH_SC2,FIRE_EXP,DR_PRES,L_STATE,DR_ZIP,L_STATUS,L_TYPE,CDL_STAT,L_ENDORS,L_COMPL,L_RESTRI,DR_HGT,DR_WGT,PREV_ACC,PREV_SUS,PREV_DWI,PREV_SPD,PREV_OTH,FIRST_MO,FIRST_YR,LAST_MO,LAST_YR,SPEEDREL,DR_SF1,DR_SF2,DR_SF3,DR_SF4,VTRAFWAY,VNUM_LAN,VSPD_LIM,VALIGN,VPROFILE,VPAVETYP,VSURCOND,VTRAFCON,VTCONT_F,P_CRASH1,P_CRASH2,P_CRASH3,PCRASH4,PCRASH5,ACC_TYPE,DEATHS,DR_DRINK
17,170119,1,2,2,23,3,14,48,12,1,1,0,17,2,20,9,20009,2,1995,2G1FP22S4S21,2,G,1,F,P,2,2,S,4,S,2,1,0,P,CHEV,CAM,CP,95,17,3251,,0,1011,,G,,F,6,207,,,16R215,,,,,,0,0,000000000,00000000000,0,0,0,1,0,0,0,0,0,0,0,72,0,0,0,12,12,6,2,12,0,0,0,1,17,60123,1,1,0,0,2,0,67,185,0,2,0,0,1,9,2008,3,2010,1,36,0,0,0,2,4,65,1,2,2,1,0,0,1,51,1,1,1,24,0,0
17,170119,2,2,3,23,3,14,48,12,1,1,0,17,2,12,481,12481,31,2001,1FTRX18L11NB,1,F,T,R,X,1,8,L,1,1,N,B,1,T,FORD,F15,4C,1,17,,2,1574,1388,COF,G,,,8,330,,,,B,4611,04,U,44,3,88,888888888,88888888888,2,4,3,1,0,0,0,0,0,0,0,55,0,1,3,6,98,6,2,1,0,0,0,1,17,62906,6,1,0,0,3,0,69,225,0,0,0,0,0,0,0,0,0,0,0,0,0,0,2,4,65,1,2,2,1,0,0,1,53,1,1,1,25,1,0
17,170120,1,1,1,24,3,14,50,31,0,1,0,17,1,2,404,2404,14,2004,1J4GW48S44C1,1,J,4,G,W,4,8,S,4,4,C,1,0,T,JEEP,LCF,4W,4,17,,1,0,1059,GCK,G,,,6,244,,,,,3888,02,E,44,0,0,000000000,00000000000,0,0,0,1,0,0,0,0,0,0,0,67,0,0,0,12,12,6,2,8,0,0,0,1,17,60921,6,1,0,0,3,0,69,195,0,0,0,2,1,4,2009,8,2010,0,36,28,0,0,2,4,45,1,1,2,1,0,0,1,82,1,1,4,1,0,0
17,170121,1,2,1,26,3,6,28,12,1,1,0,29,1,32,45,32045,2,2002,TRUUT28N3210,T,R,U,U,T,2,8,N,3,2,1,0,0,P,AUDI,ATQ,RD,2,17,3386,,0,956,,G,,T,4,109,,,17R225,,,,,,0,0,000000000,00000000000,0,0,0,1,0,0,0,0,0,0,0,998,0,0,0,12,12,6,2,12,0,0,0,1,29,63103,6,1,0,0,3,0,71,180,0,0,0,0,0,0,0,0,0,1,26,0,0,0,3,3,65,1,1,1,1,0,0,1,51,1,1,1,24,1,1
17,170121,2,2,2,26,3,6,28,12,1,1,0,18,3,51,881,51881,66,2008,4V4NC9TH98N2,4,V,4,N,C,9,T,H,9,8,N,2,1,T,VOLV,VNL,TR,8,17,,8,0,0,VVN,D,,,6,915,,,,,00000,00,,64,1,57,261902,57261902,3,6,1,1,0,0,0,0,0,0,0,998,0,0,0,6,6,2,1,12,0,0,0,1,48,76682,6,1,6,0,3,3,999,999,0,0,0,0,0,0,0,0,0,0,0,0,0,0,3,3,65,1,1,1,1,0,0,1,53,1,1,1,25,0,0
17,170122,1,1,1,27,3,2,20,53,0,1,0,17,1,9,442,9442,20,1997,2P4FP25B8VR3,2,P,4,F,P,2,5,B,8,V,R,3,0,P,PLYM,VOF,SV,97,17,3431,,0,1133,,G,,F,4,148,,,14R205,,,,,,0,0,000000000,00000000000,0,0,0,1,0,0,0,0,0,0,0,998,0,1,5,12,98,6,2,1,0,0,0,1,17,60950,6,1,0,0,3,0,70,180,0,0,0,0,0,0,0,0,0,1,28,0,0,0,1,2,55,1,1,2,1,0,0,1,12,1,1,4,6,1,1
17,170123,1,2,1,27,1,8,11,12,6,1,0,17,1,49,40,49040,4,2005,4T1BE32K15U5,4,T,1,B,E,3,2,K,1,5,U,5,0,P,TOYT,XLL,4D,5,17,3108,,0,1071,,G,,F,4,144,,,15R205,,,,,,0,0,000000000,00000000000,0,0,0,1,0,0,0,0,0,0,0,998,0,0,0,81,81,6,2,12,0,0,0,1,17,61041,6,1,0,0,3,3,62,170,0,0,0,0,0,0,0,0,0,0,0,0,0,0,1,2,55,1,1,2,3,0,0,1,5,1,4,2,64,1,0
17,170123,2,2,1,27,1,8,11,12,6,1,0,17,3,12,481,12481,31,2007,1FTPW14V47KC,1,F,T,P,W,1,4,V,4,7,K,C,0,T,FORD,F1S,CW,7,17,,2,0,1390,COF,F,,,8,329,,,,B,5476,01,E,44,0,0,000000000,00000000000,0,0,0,1,0,0,0,0,0,0,0,998,0,0,0,12,12,6,2,12,0,0,0,1,17,61028,6,1,0,0,3,0,71,235,0,0,0,0,0,0,0,0,0,0,0,0,0,0,1,2,55,1,1,2,3,0,0,1,62,9,1,2,65,0,0
17,170124,1,2,2,13,3,15,23,12,1,1,0,17,1,20,461,20461,21,2002,1GNDM19X42B1,1,G,N,D,M,1,9,X,4,2,B,1,0,T,CHEV,AST,ES,2,17,,1,0,1112,AST,G,,,6,262,,,,B,4323,00,,42,0,0,000000000,00000000000,0,0,0,1,0,0,0,0,0,0,0,998,0,0,0,12,12,6,2,12,0,0,0,1,17,61611,6,1,0,0,3,3,72,170,0,0,0,0,0,0,0,0,0,1,84,0,0,0,1,2,55,1,1,2,1,0,0,1,51,1,1,1,24,1,0
17,170124,2,2,1,13,3,15,23,12,1,1,0,17,3,82,881,82881,66,1997,2FUPCDYB7VA8,2,F,U,P,C,D,Y,B,7,V,A,8,1,T,FRHT,FLD,TR,97,17,,8,0,0,CON,D,,,6,855,,,,,00000,00,,64,1,57,171246,57171246,3,6,4,1,0,0,0,0,0,0,0,998,0,0,0,6,6,2,1,12,0,0,0,1,17,61541,6,1,6,0,3,0,70,190,0,0,0,3,0,3,2008,4,2010,0,0,0,0,0,1,2,55,1,1,2,1,0,0,1,53,1,1,1,25,0,0
17,170125,1,2,3,12,3,12,28,12,6,1,0,17,2,18,23,18023,4,2007,1G4HD57217U2,1,G,4,H,D,5,7,2,1,7,U,2,0,P,BUIC,UXL,4D,7,17,3969,,0,1156,,G,,F,6,232,,,17R235,,,,,,0,0,000000000,00000000000,0,0,0,1,0,0,0,0,0,0,0,998,0,0,0,4,12,6,2,12,0,0,0,1,17,60447,6,2,0,0,3,0,63,119,0,0,0,0,0,0,0,0,0,0,39,0,0,0,1,4,40,1,1,1,1,1,9,11,17,1,1,1,68,1,0
17,170125,2,2,1,12,3,12,28,12,6,1,0,17,1,12,481,12481,31,2006,1FTWW33P86ED,1,F,T,W,W,3,3,P,8,6,E,D,0,T,FORD,F3D,CW,6,17,,3,1720,1560,DRW,D,,,8,366,,,,D,6989,01,E,44,0,0,000000000,00000000000,0,0,0,1,0,0,0,0,0,0,0,998,0,0,0,12,12,6,2,12,0,0,0,1,17,60404,6,1,6,0,3,0,67,225,0,0,0,0,0,0,0,0,0,1,0,0,0,0,1,4,40,1,1,1,1,1,9,1,67,1,1,1,69,0,0
17,170126,1,1,1,1,3,11,49,42,0,1,0,17,1,41,402,41402,14,2002,4F2CU08122KM,4,F,2,C,U,0,8,1,2,2,K,M,0,P,MAZD,TRI,UT,2,17,3455,,0,1031,,G,,F,6,181,,,16R235,,,,,,0,0,000000000,00000000000,0,0,0,1,0,0,0,0,0,0,0,998,0,0,0,12,12,6,2,2,0,0,1,1,17,61103,6,1,0,0,3,0,66,160,0,0,0,1,0,4,2009,4,2009,1,0,0,0,0,1,4,45,1,1,2,1,0,0,1,13,1,1,4,1,1,0
17,170127,1,2,1,12,3,9,55,12,2,1,0,17,1,20,421,20421,15,1999,1GNEK13R7XJ4,1,G,N,E,K,1,3,R,7,X,J,4,0,P,CHEV,KTA,UT,99,17,5268,,0,1175,,G,,F,8,350,,,16R245,,,,,,0,0,000000000,00000000000,0,0,0,1,0,0,0,0,0,0,0,53,0,1,1,12,12,6,2,12,0,0,0,1,17,60031,6,1,0,0,3,3,65,150,0,0,0,0,0,0,0,0,0,0,51,0,0,0,1,2,40,3,1,2,1,0,0,14,10,1,1,2,50,0,0
17,170127,2,2,2,12,3,9,55,12,2,1,0,17,1,18,2,18002,4,2003,1G4HP54K73U2,1,G,4,H,P,5,4,K,7,3,U,2,0,P,BUIC,LCF,4D,3,17,3567,,0,1122,,G,,F,6,231,,,15R215,,,,,,0,0,000000000,00000000000,0,0,0,1,0,0,0,0,0,0,0,47,0,0,0,12,12,6,2,12,0,0,0,1,17,60046,6,1,0,0,3,3,76,220,0,0,0,0,0,0,0,0,0,0,0,0,0,0,1,2,40,3,1,2,1,0,0,14,62,1,1,1,51,1,0
17,170128,1,2,2,23,3,17,56,12,6,1,0,17,1,59,31,59031,4,2005,JTHBA30G8550,J,T,H,B,A,3,0,G,8,5,5,0,0,P,LEXS,E33,4D,5,17,3472,,0,1071,,G,,F,6,201,,,17R215,,,,,,0,0,000000000,00000000000,0,0,0,1,0,0,0,0,0,0,0,998,0,0,0,63,63,6,2,12,0,0,0,1,17,62286,6,1,0,0,3,3,68,165,0,0,0,0,0,0,0,0,0,0,39,0,0,0,1,2,55,1,1,2,1,20,3,1,55,1,1,1,89,1,0
17,170128,2,2,1,23,3,17,56,12,6,1,0,17,2,22,16,22016,2,2002,1G2JB1246273,1,G,2,J,B,1,2,4,6,2,7,3,0,P,PONT,SFS,CP,2,17,2606,,0,1041,,G,,F,4,133,,,14R195,,,,,,0,0,000000000,00000000000,0,0,0,1,0,0,0,0,0,0,0,998,0,0,0,12,12,6,2,12,0,0,0,1,17,62278,6,1,0,0,3,3,69,170,0,0,0,0,0,0,0,0,0,0,0,0,0,0,1,2,55,1,1,2,1,0,0,1,66,1,1,1,88,0,0
17,170129,1,2,1,2,4,16,54,12,6,1,0,99,9,72,706,72706,80,2011,ULT6891ST000,U,L,T,6,8,9,1,S,T,0,0,0,0,M,HD,,,11,17,,,,,,,,,,,,,,,,,,,0,0,000000000,00000000000,0,0,0,1,0,0,0,0,0,0,0,998,0,0,0,12,12,6,2,12,0,0,0,1,17,60432,2,1,0,0,2,0,68,143,0,0,0,0,0,0,0,0,0,0,27,35,0,0,1,2,45,1,1,2,1,0,0,6,55,1,1,1,73,1,1
17,170129,2,2,2,2,4,16,54,12,6,1,0,17,3,98,981,98981,52,2010,1N9MNAC67AC0,1,N,9,M,N,A,C,6,7,A,C,0,0,U,,,,10,17,,,,,,,,,,,,,,,,,,,0,88,888888888,88888888888,3,21,22,1,0,0,0,0,6,0,0,998,0,0,0,61,61,2,1,12,0,0,0,1,17,60432,6,1,6,1,3,3,74,180,1,0,0,1,0,1,2009,11,2010,0,0,0,0,0,1,2,45,1,1,2,1,0,0,11,60,1,1,1,72,0,0
17,170130,1,1,1,1,4,13,5,38,0,1,0,17,1,18,7,18007,4,2004,2G4WS52J9411,2,G,4,W,S,5,2,J,9,4,1,1,0,P,BUIC,CCU,4D,4,17,3342,,0,1090,,G,,F,6,189,,,15R205,,,,,,0,0,000000000,00000000000,0,0,0,1,0,0,0,0,0,0,0,998,0,0,0,12,98,6,2,3,0,0,0,1,17,60426,6,1,0,0,3,3,60,150,0,0,0,0,0,0,0,0,0,0,28,0,0,0,1,2,30,1,1,9,2,0,0,99,9,99,9,4,7,1,0
17,170131,1,1,2,30,3,1,38,14,0,1,0,17,2,22,18,22018,4,2000,1G2NW52E2YC5,1,G,2,N,W,5,2,E,2,Y,C,5,0,P,PONT,GAG,4D,0,17,3168,,0,1070,,G,,F,6,207,,,16R225,,,,,,0,0,000000000,00000000000,0,0,0,1,0,0,0,0,0,0,0,998,0,0,0,12,98,6,2,14,0,0,0,1,19,99999,3,1,0,0,2,0,67,170,0,4,1,0,1,7,2008,4,2009,1,36,0,0,0,1,2,25,1,1,2,1,0,0,99,99,99,9,4,98,1,0
17,170132,1,1,1,27,3,1,40,33,0,1,0,26,1,32,48,32048,5,2006,WAUNF68P96A0,W,A,U,N,F,6,8,P,9,6,A,0,0,P,AUDI,A3P,SW,6,17,3188,,0,1015,,G,,T,4,121,,,17R225,,,,,,0,0,000000000,00000000000,0,0,0,1,0,0,0,0,0,0,0,70,0,0,0,14,14,6,2,30,0,0,0,1,26,49120,6,1,0,0,3,0,65,130,0,0,0,1,0,5,2008,5,2008,1,28,0,0,0,1,2,30,1,1,2,1,0,0,6,6,1,2,4,7,1,1
17,170133,1,3,1,21,3,16,10,12,6,1,0,17,1,20,481,20481,31,2003,1GCEK19T13Z3,1,G,C,E,K,1,9,T,1,3,Z,3,0,T,CHEV,SK1,4C,3,17,,2,1575,1435,SIL,G,,,8,325,,,,B,4910,02,,44,0,0,000000000,00000000000,0,0,0,1,0,0,0,0,0,0,0,21,0,0,0,3,98,6,2,12,0,0,0,1,17,61554,6,1,0,0,3,0,69,165,0,0,0,0,0,0,0,0,0,0,38,0,0,0,1,2,50,1,2,2,1,0,0,11,15,1,1,2,68,0,0
17,170133,2,3,1,21,3,16,10,12,6,1,0,17,1,72,706,72706,80,1987,1HD1DJL13HY5,1,H,D,1,D,J,L,1,3,H,Y,5,0,M,HD,FHC,RS,87,17,,,,,,,1340,,2,,4,727,,,,,,,0,0,000000000,00000000000,0,0,0,1,0,0,0,0,0,0,0,48,0,0,0,12,12,6,2,12,0,0,0,1,17,61567,6,1,0,0,3,3,72,131,0,0,0,1,0,10,2008,10,2008,0,0,0,0,0,1,2,50,1,2,2,1,0,0,1,62,3,2,1,69,1,0
17,170133,3,3,2,21,3,16,10,12,6,1,0,17,1,23,401,23401,14,2001,1GKCS18W41K1,1,G,K,C,S,1,8,W,4,1,K,1,0,T,GMC,JMY,2W,1,17,,1,0,1005,JMY,G,,,6,262,,,,B,3699,00,E,42,0,0,000000000,00000000000,0,0,0,1,0,0,0,0,0,0,0,0,0,0,0,11,11,6,2,12,0,0,0,1,17,61523,6,1,0,0,3,0,69,150,0,0,0,0,0,0,0,0,0,0,0,0,0,0,1,2,50,2,2,2,1,20,3,5,67,1,1,1,98,0,0
17,170134,1,1,1,2,4,19,45,1,0,1,0,17,1,72,706,72706,80,2008,1HD1KB4108Y6,1,H,D,1,K,B,4,1,0,8,Y,6,0,M,HD,FHX,RS,8,17,,,,,,,1584,,2,,4,786,,,,,,,0,0,000000000,00000000000,0,0,0,1,0,0,0,0,0,0,0,998,0,0,0,0,98,6,2,24,0,0,0,1,17,61520,6,1,0,0,3,0,70,140,0,0,0,1,0,10,2009,10,2009,1,0,0,0,0,1,2,55,3,1,2,1,0,0,14,6,1,2,4,2,1,1
17,170135,1,1,2,21,2,20,15,1,0,1,0,17,2,18,7,18007,4,2003,2G4WS52JX312,2,G,4,W,S,5,2,J,X,3,1,2,0,P,BUIC,CCU,4D,3,17,3368,,0,1090,,G,,F,6,191,,,15R205,,,,,,0,0,000000000,00000000000,0,0,0,1,0,0,0,0,0,0,0,998,0,1,5,0,98,6,2,1,0,0,0,1,17,60917,6,1,0,0,3,3,62,140,0,0,0,0,0,0,0,0,0,1,28,0,0,0,1,2,55,3,1,2,4,0,0,14,6,1,7,4,2,2,0
17,170136,1,2,1,22,3,9,28,12,6,1,0,17,1,20,2,20002,4,2008,2G1WT58K3813,2,G,1,W,T,5,8,K,3,8,1,3,0,P,CHEV,IMT,4D,8,17,3555,,0,1105,,F,,F,6,214,,,16R225,,,,,,0,0,000000000,00000000000,0,0,0,1,0,0,0,0,0,0,0,998,0,0,0,3,3,6,2,12,0,0,0,1,17,62966,6,1,0,0,3,0,69,200,0,0,0,0,0,0,0,0,0,0,38,0,0,0,1,2,55,1,1,2,1,1,3,11,15,1,1,1,68,1,0
17,170136,2,2,1,22,3,9,28,12,6,1,0,39,1,82,881,82881,63,2003,1FVHBXCS13HJ,1,F,V,H,B,X,C,S,1,3,H,J,0,T,FRHT,F80,CC,3,17,,8,0,0,MCV,D,,,6,391,,,,,00000,00,,64,0,57,00104165,5700104165,3,2,1,1,0,0,0,0,0,0,0,998,0,0,0,12,12,6,2,12,0,0,0,1,29,63031,6,1,6,3,3,0,999,999,0,0,0,0,0,0,0,0,0,0,92,0,0,0,1,4,55,1,1,2,1,1,3,1,67,1,1,1,69,0,0
17,170137,1,3,1,14,3,12,3,12,1,1,0,17,3,84,983,84983,50,2002,1HVBRABP42A9,1,H,V,B,R,A,B,P,4,2,A,9,0,T,INTL,300,BU,2,17,,7,0,0,30S,D,,,8,444,,,,,00000,00,,42,0,57,354406,57354406,2,21,22,1,0,0,0,0,1,0,0,998,0,0,0,12,98,6,2,12,0,0,0,1,17,60559,6,1,6,1,3,3,73,180,0,0,0,0,0,0,0,0,0,1,0,0,0,0,1,4,35,1,1,8,1,0,0,1,50,8,1,1,20,0,0
17,170137,2,3,2,14,3,12,3,12,1,1,0,17,1,19,3,19003,4,1996,1G6KD52YXTU2,1,G,6,K,D,5,2,Y,X,T,U,2,0,P,CADI,DFW,4D,96,17,3758,,0,1138,,G,,F,8,279,,,15R225,,,,,,0,0,000000000,00000000000,0,0,0,1,0,0,0,0,0,0,0,0,0,0,0,6,6,6,2,12,0,0,0,1,17,60516,6,1,0,0,3,3,63,125,0,0,0,0,0,0,0,0,0,1,0,0,0,0,1,4,35,1,1,8,1,0,0,5,53,1,1,1,21,1,0
17,170137,3,3,2,14,3,12,3,12,1,1,0,17,1,37,421,37421,15,2008,5FNYF18418B0,5,F,N,Y,F,1,8,4,1,8,B,0,0,P,HOND,PIL,UT,8,17,4497,,0,1063,,G,,F,6,213,,,16R235,,,,,,0,0,000000000,00000000000,0,0,0,1,0,0,0,0,0,0,0,998,0,0,0,82,82,6,2,12,0,0,0,1,17,60527,6,1,0,0,3,3,66,130,0,0,0,0,0,0,0,0,0,0,0,0,0,0,1,4,35,1,1,8,1,0,0,1,62,1,1,1,98,0,0
17,170140,1,2,1,22,2,23,0,15,0,1,0,17,1,32,401,32401,14,2007,WA1BY94L47D0,W,A,1,B,Y,9,4,L,4,7,D,0,0,P,AUDI,AQ7,UT,7,17,5049,,0,1182,,G,,F,6,219,,,19R265,,,,,,0,0,000000000,00000000000,0,0,0,1,0,0,0,0,0,0,0,998,0,0,0,12,12,2,3,15,0,0,0,1,17,60004,6,1,0,0,3,0,70,180,0,0,0,1,1,4,2009,8,2010,0,0,0,0,0,5,4,40,1,1,2,1,0,0,1,80,8,1,2,13,0,0
17,170140,2,2,1,22,2,23,0,15,0,1,0,17,1,12,402,12402,14,2006,1FMCU04156KB,1,F,M,C,U,0,4,1,5,6,K,B,0,P,FORD,SPE,UT,6,17,3300,,0,1031,,G,,F,6,183,,,16R235,,,,,,0,0,000000000,00000000000,0,0,0,1,0,0,0,0,0,0,0,0,0,0,0,83,83,2,3,12,0,0,0,1,17,60074,6,1,0,0,3,3,70,215,0,0,0,0,0,0,0,0,0,0,0,0,0,0,5,4,40,1,1,2,1,0,0,5,61,1,1,1,98,0,0
17,170141,1,1,1,31,3,12,26,15,0,1,0,17,2,12,24,12024,6,2008,2FMDK39C98BB,2,F,M,D,K,3,9,C,9,8,B,B,0,P,FORD,EDG,UT,8,17,4073,,0,1112,,G,,F,6,214,,,17R235,,,,,,0,0,000000000,00000000000,0,0,0,1,0,0,0,0,0,0,0,6,0,0,0,3,3,2,1,15,0,0,0,1,17,62832,6,1,0,0,3,0,62,145,0,0,0,0,0,0,0,0,0,9,38,0,0,0,1,2,30,1,1,2,1,20,3,10,80,1,1,1,13,0,0
17,170142,1,1,1,7,4,12,37,1,0,1,0,17,2,85,881,85881,66,1998,1XKDD99X6WR7,1,X,K,D,D,9,9,X,6,W,R,7,1,T,KW,T80,TR,98,17,,8,2600,1600,CON,D,,,6,661,,,,,00000,00,,64,1,57,1739529,571739529,3,6,1,1,0,0,0,0,0,0,0,998,0,1,4,0,98,6,2,1,0,0,0,1,17,61019,6,1,6,0,3,0,66,165,0,0,0,0,0,0,0,0,0,1,28,0,0,0,6,1,99,2,2,1,1,0,0,14,12,1,1,4,6,1,0
17,170143,1,1,1,31,3,2,21,9,0,1,0,17,2,53,402,53402,14,1997,2S3TD03V2V64,2,S,3,T,D,0,3,V,2,V,6,4,0,P,SUZI,SDK,UT,97,17,2756,,0,976,,G,,F,4,097,,,15R205,,,,,,0,0,000000000,00000000000,0,0,0,1,0,0,0,0,0,0,0,34,0,0,0,12,12,2,3,9,0,0,0,1,17,60632,6,1,0,0,3,3,64,158,0,0,0,0,0,0,0,0,0,0,0,0,0,0,3,4,45,1,1,2,1,0,0,1,83,1,1,1,13,0,0
17,170144,1,1,2,26,3,19,30,33,0,1,0,17,1,21,3,21003,4,1997,1G3HN52K7V48,1,G,3,H,N,5,2,K,7,V,4,8,0,P,OLDS,8LW,4D,97,17,3455,,0,1108,,G,,F,6,231,,,15R205,,,,,,0,0,000000000,00000000000,0,0,0,1,0,0,0,0,0,0,0,998,0,0,0,14,98,6,2,30,0,0,0,1,17,60411,6,1,0,0,3,0,65,135,0,0,0,0,0,0,0,0,0,1,52,0,0,0,1,2,30,1,1,2,1,0,0,1,6,1,2,4,2,1,1
17,170145,1,2,1,7,4,21,34,12,6,1,0,17,2,72,706,72706,80,2008,1HD1FC4168Y6,1,H,D,1,F,C,4,1,6,8,Y,6,0,M,HD,FLU,RS,8,17,,,,,,,1584,,2,,4,851,,,,,,,0,0,000000000,00000000000,0,0,0,1,0,0,0,0,0,0,0,998,0,0,0,12,12,6,2,12,0,0,0,1,17,62258,6,1,6,0,3,0,70,210,0,0,0,0,0,0,0,0,0,1,35,0,0,0,1,2,55,1,1,2,1,0,0,6,55,1,1,1,73,1,0
17,170145,2,2,1,7,4,21,34,12,6,1,0,17,1,63,36,63036,6,2007,KNAFG5263771,K,N,A,F,G,5,2,6,3,7,7,1,0,P,KIA,ROE,SW,7,17,3443,,0,1063,,G,,F,6,162,,,16R205,,,,,,0,0,000000000,00000000000,0,0,0,1,0,0,0,0,0,0,0,998,0,0,0,62,62,6,2,12,0,0,0,1,17,62293,6,1,0,0,3,3,65,148,0,0,0,0,0,0,0,0,0,0,0,0,0,0,1,2,55,1,1,2,1,0,0,11,60,1,1,1,72,0,0
17,170146,1,2,1,6,4,17,59,12,6,1,0,17,1,53,706,53706,80,2007,JS1GT77A6721,J,S,1,G,T,7,7,A,6,7,2,1,0,M,SUZI,XR1,RC,7,17,,,,,,,999,,4,,4,379,,,,,,,0,0,000000000,00000000000,0,0,0,1,0,0,0,0,0,0,0,998,0,0,0,12,12,6,2,12,0,0,0,1,17,60913,6,1,0,0,3,3,71,155,0,0,0,0,0,0,0,0,0,1,0,0,0,0,1,2,55,1,1,2,1,0,0,1,54,1,1,1,69,1,0
17,170146,2,2,1,6,4,17,59,12,6,1,0,17,1,35,39,35039,4,2000,JN1CA31D7YT7,J,N,1,C,A,3,1,D,7,Y,T,7,0,P,NISS,MGS,4D,0,17,3071,,0,1083,,G,,F,6,182,,,15R205,,,,,,0,0,000000000,00000000000,0,0,0,1,0,0,0,0,0,0,0,998,0,0,0,3,3,6,2,12,0,0,0,1,17,60901,6,1,0,0,3,3,71,200,0,0,0,0,0,0,0,0,0,0,0,0,0,0,1,2,55,1,1,2,1,0,0,11,54,1,1,2,68,0,0
17,170147,1,2,1,9,4,14,45,12,6,1,0,17,1,35,473,35473,31,2005,1N6BA07B65N5,1,N,6,B,A,0,7,B,6,5,N,5,0,T,NISS,TXS,CW,5,17,,2,0,1398,TTN,F,,,8,342,,,,C,5116,02,E,44,0,0,000000000,00000000000,0,0,0,1,0,0,0,0,0,0,0,998,0,0,0,82,82,6,2,12,0,0,0,1,17,62401,6,1,6,0,3,0,71,170,0,0,0,0,0,0,0,0,0,0,39,38,0,0,1,4,99,1,1,2,1,20,3,4,55,1,1,1,87,0,0
17,170147,2,2,2,9,4,14,45,12,6,1,0,17,1,72,706,72706,80,2011,1HD1KB413BB6,1,H,D,1,K,B,4,1,3,B,B,6,0,M,HD,FHX,RS,11,17,,,,,,,1584,,2,,4,785,,,,,,,0,0,000000000,00000000000,0,0,0,1,0,0,0,0,0,0,0,998,0,0,0,12,98,6,2,12,0,0,0,1,17,62839,6,1,0,0,3,3,70,135,0,0,0,0,0,0,0,0,0,0,0,0,0,0,1,4,99,1,1,2,1,0,0,1,66,1,1,1,86,1,0
17,170148,1,1,5,10,4,17,39,1,0,1,0,17,2,20,401,20401,14,2002,1GNDT13S3225,1,G,N,D,T,1,3,S,3,2,2,5,0,P,CHEV,TRL,UT,2,17,4628,,0,1130,,G,,F,6,256,,,16R245,,,,,,0,0,000000000,00000000000,0,0,0,1,0,0,0,0,0,0,0,65,0,1,3,0,98,6,2,1,0,0,0,1,17,60652,6,1,0,0,3,0,68,125,0,0,0,0,0,0,0,0,0,0,28,0,0,0,2,4,65,1,1,1,1,0,0,1,1,1,2,4,7,1,0
17,170149,1,1,1,1,4,20,5,8,0,1,1,17,2,20,401,20401,14,1995,1GNDT13W9S21,1,G,N,D,T,1,3,W,9,S,2,1,0,P,CHEV,BZR,UT,95,17,4071,,0,1070,,G,,F,6,262,,,15R205,,,,,,0,0,000000000,00000000000,0,0,0,1,0,0,0,0,0,0,0,998,0,0,0,12,12,9,1,8,0,0,0,1,17,60644,6,1,0,0,3,0,70,155,0,0,0,0,0,0,0,0,0,1,86,36,0,0,1,4,30,1,1,2,2,0,0,1,80,99,9,9,13,0,0
17,170150,1,1,2,6,4,3,31,43,0,1,0,17,1,12,422,12422,15,1999,1FMPU18L2XLB,1,F,M,P,U,1,8,L,2,X,L,B,0,P,FORD,EPT,UT,99,17,5177,,0,1191,,G,,F,8,330,,,17R265,,,,,,0,0,000000000,00000000000,0,0,0,1,0,0,0,0,0,0,0,998,0,1,5,12,98,6,2,1,0,0,0,1,17,61832,2,1,0,0,2,3,68,180,0,1,1,0,2,5,2009,10,2009,1,28,0,0,0,1,2,35,1,1,2,1,0,0,1,13,1,2,4,2,1,1
17,170151,1,3,2,15,4,22,34,12,1,1,0,17,2,37,31,37031,4,2000,2HGEJ661XYH5,2,H,G,E,J,6,6,1,X,Y,H,5,0,P,HOND,UCE,4D,0,17,2388,,0,1032,,G,,F,4,097,,,14R185,,,,,,0,0,000000000,00000000000,0,0,0,1,0,0,0,0,0,0,0,998,0,0,0,12,98,6,2,12,0,0,0,1,17,60491,6,1,0,0,3,0,71,135,0,0,0,1,0,1,2011,1,2011,1,28,0,0,0,3,5,55,1,1,1,2,0,0,1,11,1,1,1,98,1,0