STATE,ST_CASE,VEH_NO,VE_FORMS,NUMOCCS,DAY,MONTH,HOUR,MINUTE,HARM_EV,MAN_COLL,UNITTYPE,HIT_RUN,REG_STAT,OWNER,MAKE,MODEL,MAK_MOD,BODY_TYP,MOD_YEAR,VIN,VIN_1,VIN_2,VIN_3,VIN_4,VIN_5,VIN_6,VIN_7,VIN_8,VIN_9,VIN_10,VIN_11,VIN_12,TOW_VEH,VINTYPE,VINMAKE,VINA_MOD,VIN_BT,VINMODYR,VIN_LNGT,VIN_WGT,WGTCD_TR,WHLBS_LG,WHLBS_SH,SER_TR,FUELCODE,MCYCL_DS,CARBUR,CYLINDER,DISPLACE,MCYCL_CY,MCYCL_WT,TIRE_SZE,TON_RAT,TRK_WT,TRKWTVAR,VIN_REST,WHLDRWHL,J_KNIFE,MCARR_I1,MCARR_I2,MCARR_ID,GVWR,V_CONFIG,CARGO_BT,HAZ_INV,HAZ_PLAC,HAZ_ID,HAZ_CNO,HAZ_REL,BUS_USE,SPEC_USE,EMER_USE,TRAV_SP,UNDERIDE,ROLLOVER,ROLINLOC,IMPACT1,IMPACT2,DEFORMED,TOWED,M_HARM,VEH_SC1,VEH_SC2,FIRE_EXP,DR_PRES,L_STATE,DR_ZIP,L_STATUS,L_TYPE,CDL_STAT,L_ENDORS,L_COMPL,L_RESTRI,DR_HGT,DR_WGT,PREV_ACC,PREV_SUS,PREV_DWI,PREV_SPD,PREV_OTH,FIRST_MO,FIRST_YR,LAST_MO,LAST_YR,SPEEDREL,DR_SF1,DR_SF2,DR_SF3,DR_SF4,VTRAFWAY,VNUM_LAN,VSPD_LIM,VALIGN,VPROFILE,VPAVETYP,VSURCOND,VTRAFCON,VTCONT_F,P_CRASH1,P_CRASH2,P_CRASH3,PCRASH4,PCRASH5,ACC_TYPE,DEATHS,DR_DRINK
17,170151,2,3,0,15,4,22,34,12,1,1,0,6,6,84,881,84881,66,2005,3HSCNAPR75N0,3,H,S,C,N,A,P,R,7,5,N,0,1,T,INTL,94I,TR,5,17,,8,0,0,940,D,,,6,915,,,,,00000,00,,64,1,57,1018527,571018527,3,6,1,1,0,0,0,0,0,0,0,0,0,0,0,6,98,6,2,12,0,0,0,0,0,99997,7,6,97,7,6,7,998,997,998,998,998,998,998,98,9998,98,9998,8,0,0,0,0,3,5,55,1,1,1,1,0,0,0,53,0,0,0,98,0,0
17,170151,3,3,1,15,4,22,34,12,1,1,1,99,9,99,999,99999,99,9999,999999999999,9,9,9,9,9,9,9,9,9,9,9,9,1,,,,,,,,,,,,,,,,,,,,,,,,,1,99,999999999,99999999999,9,99,99,1,0,0,0,0,0,0,0,998,0,0,0,82,82,2,1,12,0,0,0,1,99,99999,9,9,99,9,9,9,999,999,99,99,99,99,99,99,9999,99,9999,9,99,99,99,99,3,5,55,1,1,1,2,0,0,1,60,1,1,1,98,0,0
17,170152,1,1,1,10,4,5,20,34,0,1,0,17,1,20,443,20443,20,2004,1GNDX03E54D1,1,G,N,D,X,0,3,E,5,4,D,1,0,T,CHEV,VTR,ES,4,17,,1,0,1200,VTR,G,,,6,207,,,,,3838,00,,42,0,0,000000000,00000000000,0,0,0,1,0,0,0,0,0,0,0,998,0,1,5,12,98,6,2,1,0,0,0,1,17,61733,1,1,0,0,2,0,62,170,0,1,0,0,1,10,2009,10,2009,1,28,0,0,0,1,2,45,3,1,8,1,0,0,14,9,1,4,4,7,1,1
17,170153,1,2,2,11,4,11,1,12,6,1,0,17,1,18,7,18007,4,1999,2G4WS52M7X16,2,G,4,W,S,5,2,M,7,X,1,6,0,P,BUIC,CCU,4D,99,17,3353,,0,1090,,G,,F,6,191,,,15R205,,,,,,0,0,000000000,00000000000,0,0,0,1,0,0,0,0,0,0,0,998,0,0,0,11,98,6,2,12,0,0,0,1,17,61832,6,1,0,0,3,0,73,155,0,0,0,1,0,1,2010,1,2010,1,28,0,0,0,3,2,65,3,2,8,1,0,0,14,8,9,4,6,64,1,0
17,170153,2,2,1,11,4,11,1,12,6,1,0,12,3,82,883,82883,66,2006,1FUNA6CK76LX,1,F,U,N,A,6,C,K,7,6,L,X,1,T,FRHT,COL,TR,6,17,,8,0,0,CON,D,,,6,855,,,,,00000,00,,84,1,57,1502014,571502014,3,6,3,1,0,0,0,0,0,0,0,998,0,0,0,62,98,6,2,2,0,0,1,1,12,32009,6,1,6,0,3,3,66,999,0,1,0,0,1,8,2010,1,2011,0,0,0,0,0,2,4,55,2,2,8,1,0,0,14,62,1,1,1,65,0,0
17,170154,1,1,1,13,4,16,21,1,0,1,0,17,1,72,706,72706,80,2001,1HD1DDV1X1Y6,1,H,D,1,D,D,V,1,X,1,Y,6,0,M,HD,FHT,RS,1,17,,,,,,,1450,,2,,4,758,,,,,,,0,0,000000000,00000000000,0,0,0,1,0,0,0,0,0,0,0,998,0,0,0,0,0,6,2,1,0,0,0,1,17,60936,6,1,6,0,2,3,73,190,0,0,0,0,0,0,0,0,0,0,28,52,0,0,1,2,55,3,1,2,1,0,0,14,13,1,1,4,1,1,0
17,170155,1,3,1,18,4,3,10,1,0,1,0,17,3,85,881,85881,66,1996,1XKDD69X8TJ6,1,X,K,D,D,6,9,X,8,T,J,6,1,T,KW,T80,TR,96,17,,8,0,0,CON,D,,,6,855,,,,,00000,00,,64,1,57,327557,57327557,3,6,4,1,0,0,0,0,0,0,0,998,0,1,1,0,98,6,2,1,0,0,0,1,17,62982,6,1,6,0,3,3,73,220,0,0,0,0,0,0,0,0,0,1,51,28,0,0,1,2,55,2,2,2,1,0,0,14,6,1,3,2,98,1,0
17,170155,2,3,1,18,4,3,10,1,0,1,0,17,3,84,881,84881,66,2000,2HSCHAMR3YC0,2,H,S,C,H,A,M,R,3,Y,C,0,1,T,INTL,99I,TR,0,17,,8,0,0,990,D,,,6,774,,,,,00000,00,,64,1,57,325865,57325865,3,6,4,1,0,0,0,0,0,0,0,998,0,1,5,12,98,6,2,1,0,0,0,1,17,62935,6,1,6,0,3,3,68,240,0,0,0,0,0,0,0,0,0,0,0,0,0,0,1,2,55,3,2,2,1,0,0,14,62,1,1,1,98,0,0
17,170155,3,3,1,18,4,3,10,1,0,1,0,17,3,98,804,98804,66,2004,5KJJALAVX4PN,5,K,J,J,A,L,A,V,X,4,P,N,1,T,WSTR,49S,TR,4,17,,8,0,0,CNV,D,,,6,893,,,,,00000,00,,64,1,57,1192918,571192918,3,6,4,1,0,0,0,0,0,0,0,998,0,0,0,12,98,6,2,12,0,0,0,1,17,62946,6,1,6,0,3,0,74,370,0,0,0,0,0,0,0,0,0,0,0,0,0,0,1,2,55,3,2,2,1,0,0,14,62,1,1,1,98,0,0
17,170156,1,3,1,12,4,12,13,12,1,1,0,17,3,7,462,7462,21,2008,WD0PE8455852,W,D,0,P,E,8,4,5,5,8,5,2,0,T,DODG,SNR,EC,8,17,,2,0,1700,SNR,D,,,6,183,,,,,5267,00,E,42,0,0,000000000,00000000000,0,0,0,1,0,0,0,0,0,0,0,998,0,0,0,12,12,6,2,12,0,0,0,1,17,60546,6,1,0,0,3,3,72,225,0,0,0,0,0,0,0,0,0,1,52,0,0,0,3,4,99,1,1,8,1,0,0,1,50,1,1,1,20,1,0
17,170156,2,3,2,12,4,12,13,12,1,1,0,17,3,84,881,84881,62,2007,1HTMNAAL87H5,1,H,T,M,N,A,A,L,8,7,H,5,0,T,INTL,430,CC,7,17,,6,0,0,40S,D,,,6,466,,,,,00000,00,,42,0,99,999999999,99999999999,2,1,96,1,0,0,0,0,0,0,0,0,0,0,0,6,6,6,2,12,39,0,0,1,17,60002,6,1,6,0,3,0,70,205,0,0,0,0,0,0,0,0,0,1,0,0,0,0,3,4,99,1,1,9,1,0,0,5,53,1,1,1,21,0,0
17,170156,3,3,2,12,4,12,13,12,1,1,0,18,3,87,881,87881,66,2000,1XPFD09X0YN4,1,X,P,F,D,0,9,X,0,Y,N,4,1,T,PTRB,378,TR,0,17,,8,0,0,CON,D,,,6,661,,,,,00000,00,,64,1,57,294742,57294742,3,6,9,1,0,0,0,0,0,0,0,998,0,0,0,63,63,2,1,12,0,0,0,1,17,60641,6,1,6,0,3,3,68,160,0,0,0,0,0,0,0,0,0,0,0,0,0,0,3,4,99,1,1,9,1,0,0,1,60,7,1,2,98,0,0
17,170157,1,1,1,22,3,12,42,8,0,1,0,17,1,20,421,20421,15,2005,1GNEC13Z75R2,1,G,N,E,C,1,3,Z,7,5,R,2,0,P,CHEV,CTA,UT,5,17,4975,,0,1160,,F,,F,8,325,,,16R265,,,,,,0,0,000000000,00000000000,0,0,0,1,0,0,0,0,0,0,0,998,0,0,0,82,82,0,1,8,0,0,0,1,17,60458,6,1,0,0,3,0,66,115,0,0,0,0,0,0,0,0,0,0,31,0,0,0,1,2,20,1,2,8,1,0,0,13,80,1,1,7,92,0,0
17,170158,1,1,2,30,1,8,29,34,0,1,0,17,1,20,421,20421,15,1999,1GNDT13WXX21,1,G,N,D,T,1,3,W,X,X,2,1,0,P,CHEV,BZR,UT,99,17,4023,,0,1070,,G,,F,6,262,,,15R205,,,,,,0,0,000000000,00000000000,0,0,0,1,0,0,0,0,0,0,0,60,0,1,5,14,98,6,2,1,0,0,0,1,17,60586,6,1,0,0,3,0,68,130,0,0,0,0,0,0,0,0,0,1,0,0,0,0,1,2,55,1,1,8,4,0,0,1,5,1,2,4,2,1,0
17,170159,1,1,1,26,3,2,40,34,0,1,0,17,1,22,16,22016,4,2000,1G2JB5244Y74,1,G,2,J,B,5,2,4,4,Y,7,4,0,P,PONT,SFS,4D,0,17,2644,,0,1041,,G,,F,4,133,,,14R195,,,,,,0,0,000000000,00000000000,0,0,0,1,0,0,0,0,0,0,0,998,0,1,5,6,98,6,2,34,0,0,0,1,17,61818,6,1,0,0,3,0,70,205,0,0,0,2,0,8,2009,10,2010,1,28,0,0,0,1,2,55,1,1,2,1,0,0,1,13,6,2,4,2,1,1
17,170160,1,2,1,15,4,20,32,12,2,1,0,17,2,2,404,2404,14,1996,1J4FJ68S7TL1,1,J,4,F,J,6,8,S,7,T,L,1,0,T,JEEP,SPC,4W,96,17,,1,0,1014,CHK,G,,,6,242,,,,,3008,00,M,44,0,0,000000000,00000000000,0,0,0,1,0,0,0,0,0,0,0,40,0,1,5,12,12,6,2,12,0,0,0,1,17,62234,6,1,0,0,3,0,66,185,0,0,0,0,0,0,0,0,0,0,28,0,0,0,2,4,45,1,1,2,1,0,0,1,10,1,1,2,50,0,0
17,170160,2,2,2,15,4,20,32,12,2,1,0,17,1,12,17,12017,4,2002,1FAHP53U22G2,1,F,A,H,P,5,3,U,2,2,G,2,0,P,FORD,TSE,4D,2,17,3355,,0,1085,,G,,F,6,182,,,16R215,,,,,,0,0,000000000,00000000000,0,0,0,1,0,0,0,0,0,0,0,998,0,0,0,12,12,6,2,12,0,0,0,1,17,62208,6,1,0,0,3,0,66,170,0,0,0,2,0,6,2010,12,2010,0,0,0,0,0,5,4,45,1,1,2,1,0,0,1,62,1,1,1,51,1,0
17,170161,1,2,1,15,4,19,45,12,2,1,0,18,1,12,37,12037,4,2005,1FAFP34N75W2,1,F,A,F,P,3,4,N,7,5,W,2,0,P,FORD,ZX4,4D,5,17,2677,,0,1030,,G,,F,4,122,,,15R195,,,,,,0,0,000000000,00000000000,0,0,0,1,0,0,0,0,0,0,0,40,0,0,0,12,12,6,2,12,0,0,0,1,17,60645,0,0,0,0,0,0,999,999,0,0,0,0,3,9,2010,9,2010,1,28,0,0,0,1,2,35,3,1,2,2,0,0,14,10,1,1,2,50,1,1
17,170161,2,2,1,15,4,19,45,12,2,1,0,17,1,42,401,42401,14,2004,4JGAB57E54A5,4,J,G,A,B,5,7,E,5,4,A,5,0,P,MERZ,M35,UT,4,17,4819,,0,1110,,G,,F,6,227,,,17R255,,,,,,0,0,000000000,00000000000,0,0,0,1,0,0,0,0,0,0,0,35,0,0,0,12,12,6,2,12,0,0,0,1,17,60026,6,1,0,0,3,0,66,150,0,0,0,0,0,0,0,0,0,0,0,0,0,0,1,2,35,2,1,2,2,0,0,14,62,1,1,1,51,1,0
17,170162,1,1,1,18,4,21,52,1,0,1,0,17,2,23,421,23421,15,1995,1GKEK13K7SJ7,1,G,K,E,K,1,3,K,7,S,J,7,0,T,GMC,YUK,4W,95,17,,2,0,1175,YUK,G,,,8,350,,,,B,00000,00,M,44,0,0,000000000,00000000000,0,0,0,1,0,0,0,0,0,0,0,60,0,1,4,0,98,6,2,1,0,0,0,1,17,62204,2,1,0,0,2,0,69,195,1,1,1,0,1,8,2009,10,2010,1,28,0,0,0,6,1,40,1,1,8,2,0,0,1,6,6,4,4,7,1,1
17,170163,1,1,1,24,2,6,14,39,0,1,0,17,1,54,36,54036,4,2011,JH4KB2F60BC0,J,H,4,K,B,2,F,6,0,B,C,0,0,P,ACUR,ARL,4D,11,17,4112,,0,1102,,G,,F,6,226,,,18R245,,,,,,0,0,000000000,00000000000,0,0,0,1,0,0,0,0,0,0,0,81,0,0,0,12,12,6,2,39,0,0,0,1,17,60203,6,1,0,0,3,3,73,172,2,0,0,0,0,4,2010,9,2010,1,28,0,0,0,1,2,25,3,1,8,3,0,0,14,13,1,1,4,1,1,0
17,170164,1,1,1,8,4,13,30,33,0,1,0,17,3,20,22,20022,4,2010,1G1AD5F52A71,1,G,1,A,D,5,F,5,2,A,7,1,0,P,CHEV,BLT,4D,10,17,3216,,0,1033,,G,,F,4,134,,,15R195,,,,,,0,0,000000000,00000000000,0,0,0,1,0,0,0,0,0,0,0,998,0,0,0,14,98,6,2,19,0,0,0,1,17,60017,6,1,0,0,3,3,76,250,0,0,0,0,0,0,0,0,0,0,28,0,0,0,1,4,25,1,1,8,2,0,0,1,12,1,1,4,6,1,0
17,170165,1,1,3,5,2,20,16,48,0,1,0,17,1,20,421,20421,15,2007,1GNFK13047R2,1,G,N,F,K,1,3,0,4,7,R,2,0,P,CHEV,KTA,UT,7,17,5706,,0,1160,,F,,F,8,323,,,17R265,,,,,,0,0,000000000,00000000000,0,0,0,1,0,0,0,0,0,0,0,998,0,1,1,12,98,6,2,1,0,0,0,1,17,60099,6,1,0,0,3,3,71,190,0,0,0,0,0,0,0,0,0,0,87,0,0,0,2,3,55,1,1,2,3,0,0,1,5,1,7,4,98,1,0
17,170166,1,1,1,3,4,2,35,33,0,1,0,17,1,35,47,35047,4,2003,1N4BL11D63C2,1,N,4,B,L,1,1,D,6,3,C,2,0,P,NISS,ABE,4D,3,17,3071,,0,1102,,G,,F,6,214,,,17R215,,,,,,0,0,000000000,00000000000,0,0,0,1,0,0,0,0,0,0,0,998,0,0,0,14,12,6,2,25,0,0,0,1,17,60638,6,1,0,0,3,0,68,220,0,0,0,0,0,0,0,0,0,1,28,0,0,0,3,6,30,2,1,2,1,0,0,14,12,1,1,4,6,1,1
17,170167,1,1,2,24,3,0,43,42,0,1,0,17,2,55,33,55033,4,2000,KMHWF25S2YA2,K,M,H,W,F,2,5,S,2,Y,A,2,0,P,HYUN,SOL,4D,0,17,3070,,0,1063,,G,,F,4,143,,,15R205,,,,,,0,0,000000000,00000000000,0,0,0,1,0,0,0,0,0,0,0,46,0,0,0,3,12,6,2,42,0,0,0,1,17,60004,6,2,0,0,3,3,67,130,0,0,0,0,0,0,0,0,0,0,87,28,0,0,4,1,25,2,1,2,2,0,0,14,5,1,7,4,7,1,0
17,170168,1,1,1,1,1,3,38,8,0,1,1,99,9,99,999,99999,99,9999,999999999999,9,9,9,9,9,9,9,9,9,9,9,9,9,,,,,,,,,,,,,,,,,,,,,,,,,0,99,999999999,99999999999,9,99,99,1,0,0,0,0,99,99,9,999,0,0,0,12,99,9,9,8,99,99,0,1,99,99999,9,9,99,9,9,9,999,999,99,99,99,99,99,99,9999,99,9999,9,99,99,99,99,1,4,35,1,1,2,1,0,0,99,80,99,9,9,13,0,0
17,170169,1,2,1,31,3,6,29,12,6,1,0,17,1,12,17,12017,4,2007,1FAFP53U07A1,1,F,A,F,P,5,3,U,0,7,A,1,0,P,FORD,TSE,4D,7,17,3307,,0,1085,,G,,F,6,183,,,16R215,,,,,,0,0,000000000,00000000000,0,0,0,1,0,0,0,0,0,0,0,998,0,0,0,11,11,6,2,12,0,0,0,1,17,60160,6,1,0,0,3,3,63,110,0,0,0,0,0,0,0,0,0,0,38,0,0,0,4,2,30,1,1,2,1,20,3,11,15,1,1,2,82,0,0
17,170169,2,2,1,31,3,6,29,12,6,1,0,17,1,21,3,21003,4,1987,1G3HN5132H18,1,G,3,H,N,5,1,3,2,H,1,8,0,P,OLDS,DRF,4D,87,17,3176,,0,1108,,G,,F,6,231,,,14R205,,,,,,0,0,000000000,00000000000,0,0,0,1,0,0,0,0,0,0,0,998,0,0,0,12,12,6,2,12,0,0,0,1,17,61019,6,1,0,0,3,0,72,260,0,0,0,0,0,0,0,0,0,0,38,0,0,0,2,6,40,1,1,2,1,0,0,1,17,1,1,1,83,1,0
17,170170,1,2,1,27,3,12,48,12,6,1,0,17,1,41,35,41035,4,1999,JM1BJ2229X01,J,M,1,B,J,2,2,2,9,X,0,1,0,P,MAZD,PDL,4D,99,17,2449,,0,1028,,G,,F,4,097,,,14R185,,,,,,0,0,000000000,00000000000,0,0,0,1,0,0,0,0,0,0,0,998,0,0,0,9,9,6,2,12,0,0,0,1,17,60638,6,1,0,0,3,0,69,130,0,0,0,0,1,4,2010,4,2010,0,48,38,0,0,2,6,35,1,1,8,1,0,0,12,53,1,1,2,98,1,1
17,170170,2,2,1,27,3,12,48,12,6,1,0,18,3,82,883,82883,66,2006,1FUJBBCG26LU,1,F,U,J,B,B,C,G,2,6,L,U,1,T,FRHT,ST2,TR,6,17,,8,0,0,CON,D,,,6,774,,,,,00000,00,,64,1,57,264184,57264184,3,6,2,1,0,0,0,0,0,0,0,998,0,0,0,12,12,6,2,12,0,0,0,1,18,46324,6,1,6,0,3,0,67,180,0,1,0,1,0,3,2008,12,2010,0,0,0,0,0,2,6,35,1,1,8,1,0,0,1,61,2,1,1,98,0,0
17,170171,1,2,1,18,3,5,0,12,7,1,0,17,1,24,1,24001,4,1993,1G8ZJ5576PZ1,1,G,8,Z,J,5,5,7,6,P,Z,1,0,P,STRN,SL2,4D,93,17,0,,0,1024,,G,,F,4,116,,,15R195,,,,,,0,0,000000000,00000000000,0,0,0,1,0,0,0,0,0,0,0,998,0,0,0,11,11,6,2,12,0,0,0,1,17,60623,2,1,0,0,2,0,999,999,0,1,1,0,1,9,2008,11,2008,1,28,0,0,0,1,4,25,1,1,8,1,0,0,15,10,1,1,2,47,0,0
17,170171,2,2,1,18,3,5,0,12,7,1,0,20,1,7,41,7041,4,1996,1B3HD46F2TF1,1,B,3,H,D,4,6,F,2,T,F,1,0,P,DODG,INT,4D,96,17,3311,,0,1130,,G,,F,6,215,,,16R225,,,,,,0,0,000000000,00000000000,0,0,0,1,0,0,0,0,0,0,0,998,0,0,0,1,98,6,2,42,0,0,0,1,29,64127,6,1,0,0,3,3,64,135,0,0,0,0,0,0,0,0,0,0,92,0,0,0,1,4,25,1,1,8,1,0,0,1,61,1,1,1,45,1,0
17,170173,1,1,2,16,4,22,16,8,0,1,0,17,2,7,43,7043,4,2005,1B3EL46XX5N7,1,B,3,E,L,4,6,X,X,5,N,7,0,P,DODG,SRX,4D,5,17,3093,,0,1080,,G,,F,4,146,,,16R205,,,,,,0,0,000000000,00000000000,0,0,0,1,0,0,0,0,0,0,0,998,0,0,0,12,12,6,2,8,0,0,0,1,17,62226,6,1,0,0,3,0,71,155,0,0,0,0,1,6,2010,6,2010,0,99,99,99,99,1,4,25,1,1,2,1,0,0,1,80,1,1,1,13,0,0
17,170174,1,1,1,6,4,12,19,42,0,1,0,17,1,6,41,6041,4,2002,2C3HD56G02H2,2,C,3,H,D,5,6,G,0,2,H,2,0,P,CHRY,CLM,4D,2,17,3486,,0,1130,,G,,F,6,215,,,17R225,,,,,,0,0,000000000,00000000000,0,0,0,1,0,0,0,0,0,0,0,998,0,1,5,11,98,6,2,1,0,0,0,1,17,62898,1,1,0,0,2,3,74,160,0,1,0,2,0,7,2009,1,2010,1,28,0,0,0,1,2,55,1,2,8,1,0,0,1,13,1,1,4,1,1,0
17,170175,1,1,1,20,3,14,40,8,0,1,0,17,1,24,7,24007,4,2003,1G8AZ52FX3Z1,1,G,8,A,Z,5,2,F,X,3,Z,1,0,P,STRN,SI2,4D,3,17,2760,,0,1032,,G,,F,4,134,,,15R195,,,,,,0,0,000000000,00000000000,0,0,0,1,0,0,0,0,0,0,0,998,0,0,0,12,12,6,2,8,0,0,0,1,17,60406,6,1,6,0,3,3,63,180,0,0,0,1,0,12,2008,12,2008,0,0,0,0,0,1,4,30,1,1,8,2,3,3,1,80,1,1,1,13,0,0
17,170176,1,1,2,31,3,20,13,33,0,1,0,17,2,22,24,22024,4,2009,6G2EC57Y59L1,6,G,2,E,C,5,7,Y,5,9,L,1,0,P,PONT,8GT,4D,9,17,3995,,0,1148,,G,,F,8,366,,,18R245,,,,,,0,0,000000000,00000000000,0,0,0,1,0,0,0,0,0,0,0,998,0,0,0,14,98,6,2,42,0,0,0,1,17,60616,6,1,0,0,3,3,71,150,0,0,0,0,0,0,0,0,0,0,83,58,52,0,1,2,30,1,1,8,1,0,0,17,87,7,3,4,2,1,0
17,170177,1,1,1,1,1,5,4,25,0,1,1,17,2,35,47,35047,2,2008,1N4BL24E48C2,1,N,4,B,L,2,4,E,4,8,C,2,0,P,NISS,A5E,CP,8,17,3205,,0,1053,,G,,F,6,214,,,17R215,,,,,,0,0,000000000,00000000000,0,0,0,1,0,0,0,0,0,0,0,998,0,0,0,11,11,6,2,25,0,0,0,1,17,60623,1,1,0,0,2,3,999,999,0,1,0,0,3,5,2009,11,2009,1,28,0,0,0,3,2,25,1,1,2,1,0,0,1,10,99,1,4,10,1,1
17,170178,1,2,1,15,2,12,1,12,2,1,0,17,3,12,461,12461,21,2006,1FMRE11W76HA,1,F,M,R,E,1,1,W,7,6,H,A,0,P,FORD,ECO,SV,6,17,5191,,0,1380,,G,,F,8,281,,,16R235,,,,,,0,0,000000000,00000000000,0,0,0,1,0,0,0,0,0,0,0,57,0,0,0,12,12,6,2,12,0,0,0,1,17,62707,6,1,0,0,3,0,72,180,0,0,0,0,0,0,0,0,0,0,28,0,0,0,1,2,55,2,1,2,1,0,0,14,10,1,1,2,50,0,1
17,170178,2,2,1,15,2,12,1,12,2,1,0,17,2,12,481,12481,31,1993,2FTDF15N0PCA,2,F,T,D,F,1,5,N,0,P,C,A,0,T,FORD,F15,PK,93,17,,1,1330,1170,COF,G,,,8,302,,,,B,00000,00,A,42,0,0,000000000,00000000000,0,0,0,1,0,0,0,0,0,0,0,48,0,0,0,12,12,6,2,12,0,0,0,1,17,61611,6,1,0,0,3,0,74,200,0,0,0,0,0,0,0,0,0,0,0,0,0,0,1,2,55,3,1,2,1,0,0,14,62,1,1,1,51,1,0
17,170179,1,1,2,21,4,3,0,33,0,1,0,17,1,63,31,63031,4,2001,KNAFB1216150,K,N,A,F,B,1,2,1,6,1,5,0,0,P,KIA,SPL,4D,1,17,2478,,0,1008,,G,,F,4,109,,,14R185,,,,,,0,0,000000000,00000000000,0,0,0,1,0,0,0,0,0,0,0,998,0,0,0,12,12,6,2,30,0,0,0,1,17,60441,6,1,0,0,3,0,72,175,0,0,0,0,0,0,0,0,0,9,28,0,0,0,2,2,45,1,1,2,1,0,0,1,13,1,1,4,98,1,1
17,170180,1,1,1,25,4,12,50,9,0,1,0,17,3,84,881,84881,62,2003,1HTMMAAMX3H5,1,H,T,M,M,A,A,M,X,3,H,5,0,T,INTL,430,CC,3,17,,6,0,0,40S,D,,,6,466,,,,,00000,00,,42,0,57,1812944,571812944,2,1,1,1,0,0,0,0,0,0,0,40,0,0,0,12,12,2,1,9,0,0,0,1,17,60804,6,1,6,3,3,0,70,182,0,0,0,0,0,0,0,0,0,0,0,0,0,0,1,2,40,1,1,2,1,0,0,1,83,6,1,2,13,0,0
17,170181,1,1,3,4,4,20,30,1,0,1,0,17,1,20,32,20032,2,1998,1Y1SK5289WZ4,1,Y,1,S,K,5,2,8,9,W,Z,4,0,P,CHEV,P/L,4D,98,17,0,,0,971,,G,,F,4,110,,,14R175,,,,,,0,0,000000000,00000000000,0,0,0,1,0,0,0,0,0,0,0,998,0,1,5,0,98,6,2,1,0,0,0,1,17,60970,6,1,0,0,3,0,72,320,0,0,0,1,0,9,2009,9,2009,0,28,0,0,0,2,2,55,2,1,8,1,0,0,14,13,1,1,4,1,1,0
17,170182,1,1,3,22,4,21,52,8,0,1,0,17,1,37,402,37402,14,2006,JHLRD68516C0,J,H,L,R,D,6,8,5,1,6,C,0,0,P,HOND,CRV,UT,6,17,3318,,0,1033,,G,,F,4,146,,,16R215,,,,,,0,0,000000000,00000000000,0,0,0,1,0,0,0,0,0,0,0,998,0,0,0,12,12,6,2,8,0,0,0,1,17,60608,6,1,0,0,3,0,62,125,0,0,0,0,0,0,0,0,0,0,0,0,0,0,3,4,55,1,1,8,2,0,0,1,80,1,1,1,13,0,0
17,170183,1,1,1,15,4,1,29,59,0,1,0,17,3,37,402,37402,14,2009,5J6RE48729L0,5,J,6,R,E,4,8,7,2,9,L,0,0,P,HOND,CRV,UT,9,17,3549,,0,1031,,G,,F,4,146,,,17R225,,,,,,0,0,000000000,00000000000,0,0,0,1,0,0,0,0,0,0,0,46,0,0,0,12,98,6,2,30,0,0,0,1,17,60060,6,1,0,0,3,3,65,140,0,0,0,1,0,1,2010,1,2010,9,28,0,0,0,1,2,50,1,1,2,1,0,0,1,99,99,9,4,5,1,1
17,170185,1,2,1,27,1,19,37,12,6,1,0,17,1,39,34,39034,4,2003,SAJEA03V031M,S,A,J,E,A,0,3,V,0,3,1,M,0,P,JAGU,STR,4D,3,17,4046,,0,1145,,G,,Z,8,256,,,18R245,,,,,,0,0,000000000,00000000000,0,0,0,1,0,0,0,0,0,0,0,85,0,0,0,3,3,6,2,2,0,0,1,1,17,60542,1,1,0,0,2,0,72,140,1,3,0,0,1,7,2009,6,2010,1,35,0,0,0,1,2,55,1,2,2,2,0,0,6,54,9,4,2,65,1,0
17,170185,2,2,1,27,1,19,37,12,6,1,0,17,1,55,37,55037,2,2001,KMHJG35FX1U2,K,M,H,J,G,3,5,F,X,1,U,2,0,P,HYUN,TIB,CP,1,17,2633,,0,974,,G,,F,4,121,,,15R195,,,,,,0,0,000000000,00000000000,0,0,0,1,0,0,0,0,0,0,0,998,0,0,0,12,12,6,2,12,0,0,0,1,17,60169,6,1,0,0,3,3,59,165,0,0,0,0,0,0,0,0,0,0,0,0,0,0,1,2,55,1,2,2,2,0,0,1,54,3,2,1,64,1,0
17,170186,1,1,1,10,3,1,1,34,0,1,0,17,1,20,481,20481,31,2000,1GCEK19T9YE3,1,G,C,E,K,1,9,T,9,Y,E,3,0,T,CHEV,SK1,3C,0,17,,2,1575,1435,SIL,G,,,8,325,,,,B,4621,02,,44,0,0,000000000,00000000000,0,0,0,1,0,0,0,0,0,0,0,998,0,1,5,12,98,6,2,1,0,0,0,1,17,61102,6,1,0,0,3,0,67,160,0,0,0,0,0,0,0,0,0,9,28,0,0,0,1,2,55,1,1,2,1,0,0,1,13,1,1,4,1,1,1
17,170187,1,1,1,23,3,18,55,24,0,1,0,17,2,12,35,12035,4,1999,1FAFP66L3XK1,1,F,A,F,P,6,6,L,3,X,K,1,0,P,FORD,CSS,4D,99,17,2774,,0,1065,,G,,F,6,155,,,14R185,,,,,,0,0,000000000,00000000000,0,0,0,1,0,0,0,0,0,0,0,998,0,1,5,12,98,6,2,1,0,0,0,1,17,61010,6,2,0,0,3,0,65,120,0,0,0,0,0,0,0,0,0,1,28,0,0,0,1,2,55,2,1,2,2,0,0,14,6,99,2,4,2,1,0