STATE,ST_CASE,VEH_NO,VE_FORMS,NUMOCCS,DAY,MONTH,HOUR,MINUTE,HARM_EV,MAN_COLL,UNITTYPE,HIT_RUN,REG_STAT,OWNER,MAKE,MODEL,MAK_MOD,BODY_TYP,MOD_YEAR,VIN,VIN_1,VIN_2,VIN_3,VIN_4,VIN_5,VIN_6,VIN_7,VIN_8,VIN_9,VIN_10,VIN_11,VIN_12,TOW_VEH,VINTYPE,VINMAKE,VINA_MOD,VIN_BT,VINMODYR,VIN_LNGT,VIN_WGT,WGTCD_TR,WHLBS_LG,WHLBS_SH,SER_TR,FUELCODE,MCYCL_DS,CARBUR,CYLINDER,DISPLACE,MCYCL_CY,MCYCL_WT,TIRE_SZE,TON_RAT,TRK_WT,TRKWTVAR,VIN_REST,WHLDRWHL,J_KNIFE,MCARR_I1,MCARR_I2,MCARR_ID,GVWR,V_CONFIG,CARGO_BT,HAZ_INV,HAZ_PLAC,HAZ_ID,HAZ_CNO,HAZ_REL,BUS_USE,SPEC_USE,EMER_USE,TRAV_SP,UNDERIDE,ROLLOVER,ROLINLOC,IMPACT1,IMPACT2,DEFORMED,TOWED,M_HARM,VEH_SC1,VEH_SC2,FIRE_EXP,DR_PRES,L_STATE,DR_ZIP,L_STATUS,L_TYPE,CDL_STAT,L_ENDORS,L_COMPL,L_RESTRI,DR_HGT,DR_WGT,PREV_ACC,PREV_SUS,PREV_DWI,PREV_SPD,PREV_OTH,FIRST_MO,FIRST_YR,LAST_MO,LAST_YR,SPEEDREL,DR_SF1,DR_SF2,DR_SF3,DR_SF4,VTRAFWAY,VNUM_LAN,VSPD_LIM,VALIGN,VPROFILE,VPAVETYP,VSURCOND,VTRAFCON,VTCONT_F,P_CRASH1,P_CRASH2,P_CRASH3,PCRASH4,PCRASH5,ACC_TYPE,DEATHS,DR_DRINK
17,170188,1,1,1,24,4,0,36,34,0,1,0,17,1,12,471,12471,30,1998,1FTZR15X8WPA,1,F,T,Z,R,1,5,X,8,W,P,A,0,T,FORD,RNS,PC,98,17,,1,0,1259,RNG,G,,,6,245,,,,B,3597,00,E,44,0,0,000000000,00000000000,0,0,0,1,0,0,0,0,0,0,0,998,0,1,5,12,98,6,2,1,0,0,0,1,17,62271,6,1,0,0,3,0,71,235,0,0,0,0,0,0,0,0,0,1,28,0,0,0,1,2,55,1,1,2,2,0,0,1,5,7,2,4,2,1,1
17,170189,1,1,1,19,4,19,54,8,0,1,1,99,9,99,999,99999,99,9999,999999999999,9,9,9,9,9,9,9,9,9,9,9,9,9,,,,,,,,,,,,,,,,,,,,,,,,,0,99,999999999,99999999999,9,99,99,1,0,0,0,0,99,99,0,999,0,0,0,99,99,9,1,8,99,99,0,1,99,99999,9,9,99,9,9,9,999,999,99,99,99,99,99,99,9999,99,9999,9,99,99,99,99,2,4,30,1,1,2,2,0,0,99,99,99,9,9,13,0,0
17,170190,1,2,1,29,4,14,26,12,6,1,0,17,1,6,52,6052,6,2004,3C8FY68B54T2,3,C,8,F,Y,6,8,B,5,4,T,2,0,P,CHRY,PTC,SV,4,17,3105,,0,1030,,G,,F,4,148,,,16R205,,,,,,0,0,000000000,00000000000,0,0,0,1,0,0,0,0,0,0,0,998,0,0,0,12,12,6,2,12,0,0,0,1,17,60098,6,1,0,0,3,3,74,200,1,0,0,2,0,8,2008,1,2011,0,28,0,0,0,5,4,45,1,1,2,1,0,0,11,15,1,1,2,68,0,0
17,170190,2,2,1,29,4,14,26,12,6,1,0,17,1,72,706,72706,80,2010,1HD1KEM1XAB6,1,H,D,1,K,E,M,1,X,A,B,6,0,M,HD,FTK,RS,10,17,,,,,,,1690,,2,,4,901,,,,,,,0,0,000000000,00000000000,0,0,0,1,0,0,0,0,0,0,0,998,0,0,0,11,98,6,2,12,0,0,0,1,17,60178,6,1,0,0,3,0,70,190,0,0,0,0,0,0,0,0,0,0,0,0,0,0,5,4,45,1,1,2,1,0,0,1,54,1,1,1,69,1,0
17,170191,1,1,2,30,4,18,50,35,0,1,0,17,2,7,442,7442,20,1993,1B4GH44R4PX7,1,B,4,G,H,4,4,R,4,P,X,7,0,T,DODG,GCS,ES,93,17,,1,0,1190,CAR,G,,,6,201,,,,,3476,01,M,42,0,0,000000000,00000000000,0,0,0,1,0,0,0,0,0,0,0,998,0,0,0,12,12,6,2,35,0,0,0,1,99,99999,9,9,99,9,9,9,999,999,99,99,99,99,99,99,9999,99,9999,1,28,0,0,0,1,2,55,3,1,2,1,0,0,14,6,8,4,4,7,2,1
17,170192,1,3,1,30,4,17,4,12,2,1,0,17,1,21,2,21002,2,1978,3X3UR8E14391,3,X,3,U,R,8,E,1,4,3,9,1,0,P,OLDS,98R,,78,13,3796,,0,1190,,G,,4,8,350,,,15FR78,,,,,,0,0,000000000,00000000000,0,0,0,1,0,0,0,0,0,0,0,998,0,1,1,12,98,6,2,2,0,0,1,1,17,61832,2,1,0,0,2,0,999,999,0,1,0,0,0,10,2009,10,2009,1,36,37,0,0,1,2,55,1,2,2,1,0,0,1,6,1,1,2,50,1,1
17,170192,2,3,2,30,4,17,4,12,2,1,0,17,2,22,9,22009,3,1994,2G2FS22S9R22,2,G,2,F,S,2,2,S,9,R,2,2,0,P,PONT,FBD,2H,94,17,3232,,0,1011,,G,,F,6,207,,,16R215,,,,,,0,0,000000000,00000000000,0,0,0,1,0,0,0,0,0,0,0,998,0,0,0,12,12,6,2,12,0,0,0,1,17,61814,6,1,0,0,3,0,73,180,0,0,0,0,0,0,0,0,0,0,92,0,0,0,1,2,55,1,2,2,1,0,0,1,62,7,1,2,51,0,0
17,170192,3,3,3,30,4,17,4,12,2,1,0,17,1,20,37,20037,4,2006,1G1ZT51856F1,1,G,1,Z,T,5,1,8,5,6,F,1,0,P,CHEV,MLT,4D,6,17,3316,,0,1063,,G,,F,6,214,,,16R215,,,,,,0,0,000000000,00000000000,0,0,0,1,0,0,0,0,0,0,0,998,0,0,0,11,11,6,2,12,0,0,0,1,17,60953,6,1,0,0,3,0,71,240,0,0,0,0,0,0,0,0,0,0,0,0,0,0,1,2,55,1,2,2,1,0,0,1,62,7,1,2,98,0,0
17,170193,1,1,1,5,5,21,58,8,0,1,0,6,3,20,881,20881,61,2007,1GBJC34677E5,1,G,B,J,C,3,4,6,7,7,E,5,0,T,CHEV,SC3,CB,7,17,,3,1615,1370,SIL,D,,,8,403,,,,D,5503,00,,42,0,99,999999999,99999999999,2,1,96,1,0,0,0,0,0,0,0,998,0,0,0,62,62,2,1,8,0,0,0,1,6,90007,6,1,6,0,3,0,999,999,0,0,0,0,0,0,0,0,0,0,0,0,0,0,3,4,55,1,1,8,2,0,0,1,80,1,1,1,13,0,0
17,170194,1,2,2,5,5,12,29,12,6,1,0,17,2,6,52,6052,6,2002,3C8FY68B62T2,3,C,8,F,Y,6,8,B,6,2,T,2,0,P,CHRY,PTC,SV,2,17,3119,,0,1033,,G,,F,4,148,,,16R205,,,,,,0,0,000000000,00000000000,0,0,0,1,0,0,0,0,0,0,0,998,0,0,0,61,61,6,2,12,0,0,0,1,17,62269,6,1,0,0,3,3,66,170,0,0,0,0,0,0,0,0,0,0,38,0,0,0,1,2,45,1,1,2,1,20,3,11,15,1,1,1,82,2,0
17,170194,2,2,1,5,5,12,29,12,6,1,0,17,3,12,881,12881,63,1998,1FDZW96T6WVA,1,F,D,Z,W,9,6,T,6,W,V,A,0,T,FORD,L01,CC,98,17,,8,2610,1530,COH,D,,,6,638,,,,,00000,00,,64,0,57,01729370,5701729370,3,2,97,1,0,0,0,0,0,0,0,998,0,0,0,12,12,6,2,12,0,0,0,1,17,62264,6,1,6,0,3,3,70,220,0,0,0,0,0,0,0,0,0,0,0,0,0,0,1,2,45,1,1,2,1,0,0,1,66,8,2,2,83,0,0
17,170195,1,1,1,2,5,21,56,8,0,1,1,17,2,22,2,22002,4,1999,1G2HZ5212XH2,1,G,2,H,Z,5,2,1,2,X,H,2,0,P,PONT,BSI,4D,99,17,3587,,0,1108,,G,,Z,6,231,,,16R225,,,,,,0,0,000000000,00000000000,0,0,0,1,0,0,0,0,0,0,0,998,0,0,0,12,98,2,3,8,0,0,0,1,17,61102,6,1,0,0,3,0,68,200,0,0,0,0,1,1,2009,1,2009,9,99,99,99,99,1,2,30,1,1,2,1,0,0,1,80,99,1,3,13,0,0
17,170196,1,1,1,7,5,20,35,24,0,1,0,17,1,53,705,53705,80,2008,JS1GN7EA3821,J,S,1,G,N,7,E,A,3,8,2,1,0,M,SUZI,G60,RC,8,17,,,,,,,599,,4,,4,359,,,,,,,0,0,000000000,00000000000,0,0,0,1,0,0,0,0,0,0,0,998,0,0,0,12,98,6,2,24,0,0,0,1,17,62040,6,1,0,0,3,0,67,135,0,0,0,0,0,0,0,0,0,1,28,0,0,0,2,4,55,3,1,2,1,0,0,14,6,3,2,4,2,1,1
17,170197,1,2,2,3,5,16,24,12,6,1,0,17,1,19,3,19003,2,1997,1G6KE52Y1VU2,1,G,6,K,E,5,2,Y,1,V,U,2,0,P,CADI,DDE,4D,97,17,3946,,0,1138,,G,,F,8,279,,,16R225,,,,,,0,0,000000000,00000000000,0,0,0,1,0,0,0,0,0,0,0,998,0,0,0,62,62,6,2,12,0,0,0,1,17,61111,6,1,0,0,3,0,69,112,0,0,0,1,0,3,2009,3,2009,0,38,0,0,0,2,4,45,1,1,2,1,0,0,98,19,1,1,7,98,1,0
17,170197,2,2,4,3,5,16,24,12,6,1,0,17,1,2,404,2404,14,1995,1J4GZ58Y4SC5,1,J,4,G,Z,5,8,Y,4,S,C,5,0,T,JEEP,LRO,4W,95,17,,1,0,1059,GCK,G,,,8,318,,,,,3552,00,M,44,0,0,000000000,00000000000,0,0,0,1,0,0,0,0,0,0,0,998,0,0,0,12,12,6,2,12,0,0,0,1,17,61072,6,1,0,0,3,3,62,150,0,0,0,0,1,11,2008,11,2008,0,0,0,0,0,2,4,45,1,1,2,1,0,0,1,71,1,1,1,98,0,0
17,170198,1,2,2,4,5,5,41,12,6,1,0,17,2,20,16,20016,2,1995,1G1JC1246SM1,1,G,1,J,C,1,2,4,6,S,M,1,0,P,CHEV,CAV,CP,95,17,2617,,0,1041,,G,,F,4,133,,,14R195,,,,,,0,0,000000000,00000000000,0,0,0,1,0,0,0,0,0,0,0,998,0,0,0,12,12,6,2,12,0,0,0,1,17,62294,6,1,0,0,3,0,69,112,0,0,0,1,0,3,2009,3,2009,1,99,99,99,99,1,2,30,1,3,2,1,0,0,1,50,7,1,2,98,1,0
17,170198,2,2,1,4,5,5,41,12,6,1,0,17,3,86,881,86881,63,1998,1M2P267C8WM0,1,M,2,P,2,6,7,C,8,W,M,0,0,T,MACK,RD6,CC,98,17,,8,0,0,600,D,,,6,728,,,,,00000,00,,64,0,88,888888888,88888888888,3,2,7,1,0,0,0,0,0,0,0,0,0,0,0,1,1,2,1,12,0,0,0,1,17,62001,6,1,6,0,3,0,76,230,0,0,0,1,0,9,2009,9,2009,0,0,0,0,0,1,2,30,1,3,2,1,0,0,5,98,1,1,1,98,0,0
17,170199,1,1,1,17,1,7,52,34,0,1,0,17,1,6,10,6010,4,1985,1C3BF66P5FX6,1,C,3,B,F,6,6,P,5,F,X,6,0,P,CHRY,FAV,4D,85,17,3741,,0,1127,,G,,2,8,318,,,15R205,,,,,,0,0,000000000,00000000000,0,0,0,1,0,0,0,0,0,0,0,998,0,0,0,11,62,6,2,42,0,0,0,1,17,62380,6,1,0,0,3,3,67,178,0,0,0,1,0,2,2010,2,2010,1,28,0,0,0,3,2,65,1,1,1,4,0,0,1,5,1,7,4,2,1,0
17,170200,1,1,1,11,3,4,13,8,0,1,0,17,3,12,461,12461,21,2006,1FTRE14W76DA,1,F,T,R,E,1,4,W,7,6,D,A,0,T,FORD,15V,CG,6,17,,2,0,1380,VAN,G,,,8,281,,,,B,4773,00,E,42,0,0,000000000,00000000000,0,0,0,1,0,0,0,0,0,0,0,44,0,0,0,12,12,2,3,8,0,0,0,1,17,60102,6,1,0,0,3,3,70,160,0,0,0,0,0,0,0,0,0,0,0,0,0,0,6,1,55,1,1,2,1,0,0,16,80,1,1,1,13,0,0
17,170201,1,1,4,22,4,3,24,30,0,1,0,17,2,20,22,20022,4,2005,1G1AL52F8575,1,G,1,A,L,5,2,F,8,5,7,5,0,P,CHEV,BLS,4D,5,17,3216,,0,1033,,G,,F,4,134,,,15R195,,,,,,0,0,000000000,00000000000,0,0,0,1,0,0,0,0,0,0,0,998,0,1,5,12,98,6,2,1,0,0,0,1,17,61436,6,1,0,0,3,0,71,145,0,0,0,0,0,0,0,0,0,1,28,0,0,0,1,2,25,1,3,2,2,0,0,1,6,1,1,4,6,1,1
17,170202,1,2,1,29,4,18,22,12,2,1,0,17,1,20,401,20401,14,2002,1GNDT13S4221,1,G,N,D,T,1,3,S,4,2,2,1,0,P,CHEV,TRL,UT,2,17,4628,,0,1130,,G,,F,6,256,,,16R245,,,,,,0,0,000000000,00000000000,0,0,0,1,0,0,0,0,0,0,0,998,0,0,0,12,12,6,2,12,0,0,0,1,17,62521,6,1,0,0,3,3,72,195,0,0,0,0,0,0,0,0,0,0,51,0,0,0,1,2,55,1,1,2,1,0,0,1,10,1,1,2,50,1,1
17,170202,2,2,1,29,4,18,22,12,2,1,0,17,1,20,481,20481,31,2000,2GCEK19V7Y12,2,G,C,E,K,1,9,V,7,Y,1,2,0,T,CHEV,SK1,3C,0,17,,2,1575,1435,SIL,G,,,8,293,,,,B,4621,02,,44,0,0,000000000,00000000000,0,0,0,1,0,0,0,0,0,0,0,998,0,0,0,12,12,6,2,12,0,0,0,1,17,62521,6,1,0,0,3,0,71,240,0,0,0,0,0,0,0,0,0,0,0,0,0,0,1,2,55,1,1,2,1,0,0,1,62,1,1,1,51,1,0
17,170203,1,2,1,6,5,17,21,12,6,1,0,17,1,53,706,53706,80,2006,JS1GT76A0621,J,S,1,G,T,7,6,A,0,6,2,1,0,M,SUZI,XR1,RC,6,17,,,,,,,999,,4,,4,365,,,,,,,0,0,000000000,00000000000,0,0,0,1,0,0,0,0,0,0,0,998,0,0,0,12,12,6,2,12,0,0,0,1,17,60915,6,1,0,0,3,0,70,180,0,0,0,1,0,3,2009,3,2009,1,26,0,0,0,1,2,30,1,1,2,1,0,0,1,51,1,1,1,98,1,0
17,170203,2,2,2,6,5,17,21,12,6,1,0,17,1,23,421,23421,15,2001,1GKEK13T81J1,1,G,K,E,K,1,3,T,8,1,J,1,0,T,GMC,YUK,4W,1,17,,2,0,1160,YUK,G,,,8,325,,,,B,5113,00,K,44,0,0,000000000,00000000000,0,0,0,1,0,0,0,0,0,0,0,998,0,0,0,9,9,6,2,12,0,0,0,1,17,60964,6,1,0,0,3,0,70,320,0,0,0,1,0,2,2010,2,2010,0,0,0,0,0,1,2,30,1,1,2,1,0,0,11,15,1,1,1,98,0,0
17,170204,1,2,1,10,5,12,5,12,8,1,0,17,1,18,7,18007,4,2003,2G4WS52J6311,2,G,4,W,S,5,2,J,6,3,1,1,0,P,BUIC,CCU,4D,3,17,3368,,0,1090,,G,,F,6,191,,,15R205,,,,,,0,0,000000000,00000000000,0,0,0,1,0,0,0,0,0,0,0,998,0,0,0,9,62,6,2,12,0,0,1,1,17,60950,6,1,0,0,3,0,60,200,0,0,0,0,0,0,0,0,0,0,28,0,0,0,1,4,55,1,1,2,1,0,0,1,10,1,1,2,64,1,0
17,170204,2,2,1,10,5,12,5,12,8,1,0,18,3,84,881,84881,63,2007,1HTMSAAR67H3,1,H,T,M,S,A,A,R,6,7,H,3,0,T,INTL,440,CC,7,17,,8,0,0,40S,D,,,6,466,,,,,00000,00,,64,0,57,00305578,5700305578,3,2,1,1,0,0,0,0,0,0,0,998,0,0,0,9,9,6,2,12,0,0,1,1,17,60638,6,1,6,3,3,3,71,230,0,0,0,0,0,0,0,0,0,0,0,0,0,0,1,4,55,1,1,2,1,0,0,1,62,1,1,1,65,0,0
17,170205,1,1,1,10,5,12,35,1,0,1,0,17,1,72,706,72706,80,2008,1HD1KB4128Y6,1,H,D,1,K,B,4,1,2,8,Y,6,0,M,HD,FHX,RS,8,17,,,,,,,1584,,2,,4,786,,,,,,,0,0,000000000,00000000000,0,0,0,1,0,0,0,0,0,0,0,30,0,0,0,0,98,6,2,1,0,0,0,1,17,61801,6,1,0,0,3,0,71,178,3,1,0,2,1,9,2009,3,2011,9,99,99,99,99,1,4,30,1,1,2,1,0,0,1,3,1,7,3,98,1,0
17,170206,1,2,2,20,4,12,47,12,6,1,0,17,1,21,2,21002,4,1998,1G3HN52K0W48,1,G,3,H,N,5,2,K,0,W,4,8,0,P,OLDS,8LW,4D,98,17,3455,,0,1108,,G,,F,6,231,,,15R205,,,,,,0,0,000000000,00000000000,0,0,0,1,0,0,0,0,0,0,0,998,0,0,0,9,9,6,2,12,0,0,0,1,17,61350,6,1,0,0,3,3,62,140,0,0,0,0,0,0,0,0,0,0,39,38,0,0,1,2,55,1,1,2,1,4,3,1,54,1,1,1,89,2,0
17,170206,2,2,1,20,4,12,47,12,6,1,0,31,3,82,881,82881,66,2011,1FUJGLDRXBSA,1,F,U,J,G,L,D,R,X,B,S,A,1,T,FRHT,125,TR,11,17,,8,0,0,CSC,D,,,6,903,,,,,00000,00,,64,1,57,073705,57073705,3,6,1,1,0,0,0,0,0,0,0,998,0,0,0,12,12,6,2,12,0,0,0,1,17,61341,6,1,6,3,3,0,68,190,0,0,0,0,0,0,0,0,0,0,0,0,0,0,1,2,55,1,1,2,1,0,0,1,17,1,1,1,88,0,0
17,170207,1,2,2,29,4,14,24,12,6,1,0,17,1,58,33,58033,4,1993,JNKCP01P4PT4,J,N,K,C,P,0,1,P,4,P,T,4,0,P,INFI,G20,4D,93,17,2745,,0,1004,,G,,F,4,122,,,14R195,,,,,,0,0,000000000,00000000000,0,0,0,1,0,0,0,0,0,0,0,998,0,0,0,3,3,6,2,12,0,0,0,1,17,60187,6,1,0,0,3,3,63,120,0,0,0,0,0,0,0,0,0,0,38,0,0,0,1,4,40,1,1,2,1,2,3,11,15,1,1,1,68,1,0
17,170207,2,2,1,29,4,14,24,12,6,1,0,17,2,14,401,14401,14,1999,4M2DU55P5XUJ,4,M,2,D,U,5,5,P,5,X,U,J,0,P,MERC,MOU,UT,99,17,4348,,0,1120,,G,,F,8,302,,,15R235,,,,,,0,0,000000000,00000000000,0,0,0,1,0,0,0,0,0,0,0,998,0,0,0,12,12,2,1,12,0,0,0,1,17,60185,6,2,0,0,3,0,69,185,0,0,0,0,0,0,0,0,0,0,0,0,0,0,1,4,40,1,1,2,1,2,3,1,66,1,1,1,69,0,0
17,170208,1,2,11,30,4,3,0,12,2,1,0,17,2,41,402,41402,14,2003,4F2CZ96103KM,4,F,2,C,Z,9,6,1,0,3,K,M,0,P,MAZD,TRI,UT,3,17,3455,,0,1031,,G,,F,6,181,,,000000,,,,,,0,0,000000000,00000000000,0,0,0,1,0,0,0,0,0,0,0,998,0,0,0,12,12,6,2,12,0,0,0,1,17,60651,6,1,0,0,3,0,65,215,0,0,0,0,0,0,0,0,0,0,28,0,0,0,1,2,25,1,1,2,1,0,0,1,10,1,1,2,51,3,1
17,170208,2,2,1,30,4,3,0,12,2,1,0,17,1,12,18,12018,3,1995,1ZVLT20A4S51,1,Z,V,L,T,2,0,A,4,S,5,1,0,P,FORD,PBS,2H,95,17,2690,,0,1028,,G,,F,4,122,,,14R195,,,,,,0,0,000000000,00000000000,0,0,0,1,0,0,0,0,0,0,0,998,0,0,0,12,12,6,2,12,0,0,0,1,17,60624,6,1,0,0,3,0,65,175,0,0,0,0,1,11,2010,11,2010,0,0,0,0,0,1,2,25,1,1,2,1,0,0,1,62,1,1,1,50,0,0
17,170209,1,1,1,3,5,19,0,8,0,1,0,17,3,84,981,84981,51,2010,4DRAUAAN3AB5,4,D,R,A,U,A,A,N,3,A,B,5,0,T,INTL,,BU,10,17,,7,,,,D,,,6,466,,,,,,,,42,0,57,582059,57582059,2,21,22,1,0,0,0,0,5,0,0,998,0,0,0,12,99,2,1,8,0,0,0,1,17,60656,6,1,6,3,3,3,70,230,0,0,0,0,2,8,2008,8,2008,0,99,99,99,99,2,6,30,1,1,2,1,2,3,10,80,1,1,2,13,0,1
17,170210,1,2,1,5,5,16,27,12,2,1,0,17,1,7,20,7020,4,2004,1B3ES56C44D5,1,B,3,E,S,5,6,C,4,4,D,5,0,P,DODG,NXT,4D,4,17,2634,,0,1040,,G,,F,4,122,,,15R185,,,,,,0,0,000000000,00000000000,0,0,0,1,0,0,0,0,0,0,0,998,0,0,0,12,12,6,2,12,0,0,0,1,17,60140,6,1,0,0,3,3,64,236,0,0,0,0,0,0,0,0,0,0,51,28,0,0,1,2,55,1,1,2,1,0,0,1,10,1,1,2,50,1,0
17,170210,2,2,1,5,5,16,27,12,2,1,0,55,3,82,881,82881,66,1997,1FUYDSEB9VL7,1,F,U,Y,D,S,E,B,9,V,L,7,1,T,FRHT,FLD,TR,97,17,,8,0,0,CON,D,,,6,774,,,,,00000,00,,64,1,57,329494,57329494,3,6,1,1,0,0,0,0,0,0,0,998,0,0,0,12,12,6,2,12,0,0,0,1,17,61063,6,1,6,3,3,0,72,250,0,0,0,0,0,0,0,0,0,0,0,0,0,0,1,2,55,1,1,2,1,0,0,1,62,7,1,1,51,0,0
17,170212,1,2,1,3,5,18,2,12,1,1,0,17,2,6,43,6043,4,2003,1C3EL46X93N5,1,C,3,E,L,4,6,X,9,3,N,5,0,P,CHRY,SLX,4D,3,17,3102,,0,1080,,G,,F,4,148,,,15R205,,,,,,0,0,000000000,00000000000,0,0,0,1,0,0,0,0,0,0,0,998,0,0,0,12,12,6,2,12,0,0,0,1,17,62087,1,1,0,0,2,0,71,165,1,0,0,0,0,10,2008,10,2008,1,36,0,0,0,1,2,30,1,1,2,1,0,0,1,51,1,1,1,28,0,0
17,170212,2,2,1,3,5,18,2,12,1,1,0,17,1,53,706,53706,80,2007,JS1VS55A6721,J,S,1,V,S,5,5,A,6,7,2,1,0,M,SUZI,VL8,RS,7,17,,,,,,,819,,2,,4,542,,,,,,,0,0,000000000,00000000000,0,0,0,1,0,0,0,0,0,0,0,998,0,0,0,6,6,2,1,12,0,0,0,1,17,62002,6,1,0,0,3,0,68,175,0,0,0,0,0,0,0,0,0,0,0,0,0,0,1,2,30,1,1,2,1,0,0,2,16,1,1,1,31,1,0
17,170213,1,2,1,11,5,18,44,12,6,1,0,17,2,41,37,41037,4,1995,1YVGE22C1S53,1,Y,V,G,E,2,2,C,1,S,5,3,0,P,MAZD,UDL,4D,95,17,2743,,0,1028,,G,,F,4,122,,,14R195,,,,,,0,0,000000000,00000000000,0,0,0,1,0,0,0,0,0,0,0,998,0,0,0,9,9,6,2,12,0,0,0,1,17,62677,6,1,0,0,3,0,62,102,0,0,0,0,0,0,0,0,0,0,38,52,0,0,1,2,40,1,2,2,1,20,3,11,15,1,1,2,82,1,0
17,170213,2,2,1,11,5,18,44,12,6,1,0,29,3,82,881,82881,66,2008,1FUJBBCK18LA,1,F,U,J,B,B,C,K,1,8,L,A,1,T,FRHT,ST2,TR,8,17,,8,0,0,CON,D,,,6,855,,,,,00000,00,,64,1,57,00003706,5700003706,3,6,1,1,0,0,0,0,0,0,0,998,0,0,0,12,12,6,2,12,0,0,0,1,28,38774,6,1,6,0,3,1,999,999,99,99,99,99,99,99,9999,99,9999,0,0,0,0,0,1,2,55,1,2,2,1,0,0,1,67,6,1,2,83,0,0
17,170214,1,1,2,15,5,2,57,8,0,1,0,17,1,20,401,20401,14,2002,1GNCT18W42K1,1,G,N,C,T,1,8,W,4,2,K,1,0,P,CHEV,BZR,UT,2,17,3869,,0,1005,,G,,F,6,262,,,000000,,,,,,0,0,000000000,00000000000,0,0,0,1,0,0,0,0,0,0,0,55,0,0,0,12,12,6,2,8,0,0,0,1,17,62278,6,1,0,0,3,0,70,165,0,0,0,0,0,0,0,0,0,0,0,0,0,0,1,2,55,1,2,2,2,0,0,1,80,1,1,1,13,0,1
17,170215,1,2,1,13,5,14,50,12,6,1,0,0,0,98,998,98998,92,9999,000000000000,0,0,0,0,0,0,0,0,0,0,0,0,0,,,,,,,,,,,,,,,,,,,,,,,,,0,0,000000000,00000000000,0,0,0,1,0,0,0,0,0,0,0,998,0,0,0,9,9,6,2,12,0,0,0,1,17,62881,6,1,6,3,3,0,71,140,0,0,0,0,0,0,0,0,0,0,38,0,0,0,1,2,65,1,1,2,1,20,3,3,17,1,1,1,89,0,0
17,170215,2,2,1,13,5,14,50,12,6,1,0,17,1,12,17,12017,4,1995,1FALP534XSG1,1,F,A,L,P,5,3,4,X,S,G,1,0,P,FORD,TAX,4D,95,17,3186,,0,1060,,G,,F,6,232,,,15R205,,,,,,0,0,000000000,00000000000,0,0,0,1,0,0,0,0,0,0,0,998,0,0,0,12,12,6,2,12,0,0,0,1,17,62849,6,1,0,0,3,0,76,205,0,0,0,1,0,5,2009,5,2009,0,0,0,0,0,1,2,55,1,1,2,1,20,3,1,66,1,1,1,88,1,0
17,170216,1,1,1,8,5,4,40,8,0,1,0,17,1,22,32,22032,6,2009,5Y2SP678X9Z4,5,Y,2,S,P,6,7,8,X,9,Z,4,0,P,PONT,VIB,4H,9,17,2856,,0,1024,,G,,F,4,110,,,16R205,,,,,,0,0,000000000,00000000000,0,0,0,1,0,0,0,0,0,0,0,26,0,0,0,12,12,2,1,8,0,0,0,1,17,60130,6,1,0,0,3,3,70,135,0,0,0,0,0,0,0,0,0,0,38,52,0,0,6,1,98,1,2,1,1,0,0,11,80,1,1,1,13,0,0
17,170217,1,1,1,9,4,16,20,1,0,1,0,17,1,37,706,37706,80,1999,1HFSC3907XA1,1,H,F,S,C,3,9,0,7,X,A,1,0,M,HOND,V3W,RS,99,17,,,,,,,1099,,2,,4,615,,,,,,,0,0,000000000,00000000000,0,0,0,1,0,0,0,0,0,0,0,998,0,0,0,0,98,6,2,1,0,0,0,1,17,60586,6,1,0,0,3,0,67,220,0,0,0,1,1,3,2009,9,2010,1,38,0,0,0,2,4,45,1,1,2,1,2,3,2,50,8,2,1,98,1,0
17,170218,1,2,1,6,5,17,31,12,6,1,0,17,2,35,32,35032,2,1997,1N4AB42D2VC5,1,N,4,A,B,4,2,D,2,V,C,5,0,P,NISS,2SE,CP,97,17,2252,,0,998,,G,,F,4,097,,,13R175,,,,,,0,0,000000000,00000000000,0,0,0,1,0,0,0,0,0,0,0,997,0,0,0,12,12,6,2,12,0,0,0,1,17,62966,6,1,0,0,3,0,63,125,0,0,0,0,0,0,0,0,0,0,38,0,0,0,1,2,55,1,1,2,1,0,0,11,15,1,1,2,68,0,0
17,170218,2,2,1,6,5,17,31,12,6,1,0,17,1,72,706,72706,80,2009,1HD1LA6169K4,1,H,D,1,L,A,6,1,6,9,K,4,0,M,HD,XXR,RS,9,17,,,,,,,1202,,2,,4,551,,,,,,,0,0,000000000,00000000000,0,0,0,1,0,0,0,0,0,0,0,998,0,0,0,9,9,6,2,12,0,0,0,1,17,62966,6,1,6,0,3,3,71,190,0,0,0,0,0,0,0,0,0,0,0,0,0,0,1,2,55,1,1,2,1,0,0,1,66,1,1,1,69,1,0
17,170219,1,1,3,6,5,22,30,19,0,1,0,17,2,49,402,49402,14,2002,JTEHH20V6260,J,T,E,H,H,2,0,V,6,2,6,0,0,P,TOYT,RV4,UT,2,17,2877,,0,980,,G,,F,4,122,,,16R215,,,,,,0,0,000000000,00000000000,0,0,0,1,0,0,0,0,0,0,0,998,0,0,0,12,12,6,2,19,0,0,0,1,17,62536,6,2,0,0,3,0,67,155,0,0,0,0,0,0,0,0,0,1,36,0,0,0,1,2,30,2,1,2,1,0,0,14,9,98,2,4,7,1,0