STATE,ST_CASE,VEH_NO,VE_FORMS,NUMOCCS,DAY,MONTH,HOUR,MINUTE,HARM_EV,MAN_COLL,UNITTYPE,HIT_RUN,REG_STAT,OWNER,MAKE,MODEL,MAK_MOD,BODY_TYP,MOD_YEAR,VIN,VIN_1,VIN_2,VIN_3,VIN_4,VIN_5,VIN_6,VIN_7,VIN_8,VIN_9,VIN_10,VIN_11,VIN_12,TOW_VEH,VINTYPE,VINMAKE,VINA_MOD,VIN_BT,VINMODYR,VIN_LNGT,VIN_WGT,WGTCD_TR,WHLBS_LG,WHLBS_SH,SER_TR,FUELCODE,MCYCL_DS,CARBUR,CYLINDER,DISPLACE,MCYCL_CY,MCYCL_WT,TIRE_SZE,TON_RAT,TRK_WT,TRKWTVAR,VIN_REST,WHLDRWHL,J_KNIFE,MCARR_I1,MCARR_I2,MCARR_ID,GVWR,V_CONFIG,CARGO_BT,HAZ_INV,HAZ_PLAC,HAZ_ID,HAZ_CNO,HAZ_REL,BUS_USE,SPEC_USE,EMER_USE,TRAV_SP,UNDERIDE,ROLLOVER,ROLINLOC,IMPACT1,IMPACT2,DEFORMED,TOWED,M_HARM,VEH_SC1,VEH_SC2,FIRE_EXP,DR_PRES,L_STATE,DR_ZIP,L_STATUS,L_TYPE,CDL_STAT,L_ENDORS,L_COMPL,L_RESTRI,DR_HGT,DR_WGT,PREV_ACC,PREV_SUS,PREV_DWI,PREV_SPD,PREV_OTH,FIRST_MO,FIRST_YR,LAST_MO,LAST_YR,SPEEDREL,DR_SF1,DR_SF2,DR_SF3,DR_SF4,VTRAFWAY,VNUM_LAN,VSPD_LIM,VALIGN,VPROFILE,VPAVETYP,VSURCOND,VTRAFCON,VTCONT_F,P_CRASH1,P_CRASH2,P_CRASH3,PCRASH4,PCRASH5,ACC_TYPE,DEATHS,DR_DRINK
17,170253,1,1,1,19,5,16,45,8,0,1,0,17,1,20,37,20037,4,1998,1G1NE52M6WY1,1,G,1,N,E,5,2,M,6,W,Y,1,0,P,CHEV,M/L,4D,98,17,3100,,0,1070,,G,,F,6,191,,,15R215,,,,,,0,0,000000000,00000000000,0,0,0,1,0,0,0,0,0,0,0,998,0,0,0,12,12,6,2,8,0,0,0,1,17,62924,6,1,0,0,3,0,70,180,0,0,0,0,0,0,0,0,0,0,0,0,0,0,1,2,55,1,1,2,2,0,0,1,80,2,1,1,13,0,0
17,170254,1,2,2,1,6,15,51,12,6,1,0,51,1,22,20,22020,4,1995,1G2WJ52M7SF3,1,G,2,W,J,5,2,M,7,S,F,3,0,P,PONT,GFS,4D,95,17,3370,,0,1075,,G,,F,6,191,,,15R205,,,,,,0,0,000000000,00000000000,0,0,0,1,0,0,0,0,0,0,0,999,2,0,0,3,12,6,2,12,0,0,0,1,51,62702,6,1,0,0,3,0,70,185,0,0,1,1,0,4,2009,4,2009,0,27,0,0,0,2,4,65,2,2,2,1,0,0,14,9,1,4,6,64,2,0
17,170254,2,2,1,1,6,15,51,12,6,1,0,18,3,98,804,98804,66,2001,2WKEDD3J41K9,2,W,K,E,D,D,3,J,4,1,K,9,1,T,WSTR,49E,TR,1,17,,8,0,0,CNV,D,,,6,893,,,,,00000,00,,64,1,57,703313,57703313,3,6,3,1,0,0,0,0,0,0,0,998,0,0,0,12,12,6,2,12,0,0,0,1,18,46910,6,1,6,0,3,3,65,220,0,0,0,0,1,4,2009,4,2009,0,0,0,0,0,2,4,65,2,2,2,1,0,0,14,62,1,1,1,65,0,0
17,170255,1,3,1,26,5,16,1,57,0,1,0,17,2,9,37,9037,9,1990,4P3CS44R1LE0,4,P,3,C,S,4,4,R,1,L,E,0,0,P,PLYM,LRS,2H,90,17,2510,,0,972,,G,,F,4,122,,,16R205,,,,,,0,0,000000000,00000000000,0,0,0,1,0,0,0,0,0,0,0,998,0,0,0,12,1,6,2,12,0,0,0,1,17,62061,6,2,0,0,3,1,62,115,0,0,0,0,0,0,0,0,0,9,52,0,0,0,3,2,55,1,1,2,1,0,0,1,9,1,1,4,6,1,0
17,170255,2,3,2,26,5,16,1,57,0,1,0,20,2,37,31,37031,4,2011,19XFA1F6XBE0,1,9,X,F,A,1,F,6,X,B,E,0,0,P,HOND,ULS,4D,11,17,2760,,0,1063,,G,,F,4,110,,,16R205,,,,,,0,0,000000000,00000000000,0,0,0,1,0,0,0,0,0,0,0,998,0,0,0,12,12,6,2,12,0,0,0,1,20,66103,6,1,0,0,3,0,72,135,0,0,0,1,0,6,2010,6,2010,0,0,0,0,0,3,2,55,1,1,2,1,0,0,1,18,1,1,1,98,0,0
17,170255,3,3,2,26,5,16,1,57,0,1,0,29,1,20,421,20421,15,2009,1GNFK23049R2,1,G,N,F,K,2,3,0,4,9,R,2,0,P,CHEV,KTA,UT,9,17,5524,,0,1160,,F,,F,8,323,,,17R265,,,,,,0,0,000000000,00000000000,0,0,0,1,0,0,0,0,0,0,0,0,0,0,0,12,12,6,2,12,0,0,0,1,29,65804,6,1,0,0,3,3,65,130,0,0,0,1,0,1,2011,1,2011,0,0,0,0,0,3,2,55,1,1,2,1,0,0,2,18,9,1,1,98,0,0
17,170256,1,1,2,29,5,1,30,11,0,1,0,17,1,72,706,72706,80,2007,1HD1GM4157K3,1,H,D,1,G,M,4,1,5,7,K,3,0,M,HD,FDX,RS,7,17,,,,,,,1584,,2,,4,632,,,,,,,0,0,000000000,00000000000,0,0,0,1,0,0,0,0,0,0,0,998,0,0,0,12,12,6,2,11,0,0,0,1,17,62263,6,1,0,0,3,0,68,200,0,0,0,0,0,0,0,0,0,0,83,0,0,0,1,2,55,1,1,2,1,0,0,1,87,1,1,1,13,1,1
17,170257,1,2,1,29,5,0,49,12,2,1,0,17,1,55,35,55035,4,2011,5NPDH4AE6BH0,5,N,P,D,H,4,A,E,6,B,H,0,0,P,HYUN,EGM,4D,11,17,2661,,0,0,,G,,F,4,110,,,000000,,,,,,0,0,000000000,00000000000,0,0,0,1,0,0,0,0,0,0,0,55,0,0,0,12,12,6,2,12,0,0,0,1,17,62883,6,1,0,0,3,0,63,140,1,0,0,1,0,10,2010,10,2010,0,0,0,0,0,1,2,50,1,1,2,1,0,0,1,10,1,1,2,50,1,1
17,170257,2,2,1,29,5,0,49,12,2,1,0,17,1,23,461,23461,22,1998,1GDFG15R4W10,1,G,D,F,G,1,5,R,4,W,1,0,0,T,GMC,SV1,SV,98,17,,2,0,1350,S/V,G,,,8,350,,,,B,00000,00,E,42,0,0,000000000,00000000000,0,0,0,1,0,0,0,0,0,0,0,55,0,0,0,12,12,6,2,12,0,0,0,1,17,62061,6,1,0,0,3,0,68,142,0,0,0,0,0,0,0,0,0,0,0,0,0,0,1,2,50,1,1,2,1,0,0,1,54,1,1,1,51,0,0
17,170258,1,2,8,1,6,9,0,12,6,1,0,17,2,20,461,20461,21,2003,1GNDX03E03D2,1,G,N,D,X,0,3,E,0,3,D,2,0,T,CHEV,VTR,ES,3,17,,1,0,1200,VTR,G,,,6,207,,,,,3699,01,,42,0,0,000000000,00000000000,0,0,0,1,0,0,0,0,0,0,0,75,0,1,5,4,4,6,2,12,0,0,0,1,17,61938,0,0,0,0,0,0,999,999,99,99,99,99,99,99,9999,99,9999,1,27,58,0,0,1,2,55,1,1,1,1,0,0,6,6,6,4,2,64,3,0
17,170258,2,2,1,1,6,9,0,12,6,1,0,17,3,84,881,84881,66,1988,2HSFEBNR2JC0,2,H,S,F,E,B,N,R,2,J,C,0,1,T,INTL,F93,TR,88,17,,8,0,0,930,D,,,6,893,,,,,00000,00,,64,1,57,1848233,571848233,3,6,1,1,0,0,0,0,0,0,0,998,0,0,0,12,1,6,2,12,0,0,0,1,17,61920,6,1,6,0,3,1,68,160,0,0,0,0,0,0,0,0,0,0,0,0,0,0,1,2,55,1,1,2,1,0,0,1,62,1,1,1,65,0,0
17,170259,1,1,1,2,6,2,5,33,0,1,0,17,2,76,706,76706,80,2001,JYARN07E51A0,J,Y,A,R,N,0,7,E,5,1,A,0,0,M,YAMA,FZS,RC,1,17,,,,,,,998,,4,,4,458,,,,,,,0,0,000000000,00000000000,0,0,0,1,0,0,0,0,0,0,0,47,0,0,0,12,12,6,2,42,0,0,0,1,17,60002,6,1,0,0,3,3,72,240,0,0,0,0,0,0,0,0,0,9,81,0,0,0,1,4,40,3,1,2,1,0,0,14,13,1,1,4,1,1,0
17,170260,1,1,1,12,5,2,5,33,0,1,0,17,1,12,37,12037,4,2003,1FAFP33P63W2,1,F,A,F,P,3,3,P,6,3,W,2,0,P,FORD,FOX,4D,3,17,2564,,0,1030,,G,,F,4,122,,,14R185,,,,,,0,0,000000000,00000000000,0,0,0,1,0,0,0,0,0,0,0,998,0,0,0,12,12,6,2,3,0,0,0,1,17,60660,6,1,0,0,3,0,66,114,0,0,0,0,0,0,0,0,0,0,53,0,0,0,1,2,30,1,1,2,1,0,0,1,14,1,9,4,14,1,1
17,170261,1,2,2,8,6,13,59,12,1,1,0,17,3,98,809,98809,63,2007,2FZHCHDJ47AY,2,F,Z,H,C,H,D,J,4,7,A,Y,0,T,STRG,ACT,CC,7,17,,8,0,0,STE,D,,,6,439,,,,,00000,00,,64,0,99,999999999,99999999999,3,2,7,1,0,0,0,0,0,0,0,998,0,1,5,12,12,6,2,2,0,0,1,1,17,62848,6,1,6,0,3,3,74,230,0,0,0,1,0,6,2008,6,2008,1,84,0,0,0,1,2,55,1,2,2,1,0,0,1,50,1,1,1,20,1,0
17,170261,2,2,1,8,6,13,59,12,1,1,0,17,3,82,881,82881,63,1998,1FVXJJBB6WH9,1,F,V,X,J,J,B,B,6,W,H,9,0,T,FRHT,F80,CC,98,17,,8,0,0,MCV,D,,,6,439,,,,,00000,00,,64,0,57,00223595,5700223595,3,2,4,1,0,0,0,0,0,0,0,0,0,0,0,6,6,6,2,12,0,0,0,1,17,62221,6,1,6,0,3,0,61,172,0,0,0,0,0,0,0,0,0,0,0,0,0,0,1,2,55,1,2,2,1,0,0,5,53,1,1,1,21,0,0
17,170262,1,3,1,28,4,16,41,12,2,1,0,17,1,12,17,12017,4,1988,1FABP50U9JG2,1,F,A,B,P,5,0,U,9,J,G,2,0,P,FORD,TAL,4D,88,17,3005,,0,1060,,G,,F,6,182,,,14R195,,,,,,0,0,000000000,00000000000,0,0,0,1,0,0,0,0,0,0,0,30,0,0,0,12,12,6,2,12,0,0,0,1,17,60160,6,1,0,0,3,1,74,225,0,0,0,0,0,0,0,0,0,0,28,0,0,0,1,4,30,1,1,2,2,0,0,1,10,1,1,2,50,1,0
17,170262,2,3,2,28,4,16,41,12,2,1,0,17,3,12,481,12481,40,2002,1FTNW21F22EB,1,F,T,N,W,2,1,F,2,2,E,B,0,T,FORD,F2S,CW,2,17,,2,1724,1562,SRW,D,,,8,444,,,,C,6234,04,E,44,0,0,000000000,00000000000,0,0,0,1,0,0,0,0,0,0,0,30,0,0,0,12,12,6,2,12,0,0,0,1,17,60152,6,1,0,0,3,0,73,215,0,0,0,0,0,0,0,0,0,0,0,0,0,0,1,4,30,1,1,2,2,0,0,1,62,1,1,1,51,0,0
17,170262,3,3,1,28,4,16,41,12,2,1,0,17,1,7,41,7041,4,1999,2B3HD46R5XH7,2,B,3,H,D,4,6,R,5,X,H,7,0,P,DODG,INT,4D,99,17,3338,,0,1130,,G,,F,6,167,,,15R205,,,,,,0,0,000000000,00000000000,0,0,0,1,0,0,0,0,0,0,0,30,0,0,0,12,12,6,2,12,0,0,0,1,17,60162,6,1,0,0,3,0,68,200,0,0,0,1,0,3,2009,3,2009,0,0,0,0,0,1,4,30,1,1,2,2,0,0,1,18,1,1,1,98,0,0
17,170263,1,2,1,3,4,10,1,12,2,1,0,17,2,20,37,20037,6,2006,1G1ZT53846F2,1,G,1,Z,T,5,3,8,4,6,F,2,0,P,CHEV,MLT,4D,6,17,3316,,0,1063,,G,,F,6,214,,,16R215,,,,,,0,0,000000000,00000000000,0,0,0,1,0,0,0,0,0,0,0,25,0,0,0,12,12,6,2,12,0,0,0,1,17,60004,6,1,0,0,3,1,68,140,0,0,0,0,0,0,0,0,0,0,51,0,0,0,1,2,25,2,1,2,1,0,0,14,10,1,1,2,50,1,0
17,170263,2,2,1,3,4,10,1,12,2,1,0,17,1,55,33,55033,4,2003,KMHWF35H93A8,K,M,H,W,F,3,5,H,9,3,A,8,0,P,HYUN,SGX,4D,3,17,3254,,0,1063,,G,,F,6,162,,,16R205,,,,,,0,0,000000000,00000000000,0,0,0,1,0,0,0,0,0,0,0,25,0,0,0,12,12,4,1,12,0,0,0,1,17,60626,6,1,6,0,3,0,67,150,0,0,0,1,1,1,2010,3,2010,0,0,0,0,0,1,2,25,3,1,2,1,0,0,14,18,1,1,1,51,0,0
17,170264,1,2,2,29,5,3,38,12,6,1,0,17,2,20,421,20421,15,2000,1GNEK13T4YJ1,1,G,N,E,K,1,3,T,4,Y,J,1,0,P,CHEV,KTA,UT,0,17,5333,,0,1160,,G,,F,8,325,,,16R265,,,,,,0,0,000000000,00000000000,0,0,0,1,0,0,0,0,0,0,0,30,0,0,0,12,12,6,2,12,0,0,0,1,17,61102,6,1,1,0,3,0,999,999,0,0,0,0,3,10,2010,12,2010,1,39,0,0,0,1,2,30,1,1,2,1,20,3,1,17,1,1,1,86,0,1
17,170264,2,2,3,29,5,3,38,12,6,1,0,17,1,20,2,20002,8,2006,2G1WT58K0692,2,G,1,W,T,5,8,K,0,6,9,2,0,P,CHEV,IMT,4D,6,17,3477,,0,1105,,F,,F,6,214,,,16R225,,,,,,0,0,000000000,00000000000,0,0,0,1,0,0,0,0,0,0,0,30,0,0,0,3,3,6,2,12,0,0,0,1,17,61114,6,1,0,0,3,0,59,141,0,0,0,1,0,7,2008,7,2008,0,0,0,0,0,1,2,30,1,1,2,1,0,0,1,17,1,1,1,87,2,0
17,170265,1,1,5,7,6,18,5,1,0,1,0,17,2,20,22,20022,4,2006,1G1AL55F8676,1,G,1,A,L,5,5,F,8,6,7,6,0,P,CHEV,BLT,4D,6,17,3216,,0,1033,,G,,F,4,134,,,15R195,,,,,,0,0,000000000,00000000000,0,0,0,1,0,0,0,0,0,0,0,80,0,1,1,0,98,6,2,1,0,0,0,1,17,62379,6,1,0,0,3,0,64,125,0,0,0,0,0,0,0,0,0,1,36,0,0,0,1,2,55,1,3,2,1,0,0,3,13,8,4,6,98,2,0
17,170266,1,1,1,24,5,14,5,42,0,1,0,18,1,35,43,35043,4,2007,3N1AB61E97L6,3,N,1,A,B,6,1,E,9,7,L,6,0,P,NISS,SL2,4D,7,17,2853,,0,1057,,G,,F,4,122,,,15R205,,,,,,0,0,000000000,00000000000,0,0,0,1,0,0,0,0,0,0,0,998,0,0,0,12,12,6,2,42,0,0,0,1,18,46254,6,1,0,0,3,3,68,130,0,4,0,0,2,11,2008,11,2009,0,27,0,0,0,3,3,55,1,1,2,1,0,0,1,13,1,1,4,1,1,0
17,170267,1,3,2,28,5,19,6,12,2,1,0,17,1,49,40,49040,4,1990,4T1SV22E1LU1,4,T,1,S,V,2,2,E,1,L,U,1,0,P,TOYT,CLE,4D,90,17,0,,0,1024,,G,,F,4,122,,,14R185,,,,,,0,0,000000000,00000000000,0,0,0,1,0,0,0,0,0,0,0,998,0,1,1,12,12,6,2,12,0,0,0,1,17,60018,6,1,0,0,3,0,71,190,0,0,0,0,0,0,0,0,0,1,35,36,39,0,1,4,25,1,1,2,2,2,3,1,10,1,1,2,50,2,0
17,170267,2,3,3,28,5,19,6,12,2,1,0,17,2,35,39,35039,4,2007,1N4AL21E77C2,1,N,4,A,L,2,1,E,7,7,C,2,0,P,NISS,ATS,4D,7,17,3042,,0,1093,,G,,F,4,153,,,16R215,,,,,,0,0,000000000,00000000000,0,0,0,1,0,0,0,0,0,0,0,998,0,0,0,12,12,6,2,12,0,0,0,1,17,60148,6,1,0,0,3,0,67,120,0,0,0,1,0,4,2009,4,2009,0,0,0,0,0,1,4,25,1,1,2,2,2,3,1,62,1,1,1,51,1,0
17,170267,3,3,2,28,5,19,6,12,2,1,0,17,1,22,18,22018,4,2001,1G2NW52E71C2,1,G,2,N,W,5,2,E,7,1,C,2,0,P,PONT,GAG,4D,1,17,3168,,0,1070,,G,,F,6,207,,,16R225,,,,,,0,0,000000000,00000000000,0,0,0,1,0,0,0,0,0,0,0,25,0,0,0,12,12,6,2,12,0,0,0,1,17,60163,6,1,0,0,3,1,72,165,0,0,0,0,0,0,0,0,0,0,0,0,0,0,1,4,25,1,1,2,2,2,3,1,62,1,1,1,98,0,0
17,170268,1,1,1,8,5,3,0,31,0,1,0,17,1,7,18,7018,4,1990,1B3XC56R5LD7,1,B,3,X,C,5,6,R,5,L,D,7,0,P,DODG,DLE,4D,90,17,3000,,0,1043,,G,,F,6,201,,,14R195,,,,,,0,0,000000000,00000000000,0,0,0,1,0,0,0,0,0,0,0,998,0,1,5,12,98,6,2,1,0,0,0,1,17,62526,6,1,0,0,3,0,67,240,0,0,0,2,0,2,2010,2,2010,1,99,99,99,99,1,2,99,1,2,2,11,40,3,1,6,1,3,4,14,1,1
17,170269,1,1,2,2,6,10,17,1,0,1,0,13,1,37,421,37421,15,2003,2HKYF18453H5,2,H,K,Y,F,1,8,4,5,3,H,5,0,P,HOND,PIL,UT,3,17,4439,,0,1063,,G,,F,6,212,,,16R235,,,,,,0,0,000000000,00000000000,0,0,0,1,0,0,0,0,0,0,0,65,0,2,3,0,7,6,2,1,0,0,0,1,13,30213,6,1,0,0,3,0,68,195,98,0,0,0,0,0,0,0,0,0,35,0,0,0,2,4,65,1,1,2,1,0,0,3,60,11,1,4,6,1,0
17,170270,1,1,3,28,5,14,46,34,0,1,0,17,2,12,481,12481,31,1997,1FTEX27L3VKB,1,F,T,E,X,2,7,L,3,V,K,B,0,T,FORD,F25,3C,97,17,,2,0,1390,COF,G,,,8,330,,,,C,4380,00,E,42,0,0,000000000,00000000000,0,0,0,1,0,0,0,0,0,0,0,71,0,1,6,12,12,6,2,1,0,0,0,1,17,62001,6,1,0,0,3,0,70,200,0,1,0,0,1,6,2008,9,2008,1,36,0,0,0,1,2,30,2,1,2,1,0,0,14,6,1,2,4,7,1,1
17,170271,1,1,1,6,6,21,22,1,0,1,0,17,1,12,401,12401,14,2001,1FMYU60E71UA,1,F,M,Y,U,6,0,E,7,1,U,A,0,P,FORD,EPR,UT,1,17,3769,,0,1018,,G,,F,6,245,,,15R235,,,,,,0,0,000000000,00000000000,0,0,0,1,0,0,0,0,0,0,0,998,0,2,6,0,0,6,2,3,0,0,0,1,17,62901,6,1,0,0,3,1,64,130,0,0,0,0,0,0,0,0,0,0,0,0,0,0,1,2,45,3,1,2,1,0,0,14,9,9,4,4,7,1,1
17,170272,1,1,1,3,5,10,10,8,0,1,0,17,3,7,24,7024,4,2010,2B3CA3CV0AH2,2,B,3,C,A,3,C,V,0,A,H,2,0,P,DODG,CHS,4D,10,17,3820,,0,1200,,G,,F,6,214,,,17R215,,,,,,0,0,000000000,00000000000,0,0,0,1,0,0,0,0,0,0,0,998,0,0,0,12,12,6,2,8,0,0,0,1,17,60616,6,1,0,0,3,0,71,275,0,0,0,0,0,0,0,0,0,0,38,0,0,0,1,2,30,1,1,2,1,0,0,1,80,1,1,1,13,0,0
17,170273,1,1,3,6,6,23,0,34,0,1,0,17,2,22,20,22020,4,2004,2G2WS5228412,2,G,2,W,S,5,2,2,8,4,1,2,0,P,PONT,GP2,4D,4,17,3484,,0,1105,,G,,F,6,231,,,16R225,,,,,,0,0,000000000,00000000000,0,0,0,1,0,0,0,0,0,0,0,84,0,1,6,12,12,6,2,1,0,0,0,1,17,62704,6,2,0,0,3,1,71,120,0,0,0,0,0,0,0,0,0,1,36,52,0,0,1,2,30,1,1,2,1,65,3,3,6,11,4,4,2,1,1
17,170274,1,1,1,21,5,9,35,1,0,1,0,17,1,37,706,37706,80,1999,1HFSC3401XA2,1,H,F,S,C,3,4,0,1,X,A,2,0,M,HOND,GLC,RS,99,17,,,,,,,1520,,6,,4,681,,,,,,,0,0,000000000,00000000000,0,0,0,1,0,0,0,0,0,0,0,50,0,0,0,0,98,6,2,1,0,0,0,1,17,62447,6,1,0,0,3,0,69,335,0,0,0,0,0,0,0,0,0,1,52,0,0,0,1,2,55,3,1,2,1,0,0,14,6,1,1,4,98,1,0
17,170275,1,1,1,9,5,16,0,8,0,1,0,17,2,18,3,18003,4,1998,1G4CW52K9W46,1,G,4,C,W,5,2,K,9,W,4,6,0,P,BUIC,PKA,4D,98,17,3645,,0,1138,,G,,F,6,231,,,16R225,,,,,,0,0,000000000,00000000000,0,0,0,1,0,0,0,0,0,0,0,30,0,0,0,12,12,2,3,8,0,0,0,1,17,60452,6,2,0,0,3,3,64,190,0,0,0,0,0,0,0,0,0,0,52,0,0,0,1,2,30,1,1,2,1,0,0,1,80,1,1,1,13,0,0
17,170276,1,1,1,11,5,19,50,8,0,1,0,17,1,49,32,49032,4,2007,1NXBR30E77Z9,1,N,X,B,R,3,0,E,7,7,Z,9,0,P,TOYT,UCS,4D,7,17,2530,,0,1024,,G,,F,4,109,,,15R185,,,,,,0,0,000000000,00000000000,0,0,0,1,0,0,0,0,0,0,0,30,0,0,0,11,11,2,1,8,0,0,0,1,17,60632,6,1,0,0,3,3,60,115,0,0,0,0,0,0,0,0,0,0,38,0,0,0,1,4,30,1,1,2,2,0,0,1,80,1,1,1,13,0,0
17,170277,1,2,1,14,5,16,55,12,6,1,0,17,1,49,40,49040,4,1997,4T1BF22K8VU9,4,T,1,B,F,2,2,K,8,V,U,9,0,P,TOYT,UEX,4D,97,17,3086,,0,1051,,G,,F,6,183,,,15R205,,,,,,0,0,000000000,00000000000,0,0,0,1,0,0,0,0,0,0,0,30,0,0,0,3,3,6,2,12,0,0,0,1,17,60632,1,1,0,0,2,0,70,180,0,0,0,0,0,0,0,0,0,0,38,0,0,0,1,4,35,1,1,2,2,0,0,11,15,1,1,1,68,0,0
17,170277,2,2,1,14,5,16,55,12,6,1,0,0,0,37,705,37705,80,2001,JH2PC35081M2,J,H,2,P,C,3,5,0,8,1,M,2,0,M,HOND,CF4,RC,1,17,,,,,,,599,,4,,4,370,,,,,,,0,0,000000000,00000000000,0,0,0,1,0,0,0,0,0,0,0,30,0,0,0,12,12,6,2,12,0,0,0,1,17,60629,0,0,99,0,0,8,999,999,99,99,99,99,99,99,9999,99,9999,0,0,0,0,0,1,4,35,1,1,2,2,0,0,1,62,1,1,1,69,1,0
17,170278,1,1,1,7,6,17,54,1,0,1,0,17,1,49,40,49040,4,1994,JT2SK12E6R02,J,T,2,S,K,1,2,E,6,R,0,2,0,P,TOYT,CLE,4D,94,17,3086,,0,1031,,G,,F,4,132,,,14R195,,,,,,0,0,000000000,00000000000,0,0,0,1,0,0,0,0,0,0,0,998,0,2,6,0,2,6,2,1,0,0,1,1,17,60046,6,1,0,0,3,0,67,130,0,0,0,1,2,8,2009,3,2010,1,27,36,92,0,1,2,55,1,1,2,1,0,0,1,6,1,2,4,7,1,0
17,170279,1,2,1,31,3,21,35,8,0,1,1,99,9,99,999,99999,99,9999,999999999999,9,9,9,9,9,9,9,9,9,9,9,9,0,,,,,,,,,,,,,,,,,,,,,,,,,0,0,000000000,00000000000,0,0,0,1,0,0,0,0,0,0,0,998,0,0,0,12,12,2,1,8,0,0,0,1,99,99999,9,9,99,9,9,9,999,999,99,99,99,99,99,99,9999,99,9999,1,86,0,0,0,1,2,30,1,1,2,1,20,3,1,80,1,1,1,13,0,0
17,170279,2,2,2,31,3,21,35,8,0,1,0,17,1,24,401,24401,14,2003,5GZCZ33D83S8,5,G,Z,C,Z,3,3,D,8,3,S,8,0,P,STRN,VUE,UT,3,17,3214,,0,1066,,G,,F,4,138,,,16R215,,,,,,0,0,000000000,00000000000,0,0,0,1,0,0,0,0,0,0,0,998,0,0,0,12,12,2,1,8,0,0,0,1,17,60402,6,1,0,0,3,0,67,200,0,0,0,0,0,0,0,0,0,0,0,0,0,0,1,2,30,1,1,2,1,20,3,1,80,8,1,1,98,0,0
17,170281,1,3,1,26,4,16,35,12,2,1,0,17,1,7,472,7472,30,1999,1B7GL22X6XS2,1,B,7,G,L,2,2,X,6,X,S,2,0,T,DODG,DAK,PC,99,17,,1,0,1309,DAK,G,,,6,239,,,,,3484,00,U,42,0,0,000000000,00000000000,0,0,0,1,0,0,0,0,0,0,0,50,0,0,0,12,12,6,2,2,0,0,1,1,17,60560,1,1,0,0,2,3,70,150,0,2,0,0,0,3,2009,3,2009,0,28,0,0,0,1,2,45,1,2,2,1,0,0,1,10,1,1,2,50,0,1
17,170281,2,3,1,26,4,16,35,12,2,1,0,17,1,24,3,24003,6,1993,1G8ZH8593PZ2,1,G,8,Z,H,8,5,9,3,P,Z,2,0,P,STRN,SW1,SW,93,17,0,,0,1024,,G,,F,4,116,,,14R175,,,,,,0,0,000000000,00000000000,0,0,0,1,0,0,0,0,0,0,0,998,0,0,0,12,12,6,2,12,0,0,0,1,17,60545,6,1,6,0,3,0,69,160,0,0,0,0,0,0,0,0,0,0,0,0,0,0,1,2,45,1,2,2,1,0,0,1,62,1,1,1,51,1,1
17,170281,3,3,3,26,4,16,35,12,2,1,0,17,1,20,2,20002,4,2002,2G1WF55E1291,2,G,1,W,F,5,5,E,1,2,9,1,0,P,CHEV,IMP,4D,2,17,3389,,0,1105,,G,,F,6,207,,,16R225,,,,,,0,0,000000000,00000000000,0,0,0,1,0,0,0,0,0,0,0,998,0,0,0,12,12,6,2,12,0,0,0,1,17,60560,6,1,0,0,3,3,70,190,0,0,0,0,0,0,0,0,0,0,0,0,0,0,1,2,45,1,2,2,1,0,0,1,62,4,1,1,98,0,0
17,170283,1,1,1,14,5,10,13,35,0,1,0,17,1,20,39,20039,4,2010,KL1TD5DEXAB1,K,L,1,T,D,5,D,E,X,A,B,1,0,P,CHEV,LTS,4D,10,17,2568,,0,976,,G,,F,4,098,,,14R185,,,,,,0,0,000000000,00000000000,0,0,0,1,0,0,0,0,0,0,0,998,0,1,6,12,12,6,2,1,0,0,0,1,17,62673,6,1,6,0,3,1,70,220,0,0,0,0,0,0,0,0,0,0,0,0,0,0,1,2,55,3,1,2,1,0,0,14,9,1,1,4,6,1,0
17,170284,1,1,1,7,6,13,51,14,0,1,0,26,3,82,881,82881,66,2011,1FVXA7CG4BDA,1,F,V,X,A,7,C,G,4,B,D,A,1,T,FRHT,COL,GL,11,17,,8,0,0,CON,D,,,6,774,,,,,00000,00,,,3,57,567278,57567278,3,6,1,1,0,0,0,0,0,0,0,998,0,0,0,12,98,6,2,2,0,0,1,1,26,48328,6,1,6,3,3,0,68,170,0,0,0,1,0,6,2010,6,2010,0,28,0,0,0,3,2,65,1,1,1,1,0,0,1,11,1,1,4,1,1,0
17,170285,1,2,1,14,5,23,55,12,6,1,1,17,2,12,481,12481,31,1999,1FTRX18W8XNA,1,F,T,R,X,1,8,W,8,X,N,A,0,T,FORD,F15,4C,99,17,,2,1574,1388,COF,G,,,8,281,,,,B,00000,00,U,44,0,0,000000000,00000000000,0,0,0,1,0,0,0,0,0,0,0,998,0,0,0,12,12,6,2,12,0,0,0,1,17,60406,2,1,0,0,2,8,70,200,0,0,0,0,3,3,2010,3,2010,1,0,0,0,0,4,1,30,1,1,2,2,0,0,1,17,1,1,1,88,0,0
17,170285,2,2,1,14,5,23,55,12,6,1,0,17,2,19,17,19017,4,2000,W06VR54R5YR0,W,0,6,V,R,5,4,R,5,Y,R,0,0,P,CADI,CTR,4D,0,17,3770,,0,1075,,G,,F,6,181,,,16R225,,,,,,0,0,000000000,00000000000,0,0,0,1,0,0,0,0,0,0,0,998,0,0,0,61,61,6,2,12,0,0,0,1,17,60628,2,1,0,0,2,0,69,165,0,0,0,0,0,0,0,0,0,0,0,0,0,0,4,1,30,1,1,2,2,0,0,1,66,1,1,1,89,1,1