STATE,ST_CASE,VEH_NO,VE_FORMS,NUMOCCS,DAY,MONTH,HOUR,MINUTE,HARM_EV,MAN_COLL,UNITTYPE,HIT_RUN,REG_STAT,OWNER,MAKE,MODEL,MAK_MOD,BODY_TYP,MOD_YEAR,VIN,VIN_1,VIN_2,VIN_3,VIN_4,VIN_5,VIN_6,VIN_7,VIN_8,VIN_9,VIN_10,VIN_11,VIN_12,TOW_VEH,VINTYPE,VINMAKE,VINA_MOD,VIN_BT,VINMODYR,VIN_LNGT,VIN_WGT,WGTCD_TR,WHLBS_LG,WHLBS_SH,SER_TR,FUELCODE,MCYCL_DS,CARBUR,CYLINDER,DISPLACE,MCYCL_CY,MCYCL_WT,TIRE_SZE,TON_RAT,TRK_WT,TRKWTVAR,VIN_REST,WHLDRWHL,J_KNIFE,MCARR_I1,MCARR_I2,MCARR_ID,GVWR,V_CONFIG,CARGO_BT,HAZ_INV,HAZ_PLAC,HAZ_ID,HAZ_CNO,HAZ_REL,BUS_USE,SPEC_USE,EMER_USE,TRAV_SP,UNDERIDE,ROLLOVER,ROLINLOC,IMPACT1,IMPACT2,DEFORMED,TOWED,M_HARM,VEH_SC1,VEH_SC2,FIRE_EXP,DR_PRES,L_STATE,DR_ZIP,L_STATUS,L_TYPE,CDL_STAT,L_ENDORS,L_COMPL,L_RESTRI,DR_HGT,DR_WGT,PREV_ACC,PREV_SUS,PREV_DWI,PREV_SPD,PREV_OTH,FIRST_MO,FIRST_YR,LAST_MO,LAST_YR,SPEEDREL,DR_SF1,DR_SF2,DR_SF3,DR_SF4,VTRAFWAY,VNUM_LAN,VSPD_LIM,VALIGN,VPROFILE,VPAVETYP,VSURCOND,VTRAFCON,VTCONT_F,P_CRASH1,P_CRASH2,P_CRASH3,PCRASH4,PCRASH5,ACC_TYPE,DEATHS,DR_DRINK
17,170286,1,3,2,9,6,9,3,12,2,1,0,17,2,9,38,9038,4,1997,1P3EJ46C5VN5,1,P,3,E,J,4,6,C,5,V,N,5,0,P,PLYM,BRE,4D,97,17,2909,,0,1080,,G,,F,4,122,,,14R195,,,,,,0,0,000000000,00000000000,0,0,0,1,0,0,0,0,0,0,0,998,0,0,0,12,12,6,2,2,0,0,1,1,17,62870,6,2,0,0,3,0,69,233,0,0,0,0,0,0,0,0,0,1,28,0,0,0,1,2,55,1,1,2,1,0,0,1,10,1,1,2,50,0,0
17,170286,2,3,1,9,6,9,3,12,2,1,0,39,1,98,703,98703,80,2011,RFBV2M282BB2,R,F,B,V,2,M,2,8,2,B,B,2,0,U,,,,11,17,,,,,,,,,,,,,,,,,,,0,0,000000000,00000000000,0,0,0,1,0,0,0,0,0,0,0,998,0,0,0,12,12,6,2,12,0,0,0,1,39,43123,6,1,0,0,3,3,71,180,0,0,0,0,0,0,0,0,0,0,0,0,0,0,1,2,55,1,1,2,1,0,0,1,62,1,1,1,51,0,0
17,170286,3,3,1,9,6,9,3,12,2,1,0,39,1,98,703,98703,80,2007,RFBT7K2057B1,R,F,B,T,7,K,2,0,5,7,B,1,0,U,,,,7,17,,,,,,,,,,,,,,,,,,,0,0,000000000,00000000000,0,0,0,1,0,0,0,0,0,0,0,998,0,0,0,12,12,6,2,2,0,0,1,1,39,43123,6,1,0,0,3,0,71,180,1,0,0,0,1,10,2009,10,2009,0,0,0,0,0,1,2,55,1,1,2,1,0,0,1,62,1,1,1,98,1,0
17,170287,1,4,1,7,6,14,56,12,1,1,0,17,3,87,881,87881,66,2010,1XPXDB9XXAD1,1,X,P,X,D,B,9,X,X,A,D,1,1,T,PTRB,389,TR,10,17,,8,0,0,CON,D,,,6,893,,,,,00000,00,,64,1,57,283354,57283354,3,6,1,1,0,0,0,0,0,0,0,998,0,0,0,12,12,6,2,2,0,0,1,1,5,72013,6,1,6,3,3,0,75,211,0,0,0,0,2,12,2009,10,2010,1,28,0,0,0,3,2,65,1,1,1,1,0,0,1,51,1,1,1,28,1,0
17,170287,2,4,1,7,6,14,56,12,1,1,0,17,1,20,481,20481,31,1995,1GCEC14Z0SZ2,1,G,C,E,C,1,4,Z,0,S,Z,2,0,T,CHEV,GC1,PK,95,17,,2,1315,1175,GM4,G,,,6,262,,,,B,3742,02,,42,0,0,000000000,00000000000,0,0,0,1,0,0,0,0,0,0,0,998,0,0,0,6,6,6,2,12,0,0,0,1,17,61920,6,1,0,0,3,3,70,225,0,0,0,0,0,0,0,0,0,0,0,0,0,0,3,2,65,1,1,1,1,0,0,2,53,6,1,2,29,0,0
17,170287,3,4,4,7,6,14,56,12,1,1,0,17,3,7,442,7442,20,2006,1D4GP45R56B5,1,D,4,G,P,4,5,R,5,6,B,5,0,P,DODG,CAR,SV,6,17,3851,,0,1133,,G,,F,6,201,,,16R215,,,,,,0,0,000000000,00000000000,0,0,0,1,0,0,0,0,0,0,0,0,0,0,0,6,6,6,2,12,0,0,0,1,17,62854,6,1,0,0,3,3,72,210,0,0,0,0,0,0,0,0,0,0,0,0,0,0,3,2,65,1,1,1,1,0,0,5,53,1,1,1,98,1,0
17,170287,4,4,2,7,6,14,56,12,1,1,0,31,3,84,881,84881,66,2011,3HSCUAPR8BN3,3,H,S,C,U,A,P,R,8,B,N,3,1,T,INTL,PPR,TR,11,17,,8,0,0,PRO,D,,,6,915,,,,,00000,00,,64,1,57,53467,5753467,3,6,1,1,0,0,0,0,0,0,0,0,0,0,0,6,6,6,2,12,0,0,0,1,47,38310,6,1,6,0,3,0,69,260,0,0,0,0,0,0,0,0,0,0,0,0,0,0,3,2,65,1,1,1,1,0,0,5,53,1,1,1,98,0,0
17,170288,1,2,3,22,5,5,0,12,6,1,0,17,3,37,31,37031,4,2007,1HGFA16597L1,1,H,G,F,A,1,6,5,9,7,L,1,0,P,HOND,UCL,4D,7,17,2751,,0,1063,,G,,F,4,110,,,16R205,,,,,,0,0,000000000,00000000000,0,0,0,1,0,0,0,0,0,0,0,998,0,0,0,12,98,6,2,12,0,0,0,1,17,60639,6,1,0,0,3,3,62,140,0,0,0,0,1,1,2011,1,2011,1,38,39,0,0,1,2,30,1,1,2,1,3,3,1,17,1,1,1,88,0,0
17,170288,2,2,3,22,5,5,0,12,6,1,0,17,1,55,35,55035,4,2003,KMHDN45D43U6,K,M,H,D,N,4,5,D,4,3,U,6,0,P,HYUN,EST,4D,3,17,2635,,0,1027,,G,,F,4,121,,,15R205,,,,,,0,0,000000000,00000000000,0,0,0,1,0,0,0,0,0,0,0,998,0,0,0,61,61,6,2,12,0,0,0,1,17,60707,6,1,0,0,3,0,66,170,0,0,0,0,0,0,0,0,0,0,0,0,0,0,1,2,30,1,1,2,1,3,3,1,66,1,1,1,89,2,0
17,170289,1,2,1,8,6,4,9,1,0,1,0,55,3,82,881,82881,66,2006,1FUJA6CK06LW,1,F,U,J,A,6,C,K,0,6,L,W,1,T,FRHT,COL,TR,6,17,,8,0,0,CON,D,,,6,855,,,,,00000,00,,64,1,57,74481,5774481,3,6,3,1,0,0,0,0,0,0,0,998,0,1,1,0,98,6,2,12,0,0,0,1,21,40965,6,1,6,0,3,0,66,130,1,0,0,0,0,1,2009,1,2009,1,28,0,0,0,1,2,55,2,1,2,1,0,0,14,10,7,7,2,98,1,0
17,170289,2,2,1,8,6,4,9,1,0,1,0,17,3,89,882,89882,63,2011,5VCACD8F9BH2,5,V,C,A,C,D,8,F,9,B,H,2,0,T,AUTC,XPD,TB,11,17,,8,0,0,XPD,D,,,6,540,,,,,00000,00,,64,0,57,568782,57568782,3,2,7,1,0,0,0,0,0,0,0,998,0,0,0,12,12,6,2,12,0,0,0,1,17,62837,6,1,6,0,3,3,71,140,0,0,0,0,0,0,0,0,0,0,0,0,0,0,1,2,55,3,1,2,1,0,0,14,62,1,1,1,98,0,0
17,170290,1,2,1,13,6,18,16,12,1,1,0,17,1,72,706,72706,80,2006,1HD1FDV146Y6,1,H,D,1,F,D,V,1,4,6,Y,6,0,M,HD,FHR,RS,6,17,,,,,,,1450,,2,,4,723,,,,,,,0,0,000000000,00000000000,0,0,0,1,0,0,0,0,0,0,0,998,0,0,0,12,12,6,2,12,0,0,0,1,17,62298,6,1,0,0,3,0,70,220,0,0,0,2,0,1,2010,10,2010,1,26,0,0,0,1,2,50,1,2,2,1,0,0,1,51,1,1,1,24,1,0
17,170290,2,2,1,13,6,18,16,12,1,1,0,17,1,52,472,52472,31,2006,1Z3HC48N96S5,1,Z,3,H,C,4,8,N,9,6,S,5,0,T,MITS,XLS,CW,6,17,,2,0,1313,RAI,G,,,8,287,,,,,4684,00,K,42,0,0,000000000,00000000000,0,0,0,1,0,0,0,0,0,0,0,998,0,0,0,6,6,6,2,12,0,0,0,1,17,62260,1,1,0,0,2,2,66,130,0,0,0,1,0,10,2010,10,2010,0,74,0,0,0,1,2,50,1,2,2,1,0,0,2,53,1,1,1,25,0,0
17,170291,1,1,1,4,6,2,0,1,0,1,0,24,1,35,402,35402,14,2003,5N1ED28Y53C6,5,N,1,E,D,2,8,Y,5,3,C,6,0,P,NISS,XTR,UT,3,17,3924,,0,1043,,G,,F,6,201,,,16R265,,,,,,0,0,000000000,00000000000,0,0,0,1,0,0,0,0,0,0,0,998,0,1,1,0,98,6,2,1,0,0,0,1,17,62626,6,1,0,0,3,3,69,160,0,0,0,1,0,3,2010,3,2010,1,58,0,0,0,1,2,55,2,2,2,1,0,0,14,6,7,2,6,98,1,1
17,170292,1,1,1,6,6,13,28,14,0,1,0,55,3,82,881,82881,66,2003,1FUJA9AS23LK,1,F,U,J,A,9,A,S,2,3,L,K,1,T,FRHT,ST1,TR,3,17,,8,0,0,CON,D,,,6,732,,,,,00000,00,,64,1,57,252205,57252205,3,6,8,1,0,0,0,0,0,0,0,50,0,0,0,12,12,6,2,14,0,0,1,1,55,53563,6,1,6,3,3,1,70,300,1,0,0,0,0,1,2010,1,2010,0,0,0,0,0,3,2,65,1,1,1,1,0,0,1,11,1,1,4,1,0,0
17,170293,1,2,1,13,6,12,44,12,6,1,0,17,1,19,3,19003,4,1995,1G6KD52B9SU2,1,G,6,K,D,5,2,B,9,S,U,2,0,P,CADI,DFW,4D,95,17,3664,,0,1138,,G,,F,8,300,,,15R215,,,,,,0,0,000000000,00000000000,0,0,0,1,0,0,0,0,0,0,0,998,0,0,0,3,3,6,2,12,0,0,0,1,17,61759,6,1,0,0,3,0,62,170,0,0,0,0,0,0,0,0,0,0,38,0,0,0,1,2,45,1,1,2,1,20,3,1,17,1,1,1,87,1,0
17,170293,2,2,1,13,6,12,44,12,6,1,0,17,2,85,881,85881,66,2002,1XKAD69X22J8,1,X,K,A,D,6,9,X,2,2,J,8,1,T,KW,T60,TR,2,17,,8,2600,1600,CON,D,,,6,855,,,,,00000,00,,64,1,57,077890,57077890,3,6,2,1,0,0,0,0,0,0,0,43,0,0,0,12,12,6,2,12,0,0,0,1,17,62821,6,1,6,3,3,3,70,210,0,0,0,0,0,0,0,0,0,0,0,0,0,0,1,2,45,1,1,2,1,0,0,1,66,3,2,1,86,0,0
17,170294,1,1,1,14,6,16,18,42,0,1,0,17,1,6,44,6044,4,1999,1C3EJ56H7XN6,1,C,3,E,J,5,6,H,7,X,N,6,0,P,CHRY,CLI,4D,99,17,3089,,0,1080,,G,,F,6,152,,,15R195,,,,,,0,0,000000000,00000000000,0,0,0,1,0,0,0,0,0,0,0,998,0,0,0,12,12,6,2,19,0,0,0,1,17,60506,6,1,0,0,3,0,68,150,0,0,0,0,0,0,0,0,0,1,36,0,0,0,1,4,40,1,1,2,1,0,0,1,17,1,1,4,1,1,0
17,170295,1,2,2,10,6,22,30,12,6,1,0,17,3,2,404,2404,14,1997,1J4FJ68S9VL5,1,J,4,F,J,6,8,S,9,V,L,5,0,T,JEEP,SPT,4W,97,17,,1,0,1014,CHK,G,,,6,242,,,,,3244,00,E,44,0,0,000000000,00000000000,0,0,0,1,0,0,0,0,0,0,0,11,0,0,0,3,3,6,2,12,0,0,0,1,17,60448,6,2,0,0,3,0,64,101,0,0,0,0,0,0,0,0,0,0,38,0,0,0,1,2,35,1,1,2,1,0,0,11,15,1,1,2,68,1,0
17,170295,2,2,2,10,6,22,30,12,6,1,0,17,1,41,50,41050,4,2009,1YVHP82AX95M,1,Y,V,H,P,8,2,A,X,9,5,M,0,P,MAZD,M6I,4D,9,17,3258,,0,1098,,G,,F,4,152,,,16R205,,,,,,0,0,000000000,00000000000,0,0,0,1,0,0,0,0,0,0,0,76,0,0,0,12,12,6,2,12,0,0,0,1,17,60439,6,1,0,0,3,0,73,170,0,0,0,1,0,7,2008,7,2008,0,0,0,0,0,1,2,35,1,1,2,1,0,0,1,62,8,1,2,69,0,0
17,170296,1,2,1,9,6,5,10,12,1,1,0,17,3,84,881,84881,66,2006,2HSCESBR36C2,2,H,S,C,E,S,B,R,3,6,C,2,1,T,INTL,92I,TR,6,17,,8,0,0,920,D,,,6,763,,,,,00000,00,,64,1,57,291139,57291139,3,6,1,1,0,0,0,0,0,0,0,998,0,0,0,12,12,6,2,12,0,0,0,1,17,61071,6,1,6,3,3,3,69,300,0,0,0,0,0,0,0,0,0,1,28,0,0,0,3,2,65,1,1,2,1,0,0,1,11,1,1,4,24,1,0
17,170296,2,2,1,9,6,5,10,12,1,1,0,17,3,82,881,82881,66,2000,1FUPCSEB2YLF,1,F,U,P,C,S,E,B,2,Y,L,F,1,T,FRHT,FLD,TR,0,17,,8,0,0,CON,D,,,6,774,,,,,00000,00,,64,1,57,111884,57111884,3,6,1,1,0,0,0,0,0,0,0,45,0,0,0,6,6,6,2,12,0,0,0,1,29,63130,6,1,6,0,3,3,72,235,0,0,0,0,1,11,2009,11,2009,0,0,0,0,0,3,2,65,1,1,2,1,0,0,1,53,7,1,4,27,0,0
17,170298,1,2,1,16,6,12,39,12,6,1,0,17,1,7,482,7482,31,1997,1B7KF26D2VJ5,1,B,7,K,F,2,6,D,2,V,J,5,0,T,DODG,250,PK,97,17,,2,0,1347,RPC,D,,,6,359,,,,C,4787,00,M,44,0,0,000000000,00000000000,0,0,0,1,0,0,0,0,0,0,0,998,0,0,0,12,12,6,2,12,0,0,0,1,17,61050,6,1,0,0,3,3,68,150,0,0,0,1,0,11,2008,11,2008,0,39,0,0,0,1,2,55,1,1,2,1,20,3,1,17,1,1,1,88,0,0
17,170298,2,2,1,16,6,12,39,12,6,1,0,17,2,20,39,20039,4,2006,KL1TD66616B5,K,L,1,T,D,6,6,6,1,6,B,5,0,P,CHEV,ABS,5D,6,17,2343,,0,976,,G,,F,4,098,,,14R185,,,,,,0,0,000000000,00000000000,0,0,0,1,0,0,0,0,0,0,0,998,0,0,0,9,9,6,2,12,0,0,0,1,17,61089,6,1,0,0,3,3,63,115,0,0,0,0,0,0,0,0,0,0,0,0,0,0,1,2,55,1,1,2,1,21,3,1,66,1,1,1,89,1,0
17,170299,1,1,1,17,6,16,57,31,0,1,0,18,1,6,51,6051,4,2007,2C3KA43R97H8,2,C,3,K,A,4,3,R,9,7,H,8,0,P,CHRY,C30,4D,7,17,3632,,0,1200,,G,,F,6,165,,,17R215,,,,,,0,0,000000000,00000000000,0,0,0,1,0,0,0,0,0,0,0,998,0,0,0,12,12,6,2,24,0,0,0,1,18,47715,6,1,0,0,3,3,71,190,0,0,0,0,0,0,0,0,0,0,28,0,0,0,6,1,65,3,2,1,1,98,3,14,13,1,1,4,1,1,0
17,170300,1,1,1,17,6,7,53,38,0,1,0,17,1,20,481,20481,31,1990,1GCDC14K6LE1,1,G,C,D,C,1,4,K,6,L,E,1,0,T,CHEV,GC1,PK,90,17,,1,1415,1175,GM4,G,,,8,350,,,,B,3717,07,,42,0,0,000000000,00000000000,0,0,0,1,0,0,0,0,0,0,0,998,0,0,0,12,12,6,2,2,0,0,1,1,17,60432,6,1,0,0,3,0,71,240,0,0,0,0,0,0,0,0,0,1,28,0,0,0,1,2,99,2,1,2,1,0,0,14,12,1,1,4,6,1,0
17,170301,1,2,1,17,6,10,25,12,6,1,0,17,1,20,2,20002,4,2000,2G1WF55E5Y91,2,G,1,W,F,5,5,E,5,Y,9,1,0,P,CHEV,IMP,4D,0,17,3389,,0,1110,,G,,F,6,207,,,16R225,,,,,,0,0,000000000,00000000000,0,0,0,1,0,0,0,0,0,0,0,998,0,0,0,12,12,6,2,12,0,0,0,1,17,61049,6,1,0,0,3,0,61,185,0,0,0,1,0,7,2010,7,2010,0,38,0,0,0,1,2,55,1,1,2,1,0,0,11,15,1,1,2,68,1,0
17,170301,2,2,2,17,6,10,25,12,6,1,0,17,1,7,442,7442,20,2000,2B4GP4435YR7,2,B,4,G,P,4,4,3,5,Y,R,7,0,T,DODG,GSS,ES,0,17,,1,0,1193,CAR,G,,,6,181,,,,,3863,00,E,42,0,0,000000000,00000000000,0,0,0,1,0,0,0,0,0,0,0,998,0,0,0,3,3,6,2,12,0,0,0,1,17,61020,6,1,0,0,3,0,70,160,0,0,0,0,0,0,0,0,0,0,0,0,0,0,1,2,55,1,1,2,1,0,0,1,67,9,1,1,69,0,0
17,170302,1,2,1,19,6,2,30,12,2,1,0,17,1,18,3,18003,4,2003,1G4CW54K9341,1,G,4,C,W,5,4,K,9,3,4,1,0,P,BUIC,PKA,4D,3,17,3778,,0,1138,,G,,F,6,231,,,16R225,,,,,,0,0,000000000,00000000000,0,0,0,1,0,0,0,0,0,0,0,51,0,0,0,12,12,6,2,12,0,0,0,1,17,60629,1,1,0,0,2,3,72,301,0,0,0,1,2,11,2008,2,2011,0,51,0,0,0,3,2,45,1,2,2,1,0,0,1,54,1,1,1,98,1,1
17,170302,2,2,4,19,6,2,30,12,2,1,0,17,1,37,402,37402,14,2001,JHLRD18641S0,J,H,L,R,D,1,8,6,4,1,S,0,0,P,HOND,CRV,UT,1,17,3245,,0,1032,,G,,F,4,120,,,15R205,,,,,,0,0,000000000,00000000000,0,0,0,1,0,0,0,0,0,0,0,50,0,0,0,12,12,6,2,12,0,0,0,1,17,60652,6,1,0,0,3,3,62,125,0,0,0,0,0,0,0,0,0,0,0,0,0,0,3,2,45,1,2,2,1,0,0,1,78,1,1,1,98,2,0
17,170303,1,1,1,13,6,13,4,8,0,1,0,17,1,59,31,59031,4,2003,JTHBF30G7360,J,T,H,B,F,3,0,G,7,3,6,0,0,P,LEXS,ES3,4D,3,17,3439,,0,1071,,G,,F,6,183,,,16R215,,,,,,0,0,000000000,00000000000,0,0,0,1,0,0,0,0,0,0,0,998,0,0,0,12,12,6,2,8,0,0,0,1,17,60561,6,1,0,0,3,0,69,200,0,0,0,0,0,0,0,0,0,1,38,0,0,0,6,3,55,1,2,1,1,0,0,1,80,1,1,1,13,0,0
17,170304,1,5,1,4,6,1,5,12,1,1,0,17,1,53,705,53705,80,1998,JS1GR7DA7W21,J,S,1,G,R,7,D,A,7,W,2,1,0,M,SUZI,SX7,RC,98,17,,,,,,,749,,4,,4,394,,,,,,,0,0,000000000,00000000000,0,0,0,1,0,0,0,0,0,0,0,998,0,0,0,12,12,6,2,12,0,0,0,1,17,60651,6,1,0,0,3,1,67,155,0,0,0,0,0,0,0,0,0,1,0,0,0,0,2,4,35,1,1,2,1,0,0,1,51,1,1,1,24,1,1
17,170304,2,5,3,4,6,1,5,12,1,1,0,17,2,20,403,20403,14,2006,1GNDS13S9622,1,G,N,D,S,1,3,S,9,6,2,2,0,P,CHEV,TRL,UT,6,17,4417,,0,1130,,G,,F,6,256,,,16R235,,,,,,0,0,000000000,00000000000,0,0,0,1,0,0,0,0,0,0,0,999,0,0,0,6,6,6,2,12,0,0,0,1,17,60639,6,1,0,0,3,0,62,180,0,0,0,0,0,0,0,0,0,0,0,0,0,0,1,4,35,1,1,2,1,0,0,1,53,1,1,1,25,0,0
17,170304,3,5,1,4,6,1,5,12,1,1,0,17,1,55,36,55036,3,2010,KMHCN4AC1AU5,K,M,H,C,N,4,A,C,1,A,U,5,0,P,HYUN,ALS,4D,10,17,2365,,0,984,,G,,F,4,098,,,14R175,,,,,,0,0,000000000,00000000000,0,0,0,1,0,0,0,0,0,0,0,999,0,0,0,12,12,4,1,12,0,0,0,1,17,60639,6,1,0,0,3,0,62,160,0,0,0,0,0,0,0,0,0,0,0,0,0,0,2,4,35,1,1,2,1,0,0,1,62,1,1,1,98,0,0
17,170304,4,5,1,4,6,1,5,12,1,1,0,17,3,98,981,98981,52,2008,5FYD4FV198B0,5,F,Y,D,4,F,V,1,9,8,B,0,0,U,,,,8,17,,,,,,,,,,,,,,,,,,,0,88,888888888,88888888888,3,21,22,1,0,0,0,0,99,99,0,998,0,0,0,12,12,2,1,12,0,0,0,1,17,60639,6,1,0,0,3,1,62,195,0,0,0,0,0,0,0,0,0,0,0,0,0,0,2,4,35,1,1,2,1,0,0,1,62,1,1,1,98,0,0
17,170304,5,5,1,4,6,1,5,12,1,1,0,17,1,76,709,76709,80,9999,999999999999,9,9,9,9,9,9,9,9,9,9,9,9,0,,,,,,,,,,,,,,,,,,,,,,,,,0,0,000000000,00000000000,0,0,0,1,0,0,0,0,0,0,0,998,0,0,0,0,12,6,2,1,0,0,0,1,17,60651,6,1,0,0,3,0,67,165,0,0,0,0,0,0,0,0,0,1,0,0,0,0,1,4,35,1,1,2,1,0,0,1,6,6,2,2,98,0,0
17,170305,1,2,1,17,6,14,11,12,6,1,0,17,3,84,881,84881,66,2005,2HSCESBR95C0,2,H,S,C,E,S,B,R,9,5,C,0,1,T,INTL,92I,TR,5,17,,8,0,0,920,D,,,6,763,,,,,00000,00,,64,1,57,311062,57311062,3,6,97,1,0,0,0,0,0,0,0,998,0,0,0,12,12,6,2,12,0,0,0,1,17,61061,6,1,6,0,3,0,68,190,0,0,0,0,0,0,0,0,0,0,39,38,0,0,1,2,55,1,1,2,1,20,3,1,17,1,1,1,88,0,0
17,170305,2,2,4,17,6,14,11,12,6,1,0,19,2,7,41,7041,4,1997,2B3HD56F4VH6,2,B,3,H,D,5,6,F,4,V,H,6,0,P,DODG,IES,4D,97,17,3434,,0,1130,,G,,F,6,215,,,16R225,,,,,,0,0,000000000,00000000000,0,0,0,1,0,0,0,0,0,0,0,998,0,0,0,8,8,6,2,12,0,0,0,1,19,52332,6,1,0,0,3,3,71,215,0,0,0,0,0,0,0,0,0,0,0,0,0,0,1,2,55,1,1,2,1,0,0,1,66,1,1,1,89,3,0
17,170306,1,1,8,30,5,18,47,24,0,1,0,17,1,21,20,21020,2,1993,1G3WH14T7PD3,1,G,3,W,H,1,4,T,7,P,D,3,0,P,OLDS,SUS,CP,93,17,3004,,0,1075,,G,,F,6,191,,,15R205,,,,,,0,0,000000000,00000000000,0,0,0,1,0,0,0,0,0,0,0,998,0,0,0,81,81,6,2,24,0,0,0,1,17,60636,6,1,0,0,3,0,63,182,0,0,0,0,0,0,0,0,0,0,28,0,0,0,3,5,55,1,1,1,1,0,0,1,13,1,1,4,1,1,1
17,170307,1,2,1,12,5,14,34,12,6,1,0,17,1,14,401,14401,14,2000,4M2ZU86P8YUJ,4,M,2,Z,U,8,6,P,8,Y,U,J,0,P,MERC,MOU,UT,0,17,4250,,0,1116,,G,,F,8,302,,,15R235,,,,,,0,0,000000000,00000000000,0,0,0,1,0,0,0,0,0,0,0,998,0,0,0,12,12,6,2,12,0,0,0,1,17,60586,6,1,0,0,3,3,68,220,0,0,0,0,0,0,0,0,0,0,38,0,0,0,1,4,40,1,1,2,1,20,3,11,15,1,1,2,68,0,0
17,170307,2,2,2,12,5,14,34,12,6,1,0,17,1,59,35,59035,5,2001,JTHBD1829100,J,T,H,B,D,1,8,2,9,1,0,0,0,P,LEXS,IS3,4D,1,17,3270,,0,1051,,G,,F,6,183,,,16R205,,,,,,0,0,000000000,00000000000,0,0,0,1,0,0,0,0,0,0,0,998,0,0,0,2,2,6,2,12,0,0,1,1,17,60490,6,2,0,0,3,0,68,140,0,0,0,0,0,0,0,0,0,1,92,0,0,0,1,4,40,1,1,2,1,0,0,1,67,1,1,1,69,1,0
17,170308,1,1,1,30,5,6,53,30,0,1,0,17,3,20,20,20020,4,1997,2G1WL52M6V11,2,G,1,W,L,5,2,M,6,V,1,1,0,P,CHEV,L/S,4D,97,17,3360,,0,1075,,G,,F,6,191,,,15R205,,,,,,0,0,000000000,00000000000,0,0,0,1,0,0,0,0,0,0,0,998,0,0,0,12,12,6,2,30,0,0,0,1,17,62864,6,1,0,0,3,3,67,190,0,0,0,0,0,0,0,0,0,0,28,0,0,0,1,2,30,1,1,2,1,0,0,1,11,1,1,4,1,1,0
17,170309,1,2,1,7,6,12,57,12,2,1,0,17,2,14,17,14017,4,2001,1MEHM55S41G6,1,M,E,H,M,5,5,S,4,1,G,6,0,P,MERC,SLP,4D,1,17,3351,,0,1085,,G,,F,6,182,,,16R215,,,,,,0,0,000000000,00000000000,0,0,0,1,0,0,0,0,0,0,0,998,0,0,0,12,12,6,2,12,0,0,0,1,17,62966,6,1,0,0,3,3,59,145,0,0,0,3,0,9,2008,3,2010,1,28,0,0,0,1,2,55,1,1,2,1,0,0,1,6,1,1,4,50,1,0
17,170309,2,2,1,7,6,12,57,12,2,1,0,17,1,20,481,20481,31,2006,1GCHK24U06E1,1,G,C,H,K,2,4,U,0,6,E,1,0,T,CHEV,2KH,PK,6,17,,2,0,1330,SIL,G,,,8,366,,,,C,5398,00,,44,0,0,000000000,00000000000,0,0,0,1,0,0,0,0,0,0,0,998,0,0,0,12,12,6,2,12,0,0,0,1,17,62274,6,1,0,0,3,0,73,200,0,0,0,0,0,0,0,0,0,0,0,0,0,0,1,2,55,1,1,2,1,0,0,1,54,7,1,4,51,0,0
17,170310,1,2,1,9,6,6,44,12,6,1,0,55,1,21,2,21002,4,1993,1G3HN53L2P18,1,G,3,H,N,5,3,L,2,P,1,8,0,P,OLDS,88R,4D,93,17,3342,,0,1108,,G,,F,6,231,,,15R205,,,,,,0,0,000000000,00000000000,0,0,0,1,0,0,0,0,0,0,0,998,3,0,0,12,12,6,2,12,0,0,1,1,55,53525,6,1,0,0,3,0,69,250,0,0,0,0,0,0,0,0,0,1,39,0,0,0,1,2,55,1,1,2,1,20,3,10,16,1,1,2,78,1,0
17,170310,2,2,1,9,6,6,44,12,6,1,0,18,3,84,881,84881,66,1999,2HSFHAER1XC0,2,H,S,F,H,A,E,R,1,X,C,0,1,T,INTL,940,TR,99,17,,8,2340,1600,90S,D,,,6,855,,,,,00000,00,,64,1,57,110533,57110533,3,6,1,1,0,0,0,0,0,0,0,998,0,0,0,10,3,6,2,12,0,0,1,1,17,61102,6,1,6,3,3,3,61,115,0,0,0,0,0,0,0,0,0,0,0,0,0,0,1,2,55,1,1,2,1,0,0,1,65,1,1,1,79,0,0
17,170311,1,1,1,21,4,6,0,14,0,1,0,17,2,72,706,72706,80,2006,1HD1GX1186K3,1,H,D,1,G,X,1,1,8,6,K,3,0,M,HD,FXI,RS,6,17,,,,,,,1450,,2,,4,634,,,,,,,0,0,000000000,00000000000,0,0,0,1,0,0,0,0,0,0,0,998,0,0,0,12,12,6,2,14,0,0,0,1,17,60618,2,1,0,0,2,3,70,165,0,2,0,0,0,5,2009,5,2010,0,28,0,0,0,1,4,30,1,1,2,1,0,0,1,9,1,7,4,11,1,0
17,170312,1,1,1,14,6,16,30,9,0,1,1,99,9,99,999,99999,99,9999,999999999999,9,9,9,9,9,9,9,9,9,9,9,9,0,,,,,,,,,,,,,,,,,,,,,,,,,0,0,000000000,00000000000,0,0,0,1,0,0,0,0,0,0,0,998,0,0,0,12,12,9,1,9,0,0,0,1,99,99999,9,9,99,9,9,9,999,999,99,99,99,99,99,99,9999,99,9999,9,99,99,99,99,4,1,15,1,1,2,1,0,0,1,80,1,1,1,13,0,0
17,170313,1,1,1,17,6,3,45,14,0,1,0,40,3,86,881,86881,66,2011,1M1AW01X5BM0,1,M,1,A,W,0,1,X,5,B,M,0,2,T,MACK,CXU,TR,11,17,,7,0,0,600,D,,,6,659,,,,,00000,00,,42,1,57,082866,57082866,3,7,97,1,0,0,0,0,0,0,0,998,0,1,3,81,81,6,2,14,0,0,0,1,17,60471,6,1,6,3,3,3,71,220,0,0,0,0,0,0,0,0,0,0,28,0,0,0,3,2,65,1,1,1,1,0,0,1,13,1,1,4,98,0,0