STATE,ST_CASE,VEH_NO,VE_FORMS,NUMOCCS,DAY,MONTH,HOUR,MINUTE,HARM_EV,MAN_COLL,UNITTYPE,HIT_RUN,REG_STAT,OWNER,MAKE,MODEL,MAK_MOD,BODY_TYP,MOD_YEAR,VIN,VIN_1,VIN_2,VIN_3,VIN_4,VIN_5,VIN_6,VIN_7,VIN_8,VIN_9,VIN_10,VIN_11,VIN_12,TOW_VEH,VINTYPE,VINMAKE,VINA_MOD,VIN_BT,VINMODYR,VIN_LNGT,VIN_WGT,WGTCD_TR,WHLBS_LG,WHLBS_SH,SER_TR,FUELCODE,MCYCL_DS,CARBUR,CYLINDER,DISPLACE,MCYCL_CY,MCYCL_WT,TIRE_SZE,TON_RAT,TRK_WT,TRKWTVAR,VIN_REST,WHLDRWHL,J_KNIFE,MCARR_I1,MCARR_I2,MCARR_ID,GVWR,V_CONFIG,CARGO_BT,HAZ_INV,HAZ_PLAC,HAZ_ID,HAZ_CNO,HAZ_REL,BUS_USE,SPEC_USE,EMER_USE,TRAV_SP,UNDERIDE,ROLLOVER,ROLINLOC,IMPACT1,IMPACT2,DEFORMED,TOWED,M_HARM,VEH_SC1,VEH_SC2,FIRE_EXP,DR_PRES,L_STATE,DR_ZIP,L_STATUS,L_TYPE,CDL_STAT,L_ENDORS,L_COMPL,L_RESTRI,DR_HGT,DR_WGT,PREV_ACC,PREV_SUS,PREV_DWI,PREV_SPD,PREV_OTH,FIRST_MO,FIRST_YR,LAST_MO,LAST_YR,SPEEDREL,DR_SF1,DR_SF2,DR_SF3,DR_SF4,VTRAFWAY,VNUM_LAN,VSPD_LIM,VALIGN,VPROFILE,VPAVETYP,VSURCOND,VTRAFCON,VTCONT_F,P_CRASH1,P_CRASH2,P_CRASH3,PCRASH4,PCRASH5,ACC_TYPE,DEATHS,DR_DRINK
17,170314,1,1,2,16,6,17,46,35,0,1,0,17,2,41,35,41035,4,2003,JM1BJ2254301,J,M,1,B,J,2,2,5,4,3,0,1,0,P,MAZD,PDS,4D,3,17,2634,,0,1028,,G,,F,4,122,,,000000,,,,,,0,0,000000000,00000000000,0,0,0,1,0,0,0,0,0,0,0,998,0,1,5,12,11,6,2,35,0,0,0,1,17,62881,6,2,0,0,3,0,71,146,0,0,0,0,0,0,0,0,0,1,28,0,0,0,1,2,55,1,1,2,1,0,0,1,6,1,2,4,2,1,0
17,170315,1,1,2,20,6,18,50,35,0,1,0,17,2,49,402,49402,14,2010,JTMDK4DV2AD0,J,T,M,D,K,4,D,V,2,A,D,0,0,P,TOYT,RG4,UT,10,17,3675,,0,1047,,G,,F,6,214,,,17R225,,,,,,0,0,000000000,00000000000,0,0,0,1,0,0,0,0,0,0,0,95,0,1,5,12,98,6,2,1,0,0,0,1,17,62567,6,1,0,0,3,3,75,315,0,0,0,0,0,0,0,0,0,1,28,0,0,0,1,2,55,1,1,2,1,0,0,1,6,1,4,4,7,1,1
17,170316,1,1,1,18,6,8,32,1,0,1,0,17,1,37,706,37706,80,1999,1HFSC1800XA3,1,H,F,S,C,1,8,0,0,X,A,3,0,M,HOND,VT1,RS,99,17,,,,,,,1099,,2,,4,553,,,,,,,0,0,000000000,00000000000,0,0,0,1,0,0,0,0,0,0,0,998,0,0,0,0,98,6,2,1,0,0,0,1,17,60443,6,1,6,0,3,0,72,185,0,0,0,0,0,0,0,0,0,1,84,0,0,0,3,2,65,1,1,1,1,0,0,1,60,3,2,1,98,1,0
17,170317,1,2,2,15,6,13,26,12,2,1,0,17,1,7,442,7442,20,2006,2D4GP44L76R6,2,D,4,G,P,4,4,L,7,6,R,6,0,T,DODG,GSX,ES,6,17,,1,0,1193,CAR,G,,,6,230,,,,,4252,00,E,42,0,0,000000000,00000000000,0,0,0,1,0,0,0,0,0,0,0,63,0,0,0,12,12,6,2,12,0,0,0,1,17,61008,6,1,0,0,3,3,66,160,0,0,0,0,1,9,2010,9,2010,1,28,0,0,0,1,2,55,3,1,2,1,0,0,14,10,1,1,2,50,0,0
17,170317,2,2,1,15,6,13,26,12,2,1,0,17,2,6,41,6041,4,2003,2C3HD36MX3H5,2,C,3,H,D,3,6,M,X,3,H,5,0,P,CHRY,CIX,4D,3,17,3392,,0,1130,,G,,F,6,215,,,16R225,,,,,,0,0,000000000,00000000000,0,0,0,1,0,0,0,0,0,0,0,998,0,0,0,12,12,6,2,12,0,0,1,1,17,61008,6,1,0,0,3,0,67,180,0,0,0,0,0,0,0,0,0,0,0,0,0,0,1,2,55,2,1,2,1,0,0,14,62,1,1,1,51,1,0
17,170318,1,2,1,20,5,19,32,12,6,1,0,17,2,63,33,63033,4,2005,KNAFE1214551,K,N,A,F,E,1,2,1,4,5,5,1,0,P,KIA,SLE,4D,5,17,2701,,0,1028,,G,,F,4,122,,,15R195,,,,,,0,0,000000000,00000000000,0,0,0,1,0,0,0,0,0,0,0,998,0,0,0,12,12,6,2,12,0,0,0,1,17,62206,1,1,0,0,2,0,68,196,0,1,0,0,0,3,2009,3,2009,9,39,36,0,0,1,2,30,1,1,2,1,0,0,1,17,1,1,1,86,0,0
17,170318,2,2,2,20,5,19,32,12,6,1,0,17,1,7,442,7442,20,2002,1B4GP44362B5,1,B,4,G,P,4,4,3,6,2,B,5,0,T,DODG,GSP,ES,2,17,,1,0,1193,CAR,F,,,6,201,,,,,4002,00,E,42,0,0,000000000,00000000000,0,0,0,1,0,0,0,0,0,0,0,998,0,0,0,3,3,6,2,12,0,0,0,1,17,62203,6,1,0,0,3,0,65,165,0,0,0,0,0,0,0,0,0,0,0,0,0,0,1,2,30,1,1,2,1,20,3,4,66,1,1,1,87,1,0
17,170319,1,1,1,19,6,19,26,33,0,1,0,17,1,72,706,72706,80,2008,1HD1FR4138Y6,1,H,D,1,F,R,4,1,3,8,Y,6,0,M,HD,FKC,RS,8,17,,,,,,,1584,,2,,4,775,,,,,,,0,0,000000000,00000000000,0,0,0,1,0,0,0,0,0,0,0,998,0,0,0,12,98,6,2,2,0,0,1,1,17,60031,6,1,6,0,3,0,72,220,0,0,0,0,0,0,0,0,0,9,99,99,99,99,1,2,30,3,2,2,1,0,0,14,11,99,9,4,98,1,1
17,170320,1,2,1,20,6,21,19,12,2,1,0,17,1,20,2,20002,4,2003,2G1WF52E1392,2,G,1,W,F,5,2,E,1,3,9,2,0,P,CHEV,IMP,4D,3,17,3389,,0,1105,,G,,F,6,207,,,16R225,,,,,,0,0,000000000,00000000000,0,0,0,1,0,0,0,0,0,0,0,50,0,0,0,12,12,6,2,12,0,0,0,1,17,60429,6,1,0,0,3,0,65,170,0,0,0,0,0,0,0,0,0,0,51,0,0,0,2,4,45,1,3,1,1,0,0,1,10,1,1,2,50,1,1
17,170320,2,2,1,20,6,21,19,12,2,1,0,17,1,22,20,22020,4,2007,2G2WP5526711,2,G,2,W,P,5,5,2,6,7,1,1,0,P,PONT,GRA,4D,7,17,3477,,0,1105,,G,,F,6,232,,,16R225,,,,,,0,0,000000000,00000000000,0,0,0,1,0,0,0,0,0,0,0,45,0,0,0,12,12,6,2,12,0,0,0,1,17,60628,6,1,0,0,3,0,68,160,0,0,0,0,0,0,0,0,0,9,0,0,0,0,2,4,45,1,3,1,1,0,0,1,62,1,1,1,51,0,0
17,170321,1,2,1,22,6,23,58,12,1,1,0,17,1,20,16,20016,4,2002,1G1JC5244271,1,G,1,J,C,5,2,4,4,2,7,1,0,P,CHEV,CAC,4D,2,17,2676,,0,1041,,C,,F,4,133,,,14R195,,,,,,0,0,000000000,00000000000,0,0,0,1,0,0,0,0,0,0,0,998,0,0,0,12,12,6,2,20,0,0,1,1,17,60471,6,1,0,0,3,0,68,160,0,0,0,0,0,0,0,0,0,1,28,0,0,0,2,4,55,1,1,1,1,0,0,15,11,1,1,2,24,1,1
17,170321,2,2,1,22,6,23,58,12,1,1,0,17,2,14,17,14017,6,2004,1MEFM59S24A6,1,M,E,F,M,5,9,S,2,4,A,6,0,P,MERC,SLP,SW,4,17,3514,,0,1085,,G,,F,6,182,,,16R215,,,,,,0,0,000000000,00000000000,0,0,0,1,0,0,0,0,0,0,0,998,0,0,0,6,6,6,2,12,0,0,1,1,17,60643,6,1,0,0,3,0,76,300,0,0,0,1,0,6,2009,6,2009,0,0,0,0,0,2,4,55,1,1,1,1,0,0,1,61,1,1,1,25,0,0
17,170322,1,1,2,24,6,23,22,30,0,1,0,17,2,14,17,14017,4,1998,1MEFM50U0WG6,1,M,E,F,M,5,0,U,0,W,G,6,0,P,MERC,SGL,4D,98,17,3299,,0,1085,,G,,F,6,182,,,15R205,,,,,,0,0,000000000,00000000000,0,0,0,1,0,0,0,0,0,0,0,998,0,0,0,3,3,6,2,42,0,0,0,1,17,60964,6,1,0,0,3,0,72,170,0,0,0,0,0,0,0,0,0,9,28,0,0,0,1,2,55,1,1,2,1,0,0,1,13,99,9,4,5,1,1
17,170323,1,1,1,18,6,17,17,24,0,1,0,17,1,37,706,37706,80,2007,JH2SC57057M3,J,H,2,S,C,5,7,0,5,7,M,3,0,M,HOND,CBS,RC,7,17,,,,,,,998,,4,,4,388,,,,,,,0,0,000000000,00000000000,0,0,0,1,0,0,0,0,0,0,0,998,0,0,0,12,98,6,2,24,0,0,0,1,17,60443,6,1,6,0,3,0,72,240,0,0,0,0,0,0,0,0,0,1,28,0,0,0,3,3,55,1,1,1,1,0,0,1,6,1,7,4,2,1,0
17,170324,1,1,1,8,6,18,50,8,0,1,1,17,2,7,20,7020,4,2002,1B3ES56C22D6,1,B,3,E,S,5,6,C,2,2,D,6,0,P,DODG,ESN,4D,2,17,2662,,0,1050,,G,,F,4,122,,,15R185,,,,,,0,0,000000000,00000000000,0,0,0,1,0,0,0,0,0,0,0,30,0,0,0,12,12,4,4,8,0,0,0,1,99,99999,9,9,99,9,9,9,999,999,99,99,99,99,99,99,9999,99,9999,1,86,38,0,0,2,2,30,1,1,2,1,2,3,1,17,1,1,1,13,0,1
17,170325,1,1,1,15,6,18,22,34,0,1,0,47,2,20,16,20016,4,1998,1G1JC1243W73,1,G,1,J,C,1,2,4,3,W,7,3,0,P,CHEV,C/S,CP,98,17,2584,,0,1041,,G,,F,4,133,,,14R195,,,,,,0,0,000000000,00000000000,0,0,0,1,0,0,0,0,0,0,0,999,0,1,5,12,13,6,2,34,0,0,0,1,47,62682,1,1,1,0,2,3,70,165,0,3,0,1,0,6,2009,11,2009,1,28,0,0,0,1,2,55,1,1,2,1,0,0,1,6,3,2,4,2,1,1
17,170326,1,1,1,3,6,4,0,26,0,1,0,17,2,49,40,49040,4,2000,4T1BG22K6YU9,4,T,1,B,G,2,2,K,6,Y,U,9,0,P,TOYT,UEX,4D,0,17,2998,,0,1051,,G,,F,4,132,,,14R195,,,,,,0,0,000000000,00000000000,0,0,0,1,0,0,0,0,0,0,0,998,0,0,0,12,12,6,2,26,0,0,0,1,17,60643,6,1,0,0,3,0,72,200,0,0,0,0,0,0,0,0,0,1,36,37,0,0,4,2,30,1,1,2,1,2,3,1,6,1,2,4,2,1,1
17,170328,1,2,4,13,5,19,42,12,2,1,0,17,1,12,37,12037,4,2010,1FAHP3GN8AW2,1,F,A,H,P,3,G,N,8,A,W,2,0,P,FORD,FOS,4D,10,17,2623,,0,1029,,G,,F,4,122,,,17R215,,,,,,0,0,000000000,00000000000,0,0,0,1,0,0,0,0,0,0,0,998,0,0,0,12,12,6,2,12,0,0,0,1,17,60525,6,1,0,0,3,0,66,250,0,0,0,0,0,0,0,0,0,0,28,0,0,0,1,2,55,1,2,2,2,0,0,1,10,1,1,2,50,0,0
17,170328,2,2,5,13,5,19,42,12,2,1,0,55,1,18,23,18023,4,2006,1G4HD57226U2,1,G,4,H,D,5,7,2,2,6,U,2,0,P,BUIC,UXL,4D,6,17,3969,,0,1156,,G,,F,6,232,,,17R235,,,,,,0,0,000000000,00000000000,0,0,0,1,0,0,0,0,0,0,0,998,0,0,0,12,12,6,2,12,0,0,0,1,55,53566,6,1,0,0,3,0,71,230,0,0,0,0,0,0,0,0,0,0,0,0,0,0,1,2,55,1,2,2,2,0,0,1,62,7,1,1,51,1,0
17,170329,1,1,2,26,6,7,22,1,0,1,0,17,2,20,481,20481,40,1991,1GBGC24K2ME2,1,G,B,G,C,2,4,K,2,M,E,2,0,T,CHEV,GC2,CB,91,17,,2,0,1315,GM4,G,,,8,350,,,,C,00000,00,,42,0,0,000000000,00000000000,0,0,0,1,0,0,0,0,0,0,0,68,0,1,4,0,98,6,2,1,0,0,0,1,17,61054,6,1,0,0,3,3,70,230,0,0,0,0,0,0,0,0,0,1,28,0,0,0,6,1,30,1,1,2,1,0,0,16,6,7,2,4,7,1,0
17,170330,1,1,1,11,6,20,44,11,0,1,0,17,1,72,706,72706,80,2007,1HD1BY5117Y0,1,H,D,1,B,Y,5,1,1,7,Y,0,0,M,HD,LTC,RS,7,17,,,,,,,1584,,2,,4,708,,,,,,,0,0,000000000,00000000000,0,0,0,1,0,0,0,0,0,0,0,998,0,0,0,12,98,6,2,11,0,0,0,1,17,60804,6,1,6,1,3,1,69,185,0,0,0,0,0,0,0,0,0,0,0,0,0,0,1,2,55,1,1,2,1,0,0,1,87,3,2,1,13,1,0
17,170331,1,1,1,18,6,22,3,8,0,1,0,17,1,7,472,7472,30,2001,1B7GG22X81S1,1,B,7,G,G,2,2,X,8,1,S,1,0,T,DODG,DAK,PC,1,17,,1,0,1309,DAK,G,,,6,239,,,,B,3933,00,U,44,0,0,000000000,00000000000,0,0,0,1,0,0,0,0,0,0,0,998,0,0,0,12,12,6,2,8,0,0,0,1,17,60452,6,1,0,0,3,0,68,155,0,0,0,2,0,11,2009,7,2010,0,0,0,0,0,2,6,45,1,1,2,1,3,3,1,80,1,1,1,13,0,0
17,170332,1,1,1,22,6,11,35,14,0,1,0,17,2,37,402,37402,14,2001,JHLRD18631C0,J,H,L,R,D,1,8,6,3,1,C,0,0,P,HOND,CRV,UT,1,17,3245,,0,1032,,G,,F,4,120,,,15R205,,,,,,0,0,000000000,00000000000,0,0,0,1,0,0,0,0,0,0,0,998,0,0,0,12,12,6,2,14,0,0,0,1,17,60102,6,1,0,0,3,3,66,230,0,0,0,0,0,0,0,0,0,1,28,0,0,0,3,6,55,1,1,2,1,98,3,1,10,1,1,4,98,1,0
17,170333,1,2,4,25,6,12,0,12,6,1,0,17,1,6,441,6441,20,2006,2A8GP64LX6R8,2,A,8,G,P,6,4,L,X,6,R,8,0,T,CHRY,LMT,ES,6,17,,1,0,1193,TWC,G,,,6,230,,,,,4378,00,,42,0,0,000000000,00000000000,0,0,0,1,0,0,0,0,0,0,0,998,0,1,5,12,98,6,2,1,0,0,0,1,17,61520,6,1,0,0,3,0,67,210,0,0,0,0,0,0,0,0,0,1,28,87,0,0,1,2,55,4,3,2,2,0,0,14,6,1,1,2,64,2,0
17,170333,2,2,3,25,6,12,0,12,6,1,0,17,2,6,441,6441,20,2003,2C8GP64LX3R2,2,C,8,G,P,6,4,L,X,3,R,2,0,T,CHRY,LMT,ES,3,17,,1,0,1193,TWC,G,,,6,230,,,,,4175,00,,42,0,0,000000000,00000000000,0,0,0,1,0,0,0,0,0,0,0,998,0,0,0,3,98,6,2,12,0,0,0,1,17,61520,6,1,0,0,3,0,67,210,0,0,0,0,0,0,0,0,0,0,0,0,0,0,1,2,55,4,3,2,2,0,0,14,62,1,1,1,65,0,0
17,170334,1,1,1,9,6,23,17,34,0,1,0,17,1,22,20,22020,4,2005,2G2WP5227513,2,G,2,W,P,5,2,2,7,5,1,3,0,P,PONT,GRA,4D,5,17,3477,,0,1105,,G,,F,6,231,,,16R225,,,,,,0,0,000000000,00000000000,0,0,0,1,0,0,0,0,0,0,0,998,0,0,0,12,12,6,2,2,0,0,1,1,17,61701,6,1,0,0,3,0,63,96,0,0,0,0,0,0,0,0,0,0,28,0,0,0,3,4,65,1,2,1,1,0,0,1,13,1,1,4,1,1,1
17,170335,1,1,1,6,7,3,17,30,0,1,0,29,2,12,37,12037,2,2000,3FAFP3131YR2,3,F,A,F,P,3,1,3,1,Y,R,2,0,P,FORD,FZX,3P,0,17,2551,,0,1030,,G,,F,4,121,,,15R195,,,,,,0,0,000000000,00000000000,0,0,0,1,0,0,0,0,0,0,0,98,0,1,6,12,12,6,2,1,0,0,0,1,17,62269,1,1,0,0,2,0,63,115,1,4,2,0,2,8,2009,3,2011,1,37,36,0,0,1,2,98,1,1,2,1,0,0,1,6,10,4,4,2,1,1
17,170336,1,1,1,3,7,5,32,42,0,1,0,17,1,12,17,12017,4,2003,1FAFP53213G1,1,F,A,F,P,5,3,2,1,3,G,1,0,P,FORD,TSE,4D,3,17,3336,,0,1085,,F,,F,6,182,,,16R215,,,,,,0,0,000000000,00000000000,0,0,0,1,0,0,0,0,0,0,0,98,0,1,6,12,12,6,2,1,0,0,1,1,17,60401,6,1,0,0,3,0,71,245,0,0,0,0,0,0,0,0,0,1,27,36,0,0,3,2,65,1,1,2,1,0,0,1,6,9,3,4,2,1,1
17,170337,1,1,1,2,7,12,17,9,0,1,0,17,1,22,403,22403,14,2008,2CKDL33F9860,2,C,K,D,L,3,3,F,9,8,6,0,0,P,PONT,TOR,UT,8,17,3660,,0,1125,,G,,F,6,207,,,16R235,,,,,,0,0,000000000,00000000000,0,0,0,1,0,0,0,0,0,0,0,98,0,0,0,12,12,4,3,9,0,0,0,1,17,62626,6,1,0,0,3,0,64,180,0,0,0,0,0,0,0,0,0,0,86,34,0,0,1,2,55,1,1,2,1,0,0,6,83,1,1,2,13,0,0
17,170338,1,1,1,27,6,23,34,11,0,1,0,17,1,72,706,72706,80,2003,1HD1GDV113K3,1,H,D,1,G,D,V,1,1,3,K,3,0,M,HD,FDL,RS,3,17,,,,,,,1450,,2,,4,612,,,,,,,0,0,000000000,00000000000,0,0,0,1,0,0,0,0,0,0,0,98,0,0,0,12,12,6,2,11,0,0,0,1,17,62545,6,1,6,0,3,3,73,196,0,0,0,0,0,0,0,0,0,0,83,52,0,0,1,2,55,1,1,2,1,0,0,1,87,8,2,2,13,1,1
17,170339,1,1,2,21,6,0,45,30,0,1,0,17,2,6,441,6441,20,2003,2C8GP54L53R1,2,C,8,G,P,5,4,L,5,3,R,1,0,T,CHRY,LXI,ES,3,17,,1,0,1193,TWC,G,,,6,230,,,,,4172,00,,42,0,0,000000000,00000000000,0,0,0,1,0,0,0,0,0,0,0,98,0,1,6,12,12,6,2,1,0,0,0,1,17,60031,6,7,0,0,2,0,67,120,0,0,0,0,0,0,0,0,0,1,52,27,0,0,2,2,35,1,2,2,1,28,3,1,6,9,4,4,2,1,1
17,170340,1,1,1,12,6,16,55,33,0,1,0,17,2,72,706,72706,80,2008,1HD1CZ3118K4,1,H,D,1,C,Z,3,1,1,8,K,4,0,M,HD,XLN,RS,8,17,,,,,,,1202,,2,,4,562,,,,,,,0,0,000000000,00000000000,0,0,0,1,0,0,0,0,0,0,0,998,0,0,0,1,12,6,2,30,0,0,0,1,17,60188,6,1,0,0,3,0,69,190,0,0,0,1,0,8,2008,8,2008,1,36,0,0,0,1,2,30,1,1,2,1,0,0,1,13,1,1,4,1,1,1
17,170341,1,1,1,1,7,6,18,33,0,1,0,17,1,6,52,6052,6,2001,3C4FY4BB71T6,3,C,4,F,Y,4,B,B,7,1,T,6,0,P,CHRY,PTC,SV,1,17,3109,,0,1030,,G,,F,4,148,,,15R195,,,,,,0,0,000000000,00000000000,0,0,0,1,0,0,0,0,0,0,0,998,0,0,0,1,1,4,3,31,0,0,0,1,17,60050,6,1,0,0,3,1,67,180,0,0,0,0,0,0,0,0,0,1,36,0,0,0,2,4,35,1,1,2,1,0,0,1,13,1,1,4,1,1,0
17,170342,1,1,1,20,6,18,25,8,0,1,0,17,2,7,20,7020,4,2003,1B3ES56C53D2,1,B,3,E,S,5,6,C,5,3,D,2,0,P,DODG,NXT,4D,3,17,2639,,0,1040,,G,,F,4,122,,,15R185,,,,,,0,0,000000000,00000000000,0,0,0,1,0,0,0,0,0,0,0,998,0,0,0,12,12,4,3,8,0,0,0,1,17,62546,6,1,0,0,3,0,73,190,0,0,0,0,0,0,0,0,0,0,0,0,0,0,1,2,55,1,1,2,1,0,0,1,80,1,1,1,13,0,0
17,170343,1,2,1,24,6,6,24,12,2,1,0,17,1,12,401,12401,14,2007,1FMEU73867UB,1,F,M,E,U,7,3,8,6,7,U,B,0,P,FORD,EPR,UT,7,17,4706,,0,1137,,G,,F,8,281,,,16R235,,,,,,0,0,000000000,00000000000,0,0,0,1,0,0,0,0,0,0,0,998,0,0,0,12,12,6,2,12,0,0,0,1,17,60551,6,1,0,0,3,1,67,128,0,0,0,2,0,4,2009,1,2011,0,51,27,0,0,2,2,55,2,2,2,1,0,0,14,10,1,1,2,50,0,0
17,170343,2,2,1,24,6,6,24,12,2,1,0,17,1,37,31,37031,4,1997,2HGEJ6522VH5,2,H,G,E,J,6,5,2,2,V,H,5,0,P,HOND,UCD,4D,97,17,2256,,0,1032,,G,,F,4,097,,,14R185,,,,,,0,0,000000000,00000000000,0,0,0,1,0,0,0,0,0,0,0,998,0,1,6,12,12,6,2,12,0,0,0,1,17,61350,6,1,6,0,3,0,67,350,0,0,0,0,0,0,0,0,0,0,0,0,0,0,2,2,55,2,2,2,1,0,0,14,18,1,1,1,51,1,0
17,170344,1,3,1,4,6,15,10,12,1,1,0,17,1,72,706,72706,80,2006,1HD1FSW1X6Y6,1,H,D,1,F,S,W,1,X,6,Y,6,0,M,HD,TRI,RS,6,17,,,,,,,1450,,2,,4,731,,,,,,,0,0,000000000,00000000000,0,0,0,1,0,0,0,0,0,0,0,997,0,0,0,12,98,6,2,12,0,0,0,1,17,60448,6,1,0,0,3,0,71,200,0,0,0,0,0,0,0,0,0,9,26,0,0,0,1,2,45,1,1,2,1,0,0,1,51,1,1,1,24,1,1
17,170344,2,3,1,4,6,15,10,12,1,1,0,17,1,72,706,72706,80,2006,1HD1KBW146Y7,1,H,D,1,K,B,W,1,4,6,Y,7,0,M,HD,FHI,RS,6,17,,,,,,,1450,,2,,4,745,,,,,,,0,0,000000000,00000000000,0,0,0,1,0,0,0,0,0,0,0,997,0,0,0,6,98,6,2,12,0,0,0,1,17,60915,1,1,0,0,2,0,66,185,0,2,0,0,3,12,2008,2,2011,0,92,0,0,0,1,2,45,1,1,2,1,0,0,1,53,1,1,1,25,0,0
17,170344,3,3,1,4,6,15,10,12,1,1,0,17,2,72,706,72706,80,2005,1HD1JDB105Y0,1,H,D,1,J,D,B,1,0,5,Y,0,0,M,HD,FTN,RS,5,17,,,,,,,1450,,2,,4,676,,,,,,,0,0,000000000,00000000000,0,0,0,1,0,0,0,0,0,0,0,997,0,0,0,6,98,6,2,12,0,0,0,1,17,60914,6,1,0,0,3,0,70,170,0,0,0,0,0,0,0,0,0,0,92,0,0,0,1,2,45,1,1,2,1,0,0,1,53,1,1,1,98,0,0
17,170345,1,2,2,25,6,11,39,12,6,1,0,17,1,20,20,20020,4,1996,2G1WL52M3T11,2,G,1,W,L,5,2,M,3,T,1,1,0,P,CHEV,LUM,4D,96,17,3330,,0,1075,,G,,F,6,191,,,15R205,,,,,,0,0,000000000,00000000000,0,0,0,1,0,0,0,0,0,0,0,998,0,0,0,12,12,6,2,12,0,0,0,1,17,62401,6,1,0,0,3,0,65,220,0,0,0,0,0,0,0,0,0,0,39,38,0,0,1,2,55,1,1,2,1,20,3,1,17,1,1,1,88,2,0
17,170345,2,2,1,25,6,11,39,12,6,1,0,17,1,12,481,12481,31,2002,1FTSW31F82EB,1,F,T,S,W,3,1,F,8,2,E,B,0,T,FORD,F3S,CW,2,17,,2,1724,1562,SRW,D,,,8,444,,,,D,6228,04,E,44,0,0,000000000,00000000000,0,0,0,1,0,0,0,0,0,0,0,998,0,1,5,9,9,6,2,12,0,0,0,1,17,62422,6,1,6,0,3,1,76,180,0,0,0,0,0,0,0,0,0,0,0,0,0,0,1,2,55,1,1,2,1,0,0,1,66,1,1,1,89,0,0
17,170346,1,2,1,16,6,12,45,12,6,1,0,17,3,12,402,12402,14,2004,1FMYU92114KA,1,F,M,Y,U,9,2,1,1,4,K,A,0,P,FORD,SPE,UT,4,17,3346,,0,1031,,G,,F,6,181,,,15R225,,,,,,0,0,000000000,00000000000,0,0,0,1,0,0,0,0,0,0,0,55,0,0,0,3,3,6,2,12,0,0,0,1,11,61109,6,1,0,0,3,0,75,195,0,0,0,0,0,0,0,0,0,1,38,0,0,0,1,2,55,1,2,2,1,3,3,11,17,1,1,2,68,0,0
17,170346,2,2,1,16,6,12,45,12,6,1,0,17,1,76,706,76706,80,2004,JYARN13E14A0,J,Y,A,R,N,1,3,E,1,4,A,0,0,M,YAMA,YFR,RC,4,17,,,,,,,998,,4,,4,999,,,,,,,0,0,000000000,00000000000,0,0,0,1,0,0,0,0,0,0,0,80,0,0,0,12,12,6,2,12,0,0,0,1,17,61107,6,1,0,0,3,0,76,240,0,0,0,0,0,0,0,0,0,1,0,0,0,0,1,2,55,1,2,2,1,3,3,1,66,1,1,1,69,1,0
17,170347,1,2,1,29,6,12,59,12,6,1,0,17,1,23,401,23401,14,2001,1GKDT13W4121,1,G,K,D,T,1,3,W,4,1,2,1,0,T,GMC,JMY,4W,1,17,,1,0,1070,JMY,G,,,6,262,,,,B,4133,00,E,44,0,0,000000000,00000000000,0,0,0,1,0,0,0,0,0,0,0,998,0,0,0,3,3,6,2,12,0,0,0,1,17,60042,6,1,0,0,3,3,74,160,0,0,0,0,0,0,0,0,0,0,38,0,0,0,1,2,45,1,1,2,1,20,8,11,54,1,1,1,68,0,0
17,170347,2,2,1,29,6,12,59,12,6,1,0,17,1,76,703,76703,80,2001,JYA3AWE0X1A0,J,Y,A,3,A,W,E,0,X,1,A,0,0,M,YAMA,TW2,T,1,17,,,,,,,196,,1,,4,262,,,,,,,0,0,000000000,00000000000,0,0,0,1,0,0,0,0,0,0,0,998,0,0,0,12,12,6,2,12,0,0,0,1,17,60013,6,1,0,0,3,0,72,175,0,0,0,0,0,0,0,0,0,9,0,0,0,0,1,2,45,1,1,2,1,0,0,1,54,1,1,1,69,1,0
17,170348,1,1,1,5,7,6,56,8,0,1,0,17,3,86,881,86881,66,2003,1M1AA18Y53W1,1,M,1,A,A,1,8,Y,5,3,W,1,1,T,MACK,CH6,TR,3,17,,8,0,0,600,D,,,6,728,,,,,00000,00,,64,1,57,01627098,5701627098,3,6,1,1,0,0,0,0,0,0,0,998,0,0,0,12,4,2,1,8,0,0,0,1,17,60636,6,1,6,3,3,0,70,250,0,0,0,0,0,0,0,0,0,0,28,0,0,0,1,2,45,1,1,2,1,0,0,1,80,6,1,2,13,0,0
17,170349,1,2,3,29,6,18,37,12,6,1,0,17,2,2,404,2404,14,1996,1J4FJ68S5TL2,1,J,4,F,J,6,8,S,5,T,L,2,0,T,JEEP,SPC,4W,96,17,,1,0,1014,CHK,G,,,6,242,,,,,3008,00,M,44,0,0,000000000,00000000000,0,0,0,1,0,0,0,0,0,0,0,998,0,0,0,9,9,2,1,12,0,0,0,1,17,61453,6,1,0,0,3,0,73,205,0,0,0,0,0,0,0,0,0,0,38,0,0,0,1,2,55,1,1,2,1,0,0,11,54,7,1,2,68,0,0
17,170349,2,2,1,29,6,18,37,12,6,1,0,17,1,37,705,37705,80,1999,JH2PC3505XM0,J,H,2,P,C,3,5,0,5,X,M,0,0,M,HOND,CF4,RC,99,17,,,,,,,599,,4,,4,373,,,,,,,0,0,000000000,00000000000,0,0,0,1,0,0,0,0,0,0,0,998,0,0,0,12,98,6,2,12,0,0,0,1,17,61453,6,1,0,0,3,0,68,150,0,0,0,2,0,2,2009,4,2009,0,0,0,0,0,1,2,98,1,1,2,1,0,0,1,62,9,2,1,69,1,0