STATE,ST_CASE,VEH_NO,VE_FORMS,NUMOCCS,DAY,MONTH,HOUR,MINUTE,HARM_EV,MAN_COLL,UNITTYPE,HIT_RUN,REG_STAT,OWNER,MAKE,MODEL,MAK_MOD,BODY_TYP,MOD_YEAR,VIN,VIN_1,VIN_2,VIN_3,VIN_4,VIN_5,VIN_6,VIN_7,VIN_8,VIN_9,VIN_10,VIN_11,VIN_12,TOW_VEH,VINTYPE,VINMAKE,VINA_MOD,VIN_BT,VINMODYR,VIN_LNGT,VIN_WGT,WGTCD_TR,WHLBS_LG,WHLBS_SH,SER_TR,FUELCODE,MCYCL_DS,CARBUR,CYLINDER,DISPLACE,MCYCL_CY,MCYCL_WT,TIRE_SZE,TON_RAT,TRK_WT,TRKWTVAR,VIN_REST,WHLDRWHL,J_KNIFE,MCARR_I1,MCARR_I2,MCARR_ID,GVWR,V_CONFIG,CARGO_BT,HAZ_INV,HAZ_PLAC,HAZ_ID,HAZ_CNO,HAZ_REL,BUS_USE,SPEC_USE,EMER_USE,TRAV_SP,UNDERIDE,ROLLOVER,ROLINLOC,IMPACT1,IMPACT2,DEFORMED,TOWED,M_HARM,VEH_SC1,VEH_SC2,FIRE_EXP,DR_PRES,L_STATE,DR_ZIP,L_STATUS,L_TYPE,CDL_STAT,L_ENDORS,L_COMPL,L_RESTRI,DR_HGT,DR_WGT,PREV_ACC,PREV_SUS,PREV_DWI,PREV_SPD,PREV_OTH,FIRST_MO,FIRST_YR,LAST_MO,LAST_YR,SPEEDREL,DR_SF1,DR_SF2,DR_SF3,DR_SF4,VTRAFWAY,VNUM_LAN,VSPD_LIM,VALIGN,VPROFILE,VPAVETYP,VSURCOND,VTRAFCON,VTCONT_F,P_CRASH1,P_CRASH2,P_CRASH3,PCRASH4,PCRASH5,ACC_TYPE,DEATHS,DR_DRINK
17,170421,1,1,1,11,5,16,39,8,0,1,0,17,2,21,441,21441,20,1999,1GHDX03E8XD1,1,G,H,D,X,0,3,E,8,X,D,1,0,T,OLDS,SIL,ES,99,17,,1,0,1200,SIL,G,,,6,207,,,,B,3948,00,K,42,0,0,000000000,00000000000,0,0,0,1,0,0,0,0,0,0,0,998,0,0,0,12,12,6,2,8,0,0,0,1,17,60406,6,1,0,0,3,0,66,135,0,0,0,0,0,0,0,0,0,0,0,0,0,0,1,4,35,1,1,2,1,3,3,1,80,4,2,1,13,0,0
17,170422,1,1,2,27,6,8,47,8,0,1,0,17,3,12,16,12016,4,2008,2FAFP70V48X1,2,F,A,F,P,7,0,V,4,8,X,1,0,P,FORD,CVS,4D,8,17,0,,1207,1147,,F,,F,8,281,,,17R235,,,,,,0,0,000000000,00000000000,0,0,0,1,0,0,0,0,0,0,0,998,0,0,0,12,12,6,2,19,0,0,0,1,17,60615,6,1,0,0,3,3,67,160,0,0,0,0,1,1,2010,1,2010,1,87,0,0,0,1,2,30,1,1,2,2,0,0,1,6,1,2,4,13,0,0
17,170423,1,1,1,29,6,1,0,18,0,1,0,17,1,53,705,53705,80,1998,JS1GR7DA8W21,J,S,1,G,R,7,D,A,8,W,2,1,0,M,SUZI,SX7,RC,98,17,,,,,,,749,,4,,4,394,,,,,,,0,0,000000000,00000000000,0,0,0,1,0,0,0,0,0,0,0,998,0,0,0,12,12,6,2,1,0,0,0,1,17,60634,6,1,0,0,3,0,74,165,0,0,0,0,0,0,0,0,0,1,36,0,0,0,1,2,45,1,1,2,1,40,3,1,90,1,1,1,12,1,1
17,170424,1,1,1,15,7,9,38,8,0,1,0,17,2,20,2,20002,4,2001,2G1WF52E0193,2,G,1,W,F,5,2,E,0,1,9,3,0,P,CHEV,IMP,4D,1,17,3389,,0,1105,,G,,F,6,207,,,16R225,,,,,,0,0,000000000,00000000000,0,0,0,1,0,0,0,0,0,0,0,998,0,0,0,12,12,6,2,8,0,0,0,1,17,60426,6,1,0,0,3,0,60,166,0,0,0,0,0,0,0,0,0,0,99,99,99,99,2,6,30,1,1,2,1,0,0,1,80,1,1,1,13,0,0
17,170426,1,1,1,2,7,2,40,34,0,1,0,17,1,12,481,12481,31,2004,1FTNX21L64ED,1,F,T,N,X,2,1,L,6,4,E,D,0,T,FORD,F2S,4C,4,17,,2,1580,1418,SRW,G,,,8,330,,,,C,5949,00,U,44,0,0,000000000,00000000000,0,0,0,1,0,0,0,0,0,0,0,998,0,1,5,12,98,6,2,1,0,0,0,1,17,61368,6,1,6,0,3,0,73,200,0,0,0,0,0,0,0,0,0,1,28,50,0,0,1,2,55,1,3,2,1,0,0,1,13,1,2,4,7,1,1
17,170427,1,1,1,8,5,15,0,19,0,1,0,17,1,7,442,7442,20,2000,2B4FP25B5YR6,2,B,4,F,P,2,5,B,5,Y,R,6,0,P,DODG,CAR,SV,0,17,3432,,0,1133,,G,,F,4,148,,,14R205,,,,,,0,0,000000000,00000000000,0,0,0,1,0,0,0,0,0,0,0,998,0,0,0,12,98,2,4,19,0,0,0,1,17,62864,6,1,0,0,3,3,69,220,0,0,0,0,1,1,2009,1,2009,0,99,99,99,99,1,2,30,1,2,2,1,0,0,13,3,1,1,4,98,1,0
17,170428,1,2,1,14,7,1,56,12,1,1,0,17,1,37,706,37706,80,1992,JH2RC3805NM1,J,H,2,R,C,3,8,0,5,N,M,1,0,M,HOND,B75,RS,92,17,,,,,,,750,,4,,4,463,,,,,,,0,0,000000000,00000000000,0,0,0,1,0,0,0,0,0,0,0,19,0,0,0,12,12,6,2,1,0,0,0,1,17,60545,6,1,0,0,3,1,67,180,0,0,0,0,0,0,0,0,0,1,36,0,0,0,2,2,45,1,2,2,1,0,0,1,18,9,1,1,24,0,1
17,170428,2,2,1,14,7,1,56,12,1,1,0,17,1,72,706,72706,80,2008,1HD1GX4108K3,1,H,D,1,G,X,4,1,0,8,K,3,0,M,HD,FXI,RS,8,17,,,,,,,1584,,2,,4,667,,,,,,,0,0,000000000,00000000000,0,0,0,1,0,0,0,0,0,0,0,42,0,0,0,6,8,6,2,1,0,0,0,1,17,60548,6,1,0,0,3,3,69,150,0,0,0,0,0,0,0,0,0,0,83,0,0,0,2,2,45,1,2,2,1,0,0,1,87,8,1,1,27,1,1
17,170429,1,2,2,4,7,21,0,12,6,1,0,17,2,21,23,21023,4,2000,1G3WH52H3YF2,1,G,3,W,H,5,2,H,3,Y,F,2,0,P,OLDS,IGX,4D,0,17,3455,,0,1090,,G,,F,6,211,,,16R225,,,,,,0,0,000000000,00000000000,0,0,0,1,0,0,0,0,0,0,0,20,0,0,0,2,1,2,1,12,0,0,0,1,17,60609,6,2,0,0,3,0,62,120,0,0,0,0,0,0,0,0,0,0,0,0,0,0,1,2,35,1,1,2,1,0,0,1,81,1,1,1,87,0,0
17,170429,2,2,1,4,7,21,0,12,6,1,0,17,0,98,701,98701,88,2008,1MINIBIKEBAD,1,M,I,N,I,B,I,K,E,B,A,D,0,U,,,,8,15,,,,,,,,,,,,,,,,,,,0,0,000000000,00000000000,0,0,0,1,0,0,0,0,0,0,0,998,0,0,0,12,12,6,9,12,0,0,0,1,17,60609,0,0,0,0,0,0,999,999,0,0,0,0,0,0,0,0,0,1,38,0,0,0,1,2,35,1,1,2,1,0,0,3,6,1,1,2,86,1,0
17,170430,1,1,1,4,7,20,43,26,0,1,0,17,1,73,705,73705,80,2007,JKAZX4P177A0,J,K,A,Z,X,4,P,1,7,7,A,0,0,M,KAWK,ZXP,RC,7,17,,,,,,,599,,4,,4,368,,,,,,,0,0,000000000,00000000000,0,0,0,1,0,0,0,0,0,0,0,998,0,0,0,12,12,6,2,19,0,0,0,1,17,61701,1,1,0,0,2,3,65,140,0,0,0,2,0,1,2010,6,2011,1,28,0,0,0,1,4,30,3,1,2,1,0,0,14,13,1,1,4,1,1,1
17,170431,1,1,1,5,7,8,46,8,0,1,1,17,1,2,404,2404,14,1995,1J4FT68S3SL5,1,J,4,F,T,6,8,S,3,S,L,5,0,T,JEEP,SPT,4W,95,17,,1,0,1014,CHK,G,,,6,242,,,,,2828,00,M,42,0,0,000000000,00000000000,0,0,0,1,0,0,0,0,0,0,0,998,0,0,0,12,12,6,2,8,0,0,0,1,17,60628,1,1,0,0,2,3,70,150,0,0,0,0,1,2,2011,2,2011,1,38,0,0,0,1,4,30,1,1,2,1,2,3,1,80,1,1,1,13,0,1
17,170433,1,2,1,24,7,19,53,12,6,1,0,17,1,53,706,53706,80,2006,JS1GT76A5621,J,S,1,G,T,7,6,A,5,6,2,1,0,M,SUZI,XR1,RC,6,17,,,,,,,999,,4,,4,365,,,,,,,0,0,000000000,00000000000,0,0,0,1,0,0,0,0,0,0,0,100,0,0,0,9,98,6,2,12,0,0,0,1,17,60060,2,1,0,0,2,3,73,180,0,0,0,0,0,0,0,0,0,1,36,0,0,0,1,4,40,1,1,2,1,0,0,1,62,3,2,1,83,1,1
17,170433,2,2,1,24,7,19,53,12,6,1,0,17,3,63,401,63401,14,2011,KNDPC3A67B71,K,N,D,P,C,3,A,6,7,B,7,1,0,P,KIA,SPO,UT,11,17,3186,,0,1035,,G,,T,4,122,,,18R235,,,,,,0,0,000000000,00000000000,0,0,0,1,0,0,0,0,0,0,0,998,0,0,0,12,12,6,2,12,0,0,0,1,17,60061,6,1,0,0,3,0,71,175,0,0,0,0,0,0,0,0,0,0,0,0,0,0,1,4,40,1,1,2,1,0,0,11,54,2,1,2,82,0,0
17,170434,1,1,2,17,7,6,59,42,0,1,0,17,2,35,47,35047,4,2003,1N4BL11D53C2,1,N,4,B,L,1,1,D,5,3,C,2,0,P,NISS,ABE,4D,3,17,3071,,0,1102,,G,,F,6,214,,,17R215,,,,,,0,0,000000000,00000000000,0,0,0,1,0,0,0,0,0,0,0,62,0,0,0,12,12,6,2,42,0,0,0,1,17,60202,0,0,0,0,0,0,999,999,0,0,0,0,0,0,0,0,0,1,28,0,0,0,1,4,30,1,1,2,1,0,0,1,12,1,1,4,6,1,1
17,170435,1,2,1,29,7,23,16,12,1,1,0,17,1,12,17,12017,4,2003,1FAFP53U73G1,1,F,A,F,P,5,3,U,7,3,G,1,0,P,FORD,TSE,4D,3,17,3336,,0,1085,,G,,F,6,182,,,16R215,,,,,,0,0,000000000,00000000000,0,0,0,1,0,0,0,0,0,0,0,105,0,0,0,12,12,6,2,12,0,0,0,1,17,60440,6,1,6,3,3,3,73,200,0,0,0,0,0,0,0,0,0,1,38,0,0,0,1,6,35,1,1,2,1,3,3,1,50,1,1,1,20,1,1
17,170435,2,2,3,29,7,23,16,12,1,1,0,17,2,7,24,7024,4,2011,2B3CL3CG3BH6,2,B,3,C,L,3,C,G,3,B,H,6,0,P,DODG,CHA,4D,11,17,3961,,0,1200,,F,,F,6,220,,,17R215,,,,,,0,0,000000000,00000000000,0,0,0,1,0,0,0,0,0,0,0,0,0,0,0,6,6,6,2,12,0,0,0,1,6,92831,6,1,0,0,3,3,69,158,0,0,0,0,0,0,0,0,0,0,0,0,0,0,1,6,35,1,1,2,1,3,3,5,53,1,1,1,21,0,0
17,170437,1,3,1,7,8,1,55,12,1,1,1,17,2,23,481,23481,31,2010,3GTRKVE31AG2,3,G,T,R,K,V,E,3,1,A,G,2,0,T,GMC,1NK,CW,10,17,,2,0,1435,SIE,F,,,8,323,,,,B,5346,00,S,44,0,0,000000000,00000000000,0,0,0,1,0,0,0,0,0,0,0,998,0,0,0,12,12,4,1,12,0,0,0,1,17,61615,6,1,0,0,3,0,73,180,0,0,0,0,0,0,0,0,0,1,36,0,0,0,1,4,35,1,1,2,1,3,3,1,18,1,1,1,20,0,1
17,170437,2,3,2,7,8,1,55,12,1,1,0,17,1,72,706,72706,80,1995,1HD1BJL42SY0,1,H,D,1,B,J,L,4,2,S,Y,0,0,M,HD,STC,RS,95,17,,,,,,,1340,,2,,4,710,,,,,,,0,0,000000000,00000000000,0,0,0,1,0,0,0,0,0,0,0,0,0,0,0,6,6,6,2,12,0,0,0,1,17,61615,6,1,0,0,3,0,70,190,0,0,0,0,0,0,0,0,0,0,0,0,0,0,1,4,35,1,1,2,1,3,3,5,50,1,1,1,21,2,1
17,170437,3,3,1,7,8,1,55,12,1,1,0,17,2,37,402,37402,14,2001,JHLRD18621S0,J,H,L,R,D,1,8,6,2,1,S,0,0,P,HOND,CRV,UT,1,17,3245,,0,1032,,G,,F,4,120,,,15R205,,,,,,0,0,000000000,00000000000,0,0,0,1,0,0,0,0,0,0,0,0,0,0,0,6,6,6,2,12,0,0,0,1,17,61615,6,1,0,0,3,0,72,160,0,0,0,1,0,5,2009,5,2009,0,0,0,0,0,1,4,35,1,1,2,1,3,3,5,50,1,1,1,98,0,1
17,170438,1,1,1,5,8,3,57,25,0,1,0,17,2,42,401,42401,14,2003,4JGAB57E83A4,4,J,G,A,B,5,7,E,8,3,A,4,0,P,MERZ,M35,UT,3,17,4627,,0,1110,,G,,F,6,227,,,17R255,,,,,,0,0,000000000,00000000000,0,0,0,1,0,0,0,0,0,0,0,998,0,1,1,11,11,6,2,1,0,0,0,1,17,60455,6,1,0,0,3,3,74,140,0,0,0,0,0,0,0,0,0,1,36,28,0,0,3,4,65,1,1,1,1,0,0,1,6,9,4,4,7,1,0
17,170439,1,1,1,19,7,19,55,24,0,1,0,17,2,99,703,99703,80,2007,L8YTDNPB17Y0,L,8,Y,T,D,N,P,B,1,7,Y,0,0,U,,,,7,17,,,,,,,,,,,,,,,,,,,0,0,000000000,00000000000,0,0,0,1,0,0,0,0,0,0,0,998,0,0,0,12,12,6,2,1,0,0,0,1,17,62088,6,1,0,0,3,0,67,180,0,0,0,0,0,0,0,0,0,1,27,52,0,0,1,2,55,2,2,2,1,0,0,14,6,1,4,4,7,1,0
17,170440,1,1,4,17,7,16,43,24,0,1,0,17,2,35,47,35047,4,2008,1N4AL21E38N4,1,N,4,A,L,2,1,E,3,8,N,4,0,P,NISS,ATS,4D,8,17,3028,,0,1093,,G,,F,4,153,,,16R215,,,,,,0,0,000000000,00000000000,0,0,0,1,0,0,0,0,0,0,0,998,0,0,0,6,6,6,2,24,0,0,0,1,38,62060,4,1,0,0,2,0,999,999,0,0,0,0,0,0,0,0,0,1,36,0,0,0,1,2,55,3,1,2,1,0,0,14,6,1,3,4,2,1,1
17,170441,1,2,1,4,8,6,20,12,6,1,0,17,1,7,482,7482,31,1998,3B7HC12Z5WM2,3,B,7,H,C,1,2,Z,5,W,M,2,0,T,DODG,150,PC,98,17,,2,1547,1387,RPC,G,,,8,360,,,,B,4580,01,U,42,0,0,000000000,00000000000,0,0,0,1,0,0,0,0,0,0,0,998,0,0,0,11,12,6,2,12,0,0,1,1,17,61884,6,1,0,0,3,0,73,195,0,2,1,0,0,9,2009,4,2010,0,28,0,0,0,1,2,55,1,1,2,1,0,0,11,54,1,1,2,68,0,0
17,170441,2,2,1,4,8,6,20,12,6,1,0,17,1,72,706,72706,80,2002,1HD1BHY132Y0,1,H,D,1,B,H,Y,1,3,2,Y,0,0,M,HD,FXT,RS,2,17,,,,,,,1450,,2,,4,629,,,,,,,0,0,000000000,00000000000,0,0,0,1,0,0,0,0,0,0,0,998,0,0,0,12,12,6,2,12,0,0,0,1,17,61815,6,1,0,0,3,0,71,160,0,0,0,0,0,0,0,0,0,0,0,0,0,0,1,2,55,1,1,2,1,0,0,1,18,1,1,1,69,1,0
17,170443,1,1,1,8,8,7,0,1,0,1,0,17,2,20,16,20016,2,2005,1G1JC12F0571,1,G,1,J,C,1,2,F,0,5,7,1,0,P,CHEV,CAV,CP,5,17,2617,,0,1041,,G,,F,4,134,,,14R195,,,,,,0,0,000000000,00000000000,0,0,0,1,0,0,0,0,0,0,0,998,0,1,5,0,98,6,2,1,0,0,0,1,17,62219,6,1,0,0,3,3,74,250,1,0,0,0,0,12,2008,12,2008,0,28,0,0,0,1,2,55,1,1,2,1,0,0,1,9,7,1,4,1,1,0
17,170444,1,2,2,11,8,6,6,12,6,1,0,17,1,20,471,20471,30,1990,1GCCS14EXL21,1,G,C,C,S,1,4,E,X,L,2,1,0,T,CHEV,S14,PK,90,17,,1,1179,1083,S,G,,,4,151,,,,B,2632,01,,42,0,0,000000000,00000000000,0,0,0,1,0,0,0,0,0,0,0,998,0,0,0,3,3,6,2,12,0,0,0,1,17,62422,6,1,0,0,3,0,70,145,0,0,0,0,0,0,0,0,0,0,38,0,0,0,1,2,55,1,1,2,1,0,0,1,17,1,1,1,87,2,0
17,170444,2,2,1,11,8,6,6,12,6,1,0,17,1,7,25,7025,5,2007,1B3HB48B47D2,1,B,3,H,B,4,8,B,4,7,D,2,0,P,DODG,CXT,4D,7,17,3038,,0,1037,,G,,F,4,122,,,17R215,,,,,,0,0,000000000,00000000000,0,0,0,1,0,0,0,0,0,0,0,998,0,0,0,12,12,6,2,12,0,0,0,1,17,62544,6,1,0,0,3,0,71,220,0,0,0,0,0,0,0,0,0,0,0,0,0,0,1,2,55,1,1,2,1,0,0,1,17,1,1,1,86,0,0
17,170445,1,2,1,14,8,12,27,1,0,1,0,17,1,34,706,34706,80,2005,WB10591A75ZM,W,B,1,0,5,9,1,A,7,5,Z,M,0,M,BMW,K00,RS,5,17,,,,,,,1157,,4,,4,545,,,,,,,0,0,000000000,00000000000,0,0,0,1,0,0,0,0,0,0,0,998,0,0,0,0,98,6,2,1,0,0,0,1,17,62863,6,1,6,0,3,0,68,185,0,0,0,0,0,0,0,0,0,1,28,0,0,0,1,2,55,2,2,2,1,0,0,14,6,1,2,2,98,1,0
17,170445,2,2,4,14,8,12,27,1,0,1,0,17,1,2,404,2404,14,2011,1J4RR4GG2BC5,1,J,4,R,R,4,G,G,2,B,C,5,0,T,JEEP,LRO,4W,11,17,,2,0,1148,GCK,F,,,6,220,,,,,4660,00,W,44,0,0,000000000,00000000000,0,0,0,1,0,0,0,0,0,0,0,998,0,0,0,12,12,6,2,12,0,0,0,1,17,62001,6,1,6,0,3,3,75,220,0,0,0,0,0,0,0,0,0,0,0,0,0,0,1,2,55,3,2,2,1,0,0,14,62,1,1,1,98,0,0
17,170446,1,1,2,12,8,19,22,17,0,1,0,17,2,24,1,24001,4,1999,1G8ZK5277XZ2,1,G,8,Z,K,5,2,7,7,X,Z,2,0,P,STRN,SL2,4D,99,17,2418,,0,1024,,G,,F,4,116,,,15R185,,,,,,0,0,000000000,00000000000,0,0,0,1,0,0,0,0,0,0,0,998,0,1,6,3,13,6,2,1,0,0,0,1,17,62278,6,2,0,0,3,3,64,110,0,0,0,0,0,0,0,0,0,1,28,36,0,0,1,2,55,3,2,2,1,0,0,14,6,1,4,4,7,1,0
17,170447,1,2,1,11,8,14,9,12,6,1,0,17,3,20,2,20002,4,2008,2G1WT58N1812,2,G,1,W,T,5,8,N,1,8,1,2,0,P,CHEV,IMT,4D,8,17,3555,,0,1105,,G,,F,6,214,,,16R225,,,,,,0,0,000000000,00000000000,0,0,0,1,0,0,0,0,0,0,0,70,0,0,0,12,12,6,2,12,0,0,0,1,17,61277,6,1,0,0,3,3,69,145,0,0,0,0,0,0,0,0,0,1,28,0,0,0,1,2,55,2,1,2,1,0,0,14,6,1,4,2,64,1,0
17,170447,2,2,2,11,8,14,9,12,6,1,0,17,1,20,850,20850,73,1998,1GBLP37J8W33,1,G,B,L,P,3,7,J,8,W,3,3,0,T,CHEV,P30,MH,98,17,,5,2280,1585,P30,G,,,8,454,,,,,00000,00,,42,0,0,000000000,00000000000,0,0,0,1,0,0,0,0,0,0,0,998,0,0,0,3,12,6,2,12,0,0,0,1,17,60005,6,1,0,0,3,3,68,184,0,0,0,0,0,0,0,0,0,1,0,0,0,0,1,2,55,3,1,2,1,0,0,14,62,1,1,1,65,0,0
17,170448,1,1,1,12,8,8,2,34,0,1,0,17,1,47,31,47031,4,1998,YS3DD58B6W20,Y,S,3,D,D,5,8,B,6,W,2,0,0,P,SAA,90S,4H,98,17,3040,,0,1024,,G,,F,4,140,,,15R195,,,,,,0,0,000000000,00000000000,0,0,0,1,0,0,0,0,0,0,0,998,0,2,6,9,13,6,2,1,0,0,0,1,17,62960,6,1,0,0,3,0,63,280,0,0,0,0,0,0,0,0,0,0,38,85,0,0,1,2,55,1,1,2,1,20,3,1,53,9,3,4,8,1,0
17,170449,1,1,2,13,8,14,53,1,0,1,0,55,1,72,706,72706,80,2001,1HD1FCW171Y6,1,H,D,1,F,C,W,1,7,1,Y,6,0,M,HD,FLU,RS,1,17,,,,,,,1450,,2,,4,788,,,,,,,0,0,000000000,00000000000,0,0,0,1,0,0,0,0,0,0,0,55,0,0,0,0,98,6,2,1,0,0,0,1,55,54403,6,1,0,0,3,3,73,205,0,0,0,0,0,0,0,0,0,1,87,0,0,0,1,2,55,2,1,2,2,0,0,14,6,7,3,2,98,1,1
17,170450,1,2,2,13,8,19,40,12,6,1,0,29,1,41,402,41402,14,2003,4F2CZ04153KM,4,F,2,C,Z,0,4,1,5,3,K,M,0,P,MAZD,TRI,UT,3,17,3292,,0,1031,,G,,F,6,181,,,000000,,,,,,0,0,000000000,00000000000,0,0,0,1,0,0,0,0,0,0,0,998,0,1,1,3,3,6,2,1,0,0,0,1,29,65653,6,1,0,0,3,0,64,125,1,0,0,3,0,4,2009,5,2011,0,38,39,0,0,2,4,65,1,1,2,1,28,3,11,10,1,1,7,82,1,0
17,170450,2,2,2,13,8,19,40,12,6,1,0,17,1,22,32,22032,6,2007,5Y2SL658X7Z4,5,Y,2,S,L,6,5,8,X,7,Z,4,0,P,PONT,VIB,4H,7,17,2700,,0,1024,,G,,F,4,110,,,16R205,,,,,,0,0,000000000,00000000000,0,0,0,1,0,0,0,0,0,0,0,998,0,0,0,12,12,6,2,12,0,0,0,1,17,60041,6,1,0,0,3,0,70,165,0,0,0,0,0,0,0,0,0,0,0,0,0,0,3,4,65,1,1,1,1,28,3,1,55,1,1,1,83,0,0
17,170451,1,2,1,10,8,9,30,12,2,1,0,17,2,12,401,12401,14,1994,1FMDU34X0RUA,1,F,M,D,U,3,4,X,0,R,U,A,0,P,FORD,EPR,UT,94,17,4053,,0,1120,,G,,F,6,245,,,15R225,,,,,,0,0,000000000,00000000000,0,0,0,1,0,0,0,0,0,0,0,998,0,0,0,12,12,6,2,12,0,0,0,1,17,60518,6,1,0,0,3,0,69,124,0,0,0,0,0,0,0,0,0,1,28,35,0,0,1,2,55,1,1,2,1,0,0,6,54,1,1,1,52,1,0
17,170451,2,2,1,10,8,9,30,12,2,1,0,95,3,85,881,85881,66,2005,1XKWDB9X35J9,1,X,K,W,D,B,9,X,3,5,J,9,1,T,KW,W90,TR,5,17,,8,2850,1600,CON,D,,,6,893,,,,,00000,00,,64,1,57,481183,57481183,3,6,3,1,0,0,0,0,0,0,0,998,0,0,0,12,12,6,2,12,0,0,0,1,95,99999,9,9,99,9,9,9,999,999,99,99,99,99,99,99,9999,99,9999,0,0,0,0,0,1,2,55,1,1,2,1,0,0,2,54,8,1,1,52,0,0
17,170452,1,4,1,6,8,18,28,12,2,1,0,17,1,45,40,45040,1,2006,WP0CA29816U7,W,P,0,C,A,2,9,8,1,6,U,7,0,P,PORS,BOX,CV,6,17,3109,,0,951,,G,,F,6,164,,,17R205,,,,,,0,0,000000000,00000000000,0,0,0,1,0,0,0,0,0,0,0,998,0,0,0,12,12,6,2,12,0,0,0,1,17,60540,6,1,0,0,3,3,72,170,0,0,0,0,1,11,2010,11,2010,0,51,28,0,0,3,4,55,1,1,1,1,0,0,4,54,1,1,2,50,0,0
17,170452,2,4,3,6,8,18,28,12,2,1,0,17,1,49,32,49032,4,2004,1NXBR32E64Z2,1,N,X,B,R,3,2,E,6,4,Z,2,0,P,TOYT,UCS,4D,4,17,2502,,0,1024,,G,,F,4,109,,,15R185,,,,,,0,0,000000000,00000000000,0,0,0,1,0,0,0,0,0,0,0,998,0,0,0,12,12,6,2,12,0,0,0,1,17,60126,6,1,0,0,3,0,69,260,0,0,0,0,0,0,0,0,0,0,0,0,0,0,3,4,55,1,1,1,1,0,0,1,64,1,1,1,51,2,0
17,170452,3,4,1,6,8,18,28,12,2,1,0,17,1,12,442,12442,20,2001,2FMZA52481BA,2,F,M,Z,A,5,2,4,8,1,B,A,0,T,FORD,WSE,ES,1,17,,1,0,1207,WIN,G,,,6,232,,,,B,4250,00,E,42,0,0,000000000,00000000000,0,0,0,1,0,0,0,0,0,0,0,998,0,0,0,12,12,6,2,12,0,0,0,1,17,60106,0,0,0,0,0,0,999,999,0,0,0,0,0,0,0,0,0,0,0,0,0,0,3,4,55,1,1,1,1,0,0,1,64,1,1,1,98,0,0
17,170452,4,4,1,6,8,18,28,12,2,1,0,17,1,41,52,41052,6,2012,JM1CW2CL5C01,J,M,1,C,W,2,C,L,5,C,0,1,0,P,MAZD,MA5,SW,12,17,3457,,0,1083,,G,,F,4,152,,,17R205,,,,,,0,0,000000000,00000000000,0,0,0,1,0,0,0,0,0,0,0,998,0,0,0,14,14,2,1,54,0,0,0,1,17,60130,6,1,0,0,3,0,68,155,0,0,0,0,0,0,0,0,0,0,0,0,0,0,3,4,55,1,1,1,1,0,0,1,64,1,1,1,98,0,0
17,170453,1,2,1,28,6,20,26,12,6,1,0,0,0,99,702,99702,88,9999,LRPRPG1C1AA0,L,R,P,R,P,G,1,C,1,A,A,0,0,U,,,,,17,,,,,,,,,,,,,,,,,,,0,0,000000000,00000000000,0,0,0,1,0,0,0,0,0,0,0,998,0,0,0,12,12,6,2,12,0,0,0,1,17,60628,0,0,0,0,0,0,999,999,99,99,99,99,99,99,9999,99,9999,1,39,36,0,0,2,2,30,1,1,2,1,20,3,1,17,1,1,1,86,1,0
17,170453,2,2,1,28,6,20,26,12,6,1,0,17,2,20,401,20401,14,1997,1GNCS13W0V21,1,G,N,C,S,1,3,W,0,V,2,1,0,P,CHEV,BZR,UT,97,17,3686,,0,1070,,G,,F,6,262,,,15R205,,,,,,0,0,000000000,00000000000,0,0,0,1,0,0,0,0,0,0,0,998,0,0,0,3,3,4,1,12,0,0,0,1,17,60628,6,1,0,0,3,0,70,240,0,0,0,0,0,0,0,0,0,0,0,0,0,0,2,2,30,1,1,2,1,0,0,1,17,1,1,1,87,0,0
17,170454,1,2,1,4,8,3,37,12,1,1,0,17,3,87,881,87881,66,1995,1XPFDE8XXSN3,1,X,P,F,D,E,8,X,X,S,N,3,1,T,PTRB,378,TR,95,17,,8,0,0,CON,D,,,6,629,,,,,00000,00,,64,1,57,164168,57164168,3,6,4,1,0,0,0,0,0,0,0,998,0,0,0,6,6,6,2,12,0,0,0,1,17,60608,6,1,6,3,2,0,70,200,0,0,0,0,0,0,0,0,0,1,28,0,0,0,3,3,45,1,1,1,1,98,3,2,18,1,1,1,29,0,0
17,170454,2,2,1,4,8,3,37,12,1,1,0,17,3,35,51,35051,6,2011,JN8AS5MV8BW6,J,N,8,A,S,5,M,V,8,B,W,6,0,P,NISS,ROG,UT,11,17,3435,,0,1059,,G,,F,4,153,,,16R215,,,,,,0,0,000000000,00000000000,0,0,0,1,0,0,0,0,0,0,0,998,1,0,0,12,12,6,2,12,0,0,0,1,17,60465,6,1,0,0,3,0,69,150,0,0,0,0,1,5,2009,5,2009,1,26,0,0,0,3,3,45,1,1,1,1,98,3,1,51,1,1,1,28,1,0
17,170455,1,2,3,13,8,7,16,12,6,1,0,17,2,52,34,52034,4,2003,4A3AA46H63E1,4,A,3,A,A,4,6,H,6,3,E,1,0,P,MITS,ELG,4D,3,17,3296,,0,1037,,G,,F,6,183,,,15R195,,,,,,0,0,000000000,00000000000,0,0,0,1,0,0,0,0,0,0,0,998,0,0,0,12,12,6,2,12,0,0,0,1,17,61021,6,1,0,0,3,0,68,215,0,0,0,0,0,0,0,0,0,0,38,39,0,0,1,2,55,1,2,2,1,20,3,1,17,1,1,1,86,1,0