STATE,ST_CASE,VEH_NO,VE_FORMS,NUMOCCS,DAY,MONTH,HOUR,MINUTE,HARM_EV,MAN_COLL,UNITTYPE,HIT_RUN,REG_STAT,OWNER,MAKE,MODEL,MAK_MOD,BODY_TYP,MOD_YEAR,VIN,VIN_1,VIN_2,VIN_3,VIN_4,VIN_5,VIN_6,VIN_7,VIN_8,VIN_9,VIN_10,VIN_11,VIN_12,TOW_VEH,VINTYPE,VINMAKE,VINA_MOD,VIN_BT,VINMODYR,VIN_LNGT,VIN_WGT,WGTCD_TR,WHLBS_LG,WHLBS_SH,SER_TR,FUELCODE,MCYCL_DS,CARBUR,CYLINDER,DISPLACE,MCYCL_CY,MCYCL_WT,TIRE_SZE,TON_RAT,TRK_WT,TRKWTVAR,VIN_REST,WHLDRWHL,J_KNIFE,MCARR_I1,MCARR_I2,MCARR_ID,GVWR,V_CONFIG,CARGO_BT,HAZ_INV,HAZ_PLAC,HAZ_ID,HAZ_CNO,HAZ_REL,BUS_USE,SPEC_USE,EMER_USE,TRAV_SP,UNDERIDE,ROLLOVER,ROLINLOC,IMPACT1,IMPACT2,DEFORMED,TOWED,M_HARM,VEH_SC1,VEH_SC2,FIRE_EXP,DR_PRES,L_STATE,DR_ZIP,L_STATUS,L_TYPE,CDL_STAT,L_ENDORS,L_COMPL,L_RESTRI,DR_HGT,DR_WGT,PREV_ACC,PREV_SUS,PREV_DWI,PREV_SPD,PREV_OTH,FIRST_MO,FIRST_YR,LAST_MO,LAST_YR,SPEEDREL,DR_SF1,DR_SF2,DR_SF3,DR_SF4,VTRAFWAY,VNUM_LAN,VSPD_LIM,VALIGN,VPROFILE,VPAVETYP,VSURCOND,VTRAFCON,VTCONT_F,P_CRASH1,P_CRASH2,P_CRASH3,PCRASH4,PCRASH5,ACC_TYPE,DEATHS,DR_DRINK
17,170490,1,1,1,8,9,0,34,31,0,1,0,17,2,55,35,55035,4,2005,KMHDN46DX5U0,K,M,H,D,N,4,6,D,X,5,U,0,0,P,HYUN,EST,4D,5,17,2635,,0,1027,,G,,F,4,121,,,15R195,,,,,,0,0,000000000,00000000000,0,0,0,1,0,0,0,0,0,0,0,998,0,0,0,12,12,6,2,42,0,0,0,1,17,62930,0,0,0,0,0,0,999,999,0,0,0,0,0,0,0,0,0,1,52,0,0,0,1,2,55,1,1,2,1,0,0,1,6,1,1,4,1,1,1
17,170491,1,2,1,8,9,11,25,12,6,1,0,17,1,22,441,22441,20,2000,1GMDX13E1YD3,1,G,M,D,X,1,3,E,1,Y,D,3,0,T,PONT,LUX,ES,0,17,,1,0,1200,MON,G,,,6,207,,,,B,3942,00,K,42,0,0,000000000,00000000000,0,0,0,1,0,0,0,0,0,0,0,5,0,0,0,62,11,6,2,12,0,0,0,1,17,61021,6,1,0,0,3,0,66,260,0,0,0,0,0,0,0,0,0,0,39,0,0,0,3,4,45,1,1,2,1,20,3,10,17,1,1,1,78,0,0
17,170491,2,2,1,8,9,11,25,12,6,1,0,17,1,73,706,73706,80,2003,JKAZG9B163B5,J,K,A,Z,G,9,B,1,6,3,B,5,0,M,KAWK,ZGB,RS,3,17,,,,,,,1200,,4,,4,728,,,,,,,0,0,000000000,00000000000,0,0,0,1,0,0,0,0,0,0,0,45,0,0,0,12,12,6,2,12,0,0,0,1,17,61021,6,1,0,0,3,3,69,210,0,0,0,0,0,0,0,0,0,0,0,0,0,0,3,4,55,1,1,2,1,0,0,1,17,1,1,1,79,1,0
17,170492,1,1,2,3,7,2,53,10,0,1,0,17,1,12,481,12481,31,2007,1FTPX12V57NA,1,F,T,P,X,1,2,V,5,7,N,A,0,T,FORD,F15,4C,7,17,,2,1630,1330,COF,F,,,8,329,,,,B,4979,05,E,42,0,0,000000000,00000000000,0,0,0,1,0,0,0,0,0,0,0,998,0,0,0,12,12,6,2,10,0,0,0,1,17,60188,1,1,0,0,2,3,71,190,0,0,0,0,1,5,2011,5,2011,1,39,0,0,0,1,2,40,1,1,2,1,65,3,1,90,1,1,1,15,1,1
17,170493,1,2,2,26,7,19,59,12,6,1,0,17,2,49,43,49043,4,1995,4T1GB11E4SU0,4,T,1,G,B,1,1,E,4,S,U,0,0,P,TOYT,UAS,4D,95,17,3265,,0,1071,,G,,F,6,183,,,15R205,,,,,,0,0,000000000,00000000000,0,0,0,1,0,0,0,0,0,0,0,998,0,0,0,12,12,6,2,12,0,0,0,1,17,60634,0,0,0,0,0,0,999,999,0,0,0,0,0,0,0,0,0,1,39,0,0,0,1,4,99,1,1,2,1,2,3,1,3,1,1,1,88,1,0
17,170493,2,2,2,26,7,19,59,12,6,1,0,17,3,20,421,20421,15,2009,1GNEC03049R1,1,G,N,E,C,0,3,0,4,9,R,1,0,P,CHEV,CTA,UT,9,17,5265,,0,1160,,F,,F,8,323,,,17R265,,,,,,0,0,000000000,00000000000,0,0,0,1,0,0,0,0,0,0,0,998,0,0,0,9,9,6,2,12,0,0,0,1,17,60644,6,1,0,0,3,0,70,170,0,0,0,0,0,0,0,0,0,0,0,0,0,0,1,4,99,1,1,2,1,2,3,1,66,1,1,1,89,0,0
17,170494,1,1,1,10,7,1,16,33,0,1,0,17,1,72,706,72706,80,2007,1HD1KB4107Y6,1,H,D,1,K,B,4,1,0,7,Y,6,0,M,HD,FHX,RS,7,17,,,,,,,1584,,2,,4,733,,,,,,,0,0,000000000,00000000000,0,0,0,1,0,0,0,0,0,0,0,998,0,0,0,12,12,6,2,1,0,0,0,1,17,60538,6,1,0,0,3,0,67,200,0,0,0,1,0,6,2011,6,2011,0,83,0,0,0,3,4,45,1,1,2,1,0,0,1,12,1,1,4,6,1,1
17,170495,1,2,1,30,8,17,32,12,8,1,0,17,2,12,23,12023,4,2009,1FAHP23W49G1,1,F,A,H,P,2,3,W,4,9,G,1,0,P,FORD,TSE,4D,9,17,3643,,0,1129,,G,,F,6,214,,,17R215,,,,,,0,0,000000000,00000000000,0,0,0,1,0,0,0,0,0,0,0,998,0,0,0,61,61,6,2,12,0,0,0,1,17,62220,6,1,0,0,3,0,62,165,0,0,0,0,0,0,0,0,0,0,51,0,0,0,1,2,55,1,1,2,1,0,0,1,10,1,1,2,64,0,0
17,170495,2,2,1,30,8,17,32,12,8,1,0,17,1,22,2,22002,4,1998,1G2HX52K9WH2,1,G,2,H,X,5,2,K,9,W,H,2,0,P,PONT,BVS,4D,98,17,3487,,0,1108,,G,,F,6,231,,,15R215,,,,,,0,0,000000000,00000000000,0,0,0,1,0,0,0,0,0,0,0,998,0,1,5,61,61,6,2,1,0,0,0,1,17,62298,6,1,0,0,3,0,66,190,0,0,0,0,0,0,0,0,0,0,0,0,0,0,1,2,55,1,1,2,1,0,0,1,62,1,1,1,65,1,0
17,170496,1,3,1,24,7,17,7,12,6,1,0,17,2,12,401,12401,14,1993,1FMCU24X9PUD,1,F,M,C,U,2,4,X,9,P,U,D,0,P,FORD,EPR,UT,93,17,3890,,0,1020,,G,,F,6,245,,,15R225,,,,,,0,0,000000000,00000000000,0,0,0,1,0,0,0,0,0,0,0,998,0,0,0,11,11,6,2,12,0,0,1,1,17,60084,2,1,0,0,2,2,999,999,0,1,0,0,0,1,2009,1,2009,0,38,74,0,0,1,2,40,1,1,2,1,0,0,11,15,1,1,2,68,0,1
17,170496,2,3,1,24,7,17,7,12,6,1,0,55,1,72,706,72706,80,1990,1HD1BML15LY0,1,H,D,1,B,M,L,1,5,L,Y,0,0,M,HD,FLF,RS,90,17,,,,,,,1340,,2,,4,650,,,,,,,0,0,000000000,00000000000,0,0,0,1,0,0,0,0,0,0,0,998,0,0,0,12,12,6,2,12,0,0,1,1,55,53147,6,1,0,0,3,0,73,225,1,0,0,0,0,11,2008,11,2008,0,0,0,0,0,1,2,40,1,1,2,1,0,0,1,71,1,1,1,69,1,1
17,170496,3,3,2,24,7,17,7,12,6,1,0,17,2,55,33,55033,4,2010,5NPET4AC9AH6,5,N,P,E,T,4,A,C,9,A,H,6,0,P,HYUN,SGL,4D,10,17,3292,,0,1074,,G,,F,4,144,,,16R215,,,,,,0,0,000000000,00000000000,0,0,0,1,0,0,0,0,0,0,0,998,0,0,0,11,11,6,2,12,0,0,1,1,17,60042,6,1,0,0,3,3,62,150,0,0,0,0,0,0,0,0,0,0,0,0,0,0,1,2,40,1,1,2,1,0,0,1,71,1,1,1,98,0,0
17,170497,1,3,1,8,7,9,45,12,6,1,0,17,1,20,2,20002,4,2001,2G1WH55K7192,2,G,1,W,H,5,5,K,7,1,9,2,0,P,CHEV,IPL,4D,1,17,3466,,0,1105,,G,,F,6,231,,,16R225,,,,,,0,0,000000000,00000000000,0,0,0,1,0,0,0,0,0,0,0,998,0,0,0,12,12,6,2,12,0,0,0,1,17,60411,6,1,0,0,3,3,69,180,0,0,0,0,0,0,0,0,0,1,28,0,0,0,2,6,40,1,1,2,1,3,3,10,16,1,1,2,80,1,0
17,170497,2,3,1,8,7,9,45,12,6,1,0,18,1,37,402,37402,14,2003,JHLRD78853C0,J,H,L,R,D,7,8,8,5,3,C,0,0,P,HOND,CRV,UT,3,17,3287,,0,1031,,G,,F,4,146,,,15R205,,,,,,0,0,000000000,00000000000,0,0,0,1,0,0,0,0,0,0,0,0,0,0,0,7,7,2,1,12,0,0,0,1,18,46410,6,1,0,0,3,0,65,131,0,0,0,0,0,0,0,0,0,0,0,0,0,0,2,6,40,1,1,2,1,3,3,5,66,1,1,1,81,0,0
17,170497,3,3,1,8,7,9,45,12,6,1,0,18,1,7,25,7025,5,2010,1B3CB4HA0AD6,1,B,3,C,B,4,H,A,0,A,D,6,0,P,DODG,CXT,4D,10,17,3039,,0,1037,,G,,F,4,122,,,17R215,,,,,,0,0,000000000,00000000000,0,0,0,1,0,0,0,0,0,0,0,0,0,0,0,11,11,6,2,12,0,0,0,1,18,46410,6,1,0,0,3,3,63,145,0,0,0,0,0,0,0,0,0,0,0,0,0,0,2,6,40,1,1,2,1,3,3,5,66,1,1,1,98,0,0
17,170498,1,2,1,19,8,7,25,12,2,1,0,17,2,7,20,7020,4,1999,1B3ES47Y7XD1,1,B,3,E,S,4,7,Y,7,X,D,1,0,P,DODG,NHR,4D,99,17,2416,,0,1040,,G,,F,4,122,,,14R185,,,,,,0,0,000000000,00000000000,0,0,0,1,0,0,0,0,0,0,0,998,0,0,0,12,12,6,2,12,0,0,0,1,17,62869,6,2,0,0,3,0,70,159,0,0,0,0,0,0,0,0,0,0,28,52,0,0,1,2,55,3,1,2,1,0,0,14,13,6,2,2,50,1,0
17,170498,2,2,1,19,8,7,25,12,2,1,0,40,3,12,881,12881,61,2008,1FDAF57R08EE,1,F,D,A,F,5,7,R,0,8,E,E,0,T,FORD,F5D,CB,8,17,,5,2010,1410,DRW,D,,,8,390,,,,D,6933,04,U,44,0,88,888888888,88888888888,2,1,96,1,0,0,0,0,0,0,0,998,0,0,0,12,12,6,2,12,0,0,0,1,17,62827,6,1,6,3,3,3,67,220,0,0,0,0,0,0,0,0,0,0,0,0,0,0,1,2,55,2,1,2,1,0,0,14,62,1,1,1,51,0,0
17,170499,1,2,2,17,8,19,13,12,6,1,0,17,2,76,739,76739,90,2003,000000000000,0,0,0,0,0,0,0,0,0,0,0,0,0,,,,,,,,,,,,,,,,,,,,,,,,,0,0,000000000,00000000000,0,0,0,1,0,0,0,0,0,0,0,998,0,0,0,9,9,6,2,12,0,0,0,1,17,62341,0,0,0,0,0,0,999,999,0,0,0,0,0,0,0,0,0,0,38,52,0,0,1,2,55,1,1,2,1,20,3,1,17,1,1,1,89,1,0
17,170499,2,2,2,17,8,19,13,12,6,1,0,17,1,12,481,12481,31,2002,1FTNW21FX2EB,1,F,T,N,W,2,1,F,X,2,E,B,0,T,FORD,F2S,CW,2,17,,2,1724,1562,SRW,D,,,8,444,,,,C,6234,04,E,44,0,0,000000000,00000000000,0,0,0,1,0,0,0,0,0,0,0,998,0,0,0,12,12,6,2,12,0,0,0,1,17,62354,6,1,0,0,3,3,72,170,0,0,0,1,0,5,2010,5,2010,0,0,0,0,0,1,2,55,1,1,2,1,0,0,1,54,8,2,2,88,0,0
17,170500,1,2,3,28,8,3,10,12,1,1,0,17,2,20,16,20016,2,1997,1G1JC1240VM1,1,G,1,J,C,1,2,4,0,V,M,1,0,P,CHEV,C/S,CP,97,17,2584,,0,1041,,G,,F,4,133,,,14R195,,,,,,0,0,000000000,00000000000,0,0,0,1,0,0,0,0,0,0,0,0,0,0,0,6,6,6,2,12,0,0,0,1,17,60628,6,1,0,0,3,0,70,145,0,0,0,0,0,0,0,0,0,0,52,54,0,0,3,3,55,1,1,1,1,0,0,5,53,1,1,1,21,3,0
17,170500,2,2,2,28,8,3,10,12,1,1,0,17,1,49,403,49403,14,2003,JTEHF21A0301,J,T,E,H,F,2,1,A,0,3,0,1,0,P,TOYT,HIG,UT,3,17,3880,,0,1069,,G,,F,6,183,,,16R225,,,,,,0,0,000000000,00000000000,0,0,0,1,0,0,0,0,0,0,0,998,0,0,0,12,12,6,2,12,0,0,0,1,17,60417,6,1,0,0,3,0,68,200,0,0,0,1,0,6,2009,6,2009,1,0,0,0,0,3,3,55,1,1,1,1,0,0,1,50,1,1,1,20,0,0
17,170501,1,2,1,30,7,0,22,12,6,1,0,53,3,84,881,84881,66,2007,2HSCNAPR77C3,2,H,S,C,N,A,P,R,7,7,C,3,1,T,INTL,94I,TR,7,17,,8,0,0,940,D,,,6,915,,,,,00000,00,,64,1,57,27935,5727935,3,6,3,1,0,0,0,0,0,0,0,55,0,0,0,83,83,6,2,12,0,0,0,1,29,63534,6,1,6,0,3,0,71,200,0,0,0,0,0,0,0,0,0,0,39,0,0,0,1,2,55,1,2,2,1,20,3,1,17,1,1,1,87,0,0
17,170501,2,2,2,30,7,0,22,12,6,1,0,17,2,2,402,2402,14,1979,JPM83AC03747,J,P,M,8,3,A,C,0,3,7,4,7,0,T,AMER,CJ5,UT,79,13,,1,0,835,JEE,G,,,6,258,,,,,2623,01,,44,0,0,000000000,00000000000,0,0,0,1,0,0,0,0,0,0,0,55,0,1,5,12,12,6,2,12,0,0,1,1,17,61501,6,1,6,1,3,0,68,160,0,0,0,0,0,0,0,0,0,0,0,0,0,0,1,2,55,1,2,2,1,0,0,1,17,1,1,1,86,2,0
17,170502,1,1,1,19,8,17,30,1,0,1,0,17,1,76,703,76703,80,2009,LPRSE13Y39A5,L,P,R,S,E,1,3,Y,3,9,A,5,0,M,YAMA,YJV,MS,9,17,,,,,,,124,,1,,4,240,,,,,,,0,0,000000000,00000000000,0,0,0,1,0,0,0,0,0,0,0,998,0,0,0,0,0,6,2,1,0,0,0,1,17,62231,6,1,0,0,3,0,66,165,0,0,0,0,0,0,0,0,0,1,52,0,0,0,1,2,55,1,1,2,1,0,0,1,6,3,2,1,98,1,0
17,170503,1,2,1,12,9,16,2,12,2,1,0,17,2,21,17,21017,4,1993,1G3AG54N7P64,1,G,3,A,G,5,4,N,7,P,6,4,0,P,OLDS,CIS,4D,93,17,2776,,0,1049,,G,,F,6,204,,,14R185,,,,,,0,0,000000000,00000000000,0,0,0,1,0,0,0,0,0,0,0,998,0,0,0,12,12,6,2,12,0,0,1,1,17,62234,6,1,0,0,3,0,77,213,0,0,0,0,0,0,0,0,0,1,51,0,0,0,1,2,35,1,1,2,1,0,0,6,10,1,1,2,50,1,0
17,170503,2,2,3,12,9,16,2,12,2,1,0,17,1,7,442,7442,20,1998,2B4GP45G1WR6,2,B,4,G,P,4,5,G,1,W,R,6,0,P,DODG,CAR,SV,98,17,3574,,0,1133,,F,,F,6,201,,,15R215,,,,,,0,0,000000000,00000000000,0,0,0,1,0,0,0,0,0,0,0,998,0,0,0,12,12,6,2,12,0,0,1,1,17,62234,6,1,0,0,3,0,71,190,0,0,0,0,0,0,0,0,0,0,0,0,0,0,1,2,35,1,1,2,1,0,0,1,54,1,1,1,51,0,0
17,170504,1,2,1,29,8,9,50,12,7,1,0,17,2,59,32,59032,4,1997,JT8BH28F1V00,J,T,8,B,H,2,8,F,1,V,0,0,0,P,LEXS,LS4,4D,97,17,3726,,0,1122,,G,,F,8,242,,,16R225,,,,,,0,0,000000000,00000000000,0,0,0,1,0,0,0,0,0,0,0,998,0,0,0,2,2,6,2,12,0,0,0,1,17,60044,6,1,0,0,3,0,61,146,0,0,0,0,0,0,0,0,0,0,28,0,0,0,3,4,65,1,1,1,1,0,0,15,9,1,4,2,44,1,1
17,170504,2,2,1,29,8,9,50,12,7,1,0,55,3,87,881,87881,66,2003,1XP5DB9X33N5,1,X,P,5,D,B,9,X,3,3,N,5,1,T,PTRB,379,TR,3,17,,8,0,0,CON,D,,,6,893,,,,,00000,00,,64,1,57,00046587,5700046587,3,6,4,1,0,0,0,0,0,0,0,998,0,0,0,7,7,6,2,12,0,0,0,1,55,53146,6,1,6,0,3,0,70,250,0,0,0,0,0,0,0,0,0,0,0,0,0,0,3,4,65,1,1,1,1,0,0,1,61,1,1,1,45,0,0
17,170505,1,3,2,29,8,15,40,12,1,1,0,17,1,72,706,72706,80,2002,1HD1FCW182Y6,1,H,D,1,F,C,W,1,8,2,Y,6,0,M,HD,FLU,RS,2,17,,,,,,,1450,,2,,4,788,,,,,,,0,0,000000000,00000000000,0,0,0,1,0,0,0,0,0,0,0,998,0,0,0,12,12,6,2,12,0,0,0,1,17,60409,6,1,0,0,3,0,70,210,0,0,0,0,0,0,0,0,0,1,26,0,0,0,1,2,55,1,1,2,1,0,0,1,50,1,1,1,20,1,0
17,170505,2,3,1,29,8,15,40,12,1,1,0,17,1,37,32,37032,4,2012,1HGCP2F83CA0,1,H,G,C,P,2,F,8,3,C,A,0,0,P,HOND,AXL,4D,12,17,3421,,0,1102,,G,,F,4,146,,,17R225,,,,,,0,0,000000000,00000000000,0,0,0,1,0,0,0,0,0,0,0,0,0,0,0,6,6,6,2,12,0,0,0,1,17,60901,6,1,0,0,3,0,63,175,0,0,0,0,0,0,0,0,0,0,0,0,0,0,1,2,55,1,1,2,1,0,0,5,53,1,1,1,21,0,0
17,170505,3,3,1,29,8,15,40,12,1,1,0,17,2,12,442,12442,20,2003,2FMZA51453BA,2,F,M,Z,A,5,1,4,5,3,B,A,0,T,FORD,WLX,ES,3,17,,1,0,1207,WIN,G,,,6,232,,,,B,3762,00,E,42,0,0,000000000,00000000000,0,0,0,1,0,0,0,0,0,0,0,0,0,0,0,6,6,2,1,12,0,0,0,1,17,61364,6,1,0,0,3,3,66,130,0,0,0,0,0,0,0,0,0,0,0,0,0,0,1,2,55,1,1,2,1,0,0,5,53,1,1,1,98,0,0
17,170506,1,1,1,30,8,4,40,42,0,1,0,18,2,12,481,12481,31,1986,1FTDF15Y8GKA,1,F,T,D,F,1,5,Y,8,G,K,A,0,T,FORD,F15,PK,86,17,,1,1330,1170,COF,G,,,6,300,,,,B,4013,00,A,42,0,0,000000000,00000000000,0,0,0,1,0,0,0,0,0,0,0,998,0,0,0,12,12,6,2,42,0,0,0,1,17,62439,6,1,0,0,3,0,67,219,0,0,0,0,0,0,0,0,0,0,28,0,0,0,1,2,55,1,1,2,1,0,0,1,12,1,1,4,6,1,0
17,170507,1,2,1,26,8,14,11,18,0,1,0,48,1,35,481,35481,31,2008,1N6BA06A48N3,1,N,6,B,A,0,6,A,4,8,N,3,0,T,NISS,TXS,PC,8,17,,2,0,1398,TTN,F,,,8,342,,,,B,4844,00,4,42,0,0,000000000,00000000000,0,0,0,1,0,0,0,0,0,0,0,998,0,0,0,12,12,6,2,12,0,0,0,1,48,77449,6,1,0,0,3,3,999,999,1,0,0,0,0,8,2009,8,2009,1,28,0,0,0,2,4,65,1,1,1,1,98,3,1,6,9,2,4,7,1,1
17,170507,2,2,3,26,8,14,11,18,0,1,0,26,3,85,881,85881,66,2011,1XKAD49XXBJ2,1,X,K,A,D,4,9,X,X,B,J,2,1,T,KW,T60,TR,11,17,,8,2600,1600,CON,D,,,6,915,,,,,00000,00,,64,1,57,169993,57169993,3,6,1,1,0,0,0,0,0,0,0,998,0,1,3,10,10,6,2,1,0,0,1,1,26,49046,6,1,6,3,3,0,71,185,0,0,0,0,0,0,0,0,0,0,0,0,0,0,2,4,65,1,1,1,1,98,3,15,62,1,2,2,98,0,0
17,170508,1,1,1,4,9,6,2,8,0,1,0,4,6,20,481,20481,31,2004,1GCJC33244F2,1,G,C,J,C,3,3,2,4,4,F,2,0,T,CHEV,SC3,CW,4,17,,3,0,1670,SIL,D,,,8,403,,,,D,6168,00,,42,0,0,000000000,00000000000,0,0,0,1,0,0,0,0,0,0,0,1,0,0,0,7,14,2,1,8,0,0,0,0,0,99997,7,6,97,7,6,7,998,997,998,998,998,998,998,98,9998,98,9998,8,0,0,0,0,3,2,65,1,1,2,2,0,0,0,11,0,0,0,15,0,0
17,170509,1,3,1,12,9,11,20,12,2,1,0,17,1,37,706,37706,80,1981,1HFSC0209BA1,1,H,F,S,C,0,2,0,9,B,A,1,0,M,HOND,G10,RS,81,17,,,,,,,1085,,4,,4,588,,,,,,,0,0,000000000,00000000000,0,0,0,1,0,0,0,0,0,0,0,50,0,0,0,12,12,6,2,12,0,0,0,1,17,60050,6,1,0,0,3,0,75,450,0,0,0,1,0,5,2011,5,2011,1,39,0,0,0,2,4,45,1,2,2,1,3,3,1,17,1,1,1,83,1,0
17,170509,2,3,2,12,9,11,20,12,2,1,0,17,1,7,482,7482,31,1999,3B7HC12YXXG2,3,B,7,H,C,1,2,Y,X,X,G,2,0,T,DODG,150,PC,99,17,,2,1547,1387,RPC,G,,,8,318,,,,B,4525,02,U,42,0,0,000000000,00000000000,0,0,0,1,0,0,0,0,0,0,0,998,0,0,0,12,12,6,2,12,0,0,0,1,17,60097,6,1,0,0,3,3,70,175,0,0,0,0,0,0,0,0,0,0,0,0,0,0,2,4,45,1,2,2,1,3,3,11,66,1,1,2,82,0,0
17,170509,3,3,1,12,9,11,20,12,2,1,0,17,3,20,881,20881,61,2005,1GBJC34U45E2,1,G,B,J,C,3,4,U,4,5,E,2,0,T,CHEV,SC3,CB,5,17,,3,1615,1370,SIL,G,,,8,366,,,,D,5530,00,,42,0,88,888888888,88888888888,2,1,4,1,0,0,0,0,0,0,0,0,0,0,0,62,62,6,2,12,0,0,0,1,17,60097,6,1,0,0,3,3,67,200,0,0,0,0,0,0,0,0,0,0,0,0,0,0,2,4,45,1,2,2,1,3,3,5,66,1,1,1,98,0,0
17,170510,1,2,1,13,9,4,22,12,6,1,0,17,3,18,7,18007,4,2003,2G4WS52J4312,2,G,4,W,S,5,2,J,4,3,1,2,0,P,BUIC,CCU,4D,3,17,3368,,0,1090,,G,,F,6,191,,,15R205,,,,,,0,0,000000000,00000000000,0,0,0,1,0,0,0,0,0,0,0,998,0,0,0,3,12,6,2,12,0,0,0,1,17,62557,6,1,0,0,3,3,67,130,0,0,0,0,0,0,0,0,0,0,39,0,0,0,1,2,55,1,1,2,1,20,3,1,17,1,1,1,87,1,0
17,170510,2,2,1,13,9,4,22,12,6,1,0,18,3,82,881,82881,66,2009,1FUJA6CV79LA,1,F,U,J,A,6,C,V,7,9,L,A,1,T,FRHT,COL,TR,9,17,,8,0,0,CON,D,,,6,782,,,,,00000,00,,64,1,99,999999999,99999999999,3,6,1,1,0,0,0,0,0,0,0,998,0,0,0,12,12,6,2,12,0,0,0,1,17,62557,6,1,6,3,3,0,71,260,0,0,0,0,1,2,2009,2,2009,0,0,0,0,0,1,2,55,1,1,2,1,0,0,1,66,1,1,1,86,0,0
17,170511,1,2,1,27,8,14,0,12,6,1,0,17,1,53,705,53705,80,1998,JS1GN78A5W21,J,S,1,G,N,7,8,A,5,W,2,1,0,M,SUZI,G60,RC,98,17,,,,,,,600,,4,,4,383,,,,,,,0,0,000000000,00000000000,0,0,0,1,0,0,0,0,0,0,0,998,0,0,0,12,12,6,2,12,0,0,0,1,17,62526,6,1,0,0,3,0,78,285,0,0,0,0,0,0,0,0,0,1,35,0,0,0,1,2,55,1,1,1,1,0,0,6,51,1,1,2,73,1,0
17,170511,2,2,1,27,8,14,0,12,6,1,0,17,2,20,481,20481,31,2000,1GCGK24R6YR1,1,G,C,G,K,2,4,R,6,Y,R,1,0,T,CHEV,GK2,PK,0,17,,2,0,1315,GM4,G,,,8,350,,,,C,5165,00,,44,0,0,000000000,00000000000,0,0,0,1,0,0,0,0,0,0,0,998,0,0,0,63,63,6,2,12,0,0,0,1,17,62568,6,1,0,0,3,0,66,180,0,0,0,0,0,0,0,0,0,0,0,0,0,0,1,2,55,1,1,2,1,0,0,11,60,1,1,2,72,0,0
17,170512,1,2,2,15,9,12,32,12,6,1,0,17,1,59,31,59031,4,1999,JT8BF28G1X02,J,T,8,B,F,2,8,G,1,X,0,2,0,P,LEXS,ES3,4D,99,17,3351,,0,1051,,G,,F,6,183,,,15R205,,,,,,0,0,000000000,00000000000,0,0,0,1,0,0,0,0,0,0,0,998,0,0,0,12,12,6,2,12,0,0,0,1,17,61107,6,1,0,0,3,0,64,140,0,0,0,0,0,0,0,0,0,0,38,0,0,0,2,4,45,1,1,2,1,3,3,11,17,1,1,1,68,2,0
17,170512,2,2,1,15,9,12,32,12,6,1,0,17,2,52,34,52034,4,2004,4A3AB36F64E1,4,A,3,A,B,3,6,F,6,4,E,1,0,P,MITS,ELM,4D,4,17,3351,,0,1083,,G,,F,4,146,,,16R215,,,,,,0,0,000000000,00000000000,0,0,0,1,0,0,0,0,0,0,0,998,0,0,0,3,3,6,2,12,0,0,0,1,17,61114,6,1,0,0,3,3,74,170,0,0,0,0,0,0,0,0,0,0,0,0,0,0,2,4,45,1,1,2,1,3,3,1,67,1,1,2,69,0,0
17,170513,1,1,1,27,8,12,1,1,0,1,0,17,1,2,404,2404,14,2000,1J4GW48N5YC1,1,J,4,G,W,4,8,N,5,Y,C,1,0,T,JEEP,LRO,4W,0,17,,1,0,1059,GCK,G,,,8,287,,,,,3847,01,E,44,0,0,000000000,00000000000,0,0,0,1,0,0,0,0,0,0,0,69,0,2,1,0,13,6,2,1,0,0,0,1,17,62702,6,1,0,0,3,3,68,152,0,0,0,0,0,0,0,0,0,1,28,0,0,0,3,4,65,1,1,1,1,0,0,1,6,9,1,1,98,1,0
17,170514,1,2,1,23,8,13,30,12,6,1,0,17,2,20,9,20009,2,1993,2G1FP22P0P21,2,G,1,F,P,2,2,P,0,P,2,1,0,P,CHEV,Z28,CP,93,17,3373,,0,1010,,G,,F,8,350,,,16R235,,,,,,0,0,000000000,00000000000,0,0,0,1,0,0,0,0,0,0,0,998,0,0,0,9,9,6,2,12,0,0,0,1,17,61472,6,1,0,0,3,0,71,270,0,0,0,1,0,11,2010,11,2010,1,38,39,0,0,1,2,55,1,2,2,1,20,3,1,17,1,1,1,89,1,1
17,170514,2,2,1,23,8,13,30,12,6,1,0,17,1,12,481,12481,31,2002,1FTRW08LX2KC,1,F,T,R,W,0,8,L,X,2,K,C,0,T,FORD,F1S,CW,2,17,,2,0,1388,COF,G,,,8,330,,,,B,5005,02,E,44,0,0,000000000,00000000000,0,0,0,1,0,0,0,0,0,0,0,998,0,0,0,12,12,6,2,12,0,0,0,1,17,61465,6,1,0,0,3,3,62,170,0,0,0,0,0,0,0,0,0,0,0,0,0,0,1,2,55,1,2,2,1,0,0,1,66,1,1,1,88,0,0
17,170515,1,1,1,30,8,14,24,17,0,1,0,17,1,72,706,72706,80,2003,1HD1BHY183Y0,1,H,D,1,B,H,Y,1,8,3,Y,0,0,M,HD,FXT,RS,3,17,,,,,,,1450,,2,,4,629,,,,,,,0,0,000000000,00000000000,0,0,0,1,0,0,0,0,0,0,0,998,0,0,0,12,12,6,2,17,0,0,0,1,17,62896,6,1,0,0,3,0,70,165,1,0,0,0,0,11,2010,11,2010,1,28,52,0,0,1,2,55,2,1,2,1,0,0,14,9,1,1,5,1,1,0