STATE,ST_CASE,VEH_NO,VE_FORMS,NUMOCCS,DAY,MONTH,HOUR,MINUTE,HARM_EV,MAN_COLL,UNITTYPE,HIT_RUN,REG_STAT,OWNER,MAKE,MODEL,MAK_MOD,BODY_TYP,MOD_YEAR,VIN,VIN_1,VIN_2,VIN_3,VIN_4,VIN_5,VIN_6,VIN_7,VIN_8,VIN_9,VIN_10,VIN_11,VIN_12,TOW_VEH,VINTYPE,VINMAKE,VINA_MOD,VIN_BT,VINMODYR,VIN_LNGT,VIN_WGT,WGTCD_TR,WHLBS_LG,WHLBS_SH,SER_TR,FUELCODE,MCYCL_DS,CARBUR,CYLINDER,DISPLACE,MCYCL_CY,MCYCL_WT,TIRE_SZE,TON_RAT,TRK_WT,TRKWTVAR,VIN_REST,WHLDRWHL,J_KNIFE,MCARR_I1,MCARR_I2,MCARR_ID,GVWR,V_CONFIG,CARGO_BT,HAZ_INV,HAZ_PLAC,HAZ_ID,HAZ_CNO,HAZ_REL,BUS_USE,SPEC_USE,EMER_USE,TRAV_SP,UNDERIDE,ROLLOVER,ROLINLOC,IMPACT1,IMPACT2,DEFORMED,TOWED,M_HARM,VEH_SC1,VEH_SC2,FIRE_EXP,DR_PRES,L_STATE,DR_ZIP,L_STATUS,L_TYPE,CDL_STAT,L_ENDORS,L_COMPL,L_RESTRI,DR_HGT,DR_WGT,PREV_ACC,PREV_SUS,PREV_DWI,PREV_SPD,PREV_OTH,FIRST_MO,FIRST_YR,LAST_MO,LAST_YR,SPEEDREL,DR_SF1,DR_SF2,DR_SF3,DR_SF4,VTRAFWAY,VNUM_LAN,VSPD_LIM,VALIGN,VPROFILE,VPAVETYP,VSURCOND,VTRAFCON,VTCONT_F,P_CRASH1,P_CRASH2,P_CRASH3,PCRASH4,PCRASH5,ACC_TYPE,DEATHS,DR_DRINK
17,170516,1,1,2,2,9,0,15,1,0,1,0,17,2,72,706,72706,80,2001,1HD1FDV141Y6,1,H,D,1,F,D,V,1,4,1,Y,6,0,M,HD,FHR,RS,1,17,,,,,,,1450,,2,,4,723,,,,,,,0,0,000000000,00000000000,0,0,0,1,0,0,0,0,0,0,0,998,0,0,0,0,61,6,2,1,0,0,0,1,17,60447,6,1,0,0,3,0,72,195,0,0,0,0,0,0,0,0,0,0,36,0,0,0,3,2,65,1,1,2,1,0,0,1,9,1,1,1,98,1,1
17,170517,1,1,1,2,9,6,10,8,0,1,0,17,1,49,401,49401,14,1988,JT4RN62D1J01,J,T,4,R,N,6,2,D,1,J,0,1,0,P,TOYT,RUN,UT,88,17,3421,,0,1030,,G,,F,4,144,,,000000,,,,,,0,0,000000000,00000000000,0,0,0,1,0,0,0,0,0,0,0,65,0,0,0,12,12,2,1,8,0,0,0,1,17,60181,6,1,0,0,3,0,71,160,0,0,0,0,0,0,0,0,0,0,30,0,0,0,3,3,55,1,1,2,1,0,0,1,80,1,1,1,13,0,0
17,170518,1,2,1,26,8,21,19,1,0,1,0,17,1,37,705,37705,80,2004,JH2PC37094M1,J,H,2,P,C,3,7,0,9,4,M,1,0,M,HOND,B60,RC,4,17,,,,,,,599,,4,,4,370,,,,,,,0,0,000000000,00000000000,0,0,0,1,0,0,0,0,0,0,0,998,0,0,0,0,98,6,2,1,0,0,0,1,17,60504,6,1,0,0,3,0,77,270,1,0,0,0,1,5,2009,10,2009,1,36,0,0,0,3,4,65,1,1,1,1,0,0,1,51,3,2,2,98,1,0
17,170518,2,2,1,26,8,21,19,1,0,1,0,17,3,12,881,12881,61,2007,3FRLL45Z57V6,3,F,R,L,L,4,5,Z,5,7,V,6,0,T,FORD,450,TB,7,17,,4,0,0,LCF,D,,,6,275,,,,D,00000,00,A,42,0,57,00532000,5700532000,2,1,3,1,0,0,0,0,0,0,0,998,0,0,0,2,81,2,1,12,0,0,0,1,17,60016,6,1,0,0,3,3,64,155,0,0,0,0,1,9,2009,9,2009,0,0,0,0,0,3,4,65,1,1,1,1,0,0,1,60,6,1,2,98,0,0
17,170519,1,1,1,2,9,9,10,9,0,1,0,17,1,6,441,6441,20,2004,2C4GP54L64R5,2,C,4,G,P,5,4,L,6,4,R,5,0,T,CHRY,TOU,ES,4,17,,1,0,1193,TWC,G,,,6,230,,,,,4071,00,,42,0,0,000000000,00000000000,0,0,0,1,0,0,0,0,0,0,0,998,0,0,0,12,12,2,1,9,0,0,0,1,17,62321,6,1,0,0,3,3,62,138,0,0,0,0,0,0,0,0,0,0,38,0,0,0,1,2,55,1,1,2,1,0,0,1,83,1,1,1,13,0,0
17,170520,1,2,1,2,9,21,20,12,6,1,0,19,1,7,461,7461,21,1985,2B4HB11T5FK2,2,B,4,H,B,1,1,T,5,F,K,2,0,P,DODG,RMW,SV,85,17,3804,,1276,1096,,G,,2,8,318,,,000000,,,,,,0,0,000000000,00000000000,0,0,0,1,0,0,0,0,0,0,0,998,0,0,0,12,12,6,2,12,0,0,0,1,19,52802,6,1,6,0,3,3,68,200,0,0,0,0,0,0,0,0,0,0,28,0,0,0,2,4,65,1,2,1,1,0,0,1,10,1,1,6,64,1,0
17,170520,2,2,2,2,9,21,20,12,6,1,0,17,3,51,881,51881,66,2007,4V4NC9GH07N4,4,V,4,N,C,9,G,H,0,7,N,4,1,T,VOLV,VNL,TR,7,17,,8,0,0,VVN,D,,,6,732,,,,,00000,00,,64,1,57,2090127,572090127,3,6,1,1,0,0,0,0,0,0,0,998,0,0,0,10,10,6,2,12,0,0,0,1,17,60638,6,1,6,0,3,3,68,200,0,0,0,0,0,0,0,0,0,0,0,0,0,0,2,2,65,1,2,1,1,0,0,1,62,1,1,1,65,0,0
17,170521,1,1,1,5,9,1,30,34,0,1,0,17,1,22,18,22018,4,1999,1G2NE52E2XM7,1,G,2,N,E,5,2,E,2,X,M,7,0,P,PONT,GAS,4D,99,17,3102,,0,1071,,G,,F,6,207,,,15R215,,,,,,0,0,000000000,00000000000,0,0,0,1,0,0,0,0,0,0,0,89,0,1,5,12,12,6,2,1,0,0,0,1,17,60444,6,1,0,0,3,3,69,165,0,0,0,0,0,0,0,0,0,1,36,27,0,0,1,2,55,1,1,2,1,0,0,1,10,1,4,4,7,1,1
17,170522,1,3,1,2,9,16,55,25,0,1,0,18,3,51,883,51883,66,2000,4V4ND1RH5YN2,4,V,4,N,D,1,R,H,5,Y,N,2,1,T,VOLV,VVN,TR,0,17,,8,0,0,VVN,D,,,6,774,,,,,00000,00,,64,1,57,00122443,5700122443,3,6,3,1,0,0,0,0,0,0,0,60,0,0,0,12,12,6,2,12,0,0,0,1,18,46383,6,1,6,3,3,0,71,250,0,0,0,0,0,0,0,0,0,0,52,0,0,0,3,4,55,1,1,2,1,98,8,1,8,3,2,4,98,0,0
17,170522,2,3,1,2,9,16,55,25,0,1,0,17,1,12,401,12401,14,1999,1FMZU34E3XUA,1,F,M,Z,U,3,4,E,3,X,U,A,0,P,FORD,EPR,UT,99,17,4128,,0,1116,,G,,F,6,245,,,15R225,,,,,,0,0,000000000,00000000000,0,0,0,1,0,0,0,0,0,0,0,998,0,0,0,12,98,6,2,12,0,0,1,1,17,60411,6,1,0,0,3,3,70,300,0,0,0,0,0,0,0,0,0,0,0,0,0,0,3,4,55,1,1,2,1,98,8,1,62,1,1,1,98,1,0
17,170522,3,3,1,2,9,16,55,25,0,1,0,18,1,12,17,12017,4,1998,1FAFP52SXWG2,1,F,A,F,P,5,2,S,X,W,G,2,0,P,FORD,TLS,4D,98,17,3359,,0,1085,,G,,F,6,182,,,15R205,,,,,,0,0,000000000,00000000000,0,0,0,1,0,0,0,0,0,0,0,998,0,0,0,12,12,2,1,54,0,0,0,1,18,46356,6,1,3,0,3,3,59,110,0,0,0,0,0,0,0,0,0,0,0,0,0,0,3,4,55,1,1,2,1,98,8,3,62,10,1,1,98,0,0
17,170523,1,1,1,20,5,12,9,1,0,1,0,17,1,99,734,99734,90,2008,4XADN76A08A2,4,X,A,D,N,7,6,A,0,8,A,2,0,M,POLS,S8T,AT,8,17,,,,,,,760,,2,,4,795,,,,,,,0,0,000000000,00000000000,0,0,0,1,0,0,0,0,0,0,0,998,0,1,5,0,0,4,1,1,0,0,0,1,17,60901,6,1,0,0,3,0,63,118,0,0,0,0,0,0,0,0,0,1,36,0,0,0,1,2,55,1,1,2,1,0,0,1,6,1,7,5,2,1,0
17,170524,1,2,1,9,9,12,33,12,2,1,0,17,1,14,36,14036,4,1994,3MARM15J0RR6,3,M,A,R,M,1,5,J,0,R,R,6,0,P,MERC,TTO,SW,94,17,2476,,0,984,,G,,F,4,114,,,14R175,,,,,,0,0,000000000,00000000000,0,0,0,1,0,0,0,0,0,0,0,5,0,0,0,12,12,6,2,12,0,0,0,1,17,61863,6,1,0,0,3,3,60,145,0,0,0,0,0,0,0,0,0,0,38,0,0,0,2,4,45,1,1,1,1,2,3,11,55,1,1,2,82,1,0
17,170524,2,2,2,9,9,12,33,12,2,1,0,17,2,18,398,18398,4,2005,3G5DAQ3E05S5,3,G,5,D,A,Q,3,E,0,5,S,5,0,P,BUIC,RZV,UT,5,17,4096,,0,1122,,G,,F,6,207,,,16R215,,,,,,0,0,000000000,00000000000,0,0,0,1,0,0,0,0,0,0,0,45,0,0,0,12,12,6,2,12,0,0,0,1,17,61813,6,1,0,0,3,3,72,172,0,0,0,1,1,10,2010,11,2010,0,0,0,0,0,2,4,45,1,1,2,1,2,3,1,55,1,1,1,83,0,0
17,170525,1,1,1,10,9,6,15,20,0,1,0,39,3,82,881,82881,66,1993,1FUYDCYB9PH4,1,F,U,Y,D,C,Y,B,9,P,H,4,1,T,FRHT,FLD,TR,93,17,,8,0,0,CON,D,,,6,855,,,,,00000,00,,64,1,57,81363,5781363,3,6,3,1,0,0,0,0,0,0,0,998,0,1,5,12,12,6,2,2,0,0,1,1,21,42301,6,1,6,0,3,3,72,212,0,0,0,0,0,0,0,0,0,0,28,0,0,0,3,2,45,2,2,1,1,98,8,14,12,1,1,4,6,1,0
17,170526,1,2,1,3,7,20,30,12,2,1,0,17,1,20,39,20039,4,2010,KL1TD5DE7AB0,K,L,1,T,D,5,D,E,7,A,B,0,0,P,CHEV,LTS,4D,10,17,2568,,0,976,,G,,F,4,098,,,14R185,,,,,,0,0,000000000,00000000000,0,0,0,1,0,0,0,0,0,0,0,998,0,0,0,12,12,4,1,12,0,0,0,1,17,60628,6,1,0,0,3,0,999,999,0,0,0,0,0,0,0,0,0,0,38,0,0,0,1,4,35,1,1,2,1,2,3,11,17,1,1,2,68,0,0
17,170526,2,2,2,3,7,20,30,12,2,1,0,17,1,73,705,73705,80,2007,JKAZX4P147A0,J,K,A,Z,X,4,P,1,4,7,A,0,0,M,KAWK,ZXP,RC,7,17,,,,,,,599,,4,,4,368,,,,,,,0,0,000000000,00000000000,0,0,0,1,0,0,0,0,0,0,0,35,0,0,0,12,12,6,2,12,0,0,0,1,17,60629,6,1,0,0,3,3,71,175,0,0,0,1,0,7,2009,7,2009,0,0,0,0,0,1,4,35,1,1,2,1,2,3,1,55,1,1,1,69,1,0
17,170527,1,1,6,17,7,16,13,42,0,1,0,17,2,12,423,12423,15,2005,1FMNU41S55EB,1,F,M,N,U,4,1,S,5,5,E,B,0,P,FORD,EXC,UT,5,17,7087,,0,1371,,G,,F,10,415,,,16R265,,,,,,0,0,000000000,00000000000,0,0,0,1,0,0,0,0,0,0,0,998,0,0,0,12,12,6,2,2,0,0,1,1,17,60073,6,1,0,0,3,0,67,155,0,0,0,0,0,0,0,0,0,1,36,0,0,0,1,2,20,1,1,2,1,0,0,1,13,1,1,4,1,1,0
17,170528,1,2,2,16,7,19,41,12,6,1,0,17,2,12,401,12401,14,2001,1FMYU70E51UB,1,F,M,Y,U,7,0,E,5,1,U,B,0,P,FORD,EPR,UT,1,17,3959,,0,1018,,G,,F,6,245,,,15R235,,,,,,0,0,000000000,00000000000,0,0,0,1,0,0,0,0,0,0,0,998,0,0,0,3,3,6,2,12,0,0,0,1,17,60629,1,1,0,0,2,3,67,130,0,4,0,0,5,8,2008,9,2009,0,48,0,0,0,2,4,35,1,1,2,1,0,0,11,17,1,1,2,68,0,1
17,170528,2,2,1,16,7,19,41,12,6,1,0,17,1,72,706,72706,80,2005,1HD1CGP135K4,1,H,D,1,C,G,P,1,3,5,K,4,0,M,HD,20C,RS,5,17,,,,,,,1199,,2,,4,554,,,,,,,0,0,000000000,00000000000,0,0,0,1,0,0,0,0,0,0,0,35,0,0,0,12,12,6,2,12,0,0,0,1,17,60419,6,1,0,0,3,0,62,150,0,0,0,0,0,0,0,0,0,0,0,0,0,0,2,4,35,1,1,2,1,0,0,15,55,9,1,2,69,1,0
17,170529,1,2,1,25,7,11,57,12,2,1,0,17,2,49,32,49032,4,1994,JT2AE04B7R00,J,T,2,A,E,0,4,B,7,R,0,0,0,P,TOYT,COA,4D,94,17,2359,,0,970,,G,,F,4,097,,,14R175,,,,,,0,0,000000000,00000000000,0,0,0,1,0,0,0,0,0,0,0,998,0,0,0,12,12,2,1,12,0,0,0,1,17,60621,6,1,0,0,3,0,60,150,0,0,0,0,0,0,0,0,0,0,38,0,0,0,1,4,45,1,1,2,1,0,0,11,15,1,1,2,68,0,0
17,170529,2,2,1,25,7,11,57,12,2,1,0,17,1,55,33,55033,4,2003,KMHWF25SX3A7,K,M,H,W,F,2,5,S,X,3,A,7,0,P,HYUN,SOL,4D,3,17,3181,,0,1063,,G,,F,4,143,,,15R205,,,,,,0,0,000000000,00000000000,0,0,0,1,0,0,0,0,0,0,0,998,0,0,0,12,12,6,2,30,0,0,0,1,17,60653,6,1,0,0,3,3,67,170,0,0,0,0,0,0,0,0,0,0,0,0,0,0,1,4,45,1,1,2,1,0,0,1,71,1,1,1,69,1,0
17,170530,1,1,1,29,7,21,10,9,0,1,0,28,1,12,16,12016,4,1998,2FAFP74W2WX1,2,F,A,F,P,7,4,W,2,W,X,1,0,P,FORD,CVL,4D,98,17,3927,,0,1144,,G,,F,8,281,,,15R225,,,,,,0,0,000000000,00000000000,0,0,0,1,0,0,0,0,0,0,0,998,0,0,0,12,12,2,1,9,0,0,0,1,17,60153,6,1,0,0,3,0,70,225,0,0,0,0,0,0,0,0,0,0,0,0,0,0,1,2,25,1,1,2,1,0,0,1,83,1,1,1,13,0,0
17,170531,1,1,1,8,7,7,46,8,0,1,0,17,1,2,405,2405,14,2005,1J4GL38KX5W7,1,J,4,G,L,3,8,K,X,5,W,7,0,T,JEEP,RNG,4W,5,17,,1,0,1043,LIB,G,,,6,226,,,,,4011,00,E,44,0,0,000000000,00000000000,0,0,0,1,0,0,0,0,0,0,0,998,0,0,0,12,12,2,1,8,0,0,0,1,17,60013,6,1,0,0,3,3,63,130,0,0,0,0,0,0,0,0,0,0,38,0,0,0,1,2,25,1,1,2,1,20,3,11,15,1,1,2,13,0,0
17,170532,1,2,1,19,7,16,44,12,6,1,0,18,2,20,403,20403,14,2004,1GNDT13XX4K1,1,G,N,D,T,1,3,X,X,4,K,1,0,P,CHEV,BZR,UT,4,17,4134,,0,1070,,G,,F,6,262,,,16R235,,,,,,0,0,000000000,00000000000,0,0,0,1,0,0,0,0,0,0,0,998,0,0,0,3,3,6,2,12,0,0,0,1,17,60643,6,1,0,0,3,0,62,140,0,0,0,0,0,0,0,0,0,0,38,0,0,0,1,2,30,1,1,2,1,0,0,11,15,1,1,2,68,0,0
17,170532,2,2,1,19,7,16,44,12,6,1,0,17,1,37,705,37705,80,2006,JH2PC37126M3,J,H,2,P,C,3,7,1,2,6,M,3,0,M,HOND,B60,RC,6,17,,,,,,,599,,4,,4,361,,,,,,,0,0,000000000,00000000000,0,0,0,1,0,0,0,0,0,0,0,998,0,0,0,12,12,6,2,12,0,0,0,1,17,60619,6,1,0,0,3,0,71,205,0,0,0,0,0,0,0,0,0,0,0,0,0,0,1,2,30,1,1,2,1,0,0,1,54,1,1,1,69,1,0
17,170533,1,1,1,13,7,15,10,24,0,1,0,19,1,37,704,37704,80,2009,JH2SC59059K1,J,H,2,S,C,5,9,0,5,9,K,1,0,M,HOND,CBS,RC,9,17,,,,,,,999,,4,,4,439,,,,,,,0,0,000000000,00000000000,0,0,0,1,0,0,0,0,0,0,0,998,0,0,0,12,12,9,9,24,0,0,0,1,19,52722,6,1,0,0,3,3,69,150,0,0,0,0,0,0,0,0,0,1,28,0,0,0,6,1,45,2,2,1,1,0,0,14,6,1,2,4,2,1,0
17,170534,1,1,1,11,8,2,30,8,0,1,1,99,9,99,999,99999,99,9999,999999999999,9,9,9,9,9,9,9,9,9,9,9,9,9,,,,,,,,,,,,,,,,,,,,,,,,,0,99,999999999,99999999999,9,99,99,1,0,0,0,0,99,99,9,999,9,0,0,12,12,2,1,8,99,99,0,1,99,99999,9,9,99,9,9,9,999,999,99,99,99,99,99,99,9999,99,9999,9,99,99,99,99,1,4,25,1,1,2,1,0,0,1,80,1,1,1,13,0,0
17,170535,1,1,5,13,8,23,38,1,0,1,0,17,1,22,22,22022,2,2008,1G2ZH17N3841,1,G,2,Z,H,1,7,N,3,8,4,1,0,P,PONT,GGT,CP,8,17,3415,,0,1123,,G,,F,6,214,,,17R225,,,,,,0,0,000000000,00000000000,0,0,0,1,0,0,0,0,0,0,0,998,0,1,5,0,13,6,2,1,0,0,0,1,17,60803,6,1,0,0,3,0,64,135,0,0,0,0,0,0,0,0,0,1,26,36,0,0,1,2,55,3,1,2,1,0,0,14,6,9,3,4,2,1,1
17,170536,1,1,1,17,9,0,30,42,0,1,0,17,1,12,4,12004,2,1995,1FALP62W0SH1,1,F,A,L,P,6,2,W,0,S,H,1,0,P,FORD,THL,2D,95,17,3536,,0,1130,,G,,F,8,281,,,15R205,,,,,,0,0,000000000,00000000000,0,0,0,1,0,0,0,0,0,0,0,998,0,1,5,12,12,6,2,1,0,0,0,1,17,60475,6,1,0,0,3,3,75,185,0,0,0,0,1,2,2011,2,2011,1,36,0,0,0,1,2,55,1,1,2,1,0,0,99,13,1,1,4,1,1,1
17,170537,1,3,1,13,9,19,41,12,1,1,0,17,2,21,401,21401,14,2000,1GHDT13W5Y21,1,G,H,D,T,1,3,W,5,Y,2,1,0,P,OLDS,BRA,UT,0,17,4068,,0,1070,,G,,F,6,262,,,15R235,,,,,,0,0,000000000,00000000000,0,0,0,1,0,0,0,0,0,0,0,998,0,0,0,12,12,6,2,12,0,0,0,1,17,62269,6,1,0,0,3,3,64,140,0,0,0,0,0,0,0,0,0,1,36,0,0,0,2,2,45,1,1,2,1,1,3,1,50,1,1,1,20,1,1
17,170537,2,3,1,13,9,19,41,12,1,1,0,17,2,34,34,34034,4,2006,WBAVB13506PT,W,B,A,V,B,1,3,5,0,6,P,T,0,P,BMW,325,4D,6,17,3285,,0,1087,,G,,F,6,182,,,16R205,,,,,,0,0,000000000,00000000000,0,0,0,1,0,0,0,0,0,0,0,0,0,0,0,6,6,6,2,12,0,0,0,1,17,62258,6,1,0,0,3,3,68,150,0,0,0,0,0,0,0,0,0,0,0,0,0,0,2,2,45,1,1,2,1,1,3,5,53,1,1,1,21,0,0
17,170537,3,3,1,13,9,19,41,12,1,1,0,17,1,20,37,20037,4,2005,1G1ZT548X5F2,1,G,1,Z,T,5,4,8,X,5,F,2,0,P,CHEV,M/L,4D,5,17,3297,,0,1063,,G,,F,6,214,,,15R205,,,,,,0,0,000000000,00000000000,0,0,0,1,0,0,0,0,0,0,0,0,0,0,0,6,6,2,1,12,0,0,0,1,17,62265,6,1,0,0,3,3,68,162,0,0,0,0,0,0,0,0,0,0,0,0,0,0,2,2,45,1,1,2,1,1,3,5,53,1,1,1,98,0,0
17,170538,1,1,2,31,8,23,25,1,0,1,0,55,1,12,423,12423,15,2001,1FMSU41F81EB,1,F,M,S,U,4,1,F,8,1,E,B,1,P,FORD,EXC,UT,1,17,7083,,0,1371,,D,,T,8,444,,,16R265,,,,,,3,0,000000000,00000000000,0,0,0,1,0,0,0,0,0,0,0,998,0,1,3,0,98,6,2,1,0,0,1,1,55,53586,6,1,6,3,3,3,70,225,1,0,0,0,0,4,2010,4,2010,0,28,0,0,0,3,2,65,1,1,1,1,0,0,1,12,7,1,4,6,1,0
17,170539,1,2,3,28,8,19,58,12,2,1,0,17,1,20,16,20016,4,2001,1G1JC524X172,1,G,1,J,C,5,2,4,X,1,7,2,0,P,CHEV,CAC,4D,1,17,2676,,0,1041,,C,,F,4,133,,,14R195,,,,,,0,0,000000000,00000000000,0,0,0,1,0,0,0,0,0,0,0,72,0,0,0,12,12,6,2,12,0,0,0,1,17,60448,6,1,0,0,3,3,72,160,0,0,0,0,0,0,0,0,0,1,28,0,0,0,1,2,55,1,1,2,1,0,0,1,10,1,1,2,50,0,1
17,170539,2,2,3,28,8,19,58,12,2,1,0,17,1,20,16,20016,4,2004,1G1JC52F0471,1,G,1,J,C,5,2,F,0,4,7,1,0,P,CHEV,CAV,4D,4,17,2676,,0,1041,,G,,F,4,134,,,14R195,,,,,,0,0,000000000,00000000000,0,0,0,1,0,0,0,0,0,0,0,998,0,0,0,12,12,6,2,12,0,0,0,1,17,60008,6,1,0,0,3,3,62,145,0,0,0,0,0,0,0,0,0,0,0,0,0,0,1,2,55,1,1,2,1,0,0,1,62,9,1,2,51,2,0
17,170540,1,1,1,7,9,15,1,42,0,1,0,19,3,85,881,85881,66,2002,1XKTD49X52J8,1,X,K,T,D,4,9,X,5,2,J,8,1,T,KW,T20,TR,2,17,,8,2600,1900,CON,D,,,6,915,,,,,00000,00,,64,1,57,341213,57341213,3,6,1,1,0,0,0,0,0,0,0,998,0,0,0,12,12,6,2,42,0,0,0,1,19,52641,6,1,6,3,3,0,66,150,0,0,0,0,0,0,0,0,0,0,28,0,0,0,2,2,65,1,1,1,1,0,0,1,12,1,1,4,6,1,0
17,170541,1,1,1,25,7,19,25,25,0,1,0,17,1,72,706,72706,80,2002,1HD1FFW1X2Y6,1,H,D,1,F,F,W,1,X,2,Y,6,0,M,HD,TCI,RS,2,17,,,,,,,1450,,2,,4,776,,,,,,,0,0,000000000,00000000000,0,0,0,1,0,0,0,0,0,0,0,998,0,0,0,12,12,6,2,25,0,0,0,1,17,61847,6,1,0,0,3,3,71,200,0,0,0,0,0,0,0,0,0,0,36,0,0,0,3,2,55,1,1,2,1,0,0,1,12,1,1,4,6,1,1
17,170542,1,1,1,17,8,9,46,1,0,1,0,55,1,53,706,53706,80,2006,JS1GW71A0621,J,S,1,G,W,7,1,A,0,6,2,1,0,M,SUZI,GXR,RC,6,17,,,,,,,1298,,4,,4,478,,,,,,,0,0,000000000,00000000000,0,0,0,1,0,0,0,0,0,0,0,998,0,0,0,0,98,6,2,1,0,0,0,1,55,53511,6,1,0,0,3,0,71,250,0,0,0,0,0,0,0,0,0,1,28,0,0,0,2,2,55,3,2,2,1,0,0,14,99,99,9,4,98,1,1
17,170543,1,1,1,19,8,23,48,44,0,1,0,17,1,72,706,72706,80,2002,1HD1HAZ192K8,1,H,D,1,H,A,Z,1,9,2,K,8,0,M,HD,VRA,RS,2,17,,,,,,,1130,,2,,4,596,,,,,,,0,0,000000000,00000000000,0,0,0,1,0,0,0,0,0,0,0,998,0,0,0,0,0,6,2,44,0,0,0,1,17,60431,6,1,0,0,3,3,72,185,0,0,0,0,0,0,0,0,0,1,36,39,0,0,2,2,45,1,1,1,1,40,3,1,98,1,1,1,0,1,0
17,170544,1,3,1,17,8,13,0,12,1,1,0,17,3,86,881,86881,66,2007,1M2AT04Y07M0,1,M,2,A,T,0,4,Y,0,7,M,0,1,T,MACK,CTP,TR,7,17,,8,0,0,700,D,,,6,659,,,,,00000,00,,64,1,57,01999502,5701999502,3,6,4,1,0,0,0,0,0,0,0,998,0,1,1,12,12,6,2,1,0,0,0,1,17,62959,6,1,6,0,3,0,81,270,0,0,0,0,0,0,0,0,0,1,39,0,0,0,2,4,55,1,1,2,1,1,3,1,17,1,1,1,24,1,0
17,170544,2,3,1,17,8,13,0,12,1,1,0,17,2,20,443,20443,20,2001,1GNDX03E11D3,1,G,N,D,X,0,3,E,1,1,D,3,0,T,CHEV,VTR,ES,1,17,,1,0,1200,VTR,G,,,6,207,,,,,3838,00,,42,0,0,000000000,00000000000,0,0,0,1,0,0,0,0,0,0,0,998,0,0,0,6,6,6,2,12,0,0,0,1,17,62918,6,1,0,0,3,0,70,195,0,0,0,0,0,0,0,0,0,0,0,0,0,0,2,4,55,1,1,2,1,1,3,2,53,1,1,1,25,0,0
17,170544,3,3,2,17,8,13,0,12,1,1,0,17,1,12,481,12481,31,2007,1FTPX14V27FA,1,F,T,P,X,1,4,V,2,7,F,A,0,T,FORD,F15,4C,7,17,,2,1630,1330,COF,F,,,8,329,,,,B,4297,16,E,44,0,0,000000000,00000000000,0,0,0,1,0,0,0,0,0,0,0,0,0,0,0,6,6,6,2,12,0,0,0,1,17,62890,6,1,0,0,3,3,69,198,0,0,0,0,0,0,0,0,0,0,0,0,0,0,2,4,55,1,1,2,1,1,3,5,53,1,1,1,98,0,0
17,170545,1,1,1,12,9,11,15,8,0,1,0,17,3,84,881,84881,66,2005,1HSHXAHR45J0,1,H,S,H,X,A,H,R,4,5,J,0,1,T,INTL,860,TR,5,17,,8,0,0,80S,D,,,6,661,,,,,00000,00,,64,1,57,00853517,5700853517,3,6,1,1,0,0,0,0,0,0,0,998,0,0,0,4,4,6,2,8,0,0,0,1,17,60609,6,1,6,0,3,0,64,195,0,0,0,1,0,2,2009,2,2009,0,28,52,0,0,6,1,30,2,1,1,1,98,9,14,13,1,1,4,13,0,0
17,170546,1,1,2,11,9,23,3,5,0,1,0,17,2,2,403,2403,14,2000,1J4FA49SXYP7,1,J,4,F,A,4,9,S,X,Y,P,7,0,T,JEEP,SPW,2W,0,17,,1,0,934,W/T,G,,,6,244,,,,,3195,00,U,44,0,0,000000000,00000000000,0,0,0,1,0,0,0,0,0,0,0,998,0,0,0,0,0,0,1,5,0,0,0,1,17,61364,6,1,0,0,3,3,74,185,0,0,0,0,0,0,0,0,0,1,27,0,0,0,1,2,55,1,1,2,1,0,0,11,98,1,1,2,0,1,1
17,170547,1,2,1,20,9,16,35,12,2,1,0,29,2,49,40,49040,4,1997,4T1BG22K5VU7,4,T,1,B,G,2,2,K,5,V,U,7,0,P,TOYT,UEX,4D,97,17,2976,,0,1051,,G,,F,4,132,,,14R195,,,,,,0,0,000000000,00000000000,0,0,0,1,0,0,0,0,0,0,0,998,0,0,0,12,12,6,2,12,0,0,0,1,29,63122,6,1,0,0,3,0,68,140,0,0,0,0,0,0,0,0,0,0,28,0,0,0,1,2,55,3,2,2,1,0,0,14,10,1,1,2,50,1,0
17,170547,2,2,1,20,9,16,35,12,2,1,0,17,3,82,881,82881,66,2003,1FUJAHBD43LL,1,F,U,J,A,H,B,D,4,3,L,L,1,T,FRHT,FLD,TR,3,17,,8,0,0,CON,D,,,6,855,,,,,00000,00,,64,1,57,1825754,571825754,3,6,1,1,0,0,0,0,0,0,0,998,0,0,0,12,12,6,2,12,0,0,0,1,17,62249,6,1,6,0,3,0,68,210,0,0,0,0,0,0,0,0,0,0,0,0,0,0,1,2,55,3,2,2,1,0,0,14,62,6,1,2,51,0,0
17,170548,1,1,4,17,9,0,41,35,0,1,0,17,2,21,22,21022,4,2001,1G3GS64C5141,1,G,3,G,S,6,4,C,5,1,4,1,0,P,OLDS,AU4,4D,1,17,3803,,0,1122,,G,,F,8,244,,,17R235,,,,,,0,0,000000000,00000000000,0,0,0,1,0,0,0,0,0,0,0,998,0,1,5,12,98,6,2,1,0,0,0,1,17,60637,2,1,0,0,2,3,71,165,0,2,0,1,1,9,2008,10,2009,1,28,0,0,0,3,3,55,2,1,1,1,0,0,14,6,1,2,4,2,2,1
17,170549,1,2,1,13,8,23,40,12,6,1,0,40,1,35,472,35472,30,2007,1N6AD07U77C4,1,N,6,A,D,0,7,U,7,7,C,4,0,T,NISS,CEO,CW,7,17,,1,0,1259,FRT,G,,,6,244,,,,,5690,00,K,42,0,0,000000000,00000000000,0,0,0,1,0,0,0,0,0,0,0,5,0,0,0,82,12,4,3,12,0,0,0,1,17,62864,6,1,0,0,3,0,77,195,0,0,0,0,0,0,0,0,0,0,47,0,0,0,1,2,55,1,1,2,1,0,0,1,15,1,1,1,87,0,0