STATE,ST_CASE,VEH_NO,VE_FORMS,NUMOCCS,DAY,MONTH,HOUR,MINUTE,HARM_EV,MAN_COLL,UNITTYPE,HIT_RUN,REG_STAT,OWNER,MAKE,MODEL,MAK_MOD,BODY_TYP,MOD_YEAR,VIN,VIN_1,VIN_2,VIN_3,VIN_4,VIN_5,VIN_6,VIN_7,VIN_8,VIN_9,VIN_10,VIN_11,VIN_12,TOW_VEH,VINTYPE,VINMAKE,VINA_MOD,VIN_BT,VINMODYR,VIN_LNGT,VIN_WGT,WGTCD_TR,WHLBS_LG,WHLBS_SH,SER_TR,FUELCODE,MCYCL_DS,CARBUR,CYLINDER,DISPLACE,MCYCL_CY,MCYCL_WT,TIRE_SZE,TON_RAT,TRK_WT,TRKWTVAR,VIN_REST,WHLDRWHL,J_KNIFE,MCARR_I1,MCARR_I2,MCARR_ID,GVWR,V_CONFIG,CARGO_BT,HAZ_INV,HAZ_PLAC,HAZ_ID,HAZ_CNO,HAZ_REL,BUS_USE,SPEC_USE,EMER_USE,TRAV_SP,UNDERIDE,ROLLOVER,ROLINLOC,IMPACT1,IMPACT2,DEFORMED,TOWED,M_HARM,VEH_SC1,VEH_SC2,FIRE_EXP,DR_PRES,L_STATE,DR_ZIP,L_STATUS,L_TYPE,CDL_STAT,L_ENDORS,L_COMPL,L_RESTRI,DR_HGT,DR_WGT,PREV_ACC,PREV_SUS,PREV_DWI,PREV_SPD,PREV_OTH,FIRST_MO,FIRST_YR,LAST_MO,LAST_YR,SPEEDREL,DR_SF1,DR_SF2,DR_SF3,DR_SF4,VTRAFWAY,VNUM_LAN,VSPD_LIM,VALIGN,VPROFILE,VPAVETYP,VSURCOND,VTRAFCON,VTCONT_F,P_CRASH1,P_CRASH2,P_CRASH3,PCRASH4,PCRASH5,ACC_TYPE,DEATHS,DR_DRINK
17,170614,2,2,1,27,8,7,26,12,2,1,0,17,1,12,17,12017,4,2010,1FAHP3FN5AW2,1,F,A,H,P,3,F,N,5,A,W,2,0,P,FORD,FSE,4D,10,17,2623,,0,1029,,G,,F,4,122,,,15R195,,,,,,0,0,000000000,00000000000,0,0,0,1,0,0,0,0,0,0,0,30,0,0,0,12,12,6,2,12,0,0,0,1,17,60477,6,1,0,0,3,3,61,175,0,0,0,0,0,0,0,0,0,0,0,0,0,0,1,2,35,2,1,2,1,0,0,14,62,1,1,1,51,1,0
17,170615,1,3,1,2,10,9,16,12,7,1,0,17,1,22,20,22020,4,2002,1G2WP52K82F2,1,G,2,W,P,5,2,K,8,2,F,2,0,P,PONT,GPG,4D,2,17,3496,,0,1105,,G,,F,6,231,,,16R225,,,,,,0,0,000000000,00000000000,0,0,0,1,0,0,0,0,0,0,0,998,0,0,0,62,62,2,1,12,0,0,0,1,17,60827,6,1,0,0,3,0,65,130,0,0,0,1,0,12,2010,12,2010,0,28,52,0,0,3,5,55,1,1,1,1,0,0,15,10,1,1,2,47,0,0
17,170615,2,3,2,2,10,9,16,12,7,1,0,17,2,34,401,34401,14,2001,WBAFA53571LM,W,B,A,F,A,5,3,5,7,1,L,M,0,P,BMW,BX5,UT,1,17,4519,,0,1110,,G,,F,6,182,,,18R235,,,,,,0,0,000000000,00000000000,0,0,0,1,0,0,0,0,0,0,0,998,0,1,1,83,83,6,2,1,0,0,0,1,17,60649,6,1,0,0,3,3,67,150,0,0,0,0,0,0,0,0,0,0,0,0,0,0,3,5,55,1,1,1,1,0,0,15,60,1,1,2,46,1,1
17,170615,3,3,2,2,10,9,16,12,7,1,0,26,1,23,422,23422,15,2011,1GKS2EEFXBR2,1,G,K,S,2,E,E,F,X,B,R,2,0,T,GMC,NAL,4W,11,17,,2,0,1160,YUK,F,,,8,378,,,,B,5894,00,S,44,0,0,000000000,00000000000,0,0,0,1,0,0,0,0,0,0,0,998,0,0,0,12,12,6,2,12,0,0,0,1,26,48429,6,1,0,0,3,3,70,190,0,0,0,0,0,0,0,0,0,0,0,0,0,0,3,5,55,1,1,1,1,0,0,1,60,1,1,1,98,0,0
17,170616,1,2,1,29,8,15,57,12,6,1,0,17,1,21,398,21398,4,1995,1G3HN52K3SH3,1,G,3,H,N,5,2,K,3,S,H,3,0,P,OLDS,88R,4D,95,17,3439,,0,1108,,G,,F,6,231,,,15R205,,,,,,0,0,000000000,00000000000,0,0,0,1,0,0,0,0,0,0,0,998,0,0,0,10,10,6,2,12,0,0,0,1,17,62301,6,1,0,0,3,3,70,210,0,0,0,1,0,3,2009,3,2009,0,38,39,0,0,2,4,55,1,1,2,1,20,3,1,17,1,1,1,89,1,0
17,170616,2,2,1,29,8,15,57,12,6,1,0,17,3,86,881,86881,66,1995,1M1AA13Y1SW0,1,M,1,A,A,1,3,Y,1,S,W,0,0,T,MACK,CH6,TR,95,17,,8,0,0,600,D,,,6,728,,,,,00000,00,,64,0,57,000525802,57000525802,3,5,96,1,0,0,0,0,0,0,0,998,0,0,0,12,12,6,2,12,0,0,0,1,17,62338,6,1,6,1,3,0,75,345,0,0,0,0,0,0,0,0,0,0,0,0,0,0,2,4,55,1,1,2,1,0,0,1,66,1,1,1,88,0,0
17,170617,1,2,1,21,10,23,6,12,2,1,0,17,2,13,2,13002,2,1997,1LNLM92V0VY6,1,L,N,L,M,9,2,V,0,V,Y,6,0,P,LINC,ML8,CP,97,17,3785,,0,1130,,G,,F,8,281,,,16R225,,,,,,0,0,000000000,00000000000,0,0,0,1,0,0,0,0,0,0,0,998,0,0,0,12,12,6,2,12,0,0,0,1,17,62233,1,1,0,0,2,3,69,175,0,1,0,0,0,5,2011,5,2011,0,28,0,0,0,1,2,55,2,2,2,1,0,0,14,10,1,1,2,50,1,1
17,170617,2,2,1,21,10,23,6,12,2,1,0,17,3,82,881,82881,66,1999,1FUYDSEB4XPF,1,F,U,Y,D,S,E,B,4,X,P,F,1,T,FRHT,FLD,TR,99,17,,8,0,0,CON,D,,,6,774,,,,,00000,00,,64,1,57,395405,57395405,3,6,4,1,0,0,0,0,0,0,0,998,0,0,0,12,12,6,2,12,0,0,0,1,17,62812,6,1,6,3,3,3,73,200,0,0,0,0,0,0,0,0,0,0,0,0,0,0,1,2,55,2,2,2,1,0,0,14,62,1,1,1,51,0,0
17,170618,1,2,1,30,9,5,45,12,6,1,0,17,1,37,31,37031,4,2009,19XFA16819E0,1,9,X,F,A,1,6,8,1,9,E,0,0,P,HOND,UAX,4D,9,17,2747,,0,1063,,G,,F,4,110,,,16R205,,,,,,0,0,000000000,00000000000,0,0,0,1,0,0,0,0,0,0,0,998,0,0,0,9,9,6,2,12,0,0,0,1,17,60073,6,1,0,0,3,3,69,180,0,0,0,0,1,4,2010,4,2010,0,39,38,0,0,2,4,55,1,3,2,1,20,3,1,17,1,1,1,89,1,1
17,170618,2,2,1,30,9,5,45,12,6,1,0,17,3,87,881,87881,66,1998,1XPFDU9X7WN4,1,X,P,F,D,U,9,X,7,W,N,4,1,T,PTRB,378,TR,98,17,,8,0,0,CON,D,,,6,733,,,,,00000,00,,64,1,17,000144506,17000144506,3,6,1,1,0,0,0,0,0,0,0,998,0,0,0,12,12,6,2,12,0,0,0,1,17,60060,6,1,6,1,3,0,73,290,0,0,0,0,0,0,0,0,0,0,0,0,0,0,2,4,55,1,3,2,1,0,0,1,66,1,1,1,88,0,0
17,170619,1,1,2,26,10,0,15,34,0,1,0,17,2,23,471,23471,30,2002,1GKDT13S0224,1,G,K,D,T,1,3,S,0,2,2,4,0,T,GMC,ENV,4W,2,17,,1,0,1130,ENV,G,,,6,256,,,,B,4628,00,K,44,0,0,000000000,00000000000,0,0,0,1,0,0,0,0,0,0,0,998,0,1,5,12,98,6,2,1,0,0,0,1,17,61911,6,1,0,0,3,0,62,115,0,0,0,0,0,0,0,0,0,0,28,0,0,0,1,2,55,1,1,2,1,0,0,1,13,6,1,4,1,2,1
17,170620,1,2,3,2,10,17,20,12,2,1,0,17,1,30,40,30040,4,2001,3VWSD29M61M0,3,V,W,S,D,2,9,M,6,1,M,0,0,P,VOLK,JGS,4D,1,17,2877,,0,989,,G,,T,4,109,,,15R195,,,,,,0,0,000000000,00000000000,0,0,0,1,0,0,0,0,0,0,0,998,0,0,0,12,12,6,2,12,0,0,0,1,17,61061,6,1,0,0,3,0,71,163,0,0,0,0,0,0,0,0,0,1,28,0,0,0,1,2,55,1,1,2,1,0,0,1,10,1,1,2,50,0,0
17,170620,2,2,2,2,10,17,20,12,2,1,0,17,1,12,13,12013,4,1994,1FARP15J4RW2,1,F,A,R,P,1,5,J,4,R,W,2,0,P,FORD,EST,SW,94,17,2419,,0,984,,G,,F,4,113,,,14R175,,,,,,0,0,000000000,00000000000,0,0,0,1,0,0,0,0,0,0,0,998,0,0,0,12,12,6,2,12,0,0,0,1,17,61102,6,1,0,0,3,1,69,170,0,0,0,0,0,0,0,0,0,0,0,0,0,0,1,2,55,1,1,2,1,0,0,1,62,1,1,1,51,2,0
17,170621,1,1,2,9,10,18,30,34,0,1,0,17,1,72,706,72706,80,2011,1HD1HPH16BC8,1,H,D,1,H,P,H,1,6,B,C,8,0,M,HD,VRF,RS,11,17,,,,,,,1250,,2,,4,640,,,,,,,0,0,000000000,00000000000,0,0,0,1,0,0,0,0,0,0,0,998,0,0,0,12,12,6,2,31,0,0,0,1,17,61071,6,1,6,0,3,0,70,225,0,0,0,0,0,0,0,0,0,0,28,0,0,0,1,2,55,3,1,2,1,0,0,14,13,1,1,4,1,1,1
17,170622,1,1,4,2,10,17,10,34,0,1,0,17,1,22,2,22002,4,2000,1G2HY54K0Y42,1,G,2,H,Y,5,4,K,0,Y,4,2,0,P,PONT,BSL,4D,0,17,3678,,0,1122,,G,,F,6,231,,,17R235,,,,,,0,0,000000000,00000000000,0,0,0,1,0,0,0,0,0,0,0,76,0,0,0,14,14,6,2,42,0,0,1,1,17,61801,6,1,0,0,3,3,66,124,0,0,0,0,0,0,0,0,0,1,52,36,0,0,1,2,55,1,1,2,1,0,0,1,13,7,3,4,2,2,0
17,170623,1,1,9,10,10,7,32,1,0,1,0,17,3,20,422,20422,15,2004,1GNFK16Z34J3,1,G,N,F,K,1,6,Z,3,4,J,3,0,P,CHEV,K15,UT,4,17,5219,,0,1300,,F,,F,8,325,,,16R265,,,,,,0,0,000000000,00000000000,0,0,0,1,0,0,0,0,0,0,0,998,0,1,1,0,98,6,2,1,0,0,0,1,17,60638,6,1,0,0,3,3,66,150,0,0,0,0,0,0,0,0,0,0,28,0,0,0,2,4,65,1,1,1,1,0,0,1,12,7,3,2,98,1,0
17,170624,1,1,1,9,10,5,0,34,0,1,0,29,2,72,706,72706,80,2011,1HD1KBM1XBB6,1,H,D,1,K,B,M,1,X,B,B,6,0,M,HD,FHX,RS,11,17,,,,,,,1690,,2,,4,785,,,,,,,0,0,000000000,00000000000,0,0,0,1,0,0,0,0,0,0,0,998,0,0,0,14,12,6,2,42,0,0,0,1,17,62237,6,1,0,0,3,3,71,215,0,0,0,1,0,7,2011,7,2011,1,36,27,0,0,1,2,30,3,2,2,1,0,0,14,12,1,1,4,6,1,1
17,170625,1,1,1,17,9,5,39,8,0,1,0,29,2,7,24,7024,4,2010,2B3CA3CV2AH2,2,B,3,C,A,3,C,V,2,A,H,2,0,P,DODG,CHS,4D,10,17,3820,,0,1200,,G,,F,6,214,,,17R215,,,,,,0,0,000000000,00000000000,0,0,0,1,0,0,0,0,0,0,0,998,0,0,0,12,12,4,3,8,0,0,0,1,29,63129,6,1,0,0,3,0,70,210,1,0,0,0,0,6,2011,6,2011,0,0,0,0,0,2,4,45,1,1,2,1,0,0,1,80,9,1,1,13,0,1
17,170626,1,1,1,18,9,13,47,1,0,1,0,17,1,76,705,76705,80,2005,JYARJ08E65A0,J,Y,A,R,J,0,8,E,6,5,A,0,0,M,YAMA,FSZ,RC,5,17,,,,,,,600,,4,,4,423,,,,,,,0,0,000000000,00000000000,0,0,0,1,0,0,0,0,0,0,0,998,0,0,0,0,0,6,2,1,0,0,0,1,17,60555,6,1,0,0,3,0,67,124,0,0,0,1,0,7,2010,7,2010,1,87,0,0,0,3,4,99,1,1,2,2,3,3,2,5,3,3,2,98,1,0
17,170627,1,2,1,20,9,21,12,12,6,1,0,29,1,12,13,12013,2,1995,1FASP15JXSW1,1,F,A,S,P,1,5,J,X,S,W,1,0,P,FORD,EST,SW,95,17,2451,,0,984,,G,,F,4,113,,,14R175,,,,,,0,0,000000000,00000000000,0,0,0,1,0,0,0,0,0,0,0,19,0,1,1,3,3,6,2,12,0,0,0,1,29,63136,6,1,0,0,3,0,70,220,0,0,0,0,0,0,0,0,0,0,38,42,0,0,3,4,55,1,1,2,1,0,0,11,15,1,1,2,68,0,0
17,170627,2,2,2,20,9,21,12,12,6,1,0,17,1,53,705,53705,80,2002,JS1GN79A2221,J,S,1,G,N,7,9,A,2,2,2,1,0,M,SUZI,GX6,RC,2,17,,,,,,,599,,4,,4,458,,,,,,,0,0,000000000,00000000000,0,0,0,1,0,0,0,0,0,0,0,55,0,0,0,12,12,6,2,12,0,0,1,1,17,62040,6,1,0,0,3,0,70,170,0,0,0,0,0,0,0,0,0,0,0,0,0,0,3,4,55,1,1,2,1,0,0,1,62,1,1,1,69,1,0
17,170628,1,2,1,30,9,11,8,12,6,1,0,17,3,12,471,12471,30,2008,1FTYR10U58PA,1,F,T,Y,R,1,0,U,5,8,P,A,0,T,FORD,RNG,PK,8,17,,1,1180,1120,RNG,G,,,6,183,,,,B,3028,00,4,42,0,0,000000000,00000000000,0,0,0,1,0,0,0,0,0,0,0,49,0,0,0,12,12,6,2,12,0,0,0,1,17,61068,6,1,0,0,3,0,71,180,0,0,0,0,0,0,0,0,0,0,38,92,0,0,1,2,55,1,2,1,1,20,3,1,17,3,2,1,88,0,0
17,170628,2,2,1,30,9,11,8,12,6,1,0,17,1,20,16,20016,4,2004,1G1JC52FX473,1,G,1,J,C,5,2,F,X,4,7,3,0,P,CHEV,CAV,4D,4,17,2676,,0,1041,,G,,F,4,134,,,14R195,,,,,,0,0,000000000,00000000000,0,0,0,1,0,0,0,0,0,0,0,45,0,0,0,9,9,6,2,12,0,0,0,1,17,61109,6,1,0,0,3,3,70,140,0,0,0,0,0,0,0,0,0,0,0,0,0,0,1,2,55,2,2,2,1,0,0,14,66,1,1,1,89,1,0
17,170629,1,1,1,11,10,18,25,31,0,1,0,17,1,20,481,20481,31,2006,1GCEK19B46Z1,1,G,C,E,K,1,9,B,4,6,Z,1,0,T,CHEV,SK1,4C,6,17,,2,1575,1340,SIL,G,,,8,323,,,,B,5050,00,,44,0,0,000000000,00000000000,0,0,0,1,0,0,0,0,0,0,0,998,0,1,6,12,12,6,2,1,0,0,0,1,17,62027,6,1,0,0,3,0,73,450,0,0,0,0,0,0,0,0,0,1,28,0,0,0,1,2,55,1,1,2,1,0,0,1,12,1,1,4,6,1,1
17,170630,1,1,1,4,10,20,43,34,0,1,0,17,1,53,705,53705,80,2005,JS1GN7CA3521,J,S,1,G,N,7,C,A,3,5,2,1,0,M,SUZI,GSK,RC,5,17,,,,,,,599,,4,,4,355,,,,,,,0,0,000000000,00000000000,0,0,0,1,0,0,0,0,0,0,0,998,0,0,0,14,13,6,2,1,0,0,0,1,17,62281,6,1,0,0,3,0,71,150,0,0,0,0,2,9,2009,2,2010,1,36,0,0,0,1,2,55,2,1,2,1,0,0,14,6,8,2,4,7,1,1
17,170631,1,1,1,25,9,4,58,1,0,1,0,17,1,37,705,37705,80,9999,999999999999,9,9,9,9,9,9,9,9,9,9,9,9,0,,,,,,,,,,,,,,,,,,,,,,,,,0,0,000000000,00000000000,0,0,0,1,0,0,0,0,0,0,0,998,0,0,0,0,0,6,2,1,0,0,0,1,17,60162,6,1,0,0,3,0,70,210,0,0,0,2,0,3,2010,1,2011,1,36,0,0,0,2,4,30,1,1,2,1,0,0,1,6,1,3,2,98,1,1
17,170632,1,2,1,11,10,6,36,12,1,1,0,17,1,23,481,23481,31,1997,2GTEC19R9V15,2,G,T,E,C,1,9,R,9,V,1,5,0,T,GMC,SC1,PC,97,17,,2,1555,1415,SIE,G,,,8,350,,,,B,00000,00,E,42,0,0,000000000,00000000000,0,0,0,1,0,0,0,0,0,0,0,998,0,0,0,12,12,6,2,12,0,0,0,1,17,62095,6,1,0,0,3,0,71,210,0,0,0,0,0,0,0,0,0,0,36,52,0,0,1,2,45,1,1,2,1,0,0,1,52,1,1,1,24,1,0
17,170632,2,2,1,11,10,6,36,12,1,1,0,18,3,87,881,87881,66,2009,1XPWDU9X69D7,1,X,P,W,D,U,9,X,6,9,D,7,1,T,PTRB,388,TR,9,17,,8,0,0,CON,D,,,6,763,,,,,00000,00,,64,1,57,000124260,57000124260,3,6,4,1,0,0,0,0,0,0,0,998,0,0,0,6,6,4,3,12,0,0,0,1,29,63648,6,1,3,3,3,3,70,235,0,0,0,0,0,0,0,0,0,0,0,0,0,0,1,2,45,1,1,2,1,0,0,10,15,1,1,1,25,0,0
17,170633,1,2,1,23,9,7,40,34,0,1,0,17,2,12,3,12003,2,2006,1ZVFT80N3652,1,Z,V,F,T,8,0,N,3,6,5,2,0,P,FORD,MUS,CP,6,17,3351,,0,1071,,G,,F,6,244,,,16R215,,,,,,0,0,000000000,00000000000,0,0,0,1,0,0,0,0,0,0,0,998,0,0,0,12,12,6,2,42,0,0,0,1,17,61603,6,1,6,0,3,0,72,165,0,0,0,0,0,0,0,0,0,1,36,28,0,0,2,4,55,1,1,2,1,0,0,15,53,1,2,4,2,1,0
17,170633,2,2,1,23,9,7,40,34,0,1,0,17,1,20,2,20002,4,2008,2G1WB55K7813,2,G,1,W,B,5,5,K,7,8,1,3,0,P,CHEV,IPL,4D,8,17,3555,,0,1105,,F,,F,6,214,,,16R225,,,,,,0,0,000000000,00000000000,0,0,0,1,0,0,0,0,0,0,0,998,0,0,0,12,12,6,2,12,0,0,0,1,17,61523,6,1,0,0,3,0,74,240,0,0,0,0,0,0,0,0,0,1,0,0,0,0,2,4,55,1,1,2,1,0,0,1,60,7,3,4,98,0,0
17,170635,1,1,1,13,10,6,22,8,0,1,0,17,1,12,401,12401,14,1999,1FMZU34E5XZA,1,F,M,Z,U,3,4,E,5,X,Z,A,0,P,FORD,EPR,UT,99,17,4128,,0,1116,,G,,F,6,245,,,15R225,,,,,,0,0,000000000,00000000000,0,0,0,1,0,0,0,0,0,0,0,998,0,0,0,12,12,2,1,8,0,0,0,1,17,61866,6,1,0,0,3,3,70,185,0,0,0,2,1,8,2010,11,2010,0,86,0,0,0,2,4,35,1,1,2,2,2,3,1,80,1,1,1,13,0,0
17,170636,1,1,3,15,10,12,9,31,0,1,0,17,2,14,443,14443,20,2000,4M2XV12T5YDJ,4,M,2,X,V,1,2,T,5,Y,D,J,0,P,MERC,VLR,SV,0,17,3944,,0,1122,,G,,F,6,201,,,16R225,,,,,,0,0,000000000,00000000000,0,0,0,1,0,0,0,0,0,0,0,60,0,0,0,9,9,6,2,42,0,0,0,1,17,62223,6,1,0,0,3,0,64,145,0,0,0,0,0,0,0,0,0,1,36,0,0,0,1,4,45,3,1,2,1,0,0,14,6,9,3,4,2,1,0
17,170637,1,1,2,9,10,5,0,1,0,1,0,17,1,30,32,30032,2,1963,4855332,4,8,5,5,3,3,2,,,,,,0,P,VOLK,,,63,7,,,,,,,,,,,,,,,,,,,0,0,000000000,00000000000,0,0,0,1,0,0,0,0,0,0,0,998,0,1,6,0,6,6,2,1,0,0,0,1,17,61462,6,1,0,0,3,0,67,157,1,0,0,0,1,8,2010,8,2010,1,36,0,0,0,2,4,55,3,1,2,1,0,0,14,13,8,1,4,1,1,1
17,170638,1,2,1,21,9,14,0,12,1,1,0,17,1,12,17,12017,4,2008,1FAHP24W08G1,1,F,A,H,P,2,4,W,0,8,G,1,0,P,FORD,TEL,4D,8,17,3643,,0,1129,,G,,F,6,214,,,17R215,,,,,,0,0,000000000,00000000000,0,0,0,1,0,0,0,0,0,0,0,998,0,0,0,12,12,6,2,12,0,0,0,1,17,62001,6,1,0,0,3,3,70,211,0,0,0,0,0,0,0,0,0,1,36,54,0,0,3,4,55,1,2,1,1,28,3,1,50,2,1,1,20,1,0
17,170638,2,2,1,21,9,14,0,12,1,1,0,17,1,7,482,7482,31,2009,1D3HB18T79S8,1,D,3,H,B,1,8,T,7,9,S,8,0,T,DODG,Q15,CW,9,17,,2,0,1400,RPC,G,,,8,348,,,,B,4863,00,K,42,0,0,000000000,00000000000,0,0,0,1,0,0,0,0,0,0,0,0,0,0,0,6,6,6,2,12,0,0,0,1,17,62234,6,1,0,0,3,0,70,185,0,0,0,0,0,0,0,0,0,0,0,0,0,0,3,4,55,1,2,1,1,28,3,5,53,1,1,1,21,0,0
17,170639,1,1,1,30,9,3,31,35,0,1,0,17,1,22,22,22022,2,2006,1G2ZG558X641,1,G,2,Z,G,5,5,8,X,6,4,1,0,P,PONT,GS1,4D,6,17,3419,,0,1123,,G,,F,6,214,,,16R215,,,,,,0,0,000000000,00000000000,0,0,0,1,0,0,0,0,0,0,0,998,0,1,6,14,13,6,2,1,0,0,0,1,17,62264,6,2,0,0,3,0,65,140,0,0,0,0,0,0,0,0,0,1,36,0,0,0,1,2,55,1,3,2,1,0,0,1,6,8,4,4,7,1,0
17,170640,1,1,1,30,9,2,0,19,0,1,0,17,1,23,421,23421,15,2001,1GKEK13T91J3,1,G,K,E,K,1,3,T,9,1,J,3,0,T,GMC,YUK,4W,1,17,,2,0,1160,YUK,G,,,8,325,,,,B,5113,00,K,44,0,0,000000000,00000000000,0,0,0,1,0,0,0,0,0,0,0,998,0,1,6,2,13,6,2,19,0,0,0,1,17,60644,6,1,0,0,3,3,72,350,0,0,0,0,0,0,0,0,0,1,39,87,0,0,2,2,30,1,1,2,2,0,0,1,6,1,2,4,2,1,1
17,170641,1,2,4,12,9,10,27,12,6,1,0,17,2,12,442,12442,20,2003,2FMZA51403BB,2,F,M,Z,A,5,1,4,0,3,B,B,0,T,FORD,WLX,ES,3,17,,1,0,1207,WIN,G,,,6,232,,,,B,3762,00,E,42,0,0,000000000,00000000000,0,0,0,1,0,0,0,0,0,0,0,998,0,0,0,12,12,6,2,12,0,0,0,1,17,60625,1,1,0,0,2,0,66,155,0,0,0,0,0,0,0,0,0,0,38,0,0,0,1,2,30,1,1,2,1,2,3,11,17,1,1,2,68,0,0
17,170641,2,2,1,12,9,10,27,12,6,1,0,17,1,37,702,37702,80,2010,LWBJF190XA10,L,W,B,J,F,1,9,0,X,A,1,0,0,M,HOND,N10,MS,10,17,,,,,,,108,,1,,4,254,,,,,,,0,0,000000000,00000000000,0,0,0,1,0,0,0,0,0,0,0,998,0,0,0,11,11,6,2,12,0,0,0,1,17,60645,6,1,0,0,3,0,63,130,0,0,0,1,0,1,2009,1,2009,0,0,0,0,0,1,2,30,1,1,2,1,2,3,1,62,1,1,1,69,1,0
17,170642,1,2,1,28,9,16,30,12,6,1,0,17,1,20,16,20016,2,2000,1G1JF12TXY73,1,G,1,J,F,1,2,T,X,Y,7,3,0,P,CHEV,CZ2,CP,0,17,2617,,0,1041,,G,,F,4,146,,,16R205,,,,,,0,0,000000000,00000000000,0,0,0,1,0,0,0,0,0,0,0,998,0,0,0,12,12,6,2,12,0,0,0,1,17,62650,2,1,0,0,2,3,69,140,0,1,0,0,1,4,2010,5,2011,1,39,0,0,0,1,2,55,1,1,2,1,20,3,1,17,1,1,1,88,1,1
17,170642,2,2,1,28,9,16,30,12,6,1,0,17,1,22,2,22002,4,2003,1G2HZ5415342,1,G,2,H,Z,5,4,1,5,3,4,2,0,P,PONT,BSI,4D,3,17,3716,,0,1122,,G,,Z,6,231,,,17R235,,,,,,0,0,000000000,00000000000,0,0,0,1,0,0,0,0,0,0,0,998,0,0,0,10,10,6,2,12,0,0,0,1,17,62612,6,1,0,0,3,0,69,160,0,0,0,0,0,0,0,0,0,0,0,0,0,0,1,2,55,1,1,2,1,0,0,1,66,1,1,1,89,0,0
17,170643,1,1,2,24,9,1,32,8,0,1,1,99,9,18,398,18398,4,9999,999999999999,9,9,9,9,9,9,9,9,9,9,9,9,0,,,,,,,,,,,,,,,,,,,,,,,,,0,0,000000000,00000000000,0,0,0,1,0,0,0,0,0,0,0,998,0,0,0,12,12,2,1,8,0,0,0,1,99,99999,9,9,99,9,9,9,999,999,99,99,99,99,99,99,9999,99,9999,0,99,99,99,99,1,2,30,1,1,2,1,0,0,1,80,1,1,1,13,0,0
17,170644,1,1,3,24,9,2,43,8,0,1,0,17,2,12,13,12013,2,1999,3FAKP1139XR1,3,F,A,K,P,1,1,3,9,X,R,1,0,P,FORD,ZCH,CP,99,17,2478,,0,984,,G,,F,4,121,,,14R185,,,,,,0,0,000000000,00000000000,0,0,0,1,0,0,0,0,0,0,0,998,0,0,0,12,12,6,2,8,0,0,0,1,17,60411,6,1,0,0,3,0,75,297,0,0,0,0,0,0,0,0,0,0,86,0,0,0,3,4,45,1,1,2,1,0,0,1,80,1,1,1,13,0,0
17,170645,1,1,1,15,9,17,21,8,0,1,0,17,1,35,47,35047,2,2007,1N4AL21E17N4,1,N,4,A,L,2,1,E,1,7,N,4,0,P,NISS,ATS,4D,7,17,3042,,0,1093,,G,,F,4,153,,,16R215,,,,,,0,0,000000000,00000000000,0,0,0,1,0,0,0,0,0,0,0,998,0,0,0,12,12,6,2,8,0,0,0,1,17,60004,6,1,0,0,3,3,67,120,0,0,0,0,0,0,0,0,0,1,38,0,0,0,1,2,45,1,2,2,1,0,0,1,80,1,1,1,13,0,0
17,170646,1,1,1,3,10,21,30,8,0,1,0,17,1,12,471,12471,30,2006,1FTZR45E36PA,1,F,T,Z,R,4,5,E,3,6,P,A,0,T,FORD,RNS,4C,6,17,,1,0,1260,RNG,G,,,6,244,,,,B,3697,00,U,44,0,0,000000000,00000000000,0,0,0,1,0,0,0,0,0,0,0,998,0,0,0,12,12,2,1,8,0,0,0,1,17,62858,6,1,0,0,3,3,69,220,0,0,0,0,0,0,0,0,0,0,86,0,0,0,1,2,55,1,2,2,1,0,0,1,80,1,1,1,13,0,0
17,170647,1,1,1,1,10,4,22,42,0,1,0,17,1,22,20,22020,4,2000,1G2WR5217YF2,1,G,2,W,R,5,2,1,7,Y,F,2,0,P,PONT,GTP,4D,0,17,3523,,0,1105,,G,,Z,6,231,,,16R225,,,,,,0,0,000000000,00000000000,0,0,0,1,0,0,0,0,0,0,0,998,0,0,0,6,6,6,2,42,0,0,1,1,17,62468,6,1,0,0,3,3,72,285,0,0,0,0,0,0,0,0,0,0,0,0,0,0,1,2,55,3,1,2,1,0,0,14,12,1,1,4,6,1,1
17,170648,1,4,2,1,10,15,6,12,2,1,0,17,2,49,32,49032,4,2008,1NXBR32E58Z9,1,N,X,B,R,3,2,E,5,8,Z,9,0,P,TOYT,UCS,4D,8,17,2530,,0,1024,,G,,F,4,110,,,15R185,,,,,,0,0,000000000,00000000000,0,0,0,1,0,0,0,0,0,0,0,998,0,0,0,12,12,6,2,12,0,0,0,1,17,60174,6,1,0,0,3,3,71,275,0,0,0,1,0,1,2010,1,2010,0,28,51,0,0,2,4,45,1,1,2,1,0,0,1,10,1,1,2,50,1,0
17,170648,2,4,1,1,10,15,6,12,2,1,0,17,1,12,481,12481,31,1999,1FTNX20S2XED,1,F,T,N,X,2,0,S,2,X,E,D,0,T,FORD,F2S,4C,99,17,,2,1580,1418,SRW,G,,,10,415,,,,C,5190,01,E,42,0,0,000000000,00000000000,0,0,0,1,0,0,0,0,0,0,0,998,0,0,0,12,12,6,2,12,0,0,0,1,17,60439,6,1,0,0,3,0,71,250,0,0,0,0,0,0,0,0,0,0,0,0,0,0,2,4,45,1,1,2,1,0,0,1,62,3,1,1,51,0,0
17,170648,3,4,2,1,10,15,6,12,2,1,0,17,1,20,2,20002,4,1996,1G1BL52P3TR1,1,G,1,B,L,5,2,P,3,T,R,1,0,P,CHEV,CIS,4D,96,17,4061,,0,1159,,G,,Z,8,350,,,15R215,,,,,,0,0,000000000,00000000000,0,0,0,1,0,0,0,0,0,0,0,998,0,0,0,12,12,6,2,12,0,0,0,1,17,60504,6,1,0,0,3,0,72,185,0,0,0,0,0,0,0,0,0,0,0,0,0,0,2,4,45,1,1,2,1,0,0,1,62,3,1,1,98,0,0