STATE,ST_CASE,VEH_NO,VE_FORMS,NUMOCCS,DAY,MONTH,HOUR,MINUTE,HARM_EV,MAN_COLL,UNITTYPE,HIT_RUN,REG_STAT,OWNER,MAKE,MODEL,MAK_MOD,BODY_TYP,MOD_YEAR,VIN,VIN_1,VIN_2,VIN_3,VIN_4,VIN_5,VIN_6,VIN_7,VIN_8,VIN_9,VIN_10,VIN_11,VIN_12,TOW_VEH,VINTYPE,VINMAKE,VINA_MOD,VIN_BT,VINMODYR,VIN_LNGT,VIN_WGT,WGTCD_TR,WHLBS_LG,WHLBS_SH,SER_TR,FUELCODE,MCYCL_DS,CARBUR,CYLINDER,DISPLACE,MCYCL_CY,MCYCL_WT,TIRE_SZE,TON_RAT,TRK_WT,TRKWTVAR,VIN_REST,WHLDRWHL,J_KNIFE,MCARR_I1,MCARR_I2,MCARR_ID,GVWR,V_CONFIG,CARGO_BT,HAZ_INV,HAZ_PLAC,HAZ_ID,HAZ_CNO,HAZ_REL,BUS_USE,SPEC_USE,EMER_USE,TRAV_SP,UNDERIDE,ROLLOVER,ROLINLOC,IMPACT1,IMPACT2,DEFORMED,TOWED,M_HARM,VEH_SC1,VEH_SC2,FIRE_EXP,DR_PRES,L_STATE,DR_ZIP,L_STATUS,L_TYPE,CDL_STAT,L_ENDORS,L_COMPL,L_RESTRI,DR_HGT,DR_WGT,PREV_ACC,PREV_SUS,PREV_DWI,PREV_SPD,PREV_OTH,FIRST_MO,FIRST_YR,LAST_MO,LAST_YR,SPEEDREL,DR_SF1,DR_SF2,DR_SF3,DR_SF4,VTRAFWAY,VNUM_LAN,VSPD_LIM,VALIGN,VPROFILE,VPAVETYP,VSURCOND,VTRAFCON,VTCONT_F,P_CRASH1,P_CRASH2,P_CRASH3,PCRASH4,PCRASH5,ACC_TYPE,DEATHS,DR_DRINK
17,170685,3,3,1,1,11,14,21,12,2,1,0,17,1,22,20,22020,2,1999,1G2WP12K1XF2,1,G,2,W,P,1,2,K,1,X,F,2,0,P,PONT,GPG,CP,99,17,3396,,0,1105,,G,,F,6,231,,,16R225,,,,,,0,0,000000000,00000000000,0,0,0,1,0,0,0,0,0,0,0,998,0,0,0,12,12,6,2,12,0,0,0,1,17,62664,6,1,0,0,3,0,74,195,0,0,0,0,0,0,0,0,0,0,0,0,0,0,1,2,55,1,1,2,1,0,0,1,51,1,1,1,98,0,0
17,170686,1,1,1,5,8,22,46,9,0,1,0,17,3,82,881,82881,63,2011,1FVHCYBS6BDB,1,F,V,H,C,Y,B,S,6,B,D,B,0,T,FRHT,16M,CC,11,17,,8,0,0,FM2,D,,,6,505,,,,,00000,00,,64,0,99,999999999,99999999999,3,2,4,1,0,0,0,0,0,0,0,2,0,0,0,14,14,2,1,9,0,0,0,1,17,60630,6,1,6,1,3,1,68,205,0,0,0,0,0,0,0,0,0,0,0,0,0,0,1,2,45,1,1,2,1,2,3,3,83,1,1,1,13,0,0
17,170687,1,1,1,4,11,5,30,42,0,1,0,17,1,49,40,49040,4,2007,4T1BE46K07U6,4,T,1,B,E,4,6,K,0,7,U,6,0,P,TOYT,CMB,4D,7,17,3108,,0,1093,,G,,F,4,146,,,15R205,,,,,,0,0,000000000,00000000000,0,0,0,1,0,0,0,0,0,0,0,998,0,0,0,12,12,6,2,42,0,0,0,1,17,60442,6,1,0,0,3,3,75,215,0,0,0,0,1,5,2009,5,2009,0,28,0,0,0,1,2,55,1,2,2,2,0,0,1,13,1,1,4,1,1,0
17,170688,1,2,1,5,11,12,30,12,2,1,0,17,1,14,17,14017,4,1994,1MELM50U9RA6,1,M,E,L,M,5,0,U,9,R,A,6,0,P,MERC,SGS,4D,94,17,3126,,0,1060,,G,,F,6,182,,,15R205,,,,,,0,0,000000000,00000000000,0,0,0,1,0,0,0,0,0,0,0,55,0,0,0,12,12,6,2,12,0,0,0,1,17,62934,6,1,0,0,3,0,65,135,0,0,0,0,0,0,0,0,0,0,28,0,0,0,1,2,40,1,1,2,1,0,0,1,10,1,1,2,50,1,0
17,170688,2,2,2,5,11,12,30,12,2,1,0,17,1,18,24,18024,6,2011,5GAKRBED5BJ1,5,G,A,K,R,B,E,D,5,B,J,1,0,P,BUIC,ENC,UT,11,17,4780,,0,1189,,G,,F,6,220,,,19R255,,,,,,0,0,000000000,00000000000,0,0,0,1,0,0,0,0,0,0,0,55,0,0,0,12,12,6,2,12,0,0,0,1,17,62984,6,1,0,0,3,0,74,220,0,0,0,0,0,0,0,0,0,0,0,0,0,0,2,2,40,1,1,2,1,0,0,1,62,8,1,1,51,0,0
17,170689,1,3,1,7,11,12,16,12,2,1,0,17,2,12,471,12471,30,2001,1FTYR10C31TA,1,F,T,Y,R,1,0,C,3,1,T,A,0,T,FORD,RNG,PK,1,17,,1,1175,1116,RNG,G,,,4,153,,,,B,3068,01,U,42,0,0,000000000,00000000000,0,0,0,1,0,0,0,0,0,0,0,998,0,0,0,12,12,6,2,12,0,0,0,1,17,62233,6,1,0,0,3,0,68,150,0,0,0,0,0,0,0,0,0,0,28,52,85,0,1,2,55,2,2,1,1,0,0,17,13,7,4,6,50,0,0
17,170689,2,3,2,7,11,12,16,12,2,1,0,39,2,20,421,20421,15,2002,1GNEK13Z72J2,1,G,N,E,K,1,3,Z,7,2,J,2,0,P,CHEV,KTA,UT,2,17,5050,,0,1160,,F,,F,8,325,,,16R265,,,,,,0,0,000000000,00000000000,0,0,0,1,0,0,0,0,0,0,0,998,0,0,0,12,12,6,2,12,0,0,0,1,39,45727,6,1,0,0,3,0,69,154,0,0,0,0,0,0,0,0,0,0,0,0,0,0,1,2,55,2,2,1,1,0,0,14,62,1,1,1,51,1,0
17,170689,3,3,2,7,11,12,16,12,2,1,0,17,1,12,481,12481,31,2003,1FTNW21S43EC,1,F,T,N,W,2,1,S,4,3,E,C,0,T,FORD,F2S,CW,3,17,,2,1724,1562,SRW,G,,,10,415,,,,C,5870,04,E,44,0,0,000000000,00000000000,0,0,0,1,0,0,0,0,0,0,0,998,0,0,0,12,12,6,2,12,0,0,0,1,17,62295,6,1,0,0,3,0,71,150,0,0,0,0,0,0,0,0,0,0,0,0,0,0,1,2,55,2,2,1,1,0,0,14,62,1,1,1,98,0,0
17,170690,1,2,1,2,9,7,55,12,6,1,0,17,1,2,404,2404,14,2006,1J4GR48K26C1,1,J,4,G,R,4,8,K,2,6,C,1,0,T,JEEP,LCF,4W,6,17,,1,0,1095,GCK,G,,,6,226,,,,,4383,00,E,44,0,0,000000000,00000000000,0,0,0,1,0,0,0,0,0,0,0,998,0,0,0,83,83,2,1,12,0,0,0,1,17,60641,6,1,6,0,3,1,71,175,0,0,0,0,0,0,0,0,0,1,36,0,0,0,1,4,45,1,1,2,1,2,3,11,15,1,1,2,68,0,0
17,170690,2,2,1,2,9,7,55,12,6,1,0,17,1,53,705,53705,80,1999,JS1GN78A1X21,J,S,1,G,N,7,8,A,1,X,2,1,0,M,SUZI,G60,RC,99,17,,,,,,,600,,4,,4,383,,,,,,,0,0,000000000,00000000000,0,0,0,1,0,0,0,0,0,0,0,998,0,0,0,12,12,6,2,12,0,0,0,1,17,60156,6,1,0,0,3,0,61,150,0,0,0,2,0,4,2010,7,2010,1,0,0,0,0,2,4,45,1,1,2,1,0,0,1,65,1,1,1,69,1,1
17,170691,1,1,2,24,9,1,17,8,0,1,0,17,1,19,14,19014,4,1999,1G6KS54Y9XU9,1,G,6,K,S,5,4,Y,9,X,U,9,0,P,CADI,SLS,4D,99,17,3970,,0,1122,,G,,F,8,279,,,16R235,,,,,,0,0,000000000,00000000000,0,0,0,1,0,0,0,0,0,0,0,998,0,0,0,12,12,2,3,8,0,0,0,1,17,60612,6,1,0,0,3,0,71,215,2,0,0,2,0,8,2010,10,2010,1,38,0,0,0,1,4,40,1,1,2,2,2,3,1,80,1,1,1,13,0,1
17,170692,1,1,1,17,9,19,11,8,0,1,0,17,1,13,1,13001,4,1994,1LNLM81W6RY7,1,L,N,L,M,8,1,W,6,R,Y,7,0,P,LINC,EXC,4D,94,17,4039,,0,1174,,G,,F,8,281,,,15R215,,,,,,0,0,000000000,00000000000,0,0,0,1,0,0,0,0,0,0,0,30,0,0,0,12,12,2,1,8,0,0,0,1,17,60637,6,1,0,0,3,0,69,185,0,0,0,0,0,0,0,0,0,0,92,0,0,0,4,3,30,1,1,2,1,0,0,1,80,1,1,1,13,0,0
17,170693,1,1,1,29,9,2,50,24,0,1,0,17,1,72,706,72706,80,1978,3A28720H8,3,A,2,8,7,2,0,H,8,,,,0,M,HD,XLH,RS,78,9,,,,,,,1000,,2,,4,504,,,,,,,0,0,000000000,00000000000,0,0,0,1,0,0,0,0,0,0,0,998,0,0,0,12,12,6,2,1,0,0,0,1,17,60626,6,1,0,0,3,0,67,185,0,0,0,0,0,0,0,0,0,1,36,0,0,0,1,2,45,1,1,2,1,0,0,1,11,1,1,4,1,1,0
17,170694,1,1,1,15,9,2,35,19,0,1,0,6,1,38,402,38402,14,2003,4S2CK57W2343,4,S,2,C,K,5,7,W,2,3,4,3,0,P,ISU,ROD,UT,3,17,3776,,0,969,,G,,F,6,195,,,16R245,,,,,,0,0,000000000,00000000000,0,0,0,1,0,0,0,0,0,0,0,998,0,0,0,12,12,6,2,19,0,0,0,1,17,62226,3,1,0,0,2,3,71,180,0,0,0,0,0,0,0,0,0,0,28,0,0,0,1,2,45,1,1,2,1,0,0,1,11,6,7,4,7,1,1
17,170695,1,1,2,12,11,21,55,35,0,1,0,17,1,13,1,13001,12,1997,1LNLM82W9VY7,1,L,N,L,M,8,2,W,9,V,Y,7,0,P,LINC,SET,4D,97,17,3977,,0,1174,,G,,F,8,281,,,15R215,,,,,,0,0,000000000,00000000000,0,0,0,1,0,0,0,0,0,0,0,998,0,0,0,12,14,6,2,35,0,0,0,1,17,62278,6,1,0,0,3,0,67,160,0,0,0,0,0,0,0,0,0,0,36,0,0,0,1,2,55,1,1,2,1,0,0,1,9,2,7,4,7,2,0
17,170696,1,2,1,15,9,14,53,12,2,1,0,17,2,20,36,20036,2,2000,2G1WW12E5Y93,2,G,1,W,W,1,2,E,5,Y,9,3,0,P,CHEV,MLS,CP,0,17,3340,,0,1075,,G,,F,6,207,,,16R225,,,,,,0,0,000000000,00000000000,0,0,0,1,0,0,0,0,0,0,0,998,0,0,0,12,12,6,2,12,0,0,0,1,17,60612,6,1,0,0,3,0,64,130,0,0,0,0,0,0,0,0,0,0,28,0,0,0,2,4,30,1,1,2,1,3,2,11,15,1,1,2,68,0,0
17,170696,2,2,4,15,9,14,53,12,2,1,0,17,1,14,443,14443,20,1999,4M2XV11T0XDJ,4,M,2,X,V,1,1,T,0,X,D,J,0,P,MERC,VLR,SV,99,17,3944,,0,1122,,G,,F,6,201,,,15R215,,,,,,0,0,000000000,00000000000,0,0,0,1,0,0,0,0,0,0,0,998,0,0,0,12,11,6,2,12,0,0,0,1,17,60804,6,1,0,0,3,0,64,150,0,0,0,1,0,10,2010,10,2010,0,0,0,0,0,2,4,30,1,1,2,1,3,2,1,62,1,1,1,69,1,0
17,170697,1,2,2,8,10,12,2,12,6,1,0,17,1,20,401,20401,14,2002,1GNDT13W52K1,1,G,N,D,T,1,3,W,5,2,K,1,0,P,CHEV,BZR,UT,2,17,4114,,0,1070,,G,,F,6,262,,,000000,,,,,,0,0,000000000,00000000000,0,0,0,1,0,0,0,0,0,0,0,998,0,0,0,12,12,6,2,12,0,0,0,1,17,61401,6,1,0,0,3,0,64,200,0,0,0,0,1,11,2009,11,2009,0,39,0,0,0,1,2,30,1,1,2,1,20,3,1,17,1,1,1,88,0,0
17,170697,2,2,2,8,10,12,2,12,6,1,0,17,1,18,7,18007,4,1993,1G4AG54N7P64,1,G,4,A,G,5,4,N,7,P,6,4,0,P,BUIC,CSP,4D,93,17,2870,,0,1047,,G,,F,6,204,,,14R185,,,,,,0,0,000000000,00000000000,0,0,0,1,0,0,0,0,0,0,0,998,0,0,0,9,9,6,2,12,0,0,0,1,17,61401,6,1,0,0,3,3,69,199,0,0,0,0,0,0,0,0,0,0,0,0,0,0,1,2,30,1,1,2,1,0,0,1,66,1,1,1,89,1,0
17,170698,1,2,1,18,10,12,47,12,6,1,0,17,1,20,23,20023,6,2006,3GNDA23P06S5,3,G,N,D,A,2,3,P,0,6,S,5,0,P,CHEV,HHR,SV,6,17,3155,,0,1035,,G,,F,4,146,,,16R215,,,,,,0,0,000000000,00000000000,0,0,0,1,0,0,0,0,0,0,0,998,0,0,0,12,12,6,2,12,0,0,0,1,17,62340,6,1,0,0,3,3,66,200,0,0,0,0,0,0,0,0,0,0,39,0,0,0,1,2,55,1,2,2,1,20,3,2,17,1,1,1,88,1,0
17,170698,2,2,1,18,10,12,47,12,6,1,0,17,2,87,881,87881,66,2003,1XP5D09X03D5,1,X,P,5,D,0,9,X,0,3,D,5,1,T,PTRB,379,TR,3,17,,8,0,0,CON,D,,,6,661,,,,,00000,00,,64,3,77,777777777,77777777777,3,6,1,1,0,0,0,0,0,0,0,998,0,0,0,10,10,6,2,12,0,0,0,1,17,62319,6,1,6,0,3,3,70,195,0,0,0,0,0,0,0,0,0,0,0,0,0,0,1,2,55,2,2,2,1,0,0,14,66,1,1,1,89,0,0
17,170699,1,1,1,8,10,2,17,31,0,1,0,17,2,12,35,12035,4,1997,1FALP6533VK1,1,F,A,L,P,6,5,3,3,V,K,1,0,P,FORD,CSG,4D,97,17,0,,0,1065,,G,,F,4,121,,,14R185,,,,,,0,0,000000000,00000000000,0,0,0,1,0,0,0,0,0,0,0,998,0,0,0,1,12,6,2,31,0,0,0,1,17,60651,6,1,0,0,3,0,69,160,0,0,0,0,0,0,0,0,0,0,37,0,0,0,1,2,30,1,1,2,1,0,0,1,13,1,1,4,1,1,1
17,170700,1,1,4,27,10,19,14,34,0,1,0,17,1,49,49,49049,6,2006,JTLKT3345640,J,T,L,K,T,3,3,4,5,6,4,0,0,P,TOYT,SXB,UT,6,17,2395,,0,984,,G,,F,4,092,,,15R185,,,,,,0,0,000000000,00000000000,0,0,0,1,0,0,0,0,0,0,0,998,0,1,5,14,98,6,2,1,0,0,0,1,17,60110,6,1,0,0,3,0,62,155,0,0,0,1,2,4,2009,2,2011,1,27,28,0,0,3,2,65,1,1,1,1,0,0,15,6,1,3,4,2,1,1
17,170701,1,1,3,29,10,3,36,34,0,1,0,17,2,20,2,20002,4,2004,2G1WH52KX491,2,G,1,W,H,5,2,K,X,4,9,1,0,P,CHEV,IPL,4D,4,17,3466,,0,1105,,G,,F,6,231,,,16R225,,,,,,0,0,000000000,00000000000,0,0,0,1,0,0,0,0,0,0,0,998,0,0,0,12,12,6,2,34,0,0,0,1,17,61920,6,1,0,0,3,0,65,120,0,0,0,0,0,0,0,0,0,1,36,0,0,0,1,2,55,1,1,2,1,0,0,1,13,6,4,4,7,1,1
17,170702,1,2,1,7,11,16,23,34,0,1,0,17,3,12,461,12461,21,1997,1FTJE34S0VHA,1,F,T,J,E,3,4,S,0,V,H,A,0,T,FORD,35V,CG,97,17,,2,0,1380,VAN,G,,,10,415,,,,D,5211,00,M,42,0,0,000000000,00000000000,0,0,0,1,0,0,0,0,0,0,0,998,0,0,0,14,12,6,2,12,0,0,0,1,17,60506,6,1,0,0,3,3,69,160,0,0,0,0,0,0,0,0,0,1,28,0,0,0,2,2,65,1,1,1,1,0,0,15,9,1,4,4,98,0,0
17,170702,2,2,1,7,11,16,23,34,0,1,0,17,1,20,471,20471,30,1999,1GCCS1441XK1,1,G,C,C,S,1,4,4,1,X,K,1,0,T,CHEV,S14,PK,99,17,,1,1179,1083,S,G,,,4,133,,,,B,3015,01,,42,0,0,000000000,00000000000,0,0,0,1,0,0,0,0,0,0,0,998,0,1,5,10,98,6,2,1,0,0,1,1,17,61348,6,1,0,0,3,0,70,197,0,0,0,1,0,11,2009,11,2009,0,0,0,0,0,2,2,65,1,1,1,1,0,0,1,78,1,1,1,98,1,0
17,170703,1,1,4,13,11,4,3,39,0,1,0,17,2,20,37,20037,4,2008,1G1ZG57B6843,1,G,1,Z,G,5,7,B,6,8,4,3,0,P,CHEV,M/L,4D,8,17,3415,,0,1123,,G,,F,4,146,,,16R215,,,,,,0,0,000000000,00000000000,0,0,0,1,0,0,0,0,0,0,0,998,0,0,0,62,62,6,2,39,0,0,1,1,17,60636,6,1,0,0,3,0,66,125,0,0,0,0,0,0,0,0,0,1,36,27,0,0,3,8,55,1,1,1,1,0,0,15,6,1,3,4,7,1,1
17,170704,1,3,1,15,8,16,30,12,6,1,0,17,1,12,481,12481,31,2000,1FTNF21L2YEA,1,F,T,N,F,2,1,L,2,Y,E,A,0,T,FORD,F2S,PK,0,17,,2,0,1370,SRW,G,,,8,330,,,,C,5439,07,U,44,0,0,000000000,00000000000,0,0,0,1,0,0,0,0,0,0,0,998,0,0,0,12,12,6,2,12,0,0,0,1,17,61486,6,1,0,0,3,3,72,175,0,0,0,1,1,2,2009,8,2011,0,39,0,0,0,1,2,55,1,3,2,1,20,3,1,17,1,1,2,86,0,0
17,170704,2,3,2,15,8,16,30,12,6,1,0,17,2,12,37,12037,4,2009,1FAHP35N89W2,1,F,A,H,P,3,5,N,8,9,W,2,0,P,FORD,FSE,4D,9,17,2623,,0,1029,,G,,F,4,122,,,16R205,,,,,,0,0,000000000,00000000000,0,0,0,1,0,0,0,0,0,0,0,998,0,0,0,3,98,6,2,12,0,0,0,1,17,61462,6,1,0,0,3,0,64,141,0,0,0,0,0,0,0,0,0,0,0,0,0,0,1,2,55,1,3,2,1,0,0,1,66,1,1,2,87,1,0
17,170704,3,3,6,15,8,16,30,12,6,1,0,17,1,9,442,9442,20,1997,2P4GP4432VR4,2,P,4,G,P,4,4,3,2,V,R,4,0,T,PLYM,GVS,ES,97,17,,1,0,1193,VOF,G,,,6,181,,,,,3687,00,E,42,0,0,000000000,00000000000,0,0,0,1,0,0,0,0,0,0,0,998,0,0,0,12,12,6,2,12,0,0,0,1,17,61462,6,1,0,0,3,0,66,165,0,0,0,0,0,0,0,0,0,0,0,0,0,0,1,2,55,1,3,2,1,0,0,1,60,1,1,1,98,0,0
17,170705,1,1,1,15,11,6,47,34,0,1,0,17,1,20,9,20009,2,2002,2G1FP22G0221,2,G,1,F,P,2,2,G,0,2,2,1,0,P,CHEV,Z28,CP,2,17,3433,,0,1011,,G,,F,8,350,,,16R245,,,,,,0,0,000000000,00000000000,0,0,0,1,0,0,0,0,0,0,0,998,0,1,5,14,98,6,2,1,0,0,0,1,17,60543,6,1,0,0,3,3,73,200,0,0,0,2,0,11,2009,5,2010,1,28,0,0,0,3,6,55,1,1,1,1,0,0,1,6,1,2,4,2,1,1
17,170706,1,2,1,5,10,16,39,12,6,1,0,17,1,20,37,20037,4,2010,1G1ZB5EB7AF2,1,G,1,Z,B,5,E,B,7,A,F,2,0,P,CHEV,M/L,4D,10,17,3415,,0,1123,,G,,F,4,146,,,17R215,,,,,,0,0,000000000,00000000000,0,0,0,1,0,0,0,0,0,0,0,998,0,0,0,9,9,6,2,12,0,0,0,1,17,60013,6,1,0,0,3,3,64,120,1,0,0,0,0,9,2010,9,2010,0,38,0,0,0,1,2,55,1,1,2,1,20,3,1,17,1,1,2,89,1,0
17,170706,2,2,1,5,10,16,39,12,6,1,0,55,3,84,881,84881,66,2007,2HSCNAPRX7C4,2,H,S,C,N,A,P,R,X,7,C,4,1,T,INTL,94I,TR,7,17,,8,0,0,940,D,,,6,915,,,,,00000,00,,64,1,57,264740,57264740,3,6,3,1,0,0,0,0,0,0,0,998,0,0,0,12,12,6,2,12,0,0,0,1,55,53511,6,1,6,3,3,0,72,287,0,0,0,0,2,4,2010,4,2010,0,0,0,0,0,1,2,55,3,1,2,1,0,0,14,66,3,2,1,88,0,0
17,170707,1,1,1,11,10,5,27,30,0,1,0,17,2,20,2,20002,4,2002,2G1WF52E8293,2,G,1,W,F,5,2,E,8,2,9,3,0,P,CHEV,IMP,4D,2,17,3389,,0,1105,,G,,F,6,207,,,16R225,,,,,,0,0,000000000,00000000000,0,0,0,1,0,0,0,0,0,0,0,998,0,0,0,12,12,6,2,30,0,0,0,1,17,60644,6,1,0,0,3,0,71,235,0,0,0,0,0,0,0,0,0,9,28,0,0,0,1,2,99,1,1,2,1,20,3,1,9,99,1,4,6,1,0
17,170708,1,1,1,14,10,19,0,14,0,1,0,17,1,76,705,76705,80,2006,JYARJ12E36A0,J,Y,A,R,J,1,2,E,3,6,A,0,0,M,YAMA,R6L,RC,6,17,,,,,,,599,,4,,4,357,,,,,,,0,0,000000000,00000000000,0,0,0,1,0,0,0,0,0,0,0,998,0,0,0,3,3,9,9,14,0,0,0,1,17,60608,6,1,0,0,3,0,72,220,0,0,0,0,0,0,0,0,0,1,38,0,0,0,1,2,35,1,1,2,1,0,0,17,6,7,2,4,2,1,0
17,170709,1,2,1,22,10,4,33,12,6,1,0,17,1,24,3,24003,6,2000,1G8ZN827XYZ1,1,G,8,Z,N,8,2,7,X,Y,Z,1,0,P,STRN,SW2,SW,0,17,2479,,0,1024,,G,,F,4,116,,,15R185,,,,,,0,0,000000000,00000000000,0,0,0,1,0,0,0,0,0,0,0,998,0,1,5,12,12,6,2,1,0,0,0,1,17,61350,6,1,0,0,3,0,71,168,1,1,0,2,0,9,2010,8,2011,1,38,0,0,0,1,2,55,1,1,2,1,20,3,1,17,1,1,2,86,1,0
17,170709,2,2,1,22,10,4,33,12,6,1,0,17,3,84,881,84881,66,2005,2HSCESBR75C2,2,H,S,C,E,S,B,R,7,5,C,2,1,T,INTL,92I,TR,5,17,,8,0,0,920,D,,,6,763,,,,,00000,00,,64,1,57,311354,57311354,3,6,2,1,0,0,0,0,0,0,0,998,0,1,5,2,98,6,2,1,0,0,0,1,17,61350,6,1,6,3,3,0,72,170,0,0,0,0,0,0,0,0,0,0,0,0,0,0,1,2,55,1,1,2,1,0,0,1,66,1,1,1,87,0,0
17,170711,1,1,1,11,10,22,48,34,0,1,0,17,1,22,2,22002,4,1997,1G2HZ52K4VH2,1,G,2,H,Z,5,2,K,4,V,H,2,0,P,PONT,BSE,4D,97,17,3491,,0,1108,,G,,F,6,231,,,16R225,,,,,,0,0,000000000,00000000000,0,0,0,1,0,0,0,0,0,0,0,998,0,1,5,14,98,6,2,1,0,0,0,1,17,61545,6,1,0,0,3,3,63,110,1,0,0,2,0,1,2009,5,2009,1,28,0,0,0,1,2,55,1,1,2,1,0,0,1,13,1,1,4,1,1,1
17,170712,1,1,1,22,10,21,28,8,0,1,0,48,1,35,47,35047,4,2010,1N4BL2AP7AC1,1,N,4,B,L,2,A,P,7,A,C,1,0,P,NISS,ATR,4D,10,17,3240,,0,1093,,G,,F,6,214,,,16R215,,,,,,0,0,000000000,00000000000,0,0,0,1,0,0,0,0,0,0,0,998,0,0,0,12,12,8,8,8,0,0,0,1,13,60517,6,1,0,0,3,0,72,175,0,0,0,0,0,0,0,0,0,0,0,0,0,0,1,4,40,1,1,2,1,0,0,1,80,1,1,1,13,0,0
17,170713,1,1,1,23,10,0,54,42,0,1,0,17,2,6,54,6054,6,2004,2C8GF68404R3,2,C,8,G,F,6,8,4,0,4,R,3,0,P,CHRY,PIF,UT,4,17,4546,,0,1163,,G,,F,6,214,,,17R235,,,,,,0,0,000000000,00000000000,0,0,0,1,0,0,0,0,0,0,0,998,0,0,0,12,12,6,2,42,0,0,0,1,17,60504,2,1,0,0,2,3,66,160,0,1,0,2,1,1,2009,4,2010,1,28,0,0,0,1,2,30,1,1,2,1,0,0,1,13,1,1,4,1,1,1
17,170714,1,2,1,8,10,16,28,33,0,1,0,17,1,12,471,12471,30,2005,1FTZR45E05PA,1,F,T,Z,R,4,5,E,0,5,P,A,0,T,FORD,RNS,4C,5,17,,1,0,1259,RNG,G,,,6,245,,,,B,3697,00,U,44,0,0,000000000,00000000000,0,0,0,1,0,0,0,0,0,0,0,998,0,1,3,14,98,6,2,1,0,0,0,1,17,60404,6,1,6,0,3,0,68,175,0,0,0,0,0,0,0,0,0,1,28,0,0,0,2,4,45,1,1,2,1,0,0,1,6,6,2,4,98,0,1
17,170714,2,2,1,8,10,16,28,33,0,1,0,17,1,72,706,72706,80,2010,1HD1PR815AB9,1,H,D,1,P,R,8,1,5,A,B,9,0,M,HD,SE5,RS,10,17,,,,,,,1803,,2,,4,924,,,,,,,0,0,000000000,00000000000,0,0,0,1,0,0,0,0,0,0,0,998,0,0,0,12,12,6,2,12,0,0,0,1,17,60564,6,1,0,0,3,0,75,285,0,0,0,0,0,0,0,0,0,0,0,0,0,0,2,4,45,1,1,2,1,0,0,1,62,1,1,1,98,1,0
17,170715,1,2,1,29,10,11,55,12,2,1,0,17,1,72,706,72706,80,2006,1HD1FCW196Y6,1,H,D,1,F,C,W,1,9,6,Y,6,0,M,HD,FLU,RS,6,17,,,,,,,1450,,2,,4,788,,,,,,,0,0,000000000,00000000000,0,0,0,1,0,0,0,0,0,0,0,998,0,0,0,12,12,6,2,12,0,0,0,1,17,62864,6,1,0,0,3,3,70,235,0,0,0,0,0,0,0,0,0,1,28,0,0,0,1,2,55,2,2,2,1,0,0,14,10,1,1,2,50,1,0
17,170715,2,2,1,29,10,11,55,12,2,1,0,17,1,7,482,7482,31,2009,1D3HV13T19S7,1,D,3,H,V,1,3,T,1,9,S,7,0,T,DODG,150,CW,9,17,,2,0,1400,RPC,G,,,8,348,,,,B,5200,00,K,44,0,0,000000000,00000000000,0,0,0,1,0,0,0,0,0,0,0,998,0,0,0,12,12,6,2,12,0,0,0,1,17,62901,6,1,0,0,3,0,67,165,0,0,0,0,0,0,0,0,0,0,0,0,0,0,1,2,55,3,2,2,1,0,0,14,62,7,1,1,51,0,0
17,170716,1,1,1,11,11,23,54,1,0,1,0,17,1,20,403,20403,14,2003,1GNDT13S4322,1,G,N,D,T,1,3,S,4,3,2,2,0,P,CHEV,TRL,UT,3,17,4600,,0,1130,,G,,F,6,256,,,16R245,,,,,,0,0,000000000,00000000000,0,0,0,1,0,0,0,0,0,0,0,998,0,2,6,0,0,6,2,1,0,0,0,1,17,62621,6,1,0,0,3,0,64,145,0,0,0,0,0,0,0,0,0,1,28,0,0,0,1,2,55,1,3,2,1,0,0,1,9,3,7,4,2,1,0
17,170717,1,2,1,15,11,10,4,12,2,1,0,17,1,37,32,37032,4,2004,1HGCM56384A1,1,H,G,C,M,5,6,3,8,4,A,1,0,P,HOND,ULX,4D,4,17,3113,,0,1079,,G,,F,4,146,,,15R205,,,,,,0,0,000000000,00000000000,0,0,0,1,0,0,0,0,0,0,0,998,0,0,0,12,12,6,2,12,0,0,0,1,17,61501,6,1,0,0,3,3,67,145,0,0,0,2,0,1,2011,3,2011,1,51,28,38,0,1,2,55,1,1,2,1,0,0,15,10,1,1,2,50,0,0
17,170717,2,2,2,15,11,10,4,12,2,1,0,17,1,14,401,14401,14,2001,4M2ZU86P91UJ,4,M,2,Z,U,8,6,P,9,1,U,J,0,P,MERC,MOU,UT,1,17,4250,,0,1116,,G,,F,8,302,,,15R235,,,,,,0,0,000000000,00000000000,0,0,0,1,0,0,0,0,0,0,0,998,0,0,0,12,12,6,2,12,0,0,0,1,17,61501,6,1,0,0,3,0,73,200,0,0,0,0,0,0,0,0,0,0,0,0,0,0,1,2,55,1,1,2,1,0,0,1,62,6,1,2,51,1,0
17,170718,1,6,1,18,11,16,20,12,1,1,0,17,2,13,5,13005,4,1998,1LNFM97V5WY6,1,L,N,F,M,9,7,V,5,W,Y,6,0,P,LINC,CON,4D,98,17,3868,,0,1090,,G,,F,8,281,,,16R225,,,,,,0,0,000000000,00000000000,0,0,0,1,0,0,0,0,0,0,0,998,0,0,0,12,12,6,2,12,0,0,0,1,17,60062,6,1,0,0,3,3,65,175,0,0,0,0,0,0,0,0,0,1,26,0,0,0,3,3,55,1,1,1,1,0,0,15,10,1,1,2,24,1,0