STATE,ST_CASE,VEH_NO,VE_FORMS,NUMOCCS,DAY,MONTH,HOUR,MINUTE,HARM_EV,MAN_COLL,UNITTYPE,HIT_RUN,REG_STAT,OWNER,MAKE,MODEL,MAK_MOD,BODY_TYP,MOD_YEAR,VIN,VIN_1,VIN_2,VIN_3,VIN_4,VIN_5,VIN_6,VIN_7,VIN_8,VIN_9,VIN_10,VIN_11,VIN_12,TOW_VEH,VINTYPE,VINMAKE,VINA_MOD,VIN_BT,VINMODYR,VIN_LNGT,VIN_WGT,WGTCD_TR,WHLBS_LG,WHLBS_SH,SER_TR,FUELCODE,MCYCL_DS,CARBUR,CYLINDER,DISPLACE,MCYCL_CY,MCYCL_WT,TIRE_SZE,TON_RAT,TRK_WT,TRKWTVAR,VIN_REST,WHLDRWHL,J_KNIFE,MCARR_I1,MCARR_I2,MCARR_ID,GVWR,V_CONFIG,CARGO_BT,HAZ_INV,HAZ_PLAC,HAZ_ID,HAZ_CNO,HAZ_REL,BUS_USE,SPEC_USE,EMER_USE,TRAV_SP,UNDERIDE,ROLLOVER,ROLINLOC,IMPACT1,IMPACT2,DEFORMED,TOWED,M_HARM,VEH_SC1,VEH_SC2,FIRE_EXP,DR_PRES,L_STATE,DR_ZIP,L_STATUS,L_TYPE,CDL_STAT,L_ENDORS,L_COMPL,L_RESTRI,DR_HGT,DR_WGT,PREV_ACC,PREV_SUS,PREV_DWI,PREV_SPD,PREV_OTH,FIRST_MO,FIRST_YR,LAST_MO,LAST_YR,SPEEDREL,DR_SF1,DR_SF2,DR_SF3,DR_SF4,VTRAFWAY,VNUM_LAN,VSPD_LIM,VALIGN,VPROFILE,VPAVETYP,VSURCOND,VTRAFCON,VTCONT_F,P_CRASH1,P_CRASH2,P_CRASH3,PCRASH4,PCRASH5,ACC_TYPE,DEATHS,DR_DRINK
17,170780,3,3,1,29,11,19,5,8,0,1,1,99,9,99,999,99999,99,9999,999999999999,9,9,9,9,9,9,9,9,9,9,9,9,0,,,,,,,,,,,,,,,,,,,,,,,,,0,0,000000000,00000000000,0,0,0,1,0,0,0,0,0,0,0,998,0,0,0,14,14,2,1,8,0,0,0,1,99,99999,9,9,99,9,9,9,999,999,99,99,99,99,99,99,9999,99,9999,0,99,99,99,99,5,2,45,1,2,2,1,0,0,1,80,1,1,1,98,0,0
17,170781,1,1,2,1,12,18,14,8,0,1,0,17,1,49,442,49442,20,2000,4T3ZF13C0YU2,4,T,3,Z,F,1,3,C,0,Y,U,2,0,P,TOYT,SIE,SV,0,17,3890,,0,1142,,G,,F,6,183,,,15R205,,,,,,0,0,000000000,00000000000,0,0,0,1,0,0,0,0,0,0,0,998,0,0,0,12,12,6,2,8,0,0,0,1,17,62684,6,1,0,0,3,0,72,175,0,0,0,1,0,4,2010,4,2010,0,0,0,0,0,2,3,45,1,1,1,1,0,0,1,80,1,1,1,13,0,0
17,170782,1,1,1,9,12,21,56,31,0,1,0,17,1,12,17,12017,4,2006,1FAFP56U56A2,1,F,A,F,P,5,6,U,5,6,A,2,0,P,FORD,TEL,4D,6,17,3314,,0,1085,,G,,F,6,183,,,16R215,,,,,,0,0,000000000,00000000000,0,0,0,1,0,0,0,0,0,0,0,998,0,1,4,12,98,6,2,1,0,0,0,1,17,62206,6,1,0,0,3,0,65,260,0,0,0,0,0,0,0,0,0,0,28,0,0,0,6,1,65,2,2,1,1,0,0,14,12,99,9,4,10,1,0
17,170783,1,1,1,10,12,1,37,41,0,1,0,17,1,22,22,22022,4,2005,1G2ZH5280541,1,G,2,Z,H,5,2,8,0,5,4,1,0,P,PONT,GGT,4D,5,17,3425,,0,1123,,G,,F,6,214,,,17R225,,,,,,0,0,000000000,00000000000,0,0,0,1,0,0,0,0,0,0,0,998,0,1,6,14,98,6,2,1,0,0,0,1,17,61940,6,1,0,0,3,0,71,130,0,0,0,0,1,8,2010,8,2010,1,28,0,0,0,1,2,30,1,1,2,1,0,0,1,12,1,1,4,6,1,1
17,170784,1,1,1,7,12,21,20,8,0,1,0,17,2,14,17,14017,4,2000,1MEFM55S8YG6,1,M,E,F,M,5,5,S,8,Y,G,6,0,P,MERC,SLP,4D,0,17,3375,,0,1085,,G,,F,6,182,,,16R215,,,,,,0,0,000000000,00000000000,0,0,0,1,0,0,0,0,0,0,0,35,0,0,0,12,12,2,1,8,0,0,0,1,17,62441,6,1,0,0,3,0,66,125,0,0,0,0,0,0,0,0,0,0,0,0,0,0,5,2,35,1,1,2,1,0,0,1,80,1,1,1,13,0,0
17,170785,1,1,1,9,12,1,28,34,0,1,0,17,1,23,481,23481,31,1997,2GTEK19R0V15,2,G,T,E,K,1,9,R,0,V,1,5,0,T,GMC,SK1,PC,97,17,,2,1555,1415,SIE,G,,,8,350,,,,B,00000,00,E,44,0,0,000000000,00000000000,0,0,0,1,0,0,0,0,0,0,0,998,0,1,5,14,98,6,2,1,0,0,0,1,17,60928,6,1,0,0,3,3,66,183,0,0,0,0,0,0,0,0,0,1,28,0,0,0,1,2,55,2,1,2,2,0,0,14,12,1,1,4,6,1,1
17,170786,1,1,1,9,12,1,40,1,0,1,0,17,1,12,401,12401,14,1999,1FMYU24E9XUA,1,F,M,Y,U,2,4,E,9,X,U,A,0,P,FORD,EPR,UT,99,17,3898,,0,1017,,G,,F,6,245,,,15R235,,,,,,0,0,000000000,00000000000,0,0,0,1,0,0,0,0,0,0,0,998,0,1,5,0,13,6,2,1,0,0,0,1,17,60447,6,1,0,0,3,0,64,130,1,1,0,3,0,10,2009,2,2010,1,99,99,99,99,3,2,65,1,1,1,2,0,0,1,6,7,7,4,2,1,1
17,170787,1,2,1,10,12,21,55,12,6,1,0,17,2,12,481,12481,31,2002,1FTNF20L22ED,1,F,T,N,F,2,0,L,2,2,E,D,0,T,FORD,F2S,PK,2,17,,2,0,1370,SRW,G,,,8,330,,,,C,5316,01,U,42,0,0,000000000,00000000000,0,0,0,1,0,0,0,0,0,0,0,998,0,0,0,12,12,6,2,12,0,0,0,1,17,61938,2,1,0,0,2,3,67,115,0,1,0,0,0,8,2009,8,2009,1,38,0,0,0,1,2,30,1,1,2,1,20,3,1,17,1,1,1,86,0,1
17,170787,2,2,1,10,12,21,55,12,6,1,0,17,1,19,3,19003,4,2001,1G6KD54Y41U1,1,G,6,K,D,5,4,Y,4,1,U,1,0,P,CADI,DFW,4D,1,17,3978,,0,1138,,G,,F,8,279,,,16R225,,,,,,0,0,000000000,00000000000,0,0,0,1,0,0,0,0,0,0,0,998,0,0,0,3,3,6,2,12,0,0,0,1,17,61938,6,1,0,0,3,0,63,170,0,0,0,0,0,0,0,0,0,0,0,0,0,0,1,2,99,1,1,2,1,20,3,1,66,1,1,1,87,1,0
17,170788,1,1,3,10,12,2,22,18,0,1,0,17,2,37,31,37031,2,2009,2HGFG12609H5,2,H,G,F,G,1,2,6,0,9,H,5,0,P,HOND,UCL,CP,9,17,2659,,0,1043,,G,,F,4,110,,,16R205,,,,,,0,0,000000000,00000000000,0,0,0,1,0,0,0,0,0,0,0,998,0,0,0,12,12,6,2,18,0,0,0,1,17,60403,6,1,0,0,3,3,76,190,0,0,0,0,0,0,0,0,0,1,27,0,0,0,3,2,65,1,1,1,1,0,0,15,12,1,1,4,6,3,1
17,170789,1,2,1,14,12,8,15,21,0,1,0,17,1,84,881,84881,66,1992,2HSFBCPRXNC0,2,H,S,F,B,C,P,R,X,N,C,0,1,T,INTL,930,TR,92,17,,8,1850,1540,90S,D,,,6,855,,,,,00000,00,,64,1,57,814844,57814844,3,6,3,1,0,0,0,0,0,0,0,998,0,0,0,14,14,6,2,54,0,0,0,1,17,62366,6,1,6,0,3,3,66,176,0,0,0,0,0,0,0,0,0,0,28,0,0,0,1,2,45,1,2,2,1,0,0,1,13,6,1,4,98,0,0
17,170789,2,2,1,14,12,8,15,21,0,1,0,29,1,34,34,34034,9,2011,5UXZV8C55BL4,5,U,X,Z,V,8,C,5,5,B,L,4,0,P,BMW,BX5,UT,11,17,5379,,0,1155,,G,,T,8,268,,,18R255,,,,,,0,0,000000000,00000000000,0,0,0,1,0,0,0,0,0,0,0,998,0,0,0,12,12,6,2,54,0,0,0,1,29,63367,6,1,0,0,3,0,72,185,0,0,0,1,0,10,2011,10,2011,0,0,0,0,0,1,2,45,1,2,2,1,0,0,1,98,1,1,1,98,1,0
17,170790,1,1,1,15,12,5,0,35,0,1,0,17,2,20,37,20037,4,2005,1G1ND52F75M1,1,G,1,N,D,5,2,F,7,5,M,1,0,P,CHEV,CLA,4D,5,17,3106,,0,1070,,G,,F,4,134,,,15R205,,,,,,0,0,000000000,00000000000,0,0,0,1,0,0,0,0,0,0,0,998,0,1,6,14,98,6,2,1,0,0,0,1,17,61880,6,1,0,0,3,3,70,200,0,0,0,1,0,7,2010,7,2010,0,28,0,0,0,1,2,55,1,1,2,1,0,0,1,12,1,1,4,6,1,1
17,170791,1,1,2,9,12,1,25,23,0,1,0,47,3,84,881,84881,66,2011,3HSCUAPRXBN2,3,H,S,C,U,A,P,R,X,B,N,2,1,T,INTL,PPR,TR,11,17,,8,0,0,PRO,D,,,6,915,,,,,00000,00,,64,3,57,273818,57273818,3,6,1,1,0,0,0,0,0,0,0,55,0,1,5,11,98,6,2,1,0,0,0,1,5,72364,6,1,6,3,3,3,62,170,0,0,0,0,0,0,0,0,0,1,79,87,0,0,3,2,65,1,2,1,3,0,0,1,5,1,7,4,7,1,0
17,170792,1,2,1,10,12,14,15,12,6,1,0,17,1,12,481,12481,31,2004,1FTPX12594NC,1,F,T,P,X,1,2,5,9,4,N,C,0,T,FORD,F15,4C,4,17,,2,1450,1260,COF,G,,,8,330,,,,B,5170,00,U,42,0,0,000000000,00000000000,0,0,0,1,0,0,0,0,0,0,0,998,0,0,0,12,12,6,2,12,0,0,0,1,17,60411,6,1,0,0,3,3,70,200,0,0,0,0,0,0,0,0,0,0,39,0,0,0,1,2,55,1,1,2,1,20,3,1,17,1,1,1,86,1,0
17,170792,2,2,3,10,12,14,15,12,6,1,0,17,1,51,883,51883,66,2000,4V4ND1RH7YN7,4,V,4,N,D,1,R,H,7,Y,N,7,1,T,VOLV,VVN,TR,0,17,,8,0,0,VVN,D,,,6,774,,,,,00000,00,,64,1,57,688143,57688143,3,6,1,1,0,0,0,0,0,0,0,998,0,0,0,3,3,6,2,12,0,0,0,1,17,60448,6,1,6,3,3,3,69,190,0,0,0,0,0,0,0,0,0,0,24,0,0,0,1,2,55,1,1,2,1,0,0,1,66,1,1,1,87,0,0
17,170793,1,1,1,9,12,5,40,8,0,1,0,17,3,20,870,20870,55,2005,1GBJG31UX512,1,G,B,J,G,3,1,U,X,5,1,2,0,T,CHEV,CT3,YY,5,17,,3,1770,1390,ETV,G,,,8,366,,,,D,4881,00,,42,0,88,888888888,88888888888,2,21,22,1,0,0,0,0,98,0,0,998,0,0,0,11,12,6,2,8,0,0,0,1,17,60143,6,1,6,0,3,0,70,195,0,0,0,1,0,3,2009,3,2009,1,36,0,0,0,3,4,65,1,1,1,3,0,0,1,13,1,1,4,13,0,0
17,170794,1,2,1,13,12,14,45,12,6,1,0,17,2,22,22,22022,4,2007,1G2ZG58BX742,1,G,2,Z,G,5,8,B,X,7,4,2,0,P,PONT,6BS,4D,7,17,3305,,0,1123,,G,,F,4,146,,,17R225,,,,,,0,0,000000000,00000000000,0,0,0,1,0,0,0,0,0,0,0,998,0,0,0,3,3,6,2,12,0,0,0,1,17,62233,6,1,0,0,3,0,67,115,0,0,0,0,0,0,0,0,0,1,87,0,0,0,1,2,55,2,1,2,2,0,0,14,5,8,3,2,65,1,0
17,170794,2,2,1,13,12,14,45,12,6,1,0,17,3,84,881,84881,62,2005,1HTMMAAL85H6,1,H,T,M,M,A,A,L,8,5,H,6,0,T,INTL,430,CC,5,17,,6,0,0,40S,D,,,6,466,,,,,00000,00,,42,0,57,33290,5733290,2,1,1,1,0,0,0,0,0,0,0,998,0,0,0,12,12,6,2,12,0,0,0,1,17,62242,6,1,6,0,3,0,69,180,0,0,0,0,0,0,0,0,0,1,0,0,0,0,1,2,55,3,1,2,2,0,0,14,62,1,1,1,64,0,0
17,170795,1,1,3,13,12,20,40,42,0,1,0,17,2,20,401,20401,14,1999,1GNCS18W6XK2,1,G,N,C,S,1,8,W,6,X,K,2,0,P,CHEV,BZR,UT,99,17,3536,,0,1005,,G,,F,6,262,,,15R205,,,,,,0,0,000000000,00000000000,0,0,0,1,0,0,0,0,0,0,0,998,0,0,0,12,12,6,2,42,0,0,0,1,17,61108,6,1,0,0,3,0,73,180,0,0,0,0,0,0,0,0,0,0,28,0,0,0,1,2,99,1,1,2,1,0,0,1,9,7,2,4,2,2,1
17,170796,1,1,1,20,12,6,34,8,0,1,0,17,1,30,46,30046,4,2005,WVWRU63B55E0,W,V,W,R,U,6,3,B,5,5,E,0,0,P,VOLK,PGX,4D,5,17,3327,,0,1064,,G,,F,6,169,,,16R205,,,,,,0,0,000000000,00000000000,0,0,0,1,0,0,0,0,0,0,0,998,0,0,0,12,12,4,3,8,0,0,0,1,29,62040,6,1,0,0,3,0,68,150,0,0,0,2,0,9,2009,5,2011,0,0,0,0,0,1,2,35,1,1,2,2,0,0,1,80,1,1,1,13,0,0
17,170797,1,1,2,16,12,1,0,30,0,1,0,17,1,18,2,18002,4,1994,1G4HR52LXRH4,1,G,4,H,R,5,2,L,X,R,H,4,0,P,BUIC,LLF,4D,94,17,3449,,0,1108,,G,,F,6,231,,,15R205,,,,,,0,0,000000000,00000000000,0,0,0,1,0,0,0,0,0,0,0,998,0,1,5,12,12,6,2,30,0,0,1,1,17,61072,6,1,0,0,3,0,74,250,0,0,0,0,0,0,0,0,0,1,28,0,0,0,1,2,55,3,1,2,1,0,0,14,13,99,1,4,1,1,1
17,170798,1,1,2,21,12,5,50,32,0,1,0,17,1,35,401,35401,14,2005,5N1AA08B65N7,5,N,1,A,A,0,8,B,6,5,N,7,0,P,NISS,ARM,UT,5,17,5276,,0,1232,,G,,F,8,342,,,18R265,,,,,,0,0,000000000,00000000000,0,0,0,1,0,0,0,0,0,0,0,998,0,1,5,14,98,6,2,2,0,0,1,1,17,62801,6,1,0,0,3,0,66,160,0,0,0,2,0,12,2009,12,2010,1,28,0,0,0,1,2,55,1,1,2,2,0,0,1,12,9,1,4,6,1,0
17,170799,1,1,1,21,12,9,53,31,0,1,0,17,2,20,2,20002,4,2004,2G1WF52E4493,2,G,1,W,F,5,2,E,4,4,9,3,0,P,CHEV,IMP,4D,4,17,3389,,0,1105,,G,,F,6,207,,,16R225,,,,,,0,0,000000000,00000000000,0,0,0,1,0,0,0,0,0,0,0,998,0,1,6,12,98,6,2,3,0,0,0,1,17,60431,6,1,0,0,3,0,75,180,0,0,0,0,0,0,0,0,0,1,28,36,0,0,2,2,45,2,1,1,2,29,3,14,13,1,1,4,1,1,1
17,170800,1,1,1,12,9,10,13,9,0,1,0,17,3,98,983,98983,52,2008,5FYD4FV148B0,5,F,Y,D,4,F,V,1,4,8,B,0,0,U,,,,8,17,,,,,,,,,,,,,,,,,,,0,77,777777777,77777777777,3,21,22,1,0,0,0,0,6,0,0,998,0,0,0,3,3,2,1,9,0,0,0,1,17,60643,6,1,6,3,3,0,60,210,0,0,0,0,0,0,0,0,0,0,0,0,0,0,1,3,30,1,1,2,1,0,0,1,83,6,1,1,13,0,0
17,170801,1,2,1,8,10,21,1,12,1,1,0,17,1,72,706,72706,80,2001,1HD1CGP101K1,1,H,D,1,C,G,P,1,0,1,K,1,0,M,HD,20C,RS,1,17,,,,,,,1200,,2,,4,491,,,,,,,0,0,000000000,00000000000,0,0,0,1,0,0,0,0,0,0,0,998,0,0,0,12,12,6,2,12,0,0,0,1,17,61761,6,1,0,0,3,0,74,200,0,0,0,0,0,0,0,0,0,0,38,0,0,0,1,2,55,1,1,2,1,0,0,1,51,1,1,1,28,1,1
17,170801,2,2,1,8,10,21,1,12,1,1,0,17,2,98,998,98998,92,2008,000000000000,0,0,0,0,0,0,0,0,0,0,0,0,0,,,,,,,,,,,,,,,,,,,,,,,,,0,0,000000000,00000000000,0,0,0,1,0,0,0,0,0,0,0,15,0,0,0,6,6,2,1,12,0,0,0,1,17,61776,6,1,0,0,3,0,72,180,0,0,0,1,0,7,2011,7,2011,0,22,0,0,0,1,2,55,1,1,2,1,0,0,2,53,1,1,1,29,0,0
17,170802,1,1,1,13,10,19,40,8,0,1,1,17,2,20,481,20481,31,2001,1GCGC24U81Z1,1,G,C,G,C,2,4,U,8,1,Z,1,0,T,CHEV,SC2,PK,1,17,,2,0,1330,SIL,G,,,8,364,,,,C,4746,00,,42,0,0,000000000,00000000000,0,0,0,1,0,0,0,0,0,0,0,998,0,0,0,12,12,2,1,8,0,0,0,1,17,60085,6,1,0,0,3,0,70,160,0,1,0,2,0,4,2009,1,2010,1,38,0,0,0,1,2,30,1,1,2,2,0,0,1,80,1,1,1,13,0,0
17,170803,1,1,1,25,10,13,25,8,0,1,0,17,2,2,405,2405,14,2004,1J4GL58KX4W2,1,J,4,G,L,5,8,K,X,4,W,2,0,T,JEEP,LMD,4W,4,17,,1,0,1043,LIB,G,,,6,226,,,,,3892,00,E,44,0,0,000000000,00000000000,0,0,0,1,0,0,0,0,0,0,0,998,0,0,0,12,12,6,2,8,0,0,0,1,17,60638,6,1,0,0,3,0,68,120,0,0,0,0,1,3,2011,3,2011,0,38,0,0,0,4,4,30,1,1,2,1,0,0,1,80,1,1,1,13,0,1
17,170804,1,1,1,28,11,10,0,14,0,1,0,17,1,2,404,2404,14,2002,1J4GW58S92C3,1,J,4,G,W,5,8,S,9,2,C,3,0,T,JEEP,LMT,4W,2,17,,1,0,1059,GCK,G,,,6,244,,,,,3980,01,E,44,0,0,000000000,00000000000,0,0,0,1,0,0,0,0,0,0,0,998,0,0,0,9,9,6,2,14,0,0,0,1,17,60532,6,1,0,0,3,3,63,170,0,0,0,0,0,0,0,0,0,0,52,0,0,0,1,2,99,1,1,2,1,0,0,2,12,6,7,4,7,1,0
17,170805,1,1,1,4,11,13,20,9,0,1,0,17,3,98,881,98881,61,2009,5B4KPD287934,5,B,4,K,P,D,2,8,7,9,3,4,0,U,,,,9,17,,,,,,,,,,,,,,,,,,,0,88,888888888,88888888888,2,1,1,1,0,0,0,0,0,0,0,998,0,0,0,2,2,2,1,9,0,0,0,1,17,60628,6,1,6,3,3,3,72,315,0,0,0,0,0,0,0,0,0,0,99,99,99,99,1,2,99,1,1,2,1,0,0,1,83,99,9,9,13,0,0
17,170806,1,1,1,4,11,13,30,8,0,1,0,17,2,12,17,12017,4,2002,1FAFP56S62G1,1,F,A,F,P,5,6,S,6,2,G,1,0,P,FORD,TEL,4D,2,17,3408,,0,1085,,G,,F,6,182,,,16R215,,,,,,0,0,000000000,00000000000,0,0,0,1,0,0,0,0,0,0,0,998,0,0,0,12,12,2,1,8,0,0,0,1,17,60621,6,1,0,0,3,3,69,190,0,0,0,0,0,0,0,0,0,0,38,0,0,0,1,2,25,1,1,2,1,2,3,1,80,1,1,1,13,0,0
17,170807,1,4,1,21,11,7,29,12,7,1,0,17,1,20,401,20401,14,2002,1GNDS13S3224,1,G,N,D,S,1,3,S,3,2,2,4,0,P,CHEV,TRL,UT,2,17,4442,,0,1130,,G,,F,6,256,,,16R245,,,,,,0,0,000000000,00000000000,0,0,0,1,0,0,0,0,0,0,0,998,0,0,0,11,12,6,2,12,0,0,0,1,17,60621,6,1,0,0,3,0,73,200,0,0,0,0,0,0,0,0,0,1,38,0,0,0,1,4,30,1,1,2,1,2,3,1,51,1,1,1,44,0,0
17,170807,2,4,1,21,11,7,29,12,7,1,0,17,1,51,45,51045,4,2004,YV1TH59H7413,Y,V,1,T,H,5,9,H,7,4,1,3,0,P,VOLV,S82,4D,4,17,3703,,0,1099,,G,,T,5,153,,,16R215,,,,,,0,0,000000000,00000000000,0,0,0,1,0,0,0,0,0,0,0,5,0,0,0,2,2,2,1,12,0,0,0,1,17,60620,6,1,0,0,3,0,66,140,0,0,0,0,0,0,0,0,0,0,0,0,0,0,1,2,30,1,1,2,1,2,3,3,53,1,1,1,45,0,0
17,170807,3,4,5,21,11,7,29,12,7,1,0,17,1,20,20,20020,4,1997,2G1WL52M3V92,2,G,1,W,L,5,2,M,3,V,9,2,0,P,CHEV,L/S,4D,97,17,3360,,0,1075,,G,,F,6,191,,,15R205,,,,,,0,0,000000000,00000000000,0,0,0,1,0,0,0,0,0,0,0,5,0,0,0,6,6,6,2,12,0,0,0,1,17,60805,6,1,0,0,3,0,72,164,0,0,0,0,0,0,0,0,0,0,0,0,0,0,1,2,30,1,1,2,1,3,3,3,53,1,1,1,98,1,0
17,170807,4,4,1,21,11,7,29,12,7,1,0,17,1,24,401,24401,14,2006,5GZCZ53456S8,5,G,Z,C,Z,5,3,4,5,6,S,8,0,P,STRN,VUE,UT,6,17,3478,,0,1066,,G,,F,6,214,,,16R215,,,,,,0,0,000000000,00000000000,0,0,0,1,0,0,0,0,0,0,0,5,0,0,0,6,6,2,1,12,0,0,0,1,17,60637,6,1,0,0,3,0,62,150,0,0,0,0,0,0,0,0,0,0,0,0,0,0,1,2,30,1,1,2,1,2,3,3,61,1,1,1,98,0,0
17,170808,1,1,1,21,11,14,52,8,0,1,0,17,1,12,461,12461,21,1994,1FTFE24Y8RHB,1,F,T,F,E,2,4,Y,8,R,H,B,0,T,FORD,25V,CG,94,17,,2,0,1380,VAN,G,,,6,300,,,,C,5067,00,B,42,0,0,000000000,00000000000,0,0,0,1,0,0,0,0,0,0,0,998,0,0,0,12,12,2,1,8,0,0,0,1,17,60645,6,1,0,0,3,0,72,200,1,0,0,0,0,8,2010,8,2010,0,38,48,0,0,1,2,99,1,1,2,1,2,3,10,80,1,1,2,13,0,0
17,170809,1,4,3,12,12,17,41,12,6,1,0,55,3,12,881,12881,61,1994,1FDLF47F5REA,1,F,D,L,F,4,7,F,5,R,E,A,0,T,FORD,FSD,CB,94,17,,4,1850,1370,COF,D,,,8,444,,,,E,5521,00,A,42,0,77,777777777,77777777777,2,1,96,1,0,0,0,0,0,0,0,998,0,1,1,12,12,6,2,12,0,0,0,1,55,53139,6,1,0,0,3,0,72,165,0,0,0,1,1,3,2009,4,2011,1,39,0,0,0,2,2,55,3,3,2,1,3,3,14,17,1,1,1,69,0,0
17,170809,2,4,3,12,12,17,41,12,6,1,0,17,1,13,5,13005,4,2000,1LNHM97V5YY8,1,L,N,H,M,9,7,V,5,Y,Y,8,0,P,LINC,CON,4D,0,17,3848,,0,1090,,G,,F,8,281,,,16R225,,,,,,0,0,000000000,00000000000,0,0,0,1,0,0,0,0,0,0,0,998,0,0,0,3,3,6,2,12,0,0,0,1,17,60042,6,1,0,0,3,3,75,260,0,0,0,1,1,3,2009,11,2010,0,0,0,0,0,2,2,55,2,3,2,1,3,3,11,62,1,1,2,68,1,0
17,170809,3,4,1,12,12,17,41,12,6,1,0,17,1,20,25,20025,4,2011,1G1PG5S90B72,1,G,1,P,G,5,S,9,0,B,7,2,0,P,CHEV,CZT,4D,11,17,3102,,0,1057,,G,,T,4,085,,,16R215,,,,,,0,0,000000000,00000000000,0,0,0,1,0,0,0,0,0,0,0,0,0,0,0,11,11,6,2,12,0,0,0,1,17,60042,6,1,0,0,3,0,62,130,0,0,0,0,0,0,0,0,0,0,0,0,0,0,1,2,55,3,3,2,1,3,3,5,62,1,1,1,98,0,0
17,170809,4,4,2,12,12,17,41,12,6,1,0,17,1,12,24,12024,6,2008,2FMDK36C48BA,2,F,M,D,K,3,6,C,4,8,B,A,0,P,FORD,EDG,UT,8,17,4073,,0,1112,,G,,F,6,214,,,17R235,,,,,,0,0,000000000,00000000000,0,0,0,1,0,0,0,0,0,0,0,0,0,0,0,11,11,6,2,12,0,0,0,1,17,60042,6,1,0,0,3,0,67,245,0,0,0,0,0,0,0,0,0,0,0,0,0,0,1,2,55,3,3,2,1,3,3,5,61,1,1,1,98,0,0
17,170810,1,1,1,13,12,5,29,8,0,1,0,17,1,20,37,20037,4,1998,1G1ND52M7W61,1,G,1,N,D,5,2,M,7,W,6,1,0,P,CHEV,MAL,4D,98,17,3100,,0,1070,,G,,F,6,191,,,15R215,,,,,,0,0,000000000,00000000000,0,0,0,1,0,0,0,0,0,0,0,35,0,0,0,12,12,6,2,8,0,0,0,1,17,60639,6,1,0,0,3,0,68,228,0,0,0,0,0,0,0,0,0,0,0,0,0,0,1,4,40,1,1,2,1,0,0,1,80,7,1,1,13,0,0
17,170811,1,1,6,13,12,11,42,8,0,1,0,17,3,94,981,94981,50,2007,1T88T4C20712,1,T,8,8,T,4,C,2,0,7,1,2,0,T,THMS,,,7,17,,,,,,,,,,,,,,,,,,,0,57,350651,57350651,2,21,22,1,0,0,0,0,1,0,0,998,0,0,0,12,12,2,1,8,0,0,0,1,17,60007,6,1,6,3,3,3,72,190,0,0,0,0,0,0,0,0,0,0,38,0,0,0,1,2,25,1,1,2,1,0,0,1,80,1,1,2,13,0,0
17,170812,1,1,1,14,12,21,28,8,0,1,0,17,3,62,421,62421,15,2008,SALSK254X8A1,S,A,L,S,K,2,5,4,X,8,A,1,0,T,LNDR,SPH,4W,8,17,,2,0,1080,RSP,G,,,8,268,,,,,5468,00,7,44,0,0,000000000,00000000000,0,0,0,1,0,0,0,0,0,0,0,998,0,0,0,12,12,2,1,8,0,0,0,1,17,60649,6,1,0,0,3,3,69,172,0,0,0,0,0,0,0,0,0,1,38,0,0,0,1,4,30,1,1,2,2,0,0,1,80,1,1,1,13,0,0
17,170813,1,2,3,17,12,22,36,12,6,1,0,17,1,59,32,59032,4,1999,JT8BH28F0X01,J,T,8,B,H,2,8,F,0,X,0,1,0,P,LEXS,LS4,4D,99,17,3890,,0,1122,,G,,F,8,242,,,16R225,,,,,,0,0,000000000,00000000000,0,0,0,1,0,0,0,0,0,0,0,998,0,0,0,83,83,6,2,2,0,0,1,1,17,61701,6,1,0,0,3,3,74,175,0,0,0,0,0,0,0,0,0,0,28,0,0,0,1,2,30,1,1,2,99,0,0,1,9,7,4,2,64,1,1
17,170813,2,2,3,17,12,22,36,12,6,1,0,17,1,20,2,20002,2,2005,2G1WF52E4593,2,G,1,W,F,5,2,E,4,5,9,3,0,P,CHEV,IMP,4D,5,17,3389,,0,1105,,G,,F,6,207,,,16R225,,,,,,0,0,000000000,00000000000,0,0,0,1,0,0,0,0,0,0,0,998,0,0,0,12,12,6,2,2,0,0,1,1,17,62522,6,1,0,0,3,0,62,120,0,0,0,1,0,11,2010,11,2010,0,0,0,0,0,1,2,30,1,1,2,99,0,0,1,62,1,1,1,65,0,0
17,170814,1,1,1,14,12,16,49,8,0,1,0,17,1,23,421,23421,15,2009,1GKFK03209R2,1,G,K,F,K,0,3,2,0,9,R,2,0,T,GMC,NAL,4W,9,17,,2,0,1160,YUK,F,,,8,378,,,,B,5635,00,3,44,0,0,000000000,00000000000,0,0,0,1,0,0,0,0,0,0,0,10,0,0,0,11,11,2,1,8,0,0,0,1,17,62677,6,1,0,0,3,0,67,160,0,0,0,1,0,10,2010,10,2010,0,0,0,0,0,5,4,30,1,1,2,2,0,0,11,80,1,1,2,13,0,0
17,170815,1,1,1,19,12,16,58,8,0,1,0,17,1,22,401,22401,14,2001,3G7DA03E11S5,3,G,7,D,A,0,3,E,1,1,S,5,0,P,PONT,AZT,UT,1,17,3779,,0,1083,,G,,F,6,207,,,15R215,,,,,,0,0,000000000,00000000000,0,0,0,1,0,0,0,0,0,0,0,35,0,0,0,12,12,2,1,8,0,0,0,1,17,62901,6,1,0,0,3,0,72,175,0,0,0,1,1,4,2009,11,2009,0,0,0,0,0,2,6,35,1,1,2,2,0,0,1,80,8,1,2,13,0,0