STATE,ST_CASE,VEH_NO,VE_FORMS,NUMOCCS,DAY,MONTH,HOUR,MINUTE,HARM_EV,MAN_COLL,UNITTYPE,HIT_RUN,REG_STAT,OWNER,MAKE,MODEL,MAK_MOD,BODY_TYP,MOD_YEAR,VIN,VIN_1,VIN_2,VIN_3,VIN_4,VIN_5,VIN_6,VIN_7,VIN_8,VIN_9,VIN_10,VIN_11,VIN_12,TOW_VEH,VINTYPE,VINMAKE,VINA_MOD,VIN_BT,VINMODYR,VIN_LNGT,VIN_WGT,WGTCD_TR,WHLBS_LG,WHLBS_SH,SER_TR,FUELCODE,MCYCL_DS,CARBUR,CYLINDER,DISPLACE,MCYCL_CY,MCYCL_WT,TIRE_SZE,TON_RAT,TRK_WT,TRKWTVAR,VIN_REST,WHLDRWHL,J_KNIFE,MCARR_I1,MCARR_I2,MCARR_ID,GVWR,V_CONFIG,CARGO_BT,HAZ_INV,HAZ_PLAC,HAZ_ID,HAZ_CNO,HAZ_REL,BUS_USE,SPEC_USE,EMER_USE,TRAV_SP,UNDERIDE,ROLLOVER,ROLINLOC,IMPACT1,IMPACT2,DEFORMED,TOWED,M_HARM,VEH_SC1,VEH_SC2,FIRE_EXP,DR_PRES,L_STATE,DR_ZIP,L_STATUS,L_TYPE,CDL_STAT,L_ENDORS,L_COMPL,L_RESTRI,DR_HGT,DR_WGT,PREV_ACC,PREV_SUS,PREV_DWI,PREV_SPD,PREV_OTH,FIRST_MO,FIRST_YR,LAST_MO,LAST_YR,SPEEDREL,DR_SF1,DR_SF2,DR_SF3,DR_SF4,VTRAFWAY,VNUM_LAN,VSPD_LIM,VALIGN,VPROFILE,VPAVETYP,VSURCOND,VTRAFCON,VTCONT_F,P_CRASH1,P_CRASH2,P_CRASH3,PCRASH4,PCRASH5,ACC_TYPE,DEATHS,DR_DRINK
17,170816,1,1,1,21,12,22,12,34,0,1,0,17,2,12,17,12017,4,2001,1FAFP55UX1A1,1,F,A,F,P,5,5,U,X,1,A,1,0,P,FORD,TSS,4D,1,17,3343,,0,1085,,G,,F,6,182,,,16R215,,,,,,0,0,000000000,00000000000,0,0,0,1,0,0,0,0,0,0,0,998,0,0,0,14,14,6,2,30,0,0,0,1,17,61108,6,1,0,0,3,3,69,175,0,0,0,0,1,7,2011,7,2011,1,28,0,0,0,1,2,55,1,1,2,1,0,0,6,12,9,4,4,7,1,1
17,170817,1,2,4,24,12,15,18,12,2,1,0,17,1,12,3,12003,2,2007,1ZVFT82H0752,1,Z,V,F,T,8,2,H,0,7,5,2,0,P,FORD,MGT,CP,7,17,3356,,0,1071,,G,,F,8,281,,,17R235,,,,,,0,0,000000000,00000000000,0,0,0,1,0,0,0,0,0,0,0,104,0,0,0,12,98,6,2,12,0,0,0,1,17,61088,6,1,0,0,3,0,70,200,0,0,0,0,0,0,0,0,0,1,28,0,0,0,2,2,50,1,1,1,1,0,0,15,6,1,3,7,50,2,0
17,170817,2,2,4,24,12,15,18,12,2,1,0,17,2,7,442,7442,20,2002,2B4GP44R02R6,2,B,4,G,P,4,4,R,0,2,R,6,0,T,DODG,GSP,ES,2,17,,1,0,1193,CAR,G,,,6,201,,,,,4002,00,E,42,0,0,000000000,00000000000,0,0,0,1,0,0,0,0,0,0,0,998,0,0,0,12,12,6,2,12,0,0,0,1,17,61073,6,1,0,0,3,3,69,225,0,0,0,0,0,0,0,0,0,0,0,0,0,0,2,2,50,1,1,1,1,0,0,1,64,1,1,1,51,0,0
17,170818,1,1,1,26,12,16,21,1,0,1,0,17,1,20,39,20039,4,2007,KL1TD66677B7,K,L,1,T,D,6,6,6,7,7,B,7,0,P,CHEV,ABS,5D,7,17,2343,,0,976,,G,,F,4,098,,,14R185,,,,,,0,0,000000000,00000000000,0,0,0,1,0,0,0,0,0,0,0,998,0,1,5,0,98,6,2,1,0,0,0,1,17,62324,6,1,0,0,3,0,66,159,0,0,0,0,0,0,0,0,0,0,28,0,0,0,1,2,55,3,2,2,1,0,0,14,13,6,2,4,2,1,1
17,170819,1,2,1,24,8,23,0,12,7,1,0,17,1,53,706,53706,80,2008,JS1GX72A7821,J,S,1,G,X,7,2,A,7,8,2,1,0,M,SUZI,GXR,RC,8,17,,,,,,,1340,,4,,4,485,,,,,,,0,0,000000000,00000000000,0,0,0,1,0,0,0,0,0,0,0,94,0,0,0,61,98,6,2,30,0,0,0,1,17,60625,6,1,0,0,3,0,71,210,0,0,0,0,0,0,0,0,0,1,28,0,0,0,1,4,40,1,1,2,1,0,0,1,10,1,1,2,45,1,1
17,170819,2,2,1,24,8,23,0,12,7,1,0,17,1,20,2,20002,4,2007,2G1WT55K2791,2,G,1,W,T,5,5,K,2,7,9,1,0,P,CHEV,IMT,4D,7,17,3674,,0,1105,,F,,F,6,214,,,16R225,,,,,,0,0,000000000,00000000000,0,0,0,1,0,0,0,0,0,0,0,40,0,0,0,81,81,6,2,12,0,0,0,1,17,60411,6,1,0,0,3,0,74,200,0,0,0,0,0,0,0,0,0,0,0,0,0,0,1,4,40,1,1,2,1,0,0,1,60,1,1,1,44,0,0
17,170820,1,2,1,20,9,17,10,12,6,1,0,17,3,6,51,6051,4,2012,1C3CCBAB9CN1,1,C,3,C,C,B,A,B,9,C,N,1,0,P,CHRY,2LX,4D,12,17,3389,,0,1089,,G,,F,4,146,,,17R225,,,,,,0,0,000000000,00000000000,0,0,0,1,0,0,0,0,0,0,0,10,0,0,0,9,9,6,2,12,0,0,0,1,17,60466,6,1,0,0,3,3,75,220,0,0,0,1,0,12,2009,12,2009,0,38,0,0,0,1,4,40,1,1,2,1,20,3,4,10,1,1,2,89,1,0
17,170820,2,2,1,20,9,17,10,12,6,1,0,17,3,12,461,12461,21,2006,1FTNE24WX6DA,1,F,T,N,E,2,4,W,X,6,D,A,0,T,FORD,25V,CG,6,17,,2,0,1380,VAN,G,,,8,281,,,,C,5141,00,E,42,0,0,000000000,00000000000,0,0,0,1,0,0,0,0,0,0,0,40,0,0,0,12,12,6,2,12,0,0,0,1,17,60446,6,1,0,0,3,0,69,145,0,0,0,0,1,9,2010,9,2010,0,0,0,0,0,1,4,40,1,1,2,1,0,0,1,71,1,1,1,88,0,0
17,170821,1,1,1,10,10,19,9,1,0,1,0,17,2,22,16,22016,2,1998,1G2JB1245W75,1,G,2,J,B,1,2,4,5,W,7,5,0,P,PONT,SFS,CP,98,17,2637,,0,1041,,G,,F,4,133,,,14R195,,,,,,0,0,000000000,00000000000,0,0,0,1,0,0,0,0,0,0,0,998,0,1,5,0,98,6,2,1,0,0,0,1,17,61036,6,2,0,0,3,3,64,116,0,0,0,0,0,0,0,0,0,0,52,0,0,0,1,2,55,2,2,2,1,0,0,14,8,1,3,4,2,1,0
17,170822,1,1,1,24,10,9,0,17,0,1,0,17,1,98,998,98998,97,1965,AA9BMAAHV61C,A,A,9,B,M,A,A,H,V,6,1,C,0,U,,,,65,17,,,,,,,,,,,,,,,,,,,0,0,000000000,00000000000,0,0,0,1,0,0,0,0,0,0,0,998,0,0,0,5,5,6,2,31,0,0,0,1,17,60047,6,1,0,0,3,3,70,175,0,0,0,1,0,1,2010,1,2010,1,28,0,0,0,1,2,45,1,1,2,1,0,0,17,87,9,2,4,2,1,0
17,170823,1,1,1,5,11,22,5,8,0,1,0,17,2,24,401,24401,14,2003,5GZCZ43D83S8,5,G,Z,C,Z,4,3,D,8,3,S,8,0,P,STRN,VUE,UT,3,17,3340,,0,1066,,G,,F,4,138,,,16R235,,,,,,0,0,000000000,00000000000,0,0,0,1,0,0,0,0,0,0,0,40,0,0,0,12,12,6,2,8,0,0,0,1,17,60120,6,1,0,0,3,0,60,120,0,0,0,0,0,0,0,0,0,0,0,0,0,0,5,4,45,1,1,2,1,0,0,1,81,1,1,1,13,0,0
17,170824,1,1,1,29,12,19,28,25,0,1,0,17,1,37,402,37402,14,2000,JHLRD1876YS0,J,H,L,R,D,1,8,7,6,Y,S,0,0,P,HOND,CRV,UT,0,17,3254,,0,1032,,G,,F,4,120,,,15R205,,,,,,0,0,000000000,00000000000,0,0,0,1,0,0,0,0,0,0,0,55,0,0,0,12,12,6,2,30,0,0,0,1,17,60629,6,1,0,0,3,0,63,190,0,0,0,0,0,0,0,0,0,0,27,0,0,0,3,5,55,1,1,1,1,0,0,1,12,1,1,4,6,1,1
17,170825,1,1,2,9,12,18,12,8,0,1,0,17,1,20,421,20421,15,1997,1GNEK13R0VJ3,1,G,N,E,K,1,3,R,0,V,J,3,0,P,CHEV,KTA,UT,97,17,5225,,0,1175,,G,,F,8,350,,,15R235,,,,,,0,0,000000000,00000000000,0,0,0,1,0,0,0,0,0,0,0,998,0,0,0,12,12,2,1,8,0,0,0,1,17,62918,6,1,6,0,3,3,71,260,0,0,0,0,0,0,0,0,0,1,0,0,0,0,2,4,25,1,1,2,1,0,0,1,80,1,1,1,13,0,0
17,170826,1,1,1,14,12,13,50,30,0,1,0,17,1,7,422,7422,15,2005,1D4HB48DX5F6,1,D,4,H,B,4,8,D,X,5,F,6,0,P,DODG,DUR,UT,5,17,4958,,0,1192,,G,,F,8,348,,,17R265,,,,,,0,0,000000000,00000000000,0,0,0,1,0,0,0,0,0,0,0,998,0,1,5,9,98,6,2,1,0,0,0,1,17,61773,6,1,0,0,3,3,66,140,0,0,0,0,0,0,0,0,0,1,79,87,0,0,1,2,55,1,1,2,2,0,0,2,6,6,3,4,2,1,0
17,170827,1,3,1,19,12,8,16,12,8,1,0,17,1,37,33,37033,2,2000,JHMBB6240YC0,J,H,M,B,B,6,2,4,0,Y,C,0,0,P,HOND,PRE,CP,0,17,3009,,0,1017,,G,,F,4,132,,,16R205,,,,,,0,0,000000000,00000000000,0,0,0,1,0,0,0,0,0,0,0,998,0,0,0,11,98,6,2,12,0,0,0,1,17,60139,6,1,0,0,3,0,67,170,0,0,0,3,0,1,2009,11,2010,1,28,0,0,0,1,2,55,3,1,2,4,0,0,6,6,1,2,2,64,0,0
17,170827,2,3,1,19,12,8,16,12,8,1,0,17,1,23,401,23401,14,2002,1GKDT13S3224,1,G,K,D,T,1,3,S,3,2,2,4,0,T,GMC,ENV,4W,2,17,,1,0,1130,ENV,G,,,6,256,,,,B,4628,00,K,44,0,0,000000000,00000000000,0,0,0,1,0,0,0,0,0,0,0,998,0,0,0,8,8,6,2,12,0,0,0,1,17,61085,6,1,0,0,3,3,62,190,0,0,0,0,0,0,0,0,0,0,0,0,0,0,1,2,55,3,1,2,4,0,0,14,62,1,1,1,65,0,0
17,170827,3,3,2,19,12,8,16,12,8,1,0,17,1,24,1,24001,4,1998,1G8ZK5278WZ2,1,G,8,Z,K,5,2,7,8,W,Z,2,0,P,STRN,SL2,4D,98,17,2422,,0,1024,,G,,F,4,116,,,15R185,,,,,,0,0,000000000,00000000000,0,0,0,1,0,0,0,0,0,0,0,998,0,0,0,9,9,6,2,12,0,0,0,1,17,60133,6,1,0,0,3,0,68,140,0,0,0,0,0,0,0,0,0,0,0,0,0,0,1,2,55,3,1,2,4,0,0,14,62,7,1,1,98,1,0
17,170828,1,1,1,20,12,17,29,42,0,1,0,17,1,12,999,12999,99,1970,999999999999,9,9,9,9,9,9,9,9,9,9,9,9,0,,,,,,,,,,,,,,,,,,,,,,,,,0,99,999999999,99999999999,9,99,99,1,0,0,0,0,0,0,0,998,0,0,0,12,12,6,2,42,0,0,0,1,17,62243,6,1,0,0,3,3,72,200,0,0,0,0,0,0,0,0,0,0,28,0,0,0,1,2,45,1,1,2,2,0,0,1,13,1,1,4,1,1,0
17,170829,1,1,1,24,12,17,8,42,0,1,0,17,1,49,32,49032,4,2010,1NXBU4EE1AZ3,1,N,X,B,U,4,E,E,1,A,Z,3,0,P,TOYT,CBL,4D,10,17,2723,,0,1024,,G,,F,4,110,,,15R195,,,,,,0,0,000000000,00000000000,0,0,0,1,0,0,0,0,0,0,0,998,0,0,0,12,12,6,2,42,0,0,0,1,17,60102,6,1,0,0,3,0,65,175,0,0,0,0,0,0,0,0,0,0,28,0,0,0,1,2,55,2,1,2,1,0,0,14,13,1,1,4,1,1,0
17,170830,1,1,2,22,12,9,29,24,0,1,0,17,1,55,41,55041,4,2011,KMHHU6KH3BU0,K,M,H,H,U,6,K,H,3,B,U,0,0,P,HYUN,GC3,CP,11,17,3389,,0,0,,G,,F,6,230,,,000000,,,,,,0,0,000000000,00000000000,0,0,0,1,0,0,0,0,0,0,0,998,0,2,5,12,81,6,2,42,0,0,0,1,17,62711,6,1,0,0,3,0,71,195,0,0,0,0,0,0,0,0,0,1,99,99,99,99,1,2,55,1,4,2,1,0,0,1,6,1,2,4,2,2,1
17,170831,1,1,1,31,12,3,58,31,0,1,0,17,1,24,1,24001,4,2002,1G8ZK52782Z1,1,G,8,Z,K,5,2,7,8,2,Z,1,0,P,STRN,SL2,4D,2,17,2431,,0,1024,,G,,F,4,116,,,15R185,,,,,,0,0,000000000,00000000000,0,0,0,1,0,0,0,0,0,0,0,71,0,0,0,12,12,6,2,31,0,0,0,1,17,60174,6,1,0,0,3,0,67,135,0,0,0,0,0,0,0,0,0,1,36,0,0,0,1,2,40,1,1,2,2,0,0,1,13,1,1,4,1,1,1
17,170832,1,2,1,26,12,21,48,12,1,1,0,17,2,20,471,20471,30,1999,1GCCS14X6XK1,1,G,C,C,S,1,4,X,6,X,K,1,0,T,CHEV,S14,PK,99,17,,1,1179,1083,S,G,,,6,262,,,,B,3015,01,,42,0,0,000000000,00000000000,0,0,0,1,0,0,0,0,0,0,0,998,0,0,0,12,12,6,2,12,0,0,0,1,17,37708,6,1,0,0,3,0,68,185,0,0,0,0,0,0,0,0,0,1,38,0,0,0,1,2,55,1,1,2,1,20,3,1,50,1,1,1,20,1,1
17,170832,2,2,2,26,12,21,48,12,1,1,0,17,3,85,881,85881,66,1998,1XKTD29X5WJ7,1,X,K,T,D,2,9,X,5,W,J,7,1,T,KW,T20,TR,98,17,,8,2600,1900,CON,D,,,6,855,,,,,00000,00,,64,1,57,01009802,5701009802,3,6,4,1,0,0,0,0,0,0,0,0,0,0,0,6,6,6,2,12,0,0,0,1,17,61081,6,1,6,0,3,0,67,190,0,0,0,0,1,7,2009,7,2009,0,0,0,0,0,1,2,55,1,1,2,1,20,3,5,53,1,1,1,21,0,0
17,170833,1,1,2,30,12,17,46,8,0,1,0,17,1,20,481,20481,31,2000,1GCEK19T9YZ3,1,G,C,E,K,1,9,T,9,Y,Z,3,0,T,CHEV,SK1,3C,0,17,,2,1575,1435,SIL,G,,,8,325,,,,B,4621,02,,44,0,0,000000000,00000000000,0,0,0,1,0,0,0,0,0,0,0,998,0,0,0,12,12,2,1,8,0,0,0,1,17,62684,6,1,0,0,3,0,72,143,0,0,0,0,0,0,0,0,0,0,0,0,0,0,3,2,45,1,1,2,2,0,0,15,80,1,1,1,13,0,0
17,170835,1,1,1,28,7,19,21,35,0,1,0,17,1,20,32,20032,4,2001,1Y1SK52831Z4,1,Y,1,S,K,5,2,8,3,1,Z,4,0,P,CHEV,P/L,4D,1,17,2403,,0,971,,G,,F,4,110,,,14R175,,,,,,0,0,000000000,00000000000,0,0,0,1,0,0,0,0,0,0,0,998,0,1,6,12,98,6,2,1,0,0,0,1,17,61467,6,1,0,0,3,3,68,130,0,0,0,0,0,0,0,0,0,0,28,0,0,0,1,2,55,1,2,2,1,0,0,1,13,6,2,4,2,1,0
17,170836,1,1,3,23,12,22,50,8,0,1,0,17,2,35,47,35047,4,2007,1N4AL21EX7C1,1,N,4,A,L,2,1,E,X,7,C,1,0,P,NISS,ATS,4D,7,17,3042,,0,1093,,G,,F,4,153,,,16R215,,,,,,0,0,000000000,00000000000,0,0,0,1,0,0,0,0,0,0,0,998,0,0,0,12,12,6,2,8,0,0,0,1,17,60647,6,1,0,0,3,0,67,115,0,0,0,1,1,1,2010,5,2011,1,28,0,0,0,1,2,99,1,1,2,1,0,0,1,13,1,1,4,15,0,0
17,170837,1,1,1,18,11,23,59,8,0,1,1,99,9,99,999,99999,99,9999,999999999999,9,9,9,9,9,9,9,9,9,9,9,9,0,,,,,,,,,,,,,,,,,,,,,,,,,0,0,000000000,00000000000,0,0,0,1,0,0,0,0,0,0,0,998,0,0,0,14,98,9,1,8,0,0,0,1,99,99999,9,9,99,9,9,9,999,999,99,99,99,99,99,99,9999,99,9999,9,99,99,99,99,1,2,45,1,1,2,1,0,0,99,80,99,9,9,13,0,0
17,170838,1,1,4,3,12,23,46,21,0,1,0,17,2,22,9,22009,1,2000,2G2FV32G7Y21,2,G,2,F,V,3,2,G,7,Y,2,1,0,P,PONT,FAM,CV,0,17,3567,,0,1011,,G,,F,8,350,,,16R245,,,,,,0,0,000000000,00000000000,0,0,0,1,0,0,0,0,0,0,0,998,0,0,0,6,6,6,2,21,0,0,1,1,17,62040,2,1,0,0,2,0,67,170,0,0,0,0,0,0,0,0,0,1,36,0,0,0,1,2,50,1,1,2,2,0,0,1,6,1,4,4,7,3,0
17,170839,1,1,3,24,12,1,35,34,0,1,0,17,2,12,3,12003,2,2000,1FAFP42X8YF2,1,F,A,F,P,4,2,X,8,Y,F,2,0,P,FORD,MGT,CP,0,17,3241,,0,1013,,G,,F,8,281,,,16R225,,,,,,0,0,000000000,00000000000,0,0,0,1,0,0,0,0,0,0,0,998,0,0,0,14,12,6,2,34,0,0,0,1,17,62056,6,1,0,0,3,0,71,125,0,0,0,0,0,0,0,0,0,1,36,0,0,0,1,2,55,1,1,7,1,0,0,1,13,1,1,4,1,2,1
17,170840,1,2,3,26,12,23,52,12,6,1,0,18,1,34,35,34035,4,1990,WBAHC2315LGB,W,B,A,H,C,2,3,1,5,L,G,B,0,P,BMW,A52,4D,90,17,3440,,0,1087,,G,,F,6,152,,,15R205,,,,,,0,0,000000000,00000000000,0,0,0,1,0,0,0,0,0,0,0,998,0,0,0,81,81,6,2,12,0,0,1,1,18,46312,6,1,0,0,3,0,72,200,0,0,0,0,0,0,0,0,0,1,0,0,0,0,1,2,30,1,3,2,2,0,0,1,6,1,4,2,64,2,0
17,170840,2,2,2,26,12,23,52,12,6,1,0,17,1,12,17,12017,4,2006,1FAFP56U66A2,1,F,A,F,P,5,6,U,6,6,A,2,0,P,FORD,TEL,4D,6,17,3314,,0,1085,,G,,F,6,183,,,16R215,,,,,,0,0,000000000,00000000000,0,0,0,1,0,0,0,0,0,0,0,998,0,0,0,12,12,6,2,12,0,0,0,1,17,60628,6,1,0,0,3,0,72,170,1,0,0,1,0,5,2011,6,2011,1,0,0,0,0,1,2,30,1,3,2,2,0,0,1,62,1,1,1,65,0,0
17,170841,1,2,1,30,12,10,41,12,6,1,0,17,2,53,402,53402,14,2002,JS3TD62V7241,J,S,3,T,D,6,2,V,7,2,4,1,0,P,SUZI,GVT,UT,2,17,3285,,0,976,,G,,F,6,152,,,16R235,,,,,,0,0,000000000,00000000000,0,0,0,1,0,0,0,0,0,0,0,998,0,0,0,3,81,6,2,12,0,0,0,1,17,60403,6,1,0,0,3,0,65,115,0,0,0,0,0,0,0,0,0,1,36,0,0,0,1,4,55,1,1,2,2,2,3,1,6,1,4,2,64,1,0
17,170841,2,2,2,30,12,10,41,12,6,1,0,17,1,12,461,12461,21,2005,1FTRE14W65HA,1,F,T,R,E,1,4,W,6,5,H,A,0,T,FORD,15V,CG,5,17,,2,0,1380,VAN,G,,,8,281,,,,B,00000,00,E,42,0,0,000000000,00000000000,0,0,0,1,0,0,0,0,0,0,0,998,0,0,0,12,12,6,2,12,0,0,0,1,17,60451,6,1,0,0,3,0,70,186,0,0,0,0,0,0,0,0,0,0,0,0,0,0,1,4,55,1,1,2,2,2,3,1,62,1,1,1,65,0,0
17,170842,1,1,2,24,9,19,20,34,0,1,0,55,1,72,706,72706,80,2001,1HD1FSW1X1Y6,1,H,D,1,F,S,W,1,X,1,Y,6,0,M,HD,TRI,RS,1,17,,,,,,,1450,,2,,4,731,,,,,,,0,0,000000000,00000000000,0,0,0,1,0,0,0,0,0,0,0,998,0,0,0,12,12,6,2,1,0,0,0,1,55,53551,6,1,0,0,3,3,70,180,0,0,0,0,0,0,0,0,0,0,28,79,0,0,1,2,55,2,1,2,1,0,0,14,5,6,2,4,7,1,0
17,170844,1,2,1,31,12,11,26,12,2,1,0,17,1,6,43,6043,4,2001,1C3EL46X51N6,1,C,3,E,L,4,6,X,5,1,N,6,0,P,CHRY,SLX,4D,1,17,3175,,0,1080,,G,,F,4,148,,,15R205,,,,,,0,0,000000000,00000000000,0,0,0,1,0,0,0,0,0,0,0,998,0,0,0,12,12,6,2,12,0,0,0,1,17,62420,6,1,0,0,3,3,67,140,0,0,0,0,0,0,0,0,0,0,28,0,0,0,1,2,55,1,1,2,1,0,0,1,10,1,1,2,50,1,0
17,170844,2,2,2,31,12,11,26,12,2,1,0,17,1,12,17,12017,4,2004,1FAFP55264G1,1,F,A,F,P,5,5,2,6,4,G,1,0,P,FORD,TSS,4D,4,17,3306,,0,1085,,F,,F,6,182,,,16R215,,,,,,0,0,000000000,00000000000,0,0,0,1,0,0,0,0,0,0,0,998,0,0,0,12,12,6,2,12,0,0,0,1,17,62468,6,1,0,0,3,0,67,170,0,0,0,0,0,0,0,0,0,0,0,0,0,0,1,2,55,1,1,2,1,0,0,1,62,1,1,1,51,2,0
17,170845,1,1,2,15,12,2,12,32,0,1,0,17,2,37,32,37032,2,2002,1HGCG32052A0,1,H,G,C,G,3,2,0,5,2,A,0,0,P,HOND,USE,CP,2,17,3036,,0,1051,,G,,F,4,138,,,15R195,,,,,,0,0,000000000,00000000000,0,0,0,1,0,0,0,0,0,0,0,998,0,0,0,14,9,6,2,30,0,0,1,1,17,60462,6,1,0,0,3,0,75,200,0,0,0,0,0,0,0,0,0,1,28,0,0,0,1,2,99,2,1,2,2,0,0,14,12,1,1,4,6,1,1
17,170846,1,1,1,21,12,15,11,42,0,1,0,17,2,7,472,7472,30,1994,1B7GG23Y2RS6,1,B,7,G,G,2,3,Y,2,R,S,6,0,T,DODG,DAK,PC,94,17,,1,0,1309,DAK,G,,,8,318,,,,B,3863,00,B,44,0,0,000000000,00000000000,0,0,0,1,0,0,0,0,0,0,0,998,0,0,0,12,12,6,2,42,0,0,0,1,17,60140,6,1,0,0,3,3,70,150,0,0,0,0,0,0,0,0,0,0,28,0,0,0,1,2,30,1,1,2,1,0,0,1,13,1,1,4,1,1,0
17,170847,1,1,1,22,12,14,33,8,0,1,0,17,1,49,471,49471,30,1992,JT4VN13GXN50,J,T,4,V,N,1,3,G,X,N,5,0,0,T,TOYT,EL5,PC,92,17,,1,0,1215,HTP,G,,,6,180,,,,B,00000,00,A,44,0,0,000000000,00000000000,0,0,0,1,0,0,0,0,0,0,0,38,0,0,0,12,12,2,1,8,0,0,0,1,17,60123,2,1,0,0,2,3,76,264,0,1,0,2,0,1,2010,6,2011,1,38,0,0,0,1,4,35,1,1,2,2,0,0,1,80,9,2,1,13,0,0
17,170848,1,2,1,22,12,15,57,12,6,1,0,17,1,13,5,13005,4,2002,1LNHM97V62Y6,1,L,N,H,M,9,7,V,6,2,Y,6,0,P,LINC,CON,4D,2,17,3895,,0,1090,,G,,F,8,281,,,16R225,,,,,,0,0,000000000,00000000000,0,0,0,1,0,0,0,0,0,0,0,998,0,1,5,63,98,6,2,1,0,0,0,1,17,61739,6,1,0,0,3,0,66,140,0,0,0,0,0,0,0,0,0,0,39,38,0,0,1,2,55,1,1,2,2,20,3,1,17,1,1,1,89,1,0
17,170848,2,2,1,22,12,15,57,12,6,1,0,17,1,63,402,63402,14,2004,KNDJC7330453,K,N,D,J,C,7,3,3,0,4,5,3,0,P,KIA,SOR,UT,4,17,4112,,0,1067,,G,,F,6,213,,,16R245,,,,,,0,0,000000000,00000000000,0,0,0,1,0,0,0,0,0,0,0,998,0,0,0,12,12,6,2,12,0,0,0,1,17,61739,6,1,0,0,3,0,66,190,0,0,0,0,0,0,0,0,0,0,0,0,0,0,1,2,55,1,1,2,2,0,0,1,66,1,1,1,88,0,0
17,170849,1,1,1,17,12,0,40,34,0,1,0,17,1,20,39,20039,4,2007,KL1TD56667B1,K,L,1,T,D,5,6,6,6,7,B,1,0,P,CHEV,ABS,4D,7,17,2531,,0,976,,G,,F,4,098,,,14R185,,,,,,0,0,000000000,00000000000,0,0,0,1,0,0,0,0,0,0,0,998,0,1,5,2,98,6,2,1,0,0,0,1,17,61053,6,1,0,0,3,0,62,130,0,0,0,0,0,0,0,0,0,1,87,0,0,0,1,2,55,3,2,2,3,0,0,14,5,1,4,4,2,1,0
17,170850,1,1,1,23,12,13,35,32,0,1,0,13,1,2,403,2403,14,2006,1J4FA39SX6P7,1,J,4,F,A,3,9,S,X,6,P,7,0,T,JEEP,WXR,2W,6,17,,1,0,934,WRA,G,,,6,244,,,,,3331,00,E,44,0,0,000000000,00000000000,0,0,0,1,0,0,0,0,0,0,0,998,0,1,3,12,98,6,2,1,0,0,0,1,13,30285,6,1,0,0,3,0,72,210,98,0,0,0,0,0,0,0,0,0,28,0,0,0,2,2,65,1,1,1,1,0,0,1,11,6,2,4,2,1,0
17,170851,1,1,3,26,11,23,34,8,0,1,0,17,1,12,401,12401,14,2001,1FMZU73E61ZA,1,F,M,Z,U,7,3,E,6,1,Z,A,0,P,FORD,EPR,UT,1,17,4045,,0,1116,,G,,F,6,245,,,15R235,,,,,,0,0,000000000,00000000000,0,0,0,1,0,0,0,0,0,0,0,57,0,1,6,12,98,6,2,8,0,0,0,1,17,61071,6,1,0,0,3,0,67,155,0,0,0,0,0,0,0,0,0,1,87,0,0,0,1,2,30,1,1,2,2,0,0,1,6,1,2,1,13,0,1
17,170852,1,2,1,9,12,1,43,12,6,1,0,17,1,20,16,20016,4,2000,1G1JC5247Y72,1,G,1,J,C,5,2,4,7,Y,7,2,0,P,CHEV,CAV,4D,0,17,2676,,0,1041,,G,,F,4,133,,,14R195,,,,,,0,0,000000000,00000000000,0,0,0,1,0,0,0,0,0,0,0,998,0,0,0,9,9,6,2,12,0,0,0,1,17,60632,0,0,0,0,0,0,999,999,0,0,0,0,0,0,0,0,0,1,28,0,0,0,3,2,65,2,2,1,3,0,0,14,6,1,4,2,45,1,0
17,170852,2,2,1,9,12,1,43,12,6,1,0,18,1,85,881,85881,66,2006,1XKWDB9X36J1,1,X,K,W,D,B,9,X,3,6,J,1,1,T,KW,W90,TR,6,17,,8,2850,1600,CON,D,,,6,893,,,,,00000,00,,64,1,57,159837,57159837,3,6,3,1,0,0,0,0,0,0,0,998,0,0,0,12,12,2,1,12,0,0,0,1,18,46350,6,1,6,3,3,3,74,210,0,0,0,1,0,2,2009,2,2009,0,0,0,0,0,3,2,65,2,2,1,3,0,0,14,60,1,4,2,44,0,0
17,170853,1,1,1,29,12,12,24,32,0,1,0,17,1,14,6,14006,4,2004,2MEFM74W64X6,2,M,E,F,M,7,4,W,6,4,X,6,0,P,MERC,GMG,4D,4,17,4038,,0,1147,,G,,F,8,281,,,16R225,,,,,,0,0,000000000,00000000000,0,0,0,1,0,0,0,0,0,0,0,998,0,0,0,14,12,6,2,32,0,0,0,1,17,61028,6,1,0,0,3,0,76,275,0,0,0,0,0,0,0,0,0,0,28,0,0,0,1,2,55,1,1,2,2,0,0,1,13,1,1,4,1,1,0
17,170854,1,1,3,13,10,21,10,33,0,1,0,17,1,23,401,23401,14,1997,1GNDT13W8V21,1,G,N,D,T,1,3,W,8,V,2,1,0,P,CHEV,BZR,UT,97,17,4046,,0,1070,,G,,F,6,262,,,15R205,,,,,,0,0,000000000,00000000000,0,0,0,1,0,0,0,0,0,0,0,998,0,0,0,14,14,6,2,31,0,0,0,1,17,60649,6,1,0,0,3,0,66,195,0,0,0,0,0,0,0,0,0,0,85,0,0,0,1,4,35,1,1,2,3,0,0,17,13,7,1,4,1,1,0
17,170855,1,1,1,3,12,7,15,8,0,1,1,17,1,7,442,7442,20,2006,1D4GP24R26B5,1,D,4,G,P,2,4,R,2,6,B,5,0,T,DODG,GCS,ES,6,17,,1,0,1193,CAR,G,,,6,201,,,,,4095,00,E,42,0,0,000000000,00000000000,0,0,0,1,0,0,0,0,0,0,0,998,0,0,0,12,12,2,1,8,0,0,0,1,17,60618,0,0,0,0,0,0,999,999,0,0,0,0,0,0,0,0,0,9,99,99,99,99,1,2,99,1,1,2,2,0,0,1,80,1,1,1,13,0,0