STATE,ST_CASE,VEH_NO,VE_FORMS,NUMOCCS,DAY,MONTH,HOUR,MINUTE,HARM_EV,MAN_COLL,UNITTYPE,HIT_RUN,REG_STAT,OWNER,MAKE,MODEL,MAK_MOD,BODY_TYP,MOD_YEAR,VIN,VIN_1,VIN_2,VIN_3,VIN_4,VIN_5,VIN_6,VIN_7,VIN_8,VIN_9,VIN_10,VIN_11,VIN_12,TOW_VEH,VINTYPE,VINMAKE,VINA_MOD,VIN_BT,VINMODYR,VIN_LNGT,VIN_WGT,WGTCD_TR,WHLBS_LG,WHLBS_SH,SER_TR,FUELCODE,MCYCL_DS,CARBUR,CYLINDER,DISPLACE,MCYCL_CY,MCYCL_WT,TIRE_SZE,TON_RAT,TRK_WT,TRKWTVAR,VIN_REST,WHLDRWHL,J_KNIFE,MCARR_I1,MCARR_I2,MCARR_ID,GVWR,V_CONFIG,CARGO_BT,HAZ_INV,HAZ_PLAC,HAZ_ID,HAZ_CNO,HAZ_REL,BUS_USE,SPEC_USE,EMER_USE,TRAV_SP,UNDERIDE,ROLLOVER,ROLINLOC,IMPACT1,IMPACT2,DEFORMED,TOWED,M_HARM,VEH_SC1,VEH_SC2,FIRE_EXP,DR_PRES,L_STATE,DR_ZIP,L_STATUS,L_TYPE,CDL_STAT,L_ENDORS,L_COMPL,L_RESTRI,DR_HGT,DR_WGT,PREV_ACC,PREV_SUS,PREV_DWI,PREV_SPD,PREV_OTH,FIRST_MO,FIRST_YR,LAST_MO,LAST_YR,SPEEDREL,DR_SF1,DR_SF2,DR_SF3,DR_SF4,VTRAFWAY,VNUM_LAN,VSPD_LIM,VALIGN,VPROFILE,VPAVETYP,VSURCOND,VTRAFCON,VTCONT_F,P_CRASH1,P_CRASH2,P_CRASH3,PCRASH4,PCRASH5,ACC_TYPE,DEATHS,DR_DRINK
17,170856,1,1,1,3,11,14,30,34,0,1,0,17,1,18,2,18002,4,1997,1G4HP52KXVH4,1,G,4,H,P,5,2,K,X,V,H,4,0,P,BUIC,LCF,4D,97,17,3446,,0,1108,,G,,F,6,231,,,15R205,,,,,,0,0,000000000,00000000000,0,0,0,1,0,0,0,0,0,0,0,998,0,0,0,14,12,6,2,42,0,0,0,1,17,61342,6,1,0,0,3,3,65,135,0,0,0,0,0,0,0,0,0,9,28,0,0,0,1,2,45,3,2,2,2,0,0,14,13,99,1,4,1,1,0
17,170857,1,1,1,25,10,6,0,1,0,1,0,17,1,98,998,98998,92,9999,000000000000,0,0,0,0,0,0,0,0,0,0,0,0,0,,,,,,,,,,,,,,,,,,,,,,,,,0,0,000000000,00000000000,0,0,0,1,0,0,0,0,0,0,0,998,0,1,5,0,98,6,2,1,0,0,0,1,42,62883,6,1,0,0,3,0,70,999,0,0,0,0,1,8,2011,8,2011,0,99,99,99,99,1,2,55,1,1,2,1,0,0,1,13,99,1,4,1,1,0
17,170858,1,1,2,7,12,23,42,1,0,1,0,17,1,14,401,14401,14,2003,4M2ZU86K33UJ,4,M,2,Z,U,8,6,K,3,3,U,J,0,P,MERC,MOU,UT,3,17,4170,,0,1138,,F,,F,6,245,,,16R245,,,,,,0,0,000000000,00000000000,0,0,0,1,0,0,0,0,0,0,0,55,0,1,5,0,0,6,2,1,0,0,0,1,17,60804,6,1,0,0,3,0,62,105,0,0,0,0,0,0,0,0,0,1,36,0,0,0,1,2,25,1,1,2,1,20,3,1,8,9,2,4,2,1,1
17,170859,1,1,2,17,12,1,5,33,0,1,0,17,1,7,26,7026,4,2008,1B3LC56K58N2,1,B,3,L,C,5,6,K,5,8,N,2,0,P,DODG,AXT,4D,8,17,3465,,0,1089,,G,,F,4,144,,,17R215,,,,,,0,0,000000000,00000000000,0,0,0,1,0,0,0,0,0,0,0,60,0,0,0,14,61,6,2,42,0,0,0,1,17,60067,6,1,0,0,3,0,75,260,0,0,0,0,0,0,0,0,0,1,28,0,0,0,1,2,35,1,1,2,1,0,0,1,13,1,1,4,1,1,1
17,170860,1,1,1,8,11,21,15,33,0,1,0,17,1,7,20,7020,4,2004,1B3ES66S34D6,1,B,3,E,S,6,6,S,3,4,D,6,0,P,DODG,NR4,4D,4,17,2869,,0,1040,,G,,T,4,146,,,17R205,,,,,,0,0,000000000,00000000000,0,0,0,1,0,0,0,0,0,0,0,998,0,1,5,14,14,6,2,1,0,0,0,1,17,61008,6,1,0,0,3,0,70,123,0,0,0,0,0,0,0,0,0,1,36,0,0,0,1,2,15,1,1,2,1,0,0,1,14,1,1,4,14,1,1
17,170861,1,1,2,23,12,22,17,42,0,1,0,12,1,7,402,7402,14,2001,1B4HR28N41F5,1,B,4,H,R,2,8,N,4,1,F,5,0,P,DODG,DUR,UT,1,17,4272,,0,1159,,G,,F,8,287,,,15R235,,,,,,0,0,000000000,00000000000,0,0,0,1,0,0,0,0,0,0,0,998,0,1,5,12,12,6,2,2,0,0,1,1,17,62896,6,1,0,0,3,0,74,175,0,0,0,0,0,0,0,0,0,0,36,0,0,0,2,2,55,1,1,1,1,0,0,1,13,1,1,4,1,2,1
17,170862,1,1,1,18,12,14,45,1,0,1,0,17,1,77,706,77706,80,2002,5VPTD16D5230,5,V,P,T,D,1,6,D,5,2,3,0,0,M,VCTY,TDD,RS,2,17,,,,,,,1507,,2,,4,727,,,,,,,0,0,000000000,00000000000,0,0,0,1,0,0,0,0,0,0,0,29,0,0,0,0,62,4,3,1,0,0,0,1,17,60193,6,1,0,0,3,0,72,220,0,0,0,0,0,0,0,0,0,1,36,52,0,0,1,2,30,1,1,2,1,0,0,1,8,6,1,1,98,1,0
17,170863,1,1,1,27,12,7,30,10,0,1,0,17,1,14,38,14038,2,1999,1ZWFT61LXX56,1,Z,W,F,T,6,1,L,X,X,5,6,0,P,MERC,CU6,2H,99,17,2941,,0,1064,,G,,F,6,155,,,16R215,,,,,,0,0,000000000,00000000000,0,0,0,1,0,0,0,0,0,0,0,998,0,0,0,62,62,6,2,10,0,0,0,1,17,60067,6,1,0,0,3,0,71,180,0,0,0,0,0,0,0,0,0,0,40,39,0,0,1,2,30,1,2,2,1,65,3,1,90,1,1,1,15,1,0
17,170864,1,1,5,29,11,16,12,34,0,1,0,17,2,7,25,7025,5,2007,1B3HB28B37D3,1,B,3,H,B,2,8,B,3,7,D,3,0,P,DODG,CLB,4D,7,17,3000,,0,1037,,G,,F,4,122,,,15R205,,,,,,0,0,000000000,00000000000,0,0,0,1,0,0,0,0,0,0,0,68,0,1,5,12,12,6,2,1,0,0,0,1,17,61483,6,1,0,0,3,0,71,150,0,0,0,0,0,0,0,0,0,0,36,0,0,0,1,2,55,1,1,1,1,0,0,1,12,1,1,4,6,3,1
17,170865,1,1,1,19,12,15,57,9,0,1,0,17,2,12,481,12481,31,2007,1FTZR45E17PA,1,F,T,Z,R,4,5,E,1,7,P,A,0,T,FORD,RNS,4C,7,17,,1,0,1260,RNG,G,,,6,244,,,,B,3672,00,U,44,0,0,000000000,00000000000,0,0,0,1,0,0,0,0,0,0,0,998,0,0,0,12,12,2,1,9,0,0,0,1,17,61021,6,1,0,0,3,0,66,170,0,0,0,0,0,0,0,0,0,0,0,0,0,0,1,2,55,1,1,2,1,0,0,1,83,1,1,1,13,0,0
17,170866,1,1,1,10,11,14,39,42,0,1,0,17,1,20,22,20022,4,2008,1G1AK58F0873,1,G,1,A,K,5,8,F,0,8,7,3,0,P,CHEV,BLS,4D,8,17,3216,,0,1033,,G,,F,4,134,,,15R195,,,,,,0,0,000000000,00000000000,0,0,0,1,0,0,0,0,0,0,0,998,0,0,0,12,12,6,2,42,0,0,0,1,17,61536,6,1,0,0,3,3,67,190,0,0,0,0,0,0,0,0,0,0,0,0,0,0,1,2,50,1,1,2,1,0,0,1,12,1,1,4,6,1,0
17,170867,1,2,1,21,12,18,20,12,2,1,0,17,2,19,18,19018,4,2004,1G6DM5773401,1,G,6,D,M,5,7,7,3,4,0,1,0,P,CADI,C/T,4D,4,17,3509,,0,1134,,G,,F,6,220,,,16R225,,,,,,0,0,000000000,00000000000,0,0,0,1,0,0,0,0,0,0,0,998,0,0,0,12,12,6,2,12,0,0,0,1,17,60160,6,1,6,0,3,0,71,300,0,0,0,0,0,0,0,0,0,0,38,0,0,0,1,2,45,1,3,2,1,3,3,11,15,1,1,2,68,1,0
17,170867,2,2,1,21,12,18,20,12,2,1,0,17,2,19,421,19421,15,2005,1GYEK63N75R1,1,G,Y,E,K,6,3,N,7,5,R,1,0,P,CADI,ESC,UT,5,17,5571,,0,1160,,G,,F,8,366,,,17R265,,,,,,0,0,000000000,00000000000,0,0,0,1,0,0,0,0,0,0,0,998,0,0,0,12,12,6,2,12,0,0,0,1,17,60068,6,2,0,0,3,0,70,135,0,0,0,0,0,0,0,0,0,0,0,0,0,0,2,6,45,1,3,2,1,3,3,1,66,1,1,1,69,0,0
17,170868,1,1,1,16,12,0,2,8,0,1,0,17,3,7,442,7442,20,2002,1B4GP25382B7,1,B,4,G,P,2,5,3,8,2,B,7,0,P,DODG,CAR,SV,2,17,3766,,0,1133,,F,,F,6,201,,,17R215,,,,,,0,0,000000000,00000000000,0,0,0,1,0,0,0,0,0,0,0,998,0,0,0,12,12,2,1,8,0,0,0,1,17,60185,6,1,6,0,3,0,67,140,0,0,0,0,0,0,0,0,0,0,0,0,0,0,1,2,55,1,1,2,1,0,0,1,80,1,1,1,13,0,0
17,170869,1,2,1,15,12,5,49,12,6,1,0,17,1,12,3,12003,2,2007,1ZVHT82H0752,1,Z,V,H,T,8,2,H,0,7,5,2,0,P,FORD,MGT,CP,7,17,3356,,0,1071,,G,,F,8,281,,,17R235,,,,,,0,0,000000000,00000000000,0,0,0,1,0,0,0,0,0,0,0,998,0,0,0,12,12,6,2,12,0,0,0,1,17,60133,6,1,0,0,3,0,67,178,0,0,0,0,0,0,0,0,0,0,38,39,0,0,1,2,45,1,1,2,1,3,3,1,17,1,1,1,88,1,0
17,170869,2,2,1,15,12,5,49,12,6,1,0,17,2,3,431,3431,16,2005,5GRGN23U55H1,5,G,R,G,N,2,3,U,5,5,H,1,0,T,HUMM,HH2,4W,5,17,,2,0,1228,HUM,G,,,8,364,,,,C,6400,00,U,44,0,0,000000000,00000000000,0,0,0,1,0,0,0,0,0,0,0,998,0,0,0,9,62,6,2,12,0,0,0,1,17,60184,1,1,0,0,2,0,71,235,0,1,0,1,1,8,2010,3,2011,0,89,0,0,0,1,2,45,1,1,2,1,3,3,1,66,1,1,1,89,0,0
17,170870,1,1,1,5,12,17,30,8,0,1,0,17,1,6,54,6054,6,2006,2A8GF78436R6,2,A,8,G,F,7,8,4,3,6,R,6,0,P,CHRY,PIF,UT,6,17,4640,,0,1160,,G,,F,6,214,,,17R235,,,,,,0,0,000000000,00000000000,0,0,0,1,0,0,0,0,0,0,0,998,0,0,0,12,12,4,3,8,0,0,0,1,17,61008,6,1,0,0,3,0,72,220,0,0,0,0,0,0,0,0,0,0,0,0,0,0,1,2,55,1,1,2,1,0,0,1,80,1,1,1,13,0,0
17,170871,1,1,2,19,12,15,0,15,0,1,0,17,2,6,43,6043,4,1999,4C3AU42N3XE1,4,C,3,A,U,4,2,N,3,X,E,1,0,P,CHRY,SLX,CP,99,17,2957,,0,1037,,G,,F,6,152,,,14R195,,,,,,0,0,000000000,00000000000,0,0,0,1,0,0,0,0,0,0,0,998,0,0,0,12,12,2,1,15,0,0,0,1,17,60651,6,1,0,0,3,3,74,250,0,0,0,0,0,0,0,0,0,0,38,0,0,0,1,2,99,1,1,2,1,0,0,1,80,1,1,1,13,0,0
17,170872,1,2,2,26,12,18,26,12,6,1,0,17,1,6,52,6052,9,2003,3C4FY48B23T5,3,C,4,F,Y,4,8,B,2,3,T,5,0,P,CHRY,PTC,SV,3,17,3049,,0,1030,,G,,F,4,148,,,15R195,,,,,,0,0,000000000,00000000000,0,0,0,1,0,0,0,0,0,0,0,998,0,0,0,81,81,6,2,12,0,0,0,1,17,60477,6,1,0,0,3,1,69,160,0,0,0,0,0,0,0,0,0,0,38,0,0,0,1,4,45,1,1,2,1,2,3,11,15,1,1,2,68,1,0
17,170872,2,2,1,26,12,18,26,12,6,1,0,17,1,24,1,24001,4,1999,1G8ZH5286XZ1,1,G,8,Z,H,5,2,8,6,X,Z,1,0,P,STRN,SL1,4D,99,17,2355,,0,1024,,G,,F,4,116,,,14R175,,,,,,0,0,000000000,00000000000,0,0,0,1,0,0,0,0,0,0,0,998,0,0,0,12,12,6,2,12,0,0,0,1,17,60477,6,1,0,0,3,0,66,130,0,0,0,0,0,0,0,0,0,0,0,0,0,0,1,4,45,1,1,2,1,2,3,1,66,1,1,1,69,0,0
17,170873,1,1,1,17,9,19,41,57,0,1,0,17,1,76,705,76705,80,1982,JYA5V4003CA0,J,Y,A,5,V,4,0,0,3,C,A,0,0,M,YAMA,XS6,RS,82,17,,,,,,,650,,2,,4,467,,,,,,,0,0,000000000,00000000000,0,0,0,1,0,0,0,0,0,0,0,998,0,0,0,12,12,6,2,1,0,0,0,1,17,61611,6,1,0,0,3,0,70,155,0,0,0,0,0,0,0,0,0,1,36,0,0,0,3,2,30,1,1,2,1,0,0,1,12,1,1,4,6,1,1
17,170874,1,2,3,6,2,15,10,12,6,1,0,17,1,12,481,12481,31,1998,1FTZF18WXWNB,1,F,T,Z,F,1,8,W,X,W,N,B,0,T,FORD,F15,PK,98,17,,1,1390,1200,COF,G,,,8,281,,,,B,4260,01,E,44,0,0,000000000,00000000000,0,0,0,1,0,0,0,0,0,0,0,5,0,0,0,83,83,6,2,12,0,0,0,1,17,62906,6,2,0,0,3,0,65,190,0,0,0,0,0,0,0,0,0,0,38,0,0,0,1,2,35,1,1,2,1,20,3,11,53,1,1,2,68,1,0
17,170874,2,2,3,6,2,15,10,12,6,1,0,17,2,20,471,20471,30,2001,1GCDT19W1181,1,G,C,D,T,1,9,W,1,1,8,1,0,T,CHEV,S14,PC,1,17,,1,0,1229,S,G,,,6,262,,,,B,00000,00,,44,0,0,000000000,00000000000,0,0,0,1,0,0,0,0,0,0,0,55,0,0,0,12,12,6,2,12,0,0,0,1,17,62923,6,1,0,0,3,0,61,150,0,0,0,0,0,0,0,0,0,0,0,0,0,0,1,2,55,1,1,2,1,0,0,1,55,1,1,1,69,0,0
18,180001,1,2,1,1,1,3,27,12,2,1,0,18,2,20,37,20037,4,2005,1G1ZT628X5F3,1,G,1,Z,T,6,2,8,X,5,F,3,0,P,CHEV,XLS,4D,5,17,3476,,0,1123,,G,,F,6,214,,,16R215,,,,,,0,0,000000000,00000000000,0,0,0,1,0,0,0,0,0,0,0,998,0,0,0,12,12,6,2,12,0,0,0,1,18,46816,1,1,0,0,2,0,68,137,0,1,0,0,0,12,2009,12,2009,1,8,28,35,0,1,2,35,1,1,2,2,0,0,6,10,7,1,2,50,1,1
18,180001,2,2,1,1,1,3,27,12,2,1,0,18,1,23,401,23401,14,2004,1GKDT13S9422,1,G,K,D,T,1,3,S,9,4,2,2,0,T,GMC,ENV,4W,4,17,,1,0,1130,ENV,G,,,6,256,,,,B,4616,00,E,44,0,0,000000000,00000000000,0,0,0,1,0,0,0,0,0,0,0,998,0,0,0,12,12,6,2,12,0,0,0,1,18,46819,2,1,0,0,2,0,70,181,0,0,0,0,0,0,0,0,0,0,0,0,0,0,1,2,35,1,1,2,2,0,0,1,63,1,1,1,51,0,0
18,180002,1,1,1,1,1,7,53,19,0,1,0,18,2,7,472,7472,30,1997,1B7FL26Y4VS1,1,B,7,F,L,2,6,Y,4,V,S,1,0,T,DODG,DAK,PK,97,17,,1,1239,1119,DAK,G,,,8,318,,,,B,3200,01,E,42,0,0,000000000,00000000000,0,0,0,1,0,0,0,0,0,0,0,998,0,0,0,1,9,6,2,30,0,0,0,1,6,91766,6,1,0,0,3,0,66,185,0,0,0,0,0,0,0,0,0,0,0,0,0,0,1,2,35,1,1,2,2,0,0,1,13,1,1,4,1,1,1
18,180003,1,1,1,3,1,17,20,25,0,1,0,18,2,54,37,54037,2,1997,19UYA1257VL0,1,9,U,Y,A,1,2,5,7,V,L,0,0,P,ACUR,22C,CP,97,17,3018,,0,1069,,G,,F,4,132,,,16R205,,,,,,0,0,000000000,00000000000,0,0,0,1,0,0,0,0,0,0,0,998,0,0,0,11,12,6,2,25,0,0,0,1,18,47164,6,2,0,0,3,0,67,130,0,0,0,0,0,0,0,0,0,0,0,0,0,0,3,3,55,1,1,1,1,0,0,1,12,1,1,5,6,1,0
18,180004,1,3,2,4,1,6,42,12,6,1,0,93,3,87,881,87881,66,2009,1XPHD49XX9D7,1,X,P,H,D,4,9,X,X,9,D,7,1,T,PTRB,386,TR,9,17,,8,0,0,CON,D,,,6,915,,,,,00000,00,,64,1,57,1080538,571080538,3,6,1,1,0,0,0,0,0,0,0,998,0,0,0,11,11,6,2,12,0,0,0,1,17,61201,6,1,6,0,3,1,67,125,0,0,0,0,0,0,0,0,0,0,38,92,0,0,2,2,55,1,1,2,1,0,0,11,15,1,1,2,68,0,0
18,180004,2,3,1,4,1,6,42,12,6,1,0,18,2,12,481,12481,31,2001,1FTRX18L71NA,1,F,T,R,X,1,8,L,7,1,N,A,0,T,FORD,F15,4C,1,17,,2,1574,1388,COF,G,,,8,330,,,,B,4611,04,U,44,0,0,000000000,00000000000,0,0,0,1,0,0,0,0,0,0,0,998,0,1,1,10,13,6,2,12,0,0,0,1,18,47393,6,1,0,0,3,0,72,195,0,0,0,1,0,2,2010,2,2010,0,0,0,0,0,2,2,55,1,1,2,1,0,0,1,67,1,1,1,69,1,0
18,180004,3,3,1,4,1,6,42,12,6,1,0,93,3,82,883,82883,66,2005,1FUJA6CV75LU,1,F,U,J,A,6,C,V,7,5,L,U,1,T,FRHT,COL,TR,5,17,,8,0,0,CON,D,,,6,782,,,,,00000,00,,64,1,57,484944,57484944,3,6,1,1,0,0,0,0,0,0,0,998,0,0,0,11,11,0,1,12,0,0,0,1,13,31011,6,1,6,1,3,1,69,185,98,0,0,2,0,5,2008,1,2010,0,0,0,0,0,1,2,10,1,1,2,1,20,3,2,62,1,1,1,98,0,0
18,180005,1,1,1,2,1,19,24,34,0,1,0,18,1,12,471,12471,30,1990,1FTCR10A0LUC,1,F,T,C,R,1,0,A,0,L,U,C,0,T,FORD,RNG,PK,90,17,,1,1140,1080,RNG,G,,,4,140,,,,B,2674,01,A,42,0,0,000000000,00000000000,0,0,0,1,0,0,0,0,0,0,0,998,0,1,6,14,14,6,2,1,0,0,0,1,18,47326,0,0,0,0,0,0,999,999,0,0,0,0,0,0,0,0,0,0,87,28,0,0,1,2,55,1,1,4,1,0,0,1,12,1,1,5,6,1,0
18,180006,1,1,2,6,1,19,55,35,0,1,0,18,1,23,401,23401,14,2004,1GKET16S4461,1,G,K,E,T,1,6,S,4,4,6,1,0,T,GMC,EXL,4W,4,17,,2,0,1290,ENV,G,,,6,256,,,,B,4968,00,E,44,0,0,000000000,00000000000,0,0,0,1,0,0,0,0,0,0,0,998,0,1,6,12,12,6,2,1,32,0,0,1,18,47041,6,1,0,0,3,2,66,170,0,0,0,0,0,0,0,0,0,0,87,74,28,0,1,2,55,4,2,2,4,0,0,14,5,1,7,5,7,1,0
18,180007,1,2,2,6,1,14,37,12,6,1,0,18,2,63,401,63401,14,2002,KNDJB6230251,K,N,D,J,B,6,2,3,0,2,5,1,0,P,KIA,SPO,UT,2,17,3108,,0,929,,G,,F,4,122,,,15R205,,,,,,0,0,000000000,00000000000,0,0,0,1,0,0,0,0,0,0,0,998,0,0,0,3,3,6,2,12,0,0,0,1,18,46952,6,1,0,0,3,1,71,240,0,0,0,0,0,0,0,0,0,1,28,87,0,0,1,2,55,1,1,2,4,0,0,1,6,1,4,2,64,1,0
18,180007,2,2,1,6,1,14,37,12,6,1,0,18,2,20,403,20403,14,2003,1GNET16S7361,1,G,N,E,T,1,6,S,7,3,6,1,0,P,CHEV,TRL,UT,3,17,5020,,0,1290,,G,,F,6,256,,,17R245,,,,,,0,0,000000000,00000000000,0,0,0,1,0,0,0,0,0,0,0,998,0,0,0,12,12,6,2,12,0,0,0,1,18,46919,6,1,0,0,3,0,66,195,0,0,0,0,0,0,0,0,0,0,0,0,0,0,1,2,55,1,1,2,4,0,0,1,62,1,1,1,65,0,0
18,180008,1,2,2,7,1,12,4,12,6,1,0,21,2,37,32,37032,4,2003,1HGCM56673A0,1,H,G,C,M,5,6,6,7,3,A,0,0,P,HOND,UEX,4D,3,17,3109,,0,1079,,G,,F,4,146,,,16R205,,,,,,0,0,000000000,00000000000,0,0,0,1,0,0,0,0,0,0,0,998,0,0,0,3,3,6,2,12,0,0,0,1,21,40241,6,1,0,0,3,1,67,160,0,0,0,0,0,0,0,0,0,1,58,87,0,0,3,3,55,1,1,1,3,0,0,1,6,1,4,2,44,1,0
18,180008,2,2,1,7,1,12,4,12,6,1,0,18,1,82,881,82881,66,1995,1FUYDSYB9SP5,1,F,U,Y,D,S,Y,B,9,S,P,5,1,T,FRHT,FLD,TR,95,17,,8,0,0,CON,D,,,6,893,,,,,00000,00,,64,1,57,240663,57240663,3,6,11,1,0,0,0,0,0,0,0,998,0,0,0,12,12,6,2,12,0,0,0,1,18,47246,6,1,6,1,3,0,67,155,0,0,0,1,0,3,2009,3,2009,0,0,0,0,0,3,3,55,1,1,1,3,0,0,1,60,1,1,1,45,0,0
18,180009,1,2,1,3,1,11,16,12,1,1,0,18,1,22,2,22002,4,1993,1G2HX53LXP12,1,G,2,H,X,5,3,L,X,P,1,2,0,P,PONT,BVS,4D,93,17,0,,0,1108,,G,,F,6,231,,,15R215,,,,,,0,0,000000000,00000000000,0,0,0,1,0,0,0,0,0,0,0,998,0,0,0,12,12,6,2,12,0,0,0,1,18,46404,6,1,0,0,3,2,70,214,0,0,0,0,0,0,0,0,0,1,74,0,0,0,1,2,30,1,2,2,1,1,3,1,52,1,1,1,28,1,0
18,180009,2,2,1,3,1,11,16,12,1,1,0,18,3,84,981,84981,50,2008,4DRBUAAP38A4,4,D,R,B,U,A,A,P,3,8,A,4,0,T,INTL,,,8,17,,,,,,D,,,6,466,,,,,,,,,0,99,999999999,99999999999,3,21,22,1,0,0,0,0,1,0,0,998,0,0,0,6,6,0,1,12,0,0,0,1,18,46407,6,1,6,1,3,0,64,185,0,0,0,0,0,0,0,0,0,0,0,0,0,0,1,2,30,1,2,2,1,1,3,2,53,1,1,1,29,0,0
18,180010,1,1,1,1,1,6,34,14,0,1,0,18,1,23,8,23008,6,2008,1GKEV13708J2,1,G,K,E,V,1,3,7,0,8,J,2,0,T,GMC,SLA,4W,8,17,,2,0,1189,ACA,G,,,6,220,,,,B,4936,00,W,44,0,0,000000000,00000000000,0,0,0,1,0,0,0,0,0,0,0,998,0,0,0,2,2,6,2,2,0,0,1,1,18,46410,6,1,0,0,3,1,71,275,0,0,0,1,0,4,2009,4,2009,0,0,0,0,0,1,2,45,1,1,2,1,0,0,1,12,1,1,5,6,1,1
18,180011,1,2,1,6,1,13,19,12,6,1,0,47,2,7,472,7472,30,2003,1D7FL16X53S3,1,D,7,F,L,1,6,X,5,3,S,3,0,T,DODG,SXT,PK,3,17,,1,0,1119,DAK,G,,,6,239,,,,B,3692,00,E,42,0,0,000000000,00000000000,0,0,0,1,0,0,0,0,0,0,0,998,0,0,0,12,12,6,2,12,0,0,0,1,47,37323,6,1,6,1,3,1,72,248,0,0,0,0,0,0,0,0,0,1,28,87,0,0,3,4,70,1,1,1,3,0,0,1,6,1,4,2,64,1,0
18,180011,2,2,1,6,1,13,19,12,6,1,0,18,3,82,883,82883,66,2007,1FUJA6CV87LX,1,F,U,J,A,6,C,V,8,7,L,X,1,T,FRHT,COL,TR,7,17,,8,0,0,CON,D,,,6,782,,,,,00000,00,,64,1,57,198033,57198033,3,6,3,1,0,0,0,0,0,0,0,998,0,0,0,9,9,6,2,12,0,0,0,1,26,48831,6,1,6,1,3,0,70,160,0,0,0,0,0,0,0,0,0,0,0,0,0,0,3,4,70,1,1,1,3,0,0,1,62,1,1,1,65,0,0
18,180013,1,3,1,10,1,13,50,12,6,1,0,18,1,21,17,21017,4,1996,1G3AJ55M3T64,1,G,3,A,J,5,5,M,3,T,6,4,0,P,OLDS,CRL,4D,96,17,2924,,0,1049,,G,,F,6,191,,,14R185,,,,,,0,0,000000000,00000000000,0,0,0,1,0,0,0,0,0,0,0,998,0,0,0,9,9,6,2,12,0,0,0,1,18,46041,6,1,0,0,3,2,61,143,0,0,0,0,0,0,0,0,0,0,38,74,0,0,5,2,30,1,1,2,1,1,3,1,17,1,1,1,89,1,0
18,180013,2,3,1,10,1,13,50,12,6,1,0,18,3,85,881,85881,66,1995,1XKDDR9X9SJ6,1,X,K,D,D,R,9,X,9,S,J,6,1,T,KW,T80,TR,95,17,,8,0,1600,CON,D,,,6,774,,,,,00000,00,,64,1,57,727900,57727900,3,6,8,1,0,0,0,0,0,0,0,998,0,0,0,12,12,2,3,12,0,0,0,1,18,46932,6,1,6,1,3,0,76,252,0,0,0,0,1,11,2009,11,2009,0,0,0,0,0,5,2,30,1,1,2,1,1,3,1,66,1,1,1,88,0,0
18,180013,3,3,1,10,1,13,50,12,6,1,0,18,1,20,2,20002,4,2001,2G1WF55E8192,2,G,1,W,F,5,5,E,8,1,9,2,0,P,CHEV,IMP,4D,1,17,3389,,0,1105,,G,,F,6,207,,,16R225,,,,,,0,0,000000000,00000000000,0,0,0,1,0,0,0,0,0,0,0,998,0,0,0,10,10,0,1,12,0,0,0,1,18,46041,6,1,0,0,3,2,65,130,0,0,0,0,0,0,0,0,0,0,74,0,0,0,5,2,30,1,1,2,1,1,3,2,63,1,1,1,98,0,0
18,180014,1,2,1,10,1,19,53,12,6,1,0,18,1,6,441,6441,20,2002,2C4GP54L82R5,2,C,4,G,P,5,4,L,8,2,R,5,0,T,CHRY,LXI,ES,2,17,,1,0,1193,TWC,G,,,6,230,,,,,4160,00,,42,0,0,000000000,00000000000,0,0,0,1,0,0,0,0,0,0,0,998,0,0,0,12,12,6,2,12,0,0,0,1,18,47130,6,1,0,0,3,0,70,220,0,0,0,0,1,10,2009,10,2009,0,8,28,0,0,1,2,45,4,1,2,1,0,0,14,10,1,1,5,64,1,0
18,180014,2,2,1,10,1,19,53,12,6,1,0,21,3,82,881,82881,66,2000,1FUYDSEB9YLF,1,F,U,Y,D,S,E,B,9,Y,L,F,1,T,FRHT,FLD,TR,0,17,,8,0,0,CON,D,,,6,774,,,,,00000,00,,64,1,57,892856,57892856,3,6,1,1,0,0,0,0,0,0,0,998,0,0,0,8,8,6,2,12,0,0,0,1,21,42784,6,1,6,0,3,0,67,225,0,0,0,1,0,9,2009,9,2009,0,0,0,0,0,1,2,45,4,1,2,1,0,0,14,63,7,1,5,65,0,0
18,180015,1,1,2,11,1,19,12,8,0,1,0,18,1,12,402,12402,14,2001,1FMYU02111KB,1,F,M,Y,U,0,2,1,1,1,K,B,0,P,FORD,SPE,UT,1,17,3144,,0,1031,,G,,F,6,181,,,15R225,,,,,,0,0,000000000,00000000000,0,0,0,1,0,0,0,0,0,0,0,998,0,0,0,12,12,0,1,8,0,0,0,1,18,47231,6,1,0,0,3,0,64,150,0,0,0,0,0,0,0,0,0,0,87,0,0,0,1,2,55,1,2,2,3,0,0,1,80,3,1,1,13,0,0
18,180016,1,1,1,4,1,19,7,42,0,1,0,18,1,12,442,12442,20,1996,2FMDA5140TBC,2,F,M,D,A,5,1,4,0,T,B,C,0,T,FORD,WWG,ES,96,17,,1,0,1207,WIN,G,,,6,232,,,,B,3733,00,E,42,0,0,000000000,00000000000,0,0,0,1,0,0,0,0,0,0,0,998,0,0,0,12,12,6,2,42,0,0,0,1,18,47025,6,1,5,0,3,0,66,190,0,0,0,0,0,0,0,0,0,1,0,0,0,0,1,2,55,1,1,2,1,0,0,6,13,1,1,5,1,1,0