STATE,ST_CASE,VEH_NO,VE_FORMS,NUMOCCS,DAY,MONTH,HOUR,MINUTE,HARM_EV,MAN_COLL,UNITTYPE,HIT_RUN,REG_STAT,OWNER,MAKE,MODEL,MAK_MOD,BODY_TYP,MOD_YEAR,VIN,VIN_1,VIN_2,VIN_3,VIN_4,VIN_5,VIN_6,VIN_7,VIN_8,VIN_9,VIN_10,VIN_11,VIN_12,TOW_VEH,VINTYPE,VINMAKE,VINA_MOD,VIN_BT,VINMODYR,VIN_LNGT,VIN_WGT,WGTCD_TR,WHLBS_LG,WHLBS_SH,SER_TR,FUELCODE,MCYCL_DS,CARBUR,CYLINDER,DISPLACE,MCYCL_CY,MCYCL_WT,TIRE_SZE,TON_RAT,TRK_WT,TRKWTVAR,VIN_REST,WHLDRWHL,J_KNIFE,MCARR_I1,MCARR_I2,MCARR_ID,GVWR,V_CONFIG,CARGO_BT,HAZ_INV,HAZ_PLAC,HAZ_ID,HAZ_CNO,HAZ_REL,BUS_USE,SPEC_USE,EMER_USE,TRAV_SP,UNDERIDE,ROLLOVER,ROLINLOC,IMPACT1,IMPACT2,DEFORMED,TOWED,M_HARM,VEH_SC1,VEH_SC2,FIRE_EXP,DR_PRES,L_STATE,DR_ZIP,L_STATUS,L_TYPE,CDL_STAT,L_ENDORS,L_COMPL,L_RESTRI,DR_HGT,DR_WGT,PREV_ACC,PREV_SUS,PREV_DWI,PREV_SPD,PREV_OTH,FIRST_MO,FIRST_YR,LAST_MO,LAST_YR,SPEEDREL,DR_SF1,DR_SF2,DR_SF3,DR_SF4,VTRAFWAY,VNUM_LAN,VSPD_LIM,VALIGN,VPROFILE,VPAVETYP,VSURCOND,VTRAFCON,VTCONT_F,P_CRASH1,P_CRASH2,P_CRASH3,PCRASH4,PCRASH5,ACC_TYPE,DEATHS,DR_DRINK
18,180143,1,1,1,3,4,22,47,34,0,1,0,18,1,12,481,12481,31,2005,1FTRF12W25NB,1,F,T,R,F,1,2,W,2,5,N,B,0,T,FORD,F15,PK,5,17,,2,1450,1260,COF,G,,,8,281,,,,B,4615,02,U,42,0,0,000000000,00000000000,0,0,0,1,0,0,0,0,0,0,0,998,0,1,5,1,14,6,2,1,0,0,0,1,18,47003,1,1,5,0,2,2,69,184,0,4,1,0,0,10,2009,8,2010,0,28,58,74,0,1,2,55,1,1,2,1,0,0,1,8,6,4,4,7,1,1
18,180144,1,2,1,2,4,5,30,12,1,1,0,18,1,63,33,63033,4,2003,KNAFB1212352,K,N,A,F,B,1,2,1,2,3,5,2,0,P,KIA,STL,4D,3,17,2661,,0,1008,,G,,F,4,109,,,14R185,,,,,,0,0,000000000,00000000000,0,0,0,1,0,0,0,0,0,0,0,998,0,0,0,12,62,6,2,12,0,0,0,1,18,46403,6,1,0,0,3,0,68,140,2,2,0,1,0,7,2009,1,2011,1,8,23,0,0,1,4,45,1,1,1,1,3,3,1,52,7,1,1,20,1,1
18,180144,2,2,1,2,4,5,30,12,1,1,0,17,3,12,881,12881,61,2008,1FDWF36YX8EB,1,F,D,W,F,3,6,Y,X,8,E,B,0,T,FORD,F3D,CB,8,17,,3,1650,1410,DRW,G,,,10,415,,,,D,5922,01,U,42,0,57,543531,57543531,2,1,96,1,0,0,0,0,0,0,0,0,0,0,0,6,6,0,1,12,0,0,0,1,17,60051,6,1,6,0,3,0,67,185,0,0,0,0,1,6,2008,6,2008,0,0,0,0,0,1,4,45,1,1,1,1,3,3,5,53,1,1,1,21,0,0
18,180145,1,1,1,4,4,21,13,35,0,1,0,18,1,23,481,23481,31,1989,1GTDC14K6KZ5,1,G,T,D,C,1,4,K,6,K,Z,5,0,T,GMC,SC1,PK,89,17,,1,1315,1175,SIE,G,,,8,350,,,,B,4114,08,A,42,0,0,000000000,00000000000,0,0,0,1,0,0,0,0,0,0,0,998,0,1,5,7,98,6,2,1,0,0,0,1,18,46222,1,1,0,0,2,2,67,240,1,4,0,0,0,6,2009,12,2010,0,28,74,87,0,1,2,55,2,6,2,2,0,0,14,5,1,2,4,7,1,1
18,180146,1,2,1,27,3,4,10,12,2,1,0,18,2,24,401,24401,14,2003,5GZCZ63B43S8,5,G,Z,C,Z,6,3,B,4,3,S,8,0,P,STRN,VUE,UT,3,17,3470,,0,1066,,G,,F,6,181,,,16R235,,,,,,0,0,000000000,00000000000,0,0,0,1,0,0,0,0,0,0,0,998,0,0,0,12,12,6,2,12,0,0,0,1,18,46241,6,1,0,0,3,3,66,150,0,1,0,0,0,12,2008,12,2008,0,28,0,0,0,1,2,55,1,1,2,1,0,0,1,10,1,1,2,50,1,1
18,180146,2,2,1,27,3,4,10,12,2,1,0,12,2,63,401,63401,14,1999,KNDJA7230X55,K,N,D,J,A,7,2,3,0,X,5,5,0,P,KIA,SPO,UT,99,17,3352,,0,1043,,G,,F,4,122,,,15R205,,,,,,0,0,000000000,00000000000,0,0,0,1,0,0,0,0,0,0,0,998,0,0,0,12,12,6,2,12,0,0,0,1,18,47471,1,1,0,0,2,2,71,140,1,1,0,1,0,6,2010,12,2010,0,74,0,0,0,1,2,55,1,1,2,1,0,0,1,62,1,1,1,51,0,1
18,180147,1,1,1,4,4,4,40,34,0,1,0,55,2,12,401,12401,14,2002,1FMZU73K42ZC,1,F,M,Z,U,7,3,K,4,2,Z,C,0,P,FORD,EPR,UT,2,17,4378,,0,1137,,F,,F,6,245,,,16R235,,,,,,0,0,000000000,00000000000,0,0,0,1,0,0,0,0,0,0,0,998,0,0,0,12,12,6,2,34,0,0,0,1,24,21702,6,1,0,0,3,0,67,162,0,0,0,0,0,0,0,0,0,0,0,0,0,0,1,2,55,2,1,2,1,0,0,14,13,1,1,5,1,1,1
18,180148,1,1,1,5,4,22,10,32,0,1,0,18,1,41,45,41045,1,1991,JM1NA3513M02,J,M,1,N,A,3,5,1,3,M,0,2,0,P,MAZD,MIA,CV,91,17,2093,,0,892,,G,,F,4,098,,,14R185,,,,,,0,0,000000000,00000000000,0,0,0,1,0,0,0,0,0,0,0,998,0,1,6,12,12,6,2,1,0,0,0,1,18,47403,6,1,0,0,3,0,67,190,0,0,0,0,0,0,0,0,0,0,0,0,0,0,1,2,35,3,2,2,1,0,0,14,12,1,1,5,6,1,0
18,180149,1,2,1,6,4,8,25,12,2,1,0,18,2,20,20,20020,2,1991,2G1WN14T3M92,2,G,1,W,N,1,4,T,3,M,9,2,0,P,CHEV,EUR,CP,91,17,3047,,0,1075,,G,,F,6,191,,,16R225,,,,,,0,0,000000000,00000000000,0,0,0,1,0,0,0,0,0,0,0,998,0,1,1,12,98,6,2,12,0,0,0,1,18,47954,6,1,0,0,3,1,57,120,0,0,0,0,0,0,0,0,0,0,28,0,0,0,1,2,55,1,1,2,1,0,0,1,10,1,1,2,50,1,0
18,180149,2,2,1,6,4,8,25,12,2,1,0,18,2,20,461,20461,21,2005,1GBFG15T9512,1,G,B,F,G,1,5,T,9,5,1,2,0,T,CHEV,E15,CG,5,17,,2,0,1350,EXP,G,,,8,325,,,,B,4898,00,,42,0,0,000000000,00000000000,0,0,0,1,0,0,0,0,0,0,0,998,0,0,0,12,62,6,2,12,0,0,0,1,18,46052,6,1,0,0,3,1,68,165,0,0,0,0,0,0,0,0,0,0,0,0,0,0,1,2,55,1,1,2,1,0,0,1,62,1,1,1,51,0,0
18,180150,1,1,1,1,4,6,43,32,0,1,0,18,1,41,471,41471,30,2001,4F4YR12C61TM,4,F,4,Y,R,1,2,C,6,1,T,M,0,T,MAZD,5RC,PK,1,17,,1,0,1116,B25,G,,,4,152,,,,,2960,00,E,42,0,0,000000000,00000000000,0,0,0,1,0,0,0,0,0,0,0,998,0,1,5,11,98,6,2,1,0,0,0,1,18,47348,6,1,3,0,3,3,64,200,0,0,0,0,0,0,0,0,0,0,28,0,0,0,1,2,45,1,1,2,1,0,0,1,12,1,1,4,6,1,0
18,180151,1,2,1,3,4,17,24,12,6,1,0,18,1,37,31,37031,2,2000,1HGEM115XYL0,1,H,G,E,M,1,1,5,X,Y,L,0,0,P,HOND,USS,CP,0,17,2612,,0,1032,,G,,F,4,097,,,15R195,,,,,,0,0,000000000,00000000000,0,0,0,1,0,0,0,0,0,0,0,998,0,0,0,5,5,4,3,12,0,0,0,1,18,47805,6,1,0,0,3,0,72,175,0,0,0,0,0,0,0,0,0,0,38,85,0,0,1,2,40,1,1,2,1,20,3,4,17,1,1,1,87,0,0
18,180151,2,2,1,3,4,17,24,12,6,1,0,18,2,76,706,76706,80,2001,JYAVP11E41A0,J,Y,A,V,P,1,1,E,4,1,A,0,0,M,YAMA,XVS,RS,1,17,,,,,,,1063,,2,,4,571,,,,,,,0,0,000000000,00000000000,0,0,0,1,0,0,0,0,0,0,0,998,0,0,0,12,12,6,2,12,0,0,0,1,18,47803,6,1,0,0,3,0,70,170,0,0,0,0,0,0,0,0,0,0,0,0,0,0,1,2,55,1,1,2,1,0,0,1,17,1,1,1,86,1,0
18,180152,1,2,1,4,4,15,26,12,6,1,0,18,1,22,20,22020,4,2000,1G2WR5211YF2,1,G,2,W,R,5,2,1,1,Y,F,2,0,P,PONT,GTP,4D,0,17,3523,,0,1105,,G,,Z,6,231,,,16R225,,,,,,0,0,000000000,00000000000,0,0,0,1,0,0,0,0,0,0,0,998,0,0,0,12,12,6,2,12,0,0,1,1,18,46241,6,1,0,0,3,0,74,225,0,2,0,4,0,1,2009,8,2010,0,0,0,0,0,1,4,40,1,1,2,2,0,0,1,62,1,1,1,69,0,0
18,180152,2,2,1,4,4,15,26,12,6,1,0,17,1,63,31,63031,4,1999,KNAFB1219X57,K,N,A,F,B,1,2,1,9,X,5,7,0,P,KIA,SPL,4D,99,17,2478,,0,1008,,G,,F,4,109,,,14R185,,,,,,0,0,000000000,00000000000,0,0,0,1,0,0,0,0,0,0,0,998,0,0,0,3,81,6,2,12,0,0,0,1,18,46224,1,1,0,0,2,2,999,999,0,2,0,0,0,11,2010,2,2011,0,38,74,0,0,1,4,40,1,1,2,2,0,0,11,15,1,1,1,68,1,0
18,180153,1,1,2,8,4,4,20,30,0,1,1,18,2,12,401,12401,14,1993,1FMDU34X7PUB,1,F,M,D,U,3,4,X,7,P,U,B,0,P,FORD,EPR,UT,93,17,3997,,0,1120,,G,,F,6,245,,,15R225,,,,,,0,0,000000000,00000000000,0,0,0,1,0,0,0,0,0,0,0,998,0,0,0,3,3,6,2,30,0,0,0,1,18,47901,6,1,0,0,3,0,68,145,0,1,0,0,0,11,2009,11,2009,1,92,28,0,0,1,2,30,1,1,2,2,0,0,1,12,1,1,5,6,1,1
18,180154,1,1,1,10,4,2,45,39,0,1,0,18,2,37,706,37706,80,1983,1HFSC0212DA3,1,H,F,S,C,0,2,1,2,D,A,3,0,M,HOND,G1I,RS,83,17,,,,,,,1100,,4,,4,686,,,,,,,0,0,000000000,00000000000,0,0,0,1,0,0,0,0,0,0,0,998,0,0,0,12,12,6,2,39,0,0,0,1,18,47250,1,1,0,0,2,2,68,148,0,0,0,0,0,0,0,0,0,1,74,0,0,0,1,3,50,3,6,2,1,0,0,14,13,1,1,4,1,1,1
18,180155,1,1,1,11,4,9,0,42,0,1,0,18,1,22,18,22018,4,1999,1G2NE52T8XM7,1,G,2,N,E,5,2,T,8,X,M,7,0,P,PONT,GAS,4D,99,17,3102,,0,1071,,G,,F,4,146,,,15R215,,,,,,0,0,000000000,00000000000,0,0,0,1,0,0,0,0,0,0,0,998,0,1,6,12,98,6,2,42,32,0,0,1,18,46140,6,1,0,0,3,2,63,145,0,0,0,0,0,0,0,0,0,0,74,28,0,0,1,2,50,1,1,2,2,0,0,1,12,1,1,5,6,1,0
18,180156,1,1,1,10,4,19,15,33,0,1,0,18,2,22,18,22018,4,2002,1G2NF52F72C2,1,G,2,N,F,5,2,F,7,2,C,2,0,P,PONT,SE1,4D,2,17,3116,,0,1070,,G,,F,4,134,,,15R215,,,,,,0,0,000000000,00000000000,0,0,0,1,0,0,0,0,0,0,0,998,0,1,6,14,9,6,2,1,0,0,0,1,18,46375,6,2,0,0,3,0,68,150,0,0,0,3,2,10,2008,10,2010,1,8,0,0,0,2,8,45,1,1,2,1,0,0,1,13,1,1,4,1,1,0
18,180157,1,2,1,14,4,10,0,12,2,1,0,18,1,49,442,49442,20,2010,5TDYK4CC4AS3,5,T,D,Y,K,4,C,C,4,A,S,3,0,P,TOYT,SIE,SV,10,17,4545,,0,1193,,G,,F,6,214,,,17R225,,,,,,0,0,000000000,00000000000,0,0,0,1,0,0,0,0,0,0,0,998,0,0,0,12,12,6,2,12,32,0,0,1,18,46562,6,1,0,0,3,1,67,190,0,0,0,0,0,0,0,0,0,0,28,83,0,0,1,2,55,1,1,2,1,0,0,17,87,6,1,2,60,0,0
18,180157,2,2,1,14,4,10,0,12,2,1,0,18,1,12,442,12442,20,2000,2FMDA5341YBB,2,F,M,D,A,5,3,4,1,Y,B,B,0,T,FORD,WSL,ES,0,17,,1,0,1207,WIN,G,,,6,232,,,,B,4345,00,E,42,0,0,000000000,00000000000,0,0,0,1,0,0,0,0,0,0,0,998,0,0,0,12,12,6,2,12,32,0,0,1,18,46580,6,1,0,0,3,1,66,135,0,0,0,0,0,0,0,0,0,0,0,0,0,0,1,2,55,1,1,2,1,0,0,1,63,1,1,1,61,1,0
18,180158,1,2,1,10,4,19,37,12,2,1,0,18,2,12,37,12037,4,2002,1FAFP38342W1,1,F,A,F,P,3,8,3,4,2,W,1,0,P,FORD,FZT,4D,2,17,2604,,0,1030,,G,,F,4,121,,,16R205,,,,,,0,0,000000000,00000000000,0,0,0,1,0,0,0,0,0,0,0,998,0,0,0,12,12,6,2,12,0,0,0,1,18,46723,6,1,0,0,3,0,65,122,0,0,0,0,0,0,0,0,0,0,28,0,0,0,1,2,55,1,1,2,1,0,0,1,10,1,1,2,50,0,0
18,180158,2,2,2,10,4,19,37,12,2,1,0,18,2,9,442,9442,20,1997,2P4GP2432VR1,2,P,4,G,P,2,4,3,2,V,R,1,0,T,PLYM,GVY,ES,97,17,,1,0,1193,VOF,G,,,6,181,,,,,3596,00,E,42,0,0,000000000,00000000000,0,0,0,1,0,0,0,0,0,0,0,998,0,0,0,12,12,4,3,12,32,0,0,1,18,46017,6,1,0,0,3,0,70,195,0,0,0,0,0,0,0,0,0,0,0,0,0,0,1,2,55,1,1,2,1,0,0,1,62,9,1,1,51,1,0
18,180159,1,1,1,13,4,18,23,8,0,1,0,18,2,20,32,20032,4,1997,1Y1SK5265VZ4,1,Y,1,S,K,5,2,6,5,V,Z,4,0,P,GEO,GEP,4D,97,17,2360,,0,971,,G,,F,4,097,,,14R175,,,,,,0,0,000000000,00000000000,0,0,0,1,0,0,0,0,0,0,0,998,0,0,0,1,1,6,2,8,0,0,0,1,18,46268,6,2,0,0,3,0,62,115,0,0,0,0,0,0,0,0,0,0,0,0,0,0,1,4,35,1,1,1,1,0,0,1,81,6,1,2,13,0,0
18,180160,1,1,1,13,4,10,15,8,0,1,0,18,3,85,881,85881,66,1995,999999999999,9,9,9,9,9,9,9,9,9,9,9,9,1,,,,,,,,,,,,,,,,,,,,,,,,,1,57,1209003,571209003,3,6,1,1,0,0,0,0,0,0,0,998,0,0,0,14,14,2,3,8,0,0,0,1,18,46750,6,1,6,0,3,0,68,170,0,0,0,0,0,0,0,0,0,0,48,92,0,0,2,3,35,1,1,1,1,3,3,10,80,1,1,1,13,0,0
18,180161,1,7,1,11,4,8,50,25,0,1,0,18,3,87,881,87881,66,2002,1XP5PBTX92N5,1,X,P,5,P,B,T,X,9,2,N,5,1,T,PTRB,379,TR,2,17,,8,0,0,CON,D,,,6,893,,,,,00000,00,,,1,57,281955,57281955,3,6,3,1,0,0,0,0,0,0,0,998,0,0,0,7,7,6,2,54,0,0,0,1,18,46227,6,1,6,0,3,1,75,300,0,0,0,0,0,0,0,0,0,0,28,21,0,0,3,4,45,1,1,1,2,98,8,1,10,1,1,4,9,0,0
18,180161,2,7,1,11,4,8,50,25,0,1,0,18,3,12,461,12461,28,2000,1FTSE34L3YHB,1,F,T,S,E,3,4,L,3,Y,H,B,0,T,FORD,3SD,CG,0,17,,2,0,1380,VAN,G,,,8,330,,,,D,5378,06,M,42,0,0,000000000,00000000000,0,0,0,1,0,0,0,0,0,0,0,998,0,0,0,11,82,6,2,25,0,0,0,1,18,46142,6,1,6,0,3,1,66,105,0,0,0,0,0,0,0,0,0,0,0,0,0,0,3,4,45,1,1,1,2,98,8,1,91,7,1,1,98,0,0
18,180161,3,7,1,11,4,8,50,25,0,1,0,18,1,53,40,53040,4,2007,JS2YB417X751,J,S,2,Y,B,4,1,7,X,7,5,1,0,P,SUZI,SXD,4H,7,17,2800,,0,984,,G,,F,4,122,,,16R205,,,,,,0,0,000000000,00000000000,0,0,0,1,0,0,0,0,0,0,0,998,0,0,0,12,6,6,2,12,0,0,0,1,18,46201,6,1,0,0,3,0,72,170,0,0,0,0,0,0,0,0,0,0,0,0,0,0,3,4,45,1,1,1,2,98,8,1,50,1,1,1,98,1,0
18,180161,4,7,1,11,4,8,50,25,0,1,0,17,3,98,804,98804,66,2006,5KJJAECKX6PV,5,K,J,J,A,E,C,K,X,6,P,V,1,T,WSTR,49F,TR,6,17,,8,0,0,CNV,D,,,6,858,,,,,00000,00,,64,1,57,690246,57690246,3,6,97,1,0,0,0,0,0,0,0,998,0,0,0,12,12,6,2,12,0,0,0,1,17,62481,6,1,6,0,3,0,65,170,1,0,0,1,0,1,2009,10,2009,0,0,0,0,0,3,4,45,1,1,1,2,98,8,1,52,7,1,1,98,0,0
18,180161,5,7,2,11,4,8,50,25,0,1,0,18,2,6,43,6043,4,2004,1C3EL46R84N2,1,C,3,E,L,4,6,R,8,4,N,2,0,P,CHRY,SLX,4D,4,17,3106,,0,1080,,G,,F,6,167,,,15R205,,,,,,0,0,000000000,00000000000,0,0,0,1,0,0,0,0,0,0,0,998,0,0,0,12,12,6,2,12,0,0,1,1,18,47868,6,1,0,0,3,0,70,208,1,0,0,0,0,2,2011,2,2011,0,0,0,0,0,3,4,45,1,1,1,2,98,8,1,52,7,1,1,98,0,0
18,180161,6,7,2,11,4,8,50,25,0,1,0,18,1,12,16,12016,4,1999,2FAFP74W5XX1,2,F,A,F,P,7,4,W,5,X,X,1,0,P,FORD,CVL,4D,99,17,3917,,0,1147,,G,,F,8,281,,,16R225,,,,,,0,0,000000000,00000000000,0,0,0,1,0,0,0,0,0,0,0,998,0,0,0,12,12,6,2,12,0,0,0,1,18,46202,1,1,0,0,2,2,70,185,0,4,1,0,0,10,2010,2,2011,0,74,92,0,0,3,4,45,1,1,1,2,98,8,1,52,7,1,1,98,0,0
18,180161,7,7,1,11,4,8,50,25,0,1,0,18,1,49,40,49040,2,1999,2T1CG22P2XC2,2,T,1,C,G,2,2,P,2,X,C,2,0,P,TOYT,CRE,CP,99,17,3120,,0,1051,,G,,F,4,132,,,15R205,,,,,,0,0,000000000,00000000000,0,0,0,1,0,0,0,0,0,0,0,998,0,0,0,12,12,6,2,12,0,0,0,1,18,46239,6,1,0,0,3,0,68,210,0,0,0,0,0,0,0,0,0,0,0,0,0,0,3,4,45,1,1,1,2,98,8,1,52,7,1,1,98,0,0
18,180162,1,1,1,15,4,23,55,1,0,1,0,18,2,12,471,12471,30,2004,1FTZR45E54PA,1,F,T,Z,R,4,5,E,5,4,P,A,0,T,FORD,RNS,4C,4,17,,1,0,1259,RNG,G,,,6,245,,,,B,3945,00,U,44,0,0,000000000,00000000000,0,0,0,1,0,0,0,0,0,0,0,998,0,2,6,0,98,6,2,1,0,0,0,1,18,46554,6,2,0,0,3,0,67,195,0,0,0,0,0,0,0,0,0,0,8,58,0,0,1,2,40,1,1,2,2,0,0,1,13,1,1,5,98,1,1
18,180163,1,1,1,10,4,13,0,5,0,1,0,18,1,37,701,37701,81,2009,JH2AF58029K6,J,H,2,A,F,5,8,0,2,9,K,6,0,M,HOND,NPS,MS,9,17,,,,,,,49,,1,,4,194,,,,,,,0,0,000000000,00000000000,0,0,0,1,0,0,0,0,0,0,0,998,0,0,0,0,98,2,1,5,0,0,0,1,18,46755,6,1,0,0,3,0,65,190,0,0,0,0,0,0,0,0,0,0,13,0,0,0,1,2,55,1,2,2,1,0,0,2,98,1,1,1,0,1,0
18,180164,1,3,5,10,4,4,9,24,0,1,0,18,1,7,442,7442,20,2006,2D4GP44L26R9,2,D,4,G,P,4,4,L,2,6,R,9,0,T,DODG,GSX,ES,6,17,,1,0,1193,CAR,G,,,6,230,,,,,4252,00,E,42,0,0,000000000,00000000000,0,0,0,1,0,0,0,0,0,0,0,998,0,0,0,13,13,2,1,54,0,0,0,1,18,46060,6,1,0,0,3,0,73,190,0,0,0,0,0,0,0,0,0,0,0,0,0,0,2,4,70,1,1,2,1,0,0,1,64,1,1,1,98,0,0
18,180164,2,3,2,10,4,4,9,24,0,1,0,18,1,7,422,7422,15,2005,1D4HB38N25F5,1,D,4,H,B,3,8,N,2,5,F,5,0,P,DODG,DUR,UT,5,17,4877,,0,1192,,G,,F,8,287,,,17R265,,,,,,0,0,000000000,00000000000,0,0,0,1,0,0,0,0,0,0,0,998,0,0,0,11,62,6,2,12,0,0,0,1,18,46323,6,1,0,0,3,0,70,150,0,0,0,0,0,0,0,0,0,0,0,0,0,0,2,4,70,1,1,2,1,0,0,1,64,1,1,1,98,0,0
18,180164,3,3,1,10,4,4,9,24,0,1,0,18,1,12,481,12481,31,2001,1FTRW08L71KF,1,F,T,R,W,0,8,L,7,1,K,F,0,T,FORD,F1S,CW,1,17,,2,0,1388,COF,G,,,8,330,,,,B,4914,01,E,44,0,0,000000000,00000000000,0,0,0,1,0,0,0,0,0,0,0,998,0,1,3,1,98,6,2,1,0,0,0,1,18,47201,6,1,0,0,3,3,71,170,0,1,0,1,1,8,2008,10,2008,0,28,0,0,0,2,4,70,1,1,2,1,0,0,1,12,1,1,4,1,1,1
18,180165,1,1,1,18,4,12,30,1,0,1,0,18,1,18,7,18007,4,1999,2G4WS52M0X14,2,G,4,W,S,5,2,M,0,X,1,4,0,P,BUIC,CCU,4D,99,17,3353,,0,1090,,G,,F,6,191,,,15R205,,,,,,0,0,000000000,00000000000,0,0,0,1,0,0,0,0,0,0,0,998,0,2,5,0,98,6,2,1,0,0,0,1,18,47993,6,1,0,0,3,0,68,160,0,0,0,0,0,0,0,0,0,0,28,58,82,0,1,2,55,1,1,2,1,0,0,1,13,7,1,4,1,1,0
18,180166,1,1,1,17,4,18,43,8,0,1,0,18,3,82,881,82881,66,2010,1FUJGLDR7ASA,1,F,U,J,G,L,D,R,7,A,S,A,1,T,FRHT,125,TR,10,17,,8,0,0,CSC,D,,,6,903,,,,,00000,00,,64,1,57,268015,57268015,3,6,1,1,0,0,0,0,0,0,0,998,0,0,0,1,1,0,1,8,0,0,0,1,42,15473,6,1,6,0,3,1,66,999,0,0,0,0,0,0,0,0,0,0,0,0,0,0,3,4,50,1,1,2,1,0,0,1,80,6,1,2,13,0,0
18,180167,1,2,1,14,4,6,2,12,7,1,0,18,1,20,471,20471,30,1999,1GCCS1448XK1,1,G,C,C,S,1,4,4,8,X,K,1,0,T,CHEV,S14,PK,99,17,,1,1179,1083,S,G,,,4,133,,,,B,3015,01,,42,0,0,000000000,00000000000,0,0,0,1,0,0,0,0,0,0,0,998,0,1,1,82,98,6,2,1,0,0,0,1,18,46368,6,1,0,0,3,2,70,270,0,0,0,0,1,11,2010,11,2010,1,58,74,0,0,3,3,45,1,2,2,1,97,8,17,90,7,1,2,44,1,0
18,180167,2,2,1,14,4,6,2,12,7,1,0,19,2,82,883,82883,66,2006,1FUJA6CK26LV,1,F,U,J,A,6,C,K,2,6,L,V,1,T,FRHT,COL,TR,6,17,,8,0,0,CON,D,,,6,855,,,,,00000,00,,64,1,57,107347,57107347,3,6,3,1,0,0,0,0,0,0,0,998,0,0,0,62,62,0,1,12,0,0,0,1,19,52159,6,1,6,1,3,0,71,190,0,0,0,0,0,0,0,0,0,0,0,0,0,0,3,3,45,1,2,2,1,97,8,1,61,1,1,1,45,0,0
18,180168,1,1,1,16,4,21,45,42,0,1,0,18,1,12,13,12013,5,1993,1FAPP14J0PW2,1,F,A,P,P,1,4,J,0,P,W,2,0,P,FORD,LXE,4H,93,17,2355,,0,984,,G,,F,4,113,,,13R175,,,,,,0,0,000000000,00000000000,0,0,0,1,0,0,0,0,0,0,0,998,0,1,5,12,98,6,2,42,0,0,0,1,18,47438,6,1,0,0,3,2,66,175,0,1,0,0,1,11,2009,11,2009,0,28,58,74,0,1,2,55,2,1,2,1,0,0,14,13,1,2,4,2,1,0
18,180169,1,1,2,24,4,18,21,5,0,1,0,18,1,12,481,12481,31,1999,1FTNF21L4XEA,1,F,T,N,F,2,1,L,4,X,E,A,0,T,FORD,F2S,PK,99,17,,2,0,1370,SRW,G,,,8,330,,,,C,5440,00,U,44,0,0,000000000,00000000000,0,0,0,1,0,0,0,0,0,0,0,998,0,0,0,0,0,0,1,5,0,0,0,1,18,47970,6,1,5,0,3,0,68,145,0,0,2,3,4,4,2009,9,2010,0,0,0,0,0,1,2,55,1,1,2,1,0,0,1,98,1,1,1,0,1,0
18,180170,1,2,1,14,4,10,24,12,7,1,0,18,1,98,701,98701,81,2010,L5NTCKPA9A15,L,5,N,T,C,K,P,A,9,A,1,5,0,U,,,,10,17,,,,,,,,,,,,,,,,,,,0,0,000000000,00000000000,0,0,0,1,0,0,0,0,0,0,0,998,0,0,0,61,61,6,2,12,0,0,0,1,18,47274,0,0,0,0,0,0,61,120,0,0,0,0,0,0,0,0,0,0,27,0,0,0,1,4,55,1,1,2,1,0,0,16,11,1,1,2,44,1,0
18,180170,2,2,1,14,4,10,24,12,7,1,0,18,3,51,881,51881,66,2005,4V4NC9TJ95N3,4,V,4,N,C,9,T,J,9,5,N,3,1,T,VOLV,VNL,TR,5,17,,8,0,0,VVN,D,,,6,915,,,,,00000,00,,64,1,57,00637653,5700637653,3,6,1,1,0,0,0,0,0,0,0,998,0,0,0,81,81,0,1,12,0,0,0,1,18,46740,6,1,6,1,3,1,71,250,0,0,0,1,0,9,2008,9,2008,0,0,0,0,0,1,4,55,1,1,2,1,0,0,15,60,6,1,2,45,0,0
18,180171,1,1,2,23,4,18,38,34,0,1,0,18,2,50,706,50706,80,2001,SMT600FM91J1,S,M,T,6,0,0,F,M,9,1,J,1,0,M,TRUM,TST,RC,1,17,,,,,,,955,,3,,4,456,,,,,,,0,0,000000000,00000000000,0,0,0,1,0,0,0,0,0,0,0,998,0,0,0,99,98,6,2,30,0,0,0,1,18,46528,1,1,0,0,2,0,71,155,0,7,0,0,5,5,2010,9,2010,1,37,0,0,0,1,2,55,2,2,2,1,0,0,14,12,1,1,4,6,1,1
18,180172,1,1,1,25,4,22,54,59,0,1,0,18,1,2,482,2482,31,1988,1JTML63P3JT1,1,J,T,M,L,6,3,P,3,J,T,1,0,T,JEEP,PIN,PK,88,17,,1,0,1130,COM,G,,,6,242,,,,,00000,00,A,44,0,0,000000000,00000000000,0,0,0,1,0,0,0,0,0,0,0,998,0,0,0,61,9,6,2,30,0,0,0,1,18,46989,6,1,0,0,3,0,69,125,0,0,0,2,0,2,2009,6,2009,1,87,0,0,0,1,2,40,2,2,2,2,28,3,14,6,1,3,4,7,1,0
18,180173,1,2,3,16,3,18,0,12,6,1,0,18,1,2,403,2403,14,1995,1J4FY29S9SP2,1,J,4,F,Y,2,9,S,9,S,P,2,0,T,JEEP,WSE,2W,95,17,,1,0,934,W/Y,G,,,6,242,,,,,2861,00,A,44,0,0,000000000,00000000000,0,0,0,1,0,0,0,0,0,0,0,998,0,0,0,5,5,6,2,12,0,0,0,1,18,47805,6,1,0,0,3,0,71,125,0,0,0,0,0,0,0,0,0,0,0,0,0,0,5,4,30,1,1,2,1,0,0,1,78,1,1,1,83,1,0