STATE,ST_CASE,VEH_NO,VE_FORMS,NUMOCCS,DAY,MONTH,HOUR,MINUTE,HARM_EV,MAN_COLL,UNITTYPE,HIT_RUN,REG_STAT,OWNER,MAKE,MODEL,MAK_MOD,BODY_TYP,MOD_YEAR,VIN,VIN_1,VIN_2,VIN_3,VIN_4,VIN_5,VIN_6,VIN_7,VIN_8,VIN_9,VIN_10,VIN_11,VIN_12,TOW_VEH,VINTYPE,VINMAKE,VINA_MOD,VIN_BT,VINMODYR,VIN_LNGT,VIN_WGT,WGTCD_TR,WHLBS_LG,WHLBS_SH,SER_TR,FUELCODE,MCYCL_DS,CARBUR,CYLINDER,DISPLACE,MCYCL_CY,MCYCL_WT,TIRE_SZE,TON_RAT,TRK_WT,TRKWTVAR,VIN_REST,WHLDRWHL,J_KNIFE,MCARR_I1,MCARR_I2,MCARR_ID,GVWR,V_CONFIG,CARGO_BT,HAZ_INV,HAZ_PLAC,HAZ_ID,HAZ_CNO,HAZ_REL,BUS_USE,SPEC_USE,EMER_USE,TRAV_SP,UNDERIDE,ROLLOVER,ROLINLOC,IMPACT1,IMPACT2,DEFORMED,TOWED,M_HARM,VEH_SC1,VEH_SC2,FIRE_EXP,DR_PRES,L_STATE,DR_ZIP,L_STATUS,L_TYPE,CDL_STAT,L_ENDORS,L_COMPL,L_RESTRI,DR_HGT,DR_WGT,PREV_ACC,PREV_SUS,PREV_DWI,PREV_SPD,PREV_OTH,FIRST_MO,FIRST_YR,LAST_MO,LAST_YR,SPEEDREL,DR_SF1,DR_SF2,DR_SF3,DR_SF4,VTRAFWAY,VNUM_LAN,VSPD_LIM,VALIGN,VPROFILE,VPAVETYP,VSURCOND,VTRAFCON,VTCONT_F,P_CRASH1,P_CRASH2,P_CRASH3,PCRASH4,PCRASH5,ACC_TYPE,DEATHS,DR_DRINK
18,180173,2,2,1,16,3,18,0,12,6,1,0,18,1,12,481,12481,31,2005,1FTRF12235NB,1,F,T,R,F,1,2,2,3,5,N,B,0,T,FORD,F15,PK,5,17,,2,1450,1260,COF,G,,,6,256,,,,B,4615,02,U,42,0,0,000000000,00000000000,0,0,0,1,0,0,0,0,0,0,0,998,0,0,0,12,12,2,1,12,0,0,0,1,18,47438,6,1,0,0,3,0,70,165,0,0,0,0,0,0,0,0,0,0,0,0,0,0,5,4,30,1,1,2,1,0,0,11,15,1,1,1,82,0,0
18,180174,1,1,1,11,4,3,12,25,0,1,0,18,2,12,401,12401,14,2002,1FMZU73E52UA,1,F,M,Z,U,7,3,E,5,2,U,A,0,P,FORD,EPR,UT,2,17,4378,,0,1137,,G,,F,6,245,,,16R235,,,,,,0,0,000000000,00000000000,0,0,0,1,0,0,0,0,0,0,0,75,0,0,0,12,12,6,2,25,0,0,0,1,18,46218,1,1,0,0,2,2,61,130,0,1,0,1,0,1,2011,1,2011,1,27,58,74,0,3,3,55,1,1,1,1,0,0,1,12,6,1,4,6,1,0
18,180175,1,1,1,21,4,23,39,32,0,1,0,17,2,20,441,20441,20,1999,1GNDM19W3XB1,1,G,N,D,M,1,9,W,3,X,B,1,0,T,CHEV,AST,ES,99,17,,1,0,1112,AST,G,,,6,262,,,,B,4186,00,,42,0,0,000000000,00000000000,0,0,0,1,0,0,0,0,0,0,0,998,0,0,0,12,12,6,2,42,0,0,0,1,17,61537,6,1,0,0,3,0,65,125,0,1,0,1,0,10,2008,10,2008,0,0,0,0,0,3,2,60,1,1,2,1,0,0,1,13,1,1,4,1,1,0
18,180176,1,1,1,2,4,16,16,8,0,1,0,18,2,49,40,49040,2,2000,2T1CG22P3YC3,2,T,1,C,G,2,2,P,3,Y,C,3,0,P,TOYT,CRE,CP,0,17,3120,,0,1051,,G,,F,4,132,,,15R205,,,,,,0,0,000000000,00000000000,0,0,0,1,0,0,0,0,0,0,0,998,0,0,0,12,12,2,3,8,0,0,0,1,18,46222,6,7,0,0,3,0,63,183,0,0,0,0,0,0,0,0,0,0,0,0,0,0,1,2,30,1,1,2,1,0,0,1,80,6,1,1,13,0,0
18,180177,1,2,1,30,4,10,45,12,6,1,0,18,1,13,5,13005,4,1996,1LNLM82W1TY6,1,L,N,L,M,8,2,W,1,T,Y,6,0,P,LINC,SDJ,4D,96,17,4040,,0,1174,,G,,F,8,281,,,15R215,,,,,,0,0,000000000,00000000000,0,0,0,1,0,0,0,0,0,0,0,998,0,0,0,9,61,6,2,12,0,0,0,1,18,47920,6,1,0,0,3,0,64,115,0,0,0,2,0,7,2010,9,2010,0,38,0,0,0,1,2,50,1,1,2,1,0,0,11,15,1,1,1,82,1,0
18,180177,2,2,1,30,4,10,45,12,6,1,0,18,1,7,442,7442,20,2000,1B4GP44G4YB5,1,B,4,G,P,4,4,G,4,Y,B,5,0,T,DODG,GSS,ES,0,17,,1,0,1193,CAR,F,,,6,201,,,,,3863,00,E,42,0,0,000000000,00000000000,0,0,0,1,0,0,0,0,0,0,0,998,0,0,0,12,12,6,2,12,32,0,0,1,18,46041,6,1,0,0,3,1,62,175,1,1,0,0,0,12,2008,2,2009,0,0,0,0,0,1,2,50,1,1,2,1,0,0,1,72,1,1,1,83,0,0
18,180178,1,2,1,30,4,16,26,12,6,1,0,18,2,20,2,20002,4,2009,2G1WT57N1913,2,G,1,W,T,5,7,N,1,9,1,3,0,P,CHEV,ILT,4D,9,17,3555,,0,1105,,G,,F,6,214,,,16R225,,,,,,0,0,000000000,00000000000,0,0,0,1,0,0,0,0,0,0,0,998,0,0,0,12,12,6,2,12,0,0,0,1,18,47371,6,1,0,0,3,1,65,160,0,0,0,0,0,0,0,0,0,0,38,0,0,0,1,2,45,1,1,2,1,0,0,11,15,1,1,1,82,0,0
18,180178,2,2,1,30,4,16,26,12,6,1,0,18,1,72,706,72706,80,2002,1HD1CGP132K1,1,H,D,1,C,G,P,1,3,2,K,1,0,M,HD,20C,RS,2,17,,,,,,,1200,,2,,4,491,,,,,,,0,0,000000000,00000000000,0,0,0,1,0,0,0,0,0,0,0,998,0,0,0,3,81,6,2,12,0,0,0,1,18,47371,6,1,0,0,3,0,70,170,0,0,0,0,0,0,0,0,0,0,0,0,0,0,1,3,45,1,1,2,1,0,0,1,67,1,1,1,83,1,0
18,180179,1,2,1,30,4,21,45,12,6,1,0,18,2,30,47,30047,1,2005,3VWCD31Y15M3,3,V,W,C,D,3,1,Y,1,5,M,3,0,P,VOLK,NGS,CV,5,17,3091,,0,989,,G,,T,4,109,,,16R205,,,,,,0,0,000000000,00000000000,0,0,0,1,0,0,0,0,0,0,0,998,0,0,0,1,82,6,2,12,0,0,0,1,18,46615,6,1,0,0,3,1,73,146,0,2,0,2,3,4,2009,8,2010,0,38,92,0,0,1,3,35,1,1,2,1,3,3,11,15,1,1,1,68,0,0
18,180179,2,2,1,30,4,21,45,12,6,1,0,0,0,98,701,98701,81,2009,LHJLC13M09B0,L,H,J,L,C,1,3,M,0,9,B,0,0,U,,,,9,17,,,,,,,,,,,,,,,,,,,0,0,000000000,00000000000,0,0,0,1,0,0,0,0,0,0,0,998,0,0,0,12,12,6,2,12,0,0,0,1,18,46615,2,1,0,0,2,0,68,172,0,0,0,0,0,0,0,0,0,0,0,0,0,0,1,3,35,1,1,2,1,3,3,1,62,1,1,1,69,1,1
18,180180,1,1,1,21,4,12,16,52,0,1,0,18,1,12,471,12471,30,2002,1FTZR45EX2PA,1,F,T,Z,R,4,5,E,X,2,P,A,0,T,FORD,RNS,4C,2,17,,1,0,1259,RNG,G,,,6,245,,,,B,3760,03,E,44,0,0,000000000,00000000000,0,0,0,1,0,0,0,0,0,0,0,998,0,1,5,12,12,6,2,1,0,0,0,1,18,47167,6,1,0,0,3,3,72,205,0,1,1,0,0,10,2008,10,2008,0,8,27,0,0,1,2,55,3,2,2,1,0,0,14,13,1,1,4,1,1,0
18,180181,1,1,1,5,5,3,40,32,0,1,0,18,1,12,481,12481,31,1998,1FTZX18W9WKC,1,F,T,Z,X,1,8,W,9,W,K,C,0,T,FORD,F15,3C,98,17,,1,1570,1390,COF,G,,,8,281,,,,B,4480,01,E,44,0,0,000000000,00000000000,0,0,0,1,0,0,0,0,0,0,0,998,0,0,0,14,12,6,2,42,0,0,0,1,18,46383,6,1,0,0,3,0,70,160,0,3,0,1,1,7,2008,11,2009,1,28,58,0,0,1,2,35,1,2,2,1,0,0,1,13,1,1,4,1,1,1
18,180182,1,2,1,5,5,0,14,12,2,1,0,18,2,21,21,21021,4,2001,1G3NL52E31C1,1,G,3,N,L,5,2,E,3,1,C,1,0,P,OLDS,A/G,4D,1,17,3022,,0,1070,,G,,F,6,207,,,15R215,,,,,,0,0,000000000,00000000000,0,0,0,1,0,0,0,0,0,0,0,998,0,0,0,12,12,6,2,12,0,0,0,1,18,46123,6,1,0,0,3,0,69,150,0,0,0,0,0,0,0,0,0,0,28,0,0,0,1,2,40,1,1,2,1,0,0,1,10,1,1,2,50,0,0
18,180182,2,2,1,5,5,0,14,12,2,1,0,18,1,24,1,24001,4,1996,1G8ZK5276TZ1,1,G,8,Z,K,5,2,7,6,T,Z,1,0,P,STRN,SL2,4D,96,17,2350,,0,1024,,G,,F,4,116,,,15R185,,,,,,0,0,000000000,00000000000,0,0,0,1,0,0,0,0,0,0,0,998,0,0,0,12,12,6,2,12,0,0,0,1,18,46234,6,1,0,0,3,1,63,150,0,0,0,0,0,0,0,0,0,0,0,0,0,0,1,2,40,1,1,2,1,0,0,1,63,1,1,1,51,1,0
18,180183,1,2,2,3,5,9,26,12,2,1,0,18,2,20,39,20039,5,2008,KL1TD66618B0,K,L,1,T,D,6,6,6,1,8,B,0,0,P,CHEV,ABS,5D,8,17,2343,,0,976,,G,,F,4,098,,,14R185,,,,,,0,0,000000000,00000000000,0,0,0,1,0,0,0,0,0,0,0,998,0,1,5,12,12,6,2,12,0,0,0,1,12,32709,6,1,0,0,3,0,71,999,0,0,0,0,0,0,0,0,0,0,28,35,0,0,1,2,55,1,1,2,1,0,0,6,10,1,1,2,50,1,0
18,180183,2,2,1,3,5,9,26,12,2,1,0,18,3,84,881,84881,66,2009,2HSCTAPR69C0,2,H,S,C,T,A,P,R,6,9,C,0,1,T,INTL,PRO,TR,9,17,,8,0,0,PRO,D,,,6,915,,,,,00000,00,,64,1,57,213754,57213754,3,6,1,1,0,0,0,0,0,0,0,998,0,0,0,12,12,6,2,12,0,0,1,1,18,46902,6,1,6,1,3,0,65,160,0,0,0,0,0,0,0,0,0,0,0,0,0,0,1,2,55,1,1,2,1,0,0,1,62,9,1,1,51,0,0
18,180184,1,1,1,3,5,15,57,14,0,1,0,17,1,12,471,12471,30,1994,1FTCR14X2RPB,1,F,T,C,R,1,4,X,2,R,P,B,0,T,FORD,RNS,PC,94,17,,1,0,1250,RNG,G,,,6,245,,,,B,3208,00,A,42,0,0,000000000,00000000000,0,0,0,1,0,0,0,0,0,0,0,998,0,0,0,1,82,4,1,14,0,0,0,1,17,60637,6,1,0,0,3,0,73,270,0,0,0,0,0,0,0,0,0,1,92,28,0,0,3,4,55,1,1,1,1,0,0,15,11,1,1,4,98,0,0
18,180185,1,1,1,4,5,6,50,10,0,1,0,18,1,72,706,72706,80,2007,1HD1JL5127Y0,1,H,D,1,J,L,5,1,2,7,Y,0,0,M,HD,XTC,RS,7,17,,,,,,,1584,,2,,4,672,,,,,,,0,0,000000000,00000000000,0,0,0,1,0,0,0,0,0,0,0,998,0,0,0,1,1,6,2,10,0,0,0,1,18,47872,6,1,6,0,3,0,75,250,0,0,0,1,1,12,2008,8,2010,0,38,0,0,0,1,2,35,1,1,2,1,65,3,1,91,3,2,1,15,1,0
18,180186,1,2,2,17,4,21,20,12,6,1,0,18,1,6,442,6442,20,2001,1C4GJ25361B2,1,C,4,G,J,2,5,3,6,1,B,2,0,P,CHRY,VOV,SV,1,17,3815,,0,1133,,F,,F,6,201,,,15R215,,,,,,0,0,000000000,00000000000,0,0,0,1,0,0,0,0,0,0,0,998,0,1,3,9,98,6,2,12,32,0,0,1,18,46703,6,1,0,0,3,0,66,320,0,0,0,0,0,0,0,0,0,0,38,0,0,0,2,8,55,1,1,2,1,20,3,1,17,1,1,1,89,1,0
18,180186,2,2,2,17,4,21,20,12,6,1,0,18,1,7,422,7422,15,2005,1D4HB38N55F5,1,D,4,H,B,3,8,N,5,5,F,5,0,P,DODG,DUR,UT,5,17,4877,,0,1192,,G,,F,8,287,,,17R265,,,,,,0,0,000000000,00000000000,0,0,0,1,0,0,0,0,0,0,0,998,0,0,0,12,12,6,2,12,0,0,0,1,18,46748,6,1,0,0,3,0,71,204,0,0,0,0,0,0,0,0,0,0,0,0,0,0,2,8,55,2,1,2,1,0,0,14,66,1,1,1,88,0,1
18,180187,1,2,3,3,5,20,0,12,2,1,0,18,1,52,34,52034,4,1999,4A3AA46G7XE0,4,A,3,A,A,4,6,G,7,X,E,0,0,P,MITS,GES,4D,99,17,2935,,0,1037,,G,,F,4,143,,,16R205,,,,,,0,0,000000000,00000000000,0,0,0,1,0,0,0,0,0,0,0,998,0,0,0,12,12,6,2,12,0,0,0,1,21,40146,6,1,0,0,3,0,66,160,0,0,0,0,0,0,0,0,0,0,28,58,0,0,1,2,55,1,3,2,1,0,0,1,11,7,1,2,50,1,0
18,180187,2,2,2,3,5,20,0,12,2,1,0,18,1,63,441,63441,20,2002,KNDUP131X263,K,N,D,U,P,1,3,1,X,2,6,3,0,P,KIA,SED,SV,2,17,4709,,0,1145,,G,,F,6,213,,,15R215,,,,,,0,0,000000000,00000000000,0,0,0,1,0,0,0,0,0,0,0,998,0,1,1,12,98,6,2,12,32,0,0,1,18,47142,6,1,0,0,3,0,65,125,0,0,0,0,0,0,0,0,0,0,92,0,0,0,1,2,55,1,3,2,1,0,0,1,62,1,1,1,51,0,1
18,180188,1,1,1,8,5,21,0,34,0,1,0,18,1,12,481,12481,31,2004,1FTNF21L24EA,1,F,T,N,F,2,1,L,2,4,E,A,0,T,FORD,F2S,PK,4,17,,2,0,1370,SRW,G,,,8,330,,,,C,5828,00,U,44,0,0,000000000,00000000000,0,0,0,1,0,0,0,0,0,0,0,998,0,1,5,14,98,6,2,1,0,0,0,1,18,47147,6,1,0,0,3,0,70,180,0,0,0,0,0,0,0,0,0,1,28,0,0,0,1,2,55,3,1,2,1,0,0,14,12,1,7,4,7,1,1
18,180189,1,2,1,2,5,0,15,12,2,1,0,18,1,18,7,18007,4,1997,2G4WS52M3V14,2,G,4,W,S,5,2,M,3,V,1,4,0,P,BUIC,CCU,4D,97,17,3348,,0,1090,,G,,F,6,191,,,15R205,,,,,,0,0,000000000,00000000000,0,0,0,1,0,0,0,0,0,0,0,998,0,0,0,12,12,6,2,12,0,0,0,1,18,47031,6,1,0,0,3,0,72,200,0,1,0,0,1,1,2009,3,2010,0,28,0,0,0,1,2,55,1,2,2,2,0,0,1,10,1,1,2,50,1,0
18,180189,2,2,2,2,5,0,15,12,2,1,0,31,3,82,881,82881,66,2011,1FUJGLDR8BSB,1,F,U,J,G,L,D,R,8,B,S,B,1,T,FRHT,125,TR,11,17,,8,0,0,CSC,D,,,6,903,,,,,00000,00,,64,1,57,53467,5753467,3,6,1,1,0,0,0,0,0,0,0,998,0,0,0,12,12,6,2,12,0,0,0,1,13,31061,6,1,6,0,3,0,73,175,98,0,0,0,0,0,0,0,0,0,0,0,0,0,1,2,55,1,2,2,2,0,0,1,62,1,1,1,51,0,0
18,180190,1,1,1,8,5,18,8,8,0,1,1,99,9,99,999,99999,99,9999,999999999999,9,9,9,9,9,9,9,9,9,9,9,9,0,,,,,,,,,,,,,,,,,,,,,,,,,0,0,000000000,00000000000,0,0,0,1,0,0,0,0,0,0,0,998,0,0,0,6,98,9,1,8,0,0,0,1,99,99999,9,9,99,9,9,9,999,999,99,99,99,99,99,99,9999,99,9999,0,99,99,99,99,1,2,0,1,2,2,1,0,0,13,80,1,1,1,98,0,0
18,180191,1,1,1,7,5,23,46,8,0,1,1,18,1,12,471,12471,30,2000,1FTYR14C1YTB,1,F,T,Y,R,1,4,C,1,Y,T,B,0,T,FORD,RNS,PC,0,17,,1,0,1257,RNG,G,,,4,153,,,,B,3271,01,U,42,0,0,000000000,00000000000,0,0,0,1,0,0,0,0,0,0,0,998,0,0,0,98,98,2,3,8,0,0,0,1,18,46241,6,1,0,0,3,0,68,160,0,0,0,0,0,0,0,0,0,0,8,38,0,0,2,4,35,1,1,1,2,0,0,1,80,1,1,1,13,0,0
18,180192,1,2,1,5,5,8,45,12,8,1,0,18,2,7,41,7041,4,1995,1B3HD46T9SF5,1,B,3,H,D,4,6,T,9,S,F,5,0,P,DODG,INT,4D,95,17,3219,,0,1130,,G,,F,6,201,,,15R205,,,,,,0,0,000000000,00000000000,0,0,0,1,0,0,0,0,0,0,0,998,0,0,0,61,61,6,2,12,0,0,0,1,18,46953,6,1,0,0,3,0,70,178,0,0,0,0,1,5,2010,5,2010,0,28,0,0,0,1,2,55,1,3,2,1,28,3,1,10,1,1,2,64,1,0
18,180192,2,2,1,5,5,8,45,12,8,1,0,26,3,82,883,82883,66,2003,1FUJA6CG33LK,1,F,U,J,A,6,C,G,3,3,L,K,1,T,FRHT,COL,TR,3,17,,8,0,0,CON,D,,,6,774,,,,,00000,00,,64,1,57,259500,57259500,3,6,2,1,0,0,0,0,0,0,0,998,0,0,0,81,81,6,2,12,0,0,0,1,26,49423,6,1,6,1,3,0,72,210,1,0,0,3,0,2,2009,12,2010,0,0,0,0,0,1,2,55,1,3,2,1,28,3,1,62,7,1,1,65,0,0
18,180193,1,1,1,8,5,15,35,5,0,1,0,18,1,73,705,73705,80,2005,JS1GR7GAX521,J,S,1,G,R,7,G,A,X,5,2,1,0,M,SUZI,GX7,RC,5,17,,,,,,,750,,4,,4,465,,,,,,,0,0,000000000,00000000000,0,0,0,1,0,0,0,0,0,0,0,998,0,0,0,0,0,6,2,5,0,0,0,1,18,46561,6,1,0,0,3,0,71,160,0,0,0,2,0,12,2009,5,2010,1,8,0,0,0,1,2,30,1,1,2,1,0,0,1,98,1,1,1,0,1,0
18,180194,1,1,2,11,5,15,11,1,0,1,0,18,2,12,481,12481,31,2002,2FTRX17272CA,2,F,T,R,X,1,7,2,7,2,C,A,0,T,FORD,F15,4C,2,17,,2,1571,1385,COF,G,,,6,256,,,,B,4224,06,U,42,0,0,000000000,00000000000,0,0,0,1,0,0,0,0,0,0,0,998,0,2,3,0,0,6,2,1,0,0,0,1,18,47909,6,2,0,0,3,1,68,150,0,0,0,0,0,0,0,0,0,0,28,58,0,0,2,2,60,1,1,2,1,0,0,1,12,1,1,4,6,1,0
18,180195,1,2,3,6,5,17,32,12,6,1,0,18,2,22,18,22018,4,2002,1G2NW52E62C1,1,G,2,N,W,5,2,E,6,2,C,1,0,P,PONT,GAG,4D,2,17,3168,,0,1070,,G,,F,6,207,,,16R225,,,,,,0,0,000000000,00000000000,0,0,0,1,0,0,0,0,0,0,0,998,0,0,0,3,63,6,2,12,0,0,0,1,18,47802,6,1,0,0,3,1,60,100,1,0,0,0,0,1,2009,1,2009,0,28,58,27,0,1,3,40,4,1,2,1,0,0,14,8,7,3,2,64,2,0
18,180195,2,2,1,6,5,17,32,12,6,1,0,18,1,23,8,23008,6,2008,1GKEV23728J1,1,G,K,E,V,2,3,7,2,8,J,1,0,T,GMC,S1A,4W,8,17,,2,0,1189,ACA,G,,,6,220,,,,B,4936,00,W,44,0,0,000000000,00000000000,0,0,0,1,0,0,0,0,0,0,0,998,0,0,0,12,12,6,2,12,0,0,0,1,18,47802,6,1,0,0,3,0,66,125,0,0,0,0,0,0,0,0,0,0,0,0,0,0,1,3,40,4,1,2,1,0,0,14,62,1,1,1,65,0,0
18,180196,1,2,2,12,5,11,49,12,6,1,0,18,1,12,22,12022,6,2005,1FMZK02115GA,1,F,M,Z,K,0,2,1,1,5,G,A,0,P,FORD,FSL,UT,5,17,3959,,0,1129,,G,,F,6,183,,,17R215,,,,,,0,0,000000000,00000000000,0,0,0,1,0,0,0,0,0,0,0,998,0,0,0,12,12,6,2,12,32,0,0,1,18,46614,6,1,0,0,3,1,70,185,0,0,0,0,0,0,0,0,0,0,38,0,0,0,1,2,55,1,1,2,1,20,3,1,17,1,1,1,86,2,0
18,180196,2,2,1,12,5,11,49,12,6,1,0,18,2,51,881,51881,66,1996,4V4WDBRF2TN7,4,V,4,W,D,B,R,F,2,T,N,7,1,T,VOLV,WIA,TR,96,17,,8,0,0,ARO,D,,,6,677,,,,,00000,00,,64,1,57,181966,57181966,3,6,1,1,0,0,0,0,0,0,0,998,0,0,0,83,83,6,2,12,0,0,0,1,18,47872,6,1,6,1,3,1,68,220,0,0,0,1,0,7,2008,7,2008,0,0,0,0,0,1,2,55,2,1,2,1,0,0,14,66,1,1,1,87,0,0
18,180197,1,2,1,13,5,14,56,12,2,1,0,18,1,14,6,14006,4,1992,2MECM75W8NX6,2,M,E,C,M,7,5,W,8,N,X,6,0,P,MERC,MGL,4D,92,17,3780,,0,1144,,G,,F,8,281,,,15R215,,,,,,0,0,000000000,00000000000,0,0,0,1,0,0,0,0,0,0,0,998,0,0,0,12,12,6,2,12,0,0,0,1,18,47462,6,1,0,0,3,1,62,150,0,0,0,0,0,0,0,0,0,0,28,58,0,0,1,2,55,1,2,2,1,0,0,1,10,1,1,2,50,1,0
18,180197,2,2,1,13,5,14,56,12,2,1,0,18,4,23,481,23481,31,2005,1GTEC14V35Z9,1,G,T,E,C,1,4,V,3,5,Z,9,0,T,GMC,NC1,PK,5,17,,2,1330,1190,SIE,G,,,8,293,,,,B,4225,01,4,42,0,0,000000000,00000000000,0,0,0,1,0,0,0,0,0,0,0,998,0,1,5,12,98,6,2,12,0,0,0,1,18,47421,6,2,0,0,3,1,67,125,0,0,0,1,1,6,2010,12,2010,0,0,0,0,0,1,2,55,1,2,2,1,0,0,1,63,1,1,1,51,0,0
18,180199,1,2,1,14,5,18,46,12,6,1,0,39,1,53,706,53706,80,2004,JS1VX51L2421,J,S,1,V,X,5,1,L,2,4,2,1,0,M,SUZI,VS4,RS,4,17,,,,,,,1360,,2,,4,537,,,,,,,0,0,000000000,00000000000,0,0,0,1,0,0,0,0,0,0,0,998,0,0,0,9,61,6,2,12,0,0,0,1,39,45827,6,1,6,0,3,0,68,180,0,0,0,0,0,0,0,0,0,1,38,0,0,0,3,4,55,3,1,2,2,20,3,14,12,1,1,6,89,1,1
18,180199,2,2,2,14,5,18,46,12,6,1,0,39,2,7,403,7403,14,2009,1D8GU58K59W5,1,D,8,G,U,5,8,K,5,9,W,5,0,P,DODG,NIT,UT,9,17,4162,,0,1088,,G,,F,6,225,,,000000,,,,,,0,0,000000000,00000000000,0,0,0,1,0,0,0,0,0,0,0,998,0,0,0,12,12,6,2,12,0,0,0,1,39,45324,6,1,0,0,3,0,72,280,0,0,0,0,0,0,0,0,0,0,0,0,0,0,3,4,55,1,1,2,2,0,0,1,63,1,1,1,88,0,0
18,180200,1,2,1,4,5,11,38,12,2,1,0,18,1,12,471,12471,30,2001,1FTYR14U51TA,1,F,T,Y,R,1,4,U,5,1,T,A,0,T,FORD,RNS,PC,1,17,,1,0,1257,RNG,G,,,6,182,,,,B,3271,00,U,42,0,0,000000000,00000000000,0,0,0,1,0,0,0,0,0,0,0,998,0,1,1,12,98,6,2,1,0,0,0,1,18,46992,6,1,0,0,3,3,69,190,0,0,0,0,0,0,0,0,0,0,28,0,0,0,1,2,55,2,1,2,1,28,3,14,10,1,1,2,50,1,0
18,180200,2,2,1,4,5,11,38,12,2,1,0,18,2,20,20,20020,4,1996,2G1WN52M6T91,2,G,1,W,N,5,2,M,6,T,9,1,0,P,CHEV,LLS,4D,96,17,3372,,0,1075,,G,,F,6,191,,,15R205,,,,,,0,0,000000000,00000000000,0,0,0,1,0,0,0,0,0,0,0,998,0,0,0,12,12,6,2,12,0,0,0,1,26,48085,6,1,0,0,3,0,63,120,0,2,0,0,0,11,2008,9,2009,0,0,0,0,0,1,2,55,3,1,2,1,28,3,14,62,1,1,1,51,1,0
18,180201,1,2,2,13,5,22,29,12,6,1,0,39,1,20,16,20016,4,1998,1G1JC5246W72,1,G,1,J,C,5,2,4,6,W,7,2,0,P,CHEV,CAV,4D,98,17,2630,,0,1041,,G,,F,4,133,,,14R195,,,,,,0,0,000000000,00000000000,0,0,0,1,0,0,0,0,0,0,0,998,0,1,1,1,81,6,2,1,0,0,0,1,39,45899,6,1,0,0,3,0,64,125,0,0,0,0,0,0,0,0,0,0,58,28,0,0,1,2,55,1,1,2,2,0,0,1,8,6,4,2,64,1,0
18,180201,2,2,2,13,5,22,29,12,6,1,0,18,2,59,31,59031,4,2002,JTHBF30G9200,J,T,H,B,F,3,0,G,9,2,0,0,0,P,LEXS,ES3,4D,2,17,3439,,0,1071,,G,,F,6,183,,,16R215,,,,,,0,0,000000000,00000000000,0,0,0,1,0,0,0,0,0,0,0,998,0,0,0,12,62,6,2,12,0,0,0,1,18,46733,6,1,0,0,3,1,64,140,0,0,0,0,0,0,0,0,0,0,0,0,0,0,1,2,55,1,1,2,2,0,0,1,62,7,1,1,65,0,0
18,180202,1,1,3,16,5,21,34,5,0,1,0,18,3,2,404,2404,14,1998,1J4GZ78Y1WC2,1,J,4,G,Z,7,8,Y,1,W,C,2,0,T,JEEP,LMT,4W,98,17,,1,0,1059,GCK,G,,,8,318,,,,,3708,01,E,44,0,0,000000000,00000000000,0,0,0,1,0,0,0,0,0,0,0,998,0,0,0,0,0,0,1,5,0,0,0,1,18,46526,0,0,0,0,0,0,67,140,0,4,0,0,0,3,2010,5,2010,0,92,0,0,0,1,3,30,1,2,2,1,0,0,11,98,1,1,1,0,1,0
18,180203,1,1,2,14,5,8,55,42,0,1,0,18,1,7,442,7442,20,1998,2B5WB35Z3WK1,2,B,5,W,B,3,5,Z,3,W,K,1,0,P,DODG,RMW,SV,98,17,5379,,0,1272,,G,,F,8,360,,,000000,,,,,,0,0,000000000,00000000000,0,0,0,1,0,0,0,0,0,0,0,998,0,1,1,1,1,6,2,42,0,0,0,1,18,46552,6,1,0,0,3,0,72,190,0,3,0,2,0,4,2010,10,2010,1,0,0,0,0,1,2,45,1,2,2,2,0,0,1,6,1,2,4,2,1,1
18,180204,1,1,1,14,5,2,55,30,0,1,0,18,2,14,15,14015,2,1994,1MEPM31U8RK6,1,M,E,P,M,3,1,U,8,R,K,6,0,P,MERC,TGS,2D,94,17,2531,,0,999,,G,,F,6,182,,,14R185,,,,,,0,0,000000000,00000000000,0,0,0,1,0,0,0,0,0,0,0,998,0,0,0,12,12,6,2,30,0,0,0,1,18,46236,1,1,0,0,2,2,64,112,1,4,0,0,0,4,2010,4,2010,0,8,74,0,0,3,3,35,1,1,2,1,0,0,1,13,1,1,4,1,1,1
18,180205,1,1,1,17,5,13,19,42,0,1,0,18,2,6,52,6052,6,2003,3C4FY48BX3T5,3,C,4,F,Y,4,8,B,X,3,T,5,0,P,CHRY,PTC,SV,3,17,3049,,0,1030,,G,,F,4,148,,,15R195,,,,,,0,0,000000000,00000000000,0,0,0,1,0,0,0,0,0,0,0,998,0,0,0,9,9,6,2,42,0,0,0,1,18,46151,1,1,0,0,2,0,72,145,0,2,0,1,1,10,2009,2,2011,1,8,28,37,0,1,2,30,1,2,2,1,0,0,1,8,1,2,4,2,1,0
18,180206,1,1,1,18,5,11,54,42,0,1,0,18,1,2,404,2404,14,1998,1J4FJ68S8WL2,1,J,4,F,J,6,8,S,8,W,L,2,0,T,JEEP,SPC,4W,98,17,,1,0,1014,CHK,G,,,6,242,,,,,3249,00,E,44,0,0,000000000,00000000000,0,0,0,1,0,0,0,0,0,0,0,998,0,1,5,12,98,6,2,2,0,0,1,1,18,46507,6,2,0,0,3,2,67,155,0,0,0,0,0,0,0,0,0,0,28,74,0,0,1,2,55,1,1,2,1,0,0,1,12,1,1,4,6,1,0