STATE,ST_CASE,VEH_NO,VE_FORMS,NUMOCCS,DAY,MONTH,HOUR,MINUTE,HARM_EV,MAN_COLL,UNITTYPE,HIT_RUN,REG_STAT,OWNER,MAKE,MODEL,MAK_MOD,BODY_TYP,MOD_YEAR,VIN,VIN_1,VIN_2,VIN_3,VIN_4,VIN_5,VIN_6,VIN_7,VIN_8,VIN_9,VIN_10,VIN_11,VIN_12,TOW_VEH,VINTYPE,VINMAKE,VINA_MOD,VIN_BT,VINMODYR,VIN_LNGT,VIN_WGT,WGTCD_TR,WHLBS_LG,WHLBS_SH,SER_TR,FUELCODE,MCYCL_DS,CARBUR,CYLINDER,DISPLACE,MCYCL_CY,MCYCL_WT,TIRE_SZE,TON_RAT,TRK_WT,TRKWTVAR,VIN_REST,WHLDRWHL,J_KNIFE,MCARR_I1,MCARR_I2,MCARR_ID,GVWR,V_CONFIG,CARGO_BT,HAZ_INV,HAZ_PLAC,HAZ_ID,HAZ_CNO,HAZ_REL,BUS_USE,SPEC_USE,EMER_USE,TRAV_SP,UNDERIDE,ROLLOVER,ROLINLOC,IMPACT1,IMPACT2,DEFORMED,TOWED,M_HARM,VEH_SC1,VEH_SC2,FIRE_EXP,DR_PRES,L_STATE,DR_ZIP,L_STATUS,L_TYPE,CDL_STAT,L_ENDORS,L_COMPL,L_RESTRI,DR_HGT,DR_WGT,PREV_ACC,PREV_SUS,PREV_DWI,PREV_SPD,PREV_OTH,FIRST_MO,FIRST_YR,LAST_MO,LAST_YR,SPEEDREL,DR_SF1,DR_SF2,DR_SF3,DR_SF4,VTRAFWAY,VNUM_LAN,VSPD_LIM,VALIGN,VPROFILE,VPAVETYP,VSURCOND,VTRAFCON,VTCONT_F,P_CRASH1,P_CRASH2,P_CRASH3,PCRASH4,PCRASH5,ACC_TYPE,DEATHS,DR_DRINK
18,180207,1,1,1,18,5,17,59,42,0,1,0,18,1,20,441,20441,20,1994,1GNDM19W8RB1,1,G,N,D,M,1,9,W,8,R,B,1,0,T,CHEV,AST,ES,94,17,,1,0,1110,AST,G,,,6,262,,,,B,4064,00,,42,0,0,000000000,00000000000,0,0,0,1,0,0,0,0,0,0,0,998,0,0,0,12,12,6,2,42,0,0,0,1,18,47421,6,1,0,0,3,0,62,210,0,0,0,0,1,12,2009,12,2009,0,58,0,0,0,1,2,35,2,2,2,2,0,0,14,13,1,1,4,1,1,0
18,180208,1,1,1,16,5,20,18,35,0,1,0,18,1,24,401,24401,14,2004,5GZCZ63404S8,5,G,Z,C,Z,6,3,4,0,4,S,8,0,P,STRN,VUE,UT,4,17,3631,,0,1066,,G,,F,6,214,,,17R235,,,,,,0,0,000000000,00000000000,0,0,0,1,0,0,0,0,0,0,0,998,0,0,0,14,12,6,2,50,0,0,0,1,18,46228,6,1,0,0,3,1,62,115,0,0,0,0,0,0,0,0,0,0,0,0,0,0,6,3,55,3,2,1,1,0,0,14,12,1,1,4,6,1,0
18,180209,1,2,1,20,5,3,58,12,2,1,0,18,1,20,37,20037,4,2001,1G1NE52J9161,1,G,1,N,E,5,2,J,9,1,6,1,0,P,CHEV,M/L,4D,1,17,3051,,0,1070,,G,,F,6,191,,,15R215,,,,,,0,0,000000000,00000000000,0,0,0,1,0,0,0,0,0,0,0,998,0,0,0,12,12,6,2,12,0,0,0,1,18,46038,6,2,0,0,3,1,66,120,0,1,0,0,1,8,2010,8,2010,0,8,28,92,0,1,2,55,1,1,2,1,0,0,1,11,1,1,2,50,0,1
18,180209,2,2,2,20,5,3,58,12,2,1,0,18,1,22,16,22016,2,1991,1G2JD14K6M75,1,G,2,J,D,1,4,K,6,M,7,5,0,P,PONT,SSE,CP,91,17,2357,,0,1012,,G,,F,4,121,,,14R195,,,,,,0,0,000000000,00000000000,0,0,0,1,0,0,0,0,0,0,0,998,0,0,0,12,12,6,2,12,0,0,0,1,18,46036,6,1,0,0,3,1,65,130,0,0,0,0,0,0,0,0,0,0,0,0,0,0,1,2,55,1,1,2,1,0,0,1,62,1,1,1,51,1,0
18,180210,1,2,1,16,5,14,13,12,8,1,0,18,1,20,481,20481,31,1998,2GCEK19R3W12,2,G,C,E,K,1,9,R,3,W,1,2,0,T,CHEV,GK1,PC,98,17,,2,1555,1415,GM4,G,,,8,350,,,,B,00000,00,,44,0,0,000000000,00000000000,0,0,0,1,0,0,0,0,0,0,0,998,0,0,0,10,10,6,2,12,0,0,0,1,18,46506,6,1,0,0,3,1,68,165,0,0,0,0,0,0,0,0,0,0,28,0,0,0,1,2,45,1,1,2,1,0,0,1,10,1,1,1,64,1,0
18,180210,2,2,2,16,5,14,13,12,8,1,0,12,2,12,461,12461,21,2011,1FDWE3FS0BDA,1,F,D,W,E,3,F,S,0,B,D,A,0,T,FORD,3DC,YY,11,17,,3,1760,1380,CTV,G,,,10,415,,,,D,4802,03,E,42,0,0,000000000,00000000000,0,0,0,1,0,0,0,0,0,0,0,998,0,1,1,10,10,6,2,12,0,0,0,1,97,0,9,9,99,9,9,9,999,999,99,99,99,99,99,99,9999,99,9999,0,0,0,0,0,1,2,45,1,1,2,1,0,0,1,63,7,1,1,65,0,0
18,180211,1,1,1,22,5,18,50,30,0,1,0,18,1,72,706,72706,80,2001,1HD1BXB171Y0,1,H,D,1,B,X,B,1,7,1,Y,0,0,M,HD,ISF,RS,1,17,,,,,,,1450,,2,,4,666,,,,,,,0,0,000000000,00000000000,0,0,0,1,0,0,0,0,0,0,0,998,0,0,0,12,12,6,2,30,0,0,0,1,18,46561,6,1,0,0,3,0,71,189,0,1,1,0,2,9,2008,9,2009,0,0,0,0,0,1,2,55,1,1,2,2,28,3,1,13,1,1,4,1,1,1
18,180212,1,2,1,4,5,3,3,12,6,1,0,18,2,53,705,53705,80,1999,JS1GN79A2X21,J,S,1,G,N,7,9,A,2,X,2,1,0,M,SUZI,GX6,RC,99,17,,,,,,,600,,4,,4,458,,,,,,,0,0,000000000,00000000000,0,0,0,1,0,0,0,0,0,0,0,998,0,0,0,12,12,6,2,12,0,0,0,1,18,46218,0,0,0,0,0,0,999,999,99,99,99,99,99,99,9999,99,9999,0,8,33,0,0,1,2,35,1,1,2,1,0,0,1,17,1,1,1,69,1,1
18,180212,2,2,1,4,5,3,3,12,6,1,0,18,1,12,37,12037,4,2009,1FAHP34N69W1,1,F,A,H,P,3,4,N,6,9,W,1,0,P,FORD,FKS,4D,9,17,2623,,0,1029,,G,,F,4,122,,,15R195,,,,,,0,0,000000000,00000000000,0,0,0,1,0,0,0,0,0,0,0,998,0,0,0,82,82,6,2,12,0,0,0,1,18,46218,6,1,0,0,3,1,58,118,0,1,0,0,0,6,2008,6,2008,0,0,0,0,0,1,2,35,1,1,2,1,0,0,11,15,1,1,1,68,0,0
18,180213,1,1,2,16,5,1,17,32,0,1,0,18,2,18,20,18020,4,2000,2G4WF5511Y11,2,G,4,W,F,5,5,1,1,Y,1,1,0,P,BUIC,R/G,4D,0,17,3543,,0,1090,,G,,Z,6,231,,,16R225,,,,,,0,0,000000000,00000000000,0,0,0,1,0,0,0,0,0,0,0,998,0,1,5,12,98,6,2,1,0,0,0,1,18,47172,6,1,0,0,3,0,74,285,0,0,0,0,0,0,0,0,0,0,28,0,0,0,1,2,55,4,2,2,2,0,0,14,12,1,1,4,6,2,1
18,180214,1,1,1,13,5,17,21,32,0,1,0,18,1,37,706,37706,80,2003,1HFSC49393A1,1,H,F,S,C,4,9,3,9,3,A,1,0,M,HOND,XTS,RS,3,17,,,,,,,1795,,2,,4,720,,,,,,,0,0,000000000,00000000000,0,0,0,1,0,0,0,0,0,0,0,998,0,0,0,12,12,6,2,32,0,0,0,1,18,47521,6,1,0,0,3,0,75,280,0,0,0,0,0,0,0,0,0,1,8,28,0,0,1,2,45,3,1,2,1,0,0,14,8,4,1,4,6,1,0
18,180215,1,1,1,23,5,7,19,42,0,1,0,18,1,18,402,18402,14,2006,5GAET13MX622,5,G,A,E,T,1,3,M,X,6,2,2,0,P,BUIC,RNR,UT,6,17,4600,,0,1130,,G,,F,8,323,,,17R255,,,,,,0,0,000000000,00000000000,0,0,0,1,0,0,0,0,0,0,0,998,0,0,0,11,11,6,2,42,0,0,0,1,18,46902,6,1,0,0,3,0,67,145,0,0,0,0,0,0,0,0,0,0,28,0,0,0,1,2,30,1,1,2,1,0,0,1,12,1,1,4,6,1,0
18,180216,1,1,1,25,5,3,57,24,0,1,0,18,1,72,706,72706,80,2003,1HD1FHW193Y7,1,H,D,1,F,H,W,1,9,3,Y,7,0,M,HD,HPI,RS,3,17,,,,,,,1450,,2,,4,999,,,,,,,0,0,000000000,00000000000,0,0,0,1,0,0,0,0,0,0,0,998,0,0,0,81,81,6,2,5,0,0,0,1,18,47906,6,1,0,0,3,3,74,240,0,0,0,1,0,3,2009,3,2009,1,87,0,0,0,1,2,55,3,1,2,2,28,3,14,13,1,1,4,1,1,1
18,180217,1,1,1,8,5,12,30,9,0,1,0,18,2,55,33,55033,4,1999,KMHWF35V5XA0,K,M,H,W,F,3,5,V,5,X,A,0,0,P,HYUN,SGL,4D,99,17,3128,,0,1063,,G,,F,6,152,,,15R205,,,,,,0,0,000000000,00000000000,0,0,0,1,0,0,0,0,0,0,0,998,0,0,0,1,1,4,3,9,0,0,0,1,18,46540,6,1,0,0,3,0,69,133,1,1,0,1,0,11,2009,10,2010,0,38,0,0,0,1,2,55,1,1,2,1,0,0,1,83,1,1,1,13,0,0
18,180218,1,2,1,24,5,12,11,12,6,1,0,18,1,35,47,35047,4,2003,1N4AL11D33C1,1,N,4,A,L,1,1,D,3,3,C,1,0,P,NISS,ABS,4D,3,17,2913,,0,1102,,G,,F,4,153,,,16R205,,,,,,0,0,000000000,00000000000,0,0,0,1,0,0,0,0,0,0,0,998,0,0,0,3,3,6,2,12,0,0,0,1,18,46360,6,1,5,0,3,0,65,130,0,0,0,0,0,0,0,0,0,0,8,28,58,35,1,4,40,3,1,2,1,0,0,6,8,1,2,2,64,1,0
18,180218,2,2,1,24,5,12,11,12,6,1,0,18,2,20,481,20481,31,2007,1GCEC14X37Z6,1,G,C,E,C,1,4,X,3,7,Z,6,0,T,CHEV,SC1,PK,7,17,,2,1330,1190,SIL,G,,,6,262,,,,B,4211,01,,42,0,0,000000000,00000000000,0,0,0,1,0,0,0,0,0,0,0,998,0,0,0,1,1,6,2,12,0,0,0,1,18,46368,6,1,0,0,3,0,70,165,0,0,0,0,0,0,0,0,0,0,0,0,0,0,1,4,40,2,1,2,1,0,0,14,62,1,1,1,65,0,0
18,180219,1,1,1,22,5,8,55,53,0,1,0,18,1,12,481,12481,31,1995,1FTDF15YXSLB,1,F,T,D,F,1,5,Y,X,S,L,B,0,T,FORD,F15,PK,95,17,,1,1330,1170,COF,G,,,6,300,,,,B,00000,00,M,42,0,0,000000000,00000000000,0,0,0,1,0,0,0,0,0,0,0,998,0,0,0,11,12,6,2,42,0,0,0,1,18,46176,6,1,0,0,3,1,68,213,0,0,0,0,0,0,0,0,0,0,28,0,0,0,1,2,55,1,1,2,1,28,3,1,12,1,1,4,6,1,0
18,180220,1,1,1,22,5,2,30,35,0,1,0,18,2,20,481,20481,31,1999,1GCEK14TXXE1,1,G,C,E,K,1,4,T,X,X,E,1,0,T,CHEV,SK1,PK,99,17,,2,1330,1190,SIL,G,,,8,325,,,,B,4248,00,,44,0,0,000000000,00000000000,0,0,0,1,0,0,0,0,0,0,0,998,0,2,5,14,98,6,2,1,0,0,0,1,18,47552,6,2,0,0,3,0,75,210,0,0,0,0,0,0,0,0,0,0,0,0,0,0,1,2,55,1,2,2,1,28,3,1,13,1,1,4,1,1,0
18,180221,1,1,1,24,5,23,38,9,0,1,0,18,1,7,43,7043,4,2004,1B3EL46RX4N2,1,B,3,E,L,4,6,R,X,4,N,2,0,P,DODG,SRX,4D,4,17,3094,,0,1080,,G,,F,6,167,,,16R205,,,,,,0,0,000000000,00000000000,0,0,0,1,0,0,0,0,0,0,0,998,0,0,0,12,12,2,3,9,0,0,0,1,18,46130,6,1,0,0,3,0,61,110,0,0,0,0,0,0,0,0,0,0,0,0,0,0,1,2,50,1,1,2,1,28,3,1,83,1,1,1,13,0,1
18,180222,1,2,3,22,5,4,28,12,6,1,0,18,2,20,16,20016,2,1994,1G1JC14T9R72,1,G,1,J,C,1,4,T,9,R,7,2,0,P,CHEV,CRS,CP,94,17,2509,,0,1013,,G,,F,6,191,,,14R185,,,,,,0,0,000000000,00000000000,0,0,0,1,0,0,0,0,0,0,0,998,0,0,0,12,12,6,2,12,0,0,0,1,18,47336,6,1,0,0,3,0,64,145,0,0,0,0,0,0,0,0,0,0,39,0,0,0,1,2,40,1,1,2,1,20,3,1,17,3,2,1,86,1,1
18,180222,2,2,1,22,5,4,28,12,6,1,0,18,2,20,421,20421,15,2000,1GNDT13W4YK1,1,G,N,D,T,1,3,W,4,Y,K,1,0,P,CHEV,BZR,UT,0,17,4049,,0,1070,,G,,F,6,262,,,15R205,,,,,,0,0,000000000,00000000000,0,0,0,1,0,0,0,0,0,0,0,998,0,0,0,82,82,6,2,12,0,0,0,1,18,47302,6,1,0,0,3,0,65,110,0,0,0,0,0,0,0,0,0,0,0,0,0,0,1,2,40,1,1,2,1,0,0,1,17,1,1,1,87,0,0
18,180223,1,2,1,13,5,21,32,12,1,1,0,18,1,12,401,12401,14,1996,1FMCU24X0TUB,1,F,M,C,U,2,4,X,0,T,U,B,0,P,FORD,EPR,UT,96,17,3981,,0,1017,,G,,F,6,245,,,15R225,,,,,,0,0,000000000,00000000000,0,0,0,1,0,0,0,0,0,0,0,998,0,0,0,12,12,6,2,12,0,0,0,1,18,47120,6,1,0,0,3,1,67,148,0,0,0,0,1,4,2010,4,2010,1,38,92,0,0,1,2,25,1,1,2,1,0,0,1,51,1,1,1,32,0,0
18,180223,2,2,1,13,5,21,32,12,1,1,0,18,3,99,998,99998,92,2002,000000000000,0,0,0,0,0,0,0,0,0,0,0,0,0,,,,,,,,,,,,,,,,,,,,,,,,,0,0,000000000,00000000000,0,0,0,1,0,0,0,0,0,0,0,998,0,0,0,6,6,6,2,12,0,0,0,1,18,47265,6,1,6,0,3,0,71,190,0,0,0,0,0,0,0,0,0,1,0,0,0,0,1,2,25,1,1,2,1,0,0,1,53,1,1,1,32,1,0
18,180224,1,1,1,26,5,19,50,39,0,1,0,21,2,12,461,12461,21,2008,1FTSE34L18DB,1,F,T,S,E,3,4,L,1,8,D,B,0,T,FORD,3SD,CG,8,17,,2,0,1380,VAN,G,,,8,330,,,,D,00000,00,E,42,0,0,000000000,00000000000,0,0,0,1,0,0,0,0,0,0,0,998,0,1,5,12,12,6,2,39,0,0,0,1,21,40272,6,1,0,0,3,1,69,180,0,0,0,0,0,0,0,0,0,0,0,0,0,0,3,2,70,1,1,2,1,0,0,1,12,1,1,4,6,1,0
18,180225,1,2,1,27,5,23,15,12,1,1,0,18,1,72,706,72706,80,1995,1HD1BML16SY0,1,H,D,1,B,M,L,1,6,S,Y,0,0,M,HD,FLF,RS,95,17,,,,,,,1340,,2,,4,650,,,,,,,0,0,000000000,00000000000,0,0,0,1,0,0,0,0,0,0,0,998,0,0,0,12,12,6,2,12,0,0,0,1,18,46975,6,1,0,0,3,2,68,130,0,2,0,3,7,1,2009,1,2011,1,8,35,74,92,2,4,50,1,1,2,1,0,0,6,8,1,1,1,32,1,1
18,180225,2,2,2,27,5,23,15,12,1,1,0,18,2,20,36,20036,2,1999,2G1WW12M7X92,2,G,1,W,W,1,2,M,7,X,9,2,0,P,CHEV,MLS,CP,99,17,3306,,0,1075,,G,,F,6,191,,,15R205,,,,,,0,0,000000000,00000000000,0,0,0,1,0,0,0,0,0,0,0,998,0,0,0,6,5,6,2,12,0,0,0,1,18,46303,6,2,0,0,3,0,67,127,0,0,0,0,0,0,0,0,0,0,0,0,0,0,2,4,50,1,1,2,1,0,0,1,53,1,1,1,32,0,0
18,180226,1,2,2,27,5,18,53,12,6,1,0,18,1,24,401,24401,14,2007,5GZCZ33D87S8,5,G,Z,C,Z,3,3,D,8,7,S,8,0,P,STRN,VUE,UT,7,17,3292,,0,1066,,G,,F,4,134,,,16R215,,,,,,0,0,000000000,00000000000,0,0,0,1,0,0,0,0,0,0,0,998,0,0,0,9,9,6,2,12,0,0,0,1,18,47714,6,1,0,0,3,1,67,160,0,0,0,0,0,0,0,0,0,0,38,0,0,0,1,2,45,1,2,2,1,4,3,1,17,1,1,1,89,1,0
18,180226,2,2,1,27,5,18,53,12,6,1,0,18,2,23,481,23481,31,2001,1GTHK29141E3,1,G,T,H,K,2,9,1,4,1,E,3,0,T,GMC,2KH,PC,1,17,,2,1575,1430,SIE,D,,,8,403,,,,C,00000,00,U,44,0,0,000000000,00000000000,0,0,0,1,0,0,0,0,0,0,0,998,0,0,0,12,12,6,2,12,0,0,0,1,18,47612,6,2,0,0,3,0,68,125,0,0,0,0,0,0,0,0,0,0,0,0,0,0,1,2,45,1,2,2,1,4,3,1,66,1,1,1,88,0,0
18,180227,1,1,4,28,5,1,0,5,0,1,0,18,1,12,401,12401,14,1986,1FMDU15N9GLA,1,F,M,D,U,1,5,N,9,G,L,A,0,P,FORD,BRO,UT,86,17,0,,0,1050,,G,,F,8,302,,,000000,,,,,,0,0,000000000,00000000000,0,0,0,1,0,0,0,0,0,0,0,998,0,0,0,0,0,0,1,5,0,0,0,1,18,46544,6,1,0,0,3,0,76,240,0,2,0,1,1,6,2008,9,2008,1,0,0,0,0,1,2,45,4,1,2,2,20,3,11,98,1,1,1,0,1,1
18,180228,1,1,1,29,5,6,41,19,0,1,0,17,2,52,34,52034,4,2003,4A3AA46H53E1,4,A,3,A,A,4,6,H,5,3,E,1,0,P,MITS,ELG,4D,3,17,3296,,0,1037,,G,,F,6,183,,,15R195,,,,,,0,0,000000000,00000000000,0,0,0,1,0,0,0,0,0,0,0,998,0,0,0,1,98,6,2,38,0,0,0,1,17,60617,0,0,0,0,0,0,999,999,0,0,0,0,0,0,0,0,0,1,8,58,35,0,2,4,35,1,1,2,1,0,0,15,8,7,2,5,2,1,1
18,180229,1,1,2,15,5,0,5,33,0,1,0,18,1,21,21,21021,4,2001,1G3NK52TX1C2,1,G,3,N,K,5,2,T,X,1,C,2,0,P,OLDS,AGX,4D,1,17,3022,,0,1070,,G,,F,4,146,,,15R215,,,,,,0,0,000000000,00000000000,0,0,0,1,0,0,0,0,0,0,0,998,0,0,0,14,9,6,2,42,0,0,0,1,18,46012,6,1,0,0,3,2,67,220,0,0,0,0,0,0,0,0,0,1,8,28,74,0,1,2,35,1,1,2,2,0,0,1,6,1,3,4,7,1,0
18,180230,1,1,1,30,5,0,30,5,0,1,0,18,1,37,709,37709,80,1980,NC012123187,N,C,0,1,2,1,2,3,1,8,7,,0,M,HOND,CM4,RS,80,11,,,,,,,395,,2,,4,392,,,,,,,0,0,000000000,00000000000,0,0,0,1,0,0,0,0,0,0,0,998,0,0,0,0,0,6,2,5,0,0,0,1,18,47331,6,1,0,0,2,1,70,185,1,0,0,0,1,1,2009,2,2010,0,28,0,0,0,1,2,35,3,1,2,1,0,0,14,98,1,1,5,0,1,0
18,180231,1,2,1,31,5,18,0,12,6,1,1,18,2,7,43,7043,4,2004,1B3EL46X94N3,1,B,3,E,L,4,6,X,9,4,N,3,0,P,DODG,SRX,4D,4,17,3094,,0,1080,,G,,F,4,146,,,16R205,,,,,,0,0,000000000,00000000000,0,0,0,1,0,0,0,0,0,0,0,998,0,0,0,12,12,4,1,12,0,0,0,1,18,46947,1,1,0,0,2,2,70,150,1,3,0,1,0,6,2008,3,2011,0,39,74,92,0,1,2,20,1,2,2,1,20,3,1,17,1,1,1,86,0,0
18,180231,2,2,1,31,5,18,0,12,6,1,0,18,1,72,706,72706,80,2008,1HD1JA5148Y0,1,H,D,1,J,A,5,1,4,8,Y,0,0,M,HD,XTB,RS,8,17,,,,,,,1584,,2,,4,682,,,,,,,0,0,000000000,00000000000,0,0,0,1,0,0,0,0,0,0,0,998,0,0,0,81,81,6,2,12,0,0,0,1,18,46970,6,1,0,0,3,0,71,200,0,0,0,0,0,0,0,0,0,0,0,0,0,0,1,2,30,1,1,2,1,0,0,1,17,1,1,1,87,1,0
18,180232,1,2,1,19,5,15,45,12,6,1,0,18,1,22,2,22002,4,2001,1G2HX54K7142,1,G,2,H,X,5,4,K,7,1,4,2,0,P,PONT,BVS,4D,1,17,3633,,0,1122,,G,,F,6,231,,,16R225,,,,,,0,0,000000000,00000000000,0,0,0,1,0,0,0,0,0,0,0,998,0,0,0,8,8,4,1,12,32,0,0,1,18,47304,6,1,0,0,3,1,69,170,0,0,0,0,0,0,0,0,0,0,38,0,0,0,2,4,30,1,1,2,2,20,3,11,15,1,1,2,68,0,0
18,180232,2,2,1,19,5,15,45,12,6,1,0,18,1,72,706,72706,80,2007,1HD1FF4177Y6,1,H,D,1,F,F,4,1,7,7,Y,6,0,M,HD,FHC,RS,7,17,,,,,,,1584,,2,,4,784,,,,,,,0,0,000000000,00000000000,0,0,0,1,0,0,0,0,0,0,0,998,0,0,0,12,12,6,2,12,0,0,0,1,18,47383,6,1,0,0,3,1,72,220,0,0,0,0,0,0,0,0,0,0,0,0,0,0,2,4,30,1,1,2,2,0,0,1,67,3,2,1,69,1,0
18,180235,1,2,1,1,6,16,22,12,1,1,0,18,1,72,706,72706,80,2009,1HD1FC4189Y6,1,H,D,1,F,C,4,1,8,9,Y,6,0,M,HD,FLU,RS,9,17,,,,,,,1584,,2,,4,889,,,,,,,0,0,000000000,00000000000,0,0,0,1,0,0,0,0,0,0,0,998,0,0,0,12,12,6,2,12,0,0,0,1,18,46360,6,1,0,0,3,0,74,230,0,0,0,0,0,0,0,0,0,0,26,0,0,0,2,4,55,1,1,2,1,0,0,1,52,3,1,1,28,1,0
18,180235,2,2,3,1,6,16,22,12,1,1,0,18,1,21,22,21022,4,1998,1G3GR62C5W41,1,G,3,G,R,6,2,C,5,W,4,1,0,P,OLDS,AUR,4D,98,17,3967,,0,1138,,G,,F,8,244,,,16R235,,,,,,0,0,000000000,00000000000,0,0,0,1,0,0,0,0,0,0,0,998,0,0,0,6,6,6,2,12,0,0,0,1,18,46360,6,1,0,0,3,2,64,130,0,0,0,1,1,6,2009,11,2009,0,74,0,0,0,2,4,55,1,1,2,1,0,0,2,53,1,1,1,29,0,0
18,180236,1,1,1,3,6,1,55,34,0,1,0,18,1,20,20,20020,4,1998,2G1WL52M4W93,2,G,1,W,L,5,2,M,4,W,9,3,0,P,CHEV,L/S,4D,98,17,3330,,0,1075,,G,,F,6,191,,,15R205,,,,,,0,0,000000000,00000000000,0,0,0,1,0,0,0,0,0,0,0,998,0,1,5,14,98,6,2,1,0,0,0,1,18,46777,6,1,0,0,3,0,75,235,0,0,0,2,0,10,2009,1,2011,1,28,58,0,0,1,2,55,1,1,2,1,0,0,1,8,7,3,4,2,1,1
18,180237,1,2,1,31,5,10,41,12,2,1,0,18,1,20,39,20039,4,2005,KL1TD52605B4,K,L,1,T,D,5,2,6,0,5,B,4,0,P,CHEV,ABS,4D,5,17,2365,,0,976,,G,,F,4,098,,,14R185,,,,,,0,0,000000000,00000000000,0,0,0,1,0,0,0,0,0,0,0,998,0,1,5,12,12,6,2,12,0,0,0,1,18,47905,6,1,0,0,3,0,64,165,0,0,0,0,0,0,0,0,0,0,28,0,0,0,1,2,55,1,1,2,1,0,0,1,10,1,1,2,50,1,0
18,180237,2,2,1,31,5,10,41,12,2,1,0,27,3,12,481,12481,31,2010,1FTSW2BR5AEB,1,F,T,S,W,2,B,R,5,A,E,B,1,T,FORD,F2S,CW,10,17,,2,1724,1562,SRW,D,,,8,390,,,,B,6483,00,E,44,1,0,000000000,00000000000,0,0,0,1,0,0,0,0,0,0,0,998,0,0,0,12,12,6,2,12,0,0,0,1,27,56450,6,1,6,0,3,0,72,235,0,0,0,0,0,0,0,0,0,0,0,0,0,0,1,2,55,1,1,2,1,0,0,1,62,1,1,1,51,0,0
18,180238,1,2,1,30,5,11,32,12,7,1,0,18,1,72,706,72706,80,2003,1HD1GDV183K3,1,H,D,1,G,D,V,1,8,3,K,3,0,M,HD,FDL,RS,3,17,,,,,,,1450,,2,,4,612,,,,,,,0,0,000000000,00000000000,0,0,0,1,0,0,0,0,0,0,0,998,0,0,0,61,98,6,2,1,0,0,0,1,18,46221,6,1,6,0,3,1,66,165,1,1,0,0,0,3,2011,5,2011,1,26,0,0,0,1,2,40,1,1,2,1,0,0,6,51,1,1,1,45,1,0
18,180238,2,2,1,30,5,11,32,12,7,1,0,18,1,72,706,72706,80,2006,1HD1CWP466K4,1,H,D,1,C,W,P,4,6,6,K,4,0,M,HD,C1U,RS,6,17,,,,,,,1200,,2,,4,554,,,,,,,0,0,000000000,00000000000,0,0,0,1,0,0,0,0,0,0,0,998,0,0,0,81,98,4,1,12,0,0,0,1,18,46227,6,1,0,0,3,1,61,120,0,0,0,0,0,0,0,0,0,0,0,0,0,0,1,2,40,1,1,2,1,0,0,1,53,1,1,1,44,0,0
18,180240,1,1,1,1,6,11,15,5,0,1,0,26,1,37,706,37706,80,2002,1HFSC180X2A6,1,H,F,S,C,1,8,0,X,2,A,6,0,M,HOND,VT1,RS,2,17,,,,,,,1099,,2,,4,553,,,,,,,0,0,000000000,00000000000,0,0,0,1,0,0,0,0,0,0,0,998,0,0,0,0,0,6,2,5,0,0,0,1,26,49113,6,1,0,0,3,1,67,200,0,0,0,0,0,0,0,0,0,0,0,0,0,0,1,2,50,2,1,2,1,0,0,14,98,1,1,5,0,1,0
18,180241,1,1,2,1,6,4,39,52,0,1,0,39,2,23,882,23882,61,2006,J8DE5B165679,J,8,D,E,5,B,1,6,5,6,7,9,0,T,GMC,W55,TB,6,17,,5,1760,1090,550,D,,,4,317,,,,,00000,00,,42,0,57,1555530,571555530,2,1,1,1,0,0,0,0,0,0,0,998,0,1,6,12,98,6,2,1,0,0,0,1,39,45030,6,1,0,0,3,0,68,200,0,1,0,0,1,5,2010,9,2010,0,0,0,0,0,6,1,40,2,2,2,1,7,3,14,12,1,1,4,6,1,0
18,180242,1,1,1,2,6,14,40,30,0,1,0,18,1,98,701,98701,81,2011,L9NTCAPA7B10,L,9,N,T,C,A,P,A,7,B,1,0,0,U,,,,11,17,,,,,,,,,,,,,,,,,,,0,0,000000000,00000000000,0,0,0,1,0,0,0,0,0,0,0,998,0,0,0,2,98,6,2,5,0,0,0,1,18,46970,0,0,0,0,1,0,64,150,0,0,0,0,0,0,0,0,0,0,0,0,0,0,1,2,55,1,2,2,1,0,0,1,13,1,1,4,1,1,1
18,180243,1,1,1,4,6,3,0,1,0,1,0,18,1,76,706,76706,80,2007,JYAVP17E27A0,J,Y,A,V,P,1,7,E,2,7,A,0,0,M,YAMA,X17,RS,7,17,,,,,,,1670,,2,,4,688,,,,,,,0,0,000000000,00000000000,0,0,0,1,0,0,0,0,0,0,0,998,0,0,0,0,0,6,2,1,0,0,0,1,18,46345,6,1,0,0,2,1,76,230,0,0,0,0,0,0,0,0,0,0,0,0,0,0,2,4,55,1,2,2,1,0,0,1,12,1,1,4,6,1,1
18,180244,1,1,1,28,5,18,13,5,0,1,0,18,2,98,701,98701,81,2008,3CG3SWA47830,3,C,G,3,S,W,A,4,7,8,3,0,0,U,,,,8,17,,,,,,,,,,,,,,,,,,,0,0,000000000,00000000000,0,0,0,1,0,0,0,0,0,0,0,998,0,0,0,0,0,2,3,5,0,0,0,1,18,47250,0,0,0,0,0,0,71,187,0,0,0,0,0,0,0,0,0,0,58,0,0,0,1,2,35,1,2,2,1,0,0,1,98,1,1,4,0,1,1