STATE,ST_CASE,VEH_NO,VE_FORMS,NUMOCCS,DAY,MONTH,HOUR,MINUTE,HARM_EV,MAN_COLL,UNITTYPE,HIT_RUN,REG_STAT,OWNER,MAKE,MODEL,MAK_MOD,BODY_TYP,MOD_YEAR,VIN,VIN_1,VIN_2,VIN_3,VIN_4,VIN_5,VIN_6,VIN_7,VIN_8,VIN_9,VIN_10,VIN_11,VIN_12,TOW_VEH,VINTYPE,VINMAKE,VINA_MOD,VIN_BT,VINMODYR,VIN_LNGT,VIN_WGT,WGTCD_TR,WHLBS_LG,WHLBS_SH,SER_TR,FUELCODE,MCYCL_DS,CARBUR,CYLINDER,DISPLACE,MCYCL_CY,MCYCL_WT,TIRE_SZE,TON_RAT,TRK_WT,TRKWTVAR,VIN_REST,WHLDRWHL,J_KNIFE,MCARR_I1,MCARR_I2,MCARR_ID,GVWR,V_CONFIG,CARGO_BT,HAZ_INV,HAZ_PLAC,HAZ_ID,HAZ_CNO,HAZ_REL,BUS_USE,SPEC_USE,EMER_USE,TRAV_SP,UNDERIDE,ROLLOVER,ROLINLOC,IMPACT1,IMPACT2,DEFORMED,TOWED,M_HARM,VEH_SC1,VEH_SC2,FIRE_EXP,DR_PRES,L_STATE,DR_ZIP,L_STATUS,L_TYPE,CDL_STAT,L_ENDORS,L_COMPL,L_RESTRI,DR_HGT,DR_WGT,PREV_ACC,PREV_SUS,PREV_DWI,PREV_SPD,PREV_OTH,FIRST_MO,FIRST_YR,LAST_MO,LAST_YR,SPEEDREL,DR_SF1,DR_SF2,DR_SF3,DR_SF4,VTRAFWAY,VNUM_LAN,VSPD_LIM,VALIGN,VPROFILE,VPAVETYP,VSURCOND,VTRAFCON,VTCONT_F,P_CRASH1,P_CRASH2,P_CRASH3,PCRASH4,PCRASH5,ACC_TYPE,DEATHS,DR_DRINK
18,180279,2,3,2,21,6,20,0,12,6,1,0,17,1,6,441,6441,20,2010,2A4RR6DX6AR1,2,A,4,R,R,6,D,X,6,A,R,1,0,P,CHRY,TWC,SV,10,17,4621,,0,1212,,G,,F,6,244,,,17R225,,,,,,0,0,000000000,00000000000,0,0,0,1,0,0,0,0,0,0,0,998,0,0,0,2,12,6,2,12,0,0,0,1,18,47591,6,1,0,0,3,1,72,194,0,0,0,0,0,0,0,0,0,0,0,0,0,0,5,2,30,1,1,2,2,3,3,1,62,1,1,1,87,0,0
18,180279,3,3,2,21,6,20,0,12,6,1,0,18,1,19,3,19003,4,1999,1G6KD54Y1XU7,1,G,6,K,D,5,4,Y,1,X,U,7,0,P,CADI,DFW,4D,99,17,4012,,0,1138,,G,,F,8,279,,,16R225,,,,,,0,0,000000000,00000000000,0,0,0,1,0,0,0,0,0,0,0,998,0,0,0,12,12,6,2,12,0,0,0,1,18,47591,6,1,0,0,3,1,61,145,0,0,0,0,0,0,0,0,0,0,0,0,0,0,5,2,30,1,1,2,2,1,3,3,62,1,1,1,98,0,0
18,180281,1,2,2,23,6,10,50,24,0,1,0,18,1,32,42,32042,4,2003,WAULT54B63N0,W,A,U,L,T,5,4,B,6,3,N,0,0,P,AUDI,30Q,4D,3,17,3724,,0,1086,,G,,F,6,182,,,16R215,,,,,,0,0,000000000,00000000000,0,0,0,1,0,0,0,0,0,0,0,998,0,0,0,12,12,6,2,12,0,0,0,1,18,46307,6,1,0,0,3,2,63,125,0,0,0,0,0,0,0,0,0,0,74,0,0,0,1,2,55,3,1,2,1,28,3,14,62,1,1,1,98,0,0
18,180281,2,2,1,23,6,10,50,24,0,1,0,18,1,20,39,20039,5,2007,KL1TD66627B7,K,L,1,T,D,6,6,6,2,7,B,7,0,P,CHEV,ABS,5D,7,17,2343,,0,976,,G,,F,4,098,,,14R185,,,,,,0,0,000000000,00000000000,0,0,0,1,0,0,0,0,0,0,0,998,0,1,1,81,12,6,2,12,0,0,0,1,18,47203,6,1,0,0,3,0,63,117,0,0,0,0,1,6,2010,6,2010,0,28,58,0,0,1,2,55,2,1,2,1,28,3,14,13,1,1,4,98,1,1
18,180282,1,2,1,21,6,13,40,12,6,1,0,17,2,52,401,52401,14,1995,JA4MR41H6SJ0,J,A,4,M,R,4,1,H,6,S,J,0,0,P,MITS,MON,UT,95,17,4275,,0,1073,,G,,F,6,181,,,15R235,,,,,,0,0,000000000,00000000000,0,0,0,1,0,0,0,0,0,0,0,998,0,0,0,12,12,6,2,12,0,0,0,1,18,46383,1,1,0,0,2,0,999,999,0,3,0,0,1,1,2011,1,2011,0,39,0,0,0,1,2,45,1,1,2,1,20,3,1,17,1,1,1,86,0,1
18,180282,2,2,1,21,6,13,40,12,6,1,0,18,1,72,706,72706,80,2003,1HD1BWB193Y0,1,H,D,1,B,W,B,1,9,3,Y,0,0,M,HD,FSI,RS,3,17,,,,,,,1450,,2,,4,696,,,,,,,0,0,000000000,00000000000,0,0,0,1,0,0,0,0,0,0,0,998,0,0,0,3,3,6,2,12,0,0,0,1,18,47872,6,1,0,0,3,1,70,250,0,0,0,0,0,0,0,0,0,0,0,0,0,0,1,2,45,1,1,2,1,0,0,1,66,1,1,1,87,1,0
18,180283,1,1,1,24,6,2,30,9,0,1,1,99,9,99,999,99999,99,9999,999999999999,9,9,9,9,9,9,9,9,9,9,9,9,0,,,,,,,,,,,,,,,,,,,,,,,,,0,0,000000000,00000000000,0,0,0,1,0,0,0,0,0,0,0,998,0,0,0,12,12,0,1,9,0,0,0,1,99,99999,9,9,99,9,9,9,999,999,99,99,99,99,99,99,9999,99,9999,0,8,38,0,0,1,2,35,1,1,1,1,0,0,1,83,1,1,1,13,0,0
18,180285,1,1,3,22,6,17,53,34,0,1,0,18,1,12,3,12003,2,1995,1FALP42T1SF1,1,F,A,L,P,4,2,T,1,S,F,1,0,P,FORD,MGG,CP,95,17,3280,,0,1013,,G,,F,8,302,,,16R225,,,,,,0,0,000000000,00000000000,0,0,0,1,0,0,0,0,0,0,0,998,0,1,5,14,12,6,2,42,0,0,0,1,18,47303,6,2,0,0,3,1,66,115,0,2,1,0,4,6,2009,8,2010,1,8,28,0,0,1,2,50,1,3,2,1,0,0,1,13,1,1,4,1,2,1
18,180286,1,1,1,27,6,4,20,31,0,1,0,18,1,12,17,12017,4,1997,1FALP52U8VG2,1,F,A,L,P,5,2,U,8,V,G,2,0,P,FORD,TAG,4D,97,17,3329,,0,1085,,G,,F,6,182,,,15R205,,,,,,0,0,000000000,00000000000,0,0,0,1,0,0,0,0,0,0,0,998,0,1,5,12,12,6,2,1,0,0,0,1,18,46011,6,1,0,0,3,1,68,220,0,0,0,0,0,0,0,0,0,0,0,0,0,0,1,2,45,1,2,2,1,20,3,1,13,1,1,4,1,1,0
18,180287,1,4,1,9,6,12,16,33,0,1,0,18,2,12,481,12481,31,2004,1FDWE35L24HA,1,F,D,W,E,3,5,L,2,4,H,A,0,T,FORD,3DC,YY,4,17,,3,1760,1380,CTV,G,,,8,330,,,,,00000,00,E,42,0,57,1249797,571249797,2,1,1,1,0,0,0,0,0,0,0,998,0,1,1,12,12,6,2,12,0,0,0,1,18,47240,6,1,0,0,3,0,66,192,0,0,0,1,1,8,2008,5,2009,0,28,0,0,0,2,4,40,1,1,2,1,0,0,1,13,1,1,4,1,0,0
18,180287,2,4,1,9,6,12,16,33,0,1,0,1,3,84,881,84881,66,2000,2HSCNAER4YC0,2,H,S,C,N,A,E,R,4,Y,C,0,1,T,INTL,94I,TR,0,17,,8,0,0,940,D,,,6,855,,,,,00000,00,,64,1,57,121337,57121337,3,6,1,1,0,0,0,0,0,0,0,998,0,0,0,6,6,6,2,12,0,0,0,1,1,35178,6,1,6,1,3,1,73,240,0,0,0,3,1,1,2009,9,2009,0,0,0,0,0,2,4,40,1,1,2,1,0,0,1,53,1,1,1,98,0,0
18,180287,3,4,3,9,6,12,16,33,0,1,0,18,1,20,482,20482,31,2004,3GNEK12T94G1,3,G,N,E,K,1,2,T,9,4,G,1,0,T,CHEV,KAV,CW,4,17,,2,0,1300,AVL,G,,,8,325,,,,B,5678,00,,44,0,0,000000000,00000000000,0,0,0,1,0,0,0,0,0,0,0,998,0,0,0,12,12,6,2,12,0,0,0,1,18,46227,6,1,0,0,3,0,74,180,0,0,0,0,0,0,0,0,0,0,0,0,0,0,2,4,40,1,1,2,1,0,0,1,62,1,1,1,98,1,0
18,180287,4,4,1,9,6,12,16,33,0,1,0,18,1,35,472,35472,30,2001,1N6DD26S41C3,1,N,6,D,D,2,6,S,4,1,C,3,0,T,NISS,FKX,PC,1,17,,1,0,1161,FRT,G,,,4,146,,,,B,3089,01,U,42,0,0,000000000,00000000000,0,0,0,1,0,0,0,0,0,0,0,998,0,0,0,11,11,0,1,12,0,0,0,1,18,46036,6,1,0,0,3,0,68,190,0,0,0,0,0,0,0,0,0,0,0,0,0,0,2,4,40,1,1,2,1,0,0,1,62,1,1,1,98,0,0
18,180288,1,3,1,26,6,14,4,12,1,1,0,18,1,20,481,20481,31,1992,1GCEC14K2NZ2,1,G,C,E,C,1,4,K,2,N,Z,2,0,T,CHEV,GC1,PK,92,17,,2,1315,1175,GM4,G,,,8,350,,,,B,3718,04,,42,0,0,000000000,00000000000,0,0,0,1,0,0,0,0,0,0,0,998,0,0,0,12,12,6,2,12,0,0,0,1,18,46536,6,1,0,0,3,2,69,250,0,0,0,0,0,0,0,0,0,0,26,74,0,0,2,4,55,1,1,2,1,0,0,1,52,1,1,1,28,0,0
18,180288,2,3,2,26,6,14,4,12,1,1,0,18,1,12,22,12022,6,2005,1FMZK01135GA,1,F,M,Z,K,0,1,1,3,5,G,A,0,P,FORD,FSL,UT,5,17,3959,,0,1129,,G,,F,6,183,,,17R215,,,,,,0,0,000000000,00000000000,0,0,0,1,0,0,0,0,0,0,0,998,0,0,0,6,9,6,2,12,0,0,0,1,18,46614,6,1,0,0,3,0,68,150,0,0,0,0,0,0,0,0,0,0,28,0,0,0,2,4,55,1,1,2,1,0,0,2,53,1,1,1,29,1,1
18,180288,3,3,1,26,6,14,4,12,1,1,0,26,2,12,881,12881,62,2001,3FDNX65251MA,3,F,D,N,X,6,5,2,5,1,M,A,0,T,FORD,F6S,CC,1,17,,6,2600,1790,COF,D,,,6,439,,,,,00000,00,,42,0,99,999999999,99999999999,2,1,1,1,0,0,0,0,0,0,0,998,0,0,0,12,12,6,2,12,0,0,0,1,26,49444,6,1,0,0,3,0,67,190,0,0,0,0,0,0,0,0,0,0,0,0,0,0,2,4,55,1,1,2,1,0,0,1,62,1,1,1,98,0,0
18,180289,1,1,4,25,5,4,41,34,0,1,0,18,2,6,51,6051,4,1999,2C3HE66GXXH6,2,C,3,H,E,6,6,G,X,X,H,6,0,P,CHRY,30M,4D,99,17,3474,,0,1130,,G,,F,6,215,,,17R225,,,,,,0,0,000000000,00000000000,0,0,0,1,0,0,0,0,0,0,0,998,0,0,0,14,12,6,2,42,0,0,0,1,18,47112,6,1,0,0,3,0,62,105,0,1,0,1,1,2,2009,12,2010,0,0,0,0,0,1,2,55,1,1,2,1,0,0,1,13,1,1,4,1,1,0
18,180290,1,1,2,21,6,16,40,42,0,1,0,18,1,49,442,49442,20,2006,5TDZA22C96S3,5,T,D,Z,A,2,2,C,9,6,S,3,0,P,TOYT,SIE,SV,6,17,4165,,0,1193,,G,,F,6,201,,,15R205,,,,,,0,0,000000000,00000000000,0,0,0,1,0,0,0,0,0,0,0,998,0,0,0,12,12,6,2,42,0,0,0,1,18,46012,6,1,0,0,3,1,69,165,0,0,0,0,0,0,0,0,0,0,0,0,0,0,1,2,55,4,1,2,2,0,0,14,12,1,1,4,6,1,0
18,180291,1,2,1,14,6,5,55,12,2,1,0,18,1,35,471,35471,30,1992,1N6SD11S6NC3,1,N,6,S,D,1,1,S,6,N,C,3,0,T,NISS,SWB,PK,92,17,,1,0,1043,TRK,G,,,4,146,,,,B,2750,01,A,42,0,0,000000000,00000000000,0,0,0,1,0,0,0,0,0,0,0,998,0,0,0,12,12,6,2,12,0,0,0,1,18,47165,6,1,0,0,3,2,74,148,0,0,0,0,0,0,0,0,0,0,28,74,0,0,1,2,55,3,1,2,1,28,3,14,11,1,1,2,50,1,0
18,180291,2,2,1,14,6,5,55,12,2,1,0,18,1,12,481,12481,31,1993,1FTEX15Y6PKA,1,F,T,E,X,1,5,Y,6,P,K,A,0,T,FORD,F15,PC,93,17,,2,1550,1390,COF,G,,,6,300,,,,B,4164,02,A,42,0,0,000000000,00000000000,0,0,0,1,0,0,0,0,0,0,0,998,0,0,0,12,12,6,2,12,0,0,0,1,18,47165,6,1,0,0,3,1,74,148,0,0,0,0,0,0,0,0,0,0,0,0,0,0,1,2,55,2,1,2,1,28,3,14,63,1,1,1,51,1,0
18,180292,1,4,1,23,6,14,20,12,6,1,0,18,1,12,481,12481,31,2003,2FTRF17283CA,2,F,T,R,F,1,7,2,8,3,C,A,0,T,FORD,F15,PK,3,17,,2,1385,1199,COF,G,,,6,256,,,,B,4060,00,U,42,0,0,000000000,00000000000,0,0,0,1,0,0,0,0,0,0,0,998,0,0,0,3,98,6,2,12,0,0,0,1,18,46808,6,1,0,0,3,0,73,195,0,0,0,0,0,0,0,0,0,0,38,0,0,0,1,2,55,1,1,2,1,20,3,4,17,1,1,1,87,1,0
18,180292,2,4,1,23,6,14,20,12,6,1,0,18,3,12,898,12898,61,1993,1FDZY90X8PVA,1,F,D,Z,Y,9,0,X,8,P,V,A,0,T,FORD,S9M,TR,93,17,,8,2390,1430,COL,D,,,6,893,,,,P,00000,00,,64,0,77,777777777,77777777777,2,2,4,1,0,0,0,0,0,0,0,998,0,0,0,12,12,6,2,12,0,0,0,1,18,46750,6,1,6,0,3,0,67,185,0,1,0,1,0,6,2008,6,2008,0,0,0,0,0,1,2,55,1,1,2,1,0,0,1,17,3,1,1,86,0,0
18,180292,3,4,2,23,6,14,20,12,6,1,0,12,3,51,881,51881,66,2011,4V4NC9TH2BN5,4,V,4,N,C,9,T,H,2,B,N,5,1,T,VOLV,VNL,TR,11,17,,8,0,0,VVN,D,,,6,915,,,,,00000,00,,64,1,57,978499,57978499,3,6,1,1,0,0,0,0,0,0,0,998,0,0,0,12,12,6,2,12,0,0,0,1,12,32725,6,1,6,0,3,0,73,999,0,1,0,0,0,4,2010,4,2010,0,0,0,0,0,1,2,55,1,1,2,1,20,3,2,68,1,1,1,98,0,0
18,180292,4,4,1,23,6,14,20,12,6,1,0,18,1,22,403,22403,14,2007,2CKDL63F5762,2,C,K,D,L,6,3,F,5,7,6,2,0,P,PONT,TOR,UT,7,17,3660,,0,1125,,G,,F,6,207,,,16R235,,,,,,0,0,000000000,00000000000,0,0,0,1,0,0,0,0,0,0,0,998,0,0,0,12,12,6,2,12,0,0,0,1,18,46792,6,1,0,0,3,0,63,115,0,0,0,0,0,0,0,0,0,0,0,0,0,0,1,2,55,1,1,2,1,0,0,2,62,1,1,1,98,0,0
18,180293,1,1,1,25,6,13,7,31,0,1,0,18,1,98,701,98701,81,9999,000000000000,0,0,0,0,0,0,0,0,0,0,0,0,0,,,,,,,,,,,,,,,,,,,,,,,,,0,0,000000000,00000000000,0,0,0,1,0,0,0,0,0,0,0,998,0,0,0,12,12,6,2,31,0,0,0,1,18,47150,0,0,0,0,0,0,69,161,0,0,0,0,0,0,0,0,0,0,28,0,0,0,1,2,25,9,9,2,1,0,0,1,12,1,1,4,6,1,1
18,180294,1,1,2,27,6,3,4,35,0,1,0,18,2,12,401,12401,14,2003,1FMZU73K43UA,1,F,M,Z,U,7,3,K,4,3,U,A,0,P,FORD,EPR,UT,3,17,4094,,0,1137,,F,,F,6,245,,,16R235,,,,,,0,0,000000000,00000000000,0,0,0,1,0,0,0,0,0,0,0,998,0,0,0,14,12,6,2,42,0,0,0,1,18,46201,6,7,0,0,3,1,70,225,0,0,0,0,0,0,0,0,0,0,58,0,0,0,3,2,50,2,1,1,1,0,0,14,13,1,1,5,1,2,1
18,180295,1,1,1,28,6,4,46,19,0,1,0,18,1,12,3,12003,2,2006,1ZVFT82H9652,1,Z,V,F,T,8,2,H,9,6,5,2,0,P,FORD,MGT,CP,6,17,3483,,0,1071,,G,,F,8,281,,,17R235,,,,,,0,0,000000000,00000000000,0,0,0,1,0,0,0,0,0,0,0,998,0,0,0,12,12,6,2,8,0,0,0,1,18,47860,6,1,0,0,3,0,68,160,0,0,0,0,0,0,0,0,0,0,28,8,92,0,1,2,30,2,2,2,1,0,0,14,12,1,1,4,6,0,1
18,180296,1,2,1,30,6,5,55,12,1,1,0,17,3,82,881,82881,66,2006,1FUJBBCKX6LV,1,F,U,J,B,B,C,K,X,6,L,V,1,T,FRHT,ST2,TR,6,17,,8,0,0,CON,D,,,6,855,,,,,00000,00,,64,1,57,1643985,571643985,3,6,1,1,0,0,0,0,0,0,0,998,0,0,0,12,12,6,2,2,0,0,1,1,17,60632,6,1,6,1,3,0,65,165,0,0,0,0,0,0,0,0,0,1,26,27,0,0,3,4,70,1,1,2,1,0,0,15,11,1,1,1,28,1,0
18,180296,2,2,1,30,6,5,55,12,1,1,0,37,3,87,881,87881,66,1997,1XP5DB9X6VN4,1,X,P,5,D,B,9,X,6,V,N,4,1,T,PTRB,379,TR,97,17,,8,0,0,CON,D,,,6,893,,,,,00000,00,,64,1,57,844520,57844520,3,6,1,1,0,0,0,0,0,0,0,998,0,0,0,6,6,6,2,12,0,0,0,1,37,28341,6,1,6,0,3,1,69,999,0,0,0,0,0,0,0,0,0,0,0,0,0,0,3,4,70,1,1,2,1,0,0,2,53,1,1,1,29,0,0
18,180297,1,1,1,22,6,21,48,11,0,1,0,18,1,37,706,37706,80,1984,1HFSC1202EA1,1,H,F,S,C,1,2,0,2,E,A,1,0,M,HOND,VF1,RS,84,17,,,,,,,1100,,4,,4,540,,,,,,,0,0,000000000,00000000000,0,0,0,1,0,0,0,0,0,0,0,998,0,0,0,12,12,6,2,11,0,0,0,1,18,47527,6,1,5,0,3,1,71,190,0,0,0,0,0,0,0,0,0,0,0,0,0,0,1,2,99,1,1,2,1,0,0,1,87,1,1,1,13,1,1
18,180298,1,1,1,30,6,5,0,34,0,1,0,18,2,53,705,53705,80,2002,JS1VP52A0221,J,S,1,V,P,5,2,A,0,2,2,1,0,M,SUZI,SVS,RC,2,17,,,,,,,645,,2,,4,372,,,,,,,0,0,000000000,00000000000,0,0,0,1,0,0,0,0,0,0,0,998,0,0,0,12,12,6,2,34,0,0,0,1,18,46825,1,1,0,0,2,0,66,120,0,3,0,0,0,9,2010,9,2010,0,58,0,0,0,1,2,35,1,3,2,1,0,0,1,13,3,1,4,1,1,1
18,180299,1,2,1,20,4,21,30,12,6,1,0,18,1,6,441,6441,20,2004,2C4GP44R34R5,2,C,4,G,P,4,4,R,3,4,R,5,0,T,CHRY,TLX,ES,4,17,,1,0,1193,TWC,G,,,6,201,,,,,3962,00,,42,0,0,000000000,00000000000,0,0,0,1,0,0,0,0,0,0,0,998,0,0,0,12,12,6,2,12,0,0,0,1,18,46069,6,1,0,0,3,0,66,140,0,0,0,0,0,0,0,0,0,0,39,38,53,0,2,8,55,1,1,2,1,20,3,1,17,1,1,1,86,0,0
18,180299,2,2,3,20,4,21,30,12,6,1,0,18,2,20,461,20461,21,2010,1GB9G5B63A11,1,G,B,9,G,5,B,6,3,A,1,1,0,T,CHEV,CT4,YY,10,17,,4,0,1590,ETV,D,,,8,403,,,,D,5150,00,,42,0,0,000000000,00000000000,0,0,0,1,0,0,0,0,0,6,1,998,0,0,0,83,83,6,2,12,0,0,0,1,18,46069,6,1,5,0,3,0,75,150,0,0,0,1,1,5,2008,4,2010,0,0,0,0,0,2,8,55,1,1,2,1,0,0,1,66,1,1,1,87,1,0
18,180300,1,1,1,15,5,16,15,8,0,1,0,18,2,22,18,22018,2,1996,1G2NE12M8TC8,1,G,2,N,E,1,2,M,8,T,C,8,0,P,PONT,GAS,CP,96,17,2662,,0,1034,,G,,F,6,191,,,14R195,,,,,,0,0,000000000,00000000000,0,0,0,1,0,0,0,0,0,0,0,998,0,0,0,12,12,0,1,8,32,0,0,1,18,47302,6,2,0,0,3,0,60,98,1,1,0,0,0,8,2010,11,2010,0,0,0,0,0,2,4,30,1,1,2,2,0,0,1,80,98,1,1,13,0,0
18,180301,1,1,2,19,6,1,0,8,0,1,0,18,2,20,403,20403,14,2006,1GNET16SX661,1,G,N,E,T,1,6,S,X,6,6,1,0,P,CHEV,TRL,UT,6,17,4954,,0,1290,,G,,F,6,256,,,17R245,,,,,,0,0,000000000,00000000000,0,0,0,1,0,0,0,0,0,0,0,998,0,0,0,12,12,6,2,8,0,0,0,1,46,57719,0,0,0,0,0,0,69,160,0,0,0,0,0,0,0,0,0,0,0,0,0,0,1,2,40,1,1,2,1,0,0,1,80,1,1,1,13,0,0
18,180302,1,1,1,29,6,16,57,33,0,1,0,18,1,35,47,35047,4,2010,1N4AL2AP3AN4,1,N,4,A,L,2,A,P,3,A,N,4,0,P,NISS,ATS,4D,10,17,3063,,0,1093,,G,,F,4,153,,,16R215,,,,,,0,0,000000000,00000000000,0,0,0,1,0,0,0,0,0,0,0,998,0,1,3,14,98,6,2,1,0,0,0,1,18,46628,6,1,0,0,3,1,69,220,0,0,0,0,0,0,0,0,0,1,0,0,0,0,2,6,45,2,1,2,1,21,3,14,8,1,1,4,6,1,0
18,180303,1,1,1,2,7,6,10,30,0,1,0,18,4,12,37,12037,4,2011,1FAHP3GN8BW1,1,F,A,H,P,3,G,N,8,B,W,1,0,P,FORD,FOS,4D,11,17,2623,,0,1029,,G,,F,4,122,,,17R215,,,,,,0,0,000000000,00000000000,0,0,0,1,0,0,0,0,0,0,0,998,0,0,0,12,12,6,2,30,0,0,0,1,18,46036,6,1,0,0,3,0,66,140,0,0,0,0,1,7,2009,7,2009,0,0,0,0,0,1,2,35,1,1,2,2,0,0,1,13,1,1,4,1,1,0
18,180304,1,2,5,3,7,19,9,12,2,1,0,18,2,12,481,12481,31,2010,1FTFW1EV7AFA,1,F,T,F,W,1,E,V,7,A,F,A,0,T,FORD,F1S,CW,10,17,,2,1570,1450,COF,F,,,8,329,,,,B,5345,00,7,44,0,0,000000000,00000000000,0,0,0,1,0,0,0,0,0,0,0,998,0,0,0,12,12,6,2,12,0,0,0,1,18,46038,6,1,0,0,3,0,68,140,0,0,0,0,0,0,0,0,0,0,28,0,0,0,1,2,55,2,1,2,1,28,3,14,10,1,1,2,50,0,0
18,180304,2,2,2,3,7,19,9,12,2,1,0,18,2,63,33,63033,4,2006,KNAFE1210653,K,N,A,F,E,1,2,1,0,6,5,3,0,P,KIA,SLE,4D,6,17,2701,,0,1028,,G,,F,4,122,,,15R195,,,,,,0,0,000000000,00000000000,0,0,0,1,0,0,0,0,0,0,0,998,0,0,0,12,12,6,2,12,0,0,0,1,18,46072,6,1,0,0,3,1,71,240,0,0,0,0,0,0,0,0,0,0,0,0,0,0,1,2,55,1,1,2,1,28,3,1,63,1,1,1,51,2,0
18,180305,1,1,1,16,6,4,44,8,0,1,1,99,9,99,999,99999,99,9999,999999999999,9,9,9,9,9,9,9,9,9,9,9,9,0,,,,,,,,,,,,,,,,,,,,,,,,,0,0,000000000,00000000000,0,0,0,1,0,0,0,0,0,0,0,998,0,0,0,12,12,0,1,8,0,0,0,1,18,46224,1,1,0,0,2,0,67,170,0,7,0,2,10,2,2009,10,2010,0,0,0,0,0,2,4,35,1,1,2,1,3,3,1,80,1,1,1,13,0,0
18,180306,1,1,2,23,6,8,35,1,0,1,0,18,1,20,481,20481,31,2005,1GCHK29285E3,1,G,C,H,K,2,9,2,8,5,E,3,0,T,CHEV,2KH,4C,5,17,,2,1575,1435,SIL,D,,,8,403,,,,C,5631,00,,44,0,0,000000000,00000000000,0,0,0,1,0,0,0,0,0,0,0,998,0,2,5,0,98,6,2,1,32,0,0,1,18,46725,6,1,0,0,3,0,70,190,0,0,0,0,0,0,0,0,0,0,28,35,8,0,1,2,55,2,1,2,2,0,0,14,12,1,1,4,6,1,0
18,180307,1,2,1,2,7,11,33,12,2,1,0,18,1,20,16,20016,2,2000,1G1JC1242Y72,1,G,1,J,C,1,2,4,2,Y,7,2,0,P,CHEV,CAV,CP,0,17,2617,,0,1041,,G,,F,4,133,,,14R195,,,,,,0,0,000000000,00000000000,0,0,0,1,0,0,0,0,0,0,0,998,0,0,0,12,12,6,2,12,0,0,0,1,18,47438,6,1,0,0,3,1,61,118,0,0,0,0,0,0,0,0,0,0,28,0,0,0,1,2,45,1,1,2,1,28,3,1,10,1,1,2,50,1,0
18,180307,2,2,2,2,7,11,33,12,2,1,0,18,1,12,481,12481,31,2006,1FTPF12516NA,1,F,T,P,F,1,2,5,1,6,N,A,0,T,FORD,F15,PK,6,17,,2,1450,1260,COF,G,,,8,329,,,,B,4615,02,E,42,0,0,000000000,00000000000,0,0,0,1,0,0,0,0,0,0,0,998,0,0,0,12,12,6,2,12,0,0,0,1,18,47438,6,1,8,0,3,0,71,150,0,0,0,0,0,0,0,0,0,0,0,0,0,0,1,2,45,1,1,2,1,0,0,1,62,6,1,1,51,0,0
18,180308,1,2,2,5,7,17,0,12,6,1,0,18,1,12,401,12401,14,2000,1FMDU62X4YUB,1,F,M,D,U,6,2,X,4,Y,U,B,0,P,FORD,EPR,UT,0,17,3865,,0,1116,,G,,F,6,245,,,15R235,,,,,,0,0,000000000,00000000000,0,0,0,1,0,0,0,0,0,0,0,998,0,0,0,63,63,6,2,12,0,0,0,1,18,47471,6,1,0,0,3,1,68,140,0,0,0,0,0,0,0,0,0,0,38,92,0,0,1,2,30,1,1,2,1,0,0,11,15,1,1,1,82,0,0
18,180308,2,2,2,5,7,17,0,12,6,1,0,21,2,54,35,54035,4,2003,19UUA56603A0,1,9,U,U,A,5,6,6,0,3,A,0,0,P,ACUR,32T,4D,3,17,3492,,0,1081,,G,,F,6,197,,,16R205,,,,,,0,0,000000000,00000000000,0,0,0,1,0,0,0,0,0,0,0,998,0,0,0,12,12,6,2,12,0,0,0,1,21,42420,6,1,0,0,3,0,71,200,0,0,0,0,0,0,0,0,0,0,0,0,0,0,1,2,30,1,1,2,1,0,0,1,17,1,1,1,83,1,0
18,180309,1,1,4,2,7,13,55,1,0,1,0,18,1,20,482,20482,31,2002,3GNEK13T42G2,3,G,N,E,K,1,3,T,4,2,G,2,0,T,CHEV,KAV,CW,2,17,,2,0,1300,AVL,G,,,8,325,,,,B,5652,00,,44,0,0,000000000,00000000000,0,0,0,1,0,0,0,0,0,0,0,998,0,2,1,0,98,6,2,1,0,0,0,1,18,47909,6,1,0,0,3,1,67,148,0,0,0,1,1,5,2010,2,2011,0,58,0,0,0,3,2,70,1,2,2,1,0,0,1,98,1,1,6,98,1,0
18,180310,1,1,2,1,7,12,40,38,0,1,0,18,2,13,5,13005,4,1995,1LNLM97V3SY7,1,L,N,L,M,9,7,V,3,S,Y,7,0,P,LINC,CON,4D,95,17,3972,,0,1090,,G,,F,8,281,,,16R225,,,,,,0,0,000000000,00000000000,0,0,0,1,0,0,0,0,0,0,0,998,0,0,0,2,61,6,2,38,0,0,0,1,18,46208,1,1,0,0,2,2,70,175,0,0,0,0,0,0,0,0,0,1,8,91,74,0,4,3,35,1,1,2,1,0,0,15,6,1,4,4,7,1,1
18,180311,1,1,1,3,7,8,42,18,0,1,0,18,2,20,20,20020,4,1992,2G1WL54T0N91,2,G,1,W,L,5,4,T,0,N,9,1,0,P,CHEV,LUM,4D,92,17,3115,,0,1075,,G,,F,6,191,,,14R195,,,,,,0,0,000000000,00000000000,0,0,0,1,0,0,0,0,0,0,0,998,0,0,0,98,3,6,2,10,0,0,0,1,18,47302,6,2,0,0,3,0,69,160,0,0,0,1,0,5,2010,5,2010,0,39,38,0,0,1,2,30,1,1,2,1,65,3,1,98,1,1,1,15,1,0