STATE,ST_CASE,VEH_NO,VE_FORMS,NUMOCCS,DAY,MONTH,HOUR,MINUTE,HARM_EV,MAN_COLL,UNITTYPE,HIT_RUN,REG_STAT,OWNER,MAKE,MODEL,MAK_MOD,BODY_TYP,MOD_YEAR,VIN,VIN_1,VIN_2,VIN_3,VIN_4,VIN_5,VIN_6,VIN_7,VIN_8,VIN_9,VIN_10,VIN_11,VIN_12,TOW_VEH,VINTYPE,VINMAKE,VINA_MOD,VIN_BT,VINMODYR,VIN_LNGT,VIN_WGT,WGTCD_TR,WHLBS_LG,WHLBS_SH,SER_TR,FUELCODE,MCYCL_DS,CARBUR,CYLINDER,DISPLACE,MCYCL_CY,MCYCL_WT,TIRE_SZE,TON_RAT,TRK_WT,TRKWTVAR,VIN_REST,WHLDRWHL,J_KNIFE,MCARR_I1,MCARR_I2,MCARR_ID,GVWR,V_CONFIG,CARGO_BT,HAZ_INV,HAZ_PLAC,HAZ_ID,HAZ_CNO,HAZ_REL,BUS_USE,SPEC_USE,EMER_USE,TRAV_SP,UNDERIDE,ROLLOVER,ROLINLOC,IMPACT1,IMPACT2,DEFORMED,TOWED,M_HARM,VEH_SC1,VEH_SC2,FIRE_EXP,DR_PRES,L_STATE,DR_ZIP,L_STATUS,L_TYPE,CDL_STAT,L_ENDORS,L_COMPL,L_RESTRI,DR_HGT,DR_WGT,PREV_ACC,PREV_SUS,PREV_DWI,PREV_SPD,PREV_OTH,FIRST_MO,FIRST_YR,LAST_MO,LAST_YR,SPEEDREL,DR_SF1,DR_SF2,DR_SF3,DR_SF4,VTRAFWAY,VNUM_LAN,VSPD_LIM,VALIGN,VPROFILE,VPAVETYP,VSURCOND,VTRAFCON,VTCONT_F,P_CRASH1,P_CRASH2,P_CRASH3,PCRASH4,PCRASH5,ACC_TYPE,DEATHS,DR_DRINK
18,180312,1,2,1,8,7,8,34,12,6,1,0,18,3,98,809,98809,63,2006,2FZHAZCVX6AV,2,F,Z,H,A,Z,C,V,X,6,A,V,0,T,STRG,L90,CC,6,17,,8,0,0,STE,D,,,6,782,,,,,00000,00,,64,0,57,299822,57299822,3,2,2,1,0,0,0,0,0,0,0,998,0,0,0,12,12,6,2,12,0,0,0,1,18,47620,6,1,6,1,3,1,74,225,0,0,0,0,0,0,0,0,0,0,28,39,92,0,5,4,45,1,1,2,2,3,3,1,17,1,1,1,88,0,0
18,180312,2,2,1,8,7,8,34,12,6,1,0,18,2,12,32,12032,5,2011,3FADP4EJ5BM1,3,F,A,D,P,4,E,J,5,B,M,1,0,P,FORD,FEE,4H,11,17,2537,,0,980,,G,,F,4,098,,,15R185,,,,,,0,0,000000000,00000000000,0,0,0,1,0,0,0,0,0,0,0,998,0,0,0,9,9,6,2,12,0,0,0,1,18,47591,6,1,0,0,3,0,69,122,0,0,0,0,0,0,0,0,0,0,0,0,0,0,5,4,45,1,1,2,2,3,3,1,66,1,1,1,89,1,0
18,180313,1,2,1,10,7,4,25,12,2,1,0,18,1,12,35,12035,4,2000,1FAFP6632YK1,1,F,A,F,P,6,6,3,2,Y,K,1,0,P,FORD,CSE,4D,0,17,2769,,0,1065,,G,,F,4,121,,,14R185,,,,,,0,0,000000000,00000000000,0,0,0,1,0,0,0,0,0,0,0,998,0,1,1,12,12,6,2,12,0,0,0,1,18,46310,6,1,0,0,3,2,74,140,1,1,0,1,1,9,2009,5,2011,0,28,74,0,0,1,2,55,1,1,2,1,0,0,1,10,1,1,2,50,1,1
18,180313,2,2,1,10,7,4,25,12,2,1,0,18,1,22,22,22022,4,2006,1G2ZG5587641,1,G,2,Z,G,5,5,8,7,6,4,1,0,P,PONT,GS1,4D,6,17,3419,,0,1123,,G,,F,6,214,,,16R215,,,,,,0,0,000000000,00000000000,0,0,0,1,0,0,0,0,0,0,0,998,0,0,0,12,12,6,2,12,0,0,0,1,18,46310,6,1,0,0,3,2,69,175,0,0,0,0,0,0,0,0,0,0,74,0,0,0,1,2,55,1,1,2,1,0,0,1,63,1,1,1,51,0,0
18,180314,1,1,2,10,7,22,16,1,0,1,0,18,1,20,9,20009,2,1997,2G1FP22P7V21,2,G,1,F,P,2,2,P,7,V,2,1,0,P,CHEV,Z28,CP,97,17,3433,,0,1011,,G,,F,8,350,,,16R235,,,,,,0,0,000000000,00000000000,0,0,0,1,0,0,0,0,0,0,0,998,0,2,5,0,13,6,2,1,0,0,0,1,18,46340,6,1,0,0,3,0,73,185,0,0,0,0,1,3,2009,3,2009,0,8,0,0,0,1,2,55,1,1,2,1,0,0,1,13,1,1,4,1,2,1
18,180315,1,2,2,2,7,14,28,12,6,1,0,18,1,20,401,20401,14,1992,1GNCS18W1N01,1,G,N,C,S,1,8,W,1,N,0,1,0,P,CHEV,S10,UT,92,17,3186,,0,1005,,G,,F,6,262,,,15R205,,,,,,0,0,000000000,00000000000,0,0,0,1,0,0,0,0,0,0,0,998,0,1,1,12,61,6,2,12,0,0,0,1,18,46740,6,1,0,0,3,0,71,240,0,0,0,0,0,0,0,0,0,0,38,39,92,0,5,4,40,1,1,2,1,3,3,1,17,4,1,1,83,0,0
18,180315,2,2,1,2,7,14,28,12,6,1,0,18,1,52,46,52046,4,2004,JA3AJ26E14U0,J,A,3,A,J,2,6,E,1,4,U,0,0,P,MITS,LES,4D,4,17,2656,,0,1024,,G,,F,4,122,,,14R185,,,,,,0,0,000000000,00000000000,0,0,0,1,0,0,0,0,0,0,0,998,0,0,0,9,9,6,2,12,0,0,0,1,18,46122,6,1,0,0,3,1,65,176,0,0,0,0,1,4,2010,4,2010,0,0,0,0,0,5,4,40,1,1,2,1,3,3,11,15,1,1,2,82,1,0
18,180316,1,1,1,9,7,1,50,42,0,1,0,18,2,41,37,41037,4,2001,1YVGF22C4152,1,Y,V,G,F,2,2,C,4,1,5,2,0,P,MAZD,U6X,4D,1,17,2864,,0,1051,,G,,F,4,122,,,15R205,,,,,,0,0,000000000,00000000000,0,0,0,1,0,0,0,0,0,0,0,998,0,0,0,12,12,6,2,42,0,0,0,1,18,46350,6,1,0,0,3,1,72,180,0,0,0,0,0,0,0,0,0,0,28,58,0,0,1,2,45,1,1,2,1,0,0,1,12,1,1,4,6,1,1
18,180317,1,2,1,8,7,13,55,12,2,1,0,18,2,7,442,7442,20,2000,2B4GP2431YR8,2,B,4,G,P,2,4,3,1,Y,R,8,0,T,DODG,GCV,ES,0,17,,1,0,1193,CAR,G,,,6,181,,,,,3695,00,E,42,0,0,000000000,00000000000,0,0,0,1,0,0,0,0,0,0,0,998,0,1,9,12,98,6,2,12,32,0,0,1,18,47362,6,1,0,0,3,0,64,260,0,0,0,0,0,0,0,0,0,0,28,0,0,0,1,2,30,3,1,2,1,28,3,14,10,1,1,2,50,1,0
18,180317,2,2,1,8,7,13,55,12,2,1,0,18,1,22,16,22016,2,2005,3G2JB12F95S1,3,G,2,J,B,1,2,F,9,5,S,1,0,P,PONT,SFR,CP,5,17,2771,,0,1041,,G,,F,4,134,,,15R195,,,,,,0,0,000000000,00000000000,0,0,0,1,0,0,0,0,0,0,0,998,0,0,0,12,12,6,2,12,0,0,0,1,18,47362,6,1,0,0,3,0,68,170,0,0,0,0,1,4,2010,4,2010,0,0,0,0,0,1,2,30,2,1,2,1,28,3,14,62,1,1,1,51,1,0
18,180318,1,1,2,9,7,0,55,1,0,1,0,18,1,39,32,39032,4,1989,SAJHY1548KC5,S,A,J,H,Y,1,5,4,8,K,C,5,0,P,JAGU,XJ6,4D,89,17,3903,,0,1088,,G,,F,6,219,,,15R205,,,,,,0,0,000000000,00000000000,0,0,0,1,0,0,0,0,0,0,0,998,0,2,1,0,98,6,2,1,0,0,0,1,18,47868,1,1,0,0,2,0,66,174,0,0,0,0,0,0,0,0,0,1,37,28,0,0,1,2,55,3,2,2,1,0,0,14,98,1,1,2,98,1,1
18,180319,1,2,1,10,7,12,0,12,6,1,0,18,1,7,41,7041,4,1998,2B3HD56J5WH1,2,B,3,H,D,5,6,J,5,W,H,1,0,P,DODG,IES,4D,98,17,3408,,0,1130,,G,,F,6,197,,,16R225,,,,,,0,0,000000000,00000000000,0,0,0,1,0,0,0,0,0,0,0,998,0,0,0,1,1,6,2,12,0,0,0,1,18,47991,6,1,0,0,3,1,61,130,0,0,0,0,0,0,0,0,0,0,38,92,0,0,1,2,55,1,3,2,1,0,0,11,15,1,1,1,68,0,0
18,180319,2,2,1,10,7,12,0,12,6,1,0,18,2,72,706,72706,80,2007,1HD1CT3137K4,1,H,D,1,C,T,3,1,3,7,K,4,0,M,HD,20C,RS,7,17,,,,,,,1199,,2,,4,562,,,,,,,0,0,000000000,00000000000,0,0,0,1,0,0,0,0,0,0,0,998,0,0,0,12,12,6,2,12,0,0,0,1,18,47993,6,1,0,0,3,0,68,166,0,0,0,0,0,0,0,0,0,0,0,0,0,0,1,2,55,1,3,2,1,0,0,1,62,1,1,1,69,1,0
18,180320,1,2,1,11,7,17,53,12,6,1,0,18,1,9,442,9442,20,1999,1P4GP44G9XB6,1,P,4,G,P,4,4,G,9,X,B,6,0,T,PLYM,GSX,ES,99,17,,1,0,1193,VOF,F,,,6,201,,,,,3856,00,E,42,0,0,000000000,00000000000,0,0,0,1,0,0,0,0,0,0,0,998,0,0,0,9,9,6,2,12,0,0,0,1,18,46835,6,1,0,0,3,0,71,190,0,0,0,0,0,0,0,0,0,0,38,91,0,0,1,2,55,1,1,2,1,20,3,4,17,1,1,1,89,0,1
18,180320,2,2,1,11,7,17,53,12,6,1,0,18,1,72,706,72706,80,2010,1HD1FC412AB6,1,H,D,1,F,C,4,1,2,A,B,6,0,M,HD,FTU,RS,10,17,,,,,,,1584,,2,,4,889,,,,,,,0,0,000000000,00000000000,0,0,0,1,0,0,0,0,0,0,0,998,0,0,0,12,12,6,2,12,0,0,0,1,18,46701,6,1,0,0,3,0,69,235,0,0,0,0,0,0,0,0,0,0,0,0,0,0,1,2,55,1,1,2,1,0,0,1,17,1,1,1,88,1,0
18,180321,1,1,1,4,7,5,42,42,0,1,0,18,2,30,46,30046,4,1999,WVWMD63BXXE1,W,V,W,M,D,6,3,B,X,X,E,1,0,P,VOLK,PGS,4D,99,17,3159,,0,1066,,G,,F,6,169,,,15R195,,,,,,0,0,000000000,00000000000,0,0,0,1,0,0,0,0,0,0,0,998,0,0,0,3,98,6,2,42,0,0,0,1,18,47432,6,1,0,0,3,0,71,165,0,0,0,0,0,0,0,0,0,0,0,0,0,0,1,2,45,3,2,2,1,0,0,14,13,1,1,4,1,1,1
18,180323,1,1,2,4,7,14,27,11,0,1,0,18,1,72,706,72706,80,1999,1HD1GEV14XY3,1,H,D,1,G,E,V,1,4,X,Y,3,0,M,HD,FWG,RS,99,17,,,,,,,1450,,2,,4,612,,,,,,,0,0,000000000,00000000000,0,0,0,1,0,0,0,0,0,0,0,998,0,0,0,12,12,6,2,11,0,0,0,1,18,46234,6,1,8,0,3,0,75,290,0,0,0,1,0,3,2010,3,2010,0,0,0,0,0,1,2,55,1,1,2,1,0,0,1,87,1,1,1,13,1,1
18,180324,1,2,2,13,7,11,40,12,6,1,0,18,1,6,43,6043,4,2004,1C3EL56R34N2,1,C,3,E,L,5,6,R,3,4,N,2,0,P,CHRY,SLI,4D,4,17,3167,,0,1080,,G,,F,6,167,,,16R205,,,,,,0,0,000000000,00000000000,0,0,0,1,0,0,0,0,0,0,0,998,0,0,0,3,3,6,2,12,0,0,0,1,18,46382,6,1,0,0,3,0,63,150,0,0,0,0,0,0,0,0,0,0,38,0,0,0,1,2,55,1,1,2,1,4,3,1,17,1,1,1,87,1,0
18,180324,2,2,1,13,7,11,40,12,6,1,0,18,2,86,881,86881,62,2005,1M2AG11C95M0,1,M,2,A,G,1,1,C,9,5,M,0,0,T,MACK,CV7,CC,5,17,,8,0,0,700,D,,,6,728,,,,,00000,00,,64,0,57,340873,57340873,2,2,7,1,0,0,0,0,0,0,0,998,0,0,0,12,12,4,3,12,42,0,0,1,18,47906,6,1,6,0,3,1,72,237,0,0,0,0,0,0,0,0,0,0,0,0,0,0,1,2,55,1,1,2,1,4,3,1,17,3,2,1,86,0,0
18,180325,1,2,1,27,6,23,57,12,2,1,0,18,1,20,32,20032,4,1994,1Y1SK5388RZ0,1,Y,1,S,K,5,3,8,8,R,Z,0,0,P,GEO,PRL,4D,94,17,2359,,0,971,,G,,F,4,110,,,14R175,,,,,,0,0,000000000,00000000000,0,0,0,1,0,0,0,0,0,0,0,998,0,0,0,12,12,6,2,12,0,0,0,1,18,46142,6,1,0,0,3,0,67,185,0,0,0,0,0,0,0,0,0,0,28,0,0,0,1,2,55,1,1,2,1,0,0,1,10,1,1,2,50,1,0
18,180325,2,2,1,27,6,23,57,12,2,1,0,18,2,12,481,12481,31,2003,1FTRF17293NB,1,F,T,R,F,1,7,2,9,3,N,B,0,T,FORD,F15,PK,3,17,,2,1385,1199,COF,G,,,6,256,,,,B,4060,00,U,42,0,0,000000000,00000000000,0,0,0,1,0,0,0,0,0,0,0,998,0,0,0,12,12,6,2,12,0,0,0,1,18,46181,6,1,0,0,3,0,72,200,1,2,0,0,0,7,2008,11,2010,0,0,0,0,0,1,2,55,1,1,2,1,0,0,1,62,1,1,1,51,0,0
18,180326,1,2,3,12,7,19,0,12,6,1,0,26,1,18,2,18002,4,1998,264WB52K1W14,2,6,4,W,B,5,2,K,1,W,1,4,0,P,BUIC,RLS,4D,98,17,3353,,0,1090,,G,,F,6,231,,,15R215,,,,,,0,0,000000000,00000000000,0,0,0,1,0,0,0,0,0,0,0,998,0,0,0,9,61,6,2,12,0,0,0,1,26,48239,6,1,0,0,3,1,70,170,0,0,0,0,0,0,0,0,0,0,38,0,0,0,1,2,45,1,1,2,1,20,3,1,17,1,1,1,89,1,0
18,180326,2,2,2,12,7,19,0,12,6,1,0,24,1,58,401,58401,14,1998,JNRAR05Y4WW0,J,N,R,A,R,0,5,Y,4,W,W,0,0,P,INFI,QX4,UT,98,17,4289,,0,1063,,G,,F,6,201,,,16R245,,,,,,0,0,000000000,00000000000,0,0,0,1,0,0,0,0,0,0,0,998,0,0,0,12,12,6,2,12,0,0,0,1,24,20842,6,1,0,0,3,1,72,210,0,0,0,0,0,0,0,0,0,0,0,0,0,0,1,2,60,1,1,2,1,0,0,1,17,1,1,1,88,0,0
18,180327,1,2,1,14,7,13,50,12,6,1,0,18,1,37,705,37705,80,2004,JH2PC35004M5,J,H,2,P,C,3,5,0,0,4,M,5,0,M,HOND,CF4,RC,4,17,,,,,,,599,,4,,4,999,,,,,,,0,0,000000000,00000000000,0,0,0,1,0,0,0,0,0,0,0,998,0,0,0,12,12,6,2,12,0,0,0,1,26,49305,6,1,6,0,3,3,67,185,1,0,0,2,0,7,2008,12,2008,0,28,0,0,0,1,2,45,2,2,2,11,0,0,14,10,1,1,2,64,1,0
18,180327,2,2,1,14,7,13,50,12,6,1,0,18,3,12,481,12481,31,2001,1FDAW57F81EB,1,F,D,A,W,5,7,F,8,1,E,B,0,T,FORD,F5D,CH,1,17,,5,0,1760,DRW,D,,,8,444,,,,,7015,05,E,44,0,0,000000000,00000000000,0,0,0,1,0,0,0,0,0,0,0,998,0,0,0,9,9,4,1,12,0,0,0,1,18,46151,6,1,0,0,3,0,71,165,0,0,0,1,0,4,2009,4,2009,0,0,0,0,0,1,2,45,3,2,2,11,0,0,14,62,9,1,1,65,0,0
18,180328,1,1,1,9,7,19,20,49,0,1,0,18,1,6,441,6441,20,2006,1A4GP45R76B6,1,A,4,G,P,4,5,R,7,6,B,6,0,P,CHRY,TWC,SV,6,17,3831,,0,1133,,G,,F,6,201,,,15R215,,,,,,0,0,000000000,00000000000,0,0,0,1,0,0,0,0,0,0,0,998,0,0,0,12,12,4,3,49,0,0,0,1,18,46795,1,1,0,0,2,2,71,185,0,0,0,0,0,0,0,0,0,0,91,74,0,0,1,2,35,1,1,2,1,0,0,1,83,1,1,1,13,0,1
18,180329,1,1,1,10,7,16,10,8,0,1,1,99,9,99,999,99999,99,9999,999999999999,9,9,9,9,9,9,9,9,9,9,9,9,0,,,,,,,,,,,,,,,,,,,,,,,,,0,0,000000000,00000000000,0,0,0,1,0,0,0,0,0,0,0,998,0,0,0,12,12,0,1,8,0,0,0,1,18,46113,1,1,0,0,2,0,72,350,0,3,0,0,3,9,2010,9,2010,0,0,0,0,0,2,4,45,1,1,2,1,0,0,1,12,1,1,4,13,0,0
18,180331,1,2,1,15,7,22,7,12,2,1,0,18,1,41,53,41053,5,2007,JM3ER293X701,J,M,3,E,R,2,9,3,X,7,0,1,0,P,MAZD,MCX,UT,7,17,3710,,0,1083,,G,,T,4,138,,,18R235,,,,,,0,0,000000000,00000000000,0,0,0,1,0,0,0,0,0,0,0,998,0,0,0,12,12,6,2,12,0,0,0,1,18,47446,6,2,0,0,3,1,68,185,1,1,0,0,0,9,2010,1,2011,0,38,0,0,0,1,2,55,1,1,2,1,0,0,10,15,4,1,2,80,0,0
18,180331,2,2,1,15,7,22,7,12,2,1,0,18,1,72,706,72706,80,2006,1HD1KBW1X6Y6,1,H,D,1,K,B,W,1,X,6,Y,6,0,M,HD,FHI,RS,6,17,,,,,,,1450,,2,,4,745,,,,,,,0,0,000000000,00000000000,0,0,0,1,0,0,0,0,0,0,0,998,0,0,0,12,12,6,2,12,0,0,0,1,18,46038,6,1,0,0,3,0,69,175,0,0,0,1,0,8,2010,8,2010,0,0,0,0,0,1,2,55,1,1,2,1,0,0,1,67,1,1,1,81,1,0
18,180332,1,1,3,17,7,2,20,43,0,1,0,18,2,22,20,22020,4,2006,2G2WP5522611,2,G,2,W,P,5,5,2,2,6,1,1,0,P,PONT,GRA,4D,6,17,3477,,0,1105,,G,,F,6,232,,,16R225,,,,,,0,0,000000000,00000000000,0,0,0,1,0,0,0,0,0,0,0,998,0,1,5,14,12,6,2,30,0,0,0,1,18,46218,1,1,0,0,2,0,64,110,0,11,0,0,10,9,2008,12,2010,0,8,0,0,0,1,2,30,1,1,1,1,0,0,1,13,1,1,4,1,1,0
18,180333,1,1,1,16,7,19,58,42,0,1,0,26,1,37,705,37705,80,2003,JH2PC37043M0,J,H,2,P,C,3,7,0,4,3,M,0,0,M,HOND,B60,RC,3,17,,,,,,,599,,4,,4,370,,,,,,,0,0,000000000,00000000000,0,0,0,1,0,0,0,0,0,0,0,998,0,0,0,12,12,6,2,42,0,0,0,1,26,49252,6,1,0,0,3,0,71,150,0,5,0,0,2,7,2008,2,2010,1,8,0,0,0,1,2,45,3,1,2,1,0,0,14,13,1,1,4,1,1,1
18,180334,1,2,1,17,7,10,31,12,2,1,0,18,2,20,481,20481,31,2006,2GCEK13Z8612,2,G,C,E,K,1,3,Z,8,6,1,2,1,T,CHEV,SK1,CW,6,17,,2,0,1435,SIL,F,,,8,323,,,,B,5284,00,,44,1,0,000000000,00000000000,0,0,0,1,0,0,0,0,0,0,0,998,0,0,0,12,12,6,2,12,0,0,0,1,18,46706,6,1,0,0,3,0,71,170,2,5,0,2,0,12,2008,5,2011,0,28,0,0,0,1,2,35,1,1,2,1,28,3,15,10,1,1,2,50,0,0
18,180334,2,2,3,17,7,10,31,12,2,1,0,24,1,49,402,49402,14,2010,2T3BK4DV2AW0,2,T,3,B,K,4,D,V,2,A,W,0,0,P,TOYT,RG4,UT,10,17,3655,,0,1047,,G,,F,6,214,,,17R225,,,,,,0,0,000000000,00000000000,0,0,0,1,0,0,0,0,0,0,0,998,0,0,0,12,12,6,2,12,36,0,0,1,24,21075,6,1,0,0,3,0,71,160,0,0,0,0,0,0,0,0,0,0,0,0,0,0,1,2,35,1,1,2,1,28,3,1,62,7,1,1,51,1,0
18,180335,1,2,2,16,7,22,15,12,6,1,0,39,2,19,21,19021,4,2008,1G6DW67V6801,1,G,6,D,W,6,7,V,6,8,0,1,0,P,CADI,CST,4D,8,17,3929,,0,1164,,G,,F,6,220,,,17R235,,,,,,0,0,000000000,00000000000,0,0,0,1,0,0,0,0,0,0,0,998,0,0,0,62,62,6,2,2,0,0,1,1,39,45331,6,1,0,0,3,0,67,200,0,0,0,1,0,9,2009,9,2009,0,39,89,0,0,1,2,55,1,1,2,1,20,3,1,17,1,1,1,89,2,0
18,180335,2,2,2,16,7,22,15,12,6,1,0,18,3,93,981,93981,51,1996,1M8SDMLA1TP0,1,M,8,S,D,M,L,A,1,T,P,0,0,T,MCIN,,,96,17,,,,,,,,,,,,,,,,,,,0,57,290851,57290851,3,21,22,1,0,0,0,0,5,0,0,998,0,0,0,12,12,6,2,12,0,0,0,1,39,45879,6,1,6,0,3,1,71,318,0,0,0,0,0,0,0,0,0,0,0,0,0,0,1,2,55,1,1,2,1,0,0,1,66,1,1,1,88,0,0
18,180336,1,2,1,18,7,17,12,12,8,1,0,18,2,20,10,20010,2,1985,1G1GZ37Z7FR1,1,G,1,G,Z,3,7,Z,7,F,R,1,0,P,CHEV,MOC,CP,85,17,3046,,0,1081,,G,,F,6,262,,,14R195,,,,,,0,0,000000000,00000000000,0,0,0,1,0,0,0,0,0,0,0,998,0,0,0,11,12,6,2,12,0,0,0,1,18,47575,6,1,0,0,3,0,68,194,0,0,0,0,0,0,0,0,0,0,28,0,0,0,1,2,55,1,1,2,1,28,3,1,10,1,1,2,64,1,0
18,180336,2,2,1,18,7,17,12,12,8,1,0,18,3,84,881,84881,66,2006,2HSCNAPR86C2,2,H,S,C,N,A,P,R,8,6,C,2,1,T,INTL,94I,TR,6,17,,8,0,0,940,D,,,6,915,,,,,00000,00,,64,1,57,630913,57630913,3,6,98,1,0,0,0,0,0,0,0,998,0,0,0,63,63,4,1,12,0,0,0,1,18,47532,6,1,6,0,3,0,71,220,1,1,0,0,0,12,2008,2,2009,0,0,0,0,0,1,2,55,1,1,2,1,28,3,1,62,7,1,1,65,0,0
18,180337,1,2,1,15,7,17,18,12,1,1,0,18,2,7,442,7442,20,2010,2D4CN1AE6AR2,2,D,4,C,N,1,A,E,6,A,R,2,0,T,DODG,GVC,CG,10,17,,2,0,1212,CAR,F,,,6,201,,,,,4321,00,E,42,0,0,000000000,00000000000,0,0,0,1,0,0,0,0,0,0,0,998,0,0,0,12,12,6,2,12,0,0,0,1,18,46208,6,1,0,0,3,0,72,220,0,0,0,1,0,3,2009,3,2009,1,35,0,0,0,3,3,70,1,1,2,1,0,0,6,52,1,1,2,28,1,0
18,180337,2,2,1,15,7,17,18,12,1,1,0,18,3,82,881,82881,66,2011,1FUJGLDRXBSA,1,F,U,J,G,L,D,R,X,B,S,A,1,T,FRHT,125,TR,11,17,,8,0,0,CSC,D,,,6,903,,,,,00000,00,,64,1,57,74432,5774432,3,6,1,1,0,0,0,0,0,0,0,998,0,0,0,6,6,6,2,12,0,0,0,1,12,32766,6,1,6,3,3,3,69,999,0,0,0,0,0,0,0,0,0,0,0,0,0,0,3,3,70,1,1,2,1,0,0,2,53,1,1,1,29,0,0
18,180338,1,1,1,19,7,11,14,34,0,1,0,18,2,12,3,12003,2,2001,1FAFP42X31F2,1,F,A,F,P,4,2,X,3,1,F,2,0,P,FORD,MGT,CP,1,17,3241,,0,1013,,G,,F,8,281,,,17R245,,,,,,0,0,000000000,00000000000,0,0,0,1,0,0,0,0,0,0,0,998,0,1,5,14,12,6,2,42,0,0,0,1,18,47031,6,2,0,0,3,1,70,130,0,0,0,1,0,5,2011,5,2011,0,8,28,58,0,1,2,45,1,3,9,1,0,0,1,12,1,2,4,7,1,0
18,180339,1,2,1,19,7,13,29,12,6,1,0,17,4,84,898,84898,66,2010,1HSHWAHNXAJ2,1,H,S,H,W,A,H,N,X,A,J,2,1,T,INTL,860,TR,10,17,,7,0,0,80S,D,,,6,661,,,,,00000,00,,42,3,57,974400,57974400,3,6,1,1,0,0,0,0,0,0,0,998,0,0,0,7,61,6,2,12,0,0,0,1,17,60431,6,1,6,1,3,0,71,225,0,0,0,1,0,5,2009,5,2009,0,38,92,0,0,1,2,55,1,1,2,1,28,3,1,17,1,1,1,89,0,0
18,180339,2,2,1,19,7,13,29,12,6,1,0,17,3,82,881,82881,66,2010,1FUJF0CV6ADA,1,F,U,J,F,0,C,V,6,A,D,A,1,T,FRHT,COL,TR,10,17,,8,0,0,CON,D,,,6,782,,,,,00000,00,,64,3,57,590387,57590387,3,6,1,1,0,0,0,0,0,0,0,998,0,0,0,12,12,6,2,12,0,0,0,1,39,45011,6,1,6,0,3,0,77,275,0,0,0,0,0,0,0,0,0,0,0,0,0,0,1,2,55,1,1,2,1,28,3,1,66,1,1,1,88,1,0
18,180341,1,2,2,16,7,13,29,12,6,1,0,18,1,73,709,73709,80,2006,999999999999,9,9,9,9,9,9,9,9,9,9,9,9,0,,,,,,,,,,,,,,,,,,,,,,,,,0,0,000000000,00000000000,0,0,0,1,0,0,0,0,0,0,0,998,0,0,0,12,12,6,2,12,0,0,0,1,18,46106,6,1,0,0,3,0,68,135,0,0,0,1,1,1,2010,9,2010,0,35,0,0,0,1,2,40,1,1,2,1,0,0,6,67,1,1,1,83,1,0
18,180341,2,2,1,16,7,13,29,12,6,1,0,18,2,37,31,37031,4,2002,1HGES25722L0,1,H,G,E,S,2,5,7,2,2,L,0,0,P,HOND,UAX,4D,2,17,2564,,0,1031,,G,,F,4,102,,,15R185,,,,,,0,0,000000000,00000000000,0,0,0,1,0,0,0,0,0,0,0,998,0,0,0,3,3,6,2,12,0,0,0,1,18,46142,6,1,0,0,3,2,64,180,0,0,0,0,0,0,0,0,0,0,74,0,0,0,1,2,40,1,1,2,1,0,0,11,15,1,1,2,82,0,0
18,180342,1,2,1,16,7,20,58,12,6,1,0,18,2,98,701,98701,81,2008,000000000000,0,0,0,0,0,0,0,0,0,0,0,0,0,,,,,,,,,,,,,,,,,,,,,,,,,0,0,000000000,00000000000,0,0,0,1,0,0,0,0,0,0,0,998,0,0,0,81,81,6,2,12,0,0,0,1,18,46385,0,0,0,0,0,0,65,136,0,0,0,0,0,0,0,0,0,0,38,0,0,0,1,2,40,1,2,2,1,0,0,1,17,1,1,1,87,1,0
18,180342,2,2,1,16,7,20,58,12,6,1,0,18,1,23,402,23402,14,2010,2CTALBEW1A62,2,C,T,A,L,B,E,W,1,A,6,2,0,T,GMC,TEL,4W,10,17,,1,0,1125,TER,G,,,4,146,,,,,3788,00,S,42,0,0,000000000,00000000000,0,0,0,1,0,0,0,0,0,0,0,998,0,0,0,12,12,6,2,12,0,0,0,1,18,46307,6,1,0,0,3,2,69,175,0,0,0,0,0,0,0,0,0,0,74,0,0,0,1,2,40,1,2,2,1,0,0,1,66,1,1,1,86,0,0
18,180343,1,1,4,10,7,0,33,1,0,1,1,18,2,99,998,99998,97,9999,000000000000,0,0,0,0,0,0,0,0,0,0,0,0,0,,,,,,,,,,,,,,,,,,,,,,,,,0,0,000000000,00000000000,0,0,0,1,0,0,0,0,0,0,0,998,0,2,1,0,0,6,2,1,0,0,0,1,18,46227,6,1,0,0,3,0,63,150,0,1,0,1,1,10,2009,10,2010,0,58,92,0,0,1,2,98,1,2,2,1,0,0,1,98,1,1,2,98,1,1
18,180344,1,2,1,17,7,2,52,12,2,1,0,18,1,7,442,7442,20,2000,2B4GP2538YR5,2,B,4,G,P,2,5,3,8,Y,R,5,0,P,DODG,CAR,SV,0,17,3432,,0,1133,,G,,F,6,181,,,14R205,,,,,,0,0,000000000,00000000000,0,0,0,1,0,0,0,0,0,0,0,998,0,0,0,12,12,6,2,12,0,0,0,1,18,47882,6,1,0,0,3,0,66,150,0,0,0,0,0,0,0,0,0,0,28,0,0,0,1,2,55,1,1,2,1,0,0,1,10,1,1,2,50,1,1