STATE,ST_CASE,VEH_NO,VE_FORMS,NUMOCCS,DAY,MONTH,HOUR,MINUTE,HARM_EV,MAN_COLL,UNITTYPE,HIT_RUN,REG_STAT,OWNER,MAKE,MODEL,MAK_MOD,BODY_TYP,MOD_YEAR,VIN,VIN_1,VIN_2,VIN_3,VIN_4,VIN_5,VIN_6,VIN_7,VIN_8,VIN_9,VIN_10,VIN_11,VIN_12,TOW_VEH,VINTYPE,VINMAKE,VINA_MOD,VIN_BT,VINMODYR,VIN_LNGT,VIN_WGT,WGTCD_TR,WHLBS_LG,WHLBS_SH,SER_TR,FUELCODE,MCYCL_DS,CARBUR,CYLINDER,DISPLACE,MCYCL_CY,MCYCL_WT,TIRE_SZE,TON_RAT,TRK_WT,TRKWTVAR,VIN_REST,WHLDRWHL,J_KNIFE,MCARR_I1,MCARR_I2,MCARR_ID,GVWR,V_CONFIG,CARGO_BT,HAZ_INV,HAZ_PLAC,HAZ_ID,HAZ_CNO,HAZ_REL,BUS_USE,SPEC_USE,EMER_USE,TRAV_SP,UNDERIDE,ROLLOVER,ROLINLOC,IMPACT1,IMPACT2,DEFORMED,TOWED,M_HARM,VEH_SC1,VEH_SC2,FIRE_EXP,DR_PRES,L_STATE,DR_ZIP,L_STATUS,L_TYPE,CDL_STAT,L_ENDORS,L_COMPL,L_RESTRI,DR_HGT,DR_WGT,PREV_ACC,PREV_SUS,PREV_DWI,PREV_SPD,PREV_OTH,FIRST_MO,FIRST_YR,LAST_MO,LAST_YR,SPEEDREL,DR_SF1,DR_SF2,DR_SF3,DR_SF4,VTRAFWAY,VNUM_LAN,VSPD_LIM,VALIGN,VPROFILE,VPAVETYP,VSURCOND,VTRAFCON,VTCONT_F,P_CRASH1,P_CRASH2,P_CRASH3,PCRASH4,PCRASH5,ACC_TYPE,DEATHS,DR_DRINK
18,180408,2,3,2,10,8,11,40,12,1,1,0,17,3,82,881,82881,66,2003,1FUJBBCG63LL,1,F,U,J,B,B,C,G,6,3,L,L,1,T,FRHT,ST2,TR,3,17,,8,0,0,CON,D,,,6,774,,,,,00000,00,,64,1,57,241572,57241572,3,6,1,1,0,0,0,0,0,0,0,998,0,0,0,6,12,6,2,12,0,0,0,1,4,85326,6,1,6,1,3,1,70,210,0,2,0,0,0,2,2010,2,2010,0,0,0,0,0,2,2,45,1,1,2,1,28,3,2,53,1,1,1,29,0,0
18,180408,3,3,1,10,8,11,40,12,1,1,0,18,3,82,881,82881,66,2004,1FUJCRCK54PM,1,F,U,J,C,R,C,K,5,4,P,M,2,T,FRHT,COR,TR,4,17,,8,0,0,CON,D,,,6,858,,,,,00000,00,,64,1,57,265752,57265752,3,7,1,1,0,0,0,0,0,0,0,998,0,0,0,6,6,0,1,12,0,0,0,1,17,60513,6,1,6,1,3,0,72,200,0,0,0,0,0,0,0,0,0,0,0,0,0,0,2,2,45,1,1,2,1,28,3,2,53,1,1,1,98,0,0
18,180409,1,2,2,14,8,20,55,12,2,1,0,21,1,52,37,52037,2,2000,4A3AC54L0YE1,4,A,3,A,C,5,4,L,0,Y,E,1,0,P,MITS,ECG,2H,0,17,3120,,0,1008,,G,,F,6,181,,,17R215,,,,,,0,0,000000000,00000000000,0,0,0,1,0,0,0,0,0,0,0,998,0,0,0,12,12,6,2,12,0,0,0,1,21,40379,6,1,0,0,3,0,64,120,0,1,1,0,0,8,2008,9,2008,0,8,85,35,0,1,2,55,1,3,2,1,28,3,6,10,1,1,2,50,2,1
18,180409,2,2,2,14,8,20,55,12,2,1,0,18,1,22,18,22018,4,2004,1G2NE52F14M5,1,G,2,N,E,5,2,F,1,4,M,5,0,P,PONT,GAS,4D,4,17,3066,,0,1070,,G,,F,4,134,,,15R215,,,,,,0,0,000000000,00000000000,0,0,0,1,0,0,0,0,0,0,0,998,0,1,5,12,98,6,2,12,0,0,0,1,18,46974,6,1,5,0,3,0,69,250,0,1,0,2,0,5,2010,8,2011,0,0,0,0,0,1,2,55,1,3,2,1,28,3,1,62,1,1,1,51,2,0
18,180410,1,2,1,16,8,6,1,12,2,1,0,39,3,20,23,20023,6,2011,3GNBABFW4BS5,3,G,N,B,A,B,F,W,4,B,S,5,0,P,CHEV,HHR,UT,11,17,3208,,0,1035,,F,,F,4,134,,,16R215,,,,,,0,0,000000000,00000000000,0,0,0,1,0,0,0,0,0,0,0,998,0,0,0,12,12,6,2,12,0,0,0,1,18,47362,6,1,0,0,3,1,63,190,0,0,0,0,0,0,0,0,0,0,28,0,0,0,1,2,55,1,1,2,1,0,0,1,10,1,1,2,50,1,0
18,180410,2,2,1,16,8,6,1,12,2,1,0,18,1,37,31,37031,4,2011,19XFA1F55BE0,1,9,X,F,A,1,F,5,5,B,E,0,0,P,HOND,UCL,4D,11,17,2754,,0,1063,,G,,F,4,110,,,16R205,,,,,,0,0,000000000,00000000000,0,0,0,1,0,0,0,0,0,0,0,998,0,0,0,12,12,6,2,12,0,0,0,1,18,47356,6,1,0,0,3,1,68,195,0,0,0,1,0,5,2009,5,2009,0,0,0,0,0,1,2,55,1,1,2,1,0,0,1,62,1,1,1,51,1,0
18,180411,1,1,1,14,8,14,26,34,0,1,0,18,1,20,471,20471,30,2002,1GCDT13W12K1,1,G,C,D,T,1,3,W,1,2,K,1,0,T,CHEV,S14,CW,2,17,,1,0,1229,S,G,,,6,262,,,,B,4039,00,,44,0,0,000000000,00000000000,0,0,0,1,0,0,0,0,0,0,0,998,0,0,0,14,12,6,2,30,32,0,0,1,18,47265,6,1,5,0,3,0,66,210,0,0,0,0,0,0,0,0,0,0,0,0,0,0,1,2,45,1,1,2,1,0,0,1,13,1,1,4,1,1,0
18,180412,1,2,1,9,8,11,10,12,6,1,0,18,1,55,33,55033,4,1999,KMHWF35V4XA0,K,M,H,W,F,3,5,V,4,X,A,0,0,P,HYUN,SGL,4D,99,17,3128,,0,1063,,G,,F,6,152,,,15R205,,,,,,0,0,000000000,00000000000,0,0,0,1,0,0,0,0,0,0,0,998,0,0,0,3,3,6,2,12,0,0,0,1,18,46229,6,1,0,0,3,0,63,125,0,0,0,0,0,0,0,0,0,0,8,39,0,0,1,2,45,1,1,2,1,20,3,1,17,1,1,1,87,1,0
18,180412,2,2,1,9,8,11,10,12,6,1,0,18,3,82,881,82881,66,1999,1FUYSSEB2XLB,1,F,U,Y,S,S,E,B,2,X,L,B,1,T,FRHT,FC2,TR,99,17,,8,0,0,CON,D,,,6,774,,,,,00000,00,,64,1,57,01643934,5701643934,3,6,1,1,0,0,0,0,0,0,0,998,0,1,5,12,98,6,2,12,0,0,0,1,21,42653,6,1,6,0,3,1,76,265,0,0,0,1,0,8,2008,8,2008,0,0,0,0,0,1,2,45,1,1,2,1,0,0,1,66,1,1,1,86,0,0
18,180413,1,2,2,18,8,8,10,12,6,1,0,18,1,12,17,12017,4,2005,1FAFP53U65A1,1,F,A,F,P,5,3,U,6,5,A,1,0,P,FORD,TSE,4D,5,17,3306,,0,1085,,G,,F,6,182,,,16R215,,,,,,0,0,000000000,00000000000,0,0,0,1,0,0,0,0,0,0,0,998,0,0,0,3,3,6,2,12,0,0,0,1,18,47523,6,1,0,0,3,2,71,250,0,0,0,1,0,1,2011,1,2011,0,38,74,0,0,1,2,45,1,1,1,1,21,3,1,17,1,1,1,87,1,0
18,180413,2,2,1,18,8,8,10,12,6,1,0,21,3,87,881,87881,66,2005,1XP5DB9X35D8,1,X,P,5,D,B,9,X,3,5,D,8,1,T,PTRB,379,TR,5,17,,8,0,0,CON,D,,,6,893,,,,,00000,00,,64,1,57,1443388,571443388,3,6,3,1,0,0,0,0,0,0,0,998,0,0,0,12,12,6,2,12,0,0,0,1,21,42134,6,1,6,0,3,0,70,280,0,0,0,0,0,0,0,0,0,0,0,0,0,0,1,2,45,1,1,1,1,0,0,1,66,1,1,1,86,0,0
18,180414,1,2,1,13,8,23,22,12,6,1,0,18,1,37,709,37709,81,2010,000000000000,0,0,0,0,0,0,0,0,0,0,0,0,0,,,,,,,,,,,,,,,,,,,,,,,,,0,0,000000000,00000000000,0,0,0,1,0,0,0,0,0,0,0,998,0,0,0,9,9,0,1,12,0,0,0,1,18,46408,0,0,0,0,0,0,64,125,0,0,0,0,0,0,0,0,0,0,38,0,0,0,1,2,30,1,1,2,2,20,3,1,17,1,1,1,89,1,0
18,180414,2,2,1,13,8,23,22,12,6,1,0,18,1,12,13,12013,2,2003,3FAFP11303R1,3,F,A,F,P,1,1,3,0,3,R,1,0,P,FORD,ZX2,CP,3,17,2478,,0,984,,G,,F,4,121,,,15R185,,,,,,0,0,000000000,00000000000,0,0,0,1,0,0,0,0,0,0,0,998,0,0,0,12,12,0,1,12,0,0,0,1,18,46406,6,1,0,0,3,2,68,160,0,0,0,0,0,0,0,0,0,0,74,0,0,0,1,2,30,1,1,2,2,0,0,1,66,1,1,1,88,0,0
18,180415,1,1,1,1,8,23,41,42,0,1,0,18,2,12,481,12481,31,1994,1FTHF25MXRNB,1,F,T,H,F,2,5,M,X,R,N,B,0,T,FORD,F25,PK,94,17,,2,0,1330,COF,D,,,8,444,,,,C,4252,02,M,42,0,0,000000000,00000000000,0,0,0,1,0,0,0,0,0,0,0,998,0,0,0,12,12,6,2,42,0,0,0,1,18,47448,6,1,0,0,3,1,69,165,0,0,0,0,0,0,0,0,0,0,0,0,0,0,1,2,45,2,2,2,1,0,0,14,14,1,1,4,14,1,1
18,180416,1,3,1,11,8,3,40,12,1,1,0,17,3,82,881,82881,66,2007,1FUJA6CK87LY,1,F,U,J,A,6,C,K,8,7,L,Y,1,T,FRHT,COL,TR,7,17,,8,0,0,CON,D,,,6,855,,,,,00000,00,,64,1,57,1731111,571731111,3,6,1,1,0,0,0,0,0,0,0,998,0,0,0,12,12,6,2,2,0,0,1,1,17,60618,6,1,6,0,3,0,68,200,0,0,0,0,1,3,2011,3,2011,0,26,0,0,0,3,3,65,1,1,2,1,0,0,1,50,1,1,1,20,1,0
18,180416,2,3,1,11,8,3,40,12,1,1,0,18,3,84,881,84881,66,2000,2HSCBAER6YC0,2,H,S,C,B,A,E,R,6,Y,C,0,1,T,INTL,91I,TR,0,17,,8,0,0,910,D,,,6,855,,,,,00000,00,,64,1,57,63391,5763391,3,6,1,1,0,0,0,0,0,0,0,0,0,0,0,6,98,6,2,2,0,0,1,1,39,45177,6,1,6,1,3,0,74,340,0,0,0,0,0,0,0,0,0,0,54,0,0,0,3,3,65,1,1,2,1,0,0,5,53,1,1,1,21,0,0
18,180416,3,3,1,11,8,3,40,12,1,1,0,18,3,51,881,51881,66,2000,4V4ND1JJ4YN2,4,V,4,N,D,1,J,J,4,Y,N,2,1,T,VOLV,VVN,TR,0,17,,8,0,0,VVN,D,,,6,855,,,,,00000,00,,64,1,57,989784,57989784,3,6,1,1,0,0,0,0,0,0,0,0,0,0,0,6,6,4,1,54,0,0,0,1,17,60415,6,1,6,1,3,0,69,155,0,0,0,0,0,0,0,0,0,0,54,0,0,0,3,3,65,1,1,2,1,0,0,5,53,1,1,1,98,0,0
18,180418,1,2,2,18,8,14,35,12,2,1,0,18,2,20,431,20431,16,1997,3GNFK16R9VG1,3,G,N,F,K,1,6,R,9,V,G,1,0,P,CHEV,K15,UT,97,17,5234,,0,1315,,G,,F,8,350,,,16R245,,,,,,0,0,000000000,00000000000,0,0,0,1,0,0,0,0,0,0,0,998,0,0,0,12,12,6,2,12,0,0,0,1,18,47960,6,1,0,0,3,0,69,183,0,0,0,1,0,7,2009,7,2009,0,28,0,0,0,1,2,55,1,1,2,1,0,0,1,10,1,1,2,50,1,0
18,180418,2,2,2,18,8,14,35,12,2,1,0,18,3,12,481,12481,31,2005,1FTSW20Y85EC,1,F,T,S,W,2,0,Y,8,5,E,C,0,T,FORD,F2S,CW,5,17,,2,1724,1562,SRW,G,,,10,415,,,,C,6059,00,E,42,0,0,000000000,00000000000,0,0,0,1,0,0,0,0,0,0,0,998,0,0,0,12,12,6,2,12,0,0,0,1,18,46392,6,1,0,0,3,0,71,150,0,0,0,0,1,7,2010,7,2010,0,0,0,0,0,1,2,55,1,1,2,1,0,0,1,62,1,1,1,51,0,0
18,180419,1,2,1,19,8,0,12,42,0,1,0,18,2,37,706,37706,80,2002,JH2PC35032M3,J,H,2,P,C,3,5,0,3,2,M,3,0,M,HOND,CF4,RC,2,17,,,,,,,599,,4,,4,370,,,,,,,0,0,000000000,00000000000,0,0,0,1,0,0,0,0,0,0,0,998,0,0,0,12,12,6,2,42,0,0,0,1,18,47250,1,1,0,0,2,2,71,180,0,1,0,0,0,4,2010,4,2010,1,8,74,0,0,1,2,35,1,1,2,1,28,3,1,13,1,1,4,1,1,1
18,180419,2,2,1,19,8,0,12,42,0,1,0,18,2,53,705,53705,80,2003,JS1GN7BA4321,J,S,1,G,N,7,B,A,4,3,2,1,0,M,SUZI,G60,RC,3,17,,,,,,,599,,4,,4,359,,,,,,,0,0,000000000,00000000000,0,0,0,1,0,0,0,0,0,0,0,998,0,0,0,98,98,2,1,54,0,0,0,1,18,46561,1,1,0,0,2,2,75,185,0,2,0,0,0,6,2010,6,2010,0,74,0,0,0,1,2,35,1,1,2,1,28,3,1,98,1,1,1,98,0,0
18,180420,1,2,1,17,8,15,15,24,0,1,0,47,3,51,881,51881,66,2008,4V4NC9GH98N4,4,V,4,N,C,9,G,H,9,8,N,4,1,T,VOLV,VNL,TR,8,17,,8,0,0,VVN,D,,,6,732,,,,,00000,00,,64,1,57,00036684,5700036684,3,6,1,1,0,0,0,0,0,0,0,998,0,0,0,2,99,6,2,2,0,0,1,1,39,45030,6,1,6,0,3,1,77,290,0,0,0,0,0,0,0,0,0,0,26,0,0,0,3,3,45,1,2,2,1,40,3,1,50,9,1,4,1,1,0
18,180420,2,2,2,17,8,15,15,24,0,1,0,95,3,51,881,51881,66,2005,4V4NC9TG35N3,4,V,4,N,C,9,T,G,3,5,N,3,1,T,VOLV,VNL,TR,5,17,,8,0,0,VVN,D,,,6,915,,,,,00000,00,,64,1,57,01686961,5701686961,3,6,1,1,0,0,0,0,0,0,0,0,0,0,0,2,2,4,1,12,0,0,0,1,95,0,9,9,99,9,9,9,999,999,99,99,99,99,99,99,9999,99,9999,0,0,0,0,0,3,3,45,1,2,2,1,40,3,5,52,1,1,1,98,0,0
18,180421,1,2,1,19,8,8,55,12,6,1,0,18,3,85,881,85881,66,2004,1XKDDU9XX4J0,1,X,K,D,D,U,9,X,X,4,J,0,1,T,KW,T80,TR,4,17,,8,2600,1600,CON,D,,,6,733,,,,,00000,00,,64,1,57,579845,57579845,3,6,8,1,0,0,0,0,0,0,0,60,0,0,0,12,12,6,2,12,0,0,0,1,18,46514,6,1,6,0,3,0,72,260,0,1,0,2,0,8,2009,7,2010,0,38,0,0,0,2,4,60,1,1,2,1,3,3,1,17,1,1,1,88,0,0
18,180421,2,2,1,19,8,8,55,12,6,1,0,18,1,63,38,63038,4,2011,KNAFU4A28B54,K,N,A,F,U,4,A,2,8,B,5,4,0,P,KIA,FEX,4D,11,17,2707,,0,1043,,G,,F,4,122,,,15R195,,,,,,0,0,000000000,00000000000,0,0,0,1,0,0,0,0,0,0,0,998,0,0,0,61,61,6,2,12,0,0,0,1,18,46366,6,1,0,0,3,1,70,215,0,0,0,0,0,0,0,0,0,0,38,0,0,0,1,2,55,1,1,2,1,3,3,1,17,1,1,1,89,1,0
18,180422,1,2,2,21,8,21,11,12,6,1,0,18,2,49,40,49040,4,1993,4T1SK12E4PU2,4,T,1,S,K,1,2,E,4,P,U,2,0,P,TOYT,CLE,4D,93,17,3053,,0,1031,,G,,F,4,132,,,000000,,,,,,0,0,000000000,00000000000,0,0,0,1,0,0,0,0,0,0,0,998,0,0,0,3,3,4,1,12,0,0,0,1,18,47374,6,1,0,0,3,1,72,160,0,0,0,0,0,0,0,0,0,0,38,0,0,0,1,4,55,1,1,2,1,0,0,11,15,1,1,1,82,0,0
18,180422,2,2,1,21,8,21,11,12,6,1,0,18,1,76,705,76705,80,2009,JYAVM01E09A1,J,Y,A,V,M,0,1,E,0,9,A,1,0,M,YAMA,VS6,RS,9,17,,,,,,,649,,2,,4,474,,,,,,,0,0,000000000,00000000000,0,0,0,1,0,0,0,0,0,0,0,998,0,0,0,12,12,6,2,12,0,0,0,1,18,47374,6,1,0,0,3,0,65,135,0,0,0,0,1,8,2009,8,2009,0,0,0,0,0,1,4,55,1,1,2,1,0,0,1,17,98,1,1,83,1,0
18,180423,1,1,1,12,8,22,5,34,0,1,0,21,1,72,706,72706,80,2008,1HD1FC4198Y7,1,H,D,1,F,C,4,1,9,8,Y,7,0,M,HD,FLU,RS,8,17,,,,,,,1584,,2,,4,851,,,,,,,0,0,000000000,00000000000,0,0,0,1,0,0,0,0,0,0,0,998,0,0,0,12,12,6,2,32,0,0,0,1,21,40228,6,1,0,0,3,0,70,275,0,0,0,0,0,0,0,0,0,0,0,0,0,0,1,2,30,1,1,2,1,0,0,1,13,1,1,4,1,1,0
18,180424,1,2,1,17,8,16,45,12,6,1,0,18,2,2,404,2404,14,1996,1J4GZ58Y6TC3,1,J,4,G,Z,5,8,Y,6,T,C,3,0,T,JEEP,LRO,4W,96,17,,1,0,1059,GCK,G,,,8,318,,,,,3686,00,E,44,0,0,000000000,00000000000,0,0,0,1,0,0,0,0,0,0,0,998,0,0,0,12,12,6,2,12,0,0,0,1,18,46580,6,1,0,0,3,0,67,164,0,0,0,0,0,0,0,0,0,0,0,0,0,0,1,2,55,1,1,2,1,0,0,1,62,1,1,1,65,0,1
18,180424,2,2,2,17,8,16,45,12,6,1,0,18,2,20,16,20016,2,2000,1G1JC1247Y73,1,G,1,J,C,1,2,4,7,Y,7,3,0,P,CHEV,CAV,CP,0,17,2617,,0,1041,,G,,F,4,133,,,14R195,,,,,,0,0,000000000,00000000000,0,0,0,1,0,0,0,0,0,0,0,998,0,0,0,3,81,6,2,12,0,0,0,1,18,46975,6,1,0,0,3,0,67,135,0,0,0,0,0,0,0,0,0,0,58,8,28,0,1,2,55,1,1,2,1,0,0,1,10,6,4,2,64,2,0
18,180425,1,1,1,23,8,21,53,42,0,1,0,18,1,20,36,20036,2,1995,2G1WX12X0S93,2,G,1,W,X,1,2,X,0,S,9,3,0,P,CHEV,MZ3,CP,95,17,3451,,0,1075,,G,,F,6,207,,,16R225,,,,,,0,0,000000000,00000000000,0,0,0,1,0,0,0,0,0,0,0,998,0,0,0,12,12,6,2,42,0,0,0,1,18,47032,6,1,0,0,3,0,65,125,0,0,0,0,0,0,0,0,0,1,8,58,28,0,1,2,40,1,1,2,1,0,0,1,12,6,1,4,6,1,0
18,180426,1,2,1,13,8,22,1,12,2,1,0,18,1,72,709,72709,80,1986,1HD4CAM43GY1,1,H,D,4,C,A,M,4,3,G,Y,1,0,M,HD,XL8,RS,86,17,,,,,,,883,,2,,4,466,,,,,,,0,0,000000000,00000000000,0,0,0,1,0,0,0,0,0,0,0,998,0,0,0,12,12,6,2,12,0,0,0,1,18,47112,1,1,0,0,2,0,75,180,0,1,0,0,1,10,2010,10,2010,0,28,0,0,0,1,2,45,1,1,2,1,0,0,1,10,1,1,2,50,1,1
18,180426,2,2,1,13,8,22,1,12,2,1,0,18,1,58,37,58037,4,2007,JNKBV61F17M8,J,N,K,B,V,6,1,F,1,7,M,8,0,P,INFI,AWD,4D,7,17,3587,,0,1122,,G,,F,6,214,,,17R225,,,,,,0,0,000000000,00000000000,0,0,0,1,0,0,0,0,0,0,0,998,0,0,0,12,12,6,2,12,0,0,0,1,18,47112,6,1,0,0,3,0,65,125,0,0,0,0,1,8,2008,8,2008,0,0,0,0,0,1,2,45,1,1,2,1,0,0,1,62,1,1,1,51,0,0
18,180427,1,1,1,16,8,18,55,33,0,1,0,18,1,55,401,55401,14,2002,999999999999,9,9,9,9,9,9,9,9,9,9,9,9,0,,,,,,,,,,,,,,,,,,,,,,,,,0,0,000000000,00000000000,0,0,0,1,0,0,0,0,0,0,0,998,0,0,0,14,12,6,2,42,0,0,0,1,18,46201,6,1,0,0,3,0,66,166,0,0,0,1,0,10,2008,10,2008,0,28,0,0,0,1,2,35,1,1,2,1,0,0,1,12,1,1,4,6,1,0
18,180428,1,2,1,22,8,22,55,12,1,1,0,18,1,22,22,22022,2,2008,1G1AK18F1871,1,G,1,A,K,1,8,F,1,8,7,1,0,P,CHEV,BLS,CP,8,17,2991,,0,1033,,G,,F,4,134,,,15R195,,,,,,0,0,000000000,00000000000,0,0,0,1,0,0,0,0,0,0,0,998,0,0,0,12,12,6,2,12,0,0,0,1,18,46304,6,1,6,0,3,2,74,260,0,0,0,0,0,0,0,0,0,1,74,0,0,0,2,3,45,1,1,2,1,65,3,1,52,1,1,1,28,1,0
18,180428,2,2,1,22,8,22,55,12,1,1,0,18,3,87,881,87881,66,2012,1XPVDP9X9CD1,1,X,P,V,D,P,9,X,9,C,D,1,1,T,PTRB,384,TR,12,17,,8,0,0,CON,D,,,6,787,,,,,00000,00,,64,1,57,1402444,571402444,3,6,2,1,0,0,0,0,0,0,0,998,0,0,0,6,6,0,1,12,0,0,0,1,18,46368,6,1,6,1,3,0,75,225,0,0,0,0,0,0,0,0,0,0,0,0,0,0,2,3,45,1,1,2,1,65,3,2,53,1,1,1,29,0,0
18,180429,1,1,1,28,8,0,45,30,0,1,0,18,1,7,471,7471,30,1992,1B7KM26C2NS6,1,B,7,K,M,2,6,C,2,N,S,6,0,T,DODG,W20,PK,92,17,,2,0,1310,W20,D,,,6,359,,,,C,4406,01,A,44,0,0,000000000,00000000000,0,0,0,1,0,0,0,0,0,0,0,998,0,1,5,12,12,6,2,30,0,0,0,1,18,46580,6,1,0,0,3,0,67,125,0,0,0,0,1,5,2010,5,2010,0,0,0,0,0,1,2,55,1,1,2,1,0,0,1,13,1,1,4,1,1,1
18,180430,1,2,1,23,8,6,15,12,2,1,0,18,2,63,401,63401,14,2002,KNDJA7234251,K,N,D,J,A,7,2,3,4,2,5,1,0,P,KIA,SPO,UT,2,17,3352,,0,1043,,G,,F,4,122,,,15R205,,,,,,0,0,000000000,00000000000,0,0,0,1,0,0,0,0,0,0,0,998,0,0,0,12,12,6,2,12,0,0,0,1,18,47802,6,1,0,0,3,2,74,185,0,0,0,1,1,1,2011,1,2011,0,28,74,0,0,1,2,55,1,1,2,1,0,0,1,10,1,1,2,50,0,1
18,180430,2,2,1,23,8,6,15,12,2,1,0,18,1,22,16,22016,2,2002,1G2JB12F3273,1,G,2,J,B,1,2,F,3,2,7,3,0,P,PONT,SFS,CP,2,17,2606,,0,1041,,G,,F,4,134,,,14R195,,,,,,0,0,000000000,00000000000,0,0,0,1,0,0,0,0,0,0,0,998,0,0,0,12,12,6,2,12,0,0,0,1,18,46058,6,1,0,0,3,0,68,200,0,0,0,0,0,0,0,0,0,0,0,0,0,0,1,2,55,1,1,2,1,0,0,1,62,1,1,1,51,1,0
18,180431,1,1,1,28,8,23,53,24,0,1,0,18,2,72,706,72706,80,2003,1HD1GDV4X3K3,1,H,D,1,G,D,V,4,X,3,K,3,0,M,HD,ADL,RS,3,17,,,,,,,1450,,2,,4,612,,,,,,,0,0,000000000,00000000000,0,0,0,1,0,0,0,0,0,0,0,998,0,0,0,12,12,6,2,24,0,0,0,1,18,47802,6,1,0,0,2,0,71,150,0,0,0,0,0,0,0,0,0,0,0,0,0,0,1,2,30,2,1,2,1,0,0,14,13,1,1,4,1,1,0
18,180432,1,1,1,26,8,1,15,34,0,1,0,18,2,20,36,20036,2,2002,2G1WX15K0293,2,G,1,W,X,1,5,K,0,2,9,3,0,P,CHEV,MSS,CP,2,17,3395,,0,1105,,G,,F,6,231,,,16R225,,,,,,0,0,000000000,00000000000,0,0,0,1,0,0,0,0,0,0,0,998,0,1,5,14,98,6,2,30,0,0,0,1,18,47336,6,1,0,0,3,0,68,140,0,0,0,0,0,0,0,0,0,0,8,28,0,0,1,2,55,1,1,2,1,0,0,1,12,1,1,4,6,1,1
18,180433,1,1,1,30,8,2,10,30,0,1,0,18,2,37,705,37705,80,2006,JH2PC35036M7,J,H,2,P,C,3,5,0,3,6,M,7,0,M,HOND,CF4,RC,6,17,,,,,,,599,,4,,4,370,,,,,,,0,0,000000000,00000000000,0,0,0,1,0,0,0,0,0,0,0,998,0,0,0,12,12,6,2,30,0,0,0,1,18,47468,1,1,0,0,2,2,71,150,0,6,0,1,4,10,2008,2,2011,1,8,28,74,0,1,2,40,2,2,2,1,0,0,14,12,1,1,4,6,1,0
18,180434,1,1,1,27,8,22,31,42,0,1,0,18,2,2,403,2403,14,1995,1J4FY29S4SP2,1,J,4,F,Y,2,9,S,4,S,P,2,0,T,JEEP,WSE,2W,95,17,,1,0,934,W/Y,G,,,6,242,,,,,2861,00,A,44,0,0,000000000,00000000000,0,0,0,1,0,0,0,0,0,0,0,998,0,1,6,9,98,6,2,42,0,0,0,1,18,47232,6,1,0,0,3,0,73,175,0,2,0,2,0,10,2008,12,2010,0,0,0,0,0,1,2,55,1,1,2,1,0,0,1,12,1,1,4,6,1,1
18,180435,1,2,2,28,8,19,50,1,0,1,0,17,1,20,22,20022,4,2007,1G1AK55F7772,1,G,1,A,K,5,5,F,7,7,7,2,0,P,CHEV,BLS,4D,7,17,3216,,0,1033,,G,,F,4,134,,,15R195,,,,,,0,0,000000000,00000000000,0,0,0,1,0,0,0,0,0,0,0,998,0,0,0,14,14,4,3,12,0,0,0,1,17,60707,6,1,0,0,3,1,66,160,0,0,0,0,0,0,0,0,0,0,28,0,0,0,1,2,35,1,2,2,1,0,0,1,10,1,1,2,98,0,0
18,180435,2,2,1,28,8,19,50,1,0,1,0,18,1,72,706,72706,80,2005,1HD1GNW195K3,1,H,D,1,G,N,W,1,9,5,K,3,0,M,HD,DLI,RS,5,17,,,,,,,1450,,2,,4,623,,,,,,,0,0,000000000,00000000000,0,0,0,1,0,0,0,0,0,0,0,998,0,0,0,0,98,6,2,12,0,0,0,1,18,46307,6,1,0,0,3,0,74,190,0,0,0,0,0,0,0,0,0,0,0,0,0,0,1,2,35,1,2,2,1,0,0,2,62,98,2,1,98,1,1
18,180436,1,2,1,10,8,21,49,12,1,1,0,18,1,14,6,14006,4,1994,2MELM75W8RX6,2,M,E,L,M,7,5,W,8,R,X,6,0,P,MERC,MGL,4D,94,17,3796,,0,1144,,G,,F,8,281,,,15R215,,,,,,0,0,000000000,00000000000,0,0,0,1,0,0,0,0,0,0,0,998,0,0,0,12,12,6,2,12,32,0,0,1,18,46366,6,1,0,0,3,1,62,135,0,0,0,0,0,0,0,0,0,0,27,0,0,0,1,2,55,1,1,2,1,0,0,15,11,1,1,1,32,1,0
18,180436,2,2,1,10,8,21,49,12,1,1,0,99,9,23,481,23481,31,1992,1GDKC34F8NJ5,1,G,D,K,C,3,4,F,8,N,J,5,0,T,GMC,3HD,CB,92,17,,4,1835,1355,SIE,D,,,8,397,,,,,5126,02,A,42,0,0,000000000,00000000000,0,0,0,1,0,0,0,0,0,0,0,0,0,0,0,6,6,6,2,12,0,0,0,1,99,99999,9,9,99,9,9,9,999,999,99,99,99,99,99,99,9999,99,9999,0,0,0,0,0,1,2,55,1,1,2,1,0,0,2,61,1,1,1,32,0,0
18,180437,1,2,1,11,8,10,59,12,6,1,0,18,1,37,471,37471,30,2007,2HJYK16577H5,2,H,J,Y,K,1,6,5,7,7,H,5,0,T,HOND,RTL,PK,7,17,,2,0,1220,RID,G,,,6,214,,,,,4537,00,S,44,0,0,000000000,00000000000,0,0,0,1,0,0,0,0,0,0,0,998,0,0,0,12,12,6,2,12,0,0,0,1,18,46074,6,1,0,0,3,1,74,200,0,0,0,0,0,0,0,0,0,0,0,0,0,0,1,2,60,1,1,2,1,0,0,1,66,1,1,1,88,0,0