STATE,ST_CASE,VEH_NO,VE_FORMS,NUMOCCS,DAY,MONTH,HOUR,MINUTE,HARM_EV,MAN_COLL,UNITTYPE,HIT_RUN,REG_STAT,OWNER,MAKE,MODEL,MAK_MOD,BODY_TYP,MOD_YEAR,VIN,VIN_1,VIN_2,VIN_3,VIN_4,VIN_5,VIN_6,VIN_7,VIN_8,VIN_9,VIN_10,VIN_11,VIN_12,TOW_VEH,VINTYPE,VINMAKE,VINA_MOD,VIN_BT,VINMODYR,VIN_LNGT,VIN_WGT,WGTCD_TR,WHLBS_LG,WHLBS_SH,SER_TR,FUELCODE,MCYCL_DS,CARBUR,CYLINDER,DISPLACE,MCYCL_CY,MCYCL_WT,TIRE_SZE,TON_RAT,TRK_WT,TRKWTVAR,VIN_REST,WHLDRWHL,J_KNIFE,MCARR_I1,MCARR_I2,MCARR_ID,GVWR,V_CONFIG,CARGO_BT,HAZ_INV,HAZ_PLAC,HAZ_ID,HAZ_CNO,HAZ_REL,BUS_USE,SPEC_USE,EMER_USE,TRAV_SP,UNDERIDE,ROLLOVER,ROLINLOC,IMPACT1,IMPACT2,DEFORMED,TOWED,M_HARM,VEH_SC1,VEH_SC2,FIRE_EXP,DR_PRES,L_STATE,DR_ZIP,L_STATUS,L_TYPE,CDL_STAT,L_ENDORS,L_COMPL,L_RESTRI,DR_HGT,DR_WGT,PREV_ACC,PREV_SUS,PREV_DWI,PREV_SPD,PREV_OTH,FIRST_MO,FIRST_YR,LAST_MO,LAST_YR,SPEEDREL,DR_SF1,DR_SF2,DR_SF3,DR_SF4,VTRAFWAY,VNUM_LAN,VSPD_LIM,VALIGN,VPROFILE,VPAVETYP,VSURCOND,VTRAFCON,VTCONT_F,P_CRASH1,P_CRASH2,P_CRASH3,PCRASH4,PCRASH5,ACC_TYPE,DEATHS,DR_DRINK
18,180437,2,2,1,11,8,10,59,12,6,1,0,18,1,12,23,12023,4,2007,3FAHP07Z37R2,3,F,A,H,P,0,7,Z,3,7,R,2,0,P,FORD,F/E,4D,7,17,3101,,0,1074,,G,,F,4,140,,,16R205,,,,,,0,0,000000000,00000000000,0,0,0,1,0,0,0,0,0,0,0,998,0,0,0,9,9,6,2,12,0,0,0,1,18,46574,6,1,0,0,3,0,67,125,0,0,0,0,0,0,0,0,0,0,38,0,0,0,1,2,60,1,1,2,1,20,3,1,17,1,1,1,89,1,0
18,180439,1,1,1,1,9,23,44,8,0,1,0,18,2,12,16,12016,4,2010,2FABP7BY0AX1,2,F,A,B,P,7,B,Y,0,A,X,1,0,P,FORD,,,10,17,,,,,,,,,,,,,,,,,,,0,0,000000000,00000000000,0,0,0,1,0,0,0,0,0,0,0,998,0,0,0,12,14,6,9,8,0,0,0,1,18,47201,6,1,0,0,3,0,67,145,0,0,0,0,0,0,0,0,0,0,0,0,0,0,5,2,55,1,1,2,1,0,0,1,80,1,1,1,13,0,0
18,180440,1,1,2,30,8,21,43,1,0,1,0,18,2,20,401,20401,14,2005,1GNDT13S4522,1,G,N,D,T,1,3,S,4,5,2,2,0,P,CHEV,TRL,UT,5,17,4612,,0,1130,,G,,F,6,256,,,16R245,,,,,,0,0,000000000,00000000000,0,0,0,1,0,0,0,0,0,0,0,60,0,2,5,0,98,6,2,1,0,0,0,1,18,46202,0,0,0,0,0,0,999,999,0,0,0,0,0,0,0,0,0,1,28,35,0,0,1,2,35,1,1,2,1,0,0,6,12,1,1,4,6,2,0
18,180441,1,2,1,1,9,21,55,12,6,1,0,21,1,13,5,13005,4,1995,1LNLM97V4SY7,1,L,N,L,M,9,7,V,4,S,Y,7,0,P,LINC,CON,4D,95,17,3972,,0,1090,,G,,F,8,281,,,16R225,,,,,,0,0,000000000,00000000000,0,0,0,1,0,0,0,0,0,0,0,998,0,0,0,9,61,6,2,12,0,0,0,1,21,42240,6,1,6,0,3,0,73,190,0,0,0,0,0,0,0,0,0,0,38,0,0,0,1,2,55,1,2,2,1,20,3,11,15,1,1,1,82,1,1
18,180441,2,2,1,1,9,21,55,12,6,1,0,18,2,7,20,7020,4,2001,1B3ES46C11D2,1,B,3,E,S,4,6,C,1,1,D,2,0,P,DODG,NSS,4D,1,17,2585,,0,1050,,G,,F,4,122,,,14R185,,,,,,0,0,000000000,00000000000,0,0,0,1,0,0,0,0,0,0,0,998,0,0,0,12,12,6,2,12,0,0,0,1,21,40228,6,1,0,0,3,0,64,160,0,0,0,0,0,0,0,0,0,0,0,0,0,0,1,2,55,1,2,2,1,0,0,1,17,4,1,1,83,0,1
18,180442,1,2,1,2,9,22,0,12,2,1,0,12,2,76,705,76705,80,1997,JYA5AHE01VA0,J,Y,A,5,A,H,E,0,1,V,A,0,0,M,YAMA,YZF,RC,97,17,,,,,,,599,,4,,4,999,,,,,,,0,0,000000000,00000000000,0,0,0,1,0,0,0,0,0,0,0,998,0,0,0,12,12,6,2,12,0,0,0,1,18,46241,1,1,0,0,2,2,69,145,2,9,0,3,0,3,2009,8,2011,1,8,37,74,50,3,3,65,1,1,2,1,0,0,1,54,1,1,1,52,1,0
18,180442,2,2,1,2,9,22,0,12,2,1,0,18,1,20,481,20481,31,2000,1GCEK19T5YE4,1,G,C,E,K,1,9,T,5,Y,E,4,0,T,CHEV,SK1,3C,0,17,,2,1575,1435,SIL,G,,,8,325,,,,B,4621,02,,44,0,0,000000000,00000000000,0,0,0,1,0,0,0,0,0,0,0,998,0,0,0,12,12,6,2,12,0,0,0,1,18,46120,6,1,0,0,3,0,69,200,0,0,0,0,0,0,0,0,0,0,0,0,0,0,3,3,65,1,1,2,1,0,0,1,54,9,1,1,52,0,0
18,180443,1,2,1,24,8,17,7,12,6,1,0,18,1,72,706,72706,80,2003,1HD1CAP163K4,1,H,D,1,C,A,P,1,6,3,K,4,0,M,HD,L12,RS,3,17,,,,,,,1200,,2,,4,491,,,,,,,0,0,000000000,00000000000,0,0,0,1,0,0,0,0,0,0,0,998,0,0,0,12,12,6,2,12,0,0,0,1,18,46142,6,1,0,0,3,2,69,200,0,0,0,0,1,5,2010,5,2010,0,74,0,0,0,1,2,30,1,1,2,1,0,0,1,66,1,1,1,86,1,0
18,180443,2,2,1,24,8,17,7,12,6,1,0,18,2,55,402,55402,14,2005,KM8JN72D25U0,K,M,8,J,N,7,2,D,2,5,U,0,0,P,HYUN,TUC,UT,5,17,3425,,0,1035,,G,,F,6,162,,,16R235,,,,,,0,0,000000000,00000000000,0,0,0,1,0,0,0,0,0,0,0,998,0,0,0,3,3,0,1,12,0,0,0,1,18,46203,6,1,0,0,3,1,71,180,0,0,0,0,0,0,0,0,0,0,38,0,0,0,1,2,30,1,1,2,1,20,3,1,17,1,1,1,87,0,0
18,180444,1,1,1,4,9,22,32,35,0,1,0,18,1,49,471,49471,30,1994,4TARN81A6RZ1,4,T,A,R,N,8,1,A,6,R,Z,1,0,T,TOYT,USS,PK,94,17,,1,0,1030,UHT,G,,,4,144,,,,B,2690,00,A,42,0,0,000000000,00000000000,0,0,0,1,0,0,0,0,0,0,0,998,0,1,5,83,83,6,2,1,0,0,0,1,18,47446,6,1,0,0,3,1,73,262,0,0,0,0,0,0,0,0,0,0,0,0,0,0,1,2,35,1,2,2,1,0,0,1,13,1,2,4,2,1,0
18,180445,1,2,1,5,9,20,12,12,6,1,0,18,1,7,482,7482,31,2004,1D7HU18D54S5,1,D,7,H,U,1,8,D,5,4,S,5,0,T,DODG,SQ1,CW,4,17,,2,1605,1405,RPC,G,,,8,345,,,,B,5043,02,E,44,0,0,000000000,00000000000,0,0,0,1,0,0,0,0,0,0,0,998,0,0,0,12,12,6,2,12,0,0,0,1,18,46041,6,2,0,0,3,0,75,215,0,0,0,0,0,0,0,0,0,0,38,39,0,0,1,2,50,1,1,2,1,20,3,1,17,1,1,1,86,0,0
18,180445,2,2,1,5,9,20,12,12,6,1,0,18,2,20,471,20471,30,1999,1GCCS1448X81,1,G,C,C,S,1,4,4,8,X,8,1,0,T,CHEV,S14,PK,99,17,,1,1179,1083,S,G,,,4,133,,,,B,3015,01,,42,0,0,000000000,00000000000,0,0,0,1,0,0,0,0,0,0,0,998,0,1,5,3,3,6,2,12,0,0,0,1,18,46901,6,1,0,0,3,1,73,258,0,0,0,0,0,0,0,0,0,0,0,0,0,0,1,2,50,1,1,2,1,0,0,1,66,1,1,1,87,1,0
18,180446,1,1,4,5,9,12,30,5,0,1,0,18,2,86,882,86882,63,2001,1M2K185C21M0,1,M,2,K,1,8,5,C,2,1,M,0,0,T,MACK,MR6,TB,1,17,,8,0,0,600,D,,,6,728,,,,,00000,00,,64,0,57,722226,57722226,3,1,7,1,0,0,0,0,0,0,0,998,0,0,0,0,0,0,1,5,0,0,0,1,39,45331,6,1,6,0,3,0,72,155,0,0,0,1,0,9,2010,9,2010,0,0,0,0,0,1,2,55,1,2,2,1,0,0,1,98,1,1,1,0,1,0
18,180447,1,1,1,27,8,13,25,34,0,1,0,18,1,20,22,20022,4,2005,1G1AL54F5575,1,G,1,A,L,5,4,F,5,5,7,5,0,P,CHEV,BLS,4D,5,17,3216,,0,1033,,G,,F,4,134,,,15R195,,,,,,0,0,000000000,00000000000,0,0,0,1,0,0,0,0,0,0,0,45,0,0,0,14,14,6,2,34,0,0,0,1,18,46222,6,1,0,0,3,2,68,190,0,0,0,0,0,0,0,0,0,0,74,0,0,0,1,2,45,3,1,1,1,0,0,14,13,1,1,4,1,1,0
18,180448,1,2,2,2,9,15,27,12,6,1,0,18,2,20,443,20443,20,2000,1GNDX03E9YD2,1,G,N,D,X,0,3,E,9,Y,D,2,0,T,CHEV,VTR,ES,0,17,,1,0,1200,VTR,G,,,6,207,,,,,3838,00,,42,0,0,000000000,00000000000,0,0,0,1,0,0,0,0,0,0,0,998,0,0,0,9,61,6,2,12,0,0,0,1,18,46406,1,1,0,0,2,0,64,140,1,1,0,0,0,12,2008,12,2008,0,39,92,0,0,4,3,25,1,1,2,1,3,3,1,17,1,1,1,89,1,1
18,180448,2,2,1,2,9,15,27,12,6,1,0,18,2,12,13,12013,2,1999,3FAKP1138XR1,3,F,A,K,P,1,1,3,8,X,R,1,0,P,FORD,ZCH,CP,99,17,2478,,0,984,,G,,F,4,121,,,14R185,,,,,,0,0,000000000,00000000000,0,0,0,1,0,0,0,0,0,0,0,998,0,0,0,12,12,6,2,12,0,0,0,1,18,46402,6,1,0,0,3,0,68,135,0,0,0,0,0,0,0,0,0,0,92,0,0,0,1,4,30,1,1,2,1,3,3,1,17,4,1,1,88,0,0
18,180449,1,1,1,3,9,12,25,18,0,1,0,18,2,76,701,76701,81,2009,LPRSA20A59A8,L,P,R,S,A,2,0,A,5,9,A,8,0,M,YAMA,Y50,MS,9,17,,,,,,,49,,1,,4,198,,,,,,,0,0,000000000,00000000000,0,0,0,1,0,0,0,0,0,0,0,998,0,0,0,12,12,6,2,17,0,0,0,1,18,46220,1,1,0,0,2,2,70,200,0,1,0,1,0,7,2009,3,2011,0,8,74,0,0,1,2,30,1,3,2,1,0,0,1,13,1,1,4,1,1,1
18,180450,1,1,1,28,7,23,30,5,0,1,0,18,1,72,706,72706,80,2006,1HD1CGP396K4,1,H,D,1,C,G,P,3,9,6,K,4,0,M,HD,20C,RS,6,17,,,,,,,1200,,2,,4,554,,,,,,,0,0,000000000,00000000000,0,0,0,1,0,0,0,0,0,0,0,998,0,0,0,0,0,6,2,5,0,0,0,1,18,47126,6,1,0,0,2,0,69,140,0,0,1,0,2,10,2009,4,2011,1,35,8,0,0,3,3,70,1,1,2,1,0,0,1,98,1,1,1,0,1,1
18,180451,1,1,4,3,9,11,22,10,0,1,0,18,2,22,20,22020,4,2004,2G2WP5220411,2,G,2,W,P,5,2,2,0,4,1,1,0,P,PONT,GPG,4D,4,17,3477,,0,1105,,G,,F,6,231,,,16R225,,,,,,0,0,000000000,00000000000,0,0,0,1,0,0,0,0,0,0,0,998,0,0,0,3,3,6,2,10,0,0,0,1,18,47359,6,1,0,0,3,1,69,185,0,0,0,0,0,0,0,0,0,0,39,0,0,0,1,2,30,1,1,2,1,65,3,1,91,1,1,1,15,2,0
18,180452,1,3,1,7,9,9,14,12,1,1,0,18,1,72,706,72706,80,2008,1HD1KB44X8Y6,1,H,D,1,K,B,4,4,X,8,Y,6,0,M,HD,FHA,RS,8,17,,,,,,,1584,,2,,4,786,,,,,,,0,0,000000000,00000000000,0,0,0,1,0,0,0,0,0,0,0,998,0,0,0,12,12,6,2,12,0,0,0,1,18,46510,6,1,0,0,2,0,67,270,0,0,0,0,0,0,0,0,0,0,26,28,0,0,1,2,40,1,1,2,1,98,8,1,52,1,1,1,28,1,0
18,180452,2,3,1,7,9,9,14,12,1,1,0,18,1,49,472,49472,30,2003,5TEWN72N93Z1,5,T,E,W,N,7,2,N,9,3,Z,1,0,T,TOYT,XTR,PC,3,17,,1,0,1219,TAC,G,,,6,206,,,,B,3502,00,U,44,0,0,000000000,00000000000,0,0,0,1,0,0,0,0,0,0,0,998,0,0,0,6,6,0,1,12,0,0,0,1,18,46542,6,1,0,0,3,0,66,145,0,0,0,0,2,6,2009,6,2010,0,0,0,0,0,1,2,40,1,1,2,1,98,8,2,53,1,1,1,29,0,0
18,180452,3,3,1,7,9,9,14,12,1,1,0,18,1,20,471,20471,30,2003,1GCCS14X5382,1,G,C,C,S,1,4,X,5,3,8,2,0,T,CHEV,S14,PK,3,17,,1,0,1083,S,G,,,6,262,,,,B,3016,01,,42,0,0,000000000,00000000000,0,0,0,1,0,0,0,0,0,0,0,998,0,0,0,11,11,0,1,12,0,0,0,1,18,46563,6,1,0,0,3,2,70,195,0,0,0,0,0,0,0,0,0,0,74,0,0,0,1,2,40,1,1,2,1,98,8,1,62,1,1,1,98,0,0
18,180453,1,3,3,27,7,12,30,12,1,1,0,18,2,6,43,6043,4,2006,1C3EL46X56N1,1,C,3,E,L,4,6,X,5,6,N,1,0,P,CHRY,SEB,4D,6,17,3041,,0,1060,,G,,F,4,146,,,16R205,,,,,,0,0,000000000,00000000000,0,0,0,1,0,0,0,0,0,0,0,998,0,0,0,6,6,6,2,12,0,0,0,1,18,46229,6,1,0,0,3,0,64,175,0,0,0,0,0,0,0,0,0,0,0,0,0,0,3,3,55,1,1,1,1,0,0,16,10,1,1,1,32,0,0
18,180453,2,3,3,27,7,12,30,12,1,1,0,18,1,20,16,20016,2,2001,1G1JC1246172,1,G,1,J,C,1,2,4,6,1,7,2,0,P,CHEV,CAV,CP,1,17,2617,,0,1041,,G,,F,4,133,,,14R195,,,,,,0,0,000000000,00000000000,0,0,0,1,0,0,0,0,0,0,0,998,0,0,0,12,12,6,2,12,0,0,0,1,18,46219,6,1,0,0,3,1,67,130,0,0,0,0,0,0,0,0,0,0,38,0,0,0,3,3,55,1,1,1,1,0,0,16,60,1,1,1,32,1,0
18,180453,3,3,1,27,7,12,30,12,1,1,0,18,3,84,881,84881,66,2002,2HSCNAER62C0,2,H,S,C,N,A,E,R,6,2,C,0,1,T,INTL,94I,TR,2,17,,8,0,0,940,D,,,6,855,,,,,00000,00,,64,1,57,1012761,571012761,3,6,8,1,0,0,0,0,0,0,0,998,0,0,0,1,12,6,2,12,0,0,0,1,18,46173,6,1,6,1,3,0,65,130,0,0,0,0,0,0,0,0,0,0,0,0,0,0,3,3,55,1,1,1,1,0,0,1,52,1,1,1,98,0,0
18,180454,1,1,1,31,8,2,57,32,0,1,0,18,2,20,471,20471,30,2000,1GCCT19W9Y82,1,G,C,C,T,1,9,W,9,Y,8,2,0,T,CHEV,S14,PC,0,17,,1,0,1229,S,G,,,6,262,,,,B,3660,01,,44,0,0,000000000,00000000000,0,0,0,1,0,0,0,0,0,0,0,998,0,1,5,12,81,6,2,1,0,0,0,1,18,46229,6,1,0,0,3,0,68,165,0,0,0,0,0,0,0,0,0,0,0,0,0,0,1,2,35,1,1,2,1,0,0,1,13,1,1,4,1,1,0
18,180455,1,1,2,5,9,0,11,30,0,1,0,18,2,37,31,37031,2,1995,1HGEJ2228SL0,1,H,G,E,J,2,2,2,8,S,L,0,0,P,HOND,CID,CP,95,17,2168,,0,1032,,G,,F,4,091,,,13R175,,,,,,0,0,000000000,00000000000,0,0,0,1,0,0,0,0,0,0,0,998,0,0,0,9,61,6,2,30,0,0,0,1,18,46222,0,0,0,0,0,0,999,999,99,99,99,99,99,99,9999,99,9999,1,37,0,0,0,2,4,35,1,1,2,1,0,0,1,8,1,3,4,2,1,0
18,180456,1,1,1,5,9,10,4,49,0,1,0,18,1,12,422,12422,15,1999,1FMPU18LXXLB,1,F,M,P,U,1,8,L,X,X,L,B,0,P,FORD,EPT,UT,99,17,5177,,0,1191,,G,,F,8,330,,,17R265,,,,,,0,0,000000000,00000000000,0,0,0,1,0,0,0,0,0,0,0,998,0,0,0,12,12,0,1,49,0,0,0,1,18,46507,6,1,0,0,3,0,61,160,0,0,0,0,0,0,0,0,0,0,0,0,0,0,1,2,55,1,2,2,1,0,0,1,83,1,1,1,13,0,0
18,180457,1,1,2,3,9,17,44,5,0,1,0,18,1,73,706,73706,80,1974,Z1F34260,Z,1,F,3,4,2,6,0,,,,,0,M,KAWK,90Z,RS,74,8,,,,,,,903,,4,,4,506,,,,,,,0,0,000000000,00000000000,0,0,0,1,0,0,0,0,0,0,0,998,0,0,0,0,0,6,2,5,0,0,0,1,18,46544,6,1,0,0,3,0,69,154,0,0,0,0,0,0,0,0,0,1,8,0,0,0,1,2,40,1,1,2,1,0,0,1,13,1,1,4,0,1,1
18,180458,1,2,1,2,9,2,30,12,1,1,0,18,1,53,706,53706,80,2005,JS1GT76A7521,J,S,1,G,T,7,6,A,7,5,2,1,0,M,SUZI,XR1,RC,5,17,,,,,,,999,,4,,4,365,,,,,,,0,0,000000000,00000000000,0,0,0,1,0,0,0,0,0,0,0,998,0,0,0,12,12,6,2,12,0,0,0,1,18,46356,6,1,0,0,2,2,64,140,0,1,0,1,2,9,2008,3,2009,0,26,74,0,0,3,2,70,1,1,2,1,0,0,1,51,1,1,1,32,1,0
18,180458,2,2,1,2,9,2,30,12,1,1,0,18,1,53,705,53705,80,2002,JS1GR7HA7221,J,S,1,G,R,7,H,A,7,2,2,1,0,M,SUZI,SX7,RC,2,17,,,,,,,749,,4,,4,365,,,,,,,0,0,000000000,00000000000,0,0,0,1,0,0,0,0,0,0,0,998,0,0,0,6,6,6,2,12,0,0,0,1,18,46356,6,1,6,0,3,0,68,150,0,0,0,0,0,0,0,0,0,0,0,0,0,0,3,2,70,1,1,2,1,0,0,1,53,1,1,1,32,0,1
18,180459,1,1,2,6,9,14,39,24,0,1,0,19,1,37,706,37706,80,2001,1HFSC47081A0,1,H,F,S,C,4,7,0,8,1,A,0,0,M,HOND,GL8,RS,1,17,,,,,,,1832,,6,,4,792,,,,,,,0,0,000000000,00000000000,0,0,0,1,0,0,0,0,0,0,0,998,0,0,0,12,61,6,2,25,0,0,0,1,19,50595,6,1,0,0,3,0,64,190,0,0,0,3,0,12,2008,5,2010,1,89,0,0,0,3,3,45,3,1,2,1,98,3,14,5,1,2,4,2,1,0
18,180460,1,2,1,12,8,12,33,12,7,1,0,18,1,98,701,98701,81,2008,LD5TCBPA5811,L,D,5,T,C,B,P,A,5,8,1,1,0,U,,,,8,17,,,,,,,,,,,,,,,,,,,0,0,000000000,00000000000,0,0,0,1,0,0,0,0,0,0,0,998,0,0,0,62,62,6,2,12,0,0,0,1,18,46901,6,1,0,0,3,0,73,188,0,0,0,0,0,0,0,0,0,0,28,0,0,0,2,2,30,1,1,2,1,0,0,1,10,1,1,2,45,1,0
18,180460,2,2,2,12,8,12,33,12,7,1,0,18,1,20,2,20002,4,2011,2G1WB5EK8B11,2,G,1,W,B,5,E,K,8,B,1,1,0,P,CHEV,IMT,4D,11,17,3555,,0,1105,,F,,F,6,214,,,17R225,,,,,,0,0,000000000,00000000000,0,0,0,1,0,0,0,0,0,0,0,998,0,0,0,83,83,0,1,12,0,0,0,1,18,46901,6,1,0,0,3,1,66,160,0,0,0,0,0,0,0,0,0,0,0,0,0,0,2,2,30,1,1,2,1,0,0,1,60,1,1,1,44,0,0
18,180461,1,2,1,27,7,21,16,12,2,1,0,29,1,55,33,55033,4,2011,5NPEC4AB7BH2,5,N,P,E,C,4,A,B,7,B,H,2,0,P,HYUN,SLI,4D,11,17,3338,,0,1100,,G,,T,4,121,,,17R215,,,,,,0,0,000000000,00000000000,0,0,0,1,0,0,0,0,0,0,0,998,0,1,1,12,12,6,2,12,0,0,0,1,29,65804,6,1,0,0,3,1,75,211,0,0,0,0,0,0,0,0,0,0,50,0,0,0,2,2,70,1,1,2,1,0,0,1,54,1,1,1,52,1,0
18,180461,2,2,1,27,7,21,16,12,2,1,0,17,3,84,881,84881,66,2002,2HSCAAMN62C0,2,H,S,C,A,A,M,N,6,2,C,0,2,T,INTL,91I,TR,2,17,,7,0,0,910,D,,,6,774,,,,,00000,00,,42,1,57,021800,57021800,3,7,1,1,0,0,0,0,0,0,0,998,0,0,0,12,12,6,2,12,0,0,0,1,18,47725,6,1,6,1,3,0,74,175,0,0,0,0,0,0,0,0,0,0,0,0,0,0,2,2,70,1,1,2,1,0,0,1,54,9,1,3,52,0,0
18,180462,1,2,1,8,9,15,28,12,2,1,0,18,2,12,17,12017,4,2004,1FAFP55U84A1,1,F,A,F,P,5,5,U,8,4,A,1,0,P,FORD,TSS,4D,4,17,3306,,0,1085,,G,,F,6,182,,,16R215,,,,,,0,0,000000000,00000000000,0,0,0,1,0,0,0,0,0,0,0,998,0,0,0,12,12,6,2,12,0,0,0,1,18,46783,6,1,0,0,3,0,70,160,0,0,0,0,0,0,0,0,0,0,28,0,0,0,1,2,30,3,3,1,2,28,3,14,8,1,1,2,50,1,0
18,180462,2,2,1,8,9,15,28,12,2,1,1,18,1,12,481,12481,31,1996,1FTHF25Y3TLA,1,F,T,H,F,2,5,Y,3,T,L,A,0,T,FORD,F25,PK,96,17,,2,0,1330,COF,G,,,6,300,,,,C,4775,00,A,42,0,0,000000000,00000000000,0,0,0,1,0,0,0,0,0,0,0,998,0,0,0,12,12,6,2,12,0,0,0,1,18,47401,6,1,0,0,3,1,73,220,0,0,0,0,0,0,0,0,0,0,0,0,0,0,1,2,30,2,3,1,2,28,3,14,62,1,1,1,51,0,0
18,180463,1,1,1,28,7,12,55,42,0,1,0,18,1,73,705,73705,80,1999,JKAZX4G10XA0,J,K,A,Z,X,4,G,1,0,X,A,0,0,M,KAWK,ZXG,RC,99,17,,,,,,,600,,4,,4,388,,,,,,,0,0,000000000,00000000000,0,0,0,1,0,0,0,0,0,0,0,998,0,0,0,12,12,6,2,42,0,0,0,1,18,46742,6,1,0,0,2,0,66,150,0,0,0,3,0,2,2009,7,2010,0,8,28,0,0,1,2,50,1,3,2,1,28,3,1,12,1,1,4,6,1,0
18,180464,1,2,1,11,9,0,18,12,2,1,0,18,1,20,9,20009,2,1970,124870N56243,1,2,4,8,7,0,N,5,6,2,4,3,0,P,CHEV,CAM,CP,70,13,3058,,0,1080,,G,,,8,,,,14E78,,,,,,0,0,000000000,00000000000,0,0,0,1,0,0,0,0,0,0,0,998,0,0,0,12,12,6,2,12,0,0,0,1,18,46928,6,1,0,0,3,0,68,185,0,0,0,0,0,0,0,0,0,0,28,0,0,0,1,2,55,1,1,2,1,0,0,1,10,1,1,2,50,1,1
18,180464,2,2,1,11,9,0,18,12,2,1,0,18,1,22,18,22018,4,2000,1G2NF52E8YC5,1,G,2,N,F,5,2,E,8,Y,C,5,0,P,PONT,SE1,4D,0,17,3116,,0,1070,,G,,F,6,207,,,15R215,,,,,,0,0,000000000,00000000000,0,0,0,1,0,0,0,0,0,0,0,998,0,0,0,12,12,6,2,12,0,0,0,1,18,46953,6,1,0,0,3,1,67,125,0,0,0,1,0,5,2009,5,2009,0,0,0,0,0,1,2,55,1,1,2,1,0,0,1,62,1,1,1,51,0,0
18,180465,1,2,1,19,8,13,20,12,6,1,0,17,3,51,881,51881,66,2001,4V4NC9GHX1N3,4,V,4,N,C,9,G,H,X,1,N,3,1,T,VOLV,VNL,TR,1,17,,8,0,0,VVN,D,,,6,732,,,,,00000,00,,64,1,57,1964925,571964925,3,6,1,1,0,0,0,0,0,0,0,998,0,0,0,12,12,6,2,2,0,0,1,1,17,60432,1,1,6,0,2,1,72,175,0,1,0,0,0,12,2009,12,2009,0,38,0,0,0,2,3,55,1,1,2,1,20,3,1,17,1,1,1,88,1,0
18,180465,2,2,1,19,8,13,20,12,6,1,0,18,3,51,881,51881,66,2005,4V4NC9GH65N3,4,V,4,N,C,9,G,H,6,5,N,3,1,T,VOLV,VNL,TR,5,17,,8,0,0,VVN,D,,,6,732,,,,,00000,00,,64,1,57,01383410,5701383410,3,6,8,1,0,0,0,0,0,0,0,998,0,0,0,61,61,6,2,12,0,0,1,1,18,46570,6,1,6,1,3,1,66,155,0,2,0,4,3,3,2009,7,2011,0,0,0,0,0,2,3,55,1,1,2,1,0,0,1,66,1,1,1,89,0,0
18,180466,1,2,2,2,8,5,37,8,0,1,0,18,1,37,31,37031,3,1990,JHMED8354LS0,J,H,M,E,D,8,3,5,4,L,S,0,0,P,HOND,CCD,2H,90,17,0,,0,906,,G,,F,4,091,,,13R175,,,,,,0,0,000000000,00000000000,0,0,0,1,0,0,0,0,0,0,0,0,0,0,0,3,3,6,2,12,0,0,0,1,18,47303,6,1,0,0,3,0,70,165,0,0,0,1,0,6,2010,6,2010,0,54,0,0,0,1,2,55,1,1,2,1,0,0,7,98,1,1,1,98,1,0
18,180466,2,2,1,2,8,5,37,8,0,1,0,18,1,20,471,20471,30,1996,1GCCS1942T81,1,G,C,C,S,1,9,4,2,T,8,1,0,T,CHEV,S14,PC,96,17,,1,0,1229,S,G,,,4,133,,,,B,3081,00,,42,0,0,000000000,00000000000,0,0,0,1,0,0,0,0,0,0,0,998,0,0,0,12,12,6,2,8,0,0,0,1,18,46554,6,1,0,0,3,0,62,100,0,0,0,0,0,0,0,0,0,0,0,0,0,0,1,2,55,1,1,2,1,0,0,1,80,1,1,1,13,0,0
18,180467,1,1,2,8,9,14,24,42,0,1,0,18,1,14,6,14006,4,2002,2MEFM75W22X6,2,M,E,F,M,7,5,W,2,2,X,6,0,P,MERC,MGL,4D,2,17,3970,,0,1147,,G,,F,8,281,,,16R225,,,,,,0,0,000000000,00000000000,0,0,0,1,0,0,0,0,0,0,0,998,0,0,0,12,12,6,2,42,0,0,0,1,18,47274,6,1,0,0,3,1,60,100,0,0,0,0,0,0,0,0,0,0,0,0,0,0,1,2,55,1,1,2,1,0,0,1,13,1,1,4,1,1,0
18,180468,1,1,1,12,9,18,49,8,0,1,0,18,1,12,444,12444,20,2010,NM0KS9BN2AT0,N,M,0,K,S,9,B,N,2,A,T,0,0,P,FORD,TRN,SV,10,17,3473,,0,1146,,G,,F,4,122,,,15R205,,,,,,0,0,000000000,00000000000,0,0,0,1,0,0,0,0,0,0,0,998,0,0,0,12,12,2,3,8,0,0,0,1,18,46077,6,1,0,0,3,1,74,265,0,0,0,0,0,0,0,0,0,0,0,0,0,0,1,2,40,1,1,2,1,0,0,1,80,1,1,1,13,0,0
18,180469,1,2,1,9,9,14,14,12,7,1,0,18,2,20,401,20401,14,1996,1GNDT13W9T22,1,G,N,D,T,1,3,W,9,T,2,2,0,P,CHEV,BZR,UT,96,17,4023,,0,1070,,G,,F,6,262,,,15R235,,,,,,0,0,000000000,00000000000,0,0,0,1,0,0,0,0,0,0,0,998,0,1,5,2,12,6,2,39,0,0,0,1,18,47462,0,0,0,0,0,0,72,190,0,3,1,2,5,5,2009,12,2009,1,8,0,0,0,2,2,55,1,2,2,1,0,0,15,11,1,1,2,44,1,0