STATE,ST_CASE,VEH_NO,VE_FORMS,NUMOCCS,DAY,MONTH,HOUR,MINUTE,HARM_EV,MAN_COLL,UNITTYPE,HIT_RUN,REG_STAT,OWNER,MAKE,MODEL,MAK_MOD,BODY_TYP,MOD_YEAR,VIN,VIN_1,VIN_2,VIN_3,VIN_4,VIN_5,VIN_6,VIN_7,VIN_8,VIN_9,VIN_10,VIN_11,VIN_12,TOW_VEH,VINTYPE,VINMAKE,VINA_MOD,VIN_BT,VINMODYR,VIN_LNGT,VIN_WGT,WGTCD_TR,WHLBS_LG,WHLBS_SH,SER_TR,FUELCODE,MCYCL_DS,CARBUR,CYLINDER,DISPLACE,MCYCL_CY,MCYCL_WT,TIRE_SZE,TON_RAT,TRK_WT,TRKWTVAR,VIN_REST,WHLDRWHL,J_KNIFE,MCARR_I1,MCARR_I2,MCARR_ID,GVWR,V_CONFIG,CARGO_BT,HAZ_INV,HAZ_PLAC,HAZ_ID,HAZ_CNO,HAZ_REL,BUS_USE,SPEC_USE,EMER_USE,TRAV_SP,UNDERIDE,ROLLOVER,ROLINLOC,IMPACT1,IMPACT2,DEFORMED,TOWED,M_HARM,VEH_SC1,VEH_SC2,FIRE_EXP,DR_PRES,L_STATE,DR_ZIP,L_STATUS,L_TYPE,CDL_STAT,L_ENDORS,L_COMPL,L_RESTRI,DR_HGT,DR_WGT,PREV_ACC,PREV_SUS,PREV_DWI,PREV_SPD,PREV_OTH,FIRST_MO,FIRST_YR,LAST_MO,LAST_YR,SPEEDREL,DR_SF1,DR_SF2,DR_SF3,DR_SF4,VTRAFWAY,VNUM_LAN,VSPD_LIM,VALIGN,VPROFILE,VPAVETYP,VSURCOND,VTRAFCON,VTCONT_F,P_CRASH1,P_CRASH2,P_CRASH3,PCRASH4,PCRASH5,ACC_TYPE,DEATHS,DR_DRINK
18,180469,2,2,4,9,9,14,14,12,7,1,0,18,2,55,35,55035,4,2001,KMHDN45D81U1,K,M,H,D,N,4,5,D,8,1,U,1,0,P,HYUN,EST,4D,1,17,2635,,0,1027,,G,,F,4,121,,,15R205,,,,,,0,0,000000000,00000000000,0,0,0,1,0,0,0,0,0,0,0,998,0,0,0,10,10,0,1,12,0,0,0,1,18,47446,6,1,6,0,3,2,71,204,0,0,0,0,0,0,0,0,0,0,74,0,0,0,2,2,55,1,2,2,1,0,0,1,61,1,1,1,45,0,0
18,180470,1,2,1,12,9,5,50,12,1,1,0,18,1,18,18,18018,2,1996,1G4NJ12M7TC4,1,G,4,N,J,1,2,M,7,T,C,4,0,P,BUIC,SLG,CP,96,17,2917,,0,1034,,G,,F,6,191,,,14R195,,,,,,0,0,000000000,00000000000,0,0,0,1,0,0,0,0,0,0,0,998,0,0,0,12,12,6,2,12,0,0,0,1,18,46394,6,1,0,0,3,0,74,185,0,0,0,0,0,0,0,0,0,0,26,27,0,0,5,3,40,1,1,1,1,1,3,15,52,1,1,1,28,1,0
18,180470,2,2,1,12,9,5,50,12,1,1,0,18,3,84,881,84881,66,1999,2HSFHAER7XC0,2,H,S,F,H,A,E,R,7,X,C,0,1,T,INTL,940,TR,99,17,,8,2340,1600,90S,D,,,6,855,,,,,00000,00,,64,1,57,235051,57235051,3,6,1,1,0,0,0,0,0,0,0,998,0,0,0,6,6,6,2,12,0,0,0,1,18,46203,6,1,6,0,3,0,66,160,0,0,0,0,0,0,0,0,0,0,0,0,0,0,5,3,40,1,1,1,1,1,3,2,53,1,1,1,29,0,0
18,180471,1,2,1,13,9,4,57,12,6,1,0,18,1,20,441,20441,20,1997,1GBDM19W9VB1,1,G,B,D,M,1,9,W,9,V,B,1,0,T,CHEV,AST,EC,97,17,,1,0,1110,AST,G,,,6,262,,,,B,00000,00,,42,0,0,000000000,00000000000,0,0,0,1,0,0,0,0,0,0,0,998,0,0,0,12,12,6,2,12,0,0,0,1,18,46218,6,1,6,0,3,0,74,240,0,0,0,0,1,5,2009,5,2009,0,0,0,0,0,5,2,45,1,1,1,1,0,0,1,66,1,1,1,88,0,0
18,180471,2,2,1,13,9,4,57,12,6,1,0,18,1,49,45,49045,4,2002,JTDBT1233202,J,T,D,B,T,1,2,3,3,2,0,2,0,P,TOYT,ECH,4D,2,17,2055,,0,934,,G,,F,4,091,,,14R175,,,,,,0,0,000000000,00000000000,0,0,0,1,0,0,0,0,0,0,0,998,0,0,0,9,9,6,2,12,0,0,0,1,18,46256,6,1,0,0,3,0,61,140,0,0,0,0,0,0,0,0,0,0,38,0,0,0,5,2,45,1,1,1,1,20,3,1,17,1,1,1,89,1,0
18,180472,1,2,1,10,9,20,13,12,6,1,0,18,1,41,50,41050,4,2005,1YVFP80C655M,1,Y,V,F,P,8,0,C,6,5,5,M,0,P,MAZD,M6I,4D,5,17,3102,,0,1053,,G,,F,4,138,,,16R205,,,,,,0,0,000000000,00000000000,0,0,0,1,0,0,0,0,0,0,0,998,0,0,0,12,12,6,2,12,0,0,0,1,18,46350,6,7,0,0,3,0,64,130,0,0,0,0,0,0,0,0,0,0,39,0,0,0,1,2,45,1,2,2,1,20,3,1,66,1,1,1,86,0,0
18,180472,2,2,4,10,9,20,13,12,6,1,0,17,2,7,28,7028,2,2011,2B3CJ4DG0BH5,2,B,3,C,J,4,D,G,0,B,H,5,0,P,DODG,CHL,CP,11,17,3720,,0,1160,,F,,F,6,220,,,18R235,,,,,,0,0,000000000,00000000000,0,0,0,1,0,0,0,0,0,0,0,998,0,1,5,3,3,6,2,12,0,0,0,1,18,46350,6,1,0,0,3,0,60,145,0,0,0,0,1,1,2011,1,2011,0,0,0,0,0,1,2,45,1,2,2,1,20,3,1,17,1,1,1,87,1,0
18,180473,1,2,1,13,9,13,45,12,1,1,0,18,1,37,709,37709,80,2008,JH2SC59018M0,J,H,2,S,C,5,9,0,1,8,M,0,0,M,HOND,CBS,RC,8,17,,,,,,,998,,4,,4,439,,,,,,,0,0,000000000,00000000000,0,0,0,1,0,0,0,0,0,0,0,998,0,0,0,12,12,6,2,12,0,0,0,1,18,46835,6,1,0,0,2,1,71,154,0,0,0,0,1,11,2010,11,2010,0,35,0,0,0,3,2,40,3,3,1,1,0,0,6,51,1,1,2,32,1,0
18,180473,2,2,2,13,9,13,45,12,1,1,0,18,1,21,21,21021,4,2003,1G3NL52E63C2,1,G,3,N,L,5,2,E,6,3,C,2,0,P,OLDS,A/G,4D,3,17,3016,,0,1070,,G,,F,6,207,,,15R215,,,,,,0,0,000000000,00000000000,0,0,0,1,0,0,0,0,0,0,0,998,0,0,0,6,6,2,3,12,0,0,0,1,18,46825,6,1,0,0,3,0,65,120,0,0,0,0,0,0,0,0,0,0,0,0,0,0,3,2,40,3,3,1,1,0,0,15,53,1,1,2,32,0,0
18,180474,1,1,1,18,8,20,41,42,0,1,0,18,2,12,422,12422,15,1998,1FMPU18L8WLB,1,F,M,P,U,1,8,L,8,W,L,B,0,P,FORD,EPT,UT,98,17,5177,,0,1190,,G,,F,8,330,,,16R255,,,,,,0,0,000000000,00000000000,0,0,0,1,0,0,0,0,0,0,0,998,0,0,0,12,12,6,2,2,0,0,1,1,18,46516,1,1,0,0,2,0,71,200,0,0,0,0,0,0,0,0,0,0,0,0,0,0,1,2,55,1,1,2,1,0,0,1,13,1,1,4,1,1,1
18,180476,1,1,1,13,9,23,28,34,0,1,0,18,2,37,31,37031,4,2011,19XFA1F57BE0,1,9,X,F,A,1,F,5,7,B,E,0,0,P,HOND,UCL,4D,11,17,2754,,0,1063,,G,,F,4,110,,,16R205,,,,,,0,0,000000000,00000000000,0,0,0,1,0,0,0,0,0,0,0,998,0,0,0,12,12,6,2,34,0,0,0,1,18,46360,6,1,0,0,3,2,72,250,0,4,1,1,5,9,2008,8,2010,0,28,74,0,0,1,2,55,3,2,2,1,0,0,14,12,1,1,4,6,1,0
18,180477,1,1,2,9,9,1,6,30,0,1,0,37,2,13,2,13002,4,1997,1LNLM92V0VY6,1,L,N,L,M,9,2,V,0,V,Y,6,0,P,LINC,ML8,CP,97,17,3785,,0,1130,,G,,F,8,281,,,16R225,,,,,,0,0,000000000,00000000000,0,0,0,1,0,0,0,0,0,0,0,998,0,0,0,3,3,6,2,30,0,0,0,1,37,28117,1,1,0,0,2,0,69,999,0,1,0,0,1,4,2009,4,2009,1,8,28,0,0,1,2,55,1,1,2,1,28,3,1,12,1,4,4,7,1,0
18,180478,1,1,4,10,9,4,9,14,0,1,0,18,2,12,401,12401,14,2003,1FMZU73K43ZB,1,F,M,Z,U,7,3,K,4,3,Z,B,0,P,FORD,EPR,UT,3,17,4094,,0,1137,,F,,F,6,245,,,16R235,,,,,,0,0,000000000,00000000000,0,0,0,1,0,0,0,0,0,0,0,998,0,0,0,12,12,6,2,14,0,0,0,1,18,46996,6,1,0,0,3,0,68,175,0,3,1,0,2,2,2010,3,2010,0,28,0,0,0,1,2,35,2,1,2,1,40,3,14,11,1,1,4,1,3,1
18,180479,1,2,1,10,9,16,49,12,2,1,0,18,1,50,709,50709,80,2010,SMTD02NE5AJ4,S,M,T,D,0,2,N,E,5,A,J,4,0,M,TRUM,STR,RC,10,17,,,,,,,675,,3,,4,416,,,,,,,0,0,000000000,00000000000,0,0,0,1,0,0,0,0,0,0,0,998,0,0,0,12,12,6,2,12,0,0,0,1,21,40204,6,1,0,0,3,0,71,160,0,0,0,0,0,0,0,0,0,1,28,0,0,0,1,2,40,2,1,2,1,28,3,14,10,1,1,2,50,1,1
18,180479,2,2,1,10,9,16,49,12,2,1,0,18,1,55,402,55402,14,2010,KM8JU3AC0AU0,K,M,8,J,U,3,A,C,0,A,U,0,0,P,HYUN,TUC,UT,10,17,3179,,0,1039,,G,,F,4,144,,,18R225,,,,,,0,0,000000000,00000000000,0,0,0,1,0,0,0,0,0,0,0,998,0,0,0,12,12,6,2,12,0,0,0,1,18,47407,6,1,0,0,3,1,71,200,0,0,0,0,0,0,0,0,0,0,0,0,0,0,1,2,40,3,1,2,1,28,3,14,62,1,1,1,51,0,0
18,180480,1,1,1,13,9,8,57,33,0,1,0,18,1,6,441,6441,20,2005,2C8GP64L95R1,2,C,8,G,P,6,4,L,9,5,R,1,0,T,CHRY,LMT,ES,5,17,,1,0,1193,TWC,G,,,6,230,,,,,4344,00,,42,0,0,000000000,00000000000,0,0,0,1,0,0,0,0,0,0,0,998,0,0,0,14,12,6,2,42,0,0,0,1,18,46182,6,1,0,0,3,1,72,220,0,0,0,0,0,0,0,0,0,0,28,0,0,0,1,2,30,1,1,2,1,0,0,1,12,1,1,4,6,1,0
18,180481,1,3,1,16,9,20,28,12,8,1,0,29,3,87,881,87881,66,2001,1XP7DB9X91D5,1,X,P,7,D,B,9,X,9,1,D,5,3,T,PTRB,387,TR,1,17,,8,0,0,CON,D,,,6,893,,,,,00000,00,,64,1,57,437506,57437506,3,8,1,1,0,0,0,0,0,0,0,998,0,0,0,81,81,0,1,12,0,0,0,1,29,65781,6,1,6,1,3,0,70,180,0,0,0,0,0,0,0,0,0,0,28,0,0,0,1,2,55,1,1,2,1,0,0,1,11,1,1,2,66,0,0
18,180481,2,3,5,16,9,20,28,12,8,1,0,18,2,13,1,13001,4,2004,1LNHM83W34Y6,1,L,N,H,M,8,3,W,3,4,Y,6,0,P,LINC,UTC,4D,4,17,4413,,0,1177,,G,,F,8,281,,,17R225,,,,,,0,0,000000000,00000000000,0,0,0,1,0,0,0,0,0,0,0,998,0,0,0,11,81,6,2,12,0,0,0,1,18,46516,6,1,0,0,3,1,71,202,0,0,0,0,0,0,0,0,0,0,0,0,0,0,1,2,55,1,1,2,1,0,0,1,63,1,1,1,66,3,0
18,180481,3,3,1,16,9,20,28,12,8,1,0,29,1,12,481,12481,31,2001,1FTRW08L61KF,1,F,T,R,W,0,8,L,6,1,K,F,0,T,FORD,F1S,CW,1,17,,2,0,1388,COF,G,,,8,330,,,,B,4914,01,E,44,0,0,000000000,00000000000,0,0,0,1,0,0,0,0,0,0,0,998,0,0,0,12,12,6,2,12,0,0,0,1,29,65721,6,1,0,0,3,0,63,150,1,0,0,0,1,12,2009,12,2009,0,0,0,0,0,1,2,55,1,1,2,1,0,0,1,63,1,1,1,98,0,0
18,180482,1,2,3,6,9,19,0,12,6,1,0,18,2,12,17,12017,4,2001,1FAFP55U71A2,1,F,A,F,P,5,5,U,7,1,A,2,0,P,FORD,TSS,4D,1,17,3343,,0,1085,,G,,F,6,182,,,16R215,,,,,,0,0,000000000,00000000000,0,0,0,1,0,0,0,0,0,0,0,998,0,0,0,9,9,6,2,12,0,0,0,1,18,47807,6,7,0,0,3,2,66,135,0,0,0,0,0,0,0,0,0,0,74,38,0,0,1,2,40,1,1,2,1,20,3,1,17,1,1,1,89,1,0
18,180482,2,2,1,6,9,19,0,12,6,1,0,18,1,24,401,24401,14,2002,5GZCZ63B72S8,5,G,Z,C,Z,6,3,B,7,2,S,8,0,P,STRN,VUE,UT,2,17,3491,,0,1066,,G,,F,6,181,,,16R235,,,,,,0,0,000000000,00000000000,0,0,0,1,0,0,0,0,0,0,0,998,0,0,0,12,12,6,2,12,0,0,0,1,18,47858,6,1,0,0,3,2,62,165,0,0,0,0,0,0,0,0,0,0,74,0,0,0,1,2,40,1,1,2,1,0,0,1,66,1,1,1,88,0,0
18,180483,1,1,1,16,9,19,40,26,0,1,0,18,1,52,40,52040,4,2001,6MMAP67P01T0,6,M,M,A,P,6,7,P,0,1,T,0,0,P,MITS,DLS,4D,1,17,3549,,0,1071,,G,,F,6,213,,,16R205,,,,,,0,0,000000000,00000000000,0,0,0,1,0,0,0,0,0,0,0,998,0,1,5,14,98,6,2,1,0,0,0,1,18,47630,1,1,0,0,2,2,71,135,0,2,0,1,0,8,2010,8,2011,0,74,0,0,0,3,3,45,1,1,1,1,0,0,1,12,1,1,4,6,1,0
18,180484,1,2,1,17,9,16,9,12,2,1,0,18,1,37,31,37031,4,2003,1HGES16503L0,1,H,G,E,S,1,6,5,0,3,L,0,0,P,HOND,UCL,4D,3,17,2513,,0,1031,,G,,F,4,102,,,14R185,,,,,,0,0,000000000,00000000000,0,0,0,1,0,0,0,0,0,0,0,998,0,0,0,12,12,6,2,12,0,0,0,1,18,46131,6,1,0,0,3,1,66,195,0,0,0,0,0,0,0,0,0,0,0,0,0,0,1,2,50,2,2,2,1,28,3,14,62,1,1,1,51,0,0
18,180484,2,2,1,17,9,16,9,12,2,1,0,17,1,37,706,37706,80,2003,1HFSC52013A0,1,H,F,S,C,5,2,0,1,3,A,0,0,M,HOND,V13,RS,3,17,,,,,,,1312,,2,,4,677,,,,,,,0,0,000000000,00000000000,0,0,0,1,0,0,0,0,0,0,0,998,0,0,0,12,12,6,2,12,0,0,0,1,17,60659,6,1,0,0,3,0,68,185,0,0,0,0,0,0,0,0,0,1,28,0,0,0,1,2,50,3,2,2,1,0,0,14,10,3,1,2,50,1,0
18,180485,1,2,1,16,9,12,9,12,6,1,0,18,1,20,401,20401,14,1998,1GNDT13W8W21,1,G,N,D,T,1,3,W,8,W,2,1,0,P,CHEV,BZR,UT,98,17,4046,,0,1070,,G,,F,6,262,,,15R235,,,,,,0,0,000000000,00000000000,0,0,0,1,0,0,0,0,0,0,0,998,0,1,6,1,1,6,2,12,0,0,0,1,18,46385,6,1,5,0,3,1,75,250,0,0,0,0,0,0,0,0,0,0,38,0,0,0,2,2,35,1,1,2,1,20,3,1,17,1,1,1,88,1,0
18,180485,2,2,1,16,9,12,9,12,6,1,0,17,1,20,23,20023,6,2009,3GNCA23B19S5,3,G,N,C,A,2,3,B,1,9,S,5,0,P,CHEV,HHR,UT,9,17,3208,,0,1035,,F,,F,4,134,,,16R215,,,,,,0,0,000000000,00000000000,0,0,0,1,0,0,0,0,0,0,0,998,0,0,0,11,11,6,2,12,0,0,0,1,17,60629,2,1,0,0,2,1,69,170,0,1,0,0,0,4,2010,4,2010,0,0,0,0,0,2,2,35,1,1,2,1,0,0,1,66,7,1,1,89,0,1
18,180486,1,1,1,11,9,18,46,8,0,1,0,18,2,2,404,2404,14,1998,1J4GZ58S0WC1,1,J,4,G,Z,5,8,S,0,W,C,1,0,T,JEEP,LRT,4W,98,17,,1,0,1059,GCK,G,,,6,242,,,,,3708,01,E,44,0,0,000000000,00000000000,0,0,0,1,0,0,0,0,0,0,0,998,0,0,0,11,11,4,3,8,0,0,0,1,18,46237,6,1,0,0,3,0,68,120,1,0,0,0,0,7,2011,7,2011,0,0,0,0,0,1,2,20,3,1,2,1,0,0,14,80,1,1,1,13,0,0
18,180487,1,1,1,16,9,7,51,1,0,1,0,18,2,7,472,7472,30,1992,1B7FL26X2NS6,1,B,7,F,L,2,6,X,2,N,S,6,0,T,DODG,DAK,PK,92,17,,1,1239,1119,DAK,G,,,6,239,,,,B,2890,01,A,42,0,0,000000000,00000000000,0,0,0,1,0,0,0,0,0,0,0,998,0,1,5,0,98,6,2,1,0,0,0,1,18,47030,6,1,0,0,3,1,65,130,0,0,0,0,0,0,0,0,0,0,28,58,0,0,1,2,55,1,1,2,1,0,0,1,13,8,3,4,2,1,0
18,180488,1,1,1,19,9,18,52,34,0,1,0,18,1,14,17,14017,6,1998,1MEFM55U4WA6,1,M,E,F,M,5,5,U,4,W,A,6,0,P,MERC,SLS,SW,98,17,3462,,0,1085,,G,,F,6,182,,,15R205,,,,,,0,0,000000000,00000000000,0,0,0,1,0,0,0,0,0,0,0,998,0,0,0,14,12,4,3,42,0,0,0,1,18,46321,6,1,0,0,3,1,69,165,0,0,0,0,0,0,0,0,0,0,0,0,0,0,6,1,25,2,2,1,1,0,0,14,13,1,1,4,1,1,0
18,180489,1,2,1,20,9,13,45,12,6,1,0,18,3,12,881,12881,61,2006,1FDWF36536EA,1,F,D,W,F,3,6,5,3,6,E,A,0,T,FORD,F3D,CB,6,17,,3,1650,1410,DRW,G,,,8,329,,,,D,5657,00,U,42,0,57,1227840,571227840,2,1,3,1,0,0,0,0,0,0,0,998,0,0,0,3,3,0,1,12,0,0,0,1,26,49120,6,1,0,0,3,0,71,240,0,0,0,0,0,0,0,0,0,0,0,0,0,0,5,2,45,1,1,2,1,1,3,11,15,1,1,2,68,0,0
18,180489,2,2,1,20,9,13,45,12,6,1,0,18,1,72,706,72706,80,1997,1HD1CGP13VY2,1,H,D,1,C,G,P,1,3,V,Y,2,0,M,HD,20C,RS,97,17,,,,,,,1200,,2,,4,483,,,,,,,0,0,000000000,00000000000,0,0,0,1,0,0,0,0,0,0,0,998,0,0,0,12,12,6,2,12,0,0,0,1,18,46561,6,1,0,0,2,0,71,220,0,0,0,0,0,0,0,0,0,1,0,0,0,0,5,2,45,1,1,2,1,1,3,1,67,1,1,1,69,1,0
18,180490,1,1,1,18,9,20,54,23,0,1,0,18,1,6,52,6052,6,2002,3C4FY48B82T2,3,C,4,F,Y,4,8,B,8,2,T,2,0,P,CHRY,PTC,SV,2,17,3037,,0,1033,,G,,F,4,148,,,15R195,,,,,,0,0,000000000,00000000000,0,0,0,1,0,0,0,0,0,0,0,998,0,1,6,12,98,6,2,35,0,0,0,1,18,47970,6,1,0,0,3,1,70,220,1,1,0,1,0,12,2008,3,2011,0,87,0,0,0,1,2,55,1,1,2,2,0,0,1,13,1,1,4,1,1,0
18,180491,1,2,1,15,7,12,52,12,1,1,0,18,1,12,481,12481,31,1997,1FTHX26F1VEA,1,F,T,H,X,2,6,F,1,V,E,A,0,T,FORD,F25,PC,97,17,,2,1550,1390,COF,D,,,8,444,,,,C,5236,00,A,44,0,0,000000000,00000000000,0,0,0,1,0,0,0,0,0,0,0,998,0,0,0,6,6,6,2,12,0,0,0,1,18,46347,6,1,6,0,3,0,70,230,0,0,0,0,0,0,0,0,0,0,0,0,0,0,1,2,45,1,1,2,1,0,0,2,18,1,1,1,29,1,0
18,180491,2,2,1,15,7,12,52,12,1,1,0,18,1,12,401,12401,14,1998,1FMZU34E8WZB,1,F,M,Z,U,3,4,E,8,W,Z,B,0,P,FORD,EPR,UT,98,17,4146,,0,1115,,G,,F,6,245,,,15R225,,,,,,0,0,000000000,00000000000,0,0,0,1,0,0,0,0,0,0,0,998,0,0,0,12,12,6,2,12,0,0,0,1,18,46356,6,1,0,0,3,0,74,235,1,2,0,0,0,10,2008,6,2011,0,26,0,0,0,1,2,45,1,1,2,1,0,0,1,51,1,1,1,28,0,0
18,180492,1,2,1,17,9,12,44,12,6,1,0,18,3,20,2,20002,4,2010,2G1WD5EM6A11,2,G,1,W,D,5,E,M,6,A,1,1,0,P,CHEV,I/P,4D,10,17,0,,0,1105,,F,,F,6,238,,,16R225,,,,,,0,0,000000000,00000000000,0,0,0,1,0,0,0,0,0,5,1,998,0,0,0,12,12,6,2,12,0,0,0,1,18,47591,6,1,0,0,3,1,71,170,0,0,0,0,0,0,0,0,0,0,8,16,0,0,1,2,30,1,1,2,1,20,3,1,17,1,1,1,88,0,0
18,180492,2,2,5,17,9,12,44,12,6,1,0,18,2,7,442,7442,20,1999,2B4GP44G2XR2,2,B,4,G,P,4,4,G,2,X,R,2,0,T,DODG,GSS,ES,99,17,,1,0,1193,CAR,F,,,6,201,,,,,3856,00,E,42,0,0,000000000,00000000000,0,0,0,1,0,0,0,0,0,0,0,998,0,0,0,63,63,6,2,12,0,0,0,1,18,47512,1,1,0,0,2,2,61,152,0,2,0,0,1,8,2009,8,2009,0,74,0,0,0,1,2,30,1,1,2,1,0,0,1,17,1,1,1,89,1,0
18,180494,1,1,1,21,9,23,35,19,0,1,0,18,1,98,709,98709,80,2000,999999999999,9,9,9,9,9,9,9,9,9,9,9,9,0,,,,,,,,,,,,,,,,,,,,,,,,,0,0,000000000,00000000000,0,0,0,1,0,0,0,0,0,0,0,998,0,0,0,12,12,6,2,19,0,0,0,1,18,46992,6,1,0,0,3,0,66,150,0,0,0,0,0,0,0,0,0,1,8,0,0,0,1,4,30,3,2,2,1,0,0,14,13,1,1,4,1,1,0
18,180495,1,1,2,24,9,23,9,33,0,1,0,18,1,2,405,2405,14,2003,1J4GL48K23W5,1,J,4,G,L,4,8,K,2,3,W,5,0,T,JEEP,LSF,4W,3,17,,1,0,1043,LIB,G,,,6,226,,,,,3655,02,E,44,0,0,000000000,00000000000,0,0,0,1,0,0,0,0,0,0,0,998,0,1,5,14,98,6,2,1,0,0,0,1,18,46517,1,1,0,0,2,2,65,175,1,3,0,0,0,12,2008,7,2011,1,8,87,74,0,2,2,35,2,1,2,2,0,0,14,6,1,3,4,2,1,1
18,180496,1,2,2,25,9,5,41,12,2,1,0,18,2,20,16,20016,2,1997,1G1JF12T9V72,1,G,1,J,F,1,2,T,9,V,7,2,0,P,CHEV,CZ2,CP,97,17,2749,,0,1041,,G,,F,4,146,,,16R205,,,,,,0,0,000000000,00000000000,0,0,0,1,0,0,0,0,0,0,0,998,0,0,0,12,12,6,2,2,0,0,1,1,18,46947,6,1,0,0,3,1,61,106,0,0,0,0,0,0,0,0,0,9,28,0,0,0,1,2,55,2,2,2,2,0,0,14,10,1,1,2,50,2,0
18,180496,2,2,1,25,9,5,41,12,2,1,0,18,2,59,31,59031,4,2004,JTHBA30G2450,J,T,H,B,A,3,0,G,2,4,5,0,0,P,LEXS,E33,4D,4,17,3460,,0,1071,,G,,F,6,201,,,16R215,,,,,,0,0,000000000,00000000000,0,0,0,1,0,0,0,0,0,0,0,998,0,0,0,12,12,6,2,12,0,0,0,1,18,46530,6,1,0,0,3,0,78,245,0,0,0,1,0,3,2010,3,2010,0,0,0,0,0,1,2,55,3,2,2,2,0,0,14,62,7,1,1,51,0,0
18,180497,1,1,1,9,9,5,49,11,0,1,0,0,0,98,701,98701,81,9999,999999999999,9,9,9,9,9,9,9,9,9,9,9,9,0,,,,,,,,,,,,,,,,,,,,,,,,,0,0,000000000,00000000000,0,0,0,1,0,0,0,0,0,0,0,998,0,0,0,12,12,6,2,11,0,0,0,1,18,46787,1,1,0,0,1,0,71,145,0,2,0,1,0,11,2008,5,2011,0,83,0,0,0,1,2,55,1,2,2,2,0,0,1,87,1,1,1,13,1,1
18,180498,1,2,1,2,9,18,30,12,2,1,0,18,1,22,18,22018,4,1996,1G2NE52T0TC7,1,G,2,N,E,5,2,T,0,T,C,7,0,P,PONT,GAS,4D,96,17,2719,,0,1034,,G,,F,4,146,,,14R195,,,,,,0,0,000000000,00000000000,0,0,0,1,0,0,0,0,0,0,0,998,0,0,0,12,12,6,2,12,0,0,1,1,18,47304,6,1,0,0,3,0,68,120,1,1,0,1,0,2,2009,6,2010,1,8,28,37,0,1,2,55,1,1,2,1,0,0,1,10,1,1,2,50,1,0
18,180498,2,2,1,2,9,18,30,12,2,1,0,18,3,82,881,82881,66,2009,1FUJGLDRX9LA,1,F,U,J,G,L,D,R,X,9,L,A,0,T,FRHT,125,TR,9,17,,8,0,0,CSC,D,,,6,903,,,,,00000,00,,64,0,57,402124,57402124,3,5,96,1,0,0,0,0,0,0,0,0,0,0,0,12,12,4,3,12,0,0,0,1,18,47304,6,1,6,0,3,0,71,235,0,1,0,0,1,9,2008,9,2009,0,0,0,0,0,1,2,55,1,1,2,1,0,0,2,62,9,1,1,51,0,0
18,180499,1,2,1,21,9,17,35,12,1,1,0,18,1,72,706,72706,80,2000,1HD1GDV13YY3,1,H,D,1,G,D,V,1,3,Y,Y,3,0,M,HD,FDL,RS,0,17,,,,,,,1450,,2,,4,614,,,,,,,0,0,000000000,00000000000,0,0,0,1,0,0,0,0,0,0,0,998,0,0,0,12,12,6,2,12,0,0,0,1,18,46530,6,1,0,0,3,1,69,150,0,0,0,0,0,0,0,0,0,0,26,0,0,0,5,2,50,1,1,2,1,0,0,1,52,1,1,1,28,1,0
18,180499,2,2,2,21,9,17,35,12,1,1,0,8,1,59,401,59401,14,1999,JT6GF10U3X00,J,T,6,G,F,1,0,U,3,X,0,0,0,P,LEXS,RX3,UT,99,17,3692,,0,1031,,G,,F,6,183,,,16R225,,,,,,0,0,000000000,00000000000,0,0,0,1,0,0,0,0,0,0,0,998,0,0,0,6,6,4,1,12,0,0,0,1,8,80303,6,1,0,0,3,0,72,165,0,0,0,0,0,0,0,0,0,0,0,0,0,0,5,2,50,1,1,2,1,0,0,2,53,1,1,1,29,0,0
18,180500,1,2,1,26,9,8,25,12,2,1,0,18,2,6,54,6054,6,2004,2C8GF68464R3,2,C,8,G,F,6,8,4,6,4,R,3,0,P,CHRY,PIF,UT,4,17,4546,,0,1163,,G,,F,6,214,,,17R235,,,,,,0,0,000000000,00000000000,0,0,0,1,0,0,0,0,0,0,0,998,0,0,0,12,12,6,2,12,0,0,0,1,18,46544,6,1,0,0,3,1,61,210,0,0,0,0,0,0,0,0,0,0,28,0,0,0,5,3,45,1,1,1,2,0,0,1,10,1,1,2,50,1,0
18,180500,2,2,1,26,9,8,25,12,2,1,0,18,3,84,981,84981,50,2004,1HVBBAAN04H6,1,H,V,B,B,A,A,N,0,4,H,6,0,T,INTL,380,BU,4,17,,7,2760,1520,30S,D,,,6,466,,,,,00000,00,,42,0,88,888888888,88888888888,3,21,22,1,0,0,0,0,1,0,0,998,0,0,0,12,12,6,2,12,0,0,0,1,18,46561,6,1,6,1,3,1,62,129,0,0,0,0,0,0,0,0,0,0,0,0,0,0,5,3,45,1,1,1,2,0,0,1,62,1,1,1,51,0,0
18,180501,1,1,1,21,9,23,50,8,0,1,0,39,3,82,881,82881,66,1995,1FUYDSYB8SH6,1,F,U,Y,D,S,Y,B,8,S,H,6,1,T,FRHT,FLD,TR,95,17,,8,0,0,CON,D,,,6,893,,,,,00000,00,,64,1,57,00640473,5700640473,3,6,1,1,0,0,0,0,0,0,0,998,0,0,0,12,12,6,2,8,0,0,0,1,39,45203,6,1,6,0,3,0,74,220,2,0,1,0,2,3,2009,4,2011,0,0,0,0,0,3,3,55,1,1,1,1,0,0,1,13,1,1,4,13,0,0