STATE,ST_CASE,VEH_NO,VE_FORMS,NUMOCCS,DAY,MONTH,HOUR,MINUTE,HARM_EV,MAN_COLL,UNITTYPE,HIT_RUN,REG_STAT,OWNER,MAKE,MODEL,MAK_MOD,BODY_TYP,MOD_YEAR,VIN,VIN_1,VIN_2,VIN_3,VIN_4,VIN_5,VIN_6,VIN_7,VIN_8,VIN_9,VIN_10,VIN_11,VIN_12,TOW_VEH,VINTYPE,VINMAKE,VINA_MOD,VIN_BT,VINMODYR,VIN_LNGT,VIN_WGT,WGTCD_TR,WHLBS_LG,WHLBS_SH,SER_TR,FUELCODE,MCYCL_DS,CARBUR,CYLINDER,DISPLACE,MCYCL_CY,MCYCL_WT,TIRE_SZE,TON_RAT,TRK_WT,TRKWTVAR,VIN_REST,WHLDRWHL,J_KNIFE,MCARR_I1,MCARR_I2,MCARR_ID,GVWR,V_CONFIG,CARGO_BT,HAZ_INV,HAZ_PLAC,HAZ_ID,HAZ_CNO,HAZ_REL,BUS_USE,SPEC_USE,EMER_USE,TRAV_SP,UNDERIDE,ROLLOVER,ROLINLOC,IMPACT1,IMPACT2,DEFORMED,TOWED,M_HARM,VEH_SC1,VEH_SC2,FIRE_EXP,DR_PRES,L_STATE,DR_ZIP,L_STATUS,L_TYPE,CDL_STAT,L_ENDORS,L_COMPL,L_RESTRI,DR_HGT,DR_WGT,PREV_ACC,PREV_SUS,PREV_DWI,PREV_SPD,PREV_OTH,FIRST_MO,FIRST_YR,LAST_MO,LAST_YR,SPEEDREL,DR_SF1,DR_SF2,DR_SF3,DR_SF4,VTRAFWAY,VNUM_LAN,VSPD_LIM,VALIGN,VPROFILE,VPAVETYP,VSURCOND,VTRAFCON,VTCONT_F,P_CRASH1,P_CRASH2,P_CRASH3,PCRASH4,PCRASH5,ACC_TYPE,DEATHS,DR_DRINK
18,180502,1,2,1,10,8,17,46,12,6,1,0,18,1,53,705,53705,80,2006,JS1GN79A9621,J,S,1,G,N,7,9,A,9,6,2,1,0,M,SUZI,GX6,RC,6,17,,,,,,,600,,4,,4,458,,,,,,,0,0,000000000,00000000000,0,0,0,1,0,0,0,0,0,0,0,998,0,0,0,12,12,6,2,12,0,0,0,1,18,46074,6,1,0,0,2,0,68,196,0,0,0,1,1,2,2010,2,2010,1,0,0,0,0,2,3,30,1,1,2,1,98,3,1,66,1,1,1,88,1,1
18,180502,2,2,2,10,8,17,46,12,6,1,0,18,2,22,441,22441,20,2000,1GMDX03E0YD2,1,G,M,D,X,0,3,E,0,Y,D,2,0,T,PONT,MON,ES,0,17,,1,0,1200,MON,G,,,6,207,,,,B,3942,00,K,42,0,0,000000000,00000000000,0,0,0,1,0,0,0,0,0,0,0,998,0,0,0,9,9,6,2,12,0,0,0,1,18,46254,6,1,0,0,3,1,65,165,0,1,0,1,0,3,2010,3,2010,0,38,0,0,0,2,3,30,1,1,2,1,98,3,1,17,1,1,1,89,0,0
18,180503,1,1,1,22,9,15,37,30,0,1,0,18,2,20,9,20009,2,2000,2G1FP22K9Y21,2,G,1,F,P,2,2,K,9,Y,2,1,0,P,CHEV,CAM,CP,0,17,3306,,0,1011,,G,,F,6,231,,,16R215,,,,,,0,0,000000000,00000000000,0,0,0,1,0,0,0,0,0,0,0,998,0,0,0,9,9,6,2,30,0,0,0,1,18,47112,6,7,0,0,3,1,62,125,0,1,0,0,1,9,2008,9,2008,0,0,0,0,0,1,2,40,3,1,2,1,0,0,14,12,1,1,4,6,1,0
18,180504,1,1,1,26,9,7,29,5,0,1,0,18,2,12,401,12401,14,1994,1FMDU34X7RUD,1,F,M,D,U,3,4,X,7,R,U,D,0,P,FORD,EPR,UT,94,17,4053,,0,1120,,G,,F,6,245,,,15R225,,,,,,0,0,000000000,00000000000,0,0,0,1,0,0,0,0,0,0,0,998,0,0,0,0,12,6,2,5,0,0,0,1,18,47601,6,1,0,0,3,0,70,170,0,0,0,0,0,0,0,0,0,0,0,0,0,0,1,2,40,3,3,2,1,0,0,14,98,1,1,1,0,1,0
18,180505,1,2,1,27,9,13,27,12,2,1,0,18,1,20,9,20009,2,1994,2G1FP22S0R21,2,G,1,F,P,2,2,S,0,R,2,1,0,P,CHEV,CAM,CP,94,17,3247,,0,1011,,G,,F,6,207,,,16R215,,,,,,0,0,000000000,00000000000,0,0,0,1,0,0,0,0,0,0,0,998,0,0,0,12,12,6,2,12,0,0,0,1,18,47598,6,1,0,0,3,0,73,205,0,0,0,1,0,2,2011,2,2011,0,0,0,0,0,1,2,30,1,3,2,1,0,0,1,62,1,1,1,51,1,0
18,180505,2,2,4,27,9,13,27,12,2,1,0,18,2,12,401,12401,14,1991,1FMCU24X7MUD,1,F,M,C,U,2,4,X,7,M,U,D,0,P,FORD,EPR,UT,91,17,0,,0,1020,,G,,F,6,245,,,15R225,,,,,,0,0,000000000,00000000000,0,0,0,1,0,0,0,0,0,0,0,998,0,0,0,12,12,6,2,2,0,0,1,1,18,47649,6,1,0,0,3,2,69,150,0,1,0,0,0,11,2009,11,2009,1,28,74,92,0,1,2,30,1,3,2,1,0,0,1,10,1,1,2,50,1,0
18,180506,1,1,1,19,8,20,4,1,0,1,0,18,2,37,705,37705,80,1986,JH2RC2106GM2,J,H,2,R,C,2,1,0,6,G,M,2,0,M,HOND,F70,RS,86,17,,,,,,,700,,4,,4,503,,,,,,,0,0,000000000,00000000000,0,0,0,1,0,0,0,0,0,0,0,998,0,0,0,0,98,4,3,38,0,0,0,1,18,47331,6,1,0,0,3,0,68,180,0,0,0,0,0,0,0,0,0,0,28,0,0,0,1,2,55,2,1,2,1,0,0,14,12,98,1,4,6,1,1
18,180508,1,1,1,28,9,4,23,34,0,1,0,18,1,37,31,37031,2,1994,1HGEJ1127RL0,1,H,G,E,J,1,1,2,7,R,L,0,0,P,HOND,CEX,CP,94,17,2371,,0,1032,,G,,F,4,097,,,14R185,,,,,,0,0,000000000,00000000000,0,0,0,1,0,0,0,0,0,0,0,998,0,1,5,14,98,6,2,34,0,0,0,1,18,47331,6,1,0,0,3,2,69,150,0,0,0,1,1,7,2009,3,2010,0,74,0,0,0,1,2,55,1,2,2,1,0,0,1,12,1,1,4,6,1,0
18,180509,1,2,1,2,8,18,31,12,6,1,0,18,1,72,706,72706,80,1987,1HD1BKL18HY0,1,H,D,1,B,K,L,1,8,H,Y,0,0,M,HD,XTC,RS,87,17,,,,,,,1340,,2,,4,618,,,,,,,0,0,000000000,00000000000,0,0,0,1,0,0,0,0,0,0,0,998,0,0,0,12,12,6,2,12,0,0,0,1,18,46214,6,1,0,0,3,0,76,240,0,0,0,0,0,0,0,0,0,0,0,0,0,0,5,2,40,1,1,2,1,1,3,1,67,1,1,1,83,1,0
18,180509,2,2,1,2,8,18,31,12,6,1,0,18,1,49,403,49403,14,2005,JTEEP21A8500,J,T,E,E,P,2,1,A,8,5,0,0,0,P,TOYT,HIG,UT,5,17,3520,,0,1069,,G,,F,6,202,,,16R225,,,,,,0,0,000000000,00000000000,0,0,0,1,0,0,0,0,0,0,0,998,0,0,0,82,82,6,2,12,0,0,0,1,18,46254,6,1,0,0,3,0,73,235,0,0,0,0,0,0,0,0,0,0,38,0,0,0,5,2,40,1,1,2,1,1,3,11,15,1,1,2,82,0,0
18,180510,1,2,1,28,9,15,40,12,2,1,0,39,2,12,17,12017,4,2011,1FAHP2FW6BG1,1,F,A,H,P,2,F,W,6,B,G,1,0,P,FORD,TLT,4D,11,17,4015,,0,0,,G,,F,6,214,,,19R255,,,,,,0,0,000000000,00000000000,0,0,0,1,0,0,0,0,0,0,0,998,0,0,0,12,12,6,2,12,0,0,0,1,12,32224,6,1,0,0,3,0,73,999,0,0,0,0,0,0,0,0,0,0,28,0,0,0,1,2,55,1,1,2,2,0,0,1,10,1,1,2,50,1,0
18,180510,2,2,1,28,9,15,40,12,2,1,0,55,3,82,881,82881,66,2007,1FUJA6CV17LW,1,F,U,J,A,6,C,V,1,7,L,W,1,T,FRHT,COL,TR,7,17,,8,0,0,CON,D,,,6,782,,,,,00000,00,,64,1,57,46473,5746473,3,6,1,1,0,0,0,0,0,0,0,998,0,0,0,12,12,6,2,12,0,0,0,1,55,54521,6,1,6,0,3,0,72,260,0,0,0,0,1,7,2010,7,2010,0,0,0,0,0,1,2,55,1,1,2,2,0,0,1,62,6,1,2,51,0,0
18,180511,1,1,1,30,9,16,25,49,0,1,0,18,1,22,441,22441,20,2003,1GMDX13E73D3,1,G,M,D,X,1,3,E,7,3,D,3,0,T,PONT,LUX,ES,3,17,,1,0,1210,MON,G,,,6,207,,,,B,3942,00,K,42,0,0,000000000,00000000000,0,0,0,1,0,0,0,0,0,0,0,998,0,0,0,12,12,6,2,49,0,0,0,1,18,46733,6,1,0,0,3,1,67,162,0,0,0,0,0,0,0,0,0,0,0,0,0,0,1,2,55,1,1,2,1,0,0,1,83,1,1,1,13,0,0
18,180512,1,2,2,2,10,15,49,12,6,1,0,18,2,35,42,35042,4,1992,JN1FU21P6NT4,J,N,1,F,U,2,1,P,6,N,T,4,0,P,NISS,STA,4D,92,17,2788,,0,1004,,G,,F,4,146,,,14R195,,,,,,0,0,000000000,00000000000,0,0,0,1,0,0,0,0,0,0,0,998,0,0,0,9,9,6,2,12,0,0,0,1,47,37658,6,1,0,0,3,1,63,104,0,0,0,0,0,0,0,0,0,0,38,0,0,0,1,2,55,1,1,2,1,0,0,11,15,1,1,2,82,1,0
18,180512,2,2,1,2,10,15,49,12,6,1,0,18,2,12,481,12481,31,2006,1FTRX14W76KC,1,F,T,R,X,1,4,W,7,6,K,C,0,T,FORD,F15,4C,6,17,,2,0,1450,COF,G,,,8,281,,,,B,4297,16,E,44,0,0,000000000,00000000000,0,0,0,1,0,0,0,0,0,0,0,998,0,0,0,12,12,6,2,12,0,0,0,1,17,60014,1,1,0,0,2,0,66,165,0,1,0,0,1,7,2009,8,2009,0,92,0,0,0,1,2,55,1,1,2,1,0,0,1,67,1,1,1,83,0,1
18,180513,1,1,1,18,9,12,50,1,0,1,0,18,1,72,706,72706,80,1992,1HD1CAP1XNY1,1,H,D,1,C,A,P,1,X,N,Y,1,0,M,HD,XL2,RS,92,17,,,,,,,1200,,2,,4,457,,,,,,,0,0,000000000,00000000000,0,0,0,1,0,0,0,0,0,0,0,998,0,0,0,0,81,6,2,52,0,0,0,1,18,47018,6,1,0,0,3,1,70,185,0,0,0,0,0,0,0,0,0,0,0,0,0,0,1,2,45,1,1,2,1,0,0,1,8,1,2,4,2,1,0
18,180514,1,1,2,2,8,13,1,21,0,1,0,18,1,20,16,20016,2,1994,1G1JC1445R71,1,G,1,J,C,1,4,4,5,R,7,1,0,P,CHEV,CRV,CP,94,17,2509,,0,1013,,G,,F,4,133,,,14R185,,,,,,0,0,000000000,00000000000,0,0,0,1,0,0,0,0,0,0,0,998,0,0,0,12,12,6,2,21,0,0,0,1,18,46203,6,1,0,0,3,1,69,150,0,0,0,0,1,1,2011,1,2011,0,28,0,0,0,1,2,40,1,1,2,1,0,0,1,12,1,1,4,6,1,0
18,180515,1,1,1,3,10,12,45,42,0,1,0,39,1,48,38,48038,4,2008,JF1GE61678G5,J,F,1,G,E,6,1,6,7,8,G,5,0,P,SUBA,I25,4D,8,17,3064,,0,1031,,G,,F,4,150,,,16R205,,,,,,0,0,000000000,00000000000,0,0,0,1,0,0,0,0,0,0,0,998,0,0,0,12,12,6,2,42,0,0,0,1,39,44147,6,1,0,0,3,0,73,180,1,0,0,0,0,4,2011,4,2011,1,28,0,0,0,1,2,35,1,3,2,1,0,0,1,13,1,1,4,1,1,1
18,180516,1,2,1,3,10,17,28,12,1,1,0,18,2,22,441,22441,20,1998,1GMDX03E5WD3,1,G,M,D,X,0,3,E,5,W,D,3,0,T,PONT,TSP,ES,98,17,,1,0,1200,TSP,G,,,6,207,,,,B,3920,00,K,42,0,0,000000000,00000000000,0,0,0,1,0,0,0,0,0,0,0,998,0,0,0,12,12,6,2,12,0,0,0,1,18,46350,6,1,0,0,3,0,63,181,0,0,0,0,0,0,0,0,0,0,26,0,0,0,1,2,55,1,2,2,1,0,0,1,52,1,1,1,28,1,0
18,180516,2,2,1,3,10,17,28,12,1,1,0,17,1,51,881,51881,66,2006,4V4NC9TJ96N4,4,V,4,N,C,9,T,J,9,6,N,4,1,T,VOLV,VNL,TR,6,17,,8,0,0,VVN,D,,,6,915,,,,,00000,00,,64,1,57,1449818,571449818,3,6,3,1,0,0,0,0,0,0,0,998,0,0,0,6,6,6,2,12,0,0,0,1,17,60103,6,1,6,0,3,0,74,250,0,0,0,0,0,0,0,0,0,0,0,0,0,0,1,2,55,1,2,2,1,0,0,2,53,1,1,1,29,0,0
18,180517,1,1,1,30,9,22,24,38,0,1,0,18,1,20,22,20022,2,2006,1G1AK18F3676,1,G,1,A,K,1,8,F,3,6,7,6,0,P,CHEV,BLS,CP,6,17,2991,,0,1033,,G,,F,4,134,,,15R195,,,,,,0,0,000000000,00000000000,0,0,0,1,0,0,0,0,0,0,0,998,0,0,0,12,12,6,2,2,0,0,1,1,18,47110,1,1,0,0,2,2,59,116,0,1,0,1,1,2,2011,4,2011,1,28,58,74,0,1,2,40,3,1,2,1,0,0,14,12,99,1,4,6,1,1
18,180518,1,1,1,4,10,1,54,30,0,1,0,18,2,52,40,52040,4,2002,6MMAP87P82T0,6,M,M,A,P,8,7,P,8,2,T,0,0,P,MITS,DVX,4D,2,17,0,,0,1071,,G,,F,6,213,,,16R215,,,,,,0,0,000000000,00000000000,0,0,0,1,0,0,0,0,0,0,0,998,0,0,0,12,12,6,2,30,0,0,0,1,18,46738,6,7,0,0,3,2,63,135,0,0,0,0,0,0,0,0,0,1,73,28,0,0,1,2,55,3,1,2,1,0,0,14,12,1,1,4,6,1,1
18,180519,1,1,1,25,9,1,24,42,0,1,0,18,2,12,471,12471,30,2002,1FTZR15E32PA,1,F,T,Z,R,1,5,E,3,2,P,A,0,T,FORD,RNS,PC,2,17,,1,0,1259,RNG,G,,,6,245,,,,B,3760,03,E,44,0,0,000000000,00000000000,0,0,0,1,0,0,0,0,0,0,0,998,0,0,0,9,9,6,2,42,0,0,0,1,18,46060,6,1,0,0,3,0,71,147,1,1,0,0,2,11,2010,11,2010,0,87,0,0,0,1,2,40,3,3,2,2,0,0,14,5,1,3,4,2,1,0
18,180520,1,1,1,23,7,19,34,59,0,1,0,18,1,72,706,72706,80,2000,999999999999,9,9,9,9,9,9,9,9,9,9,9,9,0,,,,,,,,,,,,,,,,,,,,,,,,,0,0,000000000,00000000000,0,0,0,1,0,0,0,0,0,0,0,40,0,0,0,12,12,6,2,59,0,0,0,1,18,46143,6,1,0,0,3,0,70,200,0,2,0,3,0,5,2010,3,2011,0,0,0,0,0,1,2,50,3,2,2,1,28,3,14,9,1,2,4,2,1,1
18,180521,1,1,1,29,9,8,16,8,0,1,0,18,1,20,421,20421,15,2000,1GNDT13W9Y23,1,G,N,D,T,1,3,W,9,Y,2,3,0,P,CHEV,BZR,UT,0,17,4049,,0,1070,,G,,F,6,262,,,15R205,,,,,,0,0,000000000,00000000000,0,0,0,1,0,0,0,0,0,0,0,998,0,0,0,12,12,4,1,8,0,0,0,1,18,46404,6,1,0,0,3,0,66,190,1,0,0,0,0,10,2009,10,2009,0,0,0,0,0,4,3,35,1,1,2,1,0,0,1,80,1,1,1,13,0,0
18,180523,1,2,2,5,10,16,33,12,6,1,0,18,2,20,461,20461,21,2008,1GBHG31C4812,1,G,B,H,G,3,1,C,4,8,1,2,0,T,CHEV,CT3,YY,8,17,,2,0,1500,ETV,G,,,8,293,,,,D,4528,04,,42,0,0,000000000,00000000000,0,0,0,1,0,0,0,0,0,0,0,998,0,0,0,3,3,0,1,12,0,0,0,1,18,46952,6,1,0,0,3,2,67,140,0,0,0,0,0,0,0,0,0,0,39,74,0,0,5,4,35,3,1,2,1,1,3,14,17,1,1,1,87,0,0
18,180523,2,2,1,5,10,16,33,12,6,1,0,18,1,98,701,98701,81,2008,L8YTCKPZ08Y0,L,8,Y,T,C,K,P,Z,0,8,Y,0,0,U,,,,8,17,,,,,,,,,,,,,,,,,,,0,0,000000000,00000000000,0,0,0,1,0,0,0,0,0,0,0,998,0,0,0,12,12,6,2,12,0,0,0,1,18,46952,6,1,0,0,3,1,71,170,0,0,0,0,0,0,0,0,0,0,0,0,0,0,5,4,35,2,1,2,1,1,3,14,66,1,1,1,86,1,0
18,180524,1,2,2,5,10,11,15,12,6,1,0,18,1,20,473,20473,30,2005,1GCCS1988582,1,G,C,C,S,1,9,8,8,5,8,2,0,T,CHEV,RDO,4C,5,17,,1,0,1259,CAL,G,,,4,171,,,,,3346,00,,42,0,0,000000000,00000000000,0,0,0,1,0,0,0,0,0,0,0,998,0,0,0,3,3,6,2,12,32,0,0,1,18,46910,6,1,0,0,3,1,71,207,0,0,0,0,0,0,0,0,0,0,38,0,0,0,5,3,60,1,1,2,1,4,3,11,15,1,1,2,68,2,0
18,180524,2,2,1,5,10,11,15,12,6,1,0,18,3,86,881,86881,63,1995,1M2AM08C7SM0,1,M,2,A,M,0,8,C,7,S,M,0,0,T,MACK,RB6,CC,95,17,,8,0,0,600,D,,,6,728,,,,,00000,00,,64,0,57,637785,57637785,3,2,3,1,0,0,0,0,0,0,0,998,0,0,0,12,12,6,2,12,0,0,0,1,18,47960,6,1,6,1,3,0,73,170,0,0,0,0,0,0,0,0,0,0,0,0,0,0,5,3,60,1,1,2,1,4,3,1,67,1,1,1,69,0,0
18,180525,1,2,2,5,10,20,25,12,6,1,0,18,2,72,706,72706,80,2006,1HD1BVB186Y0,1,H,D,1,B,V,B,1,8,6,Y,0,0,M,HD,FTI,RS,6,17,,,,,,,1450,,2,,4,651,,,,,,,0,0,000000000,00000000000,0,0,0,1,0,0,0,0,0,0,0,998,0,0,0,12,12,6,2,12,0,0,0,1,18,46743,1,1,0,0,2,0,69,200,0,1,0,0,1,5,2011,5,2011,0,8,38,0,0,1,2,55,1,1,2,1,20,3,1,17,1,1,1,88,1,1
18,180525,2,2,1,5,10,20,25,12,6,1,0,18,1,20,481,20481,31,1993,2GCEK19KXP11,2,G,C,E,K,1,9,K,X,P,1,1,0,T,CHEV,GK1,PC,93,17,,2,1555,1415,GM4,G,,,8,350,,,,B,4401,05,,44,0,0,000000000,00000000000,0,0,0,1,0,0,0,0,0,0,0,998,0,0,0,62,62,6,2,12,0,0,0,1,18,46701,6,1,0,0,3,0,69,180,0,0,0,0,0,0,0,0,0,0,0,0,0,0,1,2,55,1,1,2,1,0,0,1,66,1,1,1,89,0,0
18,180526,1,1,2,8,10,18,30,34,0,1,0,39,1,72,706,72706,80,1987,1HD1CAN16HY1,1,H,D,1,C,A,N,1,6,H,Y,1,0,M,HD,XL1,RS,87,17,,,,,,,1100,,2,,4,457,,,,,,,0,0,000000000,00000000000,0,0,0,1,0,0,0,0,0,0,0,998,0,0,0,12,12,6,2,32,0,0,0,1,18,47374,6,1,6,0,3,1,72,240,0,0,0,0,0,0,0,0,0,0,28,8,0,0,1,2,30,2,1,2,1,0,0,14,12,1,1,4,6,1,1
18,180527,1,2,2,5,10,18,56,12,1,1,0,18,2,13,1,13001,4,2007,1LNHM82V37Y6,1,L,N,H,M,8,2,V,3,7,Y,6,0,P,LINC,SGL,4D,7,17,4345,,0,1177,,F,,F,8,281,,,17R225,,,,,,0,0,000000000,00000000000,0,0,0,1,0,0,0,0,0,0,0,998,0,0,0,6,98,6,2,12,0,0,0,1,18,46706,6,1,0,0,3,0,70,245,0,0,0,0,0,0,0,0,0,0,28,58,0,0,2,2,70,1,1,1,1,0,0,1,12,7,4,7,62,2,0
18,180527,2,2,1,5,10,18,56,12,1,1,0,17,3,82,881,82881,66,2007,1FUJA6CK87DX,1,F,U,J,A,6,C,K,8,7,D,X,1,T,FRHT,COL,TR,7,17,,8,0,0,CON,D,,,6,855,,,,,00000,00,,64,1,57,00475540,5700475540,3,6,1,1,0,0,0,0,0,0,0,998,0,0,0,12,12,6,2,12,0,0,0,1,17,60608,6,1,6,0,3,0,74,400,0,0,0,0,0,0,0,0,0,0,0,0,0,0,2,2,70,1,1,1,1,0,0,1,64,9,1,1,62,0,0
18,180528,1,1,2,8,10,20,16,53,0,1,0,18,2,7,442,7442,20,1994,1B4GH44R1RX2,1,B,4,G,H,4,4,R,1,R,X,2,0,T,DODG,GCS,ES,94,17,,1,0,1193,CAR,G,,,6,201,,,,,3580,00,E,42,0,0,000000000,00000000000,0,0,0,1,0,0,0,0,0,0,0,998,0,1,5,1,98,6,2,1,0,0,0,1,18,47601,1,1,0,0,2,2,73,180,1,8,1,1,1,10,2008,6,2010,1,37,8,74,0,1,2,50,3,1,2,1,0,0,14,13,1,1,4,1,1,1
18,180529,1,3,1,10,10,11,19,12,1,1,0,18,3,86,881,86881,63,2005,1M2AG11C95M0,1,M,2,A,G,1,1,C,9,5,M,0,0,T,MACK,CV7,CC,5,17,,8,0,0,700,D,,,6,728,,,,,00000,00,,64,0,57,1254230,571254230,3,2,8,1,0,0,0,0,0,0,0,998,0,1,5,12,12,6,2,8,0,0,0,1,18,47403,6,1,6,1,3,1,73,225,0,0,0,0,0,0,0,0,0,1,92,0,0,0,1,2,55,1,1,2,1,0,0,1,50,1,1,1,20,0,0
18,180529,2,3,1,10,10,11,19,12,1,1,0,18,1,21,441,21441,20,1998,1GHDX03E4WD2,1,G,H,D,X,0,3,E,4,W,D,2,0,T,OLDS,SIL,ES,98,17,,1,0,1200,SIL,G,,,6,207,,,,B,3801,00,K,42,0,0,000000000,00000000000,0,0,0,1,0,0,0,0,0,0,0,0,0,1,5,6,6,6,2,12,0,0,0,1,18,47562,6,1,0,0,3,0,63,110,0,0,0,0,0,0,0,0,0,0,0,0,0,0,1,2,55,1,1,2,1,0,0,5,53,1,1,1,21,1,0
18,180529,3,3,1,10,10,11,19,12,1,1,0,18,1,14,443,14443,20,1993,4M2DV11W0PDJ,4,M,2,D,V,1,1,W,0,P,D,J,0,P,MERC,VLR,SV,93,17,4047,,0,1120,,G,,F,6,182,,,000000,,,,,,0,0,000000000,00000000000,0,0,0,1,0,0,0,0,0,0,0,0,0,1,5,98,6,6,2,12,0,0,0,1,18,47562,6,1,0,0,3,0,65,155,0,0,0,0,0,0,0,0,0,0,0,0,0,0,1,2,55,1,1,2,1,0,0,7,53,1,1,1,98,1,0
18,180530,1,1,2,4,10,21,12,24,0,1,0,18,1,20,481,20481,31,1993,1GCEC14Z3PZ2,1,G,C,E,C,1,4,Z,3,P,Z,2,0,T,CHEV,GC1,PK,93,17,,2,1315,1175,GM4,G,,,6,262,,,,B,3718,02,,42,0,0,000000000,00000000000,0,0,0,1,0,0,0,0,0,0,0,998,0,1,5,12,98,6,2,1,0,0,0,1,18,46259,6,1,0,0,3,1,71,185,0,0,0,0,0,0,0,0,0,0,28,0,0,0,3,3,70,1,1,1,1,0,0,1,12,1,1,4,6,1,1
18,180531,1,1,2,9,10,8,18,1,0,1,0,1,2,20,401,20401,14,1996,1GNDT13W1T22,1,G,N,D,T,1,3,W,1,T,2,2,0,P,CHEV,BZR,UT,96,17,4023,,0,1070,,G,,F,6,262,,,15R235,,,,,,0,0,000000000,00000000000,0,0,0,1,0,0,0,0,0,0,0,998,0,1,1,0,0,6,2,1,0,0,0,1,1,36123,1,1,0,0,2,1,66,235,0,0,0,0,0,0,0,0,0,0,58,0,0,0,2,2,70,1,1,2,1,0,0,1,98,1,1,2,98,1,0
18,180532,1,2,1,9,10,13,42,12,1,1,0,18,1,37,706,37706,80,2005,JH2SC57055M1,J,H,2,S,C,5,7,0,5,5,M,1,0,M,HOND,CBS,RC,5,17,,,,,,,998,,4,,4,396,,,,,,,0,0,000000000,00000000000,0,0,0,1,0,0,0,0,0,0,0,998,0,0,0,12,12,6,2,12,0,0,0,1,18,46060,6,1,0,0,3,0,72,220,0,0,0,0,0,0,0,0,0,1,8,0,0,0,2,2,45,1,2,2,1,1,3,15,51,7,1,2,32,1,0
18,180532,2,2,2,9,10,13,42,12,1,1,0,18,1,30,40,30040,4,2009,3VWRM71K69M0,3,V,W,R,M,7,1,K,6,9,M,0,0,P,VOLK,JSE,4D,9,17,3230,,0,1015,,G,,F,5,151,,,16R205,,,,,,0,0,000000000,00000000000,0,0,0,1,0,0,0,0,0,0,0,998,0,0,0,6,6,6,2,12,0,0,0,1,18,46122,6,1,0,0,3,2,64,135,0,0,0,0,0,0,0,0,0,0,74,0,0,0,2,2,45,1,2,2,1,0,0,1,53,1,1,1,32,0,0
18,180533,1,1,1,10,10,20,35,5,0,1,0,18,2,72,706,72706,80,1998,1HD1GEL42WY3,1,H,D,1,G,E,L,4,2,W,Y,3,0,M,HD,FWA,RS,98,17,,,,,,,1340,,2,,4,598,,,,,,,0,0,000000000,00000000000,0,0,0,1,0,0,0,0,0,0,0,998,0,0,0,0,0,6,2,5,0,0,0,1,4,85037,6,1,0,0,3,1,73,230,0,0,0,0,0,0,0,0,0,0,58,0,0,0,1,2,40,3,1,2,1,0,0,14,98,1,1,2,0,1,0
18,180534,1,7,2,6,10,13,0,20,0,1,0,18,2,55,35,55035,4,2003,KMHDN45D83U6,K,M,H,D,N,4,5,D,8,3,U,6,0,P,HYUN,EST,4D,3,17,2635,,0,1027,,G,,F,4,121,,,15R205,,,,,,0,0,000000000,00000000000,0,0,0,1,0,0,0,0,0,0,0,998,0,1,5,12,12,6,2,8,0,0,0,1,18,46235,1,7,0,0,2,0,75,190,0,3,0,0,3,6,2010,9,2011,1,8,27,28,39,1,2,40,1,1,2,1,50,3,1,98,1,1,1,12,0,0
18,180534,2,7,1,6,10,13,0,20,0,1,0,18,3,85,881,85881,63,1999,3BKMHD7X6XF7,3,B,K,M,H,D,7,X,6,X,F,7,0,T,KW,T30,CC,99,17,,7,2800,1450,CON,D,,,6,439,,,,,00000,00,,42,0,99,999999999,99999999999,3,2,97,1,0,0,0,0,0,0,0,998,0,0,0,12,12,6,2,12,0,0,0,1,18,46227,6,1,6,1,3,0,70,225,0,0,0,0,0,0,0,0,0,0,0,0,0,0,1,2,40,1,1,2,1,50,3,1,62,1,1,1,98,0,0
18,180534,3,7,5,6,10,13,0,20,0,1,0,18,2,21,21,21021,4,1999,1G3NF52E4XC3,1,G,3,N,F,5,2,E,4,X,C,3,0,P,OLDS,AGS,4D,99,17,3018,,0,1070,,G,,F,6,207,,,16R225,,,,,,0,0,000000000,00000000000,0,0,0,1,0,0,0,0,0,0,0,998,0,0,0,18,18,6,2,54,0,0,0,1,18,46226,6,7,0,0,3,0,64,131,0,0,0,0,0,0,0,0,0,0,0,0,0,0,1,2,40,1,1,2,1,50,3,1,62,1,1,1,98,0,0
18,180534,4,7,2,6,10,13,0,20,0,1,0,18,2,20,24,20024,6,2011,1GNKRGED0BJ4,1,G,N,K,R,G,E,D,0,B,J,4,0,P,CHEV,TRV,UT,11,17,4790,,0,1189,,G,,F,6,220,,,18R255,,,,,,0,0,000000000,00000000000,0,0,0,1,0,0,0,0,0,0,0,998,0,0,0,63,63,6,2,12,0,0,0,1,18,46235,6,1,0,0,3,0,62,180,0,0,0,0,0,0,0,0,0,0,0,0,0,0,1,2,40,1,1,2,1,50,3,1,62,1,1,1,98,0,0
18,180534,5,7,1,6,10,13,0,20,0,1,0,18,2,18,7,18007,4,1999,2G4WS52M7X15,2,G,4,W,S,5,2,M,7,X,1,5,0,P,BUIC,CCU,4D,99,17,3353,,0,1090,,G,,F,6,191,,,15R205,,,,,,0,0,000000000,00000000000,0,0,0,1,0,0,0,0,0,0,0,998,0,0,0,61,63,6,2,12,0,0,0,1,18,46220,6,1,0,0,3,1,73,186,0,0,0,0,0,0,0,0,0,0,0,0,0,0,1,2,40,1,1,2,1,50,3,1,62,1,1,1,98,0,0