STATE,ST_CASE,VEH_NO,VE_FORMS,NUMOCCS,DAY,MONTH,HOUR,MINUTE,HARM_EV,MAN_COLL,UNITTYPE,HIT_RUN,REG_STAT,OWNER,MAKE,MODEL,MAK_MOD,BODY_TYP,MOD_YEAR,VIN,VIN_1,VIN_2,VIN_3,VIN_4,VIN_5,VIN_6,VIN_7,VIN_8,VIN_9,VIN_10,VIN_11,VIN_12,TOW_VEH,VINTYPE,VINMAKE,VINA_MOD,VIN_BT,VINMODYR,VIN_LNGT,VIN_WGT,WGTCD_TR,WHLBS_LG,WHLBS_SH,SER_TR,FUELCODE,MCYCL_DS,CARBUR,CYLINDER,DISPLACE,MCYCL_CY,MCYCL_WT,TIRE_SZE,TON_RAT,TRK_WT,TRKWTVAR,VIN_REST,WHLDRWHL,J_KNIFE,MCARR_I1,MCARR_I2,MCARR_ID,GVWR,V_CONFIG,CARGO_BT,HAZ_INV,HAZ_PLAC,HAZ_ID,HAZ_CNO,HAZ_REL,BUS_USE,SPEC_USE,EMER_USE,TRAV_SP,UNDERIDE,ROLLOVER,ROLINLOC,IMPACT1,IMPACT2,DEFORMED,TOWED,M_HARM,VEH_SC1,VEH_SC2,FIRE_EXP,DR_PRES,L_STATE,DR_ZIP,L_STATUS,L_TYPE,CDL_STAT,L_ENDORS,L_COMPL,L_RESTRI,DR_HGT,DR_WGT,PREV_ACC,PREV_SUS,PREV_DWI,PREV_SPD,PREV_OTH,FIRST_MO,FIRST_YR,LAST_MO,LAST_YR,SPEEDREL,DR_SF1,DR_SF2,DR_SF3,DR_SF4,VTRAFWAY,VNUM_LAN,VSPD_LIM,VALIGN,VPROFILE,VPAVETYP,VSURCOND,VTRAFCON,VTCONT_F,P_CRASH1,P_CRASH2,P_CRASH3,PCRASH4,PCRASH5,ACC_TYPE,DEATHS,DR_DRINK
18,180534,6,7,1,6,10,13,0,20,0,1,0,18,2,12,443,12443,20,2006,2FMZA51616BA,2,F,M,Z,A,5,1,6,1,6,B,A,0,P,FORD,FRE,SV,6,17,4275,,0,1208,,G,,F,6,238,,,16R225,,,,,,0,0,000000000,00000000000,0,0,0,1,0,0,0,0,0,0,0,998,0,0,0,63,1,6,2,12,0,0,0,1,18,46226,6,1,0,0,3,1,67,200,0,0,0,1,0,6,2011,6,2011,0,0,0,0,0,1,2,40,1,1,2,1,50,3,1,62,10,1,1,98,0,0
18,180534,7,7,1,6,10,13,0,20,0,1,0,18,2,2,403,2403,14,2011,1J4BA5H16BL5,1,J,4,B,A,5,H,1,6,B,L,5,0,T,JEEP,WUS,4W,11,17,,1,0,1160,WUL,G,,,6,230,,,,,4269,00,4,44,0,0,000000000,00000000000,0,0,0,1,0,0,0,0,0,0,0,998,0,0,0,1,1,6,2,12,0,0,0,1,18,46219,6,1,0,0,3,0,64,120,0,0,0,0,0,0,0,0,0,0,0,0,0,0,1,2,40,1,1,2,1,50,3,1,62,1,1,1,98,0,0
18,180535,1,1,1,9,10,7,13,1,0,1,0,18,2,63,36,63036,6,2007,KNAFG5264770,K,N,A,F,G,5,2,6,4,7,7,0,0,P,KIA,ROE,SW,7,17,3443,,0,1063,,G,,F,6,162,,,16R205,,,,,,0,0,000000000,00000000000,0,0,0,1,0,0,0,0,0,0,0,998,0,2,5,0,98,6,2,1,0,0,0,1,18,47601,6,1,0,0,3,1,70,160,0,0,0,0,0,0,0,0,0,0,58,0,0,0,3,2,70,1,2,2,1,0,0,1,13,1,1,4,1,1,0
18,180536,1,1,1,12,10,18,40,1,0,1,0,18,1,37,706,37706,80,2007,1HFSC55067A3,1,H,F,S,C,5,5,0,6,7,A,3,0,M,HOND,13V,RS,7,17,,,,,,,1312,,2,,4,641,,,,,,,0,0,000000000,00000000000,0,0,0,1,0,0,0,0,0,0,0,998,0,0,0,0,0,6,2,1,0,0,0,1,18,46902,6,1,0,0,3,1,73,230,0,0,0,0,0,0,0,0,0,0,0,0,0,0,1,2,45,2,2,2,1,28,3,14,98,1,1,1,98,1,0
18,180537,1,1,2,20,9,21,56,5,0,1,0,21,2,2,404,2404,14,2001,1J4GW48S71C5,1,J,4,G,W,4,8,S,7,1,C,5,0,T,JEEP,LRO,4W,1,17,,1,0,1059,GCK,G,,,6,244,,,,,3864,01,E,44,0,0,000000000,00000000000,0,0,0,1,0,0,0,0,0,0,0,998,0,0,0,0,0,0,3,5,0,0,0,1,12,33904,6,1,0,0,3,1,70,999,0,0,0,0,1,2,2010,2,2010,0,0,0,0,0,1,2,30,1,1,2,1,1,3,1,98,1,1,1,0,1,0
18,180538,1,2,1,5,10,8,36,12,2,1,0,18,1,30,40,30040,4,1998,3VWSA81H2WM1,3,V,W,S,A,8,1,H,2,W,M,1,0,P,VOLK,JGS,4D,98,17,2590,,0,974,,G,,F,4,121,,,14R195,,,,,,0,0,000000000,00000000000,0,0,0,1,0,0,0,0,0,0,0,998,0,0,0,12,12,6,2,12,0,0,0,1,18,46077,6,1,0,0,3,2,71,145,0,0,0,0,0,0,0,0,0,0,74,28,0,0,3,3,65,1,1,2,1,0,0,1,10,1,1,2,50,1,0
18,180538,2,2,3,5,10,8,36,12,2,1,0,18,1,6,441,6441,20,2010,2A4RR5D11AR2,2,A,4,R,R,5,D,1,1,A,R,2,0,P,CHRY,TWC,SV,10,17,4507,,0,1212,,G,,F,6,232,,,16R225,,,,,,0,0,000000000,00000000000,0,0,0,1,0,0,0,0,0,0,0,998,0,0,0,12,12,6,2,12,0,0,0,1,18,46032,6,1,0,0,3,0,71,175,0,1,0,2,0,12,2008,1,2010,0,0,0,0,0,3,3,65,1,1,2,1,0,0,1,62,1,1,1,51,0,0
18,180539,1,1,1,9,10,22,56,38,0,1,0,18,2,37,734,37734,90,2001,478TE2306141,4,7,8,T,E,2,3,0,6,1,4,1,0,M,HOND,TRE,AT,1,17,,,,,,,397,,1,,4,375,,,,,,,0,0,000000000,00000000000,0,0,0,1,0,0,0,0,0,0,0,998,0,1,5,12,12,6,2,38,0,0,0,1,18,47170,1,1,0,0,2,0,74,285,0,2,0,0,2,11,2010,11,2010,0,0,0,0,0,1,2,55,1,1,2,1,0,0,1,12,1,1,4,6,1,0
18,180540,1,2,1,17,10,5,22,12,2,1,0,18,1,98,701,98701,81,2008,LD5TCBPA7811,L,D,5,T,C,B,P,A,7,8,1,1,0,U,,,,8,17,,,,,,,,,,,,,,,,,,,0,0,000000000,00000000000,0,0,0,1,0,0,0,0,0,0,0,998,0,0,0,12,12,6,2,12,0,0,0,1,18,46528,1,1,0,0,2,0,74,175,0,3,0,0,2,7,2009,9,2009,0,28,35,0,0,1,2,55,1,1,2,1,0,0,1,10,1,1,2,50,1,0
18,180540,2,2,1,17,10,5,22,12,2,1,0,18,1,20,481,20481,31,1996,1GCEK14M2TZ1,1,G,C,E,K,1,4,M,2,T,Z,1,0,T,CHEV,GK1,PK,96,17,,2,1315,1175,GM4,G,,,8,305,,,,B,4210,01,,44,0,0,000000000,00000000000,0,0,0,1,0,0,0,0,0,0,0,998,0,0,0,12,12,6,2,12,0,0,0,1,18,46571,6,1,0,0,3,0,71,165,0,0,0,0,0,0,0,0,0,0,0,0,0,0,1,2,55,1,1,2,1,0,0,1,62,1,1,1,51,0,0
18,180541,1,1,2,11,10,13,5,24,0,1,0,17,2,20,401,20401,14,2002,1GNDT13S6223,1,G,N,D,T,1,3,S,6,2,2,3,0,P,CHEV,TRL,UT,2,17,4628,,0,1130,,G,,F,6,256,,,16R245,,,,,,0,0,000000000,00000000000,0,0,0,1,0,0,0,0,0,0,0,998,0,1,5,12,98,6,2,1,0,0,0,1,17,60402,6,1,0,0,3,1,67,120,0,0,0,1,0,5,2011,5,2011,0,58,0,0,0,3,3,55,1,1,1,1,0,0,1,13,1,1,4,1,1,0
18,180542,1,2,1,13,10,16,51,12,1,1,0,40,3,20,481,20481,31,2010,1GCSKSE36AZ2,1,G,C,S,K,S,E,3,6,A,Z,2,0,T,CHEV,2SK,4C,10,17,,2,1575,1435,SIL,F,,,8,323,,,,B,5286,02,,44,0,0,000000000,00000000000,0,0,0,1,0,0,0,0,0,0,0,998,1,0,0,12,12,6,2,12,0,0,0,1,40,73080,6,1,0,0,3,0,74,267,0,0,0,1,0,1,2011,1,2011,0,26,0,0,0,3,3,65,1,1,1,2,98,3,1,52,1,1,1,24,1,0
18,180542,2,2,2,13,10,16,51,12,1,1,0,18,3,82,881,82881,66,2004,1FUJA6CK74LM,1,F,U,J,A,6,C,K,7,4,L,M,1,T,FRHT,COL,TR,4,17,,8,0,0,CON,D,,,6,858,,,,,00000,00,,64,1,57,0007375,570007375,3,6,1,1,0,0,0,0,0,0,0,998,0,0,0,6,14,6,2,12,0,0,0,1,29,63051,6,1,6,0,3,0,72,230,0,0,0,0,0,0,0,0,0,0,0,0,0,0,3,3,65,1,1,1,2,98,3,2,53,1,1,1,25,0,0
18,180543,1,2,3,13,10,11,52,12,2,1,0,21,1,7,402,7402,14,2000,1B4HS28N0YF2,1,B,4,H,S,2,8,N,0,Y,F,2,0,P,DODG,DUR,UT,0,17,4462,,0,1159,,G,,F,8,287,,,15R235,,,,,,0,0,000000000,00000000000,0,0,0,1,0,0,0,0,0,0,0,998,0,0,0,12,62,6,2,12,0,0,0,1,21,40245,6,1,0,0,3,0,63,145,0,0,0,0,0,0,0,0,0,1,87,0,0,0,1,2,55,2,1,2,2,0,0,14,6,1,1,2,50,1,0
18,180543,2,2,2,13,10,11,52,12,2,1,0,18,2,7,461,7461,21,1990,2B5WB35Z6LK7,2,B,5,W,B,3,5,Z,6,L,K,7,0,P,DODG,RMW,SV,90,17,0,,0,1276,,G,,F,8,360,,,000000,,,,,,0,0,000000000,00000000000,0,0,0,1,0,0,0,0,0,0,0,998,0,0,0,12,12,4,1,12,0,0,0,1,18,47106,6,1,0,0,3,1,74,240,0,0,0,0,0,0,0,0,0,0,87,92,0,0,1,2,55,3,1,2,2,0,0,14,62,1,1,1,51,0,0
18,180544,1,1,1,15,10,16,36,34,0,1,0,21,2,73,706,73706,80,2000,JKAZRDF12YA0,J,K,A,Z,R,D,F,1,2,Y,A,0,0,M,KAWK,ZRF,RS,0,17,,,,,,,750,,4,,4,445,,,,,,,0,0,000000000,00000000000,0,0,0,1,0,0,0,0,0,0,0,998,0,0,0,12,12,6,2,42,0,0,0,1,21,40214,6,1,0,0,3,0,74,190,0,0,0,0,0,0,0,0,0,1,28,0,0,0,1,2,30,3,1,2,1,0,0,14,12,1,1,4,6,1,0
18,180545,1,1,1,15,10,4,11,24,0,1,0,18,2,63,32,63032,4,2003,KNADC1256362,K,N,A,D,C,1,2,5,6,3,6,2,0,P,KIA,RIO,4D,3,17,2403,,0,949,,G,,F,4,097,,,14R175,,,,,,0,0,000000000,00000000000,0,0,0,1,0,0,0,0,0,0,0,998,0,0,0,12,12,6,2,24,0,0,0,1,18,46217,1,1,0,0,2,2,63,150,0,0,0,0,0,0,0,0,0,0,58,74,0,0,1,2,35,3,1,1,1,0,0,14,12,6,1,4,6,1,0
18,180546,1,2,1,17,10,11,51,12,1,1,0,18,3,87,881,87881,66,2007,1XP5D49X97D7,1,X,P,5,D,4,9,X,9,7,D,7,1,T,PTRB,379,TR,7,17,,8,0,0,CON,D,,,6,915,,,,,00000,00,,64,1,57,1585181,571585181,3,6,97,1,0,0,0,0,0,0,0,0,0,0,0,6,6,4,1,12,0,0,0,1,18,47452,6,1,6,0,3,1,69,175,0,0,0,0,0,0,0,0,0,0,0,0,0,0,2,2,55,1,1,2,1,1,3,5,53,1,1,1,21,0,0
18,180546,2,2,1,17,10,11,51,12,1,1,0,18,1,12,481,12481,31,2001,1FTRW07L11KF,1,F,T,R,W,0,7,L,1,1,K,F,0,T,FORD,F1S,CW,1,17,,2,0,1385,COF,G,,,8,330,,,,B,4581,01,E,42,0,0,000000000,00000000000,0,0,0,1,0,0,0,0,0,0,0,998,0,0,0,12,12,6,2,12,0,0,0,1,18,47446,6,1,0,0,3,0,71,230,0,0,0,0,0,0,0,0,0,0,0,0,0,0,2,2,55,1,1,2,1,1,3,1,50,1,1,1,20,1,0
18,180548,1,1,2,27,9,23,4,1,0,1,0,18,2,21,21,21021,4,2001,1G3NL52E61C2,1,G,3,N,L,5,2,E,6,1,C,2,0,P,OLDS,A/G,4D,1,17,3022,,0,1070,,G,,F,6,207,,,15R215,,,,,,0,0,000000000,00000000000,0,0,0,1,0,0,0,0,0,0,0,998,0,1,6,0,98,6,2,1,0,0,0,1,21,40456,6,1,0,0,3,0,72,185,0,1,1,0,0,4,2009,7,2009,1,28,0,0,0,1,2,45,1,3,2,1,0,0,1,6,1,4,4,7,1,1
18,180549,1,3,2,8,10,16,22,12,1,1,0,18,2,12,471,12471,30,2004,1FTZR45E74PA,1,F,T,Z,R,4,5,E,7,4,P,A,0,T,FORD,RNS,4C,4,17,,1,0,1259,RNG,G,,,6,245,,,,B,3945,00,U,44,0,0,000000000,00000000000,0,0,0,1,0,0,0,0,0,0,0,998,0,1,1,12,98,6,2,12,0,0,0,1,18,46350,1,1,0,0,2,2,69,135,0,2,0,1,0,9,2009,4,2011,0,8,26,74,0,3,3,70,2,1,2,1,0,0,14,50,1,1,1,20,0,0
18,180549,2,3,8,8,10,16,22,12,1,1,0,26,2,37,441,37441,20,2006,5FNRL38496B4,5,F,N,R,L,3,8,4,9,6,B,4,0,P,HOND,UDY,SV,6,17,4475,,0,1181,,G,,F,6,213,,,16R235,,,,,,0,0,000000000,00000000000,0,0,0,1,0,0,0,0,0,0,0,0,0,0,0,6,6,6,2,12,0,0,0,1,26,48187,6,1,0,0,3,0,68,185,0,0,0,0,0,0,0,0,0,0,0,0,0,0,3,3,70,2,1,2,1,0,0,14,53,1,1,1,21,1,0
18,180549,3,3,2,8,10,16,22,12,1,1,0,26,1,19,22,19022,4,2010,1G6KH5EY8AU1,1,G,6,K,H,5,E,Y,8,A,U,1,0,P,CADI,DPR,4D,10,17,4009,,0,1156,,G,,F,8,281,,,17R235,,,,,,0,0,000000000,00000000000,0,0,0,1,0,0,0,0,0,0,0,0,0,0,0,6,6,4,1,12,0,0,0,1,26,49078,6,1,0,0,3,1,70,168,0,0,0,0,0,0,0,0,0,0,0,0,0,0,3,3,70,2,1,2,1,0,0,14,53,1,1,1,98,0,0
18,180550,1,3,2,17,10,6,35,12,1,1,0,18,1,22,18,22018,4,1995,1G2NE55D2SM6,1,G,2,N,E,5,5,D,2,S,M,6,0,P,PONT,GAS,4D,95,17,2945,,0,1034,,G,,F,4,138,,,14R195,,,,,,0,0,000000000,00000000000,0,0,0,1,0,0,0,0,0,0,0,998,0,0,0,12,12,6,2,54,0,0,0,1,18,46327,6,1,0,0,3,1,64,150,0,0,0,0,0,0,0,0,0,0,26,92,0,0,1,3,35,1,1,2,1,0,0,1,50,1,1,1,20,0,0
18,180550,2,3,1,17,10,6,35,12,1,1,0,17,1,12,471,12471,30,2003,1FTYR44V03PB,1,F,T,Y,R,4,4,V,0,3,P,B,0,T,FORD,RNS,4C,3,17,,1,0,1257,RNG,F,,,6,182,,,,B,3547,00,U,42,0,0,000000000,00000000000,0,0,0,1,0,0,0,0,0,0,0,0,0,0,0,6,81,6,2,12,0,0,0,1,17,60638,6,1,0,0,3,1,71,200,0,0,0,0,0,0,0,0,0,0,0,0,0,0,1,3,35,1,1,2,1,0,0,5,53,1,1,1,21,1,0
18,180550,3,3,1,17,10,6,35,12,1,1,0,18,1,12,481,12481,31,2005,1FTPW12585FA,1,F,T,P,W,1,2,5,8,5,F,A,0,T,FORD,F1S,CW,5,17,,2,1450,1260,COF,G,,,8,330,,,,B,5281,00,U,42,0,0,000000000,00000000000,0,0,0,1,0,0,0,0,0,0,0,998,0,0,0,12,12,6,2,54,0,0,0,1,18,46322,6,1,0,0,3,1,70,295,0,0,0,0,0,0,0,0,0,0,0,0,0,0,1,3,35,1,1,2,1,0,0,1,62,1,1,1,98,0,0
18,180551,1,2,1,11,10,15,51,12,6,1,1,18,2,38,402,38402,14,1996,4S2CK58V1T43,4,S,2,C,K,5,8,V,1,T,4,3,0,P,ISU,ROD,UT,96,17,0,,0,1087,,G,,F,6,195,,,16R225,,,,,,0,0,000000000,00000000000,0,0,0,1,0,0,0,0,0,0,0,998,0,0,0,9,9,2,3,12,0,0,0,1,18,46408,0,0,0,0,0,0,999,999,99,99,99,99,99,99,9999,99,9999,1,38,92,0,0,1,2,25,1,1,2,1,20,3,1,17,1,1,1,89,0,0
18,180551,2,2,1,11,10,15,51,12,6,1,0,18,1,76,705,76705,80,1992,JYA4DUE03NA0,J,Y,A,4,D,U,E,0,3,N,A,0,0,M,YAMA,J60,RS,92,17,,,,,,,599,,4,,4,400,,,,,,,0,0,000000000,00000000000,0,0,0,1,0,0,0,0,0,0,0,998,0,0,0,12,12,6,2,12,0,0,0,1,18,46408,6,1,0,0,3,0,69,155,0,0,0,0,0,0,0,0,0,1,0,0,0,0,1,2,25,1,1,2,1,0,0,1,11,1,1,1,88,1,0
18,180552,1,1,1,10,10,21,43,34,0,1,0,18,2,24,2,24002,2,1996,1G8ZF1289TZ3,1,G,8,Z,F,1,2,8,9,T,Z,3,0,P,STRN,SC1,CP,96,17,2215,,0,992,,G,,F,4,116,,,14R175,,,,,,0,0,000000000,00000000000,0,0,0,1,0,0,0,0,0,0,0,998,0,1,5,14,9,6,2,30,0,0,0,1,18,46534,6,2,0,0,3,0,68,135,0,0,0,0,0,0,0,0,0,0,0,0,0,0,1,2,55,1,1,2,1,0,0,1,13,1,1,4,1,1,0
18,180553,1,2,1,19,10,10,11,12,2,1,0,32,4,35,50,35050,4,2010,3N1BC1AP5AL4,3,N,1,B,C,1,A,P,5,A,L,4,0,P,NISS,VSL,4D,10,17,2671,,0,1024,,G,,F,4,110,,,15R185,,,,,,0,0,000000000,00000000000,0,0,0,1,0,0,0,0,0,0,0,998,0,0,0,12,12,6,2,12,0,0,0,1,34,7039,6,1,0,0,3,0,65,999,0,0,0,0,0,0,0,0,0,0,28,87,0,0,2,2,45,1,1,1,2,0,0,17,10,1,1,2,50,0,0
18,180553,2,2,1,19,10,10,11,12,2,1,0,18,1,30,40,30040,4,2006,3VWSF71K86M7,3,V,W,S,F,7,1,K,8,6,M,7,0,P,VOLK,JOP,4D,6,17,3118,,0,1015,,G,,F,5,151,,,16R205,,,,,,0,0,000000000,00000000000,0,0,0,1,0,0,0,0,0,0,0,998,0,0,0,12,12,6,2,12,0,0,0,1,18,46536,6,1,0,0,3,2,63,150,0,0,0,0,4,10,2009,12,2009,0,74,0,0,0,2,2,45,1,1,1,2,0,0,1,62,1,1,1,51,1,0
18,180554,1,1,2,13,10,4,11,30,0,1,0,26,2,32,43,32043,4,1999,WAUED28DXXA3,W,A,U,E,D,2,8,D,X,X,A,3,0,P,AUDI,42Q,4D,99,17,3296,,0,1026,,G,,F,6,169,,,16R205,,,,,,0,0,000000000,00000000000,0,0,0,1,0,0,0,0,0,0,0,998,0,0,0,3,3,6,2,30,0,0,0,1,26,49424,6,1,0,0,3,0,68,165,1,0,0,0,1,2,2009,2,2009,0,0,0,0,0,5,2,40,1,1,2,2,1,3,1,13,1,1,4,1,2,0
18,180555,1,2,1,19,10,17,15,12,6,1,0,18,1,12,471,12471,30,2005,1FTYR14U65PB,1,F,T,Y,R,1,4,U,6,5,P,B,0,T,FORD,RNS,PC,5,17,,1,0,1257,RNG,G,,,6,182,,,,B,3179,00,U,42,0,0,000000000,00000000000,0,0,0,1,0,0,0,0,0,0,0,998,0,0,0,3,3,6,2,12,0,0,0,1,18,47374,6,1,0,0,3,0,73,170,0,0,0,0,0,0,0,0,0,0,28,87,0,0,1,2,45,1,1,2,2,0,0,1,5,1,4,2,64,1,0
18,180555,2,2,2,19,10,17,15,12,6,1,0,18,2,7,482,7482,31,1997,1B7KF26Z9VJ5,1,B,7,K,F,2,6,Z,9,V,J,5,0,T,DODG,250,PK,97,17,,2,0,1347,RPC,G,,,8,360,,,,C,4787,00,M,44,0,0,000000000,00000000000,0,0,0,1,0,0,0,0,0,0,0,998,0,0,0,12,12,6,2,12,0,0,0,1,18,47374,6,1,0,0,3,1,75,185,0,0,0,0,2,11,2010,7,2011,0,0,0,0,0,1,2,45,1,1,2,2,0,0,1,62,1,1,1,65,0,0
18,180556,1,1,2,19,10,21,44,8,0,1,0,18,1,7,472,7472,30,2002,1B7GG42X72S5,1,B,7,G,G,4,2,X,7,2,S,5,0,T,DODG,DSL,PC,2,17,,1,0,1309,DAK,G,,,6,239,,,,B,4047,00,E,44,0,0,000000000,00000000000,0,0,0,1,0,0,0,0,0,0,0,998,0,0,0,12,12,6,2,8,32,0,0,1,18,46231,6,1,0,0,3,1,68,220,0,0,0,0,0,0,0,0,0,0,0,0,0,0,5,2,40,1,1,2,2,0,0,1,80,1,1,1,13,0,0
18,180557,1,2,1,20,10,4,50,12,2,1,0,18,2,12,3,12003,2,1995,1FALP404XSF2,1,F,A,L,P,4,0,4,X,S,F,2,0,P,FORD,MUS,CP,95,17,3077,,0,1013,,G,,F,6,232,,,15R205,,,,,,0,0,000000000,00000000000,0,0,0,1,0,0,0,0,0,0,0,998,0,0,0,12,12,6,2,12,0,0,0,1,18,46528,6,1,0,0,3,1,69,170,0,0,0,0,0,0,0,0,0,1,28,0,0,0,1,2,45,1,1,2,2,28,3,1,10,1,2,2,50,1,0
18,180557,2,2,1,20,10,4,50,12,2,1,0,18,2,20,39,20039,5,2004,KL1TJ62654B2,K,L,1,T,J,6,2,6,5,4,B,2,0,P,CHEV,ALS,5D,4,17,2376,,0,976,,G,,F,4,098,,,14R185,,,,,,0,0,000000000,00000000000,0,0,0,1,0,0,0,0,0,0,0,998,0,1,5,12,98,6,2,12,0,0,0,1,18,46526,0,0,0,0,0,0,999,999,99,99,99,99,99,99,9999,99,9999,0,0,0,0,0,1,2,45,1,1,2,2,28,3,1,62,1,1,1,51,1,0
18,180558,1,1,1,18,10,21,43,32,0,1,0,18,1,35,48,35048,2,2004,JN1AZ34D74T1,J,N,1,A,Z,3,4,D,7,4,T,1,0,P,NISS,3ZC,CP,4,17,3062,,0,1043,,G,,F,6,214,,,17R225,,,,,,0,0,000000000,00000000000,0,0,0,1,0,0,0,0,0,0,0,998,0,1,5,12,12,6,2,1,0,0,0,1,18,47330,6,1,6,0,3,1,73,180,0,0,0,0,0,0,0,0,0,0,8,87,0,0,1,2,55,2,1,2,2,0,0,14,13,1,1,4,1,1,1
18,180559,1,1,1,22,10,18,0,1,0,1,0,18,1,24,1,24001,4,1994,1G8ZH5592RZ2,1,G,8,Z,H,5,5,9,2,R,Z,2,0,P,STRN,SL1,4D,94,17,2252,,0,1024,,G,,F,4,116,,,14R175,,,,,,0,0,000000000,00000000000,0,0,0,1,0,0,0,0,0,0,0,998,0,2,5,0,98,6,2,1,0,0,0,1,18,46536,6,1,0,0,3,2,63,122,0,0,0,0,0,0,0,0,0,0,74,0,0,0,1,2,55,3,2,2,1,0,0,14,12,1,1,4,6,1,1
18,180560,1,2,1,20,10,16,15,12,6,1,0,18,1,18,7,18007,4,2002,1G4HP54K22U1,1,G,4,H,P,5,4,K,2,2,U,1,0,P,BUIC,LCF,4D,2,17,3567,,0,1122,,G,,F,6,231,,,15R215,,,,,,0,0,000000000,00000000000,0,0,0,1,0,0,0,0,0,0,0,998,0,0,0,9,9,6,2,12,0,0,0,1,18,46504,6,1,0,0,3,1,68,230,0,0,0,0,0,0,0,0,0,0,38,0,0,0,5,2,50,1,1,2,2,1,3,1,17,1,1,1,89,1,0
18,180560,2,2,1,20,10,16,15,12,6,1,0,18,3,85,881,85881,66,2009,1XKDD49X99J2,1,X,K,D,D,4,9,X,9,9,J,2,1,T,KW,T80,TR,9,17,,8,2600,1600,CON,D,,,6,915,,,,,00000,00,,64,1,57,682853,57682853,3,6,4,1,0,0,0,0,0,0,0,998,0,0,0,12,12,0,1,12,0,0,0,1,18,46818,6,1,6,1,3,0,999,999,0,0,0,0,0,0,0,0,0,0,92,0,0,0,5,2,50,1,1,2,2,0,0,1,66,6,1,1,88,0,0
18,180561,1,2,2,7,9,17,19,12,2,1,0,18,2,21,2,21002,4,1990,1G3HN54C6L18,1,G,3,H,N,5,4,C,6,L,1,8,0,P,OLDS,DRF,4D,90,17,3105,,0,1108,,G,,F,6,231,,,14R205,,,,,,0,0,000000000,00000000000,0,0,0,1,0,0,0,0,0,0,0,998,0,0,0,12,12,6,2,12,0,0,0,1,18,46173,6,1,0,0,3,0,65,150,0,0,0,0,0,0,0,0,0,0,28,0,0,0,1,2,55,1,1,2,2,0,0,1,10,1,1,2,50,1,0
18,180561,2,2,1,7,9,17,19,12,2,1,0,18,1,7,482,7482,31,2000,1B7HF13Z3YJ1,1,B,7,H,F,1,3,Z,3,Y,J,1,0,T,DODG,Q15,4C,0,17,,2,1547,1387,RPC,G,,,8,360,,,,B,4983,01,U,44,0,0,000000000,00000000000,0,0,0,1,0,0,0,0,0,0,0,998,0,0,0,12,12,6,2,12,0,0,0,1,18,46173,6,1,0,0,3,1,69,145,0,0,0,0,0,0,0,0,0,0,0,0,0,0,1,2,55,1,1,2,2,0,0,1,62,1,1,1,51,0,0
18,180562,1,3,1,24,10,10,43,12,1,1,0,18,3,85,881,85881,62,1999,1NKDLU0X4XJ8,1,N,K,D,L,U,0,X,4,X,J,8,0,T,KW,T80,CC,99,17,,8,2600,1600,CON,D,,,6,733,,,,,00000,00,,64,0,57,836763,57836763,2,2,4,1,0,0,0,0,0,0,0,998,0,0,0,12,12,6,2,12,0,0,0,1,18,46526,6,1,6,0,3,0,73,230,0,0,0,0,0,0,0,0,0,0,26,0,0,0,1,2,55,1,1,2,1,50,2,1,50,4,1,1,20,0,0
18,180562,2,3,1,24,10,10,43,12,1,1,0,18,2,37,441,37441,20,2000,2HKRL1850YH5,2,H,K,R,L,1,8,5,0,Y,H,5,0,P,HOND,UDY,SV,0,17,4233,,0,1181,,G,,F,6,212,,,16R215,,,,,,0,0,000000000,00000000000,0,0,0,1,0,0,0,0,0,0,0,0,0,0,0,6,6,6,2,12,0,0,0,1,18,46732,6,1,0,0,3,1,62,160,0,0,0,0,0,0,0,0,0,0,54,0,0,0,1,2,55,1,1,2,1,50,2,5,53,1,1,1,21,1,0
18,180562,3,3,2,24,10,10,43,12,1,1,0,18,2,12,401,12401,14,1999,1FMDU35P2XZB,1,F,M,D,U,3,5,P,2,X,Z,B,0,P,FORD,EPR,UT,99,17,4347,,0,1116,,G,,F,8,302,,,15R225,,,,,,0,0,000000000,00000000000,0,0,0,1,0,0,0,0,0,0,0,0,0,0,0,6,6,6,2,54,0,0,0,1,18,46567,6,1,0,0,3,1,66,124,0,0,0,0,0,0,0,0,0,0,0,0,0,0,1,2,55,1,1,2,1,50,2,5,53,1,1,1,98,0,0
18,180563,1,1,1,22,10,18,2,39,0,1,0,18,1,73,705,73705,80,2002,JKAZX9B122A0,J,K,A,Z,X,9,B,1,2,2,A,0,0,M,KAWK,Z1B,RC,2,17,,,,,,,1200,,4,,4,463,,,,,,,0,0,000000000,00000000000,0,0,0,1,0,0,0,0,0,0,0,998,0,0,0,12,12,6,2,31,0,0,0,1,18,47302,6,1,6,0,2,0,71,195,0,0,0,0,0,0,0,0,0,1,28,0,0,0,1,2,30,3,1,2,1,0,0,14,12,1,1,4,6,1,1
18,180564,1,1,2,17,10,5,10,8,0,1,0,18,1,63,402,63402,14,2009,KNDJD735X958,K,N,D,J,D,7,3,5,X,9,5,8,0,P,KIA,SOR,UT,9,17,4068,,1063,1067,,G,,F,6,201,,,16R245,,,,,,0,0,000000000,00000000000,0,0,0,1,0,0,0,0,0,0,0,998,0,0,0,12,12,4,1,8,0,0,0,1,18,47167,6,1,0,0,3,0,62,113,1,0,0,0,0,11,2008,11,2008,0,86,0,0,0,1,2,55,1,1,2,1,0,0,6,80,1,1,1,13,0,0