STATE,ST_CASE,VEH_NO,VE_FORMS,NUMOCCS,DAY,MONTH,HOUR,MINUTE,HARM_EV,MAN_COLL,UNITTYPE,HIT_RUN,REG_STAT,OWNER,MAKE,MODEL,MAK_MOD,BODY_TYP,MOD_YEAR,VIN,VIN_1,VIN_2,VIN_3,VIN_4,VIN_5,VIN_6,VIN_7,VIN_8,VIN_9,VIN_10,VIN_11,VIN_12,TOW_VEH,VINTYPE,VINMAKE,VINA_MOD,VIN_BT,VINMODYR,VIN_LNGT,VIN_WGT,WGTCD_TR,WHLBS_LG,WHLBS_SH,SER_TR,FUELCODE,MCYCL_DS,CARBUR,CYLINDER,DISPLACE,MCYCL_CY,MCYCL_WT,TIRE_SZE,TON_RAT,TRK_WT,TRKWTVAR,VIN_REST,WHLDRWHL,J_KNIFE,MCARR_I1,MCARR_I2,MCARR_ID,GVWR,V_CONFIG,CARGO_BT,HAZ_INV,HAZ_PLAC,HAZ_ID,HAZ_CNO,HAZ_REL,BUS_USE,SPEC_USE,EMER_USE,TRAV_SP,UNDERIDE,ROLLOVER,ROLINLOC,IMPACT1,IMPACT2,DEFORMED,TOWED,M_HARM,VEH_SC1,VEH_SC2,FIRE_EXP,DR_PRES,L_STATE,DR_ZIP,L_STATUS,L_TYPE,CDL_STAT,L_ENDORS,L_COMPL,L_RESTRI,DR_HGT,DR_WGT,PREV_ACC,PREV_SUS,PREV_DWI,PREV_SPD,PREV_OTH,FIRST_MO,FIRST_YR,LAST_MO,LAST_YR,SPEEDREL,DR_SF1,DR_SF2,DR_SF3,DR_SF4,VTRAFWAY,VNUM_LAN,VSPD_LIM,VALIGN,VPROFILE,VPAVETYP,VSURCOND,VTRAFCON,VTCONT_F,P_CRASH1,P_CRASH2,P_CRASH3,PCRASH4,PCRASH5,ACC_TYPE,DEATHS,DR_DRINK
18,180598,1,1,2,12,11,19,30,1,0,1,0,18,1,2,404,2404,14,1999,1J4FY29P5XP4,1,J,4,F,Y,2,9,P,5,X,P,4,0,T,JEEP,SEW,2W,99,17,,1,0,934,W/T,G,,,4,150,,,,,2987,00,U,44,0,0,000000000,00000000000,0,0,0,1,0,0,0,0,0,0,0,998,0,1,5,0,0,6,2,1,0,0,0,1,18,47630,6,1,0,0,3,0,71,175,0,0,0,0,0,0,0,0,0,0,0,0,0,0,1,2,40,1,1,2,1,0,0,1,13,1,1,4,1,1,1
18,180599,1,2,1,28,9,20,35,12,2,1,0,17,1,23,481,23481,31,2009,1GTHK44K19E1,1,G,T,H,K,4,4,K,1,9,E,1,0,T,GMC,SK2,PK,9,17,,2,0,1330,SIE,G,,,8,366,,,,C,5556,00,E,44,0,0,000000000,00000000000,0,0,0,1,0,0,0,0,0,0,0,998,0,0,0,12,12,6,2,12,0,0,0,1,17,62979,6,1,6,1,3,0,74,260,0,0,0,0,0,0,0,0,0,0,28,0,0,0,1,2,55,1,1,2,1,0,0,1,10,1,1,2,50,1,1
18,180599,2,2,1,28,9,20,35,12,2,1,0,17,1,20,481,20481,31,2005,1GCEK14X75Z2,1,G,C,E,K,1,4,X,7,5,Z,2,0,T,CHEV,SK1,PK,5,17,,2,1330,1190,SIL,G,,,6,262,,,,B,4436,00,,44,0,0,000000000,00000000000,0,0,0,1,0,0,0,0,0,0,0,998,0,0,0,12,12,6,2,12,0,0,0,1,17,62934,6,1,0,0,3,0,73,155,0,0,0,1,0,7,2009,7,2009,0,92,0,0,0,1,2,55,1,1,2,1,0,0,1,62,1,1,1,51,0,1
18,180600,1,2,2,9,11,16,15,12,7,1,0,18,1,20,481,20481,31,1981,1GCGC24M4BF3,1,G,C,G,C,2,4,M,4,B,F,3,0,T,CHEV,C20,PK,81,17,,2,1645,1315,C20,G,,,8,350,,,,C,3326,09,,42,0,0,000000000,00000000000,0,0,0,1,0,0,0,0,0,0,0,998,0,0,0,4,12,6,2,12,0,0,0,1,18,47905,1,1,0,0,2,1,69,165,0,1,0,0,5,9,2009,12,2010,0,35,0,0,0,1,2,40,1,1,2,1,28,3,6,10,1,1,2,44,1,0
18,180600,2,2,1,9,11,16,15,12,7,1,0,18,1,12,481,12481,31,2004,1FTNX21P74EA,1,F,T,N,X,2,1,P,7,4,E,A,0,T,FORD,F2S,4C,4,17,,2,1580,1418,SRW,D,,,8,366,,,,C,5949,00,U,44,0,0,000000000,00000000000,0,0,0,1,0,0,0,0,0,0,0,998,0,0,0,11,11,0,1,12,0,0,0,1,18,47920,6,1,0,0,3,0,72,200,0,0,0,0,0,0,0,0,0,0,0,0,0,0,1,2,40,1,1,2,1,28,3,1,60,1,1,1,45,0,0
18,180601,1,1,3,4,11,19,46,8,0,1,0,18,3,23,461,23461,21,2010,1GD6G4BG3A19,1,G,D,6,G,4,B,G,3,A,1,9,0,T,GMC,SCT,YY,10,17,,3,0,1770,STV,F,,,8,366,,,,D,4895,00,U,42,0,57,327574,57327574,2,1,1,1,0,0,0,0,0,0,0,998,0,0,0,12,12,4,3,8,0,0,0,1,18,46202,6,1,3,0,3,1,75,241,1,1,0,0,0,12,2008,12,2008,0,0,0,0,0,1,4,45,1,1,2,1,0,0,1,80,2,1,1,13,0,0
18,180602,1,2,1,12,11,7,31,12,2,1,0,18,1,12,17,12017,4,2005,1FAFP56215A2,1,F,A,F,P,5,6,2,1,5,A,2,0,P,FORD,TEL,4D,5,17,3313,,0,1085,,F,,F,6,182,,,16R215,,,,,,0,0,000000000,00000000000,0,0,0,1,0,0,0,0,0,0,0,998,0,0,0,12,12,6,2,12,0,0,0,1,18,47161,6,1,0,0,3,0,67,120,1,0,0,0,1,4,2010,6,2010,0,28,0,0,0,1,2,55,2,1,2,1,0,0,14,10,9,1,1,50,0,0
18,180602,2,2,2,12,11,7,31,12,2,1,0,18,1,20,2,20002,4,2006,2G1WT55K9692,2,G,1,W,T,5,5,K,9,6,9,2,0,P,CHEV,IMT,4D,6,17,3477,,0,1105,,F,,F,6,214,,,16R225,,,,,,0,0,000000000,00000000000,0,0,0,1,0,0,0,0,0,0,0,998,0,0,0,12,12,6,2,12,32,0,0,1,18,47161,6,1,5,0,3,0,66,163,0,0,0,0,0,0,0,0,0,0,0,0,0,0,1,2,55,3,1,2,1,0,0,14,62,1,1,1,51,1,0
18,180603,1,2,1,25,8,15,45,12,7,1,0,17,3,82,881,82881,66,1999,1FUPFWEB4XP9,1,F,U,P,F,W,E,B,4,X,P,9,1,T,FRHT,FLD,TR,99,17,,8,0,0,CON,D,,,6,733,,,,,00000,00,,64,1,57,1493303,571493303,3,6,8,1,0,0,0,0,0,0,0,0,0,0,0,8,14,6,2,12,0,0,0,1,17,61832,6,1,6,1,3,0,72,185,0,0,0,0,0,0,0,0,0,0,0,0,0,0,1,2,55,1,2,2,1,0,0,5,53,1,1,1,48,0,0
18,180603,2,2,2,25,8,15,45,12,7,1,0,17,3,20,481,20481,31,2007,1GBHC24K87E5,1,G,B,H,C,2,4,K,8,7,E,5,1,T,CHEV,2CH,PK,7,17,,2,0,1330,SIL,G,,,8,366,,,,C,5142,00,,42,1,0,000000000,00000000000,0,0,0,1,0,0,0,0,0,0,0,998,1,0,0,82,81,6,2,12,0,0,0,1,17,62526,6,1,0,0,3,1,74,235,0,0,0,0,0,0,0,0,0,0,84,0,0,0,1,2,55,1,2,2,1,0,0,1,50,6,1,2,48,1,0
18,180604,1,1,1,5,10,0,0,11,0,1,0,18,1,34,709,34709,80,1978,61236014,6,1,2,3,6,0,1,4,,,,,0,M,BMW,R80,RS,78,8,,,,,,,797,,2,,4,430,,,,,,,0,0,000000000,00000000000,0,0,0,1,0,0,0,0,0,0,0,998,0,0,0,12,12,6,2,11,0,0,0,1,18,46580,6,1,0,0,3,0,68,180,0,0,0,2,0,10,2008,11,2009,0,0,0,0,0,1,2,35,1,1,2,1,0,0,1,87,1,1,1,13,1,1
18,180605,1,1,1,31,7,2,51,9,0,1,1,99,9,99,999,99999,99,9999,999999999999,9,9,9,9,9,9,9,9,9,9,9,9,9,,,,,,,,,,,,,,,,,,,,,,,,,0,0,000000000,00000000000,0,0,0,1,0,0,0,0,0,0,0,998,0,0,0,98,98,9,1,9,0,0,0,1,99,99999,9,9,99,9,9,9,999,999,99,99,99,99,99,99,9999,99,9999,9,99,99,99,99,1,2,98,1,1,2,1,0,0,99,83,1,1,1,13,0,0
18,180606,1,1,1,8,11,6,13,9,0,1,0,18,3,38,882,38882,61,2011,JALC4W165B70,J,A,L,C,4,W,1,6,5,B,7,0,0,T,ISU,NPR,TB,11,17,,4,0,0,NPR,D,,,4,317,,,,,00000,00,,42,0,57,618375,57618375,2,1,1,1,0,0,0,0,0,0,0,998,0,0,0,12,12,6,2,9,0,0,0,1,18,46239,6,1,6,1,3,0,70,245,0,0,0,0,0,0,0,0,0,0,0,0,0,0,1,2,55,1,1,2,1,28,3,1,83,1,1,1,13,0,0
18,180607,1,2,1,20,11,0,30,12,6,1,0,21,1,49,40,49040,4,1998,4T1BG22K6WU2,4,T,1,B,G,2,2,K,6,W,U,2,0,P,TOYT,CXL,4D,98,17,2998,,0,1051,,G,,F,4,132,,,14R195,,,,,,0,0,000000000,00000000000,0,0,0,1,0,0,0,0,0,0,0,998,0,0,0,11,62,6,2,12,0,0,0,1,21,40422,6,1,6,0,3,0,73,230,0,0,0,0,1,10,2011,10,2011,0,51,28,92,0,1,2,55,2,1,2,1,0,0,14,10,1,1,2,64,0,0
18,180607,2,2,2,20,11,0,30,12,6,1,0,18,1,58,37,58037,2,2003,JNKCV54EX3M2,J,N,K,C,V,5,4,E,X,3,M,2,0,P,INFI,G35,CP,3,17,3290,,0,1122,,G,,F,6,214,,,17R235,,,,,,0,0,000000000,00000000000,0,0,0,1,0,0,0,0,0,0,0,998,0,0,0,10,62,6,2,12,0,0,0,1,18,47119,6,1,0,0,3,0,70,165,0,0,0,0,0,0,0,0,0,0,0,0,0,0,1,2,55,3,1,2,1,0,0,14,62,1,1,1,65,1,1
18,180609,1,1,2,21,11,13,25,10,0,1,0,18,1,9,442,9442,20,1999,2P4FP2535XR2,2,P,4,F,P,2,5,3,5,X,R,2,0,P,PLYM,VOF,SV,99,17,3415,,0,1133,,G,,F,6,181,,,14R205,,,,,,0,0,000000000,00000000000,0,0,0,1,0,0,0,0,0,0,0,998,0,0,0,3,81,6,2,10,32,0,0,1,18,46383,6,1,0,0,3,1,61,130,0,1,0,0,0,7,2009,7,2009,0,8,40,39,0,1,2,25,1,1,2,1,65,3,6,91,1,1,1,15,1,0
18,180610,1,1,1,21,11,8,0,34,0,1,0,18,1,22,22,22022,4,2009,1G2ZJ57K7942,1,G,2,Z,J,5,7,K,7,9,4,2,0,P,PONT,G/6,4D,9,17,3305,,0,1123,,F,,F,6,214,,,17R225,,,,,,0,0,000000000,00000000000,0,0,0,1,0,0,0,0,0,0,0,998,0,0,0,14,12,6,2,39,0,0,0,1,18,46065,6,1,0,0,3,1,72,225,0,0,0,0,0,0,0,0,0,0,28,0,0,0,1,2,55,1,2,2,1,28,3,1,12,1,1,4,6,1,0
18,180611,1,1,1,29,10,12,36,49,0,1,0,39,1,7,482,7482,31,2006,1D7KS28CX6J2,1,D,7,K,S,2,8,C,X,6,J,2,0,T,DODG,SQ2,CW,6,17,,2,1605,1405,RPC,D,,,6,359,,,,C,6218,01,E,44,0,0,000000000,00000000000,0,0,0,1,0,0,0,0,0,0,0,998,0,0,0,12,12,0,3,49,0,0,0,1,39,45832,6,1,0,0,3,1,69,201,2,0,0,1,0,4,2009,9,2009,0,8,0,0,0,1,2,55,1,1,2,1,0,0,1,87,1,1,1,13,0,0
18,180612,1,1,1,16,11,22,41,8,0,1,0,18,1,7,442,7442,20,2000,2B4GP25R7YR6,2,B,4,G,P,2,5,R,7,Y,R,6,0,P,DODG,CAR,SV,0,17,3432,,0,1133,,G,,F,6,201,,,14R205,,,,,,0,0,000000000,00000000000,0,0,0,1,0,0,0,0,0,0,0,998,0,0,0,12,12,0,1,8,0,0,0,1,18,46740,6,1,0,0,3,1,64,140,1,0,0,0,1,11,2009,3,2010,0,0,0,0,0,1,2,35,1,1,2,1,28,3,1,80,6,1,1,13,0,1
18,180613,1,2,4,20,11,18,57,12,6,1,0,18,2,18,7,18007,4,1992,1G4HP53L0NH5,1,G,4,H,P,5,3,L,0,N,H,5,0,P,BUIC,LCF,4D,92,17,3417,,0,1108,,G,,F,6,231,,,15R205,,,,,,0,0,000000000,00000000000,0,0,0,1,0,0,0,0,0,0,0,998,0,0,0,9,9,6,2,12,0,0,0,1,18,46349,6,1,0,0,3,0,64,160,0,1,0,1,1,3,2010,9,2010,0,38,0,0,0,5,2,40,1,1,2,1,4,3,1,17,1,1,1,89,1,0
18,180613,2,2,3,20,11,18,57,12,6,1,0,18,1,22,20,22020,4,1998,1G2WP12K9WF3,1,G,2,W,P,1,2,K,9,W,F,3,0,P,PONT,GPG,CP,98,17,3396,,0,1105,,G,,F,6,231,,,16R225,,,,,,0,0,000000000,00000000000,0,0,0,1,0,0,0,0,0,0,0,998,0,0,0,12,12,6,2,12,0,0,0,1,18,46356,6,1,0,0,3,2,63,120,2,0,0,1,3,12,2009,7,2011,0,74,0,0,0,5,2,40,1,1,2,1,4,3,1,66,1,1,1,88,0,0
18,180614,1,2,2,20,11,3,49,12,2,1,0,18,2,22,20,22020,4,2004,2G2WS5226412,2,G,2,W,S,5,2,2,6,4,1,2,0,P,PONT,GP2,4D,4,17,3484,,0,1105,,G,,F,6,231,,,16R225,,,,,,0,0,000000000,00000000000,0,0,0,1,0,0,0,0,0,0,0,998,0,0,0,12,12,6,2,12,0,0,0,1,18,46041,0,0,0,0,0,0,999,999,99,99,99,99,99,99,9999,99,9999,0,50,0,0,0,2,3,50,4,3,1,2,0,0,14,54,1,1,1,52,1,1
18,180614,2,2,4,20,11,3,49,12,2,1,0,53,2,13,401,13401,14,2004,5LMEU68H34ZJ,5,L,M,E,U,6,8,H,3,4,Z,J,0,P,LINC,AVI,UT,4,17,4818,,0,1137,,G,,F,8,281,,,17R245,,,,,,0,0,000000000,00000000000,0,0,0,1,0,0,0,0,0,0,0,998,0,0,0,12,12,6,2,12,0,0,0,1,53,99011,1,1,0,0,2,2,69,200,0,1,0,0,0,8,2011,8,2011,0,74,0,0,0,2,3,50,4,3,1,2,0,0,14,54,7,1,1,52,0,1
18,180615,1,1,1,24,11,22,0,35,0,1,0,18,1,22,32,22032,6,2003,5Y2SN62L83Z4,5,Y,2,S,N,6,2,L,8,3,Z,4,0,P,PONT,VGT,4H,3,17,2780,,0,1024,,G,,F,4,110,,,16R205,,,,,,0,0,000000000,00000000000,0,0,0,1,0,0,0,0,0,0,0,998,0,1,6,1,98,6,2,3,0,0,0,1,18,46936,6,1,0,0,3,1,72,215,0,1,1,0,0,1,2009,1,2009,0,0,0,0,0,1,2,55,1,1,2,1,0,0,1,13,1,1,4,1,1,1
18,180617,1,1,3,24,11,5,0,46,0,1,0,29,3,2,404,2404,14,2011,1J4RR4GG2BC6,1,J,4,R,R,4,G,G,2,B,C,6,0,T,JEEP,LRO,4W,11,17,,2,0,1148,GCK,F,,,6,220,,,,,4660,00,W,44,0,0,000000000,00000000000,0,0,0,1,0,0,0,0,0,0,0,998,0,0,0,12,12,6,2,46,0,0,0,1,29,64055,9,9,99,9,9,9,999,999,99,99,99,99,99,99,9999,99,9999,1,28,0,0,0,1,3,35,1,1,2,2,1,3,1,12,1,1,4,6,1,0
18,180618,1,2,1,7,11,22,27,8,0,1,1,99,9,99,999,99999,99,9999,999999999999,9,9,9,9,9,9,9,9,9,9,9,9,0,,,,,,,,,,,,,,,,,,,,,,,,,0,0,000000000,00000000000,0,0,0,1,0,0,0,0,0,0,0,999,0,0,0,99,99,9,1,8,0,0,0,1,99,99999,9,9,99,9,9,9,999,999,99,99,99,99,99,99,9999,99,9999,0,0,0,0,0,1,2,40,1,1,2,2,0,0,1,80,1,1,1,13,0,0
18,180618,2,2,1,7,11,22,27,8,0,1,0,18,1,6,43,6043,4,2002,1C3EL56R72N3,1,C,3,E,L,5,6,R,7,2,N,3,0,P,CHRY,SLI,4D,2,17,3180,,0,1080,,G,,F,6,167,,,16R205,,,,,,0,0,000000000,00000000000,0,0,0,1,0,0,0,0,0,0,0,998,0,0,0,12,12,4,3,8,0,0,0,1,18,46312,6,1,0,0,3,1,60,130,1,2,0,2,0,7,2009,10,2010,1,86,0,0,0,1,2,40,1,1,2,2,0,0,1,80,1,1,1,98,0,0
18,180619,1,1,1,27,11,19,10,8,0,1,0,18,1,37,32,37032,4,2002,1HGCG56782A0,1,H,G,C,G,5,6,7,8,2,A,0,0,P,HOND,USE,4D,2,17,3120,,0,1069,,G,,F,4,138,,,15R195,,,,,,0,0,000000000,00000000000,0,0,0,1,0,0,0,0,0,0,0,998,0,0,0,12,12,6,2,8,0,0,0,1,18,46268,6,1,0,0,3,0,75,169,0,0,0,1,0,5,2009,5,2009,1,87,0,0,0,2,4,40,1,1,2,2,2,3,1,80,7,1,1,13,0,0
18,180620,1,1,1,22,11,21,0,24,0,1,0,18,1,20,401,20401,14,1998,1GNCT18W2WK2,1,G,N,C,T,1,8,W,2,W,K,2,0,P,CHEV,BZR,UT,98,17,3874,,0,1005,,G,,F,6,262,,,15R235,,,,,,0,0,000000000,00000000000,0,0,0,1,0,0,0,0,0,0,0,998,0,0,0,11,12,6,2,42,0,0,0,1,18,46260,6,1,0,0,3,1,61,115,0,0,0,1,0,2,2010,2,2010,1,35,0,0,0,1,2,55,4,1,2,2,0,0,14,12,1,1,4,6,1,1
18,180621,1,1,2,27,11,17,58,8,0,1,0,18,1,12,481,12481,31,2003,1FTRF17203NB,1,F,T,R,F,1,7,2,0,3,N,B,0,T,FORD,F15,PK,3,17,,2,1385,1199,COF,G,,,6,256,,,,B,4060,00,U,42,0,0,000000000,00000000000,0,0,0,1,0,0,0,0,0,0,0,998,0,0,0,12,12,0,1,8,0,0,0,1,18,46227,6,1,0,0,3,1,72,170,0,0,0,0,0,0,0,0,0,0,0,0,0,0,5,4,30,1,1,2,2,0,0,1,80,1,1,1,13,0,0
18,180622,1,1,1,11,10,17,23,1,0,1,0,18,1,37,703,37703,80,1987,JH2MF0202HK1,J,H,2,M,F,0,2,0,2,H,K,1,0,M,HOND,CN2,MS,87,17,,,,,,,250,,1,,4,341,,,,,,,0,0,000000000,00000000000,0,0,0,1,0,0,0,0,0,0,0,998,0,0,0,0,0,6,2,1,32,0,0,1,18,47591,6,1,0,0,2,1,71,310,0,0,0,1,1,1,2010,3,2010,0,0,0,0,0,1,2,30,1,1,2,1,0,0,17,98,6,1,1,98,1,0
18,180623,1,1,1,16,10,15,36,11,0,1,0,18,1,37,703,37703,80,2002,1HFSC46092A0,1,H,F,S,C,4,6,0,9,2,A,0,0,M,HOND,XT8,RS,2,17,,,,,,,1795,,2,,4,705,,,,,,,0,0,000000000,00000000000,0,0,0,1,0,0,0,0,0,0,0,998,0,0,0,12,12,6,2,11,0,0,0,1,18,46254,6,1,0,0,3,1,71,225,0,0,0,0,0,0,0,0,0,0,0,0,0,0,1,2,55,1,3,2,1,28,3,1,87,1,1,1,13,1,0
18,180624,1,1,1,27,11,17,50,8,0,1,1,99,9,18,399,18399,9,9999,999999999999,9,9,9,9,9,9,9,9,9,9,9,9,0,,,,,,,,,,,,,,,,,,,,,,,,,0,0,000000000,00000000000,0,0,0,1,0,0,0,0,0,0,0,998,0,0,0,12,12,9,1,8,0,0,0,1,99,99999,9,9,99,9,9,9,999,999,99,99,99,99,99,99,9999,99,9999,0,99,99,99,99,2,3,99,1,1,2,2,2,3,1,80,1,1,1,13,0,0
18,180625,1,3,1,1,12,14,44,12,6,1,0,18,1,18,3,18003,4,1999,1G4CU521XX46,1,G,4,C,U,5,2,1,X,X,4,6,0,P,BUIC,PAU,4D,99,17,3884,,0,1138,,G,,Z,6,231,,,16R225,,,,,,0,0,000000000,00000000000,0,0,0,1,0,0,0,0,0,0,0,998,0,0,0,9,9,6,2,12,0,0,0,1,18,46628,6,1,0,0,3,0,70,160,0,0,0,0,0,0,0,0,0,0,28,38,0,0,2,4,55,1,1,2,1,0,0,10,16,1,1,1,78,1,1
18,180625,2,3,1,1,12,14,44,12,6,1,0,18,3,87,881,87881,66,2000,1XP5DB9X7YN5,1,X,P,5,D,B,9,X,7,Y,N,5,1,T,PTRB,379,TR,0,17,,8,0,0,CON,D,,,6,893,,,,,00000,00,,64,1,57,1253319,571253319,3,6,8,1,0,0,0,0,0,0,0,998,0,0,0,12,12,0,1,12,0,0,0,1,18,46561,6,1,6,1,3,0,70,220,0,0,0,0,1,7,2011,7,2011,0,0,0,0,0,2,4,55,1,1,2,1,0,0,1,65,99,1,1,79,0,0
18,180625,3,3,1,1,12,14,44,12,6,1,0,18,1,54,35,54035,4,1999,19UUA5650XA0,1,9,U,U,A,5,6,5,0,X,A,0,0,P,ACUR,32T,4D,99,17,3447,,0,1081,,G,,F,6,197,,,16R205,,,,,,0,0,000000000,00000000000,0,0,0,1,0,0,0,0,0,0,0,998,0,0,0,12,12,6,2,12,0,0,0,1,18,46350,6,1,0,0,3,1,66,160,0,0,0,0,0,0,0,0,0,0,0,0,0,0,2,4,55,1,1,2,1,0,0,1,62,1,1,1,98,0,0
18,180626,1,1,1,18,11,15,29,34,0,1,0,18,2,35,39,35039,4,2006,1N4BA41E36C8,1,N,4,B,A,4,1,E,3,6,C,8,0,P,NISS,MEL,4D,6,17,3359,,0,1112,,G,,F,6,214,,,000000,,,,,,0,0,000000000,00000000000,0,0,0,1,0,0,0,0,0,0,0,998,0,1,5,14,13,6,2,42,0,0,0,1,18,47250,6,1,0,0,3,2,70,140,0,0,0,0,0,0,0,0,0,1,58,74,0,0,1,2,40,2,1,2,1,0,0,14,8,3,1,4,1,1,0
18,180628,1,1,3,24,11,0,30,52,0,1,0,53,2,37,31,37031,2,1996,1HGEJ8144TL0,1,H,G,E,J,8,1,4,4,T,L,0,0,P,HOND,UAX,CP,96,17,2397,,0,1032,,G,,F,4,097,,,14R185,,,,,,0,0,000000000,00000000000,0,0,0,1,0,0,0,0,0,0,0,998,0,0,0,12,12,6,2,52,0,0,0,1,18,46350,6,1,0,0,3,0,66,120,0,3,1,3,2,7,2010,7,2011,1,35,0,0,0,3,3,70,2,1,2,1,0,0,14,8,1,2,4,7,1,0
18,180629,1,1,1,24,11,13,10,8,0,1,0,17,3,51,881,51881,66,2007,4V4MC9GF77N4,4,V,4,M,C,9,G,F,7,7,N,4,1,T,VOLV,VNM,TR,7,17,,8,0,0,VVN,D,,,6,732,,,,,00000,00,,64,1,57,71821,5771821,3,6,1,1,0,0,0,0,0,0,0,998,0,0,0,12,12,0,1,8,0,0,0,1,17,60452,6,1,6,1,3,0,73,210,0,0,0,0,0,0,0,0,0,0,0,0,0,0,3,4,55,1,1,1,1,0,0,1,80,6,1,1,13,0,0
18,180630,1,2,1,24,11,9,51,12,6,1,0,18,1,55,36,55036,4,2008,KMHCN46C38U2,K,M,H,C,N,4,6,C,3,8,U,2,0,P,HYUN,ALS,4D,8,17,2365,,0,984,,G,,F,4,098,,,14R185,,,,,,0,0,000000000,00000000000,0,0,0,1,0,0,0,0,0,0,0,998,0,0,0,12,12,6,2,12,0,0,0,1,18,47274,6,1,0,0,3,0,69,204,0,0,0,0,0,0,0,0,0,0,0,0,0,0,2,4,45,1,1,2,1,0,0,1,67,1,1,1,69,1,0
18,180630,2,2,2,24,11,9,51,12,6,1,0,18,3,84,881,84881,66,2012,3HSDJSJR7CN5,3,H,S,D,J,S,J,R,7,C,N,5,1,T,INTL,PRO,TR,12,17,,8,0,0,PRO,D,,,6,793,,,,,00000,00,,64,1,57,261902,57261902,3,6,1,1,0,0,0,0,0,0,0,998,0,0,0,8,8,0,1,12,0,0,0,1,26,49424,6,1,6,1,3,1,73,220,1,0,0,0,0,11,2009,11,2009,0,38,0,0,0,2,4,45,1,1,2,1,0,0,11,15,1,1,1,68,0,0
18,180631,1,1,1,2,12,1,5,9,0,1,0,18,3,84,881,84881,63,2011,1HTXHAHT5BJ3,1,H,T,X,H,A,H,T,5,B,J,3,0,T,INTL,56I,CC,11,17,,8,0,0,560,D,,,6,661,,,,,00000,00,,64,0,57,000195615,57000195615,3,2,8,1,0,0,0,0,0,0,0,998,0,0,0,12,12,4,3,9,0,0,0,1,18,47145,6,1,6,0,3,1,72,230,0,0,0,1,0,1,2009,1,2009,0,86,0,0,0,5,3,45,1,1,1,1,0,0,1,83,1,1,1,13,0,0
18,180632,1,2,2,2,12,12,24,33,0,1,0,18,2,20,481,20481,31,1996,1GCEC19R0TE2,1,G,C,E,C,1,9,R,0,T,E,2,0,T,CHEV,GC1,PC,96,17,,2,1555,1415,GM4,G,,,8,350,,,,B,4068,02,,42,0,0,000000000,00000000000,0,0,0,1,0,0,0,0,0,0,0,998,0,0,0,14,62,6,2,12,0,0,0,1,21,40218,6,1,0,0,3,1,68,210,0,0,0,0,0,0,0,0,0,0,0,0,0,0,1,4,35,1,2,2,1,0,0,1,8,7,4,4,7,0,0
18,180632,2,2,1,2,12,12,24,33,0,1,0,21,2,12,17,12017,4,2002,1FAFP55S82A2,1,F,A,F,P,5,5,S,8,2,A,2,0,P,FORD,TSS,4D,2,17,3392,,0,1085,,G,,F,6,182,,,16R215,,,,,,0,0,000000000,00000000000,0,0,0,1,0,0,0,0,0,0,0,998,0,0,0,12,61,6,2,12,0,0,0,1,21,40216,6,1,0,0,3,0,72,225,0,0,0,0,0,0,0,0,0,0,0,0,0,0,1,4,35,1,2,2,1,0,0,1,60,1,1,1,98,1,0
18,180633,1,1,1,3,12,22,25,9,0,1,0,18,2,2,404,2404,14,1996,1J4GZ78S9TC3,1,J,4,G,Z,7,8,S,9,T,C,3,0,T,JEEP,LMT,4W,96,17,,1,0,1059,GCK,G,,,6,242,,,,,3686,00,E,44,0,0,000000000,00000000000,0,0,0,1,0,0,0,0,0,0,0,998,0,0,0,12,12,4,3,9,0,0,0,1,18,47591,1,1,0,0,2,2,70,230,0,6,0,2,3,9,2009,11,2011,0,74,86,0,0,3,3,40,1,1,2,1,0,0,1,83,6,1,1,13,0,0
18,180634,1,3,1,9,12,6,35,12,6,1,0,19,3,84,881,84881,66,2007,2HSCNAPR47C5,2,H,S,C,N,A,P,R,4,7,C,5,1,T,INTL,94I,TR,7,17,,8,0,0,940,D,,,6,915,,,,,00000,00,,64,1,57,055787,57055787,3,6,1,1,0,0,0,0,0,0,0,998,0,0,0,7,7,4,1,12,0,0,0,1,18,46819,6,1,6,0,3,0,68,205,0,0,0,0,0,0,0,0,0,1,27,87,88,0,1,2,55,1,3,2,10,28,3,1,6,1,2,2,64,0,0
18,180634,2,3,1,9,12,6,35,12,6,1,0,18,1,20,37,20037,4,2004,1G1ZU54874F1,1,G,1,Z,U,5,4,8,7,4,F,1,0,P,CHEV,MLT,4D,4,17,3315,,0,1063,,G,,F,6,214,,,16R215,,,,,,0,0,000000000,00000000000,0,0,0,1,0,0,0,0,0,0,0,998,0,0,0,12,12,6,2,12,0,0,0,1,18,46947,6,1,0,0,3,1,70,230,0,0,0,0,0,0,0,0,0,0,0,0,0,0,1,2,55,1,3,2,10,28,3,1,62,1,1,1,65,1,0
18,180634,3,3,1,9,12,6,35,12,6,1,0,18,1,7,482,7482,31,1997,1B7HC16Z1VS2,1,B,7,H,C,1,6,Z,1,V,S,2,0,T,DODG,150,PK,97,17,,2,1347,1187,RPC,G,,,8,360,,,,B,3868,02,M,42,0,0,000000000,00000000000,0,0,0,1,0,0,0,0,0,0,0,998,0,0,0,6,6,4,1,12,0,0,0,1,18,46939,6,1,6,0,3,0,72,225,0,0,0,0,0,0,0,0,0,0,0,0,0,0,1,2,55,1,3,2,10,28,3,2,53,1,1,1,98,0,0