STATE,ST_CASE,VEH_NO,VE_FORMS,NUMOCCS,DAY,MONTH,HOUR,MINUTE,HARM_EV,MAN_COLL,UNITTYPE,HIT_RUN,REG_STAT,OWNER,MAKE,MODEL,MAK_MOD,BODY_TYP,MOD_YEAR,VIN,VIN_1,VIN_2,VIN_3,VIN_4,VIN_5,VIN_6,VIN_7,VIN_8,VIN_9,VIN_10,VIN_11,VIN_12,TOW_VEH,VINTYPE,VINMAKE,VINA_MOD,VIN_BT,VINMODYR,VIN_LNGT,VIN_WGT,WGTCD_TR,WHLBS_LG,WHLBS_SH,SER_TR,FUELCODE,MCYCL_DS,CARBUR,CYLINDER,DISPLACE,MCYCL_CY,MCYCL_WT,TIRE_SZE,TON_RAT,TRK_WT,TRKWTVAR,VIN_REST,WHLDRWHL,J_KNIFE,MCARR_I1,MCARR_I2,MCARR_ID,GVWR,V_CONFIG,CARGO_BT,HAZ_INV,HAZ_PLAC,HAZ_ID,HAZ_CNO,HAZ_REL,BUS_USE,SPEC_USE,EMER_USE,TRAV_SP,UNDERIDE,ROLLOVER,ROLINLOC,IMPACT1,IMPACT2,DEFORMED,TOWED,M_HARM,VEH_SC1,VEH_SC2,FIRE_EXP,DR_PRES,L_STATE,DR_ZIP,L_STATUS,L_TYPE,CDL_STAT,L_ENDORS,L_COMPL,L_RESTRI,DR_HGT,DR_WGT,PREV_ACC,PREV_SUS,PREV_DWI,PREV_SPD,PREV_OTH,FIRST_MO,FIRST_YR,LAST_MO,LAST_YR,SPEEDREL,DR_SF1,DR_SF2,DR_SF3,DR_SF4,VTRAFWAY,VNUM_LAN,VSPD_LIM,VALIGN,VPROFILE,VPAVETYP,VSURCOND,VTRAFCON,VTCONT_F,P_CRASH1,P_CRASH2,P_CRASH3,PCRASH4,PCRASH5,ACC_TYPE,DEATHS,DR_DRINK
18,180667,3,3,1,16,12,18,15,12,2,1,0,18,1,12,471,12471,30,1987,1FTBR10AXHUD,1,F,T,B,R,1,0,A,X,H,U,D,0,T,FORD,RNG,PK,87,17,,1,1140,1080,RNG,G,,,4,140,,,,B,2486,01,A,42,0,0,000000000,00000000000,0,0,0,1,0,0,0,0,0,0,0,998,0,0,0,12,12,6,2,12,0,0,0,1,18,47633,6,1,6,0,3,1,63,140,0,0,0,0,0,0,0,0,0,0,0,0,0,0,2,4,60,1,1,1,1,0,0,1,62,4,1,1,98,0,0
18,180668,1,2,1,27,12,12,20,12,6,1,0,18,1,20,39,20039,4,2004,KL1TD52644B1,K,L,1,T,D,5,2,6,4,4,B,1,0,P,CHEV,AVO,4D,4,17,2343,,0,976,,G,,F,4,098,,,14R185,,,,,,0,0,000000000,00000000000,0,0,0,1,0,0,0,0,0,0,0,998,0,0,0,9,9,6,2,12,0,0,0,1,18,46714,0,0,0,0,0,0,999,999,0,0,0,0,0,0,0,0,0,0,38,0,0,0,1,2,55,1,1,2,2,20,3,1,17,1,1,1,89,1,0
18,180668,2,2,4,27,12,12,20,12,6,1,0,18,1,20,401,20401,14,1992,1GNCS18Z9N01,1,G,N,C,S,1,8,Z,9,N,0,1,0,P,CHEV,S10,UT,92,17,3186,,0,1005,,G,,F,6,262,,,15R205,,,,,,0,0,000000000,00000000000,0,0,0,1,0,0,0,0,0,0,0,998,0,0,0,12,12,6,2,12,0,0,0,1,18,47381,6,1,0,0,3,0,69,178,0,0,0,0,0,0,0,0,0,0,0,0,0,0,1,2,55,1,1,2,2,0,0,1,66,1,1,1,88,0,0
18,180669,1,3,1,1,12,9,0,12,1,1,0,21,3,82,881,82881,66,2007,1FUJA6CV97DY,1,F,U,J,A,6,C,V,9,7,D,Y,1,T,FRHT,COL,TR,7,17,,8,0,0,CON,D,,,6,782,,,,,00000,00,,64,1,57,278668,57278668,3,6,1,1,0,0,0,0,0,0,0,998,0,0,0,12,12,6,2,12,0,0,1,1,21,40243,6,1,6,0,3,1,77,295,0,1,0,0,0,12,2010,12,2010,0,38,92,0,0,3,3,65,1,1,1,1,0,0,1,50,1,1,1,20,0,0
18,180669,2,3,1,1,12,9,0,12,1,1,0,18,2,7,43,7043,4,2004,1B3EL36X64N1,1,B,3,E,L,3,6,X,6,4,N,1,0,P,DODG,SSE,4D,4,17,3088,,0,1080,,G,,F,4,146,,,15R205,,,,,,0,0,000000000,00000000000,0,0,0,1,0,0,0,0,0,0,0,0,3,0,0,6,98,6,2,12,40,0,1,1,18,47265,6,1,6,0,3,0,71,185,0,0,0,0,0,0,0,0,0,0,54,0,0,0,3,3,65,1,1,1,1,0,0,5,53,1,1,1,21,1,0
18,180669,3,3,0,1,12,9,0,12,1,1,0,18,6,19,18,19018,4,2004,1G6DM5773401,1,G,6,D,M,5,7,7,3,4,0,1,0,P,CADI,C/T,4D,4,17,3509,,0,1134,,G,,F,6,220,,,16R225,,,,,,0,0,000000000,00000000000,0,0,0,1,0,0,0,0,0,0,0,0,0,0,0,6,12,6,2,12,0,0,0,0,0,99997,7,6,97,7,6,7,998,997,998,998,998,998,998,98,9998,98,9998,8,54,0,0,0,3,3,65,1,1,1,1,0,0,0,53,0,0,0,98,0,0
18,180670,1,1,2,20,12,15,55,8,0,1,0,18,1,20,2,20002,4,2003,2G1WH52K6391,2,G,1,W,H,5,2,K,6,3,9,1,0,P,CHEV,IPL,4D,3,17,3466,,0,1105,,G,,F,6,231,,,16R225,,,,,,0,0,000000000,00000000000,0,0,0,1,0,0,0,0,0,0,0,998,0,0,0,12,12,6,2,8,0,0,0,1,18,47122,6,1,0,0,3,1,74,155,0,0,0,0,0,0,0,0,0,0,0,0,0,0,1,2,30,3,1,2,1,20,3,17,54,99,1,1,13,0,0
18,180671,1,1,1,27,12,21,22,8,0,1,0,18,1,23,401,23401,14,2002,1GKDT13S2221,1,G,K,D,T,1,3,S,2,2,2,1,0,T,GMC,ENV,4W,2,17,,1,0,1130,ENV,G,,,6,256,,,,B,4628,00,K,44,0,0,000000000,00000000000,0,0,0,1,0,0,0,0,0,0,0,998,0,0,0,12,12,6,2,8,0,0,0,1,18,46226,6,1,0,0,3,1,65,140,0,0,0,0,0,0,0,0,0,0,0,0,0,0,2,6,40,1,1,2,1,0,0,1,80,1,1,1,13,0,0
18,180672,1,2,1,18,12,16,40,12,2,1,0,18,1,24,1,24001,4,1999,1G8ZF5283XZ2,1,G,8,Z,F,5,2,8,3,X,Z,2,0,P,STRN,SSL,4D,99,17,2326,,0,1024,,G,,F,4,116,,,14R175,,,,,,0,0,000000000,00000000000,0,0,0,1,0,0,0,0,0,0,0,998,0,1,5,12,12,6,2,12,0,0,0,1,18,47501,6,1,0,0,3,0,61,95,0,0,0,3,1,8,2011,10,2011,1,8,28,35,0,1,2,45,1,1,2,1,0,0,6,10,1,1,1,50,1,0
18,180672,2,2,2,18,12,16,40,12,2,1,0,18,1,12,37,12037,4,2002,3FAFP37322R1,3,F,A,F,P,3,7,3,2,2,R,1,0,P,FORD,FX5,5D,2,17,2699,,0,1030,,G,,F,4,121,,,16R205,,,,,,0,0,000000000,00000000000,0,0,0,1,0,0,0,0,0,0,0,998,0,0,0,12,12,6,2,12,32,0,0,1,18,47501,6,1,0,0,3,1,61,130,0,0,0,0,0,0,0,0,0,0,0,0,0,0,1,2,45,1,1,2,1,0,0,1,62,7,1,1,51,1,0
18,180673,1,1,1,26,12,16,23,21,0,1,0,39,3,86,881,86881,66,2001,1M1AE07Y51W0,1,M,1,A,E,0,7,Y,5,1,W,0,1,T,MACK,CX6,TR,1,17,,8,0,0,600,D,,,6,728,,,,,00000,00,,64,1,57,000766000,57000766000,3,6,2,2,2,1090,3,2,0,0,0,998,0,0,0,13,98,6,2,21,0,0,0,1,39,43214,6,1,6,1,3,0,72,999,0,0,0,0,0,0,0,0,0,0,0,0,0,0,3,3,65,1,1,2,1,0,0,1,12,1,1,4,6,1,0
18,180674,1,2,1,29,12,15,56,12,2,1,0,18,1,22,18,22018,4,2002,1G2NF52F32C3,1,G,2,N,F,5,2,F,3,2,C,3,0,P,PONT,SE1,4D,2,17,3116,,0,1070,,G,,F,4,134,,,15R215,,,,,,0,0,000000000,00000000000,0,0,0,1,0,0,0,0,0,0,0,998,0,0,0,12,12,6,2,12,0,0,0,1,18,46953,6,1,0,0,3,1,60,145,0,0,0,0,0,0,0,0,0,0,28,38,0,0,1,2,35,1,1,2,1,0,0,1,10,1,1,2,50,1,0
18,180674,2,2,1,29,12,15,56,12,2,1,0,18,2,12,401,12401,14,1986,1FMCU14T6GUA,1,F,M,C,U,1,4,T,6,G,U,A,0,P,FORD,BII,UT,86,17,0,,0,940,,G,,F,6,177,,,000000,,,,,,0,0,000000000,00000000000,0,0,0,1,0,0,0,0,0,0,0,998,0,0,0,12,12,6,2,12,0,0,0,1,18,46953,6,1,0,0,3,0,67,140,0,1,0,2,1,3,2010,12,2010,0,0,0,0,0,1,2,35,1,1,2,1,0,0,1,62,1,1,1,51,0,0
18,180675,1,2,5,20,12,19,25,12,2,1,0,18,2,7,442,7442,20,2005,2D4GP24R45R1,2,D,4,G,P,2,4,R,4,5,R,1,0,T,DODG,GCS,ES,5,17,,1,0,1193,CAR,G,,,6,201,,,,,3867,00,E,42,0,0,000000000,00000000000,0,0,0,1,0,0,0,0,0,0,0,998,0,0,0,12,12,6,2,12,0,0,0,1,18,47591,6,1,0,0,3,0,68,170,0,0,0,1,0,4,2011,4,2011,0,28,0,0,0,1,2,50,2,1,2,2,28,3,14,10,1,1,2,50,1,0
18,180675,2,2,1,20,12,19,25,12,2,1,0,18,1,12,23,12023,4,2006,3FAFP06Z06R2,3,F,A,F,P,0,6,Z,0,6,R,2,0,P,FORD,F/S,4D,6,17,3101,,0,1074,,G,,F,4,140,,,16R205,,,,,,0,0,000000000,00000000000,0,0,0,1,0,0,0,0,0,0,0,998,0,0,0,12,12,6,2,12,0,0,0,1,18,47424,6,1,0,0,3,1,67,140,0,0,0,0,0,0,0,0,0,0,0,0,0,0,1,2,50,3,1,2,2,28,3,14,62,1,1,1,51,0,0
18,180676,1,2,1,26,12,4,30,12,1,1,0,17,1,12,17,12017,4,2005,1FAFP53265A2,1,F,A,F,P,5,3,2,6,5,A,2,0,P,FORD,TSE,4D,5,17,3306,,0,1085,,F,,F,6,182,,,16R215,,,,,,0,0,000000000,00000000000,0,0,0,1,0,0,0,0,0,0,0,998,0,0,0,12,12,6,2,12,0,0,0,1,17,62034,6,1,0,0,3,1,69,182,1,0,0,0,0,3,2010,3,2010,1,8,0,0,0,3,4,55,1,1,1,1,0,0,1,51,1,1,1,32,1,1
18,180676,2,2,1,26,12,4,30,12,1,1,0,17,3,51,881,51881,66,2006,4V4NC9TH96N4,4,V,4,N,C,9,T,H,9,6,N,4,1,T,VOLV,VNL,TR,6,17,,8,0,0,VVN,D,,,6,915,,,,,00000,00,,64,1,57,582316,57582316,3,6,1,1,0,0,0,0,0,0,0,998,0,0,0,6,6,0,1,12,0,0,0,1,17,60803,6,1,6,0,3,0,71,196,0,0,0,0,0,0,0,0,0,0,0,0,0,0,3,4,55,1,1,1,1,0,0,1,53,1,1,1,32,0,0
18,180677,1,2,1,30,12,12,45,12,6,1,0,18,1,24,401,24401,14,2005,5GZCZ23D05S8,5,G,Z,C,Z,2,3,D,0,5,S,8,0,P,STRN,VUE,UT,5,17,3246,,0,1066,,G,,F,4,134,,,16R215,,,,,,0,0,000000000,00000000000,0,0,0,1,0,0,0,0,0,0,0,998,0,0,0,9,9,6,2,12,0,0,0,1,18,46219,6,1,0,0,3,1,74,215,0,0,0,0,0,0,0,0,0,0,27,0,0,0,3,4,55,1,1,1,2,0,0,15,10,1,1,2,45,1,0
18,180677,2,2,2,30,12,12,45,12,6,1,0,18,3,20,481,20481,31,2010,1GB6CZBK7AF1,1,G,B,6,C,Z,B,K,7,A,F,1,0,T,CHEV,SC3,CB,10,17,,3,1615,1370,SIL,G,,,8,366,,,,D,5644,01,,42,0,0,000000000,00000000000,0,0,0,1,0,0,0,0,0,0,0,998,0,0,0,12,12,6,2,12,0,0,0,1,18,46408,6,1,0,0,3,0,71,165,0,0,0,1,1,9,2011,9,2011,0,0,0,0,0,3,4,55,1,1,1,2,0,0,1,60,6,1,1,44,0,0
18,180678,1,2,4,30,12,2,33,12,6,1,0,18,1,19,481,19481,31,2007,1GYFK63857R3,1,G,Y,F,K,6,3,8,5,7,R,3,0,P,CADI,ESC,UT,7,17,5751,,0,1160,,G,,F,8,378,,,18R265,,,,,,0,0,000000000,00000000000,0,0,0,1,0,0,0,0,0,0,0,998,0,0,0,12,12,6,2,12,0,0,0,1,18,46321,6,1,0,0,3,0,69,175,0,5,1,0,4,9,2009,3,2011,1,39,8,92,0,5,4,35,1,1,2,1,1,3,1,66,1,1,1,88,0,1
18,180678,2,2,1,30,12,2,33,12,6,1,0,17,1,23,481,23481,31,2005,1GTEC14X05Z1,1,G,T,E,C,1,4,X,0,5,Z,1,0,T,GMC,NC1,PK,5,17,,2,1330,1190,SIE,G,,,6,262,,,,B,4225,01,4,42,0,0,000000000,00000000000,0,0,0,1,0,0,0,0,0,0,0,998,0,0,0,9,9,6,2,12,0,0,0,1,17,60438,6,1,6,0,3,0,71,205,0,0,0,0,0,0,0,0,0,0,0,0,0,0,5,4,35,1,1,2,1,1,3,1,17,1,1,1,89,1,0
18,180679,1,1,3,30,12,13,10,53,0,1,0,12,1,12,442,12442,20,1998,2FMDA5142WBB,2,F,M,D,A,5,1,4,2,W,B,B,0,T,FORD,WWG,ES,98,17,,1,0,1207,WIN,G,,,6,232,,,,B,3762,02,F,42,0,0,000000000,00000000000,0,0,0,1,0,0,0,0,0,0,0,998,0,0,0,11,61,6,2,42,0,0,0,1,12,34235,6,1,0,0,3,0,72,999,0,0,0,0,0,0,0,0,0,0,0,0,0,0,1,2,50,1,1,2,1,0,0,1,13,1,1,4,1,1,0
18,180680,1,1,2,27,10,16,13,30,0,1,0,18,2,23,481,23481,31,1982,1GTGC24M1CJ5,1,G,T,G,C,2,4,M,1,C,J,5,0,T,GMC,C25,PK,82,17,,2,1645,1315,C25,G,,,8,350,,,,C,3511,12,,42,0,0,000000000,00000000000,0,0,0,1,0,0,0,0,0,0,0,998,0,0,0,12,12,6,2,30,0,0,0,1,18,47362,6,2,0,0,3,0,71,210,0,0,0,0,0,0,0,0,0,0,0,0,0,0,1,2,55,1,1,2,1,0,0,1,13,1,1,4,1,1,0
18,180681,1,2,2,2,11,13,59,12,8,1,0,18,2,18,7,18007,4,1998,1G4HP52K2WH5,1,G,4,H,P,5,2,K,2,W,H,5,0,P,BUIC,LCF,4D,98,17,3348,,0,1108,,G,,F,6,231,,,15R205,,,,,,0,0,000000000,00000000000,0,0,0,1,0,0,0,0,0,0,0,998,0,0,0,11,11,6,2,12,0,0,0,1,18,47567,6,1,0,0,3,1,73,200,0,0,0,0,0,0,0,0,0,0,28,92,0,0,1,2,55,2,1,2,1,0,0,14,62,7,1,1,64,1,0
18,180681,2,2,1,2,11,13,59,12,8,1,0,18,3,84,881,84881,66,2000,2HSCNAER3YC0,2,H,S,C,N,A,E,R,3,Y,C,0,1,T,INTL,94I,TR,0,17,,8,0,0,940,D,,,6,855,,,,,00000,00,,64,1,57,420796,57420796,3,6,8,1,0,0,0,0,0,0,0,998,0,0,0,7,7,6,2,12,0,0,0,1,18,47715,6,1,6,1,3,0,77,220,0,0,0,2,0,3,2009,11,2009,0,0,0,0,0,1,2,55,3,1,2,1,0,0,14,10,1,1,1,65,0,0
18,180682,1,1,1,14,11,21,46,34,0,1,0,18,1,22,16,22016,2,2002,1G2JB1243272,1,G,2,J,B,1,2,4,3,2,7,2,0,P,PONT,SFS,CP,2,17,2606,,0,1041,,G,,F,4,133,,,14R195,,,,,,0,0,000000000,00000000000,0,0,0,1,0,0,0,0,0,0,0,998,0,0,0,14,61,6,2,2,0,0,1,1,18,47302,6,1,0,0,3,2,60,114,0,1,0,1,0,12,2009,12,2009,0,28,74,0,0,5,4,55,3,3,2,2,0,0,14,12,1,1,4,6,1,0
18,180683,1,2,1,25,11,17,43,12,6,1,0,18,1,20,401,20401,14,2000,1GNDT13W1Y23,1,G,N,D,T,1,3,W,1,Y,2,3,0,P,CHEV,BZR,UT,0,17,4049,,0,1070,,G,,F,6,262,,,15R205,,,,,,0,0,000000000,00000000000,0,0,0,1,0,0,0,0,0,0,0,998,0,0,0,2,2,6,2,12,0,0,0,1,18,47802,6,1,0,0,3,1,64,150,0,0,0,0,0,0,0,0,0,0,38,0,0,0,5,4,40,1,1,2,1,0,0,11,15,1,1,1,68,0,0
18,180683,2,2,1,25,11,17,43,12,6,1,0,18,2,72,706,72706,80,1989,1HD1ELL13KY1,1,H,D,1,E,L,L,1,3,K,Y,1,0,M,HD,FLR,RS,89,17,,,,,,,1340,,2,,4,575,,,,,,,0,0,000000000,00000000000,0,0,0,1,0,0,0,0,0,0,0,998,0,0,0,12,12,6,2,12,0,0,0,1,18,47803,1,1,0,0,2,0,74,153,0,8,0,0,6,1,2010,7,2011,0,0,0,0,0,5,4,40,1,1,2,1,0,0,1,67,1,1,1,69,1,0
18,180684,1,1,1,24,12,18,33,8,0,1,0,18,1,22,441,22441,20,2006,1GMDV33L86D1,1,G,M,D,V,3,3,L,8,6,D,1,0,P,PONT,MON,SV,6,17,4376,,0,1211,,G,,F,6,214,,,000000,,,,,,0,0,000000000,00000000000,0,0,0,1,0,0,0,0,0,0,0,998,0,0,0,12,12,0,1,8,32,0,0,1,18,46733,6,1,0,0,3,0,62,106,0,0,0,0,0,0,0,0,0,0,0,0,0,0,2,4,35,1,1,1,1,0,0,1,80,1,1,1,13,0,0
18,180685,1,1,4,25,12,17,13,42,0,1,0,18,1,12,17,12017,4,2009,1FAHP25W99G1,1,F,A,H,P,2,5,W,9,9,G,1,0,P,FORD,TLT,4D,9,17,3643,,0,1129,,G,,F,6,214,,,18R225,,,,,,0,0,000000000,00000000000,0,0,0,1,0,0,0,0,0,0,0,998,0,0,0,12,12,6,2,42,0,0,0,1,18,47304,6,1,0,0,3,1,71,180,0,0,0,1,0,8,2009,8,2009,0,28,0,0,0,1,2,55,1,1,2,1,0,0,1,12,1,1,4,6,1,0
18,180686,1,1,1,28,12,17,5,8,0,1,0,18,1,12,481,12481,31,2009,1FTRX14819FA,1,F,T,R,X,1,4,8,1,9,F,A,0,T,FORD,F15,4C,9,17,,2,1630,1330,COF,G,,,8,281,,,,B,5317,05,L,44,0,0,000000000,00000000000,0,0,0,1,0,0,0,0,0,0,0,998,0,0,0,12,12,0,1,8,0,0,0,1,18,46322,6,1,0,0,3,0,71,275,0,0,0,0,0,0,0,0,0,0,38,92,0,0,5,2,35,1,1,2,1,1,3,11,15,1,1,1,13,0,0
18,180687,1,2,4,27,12,15,20,12,6,1,0,18,2,14,6,14006,4,1998,2MEFM75W2WX6,2,M,E,F,M,7,5,W,2,W,X,6,0,P,MERC,MLL,4D,98,17,3922,,0,1144,,G,,F,8,281,,,16R225,,,,,,0,0,000000000,00000000000,0,0,0,1,0,0,0,0,0,0,0,998,0,0,0,12,12,6,2,12,32,0,0,1,18,47166,6,1,0,0,3,0,67,220,0,0,0,0,0,0,0,0,0,0,39,0,0,0,5,4,55,1,1,1,2,1,3,1,17,1,1,1,88,1,0
18,180687,2,2,3,27,12,15,20,12,6,1,0,18,1,12,481,12481,31,1990,2FTJW35G2LCA,2,F,T,J,W,3,5,G,2,L,C,A,0,T,FORD,F35,CW,90,17,,2,0,1680,COF,G,,,8,460,,,,D,4815,02,A,42,0,0,000000000,00000000000,0,0,0,1,0,0,0,0,0,0,0,998,0,0,0,62,61,6,2,12,0,0,0,1,18,47446,6,1,0,0,3,1,72,266,0,0,0,0,0,0,0,0,0,0,0,0,0,0,5,4,25,1,1,1,2,1,3,1,17,1,1,1,89,0,0
18,180688,1,1,2,30,12,20,15,59,0,1,0,18,2,6,441,6441,20,2001,2C4GP44331R4,2,C,4,G,P,4,4,3,3,1,R,4,0,T,CHRY,TLX,ES,1,17,,1,0,1193,TWC,F,,,6,201,,,,,3993,00,,42,0,0,000000000,00000000000,0,0,0,1,0,0,0,0,0,0,0,998,0,1,5,11,98,6,2,1,0,0,0,1,18,47037,6,1,0,0,3,0,65,115,0,0,0,0,0,0,0,0,0,1,79,58,28,0,1,2,45,3,1,4,11,28,3,14,8,6,2,4,2,1,0
18,180689,1,1,1,28,12,21,33,8,0,1,1,99,9,99,999,99999,99,9999,999999999999,9,9,9,9,9,9,9,9,9,9,9,9,0,,,,,,,,,,,,,,,,,,,,,,,,,0,0,000000000,00000000000,0,0,0,1,0,0,0,0,0,0,0,998,0,0,0,12,12,0,1,8,0,0,0,1,99,99999,9,9,99,9,9,9,999,999,99,99,99,99,99,99,9999,99,9999,0,0,0,0,0,2,6,99,1,1,2,1,0,0,1,80,1,1,1,13,0,0
18,180690,1,1,1,29,12,1,20,8,0,1,1,99,9,99,999,99999,99,9999,999999999999,9,9,9,9,9,9,9,9,9,9,9,9,0,,,,,,,,,,,,,,,,,,,,,,,,,0,0,000000000,00000000000,0,0,0,1,0,0,0,0,0,0,0,998,0,0,0,12,12,0,1,8,0,0,0,1,99,99999,9,9,99,9,9,9,999,999,99,99,99,99,99,99,9999,99,9999,0,0,0,0,0,5,2,99,1,1,2,1,1,3,1,82,1,1,1,13,0,0
18,180691,1,2,1,23,10,16,49,12,6,1,0,18,1,20,443,20443,20,1997,1GNDX03E7VD2,1,G,N,D,X,0,3,E,7,V,D,2,0,T,CHEV,VTR,ES,97,17,,1,0,1200,VTR,G,,,6,207,,,,,00000,00,,42,0,0,000000000,00000000000,0,0,0,1,0,0,0,0,0,0,0,998,0,0,0,8,98,6,2,12,0,0,0,1,18,46947,6,1,0,0,3,0,62,145,0,0,0,0,0,0,0,0,0,0,38,28,0,0,1,2,20,1,1,2,1,0,0,11,15,1,1,1,72,0,0
18,180691,2,2,2,23,10,16,49,12,6,1,0,18,1,12,17,12017,4,1993,1FACP52U1PG3,1,F,A,C,P,5,2,U,1,P,G,3,0,P,FORD,TAG,4D,93,17,3117,,0,1060,,G,,F,6,182,,,14R205,,,,,,0,0,000000000,00000000000,0,0,0,1,0,0,0,0,0,0,0,998,0,0,0,12,12,6,2,12,0,0,0,1,18,46947,6,1,0,0,3,1,60,118,0,0,0,0,0,0,0,0,0,0,0,0,0,0,1,2,20,1,1,2,1,0,0,1,61,1,1,1,73,1,0
18,180692,1,1,1,5,12,0,55,53,0,1,0,18,1,37,441,37441,20,2002,2HKRL18072H5,2,H,K,R,L,1,8,0,7,2,H,5,0,P,HOND,UDY,SV,2,17,4376,,0,1181,,G,,F,6,212,,,16R225,,,,,,0,0,000000000,00000000000,0,0,0,1,0,0,0,0,0,0,0,998,0,1,5,61,61,6,2,1,0,0,0,1,18,46534,6,1,0,0,3,0,71,210,0,0,0,0,0,0,0,0,0,0,87,0,0,0,1,2,50,1,1,2,2,0,0,1,12,1,1,4,6,1,1
18,180693,1,1,1,21,12,18,23,8,0,1,0,18,1,23,422,23422,15,2004,1GKEK13Z54J2,1,G,K,E,K,1,3,Z,5,4,J,2,0,T,GMC,YUK,4W,4,17,,2,0,1160,YUK,F,,,8,325,,,,B,5269,00,4,44,0,0,000000000,00000000000,0,0,0,1,0,0,0,0,0,0,0,998,0,0,0,12,12,6,2,8,0,0,0,1,18,46237,6,1,0,0,3,1,67,240,0,0,0,0,0,0,0,0,0,0,38,0,0,0,5,2,40,1,1,2,1,0,0,11,81,1,1,1,13,0,0
18,180694,1,2,1,30,11,17,25,12,2,1,0,18,1,99,998,99998,92,2010,000000000000,0,0,0,0,0,0,0,0,0,0,0,0,0,,,,,,,,,,,,,,,,,,,,,,,,,0,0,000000000,00000000000,0,0,0,1,0,0,0,0,0,0,0,998,0,1,1,12,12,6,2,12,0,0,0,1,18,47387,6,1,0,0,3,1,72,165,0,0,0,0,0,0,0,0,0,0,38,0,0,0,1,2,55,1,1,2,1,0,0,11,15,1,1,1,68,1,0
18,180694,2,2,2,30,11,17,25,12,2,1,0,17,4,7,27,7027,6,2011,3D4PH1FG6BT5,3,D,4,P,H,1,F,G,6,B,T,5,0,P,DODG,JOU,UT,11,17,4195,,0,1138,,G,,F,6,220,,,17R225,,,,,,0,0,000000000,00000000000,0,0,0,1,0,0,0,0,0,0,0,998,0,0,0,12,12,6,2,12,0,0,0,1,18,47330,6,1,0,0,3,1,66,210,0,0,0,0,0,0,0,0,0,0,0,0,0,0,1,2,55,1,1,2,1,0,0,1,67,1,1,1,69,0,0
18,180695,1,2,1,12,11,11,25,12,6,1,0,18,3,82,881,82881,63,2004,1FVHCYAK04HM,1,F,V,H,C,Y,A,K,0,4,H,M,0,T,FRHT,16M,CC,4,17,,8,0,0,FM2,D,,,6,439,,,,,00000,00,,64,0,57,1694288,571694288,3,2,2,2,2,1203,3,2,0,0,0,998,0,0,0,3,3,6,2,12,0,0,1,1,18,47963,6,1,6,1,3,0,69,215,0,0,0,0,0,0,0,0,0,0,38,0,0,0,1,2,55,1,1,2,1,20,3,1,17,1,1,1,87,1,0
18,180695,2,2,1,12,11,11,25,12,6,1,0,17,3,87,881,87881,66,1995,1XPFDR9X2SN3,1,X,P,F,D,R,9,X,2,S,N,3,1,T,PTRB,378,TR,95,17,,8,0,0,CON,D,,,6,774,,,,,00000,00,,64,1,57,660844,57660844,3,6,8,1,0,0,0,0,0,0,0,998,0,0,0,12,12,6,2,12,0,0,1,1,17,60942,6,1,6,0,3,1,70,180,0,0,0,0,0,0,0,0,0,0,0,0,0,0,1,2,55,1,1,2,1,0,0,1,66,1,1,1,86,1,0
18,180696,1,1,2,30,12,19,35,33,0,1,0,18,2,12,13,12013,2,1999,3FAKP1138XR1,3,F,A,K,P,1,1,3,8,X,R,1,0,P,FORD,ZCH,CP,99,17,2478,,0,984,,G,,F,4,121,,,14R185,,,,,,0,0,000000000,00000000000,0,0,0,1,0,0,0,0,0,0,0,998,0,0,0,14,12,6,2,42,0,0,0,1,18,46923,1,1,0,0,2,0,68,150,0,1,0,0,1,10,2011,10,2011,0,28,0,0,0,1,2,30,1,1,2,2,0,0,1,12,1,1,4,6,1,1
18,180697,1,1,2,12,11,3,25,42,0,1,1,18,2,64,33,64033,4,1999,KLAVB6920XB1,K,L,A,V,B,6,9,2,0,X,B,1,0,P,DAEW,LGS,4D,99,17,0,,0,1051,,G,,F,4,134,,,15R205,,,,,,0,0,000000000,00000000000,0,0,0,1,0,0,0,0,0,0,0,998,0,0,0,12,12,6,2,2,0,0,1,1,18,46224,1,1,0,0,2,0,68,164,0,18,0,2,14,6,2009,11,2011,0,28,0,0,0,1,2,40,2,1,2,1,0,0,14,13,1,1,4,1,1,1
18,180698,1,1,2,29,11,19,45,72,0,1,0,18,1,7,482,7482,31,2005,3D7KS28C65G7,3,D,7,K,S,2,8,C,6,5,G,7,0,T,DODG,SQ2,CW,5,17,,2,1605,1405,RPC,D,,,6,359,,,,C,5886,12,E,44,0,0,000000000,00000000000,0,0,0,1,0,0,0,0,0,0,0,998,0,0,0,0,0,6,2,72,42,0,0,1,18,46970,6,1,0,0,3,0,74,225,0,0,0,0,0,0,0,0,0,0,87,0,0,0,1,2,55,1,1,2,3,0,0,1,98,1,1,1,0,1,0