STATE,ST_CASE,VEH_NO,VE_FORMS,NUMOCCS,DAY,MONTH,HOUR,MINUTE,HARM_EV,MAN_COLL,UNITTYPE,HIT_RUN,REG_STAT,OWNER,MAKE,MODEL,MAK_MOD,BODY_TYP,MOD_YEAR,VIN,VIN_1,VIN_2,VIN_3,VIN_4,VIN_5,VIN_6,VIN_7,VIN_8,VIN_9,VIN_10,VIN_11,VIN_12,TOW_VEH,VINTYPE,VINMAKE,VINA_MOD,VIN_BT,VINMODYR,VIN_LNGT,VIN_WGT,WGTCD_TR,WHLBS_LG,WHLBS_SH,SER_TR,FUELCODE,MCYCL_DS,CARBUR,CYLINDER,DISPLACE,MCYCL_CY,MCYCL_WT,TIRE_SZE,TON_RAT,TRK_WT,TRKWTVAR,VIN_REST,WHLDRWHL,J_KNIFE,MCARR_I1,MCARR_I2,MCARR_ID,GVWR,V_CONFIG,CARGO_BT,HAZ_INV,HAZ_PLAC,HAZ_ID,HAZ_CNO,HAZ_REL,BUS_USE,SPEC_USE,EMER_USE,TRAV_SP,UNDERIDE,ROLLOVER,ROLINLOC,IMPACT1,IMPACT2,DEFORMED,TOWED,M_HARM,VEH_SC1,VEH_SC2,FIRE_EXP,DR_PRES,L_STATE,DR_ZIP,L_STATUS,L_TYPE,CDL_STAT,L_ENDORS,L_COMPL,L_RESTRI,DR_HGT,DR_WGT,PREV_ACC,PREV_SUS,PREV_DWI,PREV_SPD,PREV_OTH,FIRST_MO,FIRST_YR,LAST_MO,LAST_YR,SPEEDREL,DR_SF1,DR_SF2,DR_SF3,DR_SF4,VTRAFWAY,VNUM_LAN,VSPD_LIM,VALIGN,VPROFILE,VPAVETYP,VSURCOND,VTRAFCON,VTCONT_F,P_CRASH1,P_CRASH2,P_CRASH3,PCRASH4,PCRASH5,ACC_TYPE,DEATHS,DR_DRINK
18,180699,1,2,1,21,10,3,21,12,6,1,0,18,3,12,443,12443,20,2006,2FMDA51626BA,2,F,M,D,A,5,1,6,2,6,B,A,0,P,FORD,FRE,SV,6,17,4275,,0,1208,,G,,F,6,238,,,16R225,,,,,,0,0,000000000,00000000000,0,0,0,1,0,0,0,0,0,1,0,998,0,0,0,12,12,6,2,12,0,0,0,1,18,46260,6,1,0,0,3,0,67,114,1,1,0,1,0,12,2008,11,2010,0,0,0,0,0,3,3,45,1,1,2,1,1,3,1,17,1,1,1,86,0,0
18,180699,2,2,1,21,10,3,21,12,6,1,0,18,2,22,22,22022,4,2009,1G2ZG57N9942,1,G,2,Z,G,5,7,N,9,9,4,2,0,P,PONT,G/6,4D,9,17,3305,,0,1123,,G,,F,6,214,,,17R225,,,,,,0,0,000000000,00000000000,0,0,0,1,0,0,0,0,0,0,0,998,0,0,0,3,81,6,2,12,0,0,0,1,18,46254,6,1,0,0,3,0,61,118,0,0,0,0,1,5,2010,5,2010,0,39,0,0,0,3,3,45,1,1,2,1,1,3,1,17,1,1,1,87,1,1
18,180700,1,2,1,21,11,10,0,12,2,1,0,18,1,7,442,7442,20,2002,1B4GP45382B5,1,B,4,G,P,4,5,3,8,2,B,5,0,P,DODG,CAR,SV,2,17,3923,,0,1133,,F,,F,6,201,,,17R215,,,,,,0,0,000000000,00000000000,0,0,0,1,0,0,0,0,0,0,0,998,0,0,0,12,12,6,2,12,0,0,0,1,18,47274,6,1,0,0,3,0,66,145,0,1,0,1,0,8,2010,8,2010,0,28,0,0,0,1,2,55,1,1,2,2,0,0,1,10,1,1,2,50,1,0
18,180700,2,2,1,21,11,10,0,12,2,1,0,21,3,51,881,51881,66,2000,4V4ND1RH5YN7,4,V,4,N,D,1,R,H,5,Y,N,7,1,T,VOLV,VVN,TR,0,17,,8,0,0,VVN,D,,,6,774,,,,,00000,00,,64,1,57,0124813,570124813,3,6,3,1,0,0,0,0,0,0,0,998,0,0,0,12,12,6,2,12,0,0,0,1,21,40272,6,1,6,0,3,1,70,140,0,0,0,0,0,0,0,0,0,0,0,0,0,0,1,2,55,1,1,2,2,0,0,1,62,1,1,1,51,0,0
18,180701,1,1,2,9,11,6,8,15,0,1,0,18,3,94,982,94982,50,2010,1T88T4E26B11,1,T,8,8,T,4,E,2,6,B,1,1,0,T,THMS,,,10,17,,,,,,,,,,,,,,,,,,,0,88,888888888,88888888888,2,21,22,1,0,0,0,0,1,0,0,998,0,0,0,12,12,2,1,15,0,0,0,1,18,46060,6,1,6,0,3,0,66,158,2,2,0,0,0,3,2009,6,2009,0,0,0,0,0,1,2,35,1,1,1,2,3,3,11,83,1,1,1,13,0,0
18,180702,1,2,2,22,11,16,59,12,6,1,0,18,2,7,43,7043,4,2000,1B3EJ46X8YN2,1,B,3,E,J,4,6,X,8,Y,N,2,0,P,DODG,SSE,4D,0,17,2937,,0,1080,,G,,F,4,148,,,14R195,,,,,,0,0,000000000,00000000000,0,0,0,1,0,0,0,0,0,0,0,998,0,0,0,12,12,6,2,12,0,0,0,1,18,46173,6,1,0,0,3,1,75,145,0,0,0,1,0,1,2011,1,2011,0,0,0,0,0,1,2,55,1,1,2,2,0,0,1,67,1,1,1,83,0,0
18,180702,2,2,2,22,11,16,59,12,6,1,0,18,1,7,28,7028,2,2009,2B3LJ54T99H5,2,B,3,L,J,5,4,T,9,9,H,5,0,P,DODG,CRT,CP,9,17,4041,,0,1160,,G,,F,8,348,,,18R235,,,,,,0,0,000000000,00000000000,0,0,0,1,0,0,0,0,0,0,0,998,0,0,0,9,61,6,2,12,32,0,0,1,18,46173,6,1,0,0,3,1,71,150,1,1,0,0,0,4,2009,6,2009,0,39,0,0,0,1,2,55,1,1,2,2,20,3,11,15,1,1,1,82,1,0
18,180703,1,1,1,19,12,10,0,3,0,1,0,18,1,18,3,18003,4,1989,1G4HR54C1KH4,1,G,4,H,R,5,4,C,1,K,H,4,0,P,BUIC,LLF,4D,89,17,3153,,0,1108,,G,,F,6,231,,,14R205,,,,,,0,0,000000000,00000000000,0,0,0,1,0,0,0,0,0,0,0,998,0,0,0,0,0,6,2,3,0,0,0,1,18,47401,6,1,0,0,3,2,63,145,0,0,0,0,0,0,0,0,0,0,74,0,0,0,1,2,25,2,2,1,1,0,0,14,98,1,1,4,0,1,0
18,180704,1,1,1,11,12,22,17,24,0,1,0,18,1,37,706,37706,80,1985,1HFSC1208FA2,1,H,F,S,C,1,2,0,8,F,A,2,0,M,HOND,VF1,RS,85,17,,,,,,,1100,,4,,4,540,,,,,,,0,0,000000000,00000000000,0,0,0,1,0,0,0,0,0,0,0,998,0,0,0,12,12,6,2,24,0,0,0,1,17,62301,2,1,0,0,2,0,70,170,0,0,0,0,0,0,0,0,0,0,8,0,0,0,2,2,55,2,2,2,1,0,0,14,12,1,1,4,6,1,1
18,180705,1,2,1,27,12,5,15,12,1,1,0,18,1,21,21,21021,4,2003,1G3NK52F53C1,1,G,3,N,K,5,2,F,5,3,C,1,0,P,OLDS,AGX,4D,3,17,3021,,0,1070,,G,,F,4,134,,,15R215,,,,,,0,0,000000000,00000000000,0,0,0,1,0,0,0,0,0,0,0,998,0,0,0,6,6,6,2,12,0,0,0,1,18,46158,6,1,0,0,3,1,71,190,0,0,0,0,0,0,0,0,0,1,28,87,0,0,1,2,55,2,1,2,10,28,3,14,6,1,3,2,32,1,0
18,180705,2,2,1,27,12,5,15,12,1,1,0,18,1,20,481,20481,31,1985,1GCEC24L1FJ1,1,G,C,E,C,2,4,L,1,F,J,1,0,T,CHEV,C20,PK,85,17,,2,1645,1315,C20,G,,,8,350,,,,C,3476,17,,42,0,0,000000000,00000000000,0,0,0,1,0,0,0,0,0,0,0,998,0,0,0,12,12,6,2,12,0,0,0,1,18,46118,6,1,0,0,3,0,68,215,0,0,0,0,0,0,0,0,0,0,87,0,0,0,1,2,55,3,1,2,10,28,3,14,62,1,1,1,32,0,0
18,180706,1,1,1,30,9,19,13,8,0,1,0,18,1,12,481,12481,31,2007,1FDNE14L37DB,1,F,D,N,E,1,4,L,3,7,D,B,0,T,FORD,15V,CG,7,17,,2,0,1380,VAN,G,,,8,330,,,,B,00000,00,E,42,0,0,000000000,00000000000,0,0,0,1,0,0,0,0,0,0,0,998,0,0,0,12,12,6,9,8,32,0,0,1,18,46219,6,1,0,0,3,2,62,150,0,0,0,0,0,0,0,0,0,0,74,0,0,0,1,2,35,1,1,2,1,0,0,1,80,7,1,1,13,0,0
19,190001,1,1,1,2,1,22,41,31,0,1,0,19,2,12,13,12013,4,1997,1FALP13PXVW3,1,F,A,L,P,1,3,P,X,V,W,3,0,P,FORD,EST,4D,97,17,2503,,0,984,,G,,F,4,122,,,14R185,,,,,,0,0,000000000,00000000000,0,0,0,1,0,0,0,0,0,0,0,998,0,0,0,12,12,6,2,30,0,0,0,1,19,50265,6,1,0,0,3,0,72,330,0,0,0,0,0,0,0,0,0,0,0,0,0,0,2,5,35,1,1,1,1,3,3,1,17,1,1,4,6,1,0
19,190002,1,1,1,4,1,17,56,21,0,1,0,19,2,30,46,30046,4,2000,WVWMD23B7YE1,W,V,W,M,D,2,3,B,7,Y,E,1,0,P,VOLK,PGS,4D,0,17,3065,,0,1066,,G,,F,6,169,,,15R195,,,,,,0,0,000000000,00000000000,0,0,0,1,0,0,0,0,0,0,0,998,0,0,0,11,11,6,2,21,0,0,0,1,19,52040,6,1,0,0,3,0,73,160,1,0,0,3,0,8,2008,8,2010,0,0,0,0,0,3,4,65,1,1,1,1,0,0,1,12,1,1,4,6,1,0
19,190003,1,3,1,7,1,12,33,12,8,1,0,19,1,2,403,2403,14,2002,1J4FA49S22P7,1,J,4,F,A,4,9,S,2,2,P,7,0,T,JEEP,SPW,2W,2,17,,1,0,934,W/T,G,,,6,244,,,,,3299,00,E,44,0,0,000000000,00000000000,0,0,0,1,0,0,0,0,0,0,0,998,0,0,0,11,12,6,2,12,0,0,0,1,19,50056,6,1,0,0,3,3,71,220,0,0,0,0,0,0,0,0,0,0,28,0,0,0,1,2,55,1,1,1,3,0,0,1,10,1,1,2,64,1,0
19,190003,2,3,1,7,1,12,33,12,8,1,0,19,1,63,33,63033,4,2008,KNAFE1212854,K,N,A,F,E,1,2,1,2,8,5,4,0,P,KIA,SXC,4D,8,17,2919,,0,1028,,G,,F,4,122,,,15R195,,,,,,0,0,000000000,00000000000,0,0,0,1,0,0,0,0,0,0,0,998,0,0,0,4,6,2,1,12,0,0,0,1,19,50201,6,1,0,0,3,3,61,228,0,0,0,0,0,0,0,0,0,0,0,0,0,0,1,2,55,1,1,1,3,0,0,1,62,1,1,1,65,0,0
19,190003,3,3,1,7,1,12,33,12,8,1,0,19,1,12,422,12422,15,2007,1FMFK18507LA,1,F,M,F,K,1,8,5,0,7,L,A,0,P,FORD,EPT,UT,7,17,6155,,0,1310,,G,,F,8,329,,,17R265,,,,,,0,0,000000000,00000000000,0,0,0,1,0,0,0,0,0,0,0,998,0,0,0,12,12,6,2,12,0,0,0,1,19,50036,6,1,0,0,3,3,63,170,0,0,0,0,0,0,0,0,0,0,0,0,0,0,1,2,55,1,1,1,3,0,0,1,62,1,1,1,98,0,0
19,190005,1,2,2,9,1,15,35,12,6,1,0,19,2,12,481,12481,31,1997,1FTDX1760VKA,1,F,T,D,X,1,7,6,0,V,K,A,0,T,FORD,F15,3C,97,17,,1,1570,1390,COF,G,,,8,281,,,,B,4045,03,E,42,0,0,000000000,00000000000,0,0,0,1,0,0,0,0,0,0,0,998,7,0,0,9,9,6,2,12,0,0,0,1,19,50048,6,1,0,0,3,0,69,170,0,0,0,0,0,0,0,0,0,0,87,0,0,0,3,4,70,1,1,2,4,0,0,1,12,99,1,2,64,2,0
19,190005,2,2,2,9,1,15,35,12,6,1,0,12,3,51,881,51881,66,2005,4V4NC9TG95N3,4,V,4,N,C,9,T,G,9,5,N,3,1,T,VOLV,VNL,TR,5,17,,8,0,0,VVN,D,,,6,915,,,,,00000,00,,64,1,57,1737053,571737053,3,6,1,1,0,0,0,0,0,0,0,998,0,0,0,12,12,6,2,12,0,0,0,1,12,32539,6,1,6,0,3,0,73,999,0,0,0,0,0,0,0,0,0,0,0,0,0,0,3,4,70,1,1,2,4,0,0,1,62,1,1,1,65,0,0
19,190006,1,1,2,9,1,7,30,1,0,1,0,19,1,21,22,21022,4,1995,1G3GR62C3S41,1,G,3,G,R,6,2,C,3,S,4,1,0,P,OLDS,AUR,4D,95,17,3967,,0,1138,,G,,F,8,244,,,16R235,,,,,,0,0,000000000,00000000000,0,0,0,1,0,0,0,0,0,0,0,998,0,2,6,0,12,6,2,1,0,0,0,1,19,51433,6,1,0,0,3,0,67,151,0,0,0,1,0,3,2010,3,2010,0,0,0,0,0,1,2,45,1,2,4,1,0,0,1,12,1,1,4,6,1,0
19,190007,1,1,3,9,1,21,38,8,0,1,0,19,1,20,431,20431,16,1998,3GNFK16R3WG1,3,G,N,F,K,1,6,R,3,W,G,1,0,P,CHEV,K15,UT,98,17,4825,,0,1315,,G,,F,8,350,,,16R245,,,,,,0,0,000000000,00000000000,0,0,0,1,0,0,0,0,0,0,0,998,0,0,0,12,12,0,1,8,0,0,0,1,19,52722,6,1,0,0,3,3,67,200,0,0,0,0,0,0,0,0,0,0,0,0,0,0,2,6,45,1,1,1,1,0,0,1,17,1,1,1,13,0,0
19,190008,1,1,1,9,1,2,22,1,0,1,0,19,1,30,40,30040,4,2001,3VWTG69M71M0,3,V,W,T,G,6,9,M,7,1,M,0,0,P,VOLK,JXG,4D,1,17,3056,,0,989,,G,,F,6,170,,,15R195,,,,,,0,0,000000000,00000000000,0,0,0,1,0,0,0,0,0,0,0,998,0,1,5,0,13,6,2,1,0,0,0,1,19,52656,6,1,0,0,3,3,71,280,0,0,0,2,0,7,2008,2,2009,1,39,0,0,0,1,2,55,1,1,1,1,20,3,1,13,6,1,4,1,1,1
19,190009,1,1,1,10,1,12,57,1,0,1,0,19,1,12,481,12481,31,2002,1FTRW08L02KE,1,F,T,R,W,0,8,L,0,2,K,E,0,T,FORD,F1S,CW,2,17,,2,0,1388,COF,G,,,8,330,,,,B,5005,02,E,44,0,0,000000000,00000000000,0,0,0,1,0,0,0,0,0,0,0,998,0,1,3,0,9,6,2,1,0,0,0,1,19,50201,6,1,0,0,3,3,71,240,0,0,0,0,0,0,0,0,0,0,87,0,0,0,3,4,70,2,1,2,4,0,0,14,12,1,1,4,6,1,0
19,190010,1,1,7,11,1,6,48,14,0,1,0,19,2,35,401,35401,14,2002,JN8DR09Y32W7,J,N,8,D,R,0,9,Y,3,2,W,7,0,P,NISS,PFI,UT,2,17,3997,,0,1063,,G,,F,6,213,,,16R255,,,,,,0,0,000000000,00000000000,0,0,0,1,0,0,0,0,0,0,0,998,0,0,0,9,9,6,2,14,0,0,0,1,19,50314,6,1,0,0,3,0,72,236,1,0,0,0,0,7,2010,7,2010,1,87,0,0,0,3,4,70,1,2,2,3,0,0,1,12,1,1,4,98,1,0
19,190011,1,1,1,13,1,19,40,34,0,1,0,19,1,49,50,49050,3,2006,JTKDE1772600,J,T,K,D,E,1,7,7,2,6,0,0,0,P,TOYT,SXC,2H,6,17,2905,,0,1063,,G,,F,4,144,,,17R215,,,,,,0,0,000000000,00000000000,0,0,0,1,0,0,0,0,0,0,0,998,0,1,5,6,6,6,2,1,0,0,0,1,19,50142,6,1,0,0,3,3,62,125,1,1,1,0,0,1,2008,7,2009,0,58,0,0,0,1,2,55,1,2,2,1,0,0,1,13,6,3,4,2,1,1
19,190012,1,1,1,15,1,20,19,8,0,1,0,19,2,63,31,63031,4,1999,KNAFB121XX57,K,N,A,F,B,1,2,1,X,X,5,7,0,P,KIA,SPL,4D,99,17,2478,,0,1008,,G,,F,4,109,,,14R185,,,,,,0,0,000000000,00000000000,0,0,0,1,0,0,0,0,0,0,0,998,0,0,0,12,12,2,3,8,0,0,0,1,19,50703,6,2,0,0,3,3,69,160,0,0,0,0,1,3,2009,3,2009,0,0,0,0,0,1,4,35,1,1,2,1,0,0,1,80,1,1,1,13,0,0
19,190013,1,2,1,17,1,9,55,12,6,1,0,19,1,20,22,20022,4,2006,1G1AK55F2677,1,G,1,A,K,5,5,F,2,6,7,7,0,P,CHEV,BLS,4D,6,17,3216,,0,1033,,G,,F,4,134,,,15R195,,,,,,0,0,000000000,00000000000,0,0,0,1,0,0,0,0,0,0,0,998,0,0,0,4,4,6,2,12,0,0,0,1,19,51247,6,1,0,0,3,3,63,150,0,0,0,0,0,0,0,0,0,0,87,0,0,0,1,2,55,1,2,2,4,0,0,1,10,1,4,2,64,1,1
19,190013,2,2,1,17,1,9,55,12,6,1,0,19,3,12,461,12461,21,2009,1FTSS34L99DA,1,F,T,S,S,3,4,L,9,9,D,A,0,T,FORD,3SD,EC,9,17,,2,0,1380,VAN,G,,,8,330,,,,B,5436,00,E,42,0,0,000000000,00000000000,0,0,0,1,0,0,0,0,0,0,0,998,0,0,0,12,12,6,2,12,0,0,0,1,19,51250,6,1,0,0,3,3,75,260,1,0,0,0,0,5,2009,5,2009,0,0,0,0,0,1,2,55,1,2,2,4,0,0,1,62,1,1,1,65,0,0
19,190014,1,1,1,18,1,6,15,1,0,1,0,19,1,12,461,12461,21,1990,1FDEE14HXLHA,1,F,D,E,E,1,4,H,X,L,H,A,0,T,FORD,15V,CG,90,17,,2,1380,1240,VAN,G,,,8,351,,,,B,3738,02,A,42,0,0,000000000,00000000000,0,0,0,1,0,0,0,0,0,0,0,998,0,1,5,0,3,2,3,1,0,0,0,1,19,50669,6,1,0,0,3,3,73,202,2,0,0,0,0,11,2008,12,2010,0,87,0,0,0,1,2,55,1,1,1,4,0,0,1,12,4,4,4,7,1,0
19,190015,1,1,2,20,1,9,5,1,0,1,0,29,3,12,481,12481,31,2006,2GCEC13T4611,2,G,C,E,C,1,3,T,4,6,1,1,0,T,CHEV,SC1,CW,6,17,,2,0,1435,SIL,G,,,8,323,,,,B,4987,00,,42,0,0,000000000,00000000000,0,0,0,1,0,0,0,0,0,0,0,998,0,1,5,0,1,6,2,1,0,0,0,1,29,64482,6,1,0,0,3,0,73,280,0,0,0,2,0,11,2009,9,2010,0,87,0,0,0,3,4,70,1,1,1,4,0,0,1,12,1,2,4,7,1,0
19,190016,1,2,1,21,1,8,50,12,6,1,0,19,1,2,404,2404,14,2001,1J4GW58N41C5,1,J,4,G,W,5,8,N,4,1,C,5,0,T,JEEP,LMT,4W,1,17,,1,0,1059,GCK,G,,,8,287,,,,,3959,01,E,44,0,0,000000000,00000000000,0,0,0,1,0,0,0,0,0,0,0,998,0,0,0,12,12,4,9,12,0,0,0,1,19,50317,6,1,0,0,3,0,70,170,0,0,0,0,0,0,0,0,0,0,0,0,0,0,2,4,35,1,1,1,4,0,0,1,71,1,1,1,86,0,0
19,190016,2,2,1,21,1,8,50,12,6,1,0,19,2,12,17,12017,4,1997,1FALP52U9VA2,1,F,A,L,P,5,2,U,9,V,A,2,0,P,FORD,TAG,4D,97,17,3329,,0,1085,,G,,F,6,182,,,15R205,,,,,,0,0,000000000,00000000000,0,0,0,1,0,0,0,0,0,0,0,998,0,0,0,4,4,6,2,12,0,0,0,1,19,50316,6,1,0,0,3,3,71,220,0,0,0,0,0,0,0,0,0,0,38,87,0,0,2,4,35,1,1,1,4,0,0,98,98,1,1,7,87,1,0
19,190017,1,1,1,22,1,17,36,39,0,1,0,19,1,20,401,20401,14,1999,1GNDT13W4X21,1,G,N,D,T,1,3,W,4,X,2,1,0,P,CHEV,BZR,UT,99,17,4023,,0,1070,,G,,F,6,262,,,15R205,,,,,,0,0,000000000,00000000000,0,0,0,1,0,0,0,0,0,0,0,998,0,0,0,12,12,6,2,8,0,0,0,1,19,50320,6,1,0,0,3,0,71,168,1,0,0,0,1,7,2010,8,2010,0,36,0,0,0,1,2,50,1,1,1,1,0,0,1,12,1,1,4,6,0,0
19,190018,1,1,2,29,1,7,25,42,0,1,0,19,1,14,401,14401,14,1998,4M2ZU55P9WUJ,4,M,2,Z,U,5,5,P,9,W,U,J,0,P,MERC,MOU,UT,98,17,4374,,0,1120,,G,,F,8,302,,,15R235,,,,,,0,0,000000000,00000000000,0,0,0,1,0,0,0,0,0,0,0,998,0,1,5,13,13,6,2,42,0,0,0,1,19,52806,6,1,0,0,3,0,70,140,1,0,0,2,2,3,2008,3,2010,1,91,0,0,0,1,2,35,1,1,4,3,0,0,1,12,1,1,4,6,1,1
19,190019,1,1,1,2,2,11,8,34,0,1,0,19,1,20,881,20881,61,1995,1GBJK34F8SE2,1,G,B,J,K,3,4,F,8,S,E,2,0,T,CHEV,GK3,CB,95,17,,3,1595,1315,GM4,D,,,8,397,,,,D,00000,00,,44,0,88,888888888,88888888888,2,1,1,1,0,0,0,0,0,0,0,998,0,0,0,12,12,2,1,34,0,0,0,1,19,52544,6,1,6,0,3,3,70,210,1,0,0,0,0,11,2010,11,2010,0,87,0,0,0,1,2,55,1,2,4,3,0,0,1,13,1,1,4,1,1,0
19,190020,1,1,1,6,2,6,0,42,0,1,0,19,1,41,51,41051,5,2007,JM1BK1432716,J,M,1,B,K,1,4,3,2,7,1,6,0,P,MAZD,M3H,4H,7,17,2930,,0,1039,,G,,F,4,138,,,17R205,,,,,,0,0,000000000,00000000000,0,0,0,1,0,0,0,0,0,0,0,998,0,0,0,9,9,6,2,42,0,0,0,1,19,52501,6,1,0,0,3,0,72,140,0,0,0,0,0,0,0,0,0,1,87,0,0,0,1,2,55,1,2,2,4,0,0,1,12,1,1,4,6,1,0
19,190021,1,2,2,6,2,15,55,12,6,1,0,19,1,20,443,20443,20,2001,1GNDX03E41D2,1,G,N,D,X,0,3,E,4,1,D,2,0,T,CHEV,VTR,ES,1,17,,1,0,1200,VTR,G,,,6,207,,,,,3838,00,,42,0,0,000000000,00000000000,0,0,0,1,0,0,0,0,0,0,0,998,0,0,0,10,10,6,2,12,0,0,0,1,19,50129,6,1,0,0,3,3,72,197,1,1,0,0,0,10,2009,2,2010,1,87,0,0,0,1,2,55,1,1,1,4,0,0,1,10,1,3,2,64,1,0
19,190021,2,2,4,6,2,15,55,12,6,1,0,19,1,41,37,41037,4,1996,1YVGE22C0T55,1,Y,V,G,E,2,2,C,0,T,5,5,0,P,MAZD,UDL,4D,96,17,2749,,0,1028,,G,,F,4,122,,,14R195,,,,,,0,0,000000000,00000000000,0,0,0,1,0,0,0,0,0,0,0,998,0,0,0,12,12,6,2,12,0,0,0,1,19,50129,6,1,0,0,3,0,63,180,0,0,0,0,0,0,0,0,0,0,0,0,0,0,1,2,55,1,1,1,4,0,0,1,62,1,1,1,65,0,0
19,190022,1,1,1,7,2,21,21,10,0,1,0,19,2,13,2,13002,2,1981,1MRBP95F0BY6,1,M,R,B,P,9,5,F,0,B,Y,6,0,P,LINC,MK6,2D,81,17,3899,,1173,1143,,G,,2,8,302,,,15R205,,,,,,0,0,000000000,00000000000,0,0,0,1,0,0,0,0,0,0,0,998,0,0,0,12,12,6,2,10,0,0,0,1,19,50312,2,1,5,0,2,3,66,155,0,5,0,0,0,5,2009,3,2010,0,39,0,0,0,1,2,25,1,1,2,1,65,3,1,90,1,1,1,15,1,1
19,190023,1,2,1,11,2,7,0,12,6,1,0,19,2,21,3,21003,4,1995,1G3HY5219SH3,1,G,3,H,Y,5,2,1,9,S,H,3,0,P,OLDS,RSS,4D,95,17,3439,,0,1108,,G,,Z,6,231,,,15R205,,,,,,0,0,000000000,00000000000,0,0,0,1,0,0,0,0,0,0,0,998,0,0,0,3,3,6,2,12,0,0,0,1,19,51201,6,1,0,0,3,0,63,110,0,0,0,0,0,0,0,0,0,0,58,0,0,0,1,2,55,1,1,1,4,0,0,1,10,7,3,2,64,1,0
19,190023,2,2,1,11,2,7,0,12,6,1,0,19,1,82,883,82883,66,2003,1FUJA6AVX3LL,1,F,U,J,A,6,A,V,X,3,L,L,1,T,FRHT,COL,TR,3,17,,8,0,0,CON,D,,,6,893,,,,,00000,00,,64,1,57,1715668,571715668,3,6,2,1,0,0,0,0,0,0,0,998,0,0,0,12,12,6,2,12,0,0,0,1,19,51247,6,1,6,1,3,0,75,185,0,0,0,2,0,4,2008,6,2008,0,0,0,0,0,1,2,55,1,1,1,4,0,0,1,62,1,1,1,65,0,0
19,190024,1,2,1,12,2,16,34,12,2,1,0,19,2,7,20,7020,2,1996,1B3ES42C4TD5,1,B,3,E,S,4,2,C,4,T,D,5,0,P,DODG,NEH,CP,96,17,2410,,0,1040,,G,,F,4,122,,,14R185,,,,,,0,0,000000000,00000000000,0,0,0,1,0,0,0,0,0,0,0,998,0,0,0,12,12,6,2,12,0,0,0,1,19,50261,2,1,5,0,2,0,65,150,0,7,0,1,3,1,2009,10,2010,0,58,0,0,0,3,3,65,1,1,2,2,0,0,1,10,6,1,2,50,1,0
19,190024,2,2,1,12,2,16,34,12,2,1,0,19,1,12,481,12481,31,2005,1FTSW21P15EC,1,F,T,S,W,2,1,P,1,5,E,C,0,T,FORD,F2S,CW,5,17,,2,1724,1562,SRW,D,,,8,366,,,,C,6538,00,E,44,0,0,000000000,00000000000,0,0,0,1,0,0,0,0,0,0,0,998,0,0,0,12,12,6,2,12,0,0,0,1,19,50250,6,1,0,0,3,0,72,210,0,0,0,0,0,0,0,0,0,0,0,0,0,0,3,4,65,1,1,2,2,0,0,1,62,1,1,1,51,0,0
19,190025,1,2,3,13,2,0,3,8,0,1,0,19,1,20,2,20002,4,2006,2G1WT55KX692,2,G,1,W,T,5,5,K,X,6,9,2,0,P,CHEV,IMT,4D,6,17,3477,,0,1105,,F,,F,6,214,,,16R225,,,,,,0,0,000000000,00000000000,0,0,0,1,0,0,0,0,0,0,0,998,0,0,0,14,14,4,3,8,0,0,0,1,19,50214,6,1,0,0,3,3,72,240,0,0,0,0,0,0,0,0,0,0,0,0,0,0,3,5,70,1,1,2,1,0,0,1,80,1,1,1,13,0,0
19,190025,2,2,3,13,2,0,3,8,0,1,0,19,1,12,401,12401,14,2002,1FMZU73E72ZA,1,F,M,Z,U,7,3,E,7,2,Z,A,0,P,FORD,EPR,UT,2,17,4378,,0,1137,,G,,F,6,245,,,16R235,,,,,,0,0,000000000,00000000000,0,0,0,1,0,0,0,0,0,0,0,998,0,0,0,14,14,0,9,8,0,0,0,1,19,52316,6,1,0,0,3,0,70,155,0,0,0,1,0,6,2009,6,2009,0,0,0,0,0,3,5,70,1,1,2,1,0,0,1,80,7,1,2,98,0,0
19,190026,1,2,1,16,2,9,26,12,6,1,0,19,1,2,405,2405,14,2007,1J4GL58K07W7,1,J,4,G,L,5,8,K,0,7,W,7,0,T,JEEP,LMD,4W,7,17,,1,0,1043,LIB,G,,,6,226,,,,,3847,00,E,44,0,0,000000000,00000000000,0,0,0,1,0,0,0,0,0,0,0,998,0,0,0,11,11,6,2,12,0,0,0,1,19,52032,6,1,0,0,3,0,66,138,0,0,0,0,0,0,0,0,0,0,38,0,0,0,3,5,55,1,2,2,2,20,3,1,17,1,1,1,89,1,0
19,190026,2,2,1,16,2,9,26,12,6,1,0,19,3,87,881,87881,66,2010,1XPHD49X2AD7,1,X,P,H,D,4,9,X,2,A,D,7,1,T,PTRB,386,TR,10,17,,8,0,0,CON,D,,,6,915,,,,,00000,00,,64,1,57,00222891,5700222891,3,6,1,1,0,0,0,0,0,0,0,998,0,0,0,12,12,6,2,12,0,0,0,1,19,52721,6,1,6,1,3,1,74,190,0,0,0,2,0,10,2008,11,2009,0,0,0,0,0,3,5,55,1,2,2,2,0,0,1,66,1,1,1,88,0,0
19,190027,1,2,2,17,2,16,31,12,6,1,0,19,1,12,481,12481,31,2010,1FTSW2B53AEB,1,F,T,S,W,2,B,5,3,A,E,B,0,T,FORD,F2S,CW,10,17,,2,1724,1562,SRW,G,,,8,329,,,,B,6483,00,E,44,0,0,000000000,00000000000,0,0,0,1,0,0,0,0,0,0,0,998,0,0,0,2,2,6,2,12,0,0,0,1,19,50014,6,1,0,0,3,0,71,190,0,0,0,0,0,0,0,0,0,0,39,0,0,0,1,2,55,1,2,2,1,20,3,1,17,1,1,1,87,1,1