STATE,ST_CASE,VEH_NO,VE_FORMS,NUMOCCS,DAY,MONTH,HOUR,MINUTE,HARM_EV,MAN_COLL,UNITTYPE,HIT_RUN,REG_STAT,OWNER,MAKE,MODEL,MAK_MOD,BODY_TYP,MOD_YEAR,VIN,VIN_1,VIN_2,VIN_3,VIN_4,VIN_5,VIN_6,VIN_7,VIN_8,VIN_9,VIN_10,VIN_11,VIN_12,TOW_VEH,VINTYPE,VINMAKE,VINA_MOD,VIN_BT,VINMODYR,VIN_LNGT,VIN_WGT,WGTCD_TR,WHLBS_LG,WHLBS_SH,SER_TR,FUELCODE,MCYCL_DS,CARBUR,CYLINDER,DISPLACE,MCYCL_CY,MCYCL_WT,TIRE_SZE,TON_RAT,TRK_WT,TRKWTVAR,VIN_REST,WHLDRWHL,J_KNIFE,MCARR_I1,MCARR_I2,MCARR_ID,GVWR,V_CONFIG,CARGO_BT,HAZ_INV,HAZ_PLAC,HAZ_ID,HAZ_CNO,HAZ_REL,BUS_USE,SPEC_USE,EMER_USE,TRAV_SP,UNDERIDE,ROLLOVER,ROLINLOC,IMPACT1,IMPACT2,DEFORMED,TOWED,M_HARM,VEH_SC1,VEH_SC2,FIRE_EXP,DR_PRES,L_STATE,DR_ZIP,L_STATUS,L_TYPE,CDL_STAT,L_ENDORS,L_COMPL,L_RESTRI,DR_HGT,DR_WGT,PREV_ACC,PREV_SUS,PREV_DWI,PREV_SPD,PREV_OTH,FIRST_MO,FIRST_YR,LAST_MO,LAST_YR,SPEEDREL,DR_SF1,DR_SF2,DR_SF3,DR_SF4,VTRAFWAY,VNUM_LAN,VSPD_LIM,VALIGN,VPROFILE,VPAVETYP,VSURCOND,VTRAFCON,VTCONT_F,P_CRASH1,P_CRASH2,P_CRASH3,PCRASH4,PCRASH5,ACC_TYPE,DEATHS,DR_DRINK
19,190027,2,2,1,17,2,16,31,12,6,1,0,19,3,12,481,12481,31,2003,1FTSX30L43EC,1,F,T,S,X,3,0,L,4,3,E,C,0,T,FORD,F3S,4C,3,17,,2,1580,1418,SRW,G,,,8,330,,,,D,5610,02,U,42,0,0,000000000,00000000000,0,0,0,1,0,0,0,0,0,0,0,998,0,0,0,12,12,6,2,12,0,0,0,1,19,50156,6,1,0,0,3,3,72,212,0,0,0,0,0,0,0,0,0,0,0,0,0,0,1,2,55,1,2,2,1,0,0,1,66,4,1,1,86,0,0
19,190028,1,1,1,17,2,10,58,1,0,1,0,19,2,99,739,99739,90,2002,2BVCGKC182V0,2,B,V,C,G,K,C,1,8,2,V,0,0,U,,,,2,17,,,,,,,,,,,,,,,,,,,0,0,000000000,00000000000,0,0,0,1,0,0,0,0,0,0,0,998,0,1,5,0,9,6,2,1,0,0,0,1,19,52581,6,1,0,0,3,0,69,236,0,0,0,0,0,0,0,0,0,0,36,0,0,0,1,2,55,1,1,2,1,0,0,1,12,1,1,4,6,1,0
19,190029,1,2,2,5,2,11,2,12,6,1,0,19,2,49,401,49401,14,1999,JT3HN87R9X90,J,T,3,H,N,8,7,R,9,X,9,0,0,P,TOYT,RUN,UT,99,17,3930,,0,1053,,G,,F,6,206,,,16R265,,,,,,0,0,000000000,00000000000,0,0,0,1,0,0,0,0,0,0,0,998,0,0,0,82,2,6,2,12,0,0,0,1,19,50703,3,1,0,0,2,0,63,120,0,0,0,0,0,0,0,0,0,0,92,0,0,0,6,2,35,1,1,1,1,3,3,1,17,1,1,3,87,1,0
19,190029,2,2,3,5,2,11,2,12,6,1,0,19,1,7,442,7442,20,2007,2D4GP44L47R2,2,D,4,G,P,4,4,L,4,7,R,2,0,T,DODG,GSX,ES,7,17,,1,0,1193,CAR,G,,,6,232,,,,,4252,00,E,42,0,0,000000000,00000000000,0,0,0,1,0,0,0,0,0,0,0,998,0,0,0,12,12,6,2,12,0,0,0,1,19,50634,6,1,0,0,3,0,66,175,0,0,0,0,0,0,0,0,0,0,38,0,0,0,2,2,35,1,1,1,1,3,3,1,17,1,1,1,86,0,0
19,190030,1,3,1,19,2,1,52,12,6,1,0,19,1,20,16,20016,2,1999,1G1JC1242X71,1,G,1,J,C,1,2,4,2,X,7,1,0,P,CHEV,C/S,CP,99,17,2617,,0,1041,,G,,F,4,133,,,14R195,,,,,,0,0,000000000,00000000000,0,0,0,1,0,0,0,0,0,0,0,998,0,0,0,12,12,6,2,12,0,0,0,1,19,50702,6,1,0,0,3,3,62,130,2,0,0,0,2,3,2008,2,2010,0,39,0,0,0,2,4,30,1,1,1,1,3,3,1,17,1,1,2,88,1,1
19,190030,2,3,2,19,2,1,52,12,6,1,0,19,1,37,32,37032,4,1998,1HGCG5656WA2,1,H,G,C,G,5,6,5,6,W,A,2,0,P,HOND,UEX,4D,98,17,2985,,0,1069,,G,,F,4,138,,,15R195,,,,,,0,0,000000000,00000000000,0,0,0,1,0,0,0,0,0,0,0,998,0,0,0,11,11,6,2,12,0,0,0,1,19,50701,2,1,0,0,2,0,64,119,0,1,0,0,0,10,2010,10,2010,0,0,0,0,0,3,6,45,1,1,1,1,20,3,1,17,1,1,2,89,0,1
19,190030,3,3,2,19,2,1,52,12,6,1,0,19,2,12,401,12401,14,2003,1FMZU73K03ZB,1,F,M,Z,U,7,3,K,0,3,Z,B,0,P,FORD,EPR,UT,3,17,4094,,0,1137,,F,,F,6,245,,,16R235,,,,,,0,0,000000000,00000000000,0,0,0,1,0,0,0,0,0,0,0,0,0,0,0,11,11,4,1,12,0,0,0,1,19,50703,6,1,0,0,3,0,66,153,0,0,0,0,1,10,2010,10,2010,0,0,0,0,0,3,2,30,1,1,1,1,20,3,5,98,1,7,3,98,0,0
19,190031,1,2,1,21,2,22,28,12,2,1,0,19,2,21,21,21021,4,2003,1G3NL52E13C2,1,G,3,N,L,5,2,E,1,3,C,2,0,P,OLDS,A/G,4D,3,17,3016,,0,1070,,G,,F,6,207,,,15R215,,,,,,0,0,000000000,00000000000,0,0,0,1,0,0,0,0,0,0,0,998,0,0,0,12,12,6,2,12,0,0,0,1,19,51052,6,2,0,0,3,0,62,113,1,0,0,0,1,2,2010,12,2010,0,50,0,0,0,3,2,70,1,1,2,1,0,0,1,54,1,1,1,52,1,1
19,190031,2,2,1,21,2,22,28,12,2,1,0,19,3,20,481,20481,31,2011,1GC1KXC80BF1,1,G,C,1,K,X,C,8,0,B,F,1,0,T,CHEV,2K2,CW,11,17,,2,1677,1537,SIL,D,,,8,403,,,,C,7208,02,,44,0,0,000000000,00000000000,0,0,0,1,0,0,0,0,0,0,0,998,0,0,0,12,12,6,2,12,0,0,0,1,19,51106,6,1,0,0,3,3,72,175,0,1,0,0,1,5,2009,8,2009,0,0,0,0,0,3,2,70,1,1,2,1,0,0,1,54,1,1,1,52,0,0
19,190032,1,1,1,3,3,1,15,42,0,1,0,19,1,49,471,49471,40,1989,JT5VN94T1K00,J,T,5,V,N,9,4,T,1,K,0,0,0,T,TOYT,SLW,CB,89,17,,1,0,1370,CCH,G,,,6,180,,,,B,00000,00,A,42,0,0,000000000,00000000000,0,0,0,1,0,0,0,0,0,0,0,998,0,0,0,12,12,6,2,42,0,0,0,1,19,52314,6,1,0,0,3,0,73,230,0,2,0,0,1,7,2008,8,2008,0,0,0,0,0,2,2,35,2,1,2,1,40,3,14,13,1,1,4,1,1,1
19,190033,1,1,2,2,3,16,59,8,0,1,0,19,1,20,481,20481,31,2008,2GCEK19JX811,2,G,C,E,K,1,9,J,X,8,1,1,0,T,CHEV,SK1,4C,8,17,,2,1575,1339,SIL,G,,,8,323,,,,B,5226,02,,44,0,0,000000000,00000000000,0,0,0,1,0,0,0,0,0,0,0,998,0,0,0,12,12,2,3,8,0,0,0,1,19,52073,6,1,0,0,3,0,66,165,0,0,0,0,0,0,0,0,0,0,0,0,0,0,2,2,35,1,2,2,1,0,0,1,80,1,1,2,13,0,0
19,190034,1,1,1,6,3,2,0,42,0,1,0,19,2,18,3,18003,4,1996,1G4CW52KXTH6,1,G,4,C,W,5,2,K,X,T,H,6,0,P,BUIC,PKA,4D,96,17,3536,,0,1108,,G,,F,6,231,,,15R205,,,,,,0,0,000000000,00000000000,0,0,0,1,0,0,0,0,0,0,0,998,0,0,0,3,3,6,2,42,0,0,0,1,19,50158,6,1,0,0,3,0,74,175,2,0,0,5,1,5,2008,1,2011,1,0,0,0,0,1,2,50,1,1,2,1,0,0,1,12,99,9,4,6,1,1
19,190035,1,1,1,6,3,2,30,35,0,1,0,19,2,35,472,35472,30,2006,1N6AD07WX6C4,1,N,6,A,D,0,7,W,X,6,C,4,0,T,NISS,CEO,CW,6,17,,1,0,1259,FRT,G,,,6,244,,,,C,4245,02,K,44,0,0,000000000,00000000000,0,0,0,1,0,0,0,0,0,0,0,998,0,1,5,12,12,6,2,1,0,0,0,1,19,51108,6,1,0,0,3,0,68,170,0,0,0,0,0,0,0,0,0,1,0,0,0,0,1,2,50,2,2,2,1,0,0,14,6,6,3,4,7,1,1
19,190036,1,2,1,7,3,14,10,12,2,1,0,19,1,12,481,12481,31,2006,1FTSW21P86EA,1,F,T,S,W,2,1,P,8,6,E,A,0,T,FORD,F2S,CW,6,17,,2,1720,1560,SRW,D,,,8,366,,,,C,6395,01,E,44,0,0,000000000,00000000000,0,0,0,1,0,0,0,0,0,0,0,998,0,0,0,12,12,6,2,12,0,0,0,1,19,52317,2,1,5,0,2,0,74,287,4,8,0,13,4,4,2008,10,2010,9,28,0,0,0,1,2,55,1,2,2,2,0,0,1,10,1,1,2,50,0,0
19,190036,2,2,3,7,3,14,10,12,2,1,0,19,2,7,442,7442,20,2005,1D4GP45R15B3,1,D,4,G,P,4,5,R,1,5,B,3,0,P,DODG,CAR,SV,5,17,3845,,0,1133,,G,,F,6,201,,,16R215,,,,,,0,0,000000000,00000000000,0,0,0,1,0,0,0,0,0,0,0,998,0,1,5,12,12,6,2,12,0,0,0,1,19,52342,6,1,0,0,3,3,74,270,0,0,0,0,0,0,0,0,0,0,0,0,0,0,1,2,55,1,2,2,2,0,0,1,62,7,1,1,51,1,0
19,190037,1,3,1,15,2,16,14,12,2,1,0,19,2,20,20,20020,4,1997,2G1WL52M0V92,2,G,1,W,L,5,2,M,0,V,9,2,0,P,CHEV,L/S,4D,97,17,3360,,0,1075,,G,,F,6,191,,,15R205,,,,,,0,0,000000000,00000000000,0,0,0,1,0,0,0,0,0,0,0,998,0,0,0,12,12,6,2,12,0,0,0,1,19,52240,6,1,0,0,3,0,76,200,0,0,0,0,0,0,0,0,0,0,28,0,0,0,2,3,45,1,1,2,1,0,0,1,10,1,1,2,50,0,0
19,190037,2,3,1,15,2,16,14,12,2,1,0,19,1,7,472,7472,30,1990,1B7GL26X9LS7,1,B,7,G,L,2,6,X,9,L,S,7,0,T,DODG,DAK,PK,90,17,,1,1309,1119,DAK,G,,,6,239,,,,B,2968,01,A,42,0,0,000000000,00000000000,0,0,0,1,0,0,0,0,0,0,0,998,0,0,0,12,12,6,2,12,0,0,0,1,19,52240,6,1,0,0,3,3,72,176,1,0,0,2,1,12,2008,7,2010,0,0,0,0,0,2,3,45,1,1,2,1,0,0,1,62,1,1,1,51,1,0
19,190037,3,3,1,15,2,16,14,12,2,1,0,19,1,2,404,2404,14,2001,1J4GW58S51C5,1,J,4,G,W,5,8,S,5,1,C,5,0,T,JEEP,LMT,4W,1,17,,1,0,1059,GCK,G,,,6,244,,,,,3959,01,E,44,0,0,000000000,00000000000,0,0,0,1,0,0,0,0,0,0,0,998,0,0,0,63,6,2,9,12,0,0,0,1,19,51301,6,1,0,0,3,3,73,180,0,0,0,0,0,0,0,0,0,0,0,0,0,0,2,3,45,1,1,2,1,0,0,1,62,7,1,2,98,0,0
19,190038,1,2,2,7,3,7,53,12,6,1,0,19,1,22,2,22002,4,2005,1G2HX52K05U1,1,G,2,H,X,5,2,K,0,5,U,1,0,P,PONT,BVS,4D,5,17,3633,,0,1122,,G,,F,6,231,,,16R225,,,,,,0,0,000000000,00000000000,0,0,0,1,0,0,0,0,0,0,0,998,0,0,0,3,3,6,2,12,0,0,0,1,19,51025,6,1,0,0,3,3,69,170,0,0,0,0,0,0,0,0,0,1,87,0,0,0,1,2,55,1,2,1,10,0,0,1,10,6,4,2,64,2,0
19,190038,2,2,1,7,3,7,53,12,6,1,0,19,1,23,881,23881,61,2004,1GDE4V1274F5,1,G,D,E,4,V,1,2,7,4,F,5,0,T,GMC,C4V,CB,4,17,,5,1840,1660,C45,D,,,8,403,,,,,00000,00,,42,0,57,01304907,5701304907,2,1,1,1,0,0,0,0,0,0,0,998,0,0,0,11,11,6,2,12,0,0,0,1,19,51006,6,1,6,0,3,0,73,215,0,0,0,0,0,0,0,0,0,0,0,0,0,0,1,2,55,1,2,1,10,0,0,1,5,1,1,1,65,0,0
19,190039,1,2,1,10,3,10,7,12,2,1,0,19,2,87,881,87881,66,2007,1XPHD49X07N6,1,X,P,H,D,4,9,X,0,7,N,6,1,T,PTRB,386,TR,7,17,,8,0,0,CON,D,,,6,915,,,,,00000,00,,64,3,57,2079459,572079459,3,6,8,1,0,0,0,0,0,0,0,998,0,0,0,12,12,6,2,12,0,0,0,1,19,51554,6,1,6,1,3,3,70,180,0,0,0,0,0,0,0,0,0,0,0,0,0,0,1,2,55,1,2,2,1,0,0,1,62,2,2,1,51,0,0
19,190039,2,2,1,10,3,10,7,12,2,1,0,19,1,20,481,20481,31,1996,2GCEC19R5T11,2,G,C,E,C,1,9,R,5,T,1,1,0,T,CHEV,GC1,PC,96,17,,2,1555,1415,GM4,G,,,8,350,,,,B,4068,02,,42,0,0,000000000,00000000000,0,0,0,1,0,0,0,0,0,0,0,998,0,0,0,12,12,6,2,12,0,0,0,1,19,51501,6,1,6,1,3,3,73,185,0,0,0,0,0,0,0,0,0,0,84,0,0,0,1,2,55,1,2,2,1,0,0,1,10,1,1,2,50,1,0
19,190040,1,2,2,10,3,17,45,12,6,1,0,19,1,12,37,12037,4,2005,1FAFP34N05W1,1,F,A,F,P,3,4,N,0,5,W,1,0,P,FORD,ZX4,4D,5,17,2677,,0,1030,,G,,F,4,122,,,15R195,,,,,,0,0,000000000,00000000000,0,0,0,1,0,0,0,0,0,0,0,998,0,1,5,3,3,6,2,12,0,0,0,1,19,50278,6,1,0,0,3,3,68,125,0,0,0,0,0,0,0,0,0,0,38,0,0,0,3,3,65,1,2,1,1,21,3,1,17,1,1,1,87,1,0
19,190040,2,2,1,10,3,17,45,12,6,1,0,19,3,12,481,12481,31,2009,1FTSW21569EB,1,F,T,S,W,2,1,5,6,9,E,B,0,T,FORD,F2S,CW,9,17,,2,1720,1560,SRW,G,,,8,329,,,,B,6523,01,E,44,0,0,000000000,00000000000,0,0,0,1,0,0,0,0,0,0,0,998,0,1,5,12,13,6,2,12,0,0,0,1,19,51503,6,1,6,0,3,3,68,150,0,0,0,2,0,4,2009,1,2010,0,0,0,0,0,1,2,65,1,2,1,1,0,0,1,17,9,1,2,86,0,0
19,190041,1,1,1,10,3,12,18,30,0,1,0,19,3,99,998,99998,92,2010,999999999999,9,9,9,9,9,9,9,9,9,9,9,9,0,,,,,,,,,,,,,,,,,,,,,,,,,0,0,000000000,00000000000,0,0,0,1,0,0,0,0,0,0,0,998,0,1,5,12,1,6,2,1,0,0,0,1,19,50702,6,1,0,0,3,3,70,185,0,0,0,1,0,9,2010,9,2010,0,0,0,0,0,1,2,30,1,1,2,1,0,0,1,10,1,1,4,6,1,0
19,190042,1,1,1,10,3,6,37,42,0,1,0,19,1,49,40,49040,4,1996,4T1BG12K1TU7,4,T,1,B,G,1,2,K,1,T,U,7,0,P,TOYT,DLX,4D,96,17,2932,,0,1031,,G,,F,4,132,,,14R195,,,,,,0,0,000000000,00000000000,0,0,0,1,0,0,0,0,0,0,0,998,0,0,0,6,6,6,2,42,0,0,0,1,19,51401,6,1,0,0,3,3,67,170,0,0,0,0,1,5,2008,5,2008,1,87,0,0,0,1,2,45,2,2,4,11,0,0,14,13,6,4,4,7,1,0
19,190043,1,1,1,13,3,5,0,35,0,1,0,19,1,2,404,2404,14,2008,1J8FF28W48D5,1,J,8,F,F,2,8,W,4,8,D,5,0,T,JEEP,SPO,4W,8,17,,1,0,1037,PRT,G,,,4,144,,,,,3251,00,L,44,0,0,000000000,00000000000,0,0,0,1,0,0,0,0,0,0,0,998,0,1,3,11,62,6,2,1,0,0,0,1,19,50265,6,1,0,0,3,0,71,185,0,0,0,2,0,12,2010,1,2011,0,0,0,0,0,3,2,70,1,2,1,1,0,0,1,12,1,4,4,7,1,0
19,190044,1,1,1,13,3,2,30,1,0,1,0,19,1,12,481,12481,31,1998,1FTZX18W8WKB,1,F,T,Z,X,1,8,W,8,W,K,B,0,T,FORD,F15,3C,98,17,,1,1570,1390,COF,G,,,8,281,,,,B,4480,01,E,44,0,0,000000000,00000000000,0,0,0,1,0,0,0,0,0,0,0,998,0,1,5,0,13,6,2,1,0,0,0,1,19,50470,6,1,0,0,3,3,71,180,0,0,0,0,0,0,0,0,0,0,0,0,0,0,1,2,50,1,2,4,1,0,0,1,12,1,1,4,6,1,0
19,190045,1,1,1,14,3,14,15,34,0,1,0,19,2,73,705,73705,80,2005,JKAEXVD185A0,J,K,A,E,X,V,D,1,8,5,A,0,0,M,KAWK,E5D,RC,5,17,,,,,,,498,,2,,4,391,,,,,,,0,0,000000000,00000000000,0,0,0,1,0,0,0,0,0,0,0,998,0,0,0,12,12,6,2,34,0,0,0,1,19,52358,1,1,0,0,2,0,68,165,2,3,1,2,1,3,2008,3,2011,0,0,0,0,0,1,2,55,1,2,2,1,0,0,1,13,99,2,4,2,1,0
19,190046,1,2,1,14,3,18,9,12,2,1,0,19,1,12,17,12017,4,2001,1FAFP55S71G1,1,F,A,F,P,5,5,S,7,1,G,1,0,P,FORD,TSS,4D,1,17,3343,,0,1085,,G,,F,6,182,,,16R215,,,,,,0,0,000000000,00000000000,0,0,0,1,0,0,0,0,0,0,0,998,0,0,0,12,12,6,2,12,0,0,0,1,19,52625,6,1,0,0,3,0,72,175,0,0,0,1,0,3,2009,3,2009,0,87,0,0,0,1,2,55,1,3,4,11,0,0,1,10,1,1,1,50,1,0
19,190046,2,2,1,14,3,18,9,12,2,1,0,19,2,6,43,6043,4,2004,1C3EL46X44N3,1,C,3,E,L,4,6,X,4,4,N,3,0,P,CHRY,SLX,4D,4,17,3106,,0,1080,,G,,F,4,148,,,15R205,,,,,,0,0,000000000,00000000000,0,0,0,1,0,0,0,0,0,0,0,998,0,0,0,12,12,6,2,12,0,0,0,1,19,52632,6,1,6,0,3,0,68,190,0,0,0,1,0,5,2008,5,2008,0,28,87,0,0,1,2,55,1,3,4,11,0,0,1,10,1,1,1,51,1,0
19,190047,1,1,1,16,3,17,59,9,0,1,0,19,2,12,17,12017,4,1999,1FAFP5324XG1,1,F,A,F,P,5,3,2,4,X,G,1,0,P,FORD,TSE,4D,99,17,3353,,0,1085,,F,,F,6,182,,,15R205,,,,,,0,0,000000000,00000000000,0,0,0,1,0,0,0,0,0,0,0,998,0,0,0,12,12,4,3,9,0,0,0,1,19,52627,6,1,0,0,3,3,71,190,0,0,0,0,0,0,0,0,0,0,38,0,0,0,3,4,65,1,1,1,1,0,0,1,83,1,1,1,13,0,0
19,190049,1,1,1,18,3,6,56,35,0,1,0,19,2,12,401,12401,14,1996,1FMDU34X2TZA,1,F,M,D,U,3,4,X,2,T,Z,A,0,P,FORD,EPR,UT,96,17,4189,,0,1115,,G,,F,6,245,,,15R225,,,,,,0,0,000000000,00000000000,0,0,0,1,0,0,0,0,0,0,0,998,0,1,3,12,13,6,2,1,0,0,0,1,19,50047,6,1,0,0,3,0,64,120,0,0,0,0,0,0,0,0,0,0,0,0,0,0,3,4,65,1,2,2,1,0,0,1,12,7,2,4,7,1,0
19,190050,1,1,3,17,3,4,40,35,0,1,0,19,1,20,481,20481,31,1990,1GCDC14K7LE1,1,G,C,D,C,1,4,K,7,L,E,1,0,T,CHEV,GC1,PK,90,17,,1,1415,1175,GM4,G,,,8,350,,,,B,3717,07,,42,0,0,000000000,00000000000,0,0,0,1,0,0,0,0,0,0,0,998,0,1,5,9,13,6,2,1,0,0,0,1,19,50208,2,1,0,0,2,0,67,130,0,1,0,0,0,11,2010,11,2010,0,0,0,0,0,1,2,50,1,2,4,1,0,0,1,13,1,1,4,1,2,0
19,190051,1,2,1,18,3,9,53,12,6,1,0,17,3,84,881,84881,66,2010,2HSCXAPR6AC1,2,H,S,C,X,A,P,R,6,A,C,1,1,T,INTL,STR,TR,10,17,,8,0,0,LON,D,,,6,915,,,,,00000,00,,64,1,57,742715,57742715,3,6,1,1,0,0,0,0,0,0,0,998,0,0,0,3,3,4,9,12,0,0,0,1,17,61455,6,1,6,0,3,3,71,275,0,0,0,0,0,0,0,0,0,0,38,0,0,0,1,2,55,1,1,2,1,20,3,1,17,1,1,1,87,0,0
19,190051,2,2,1,18,3,9,53,12,6,1,0,19,3,12,881,12881,61,2008,1FDWF37R28EB,1,F,D,W,F,3,7,R,2,8,E,B,0,T,FORD,F3D,CB,8,17,,3,1650,1410,DRW,D,,,8,390,,,,D,6378,01,U,44,0,99,999999999,99999999999,2,1,1,1,0,0,0,0,0,0,0,998,1,0,0,12,12,6,2,12,0,0,0,1,19,51331,6,1,0,0,3,0,71,170,0,0,0,0,0,0,0,0,0,0,0,0,0,0,1,2,55,1,1,2,1,0,0,1,17,1,1,1,86,1,0
19,190052,1,1,1,18,3,2,32,35,0,1,0,19,2,23,421,23421,15,1998,1GKEK13R2WJ7,1,G,K,E,K,1,3,R,2,W,J,7,0,T,GMC,YUK,4W,98,17,,2,0,1175,YUK,G,,,8,350,,,,B,5331,00,E,44,0,0,000000000,00000000000,0,0,0,1,0,0,0,0,0,0,0,998,0,0,0,12,12,6,2,35,0,0,0,1,19,50130,6,1,0,0,3,0,76,250,0,4,0,0,1,1,2009,6,2010,0,0,0,0,0,1,2,55,1,1,2,1,0,0,1,12,1,1,4,6,1,0
19,190053,1,1,1,20,3,2,30,1,0,1,0,19,2,20,481,20481,31,1999,2GCEK19V4X11,2,G,C,E,K,1,9,V,4,X,1,1,0,T,CHEV,SK1,3C,99,17,,2,1575,1435,SIL,G,,,8,293,,,,B,4621,00,,44,0,0,000000000,00000000000,0,0,0,1,0,0,0,0,0,0,0,998,0,1,5,0,13,6,2,1,0,0,0,1,19,50452,6,1,6,0,3,3,72,220,0,0,0,1,0,9,2009,9,2009,9,0,0,0,0,1,2,55,1,1,2,2,0,0,1,13,1,3,4,2,1,1
19,190054,1,1,1,20,3,1,15,42,0,1,0,19,1,12,471,12471,30,2000,1FTYR14V9YPB,1,F,T,Y,R,1,4,V,9,Y,P,B,0,T,FORD,RNS,PC,0,17,,1,0,1257,RNG,F,,,6,182,,,,B,3271,01,U,42,0,0,000000000,00000000000,0,0,0,1,0,0,0,0,0,0,0,998,0,0,0,12,12,6,2,42,0,0,0,1,19,52632,6,1,6,0,3,3,69,235,1,0,0,0,2,6,2008,3,2010,0,0,0,0,0,1,2,55,1,1,2,1,0,0,1,13,99,2,4,2,1,0
19,190055,1,1,1,21,3,22,4,33,0,1,0,19,2,7,20,7020,4,2002,1B3ES26C32D5,1,B,3,E,S,2,6,C,3,2,D,5,0,P,DODG,NEO,4D,2,17,2604,,0,1050,,G,,F,4,122,,,14R185,,,,,,0,0,000000000,00000000000,0,0,0,1,0,0,0,0,0,0,0,998,0,0,0,12,2,6,2,30,0,0,0,1,19,52803,6,1,0,0,3,0,72,188,0,0,0,0,0,0,0,0,0,1,0,0,0,0,1,2,35,1,1,2,1,0,0,6,6,7,1,4,1,1,0
19,190056,1,2,1,22,3,23,51,12,1,1,0,19,1,12,16,12016,4,1998,2FAFP71W1WX1,2,F,A,F,P,7,1,W,1,W,X,1,0,P,FORD,CVP,4D,98,17,0,,0,1144,,G,,F,8,281,,,16R225,,,,,,0,0,000000000,00000000000,0,0,0,1,0,0,0,0,0,0,0,0,0,0,0,6,6,6,2,12,0,0,0,1,19,50317,6,2,0,0,3,3,72,260,0,0,0,0,0,0,0,0,0,0,54,0,0,0,3,2,65,1,3,1,1,0,0,5,98,1,9,1,21,0,0
19,190056,2,2,1,22,3,23,51,12,1,1,0,93,3,84,883,84883,66,1999,2HSFMAMRXXC0,2,H,S,F,M,A,M,R,X,X,C,0,1,T,INTL,920,TR,99,17,,8,2340,1600,920,D,,,6,774,,,,,00000,00,,64,1,57,635446,57635446,3,6,2,1,0,0,0,0,0,0,0,998,0,1,1,12,12,6,2,1,0,0,0,1,27,55936,6,1,6,1,3,3,66,125,0,0,0,0,0,0,0,0,0,9,84,0,0,0,3,2,65,1,1,1,1,0,0,1,50,1,1,1,20,1,0
19,190057,1,2,1,24,3,6,14,12,2,1,0,19,2,23,481,23481,31,1998,2GTEK19R4W15,2,G,T,E,K,1,9,R,4,W,1,5,0,T,GMC,SK1,PC,98,17,,2,1555,1415,SIE,G,,,8,350,,,,B,4561,00,U,44,0,0,000000000,00000000000,0,0,0,1,0,0,0,0,0,0,0,998,0,0,0,12,12,6,2,12,0,0,0,1,19,50208,6,1,0,0,3,0,69,210,0,0,0,0,0,0,0,0,0,0,28,0,0,0,1,2,55,1,2,2,1,0,0,1,10,1,1,2,50,0,0
19,190057,2,2,1,24,3,6,14,12,2,1,0,19,3,12,401,12401,14,2007,1FMEU73E57UB,1,F,M,E,U,7,3,E,5,7,U,B,0,P,FORD,EPR,UT,7,17,4615,,0,1137,,G,,F,6,244,,,16R235,,,,,,0,0,000000000,00000000000,0,0,0,1,0,0,0,0,0,0,0,998,0,0,0,12,12,6,2,12,0,0,0,1,19,50054,6,1,0,0,3,3,69,170,0,0,0,0,0,0,0,0,0,0,0,0,0,0,1,2,55,1,2,2,1,0,0,1,62,1,1,1,51,1,0
19,190059,1,1,1,24,3,20,8,8,0,1,0,19,1,12,481,12481,31,1999,1FTRX18L6XNA,1,F,T,R,X,1,8,L,6,X,N,A,0,T,FORD,F15,4C,99,17,,2,1574,1388,COF,G,,,8,330,,,,B,00000,00,U,44,0,0,000000000,00000000000,0,0,0,1,0,0,0,0,0,0,0,998,0,0,0,12,12,2,1,8,0,0,0,1,19,52057,6,1,6,0,3,3,69,160,0,0,0,0,0,0,0,0,0,0,38,0,0,0,1,2,25,1,1,2,1,20,3,11,80,1,1,2,13,0,0
19,190060,1,2,2,25,3,5,16,12,2,1,0,19,3,86,881,86881,66,2008,1M1AW01Y68N0,1,M,1,A,W,0,1,Y,6,8,N,0,1,T,MACK,CXU,TR,8,17,,8,0,0,600,D,,,6,659,,,,,00000,00,,42,1,57,064266,57064266,3,6,1,1,0,0,0,0,0,0,0,998,0,0,0,12,12,6,9,12,0,0,0,1,19,51458,6,1,6,1,3,0,70,170,0,0,0,0,0,0,0,0,0,0,0,0,0,0,1,2,55,1,1,2,3,0,0,1,62,1,1,1,51,0,0
19,190060,2,2,1,25,3,5,16,12,2,1,0,19,2,6,442,6442,20,2000,2C4GJ2533YR7,2,C,4,G,J,2,5,3,3,Y,R,7,0,P,CHRY,VOV,SV,0,17,3432,,0,1133,,G,,F,6,181,,,14R205,,,,,,0,0,000000000,00000000000,0,0,0,1,0,0,0,0,0,0,0,998,1,0,0,12,12,6,2,12,0,0,0,1,19,50588,6,1,0,0,3,0,71,140,0,0,0,0,0,0,0,0,0,0,87,0,0,0,1,2,55,1,1,2,3,0,0,1,10,1,1,2,50,1,0
19,190061,1,1,1,26,3,5,33,32,0,1,0,19,2,12,481,12481,31,2000,1FTZF1720YKB,1,F,T,Z,F,1,7,2,0,Y,K,B,0,T,FORD,F15,PK,0,17,,1,1385,1199,COF,G,,,6,256,,,,B,3923,04,U,42,0,0,000000000,00000000000,0,0,0,1,0,0,0,0,0,0,0,998,0,1,5,11,11,6,2,1,0,0,0,1,19,50220,6,1,6,0,3,3,75,325,0,4,0,2,2,10,2008,11,2009,0,0,0,0,0,1,2,55,1,1,1,1,0,0,1,10,1,1,4,1,1,1