STATE,ST_CASE,VEH_NO,VE_FORMS,NUMOCCS,DAY,MONTH,HOUR,MINUTE,HARM_EV,MAN_COLL,UNITTYPE,HIT_RUN,REG_STAT,OWNER,MAKE,MODEL,MAK_MOD,BODY_TYP,MOD_YEAR,VIN,VIN_1,VIN_2,VIN_3,VIN_4,VIN_5,VIN_6,VIN_7,VIN_8,VIN_9,VIN_10,VIN_11,VIN_12,TOW_VEH,VINTYPE,VINMAKE,VINA_MOD,VIN_BT,VINMODYR,VIN_LNGT,VIN_WGT,WGTCD_TR,WHLBS_LG,WHLBS_SH,SER_TR,FUELCODE,MCYCL_DS,CARBUR,CYLINDER,DISPLACE,MCYCL_CY,MCYCL_WT,TIRE_SZE,TON_RAT,TRK_WT,TRKWTVAR,VIN_REST,WHLDRWHL,J_KNIFE,MCARR_I1,MCARR_I2,MCARR_ID,GVWR,V_CONFIG,CARGO_BT,HAZ_INV,HAZ_PLAC,HAZ_ID,HAZ_CNO,HAZ_REL,BUS_USE,SPEC_USE,EMER_USE,TRAV_SP,UNDERIDE,ROLLOVER,ROLINLOC,IMPACT1,IMPACT2,DEFORMED,TOWED,M_HARM,VEH_SC1,VEH_SC2,FIRE_EXP,DR_PRES,L_STATE,DR_ZIP,L_STATUS,L_TYPE,CDL_STAT,L_ENDORS,L_COMPL,L_RESTRI,DR_HGT,DR_WGT,PREV_ACC,PREV_SUS,PREV_DWI,PREV_SPD,PREV_OTH,FIRST_MO,FIRST_YR,LAST_MO,LAST_YR,SPEEDREL,DR_SF1,DR_SF2,DR_SF3,DR_SF4,VTRAFWAY,VNUM_LAN,VSPD_LIM,VALIGN,VPROFILE,VPAVETYP,VSURCOND,VTRAFCON,VTCONT_F,P_CRASH1,P_CRASH2,P_CRASH3,PCRASH4,PCRASH5,ACC_TYPE,DEATHS,DR_DRINK
19,190062,1,1,1,27,3,2,16,35,0,1,0,19,2,23,481,23481,31,1999,2GTEC19T5X15,2,G,T,E,C,1,9,T,5,X,1,5,0,T,GMC,NC1,3C,99,17,,2,1575,1435,SIE,G,,,8,325,,,,B,00000,00,U,42,0,0,000000000,00000000000,0,0,0,1,0,0,0,0,0,0,0,998,0,1,5,12,12,6,2,1,0,0,0,1,19,52332,2,1,0,0,2,0,75,240,0,5,1,1,1,3,2008,3,2010,9,0,0,0,0,1,2,55,1,1,2,1,0,0,1,12,1,1,4,6,1,1
19,190063,1,1,1,30,3,21,4,35,0,1,0,19,2,20,2,20002,4,2001,2G1WF55E0193,2,G,1,W,F,5,5,E,0,1,9,3,0,P,CHEV,IMP,4D,1,17,3389,,0,1105,,G,,F,6,207,,,16R225,,,,,,0,0,000000000,00000000000,0,0,0,1,0,0,0,0,0,0,0,998,0,1,5,12,12,6,2,1,0,0,0,1,19,52247,6,1,0,0,3,3,65,217,0,0,0,0,0,0,0,0,0,0,58,0,0,0,1,2,50,1,2,4,11,0,0,1,12,1,1,4,6,1,0
19,190064,1,2,1,31,3,6,17,12,6,1,0,19,3,86,881,86881,66,2005,1M1AE06Y95N0,1,M,1,A,E,0,6,Y,9,5,N,0,1,T,MACK,CX6,TR,5,17,,8,0,0,600,D,,,6,728,,,,,00000,00,,64,1,57,739556,57739556,3,6,8,1,0,0,0,0,0,0,0,998,0,0,0,63,63,6,2,12,0,0,0,1,19,52577,6,1,6,0,3,0,74,200,1,0,0,0,1,9,2010,9,2010,0,0,0,0,0,1,2,55,1,2,2,1,0,0,13,11,1,1,1,66,0,0
19,190064,2,2,1,31,3,6,17,12,6,1,0,19,1,49,401,49401,14,1986,JT4RN62D5G00,J,T,4,R,N,6,2,D,5,G,0,0,0,P,TOYT,RUN,UT,86,17,4651,,0,1030,,G,,F,4,144,,,000000,,,,,,0,0,000000000,00000000000,0,0,0,1,0,0,0,0,0,0,0,998,0,0,0,12,12,6,2,12,0,0,1,1,19,52561,6,1,0,0,3,0,65,150,0,0,0,0,0,0,0,0,0,0,0,0,0,0,1,2,55,1,2,2,1,0,0,1,56,1,1,1,66,1,0
19,190065,1,1,2,31,3,16,27,1,0,1,0,27,2,20,401,20401,14,2002,1GNDT13S7222,1,G,N,D,T,1,3,S,7,2,2,2,0,P,CHEV,TRL,UT,2,17,4628,,0,1130,,G,,F,6,256,,,16R245,,,,,,0,0,000000000,00000000000,0,0,0,1,0,0,0,0,0,0,0,998,0,1,3,0,12,6,2,1,0,0,0,1,27,55446,3,1,0,0,2,3,64,160,0,0,0,0,0,0,0,0,0,0,0,0,0,0,3,4,65,1,1,2,2,0,0,1,12,1,1,4,6,1,0
19,190066,1,1,1,31,3,21,25,14,0,1,0,19,2,76,701,76701,81,1987,JYA5U9003HC1,J,Y,A,5,U,9,0,0,3,H,C,1,0,M,YAMA,QT5,MS,87,17,,,,,,,49,,1,,2,94,,,,,,,0,0,000000000,00000000000,0,0,0,1,0,0,0,0,0,0,0,998,0,0,0,12,12,6,2,14,0,0,0,1,19,52591,6,7,0,0,3,3,71,155,0,0,0,0,0,0,0,0,0,0,0,0,0,0,1,2,25,1,1,1,1,0,0,1,11,99,1,4,11,1,0
19,190067,1,2,1,1,4,15,42,12,6,1,0,19,2,63,402,63402,14,2003,KNDJC7333350,K,N,D,J,C,7,3,3,3,3,5,0,0,P,KIA,SOR,UT,3,17,4255,,0,1067,,G,,F,6,213,,,16R245,,,,,,0,0,000000000,00000000000,0,0,0,1,0,0,0,0,0,0,0,998,0,0,0,62,11,6,2,12,0,0,0,1,19,50023,6,1,0,0,3,0,66,135,1,0,0,0,0,6,2008,6,2008,0,38,0,0,0,1,2,15,1,1,1,1,20,3,1,17,1,1,1,89,0,0
19,190067,2,2,1,1,4,15,42,12,6,1,0,19,1,37,705,37705,80,1999,JH2PC3506XM0,J,H,2,P,C,3,5,0,6,X,M,0,0,M,HOND,CF4,RC,99,17,,,,,,,599,,4,,4,373,,,,,,,0,0,000000000,00000000000,0,0,0,1,0,0,0,0,0,0,0,998,0,0,0,12,12,6,2,12,0,0,0,1,19,50450,6,1,0,0,3,0,71,210,0,0,0,0,0,0,0,0,0,1,0,0,0,0,1,2,30,1,1,1,1,0,0,1,15,1,1,2,88,1,0
19,190068,1,1,1,1,4,9,42,30,0,1,0,19,1,12,481,12481,31,1990,2FTDF15N6LCB,2,F,T,D,F,1,5,N,6,L,C,B,0,T,FORD,F15,PK,90,17,,1,1330,1170,COF,G,,,8,302,,,,B,3535,01,A,42,0,0,000000000,00000000000,0,0,0,1,0,0,0,0,0,0,0,998,0,0,0,12,12,6,2,30,0,0,1,1,19,52730,6,1,0,0,3,0,68,210,1,1,0,1,0,1,2009,6,2009,0,28,0,0,0,1,2,55,1,2,2,1,0,0,1,12,7,3,4,2,1,0
19,190069,1,2,1,1,4,19,15,1,0,1,0,99,9,37,733,37733,90,1978,JH3TB05140C2,J,H,3,T,B,0,5,1,4,0,C,2,0,M,HOND,,,78,17,,,,,,,,,,,,,,,,,,,0,0,000000000,00000000000,0,0,0,1,0,0,0,0,0,0,0,998,0,1,5,0,7,6,9,1,0,0,0,1,19,52337,6,2,0,0,3,3,70,230,0,0,0,0,0,0,0,0,0,0,0,0,0,0,1,2,55,1,2,4,11,0,0,1,12,99,1,4,7,1,0
19,190069,2,2,2,1,4,19,15,1,0,1,0,19,2,76,734,76734,90,2010,JY4AJ44Y6AC0,J,Y,4,A,J,4,4,Y,6,A,C,0,0,M,YAMA,Z4X,AT,10,17,,,,,,,449,,1,,4,400,,,,,,,0,0,000000000,00000000000,0,0,0,1,0,0,0,0,0,0,0,998,0,1,5,0,12,2,9,1,0,0,0,1,19,52306,6,2,0,0,3,3,65,135,0,0,0,0,0,0,0,0,0,0,28,0,0,0,1,2,55,1,2,4,11,0,0,1,12,7,1,4,98,1,0
19,190070,1,1,2,2,4,4,52,35,0,1,0,19,1,12,3,12003,2,1994,1FALP42T7RF1,1,F,A,L,P,4,2,T,7,R,F,1,0,P,FORD,MGT,CP,94,17,3258,,0,1013,,G,,F,8,302,,,16R225,,,,,,0,0,000000000,00000000000,0,0,0,1,0,0,0,0,0,0,0,998,0,1,5,12,12,6,2,1,0,0,0,1,19,52060,6,1,0,0,3,3,71,187,0,1,0,1,1,9,2008,9,2009,0,0,0,0,0,1,2,55,1,2,2,1,0,0,6,13,1,1,4,1,2,1
19,190071,1,1,1,7,4,17,20,1,0,1,0,19,1,23,431,23431,16,1999,1GKFK16R7XJ7,1,G,K,F,K,1,6,R,7,X,J,7,0,T,GMC,KSU,4W,99,17,,2,0,1315,K15,G,,,8,350,,,,B,5226,00,E,44,0,0,000000000,00000000000,0,0,0,1,0,0,0,0,0,0,0,998,0,1,5,0,13,6,2,1,0,0,0,1,19,51354,2,1,0,0,2,0,75,147,0,1,1,0,0,2,2011,2,2011,0,28,0,0,0,1,2,55,1,1,2,1,0,0,1,10,7,1,4,6,1,1
19,190072,1,1,1,3,4,11,0,30,0,1,0,19,1,35,43,35043,4,1994,1N4EB31P4RC7,1,N,4,E,B,3,1,P,4,R,C,7,0,P,NISS,SEL,4D,94,17,2346,,0,957,,G,,F,4,098,,,13R185,,,,,,0,0,000000000,00000000000,0,0,0,1,0,0,0,0,0,0,0,998,0,0,0,12,12,6,2,30,0,0,0,1,19,50313,6,1,0,0,3,0,72,160,0,0,0,0,0,0,0,0,0,0,0,0,0,0,1,2,35,1,1,1,1,0,0,1,13,1,1,4,1,1,0
19,190073,1,1,1,30,4,15,35,35,0,1,0,19,2,18,2,18002,4,2003,1G4HP52K0341,1,G,4,H,P,5,2,K,0,3,4,1,0,P,BUIC,LCF,4D,3,17,3567,,0,1122,,G,,F,6,231,,,15R215,,,,,,0,0,000000000,00000000000,0,0,0,1,0,0,0,0,0,0,0,998,0,1,5,2,13,6,2,1,0,0,0,1,19,52159,3,1,0,0,2,0,63,175,0,0,0,1,0,2,2009,2,2009,0,0,0,0,0,1,2,55,1,2,2,1,0,0,1,13,98,1,4,4,1,0
19,190074,1,3,1,7,4,7,32,12,6,1,0,19,2,6,43,6043,4,2006,2C3LK63H46H1,2,C,3,L,K,6,3,H,4,6,H,1,0,P,CHRY,43C,4D,6,17,4166,,0,1200,,G,,F,8,348,,,18R225,,,,,,0,0,000000000,00000000000,0,0,0,1,0,0,0,0,0,0,0,0,0,0,0,11,62,4,3,12,0,0,0,1,19,50237,6,1,0,0,3,0,65,130,0,0,0,0,0,0,0,0,0,0,0,0,0,0,2,5,35,1,1,1,1,3,3,5,62,1,1,1,98,0,0
19,190074,2,3,1,7,4,7,32,12,6,1,0,19,2,22,32,22032,6,2006,5Y2SL65866Z4,5,Y,2,S,L,6,5,8,6,6,Z,4,0,P,PONT,VIB,4H,6,17,2700,,0,1024,,G,,F,4,110,,,16R205,,,,,,0,0,000000000,00000000000,0,0,0,1,0,0,0,0,0,0,0,998,0,0,0,9,9,6,2,12,0,0,0,1,19,50009,6,1,0,0,3,0,65,155,0,0,0,1,1,4,2009,4,2009,0,0,0,0,0,2,5,35,1,1,1,1,3,3,1,66,1,1,2,89,1,0
19,190074,3,3,1,7,4,7,32,12,6,1,0,19,2,2,404,2404,14,2011,1J4RR4GT4BC5,1,J,4,R,R,4,G,T,4,B,C,5,0,T,JEEP,LRO,4W,11,17,,2,0,1148,GCK,G,,,8,348,,,,,5020,00,W,44,0,0,000000000,00000000000,0,0,0,1,0,0,0,0,0,0,0,86,2,1,1,12,12,6,2,12,0,0,0,1,19,50703,1,1,5,0,2,0,68,145,1,4,0,0,2,6,2008,2,2009,1,39,0,0,0,2,5,35,1,1,1,1,3,3,1,17,1,1,2,88,0,1
19,190075,1,1,1,10,4,2,21,35,0,1,0,19,1,12,481,12481,31,2003,1FTRF18273NB,1,F,T,R,F,1,8,2,7,3,N,B,0,T,FORD,F15,PK,3,17,,2,1388,1202,COF,G,,,6,256,,,,B,4400,00,U,44,0,0,000000000,00000000000,0,0,0,1,0,0,0,0,0,0,0,998,0,1,5,12,13,6,2,1,0,0,0,1,19,52209,1,1,0,0,2,0,75,180,1,1,0,0,2,6,2009,9,2010,0,0,0,0,0,1,2,55,1,2,1,1,0,0,1,12,1,1,4,6,1,1
19,190076,1,1,1,11,4,21,30,35,0,1,0,19,1,35,49,35049,6,2006,JN8AZ08W86W5,J,N,8,A,Z,0,8,W,8,6,W,5,0,P,NISS,MUR,UT,6,17,3855,,0,1112,,G,,F,6,213,,,18R235,,,,,,0,0,000000000,00000000000,0,0,0,1,0,0,0,0,0,0,0,998,0,1,5,12,13,6,2,1,0,0,0,1,19,52339,6,1,0,0,3,0,67,145,0,0,0,2,0,8,2008,8,2009,0,0,0,0,0,1,2,55,1,2,2,1,0,0,1,13,1,1,4,1,1,0
19,190077,1,2,2,12,4,13,38,23,0,1,0,19,1,18,2,18002,4,2005,1G4HR54K55U1,1,G,4,H,R,5,4,K,5,5,U,1,0,P,BUIC,LLF,4D,5,17,3591,,0,1122,,G,,F,6,232,,,15R215,,,,,,0,0,000000000,00000000000,0,0,0,1,0,0,0,0,0,0,0,998,0,0,0,61,12,6,2,12,0,0,0,1,19,50651,6,1,0,0,3,0,74,245,0,0,0,0,0,0,0,0,0,0,28,0,0,0,1,2,55,1,1,2,1,0,0,1,10,1,1,4,6,1,0
19,190077,2,2,1,12,4,13,38,23,0,1,0,19,1,20,37,20037,4,2005,1G1ZT52865F1,1,G,1,Z,T,5,2,8,6,5,F,1,0,P,CHEV,M/L,4D,5,17,3297,,0,1063,,G,,F,6,214,,,15R205,,,,,,0,0,000000000,00000000000,0,0,0,1,0,0,0,0,0,0,0,998,0,0,0,12,12,6,2,12,0,0,0,1,19,50651,6,1,0,0,3,3,66,194,0,0,0,0,0,0,0,0,0,0,0,0,0,0,1,2,55,1,1,2,1,0,0,1,62,1,1,1,98,0,0
19,190078,1,2,1,12,4,18,50,12,2,1,0,19,3,12,461,12461,21,1998,1FTRE1424WHA,1,F,T,R,E,1,4,2,4,W,H,A,0,T,FORD,15V,CG,98,17,,2,0,1380,VAN,G,,,6,256,,,,B,4650,00,E,42,0,0,000000000,00000000000,0,0,0,1,0,0,0,0,0,0,0,998,0,0,0,12,12,6,2,12,0,0,0,1,19,50665,6,1,0,0,3,3,71,220,0,0,0,0,0,0,0,0,0,0,38,0,0,0,1,2,35,1,2,2,1,28,3,1,10,1,1,2,50,0,0
19,190078,2,2,1,12,4,18,50,12,2,1,0,19,1,72,706,72706,80,2008,1HD1JJ5118Y0,1,H,D,1,J,J,5,1,1,8,Y,0,0,M,HD,FCW,RS,8,17,,,,,,,1584,,2,,4,690,,,,,,,0,0,000000000,00000000000,0,0,0,1,0,0,0,0,0,0,0,998,0,0,0,12,12,6,2,12,0,0,0,1,19,50665,6,1,0,0,3,0,76,165,0,0,0,2,0,10,2008,9,2009,0,0,0,0,0,1,2,35,2,1,2,1,28,3,14,54,1,1,1,51,1,0
19,190079,1,1,1,14,4,1,5,23,0,1,0,31,1,12,17,12017,4,2003,1FAFP55273A2,1,F,A,F,P,5,5,2,7,3,A,2,0,P,FORD,TSS,4D,3,17,3329,,0,1085,,F,,F,6,182,,,16R215,,,,,,0,0,000000000,00000000000,0,0,0,1,0,0,0,0,0,0,0,998,0,0,0,12,12,6,2,23,0,0,0,1,31,68107,6,1,0,0,3,0,67,230,0,0,0,2,0,11,2009,11,2009,0,0,0,0,0,3,2,55,1,1,1,1,0,0,1,12,1,1,4,6,1,0
19,190080,1,2,2,18,4,9,10,12,2,1,0,19,2,24,1,24001,4,1997,1G8ZK5276VZ3,1,G,8,Z,K,5,2,7,6,V,Z,3,0,P,STRN,SL2,4D,97,17,2362,,0,1024,,G,,F,4,116,,,15R185,,,,,,0,0,000000000,00000000000,0,0,0,1,0,0,0,0,0,0,0,998,0,0,0,12,12,6,2,12,0,0,0,1,19,52806,6,1,0,0,3,0,62,135,0,0,0,1,0,7,2008,7,2008,0,28,0,0,0,2,4,35,1,1,1,1,0,0,1,10,1,1,2,50,1,0
19,190080,2,2,1,18,4,9,10,12,2,1,0,19,1,14,401,14401,14,2008,4M2EU48888UJ,4,M,2,E,U,4,8,8,8,8,U,J,0,P,MERC,MOU,UT,8,17,4785,,0,1137,,G,,F,8,281,,,18R235,,,,,,0,0,000000000,00000000000,0,0,0,1,0,0,0,0,0,0,0,998,0,0,0,12,12,6,2,12,0,0,0,1,19,52804,6,1,0,0,3,3,65,115,0,0,0,0,0,0,0,0,0,0,0,0,0,0,2,4,35,1,1,1,1,0,0,1,62,1,1,1,51,0,0
19,190081,1,2,1,18,4,13,48,12,6,1,0,19,1,20,20,20020,4,1997,2G1WN52MXV92,2,G,1,W,N,5,2,M,X,V,9,2,0,P,CHEV,L/Z,4D,97,17,3875,,0,1075,,G,,F,6,191,,,16R225,,,,,,0,0,000000000,00000000000,0,0,0,1,0,0,0,0,0,0,0,998,0,0,0,82,2,6,2,12,0,0,0,1,19,50659,6,1,0,0,3,3,69,225,0,0,0,0,0,0,0,0,0,0,38,0,0,0,1,2,55,1,1,1,1,20,3,1,17,1,1,1,87,1,0
19,190081,2,2,2,18,4,13,48,12,6,1,0,55,3,12,461,12461,21,2007,1FTSE34L27DB,1,F,T,S,E,3,4,L,2,7,D,B,0,T,FORD,3SD,CG,7,17,,2,0,1380,VAN,G,,,8,330,,,,D,00000,00,E,42,0,0,000000000,00000000000,0,0,0,1,0,0,0,0,0,0,0,998,0,0,0,12,11,6,2,12,0,0,0,1,55,54940,6,1,0,0,3,0,69,160,0,0,0,0,0,0,0,0,0,0,0,0,0,0,2,4,65,1,1,1,1,0,0,1,17,1,1,1,86,0,0
19,190082,1,1,1,20,4,10,7,35,0,1,0,19,1,49,46,49046,4,2011,JTDKN3DU1B02,J,T,D,K,N,3,D,U,1,B,0,2,0,P,TOYT,PRI,4H,11,17,3042,,0,1063,,B,,F,4,110,,,15R195,,,,,,0,0,000000000,00000000000,0,0,0,1,0,0,0,0,0,0,0,998,0,0,0,12,12,6,2,35,36,0,0,1,19,51360,6,1,0,0,3,3,70,165,4,0,0,0,2,5,2008,5,2010,0,0,0,0,0,1,2,55,1,2,2,1,0,0,1,12,1,1,4,6,1,0
19,190083,1,1,2,22,4,18,59,30,0,1,0,19,1,18,2,18002,4,2000,1G4HP54K0YU1,1,G,4,H,P,5,4,K,0,Y,U,1,0,P,BUIC,LCF,4D,0,17,3567,,0,1122,,G,,F,6,231,,,15R215,,,,,,0,0,000000000,00000000000,0,0,0,1,0,0,0,0,0,0,0,998,0,0,0,12,12,6,2,19,0,0,0,1,19,52501,6,1,0,0,3,3,67,170,1,0,0,0,0,2,2009,2,2009,1,0,0,0,0,1,2,25,1,1,1,2,0,0,1,13,1,1,4,1,1,0
19,190084,1,1,1,22,4,21,25,35,0,1,0,19,1,53,403,53403,14,1996,JS3LB11S5T41,J,S,3,L,B,1,1,S,5,T,4,1,0,P,SUZI,X90,UT,96,17,2493,,0,866,,G,,F,4,097,,,15R195,,,,,,0,0,000000000,00000000000,0,0,0,1,0,0,0,0,0,0,0,998,0,0,0,14,14,6,2,35,0,0,0,1,19,50036,6,1,0,0,3,3,66,160,0,0,0,0,0,0,0,0,0,9,58,0,0,0,1,2,55,1,1,2,2,0,0,1,12,8,2,4,7,1,0
19,190085,1,1,1,24,4,2,26,1,0,1,0,19,1,20,471,20471,30,1997,1GCCS1445VK1,1,G,C,C,S,1,4,4,5,V,K,1,0,T,CHEV,S14,PK,97,17,,1,1179,1083,S,G,,,4,133,,,,B,3062,00,,42,0,0,000000000,00000000000,0,0,0,1,0,0,0,0,0,0,0,998,0,1,5,0,12,6,2,1,0,0,0,1,19,51454,6,1,6,0,3,0,72,195,0,0,0,1,0,7,2009,7,2009,1,0,0,0,0,1,2,50,1,2,4,11,0,0,1,17,6,2,4,7,1,1
19,190086,1,1,1,24,4,12,43,59,0,1,0,19,1,18,2,18002,4,1997,1G4HP52K5VH5,1,G,4,H,P,5,2,K,5,V,H,5,0,P,BUIC,LCF,4D,97,17,3446,,0,1108,,G,,F,6,231,,,15R205,,,,,,0,0,000000000,00000000000,0,0,0,1,0,0,0,0,0,0,0,998,0,0,0,12,99,9,2,3,0,0,0,1,19,50703,6,1,0,0,3,3,71,130,0,0,0,0,1,2,2011,2,2011,1,0,0,0,0,1,4,35,1,1,2,1,0,0,1,10,1,1,4,6,1,0
19,190087,1,1,4,30,4,14,55,1,0,1,0,19,2,2,404,2404,14,1995,1J4GZ58S5SC7,1,J,4,G,Z,5,8,S,5,S,C,7,0,T,JEEP,LRO,4W,95,17,,1,0,1059,GCK,G,,,6,242,,,,,3552,00,M,44,0,0,000000000,00000000000,0,0,0,1,0,0,0,0,0,0,0,998,0,1,5,0,13,6,2,1,0,0,0,1,19,50401,6,2,0,0,3,3,67,130,0,0,0,0,1,7,2010,7,2010,0,58,0,0,0,1,2,55,1,1,4,11,0,0,1,10,8,3,4,2,1,0
19,190088,1,2,1,3,5,7,40,12,6,1,0,19,1,20,481,20481,31,2002,1GCJK33G62F1,1,G,C,J,K,3,3,G,6,2,F,1,0,T,CHEV,SK3,CW,2,17,,3,0,1670,SIL,G,,,8,496,,,,D,6391,00,,44,0,0,000000000,00000000000,0,0,0,1,0,0,0,0,0,0,0,998,0,0,0,12,12,6,2,12,0,0,0,1,19,50006,6,1,0,0,3,0,71,240,1,0,0,0,0,9,2009,9,2009,0,38,0,0,0,1,2,55,1,2,4,1,0,0,1,17,1,1,1,88,0,0
19,190088,2,2,1,3,5,7,40,12,6,1,0,19,1,22,20,22020,4,1991,1G2WH54T7MF2,1,G,2,W,H,5,4,T,7,M,F,2,0,P,PONT,GFL,4D,91,17,3248,,0,1075,,G,,F,6,191,,,15R205,,,,,,0,0,000000000,00000000000,0,0,0,1,0,0,0,0,0,0,0,998,2,0,0,9,9,6,2,12,0,0,0,1,19,50006,6,1,0,0,3,3,63,110,0,0,0,0,0,0,0,0,0,0,0,0,0,0,1,2,55,1,2,4,1,0,0,1,17,1,1,1,89,1,0
19,190089,1,2,1,4,5,7,32,12,1,1,0,19,1,20,471,20471,30,1991,1GCCS14Z9M82,1,G,C,C,S,1,4,Z,9,M,8,2,0,T,CHEV,S14,PK,91,17,,1,1179,1083,S,G,,,6,262,,,,B,2567,01,,42,0,0,000000000,00000000000,0,0,0,1,0,0,0,0,0,0,0,998,0,0,0,12,12,6,2,12,0,0,0,1,19,50213,6,1,6,0,3,3,72,220,0,0,0,0,0,0,0,0,0,0,38,0,0,0,1,2,55,1,2,2,1,0,0,1,51,1,1,1,24,1,0
19,190089,2,2,1,4,5,7,32,12,1,1,0,19,1,20,422,20422,15,2009,1GNFK26329R2,1,G,N,F,K,2,6,3,2,9,R,2,0,P,CHEV,K15,UT,9,17,5743,,0,1300,,F,,F,8,323,,,17R265,,,,,,0,0,000000000,00000000000,0,0,0,1,0,0,0,0,0,0,0,998,0,0,0,6,6,6,2,12,0,0,0,1,19,50863,6,1,0,0,3,3,70,140,0,0,0,0,0,0,0,0,0,0,0,0,0,0,1,2,55,1,2,2,1,0,0,2,18,1,1,1,25,0,0
19,190090,1,2,3,7,5,1,12,12,6,1,0,19,2,22,9,22009,2,1997,2G2FS22K1V22,2,G,2,F,S,2,2,K,1,V,2,2,0,P,PONT,FBD,2H,97,17,3187,,0,1011,,G,,F,6,231,,,16R215,,,,,,0,0,000000000,00000000000,0,0,0,1,0,0,0,0,0,0,0,998,0,0,0,2,2,6,2,12,0,0,0,1,19,50014,1,1,5,0,2,0,67,185,0,9,0,1,5,6,2010,3,2011,1,39,36,0,0,1,4,30,1,1,2,1,3,3,1,17,1,1,1,83,1,0
19,190090,2,2,1,7,5,1,12,12,6,1,0,19,1,49,401,49401,14,1997,JT3HN87R9V00,J,T,3,H,N,8,7,R,9,V,0,0,0,P,TOYT,RUN,UT,97,17,3940,,0,1053,,G,,F,6,206,,,16R265,,,,,,0,0,000000000,00000000000,0,0,0,1,0,0,0,0,0,0,0,998,0,0,0,12,12,6,2,12,0,0,0,1,19,50010,6,1,0,0,3,3,73,235,1,0,0,1,0,9,2009,10,2009,0,0,0,0,0,5,5,30,1,1,2,1,3,3,11,66,1,1,1,82,0,0
19,190091,1,2,2,7,5,16,34,12,6,1,0,19,1,12,17,12017,4,2002,1FAFP55262G2,1,F,A,F,P,5,5,2,6,2,G,2,0,P,FORD,TSS,4D,2,17,3392,,0,1085,,F,,F,6,182,,,16R215,,,,,,0,0,000000000,00000000000,0,0,0,1,0,0,0,0,0,0,0,998,0,0,0,3,3,6,2,12,0,0,0,1,19,52223,6,1,0,0,3,0,71,250,0,0,0,1,1,6,2008,6,2009,1,39,0,0,0,1,2,55,1,2,1,1,20,3,11,17,1,1,2,76,1,0
19,190091,2,2,1,7,5,16,34,12,6,1,0,19,3,12,881,12881,61,2001,1FDAF57F01EC,1,F,D,A,F,5,7,F,0,1,E,C,0,T,FORD,F5D,CB,1,17,,5,2010,1410,DRW,D,,,8,444,,,,,6402,08,E,44,0,57,751794,57751794,2,1,1,1,0,0,0,0,0,0,0,998,0,0,0,12,12,6,2,12,0,0,0,1,19,52057,6,1,6,0,3,0,69,180,0,0,0,0,0,0,0,0,0,0,0,0,0,0,1,2,55,1,2,1,1,0,0,1,17,1,1,1,77,0,0
19,190092,1,1,1,10,5,7,49,8,0,1,1,19,1,20,481,20481,31,2002,2GCEK19T3211,2,G,C,E,K,1,9,T,3,2,1,1,0,T,CHEV,SK1,4C,2,17,,2,1575,1435,SIL,G,,,8,325,,,,B,4910,02,,44,0,0,000000000,00000000000,0,0,0,1,0,0,0,0,0,0,0,998,0,0,0,12,12,4,3,8,0,0,0,1,19,50459,6,1,0,0,3,3,72,200,0,0,0,0,0,0,0,0,0,0,39,0,0,0,1,2,55,1,1,2,1,20,3,1,80,1,1,1,13,0,0
19,190093,1,2,3,11,5,17,28,12,6,1,0,19,3,20,444,20444,20,2008,1GNDV23W38D1,1,G,N,D,V,2,3,W,3,8,D,1,0,T,CHEV,DLS,ES,8,17,,1,0,1211,UPL,F,,,6,238,,,,B,4233,00,,42,0,0,000000000,00000000000,0,0,0,1,0,0,0,0,0,0,0,998,0,0,0,2,2,6,2,12,0,0,0,1,55,53706,6,7,0,0,3,3,67,143,0,0,0,0,0,0,0,0,0,0,51,0,0,0,3,4,70,1,1,1,1,0,0,1,10,1,1,2,64,0,0
19,190093,2,2,1,11,5,17,28,12,6,1,0,19,1,20,403,20403,14,2007,3GNDA23P87S6,3,G,N,D,A,2,3,P,8,7,S,6,0,P,CHEV,HHR,UT,7,17,3155,,0,1035,,G,,F,4,146,,,16R215,,,,,,0,0,000000000,00000000000,0,0,0,1,0,0,0,0,0,0,0,998,0,1,5,11,11,6,2,12,0,0,0,1,19,50208,6,1,0,0,3,3,72,180,0,0,0,0,0,0,0,0,0,0,0,0,0,0,3,4,70,1,1,1,1,0,0,1,62,1,1,1,65,1,0
19,190094,1,1,1,12,5,3,28,53,0,1,0,19,2,22,441,22441,20,2006,1GMDV33L56D1,1,G,M,D,V,3,3,L,5,6,D,1,0,P,PONT,MON,SV,6,17,4376,,0,1211,,G,,F,6,214,,,000000,,,,,,0,0,000000000,00000000000,0,0,0,1,0,0,0,0,0,0,0,998,0,0,0,12,12,6,2,42,0,0,0,1,19,52157,6,1,0,0,3,0,67,130,0,0,0,0,0,0,0,0,0,1,58,0,0,0,1,2,55,2,2,2,2,0,0,14,11,9,3,4,2,1,0
19,190095,1,1,1,15,5,19,34,1,0,1,0,19,1,34,35,34035,4,1993,WBAHD5319PGB,W,B,A,H,D,5,3,1,9,P,G,B,0,P,BMW,525,4D,93,17,3484,,0,1087,,G,,F,6,152,,,15R205,,,,,,0,0,000000000,00000000000,0,0,0,1,0,0,0,0,0,0,0,998,0,1,5,0,9,6,2,1,0,0,0,1,19,52501,6,1,0,0,3,3,68,130,1,0,0,2,0,10,2009,10,2010,1,0,0,0,0,1,2,55,1,1,2,1,0,0,1,13,4,1,4,1,1,0