STATE,ST_CASE,VEH_NO,VE_FORMS,NUMOCCS,DAY,MONTH,HOUR,MINUTE,HARM_EV,MAN_COLL,UNITTYPE,HIT_RUN,REG_STAT,OWNER,MAKE,MODEL,MAK_MOD,BODY_TYP,MOD_YEAR,VIN,VIN_1,VIN_2,VIN_3,VIN_4,VIN_5,VIN_6,VIN_7,VIN_8,VIN_9,VIN_10,VIN_11,VIN_12,TOW_VEH,VINTYPE,VINMAKE,VINA_MOD,VIN_BT,VINMODYR,VIN_LNGT,VIN_WGT,WGTCD_TR,WHLBS_LG,WHLBS_SH,SER_TR,FUELCODE,MCYCL_DS,CARBUR,CYLINDER,DISPLACE,MCYCL_CY,MCYCL_WT,TIRE_SZE,TON_RAT,TRK_WT,TRKWTVAR,VIN_REST,WHLDRWHL,J_KNIFE,MCARR_I1,MCARR_I2,MCARR_ID,GVWR,V_CONFIG,CARGO_BT,HAZ_INV,HAZ_PLAC,HAZ_ID,HAZ_CNO,HAZ_REL,BUS_USE,SPEC_USE,EMER_USE,TRAV_SP,UNDERIDE,ROLLOVER,ROLINLOC,IMPACT1,IMPACT2,DEFORMED,TOWED,M_HARM,VEH_SC1,VEH_SC2,FIRE_EXP,DR_PRES,L_STATE,DR_ZIP,L_STATUS,L_TYPE,CDL_STAT,L_ENDORS,L_COMPL,L_RESTRI,DR_HGT,DR_WGT,PREV_ACC,PREV_SUS,PREV_DWI,PREV_SPD,PREV_OTH,FIRST_MO,FIRST_YR,LAST_MO,LAST_YR,SPEEDREL,DR_SF1,DR_SF2,DR_SF3,DR_SF4,VTRAFWAY,VNUM_LAN,VSPD_LIM,VALIGN,VPROFILE,VPAVETYP,VSURCOND,VTRAFCON,VTCONT_F,P_CRASH1,P_CRASH2,P_CRASH3,PCRASH4,PCRASH5,ACC_TYPE,DEATHS,DR_DRINK
19,190128,2,2,1,7,6,10,31,12,6,1,0,19,1,49,401,49401,14,2007,JTEBT17R1780,J,T,E,B,T,1,7,R,1,7,8,0,0,P,TOYT,RUN,UT,7,17,4530,,0,1098,,G,,F,8,285,,,18R265,,,,,,0,0,000000000,00000000000,0,0,0,1,0,0,0,0,0,0,0,998,0,0,0,12,12,6,2,12,0,0,0,1,19,52411,6,1,0,0,3,3,65,110,0,0,0,0,1,3,2010,3,2010,0,0,0,0,0,6,1,45,1,1,1,1,0,0,1,17,1,1,1,86,0,0
19,190129,1,1,2,9,6,3,20,35,0,1,0,19,1,32,44,32044,4,1998,WAUED68D8WA0,W,A,U,E,D,6,8,D,8,W,A,0,0,P,AUDI,42Q,4D,98,17,3230,,0,1026,,G,,F,6,169,,,16R205,,,,,,0,0,000000000,00000000000,0,0,0,1,0,0,0,0,0,0,0,998,0,1,5,99,99,6,2,35,0,0,0,1,19,52338,6,1,6,0,3,3,70,160,0,0,0,0,2,6,2009,3,2011,0,28,0,0,0,1,2,55,1,2,4,11,0,0,1,12,1,1,4,6,1,1
19,190130,1,2,2,10,6,18,50,12,6,1,0,19,1,7,25,7025,5,2007,1B3HB48B57D1,1,B,3,H,B,4,8,B,5,7,D,1,0,P,DODG,CXT,4D,7,17,3038,,0,1037,,G,,F,4,122,,,17R215,,,,,,0,0,000000000,00000000000,0,0,0,1,0,0,0,0,0,0,0,998,0,0,0,12,12,2,1,12,0,0,0,1,19,52302,6,1,0,0,3,3,69,125,0,0,0,0,0,0,0,0,0,0,38,0,0,0,6,1,35,1,1,1,1,20,3,1,17,1,1,1,86,0,0
19,190130,2,2,2,10,6,18,50,12,6,1,0,19,1,72,706,72706,80,2006,1HD1FCW166Y6,1,H,D,1,F,C,W,1,6,6,Y,6,0,M,HD,FLU,RS,6,17,,,,,,,1450,,2,,4,788,,,,,,,0,0,000000000,00000000000,0,0,0,1,0,0,0,0,0,0,0,998,0,0,0,3,3,6,2,12,0,0,0,1,19,52404,6,1,0,0,3,0,69,155,0,0,0,0,0,0,0,0,0,0,0,0,0,0,3,4,55,1,1,1,1,0,0,1,17,1,1,2,87,1,1
19,190131,1,1,1,20,6,5,25,21,0,1,0,19,1,20,24,20024,6,2009,1GNER13D09S1,1,G,N,E,R,1,3,D,0,9,S,1,0,P,CHEV,TRV,UT,9,17,4790,,0,1189,,G,,F,6,220,,,17R245,,,,,,0,0,000000000,00000000000,0,0,0,1,0,0,0,0,0,0,0,998,0,0,0,12,12,6,2,21,0,0,0,1,48,78586,6,1,0,0,3,3,999,999,0,0,0,0,0,0,0,0,0,0,0,0,0,0,3,2,70,1,2,2,2,0,0,1,12,1,1,4,6,1,0
19,190132,1,1,2,23,6,16,43,1,0,1,0,27,2,18,3,18003,4,1999,1G4CW52K0X46,1,G,4,C,W,5,2,K,0,X,4,6,0,P,BUIC,PKA,4D,99,17,3778,,0,1138,,G,,F,6,231,,,16R225,,,,,,0,0,000000000,00000000000,0,0,0,1,0,0,0,0,0,0,0,998,0,1,1,0,3,6,2,1,0,0,0,1,27,55129,6,1,0,0,3,3,67,105,0,0,0,0,0,0,0,0,0,0,58,0,0,0,3,6,65,1,1,2,1,0,0,1,12,7,3,6,98,2,0
19,190133,1,2,2,25,6,23,12,12,6,1,0,19,1,20,421,20421,15,2003,1GNEK13Z63J1,1,G,N,E,K,1,3,Z,6,3,J,1,0,P,CHEV,KTA,UT,3,17,5050,,0,1160,,F,,F,8,325,,,16R265,,,,,,0,0,000000000,00000000000,0,0,0,1,0,0,0,0,0,0,0,998,0,0,0,12,12,6,2,12,0,0,0,1,19,50142,6,1,6,0,3,3,67,130,0,6,0,0,2,12,2008,1,2011,0,0,0,0,0,1,2,55,1,2,1,1,0,0,1,17,1,1,1,86,0,0
19,190133,2,2,2,25,6,23,12,12,6,1,0,19,1,19,3,19003,4,1999,1G6KD54Y5XU7,1,G,6,K,D,5,4,Y,5,X,U,7,0,P,CADI,DFW,4D,99,17,4012,,0,1138,,G,,F,8,279,,,16R225,,,,,,0,0,000000000,00000000000,0,0,0,1,0,0,0,0,0,0,0,998,0,0,0,3,3,6,2,12,0,0,0,1,19,50208,6,1,0,0,3,3,61,140,1,0,0,0,0,11,2009,11,2009,0,39,0,0,0,1,2,35,1,2,1,1,20,3,1,17,1,1,1,87,1,0
19,190134,1,2,1,28,6,10,0,12,6,1,0,19,1,20,481,20481,31,2000,2GCEC19V4Y11,2,G,C,E,C,1,9,V,4,Y,1,1,0,T,CHEV,SC1,3C,0,17,,2,1575,1435,SIL,G,,,8,293,,,,B,4134,03,,42,0,0,000000000,00000000000,0,0,0,1,0,0,0,0,0,0,0,998,0,0,0,8,8,6,2,12,0,0,0,1,19,51031,6,1,6,0,3,3,64,150,0,0,0,0,0,0,0,0,0,0,38,0,0,0,1,2,55,1,2,1,1,20,3,1,17,1,1,1,89,1,0
19,190134,2,2,1,28,6,10,0,12,6,1,0,19,3,82,881,82881,63,2001,1FVHBXAK01HF,1,F,V,H,B,X,A,K,0,1,H,F,0,T,FRHT,F80,CC,1,17,,8,0,0,MCV,D,,,6,439,,,,,00000,00,,64,0,77,777777777,77777777777,3,2,2,1,0,0,0,0,0,0,0,998,0,0,0,12,12,6,2,12,0,0,0,1,19,51037,6,1,6,1,3,0,74,180,1,0,0,0,1,9,2008,10,2008,0,0,0,0,0,1,2,55,1,2,1,1,0,0,1,17,1,1,1,88,0,0
19,190135,1,1,2,30,6,14,51,1,0,1,0,8,2,62,401,62401,14,2003,SALTL16453A8,S,A,L,T,L,1,6,4,5,3,A,8,0,T,LNDR,DSS,4W,3,17,,2,0,1000,DIS,G,,,8,278,,,,,4928,00,E,44,0,0,000000000,00000000000,0,0,0,1,0,0,0,0,0,0,0,998,0,1,3,0,9,6,2,1,0,0,0,1,8,80212,6,1,0,0,3,3,61,130,0,0,0,0,0,0,0,0,0,0,0,0,0,0,3,2,70,1,1,1,1,0,0,1,12,1,2,4,7,1,0
19,190136,1,1,1,30,6,14,53,1,0,1,0,19,3,12,881,12881,61,2001,1FDWW37S91EC,1,F,D,W,W,3,7,S,9,1,E,C,0,T,FORD,F3D,CH,1,17,,3,0,1760,DRW,G,,,10,415,,,,D,6290,05,E,44,0,57,053433,57053433,2,1,1,1,0,0,0,0,0,0,0,998,0,1,5,0,13,6,2,1,0,0,0,1,19,51106,6,1,6,0,3,0,71,165,0,0,0,1,0,8,2008,8,2008,0,80,0,0,0,3,2,70,1,1,1,1,0,0,1,1,4,2,4,7,1,0
19,190137,1,1,1,3,5,14,17,35,0,1,0,19,1,7,472,7472,30,1988,1B7GN14X3JS6,1,B,7,G,N,1,4,X,3,J,S,6,0,T,DODG,DAK,PK,88,17,,1,1239,1119,DAK,G,,,6,238,,,,B,2773,01,A,42,0,0,000000000,00000000000,0,0,0,1,0,0,0,0,0,0,0,998,0,0,0,12,12,4,3,35,0,0,0,1,19,51551,6,1,0,0,3,3,68,175,0,0,0,0,0,0,0,0,0,0,0,0,0,0,1,2,55,1,1,2,1,0,0,1,12,1,1,4,6,1,0
19,190138,1,1,1,4,6,0,26,1,0,1,0,19,1,20,481,20481,31,2001,1GCHK24U51Z2,1,G,C,H,K,2,4,U,5,1,Z,2,0,T,CHEV,2KH,PK,1,17,,2,0,1330,SIL,G,,,8,364,,,,C,5240,00,,44,0,0,000000000,00000000000,0,0,0,1,0,0,0,0,0,0,0,998,0,1,5,0,13,6,2,1,0,0,0,1,19,52755,6,1,0,0,3,3,71,200,1,0,0,0,1,8,2008,5,2010,0,58,0,0,0,1,2,55,1,1,2,1,0,0,1,12,8,2,4,7,1,0
19,190139,1,1,1,5,6,0,1,35,0,1,0,19,2,72,706,72706,80,2003,1HD1BVB143Y0,1,H,D,1,B,V,B,1,4,3,Y,0,0,M,HD,FTI,RS,3,17,,,,,,,1450,,2,,4,629,,,,,,,0,0,000000000,00000000000,0,0,0,1,0,0,0,0,0,0,0,998,0,0,0,12,12,4,1,35,0,0,0,1,19,52761,6,1,6,0,3,0,67,170,1,0,0,0,1,11,2009,1,2011,0,0,0,0,0,1,2,55,2,1,1,1,0,0,14,13,1,2,4,2,1,1
19,190140,1,1,3,19,6,3,0,39,0,1,0,19,1,20,481,20481,31,2009,1GCHK43K19F1,1,G,C,H,K,4,3,K,1,9,F,1,0,T,CHEV,2KH,CW,9,17,,2,1670,1530,SIL,G,,,8,366,,,,C,5960,02,,44,0,0,000000000,00000000000,0,0,0,1,0,0,0,0,0,0,0,998,0,0,0,12,12,6,2,39,0,0,0,1,19,50707,0,0,0,0,2,0,999,999,0,0,0,0,0,0,0,0,0,0,0,0,0,0,1,2,35,1,1,1,1,0,0,1,13,1,1,4,1,1,1
19,190141,1,1,1,22,6,23,34,42,0,1,0,19,1,7,43,7043,4,1995,1B3EJ56H4SN5,1,B,3,E,J,5,6,H,4,S,N,5,0,P,DODG,STS,4D,95,17,3038,,0,1080,,G,,F,6,152,,,15R195,,,,,,0,0,000000000,00000000000,0,0,0,1,0,0,0,0,0,0,0,998,0,0,0,12,12,6,2,42,0,0,0,1,19,52755,6,1,6,0,3,0,72,230,0,0,0,0,1,8,2008,8,2008,0,0,0,0,0,1,2,25,1,1,2,2,20,3,1,17,1,1,4,1,1,0
19,190142,1,2,1,1,7,21,55,12,1,1,0,19,2,18,7,18007,4,2000,2G4WS52J8Y12,2,G,4,W,S,5,2,J,8,Y,1,2,0,P,BUIC,CCU,4D,0,17,3368,,0,1090,,G,,F,6,191,,,15R205,,,,,,0,0,000000000,00000000000,0,0,0,1,0,0,0,0,0,0,0,998,0,0,0,12,12,6,2,12,0,0,0,1,19,50021,0,0,0,0,0,0,72,265,0,0,0,0,0,0,0,0,0,0,38,0,0,0,3,4,65,1,2,1,1,0,0,1,51,1,1,1,24,0,0
19,190142,2,2,1,1,7,21,55,12,1,1,0,19,1,98,998,98998,92,1948,000000000000,0,0,0,0,0,0,0,0,0,0,0,0,0,,,,,,,,,,,,,,,,,,,,,,,,,0,0,000000000,00000000000,0,0,0,1,0,0,0,0,0,0,0,998,0,0,0,6,6,6,2,12,0,0,0,1,19,52577,6,1,6,0,3,3,68,190,0,0,0,0,0,0,0,0,0,0,0,0,0,0,3,4,65,1,2,1,1,0,0,1,18,1,1,1,27,1,0
19,190143,1,1,1,2,7,20,31,35,0,1,0,19,2,76,706,76706,80,2006,JYAVP17E16A0,J,Y,A,V,P,1,7,E,1,6,A,0,0,M,YAMA,X17,RS,6,17,,,,,,,1670,,2,,4,679,,,,,,,0,0,000000000,00000000000,0,0,0,1,0,0,0,0,0,0,0,998,0,0,0,12,12,6,2,3,0,0,0,1,19,50208,6,7,0,0,3,3,72,200,0,0,0,1,0,6,2010,6,2010,1,0,0,0,0,1,2,55,2,2,2,1,0,0,14,13,1,2,4,2,1,1
19,190144,1,1,1,2,7,19,55,5,0,1,0,19,2,76,734,76734,90,9999,JY4AJ11Y94C0,J,Y,4,A,J,1,1,Y,9,4,C,0,0,M,YAMA,Z45,AT,4,17,,,,,,,439,,1,,4,350,,,,,,,0,0,000000000,00000000000,0,0,0,1,0,0,0,0,0,0,0,998,0,0,0,0,12,4,1,5,0,0,0,1,19,52641,0,0,0,0,0,0,71,190,0,1,0,0,0,6,2011,6,2011,0,52,0,0,0,1,2,25,1,2,2,1,0,0,1,19,1,7,9,0,1,1
19,190145,1,2,2,3,7,4,41,12,6,1,0,19,1,54,31,54031,3,1995,JH4DC4363SS0,J,H,4,D,C,4,3,6,3,S,S,0,0,P,ACUR,ISE,2H,95,17,2567,,0,1012,,G,,F,4,112,,,15R195,,,,,,0,0,000000000,00000000000,0,0,0,1,0,0,0,0,0,0,0,998,0,0,0,12,12,6,2,12,0,0,0,1,19,50317,6,1,0,0,3,3,75,160,0,0,0,0,3,7,2010,10,2010,0,28,0,0,0,1,2,30,1,2,2,1,0,0,1,16,1,1,2,88,1,0
19,190145,2,2,1,3,7,4,41,12,6,1,0,19,1,3,421,3421,15,2001,137ZA90321E1,1,3,7,Z,A,9,0,3,2,1,E,1,0,T,AMGN,HCO,4W,1,17,,3,0,1300,HUM,D,,,8,397,,,,,6814,00,,44,0,0,000000000,00000000000,0,0,0,1,0,0,0,0,0,0,0,998,0,0,0,11,11,6,2,12,0,0,0,1,19,50317,6,1,0,0,3,0,69,195,0,0,0,1,0,10,2010,10,2010,0,0,0,0,0,1,2,30,1,2,2,1,0,0,1,17,9,1,1,89,0,0
19,190146,1,1,1,4,7,1,17,35,0,1,0,19,1,23,471,23471,30,1988,1GTBS14E4J25,1,G,T,B,S,1,4,E,4,J,2,5,0,T,GMC,S10,PK,88,17,,1,1179,1083,S,G,,,4,151,,,,B,2568,03,A,42,0,0,000000000,00000000000,0,0,0,1,0,0,0,0,0,0,0,998,0,1,5,11,11,6,2,1,0,0,0,1,19,52339,6,1,0,0,3,0,70,225,0,0,0,1,0,3,2009,3,2009,1,58,0,0,0,1,2,55,2,2,2,1,0,0,14,12,6,1,4,6,1,1
19,190147,1,2,2,4,7,21,14,12,6,1,0,19,1,12,17,12017,4,2001,1FAFP53U01G1,1,F,A,F,P,5,3,U,0,1,G,1,0,P,FORD,TSE,4D,1,17,3354,,0,1085,,G,,F,6,182,,,16R215,,,,,,0,0,000000000,00000000000,0,0,0,1,0,0,0,0,0,0,0,998,0,0,0,2,2,6,2,12,0,0,0,1,19,51501,6,1,0,0,3,0,66,200,0,0,0,0,0,0,0,0,0,0,38,0,0,0,3,4,40,1,1,1,1,0,0,11,10,1,1,2,68,1,0
19,190147,2,2,1,4,7,21,14,12,6,1,0,19,3,12,16,12016,4,2008,2FAFP71V28X1,2,F,A,F,P,7,1,V,2,8,X,1,0,P,FORD,CVP,4D,8,17,0,,0,1146,,F,,F,8,281,,,17R235,,,,,,0,0,000000000,00000000000,0,0,0,1,0,0,0,0,0,5,0,998,0,0,0,12,12,6,2,12,0,0,0,1,19,51501,6,1,0,0,3,0,75,220,0,0,0,0,0,0,0,0,0,0,0,0,0,0,3,4,40,1,1,1,1,0,0,1,62,1,1,1,69,0,0
19,190148,1,2,1,4,7,18,20,12,6,1,0,19,1,20,2,20002,4,2006,2G1WT55K9693,2,G,1,W,T,5,5,K,9,6,9,3,0,P,CHEV,IMT,4D,6,17,3477,,0,1105,,F,,F,6,214,,,16R225,,,,,,0,0,000000000,00000000000,0,0,0,1,0,0,0,0,0,0,0,998,0,0,0,11,11,6,2,12,0,0,0,1,19,51566,6,1,0,0,3,3,65,170,0,0,0,0,0,0,0,0,0,0,38,0,0,0,2,4,50,1,1,2,1,20,3,1,17,1,1,2,89,1,0
19,190148,2,2,1,4,7,18,20,12,6,1,0,19,1,7,482,7482,31,1998,1B7KF23W3WJ1,1,B,7,K,F,2,3,W,3,W,J,1,0,T,DODG,Q25,4C,98,17,,2,1547,1387,RPC,G,,,10,488,,,,C,5359,03,U,44,0,0,000000000,00000000000,0,0,0,1,0,0,0,0,0,0,0,998,0,0,0,12,12,6,2,12,0,0,0,1,19,50265,6,1,0,0,3,0,70,195,0,0,0,0,0,0,0,0,0,0,0,0,0,0,2,4,50,1,1,2,1,0,0,1,17,1,1,1,88,0,0
19,190149,1,1,1,4,7,17,45,1,0,1,0,55,1,72,706,72706,80,2000,1HD1FCW11YY6,1,H,D,1,F,C,W,1,1,Y,Y,6,0,M,HD,FLU,RS,0,17,,,,,,,1450,,2,,4,788,,,,,,,0,0,000000000,00000000000,0,0,0,1,0,0,0,0,0,0,0,998,0,0,0,0,9,6,2,1,0,0,0,1,55,53511,6,1,5,0,3,0,72,195,1,0,0,2,1,7,2008,11,2010,0,0,0,0,0,3,4,70,2,1,2,1,0,0,14,13,1,1,4,1,1,0
19,190150,1,1,1,5,7,0,1,1,0,1,0,19,1,72,706,72706,80,2003,1HD1HAZ483K8,1,H,D,1,H,A,Z,4,8,3,K,8,0,M,HD,ARA,RS,3,17,,,,,,,1130,,2,,4,999,,,,,,,0,0,000000000,00000000000,0,0,0,1,0,0,0,0,0,0,0,998,0,0,0,0,12,6,2,1,0,0,0,1,19,51558,6,1,0,0,3,0,72,200,0,0,0,0,0,0,0,0,0,0,0,0,0,0,1,2,55,2,2,2,1,0,0,14,13,1,1,4,1,1,0
19,190151,1,1,1,22,6,14,16,1,0,1,0,19,1,23,481,23481,31,2003,1GTEC14X43Z2,1,G,T,E,C,1,4,X,4,3,Z,2,0,T,GMC,NC1,PK,3,17,,2,1330,1190,SIE,G,,,6,262,,,,B,4073,01,4,42,0,0,000000000,00000000000,0,0,0,1,0,0,0,0,0,0,0,998,0,1,1,0,13,6,2,1,0,0,0,1,19,50220,3,1,0,0,2,0,71,240,0,0,0,0,0,0,0,0,0,0,0,0,0,0,1,2,55,2,2,4,1,0,0,14,13,1,3,2,98,1,1
19,190152,1,1,1,6,7,10,5,33,0,1,0,19,1,51,45,51045,4,2008,YV1AH992X810,Y,V,1,A,H,9,9,2,X,8,1,0,0,P,VOLV,S8T,4D,8,17,4016,,0,1116,,G,,T,6,183,,,17R225,,,,,,0,0,000000000,00000000000,0,0,0,1,0,0,0,0,0,0,0,998,0,0,0,12,12,6,2,14,0,0,0,1,19,52314,6,1,0,0,3,3,72,225,1,1,0,0,1,3,2011,5,2011,0,0,0,0,0,1,2,25,1,1,1,1,0,0,1,13,1,1,4,1,1,0
19,190153,1,1,1,9,7,18,45,1,0,1,0,19,2,23,471,23471,30,1995,1GKDT13W5S25,1,G,K,D,T,1,3,W,5,S,2,5,0,T,GMC,JMY,4W,95,17,,1,0,1070,JMY,G,,,6,262,,,,B,00000,00,M,44,0,0,000000000,00000000000,0,0,0,1,0,0,0,0,0,0,0,998,0,1,5,0,13,6,2,1,0,0,0,1,19,50150,6,1,0,0,3,0,67,190,0,0,0,0,0,0,0,0,0,0,0,0,0,0,1,2,55,2,2,4,1,0,0,14,13,1,2,4,2,1,0
19,190154,1,1,3,11,7,0,34,1,0,1,0,19,2,12,422,12422,15,1999,1FMPU18L3XLC,1,F,M,P,U,1,8,L,3,X,L,C,0,P,FORD,EPT,UT,99,17,5177,,0,1191,,G,,F,8,330,,,17R265,,,,,,0,0,000000000,00000000000,0,0,0,1,0,0,0,0,0,0,0,998,0,1,5,0,13,6,2,1,0,0,0,1,19,51449,6,1,0,0,3,3,66,260,0,0,0,0,1,4,2010,4,2010,1,0,0,0,0,1,2,50,1,2,4,11,0,0,1,13,6,1,4,1,1,0
19,190155,1,1,1,11,7,17,16,14,0,1,0,19,1,12,481,12481,31,1989,1FTDF15N9KPA,1,F,T,D,F,1,5,N,9,K,P,A,0,T,FORD,F15,PK,89,17,,1,1330,1170,COF,G,,,8,302,,,,B,3535,01,A,42,0,0,000000000,00000000000,0,0,0,1,0,0,0,0,0,0,0,998,0,0,0,12,12,6,2,14,0,0,0,1,19,50501,6,1,0,0,3,0,72,195,0,0,0,0,0,0,0,0,0,0,0,0,0,0,1,2,35,1,1,2,1,40,3,1,13,1,1,4,1,1,0
19,190156,1,2,1,14,7,8,50,12,2,1,0,19,1,21,21,21021,4,2004,1G3NL52F44C1,1,G,3,N,L,5,2,F,4,4,C,1,0,P,OLDS,A/G,4D,4,17,2950,,0,1070,,G,,F,4,134,,,15R215,,,,,,0,0,000000000,00000000000,0,0,0,1,0,0,0,0,0,0,0,998,0,0,0,12,12,6,2,12,0,0,0,1,19,50527,6,1,0,0,3,3,72,180,0,2,0,0,2,11,2009,7,2010,0,28,0,0,0,1,2,55,1,1,2,2,0,0,1,10,1,1,2,50,1,0
19,190156,2,2,3,14,7,8,50,12,2,1,0,19,1,12,21,12021,4,2005,1FAFP28135G1,1,F,A,F,P,2,8,1,3,5,G,1,0,P,FORD,5AM,4D,5,17,3815,,0,1129,,G,,F,6,183,,,18R225,,,,,,0,0,000000000,00000000000,0,0,0,1,0,0,0,0,0,0,0,998,0,0,0,12,12,6,2,12,0,0,0,1,19,50441,6,1,6,0,3,0,68,190,0,0,0,0,0,0,0,0,0,0,0,0,0,0,1,2,55,1,1,2,2,0,0,1,62,1,1,1,51,1,0
19,190157,1,3,1,14,7,22,42,12,2,1,0,19,2,72,706,72706,80,2007,1HD1JA5167Y0,1,H,D,1,J,A,5,1,6,7,Y,0,0,M,HD,XTB,RS,7,17,,,,,,,1584,,2,,4,656,,,,,,,0,0,000000000,00000000000,0,0,0,1,0,0,0,0,0,0,0,998,0,0,0,12,12,6,2,12,0,0,0,1,19,50315,6,1,0,0,3,3,71,218,1,0,0,1,0,10,2010,1,2011,0,28,0,0,0,1,2,35,2,1,2,1,40,3,14,10,1,1,2,50,1,1
19,190157,2,3,3,14,7,22,42,12,2,1,0,19,2,2,404,2404,14,1990,1J4FN78L4LL2,1,J,4,F,N,7,8,L,4,L,L,2,0,T,JEEP,WLT,4W,90,17,,1,0,1014,WAG,G,,,6,242,,,,,3346,01,A,44,0,0,000000000,00000000000,0,0,0,1,0,0,0,0,0,0,0,998,0,0,0,12,12,6,2,12,0,0,1,1,19,50317,6,1,0,0,3,3,68,225,0,0,0,1,1,12,2008,12,2010,0,0,0,0,0,1,2,35,1,1,2,1,40,3,1,62,1,1,1,51,0,0
19,190157,3,3,1,14,7,22,42,12,2,1,0,19,1,76,706,76706,80,2002,JYAVP14E62A0,J,Y,A,V,P,1,4,E,6,2,A,0,0,M,YAMA,XVP,RS,2,17,,,,,,,1670,,2,,4,606,,,,,,,0,0,000000000,00000000000,0,0,0,1,0,0,0,0,0,0,0,999,0,0,0,12,12,6,2,12,0,0,1,1,19,50023,6,1,0,0,3,0,71,190,0,1,0,1,0,2,2009,6,2009,0,28,0,0,0,1,2,35,1,1,2,1,40,3,1,13,1,1,1,98,0,1
19,190158,1,2,1,15,7,14,38,12,6,1,0,19,1,22,20,22020,4,2003,1G2WP52K83F1,1,G,2,W,P,5,2,K,8,3,F,1,0,P,PONT,GPG,4D,3,17,3496,,0,1105,,G,,F,6,231,,,16R225,,,,,,0,0,000000000,00000000000,0,0,0,1,0,0,0,0,0,0,0,998,7,0,0,12,12,4,3,12,0,0,0,1,19,52155,6,1,0,0,3,0,63,145,0,0,0,0,0,0,0,0,0,0,38,0,0,0,1,2,25,1,1,1,1,0,0,1,17,1,1,1,88,0,0
19,190158,2,2,1,15,7,14,38,12,6,1,0,19,1,76,701,76701,88,2004,LPRSA20A24A4,L,P,R,S,A,2,0,A,2,4,A,4,0,M,YAMA,YW5,MS,4,17,,,,,,,49,,1,,2,185,,,,,,,0,0,000000000,00000000000,0,0,0,1,0,0,0,0,0,0,0,998,0,0,0,11,11,6,2,12,0,0,0,1,19,52136,6,1,0,0,3,0,71,185,2,0,0,0,0,1,2009,9,2009,0,0,0,0,0,1,2,25,1,1,1,1,0,0,1,17,1,1,1,89,1,0
19,190159,1,3,1,15,7,14,10,12,6,1,0,19,1,12,481,12481,31,2001,1FTNX21F91EB,1,F,T,N,X,2,1,F,9,1,E,B,0,T,FORD,F2S,4C,1,17,,2,1580,1418,SRW,D,,,8,444,,,,C,5635,07,U,44,0,0,000000000,00000000000,0,0,0,1,0,0,0,0,0,0,0,998,0,0,0,12,12,6,2,12,0,0,0,1,19,52252,6,1,6,0,3,0,72,205,1,0,0,0,0,7,2010,7,2010,0,28,0,0,0,1,2,55,2,2,2,1,0,0,14,10,1,1,2,64,0,0
19,190159,2,3,3,15,7,14,10,12,6,1,0,19,1,20,401,20401,14,1995,1GNDT13W5S21,1,G,N,D,T,1,3,W,5,S,2,1,0,P,CHEV,BZR,UT,95,17,4071,,0,1070,,G,,F,6,262,,,15R205,,,,,,0,0,000000000,00000000000,0,0,0,1,0,0,0,0,0,0,0,998,0,0,0,9,9,6,2,12,0,0,0,1,19,52330,6,1,0,0,3,0,64,200,0,0,0,0,0,0,0,0,0,0,0,0,0,0,1,2,55,2,2,2,1,0,0,14,18,1,1,1,65,2,0
19,190159,3,3,1,15,7,14,10,12,6,1,0,19,3,49,403,49403,14,2010,5TDDK3EH3AS0,5,T,D,D,K,3,E,H,3,A,S,0,0,P,TOYT,HIG,UT,10,17,4321,,0,1220,,G,,F,6,214,,,20R275,,,,,,0,0,000000000,00000000000,0,0,0,1,0,0,0,0,0,0,0,998,0,1,5,0,3,6,2,1,0,0,0,1,19,52336,6,1,0,0,3,0,71,205,0,0,0,1,0,9,2009,9,2009,0,0,0,0,0,1,2,55,2,2,2,1,0,0,14,13,1,1,4,98,0,0
19,190160,1,2,1,16,7,12,15,12,6,1,0,38,3,86,881,86881,66,2002,1M1AE06YX2W0,1,M,1,A,E,0,6,Y,X,2,W,0,1,T,MACK,CX6,TR,2,17,,8,0,0,600,D,,,6,728,,,,,00000,00,,64,1,57,827622,57827622,3,6,3,1,0,0,0,0,0,0,0,998,0,0,0,12,12,6,2,12,0,0,0,1,39,45347,6,1,6,1,3,3,66,250,0,0,0,0,0,0,0,0,0,0,0,0,0,0,1,2,55,1,1,2,1,21,3,1,60,1,1,1,98,0,0
19,190160,2,2,3,16,7,12,15,12,6,1,0,31,1,12,481,12481,31,2006,1FTPW14V46KD,1,F,T,P,W,1,4,V,4,6,K,D,0,T,FORD,F1S,CW,6,17,,2,1500,1390,COF,F,,,8,329,,,,B,5476,01,E,44,0,0,000000000,00000000000,0,0,0,1,0,0,0,0,0,0,0,998,0,0,0,9,9,6,2,12,0,0,0,1,31,68428,6,1,0,0,3,0,73,250,0,0,0,0,0,0,0,0,0,0,48,0,0,0,6,2,55,1,1,2,1,21,3,12,10,1,1,2,98,1,0
19,190161,1,2,7,16,7,23,14,12,6,1,0,31,3,12,461,12461,21,2006,1FBSS31L56DA,1,F,B,S,S,3,1,L,5,6,D,A,0,T,FORD,WSD,ES,6,17,,2,0,1380,ECO,G,,,8,330,,,,D,6231,00,K,42,0,0,000000000,00000000000,0,0,0,1,0,0,0,0,0,0,0,998,0,0,0,12,12,6,2,12,0,0,0,1,31,68157,6,1,0,0,3,0,75,300,3,0,0,0,1,5,2009,3,2011,0,0,0,0,0,1,2,50,2,2,2,1,0,0,14,62,1,1,1,65,0,0