STATE,ST_CASE,VEH_NO,VE_FORMS,NUMOCCS,DAY,MONTH,HOUR,MINUTE,HARM_EV,MAN_COLL,UNITTYPE,HIT_RUN,REG_STAT,OWNER,MAKE,MODEL,MAK_MOD,BODY_TYP,MOD_YEAR,VIN,VIN_1,VIN_2,VIN_3,VIN_4,VIN_5,VIN_6,VIN_7,VIN_8,VIN_9,VIN_10,VIN_11,VIN_12,TOW_VEH,VINTYPE,VINMAKE,VINA_MOD,VIN_BT,VINMODYR,VIN_LNGT,VIN_WGT,WGTCD_TR,WHLBS_LG,WHLBS_SH,SER_TR,FUELCODE,MCYCL_DS,CARBUR,CYLINDER,DISPLACE,MCYCL_CY,MCYCL_WT,TIRE_SZE,TON_RAT,TRK_WT,TRKWTVAR,VIN_REST,WHLDRWHL,J_KNIFE,MCARR_I1,MCARR_I2,MCARR_ID,GVWR,V_CONFIG,CARGO_BT,HAZ_INV,HAZ_PLAC,HAZ_ID,HAZ_CNO,HAZ_REL,BUS_USE,SPEC_USE,EMER_USE,TRAV_SP,UNDERIDE,ROLLOVER,ROLINLOC,IMPACT1,IMPACT2,DEFORMED,TOWED,M_HARM,VEH_SC1,VEH_SC2,FIRE_EXP,DR_PRES,L_STATE,DR_ZIP,L_STATUS,L_TYPE,CDL_STAT,L_ENDORS,L_COMPL,L_RESTRI,DR_HGT,DR_WGT,PREV_ACC,PREV_SUS,PREV_DWI,PREV_SPD,PREV_OTH,FIRST_MO,FIRST_YR,LAST_MO,LAST_YR,SPEEDREL,DR_SF1,DR_SF2,DR_SF3,DR_SF4,VTRAFWAY,VNUM_LAN,VSPD_LIM,VALIGN,VPROFILE,VPAVETYP,VSURCOND,VTRAFCON,VTCONT_F,P_CRASH1,P_CRASH2,P_CRASH3,PCRASH4,PCRASH5,ACC_TYPE,DEATHS,DR_DRINK
19,190299,1,1,1,1,12,17,40,1,0,1,0,19,1,7,20,7020,4,2005,1B3ES56C25D1,1,B,3,E,S,5,6,C,2,5,D,1,0,P,DODG,NXT,4D,5,17,2634,,0,1040,,G,,F,4,122,,,15R185,,,,,,0,0,000000000,00000000000,0,0,0,1,0,0,0,0,0,0,0,998,0,1,5,0,13,6,2,1,0,0,0,1,19,51534,6,1,0,0,3,3,64,185,0,0,0,0,0,0,0,0,0,0,0,0,0,0,3,2,65,1,1,2,1,0,0,1,13,1,1,4,1,1,0
19,190300,1,1,1,2,12,23,48,1,0,1,0,42,1,12,461,12461,21,2008,1FTNS24W48DB,1,F,T,N,S,2,4,W,4,8,D,B,0,T,FORD,25V,EC,8,17,,2,0,1380,VAN,G,,,8,281,,,,C,00000,00,E,42,0,0,000000000,00000000000,0,0,0,1,0,0,0,0,0,0,0,998,0,1,5,0,2,6,2,1,0,0,0,1,42,16301,6,1,6,1,3,0,62,999,0,0,0,1,1,8,2010,8,2011,0,87,0,0,0,3,2,65,1,1,1,4,0,0,1,12,4,2,4,7,1,0
19,190301,1,1,1,2,12,23,29,1,0,1,0,19,2,7,402,7402,14,1999,1B4HS28Z5XF5,1,B,4,H,S,2,8,Z,5,X,F,5,0,P,DODG,DUR,UT,99,17,4397,,0,1159,,G,,F,8,360,,,15R235,,,,,,0,0,000000000,00000000000,0,0,0,1,0,0,0,0,0,0,0,998,0,1,5,0,12,6,2,1,0,0,0,1,19,50258,6,1,0,0,3,3,69,155,0,0,0,0,0,0,0,0,0,0,87,0,0,0,1,2,55,1,2,2,4,0,0,1,13,1,1,4,1,1,0
19,190302,1,2,2,3,12,11,0,12,2,1,0,19,1,20,481,20481,31,2004,1GCEK19T14E2,1,G,C,E,K,1,9,T,1,4,E,2,0,T,CHEV,SK1,4C,4,17,,2,1575,1435,SIL,G,,,8,325,,,,B,4925,00,,44,0,0,000000000,00000000000,0,0,0,1,0,0,0,0,0,0,0,998,0,0,0,12,12,6,2,12,0,0,0,1,19,51448,6,1,0,0,3,0,73,160,0,0,0,0,0,0,0,0,0,0,0,0,0,0,1,2,55,1,2,2,4,0,0,1,62,1,1,1,51,0,0
19,190302,2,2,2,3,12,11,0,12,2,1,0,19,2,18,20,18020,4,1994,2G4WB55M9R14,2,G,4,W,B,5,5,M,9,R,1,4,0,P,BUIC,RGC,4D,94,17,3240,,0,1075,,G,,F,6,191,,,15R205,,,,,,0,0,000000000,00000000000,0,0,0,1,0,0,0,0,0,0,0,998,9,0,0,12,12,6,2,12,0,0,0,1,19,50501,6,1,0,0,3,3,64,145,0,0,0,0,0,0,0,0,0,0,87,0,0,0,1,2,55,1,2,2,4,0,0,1,10,1,1,2,50,1,0
19,190303,1,2,2,4,12,11,40,12,6,1,0,19,1,20,22,20022,4,2005,1G1AL54F6576,1,G,1,A,L,5,4,F,6,5,7,6,0,P,CHEV,BLS,4D,5,17,3216,,0,1033,,G,,F,4,134,,,15R195,,,,,,0,0,000000000,00000000000,0,0,0,1,0,0,0,0,0,0,0,998,0,0,0,3,3,6,2,12,0,0,0,1,19,50006,6,1,0,0,3,0,68,265,0,0,0,1,0,5,2009,5,2009,0,87,0,0,0,1,2,55,1,1,2,4,0,0,1,10,1,2,2,64,1,0
19,190303,2,2,1,4,12,11,40,12,6,1,0,19,1,7,43,7043,4,2005,1B3EL46X75N5,1,B,3,E,L,4,6,X,7,5,N,5,0,P,DODG,SRX,4D,5,17,3093,,0,1080,,G,,F,4,146,,,16R205,,,,,,0,0,000000000,00000000000,0,0,0,1,0,0,0,0,0,0,0,998,0,0,0,12,12,6,2,12,0,0,0,1,19,50599,6,1,0,0,3,0,62,130,0,0,0,0,0,0,0,0,0,0,87,0,0,0,1,2,55,1,1,2,4,0,0,1,62,1,1,1,65,0,0
19,190304,1,1,1,4,12,7,39,34,0,1,0,19,1,7,472,7472,30,1994,1B7GG26Y5RS5,1,B,7,G,G,2,6,Y,5,R,S,5,0,T,DODG,DAK,PK,94,17,,1,1239,1119,DAK,G,,,8,318,,,,B,3561,01,B,44,0,0,000000000,00000000000,0,0,0,1,0,0,0,0,0,0,0,998,0,1,5,12,12,6,2,1,0,0,0,1,19,52738,6,1,0,0,3,3,68,195,0,0,0,0,0,0,0,0,0,0,0,0,0,0,1,2,55,2,2,2,1,0,0,14,12,6,1,4,6,1,0
19,190305,1,2,1,5,12,5,47,12,2,1,0,19,3,87,881,87881,66,2000,1XP5DR9X4YD5,1,X,P,5,D,R,9,X,4,Y,D,5,1,T,PTRB,379,TR,0,17,,8,0,0,CON,D,,,6,774,,,,,00000,00,,64,1,57,485182,57485182,3,6,3,1,0,0,0,0,0,0,0,998,0,0,0,12,99,4,3,12,0,0,0,1,19,50328,6,1,6,1,3,3,72,200,0,0,0,0,0,0,0,0,0,0,0,0,0,0,1,2,55,1,1,2,1,0,0,1,10,1,7,2,50,0,0
19,190305,2,2,1,5,12,5,47,12,2,1,0,19,1,12,401,12401,14,1993,1FMDU34X3PUC,1,F,M,D,U,3,4,X,3,P,U,C,0,P,FORD,EPR,UT,93,17,3997,,0,1120,,G,,F,6,245,,,15R225,,,,,,0,0,000000000,00000000000,0,0,0,1,0,0,0,0,0,0,0,998,2,0,0,12,12,6,2,12,0,0,0,1,19,50423,6,1,0,0,3,0,72,165,0,0,0,0,0,0,0,0,0,0,0,0,0,0,1,2,55,1,1,2,1,0,0,1,62,1,1,1,51,1,0
19,190306,1,1,1,5,12,7,15,1,0,1,0,19,3,84,881,84881,66,1999,2HSFHAMR6XC0,2,H,S,F,H,A,M,R,6,X,C,0,1,T,INTL,940,TR,99,17,,8,2340,1600,90S,D,,,6,774,,,,,00000,00,,64,1,57,552170,57552170,3,6,2,1,0,0,0,0,0,0,0,998,0,1,5,0,3,6,2,1,0,0,0,1,19,50501,6,1,6,1,3,3,69,200,0,0,0,1,2,10,2010,11,2010,0,39,0,0,0,1,2,55,1,1,1,1,20,3,10,10,1,1,4,6,1,0
19,190307,1,1,1,5,12,18,48,8,0,1,0,19,1,20,481,20481,31,2008,2GCEC19J1811,2,G,C,E,C,1,9,J,1,8,1,1,0,T,CHEV,SC1,4C,8,17,,2,1575,1339,SIL,G,,,8,323,,,,B,4870,03,,42,0,0,000000000,00000000000,0,0,0,1,0,0,0,0,0,0,0,998,0,0,0,6,6,0,3,8,0,0,0,1,19,52136,6,1,0,0,3,0,65,150,1,0,0,0,0,12,2008,12,2008,0,0,0,0,0,1,2,25,1,1,2,4,0,0,13,81,1,1,2,92,0,0
19,190308,1,1,2,9,12,19,26,8,0,1,0,19,1,12,442,12442,20,2000,2FMZA5248YBC,2,F,M,Z,A,5,2,4,8,Y,B,C,0,T,FORD,WSE,ES,0,17,,1,0,1207,WIN,G,,,6,232,,,,B,4311,00,E,42,0,0,000000000,00000000000,0,0,0,1,0,0,0,0,0,0,0,998,0,0,0,12,12,2,1,8,0,0,0,1,19,50036,6,1,0,0,3,0,63,150,0,0,0,0,0,0,0,0,0,0,0,0,0,0,1,2,50,1,2,1,1,0,0,1,80,1,1,1,13,0,0
19,190309,1,1,1,11,12,1,14,23,0,1,0,19,1,18,401,18401,14,2004,5GADS13S8423,5,G,A,D,S,1,3,S,8,4,2,3,0,P,BUIC,RNR,UT,4,17,4417,,0,1130,,G,,F,6,256,,,17R245,,,,,,0,0,000000000,00000000000,0,0,0,1,0,0,0,0,0,0,0,998,0,1,5,12,12,6,2,1,0,0,0,1,19,52336,6,1,0,0,3,3,76,275,1,0,0,0,0,10,2009,10,2009,1,87,0,0,0,1,2,35,2,2,2,4,0,0,14,13,7,2,4,7,1,1
19,190310,1,2,1,13,12,17,21,12,6,1,0,19,1,35,43,35043,4,1999,3N1AB41D6XL0,3,N,1,A,B,4,1,D,6,X,L,0,0,P,NISS,SXG,4D,99,17,2308,,0,998,,G,,F,4,097,,,13R155,,,,,,0,0,000000000,00000000000,0,0,0,1,0,0,0,0,0,0,0,998,0,0,0,3,3,6,2,12,0,0,0,1,19,52755,6,1,0,0,3,0,60,135,0,0,0,0,0,0,0,0,0,0,39,0,0,0,1,2,55,1,2,2,2,20,3,1,66,1,1,1,87,1,0
19,190310,2,2,1,13,12,17,21,12,6,1,0,19,3,20,481,20481,31,2011,1GCRKSE32BZ3,1,G,C,R,K,S,E,3,2,B,Z,3,0,T,CHEV,2SK,4C,11,17,,2,1575,1435,SIL,F,,,8,323,,,,B,5286,02,,44,0,0,000000000,00000000000,0,0,0,1,0,0,0,0,0,0,0,998,0,0,0,12,12,6,2,12,0,0,0,1,19,52245,6,1,6,0,3,3,73,250,0,0,0,0,0,0,0,0,0,0,0,0,0,0,1,2,55,1,2,2,2,0,0,1,17,1,1,1,86,0,0
19,190311,1,2,1,16,12,13,58,12,2,1,0,19,2,12,35,12035,4,1998,1FAFP66L5WK2,1,F,A,F,P,6,6,L,5,W,K,2,0,P,FORD,LSS,4D,98,17,2864,,0,1065,,G,,F,6,155,,,15R205,,,,,,0,0,000000000,00000000000,0,0,0,1,0,0,0,0,0,0,0,998,9,0,0,12,12,6,2,12,0,0,0,1,19,52574,0,0,0,0,0,0,999,999,0,0,0,0,0,0,0,0,0,0,0,0,0,0,1,2,55,1,1,1,1,0,0,1,51,6,1,2,58,1,0
19,190311,2,2,2,16,12,13,58,12,2,1,0,19,1,55,33,55033,4,2011,5NPEB4AC1BH0,5,N,P,E,B,4,A,C,1,B,H,0,0,P,HYUN,SGL,4D,11,17,3161,,0,1100,,G,,F,4,144,,,16R205,,,,,,0,0,000000000,00000000000,0,0,0,1,0,0,0,0,0,0,0,998,0,0,0,12,12,6,2,12,0,0,0,1,19,52556,6,1,0,0,3,3,70,185,0,0,0,0,0,0,0,0,0,0,0,0,0,0,1,2,55,1,1,1,1,0,0,1,62,1,1,1,59,0,0
19,190312,1,1,1,16,12,22,5,35,0,1,0,19,1,7,20,7020,4,2000,1B3ES46C6YD6,1,B,3,E,S,4,6,C,6,Y,D,6,0,P,DODG,NSE,4D,0,17,2515,,0,1050,,G,,F,4,122,,,14R185,,,,,,0,0,000000000,00000000000,0,0,0,1,0,0,0,0,0,0,0,998,0,1,5,12,13,6,2,1,0,0,0,1,19,52750,6,1,0,0,3,0,63,130,0,0,0,1,0,9,2011,9,2011,0,58,0,0,0,1,2,55,1,1,1,1,0,0,1,13,7,2,4,2,1,0
19,190313,1,1,1,18,12,7,48,1,0,1,0,19,1,20,16,20016,4,2002,1G1JF524X272,1,G,1,J,F,5,2,4,X,2,7,2,0,P,CHEV,CAS,4D,2,17,2676,,0,1041,,G,,F,4,133,,,15R195,,,,,,0,0,000000000,00000000000,0,0,0,1,0,0,0,0,0,0,0,998,0,1,5,0,6,6,2,1,0,0,0,1,19,50231,6,1,0,0,3,3,62,155,0,0,0,0,0,0,0,0,0,0,0,0,0,0,1,2,55,1,1,2,99,0,0,1,12,6,1,4,6,1,0
19,190314,1,1,1,18,12,1,20,8,0,1,0,17,3,51,881,51881,66,2004,4V4NC9TH94N3,4,V,4,N,C,9,T,H,9,4,N,3,1,T,VOLV,VNL,TR,4,17,,8,0,0,VVN,D,,,6,915,,,,,00000,00,,64,1,57,1468568,571468568,3,6,1,1,0,0,0,0,0,0,0,998,0,0,0,2,2,4,1,8,0,0,0,1,17,60656,6,1,6,0,3,0,65,145,0,0,0,0,0,0,0,0,0,0,0,0,0,0,3,2,65,1,1,1,1,0,0,1,80,1,1,1,13,0,0
19,190315,1,1,1,19,12,6,45,34,0,1,0,19,1,7,402,7402,14,2001,1B4HS28ZX1F5,1,B,4,H,S,2,8,Z,X,1,F,5,0,P,DODG,DUR,UT,1,17,4512,,0,1159,,G,,F,8,360,,,15R235,,,,,,0,0,000000000,00000000000,0,0,0,1,0,0,0,0,0,0,0,998,0,1,5,12,12,6,2,1,0,0,0,1,19,52334,6,1,0,0,3,3,65,160,0,0,0,0,0,0,0,0,0,1,87,0,0,0,1,2,55,1,1,2,4,0,0,6,12,1,2,4,7,1,0
19,190316,1,2,1,19,12,9,12,12,6,1,0,19,1,20,473,20473,30,2008,1GCCS1492881,1,G,C,C,S,1,4,9,2,8,8,1,0,T,CHEV,RDO,PK,8,17,,1,0,1113,CAL,G,,,4,177,,,,,3303,00,,42,0,0,000000000,00000000000,0,0,0,1,0,0,0,0,0,0,0,998,0,1,5,2,2,6,2,12,0,0,0,1,19,51443,6,1,0,0,3,3,73,270,0,0,0,0,0,0,0,0,0,0,38,0,0,0,1,2,50,1,2,4,11,0,0,1,17,1,1,1,87,1,0
19,190316,2,2,1,19,12,9,12,12,6,1,0,19,1,82,881,82881,66,2002,1FUJA9A822PK,1,F,U,J,A,9,A,8,2,2,P,K,1,T,FRHT,ST1,TR,2,17,,8,0,0,CON,D,,,6,661,,,,,00000,00,,64,1,77,777777777,77777777777,3,6,8,1,0,0,0,0,0,0,0,998,0,1,5,12,13,6,2,12,0,0,0,1,19,51436,6,1,0,0,3,0,72,247,0,0,0,0,2,5,2009,12,2011,0,92,0,0,0,1,2,50,1,2,4,11,0,0,1,66,1,1,1,86,0,0
19,190317,1,1,1,19,12,4,50,1,0,1,0,19,2,23,401,23401,14,2004,1GKET16S8461,1,G,K,E,T,1,6,S,8,4,6,1,0,T,GMC,EXL,4W,4,17,,2,0,1290,ENV,G,,,6,256,,,,B,4968,00,E,44,0,0,000000000,00000000000,0,0,0,1,0,0,0,0,0,0,0,998,0,1,5,0,12,6,8,1,0,0,0,1,19,51458,6,1,0,0,3,0,66,183,0,0,0,0,0,0,0,0,0,0,87,0,0,0,1,2,55,1,2,2,4,0,0,1,13,1,3,4,2,1,0
19,190318,1,1,2,19,12,16,55,1,0,1,0,31,2,41,51,41051,4,2005,JM1BK12F7513,J,M,1,B,K,1,2,F,7,5,1,3,0,P,MAZD,M3I,4D,5,17,2696,,0,1039,,G,,F,4,122,,,15R195,,,,,,0,0,000000000,00000000000,0,0,0,1,0,0,0,0,0,0,0,998,0,1,5,0,6,6,2,1,0,0,0,1,19,51501,0,0,0,0,0,0,999,999,0,0,0,0,0,0,0,0,0,0,0,0,0,0,1,2,55,1,2,2,1,0,0,1,13,1,2,4,2,1,0
19,190319,1,2,1,19,12,6,56,12,6,1,0,19,1,12,37,12037,4,2008,1FAHP35N88W2,1,F,A,H,P,3,5,N,8,8,W,2,0,P,FORD,FMS,4D,8,17,2623,,0,1029,,G,,F,4,122,,,16R205,,,,,,0,0,000000000,00000000000,0,0,0,1,0,0,0,0,0,0,0,998,0,0,0,12,12,6,2,12,0,0,0,1,19,51462,6,1,6,0,3,0,70,210,0,0,0,0,0,0,0,0,0,0,0,0,0,0,1,2,55,1,1,2,4,0,0,1,62,1,1,1,65,0,0
19,190319,2,2,1,19,12,6,56,12,6,1,0,19,1,12,13,12013,4,1998,1FAFP13P2WW2,1,F,A,F,P,1,3,P,2,W,W,2,0,P,FORD,ESS,4D,98,17,2468,,0,984,,G,,F,4,122,,,14R185,,,,,,0,0,000000000,00000000000,0,0,0,1,0,0,0,0,0,0,0,998,0,0,0,3,3,6,2,12,0,0,0,1,19,50129,6,1,0,0,3,3,68,200,0,0,0,0,0,0,0,0,0,1,87,0,0,0,1,2,55,1,1,2,4,0,0,1,10,1,4,2,64,1,0
19,190320,1,1,1,22,12,8,42,34,0,1,0,19,1,12,422,12422,15,1997,1FMFU18L3VLB,1,F,M,F,U,1,8,L,3,V,L,B,0,P,FORD,EPT,UT,97,17,4827,,0,1190,,G,,F,8,330,,,16R255,,,,,,0,0,000000000,00000000000,0,0,0,1,0,0,0,0,0,0,0,998,0,1,5,99,13,6,2,1,0,0,0,1,19,50662,6,1,0,0,3,0,72,350,0,0,0,0,0,0,0,0,0,1,87,0,0,0,1,2,55,1,2,2,4,0,0,6,13,1,4,4,2,1,0
19,190321,1,1,1,23,12,2,45,1,0,1,0,19,2,2,404,2404,14,1993,1J4GZ78Y6PC6,1,J,4,G,Z,7,8,Y,6,P,C,6,0,T,JEEP,LMT,4W,93,17,,1,0,1059,GCK,G,,,8,318,,,,,3574,00,B,44,0,0,000000000,00000000000,0,0,0,1,0,0,0,0,0,0,0,998,0,1,5,0,13,6,2,1,0,0,0,1,19,51060,1,1,0,0,2,0,70,165,1,2,1,1,2,5,2009,12,2011,1,0,0,0,0,1,2,55,2,2,1,1,0,0,14,13,1,2,4,2,1,0
19,190322,1,1,1,24,12,5,29,1,0,1,0,19,2,13,421,13421,15,2001,5LMFU28RX1LJ,5,L,M,F,U,2,8,R,X,1,L,J,0,P,LINC,NAV,UT,1,17,5720,,0,1190,,G,,F,8,330,,,17R255,,,,,,0,0,000000000,00000000000,0,0,0,1,0,0,0,0,0,0,0,998,0,1,5,0,9,6,2,1,0,0,0,1,19,50581,6,1,0,0,3,0,72,210,0,0,0,0,0,0,0,0,0,0,0,0,0,0,1,2,55,2,1,2,1,0,0,14,12,1,1,4,6,1,1
19,190323,1,1,1,30,12,7,36,8,0,1,0,19,1,2,404,2404,14,1996,1J4FJ78S7TL1,1,J,4,F,J,7,8,S,7,T,L,1,0,T,JEEP,CTY,4W,96,17,,1,0,1014,CHK,G,,,6,242,,,,,3008,00,M,44,0,0,000000000,00000000000,0,0,0,1,0,0,0,0,0,0,0,998,0,0,0,6,14,2,9,8,0,0,0,1,19,50450,6,1,0,0,3,0,69,170,0,0,0,0,0,0,0,0,0,0,0,0,0,0,1,2,25,1,1,2,4,0,0,13,80,1,1,2,92,0,0
19,190324,1,1,1,24,12,20,25,1,0,1,0,19,2,2,403,2403,14,1991,2J4FY19P8MJ1,2,J,4,F,Y,1,9,P,8,M,J,1,0,T,JEEP,W/S,2W,91,17,,1,0,934,W/Y,G,,,4,150,,,,,2932,01,A,44,0,0,000000000,00000000000,0,0,0,1,0,0,0,0,0,0,0,998,0,1,5,0,6,6,2,1,0,0,0,1,19,52544,6,1,0,0,3,0,71,190,0,0,0,0,0,0,0,0,0,0,0,0,0,0,1,2,55,1,2,2,1,0,0,1,13,7,2,4,2,1,0
19,190325,1,2,1,25,12,11,39,12,6,1,0,19,2,6,41,6041,4,2001,2C3HD46R11H6,2,C,3,H,D,4,6,R,1,1,H,6,0,P,CHRY,CXL,4D,1,17,3410,,0,1130,,G,,F,6,167,,,16R225,,,,,,0,0,000000000,00000000000,0,0,0,1,0,0,0,0,0,0,0,998,0,1,5,7,7,6,2,12,0,0,0,1,19,50129,6,2,0,0,3,3,72,175,0,0,0,0,0,0,0,0,0,0,39,0,0,0,1,2,55,1,1,2,1,20,3,1,66,1,1,1,89,1,0
19,190325,2,2,2,25,12,11,39,12,6,1,0,19,2,41,35,41035,5,2002,JM1BJ2456214,J,M,1,B,J,2,4,5,6,2,1,4,0,P,MAZD,PR5,4H,2,17,2716,,0,1028,,G,,F,4,122,,,16R195,,,,,,0,0,000000000,00000000000,0,0,0,1,0,0,0,0,0,0,0,998,0,1,5,12,12,6,2,12,0,0,1,1,19,50216,6,1,0,0,3,0,68,148,0,0,0,1,0,3,2011,3,2011,0,0,0,0,0,1,2,55,1,1,2,1,0,0,1,55,1,1,1,88,0,0
19,190326,1,2,1,27,12,7,35,12,2,1,0,19,1,7,482,7482,31,2005,3D7KS28C25G7,3,D,7,K,S,2,8,C,2,5,G,7,0,T,DODG,SQ2,CW,5,17,,2,1605,1405,RPC,D,,,6,359,,,,C,5886,12,E,44,0,0,000000000,00000000000,0,0,0,1,0,0,0,0,0,0,0,998,0,1,5,12,12,6,2,12,0,0,0,1,19,52356,6,1,6,0,3,3,70,240,1,0,0,0,0,1,2009,1,2009,0,0,0,0,0,1,2,55,1,3,2,1,0,0,1,62,1,1,2,50,0,0
19,190326,2,2,1,27,12,7,35,12,2,1,0,19,1,6,43,6043,4,2005,1C3EL46X25N6,1,C,3,E,L,4,6,X,2,5,N,6,0,P,CHRY,SEB,4D,5,17,3273,,0,1060,,G,,F,4,146,,,16R205,,,,,,0,0,000000000,00000000000,0,0,0,1,0,0,0,0,0,0,0,998,0,1,5,12,12,6,2,12,0,0,0,1,19,52356,6,1,0,0,3,3,66,145,0,0,0,0,0,0,0,0,0,0,0,0,0,0,1,2,55,1,2,2,1,0,0,1,54,1,1,1,51,1,0
19,190327,1,1,1,27,12,16,34,1,0,1,0,19,1,12,481,12481,31,1998,1FTZX18W5WKB,1,F,T,Z,X,1,8,W,5,W,K,B,0,T,FORD,F15,3C,98,17,,1,1570,1390,COF,G,,,8,281,,,,B,4480,01,E,44,0,0,000000000,00000000000,0,0,0,1,0,0,0,0,0,0,0,998,0,1,5,0,99,6,2,1,0,0,0,1,19,50315,1,1,5,0,2,0,71,190,1,0,0,4,0,3,2009,12,2011,1,39,0,0,0,3,4,35,1,1,2,1,3,3,1,13,7,4,4,2,1,0
19,190328,1,3,3,27,12,17,4,12,8,1,1,19,2,7,472,7472,30,2001,1B7HG2ANX1S3,1,B,7,H,G,2,A,N,X,1,S,3,0,T,DODG,QAD,CW,1,17,,2,0,1309,DAK,G,,,8,287,,,,B,4296,00,U,44,0,0,000000000,00000000000,0,0,0,1,0,0,0,0,0,0,0,998,0,0,0,11,11,6,2,12,0,0,0,1,19,52001,2,1,5,0,2,0,70,190,0,3,0,0,1,6,2009,6,2011,0,28,0,0,0,1,2,55,1,2,1,1,0,0,1,10,1,1,2,64,0,0
19,190328,2,3,1,27,12,17,4,12,8,1,0,19,1,20,16,20016,2,1997,1G1JC1241VM1,1,G,1,J,C,1,2,4,1,V,M,1,0,P,CHEV,C/S,CP,97,17,2584,,0,1041,,G,,F,4,133,,,14R195,,,,,,0,0,000000000,00000000000,0,0,0,1,0,0,0,0,0,0,0,998,2,0,0,11,3,6,2,12,0,0,0,1,55,53811,6,1,0,0,3,0,71,165,0,0,0,3,0,9,2009,6,2011,0,0,0,0,0,1,2,55,1,2,1,1,0,0,1,62,1,2,2,65,1,0
19,190328,3,3,1,27,12,17,4,12,8,1,0,19,1,6,441,6441,20,2002,2C4GP54L02R7,2,C,4,G,P,5,4,L,0,2,R,7,0,T,CHRY,LXI,ES,2,17,,1,0,1193,TWC,G,,,6,230,,,,,4160,00,,42,0,0,000000000,00000000000,0,0,0,1,0,0,0,0,0,0,0,998,0,1,5,12,12,6,2,12,0,0,0,1,19,52073,6,1,0,0,3,0,64,175,0,0,0,0,0,0,0,0,0,0,0,0,0,0,1,2,55,1,2,1,1,0,0,1,62,1,1,1,98,0,0
19,190329,1,1,2,29,12,1,51,42,0,1,0,19,2,63,34,63034,4,2006,KNAGD1260654,K,N,A,G,D,1,2,6,0,6,5,4,0,P,KIA,OLE,4D,6,17,3279,,0,1063,,G,,F,4,144,,,15R205,,,,,,0,0,000000000,00000000000,0,0,0,1,0,0,0,0,0,0,0,998,0,0,0,1,1,6,2,42,0,0,0,1,19,50158,0,0,0,0,0,0,68,152,0,0,0,0,0,0,0,0,0,9,0,0,0,0,1,2,25,1,1,2,1,0,0,1,13,1,1,4,1,1,0
19,190330,1,1,1,29,12,15,30,35,0,1,0,19,3,82,881,82881,66,2003,1FUJAHCG43DK,1,F,U,J,A,H,C,G,4,3,D,K,1,T,FRHT,FLD,TR,3,17,,8,0,0,CON,D,,,6,774,,,,,00000,00,,64,1,57,764353,57764353,3,6,1,1,0,0,0,0,0,0,0,998,0,0,0,12,12,6,2,35,0,0,0,1,19,51061,6,1,6,0,3,0,68,165,0,0,0,1,0,3,2009,3,2009,0,0,0,0,0,3,4,65,1,1,1,1,0,0,1,12,1,1,4,6,1,0
19,190331,1,2,2,29,12,8,45,12,6,1,0,19,1,18,2,18002,4,2000,1G4HP54K6YU2,1,G,4,H,P,5,4,K,6,Y,U,2,0,P,BUIC,LCF,4D,0,17,3567,,0,1122,,G,,F,6,231,,,15R215,,,,,,0,0,000000000,00000000000,0,0,0,1,0,0,0,0,0,0,0,998,0,1,5,3,3,6,2,12,0,0,0,1,19,50568,6,1,0,0,3,0,68,180,0,1,0,0,0,3,2010,3,2010,0,39,0,0,0,1,2,50,1,2,4,11,20,3,1,62,1,1,1,87,1,0
19,190331,2,2,1,29,12,8,45,12,6,1,0,19,1,12,481,12481,31,2002,1FTNW21F72EC,1,F,T,N,W,2,1,F,7,2,E,C,0,T,FORD,F2S,CW,2,17,,2,1724,1562,SRW,D,,,8,444,,,,C,6234,04,E,44,0,0,000000000,00000000000,0,0,0,1,0,0,0,0,0,0,0,998,0,1,5,12,12,6,2,12,0,0,0,1,19,50568,3,1,0,0,2,0,72,180,0,0,0,0,0,0,0,0,0,0,92,0,0,0,1,2,50,1,2,4,11,0,0,1,17,1,1,1,86,0,0
19,190332,1,1,3,30,12,11,30,32,0,1,0,19,2,23,401,23401,14,2003,1GKET16P0362,1,G,K,E,T,1,6,P,0,3,6,2,0,T,GMC,EXL,4W,3,17,,2,0,1290,ENV,G,,,8,323,,,,B,5020,00,E,44,0,0,000000000,00000000000,0,0,0,1,0,0,0,0,0,0,0,998,0,1,5,12,12,6,2,32,0,0,0,1,19,50206,6,1,0,0,3,0,66,213,0,0,0,0,0,0,0,0,0,0,0,0,0,0,1,2,55,1,2,2,2,0,0,1,12,1,1,4,6,1,0
19,190333,1,2,1,30,12,17,50,12,1,1,0,48,3,98,905,98905,51,1997,3ABBBFGAXVS0,3,A,B,B,B,F,G,A,X,V,S,0,0,T,DINA,,,97,17,,,,,,,,,,,,,,,,,,,0,57,207809,57207809,3,21,22,1,0,0,0,0,4,0,0,998,0,0,0,6,6,4,3,12,0,0,0,1,48,76708,6,1,6,0,3,3,999,999,0,0,0,1,0,3,2011,3,2011,0,0,0,0,0,3,2,70,1,1,2,1,0,0,1,53,1,1,1,25,0,0
19,190333,2,2,1,30,12,17,50,12,1,1,0,19,1,20,441,20441,20,2004,1GNEL19X54B1,1,G,N,E,L,1,9,X,5,4,B,1,0,T,CHEV,AST,ES,4,17,,2,0,1112,AST,G,,,6,262,,,,B,4605,00,,44,0,0,000000000,00000000000,0,0,0,1,0,0,0,0,0,0,0,998,0,0,0,12,12,6,2,12,0,0,0,1,19,50481,6,1,0,0,3,0,61,190,0,0,0,0,0,0,0,0,0,0,38,0,0,0,3,2,70,1,1,2,1,0,0,1,51,1,1,1,24,1,0