STATE,ST_CASE,VEH_NO,VE_FORMS,NUMOCCS,DAY,MONTH,HOUR,MINUTE,HARM_EV,MAN_COLL,UNITTYPE,HIT_RUN,REG_STAT,OWNER,MAKE,MODEL,MAK_MOD,BODY_TYP,MOD_YEAR,VIN,VIN_1,VIN_2,VIN_3,VIN_4,VIN_5,VIN_6,VIN_7,VIN_8,VIN_9,VIN_10,VIN_11,VIN_12,TOW_VEH,VINTYPE,VINMAKE,VINA_MOD,VIN_BT,VINMODYR,VIN_LNGT,VIN_WGT,WGTCD_TR,WHLBS_LG,WHLBS_SH,SER_TR,FUELCODE,MCYCL_DS,CARBUR,CYLINDER,DISPLACE,MCYCL_CY,MCYCL_WT,TIRE_SZE,TON_RAT,TRK_WT,TRKWTVAR,VIN_REST,WHLDRWHL,J_KNIFE,MCARR_I1,MCARR_I2,MCARR_ID,GVWR,V_CONFIG,CARGO_BT,HAZ_INV,HAZ_PLAC,HAZ_ID,HAZ_CNO,HAZ_REL,BUS_USE,SPEC_USE,EMER_USE,TRAV_SP,UNDERIDE,ROLLOVER,ROLINLOC,IMPACT1,IMPACT2,DEFORMED,TOWED,M_HARM,VEH_SC1,VEH_SC2,FIRE_EXP,DR_PRES,L_STATE,DR_ZIP,L_STATUS,L_TYPE,CDL_STAT,L_ENDORS,L_COMPL,L_RESTRI,DR_HGT,DR_WGT,PREV_ACC,PREV_SUS,PREV_DWI,PREV_SPD,PREV_OTH,FIRST_MO,FIRST_YR,LAST_MO,LAST_YR,SPEEDREL,DR_SF1,DR_SF2,DR_SF3,DR_SF4,VTRAFWAY,VNUM_LAN,VSPD_LIM,VALIGN,VPROFILE,VPAVETYP,VSURCOND,VTRAFCON,VTCONT_F,P_CRASH1,P_CRASH2,P_CRASH3,PCRASH4,PCRASH5,ACC_TYPE,DEATHS,DR_DRINK
20,200091,1,1,1,2,4,2,16,32,0,1,0,20,1,19,3,19003,4,1993,1G6CD53BXP42,1,G,6,C,D,5,3,B,X,P,4,2,0,P,CADI,DFW,4D,93,17,3424,,0,1138,,G,,F,8,300,,,15R205,,,,,,0,0,000000000,00000000000,0,0,0,1,0,0,0,0,0,0,0,998,0,1,5,99,99,6,2,1,0,0,0,1,40,67665,6,1,0,0,3,9,67,281,0,0,0,0,1,5,2010,5,2010,0,58,0,0,0,1,2,60,1,1,2,1,0,0,1,12,6,4,4,7,1,1
20,200092,1,1,2,3,4,16,5,34,0,1,0,20,2,72,706,72706,80,1998,1HD1FDL15WY6,1,H,D,1,F,D,L,1,5,W,Y,6,0,M,HD,FHR,RS,98,17,,,,,,,1340,,2,,4,707,,,,,,,0,0,000000000,00000000000,0,0,0,1,0,0,0,0,0,0,0,998,0,0,0,5,12,4,3,1,0,0,0,1,20,66012,6,1,0,0,3,1,70,200,0,0,0,0,0,0,0,0,0,0,87,0,0,0,1,2,65,2,1,2,5,0,0,14,12,1,4,4,7,1,0
20,200093,1,2,2,3,4,14,34,12,6,1,0,20,1,72,706,72706,80,2002,1HD1BXB312Y0,1,H,D,1,B,X,B,3,1,2,Y,0,0,M,HD,ISF,RS,2,17,,,,,,,1450,,2,,4,666,,,,,,,0,0,000000000,00000000000,0,0,0,1,0,0,0,0,0,0,0,998,0,0,0,12,12,6,2,12,0,0,0,1,20,66071,6,1,0,0,2,1,71,175,1,0,0,0,0,4,2009,4,2009,0,35,0,0,0,1,2,55,1,1,2,1,0,0,6,60,1,1,2,73,1,1
20,200093,2,2,1,3,4,14,34,12,6,1,0,20,1,98,998,98998,92,1998,JJA0084153,J,J,A,0,0,8,4,1,5,3,,,0,U,,,,98,10,,,,,,,,,,,,,,,,,,,0,0,000000000,00000000000,0,0,0,1,0,0,0,0,0,0,0,998,0,0,0,9,10,6,2,12,0,0,0,1,20,66071,6,1,6,0,3,0,70,195,0,0,0,0,0,0,0,0,0,0,0,0,0,0,1,2,55,4,1,2,1,0,0,11,60,1,1,2,72,0,0
20,200094,1,1,1,3,4,14,35,35,0,1,0,20,1,73,706,73706,80,2007,JKAZRCB137A0,J,K,A,Z,R,C,B,1,3,7,A,0,0,M,KAWK,BZR,RC,7,17,,,,,,,953,,4,,4,452,,,,,,,0,0,000000000,00000000000,0,0,0,1,0,0,0,0,0,0,0,998,0,0,0,12,12,6,2,35,0,0,0,1,46,67215,6,1,0,0,3,0,74,250,0,0,0,0,0,0,0,0,0,0,87,0,0,0,1,2,55,2,1,2,1,0,0,14,12,1,1,4,6,1,0
20,200095,1,1,1,4,4,17,39,34,0,1,0,20,2,34,34,34034,4,1987,WBAAE5409H16,W,B,A,A,E,5,4,0,9,H,1,6,0,P,BMW,5/E,4D,87,17,2809,,0,1012,,G,,F,6,164,,,000000,,,,,,0,0,000000000,00000000000,0,0,0,1,0,0,0,0,0,0,0,998,0,1,5,1,1,6,2,1,0,0,0,1,20,67146,6,1,0,0,3,1,74,170,0,0,0,0,0,0,0,0,0,1,0,0,0,0,1,2,65,1,2,2,1,0,0,1,6,6,4,4,7,1,0
20,200096,1,1,3,6,4,10,35,34,0,1,0,20,2,24,2,24002,2,1999,1G8ZP128XXZ3,1,G,8,Z,P,1,2,8,X,X,Z,3,0,P,STRN,SC1,3P,99,17,0,,0,1024,,G,,F,4,116,,,14R175,,,,,,0,0,000000000,00000000000,0,0,0,1,0,0,0,0,0,0,0,998,0,0,0,12,12,6,9,32,0,0,0,1,20,66507,6,1,0,0,3,1,63,170,0,0,0,0,0,0,0,0,0,0,0,0,0,0,1,2,65,1,1,2,1,0,0,1,12,1,1,4,6,1,0
20,200097,1,2,3,8,4,8,23,12,2,1,0,20,1,49,38,49038,2,1995,JT2EL56D3S00,J,T,2,E,L,5,6,D,3,S,0,0,0,P,TOYT,TTX,2D,95,17,1975,,0,937,,G,,F,4,091,,,13R155,,,,,,0,0,000000000,00000000000,0,0,0,1,0,0,0,0,0,0,0,998,0,0,0,12,12,6,2,12,0,0,0,1,20,66801,6,1,0,0,3,0,68,170,0,1,0,2,0,7,2008,7,2010,0,87,35,0,0,2,2,55,1,1,2,2,0,0,6,54,4,1,2,52,1,0
20,200097,2,2,1,8,4,8,23,12,2,1,0,20,1,85,881,85881,66,2005,1XKADU9X05J1,1,X,K,A,D,U,9,X,0,5,J,1,1,T,KW,T60,TR,5,17,,8,2600,1600,CON,D,,,6,763,,,,,00000,00,,64,1,57,1509254,571509254,3,6,97,1,0,0,0,0,0,0,0,998,0,0,0,12,12,6,2,12,0,0,0,1,20,67801,6,1,6,0,3,0,67,190,0,0,0,1,0,12,2008,12,2008,0,87,0,0,0,2,2,55,1,1,2,2,0,0,1,54,1,1,1,52,0,0
20,200099,1,1,1,12,4,23,37,42,0,1,0,20,2,37,31,37031,2,1995,JHMEH6268SS0,J,H,M,E,H,6,2,6,8,S,S,0,0,P,HOND,DSI,CP,95,17,2351,,0,933,,G,,F,4,097,,,14R185,,,,,,0,0,000000000,00000000000,0,0,0,1,0,0,0,0,0,0,0,100,0,0,0,9,9,6,2,42,0,0,0,1,20,66202,0,0,0,0,0,0,999,999,99,99,99,99,99,99,9999,99,9999,1,36,0,0,0,1,2,30,1,2,2,1,0,0,1,6,7,4,4,7,1,0
20,200100,1,1,1,13,4,13,49,30,0,1,0,20,2,22,2,22002,4,2003,1G2HX52K7341,1,G,2,H,X,5,2,K,7,3,4,1,0,P,PONT,BVS,4D,3,17,3633,,0,1122,,G,,F,6,231,,,16R225,,,,,,0,0,000000000,00000000000,0,0,0,1,0,0,0,0,0,0,0,37,0,0,0,12,12,6,2,30,0,0,1,1,20,66101,1,1,0,0,2,0,71,236,0,0,0,0,0,0,0,0,0,1,36,38,39,0,5,2,50,9,9,2,1,0,0,1,6,1,1,4,6,1,0
20,200101,1,1,1,13,4,20,10,34,0,1,0,20,2,73,705,73705,80,2003,JKBZXJB103A0,J,K,B,Z,X,J,B,1,0,3,A,0,0,M,KAWK,Z3B,RC,3,17,,,,,,,636,,4,,4,377,,,,,,,0,0,000000000,00000000000,0,0,0,1,0,0,0,0,0,0,0,60,0,0,0,12,12,6,2,42,0,0,0,1,20,66002,6,1,0,0,3,1,71,208,0,0,0,1,0,6,2010,6,2010,1,0,0,0,0,1,2,40,3,2,2,1,0,0,14,6,1,1,4,1,1,0
20,200102,1,2,1,13,4,20,33,12,6,1,0,20,1,18,2,18002,4,1995,1G4HP52L4SH4,1,G,4,H,P,5,2,L,4,S,H,4,0,P,BUIC,LCF,4D,95,17,3422,,0,1108,,G,,F,6,231,,,15R205,,,,,,0,0,000000000,00000000000,0,0,0,1,0,0,0,0,0,0,0,998,0,1,3,9,9,6,2,12,0,0,0,1,20,66502,6,1,0,0,3,1,68,125,0,0,0,0,0,0,0,0,0,1,39,0,0,0,1,2,55,1,1,1,1,20,3,1,54,1,1,1,89,1,0
20,200102,2,2,1,13,4,20,33,12,6,1,0,20,1,12,3,12003,2,1995,1FALP42T8SF1,1,F,A,L,P,4,2,T,8,S,F,1,0,P,FORD,MGG,CP,95,17,3280,,0,1013,,G,,F,8,302,,,16R225,,,,,,0,0,000000000,00000000000,0,0,0,1,0,0,0,0,0,0,0,70,0,1,3,12,12,6,2,12,0,0,0,1,20,66502,6,1,0,0,3,0,70,220,0,0,0,0,0,0,0,0,0,0,0,0,0,0,2,2,70,1,1,1,1,0,0,1,17,1,1,1,88,0,0
20,200103,1,1,1,25,2,18,40,31,0,1,0,40,1,12,17,12017,4,2002,1FAFP55262A2,1,F,A,F,P,5,5,2,6,2,A,2,0,P,FORD,TSS,4D,2,17,3392,,0,1085,,F,,F,6,182,,,16R215,,,,,,0,0,000000000,00000000000,0,0,0,1,0,0,0,0,0,0,0,998,0,1,5,11,13,6,2,1,0,0,0,1,40,73944,6,1,0,0,3,0,71,200,0,0,0,0,0,0,0,0,0,0,0,0,0,0,1,2,65,1,1,2,1,0,0,1,12,1,1,4,6,1,0
20,200104,1,1,1,15,4,19,37,42,0,1,0,20,2,55,33,55033,4,2006,5NPEU46F06H0,5,N,P,E,U,4,6,F,0,6,H,0,0,P,HYUN,SGX,4D,6,17,3458,,0,1074,,G,,F,6,204,,,17R225,,,,,,0,0,000000000,00000000000,0,0,0,1,0,0,0,0,0,0,0,50,0,1,5,12,12,6,2,1,0,0,0,1,20,66216,6,1,0,0,3,0,72,140,0,0,0,1,0,3,2010,3,2010,1,87,0,0,0,1,2,25,9,9,2,2,0,0,1,6,1,1,4,1,1,0
20,200105,1,2,1,16,4,15,29,12,2,1,0,20,1,49,40,49040,4,1998,4T1BG22K4WU2,4,T,1,B,G,2,2,K,4,W,U,2,0,P,TOYT,CXL,4D,98,17,2998,,0,1051,,G,,F,4,132,,,14R195,,,,,,0,0,000000000,00000000000,0,0,0,1,0,0,0,0,0,0,0,45,0,0,0,12,12,6,2,12,0,0,0,1,20,66025,1,1,0,0,2,0,68,150,0,1,0,1,0,1,2009,12,2009,0,0,0,0,0,2,2,70,1,1,2,1,0,0,1,10,1,1,2,50,1,0
20,200105,2,2,4,16,4,15,29,12,2,1,0,20,1,7,442,7442,20,2008,1D8HN54P78B1,1,D,8,H,N,5,4,P,7,8,B,1,0,T,DODG,GSX,ES,8,17,,2,0,1212,CAR,G,,,6,232,,,,,4483,00,7,42,0,0,000000000,00000000000,0,0,0,1,0,0,0,0,0,0,0,65,0,0,0,12,12,6,2,12,0,0,0,1,20,66025,6,1,6,0,3,0,66,180,0,0,0,0,0,0,0,0,0,0,0,0,0,0,2,2,70,1,1,2,1,0,0,1,62,8,1,2,51,1,0
20,200106,1,2,2,18,4,21,28,12,6,1,0,20,2,12,481,12481,31,2002,2FTRX08L52CA,2,F,T,R,X,0,8,L,5,2,C,A,0,T,FORD,F15,4C,2,17,,2,0,1388,COF,G,,,8,330,,,,B,4639,04,U,44,0,0,000000000,00000000000,0,0,0,1,0,0,0,0,0,0,0,998,0,0,0,4,4,6,2,12,0,0,0,1,20,67871,6,1,0,0,3,1,72,230,0,0,0,0,0,0,0,0,0,0,38,0,0,0,1,2,65,1,1,2,1,0,0,11,15,1,1,1,68,0,0
20,200106,2,2,1,18,4,21,28,12,6,1,0,20,1,72,706,72706,80,2003,1HD1FCW473Y6,1,H,D,1,F,C,W,4,7,3,Y,6,0,M,HD,FUA,RS,3,17,,,,,,,1450,,2,,4,788,,,,,,,0,0,000000000,00000000000,0,0,0,1,0,0,0,0,0,0,0,998,0,0,0,12,12,6,2,12,0,0,0,1,20,67846,6,1,0,0,3,1,71,270,0,0,0,0,0,0,0,0,0,0,0,0,0,0,1,2,65,1,1,2,1,0,0,1,67,4,1,1,69,1,0
20,200107,1,1,1,19,4,16,50,34,0,1,0,20,3,20,481,20481,31,2001,1GCEK19TX1Z1,1,G,C,E,K,1,9,T,X,1,Z,1,0,T,CHEV,SK1,4C,1,17,,2,1575,1435,SIL,G,,,8,325,,,,B,4776,00,,44,0,0,000000000,00000000000,0,0,0,1,0,0,0,0,0,0,0,55,0,1,5,3,13,6,2,1,0,0,0,1,20,66801,1,1,1,0,2,0,67,165,0,1,0,0,0,10,2009,10,2009,0,0,0,0,0,1,2,55,1,1,4,1,0,0,1,12,1,1,4,6,1,1
20,200108,1,2,1,16,2,15,30,12,6,1,0,20,1,72,706,72706,80,2009,1HD1JM5159Y0,1,H,D,1,J,M,5,1,5,9,Y,0,0,M,HD,LTB,RS,9,17,,,,,,,1584,,2,,4,737,,,,,,,0,0,000000000,00000000000,0,0,0,1,0,0,0,0,0,0,0,20,0,0,0,1,3,6,2,12,0,0,0,1,20,67217,6,1,0,0,3,1,69,230,0,0,0,0,1,2,2009,2,2009,0,87,0,0,0,1,2,30,1,1,2,1,0,0,1,54,3,1,1,90,1,0
20,200108,2,2,1,16,2,15,30,12,6,1,0,20,1,21,2,21002,4,1997,1G3HN52K9V48,1,G,3,H,N,5,2,K,9,V,4,8,0,P,OLDS,8LW,4D,97,17,3455,,0,1108,,G,,F,6,231,,,15R205,,,,,,0,0,000000000,00000000000,0,0,0,1,0,0,0,0,0,0,0,998,0,0,0,2,2,2,9,12,0,0,0,1,20,66531,2,1,0,0,2,0,70,130,0,0,0,0,0,0,0,0,0,0,38,0,0,0,1,2,30,1,1,2,1,20,3,1,54,1,1,1,90,0,0
20,200109,1,1,2,7,4,7,20,42,0,1,0,20,2,12,3,12003,2,1997,1FALP4044VF1,1,F,A,L,P,4,0,4,4,V,F,1,0,P,FORD,MUS,CP,97,17,3084,,0,1013,,G,,F,6,232,,,15R205,,,,,,0,0,000000000,00000000000,0,0,0,1,0,0,0,0,0,0,0,998,0,1,5,82,13,6,2,35,0,0,0,1,20,67514,6,1,0,0,3,1,69,126,0,0,0,1,0,12,2009,12,2009,0,0,0,0,0,1,2,55,1,1,2,1,0,0,1,13,1,1,4,1,2,0
20,200110,1,1,1,20,4,0,48,33,0,1,0,20,2,20,16,20016,2,1995,1G1JC124XS71,1,G,1,J,C,1,2,4,X,S,7,1,0,P,CHEV,CAV,CP,95,17,2617,,0,1041,,G,,F,4,133,,,14R195,,,,,,0,0,000000000,00000000000,0,0,0,1,0,0,0,0,0,0,0,998,0,0,0,1,3,6,2,42,0,0,0,1,20,67203,0,0,0,0,0,0,66,145,0,0,0,0,0,0,0,0,0,1,36,0,0,0,1,2,30,1,1,2,1,0,0,1,6,1,1,4,1,1,1
20,200111,1,1,1,20,4,7,35,1,0,1,0,20,2,20,37,20037,4,2006,1G1ZT51806F1,1,G,1,Z,T,5,1,8,0,6,F,1,0,P,CHEV,MLT,4D,6,17,3316,,0,1063,,G,,F,6,214,,,16R215,,,,,,0,0,000000000,00000000000,0,0,0,1,0,0,0,0,0,0,0,998,0,1,5,0,13,6,2,1,0,0,0,1,20,66935,6,1,0,0,3,0,62,145,0,0,0,0,0,0,0,0,0,0,58,0,0,0,1,2,55,3,2,2,1,0,0,14,13,1,1,4,6,1,0
20,200112,1,2,1,24,4,3,23,12,2,1,0,20,1,7,880,7880,67,2003,3D7MU48623G7,3,D,7,M,U,4,8,6,2,3,G,7,0,T,DODG,SQ3,CW,3,17,,3,0,1600,RPC,D,,,6,359,,,,D,6544,06,E,44,0,88,888888888,88888888888,2,1,96,1,0,0,0,0,0,0,0,998,0,0,0,12,12,6,2,12,0,0,0,1,20,67648,2,1,0,0,2,2,65,165,0,1,0,0,1,7,2008,7,2008,0,51,74,0,0,2,2,65,1,1,2,1,0,0,1,10,1,1,4,50,0,1
20,200112,2,2,1,24,4,3,23,12,2,1,0,20,1,49,472,49472,30,2008,5TELU42N48Z5,5,T,E,L,U,4,2,N,4,8,Z,5,0,T,TOYT,DCL,CW,8,17,,1,0,1278,TAC,G,,,6,244,,,,B,4065,00,U,44,0,0,000000000,00000000000,0,0,0,1,0,0,0,0,0,0,0,998,0,0,0,12,12,6,2,12,0,0,0,1,20,66861,6,1,0,0,3,1,74,200,0,0,0,0,0,0,0,0,0,0,0,0,0,0,2,2,65,1,1,2,1,0,0,1,62,7,1,4,51,1,0
20,200113,1,1,3,24,4,4,20,31,0,1,0,48,1,35,473,35473,31,2005,1N6BA07BX5N5,1,N,6,B,A,0,7,B,X,5,N,5,0,T,NISS,TXS,CW,5,17,,2,0,1398,TTN,F,,,8,342,,,,C,5116,02,E,44,0,0,000000000,00000000000,0,0,0,1,0,0,0,0,0,0,0,998,0,1,5,82,2,6,2,1,0,0,0,1,48,76036,6,1,0,0,3,0,999,999,0,1,0,0,0,10,2008,10,2008,1,36,0,0,0,1,2,55,1,1,5,1,0,0,1,6,6,1,4,6,1,1
20,200114,1,1,1,24,4,13,52,8,0,1,0,20,1,18,7,18007,4,2003,2G4WS52J3311,2,G,4,W,S,5,2,J,3,3,1,1,0,P,BUIC,CCU,4D,3,17,3368,,0,1090,,G,,F,6,191,,,15R205,,,,,,0,0,000000000,00000000000,0,0,0,1,0,0,0,0,0,0,0,998,0,0,0,99,10,4,9,8,0,0,0,1,20,66608,6,1,0,0,3,0,61,155,0,0,0,0,0,0,0,0,0,0,0,0,0,0,2,2,70,1,2,1,1,40,3,1,80,3,1,2,13,0,0
20,200115,1,2,1,28,4,0,40,12,6,1,0,29,1,7,442,7442,20,2002,2B8GP44392R5,2,B,8,G,P,4,4,3,9,2,R,5,0,T,DODG,GSP,ES,2,17,,1,0,1193,CAR,F,,,6,201,,,,,4002,00,K,42,0,0,000000000,00000000000,0,0,0,1,0,0,0,0,0,0,0,998,0,0,0,12,12,6,2,12,0,0,0,1,29,64755,6,1,0,0,3,1,61,105,0,0,0,1,0,9,2010,9,2010,0,0,0,0,0,1,2,40,1,1,2,1,0,0,1,17,1,1,1,86,0,0
20,200115,2,2,4,28,4,0,40,12,6,1,0,20,2,12,481,12481,31,2006,1FTRF122X6KB,1,F,T,R,F,1,2,2,X,6,K,B,0,T,FORD,F15,PK,6,17,,2,1450,1260,COF,G,,,6,256,,,,B,4615,02,E,42,0,0,000000000,00000000000,0,0,0,1,0,0,0,0,0,0,0,998,0,0,0,3,13,6,2,12,0,0,0,1,20,66030,6,1,0,0,3,0,72,220,0,0,0,0,0,0,0,0,0,0,38,0,0,0,1,2,35,1,1,2,1,20,3,1,17,1,1,1,87,1,0
20,200116,1,1,2,1,5,14,0,34,0,1,0,20,2,20,481,20481,31,1988,1GCDC14Z2JZ1,1,G,C,D,C,1,4,Z,2,J,Z,1,0,T,CHEV,GC1,PK,88,17,,1,1315,1175,GM4,G,,,6,262,,,,B,3655,01,,42,0,0,000000000,00000000000,0,0,0,1,0,0,0,0,0,0,0,50,0,1,5,9,9,6,2,1,0,0,0,1,20,66202,6,1,0,0,3,1,67,180,0,0,0,0,0,0,0,0,0,1,0,0,0,0,6,1,45,1,3,2,1,0,0,16,6,1,1,4,6,1,0
20,200117,1,1,2,3,5,15,38,34,0,1,0,20,2,12,37,12037,4,2001,1FAHP34391W1,1,F,A,H,P,3,4,3,9,1,W,1,0,P,FORD,FSS,4D,1,17,2563,,0,1030,,G,,F,4,121,,,15R195,,,,,,0,0,000000000,00000000000,0,0,0,1,0,0,0,0,0,0,0,998,0,1,5,11,13,6,2,1,0,0,0,1,40,74464,6,1,0,0,3,0,74,195,0,1,0,0,3,1,2011,4,2011,0,0,0,0,0,2,2,65,1,2,2,1,0,0,1,13,6,1,4,1,1,0
20,200118,1,2,1,3,5,23,41,12,6,1,0,20,1,20,39,20039,4,2007,KL1TD56617B0,K,L,1,T,D,5,6,6,1,7,B,0,0,P,CHEV,ABS,4D,7,17,2531,,0,976,,G,,F,4,098,,,14R185,,,,,,0,0,000000000,00000000000,0,0,0,1,0,0,0,0,0,0,0,998,0,0,0,3,3,6,2,12,0,0,0,1,20,67020,6,1,6,0,3,1,65,127,0,0,0,1,0,11,2008,11,2008,0,38,0,0,0,2,2,65,1,1,2,1,0,0,1,17,1,1,1,87,1,1
20,200118,2,2,2,3,5,23,41,12,6,1,0,93,3,51,881,51881,66,2006,4V4NC9GH36N4,4,V,4,N,C,9,G,H,3,6,N,4,1,T,VOLV,VNL,TR,6,17,,8,0,0,VVN,D,,,6,732,,,,,00000,00,,64,1,57,1539271,571539271,3,6,1,1,0,0,0,0,0,0,0,998,0,0,0,12,12,6,2,12,0,0,0,1,4,85024,6,1,6,1,3,0,74,237,0,0,0,0,0,0,0,0,0,0,0,0,0,0,2,2,65,1,1,2,1,0,0,1,66,9,1,2,86,0,0
20,200119,1,1,2,3,5,2,28,35,0,1,0,20,1,59,34,59034,4,1994,JT8JS47E3R00,J,T,8,J,S,4,7,E,3,R,0,0,0,P,LEXS,GS3,4D,94,17,3660,,0,1094,,G,,F,6,183,,,16R215,,,,,,0,0,000000000,00000000000,0,0,0,1,0,0,0,0,0,0,0,998,0,1,5,2,13,6,2,1,0,0,0,1,20,66104,6,1,0,0,3,0,71,180,0,1,0,1,0,9,2009,9,2009,1,0,0,0,0,3,3,70,1,2,1,1,0,0,1,13,1,1,4,1,1,1
20,200120,1,2,1,6,5,15,2,12,2,1,0,20,2,9,442,9442,20,1997,1P4GP44R2VB3,1,P,4,G,P,4,4,R,2,V,B,3,0,T,PLYM,GSR,ES,97,17,,1,0,1193,VOF,G,,,6,201,,,,,3687,00,E,42,0,0,000000000,00000000000,0,0,0,1,0,0,0,0,0,0,0,998,0,0,0,12,12,6,2,12,0,0,0,1,20,67460,6,1,0,0,3,1,66,170,0,0,0,0,0,0,0,0,0,0,51,0,0,0,2,2,70,2,1,2,1,0,0,14,54,1,1,1,52,1,0
20,200120,2,2,2,6,5,15,2,12,2,1,0,20,2,24,1,24001,4,1996,1G8ZG5281TZ3,1,G,8,Z,G,5,2,8,1,T,Z,3,0,P,STRN,SL1,4D,96,17,2247,,0,1024,,G,,F,4,116,,,14R175,,,,,,0,0,000000000,00000000000,0,0,0,1,0,0,0,0,0,0,0,998,0,0,0,12,1,6,2,12,0,0,0,1,20,67501,6,1,0,0,3,1,67,190,0,0,0,0,0,0,0,0,0,0,58,0,0,0,2,2,70,3,1,2,1,0,0,14,54,6,4,2,52,0,0
20,200121,1,1,1,7,5,9,15,10,0,1,0,20,1,7,482,7482,31,2007,1D7HA16P17J5,1,D,7,H,A,1,6,P,1,7,J,5,0,T,DODG,S15,PK,7,17,,2,1405,1205,RPC,F,,,8,287,,,,B,4527,02,E,42,0,0,000000000,00000000000,0,0,0,1,0,0,0,0,0,0,0,998,0,1,5,4,4,6,2,10,0,0,0,1,20,66845,6,1,0,0,3,0,68,188,0,0,0,0,0,0,0,0,0,0,0,0,0,0,1,2,55,1,1,4,1,65,3,1,91,1,1,1,15,1,0
20,200122,1,1,2,6,5,16,17,1,0,1,0,20,1,12,401,12401,14,1994,1FMCU24X1RUD,1,F,M,C,U,2,4,X,1,R,U,D,5,P,FORD,EPR,UT,94,17,3844,,0,1020,,G,,F,6,245,,,15R225,,,,,,0,0,000000000,00000000000,0,0,0,1,0,0,0,0,0,0,0,998,0,1,3,0,13,6,9,1,0,0,0,1,20,67839,6,1,6,0,3,0,64,250,0,0,0,0,0,0,0,0,0,0,0,0,0,0,2,2,70,2,2,2,1,0,0,6,8,99,1,4,6,1,0
20,200123,1,1,1,8,5,3,2,33,0,1,0,29,2,59,401,59401,14,2000,JT6HF10UXY01,J,T,6,H,F,1,0,U,X,Y,0,1,0,P,LEXS,RX3,UT,0,17,3900,,0,1031,,G,,F,6,183,,,16R225,,,,,,0,0,000000000,00000000000,0,0,0,1,0,0,0,0,0,0,0,74,0,0,0,14,12,6,2,42,0,0,0,1,29,64111,6,1,6,0,3,9,76,190,0,1,0,0,0,6,2008,6,2008,1,36,0,0,0,1,2,35,2,9,2,1,0,0,14,6,1,1,4,6,1,1
20,200124,1,1,2,9,5,15,18,34,0,1,0,93,3,84,881,84881,66,2009,2HSCUAPR69C1,2,H,S,C,U,A,P,R,6,9,C,1,1,T,INTL,PPR,TR,9,17,,8,0,0,PRO,D,,,6,915,,,,,00000,00,,64,1,57,594082,57594082,3,6,3,1,0,0,0,0,0,0,0,998,0,1,1,11,13,6,2,1,0,0,0,1,29,64841,6,1,6,1,3,0,999,999,0,0,0,1,0,2,2011,2,2011,0,38,58,0,0,1,2,55,1,1,2,1,0,0,1,13,6,1,4,1,1,0
20,200125,1,2,1,10,5,9,30,12,2,1,0,20,1,37,441,37441,20,1996,JHMRA1870TC0,J,H,M,R,A,1,8,7,0,T,C,0,0,P,HOND,ODY,SV,96,17,3382,,0,1114,,G,,F,4,132,,,15R205,,,,,,0,0,000000000,00000000000,0,0,0,1,0,0,0,0,0,0,0,998,0,0,0,12,12,6,2,12,0,0,0,1,20,66088,6,1,0,0,3,0,68,250,0,0,0,0,0,0,0,0,0,0,51,0,0,0,2,2,65,2,2,2,1,0,0,14,10,1,1,2,50,1,0
20,200125,2,2,1,10,5,9,30,12,2,1,0,20,2,24,1,24001,4,2002,1G8ZH52822Z1,1,G,8,Z,H,5,2,8,2,2,Z,1,0,P,STRN,SL1,4D,2,17,2377,,0,1024,,G,,F,4,116,,,14R185,,,,,,0,0,000000000,00000000000,0,0,0,1,0,0,0,0,0,0,0,38,0,0,0,12,12,6,2,12,0,0,0,1,20,66436,6,1,0,0,3,0,54,145,0,0,0,0,1,1,2011,1,2011,0,0,0,0,0,2,2,65,3,2,2,1,0,0,14,62,3,1,1,51,1,0
20,200126,1,2,1,10,5,13,20,12,8,1,0,20,1,20,401,20401,14,2002,1GCDT13W22K1,1,G,C,D,T,1,3,W,2,2,K,1,0,T,CHEV,S14,CW,2,17,,1,0,1229,S,G,,,6,262,,,,B,4039,00,,44,0,0,000000000,00000000000,0,0,0,1,0,0,0,0,0,0,0,998,0,0,0,11,12,6,2,12,0,0,0,1,20,67665,6,1,0,0,3,1,72,200,1,0,0,0,0,9,2009,9,2009,0,51,0,0,0,2,2,65,1,2,2,1,0,0,1,13,7,1,2,64,1,0
20,200126,2,2,1,10,5,13,20,12,8,1,0,20,3,85,881,85881,66,2003,1XKDD49X63R3,1,X,K,D,D,4,9,X,6,3,R,3,1,T,KW,T80,TR,3,17,,8,2600,1600,CON,D,,,6,915,,,,,00000,00,,64,1,57,834225,57834225,3,6,8,1,0,0,0,0,0,0,0,65,0,0,0,11,14,6,2,12,0,0,0,1,20,67530,6,1,6,0,3,0,73,200,0,0,0,2,1,8,2008,3,2011,0,0,0,0,0,2,2,65,1,2,2,1,0,0,1,63,8,1,2,65,0,0
20,200127,1,3,1,10,5,17,19,12,6,1,0,20,1,35,50,35050,4,2009,3N1BC11EX9L4,3,N,1,B,C,1,1,E,X,9,L,4,0,P,NISS,VSL,4D,9,17,2671,,0,1024,,G,,F,4,110,,,15R185,,,,,,0,0,000000000,00000000000,0,0,0,1,0,0,0,0,0,0,0,998,0,0,0,12,82,2,3,12,0,0,0,1,20,67401,6,1,0,0,3,1,61,103,0,0,0,0,0,0,0,0,0,0,38,48,0,0,2,2,40,1,3,2,1,0,0,12,15,1,1,2,98,0,0