STATE,ST_CASE,VEH_NO,VE_FORMS,NUMOCCS,DAY,MONTH,HOUR,MINUTE,HARM_EV,MAN_COLL,UNITTYPE,HIT_RUN,REG_STAT,OWNER,MAKE,MODEL,MAK_MOD,BODY_TYP,MOD_YEAR,VIN,VIN_1,VIN_2,VIN_3,VIN_4,VIN_5,VIN_6,VIN_7,VIN_8,VIN_9,VIN_10,VIN_11,VIN_12,TOW_VEH,VINTYPE,VINMAKE,VINA_MOD,VIN_BT,VINMODYR,VIN_LNGT,VIN_WGT,WGTCD_TR,WHLBS_LG,WHLBS_SH,SER_TR,FUELCODE,MCYCL_DS,CARBUR,CYLINDER,DISPLACE,MCYCL_CY,MCYCL_WT,TIRE_SZE,TON_RAT,TRK_WT,TRKWTVAR,VIN_REST,WHLDRWHL,J_KNIFE,MCARR_I1,MCARR_I2,MCARR_ID,GVWR,V_CONFIG,CARGO_BT,HAZ_INV,HAZ_PLAC,HAZ_ID,HAZ_CNO,HAZ_REL,BUS_USE,SPEC_USE,EMER_USE,TRAV_SP,UNDERIDE,ROLLOVER,ROLINLOC,IMPACT1,IMPACT2,DEFORMED,TOWED,M_HARM,VEH_SC1,VEH_SC2,FIRE_EXP,DR_PRES,L_STATE,DR_ZIP,L_STATUS,L_TYPE,CDL_STAT,L_ENDORS,L_COMPL,L_RESTRI,DR_HGT,DR_WGT,PREV_ACC,PREV_SUS,PREV_DWI,PREV_SPD,PREV_OTH,FIRST_MO,FIRST_YR,LAST_MO,LAST_YR,SPEEDREL,DR_SF1,DR_SF2,DR_SF3,DR_SF4,VTRAFWAY,VNUM_LAN,VSPD_LIM,VALIGN,VPROFILE,VPAVETYP,VSURCOND,VTRAFCON,VTCONT_F,P_CRASH1,P_CRASH2,P_CRASH3,PCRASH4,PCRASH5,ACC_TYPE,DEATHS,DR_DRINK
20,200160,1,1,2,11,6,22,28,32,0,1,0,20,2,9,39,9039,1,1999,1P3EW65G7XV5,1,P,3,E,W,6,5,G,7,X,V,5,0,P,PLYM,PRO,CV,99,17,2835,,0,1133,,G,,F,6,215,,,17R225,,,,,,0,0,000000000,00000000000,0,0,0,1,0,0,0,0,0,0,0,998,0,1,5,6,6,6,2,1,0,0,0,1,20,66853,6,1,6,0,3,0,72,225,1,0,0,1,0,4,2009,9,2009,1,0,0,0,0,1,2,60,3,1,2,1,0,0,14,6,1,1,4,1,2,1
20,200161,1,1,1,11,6,4,40,24,0,1,0,20,1,37,32,37032,2,1998,1HGCG2257WA0,1,H,G,C,G,2,2,5,7,W,A,0,0,P,HOND,UEX,CP,98,17,2963,,0,1051,,G,,F,6,183,,,15R205,,,,,,0,0,000000000,00000000000,0,0,0,1,0,0,0,0,0,0,0,998,0,1,5,62,7,6,2,1,0,0,0,1,20,67752,6,1,0,0,3,0,76,300,1,0,0,0,0,1,2009,1,2009,1,36,58,0,0,2,2,70,2,1,2,1,0,0,16,6,7,3,4,2,1,1
20,200162,1,1,1,11,6,15,10,1,0,1,0,20,2,76,706,76706,80,1979,3H3008888,3,H,3,0,0,8,8,8,8,,,,0,M,YAMA,X11,RS,79,9,,,,,,,1101,,4,,4,556,,,,,,,0,0,000000000,00000000000,0,0,0,1,0,0,0,0,0,0,0,998,0,0,0,0,2,6,2,1,0,0,0,1,20,66901,6,1,6,1,3,0,73,230,0,0,0,0,0,0,0,0,0,0,99,99,99,99,2,2,70,2,2,2,1,0,0,16,12,1,1,4,6,1,1
20,200163,1,1,2,11,6,2,30,1,0,1,0,20,1,12,401,12401,14,1998,1FMZU34X4WUB,1,F,M,Z,U,3,4,X,4,W,U,B,0,P,FORD,EPR,UT,98,17,4146,,0,1115,,G,,F,6,245,,,15R225,,,,,,0,0,000000000,00000000000,0,0,0,1,0,0,0,0,0,0,0,998,0,1,5,0,12,6,2,42,0,0,0,1,20,66097,1,1,0,0,2,0,67,160,0,1,0,0,0,7,2008,7,2008,0,58,0,0,0,1,2,55,1,1,2,1,0,0,1,13,1,1,4,1,1,1
20,200164,1,3,2,12,6,22,21,12,6,1,0,4,4,12,870,12870,61,2007,1FDXE45S77DA,1,F,D,X,E,4,5,S,7,7,D,A,0,T,FORD,4DC,YY,7,17,,4,1760,1580,CTV,G,,,10,415,,,,,00000,00,K,42,0,88,888888888,88888888888,2,1,1,1,0,0,0,0,0,0,0,998,0,0,0,12,12,6,2,12,0,0,0,1,20,66044,6,1,0,0,3,0,79,220,1,0,0,2,1,9,2008,4,2011,0,0,0,0,0,3,2,70,1,1,2,1,0,0,1,50,1,1,1,98,0,0
20,200164,2,3,0,12,6,22,21,12,6,1,0,48,6,20,2,20002,4,2008,2G1WB58K2812,2,G,1,W,B,5,8,K,2,8,1,2,0,P,CHEV,IPL,4D,8,17,3555,,0,1105,,F,,F,6,214,,,16R225,,,,,,0,0,000000000,00000000000,0,0,0,1,0,0,0,0,0,0,0,0,0,0,0,2,2,6,2,8,0,0,0,0,0,99997,7,6,97,7,6,7,998,997,998,998,998,998,998,98,9998,98,9998,8,0,0,0,0,3,2,70,1,1,2,1,0,0,0,98,0,0,0,98,0,0
20,200164,3,3,2,12,6,22,21,12,6,1,0,40,2,7,482,7482,31,2010,1D7RB1CT1AS1,1,D,7,R,B,1,C,T,1,A,S,1,1,T,DODG,150,CW,10,17,,2,0,1400,RPC,G,,,8,348,,,,B,5064,00,7,42,1,0,000000000,00000000000,0,0,0,1,0,0,0,0,0,0,0,998,0,0,0,8,8,6,2,12,0,0,0,1,40,73025,6,1,0,0,3,1,63,117,0,0,0,0,0,0,0,0,0,0,0,0,0,0,3,2,70,9,9,2,1,0,0,1,51,1,1,2,98,0,0
20,200165,1,1,1,13,6,10,48,9,0,1,0,20,2,85,881,85881,66,1991,1XKADR9XXMS5,1,X,K,A,D,R,9,X,X,M,S,5,1,T,KW,T60,TR,91,17,,8,2600,1600,CON,D,,,6,774,,,,,00000,00,,64,1,57,190996,57190996,3,6,8,1,0,0,0,0,0,0,0,998,0,0,0,4,4,0,1,9,0,0,0,1,20,67108,6,1,6,0,3,1,68,220,0,0,0,0,0,0,0,0,0,0,0,0,0,0,1,2,20,1,1,3,1,0,0,10,80,1,1,2,98,0,0
20,200166,1,2,1,13,6,16,43,12,6,1,0,20,1,53,702,53702,83,2006,LM1PD17C3611,L,M,1,P,D,1,7,C,3,6,1,1,0,M,SUZI,,,6,17,,,,,,,,,,,,,,,,,,,0,0,000000000,00000000000,0,0,0,1,0,0,0,0,0,0,0,65,0,0,0,11,11,6,2,12,0,0,0,1,20,66018,6,1,0,0,3,2,70,145,0,0,0,0,0,0,0,0,0,1,39,74,0,0,1,2,35,1,1,2,1,21,3,1,54,9,1,1,86,1,0
20,200166,2,2,3,13,6,16,43,12,6,1,0,20,1,6,441,6441,20,2005,2C8GP54LX5R3,2,C,8,G,P,5,4,L,X,5,R,3,0,T,CHRY,TOU,ES,5,17,,1,0,1193,TWC,G,,,6,230,,,,,4256,00,,42,0,0,000000000,00000000000,0,0,0,1,0,0,0,0,0,0,0,998,0,0,0,2,2,2,3,12,0,0,0,1,20,66109,6,1,0,0,3,1,65,180,1,0,0,1,0,11,2009,9,2010,0,0,0,0,0,1,2,45,1,2,2,1,20,3,1,17,1,1,1,87,0,0
20,200167,1,1,3,14,6,6,37,1,0,1,0,20,2,20,401,20401,14,1997,1GNCS13WXVK2,1,G,N,C,S,1,3,W,X,V,K,2,0,P,CHEV,BZR,UT,97,17,3686,,0,1070,,G,,F,6,262,,,15R205,,,,,,0,0,000000000,00000000000,0,0,0,1,0,0,0,0,0,0,0,998,0,1,5,0,3,6,2,1,0,0,0,1,20,66106,1,1,0,0,2,0,70,187,0,1,0,0,0,8,2008,8,2008,0,58,0,0,0,3,4,60,3,2,1,1,0,0,14,13,6,1,4,1,1,0
20,200168,1,2,1,14,6,17,10,12,2,1,0,20,3,20,481,20481,31,2011,1GB1CVCL8BF1,1,G,B,1,C,V,C,L,8,B,F,1,0,T,CHEV,2CH,CW,11,17,,2,1677,1537,SIL,D,,,8,403,,,,C,6795,01,,42,0,0,000000000,00000000000,0,0,0,1,0,0,0,0,0,0,0,998,0,0,0,12,12,6,2,12,0,0,0,1,20,66762,6,1,0,0,3,1,72,225,0,0,0,0,0,0,0,0,0,0,51,0,0,0,2,2,65,1,3,2,1,0,0,1,10,1,1,2,50,0,0
20,200168,2,2,2,14,6,17,10,12,2,1,0,20,1,22,18,22018,4,1999,1G2NE52T2XM9,1,G,2,N,E,5,2,T,2,X,M,9,0,P,PONT,GAS,4D,99,17,3102,,0,1071,,G,,F,4,146,,,15R215,,,,,,0,0,000000000,00000000000,0,0,0,1,0,0,0,0,0,0,0,998,0,0,0,12,12,6,2,12,0,0,0,1,20,66780,6,1,0,0,3,1,62,110,0,0,0,0,0,0,0,0,0,0,0,0,0,0,2,2,65,8,8,2,1,0,0,1,62,1,1,1,51,1,0
20,200169,1,1,2,14,6,19,6,1,0,1,0,20,2,98,998,98998,93,1980,9843771,9,8,4,3,7,7,1,,,,,,0,U,,,,80,7,,,,,,,,,,,,,,,,,,,0,0,000000000,00000000000,0,0,0,1,0,0,0,0,0,0,0,998,0,1,9,0,0,0,3,1,0,0,0,1,20,66607,6,1,0,0,3,0,72,150,0,0,0,0,0,0,0,0,0,0,0,0,0,0,1,2,55,1,2,4,1,0,0,1,9,1,1,1,98,2,0
20,200170,1,2,4,14,6,19,56,12,6,1,0,20,3,23,481,23481,31,2007,1GDJK33D27F1,1,G,D,J,K,3,3,D,2,7,F,1,0,T,GMC,NK3,CW,7,17,,3,0,1670,SIE,D,,,8,403,,,,D,6552,00,E,44,0,57,965968,57965968,2,1,3,1,0,0,0,0,0,0,0,998,0,0,0,1,13,6,2,12,0,0,0,1,20,67601,6,1,6,0,3,0,73,215,0,0,0,0,0,0,0,0,0,1,0,0,0,0,2,2,65,1,2,2,1,0,0,6,51,6,1,2,73,3,0
20,200170,2,2,1,14,6,19,56,12,6,1,0,20,2,98,998,98998,92,1973,4430H007928R,4,4,3,0,H,0,0,7,9,2,8,R,0,U,,,,73,12,,,,,,,,,,,,,,,,,,,0,0,000000000,00000000000,0,0,0,1,0,0,0,0,0,0,0,998,0,0,0,11,11,6,2,12,0,0,0,1,20,67520,6,1,0,0,3,0,72,240,0,0,0,0,0,0,0,0,0,0,48,0,0,0,2,2,65,8,8,2,1,0,0,11,15,1,1,2,72,0,0
20,200171,1,2,1,15,6,14,2,12,6,1,0,29,1,12,481,12481,31,2006,1FTSX21586EA,1,F,T,S,X,2,1,5,8,6,E,A,1,T,FORD,F2S,4C,6,17,,2,1580,1420,SRW,G,,,8,329,,,,C,6207,01,U,44,1,0,000000000,00000000000,0,0,0,1,0,0,0,0,0,0,0,998,0,0,0,61,11,6,2,12,0,0,1,1,29,65706,6,1,0,0,3,1,68,145,1,0,0,0,0,11,2010,11,2010,0,58,0,0,0,2,2,65,1,2,1,1,0,0,1,13,6,1,2,66,1,0
20,200171,2,2,2,15,6,14,2,12,6,1,0,48,1,84,881,84881,66,2003,3HSCNAPR33N0,3,H,S,C,N,A,P,R,3,3,N,0,1,T,INTL,94I,TR,3,17,,8,0,0,940,D,,,6,915,,,,,00000,00,,64,3,57,213641,57213641,3,6,1,1,0,0,0,0,0,0,0,63,0,0,0,11,7,6,2,12,0,0,0,1,48,79928,6,1,6,1,3,0,999,999,1,0,0,0,1,11,2010,12,2010,0,0,0,0,0,2,2,65,1,2,2,1,0,0,1,60,7,1,2,66,0,0
20,200172,1,2,1,15,6,5,27,12,6,1,0,20,1,49,471,49471,30,1992,4TARN81A1NZ0,4,T,A,R,N,8,1,A,1,N,Z,0,0,T,TOYT,USS,PK,92,17,,1,0,1029,UHT,G,,,4,144,,,,B,00000,00,A,42,0,0,000000000,00000000000,0,0,0,1,0,0,0,0,0,0,0,998,0,0,0,3,3,6,2,12,0,0,0,1,20,67037,6,1,0,0,3,1,72,290,0,0,0,0,0,0,0,0,0,0,0,0,0,0,2,3,50,1,1,1,1,1,3,11,15,1,1,1,68,1,1
20,200172,2,2,2,15,6,5,27,12,6,1,0,20,1,19,14,19014,4,2001,1G6KS54Y81U2,1,G,6,K,S,5,4,Y,8,1,U,2,0,P,CADI,SLS,4D,1,17,3986,,0,1122,,G,,F,8,279,,,16R235,,,,,,0,0,000000000,00000000000,0,0,0,1,0,0,0,0,0,0,0,998,0,0,0,12,12,6,2,12,0,0,0,1,20,67037,1,1,0,0,2,0,66,164,3,1,0,5,6,6,2009,3,2011,0,0,0,0,0,2,3,50,1,1,1,1,1,3,1,67,3,1,1,69,0,0
20,200173,1,1,1,17,6,2,35,1,0,1,0,20,1,12,401,12401,14,1998,1FMYU24E4WUC,1,F,M,Y,U,2,4,E,4,W,U,C,0,P,FORD,EPR,UT,98,17,3919,,0,1017,,G,,F,6,245,,,15R225,,,,,,0,0,000000000,00000000000,0,0,0,1,0,0,0,0,0,0,0,998,0,1,5,0,99,6,2,1,0,0,0,1,20,67356,1,1,0,0,2,0,72,155,1,2,0,0,1,9,2009,12,2009,0,0,0,0,0,1,2,55,1,1,4,1,0,0,1,13,1,1,4,1,1,1
20,200174,1,1,1,19,6,20,0,31,0,1,0,20,1,12,471,12471,30,2000,1FTZR15X9YPB,1,F,T,Z,R,1,5,X,9,Y,P,B,0,T,FORD,RNS,PC,0,17,,1,0,1259,RNG,G,,,6,245,,,,B,3599,01,U,44,0,0,000000000,00000000000,0,0,0,1,0,0,0,0,0,0,0,998,0,1,1,62,13,6,2,1,0,0,0,1,20,67601,6,1,0,0,3,1,68,190,0,0,0,0,0,0,0,0,0,0,0,0,0,0,1,2,55,1,2,4,1,0,0,1,12,1,1,4,6,1,1
20,200175,1,1,3,21,6,21,55,1,0,1,0,20,3,7,482,7482,31,2007,1D7HU18207S1,1,D,7,H,U,1,8,2,0,7,S,1,0,T,DODG,SQ1,CW,7,17,,2,1605,1405,RPC,G,,,8,348,,,,B,5197,02,E,44,0,0,000000000,00000000000,0,0,0,1,0,0,0,0,0,0,0,998,0,1,1,0,6,6,2,1,0,0,0,1,20,67059,6,1,0,0,3,0,65,100,0,0,0,0,0,0,0,0,0,0,0,0,0,0,1,2,98,1,1,4,1,0,0,1,9,1,1,1,98,1,0
20,200176,1,2,1,22,6,7,1,12,2,1,0,20,1,20,16,20016,4,1997,1G1JC5240V73,1,G,1,J,C,5,2,4,0,V,7,3,0,P,CHEV,CAV,4D,97,17,2630,,0,1041,,G,,F,4,133,,,14R195,,,,,,0,0,000000000,00000000000,0,0,0,1,0,0,0,0,0,0,0,998,0,0,0,12,10,6,2,12,0,0,0,1,20,67622,6,1,0,0,3,0,67,170,1,0,0,0,0,11,2008,11,2008,0,51,0,0,0,1,2,65,2,1,2,1,0,0,14,10,1,1,2,50,1,0
20,200176,2,2,3,22,6,7,1,12,2,1,0,20,1,7,442,7442,20,1998,1B4GP44G6WB5,1,B,4,G,P,4,4,G,6,W,B,5,0,T,DODG,GSS,ES,98,17,,1,0,1193,CAR,F,,,6,201,,,,,3675,00,E,42,0,0,000000000,00000000000,0,0,0,1,0,0,0,0,0,0,0,998,0,0,0,12,10,6,2,12,0,0,0,1,20,66967,6,1,0,0,3,1,67,130,0,0,0,0,0,0,0,0,0,0,0,0,0,0,1,2,65,3,1,2,1,0,0,14,62,9,1,2,51,0,0
20,200177,1,1,1,24,6,16,20,1,0,1,0,20,1,98,739,98739,90,2010,4XAZN55A9AA7,4,X,A,Z,N,5,5,A,9,A,A,7,0,M,POLS,SX5,AT,10,17,,,,,,,549,,1,,4,726,,,,,,,0,0,000000000,00000000000,0,0,0,1,0,0,0,0,0,0,0,998,0,1,1,0,99,4,9,1,0,0,0,1,20,67432,1,1,0,0,2,0,69,160,0,0,1,1,0,10,2008,9,2010,1,82,0,0,0,1,2,55,1,1,4,1,0,0,1,6,1,1,1,98,1,1
20,200178,1,1,1,25,6,20,58,34,0,1,0,40,2,23,471,23471,30,1996,1GKDT13WXT25,1,G,K,D,T,1,3,W,X,T,2,5,0,T,GMC,JMY,4W,96,17,,1,0,1070,JMY,G,,,6,262,,,,B,4007,00,M,44,0,0,000000000,00000000000,0,0,0,1,0,0,0,0,0,0,0,998,0,1,5,3,3,6,2,1,0,0,0,1,20,67846,6,1,0,0,3,0,66,160,0,0,0,0,0,0,0,0,0,0,58,51,82,0,1,2,55,1,1,5,1,0,0,1,12,6,4,4,7,1,1
20,200179,1,1,4,26,6,8,30,34,0,1,0,20,3,12,481,12481,40,2008,1FDSW35Y68EE,1,F,D,S,W,3,5,Y,6,8,E,E,0,T,FORD,F3S,CH,8,17,,2,0,1760,SRW,G,,,10,415,,,,D,6444,00,E,44,0,57,118314,57118314,2,1,96,1,0,0,0,0,0,0,0,998,0,1,5,1,2,6,2,1,0,0,0,1,12,67530,6,1,0,0,3,1,75,999,0,0,0,0,0,0,0,0,0,0,58,0,0,0,1,2,65,1,1,2,1,0,0,1,12,7,1,4,6,1,0
20,200180,1,2,1,29,6,19,21,12,6,1,0,20,2,37,706,37706,80,2006,1HFSC466X6A4,1,H,F,S,C,4,6,6,X,6,A,4,0,M,HOND,VC3,RS,6,17,,,,,,,1795,,2,,4,734,,,,,,,0,0,000000000,00000000000,0,0,0,1,0,0,0,0,0,0,0,30,0,0,0,12,12,6,2,12,0,0,0,1,20,66204,1,1,0,0,2,0,69,216,0,0,0,0,0,0,0,0,0,0,38,0,0,0,1,2,30,4,2,2,1,20,3,14,17,1,1,1,88,1,0
20,200180,2,2,1,29,6,19,21,12,6,1,0,20,1,12,481,12481,31,1999,1FTZF172XXKA,1,F,T,Z,F,1,7,2,X,X,K,A,0,T,FORD,F15,PK,99,17,,1,1385,1199,COF,G,,,6,256,,,,B,00000,00,U,42,0,0,000000000,00000000000,0,0,0,1,0,0,0,0,0,0,0,14,0,0,0,11,11,6,2,12,0,0,0,1,20,66106,6,1,6,1,3,0,70,145,0,0,0,0,0,0,0,0,0,1,36,0,0,0,1,2,30,1,1,2,1,20,3,1,67,1,1,2,89,0,0
20,200181,1,3,1,2,6,15,37,12,1,1,0,20,3,82,883,82883,66,1983,1FUEYDYB7DP2,1,F,U,E,Y,D,Y,B,7,D,P,2,1,T,FRHT,FLT,TR,83,17,,8,2630,1140,COE,D,,,6,855,,,,,00000,00,,64,2,57,82387,5782387,3,6,3,1,0,0,0,0,0,0,0,998,0,0,0,12,11,6,2,12,0,0,0,1,20,66834,6,1,6,1,3,0,66,220,0,0,0,2,0,12,2008,9,2009,0,26,0,0,0,1,2,65,1,3,2,1,0,0,1,52,3,1,2,28,0,0
20,200181,2,3,1,2,6,15,37,12,1,1,0,20,1,20,481,20481,31,2004,1GCHK24U24E4,1,G,C,H,K,2,4,U,2,4,E,4,0,T,CHEV,2KH,PK,4,17,,2,0,1330,SIL,G,,,8,364,,,,C,5440,00,,44,0,0,000000000,00000000000,0,0,0,1,0,0,0,0,0,0,0,998,0,0,0,6,6,6,2,12,0,0,0,1,20,66849,6,1,0,0,3,1,69,205,0,0,0,0,0,0,0,0,0,0,0,0,0,0,1,2,65,1,3,2,1,0,0,2,18,1,1,1,29,1,0
20,200181,3,3,2,2,6,15,37,12,1,1,0,20,1,12,442,12442,20,2003,2FMZA52473BB,2,F,M,Z,A,5,2,4,7,3,B,B,0,T,FORD,WSE,ES,3,17,,1,0,1207,WIN,G,,,6,232,,,,B,3762,00,E,42,0,0,000000000,00000000000,0,0,0,1,0,0,0,0,0,0,0,998,0,0,0,11,11,6,2,12,0,0,0,1,20,66846,6,1,0,0,3,1,70,174,0,0,0,0,0,0,0,0,0,0,0,0,0,0,1,2,65,1,3,2,1,0,0,1,62,1,1,1,98,0,0
20,200182,1,2,1,11,6,23,25,12,2,1,0,20,1,73,709,73709,80,2008,JKAZXCE108A0,J,K,A,Z,X,C,E,1,0,8,A,0,0,M,KAWK,Z0E,RC,8,17,,,,,,,998,,4,,4,394,,,,,,,0,0,000000000,00000000000,0,0,0,1,0,0,0,0,0,0,0,998,0,0,0,12,12,6,2,12,0,0,0,1,20,67213,6,1,0,0,3,0,71,180,0,0,0,0,1,7,2009,7,2009,1,0,0,0,0,1,2,30,1,1,2,1,0,0,1,17,1,1,1,84,1,0
20,200182,2,2,1,11,6,23,25,12,2,1,0,20,1,12,422,12422,15,1997,1FMEU18W4VLB,1,F,M,E,U,1,8,W,4,V,L,B,0,P,FORD,EPT,UT,97,17,4827,,0,1190,,G,,F,8,281,,,16R255,,,,,,0,0,000000000,00000000000,0,0,0,1,0,0,0,0,0,0,0,998,0,0,0,12,12,6,2,12,0,0,0,1,20,67235,6,1,0,0,3,1,61,116,0,0,0,0,0,0,0,0,0,0,38,0,0,0,1,2,30,1,1,2,1,0,0,11,15,1,1,1,84,0,1
20,200183,1,4,5,20,4,17,50,12,1,1,0,20,1,14,3,14003,1,1991,6MPCT01Z5M86,6,M,P,C,T,0,1,Z,5,M,8,6,0,P,MERC,CAP,CV,91,17,2385,,0,947,,G,,F,4,098,,,14R185,,,,,,0,0,000000000,00000000000,0,0,0,1,0,0,0,0,0,0,0,0,0,0,0,6,6,4,9,12,0,0,0,1,20,67216,6,1,0,0,3,1,60,110,0,0,0,0,0,0,0,0,0,0,0,0,0,0,2,2,35,1,1,1,1,3,3,5,18,1,1,1,21,0,0
20,200183,2,4,2,20,4,17,50,12,1,1,0,20,1,35,471,35471,30,1989,1N6ND11S6KC3,1,N,6,N,D,1,1,S,6,K,C,3,0,T,NISS,U2S,PK,89,17,,1,0,1043,D21,G,,,4,146,,,,C,2715,01,A,42,0,0,000000000,00000000000,0,0,0,1,0,0,0,0,0,0,0,998,0,0,0,12,12,6,2,12,0,0,0,1,20,67217,6,1,0,0,3,0,72,155,1,0,0,0,1,12,2008,10,2009,0,92,0,0,0,2,2,35,1,1,1,1,3,3,1,50,1,1,1,20,1,1
20,200183,3,4,1,20,4,17,50,12,1,1,0,40,2,12,401,12401,14,2008,1FMEU31E08UA,1,F,M,E,U,3,1,E,0,8,U,A,0,P,FORD,EPR,UT,8,17,4516,,0,1305,,G,,F,6,244,,,16R235,,,,,,0,0,000000000,00000000000,0,0,0,1,0,0,0,0,0,0,0,0,0,0,0,6,6,2,9,12,0,0,0,1,99,67210,9,9,99,9,9,9,999,999,99,99,99,99,99,99,9999,99,9999,0,0,0,0,0,2,2,35,1,1,1,1,3,3,5,18,1,1,1,98,0,0
20,200183,4,4,3,20,4,17,50,12,1,1,0,20,2,12,3,12003,2,2000,1FAFP4043YF2,1,F,A,F,P,4,0,4,3,Y,F,2,0,P,FORD,MUS,CP,0,17,3066,,0,1013,,G,,F,6,232,,,15R205,,,,,,0,0,000000000,00000000000,0,0,0,1,0,0,0,0,0,0,0,0,0,0,0,6,6,0,9,12,0,0,0,1,20,67219,6,1,0,0,3,1,63,155,0,0,0,0,0,0,0,0,0,0,0,0,0,0,2,2,35,1,1,1,1,3,3,5,18,1,1,1,98,0,0
20,200184,1,2,1,25,6,16,32,12,6,1,0,20,1,73,706,73706,80,2003,JKAZRCA123A0,J,K,A,Z,R,C,A,1,2,3,A,0,0,M,KAWK,ZR0,RC,3,17,,,,,,,953,,4,,4,437,,,,,,,0,0,000000000,00000000000,0,0,0,1,0,0,0,0,0,0,0,998,0,0,0,12,12,6,2,12,0,0,0,1,20,66605,2,1,0,0,2,0,71,220,0,2,0,0,0,8,2008,8,2008,1,36,0,0,0,1,2,40,1,2,1,1,0,0,1,17,1,1,1,83,1,0
20,200184,2,2,1,25,6,16,32,12,6,1,0,20,1,18,2,18002,4,1994,1G4HP52L1RH5,1,G,4,H,P,5,2,L,1,R,H,5,0,P,BUIC,LCF,4D,94,17,3449,,0,1108,,G,,F,6,231,,,15R205,,,,,,0,0,000000000,00000000000,0,0,0,1,0,0,0,0,0,0,0,998,0,0,0,10,10,6,2,12,0,0,0,1,20,66606,6,1,0,0,3,1,71,165,0,0,0,0,0,0,0,0,0,0,38,0,0,0,1,2,30,1,1,1,1,20,3,11,15,1,1,1,82,0,0
20,200185,1,1,1,1,7,6,59,31,0,1,0,20,3,12,441,12441,20,1997,1FTDA41X3VZB,1,F,T,D,A,4,1,X,3,V,Z,B,0,T,FORD,ARO,EC,97,17,,1,0,1190,ARO,G,,,6,245,,,,B,00000,00,M,44,0,0,000000000,00000000000,0,0,0,1,0,0,0,0,0,0,0,998,0,1,2,3,9,6,2,1,0,0,0,1,20,67846,6,1,0,0,3,1,60,160,1,0,0,0,0,10,2010,10,2010,0,58,0,0,0,1,2,65,3,2,2,1,0,0,14,13,6,1,4,1,1,0
20,200186,1,1,2,3,7,12,43,34,0,1,0,20,1,12,481,12481,31,1990,1FDKF38M7LKA,1,F,D,K,F,3,8,M,7,L,K,A,0,T,FORD,F35,CB,90,17,,3,1610,1330,COF,D,,,8,444,,,,D,4382,05,A,44,0,0,000000000,00000000000,0,0,0,1,0,0,0,0,0,0,0,998,0,1,5,8,8,6,2,1,0,0,0,1,20,67127,6,1,0,0,3,0,68,165,0,0,0,0,0,0,0,0,0,0,58,0,0,0,1,2,55,1,1,2,1,0,0,1,13,1,1,4,1,1,0
20,200187,1,1,1,4,7,21,44,33,0,1,0,20,1,53,706,53706,80,2003,JS1VT54A1321,J,S,1,V,T,5,4,A,1,3,2,1,0,M,SUZI,SK3,RC,3,17,,,,,,,996,,2,,4,417,,,,,,,0,0,000000000,00000000000,0,0,0,1,0,0,0,0,0,0,0,998,0,0,0,14,14,6,2,42,0,0,0,1,20,67203,3,1,0,0,2,9,69,150,0,2,0,1,2,8,2009,5,2011,0,36,0,0,0,1,2,40,1,1,2,1,0,0,1,13,1,1,4,1,1,0
20,200188,1,2,1,6,7,11,11,12,2,1,0,20,1,54,421,54421,15,2003,2HNYD18953H5,2,H,N,Y,D,1,8,9,5,3,H,5,0,P,ACUR,MDX,UT,3,17,4504,,0,1063,,G,,F,6,212,,,17R235,,,,,,0,0,000000000,00000000000,0,0,0,1,0,0,0,0,0,0,0,998,0,0,0,12,11,6,2,12,0,0,0,1,20,66547,6,1,0,0,3,0,71,175,0,0,0,0,0,0,0,0,0,0,51,0,0,0,1,2,65,1,1,2,1,0,0,1,10,1,1,2,50,1,0
20,200188,2,2,1,6,7,11,11,12,2,1,0,20,3,85,881,85881,66,2009,1XKADB8X59J2,1,X,K,A,D,B,8,X,5,9,J,2,1,T,KW,T60,TR,9,17,,8,2600,1600,CON,D,,,6,893,,,,,00000,00,,64,3,57,258332306,57258332306,3,6,2,2,2,1005,2,1,0,0,0,998,0,0,0,12,11,6,2,12,0,0,0,1,29,63050,6,1,6,1,3,0,69,220,0,0,0,0,0,0,0,0,0,0,0,0,0,0,1,2,65,8,8,2,1,0,0,1,62,4,1,1,51,0,0
20,200189,1,2,1,5,7,15,59,12,6,1,0,20,1,12,35,12035,4,1999,1FAFP6632XK2,1,F,A,F,P,6,6,3,2,X,K,2,0,P,FORD,CSE,4D,99,17,2774,,0,1065,,G,,F,4,121,,,14R185,,,,,,0,0,000000000,00000000000,0,0,0,1,0,0,0,0,0,0,0,998,0,0,0,8,8,6,2,12,0,0,0,1,20,67401,6,1,0,0,3,1,71,305,1,0,0,1,1,10,2008,1,2011,0,38,0,0,0,1,2,30,1,1,2,1,20,3,11,15,1,1,1,82,0,0
20,200189,2,2,1,5,7,15,59,12,6,1,0,20,1,53,705,53705,80,2006,JS1GN7DA3621,J,S,1,G,N,7,D,A,3,6,2,1,0,M,SUZI,K6R,RC,6,17,,,,,,,599,,4,,4,354,,,,,,,0,0,000000000,00000000000,0,0,0,1,0,0,0,0,0,0,0,89,0,0,0,12,12,6,2,12,0,0,0,1,20,67401,6,1,0,0,3,0,77,180,1,1,0,1,1,10,2008,6,2010,1,0,0,0,0,1,2,40,1,1,2,1,0,0,1,6,3,1,1,83,1,0