STATE,ST_CASE,VEH_NO,VE_FORMS,NUMOCCS,DAY,MONTH,HOUR,MINUTE,HARM_EV,MAN_COLL,UNITTYPE,HIT_RUN,REG_STAT,OWNER,MAKE,MODEL,MAK_MOD,BODY_TYP,MOD_YEAR,VIN,VIN_1,VIN_2,VIN_3,VIN_4,VIN_5,VIN_6,VIN_7,VIN_8,VIN_9,VIN_10,VIN_11,VIN_12,TOW_VEH,VINTYPE,VINMAKE,VINA_MOD,VIN_BT,VINMODYR,VIN_LNGT,VIN_WGT,WGTCD_TR,WHLBS_LG,WHLBS_SH,SER_TR,FUELCODE,MCYCL_DS,CARBUR,CYLINDER,DISPLACE,MCYCL_CY,MCYCL_WT,TIRE_SZE,TON_RAT,TRK_WT,TRKWTVAR,VIN_REST,WHLDRWHL,J_KNIFE,MCARR_I1,MCARR_I2,MCARR_ID,GVWR,V_CONFIG,CARGO_BT,HAZ_INV,HAZ_PLAC,HAZ_ID,HAZ_CNO,HAZ_REL,BUS_USE,SPEC_USE,EMER_USE,TRAV_SP,UNDERIDE,ROLLOVER,ROLINLOC,IMPACT1,IMPACT2,DEFORMED,TOWED,M_HARM,VEH_SC1,VEH_SC2,FIRE_EXP,DR_PRES,L_STATE,DR_ZIP,L_STATUS,L_TYPE,CDL_STAT,L_ENDORS,L_COMPL,L_RESTRI,DR_HGT,DR_WGT,PREV_ACC,PREV_SUS,PREV_DWI,PREV_SPD,PREV_OTH,FIRST_MO,FIRST_YR,LAST_MO,LAST_YR,SPEEDREL,DR_SF1,DR_SF2,DR_SF3,DR_SF4,VTRAFWAY,VNUM_LAN,VSPD_LIM,VALIGN,VPROFILE,VPAVETYP,VSURCOND,VTRAFCON,VTCONT_F,P_CRASH1,P_CRASH2,P_CRASH3,PCRASH4,PCRASH5,ACC_TYPE,DEATHS,DR_DRINK
20,200218,2,2,2,4,8,13,0,12,7,1,0,20,1,12,401,12401,14,2003,1FMZU72K53ZA,1,F,M,Z,U,7,2,K,5,3,Z,A,0,P,FORD,EPR,UT,3,17,4094,,0,1137,,F,,F,6,245,,,16R235,,,,,,0,0,000000000,00000000000,0,0,0,1,0,0,0,0,0,0,0,85,0,0,0,3,3,6,2,12,0,0,0,1,20,66609,6,1,0,0,3,1,73,218,0,0,0,0,0,0,0,0,0,0,0,0,0,0,2,4,75,1,1,1,1,0,0,1,60,1,1,1,45,1,0
20,200219,1,1,1,5,8,1,42,34,0,1,0,20,1,41,50,41050,5,2004,1YVFP84D545N,1,Y,V,F,P,8,4,D,5,4,5,N,0,P,MAZD,M6S,4H,4,17,3336,,0,1053,,G,,F,6,181,,,17R215,,,,,,0,0,000000000,00000000000,0,0,0,1,0,0,0,0,0,0,0,998,0,1,5,1,13,6,9,1,0,0,0,1,20,66532,6,1,0,0,3,0,67,149,0,0,0,1,0,5,2011,5,2011,1,0,0,0,0,1,2,55,1,2,5,1,0,0,1,6,6,4,4,2,1,0
20,200220,1,1,1,5,8,23,1,32,0,1,0,20,1,22,20,22020,2,2000,1G2WP12K1YF2,1,G,2,W,P,1,2,K,1,Y,F,2,0,P,PONT,GPG,CP,0,17,3386,,0,1105,,G,,F,6,231,,,16R225,,,,,,0,0,000000000,00000000000,0,0,0,1,0,0,0,0,0,0,0,55,0,1,5,11,11,6,2,1,0,0,1,1,20,66502,6,7,0,0,2,2,65,126,0,0,0,0,0,0,0,0,0,1,58,74,0,0,1,2,40,1,1,2,1,0,0,1,6,1,4,4,2,1,0
20,200221,1,1,7,6,8,19,14,5,0,1,0,20,1,7,482,7482,31,2005,1D7HA18D05S3,1,D,7,H,A,1,8,D,0,5,S,3,1,T,DODG,SQ1,CW,5,17,,2,1605,1405,RPC,G,,,8,348,,,,B,4620,03,E,42,1,88,888888888,88888888888,2,4,97,1,0,0,0,0,0,0,0,998,0,0,0,0,0,0,1,5,0,0,0,1,20,66549,6,1,0,0,3,0,72,165,1,0,0,0,0,6,2009,6,2009,0,0,0,0,0,1,2,20,1,1,4,1,0,0,1,98,1,1,1,0,1,0
20,200222,1,2,1,6,8,4,10,12,2,1,0,20,1,20,481,20481,31,2000,1GCEC14W0YZ2,1,G,C,E,C,1,4,W,0,Y,Z,2,0,T,CHEV,SC1,PK,0,17,,2,1330,1190,SIL,G,,,6,262,,,,B,3923,02,,42,0,0,000000000,00000000000,0,0,0,1,0,0,0,0,0,0,0,998,0,0,0,12,12,6,2,12,0,0,1,1,20,67530,1,1,0,0,2,0,70,155,1,1,0,1,0,8,2009,4,2010,0,37,0,0,0,1,2,65,1,1,2,1,0,0,99,98,1,1,2,50,1,1
20,200222,2,2,1,6,8,4,10,12,2,1,0,20,3,84,881,84881,66,2007,2HSCESBRX7C3,2,H,S,C,E,S,B,R,X,7,C,3,1,T,INTL,92I,TR,7,17,,8,0,0,920,D,,,6,763,,,,,00000,00,,64,1,57,1700388,571700388,3,6,8,1,0,0,0,0,0,0,0,998,0,0,0,12,12,6,2,12,0,0,0,1,20,67554,6,1,6,1,3,0,72,200,0,0,0,0,0,0,0,0,0,0,0,0,0,0,1,2,65,1,1,2,1,0,0,1,62,1,1,1,51,0,0
20,200223,1,2,1,6,8,1,43,12,2,1,0,20,1,41,37,41037,4,2001,1YVGF22C9152,1,Y,V,G,F,2,2,C,9,1,5,2,0,P,MAZD,U6X,4D,1,17,2864,,0,1051,,G,,F,4,122,,,15R205,,,,,,0,0,000000000,00000000000,0,0,0,1,0,0,0,0,0,0,0,998,0,0,0,12,12,6,2,12,0,0,1,1,99,66102,9,9,99,9,9,9,999,999,99,99,99,99,99,99,9999,99,9999,0,0,0,0,0,2,2,70,2,1,2,1,0,0,14,54,1,1,1,52,1,1
20,200223,2,2,1,6,8,1,43,12,2,1,0,20,1,12,481,12481,31,2002,1FTRW08L02KD,1,F,T,R,W,0,8,L,0,2,K,D,0,T,FORD,F1S,CW,2,17,,2,0,1388,COF,G,,,8,330,,,,B,5005,02,E,44,0,0,000000000,00000000000,0,0,0,1,0,0,0,0,0,0,0,998,0,0,0,12,12,6,2,12,0,0,0,1,20,66061,1,1,0,0,2,0,68,180,0,0,0,0,1,12,2008,12,2008,0,0,0,0,0,2,2,70,3,1,2,1,0,0,14,54,1,1,1,52,0,1
20,200224,1,1,1,9,8,15,30,34,0,1,0,20,1,14,17,14017,4,1999,1MEFM50UXXG6,1,M,E,F,M,5,0,U,X,X,G,6,0,P,MERC,SGS,4D,99,17,3299,,0,1085,,G,,F,6,182,,,15R205,,,,,,0,0,000000000,00000000000,0,0,0,1,0,0,0,0,0,0,0,998,0,1,5,10,13,6,2,1,0,0,0,1,20,67547,3,1,0,0,2,1,71,175,0,0,0,0,0,0,0,0,0,1,92,0,0,0,1,2,55,2,9,2,1,0,0,14,6,1,1,4,6,1,1
20,200225,1,1,1,11,8,16,22,34,0,1,0,20,1,37,706,37706,80,2007,JH2RC50007M3,J,H,2,R,C,5,0,0,0,7,M,3,0,M,HOND,VT7,RS,7,17,,,,,,,745,,2,,4,519,,,,,,,0,0,000000000,00000000000,0,0,0,1,0,0,0,0,0,0,0,998,0,0,0,2,2,6,9,1,0,0,0,1,20,66604,6,1,0,0,3,1,66,130,0,0,0,0,0,0,0,0,0,1,0,0,0,0,1,2,55,3,1,2,1,0,0,14,6,1,1,4,1,1,0
20,200227,1,2,1,13,8,8,28,12,6,1,0,20,1,7,482,7482,31,1999,3B6KF2668XM5,3,B,6,K,F,2,6,6,8,X,M,5,0,T,DODG,250,CB,99,17,,2,0,1347,RPC,D,,,6,359,,,,C,4664,00,U,44,0,0,000000000,00000000000,0,0,0,1,0,0,0,0,0,0,0,998,0,0,0,1,1,6,2,12,0,0,0,1,20,67751,6,1,0,0,3,0,73,225,0,0,0,0,0,0,0,0,0,1,38,0,0,0,1,2,55,1,1,5,1,0,0,1,54,4,1,1,88,0,0
20,200227,2,2,1,13,8,8,28,12,6,1,0,20,1,20,20,20020,4,1999,2G1WL52M7X91,2,G,1,W,L,5,2,M,7,X,9,1,0,P,CHEV,L/S,4D,99,17,3330,,0,1075,,G,,F,6,191,,,15R205,,,,,,0,0,000000000,00000000000,0,0,0,1,0,0,0,0,0,0,0,50,0,0,0,10,10,6,2,12,0,0,0,1,20,67752,6,1,0,0,3,1,65,154,0,0,0,0,0,0,0,0,0,0,0,0,0,0,1,2,55,1,2,5,1,0,0,1,17,1,1,1,89,1,0
20,200228,1,1,1,14,8,23,13,32,0,1,0,20,2,6,51,6051,4,2005,2C3JAU3RX5H1,2,C,3,J,A,U,3,R,X,5,H,1,0,P,CHRY,,4D,5,17,,,,,,G,,F,6,165,,,,,,,,,0,0,000000000,00000000000,0,0,0,1,0,0,0,0,0,0,0,57,0,1,5,12,12,6,2,32,0,0,1,1,20,67208,6,1,0,0,3,1,70,175,0,1,0,0,2,9,2009,6,2011,0,0,0,0,0,1,2,55,1,1,2,1,0,0,1,12,1,1,4,6,1,1
20,200229,1,1,1,15,8,15,29,31,0,1,0,20,2,9,442,9442,20,1998,2P4GP4431WR6,2,P,4,G,P,4,4,3,1,W,R,6,0,T,PLYM,GVS,ES,98,17,,1,0,1193,VOF,G,,,6,181,,,,,3675,00,E,42,0,0,000000000,00000000000,0,0,0,1,0,0,0,0,0,0,0,998,0,1,5,3,13,6,2,1,0,0,0,1,20,67204,6,1,0,0,3,0,69,160,0,0,0,1,0,2,2009,2,2009,0,39,0,0,0,1,2,55,3,1,2,1,0,0,14,13,1,3,4,2,1,1
20,200230,1,1,1,15,8,18,35,1,0,1,0,8,1,87,881,87881,66,2000,1XPFDB9X2YD5,1,X,P,F,D,B,9,X,2,Y,D,5,1,T,PTRB,378,TR,0,17,,8,0,0,CON,D,,,6,893,,,,,00000,00,,64,1,57,905584,57905584,3,6,97,1,0,0,0,0,0,0,0,998,0,1,2,0,13,6,2,1,0,0,0,1,8,80006,6,1,6,1,3,1,61,195,0,0,0,0,1,3,2011,3,2011,0,0,0,0,0,1,2,65,1,1,2,1,0,0,1,13,1,4,4,2,1,1
20,200231,1,1,4,17,8,8,15,58,0,1,0,29,1,12,401,12401,14,1998,1FMYU24X4WUA,1,F,M,Y,U,2,4,X,4,W,U,A,0,P,FORD,EPR,UT,98,17,3919,,0,1017,,G,,F,6,245,,,15R225,,,,,,0,0,000000000,00000000000,0,0,0,1,0,0,0,0,0,0,0,998,0,1,3,2,13,6,2,1,0,0,0,1,29,64730,6,1,0,0,3,0,63,122,0,0,0,0,0,0,0,0,0,0,58,80,0,0,2,2,75,1,2,1,1,0,0,1,1,6,4,4,7,1,0
20,200232,1,2,2,19,8,20,37,12,1,1,0,20,2,37,734,37734,90,2004,478TE30014A0,4,7,8,T,E,3,0,0,1,4,A,0,0,M,HOND,T50,AT,4,17,,,,,,,450,,1,,4,350,,,,,,,0,0,000000000,00000000000,0,0,0,1,0,0,0,0,0,0,0,0,0,0,0,6,6,6,2,12,0,0,0,1,20,66701,6,1,0,0,3,0,75,190,0,0,0,0,1,8,2009,8,2009,0,0,0,0,0,1,2,55,1,2,1,1,0,0,5,53,1,1,1,21,1,1
20,200232,2,2,1,19,8,20,37,12,1,1,0,20,2,76,734,76734,90,9999,999999999999,9,9,9,9,9,9,9,9,9,9,9,9,0,,,,,,,,,,,,,,,,,,,,,,,,,0,0,000000000,00000000000,0,0,0,1,0,0,0,0,0,0,0,998,0,0,0,12,12,6,2,12,0,0,0,1,20,66701,6,1,0,0,3,0,70,140,0,0,0,0,0,0,0,0,0,1,36,0,0,0,1,2,55,1,2,1,1,0,0,1,50,1,1,1,20,1,1
20,200233,1,2,2,20,8,16,55,12,2,1,0,20,1,12,3,12003,1,1996,1FALP45X0TF1,1,F,A,L,P,4,5,X,0,T,F,1,0,P,FORD,MGT,CV,96,17,3468,,0,1013,,G,,F,8,281,,,16R225,,,,,,0,0,000000000,00000000000,0,0,0,1,0,0,0,0,0,0,0,998,0,0,0,12,12,6,2,12,0,0,1,1,20,66762,6,1,0,0,3,1,75,215,0,1,0,1,1,11,2009,11,2009,0,39,51,0,0,1,2,65,1,1,2,1,0,0,1,10,1,1,2,50,2,0
20,200233,2,2,1,20,8,16,55,12,2,1,0,20,3,87,881,87881,66,2007,1XP5DB9X77N6,1,X,P,5,D,B,9,X,7,7,N,6,1,T,PTRB,379,TR,7,17,,8,0,0,CON,D,,,6,893,,,,,00000,00,,64,1,57,239863,57239863,3,6,3,1,0,0,0,0,0,0,0,60,0,1,1,12,12,6,2,12,0,0,0,1,20,67013,6,1,6,1,3,1,72,230,1,0,0,0,0,2,2009,2,2009,0,0,0,0,0,1,2,65,1,1,2,1,0,0,1,62,6,1,2,51,0,0
20,200234,1,2,1,21,8,20,22,12,6,1,0,20,1,20,421,20421,15,2011,1GNSKAE08BR2,1,G,N,S,K,A,E,0,8,B,R,2,0,P,CHEV,KTA,UT,11,17,5894,,0,1160,,F,,F,8,323,,,18R265,,,,,,0,0,000000000,00000000000,0,0,0,1,0,0,0,0,0,0,0,998,0,0,0,9,9,6,2,12,0,0,0,1,20,67701,6,1,0,0,3,1,66,144,0,0,0,0,0,0,0,0,0,0,38,0,0,0,1,2,65,1,1,2,1,20,3,11,15,1,1,1,82,1,0
20,200234,2,2,1,21,8,20,22,12,6,1,0,53,3,51,881,51881,66,2006,4V4NC9TG26N4,4,V,4,N,C,9,T,G,2,6,N,4,1,T,VOLV,VNL,TR,6,17,,8,0,0,VVN,D,,,6,915,,,,,00000,00,,64,1,57,1645918,571645918,3,6,1,1,0,0,0,0,0,0,0,58,0,0,0,12,12,6,2,12,0,0,0,1,53,98682,6,1,6,1,3,0,73,210,1,0,0,0,0,10,2009,10,2009,0,0,0,0,0,1,2,65,3,2,2,1,0,0,14,67,8,1,2,83,0,0
20,200235,1,1,2,23,8,10,45,24,0,1,0,20,1,14,6,14006,4,1998,2MEFM75W3WX6,2,M,E,F,M,7,5,W,3,W,X,6,0,P,MERC,MLL,4D,98,17,3922,,0,1144,,G,,F,8,281,,,16R225,,,,,,0,0,000000000,00000000000,0,0,0,1,0,0,0,0,0,0,0,64,0,0,0,81,3,6,2,35,0,0,0,1,20,66032,6,1,0,0,3,1,66,160,0,0,0,0,0,0,0,0,0,0,0,0,0,0,1,2,65,1,1,2,1,0,0,1,13,1,1,4,1,1,0
20,200236,1,1,1,23,8,13,17,1,0,1,0,20,1,20,401,20401,14,1999,1GNCT18WXXK2,1,G,N,C,T,1,8,W,X,X,K,2,0,P,CHEV,BZR,UT,99,17,3814,,0,1005,,G,,F,6,262,,,15R205,,,,,,0,0,000000000,00000000000,0,0,0,1,0,0,0,0,0,0,0,998,0,1,5,0,13,6,9,1,0,0,0,1,20,67579,6,1,0,0,3,0,70,200,0,1,1,1,0,1,2010,1,2010,0,58,0,0,0,1,2,55,1,1,2,1,0,0,1,12,1,1,4,6,1,0
20,200237,1,2,1,23,8,10,19,12,6,1,0,20,1,20,19,20019,4,1995,1G1LD55M9SY1,1,G,1,L,D,5,5,M,9,S,Y,1,0,P,CHEV,CSA,4D,95,17,2745,,0,1034,,G,,F,6,191,,,14R195,,,,,,0,0,000000000,00000000000,0,0,0,1,0,0,0,0,0,0,0,5,0,0,0,9,9,6,9,12,0,0,0,1,20,67114,3,1,0,0,2,1,68,170,1,0,0,0,0,12,2008,12,2008,0,38,0,0,0,1,2,30,1,1,2,1,20,3,1,17,1,1,1,90,1,0
20,200237,2,2,1,23,8,10,19,12,6,1,0,39,3,84,881,84881,66,2011,3HSDJSJR6BN3,3,H,S,D,J,S,J,R,6,B,N,3,1,T,INTL,PRO,TR,11,17,,8,0,0,PRO,D,,,6,793,,,,,00000,00,,64,1,57,92321,5792321,3,6,3,1,0,0,0,0,0,0,0,45,0,0,0,12,1,6,9,12,0,0,0,1,29,63044,6,1,6,1,3,0,72,285,0,0,0,0,0,0,0,0,0,0,0,0,0,0,1,2,45,1,1,2,1,0,0,1,68,99,1,1,90,0,0
20,200238,1,2,1,24,8,15,50,12,6,1,0,20,1,37,31,37031,3,1992,2HGEH2367NH5,2,H,G,E,H,2,3,6,7,N,H,5,0,P,HOND,UCX,2H,92,17,2094,,0,1013,,G,,F,4,091,,,13R165,,,,,,0,0,000000000,00000000000,0,0,0,1,0,0,0,0,0,0,0,998,0,0,0,12,12,6,2,12,0,0,0,1,6,66943,6,1,0,0,3,0,68,180,0,0,0,0,0,0,0,0,0,0,0,0,0,0,2,2,65,1,1,2,1,0,0,6,17,1,1,2,73,0,0
20,200238,2,2,1,24,8,15,50,12,6,1,0,20,1,98,739,98739,90,2011,4XARH45A4BB0,4,X,A,R,H,4,5,A,4,B,B,0,0,M,POLS,R40,AT,11,17,,,,,,,455,,1,,4,1050,,,,,,,0,0,000000000,00000000000,0,0,0,1,0,0,0,0,0,0,0,998,0,0,0,9,9,6,2,12,0,0,0,1,20,66508,6,1,6,0,3,0,72,175,0,0,0,0,0,0,0,0,0,0,0,0,0,0,2,2,65,1,1,2,1,0,0,11,67,1,1,2,72,1,0
20,200239,1,2,1,26,8,15,2,12,6,1,0,29,2,73,705,73705,80,2008,JKBZXNC108A0,J,K,B,Z,X,N,C,1,0,8,A,0,0,M,KAWK,X4C,RC,8,17,,,,,,,1352,,4,,4,485,,,,,,,0,0,000000000,00000000000,0,0,0,1,0,0,0,0,0,0,0,17,0,0,0,12,12,6,2,12,0,0,0,1,20,66104,6,1,0,0,2,1,75,260,0,0,0,2,0,10,2008,9,2009,0,38,36,39,0,1,2,30,1,2,2,1,0,0,6,51,3,1,2,73,1,0
20,200239,2,2,1,26,8,15,2,12,6,1,0,20,2,22,20,22020,4,1998,1G2WJ52M6WF2,1,G,2,W,J,5,2,M,6,W,F,2,0,P,PONT,GFS,4D,98,17,3373,,0,1105,,G,,F,6,191,,,15R205,,,,,,0,0,000000000,00000000000,0,0,0,1,0,0,0,0,0,0,0,998,7,0,0,10,10,6,2,12,0,0,0,1,20,66104,6,1,0,0,3,0,73,300,0,0,0,0,0,0,0,0,0,0,0,0,0,0,1,2,30,1,2,2,1,0,0,11,15,1,1,1,72,0,0
20,200240,1,1,1,27,8,0,38,43,0,1,0,26,1,2,403,2403,14,2000,1J4FA49S5YP7,1,J,4,F,A,4,9,S,5,Y,P,7,0,T,JEEP,SPW,2W,0,17,,1,0,934,W/T,G,,,6,244,,,,,3195,00,U,44,0,0,000000000,00000000000,0,0,0,1,0,0,0,0,0,0,0,998,0,1,5,12,12,6,2,1,0,0,0,1,26,48642,6,1,0,0,3,0,70,175,0,0,0,0,0,0,0,0,0,1,36,0,0,0,1,2,55,2,2,4,1,0,0,14,6,1,1,4,14,1,0
20,200241,1,2,1,28,8,12,32,12,1,1,0,99,9,53,705,53705,80,2009,KM4VP6798916,K,M,4,V,P,6,7,9,8,9,1,6,0,M,HYOS,GSE,RS,9,17,,,,,,,647,,2,,4,485,,,,,,,0,0,000000000,00000000000,0,0,0,1,0,0,0,0,0,0,0,998,0,0,0,12,12,6,2,12,0,0,0,1,29,66062,6,1,0,0,2,0,83,165,0,0,0,0,2,3,2010,6,2010,1,0,0,0,0,2,2,75,1,2,1,1,0,0,1,6,99,1,1,32,1,0
20,200241,2,2,2,28,8,12,32,12,1,1,0,20,1,7,402,7402,14,1999,1B4HS28Y6XF6,1,B,4,H,S,2,8,Y,6,X,F,6,1,P,DODG,DUR,UT,99,17,4397,,0,1159,,G,,F,8,318,,,15R235,,,,,,1,0,000000000,00000000000,0,0,0,1,0,0,0,0,0,0,0,998,0,0,0,6,6,2,1,12,0,0,0,1,20,66203,6,1,0,0,3,0,71,250,0,0,0,1,0,11,2008,11,2008,0,0,0,0,0,2,2,75,1,2,1,1,0,0,1,19,1,1,1,32,0,0
20,200242,1,1,1,1,8,0,35,11,0,1,0,20,1,72,706,72706,80,2004,1HD1FDV104Y7,1,H,D,1,F,D,V,1,0,4,Y,7,0,M,HD,FHR,RS,4,17,,,,,,,1450,,2,,4,723,,,,,,,0,0,000000000,00000000000,0,0,0,1,0,0,0,0,0,0,0,998,0,0,0,1,1,6,9,11,0,0,0,1,20,66046,6,1,0,0,3,0,68,150,1,0,0,0,1,11,2010,1,2011,0,0,0,0,0,1,2,65,1,1,1,1,0,0,1,87,1,1,1,13,1,0
20,200243,1,2,1,17,8,10,41,33,0,1,0,20,1,59,32,59032,4,1995,JT8UF22E1S00,J,T,8,U,F,2,2,E,1,S,0,0,0,P,LEXS,LS4,4D,95,17,3650,,0,1122,,G,,F,8,242,,,16R225,,,,,,0,0,000000000,00000000000,0,0,0,1,0,0,0,0,0,0,0,998,0,0,0,82,3,6,2,12,0,0,0,1,20,67026,6,1,0,0,3,1,68,210,0,0,0,0,2,5,2009,12,2010,0,51,36,0,0,2,2,35,1,1,2,1,0,0,1,9,1,7,4,98,1,0
20,200243,2,2,1,17,8,10,41,33,0,1,0,20,1,7,402,7402,14,1999,1B4HS28Y4XF6,1,B,4,H,S,2,8,Y,4,X,F,6,0,P,DODG,DUR,UT,99,17,4397,,0,1159,,G,,F,8,318,,,15R235,,,,,,0,0,000000000,00000000000,0,0,0,1,0,0,0,0,0,0,0,35,0,0,0,12,12,6,2,12,0,0,0,1,20,67219,6,1,0,0,3,1,64,125,0,0,0,1,1,8,2009,9,2009,0,0,0,0,0,2,2,35,1,1,2,1,0,0,1,54,1,1,1,98,0,0
20,200244,1,1,1,28,8,15,43,10,0,1,0,20,1,12,16,12016,4,1995,2FALP71W4SX1,2,F,A,L,P,7,1,W,4,S,X,1,0,P,FORD,CVP,4D,95,17,0,,0,1144,,G,,F,8,281,,,15R215,,,,,,0,0,000000000,00000000000,0,0,0,1,0,0,0,0,0,0,0,45,0,0,0,12,12,6,2,10,42,0,0,1,20,67410,6,1,0,0,3,1,67,150,0,0,0,0,0,0,0,0,0,0,0,0,0,0,1,2,55,1,1,2,1,65,2,1,91,1,1,1,15,0,0
20,200245,1,1,2,28,8,16,35,30,0,1,0,20,1,49,40,49040,4,2005,4T1BE32K15U0,4,T,1,B,E,3,2,K,1,5,U,0,0,P,TOYT,XLL,4D,5,17,3108,,0,1071,,G,,F,4,144,,,15R205,,,,,,0,0,000000000,00000000000,0,0,0,1,0,0,0,0,0,0,0,998,0,0,0,12,12,6,2,30,0,0,0,1,20,67219,6,1,0,0,3,0,74,200,0,0,0,0,0,0,0,0,0,0,0,0,0,0,5,4,40,1,1,2,1,3,3,1,54,8,1,4,98,1,0
20,200246,1,2,2,31,8,11,40,12,6,1,0,20,1,49,32,49032,4,2002,1NXBR12E32Z5,1,N,X,B,R,1,2,E,3,2,Z,5,0,P,TOYT,UCS,4D,2,17,2405,,0,970,,G,,F,4,109,,,14R175,,,,,,0,0,000000000,00000000000,0,0,0,1,0,0,0,0,0,0,0,53,0,0,0,9,9,6,2,12,0,0,0,1,20,67226,6,1,0,0,3,0,65,150,0,0,0,0,0,0,0,0,0,0,38,39,0,0,1,2,55,1,1,2,1,20,3,1,17,1,1,1,89,2,0
20,200246,2,2,1,31,8,11,40,12,6,1,0,20,1,12,870,12870,61,1992,1FDKE30G6NHB,1,F,D,K,E,3,0,G,6,N,H,B,0,T,FORD,35C,MH,92,17,,3,1760,1380,CTV,G,,,8,460,,,,D,00000,00,A,42,0,88,888888888,88888888888,2,1,96,1,0,0,0,0,0,0,0,53,0,0,0,12,12,6,2,12,0,0,0,1,20,67037,6,1,0,0,3,1,72,175,0,0,0,0,0,0,0,0,0,0,0,0,0,0,1,2,55,1,2,2,1,0,0,1,66,1,1,1,88,0,0
20,200247,1,2,1,31,8,18,12,12,2,1,0,20,1,76,706,76706,80,2005,JYARN13E65A0,J,Y,A,R,N,1,3,E,6,5,A,0,0,M,YAMA,YFR,RC,5,17,,,,,,,998,,4,,4,379,,,,,,,0,0,000000000,00000000000,0,0,0,1,0,0,0,0,0,0,0,998,0,0,0,12,12,6,2,12,0,0,0,1,20,67838,6,1,0,0,2,0,74,180,0,0,0,1,1,4,2010,2,2011,0,26,51,0,0,2,2,35,1,3,2,1,0,0,17,54,6,1,2,58,1,0
20,200247,2,2,3,31,8,18,12,12,2,1,0,20,1,12,461,12461,21,1996,1FDEE14N1THA,1,F,D,E,E,1,4,N,1,T,H,A,0,T,FORD,15V,CG,96,17,,2,0,1380,VAN,G,,,8,302,,,,B,4677,00,M,42,0,0,000000000,00000000000,0,0,0,1,0,0,0,0,0,0,0,998,0,0,0,12,1,6,2,12,0,0,0,1,20,66111,6,1,0,0,3,0,64,230,0,0,0,0,0,0,0,0,0,0,0,0,0,0,2,2,35,1,1,2,1,0,0,17,62,99,1,1,59,0,0
20,200248,1,2,1,17,8,20,43,12,1,1,0,20,1,12,481,12481,31,2003,1FTNW21SX3EC,1,F,T,N,W,2,1,S,X,3,E,C,0,T,FORD,F2S,CW,3,17,,2,1724,1562,SRW,G,,,10,415,,,,C,5870,04,E,44,0,0,000000000,00000000000,0,0,0,1,0,0,0,0,0,0,0,998,0,0,0,12,12,6,2,12,0,0,0,1,20,67543,6,1,6,0,3,1,74,235,0,0,0,0,0,0,0,0,0,0,0,0,0,0,8,8,98,8,8,8,98,97,8,1,59,2,1,1,32,0,0
20,200248,2,2,1,17,8,20,43,12,1,1,0,92,0,98,998,98998,92,1970,999999999999,9,9,9,9,9,9,9,9,9,9,9,9,0,,,,,,,,,,,,,,,,,,,,,,,,,0,0,000000000,00000000000,0,0,0,1,0,0,0,0,0,0,0,998,0,0,0,6,6,6,4,12,0,0,0,1,20,67501,6,1,0,0,3,0,999,999,99,99,99,99,99,99,9999,99,9999,0,0,0,0,0,8,8,98,8,8,8,98,97,8,1,19,1,1,1,32,1,0
20,200249,1,1,1,28,8,4,33,33,0,1,0,20,1,72,706,72706,80,1991,1HD1FAL16MY5,1,H,D,1,F,A,L,1,6,M,Y,5,0,M,HD,FHS,RS,91,17,,,,,,,1340,,2,,4,692,,,,,,,0,0,000000000,00000000000,0,0,0,1,0,0,0,0,0,0,0,998,0,0,0,99,99,6,2,43,0,0,0,1,20,67502,6,1,0,0,3,0,66,180,0,0,0,0,0,0,0,0,0,1,4,0,0,0,1,2,99,3,1,2,1,0,0,14,6,1,1,4,1,1,1
20,200250,1,1,2,1,9,23,35,33,0,1,0,20,1,76,706,76706,80,2000,JYARN05E6YA0,J,Y,A,R,N,0,5,E,6,Y,A,0,0,M,YAMA,YFR,RC,0,17,,,,,,,998,,4,,4,999,,,,,,,0,0,000000000,00000000000,0,0,0,1,0,0,0,0,0,0,0,100,0,0,0,12,12,6,2,1,0,0,0,1,20,67219,1,1,0,0,2,0,70,175,1,1,1,2,2,8,2009,6,2010,1,37,36,8,39,1,2,40,3,1,2,1,0,0,14,87,6,1,4,6,1,1
20,200251,1,1,1,2,9,4,41,43,0,1,0,20,1,20,401,20401,14,2000,1GNDT13W7Y22,1,G,N,D,T,1,3,W,7,Y,2,2,0,P,CHEV,BZR,UT,0,17,4049,,0,1070,,G,,F,6,262,,,15R205,,,,,,0,0,000000000,00000000000,0,0,0,1,0,0,0,0,0,0,0,998,0,1,5,82,9,6,2,1,0,0,0,1,20,67460,6,1,6,1,3,0,69,160,0,0,0,0,0,0,0,0,0,0,58,0,0,0,1,2,55,1,1,5,1,0,0,1,13,6,3,4,7,1,0
20,200252,1,1,1,2,9,12,7,53,0,1,0,20,1,24,1,24001,4,2000,1G8ZH5285YZ1,1,G,8,Z,H,5,2,8,5,Y,Z,1,0,P,STRN,SL1,4D,0,17,2332,,0,1024,,G,,F,4,116,,,14R185,,,,,,0,0,000000000,00000000000,0,0,0,1,0,0,0,0,0,0,0,998,0,0,0,12,12,6,2,42,0,0,0,1,20,67133,6,1,0,0,3,1,62,150,0,0,0,0,1,3,2009,3,2009,0,0,0,0,0,1,2,55,1,1,5,1,0,0,1,12,1,1,4,6,1,0