STATE,ST_CASE,VEH_NO,VE_FORMS,NUMOCCS,DAY,MONTH,HOUR,MINUTE,HARM_EV,MAN_COLL,UNITTYPE,HIT_RUN,REG_STAT,OWNER,MAKE,MODEL,MAK_MOD,BODY_TYP,MOD_YEAR,VIN,VIN_1,VIN_2,VIN_3,VIN_4,VIN_5,VIN_6,VIN_7,VIN_8,VIN_9,VIN_10,VIN_11,VIN_12,TOW_VEH,VINTYPE,VINMAKE,VINA_MOD,VIN_BT,VINMODYR,VIN_LNGT,VIN_WGT,WGTCD_TR,WHLBS_LG,WHLBS_SH,SER_TR,FUELCODE,MCYCL_DS,CARBUR,CYLINDER,DISPLACE,MCYCL_CY,MCYCL_WT,TIRE_SZE,TON_RAT,TRK_WT,TRKWTVAR,VIN_REST,WHLDRWHL,J_KNIFE,MCARR_I1,MCARR_I2,MCARR_ID,GVWR,V_CONFIG,CARGO_BT,HAZ_INV,HAZ_PLAC,HAZ_ID,HAZ_CNO,HAZ_REL,BUS_USE,SPEC_USE,EMER_USE,TRAV_SP,UNDERIDE,ROLLOVER,ROLINLOC,IMPACT1,IMPACT2,DEFORMED,TOWED,M_HARM,VEH_SC1,VEH_SC2,FIRE_EXP,DR_PRES,L_STATE,DR_ZIP,L_STATUS,L_TYPE,CDL_STAT,L_ENDORS,L_COMPL,L_RESTRI,DR_HGT,DR_WGT,PREV_ACC,PREV_SUS,PREV_DWI,PREV_SPD,PREV_OTH,FIRST_MO,FIRST_YR,LAST_MO,LAST_YR,SPEEDREL,DR_SF1,DR_SF2,DR_SF3,DR_SF4,VTRAFWAY,VNUM_LAN,VSPD_LIM,VALIGN,VPROFILE,VPAVETYP,VSURCOND,VTRAFCON,VTCONT_F,P_CRASH1,P_CRASH2,P_CRASH3,PCRASH4,PCRASH5,ACC_TYPE,DEATHS,DR_DRINK
20,200285,1,1,1,4,10,22,0,43,0,1,0,20,1,23,481,23481,31,2000,2GTEK19T6Y13,2,G,T,E,K,1,9,T,6,Y,1,3,0,T,GMC,NK1,3C,0,17,,2,1575,1435,SIE,G,,,8,325,,,,B,4621,02,U,44,0,0,000000000,00000000000,0,0,0,1,0,0,0,0,0,0,0,998,0,1,5,14,3,6,2,42,0,0,0,1,20,67637,6,1,0,0,3,1,69,140,2,0,1,1,0,3,2010,5,2011,1,58,19,0,0,1,2,30,9,9,5,1,0,0,1,6,1,1,4,6,1,1
20,200286,1,1,1,6,10,0,23,19,0,1,0,29,1,22,18,22018,4,2000,1G2NW52E8YM7,1,G,2,N,W,5,2,E,8,Y,M,7,0,P,PONT,GAG,4D,0,17,3168,,0,1070,,G,,F,6,207,,,16R225,,,,,,0,0,000000000,00000000000,0,0,0,1,0,0,0,0,0,0,0,998,0,0,0,9,9,6,2,19,0,0,0,1,20,66101,1,1,0,0,2,0,73,151,1,0,0,2,1,1,2011,6,2011,1,36,37,58,0,1,2,20,1,2,2,1,0,0,1,90,99,9,4,7,1,0
20,200287,1,2,1,6,10,5,35,12,2,1,0,20,1,23,481,23481,31,2008,1GTHK23688F1,1,G,T,H,K,2,3,6,8,8,F,1,0,T,GMC,2KH,CW,8,17,,2,1670,1530,SIE,D,,,8,403,,,,C,5983,00,4,44,0,0,000000000,00000000000,0,0,0,1,0,0,0,0,0,0,0,998,0,0,0,12,12,6,9,12,0,0,0,1,20,67460,6,1,0,0,3,1,72,290,0,0,0,0,0,0,0,0,0,0,38,0,0,0,1,2,55,1,1,2,1,0,0,11,15,1,1,2,68,0,0
20,200287,2,2,1,6,10,5,35,12,2,1,0,20,1,76,706,76706,80,2001,JYAVP07E81A0,J,Y,A,V,P,0,7,E,8,1,A,0,0,M,YAMA,XTL,RS,1,17,,,,,,,1602,,2,,4,710,,,,,,,0,0,000000000,00000000000,0,0,0,1,0,0,0,0,0,0,0,998,0,0,0,12,12,6,9,12,0,0,0,1,20,67456,6,1,6,0,3,0,71,200,0,0,0,0,0,0,0,0,0,0,0,0,0,0,1,2,55,1,1,2,1,0,0,1,67,3,1,1,69,1,0
20,200289,1,1,2,8,10,13,18,24,0,1,0,20,1,7,402,7402,14,2001,1B4HS28NX1F5,1,B,4,H,S,2,8,N,X,1,F,5,0,P,DODG,DUR,UT,1,17,4512,,0,1159,,G,,F,8,287,,,15R235,,,,,,0,0,000000000,00000000000,0,0,0,1,0,0,0,0,0,0,0,75,0,1,5,11,13,6,2,1,0,0,0,1,20,66102,6,1,0,0,3,1,62,175,0,0,0,0,0,0,0,0,0,0,80,0,0,0,3,4,70,2,1,1,1,0,0,14,1,7,1,4,1,1,0
20,200290,1,1,4,8,10,2,16,44,0,1,0,20,2,49,32,49032,2,1991,JT2AE96J3M34,J,T,2,A,E,9,6,J,3,M,3,4,0,P,TOYT,CS5,CP,91,17,2740,,0,957,,G,,F,4,097,,,13R185,,,,,,0,0,000000000,00000000000,0,0,0,1,0,0,0,0,0,0,0,998,0,0,0,0,3,6,2,30,0,0,0,1,99,66203,9,9,99,9,9,9,999,999,99,99,99,99,99,99,9999,99,9999,1,82,91,0,0,1,2,30,1,2,2,1,0,0,1,98,6,4,4,0,1,1
20,200291,1,2,1,10,10,18,30,12,6,1,0,20,1,13,401,13401,14,2003,5LMEU68H73ZJ,5,L,M,E,U,6,8,H,7,3,Z,J,0,P,LINC,AVI,UT,3,17,4834,,0,1137,,G,,F,8,281,,,17R245,,,,,,0,0,000000000,00000000000,0,0,0,1,0,0,0,0,0,0,0,998,0,0,0,9,9,6,2,12,0,0,0,1,20,67209,6,1,0,0,3,0,60,125,1,0,0,0,0,8,2011,8,2011,0,0,0,0,0,1,2,0,1,1,9,1,0,0,11,17,1,1,1,82,0,0
20,200291,2,2,1,10,10,18,30,12,6,1,0,20,1,53,706,53706,80,2005,JS1GW71A7521,J,S,1,G,W,7,1,A,7,5,2,1,0,M,SUZI,G13,RC,5,17,,,,,,,1298,,4,,4,478,,,,,,,0,0,000000000,00000000000,0,0,0,1,0,0,0,0,0,0,0,998,0,0,0,12,12,6,2,12,0,0,0,1,20,67212,6,1,0,0,3,0,69,160,0,0,0,0,0,0,0,0,0,1,8,36,0,0,2,4,40,9,9,2,99,0,0,1,72,3,1,1,83,1,0
20,200292,1,1,2,13,10,4,30,1,0,1,0,20,1,7,442,7442,20,2000,1B4GP44G5YB6,1,B,4,G,P,4,4,G,5,Y,B,6,0,T,DODG,GSS,ES,0,17,,1,0,1193,CAR,F,,,6,201,,,,,3863,00,E,42,0,0,000000000,00000000000,0,0,0,1,0,0,0,0,0,0,0,998,0,1,5,0,13,6,2,1,0,0,0,1,20,67211,6,1,0,0,3,1,68,250,2,0,0,4,1,7,2010,5,2011,0,58,0,0,0,1,2,60,1,2,2,1,0,0,1,13,6,1,4,1,2,0
20,200293,1,1,1,13,10,23,58,23,0,1,0,29,1,53,705,53705,80,2001,JS1GN7BA4121,J,S,1,G,N,7,B,A,4,1,2,1,0,M,SUZI,G60,RC,1,17,,,,,,,600,,4,,4,359,,,,,,,0,0,000000000,00000000000,0,0,0,1,0,0,0,0,0,0,0,998,0,0,0,3,3,6,2,23,0,0,0,1,29,64068,6,1,0,0,3,0,71,165,2,0,0,0,1,1,2010,3,2011,1,38,0,0,0,6,1,98,3,2,1,1,40,3,14,13,1,1,4,1,1,0
20,200294,1,2,2,15,10,20,0,12,6,1,0,20,1,23,401,23401,14,2004,1GKET12S5461,1,G,K,E,T,1,2,S,5,4,6,1,0,T,GMC,XUV,4W,4,17,,2,0,1290,ENV,G,,,6,256,,,,B,4915,00,U,44,0,0,000000000,00000000000,0,0,0,1,0,0,0,0,0,0,0,998,0,0,0,12,12,6,2,12,0,0,0,1,20,66610,6,1,0,0,3,1,70,170,0,0,0,0,0,0,0,0,0,0,48,23,0,0,1,2,55,1,1,2,1,0,0,11,17,1,1,2,74,0,0
20,200294,2,2,2,15,10,20,0,12,6,1,0,20,1,18,3,18003,4,1989,1G4CW54C7K16,1,G,4,C,W,5,4,C,7,K,1,6,0,P,BUIC,EPF,4D,89,17,3241,,0,1108,,G,,F,6,231,,,14R205,,,,,,0,0,000000000,00000000000,0,0,0,1,0,0,0,0,0,0,0,998,0,0,0,10,9,6,2,12,0,0,0,1,20,66434,6,1,0,0,3,1,74,260,0,0,0,0,0,0,0,0,0,0,23,0,0,0,1,2,55,1,1,2,1,0,0,1,67,1,1,1,74,1,0
20,200295,1,1,2,15,10,23,32,32,0,1,0,20,1,12,481,12481,31,2004,1FTSF31P44EC,1,F,T,S,F,3,1,P,4,4,E,C,0,T,FORD,F3S,PK,4,17,,2,0,1370,SRW,D,,,8,366,,,,D,5851,00,U,44,0,0,000000000,00000000000,0,0,0,1,0,0,0,0,0,0,0,998,0,1,5,11,11,6,2,1,0,0,0,1,20,67637,2,1,0,0,2,0,70,235,0,0,0,0,0,0,0,0,0,0,99,99,99,99,1,2,55,1,2,4,1,0,0,1,13,1,1,4,1,1,1
20,200296,1,1,1,17,10,5,15,11,0,1,0,29,1,24,2,24002,2,1997,1G8ZE128XVZ3,1,G,8,Z,E,1,2,8,X,V,Z,3,0,P,STRN,SC1,CP,97,17,2252,,0,1024,,G,,F,4,116,,,14R175,,,,,,0,0,000000000,00000000000,0,0,0,1,0,0,0,0,0,0,0,998,0,1,5,1,1,6,9,1,0,0,0,1,29,65233,6,1,0,0,3,0,66,150,4,0,0,1,1,6,2010,5,2011,1,99,99,99,99,1,2,65,1,1,2,1,0,0,1,89,1,1,1,13,1,0
20,200297,1,4,1,18,10,19,13,12,2,1,0,48,1,12,401,12401,14,2001,1FMZU62E51ZA,1,F,M,Z,U,6,2,E,5,1,Z,A,0,P,FORD,EPR,UT,1,17,3845,,0,1116,,G,,F,6,245,,,15R235,,,,,,0,0,000000000,00000000000,0,0,0,1,0,0,0,0,0,0,0,998,0,1,5,12,11,6,2,12,0,0,0,1,48,78233,6,1,0,0,3,0,999,999,0,0,0,0,2,10,2011,10,2011,1,36,51,0,0,2,4,35,1,1,2,1,0,0,99,54,6,4,2,58,1,0
20,200297,2,4,4,18,10,19,13,12,2,1,0,20,2,55,33,55033,4,2002,KMHWF25H02A6,K,M,H,W,F,2,5,H,0,2,A,6,0,P,HYUN,SOL,4D,2,17,3181,,0,1063,,G,,F,6,162,,,15R205,,,,,,0,0,000000000,00000000000,0,0,0,1,0,0,0,0,0,0,0,998,0,0,0,12,11,6,2,12,0,0,0,1,20,66604,2,1,0,0,2,0,71,175,0,0,0,0,4,5,2009,1,2010,0,0,0,0,0,2,4,35,1,1,2,1,0,0,1,62,1,1,1,59,0,0
20,200297,3,4,1,18,10,19,13,12,2,1,0,20,1,12,422,12422,15,2004,1FMPU16L34LA,1,F,M,P,U,1,6,L,3,4,L,A,0,P,FORD,EPT,UT,4,17,5394,,0,1191,,G,,F,8,330,,,17R265,,,,,,0,0,000000000,00000000000,0,0,0,1,0,0,0,0,0,0,0,998,0,0,0,11,11,6,2,12,0,0,0,1,20,66605,6,1,0,0,3,1,63,155,0,0,0,0,0,0,0,0,0,0,0,0,0,0,2,4,35,1,1,2,1,0,0,1,54,1,1,1,98,0,0
20,200297,4,4,1,18,10,19,13,12,2,1,1,99,9,99,999,99999,99,9999,999999999999,9,9,9,9,9,9,9,9,9,9,9,9,0,,,,,,,,,,,,,,,,,,,,,,,,,0,0,000000000,00000000000,0,0,0,1,0,0,0,0,0,0,0,998,0,0,0,99,99,9,1,12,0,0,0,1,99,99999,9,9,99,9,9,9,999,999,99,99,99,99,99,99,9999,99,9999,9,84,0,0,0,2,4,35,1,1,2,1,0,0,99,99,99,9,9,98,0,0
20,200300,1,2,1,22,10,12,15,12,6,1,0,93,3,51,881,51881,66,2001,4V4NC9JJ61N3,4,V,4,N,C,9,J,J,6,1,N,3,1,T,VOLV,VNL,TR,1,17,,8,0,0,VVN,D,,,6,855,,,,,00000,00,,64,1,57,1461045,571461045,3,6,8,1,0,0,0,0,0,0,0,998,0,0,0,8,8,0,3,12,0,0,0,1,48,79119,6,1,6,1,3,0,999,999,0,0,0,0,1,11,2010,11,2010,0,38,39,0,0,1,2,55,1,1,4,1,21,3,1,17,1,1,1,90,0,0
20,200300,2,2,1,22,10,12,15,12,6,1,0,20,1,12,15,12015,4,1990,1FAPP36X1LK1,1,F,A,P,P,3,6,X,1,L,K,1,0,P,FORD,TGL,4D,90,17,2587,,0,999,,G,,F,4,140,,,14R185,,,,,,0,0,000000000,00000000000,0,0,0,1,0,0,0,0,0,0,0,998,0,0,0,11,10,6,2,12,0,0,0,1,20,67758,6,1,0,0,3,0,64,130,0,0,0,0,0,0,0,0,0,0,0,0,0,0,1,2,55,1,1,4,1,0,0,1,66,1,1,1,90,1,0
20,200301,1,1,2,22,10,2,27,31,0,1,0,20,1,22,20,22020,4,2001,1G2WP52K31F1,1,G,2,W,P,5,2,K,3,1,F,1,0,P,PONT,GPG,4D,1,17,3496,,0,1105,,G,,F,6,231,,,16R225,,,,,,0,0,000000000,00000000000,0,0,0,1,0,0,0,0,0,0,0,80,0,1,5,12,99,6,2,1,0,0,0,1,20,67226,6,1,0,0,3,0,72,190,0,2,1,0,0,3,2009,8,2010,0,99,99,99,99,2,4,75,1,1,1,1,0,0,1,13,1,1,4,1,1,0
20,200302,1,1,1,25,10,4,45,25,0,1,0,20,3,82,881,82881,66,2000,1FUYDCYB7YLB,1,F,U,Y,D,C,Y,B,7,Y,L,B,1,T,FRHT,FLD,TR,0,17,,8,0,0,CON,D,,,6,855,,,,,00000,00,,64,1,57,1540782,571540782,3,6,2,2,2,3257,9,2,0,0,0,998,0,1,3,11,11,6,2,1,0,0,0,1,20,67410,6,1,6,1,3,1,68,225,0,0,0,0,0,0,0,0,0,0,99,99,99,99,3,4,60,2,1,1,1,0,0,14,12,99,1,4,6,1,0
20,200303,1,1,1,25,10,16,40,2,0,1,0,20,1,20,431,20431,16,2003,3GNFK16Z73G3,3,G,N,F,K,1,6,Z,7,3,G,3,0,P,CHEV,K15,UT,3,17,5123,,0,1300,,F,,F,8,325,,,16R265,,,,,,0,0,000000000,00000000000,0,0,0,1,0,0,0,0,0,0,0,998,0,0,0,0,11,6,2,2,0,0,1,1,20,66618,6,1,0,0,3,0,77,180,0,0,0,0,0,0,0,0,0,0,0,0,0,0,3,4,60,2,1,1,1,0,0,14,98,1,1,1,0,1,0
20,200304,1,2,1,28,10,17,0,12,6,1,0,20,1,18,2,18002,4,2001,1G4HR54K61U1,1,G,4,H,R,5,4,K,6,1,U,1,0,P,BUIC,LLF,4D,1,17,3591,,0,1122,,G,,F,6,231,,,15R215,,,,,,0,0,000000000,00000000000,0,0,0,1,0,0,0,0,0,0,0,10,0,0,0,10,10,6,2,12,0,0,0,1,20,67114,6,1,0,0,3,0,66,194,0,0,0,0,0,0,0,0,0,0,0,0,0,0,1,2,30,1,1,2,1,20,3,1,17,1,1,1,89,1,0
20,200304,2,2,1,28,10,17,0,12,6,1,0,20,1,20,421,20421,15,2004,1GNEK13Z04R1,1,G,N,E,K,1,3,Z,0,4,R,1,0,P,CHEV,KTA,UT,4,17,5050,,0,1160,,F,,F,8,325,,,16R265,,,,,,0,0,000000000,00000000000,0,0,0,1,0,0,0,0,0,0,0,35,0,0,0,12,12,6,2,12,0,0,0,1,20,67212,6,1,0,0,3,0,64,125,0,0,0,1,0,10,2010,10,2010,0,0,0,0,0,2,4,30,1,1,2,1,0,0,1,66,1,1,1,88,0,0
20,200305,1,1,1,19,10,23,45,34,0,1,0,20,2,53,706,53706,80,2008,JS1GX72A3821,J,S,1,G,X,7,2,A,3,8,2,1,0,M,SUZI,GXR,RC,8,17,,,,,,,1340,,4,,4,485,,,,,,,0,0,000000000,00000000000,0,0,0,1,0,0,0,0,0,0,0,998,0,0,0,10,9,6,2,34,0,0,0,1,20,66002,6,1,0,0,2,0,69,220,0,1,0,3,0,5,2010,3,2011,0,99,99,99,99,1,2,55,1,1,2,1,0,0,1,13,1,1,4,1,1,1
20,200306,1,2,1,30,10,12,58,12,1,1,0,20,2,22,32,22032,6,2003,5Y2SL62833Z4,5,Y,2,S,L,6,2,8,3,3,Z,4,0,P,PONT,VIB,4H,3,17,2700,,0,1024,,G,,F,4,110,,,16R205,,,,,,0,0,000000000,00000000000,0,0,0,1,0,0,0,0,0,0,0,998,0,0,0,12,12,6,2,12,0,0,0,1,20,66749,6,1,0,0,3,1,72,220,1,0,0,0,0,11,2010,11,2010,0,39,54,0,0,2,6,65,1,1,2,1,3,3,1,50,1,1,1,20,1,0
20,200306,2,2,1,30,10,12,58,12,1,1,0,20,1,20,481,20481,31,2007,1GCHK23D57F1,1,G,C,H,K,2,3,D,5,7,F,1,0,T,CHEV,2KH,CW,7,17,,2,1670,1530,SIL,D,,,8,403,,,,C,5883,02,,44,0,0,000000000,00000000000,0,0,0,1,0,0,0,0,0,0,0,0,0,0,0,6,6,6,2,12,0,0,0,1,20,66062,6,1,0,0,3,0,73,245,0,0,0,0,0,0,0,0,0,0,0,0,0,0,2,6,65,9,9,2,1,3,3,5,53,1,1,1,21,0,0
20,200307,1,1,2,31,10,12,40,34,0,1,0,20,3,86,881,86881,63,2001,1M2P264C41M0,1,M,2,P,2,6,4,C,4,1,M,0,0,T,MACK,RD6,CC,1,17,,8,0,0,600,D,,,6,728,,,,,00000,00,,64,0,57,271225,57271225,3,2,7,1,0,0,0,0,0,0,0,49,0,1,5,9,13,6,2,1,0,0,0,1,20,66214,6,1,6,1,3,1,69,150,0,0,0,0,0,0,0,0,0,0,58,0,0,0,1,2,45,1,1,2,1,0,0,1,88,6,1,4,3,1,0
20,200308,1,1,1,1,11,1,32,25,0,1,0,20,1,12,422,12422,15,2001,1FMFU16L11LB,1,F,M,F,U,1,6,L,1,1,L,B,0,P,FORD,EPT,UT,1,17,5250,,0,1191,,G,,F,8,330,,,16R255,,,,,,0,0,000000000,00000000000,0,0,0,1,0,0,0,0,0,0,0,55,0,1,1,1,1,6,2,1,0,0,0,1,20,66502,6,1,0,0,3,1,63,160,0,0,0,0,0,0,0,0,0,0,99,99,99,99,6,1,60,2,1,1,1,0,0,14,13,1,4,4,2,1,1
20,200309,1,2,1,3,11,6,27,12,6,1,0,20,1,12,471,12471,30,1998,1FTZR15X6WPA,1,F,T,Z,R,1,5,X,6,W,P,A,0,T,FORD,RNS,PC,98,17,,1,0,1259,RNG,G,,,6,245,,,,B,3597,00,E,44,0,0,000000000,00000000000,0,0,0,1,0,0,0,0,0,0,0,998,0,0,0,9,9,6,2,12,0,0,0,1,20,66441,6,1,0,0,3,1,72,190,0,0,0,0,0,0,0,0,0,0,0,0,0,0,2,4,75,1,1,1,1,0,0,1,12,7,4,6,66,1,0
20,200309,2,2,1,3,11,6,27,12,6,1,0,20,1,12,37,12037,4,2007,1FAHP34N87W1,1,F,A,H,P,3,4,N,8,7,W,1,0,P,FORD,FMS,4D,7,17,2636,,0,1029,,G,,F,4,122,,,15R195,,,,,,0,0,000000000,00000000000,0,0,0,1,0,0,0,0,0,0,0,998,0,0,0,12,12,6,2,12,0,0,0,1,20,66502,6,1,0,0,3,0,66,160,0,0,0,0,0,0,0,0,0,0,0,0,0,0,2,4,75,1,1,1,1,0,0,1,62,1,1,1,66,0,0
20,200310,1,1,1,3,11,14,55,32,0,1,0,40,1,55,41,55041,2,2012,KMHHU6KH4CU0,K,M,H,H,U,6,K,H,4,C,U,0,0,P,HYUN,GN3,CP,12,17,3389,,0,1110,,G,,F,6,230,,,19R225,,,,,,0,0,000000000,00000000000,0,0,0,1,0,0,0,0,0,0,0,998,0,1,5,2,2,6,2,2,0,0,1,1,40,73055,6,1,0,0,3,0,999,999,99,99,99,99,99,99,9999,99,9999,1,35,0,0,0,1,2,65,1,1,2,1,0,0,6,6,6,2,4,2,1,0
20,200311,1,2,2,3,11,9,17,12,6,1,0,20,1,2,405,2405,14,2002,1J8GL58K32W1,1,J,8,G,L,5,8,K,3,2,W,1,0,T,JEEP,LMD,4W,2,17,,1,0,1043,LIB,G,,,6,226,,,,,3975,00,K,44,0,0,000000000,00000000000,0,0,0,1,0,0,0,0,0,0,0,30,0,0,0,12,11,6,2,12,0,0,0,1,20,66206,6,1,0,0,3,0,62,100,0,0,0,1,0,8,2009,8,2009,0,0,0,0,0,2,4,30,1,1,2,1,0,0,1,66,3,1,1,86,0,0
20,200311,2,2,1,3,11,9,17,12,6,1,0,20,1,49,32,49032,4,1993,1NXAE09E3PZ0,1,N,X,A,E,0,9,E,3,P,Z,0,0,P,TOYT,LED,4D,93,17,2370,,0,957,,G,,F,4,108,,,14R185,,,,,,0,0,000000000,00000000000,0,0,0,1,0,0,0,0,0,0,0,998,0,0,0,1,1,6,2,12,0,0,0,1,20,66208,6,1,0,0,3,0,61,160,0,0,0,0,0,0,0,0,0,0,38,0,0,0,1,2,25,1,1,2,1,20,3,1,17,1,1,1,87,1,0
20,200312,1,1,2,5,11,13,55,1,0,1,0,20,1,7,482,7482,31,1994,KS115616,K,S,1,1,5,6,1,6,,,,,0,T,DODG,,,94,8,,,,,,,,,,,,,,,,,,,0,0,000000000,00000000000,0,0,0,1,0,0,0,0,0,0,0,65,0,1,3,0,13,6,2,1,0,0,0,1,20,66604,6,1,0,0,3,0,62,135,0,0,0,1,0,11,2011,11,2011,0,36,0,0,0,2,4,65,1,1,1,1,0,0,15,51,7,1,4,8,1,0
20,200313,1,1,2,5,11,3,55,10,0,1,0,20,1,21,21,21021,2,2001,1G3NL12T71C1,1,G,3,N,L,1,2,T,7,1,C,1,0,P,OLDS,A/G,CP,1,17,2958,,0,1070,,G,,F,4,146,,,15R215,,,,,,0,0,000000000,00000000000,0,0,0,1,0,0,0,0,0,0,0,998,0,0,0,2,3,6,2,10,0,0,0,1,20,67357,6,1,0,0,3,1,72,185,0,0,0,0,0,0,0,0,0,0,36,38,39,0,1,2,55,1,2,4,1,65,3,1,91,10,1,1,15,1,1
20,200314,1,4,1,5,11,15,26,12,1,1,0,20,1,20,481,20481,31,1972,TGE24S506873,T,G,E,2,4,S,5,0,6,8,7,3,0,T,CHEV,,,72,12,,,,,,,,,,,,,,,,,,,0,0,000000000,00000000000,0,0,0,1,0,0,0,0,0,0,0,90,0,0,0,12,12,6,2,12,0,0,0,1,20,66617,1,1,0,0,2,0,71,200,0,0,0,0,0,0,0,0,0,1,39,37,35,42,1,2,30,1,1,1,1,3,3,98,50,1,1,1,20,0,1
20,200314,2,4,1,5,11,15,26,12,1,1,0,20,1,35,50,35050,4,2010,3N1BC1CPXAL3,3,N,1,B,C,1,C,P,X,A,L,3,0,P,NISS,VSL,4H,10,17,2693,,0,1024,,G,,F,4,110,,,15R185,,,,,,0,0,000000000,00000000000,0,0,0,1,0,0,0,0,0,0,0,0,0,0,0,6,6,6,2,12,0,0,0,1,20,66608,6,1,0,0,3,0,66,120,0,0,0,0,0,0,0,0,0,0,0,0,0,0,1,2,30,1,1,1,1,3,3,5,53,1,1,1,21,1,0
20,200314,3,4,1,5,11,15,26,12,1,1,0,20,1,12,23,12023,4,2012,3FAHP0HG1CR1,3,F,A,H,P,0,H,G,1,C,R,1,0,P,FORD,F/E,4D,12,17,3285,,0,1074,,F,,F,6,183,,,17R225,,,,,,0,0,000000000,00000000000,0,0,0,1,0,0,0,0,0,0,0,0,0,0,0,6,6,6,2,12,0,0,0,1,20,66523,6,1,0,0,3,1,68,170,0,0,0,0,0,0,0,0,0,0,0,0,0,0,1,2,30,9,9,1,1,3,3,5,63,1,1,1,98,0,0
20,200314,4,4,2,5,11,15,26,12,1,1,0,29,1,24,7,24007,4,2003,1G8AL52F33Z1,1,G,8,A,L,5,2,F,3,3,Z,1,0,P,STRN,SI3,4D,3,17,2802,,0,1032,,G,,F,4,134,,,16R205,,,,,,0,0,000000000,00000000000,0,0,0,1,0,0,0,0,0,0,0,0,0,0,0,10,10,6,2,12,0,0,0,1,29,64093,6,1,0,0,3,0,999,999,0,0,0,0,0,0,0,0,0,0,0,0,0,0,1,2,30,9,9,9,1,3,3,5,63,1,1,1,98,0,0
20,200315,1,1,1,6,11,10,30,8,0,1,0,20,1,2,404,2404,14,2006,1J4GR48K76C1,1,J,4,G,R,4,8,K,7,6,C,1,0,T,JEEP,LCF,4W,6,17,,1,0,1095,GCK,G,,,6,226,,,,,4383,00,E,44,0,0,000000000,00000000000,0,0,0,1,0,0,0,0,0,0,0,998,0,0,0,12,12,2,3,8,0,0,0,1,20,67207,0,0,0,0,0,0,999,999,0,0,0,0,0,0,0,0,0,0,38,0,0,0,1,2,30,1,1,1,1,0,0,11,80,1,1,1,13,0,0
20,200317,1,2,1,10,11,14,30,12,1,1,0,29,1,7,461,7461,21,1994,2B7HB21Y7RK1,2,B,7,H,B,2,1,Y,7,R,K,1,0,T,DODG,B25,CG,94,17,,2,1276,1096,RMV,G,,,8,318,,,,C,3618,03,A,42,0,0,000000000,00000000000,0,0,0,1,0,0,0,0,0,0,0,998,0,1,6,12,12,6,2,58,0,0,0,1,29,64054,6,1,6,0,3,0,71,272,0,0,0,0,0,0,0,0,0,0,0,0,0,0,3,8,70,1,1,2,1,0,0,15,51,1,1,2,33,1,0
20,200317,2,2,1,10,11,14,30,12,1,1,0,29,1,47,31,47031,4,1997,YS3DD58B0V20,Y,S,3,D,D,5,8,B,0,V,2,0,0,P,SAA,90S,4H,97,17,3040,,0,1024,,G,,F,4,140,,,15R195,,,,,,0,0,000000000,00000000000,0,0,0,1,0,0,0,0,0,0,0,998,0,0,0,6,6,4,1,12,0,0,0,1,29,64015,6,1,0,0,3,1,72,190,0,0,0,1,0,7,2009,7,2009,0,0,0,0,0,3,8,70,1,1,2,1,0,0,1,60,1,1,1,33,0,0
20,200318,1,1,1,10,11,15,45,24,0,1,0,20,1,12,35,12035,4,2000,1FAFP663XYK1,1,F,A,F,P,6,6,3,X,Y,K,1,0,P,FORD,CSE,4D,0,17,2769,,0,1065,,G,,F,4,121,,,14R185,,,,,,0,0,000000000,00000000000,0,0,0,1,0,0,0,0,0,0,0,998,0,0,0,2,2,6,2,24,0,0,0,1,20,67546,6,1,0,0,3,1,70,160,0,0,0,1,0,3,2011,3,2011,1,58,0,0,0,1,2,30,1,1,1,1,0,0,6,6,1,1,4,6,1,0
20,200319,1,1,1,10,11,8,49,32,0,1,0,20,1,20,481,20481,31,1989,1GCGC24K7KE2,1,G,C,G,C,2,4,K,7,K,E,2,0,T,CHEV,GC2,PK,89,17,,2,0,1315,GM4,G,,,8,350,,,,C,4360,05,,42,0,0,000000000,00000000000,0,0,0,1,0,0,0,0,0,0,0,998,0,0,0,99,12,6,2,42,0,0,0,1,20,66053,6,1,0,0,3,0,72,198,0,0,0,0,0,0,0,0,0,0,0,0,0,0,1,2,55,1,2,2,1,0,0,1,13,1,1,4,1,1,0
20,200320,1,2,3,13,11,6,30,12,6,1,0,20,1,49,482,49482,31,2003,5TBBT441X3S3,5,T,B,B,T,4,4,1,X,3,S,3,0,T,TOYT,TT5,4C,3,17,,2,0,1283,TUN,G,,,8,285,,,,B,4320,00,U,44,0,0,000000000,00000000000,0,0,0,1,0,0,0,0,0,0,0,998,0,0,0,12,12,6,2,12,0,0,0,1,20,67002,6,1,0,0,3,0,64,140,1,0,0,0,0,4,2010,4,2010,0,38,0,0,0,1,2,65,1,2,2,1,0,0,11,54,6,1,2,98,0,1
20,200320,2,2,1,13,11,6,30,12,6,1,0,20,1,12,471,12471,30,2003,1FTZR45E63PA,1,F,T,Z,R,4,5,E,6,3,P,A,0,T,FORD,RNS,4C,3,17,,1,0,1259,RNG,G,,,6,245,,,,B,3760,02,U,44,0,0,000000000,00000000000,0,0,0,1,0,0,0,0,0,0,0,998,0,1,1,10,10,6,2,12,0,0,0,1,20,67110,6,1,0,0,3,1,72,190,0,0,0,0,0,0,0,0,0,0,0,0,0,0,1,2,65,2,2,2,1,0,0,14,62,1,1,1,98,1,0