STATE,ST_CASE,VEH_NO,VE_FORMS,NUMOCCS,DAY,MONTH,HOUR,MINUTE,HARM_EV,MAN_COLL,UNITTYPE,HIT_RUN,REG_STAT,OWNER,MAKE,MODEL,MAK_MOD,BODY_TYP,MOD_YEAR,VIN,VIN_1,VIN_2,VIN_3,VIN_4,VIN_5,VIN_6,VIN_7,VIN_8,VIN_9,VIN_10,VIN_11,VIN_12,TOW_VEH,VINTYPE,VINMAKE,VINA_MOD,VIN_BT,VINMODYR,VIN_LNGT,VIN_WGT,WGTCD_TR,WHLBS_LG,WHLBS_SH,SER_TR,FUELCODE,MCYCL_DS,CARBUR,CYLINDER,DISPLACE,MCYCL_CY,MCYCL_WT,TIRE_SZE,TON_RAT,TRK_WT,TRKWTVAR,VIN_REST,WHLDRWHL,J_KNIFE,MCARR_I1,MCARR_I2,MCARR_ID,GVWR,V_CONFIG,CARGO_BT,HAZ_INV,HAZ_PLAC,HAZ_ID,HAZ_CNO,HAZ_REL,BUS_USE,SPEC_USE,EMER_USE,TRAV_SP,UNDERIDE,ROLLOVER,ROLINLOC,IMPACT1,IMPACT2,DEFORMED,TOWED,M_HARM,VEH_SC1,VEH_SC2,FIRE_EXP,DR_PRES,L_STATE,DR_ZIP,L_STATUS,L_TYPE,CDL_STAT,L_ENDORS,L_COMPL,L_RESTRI,DR_HGT,DR_WGT,PREV_ACC,PREV_SUS,PREV_DWI,PREV_SPD,PREV_OTH,FIRST_MO,FIRST_YR,LAST_MO,LAST_YR,SPEEDREL,DR_SF1,DR_SF2,DR_SF3,DR_SF4,VTRAFWAY,VNUM_LAN,VSPD_LIM,VALIGN,VPROFILE,VPAVETYP,VSURCOND,VTRAFCON,VTCONT_F,P_CRASH1,P_CRASH2,P_CRASH3,PCRASH4,PCRASH5,ACC_TYPE,DEATHS,DR_DRINK
20,200321,1,3,4,14,11,6,10,12,2,1,0,20,2,14,401,14401,14,2004,4M2ZU86W04UJ,4,M,2,Z,U,8,6,W,0,4,U,J,0,P,MERC,MOU,UT,4,17,4433,,0,1138,,G,,F,8,281,,,16R235,,,,,,0,0,000000000,00000000000,0,0,0,1,0,0,0,0,0,0,0,998,0,1,5,12,12,6,2,1,0,0,0,1,20,66223,6,1,0,0,3,0,66,130,1,0,0,2,0,4,2009,8,2010,0,58,0,0,0,2,4,65,1,1,2,1,0,0,4,12,7,4,6,50,2,0
20,200321,2,3,1,14,11,6,10,12,2,1,0,20,1,12,471,12471,30,2000,1FTZR15V8YPB,1,F,T,Z,R,1,5,V,8,Y,P,B,0,T,FORD,RNS,PC,0,17,,1,0,1259,RNG,F,,,6,182,,,,B,3599,01,U,44,0,0,000000000,00000000000,0,0,0,1,0,0,0,0,0,0,0,65,0,0,0,12,12,6,2,12,0,0,0,1,20,66223,6,1,0,0,3,1,74,201,0,0,0,0,0,0,0,0,0,0,0,0,0,0,2,4,65,9,9,1,1,0,0,1,62,1,1,1,51,0,0
20,200321,3,3,1,14,11,6,10,12,2,1,0,20,3,23,481,23481,31,2006,1GTEK14X76Z2,1,G,T,E,K,1,4,X,7,6,Z,2,0,T,GMC,NK1,PK,6,17,,2,1330,1190,SIE,G,,,6,262,,,,B,4508,01,4,44,0,0,000000000,00000000000,0,0,0,1,0,0,0,0,0,0,0,63,0,0,0,12,12,6,2,12,0,0,0,1,20,66040,6,1,0,0,3,0,72,250,0,0,0,0,0,0,0,0,0,0,0,0,0,0,2,4,65,9,9,1,1,0,0,1,62,1,1,1,98,0,0
20,200322,1,2,1,14,11,18,45,12,6,1,0,20,1,7,472,7472,30,2003,1D7HL32N03S1,1,D,7,H,L,3,2,N,0,3,S,1,0,T,DODG,SPT,PC,3,17,,2,0,1309,DAK,G,,,8,287,,,,B,3918,00,E,42,0,0,000000000,00000000000,0,0,0,1,0,0,0,0,0,0,0,998,0,1,1,11,12,6,2,1,0,0,0,1,20,67216,6,1,0,0,3,0,73,165,2,1,0,1,3,2,2009,7,2010,0,38,39,0,0,1,2,45,1,9,2,1,20,3,11,17,1,1,1,82,1,0
20,200322,2,2,2,14,11,18,45,12,6,1,0,20,2,22,20,22020,2,2000,1G2WP12KXYF2,1,G,2,W,P,1,2,K,X,Y,F,2,0,P,PONT,GPG,CP,0,17,3386,,0,1105,,G,,F,6,231,,,16R225,,,,,,0,0,000000000,00000000000,0,0,0,1,0,0,0,0,0,0,0,998,0,0,0,1,2,6,2,12,0,0,0,1,31,67333,6,1,0,0,3,0,62,180,0,0,0,0,0,0,0,0,0,0,0,0,0,0,1,2,65,3,1,2,1,0,0,14,67,1,1,1,83,0,0
20,200323,1,2,1,16,11,13,45,12,6,1,0,20,1,48,34,48034,6,1999,4S3BG6856X76,4,S,3,B,G,6,8,5,6,X,7,6,0,P,SUBA,UVT,SW,99,17,3175,,0,1035,,G,,F,4,150,,,15R205,,,,,,0,0,000000000,00000000000,0,0,0,1,0,0,0,0,0,0,0,998,0,0,0,11,12,6,2,12,0,0,0,1,20,66046,6,1,0,0,3,0,74,180,1,0,0,1,1,8,2009,3,2011,0,27,0,0,0,3,4,75,2,9,2,1,0,0,14,10,1,1,6,64,1,0
20,200323,2,2,1,16,11,13,45,12,6,1,0,34,1,84,881,84881,66,2004,2HSCNASR54C0,2,H,S,C,N,A,S,R,5,4,C,0,1,T,INTL,94I,TR,4,17,,8,0,0,940,D,,,6,893,,,,,00000,00,,64,1,57,1926878,571926878,3,6,1,1,0,0,0,0,0,0,0,60,0,0,0,7,7,6,2,12,0,0,0,1,34,7203,6,1,6,1,3,0,68,999,0,0,0,0,1,11,2011,11,2011,0,0,0,0,0,3,4,75,1,1,2,1,0,0,1,62,7,1,2,65,0,0
20,200324,1,2,2,16,11,20,31,12,6,1,0,22,2,35,43,35043,4,2011,3N1AB6AP7BL6,3,N,1,A,B,6,A,P,7,B,L,6,0,P,NISS,SBL,4D,11,17,2862,,0,1057,,G,,F,4,122,,,16R205,,,,,,0,0,000000000,00000000000,0,0,0,1,0,0,0,0,0,0,0,998,0,0,0,3,3,6,2,12,0,0,0,1,29,64093,6,1,0,0,3,0,999,999,0,0,0,0,0,0,0,0,0,1,38,0,0,0,1,3,65,1,1,2,1,20,3,1,17,1,1,1,87,1,0
20,200324,2,2,1,16,11,20,31,12,6,1,0,20,2,49,402,49402,14,2008,JTMZD31V4851,J,T,M,Z,D,3,1,V,4,8,5,1,0,P,TOYT,RG4,UT,8,17,3371,,0,1047,,G,,F,4,144,,,17R225,,,,,,0,0,000000000,00000000000,0,0,0,1,0,0,0,0,0,0,0,998,0,0,0,12,12,6,2,12,0,0,0,1,20,67037,6,1,0,0,3,9,64,120,0,0,0,0,1,3,2011,3,2011,0,0,0,0,0,1,3,65,1,2,2,1,0,0,1,66,1,1,1,86,0,0
20,200325,1,2,1,16,11,15,36,53,0,1,0,20,1,23,471,23471,30,2003,1GTCS19X6381,1,G,T,C,S,1,9,X,6,3,8,1,0,T,GMC,SON,3C,3,17,,1,0,1229,SON,G,,,6,262,,,,B,3198,00,U,42,0,0,000000000,00000000000,0,0,0,1,0,0,0,0,0,0,0,998,0,0,0,2,1,6,2,12,0,0,0,1,20,66605,6,1,0,0,3,0,70,215,0,0,0,0,0,0,0,0,0,0,99,99,99,99,2,4,40,1,1,1,1,0,0,99,13,1,1,4,98,1,1
20,200325,2,2,1,16,11,15,36,53,0,1,0,20,1,7,482,7482,31,2005,1D7HA18D85S2,1,D,7,H,A,1,8,D,8,5,S,2,0,T,DODG,SQ1,CW,5,17,,2,1605,1405,RPC,G,,,8,348,,,,B,4620,03,E,42,0,0,000000000,00000000000,0,0,0,1,0,0,0,0,0,0,0,998,0,0,0,12,12,6,2,12,0,0,0,1,20,66605,6,1,0,0,3,0,68,140,1,0,0,1,0,2,2010,4,2011,0,0,0,0,0,2,4,40,1,1,2,1,0,0,1,62,9,1,2,98,0,0
20,200326,1,1,1,19,11,21,13,53,0,1,0,20,1,20,421,20421,15,1996,1GENC13R4TJ4,1,G,E,N,C,1,3,R,4,T,J,4,0,T,CHEV,,,96,17,,,,,,G,,,8,350,,,,,,,,,0,0,000000000,00000000000,0,0,0,1,0,0,0,0,0,0,0,998,0,0,0,12,11,6,2,30,0,0,0,1,20,66523,6,1,0,0,3,0,69,165,0,0,0,1,0,2,2009,2,2009,0,0,0,0,0,1,2,30,1,1,2,1,0,0,1,12,1,1,4,6,1,0
20,200327,1,1,1,21,11,1,54,31,0,1,0,20,1,7,20,7020,4,2003,1B3ES66SX3D2,1,B,3,E,S,6,6,S,X,3,D,2,0,P,DODG,NR4,4D,3,17,2869,,0,1040,,G,,T,4,146,,,15R185,,,,,,0,0,000000000,00000000000,0,0,0,1,0,0,0,0,0,0,0,998,0,1,5,10,12,6,2,1,0,0,0,1,20,66036,1,1,0,0,2,0,71,145,0,0,0,0,2,6,2009,12,2009,1,0,0,0,0,2,4,65,1,2,1,1,0,0,1,13,1,4,4,2,1,0
20,200328,1,4,5,25,11,22,50,12,6,1,0,20,1,20,481,20481,31,1998,2GCEK19R3W12,2,G,C,E,K,1,9,R,3,W,1,2,0,T,CHEV,GK1,PC,98,17,,2,1555,1415,GM4,G,,,8,350,,,,B,00000,00,,44,0,0,000000000,00000000000,0,0,0,1,0,0,0,0,0,0,0,998,0,0,0,12,12,6,2,12,0,0,0,1,35,67210,6,1,0,0,3,0,71,205,0,0,0,0,0,0,0,0,0,0,0,0,0,0,9,9,40,9,9,2,2,3,3,1,66,1,1,1,86,0,0
20,200328,2,4,2,25,11,22,50,12,6,1,0,20,1,12,17,12017,4,2002,1FAFP52U82A2,1,F,A,F,P,5,2,U,8,2,A,2,0,P,FORD,TAX,4D,2,17,3355,,0,1085,,G,,F,6,182,,,16R215,,,,,,0,0,000000000,00000000000,0,0,0,1,0,0,0,0,0,0,0,998,0,0,0,3,3,6,2,12,0,0,0,1,20,67010,6,1,0,0,3,0,71,180,0,0,0,0,0,0,0,0,0,0,39,0,0,0,5,4,45,9,9,2,2,3,3,1,17,1,1,1,87,1,0
20,200328,3,4,1,25,11,22,50,12,6,1,0,20,2,37,32,37032,2,1999,1HGCG2256XA0,1,H,G,C,G,2,2,5,6,X,A,0,0,P,HOND,UEX,CP,99,17,3241,,0,1051,,G,,F,6,183,,,16R205,,,,,,0,0,000000000,00000000000,0,0,0,1,0,0,0,0,0,0,0,0,0,0,0,12,12,4,3,12,0,0,0,1,20,67206,6,1,0,0,3,1,62,115,1,0,0,0,1,10,2010,11,2010,0,0,0,0,0,5,4,45,9,9,2,2,3,3,5,50,1,1,1,98,0,0
20,200328,4,4,2,25,11,22,50,12,6,1,0,20,2,24,401,24401,14,2006,5GZCZ23D36S8,5,G,Z,C,Z,2,3,D,3,6,S,8,0,P,STRN,VUE,UT,6,17,3207,,0,1066,,G,,F,4,134,,,16R215,,,,,,0,0,000000000,00000000000,0,0,0,1,0,0,0,0,0,0,0,0,0,0,0,12,12,4,3,12,0,0,0,1,20,67206,6,1,0,0,3,0,69,145,0,0,0,0,0,0,0,0,0,0,0,0,0,0,5,4,45,9,9,2,2,3,3,98,50,98,1,1,98,0,0
20,200329,1,1,1,27,9,20,33,1,0,1,0,20,1,98,998,98998,97,9999,999999999999,9,9,9,9,9,9,9,9,9,9,9,9,0,,,,,,,,,,,,,,,,,,,,,,,,,0,0,000000000,00000000000,0,0,0,1,0,0,0,0,0,0,0,998,0,1,5,0,10,9,9,1,0,0,0,1,20,67354,6,1,0,0,3,1,69,185,0,0,0,0,0,0,0,0,0,0,0,0,0,0,1,2,55,1,1,4,1,0,0,1,12,1,1,4,6,1,0
20,200330,1,2,1,29,11,11,50,12,8,1,0,31,1,7,461,7461,48,1999,1MWB07092X80,1,M,W,B,0,7,0,9,2,X,8,0,0,T,DODG,,,99,17,,,,,,,,,,,,,,,,,,,0,0,000000000,00000000000,0,0,0,1,0,0,0,0,0,0,0,998,0,0,0,10,9,6,2,12,0,0,0,1,31,68516,6,1,0,0,3,0,70,175,0,0,0,0,0,0,0,0,0,0,51,0,0,0,1,2,65,1,2,2,1,0,0,1,10,1,1,2,64,1,0
20,200330,2,2,1,29,11,11,50,12,8,1,0,31,1,20,881,20881,63,1997,1GBM7H1M1VJ1,1,G,B,M,7,H,1,M,1,V,J,1,1,T,CHEV,7H4,CB,97,17,,7,2590,1450,CSR,G,,,8,427,,,,,00000,00,,42,1,57,335399,57335399,3,4,97,1,0,0,0,0,0,0,0,998,0,0,0,99,99,9,9,12,0,0,0,1,31,69033,6,1,6,0,3,0,70,170,0,0,0,0,0,0,0,0,0,0,0,0,0,0,1,2,65,1,2,2,1,0,0,1,62,7,1,2,65,0,0
20,200331,1,2,1,30,11,11,59,12,6,1,0,20,1,49,402,49402,14,2008,JTMBK33V1860,J,T,M,B,K,3,3,V,1,8,6,0,0,P,TOYT,RG4,UT,8,17,3655,,0,1047,,G,,F,6,214,,,17R225,,,,,,0,0,000000000,00000000000,0,0,0,1,0,0,0,0,0,0,0,998,0,1,5,1,1,6,2,12,0,0,0,1,20,67578,6,1,0,0,3,1,67,180,2,0,0,2,0,5,2010,7,2011,1,39,0,0,0,1,2,55,1,1,2,1,20,3,1,17,1,1,1,88,0,0
20,200331,2,2,1,30,11,11,59,12,6,1,0,20,1,20,481,20481,31,2000,1GCGK29U7YE1,1,G,C,G,K,2,9,U,7,Y,E,1,1,T,CHEV,SK2,3C,0,17,,2,1575,1435,SIL,G,,,8,364,,,,C,5485,00,,44,1,0,000000000,00000000000,0,0,0,1,0,0,0,0,0,0,0,998,0,1,5,10,10,6,2,12,0,0,0,1,20,67215,6,1,0,0,3,1,74,180,0,0,0,0,0,0,0,0,0,0,0,0,0,0,1,2,55,1,1,2,1,0,0,1,66,1,1,1,89,1,0
20,200332,1,2,1,1,12,6,40,12,6,1,0,20,3,12,37,12037,4,2007,1FAHP34N67W3,1,F,A,H,P,3,4,N,6,7,W,3,0,P,FORD,FMS,4D,7,17,2636,,0,1029,,G,,F,4,122,,,15R195,,,,,,0,0,000000000,00000000000,0,0,0,1,0,0,0,0,0,0,0,998,0,1,5,2,99,6,2,1,0,0,0,1,20,67570,6,1,0,0,3,1,65,180,2,0,0,0,1,8,2009,7,2011,0,58,0,0,0,2,4,70,1,1,1,1,0,0,15,9,1,4,6,48,1,0
20,200332,2,2,1,1,12,6,40,12,6,1,0,20,1,2,405,2405,14,2004,1J4GL58K14W1,1,J,4,G,L,5,8,K,1,4,W,1,0,T,JEEP,LMD,4W,4,17,,1,0,1043,LIB,G,,,6,226,,,,,3892,00,E,44,0,0,000000000,00000000000,0,0,0,1,0,0,0,0,0,0,0,998,0,0,0,12,99,6,2,12,0,0,0,1,20,67111,6,1,0,0,3,1,70,185,0,0,0,0,0,0,0,0,0,0,0,0,0,0,2,4,70,1,1,1,1,0,0,1,60,1,1,1,48,0,0
20,200333,1,1,1,3,12,15,35,26,0,1,0,29,2,21,21,21021,4,2001,1G3NL52E11C1,1,G,3,N,L,5,2,E,1,1,C,1,0,P,OLDS,A/G,4D,1,17,3022,,0,1070,,G,,F,6,207,,,15R215,,,,,,0,0,000000000,00000000000,0,0,0,1,0,0,0,0,0,0,0,998,0,1,2,1,13,6,2,1,0,0,0,1,29,64110,1,1,0,0,2,0,61,152,0,0,0,0,1,6,2011,6,2011,1,87,0,0,0,3,6,55,3,2,1,2,0,0,14,6,1,1,4,1,1,1
20,200334,1,2,5,3,12,10,35,12,1,1,0,20,1,20,422,20422,15,2004,1GNFK16T24J2,1,G,N,F,K,1,6,T,2,4,J,2,0,P,CHEV,K15,UT,4,17,5219,,0,1300,,G,,F,8,325,,,16R265,,,,,,0,0,000000000,00000000000,0,0,0,1,0,0,0,0,0,0,0,0,0,0,0,6,6,2,1,12,0,0,0,1,20,67204,6,1,0,0,3,0,62,250,0,0,0,2,1,4,2009,6,2010,0,0,0,0,0,1,2,35,1,1,2,2,3,3,5,53,1,1,1,21,0,0
20,200334,2,2,2,3,12,10,35,12,1,1,0,20,1,12,13,12013,4,1999,1FAFP10P6XW2,1,F,A,F,P,1,0,P,6,X,W,2,0,P,FORD,LXE,4D,99,17,2468,,0,984,,G,,F,4,122,,,14R185,,,,,,0,0,000000000,00000000000,0,0,0,1,0,0,0,0,0,0,0,998,0,0,0,12,12,6,2,12,0,0,0,1,20,67204,6,1,0,0,3,1,66,125,1,0,0,0,0,6,2010,6,2010,1,92,0,0,0,1,2,35,1,1,2,2,3,3,1,50,4,1,1,20,1,0
20,200335,1,1,2,3,12,12,3,42,0,1,0,20,1,2,404,2404,14,1996,1J4GZ58Y6TC3,1,J,4,G,Z,5,8,Y,6,T,C,3,0,T,JEEP,LRO,4W,96,17,,1,0,1059,GCK,G,,,8,318,,,,,3686,00,E,44,0,0,000000000,00000000000,0,0,0,1,0,0,0,0,0,0,0,998,0,0,0,12,12,6,9,42,0,0,0,1,20,67045,6,1,0,0,3,0,72,170,0,0,0,1,0,1,2011,1,2011,1,87,0,0,0,1,2,55,1,1,4,2,0,0,1,8,1,1,4,6,1,0
20,200336,1,2,1,6,12,14,20,12,6,1,0,20,1,12,17,12017,4,2004,1FAHP53U14G1,1,F,A,H,P,5,3,U,1,4,G,1,0,P,FORD,TSE,4D,4,17,3306,,0,1085,,G,,F,6,182,,,16R215,,,,,,0,0,000000000,00000000000,0,0,0,1,0,0,0,0,0,0,0,998,0,0,0,12,12,6,2,12,0,0,0,1,20,67478,6,1,0,0,3,1,67,160,0,0,0,0,0,0,0,0,0,0,51,0,0,0,2,4,70,1,3,2,1,0,0,1,10,1,1,6,64,1,0
20,200336,2,2,1,6,12,14,20,12,6,1,0,40,3,84,881,84881,66,2006,2HSCEAPR26C2,2,H,S,C,E,A,P,R,2,6,C,2,1,T,INTL,92I,TR,6,17,,8,0,0,920,D,,,6,915,,,,,00000,00,,64,1,57,4247,574247,3,6,2,2,2,1203,3,2,0,0,0,998,0,0,0,7,7,6,2,12,0,0,0,1,20,67401,6,1,6,1,3,0,68,160,0,0,0,2,0,2,2009,2,2009,0,0,0,0,0,2,4,70,1,3,2,1,0,0,1,62,1,1,1,65,0,0
20,200337,1,1,2,7,12,99,99,31,0,1,0,20,2,2,404,2404,14,2000,1J4GW58N0YC3,1,J,4,G,W,5,8,N,0,Y,C,3,0,T,JEEP,LMT,4W,0,17,,1,0,1059,GCK,G,,,8,287,,,,,3917,01,E,44,0,0,000000000,00000000000,0,0,0,1,0,0,0,0,0,0,0,998,0,1,5,2,13,6,2,1,0,0,0,1,99,99999,9,9,99,9,9,9,999,999,99,99,99,99,99,99,9999,99,9999,0,0,0,0,0,6,1,65,3,6,1,1,0,0,14,13,99,1,4,1,1,0
20,200338,1,2,1,8,12,23,56,12,6,1,0,29,1,52,37,52037,2,2007,4A3AK64F07E0,4,A,3,A,K,6,4,F,0,7,E,0,0,P,MITS,ESE,2H,7,17,3307,,0,1014,,G,,F,4,145,,,17R225,,,,,,0,0,000000000,00000000000,0,0,0,1,0,0,0,0,0,0,0,998,0,0,0,3,3,6,2,12,0,0,0,1,48,64123,1,1,0,0,2,1,999,999,0,1,0,0,0,10,2011,10,2011,0,51,0,0,0,1,2,65,3,1,2,1,0,0,14,10,1,1,2,64,1,1
20,200338,2,2,2,8,12,23,56,12,6,1,0,93,3,51,881,51881,66,2005,4V4NC9TJ15N3,4,V,4,N,C,9,T,J,1,5,N,3,1,T,VOLV,VNL,TR,5,17,,8,0,0,VVN,D,,,6,915,,,,,00000,00,,64,1,57,215732,57215732,3,6,1,1,0,0,0,0,0,0,0,998,0,0,0,12,12,6,2,12,0,0,0,1,20,66109,6,1,6,1,3,1,71,200,0,0,0,0,0,0,0,0,0,0,0,0,0,0,1,2,65,2,1,2,1,0,0,14,62,4,1,1,65,0,0
20,200339,1,3,3,9,12,12,23,12,1,1,0,20,1,41,37,41037,4,1998,1YVGF22D9W56,1,Y,V,G,F,2,2,D,9,W,5,6,0,P,MAZD,U6X,4D,98,17,2994,,0,1051,,G,,F,6,152,,,15R205,,,,,,0,0,000000000,00000000000,0,0,0,1,0,0,0,0,0,0,0,998,0,0,0,12,11,6,2,12,0,0,0,1,20,66801,1,1,0,0,2,0,68,190,1,0,1,0,2,6,2010,8,2010,1,36,0,0,0,2,4,35,1,1,1,1,20,3,1,50,1,1,1,20,1,0
20,200339,2,3,1,9,12,12,23,12,1,1,0,20,1,18,2,18002,4,1995,1G4HP52LXSH4,1,G,4,H,P,5,2,L,X,S,H,4,0,P,BUIC,LCF,4D,95,17,3422,,0,1108,,G,,F,6,231,,,15R205,,,,,,0,0,000000000,00000000000,0,0,0,1,0,0,0,0,0,0,0,0,0,0,0,6,6,4,9,12,0,0,0,1,20,66032,6,1,0,0,3,1,60,110,0,0,0,0,0,0,0,0,0,0,0,0,0,0,2,4,35,1,1,1,1,20,3,5,78,1,1,1,21,0,0
20,200339,3,3,2,9,12,12,23,12,1,1,0,20,1,12,471,12471,30,2006,1FTZR45E66PA,1,F,T,Z,R,4,5,E,6,6,P,A,0,T,FORD,RNS,4C,6,17,,1,0,1260,RNG,G,,,6,244,,,,B,3697,00,U,44,0,0,000000000,00000000000,0,0,0,1,0,0,0,0,0,0,0,0,0,0,0,5,5,6,2,12,0,0,0,1,20,66075,6,1,0,0,3,0,63,196,0,0,0,0,0,0,0,0,0,0,0,0,0,0,2,4,35,1,1,1,1,20,3,5,78,1,1,1,98,0,0
20,200340,1,2,2,10,12,1,25,12,2,1,0,20,1,63,32,63032,4,2003,KNADC1254362,K,N,A,D,C,1,2,5,4,3,6,2,0,P,KIA,RIO,4D,3,17,2403,,0,949,,G,,F,4,097,,,14R175,,,,,,0,0,000000000,00000000000,0,0,0,1,0,0,0,0,0,0,0,998,0,0,0,12,12,6,2,12,0,0,1,1,20,67217,6,1,0,0,3,1,59,105,1,0,0,0,0,3,2009,3,2009,0,51,0,0,0,2,4,70,1,1,1,1,0,0,1,9,1,1,6,50,2,1
20,200340,2,2,2,10,12,1,25,12,2,1,0,47,1,23,422,23422,15,2004,1GKFK16Z34J1,1,G,K,F,K,1,6,Z,3,4,J,1,0,T,GMC,KX1,4W,4,17,,2,0,1300,YUK,F,,,8,325,,,,B,5567,00,4,44,0,0,000000000,00000000000,0,0,0,1,0,0,0,0,0,0,0,998,0,0,0,12,12,6,2,12,0,0,0,1,47,38017,6,1,0,0,3,1,63,125,0,0,0,0,0,0,0,0,0,0,0,0,0,0,2,4,70,1,1,1,1,0,0,1,62,99,1,1,51,0,0
20,200341,1,2,1,12,12,15,0,12,6,1,0,20,1,30,47,30047,3,2010,3VWPW3AG3AM0,3,V,W,P,W,3,A,G,3,A,M,0,0,P,VOLK,BES,2H,10,17,2917,,0,988,,G,,F,5,151,,,16R205,,,,,,0,0,000000000,00000000000,0,0,0,1,0,0,0,0,0,0,0,998,0,0,0,3,3,6,2,12,0,0,0,1,20,66045,6,1,0,0,3,0,60,100,0,0,0,0,0,0,0,0,0,0,39,38,0,0,1,2,35,1,1,4,1,20,3,1,17,1,1,1,87,1,0
20,200341,2,2,1,12,12,15,0,12,6,1,0,20,1,7,482,7482,31,2005,1D7HU18DX5S3,1,D,7,H,U,1,8,D,X,5,S,3,0,T,DODG,SQ1,CW,5,17,,2,1605,1405,RPC,G,,,8,348,,,,B,4979,03,E,44,0,0,000000000,00000000000,0,0,0,1,0,0,0,0,0,0,0,55,0,0,0,12,12,6,2,12,0,0,0,1,20,66202,6,1,0,0,3,0,72,250,0,0,0,0,0,0,0,0,0,0,0,0,0,0,1,2,55,1,2,2,1,0,0,1,66,1,1,1,86,0,0
20,200342,1,2,1,16,12,15,8,12,2,1,0,20,1,18,2,18002,4,1998,1G4HP52K5WH4,1,G,4,H,P,5,2,K,5,W,H,4,0,P,BUIC,LCF,4D,98,17,3348,,0,1108,,G,,F,6,231,,,15R205,,,,,,0,0,000000000,00000000000,0,0,0,1,0,0,0,0,0,0,0,998,0,0,0,12,12,6,2,12,0,0,0,1,20,66088,6,1,0,0,3,0,74,185,0,0,0,0,0,0,0,0,0,0,38,0,0,0,1,2,65,1,1,2,1,0,0,11,15,1,1,2,68,1,0
20,200342,2,2,2,16,12,15,8,12,2,1,0,20,3,12,461,12461,21,2005,1FMRE11WX5HA,1,F,M,R,E,1,1,W,X,5,H,A,0,P,FORD,ECO,SV,5,17,5005,,0,1380,,G,,F,8,281,,,16R235,,,,,,0,0,000000000,00000000000,0,0,0,1,0,0,0,0,0,0,0,998,0,0,0,12,12,6,9,12,0,0,0,1,20,66066,6,1,6,1,3,1,68,220,0,0,0,0,0,0,0,0,0,0,0,0,0,0,1,2,65,1,1,2,1,0,0,1,67,1,1,1,69,0,0
20,200343,1,1,2,16,12,20,0,30,0,1,0,20,1,37,32,37032,4,2003,1HGCM56633A1,1,H,G,C,M,5,6,6,3,3,A,1,0,P,HOND,UEX,4D,3,17,3109,,0,1079,,G,,F,4,146,,,16R205,,,,,,0,0,000000000,00000000000,0,0,0,1,0,0,0,0,0,0,0,998,0,1,5,2,2,6,2,1,0,0,0,1,20,66607,6,1,0,0,3,0,64,190,0,0,0,0,0,0,0,0,0,0,58,0,0,0,8,8,35,9,9,2,1,0,0,1,89,6,4,4,8,2,0
20,200344,1,1,1,17,12,14,15,43,0,1,0,29,1,12,17,12017,4,1997,1FALP52U2VG1,1,F,A,L,P,5,2,U,2,V,G,1,0,P,FORD,TAG,4D,97,17,3329,,0,1085,,G,,F,6,182,,,15R205,,,,,,0,0,000000000,00000000000,0,0,0,1,0,0,0,0,0,0,0,70,0,0,0,14,12,6,2,21,0,0,0,1,29,64086,6,1,0,0,3,0,66,120,0,0,0,0,0,0,0,0,0,0,99,99,99,99,2,6,70,1,3,2,1,0,0,1,12,9,1,4,6,1,0
20,200345,1,2,1,19,12,15,26,12,6,1,0,20,1,20,481,20481,31,2003,1GCHK23133F1,1,G,C,H,K,2,3,1,3,3,F,1,0,T,CHEV,2KH,CW,3,17,,2,1670,1530,SIL,D,,,8,403,,,,C,5899,01,,44,0,0,000000000,00000000000,0,0,0,1,0,0,0,0,0,0,0,998,0,0,0,3,3,6,2,12,0,0,0,1,20,67505,6,1,0,0,3,1,68,180,0,0,0,0,0,0,0,0,0,0,87,0,0,0,1,2,65,9,9,2,4,0,0,1,5,4,4,2,66,1,0
20,200345,2,2,2,19,12,15,26,12,6,1,0,20,1,7,482,7482,31,1998,3B7HC13Z1WG2,3,B,7,H,C,1,3,Z,1,W,G,2,0,T,DODG,Q15,4C,98,17,,2,1547,1387,RPC,G,,,8,360,,,,B,4617,01,U,42,0,0,000000000,00000000000,0,0,0,1,0,0,0,0,0,0,0,38,0,0,0,12,12,6,2,12,0,0,0,1,20,67601,6,1,0,0,3,1,71,245,0,0,0,0,0,0,0,0,0,0,0,0,0,0,1,2,65,1,2,2,4,0,0,1,62,1,1,1,66,0,0
20,200346,1,2,2,19,12,16,53,33,0,1,0,29,1,20,23,20023,6,2006,3GNDA23P86S5,3,G,N,D,A,2,3,P,8,6,S,5,0,P,CHEV,HHR,SV,6,17,3155,,0,1035,,G,,F,4,146,,,16R215,,,,,,0,0,000000000,00000000000,0,0,0,1,0,0,0,0,0,0,0,24,0,0,0,14,11,6,2,12,0,0,0,1,29,64076,6,1,0,0,3,1,66,140,0,0,0,0,0,0,0,0,0,0,87,0,0,0,2,6,45,1,1,2,2,3,3,1,59,6,1,4,8,1,0
20,200346,2,2,1,19,12,16,53,33,0,1,0,20,2,54,421,54421,15,2003,2HNYD18673H5,2,H,N,Y,D,1,8,6,7,3,H,5,0,P,ACUR,MDX,UT,3,17,4420,,0,1063,,G,,F,6,212,,,17R235,,,,,,0,0,000000000,00000000000,0,0,0,1,0,0,0,0,0,0,0,0,0,0,0,12,12,6,2,12,0,0,0,1,20,66220,6,1,0,0,3,0,67,125,0,0,0,0,0,0,0,0,0,0,0,0,0,0,2,6,45,1,1,2,2,3,3,5,62,1,1,1,98,0,0