STATE,ST_CASE,VEH_NO,VE_FORMS,NUMOCCS,DAY,MONTH,HOUR,MINUTE,HARM_EV,MAN_COLL,UNITTYPE,HIT_RUN,REG_STAT,OWNER,MAKE,MODEL,MAK_MOD,BODY_TYP,MOD_YEAR,VIN,VIN_1,VIN_2,VIN_3,VIN_4,VIN_5,VIN_6,VIN_7,VIN_8,VIN_9,VIN_10,VIN_11,VIN_12,TOW_VEH,VINTYPE,VINMAKE,VINA_MOD,VIN_BT,VINMODYR,VIN_LNGT,VIN_WGT,WGTCD_TR,WHLBS_LG,WHLBS_SH,SER_TR,FUELCODE,MCYCL_DS,CARBUR,CYLINDER,DISPLACE,MCYCL_CY,MCYCL_WT,TIRE_SZE,TON_RAT,TRK_WT,TRKWTVAR,VIN_REST,WHLDRWHL,J_KNIFE,MCARR_I1,MCARR_I2,MCARR_ID,GVWR,V_CONFIG,CARGO_BT,HAZ_INV,HAZ_PLAC,HAZ_ID,HAZ_CNO,HAZ_REL,BUS_USE,SPEC_USE,EMER_USE,TRAV_SP,UNDERIDE,ROLLOVER,ROLINLOC,IMPACT1,IMPACT2,DEFORMED,TOWED,M_HARM,VEH_SC1,VEH_SC2,FIRE_EXP,DR_PRES,L_STATE,DR_ZIP,L_STATUS,L_TYPE,CDL_STAT,L_ENDORS,L_COMPL,L_RESTRI,DR_HGT,DR_WGT,PREV_ACC,PREV_SUS,PREV_DWI,PREV_SPD,PREV_OTH,FIRST_MO,FIRST_YR,LAST_MO,LAST_YR,SPEEDREL,DR_SF1,DR_SF2,DR_SF3,DR_SF4,VTRAFWAY,VNUM_LAN,VSPD_LIM,VALIGN,VPROFILE,VPAVETYP,VSURCOND,VTRAFCON,VTCONT_F,P_CRASH1,P_CRASH2,P_CRASH3,PCRASH4,PCRASH5,ACC_TYPE,DEATHS,DR_DRINK
20,200347,1,1,1,20,12,0,11,33,0,1,0,20,1,37,32,37032,2,1998,1HGCG3256WA0,1,H,G,C,G,3,2,5,6,W,A,0,0,P,HOND,UEX,CP,98,17,2963,,0,1051,,G,,F,4,138,,,15R195,,,,,,0,0,000000000,00000000000,0,0,0,1,0,0,0,0,0,0,0,998,0,0,0,14,9,6,2,30,0,0,0,1,20,67218,6,1,0,0,3,0,72,160,1,0,0,1,0,3,2010,7,2011,1,36,0,0,0,1,2,30,1,1,2,2,0,0,1,6,1,3,4,2,1,1
20,200348,1,1,1,21,12,4,0,38,0,1,0,20,1,20,401,20401,14,1997,1GNCS13W1V21,1,G,N,C,S,1,3,W,1,V,2,1,0,P,CHEV,BZR,UT,97,17,3686,,0,1070,,G,,F,6,262,,,15R205,,,,,,0,0,000000000,00000000000,0,0,0,1,0,0,0,0,0,0,0,998,0,1,6,9,9,6,2,1,0,0,0,1,20,67029,6,1,0,0,3,0,66,130,0,0,0,3,2,4,2009,9,2011,0,58,0,0,0,1,2,65,1,1,2,1,0,0,1,13,6,4,4,7,1,1
20,200349,1,1,1,22,12,8,10,32,0,1,0,20,2,35,471,35471,30,1995,1N6SD16Y3SC3,1,N,6,S,D,1,6,Y,3,S,C,3,0,T,NISS,KXE,PC,95,17,,1,0,1161,TRK,G,,,4,146,,,,B,3503,00,A,44,0,0,000000000,00000000000,0,0,0,1,0,0,0,0,0,0,0,998,0,1,5,11,8,6,2,1,0,0,0,1,20,66423,2,1,0,0,2,0,70,180,0,1,2,0,1,9,2009,9,2009,1,58,0,0,0,1,2,55,2,2,2,1,0,0,14,12,7,3,4,2,1,0
20,200350,1,2,2,23,12,2,23,12,1,1,0,8,1,63,33,63033,4,2002,KNAFB1214252,K,N,A,F,B,1,2,1,4,2,5,2,0,P,KIA,STL,4D,2,17,2661,,0,1008,,G,,F,4,109,,,14R185,,,,,,0,0,000000000,00000000000,0,0,0,1,0,0,0,0,0,0,0,0,0,0,0,6,6,6,2,12,0,0,0,1,8,80014,6,1,0,0,3,1,70,190,0,0,0,0,0,0,0,0,0,0,99,99,99,99,3,4,75,1,2,2,1,0,0,5,53,1,1,1,21,1,0
20,200350,2,2,2,23,12,2,23,12,1,1,0,48,2,20,37,20037,4,2005,1G1ZS52F45F2,1,G,1,Z,S,5,2,F,4,5,F,2,0,P,CHEV,MAL,4D,5,17,3174,,0,1063,,G,,F,4,134,,,15R205,,,,,,0,0,000000000,00000000000,0,0,0,1,0,0,0,0,0,0,0,73,0,0,0,12,12,6,2,12,0,0,0,1,48,78748,6,1,0,0,3,0,999,999,0,0,0,0,0,0,0,0,0,0,0,0,0,0,3,4,75,1,2,2,1,0,0,1,50,4,1,1,20,0,0
20,200351,1,1,1,27,12,9,9,1,0,1,0,20,3,86,881,86881,63,2005,1M2AG02C55M0,1,M,2,A,G,0,2,C,5,5,M,0,0,T,MACK,CV5,CC,5,17,,8,0,0,500,D,,,6,728,,,,,00000,00,,64,0,57,2623112,572623112,3,2,5,1,0,0,0,0,0,0,0,57,0,1,1,0,13,6,2,1,0,0,0,1,20,67114,6,1,6,0,3,0,70,170,0,0,0,0,0,0,0,0,0,1,0,0,0,0,6,1,55,2,2,2,1,0,0,10,6,1,1,1,98,1,0
20,200352,1,2,2,28,12,3,30,12,8,1,0,20,2,22,22,22022,4,2008,1G2ZH57N9842,1,G,2,Z,H,5,7,N,9,8,4,2,0,P,PONT,GGT,4D,8,17,3457,,0,1123,,G,,F,6,214,,,17R225,,,,,,0,0,000000000,00000000000,0,0,0,1,0,0,0,0,0,0,0,998,0,0,0,11,10,6,9,12,0,0,0,1,20,67525,6,1,0,0,3,1,67,145,0,0,0,0,0,0,0,0,0,0,51,0,0,0,1,2,65,1,1,2,1,0,0,1,10,1,1,2,64,1,1
20,200352,2,2,1,28,12,3,30,12,8,1,0,93,3,51,881,51881,66,2006,4V4N19TGX6N4,4,V,4,N,1,9,T,G,X,6,N,4,2,T,VOLV,VNL,TR,6,17,,7,0,0,VVN,D,,,6,915,,,,,00000,00,,42,1,57,239039,57239039,3,7,1,1,0,0,0,0,0,0,0,998,0,0,0,7,7,0,9,12,0,0,0,1,20,67203,6,1,6,1,3,0,70,160,0,0,0,0,0,0,0,0,0,0,0,0,0,0,1,2,65,1,1,2,1,0,0,1,62,7,1,2,65,0,0
20,200353,1,2,1,29,12,18,19,12,6,1,0,20,1,12,471,12471,30,1999,1FTZR15V1XPB,1,F,T,Z,R,1,5,V,1,X,P,B,0,T,FORD,RNS,PC,99,17,,1,0,1259,RNG,F,,,6,182,,,,B,00000,00,U,44,0,0,000000000,00000000000,0,0,0,1,0,0,0,0,0,0,0,998,0,0,0,9,9,6,2,12,0,0,0,1,20,67436,6,1,0,0,3,1,68,170,0,0,0,0,0,0,0,0,0,0,38,0,0,0,1,2,55,1,1,2,1,20,3,1,17,1,1,1,89,1,0
20,200353,2,2,1,29,12,18,19,12,6,1,0,20,1,49,44,49044,2,2000,2T1CG22P5YC3,2,T,1,C,G,2,2,P,5,Y,C,3,0,P,TOYT,CRE,CP,0,17,3120,,0,1051,,G,,F,4,132,,,15R205,,,,,,0,0,000000000,00000000000,0,0,0,1,0,0,0,0,0,0,0,998,0,0,0,12,12,6,2,12,0,0,1,1,20,67401,6,1,0,0,3,1,59,85,0,0,0,1,1,11,2011,12,2011,0,0,0,0,0,2,4,75,1,1,2,1,0,0,1,66,1,1,1,88,0,0
20,200354,1,2,2,30,12,12,55,12,2,1,0,31,1,13,1,13001,4,2008,2LNHM82V28X6,2,L,N,H,M,8,2,V,2,8,X,6,0,P,LINC,SGL,4D,8,17,4413,,0,1177,,F,,F,8,281,,,17R225,,,,,,0,0,000000000,00000000000,0,0,0,1,0,0,0,0,0,0,0,998,0,0,0,12,12,6,2,12,0,0,0,1,31,68978,6,1,0,0,3,1,71,200,0,0,0,0,0,0,0,0,0,0,99,99,99,99,1,2,65,3,1,2,1,0,0,14,10,1,1,2,50,1,0
20,200354,2,2,2,30,12,12,55,12,2,1,0,29,3,2,403,2403,14,2011,1J4HA3H15BL5,1,J,4,H,A,3,H,1,5,B,L,5,0,T,JEEP,WSS,4W,11,17,,1,0,1160,WUL,G,,,6,230,,,,,4075,00,R,44,0,0,000000000,00000000000,0,0,0,1,0,0,0,0,0,0,0,65,0,0,0,12,12,6,2,12,0,0,0,1,25,1852,6,1,0,0,3,1,66,999,0,0,0,0,0,0,0,0,0,0,0,0,0,0,1,2,65,2,1,2,1,0,0,14,62,1,1,1,51,0,0
20,200355,1,2,1,31,12,20,0,8,0,1,0,20,1,7,482,7482,31,2001,1B7HC16Y21S2,1,B,7,H,C,1,6,Y,2,1,S,2,0,T,DODG,150,PK,1,17,,2,1347,1187,RPC,G,,,8,318,,,,B,4010,02,U,42,0,0,000000000,00000000000,0,0,0,1,0,0,0,0,0,0,0,998,0,0,0,14,14,0,9,8,0,0,0,1,20,67801,6,1,0,0,3,0,65,135,0,0,0,0,1,4,2009,4,2009,0,0,0,0,0,5,4,50,1,1,1,1,0,0,1,80,1,1,1,13,0,0
20,200355,2,2,1,31,12,20,0,8,0,1,1,99,9,99,999,99999,99,9999,999999999999,9,9,9,9,9,9,9,9,9,9,9,9,0,,,,,,,,,,,,,,,,,,,,,,,,,0,0,000000000,00000000000,0,0,0,1,0,0,0,0,0,0,0,998,0,0,0,14,14,9,1,8,0,0,0,1,99,99999,9,9,99,9,9,9,999,999,99,99,99,99,99,99,9999,99,9999,9,99,99,99,99,5,4,50,1,1,1,1,0,0,1,80,99,9,9,98,0,0
20,200356,1,2,2,31,12,18,15,12,6,1,0,20,1,20,39,20039,4,2005,KL1TD526X5B4,K,L,1,T,D,5,2,6,X,5,B,4,0,P,CHEV,ABS,4D,5,17,2365,,0,976,,G,,F,4,098,,,14R185,,,,,,0,0,000000000,00000000000,0,0,0,1,0,0,0,0,0,0,0,10,0,0,0,9,9,6,2,12,0,0,0,1,20,66612,6,1,0,0,3,0,69,150,0,0,0,1,2,11,2009,12,2011,0,47,0,0,0,5,4,45,1,1,2,1,0,0,12,15,1,1,2,98,1,0
20,200356,2,2,1,31,12,18,15,12,6,1,0,20,1,12,401,12401,14,1991,1FMDU34X5MUA,1,F,M,D,U,3,4,X,5,M,U,A,0,P,FORD,EPR,UT,91,17,0,,0,1120,,G,,F,6,245,,,15R225,,,,,,0,0,000000000,00000000000,0,0,0,1,0,0,0,0,0,0,0,45,0,0,0,12,11,6,2,12,0,0,0,1,20,66542,6,1,0,0,3,0,68,202,2,0,0,0,0,6,2009,4,2010,0,0,0,0,0,5,4,40,1,1,2,1,0,0,1,67,4,1,1,98,0,0
20,200357,1,1,1,31,12,2,41,53,0,1,0,20,2,20,431,20431,16,2002,3GNFK16Z32G1,3,G,N,F,K,1,6,Z,3,2,G,1,0,P,CHEV,K15,UT,2,17,5123,,0,1300,,F,,F,8,325,,,16R245,,,,,,0,0,000000000,00000000000,0,0,0,1,0,0,0,0,0,0,0,998,0,1,5,12,12,6,2,1,0,0,0,1,20,67487,6,1,0,0,3,9,72,175,0,0,0,0,0,0,0,0,0,0,0,0,0,0,1,2,55,1,3,2,1,0,0,1,12,1,1,4,6,1,1
20,200358,1,1,1,31,12,11,20,58,0,1,0,20,1,7,482,7482,31,1999,3B7HC13Z4XG2,3,B,7,H,C,1,3,Z,4,X,G,2,0,T,DODG,Q15,4C,99,17,,2,1547,1387,RPC,G,,,8,360,,,,B,4604,02,U,42,0,0,000000000,00000000000,0,0,0,1,0,0,0,0,0,0,0,998,0,0,0,10,12,4,9,31,0,0,0,1,20,67661,6,1,0,0,3,1,71,190,0,0,0,0,0,0,0,0,0,0,0,0,0,0,1,2,65,1,1,2,1,0,0,1,12,1,1,4,6,1,0
20,200359,1,1,1,30,12,14,25,34,0,1,0,20,1,49,40,49040,4,1992,JT2SK13E2N00,J,T,2,S,K,1,3,E,2,N,0,0,0,P,TOYT,XLE,4D,92,17,3097,,0,1031,,G,,F,4,132,,,000000,,,,,,0,0,000000000,00000000000,0,0,0,1,0,0,0,0,0,0,0,998,0,0,0,12,12,6,2,38,0,0,0,1,20,67522,6,1,0,0,3,0,69,170,0,0,0,0,1,12,2010,12,2010,0,36,39,0,0,1,2,55,1,1,2,1,20,3,2,12,1,1,4,6,1,0
20,200360,1,1,2,24,9,14,43,9,0,1,0,20,1,2,404,2404,14,2004,1J4GW48S64C1,1,J,4,G,W,4,8,S,6,4,C,1,0,T,JEEP,LCF,4W,4,17,,1,0,1059,GCK,G,,,6,244,,,,,3888,02,E,44,0,0,000000000,00000000000,0,0,0,1,0,0,0,0,0,0,0,998,0,0,0,12,12,2,9,9,0,0,0,1,20,66769,6,1,0,0,3,0,64,113,0,0,0,0,0,0,0,0,0,0,0,0,0,0,1,2,45,1,1,2,1,0,0,6,80,1,1,2,13,0,0
20,200361,1,2,2,4,9,13,20,1,0,1,0,20,1,14,38,14038,3,1999,1ZWFT61L6X57,1,Z,W,F,T,6,1,L,6,X,5,7,0,P,MERC,CU6,2H,99,17,2941,,0,1064,,G,,F,6,155,,,16R215,,,,,,0,0,000000000,00000000000,0,0,0,1,0,0,0,0,0,0,0,998,0,1,3,0,13,6,2,1,0,0,0,1,20,67226,6,1,0,0,3,0,62,130,0,0,0,0,0,0,0,0,0,0,58,0,0,0,2,4,60,2,1,2,1,0,0,14,51,7,1,4,98,0,0
20,200361,2,2,2,4,9,13,20,1,0,1,0,20,1,72,706,72706,80,2007,1HD1BX5127Y0,1,H,D,1,B,X,5,1,2,7,Y,0,0,M,HD,FLF,RS,7,17,,,,,,,1584,,2,,4,694,,,,,,,0,0,000000000,00000000000,0,0,0,1,0,0,0,0,0,0,0,998,0,0,0,9,9,6,2,58,0,0,0,1,20,67212,6,1,0,0,3,1,73,180,0,0,0,1,0,6,2009,6,2009,0,84,0,0,0,2,4,60,3,1,2,1,0,0,14,62,8,3,2,98,1,0
21,210001,1,2,3,1,1,19,50,12,2,1,0,21,2,7,43,7043,4,2005,1B3EL46X45N7,1,B,3,E,L,4,6,X,4,5,N,7,0,P,DODG,SRX,4D,5,17,3093,,0,1080,,G,,F,4,146,,,16R205,,,,,,0,0,000000000,00000000000,0,0,0,1,0,0,0,0,0,0,0,50,0,0,0,12,12,6,2,12,0,0,0,1,21,42444,0,0,0,0,0,0,68,999,0,8,2,0,3,2,2009,6,2009,0,0,0,0,0,5,4,35,1,3,2,1,0,0,1,10,1,1,2,50,2,1
21,210001,2,2,5,1,1,19,50,12,2,1,0,21,1,20,403,20403,14,2004,1GNDS13S8422,1,G,N,D,S,1,3,S,8,4,2,2,0,P,CHEV,TRL,UT,4,17,4425,,0,1130,,G,,F,6,256,,,16R245,,,,,,0,0,000000000,00000000000,0,0,0,1,0,0,0,0,0,0,0,35,0,0,0,12,12,6,2,12,0,0,0,1,21,42420,3,1,0,0,2,0,70,150,0,0,0,0,1,3,2009,3,2009,0,0,0,0,0,5,4,35,1,3,2,1,0,0,1,62,1,1,1,51,0,0
21,210002,1,1,1,4,1,17,37,42,0,1,0,21,1,22,20,22020,2,1994,1G2WJ12M1RF3,1,G,2,W,J,1,2,M,1,R,F,3,0,P,PONT,GFS,CP,94,17,3275,,0,1075,,G,,F,6,191,,,16R215,,,,,,0,0,000000000,00000000000,0,0,0,1,0,0,0,0,0,0,0,998,0,0,0,12,12,6,2,42,0,0,0,1,21,42041,6,1,0,0,3,0,68,140,1,1,1,0,0,10,2008,10,2010,0,0,0,0,0,1,2,55,1,1,2,1,0,0,1,12,1,1,4,6,1,1
21,210003,1,5,1,6,1,17,30,54,11,1,1,99,9,99,999,99999,99,9999,999999999999,9,9,9,9,9,9,9,9,9,9,9,9,0,,,,,,,,,,,,,,,,,,,,,,,,,0,0,000000000,00000000000,0,0,0,1,0,0,0,0,0,0,0,998,0,0,0,18,18,0,1,54,0,0,0,1,99,99999,9,9,99,9,9,9,999,999,99,99,99,99,99,99,9999,99,9999,0,92,0,0,0,3,2,70,1,1,2,1,0,0,1,98,1,1,1,98,0,0
21,210003,2,5,3,6,1,17,30,54,11,1,0,6,1,35,47,35047,4,2008,1N4AL21E58N5,1,N,4,A,L,2,1,E,5,8,N,5,0,P,NISS,ATS,4D,8,17,3028,,0,1093,,G,,F,4,153,,,16R215,,,,,,0,0,000000000,00000000000,0,0,0,1,0,0,0,0,0,0,0,70,0,0,0,12,83,6,2,12,0,0,0,1,21,41051,6,1,0,0,3,0,69,165,0,0,0,0,0,0,0,0,0,0,0,0,0,0,3,2,70,1,1,2,1,0,0,1,90,3,4,1,98,0,0
21,210003,3,5,1,6,1,17,30,54,11,1,0,21,1,12,3,12003,1,1988,1FABP45E5JF1,1,F,A,B,P,4,5,E,5,J,F,1,0,P,FORD,MGT,CV,88,17,3341,,0,1004,,G,,F,8,302,,,15R225,,,,,,0,0,000000000,00000000000,0,0,0,1,0,0,0,0,0,0,0,70,0,0,0,1,1,6,2,12,0,0,0,1,21,40031,6,1,0,0,3,1,65,125,0,0,0,0,0,0,0,0,0,0,0,0,0,0,3,2,70,1,1,2,1,0,0,1,11,3,2,2,98,0,0
21,210003,4,5,1,6,1,17,30,54,11,1,0,95,3,85,881,85881,66,2006,1XKDD49X16J9,1,X,K,D,D,4,9,X,1,6,J,9,1,T,KW,T80,TR,6,17,,8,2600,1600,CON,D,,,6,915,,,,,00000,00,,64,1,57,00267827,5700267827,3,6,3,1,0,0,0,0,0,0,0,70,0,0,0,12,81,6,2,12,0,0,0,1,95,0,9,9,99,9,9,9,999,999,99,99,99,99,99,99,9999,99,9999,0,0,0,0,0,3,2,70,1,1,2,1,0,0,1,60,8,1,1,98,0,0
21,210003,5,5,1,6,1,17,30,54,11,1,0,40,3,84,881,84881,66,2007,2HSCNAPR87C3,2,H,S,C,N,A,P,R,8,7,C,3,1,T,INTL,94I,TR,7,17,,8,0,0,940,D,,,6,915,,,,,00000,00,,64,1,57,00080806,5700080806,3,6,1,1,0,0,0,0,0,0,0,65,0,0,0,12,12,6,2,12,0,0,0,1,39,45661,6,1,6,0,3,0,69,190,0,0,0,0,1,8,2009,8,2009,0,0,0,0,0,3,2,70,1,1,2,1,0,0,1,62,1,1,3,98,1,0
21,210004,1,1,1,7,1,17,43,14,0,1,0,21,2,12,880,12880,67,2008,1FTWW33R38EE,1,F,T,W,W,3,3,R,3,8,E,E,0,T,FORD,F3D,CW,8,17,,3,1720,1560,DRW,D,,,8,390,,,,D,7256,01,E,44,0,77,777777777,77777777777,2,1,28,1,0,0,0,0,0,0,0,40,0,0,0,81,81,4,1,8,0,0,0,1,21,42232,6,1,0,0,3,0,75,230,1,0,0,1,0,2,2009,4,2009,0,0,0,0,0,1,2,55,1,1,2,2,0,0,1,80,9,2,4,98,0,0
21,210005,1,2,2,7,1,22,17,12,2,1,0,21,1,12,471,12471,30,1998,1FTYR10C6WPB,1,F,T,Y,R,1,0,C,6,W,P,B,0,T,FORD,RNG,PK,98,17,,1,1175,1116,RNG,G,,,4,153,,,,B,3030,01,E,42,0,0,000000000,00000000000,0,0,0,1,0,0,0,0,0,0,0,998,0,0,0,12,12,6,2,12,0,0,0,1,21,40515,6,1,0,0,3,0,75,285,3,1,1,0,0,1,2009,6,2010,1,0,0,0,0,1,2,45,1,3,2,4,0,0,1,6,7,2,2,50,1,0
21,210005,2,2,1,7,1,22,17,12,2,1,0,18,3,84,881,84881,66,2008,2HSCDAPR58C6,2,H,S,C,D,A,P,R,5,8,C,6,1,T,INTL,92I,TR,8,17,,8,0,0,920,D,,,6,915,,,,,00000,00,,42,1,57,00021800,5700021800,3,6,1,1,0,0,0,0,0,0,0,998,0,0,0,12,12,4,3,12,0,0,0,1,21,40004,6,1,6,1,3,0,72,205,0,0,0,0,0,0,0,0,0,0,0,0,0,0,1,2,45,1,3,2,4,0,0,1,62,9,1,1,51,0,0
21,210006,1,2,1,8,1,14,33,12,6,1,0,21,1,20,431,20431,16,2002,1GNFK16Z92J2,1,G,N,F,K,1,6,Z,9,2,J,2,0,P,CHEV,K15,UT,2,17,5123,,0,1300,,F,,F,8,325,,,16R245,,,,,,0,0,000000000,00000000000,0,0,0,1,0,0,0,0,0,0,0,998,0,0,0,12,12,2,3,12,0,0,0,1,21,40330,6,1,0,0,3,0,69,145,0,0,0,0,0,0,0,0,0,1,39,0,0,0,2,4,55,1,1,2,8,1,3,1,17,2,1,1,83,0,0
21,210006,2,2,2,8,1,14,33,12,6,1,0,21,2,49,40,49040,4,1999,4T1BG22K9XU5,4,T,1,B,G,2,2,K,9,X,U,5,0,P,TOYT,UEX,4D,99,17,2998,,0,1051,,G,,F,4,132,,,14R195,,,,,,0,0,000000000,00000000000,0,0,0,1,0,0,0,0,0,0,0,998,1,0,0,61,61,6,2,12,0,0,0,1,21,40601,6,1,0,0,3,0,62,118,0,0,0,0,0,0,0,0,0,0,0,0,0,0,1,2,98,1,1,2,8,1,3,11,67,98,1,1,82,1,0
21,210007,1,1,1,8,1,22,20,42,0,1,0,21,1,7,41,7041,4,2002,2B3AD56M42H1,2,B,3,A,D,5,6,M,4,2,H,1,0,P,DODG,IES,4D,2,17,3418,,0,1130,,G,,F,6,215,,,16R225,,,,,,0,0,000000000,00000000000,0,0,0,1,0,0,0,0,0,0,0,60,0,0,0,12,12,6,2,42,0,0,0,1,21,41092,6,1,0,0,3,0,63,125,0,0,0,0,0,0,0,0,0,1,58,0,0,0,1,2,45,3,3,2,1,0,0,14,6,7,3,4,2,1,1
21,210008,1,3,1,10,1,12,51,12,8,1,0,21,1,20,16,20016,2,2001,1G1JC1241173,1,G,1,J,C,1,2,4,1,1,7,3,0,P,CHEV,CAV,CP,1,17,2617,,0,1041,,G,,F,4,133,,,14R195,,,,,,0,0,000000000,00000000000,0,0,0,1,0,0,0,0,0,0,0,65,0,0,0,9,12,6,2,12,0,0,0,1,21,42759,6,1,0,0,3,0,68,240,1,2,0,1,1,2,2009,12,2009,0,0,0,0,0,1,2,55,1,2,2,2,0,0,1,10,1,1,2,64,1,0
21,210008,2,3,1,10,1,12,51,12,8,1,0,21,3,82,881,82881,66,1999,1FUYDZYB1XL9,1,F,U,Y,D,Z,Y,B,1,X,L,9,1,T,FRHT,FLD,TR,99,17,,8,0,0,CON,D,,,6,774,,,,,00000,00,,64,1,57,00104973,5700104973,3,6,10,1,0,0,0,0,0,0,0,50,0,0,0,11,11,2,1,12,0,0,0,1,47,37150,6,1,6,0,3,0,71,248,0,0,0,1,0,10,2010,10,2010,0,0,0,0,0,1,2,55,1,2,2,2,0,0,1,62,7,1,1,65,0,0
21,210008,3,3,5,10,1,12,51,12,8,1,0,21,1,7,422,7422,15,2004,1D4HB48N14F1,1,D,4,H,B,4,8,N,1,4,F,1,0,P,DODG,DUR,UT,4,17,4958,,0,1192,,G,,F,8,287,,,17R245,,,,,,0,0,000000000,00000000000,0,0,0,1,0,0,0,0,0,0,0,50,0,0,0,12,12,6,2,12,0,0,0,1,21,42602,6,1,0,0,3,0,70,205,1,0,0,0,0,12,2008,12,2008,0,0,0,0,0,1,2,55,1,2,2,2,0,0,1,62,7,1,1,98,0,0
21,210009,1,2,1,13,1,9,15,12,6,1,0,21,2,12,401,12401,14,2003,1FMZU73K93ZA,1,F,M,Z,U,7,3,K,9,3,Z,A,0,P,FORD,EPR,UT,3,17,4094,,0,1137,,F,,F,6,245,,,16R235,,,,,,0,0,000000000,00000000000,0,0,0,1,0,0,0,0,0,0,0,998,0,1,5,3,3,6,2,12,0,0,0,1,21,40464,6,1,0,0,3,0,74,155,0,0,0,0,1,1,2010,1,2010,0,0,0,0,0,1,2,55,1,1,2,2,0,0,1,10,6,4,2,64,1,0
21,210009,2,2,1,13,1,9,15,12,6,1,0,21,1,7,482,7482,31,2004,3D7KU28C84G1,3,D,7,K,U,2,8,C,8,4,G,1,0,T,DODG,SQ2,CW,4,17,,2,1605,1405,RPC,D,,,6,359,,,,C,5438,13,E,44,0,0,000000000,00000000000,0,0,0,1,0,0,0,0,0,0,0,998,0,0,0,12,12,6,2,12,0,0,0,1,21,42753,6,1,0,0,3,0,66,150,0,0,0,0,0,0,0,0,0,0,0,0,0,0,1,2,55,1,1,2,2,0,0,1,60,3,2,1,65,0,0
21,210010,1,1,1,13,1,19,39,32,0,1,0,47,2,12,13,12013,3,1992,1FAPP11J6NW1,1,F,A,P,P,1,1,J,6,N,W,1,0,P,FORD,LXE,2H,92,17,2312,,0,984,,G,,F,4,113,,,13R175,,,,,,0,0,000000000,00000000000,0,0,0,1,0,0,0,0,0,0,0,998,0,1,5,14,13,6,2,42,0,0,0,1,47,38257,6,1,0,0,3,0,73,170,0,0,0,0,1,12,2010,12,2010,1,0,0,0,0,1,2,55,3,2,2,1,0,0,14,13,6,4,4,1,1,0
21,210011,1,1,1,14,1,11,36,38,0,1,0,21,1,35,471,35471,30,1993,1N6SD11S6PC3,1,N,6,S,D,1,1,S,6,P,C,3,0,T,NISS,SWB,PK,93,17,,1,0,1043,TRK,G,,,4,146,,,,B,2750,01,A,42,0,0,000000000,00000000000,0,0,0,1,0,0,0,0,0,0,0,998,0,0,0,12,12,6,2,38,0,0,0,1,21,40207,6,1,0,0,3,0,70,160,0,0,0,0,0,0,0,0,0,0,0,0,0,0,1,2,25,1,1,2,1,0,0,1,12,1,1,4,6,1,0
21,210012,1,1,2,16,1,8,44,31,0,1,0,53,2,34,34,34034,4,2002,WBAEV53472KM,W,B,A,E,V,5,3,4,7,2,K,M,0,P,BMW,30I,4D,2,17,3285,,0,1073,,G,,F,6,182,,,17R205,,,,,,0,0,000000000,00000000000,0,0,0,1,0,0,0,0,0,0,0,55,0,0,0,12,12,6,2,31,0,0,0,1,21,40121,6,1,0,0,3,0,70,999,0,0,0,0,0,0,0,0,0,0,92,0,0,0,1,2,55,1,1,1,1,3,3,1,13,1,1,4,1,1,1
21,210013,1,1,1,16,1,9,33,53,0,1,0,21,2,49,471,49471,30,1990,JT4RN01P9L70,J,T,4,R,N,0,1,P,9,L,7,0,0,T,TOYT,SWD,PK,90,17,,1,0,1030,HTP,G,,,4,144,,,,B,00000,00,A,44,0,0,000000000,00000000000,0,0,0,1,0,0,0,0,0,0,0,998,0,0,0,12,12,6,2,42,0,0,0,1,21,41219,1,1,0,0,2,0,64,158,0,0,0,0,0,0,0,0,0,0,0,0,0,0,1,2,55,1,2,2,1,0,0,1,12,1,1,4,6,1,0
21,210014,1,1,2,18,1,6,6,42,0,1,0,21,1,12,481,12481,31,1992,1FTDF15Y0NLA,1,F,T,D,F,1,5,Y,0,N,L,A,0,T,FORD,F15,PK,92,17,,1,1330,1170,COF,G,,,6,300,,,,B,3843,04,A,42,0,0,000000000,00000000000,0,0,0,1,0,0,0,0,0,0,0,45,0,0,0,12,12,6,2,42,0,0,0,1,21,41231,0,0,0,0,0,0,69,155,0,0,0,0,0,0,0,0,0,1,0,0,0,0,1,2,55,2,2,2,2,0,0,14,6,2,2,4,7,2,1
21,210015,1,1,1,8,1,12,40,1,0,1,0,21,1,2,404,2404,14,1995,1J4FJ68SXSL6,1,J,4,F,J,6,8,S,X,S,L,6,0,T,JEEP,SPT,4W,95,17,,1,0,1014,CHK,G,,,6,242,,,,,2998,00,M,44,0,0,000000000,00000000000,0,0,0,1,0,0,0,0,0,0,0,25,0,2,5,0,0,6,2,1,0,0,0,1,21,40962,6,1,0,0,3,0,72,221,3,0,0,0,0,12,2008,12,2009,0,0,0,0,0,1,2,35,1,2,2,4,0,0,1,13,1,1,4,1,1,0
21,210016,1,2,2,20,1,12,39,12,6,1,0,21,2,51,42,51042,4,1995,YV1LS5514S12,Y,V,1,L,S,5,5,1,4,S,1,2,0,P,VOLV,8/G,4D,95,17,3126,,0,1049,,G,,F,5,149,,,15R195,,,,,,0,0,000000000,00000000000,0,0,0,1,0,0,0,0,0,0,0,50,0,0,0,81,81,6,2,12,0,0,0,1,21,40215,0,0,0,0,0,0,68,135,0,0,0,0,0,0,0,0,0,1,58,0,0,0,2,4,40,1,1,1,2,0,0,1,6,6,4,6,64,1,0