STATE,ST_CASE,VEH_NO,VE_FORMS,NUMOCCS,DAY,MONTH,HOUR,MINUTE,HARM_EV,MAN_COLL,UNITTYPE,HIT_RUN,REG_STAT,OWNER,MAKE,MODEL,MAK_MOD,BODY_TYP,MOD_YEAR,VIN,VIN_1,VIN_2,VIN_3,VIN_4,VIN_5,VIN_6,VIN_7,VIN_8,VIN_9,VIN_10,VIN_11,VIN_12,TOW_VEH,VINTYPE,VINMAKE,VINA_MOD,VIN_BT,VINMODYR,VIN_LNGT,VIN_WGT,WGTCD_TR,WHLBS_LG,WHLBS_SH,SER_TR,FUELCODE,MCYCL_DS,CARBUR,CYLINDER,DISPLACE,MCYCL_CY,MCYCL_WT,TIRE_SZE,TON_RAT,TRK_WT,TRKWTVAR,VIN_REST,WHLDRWHL,J_KNIFE,MCARR_I1,MCARR_I2,MCARR_ID,GVWR,V_CONFIG,CARGO_BT,HAZ_INV,HAZ_PLAC,HAZ_ID,HAZ_CNO,HAZ_REL,BUS_USE,SPEC_USE,EMER_USE,TRAV_SP,UNDERIDE,ROLLOVER,ROLINLOC,IMPACT1,IMPACT2,DEFORMED,TOWED,M_HARM,VEH_SC1,VEH_SC2,FIRE_EXP,DR_PRES,L_STATE,DR_ZIP,L_STATUS,L_TYPE,CDL_STAT,L_ENDORS,L_COMPL,L_RESTRI,DR_HGT,DR_WGT,PREV_ACC,PREV_SUS,PREV_DWI,PREV_SPD,PREV_OTH,FIRST_MO,FIRST_YR,LAST_MO,LAST_YR,SPEEDREL,DR_SF1,DR_SF2,DR_SF3,DR_SF4,VTRAFWAY,VNUM_LAN,VSPD_LIM,VALIGN,VPROFILE,VPAVETYP,VSURCOND,VTRAFCON,VTCONT_F,P_CRASH1,P_CRASH2,P_CRASH3,PCRASH4,PCRASH5,ACC_TYPE,DEATHS,DR_DRINK
21,210016,2,2,1,20,1,12,39,12,6,1,0,21,2,2,404,2404,14,1996,1J4GZ78Y9TC3,1,J,4,G,Z,7,8,Y,9,T,C,3,0,T,JEEP,LMT,4W,96,17,,1,0,1059,GCK,G,,,8,318,,,,,3686,00,E,44,0,0,000000000,00000000000,0,0,0,1,0,0,0,0,0,0,0,45,0,0,0,12,12,6,2,12,0,0,0,1,21,40219,6,1,0,0,3,0,62,125,0,1,0,0,0,1,2008,1,2008,0,0,0,0,0,2,4,40,1,1,1,2,0,0,1,64,1,1,1,65,0,0
21,210017,1,2,1,20,1,14,58,12,6,1,0,21,1,12,471,12471,30,2000,1FTZR15X9YPB,1,F,T,Z,R,1,5,X,9,Y,P,B,0,T,FORD,RNS,PC,0,17,,1,0,1259,RNG,G,,,6,245,,,,B,3599,01,U,44,0,0,000000000,00000000000,0,0,0,1,0,0,0,0,0,0,0,40,0,0,0,12,12,6,2,12,0,0,0,1,21,40175,6,1,0,0,3,1,71,230,1,0,0,1,0,10,2008,11,2008,1,0,0,0,0,1,2,55,1,2,2,3,40,3,1,5,9,2,2,64,0,0
21,210017,2,2,1,20,1,14,58,12,6,1,0,21,1,14,443,14443,20,1995,4M2DV11W8SDJ,4,M,2,D,V,1,1,W,8,S,D,J,0,P,MERC,VLR,SV,95,17,3870,,0,1122,,G,,F,6,182,,,15R205,,,,,,0,0,000000000,00000000000,0,0,0,1,0,0,0,0,0,0,0,40,0,0,0,10,10,6,2,12,0,0,0,1,21,40175,6,1,0,0,3,0,75,240,0,0,0,0,0,0,0,0,0,0,0,0,0,0,1,2,55,1,2,2,3,40,3,1,62,2,1,1,65,1,0
21,210018,1,2,1,20,1,16,25,12,6,1,0,21,2,20,19,20019,4,1993,1G1LT53T7PY1,1,G,1,L,T,5,3,T,7,P,Y,1,0,P,CHEV,COL,4D,93,17,2763,,0,1034,,G,,F,6,191,,,14R185,,,,,,0,0,000000000,00000000000,0,0,0,1,0,0,0,0,0,0,0,998,0,0,0,9,9,6,2,12,0,0,0,1,21,42461,6,1,0,0,3,1,69,156,0,0,0,0,0,0,0,0,0,0,87,0,0,0,1,2,55,3,1,2,4,40,3,14,5,1,2,3,64,1,0
21,210018,2,2,1,20,1,16,25,12,6,1,0,21,1,12,481,12481,31,2008,1FTRX14W58FA,1,F,T,R,X,1,4,W,5,8,F,A,0,T,FORD,F15,4C,8,17,,2,1630,1330,COF,G,,,8,281,,,,B,5176,06,E,44,0,0,000000000,00000000000,0,0,0,1,0,0,0,0,0,0,0,998,0,0,0,12,12,6,2,12,0,0,0,1,21,42461,6,1,0,0,3,1,72,200,1,0,0,0,0,1,2010,1,2010,0,0,0,0,0,1,2,55,3,1,2,4,40,3,14,62,1,1,1,65,0,0
21,210019,1,2,1,21,1,0,16,12,1,1,0,1,3,82,883,82883,66,2007,1FUJA6CK47LW,1,F,U,J,A,6,C,K,4,7,L,W,1,T,FRHT,COL,TR,7,17,,8,0,0,CON,D,,,6,855,,,,,00000,00,,64,1,57,00843883,5700843883,3,6,3,1,0,0,0,0,0,0,0,998,0,0,0,6,6,2,1,12,0,0,0,1,1,35218,6,1,6,0,3,0,72,200,0,0,0,0,1,7,2009,7,2009,0,31,87,0,0,1,2,55,1,1,2,3,0,0,13,54,1,1,1,92,0,0
21,210019,2,2,1,21,1,0,16,12,1,1,0,21,1,20,32,20032,4,1995,1Y1SK5287SZ0,1,Y,1,S,K,5,2,8,7,S,Z,0,0,P,GEO,PRL,4D,95,17,2348,,0,971,,G,,F,4,110,,,14R175,,,,,,0,0,000000000,00000000000,0,0,0,1,0,0,0,0,0,0,0,998,0,0,0,12,12,6,2,12,0,0,0,1,21,41774,6,1,0,0,3,0,68,200,0,0,0,0,0,0,0,0,0,0,87,0,0,0,1,2,55,1,1,2,3,0,0,1,56,1,1,1,93,1,0
21,210020,1,2,2,21,1,14,47,12,6,1,0,21,1,48,34,48034,5,1998,4S3BK435XW73,4,S,3,B,K,4,3,5,X,W,7,3,0,P,SUBA,ULW,SW,98,17,2975,,0,1035,,G,,F,4,135,,,14R185,,,,,,0,0,000000000,00000000000,0,0,0,1,0,0,0,0,0,0,0,998,0,0,0,9,9,6,2,12,0,0,0,1,21,42276,6,1,0,0,3,0,62,120,0,0,0,0,0,0,0,0,0,0,38,0,0,0,5,4,45,1,1,2,1,1,3,11,15,4,1,1,68,1,0
21,210020,2,2,1,21,1,14,47,12,6,1,0,21,3,7,482,7482,31,2004,1D7HA18N14S6,1,D,7,H,A,1,8,N,1,4,S,6,0,T,DODG,SQ1,CW,4,17,,2,1605,1405,RPC,G,,,8,287,,,,B,4820,01,E,42,0,0,000000000,00000000000,0,0,0,1,0,0,0,0,0,0,0,998,0,0,0,12,12,6,2,12,0,0,0,1,21,42104,6,1,0,0,3,0,78,250,0,0,0,0,0,0,0,0,0,0,0,0,0,0,5,4,45,1,1,2,1,1,3,1,66,10,1,1,69,0,0
21,210021,1,1,1,24,1,9,9,35,0,1,0,21,3,7,482,7482,31,2001,3B7KC26Z81M2,3,B,7,K,C,2,6,Z,8,1,M,2,0,T,DODG,250,PK,1,17,,2,0,1347,RPC,G,,,8,360,,,,C,4861,00,U,42,0,0,000000000,00000000000,0,0,0,1,0,0,0,0,0,0,0,998,0,0,0,12,12,6,2,35,0,0,0,1,21,41301,6,1,6,0,3,1,63,120,0,0,0,1,0,4,2010,4,2010,0,0,0,0,0,1,2,55,1,1,2,2,0,0,1,12,1,1,4,6,1,0
21,210022,1,1,2,24,1,23,41,42,0,1,0,21,1,12,3,12003,2,2002,1FAFP42X42F1,1,F,A,F,P,4,2,X,4,2,F,1,0,P,FORD,MGT,CP,2,17,3241,,0,1013,,G,,F,8,281,,,17R245,,,,,,0,0,000000000,00000000000,0,0,0,1,0,0,0,0,0,0,0,998,0,1,5,99,0,6,2,1,0,0,0,1,21,42129,6,1,0,0,3,0,66,180,3,0,0,0,0,1,2010,9,2010,0,91,0,0,0,1,2,55,1,1,2,2,0,0,1,10,8,1,4,6,1,1
21,210023,1,2,1,25,1,12,7,12,2,1,0,21,0,38,471,38471,30,1992,4S1CL11L9N42,4,S,1,C,L,1,1,L,9,N,4,2,0,T,ISU,UNS,PK,92,17,,1,0,1056,CON,G,,,4,138,,,,B,00000,00,A,42,0,0,000000000,00000000000,0,0,0,1,0,0,0,0,0,0,0,998,0,0,0,12,12,6,2,12,0,0,0,1,21,42171,6,1,0,0,3,0,66,260,0,0,0,0,0,0,0,0,0,0,0,0,0,0,1,2,55,3,2,2,2,0,0,14,10,1,1,2,50,1,0
21,210023,2,2,1,25,1,12,7,12,2,1,0,21,2,82,881,82881,66,1997,2FUYDSEB3VA8,2,F,U,Y,D,S,E,B,3,V,A,8,1,T,FRHT,FLD,TR,97,17,,8,0,0,CON,D,,,6,774,,,,,00000,00,,64,1,57,0118404,570118404,3,6,1,1,0,0,0,0,0,0,0,998,0,0,0,12,12,6,2,12,0,0,0,1,21,42129,6,1,6,0,3,0,71,410,1,0,0,3,0,4,2008,11,2010,0,0,0,0,0,1,2,55,1,2,2,2,0,0,1,62,3,2,1,51,0,0
21,210024,1,1,1,24,1,20,1,8,0,1,0,21,1,7,482,7482,31,1995,1B7HC16Z1SS3,1,B,7,H,C,1,6,Z,1,S,S,3,0,T,DODG,150,PK,95,17,,2,1347,1187,RPC,G,,,8,360,,,,B,3899,01,M,42,0,0,000000000,00000000000,0,0,0,1,0,0,0,0,0,0,0,45,0,0,0,12,12,4,3,8,0,0,0,1,21,40258,6,1,0,0,3,0,67,215,0,0,0,0,0,0,0,0,0,0,0,0,0,0,3,5,55,1,1,1,2,0,0,17,80,8,1,2,13,0,0
21,210025,1,1,1,26,1,8,6,25,0,1,0,21,1,20,431,20431,16,1984,1G8EC16L7EF1,1,G,8,E,C,1,6,L,7,E,F,1,0,P,CHEV,C10,UT,84,17,4122,,0,1295,,G,,4,8,350,,,15R235,,,,,,0,0,000000000,00000000000,0,0,0,1,0,0,0,0,0,0,0,998,0,0,0,11,12,6,2,8,0,0,0,1,21,42038,6,1,0,0,3,1,68,150,0,0,0,0,0,0,0,0,0,1,0,0,0,0,3,2,70,1,1,1,4,0,0,1,6,2,2,4,7,0,0
21,210026,1,2,1,21,1,20,12,8,0,1,0,21,2,37,441,37441,20,2002,2HKRL18052H5,2,H,K,R,L,1,8,0,5,2,H,5,0,P,HOND,UDY,SV,2,17,4376,,0,1181,,G,,F,6,212,,,16R225,,,,,,0,0,000000000,00000000000,0,0,0,1,0,0,0,0,0,0,0,40,0,0,0,1,1,2,1,8,0,0,0,1,21,40324,6,1,0,0,3,0,62,140,0,0,0,0,0,0,0,0,0,0,0,0,0,0,1,2,55,1,1,2,4,0,0,1,80,2,1,1,13,0,0
21,210026,2,2,1,21,1,20,12,8,0,1,0,21,1,37,32,37032,4,2006,1HGCM56366A0,1,H,G,C,M,5,6,3,6,6,A,0,0,P,HOND,ASE,4D,6,17,3197,,0,1079,,G,,F,4,146,,,15R205,,,,,,0,0,000000000,00000000000,0,0,0,1,0,0,0,0,0,0,0,45,0,0,0,81,81,6,2,8,0,0,0,1,21,40324,6,1,0,0,3,1,72,200,2,0,0,0,0,7,2009,9,2009,0,0,0,0,0,1,2,55,1,1,2,4,0,0,1,80,1,1,1,98,0,0
21,210027,1,2,1,27,1,17,28,12,2,1,0,21,1,20,401,20401,14,1996,1GNDT13W2T22,1,G,N,D,T,1,3,W,2,T,2,2,0,P,CHEV,BZR,UT,96,17,4023,,0,1070,,G,,F,6,262,,,15R235,,,,,,0,0,000000000,00000000000,0,0,0,1,0,0,0,0,0,0,0,998,0,0,0,12,12,6,2,12,0,0,1,1,21,40744,6,1,0,0,3,0,67,165,1,0,0,0,0,9,2010,9,2010,0,27,0,0,0,1,3,55,1,2,2,1,0,0,1,10,1,1,2,50,1,0
21,210027,2,2,1,27,1,17,28,12,2,1,0,21,3,98,804,98804,66,1998,2WKEDDCJXWK9,2,W,K,E,D,D,C,J,X,W,K,9,1,T,WSTR,49E,TR,98,17,,8,0,0,CNV,D,,,6,893,,,,,00000,00,,64,1,57,00598406,5700598406,3,6,3,1,0,0,0,0,0,0,0,998,7,0,0,12,12,6,2,12,0,0,0,1,21,41749,6,1,6,0,3,0,70,205,0,0,0,0,0,0,0,0,0,0,0,0,0,0,1,3,55,1,2,2,1,0,0,1,62,8,1,2,51,0,0
21,210028,1,2,1,26,1,8,51,12,2,1,0,21,1,41,471,41471,30,2002,4F4YR12D82TM,4,F,4,Y,R,1,2,D,8,2,T,M,0,T,MAZD,RGC,PK,2,17,,1,0,1116,B23,G,,,4,140,,,,,3001,00,E,42,0,0,000000000,00000000000,0,0,0,1,0,0,0,0,0,0,0,998,0,0,0,12,12,6,2,12,0,0,0,1,21,42567,6,1,0,0,3,0,72,220,1,0,0,0,0,8,2010,8,2010,0,87,0,0,0,1,2,55,3,2,2,3,0,0,14,5,1,2,2,50,1,0
21,210028,2,2,1,26,1,8,51,12,2,1,0,21,1,14,402,14402,14,2005,4M2YU57185DJ,4,M,2,Y,U,5,7,1,8,5,D,J,0,P,MERC,MRN,UT,5,17,3409,,0,1031,,G,,F,6,183,,,16R235,,,,,,0,0,000000000,00000000000,0,0,0,1,0,0,0,0,0,0,0,998,0,0,0,12,12,6,2,12,0,0,0,1,21,42503,6,1,0,0,3,1,63,130,0,0,0,0,0,0,0,0,0,0,0,0,0,0,1,2,55,2,2,2,3,0,0,14,62,1,1,1,51,0,0
21,210029,1,1,3,28,1,11,46,1,0,1,0,0,0,98,998,98998,92,1990,000000000000,0,0,0,0,0,0,0,0,0,0,0,0,0,,,,,,,,,,,,,,,,,,,,,,,,,0,0,000000000,00000000000,0,0,0,1,0,0,0,0,0,0,0,30,0,2,5,0,0,6,4,1,0,0,0,1,21,42286,0,0,0,0,0,0,999,999,0,0,0,0,0,0,0,0,0,0,0,0,0,0,1,2,55,1,2,2,1,0,0,1,9,3,2,4,7,1,0
21,210030,1,1,1,28,1,22,15,42,0,1,0,21,1,20,9,20009,2,1977,1S87U7L50271,1,S,8,7,U,7,L,5,0,2,7,1,0,P,CHEV,CLT,CP,77,13,3422,,0,1080,,G,,2,8,305,,,14FR78,,,,,,0,0,000000000,00000000000,0,0,0,1,0,0,0,0,0,0,0,998,0,0,0,12,12,6,2,42,0,0,0,1,21,42261,6,1,0,0,3,0,70,155,1,0,0,0,0,2,2008,2,2008,0,0,0,0,0,1,2,55,1,2,2,1,40,3,1,13,1,1,4,1,1,1
21,210031,1,1,4,30,1,4,13,42,0,1,0,21,2,6,43,6043,1,1996,3C3EL45H6TT2,3,C,3,E,L,4,5,H,6,T,T,2,0,P,CHRY,SJX,CV,96,17,3262,,0,1060,,G,,F,6,152,,,15R205,,,,,,0,0,000000000,00000000000,0,0,0,1,0,0,0,0,0,0,0,998,0,0,0,81,81,6,2,42,0,0,0,1,21,42322,6,1,0,0,3,0,65,150,0,0,0,0,0,0,0,0,0,0,58,0,0,0,1,2,55,1,1,2,1,0,0,17,9,7,2,4,2,1,1
21,210032,1,2,2,30,1,9,5,12,2,1,0,21,2,49,40,49040,4,1996,4T1BG12KXTU7,4,T,1,B,G,1,2,K,X,T,U,7,0,P,TOYT,DLX,4D,96,17,2932,,0,1031,,G,,F,4,132,,,14R195,,,,,,0,0,000000000,00000000000,0,0,0,1,0,0,0,0,0,0,0,998,0,0,0,12,12,6,2,12,0,0,0,1,21,41843,1,1,0,0,2,0,73,195,0,1,1,0,1,7,2008,7,2008,0,0,0,0,0,1,2,55,3,1,2,1,40,3,14,10,1,1,2,50,0,1
21,210032,2,2,1,30,1,9,5,12,2,1,0,21,1,20,2,20002,4,2005,1G1ND52FX5M1,1,G,1,N,D,5,2,F,X,5,M,1,0,P,CHEV,CLA,4D,5,17,3106,,0,1070,,G,,F,4,134,,,15R205,,,,,,0,0,000000000,00000000000,0,0,0,1,0,0,0,0,0,0,0,998,0,0,0,12,12,6,2,12,0,0,0,1,21,41834,6,1,0,0,3,1,62,185,0,0,0,0,0,0,0,0,0,0,0,0,0,0,1,2,55,2,1,2,1,40,3,14,62,3,2,1,51,1,0
21,210033,1,1,1,30,1,2,30,1,0,1,0,21,2,2,404,2404,14,1999,1J4GW58S1XC5,1,J,4,G,W,5,8,S,1,X,C,5,0,T,JEEP,LRO,4W,99,17,,1,0,1059,GCK,G,,,6,242,,,,,3809,00,E,44,0,0,000000000,00000000000,0,0,0,1,0,0,0,0,0,0,0,998,0,2,5,0,0,6,2,1,0,0,0,1,21,41008,1,1,0,0,2,0,70,180,0,2,1,0,0,1,2008,12,2010,0,0,0,0,0,1,2,55,3,2,2,1,0,0,14,13,1,1,4,1,1,1
21,210034,1,1,1,29,1,17,56,32,0,1,0,21,1,7,472,7472,30,2000,1B7GL22X2YS6,1,B,7,G,L,2,2,X,2,Y,S,6,0,T,DODG,DAK,PC,0,17,,1,0,1309,DAK,G,,,6,239,,,,B,3494,00,U,42,0,0,000000000,00000000000,0,0,0,1,0,0,0,0,0,0,0,67,0,0,0,12,12,6,2,32,0,0,1,1,21,42070,6,1,0,0,3,0,71,245,0,0,0,0,0,0,0,0,0,1,0,0,0,0,1,2,55,3,2,2,1,40,3,14,13,1,1,4,1,1,1
21,210035,1,3,1,28,1,5,35,11,0,1,0,21,1,20,403,20403,14,2003,1GNDT13X63K1,1,G,N,D,T,1,3,X,6,3,K,1,0,P,CHEV,BZR,UT,3,17,4114,,0,1070,,G,,F,6,262,,,16R235,,,,,,0,0,000000000,00000000000,0,0,0,1,0,0,0,0,0,0,0,50,0,0,0,12,12,4,3,11,0,0,0,1,21,40336,6,1,0,0,3,0,64,143,2,0,0,0,0,12,2009,8,2010,0,0,0,0,0,1,2,55,1,1,2,2,0,0,1,87,9,1,1,13,0,0
21,210035,2,3,1,28,1,5,35,11,0,1,0,21,1,24,2,24002,2,2002,1G8ZY12772Z2,1,G,8,Z,Y,1,2,7,7,2,Z,2,0,P,STRN,SC2,3P,2,17,2465,,0,1024,,G,,F,4,116,,,15R195,,,,,,0,0,000000000,00000000000,0,0,0,1,0,0,0,0,0,0,0,55,0,0,0,12,12,6,2,12,0,0,0,1,21,40336,6,1,0,0,3,0,65,125,0,0,0,0,0,0,0,0,0,0,0,0,0,0,1,2,55,1,1,2,2,0,0,1,87,8,2,1,98,1,0
21,210035,3,3,1,28,1,5,35,11,0,1,0,21,1,12,481,12481,31,1996,1FTEF14N0TLA,1,F,T,E,F,1,4,N,0,T,L,A,0,T,FORD,F15,PK,96,17,,2,1330,1170,COF,G,,,8,302,,,,B,00000,00,M,44,0,0,000000000,00000000000,0,0,0,1,0,0,0,0,0,0,0,20,9,0,0,12,12,6,2,12,0,0,0,1,21,40336,6,1,0,0,3,0,67,225,0,0,0,0,0,0,0,0,0,0,0,0,0,0,1,2,55,1,1,2,2,0,0,1,62,2,1,1,98,0,0
21,210036,1,1,1,1,2,9,10,42,0,1,0,21,1,7,402,7402,14,1998,1B4HS28Y8WF1,1,B,4,H,S,2,8,Y,8,W,F,1,0,P,DODG,DUR,UT,98,17,4349,,0,1159,,G,,F,8,318,,,15R235,,,,,,0,0,000000000,00000000000,0,0,0,1,0,0,0,0,0,0,0,998,0,0,0,9,9,6,2,42,0,0,0,1,21,42164,6,1,0,0,3,0,63,115,0,0,0,0,0,0,0,0,0,0,0,0,0,0,1,2,55,3,2,2,2,40,3,14,10,9,2,4,7,1,0
21,210037,1,2,1,1,2,11,35,12,6,1,0,21,2,49,472,49472,30,1998,4TAVL52NXWZ0,4,T,A,V,L,5,2,N,X,W,Z,0,0,T,TOYT,XTR,PK,98,17,,1,0,1219,TAC,G,,,4,149,,,,B,2746,00,U,42,0,0,000000000,00000000000,0,0,0,1,0,0,0,0,0,0,0,998,0,0,0,9,3,6,2,12,0,0,0,1,21,40507,3,1,0,0,2,0,70,165,0,0,0,0,0,0,0,0,0,0,39,0,0,0,1,2,35,1,1,2,2,3,3,1,17,1,1,1,89,1,0
21,210037,2,2,1,1,2,11,35,12,6,1,0,21,3,12,473,12473,30,2002,1FMZU77E72UA,1,F,M,Z,U,7,7,E,7,2,U,A,0,P,FORD,EPR,UT,2,17,4340,,0,1259,,G,,F,6,245,,,16R235,,,,,,0,0,000000000,00000000000,0,0,0,1,0,0,0,0,0,0,0,998,0,0,0,12,12,6,2,12,0,0,0,1,21,40502,6,1,0,0,3,0,69,150,0,0,0,1,0,3,2009,3,2009,1,0,0,0,0,1,2,98,1,1,2,2,0,0,1,66,1,1,1,88,0,0
21,210038,1,2,1,2,2,11,0,12,6,1,0,21,1,7,402,7402,14,1999,1B4HS28Y3XF6,1,B,4,H,S,2,8,Y,3,X,F,6,0,P,DODG,DUR,UT,99,17,4397,,0,1159,,G,,F,8,318,,,15R235,,,,,,0,0,000000000,00000000000,0,0,0,1,0,0,0,0,0,0,0,998,0,0,0,82,82,6,2,12,0,0,0,1,21,40008,6,1,0,0,3,0,64,140,1,0,0,0,0,8,2009,8,2009,0,0,0,0,0,1,2,35,2,2,2,1,0,0,14,9,6,4,2,64,1,0
21,210038,2,2,1,2,2,11,0,12,6,1,0,21,2,12,471,12471,30,1991,1FTCR10A1MUB,1,F,T,C,R,1,0,A,1,M,U,B,0,T,FORD,RNG,PK,91,17,,1,1140,1080,RNG,G,,,4,140,,,,B,2674,01,A,42,0,0,000000000,00000000000,0,0,0,1,0,0,0,0,0,0,0,998,0,0,0,12,12,6,2,12,0,0,0,1,21,40008,6,1,6,0,3,1,68,140,0,0,0,0,0,0,0,0,0,0,0,0,0,0,1,2,35,3,2,2,1,0,0,14,62,3,2,1,65,0,0
21,210039,1,1,1,3,2,8,55,10,0,1,0,21,1,20,36,20036,2,2004,2G1WW12E5491,2,G,1,W,W,1,2,E,5,4,9,1,0,P,CHEV,MLS,CP,4,17,3340,,0,1105,,G,,F,6,207,,,16R225,,,,,,0,0,000000000,00000000000,0,0,0,1,0,0,0,0,0,0,0,998,0,0,0,1,1,6,2,10,0,0,0,1,21,40740,6,1,0,0,3,1,60,140,0,0,0,0,0,0,0,0,0,0,38,39,0,0,1,2,55,1,2,2,1,65,3,1,91,1,1,1,15,1,0
21,210040,1,1,1,3,2,17,33,1,0,1,0,21,5,20,401,20401,14,1996,1GNDT13WXT22,1,G,N,D,T,1,3,W,X,T,2,2,0,P,CHEV,BZR,UT,96,17,4023,,0,1070,,G,,F,6,262,,,15R235,,,,,,0,0,000000000,00000000000,0,0,0,1,0,0,0,0,0,0,0,998,0,2,5,0,0,6,2,1,0,0,0,1,21,42642,1,1,0,0,2,0,72,152,0,0,0,0,0,0,0,0,0,1,0,0,0,0,1,2,55,2,1,2,1,0,0,14,13,1,1,4,1,1,0
21,210041,1,2,1,4,2,14,2,12,2,1,0,21,2,20,441,20441,20,2000,1GNDM19W7YB1,1,G,N,D,M,1,9,W,7,Y,B,1,0,T,CHEV,AST,ES,0,17,,1,0,1112,AST,G,,,6,262,,,,B,4186,00,,42,0,0,000000000,00000000000,0,0,0,1,0,0,0,0,0,0,0,10,0,0,0,12,12,4,3,42,0,0,0,1,21,40218,6,1,0,0,3,1,67,225,0,0,0,0,0,0,0,0,0,0,0,0,0,0,1,2,25,1,1,2,1,0,0,10,16,1,1,1,80,1,0
21,210041,2,2,1,4,2,14,2,12,2,1,0,21,1,12,471,12471,30,2001,1FTYR14U81TA,1,F,T,Y,R,1,4,U,8,1,T,A,0,T,FORD,RNS,PC,1,17,,1,0,1257,RNG,G,,,6,182,,,,B,3271,00,U,42,0,0,000000000,00000000000,0,0,0,1,0,0,0,0,0,0,0,998,0,0,0,12,12,2,1,12,0,0,0,1,21,40213,6,1,0,0,3,0,69,195,0,0,0,0,0,0,0,0,0,0,0,0,0,0,1,2,25,1,1,2,1,0,0,1,72,2,1,1,81,0,0
21,210042,1,1,1,2,2,4,41,23,0,1,0,40,3,87,881,87881,66,2009,1XP7D49X29D7,1,X,P,7,D,4,9,X,2,9,D,7,1,T,PTRB,387,TR,9,17,,8,0,0,CON,D,,,6,915,,,,,00000,00,,64,1,57,00303024,5700303024,3,6,1,1,0,0,0,0,0,0,0,70,0,0,0,12,12,6,2,23,0,0,0,1,51,24401,6,1,6,0,3,0,65,135,1,0,0,0,0,3,2008,3,2008,0,0,0,0,0,3,2,70,1,2,2,1,0,0,1,12,1,1,4,6,1,1
21,210043,1,1,2,3,2,18,54,42,0,1,0,18,2,20,443,20443,20,2002,1GNDX03E12D1,1,G,N,D,X,0,3,E,1,2,D,1,0,T,CHEV,VTR,ES,2,17,,1,0,1200,VTR,G,,,6,207,,,,B,3838,00,,42,0,0,000000000,00000000000,0,0,0,1,0,0,0,0,0,0,0,998,0,0,0,1,12,6,2,42,0,0,0,1,18,46158,6,1,0,0,3,0,70,190,0,0,0,0,0,0,0,0,0,0,0,0,0,0,3,3,70,1,2,2,1,0,0,1,13,1,1,4,1,1,1
21,210044,1,1,1,3,2,6,33,15,0,1,0,21,1,12,481,12481,31,2006,1FTPX14V66NB,1,F,T,P,X,1,4,V,6,6,N,B,0,T,FORD,F15,4C,6,17,,2,0,1450,COF,F,,,8,329,,,,B,4297,16,E,44,0,0,000000000,00000000000,0,0,0,1,0,0,0,0,0,0,0,998,0,0,0,12,12,2,3,15,0,0,0,1,21,42437,6,1,0,0,3,1,70,190,0,0,0,0,0,0,0,0,0,0,0,0,0,0,1,2,55,1,1,2,1,40,3,1,80,8,1,2,13,0,0
21,210045,1,2,2,6,2,15,40,12,2,1,0,21,2,12,471,12471,30,2002,1FTYR10D82PB,1,F,T,Y,R,1,0,D,8,2,P,B,0,T,FORD,RNG,PK,2,17,,1,1175,1116,RNG,G,,,4,140,,,,B,3085,03,E,42,0,0,000000000,00000000000,0,0,0,1,0,0,0,0,0,0,0,998,0,0,0,12,12,6,2,12,0,0,0,1,21,42461,6,1,1,0,3,0,67,190,0,0,0,1,0,9,2008,9,2008,0,58,38,0,0,1,2,55,1,1,2,1,0,0,1,10,1,1,2,50,0,1
21,210045,2,2,2,6,2,15,40,12,2,1,0,21,2,14,38,14038,2,1999,1ZWFT61L6X56,1,Z,W,F,T,6,1,L,6,X,5,6,0,P,MERC,CU6,2H,99,17,2941,,0,1064,,G,,F,6,155,,,16R215,,,,,,0,0,000000000,00000000000,0,0,0,1,0,0,0,0,0,0,0,998,0,0,0,12,12,6,2,12,0,0,0,1,21,42461,6,1,0,0,3,0,69,170,0,0,0,0,1,11,2010,11,2010,0,0,0,0,0,1,2,55,1,1,2,1,0,0,1,62,1,1,1,51,1,0
21,210046,1,2,2,6,2,17,23,12,6,1,0,21,1,20,403,20403,14,2004,1GNDT13X34K1,1,G,N,D,T,1,3,X,3,4,K,1,0,P,CHEV,BZR,UT,4,17,4134,,0,1070,,G,,F,6,262,,,16R235,,,,,,0,0,000000000,00000000000,0,0,0,1,0,0,0,0,0,0,0,998,0,1,1,81,81,6,2,12,0,0,0,1,21,41603,6,1,0,0,3,0,68,160,0,0,0,0,0,0,0,0,0,0,38,0,0,0,2,4,55,1,1,2,1,0,0,11,15,98,1,1,68,2,1
21,210046,2,2,1,6,2,17,23,12,6,1,0,21,1,49,472,49472,30,1999,4TAPM62NXXZ4,4,T,A,P,M,6,2,N,X,X,Z,4,0,T,TOYT,REG,PK,99,17,,1,0,1033,TAC,G,,,4,164,,,,B,3202,00,U,44,0,0,000000000,00000000000,0,0,0,1,0,0,0,0,0,0,0,998,0,0,0,12,12,6,2,12,0,0,0,1,21,41539,6,1,0,0,3,0,70,185,0,0,0,0,0,0,0,0,0,0,0,0,0,0,2,4,55,1,1,2,1,0,0,1,62,8,1,1,69,0,0