STATE,ST_CASE,VEH_NO,VE_FORMS,NUMOCCS,DAY,MONTH,HOUR,MINUTE,HARM_EV,MAN_COLL,UNITTYPE,HIT_RUN,REG_STAT,OWNER,MAKE,MODEL,MAK_MOD,BODY_TYP,MOD_YEAR,VIN,VIN_1,VIN_2,VIN_3,VIN_4,VIN_5,VIN_6,VIN_7,VIN_8,VIN_9,VIN_10,VIN_11,VIN_12,TOW_VEH,VINTYPE,VINMAKE,VINA_MOD,VIN_BT,VINMODYR,VIN_LNGT,VIN_WGT,WGTCD_TR,WHLBS_LG,WHLBS_SH,SER_TR,FUELCODE,MCYCL_DS,CARBUR,CYLINDER,DISPLACE,MCYCL_CY,MCYCL_WT,TIRE_SZE,TON_RAT,TRK_WT,TRKWTVAR,VIN_REST,WHLDRWHL,J_KNIFE,MCARR_I1,MCARR_I2,MCARR_ID,GVWR,V_CONFIG,CARGO_BT,HAZ_INV,HAZ_PLAC,HAZ_ID,HAZ_CNO,HAZ_REL,BUS_USE,SPEC_USE,EMER_USE,TRAV_SP,UNDERIDE,ROLLOVER,ROLINLOC,IMPACT1,IMPACT2,DEFORMED,TOWED,M_HARM,VEH_SC1,VEH_SC2,FIRE_EXP,DR_PRES,L_STATE,DR_ZIP,L_STATUS,L_TYPE,CDL_STAT,L_ENDORS,L_COMPL,L_RESTRI,DR_HGT,DR_WGT,PREV_ACC,PREV_SUS,PREV_DWI,PREV_SPD,PREV_OTH,FIRST_MO,FIRST_YR,LAST_MO,LAST_YR,SPEEDREL,DR_SF1,DR_SF2,DR_SF3,DR_SF4,VTRAFWAY,VNUM_LAN,VSPD_LIM,VALIGN,VPROFILE,VPAVETYP,VSURCOND,VTRAFCON,VTCONT_F,P_CRASH1,P_CRASH2,P_CRASH3,PCRASH4,PCRASH5,ACC_TYPE,DEATHS,DR_DRINK
21,210111,2,2,2,11,3,19,10,12,6,1,0,21,1,12,481,12481,31,1997,1FTHX26F8VEB,1,F,T,H,X,2,6,F,8,V,E,B,0,T,FORD,F25,PC,97,17,,2,1550,1390,COF,D,,,8,444,,,,C,5236,00,A,44,0,0,000000000,00000000000,0,0,0,1,0,0,0,0,0,0,0,998,0,0,0,12,12,6,2,12,0,0,0,1,21,40370,6,1,0,0,3,1,64,135,2,0,0,0,0,6,2010,2,2011,0,0,0,0,0,2,2,55,1,1,2,1,0,0,1,66,3,2,1,69,0,0
21,210112,1,2,1,18,3,7,40,54,11,1,0,18,3,82,881,82881,66,2006,1FUJBBCK46LV,1,F,U,J,B,B,C,K,4,6,L,V,1,T,FRHT,ST2,TR,6,17,,8,0,0,CON,D,,,6,855,,,,,00000,00,,64,1,57,00811350,5700811350,3,6,11,1,0,0,0,0,0,0,0,998,0,0,0,18,18,2,3,54,0,0,0,1,21,41001,6,1,6,1,3,1,73,210,2,0,0,0,0,1,2010,11,2010,0,0,0,0,0,3,4,70,1,1,1,1,0,0,1,98,1,1,1,98,0,0
21,210112,2,2,2,18,3,7,40,54,11,1,0,12,1,98,806,98806,62,2005,JHBNE8JT851S,J,H,B,N,E,8,J,T,8,5,1,S,0,T,HINO,268,CC,5,17,,6,0,0,HIN,D,,,6,469,,,,,00000,00,,42,0,77,777777777,77777777777,2,1,1,1,0,0,0,0,0,0,0,998,0,0,0,12,12,4,3,54,0,0,0,1,12,33033,6,1,0,0,3,0,66,999,0,0,0,1,0,1,2009,1,2009,0,0,0,0,0,3,4,70,1,1,1,1,0,0,1,90,3,2,1,98,1,0
21,210113,1,2,1,18,3,12,58,12,6,1,0,92,0,73,733,73733,90,1996,JKBLFBA13TB7,J,K,B,L,F,B,A,1,3,T,B,7,0,M,KAWK,LF2,AT,96,17,,,,,,,220,,1,,4,399,,,,,,,0,0,000000000,00000000000,0,0,0,1,0,0,0,0,0,0,0,998,0,0,0,61,61,6,2,12,0,0,0,1,21,40962,1,1,0,0,1,0,70,999,0,0,0,0,0,0,0,0,0,1,0,0,0,0,0,0,0,0,0,0,0,0,0,1,19,1,1,1,66,1,1
21,210113,2,2,1,18,3,12,58,12,6,1,0,21,3,23,881,23881,63,2004,1GDP7C1C84F5,1,G,D,P,7,C,1,C,8,4,F,5,0,T,GMC,C7C,CC,4,17,,8,3080,1400,C75,D,,,6,439,,,,,00000,00,,42,0,88,888888888,88888888888,3,1,4,1,0,0,0,0,0,0,0,998,0,0,0,12,12,4,1,12,0,0,0,1,21,40962,6,1,6,1,3,1,72,230,0,0,0,0,0,0,0,0,0,0,0,0,0,0,1,2,55,4,1,2,1,0,0,14,73,1,1,1,66,0,0
21,210114,1,1,1,18,3,13,50,35,0,1,0,21,1,18,2,18002,4,2004,1G4HP52K5441,1,G,4,H,P,5,2,K,5,4,4,1,0,P,BUIC,LCF,4D,4,17,3567,,0,1122,,G,,F,6,231,,,15R215,,,,,,0,0,000000000,00000000000,0,0,0,1,0,0,0,0,0,0,0,45,0,0,0,12,12,4,3,35,0,0,0,1,21,42408,6,1,0,0,3,0,69,170,0,0,0,0,0,0,0,0,0,0,0,0,0,0,1,2,55,2,2,2,1,40,3,14,12,6,4,4,7,1,0
21,210115,1,1,1,18,3,14,25,1,0,1,0,21,1,84,881,84881,63,1991,2HSFHRET9MC0,2,H,S,F,H,R,E,T,9,M,C,0,0,T,INTL,940,TR,91,17,,8,2340,1600,90S,D,,,6,893,,,,,00000,00,,64,0,57,00656059,5700656059,3,2,2,1,0,0,0,0,0,0,0,998,0,2,1,0,0,6,2,1,0,0,0,1,21,40409,6,1,6,1,3,1,73,254,0,0,0,0,0,0,0,0,0,0,58,0,0,0,2,2,70,1,1,2,1,0,0,1,1,8,2,1,98,1,0
21,210116,1,1,3,1,3,21,11,8,0,1,0,21,1,20,443,20443,20,1999,1GNDX03E2XD2,1,G,N,D,X,0,3,E,2,X,D,2,0,T,CHEV,VTR,ES,99,17,,1,0,1200,VTR,G,,,6,207,,,,,3792,00,,42,0,0,000000000,00000000000,0,0,0,1,0,0,0,0,0,0,0,40,0,0,0,12,12,4,3,8,0,0,0,1,21,40212,6,1,0,0,3,0,66,185,1,0,0,0,0,9,2010,9,2010,0,0,0,0,0,1,2,45,1,1,2,1,0,0,1,80,1,1,1,13,0,0
21,210117,1,2,2,4,3,11,32,12,2,1,0,47,1,24,1,24001,4,2001,1G8ZH52811Z3,1,G,8,Z,H,5,2,8,1,1,Z,3,0,P,STRN,SL1,4D,1,17,2360,,0,1024,,G,,F,4,116,,,14R185,,,,,,0,0,000000000,00000000000,0,0,0,1,0,0,0,0,0,0,0,55,0,0,0,12,12,6,2,12,0,0,0,1,47,37023,6,1,0,0,3,0,69,230,0,0,0,0,0,0,0,0,0,0,51,0,0,0,1,2,55,2,1,2,1,0,0,14,54,3,2,1,50,1,0
21,210117,2,2,1,4,3,11,32,12,2,1,0,47,1,23,441,23441,20,1993,1GDDM15Z9PB5,1,G,D,D,M,1,5,Z,9,P,B,5,0,T,GMC,SAF,CG,93,17,,1,0,1110,SAF,G,,,6,262,,,,B,00000,00,A,42,0,0,000000000,00000000000,0,0,0,1,0,0,0,0,0,0,0,55,0,0,0,12,12,6,2,12,0,0,0,1,47,37042,9,9,99,9,9,9,999,999,99,99,99,99,99,99,9999,99,9999,0,92,0,0,0,1,2,55,3,1,2,1,0,0,14,54,8,2,1,51,0,0
21,210118,1,1,4,10,3,6,56,35,0,1,0,21,1,7,442,7442,20,1994,1B4GH4434RX3,1,B,4,G,H,4,4,3,4,R,X,3,0,T,DODG,GCS,ES,94,17,,1,0,1193,CAR,G,,,6,181,,,,,3580,00,E,42,0,0,000000000,00000000000,0,0,0,1,0,0,0,0,0,0,0,998,0,1,5,12,12,6,2,35,0,0,0,1,21,42217,6,1,0,0,3,0,64,152,0,0,0,0,0,0,0,0,0,0,58,0,0,0,1,2,45,1,3,1,2,0,0,1,5,98,2,4,2,1,0
21,210119,1,1,1,19,3,11,15,35,0,1,0,21,1,72,706,72706,80,2005,1HD1BXB165Y0,1,H,D,1,B,X,B,1,6,5,Y,0,0,M,HD,ISF,RS,5,17,,,,,,,1450,,2,,4,666,,,,,,,0,0,000000000,00000000000,0,0,0,1,0,0,0,0,0,0,0,998,0,0,0,12,12,6,4,35,0,0,0,1,36,14062,6,1,0,0,3,0,73,999,0,0,0,0,1,9,2010,9,2010,0,0,0,0,0,1,2,55,3,1,2,1,0,0,14,13,1,1,4,1,1,0
21,210120,1,2,1,20,3,12,30,12,2,1,0,21,2,18,4,18004,4,1995,1G4BN52P2SR4,1,G,4,B,N,5,2,P,2,S,R,4,0,P,BUIC,RDM,4D,95,17,4211,,0,1159,,G,,F,8,350,,,15R235,,,,,,0,0,000000000,00000000000,0,0,0,1,0,0,0,0,0,0,0,998,0,0,0,12,12,6,2,12,0,0,0,1,21,40601,6,1,0,0,3,0,72,160,0,1,0,0,1,9,2008,3,2010,0,27,0,0,0,1,2,55,1,2,2,1,0,0,1,10,1,1,2,50,1,0
21,210120,2,2,1,20,3,12,30,12,2,1,0,21,1,12,880,12880,67,2005,1FTWW33P05EA,1,F,T,W,W,3,3,P,0,5,E,A,1,T,FORD,F3D,CW,5,17,,3,1720,1560,DRW,D,,,8,366,,,,D,6778,00,E,44,1,77,777777777,77777777777,2,4,97,1,0,0,0,0,0,0,0,998,0,0,0,12,12,6,2,12,0,0,0,1,21,40379,6,1,0,0,3,0,72,210,0,0,0,0,0,0,0,0,0,0,0,0,0,0,1,2,55,1,2,2,1,0,0,1,62,9,1,1,51,0,0
21,210121,1,1,2,20,3,18,33,52,0,1,0,17,2,20,481,20481,31,2004,2GCEK13T8413,2,G,C,E,K,1,3,T,8,4,1,3,0,T,CHEV,SK1,CW,4,17,,2,0,1435,SIL,G,,,8,323,,,,B,5244,00,,44,0,0,000000000,00000000000,0,0,0,1,0,0,0,0,0,0,0,998,0,0,0,61,13,6,2,21,0,0,0,1,18,46226,6,2,0,0,3,0,72,165,0,4,0,2,3,4,2009,8,2009,0,58,0,0,0,2,2,70,1,1,2,1,0,0,1,9,7,2,4,7,1,0
21,210122,1,1,3,21,3,15,5,42,0,1,0,1,1,20,481,20481,31,2001,1GCHC23U91F1,1,G,C,H,C,2,3,U,9,1,F,1,0,T,CHEV,2CH,CW,1,17,,2,1670,1530,SIL,G,,,8,364,,,,C,5476,00,,42,0,0,000000000,00000000000,0,0,0,1,0,0,0,0,0,0,0,998,0,1,5,12,12,6,2,42,0,0,0,1,21,42261,6,1,0,0,3,1,68,140,1,0,0,0,0,9,2008,9,2008,0,0,0,0,0,1,2,55,1,3,2,1,0,0,1,9,3,2,4,2,1,0
21,210123,1,1,1,15,3,6,55,42,0,1,0,21,1,12,37,12037,2,2003,3FAFP11393R1,3,F,A,F,P,1,1,3,9,3,R,1,0,P,FORD,ZX2,CP,3,17,2478,,0,984,,G,,F,4,121,,,15R185,,,,,,0,0,000000000,00000000000,0,0,0,1,0,0,0,0,0,0,0,998,0,0,0,1,3,6,2,42,0,0,0,1,21,40031,6,1,0,0,3,1,66,125,0,0,0,0,0,0,0,0,0,1,58,87,0,0,1,2,55,2,2,2,2,40,3,14,6,1,4,4,7,1,0
21,210124,1,2,1,23,3,6,54,12,2,1,0,0,0,37,739,37739,90,9999,000000000000,0,0,0,0,0,0,0,0,0,0,0,0,0,,,,,,,,,,,,,,,,,,,,,,,,,0,0,000000000,00000000000,0,0,0,1,0,0,0,0,0,0,0,998,0,1,1,12,12,6,4,12,0,0,0,1,21,42718,6,1,0,0,3,0,68,173,0,0,0,0,0,0,0,0,0,0,30,38,0,0,1,2,35,1,2,2,1,0,0,98,98,1,1,7,52,1,0
21,210124,2,2,4,23,3,6,54,12,2,1,0,21,1,53,32,53032,4,2000,JS2GB41S2Y51,J,S,2,G,B,4,1,S,2,Y,5,1,0,P,SUZI,ELS,4D,0,17,2227,,0,976,,G,,F,4,112,,,14R185,,,,,,0,0,000000000,00000000000,0,0,0,1,0,0,0,0,0,0,0,998,0,0,0,12,12,6,2,12,0,0,0,1,21,42718,6,1,0,0,3,1,70,175,0,0,0,0,0,0,0,0,0,0,0,0,0,0,1,2,35,1,2,2,1,0,0,1,63,3,2,1,52,0,0
21,210125,1,2,2,19,3,22,21,12,2,1,0,21,1,20,36,20036,2,1997,2G1WW12M3V92,2,G,1,W,W,1,2,M,3,V,9,2,0,P,CHEV,MLS,CP,97,17,3320,,0,1075,,G,,F,6,191,,,15R205,,,,,,0,0,000000000,00000000000,0,0,0,1,0,0,0,0,0,0,0,998,0,0,0,12,12,6,2,12,0,0,0,1,21,40004,6,1,0,0,3,0,71,160,0,1,0,0,0,3,2008,3,2008,0,0,0,0,0,1,3,55,1,6,2,1,40,3,1,10,1,1,2,50,1,1
21,210125,2,2,3,19,3,22,21,12,2,1,0,21,2,20,481,20481,31,2002,1GCGK13U22F2,1,G,C,G,K,1,3,U,2,2,F,2,0,T,CHEV,1KH,CW,2,17,,2,0,1530,SIL,G,,,8,364,,,,B,5763,00,,44,0,0,000000000,00000000000,0,0,0,1,0,0,0,0,0,0,0,998,0,0,0,12,12,6,2,12,0,0,0,1,21,40004,6,1,0,0,3,0,67,124,0,0,0,0,0,0,0,0,0,0,0,0,0,0,1,3,55,1,5,2,1,40,3,1,62,7,1,2,51,0,0
21,210126,1,1,2,16,3,7,54,42,0,1,0,21,2,52,37,52037,1,2003,4A3AE55HX3E0,4,A,3,A,E,5,5,H,X,3,E,0,0,P,MITS,STG,CV,3,17,3120,,0,1008,,G,,F,6,183,,,17R215,,,,,,0,0,000000000,00000000000,0,0,0,1,0,0,0,0,0,0,0,998,0,0,0,9,9,6,2,42,0,0,0,1,21,40701,6,1,0,0,3,0,70,150,0,0,0,0,0,0,0,0,0,0,0,0,0,0,1,2,55,1,1,2,1,0,0,6,8,3,3,4,3,1,0
21,210127,1,1,3,11,3,21,37,42,0,1,0,21,2,39,35,39035,2,2001,SAJDA41BX1PA,S,A,J,D,A,4,1,B,X,1,P,A,0,P,JAGU,XKR,CP,1,17,3785,,0,1019,,G,,Z,8,244,,,18R245,,,,,,0,0,000000000,00000000000,0,0,0,1,0,0,0,0,0,0,0,998,0,1,5,12,12,6,2,38,0,0,0,1,21,40391,6,2,0,0,3,0,62,110,0,0,0,0,0,0,0,0,0,1,58,0,0,0,1,2,55,1,2,2,1,0,0,1,6,8,4,4,7,1,0
21,210128,1,1,3,26,3,20,15,11,0,1,0,21,1,49,44,49044,1,2002,2T1FF28P72C5,2,T,1,F,F,2,8,P,7,2,C,5,0,P,TOYT,CEE,CV,2,17,3362,,0,1051,,G,,F,6,183,,,15R205,,,,,,0,0,000000000,00000000000,0,0,0,1,0,0,0,0,0,0,0,998,0,0,0,12,12,6,2,11,0,0,0,1,21,41010,6,1,0,0,3,0,64,185,0,0,0,0,0,0,0,0,0,0,0,0,0,0,1,2,55,3,1,2,1,40,3,14,87,1,1,1,13,1,0
21,210129,1,1,1,28,3,11,36,30,0,1,0,21,2,20,2,20002,4,2001,2G1WH55K6191,2,G,1,W,H,5,5,K,6,1,9,1,0,P,CHEV,IPL,4D,1,17,3466,,0,1105,,G,,F,6,231,,,16R225,,,,,,0,0,000000000,00000000000,0,0,0,1,0,0,0,0,0,0,0,998,0,0,0,9,9,6,2,30,0,0,0,1,21,40502,6,1,0,0,3,0,73,220,0,0,0,0,0,0,0,0,0,1,0,0,0,0,1,2,35,2,1,2,1,40,3,14,9,7,4,4,7,1,0
21,210130,1,1,1,26,3,11,52,30,0,1,0,21,1,22,22,22022,4,2005,1G2ZG5285541,1,G,2,Z,G,5,2,8,5,5,4,1,0,P,PONT,G/6,4D,5,17,3420,,0,1123,,G,,F,6,214,,,16R215,,,,,,0,0,000000000,00000000000,0,0,0,1,0,0,0,0,0,0,0,60,0,0,0,12,12,6,2,30,0,0,0,1,21,41018,6,1,0,0,3,0,72,230,0,0,0,0,0,0,0,0,0,1,0,0,0,0,1,4,45,3,2,2,1,0,0,14,13,1,1,4,1,1,1
21,210131,1,2,1,23,3,21,52,12,6,1,0,21,1,49,471,49471,30,1994,4TARN81A8RZ2,4,T,A,R,N,8,1,A,8,R,Z,2,0,T,TOYT,USS,PK,94,17,,1,0,1030,UHT,G,,,4,144,,,,B,2690,00,A,42,0,0,000000000,00000000000,0,0,0,1,0,0,0,0,0,0,0,30,0,0,0,81,81,6,2,12,0,0,0,1,21,40165,6,1,0,0,3,0,74,208,0,0,0,0,0,0,0,0,0,0,38,0,0,0,2,2,55,1,1,2,1,0,0,11,15,1,1,1,68,1,1
21,210131,2,2,4,23,3,21,52,12,6,1,0,21,1,20,421,20421,15,2003,1GNEK13Z03J1,1,G,N,E,K,1,3,Z,0,3,J,1,0,P,CHEV,KTA,UT,3,17,5050,,0,1160,,F,,F,8,325,,,16R265,,,,,,0,0,000000000,00000000000,0,0,0,1,0,0,0,0,0,0,0,50,0,0,0,12,12,6,2,12,0,0,0,1,21,40165,6,1,0,0,3,0,60,98,0,0,0,0,0,0,0,0,0,0,0,0,0,0,2,2,55,1,1,2,1,0,0,1,66,98,1,1,69,0,0
21,210132,1,2,1,31,3,6,22,12,6,1,0,21,1,20,401,20401,14,2002,1GNDT13S7225,1,G,N,D,T,1,3,S,7,2,2,5,0,P,CHEV,TRL,UT,2,17,4628,,0,1130,,G,,F,6,256,,,16R245,,,,,,0,0,000000000,00000000000,0,0,0,1,0,0,0,0,0,0,0,998,0,0,0,10,10,6,2,12,0,0,0,1,21,42020,3,1,0,0,2,1,63,155,0,0,0,0,0,0,0,0,0,0,38,39,0,0,1,2,98,1,1,2,1,20,3,11,15,98,1,1,82,1,0
21,210132,2,2,1,31,3,6,22,12,6,1,0,17,3,86,881,86881,66,2007,1M2AT04Y27M0,1,M,2,A,T,0,4,Y,2,7,M,0,1,T,MACK,CTP,TR,7,17,,8,0,0,700,D,,,6,659,,,,,00000,00,,64,1,57,00318730,5700318730,3,6,8,1,0,0,0,0,0,0,0,998,0,1,5,12,12,4,3,12,0,0,0,1,17,62922,6,1,6,0,3,1,62,280,0,0,0,0,0,0,0,0,0,0,0,0,0,0,1,2,55,3,1,2,1,0,0,14,67,8,1,1,83,0,0
21,210133,1,1,1,31,3,7,2,42,0,1,0,21,1,7,472,7472,30,2000,1B7GG2AN6YS5,1,B,7,G,G,2,A,N,6,Y,S,5,0,T,DODG,QAD,CW,0,17,,1,0,1309,DAK,G,,,8,287,,,,B,4262,00,U,44,0,0,000000000,00000000000,0,0,0,1,0,0,0,0,0,0,0,998,0,1,5,12,98,6,2,42,0,0,1,1,21,40324,6,1,0,0,3,0,71,130,0,0,0,0,0,0,0,0,0,0,58,0,0,0,1,2,55,1,2,2,1,0,0,1,8,6,2,4,7,1,0
21,210134,1,2,1,3,3,10,28,12,6,1,0,21,1,49,472,49472,30,2002,5TEVL52N02Z1,5,T,E,V,L,5,2,N,0,2,Z,1,0,T,TOYT,XTR,PC,2,17,,1,0,1219,TAC,G,,,4,149,,,,B,2950,00,U,42,0,0,000000000,00000000000,0,0,0,1,0,0,0,0,0,0,0,998,0,0,0,9,98,6,2,12,0,0,0,1,21,42276,6,1,0,0,3,0,67,138,0,0,0,0,0,0,0,0,0,0,39,0,0,0,5,4,55,1,1,2,1,3,3,1,17,1,1,1,89,1,0
21,210134,2,2,1,3,3,10,28,12,6,1,0,21,1,20,481,20481,31,2007,1GCEK19Z57Z2,1,G,C,E,K,1,9,Z,5,7,Z,2,0,T,CHEV,SK1,4C,7,17,,2,1575,1340,SIL,F,,,8,323,,,,B,5050,01,,44,0,0,000000000,00000000000,0,0,0,1,0,0,0,0,0,0,0,998,0,0,0,12,98,6,2,12,0,0,0,1,21,42276,6,1,0,0,3,0,77,180,0,0,0,0,0,0,0,0,0,0,0,0,0,0,2,2,55,1,1,2,1,3,3,1,66,1,1,1,88,0,0
21,210135,1,1,1,13,3,22,15,24,0,1,0,21,1,20,16,20016,4,1998,1G1JC524XW72,1,G,1,J,C,5,2,4,X,W,7,2,0,P,CHEV,CAV,4D,98,17,2630,,0,1041,,G,,F,4,133,,,14R195,,,,,,0,0,000000000,00000000000,0,0,0,1,0,0,0,0,0,0,0,998,0,1,5,12,98,6,2,1,0,0,0,1,21,40977,6,1,0,0,3,0,59,145,0,0,0,0,0,0,0,0,0,0,0,0,0,0,1,2,55,3,1,2,1,0,0,14,9,1,2,4,2,1,0
21,210136,1,2,1,3,4,12,33,12,6,1,0,21,1,12,17,12017,4,2000,1FAFP55U2YA2,1,F,A,F,P,5,5,U,2,Y,A,2,0,P,FORD,TSS,4D,0,17,3333,,0,1085,,G,,F,6,182,,,16R215,,,,,,0,0,000000000,00000000000,0,0,0,1,0,0,0,0,0,0,0,28,0,0,0,3,98,6,2,12,0,0,0,1,21,42712,6,1,0,0,3,0,67,160,0,0,0,0,0,0,0,0,0,0,39,0,0,0,1,2,98,1,1,2,1,20,3,1,17,1,1,1,87,1,0
21,210136,2,2,1,3,4,12,33,12,6,1,0,21,1,13,1,13001,4,1997,1LNLM83W9VY6,1,L,N,L,M,8,3,W,9,V,Y,6,0,P,LINC,CAR,4D,97,17,3977,,0,1174,,G,,F,8,281,,,16R225,,,,,,0,0,000000000,00000000000,0,0,0,1,0,0,0,0,0,0,0,32,0,0,0,12,12,6,2,12,0,0,0,1,21,40258,6,1,0,0,3,0,63,148,1,0,0,0,0,10,2009,10,2009,0,0,0,0,0,1,2,35,1,1,2,1,0,0,1,66,1,1,1,86,0,0
21,210137,1,1,3,1,4,2,15,42,0,1,0,21,2,32,40,32040,4,2007,WUARU78E37N9,W,U,A,R,U,7,8,E,3,7,N,9,0,P,AUDI,RSQ,4D,7,17,3957,,0,1043,,G,,F,8,254,,,19R255,,,,,,0,0,000000000,00000000000,0,0,0,1,0,0,0,0,0,0,0,998,0,0,0,61,98,6,2,2,0,0,1,1,21,40601,6,1,0,0,3,0,72,130,1,0,0,1,0,1,2011,3,2011,1,0,0,0,0,1,2,55,1,1,2,1,0,0,1,6,98,2,4,7,3,1
21,210138,1,2,2,5,4,11,25,12,6,1,0,21,2,35,43,35043,4,1997,1N4AB41D9VC7,1,N,4,A,B,4,1,D,9,V,C,7,0,P,NISS,XGU,4D,97,17,2237,,0,998,,G,,F,4,097,,,13R155,,,,,,0,0,000000000,00000000000,0,0,0,1,0,0,0,0,0,0,0,998,0,0,0,81,81,6,2,12,0,0,0,1,21,42718,6,1,0,0,3,1,66,155,0,0,0,0,0,0,0,0,0,0,38,39,0,0,1,2,98,1,1,2,1,20,3,3,17,1,1,1,87,1,0
21,210138,2,2,1,5,4,11,25,12,6,1,0,21,2,20,403,20403,14,2006,1GNDT13S3622,1,G,N,D,T,1,3,S,3,6,2,2,0,P,CHEV,TRL,UT,6,17,4594,,0,1130,,G,,F,6,256,,,16R235,,,,,,0,0,000000000,00000000000,0,0,0,1,0,0,0,0,0,0,0,998,0,1,1,12,12,6,2,12,0,0,0,1,21,42718,6,1,0,0,3,1,64,110,0,0,0,0,0,0,0,0,0,0,0,0,0,0,1,2,55,1,1,2,1,0,0,1,66,1,1,1,86,0,0
21,210139,1,2,1,5,4,13,48,12,1,1,0,21,2,7,442,7442,20,2007,2D4GP44LX7R1,2,D,4,G,P,4,4,L,X,7,R,1,0,T,DODG,GSX,ES,7,17,,1,0,1193,CAR,G,,,6,232,,,,,4252,00,E,42,0,0,000000000,00000000000,0,0,0,1,0,0,0,0,0,0,0,998,0,0,0,12,98,6,2,24,0,0,0,1,21,42743,6,1,8,0,3,0,75,226,1,1,0,1,0,8,2008,11,2010,0,26,0,0,0,1,2,55,1,2,2,1,0,0,1,51,1,1,1,24,0,0
21,210139,2,2,2,5,4,13,48,12,1,1,0,21,2,12,401,12401,14,1997,1FMDU34E4VUD,1,F,M,D,U,3,4,E,4,V,U,D,0,P,FORD,EPR,UT,97,17,4166,,0,1115,,G,,F,6,245,,,15R225,,,,,,0,0,000000000,00000000000,0,0,0,1,0,0,0,0,0,0,0,998,0,1,2,6,98,6,2,24,0,0,0,1,21,42642,6,1,0,0,3,0,61,163,1,0,0,0,0,11,2008,11,2008,0,0,0,0,0,1,2,55,1,2,2,1,0,0,1,53,1,1,1,25,1,0
21,210140,1,1,2,6,4,15,0,32,0,1,0,21,9,12,401,12401,14,1997,1FMDU34X9VUD,1,F,M,D,U,3,4,X,9,V,U,D,0,P,FORD,EPR,UT,97,17,4166,,0,1115,,G,,F,6,245,,,15R225,,,,,,0,0,000000000,00000000000,0,0,0,1,0,0,0,0,0,0,0,75,0,2,1,81,98,6,2,1,0,0,0,1,21,41141,9,9,99,9,9,9,999,999,99,99,99,99,99,99,9999,99,9999,1,0,0,0,0,1,2,55,1,1,2,1,0,0,1,13,1,1,4,1,1,0
21,210141,1,3,1,5,4,13,31,12,6,1,0,21,1,22,20,22020,4,1997,1G2WJ52K8VF2,1,G,2,W,J,5,2,K,8,V,F,2,0,P,PONT,GFS,4D,97,17,3355,,0,1105,,G,,F,6,231,,,15R205,,,,,,0,0,000000000,00000000000,0,0,0,1,0,0,0,0,0,0,0,998,0,0,0,8,98,6,2,12,0,0,0,1,21,41501,6,1,8,0,3,1,72,247,0,1,1,0,0,5,2010,5,2010,1,87,0,0,0,2,4,55,1,5,2,2,0,0,1,5,1,3,6,64,1,0
21,210141,2,3,2,5,4,13,31,12,6,1,0,39,3,12,881,12881,61,2003,1FDAF57F73EB,1,F,D,A,F,5,7,F,7,3,E,B,0,T,FORD,F5D,CB,3,17,,5,2010,1410,DRW,D,,,8,444,,,,,00000,00,E,44,0,77,777777777,77777777777,2,1,28,1,0,0,0,0,0,0,0,998,0,0,0,12,98,6,2,12,0,0,0,1,39,43756,6,1,6,0,3,0,74,215,0,0,0,0,0,0,0,0,0,0,0,0,0,0,2,4,55,1,6,2,2,0,0,1,62,7,1,2,65,0,0
21,210141,3,3,1,5,4,13,31,12,6,1,0,21,1,12,3,12003,2,2004,1FAFP40434F1,1,F,A,F,P,4,0,4,3,4,F,1,0,P,FORD,MUS,CP,4,17,3114,,0,1013,,G,,F,6,232,,,16R225,,,,,,0,0,000000000,00000000000,0,0,0,1,0,0,0,0,0,0,0,998,0,0,0,12,12,2,1,12,0,0,0,1,21,41653,6,1,0,0,3,0,66,199,0,0,0,0,0,0,0,0,0,0,0,0,0,0,2,4,55,1,5,2,2,0,0,1,98,1,1,1,98,0,0
21,210142,1,1,1,8,4,9,28,8,0,1,0,21,1,7,482,7482,31,2010,1D7RV1GT1AS2,1,D,7,R,V,1,G,T,1,A,S,2,0,T,DODG,Q15,CW,10,17,,2,0,1400,RPC,G,,,8,348,,,,B,5200,00,7,44,0,0,000000000,00000000000,0,0,0,1,0,0,0,0,0,0,0,33,0,0,0,12,12,6,2,8,0,0,0,1,21,40245,6,1,0,0,3,0,73,298,1,0,0,0,0,12,2008,12,2008,0,0,0,0,0,2,2,35,1,1,1,1,0,0,1,80,1,1,1,13,0,0
21,210143,1,2,1,7,4,21,40,12,6,1,0,0,0,76,701,76701,81,2009,LPRSA33AX9A1,L,P,R,S,A,3,3,A,X,9,A,1,0,M,YAMA,XF5,MS,9,17,,,,,,,49,,1,,4,198,,,,,,,0,0,000000000,00000000000,0,0,0,1,0,0,0,0,0,0,0,998,0,0,0,81,81,6,2,12,0,0,0,1,21,42071,0,0,0,0,1,0,65,190,0,0,0,0,0,0,0,0,0,0,38,0,0,0,8,8,98,1,8,2,1,20,3,1,17,1,1,1,87,1,0
21,210143,2,2,1,7,4,21,40,12,6,1,0,21,1,12,481,12481,31,2004,1FTRF12WX4NB,1,F,T,R,F,1,2,W,X,4,N,B,0,T,FORD,F15,PK,4,17,,2,1450,1260,COF,G,,,8,281,,,,B,4810,00,U,42,0,0,000000000,00000000000,0,0,0,1,0,0,0,0,0,0,0,60,0,0,0,12,12,6,2,12,0,0,0,1,21,42033,6,1,0,0,3,0,70,130,1,0,0,0,0,9,2008,9,2008,1,0,0,0,0,2,2,55,1,2,2,1,40,3,1,66,1,1,1,86,0,0