STATE,ST_CASE,VEH_NO,VE_FORMS,NUMOCCS,DAY,MONTH,HOUR,MINUTE,HARM_EV,MAN_COLL,UNITTYPE,HIT_RUN,REG_STAT,OWNER,MAKE,MODEL,MAK_MOD,BODY_TYP,MOD_YEAR,VIN,VIN_1,VIN_2,VIN_3,VIN_4,VIN_5,VIN_6,VIN_7,VIN_8,VIN_9,VIN_10,VIN_11,VIN_12,TOW_VEH,VINTYPE,VINMAKE,VINA_MOD,VIN_BT,VINMODYR,VIN_LNGT,VIN_WGT,WGTCD_TR,WHLBS_LG,WHLBS_SH,SER_TR,FUELCODE,MCYCL_DS,CARBUR,CYLINDER,DISPLACE,MCYCL_CY,MCYCL_WT,TIRE_SZE,TON_RAT,TRK_WT,TRKWTVAR,VIN_REST,WHLDRWHL,J_KNIFE,MCARR_I1,MCARR_I2,MCARR_ID,GVWR,V_CONFIG,CARGO_BT,HAZ_INV,HAZ_PLAC,HAZ_ID,HAZ_CNO,HAZ_REL,BUS_USE,SPEC_USE,EMER_USE,TRAV_SP,UNDERIDE,ROLLOVER,ROLINLOC,IMPACT1,IMPACT2,DEFORMED,TOWED,M_HARM,VEH_SC1,VEH_SC2,FIRE_EXP,DR_PRES,L_STATE,DR_ZIP,L_STATUS,L_TYPE,CDL_STAT,L_ENDORS,L_COMPL,L_RESTRI,DR_HGT,DR_WGT,PREV_ACC,PREV_SUS,PREV_DWI,PREV_SPD,PREV_OTH,FIRST_MO,FIRST_YR,LAST_MO,LAST_YR,SPEEDREL,DR_SF1,DR_SF2,DR_SF3,DR_SF4,VTRAFWAY,VNUM_LAN,VSPD_LIM,VALIGN,VPROFILE,VPAVETYP,VSURCOND,VTRAFCON,VTCONT_F,P_CRASH1,P_CRASH2,P_CRASH3,PCRASH4,PCRASH5,ACC_TYPE,DEATHS,DR_DRINK
21,210213,1,2,1,22,5,8,30,12,2,1,0,21,1,12,471,12471,30,1993,1FTCR10A7PUD,1,F,T,C,R,1,0,A,7,P,U,D,0,T,FORD,RNG,PK,93,17,,1,1139,1079,RNG,G,,,4,140,,,,B,2918,01,A,42,0,0,000000000,00000000000,0,0,0,1,0,0,0,0,0,0,0,15,0,0,0,12,12,2,1,12,0,0,0,1,21,40374,6,1,0,0,3,0,70,210,0,0,0,0,0,0,0,0,0,0,38,0,0,0,1,2,55,1,2,2,1,40,3,11,15,1,1,1,68,0,0
21,210213,2,2,2,22,5,8,30,12,2,1,0,39,1,72,706,72706,80,1995,1HD1BKL16SY0,1,H,D,1,B,K,L,1,6,S,Y,0,0,M,HD,XTC,RS,95,17,,,,,,,1340,,2,,4,618,,,,,,,0,0,000000000,00000000000,0,0,0,1,0,0,0,0,0,0,0,67,0,0,0,12,98,6,2,52,0,0,0,1,39,45176,6,1,0,0,3,0,66,155,1,0,0,1,0,8,2009,1,2011,1,0,0,0,0,1,2,55,1,2,2,1,40,3,1,62,7,1,1,69,1,0
21,210214,1,1,1,22,5,16,54,52,0,1,0,54,1,12,37,12037,4,2001,1FAFP34371W2,1,F,A,F,P,3,4,3,7,1,W,2,0,P,FORD,FSS,4D,1,17,2563,,0,1030,,G,,F,4,121,,,15R195,,,,,,0,0,000000000,00000000000,0,0,0,1,0,0,0,0,0,0,0,998,0,0,0,12,12,6,2,52,0,0,0,1,54,25570,6,1,0,0,3,1,69,185,0,0,0,1,0,9,2009,9,2009,1,0,0,0,0,3,2,70,1,1,2,1,40,3,12,6,2,4,4,7,1,0
21,210215,1,2,2,23,5,16,35,12,2,1,0,21,1,37,32,37032,4,1999,1HGCG1652XA0,1,H,G,C,G,1,6,5,2,X,A,0,0,P,HOND,UEX,4D,99,17,3285,,0,1069,,G,,F,6,183,,,15R205,,,,,,0,0,000000000,00000000000,0,0,0,1,0,0,0,0,0,0,0,998,0,0,0,12,12,6,2,12,0,0,0,1,21,42701,6,1,0,0,3,1,64,164,0,0,0,0,0,0,0,0,0,0,0,0,0,0,1,2,45,4,2,2,1,0,0,14,10,1,1,2,50,1,0
21,210215,2,2,1,23,5,16,35,12,2,1,0,21,1,12,441,12441,20,1993,1FMDA31U3PZC,1,F,M,D,A,3,1,U,3,P,Z,C,0,T,FORD,ARO,ES,93,17,,1,0,1190,ARO,G,,,6,182,,,,B,3558,01,M,42,0,0,000000000,00000000000,0,0,0,1,0,0,0,0,0,0,0,998,0,0,0,12,12,6,2,12,0,0,0,1,21,42701,6,1,0,0,3,1,70,190,0,0,0,0,0,0,0,0,0,0,0,0,0,0,1,2,45,4,2,1,1,0,0,14,62,98,1,1,51,0,0
21,210216,1,2,1,25,5,18,10,12,2,1,0,21,1,22,18,22018,2,1990,1G2NE14U0LC2,1,G,2,N,E,1,4,U,0,L,C,2,0,P,PONT,GAL,CP,90,17,2508,,0,1034,,G,,F,4,151,,,14R185,,,,,,0,0,000000000,00000000000,0,0,0,1,0,0,0,0,0,0,0,55,0,0,0,12,12,6,2,12,0,0,0,1,21,42220,6,1,0,0,3,0,70,185,0,0,0,0,0,0,0,0,0,0,0,0,0,0,1,2,55,2,2,2,1,40,3,14,10,1,1,2,50,1,0
21,210216,2,2,1,25,5,18,10,12,2,1,0,21,1,20,403,20403,14,2006,1GNET16S2661,1,G,N,E,T,1,6,S,2,6,6,1,0,P,CHEV,TRL,UT,6,17,4954,,0,1290,,G,,F,6,256,,,17R245,,,,,,0,0,000000000,00000000000,0,0,0,1,0,0,0,0,0,0,0,35,0,0,0,12,98,6,2,12,0,0,0,1,21,42256,6,1,0,0,3,0,60,105,0,0,0,0,0,0,0,0,0,0,0,0,0,0,1,2,55,3,2,2,1,40,3,14,62,9,1,1,51,0,0
21,210217,1,2,1,24,5,20,9,12,6,1,0,21,1,30,46,30046,4,2004,WVWPD63B64E2,W,V,W,P,D,6,3,B,6,4,E,2,0,P,VOLK,PWS,4D,4,17,3155,,0,1064,,G,,T,4,109,,,15R195,,,,,,0,0,000000000,00000000000,0,0,0,1,0,0,0,0,0,0,0,55,0,0,0,12,12,6,2,12,0,0,0,1,21,40342,6,1,0,0,3,0,64,125,0,0,0,0,0,0,0,0,0,0,39,0,0,0,5,5,55,1,1,2,1,1,3,1,66,1,1,1,86,0,0
21,210217,2,2,2,24,5,20,9,12,6,1,0,21,2,42,42,42042,4,2003,WDBRF84J63F4,W,D,B,R,F,8,4,J,6,3,F,4,0,P,MERZ,34M,4D,3,17,3450,,0,1068,,G,,F,6,195,,,16R205,,,,,,0,0,000000000,00000000000,0,0,0,1,0,0,0,0,0,0,0,45,0,1,5,1,1,6,2,12,0,0,0,1,21,40383,6,1,0,0,3,0,71,185,1,0,0,0,0,7,2009,7,2009,0,0,0,0,0,5,3,98,1,1,2,1,1,3,1,17,1,1,1,87,2,0
21,210218,1,2,1,26,5,22,14,12,2,1,0,21,2,48,45,48045,4,2010,4S4BRBCC8A33,4,S,4,B,R,B,C,C,8,A,3,3,0,P,SUBA,O2P,SW,10,17,3428,,0,1079,,G,,F,4,150,,,17R225,,,,,,0,0,000000000,00000000000,0,0,0,1,0,0,0,0,0,0,0,998,0,0,0,12,12,6,2,12,0,0,1,1,21,41256,6,1,0,0,3,0,73,185,1,1,0,0,1,2,2010,2,2011,0,91,0,0,0,1,2,55,4,1,2,2,0,0,14,10,1,1,2,50,0,0
21,210218,2,2,5,26,5,22,14,12,2,1,0,21,1,20,481,20481,31,2003,1GCEK19T73Z2,1,G,C,E,K,1,9,T,7,3,Z,2,0,T,CHEV,SK1,4C,3,17,,2,1575,1435,SIL,G,,,8,325,,,,B,4910,02,,44,0,0,000000000,00000000000,0,0,0,1,0,0,0,0,0,0,0,998,0,0,0,12,12,6,2,12,0,0,1,1,21,41465,6,1,0,0,3,0,65,160,0,0,0,0,0,0,0,0,0,0,0,0,0,0,1,2,55,4,1,2,2,0,0,14,62,1,1,1,51,1,0
21,210219,1,1,1,27,5,6,11,42,0,1,0,21,2,12,401,12401,14,1997,1FMDU35P4VUB,1,F,M,D,U,3,5,P,4,V,U,B,0,P,FORD,EPR,UT,97,17,4166,,0,1115,,G,,F,8,302,,,15R225,,,,,,0,0,000000000,00000000000,0,0,0,1,0,0,0,0,0,0,0,998,0,0,0,12,12,6,2,42,0,0,0,1,21,40505,0,0,0,0,0,0,999,999,99,99,99,99,99,99,9999,99,9999,0,58,0,0,0,1,2,55,1,2,2,1,0,0,1,8,7,2,4,2,1,0
21,210220,1,1,2,30,5,14,10,31,0,1,0,21,1,12,481,12481,31,1988,1FTDF15Y9JNA,1,F,T,D,F,1,5,Y,9,J,N,A,0,T,FORD,F15,PK,88,17,,1,1330,1170,COF,G,,,6,300,,,,B,00000,00,A,42,0,0,000000000,00000000000,0,0,0,1,0,0,0,0,0,0,0,998,0,1,5,12,12,6,2,1,0,0,0,1,21,41557,6,1,0,0,3,0,70,200,0,0,0,0,0,0,0,0,0,0,0,0,0,0,1,2,55,3,1,2,1,40,3,14,13,1,1,4,1,1,0
21,210221,1,2,1,30,5,16,42,12,6,1,0,21,2,37,706,37706,80,2000,JH2SC440XYM0,J,H,2,S,C,4,4,0,X,Y,M,0,0,M,HOND,CR9,RC,0,17,,,,,,,929,,4,,4,397,,,,,,,0,0,000000000,00000000000,0,0,0,1,0,0,0,0,0,0,0,998,0,0,0,12,12,4,3,12,0,0,0,1,21,40208,1,1,0,0,2,2,67,240,0,1,0,0,1,9,2008,9,2008,1,74,0,0,0,4,2,98,1,1,2,1,0,0,1,66,3,2,1,86,1,0
21,210221,2,2,1,30,5,16,42,12,6,1,0,21,1,20,9,20009,2,1984,1G1AP87H3EN1,1,G,1,A,P,8,7,H,3,E,N,1,0,P,CHEV,CAM,CP,84,17,2883,,0,1010,,G,,4,8,305,,,14R195,,,,,,0,0,000000000,00000000000,0,0,0,1,0,0,0,0,0,0,0,998,0,0,0,81,12,2,3,12,0,0,0,1,21,40208,6,1,0,0,3,0,74,170,1,0,0,0,0,8,2008,8,2008,0,0,0,0,0,1,2,35,1,1,2,1,20,3,3,17,1,1,1,87,0,0
21,210222,1,2,2,31,5,15,33,12,6,1,0,21,1,63,34,63034,4,2007,KNAGE1237751,K,N,A,G,E,1,2,3,7,7,5,1,0,P,KIA,OLE,4D,7,17,3142,,0,1071,,G,,F,4,146,,,16R205,,,,,,0,0,000000000,00000000000,0,0,0,1,0,0,0,0,0,0,0,998,0,0,0,12,12,6,2,12,0,0,0,1,21,40504,6,1,0,0,3,0,60,124,2,0,0,0,0,8,2008,2,2009,0,38,53,0,0,5,2,98,1,1,2,1,20,3,11,15,1,1,1,84,1,0
21,210222,2,2,2,31,5,15,33,12,6,1,0,21,1,49,481,49481,31,1998,JT4TN14D9W00,J,T,4,T,N,1,4,D,9,W,0,0,0,T,TOYT,TX5,PC,98,17,,1,0,1218,T10,G,,,6,206,,,,B,3600,00,M,42,0,0,000000000,00000000000,0,0,0,1,0,0,0,0,0,0,0,998,0,0,0,1,1,6,2,12,0,0,0,1,21,40517,6,1,0,0,3,0,73,163,0,0,0,0,0,0,0,0,0,0,0,0,0,0,5,4,50,1,1,2,1,0,0,1,67,3,2,1,84,0,0
21,210223,1,1,2,30,5,18,20,38,0,1,0,21,2,76,706,76706,80,2006,JYAVP17E56A0,J,Y,A,V,P,1,7,E,5,6,A,0,0,M,YAMA,X17,RS,6,17,,,,,,,1670,,2,,4,679,,,,,,,0,0,000000000,00000000000,0,0,0,1,0,0,0,0,0,0,0,35,0,0,0,12,99,2,3,38,0,0,0,1,21,42141,6,7,0,0,2,0,70,195,0,0,0,0,1,9,2008,9,2008,0,0,0,0,0,1,2,55,3,1,2,1,0,0,14,13,99,1,4,1,2,0
21,210224,1,1,1,30,5,17,18,59,0,1,0,21,1,49,472,49472,30,2000,4TAPM62N9YZ6,4,T,A,P,M,6,2,N,9,Y,Z,6,0,T,TOYT,REG,PK,0,17,,1,0,1033,TAC,G,,,4,164,,,,B,3215,00,U,44,0,0,000000000,00000000000,0,0,0,1,0,0,0,0,0,0,0,68,0,2,5,12,12,6,2,1,0,0,0,1,21,41080,6,1,0,0,3,0,62,94,0,0,0,0,0,0,0,0,0,0,0,0,0,0,1,2,55,3,1,2,1,40,3,14,13,6,1,4,1,1,1
21,210225,1,2,2,25,5,10,46,12,6,1,0,21,1,23,471,23471,30,1997,1GTCS19X1V85,1,G,T,C,S,1,9,X,1,V,8,5,0,T,GMC,SON,PC,97,17,,1,0,1229,SON,G,,,6,262,,,,B,3168,00,M,42,0,0,000000000,00000000000,0,0,0,1,0,0,0,0,0,0,0,998,0,1,5,61,98,6,2,12,0,0,0,1,21,42071,6,1,0,0,3,0,70,155,0,0,0,0,0,0,0,0,0,0,39,0,0,0,1,2,98,1,1,2,1,1,3,1,17,1,1,1,89,1,0
21,210225,2,2,1,25,5,10,46,12,6,1,0,21,1,84,881,84881,66,1990,2HTFJ0001LC0,2,H,T,F,J,0,0,0,1,L,C,0,1,T,INTL,940,GL,90,17,,8,0,0,90S,,,,,,,,,,00000,00,,,1,57,00461965,5700461965,3,6,97,1,0,0,0,0,0,0,0,998,0,0,0,12,12,6,2,12,0,0,0,1,21,42079,6,1,6,0,3,0,72,130,1,0,0,0,0,10,2008,10,2008,0,0,0,0,0,1,2,55,1,1,2,1,1,3,1,66,98,1,1,88,0,0
21,210226,1,2,5,31,5,7,55,12,6,1,0,21,1,49,442,49442,20,2003,4T3ZF13C23U5,4,T,3,Z,F,1,3,C,2,3,U,5,0,P,TOYT,SIE,SV,3,17,3932,,0,1142,,G,,F,6,183,,,15R215,,,,,,0,0,000000000,00000000000,0,0,0,1,0,0,0,0,0,0,0,998,0,1,5,81,98,6,2,12,0,0,0,1,21,40440,6,1,0,0,3,0,65,200,0,0,0,0,0,0,0,0,0,0,58,0,0,0,1,2,55,4,2,2,1,40,3,17,10,7,1,2,64,2,0
21,210226,2,2,1,31,5,7,55,12,6,1,0,21,1,7,461,7461,21,2001,2B7HB11Y31K5,2,B,7,H,B,1,1,Y,3,1,K,5,0,T,DODG,15B,CG,1,17,,2,1272,1093,RMV,G,,,8,318,,,,B,4014,03,U,42,0,0,000000000,00000000000,0,0,0,1,0,0,0,0,0,0,0,998,0,0,0,12,12,6,2,12,0,0,0,1,21,40422,6,1,0,0,3,0,70,220,0,0,0,0,0,0,0,0,0,0,0,0,0,0,1,2,55,4,2,2,1,40,3,14,62,3,2,1,65,0,0
21,210227,1,2,2,20,5,21,56,12,6,1,0,21,1,12,481,12481,31,1994,2FTHF36K1RCA,2,F,T,H,F,3,6,K,1,R,C,A,0,T,FORD,F35,PK,94,17,,2,0,1330,COF,D,,,8,444,,,,D,00000,00,A,44,0,0,000000000,00000000000,0,0,0,1,0,0,0,0,0,0,0,7,0,0,0,61,61,6,2,12,0,0,0,1,21,40391,6,1,0,0,3,0,70,160,0,0,0,0,0,0,0,0,0,0,0,0,0,0,1,2,98,3,1,2,1,0,0,11,15,1,1,1,82,0,0
21,210227,2,2,5,20,5,21,56,12,6,1,0,21,2,24,1,24001,4,1994,1G8ZK5573RZ1,1,G,8,Z,K,5,5,7,3,R,Z,1,0,P,STRN,SL2,4D,94,17,2338,,0,1024,,G,,F,4,116,,,15R195,,,,,,0,0,000000000,00000000000,0,0,0,1,0,0,0,0,0,0,0,55,0,0,0,12,12,6,2,12,0,0,0,1,21,40361,6,1,0,0,3,0,69,180,0,1,0,0,0,10,2010,10,2010,0,0,0,0,0,1,2,55,3,1,2,1,0,0,14,67,1,1,1,83,1,0
21,210228,1,1,1,21,5,18,1,1,0,1,0,39,1,37,703,37703,80,2008,JH2MC13038K4,J,H,2,M,C,1,3,0,3,8,K,4,0,M,HOND,CMX,RS,8,17,,,,,,,234,,2,,4,306,,,,,,,0,0,000000000,00000000000,0,0,0,1,0,0,0,0,0,0,0,15,0,0,0,0,0,2,3,1,0,0,0,1,39,44095,6,1,0,0,3,1,71,250,0,0,0,0,0,0,0,0,0,0,0,0,0,0,6,1,45,1,2,1,1,1,3,10,8,1,2,1,98,1,0
21,210229,1,3,1,12,5,17,18,12,1,1,0,21,2,21,21,21021,4,1998,1G3NL52M9WM3,1,G,3,N,L,5,2,M,9,W,M,3,0,P,OLDS,ASL,4D,98,17,2917,,0,1034,,G,,F,6,191,,,15R195,,,,,,0,0,000000000,00000000000,0,0,0,1,0,0,0,0,0,0,0,35,0,0,0,12,12,6,2,12,0,0,0,1,21,40356,6,1,0,0,3,1,63,135,0,0,0,0,0,0,0,0,0,0,0,0,0,0,1,4,55,1,1,2,1,0,0,1,50,1,1,1,20,0,0
21,210229,2,3,2,12,5,17,18,12,1,1,0,21,2,12,17,12017,4,2003,1FAFP53243A1,1,F,A,F,P,5,3,2,4,3,A,1,0,P,FORD,TSE,4D,3,17,3336,,0,1085,,F,,F,6,182,,,16R215,,,,,,0,0,000000000,00000000000,0,0,0,1,0,0,0,0,0,0,0,0,0,0,0,6,98,6,2,12,0,0,0,1,21,40503,6,1,0,0,3,0,70,180,1,0,0,0,0,7,2009,7,2009,0,0,0,0,0,1,4,55,1,1,2,1,0,0,5,53,6,1,2,22,1,0
21,210229,3,3,2,12,5,17,18,12,1,1,0,21,1,12,442,12442,20,2002,2FMDA56422BA,2,F,M,D,A,5,6,4,2,2,B,A,0,P,FORD,CWN,SV,2,17,4291,,0,1207,,G,,F,6,232,,,000000,,,,,,0,0,000000000,00000000000,0,0,0,1,0,0,0,0,0,0,0,50,0,0,0,12,12,6,2,12,0,0,0,1,21,40422,6,1,0,0,3,0,71,285,1,0,0,0,0,1,2009,1,2009,0,0,0,0,0,1,4,55,1,1,2,1,0,0,1,62,1,1,2,98,0,0
21,210230,1,1,1,25,5,12,29,1,0,1,0,0,0,99,739,99739,90,9999,000000000000,0,0,0,0,0,0,0,0,0,0,0,0,0,,,,,,,,,,,,,,,,,,,,,,,,,0,0,000000000,00000000000,0,0,0,1,0,0,0,0,0,0,0,35,0,2,1,0,0,4,3,1,0,0,0,1,21,42539,0,0,0,0,0,0,999,999,0,0,0,0,0,0,0,0,0,0,0,0,0,0,1,2,55,1,1,2,1,0,0,1,8,6,1,6,98,1,1
21,210231,1,1,1,12,5,4,33,35,0,1,0,21,3,30,40,30040,4,2000,3VWSC29M9YM1,3,V,W,S,C,2,9,M,9,Y,M,1,0,P,VOLK,JGS,4D,0,17,2870,,0,989,,G,,F,4,121,,,15R195,,,,,,0,0,000000000,00000000000,0,0,0,1,0,0,0,0,0,0,0,100,0,1,4,98,98,6,2,35,0,0,0,1,21,40071,6,1,0,0,3,0,70,150,0,0,0,0,0,0,0,0,0,1,0,0,0,0,1,2,55,4,1,2,1,40,3,14,12,1,1,4,6,1,1
21,210232,1,2,1,29,5,8,6,12,6,1,0,21,1,12,481,12481,31,1961,F10JH164128,F,1,0,J,H,1,6,4,1,2,8,,0,T,FORD,,,61,11,,,,,,,,,,,,,,,,,,,0,0,000000000,00000000000,0,0,0,1,0,0,0,0,0,0,0,998,0,0,0,81,81,6,2,12,0,0,0,1,21,40324,6,1,0,0,3,0,72,220,0,0,0,0,0,0,0,0,0,0,0,0,0,0,1,2,55,1,1,2,1,0,0,1,9,1,2,2,64,1,0
21,210232,2,2,1,29,5,8,6,12,6,1,0,21,2,49,40,49040,4,1999,4T1BG22K2XU5,4,T,1,B,G,2,2,K,2,X,U,5,0,P,TOYT,UEX,4D,99,17,2998,,0,1051,,G,,F,4,132,,,14R195,,,,,,0,0,000000000,00000000000,0,0,0,1,0,0,0,0,0,0,0,998,0,0,0,12,12,6,2,12,0,0,0,1,21,40324,6,1,0,0,3,1,73,185,0,0,0,0,0,0,0,0,0,0,0,0,0,0,1,2,55,1,1,2,1,0,0,1,62,2,1,1,65,0,0
21,210233,1,1,2,13,3,0,14,42,0,1,0,21,2,12,16,12016,4,1998,2FAFP71W7WX1,2,F,A,F,P,7,1,W,7,W,X,1,0,P,FORD,CVP,4D,98,17,0,,0,1144,,G,,F,8,281,,,16R225,,,,,,0,0,000000000,00000000000,0,0,0,1,0,0,0,0,0,0,0,998,0,1,5,9,98,6,2,42,0,0,0,1,21,41465,6,1,0,0,3,0,68,160,0,1,1,1,0,7,2010,8,2010,1,0,0,0,0,1,2,55,3,1,2,1,0,0,14,98,98,7,4,2,1,1
21,210234,1,1,1,2,3,14,37,35,0,1,0,21,2,20,36,20036,2,1998,2G1WW12M5W91,2,G,1,W,W,1,2,M,5,W,9,1,0,P,CHEV,MLS,CP,98,17,3239,,0,1075,,G,,F,6,191,,,15R205,,,,,,0,0,000000000,00000000000,0,0,0,1,0,0,0,0,0,0,0,998,0,1,5,12,98,6,2,1,0,0,0,1,21,40906,1,1,0,0,2,0,71,225,0,1,0,0,0,3,2008,3,2008,1,58,0,0,0,1,2,45,4,2,2,1,0,0,14,12,3,1,4,6,1,1
21,210235,1,1,2,23,4,13,13,10,0,1,0,21,1,18,2,18002,4,1989,1G4HP54C7KH4,1,G,4,H,P,5,4,C,7,K,H,4,0,P,BUIC,LCF,4D,89,17,3155,,0,1108,,G,,F,6,231,,,14R205,,,,,,0,0,000000000,00000000000,0,0,0,1,0,0,0,0,0,0,0,998,0,1,1,61,98,6,2,10,0,0,0,1,21,41501,6,1,0,0,3,1,65,162,0,0,0,0,0,0,0,0,0,0,0,0,0,0,1,2,15,1,1,2,1,65,3,1,91,1,1,1,15,1,0
21,210236,1,2,2,18,5,10,33,12,6,1,0,21,2,22,18,22018,4,2001,1G2NF52T51M5,1,G,2,N,F,5,2,T,5,1,M,5,0,P,PONT,SE1,4D,1,17,3116,,0,1070,,G,,F,4,146,,,15R215,,,,,,0,0,000000000,00000000000,0,0,0,1,0,0,0,0,0,0,0,998,0,0,0,12,12,6,2,12,0,0,0,1,21,42754,6,1,0,0,3,0,64,165,0,0,0,0,0,0,0,0,0,0,38,39,0,0,1,2,55,1,1,2,1,3,3,1,17,1,1,1,86,1,0
21,210236,2,2,1,18,5,10,33,12,6,1,0,23,3,87,881,87881,66,2011,1XPHDP9X5BD1,1,X,P,H,D,P,9,X,5,B,D,1,1,T,PTRB,386,TR,11,17,,8,0,0,CON,D,,,6,787,,,,,00000,00,,64,1,57,00181788,5700181788,3,6,1,1,0,0,0,0,0,0,0,998,0,0,0,82,82,6,2,12,0,0,0,1,23,4742,6,1,6,0,3,0,72,190,0,0,0,0,0,0,0,0,0,0,0,0,0,0,1,2,55,1,1,2,1,3,3,1,66,98,1,1,87,0,0
21,210237,1,1,1,28,5,18,14,53,0,1,0,21,1,18,2,18002,4,1996,1G4HR52KXTH4,1,G,4,H,R,5,2,K,X,T,H,4,0,P,BUIC,LLF,4D,96,17,3468,,0,1108,,G,,F,6,231,,,15R205,,,,,,0,0,000000000,00000000000,0,0,0,1,0,0,0,0,0,0,0,998,0,0,0,98,98,2,3,38,0,0,0,1,21,40337,6,1,0,0,3,0,68,155,0,0,0,0,0,0,0,0,0,0,0,0,0,0,1,3,45,1,1,2,1,0,0,1,13,1,1,4,1,1,0
21,210238,1,2,1,10,5,7,36,12,2,1,0,21,1,37,31,37031,2,1994,JHMEH6169RS0,J,H,M,E,H,6,1,6,9,R,S,0,0,P,HOND,DSI,CP,94,17,2351,,0,933,,G,,F,4,097,,,14R185,,,,,,0,0,000000000,00000000000,0,0,0,1,0,0,0,0,0,0,0,998,0,0,0,12,98,6,2,12,0,0,0,1,21,42070,6,1,0,0,3,0,73,210,0,0,0,1,0,8,2009,8,2009,0,38,0,0,0,1,2,55,2,2,2,1,40,3,14,10,3,2,2,50,0,0
21,210238,2,2,1,10,5,7,36,12,2,1,0,21,1,20,2,20002,4,2000,2G1WF52E4Y93,2,G,1,W,F,5,2,E,4,Y,9,3,0,P,CHEV,IMP,4D,0,17,3389,,0,1110,,G,,F,6,207,,,16R225,,,,,,0,0,000000000,00000000000,0,0,0,1,0,0,0,0,0,0,0,998,0,0,0,12,12,6,2,12,0,0,0,1,21,42039,6,1,0,0,3,0,71,195,0,0,0,0,0,0,0,0,0,0,0,0,0,0,1,2,55,3,2,2,1,40,3,14,60,6,1,1,51,1,0
21,210239,1,2,1,1,6,15,36,12,6,1,0,0,0,99,739,99739,90,9999,000000000000,0,0,0,0,0,0,0,0,0,0,0,0,0,,,,,,,,,,,,,,,,,,,,,,,,,0,0,000000000,00000000000,0,0,0,1,0,0,0,0,0,0,0,35,0,1,5,12,12,6,2,12,0,0,0,1,21,42343,0,0,0,0,0,0,71,135,0,0,0,0,0,0,0,0,0,0,38,0,0,0,1,8,98,1,1,4,1,40,3,1,17,1,1,1,88,1,0
21,210239,2,2,1,1,6,15,36,12,6,1,0,29,1,12,481,12481,31,2007,1FTRX12W67FA,1,F,T,R,X,1,2,W,6,7,F,A,0,T,FORD,F15,4C,7,17,,2,1630,1330,COF,G,,,8,281,,,,B,4979,05,E,42,0,0,000000000,00000000000,0,0,0,1,0,0,0,0,0,0,0,50,0,0,0,61,61,6,2,12,0,0,0,1,21,42347,6,1,0,0,3,1,73,195,0,0,0,0,0,0,0,0,0,0,0,0,0,0,1,2,55,3,1,2,1,0,0,14,66,1,1,1,89,0,0
21,210240,1,2,4,1,6,17,31,12,2,1,0,21,2,7,482,7482,31,2000,1B7HF16ZXYS5,1,B,7,H,F,1,6,Z,X,Y,S,5,0,T,DODG,150,PK,0,17,,2,1347,1187,RPC,G,,,8,360,,,,B,4542,01,U,44,0,0,000000000,00000000000,0,0,0,1,0,0,0,0,0,0,0,998,0,0,0,12,98,6,2,12,0,0,0,1,21,41650,6,1,0,0,3,1,66,135,1,2,1,0,0,12,2008,4,2009,0,38,0,0,0,1,2,55,4,1,2,1,0,0,14,10,1,1,2,50,1,1
21,210240,2,2,3,1,6,17,31,12,2,1,0,21,1,20,481,20481,31,2005,1GCEK19B55Z1,1,G,C,E,K,1,9,B,5,5,Z,1,0,T,CHEV,SK1,4C,5,17,,2,1575,1435,SIL,G,,,8,325,,,,B,4661,00,,44,0,0,000000000,00000000000,0,0,0,1,0,0,0,0,0,0,0,998,0,0,0,12,98,6,2,12,0,0,0,1,21,41601,6,1,0,0,3,0,68,150,0,0,0,0,0,0,0,0,0,0,0,0,0,0,1,2,55,4,1,2,1,0,0,14,62,1,1,1,51,1,0
21,210241,1,2,2,1,6,18,14,12,2,1,0,21,2,14,38,14038,3,2000,1ZWFT61L4Y56,1,Z,W,F,T,6,1,L,4,Y,5,6,0,P,MERC,CU6,2H,0,17,2881,,0,1064,,G,,F,6,155,,,15R205,,,,,,0,0,000000000,00000000000,0,0,0,1,0,0,0,0,0,0,0,998,0,0,0,12,12,6,2,12,0,0,0,1,21,42261,1,1,0,0,2,0,70,999,0,0,0,0,0,0,0,0,0,0,0,0,0,0,1,2,55,1,1,2,1,40,3,1,10,7,1,2,50,1,0
21,210241,2,2,2,1,6,18,14,12,2,1,0,21,2,12,481,12481,31,2011,1FT7W2BT0BEA,1,F,T,7,W,2,B,T,0,B,E,A,0,T,FORD,F2S,CW,11,17,,2,1724,1562,SRW,D,,,8,409,,,,C,6560,01,7,44,0,0,000000000,00000000000,0,0,0,1,0,0,0,0,0,0,0,998,0,0,0,12,12,6,2,12,0,0,0,1,21,42261,6,1,0,0,3,0,73,220,0,0,0,0,0,0,0,0,0,0,0,0,0,0,1,2,55,1,1,2,1,40,3,1,62,8,1,1,51,0,0
21,210242,1,2,2,2,6,8,12,12,6,1,0,21,2,12,17,12017,4,2000,1FAFP5525YA2,1,F,A,F,P,5,5,2,5,Y,A,2,0,P,FORD,TSS,4D,0,17,3333,,0,1085,,F,,F,6,182,,,16R215,,,,,,0,0,000000000,00000000000,0,0,0,1,0,0,0,0,0,0,0,998,0,0,0,81,81,6,2,12,0,0,0,1,21,40299,6,1,0,0,3,0,80,195,0,0,0,0,0,0,0,0,0,0,38,92,0,0,2,2,55,1,1,1,1,1,3,11,15,1,1,1,68,0,0