STATE,ST_CASE,VEH_NO,VE_FORMS,NUMOCCS,DAY,MONTH,HOUR,MINUTE,HARM_EV,MAN_COLL,UNITTYPE,HIT_RUN,REG_STAT,OWNER,MAKE,MODEL,MAK_MOD,BODY_TYP,MOD_YEAR,VIN,VIN_1,VIN_2,VIN_3,VIN_4,VIN_5,VIN_6,VIN_7,VIN_8,VIN_9,VIN_10,VIN_11,VIN_12,TOW_VEH,VINTYPE,VINMAKE,VINA_MOD,VIN_BT,VINMODYR,VIN_LNGT,VIN_WGT,WGTCD_TR,WHLBS_LG,WHLBS_SH,SER_TR,FUELCODE,MCYCL_DS,CARBUR,CYLINDER,DISPLACE,MCYCL_CY,MCYCL_WT,TIRE_SZE,TON_RAT,TRK_WT,TRKWTVAR,VIN_REST,WHLDRWHL,J_KNIFE,MCARR_I1,MCARR_I2,MCARR_ID,GVWR,V_CONFIG,CARGO_BT,HAZ_INV,HAZ_PLAC,HAZ_ID,HAZ_CNO,HAZ_REL,BUS_USE,SPEC_USE,EMER_USE,TRAV_SP,UNDERIDE,ROLLOVER,ROLINLOC,IMPACT1,IMPACT2,DEFORMED,TOWED,M_HARM,VEH_SC1,VEH_SC2,FIRE_EXP,DR_PRES,L_STATE,DR_ZIP,L_STATUS,L_TYPE,CDL_STAT,L_ENDORS,L_COMPL,L_RESTRI,DR_HGT,DR_WGT,PREV_ACC,PREV_SUS,PREV_DWI,PREV_SPD,PREV_OTH,FIRST_MO,FIRST_YR,LAST_MO,LAST_YR,SPEEDREL,DR_SF1,DR_SF2,DR_SF3,DR_SF4,VTRAFWAY,VNUM_LAN,VSPD_LIM,VALIGN,VPROFILE,VPAVETYP,VSURCOND,VTRAFCON,VTCONT_F,P_CRASH1,P_CRASH2,P_CRASH3,PCRASH4,PCRASH5,ACC_TYPE,DEATHS,DR_DRINK
21,210341,1,1,3,22,7,17,30,57,0,1,0,21,2,19,421,19421,15,2000,1GYEK63R4YR2,1,G,Y,E,K,6,3,R,4,Y,R,2,0,P,CADI,ESC,UT,0,17,5573,,0,1175,,G,,F,8,350,,,16R265,,,,,,0,0,000000000,00000000000,0,0,0,1,0,0,0,0,0,0,0,998,0,1,3,12,12,6,2,1,0,0,0,1,21,40219,0,0,0,0,0,0,999,999,0,0,0,0,0,0,0,0,0,0,58,91,92,0,3,2,70,1,1,2,1,0,0,1,9,9,4,4,7,1,1
21,210342,1,2,1,23,7,21,36,12,2,1,0,21,2,21,21,21021,2,1999,1G3NL12TXXC3,1,G,3,N,L,1,2,T,X,X,C,3,0,P,OLDS,A/G,CP,99,17,2963,,0,1070,,G,,F,4,146,,,15R215,,,,,,0,0,000000000,00000000000,0,0,0,1,0,0,0,0,0,0,0,998,0,0,0,12,12,6,2,12,0,0,0,1,21,41822,1,1,0,0,2,0,66,110,0,1,0,0,2,4,2009,5,2010,0,0,0,0,0,1,2,55,3,1,2,1,0,0,14,10,1,1,2,50,1,0
21,210342,2,2,1,23,7,21,36,12,2,1,0,21,1,20,481,20481,31,1986,1GCEK14H8GF4,1,G,C,E,K,1,4,H,8,G,F,4,0,T,CHEV,K10,PK,86,17,,2,1315,1175,K10,G,,,8,305,,,,B,3871,07,,44,0,0,000000000,00000000000,0,0,0,1,0,0,0,0,0,0,0,998,0,0,0,12,12,6,2,12,0,0,0,1,21,41817,6,1,0,0,3,0,71,190,0,0,0,0,0,0,0,0,0,0,23,0,0,0,1,2,55,2,1,2,1,0,0,14,60,98,1,1,51,1,1
21,210343,1,1,1,23,7,19,37,1,0,1,0,21,2,73,706,73706,80,2008,JKBVNMG118A0,J,K,B,V,N,M,G,1,1,8,A,0,0,M,KAWK,VNG,RS,8,17,,,,,,,2053,,2,,4,750,,,,,,,0,0,000000000,00000000000,0,0,0,1,0,0,0,0,0,0,0,998,0,0,0,0,61,6,8,24,0,0,0,1,21,41777,6,1,0,0,3,0,68,152,0,0,0,0,0,0,0,0,0,1,0,0,0,0,1,2,55,2,1,2,1,0,0,14,6,3,2,1,98,1,0
21,210344,1,2,1,24,7,3,36,53,0,1,0,21,1,20,481,20481,31,2000,2GCEK19T2Y13,2,G,C,E,K,1,9,T,2,Y,1,3,0,T,CHEV,SK1,3C,0,17,,2,1575,1435,SIL,G,,,8,325,,,,B,4621,02,,44,0,0,000000000,00000000000,0,0,0,1,0,0,0,0,0,0,0,998,0,0,0,12,98,6,2,12,0,0,0,1,21,42420,6,1,0,0,3,0,75,185,0,0,0,1,0,9,2009,9,2009,0,91,0,0,0,1,2,45,4,6,2,1,99,9,14,54,7,1,4,1,0,1
21,210344,2,2,1,24,7,3,36,53,0,1,0,21,1,20,16,20016,4,2004,1G1JC52F4473,1,G,1,J,C,5,2,F,4,4,7,3,0,P,CHEV,CAV,4D,4,17,2676,,0,1041,,G,,F,4,134,,,14R195,,,,,,0,0,000000000,00000000000,0,0,0,1,0,0,0,0,0,0,0,998,0,0,0,12,12,6,2,12,0,0,0,1,21,42420,6,1,0,0,3,0,63,185,0,0,0,0,0,0,0,0,0,0,51,0,0,0,1,2,45,4,5,2,1,99,9,14,54,1,1,1,98,1,0
21,210345,1,1,1,25,7,8,36,24,0,1,0,21,2,87,881,87881,63,2001,1XP5DB9X91N5,1,X,P,5,D,B,9,X,9,1,N,5,1,T,PTRB,379,TR,1,17,,8,0,0,CON,D,,,6,893,,,,,00000,00,,64,1,57,00984951,5700984951,3,4,7,1,0,0,0,0,0,0,0,998,0,1,1,12,12,6,2,24,0,0,0,1,21,40741,6,1,6,0,3,0,68,191,2,0,0,0,0,6,2010,5,2011,0,0,0,0,0,1,3,55,3,2,2,1,0,0,14,9,1,2,4,2,1,0
21,210346,1,1,1,25,7,20,46,42,0,1,0,21,1,49,40,49040,4,2010,4T4BF3EKXAR0,4,T,4,B,F,3,E,K,X,A,R,0,0,P,TOYT,CBA,4D,10,17,3263,,0,1093,,G,,F,4,152,,,16R215,,,,,,0,0,000000000,00000000000,0,0,0,1,0,0,0,0,0,0,0,998,0,1,5,12,98,6,2,42,0,0,1,1,21,42082,6,1,0,0,3,0,64,125,0,0,0,0,0,0,0,0,0,0,0,0,0,0,1,2,45,1,2,2,1,40,3,1,12,1,1,4,6,1,1
21,210347,1,2,1,23,7,0,32,12,6,1,0,21,2,22,9,22009,1,1999,2G2FV32G6X22,2,G,2,F,V,3,2,G,6,X,2,2,0,P,PONT,FAM,CV,99,17,3605,,0,1011,,G,,F,8,350,,,16R245,,,,,,0,0,000000000,00000000000,0,0,0,1,0,0,0,0,0,0,0,998,0,0,0,12,12,6,2,12,0,0,0,1,21,41858,6,1,0,0,3,1,68,190,1,2,1,0,0,9,2008,7,2009,1,0,0,0,0,1,2,55,4,2,2,1,0,0,14,9,98,2,2,64,1,1
21,210347,2,2,2,23,7,0,32,12,6,1,0,47,2,20,481,20481,31,2003,1GCEC14X13Z1,1,G,C,E,C,1,4,X,1,3,Z,1,0,T,CHEV,SC1,PK,3,17,,2,1330,1190,SIL,G,,,6,262,,,,B,4073,00,,42,0,0,000000000,00000000000,0,0,0,1,0,0,0,0,0,0,0,998,0,1,1,11,11,6,2,12,0,0,0,1,21,41822,3,1,0,0,2,0,66,160,0,0,0,0,0,0,0,0,0,0,0,0,0,0,1,2,55,4,2,2,1,0,0,14,62,7,1,1,65,0,0
21,210348,1,1,1,19,7,11,12,1,0,1,0,47,1,34,706,34706,80,2003,WB10557A63ZG,W,B,1,0,5,5,7,A,6,3,Z,G,0,M,BMW,K12,RS,3,17,,,,,,,1171,,4,,4,614,,,,,,,0,0,000000000,00000000000,0,0,0,1,0,0,0,0,0,0,0,998,0,0,0,0,0,6,2,1,0,0,0,1,47,37205,6,1,0,0,3,0,68,215,0,0,0,0,0,0,0,0,0,0,81,0,0,0,1,2,55,3,6,2,1,0,0,14,8,1,2,1,98,1,0
21,210349,1,2,1,26,7,4,54,12,2,1,0,21,1,20,481,20481,31,2003,2GCEK19N5313,2,G,C,E,K,1,9,N,5,3,1,3,0,T,CHEV,SK1,4C,3,17,,2,1575,1435,SIL,G,,,8,366,,,,B,4910,02,,44,0,0,000000000,00000000000,0,0,0,1,0,0,0,0,0,0,0,998,0,1,5,12,12,6,2,12,0,0,1,1,21,42724,6,1,0,0,3,0,69,165,1,0,0,0,0,9,2009,9,2009,0,0,0,0,0,1,2,55,3,2,2,1,0,0,14,10,3,2,4,50,0,0
21,210349,2,2,2,26,7,4,54,12,2,1,0,21,1,20,481,20481,31,2001,1GCHK24121E2,1,G,C,H,K,2,4,1,2,1,E,2,0,T,CHEV,2KH,PK,1,17,,2,0,1330,SIL,D,,,8,403,,,,C,5240,00,,44,0,0,000000000,00000000000,0,0,0,1,0,0,0,0,0,0,0,998,0,0,0,12,12,6,2,12,0,0,0,1,21,40117,6,1,8,0,3,0,70,165,1,0,0,0,0,12,2009,12,2009,0,0,0,0,0,1,2,55,2,2,2,1,0,0,14,62,9,1,4,51,1,0
21,210350,1,1,2,26,7,23,43,1,0,1,0,21,1,49,40,49040,4,1997,4T1BF22K8VU0,4,T,1,B,F,2,2,K,8,V,U,0,0,P,TOYT,UEX,4D,97,17,3086,,0,1051,,G,,F,6,183,,,15R205,,,,,,0,0,000000000,00000000000,0,0,0,1,0,0,0,0,0,0,0,998,0,2,5,0,0,6,2,1,0,0,0,1,21,41041,6,1,0,0,3,0,68,150,0,0,0,0,0,0,0,0,0,0,0,0,0,0,1,2,55,1,1,2,1,0,0,1,12,1,1,4,6,1,1
21,210351,1,2,1,13,7,14,57,12,6,1,0,92,0,99,709,99709,81,2008,LD5TCBPA2811,L,D,5,T,C,B,P,A,2,8,1,1,0,U,,,,8,17,,,,,,,,,,,,,,,,,,,0,0,000000000,00000000000,0,0,0,1,0,0,0,0,0,0,0,998,0,0,0,12,12,6,2,12,0,0,0,1,21,40505,6,1,0,0,3,0,69,155,1,0,0,0,0,7,2009,7,2009,0,27,0,0,0,2,2,45,1,1,2,1,0,0,15,10,1,1,2,47,1,0
21,210351,2,2,1,13,7,14,57,12,6,1,0,21,2,49,38,49038,2,1995,JT2EL55D6S01,J,T,2,E,L,5,5,D,6,S,0,1,0,P,TOYT,TSD,2D,95,17,1950,,0,937,,G,,F,4,091,,,13R155,,,,,,0,0,000000000,00000000000,0,0,0,1,0,0,0,0,0,0,0,998,0,0,0,3,3,2,1,12,0,0,0,1,21,40509,6,1,0,0,3,1,63,130,0,0,0,0,0,0,0,0,0,0,0,0,0,0,2,2,45,1,1,2,1,0,0,1,61,1,1,1,45,0,0
21,210352,1,1,1,24,7,21,35,35,0,1,0,21,1,72,706,72706,80,2011,1HD1KEM1XBB6,1,H,D,1,K,E,M,1,X,B,B,6,0,M,HD,FTK,RS,11,17,,,,,,,1690,,2,,4,857,,,,,,,0,0,000000000,00000000000,0,0,0,1,0,0,0,0,0,0,0,998,0,0,0,12,12,6,2,35,0,0,0,1,21,41143,6,1,1,0,3,0,69,195,0,1,1,0,0,11,2009,11,2009,1,87,0,0,0,1,2,55,3,1,2,2,0,0,14,6,1,2,4,2,1,1
21,210353,1,1,1,28,7,10,3,42,0,1,0,21,1,20,481,20481,31,1997,2GCEC19R0V12,2,G,C,E,C,1,9,R,0,V,1,2,0,T,CHEV,GC1,PC,97,17,,2,1555,1415,GM4,G,,,8,350,,,,B,4160,00,,42,0,0,000000000,00000000000,0,0,0,1,0,0,0,0,0,0,0,55,0,0,0,12,12,6,2,42,0,0,0,1,21,42378,6,1,0,0,3,0,67,155,0,0,0,1,0,9,2009,9,2009,0,0,0,0,0,1,2,35,1,2,2,1,40,3,1,12,1,1,4,6,1,0
21,210354,1,2,1,29,7,6,41,12,1,1,0,51,1,53,706,53706,80,2006,JS1GT76A3621,J,S,1,G,T,7,6,A,3,6,2,1,0,M,SUZI,XR1,RC,6,17,,,,,,,999,,4,,4,365,,,,,,,0,0,000000000,00000000000,0,0,0,1,0,0,0,0,0,0,0,998,0,0,0,12,12,6,2,12,0,0,0,1,51,24228,6,1,0,0,3,0,68,145,0,0,0,0,0,0,0,0,0,1,0,0,0,0,5,4,55,1,2,2,1,0,0,6,65,3,2,1,77,1,0
21,210354,2,2,1,29,7,6,41,12,1,1,0,21,1,85,881,85881,66,1999,1XKWDB0X4XJ8,1,X,K,W,D,B,0,X,4,X,J,8,1,T,KW,W90,TR,99,17,,8,2850,1600,CON,D,,,6,893,,,,,00000,00,,64,1,57,00645622,5700645622,3,6,4,1,0,0,0,0,0,0,0,998,0,0,0,6,6,2,1,12,0,0,0,1,21,41858,6,1,6,0,3,0,65,179,0,0,0,0,0,0,0,0,0,0,0,0,0,0,1,2,98,2,5,2,1,20,3,11,15,1,1,1,76,0,0
21,210355,1,1,1,30,7,2,41,42,0,1,0,21,1,53,705,53705,80,2001,JS1GN79A6121,J,S,1,G,N,7,9,A,6,1,2,1,0,M,SUZI,GX6,RC,1,17,,,,,,,600,,4,,4,458,,,,,,,0,0,000000000,00000000000,0,0,0,1,0,0,0,0,0,0,0,32,0,0,0,81,98,2,3,30,0,0,0,1,21,40511,3,1,3,0,2,0,68,185,3,0,0,0,0,10,2009,11,2010,0,0,0,0,0,1,2,35,3,2,2,1,0,0,14,13,2,1,4,1,1,1
21,210356,1,1,1,30,7,15,13,34,0,1,0,0,0,37,739,37739,90,9999,000000000000,0,0,0,0,0,0,0,0,0,0,0,0,0,,,,,,,,,,,,,,,,,,,,,,,,,0,0,000000000,00000000000,0,0,0,1,0,0,0,0,0,0,0,998,0,1,5,12,98,2,3,34,0,0,0,1,21,42164,6,1,0,0,1,0,65,132,1,0,0,0,0,12,2010,12,2010,1,0,0,0,0,1,2,55,3,2,2,2,0,0,14,13,99,1,4,1,1,0
21,210357,1,1,1,29,7,19,24,42,0,1,0,21,1,73,706,73706,80,2004,JKBVNMA134A0,J,K,B,V,N,M,A,1,3,4,A,0,0,M,KAWK,VN2,RS,4,17,,,,,,,2053,,2,,4,837,,,,,,,0,0,000000000,00000000000,0,0,0,1,0,0,0,0,0,0,0,998,0,0,0,12,98,6,2,42,0,0,0,1,21,41035,6,1,0,0,3,1,77,260,1,0,0,0,0,11,2010,11,2010,0,0,0,0,0,1,2,55,1,1,2,1,0,0,1,13,1,1,4,1,1,1
21,210358,1,1,1,29,7,21,4,1,0,1,0,21,1,76,705,76705,80,1982,JYA15R002CA0,J,Y,A,1,5,R,0,0,2,C,A,0,0,M,YAMA,X75,RS,82,17,,,,,,,750,,4,,4,467,,,,,,,0,0,000000000,00000000000,0,0,0,1,0,0,0,0,0,0,0,30,0,0,0,0,12,4,8,24,0,0,0,1,21,41015,6,1,0,0,3,0,72,195,0,0,0,0,1,2,2011,2,2011,0,0,0,0,0,1,2,45,1,1,2,1,0,0,1,13,98,1,4,98,1,0
21,210359,1,2,1,31,7,14,9,12,6,1,0,0,0,99,739,99739,90,9999,000000000000,0,0,0,0,0,0,0,0,0,0,0,0,0,,,,,,,,,,,,,,,,,,,,,,,,,0,0,000000000,00000000000,0,0,0,1,0,0,0,0,0,0,0,998,0,0,0,12,1,2,8,12,0,0,0,1,21,40299,6,1,0,0,3,0,72,155,0,0,0,0,0,0,0,0,0,0,0,0,0,0,4,1,35,1,1,4,1,0,0,10,16,1,1,1,98,0,0
21,210359,2,2,2,31,7,14,9,12,6,1,0,0,0,99,739,99739,90,9999,000000000000,0,0,0,0,0,0,0,0,0,0,0,0,0,,,,,,,,,,,,,,,,,,,,,,,,,0,0,000000000,00000000000,0,0,0,1,0,0,0,0,0,0,0,998,0,1,6,61,98,2,8,12,0,0,0,1,21,40299,6,2,0,0,2,0,72,140,0,0,0,0,0,0,0,0,0,0,0,0,0,0,4,1,35,1,1,4,1,0,0,1,98,1,1,1,98,1,0
21,210360,1,2,2,31,7,20,48,12,2,1,0,21,2,49,40,49040,4,1996,4T1BF12K9TU1,4,T,1,B,F,1,2,K,9,T,U,1,0,P,TOYT,LXS,4D,96,17,3241,,0,1031,,G,,F,6,183,,,15R205,,,,,,0,0,000000000,00000000000,0,0,0,1,0,0,0,0,0,0,0,998,0,0,0,12,12,6,2,12,0,0,0,1,21,40245,6,1,0,0,3,0,70,150,1,1,1,0,0,7,2008,8,2008,1,0,0,0,0,1,2,35,2,1,2,1,0,0,14,10,1,1,2,50,1,0
21,210360,2,2,1,31,7,20,48,12,2,1,0,47,1,23,461,23461,21,1984,1GDEG25H2E75,1,G,D,E,G,2,5,H,2,E,7,5,0,T,GMC,RV2,CG,84,17,,2,1250,1100,R/V,G,,,8,305,,,,C,00000,00,,42,0,0,000000000,00000000000,0,0,0,1,0,0,0,0,0,0,0,998,0,0,0,12,12,6,2,12,0,0,0,1,21,40118,6,1,0,0,3,0,67,140,0,0,0,0,0,0,0,0,0,0,0,0,0,0,1,2,55,3,1,2,1,0,0,14,62,98,1,1,51,0,0
21,210361,1,2,2,5,7,14,30,12,6,1,0,21,1,20,471,20471,30,1996,1GCCS1441T81,1,G,C,C,S,1,4,4,1,T,8,1,0,T,CHEV,S14,PK,96,17,,1,1179,1083,S,G,,,4,133,,,,B,2822,01,,42,0,0,000000000,00000000000,0,0,0,1,0,0,0,0,0,0,0,998,0,0,0,81,81,6,2,12,0,0,0,1,21,40823,6,1,0,0,3,0,71,140,1,0,0,0,0,10,2010,10,2010,0,39,0,0,0,1,2,98,1,1,2,1,1,2,1,17,1,1,1,87,1,0
21,210361,2,2,1,5,7,14,30,12,6,1,0,21,1,2,404,2404,14,1993,1J4FJ67S0PL5,1,J,4,F,J,6,7,S,0,P,L,5,0,T,JEEP,SPT,2W,93,17,,1,0,1014,CHK,G,,,6,242,,,,,2808,01,A,44,0,0,000000000,00000000000,0,0,0,1,0,0,0,0,0,0,0,998,0,0,0,12,12,6,2,12,0,0,0,1,21,40854,6,1,0,0,3,0,70,170,0,0,0,1,1,7,2008,7,2008,0,0,0,0,0,5,4,55,1,1,2,1,1,2,1,66,3,2,1,86,0,0
21,210362,1,1,1,21,7,13,29,3,0,1,0,21,1,19,3,19003,4,2002,1G6KE57YX2U2,1,G,6,K,E,5,7,Y,X,2,U,2,0,P,CADI,DHS,4D,2,17,4049,,0,1153,,G,,F,8,279,,,16R225,,,,,,0,0,000000000,00000000000,0,0,0,1,0,0,0,0,0,0,0,998,0,0,0,0,0,6,2,3,0,0,0,1,21,40503,6,1,0,0,3,0,68,160,1,0,0,0,0,9,2010,9,2010,0,0,0,0,0,1,2,55,1,2,2,1,4,3,1,98,1,1,4,0,1,0
21,210363,1,1,3,18,6,6,20,34,0,1,0,21,1,20,471,20471,30,1997,1GCCS1441VK1,1,G,C,C,S,1,4,4,1,V,K,1,0,T,CHEV,S14,PK,97,17,,1,1179,1083,S,G,,,4,133,,,,B,3062,00,,42,0,0,000000000,00000000000,0,0,0,1,0,0,0,0,0,0,0,998,0,1,5,98,61,6,2,42,0,0,0,1,21,40311,6,1,0,0,3,0,68,200,0,0,0,0,0,0,0,0,0,0,0,0,0,0,1,2,55,1,1,2,1,0,0,1,8,98,3,4,2,1,0
21,210364,1,1,2,21,6,20,20,42,0,1,0,21,1,2,404,2404,14,1996,1J4GZ58S8TC2,1,J,4,G,Z,5,8,S,8,T,C,2,0,T,JEEP,LRO,4W,96,17,,1,0,1059,GCK,G,,,6,242,,,,,3686,00,E,44,0,0,000000000,00000000000,0,0,0,1,0,0,0,0,0,0,0,998,0,0,0,81,81,6,2,42,0,0,0,1,21,42633,6,1,0,0,3,0,72,220,0,0,0,0,0,0,0,0,0,0,0,0,0,0,1,2,55,4,1,2,2,0,0,14,13,1,1,4,1,1,0
21,210365,1,1,1,2,7,5,23,8,0,1,1,99,9,99,999,99999,99,9999,999999999999,9,9,9,9,9,9,9,9,9,9,9,9,9,,,,,,,,,,,,,,,,,,,,,,,,,0,99,999999999,99999999999,9,99,99,1,0,0,0,0,99,99,9,999,9,0,0,99,99,9,9,8,99,99,0,1,99,99999,9,9,99,9,9,9,999,999,99,99,99,99,99,99,9999,99,9999,9,99,99,99,99,1,2,55,1,3,2,1,0,0,99,82,99,9,9,13,0,0
21,210366,1,2,1,4,5,10,57,12,6,1,0,21,1,35,473,35473,31,2005,1N6AA06B45N5,1,N,6,A,A,0,6,B,4,5,N,5,0,T,NISS,TXS,PC,5,17,,2,0,1398,TTN,G,,,8,342,,,,C,5017,02,E,44,0,0,000000000,00000000000,0,0,0,1,0,0,0,0,0,0,0,10,0,0,0,82,82,6,2,12,0,0,0,1,21,42021,6,1,0,0,3,0,76,245,0,0,0,0,0,0,0,0,0,0,38,0,0,0,1,2,55,1,1,2,1,0,0,11,15,1,1,2,68,1,0
21,210366,2,2,2,4,5,10,57,12,6,1,0,21,1,20,2,20002,2,1981,1G1AN47H9BJ2,1,G,1,A,N,4,7,H,9,B,J,2,0,P,CHEV,CCL,CP,81,17,3363,,0,1160,,G,,4,8,305,,,15R205,,,,,,0,0,000000000,00000000000,0,0,0,1,0,0,0,0,0,0,0,998,0,0,0,12,12,6,2,12,0,0,0,1,21,42032,6,1,0,0,3,0,73,180,0,0,0,0,1,4,2009,4,2009,1,0,0,0,0,1,2,55,1,1,2,1,0,0,1,62,3,2,1,69,2,0
21,210367,1,1,1,2,8,10,50,35,0,1,0,21,1,63,32,63032,4,2007,KNADE1230762,K,N,A,D,E,1,2,3,0,7,6,2,0,P,KIA,RBL,4D,7,17,2365,,0,984,,G,,F,4,098,,,14R175,,,,,,0,0,000000000,00000000000,0,0,0,1,0,0,0,0,0,0,0,52,0,1,5,12,12,6,2,1,0,0,0,1,21,40311,6,1,0,0,3,0,61,140,0,0,0,0,2,9,2009,9,2009,0,58,0,0,0,1,2,55,2,1,2,1,0,0,14,13,7,1,4,1,1,0
21,210368,1,2,2,2,8,18,52,12,6,1,0,21,2,20,16,20016,4,2002,1G1JC5248273,1,G,1,J,C,5,2,4,8,2,7,3,0,P,CHEV,CAC,4D,2,17,2676,,0,1041,,C,,F,4,133,,,14R195,,,,,,0,0,000000000,00000000000,0,0,0,1,0,0,0,0,0,0,0,2,0,1,5,10,98,6,2,12,0,0,0,1,21,42127,6,1,0,0,3,1,62,175,1,0,0,0,0,11,2010,11,2010,0,38,42,0,0,1,2,98,1,1,2,1,20,3,11,15,98,1,1,82,1,0
21,210368,2,2,1,2,8,18,52,12,6,1,0,21,2,20,471,20471,30,1999,1GCCS1440XK1,1,G,C,C,S,1,4,4,0,X,K,1,0,T,CHEV,S14,PK,99,17,,1,1179,1083,S,G,,,4,133,,,,B,3015,01,,42,0,0,000000000,00000000000,0,0,0,1,0,0,0,0,0,0,0,27,0,0,0,12,12,6,2,12,0,0,0,1,21,42754,6,1,0,0,3,1,72,175,1,0,0,0,0,6,2010,6,2010,0,0,0,0,0,1,2,55,1,1,2,1,0,0,1,67,98,1,1,83,0,0
21,210369,1,1,2,3,8,7,2,42,0,1,0,21,2,20,2,20002,4,2003,2G1WH52K1392,2,G,1,W,H,5,2,K,1,3,9,2,0,P,CHEV,IPL,4D,3,17,3466,,0,1105,,G,,F,6,231,,,16R225,,,,,,0,0,000000000,00000000000,0,0,0,1,0,0,0,0,0,0,0,83,0,0,0,81,98,6,2,42,0,0,1,1,21,42104,6,1,0,0,3,1,71,205,1,0,0,0,0,9,2009,9,2009,1,0,0,0,0,1,2,55,3,2,2,1,40,3,14,13,6,4,4,2,2,1
21,210371,1,1,1,5,8,4,36,35,0,1,0,21,2,20,34,20034,4,2000,2C1MR5220Y67,2,C,1,M,R,5,2,2,0,Y,6,7,0,P,CHEV,MEL,4D,0,17,1984,,0,931,,G,,F,4,079,,,13R155,,,,,,0,0,000000000,00000000000,0,0,0,1,0,0,0,0,0,0,0,998,0,0,0,98,98,6,2,42,0,0,0,1,21,42539,6,1,0,0,3,1,68,185,0,0,0,0,0,0,0,0,0,0,58,0,0,0,1,2,55,2,1,2,1,0,0,14,9,3,2,4,2,1,0
21,210372,1,4,1,5,8,17,3,12,2,1,0,21,2,20,481,20481,31,2004,1GCHK232X4F2,1,G,C,H,K,2,3,2,X,4,F,2,0,T,CHEV,2KH,CW,4,17,,2,1670,1530,SIL,D,,,8,403,,,,C,6056,03,,44,0,0,000000000,00000000000,0,0,0,1,0,0,0,0,0,0,0,998,7,0,0,12,98,6,2,12,0,0,0,1,21,41051,6,1,0,0,3,0,67,150,1,0,0,2,2,4,2009,7,2011,0,39,0,0,0,5,5,55,1,2,2,1,3,3,1,67,6,1,1,83,0,0
21,210372,2,4,3,5,8,17,3,12,2,1,0,21,3,20,2,20002,4,2011,2G1WG5EKXB11,2,G,1,W,G,5,E,K,X,B,1,1,0,P,CHEV,IMT,4D,11,17,3555,,0,1105,,F,,F,6,214,,,16R225,,,,,,0,0,000000000,00000000000,0,0,0,1,0,0,0,0,0,0,0,998,0,0,0,12,12,2,3,12,0,0,0,1,21,41018,6,1,0,0,3,0,62,115,1,0,0,0,0,7,2009,7,2009,0,0,0,0,0,5,2,98,1,2,2,1,3,3,11,15,1,1,1,82,0,0
21,210372,3,4,2,5,8,17,3,12,2,1,0,21,2,12,18,12018,3,1995,1ZVLT20A4S51,1,Z,V,L,T,2,0,A,4,S,5,1,0,P,FORD,PBS,2H,95,17,2690,,0,1028,,G,,F,4,122,,,14R195,,,,,,0,0,000000000,00000000000,0,0,0,1,0,0,0,0,0,0,0,998,0,0,0,9,98,6,2,12,0,0,0,1,21,41051,6,1,0,0,3,0,62,150,0,0,0,0,0,0,0,0,0,0,0,0,0,0,5,2,98,1,2,2,1,3,3,11,15,1,1,1,98,2,0
21,210372,4,4,1,5,8,17,3,12,2,1,0,21,1,49,471,49471,30,1986,JT4RN56S1G70,J,T,4,R,N,5,6,S,1,G,7,0,0,T,TOYT,R6S,PC,86,17,,1,0,1122,XCB,G,,,4,144,,,,B,2631,01,A,42,0,0,000000000,00000000000,0,0,0,1,0,0,0,0,0,0,0,0,0,0,0,12,12,4,3,12,0,0,0,1,21,41015,6,1,6,0,3,0,70,200,0,0,0,0,2,5,2009,4,2010,0,0,0,0,0,5,5,55,1,2,2,1,3,3,5,62,1,1,1,98,0,0
21,210373,1,1,2,5,8,19,1,1,0,1,0,21,1,20,481,20481,31,1988,1GCDC14H7JZ3,1,G,C,D,C,1,4,H,7,J,Z,3,0,T,CHEV,GC1,PK,88,17,,1,1315,1175,GM4,G,,,8,305,,,,B,3655,01,,42,0,0,000000000,00000000000,0,0,0,1,0,0,0,0,0,0,0,998,0,2,5,0,0,6,2,1,0,0,0,1,21,40403,6,1,0,0,3,1,63,160,0,0,0,0,0,0,0,0,0,0,0,0,0,0,1,2,55,2,1,2,1,0,0,14,12,1,1,4,6,1,0
21,210374,1,2,3,6,8,14,45,12,6,1,0,12,1,12,401,12401,14,1999,1FMZU32E1XZA,1,F,M,Z,U,3,2,E,1,X,Z,A,0,P,FORD,EPR,UT,99,17,3891,,0,1116,,G,,F,6,245,,,15R225,,,,,,0,0,000000000,00000000000,0,0,0,1,0,0,0,0,0,0,0,998,0,1,2,81,81,6,2,12,0,0,0,1,21,42303,0,0,0,0,0,0,999,999,99,99,99,99,99,99,9999,99,9999,0,39,0,0,0,2,2,45,1,2,2,1,1,3,1,68,98,1,1,90,1,0
21,210374,2,2,1,6,8,14,45,12,6,1,0,19,3,84,881,84881,66,2010,3HSCUAPR6AN2,3,H,S,C,U,A,P,R,6,A,N,2,1,T,INTL,PPR,TR,10,17,,8,0,0,PRO,D,,,6,915,,,,,00000,00,,64,1,57,00134697,5700134697,3,6,1,1,0,0,0,0,0,0,0,3,0,0,0,12,12,2,1,12,0,0,0,1,21,40701,6,1,6,0,3,1,70,220,0,0,0,0,0,0,0,0,0,0,0,0,0,0,6,2,98,1,2,2,1,1,3,4,17,2,1,1,90,0,0