STATE,ST_CASE,VEH_NO,VE_FORMS,NUMOCCS,DAY,MONTH,HOUR,MINUTE,HARM_EV,MAN_COLL,UNITTYPE,HIT_RUN,REG_STAT,OWNER,MAKE,MODEL,MAK_MOD,BODY_TYP,MOD_YEAR,VIN,VIN_1,VIN_2,VIN_3,VIN_4,VIN_5,VIN_6,VIN_7,VIN_8,VIN_9,VIN_10,VIN_11,VIN_12,TOW_VEH,VINTYPE,VINMAKE,VINA_MOD,VIN_BT,VINMODYR,VIN_LNGT,VIN_WGT,WGTCD_TR,WHLBS_LG,WHLBS_SH,SER_TR,FUELCODE,MCYCL_DS,CARBUR,CYLINDER,DISPLACE,MCYCL_CY,MCYCL_WT,TIRE_SZE,TON_RAT,TRK_WT,TRKWTVAR,VIN_REST,WHLDRWHL,J_KNIFE,MCARR_I1,MCARR_I2,MCARR_ID,GVWR,V_CONFIG,CARGO_BT,HAZ_INV,HAZ_PLAC,HAZ_ID,HAZ_CNO,HAZ_REL,BUS_USE,SPEC_USE,EMER_USE,TRAV_SP,UNDERIDE,ROLLOVER,ROLINLOC,IMPACT1,IMPACT2,DEFORMED,TOWED,M_HARM,VEH_SC1,VEH_SC2,FIRE_EXP,DR_PRES,L_STATE,DR_ZIP,L_STATUS,L_TYPE,CDL_STAT,L_ENDORS,L_COMPL,L_RESTRI,DR_HGT,DR_WGT,PREV_ACC,PREV_SUS,PREV_DWI,PREV_SPD,PREV_OTH,FIRST_MO,FIRST_YR,LAST_MO,LAST_YR,SPEEDREL,DR_SF1,DR_SF2,DR_SF3,DR_SF4,VTRAFWAY,VNUM_LAN,VSPD_LIM,VALIGN,VPROFILE,VPAVETYP,VSURCOND,VTRAFCON,VTCONT_F,P_CRASH1,P_CRASH2,P_CRASH3,PCRASH4,PCRASH5,ACC_TYPE,DEATHS,DR_DRINK
21,210407,2,2,1,25,8,18,54,12,6,1,0,21,2,76,705,76705,80,2003,JYAVM01E63A0,J,Y,A,V,M,0,1,E,6,3,A,0,0,M,YAMA,V6A,RS,3,17,,,,,,,649,,2,,4,505,,,,,,,0,0,000000000,00000000000,0,0,0,1,0,0,0,0,0,0,0,998,0,0,0,12,98,6,2,12,0,0,1,1,21,42437,6,1,0,0,3,1,69,210,0,0,0,0,0,0,0,0,0,0,0,0,0,0,1,2,55,4,1,2,1,0,0,14,62,1,1,1,65,1,0
21,210408,1,1,1,26,8,17,4,33,0,1,0,21,1,53,705,53705,80,2007,JS1GN7DA0721,J,S,1,G,N,7,D,A,0,7,2,1,0,M,SUZI,G60,RC,7,17,,,,,,,599,,4,,4,354,,,,,,,0,0,000000000,00000000000,0,0,0,1,0,0,0,0,0,0,0,998,0,0,0,12,98,6,2,35,0,0,0,1,21,42101,6,1,0,0,2,0,65,115,1,0,0,1,0,12,2008,8,2011,1,0,0,0,0,1,2,25,1,2,2,1,0,0,1,98,3,2,4,98,1,0
21,210409,1,1,1,26,8,17,45,34,0,1,0,21,1,37,703,37703,80,2001,JH2MC13091K7,J,H,2,M,C,1,3,0,9,1,K,7,0,M,HOND,CMX,RS,1,17,,,,,,,234,,2,,4,306,,,,,,,0,0,000000000,00000000000,0,0,0,1,0,0,0,0,0,0,0,998,0,0,0,12,98,2,3,34,0,0,0,1,21,42431,6,1,0,0,3,1,66,135,0,0,0,0,0,0,0,0,0,0,0,0,0,0,1,2,55,1,1,2,1,0,0,6,12,98,1,4,6,1,0
21,210410,1,1,1,27,8,6,30,38,0,1,0,21,1,7,43,7043,4,2000,1B3EJ56H9YN2,1,B,3,E,J,5,6,H,9,Y,N,2,0,P,DODG,STS,4D,0,17,3057,,0,1080,,G,,F,6,152,,,15R195,,,,,,0,0,000000000,00000000000,0,0,0,1,0,0,0,0,0,0,0,75,0,1,5,81,81,6,2,38,0,0,0,1,21,41095,6,1,0,0,3,1,72,170,0,0,0,0,0,0,0,0,0,0,0,0,0,0,1,2,55,4,1,2,1,40,3,14,9,1,2,4,7,1,1
21,210411,1,1,3,28,8,0,50,1,0,1,0,21,1,20,403,20403,14,2004,1GNDT13S8423,1,G,N,D,T,1,3,S,8,4,2,3,0,P,CHEV,TRL,UT,4,17,4612,,0,1130,,G,,F,6,256,,,16R245,,,,,,0,0,000000000,00000000000,0,0,0,1,0,0,0,0,0,0,0,998,0,2,5,0,98,6,2,1,0,0,0,1,21,42345,6,1,0,0,3,0,64,135,0,0,0,1,0,6,2011,6,2011,0,58,0,0,0,1,2,55,4,2,2,1,0,0,14,13,8,4,4,2,2,0
21,210412,1,2,1,28,8,8,13,12,6,1,0,21,1,12,401,12401,14,2004,1FMZU73K14UB,1,F,M,Z,U,7,3,K,1,4,U,B,0,P,FORD,EPR,UT,4,17,4094,,0,1137,,F,,F,6,245,,,16R235,,,,,,0,0,000000000,00000000000,0,0,0,1,0,0,0,0,0,0,0,45,0,0,0,12,12,6,2,12,0,0,0,1,21,41018,6,1,0,0,3,1,68,135,5,0,0,1,0,1,2009,6,2011,0,38,39,0,0,5,4,55,1,1,2,1,3,3,1,17,1,1,1,83,0,0
21,210412,2,2,1,28,8,8,13,12,6,1,0,21,1,32,43,32043,4,2006,WAUDF78E76A0,W,A,U,D,F,7,8,E,7,6,A,0,0,P,AUDI,NAQ,4D,6,17,3461,,0,1043,,G,,T,4,121,,,17R235,,,,,,0,0,000000000,00000000000,0,0,0,1,0,0,0,0,0,0,0,15,0,0,0,61,61,6,2,12,0,0,0,1,21,41011,6,1,0,0,3,1,70,160,0,0,0,0,0,0,0,0,0,0,0,0,0,0,1,2,98,1,1,2,1,3,3,11,66,98,1,1,82,1,0
21,210413,1,1,3,28,8,12,6,42,0,1,0,21,1,7,482,7482,31,2004,3D7KU28C24G2,3,D,7,K,U,2,8,C,2,4,G,2,0,T,DODG,SQ2,CW,4,17,,2,1605,1405,RPC,D,,,6,359,,,,C,5438,13,E,44,0,0,000000000,00000000000,0,0,0,1,0,0,0,0,0,0,0,52,0,0,0,61,98,6,2,42,0,0,0,1,21,40033,6,1,8,0,3,0,74,220,0,0,0,0,0,0,0,0,0,0,58,85,0,0,1,2,55,1,1,2,1,0,0,17,8,7,3,4,7,2,0
21,210414,1,2,1,27,8,12,53,12,11,1,0,47,1,37,705,37705,80,1994,JH2PC2135RM1,J,H,2,P,C,2,1,3,5,R,M,1,0,M,HOND,VCD,RS,94,17,,,,,,,600,,2,,4,438,,,,,,,0,0,000000000,00000000000,0,0,0,1,0,0,0,0,0,0,0,998,0,0,0,61,61,6,2,12,0,0,0,1,47,37075,6,1,0,0,3,0,73,210,0,0,0,3,1,2,2010,3,2011,1,34,0,0,0,2,4,45,1,1,2,1,40,3,6,61,3,2,5,71,1,1
21,210414,2,2,3,27,8,12,53,12,11,1,0,21,1,20,37,20037,4,2006,1G1ZS53876F2,1,G,1,Z,S,5,3,8,7,6,F,2,0,P,CHEV,M/L,4D,6,17,3296,,0,1063,,G,,F,6,214,,,15R205,,,,,,0,0,000000000,00000000000,0,0,0,1,0,0,0,0,0,0,0,998,0,0,0,5,5,6,2,12,0,0,0,1,21,42134,6,1,0,0,3,1,67,165,0,0,0,0,0,0,0,0,0,0,0,0,0,0,2,4,45,1,1,2,1,40,3,10,16,1,1,4,70,0,0
21,210415,1,2,1,28,8,18,34,12,6,1,0,21,1,7,422,7422,15,2004,1D4HB48N84F1,1,D,4,H,B,4,8,N,8,4,F,1,0,P,DODG,DUR,UT,4,17,4958,,0,1192,,G,,F,8,287,,,17R245,,,,,,0,0,000000000,00000000000,0,0,0,1,0,0,0,0,0,0,0,998,0,0,0,1,12,4,1,12,0,0,0,1,21,40741,6,1,0,0,3,1,71,185,0,0,0,1,0,2,2010,2,2010,0,38,0,0,0,1,2,55,1,2,2,1,0,0,11,10,1,1,2,68,0,0
21,210415,2,2,2,28,8,18,34,12,6,1,0,21,1,53,706,53706,80,2004,JKSVNBC164A0,J,K,S,V,N,B,C,1,6,4,A,0,0,M,SUZI,V16,RS,4,17,,,,,,,1552,,2,,4,637,,,,,,,0,0,000000000,00000000000,0,0,0,1,0,0,0,0,0,0,0,998,0,0,0,12,12,6,2,12,0,0,0,1,21,40741,6,1,0,0,3,0,67,173,0,0,0,0,0,0,0,0,0,0,0,0,0,0,1,2,55,1,2,2,1,0,0,1,62,3,2,1,69,1,0
21,210416,1,2,1,31,8,11,56,12,6,1,0,18,3,20,981,20981,58,2007,1GBE5V19X7F4,1,G,B,E,5,V,1,9,X,7,F,4,0,T,CHEV,C5V,CB,7,17,,5,2590,1660,C55,D,,,8,403,,,,,00000,00,,42,0,57,00203686,5700203686,2,21,22,1,0,0,0,0,5,0,0,15,0,0,0,3,3,4,3,12,0,0,0,1,21,40215,6,1,6,1,3,0,70,190,1,0,0,0,0,5,2010,5,2010,0,38,0,0,0,1,4,35,1,1,2,1,28,3,11,15,1,1,2,82,0,0
21,210416,2,2,1,31,8,11,56,12,6,1,0,21,3,53,706,53706,80,2008,JS1GT77A6821,J,S,1,G,T,7,7,A,6,8,2,1,0,M,SUZI,XR1,RC,8,17,,,,,,,999,,4,,4,379,,,,,,,0,0,000000000,00000000000,0,0,0,1,0,0,0,0,0,0,0,35,0,0,0,12,12,6,2,12,0,0,0,1,21,40272,6,1,0,0,3,0,74,205,0,0,0,0,0,0,0,0,0,0,0,0,0,0,1,4,35,1,1,2,1,3,3,1,67,3,2,1,83,1,0
21,210417,1,1,1,26,8,2,47,35,0,1,0,21,2,12,37,12037,4,2002,1FAFP38392W1,1,F,A,F,P,3,8,3,9,2,W,1,0,P,FORD,FZT,4D,2,17,2604,,0,1030,,G,,F,4,121,,,16R205,,,,,,0,0,000000000,00000000000,0,0,0,1,0,0,0,0,0,0,0,55,0,2,1,98,98,6,2,35,0,0,0,1,21,41007,6,1,0,0,3,0,70,155,1,1,1,3,2,10,2009,9,2010,0,0,0,0,0,1,2,55,1,1,2,1,0,0,1,13,1,1,4,1,1,1
21,210418,1,2,1,24,8,17,20,12,2,1,0,21,1,49,472,49472,30,1999,4TAVL52N7XZ4,4,T,A,V,L,5,2,N,7,X,Z,4,0,T,TOYT,XTR,PC,99,17,,1,0,1219,TAC,G,,,4,149,,,,B,2747,00,U,42,0,0,000000000,00000000000,0,0,0,1,0,0,0,0,0,0,0,998,0,0,0,12,12,6,2,12,0,0,0,1,21,40069,6,1,0,0,3,0,70,135,0,0,0,0,0,0,0,0,0,0,0,0,0,0,1,2,55,1,1,2,1,0,0,1,10,1,1,2,50,1,0
21,210418,2,2,4,24,8,17,20,12,2,1,0,21,1,37,31,37031,2,2008,2HGFG12808H5,2,H,G,F,G,1,2,8,0,8,H,5,0,P,HOND,UAX,CP,8,17,2769,,0,1043,,G,,F,4,110,,,16R205,,,,,,0,0,000000000,00000000000,0,0,0,1,0,0,0,0,0,0,0,998,0,0,0,12,12,6,2,12,0,0,0,1,21,40033,6,1,0,0,3,0,62,120,0,0,0,0,0,0,0,0,0,0,0,0,0,0,1,2,55,1,1,2,1,0,0,1,62,3,2,1,51,0,0
21,210419,1,1,1,28,8,2,30,8,0,1,1,21,1,20,481,20481,31,1998,2GCEK19R2W11,2,G,C,E,K,1,9,R,2,W,1,1,0,T,CHEV,GK1,PC,98,17,,2,1555,1415,GM4,G,,,8,350,,,,B,00000,00,,44,0,0,000000000,00000000000,0,0,0,1,0,0,0,0,0,0,0,40,0,0,0,12,12,4,3,8,0,0,0,1,21,41059,6,1,0,0,3,0,69,160,0,2,1,1,3,12,2008,1,2010,0,91,0,0,0,1,2,35,1,1,2,1,40,3,1,80,98,1,1,13,0,1
21,210420,1,1,1,28,8,11,2,42,0,1,0,0,0,76,734,76734,90,9999,000000000000,0,0,0,0,0,0,0,0,0,0,0,0,0,,,,,,,,,,,,,,,,,,,,,,,,,0,0,000000000,00000000000,0,0,0,1,0,0,0,0,0,0,0,998,0,1,5,12,98,6,2,42,0,0,0,1,21,40342,0,0,0,0,0,0,65,175,0,0,0,0,0,0,0,0,0,0,0,0,0,0,1,2,35,4,1,2,1,0,0,14,12,4,9,4,6,1,1
21,210421,1,2,2,5,8,15,51,12,2,1,0,21,1,49,43,49043,4,1999,4T1BF18B7XU3,4,T,1,B,F,1,8,B,7,X,U,3,0,P,TOYT,UVS,4D,99,17,3340,,0,1071,,G,,F,6,183,,,15R205,,,,,,0,0,000000000,00000000000,0,0,0,1,0,0,0,0,0,0,0,998,0,0,0,12,12,6,2,12,0,0,0,1,21,40701,6,1,0,0,3,0,64,140,0,0,0,0,0,0,0,0,0,0,0,0,0,0,1,2,55,4,1,2,1,0,0,14,10,1,1,2,50,1,0
21,210421,2,2,2,5,8,15,51,12,2,1,0,21,1,49,40,49040,4,2003,4T1BE32K63U1,4,T,1,B,E,3,2,K,6,3,U,1,0,P,TOYT,UXS,4D,3,17,2993,,0,1071,,G,,F,4,144,,,15R205,,,,,,0,0,000000000,00000000000,0,0,0,1,0,0,0,0,0,0,0,998,0,0,0,12,12,6,2,12,0,0,0,1,21,40391,6,1,0,0,3,0,67,190,0,0,0,0,0,0,0,0,0,0,0,0,0,0,1,2,55,4,1,2,1,0,0,14,62,1,1,1,51,0,0
21,210422,1,2,1,26,8,19,25,12,6,1,0,21,1,98,709,98709,80,2004,4B7H846904S0,4,B,7,H,8,4,6,9,0,4,S,0,0,U,,,,4,17,,,,,,,,,,,,,,,,,,,0,0,000000000,00000000000,0,0,0,1,0,0,0,0,0,0,0,998,0,0,0,81,81,6,2,12,0,0,0,1,21,40208,6,1,0,0,3,1,71,175,2,0,0,0,0,2,2010,10,2010,0,0,0,0,0,1,4,35,1,1,2,1,0,0,11,15,1,1,1,68,1,0
21,210422,2,2,1,26,8,19,25,12,6,1,0,21,2,35,402,35402,14,2002,5N1ED28T12C5,5,N,1,E,D,2,8,T,1,2,C,5,0,P,NISS,XTR,UT,2,17,3638,,0,1043,,G,,F,6,201,,,16R265,,,,,,0,0,000000000,00000000000,0,0,0,1,0,0,0,0,0,0,0,998,0,0,0,12,98,4,8,12,0,0,0,1,21,40216,6,1,0,0,3,0,65,135,0,0,0,0,0,0,0,0,0,0,0,0,0,0,1,4,35,1,1,2,1,0,0,1,62,2,1,1,69,0,0
21,210423,1,1,1,3,6,6,39,10,0,1,0,21,2,9,20,9020,4,2000,1P3ES46C7YD8,1,P,3,E,S,4,6,C,7,Y,D,8,0,P,PLYM,NLX,4D,0,17,2515,,0,1050,,G,,F,4,122,,,14R185,,,,,,0,0,000000000,00000000000,0,0,0,1,0,0,0,0,0,0,0,998,0,1,1,82,98,6,2,10,0,0,0,1,21,42501,6,1,0,0,3,0,64,152,0,0,0,0,0,0,0,0,0,0,38,0,0,0,1,2,25,1,2,7,1,65,3,1,91,1,1,1,15,1,0
21,210424,1,1,1,28,7,7,38,45,0,1,0,21,1,37,32,37032,4,1998,1HGCG5641WA1,1,H,G,C,G,5,6,4,1,W,A,1,0,P,HOND,ULX,4D,98,17,2952,,0,1069,,G,,F,4,138,,,15R195,,,,,,0,0,000000000,00000000000,0,0,0,1,0,0,0,0,0,0,0,998,0,0,0,12,12,6,2,45,0,0,0,1,21,42344,6,1,0,0,3,0,73,195,0,0,0,0,0,0,0,0,0,0,0,0,0,0,1,2,45,1,1,2,1,0,0,1,50,3,2,1,15,1,0
21,210425,1,1,1,8,7,23,28,34,0,1,0,0,0,99,739,99739,90,9999,000000000000,0,0,0,0,0,0,0,0,0,0,0,0,0,,,,,,,,,,,,,,,,,,,,,,,,,0,0,000000000,00000000000,0,0,0,1,0,0,0,0,0,0,0,998,0,1,5,98,98,2,3,1,0,0,0,1,21,40351,6,1,0,0,3,0,69,160,0,0,0,0,0,0,0,0,0,0,0,0,0,0,1,2,55,1,1,2,1,40,3,1,13,1,1,4,1,1,1
21,210426,1,2,1,29,7,19,10,12,1,1,0,21,1,37,706,37706,80,2002,JH2RC44022M6,J,H,2,R,C,4,4,0,2,2,M,6,0,M,HOND,T7D,RS,2,17,,,,,,,745,,2,,4,496,,,,,,,0,0,000000000,00000000000,0,0,0,1,0,0,0,0,0,0,0,50,0,0,0,12,98,6,2,12,0,0,0,1,21,40456,6,1,0,0,3,0,65,160,0,0,0,0,0,0,0,0,0,1,0,0,0,0,2,2,55,1,2,2,1,3,3,1,6,3,2,1,20,1,1
21,210426,2,2,4,29,7,19,10,12,1,1,0,21,1,20,22,20022,4,2009,1G1AT58HX971,1,G,1,A,T,5,8,H,X,9,7,1,0,P,CHEV,BLT,4D,9,17,3216,,0,1033,,G,,F,4,134,,,15R195,,,,,,0,0,000000000,00000000000,0,0,0,1,0,0,0,0,0,0,0,0,0,0,0,6,6,4,1,12,0,0,0,1,21,42501,6,1,0,0,3,0,66,162,0,0,0,0,0,0,0,0,0,0,0,0,0,0,2,2,55,1,2,2,1,3,3,5,53,1,1,1,21,0,0
21,210427,1,2,1,3,7,13,51,12,2,1,0,21,2,6,51,6051,4,2002,2C3AE66G72H2,2,C,3,A,E,6,6,G,7,2,H,2,0,P,CHRY,30M,4D,2,17,3484,,0,1130,,G,,F,6,215,,,17R225,,,,,,0,0,000000000,00000000000,0,0,0,1,0,0,0,0,0,0,0,998,0,0,0,12,12,6,2,12,0,0,0,1,21,40229,6,1,0,0,3,0,70,240,0,0,0,0,0,0,0,0,0,9,0,0,0,0,2,2,55,1,1,2,1,0,0,1,10,1,1,2,50,0,0
21,210427,2,2,1,3,7,13,51,12,2,1,0,21,1,20,471,20471,30,1997,1GCCS1440V81,1,G,C,C,S,1,4,4,0,V,8,1,0,T,CHEV,S14,PK,97,17,,1,1179,1083,S,G,,,4,133,,,,B,3062,00,,42,0,0,000000000,00000000000,0,0,0,1,0,0,0,0,0,0,0,52,0,0,0,12,12,6,2,12,0,0,0,1,21,40047,6,1,0,0,3,0,72,200,0,0,0,0,0,0,0,0,0,0,0,0,0,0,2,2,55,1,1,2,1,0,0,1,62,1,1,1,51,1,0
21,210428,1,1,1,31,8,11,2,35,0,1,0,21,1,7,472,7472,30,1999,1B7GG22Y7XS2,1,B,7,G,G,2,2,Y,7,X,S,2,0,T,DODG,DAK,PC,99,17,,1,0,1309,DAK,G,,,8,318,,,,,3949,00,U,44,0,0,000000000,00000000000,0,0,0,1,0,0,0,0,0,0,0,998,0,0,0,12,12,6,2,3,0,0,0,1,21,42141,6,1,0,0,3,0,71,200,0,0,0,0,0,0,0,0,0,0,0,0,0,0,1,2,55,4,1,2,1,40,3,14,12,3,2,4,7,1,0
21,210429,1,2,1,1,9,6,0,12,1,1,0,21,1,35,472,35472,30,2005,1N6AD07W95C4,1,N,6,A,D,0,7,W,9,5,C,4,0,T,NISS,CEO,CW,5,17,,1,0,1259,FRT,G,,,6,244,,,,C,4301,00,K,44,0,0,000000000,00000000000,0,0,0,1,0,0,0,0,0,0,0,62,0,1,5,12,98,6,2,12,0,0,0,1,21,42501,6,1,0,0,3,0,70,225,0,0,0,0,0,0,0,0,0,1,0,0,0,0,1,4,55,4,2,2,1,0,0,14,51,1,1,1,24,0,0
21,210429,2,2,3,1,9,6,0,12,1,1,0,21,1,12,481,12481,31,1993,1FTDF15Y7PNA,1,F,T,D,F,1,5,Y,7,P,N,A,0,T,FORD,F15,PK,93,17,,1,1330,1170,COF,G,,,6,300,,,,B,00000,00,A,42,0,0,000000000,00000000000,0,0,0,1,0,0,0,0,0,0,0,998,0,0,0,6,6,6,2,12,0,0,1,1,21,42653,6,1,0,0,3,0,67,190,0,0,0,0,0,0,0,0,0,0,0,0,0,0,1,4,55,4,2,2,1,0,0,14,53,1,1,1,25,1,0
21,210430,1,2,1,1,9,12,50,12,2,1,0,47,1,20,37,20037,4,2001,1G1ND52J2162,1,G,1,N,D,5,2,J,2,1,6,2,0,P,CHEV,MAL,4D,1,17,3051,,0,1070,,G,,F,6,191,,,15R215,,,,,,0,0,000000000,00000000000,0,0,0,1,0,0,0,0,0,0,0,998,0,0,0,12,12,6,2,12,0,0,0,1,47,37122,6,1,0,0,3,1,74,150,0,0,0,1,0,10,2009,10,2009,0,58,0,0,0,2,4,70,1,1,2,1,0,0,1,12,7,2,2,50,1,0
21,210430,2,2,1,1,9,12,50,12,2,1,0,21,3,82,881,82881,66,2003,1FUJA6CG33LK,1,F,U,J,A,6,C,G,3,3,L,K,1,T,FRHT,COL,TR,3,17,,8,0,0,CON,D,,,6,774,,,,,00000,00,,64,1,57,0035503,570035503,3,6,2,1,0,0,0,0,0,0,0,998,0,0,0,12,12,4,3,12,0,0,0,1,21,42141,6,1,6,0,3,1,64,190,0,0,0,0,0,0,0,0,0,0,0,0,0,0,2,4,70,1,1,2,1,0,0,1,62,3,2,1,51,0,0
21,210431,1,1,1,2,9,18,19,18,0,1,0,0,0,37,733,37733,90,1995,478TE1407SA7,4,7,8,T,E,1,4,0,7,S,A,7,0,M,HOND,T3X,AT,95,17,,,,,,,300,,1,,4,487,,,,,,,0,0,000000000,00000000000,0,0,0,1,0,0,0,0,0,0,0,998,0,2,1,98,98,2,3,1,0,0,0,1,21,40824,0,0,0,0,1,0,69,170,0,0,0,0,0,0,0,0,0,0,82,0,0,0,1,2,35,1,1,2,1,40,3,1,98,1,1,5,98,1,0
21,210432,1,1,4,2,9,17,58,10,0,1,0,21,1,7,482,7482,31,2000,1B7HF13Z1YJ1,1,B,7,H,F,1,3,Z,1,Y,J,1,0,T,DODG,Q15,4C,0,17,,2,1547,1387,RPC,G,,,8,360,,,,B,4983,01,U,44,0,0,000000000,00000000000,0,0,0,1,0,0,0,0,0,0,0,998,0,0,0,61,61,6,2,10,0,0,1,1,21,42133,6,1,6,0,3,0,68,190,0,0,0,0,0,0,0,0,0,0,0,0,0,0,4,1,35,3,3,2,1,65,3,14,91,1,1,1,15,3,1
21,210433,1,2,4,3,9,1,28,35,0,1,0,22,2,20,481,20481,31,2002,2GCEC19V4211,2,G,C,E,C,1,9,V,4,2,1,1,0,T,CHEV,SC1,4C,2,17,,2,1575,1435,SIL,G,,,8,293,,,,B,4534,03,,42,0,0,000000000,00000000000,0,0,0,1,0,0,0,0,0,0,0,998,0,2,5,12,12,6,2,1,0,0,0,1,22,70647,6,1,0,0,3,1,65,260,0,2,0,0,0,3,2009,6,2009,0,0,0,0,0,2,2,70,1,1,2,1,0,0,1,12,7,2,4,2,1,0
21,210433,2,2,2,3,9,1,28,35,0,1,0,1,1,20,482,20482,31,2005,3GNEK12Z15G2,3,G,N,E,K,1,2,Z,1,5,G,2,0,T,CHEV,KAV,CW,5,17,,2,0,1300,AVL,F,,,8,323,,,,B,5678,00,,44,0,0,000000000,00000000000,0,0,0,1,0,0,0,0,0,0,0,998,0,0,0,12,12,2,1,54,0,0,0,1,1,35055,6,1,0,0,3,0,67,165,1,0,0,0,0,6,2011,6,2011,0,0,0,0,0,2,2,70,1,1,2,1,0,0,1,90,98,1,1,98,0,0
21,210434,1,1,1,3,9,12,23,35,0,1,0,0,0,37,734,37734,90,2004,478TE25434A4,4,7,8,T,E,2,5,4,3,4,A,4,0,M,HOND,TFE,AT,4,17,,,,,,,329,,1,,4,511,,,,,,,0,0,000000000,00000000000,0,0,0,1,0,0,0,0,0,0,0,998,0,2,1,12,12,6,2,35,0,0,0,1,21,40865,3,1,0,0,1,0,71,165,0,0,0,1,1,11,2008,11,2008,0,0,0,0,0,1,2,55,2,2,2,1,0,0,14,9,1,2,4,2,1,0
21,210435,1,1,2,2,9,9,18,72,0,1,0,21,1,7,472,7472,30,1989,1B7FL26X5KS1,1,B,7,F,L,2,6,X,5,K,S,1,0,T,DODG,DAK,PK,89,17,,1,1239,1119,DAK,G,,,6,238,,,,B,2833,01,A,42,0,0,000000000,00000000000,0,0,0,1,0,0,0,0,0,0,0,998,0,0,0,0,0,0,1,5,0,0,0,1,21,40601,6,1,0,0,3,0,71,178,0,0,0,0,0,0,0,0,0,0,92,0,0,0,1,2,55,1,5,2,1,0,0,1,98,1,1,1,0,1,0
21,210436,1,1,1,2,9,23,2,1,0,1,0,17,1,72,706,72706,80,2011,1HD1BW511BB0,1,H,D,1,B,W,5,1,1,B,B,0,0,M,HD,STC,RS,11,17,,,,,,,1584,,2,,4,730,,,,,,,0,0,000000000,00000000000,0,0,0,1,0,0,0,0,0,0,0,47,0,0,0,0,0,6,2,1,0,0,0,1,17,60901,6,1,0,0,3,0,72,225,0,0,0,0,1,5,2010,5,2010,0,0,0,0,0,1,2,55,3,1,2,1,40,3,14,87,3,2,4,98,1,1
21,210437,1,2,1,4,9,16,20,12,2,1,0,21,2,20,22,20022,2,2006,1G1AL15F1676,1,G,1,A,L,1,5,F,1,6,7,6,0,P,CHEV,BLT,CP,6,17,2991,,0,1033,,G,,F,4,134,,,15R195,,,,,,0,0,000000000,00000000000,0,0,0,1,0,0,0,0,0,0,0,998,0,0,0,12,12,6,2,12,0,0,0,1,21,42261,6,1,0,0,3,1,66,120,0,1,1,0,0,1,2010,1,2010,0,28,0,0,0,1,2,55,2,1,2,2,40,3,14,10,1,1,2,50,1,0
21,210437,2,2,5,4,9,16,20,12,2,1,0,21,1,35,481,35481,31,2008,1N6BA06A48N3,1,N,6,B,A,0,6,A,4,8,N,3,0,T,NISS,TXS,PC,8,17,,2,0,1398,TTN,F,,,8,342,,,,B,4844,00,4,42,0,0,000000000,00000000000,0,0,0,1,0,0,0,0,0,0,0,998,0,0,0,12,12,6,2,12,0,0,0,1,21,42210,6,1,0,0,3,0,72,165,1,0,0,0,0,7,2009,7,2009,0,0,0,0,0,1,2,55,3,1,2,2,40,3,14,62,6,1,1,51,0,0
21,210438,1,1,1,4,9,21,4,8,0,1,0,21,3,20,481,20481,31,2000,1GCGC24U0YE1,1,G,C,G,C,2,4,U,0,Y,E,1,0,T,CHEV,SC2,PK,0,17,,2,0,1330,SIL,G,,,8,364,,,,C,4586,00,,42,0,0,000000000,00000000000,0,0,0,1,0,0,0,0,0,0,0,998,0,0,0,12,12,4,1,8,0,0,0,1,21,40272,6,1,0,0,3,0,71,165,0,0,0,0,0,0,0,0,0,0,0,0,0,0,2,5,50,1,3,2,1,0,0,1,80,1,1,1,13,0,1
21,210439,1,1,1,4,9,21,40,24,0,1,0,21,1,20,481,20481,31,2008,1GCEK14X88Z1,1,G,C,E,K,1,4,X,8,8,Z,1,0,T,CHEV,SK1,PK,8,17,,2,1330,1190,SIL,G,,,6,262,,,,B,4678,01,,44,0,0,000000000,00000000000,0,0,0,1,0,0,0,0,0,0,0,998,0,0,0,12,98,6,2,35,0,0,0,1,21,41749,6,1,0,0,3,1,69,175,0,0,0,0,0,0,0,0,0,9,0,0,0,0,1,2,55,3,1,2,1,40,3,14,13,1,1,4,1,1,1
21,210440,1,1,1,6,9,4,41,14,0,1,0,39,1,51,881,51881,66,1999,4VG7DAJH3XN7,4,V,G,7,D,A,J,H,3,X,N,7,1,T,VOLV,VVN,TR,99,17,,8,0,0,VVN,D,,,6,855,,,,,00000,00,,64,1,57,01462342,5701462342,3,6,2,2,2,3257,3,2,0,0,0,62,0,1,5,1,98,6,2,1,0,0,0,1,39,43605,6,1,6,1,3,0,70,220,0,0,0,0,0,0,0,0,0,0,0,0,0,0,2,2,70,3,2,2,2,0,0,14,11,1,1,4,98,1,0
21,210441,1,3,1,6,9,7,33,12,6,1,0,21,1,18,3,18003,4,1996,1G4CW52K3TH6,1,G,4,C,W,5,2,K,3,T,H,6,0,P,BUIC,PKA,4D,96,17,3536,,0,1108,,G,,F,6,231,,,15R205,,,,,,0,0,000000000,00000000000,0,0,0,1,0,0,0,0,0,0,0,47,0,0,0,12,12,6,2,12,0,0,0,1,21,40003,6,1,0,0,3,0,68,220,1,0,0,0,0,12,2008,12,2008,0,87,0,0,0,1,2,55,4,2,2,2,40,3,14,10,1,1,2,64,1,0
21,210441,2,3,1,6,9,7,33,12,6,1,0,21,1,7,482,7482,31,2004,1D7HA18D04S7,1,D,7,H,A,1,8,D,0,4,S,7,1,T,DODG,SQ1,CW,4,17,,2,1605,1405,RPC,G,,,8,345,,,,B,4820,01,E,42,1,0,000000000,00000000000,0,0,0,1,0,0,0,0,0,0,0,47,0,0,0,7,7,2,1,12,0,0,0,1,21,40003,6,1,0,0,3,0,72,183,0,0,0,0,0,0,0,0,0,0,0,0,0,0,1,2,55,4,2,2,2,40,3,14,62,1,1,1,65,0,0