STATE,ST_CASE,VEH_NO,VE_FORMS,NUMOCCS,DAY,MONTH,HOUR,MINUTE,HARM_EV,MAN_COLL,UNITTYPE,HIT_RUN,REG_STAT,OWNER,MAKE,MODEL,MAK_MOD,BODY_TYP,MOD_YEAR,VIN,VIN_1,VIN_2,VIN_3,VIN_4,VIN_5,VIN_6,VIN_7,VIN_8,VIN_9,VIN_10,VIN_11,VIN_12,TOW_VEH,VINTYPE,VINMAKE,VINA_MOD,VIN_BT,VINMODYR,VIN_LNGT,VIN_WGT,WGTCD_TR,WHLBS_LG,WHLBS_SH,SER_TR,FUELCODE,MCYCL_DS,CARBUR,CYLINDER,DISPLACE,MCYCL_CY,MCYCL_WT,TIRE_SZE,TON_RAT,TRK_WT,TRKWTVAR,VIN_REST,WHLDRWHL,J_KNIFE,MCARR_I1,MCARR_I2,MCARR_ID,GVWR,V_CONFIG,CARGO_BT,HAZ_INV,HAZ_PLAC,HAZ_ID,HAZ_CNO,HAZ_REL,BUS_USE,SPEC_USE,EMER_USE,TRAV_SP,UNDERIDE,ROLLOVER,ROLINLOC,IMPACT1,IMPACT2,DEFORMED,TOWED,M_HARM,VEH_SC1,VEH_SC2,FIRE_EXP,DR_PRES,L_STATE,DR_ZIP,L_STATUS,L_TYPE,CDL_STAT,L_ENDORS,L_COMPL,L_RESTRI,DR_HGT,DR_WGT,PREV_ACC,PREV_SUS,PREV_DWI,PREV_SPD,PREV_OTH,FIRST_MO,FIRST_YR,LAST_MO,LAST_YR,SPEEDREL,DR_SF1,DR_SF2,DR_SF3,DR_SF4,VTRAFWAY,VNUM_LAN,VSPD_LIM,VALIGN,VPROFILE,VPAVETYP,VSURCOND,VTRAFCON,VTCONT_F,P_CRASH1,P_CRASH2,P_CRASH3,PCRASH4,PCRASH5,ACC_TYPE,DEATHS,DR_DRINK
21,210441,3,3,1,6,9,7,33,12,6,1,0,21,1,49,472,49472,30,1998,4TAWM72N7WZ0,4,T,A,W,M,7,2,N,7,W,Z,0,0,T,TOYT,XTR,PK,98,17,,1,0,1219,TAC,G,,,4,164,,,,B,3346,00,U,44,0,0,000000000,00000000000,0,0,0,1,0,0,0,0,0,0,0,47,0,0,0,12,12,6,2,12,0,0,0,1,21,40601,6,1,0,0,3,0,66,125,0,0,0,0,0,0,0,0,0,0,0,0,0,0,1,2,55,4,2,2,2,40,3,14,62,1,1,1,98,0,0
21,210442,1,3,1,6,9,9,55,12,6,1,0,21,1,12,13,12013,4,1988,1FAPP2598JT1,1,F,A,P,P,2,5,9,8,J,T,1,0,P,FORD,EGL,4H,88,17,2187,,0,942,,G,,F,4,116,,,13R165,,,,,,0,0,000000000,00000000000,0,0,0,1,0,0,0,0,0,0,0,998,0,0,0,83,98,6,2,12,0,0,0,1,21,42345,6,1,0,0,3,0,62,135,1,0,0,0,0,11,2010,11,2010,0,38,0,0,0,2,2,55,1,1,2,1,3,3,11,15,1,1,2,68,1,0
21,210442,2,3,2,6,9,9,55,12,6,1,0,21,1,20,2,20002,4,2007,2G1WT55N9793,2,G,1,W,T,5,5,N,9,7,9,3,0,P,CHEV,IMT,4D,7,17,3674,,0,1105,,G,,F,6,214,,,16R225,,,,,,0,0,000000000,00000000000,0,0,0,1,0,0,0,0,0,0,0,998,0,0,0,12,12,6,2,12,0,0,0,1,21,42320,6,1,0,0,3,1,67,140,0,0,0,0,0,0,0,0,0,0,0,0,0,0,2,2,55,1,1,2,1,3,3,1,66,2,1,1,69,0,0
21,210442,3,3,1,6,9,9,55,12,6,1,0,21,2,21,21,21021,4,2000,1G3NL52T1YC4,1,G,3,N,L,5,2,T,1,Y,C,4,0,P,OLDS,A/G,4D,0,17,3022,,0,1070,,G,,F,4,146,,,15R215,,,,,,0,0,000000000,00000000000,0,0,0,1,0,0,0,0,0,0,0,0,0,0,0,12,12,2,1,12,0,0,0,1,21,42337,6,1,0,0,3,0,66,170,0,0,0,0,0,0,0,0,0,0,0,0,0,0,1,2,99,1,1,2,1,3,3,5,62,1,1,1,98,0,0
21,210443,1,1,3,6,9,10,5,35,0,1,0,21,2,6,52,6052,6,2002,3C4FY48B32T3,3,C,4,F,Y,4,8,B,3,2,T,3,0,P,CHRY,PTC,SV,2,17,3037,,0,1033,,G,,F,4,148,,,15R195,,,,,,0,0,000000000,00000000000,0,0,0,1,0,0,0,0,0,0,0,57,0,0,0,12,98,6,2,35,0,0,0,1,21,41002,6,1,0,0,3,0,63,110,0,0,0,0,0,0,0,0,0,0,58,0,0,0,1,2,55,2,1,2,2,0,0,14,13,8,2,4,7,1,0
21,210444,1,1,1,5,9,11,4,1,0,1,0,18,3,84,881,84881,62,2011,1HTMMAAM3BH2,1,H,T,M,M,A,A,M,3,B,H,2,1,T,INTL,430,CC,11,17,,6,0,0,40S,D,,,6,466,,,,,00000,00,,42,1,57,00327574,5700327574,2,4,1,1,0,0,0,0,0,0,0,35,0,2,5,0,98,6,2,42,0,0,0,1,18,40150,9,9,99,9,9,9,999,999,99,99,99,99,99,99,9999,99,9999,0,99,99,99,99,1,2,55,1,2,2,1,40,3,1,9,1,2,4,2,1,0
21,210445,1,2,2,7,9,6,49,12,6,1,0,21,1,12,13,12013,4,1999,1FAFP13P7XW1,1,F,A,F,P,1,3,P,7,X,W,1,0,P,FORD,ESE,4D,99,17,2468,,0,984,,G,,F,4,122,,,14R185,,,,,,0,0,000000000,00000000000,0,0,0,1,0,0,0,0,0,0,0,998,1,0,0,81,98,6,2,12,0,0,0,1,21,42717,6,1,0,0,3,0,66,195,0,0,0,0,0,0,0,0,0,0,87,0,0,0,1,2,55,1,2,2,2,0,0,17,5,8,2,2,64,1,0
21,210445,2,2,1,7,9,6,49,12,6,1,0,21,1,12,481,12481,31,1999,1FTNX21F5XED,1,F,T,N,X,2,1,F,5,X,E,D,0,T,FORD,F2S,4C,99,17,,2,1580,1418,SRW,D,,,8,444,,,,C,5635,01,E,44,0,0,000000000,00000000000,0,0,0,1,0,0,0,0,0,0,0,998,0,0,0,12,12,6,2,12,0,0,0,1,21,42717,6,1,6,0,3,0,71,300,0,0,0,0,0,0,0,0,0,0,87,0,0,0,1,2,55,1,2,2,2,0,0,1,62,6,1,1,65,0,0
21,210446,1,2,2,7,9,14,46,12,6,1,0,21,1,18,7,18007,4,1993,1G4AG55N4P64,1,G,4,A,G,5,5,N,4,P,6,4,0,P,BUIC,CSP,4D,93,17,2870,,0,1047,,G,,F,6,204,,,14R185,,,,,,0,0,000000000,00000000000,0,0,0,1,0,0,0,0,0,0,0,998,0,0,0,11,98,6,2,30,0,0,0,1,21,41016,6,1,0,0,3,0,70,178,1,0,0,0,0,9,2008,9,2008,0,39,0,0,0,1,2,30,1,1,1,2,2,3,1,17,1,1,1,89,1,0
21,210446,2,2,1,7,9,14,46,12,6,1,1,21,2,37,33,37033,2,1994,JHMBB2159RC0,J,H,M,B,B,2,1,5,9,R,C,0,0,P,HOND,SSR,CP,94,17,2773,,0,1004,,G,,F,4,138,,,15R205,,,,,,0,0,000000000,00000000000,0,0,0,1,0,0,0,0,0,0,0,998,0,0,0,12,12,4,3,12,0,0,0,1,21,41011,0,0,0,0,0,0,999,999,99,99,99,99,99,99,9999,99,9999,0,92,0,0,0,1,2,98,1,1,1,2,2,3,1,66,99,1,1,88,0,0
21,210447,1,2,2,9,9,1,12,12,2,1,0,21,2,2,405,2405,14,2004,1J4GL48K04W1,1,J,4,G,L,4,8,K,0,4,W,1,0,T,JEEP,SPR,4W,4,17,,1,0,1043,LIB,G,,,6,226,,,,,3656,01,E,44,0,0,000000000,00000000000,0,0,0,1,0,0,0,0,0,0,0,998,1,0,0,12,12,6,2,12,0,0,0,1,21,40403,6,1,0,0,3,1,62,105,0,1,1,0,0,11,2009,11,2009,0,51,0,0,0,2,3,70,1,1,2,1,0,0,1,54,1,1,1,52,2,1
21,210447,2,2,1,9,9,1,12,12,2,1,0,26,3,86,881,86881,66,2011,1M1AW09Y3BM0,1,M,1,A,W,0,9,Y,3,B,M,0,1,T,MACK,CXU,TR,11,17,,8,0,0,600,D,,,6,783,,,,,00000,00,,64,1,57,00369138,5700369138,3,6,1,1,0,0,0,0,0,0,0,70,7,0,0,12,12,6,2,12,0,0,0,1,21,40511,6,1,6,0,3,0,69,166,2,0,0,1,1,1,2010,6,2011,0,0,0,0,0,2,3,70,1,1,2,1,40,3,1,54,8,2,1,52,0,0
21,210448,1,1,1,9,9,12,37,10,0,1,0,21,1,41,37,41037,4,1995,1YVGE22CXS54,1,Y,V,G,E,2,2,C,X,S,5,4,0,P,MAZD,UDL,4D,95,17,2743,,0,1028,,G,,F,4,122,,,14R195,,,,,,0,0,000000000,00000000000,0,0,0,1,0,0,0,0,0,0,0,998,0,0,0,81,81,6,2,10,0,0,0,1,21,42406,6,1,0,0,3,0,59,133,0,0,0,0,0,0,0,0,0,0,38,41,0,0,4,1,35,1,3,2,1,65,3,1,91,1,1,1,15,1,0
21,210449,1,1,1,13,9,5,47,11,0,1,0,21,2,7,20,7020,4,1997,1B3ES27C8VD1,1,B,3,E,S,2,7,C,8,V,D,1,0,P,DODG,NEE,4D,97,17,2419,,0,1040,,G,,F,4,122,,,14R175,,,,,,0,0,000000000,00000000000,0,0,0,1,0,0,0,0,0,0,0,998,0,0,0,12,98,6,2,2,0,0,1,1,21,40040,6,1,0,0,3,0,71,140,0,0,0,0,1,7,2011,7,2011,0,0,0,0,0,1,2,55,1,1,2,1,0,0,17,87,6,1,2,13,1,0
21,210450,1,2,1,13,9,14,38,12,6,1,0,21,1,24,401,24401,14,2007,5GZCZ534X7S8,5,G,Z,C,Z,5,3,4,X,7,S,8,0,P,STRN,VUE,UT,7,17,3534,,0,1066,,G,,F,6,214,,,16R235,,,,,,0,0,000000000,00000000000,0,0,0,1,0,0,0,0,0,0,0,998,0,0,0,61,61,4,3,12,0,0,0,1,21,42134,6,1,0,0,3,1,61,110,0,0,0,0,0,0,0,0,0,0,0,0,0,0,6,1,98,2,5,2,1,20,3,10,16,1,1,1,78,0,0
21,210450,2,2,1,13,9,14,38,12,6,1,0,21,1,76,706,76706,80,2004,JYAVP11E24A0,J,Y,A,V,P,1,1,E,2,4,A,0,0,M,YAMA,XVA,RS,4,17,,,,,,,1063,,2,,4,571,,,,,,,0,0,000000000,00000000000,0,0,0,1,0,0,0,0,0,0,0,998,0,0,0,12,12,6,2,12,0,0,0,1,21,42261,6,1,8,0,3,0,67,165,0,0,0,0,0,0,0,0,0,0,0,0,0,0,2,4,45,1,1,2,1,40,3,1,61,8,2,1,79,1,1
21,210451,1,3,1,13,9,15,44,12,7,1,0,21,3,89,881,89881,63,1992,4V2JCBJF6NR8,4,V,2,J,C,B,J,F,6,N,R,8,0,T,WHGM,WGM,CC,92,17,,8,0,0,WCN,D,,,6,855,,,,,00000,00,,64,0,57,00450856,5700450856,3,2,4,1,0,0,0,0,0,0,0,62,0,0,0,61,98,4,3,12,0,0,0,1,21,42025,6,1,6,0,3,0,67,180,0,0,0,0,0,0,0,0,0,0,0,0,0,0,2,4,70,1,1,2,1,0,0,1,1,8,2,2,47,0,0
21,210451,2,3,3,13,9,15,44,12,7,1,0,21,1,35,47,35047,4,2008,1N4AL21E98C1,1,N,4,A,L,2,1,E,9,8,C,1,0,P,NISS,ATS,4D,8,17,3028,,0,1093,,G,,F,4,153,,,16R215,,,,,,0,0,000000000,00000000000,0,0,0,1,0,0,0,0,0,0,0,998,0,0,0,81,98,6,2,12,0,0,0,1,21,42023,6,1,0,0,3,1,73,198,0,0,0,0,0,0,0,0,0,0,0,0,0,0,2,4,70,1,1,2,1,0,0,1,61,6,1,1,45,0,0
21,210451,3,3,1,13,9,15,44,12,7,1,0,21,1,20,37,20037,4,2000,1G1ND52J1Y61,1,G,1,N,D,5,2,J,1,Y,6,1,0,P,CHEV,MAL,4D,0,17,3051,,0,1070,,G,,F,6,191,,,15R215,,,,,,0,0,000000000,00000000000,0,0,0,1,0,0,0,0,0,0,0,998,0,0,0,12,12,6,2,12,0,0,0,1,21,42045,6,1,0,0,3,0,71,225,0,0,0,0,0,0,0,0,0,0,0,0,0,0,2,4,70,1,1,2,1,0,0,1,62,1,1,1,98,1,0
21,210452,1,2,1,15,9,15,47,12,8,1,0,21,3,12,16,12016,4,2010,2FABP7BV4AX1,2,F,A,B,P,7,B,V,4,A,X,1,0,P,FORD,CVP,4D,10,17,4128,,0,1147,,F,,F,8,281,,,17R225,,,,,,0,0,000000000,00000000000,0,0,0,1,0,0,0,0,0,5,0,45,0,0,0,61,61,6,2,12,0,0,0,1,21,42141,6,1,0,0,3,0,74,220,1,0,0,0,0,11,2010,11,2010,0,0,0,0,0,1,2,55,2,1,2,1,40,3,14,10,1,1,2,64,0,0
21,210452,2,2,2,15,9,15,47,12,8,1,0,34,1,12,3,12003,2,2003,1FAFP40423F3,1,F,A,F,P,4,0,4,2,3,F,3,0,P,FORD,MUS,CP,3,17,3114,,0,1013,,G,,F,6,232,,,16R225,,,,,,0,0,000000000,00000000000,0,0,0,1,0,0,0,0,0,0,0,998,0,0,0,61,61,6,2,12,0,0,0,1,34,42743,6,1,0,0,3,0,64,999,0,1,0,0,1,10,2008,9,2011,0,0,0,0,0,1,2,55,3,1,2,1,40,3,14,62,1,1,1,65,1,0
21,210453,1,1,1,3,9,1,19,42,0,1,0,21,2,20,2,20002,4,2001,2G1WF55E3193,2,G,1,W,F,5,5,E,3,1,9,3,0,P,CHEV,IMP,4D,1,17,3389,,0,1105,,G,,F,6,207,,,16R225,,,,,,0,0,000000000,00000000000,0,0,0,1,0,0,0,0,0,0,0,45,0,1,5,12,98,6,2,42,0,0,0,1,21,42276,6,1,0,0,3,0,67,125,1,0,0,0,0,11,2010,11,2010,1,0,0,0,0,1,2,35,1,2,2,1,0,0,1,6,1,3,4,2,1,0
21,210454,1,1,1,2,9,1,0,8,0,1,1,21,1,20,16,20016,4,1999,1G1JF5243X71,1,G,1,J,F,5,2,4,3,X,7,1,0,P,CHEV,CAS,4D,99,17,2644,,0,1041,,G,,F,4,133,,,15R195,,,,,,0,0,000000000,00000000000,0,0,0,1,0,0,0,0,0,0,0,998,0,0,0,12,98,4,1,8,0,0,0,1,21,40962,1,1,0,0,2,0,62,130,0,2,1,0,0,9,2010,7,2011,0,91,92,0,0,1,2,55,1,1,2,1,0,0,1,13,3,1,4,1,0,1
21,210455,1,1,2,16,9,14,47,52,0,1,0,21,1,20,16,20016,4,1998,1G1JC5245W72,1,G,1,J,C,5,2,4,5,W,7,2,0,P,CHEV,CAV,4D,98,17,2630,,0,1041,,G,,F,4,133,,,14R195,,,,,,0,0,000000000,00000000000,0,0,0,1,0,0,0,0,0,0,0,998,0,1,5,14,14,6,2,1,0,0,0,1,21,42048,6,1,0,0,3,0,66,155,1,0,0,0,0,11,2008,11,2008,0,0,0,0,0,1,2,55,1,1,2,1,0,0,1,12,1,1,4,6,1,0
21,210456,1,2,1,14,9,12,13,12,6,1,0,21,1,12,17,12017,4,1997,1FALP52U0VA3,1,F,A,L,P,5,2,U,0,V,A,3,0,P,FORD,TAG,4D,97,17,3329,,0,1085,,G,,F,6,182,,,15R205,,,,,,0,0,000000000,00000000000,0,0,0,1,0,0,0,0,0,0,0,998,0,0,0,1,1,6,2,12,0,0,0,1,21,40409,6,1,0,0,3,0,71,135,0,0,0,0,0,0,0,0,0,0,38,0,0,0,5,4,45,1,1,2,1,3,3,11,15,1,1,1,68,1,0
21,210456,2,2,1,14,9,12,13,12,6,1,0,47,3,82,881,82881,66,2006,1FUJA6CV86LW,1,F,U,J,A,6,C,V,8,6,L,W,1,T,FRHT,COL,TR,6,17,,8,0,0,CON,D,,,6,782,,,,,00000,00,,64,1,57,00036684,5700036684,3,6,97,1,0,0,0,0,0,0,0,998,0,0,0,12,12,4,3,12,0,0,0,1,5,72437,6,1,6,0,3,0,67,185,0,0,0,0,0,0,0,0,0,0,0,0,0,0,5,4,55,1,1,2,1,3,3,1,62,3,2,1,69,0,0
21,210457,1,1,1,10,9,21,30,1,0,1,0,21,2,37,706,37706,80,2005,1HFSC52035A2,1,H,F,S,C,5,2,0,3,5,A,2,0,M,HOND,V13,RS,5,17,,,,,,,1312,,2,,4,641,,,,,,,0,0,000000000,00000000000,0,0,0,1,0,0,0,0,0,0,0,40,0,0,0,0,0,2,3,5,0,0,0,1,21,40324,6,1,0,0,3,1,63,160,0,2,0,0,1,4,2010,2,2011,0,0,0,0,0,1,2,25,2,1,2,1,40,3,14,8,3,2,1,98,1,1
21,210458,1,1,1,18,9,5,34,1,0,1,0,24,1,20,16,20016,2,2004,1G1JF12F1471,1,G,1,J,F,1,2,F,1,4,7,1,0,P,CHEV,CAS,CP,4,17,2617,,0,1041,,G,,F,4,134,,,15R195,,,,,,0,0,000000000,00000000000,0,0,0,1,0,0,0,0,0,0,0,67,0,2,3,0,0,6,2,1,0,0,0,1,24,21911,6,1,6,0,3,0,68,317,0,0,0,0,0,0,0,0,0,0,0,0,0,0,2,4,70,1,2,2,1,0,0,1,9,8,2,4,7,1,0
21,210459,1,1,1,19,9,10,0,33,0,1,0,19,3,87,881,87881,66,2006,1XP7DB9X86D6,1,X,P,7,D,B,9,X,8,6,D,6,1,T,PTRB,387,TR,6,17,,8,0,0,CON,D,,,6,893,,,,,00000,00,,64,1,57,00087409,5700087409,3,6,3,1,0,0,0,0,0,0,0,998,0,1,6,3,3,6,2,1,0,0,0,1,42,16314,6,1,6,0,3,0,70,999,0,0,0,0,1,2,2011,2,2011,0,58,87,0,0,1,2,55,1,3,2,2,40,3,1,13,98,2,4,2,1,0
21,210460,1,2,3,19,9,17,51,12,6,1,0,21,1,20,401,20401,14,1996,1GNDT13W7T22,1,G,N,D,T,1,3,W,7,T,2,2,0,P,CHEV,BZR,UT,96,17,4023,,0,1070,,G,,F,6,262,,,15R235,,,,,,0,0,000000000,00000000000,0,0,0,1,0,0,0,0,0,0,0,998,0,0,0,81,81,6,2,12,0,0,0,1,21,40391,6,1,0,0,3,0,72,125,1,0,0,0,0,7,2011,7,2011,0,87,0,0,0,1,2,35,1,2,2,2,0,0,1,9,6,2,2,64,1,1
21,210460,2,2,1,19,9,17,51,12,6,1,0,21,2,12,402,12402,14,2007,1FMCU93117KB,1,F,M,C,U,9,3,1,1,7,K,B,0,P,FORD,SPE,UT,7,17,3318,,0,1031,,G,,F,6,183,,,16R235,,,,,,0,0,000000000,00000000000,0,0,0,1,0,0,0,0,0,0,0,998,0,0,0,12,12,6,2,12,0,0,0,1,21,40509,6,1,0,0,3,1,74,140,0,0,0,0,0,0,0,0,0,0,87,0,0,0,1,2,35,1,2,2,2,0,0,1,62,3,1,1,65,0,0
21,210461,1,2,1,21,9,15,57,24,0,1,0,21,3,22,20,22020,4,1999,1G2WJ52K9XF3,1,G,2,W,J,5,2,K,9,X,F,3,0,P,PONT,GFS,4D,99,17,3414,,0,1105,,G,,F,6,231,,,15R205,,,,,,0,0,000000000,00000000000,0,0,0,1,0,0,0,0,0,0,0,998,0,0,0,12,98,6,2,12,0,0,1,1,21,41653,6,1,0,0,3,0,65,120,0,0,0,0,0,0,0,0,0,0,58,87,0,0,2,4,55,1,2,2,2,0,0,1,5,9,2,4,7,1,0
21,210461,2,2,1,21,9,15,57,24,0,1,0,18,3,86,881,86881,66,2007,1M1AK05Y07N0,1,M,1,A,K,0,5,Y,0,7,N,0,1,T,MACK,CXN,TR,7,17,,8,0,0,600,D,,,6,728,,,,,00000,00,,64,1,57,00063391,5700063391,3,6,1,1,0,0,0,0,0,0,0,998,7,0,0,12,12,6,2,12,0,0,0,1,54,25550,6,1,6,1,3,1,69,240,0,0,0,0,0,0,0,0,0,0,87,0,0,0,2,4,55,1,2,2,2,0,0,1,63,8,1,1,98,0,0
21,210462,1,2,1,23,9,16,36,12,2,1,0,21,2,49,40,49040,4,1996,4T1BG12K7TU9,4,T,1,B,G,1,2,K,7,T,U,9,0,P,TOYT,DLX,4D,96,17,2932,,0,1031,,G,,F,4,132,,,14R195,,,,,,0,0,000000000,00000000000,0,0,0,1,0,0,0,0,0,0,0,998,0,0,0,12,12,6,2,12,0,0,0,1,21,42101,6,1,0,0,3,0,69,163,0,0,0,0,0,0,0,0,0,0,85,0,0,0,1,2,45,1,2,2,1,0,0,17,10,6,1,2,50,1,0
21,210462,2,2,1,23,9,16,36,12,2,1,0,21,1,35,473,35473,31,2004,1N6AA06B54N5,1,N,6,A,A,0,6,B,5,4,N,5,0,T,NISS,TXS,PC,4,17,,2,0,1398,TTN,G,,,8,342,,,,C,4833,03,E,44,0,0,000000000,00000000000,0,0,0,1,0,0,0,0,0,0,0,998,0,0,0,12,12,6,2,12,0,0,0,1,21,42101,6,1,0,0,3,0,69,205,0,0,0,0,0,0,0,0,0,0,0,0,0,0,1,2,45,1,2,2,1,0,0,1,62,1,1,1,51,0,0
21,210463,1,2,1,23,9,20,0,12,2,1,0,21,1,52,37,52037,3,1999,4A3AK44YXXE0,4,A,3,A,K,4,4,Y,X,X,E,0,0,P,MITS,EGS,2H,99,17,2855,,0,988,,G,,F,4,122,,,16R205,,,,,,0,0,000000000,00000000000,0,0,0,1,0,0,0,0,0,0,0,998,0,0,0,12,12,6,2,12,0,0,0,1,21,40342,6,1,0,0,3,0,69,150,0,0,0,0,0,0,0,0,0,1,0,0,0,0,1,2,55,1,1,2,1,0,0,1,10,1,1,2,50,1,0
21,210463,2,2,2,23,9,20,0,12,2,1,0,21,1,49,32,49032,4,2003,1NXBR32E03Z0,1,N,X,B,R,3,2,E,0,3,Z,0,0,P,TOYT,UCS,4D,3,17,2502,,0,1024,,G,,F,4,109,,,15R185,,,,,,0,0,000000000,00000000000,0,0,0,1,0,0,0,0,0,0,0,998,0,0,0,12,12,6,2,12,0,0,0,1,21,40359,6,1,0,0,3,0,67,160,0,0,0,0,0,0,0,0,0,0,0,0,0,0,1,2,55,1,1,2,1,0,0,1,62,3,2,1,51,0,0
21,210464,1,1,1,21,9,10,50,1,0,1,0,39,1,72,706,72706,80,2003,1HD1FRW403Y7,1,H,D,1,F,R,W,4,0,3,Y,7,0,M,HD,FCA,RS,3,17,,,,,,,1450,,2,,4,710,,,,,,,0,0,000000000,00000000000,0,0,0,1,0,0,0,0,0,0,0,998,0,0,0,0,0,4,3,5,0,0,0,1,39,43119,6,1,0,0,3,0,75,250,0,0,0,0,0,0,0,0,0,0,87,0,0,0,6,1,98,2,2,2,2,0,0,14,5,98,2,1,98,1,0
21,210465,1,1,5,24,9,3,30,35,0,1,0,21,2,20,37,20037,4,2002,1G1NE52J72M6,1,G,1,N,E,5,2,J,7,2,M,6,0,P,CHEV,M/L,4D,2,17,3053,,0,1070,,G,,F,6,191,,,15R215,,,,,,0,0,000000000,00000000000,0,0,0,1,0,0,0,0,0,0,0,78,0,1,5,6,98,6,2,30,0,0,0,1,21,42066,1,1,0,0,2,0,74,232,0,1,0,0,2,1,2009,6,2009,1,91,0,0,0,1,2,55,2,1,2,1,40,3,14,6,6,4,4,2,2,1
21,210466,1,2,1,24,9,9,4,12,6,1,0,21,1,12,13,12013,4,1999,1FAFP13PXXW2,1,F,A,F,P,1,3,P,X,X,W,2,0,P,FORD,ESE,4D,99,17,2468,,0,984,,G,,F,4,122,,,14R185,,,,,,0,0,000000000,00000000000,0,0,0,1,0,0,0,0,0,0,0,998,0,0,0,9,98,6,2,12,0,0,0,1,21,41011,6,1,0,0,3,0,70,165,0,0,0,0,0,0,0,0,0,0,38,0,0,0,1,4,30,3,2,2,2,0,0,11,15,1,1,1,82,1,0
21,210466,2,2,1,24,9,9,4,12,6,1,0,21,1,18,7,18007,4,1995,1G4AG55M3S65,1,G,4,A,G,5,5,M,3,S,6,5,0,P,BUIC,CSP,4D,95,17,2986,,0,1049,,G,,F,6,191,,,14R185,,,,,,0,0,000000000,00000000000,0,0,0,1,0,0,0,0,0,0,0,998,0,0,0,12,12,4,3,12,0,0,0,1,21,41011,6,1,0,0,3,1,74,175,0,0,0,0,3,2,2011,2,2011,0,0,0,0,0,1,2,30,2,2,2,2,0,0,14,72,2,1,1,83,0,0
21,210467,1,1,2,24,9,19,24,49,0,1,0,21,1,23,421,23421,15,1999,1GKEK13R1XR9,1,G,K,E,K,1,3,R,1,X,R,9,0,T,GMC,DEN,4W,99,17,,2,0,1175,DEN,G,,,8,350,,,,B,5564,00,E,44,0,0,000000000,00000000000,0,0,0,1,0,0,0,0,0,0,0,998,0,0,0,12,12,2,3,49,0,0,0,1,21,42217,6,1,0,0,3,0,64,175,0,0,0,0,0,0,0,0,0,0,0,0,0,0,1,2,55,1,1,2,1,0,0,1,80,1,1,1,13,0,0
21,210468,1,2,1,25,9,11,50,12,6,1,0,21,1,37,706,37706,80,2007,JH2SC57417M3,J,H,2,S,C,5,7,4,1,7,M,3,0,M,HOND,CBS,RC,7,17,,,,,,,998,,4,,4,388,,,,,,,0,0,000000000,00000000000,0,0,0,1,0,0,0,0,0,0,0,998,0,0,0,12,12,6,2,12,0,0,0,1,21,40515,6,1,0,0,3,0,70,150,0,0,0,1,0,1,2010,1,2010,1,0,0,0,0,1,2,55,1,3,2,1,0,0,1,62,3,2,1,69,1,0
21,210468,2,2,1,25,9,11,50,12,6,1,0,21,3,7,482,7482,31,2001,3B6KF266X1M2,3,B,6,K,F,2,6,6,X,1,M,2,1,T,DODG,250,CB,1,17,,2,0,1347,RPC,D,,,6,359,,,,C,4839,00,U,44,1,57,00085484,5700085484,2,4,97,1,0,0,0,0,0,0,0,998,0,0,0,2,2,4,3,12,0,0,0,1,21,40511,6,1,0,0,3,0,69,220,0,1,1,0,1,11,2010,12,2010,0,0,0,0,0,1,2,55,1,3,2,1,0,0,11,15,1,1,1,68,0,0
21,210469,1,1,1,26,9,7,7,53,0,1,0,21,1,22,8,22008,2,2004,6G2VX12G14L2,6,G,2,V,X,1,2,G,1,4,L,2,0,P,PONT,GTO,CP,4,17,3725,,0,1098,,G,,F,8,350,,,17R225,,,,,,0,0,000000000,00000000000,0,0,0,1,0,0,0,0,0,0,0,998,0,0,0,62,98,6,2,42,0,0,0,1,21,42716,6,1,0,0,3,0,71,140,0,0,0,1,0,10,2009,10,2009,0,58,87,0,0,1,2,55,3,2,2,2,0,0,14,5,98,4,4,7,1,0
21,210470,1,3,1,26,9,7,27,12,6,1,0,21,1,49,32,49032,4,2008,2T1BR32E48C9,2,T,1,B,R,3,2,E,4,8,C,9,0,P,TOYT,UCS,4D,8,17,2530,,0,1024,,G,,F,4,110,,,15R185,,,,,,0,0,000000000,00000000000,0,0,0,1,0,0,0,0,0,0,0,10,0,0,0,61,98,6,2,12,0,0,0,1,21,40223,6,1,0,0,3,1,70,160,0,0,0,0,0,0,0,0,0,0,38,0,0,0,2,4,45,1,1,2,2,0,0,11,15,1,1,1,82,1,0
21,210470,2,3,2,26,9,7,27,12,6,1,0,21,1,49,40,49040,4,2008,4T1BE46K18U7,4,T,1,B,E,4,6,K,1,8,U,7,0,P,TOYT,XSL,4D,8,17,3263,,0,1093,,G,,F,4,146,,,16R215,,,,,,0,0,000000000,00000000000,0,0,0,1,0,0,0,0,0,0,0,40,0,0,0,12,12,6,2,12,0,0,0,1,21,40243,6,2,0,0,2,2,65,120,0,0,0,0,0,0,0,0,0,0,73,0,0,0,2,4,45,1,1,2,2,0,0,1,72,1,1,1,83,0,0