STATE,ST_CASE,VEH_NO,VE_FORMS,NUMOCCS,DAY,MONTH,HOUR,MINUTE,HARM_EV,MAN_COLL,UNITTYPE,HIT_RUN,REG_STAT,OWNER,MAKE,MODEL,MAK_MOD,BODY_TYP,MOD_YEAR,VIN,VIN_1,VIN_2,VIN_3,VIN_4,VIN_5,VIN_6,VIN_7,VIN_8,VIN_9,VIN_10,VIN_11,VIN_12,TOW_VEH,VINTYPE,VINMAKE,VINA_MOD,VIN_BT,VINMODYR,VIN_LNGT,VIN_WGT,WGTCD_TR,WHLBS_LG,WHLBS_SH,SER_TR,FUELCODE,MCYCL_DS,CARBUR,CYLINDER,DISPLACE,MCYCL_CY,MCYCL_WT,TIRE_SZE,TON_RAT,TRK_WT,TRKWTVAR,VIN_REST,WHLDRWHL,J_KNIFE,MCARR_I1,MCARR_I2,MCARR_ID,GVWR,V_CONFIG,CARGO_BT,HAZ_INV,HAZ_PLAC,HAZ_ID,HAZ_CNO,HAZ_REL,BUS_USE,SPEC_USE,EMER_USE,TRAV_SP,UNDERIDE,ROLLOVER,ROLINLOC,IMPACT1,IMPACT2,DEFORMED,TOWED,M_HARM,VEH_SC1,VEH_SC2,FIRE_EXP,DR_PRES,L_STATE,DR_ZIP,L_STATUS,L_TYPE,CDL_STAT,L_ENDORS,L_COMPL,L_RESTRI,DR_HGT,DR_WGT,PREV_ACC,PREV_SUS,PREV_DWI,PREV_SPD,PREV_OTH,FIRST_MO,FIRST_YR,LAST_MO,LAST_YR,SPEEDREL,DR_SF1,DR_SF2,DR_SF3,DR_SF4,VTRAFWAY,VNUM_LAN,VSPD_LIM,VALIGN,VPROFILE,VPAVETYP,VSURCOND,VTRAFCON,VTCONT_F,P_CRASH1,P_CRASH2,P_CRASH3,PCRASH4,PCRASH5,ACC_TYPE,DEATHS,DR_DRINK
21,210470,3,3,1,26,9,7,27,12,6,1,0,21,1,7,482,7482,31,2002,3B7HA18Z92G1,3,B,7,H,A,1,8,Z,9,2,G,1,0,T,DODG,Q15,CW,2,17,,2,1605,1405,RPC,G,,,8,360,,,,B,4747,01,E,42,0,0,000000000,00000000000,0,0,0,1,0,0,0,0,0,0,0,2,0,0,0,11,11,2,1,12,0,0,0,1,21,40216,6,1,0,0,3,1,70,215,0,0,0,0,0,0,0,0,0,0,0,0,0,0,2,4,45,1,1,2,2,0,0,4,53,98,1,1,98,0,0
21,210471,1,2,1,20,9,15,12,12,6,1,0,21,1,21,2,21002,4,1999,1G3HN52K5X48,1,G,3,H,N,5,2,K,5,X,4,8,0,P,OLDS,8LW,4D,99,17,3455,,0,1108,,G,,F,6,231,,,15R205,,,,,,0,0,000000000,00000000000,0,0,0,1,0,0,0,0,0,0,0,10,0,0,0,82,82,6,2,12,0,0,0,1,21,40111,6,1,0,0,3,0,68,150,1,0,0,0,0,5,2011,5,2011,0,38,0,0,0,1,2,55,1,2,2,1,0,0,11,15,1,1,2,68,1,0
21,210471,2,2,2,20,9,15,12,12,6,1,0,18,3,7,482,7482,31,2005,1D7HA16K55J5,1,D,7,H,A,1,6,K,5,5,J,5,0,T,DODG,S1T,PK,5,17,,2,1405,1205,RPC,G,,,6,225,,,,B,4318,03,E,42,0,0,000000000,00000000000,0,0,0,1,0,0,0,0,0,0,0,55,0,0,0,12,12,6,2,12,0,0,0,1,18,47630,6,1,6,0,3,0,70,140,0,2,0,2,1,4,2009,7,2009,0,0,0,0,0,1,2,55,1,2,2,1,0,0,1,66,9,2,1,69,0,0
21,210472,1,1,1,28,9,17,15,42,0,1,0,0,0,37,739,37739,90,9999,000000000000,0,0,0,0,0,0,0,0,0,0,0,0,0,,,,,,,,,,,,,,,,,,,,,,,,,0,0,000000000,00000000000,0,0,0,1,0,0,0,0,0,0,0,998,0,0,0,98,98,6,2,42,0,0,0,1,21,42408,6,1,0,0,1,0,76,210,0,1,0,2,1,8,2009,10,2010,0,0,0,0,0,1,2,35,1,2,2,1,40,3,6,9,98,2,4,7,1,0
21,210473,1,2,3,28,9,17,45,12,6,1,0,21,1,14,6,14006,4,1997,2MELM74W5VX6,2,M,E,L,M,7,4,W,5,V,X,6,0,P,MERC,GMG,4D,97,17,3792,,0,1144,,G,,F,8,281,,,15R215,,,,,,0,0,000000000,00000000000,0,0,0,1,0,0,0,0,0,0,0,20,0,0,0,4,4,2,8,12,0,0,0,1,21,42701,6,1,0,0,3,0,70,210,0,0,0,0,0,0,0,0,0,0,38,0,0,0,1,4,45,1,1,2,1,40,3,11,15,1,1,1,68,0,0
21,210473,2,2,2,28,9,17,45,12,6,1,0,21,1,72,706,72706,80,2000,1HD1FRW11YY6,1,H,D,1,F,R,W,1,1,Y,Y,6,0,M,HD,FCI,RS,0,17,,,,,,,1450,,2,,4,710,,,,,,,0,0,000000000,00000000000,0,0,0,1,0,0,0,0,0,0,0,998,0,0,0,12,12,4,3,12,0,0,0,1,21,42701,6,1,0,0,3,0,71,235,2,0,0,0,0,12,2009,7,2011,0,0,0,0,0,1,4,45,1,1,2,1,40,3,1,62,3,2,1,69,1,0
21,210474,1,2,1,21,9,7,33,12,7,1,0,21,1,20,37,20037,4,2006,1G1ZT61886F1,1,G,1,Z,T,6,1,8,8,6,F,1,0,P,CHEV,XLT,4D,6,17,3459,,0,1063,,G,,F,6,214,,,16R215,,,,,,0,0,000000000,00000000000,0,0,0,1,0,0,0,0,0,0,0,998,0,0,0,61,98,6,2,24,0,0,0,1,21,40509,6,1,0,0,3,0,66,185,2,0,0,0,0,3,2009,11,2010,0,0,0,0,0,2,2,55,1,1,2,1,0,0,15,10,98,1,2,45,1,0
21,210474,2,2,1,21,9,7,33,12,7,1,0,21,1,12,481,12481,31,2000,1FTRF18L4YNA,1,F,T,R,F,1,8,L,4,Y,N,A,0,T,FORD,F15,PK,0,17,,2,1388,1202,COF,G,,,8,330,,,,B,4299,04,U,44,0,0,000000000,00000000000,0,0,0,1,0,0,0,0,0,0,0,998,0,0,0,81,98,6,2,24,0,0,0,1,21,40601,6,1,0,0,3,0,71,170,0,0,0,0,0,0,0,0,0,0,0,0,0,0,2,2,55,1,1,2,1,0,0,1,61,1,1,1,44,0,0
21,210475,1,1,1,24,9,7,50,35,0,1,0,21,2,22,32,22032,6,2005,5Y2SL63805Z4,5,Y,2,S,L,6,3,8,0,5,Z,4,0,P,PONT,VIB,4H,5,17,2700,,0,1024,,G,,F,4,110,,,16R205,,,,,,0,0,000000000,00000000000,0,0,0,1,0,0,0,0,0,0,0,998,0,0,0,12,98,6,2,43,0,0,0,1,21,40359,6,1,0,0,3,1,69,170,0,0,0,0,0,0,0,0,0,0,0,0,0,0,2,3,70,1,1,2,1,0,0,1,13,1,1,4,1,1,0
21,210476,1,2,1,26,9,7,25,12,6,1,0,21,1,20,471,20471,30,2003,1GCCS14H3382,1,G,C,C,S,1,4,H,3,3,8,2,0,T,CHEV,S14,PK,3,17,,1,0,1083,S,G,,,4,133,,,,B,3016,01,,42,0,0,000000000,00000000000,0,0,0,1,0,0,0,0,0,0,0,10,0,0,0,81,98,6,2,30,0,0,0,1,21,42459,6,1,0,0,3,0,64,154,0,0,0,0,0,0,0,0,0,0,38,0,0,0,1,2,98,1,1,2,1,20,3,1,17,1,1,1,87,1,0
21,210476,2,2,1,26,9,7,25,12,6,1,0,21,3,84,881,84881,63,2006,1HTWYSBT16J2,1,H,T,W,Y,S,B,T,1,6,J,2,0,T,INTL,760,CC,6,17,,8,0,0,70S,D,,,6,763,,,,,00000,00,,64,0,57,00484901,5700484901,3,2,8,1,0,0,0,0,0,0,0,15,0,0,0,12,12,4,8,12,0,0,0,1,21,42064,6,1,6,0,3,0,67,122,3,0,0,2,0,3,2009,11,2010,0,0,0,0,0,1,2,35,1,1,2,1,0,0,1,66,9,2,1,86,0,0
21,210477,1,2,9,30,9,16,19,12,6,1,0,21,3,12,461,12461,21,2009,1FDEE35L79DA,1,F,D,E,E,3,5,L,7,9,D,A,0,T,FORD,3DC,YY,9,17,,3,1760,1380,CTV,G,,,8,330,,,,D,00000,00,M,42,0,88,888888888,88888888888,1,20,22,1,0,0,0,0,6,0,0,998,0,0,0,5,5,6,2,12,0,0,0,1,47,38261,6,1,0,0,3,0,67,180,0,0,0,0,0,0,0,0,0,0,38,0,0,0,1,2,55,1,3,2,1,20,3,1,17,1,1,1,87,1,0
21,210477,2,2,4,30,9,16,19,12,6,1,0,21,2,12,481,12481,31,2001,1FTRW08WX1KE,1,F,T,R,W,0,8,W,X,1,K,E,0,T,FORD,F1S,CW,1,17,,2,0,1388,COF,G,,,8,281,,,,B,4914,01,E,44,0,0,000000000,00000000000,0,0,0,1,0,0,0,0,0,0,0,998,0,0,0,12,12,6,2,12,0,0,0,1,21,42071,6,1,0,0,3,0,66,160,1,0,0,0,0,1,2009,1,2009,0,0,0,0,0,1,2,98,1,3,2,1,0,0,1,66,2,1,1,86,0,0
21,210478,1,1,1,30,8,13,40,35,0,1,0,21,1,19,20,19020,6,2010,3GYFNAEY1AS6,3,G,Y,F,N,A,E,Y,1,A,S,6,0,P,CADI,SRX,UT,10,17,4224,,0,1105,,G,,F,6,183,,,18R235,,,,,,0,0,000000000,00000000000,0,0,0,1,0,0,0,0,0,0,0,998,0,0,0,12,98,6,2,35,0,0,0,1,21,40033,6,1,0,0,3,0,75,235,0,0,0,0,0,0,0,0,0,0,0,0,0,0,1,2,55,1,1,2,1,0,0,1,12,1,1,4,6,1,0
21,210479,1,2,1,1,8,22,20,12,6,1,0,21,2,55,36,55036,4,2009,KMHCN46C39U3,K,M,H,C,N,4,6,C,3,9,U,3,0,P,HYUN,ALS,4D,9,17,2365,,0,984,,G,,F,4,098,,,14R175,,,,,,0,0,000000000,00000000000,0,0,0,1,0,0,0,0,0,0,0,998,0,0,0,61,61,6,2,12,0,0,0,1,21,41017,6,1,0,0,3,0,61,140,1,0,0,0,0,11,2010,11,2010,0,39,0,0,0,1,2,99,8,8,2,1,20,3,1,17,1,1,1,89,1,1
21,210479,2,2,1,1,8,22,20,12,6,1,0,21,3,12,16,12016,4,2008,2FAHP71V38X1,2,F,A,H,P,7,1,V,3,8,X,1,0,P,FORD,CVP,4D,8,17,0,,0,1146,,F,,F,8,281,,,17R235,,,,,,0,0,000000000,00000000000,0,0,0,1,0,0,0,0,0,5,0,998,0,0,0,12,12,6,2,12,0,0,0,1,21,41006,6,1,0,0,3,0,71,150,2,0,0,0,0,12,2010,4,2011,0,0,0,0,0,1,2,45,1,1,2,1,0,0,1,68,3,2,1,88,0,0
21,210480,1,4,1,27,8,16,40,12,6,1,0,21,1,37,471,37471,30,2006,2HJYK16596H5,2,H,J,Y,K,1,6,5,9,6,H,5,0,T,HOND,RTL,PK,6,17,,2,0,1220,RID,G,,,6,214,,,,,4498,00,S,44,0,0,000000000,00000000000,0,0,0,1,0,0,0,0,0,0,0,998,0,0,0,12,98,6,2,12,0,0,0,1,21,42638,6,1,0,0,3,0,67,180,0,0,0,0,0,0,0,0,0,0,39,0,0,0,2,3,45,1,1,2,1,3,3,1,66,6,1,1,88,0,0
21,210480,2,4,2,27,8,16,40,12,6,1,0,21,1,72,706,72706,80,2009,1HD1KB4139Y6,1,H,D,1,K,B,4,1,3,9,Y,6,0,M,HD,FHX,RS,9,17,,,,,,,1584,,2,,4,810,,,,,,,0,0,000000000,00000000000,0,0,0,1,0,0,0,0,0,0,0,998,0,0,0,61,98,6,2,12,0,0,0,1,21,40741,6,1,0,0,3,0,75,200,0,0,0,0,0,0,0,0,0,0,0,0,0,0,2,2,98,1,1,2,1,3,3,4,66,1,1,1,89,1,0
21,210480,3,4,1,27,8,16,40,12,6,1,0,21,1,20,473,20473,30,2004,1GCDT13X44K1,1,G,C,D,T,1,3,X,4,4,K,1,0,T,CHEV,S14,CW,4,17,,1,0,1229,S,G,,,6,262,,,,B,4083,00,,44,0,0,000000000,00000000000,0,0,0,1,0,0,0,0,0,0,0,0,0,0,0,12,12,2,1,12,0,0,0,1,21,42503,6,1,0,0,3,0,72,175,0,0,0,0,0,0,0,0,0,0,0,0,0,0,2,3,45,1,1,2,1,3,3,5,62,1,1,1,98,0,0
21,210480,4,4,4,27,8,16,40,12,6,1,0,21,1,20,481,20481,31,2008,1GCEC14X78Z2,1,G,C,E,C,1,4,X,7,8,Z,2,0,T,CHEV,SC1,PK,8,17,,2,1330,1190,SIL,G,,,6,262,,,,B,4453,01,,42,0,0,000000000,00000000000,0,0,0,1,0,0,0,0,0,0,0,0,0,0,0,12,12,6,2,12,0,0,0,1,21,42503,6,1,0,0,3,0,67,157,0,0,0,0,0,0,0,0,0,0,0,0,0,0,2,3,45,1,1,2,1,3,3,5,62,1,1,1,98,0,0
21,210481,1,1,1,16,9,21,28,31,0,1,0,21,1,12,3,12003,2,2001,1FAFP42X21F2,1,F,A,F,P,4,2,X,2,1,F,2,0,P,FORD,MGT,CP,1,17,3241,,0,1013,,G,,F,8,281,,,17R245,,,,,,0,0,000000000,00000000000,0,0,0,1,0,0,0,0,0,0,0,998,0,0,0,83,98,6,2,31,0,0,0,1,21,42718,6,1,0,0,3,0,70,170,0,0,0,0,0,0,0,0,0,1,0,0,0,0,1,2,45,3,2,2,1,0,0,99,6,1,9,4,2,1,1
21,210482,1,1,1,19,9,22,24,8,0,1,0,21,1,12,481,12481,31,1988,1FTEF14YXJNA,1,F,T,E,F,1,4,Y,X,J,N,A,0,T,FORD,F15,PK,88,17,,2,1330,1170,COF,G,,,6,300,,,,B,00000,00,A,44,0,0,000000000,00000000000,0,0,0,1,0,0,0,0,0,0,0,998,0,0,0,12,12,4,1,8,0,0,0,1,21,40906,6,1,0,0,3,1,72,234,0,0,0,0,0,0,0,0,0,0,0,0,0,0,5,4,45,1,1,2,2,0,0,1,80,9,2,1,13,0,0
21,210483,1,3,1,23,9,5,45,12,6,1,0,21,3,98,804,98804,66,2006,5KJJABCK06PV,5,K,J,J,A,B,C,K,0,6,P,V,1,T,WSTR,49X,TR,6,17,,8,0,0,CNV,D,,,6,858,,,,,00000,00,,64,1,57,00738038,5700738038,3,6,4,1,0,0,0,0,0,0,0,998,0,0,0,63,98,4,1,12,0,0,0,1,21,41224,6,1,6,0,3,0,67,155,0,0,0,0,0,0,0,0,0,1,0,0,0,0,1,2,55,1,2,2,2,0,0,1,6,98,1,2,64,0,0
21,210483,2,3,2,23,9,5,45,12,6,1,0,21,2,20,481,20481,31,1992,1GCEC14Z5NE1,1,G,C,E,C,1,4,Z,5,N,E,1,0,T,CHEV,GC1,PK,92,17,,2,1315,1175,GM4,G,,,6,262,,,,B,3718,04,,42,0,0,000000000,00000000000,0,0,0,1,0,0,0,0,0,0,0,998,1,0,0,12,98,6,2,12,0,0,0,1,21,41563,6,1,0,0,3,0,68,210,0,0,0,0,0,0,0,0,0,0,0,0,0,0,1,2,55,1,2,2,2,0,0,1,62,1,1,1,65,1,0
21,210483,3,3,1,23,9,5,45,12,6,1,0,21,1,12,481,12481,31,1980,F15EUHG2860,F,1,5,E,U,H,G,2,8,6,0,,0,T,FORD,F15,PK,80,11,,2,1610,1170,COF,G,,,6,300,,,,BC,3373,01,,42,0,0,000000000,00000000000,0,0,0,1,0,0,0,0,0,0,0,998,0,0,0,12,98,6,2,12,0,0,0,1,21,41539,6,1,6,0,3,0,72,180,1,0,0,0,0,11,2008,11,2008,0,0,0,0,0,1,2,55,1,2,2,2,0,0,1,99,98,2,1,98,0,0
21,210484,1,1,4,26,9,13,6,5,0,1,0,21,2,20,880,20880,67,2003,1GCJK391X3E1,1,G,C,J,K,3,9,1,X,3,E,1,0,T,CHEV,SK3,4C,3,17,,3,0,1575,SIL,D,,,8,403,,,,D,6223,00,,44,0,88,888888888,88888888888,2,1,97,1,0,0,0,0,0,0,0,22,0,0,0,0,0,0,1,5,0,0,0,1,21,41224,6,1,0,0,3,0,73,190,0,0,0,0,0,0,0,0,0,0,0,0,0,0,1,2,55,1,1,2,1,0,0,1,98,1,1,5,0,1,0
21,210485,1,1,2,15,9,12,24,32,0,1,0,21,2,20,403,20403,14,2004,1GNDS13S1423,1,G,N,D,S,1,3,S,1,4,2,3,0,P,CHEV,TRL,UT,4,17,4425,,0,1130,,G,,F,6,256,,,16R245,,,,,,0,0,000000000,00000000000,0,0,0,1,0,0,0,0,0,0,0,47,0,0,0,12,12,6,2,32,0,0,0,1,21,41651,6,1,0,0,3,0,66,198,0,0,0,0,0,0,0,0,0,0,58,0,0,0,1,2,55,3,1,2,2,40,3,14,5,98,2,4,2,1,0
21,210486,1,1,1,10,9,22,35,11,0,1,0,0,0,99,739,99739,90,9999,000000000000,0,0,0,0,0,0,0,0,0,0,0,0,0,,,,,,,,,,,,,,,,,,,,,,,,,0,0,000000000,00000000000,0,0,0,1,0,0,0,0,0,0,0,998,0,1,1,12,12,4,3,99,0,0,0,1,21,42441,6,1,0,0,1,0,66,180,0,0,0,0,0,0,0,0,0,0,58,0,0,0,1,2,25,1,1,2,1,0,0,1,87,6,1,1,13,1,1
21,210487,1,1,2,2,9,22,42,42,0,1,0,21,2,20,481,20481,31,1990,1GCDK14K9LZ2,1,G,C,D,K,1,4,K,9,L,Z,2,0,T,CHEV,GK1,PK,90,17,,1,1415,1175,GM4,G,,,8,350,,,,B,4117,05,,44,0,0,000000000,00000000000,0,0,0,1,0,0,0,0,0,0,0,998,0,1,5,12,98,6,2,1,0,0,0,1,21,42518,0,0,0,0,0,0,64,120,0,0,0,0,0,0,0,0,0,0,0,0,0,0,1,2,55,1,3,2,1,0,0,1,13,1,1,4,1,1,1
21,210488,1,1,1,4,8,18,40,42,0,1,0,21,1,53,705,53705,80,2006,JS1GR7KA6621,J,S,1,G,R,7,K,A,6,6,2,1,0,M,SUZI,RK6,RC,6,17,,,,,,,750,,4,,4,359,,,,,,,0,0,000000000,00000000000,0,0,0,1,0,0,0,0,0,0,0,998,0,0,0,12,12,4,3,42,0,0,0,1,21,40505,6,1,0,0,3,1,72,178,0,1,1,1,0,8,2008,3,2010,1,0,0,0,0,1,2,55,4,2,2,1,0,0,14,13,1,1,4,1,1,0
21,210489,1,2,1,2,8,13,41,12,6,1,0,21,1,20,421,20421,15,2002,1GNEK13Z62R2,1,G,N,E,K,1,3,Z,6,2,R,2,0,P,CHEV,KTA,UT,2,17,5050,,0,1160,,F,,F,8,325,,,16R265,,,,,,0,0,000000000,00000000000,0,0,0,1,0,0,0,0,0,0,0,7,0,0,0,9,9,6,2,12,0,0,0,1,21,40210,6,1,0,0,3,0,65,146,0,0,0,0,0,0,0,0,0,0,38,0,0,0,1,2,98,1,1,2,1,20,3,11,15,1,1,1,82,0,0
21,210489,2,2,5,2,8,13,41,12,6,1,0,21,2,20,2,20002,4,2002,2G1WH55K3291,2,G,1,W,H,5,5,K,3,2,9,1,0,P,CHEV,IPL,4D,2,17,3466,,0,1105,,G,,F,6,231,,,16R225,,,,,,0,0,000000000,00000000000,0,0,0,1,0,0,0,0,0,0,0,60,0,0,0,12,12,6,4,12,0,0,0,1,21,40210,6,1,0,0,3,0,75,180,0,0,0,0,0,0,0,0,0,1,0,0,0,0,1,5,45,1,1,2,1,0,0,1,67,1,1,1,83,1,0
21,210490,1,1,1,13,8,13,5,32,0,1,0,21,1,20,461,20461,21,1993,1GBEG25K4PF3,1,G,B,E,G,2,5,K,4,P,F,3,0,T,CHEV,SV2,CG,93,17,,2,1250,1100,S/V,G,,,8,350,,,,C,00000,00,,42,0,0,000000000,00000000000,0,0,0,1,0,0,0,0,0,0,0,998,0,0,0,12,98,2,3,32,0,0,0,1,21,40962,6,1,0,0,3,0,67,175,0,0,0,0,0,0,0,0,0,0,0,0,0,0,1,2,55,4,2,2,1,40,3,14,13,1,1,4,1,1,0
21,210491,1,1,1,5,9,20,1,8,0,1,0,21,1,20,471,20471,30,1991,1GCCS19Z7M82,1,G,C,C,S,1,9,Z,7,M,8,2,0,T,CHEV,S14,PC,91,17,,1,0,1229,S,G,,,6,262,,,,B,2689,01,,42,0,0,000000000,00000000000,0,0,0,1,0,0,0,0,0,0,0,47,0,0,0,12,12,2,3,8,0,0,0,1,21,42351,6,1,0,0,3,0,68,110,0,0,0,0,0,0,0,0,0,0,0,0,0,0,1,2,55,1,1,2,1,0,0,1,80,1,1,1,13,0,0
21,210492,1,1,1,29,9,20,44,35,0,1,0,21,1,72,706,72706,80,2009,1HD1CT3129K4,1,H,D,1,C,T,3,1,2,9,K,4,0,M,HD,20C,RS,9,17,,,,,,,1202,,2,,4,589,,,,,,,0,0,000000000,00000000000,0,0,0,1,0,0,0,0,0,0,0,998,0,0,0,81,81,4,4,35,0,0,0,1,21,40823,6,1,0,0,3,0,67,250,1,0,0,0,0,4,2010,4,2010,0,0,0,0,0,1,3,55,2,3,2,1,0,0,14,13,1,1,4,1,1,1
21,210493,1,1,2,5,9,21,41,35,0,1,0,21,2,23,481,23481,31,2002,2GTEK19V1214,2,G,T,E,K,1,9,V,1,2,1,4,0,T,GMC,NK1,4C,2,17,,2,1575,1435,SIE,G,,,8,293,,,,B,4910,02,U,44,0,0,000000000,00000000000,0,0,0,1,0,0,0,0,0,0,0,998,0,1,5,81,98,6,2,1,0,0,0,1,21,40146,1,1,0,0,2,0,62,130,0,0,0,0,0,0,0,0,0,0,85,0,0,0,1,2,35,4,2,2,1,40,3,17,13,99,1,4,1,1,0
21,210494,1,1,2,25,9,12,30,33,0,1,0,21,1,14,443,14443,20,1995,4M2DV11W5SDJ,4,M,2,D,V,1,1,W,5,S,D,J,0,P,MERC,VLR,SV,95,17,3870,,0,1122,,G,,F,6,182,,,15R205,,,,,,0,0,000000000,00000000000,0,0,0,1,0,0,0,0,0,0,0,998,0,0,0,12,12,6,2,35,0,0,0,1,21,40383,6,1,0,0,3,0,70,195,0,0,0,0,0,0,0,0,0,0,0,0,0,0,1,2,98,1,2,2,1,3,3,3,14,1,1,4,14,1,0
21,210495,1,3,1,1,10,13,10,12,2,1,0,21,1,7,442,7442,20,2000,1B4GP54LXYB5,1,B,4,G,P,5,4,L,X,Y,B,5,0,T,DODG,GCL,ES,0,17,,1,0,1193,CAR,G,,,6,230,,,,,3932,00,E,42,0,0,000000000,00000000000,0,0,0,1,0,0,0,0,0,0,0,998,0,0,0,12,12,6,2,12,0,0,0,1,21,40403,6,1,0,0,3,1,59,130,0,0,0,0,0,0,0,0,0,0,0,0,0,0,1,2,55,1,1,2,1,40,3,1,10,1,1,2,50,1,0
21,210495,2,3,1,1,10,13,10,12,2,1,0,21,1,20,481,20481,31,1994,1GCEK14K0RZ1,1,G,C,E,K,1,4,K,0,R,Z,1,0,T,CHEV,GK1,PK,94,17,,2,1315,1175,GM4,G,,,8,350,,,,B,3717,00,,44,0,0,000000000,00000000000,0,0,0,1,0,0,0,0,0,0,0,998,0,0,0,12,12,6,2,12,0,0,0,1,21,40447,6,1,0,0,3,0,68,190,0,0,0,0,0,0,0,0,0,0,0,0,0,0,1,2,55,1,1,2,1,40,3,1,62,1,1,1,51,0,0
21,210495,3,3,1,1,10,13,10,12,2,1,0,21,1,63,402,63402,14,2011,KNDJT2A24B73,K,N,D,J,T,2,A,2,4,B,7,3,0,P,KIA,SOU,UT,11,17,2800,,0,1004,,G,,F,4,122,,,16R205,,,,,,0,0,000000000,00000000000,0,0,0,1,0,0,0,0,0,0,0,998,0,2,5,12,12,6,2,12,0,0,0,1,21,40447,6,1,0,0,3,0,61,135,0,0,0,0,0,0,0,0,0,0,0,0,0,0,1,2,55,1,1,2,1,40,3,1,54,2,2,1,98,0,0
21,210496,1,1,1,2,10,2,34,53,0,1,0,21,2,18,2,18002,4,2000,1G4HR54K6YU2,1,G,4,H,R,5,4,K,6,Y,U,2,0,P,BUIC,LLF,4D,0,17,3591,,0,1122,,G,,F,6,231,,,15R215,,,,,,0,0,000000000,00000000000,0,0,0,1,0,0,0,0,0,0,0,998,0,0,0,12,98,6,2,42,0,0,1,1,21,42101,0,0,0,0,0,0,999,999,0,0,0,0,0,0,0,0,0,0,99,99,99,99,1,2,35,1,1,2,1,40,3,1,13,1,1,4,1,1,0
21,210497,1,2,1,2,10,17,45,12,6,1,0,22,1,23,481,23481,31,2010,3GTRKVE37AG2,3,G,T,R,K,V,E,3,7,A,G,2,0,T,GMC,1NK,CW,10,17,,2,0,1435,SIE,F,,,8,323,,,,B,5346,00,S,44,0,0,000000000,00000000000,0,0,0,1,0,0,0,0,0,0,0,57,0,0,0,12,12,6,2,12,0,0,0,1,22,37042,6,1,0,0,3,0,75,200,0,0,0,3,1,10,2008,3,2010,1,99,99,99,99,1,2,35,1,1,2,1,40,3,1,66,8,1,2,88,0,0
21,210497,2,2,2,2,10,17,45,12,6,1,0,47,1,49,403,49403,14,2004,JTEDP21A1400,J,T,E,D,P,2,1,A,1,4,0,0,0,P,TOYT,HIG,UT,4,17,3650,,0,1069,,G,,F,6,202,,,17R225,,,,,,0,0,000000000,00000000000,0,0,0,1,0,0,0,0,0,0,0,7,0,1,5,9,98,6,2,12,0,0,0,1,47,37040,6,1,0,0,3,0,75,225,0,0,0,0,0,0,0,0,0,0,0,0,0,0,1,2,98,1,1,2,1,20,3,1,17,1,1,1,89,2,0
21,210498,1,1,1,1,10,22,57,8,0,1,0,21,1,37,31,37031,2,1996,1HGEJ6127TL0,1,H,G,E,J,6,1,2,7,T,L,0,0,P,HOND,UCD,CP,96,17,2208,,0,1032,,G,,F,4,097,,,13R175,,,,,,0,0,000000000,00000000000,0,0,0,1,0,0,0,0,0,0,0,998,0,0,0,12,12,2,3,8,0,0,0,1,21,40241,6,1,0,0,3,1,72,165,0,0,0,0,0,0,0,0,0,0,0,0,0,0,5,4,40,1,1,2,1,0,0,1,80,3,2,1,13,0,0
21,210499,1,2,1,3,10,4,50,12,2,1,0,51,1,12,481,12481,31,2003,1FTRF18253NB,1,F,T,R,F,1,8,2,5,3,N,B,0,T,FORD,F15,PK,3,17,,2,1388,1202,COF,G,,,6,256,,,,B,4400,00,U,44,0,0,000000000,00000000000,0,0,0,1,0,0,0,0,0,0,0,998,0,0,0,12,12,6,2,12,0,0,0,1,51,22630,6,1,0,0,3,0,71,210,0,0,0,0,0,0,0,0,0,0,51,0,0,0,2,2,70,2,2,2,1,0,0,14,54,1,1,1,52,1,1
21,210499,2,2,1,3,10,4,50,12,2,1,0,18,3,82,881,82881,66,2000,1FUYDSEB0YDF,1,F,U,Y,D,S,E,B,0,Y,D,F,1,T,FRHT,FLD,TR,0,17,,8,0,0,CON,D,,,6,774,,,,,00000,00,,64,3,57,00121058,5700121058,3,6,1,1,0,0,0,0,0,0,0,998,0,0,0,12,12,6,2,12,0,0,0,1,1,35205,6,1,6,0,3,0,77,185,0,0,0,1,0,10,2009,10,2009,0,0,0,0,0,2,2,70,3,2,2,1,0,0,14,54,3,2,1,52,0,0
21,210500,1,2,1,3,10,7,0,12,6,1,0,21,1,20,36,20036,2,1998,2G1WW12M6W93,2,G,1,W,W,1,2,M,6,W,9,3,0,P,CHEV,MLS,CP,98,17,3239,,0,1075,,G,,F,6,191,,,15R205,,,,,,0,0,000000000,00000000000,0,0,0,1,0,0,0,0,0,0,0,12,0,0,0,7,7,6,2,12,0,0,0,1,21,42048,6,1,0,0,3,1,71,160,0,0,0,0,1,10,2009,10,2009,0,38,0,0,0,1,2,98,1,1,2,1,20,3,11,15,3,2,1,82,0,0
21,210500,2,2,2,3,10,7,0,12,6,1,0,21,1,7,482,7482,31,2006,3D7KS26C56G2,3,D,7,K,S,2,6,C,5,6,G,2,1,T,DODG,S25,PK,6,17,,2,0,1405,RPC,D,,,6,359,,,,C,6446,00,E,44,1,0,000000000,00000000000,0,0,0,1,0,0,0,0,0,0,0,42,0,1,5,12,98,6,2,1,0,0,0,1,21,42025,6,1,0,0,3,0,67,170,0,0,0,0,0,0,0,0,0,0,0,0,0,0,1,2,55,1,1,2,1,40,3,1,67,2,2,1,83,1,0