STATE,ST_CASE,VEH_NO,VE_FORMS,NUMOCCS,DAY,MONTH,HOUR,MINUTE,HARM_EV,MAN_COLL,UNITTYPE,HIT_RUN,REG_STAT,OWNER,MAKE,MODEL,MAK_MOD,BODY_TYP,MOD_YEAR,VIN,VIN_1,VIN_2,VIN_3,VIN_4,VIN_5,VIN_6,VIN_7,VIN_8,VIN_9,VIN_10,VIN_11,VIN_12,TOW_VEH,VINTYPE,VINMAKE,VINA_MOD,VIN_BT,VINMODYR,VIN_LNGT,VIN_WGT,WGTCD_TR,WHLBS_LG,WHLBS_SH,SER_TR,FUELCODE,MCYCL_DS,CARBUR,CYLINDER,DISPLACE,MCYCL_CY,MCYCL_WT,TIRE_SZE,TON_RAT,TRK_WT,TRKWTVAR,VIN_REST,WHLDRWHL,J_KNIFE,MCARR_I1,MCARR_I2,MCARR_ID,GVWR,V_CONFIG,CARGO_BT,HAZ_INV,HAZ_PLAC,HAZ_ID,HAZ_CNO,HAZ_REL,BUS_USE,SPEC_USE,EMER_USE,TRAV_SP,UNDERIDE,ROLLOVER,ROLINLOC,IMPACT1,IMPACT2,DEFORMED,TOWED,M_HARM,VEH_SC1,VEH_SC2,FIRE_EXP,DR_PRES,L_STATE,DR_ZIP,L_STATUS,L_TYPE,CDL_STAT,L_ENDORS,L_COMPL,L_RESTRI,DR_HGT,DR_WGT,PREV_ACC,PREV_SUS,PREV_DWI,PREV_SPD,PREV_OTH,FIRST_MO,FIRST_YR,LAST_MO,LAST_YR,SPEEDREL,DR_SF1,DR_SF2,DR_SF3,DR_SF4,VTRAFWAY,VNUM_LAN,VSPD_LIM,VALIGN,VPROFILE,VPAVETYP,VSURCOND,VTRAFCON,VTCONT_F,P_CRASH1,P_CRASH2,P_CRASH3,PCRASH4,PCRASH5,ACC_TYPE,DEATHS,DR_DRINK
21,210532,1,1,1,20,10,2,50,34,0,1,0,21,1,7,472,7472,30,2003,1D7GG16X43S2,1,D,7,G,G,1,6,X,4,3,S,2,0,T,DODG,SXT,PK,3,17,,1,0,1119,DAK,G,,,6,239,,,,B,3951,00,E,44,0,0,000000000,00000000000,0,0,0,1,0,0,0,0,0,0,0,998,0,1,1,12,98,6,2,42,0,0,0,1,21,42440,6,1,0,0,3,1,67,208,2,0,0,0,0,7,2010,9,2010,1,87,0,0,0,1,2,55,1,1,2,2,0,0,6,6,1,2,4,7,1,0
21,210533,1,1,2,18,10,18,15,1,0,1,0,39,1,20,2,20002,4,2003,2G1WF52E1393,2,G,1,W,F,5,2,E,1,3,9,3,0,P,CHEV,IMP,4D,3,17,3389,,0,1105,,G,,F,6,207,,,16R225,,,,,,0,0,000000000,00000000000,0,0,0,1,0,0,0,0,0,0,0,998,0,2,5,0,13,6,2,42,0,0,0,1,39,45356,6,1,0,0,3,0,67,130,0,0,0,2,0,4,2010,4,2010,0,58,0,0,0,1,2,55,3,1,2,1,40,3,14,9,3,3,4,2,1,1
21,210534,1,1,1,16,10,18,10,23,0,1,0,0,0,99,739,99739,90,9999,000000000000,0,0,0,0,0,0,0,0,0,0,0,0,0,,,,,,,,,,,,,,,,,,,,,,,,,0,0,000000000,00000000000,0,0,0,1,0,0,0,0,0,0,0,998,0,2,5,81,81,4,3,23,0,0,0,1,21,42024,6,1,0,0,1,0,70,185,0,0,0,0,0,0,0,0,0,0,79,0,0,0,4,1,35,1,2,4,1,0,0,1,9,7,2,4,2,1,1
21,210535,1,1,2,16,10,14,16,35,0,1,0,21,1,37,32,37032,2,1991,1HGCB7165MA0,1,H,G,C,B,7,1,6,5,M,A,0,0,P,HOND,AER,CP,91,17,2888,,0,1071,,G,,F,4,132,,,15R195,,,,,,0,0,000000000,00000000000,0,0,0,1,0,0,0,0,0,0,0,60,0,1,5,81,81,6,2,1,0,0,0,1,21,42701,6,1,0,0,3,1,72,160,0,0,0,0,1,4,2011,4,2011,0,58,0,0,0,1,2,55,3,2,2,1,0,0,17,87,8,4,4,7,1,0
21,210536,1,1,1,22,10,1,20,1,0,1,0,21,2,63,402,63402,14,2003,KNDJC7338351,K,N,D,J,C,7,3,3,8,3,5,1,0,P,KIA,SOR,UT,3,17,4255,,0,1067,,G,,F,6,213,,,16R245,,,,,,0,0,000000000,00000000000,0,0,0,1,0,0,0,0,0,0,0,75,0,2,5,0,81,6,2,42,0,0,0,1,21,40229,6,1,0,0,3,0,71,155,1,2,1,0,0,12,2008,11,2010,1,50,0,0,0,2,2,65,1,1,1,1,0,0,1,9,7,3,4,2,1,1
21,210537,1,1,1,23,10,15,50,59,0,1,0,21,1,20,9,20009,2,1994,2G1FP32P1R21,2,G,1,F,P,3,2,P,1,R,2,1,0,P,CHEV,Z28,CV,94,17,3524,,0,1011,,G,,F,8,350,,,16R235,,,,,,0,0,000000000,00000000000,0,0,0,1,0,0,0,0,0,0,0,75,0,1,5,98,98,6,2,1,0,0,0,1,21,42276,6,1,0,0,3,0,63,140,0,0,0,0,0,0,0,0,0,1,0,0,0,0,1,2,55,3,1,2,1,0,0,14,6,1,2,4,2,1,0
21,210538,1,1,1,24,10,6,37,1,0,1,0,21,2,20,402,20402,14,1990,2CNBJ18U9L62,2,C,N,B,J,1,8,U,9,L,6,2,0,P,GEO,GEO,UT,90,17,2238,,0,866,,G,,F,4,097,,,000000,,,,,,0,0,000000000,00000000000,0,0,0,1,0,0,0,0,0,0,0,998,0,2,5,0,0,6,2,1,0,0,0,1,21,40815,6,1,0,0,3,1,71,221,0,0,0,1,0,12,2010,12,2010,0,58,0,0,0,1,2,55,3,2,2,1,0,0,14,8,7,2,4,2,1,1
21,210539,1,1,2,24,10,19,24,35,0,1,0,21,1,55,35,55035,4,2002,KMHDN45D92U4,K,M,H,D,N,4,5,D,9,2,U,4,0,P,HYUN,EST,4D,2,17,2635,,0,1027,,G,,F,4,121,,,15R195,,,,,,0,0,000000000,00000000000,0,0,0,1,0,0,0,0,0,0,0,998,0,1,5,61,61,6,2,1,0,0,0,1,21,42141,6,7,0,0,2,0,69,190,0,0,0,0,0,0,0,0,0,1,0,0,0,0,1,2,55,3,6,2,1,40,3,14,6,9,3,4,2,1,0
21,210540,1,3,1,13,10,20,56,12,6,1,0,21,1,7,482,7482,31,2001,3B7KF237X1G7,3,B,7,K,F,2,3,7,X,1,G,7,0,T,DODG,Q25,4C,1,17,,2,1547,1387,RPC,D,,,6,359,,,,C,5586,01,U,44,0,0,000000000,00000000000,0,0,0,1,0,0,0,0,0,0,0,998,0,0,0,61,98,6,2,12,0,0,0,1,21,40057,6,1,0,0,3,1,63,165,1,1,1,0,0,2,2009,7,2011,0,87,0,0,0,3,2,70,1,1,2,2,0,0,16,5,98,2,2,48,1,0
21,210540,2,3,1,13,10,20,56,12,6,1,0,17,3,82,881,82881,66,2006,1FVXAJBDX6DU,1,F,V,X,A,J,B,D,X,6,D,U,1,T,FRHT,FLD,GL,6,17,,8,0,0,CON,D,,,6,855,,,,,00000,00,,,1,57,00138986,5700138986,3,6,2,1,0,0,0,0,0,0,0,998,0,1,3,12,98,6,2,12,0,0,0,1,13,30238,6,1,6,0,3,0,68,175,98,0,0,0,0,0,0,0,0,0,0,0,0,0,6,1,70,1,1,2,2,0,0,1,61,8,1,1,48,0,0
21,210540,3,3,1,13,10,20,56,12,6,1,0,28,2,51,881,51881,66,1998,4VG7DARHXWN7,4,V,G,7,D,A,R,H,X,W,N,7,1,T,VOLV,VVN,TR,98,17,,8,0,0,VVN,D,,,6,774,,,,,00000,00,,64,1,57,01796449,5701796449,3,6,1,1,0,0,0,0,0,0,0,998,0,0,0,61,10,4,3,12,0,0,0,1,28,39307,6,1,6,0,3,0,70,190,0,0,0,0,0,0,0,0,0,0,0,0,0,0,3,2,70,1,1,2,2,0,0,1,12,8,1,4,98,0,0
21,210541,1,2,1,15,10,7,26,12,6,1,0,21,1,84,883,84883,66,1985,1HSRDJWR5FHB,1,H,S,R,D,J,W,R,5,F,H,B,0,T,INTL,CF0,TR,85,17,,8,1950,1420,C96,D,,,6,855,,,,,13295,01,,64,0,57,00703684,5700703684,3,5,96,1,0,0,0,0,0,0,0,7,0,0,0,8,8,2,3,12,0,0,0,1,21,42453,6,1,6,0,3,0,67,220,0,0,0,0,0,0,0,0,0,0,38,0,0,0,1,2,98,1,2,2,1,20,3,1,17,1,1,1,89,0,0
21,210541,2,2,2,15,10,7,26,12,6,1,0,18,2,49,40,49040,4,1991,4T1SV21E6MU3,4,T,1,S,V,2,1,E,6,M,U,3,0,P,TOYT,CMD,4D,91,17,2734,,0,1024,,G,,F,4,122,,,14R185,,,,,,0,0,000000000,00000000000,0,0,0,1,0,0,0,0,0,0,0,58,0,0,0,12,12,6,2,12,0,0,0,1,21,42431,0,0,0,0,0,0,999,999,0,0,0,0,0,0,0,0,0,0,92,0,0,0,1,2,55,1,2,2,1,40,3,1,66,3,2,1,88,1,0
21,210542,1,2,2,23,10,15,59,12,6,1,0,21,1,37,31,37031,3,1994,2HGEH2367RH5,2,H,G,E,H,2,3,6,7,R,H,5,0,P,HOND,CID,2H,94,17,2115,,0,1013,,G,,F,4,091,,,13R175,,,,,,0,0,000000000,00000000000,0,0,0,1,0,0,0,0,0,0,0,27,0,0,0,10,10,6,2,12,0,0,0,1,21,41091,6,1,0,0,3,0,73,220,0,0,0,0,0,0,0,0,0,0,38,0,0,0,1,2,98,1,2,2,1,20,3,1,17,1,1,1,89,1,0
21,210542,2,2,1,23,10,15,59,12,6,1,0,21,2,12,881,12881,61,1989,2FDLF47M6KCA,2,F,D,L,F,4,7,M,6,K,C,A,0,T,FORD,FSD,CB,89,17,,4,1610,1370,COF,D,,,8,444,,,,E,5035,01,A,42,0,57,02036192,5702036192,2,1,97,1,0,0,0,0,0,0,0,45,0,0,0,12,12,4,3,12,0,0,0,1,21,41091,6,1,0,0,3,0,70,140,0,0,0,0,0,0,0,0,0,0,0,0,0,0,1,2,55,1,2,2,1,4,3,1,66,8,2,1,88,0,0
21,210543,1,1,3,9,10,14,45,35,0,1,0,47,9,12,401,12401,14,1998,1FMZU32E5WUA,1,F,M,Z,U,3,2,E,5,W,U,A,0,P,FORD,EPR,UT,98,17,3911,,0,1115,,G,,F,6,245,,,15R225,,,,,,0,0,000000000,00000000000,0,0,0,1,0,0,0,0,0,0,0,998,0,1,5,12,98,6,2,38,0,0,0,1,99,99999,9,9,99,9,9,9,999,999,99,99,99,99,99,99,9999,99,9999,0,58,0,0,0,1,2,55,3,3,2,1,0,0,17,8,2,3,4,2,1,0
21,210544,1,2,1,25,10,8,53,12,2,1,0,21,1,49,403,49403,14,2004,JTEEP21A1400,J,T,E,E,P,2,1,A,1,4,0,0,0,P,TOYT,HIG,UT,4,17,3927,,0,1069,,G,,F,6,202,,,16R225,,,,,,0,0,000000000,00000000000,0,0,0,1,0,0,0,0,0,0,0,998,0,0,0,12,12,6,2,12,0,0,0,1,21,42718,6,1,0,0,3,0,64,170,0,0,0,0,0,0,0,0,0,0,0,0,0,0,1,2,55,1,1,2,1,0,0,1,10,98,1,2,50,0,0
21,210544,2,2,1,25,10,8,53,12,2,1,0,21,1,6,43,6043,2,1998,4C3AU52N7WE0,4,C,3,A,U,5,2,N,7,W,E,0,0,P,CHRY,SLI,CP,98,17,3093,,0,1037,,G,,F,6,152,,,17R215,,,,,,0,0,000000000,00000000000,0,0,0,1,0,0,0,0,0,0,0,998,0,0,0,12,12,6,2,12,0,0,0,1,21,42718,6,1,0,0,3,0,64,175,0,0,0,0,0,0,0,0,0,0,0,0,0,0,1,2,55,1,2,2,1,0,0,1,62,1,1,1,51,1,0
21,210545,1,2,2,21,10,11,15,12,6,1,0,21,1,18,18,18018,4,1997,1G4NJ52T0VC4,1,G,4,N,J,5,2,T,0,V,C,4,0,P,BUIC,SCL,4D,97,17,2985,,0,1034,,G,,F,4,146,,,14R195,,,,,,0,0,000000000,00000000000,0,0,0,1,0,0,0,0,0,0,0,998,0,0,0,3,98,6,2,12,0,0,0,1,21,41011,6,1,0,0,3,0,65,145,0,0,0,0,0,0,0,0,0,0,38,0,0,0,1,2,98,1,1,2,1,20,3,1,17,1,1,1,87,1,0
21,210545,2,2,1,21,10,11,15,12,6,1,0,21,1,12,17,12017,4,2000,1FAFP55U5YA2,1,F,A,F,P,5,5,U,5,Y,A,2,0,P,FORD,TSS,4D,0,17,3333,,0,1085,,G,,F,6,182,,,16R215,,,,,,0,0,000000000,00000000000,0,0,0,1,0,0,0,0,0,0,0,998,0,0,0,12,12,6,2,12,0,0,0,1,21,41011,6,1,0,0,3,0,62,155,1,0,0,0,0,2,2009,2,2009,0,0,0,0,0,1,2,25,1,1,2,1,0,0,1,66,1,1,1,86,0,0
21,210546,1,2,1,26,10,7,30,12,6,1,0,21,2,64,33,64033,4,2000,KLAVA6924YB2,K,L,A,V,A,6,9,2,4,Y,B,2,0,P,DAEW,LCS,4D,0,17,3119,,0,1051,,G,,F,4,134,,,15R205,,,,,,0,0,000000000,00000000000,0,0,0,1,0,0,0,0,0,0,0,998,0,0,0,4,4,6,2,12,0,0,0,1,21,42728,6,2,0,0,2,0,66,140,0,0,0,0,0,0,0,0,0,0,38,58,0,0,1,2,55,2,2,2,1,0,0,14,9,8,4,2,64,1,0
21,210546,2,2,1,26,10,7,30,12,6,1,0,21,3,20,461,20461,21,2006,1GCGG29V2611,1,G,C,G,G,2,9,V,2,6,1,1,0,T,CHEV,E25,EC,6,17,,2,0,1550,EXP,G,,,8,293,,,,C,5547,00,,42,0,0,000000000,00000000000,0,0,0,1,0,0,0,0,0,0,0,998,0,0,0,12,12,6,2,12,0,0,0,1,21,40109,6,1,0,0,3,0,68,165,1,0,0,0,0,11,2010,11,2010,0,0,0,0,0,1,2,55,3,2,2,1,0,0,14,62,7,1,1,65,0,0
21,210547,1,1,3,17,10,15,32,35,0,1,0,21,2,30,47,30047,3,1998,3VWBB61C4WM0,3,V,W,B,B,6,1,C,4,W,M,0,0,P,VOLK,NBT,2H,98,17,2723,,0,989,,G,,F,4,121,,,16R205,,,,,,0,0,000000000,00000000000,0,0,0,1,0,0,0,0,0,0,0,998,0,1,5,12,98,6,2,35,0,0,0,1,21,40008,6,2,0,0,2,0,64,200,0,0,0,0,0,0,0,0,0,0,58,0,0,0,1,2,55,1,3,2,1,0,0,1,9,1,2,4,2,1,0
21,210548,1,2,1,11,10,19,40,12,6,1,0,18,1,22,2,22002,4,2005,1G2HX52K05U1,1,G,2,H,X,5,2,K,0,5,U,1,0,P,PONT,BVS,4D,5,17,3633,,0,1122,,G,,F,6,231,,,16R225,,,,,,0,0,000000000,00000000000,0,0,0,1,0,0,0,0,0,0,0,12,0,0,0,7,7,2,8,12,0,0,0,1,18,47170,6,1,0,0,3,1,69,270,0,0,0,0,0,0,0,0,0,0,38,0,0,0,1,2,98,1,1,2,1,20,3,11,15,1,1,1,82,0,0
21,210548,2,2,1,11,10,19,40,12,6,1,0,21,2,53,705,53705,80,2006,VTTGM51A5621,V,T,T,G,M,5,1,A,5,6,2,1,0,M,SUZI,GSF,RS,6,17,,,,,,,487,,2,,4,396,,,,,,,0,0,000000000,00000000000,0,0,0,1,0,0,0,0,0,0,0,52,0,0,0,12,12,2,3,12,0,0,0,1,21,40213,6,1,0,0,3,0,73,175,2,0,0,1,0,2,2011,6,2011,0,0,0,0,0,2,2,40,1,1,2,1,0,0,1,67,3,2,1,83,1,0
21,210549,1,2,1,28,10,15,50,12,2,1,0,21,1,20,22,20022,2,2006,1G1AL15F4676,1,G,1,A,L,1,5,F,4,6,7,6,0,P,CHEV,BLT,CP,6,17,2991,,0,1033,,G,,F,4,134,,,15R195,,,,,,0,0,000000000,00000000000,0,0,0,1,0,0,0,0,0,0,0,998,0,0,0,12,12,6,2,12,0,0,0,1,21,40330,6,2,0,0,2,0,63,115,0,0,0,0,0,0,0,0,0,1,87,0,0,0,1,2,55,4,2,2,2,0,0,14,6,1,2,2,50,1,0
21,210549,2,2,3,28,10,15,50,12,2,1,0,21,1,23,8,23008,6,2010,1GKLRKED1AJ1,1,G,K,L,R,K,E,D,1,A,J,1,0,T,GMC,ASL,4W,10,17,,2,0,1189,ACA,G,,,6,220,,,,B,4722,00,S,42,0,0,000000000,00000000000,0,0,0,1,0,0,0,0,0,0,0,998,0,0,0,12,12,6,2,12,0,0,0,1,21,40330,6,1,0,0,3,0,64,116,1,0,0,0,0,12,2008,12,2008,0,87,0,0,0,1,2,55,4,2,2,2,0,0,14,62,1,1,1,51,0,0
21,210550,1,1,4,28,10,21,25,8,0,1,0,21,2,20,22,20022,2,2007,1G1AL15F6771,1,G,1,A,L,1,5,F,6,7,7,1,0,P,CHEV,BLT,CP,7,17,2991,,0,1033,,G,,F,4,134,,,15R195,,,,,,0,0,000000000,00000000000,0,0,0,1,0,0,0,0,0,0,0,998,0,0,0,12,12,6,2,8,0,0,0,1,21,42754,6,1,0,0,3,0,62,107,0,0,0,0,0,0,0,0,0,0,0,0,0,0,5,4,45,1,1,2,1,40,3,1,80,1,1,1,13,0,0
21,210551,1,1,2,7,10,13,22,35,0,1,0,0,0,99,739,99739,90,9999,000000000000,0,0,0,0,0,0,0,0,0,0,0,0,0,,,,,,,,,,,,,,,,,,,,,,,,,0,0,000000000,00000000000,0,0,0,1,0,0,0,0,0,0,0,35,0,1,5,81,98,6,2,42,0,0,0,1,21,41143,0,0,0,0,0,0,999,999,0,0,0,0,0,0,0,0,0,0,0,0,0,0,1,2,45,3,2,2,1,40,3,14,13,1,1,4,1,2,1
21,210552,1,1,1,29,10,20,25,18,0,1,0,21,2,35,43,35043,4,2006,3N1CB51D06L5,3,N,1,C,B,5,1,D,0,6,L,5,0,P,NISS,S18,4D,6,17,2509,,0,998,,G,,F,4,108,,,15R195,,,,,,0,0,000000000,00000000000,0,0,0,1,0,0,0,0,0,0,0,998,0,0,0,12,98,6,2,42,0,0,0,1,21,42765,6,1,0,0,3,0,71,185,2,1,1,0,0,9,2010,4,2011,0,39,0,0,0,1,2,98,1,3,2,1,20,3,1,14,3,2,4,14,1,0
21,210553,1,1,1,31,10,18,35,8,0,1,0,21,3,12,471,12471,30,1997,1FTCR14X8VTA,1,F,T,C,R,1,4,X,8,V,T,A,0,T,FORD,RNS,PC,97,17,,1,0,1250,RNG,G,,,6,245,,,,B,3300,04,E,42,0,0,000000000,00000000000,0,0,0,1,0,0,0,0,0,0,0,998,0,0,0,12,12,2,1,8,0,0,0,1,21,42602,6,1,0,0,3,0,67,220,1,0,0,0,0,5,2011,5,2011,0,0,0,0,0,1,2,55,1,1,2,1,0,0,1,80,1,1,1,13,0,1
21,210554,1,1,2,20,10,13,27,8,0,1,0,21,1,51,42,51042,4,1997,YV1LS564XV13,Y,V,1,L,S,5,6,4,X,V,1,3,0,P,VOLV,GLT,4D,97,17,3267,,0,1049,,G,,T,5,149,,,15R195,,,,,,0,0,000000000,00000000000,0,0,0,1,0,0,0,0,0,0,0,998,0,0,0,12,12,2,3,8,0,0,0,1,21,40207,6,2,0,0,2,1,72,180,2,0,0,0,0,2,2011,4,2011,0,38,0,0,0,1,2,35,1,1,2,2,2,3,11,80,1,1,1,13,0,0
21,210555,1,1,1,27,10,16,28,42,0,1,0,26,2,12,17,12017,4,2001,1FAFP55U81G1,1,F,A,F,P,5,5,U,8,1,G,1,0,P,FORD,TSS,4D,1,17,3343,,0,1085,,G,,F,6,182,,,16R215,,,,,,0,0,000000000,00000000000,0,0,0,1,0,0,0,0,0,0,0,50,0,1,5,98,98,6,2,42,0,0,0,1,21,42757,3,1,0,0,2,0,66,140,0,0,0,0,0,0,0,0,0,0,58,87,0,0,1,2,55,1,2,2,2,40,3,17,5,6,2,4,7,1,1
21,210556,1,1,1,26,10,4,27,8,0,1,0,39,1,49,44,49044,2,2006,4T1CA30P56U0,4,T,1,C,A,3,0,P,5,6,U,0,0,P,TOYT,CEE,CP,6,17,3417,,0,1051,,G,,F,6,201,,,16R215,,,,,,0,0,000000000,00000000000,0,0,0,1,0,0,0,0,0,0,0,998,0,0,0,12,8,2,1,8,0,0,0,1,39,44077,6,1,0,0,3,0,72,225,0,0,0,0,0,0,0,0,0,0,0,0,0,0,2,2,70,1,2,2,1,0,0,1,80,1,1,1,13,0,0
21,210557,1,1,1,10,10,18,38,34,0,1,0,0,0,99,739,99739,90,9999,000000000000,0,0,0,0,0,0,0,0,0,0,0,0,0,,,,,,,,,,,,,,,,,,,,,,,,,0,0,000000000,00000000000,0,0,0,1,0,0,0,0,0,0,0,998,0,1,4,12,98,6,2,99,0,0,0,1,21,40351,6,1,0,0,3,0,70,215,1,0,0,0,0,11,2009,11,2009,0,0,0,0,0,4,1,35,1,3,2,1,0,0,1,13,99,1,4,1,1,1
21,210558,1,2,2,6,6,13,20,12,6,1,0,51,1,12,481,12481,31,2002,1FTRF17222KA,1,F,T,R,F,1,7,2,2,2,K,A,0,T,FORD,F15,PK,2,17,,2,1385,1199,COF,G,,,6,256,,,,B,3990,03,U,42,0,0,000000000,00000000000,0,0,0,1,0,0,0,0,0,0,0,7,0,0,0,61,61,6,2,12,0,0,0,1,51,24603,6,1,0,0,3,1,68,225,0,0,0,0,0,0,0,0,0,0,39,0,0,0,5,2,98,3,3,2,1,20,3,11,15,1,1,1,82,0,0
21,210558,2,2,3,6,6,13,20,12,6,1,0,21,1,12,17,12017,4,2003,1FAFP53U93A1,1,F,A,F,P,5,3,U,9,3,A,1,0,P,FORD,TSE,4D,3,17,3336,,0,1085,,G,,F,6,182,,,16R215,,,,,,0,0,000000000,00000000000,0,0,0,1,0,0,0,0,0,0,0,62,0,0,0,12,12,6,2,12,0,0,0,1,21,41815,6,1,0,0,3,1,63,116,0,0,0,0,0,0,0,0,0,0,0,0,0,0,1,4,55,1,3,2,1,4,3,1,65,3,2,1,83,1,0
21,210559,1,2,1,21,7,15,47,12,2,1,0,21,1,21,22,21022,4,1998,1G3GR62C6W41,1,G,3,G,R,6,2,C,6,W,4,1,0,P,OLDS,AUR,4D,98,17,3967,,0,1138,,G,,F,8,244,,,16R235,,,,,,0,0,000000000,00000000000,0,0,0,1,0,0,0,0,0,0,0,45,0,0,0,12,12,6,2,12,0,0,0,1,21,40380,6,1,0,0,3,2,65,145,1,0,0,0,0,9,2009,9,2009,0,74,0,0,0,1,2,55,1,1,2,1,0,0,1,10,1,1,2,50,0,0
21,210559,2,2,1,21,7,15,47,12,2,1,0,21,1,37,32,37032,4,1996,1HGCD5657TA1,1,H,G,C,D,5,6,5,7,T,A,1,0,P,HOND,UER,4D,96,17,2974,,0,1069,,G,,F,4,132,,,15R195,,,,,,0,0,000000000,00000000000,0,0,0,1,0,0,0,0,0,0,0,55,0,0,0,12,12,6,2,12,0,0,0,1,21,40353,6,1,0,0,3,2,68,210,1,0,0,0,0,3,2009,3,2009,0,74,0,0,0,1,2,55,1,1,2,1,0,0,1,62,1,1,1,51,1,0
21,210560,1,2,1,31,10,8,8,1,0,1,0,21,2,12,881,12881,63,1986,1FDYU90W5GVA,1,F,D,Y,U,9,0,W,5,G,V,A,0,T,FORD,LT9,CC,86,17,,8,2220,1500,COL,D,,,6,855,,,,,13362,05,A,64,0,5,700313459,05700313459,3,2,4,1,0,0,0,0,0,0,0,998,0,2,1,0,12,6,2,12,0,0,0,1,21,42217,6,1,6,0,3,0,69,245,0,0,0,0,0,0,0,0,0,0,58,82,0,0,1,2,55,4,1,2,1,0,0,14,5,98,2,2,98,0,0
21,210560,2,2,1,31,10,8,8,1,0,1,0,21,2,86,881,86881,66,1996,1M1AA18Y5TW0,1,M,1,A,A,1,8,Y,5,T,W,0,1,T,MACK,CH6,TR,96,17,,8,0,0,600,D,,,6,728,,,,,00000,00,,64,1,57,00644612,5700644612,3,6,3,1,0,0,0,0,0,0,0,998,0,0,0,10,10,6,2,12,0,0,0,1,21,42437,6,1,6,0,3,0,69,160,0,0,0,0,0,0,0,0,0,0,0,0,0,0,1,2,55,4,2,2,1,0,0,14,62,98,1,1,98,1,0
21,210561,1,2,1,29,8,17,26,12,2,1,0,21,1,20,481,20481,31,2007,1GCEK14J27Z5,1,G,C,E,K,1,4,J,2,7,Z,5,0,T,CHEV,SK1,PK,7,17,,2,1330,1190,SIL,G,,,8,323,,,,B,4687,01,,44,0,0,000000000,00000000000,0,0,0,1,0,0,0,0,0,0,0,998,0,0,0,12,12,6,2,12,0,0,0,1,21,42746,6,1,0,0,3,0,69,180,0,0,0,0,0,0,0,0,0,0,28,0,0,0,1,2,55,1,3,2,1,0,0,1,10,98,1,2,50,0,0
21,210561,2,2,1,29,8,17,26,12,2,1,0,21,1,20,16,20016,4,2004,1G1JC52F4473,1,G,1,J,C,5,2,F,4,4,7,3,0,P,CHEV,CAV,4D,4,17,2676,,0,1041,,G,,F,4,134,,,14R195,,,,,,0,0,000000000,00000000000,0,0,0,1,0,0,0,0,0,0,0,998,0,0,0,12,12,6,2,12,0,0,0,1,21,42765,6,1,0,0,3,1,71,205,0,0,0,0,0,0,0,0,0,0,0,0,0,0,1,2,55,1,3,2,1,0,0,1,62,98,2,1,51,1,0
21,210562,1,1,1,13,9,9,11,42,0,1,0,21,1,20,471,20471,30,1992,1GCCT19ZXN82,1,G,C,C,T,1,9,Z,X,N,8,2,0,T,CHEV,S14,PC,92,17,,1,0,1229,S,G,,,6,262,,,,B,3360,01,,44,0,0,000000000,00000000000,0,0,0,1,0,0,0,0,0,0,0,55,0,0,0,12,12,6,2,42,0,0,0,1,21,42031,6,1,0,0,3,0,67,160,0,0,0,0,0,0,0,0,0,0,0,0,0,0,1,2,55,3,1,2,1,0,0,14,13,1,1,4,1,1,0
21,210563,1,1,2,30,7,11,56,42,0,1,0,21,1,12,481,12481,31,2010,1FTEW1C84AFA,1,F,T,E,W,1,C,8,4,A,F,A,0,T,FORD,F1S,CW,10,17,,2,1570,1450,COF,G,,,8,281,,,,B,5048,00,7,42,0,0,000000000,00000000000,0,0,0,1,0,0,0,0,0,0,0,998,0,0,0,81,98,6,2,42,0,0,0,1,21,42420,6,1,0,0,3,0,70,250,0,0,0,0,0,0,0,0,0,0,58,0,0,0,1,2,55,3,6,2,1,0,0,14,13,6,1,4,1,1,0
21,210564,1,2,1,2,11,17,35,12,2,1,0,21,1,20,36,20036,2,1995,2G1WW12M5S91,2,G,1,W,W,1,2,M,5,S,9,1,0,P,CHEV,MLS,CP,95,17,3276,,0,1075,,G,,F,6,191,,,15R205,,,,,,0,0,000000000,00000000000,0,0,0,1,0,0,0,0,0,0,0,998,1,0,0,12,12,6,2,12,0,0,0,1,21,41660,6,1,0,0,3,0,67,122,0,0,0,0,1,11,2009,11,2009,0,38,0,0,0,2,4,55,1,1,2,1,40,3,1,10,1,1,2,50,1,0
21,210564,2,2,1,2,11,17,35,12,2,1,0,21,1,2,404,2404,14,2004,1J4GW48S74C4,1,J,4,G,W,4,8,S,7,4,C,4,0,T,JEEP,LCF,4W,4,17,,1,0,1059,GCK,G,,,6,244,,,,,3888,02,E,44,0,0,000000000,00000000000,0,0,0,1,0,0,0,0,0,0,0,998,0,0,0,12,12,6,2,12,0,0,0,1,21,41501,6,1,0,0,3,0,63,130,0,0,0,0,0,0,0,0,0,0,0,0,0,0,2,4,55,1,1,2,1,40,3,1,62,1,1,1,51,0,0
21,210565,1,2,1,2,11,18,18,12,7,1,0,39,2,23,881,23881,63,1999,1GDP7H1CXXJ5,1,G,D,P,7,H,1,C,X,X,J,5,0,T,GMC,7H4,CB,99,17,,8,2810,1450,CSR,D,,,6,439,,,,,00000,00,,42,0,57,00667804,5700667804,3,1,4,1,0,0,0,0,0,0,0,55,0,0,0,61,61,2,3,12,0,0,0,1,39,45171,6,1,6,1,3,1,72,188,1,0,0,0,1,6,2011,7,2011,0,38,0,0,0,3,3,55,1,1,1,1,40,3,15,10,1,1,2,47,0,0