STATE,ST_CASE,VEH_NO,VE_FORMS,NUMOCCS,DAY,MONTH,HOUR,MINUTE,HARM_EV,MAN_COLL,UNITTYPE,HIT_RUN,REG_STAT,OWNER,MAKE,MODEL,MAK_MOD,BODY_TYP,MOD_YEAR,VIN,VIN_1,VIN_2,VIN_3,VIN_4,VIN_5,VIN_6,VIN_7,VIN_8,VIN_9,VIN_10,VIN_11,VIN_12,TOW_VEH,VINTYPE,VINMAKE,VINA_MOD,VIN_BT,VINMODYR,VIN_LNGT,VIN_WGT,WGTCD_TR,WHLBS_LG,WHLBS_SH,SER_TR,FUELCODE,MCYCL_DS,CARBUR,CYLINDER,DISPLACE,MCYCL_CY,MCYCL_WT,TIRE_SZE,TON_RAT,TRK_WT,TRKWTVAR,VIN_REST,WHLDRWHL,J_KNIFE,MCARR_I1,MCARR_I2,MCARR_ID,GVWR,V_CONFIG,CARGO_BT,HAZ_INV,HAZ_PLAC,HAZ_ID,HAZ_CNO,HAZ_REL,BUS_USE,SPEC_USE,EMER_USE,TRAV_SP,UNDERIDE,ROLLOVER,ROLINLOC,IMPACT1,IMPACT2,DEFORMED,TOWED,M_HARM,VEH_SC1,VEH_SC2,FIRE_EXP,DR_PRES,L_STATE,DR_ZIP,L_STATUS,L_TYPE,CDL_STAT,L_ENDORS,L_COMPL,L_RESTRI,DR_HGT,DR_WGT,PREV_ACC,PREV_SUS,PREV_DWI,PREV_SPD,PREV_OTH,FIRST_MO,FIRST_YR,LAST_MO,LAST_YR,SPEEDREL,DR_SF1,DR_SF2,DR_SF3,DR_SF4,VTRAFWAY,VNUM_LAN,VSPD_LIM,VALIGN,VPROFILE,VPAVETYP,VSURCOND,VTRAFCON,VTCONT_F,P_CRASH1,P_CRASH2,P_CRASH3,PCRASH4,PCRASH5,ACC_TYPE,DEATHS,DR_DRINK
21,210630,1,2,1,5,12,10,42,12,6,1,0,21,1,7,472,7472,30,1994,1B7GL23Y2RS5,1,B,7,G,L,2,3,Y,2,R,S,5,0,T,DODG,DAK,PC,94,17,,1,0,1309,DAK,G,,,8,318,,,,B,3472,00,B,42,0,0,000000000,00000000000,0,0,0,1,0,0,0,0,0,0,0,15,0,0,0,82,82,6,2,12,0,0,0,1,21,42001,6,1,0,0,3,0,73,260,0,1,1,0,0,2,2011,2,2011,0,38,0,0,0,5,4,55,1,1,2,2,0,0,11,16,1,1,2,68,1,0
21,210630,2,2,1,5,12,10,42,12,6,1,0,21,1,12,422,12422,15,2003,1FMPU18L43LA,1,F,M,P,U,1,8,L,4,3,L,A,0,P,FORD,EPT,UT,3,17,5686,,0,1191,,G,,F,8,330,,,17R265,,,,,,0,0,000000000,00000000000,0,0,0,1,0,0,0,0,0,0,0,55,0,0,0,12,12,6,2,12,0,0,0,1,21,42066,6,1,0,0,3,0,67,170,0,0,0,0,0,0,0,0,0,0,0,0,0,0,5,4,55,1,1,2,2,0,0,1,62,2,1,1,69,0,0
21,210631,1,2,4,6,12,16,50,12,2,1,0,21,2,12,471,12471,30,1993,1FTCR10A5PTA,1,F,T,C,R,1,0,A,5,P,T,A,0,T,FORD,RNG,PK,93,17,,1,1139,1079,RNG,G,,,4,140,,,,B,2918,01,A,42,0,0,000000000,00000000000,0,0,0,1,0,0,0,0,0,0,0,998,0,9,1,12,98,6,2,12,0,0,0,1,21,40447,1,1,0,0,2,0,61,130,0,1,0,0,0,8,2011,8,2011,1,58,0,0,0,1,2,45,1,1,2,2,0,0,1,10,98,1,2,50,1,0
21,210631,2,2,1,6,12,16,50,12,2,1,0,21,1,63,441,63441,20,2002,KNDUP1318263,K,N,D,U,P,1,3,1,8,2,6,3,0,P,KIA,SED,SV,2,17,4709,,0,1145,,G,,F,6,213,,,15R215,,,,,,0,0,000000000,00000000000,0,0,0,1,0,0,0,0,0,0,0,998,0,0,0,12,12,6,2,12,0,0,0,1,21,40447,6,1,0,0,3,0,72,200,2,0,0,0,0,12,2009,7,2011,0,0,0,0,0,1,2,45,1,1,2,2,0,0,1,62,98,1,1,51,0,0
21,210632,1,1,2,5,12,20,17,24,0,1,0,21,2,12,401,12401,14,1996,1FMDU34XXTUC,1,F,M,D,U,3,4,X,X,T,U,C,0,P,FORD,EPR,UT,96,17,4189,,0,1115,,G,,F,6,245,,,15R225,,,,,,0,0,000000000,00000000000,0,0,0,1,0,0,0,0,0,0,0,52,0,1,5,12,98,6,2,24,0,0,0,1,21,41071,1,1,0,0,2,0,66,117,0,1,0,0,0,6,2011,6,2011,0,0,0,0,0,3,4,65,4,1,1,2,40,3,14,5,98,7,4,2,1,1
21,210633,1,2,3,7,12,6,23,12,2,1,0,21,2,12,481,12481,31,2006,1FTPW14V76FB,1,F,T,P,W,1,4,V,7,6,F,B,0,T,FORD,F1S,CW,6,17,,2,1500,1390,COF,F,,,8,329,,,,B,5476,01,E,44,0,0,000000000,00000000000,0,0,0,1,0,0,0,0,0,0,0,47,0,0,0,12,12,6,2,12,0,0,0,1,21,40475,6,1,0,0,3,0,71,170,0,0,0,0,0,0,0,0,0,0,38,33,51,0,1,2,55,3,2,2,1,0,0,6,54,6,1,1,52,0,0
21,210633,2,2,1,7,12,6,23,12,2,1,0,21,1,23,471,23471,30,1994,1GTCS14Z1R85,1,G,T,C,S,1,4,Z,1,R,8,5,0,T,GMC,SON,PK,94,17,,1,1179,1083,SON,G,,,6,262,,,,B,2931,00,A,42,0,0,000000000,00000000000,0,0,0,1,0,0,0,0,0,0,0,50,0,0,0,12,12,6,2,12,0,0,0,1,21,42164,6,1,0,0,3,1,73,170,0,0,0,0,0,0,0,0,0,0,0,0,0,0,1,2,55,2,2,2,1,0,0,14,54,7,1,1,52,1,0
21,210634,1,2,1,6,12,16,41,12,8,1,0,34,2,62,421,62421,15,1999,SALPA1243XA4,S,A,L,P,A,1,2,4,3,X,A,4,0,T,LNDR,LSS,4W,99,17,,2,0,1081,RRV,G,,,8,241,,,,,4960,00,E,44,0,0,000000000,00000000000,0,0,0,1,0,0,0,0,0,0,0,40,0,0,0,62,62,6,2,12,0,0,0,1,12,40228,6,1,0,0,3,0,67,180,0,0,0,0,0,0,0,0,0,1,0,0,0,0,1,2,35,2,1,2,1,0,0,14,10,1,1,2,64,0,0
21,210634,2,2,2,6,12,16,41,12,8,1,0,21,2,30,40,30040,4,2002,3VWSB69M82M0,3,V,W,S,B,6,9,M,8,2,M,0,0,P,VOLK,JGS,4D,2,17,2833,,0,989,,G,,F,4,121,,,15R195,,,,,,0,0,000000000,00000000000,0,0,0,1,0,0,0,0,0,0,0,30,0,0,0,61,61,6,2,12,0,0,0,1,21,40219,6,1,0,0,3,0,66,135,0,0,0,0,0,0,0,0,0,0,0,0,0,0,1,2,35,1,1,2,1,0,0,1,62,1,1,1,65,1,0
21,210635,1,2,1,8,12,10,58,12,6,1,0,21,1,21,21,21021,4,2004,1G3NL52E44C1,1,G,3,N,L,5,2,E,4,4,C,1,0,P,OLDS,A/G,4D,4,17,2950,,0,1070,,G,,F,6,207,,,15R215,,,,,,0,0,000000000,00000000000,0,0,0,1,0,0,0,0,0,0,0,10,0,0,0,61,61,6,2,12,0,0,0,1,21,40108,6,1,0,0,3,0,67,240,1,0,0,0,0,9,2010,9,2010,0,38,0,0,0,1,2,55,1,2,2,1,20,3,1,16,1,1,1,89,1,0
21,210635,2,2,1,8,12,10,58,12,6,1,0,21,1,20,401,20401,14,2002,1GNDS13S4224,1,G,N,D,S,1,3,S,4,2,2,4,0,P,CHEV,TRL,UT,2,17,4442,,0,1130,,G,,F,6,256,,,16R245,,,,,,0,0,000000000,00000000000,0,0,0,1,0,0,0,0,0,0,0,55,0,0,0,12,12,6,2,12,0,0,0,1,21,40117,6,1,0,0,3,0,69,250,0,0,0,0,0,0,0,0,0,0,0,0,0,0,1,2,55,1,2,2,1,0,0,1,65,98,2,1,88,0,0
21,210636,1,1,1,8,12,9,35,42,0,1,0,21,1,2,404,2404,14,1999,1J4FF68S8XL6,1,J,4,F,F,6,8,S,8,X,L,6,0,T,JEEP,SPC,4W,99,17,,1,0,1014,CHK,G,,,6,242,,,,,3255,00,E,44,0,0,000000000,00000000000,0,0,0,1,0,0,0,0,0,0,0,998,0,0,0,9,9,2,3,42,0,0,0,1,21,41339,6,1,0,0,3,0,66,145,0,0,0,0,0,0,0,0,0,0,58,87,0,0,1,2,55,3,1,2,4,0,0,14,13,3,2,4,7,1,0
21,210637,1,1,3,10,12,2,10,30,0,1,0,21,1,20,37,20037,4,2000,1G1ND52J4Y61,1,G,1,N,D,5,2,J,4,Y,6,1,0,P,CHEV,MAL,4D,0,17,3051,,0,1070,,G,,F,6,191,,,15R215,,,,,,0,0,000000000,00000000000,0,0,0,1,0,0,0,0,0,0,0,87,0,0,0,81,81,6,2,30,0,0,0,1,21,41097,6,1,0,0,3,1,65,120,1,0,0,0,0,12,2008,12,2008,1,91,92,0,0,1,2,55,3,1,2,1,0,0,14,13,98,1,4,1,2,1
21,210638,1,2,1,3,12,12,30,12,2,1,0,21,1,12,471,12471,30,1994,1FTCR11X3RUA,1,F,T,C,R,1,1,X,3,R,U,A,0,T,FORD,RNG,PK,94,17,,1,1140,1080,RNG,G,,,6,245,,,,B,00000,00,A,44,0,0,000000000,00000000000,0,0,0,1,0,0,0,0,0,0,0,55,0,1,1,12,98,6,2,12,0,0,1,1,21,42044,6,1,0,0,3,0,72,190,3,0,0,0,0,4,2010,11,2011,9,0,0,0,0,1,2,45,1,1,2,1,0,0,1,10,1,1,2,50,1,0
21,210638,2,2,1,3,12,12,30,12,2,1,0,17,1,30,40,30040,4,2005,3VWDF71K25M6,3,V,W,D,F,7,1,K,2,5,M,6,0,P,VOLK,OP2,4D,5,17,3118,,0,1015,,G,,F,5,151,,,16R205,,,,,,0,0,000000000,00000000000,0,0,0,1,0,0,0,0,0,0,0,10,0,0,0,12,12,6,2,12,0,0,0,1,17,60442,6,1,0,0,3,1,68,135,0,0,0,0,0,0,0,0,0,0,0,0,0,0,1,2,45,1,1,2,1,0,0,1,62,9,1,1,51,0,0
21,210639,1,1,1,11,12,6,50,35,0,1,0,21,1,12,17,12017,4,2000,1FAFP53U0YG1,1,F,A,F,P,5,3,U,0,Y,G,1,0,P,FORD,TSE,4D,0,17,3333,,0,1085,,G,,F,6,182,,,16R215,,,,,,0,0,000000000,00000000000,0,0,0,1,0,0,0,0,0,0,0,998,0,1,5,12,12,6,2,35,0,0,0,1,21,40865,6,1,0,0,3,0,66,185,0,0,0,0,0,0,0,0,0,0,0,0,0,0,1,2,55,1,1,2,1,0,0,1,12,1,1,4,6,1,0
21,210640,1,3,1,16,12,8,5,12,6,1,0,18,1,53,402,53402,14,2002,JS3TX92V7241,J,S,3,T,X,9,2,V,7,2,4,1,0,P,SUZI,XL7,UT,2,17,3682,,0,1102,,G,,F,6,167,,,16R235,,,,,,0,0,000000000,00000000000,0,0,0,1,0,0,0,0,0,0,0,80,0,0,0,12,98,6,2,12,0,0,0,1,18,46902,6,1,0,0,3,0,62,135,0,0,0,1,0,4,2011,4,2011,1,58,79,0,0,2,2,70,1,1,2,2,0,0,1,12,1,1,6,66,1,0
21,210640,2,3,1,16,12,8,5,12,6,1,0,18,1,82,881,82881,66,2007,1FUJAPCK07DX,1,F,U,J,A,P,C,K,0,7,D,X,1,T,FRHT,FL3,TR,7,17,,8,0,0,CON,D,,,6,855,,,,,00000,00,,64,1,57,01158281,5701158281,3,6,1,1,0,0,0,0,0,0,0,65,0,0,0,7,98,6,2,12,0,0,0,1,18,47591,6,1,6,0,3,0,75,200,0,0,0,0,0,0,0,0,0,0,79,0,0,0,2,2,70,1,1,2,2,0,0,1,62,1,1,2,66,0,0
21,210640,3,3,1,16,12,8,5,12,6,1,0,21,1,35,471,35471,30,1995,1N6HD16YXSC4,1,N,6,H,D,1,6,Y,X,S,C,4,0,T,NISS,KSX,PC,95,17,,1,0,1161,TRK,G,,,6,181,,,,B,3771,01,A,44,0,0,000000000,00000000000,0,0,0,1,0,0,0,0,0,0,0,65,0,0,0,7,98,2,8,12,0,0,0,1,21,42240,6,1,0,0,3,1,70,210,0,0,0,0,0,0,0,0,0,0,79,0,0,0,2,2,70,1,1,2,2,0,0,1,62,1,1,2,98,0,0
21,210641,1,3,1,16,12,8,49,12,2,1,0,21,1,18,2,18002,4,2000,1G4HP54K5YU2,1,G,4,H,P,5,4,K,5,Y,U,2,0,P,BUIC,LCF,4D,0,17,3567,,0,1122,,G,,F,6,231,,,15R215,,,,,,0,0,000000000,00000000000,0,0,0,1,0,0,0,0,0,0,0,998,0,0,0,12,12,6,2,12,0,0,0,1,21,42765,6,1,0,0,3,0,68,160,2,0,0,0,0,4,2010,5,2010,0,87,0,0,0,1,2,55,1,1,2,2,0,0,1,5,98,2,2,50,1,0
21,210641,2,3,1,16,12,8,49,12,2,1,0,21,3,20,473,20473,30,2006,1GCDT1968682,1,G,C,D,T,1,9,6,8,6,8,2,0,T,CHEV,RDO,4C,6,17,,1,0,1260,CAL,G,,,5,214,,,,,3468,00,,44,0,0,000000000,00000000000,0,0,0,1,0,0,0,0,0,0,0,998,0,1,5,12,12,6,2,12,0,0,0,1,21,42129,6,1,6,0,3,0,71,180,0,0,0,0,0,0,0,0,0,0,0,0,0,0,1,2,55,1,1,2,2,0,0,1,62,7,1,1,51,0,0
21,210641,3,3,1,16,12,8,49,12,2,1,0,40,3,82,881,82881,66,2008,1FUJBBCK78LZ,1,F,U,J,B,B,C,K,7,8,L,Z,1,T,FRHT,ST2,TR,8,17,,8,0,0,CON,D,,,6,855,,,,,00000,00,,64,1,57,00080806,5700080806,3,6,97,1,0,0,0,0,0,0,0,998,0,0,0,12,12,6,2,42,0,0,0,1,21,42746,6,1,6,0,3,0,67,200,0,0,0,0,0,0,0,0,0,0,0,0,0,0,1,2,55,1,1,2,2,0,0,1,62,9,1,1,98,0,0
21,210642,1,2,1,18,12,0,30,12,6,1,0,21,2,22,20,22020,4,2001,1G2WP52K01F1,1,G,2,W,P,5,2,K,0,1,F,1,0,P,PONT,GPG,4D,1,17,3496,,0,1105,,G,,F,6,231,,,16R225,,,,,,0,0,000000000,00000000000,0,0,0,1,0,0,0,0,0,0,0,998,0,0,0,61,61,6,2,12,0,0,0,1,21,40511,6,1,0,0,3,1,72,150,1,0,0,0,0,5,2011,5,2011,0,0,0,0,0,1,2,98,2,1,2,1,20,3,11,15,98,1,1,82,1,0
21,210642,2,2,2,18,12,0,30,12,6,1,0,21,2,20,36,20036,2,2003,2G1WX12K1392,2,G,1,W,X,1,2,K,1,3,9,2,0,P,CHEV,MSS,CP,3,17,3395,,0,1105,,G,,F,6,231,,,16R225,,,,,,0,0,000000000,00000000000,0,0,0,1,0,0,0,0,0,0,0,998,0,0,0,12,12,6,2,12,0,0,0,1,21,41522,6,1,0,0,3,0,68,120,2,0,0,0,0,3,2010,9,2010,0,0,0,0,0,1,2,45,1,1,2,1,0,0,1,67,98,1,1,83,0,0
21,210643,1,1,1,18,12,3,43,35,0,1,0,21,1,12,481,12481,31,2006,1FTPW14566FB,1,F,T,P,W,1,4,5,6,6,F,B,0,T,FORD,F1S,CW,6,17,,2,1500,1390,COF,G,,,8,329,,,,B,5476,01,E,44,0,0,000000000,00000000000,0,0,0,1,0,0,0,0,0,0,0,70,0,0,0,12,12,6,2,42,0,0,1,1,21,40004,6,1,0,0,3,0,76,160,2,0,0,0,1,9,2010,9,2011,1,0,0,0,0,1,2,55,2,2,2,1,0,0,14,12,1,1,4,6,1,0
21,210644,1,1,1,18,12,4,30,42,0,1,0,21,1,12,481,12481,31,1986,2FTEF15N4GCA,2,F,T,E,F,1,5,N,4,G,C,A,0,T,FORD,F15,PK,86,17,,2,1330,1170,COF,G,,,8,302,,,,B,4013,00,A,42,0,0,000000000,00000000000,0,0,0,1,0,0,0,0,0,0,0,55,0,0,0,12,12,6,2,42,0,0,0,1,21,42025,6,1,8,0,3,0,70,212,0,0,0,0,0,0,0,0,0,0,0,0,0,0,1,2,55,2,1,2,1,40,3,14,12,1,1,4,6,1,0
21,210645,1,1,1,18,12,5,30,35,0,1,0,21,1,20,471,20471,30,1998,1GCCS1442W81,1,G,C,C,S,1,4,4,2,W,8,1,0,T,CHEV,S14,PK,98,17,,1,1179,1083,S,G,,,4,133,,,,B,3003,00,,42,0,0,000000000,00000000000,0,0,0,1,0,0,0,0,0,0,0,998,0,1,5,62,62,6,2,35,0,0,0,1,21,40456,6,1,0,0,3,0,69,150,0,0,0,0,1,10,2011,10,2011,0,0,0,0,0,1,2,45,1,2,2,1,0,0,1,12,1,1,4,6,1,1
21,210646,1,4,1,19,12,15,35,12,2,1,0,21,2,37,31,37031,2,1996,1HGEJ612XTL0,1,H,G,E,J,6,1,2,X,T,L,0,0,P,HOND,UCD,CP,96,17,2208,,0,1032,,G,,F,4,097,,,13R175,,,,,,0,0,000000000,00000000000,0,0,0,1,0,0,0,0,0,0,0,998,0,0,0,12,98,6,2,12,0,0,0,1,21,40175,6,1,0,0,3,1,70,298,0,0,0,0,0,0,0,0,0,0,0,0,0,0,1,4,55,1,2,2,2,0,0,1,10,1,1,2,50,1,0
21,210646,2,4,1,19,12,15,35,12,2,1,0,21,1,37,32,37032,4,2005,1HGCM568X5A0,1,H,G,C,M,5,6,8,X,5,A,0,0,P,HOND,UEX,4D,5,17,3203,,0,1079,,G,,F,4,146,,,16R205,,,,,,0,0,000000000,00000000000,0,0,0,1,0,0,0,0,0,0,0,998,0,0,0,12,98,6,2,12,0,0,0,1,21,40108,6,1,0,0,3,1,64,125,0,0,0,0,0,0,0,0,0,0,0,0,0,0,1,2,55,1,2,2,2,0,0,1,62,1,1,1,51,0,0
21,210646,3,4,1,19,12,15,35,12,2,1,0,21,1,7,880,7880,67,2004,3D7MU48CX4G2,3,D,7,M,U,4,8,C,X,4,G,2,0,T,DODG,SQ3,CW,4,17,,3,0,1600,RPC,D,,,6,359,,,,D,6751,00,E,44,0,88,888888888,88888888888,2,1,97,1,0,0,0,0,0,0,0,998,0,0,0,63,63,4,3,12,0,0,0,1,21,40108,6,1,0,0,3,0,62,110,0,0,0,0,0,0,0,0,0,0,0,0,0,0,1,2,55,1,2,2,2,0,0,1,60,1,1,1,98,0,0
21,210646,4,4,1,19,12,15,35,12,2,1,0,21,1,12,37,12037,4,2000,1FAFP33PXYW2,1,F,A,F,P,3,3,P,X,Y,W,2,0,P,FORD,FOX,4D,0,17,2564,,0,1030,,G,,F,4,122,,,14R185,,,,,,0,0,000000000,00000000000,0,0,0,1,0,0,0,0,0,0,0,998,0,0,0,12,98,2,1,12,0,0,0,1,21,40291,6,1,0,0,3,1,67,185,0,0,0,0,0,0,0,0,0,0,0,0,0,0,1,2,55,1,2,2,2,0,0,1,62,1,1,1,98,0,0
21,210647,1,1,2,1,12,16,6,15,0,1,0,21,1,22,22,22022,4,2007,1G2ZG58NX742,1,G,2,Z,G,5,8,N,X,7,4,2,0,P,PONT,6BS,4D,7,17,3305,,0,1123,,G,,F,6,214,,,17R225,,,,,,0,0,000000000,00000000000,0,0,0,1,0,0,0,0,0,0,0,30,0,0,0,12,12,4,1,15,0,0,0,1,21,42167,6,1,0,0,3,0,64,135,0,0,0,0,0,0,0,0,0,0,0,0,0,0,1,2,35,1,2,2,1,0,0,1,83,2,1,1,13,0,0
21,210648,1,1,2,1,12,23,45,1,0,1,0,21,2,22,8,22008,2,2005,6G2VX12U35L4,6,G,2,V,X,1,2,U,3,5,L,4,0,P,PONT,GTO,CP,5,17,3725,,0,1098,,G,,F,8,366,,,17R245,,,,,,0,0,000000000,00000000000,0,0,0,1,0,0,0,0,0,0,0,60,0,2,5,0,98,6,2,42,0,0,0,1,21,42071,6,1,0,0,3,0,68,145,0,0,0,0,0,0,0,0,0,1,0,0,0,0,1,2,45,4,2,2,1,0,0,14,13,98,1,4,1,1,1
21,210649,1,1,1,11,12,13,5,19,0,1,0,21,1,20,19,20019,2,1992,1G1LV13T0NY1,1,G,1,L,V,1,3,T,0,N,Y,1,0,P,CHEV,BER,CP,92,17,2649,,0,1034,,G,,F,6,191,,,14R185,,,,,,0,0,000000000,00000000000,0,0,0,1,0,0,0,0,0,0,0,998,0,0,0,12,12,6,2,19,0,0,0,1,21,40218,6,1,0,0,3,0,63,130,0,0,0,0,0,0,0,0,0,0,0,0,0,0,5,4,35,1,1,2,1,0,0,1,12,1,1,4,6,1,0
21,210650,1,2,1,12,12,7,34,12,2,1,0,21,1,20,22,20022,2,2008,1G1AL18F2871,1,G,1,A,L,1,8,F,2,8,7,1,0,P,CHEV,BLT,CP,8,17,2991,,0,1033,,G,,F,4,134,,,15R195,,,,,,0,0,000000000,00000000000,0,0,0,1,0,0,0,0,0,0,0,998,0,0,0,12,12,6,2,12,0,0,0,1,21,42159,6,1,0,0,3,0,63,145,0,0,0,0,0,0,0,0,0,0,0,0,0,0,1,2,55,2,1,2,1,40,3,14,10,1,1,2,50,1,0
21,210650,2,2,2,12,12,7,34,12,2,1,0,47,1,20,403,20403,14,2005,1GNDT13S8521,1,G,N,D,T,1,3,S,8,5,2,1,0,P,CHEV,TRL,UT,5,17,4612,,0,1130,,G,,F,6,256,,,16R245,,,,,,0,0,000000000,00000000000,0,0,0,1,0,0,0,0,0,0,0,998,0,0,0,12,12,6,2,12,0,0,0,1,47,37138,6,1,0,0,3,1,71,240,0,0,0,1,0,8,2011,8,2011,0,0,0,0,0,1,2,55,3,1,2,1,40,3,14,62,1,1,1,51,0,0
21,210651,1,1,1,22,12,7,30,1,0,1,0,21,2,30,47,30047,3,1998,3VWBB61C1WM0,3,V,W,B,B,6,1,C,1,W,M,0,0,P,VOLK,NBT,2H,98,17,2723,,0,989,,G,,F,4,121,,,16R205,,,,,,0,0,000000000,00000000000,0,0,0,1,0,0,0,0,0,0,0,998,0,2,5,0,13,6,2,42,0,0,0,1,21,42718,6,1,0,0,3,1,70,175,0,0,0,0,0,0,0,0,0,0,0,0,0,0,1,2,55,1,1,2,1,0,0,1,13,1,1,4,1,1,1
21,210652,1,1,1,22,12,7,40,59,0,1,0,21,1,12,481,12481,31,2005,1FTRF12205NB,1,F,T,R,F,1,2,2,0,5,N,B,0,T,FORD,F15,PK,5,17,,2,1450,1260,COF,G,,,6,256,,,,B,4615,02,U,42,0,0,000000000,00000000000,0,0,0,1,0,0,0,0,0,0,0,998,0,1,5,12,98,6,2,1,0,0,0,1,21,41339,6,1,0,0,3,0,71,228,0,0,0,0,0,0,0,0,0,0,0,0,0,0,1,2,55,1,1,2,1,0,0,1,13,6,1,4,1,1,0
21,210653,1,2,2,23,12,2,9,12,6,1,0,21,2,54,421,54421,15,2001,2HNYD18671H5,2,H,N,Y,D,1,8,6,7,1,H,5,0,P,ACUR,MDX,UT,1,17,4383,,0,1063,,G,,F,6,212,,,17R235,,,,,,0,0,000000000,00000000000,0,0,0,1,0,0,0,0,0,0,0,998,0,0,0,82,82,6,2,12,0,0,0,1,21,40210,6,1,0,0,3,0,77,205,0,1,0,0,1,9,2011,10,2011,0,0,0,0,0,1,2,55,1,1,2,2,0,0,1,9,98,9,2,64,1,0
21,210653,2,2,1,23,12,2,9,12,6,1,0,21,2,14,401,14401,14,2003,4M2DU86W03ZJ,4,M,2,D,U,8,6,W,0,3,Z,J,0,P,MERC,MOU,UT,3,17,4170,,0,1138,,G,,F,8,281,,,16R245,,,,,,0,0,000000000,00000000000,0,0,0,1,0,0,0,0,0,0,0,998,0,0,0,12,12,6,2,12,0,0,0,1,21,40601,6,1,0,0,3,1,71,173,0,0,0,1,0,7,2010,7,2010,0,0,0,0,0,1,2,55,1,1,2,2,0,0,1,62,1,1,1,65,0,0
21,210654,1,1,1,24,12,9,25,42,0,1,0,51,1,49,401,49401,14,1994,JT3VN39WXR01,J,T,3,V,N,3,9,W,X,R,0,1,0,P,TOYT,RUN,UT,94,17,4165,,0,1033,,G,,F,6,180,,,15R225,,,,,,0,0,000000000,00000000000,0,0,0,1,0,0,0,0,0,0,0,998,0,0,0,12,12,6,2,42,0,0,0,1,51,24523,6,1,0,0,3,0,75,219,0,0,0,0,0,0,0,0,0,0,0,0,0,0,1,2,35,3,1,2,2,40,3,14,12,1,1,4,6,1,0
21,210655,1,3,1,25,12,14,50,12,1,1,0,21,2,35,49,35049,6,2007,JN8AZ08W87W6,J,N,8,A,Z,0,8,W,8,7,W,6,0,P,NISS,MUR,UT,7,17,3855,,0,1112,,G,,F,6,213,,,000000,,,,,,0,0,000000000,00000000000,0,0,0,1,0,0,0,0,0,0,0,85,0,1,1,6,98,6,2,12,0,0,0,1,21,42103,6,2,0,0,3,0,77,195,0,0,0,0,0,0,0,0,0,1,58,0,0,0,2,2,70,1,1,2,1,0,0,1,12,98,4,6,98,0,0
21,210655,2,3,2,25,12,14,50,12,1,1,0,21,1,18,7,18007,4,2002,2G4WS52J2212,2,G,4,W,S,5,2,J,2,2,1,2,0,P,BUIC,CCU,4D,2,17,3368,,0,1090,,G,,F,6,191,,,15R205,,,,,,0,0,000000000,00000000000,0,0,0,1,0,0,0,0,0,0,0,70,0,0,0,12,12,6,2,12,0,0,0,1,21,42261,6,1,0,0,3,0,73,200,0,0,0,0,0,0,0,0,0,0,0,0,0,0,2,2,70,1,1,2,1,0,0,1,64,98,1,1,98,1,0
21,210655,3,3,3,25,12,14,50,12,1,1,0,21,1,49,40,49040,4,1999,4T1BG22K5XU4,4,T,1,B,G,2,2,K,5,X,U,4,0,P,TOYT,UEX,4D,99,17,2998,,0,1051,,G,,F,4,132,,,14R195,,,,,,0,0,000000000,00000000000,0,0,0,1,0,0,0,0,0,0,0,70,0,0,0,12,12,6,2,12,0,0,0,1,21,42261,6,1,0,0,3,0,67,195,0,0,0,0,0,0,0,0,0,0,0,0,0,0,2,2,70,1,1,2,1,0,0,1,64,98,2,1,98,0,0
21,210656,1,2,1,26,12,11,10,12,2,1,0,21,1,20,421,20421,15,1997,1GNEK13R1VJ3,1,G,N,E,K,1,3,R,1,V,J,3,0,P,CHEV,KTA,UT,97,17,5225,,0,1175,,G,,F,8,350,,,15R235,,,,,,0,0,000000000,00000000000,0,0,0,1,0,0,0,0,0,0,0,998,0,0,0,12,98,6,2,12,0,0,0,1,21,42127,6,1,0,0,3,0,76,250,0,0,0,0,0,0,0,0,0,0,0,0,0,0,1,2,55,2,5,2,1,40,3,14,10,1,1,2,50,1,0
21,210656,2,2,1,26,12,11,10,12,2,1,0,21,1,12,481,12481,31,1998,1FTZX08W8WKC,1,F,T,Z,X,0,8,W,8,W,K,C,1,T,FORD,F15,3C,98,17,,1,0,1390,COF,G,,,8,281,,,,B,00000,00,E,44,3,0,000000000,00000000000,0,0,0,1,0,0,0,0,0,0,0,998,0,0,0,12,98,6,2,12,0,0,0,1,21,42765,6,1,0,0,3,0,70,180,1,0,0,0,0,11,2010,11,2010,0,0,0,0,0,1,2,55,2,6,2,1,40,3,14,62,9,2,1,51,0,0
21,210657,1,1,1,27,12,21,15,42,0,1,0,21,1,22,18,22018,4,2005,1G2NE52E55M1,1,G,2,N,E,5,2,E,5,5,M,1,0,P,PONT,GAS,4D,5,17,3066,,0,1070,,G,,F,6,207,,,15R215,,,,,,0,0,000000000,00000000000,0,0,0,1,0,0,0,0,0,0,0,998,0,0,0,3,3,6,2,42,0,0,0,1,21,40484,6,1,0,0,3,0,72,210,0,0,0,0,0,0,0,0,0,1,87,0,0,0,1,2,55,3,2,2,2,40,3,14,13,1,1,4,1,1,1