STATE,ST_CASE,VEH_NO,VE_FORMS,NUMOCCS,DAY,MONTH,HOUR,MINUTE,HARM_EV,MAN_COLL,UNITTYPE,HIT_RUN,REG_STAT,OWNER,MAKE,MODEL,MAK_MOD,BODY_TYP,MOD_YEAR,VIN,VIN_1,VIN_2,VIN_3,VIN_4,VIN_5,VIN_6,VIN_7,VIN_8,VIN_9,VIN_10,VIN_11,VIN_12,TOW_VEH,VINTYPE,VINMAKE,VINA_MOD,VIN_BT,VINMODYR,VIN_LNGT,VIN_WGT,WGTCD_TR,WHLBS_LG,WHLBS_SH,SER_TR,FUELCODE,MCYCL_DS,CARBUR,CYLINDER,DISPLACE,MCYCL_CY,MCYCL_WT,TIRE_SZE,TON_RAT,TRK_WT,TRKWTVAR,VIN_REST,WHLDRWHL,J_KNIFE,MCARR_I1,MCARR_I2,MCARR_ID,GVWR,V_CONFIG,CARGO_BT,HAZ_INV,HAZ_PLAC,HAZ_ID,HAZ_CNO,HAZ_REL,BUS_USE,SPEC_USE,EMER_USE,TRAV_SP,UNDERIDE,ROLLOVER,ROLINLOC,IMPACT1,IMPACT2,DEFORMED,TOWED,M_HARM,VEH_SC1,VEH_SC2,FIRE_EXP,DR_PRES,L_STATE,DR_ZIP,L_STATUS,L_TYPE,CDL_STAT,L_ENDORS,L_COMPL,L_RESTRI,DR_HGT,DR_WGT,PREV_ACC,PREV_SUS,PREV_DWI,PREV_SPD,PREV_OTH,FIRST_MO,FIRST_YR,LAST_MO,LAST_YR,SPEEDREL,DR_SF1,DR_SF2,DR_SF3,DR_SF4,VTRAFWAY,VNUM_LAN,VSPD_LIM,VALIGN,VPROFILE,VPAVETYP,VSURCOND,VTRAFCON,VTCONT_F,P_CRASH1,P_CRASH2,P_CRASH3,PCRASH4,PCRASH5,ACC_TYPE,DEATHS,DR_DRINK
22,220019,1,3,1,27,1,21,17,12,6,1,0,22,2,20,481,20481,31,2000,1GCEC14W5YZ1,1,G,C,E,C,1,4,W,5,Y,Z,1,0,T,CHEV,SC1,PK,0,17,,2,1330,1190,SIL,G,,,6,262,,,,B,3923,02,,42,0,0,000000000,00000000000,0,0,0,1,0,0,0,0,0,0,0,47,0,0,0,12,12,4,3,12,0,0,0,1,22,70344,6,1,0,0,3,3,64,124,0,0,0,0,0,0,0,0,0,0,39,0,0,0,2,2,50,1,1,1,1,3,3,1,17,1,1,1,83,0,0
22,220019,2,3,1,27,1,21,17,12,6,1,0,22,3,35,43,35043,4,2002,3N1CB51D82L6,3,N,1,C,B,5,1,D,8,2,L,6,0,P,NISS,XGX,4D,2,17,2441,,0,998,,G,,F,4,108,,,14R185,,,,,,0,0,000000000,00000000000,0,0,0,1,0,0,0,0,0,0,0,10,0,0,0,9,9,6,2,12,0,0,0,1,22,70360,6,1,0,0,3,0,60,183,0,0,0,0,0,0,0,0,0,0,0,0,0,0,1,2,35,1,1,1,1,3,3,11,66,1,1,1,82,1,0
22,220019,3,3,1,27,1,21,17,12,6,1,0,22,1,37,32,37032,4,2007,1HGCM66367A0,1,H,G,C,M,6,6,3,6,7,A,0,0,P,HOND,ULX,4D,7,17,3413,,0,1079,,G,,F,6,183,,,17R215,,,,,,0,0,000000000,00000000000,0,0,0,1,0,0,0,0,0,0,0,0,0,0,0,12,12,2,3,12,0,0,0,1,22,70360,6,1,0,0,3,3,62,105,0,0,0,0,1,9,2009,9,2009,0,0,0,0,0,2,2,50,1,1,1,1,3,3,5,66,1,1,1,98,0,0
22,220020,1,1,1,29,1,17,30,8,0,1,0,22,1,49,32,49032,4,2010,1NXBU4EE0AZ2,1,N,X,B,U,4,E,E,0,A,Z,2,0,P,TOYT,CBL,4D,10,17,2723,,0,1024,,G,,F,4,110,,,15R195,,,,,,0,0,000000000,00000000000,0,0,0,1,0,0,0,0,0,0,0,55,0,0,0,12,12,4,1,8,0,0,0,1,22,71220,6,1,0,0,3,3,67,190,0,0,0,0,0,0,0,0,0,0,0,0,0,0,1,2,55,1,1,2,1,0,0,1,80,1,1,1,13,0,0
22,220021,1,1,1,30,1,15,47,42,0,1,0,22,1,20,37,20037,4,2006,1G1ZT51876F2,1,G,1,Z,T,5,1,8,7,6,F,2,0,P,CHEV,MLT,4D,6,17,3316,,0,1063,,G,,F,6,214,,,16R215,,,,,,0,0,000000000,00000000000,0,0,0,1,0,0,0,0,0,0,0,45,0,1,5,1,1,6,2,1,0,0,0,1,22,70737,0,0,0,0,0,0,999,999,99,99,99,99,99,99,9999,99,9999,0,24,0,0,0,1,2,45,1,1,2,2,0,0,1,13,1,1,4,1,1,0
22,220022,1,1,1,31,1,2,0,42,0,1,0,48,2,12,481,12481,31,1999,1FTNX20F2XEE,1,F,T,N,X,2,0,F,2,X,E,E,0,T,FORD,F2S,4C,99,17,,2,1580,1418,SRW,D,,,8,444,,,,C,5190,01,E,42,0,0,000000000,00000000000,0,0,0,1,0,0,0,0,0,0,0,70,0,0,0,12,12,6,2,42,0,0,0,1,48,77385,6,1,0,0,3,0,999,999,0,0,0,0,0,0,0,0,0,1,24,0,0,0,6,1,70,2,1,2,2,40,3,14,12,1,1,4,6,1,1
22,220023,1,2,2,31,1,19,5,12,1,1,0,22,3,19,421,19421,15,2000,1GYEK63R6YR2,1,G,Y,E,K,6,3,R,6,Y,R,2,0,P,CADI,ESC,UT,0,17,5573,,0,1175,,G,,F,8,350,,,16R265,,,,,,0,0,000000000,00000000000,0,0,0,1,0,0,0,0,0,0,0,55,0,0,0,12,11,6,2,12,0,0,0,1,22,70570,6,1,0,0,3,0,73,160,0,0,0,0,2,3,2008,3,2008,1,24,58,0,0,1,2,55,3,1,2,1,40,3,14,6,1,3,6,32,1,1
22,220023,2,2,6,31,1,19,5,12,1,1,0,22,2,35,43,35043,4,1999,1N4AB41D7XC7,1,N,4,A,B,4,1,D,7,X,C,7,0,P,NISS,SXG,4D,99,17,2308,,0,998,,G,,F,4,097,,,13R155,,,,,,0,0,000000000,00000000000,0,0,0,1,0,0,0,0,0,0,0,45,0,0,0,6,6,6,2,12,0,0,0,1,22,70570,6,1,0,0,3,9,61,183,0,0,0,0,0,0,0,0,0,0,24,0,0,0,1,2,55,1,1,2,1,0,0,1,53,1,1,1,32,0,0
22,220024,1,1,10,22,1,12,16,1,0,1,0,22,2,12,441,12441,20,1997,1FMCA11U3VZA,1,F,M,C,A,1,1,U,3,V,Z,A,0,P,FORD,ARO,SV,97,17,3646,,0,1190,,G,,F,6,182,,,14R215,,,,,,0,0,000000000,00000000000,0,0,0,1,0,0,0,0,0,0,0,999,0,2,1,0,0,6,2,1,0,0,0,1,22,70570,0,0,0,0,0,0,999,999,99,99,99,99,99,99,9999,99,9999,9,24,0,0,0,2,2,70,1,1,2,1,0,0,15,10,7,4,1,98,1,0
22,220025,1,1,2,9,1,19,8,42,0,1,0,22,2,22,18,22018,4,2000,1G2NF52TXYM7,1,G,2,N,F,5,2,T,X,Y,M,7,0,P,PONT,SE1,4D,0,17,3116,,0,1070,,G,,F,4,146,,,15R215,,,,,,0,0,000000000,00000000000,0,0,0,1,0,0,0,0,0,0,0,50,0,0,0,3,3,6,2,42,0,0,0,1,22,71241,6,1,0,0,3,0,66,168,0,0,0,2,0,2,2010,11,2010,0,87,0,0,0,1,2,55,1,1,2,4,0,0,1,5,1,4,4,7,1,0
22,220026,1,1,2,10,1,5,55,24,0,1,0,22,2,20,481,20481,31,2009,2GCEK3335911,2,G,C,E,K,3,3,3,5,9,1,1,0,T,CHEV,3SK,CW,9,17,,2,0,1435,SIL,F,,,8,323,,,,B,5348,00,,44,0,0,000000000,00000000000,0,0,0,1,0,0,0,0,0,0,0,84,0,1,5,12,13,6,2,42,0,0,0,1,22,71454,1,1,0,0,2,3,68,160,0,0,0,2,1,7,2010,7,2010,1,24,58,0,0,1,2,55,2,1,2,2,40,3,14,6,7,3,4,7,2,0
22,220027,1,1,1,15,1,5,4,53,0,1,0,22,2,20,2,20002,4,1982,2G1AN69H9C12,2,G,1,A,N,6,9,H,9,C,1,2,0,P,CHEV,CCL,4D,82,17,3491,,0,1160,,G,,4,8,305,,,15R205,,,,,,0,0,000000000,00000000000,0,0,0,1,0,0,0,0,0,0,0,55,0,0,0,12,12,6,2,32,0,0,0,1,22,71351,1,1,0,0,2,0,72,155,0,1,0,0,1,9,2008,7,2009,0,51,0,0,0,1,2,55,1,1,2,1,0,0,1,12,1,1,4,6,1,0
22,220028,1,2,1,15,1,14,7,12,6,1,0,22,2,7,482,7482,31,2001,1B7HC16X61S2,1,B,7,H,C,1,6,X,6,1,S,2,0,T,DODG,150,PK,1,17,,2,1347,1187,RPC,G,,,6,239,,,,B,4010,02,U,42,0,0,000000000,00000000000,0,0,0,1,0,0,0,0,0,0,0,10,0,0,0,9,9,6,2,12,0,0,0,1,22,70453,4,1,0,0,2,0,73,240,0,0,0,0,0,0,0,0,0,0,38,0,0,0,5,4,45,1,1,2,1,50,3,1,17,1,1,1,89,1,0
22,220028,2,2,1,15,1,14,7,12,6,1,0,22,3,7,24,7024,4,2006,2B3KA43G06H5,2,B,3,K,A,4,3,G,0,6,H,5,0,P,DODG,CTL,4D,6,17,3718,,0,1200,,G,,F,6,214,,,17R215,,,,,,0,0,000000000,00000000000,0,0,0,1,0,0,0,0,0,5,1,72,0,0,0,12,12,6,2,12,41,0,0,1,22,70422,6,1,0,0,3,0,73,240,0,0,0,0,0,0,0,0,0,1,16,0,0,0,5,4,45,1,1,2,1,50,3,1,71,1,1,1,88,0,0
22,220029,1,1,1,16,1,16,45,32,0,1,0,22,2,12,401,12401,14,2000,1FMZU62X2YZB,1,F,M,Z,U,6,2,X,2,Y,Z,B,0,P,FORD,EPR,UT,0,17,3865,,0,1116,,G,,F,6,245,,,15R235,,,,,,0,0,000000000,00000000000,0,0,0,1,0,0,0,0,0,0,0,55,0,1,5,14,12,6,2,32,0,0,0,1,22,70508,6,1,0,0,3,0,71,180,0,0,0,0,4,8,2009,5,2010,0,24,36,58,0,1,2,55,1,1,2,2,0,0,1,13,6,2,4,7,1,1
22,220030,1,2,1,16,1,22,25,12,6,1,0,22,1,7,20,7020,4,2000,1B3ES46C2YD7,1,B,3,E,S,4,6,C,2,Y,D,7,0,P,DODG,NSE,4D,0,17,2515,,0,1050,,G,,F,4,122,,,14R185,,,,,,0,0,000000000,00000000000,0,0,0,1,0,0,0,0,0,0,0,5,0,0,0,9,9,6,2,12,0,0,0,1,22,70560,1,1,0,0,2,0,67,500,0,1,1,0,0,5,2008,5,2008,0,38,24,0,0,1,2,35,1,1,2,2,20,3,4,17,1,1,1,89,1,1
22,220030,2,2,2,16,1,22,25,12,6,1,0,22,1,2,1,2001,6,2010,1J4NT1FB7AD6,1,J,4,N,T,1,F,B,7,A,D,6,0,T,JEEP,CSP,4W,10,17,,1,0,1037,CMP,G,,,4,146,,,,,3071,00,W,42,0,0,000000000,00000000000,0,0,0,1,0,0,0,0,0,0,0,63,0,0,0,12,12,4,3,12,0,0,0,1,22,70592,6,1,0,0,3,3,63,145,0,0,0,1,1,1,2008,10,2009,0,0,0,0,0,2,2,65,1,1,1,2,0,0,1,66,1,1,1,88,0,0
22,220031,1,3,2,18,1,18,9,12,6,1,0,22,2,22,2,22002,4,2000,1G2HX54K8Y41,1,G,2,H,X,5,4,K,8,Y,4,1,0,P,PONT,BVS,4D,0,17,3633,,0,1122,,G,,F,6,231,,,16R225,,,,,,0,0,000000000,00000000000,0,0,0,1,0,0,0,0,0,0,0,5,0,0,0,3,3,6,2,12,0,0,0,1,22,70390,6,1,0,0,3,0,77,200,0,0,0,0,0,0,0,0,0,0,38,24,0,0,1,2,55,1,1,2,2,0,0,11,15,1,1,2,68,2,0
22,220031,2,3,1,18,1,18,9,12,6,1,0,22,1,69,54,69054,3,2009,WMWML33599TP,W,M,W,M,L,3,3,5,9,9,T,P,0,P,MNNI,CBM,SW,9,17,2723,,0,1003,,G,,F,4,098,,,15R175,,,,,,0,0,000000000,00000000000,0,0,0,1,0,0,0,0,0,0,0,55,0,0,0,12,12,6,2,12,0,0,0,1,22,70769,6,1,0,0,3,0,71,190,0,0,0,0,0,0,0,0,0,0,0,0,0,0,1,2,55,1,1,2,2,0,0,1,62,1,1,1,69,0,0
22,220031,3,3,1,18,1,18,9,12,6,1,0,22,1,12,3,12003,2,1995,1FALP4045SF2,1,F,A,L,P,4,0,4,5,S,F,2,0,P,FORD,MUS,CP,95,17,3077,,0,1013,,G,,F,6,232,,,15R205,,,,,,0,0,000000000,00000000000,0,0,0,1,0,0,0,0,0,0,0,55,0,0,0,1,1,4,3,12,0,0,0,1,22,70341,6,1,0,0,3,0,72,190,0,0,0,0,0,0,0,0,0,0,84,0,0,0,1,2,55,1,1,2,2,0,0,1,51,8,2,2,98,0,0
22,220032,1,2,1,20,1,5,25,12,6,1,0,22,2,23,421,23421,15,2006,1GKFK66U76J1,1,G,K,F,K,6,6,U,7,6,J,1,0,T,GMC,DXL,4W,6,17,,2,0,1300,YUK,G,,,8,366,,,,B,5754,00,R,44,0,0,000000000,00000000000,0,0,0,1,0,0,0,0,0,0,0,20,0,0,0,1,1,4,3,12,0,0,0,1,22,70427,6,1,6,0,3,0,65,250,0,0,0,0,0,0,0,0,0,0,38,92,0,0,2,2,65,1,1,2,1,21,3,11,15,1,1,1,82,0,0
22,220032,2,2,1,20,1,5,25,12,6,1,0,22,1,53,705,53705,80,2002,JS1GN79A0221,J,S,1,G,N,7,9,A,0,2,2,1,0,M,SUZI,GX6,RC,2,17,,,,,,,599,,4,,4,458,,,,,,,0,0,000000000,00000000000,0,0,0,1,0,0,0,0,0,0,0,65,0,0,0,12,12,4,3,12,0,0,0,1,22,70448,6,1,0,0,3,0,69,200,0,0,0,3,0,6,2008,12,2008,0,0,0,0,0,2,2,65,1,1,2,1,21,3,1,71,8,2,2,83,1,0
22,220033,1,3,1,20,1,9,16,12,1,1,0,22,2,35,39,35039,4,2009,1N4AA51E99C8,1,N,4,A,A,5,1,E,9,9,C,8,0,P,NISS,MSV,4D,9,17,3556,,0,1093,,G,,F,6,214,,,18R245,,,,,,0,0,000000000,00000000000,0,0,0,1,0,0,0,0,0,0,0,81,2,0,0,12,12,6,2,12,0,0,0,1,22,70394,6,1,0,0,3,2,70,200,0,1,0,1,0,4,2010,4,2010,1,36,91,74,0,1,2,55,1,1,2,1,28,3,6,51,1,1,1,24,0,1
22,220033,2,3,1,20,1,9,16,12,1,1,0,22,1,20,481,20481,31,2007,1GCHK23D47F1,1,G,C,H,K,2,3,D,4,7,F,1,0,T,CHEV,2KH,CW,7,17,,2,1670,1530,SIL,D,,,8,403,,,,C,5883,02,,44,0,0,000000000,00000000000,0,0,0,1,0,0,0,0,0,0,0,57,0,0,0,6,12,6,2,12,0,0,0,1,22,70301,6,1,0,0,3,3,67,185,0,0,0,0,0,0,0,0,0,0,0,0,0,0,1,2,55,1,1,2,1,28,3,1,53,1,1,1,25,1,0
22,220033,3,3,1,20,1,9,16,12,1,1,0,22,3,87,881,87881,63,2006,2NPLLZ0X36M6,2,N,P,L,L,Z,0,X,3,6,M,6,0,T,PTRB,335,CC,6,17,,8,0,0,CON,D,,,6,505,,,,,00000,00,,64,0,88,888888888,88888888888,3,2,96,1,0,0,0,0,0,0,0,55,0,0,0,12,12,6,2,12,0,0,0,1,22,70301,6,1,6,0,3,3,66,160,0,0,0,0,0,0,0,0,0,0,0,0,0,0,1,2,55,1,1,2,1,28,3,1,62,7,1,4,98,0,0
22,220034,1,1,1,2,1,0,15,33,0,1,0,22,1,62,421,62421,15,2003,SALTY16453A8,S,A,L,T,Y,1,6,4,5,3,A,8,0,T,LNDR,DSE,4W,3,17,,2,0,1000,DIS,G,,,8,278,,,,,4928,00,E,44,0,0,000000000,00000000000,0,0,0,1,0,0,0,0,0,0,0,999,0,1,1,14,14,6,2,1,0,0,0,1,22,70118,6,1,0,0,3,0,72,222,0,0,0,0,0,0,0,0,0,9,58,0,0,0,6,1,98,4,1,1,1,0,0,14,12,1,9,4,6,1,0
22,220035,1,1,1,1,1,2,9,53,0,1,0,22,2,20,481,20481,31,2007,1GCEC19X57Z1,1,G,C,E,C,1,9,X,5,7,Z,1,0,T,CHEV,SC1,4C,7,17,,2,1575,1340,SIL,G,,,6,262,,,,B,4760,02,,42,0,0,000000000,00000000000,0,0,0,1,0,0,0,0,0,0,0,999,0,1,6,1,61,4,3,43,0,0,0,1,22,70454,6,2,0,0,2,2,66,133,0,0,0,0,0,0,0,0,0,9,24,58,73,0,2,2,35,1,1,2,2,0,0,1,13,6,1,4,1,1,1
22,220036,1,2,1,6,1,13,45,12,6,1,0,22,2,35,471,35471,30,1997,1N6SD11S3VC4,1,N,6,S,D,1,1,S,3,V,C,4,0,T,NISS,XES,PK,97,17,,1,0,1043,TRK,G,,,4,146,,,,B,2718,01,M,42,0,0,000000000,00000000000,0,0,0,1,0,0,0,0,0,0,0,90,0,0,0,3,3,6,2,12,0,0,0,1,22,70427,6,1,0,0,3,3,66,160,0,0,0,0,0,0,0,0,0,0,24,39,0,0,1,2,30,1,1,9,1,20,3,1,17,1,1,1,87,1,0
22,220036,2,2,1,6,1,13,45,12,6,1,0,22,3,98,804,98804,66,2004,5KJJABAV74PM,5,K,J,J,A,B,A,V,7,4,P,M,1,T,WSTR,49X,TR,4,17,,8,0,0,CNV,D,,,6,893,,,,,00000,00,,64,1,57,547386,57547386,3,6,1,1,0,0,0,0,0,0,0,30,0,0,0,12,12,6,2,12,0,0,0,1,28,39648,6,1,6,0,3,0,70,180,0,0,0,0,0,0,0,0,0,0,0,0,0,0,1,2,30,1,1,2,1,0,0,1,66,3,2,1,86,0,0
22,220037,1,1,1,11,1,22,58,10,0,1,0,22,1,59,34,59034,4,1993,JT8UF11E1P01,J,T,8,U,F,1,1,E,1,P,0,1,0,P,LEXS,LS4,4D,93,17,3858,,0,1108,,G,,F,8,242,,,16R225,,,,,,0,0,000000000,00000000000,0,0,0,1,0,0,0,0,0,0,0,999,0,0,0,81,81,6,2,10,0,0,0,1,22,70591,6,1,0,0,3,0,62,120,0,0,0,1,0,1,2011,1,2011,9,24,38,0,0,1,2,25,1,2,1,1,65,3,1,91,1,1,1,15,1,0
22,220038,1,2,2,17,1,9,26,12,6,1,0,22,1,20,23,20023,6,2006,3GNDA13D36S6,3,G,N,D,A,1,3,D,3,6,S,6,0,P,CHEV,HHR,SV,6,17,3155,,0,1035,,G,,F,4,134,,,16R215,,,,,,0,0,000000000,00000000000,0,0,0,1,0,0,0,0,0,0,0,999,2,0,0,11,11,6,2,12,0,0,0,1,22,70552,6,1,0,0,3,3,64,154,0,0,0,0,0,0,0,0,0,9,0,0,0,0,2,2,70,1,1,1,1,0,0,1,12,1,1,4,64,1,0
22,220038,2,2,1,17,1,9,26,12,6,1,0,13,3,84,881,84881,66,1998,2HSFHASR4WC0,2,H,S,F,H,A,S,R,4,W,C,0,1,T,INTL,940,TR,98,17,,8,2340,1600,90S,D,,,6,893,,,,,00000,00,,64,1,57,825946,57825946,3,6,1,1,0,0,0,0,0,0,0,999,0,0,0,8,8,6,2,12,0,0,0,1,13,31764,6,1,6,0,3,0,73,239,98,0,0,0,0,0,0,0,0,0,0,0,0,0,2,2,70,1,1,1,1,0,0,1,62,1,1,1,65,0,0
22,220039,1,2,1,31,1,17,43,12,2,1,0,92,0,12,471,12471,30,2001,1FTYR10C11TA,1,F,T,Y,R,1,0,C,1,1,T,A,0,T,FORD,RNG,PK,1,17,,1,1175,1116,RNG,G,,,4,153,,,,B,3068,01,U,42,0,0,000000000,00000000000,0,0,0,1,0,0,0,0,0,0,0,999,0,0,0,12,12,6,2,12,0,0,0,1,22,70517,6,1,0,0,3,0,70,200,0,0,0,2,7,2,2008,9,2010,9,24,0,0,0,1,2,25,1,1,2,2,0,0,1,10,1,1,2,50,1,1
22,220039,2,2,2,31,1,17,43,12,2,1,0,22,1,14,6,14006,4,2000,2MEFM75W1YX6,2,M,E,F,M,7,5,W,1,Y,X,6,0,P,MERC,MGL,4D,0,17,3973,,0,1147,,G,,F,8,281,,,16R225,,,,,,0,0,000000000,00000000000,0,0,0,1,0,0,0,0,0,0,0,999,0,0,0,12,12,6,2,12,0,0,0,1,22,70517,6,1,0,0,3,0,66,180,0,0,0,0,0,0,0,0,0,0,0,0,0,0,1,2,25,1,1,2,2,0,0,1,62,1,1,1,51,0,0
22,220040,1,2,1,3,2,14,15,12,2,1,0,22,1,7,880,7880,67,2007,3D7MX48C17G7,3,D,7,M,X,4,8,C,1,7,G,7,0,T,DODG,SQ3,CW,7,17,,3,0,1600,RPC,D,,,6,359,,,,D,6672,06,E,44,0,88,888888888,88888888888,2,1,96,1,0,0,0,0,0,0,0,65,0,0,0,12,12,6,2,12,0,0,0,1,22,70656,6,1,0,0,3,0,72,210,0,0,0,0,0,0,0,0,0,1,0,0,0,0,1,2,55,1,2,2,1,0,0,1,10,1,1,4,50,1,0
22,220040,2,2,1,3,2,14,15,12,2,1,0,17,3,85,881,85881,66,2007,1XKDD49X57J1,1,X,K,D,D,4,9,X,5,7,J,1,1,T,KW,T80,TR,7,17,,8,2600,1600,CON,D,,,6,915,,,,,00000,00,,64,1,57,301140,57301140,3,6,7,1,0,0,0,0,0,0,0,55,0,0,0,12,12,6,2,12,0,0,1,1,22,71104,6,1,6,0,3,0,72,280,0,0,0,0,0,0,0,0,0,0,0,0,0,0,1,2,55,1,2,2,1,0,0,1,62,9,1,4,51,0,0
22,220041,1,1,1,3,2,23,45,34,0,1,0,22,1,20,481,20481,31,1981,1GCFC24H8BS1,1,G,C,F,C,2,4,H,8,B,S,1,0,T,CHEV,C20,PK,81,17,,2,1645,1315,C20,G,,,8,305,,,,C,3326,09,,42,0,0,000000000,00000000000,0,0,0,1,0,0,0,0,0,0,0,50,0,1,5,12,12,4,3,1,0,0,0,1,22,71446,6,1,0,0,3,0,66,150,0,0,0,0,0,0,0,0,0,1,24,0,0,0,1,2,35,1,2,2,2,0,0,1,13,1,1,4,1,1,1
22,220042,1,4,1,4,2,0,29,12,6,1,0,22,1,12,481,12481,31,2004,1FTPW14584KD,1,F,T,P,W,1,4,5,8,4,K,D,0,T,FORD,F1S,CW,4,17,,2,1450,1260,COF,G,,,8,330,,,,B,5560,00,U,44,0,0,000000000,00000000000,0,0,0,1,0,0,0,0,0,0,0,0,0,0,0,81,81,6,2,12,0,0,0,1,45,29910,6,1,0,0,3,3,70,185,0,0,0,0,0,0,0,0,0,0,24,54,0,0,3,2,60,1,3,1,4,0,0,7,53,1,1,1,48,1,1
22,220042,2,4,2,4,2,0,29,12,6,1,0,40,3,82,883,82883,66,2001,1FUJAPCGX1LF,1,F,U,J,A,P,C,G,X,1,L,F,1,T,FRHT,FL3,TR,1,17,,8,0,0,CON,D,,,6,774,,,,,00000,00,,64,3,57,303024,57303024,3,6,1,1,0,0,0,0,0,0,0,45,0,0,0,12,12,6,2,12,0,0,0,1,13,30162,6,1,6,0,3,0,71,175,98,0,0,0,0,0,0,0,0,0,84,87,0,0,3,2,55,1,3,1,4,0,0,1,50,8,1,1,48,0,0
22,220042,3,4,1,4,2,0,29,12,6,1,0,13,3,84,881,84881,66,2009,2HSCEAHR49C0,2,H,S,C,E,A,H,R,4,9,C,0,1,T,INTL,92I,TR,9,17,,8,0,0,920,D,,,6,661,,,,,00000,00,,64,1,57,084338,57084338,3,6,2,1,0,0,0,0,0,0,0,50,0,0,0,12,12,4,3,12,0,0,0,1,13,30273,6,1,6,3,3,3,73,235,98,0,0,1,0,1,2010,1,2010,0,84,87,0,0,3,2,55,1,3,1,4,0,0,1,50,2,1,1,98,0,0
22,220042,4,4,1,4,2,0,29,12,6,1,0,48,3,87,881,87881,66,2011,1XPHD49XXBD1,1,X,P,H,D,4,9,X,X,B,D,1,1,T,PTRB,386,TR,11,17,,8,0,0,CON,D,,,6,915,,,,,00000,00,,64,1,57,229662,57229662,3,6,2,1,0,0,0,0,0,0,0,40,0,0,0,12,12,6,2,12,0,0,0,1,22,70814,6,1,6,1,3,3,68,223,0,0,0,0,0,0,0,0,0,0,87,0,0,0,3,2,55,1,3,1,4,0,0,1,52,1,1,1,98,0,0
22,220043,1,1,1,5,2,4,51,19,0,1,0,22,1,55,402,55402,14,2007,KM8JM12B47U5,K,M,8,J,M,1,2,B,4,7,U,5,0,P,HYUN,TUC,UT,7,17,3240,,0,1035,,G,,F,4,121,,,16R215,,,,,,0,0,000000000,00000000000,0,0,0,1,0,0,0,0,0,0,0,46,0,0,0,12,12,6,2,19,0,0,0,1,22,70301,6,1,0,0,3,0,67,145,0,0,0,0,0,0,0,0,0,1,24,39,0,0,1,2,25,1,1,2,1,20,3,1,14,2,1,4,14,1,1
22,220044,1,1,1,8,2,16,33,42,0,1,0,22,1,13,16,13016,6,2010,2LMHJ5FR4ABJ,2,L,M,H,J,5,F,R,4,A,B,J,0,P,LINC,MKT,UT,10,17,4220,,0,1179,,G,,F,6,226,,,19R235,,,,,,0,0,000000000,00000000000,0,0,0,1,0,0,0,0,0,0,0,55,0,0,0,12,12,6,2,42,0,0,0,1,22,71019,6,1,0,0,3,0,64,145,0,0,0,0,0,0,0,0,0,0,0,0,0,0,1,2,55,2,1,2,1,0,0,14,12,1,1,4,6,1,0
22,220045,1,2,1,8,2,21,15,12,6,1,0,22,2,6,41,6041,4,2002,2C3HD36M92H2,2,C,3,H,D,3,6,M,9,2,H,2,0,P,CHRY,CIX,4D,2,17,3416,,0,1130,,G,,F,6,215,,,16R225,,,,,,0,0,000000000,00000000000,0,0,0,1,0,0,0,0,0,0,0,70,0,0,0,11,11,6,2,12,0,0,0,1,22,70461,6,2,0,0,3,2,70,160,0,0,0,0,0,0,0,0,0,0,24,73,0,0,2,2,70,1,1,2,1,0,0,1,12,1,1,4,66,1,0
22,220045,2,2,1,8,2,21,15,12,6,1,0,22,3,82,883,82883,66,2002,1FUJA6CG52LJ,1,F,U,J,A,6,C,G,5,2,L,J,1,T,FRHT,COL,TR,2,17,,8,0,0,CON,D,,,6,774,,,,,00000,00,,64,1,57,229662,57229662,3,6,2,1,0,0,0,0,0,0,0,65,0,0,0,10,10,2,3,12,0,0,0,1,22,70729,6,1,6,1,3,0,68,195,0,0,0,0,1,7,2008,7,2008,0,0,0,0,0,2,2,70,1,1,2,1,0,0,1,62,1,1,1,66,0,0
22,220046,1,1,1,10,2,19,19,42,0,1,0,22,2,20,481,20481,31,2007,2GCEK13MX716,2,G,C,E,K,1,3,M,X,7,1,6,0,T,CHEV,1KW,CW,7,17,,2,0,1435,SIL,G,,,8,323,,,,B,5371,00,,44,0,0,000000000,00000000000,0,0,0,1,0,0,0,0,0,0,0,55,0,0,0,12,12,6,2,42,0,0,0,1,22,71234,6,1,0,0,3,0,65,240,0,0,0,0,0,0,0,0,0,0,24,0,0,0,1,2,55,3,1,2,1,40,3,14,13,1,1,4,1,1,1
22,220047,1,1,1,13,2,2,0,34,0,1,0,22,1,12,471,12471,30,2002,1FTYR14U02TA,1,F,T,Y,R,1,4,U,0,2,T,A,0,T,FORD,RNS,PC,2,17,,1,0,1257,RNG,G,,,6,182,,,,B,3394,04,E,42,0,0,000000000,00000000000,0,0,0,1,0,0,0,0,0,0,0,55,0,1,5,12,13,6,2,42,0,0,0,1,22,71282,6,1,0,0,3,0,65,160,0,0,0,0,0,0,0,0,0,0,58,0,0,0,1,2,55,3,1,2,1,40,3,14,13,6,1,4,6,1,1
22,220048,1,2,1,9,2,6,44,12,6,1,0,22,2,49,442,49442,20,1999,4T3ZF13C1XU1,4,T,3,Z,F,1,3,C,1,X,U,1,0,P,TOYT,SIE,SV,99,17,3797,,0,1142,,G,,F,6,183,,,15R205,,,,,,0,0,000000000,00000000000,0,0,0,1,0,0,0,0,0,0,0,15,0,0,0,12,12,6,2,12,0,0,0,1,22,70769,6,1,0,0,3,0,65,120,0,0,0,0,0,0,0,0,0,0,38,0,0,0,1,4,55,1,1,1,1,3,3,11,15,1,1,1,68,0,0