STATE,ST_CASE,VEH_NO,VE_FORMS,NUMOCCS,DAY,MONTH,HOUR,MINUTE,HARM_EV,MAN_COLL,UNITTYPE,HIT_RUN,REG_STAT,OWNER,MAKE,MODEL,MAK_MOD,BODY_TYP,MOD_YEAR,VIN,VIN_1,VIN_2,VIN_3,VIN_4,VIN_5,VIN_6,VIN_7,VIN_8,VIN_9,VIN_10,VIN_11,VIN_12,TOW_VEH,VINTYPE,VINMAKE,VINA_MOD,VIN_BT,VINMODYR,VIN_LNGT,VIN_WGT,WGTCD_TR,WHLBS_LG,WHLBS_SH,SER_TR,FUELCODE,MCYCL_DS,CARBUR,CYLINDER,DISPLACE,MCYCL_CY,MCYCL_WT,TIRE_SZE,TON_RAT,TRK_WT,TRKWTVAR,VIN_REST,WHLDRWHL,J_KNIFE,MCARR_I1,MCARR_I2,MCARR_ID,GVWR,V_CONFIG,CARGO_BT,HAZ_INV,HAZ_PLAC,HAZ_ID,HAZ_CNO,HAZ_REL,BUS_USE,SPEC_USE,EMER_USE,TRAV_SP,UNDERIDE,ROLLOVER,ROLINLOC,IMPACT1,IMPACT2,DEFORMED,TOWED,M_HARM,VEH_SC1,VEH_SC2,FIRE_EXP,DR_PRES,L_STATE,DR_ZIP,L_STATUS,L_TYPE,CDL_STAT,L_ENDORS,L_COMPL,L_RESTRI,DR_HGT,DR_WGT,PREV_ACC,PREV_SUS,PREV_DWI,PREV_SPD,PREV_OTH,FIRST_MO,FIRST_YR,LAST_MO,LAST_YR,SPEEDREL,DR_SF1,DR_SF2,DR_SF3,DR_SF4,VTRAFWAY,VNUM_LAN,VSPD_LIM,VALIGN,VPROFILE,VPAVETYP,VSURCOND,VTRAFCON,VTCONT_F,P_CRASH1,P_CRASH2,P_CRASH3,PCRASH4,PCRASH5,ACC_TYPE,DEATHS,DR_DRINK
22,220048,2,2,2,9,2,6,44,12,6,1,0,22,2,41,37,41037,4,2000,1YVGF22C3Y51,1,Y,V,G,F,2,2,C,3,Y,5,1,0,P,MAZD,U6X,4D,0,17,2864,,0,1051,,G,,F,4,122,,,15R185,,,,,,0,0,000000000,00000000000,0,0,0,1,0,0,0,0,0,0,0,55,0,1,5,11,11,6,2,46,0,0,0,1,22,70346,6,1,0,0,3,0,67,135,0,0,0,0,0,0,0,0,0,0,24,0,0,0,1,4,55,1,1,1,1,3,3,1,66,1,1,1,69,1,0
22,220049,1,2,1,8,2,14,17,59,0,1,0,13,3,82,883,82883,66,2007,1FUJA6CV57LX,1,F,U,J,A,6,C,V,5,7,L,X,1,T,FRHT,COL,TR,7,17,,8,0,0,CON,D,,,6,782,,,,,00000,00,,64,1,57,1849525,571849525,3,6,3,1,0,0,0,0,0,0,0,999,0,1,1,12,12,6,2,12,0,0,0,1,22,71107,6,1,6,0,3,0,72,200,0,0,0,0,0,0,0,0,0,1,0,0,0,0,1,2,45,1,1,1,1,0,0,1,10,1,1,4,6,1,0
22,220049,2,2,1,8,2,14,17,59,0,1,0,47,3,51,881,51881,66,2005,4V4MC9GF05N3,4,V,4,M,C,9,G,F,0,5,N,3,0,T,VOLV,VNM,TR,5,17,,8,0,0,VVN,D,,,6,732,,,,,00000,00,,64,0,57,0036684,570036684,3,5,96,1,0,0,0,0,0,0,0,0,0,0,0,3,3,4,3,12,0,0,0,1,22,71037,6,1,6,0,3,0,69,213,0,0,0,0,0,0,0,0,0,0,0,0,0,0,1,2,45,2,9,9,1,20,3,5,66,1,1,1,98,0,0
22,220050,1,2,2,19,2,6,15,12,2,1,0,92,0,20,2,20002,4,2005,2G1WF52E7591,2,G,1,W,F,5,2,E,7,5,9,1,0,P,CHEV,IMP,4D,5,17,3389,,0,1105,,G,,F,6,207,,,16R225,,,,,,0,0,000000000,00000000000,0,0,0,1,0,0,0,0,0,0,0,30,0,0,0,12,12,6,2,12,0,0,0,1,22,70032,0,0,0,0,0,0,999,999,99,99,99,99,99,99,9999,99,9999,0,36,51,91,92,2,2,55,1,1,2,1,0,0,1,54,1,1,1,52,0,1
22,220050,2,2,1,19,2,6,15,12,2,1,0,22,1,59,31,59031,4,2006,JTHBA30G0651,J,T,H,B,A,3,0,G,0,6,5,1,0,P,LEXS,E33,4D,6,17,3472,,0,1071,,G,,F,6,201,,,17R215,,,,,,0,0,000000000,00000000000,0,0,0,1,0,0,0,0,0,0,0,30,0,0,0,12,12,6,2,12,0,0,0,1,22,70043,6,1,0,0,3,0,60,130,0,0,0,0,0,0,0,0,0,0,0,0,0,0,2,2,55,1,1,2,1,0,0,1,54,1,1,1,52,1,0
22,220051,1,2,1,19,2,22,25,12,2,1,0,28,1,65,31,65031,2,2009,WMEEK31X79K2,W,M,E,E,K,3,1,X,7,9,K,2,0,P,SMRT,SMS,CV,9,17,1852,,0,735,,G,,F,3,061,,,000000,,,,,,0,0,000000000,00000000000,0,0,0,1,0,0,0,0,0,0,0,0,0,0,0,12,12,6,2,12,0,0,0,1,22,39466,4,1,0,0,2,0,70,165,0,1,0,0,0,5,2009,5,2009,0,54,0,0,0,2,3,70,1,2,2,1,0,0,7,54,1,1,1,52,1,1
22,220051,2,2,1,19,2,22,25,12,2,1,0,22,3,55,401,55401,14,2011,5XYZG3AB1BG0,5,X,Y,Z,G,3,A,B,1,B,G,0,0,P,HYUN,SAN,UT,11,17,3688,,0,1063,,G,,F,4,144,,,17R235,,,,,,0,0,000000000,00000000000,0,0,0,1,0,0,0,0,0,0,0,70,0,0,0,12,12,4,3,12,0,0,0,1,22,70118,6,1,0,0,3,0,61,105,0,0,0,0,0,0,0,0,0,0,0,0,0,0,2,3,70,1,2,2,1,0,0,1,50,1,1,1,52,0,0
22,220052,1,1,1,21,2,20,15,42,0,1,0,22,1,72,706,72706,80,2008,1HD1GP4408K3,1,H,D,1,G,P,4,4,0,8,K,3,0,M,HD,FWA,RS,8,17,,,,,,,1584,,2,,4,678,,,,,,,0,0,000000000,00000000000,0,0,0,1,0,0,0,0,0,0,0,44,0,0,0,12,12,6,2,42,0,0,0,1,22,71438,6,1,0,0,3,3,65,200,0,0,0,0,0,0,0,0,0,9,24,0,0,0,1,2,35,2,1,2,1,0,0,14,12,1,1,4,6,1,1
22,220053,1,1,1,23,2,10,55,42,0,1,0,22,3,20,481,20481,31,2007,2GCEK19B5711,2,G,C,E,K,1,9,B,5,7,1,1,0,T,CHEV,SK1,4C,7,17,,2,1575,1340,SIL,G,,,8,323,,,,B,5050,01,,44,0,0,000000000,00000000000,0,0,0,1,0,0,0,0,0,0,0,62,0,0,0,8,10,6,2,42,0,0,0,1,22,71270,6,1,0,0,3,3,70,200,0,0,0,0,0,0,0,0,0,9,24,0,0,0,1,2,55,2,3,2,1,0,0,14,12,4,1,4,6,1,0
22,220054,1,1,3,24,2,2,32,1,0,1,0,22,2,14,401,14401,14,1999,4M2ZU52P3XUJ,4,M,2,Z,U,5,2,P,3,X,U,J,0,P,MERC,MOU,UT,99,17,3876,,0,1120,,G,,F,8,302,,,15R225,,,,,,0,0,000000000,00000000000,0,0,0,1,0,0,0,0,0,0,0,55,0,1,6,0,0,6,2,1,0,0,0,1,22,70510,6,1,0,0,3,0,68,170,0,0,0,0,1,7,2009,7,2009,1,24,0,0,0,1,2,25,3,1,2,2,40,3,14,13,6,4,4,7,1,1
22,220055,1,1,2,1,2,18,35,8,0,1,0,22,1,12,401,12401,14,1998,1FMZU32E3WZA,1,F,M,Z,U,3,2,E,3,W,Z,A,0,P,FORD,EPR,UT,98,17,3911,,0,1115,,G,,F,6,245,,,15R225,,,,,,0,0,000000000,00000000000,0,0,0,1,0,0,0,0,0,0,0,20,0,0,0,12,12,4,1,8,0,0,0,1,22,70548,6,1,0,0,3,3,62,108,0,0,0,0,0,0,0,0,0,0,0,0,0,0,1,2,25,1,1,2,1,0,0,1,80,1,1,1,13,0,0
22,220056,1,2,2,12,2,23,32,12,6,1,0,22,1,35,472,35472,30,2007,1N6AD09U07C4,1,N,6,A,D,0,9,U,0,7,C,4,0,T,NISS,CEO,CW,7,17,,1,0,1399,FRT,G,,,6,244,,,,,4194,00,K,42,0,0,000000000,00000000000,0,0,0,1,0,0,0,0,0,0,0,999,0,0,0,10,10,6,2,12,0,0,0,1,22,70582,6,1,0,0,3,0,65,155,0,0,0,0,0,0,0,0,0,9,39,0,0,0,1,4,50,1,1,9,1,3,3,1,17,1,1,1,89,2,1
22,220056,2,2,4,12,2,23,32,12,6,1,0,22,1,20,421,20421,15,2008,1GNFC13098R2,1,G,N,F,C,1,3,0,9,8,R,2,0,P,CHEV,CTA,UT,8,17,5265,,0,1160,,F,,F,8,323,,,17R265,,,,,,0,0,000000000,00000000000,0,0,0,1,0,0,0,0,0,0,0,58,0,0,0,12,12,6,2,12,0,0,0,1,22,70357,6,1,0,0,3,3,69,260,0,0,0,0,0,0,0,0,0,0,0,0,0,0,2,2,55,1,1,2,1,3,3,1,66,1,1,1,88,0,0
22,220057,1,1,1,14,2,17,37,35,0,1,0,22,2,73,705,73705,80,2005,JKBZXJC105A0,J,K,B,Z,X,J,C,1,0,5,A,0,0,M,KAWK,X63,RC,5,17,,,,,,,636,,4,,4,362,,,,,,,0,0,000000000,00000000000,0,0,0,1,0,0,0,0,0,0,0,70,0,0,0,12,12,6,2,35,0,0,0,1,22,70461,1,1,0,0,2,0,66,120,0,4,1,0,0,4,2008,11,2009,1,36,0,0,0,1,2,35,1,1,2,1,0,0,6,8,1,7,4,7,1,0
22,220058,1,1,1,16,2,12,5,34,0,1,0,22,2,12,481,12481,31,1995,1FTDF15Y3SLB,1,F,T,D,F,1,5,Y,3,S,L,B,0,T,FORD,F15,PK,95,17,,1,1330,1170,COF,G,,,6,300,,,,B,00000,00,M,42,0,0,000000000,00000000000,0,0,0,1,0,0,0,0,0,0,0,999,0,1,5,12,12,6,2,1,0,0,0,1,22,71203,6,1,0,0,3,0,71,160,0,0,0,0,1,1,2011,1,2011,9,58,0,0,0,1,2,35,3,1,2,1,0,0,14,13,6,1,4,6,1,0
22,220059,1,1,1,21,2,20,59,8,0,1,1,22,2,12,3,12003,2,2000,1FAFP444XYF2,1,F,A,F,P,4,4,4,X,Y,F,2,0,P,FORD,MUS,CV,0,17,3208,,0,1013,,G,,F,6,232,,,15R205,,,,,,0,0,000000000,00000000000,0,0,0,1,0,0,0,0,0,0,0,999,0,0,0,12,12,2,1,8,0,0,0,1,22,71360,6,1,0,0,3,0,71,230,0,0,0,0,0,0,0,0,0,9,0,0,0,0,1,2,40,1,1,2,1,0,0,1,80,1,1,1,13,0,0
22,220061,1,2,2,23,2,23,45,8,0,1,0,22,2,7,442,7442,20,2001,2B8GP443X1R2,2,B,8,G,P,4,4,3,X,1,R,2,0,T,DODG,GSP,ES,1,17,,1,0,1193,CAR,F,,,6,201,,,,,3989,00,E,42,0,0,000000000,00000000000,0,0,0,1,0,0,0,0,0,0,0,65,0,0,0,12,12,2,3,8,0,0,0,1,22,70001,6,1,0,0,3,3,66,105,0,0,0,0,0,0,0,0,0,0,0,0,0,0,2,2,70,1,1,1,1,0,0,1,80,98,1,1,13,0,0
22,220061,2,2,3,23,2,23,45,8,0,1,0,22,3,20,881,20881,61,2007,1GBJC34687E5,1,G,B,J,C,3,4,6,8,7,E,5,0,T,CHEV,SC3,CB,7,17,,3,1615,1370,SIL,D,,,8,403,,,,D,5503,00,,42,0,88,888888888,88888888888,2,1,96,1,0,0,0,0,0,6,0,70,0,0,0,14,14,0,1,8,42,0,0,1,22,70648,6,1,0,0,3,0,73,285,0,0,0,1,0,3,2009,3,2009,0,0,0,0,0,2,2,70,1,1,1,1,0,0,1,80,1,1,1,98,0,0
22,220062,1,1,2,24,2,17,50,35,0,1,0,22,1,37,32,37032,4,2003,1HGCM56323A0,1,H,G,C,M,5,6,3,2,3,A,0,0,P,HOND,ULX,4D,3,17,3053,,0,1079,,G,,F,4,146,,,15R205,,,,,,0,0,000000000,00000000000,0,0,0,1,0,0,0,0,0,0,0,55,0,0,0,1,10,6,2,30,0,0,0,1,22,70578,6,1,0,0,3,0,66,140,0,0,0,0,1,7,2010,7,2010,0,0,0,0,0,1,2,55,1,1,2,1,0,0,1,13,1,1,4,1,2,0
22,220063,1,2,1,24,2,19,25,12,6,1,0,22,2,20,20,20020,4,1997,2G1WL52M9V91,2,G,1,W,L,5,2,M,9,V,9,1,0,P,CHEV,L/S,4D,97,17,3360,,0,1075,,G,,F,6,191,,,15R205,,,,,,0,0,000000000,00000000000,0,0,0,1,0,0,0,0,0,0,0,15,0,0,0,10,10,4,3,12,0,0,0,1,22,71457,6,1,0,0,3,0,64,170,0,0,0,0,0,0,0,0,0,0,24,48,0,0,1,2,55,1,1,2,2,0,0,12,53,1,1,7,98,1,1
22,220063,2,2,3,24,2,19,25,12,6,1,0,22,1,12,423,12423,15,2000,1FMNU40L6YEC,1,F,M,N,U,4,0,L,6,Y,E,C,0,P,FORD,EXC,UT,0,17,6610,,0,1371,,G,,F,8,330,,,16R265,,,,,,0,0,000000000,00000000000,0,0,0,1,0,0,0,0,0,0,0,55,0,0,0,12,12,4,3,12,0,0,0,1,22,71469,6,1,0,0,3,3,74,165,0,0,0,0,0,0,0,0,0,0,0,0,0,0,1,2,55,1,1,2,2,0,0,1,61,1,1,1,98,0,0
22,220064,1,1,1,24,2,21,55,8,0,1,0,22,2,49,401,49401,14,1994,JT3VN29V0R00,J,T,3,V,N,2,9,V,0,R,0,0,0,P,TOYT,RUN,UT,94,17,3820,,0,1033,,G,,F,6,180,,,15R225,,,,,,0,0,000000000,00000000000,0,0,0,1,0,0,0,0,0,0,0,999,0,0,0,12,12,2,3,8,0,0,0,1,22,70508,6,1,0,0,3,0,69,140,0,0,0,0,0,0,0,0,0,0,0,0,0,0,1,4,40,1,1,1,2,0,0,1,80,1,1,1,13,0,0
22,220065,1,2,2,25,2,6,25,12,1,1,0,22,2,20,481,20481,31,1997,1GCEC14W8VZ1,1,G,C,E,C,1,4,W,8,V,Z,1,0,T,CHEV,GC1,PK,97,17,,2,1315,1175,GM4,G,,,6,262,,,,B,3869,02,,42,0,0,000000000,00000000000,0,0,0,1,0,0,0,0,0,0,0,60,0,0,0,12,12,6,2,12,0,0,0,1,22,70721,6,1,0,0,3,0,66,130,0,0,0,3,0,5,2009,5,2010,1,24,91,0,0,1,2,55,1,1,2,1,0,0,1,52,1,1,1,24,1,0
22,220065,2,2,1,25,2,6,25,12,1,1,0,22,3,82,881,82881,66,1991,1FUYDDYB0MP5,1,F,U,Y,D,D,Y,B,0,M,P,5,1,T,FRHT,FLD,TR,91,17,,8,0,0,CON,D,,,6,855,,,,,00000,00,,64,1,88,888888888,88888888888,3,6,4,1,0,0,0,0,0,0,0,25,0,0,0,6,6,6,2,12,0,0,0,1,22,70814,6,1,6,0,3,0,72,177,0,0,0,0,0,0,0,0,0,0,0,0,0,0,1,2,55,1,1,2,1,0,0,1,53,1,1,1,25,0,0
22,220066,1,1,2,26,2,6,40,33,0,1,0,47,2,37,31,37031,2,1993,1HGEJ1161PL0,1,H,G,E,J,1,1,6,1,P,L,0,0,P,HOND,CEX,CP,93,17,0,,0,1013,,G,,F,4,097,,,14R185,,,,,,0,0,000000000,00000000000,0,0,0,1,0,0,0,0,0,0,0,999,0,1,3,14,14,6,2,1,0,0,0,1,47,37601,6,1,0,0,3,3,70,145,0,2,1,2,0,1,2010,5,2010,1,24,36,91,0,2,2,35,1,1,1,1,0,0,12,6,1,4,4,2,1,1
22,220067,1,1,3,27,2,2,54,59,0,1,0,22,2,35,472,35472,30,2006,1N6BD06T26C4,1,N,6,B,D,0,6,T,2,6,C,4,0,T,NISS,FKX,PC,6,17,,1,0,1259,FRT,G,,,4,152,,,,C,3675,00,K,42,0,0,000000000,00000000000,0,0,0,1,0,0,0,0,0,0,0,70,0,0,0,10,10,6,2,59,0,0,0,1,22,70065,6,1,0,0,3,0,66,200,0,0,0,2,0,6,2008,11,2010,1,24,0,0,0,6,1,60,2,1,2,1,0,0,14,6,1,3,4,7,1,1
22,220068,1,1,4,28,2,22,30,1,0,1,0,22,2,20,481,20481,31,1996,1GCGC29R0TE1,1,G,C,G,C,2,9,R,0,T,E,1,0,T,CHEV,GC2,PC,96,17,,2,1555,1415,GM4,G,,,8,350,,,,C,4597,14,,42,0,0,000000000,00000000000,0,0,0,1,0,0,0,0,0,0,0,55,0,1,5,0,0,4,3,1,0,0,0,1,22,70585,1,1,0,0,2,0,67,140,0,2,1,0,0,4,2009,5,2010,0,24,0,0,0,1,2,55,1,1,2,1,0,0,1,13,6,4,4,7,1,1
22,220069,1,1,1,21,1,18,14,8,0,1,0,22,3,12,461,12461,21,2010,1FTNS2EW2ADA,1,F,T,N,S,2,E,W,2,A,D,A,0,T,FORD,25V,EC,10,17,,2,0,1380,VAN,G,,,8,281,,,,B,5225,00,E,42,0,0,000000000,00000000000,0,0,0,1,0,0,0,0,0,0,0,70,0,0,0,12,12,2,3,8,0,0,0,1,22,70403,6,1,0,0,3,0,70,175,0,0,0,0,0,0,0,0,0,0,0,0,0,0,2,2,70,1,1,2,1,0,0,1,80,7,1,2,13,0,0
22,220070,1,2,1,28,1,8,34,12,6,1,0,22,1,42,39,42039,4,1985,WDBDB22C2FF0,W,D,B,D,B,2,2,C,2,F,F,0,0,P,MERZ,19D,4D,85,17,2635,,0,1049,,D,,F,4,134,,,15R185,,,,,,0,0,000000000,00000000000,0,0,0,1,0,0,0,0,0,0,0,40,0,0,0,12,12,6,2,12,0,0,0,1,22,70431,6,1,0,0,3,0,70,155,0,0,0,0,0,0,0,0,0,0,39,0,0,0,1,2,35,1,1,2,1,3,3,1,17,1,1,1,86,1,0
22,220070,2,2,1,28,1,8,34,12,6,1,0,22,2,19,480,19480,31,2003,1GYEK63N13R1,1,G,Y,E,K,6,3,N,1,3,R,1,0,P,CADI,ESC,UT,3,17,5560,,0,1160,,G,,F,8,364,,,17R265,,,,,,0,0,000000000,00000000000,0,0,0,1,0,0,0,0,0,0,0,25,0,0,0,2,2,6,2,12,0,0,0,1,22,70435,6,1,0,0,3,0,73,205,0,0,0,0,0,0,0,0,0,0,0,0,0,0,1,2,35,1,1,9,1,3,3,1,66,1,1,1,87,0,0
22,220071,1,1,1,31,1,13,49,43,0,1,0,22,1,12,37,12037,4,2007,3FAHP07107R1,3,F,A,H,P,0,7,1,0,7,R,1,0,P,FORD,F/E,4D,7,17,3101,,0,1074,,G,,F,6,183,,,16R205,,,,,,0,0,000000000,00000000000,0,0,0,1,0,0,0,0,0,0,0,999,0,0,0,12,12,6,2,43,0,0,0,1,22,70605,6,1,0,0,3,0,66,140,0,0,0,0,0,0,0,0,0,9,0,0,0,0,5,4,98,1,1,1,1,0,0,1,13,1,1,4,15,1,0
22,220072,1,2,1,16,2,5,42,12,2,1,0,22,1,20,421,20421,15,2000,1GNCS13W5Y22,1,G,N,C,S,1,3,W,5,Y,2,2,0,P,CHEV,BZR,UT,0,17,3671,,0,1070,,G,,F,6,262,,,15R205,,,,,,0,0,000000000,00000000000,0,0,0,1,0,0,0,0,0,0,0,55,0,0,0,12,12,6,2,12,0,0,0,1,22,70437,6,1,0,0,3,0,66,165,0,0,0,0,0,0,0,0,0,0,24,0,0,0,1,2,55,1,1,2,1,0,0,1,10,1,1,2,50,1,0
22,220072,2,2,1,16,2,5,42,12,2,1,0,22,1,13,421,13421,15,2005,5LMFU27555LJ,5,L,M,F,U,2,7,5,5,5,L,J,0,P,LINC,NAV,UT,5,17,5601,,0,1190,,G,,F,8,330,,,18R255,,,,,,0,0,000000000,00000000000,0,0,0,1,0,0,0,0,0,0,0,55,0,0,0,12,12,6,2,12,0,0,0,1,22,70433,6,1,0,0,3,3,65,195,0,0,0,0,0,0,0,0,0,0,0,0,0,0,1,2,55,1,1,2,1,0,0,1,62,1,1,1,51,0,0
22,220073,1,1,1,16,2,1,30,21,0,1,0,22,2,53,404,53404,14,2008,JS3TE9474841,J,S,3,T,E,9,4,7,4,8,4,1,0,P,SUZI,GVT,UT,8,17,3505,,0,1039,,G,,F,6,165,,,17R225,,,,,,0,0,000000000,00000000000,0,0,0,1,0,0,0,0,0,0,0,55,0,0,0,2,2,4,3,3,0,0,0,1,22,70433,6,1,0,0,3,3,72,229,0,0,1,1,0,11,2009,5,2010,0,24,0,0,0,2,2,55,3,1,2,1,0,0,14,13,1,1,4,1,1,1
22,220074,1,1,1,20,2,20,50,8,0,1,0,22,2,35,47,35047,4,1994,1N4BU31D6RC1,1,N,4,B,U,3,1,D,6,R,C,1,0,P,NISS,AGS,4D,94,17,2729,,0,1031,,G,,F,4,146,,,15R205,,,,,,0,0,000000000,00000000000,0,0,0,1,0,0,0,0,0,0,0,999,0,0,0,12,12,4,3,8,0,0,0,1,22,70002,6,8,0,0,3,0,76,270,0,0,0,0,0,0,0,0,0,9,36,0,0,0,2,3,40,1,1,2,1,0,0,1,80,1,1,1,13,0,1
22,220075,1,2,1,22,2,18,13,12,6,1,0,22,1,12,16,12016,4,1999,2FAFP71W2XX2,2,F,A,F,P,7,1,W,2,X,X,2,0,P,FORD,CVP,4D,99,17,3917,,0,1147,,G,,F,8,281,,,16R225,,,,,,0,0,000000000,00000000000,0,0,0,1,0,0,0,0,0,0,0,999,0,0,0,12,12,4,3,12,0,0,0,1,22,71235,1,1,0,0,2,0,72,350,0,3,0,0,0,3,2008,5,2010,0,38,92,0,0,1,2,25,9,9,9,1,20,3,1,17,1,1,1,86,0,0
22,220075,2,2,1,22,2,18,13,12,6,1,0,22,1,72,706,72706,80,1996,1HD1DDL1XTY6,1,H,D,1,D,D,L,1,X,T,Y,6,0,M,HD,FHT,RS,96,17,,,,,,,1340,,2,,4,711,,,,,,,0,0,000000000,00000000000,0,0,0,1,0,0,0,0,0,0,0,999,0,0,0,4,4,4,3,12,0,0,0,1,28,71268,6,1,0,0,3,0,68,185,0,0,0,0,0,0,0,0,0,0,0,0,0,0,5,4,45,1,1,2,1,0,0,1,66,1,1,1,87,1,0
22,220076,1,1,2,24,2,19,6,34,0,1,0,22,1,14,6,14006,4,2002,2MEFM75W12X6,2,M,E,F,M,7,5,W,1,2,X,6,0,P,MERC,MGL,4D,2,17,3970,,0,1147,,G,,F,8,281,,,16R225,,,,,,0,0,000000000,00000000000,0,0,0,1,0,0,0,0,0,0,0,55,0,1,5,81,81,2,3,34,0,0,0,1,22,70560,6,1,0,0,3,0,67,245,0,0,0,0,0,0,0,0,0,0,24,58,0,0,1,2,55,3,1,2,1,40,3,14,13,6,4,4,7,1,1
22,220077,1,1,3,1,1,9,47,23,0,1,0,22,2,41,402,41402,14,2006,4F2YZ02Z56KM,4,F,2,Y,Z,0,2,Z,5,6,K,M,0,P,MAZD,TRI,UT,6,17,3192,,0,1031,,G,,F,4,140,,,16R235,,,,,,0,0,000000000,00000000000,0,0,0,1,0,0,0,0,0,0,0,65,0,1,5,11,13,6,2,1,0,0,0,1,22,70394,6,1,0,0,3,0,67,175,0,2,0,0,0,9,2009,9,2009,1,87,0,0,0,2,2,55,3,1,1,2,28,3,15,6,1,2,4,7,1,0
22,220078,1,1,2,20,2,1,0,52,0,1,0,22,2,37,31,37031,4,2009,1HGFA16569L0,1,H,G,F,A,1,6,5,6,9,L,0,0,P,HOND,UCL,4D,9,17,2687,,0,1063,,G,,F,4,110,,,16R205,,,,,,0,0,000000000,00000000000,0,0,0,1,0,0,0,0,0,0,0,45,0,1,5,12,12,6,2,3,0,0,0,1,22,70301,6,1,0,0,3,0,76,275,0,0,0,0,0,0,0,0,0,0,51,91,0,0,1,2,45,2,1,2,2,0,0,14,12,1,1,4,6,1,1
22,220079,1,1,1,1,3,23,8,59,0,1,0,22,1,23,481,23481,31,2004,2GTEC19V7411,2,G,T,E,C,1,9,V,7,4,1,1,0,T,GMC,NC1,4C,4,17,,2,1575,1435,SIE,G,,,8,293,,,,B,4548,00,4,42,0,0,000000000,00000000000,0,0,0,1,0,0,0,0,0,0,0,87,0,1,5,12,11,6,2,42,0,0,0,1,22,71003,6,1,0,0,3,0,69,195,0,0,0,0,0,0,0,0,0,1,24,0,0,0,1,2,30,3,2,2,1,0,0,14,13,1,1,4,1,1,0
22,220080,1,1,1,2,3,21,24,8,0,1,0,22,1,42,42,42042,4,2010,WDDGF5EB7AR1,W,D,D,G,F,5,E,B,7,A,R,1,0,P,MERZ,C30,4D,10,17,3527,,0,1087,,G,,F,6,183,,,17R225,,,,,,0,0,000000000,00000000000,0,0,0,1,0,0,0,0,0,0,0,999,0,0,0,12,12,4,3,8,0,0,0,1,22,70665,6,1,0,0,3,3,65,200,0,0,0,0,0,0,0,0,0,0,0,0,0,0,2,2,60,1,3,2,1,0,0,1,80,1,1,1,13,0,0
22,220081,1,1,1,3,3,6,59,33,0,1,0,12,2,53,705,53705,80,2006,JS1GN79A7621,J,S,1,G,N,7,9,A,7,6,2,1,0,M,SUZI,GX6,RC,6,17,,,,,,,600,,4,,4,458,,,,,,,0,0,000000000,00000000000,0,0,0,1,0,0,0,0,0,0,0,60,0,0,0,14,14,6,2,1,0,0,0,1,48,39359,6,1,0,0,3,0,999,999,1,4,0,0,0,3,2009,11,2010,1,0,0,0,0,4,2,25,2,1,2,1,0,0,14,12,1,1,4,6,1,0
22,220082,1,1,1,4,3,8,39,35,0,1,0,22,2,23,481,23481,31,2001,1GTEC14W11Z1,1,G,T,E,C,1,4,W,1,1,Z,1,0,T,GMC,NC1,PK,1,17,,2,1330,1190,SIE,G,,,6,262,,,,B,4125,00,U,42,0,0,000000000,00000000000,0,0,0,1,0,0,0,0,0,0,0,55,0,1,5,12,12,6,2,1,0,0,0,1,22,70586,6,1,0,0,3,0,70,130,0,0,0,0,0,0,0,0,0,0,24,0,0,0,1,2,55,3,1,2,2,40,3,14,9,1,4,4,7,1,0
22,220083,1,1,1,4,3,22,47,32,0,1,0,22,2,9,11,9011,4,1989,1P3BK46DXKC4,1,P,3,B,K,4,6,D,X,K,C,4,0,P,PLYM,RLE,4D,89,17,2424,,0,1003,,G,,F,4,135,,,13R175,,,,,,0,0,000000000,00000000000,0,0,0,1,0,0,0,0,0,0,0,55,0,1,5,12,13,6,2,30,0,0,0,1,22,70462,6,1,0,0,3,0,60,500,0,0,0,0,0,0,0,0,0,0,0,0,0,0,1,2,55,2,1,2,2,0,0,14,12,1,1,4,6,1,1
22,220084,1,1,1,5,3,2,10,35,0,1,0,13,1,58,37,58037,2,2007,JNKCV54E67M9,J,N,K,C,V,5,4,E,6,7,M,9,0,P,INFI,G35,CP,7,17,3388,,0,1122,,G,,F,6,214,,,17R225,,,,,,0,0,000000000,00000000000,0,0,0,1,0,0,0,0,0,0,0,999,0,0,0,14,14,6,2,2,0,0,1,1,22,30044,4,2,0,0,2,2,68,165,0,0,0,0,0,0,0,0,0,1,73,0,0,0,1,2,45,2,2,2,1,0,0,14,12,1,1,4,6,1,1
22,220085,1,1,1,5,3,8,7,8,0,1,1,99,9,99,999,99999,99,9999,999999999999,9,9,9,9,9,9,9,9,9,9,9,9,0,,,,,,,,,,,,,,,,,,,,,,,,,0,0,000000000,00000000000,0,0,0,1,0,0,0,0,0,0,0,999,0,0,0,12,12,6,2,8,0,0,0,1,99,99999,9,9,99,9,9,9,999,999,99,99,99,99,99,99,9999,99,9999,9,0,0,0,0,1,2,98,1,1,2,2,0,0,1,80,99,1,1,13,0,0
22,220087,1,1,1,7,3,6,0,8,0,1,0,22,1,49,32,49032,4,2002,1NXBR12E52Z6,1,N,X,B,R,1,2,E,5,2,Z,6,0,P,TOYT,UCS,4D,2,17,2405,,0,970,,G,,F,4,109,,,14R175,,,,,,0,0,000000000,00000000000,0,0,0,1,0,0,0,0,0,0,0,45,0,0,0,12,12,4,3,8,0,0,0,1,22,70449,6,1,0,0,3,0,67,170,0,0,0,0,0,0,0,0,0,0,0,0,0,0,1,2,55,1,1,2,1,0,0,1,80,11,1,2,13,0,0