STATE,ST_CASE,VEH_NO,VE_FORMS,NUMOCCS,DAY,MONTH,HOUR,MINUTE,HARM_EV,MAN_COLL,UNITTYPE,HIT_RUN,REG_STAT,OWNER,MAKE,MODEL,MAK_MOD,BODY_TYP,MOD_YEAR,VIN,VIN_1,VIN_2,VIN_3,VIN_4,VIN_5,VIN_6,VIN_7,VIN_8,VIN_9,VIN_10,VIN_11,VIN_12,TOW_VEH,VINTYPE,VINMAKE,VINA_MOD,VIN_BT,VINMODYR,VIN_LNGT,VIN_WGT,WGTCD_TR,WHLBS_LG,WHLBS_SH,SER_TR,FUELCODE,MCYCL_DS,CARBUR,CYLINDER,DISPLACE,MCYCL_CY,MCYCL_WT,TIRE_SZE,TON_RAT,TRK_WT,TRKWTVAR,VIN_REST,WHLDRWHL,J_KNIFE,MCARR_I1,MCARR_I2,MCARR_ID,GVWR,V_CONFIG,CARGO_BT,HAZ_INV,HAZ_PLAC,HAZ_ID,HAZ_CNO,HAZ_REL,BUS_USE,SPEC_USE,EMER_USE,TRAV_SP,UNDERIDE,ROLLOVER,ROLINLOC,IMPACT1,IMPACT2,DEFORMED,TOWED,M_HARM,VEH_SC1,VEH_SC2,FIRE_EXP,DR_PRES,L_STATE,DR_ZIP,L_STATUS,L_TYPE,CDL_STAT,L_ENDORS,L_COMPL,L_RESTRI,DR_HGT,DR_WGT,PREV_ACC,PREV_SUS,PREV_DWI,PREV_SPD,PREV_OTH,FIRST_MO,FIRST_YR,LAST_MO,LAST_YR,SPEEDREL,DR_SF1,DR_SF2,DR_SF3,DR_SF4,VTRAFWAY,VNUM_LAN,VSPD_LIM,VALIGN,VPROFILE,VPAVETYP,VSURCOND,VTRAFCON,VTCONT_F,P_CRASH1,P_CRASH2,P_CRASH3,PCRASH4,PCRASH5,ACC_TYPE,DEATHS,DR_DRINK
22,220088,1,2,1,7,3,20,38,12,6,1,0,28,2,12,3,12003,2,2003,1FAFP40483F4,1,F,A,F,P,4,0,4,8,3,F,4,0,P,FORD,MUS,CP,3,17,3114,,0,1013,,G,,F,6,232,,,16R225,,,,,,0,0,000000000,00000000000,0,0,0,1,0,0,0,0,0,0,0,55,0,0,0,2,2,6,2,12,0,0,0,1,22,70403,6,1,0,0,3,0,70,160,0,0,0,0,1,8,2009,8,2009,0,24,0,0,0,1,2,55,3,1,2,1,40,3,14,10,1,4,2,64,1,0
22,220088,2,2,2,7,3,20,38,12,6,1,0,22,1,37,32,37032,4,1999,1HGCG5640XA1,1,H,G,C,G,5,6,4,0,X,A,1,0,P,HOND,ULX,4D,99,17,3053,,0,1069,,G,,F,4,138,,,15R195,,,,,,0,0,000000000,00000000000,0,0,0,1,0,0,0,0,0,0,0,45,0,0,0,12,12,6,2,12,0,0,0,1,22,70403,6,1,6,0,3,0,74,230,0,0,0,0,0,0,0,0,0,0,24,0,0,0,1,2,55,1,1,2,1,0,0,1,62,1,1,1,65,0,0
22,220089,1,1,1,7,3,23,30,21,0,1,0,22,1,20,36,20036,2,2001,2G1WX15K1191,2,G,1,W,X,1,5,K,1,1,9,1,0,P,CHEV,MSS,CP,1,17,3395,,0,1075,,G,,F,6,231,,,16R225,,,,,,0,0,000000000,00000000000,0,0,0,1,0,0,0,0,0,0,0,94,0,0,0,82,82,6,2,21,0,0,1,1,22,70062,6,1,0,0,3,0,67,115,0,0,1,1,0,1,2009,2,2011,1,36,24,0,0,2,2,60,3,1,2,1,0,0,14,6,1,4,4,7,1,1
22,220090,1,2,1,9,3,3,43,12,2,1,0,48,1,7,482,7482,31,2010,1D7RV1CT9AS2,1,D,7,R,V,1,C,T,9,A,S,2,0,T,DODG,150,CW,10,17,,2,0,1400,RPC,G,,,8,348,,,,B,5308,00,7,44,0,0,000000000,00000000000,0,0,0,1,0,0,0,0,0,0,0,55,7,1,1,12,12,6,2,12,0,0,0,1,48,77433,6,1,0,0,3,0,999,999,0,0,0,3,0,9,2009,4,2010,1,91,0,0,0,1,2,55,1,1,2,1,0,0,1,10,1,1,2,50,0,1
22,220090,2,2,1,9,3,3,43,12,2,1,0,22,1,12,481,12481,31,1978,F10GNBG8135,F,1,0,G,N,B,G,8,1,3,5,,0,T,FORD,F10,PK,78,11,,1,1665,1170,COF,G,,,8,302,,,,B,3559,01,,42,0,0,000000000,00000000000,0,0,0,1,0,0,0,0,0,0,0,55,0,0,0,12,12,6,2,12,0,0,0,1,22,70374,6,1,0,0,3,0,68,200,0,0,0,0,0,0,0,0,0,0,0,0,0,0,1,2,55,1,1,2,1,0,0,1,62,1,1,1,51,1,0
22,220091,1,1,3,9,3,12,20,1,0,1,0,22,2,14,401,14401,14,2000,4M2ZU66P7YUJ,4,M,2,Z,U,6,6,P,7,Y,U,J,0,P,MERC,MOU,UT,0,17,3845,,0,1116,,G,,F,8,302,,,15R225,,,,,,0,0,000000000,00000000000,0,0,0,1,0,0,0,0,0,0,0,70,0,1,1,0,0,6,2,1,0,0,1,1,26,70443,1,1,0,0,2,0,71,197,0,1,0,0,0,9,2008,9,2008,0,24,0,0,0,2,2,70,1,1,2,2,0,0,1,1,7,1,2,98,1,0
22,220092,1,2,1,9,3,15,45,12,2,1,0,22,2,20,20,20020,4,2001,2G1WL52J5111,2,G,1,W,L,5,2,J,5,1,1,1,0,P,CHEV,LUM,4D,1,17,3330,,0,1075,,G,,F,6,191,,,15R205,,,,,,0,0,000000000,00000000000,0,0,0,1,0,0,0,0,0,0,0,55,0,0,0,12,12,6,2,12,0,0,0,1,22,70341,6,1,0,0,3,0,73,215,0,0,0,0,0,0,0,0,0,0,24,91,36,0,1,2,55,2,1,2,1,0,0,14,10,1,1,2,50,0,1
22,220092,2,2,3,9,3,15,45,12,2,1,0,22,2,12,37,12037,4,2007,1FAFP34N47W3,1,F,A,F,P,3,4,N,4,7,W,3,0,P,FORD,FMS,4D,7,17,2636,,0,1029,,G,,F,4,122,,,15R195,,,,,,0,0,000000000,00000000000,0,0,0,1,0,0,0,0,0,0,0,55,0,0,0,12,12,6,2,12,0,0,0,1,22,70374,6,1,0,0,3,0,59,180,0,0,0,0,0,0,0,0,0,0,0,0,0,0,1,2,55,3,1,2,1,0,0,14,62,9,1,1,51,1,0
22,220093,1,2,1,10,3,17,50,12,1,1,0,17,3,51,881,51881,66,1998,4VA7BBJF2WN7,4,V,A,7,B,B,J,F,2,W,N,7,1,T,VOLV,VVN,TR,98,17,,7,0,0,VVN,D,,,6,855,,,,,00000,00,,42,1,57,600382,57600382,3,6,97,1,0,0,0,0,0,0,0,0,0,0,0,6,6,4,1,12,0,0,0,1,1,35540,6,1,6,0,3,0,73,205,0,8,0,3,1,2,2009,8,2010,0,54,0,0,0,2,2,65,1,1,2,1,0,0,5,53,1,1,1,21,0,0
22,220093,2,2,1,10,3,17,50,12,1,1,0,22,2,52,34,52034,4,2000,4A3AA46G8YE1,4,A,3,A,A,4,6,G,8,Y,E,1,0,P,MITS,GES,4D,0,17,3075,,0,1037,,G,,F,4,143,,,15R195,,,,,,0,0,000000000,00000000000,0,0,0,1,0,0,0,0,0,0,0,65,2,0,0,12,12,6,2,12,0,0,1,1,22,71065,6,1,0,0,3,0,65,105,0,0,0,0,0,0,0,0,0,0,0,0,0,0,2,2,65,1,1,2,1,0,0,1,50,1,1,1,20,1,0
22,220094,1,2,1,11,3,0,25,12,1,1,0,22,2,37,402,37402,14,2006,JHLRD68566C0,J,H,L,R,D,6,8,5,6,6,C,0,0,P,HOND,CRV,UT,6,17,3318,,0,1033,,G,,F,4,146,,,16R215,,,,,,0,0,000000000,00000000000,0,0,0,1,0,0,0,0,0,0,0,70,0,0,0,12,12,4,3,12,0,0,0,1,22,70427,1,1,0,0,2,0,74,156,0,1,0,0,0,1,2011,1,2011,0,91,92,0,0,2,2,65,1,1,2,1,0,0,1,51,8,1,1,24,0,0
22,220094,2,2,1,11,3,0,25,12,1,1,0,22,2,12,471,12471,30,1999,1FTYR10C0XPA,1,F,T,Y,R,1,0,C,0,X,P,A,0,T,FORD,RNG,PK,99,17,,1,1175,1116,RNG,G,,,4,153,,,,B,00000,00,U,42,0,0,000000000,00000000000,0,0,0,1,0,0,0,0,0,0,0,45,0,1,2,6,6,6,2,1,0,0,0,1,22,70427,6,1,0,0,3,0,72,220,0,0,0,0,0,0,0,0,0,1,24,0,0,0,2,2,65,1,1,2,1,0,0,1,53,1,1,1,25,1,1
22,220095,1,2,3,12,3,19,17,12,6,1,0,22,1,52,34,52034,4,1997,4A3AJ56G8VE1,4,A,3,A,J,5,6,G,8,V,E,1,0,P,MITS,UEL,4D,97,17,2943,,0,1037,,G,,F,4,143,,,14R185,,,,,,0,0,000000000,00000000000,0,0,0,1,0,0,0,0,0,0,0,45,0,0,0,9,9,6,2,12,0,0,0,1,22,70548,0,0,0,0,0,0,999,999,99,99,99,99,99,99,9999,99,9999,0,24,39,0,0,1,2,50,1,9,9,1,20,3,1,17,1,1,1,89,1,0
22,220095,2,2,3,12,3,19,17,12,6,1,0,22,2,20,421,20421,15,2002,1GNEC13Z62R2,1,G,N,E,C,1,3,Z,6,2,R,2,0,P,CHEV,CTA,UT,2,17,4828,,0,1160,,F,,F,8,325,,,16R265,,,,,,0,0,000000000,00000000000,0,0,0,1,0,0,0,0,0,0,0,45,0,0,0,12,12,6,2,12,0,0,0,1,22,70526,6,1,0,0,3,0,71,160,0,0,0,0,0,0,0,0,0,0,0,0,0,0,1,2,50,1,1,2,1,0,0,1,66,1,1,1,88,0,0
22,220096,1,4,2,13,3,20,20,12,6,1,0,22,1,23,481,23481,31,2005,2GTEK13T7511,2,G,T,E,K,1,3,T,7,5,1,1,0,T,GMC,NK1,CW,5,17,,2,0,1435,SIE,G,,,8,325,,,,B,5299,00,E,44,0,0,000000000,00000000000,0,0,0,1,0,0,0,0,0,0,0,71,0,0,0,7,11,6,2,12,0,0,0,1,22,71353,6,1,0,0,3,0,74,240,0,0,0,0,0,0,0,0,0,0,24,29,36,34,2,2,70,1,1,1,1,0,0,6,53,1,1,6,47,0,1
22,220096,2,4,1,13,3,20,20,12,6,1,0,22,2,42,401,42401,14,2001,4JGAB54E31A2,4,J,G,A,B,5,4,E,3,1,A,2,0,P,MERZ,ML3,UT,1,17,4586,,0,1110,,G,,F,6,195,,,16R255,,,,,,0,0,000000000,00000000000,0,0,0,1,0,0,0,0,0,0,0,70,0,0,0,1,1,2,1,12,0,0,0,1,22,70812,6,1,0,0,3,0,66,160,0,0,0,1,1,9,2009,11,2010,0,36,91,0,0,2,2,70,1,1,1,1,0,0,1,64,1,1,1,45,0,0
22,220096,3,4,1,13,3,20,20,12,6,1,0,17,3,98,804,98804,66,2008,5KJJABCK08PZ,5,K,J,J,A,B,C,K,0,8,P,Z,1,T,WSTR,49X,TR,8,17,,8,0,0,CNV,D,,,6,855,,,,,00000,00,,64,1,57,115179,57115179,3,6,2,2,2,2218,8,1,0,0,0,67,0,0,0,8,8,2,3,12,0,0,0,1,48,77590,6,1,6,1,3,1,999,999,0,0,0,1,0,7,2009,7,2009,0,0,0,0,0,2,2,70,1,1,1,1,0,0,1,64,1,1,1,98,0,0
22,220096,4,4,5,13,3,20,20,12,6,1,0,22,1,54,35,54035,4,1997,JH4UA3646VC0,J,H,4,U,A,3,6,4,6,V,C,0,0,P,ACUR,32T,4D,97,17,3349,,0,1118,,G,,F,6,196,,,15R205,,,,,,0,0,000000000,00000000000,0,0,0,1,0,0,0,0,0,0,0,70,0,0,0,12,12,6,2,2,0,0,1,1,22,70535,6,1,0,0,3,0,67,150,0,0,0,1,0,7,2010,7,2010,0,24,0,0,0,2,2,70,1,1,1,1,0,0,1,64,1,1,1,98,5,0
22,220097,1,1,1,13,3,21,42,8,0,1,0,22,1,7,442,7442,20,2005,2D4GP44L75R3,2,D,4,G,P,4,4,L,7,5,R,3,0,T,DODG,GSX,ES,5,17,,1,0,1193,CAR,G,,,6,230,,,,,4222,00,E,42,0,0,000000000,00000000000,0,0,0,1,0,0,0,0,0,0,0,40,0,0,0,12,12,4,3,8,0,0,0,1,22,70734,6,1,0,0,3,0,61,115,0,1,0,1,1,10,2008,9,2010,0,92,0,0,0,5,2,45,1,1,2,1,0,0,1,80,1,1,1,13,0,0
22,220098,1,1,1,14,3,7,0,8,0,1,0,22,3,90,981,90981,50,1996,1BAAHCSA9TF0,1,B,A,A,H,C,S,A,9,T,F,0,0,T,BLUI,,,96,17,,,,,,,,,,,,,,,,,,,0,88,888888888,88888888888,3,21,22,1,0,0,0,0,1,0,0,15,0,0,0,14,14,0,1,8,0,0,0,1,22,70592,6,1,6,0,3,1,69,199,0,0,0,0,0,0,0,0,0,0,0,0,0,0,1,2,25,1,1,2,1,0,0,3,98,1,1,1,98,0,0
22,220099,1,2,2,16,3,20,38,12,6,1,0,22,2,20,403,20403,14,2006,1GNDS13S2622,1,G,N,D,S,1,3,S,2,6,2,2,0,P,CHEV,TRL,UT,6,17,4417,,0,1130,,G,,F,6,256,,,16R235,,,,,,0,0,000000000,00000000000,0,0,0,1,0,0,0,0,0,0,0,20,0,0,0,9,9,6,2,12,0,0,0,1,22,70354,6,1,0,0,3,0,62,115,0,0,0,0,0,0,0,0,0,0,38,0,0,0,1,2,45,1,9,9,1,4,3,1,17,1,1,1,89,1,0
22,220099,2,2,1,16,3,20,38,12,6,1,0,22,3,84,881,84881,66,2003,2HSCNAERX3C0,2,H,S,C,N,A,E,R,X,3,C,0,1,T,INTL,94I,TR,3,17,,8,0,0,940,D,,,6,855,,,,,00000,00,,64,1,57,286600,57286600,3,6,3,1,0,0,0,0,0,0,0,60,0,0,0,12,12,4,3,12,0,0,0,1,22,70514,6,1,6,0,3,0,68,189,0,0,0,0,0,0,0,0,0,0,0,0,0,0,2,2,65,1,1,2,1,0,0,1,66,1,1,1,88,0,0
22,220101,1,4,1,18,3,13,45,12,8,1,0,47,2,20,481,20481,31,2010,3GCRKSE34AG1,3,G,C,R,K,S,E,3,4,A,G,1,0,T,CHEV,2SK,CW,10,17,,2,0,1435,SIL,F,,,8,323,,,,B,5346,00,,44,0,0,000000000,00000000000,0,0,0,1,0,0,0,0,0,0,0,65,0,0,0,11,12,6,2,12,0,0,0,1,22,70652,1,1,0,0,2,0,64,142,0,1,1,2,0,2,2009,9,2010,0,24,0,0,0,1,2,55,1,1,2,1,0,0,1,10,1,1,2,64,1,0
22,220101,2,4,1,18,3,13,45,12,8,1,0,22,2,23,481,23481,31,2002,1GTHK29U62E2,1,G,T,H,K,2,9,U,6,2,E,2,0,T,GMC,2KH,4C,2,17,,2,1575,1430,SIE,G,,,8,364,,,,C,5497,03,U,44,0,0,000000000,00000000000,0,0,0,1,0,0,0,0,0,0,0,43,0,0,0,8,8,2,3,12,0,0,0,1,22,70660,6,1,0,0,3,0,68,205,0,0,0,0,0,0,0,0,0,0,0,0,0,0,1,2,55,1,1,2,1,0,0,1,62,1,1,1,65,0,0
22,220101,3,4,1,18,3,13,45,12,8,1,0,22,1,49,472,49472,30,2004,5TEHN72N24Z4,5,T,E,H,N,7,2,N,2,4,Z,4,0,T,TOYT,DCL,CW,4,17,,1,0,1219,TAC,G,,,6,206,,,,B,3705,00,U,44,0,0,000000000,00000000000,0,0,0,1,0,0,0,0,0,0,0,40,0,0,0,63,63,2,1,12,0,0,0,1,22,70663,6,1,0,0,3,0,72,185,0,0,0,0,0,0,0,0,0,0,0,0,0,0,1,2,55,1,1,2,1,0,0,1,54,1,1,1,98,0,0
22,220101,4,4,1,18,3,13,45,12,8,1,0,22,2,20,481,20481,31,2001,1GCEK19T11E2,1,G,C,E,K,1,9,T,1,1,E,2,0,T,CHEV,SK1,4C,1,17,,2,1575,1435,SIL,G,,,8,325,,,,B,4776,00,,44,0,0,000000000,00000000000,0,0,0,1,0,0,0,0,0,0,0,35,0,0,0,12,12,6,2,12,0,0,0,1,22,70633,6,1,0,0,3,0,66,120,0,0,0,0,0,0,0,0,0,0,0,0,0,0,1,2,55,1,1,2,1,0,0,1,54,7,1,1,98,0,0
22,220102,1,1,4,18,3,16,25,8,0,1,0,22,3,12,461,12461,22,2010,1FDFE4FS7ADA,1,F,D,F,E,4,F,S,7,A,D,A,0,T,FORD,4DC,YY,10,17,,4,1760,1580,CTV,G,,,10,415,,,,D,5613,00,M,42,0,0,000000000,00000000000,0,0,0,1,0,0,0,0,0,0,0,30,0,0,0,12,12,2,1,8,0,0,0,1,22,71369,6,1,0,0,3,0,73,220,0,0,0,1,0,11,2010,11,2010,0,24,0,0,0,1,2,55,3,1,2,1,0,0,14,80,8,1,2,13,0,0
22,220103,1,1,1,19,3,13,42,53,0,1,0,22,1,20,481,20481,31,1991,1GCFC24K3MZ1,1,G,C,F,C,2,4,K,3,M,Z,1,0,T,CHEV,GC2,PK,91,17,,2,0,1315,GM4,G,,,8,350,,,,C,00000,00,,42,0,0,000000000,00000000000,0,0,0,1,0,0,0,0,0,0,0,998,0,0,0,12,12,6,2,42,0,0,0,1,22,71342,6,1,4,0,3,3,65,138,0,0,0,0,0,0,0,0,0,0,24,0,0,0,1,2,25,3,1,2,1,0,0,14,13,1,1,4,1,1,0
22,220104,1,2,1,21,3,15,5,12,1,1,0,22,1,49,46,49046,4,2001,JT2BK12U1100,J,T,2,B,K,1,2,U,1,1,0,0,0,P,TOYT,PRI,4D,1,17,2765,,0,1004,,B,,F,4,091,,,14R175,,,,,,0,0,000000000,00000000000,0,0,0,1,0,0,0,0,0,0,0,65,0,0,0,12,12,6,2,12,36,0,0,1,22,70714,6,1,0,0,3,0,67,200,0,0,0,0,0,0,0,0,0,0,24,0,0,0,2,2,70,1,1,1,1,0,0,1,50,6,1,1,20,1,0
22,220104,2,2,1,21,3,15,5,12,1,1,0,22,2,12,422,12422,15,2008,1FMFU17528LA,1,F,M,F,U,1,7,5,2,8,L,A,0,P,FORD,EPT,UT,8,17,5578,,0,1190,,G,,F,8,329,,,17R265,,,,,,0,0,000000000,00000000000,0,0,0,1,0,0,0,0,0,0,0,0,0,0,0,6,6,6,2,12,0,0,0,1,22,70737,6,1,0,0,3,3,72,210,0,0,0,1,0,10,2010,10,2010,0,0,0,0,0,2,2,70,1,1,1,1,0,0,5,53,1,1,1,21,0,0
22,220105,1,3,1,22,3,18,45,12,2,1,0,28,2,49,472,49472,30,2003,5TEHN72N23Z2,5,T,E,H,N,7,2,N,2,3,Z,2,0,T,TOYT,DCL,CW,3,17,,1,0,1219,TAC,G,,,6,206,,,,B,3692,00,U,44,0,0,000000000,00000000000,0,0,0,1,0,0,0,0,0,0,0,55,0,0,0,12,12,6,2,12,0,0,0,1,28,39301,6,1,0,0,3,0,70,180,0,0,0,0,0,0,0,0,0,0,24,91,0,0,1,2,55,1,1,2,1,0,0,1,10,1,1,2,50,0,0
22,220105,2,3,2,22,3,18,45,12,2,1,0,22,1,20,481,20481,31,2008,1GCEC14X48Z3,1,G,C,E,C,1,4,X,4,8,Z,3,0,T,CHEV,SC1,PK,8,17,,2,1330,1190,SIL,G,,,6,262,,,,B,4453,01,,42,0,0,000000000,00000000000,0,0,0,1,0,0,0,0,0,0,0,55,0,0,0,12,12,6,2,12,0,0,0,1,22,70582,6,1,0,0,3,3,64,195,0,0,0,0,0,0,0,0,0,0,0,0,0,0,1,2,55,1,1,2,1,0,0,1,62,6,1,1,51,1,0
22,220105,3,3,1,22,3,18,45,12,2,1,0,22,1,52,46,52046,4,2010,JA32U8FW5AU0,J,A,3,2,U,8,F,W,5,A,U,0,0,P,MITS,LGT,4D,10,17,3010,,0,1037,,G,,F,4,145,,,18R215,,,,,,0,0,000000000,00000000000,0,0,0,1,0,0,0,0,0,0,0,55,0,0,0,12,12,2,3,34,0,0,0,1,22,70501,6,1,0,0,3,0,72,190,0,0,0,0,0,0,0,0,0,0,0,0,0,0,1,2,55,1,1,2,1,0,0,1,98,1,1,4,98,0,0
22,220106,1,1,1,24,3,0,30,8,0,1,0,22,1,20,421,20421,15,2007,1GNFC13J67R1,1,G,N,F,C,1,3,J,6,7,R,1,0,P,CHEV,CTA,UT,7,17,5443,,0,1160,,G,,F,8,323,,,17R265,,,,,,0,0,000000000,00000000000,0,0,0,1,0,0,0,0,0,0,0,50,0,0,0,12,12,2,1,8,0,0,0,1,22,70737,6,1,0,0,3,3,70,185,0,0,0,0,0,0,0,0,0,0,0,0,0,0,2,2,55,1,1,1,1,0,0,1,80,1,1,1,13,0,0
22,220107,1,1,1,25,3,4,15,42,0,1,0,22,1,53,481,53481,31,2011,5Z62D0CT2BC4,5,Z,6,2,D,0,C,T,2,B,C,4,0,T,SUZI,EBS,PC,11,17,,1,0,1259,EQU,G,,,4,153,,,,,3686,00,7,42,0,0,000000000,00000000000,0,0,0,1,0,0,0,0,0,0,0,55,0,0,0,12,12,6,2,42,0,0,0,1,22,70764,6,1,0,0,3,0,68,198,0,0,0,0,0,0,0,0,0,0,24,0,0,0,1,2,55,2,1,2,1,40,3,14,12,1,1,4,6,1,0
22,220108,1,1,1,25,3,6,55,42,0,1,0,22,1,53,705,53705,80,2001,JS1GN7BA8121,J,S,1,G,N,7,B,A,8,1,2,1,0,M,SUZI,G60,RC,1,17,,,,,,,600,,4,,4,359,,,,,,,0,0,000000000,00000000000,0,0,0,1,0,0,0,0,0,0,0,58,0,0,0,12,12,6,2,42,0,0,0,1,22,71485,6,1,0,0,3,0,73,180,0,0,0,4,0,9,2009,4,2010,1,0,0,0,0,1,2,45,2,1,2,1,0,0,14,12,1,1,4,6,1,0
22,220109,1,1,1,25,3,8,10,1,0,1,0,48,1,12,481,12481,31,1997,1FTDX1864VNA,1,F,T,D,X,1,8,6,4,V,N,A,0,T,FORD,F15,3C,97,17,,1,1570,1390,COF,G,,,8,281,,,,B,4480,01,E,44,0,0,000000000,00000000000,0,0,0,1,0,0,0,0,0,0,0,70,0,2,5,0,13,6,2,1,0,0,0,1,48,75932,1,1,0,0,2,0,999,999,0,6,1,0,0,4,2008,9,2008,1,24,58,0,0,1,2,55,1,2,2,1,0,0,1,12,7,4,4,7,1,1
22,220110,1,2,2,28,3,9,7,12,6,1,0,22,1,76,706,76706,80,2003,JYAVP11E03A0,J,Y,A,V,P,1,1,E,0,3,A,0,0,M,YAMA,XVA,RS,3,17,,,,,,,1063,,2,,4,600,,,,,,,0,0,000000000,00000000000,0,0,0,1,0,0,0,0,0,0,0,999,0,0,0,11,10,2,3,12,0,0,0,1,22,70518,6,1,0,0,3,0,68,280,0,0,0,0,0,0,0,0,0,0,38,0,0,0,1,2,55,1,1,9,1,1,3,10,16,1,1,2,78,1,0
22,220110,2,2,1,28,3,9,7,12,6,1,0,48,3,84,881,84881,66,2005,1HSXRAPT75J1,1,H,S,X,R,A,P,T,7,5,J,1,1,T,INTL,59I,TR,5,17,,8,0,0,590,D,,,6,915,,,,,00000,00,,64,1,57,1014498,571014498,3,6,3,1,0,0,0,0,0,0,0,40,0,0,0,4,4,2,1,12,0,0,0,1,48,75663,6,1,6,0,3,0,999,999,0,6,0,0,0,12,2008,12,2010,0,0,0,0,0,2,2,55,1,1,2,1,1,3,1,65,1,1,1,79,0,0
22,220111,1,2,1,29,3,6,3,12,1,1,0,22,2,6,54,6054,6,2004,2C8GF68484R3,2,C,8,G,F,6,8,4,8,4,R,3,0,P,CHRY,PIF,UT,4,17,4546,,0,1163,,G,,F,6,214,,,17R235,,,,,,0,0,000000000,00000000000,0,0,0,1,0,0,0,0,0,0,0,55,2,0,0,12,12,6,2,12,0,0,0,1,22,70460,6,1,0,0,3,0,69,120,0,0,0,0,0,0,0,0,0,0,0,0,0,0,1,2,55,1,1,2,1,0,0,1,50,1,1,1,20,1,0
22,220111,2,2,1,29,3,6,3,12,1,1,0,28,3,87,881,87881,66,2002,1XP5DB9X32N5,1,X,P,5,D,B,9,X,3,2,N,5,1,T,PTRB,379,TR,2,17,,8,0,0,CON,D,,,6,893,,,,,00000,00,,64,1,57,965703,57965703,3,6,4,1,0,0,0,0,0,0,0,0,0,0,0,6,6,6,2,12,0,0,0,1,28,39571,6,1,6,0,3,0,68,150,0,0,0,0,0,0,0,0,0,0,54,0,0,0,1,2,55,1,1,2,1,0,0,5,53,1,1,1,21,0,0
22,220112,1,2,1,29,3,20,19,12,1,1,0,22,1,12,422,12422,15,2008,1FMFU17548LA,1,F,M,F,U,1,7,5,4,8,L,A,0,P,FORD,EPT,UT,8,17,5578,,0,1190,,G,,F,8,329,,,17R265,,,,,,0,0,000000000,00000000000,0,0,0,1,0,0,0,0,0,0,0,55,0,0,0,12,12,6,2,12,0,0,0,1,22,70810,6,1,0,0,3,3,64,225,0,0,0,0,0,0,0,0,0,1,24,0,0,0,1,2,45,1,1,2,1,3,3,1,50,1,1,1,20,1,0
22,220112,2,2,1,29,3,20,19,12,1,1,0,22,3,82,881,82881,62,2009,1FVACWDJ69DA,1,F,V,A,C,W,D,J,6,9,D,A,0,T,FRHT,16M,CC,9,17,,6,0,0,FM2,D,,,6,439,,,,,00000,00,,42,0,88,888888888,88888888888,2,1,1,1,0,0,0,0,0,0,0,0,0,0,0,6,6,4,3,12,0,0,0,1,22,70501,6,1,0,0,3,0,71,205,0,1,0,0,1,4,2008,8,2009,0,0,0,0,0,1,2,45,1,1,2,1,3,3,5,53,1,1,1,21,0,0
22,220113,1,1,1,30,3,0,15,42,0,1,0,22,1,49,43,49043,4,2001,4T1BF28B01U1,4,T,1,B,F,2,8,B,0,1,U,1,0,P,TOYT,UVS,4D,1,17,3428,,0,1071,,G,,F,6,183,,,15R205,,,,,,0,0,000000000,00000000000,0,0,0,1,0,0,0,0,0,0,0,999,0,0,0,9,9,9,2,42,0,0,0,1,22,70737,6,1,0,0,3,0,68,113,0,0,0,0,0,0,0,0,0,1,24,0,0,0,1,2,25,2,1,2,2,0,0,14,9,7,4,4,2,1,1
22,220114,1,1,1,31,3,16,30,1,0,1,0,22,2,12,422,12422,15,2004,1FMFU17L34LB,1,F,M,F,U,1,7,L,3,4,L,B,0,P,FORD,EPT,UT,4,17,5339,,0,1191,,G,,F,8,330,,,17R265,,,,,,0,0,000000000,00000000000,0,0,0,1,0,0,0,0,0,0,0,74,0,1,5,0,0,6,2,1,0,0,1,1,48,77630,6,1,0,0,3,0,999,999,0,0,0,0,0,0,0,0,0,0,24,0,0,0,1,2,55,2,1,2,1,0,0,14,12,1,1,4,6,1,0
22,220115,1,1,1,31,3,23,16,33,0,1,0,22,5,49,40,49040,4,2003,4T1BE32K63U7,4,T,1,B,E,3,2,K,6,3,U,7,0,P,TOYT,UXS,4D,3,17,2993,,0,1071,,G,,F,4,144,,,15R205,,,,,,0,0,000000000,00000000000,0,0,0,1,0,0,0,0,0,0,0,84,0,0,0,14,81,6,2,19,0,0,0,1,22,70390,6,1,0,0,3,0,67,230,0,0,0,0,0,0,0,0,0,1,24,58,0,0,1,2,40,1,1,2,1,0,0,1,13,6,4,4,7,1,1
22,220116,1,2,1,2,4,14,48,12,6,1,0,22,1,48,401,48401,14,2004,JF1SG65644H7,J,F,1,S,G,6,5,6,4,4,H,7,0,P,SUBA,FOR,UT,4,17,3095,,0,994,,G,,F,4,150,,,16R215,,,,,,0,0,000000000,00000000000,0,0,0,1,0,0,0,0,0,0,0,15,0,0,0,83,63,6,2,12,0,0,0,1,22,71111,6,1,0,0,3,3,66,180,0,0,0,0,0,0,0,0,0,0,38,0,0,0,2,2,45,1,1,1,1,3,3,11,15,1,1,1,68,0,0
22,220116,2,2,1,2,4,14,48,12,6,1,0,22,1,76,706,76706,80,2007,JYAVP17E57A0,J,Y,A,V,P,1,7,E,5,7,A,0,0,M,YAMA,X17,RS,7,17,,,,,,,1670,,2,,4,688,,,,,,,0,0,000000000,00000000000,0,0,0,1,0,0,0,0,0,0,0,45,0,0,0,12,12,6,2,12,0,0,0,1,22,71112,6,1,0,0,3,0,72,270,0,0,0,0,0,0,0,0,0,0,0,0,0,0,2,2,45,1,1,1,1,3,3,1,62,1,1,1,69,1,0