STATE,ST_CASE,VEH_NO,VE_FORMS,NUMOCCS,DAY,MONTH,HOUR,MINUTE,HARM_EV,MAN_COLL,UNITTYPE,HIT_RUN,REG_STAT,OWNER,MAKE,MODEL,MAK_MOD,BODY_TYP,MOD_YEAR,VIN,VIN_1,VIN_2,VIN_3,VIN_4,VIN_5,VIN_6,VIN_7,VIN_8,VIN_9,VIN_10,VIN_11,VIN_12,TOW_VEH,VINTYPE,VINMAKE,VINA_MOD,VIN_BT,VINMODYR,VIN_LNGT,VIN_WGT,WGTCD_TR,WHLBS_LG,WHLBS_SH,SER_TR,FUELCODE,MCYCL_DS,CARBUR,CYLINDER,DISPLACE,MCYCL_CY,MCYCL_WT,TIRE_SZE,TON_RAT,TRK_WT,TRKWTVAR,VIN_REST,WHLDRWHL,J_KNIFE,MCARR_I1,MCARR_I2,MCARR_ID,GVWR,V_CONFIG,CARGO_BT,HAZ_INV,HAZ_PLAC,HAZ_ID,HAZ_CNO,HAZ_REL,BUS_USE,SPEC_USE,EMER_USE,TRAV_SP,UNDERIDE,ROLLOVER,ROLINLOC,IMPACT1,IMPACT2,DEFORMED,TOWED,M_HARM,VEH_SC1,VEH_SC2,FIRE_EXP,DR_PRES,L_STATE,DR_ZIP,L_STATUS,L_TYPE,CDL_STAT,L_ENDORS,L_COMPL,L_RESTRI,DR_HGT,DR_WGT,PREV_ACC,PREV_SUS,PREV_DWI,PREV_SPD,PREV_OTH,FIRST_MO,FIRST_YR,LAST_MO,LAST_YR,SPEEDREL,DR_SF1,DR_SF2,DR_SF3,DR_SF4,VTRAFWAY,VNUM_LAN,VSPD_LIM,VALIGN,VPROFILE,VPAVETYP,VSURCOND,VTRAFCON,VTCONT_F,P_CRASH1,P_CRASH2,P_CRASH3,PCRASH4,PCRASH5,ACC_TYPE,DEATHS,DR_DRINK
22,220117,1,2,1,5,4,19,9,12,6,1,1,22,2,2,404,2404,14,1999,1J4G258S6XC7,1,J,4,G,2,5,8,S,6,X,C,7,0,T,JEEP,LRO,4W,99,17,,1,0,1059,GCK,G,,,6,242,,,,,3632,00,E,42,0,0,000000000,00000000000,0,0,0,1,0,0,0,0,0,0,0,15,0,0,0,82,82,4,1,12,0,0,0,1,22,71291,1,1,0,0,2,0,62,160,0,2,0,0,0,11,2008,11,2009,0,38,0,0,0,1,2,35,1,1,2,1,0,0,11,15,1,1,1,68,0,0
22,220117,2,2,1,5,4,19,9,12,6,1,0,22,1,37,705,37705,80,2005,JH2RC44565M8,J,H,2,R,C,4,4,5,6,5,M,8,0,M,HOND,T7D,RS,5,17,,,,,,,745,,2,,4,496,,,,,,,0,0,000000000,00000000000,0,0,0,1,0,0,0,0,0,0,0,40,0,0,0,12,12,6,2,12,0,0,0,1,48,71291,6,1,0,0,3,0,999,999,0,0,0,2,0,5,2008,6,2008,0,24,0,0,0,1,2,35,1,1,2,1,0,0,1,62,1,1,1,69,1,0
22,220118,1,1,2,13,4,7,99,8,0,1,0,22,1,49,482,49482,31,2010,5TFDW5F13AX1,5,T,F,D,W,5,F,1,3,A,X,1,0,T,TOYT,CRW,CW,10,17,,2,0,1457,TUN,F,,,8,348,,,,B,5625,00,7,44,0,0,000000000,00000000000,0,0,0,1,0,0,0,0,0,0,0,998,0,0,0,12,12,4,1,8,0,0,0,1,22,71301,6,1,0,0,3,0,71,240,0,0,0,0,0,0,0,0,0,0,0,0,0,0,2,2,35,1,1,2,1,0,0,2,80,1,1,1,13,0,0
22,220119,1,1,2,30,1,17,45,8,0,1,0,22,1,12,481,12481,31,2000,1FTRX17WXYNA,1,F,T,R,X,1,7,W,X,Y,N,A,0,T,FORD,F15,4C,0,17,,2,1571,1385,COF,G,,,8,281,,,,B,4204,05,U,42,0,0,000000000,00000000000,0,0,0,1,0,0,0,0,0,0,0,55,0,0,0,12,12,4,1,8,0,0,0,1,22,70360,6,1,0,0,3,0,67,195,0,0,0,0,0,0,0,0,0,0,0,0,0,0,2,2,55,1,1,2,2,0,0,1,80,2,1,1,13,0,0
22,220120,1,1,1,1,4,18,29,43,0,1,0,22,2,58,33,58033,4,1995,JNKCP01D9ST5,J,N,K,C,P,0,1,D,9,S,T,5,0,P,INFI,G20,4D,95,17,2877,,0,1004,,G,,F,4,122,,,14R195,,,,,,0,0,000000000,00000000000,0,0,0,1,0,0,0,0,0,0,0,60,0,1,1,62,61,6,2,1,0,0,0,1,22,70426,3,1,0,0,2,0,65,200,0,0,0,0,0,0,0,0,0,1,24,0,0,0,1,2,30,1,1,2,1,0,0,1,9,1,3,4,2,1,0
22,220121,1,4,1,6,4,10,8,12,6,1,0,22,1,41,35,41035,4,1998,JM1BC1416W02,J,M,1,B,C,1,4,1,6,W,0,2,0,P,MAZD,PDS,4D,98,17,2385,,0,1026,,G,,F,4,091,,,13R175,,,,,,0,0,000000000,00000000000,0,0,0,1,0,0,0,0,0,0,0,32,0,0,0,1,1,4,3,12,0,0,0,1,22,71292,6,1,0,0,3,0,67,220,0,0,0,0,0,0,0,0,0,0,39,0,0,0,1,4,35,1,1,1,1,3,3,1,17,1,1,1,87,1,0
22,220121,2,4,1,6,4,10,8,12,6,1,0,22,1,49,40,49040,4,2003,4T1BE32K93U2,4,T,1,B,E,3,2,K,9,3,U,2,0,P,TOYT,UXS,4D,3,17,2993,,0,1071,,G,,F,4,144,,,15R205,,,,,,0,0,000000000,00000000000,0,0,0,1,0,0,0,0,0,0,0,35,0,0,0,12,12,6,2,12,0,0,0,1,22,71203,6,1,0,0,3,3,66,215,0,0,0,0,0,0,0,0,0,0,0,0,0,0,1,2,30,1,1,9,1,3,3,1,66,1,1,1,86,0,0
22,220121,3,4,1,6,4,10,8,12,6,1,0,22,3,12,881,12881,62,2005,3FRWF65995V1,3,F,R,W,F,6,5,9,9,5,V,1,1,T,FORD,F66,CC,5,17,,6,0,0,COF,D,,,6,439,,,,D,00000,00,,42,1,88,888888888,88888888888,2,4,96,1,0,0,0,0,0,0,0,0,0,0,0,1,1,2,1,12,0,0,0,1,22,71292,6,1,6,0,3,0,76,245,0,0,0,0,0,0,0,0,0,0,0,0,0,0,1,4,35,1,1,1,1,3,3,5,66,1,1,1,98,0,0
22,220121,4,4,2,6,4,10,8,12,6,1,0,22,1,18,7,18007,4,1998,2G4WS52M1W15,2,G,4,W,S,5,2,M,1,W,1,5,0,P,BUIC,CCU,4D,98,17,3255,,0,1090,,G,,F,6,191,,,15R205,,,,,,0,0,000000000,00000000000,0,0,0,1,0,0,0,0,0,0,0,0,0,0,0,10,10,4,3,12,0,0,0,1,22,71291,6,1,0,0,3,0,61,140,0,0,0,0,0,0,0,0,0,0,0,0,0,0,1,4,35,1,1,1,1,3,3,5,66,1,1,1,98,0,0
22,220122,1,2,1,14,4,10,28,32,0,1,0,22,3,87,881,87881,63,2007,1NPAL00X67D7,1,N,P,A,L,0,0,X,6,7,D,7,0,T,PTRB,357,CC,7,17,,8,0,0,CON,D,,,6,659,,,,,00000,00,,64,0,88,888888888,88888888888,3,2,5,1,0,0,0,0,0,0,0,53,0,1,6,12,12,4,3,1,0,0,0,1,22,70570,6,1,6,0,3,0,68,170,0,1,0,1,0,4,2008,4,2008,0,91,0,0,0,2,2,55,1,1,2,1,0,0,1,13,9,1,4,1,0,0
22,220122,2,2,2,14,4,10,28,32,0,1,0,22,3,7,482,7482,31,2011,3D7TT2CTXBG5,3,D,7,T,T,2,C,T,X,B,G,5,0,T,DODG,250,CW,11,17,,2,1690,1490,RPC,G,,,8,348,,,,C,6232,02,K,44,0,0,000000000,00000000000,0,0,0,1,0,0,0,0,0,0,0,10,0,0,0,13,13,6,2,12,0,0,0,1,22,70560,6,1,0,0,3,3,72,245,0,0,0,0,0,0,0,0,0,0,0,0,0,0,2,2,55,1,1,2,1,0,0,10,98,1,1,5,98,1,0
22,220123,1,2,1,14,4,11,22,12,6,1,0,22,2,14,6,14006,4,2003,2MEFM74W83X6,2,M,E,F,M,7,4,W,8,3,X,6,0,P,MERC,GMG,4D,3,17,3958,,0,1147,,G,,F,8,281,,,16R225,,,,,,0,0,000000000,00000000000,0,0,0,1,0,0,0,0,0,0,0,10,0,0,0,10,10,6,2,12,0,0,0,1,22,70586,6,1,0,0,3,3,60,120,0,0,0,0,0,0,0,0,0,0,38,0,0,0,1,2,35,1,1,2,1,20,3,11,15,1,1,1,82,1,0
22,220123,2,2,2,14,4,11,22,12,6,1,0,22,3,12,461,12461,21,2009,1FDFE45SX9DA,1,F,D,F,E,4,5,S,X,9,D,A,0,T,FORD,4DC,YY,9,17,,4,1760,1380,CTV,G,,,10,415,,,,D,00000,00,M,42,0,88,888888888,88888888888,1,20,22,1,0,0,0,0,6,3,0,45,0,0,0,12,12,6,2,12,0,0,0,1,22,70535,6,1,6,0,3,1,64,178,0,0,0,0,0,0,0,0,0,0,0,0,0,0,1,2,45,1,1,9,1,0,0,1,67,1,1,1,83,0,0
22,220124,1,2,2,16,4,2,19,12,6,1,0,48,2,22,16,22016,2,2001,1G2JB1249173,1,G,2,J,B,1,2,4,9,1,7,3,0,P,PONT,SFS,CP,1,17,2606,,0,1041,,G,,F,4,133,,,14R195,,,,,,0,0,000000000,00000000000,0,0,0,1,0,0,0,0,0,0,0,999,0,0,0,3,3,6,2,12,0,0,0,1,22,70601,6,1,0,0,3,0,72,168,0,0,0,0,0,0,0,0,0,0,39,0,0,0,1,2,25,1,1,9,1,20,3,1,17,1,1,1,87,1,1
22,220124,2,2,2,16,4,2,19,12,6,1,0,22,2,22,20,22020,4,2008,2G2WP5521811,2,G,2,W,P,5,5,2,1,8,1,1,0,P,PONT,GRA,4D,8,17,3477,,0,1105,,G,,F,6,232,,,16R225,,,,,,0,0,000000000,00000000000,0,0,0,1,0,0,0,0,0,0,0,999,0,0,0,12,12,4,3,12,0,0,0,1,22,70601,6,1,0,0,3,0,76,225,0,0,0,0,0,0,0,0,0,0,0,0,0,0,2,2,35,1,1,2,1,0,0,1,66,1,1,1,86,0,0
22,220125,1,1,1,16,4,18,56,9,0,1,0,22,2,12,3,12003,2,2007,1ZVFT85H2751,1,Z,V,F,T,8,5,H,2,7,5,1,0,P,FORD,MGT,CV,7,17,3356,,0,1071,,G,,F,8,281,,,17R235,,,,,,0,0,000000000,00000000000,0,0,0,1,0,0,0,0,0,0,0,999,0,0,0,12,12,4,1,9,0,0,0,1,22,70816,6,1,0,0,3,3,71,150,0,0,0,0,0,0,0,0,0,0,91,0,0,0,5,4,45,1,1,2,1,0,0,1,80,1,1,1,13,0,1
22,220126,1,1,1,20,4,22,37,10,0,1,0,48,1,49,40,49040,4,2002,4T1BE32K32U0,4,T,1,B,E,3,2,K,3,2,U,0,0,P,TOYT,LXS,4D,2,17,3086,,0,1071,,G,,F,4,144,,,15R205,,,,,,0,0,000000000,00000000000,0,0,0,1,0,0,0,0,0,0,0,999,0,0,0,3,3,6,2,10,0,0,0,1,48,70005,6,1,0,0,3,0,999,999,0,0,0,0,0,0,0,0,0,0,0,0,0,0,1,2,35,1,2,2,1,65,3,1,91,1,1,1,15,1,0
22,220127,1,2,1,22,4,12,30,12,6,1,0,22,1,35,43,35043,4,2007,3N1AB61E77L6,3,N,1,A,B,6,1,E,7,7,L,6,0,P,NISS,SL2,4D,7,17,2853,,0,1057,,G,,F,4,122,,,15R205,,,,,,0,0,000000000,00000000000,0,0,0,1,0,0,0,0,0,0,0,999,0,0,0,10,10,6,2,12,0,0,0,1,22,70791,6,1,0,0,3,0,69,170,0,0,0,0,0,0,0,0,0,0,24,38,0,0,1,2,30,1,9,9,1,20,3,1,17,1,1,1,89,1,0
22,220127,2,2,6,22,4,12,30,12,6,1,0,22,2,7,482,7482,31,2009,1D3HB13P69S7,1,D,3,H,B,1,3,P,6,9,S,7,0,T,DODG,150,CW,9,17,,2,0,1400,RPC,G,,,8,287,,,,B,5064,00,K,42,0,0,000000000,00000000000,0,0,0,1,0,0,0,0,0,0,0,55,0,0,0,12,12,6,2,12,0,0,0,1,22,70809,6,1,0,0,3,0,70,260,0,0,0,0,0,0,0,0,0,0,24,0,0,0,2,2,55,1,1,1,1,0,0,1,66,6,1,1,88,0,0
22,220128,1,1,2,24,4,20,23,8,0,1,0,22,1,20,481,20481,31,2006,2GCEC13TX611,2,G,C,E,C,1,3,T,X,6,1,1,0,T,CHEV,SC1,CW,6,17,,2,0,1435,SIL,G,,,8,323,,,,B,4987,00,,42,0,0,000000000,00000000000,0,0,0,1,0,0,0,0,0,0,0,40,0,0,0,12,12,4,3,8,0,0,0,1,22,70346,6,1,0,0,3,3,61,200,0,0,0,0,0,0,0,0,0,0,0,0,0,0,1,2,40,1,1,2,1,0,0,1,80,8,1,2,13,0,0
22,220129,1,1,1,27,4,8,20,34,0,1,0,22,1,72,706,72706,80,2007,1HD1FV4127Y6,1,H,D,1,F,V,4,1,2,7,Y,6,0,M,HD,FHT,RS,7,17,,,,,,,1584,,2,,4,738,,,,,,,0,0,000000000,00000000000,0,0,0,1,0,0,0,0,0,0,0,45,0,0,0,12,12,4,3,34,0,0,0,1,22,70533,6,1,0,0,3,0,72,280,0,0,0,0,0,0,0,0,0,0,0,0,0,0,1,2,55,2,1,2,1,40,3,14,12,1,1,4,6,1,0
22,220130,1,3,2,22,1,10,11,12,6,1,0,22,1,6,43,6043,4,2004,1C3EL46JX4N3,1,C,3,E,L,4,6,J,X,4,N,3,0,P,CHRY,SLX,4D,4,17,3106,,0,1080,,G,,F,4,148,,,15R205,,,,,,0,0,000000000,00000000000,0,0,0,1,0,0,0,0,0,0,0,999,0,0,0,3,3,6,2,12,0,0,0,1,22,71203,6,1,0,0,3,0,66,225,0,0,0,1,0,11,2010,11,2010,0,24,38,0,0,1,4,30,9,9,9,1,3,3,1,17,1,1,1,87,1,0
22,220130,2,3,2,22,1,10,11,12,6,1,0,22,3,12,481,12481,31,2008,1FTSW21R28ED,1,F,T,S,W,2,1,R,2,8,E,D,0,T,FORD,F2S,CW,8,17,,2,1720,1560,SRW,D,,,8,390,,,,C,6523,01,E,44,0,0,000000000,00000000000,0,0,0,1,0,0,0,0,0,0,0,35,0,0,0,12,12,4,3,12,0,0,0,1,22,71292,6,1,4,0,3,0,70,220,0,0,0,0,0,0,0,0,0,0,0,0,0,0,2,2,50,1,1,2,1,3,3,1,66,9,1,1,86,0,0
22,220130,3,3,3,22,1,10,11,12,6,1,0,22,2,14,6,14006,4,2003,2MEFM75W33X6,2,M,E,F,M,7,5,W,3,3,X,6,0,P,MERC,MGL,4D,3,17,3958,,0,1147,,G,,F,8,281,,,16R225,,,,,,0,0,000000000,00000000000,0,0,0,1,0,0,0,0,0,0,0,35,0,0,0,12,12,4,3,12,0,0,0,1,22,71220,6,1,0,0,3,0,69,220,0,0,0,1,1,9,2008,4,2010,0,0,0,0,0,2,2,50,1,1,2,1,3,3,1,60,4,1,1,98,0,0
22,220131,1,2,1,13,2,14,50,24,0,1,0,22,1,34,706,34706,80,1986,WB1046402G64,W,B,1,0,4,6,4,0,2,G,6,4,0,M,BMW,R8T,RS,86,17,,,,,,,800,,2,,4,455,,,,,,,0,0,000000000,00000000000,0,0,0,1,0,0,0,0,0,0,0,40,0,0,0,12,12,2,3,24,0,0,0,1,22,70380,6,1,0,0,3,0,67,176,0,0,0,0,0,0,0,0,0,0,28,0,0,0,1,2,55,3,1,2,1,0,0,14,10,1,1,4,6,0,0
22,220131,2,2,1,13,2,14,50,24,0,1,0,22,1,37,706,37706,80,2004,1HFSC550X4A0,1,H,F,S,C,5,5,0,X,4,A,0,0,M,HOND,13V,RS,4,17,,,,,,,1312,,2,,4,641,,,,,,,0,0,000000000,00000000000,0,0,0,1,0,0,0,0,0,0,0,45,0,0,0,2,2,2,3,24,0,0,0,1,22,70726,6,1,0,0,3,0,68,180,0,0,0,0,0,0,0,0,0,0,0,0,0,0,1,2,55,3,1,2,1,0,0,14,62,7,1,4,98,1,0
22,220132,1,2,2,11,3,4,29,12,1,1,0,22,2,20,37,20037,4,2009,1G1ZH57B09F1,1,G,1,Z,H,5,7,B,0,9,F,1,0,P,CHEV,ML1,4D,9,17,3436,,0,1123,,G,,F,4,146,,,17R215,,,,,,0,0,000000000,00000000000,0,0,0,1,0,0,0,0,0,0,0,999,3,0,0,12,12,6,2,12,0,0,1,1,22,71118,6,1,0,0,3,0,73,170,0,0,0,0,0,0,0,0,0,1,0,0,0,0,5,2,45,1,1,2,1,0,0,1,51,1,1,1,24,2,1
22,220132,2,2,1,11,3,4,29,12,1,1,0,18,3,51,881,51881,66,2011,4V4NC9EJ8BN2,4,V,4,N,C,9,E,J,8,B,N,2,1,T,VOLV,VNL,TR,11,17,,8,0,0,VVN,D,,,6,793,,,,,00000,00,,64,1,57,327574,57327574,3,6,28,1,0,0,0,0,0,0,0,999,0,0,0,6,6,9,8,12,0,0,0,1,28,39211,6,1,6,0,3,0,70,200,0,0,0,1,0,2,2010,2,2010,0,0,0,0,0,5,2,45,1,1,2,1,0,0,11,53,1,1,2,26,0,0
22,220133,1,2,2,1,4,22,50,12,1,1,0,22,2,49,43,49043,4,1999,4T1BF18B2XU2,4,T,1,B,F,1,8,B,2,X,U,2,0,P,TOYT,UVS,4D,99,17,3340,,0,1071,,G,,F,6,183,,,15R205,,,,,,0,0,000000000,00000000000,0,0,0,1,0,0,0,0,0,0,0,84,2,1,5,12,12,6,2,1,0,0,0,1,22,70663,6,1,0,0,3,0,70,175,0,0,0,1,0,8,2010,8,2010,1,23,24,36,91,2,2,65,1,1,2,1,0,0,1,51,1,1,1,24,0,1
22,220133,2,2,4,1,4,22,50,12,1,1,0,22,1,7,482,7482,31,1996,3B7HC13YXTG1,3,B,7,H,C,1,3,Y,X,T,G,1,0,T,DODG,150,PC,96,17,,2,1547,1387,RPC,G,,,8,318,,,,B,4333,01,M,42,0,0,000000000,00000000000,0,0,0,1,0,0,0,0,0,0,0,60,0,1,5,6,13,6,2,42,0,0,0,1,22,71446,6,1,0,0,3,0,72,172,0,0,0,0,0,0,0,0,0,0,0,0,0,0,2,2,65,1,1,2,1,0,0,1,53,1,1,1,25,3,0
22,220134,1,1,1,2,4,1,0,59,0,1,0,22,1,72,706,72706,80,2008,1HD1FF41X8Y6,1,H,D,1,F,F,4,1,X,8,Y,6,0,M,HD,FHC,RS,8,17,,,,,,,1584,,2,,4,828,,,,,,,0,0,000000000,00000000000,0,0,0,1,0,0,0,0,0,0,0,60,0,0,0,12,12,4,3,35,0,0,0,1,22,70542,6,1,4,0,3,0,73,220,0,1,0,0,0,10,2009,10,2009,0,0,0,0,0,1,2,55,3,1,2,1,40,3,14,9,1,2,4,2,1,1
22,220135,1,1,1,2,4,4,40,43,0,1,0,22,2,49,32,49032,4,2004,1NXBR32E34Z3,1,N,X,B,R,3,2,E,3,4,Z,3,0,P,TOYT,UCS,4D,4,17,2502,,0,1024,,G,,F,4,109,,,15R185,,,,,,0,0,000000000,00000000000,0,0,0,1,0,0,0,0,0,0,0,60,0,0,0,12,12,6,2,43,0,0,0,1,22,70503,6,1,0,0,3,3,70,150,0,0,0,1,2,11,2009,2,2010,1,24,0,0,0,1,2,35,2,1,2,1,40,3,14,6,1,3,4,7,1,1
22,220136,1,1,1,2,4,20,21,8,0,1,0,22,1,20,37,20037,4,2003,1G1ND52J63M6,1,G,1,N,D,5,2,J,6,3,M,6,0,P,CHEV,MAL,4D,3,17,3106,,0,1070,,G,,F,6,191,,,15R215,,,,,,0,0,000000000,00000000000,0,0,0,1,0,0,0,0,0,0,0,998,0,0,0,12,12,2,8,8,0,0,0,1,22,71282,6,1,0,0,3,0,75,280,0,0,0,2,0,9,2008,4,2009,0,0,0,0,0,4,2,25,1,1,1,1,0,0,1,80,1,1,1,13,0,0
22,220137,1,1,1,2,4,21,30,32,0,1,0,22,2,20,402,20402,14,1995,2CNBJ1869S69,2,C,N,B,J,1,8,6,9,S,6,9,0,P,GEO,GEO,UT,95,17,2365,,0,866,,G,,F,4,097,,,15R205,,,,,,0,0,000000000,00000000000,0,0,0,1,0,0,0,0,0,0,0,50,0,1,5,12,12,6,2,1,0,0,0,1,22,71342,0,0,0,0,0,0,999,999,99,99,99,99,99,99,9999,99,9999,1,0,0,0,0,1,2,55,3,2,2,1,40,3,14,13,1,1,4,1,1,0
22,220138,1,1,1,3,4,5,5,8,0,1,1,99,9,99,999,99999,99,9999,999999999999,9,9,9,9,9,9,9,9,9,9,9,9,0,,,,,,,,,,,,,,,,,,,,,,,,,0,0,000000000,00000000000,0,0,0,1,0,0,0,0,0,0,0,999,0,0,0,12,12,9,1,8,0,0,0,1,99,99999,9,9,99,9,9,9,999,999,99,99,99,99,99,99,9999,99,9999,9,0,0,0,0,1,2,30,1,1,2,1,0,0,1,80,99,1,1,13,0,0
22,220139,1,2,1,3,4,10,40,12,2,1,0,22,2,73,703,73703,80,2009,JKAEXMJ179DA,J,K,A,E,X,M,J,1,7,9,D,A,0,M,KAWK,E2J,RC,9,17,,,,,,,249,,2,,4,374,,,,,,,0,0,000000000,00000000000,0,0,0,1,0,0,0,0,0,0,0,55,0,0,0,12,12,4,3,12,0,0,0,1,22,70517,6,1,0,0,3,3,62,110,0,0,0,0,0,0,0,0,0,0,0,0,0,0,1,2,55,2,1,2,1,0,0,14,10,1,1,2,50,1,0
22,220139,2,2,1,3,4,10,40,12,2,1,0,22,1,35,472,35472,30,2000,1N6DD26S3YC3,1,N,6,D,D,2,6,S,3,Y,C,3,0,T,NISS,FKX,PC,0,17,,1,0,1161,FRT,G,,,4,146,,,,B,3052,01,U,42,0,0,000000000,00000000000,0,0,0,1,0,0,0,0,0,0,0,45,0,0,0,12,12,4,3,12,0,0,0,1,22,70517,6,1,0,0,3,0,66,145,0,0,0,0,0,0,0,0,0,0,24,0,0,0,1,2,55,3,1,2,1,0,0,14,62,1,1,1,51,0,1
22,220140,1,1,1,5,4,11,15,1,0,1,0,22,2,52,401,52401,14,2003,JA4LS21H73J0,J,A,4,L,S,2,1,H,7,3,J,0,0,P,MITS,MNS,UT,3,17,3835,,0,1073,,G,,F,6,183,,,15R235,,,,,,0,0,000000000,00000000000,0,0,0,1,0,0,0,0,0,0,0,55,0,2,1,0,6,6,2,1,0,0,0,1,22,70535,6,1,0,0,3,3,66,160,0,0,0,0,0,0,0,0,0,1,24,0,0,0,1,2,55,2,1,2,1,40,3,14,12,7,3,6,98,1,0
22,220141,1,1,4,5,4,14,10,9,0,1,0,22,2,35,47,35047,4,2007,1N4AL21EX7C1,1,N,4,A,L,2,1,E,X,7,C,1,0,P,NISS,ATS,4D,7,17,3042,,0,1093,,G,,F,4,153,,,16R215,,,,,,0,0,000000000,00000000000,0,0,0,1,0,0,0,0,0,0,0,55,0,0,0,12,12,4,3,9,0,0,0,1,22,71241,6,1,0,0,3,0,62,140,0,0,0,0,0,0,0,0,0,0,0,0,0,0,1,2,55,1,3,2,1,0,0,1,83,6,1,2,13,0,0
22,220142,1,1,1,9,4,2,30,43,0,1,0,22,1,12,481,12481,31,2007,1FTRF12287KB,1,F,T,R,F,1,2,2,8,7,K,B,0,T,FORD,F15,PK,7,17,,2,1450,1260,COF,G,,,6,256,,,,B,4615,01,E,42,0,0,000000000,00000000000,0,0,0,1,0,0,0,0,0,0,0,45,0,0,0,12,12,6,2,42,0,0,0,1,22,70510,6,1,0,0,3,0,73,170,0,0,0,0,0,0,0,0,0,0,0,0,0,0,1,2,45,1,1,2,1,0,0,1,9,1,4,4,7,1,1
22,220143,1,2,1,9,4,4,15,12,8,1,0,48,2,12,481,12481,31,2004,1FTRW14W84KB,1,F,T,R,W,1,4,W,8,4,K,B,0,T,FORD,F1S,CW,4,17,,2,1450,1260,COF,G,,,8,281,,,,B,5560,00,U,44,0,0,000000000,00000000000,0,0,0,1,0,0,0,0,0,0,0,30,0,0,0,11,11,6,2,12,0,0,0,1,48,78229,1,1,0,0,2,3,999,999,0,3,0,0,0,5,2008,5,2010,0,0,0,0,0,1,2,55,2,1,2,1,0,0,14,10,1,1,2,64,1,1
22,220143,2,2,1,9,4,4,15,12,8,1,0,48,3,86,881,86881,66,2011,1M1AN07Y6BM0,1,M,1,A,N,0,7,Y,6,B,M,0,1,T,MACK,CHU,TR,11,17,,8,0,0,600,D,,,6,783,,,,,00000,00,,64,3,57,853312,57853312,3,6,2,1,0,0,0,0,0,0,0,55,0,0,0,10,10,6,2,12,0,0,0,1,40,75631,6,1,6,1,3,3,75,340,0,0,0,0,0,0,0,0,0,0,0,0,0,0,1,2,55,3,1,2,1,0,0,14,62,7,1,1,65,0,0
22,220144,1,3,1,9,4,17,35,12,2,1,0,22,2,73,706,73706,80,2007,JKAZXCD157A0,J,K,A,Z,X,C,D,1,5,7,A,0,0,M,KAWK,Z1D,RC,7,17,,,,,,,998,,4,,4,386,,,,,,,0,0,000000000,00000000000,0,0,0,1,0,0,0,0,0,0,0,55,0,0,0,12,12,6,2,12,0,0,0,1,22,70363,6,1,6,0,3,3,73,225,0,0,0,0,0,0,0,0,0,1,0,0,0,0,1,2,55,2,2,2,1,0,0,14,10,3,1,3,50,1,1
22,220144,2,3,1,9,4,17,35,12,2,1,0,22,1,7,482,7482,31,2002,1D7HA16KX2J1,1,D,7,H,A,1,6,K,X,2,J,1,0,T,DODG,150,PK,2,17,,2,1405,1205,RPC,G,,,6,225,,,,B,4366,01,E,42,0,0,000000000,00000000000,0,0,0,1,0,0,0,0,0,0,0,10,0,0,0,12,12,6,2,12,0,0,0,1,22,70346,6,1,0,0,3,0,66,200,0,0,0,0,0,0,0,0,0,0,0,0,0,0,1,2,55,1,2,2,1,0,0,2,62,1,1,1,51,0,0
22,220144,3,3,1,9,4,17,35,12,2,1,0,22,1,73,705,73705,80,2007,JKAZX4J157A0,J,K,A,Z,X,4,J,1,5,7,A,0,0,M,KAWK,ZXJ,RC,7,17,,,,,,,599,,4,,4,377,,,,,,,0,0,000000000,00000000000,0,0,0,1,0,0,0,0,0,0,0,55,0,0,0,12,12,6,2,34,0,0,0,1,22,70364,6,1,0,0,3,0,70,193,0,0,0,2,2,4,2008,4,2010,1,36,0,0,0,1,2,55,2,2,2,1,0,0,14,6,3,2,4,98,0,0
22,220145,1,1,1,10,4,0,20,26,0,1,0,22,1,53,705,53705,80,2002,JS1GN7BA2221,J,S,1,G,N,7,B,A,2,2,2,1,0,M,SUZI,G60,RC,2,17,,,,,,,599,,4,,4,359,,,,,,,0,0,000000000,00000000000,0,0,0,1,0,0,0,0,0,0,0,998,0,0,0,12,12,4,3,26,0,0,0,1,22,70737,1,1,0,0,2,0,68,170,0,1,0,1,0,5,2009,7,2010,0,0,0,0,0,6,1,50,3,2,1,1,0,0,14,13,1,1,4,1,1,1
22,220146,1,2,1,14,4,6,25,12,2,1,0,28,1,24,1,24001,4,1997,1G8ZF5286VZ4,1,G,8,Z,F,5,2,8,6,V,Z,4,0,P,STRN,SSL,4D,97,17,2264,,0,1024,,G,,F,4,116,,,14R175,,,,,,0,0,000000000,00000000000,0,0,0,1,0,0,0,0,0,0,0,55,0,0,0,12,12,6,2,12,0,0,0,1,22,70426,6,1,0,0,3,3,60,135,0,0,0,0,1,4,2010,4,2010,0,24,51,0,0,1,2,55,1,1,2,1,0,0,1,54,9,1,2,52,1,0
22,220146,2,2,1,14,4,6,25,12,2,1,0,22,1,20,481,20481,31,1990,1GCDC14K1LZ2,1,G,C,D,C,1,4,K,1,L,Z,2,0,T,CHEV,GC1,PK,90,17,,1,1415,1175,GM4,G,,,8,350,,,,B,3717,07,,42,0,0,000000000,00000000000,0,0,0,1,0,0,0,0,0,0,0,55,7,0,0,12,12,6,2,12,0,0,0,1,22,70426,6,1,0,0,3,0,74,230,0,0,0,0,0,0,0,0,0,0,0,0,0,0,1,2,55,1,1,2,1,0,0,1,54,1,1,2,52,0,0