STATE,ST_CASE,VEH_NO,VE_FORMS,NUMOCCS,DAY,MONTH,HOUR,MINUTE,HARM_EV,MAN_COLL,UNITTYPE,HIT_RUN,REG_STAT,OWNER,MAKE,MODEL,MAK_MOD,BODY_TYP,MOD_YEAR,VIN,VIN_1,VIN_2,VIN_3,VIN_4,VIN_5,VIN_6,VIN_7,VIN_8,VIN_9,VIN_10,VIN_11,VIN_12,TOW_VEH,VINTYPE,VINMAKE,VINA_MOD,VIN_BT,VINMODYR,VIN_LNGT,VIN_WGT,WGTCD_TR,WHLBS_LG,WHLBS_SH,SER_TR,FUELCODE,MCYCL_DS,CARBUR,CYLINDER,DISPLACE,MCYCL_CY,MCYCL_WT,TIRE_SZE,TON_RAT,TRK_WT,TRKWTVAR,VIN_REST,WHLDRWHL,J_KNIFE,MCARR_I1,MCARR_I2,MCARR_ID,GVWR,V_CONFIG,CARGO_BT,HAZ_INV,HAZ_PLAC,HAZ_ID,HAZ_CNO,HAZ_REL,BUS_USE,SPEC_USE,EMER_USE,TRAV_SP,UNDERIDE,ROLLOVER,ROLINLOC,IMPACT1,IMPACT2,DEFORMED,TOWED,M_HARM,VEH_SC1,VEH_SC2,FIRE_EXP,DR_PRES,L_STATE,DR_ZIP,L_STATUS,L_TYPE,CDL_STAT,L_ENDORS,L_COMPL,L_RESTRI,DR_HGT,DR_WGT,PREV_ACC,PREV_SUS,PREV_DWI,PREV_SPD,PREV_OTH,FIRST_MO,FIRST_YR,LAST_MO,LAST_YR,SPEEDREL,DR_SF1,DR_SF2,DR_SF3,DR_SF4,VTRAFWAY,VNUM_LAN,VSPD_LIM,VALIGN,VPROFILE,VPAVETYP,VSURCOND,VTRAFCON,VTCONT_F,P_CRASH1,P_CRASH2,P_CRASH3,PCRASH4,PCRASH5,ACC_TYPE,DEATHS,DR_DRINK
22,220243,1,1,1,16,6,19,58,14,0,1,0,22,2,58,37,58037,4,2006,JNKCV51E66M5,J,N,K,C,V,5,1,E,6,6,M,5,0,P,INFI,G35,4D,6,17,3449,,0,1122,,G,,F,6,214,,,17R215,,,,,,0,0,000000000,00000000000,0,0,0,1,0,0,0,0,0,0,0,999,0,0,0,12,12,6,2,14,0,0,0,1,99,99999,9,9,99,9,9,9,999,999,99,99,99,99,99,99,9999,99,9999,1,24,0,0,0,1,2,20,1,1,1,1,0,0,1,13,1,1,4,1,1,0
22,220244,1,1,1,17,6,2,50,8,0,1,0,56,3,93,981,93981,51,2004,2M93JMDA14W0,2,M,9,3,J,M,D,A,1,4,W,0,0,T,MCIN,,,4,17,,,,,,,,,,,,,,,,,,,0,88,888888888,88888888888,3,21,22,1,0,0,0,0,5,0,0,70,0,0,0,12,12,0,1,8,0,0,0,1,48,77073,6,1,6,1,3,3,999,999,0,0,0,0,0,0,0,0,0,0,0,0,0,0,2,2,70,1,1,2,1,0,0,1,80,1,1,1,13,0,0
22,220245,1,2,1,17,6,7,50,12,6,1,0,22,1,12,481,12481,31,2009,1FTSW21R79EA,1,F,T,S,W,2,1,R,7,9,E,A,0,T,FORD,F2S,CW,9,17,,2,1720,1560,SRW,D,,,8,390,,,,B,6523,01,E,44,0,0,000000000,00000000000,0,0,0,1,0,0,0,0,0,0,0,7,0,0,0,11,11,4,3,12,0,0,0,1,22,70634,6,1,0,0,3,0,72,175,0,0,0,0,0,0,0,0,0,0,38,0,0,0,1,2,55,1,9,9,1,20,3,1,17,1,1,1,89,0,0
22,220245,2,2,1,17,6,7,50,12,6,1,0,22,1,37,706,37706,80,2008,JH2RC50008M4,J,H,2,R,C,5,0,0,0,8,M,4,0,M,HOND,T7C,RS,8,17,,,,,,,745,,2,,4,519,,,,,,,0,0,000000000,00000000000,0,0,0,1,0,0,0,0,0,0,0,65,0,0,0,12,12,4,3,12,0,0,0,1,22,70658,6,1,0,0,3,3,70,220,0,0,0,1,0,3,2010,3,2010,0,0,0,0,0,2,2,65,3,1,2,1,0,0,14,17,1,1,1,88,1,0
22,220246,1,1,2,17,6,8,5,1,0,1,0,22,2,35,471,35471,30,1996,1N6SD11S3TC3,1,N,6,S,D,1,1,S,3,T,C,3,0,T,NISS,XES,PK,96,17,,1,0,1043,TRK,G,,,4,146,,,,B,00000,00,M,42,0,0,000000000,00000000000,0,0,0,1,0,0,0,0,0,0,0,999,0,2,5,0,12,6,2,32,0,0,0,1,22,70663,1,1,0,0,2,0,73,160,0,1,0,0,0,3,2011,3,2011,0,24,36,0,0,1,2,45,1,1,2,1,0,0,1,13,6,1,4,1,1,0
22,220247,1,2,1,17,6,22,51,12,6,1,0,22,1,41,45,41045,1,1999,JM1NB3530X01,J,M,1,N,B,3,5,3,0,X,0,1,0,P,MAZD,MIA,CV,99,17,2299,,0,892,,G,,F,4,112,,,14R185,,,,,,0,0,000000000,00000000000,0,0,0,1,0,0,0,0,0,0,0,999,0,0,0,12,12,6,2,12,0,0,0,1,22,70503,6,1,0,0,3,0,69,160,0,0,0,0,0,0,0,0,0,0,85,0,0,0,2,2,70,1,1,2,1,0,0,17,12,6,1,4,66,0,1
22,220247,2,2,1,17,6,22,51,12,6,1,0,22,1,2,403,2403,14,2006,1J4FA44S96P7,1,J,4,F,A,4,4,S,9,6,P,7,0,T,JEEP,LWB,2W,6,17,,1,0,1034,W/T,G,,,6,244,,,,,3579,00,E,44,0,0,000000000,00000000000,0,0,0,1,0,0,0,0,0,0,0,999,9,1,1,10,10,6,2,12,0,0,0,1,22,70578,6,1,0,0,3,0,69,150,0,0,0,0,0,0,0,0,0,0,0,0,0,0,2,2,70,1,1,2,1,0,0,1,62,1,1,1,66,1,0
22,220248,1,1,5,18,6,16,35,1,0,1,0,22,1,12,401,12401,14,2001,1FMZU73E81ZA,1,F,M,Z,U,7,3,E,8,1,Z,A,0,P,FORD,EPR,UT,1,17,4045,,0,1116,,G,,F,6,245,,,15R235,,,,,,0,0,000000000,00000000000,0,0,0,1,0,0,0,0,0,0,0,70,0,2,1,0,99,6,2,1,0,0,0,1,22,71202,6,1,0,0,3,3,69,169,0,0,0,1,0,8,2010,8,2010,0,58,0,0,0,2,2,70,1,2,2,1,0,0,1,1,6,4,6,98,1,0
22,220249,1,1,4,19,6,19,12,10,0,1,0,22,2,6,51,6051,4,2007,2C3KA43R27H7,2,C,3,K,A,4,3,R,2,7,H,7,0,P,CHRY,C30,4D,7,17,3632,,0,1200,,G,,F,6,165,,,17R215,,,,,,0,0,000000000,00000000000,0,0,0,1,0,0,0,0,0,0,0,0,0,0,0,3,3,6,2,10,0,0,0,1,22,70601,6,1,0,0,3,0,70,180,0,0,0,0,0,0,0,0,0,0,54,92,0,0,1,2,25,1,1,1,1,65,3,5,91,1,1,1,15,1,1
22,220250,1,1,1,20,6,1,40,42,0,1,0,22,2,7,472,7472,30,2002,1B7FL36Z92S5,1,B,7,F,L,3,6,Z,9,2,S,5,0,T,DODG,DSX,PK,2,17,,1,0,1119,DAK,G,,,8,360,,,,B,3336,00,E,42,0,0,000000000,00000000000,0,0,0,1,0,0,0,0,0,0,0,65,0,1,5,8,8,6,2,1,0,0,0,1,22,70449,6,1,0,0,3,0,70,155,0,0,0,1,0,9,2010,9,2010,1,24,0,0,0,1,2,55,2,1,2,1,0,0,14,12,1,1,4,6,1,1
22,220251,1,1,1,21,6,13,44,14,0,1,0,22,1,12,481,12481,31,2003,1FTNW21P53ED,1,F,T,N,W,2,1,P,5,3,E,D,0,T,FORD,F2S,CW,3,17,,2,1724,1562,SRW,D,,,8,366,,,,C,5870,04,E,44,0,0,000000000,00000000000,0,0,0,1,0,0,0,0,0,0,0,999,0,0,0,12,12,6,2,19,0,0,0,1,22,71203,6,1,0,0,3,3,71,220,0,0,0,0,0,0,0,0,0,0,24,0,0,0,1,2,25,1,1,2,1,0,0,1,13,1,1,4,1,1,0
22,220252,1,1,11,22,6,19,0,32,0,1,0,22,3,12,461,12461,21,2001,1FBSS31L71HB,1,F,B,S,S,3,1,L,7,1,H,B,0,T,FORD,WSD,ES,1,17,,2,0,1380,ECO,G,,,8,330,,,,D,6127,00,E,42,0,0,000000000,00000000000,0,0,0,1,0,0,0,0,0,0,0,60,0,0,0,12,12,6,2,32,0,0,0,1,22,71263,6,1,0,0,3,3,73,330,0,0,0,0,0,0,0,0,0,0,24,0,0,0,1,2,55,1,1,2,1,0,0,1,12,1,1,4,6,5,0
22,220253,1,2,2,25,6,16,44,35,0,1,0,5,2,20,481,20481,31,1999,1GCEC19R4XR1,1,G,C,E,C,1,9,R,4,X,R,1,0,T,CHEV,GC1,3C,99,17,,2,0,1415,GM4,G,,,8,350,,,,B,4145,00,,42,0,0,000000000,00000000000,0,0,0,1,0,0,0,0,0,0,0,69,0,1,5,99,99,6,2,1,0,0,0,1,5,71037,6,1,0,0,3,0,67,195,0,2,0,0,1,8,2010,10,2010,1,24,36,91,0,1,2,35,2,1,2,1,0,0,14,10,7,3,4,2,1,1
22,220253,2,2,1,25,6,16,44,35,0,1,0,22,1,49,482,49482,31,2007,5TBEV54197S4,5,T,B,E,V,5,4,1,9,7,S,4,0,T,TOYT,CRW,CW,7,17,,2,0,1457,TUN,G,,,8,348,,,,B,5320,00,S,42,0,0,000000000,00000000000,0,0,0,1,0,0,0,0,0,0,0,35,0,0,0,12,12,2,1,59,0,0,0,1,22,71037,6,1,0,0,3,0,69,170,0,0,0,0,0,0,0,0,0,0,0,0,0,0,1,2,35,1,1,2,1,0,0,1,62,7,1,4,98,0,0
22,220254,1,1,1,26,6,4,6,32,0,1,0,22,2,20,421,20421,15,2007,1GNFC13J37J1,1,G,N,F,C,1,3,J,3,7,J,1,0,P,CHEV,CTA,UT,7,17,5443,,0,1160,,G,,F,8,323,,,17R265,,,,,,0,0,000000000,00000000000,0,0,0,1,0,0,0,0,0,0,0,55,0,1,5,12,12,6,2,42,0,0,0,1,22,71295,6,2,0,0,2,2,64,140,0,0,0,0,0,0,0,0,0,0,24,73,0,0,1,2,55,1,1,2,1,0,0,1,12,1,1,4,6,1,1
22,220255,1,1,1,26,6,21,5,42,0,1,0,22,1,23,481,23481,31,1991,2GTFC29K0M15,2,G,T,F,C,2,9,K,0,M,1,5,0,T,GMC,SC2,PC,91,17,,2,1555,1415,SIE,G,,,8,350,,,,C,6945,14,A,42,0,0,000000000,00000000000,0,0,0,1,0,0,0,0,0,0,0,55,0,0,0,12,12,6,2,42,0,0,0,1,22,71259,6,1,6,0,3,0,68,195,0,0,0,0,0,0,0,0,0,1,24,0,0,0,1,2,55,2,1,2,1,40,3,14,12,1,1,4,6,1,0
22,220256,1,2,2,27,6,21,6,1,0,1,0,22,1,37,32,37032,4,2005,3HGCM56435G7,3,H,G,C,M,5,6,4,3,5,G,7,0,P,HOND,ULX,4D,5,17,3177,,0,1079,,G,,F,4,146,,,15R205,,,,,,0,0,000000000,00000000000,0,0,0,1,0,0,0,0,0,0,0,999,0,2,3,0,0,6,2,1,0,0,0,1,22,71107,6,1,0,0,3,0,66,153,0,0,0,0,1,7,2010,7,2010,0,80,0,0,0,2,2,60,1,1,2,1,0,0,1,1,1,4,4,7,1,0
22,220256,2,2,3,27,6,21,6,1,0,1,0,22,3,12,481,12481,31,2009,1FTPW14V39FA,1,F,T,P,W,1,4,V,3,9,F,A,0,T,FORD,F1S,CW,9,17,,2,1570,1450,COF,F,,,8,329,,,,B,5546,01,L,44,0,0,000000000,00000000000,0,0,0,1,0,0,0,0,0,0,0,999,0,0,0,12,12,6,2,12,0,0,0,1,22,71033,6,2,0,0,3,2,72,155,0,0,0,0,0,0,0,0,0,0,73,0,0,0,2,2,60,1,1,2,1,0,0,1,62,1,1,1,98,0,0
22,220257,1,2,1,28,6,15,52,12,6,1,0,22,1,13,2,13002,2,1996,1LNLM91V3TY6,1,L,N,L,M,9,1,V,3,T,Y,6,0,P,LINC,MLD,CP,96,17,3767,,0,1130,,G,,F,8,281,,,16R225,,,,,,0,0,000000000,00000000000,0,0,0,1,0,0,0,0,0,0,0,25,0,0,0,9,9,6,2,12,0,0,0,1,22,71037,6,1,0,0,3,0,65,140,0,0,0,0,0,0,0,0,0,0,39,0,0,0,1,2,35,1,1,2,1,3,3,11,15,1,1,2,82,1,0
22,220257,2,2,1,28,6,15,52,12,6,1,0,40,3,84,881,84881,66,2007,2HSCEAPR07C3,2,H,S,C,E,A,P,R,0,7,C,3,1,T,INTL,92I,TR,7,17,,8,0,0,920,D,,,6,915,,,,,00000,00,,64,1,57,260850,57260850,3,6,2,1,0,0,0,0,0,0,0,45,0,0,0,12,12,6,2,12,0,0,0,1,5,71701,6,1,6,0,3,0,73,185,0,0,0,2,0,2,2010,5,2010,0,0,0,0,0,1,2,55,1,9,9,1,3,3,1,17,6,2,1,83,0,0
22,220258,1,3,1,28,6,12,14,12,7,1,0,22,1,35,472,35472,30,2009,1N6AD09UX9C4,1,N,6,A,D,0,9,U,X,9,C,4,0,T,NISS,CLS,CW,9,17,,1,0,1399,FRT,G,,,6,244,,,,,4314,00,7,42,0,0,000000000,00000000000,0,0,0,1,0,0,0,0,0,0,0,60,0,0,0,8,9,6,2,12,32,0,0,1,22,70726,6,1,0,0,3,0,73,175,0,0,0,0,0,0,0,0,0,0,36,0,0,0,2,2,70,1,1,2,1,0,0,15,10,1,1,2,47,1,0
22,220258,2,3,1,28,6,12,14,12,7,1,0,13,3,82,881,82881,66,2003,1FUJA6CG63LK,1,F,U,J,A,6,C,G,6,3,L,K,1,T,FRHT,COL,TR,3,17,,8,0,0,CON,D,,,6,774,,,,,00000,00,,64,1,57,1906744,571906744,3,6,1,1,0,0,0,0,0,0,0,65,0,0,0,1,1,2,1,12,0,0,0,1,13,30038,6,1,6,0,3,3,74,252,98,0,0,0,3,10,2008,6,2011,0,0,0,0,0,2,2,70,1,1,2,1,0,0,1,61,1,1,1,45,0,0
22,220258,3,3,1,28,6,12,14,12,7,1,0,18,3,85,881,85881,66,2004,3WKDA48X94F0,3,W,K,D,A,4,8,X,9,4,F,0,2,T,KW,T80,TR,4,17,,8,2600,1600,CON,D,,,6,915,,,,,00000,00,,42,1,57,239039,57239039,3,7,1,1,0,0,0,0,0,0,0,64,0,0,0,12,12,4,3,12,0,0,0,1,48,77640,6,1,6,0,3,3,999,999,1,0,0,0,0,7,2009,7,2009,0,0,0,0,0,2,2,70,1,1,2,1,0,0,1,64,3,2,1,98,0,0
22,220259,1,1,2,28,4,5,4,8,0,1,0,48,1,23,481,23481,31,1994,1GTEK19K5RE5,1,G,T,E,K,1,9,K,5,R,E,5,0,T,GMC,SK1,PC,94,17,,2,1555,1415,SIE,G,,,8,350,,,,B,00000,00,A,44,0,0,000000000,00000000000,0,0,0,1,0,0,0,0,0,0,0,999,0,0,0,12,12,6,2,8,0,0,0,1,48,78266,6,1,0,0,3,0,999,999,0,0,0,2,0,10,2008,7,2010,0,0,0,0,0,5,2,55,1,1,2,1,98,8,2,80,4,1,1,13,0,0
22,220260,1,5,1,6,5,13,30,12,1,1,0,13,3,87,881,87881,66,2011,1XPHDB9X4BD1,1,X,P,H,D,B,9,X,4,B,D,1,1,T,PTRB,386,TR,11,17,,8,0,0,CON,D,,,6,893,,,,,00000,00,,64,1,77,777777777,77777777777,3,6,4,1,0,0,0,0,0,0,0,73,0,0,0,12,12,4,3,12,0,0,1,1,22,71055,6,1,6,0,3,0,73,213,0,0,0,0,0,0,0,0,0,1,0,0,0,0,2,2,60,1,1,1,1,0,0,1,51,1,1,1,24,1,0
22,220260,2,5,1,6,5,13,30,12,1,1,0,48,3,23,881,23881,61,2007,1GDJC39U97E1,1,G,D,J,C,3,9,U,9,7,E,1,0,T,GMC,NC3,4B,7,17,,3,0,1615,SIE,G,,,8,366,,,,D,5977,00,U,42,0,77,777777777,77777777777,2,1,96,1,0,0,0,0,0,0,0,999,0,0,0,6,6,4,3,12,0,0,0,1,48,75494,6,1,0,0,3,0,999,999,0,0,0,2,0,8,2009,10,2009,0,0,0,0,0,2,2,60,1,1,1,1,0,0,1,53,1,1,1,25,0,0
22,220260,3,5,2,6,5,13,30,12,1,1,0,22,1,12,401,12401,14,1989,1FMCU12T6KUA,1,F,M,C,U,1,2,T,6,K,U,A,0,P,FORD,BII,UT,89,17,2997,,0,940,,G,,F,6,177,,,15R205,,,,,,0,0,000000000,00000000000,0,0,0,1,0,0,0,0,0,0,0,999,0,1,1,6,6,6,2,12,0,0,0,1,22,71449,6,1,0,0,3,0,70,250,0,0,0,0,0,0,0,0,0,0,0,0,0,0,2,2,60,1,1,1,1,0,0,2,53,1,1,1,98,1,0
22,220260,4,5,1,6,5,13,30,12,1,1,0,48,1,24,401,24401,14,2005,5GZCZ53455S8,5,G,Z,C,Z,5,3,4,5,5,S,8,0,P,STRN,VUE,UT,5,17,3478,,0,1066,,G,,F,6,214,,,16R215,,,,,,0,0,000000000,00000000000,0,0,0,1,0,0,0,0,0,0,0,999,0,0,0,6,6,4,3,12,0,0,0,1,48,75766,6,1,0,0,3,3,999,999,0,0,0,0,0,0,0,0,0,0,0,0,0,0,2,2,60,1,1,1,1,0,0,2,53,1,1,1,98,0,0
22,220260,5,5,1,6,5,13,30,12,1,1,0,40,3,85,881,85881,66,2006,1XKWDB9X16J1,1,X,K,W,D,B,9,X,1,6,J,1,1,T,KW,W90,TR,6,17,,8,2850,1600,CON,D,,,6,893,,,,,00000,00,,64,1,57,1058705,571058705,3,6,2,1,0,0,0,0,0,0,0,999,0,0,0,81,81,4,3,12,0,0,0,1,40,74955,6,1,6,0,3,3,74,210,0,0,0,0,0,0,0,0,0,0,0,0,0,0,2,2,60,1,1,1,1,0,0,2,53,1,1,1,98,0,0
22,220261,1,2,1,15,5,0,5,54,11,1,0,22,1,53,705,53705,80,2007,JS1GN7DA5721,J,S,1,G,N,7,D,A,5,7,2,1,0,M,SUZI,G60,RC,7,17,,,,,,,599,,4,,4,354,,,,,,,0,0,000000000,00000000000,0,0,0,1,0,0,0,0,0,0,0,999,0,0,0,18,13,4,3,12,0,0,0,1,22,70075,6,1,0,0,3,0,71,175,0,0,0,0,0,0,0,0,0,1,0,0,0,0,2,2,40,1,1,2,1,3,3,1,50,3,2,1,98,1,1
22,220261,2,2,2,15,5,0,5,54,11,1,0,22,1,35,48,35048,2,2003,JN1AZ34E13T0,J,N,1,A,Z,3,4,E,1,3,T,0,0,P,NISS,3ZC,CP,3,17,3062,,0,1083,,G,,F,6,214,,,17R225,,,,,,0,0,000000000,00000000000,0,0,0,1,0,0,0,0,0,0,0,0,0,0,0,6,6,2,1,12,0,0,0,1,22,70075,6,1,0,0,3,3,68,200,0,0,0,0,0,0,0,0,0,0,0,0,0,0,2,2,40,1,1,2,1,3,3,5,53,1,1,1,98,0,0
22,220262,1,1,1,2,6,0,5,30,0,1,0,22,2,37,32,37032,4,2003,1HGCM66513A0,1,H,G,C,M,6,6,5,1,3,A,0,0,P,HOND,UEX,4D,3,17,3109,,0,1079,,G,,F,6,183,,,16R205,,,,,,0,0,000000000,00000000000,0,0,0,1,0,0,0,0,0,0,0,79,0,0,0,9,9,6,2,30,0,0,1,1,22,71001,0,0,0,0,0,0,999,999,99,99,99,99,99,99,9999,99,9999,1,24,0,0,0,1,2,55,1,1,2,1,0,0,1,10,7,3,4,2,1,0
22,220263,1,2,2,4,6,0,53,12,2,1,0,22,1,18,3,18003,4,1997,1G4CW52K0V46,1,G,4,C,W,5,2,K,0,V,4,6,0,P,BUIC,PKA,4D,97,17,3788,,0,1138,,G,,F,6,231,,,16R225,,,,,,0,0,000000000,00000000000,0,0,0,1,0,0,0,0,0,0,0,65,0,0,0,12,12,6,2,12,0,0,0,1,22,70510,6,1,0,0,3,3,70,195,0,0,0,0,0,0,0,0,0,1,24,33,91,0,1,2,55,1,1,2,1,0,0,6,54,1,1,1,52,1,1
22,220263,2,2,1,4,6,0,53,12,2,1,0,22,4,12,37,12037,4,2012,1FAHP3F20CL1,1,F,A,H,P,3,F,2,0,C,L,1,0,P,FORD,FSE,4D,12,17,2918,,0,1042,,G,,F,4,122,,,16R205,,,,,,0,0,000000000,00000000000,0,0,0,1,0,0,0,0,0,0,0,55,0,0,0,12,12,6,2,12,0,0,0,1,22,70508,6,1,0,0,3,0,68,130,0,1,1,1,2,12,2008,1,2011,0,0,0,0,0,1,2,55,1,1,2,1,0,0,1,54,3,2,1,52,1,0
22,220264,1,1,1,5,6,14,52,32,0,1,0,22,1,7,482,7482,31,2007,3D7KR19D57G8,3,D,7,K,R,1,9,D,5,7,G,8,0,T,DODG,ME1,CW,7,17,,2,0,1605,RPC,G,,,8,348,,,,B,5884,05,E,42,0,0,000000000,00000000000,0,0,0,1,0,0,0,0,0,0,0,55,0,1,5,12,12,6,2,1,0,0,0,1,22,70805,3,1,0,0,2,3,73,189,0,0,0,1,0,11,2009,11,2009,0,24,58,0,0,1,2,55,1,1,2,1,0,0,1,10,7,3,4,2,1,1
22,220265,1,1,1,12,6,16,25,42,0,1,0,22,2,7,20,7020,4,2004,1B3ES26C34D5,1,B,3,E,S,2,6,C,3,4,D,5,0,P,DODG,BSE,4D,4,17,2584,,0,1040,,G,,F,4,122,,,14R175,,,,,,0,0,000000000,00000000000,0,0,0,1,0,0,0,0,0,0,0,55,0,0,0,12,12,6,2,42,0,0,0,1,22,71003,6,1,0,0,3,3,63,225,0,0,0,0,0,0,0,0,0,0,24,0,0,0,1,2,45,1,1,2,1,20,3,1,13,1,1,4,1,1,0
22,220266,1,1,1,14,6,99,99,34,0,1,0,22,1,72,706,72706,80,2010,1HD1GY414AC3,1,H,D,1,G,Y,4,1,4,A,C,3,0,M,HD,FTB,RS,10,17,,,,,,,1584,,2,,4,703,,,,,,,0,0,000000000,00000000000,0,0,0,1,0,0,0,0,0,0,0,999,0,0,0,12,12,2,3,3,0,0,0,1,22,70546,6,1,0,0,3,0,69,180,0,0,0,0,0,0,0,0,0,9,0,0,0,0,1,2,55,2,2,2,1,40,3,14,12,1,1,4,6,1,0
22,220267,1,1,1,19,6,3,20,35,0,1,0,22,1,20,481,20481,31,2007,1GCHK29DX7E1,1,G,C,H,K,2,9,D,X,7,E,1,0,T,CHEV,2KH,4C,7,17,,2,1575,1435,SIL,D,,,8,403,,,,C,5659,02,,44,0,0,000000000,00000000000,0,0,0,1,0,0,0,0,0,0,0,55,0,1,5,11,11,6,2,1,0,0,0,1,22,71353,6,1,0,0,3,0,67,165,0,0,0,1,0,7,2008,7,2008,0,24,0,0,0,1,2,55,2,1,2,1,40,3,14,12,7,3,4,2,1,1
22,220268,1,1,1,21,6,99,99,33,0,1,0,22,1,2,404,2404,14,2006,1J8HR78316C2,1,J,8,H,R,7,8,3,1,6,C,2,0,T,JEEP,SR8,4W,6,17,,2,0,1095,GCK,G,,,8,372,,,,,4731,00,K,44,0,0,000000000,00000000000,0,0,0,1,0,0,0,0,0,0,0,70,0,1,3,14,99,6,2,1,0,0,0,1,22,70037,6,1,0,0,3,3,70,160,0,0,0,1,0,5,2009,5,2009,1,24,0,0,0,2,2,45,2,1,1,1,0,0,14,13,6,4,4,7,1,1
22,220269,1,1,1,21,6,8,5,42,0,1,0,22,2,20,481,20481,31,2006,2GCEC13V0613,2,G,C,E,C,1,3,V,0,6,1,3,0,T,CHEV,SC1,CW,6,17,,2,0,1435,SIL,G,,,8,293,,,,B,4987,00,,42,0,0,000000000,00000000000,0,0,0,1,0,0,0,0,0,0,0,55,0,0,0,10,10,6,2,42,0,0,0,1,22,70661,6,1,0,0,3,0,65,180,0,0,0,0,0,0,0,0,0,1,87,0,0,0,1,2,55,1,1,2,2,0,0,1,6,1,3,4,2,1,0
22,220270,1,2,1,22,6,21,0,12,2,1,0,22,1,12,471,12471,30,1999,1FTZR15V6XTA,1,F,T,Z,R,1,5,V,6,X,T,A,0,T,FORD,RNS,PC,99,17,,1,0,1259,RNG,F,,,6,182,,,,B,00000,00,U,44,0,0,000000000,00000000000,0,0,0,1,0,0,0,0,0,0,0,50,0,0,0,12,12,6,2,12,0,0,0,1,22,70443,6,2,0,0,2,3,72,180,0,0,0,0,0,0,0,0,0,0,24,0,0,0,1,2,55,1,1,2,2,0,0,1,10,1,1,2,50,0,0
22,220270,2,2,2,22,6,21,0,12,2,1,0,22,2,20,431,20431,16,1999,3GNEC16R8XG2,3,G,N,E,C,1,6,R,8,X,G,2,0,P,CHEV,C15,UT,99,17,4825,,0,1315,,G,,F,8,350,,,15R235,,,,,,0,0,000000000,00000000000,0,0,0,1,0,0,0,0,0,0,0,45,0,0,0,12,12,6,2,12,0,0,0,1,22,70443,0,0,0,0,0,0,999,999,99,99,99,99,99,99,9999,99,9999,0,24,0,0,0,1,2,55,1,1,2,2,0,0,1,62,1,1,1,51,1,0
22,220271,1,2,1,10,3,20,5,12,7,1,0,22,1,23,421,23421,15,2001,1GKEC13V01R1,1,G,K,E,C,1,3,V,0,1,R,1,0,T,GMC,YUK,4W,1,17,,2,0,1160,YUK,G,,,8,293,,,,B,4878,00,K,42,0,0,000000000,00000000000,0,0,0,1,0,0,0,0,0,0,0,998,0,1,3,81,98,6,2,25,0,0,0,1,22,70791,6,1,6,0,3,0,69,210,0,0,0,0,3,3,2009,12,2010,0,24,27,0,0,3,3,60,1,1,1,1,0,0,15,11,1,1,2,44,1,0
22,220271,2,2,2,10,3,20,5,12,7,1,0,34,2,3,431,3431,16,2007,5GTDN13E4781,5,G,T,D,N,1,3,E,4,7,8,1,0,T,HUMM,HH3,4W,7,17,,1,0,1119,HUM,G,,,5,226,,,,,4700,00,4,44,0,0,000000000,00000000000,0,0,0,1,0,0,0,0,0,0,0,998,0,1,5,61,98,6,2,1,0,0,0,1,34,8219,6,1,0,0,3,3,71,999,0,0,0,0,0,0,0,0,0,0,84,0,0,0,3,3,60,1,1,1,1,0,0,1,61,7,1,1,45,0,0
22,220272,1,1,2,4,6,6,20,30,0,1,0,22,2,30,40,30040,4,2002,3VWSE69M42M0,3,V,W,S,E,6,9,M,4,2,M,0,0,P,VOLK,JGS,4D,2,17,2899,,0,989,,G,,T,4,109,,,15R195,,,,,,0,0,000000000,00000000000,0,0,0,1,0,0,0,0,0,0,0,65,0,0,0,9,9,6,2,30,0,0,0,1,22,70046,6,2,0,0,2,2,69,160,0,0,0,0,0,0,0,0,0,1,24,36,73,0,1,2,40,3,1,2,1,0,0,14,10,7,3,4,2,1,1
22,220273,1,1,1,22,6,21,6,8,0,1,1,22,2,35,47,35047,2,2009,1N4AL24E89C1,1,N,4,A,L,2,4,E,8,9,C,1,0,P,NISS,A5S,CP,9,17,3076,,0,1053,,G,,F,4,153,,,16R215,,,,,,0,0,000000000,00000000000,0,0,0,1,0,0,0,0,0,0,0,45,0,0,0,12,12,4,1,8,0,0,0,1,22,70403,6,1,0,0,3,3,65,150,0,0,0,0,2,3,2009,10,2009,0,0,0,0,0,5,4,45,1,1,2,2,0,0,1,80,1,1,1,13,0,0
22,220274,1,2,1,24,6,1,10,12,1,1,0,17,3,82,881,82881,66,2006,1FUJA6CVX6LV,1,F,U,J,A,6,C,V,X,6,L,V,1,T,FRHT,COL,TR,6,17,,8,0,0,CON,D,,,6,782,,,,,00000,00,,64,1,57,077890,57077890,3,6,2,2,2,2023,6,1,0,0,0,70,0,0,0,12,12,4,3,12,0,0,0,1,48,78130,6,1,6,1,3,1,999,999,1,1,0,2,5,5,2009,11,2009,0,36,91,0,0,2,2,70,1,1,2,1,0,0,15,51,8,1,2,24,0,0
22,220274,2,2,2,24,6,1,10,12,1,1,0,22,2,12,401,12401,14,2003,1FMZU63W93UA,1,F,M,Z,U,6,3,W,9,3,U,A,0,P,FORD,EPR,UT,3,17,4094,,0,1137,,G,,F,8,281,,,16R235,,,,,,0,0,000000000,00000000000,0,0,0,1,0,0,0,0,0,0,0,55,0,0,0,6,6,6,2,42,0,0,0,1,22,70455,6,1,0,0,3,0,67,200,0,0,0,0,0,0,0,0,0,1,0,0,0,0,2,2,70,1,1,2,1,0,0,1,53,1,1,1,25,2,0