STATE,ST_CASE,VEH_NO,VE_FORMS,NUMOCCS,DAY,MONTH,HOUR,MINUTE,HARM_EV,MAN_COLL,UNITTYPE,HIT_RUN,REG_STAT,OWNER,MAKE,MODEL,MAK_MOD,BODY_TYP,MOD_YEAR,VIN,VIN_1,VIN_2,VIN_3,VIN_4,VIN_5,VIN_6,VIN_7,VIN_8,VIN_9,VIN_10,VIN_11,VIN_12,TOW_VEH,VINTYPE,VINMAKE,VINA_MOD,VIN_BT,VINMODYR,VIN_LNGT,VIN_WGT,WGTCD_TR,WHLBS_LG,WHLBS_SH,SER_TR,FUELCODE,MCYCL_DS,CARBUR,CYLINDER,DISPLACE,MCYCL_CY,MCYCL_WT,TIRE_SZE,TON_RAT,TRK_WT,TRKWTVAR,VIN_REST,WHLDRWHL,J_KNIFE,MCARR_I1,MCARR_I2,MCARR_ID,GVWR,V_CONFIG,CARGO_BT,HAZ_INV,HAZ_PLAC,HAZ_ID,HAZ_CNO,HAZ_REL,BUS_USE,SPEC_USE,EMER_USE,TRAV_SP,UNDERIDE,ROLLOVER,ROLINLOC,IMPACT1,IMPACT2,DEFORMED,TOWED,M_HARM,VEH_SC1,VEH_SC2,FIRE_EXP,DR_PRES,L_STATE,DR_ZIP,L_STATUS,L_TYPE,CDL_STAT,L_ENDORS,L_COMPL,L_RESTRI,DR_HGT,DR_WGT,PREV_ACC,PREV_SUS,PREV_DWI,PREV_SPD,PREV_OTH,FIRST_MO,FIRST_YR,LAST_MO,LAST_YR,SPEEDREL,DR_SF1,DR_SF2,DR_SF3,DR_SF4,VTRAFWAY,VNUM_LAN,VSPD_LIM,VALIGN,VPROFILE,VPAVETYP,VSURCOND,VTRAFCON,VTCONT_F,P_CRASH1,P_CRASH2,P_CRASH3,PCRASH4,PCRASH5,ACC_TYPE,DEATHS,DR_DRINK
22,220344,2,2,1,12,8,2,45,12,1,1,0,22,2,30,40,30040,4,2003,3VWSE69M23M0,3,V,W,S,E,6,9,M,2,3,M,0,0,P,VOLK,JGS,4D,3,17,2963,,0,989,,G,,T,4,109,,,15R195,,,,,,0,0,000000000,00000000000,0,0,0,1,0,0,0,0,0,0,0,999,0,0,0,6,6,6,2,12,0,0,0,1,22,70526,6,2,0,0,3,2,66,392,0,0,0,0,0,0,0,0,0,0,73,0,0,0,1,2,35,1,1,2,1,0,0,1,53,1,1,1,25,1,0
22,220346,1,1,2,28,7,3,22,42,0,1,0,22,1,35,481,35481,31,2007,1N6BA06A67N2,1,N,6,B,A,0,6,A,6,7,N,2,0,T,NISS,TXS,PC,7,17,,2,0,1398,TTN,F,,,8,342,,,,,4689,00,E,42,0,0,000000000,00000000000,0,0,0,1,0,0,0,0,0,0,0,84,0,0,0,2,3,6,2,42,0,0,0,1,22,71355,6,1,0,0,3,3,66,140,0,0,0,0,0,0,0,0,0,1,58,24,0,0,1,2,55,1,1,2,1,28,3,1,13,6,4,4,7,1,1
22,220347,1,2,1,30,7,7,11,12,2,1,0,22,1,72,706,72706,80,2010,1HD4LE212AC4,1,H,D,4,L,E,2,1,2,A,C,4,0,M,HD,X8N,RS,10,17,,,,,,,883,,2,,4,565,,,,,,,0,0,000000000,00000000000,0,0,0,1,0,0,0,0,0,0,0,55,0,0,0,12,12,6,2,12,0,0,0,1,22,71409,6,1,0,0,3,0,68,163,0,0,0,0,0,0,0,0,0,0,51,0,0,0,1,2,55,1,2,2,1,28,3,1,10,99,1,2,50,1,0
22,220347,2,2,1,30,7,7,11,12,2,1,0,22,1,52,46,52046,4,2003,JA3AJ26E53U0,J,A,3,A,J,2,6,E,5,3,U,0,0,P,MITS,LES,4D,3,17,2646,,0,1024,,G,,F,4,122,,,14R185,,,,,,0,0,000000000,00000000000,0,0,0,1,0,0,0,0,0,0,0,50,0,0,0,12,12,6,2,12,0,0,0,1,22,71328,6,1,0,0,3,0,62,195,0,0,0,0,1,4,2011,4,2011,0,0,0,0,0,1,2,55,1,2,2,1,28,3,1,62,7,1,1,51,0,0
22,220348,1,1,1,31,7,4,15,35,0,1,0,22,2,12,401,12401,14,2002,1FMDU62E22UA,1,F,M,D,U,6,2,E,2,2,U,A,0,P,FORD,EPR,UT,2,17,4094,,0,1137,,G,,F,6,245,,,16R235,,,,,,0,0,000000000,00000000000,0,0,0,1,0,0,0,0,0,0,0,71,0,1,5,62,98,6,2,35,0,0,0,1,22,71486,6,1,0,0,3,0,69,200,0,0,0,2,0,2,2009,7,2010,1,58,0,0,0,1,2,25,3,1,2,1,28,3,14,13,6,3,4,2,1,1
22,220349,1,1,1,31,7,20,59,8,0,1,0,22,3,12,422,12422,15,2011,1FMJU1H50BEF,1,F,M,J,U,1,H,5,0,B,E,F,0,P,FORD,EPT,UT,11,17,5578,,0,1190,,F,,F,8,329,,,17R265,,,,,,0,0,000000000,00000000000,0,0,0,1,0,0,0,0,0,0,0,40,0,0,0,12,12,6,2,8,0,0,0,1,22,71360,6,1,0,0,3,0,72,235,0,0,0,0,0,0,0,0,0,0,0,0,0,0,5,2,45,4,1,2,1,0,0,14,80,1,1,1,13,0,1
22,220350,1,2,1,4,8,22,40,12,6,1,0,22,1,37,31,37031,4,2002,2HGES26742H6,2,H,G,E,S,2,6,7,4,2,H,6,0,P,HOND,UAX,4D,2,17,2615,,0,1031,,G,,F,4,102,,,15R185,,,,,,0,0,000000000,00000000000,0,0,0,1,0,0,0,0,0,0,0,25,0,0,0,82,83,4,3,12,0,0,0,1,22,70435,6,1,0,0,3,0,65,175,0,0,0,0,1,12,2009,12,2009,0,38,0,0,0,1,2,55,1,1,2,1,0,0,11,15,1,1,2,68,0,0
22,220350,2,2,2,4,8,22,40,12,6,1,0,22,1,50,706,50706,80,2008,SMT910K108T3,S,M,T,9,1,0,K,1,0,8,T,3,0,M,TRUM,TBN,RS,8,17,,,,,,,865,,2,,4,451,,,,,,,0,0,000000000,00000000000,0,0,0,1,0,0,0,0,0,0,0,55,0,0,0,12,12,4,3,12,0,0,0,1,22,70431,6,1,0,0,3,3,71,200,0,0,0,0,0,0,0,0,0,0,0,0,0,0,1,2,55,1,1,2,1,0,0,2,62,4,2,1,69,1,1
22,220351,1,1,1,7,8,12,55,31,0,1,0,47,2,53,705,53705,80,2004,JS1GN7CA8421,J,S,1,G,N,7,C,A,8,4,2,1,0,M,SUZI,GSK,RC,4,17,,,,,,,599,,4,,4,354,,,,,,,0,0,000000000,00000000000,0,0,0,1,0,0,0,0,0,0,0,81,0,0,0,12,98,6,2,42,0,0,0,1,22,70653,2,1,0,0,2,0,69,168,0,0,0,0,0,0,0,0,0,1,24,0,0,0,1,2,55,1,1,2,1,0,0,1,13,1,1,4,1,1,0
22,220352,1,1,4,6,8,13,55,34,0,1,0,22,1,37,402,37402,14,1998,JHLRD2842WC0,J,H,L,R,D,2,8,4,2,W,C,0,0,P,HOND,CRV,UT,98,17,3036,,0,1032,,G,,F,4,120,,,15R205,,,,,,0,0,000000000,00000000000,0,0,0,1,0,0,0,0,0,0,0,55,0,1,5,14,11,6,2,35,32,0,0,1,22,70570,1,1,0,0,2,0,66,260,0,0,0,0,0,0,0,0,0,1,99,99,99,99,1,2,55,2,2,2,1,40,3,14,12,1,1,4,6,1,1
22,220353,1,1,1,7,8,16,50,58,0,1,0,22,2,20,421,20421,15,2002,1GNEC13Z62R2,1,G,N,E,C,1,3,Z,6,2,R,2,0,P,CHEV,CTA,UT,2,17,4828,,0,1160,,F,,F,8,325,,,16R265,,,,,,0,0,000000000,00000000000,0,0,0,1,0,0,0,0,0,0,0,55,0,1,5,12,13,6,2,1,0,0,0,1,22,70401,3,1,0,0,2,3,65,120,0,0,0,0,0,0,0,0,0,0,24,58,0,0,1,2,55,1,1,2,1,0,0,1,13,6,3,4,2,1,1
22,220354,1,3,1,9,8,17,57,12,6,1,0,22,3,20,2,20002,4,2005,2G1WF55K1593,2,G,1,W,F,5,5,K,1,5,9,3,0,P,CHEV,IMP,4D,5,17,3389,,0,1105,,G,,F,6,231,,,16R225,,,,,,0,0,000000000,00000000000,0,0,0,1,0,0,0,0,0,5,0,70,0,0,0,8,63,6,2,12,0,0,0,1,22,70466,6,1,0,0,3,0,72,230,0,0,0,0,0,0,0,0,0,0,24,16,58,0,2,2,70,1,1,2,1,0,0,1,9,99,4,4,64,1,0
22,220354,2,3,1,9,8,17,57,12,6,1,0,22,1,20,880,20880,67,2007,1GCJK33607F5,1,G,C,J,K,3,3,6,0,7,F,5,1,T,CHEV,SK3,CW,7,17,,3,0,1670,SIL,D,,,8,403,,,,D,6552,00,,44,1,88,888888888,88888888888,2,4,1,1,0,0,0,0,0,0,0,70,0,0,0,12,12,6,2,12,0,0,0,1,22,70726,6,1,0,0,3,0,74,210,0,0,0,0,1,7,2010,7,2010,0,92,0,0,0,2,2,70,1,1,2,1,0,0,1,62,7,1,2,65,0,0
22,220354,3,3,1,9,8,17,57,12,6,1,0,93,3,84,881,84881,66,2006,1HSHXAHR16J0,1,H,S,H,X,A,H,R,1,6,J,0,1,T,INTL,860,TR,6,17,,8,0,0,80S,D,,,6,661,,,,,00000,00,,64,1,57,00121018,5700121018,3,6,3,1,0,0,0,0,0,0,0,70,0,0,0,63,63,4,1,12,0,0,0,1,22,70094,6,1,6,0,3,3,65,150,0,0,0,1,0,2,2009,2,2009,0,0,0,0,0,2,2,70,1,1,2,1,0,0,1,61,7,1,1,98,0,0
22,220355,1,1,1,11,8,1,15,32,0,1,0,22,2,49,40,49040,4,1997,4T1BG22K2VU7,4,T,1,B,G,2,2,K,2,V,U,7,0,P,TOYT,UEX,4D,97,17,2976,,0,1051,,G,,F,4,132,,,14R195,,,,,,0,0,000000000,00000000000,0,0,0,1,0,0,0,0,0,0,0,55,0,1,6,12,13,6,2,1,0,0,0,1,22,70563,6,1,0,0,3,0,72,160,0,0,0,0,0,0,0,0,0,0,24,51,0,0,1,2,55,1,1,2,1,0,0,1,12,1,1,4,6,1,1
22,220356,1,2,1,7,6,8,5,12,6,1,0,22,2,14,402,14402,14,2006,4M2YU56176KJ,4,M,2,Y,U,5,6,1,7,6,K,J,0,P,MERC,MRN,UT,6,17,3282,,0,1031,,G,,F,6,183,,,16R235,,,,,,0,0,000000000,00000000000,0,0,0,1,0,0,0,0,0,0,0,70,0,0,0,12,12,6,2,12,0,0,0,1,22,71129,6,1,0,0,3,0,59,170,0,0,0,0,0,0,0,0,0,0,85,0,0,0,2,2,70,1,1,1,1,0,0,17,12,1,1,4,66,0,0
22,220356,2,2,1,7,6,8,5,12,6,1,0,22,1,6,441,6441,20,2002,2C8GP54L92R7,2,C,8,G,P,5,4,L,9,2,R,7,0,T,CHRY,LXI,ES,2,17,,1,0,1193,TWC,G,,,6,230,,,,,4160,00,,42,0,0,000000000,00000000000,0,0,0,1,0,0,0,0,0,0,0,70,0,0,0,9,9,6,2,12,0,0,0,1,22,71111,6,1,0,0,3,0,68,125,0,0,0,0,0,0,0,0,0,0,0,0,0,0,2,2,70,1,1,1,1,0,0,1,62,1,1,1,66,1,0
22,220357,1,3,1,12,8,21,36,8,0,1,0,22,1,20,481,20481,31,1997,1GCCS1442V82,1,G,C,C,S,1,4,4,2,V,8,2,0,T,CHEV,S14,PK,97,17,,1,1179,1083,S,G,,,4,133,,,,B,3062,00,,42,0,0,000000000,00000000000,0,0,0,1,0,0,0,0,0,0,0,60,0,0,0,12,12,2,3,8,0,0,0,1,22,71108,6,1,0,0,3,0,71,195,0,0,0,0,0,0,0,0,0,0,0,0,0,0,2,3,60,1,1,1,1,0,0,1,80,7,1,1,13,0,1
22,220357,2,3,4,12,8,21,36,8,0,1,0,48,1,49,401,49401,14,2002,JT3GN86R2202,J,T,3,G,N,8,6,R,2,2,0,2,0,P,TOYT,RUN,UT,2,17,3740,,0,1053,,G,,F,6,206,,,15R225,,,,,,0,0,000000000,00000000000,0,0,0,1,0,0,0,0,0,0,0,60,0,0,0,14,14,0,1,8,0,0,0,1,48,75692,6,1,6,0,3,0,999,999,0,0,0,0,0,0,0,0,0,0,0,0,0,0,2,3,60,1,1,1,1,0,0,1,80,1,1,1,98,0,0
22,220357,3,3,1,12,8,21,36,8,0,1,1,99,9,99,999,99999,99,9999,999999999999,9,9,9,9,9,9,9,9,9,9,9,9,0,,,,,,,,,,,,,,,,,,,,,,,,,0,0,000000000,00000000000,0,0,0,1,0,0,0,0,0,0,0,60,0,0,0,14,14,9,1,8,0,0,0,1,99,99999,9,9,99,9,9,9,999,999,99,99,99,99,99,99,9999,99,9999,0,0,0,0,0,2,3,60,1,1,1,1,0,0,1,80,1,1,1,98,0,0
22,220358,1,1,6,2,9,16,45,1,0,1,0,22,1,20,431,20431,16,1999,3GNEC16R6XG1,3,G,N,E,C,1,6,R,6,X,G,1,0,P,CHEV,C15,UT,99,17,4825,,0,1315,,G,,F,8,350,,,15R235,,,,,,0,0,000000000,00000000000,0,0,0,1,0,0,0,0,0,0,0,60,0,1,5,0,0,4,3,1,0,0,0,1,22,71291,6,1,0,0,3,0,61,150,0,0,0,0,0,0,0,0,0,0,24,58,0,0,1,2,55,2,1,2,1,40,3,14,9,7,3,4,2,1,0
22,220359,1,1,1,3,9,15,21,35,0,1,0,22,3,7,482,7482,31,1998,3B6MF3667WM2,3,B,6,M,F,3,6,6,7,W,M,2,0,T,DODG,350,CB,98,17,,3,1627,1387,RPC,D,,,6,359,,,,D,5237,02,U,44,0,0,000000000,00000000000,0,0,0,1,0,0,0,0,0,8,1,50,0,0,0,12,12,6,2,35,0,0,0,1,22,71251,6,1,0,0,3,3,70,235,0,0,0,1,0,8,2010,8,2010,1,0,0,0,0,1,2,99,2,1,2,2,0,0,14,12,3,1,4,6,1,0
22,220360,1,1,1,17,3,22,28,8,0,1,0,48,1,18,20,18020,4,1994,2G4WB55L0R14,2,G,4,W,B,5,5,L,0,R,1,4,0,P,BUIC,RGC,4D,94,17,3240,,0,1075,,G,,F,6,231,,,15R205,,,,,,0,0,000000000,00000000000,0,0,0,1,0,0,0,0,0,0,0,35,0,0,0,12,12,2,1,8,0,0,0,1,48,75253,6,1,0,0,3,3,999,999,0,0,0,0,0,0,0,0,0,0,0,0,0,0,1,4,35,1,1,2,1,0,0,1,80,6,1,1,13,0,0
22,220361,1,2,2,13,4,17,52,12,6,1,0,22,1,49,32,49032,4,2005,1NXBR32E65Z3,1,N,X,B,R,3,2,E,6,5,Z,3,0,P,TOYT,UCS,4D,5,17,2530,,0,1024,,G,,F,4,109,,,15R185,,,,,,0,0,000000000,00000000000,0,0,0,1,0,0,0,0,0,0,0,5,0,0,0,9,9,6,2,12,32,0,0,1,22,71112,6,1,0,0,3,3,67,180,0,0,0,0,0,0,0,0,0,0,38,0,0,0,0,0,0,0,0,0,0,20,3,1,17,1,1,1,89,1,0
22,220361,2,2,1,13,4,17,52,12,6,1,0,22,3,98,981,98981,52,2010,5FYC5FB12AC0,5,F,Y,C,5,F,B,1,2,A,C,0,0,U,,,,10,17,,,,,,,,,,,,,,,,,,,0,88,888888888,88888888888,3,21,22,1,0,0,0,0,6,0,0,44,0,0,0,12,12,9,3,12,36,0,0,1,22,71107,6,1,6,1,3,1,74,205,0,0,0,0,0,0,0,0,0,0,0,0,0,0,2,2,45,4,1,1,1,0,0,14,71,1,1,1,88,0,0
22,220362,1,1,1,22,4,20,30,8,0,1,0,40,2,12,471,12471,30,2008,1FTYR10D28PB,1,F,T,Y,R,1,0,D,2,8,P,B,0,T,FORD,RNG,PK,8,17,,1,1180,1120,RNG,G,,,4,140,,,,B,3028,00,4,42,0,0,000000000,00000000000,0,0,0,1,0,0,0,0,0,0,0,45,0,0,0,12,12,4,3,8,0,0,0,1,22,71047,6,1,6,0,3,3,72,150,0,0,0,0,0,0,0,0,0,0,0,0,0,0,1,2,45,1,1,2,1,0,0,1,80,1,1,1,13,0,0
22,220363,1,1,1,7,5,15,40,59,0,1,0,48,1,24,1,24001,4,1996,1G8ZJ5276TZ1,1,G,8,Z,J,5,2,7,6,T,Z,1,0,P,STRN,SL2,4D,96,17,2320,,0,1024,,G,,F,4,116,,,15R185,,,,,,0,0,000000000,00000000000,0,0,0,1,0,0,0,0,0,0,0,75,0,1,5,99,99,6,2,1,0,0,0,1,48,75410,1,1,0,0,2,0,999,999,1,7,0,0,0,9,2008,9,2010,1,24,0,0,0,1,9,45,4,1,2,1,0,0,14,13,1,1,4,1,1,1
22,220364,1,1,1,12,6,20,27,1,0,1,0,48,1,12,3,12003,1,2000,1FAFP4446YF1,1,F,A,F,P,4,4,4,6,Y,F,1,0,P,FORD,MUS,CV,0,17,3208,,0,1013,,G,,F,6,232,,,15R205,,,,,,0,0,000000000,00000000000,0,0,0,1,0,0,0,0,0,0,0,70,0,1,3,0,99,6,2,1,0,0,0,1,48,75043,1,1,0,0,2,0,999,999,2,14,0,0,0,4,2009,4,2011,0,24,0,0,0,2,2,70,1,1,2,1,0,0,1,1,1,3,4,2,1,0
22,220365,1,1,1,21,6,15,30,42,0,1,0,22,1,22,9,22009,2,1992,1G2FS23E0NL2,1,G,2,F,S,2,3,E,0,N,L,2,0,P,PONT,FBF,2H,92,17,3281,,0,1010,,G,,F,8,305,,,16R245,,,,,,0,0,000000000,00000000000,0,0,0,1,0,0,0,0,0,0,0,45,0,1,5,2,2,6,2,1,0,0,0,1,22,71119,1,1,0,0,2,0,67,140,0,3,2,0,1,10,2008,11,2010,0,24,0,0,0,1,2,45,1,1,2,2,0,0,1,9,1,4,4,7,1,1
22,220366,1,1,1,4,7,19,20,8,0,1,1,92,0,53,706,53706,80,2007,JS1GT77A9721,J,S,1,G,T,7,7,A,9,7,2,1,0,M,SUZI,XR1,RC,7,17,,,,,,,999,,4,,4,379,,,,,,,0,0,000000000,00000000000,0,0,0,1,0,0,0,0,0,0,0,999,0,0,0,12,12,2,1,8,0,0,0,1,22,70002,6,1,0,0,3,0,70,119,0,0,0,1,0,1,2010,1,2010,1,36,91,0,0,1,2,25,1,1,1,1,0,0,1,98,1,1,1,13,0,0
22,220367,1,1,1,8,7,15,22,38,0,1,0,22,1,20,473,20473,30,2004,1GCCS1360481,1,G,C,C,S,1,3,6,0,4,8,1,0,T,CHEV,RDO,CW,4,17,,1,0,1260,CAL,G,,,5,214,,,,,5000,00,,42,0,0,000000000,00000000000,0,0,0,1,0,0,0,0,0,0,0,70,0,1,6,1,1,6,2,1,0,0,0,1,22,71411,6,1,0,0,3,0,69,250,0,0,0,0,0,0,0,0,0,1,0,0,0,0,1,2,55,1,2,2,1,0,0,1,13,1,1,4,1,1,0
22,220368,1,1,1,27,7,10,31,35,0,1,0,22,1,12,481,12481,31,1998,2FTZX0727WCA,2,F,T,Z,X,0,7,2,7,W,C,A,0,T,FORD,F15,3C,98,17,,1,0,1390,COF,G,,,6,256,,,,B,00000,00,E,42,0,0,000000000,00000000000,0,0,0,1,0,0,0,0,0,0,0,999,0,1,5,12,12,6,2,35,0,0,0,1,22,71302,6,1,0,0,3,0,69,178,0,0,0,0,0,0,0,0,0,0,24,0,0,0,4,2,40,3,1,2,1,0,0,14,13,1,1,4,1,1,0
22,220369,1,1,1,27,7,21,15,1,0,1,0,22,1,20,22,20022,2,2007,1G1AP18P7771,1,G,1,A,P,1,8,P,7,7,7,1,0,P,CHEV,SSC,CP,7,17,2991,,0,1033,,G,,Z,4,122,,,18R215,,,,,,0,0,000000000,00000000000,0,0,0,1,0,0,0,0,0,0,0,91,0,2,5,0,9,6,2,1,0,0,0,1,22,71449,6,1,0,0,3,3,67,209,0,0,0,0,0,0,0,0,0,1,24,58,0,0,1,2,55,2,1,2,1,0,0,14,6,7,3,4,2,1,1
22,220370,1,1,1,30,7,3,2,1,0,1,0,22,1,73,709,73709,80,2009,JKAEXMJ109DA,J,K,A,E,X,M,J,1,0,9,D,A,0,M,KAWK,E2J,RC,9,17,,,,,,,249,,2,,4,374,,,,,,,0,0,000000000,00000000000,0,0,0,1,0,0,0,0,0,0,0,60,0,0,0,0,99,2,3,33,0,0,0,1,22,70560,6,1,0,0,3,0,68,140,0,0,0,1,1,6,2010,5,2011,1,0,0,0,0,3,2,45,4,1,2,1,0,0,14,6,1,9,3,98,1,0
22,220371,1,1,1,1,7,2,16,33,0,1,0,22,1,37,31,37031,4,1992,JHMEG8645NS0,J,H,M,E,G,8,6,4,5,N,S,0,0,P,HOND,CDL,4D,92,17,2275,,0,1031,,G,,F,4,091,,,13R175,,,,,,0,0,000000000,00000000000,0,0,0,1,0,0,0,0,0,0,0,65,0,1,5,14,12,6,2,1,0,0,0,1,22,70114,3,1,0,0,2,0,63,121,0,0,0,0,0,0,0,0,0,1,36,0,0,0,2,3,35,1,1,2,1,0,0,1,12,7,1,4,6,1,1
22,220372,1,2,1,17,7,0,17,12,6,1,0,22,2,12,17,12017,4,2005,1FAFP53U35A2,1,F,A,F,P,5,3,U,3,5,A,2,0,P,FORD,TSE,4D,5,17,3306,,0,1085,,G,,F,6,182,,,16R215,,,,,,0,0,000000000,00000000000,0,0,0,1,0,0,0,0,0,0,0,10,0,0,0,2,2,6,2,12,0,0,0,1,22,70125,1,1,0,0,2,3,66,120,0,2,0,0,1,9,2008,6,2010,0,38,0,0,0,1,2,40,1,9,9,1,0,0,11,15,1,1,1,76,1,1
22,220372,2,2,1,17,7,0,17,12,6,1,0,22,1,13,5,13005,4,2001,1LNHM97V91Y7,1,L,N,H,M,9,7,V,9,1,Y,7,0,P,LINC,CON,4D,1,17,3922,,0,1090,,G,,F,8,281,,,16R225,,,,,,0,0,000000000,00000000000,0,0,0,1,0,0,0,0,0,0,0,999,0,0,0,12,12,6,2,12,0,0,0,1,22,70005,6,1,6,0,3,0,67,220,0,0,0,0,1,12,2009,12,2009,0,0,0,0,0,2,3,40,1,1,2,1,0,0,1,17,1,1,1,77,0,1
22,220373,1,1,2,17,7,2,2,99,0,1,0,48,2,20,481,20481,31,1995,2GCEC19K7S11,2,G,C,E,C,1,9,K,7,S,1,1,0,T,CHEV,GC1,PC,95,17,,2,1555,1415,GM4,G,,,8,350,,,,B,4071,02,,42,0,0,000000000,00000000000,0,0,0,1,0,0,0,0,0,0,0,999,0,0,0,12,12,6,2,99,0,0,0,1,48,76645,0,0,0,0,0,0,999,999,99,99,99,99,99,99,9999,99,9999,0,99,99,99,99,9,9,35,4,1,1,1,0,0,14,99,99,9,4,10,1,1
22,220374,1,1,2,5,8,22,50,34,0,1,0,22,2,20,34,20034,3,1992,2C1MR2463N67,2,C,1,M,R,2,4,6,3,N,6,7,0,P,GEO,GML,2H,92,17,1650,,931,892,,G,,F,3,061,,,12R415,,,,,,0,0,000000000,00000000000,0,0,0,1,0,0,0,0,0,0,0,64,0,1,5,12,12,6,2,1,0,0,0,1,22,71343,1,1,0,0,2,0,68,189,0,2,0,0,0,6,2009,6,2010,1,91,0,0,0,1,2,35,1,1,2,1,40,3,1,12,1,1,4,6,1,1
22,220375,1,1,1,7,8,16,10,33,0,1,0,22,1,73,709,73709,80,2009,JKAZXCE159A0,J,K,A,Z,X,C,E,1,5,9,A,0,0,M,KAWK,Z0E,RC,9,17,,,,,,,998,,4,,4,459,,,,,,,0,0,000000000,00000000000,0,0,0,1,0,0,0,0,0,0,0,80,0,0,0,14,14,6,2,1,0,0,0,1,22,70127,0,0,0,0,0,0,999,999,99,99,99,99,99,99,9999,99,9999,1,24,0,0,0,1,9,25,1,1,2,2,0,0,1,13,1,1,4,1,1,0
22,220376,1,1,3,8,8,14,53,35,0,1,0,22,2,20,481,20481,31,1988,1GCHC34N3JE1,1,G,C,H,C,3,4,N,3,J,E,1,0,T,CHEV,GC3,PK,88,17,,2,0,1315,GM4,G,,,8,454,,,,D,4293,05,,42,0,0,000000000,00000000000,0,0,0,1,0,0,0,0,0,0,0,45,0,1,1,12,12,4,3,1,0,0,0,1,22,71411,0,0,0,0,0,0,999,999,99,99,99,99,99,99,9999,99,9999,1,24,52,91,0,1,2,25,2,1,4,1,0,0,14,8,1,4,4,7,1,0
22,220377,1,2,3,9,8,17,50,12,1,1,0,22,2,7,482,7482,31,2002,1D7HU18N52S5,1,D,7,H,U,1,8,N,5,2,S,5,0,T,DODG,Q15,CW,2,17,,2,1605,1405,RPC,G,,,8,287,,,,B,5000,02,E,44,0,0,000000000,00000000000,0,0,0,1,0,0,0,0,0,0,0,60,0,0,0,12,12,6,2,12,0,0,0,1,22,71334,6,1,0,0,3,3,67,220,0,0,0,0,0,0,0,0,0,0,24,0,0,0,2,2,65,1,1,2,1,0,0,1,51,1,1,1,24,1,0
22,220377,2,2,1,9,8,17,50,12,1,1,0,22,3,82,881,82881,66,1997,1FUPCSEB1VP7,1,F,U,P,C,S,E,B,1,V,P,7,1,T,FRHT,FLD,TR,97,17,,8,0,0,CON,D,,,6,774,,,,,00000,00,,64,1,88,888888888,88888888888,3,6,97,1,0,0,0,0,0,0,0,25,0,0,0,6,6,4,1,12,0,0,0,1,22,71334,6,1,0,0,2,0,78,310,0,0,0,0,0,0,0,0,0,0,0,0,0,0,2,2,65,1,1,2,1,0,0,1,53,1,1,1,25,0,0
22,220378,1,1,1,11,8,18,49,42,0,1,0,22,2,20,481,20481,31,2007,2GCEC19C4715,2,G,C,E,C,1,9,C,4,7,1,5,0,T,CHEV,SC1,4C,7,17,,2,1575,1339,SIL,G,,,8,293,,,,B,4743,05,,42,0,0,000000000,00000000000,0,0,0,1,0,0,0,0,0,0,0,74,0,0,0,2,2,6,2,42,0,0,0,1,22,70466,3,1,0,0,2,0,63,125,0,0,0,0,0,0,0,0,0,1,58,0,0,0,1,2,15,3,1,2,1,0,0,6,13,6,4,4,7,1,1
22,220379,1,3,1,15,8,7,34,12,2,1,0,22,1,12,471,12471,30,2009,1FTYR14E99PA,1,F,T,Y,R,1,4,E,9,9,P,A,0,T,FORD,RNS,PC,9,17,,1,0,1260,RNG,G,,,6,244,,,,B,3189,00,4,42,0,0,000000000,00000000000,0,0,0,1,0,0,0,0,0,0,0,55,0,1,1,12,12,6,2,12,0,0,0,1,22,70380,6,1,0,0,3,3,61,105,0,0,0,0,1,6,2009,6,2009,0,51,0,0,0,2,2,65,1,1,2,1,28,3,1,54,1,1,1,52,1,0
22,220379,2,3,1,15,8,7,34,12,2,1,0,22,1,18,24,18024,6,2009,5GAER23D99J2,5,G,A,E,R,2,3,D,9,9,J,2,0,P,BUIC,ENC,UT,9,17,4780,,0,1189,,G,,F,6,220,,,19R255,,,,,,0,0,000000000,00000000000,0,0,0,1,0,0,0,0,0,0,0,65,0,1,3,12,12,6,2,12,0,0,0,1,22,70394,6,1,0,0,3,3,63,145,0,0,0,0,0,0,0,0,0,0,0,0,0,0,2,2,65,1,1,2,1,0,0,1,54,1,1,1,52,0,0
22,220379,3,3,1,15,8,7,34,12,2,1,0,22,1,35,39,35039,4,1997,JN1CA21D3VT8,J,N,1,C,A,2,1,D,3,V,T,8,0,P,NISS,MGS,4D,97,17,2886,,0,1063,,G,,F,6,182,,,15R205,,,,,,0,0,000000000,00000000000,0,0,0,1,0,0,0,0,0,0,0,55,0,0,0,12,12,4,3,54,0,0,0,1,22,70031,6,1,0,0,3,3,68,169,0,0,0,3,0,3,2009,8,2010,0,0,0,0,0,2,2,65,1,1,2,1,0,0,1,8,1,1,1,98,0,0
22,220380,1,1,1,18,8,21,7,9,0,1,0,22,2,55,35,55035,4,2005,KMHDN46D55U9,K,M,H,D,N,4,6,D,5,5,U,9,0,P,HYUN,EST,4D,5,17,2635,,0,1027,,G,,F,4,121,,,15R195,,,,,,0,0,000000000,00000000000,0,0,0,1,0,0,0,0,0,0,0,55,0,0,0,12,12,4,3,9,0,0,0,1,22,70518,6,1,0,0,3,3,70,180,0,0,0,0,0,0,0,0,0,0,0,0,0,0,1,2,55,1,1,2,2,0,0,1,83,8,1,1,13,0,0