STATE,ST_CASE,VEH_NO,VE_FORMS,NUMOCCS,DAY,MONTH,HOUR,MINUTE,HARM_EV,MAN_COLL,UNITTYPE,HIT_RUN,REG_STAT,OWNER,MAKE,MODEL,MAK_MOD,BODY_TYP,MOD_YEAR,VIN,VIN_1,VIN_2,VIN_3,VIN_4,VIN_5,VIN_6,VIN_7,VIN_8,VIN_9,VIN_10,VIN_11,VIN_12,TOW_VEH,VINTYPE,VINMAKE,VINA_MOD,VIN_BT,VINMODYR,VIN_LNGT,VIN_WGT,WGTCD_TR,WHLBS_LG,WHLBS_SH,SER_TR,FUELCODE,MCYCL_DS,CARBUR,CYLINDER,DISPLACE,MCYCL_CY,MCYCL_WT,TIRE_SZE,TON_RAT,TRK_WT,TRKWTVAR,VIN_REST,WHLDRWHL,J_KNIFE,MCARR_I1,MCARR_I2,MCARR_ID,GVWR,V_CONFIG,CARGO_BT,HAZ_INV,HAZ_PLAC,HAZ_ID,HAZ_CNO,HAZ_REL,BUS_USE,SPEC_USE,EMER_USE,TRAV_SP,UNDERIDE,ROLLOVER,ROLINLOC,IMPACT1,IMPACT2,DEFORMED,TOWED,M_HARM,VEH_SC1,VEH_SC2,FIRE_EXP,DR_PRES,L_STATE,DR_ZIP,L_STATUS,L_TYPE,CDL_STAT,L_ENDORS,L_COMPL,L_RESTRI,DR_HGT,DR_WGT,PREV_ACC,PREV_SUS,PREV_DWI,PREV_SPD,PREV_OTH,FIRST_MO,FIRST_YR,LAST_MO,LAST_YR,SPEEDREL,DR_SF1,DR_SF2,DR_SF3,DR_SF4,VTRAFWAY,VNUM_LAN,VSPD_LIM,VALIGN,VPROFILE,VPAVETYP,VSURCOND,VTRAFCON,VTCONT_F,P_CRASH1,P_CRASH2,P_CRASH3,PCRASH4,PCRASH5,ACC_TYPE,DEATHS,DR_DRINK
22,220411,2,2,1,9,9,17,20,12,6,1,0,22,2,37,31,37031,4,2001,2HGES16551H5,2,H,G,E,S,1,6,5,5,1,H,5,0,P,HOND,UCL,4D,1,17,2515,,0,1031,,G,,F,4,102,,,14R185,,,,,,0,0,000000000,00000000000,0,0,0,1,0,0,0,0,0,0,0,10,0,0,0,5,5,6,2,12,0,0,0,1,22,70739,6,2,0,0,2,2,68,132,0,0,0,0,0,0,0,0,0,0,73,0,0,0,1,2,35,1,1,9,1,20,3,11,15,1,1,2,76,1,0
22,220412,1,2,1,9,9,22,21,12,1,1,0,22,6,20,2,20002,4,2004,2G1WF52E1491,2,G,1,W,F,5,2,E,1,4,9,1,0,P,CHEV,IMP,4D,4,17,3389,,0,1105,,G,,F,6,207,,,16R225,,,,,,0,0,000000000,00000000000,0,0,0,1,0,0,0,0,0,0,0,0,0,0,0,6,6,6,2,12,0,0,0,0,0,99997,7,6,97,7,6,7,998,997,998,998,998,998,998,98,9998,98,9998,8,20,23,54,0,3,2,60,1,1,1,1,0,0,0,53,0,0,0,32,1,0
22,220412,2,2,1,9,9,22,21,12,1,1,0,22,2,54,421,54421,15,2006,2HNYD18256H5,2,H,N,Y,D,1,8,2,5,6,H,5,0,P,ACUR,MDX,UT,6,17,4471,,0,1063,,G,,F,6,212,,,17R235,,,,,,0,0,000000000,00000000000,0,0,0,1,0,0,0,0,0,0,0,60,0,1,1,12,12,6,2,12,0,0,0,1,22,70087,6,1,0,0,3,0,64,115,0,0,0,3,0,6,2009,7,2011,0,0,0,0,0,3,2,60,1,1,1,1,0,0,1,50,1,1,1,32,0,0
22,220413,1,1,3,10,9,5,33,8,0,1,0,22,1,14,6,14006,4,1997,2MELM75W9VX7,2,M,E,L,M,7,5,W,9,V,X,7,0,P,MERC,MGL,4D,97,17,3796,,0,1144,,G,,F,8,281,,,15R215,,,,,,0,0,000000000,00000000000,0,0,0,1,0,0,0,0,0,0,0,998,0,0,0,12,12,2,3,8,0,0,0,1,22,71417,6,1,0,0,3,0,66,170,0,0,0,0,0,0,0,0,0,0,0,0,0,0,2,2,75,1,1,1,1,0,0,1,80,1,1,1,13,0,0
22,220414,1,2,1,13,9,18,25,12,6,1,0,22,2,53,703,53703,83,2007,VTTNJ48A2721,V,T,T,N,J,4,8,A,2,7,2,1,0,M,SUZI,GZ2,RS,7,17,,,,,,,249,,1,,4,302,,,,,,,0,0,000000000,00000000000,0,0,0,1,0,0,0,0,0,0,0,15,0,0,0,10,10,6,2,12,0,0,0,1,22,71483,6,1,0,0,3,0,76,175,0,0,0,0,0,0,0,0,0,0,38,48,0,0,1,2,35,1,1,2,1,0,0,12,98,1,1,7,48,1,0
22,220414,2,2,2,13,9,18,25,12,6,1,0,22,1,20,404,20404,14,2011,2GNALDEC9B11,2,G,N,A,L,D,E,C,9,B,1,1,0,P,CHEV,EQU,UT,11,17,3779,,0,1125,,G,,F,4,146,,,17R225,,,,,,0,0,000000000,00000000000,0,0,0,1,0,0,0,0,0,0,0,75,0,0,0,12,12,6,2,12,0,0,0,1,22,71483,6,1,0,0,3,3,61,120,0,0,0,0,0,0,0,0,0,0,0,0,0,0,1,2,35,1,1,2,1,0,0,1,64,6,1,1,48,0,0
22,220415,1,2,0,13,9,20,2,12,11,1,0,22,6,73,733,73733,90,2001,JKBLFBA1X1B7,J,K,B,L,F,B,A,1,X,1,B,7,0,M,KAWK,LF2,AT,1,17,,,,,,,220,,1,,4,404,,,,,,,0,0,000000000,00000000000,0,0,0,1,0,0,0,0,0,0,0,0,0,0,0,2,2,2,3,12,0,0,0,0,0,99997,7,6,97,7,6,7,998,997,998,998,998,998,998,98,9998,98,9998,8,0,0,0,0,1,2,55,1,1,2,1,0,0,0,98,0,0,0,98,0,0
22,220415,2,2,2,13,9,20,2,12,11,1,0,22,1,23,441,23441,20,2000,1GKDM19WXYB5,1,G,K,D,M,1,9,W,X,Y,B,5,0,T,GMC,SXT,ES,0,17,,1,0,1112,SAF,G,,,6,262,,,,B,4164,02,E,42,0,0,000000000,00000000000,0,0,0,1,0,0,0,0,0,0,0,55,0,0,0,12,12,2,1,8,32,0,0,1,22,70577,6,1,0,0,3,0,70,190,0,0,0,0,0,0,0,0,0,0,84,0,0,0,1,2,55,1,1,2,1,0,0,1,50,8,1,1,98,0,0
22,220416,1,1,1,15,9,6,35,42,0,1,0,22,2,12,473,12473,30,2002,1FMZU67E32UB,1,F,M,Z,U,6,7,E,3,2,U,B,0,P,FORD,EPR,UT,2,17,4120,,0,1259,,G,,F,6,245,,,16R235,,,,,,0,0,000000000,00000000000,0,0,0,1,0,0,0,0,0,0,0,55,0,0,0,10,10,4,3,42,0,0,0,1,22,70438,1,1,0,0,2,0,59,140,0,1,0,1,0,3,2009,12,2010,0,24,0,0,0,1,2,55,3,2,2,1,0,0,14,9,7,3,4,2,1,0
22,220417,1,2,1,16,9,11,41,12,6,1,0,22,2,24,401,24401,14,2007,5GZCZ53477S8,5,G,Z,C,Z,5,3,4,7,7,S,8,0,P,STRN,VUE,UT,7,17,3534,,0,1066,,G,,F,6,214,,,16R235,,,,,,0,0,000000000,00000000000,0,0,0,1,0,0,0,0,0,0,0,15,0,0,0,3,3,6,2,12,0,0,0,1,22,71269,1,1,0,0,2,0,70,150,0,1,0,0,0,6,2011,6,2011,0,38,0,0,0,1,2,45,1,9,9,1,20,3,1,17,1,1,1,87,1,0
22,220417,2,2,2,16,9,11,41,12,6,1,0,22,1,20,481,20481,31,2010,1GC4KYB67AF1,1,G,C,4,K,Y,B,6,7,A,F,1,1,T,CHEV,2K3,CW,10,17,,2,1670,1530,SIL,D,,,8,403,,,,C,5960,02,,44,1,0,000000000,00000000000,0,0,0,1,0,0,0,0,0,0,0,55,0,0,0,12,12,6,2,12,0,0,0,1,22,71201,6,1,0,0,3,0,73,195,0,0,0,1,0,1,2009,1,2009,0,0,0,0,0,1,2,55,1,1,2,1,0,0,1,17,7,1,1,86,0,0
22,220418,1,2,2,28,5,23,0,12,1,1,0,22,2,37,734,37734,90,2007,1HFTE3404740,1,H,F,T,E,3,4,0,4,7,4,0,0,M,HOND,TXM,AT,7,17,,,,,,,420,,1,,4,525,,,,,,,0,0,000000000,00000000000,0,0,0,1,0,0,0,0,0,0,0,45,0,1,5,12,98,4,1,1,0,0,0,1,22,71019,1,1,0,0,2,0,72,155,0,0,0,0,0,0,0,0,0,1,18,36,0,0,1,2,35,1,1,5,1,0,0,1,51,1,1,1,24,1,0
22,220418,2,2,3,28,5,23,0,12,1,1,0,92,0,76,734,76734,90,2007,000000000000,0,0,0,0,0,0,0,0,0,0,0,0,0,,,,,,,,,,,,,,,,,,,,,,,,,0,0,000000000,00000000000,0,0,0,1,0,0,0,0,0,0,0,45,0,0,0,6,7,4,1,12,0,0,0,1,22,71411,6,1,0,0,1,0,67,180,0,0,0,0,0,0,0,0,0,1,18,0,0,0,1,2,35,1,1,5,1,0,0,1,53,1,1,1,25,0,0
22,220419,1,1,2,1,1,11,24,8,0,1,0,22,1,20,461,20461,21,2003,1GAHG39U0312,1,G,A,H,G,3,9,U,0,3,1,2,0,T,CHEV,E35,ES,3,17,,2,0,1550,EXP,G,,,8,364,,,,D,6333,00,,42,0,0,000000000,00000000000,0,0,0,1,0,0,0,0,0,1,0,35,0,0,0,12,11,2,1,8,42,0,0,1,22,70062,6,1,0,0,3,0,65,165,0,0,0,0,0,0,0,0,0,0,0,0,0,0,2,2,35,1,1,2,2,3,3,1,80,6,1,2,13,0,0
22,220420,1,1,2,20,8,2,31,43,0,1,0,22,1,53,706,53706,80,2009,JS1GX72A9921,J,S,1,G,X,7,2,A,9,9,2,1,0,M,SUZI,GXR,RC,9,17,,,,,,,1340,,4,,4,573,,,,,,,0,0,000000000,00000000000,0,0,0,1,0,0,0,0,0,0,0,999,0,0,0,99,99,6,2,43,0,0,0,1,22,70461,6,1,0,0,3,3,74,130,0,0,0,1,0,7,2009,7,2009,0,0,0,0,0,1,9,55,4,1,2,1,0,0,14,13,1,1,4,1,2,0
22,220421,1,2,1,5,9,14,49,1,0,1,0,48,2,20,23,20023,6,2011,3GNBABFWXBS5,3,G,N,B,A,B,F,W,X,B,S,5,0,P,CHEV,HHR,UT,11,17,3208,,0,1035,,F,,F,4,134,,,16R215,,,,,,0,0,000000000,00000000000,0,0,0,1,0,0,0,0,0,0,0,999,0,0,0,7,7,2,1,12,0,0,0,1,22,71109,6,1,0,0,3,0,68,215,0,0,0,0,0,0,0,0,0,0,38,0,0,0,1,4,35,1,1,1,1,0,0,11,15,1,1,7,98,0,0
22,220421,2,2,1,5,9,14,49,1,0,1,0,22,1,73,703,73703,80,2007,JKAEXMF117DA,J,K,A,E,X,M,F,1,1,7,D,A,0,M,KAWK,EXF,RC,7,17,,,,,,,248,,2,,4,304,,,,,,,0,0,000000000,00000000000,0,0,0,1,0,0,0,0,0,0,0,999,0,0,0,0,61,2,3,12,0,0,0,1,22,71107,6,1,0,0,3,3,67,287,0,0,0,0,0,0,0,0,0,0,0,0,0,0,1,4,35,1,1,1,1,0,0,1,72,3,2,1,98,1,0
22,220422,1,3,1,6,9,7,44,12,1,1,0,22,2,22,22,22022,4,2008,1G2ZG57N5841,1,G,2,Z,G,5,7,N,5,8,4,1,0,P,PONT,6BS,4D,8,17,3305,,0,1123,,G,,F,6,214,,,17R225,,,,,,0,0,000000000,00000000000,0,0,0,1,0,0,0,0,0,0,0,998,0,0,0,12,12,6,2,12,0,0,0,1,22,71109,0,0,0,0,0,0,999,999,99,99,99,99,99,99,9999,99,9999,1,36,0,0,0,1,4,40,1,1,1,1,97,8,1,51,6,1,1,24,1,0
22,220422,2,3,2,6,9,7,44,12,1,1,0,22,1,2,404,2404,14,1993,1J4GZ58S2PC5,1,J,4,G,Z,5,8,S,2,P,C,5,0,T,JEEP,LRO,4W,93,17,,1,0,1059,GCK,G,,,6,242,,,,,3574,00,B,44,0,0,000000000,00000000000,0,0,0,1,0,0,0,0,0,0,0,999,0,0,0,6,98,4,3,12,0,0,0,1,22,71107,6,1,0,0,3,0,69,169,0,0,0,0,0,0,0,0,0,0,92,0,0,0,1,4,40,1,1,1,1,97,8,1,53,1,1,1,25,0,0
22,220422,3,3,1,6,9,7,44,12,1,1,0,22,2,51,47,51047,4,2006,YV1RS5476625,Y,V,1,R,S,5,4,7,6,6,2,5,0,P,VOLV,ST5,4D,6,17,3393,,0,1069,,G,,T,5,149,,,17R235,,,,,,0,0,000000000,00000000000,0,0,0,1,0,0,0,0,0,0,0,999,0,0,0,11,98,6,2,12,0,0,0,1,22,71106,6,1,0,0,3,3,62,130,0,0,0,0,0,0,0,0,0,0,0,0,0,0,1,4,40,1,1,1,1,97,8,1,62,99,1,1,98,0,0
22,220423,1,5,1,8,9,3,3,8,0,1,1,99,9,99,999,99999,99,9999,999999999999,9,9,9,9,9,9,9,9,9,9,9,9,0,,,,,,,,,,,,,,,,,,,,,,,,,0,99,999999999,99999999999,9,99,99,1,0,0,0,0,99,99,9,55,9,0,0,12,99,9,1,8,0,0,0,1,99,99999,9,9,99,9,9,9,999,999,99,99,99,99,99,99,9999,99,9999,9,99,99,99,99,1,2,55,1,1,2,1,0,0,1,80,99,1,1,13,0,0
22,220423,2,5,1,8,9,3,3,8,0,1,0,22,1,20,2,20002,4,2007,2G1WT58K6793,2,G,1,W,T,5,8,K,6,7,9,3,0,P,CHEV,IMT,4D,7,17,3674,,0,1105,,F,,F,6,214,,,16R225,,,,,,0,0,000000000,00000000000,0,0,0,1,0,0,0,0,0,0,0,50,0,0,0,14,14,2,1,8,0,0,0,1,22,70394,6,1,6,0,3,3,74,295,0,0,0,0,0,0,0,0,0,0,0,0,0,0,1,2,55,1,1,2,1,0,0,1,80,6,1,2,98,0,0
22,220423,3,5,1,8,9,3,3,8,0,1,1,99,9,99,999,99999,99,9999,999999999999,9,9,9,9,9,9,9,9,9,9,9,9,0,,,,,,,,,,,,,,,,,,,,,,,,,0,99,999999999,99999999999,9,99,99,1,0,0,0,0,99,99,9,999,0,0,0,14,99,9,1,8,0,0,0,1,99,99999,9,9,99,9,9,9,999,999,99,99,99,99,99,99,9999,99,9999,9,99,99,99,99,1,2,55,1,1,2,1,0,0,1,80,99,1,1,98,0,0
22,220423,4,5,1,8,9,3,3,8,0,1,0,99,9,99,999,99999,99,9999,999999999999,9,9,9,9,9,9,9,9,9,9,9,9,0,,,,,,,,,,,,,,,,,,,,,,,,,0,99,999999999,99999999999,9,99,99,1,0,0,0,0,99,99,9,999,9,0,0,14,99,9,1,8,0,0,0,1,99,99999,9,9,99,9,9,9,999,999,99,99,99,99,99,99,9999,99,9999,9,99,99,99,99,1,2,55,1,1,2,1,0,0,1,80,99,1,1,98,0,0
22,220423,5,5,1,8,9,3,3,8,0,1,0,22,1,20,20,20020,4,1996,2G1WL52M6T93,2,G,1,W,L,5,2,M,6,T,9,3,0,P,CHEV,LUM,4D,96,17,3330,,0,1075,,G,,F,6,191,,,15R205,,,,,,0,0,000000000,00000000000,0,0,0,1,0,0,0,0,0,0,0,50,0,0,0,14,14,0,1,8,0,0,0,1,22,70301,6,1,6,0,3,3,66,143,0,0,0,2,0,3,2011,4,2011,0,0,0,0,0,1,2,55,1,1,2,1,0,0,1,80,1,1,1,98,0,0
22,220424,1,1,1,8,9,20,8,8,0,1,0,22,1,49,32,49032,4,1992,1NXAE91A5N23,1,N,X,A,E,9,1,A,5,N,2,3,0,P,TOYT,COA,4D,92,17,2253,,0,957,,G,,F,4,097,,,13R155,,,,,,0,0,000000000,00000000000,0,0,0,1,0,0,0,0,0,0,0,37,0,0,0,11,11,4,1,8,42,0,0,1,22,70816,6,1,0,0,3,3,75,240,0,0,0,1,0,10,2009,10,2009,0,0,0,0,0,1,2,35,1,1,2,1,0,0,1,80,1,1,1,13,0,0
22,220425,1,1,1,10,9,17,4,59,0,1,0,48,1,7,472,7472,30,1996,1B7FL26X3TW7,1,B,7,F,L,2,6,X,3,T,W,7,0,T,DODG,DAK,PK,96,17,,1,1239,1119,DAK,G,,,6,239,,,,B,2969,01,M,42,0,0,000000000,00000000000,0,0,0,1,0,0,0,0,0,0,0,998,0,0,0,12,12,4,3,8,0,0,0,1,48,76448,6,1,0,0,3,0,999,999,0,0,0,0,0,0,0,0,0,0,0,0,0,0,2,2,35,1,1,2,1,0,0,1,12,1,1,4,6,0,0
22,220426,1,2,1,16,9,6,50,12,2,1,0,22,3,49,442,49442,20,2005,5TDZA23C45S2,5,T,D,Z,A,2,3,C,4,5,S,2,0,P,TOYT,SIE,SV,5,17,4120,,0,1193,,G,,F,6,201,,,15R205,,,,,,0,0,000000000,00000000000,0,0,0,1,0,0,0,0,0,0,0,55,0,0,0,12,62,6,2,12,0,0,0,1,22,70426,6,1,0,0,3,0,68,194,0,0,0,1,0,2,2010,2,2010,0,51,0,0,0,1,2,55,1,1,2,1,0,0,1,10,1,1,2,50,1,0
22,220426,2,2,1,16,9,6,50,12,2,1,0,22,2,18,402,18402,14,2006,5GADT13S1623,5,G,A,D,T,1,3,S,1,6,2,3,0,P,BUIC,RNR,UT,6,17,4600,,0,1130,,G,,F,6,256,,,17R255,,,,,,0,0,000000000,00000000000,0,0,0,1,0,0,0,0,0,0,0,55,0,0,0,12,12,6,2,12,0,0,0,1,22,70737,6,1,0,0,3,3,63,213,0,0,0,0,0,0,0,0,0,0,0,0,0,0,1,2,55,1,1,2,1,0,0,1,62,1,1,1,51,0,0
22,220427,1,1,2,16,9,20,50,8,0,1,0,28,2,20,421,20421,15,2011,1GNSCAE09BR3,1,G,N,S,C,A,E,0,9,B,R,3,0,P,CHEV,CTA,UT,11,17,5636,,0,1160,,F,,F,8,323,,,18R265,,,,,,0,0,000000000,00000000000,0,0,0,1,0,0,0,0,0,0,0,70,0,0,0,12,12,2,3,8,0,0,0,1,28,39047,6,1,0,0,3,0,63,145,0,0,0,0,0,0,0,0,0,0,0,0,0,0,2,2,70,1,1,2,1,0,0,1,80,1,1,1,13,0,0
22,220428,1,1,1,17,9,0,51,59,0,1,0,22,3,20,471,20471,30,2000,1GCCS1452YK2,1,G,C,C,S,1,4,5,2,Y,K,2,0,T,CHEV,S14,PK,0,17,,1,1179,1083,S,F,,,4,133,,,,B,3029,03,,42,0,0,000000000,00000000000,0,0,0,1,0,0,0,0,0,0,0,25,0,2,5,12,12,6,2,3,0,0,0,1,22,70510,6,1,0,0,3,0,64,210,0,0,0,0,0,0,0,0,0,0,24,0,0,0,1,2,25,1,1,2,1,0,0,1,12,1,1,4,6,1,1
22,220429,1,3,1,17,9,5,50,12,1,1,0,22,2,49,482,49482,31,2007,5TFBV58137X0,5,T,F,B,V,5,8,1,3,7,X,0,0,T,TOYT,DBL,CW,7,17,,2,0,1457,TUN,G,,,8,348,,,,B,5445,00,S,44,0,0,000000000,00000000000,0,0,0,1,0,0,0,0,0,0,0,998,0,0,0,12,12,6,2,12,0,0,0,1,22,70760,1,1,0,0,2,0,71,210,0,4,0,2,1,2,2010,1,2011,1,24,36,91,92,1,2,55,1,1,2,1,0,0,1,52,6,1,2,28,0,0
22,220429,2,3,1,17,9,5,50,12,1,1,0,22,1,20,481,20481,31,2003,2GCEK19T0313,2,G,C,E,K,1,9,T,0,3,1,3,0,T,CHEV,SK1,4C,3,17,,2,1575,1435,SIL,G,,,8,325,,,,B,4910,02,,44,0,0,000000000,00000000000,0,0,0,1,0,0,0,0,0,0,0,998,0,0,0,6,6,2,1,12,0,0,0,1,22,70749,6,1,0,0,3,0,70,160,0,0,0,0,0,0,0,0,0,0,0,0,0,0,1,2,55,1,1,2,1,0,0,2,53,1,1,1,31,0,0
22,220429,3,3,1,17,9,5,50,12,1,1,0,22,3,20,481,20481,31,2007,2GCEK13M6715,2,G,C,E,K,1,3,M,6,7,1,5,0,T,CHEV,1KW,CW,7,17,,2,0,1435,SIL,G,,,8,323,,,,B,5371,00,,44,0,0,000000000,00000000000,0,0,0,1,0,0,0,0,0,0,0,998,0,0,0,12,12,6,2,12,0,0,0,1,22,71351,6,1,0,0,3,3,66,230,0,0,0,0,0,0,0,0,0,0,24,0,0,0,1,2,55,1,1,2,1,0,0,1,62,1,1,1,98,1,0
22,220430,1,1,3,17,9,17,41,1,0,1,0,22,2,12,402,12402,14,2007,1FMYU02Z37KB,1,F,M,Y,U,0,2,Z,3,7,K,B,0,P,FORD,SPE,UT,7,17,3156,,0,1031,,G,,F,4,140,,,15R225,,,,,,0,0,000000000,00000000000,0,0,0,1,0,0,0,0,0,0,0,35,0,2,5,0,99,6,2,3,0,0,0,1,22,71469,6,2,0,0,2,2,59,115,0,0,0,0,0,0,0,0,0,1,24,73,0,0,1,2,15,1,1,4,1,0,0,1,6,1,3,4,2,2,0
22,220431,1,1,1,18,9,11,0,43,0,1,0,48,3,7,20,7020,2,1999,1B3ES42C1XD1,1,B,3,E,S,4,2,C,1,X,D,1,0,P,DODG,NEH,CP,99,17,2379,,0,1040,,G,,F,4,122,,,14R185,,,,,,0,0,000000000,00000000000,0,0,0,1,0,0,0,0,0,0,0,60,0,0,0,12,12,6,2,43,0,0,0,1,48,77706,1,1,0,0,2,0,999,999,0,3,0,0,0,1,2010,8,2011,0,0,0,0,0,2,2,65,1,2,2,1,0,0,1,13,1,1,4,1,1,1
22,220432,1,1,1,18,9,16,10,32,0,1,0,22,1,23,481,23481,31,2007,1GTEC14X07Z1,1,G,T,E,C,1,4,X,0,7,Z,1,0,T,GMC,NC1,PK,7,17,,2,1330,1190,SIE,G,,,6,262,,,,B,4211,01,4,42,0,0,000000000,00000000000,0,0,0,1,0,0,0,0,0,0,0,998,0,0,0,12,62,6,2,42,0,0,0,1,22,70817,1,1,0,0,2,0,68,194,0,2,1,0,2,6,2009,3,2011,1,24,0,0,0,1,2,40,1,1,2,2,28,3,1,13,99,1,4,1,1,1
22,220433,1,2,3,21,9,15,20,12,6,1,0,4,2,20,2,20002,4,2001,2G1WF55E4192,2,G,1,W,F,5,5,E,4,1,9,2,0,P,CHEV,IMP,4D,1,17,3389,,0,1105,,G,,F,6,207,,,16R225,,,,,,0,0,000000000,00000000000,0,0,0,1,0,0,0,0,0,0,0,23,0,0,0,82,81,6,2,12,0,0,0,1,22,70805,0,0,0,0,0,0,999,999,99,99,99,99,99,99,9999,99,9999,0,38,24,92,0,2,2,50,1,1,1,1,0,0,11,15,1,1,1,68,1,0
22,220433,2,2,1,21,9,15,20,12,6,1,0,22,1,49,40,49040,4,2009,4T1BE46KX9U8,4,T,1,B,E,4,6,K,X,9,U,8,0,P,TOYT,CBA,4D,9,17,3263,,0,1090,,G,,F,4,144,,,16R215,,,,,,0,0,000000000,00000000000,0,0,0,1,0,0,0,0,0,0,0,52,0,0,0,12,12,6,2,12,0,0,0,1,22,70806,6,1,0,0,3,0,68,145,0,1,0,1,0,9,2009,8,2010,0,0,0,0,0,2,2,50,1,1,1,1,0,0,1,62,1,1,1,69,0,0
22,220434,1,1,1,21,9,21,30,9,0,1,0,22,1,20,23,20023,6,2007,3GNDA23D17S5,3,G,N,D,A,2,3,D,1,7,S,5,0,P,CHEV,HHR,UT,7,17,3155,,0,1035,,G,,F,4,134,,,16R215,,,,,,0,0,000000000,00000000000,0,0,0,1,0,0,0,0,0,0,0,45,0,0,0,12,1,4,1,9,0,0,0,1,22,71449,6,1,0,0,3,3,75,250,0,0,0,0,0,0,0,0,0,0,0,0,0,0,2,2,45,1,1,2,1,0,0,15,83,6,1,1,13,0,0
22,220435,1,1,3,23,9,0,45,42,0,1,0,5,2,52,37,52037,2,2001,4A3AC44GX1E1,4,A,3,A,C,4,4,G,X,1,E,1,0,P,MITS,EGS,2H,1,17,2944,,0,1008,,G,,F,4,143,,,16R205,,,,,,0,0,000000000,00000000000,0,0,0,1,0,0,0,0,0,0,0,55,0,0,0,8,8,6,2,42,0,0,0,1,5,71730,0,0,0,0,0,0,999,999,99,99,99,99,99,99,9999,99,9999,0,24,92,0,0,1,2,55,1,2,2,1,0,0,1,12,1,1,4,6,1,1
22,220436,1,1,1,23,9,1,5,9,0,1,0,22,2,23,481,23481,31,1999,1GTEK19T6XE5,1,G,T,E,K,1,9,T,6,X,E,5,0,T,GMC,NK1,3C,99,17,,2,1575,1435,SIE,G,,,8,325,,,,B,00000,00,U,44,0,0,000000000,00000000000,0,0,0,1,0,0,0,0,0,0,0,60,0,0,0,12,13,4,1,9,0,0,0,1,22,70657,6,1,0,0,3,3,69,150,0,0,0,1,0,4,2011,4,2011,0,28,0,0,0,1,4,55,1,1,2,1,0,0,1,83,1,1,1,13,0,1
22,220437,1,1,1,24,9,10,25,42,0,1,0,29,1,23,461,23461,21,1998,1GDFG15R4W10,1,G,D,F,G,1,5,R,4,W,1,0,0,T,GMC,SV1,SV,98,17,,2,0,1350,S/V,G,,,8,350,,,,B,00000,00,E,42,0,0,000000000,00000000000,0,0,0,1,0,0,0,0,0,0,0,70,0,1,5,12,12,6,2,42,0,0,0,1,29,63366,6,1,0,0,3,0,65,130,0,0,0,0,0,0,0,0,0,0,0,0,0,0,2,2,70,2,1,2,1,0,0,14,12,1,1,4,6,1,0
22,220438,1,2,1,24,9,21,40,53,0,1,0,22,1,20,20,20020,4,1999,2G1WN52KXX91,2,G,1,W,N,5,2,K,X,X,9,1,0,P,CHEV,L/Z,4D,99,17,3372,,0,1075,,G,,F,6,231,,,16R225,,,,,,0,0,000000000,00000000000,0,0,0,1,0,0,0,0,0,0,0,70,0,1,5,3,98,6,2,1,0,0,0,1,22,70591,6,1,0,0,3,0,68,140,0,0,0,0,1,11,2010,11,2010,1,58,24,0,0,1,2,55,1,1,2,1,0,0,1,13,6,1,4,1,1,1
22,220438,2,2,4,24,9,21,40,53,0,1,0,22,2,23,481,23481,31,2011,3GTP1VE04BG1,3,G,T,P,1,V,E,0,4,B,G,1,0,T,GMC,1NC,CW,11,17,,2,0,1435,SIE,F,,,8,323,,,,B,5110,00,S,42,0,0,000000000,00000000000,0,0,0,1,0,0,0,0,0,0,0,55,0,0,0,14,98,2,1,54,0,0,0,1,22,70591,6,1,0,0,3,3,63,180,0,0,0,0,0,0,0,0,0,0,0,0,0,0,1,2,55,1,1,2,1,0,0,1,90,1,1,1,98,0,0
22,220439,1,1,1,25,9,2,10,59,0,1,0,22,2,23,481,23481,31,2011,1GTR2VE31BZ1,1,G,T,R,2,V,E,3,1,B,Z,1,0,T,GMC,1NK,4C,11,17,,2,1575,1435,SIE,F,,,8,323,,,,B,5286,02,S,44,0,0,000000000,00000000000,0,0,0,1,0,0,0,0,0,0,0,94,0,1,5,12,12,6,2,1,0,0,0,1,22,71342,6,1,0,0,3,0,72,250,0,0,0,0,0,0,0,0,0,1,24,0,0,0,1,2,55,3,1,2,1,0,0,14,13,1,1,4,1,1,1
22,220440,1,2,2,28,9,10,40,12,6,1,0,22,1,20,481,20481,31,2010,3GCRKSE38AG1,3,G,C,R,K,S,E,3,8,A,G,1,0,T,CHEV,2SK,CW,10,17,,2,0,1435,SIL,F,,,8,323,,,,B,5346,00,,44,0,0,000000000,00000000000,0,0,0,1,0,0,0,0,0,0,0,998,0,0,0,11,11,6,2,12,0,0,0,1,22,71486,6,1,0,0,3,3,61,120,0,0,0,0,0,0,0,0,0,0,38,0,0,0,1,2,45,1,9,9,1,20,3,1,17,1,1,1,89,0,0
22,220440,2,2,3,28,9,10,40,12,6,1,0,22,1,20,2,20002,4,2010,2G1WB5EN7A11,2,G,1,W,B,5,E,N,7,A,1,1,0,P,CHEV,IMT,4D,10,17,3555,,0,1105,,G,,F,6,214,,,16R225,,,,,,0,0,000000000,00000000000,0,0,0,1,0,0,0,0,0,0,0,65,0,0,0,12,12,6,2,12,0,0,0,1,22,71462,6,1,0,0,3,0,73,190,0,0,0,0,0,0,0,0,0,0,0,0,0,0,2,2,65,1,1,2,1,0,0,1,66,1,1,1,88,2,0