STATE,ST_CASE,VEH_NO,VE_FORMS,NUMOCCS,DAY,MONTH,HOUR,MINUTE,HARM_EV,MAN_COLL,UNITTYPE,HIT_RUN,REG_STAT,OWNER,MAKE,MODEL,MAK_MOD,BODY_TYP,MOD_YEAR,VIN,VIN_1,VIN_2,VIN_3,VIN_4,VIN_5,VIN_6,VIN_7,VIN_8,VIN_9,VIN_10,VIN_11,VIN_12,TOW_VEH,VINTYPE,VINMAKE,VINA_MOD,VIN_BT,VINMODYR,VIN_LNGT,VIN_WGT,WGTCD_TR,WHLBS_LG,WHLBS_SH,SER_TR,FUELCODE,MCYCL_DS,CARBUR,CYLINDER,DISPLACE,MCYCL_CY,MCYCL_WT,TIRE_SZE,TON_RAT,TRK_WT,TRKWTVAR,VIN_REST,WHLDRWHL,J_KNIFE,MCARR_I1,MCARR_I2,MCARR_ID,GVWR,V_CONFIG,CARGO_BT,HAZ_INV,HAZ_PLAC,HAZ_ID,HAZ_CNO,HAZ_REL,BUS_USE,SPEC_USE,EMER_USE,TRAV_SP,UNDERIDE,ROLLOVER,ROLINLOC,IMPACT1,IMPACT2,DEFORMED,TOWED,M_HARM,VEH_SC1,VEH_SC2,FIRE_EXP,DR_PRES,L_STATE,DR_ZIP,L_STATUS,L_TYPE,CDL_STAT,L_ENDORS,L_COMPL,L_RESTRI,DR_HGT,DR_WGT,PREV_ACC,PREV_SUS,PREV_DWI,PREV_SPD,PREV_OTH,FIRST_MO,FIRST_YR,LAST_MO,LAST_YR,SPEEDREL,DR_SF1,DR_SF2,DR_SF3,DR_SF4,VTRAFWAY,VNUM_LAN,VSPD_LIM,VALIGN,VPROFILE,VPAVETYP,VSURCOND,VTRAFCON,VTCONT_F,P_CRASH1,P_CRASH2,P_CRASH3,PCRASH4,PCRASH5,ACC_TYPE,DEATHS,DR_DRINK
22,220441,1,2,1,30,9,12,25,12,2,1,0,22,2,7,472,7472,30,2006,1D7HE28K76S6,1,D,7,H,E,2,8,K,7,6,S,6,0,T,DODG,QST,CW,6,17,,2,0,1309,DAK,G,,,6,225,,,,B,4268,00,E,42,0,0,000000000,00000000000,0,0,0,1,0,0,0,0,0,0,0,45,0,0,0,12,12,6,2,12,0,0,0,1,22,71270,0,0,0,0,0,0,999,999,99,99,99,99,99,99,9999,99,9999,0,92,28,0,0,1,2,45,2,1,2,1,0,0,14,10,1,1,2,50,0,0
22,220441,2,2,1,30,9,12,25,12,2,1,0,22,1,6,441,6441,20,2007,2A4GP54L27R3,2,A,4,G,P,5,4,L,2,7,R,3,0,T,CHRY,TOU,ES,7,17,,1,0,1193,TWC,G,,,6,230,,,,B,4267,00,,42,0,0,000000000,00000000000,0,0,0,1,0,0,0,0,0,0,0,35,0,1,5,12,12,6,2,12,0,0,0,1,22,71270,6,1,0,0,3,3,65,230,0,0,0,0,0,0,0,0,0,0,0,0,0,0,1,2,45,2,1,2,1,0,0,14,62,1,1,1,51,1,0
22,220442,1,1,1,30,9,23,10,35,0,1,0,22,1,23,481,23481,31,2007,3GTEC13C07G5,3,G,T,E,C,1,3,C,0,7,G,5,0,T,GMC,NC1,CW,7,17,,2,0,1435,SIE,G,,,8,293,,,,B,5142,00,4,42,0,0,000000000,00000000000,0,0,0,1,0,0,0,0,0,0,0,60,0,1,5,14,14,6,2,1,0,0,0,1,22,70544,6,1,0,0,3,0,67,165,0,0,0,1,0,9,2010,9,2010,0,24,0,0,0,1,2,55,1,1,2,1,0,0,1,13,1,1,4,1,1,1
22,220443,1,1,1,3,9,16,0,34,0,1,0,22,1,12,16,12016,4,2000,2FAFP74W0YX1,2,F,A,F,P,7,4,W,0,Y,X,1,0,P,FORD,CVL,4D,0,17,3968,,0,1147,,G,,F,8,281,,,16R225,,,,,,0,0,000000000,00000000000,0,0,0,1,0,0,0,0,0,0,0,60,0,0,0,12,9,6,2,42,0,0,0,1,22,71038,6,1,0,0,3,0,75,242,0,0,0,1,0,2,2010,2,2010,1,0,0,0,0,1,2,55,3,1,2,2,40,3,14,6,99,3,4,7,1,1
22,220444,1,1,1,1,9,99,99,5,0,1,0,0,0,53,734,53734,90,1998,JSAAM41A5W21,J,S,A,A,M,4,1,A,5,W,2,1,0,M,SUZI,L5F,AT,98,17,,,,,,,493,,1,,4,606,,,,,,,0,0,000000000,00000000000,0,0,0,1,0,0,0,0,0,0,0,25,0,0,0,0,0,0,3,5,0,0,0,1,22,71406,6,1,0,0,1,0,70,200,0,0,0,0,1,9,2010,9,2010,1,99,99,99,99,1,2,55,1,1,2,1,0,0,1,98,99,1,1,0,1,1
22,220445,1,1,3,1,10,8,22,9,0,1,0,22,1,35,481,35481,31,2009,1N6BA07D89N3,1,N,6,B,A,0,7,D,8,9,N,3,0,T,NISS,TXS,CW,9,17,,2,0,1398,TTN,F,,,8,342,,,,B,5038,00,4,42,0,0,000000000,00000000000,0,0,0,1,0,0,0,0,0,0,0,999,0,0,0,12,12,2,1,9,0,0,0,1,22,70503,6,1,0,0,3,0,74,245,0,0,0,0,0,0,0,0,0,0,0,0,0,0,1,2,35,1,9,2,1,20,3,10,83,1,1,1,13,0,0
22,220446,1,1,1,1,10,12,48,35,0,1,0,22,1,73,706,73706,80,2005,JKBVNCA195B5,J,K,B,V,N,C,A,1,9,5,B,5,0,M,KAWK,VN8,RS,5,17,,,,,,,805,,2,,4,500,,,,,,,0,0,000000000,00000000000,0,0,0,1,0,0,0,0,0,0,0,54,0,0,0,12,12,4,3,35,0,0,0,1,22,71355,6,1,0,0,3,0,71,180,0,0,0,0,0,0,0,0,0,1,24,0,0,0,1,2,55,3,1,2,1,40,3,14,13,1,1,4,1,1,0
22,220447,1,2,3,2,10,11,49,12,2,1,0,22,2,55,36,55036,4,2009,KMHCN46C19U3,K,M,H,C,N,4,6,C,1,9,U,3,0,P,HYUN,ALS,4D,9,17,2365,,0,984,,G,,F,4,098,,,14R175,,,,,,0,0,000000000,00000000000,0,0,0,1,0,0,0,0,0,0,0,998,0,0,0,12,12,6,2,12,0,0,0,1,22,70726,6,1,0,0,3,0,68,165,0,0,0,0,0,0,0,0,0,0,39,0,0,0,5,2,45,1,1,2,1,3,3,1,17,1,1,1,69,1,0
22,220447,2,2,1,2,10,11,49,12,2,1,0,22,1,20,481,20481,31,2009,1GCHK53669F1,1,G,C,H,K,5,3,6,6,9,F,1,0,T,CHEV,2K2,CW,9,17,,2,1670,1530,SIL,D,,,8,403,,,,C,5960,02,,44,0,0,000000000,00000000000,0,0,0,1,0,0,0,0,0,0,0,13,0,0,0,12,12,4,3,12,0,0,0,1,22,70726,6,1,0,0,3,0,73,165,0,0,0,1,0,1,2010,1,2010,0,0,0,0,0,5,2,45,1,1,2,1,3,3,11,15,1,1,1,68,0,0
22,220448,1,1,1,4,10,99,99,8,0,1,1,99,9,99,999,99999,99,9999,999999999999,9,9,9,9,9,9,9,9,9,9,9,9,9,,,,,,,,,,,,,,,,,,,,,,,,,0,99,999999999,99999999999,9,99,99,1,0,0,0,0,99,99,9,999,0,0,0,99,99,9,1,8,99,99,0,1,99,99999,9,9,99,9,9,9,999,999,99,99,99,99,99,99,9999,99,9999,9,0,0,0,0,1,2,55,1,1,2,1,0,0,99,99,99,9,9,99,0,0
22,220449,1,2,1,4,10,13,31,12,2,1,0,22,2,20,2,20002,4,2005,2G1WF52E5591,2,G,1,W,F,5,2,E,5,5,9,1,0,P,CHEV,IMP,4D,5,17,3389,,0,1105,,G,,F,6,207,,,16R225,,,,,,0,0,000000000,00000000000,0,0,0,1,0,0,0,0,0,0,0,70,0,0,0,12,12,6,2,12,0,0,0,1,22,71049,1,1,0,0,2,0,72,216,0,1,0,0,0,8,2011,8,2011,1,35,0,0,0,1,2,55,1,1,2,1,0,0,6,54,3,1,1,52,1,0
22,220449,2,2,1,4,10,13,31,12,2,1,0,48,3,84,881,84881,66,1998,2HSFHASR8WC0,2,H,S,F,H,A,S,R,8,W,C,0,1,T,INTL,940,TR,98,17,,8,2340,1600,90S,D,,,6,893,,,,,00000,00,,64,1,57,1818989,571818989,3,6,2,1,0,0,0,0,0,0,0,55,0,0,0,12,12,6,2,12,0,0,0,1,48,75633,6,1,6,1,3,3,999,999,0,0,0,0,2,7,2010,1,2011,0,0,0,0,0,1,2,55,1,1,2,1,0,0,1,54,3,1,1,52,0,0
22,220450,1,1,4,4,10,19,53,8,0,1,0,22,2,49,442,49442,20,2000,4T3ZF13C4YU2,4,T,3,Z,F,1,3,C,4,Y,U,2,0,P,TOYT,SIE,SV,0,17,3890,,0,1142,,G,,F,6,183,,,15R205,,,,,,0,0,000000000,00000000000,0,0,0,1,0,0,0,0,0,0,0,999,0,0,0,12,12,4,3,8,0,0,0,1,22,70131,6,1,0,0,3,0,69,162,0,0,0,0,0,0,0,0,0,0,0,0,0,0,2,2,35,1,1,1,1,0,0,1,80,1,1,1,13,0,0
22,220451,1,1,1,5,10,22,20,1,0,1,0,22,2,12,471,12471,30,2002,1FTYR10U12TA,1,F,T,Y,R,1,0,U,1,2,T,A,0,T,FORD,RNG,PK,2,17,,1,1175,1116,RNG,G,,,6,182,,,,B,3085,03,E,42,0,0,000000000,00000000000,0,0,0,1,0,0,0,0,0,0,0,55,0,2,2,0,0,6,2,1,0,0,0,1,22,70435,6,1,0,0,3,3,63,110,0,0,0,0,0,0,0,0,0,0,24,0,0,0,1,2,55,1,1,2,1,0,0,1,9,1,3,4,7,1,0
22,220452,1,1,1,7,10,18,15,1,0,1,0,48,3,84,881,84881,66,2007,2HSCEAHR27C3,2,H,S,C,E,A,H,R,2,7,C,3,1,T,INTL,92I,TR,7,17,,8,0,0,920,D,,,6,661,,,,,00000,00,,64,1,57,336626,57336626,3,6,2,2,2,1993,88,2,0,0,0,55,0,1,1,0,61,6,2,1,0,0,0,1,48,76227,6,1,6,1,3,0,999,999,0,0,0,0,0,0,0,0,0,0,58,0,0,0,1,2,55,1,1,2,1,40,3,1,12,9,3,6,98,1,0
22,220453,1,2,2,7,10,16,33,12,8,1,0,48,1,49,40,49040,4,2008,4T4BE46K28R0,4,T,4,B,E,4,6,K,2,8,R,0,0,P,TOYT,XSL,4D,8,17,3263,,0,1093,,G,,F,4,146,,,16R215,,,,,,0,0,000000000,00000000000,0,0,0,1,0,0,0,0,0,0,0,55,0,0,0,11,11,6,2,12,0,0,0,1,48,75941,6,1,0,0,2,3,999,999,0,0,0,0,0,0,0,0,0,0,0,0,0,0,1,2,55,1,1,2,1,0,0,1,10,1,1,2,64,1,0
22,220453,2,2,2,7,10,16,33,12,8,1,0,22,3,87,881,87881,66,1989,1XP5DB9X8KD2,1,X,P,5,D,B,9,X,8,K,D,2,1,T,PTRB,379,TR,89,17,,8,0,0,CON,D,,,6,893,,,,,00000,00,,64,1,57,1974511,571974511,3,6,10,1,0,0,0,0,0,0,0,55,0,0,0,9,9,4,3,12,0,0,0,1,22,70656,6,1,6,0,3,0,74,280,0,0,0,2,0,11,2008,6,2010,0,0,0,0,0,1,2,55,1,1,2,1,0,0,1,62,7,1,4,65,0,0
22,220454,1,1,1,7,10,21,45,42,0,1,0,22,1,23,481,23481,31,1997,1GTGK24R4VZ5,1,G,T,G,K,2,4,R,4,V,Z,5,0,T,GMC,SK2,PK,97,17,,2,0,1315,SIE,G,,,8,350,,,,C,00000,00,A,44,0,0,000000000,00000000000,0,0,0,1,0,0,0,0,0,0,0,52,0,1,5,12,12,6,2,1,0,0,0,1,22,71322,6,1,0,0,3,0,68,165,0,0,0,0,2,8,2010,6,2011,0,24,0,0,0,1,2,55,2,1,2,1,40,3,14,12,1,1,4,6,1,1
22,220455,1,1,2,8,10,4,0,42,0,1,0,22,3,35,472,35472,30,2007,1N6AD06U47C4,1,N,6,A,D,0,6,U,4,7,C,4,0,T,NISS,KEO,PC,7,17,,1,0,1259,FRT,G,,,6,244,,,,,4015,00,K,42,0,0,000000000,00000000000,0,0,0,1,0,0,0,0,0,0,0,75,0,1,5,99,99,6,2,1,0,0,0,1,22,71220,3,1,0,0,2,0,60,95,0,0,0,0,0,0,0,0,0,1,24,58,0,0,1,2,55,3,1,2,1,0,0,14,13,6,4,4,7,1,1
22,220456,1,2,1,9,10,0,55,54,11,1,0,22,6,52,401,52401,14,2001,JA4LS21H61P0,J,A,4,L,S,2,1,H,6,1,P,0,0,P,MITS,MNS,UT,1,17,3835,,0,1073,,G,,F,6,181,,,15R235,,,,,,0,0,000000000,00000000000,0,0,0,1,0,0,0,0,0,0,0,0,0,1,1,4,4,6,2,1,0,0,0,0,0,99997,7,6,97,7,6,7,998,997,998,998,998,998,998,98,9998,98,9998,8,0,0,0,0,1,2,55,1,1,2,1,0,0,0,53,0,0,0,98,1,0
22,220456,2,2,1,9,10,0,55,54,11,1,0,22,1,12,422,12422,15,2004,1FMPU16LX4LA,1,F,M,P,U,1,6,L,X,4,L,A,0,P,FORD,EPT,UT,4,17,5394,,0,1191,,G,,F,8,330,,,17R265,,,,,,0,0,000000000,00000000000,0,0,0,1,0,0,0,0,0,0,0,55,0,0,0,12,12,4,3,54,0,0,0,1,22,70541,6,1,6,0,3,0,71,190,0,0,0,0,0,0,0,0,0,0,0,0,0,0,1,2,55,1,1,2,1,0,0,1,50,7,1,1,98,0,0
22,220457,1,1,1,10,10,8,26,9,0,1,0,22,1,18,2,18002,4,1995,1G4HR52L5SH5,1,G,4,H,R,5,2,L,5,S,H,5,0,P,BUIC,LLF,4D,95,17,3442,,0,1108,,G,,F,6,231,,,15R205,,,,,,0,0,000000000,00000000000,0,0,0,1,0,0,0,0,0,0,0,998,0,0,0,12,12,4,4,9,0,0,0,1,22,70560,6,1,0,0,3,0,71,195,0,0,0,2,1,11,2008,11,2010,0,0,0,0,0,1,2,25,1,1,1,1,0,0,1,83,6,1,1,13,0,0
22,220458,1,1,1,11,10,19,21,9,0,1,0,22,1,20,471,20471,30,1993,1GCCS14R9P01,1,G,C,C,S,1,4,R,9,P,0,1,0,T,CHEV,S14,PK,93,17,,1,1179,1083,S,G,,,6,173,,,,B,2633,02,,42,0,0,000000000,00000000000,0,0,0,1,0,0,0,0,0,0,0,65,0,0,0,12,12,6,2,9,0,0,0,1,22,70570,1,1,0,0,2,0,67,200,0,1,0,0,0,10,2011,10,2011,1,0,0,0,0,1,2,55,3,2,2,1,0,0,14,83,1,1,1,13,0,0
22,220459,1,1,1,13,10,19,35,8,0,1,0,22,2,21,21,21021,2,2001,1G3NL12E51C1,1,G,3,N,L,1,2,E,5,1,C,1,0,P,OLDS,A/G,CP,1,17,2958,,0,1070,,G,,F,6,207,,,15R215,,,,,,0,0,000000000,00000000000,0,0,0,1,0,0,0,0,0,0,0,45,0,0,0,12,12,4,3,8,0,0,0,1,22,71457,6,1,0,0,3,0,60,108,0,0,0,0,0,0,0,0,0,0,0,0,0,0,1,2,45,1,1,2,1,0,0,1,80,1,1,1,13,0,0
22,220460,1,1,1,16,10,0,18,10,0,1,0,22,1,23,421,23421,15,2002,1GKFK66U72J2,1,G,K,F,K,6,6,U,7,2,J,2,0,T,GMC,XL1,4W,2,17,,2,0,0,DEN,G,,,8,364,,,,B,5820,00,K,44,0,0,000000000,00000000000,0,0,0,1,0,0,0,0,0,0,0,52,0,0,0,11,11,6,2,10,0,0,0,1,22,70802,1,1,0,0,2,3,74,280,0,0,0,0,0,0,0,0,0,0,39,0,0,0,2,2,50,1,1,2,1,65,3,1,91,1,1,1,15,1,0
22,220461,1,2,1,16,10,19,15,12,6,1,0,22,3,84,883,84883,66,1997,2HSFLAHN2VC0,2,H,S,F,L,A,H,N,2,V,C,0,1,T,INTL,920,TR,97,17,,7,1850,1260,920,D,,,6,661,,,,,00000,00,,42,1,57,286600,57286600,3,6,3,1,0,0,0,0,0,0,0,5,0,0,0,7,7,2,1,12,0,0,0,1,22,70607,6,1,6,0,3,0,66,270,0,0,0,0,0,0,0,0,0,0,38,0,0,0,2,2,55,1,1,1,1,20,3,1,17,1,1,1,89,0,0
22,220461,2,2,1,16,10,19,15,12,6,1,0,22,1,37,705,37705,80,2006,JH2PC37046M3,J,H,2,P,C,3,7,0,4,6,M,3,0,M,HOND,B60,RC,6,17,,,,,,,599,,4,,4,361,,,,,,,0,0,000000000,00000000000,0,0,0,1,0,0,0,0,0,0,0,55,0,0,0,12,12,6,2,12,0,0,0,1,22,70560,6,1,0,0,3,0,74,180,0,0,0,0,0,0,0,0,0,0,0,0,0,0,2,2,55,1,1,1,1,0,0,1,55,1,1,1,88,1,1
22,220462,1,1,1,10,10,15,35,42,0,1,0,22,1,20,481,20481,31,2007,1GCHC29KX7E5,1,G,C,H,C,2,9,K,X,7,E,5,0,T,CHEV,2CH,4C,7,17,,2,1575,1435,SIL,G,,,8,366,,,,C,5398,02,,42,0,0,000000000,00000000000,0,0,0,1,0,0,0,0,0,0,0,55,0,1,5,12,12,6,2,42,0,0,0,1,22,71469,6,1,0,0,3,3,72,180,0,0,0,0,0,0,0,0,0,0,24,0,0,0,1,2,55,1,1,2,1,0,0,1,13,6,4,4,7,1,0
22,220463,1,1,1,14,10,11,0,14,0,1,0,22,2,2,405,2405,14,2006,1J4GK48K86W1,1,J,4,G,K,4,8,K,8,6,W,1,0,T,JEEP,SPR,4W,6,17,,1,0,1043,LIB,G,,,6,226,,,,,3665,00,E,42,0,0,000000000,00000000000,0,0,0,1,0,0,0,0,0,0,0,998,0,0,0,1,1,6,2,14,0,0,0,1,22,71360,6,1,0,0,3,0,61,115,0,0,0,0,0,0,0,0,0,0,0,0,0,0,2,2,45,1,1,2,1,0,0,1,13,1,1,4,98,0,0
22,220464,1,2,1,14,10,17,55,12,2,1,0,22,1,23,481,23481,31,2006,2GTEC13T6612,2,G,T,E,C,1,3,T,6,6,1,2,0,T,GMC,NC1,CW,6,17,,2,0,1435,SIE,G,,,8,323,,,,B,4987,00,4,42,0,0,000000000,00000000000,0,0,0,1,0,0,0,0,0,0,0,55,0,0,0,12,12,6,2,12,32,0,0,1,22,70456,6,1,0,0,3,0,70,195,0,0,0,0,0,0,0,0,0,0,0,0,0,0,1,2,55,1,1,2,1,0,0,1,10,1,1,2,50,1,1
22,220464,2,2,1,14,10,17,55,12,2,1,0,22,3,82,881,82881,60,2006,4UZAANCP46CX,4,U,Z,A,A,N,C,P,4,6,C,X,0,T,FRHT,MWV,SN,6,17,,4,0,0,CHA,D,,,4,262,,,,,00000,00,,42,0,88,888888888,88888888888,2,1,1,1,0,0,0,0,0,0,0,55,0,1,5,12,12,6,2,12,0,0,0,1,22,70401,6,1,0,0,3,0,68,170,0,0,0,0,0,0,0,0,0,0,0,0,0,0,1,2,55,1,1,2,1,0,0,1,62,1,1,1,51,0,0
22,220465,1,2,1,14,10,19,30,12,2,1,0,22,1,7,482,7482,31,2001,1B7HC16X61S2,1,B,7,H,C,1,6,X,6,1,S,2,0,T,DODG,150,PK,1,17,,2,1347,1187,RPC,G,,,6,239,,,,B,4010,02,U,42,0,0,000000000,00000000000,0,0,0,1,0,0,0,0,0,0,0,60,0,0,0,12,12,6,2,12,0,0,0,1,22,71292,6,1,0,0,3,0,70,230,0,0,0,0,0,0,0,0,0,0,24,0,0,0,1,2,55,1,1,2,1,0,0,1,10,1,1,2,50,1,0
22,220465,2,2,3,14,10,19,30,12,2,1,0,22,1,20,24,20024,6,2009,1GNER13DX9S1,1,G,N,E,R,1,3,D,X,9,S,1,0,P,CHEV,TRV,UT,9,17,4790,,0,1189,,G,,F,6,220,,,17R245,,,,,,0,0,000000000,00000000000,0,0,0,1,0,0,0,0,0,0,0,55,0,0,0,12,12,6,2,12,0,0,0,1,22,71292,6,1,0,0,3,0,64,230,0,0,0,0,0,0,0,0,0,0,0,0,0,0,1,2,55,1,1,2,1,0,0,1,62,6,1,2,51,0,0
22,220466,1,2,1,15,10,3,2,8,0,1,1,99,9,99,999,99999,99,9999,999999999999,9,9,9,9,9,9,9,9,9,9,9,9,0,,,,,,,,,,,,,,,,,,,,,,,,,0,0,000000000,00000000000,0,0,0,1,0,0,0,0,0,0,0,999,0,0,0,99,99,9,1,8,0,0,0,1,99,99999,9,9,99,9,9,9,999,999,99,99,99,99,99,99,9999,99,9999,9,0,0,0,0,9,9,99,9,9,9,1,99,9,99,99,99,9,9,99,0,0
22,220466,2,2,1,15,10,3,2,8,0,1,1,99,9,99,999,99999,99,9999,999999999999,9,9,9,9,9,9,9,9,9,9,9,9,0,,,,,,,,,,,,,,,,,,,,,,,,,0,0,000000000,00000000000,0,0,0,1,0,0,0,0,0,0,0,999,0,0,0,99,99,9,9,8,0,0,0,1,99,99999,9,9,99,9,9,9,999,999,99,99,99,99,99,99,9999,99,9999,9,0,0,0,0,9,9,99,9,9,9,1,99,9,99,99,99,9,9,98,0,0
22,220467,1,1,1,16,10,2,28,32,0,1,0,22,2,58,35,58035,4,1996,JNKCA21D7TT0,J,N,K,C,A,2,1,D,7,T,T,0,0,P,INFI,I30,4D,96,17,2974,,0,1063,,G,,F,6,182,,,15R215,,,,,,0,0,000000000,00000000000,0,0,0,1,0,0,0,0,0,0,0,100,0,1,5,12,12,6,2,1,0,0,0,1,22,71201,6,1,0,0,3,0,69,160,0,0,0,0,0,0,0,0,0,0,24,37,0,0,1,2,50,1,1,2,1,0,0,1,13,1,1,4,1,1,0
22,220468,1,1,2,16,10,19,10,8,0,1,0,22,2,49,51,49051,4,2007,JTDJT9239750,J,T,D,J,T,9,2,3,9,7,5,0,0,P,TOYT,YAR,2H,7,17,2290,,0,969,,G,,F,4,092,,,14R175,,,,,,0,0,000000000,00000000000,0,0,0,1,0,0,0,0,0,0,0,45,0,0,0,12,12,4,1,8,0,0,0,1,22,70775,6,1,0,0,3,0,69,160,0,0,0,0,0,0,0,0,0,0,0,0,0,0,1,2,55,1,1,2,1,3,3,1,80,3,1,1,13,0,0
22,220469,1,1,1,16,10,22,0,43,0,1,0,22,1,20,421,20421,15,1996,3GNEK18R7TG1,3,G,N,E,K,1,8,R,7,T,G,1,0,P,CHEV,KTA,UT,96,17,4741,,0,1115,,G,,F,8,350,,,16R245,,,,,,0,0,000000000,00000000000,0,0,0,1,0,0,0,0,0,0,0,50,0,1,5,12,12,6,2,1,0,0,0,1,22,70079,6,1,0,0,3,0,68,215,0,0,0,0,0,0,0,0,0,1,24,0,0,0,1,2,25,1,1,2,1,0,0,1,13,1,1,4,1,1,0
22,220470,1,1,1,17,10,4,45,43,0,1,0,22,2,37,31,37031,2,2006,2HGFG12876H5,2,H,G,F,G,1,2,8,7,6,H,5,0,P,HOND,UAX,CP,6,17,2767,,0,1043,,G,,F,4,110,,,16R205,,,,,,0,0,000000000,00000000000,0,0,0,1,0,0,0,0,0,0,0,999,0,1,3,12,12,6,2,3,0,0,0,1,22,70065,6,1,0,0,3,0,65,130,0,0,0,1,0,1,2009,1,2009,9,24,0,0,0,2,3,40,1,1,2,99,0,0,1,12,1,1,4,6,1,0
22,220471,1,1,1,19,10,1,40,33,0,1,0,92,0,12,481,12481,31,2004,1FTRX02W04KB,1,F,T,R,X,0,2,W,0,4,K,B,0,T,FORD,F15,4C,4,17,,2,1450,1260,COF,G,,,8,281,,,,B,5180,00,U,42,0,0,000000000,00000000000,0,0,0,1,0,0,0,0,0,0,0,999,0,0,0,14,61,4,3,30,0,0,0,1,22,70360,1,1,0,0,2,0,71,198,0,1,0,1,0,7,2009,11,2009,1,24,0,0,0,4,3,35,2,1,2,1,40,3,14,12,1,1,4,6,1,1
22,220472,1,1,2,6,10,19,42,9,0,1,1,22,2,21,3,21003,4,1989,1G3CX54C2K43,1,G,3,C,X,5,4,C,2,K,4,3,0,P,OLDS,9RF,4D,89,17,3237,,0,1108,,G,,F,6,231,,,14R205,,,,,,0,0,000000000,00000000000,0,0,0,1,0,0,0,0,0,0,0,999,0,0,0,12,12,4,3,9,0,0,0,1,22,70633,1,1,0,0,2,0,71,230,0,0,0,0,0,0,0,0,0,0,92,0,0,0,1,4,35,1,1,2,1,0,0,1,83,1,1,1,13,0,0
22,220473,1,1,1,21,10,19,0,8,0,1,0,22,2,35,47,35047,4,2000,1N4DL01DXYC2,1,N,4,D,L,0,1,D,X,Y,C,2,0,P,NISS,AGS,4D,0,17,2754,,0,1031,,G,,F,4,146,,,15R195,,,,,,0,0,000000000,00000000000,0,0,0,1,0,0,0,0,0,0,0,45,0,0,0,12,12,4,1,8,0,0,0,1,22,70791,6,1,0,0,3,3,70,170,0,0,0,0,0,0,0,0,0,0,0,0,0,0,2,2,50,3,1,1,1,0,0,14,80,3,1,1,13,0,0
22,220474,1,1,1,22,10,19,59,15,0,1,0,22,1,12,471,12471,30,1991,1FTCR10A1MTA,1,F,T,C,R,1,0,A,1,M,T,A,0,T,FORD,RNG,PK,91,17,,1,1140,1080,RNG,G,,,4,140,,,,B,2674,01,A,42,0,0,000000000,00000000000,0,0,0,1,0,0,0,0,0,0,0,999,0,0,0,12,12,4,1,15,0,0,0,1,22,70516,1,1,0,0,2,0,66,170,0,1,0,0,0,12,2008,12,2008,0,0,0,0,0,1,2,55,1,1,2,1,0,0,1,80,1,1,1,13,0,0
22,220475,1,1,2,22,10,22,51,42,0,1,0,22,1,14,6,14006,4,2003,2MEFM75W23X6,2,M,E,F,M,7,5,W,2,3,X,6,0,P,MERC,MGL,4D,3,17,3958,,0,1147,,G,,F,8,281,,,16R225,,,,,,0,0,000000000,00000000000,0,0,0,1,0,0,0,0,0,0,0,80,0,0,0,12,12,6,2,42,0,0,0,1,22,70301,6,1,0,0,3,0,71,179,0,0,0,0,0,0,0,0,0,1,24,0,0,0,4,2,50,3,1,1,1,0,0,14,13,1,1,4,1,2,1
22,220476,1,2,2,25,10,17,3,12,6,1,0,22,2,14,6,14006,4,2009,2MEHM75V89X6,2,M,E,H,M,7,5,V,8,9,X,6,0,P,MERC,MGL,4D,9,17,4117,,0,1146,,F,,F,8,281,,,17R225,,,,,,0,0,000000000,00000000000,0,0,0,1,0,0,0,0,0,0,0,25,0,0,0,1,1,6,2,12,0,0,0,1,22,71433,0,0,0,0,0,0,67,142,99,99,99,99,99,99,9999,99,9999,0,38,92,0,0,1,2,50,1,1,2,1,0,0,11,15,1,1,2,68,1,0
22,220476,2,2,1,25,10,17,3,12,6,1,0,22,3,87,881,87881,66,1993,1XP5DR9X8PN3,1,X,P,5,D,R,9,X,8,P,N,3,1,T,PTRB,379,TR,93,17,,8,2750,1310,CON,D,,,6,774,,,,,00000,00,,64,1,57,1412100,571412100,3,6,3,1,0,0,0,0,0,0,0,50,0,0,0,12,11,6,2,12,0,0,0,1,22,71438,6,1,6,0,3,0,67,232,0,0,0,0,0,0,0,0,0,0,0,0,0,0,1,2,50,1,1,2,1,0,0,1,62,9,2,1,69,0,0
22,220477,1,1,3,25,10,21,46,32,0,1,0,22,1,6,51,6051,4,2002,2C3HE66G92H1,2,C,3,H,E,6,6,G,9,2,H,1,0,P,CHRY,30M,4D,2,17,3484,,0,1130,,G,,F,6,215,,,17R225,,,,,,0,0,000000000,00000000000,0,0,0,1,0,0,0,0,0,0,0,999,0,1,5,12,98,6,2,1,0,0,0,1,22,70510,6,1,0,0,3,3,67,165,0,2,0,0,3,12,2010,10,2011,9,99,99,99,99,1,2,55,2,1,2,1,0,0,14,13,1,1,4,1,1,1
22,220478,1,1,2,26,10,1,18,1,0,1,0,22,2,12,471,12471,30,2003,1FTYR10D23PA,1,F,T,Y,R,1,0,D,2,3,P,A,0,T,FORD,RNG,PK,3,17,,1,1175,1116,RNG,G,,,4,140,,,,B,3085,03,U,42,0,0,000000000,00000000000,0,0,0,1,0,0,0,0,0,0,0,89,0,1,1,0,13,6,2,1,0,0,0,1,22,70532,6,1,0,0,3,3,67,199,0,0,0,0,0,0,0,0,0,1,24,0,0,0,1,2,55,1,1,2,1,0,0,1,6,99,4,2,98,1,1