STATE,ST_CASE,VEH_NO,VE_FORMS,NUMOCCS,DAY,MONTH,HOUR,MINUTE,HARM_EV,MAN_COLL,UNITTYPE,HIT_RUN,REG_STAT,OWNER,MAKE,MODEL,MAK_MOD,BODY_TYP,MOD_YEAR,VIN,VIN_1,VIN_2,VIN_3,VIN_4,VIN_5,VIN_6,VIN_7,VIN_8,VIN_9,VIN_10,VIN_11,VIN_12,TOW_VEH,VINTYPE,VINMAKE,VINA_MOD,VIN_BT,VINMODYR,VIN_LNGT,VIN_WGT,WGTCD_TR,WHLBS_LG,WHLBS_SH,SER_TR,FUELCODE,MCYCL_DS,CARBUR,CYLINDER,DISPLACE,MCYCL_CY,MCYCL_WT,TIRE_SZE,TON_RAT,TRK_WT,TRKWTVAR,VIN_REST,WHLDRWHL,J_KNIFE,MCARR_I1,MCARR_I2,MCARR_ID,GVWR,V_CONFIG,CARGO_BT,HAZ_INV,HAZ_PLAC,HAZ_ID,HAZ_CNO,HAZ_REL,BUS_USE,SPEC_USE,EMER_USE,TRAV_SP,UNDERIDE,ROLLOVER,ROLINLOC,IMPACT1,IMPACT2,DEFORMED,TOWED,M_HARM,VEH_SC1,VEH_SC2,FIRE_EXP,DR_PRES,L_STATE,DR_ZIP,L_STATUS,L_TYPE,CDL_STAT,L_ENDORS,L_COMPL,L_RESTRI,DR_HGT,DR_WGT,PREV_ACC,PREV_SUS,PREV_DWI,PREV_SPD,PREV_OTH,FIRST_MO,FIRST_YR,LAST_MO,LAST_YR,SPEEDREL,DR_SF1,DR_SF2,DR_SF3,DR_SF4,VTRAFWAY,VNUM_LAN,VSPD_LIM,VALIGN,VPROFILE,VPAVETYP,VSURCOND,VTRAFCON,VTCONT_F,P_CRASH1,P_CRASH2,P_CRASH3,PCRASH4,PCRASH5,ACC_TYPE,DEATHS,DR_DRINK
22,220511,1,2,2,19,11,14,55,12,1,1,0,28,3,23,481,23481,31,1989,1GTHC34N3KE5,1,G,T,H,C,3,4,N,3,K,E,5,1,T,GMC,SC3,PK,89,17,,2,0,1315,SIE,G,,,8,454,,,,D,4451,08,A,42,3,0,000000000,00000000000,0,0,0,1,0,0,0,0,0,0,0,70,0,0,0,12,12,6,2,12,0,0,0,1,28,39466,6,1,0,0,3,0,70,200,0,0,0,0,0,0,0,0,0,0,24,91,0,0,3,2,70,1,1,2,1,0,0,1,51,8,1,1,24,1,0
22,220511,2,2,2,19,11,14,55,12,1,1,0,45,3,84,881,84881,66,2012,3HSDJSJR8CN6,3,H,S,D,J,S,J,R,8,C,N,6,2,T,INTL,PRO,TR,12,17,,8,0,0,PRO,D,,,6,793,,,,,00000,00,,64,1,57,063395,57063395,3,7,1,1,0,0,0,0,0,0,0,5,0,0,0,6,6,4,1,12,0,0,0,1,13,30038,6,1,6,1,3,0,69,245,98,0,0,0,0,0,0,0,0,0,0,0,0,0,3,2,70,1,1,2,1,0,0,2,53,1,1,1,25,0,0
22,220512,1,1,1,19,11,23,34,43,0,1,0,22,2,58,35,58035,4,2000,JNKCA31A3YT1,J,N,K,C,A,3,1,A,3,Y,T,1,0,P,INFI,I30,4D,0,17,3227,,0,1063,,G,,F,6,182,,,16R215,,,,,,0,0,000000000,00000000000,0,0,0,1,0,0,0,0,0,0,0,55,0,1,5,11,61,6,2,1,0,0,0,1,22,70806,1,1,0,0,2,0,66,150,0,1,0,0,0,8,2009,8,2009,1,24,0,0,0,1,2,45,1,1,2,1,0,0,1,13,7,1,4,1,1,1
22,220513,1,1,2,21,11,17,16,9,0,1,0,22,1,35,401,35401,14,1998,JN8AR05SXWW2,J,N,8,A,R,0,5,S,X,W,W,2,0,P,NISS,PFI,UT,98,17,3714,,0,1063,,G,,F,6,201,,,15R235,,,,,,0,0,000000000,00000000000,0,0,0,1,0,0,0,0,0,0,0,30,0,0,0,12,12,2,1,9,0,0,0,1,22,70005,6,1,0,0,3,3,71,190,0,0,0,0,0,0,0,0,0,0,0,0,0,0,2,3,40,1,1,2,1,3,3,1,83,1,1,1,13,0,0
22,220514,1,1,1,22,11,14,49,30,0,1,0,22,1,49,472,49472,30,2007,3TMJU62N27M0,3,T,M,J,U,6,2,N,2,7,M,0,0,T,TOYT,DCP,CW,7,17,,1,0,1278,TAC,G,,,6,244,,,,B,3845,00,E,42,0,0,000000000,00000000000,0,0,0,1,0,0,0,0,0,0,0,998,0,0,0,9,9,6,2,30,0,0,0,1,22,70714,6,1,4,0,3,0,73,195,0,0,0,1,1,4,2009,4,2009,9,58,0,0,0,1,4,40,1,1,1,2,0,0,1,9,7,3,4,2,1,0
22,220515,1,1,1,24,11,3,17,43,0,1,0,22,2,35,472,35472,30,1998,1N6DD26SXWC3,1,N,6,D,D,2,6,S,X,W,C,3,0,T,NISS,KXS,PC,98,17,,1,0,1161,FRT,G,,,4,146,,,,B,3187,01,U,42,0,0,000000000,00000000000,0,0,0,1,0,0,0,0,0,0,0,55,0,2,5,12,12,4,3,1,0,0,0,1,22,70360,6,1,0,0,3,0,68,178,0,0,0,0,0,0,0,0,0,0,24,58,0,0,1,2,55,3,1,2,1,40,3,14,13,1,1,4,1,1,1
22,220516,1,2,1,6,9,19,20,12,1,1,0,22,1,49,40,49040,4,2009,4T1BE46K79U8,4,T,1,B,E,4,6,K,7,9,U,8,0,P,TOYT,CBA,4D,9,17,3263,,0,1090,,G,,F,4,144,,,16R215,,,,,,0,0,000000000,00000000000,0,0,0,1,0,0,0,0,0,0,0,999,0,0,0,12,12,6,2,12,0,0,0,1,22,71446,6,1,0,0,3,3,66,170,0,0,0,1,0,7,2010,7,2010,1,24,0,0,0,1,4,35,1,1,2,1,0,0,1,51,2,1,1,24,1,0
22,220516,2,2,4,6,9,19,20,12,1,1,0,22,1,20,481,20481,31,1997,1GCEC19R6VE2,1,G,C,E,C,1,9,R,6,V,E,2,0,T,CHEV,GC1,PC,97,17,,2,1555,1415,GM4,G,,,8,350,,,,B,4160,00,,42,0,0,000000000,00000000000,0,0,0,1,0,0,0,0,0,0,0,999,0,0,0,6,6,6,2,12,0,0,0,1,22,70659,6,1,0,0,3,0,70,190,0,0,0,0,0,0,0,0,0,0,0,0,0,0,1,4,35,1,1,2,1,0,0,1,53,1,1,1,25,0,0
22,220517,1,2,2,8,11,11,43,12,6,1,0,22,2,37,421,37421,15,2008,5FNYF28518B0,5,F,N,Y,F,2,8,5,1,8,B,0,0,P,HOND,PIL,UT,8,17,4356,,0,1063,,G,,F,6,213,,,16R235,,,,,,0,0,000000000,00000000000,0,0,0,1,0,0,0,0,0,0,0,15,0,0,0,3,3,6,2,12,0,0,0,1,22,70510,6,1,4,0,3,3,63,120,0,0,0,0,2,2,2010,5,2010,0,24,38,0,0,1,2,55,1,1,2,1,0,0,11,15,1,1,2,68,1,0
22,220517,2,2,1,8,11,11,43,12,6,1,0,48,3,82,881,82881,66,2006,1FUJALDE96DV,1,F,U,J,A,L,D,E,9,6,D,V,1,T,FRHT,FLD,TR,6,17,,8,0,0,CON,D,,,6,763,,,,,00000,00,,64,1,57,879345,57879345,3,6,2,2,2,1267,3,1,0,0,0,55,0,0,0,12,12,6,2,12,0,0,0,1,22,70525,6,1,6,1,3,0,71,208,0,0,0,0,0,0,0,0,0,0,0,0,0,0,1,2,55,1,1,2,1,0,0,1,17,3,1,1,69,0,0
22,220518,1,1,1,24,11,16,25,5,0,1,0,22,2,99,739,99739,90,2005,999999999999,9,9,9,9,9,9,9,9,9,9,9,9,0,,,,,,,,,,,,,,,,,,,,,,,,,0,0,000000000,00000000000,0,0,0,1,0,0,0,0,0,0,0,30,0,0,0,0,0,0,1,5,0,0,0,1,22,70663,1,1,0,0,2,0,64,135,0,1,0,0,0,2,2009,2,2009,0,24,0,0,0,1,2,55,1,1,2,1,0,0,99,98,1,9,3,0,1,0
22,220519,1,1,2,24,11,22,24,15,0,1,1,22,2,12,17,12017,4,1988,1FABP52U6JA2,1,F,A,B,P,5,2,U,6,J,A,2,0,P,FORD,TAG,4D,88,17,3049,,0,1060,,G,,F,6,182,,,14R205,,,,,,0,0,000000000,00000000000,0,0,0,1,0,0,0,0,0,0,0,998,0,0,0,12,12,4,1,15,0,0,0,1,22,71202,6,1,0,0,3,3,72,190,0,0,0,0,0,0,0,0,0,0,0,0,0,0,1,2,25,1,1,2,1,0,0,1,83,1,1,1,13,0,1
22,220520,1,1,3,25,11,1,10,34,0,1,0,22,2,59,34,59034,4,1997,JT8BF22G6V00,J,T,8,B,F,2,2,G,6,V,0,0,0,P,LEXS,ES3,4D,97,17,3296,,0,1051,,G,,F,6,183,,,15R205,,,,,,0,0,000000000,00000000000,0,0,0,1,0,0,0,0,0,0,0,70,0,1,5,99,13,6,2,30,0,0,0,1,22,71075,6,1,0,0,3,0,71,260,0,0,0,0,0,0,0,0,0,1,24,0,0,0,1,2,35,1,1,2,1,0,0,1,13,6,1,4,1,1,1
22,220521,1,1,1,5,11,22,16,32,0,1,0,22,2,49,50,49050,3,2007,JTKDE1774701,J,T,K,D,E,1,7,7,4,7,0,1,0,P,TOYT,SXC,2H,7,17,2905,,0,1063,,G,,F,4,146,,,17R215,,,,,,0,0,000000000,00000000000,0,0,0,1,0,0,0,0,0,0,0,45,0,1,5,14,12,6,2,1,0,0,0,1,22,70380,6,1,0,0,3,0,68,172,0,1,1,1,0,9,2009,6,2010,0,92,0,0,0,1,2,45,1,1,2,1,0,0,1,13,1,1,4,1,1,0
22,220522,1,1,1,7,11,19,5,8,0,1,0,22,3,84,884,84884,61,1998,1HTMJABK0WA0,1,H,T,M,J,A,B,K,0,W,A,0,0,T,INTL,552,IC,98,17,,5,0,0,10S,D,,,8,444,,,,,00000,00,,42,0,88,888888888,88888888888,2,1,96,1,0,0,0,0,0,0,0,998,0,0,0,1,1,2,1,8,0,0,0,1,22,70820,6,1,0,0,3,0,72,160,0,0,0,0,1,1,2011,1,2011,0,0,0,0,0,3,3,60,1,1,1,1,0,0,1,80,6,1,1,13,0,0
22,220523,1,1,2,7,11,20,0,8,0,1,0,22,2,20,2,20002,4,2003,2G1WF52E5391,2,G,1,W,F,5,2,E,5,3,9,1,0,P,CHEV,IMP,4D,3,17,3389,,0,1105,,G,,F,6,207,,,16R225,,,,,,0,0,000000000,00000000000,0,0,0,1,0,0,0,0,0,0,0,50,0,0,0,11,11,4,1,8,0,0,0,1,22,70538,6,1,0,0,3,0,67,165,0,0,0,0,0,0,0,0,0,0,0,0,0,0,1,2,55,1,1,2,1,0,0,1,80,1,1,1,13,0,0
22,220524,1,3,1,9,11,7,51,42,0,1,0,28,2,20,20,20020,4,2001,2G1WL52JX112,2,G,1,W,L,5,2,J,X,1,1,2,0,P,CHEV,LUM,4D,1,17,3330,,0,1075,,G,,F,6,191,,,15R205,,,,,,0,0,000000000,00000000000,0,0,0,1,0,0,0,0,0,0,0,45,0,0,0,10,10,6,2,42,0,0,0,1,22,70119,6,1,0,0,3,0,63,160,0,0,0,0,0,0,0,0,0,1,24,0,0,0,2,2,35,1,1,2,1,3,3,1,12,1,1,4,6,1,0
22,220524,2,3,1,9,11,7,51,42,0,1,0,48,2,49,401,49401,14,2005,JTEBT17R8500,J,T,E,B,T,1,7,R,8,5,0,0,0,P,TOYT,RUN,UT,5,17,4090,,0,1098,,G,,F,8,285,,,17R265,,,,,,0,0,000000000,00000000000,0,0,0,1,0,0,0,0,0,0,0,0,0,0,0,7,7,6,2,12,0,0,0,1,48,77379,6,1,0,0,3,0,999,999,0,0,0,0,0,0,0,0,0,0,0,0,0,0,2,2,35,1,1,2,1,3,3,5,64,1,1,1,98,0,0
22,220524,3,3,2,9,11,7,51,42,0,1,0,22,1,35,47,35047,4,2008,1N4AL21E08N4,1,N,4,A,L,2,1,E,0,8,N,4,0,P,NISS,ATS,4D,8,17,3028,,0,1093,,G,,F,4,153,,,16R215,,,,,,0,0,000000000,00000000000,0,0,0,1,0,0,0,0,0,0,0,0,0,0,0,10,10,2,3,12,0,0,0,1,22,70062,1,1,0,0,2,0,74,185,0,0,0,0,0,0,0,0,0,0,92,0,0,0,2,2,35,1,1,2,1,3,3,5,64,1,1,1,98,0,0
22,220525,1,2,1,11,11,0,12,12,1,1,0,22,4,14,401,14401,14,1998,4M2ZU52P7WUJ,4,M,2,Z,U,5,2,P,7,W,U,J,0,P,MERC,MOU,UT,98,17,4139,,0,1120,,G,,F,8,302,,,15R235,,,,,,0,0,000000000,00000000000,0,0,0,1,0,0,0,0,0,0,0,100,0,1,5,12,12,6,2,12,0,0,0,1,22,70526,6,1,0,0,3,0,68,170,0,1,2,0,0,9,2010,10,2011,1,36,37,39,0,1,2,35,1,1,2,1,3,3,1,51,1,1,1,24,0,1
22,220525,2,2,2,11,11,0,12,12,1,1,0,22,1,7,20,7020,4,2005,1B3ES66S45D1,1,B,3,E,S,6,6,S,4,5,D,1,0,P,DODG,NR4,4D,5,17,2869,,0,1040,,G,,T,4,146,,,15R185,,,,,,0,0,000000000,00000000000,0,0,0,1,0,0,0,0,0,0,0,999,0,0,0,6,6,6,2,12,0,0,0,1,22,70548,6,1,0,0,3,3,71,250,0,0,0,0,0,0,0,0,0,0,0,0,0,0,1,2,35,1,1,2,1,3,3,1,53,1,1,1,25,1,0
22,220526,1,2,4,11,11,19,48,12,6,1,0,94,3,3,431,3431,16,2008,M11S1A1,M,1,1,S,1,A,1,,,,,,0,T,AMGN,,,8,7,,,,,,,,,,,,,,,,,,,0,0,000000000,00000000000,0,0,0,1,0,0,0,0,0,4,0,13,0,0,0,1,82,4,3,12,42,0,0,1,40,74131,6,1,0,0,3,0,67,150,0,0,0,0,0,0,0,0,0,0,39,38,0,0,1,2,55,1,1,2,1,21,3,1,17,1,1,1,88,0,0
22,220526,2,2,1,11,11,19,48,12,6,1,0,22,3,12,16,12016,4,2001,2FAFP73W71X1,2,F,A,F,P,7,3,W,7,1,X,1,0,P,FORD,CVI,4D,1,17,3913,,0,1147,,G,,F,8,281,,,16R225,,,,,,0,0,000000000,00000000000,0,0,0,1,0,0,0,0,0,0,0,70,0,0,0,62,62,6,2,12,0,0,0,1,12,32333,6,1,0,0,3,3,68,999,0,0,0,1,0,1,2011,1,2011,0,0,0,0,0,2,2,65,1,1,2,1,0,0,1,66,7,1,1,89,1,0
22,220527,1,1,1,12,11,4,7,31,0,1,0,22,1,19,421,19421,15,2005,1GYEC63N75R2,1,G,Y,E,C,6,3,N,7,5,R,2,0,P,CADI,ESC,UT,5,17,5367,,0,1160,,G,,F,8,366,,,17R265,,,,,,0,0,000000000,00000000000,0,0,0,1,0,0,0,0,0,0,0,999,0,1,5,1,13,6,2,1,0,0,0,1,22,70003,6,1,0,0,3,0,71,230,0,0,0,0,0,0,0,0,0,9,24,0,0,0,1,4,35,1,1,1,1,28,3,1,13,1,1,4,1,1,1
22,220528,1,1,1,4,11,22,5,42,0,1,0,22,2,53,36,53036,5,2006,KL5JD66Z86K4,K,L,5,J,D,6,6,Z,8,6,K,4,0,P,SUZI,REB,4H,6,17,2739,,0,1024,,G,,F,4,122,,,15R195,,,,,,0,0,000000000,00000000000,0,0,0,1,0,0,0,0,0,0,0,80,0,0,0,99,99,6,2,42,0,0,0,1,22,70123,6,1,0,0,3,3,63,150,0,0,0,0,0,0,0,0,0,1,0,0,0,0,2,3,60,1,1,2,1,0,0,15,6,1,2,4,2,1,0
22,220529,1,1,1,5,11,21,25,8,0,1,0,22,1,49,44,49044,2,2002,2T1CE22P62C0,2,T,1,C,E,2,2,P,6,2,C,0,0,P,TOYT,CRE,CP,2,17,3075,,0,1051,,G,,F,4,144,,,15R205,,,,,,0,0,000000000,00000000000,0,0,0,1,0,0,0,0,0,0,0,40,0,0,0,12,12,2,4,8,0,0,0,1,22,70062,6,1,0,0,3,3,65,155,0,0,0,0,0,0,0,0,0,0,0,0,0,0,5,4,40,1,1,2,1,0,0,1,80,2,1,1,13,0,0
22,220530,1,3,1,2,2,18,46,12,7,1,0,22,1,37,32,37032,2,2011,1HGCS1B79BA0,1,H,G,C,S,1,B,7,9,B,A,0,0,P,HOND,UEX,CP,11,17,3306,,0,1072,,G,,F,4,146,,,17R225,,,,,,0,0,000000000,00000000000,0,0,0,1,0,0,0,0,0,0,0,998,0,0,0,1,12,6,2,12,0,0,0,1,22,70818,6,1,0,0,3,3,67,196,0,0,0,0,0,0,0,0,0,1,26,84,0,0,1,4,45,1,1,2,1,28,3,1,50,6,1,2,48,1,0
22,220530,2,3,1,2,2,18,46,12,7,1,0,22,3,37,32,37032,4,1997,1HGCD5602VA0,1,H,G,C,D,5,6,0,2,V,A,0,0,P,HOND,USE,4D,97,17,2864,,0,1069,,G,,F,4,132,,,15R185,,,,,,0,0,000000000,00000000000,0,0,0,1,0,0,0,0,0,0,0,0,0,0,0,7,7,4,3,12,0,0,0,1,22,70805,1,1,0,0,2,0,74,165,0,2,0,1,0,8,2008,3,2010,0,92,0,0,0,1,4,45,1,1,2,1,28,3,5,53,1,1,1,48,0,0
22,220530,3,3,1,2,2,18,46,12,7,1,0,22,1,35,401,35401,14,2005,5N1AR18U55C7,5,N,1,A,R,1,8,U,5,5,C,7,0,P,NISS,PFI,UT,5,17,4242,,0,1122,,G,,F,6,244,,,16R265,,,,,,0,0,000000000,00000000000,0,0,0,1,0,0,0,0,0,0,0,98,0,0,0,12,12,4,3,12,0,0,0,1,22,70615,6,1,0,0,3,0,64,210,0,0,0,1,0,12,2009,12,2009,1,0,0,0,0,1,4,45,1,1,2,1,28,3,1,62,1,1,1,98,0,0
22,220531,1,1,1,22,3,6,46,8,0,1,0,22,2,12,481,12481,31,1989,1FTDF15Y4KNB,1,F,T,D,F,1,5,Y,4,K,N,B,0,T,FORD,F15,PK,89,17,,1,1330,1170,COF,G,,,6,300,,,,B,3535,01,A,42,0,0,000000000,00000000000,0,0,0,1,0,0,0,0,0,0,0,998,0,0,0,12,12,4,3,8,0,0,0,1,22,70805,6,1,0,0,3,0,67,175,0,0,0,0,0,0,0,0,0,9,92,0,0,0,1,4,45,1,1,2,1,0,0,1,80,1,1,1,13,0,1
22,220532,1,1,1,15,5,3,9,8,0,1,1,99,9,99,999,99999,99,9999,999999999999,9,9,9,9,9,9,9,9,9,9,9,9,0,,,,,,,,,,,,,,,,,,,,,,,,,0,99,999999999,99999999999,9,99,99,1,0,0,0,0,99,99,9,999,0,0,0,12,12,4,1,8,99,99,0,1,99,99999,9,9,99,9,9,9,999,999,99,99,99,99,99,99,9999,99,9999,9,99,99,99,99,1,2,40,1,1,2,1,0,0,1,80,1,1,1,13,0,0
22,220533,1,1,1,5,6,15,51,15,0,1,0,22,3,82,881,82881,66,2010,1FUJGECK9ASA,1,F,U,J,G,E,C,K,9,A,S,A,1,T,FRHT,125,TR,10,17,,8,0,0,CSC,D,,,6,855,,,,,00000,00,,64,1,57,708398,57708398,3,6,1,1,0,0,0,0,0,0,0,998,0,0,0,81,81,0,1,15,0,0,0,1,22,70520,6,1,6,0,3,0,70,185,0,0,0,0,0,0,0,0,0,9,48,0,0,0,1,2,35,1,1,1,1,20,3,10,84,1,1,1,13,0,0
22,220534,1,2,1,9,8,7,32,24,0,1,0,48,1,12,17,12017,4,2005,1FAFP53U35A2,1,F,A,F,P,5,3,U,3,5,A,2,0,P,FORD,TSE,4D,5,17,3306,,0,1085,,G,,F,6,182,,,16R215,,,,,,0,0,000000000,00000000000,0,0,0,1,0,0,0,0,0,0,0,63,0,0,0,61,12,6,2,12,0,0,0,1,48,78574,6,1,0,0,3,0,999,999,0,0,0,1,0,2,2009,2,2009,1,28,24,0,0,2,2,50,1,1,2,1,28,3,1,12,1,1,4,6,0,0
22,220534,2,2,1,9,8,7,32,24,0,1,0,22,1,49,40,49040,4,2009,4T1BE46K99U3,4,T,1,B,E,4,6,K,9,9,U,3,0,P,TOYT,CBA,4D,9,17,3263,,0,1090,,G,,F,4,144,,,16R215,,,,,,0,0,000000000,00000000000,0,0,0,1,0,0,0,0,0,0,0,35,0,0,0,12,12,6,2,12,0,0,0,1,22,70811,6,1,0,0,3,3,63,175,0,0,0,1,3,4,2009,6,2011,0,0,0,0,0,2,2,50,1,1,2,1,28,3,1,62,1,1,1,98,1,0
22,220535,1,2,1,12,8,20,28,1,0,1,0,22,1,37,709,37709,80,2003,JH2RC44023M0,J,H,2,R,C,4,4,0,2,3,M,0,0,M,HOND,T7D,RS,3,17,,,,,,,745,,2,,4,496,,,,,,,0,0,000000000,00000000000,0,0,0,1,0,0,0,0,0,0,0,998,0,0,0,0,9,4,1,54,0,0,0,1,22,70812,1,1,0,0,2,0,69,165,0,1,0,1,2,12,2009,3,2010,1,24,0,0,0,1,4,45,1,1,2,1,0,0,1,67,4,7,2,98,1,0
22,220535,2,2,3,12,8,20,28,1,0,1,0,22,1,49,32,49032,4,2009,1NXBU40E89Z1,1,N,X,B,U,4,0,E,8,9,Z,1,0,P,TOYT,CBL,4D,9,17,2723,,0,1024,,G,,F,4,110,,,15R195,,,,,,0,0,000000000,00000000000,0,0,0,1,0,0,0,0,0,0,0,998,0,0,0,18,14,2,1,54,0,0,0,1,22,70805,1,1,0,0,2,0,60,130,0,1,0,0,0,2,2009,2,2009,0,38,0,0,0,1,2,35,1,1,2,1,20,3,11,98,1,1,2,98,0,0
22,220536,1,1,1,16,10,5,40,8,0,1,0,22,1,20,481,20481,31,2001,2GCEC19TX112,2,G,C,E,C,1,9,T,X,1,1,2,0,T,CHEV,SC1,4C,1,17,,2,1575,1435,SIL,G,,,8,325,,,,B,4413,00,,42,0,0,000000000,00000000000,0,0,0,1,0,0,0,0,0,0,0,998,0,0,0,12,12,2,1,8,0,0,0,1,22,70812,6,1,0,0,3,3,77,360,0,0,0,1,0,7,2009,7,2009,0,0,0,0,0,5,4,45,1,1,1,1,0,0,1,80,2,1,1,13,0,0
22,220537,1,3,1,26,10,15,28,12,6,1,0,22,1,12,37,12037,4,2006,1FAHP31N26W2,1,F,A,H,P,3,1,N,2,6,W,2,0,P,FORD,FZX,3P,6,17,2654,,0,1029,,G,,F,4,122,,,15R195,,,,,,0,0,000000000,00000000000,0,0,0,1,0,0,0,0,0,0,0,998,0,0,0,3,3,6,2,12,0,0,1,1,22,70461,6,1,0,0,3,3,59,140,0,0,0,0,1,9,2011,9,2011,9,99,99,99,99,2,3,70,1,1,2,1,0,0,1,9,99,4,4,64,1,0
22,220537,2,3,2,26,10,15,28,12,6,1,0,22,3,20,481,20481,31,2007,3GCEC13CX7G5,3,G,C,E,C,1,3,C,X,7,G,5,0,T,CHEV,1CW,CW,7,17,,2,0,1435,SIL,G,,,8,293,,,,B,5142,00,,42,0,0,000000000,00000000000,0,0,0,1,0,0,0,0,0,0,0,998,0,0,0,12,12,6,2,12,0,0,1,1,22,70377,6,1,0,0,3,3,72,220,0,0,0,1,0,11,2010,11,2010,0,0,0,0,0,2,3,70,1,1,2,1,0,0,1,62,1,1,1,65,0,0
22,220537,3,3,1,26,10,15,28,12,6,1,0,22,3,87,881,87881,66,1987,1XP5DB9X9HN2,1,X,P,5,D,B,9,X,9,H,N,2,1,T,PTRB,379,TR,87,17,,8,0,0,CON,D,,,6,893,,,,,00000,00,,64,1,88,888888888,88888888888,3,6,4,1,0,0,0,0,0,0,0,998,0,1,3,14,12,6,2,12,0,0,0,1,22,70461,6,1,6,0,3,3,66,164,0,0,0,0,0,0,0,0,0,0,0,0,0,0,2,3,70,1,1,2,1,0,0,1,61,1,1,1,98,0,0
22,220538,1,4,1,10,11,21,12,12,1,1,0,1,1,35,473,35473,31,2004,1N6AA07B24N5,1,N,6,A,A,0,7,B,2,4,N,5,0,T,NISS,TXS,CW,4,17,,2,0,1398,TTN,G,,,8,342,,,,C,4889,03,E,44,0,0,000000000,00000000000,0,0,0,1,0,0,0,0,0,0,0,998,0,0,0,12,12,6,2,12,0,0,0,1,1,36542,6,1,0,0,3,3,72,210,0,0,0,1,1,8,2009,8,2011,1,24,36,26,0,3,3,60,1,1,1,1,28,3,1,50,1,1,1,20,0,0
22,220538,2,4,1,10,11,21,12,12,1,1,0,22,1,37,31,37031,4,2003,2HGES16523H5,2,H,G,E,S,1,6,5,2,3,H,5,0,P,HOND,UCL,4D,3,17,2513,,0,1031,,G,,F,4,102,,,14R185,,,,,,0,0,000000000,00000000000,0,0,0,1,0,0,0,0,0,0,0,0,0,0,0,6,12,6,2,12,0,0,0,1,22,70726,6,1,0,0,3,3,67,180,0,0,0,0,0,0,0,0,0,0,0,0,0,0,3,3,60,1,1,1,1,28,3,5,53,1,1,1,21,1,0
22,220538,3,4,1,10,11,21,12,12,1,1,0,22,1,37,441,37441,20,2003,5FNRL18943B0,5,F,N,R,L,1,8,9,4,3,B,0,0,P,HOND,UDY,SV,3,17,4376,,0,1181,,G,,F,6,212,,,16R225,,,,,,0,0,000000000,00000000000,0,0,0,1,0,0,0,0,0,0,0,0,0,0,0,6,6,6,2,12,0,0,0,1,22,70711,6,1,0,0,3,0,63,125,0,0,0,0,0,0,0,0,0,0,0,0,0,0,3,3,60,1,1,1,1,28,3,5,50,1,1,1,98,0,0
22,220538,4,4,1,10,11,21,12,12,1,1,0,28,3,82,881,82881,66,2011,1FUJGPDR7BDA,1,F,U,J,G,P,D,R,7,B,D,A,1,T,FRHT,122,TR,11,17,,8,0,0,CON,D,,,6,903,,,,,00000,00,,64,1,57,29016313,5729016313,3,6,1,1,0,0,0,0,0,0,0,0,0,0,0,6,6,2,1,12,0,0,0,1,28,39601,6,1,6,0,3,0,72,185,0,0,0,0,0,0,0,0,0,0,0,0,0,0,3,3,60,1,1,1,1,28,3,5,50,1,1,1,98,0,0
22,220539,1,2,2,25,11,17,47,12,8,1,0,55,2,12,36,12036,3,1994,KNJLT05HXR61,K,N,J,L,T,0,5,H,X,R,6,1,0,P,FORD,ASP,2H,94,17,2004,,0,907,,G,,F,4,081,,,13R165,,,,,,0,0,000000000,00000000000,0,0,0,1,0,0,0,0,0,0,0,35,0,0,0,11,11,6,2,12,0,0,0,1,22,70377,6,1,0,0,3,0,66,160,0,0,0,0,0,0,0,0,0,0,0,0,0,0,1,2,35,3,1,1,1,0,0,14,10,1,1,1,64,1,0
22,220539,2,2,1,25,11,17,47,12,8,1,0,22,1,12,481,12481,31,2006,1FTRX12WX6NB,1,F,T,R,X,1,2,W,X,6,N,B,0,T,FORD,F15,4C,6,17,,2,0,1450,COF,G,,,8,281,,,,B,5065,04,E,42,0,0,000000000,00000000000,0,0,0,1,0,0,0,0,0,0,0,43,0,0,0,11,11,6,2,12,0,0,0,1,22,70359,6,1,0,0,3,0,71,160,0,0,0,2,0,5,2010,4,2011,0,0,0,0,0,1,2,35,2,1,1,1,0,0,14,62,1,1,1,65,0,0
22,220540,1,1,1,26,11,2,30,32,0,1,0,22,2,2,403,2403,14,1998,1J4FY19S5WP7,1,J,4,F,Y,1,9,S,5,W,P,7,0,T,JEEP,SPW,2W,98,17,,1,0,934,W/T,G,,,6,242,,,,,3174,00,E,44,0,0,000000000,00000000000,0,0,0,1,0,0,0,0,0,0,0,45,0,1,5,12,12,6,2,1,0,0,0,1,22,71433,6,1,0,0,3,0,72,150,0,1,1,0,0,10,2010,11,2010,1,0,0,0,0,1,2,25,1,2,2,1,0,0,1,13,1,1,4,1,1,1
22,220541,1,4,3,25,11,13,15,12,6,1,0,22,1,12,402,12402,14,2008,1FMCU02Z18KC,1,F,M,C,U,0,2,Z,1,8,K,C,0,P,FORD,SPE,UT,8,17,3272,,0,1031,,G,,F,4,140,,,16R235,,,,,,0,0,000000000,00000000000,0,0,0,1,0,0,0,0,0,0,0,30,0,0,0,3,3,6,2,12,0,0,0,1,22,70809,6,1,0,0,3,0,69,270,0,0,0,0,0,0,0,0,0,0,39,0,0,0,1,4,50,1,1,9,1,3,2,1,17,1,1,1,87,2,0