STATE,ST_CASE,VEH_NO,VE_FORMS,NUMOCCS,DAY,MONTH,HOUR,MINUTE,HARM_EV,MAN_COLL,UNITTYPE,HIT_RUN,REG_STAT,OWNER,MAKE,MODEL,MAK_MOD,BODY_TYP,MOD_YEAR,VIN,VIN_1,VIN_2,VIN_3,VIN_4,VIN_5,VIN_6,VIN_7,VIN_8,VIN_9,VIN_10,VIN_11,VIN_12,TOW_VEH,VINTYPE,VINMAKE,VINA_MOD,VIN_BT,VINMODYR,VIN_LNGT,VIN_WGT,WGTCD_TR,WHLBS_LG,WHLBS_SH,SER_TR,FUELCODE,MCYCL_DS,CARBUR,CYLINDER,DISPLACE,MCYCL_CY,MCYCL_WT,TIRE_SZE,TON_RAT,TRK_WT,TRKWTVAR,VIN_REST,WHLDRWHL,J_KNIFE,MCARR_I1,MCARR_I2,MCARR_ID,GVWR,V_CONFIG,CARGO_BT,HAZ_INV,HAZ_PLAC,HAZ_ID,HAZ_CNO,HAZ_REL,BUS_USE,SPEC_USE,EMER_USE,TRAV_SP,UNDERIDE,ROLLOVER,ROLINLOC,IMPACT1,IMPACT2,DEFORMED,TOWED,M_HARM,VEH_SC1,VEH_SC2,FIRE_EXP,DR_PRES,L_STATE,DR_ZIP,L_STATUS,L_TYPE,CDL_STAT,L_ENDORS,L_COMPL,L_RESTRI,DR_HGT,DR_WGT,PREV_ACC,PREV_SUS,PREV_DWI,PREV_SPD,PREV_OTH,FIRST_MO,FIRST_YR,LAST_MO,LAST_YR,SPEEDREL,DR_SF1,DR_SF2,DR_SF3,DR_SF4,VTRAFWAY,VNUM_LAN,VSPD_LIM,VALIGN,VPROFILE,VPAVETYP,VSURCOND,VTRAFCON,VTCONT_F,P_CRASH1,P_CRASH2,P_CRASH3,PCRASH4,PCRASH5,ACC_TYPE,DEATHS,DR_DRINK
23,230064,1,1,2,27,8,3,47,42,0,1,0,23,1,30,40,30040,4,2001,3VWSK29M11M0,3,V,W,S,K,2,9,M,1,1,M,0,0,P,VOLK,JGS,4D,1,17,2833,,0,989,,G,,F,4,121,,,15R195,,,,,,0,0,000000000,00000000000,0,0,0,1,0,0,0,0,0,0,0,998,0,0,0,9,9,6,2,42,0,0,0,1,23,4967,1,1,0,0,2,3,68,140,0,1,0,3,0,2,2009,5,2011,0,0,0,0,0,1,2,45,2,1,2,1,0,0,14,10,99,9,4,6,1,1
23,230065,1,1,2,31,8,22,40,8,0,1,0,23,2,18,2,18002,4,2002,1G4HP54K2241,1,G,4,H,P,5,4,K,2,2,4,1,0,P,BUIC,LCF,4D,2,17,3567,,0,1122,,G,,F,6,231,,,15R215,,,,,,0,0,000000000,00000000000,0,0,0,1,0,0,0,0,0,0,0,998,0,0,0,12,12,2,1,8,0,0,0,1,23,4472,6,1,0,0,3,0,74,275,0,0,0,0,0,0,0,0,0,0,0,0,0,0,1,2,40,1,2,2,1,20,3,1,80,99,1,1,13,0,0
23,230066,1,2,4,1,9,13,50,12,2,1,0,95,1,7,442,7442,20,2006,1D4GP24R16B7,1,D,4,G,P,2,4,R,1,6,B,7,0,T,DODG,GCS,ES,6,17,,1,0,1193,CAR,G,,,6,201,,,,,4095,00,E,42,0,0,000000000,00000000000,0,0,0,1,0,0,0,0,0,0,0,998,0,0,0,12,12,6,2,12,0,0,0,1,95,0,6,1,0,0,3,9,999,999,0,0,0,0,0,0,0,0,0,0,28,0,0,0,1,2,40,2,1,2,1,0,0,14,10,99,1,1,50,0,0
23,230066,2,2,3,1,9,13,50,12,2,1,0,23,1,7,442,7442,20,2000,2B4GP2531YR7,2,B,4,G,P,2,5,3,1,Y,R,7,0,P,DODG,CAR,SV,0,17,3432,,0,1133,,G,,F,6,181,,,14R205,,,,,,0,0,000000000,00000000000,0,0,0,1,0,0,0,0,0,0,0,998,0,0,0,12,12,6,2,12,0,0,0,1,23,4428,6,1,0,0,3,0,64,200,0,0,0,0,2,11,2010,12,2010,0,0,0,0,0,1,2,40,3,1,2,1,0,0,14,62,99,1,1,51,2,0
23,230067,1,1,1,3,9,16,43,42,0,1,0,23,1,35,499,35499,30,1991,1N6SD11S4MC4,1,N,6,S,D,1,1,S,4,M,C,4,0,T,NISS,SWB,PK,91,17,,1,0,1043,TRK,G,,,4,146,,,,B,2714,01,A,42,0,0,000000000,00000000000,0,0,0,1,0,0,0,0,0,0,0,998,0,1,6,9,9,6,2,1,0,0,0,1,23,4097,6,1,0,0,3,0,72,185,0,0,0,0,0,0,0,0,0,1,0,0,0,0,1,2,35,3,2,2,1,0,0,14,6,99,9,4,1,1,1
23,230068,1,1,1,30,7,13,20,34,0,1,0,23,1,24,401,24401,14,2006,5GZCZ23D86S8,5,G,Z,C,Z,2,3,D,8,6,S,8,0,P,STRN,VUE,UT,6,17,3207,,0,1066,,G,,F,4,134,,,16R215,,,,,,0,0,000000000,00000000000,0,0,0,1,0,0,0,0,0,0,0,998,0,0,0,12,11,6,2,42,0,0,0,1,23,4462,6,1,0,0,3,0,71,240,0,0,0,0,0,0,0,0,0,0,0,0,0,0,1,2,55,1,1,2,1,0,0,1,10,99,1,4,6,1,1
23,230069,1,2,1,17,8,15,37,12,6,1,0,23,1,12,481,12481,31,2005,1FTWF31585EB,1,F,T,W,F,3,1,5,8,5,E,B,0,T,FORD,F3S,PK,5,17,,3,0,1370,SRW,G,,,8,330,,,,D,6162,00,U,44,0,0,000000000,00000000000,0,0,0,1,0,0,0,0,0,0,0,998,0,0,0,2,2,6,2,12,0,0,0,1,23,4282,6,1,6,0,3,0,72,180,0,0,0,0,0,0,0,0,0,0,38,0,0,0,1,2,45,1,1,2,1,0,0,11,10,99,1,2,68,0,0
23,230069,2,2,1,17,8,15,37,12,6,1,0,23,1,72,709,72709,80,2005,1HD1GNW125K3,1,H,D,1,G,N,W,1,2,5,K,3,0,M,HD,DLI,RS,5,17,,,,,,,1450,,2,,4,623,,,,,,,0,0,000000000,00000000000,0,0,0,1,0,0,0,0,0,0,0,998,0,0,0,12,12,6,2,12,0,0,0,1,23,4210,6,1,0,0,3,0,68,140,0,0,0,0,0,0,0,0,0,0,0,0,0,0,1,2,45,1,1,2,1,0,0,1,62,99,1,9,69,1,1
23,230070,1,2,1,17,8,9,20,12,1,1,0,23,3,87,884,87884,63,2010,1XPHD40X8AD1,1,X,P,H,D,4,0,X,8,A,D,1,1,T,PTRB,386,TR,10,17,,8,0,0,CON,D,,,6,915,,,,,00000,00,,64,1,57,673530,57673530,3,4,1,1,0,0,0,0,0,0,0,998,0,1,1,12,9,6,2,12,0,0,0,1,23,4930,6,1,6,3,3,0,72,200,0,0,0,0,0,0,0,0,0,1,0,0,0,0,6,1,30,2,1,2,1,21,3,14,6,99,1,3,64,0,0
23,230070,2,2,6,17,8,9,20,12,1,1,0,9,1,7,442,7442,20,2010,2D4RN5D15AR3,2,D,4,R,N,5,D,1,5,A,R,3,0,P,DODG,CAR,SV,10,17,4483,,0,1212,,G,,F,6,232,,,16R225,,,,,,0,0,000000000,00000000000,0,0,0,1,0,0,0,0,0,0,0,0,0,0,0,6,7,6,2,12,0,0,0,1,29,63112,6,1,0,0,3,0,74,190,0,0,0,0,0,0,0,0,0,0,0,0,0,0,1,2,30,1,1,2,1,3,3,5,62,99,9,9,65,1,0
23,230071,1,1,1,4,9,4,10,34,0,1,0,23,1,20,481,20481,31,2004,2GCEK13T8413,2,G,C,E,K,1,3,T,8,4,1,3,0,T,CHEV,SK1,CW,4,17,,2,0,1435,SIL,G,,,8,323,,,,B,5244,00,,44,0,0,000000000,00000000000,0,0,0,1,0,0,0,0,0,0,0,998,0,2,6,12,13,6,2,1,0,0,0,1,23,4092,6,1,0,0,3,3,68,145,0,0,0,0,0,0,0,0,0,1,36,58,0,0,1,2,45,3,1,2,1,40,3,14,6,99,1,5,1,1,1
23,230072,1,1,1,4,9,3,15,3,0,1,0,40,4,12,37,12037,4,2012,1FAHP3M29CL1,1,F,A,H,P,3,M,2,9,C,L,1,0,P,FORD,FCL,4H,12,17,2891,,0,1042,,G,,F,4,122,,,16R205,,,,,,0,0,000000000,00000000000,0,0,0,1,0,0,0,0,0,0,0,998,0,0,0,0,13,6,2,3,0,0,0,1,12,32164,6,1,0,0,3,0,70,999,0,0,0,2,0,7,2010,7,2010,0,0,0,0,0,1,2,40,1,1,2,1,9,1,1,98,99,9,9,0,1,1
23,230073,1,1,1,8,7,12,28,58,0,1,0,23,2,35,402,35402,14,2008,5N1AN08W08C5,5,N,1,A,N,0,8,W,0,8,C,5,0,P,NISS,XTR,UT,8,17,4360,,0,1063,,G,,F,6,244,,,16R265,,,,,,0,0,000000000,00000000000,0,0,0,1,0,0,0,0,0,0,0,998,0,2,6,12,12,6,2,3,0,0,0,1,9,6513,6,1,0,0,3,0,75,999,98,0,0,0,0,0,0,0,0,1,0,0,0,0,1,2,45,2,2,2,1,0,0,14,6,99,1,4,6,1,0
23,230074,1,1,1,19,7,0,15,32,0,1,0,23,2,12,37,12037,3,2007,1FAFP31N77W2,1,F,A,F,P,3,1,N,7,7,W,2,0,P,FORD,FMS,3P,7,17,2605,,0,1029,,G,,F,4,122,,,15R195,,,,,,0,0,000000000,00000000000,0,0,0,1,0,0,0,0,0,0,0,998,0,1,6,12,13,6,2,1,0,0,0,1,23,4735,1,1,0,0,2,0,73,150,0,2,0,0,2,10,2010,12,2010,1,0,0,0,0,1,2,45,1,1,2,1,0,0,1,10,99,1,4,1,1,1
23,230075,1,1,1,19,7,2,30,30,0,1,0,95,3,87,884,87884,63,2011,1XPHDB9XXBD1,1,X,P,H,D,B,9,X,X,B,D,1,1,T,PTRB,386,TR,11,17,,8,0,0,CON,D,,,6,893,,,,,00000,00,,64,1,99,999999999,99999999999,3,4,10,1,0,0,0,0,0,0,0,998,0,1,6,12,3,6,2,8,0,0,0,1,95,0,6,1,6,3,3,0,999,999,0,0,0,0,0,0,0,0,0,1,0,0,0,0,1,2,25,3,1,2,1,0,0,14,6,99,1,4,6,0,0
23,230076,1,1,1,18,9,18,14,1,0,1,0,99,9,76,739,76739,90,2010,0004XAZN55A5,0,0,0,4,X,A,Z,N,5,5,A,5,0,M,YAMA,,,10,17,,,,,,,,,,,,,,,,,,,0,0,000000000,00000000000,0,0,0,1,0,0,0,0,0,0,0,998,0,2,1,0,1,6,2,1,0,0,0,1,23,4750,6,1,0,0,3,0,68,240,0,0,0,0,0,0,0,0,0,1,36,0,0,0,1,2,40,1,1,2,1,0,0,1,6,99,1,3,98,1,0
23,230077,1,3,1,23,8,16,38,12,2,1,0,23,1,7,402,7402,14,2000,1B4HS28N9YF1,1,B,4,H,S,2,8,N,9,Y,F,1,0,P,DODG,DUR,UT,0,17,4462,,0,1159,,G,,F,8,287,,,15R235,,,,,,0,0,000000000,00000000000,0,0,0,1,0,0,0,0,0,0,0,998,0,0,0,12,12,6,2,12,0,0,0,1,23,4576,6,1,0,0,3,3,62,130,0,0,0,0,0,0,0,0,0,0,36,0,0,0,1,2,30,2,1,2,1,0,0,14,10,99,9,2,50,1,0
23,230077,2,3,2,23,8,16,38,12,2,1,0,23,1,20,404,20404,14,2009,2CNDL0370962,2,C,N,D,L,0,3,7,0,9,6,2,0,P,CHEV,EQU,UT,9,17,3740,,0,1125,,G,,F,6,220,,,18R235,,,,,,0,0,000000000,00000000000,0,0,0,1,0,0,0,0,0,0,0,998,0,0,0,12,12,6,2,12,0,0,0,1,23,4345,6,1,0,0,3,3,64,155,0,0,0,0,0,0,0,0,0,0,0,0,0,0,1,2,30,3,1,2,1,0,0,14,62,99,1,2,51,1,0
23,230077,3,3,2,23,8,16,38,12,2,1,0,34,2,37,31,37031,4,2007,2HGFA16507H5,2,H,G,F,A,1,6,5,0,7,H,5,0,P,HOND,UCL,4D,7,17,2751,,0,1063,,G,,F,4,110,,,16R205,,,,,,0,0,000000000,00000000000,0,0,0,1,0,0,0,0,0,0,0,998,0,0,0,1,1,6,2,12,0,0,0,1,34,7747,6,1,0,0,3,0,74,160,0,0,0,0,0,0,0,0,0,0,0,0,0,0,1,2,30,3,1,2,1,0,0,14,10,99,1,3,98,0,0
23,230078,1,1,1,23,7,23,2,34,0,1,0,23,1,20,421,20421,15,1996,1GNEK13RXTJ4,1,G,N,E,K,1,3,R,X,T,J,4,0,P,CHEV,KTA,UT,96,17,5144,,0,1175,,G,,F,8,350,,,16R245,,,,,,0,0,000000000,00000000000,0,0,0,1,0,0,0,0,0,0,0,998,0,0,0,12,3,6,2,42,0,0,1,1,23,4922,6,1,0,0,3,0,66,135,0,0,0,0,0,0,0,0,0,1,0,0,0,0,1,2,45,1,1,2,1,0,0,1,13,99,1,4,1,1,1
23,230079,1,1,1,19,8,4,14,42,0,1,0,23,2,24,1,24001,4,2002,1G8ZH52882Z1,1,G,8,Z,H,5,2,8,8,2,Z,1,0,P,STRN,SL1,4D,2,17,2377,,0,1024,,G,,F,4,116,,,14R185,,,,,,0,0,000000000,00000000000,0,0,0,1,0,0,0,0,0,0,0,998,0,0,0,12,12,6,2,42,0,0,0,1,23,4572,6,1,0,0,3,0,70,160,0,0,0,0,0,0,0,0,0,0,0,0,0,0,1,2,55,1,1,2,1,0,0,1,10,99,1,4,6,1,0
23,230080,1,1,1,19,8,18,24,34,0,1,0,23,1,72,709,72709,80,2009,1HD1KB4179Y6,1,H,D,1,K,B,4,1,7,9,Y,6,0,M,HD,FHX,RS,9,17,,,,,,,1584,,2,,4,810,,,,,,,0,0,000000000,00000000000,0,0,0,1,0,0,0,0,0,0,0,998,0,0,0,12,12,6,2,1,0,0,0,1,23,4345,6,1,6,0,3,0,70,160,0,3,1,0,0,3,2010,3,2010,1,0,0,0,0,1,2,50,2,1,2,1,40,3,14,6,99,1,4,1,1,1
23,230081,1,2,1,15,9,12,29,12,2,1,0,23,1,82,884,82884,64,2001,1FUJALBD11LH,1,F,U,J,A,L,B,D,1,1,L,H,1,T,FRHT,FLD,TR,1,17,,8,0,0,CON,D,,,6,855,,,,,00000,00,,64,2,57,2156053,572156053,3,4,10,1,0,0,0,0,0,0,0,998,0,0,0,12,8,6,2,12,0,0,0,1,23,4937,6,1,6,3,3,3,68,190,0,0,0,1,0,5,2011,5,2011,1,0,0,0,0,1,2,55,2,1,2,2,40,3,14,6,99,1,3,50,0,0
23,230081,2,2,1,15,9,12,29,12,2,1,0,23,3,82,884,82884,63,2006,1FVMC5CV26HW,1,F,V,M,C,5,C,V,2,6,H,W,0,T,FRHT,11M,CC,6,17,,8,0,0,FM2,D,,,6,782,,,,,00000,00,,84,0,57,754716,57754716,3,2,4,1,0,0,0,0,0,0,0,998,0,0,0,12,12,6,2,12,0,0,0,1,23,4971,6,1,6,3,3,0,71,285,1,0,0,0,0,12,2009,12,2009,0,0,0,0,0,1,2,55,3,1,2,2,40,3,14,62,99,1,3,51,1,0
23,230082,1,1,1,29,8,17,30,17,0,1,0,23,1,22,2,22002,4,2005,1G2HX52K15U1,1,G,2,H,X,5,2,K,1,5,U,1,0,P,PONT,BVS,4D,5,17,3633,,0,1122,,G,,F,6,231,,,16R225,,,,,,0,0,000000000,00000000000,0,0,0,1,0,0,0,0,0,0,0,998,0,1,6,12,13,6,2,3,0,0,0,1,23,4457,6,1,0,0,3,3,64,116,0,1,1,0,0,6,2010,6,2010,1,0,0,0,0,1,2,45,2,1,2,1,0,0,14,6,99,9,4,6,1,1
23,230083,1,2,1,28,9,16,50,12,1,1,0,23,2,37,739,37739,90,1985,JH3TE0807FM0,J,H,3,T,E,0,8,0,7,F,M,0,0,M,HOND,AT3,AT,85,17,,,,,,,350,,1,,4,322,,,,,,,0,0,000000000,00000000000,0,0,0,1,0,0,0,0,0,0,0,998,0,0,0,12,12,4,1,12,0,0,0,1,23,4281,0,0,0,0,0,0,999,999,0,0,0,0,0,0,0,0,0,1,26,52,0,0,1,2,40,1,1,2,1,0,0,1,6,99,1,3,20,1,0
23,230083,2,2,1,28,9,16,50,12,1,1,0,23,1,37,739,37739,90,1982,JH3TB0100CC2,J,H,3,T,B,0,1,0,0,C,C,2,0,M,HOND,AT8,AT,82,17,,,,,,,185,,1,,4,277,,,,,,,0,0,000000000,00000000000,0,0,0,1,0,0,0,0,0,0,0,0,0,0,0,6,6,2,1,12,0,0,0,1,23,4281,0,0,0,0,0,0,999,999,0,0,0,0,0,0,0,0,0,0,0,0,0,0,1,2,40,1,1,2,1,0,0,1,18,99,9,3,21,0,0
23,230084,1,1,1,28,9,22,24,42,0,1,0,23,1,30,40,30040,4,1995,3VWFC81H2SM0,3,V,W,F,C,8,1,H,2,S,M,0,0,P,VOLK,GG3,4H,95,17,2528,,0,974,,G,,F,4,121,,,14R185,,,,,,0,0,000000000,00000000000,0,0,0,1,0,0,0,0,0,0,0,998,0,0,0,12,12,6,2,42,0,0,0,1,23,4079,6,1,0,0,3,3,67,130,0,0,0,0,0,0,0,0,0,1,83,0,0,0,1,2,50,3,1,2,1,28,3,14,87,99,1,4,1,1,0
23,230085,1,1,1,4,10,13,36,38,0,1,0,23,1,23,481,23481,31,1998,1GTEK19R0WE5,1,G,T,E,K,1,9,R,0,W,E,5,0,T,GMC,SK1,PC,98,17,,2,1555,1415,SIE,G,,,8,350,,,,B,4561,00,U,44,0,0,000000000,00000000000,0,0,0,1,0,0,0,0,0,0,0,998,0,0,0,12,12,6,2,19,0,0,0,1,23,4736,6,1,0,0,3,3,69,220,0,0,0,0,0,0,0,0,0,0,0,0,0,0,1,2,35,1,1,2,2,3,3,1,10,99,1,4,6,1,0
23,230086,1,2,1,6,10,16,23,12,2,1,0,23,1,24,1,24001,4,1997,1G8ZK5272VZ2,1,G,8,Z,K,5,2,7,2,V,Z,2,0,P,STRN,SL2,4D,97,17,2362,,0,1024,,G,,F,4,116,,,15R185,,,,,,0,0,000000000,00000000000,0,0,0,1,0,0,0,0,0,0,0,998,0,0,0,12,12,6,2,12,0,0,0,1,23,4103,6,1,0,0,3,3,72,185,0,0,0,0,0,0,0,0,0,0,0,0,0,0,1,2,50,1,1,2,1,0,0,1,10,99,1,3,50,1,0
23,230086,2,2,1,6,10,16,23,12,2,1,0,23,1,20,481,20481,31,1997,1GCEC14R8VZ1,1,G,C,E,C,1,4,R,8,V,Z,1,0,T,CHEV,GC1,PK,97,17,,2,1315,1175,GM4,G,,,8,350,,,,B,3869,02,,42,0,0,000000000,00000000000,0,0,0,1,0,0,0,0,0,0,0,998,0,0,0,12,12,6,2,12,0,0,0,1,23,4084,6,1,0,0,3,0,73,168,0,0,0,0,1,2,2009,2,2009,0,0,0,0,0,1,2,50,1,1,2,1,0,0,1,62,99,1,3,51,0,1
23,230087,1,1,1,11,10,5,47,35,0,1,0,23,1,18,2,18002,4,2001,1G4HP54K9141,1,G,4,H,P,5,4,K,9,1,4,1,0,P,BUIC,LCF,4D,1,17,3567,,0,1122,,G,,F,6,231,,,15R215,,,,,,0,0,000000000,00000000000,0,0,0,1,0,0,0,0,0,0,0,998,0,0,0,12,12,6,2,42,0,0,0,1,23,4680,6,1,0,0,3,3,70,200,0,0,0,0,0,0,0,0,0,0,0,0,0,0,1,2,40,1,2,2,1,0,0,1,90,99,1,4,6,1,0
23,230088,1,1,4,18,10,19,49,35,0,1,0,23,1,2,403,2403,14,1990,2J4FY19E8LJ5,2,J,4,F,Y,1,9,E,8,L,J,5,0,T,JEEP,W/S,2W,90,17,,1,0,934,W/Y,G,,,4,150,,,,,2862,01,A,44,0,0,000000000,00000000000,0,0,0,1,0,0,0,0,0,0,0,998,0,1,6,12,13,6,2,1,0,0,0,1,23,4255,6,1,0,0,3,0,76,165,0,0,0,0,0,0,0,0,0,1,0,0,0,0,1,2,45,3,1,2,1,0,0,14,6,3,9,4,6,1,0
23,230089,1,1,1,15,10,20,20,42,0,1,0,23,1,22,16,22016,2,2004,1G2JB12F5471,1,G,2,J,B,1,2,F,5,4,7,1,0,P,PONT,SFR,CP,4,17,2771,,0,1041,,G,,F,4,134,,,15R195,,,,,,0,0,000000000,00000000000,0,0,0,1,0,0,0,0,0,0,0,998,0,0,0,3,3,6,2,42,0,0,0,1,23,4224,6,1,0,0,3,0,62,125,0,0,0,0,0,0,0,0,0,1,52,58,0,0,1,2,35,1,1,2,2,0,0,1,10,99,9,4,6,1,0
23,230090,1,1,1,25,9,10,40,35,0,1,0,9,1,35,50,35050,4,2011,3N1BC1CP8BL4,3,N,1,B,C,1,C,P,8,B,L,4,0,P,NISS,VSL,4H,11,17,2693,,0,1024,,G,,F,4,110,,,15R185,,,,,,0,0,000000000,00000000000,0,0,0,1,0,0,0,0,0,0,0,998,0,1,2,11,13,6,2,1,0,0,0,1,9,6109,6,1,0,0,3,0,64,999,98,0,0,0,0,0,0,0,0,1,0,0,0,0,1,2,0,2,2,4,1,0,0,14,6,99,1,9,6,1,0
23,230091,1,2,1,17,10,21,40,12,6,1,0,95,1,20,16,20016,4,2003,3G1JC52F63S1,3,G,1,J,C,5,2,F,6,3,S,1,0,P,CHEV,CAV,4D,3,17,2971,,0,1041,,G,,F,4,134,,,14R195,,,,,,0,0,000000000,00000000000,0,0,0,1,0,0,0,0,0,0,0,998,0,0,0,9,9,6,2,12,0,0,0,1,95,0,6,1,0,0,3,0,999,999,0,0,0,0,0,0,0,0,0,0,39,48,0,0,2,2,75,1,1,2,2,0,0,11,10,99,1,2,72,1,0
23,230091,2,2,3,17,10,21,40,12,6,1,0,34,2,23,8,23008,6,2010,1GKLVMED9AJ1,1,G,K,L,V,M,E,D,9,A,J,1,0,T,GMC,S1A,4W,10,17,,2,0,1189,ACA,G,,,6,220,,,,B,4936,00,S,44,0,0,000000000,00000000000,0,0,0,1,0,0,0,0,0,0,0,998,0,0,0,12,12,6,2,12,0,0,0,1,34,7704,6,1,0,0,3,0,64,999,0,0,0,0,0,0,0,0,0,0,0,0,0,0,2,2,75,1,1,2,2,0,0,1,64,99,1,1,73,0,0
23,230092,1,1,1,23,10,12,25,42,0,1,0,23,2,55,35,55035,4,2001,KMHDN45D51U2,K,M,H,D,N,4,5,D,5,1,U,2,0,P,HYUN,EST,4D,1,17,2635,,0,1027,,G,,F,4,121,,,15R205,,,,,,0,0,000000000,00000000000,0,0,0,1,0,0,0,0,0,0,0,998,0,2,6,13,13,6,2,1,0,0,0,1,23,4055,1,1,0,0,2,0,74,198,0,9,0,1,6,10,2008,11,2010,1,58,0,0,0,1,2,35,3,1,2,1,0,0,14,6,99,1,4,6,1,0
23,230093,1,1,1,29,10,3,18,34,0,1,0,23,1,22,16,22016,2,2002,1G2JB1240273,1,G,2,J,B,1,2,4,0,2,7,3,0,P,PONT,SFS,CP,2,17,2606,,0,1041,,G,,F,4,133,,,14R195,,,,,,0,0,000000000,00000000000,0,0,0,1,0,0,0,0,0,0,0,998,0,1,6,12,3,6,2,1,0,0,0,1,23,4744,6,1,0,0,3,3,71,170,0,2,0,0,1,6,2010,10,2010,1,58,0,0,0,1,2,50,3,1,2,1,0,0,14,6,99,9,4,6,1,1
23,230094,1,2,3,3,9,18,25,12,2,1,0,23,2,6,52,6052,6,2002,3C8FY68BX2T2,3,C,8,F,Y,6,8,B,X,2,T,2,0,P,CHRY,PTC,SV,2,17,3119,,0,1033,,G,,F,4,148,,,16R205,,,,,,0,0,000000000,00000000000,0,0,0,1,0,0,0,0,0,0,0,998,0,1,6,12,2,6,2,12,0,0,0,1,23,4460,6,1,0,0,3,0,72,135,1,0,0,0,0,12,2008,12,2008,0,0,0,0,0,1,2,50,1,1,2,1,0,0,1,62,99,9,3,50,1,1
23,230094,2,2,1,3,9,18,25,12,2,1,0,23,1,12,401,12401,14,2010,1FMEU5BE3AUF,1,F,M,E,U,5,B,E,3,A,U,F,0,P,FORD,EPR,UT,10,17,4753,,0,1305,,G,,F,6,244,,,16R235,,,,,,0,0,000000000,00000000000,0,0,0,1,0,0,0,0,0,0,0,998,0,0,0,12,12,6,2,12,0,0,0,1,23,4758,6,1,0,0,3,0,71,215,0,0,0,1,0,12,2010,12,2010,1,28,0,0,0,1,2,0,1,1,2,1,0,0,1,10,99,9,3,51,0,1
23,230095,1,1,1,4,9,2,45,42,0,1,0,23,1,12,37,12037,4,2007,1FAHP34N27W1,1,F,A,H,P,3,4,N,2,7,W,1,0,P,FORD,FMS,4D,7,17,2636,,0,1029,,G,,F,4,122,,,15R195,,,,,,0,0,000000000,00000000000,0,0,0,1,0,0,0,0,0,0,0,998,0,0,0,12,12,6,2,2,0,0,1,1,23,4282,6,1,0,0,3,0,73,225,0,0,0,2,0,5,2010,10,2010,1,0,0,0,0,1,2,50,3,1,2,1,20,3,14,6,99,1,4,1,1,1
23,230096,1,1,1,21,9,3,29,14,0,1,0,23,2,72,709,72709,80,1990,JKBVNAB10LB5,J,K,B,V,N,A,B,1,0,L,B,5,0,M,KAWK,V5B,RS,90,17,,,,,,,1500,,2,,4,600,,,,,,,0,0,000000000,00000000000,0,0,0,1,0,0,0,0,0,0,0,998,0,0,0,12,12,6,2,14,0,0,0,1,23,4547,6,1,0,0,3,0,74,184,0,0,0,1,0,6,2009,6,2009,1,52,0,0,0,1,2,35,2,1,2,1,0,0,14,6,99,1,4,6,1,0
23,230097,1,1,1,28,9,23,24,1,0,1,0,23,1,72,709,72709,80,1986,1HD1DDL14GY5,1,H,D,1,D,D,L,1,4,G,Y,5,0,M,HD,FHC,RS,86,17,,,,,,,1340,,2,,4,727,,,,,,,0,0,000000000,00000000000,0,0,0,1,0,0,0,0,0,0,0,998,0,0,0,0,12,6,2,1,0,0,0,1,23,4330,6,1,6,0,3,0,69,230,0,0,0,0,0,0,0,0,0,1,0,0,0,0,1,2,35,1,1,2,1,0,0,1,13,99,9,4,1,1,1
23,230098,1,2,1,7,10,14,39,12,2,1,0,23,1,20,16,20016,4,2005,1G1JF52F6571,1,G,1,J,F,5,2,F,6,5,7,1,0,P,CHEV,CAS,4D,5,17,2676,,0,1041,,G,,F,4,134,,,15R195,,,,,,0,0,000000000,00000000000,0,0,0,1,0,0,0,0,0,0,0,998,0,0,0,12,12,6,2,12,0,0,0,1,23,4239,6,1,0,0,3,3,66,220,0,2,1,0,0,8,2009,4,2011,0,0,0,0,0,1,2,50,1,1,2,1,0,0,1,10,99,1,3,50,1,0
23,230098,2,2,1,7,10,14,39,12,2,1,0,23,3,84,884,84884,63,1998,2HSFRAXR4WC0,2,H,S,F,R,A,X,R,4,W,C,0,1,T,INTL,910,TR,98,17,,8,2220,1580,910,D,,,6,733,,,,,00000,00,,64,1,57,529939,57529939,3,4,1,1,0,0,0,0,0,0,0,998,0,0,0,12,1,6,2,12,0,0,0,1,23,4236,6,1,6,3,3,0,71,260,0,0,0,0,0,0,0,0,0,0,0,0,0,0,1,2,50,1,1,2,1,0,0,1,62,99,1,3,51,0,0
23,230099,1,2,2,15,10,18,50,12,2,1,0,44,2,37,32,37032,4,1998,1HGCG5557WA1,1,H,G,C,G,5,5,5,7,W,A,1,0,P,HOND,UEX,4D,98,17,2919,,0,1069,,G,,F,4,138,,,15R195,,,,,,0,0,000000000,00000000000,0,0,0,1,0,0,0,0,0,0,0,998,0,0,0,12,12,6,2,12,0,0,0,1,44,2852,6,1,0,0,3,9,999,999,0,0,0,0,0,0,0,0,0,0,33,0,0,0,1,2,50,1,1,2,1,0,0,6,10,99,1,2,50,0,0
23,230099,2,2,1,15,10,18,50,12,2,1,0,23,1,50,709,50709,80,2006,SMTD00NS46J2,S,M,T,D,0,0,N,S,4,6,J,2,0,M,TRUM,DA5,RC,6,17,,,,,,,675,,3,,4,363,,,,,,,0,0,000000000,00000000000,0,0,0,1,0,0,0,0,0,0,0,998,0,0,0,12,12,6,2,12,0,0,0,1,23,4222,6,1,0,0,3,0,71,165,0,0,0,1,1,2,2011,3,2011,0,0,0,0,0,1,2,50,1,1,2,1,0,0,1,62,99,1,3,51,1,0