STATE,ST_CASE,VEH_NO,VE_FORMS,NUMOCCS,DAY,MONTH,HOUR,MINUTE,HARM_EV,MAN_COLL,UNITTYPE,HIT_RUN,REG_STAT,OWNER,MAKE,MODEL,MAK_MOD,BODY_TYP,MOD_YEAR,VIN,VIN_1,VIN_2,VIN_3,VIN_4,VIN_5,VIN_6,VIN_7,VIN_8,VIN_9,VIN_10,VIN_11,VIN_12,TOW_VEH,VINTYPE,VINMAKE,VINA_MOD,VIN_BT,VINMODYR,VIN_LNGT,VIN_WGT,WGTCD_TR,WHLBS_LG,WHLBS_SH,SER_TR,FUELCODE,MCYCL_DS,CARBUR,CYLINDER,DISPLACE,MCYCL_CY,MCYCL_WT,TIRE_SZE,TON_RAT,TRK_WT,TRKWTVAR,VIN_REST,WHLDRWHL,J_KNIFE,MCARR_I1,MCARR_I2,MCARR_ID,GVWR,V_CONFIG,CARGO_BT,HAZ_INV,HAZ_PLAC,HAZ_ID,HAZ_CNO,HAZ_REL,BUS_USE,SPEC_USE,EMER_USE,TRAV_SP,UNDERIDE,ROLLOVER,ROLINLOC,IMPACT1,IMPACT2,DEFORMED,TOWED,M_HARM,VEH_SC1,VEH_SC2,FIRE_EXP,DR_PRES,L_STATE,DR_ZIP,L_STATUS,L_TYPE,CDL_STAT,L_ENDORS,L_COMPL,L_RESTRI,DR_HGT,DR_WGT,PREV_ACC,PREV_SUS,PREV_DWI,PREV_SPD,PREV_OTH,FIRST_MO,FIRST_YR,LAST_MO,LAST_YR,SPEEDREL,DR_SF1,DR_SF2,DR_SF3,DR_SF4,VTRAFWAY,VNUM_LAN,VSPD_LIM,VALIGN,VPROFILE,VPAVETYP,VSURCOND,VTRAFCON,VTCONT_F,P_CRASH1,P_CRASH2,P_CRASH3,PCRASH4,PCRASH5,ACC_TYPE,DEATHS,DR_DRINK
23,230100,1,2,1,28,10,15,36,12,2,1,0,23,1,20,20,20020,4,1999,2G1WL52M7X92,2,G,1,W,L,5,2,M,7,X,9,2,0,P,CHEV,L/S,4D,99,17,3330,,0,1075,,G,,F,6,191,,,15R205,,,,,,0,0,000000000,00000000000,0,0,0,1,0,0,0,0,0,0,0,998,0,0,0,12,12,6,2,12,0,0,0,1,23,4765,6,1,0,0,3,3,67,150,0,0,0,0,0,0,0,0,0,0,0,0,0,0,1,2,50,1,1,2,1,0,0,1,10,99,1,3,50,1,0
23,230100,2,2,1,28,10,15,36,12,2,1,0,23,1,41,35,41035,4,2002,JM1BJ2256216,J,M,1,B,J,2,2,5,6,2,1,6,0,P,MAZD,PDS,4D,2,17,2493,,0,1028,,G,,F,4,122,,,15R195,,,,,,0,0,000000000,00000000000,0,0,0,1,0,0,0,0,0,0,0,998,0,0,0,12,12,6,2,12,0,0,0,1,23,4756,6,1,6,0,3,0,61,140,0,0,0,0,0,0,0,0,0,0,0,0,0,0,1,2,50,1,1,2,1,0,0,1,62,99,1,3,51,0,0
23,230101,1,1,1,3,11,7,42,30,0,1,0,23,2,7,482,7482,31,2003,1D7HA18N03J5,1,D,7,H,A,1,8,N,0,3,J,5,0,T,DODG,SQ1,CW,3,17,,2,1605,1405,RPC,G,,,8,287,,,,B,4665,03,E,42,0,0,000000000,00000000000,0,0,0,1,0,0,0,0,0,0,0,998,0,2,6,12,12,6,2,1,0,0,0,1,23,4497,1,1,1,0,2,3,73,220,1,2,1,0,0,9,2011,9,2011,0,58,0,0,0,1,2,45,1,1,2,1,0,0,1,13,99,1,4,1,1,1
23,230102,1,1,1,4,11,22,39,42,0,1,0,23,1,49,50,49050,3,2008,JTKDE1678802,J,T,K,D,E,1,6,7,8,8,0,2,0,P,TOYT,SXC,2H,8,17,2905,,0,1063,,G,,F,4,146,,,17R215,,,,,,0,0,000000000,00000000000,0,0,0,1,0,0,0,0,0,0,0,998,0,0,0,12,12,6,2,42,0,0,0,1,23,4090,6,1,0,0,3,0,71,140,0,0,0,0,0,0,0,0,0,1,36,0,0,0,1,2,35,1,1,2,1,0,0,1,13,99,1,4,1,1,0
23,230103,1,1,1,20,10,17,32,34,0,1,0,23,1,12,402,12402,14,2004,1FMYU931X4KA,1,F,M,Y,U,9,3,1,X,4,K,A,0,P,FORD,SPE,UT,4,17,3346,,0,1031,,G,,F,6,181,,,16R235,,,,,,0,0,000000000,00000000000,0,0,0,1,0,0,0,0,0,0,0,998,0,0,0,12,1,6,2,42,0,0,0,1,23,4462,6,1,0,0,3,3,67,200,0,0,0,0,0,0,0,0,0,0,28,0,0,0,2,2,75,1,1,2,2,0,0,6,13,99,1,4,1,1,0
23,230104,1,1,2,7,11,21,10,30,0,1,0,23,2,24,1,24001,4,1998,1G8ZH5282WZ1,1,G,8,Z,H,5,2,8,2,W,Z,1,0,P,STRN,SL1,4D,98,17,2355,,0,1024,,G,,F,4,116,,,14R175,,,,,,0,0,000000000,00000000000,0,0,0,1,0,0,0,0,0,0,0,998,0,0,0,9,9,6,2,30,0,0,0,1,23,4426,6,2,0,0,3,0,68,140,0,0,0,0,0,0,0,0,0,1,39,0,0,0,1,2,45,1,1,2,1,20,3,1,6,99,1,4,1,2,0
23,230105,1,1,2,1,10,1,0,42,0,1,0,23,2,20,2,20002,4,1977,1N69U7126723,1,N,6,9,U,7,1,2,6,7,2,3,0,P,CHEV,CCL,4D,77,13,3571,,0,1160,,G,,2,8,305,,,15FR78,,,,,,0,0,000000000,00000000000,0,0,0,1,0,0,0,0,0,0,0,998,0,0,0,12,12,6,2,42,0,0,0,1,23,4426,6,1,6,0,3,0,68,150,0,0,0,0,0,0,0,0,0,0,0,0,0,0,1,2,55,1,1,2,1,0,0,1,10,99,1,4,6,1,0
23,230106,1,1,1,13,11,18,28,30,0,1,0,23,2,12,17,12017,4,2003,1FAFP53U83G1,1,F,A,F,P,5,3,U,8,3,G,1,0,P,FORD,TSE,4D,3,17,3336,,0,1085,,G,,F,6,182,,,16R215,,,,,,0,0,000000000,00000000000,0,0,0,1,0,0,0,0,0,0,0,998,0,0,0,9,9,6,2,30,0,0,0,1,23,4920,6,1,0,0,3,0,73,190,1,0,0,1,1,4,2010,5,2011,1,0,0,0,0,1,2,50,1,1,2,1,0,0,1,6,99,1,4,1,1,0
23,230107,1,2,1,22,11,11,0,12,2,1,0,33,3,99,881,99881,63,2008,999999999999,9,9,9,9,9,9,9,9,9,9,9,9,1,,,,,,,,,,,,,,,,,,,,,,,,,1,57,86179,5786179,3,4,1,1,0,0,0,0,0,0,0,998,0,0,0,12,1,6,2,12,0,0,0,1,23,4427,6,1,6,3,3,0,999,999,0,0,0,0,0,0,0,0,0,0,0,0,0,0,1,2,55,1,1,2,1,0,0,1,64,99,1,3,98,0,0
23,230107,2,2,1,22,11,11,0,12,2,1,0,33,2,48,34,48034,4,2004,4S3BH6864476,4,S,3,B,H,6,8,6,4,4,7,6,0,P,SUBA,UBK,SW,4,17,3510,,0,1043,,G,,F,4,153,,,16R225,,,,,,0,0,000000000,00000000000,0,0,0,1,0,0,0,0,0,0,0,998,0,0,0,12,12,6,2,12,0,0,0,1,51,23227,6,1,0,0,3,0,66,135,0,0,0,0,0,0,0,0,0,0,28,0,0,0,1,2,55,1,1,2,1,0,0,10,10,99,9,3,98,1,0
23,230108,1,1,1,11,11,23,40,34,0,1,0,23,1,35,48,35048,2,2003,JN1AZ34EX3T0,J,N,1,A,Z,3,4,E,X,3,T,0,0,P,NISS,3ZC,CP,3,17,3062,,0,1083,,G,,F,6,214,,,17R225,,,,,,0,0,000000000,00000000000,0,0,0,1,0,0,0,0,0,0,0,998,0,1,6,12,13,6,2,42,0,0,0,1,23,4901,6,1,0,0,3,3,66,130,0,0,0,0,0,0,0,0,0,1,0,0,0,0,1,2,45,1,1,2,1,0,0,1,6,99,1,4,1,1,1
23,230109,1,1,1,1,12,18,15,8,0,1,0,23,1,20,481,20481,31,2008,1GCHK23K98F1,1,G,C,H,K,2,3,K,9,8,F,1,0,T,CHEV,2KH,CW,8,17,,2,1670,1530,SIL,G,,,8,366,,,,C,5883,02,,44,0,0,000000000,00000000000,0,0,0,1,0,0,0,0,0,0,0,998,0,0,0,12,12,2,1,8,0,0,0,1,23,4008,6,1,0,0,3,0,69,150,0,0,0,0,0,0,0,0,0,0,0,0,0,0,1,2,30,1,1,2,1,0,0,1,82,99,1,9,13,0,0
23,230110,1,1,1,14,11,10,51,42,0,1,0,23,1,49,48,49048,5,2004,JTKKT6245400,J,T,K,K,T,6,2,4,5,4,0,0,0,P,TOYT,SXA,4H,4,17,2380,,0,933,,G,,F,4,092,,,15R185,,,,,,0,0,000000000,00000000000,0,0,0,1,0,0,0,0,0,0,0,998,0,0,0,12,12,6,2,42,0,0,0,1,23,3902,6,1,0,0,3,0,72,210,0,0,0,0,0,0,0,0,0,1,0,0,0,0,1,2,35,3,1,2,1,0,0,14,6,99,1,4,1,1,0
23,230111,1,1,2,1,12,16,14,1,0,1,0,92,0,76,734,76734,90,2002,JY4AM02Y42C0,J,Y,4,A,M,0,2,Y,4,2,C,0,1,M,YAMA,Y6W,AT,2,17,,,,,,,660,,1,,4,600,,,,,,,1,0,000000000,00000000000,0,0,0,1,0,0,0,0,0,0,0,998,0,2,1,0,12,9,9,1,0,0,0,1,23,4456,6,1,0,0,1,0,66,160,0,0,0,0,0,0,0,0,0,0,58,0,0,0,1,2,0,1,1,2,1,0,0,1,98,99,1,3,98,1,0
23,230112,1,2,1,20,12,9,21,12,2,1,0,25,1,58,37,58037,4,2004,JNKCV51FX4M7,J,N,K,C,V,5,1,F,X,4,M,7,0,P,INFI,AWD,4D,4,17,3677,,0,1122,,G,,F,6,214,,,17R215,,,,,,0,0,000000000,00000000000,0,0,0,1,0,0,0,0,0,0,0,998,0,0,0,12,12,6,2,12,0,0,0,1,25,2780,6,1,0,0,3,0,74,999,1,0,0,0,0,9,2010,9,2010,0,0,0,0,0,1,2,45,1,1,2,1,0,0,1,10,99,1,2,50,1,0
23,230112,2,2,1,20,12,9,21,12,2,1,0,23,1,20,473,20473,30,2006,1GCDT146X681,1,G,C,D,T,1,4,6,X,6,8,1,0,T,CHEV,RDO,PK,6,17,,1,0,1113,CAL,G,,,5,214,,,,,3303,00,,44,0,0,000000000,00000000000,0,0,0,1,0,0,0,0,0,0,0,998,0,0,0,12,12,6,2,12,0,0,0,1,23,4677,6,1,0,0,3,0,71,240,0,0,0,0,0,0,0,0,0,0,0,0,0,0,1,2,45,1,1,2,1,0,0,1,62,98,1,3,51,0,0
23,230113,1,1,1,21,12,10,5,42,0,1,0,23,1,63,33,63033,4,2003,KNAFB121X352,K,N,A,F,B,1,2,1,X,3,5,2,0,P,KIA,STL,4D,3,17,2661,,0,1008,,G,,F,4,109,,,14R185,,,,,,0,0,000000000,00000000000,0,0,0,1,0,0,0,0,0,0,0,998,0,0,0,12,12,6,2,42,0,0,0,1,23,4032,6,1,0,0,3,3,66,120,1,0,0,1,0,12,2010,12,2010,1,0,0,0,0,1,2,35,3,1,2,2,0,0,14,6,99,1,4,1,1,0
23,230114,1,1,1,21,12,12,20,34,0,1,0,23,1,22,2,22002,4,2002,1G2HX54K0241,1,G,2,H,X,5,4,K,0,2,4,1,0,P,PONT,BVS,4D,2,17,3633,,0,1122,,G,,F,6,231,,,16R225,,,,,,0,0,000000000,00000000000,0,0,0,1,0,0,0,0,0,0,0,998,0,1,6,12,9,6,2,42,0,0,0,1,23,4236,6,1,0,0,3,3,75,245,0,0,0,0,0,0,0,0,0,1,0,0,0,0,1,2,35,1,1,2,3,40,3,1,6,99,9,4,1,1,0
23,230115,1,2,1,23,12,10,42,12,1,1,0,23,1,12,21,12021,4,2005,1FAFP24145G1,1,F,A,F,P,2,4,1,4,5,G,1,0,P,FORD,5SL,4D,5,17,3643,,0,1129,,G,,F,6,183,,,17R215,,,,,,0,0,000000000,00000000000,0,0,0,1,0,0,0,0,0,0,0,998,0,0,0,12,3,6,2,12,0,0,0,1,23,4785,6,1,0,0,3,3,66,134,0,1,1,1,0,11,2010,10,2011,1,0,0,0,0,1,2,55,1,1,2,3,0,0,1,10,8,1,3,64,1,0
23,230115,2,2,1,23,12,10,42,12,1,1,0,23,2,84,884,84884,63,2005,2HSCNAPR15C0,2,H,S,C,N,A,P,R,1,5,C,0,1,T,INTL,94I,TR,5,17,,8,0,0,940,D,,,6,915,,,,,00000,00,,64,3,57,2096331,572096331,3,4,1,1,0,0,0,0,0,0,0,998,0,0,0,6,12,6,2,12,0,0,0,1,23,4572,6,1,6,3,3,3,67,160,0,0,0,0,1,2,2011,2,2011,0,0,0,0,0,1,2,55,1,1,2,3,0,0,1,62,99,1,3,65,0,0
23,230116,1,2,2,25,12,13,30,12,6,1,0,23,2,48,34,48034,4,1997,4S3BG6853V76,4,S,3,B,G,6,8,5,3,V,7,6,0,P,SUBA,UKK,SW,97,17,3155,,0,1035,,G,,F,4,150,,,15R205,,,,,,0,0,000000000,00000000000,0,0,0,1,0,0,0,0,0,0,0,998,0,0,0,3,3,6,2,12,0,0,0,1,23,4416,6,1,0,0,3,3,73,143,0,0,0,0,0,0,0,0,0,1,0,0,0,0,1,2,55,1,1,2,3,0,0,6,6,99,1,3,64,2,0
23,230116,2,2,2,25,12,13,30,12,6,1,0,23,1,12,17,12017,4,1999,1FAFP53U5XG2,1,F,A,F,P,5,3,U,5,X,G,2,0,P,FORD,TSE,4D,99,17,3353,,0,1085,,G,,F,6,182,,,15R205,,,,,,0,0,000000000,00000000000,0,0,0,1,0,0,0,0,0,0,0,998,0,0,0,12,12,6,2,12,0,0,0,1,23,4354,6,1,0,0,3,3,69,210,0,0,0,0,0,0,0,0,0,0,0,0,0,0,1,2,55,1,1,2,3,0,0,1,62,99,1,3,65,2,0
23,230117,1,2,1,26,12,13,32,12,6,1,0,23,2,12,17,12017,4,2001,1FAFP55U61A1,1,F,A,F,P,5,5,U,6,1,A,1,0,P,FORD,TSS,4D,1,17,3343,,0,1085,,G,,F,6,182,,,16R215,,,,,,0,0,000000000,00000000000,0,0,0,1,0,0,0,0,0,0,0,998,0,0,0,3,3,6,2,12,0,0,0,1,23,4449,6,1,0,0,3,3,64,136,0,0,0,0,1,6,2010,6,2010,1,0,0,0,0,1,2,45,1,1,2,10,0,0,1,10,99,1,3,64,1,0
23,230117,2,2,2,26,12,13,32,12,6,1,0,23,2,23,481,23481,31,1996,2GTEK19R4T15,2,G,T,E,K,1,9,R,4,T,1,5,0,T,GMC,SK1,PC,96,17,,2,1555,1415,SIE,G,,,8,350,,,,B,4444,01,M,44,0,0,000000000,00000000000,0,0,0,1,0,0,0,0,0,0,0,998,0,0,0,12,12,6,2,12,0,0,0,1,23,4473,6,1,0,0,3,0,77,200,1,1,0,1,0,6,2009,10,2009,0,0,0,0,0,1,2,45,1,1,2,10,0,0,1,62,99,1,3,65,0,0
23,230118,1,1,1,29,12,13,29,34,0,1,0,23,1,20,2,20002,4,2009,2G1WT57N9912,2,G,1,W,T,5,7,N,9,9,1,2,0,P,CHEV,ILT,4D,9,17,3555,,0,1105,,G,,F,6,214,,,16R225,,,,,,0,0,000000000,00000000000,0,0,0,1,0,0,0,0,0,0,0,998,0,0,0,12,12,6,2,42,0,0,0,1,23,4958,6,1,0,0,3,3,62,139,1,0,0,0,0,4,2011,4,2011,0,0,0,0,0,1,2,55,1,1,2,1,0,0,1,13,99,1,5,1,1,0
23,230119,1,1,1,31,12,14,27,34,0,1,0,23,1,20,421,20421,15,2005,1GNDT13S7521,1,G,N,D,T,1,3,S,7,5,2,1,0,P,CHEV,TRL,UT,5,17,4612,,0,1130,,G,,F,6,256,,,16R245,,,,,,0,0,000000000,00000000000,0,0,0,1,0,0,0,0,0,0,0,998,0,0,0,12,12,6,2,42,0,0,0,1,23,4086,6,1,0,0,3,0,67,180,0,0,0,0,0,0,0,0,0,0,0,0,0,0,1,2,50,1,1,2,2,0,0,1,13,99,1,4,1,1,0
23,230120,1,1,1,21,12,10,28,34,0,1,0,23,1,21,20,21020,2,1989,1G3WS14WXKD3,1,G,3,W,S,1,4,W,X,K,D,3,0,P,OLDS,SUL,CP,89,17,2983,,0,1075,,G,,F,6,173,,,14R195,,,,,,0,0,000000000,00000000000,0,0,0,1,0,0,0,0,0,0,0,998,0,0,0,12,3,6,2,14,0,0,0,1,23,4064,6,1,0,0,3,0,69,150,1,0,0,0,0,9,2010,9,2010,0,0,0,0,0,1,2,50,1,1,2,2,0,0,1,12,99,1,4,6,1,0
23,230121,1,1,1,30,12,23,10,30,0,1,0,23,1,23,481,23481,31,2011,1GTR2VE32BZ2,1,G,T,R,2,V,E,3,2,B,Z,2,0,T,GMC,1NK,4C,11,17,,2,1575,1435,SIE,F,,,8,323,,,,B,5286,02,S,44,0,0,000000000,00000000000,0,0,0,1,0,0,0,0,0,0,0,998,0,1,6,63,13,6,2,14,0,0,0,1,23,4976,6,1,3,0,3,0,70,155,0,0,0,0,0,0,0,0,0,1,0,0,0,0,1,2,45,1,1,2,3,0,0,1,6,99,1,4,1,1,1
23,230122,1,1,4,31,12,14,39,34,0,1,0,95,1,35,43,35043,4,2009,3N1AB61E99L6,3,N,1,A,B,6,1,E,9,9,L,6,0,P,NISS,SL2,4D,9,17,2897,,0,1057,,G,,F,4,122,,,15R205,,,,,,0,0,000000000,00000000000,0,0,0,1,0,0,0,0,0,0,0,998,0,0,0,4,3,6,2,42,0,0,0,1,95,0,6,1,0,0,3,3,999,999,0,0,0,0,0,0,0,0,0,1,52,0,0,0,2,2,75,1,1,2,2,0,0,6,6,99,1,4,1,1,0
23,230123,1,1,3,17,12,18,45,8,0,1,0,23,1,49,32,49032,4,2010,2T1BU4EE3AC2,2,T,1,B,U,4,E,E,3,A,C,2,0,P,TOYT,CBL,4D,10,17,2723,,0,1024,,G,,F,4,110,,,15R195,,,,,,0,0,000000000,00000000000,0,0,0,1,0,0,0,0,0,0,0,998,0,0,0,12,12,2,1,8,0,0,0,1,23,4441,6,1,0,0,3,0,72,200,0,0,0,0,0,0,0,0,0,0,82,0,0,0,1,2,55,1,1,2,1,0,0,1,10,99,1,5,13,0,0
23,230124,1,2,1,8,12,9,50,12,2,1,0,23,1,20,37,20037,4,2009,1G1ZJ57B3941,1,G,1,Z,J,5,7,B,3,9,4,1,0,P,CHEV,ML2,4D,9,17,3436,,0,1123,,G,,F,4,146,,,17R215,,,,,,0,0,000000000,00000000000,0,0,0,1,0,0,0,0,0,0,0,998,0,0,0,12,12,6,2,12,0,0,0,1,23,4924,6,1,0,0,3,0,68,160,0,0,0,0,0,0,0,0,0,0,0,0,0,0,1,2,50,3,1,2,1,0,0,14,62,99,1,3,51,1,0
23,230124,2,2,1,8,12,9,50,12,2,1,0,23,1,14,401,14401,14,1999,4M2DU55P4XUJ,4,M,2,D,U,5,5,P,4,X,U,J,0,P,MERC,MOU,UT,99,17,4348,,0,1120,,G,,F,8,302,,,15R235,,,,,,0,0,000000000,00000000000,0,0,0,1,0,0,0,0,0,0,0,998,0,0,0,12,12,6,2,12,0,0,0,1,23,4976,6,1,0,0,3,3,62,145,0,0,0,0,0,0,0,0,0,0,0,0,0,0,1,2,50,2,1,2,1,0,0,14,10,99,1,3,50,0,0
23,230125,1,1,1,16,12,20,10,35,0,1,0,23,2,12,401,12401,14,1998,1FMZU35P3WZB,1,F,M,Z,U,3,5,P,3,W,Z,B,0,P,FORD,EPR,UT,98,17,4374,,0,1115,,G,,F,8,302,,,15R225,,,,,,0,0,000000000,00000000000,0,0,0,1,0,0,0,0,0,0,0,998,0,1,6,12,13,6,2,1,0,0,0,1,23,4541,6,1,0,0,3,3,71,150,0,0,0,0,0,0,0,0,0,1,0,0,0,0,1,2,50,1,1,2,1,0,0,1,12,99,1,9,6,1,0
23,230126,1,1,3,31,12,7,58,1,0,1,0,40,4,12,461,12461,22,2007,1FTNS24W57DA,1,F,T,N,S,2,4,W,5,7,D,A,0,T,FORD,25V,EC,7,17,,2,0,1380,VAN,G,,,8,281,,,,C,00000,00,E,42,0,0,000000000,00000000000,0,0,0,1,0,0,0,0,0,0,0,998,0,2,2,0,2,6,2,1,0,0,0,1,23,4330,1,1,0,0,2,3,72,271,0,5,0,0,5,11,2010,10,2011,1,0,0,0,0,1,2,55,1,1,2,4,0,0,1,6,99,9,5,6,2,0
24,240001,1,1,1,1,1,8,6,30,0,1,0,51,1,35,39,35039,4,2005,1N4BA41E95C8,1,N,4,B,A,4,1,E,9,5,C,8,0,P,NISS,MEL,4D,5,17,3321,,0,1112,,G,,F,6,214,,,17R225,,,,,,0,0,000000000,00000000000,0,0,0,1,0,0,0,0,0,0,0,998,0,0,0,12,12,6,2,30,0,0,0,1,51,22033,6,1,0,0,3,0,72,210,0,0,0,1,0,9,2010,9,2010,1,87,0,0,0,3,4,65,4,3,2,2,0,0,14,9,99,9,9,7,1,1
24,240002,1,2,1,1,1,18,35,12,2,1,0,24,1,20,481,20481,31,2002,1GCHK24U02E2,1,G,C,H,K,2,4,U,0,2,E,2,0,T,CHEV,2KH,PK,2,17,,2,0,1330,SIL,G,,,8,364,,,,C,5484,00,,44,0,0,000000000,00000000000,0,0,0,1,0,0,0,0,0,0,0,998,0,0,0,12,12,6,2,12,0,0,0,1,24,21550,6,1,0,0,3,0,68,165,0,0,0,0,0,0,0,0,0,0,87,0,0,0,1,2,50,1,2,2,2,0,0,1,10,1,1,2,50,0,1
24,240002,2,2,1,1,1,18,35,12,2,1,0,54,1,12,471,12471,30,2005,1FTZR45EX5PA,1,F,T,Z,R,4,5,E,X,5,P,A,0,T,FORD,RNS,4C,5,17,,1,0,1259,RNG,G,,,6,245,,,,B,3697,00,U,44,0,0,000000000,00000000000,0,0,0,1,0,0,0,0,0,0,0,998,0,0,0,12,12,6,2,12,0,0,0,1,54,26705,6,1,0,0,3,0,64,170,0,0,0,0,0,0,0,0,0,0,0,0,0,0,1,2,50,1,2,2,2,0,0,1,62,1,1,1,51,1,0
24,240003,1,1,1,4,1,4,36,14,0,1,0,24,3,82,883,82883,66,2007,1FUJA6CK77LY,1,F,U,J,A,6,C,K,7,7,L,Y,1,T,FRHT,COL,TR,7,17,,8,0,0,CON,D,,,6,855,,,,,00000,00,,64,1,57,510003,57510003,3,6,1,1,0,0,0,0,0,0,0,998,0,0,0,12,12,6,2,25,0,0,1,1,24,21206,6,1,6,0,3,0,78,213,0,0,0,0,0,0,0,0,0,0,99,99,99,99,3,3,55,1,2,2,1,0,0,1,9,99,9,4,2,1,0
24,240004,1,3,1,4,1,18,6,54,11,1,0,42,1,20,481,20481,31,2002,1GCHK29162E2,1,G,C,H,K,2,9,1,6,2,E,2,0,T,CHEV,2KH,4C,2,17,,2,1575,1435,SIL,D,,,8,403,,,,C,5630,00,,44,0,0,000000000,00000000000,0,0,0,1,0,0,0,0,0,0,0,998,0,0,0,18,18,4,3,54,0,0,0,1,42,17331,6,1,0,0,3,0,69,999,0,0,0,0,0,0,0,0,0,0,0,0,0,0,1,2,50,1,1,2,1,0,0,1,98,1,1,1,98,0,0
24,240004,2,3,1,4,1,18,6,54,11,1,0,42,1,41,471,41471,32,1996,4F4CR16U0TTM,4,F,4,C,R,1,6,U,0,T,T,M,0,T,MAZD,3CP,PC,96,17,,1,0,1254,B30,G,,,6,182,,,,,3283,00,B,42,0,0,000000000,00000000000,0,0,0,1,0,0,0,0,0,0,0,998,0,0,0,18,18,6,2,54,0,0,0,1,42,17350,6,1,0,0,3,0,74,999,0,0,0,0,0,0,0,0,0,0,0,0,0,0,1,2,50,1,1,2,1,0,0,1,90,1,1,1,98,0,0
24,240004,3,3,1,4,1,18,6,54,11,1,0,24,2,48,45,48045,6,2011,4S3BMBJ69B32,4,S,3,B,M,B,J,6,9,B,3,2,0,P,SUBA,25L,4D,11,17,3451,,0,1083,,G,,F,4,150,,,17R215,,,,,,0,0,000000000,00000000000,0,0,0,1,0,0,0,0,0,0,0,998,0,0,0,18,12,6,2,38,0,0,0,1,42,17331,6,1,0,0,3,0,63,999,0,0,0,0,0,0,0,0,0,0,0,0,0,0,1,2,50,1,1,2,1,0,0,1,98,7,1,1,98,1,0
24,240005,1,1,2,3,1,21,5,25,0,1,0,24,1,12,17,12017,6,1993,1FALP57U4PA1,1,F,A,L,P,5,7,U,4,P,A,1,0,P,FORD,TAG,SW,93,17,3264,,0,1060,,G,,F,6,182,,,14R205,,,,,,0,0,000000000,00000000000,0,0,0,1,0,0,0,0,0,0,0,998,0,1,6,12,13,6,2,1,0,0,0,1,24,21401,6,1,0,0,3,0,63,150,0,0,0,0,0,0,0,0,0,0,0,0,0,0,3,2,55,1,1,2,1,0,0,15,9,99,9,4,2,1,1
24,240006,1,2,2,7,1,21,29,12,1,1,0,12,3,55,36,55036,4,2010,KMHCN4AC7AU4,K,M,H,C,N,4,A,C,7,A,U,4,0,P,HYUN,ALS,4D,10,17,2365,,0,984,,G,,F,4,098,,,14R175,,,,,,0,0,000000000,00000000000,0,0,0,1,0,0,0,0,0,0,0,998,0,0,0,12,12,6,2,12,0,0,0,1,24,21666,6,1,0,0,3,0,72,175,0,0,0,0,1,6,2009,6,2009,0,0,0,0,0,3,2,55,1,1,2,1,0,0,1,50,1,1,1,98,1,0
24,240006,2,2,1,7,1,21,29,12,1,1,0,24,6,19,20,19020,6,2004,1GYDE6372401,1,G,Y,D,E,6,3,7,2,4,0,1,0,P,CADI,SRX,UT,4,17,4320,,0,1164,,G,,,6,220,,,17R235,,,,,,0,0,000000000,00000000000,0,0,0,1,0,0,0,0,0,0,0,0,0,0,0,6,6,6,2,12,0,0,0,0,0,99997,7,6,97,7,6,7,998,997,998,998,998,998,998,98,9998,98,9998,8,20,0,0,0,3,2,55,1,1,2,1,0,0,0,51,0,0,0,98,0,0
24,240007,1,1,1,7,1,22,23,1,0,1,0,24,1,7,482,7482,31,2004,3D3HA16H74G1,3,D,3,H,A,1,6,H,7,4,G,1,0,T,DODG,T10,PK,4,17,,2,0,1205,RPC,G,,,10,506,,,,B,4701,00,K,42,0,0,000000000,00000000000,0,0,0,1,0,0,0,0,0,0,0,998,0,2,1,0,13,6,2,1,0,0,0,1,24,21036,6,1,0,0,3,0,74,200,0,0,0,0,0,0,0,0,0,1,99,99,99,99,3,3,65,4,2,2,1,0,0,15,9,99,4,2,98,1,0
24,240008,1,1,1,8,1,22,21,8,0,1,0,24,1,9,442,9442,20,1996,1P4GP44R5TB4,1,P,4,G,P,4,4,R,5,T,B,4,0,T,PLYM,GVS,ES,96,17,,1,0,1193,VOF,G,,,6,201,,,,,3663,00,E,42,0,0,000000000,00000000000,0,0,0,1,0,0,0,0,0,0,0,998,0,0,0,12,12,4,3,8,0,0,0,1,24,21212,6,1,0,0,3,0,69,145,0,0,0,0,0,0,0,0,0,0,0,0,0,0,3,4,45,1,2,2,1,0,0,1,80,99,1,1,13,0,0
24,240009,1,2,1,5,1,0,30,12,1,1,0,24,1,53,706,53706,80,2001,JS1GW71A5121,J,S,1,G,W,7,1,A,5,1,2,1,0,M,SUZI,GXR,RC,1,17,,,,,,,1299,,4,,4,474,,,,,,,0,0,000000000,00000000000,0,0,0,1,0,0,0,0,0,0,0,998,0,0,0,12,12,6,2,12,0,0,0,1,24,20675,6,1,0,0,3,0,71,170,0,0,0,2,0,7,2010,10,2010,1,35,0,0,0,3,2,50,1,1,2,1,0,0,6,51,99,9,9,24,1,1
24,240009,2,2,7,5,1,0,30,12,1,1,0,24,1,7,422,7422,15,2004,1D8HB58N54F1,1,D,8,H,B,5,8,N,5,4,F,1,0,P,DODG,DUR,UT,4,17,4972,,0,1192,,G,,F,8,287,,,17R245,,,,,,0,0,000000000,00000000000,0,0,0,1,0,0,0,0,0,0,0,998,0,0,0,6,6,6,2,12,0,0,0,1,24,20772,6,1,0,0,3,0,67,181,0,0,0,0,0,0,0,0,0,0,0,0,0,0,3,2,50,1,1,2,1,0,0,1,53,1,1,1,25,0,0