STATE,ST_CASE,VEH_NO,VE_FORMS,NUMOCCS,DAY,MONTH,HOUR,MINUTE,HARM_EV,MAN_COLL,UNITTYPE,HIT_RUN,REG_STAT,OWNER,MAKE,MODEL,MAK_MOD,BODY_TYP,MOD_YEAR,VIN,VIN_1,VIN_2,VIN_3,VIN_4,VIN_5,VIN_6,VIN_7,VIN_8,VIN_9,VIN_10,VIN_11,VIN_12,TOW_VEH,VINTYPE,VINMAKE,VINA_MOD,VIN_BT,VINMODYR,VIN_LNGT,VIN_WGT,WGTCD_TR,WHLBS_LG,WHLBS_SH,SER_TR,FUELCODE,MCYCL_DS,CARBUR,CYLINDER,DISPLACE,MCYCL_CY,MCYCL_WT,TIRE_SZE,TON_RAT,TRK_WT,TRKWTVAR,VIN_REST,WHLDRWHL,J_KNIFE,MCARR_I1,MCARR_I2,MCARR_ID,GVWR,V_CONFIG,CARGO_BT,HAZ_INV,HAZ_PLAC,HAZ_ID,HAZ_CNO,HAZ_REL,BUS_USE,SPEC_USE,EMER_USE,TRAV_SP,UNDERIDE,ROLLOVER,ROLINLOC,IMPACT1,IMPACT2,DEFORMED,TOWED,M_HARM,VEH_SC1,VEH_SC2,FIRE_EXP,DR_PRES,L_STATE,DR_ZIP,L_STATUS,L_TYPE,CDL_STAT,L_ENDORS,L_COMPL,L_RESTRI,DR_HGT,DR_WGT,PREV_ACC,PREV_SUS,PREV_DWI,PREV_SPD,PREV_OTH,FIRST_MO,FIRST_YR,LAST_MO,LAST_YR,SPEEDREL,DR_SF1,DR_SF2,DR_SF3,DR_SF4,VTRAFWAY,VNUM_LAN,VSPD_LIM,VALIGN,VPROFILE,VPAVETYP,VSURCOND,VTRAFCON,VTCONT_F,P_CRASH1,P_CRASH2,P_CRASH3,PCRASH4,PCRASH5,ACC_TYPE,DEATHS,DR_DRINK
24,240073,2,2,1,30,3,11,42,12,6,1,0,12,2,49,403,49403,14,2008,JTEES41A0820,J,T,E,E,S,4,1,A,0,8,2,0,0,P,TOYT,HIG,UT,8,17,4178,,0,1098,,G,,F,6,214,,,17R245,,,,,,0,0,000000000,00000000000,0,0,0,1,0,0,0,0,0,0,0,998,0,0,0,12,12,6,2,12,0,0,0,1,24,21030,6,1,0,0,3,0,66,130,0,0,0,0,0,0,0,0,0,0,0,0,0,0,1,4,35,1,1,2,1,0,0,1,62,99,1,1,65,0,0
24,240074,1,1,1,25,3,11,4,8,0,1,1,99,9,99,999,99999,99,9999,999999999999,9,9,9,9,9,9,9,9,9,9,9,9,0,,,,,,,,,,,,,,,,,,,,,,,,,0,0,000000000,00000000000,0,0,0,1,0,0,0,0,0,0,0,998,0,0,0,99,99,9,1,8,0,0,0,1,99,99999,9,9,99,9,9,9,999,999,99,99,99,99,99,99,9999,99,9999,9,28,0,0,0,1,2,50,1,1,2,1,0,0,1,11,99,1,4,13,0,0
24,240075,1,2,1,6,4,23,2,12,6,1,0,24,2,35,39,35039,4,1999,JN1CA21D3XT2,J,N,1,C,A,2,1,D,3,X,T,2,0,P,NISS,MGS,4D,99,17,2896,,0,1063,,G,,F,6,182,,,15R205,,,,,,0,0,000000000,00000000000,0,0,0,1,0,0,0,0,0,0,0,998,0,0,0,9,9,6,2,12,0,0,0,1,24,21113,6,1,0,0,3,3,71,125,0,0,0,0,0,0,0,0,0,0,38,0,0,0,1,2,50,1,3,2,1,0,0,11,98,1,1,1,68,1,0
24,240075,2,2,2,6,4,23,2,12,6,1,0,24,1,20,9,20009,2,2011,2G1FB1ED1B91,2,G,1,F,B,1,E,D,1,B,9,1,0,P,CHEV,CLT,CP,11,17,3750,,0,1123,,G,,F,6,220,,,18R245,,,,,,0,0,000000000,00000000000,0,0,0,1,0,0,0,0,0,0,0,998,0,0,0,12,12,6,2,12,0,0,0,1,24,20774,6,1,0,0,3,0,62,130,0,0,0,0,0,0,0,0,0,1,0,0,0,0,1,2,50,1,3,2,1,0,0,1,72,99,1,1,69,0,0
24,240076,1,1,1,11,4,20,43,38,0,1,0,24,1,34,34,34034,2,1997,WBSBG9321VEY,W,B,S,B,G,9,3,2,1,V,E,Y,0,P,BMW,M3S,CP,97,17,3175,,0,1067,,G,,F,6,192,,,17R225,,,,,,0,0,000000000,00000000000,0,0,0,1,0,0,0,0,0,0,0,998,0,0,0,12,13,6,2,38,0,0,0,1,24,20723,6,1,0,0,3,0,74,250,0,0,0,0,0,0,0,0,0,0,0,0,0,0,1,2,30,3,2,2,1,0,0,14,11,99,9,4,7,1,1
24,240077,1,2,1,6,1,1,20,12,2,1,0,24,1,37,32,37032,2,2003,1HGCM82703A0,1,H,G,C,M,8,2,7,0,3,A,0,0,P,HOND,UEX,CP,3,17,3047,,0,1051,,G,,F,6,183,,,16R205,,,,,,0,0,000000000,00000000000,0,0,0,1,0,0,0,0,0,0,0,998,0,0,0,12,12,6,2,12,0,0,0,1,24,21223,6,1,0,0,3,0,65,125,0,0,0,0,0,0,0,0,0,0,99,99,99,99,2,2,25,1,1,2,1,0,0,1,10,99,1,2,50,0,1
24,240077,2,2,1,6,1,1,20,12,2,1,0,92,0,20,20,20020,4,1999,2G1WL52M1X11,2,G,1,W,L,5,2,M,1,X,1,1,0,P,CHEV,L/S,4D,99,17,3330,,0,1075,,G,,F,6,191,,,15R205,,,,,,0,0,000000000,00000000000,0,0,0,1,0,0,0,0,0,0,0,998,0,0,0,12,12,6,2,12,0,0,0,1,24,21207,3,1,0,0,2,2,74,280,0,0,0,0,0,0,0,0,0,0,74,0,0,0,2,2,25,1,1,2,1,0,0,1,62,99,1,1,51,1,1
24,240078,1,1,1,22,3,5,45,8,0,1,0,24,1,30,40,30040,4,2007,3VWWJ71K37M1,3,V,W,W,J,7,1,K,3,7,M,1,0,P,VOLK,JG1,4D,7,17,3290,,0,1015,,G,,T,4,121,,,17R225,,,,,,0,0,000000000,00000000000,0,0,0,1,0,0,0,0,0,0,0,998,0,0,0,12,12,6,2,8,0,0,0,1,24,20601,6,1,0,0,3,0,72,260,0,0,0,0,0,0,0,0,0,0,0,0,0,0,1,2,40,1,1,2,1,0,0,1,80,1,1,1,13,0,0
24,240079,1,2,1,12,4,19,53,12,2,1,0,10,1,37,31,37031,2,2007,2HGFG11897H5,2,H,G,F,G,1,1,8,9,7,H,5,0,P,HOND,UAX,CP,7,17,2698,,0,1043,,G,,F,4,110,,,16R205,,,,,,0,0,000000000,00000000000,0,0,0,1,0,0,0,0,0,0,0,998,0,0,0,12,12,6,2,12,0,0,0,1,10,19958,6,1,0,0,3,3,63,180,0,0,0,0,0,0,0,0,0,0,38,0,0,0,1,2,50,1,1,2,2,4,8,11,15,99,1,1,68,0,0
24,240079,2,2,1,12,4,19,53,12,2,1,0,24,2,72,706,72706,80,2005,1HD1JHB4X5Y0,1,H,D,1,J,H,B,4,X,5,Y,0,0,M,HD,FSI,RS,5,17,,,,,,,1450,,2,,4,702,,,,,,,0,0,000000000,00000000000,0,0,0,1,0,0,0,0,0,0,0,998,0,0,0,12,12,6,2,12,0,0,0,1,24,21657,6,1,0,0,3,0,72,224,0,0,0,0,0,0,0,0,0,0,0,0,0,0,1,2,50,1,1,2,2,4,8,1,62,99,1,1,69,1,0
24,240080,1,1,1,21,4,2,43,11,0,1,0,24,1,37,706,37706,80,2003,1HFSC46093A1,1,H,F,S,C,4,6,0,9,3,A,1,0,M,HOND,XT8,RS,3,17,,,,,,,1795,,2,,4,705,,,,,,,0,0,000000000,00000000000,0,0,0,1,0,0,0,0,0,0,0,998,0,0,0,12,12,6,2,11,0,0,0,1,24,21842,6,1,0,0,3,0,72,240,0,0,0,0,0,0,0,0,0,0,83,0,0,0,1,2,50,1,1,2,1,0,0,1,87,99,9,9,13,1,1
24,240081,1,1,1,2,4,14,9,31,0,1,0,24,1,12,471,12471,30,1990,1FTCR10A3LUB,1,F,T,C,R,1,0,A,3,L,U,B,0,T,FORD,RNG,PK,90,17,,1,1140,1080,RNG,G,,,4,140,,,,B,2674,01,A,42,0,0,000000000,00000000000,0,0,0,1,0,0,0,0,0,0,0,998,0,0,0,12,12,6,2,42,0,0,0,1,24,21154,6,1,0,0,3,0,68,177,0,0,0,0,0,0,0,0,0,0,39,0,0,0,1,2,50,4,1,2,1,0,0,14,9,99,9,4,7,1,0
24,240082,1,1,1,12,4,1,9,30,0,1,0,24,1,54,37,54037,2,1999,19UYA3150XL0,1,9,U,Y,A,3,1,5,0,X,L,0,0,P,ACUR,23C,CP,99,17,3064,,0,1069,,G,,F,4,138,,,16R205,,,,,,0,0,000000000,00000000000,0,0,0,1,0,0,0,0,0,0,0,998,0,0,0,9,9,6,2,30,0,0,0,1,24,21154,6,1,0,0,3,0,69,135,0,1,0,1,0,8,2010,10,2010,1,0,0,0,0,1,2,50,3,3,2,1,0,0,14,6,99,9,4,7,1,1
24,240083,1,3,2,13,4,16,30,12,6,1,0,24,1,37,32,37032,4,1999,1HGCG6652XA1,1,H,G,C,G,6,6,5,2,X,A,1,0,P,HOND,ULX,4D,99,17,3053,,0,1069,,G,,F,4,138,,,15R195,,,,,,0,0,000000000,00000000000,0,0,0,1,0,0,0,0,0,0,0,998,0,0,0,3,3,6,2,12,0,0,0,1,24,20657,6,1,0,0,3,0,76,230,0,0,0,0,0,0,0,0,0,0,38,0,0,0,2,2,55,1,1,2,1,3,3,11,66,1,1,1,68,2,0
24,240083,2,3,1,13,4,16,30,12,6,1,0,24,2,34,35,34035,6,2002,WBADS43412GE,W,B,A,D,S,4,3,4,1,2,G,E,0,P,BMW,5TI,SW,2,17,3736,,0,1114,,G,,F,6,152,,,16R225,,,,,,0,0,000000000,00000000000,0,0,0,1,0,0,0,0,0,0,0,998,0,0,0,12,12,6,2,12,0,0,0,1,24,20636,6,1,0,0,3,3,62,120,0,0,0,0,0,0,0,0,0,0,0,0,0,0,2,2,55,1,1,2,1,3,3,1,17,99,1,1,69,0,0
24,240083,3,3,1,13,4,16,30,12,6,1,0,24,2,37,32,37032,4,2007,1HGCM66567A0,1,H,G,C,M,6,6,5,6,7,A,0,0,P,HOND,UEX,4D,7,17,3371,,0,1079,,G,,F,6,183,,,17R215,,,,,,0,0,000000000,00000000000,0,0,0,1,0,0,0,0,0,0,0,0,0,0,0,12,12,6,2,12,0,0,0,1,24,20736,6,1,0,0,3,0,65,130,0,0,0,0,0,0,0,0,0,0,0,0,0,0,2,2,45,1,1,2,1,3,3,5,19,1,1,1,98,0,0
24,240084,1,2,1,18,4,10,25,12,1,1,0,24,3,84,881,84881,62,2003,1HTMPAFM73H5,1,H,T,M,P,A,F,M,7,3,H,5,0,T,INTL,420,CC,3,17,,6,0,0,40S,D,,,8,365,,,,,00000,00,,42,0,57,7399909,577399909,2,1,3,1,0,0,0,0,0,0,0,998,0,0,0,12,1,6,2,8,0,0,0,1,24,21144,6,1,0,0,3,3,71,192,0,0,0,1,0,5,2009,5,2009,0,99,99,99,99,3,2,50,1,9,2,1,0,0,1,50,98,9,9,32,0,0
24,240084,2,2,0,18,4,10,25,12,1,1,0,24,6,37,32,37032,2,2001,1HGCG31581A0,1,H,G,C,G,3,1,5,8,1,A,0,0,P,HOND,UEX,CP,1,17,3014,,0,1051,,G,,F,4,138,,,15R195,,,,,,0,0,000000000,00000000000,0,0,0,1,0,0,0,0,0,0,0,0,0,0,0,6,6,6,2,12,0,0,0,0,0,99997,7,6,97,7,6,7,998,997,998,998,998,998,998,98,9998,98,9998,8,20,0,0,0,3,2,50,1,9,2,1,0,0,0,53,0,0,0,32,0,0
24,240085,1,1,2,24,4,17,21,24,0,1,0,24,1,37,706,37706,80,1996,1HFSC223XTA8,1,H,F,S,C,2,2,3,X,T,A,8,0,M,HOND,1/2,RS,96,17,,,,,,,1520,,6,,4,815,,,,,,,0,0,000000000,00000000000,0,0,0,1,0,0,0,0,0,0,0,998,0,0,0,4,1,6,2,24,0,0,0,1,24,21222,6,1,0,0,3,0,72,230,0,0,0,0,0,0,0,0,0,1,27,0,0,0,3,2,55,4,1,2,2,0,0,15,6,99,2,4,2,1,0
24,240086,1,1,1,28,4,20,39,24,0,1,0,11,1,53,706,53706,80,1994,JS1GM51A3R21,J,S,1,G,M,5,1,A,3,R,2,1,0,M,SUZI,GSE,RS,94,17,,,,,,,487,,2,,4,372,,,,,,,0,0,000000000,00000000000,0,0,0,1,0,0,0,0,0,0,0,998,0,0,0,13,12,6,2,24,0,0,0,1,11,20001,6,1,0,0,3,0,66,165,0,0,0,0,0,0,0,0,0,0,81,0,0,0,3,3,55,1,1,2,1,0,0,1,90,99,9,4,7,1,1
24,240087,1,1,2,18,3,1,48,33,0,1,0,24,2,32,45,32045,2,2004,TRUWT28N4410,T,R,U,W,T,2,8,N,4,4,1,0,0,P,AUDI,ATQ,CP,4,17,3188,,0,956,,G,,T,4,109,,,17R225,,,,,,0,0,000000000,00000000000,0,0,0,1,0,0,0,0,0,0,0,998,0,0,0,14,13,6,2,30,0,0,0,1,24,21220,6,1,0,0,3,3,70,220,0,0,0,0,0,0,0,0,0,1,99,99,99,99,1,2,40,2,1,2,1,0,0,14,6,99,9,4,7,1,1
24,240088,1,2,1,18,4,20,15,12,1,1,0,24,1,53,706,53706,80,2007,JS1GT77A3721,J,S,1,G,T,7,7,A,3,7,2,1,0,M,SUZI,XR1,RC,7,17,,,,,,,999,,4,,4,379,,,,,,,0,0,000000000,00000000000,0,0,0,1,0,0,0,0,0,0,0,101,0,0,0,12,12,6,2,12,0,0,0,1,24,21015,6,1,0,0,3,0,68,220,0,0,0,0,4,3,2009,5,2010,1,99,99,99,99,3,2,50,1,1,2,1,0,0,1,51,99,1,1,24,1,0
24,240088,2,2,1,18,4,20,15,12,1,1,0,24,1,37,402,37402,14,1998,JHLRD1860WC1,J,H,L,R,D,1,8,6,0,W,C,1,0,P,HOND,CRV,UT,98,17,3155,,0,1032,,G,,F,4,120,,,15R205,,,,,,0,0,000000000,00000000000,0,0,0,1,0,0,0,0,0,0,0,998,0,0,0,6,6,6,2,12,0,0,0,1,24,21128,6,1,0,0,3,3,68,155,0,0,0,0,0,0,0,0,0,0,0,0,0,0,3,2,50,1,1,2,1,0,0,1,53,7,1,1,25,0,0
24,240089,1,1,1,18,4,6,11,8,0,1,0,24,1,41,471,41471,30,1999,4F4YR13V4XTM,4,F,4,Y,R,1,3,V,4,X,T,M,0,T,MAZD,3RC,PK,99,17,,1,0,1116,B30,F,,,6,182,,,,,00000,00,U,44,0,0,000000000,00000000000,0,0,0,1,0,0,0,0,0,0,0,998,0,0,0,12,12,4,3,8,0,0,0,1,24,21157,6,1,6,0,3,0,72,225,0,0,0,0,0,0,0,0,0,0,0,0,0,0,3,4,45,1,2,1,1,0,0,1,80,99,2,1,13,0,0
24,240090,1,1,1,29,4,22,43,42,0,1,0,24,2,35,47,35047,4,2006,1N4BL11D46C2,1,N,4,B,L,1,1,D,4,6,C,2,0,P,NISS,ASR,4D,6,17,3101,,0,1102,,G,,F,6,214,,,17R215,,,,,,0,0,000000000,00000000000,0,0,0,1,0,0,0,0,0,0,0,998,0,0,0,3,3,6,2,42,0,0,0,1,10,19973,6,1,0,0,3,0,67,176,0,0,0,1,0,10,2010,10,2010,1,99,99,99,99,1,2,50,3,2,2,1,0,0,14,9,99,9,4,7,1,1
24,240091,1,1,1,29,4,21,7,8,0,1,0,24,1,52,471,52471,30,1986,JA7FP24D7GP0,J,A,7,F,P,2,4,D,7,G,P,0,0,T,MITS,MMX,PK,86,17,,1,0,1094,MMX,G,,,4,121,,,,,2478,01,A,42,0,0,000000000,00000000000,0,0,0,1,0,0,0,0,0,0,0,998,0,0,0,12,12,6,2,8,0,0,0,1,24,21677,6,1,0,0,3,0,74,290,0,0,0,0,0,0,0,0,0,0,99,99,99,99,3,2,55,1,1,2,1,0,0,15,80,99,1,1,13,0,0
24,240092,1,1,1,4,4,18,45,25,0,1,0,24,1,35,43,35043,4,2007,3N1AB61E57L7,3,N,1,A,B,6,1,E,5,7,L,7,0,P,NISS,SL2,4D,7,17,2853,,0,1057,,G,,F,4,122,,,15R205,,,,,,0,0,000000000,00000000000,0,0,0,1,0,0,0,0,0,0,0,998,0,0,0,11,12,6,2,16,0,0,0,1,24,21222,6,1,0,0,3,0,68,145,0,0,0,0,0,0,0,0,0,0,28,0,0,0,3,3,55,1,1,2,1,0,0,1,10,99,9,4,6,1,1
24,240093,1,2,1,19,2,13,55,12,6,1,0,24,2,35,47,35047,4,2004,1N4AL11D54C1,1,N,4,A,L,1,1,D,5,4,C,1,0,P,NISS,ABS,4D,4,17,2913,,0,1102,,G,,F,4,153,,,16R205,,,,,,0,0,000000000,00000000000,0,0,0,1,0,0,0,0,0,0,0,998,0,0,0,9,9,6,2,12,0,0,0,1,24,20783,6,1,0,0,3,0,74,210,0,0,0,0,1,10,2010,10,2010,0,48,0,0,0,3,3,55,1,1,2,1,0,0,12,10,99,9,2,98,1,0
24,240093,2,2,5,19,2,13,55,12,6,1,0,34,3,20,2,20002,4,2011,2G1WG5EK6B11,2,G,1,W,G,5,E,K,6,B,1,1,0,P,CHEV,IMT,4D,11,17,3555,,0,1105,,F,,F,6,214,,,16R225,,,,,,0,0,000000000,00000000000,0,0,0,1,0,0,0,0,0,0,0,998,0,0,0,12,12,6,2,12,0,0,0,1,34,7061,6,1,0,0,3,0,69,999,0,0,0,0,0,0,0,0,0,0,0,0,0,0,3,3,55,1,1,2,1,0,0,1,61,99,1,1,98,0,0
24,240094,1,2,1,16,4,12,43,12,6,1,0,24,1,34,34,34034,2,2003,WBSBL93473JR,W,B,S,B,L,9,3,4,7,3,J,R,0,P,BMW,M3S,CP,3,17,3415,,0,1075,,G,,F,6,198,,,18R225,,,,,,0,0,000000000,00000000000,0,0,0,1,0,0,0,0,0,0,0,55,0,0,0,3,3,6,2,12,0,0,0,1,24,21037,6,1,0,0,3,0,71,160,0,1,0,2,0,8,2009,4,2011,1,33,0,0,0,1,2,40,1,2,2,3,0,0,6,6,99,3,2,64,1,1
24,240094,2,2,1,16,4,12,43,12,6,1,0,24,3,12,481,12481,31,2008,1FTSF20R58EA,1,F,T,S,F,2,0,R,5,8,E,A,0,T,FORD,F2S,PK,8,17,,2,0,1370,SRW,D,,,8,390,,,,C,5633,00,U,42,0,0,000000000,00000000000,0,0,0,1,0,0,0,0,0,0,0,40,0,0,0,12,12,6,2,12,0,0,0,1,24,21037,6,1,0,0,3,0,71,190,0,0,0,0,0,0,0,0,0,0,0,0,0,0,1,2,40,1,2,2,2,0,0,1,62,99,1,1,65,0,0
24,240095,1,1,1,20,4,9,45,8,0,1,0,11,2,37,31,37031,2,2000,1HGEM1154YL0,1,H,G,E,M,1,1,5,4,Y,L,0,0,P,HOND,USS,CP,0,17,2612,,0,1032,,G,,F,4,097,,,15R195,,,,,,0,0,000000000,00000000000,0,0,0,1,0,0,0,0,0,0,0,998,9,0,0,12,12,4,3,8,0,0,0,1,24,20708,6,1,0,0,3,0,65,135,0,1,0,0,0,10,2009,10,2009,0,0,0,0,0,2,3,35,1,2,2,1,2,3,1,80,99,1,1,13,0,0
24,240096,1,1,1,7,4,17,23,5,0,1,0,24,1,73,706,73706,80,2007,JKAEXEA167A0,J,K,A,E,X,E,A,1,6,7,A,0,0,M,KAWK,EX6,RS,7,17,,,,,,,649,,2,,4,393,,,,,,,0,0,000000000,00000000000,0,0,0,1,0,0,0,0,0,0,0,998,0,0,0,0,13,6,2,24,0,0,0,1,24,21550,6,1,7,0,3,3,73,148,0,0,0,0,0,0,0,0,0,1,82,0,0,0,1,2,50,1,1,2,1,0,0,6,98,99,9,2,0,1,0
24,240097,1,1,1,4,4,16,18,39,0,1,0,12,1,72,706,72706,80,2010,1HD1CZ311AC4,1,H,D,1,C,Z,3,1,1,A,C,4,0,M,HD,XLN,RS,10,17,,,,,,,1202,,2,,4,562,,,,,,,0,0,000000000,00000000000,0,0,0,1,0,0,0,0,0,0,0,998,0,0,0,11,11,6,2,39,0,0,0,1,12,33418,6,1,0,0,3,0,67,999,0,0,0,0,0,0,0,0,0,1,35,0,0,0,3,9,50,4,2,2,1,0,0,6,9,99,9,4,7,1,1
24,240098,1,2,1,18,4,16,40,12,1,1,0,24,2,49,32,49032,4,2006,2T1BR32E56C6,2,T,1,B,R,3,2,E,5,6,C,6,0,P,TOYT,UCS,4D,6,17,2530,,0,1024,,G,,F,4,109,,,15R185,,,,,,0,0,000000000,00000000000,0,0,0,1,0,0,0,0,0,0,0,998,0,0,0,12,12,6,2,12,0,0,0,1,24,21771,6,1,0,0,3,3,74,240,0,0,0,0,0,0,0,0,0,0,26,0,0,0,1,2,50,1,1,2,1,0,0,1,50,99,1,1,20,1,0
24,240098,2,2,1,18,4,16,40,12,1,1,0,24,1,12,443,12443,20,2005,2FMZA51615BA,2,F,M,Z,A,5,1,6,1,5,B,A,0,P,FORD,FRE,SV,5,17,4275,,0,1208,,G,,F,6,238,,,16R225,,,,,,0,0,000000000,00000000000,0,0,0,1,0,0,0,0,0,0,0,0,0,0,0,6,6,6,2,12,0,0,0,1,24,21771,6,1,0,0,3,0,67,170,0,0,0,0,0,0,0,0,0,0,0,0,0,0,1,2,50,1,1,2,1,0,0,5,53,99,1,1,21,0,0
24,240099,1,1,1,29,4,14,3,9,0,1,0,24,1,49,482,49482,31,2008,5TBBV54108S5,5,T,B,B,V,5,4,1,0,8,S,5,0,T,TOYT,DLS,CW,8,17,,2,0,1457,TUN,G,,,8,348,,,,B,5445,00,7,44,0,0,000000000,00000000000,0,0,0,1,0,0,0,0,0,0,0,998,0,0,0,12,12,6,2,9,0,0,0,1,24,21225,6,1,0,0,3,0,76,230,0,0,0,0,0,0,0,0,0,0,99,99,99,99,1,2,30,1,1,2,1,0,0,1,83,99,1,1,13,0,0
24,240100,1,2,1,28,4,11,8,12,2,1,0,24,3,38,882,38882,61,2008,JALE5W163879,J,A,L,E,5,W,1,6,3,8,7,9,0,T,ISU,NQR,TB,8,17,,5,1760,1090,NQR,D,,,4,317,,,,,00000,00,,42,0,57,298424,57298424,2,1,1,1,0,0,0,0,0,0,0,998,0,0,0,12,12,6,2,12,0,0,0,1,24,20886,6,1,0,0,8,0,70,175,0,0,0,0,0,0,0,0,0,9,29,0,0,0,1,2,35,3,2,2,2,0,0,14,10,99,9,2,50,1,0
24,240100,2,2,1,28,4,11,8,12,2,1,0,10,3,82,881,82881,66,2007,1FUJCRCK87PX,1,F,U,J,C,R,C,K,8,7,P,X,0,T,FRHT,COR,TR,7,17,,8,0,0,CON,D,,,6,855,,,,,00000,00,,64,0,57,024199,57024199,3,5,96,1,0,0,0,0,0,0,0,998,0,0,0,12,12,6,2,12,0,0,0,1,10,19711,6,1,6,0,3,0,73,180,0,0,0,0,0,0,0,0,0,0,0,0,0,0,1,2,35,3,2,2,2,0,0,14,62,99,9,9,51,0,0
24,240101,1,1,1,26,4,19,35,43,0,1,0,92,0,53,706,53706,80,2005,JS1GT76A4521,J,S,1,G,T,7,6,A,4,5,2,1,0,M,SUZI,XR1,RC,5,17,,,,,,,999,,4,,4,365,,,,,,,0,0,000000000,00000000000,0,0,0,1,0,0,0,0,0,0,0,998,0,0,0,5,5,6,2,43,0,0,0,1,24,21050,0,0,0,0,0,0,72,200,0,1,0,0,0,11,2009,11,2009,1,99,99,99,99,1,2,40,4,2,2,1,0,0,14,6,99,9,4,7,1,1
24,240102,1,1,3,1,5,4,50,1,0,1,0,54,1,49,50,49050,3,2008,JTKDE1670802,J,T,K,D,E,1,6,7,0,8,0,2,0,P,TOYT,SXC,2H,8,17,2905,,0,1063,,G,,F,4,146,,,17R215,,,,,,0,0,000000000,00000000000,0,0,0,1,0,0,0,0,0,0,0,998,0,2,5,0,0,6,2,1,0,0,0,1,51,22312,6,1,0,0,3,2,66,140,0,0,0,1,0,10,2010,10,2010,1,74,0,0,0,3,2,65,4,2,2,2,0,0,14,6,99,3,4,2,1,1
24,240103,1,2,1,6,5,14,18,12,2,1,0,24,1,20,421,20421,15,2001,1GNEK13T51J1,1,G,N,E,K,1,3,T,5,1,J,1,0,P,CHEV,KTA,UT,1,17,5050,,0,1160,,G,,F,8,325,,,16R245,,,,,,0,0,000000000,00000000000,0,0,0,1,0,0,0,0,0,0,0,998,0,0,0,12,12,6,2,12,0,0,0,1,24,21624,6,1,0,0,3,0,70,145,0,0,0,1,0,4,2010,4,2010,0,28,0,0,0,1,2,50,1,1,2,1,0,0,1,10,99,1,2,50,1,0
24,240103,2,2,1,6,5,14,18,12,2,1,0,24,1,35,49,35049,6,2005,JN8AZ08W55W4,J,N,8,A,Z,0,8,W,5,5,W,4,0,P,NISS,MUR,UT,5,17,3829,,0,1112,,G,,F,6,213,,,18R235,,,,,,0,0,000000000,00000000000,0,0,0,1,0,0,0,0,0,0,0,998,0,0,0,12,12,6,2,12,0,0,0,1,24,21662,6,1,0,0,3,0,67,140,0,0,0,2,0,10,2009,10,2009,0,0,0,0,0,1,2,50,1,1,2,1,0,0,1,62,99,9,9,51,1,0
24,240104,1,2,1,6,5,2,34,12,6,1,0,0,0,98,709,98709,81,2008,L8XTBB50280W,L,8,X,T,B,B,5,0,2,8,0,W,0,U,,,,8,17,,,,,,,,,,,,,,,,,,,0,0,000000000,00000000000,0,0,0,1,0,0,0,0,0,0,0,998,0,0,0,12,12,6,2,12,0,0,0,1,24,21740,6,1,0,0,3,0,72,220,0,0,0,0,0,0,0,0,0,0,39,0,0,0,1,2,25,1,1,2,1,3,3,1,17,99,1,1,86,1,0
24,240104,2,2,1,6,5,2,34,12,6,1,0,24,1,12,37,12037,4,2010,1FAHP3FN7AW2,1,F,A,H,P,3,F,N,7,A,W,2,0,P,FORD,FSE,4D,10,17,2623,,0,1029,,G,,F,4,122,,,15R195,,,,,,0,0,000000000,00000000000,0,0,0,1,0,0,0,0,0,0,0,998,0,0,0,5,5,6,2,12,0,0,0,1,24,21740,6,1,0,0,3,0,65,120,0,0,0,0,0,0,0,0,0,0,0,0,0,0,1,2,25,1,1,2,1,3,3,1,66,99,1,1,87,0,0
24,240105,1,1,1,8,5,19,2,24,0,1,0,24,1,98,706,98706,80,2004,1D9AD66824C3,1,D,9,A,D,6,6,8,2,4,C,3,0,U,,,,4,17,,,,,,,,,,,,,,,,,,,0,0,000000000,00000000000,0,0,0,1,0,0,0,0,0,0,0,998,0,0,0,10,6,6,2,24,0,0,0,1,24,21157,6,1,0,0,3,0,74,195,0,0,0,0,0,0,0,0,0,1,99,99,99,99,1,2,40,3,2,2,1,0,0,14,6,99,2,4,2,1,1
24,240106,1,1,1,14,4,14,30,8,0,1,0,11,1,20,2,20002,2,1979,1N69G9J30455,1,N,6,9,G,9,J,3,0,4,5,5,0,P,CHEV,CCL,4D,79,13,3538,,0,1160,,G,,2,8,305,,,15FR78,,,,,,0,0,000000000,00000000000,0,0,0,1,0,0,0,0,0,0,0,998,0,0,0,12,12,4,3,8,0,0,0,1,11,20016,6,1,0,0,3,0,73,265,0,0,0,0,1,12,2010,12,2010,0,0,0,0,0,1,2,35,1,2,2,1,0,0,1,80,1,1,1,13,0,0
24,240107,1,3,1,21,4,12,0,12,6,1,0,24,1,12,481,12481,31,1990,1FTDF15N6LNA,1,F,T,D,F,1,5,N,6,L,N,A,0,T,FORD,F15,PK,90,17,,1,1330,1170,COF,G,,,8,302,,,,B,3535,01,A,42,0,0,000000000,00000000000,0,0,0,1,0,0,0,0,0,0,0,998,0,0,0,3,3,6,2,12,0,0,0,1,24,21784,6,1,0,0,3,3,74,185,0,0,0,0,0,0,0,0,0,0,38,0,0,0,3,2,25,1,2,2,1,0,0,11,98,1,1,1,76,1,0