STATE,ST_CASE,VEH_NO,VE_FORMS,NUMOCCS,DAY,MONTH,HOUR,MINUTE,HARM_EV,MAN_COLL,UNITTYPE,HIT_RUN,REG_STAT,OWNER,MAKE,MODEL,MAK_MOD,BODY_TYP,MOD_YEAR,VIN,VIN_1,VIN_2,VIN_3,VIN_4,VIN_5,VIN_6,VIN_7,VIN_8,VIN_9,VIN_10,VIN_11,VIN_12,TOW_VEH,VINTYPE,VINMAKE,VINA_MOD,VIN_BT,VINMODYR,VIN_LNGT,VIN_WGT,WGTCD_TR,WHLBS_LG,WHLBS_SH,SER_TR,FUELCODE,MCYCL_DS,CARBUR,CYLINDER,DISPLACE,MCYCL_CY,MCYCL_WT,TIRE_SZE,TON_RAT,TRK_WT,TRKWTVAR,VIN_REST,WHLDRWHL,J_KNIFE,MCARR_I1,MCARR_I2,MCARR_ID,GVWR,V_CONFIG,CARGO_BT,HAZ_INV,HAZ_PLAC,HAZ_ID,HAZ_CNO,HAZ_REL,BUS_USE,SPEC_USE,EMER_USE,TRAV_SP,UNDERIDE,ROLLOVER,ROLINLOC,IMPACT1,IMPACT2,DEFORMED,TOWED,M_HARM,VEH_SC1,VEH_SC2,FIRE_EXP,DR_PRES,L_STATE,DR_ZIP,L_STATUS,L_TYPE,CDL_STAT,L_ENDORS,L_COMPL,L_RESTRI,DR_HGT,DR_WGT,PREV_ACC,PREV_SUS,PREV_DWI,PREV_SPD,PREV_OTH,FIRST_MO,FIRST_YR,LAST_MO,LAST_YR,SPEEDREL,DR_SF1,DR_SF2,DR_SF3,DR_SF4,VTRAFWAY,VNUM_LAN,VSPD_LIM,VALIGN,VPROFILE,VPAVETYP,VSURCOND,VTRAFCON,VTCONT_F,P_CRASH1,P_CRASH2,P_CRASH3,PCRASH4,PCRASH5,ACC_TYPE,DEATHS,DR_DRINK
24,240177,1,2,1,1,5,2,28,12,2,1,0,24,1,34,37,34037,4,1998,WBAGF8325WDL,W,B,A,G,F,8,3,2,5,W,D,L,0,P,BMW,74A,4D,98,17,4255,,0,1154,,G,,F,8,268,,,16R235,,,,,,0,0,000000000,00000000000,0,0,0,1,0,0,0,0,0,0,0,998,0,0,0,12,12,6,2,12,0,0,0,1,24,20706,6,1,0,0,3,0,67,175,0,0,0,0,0,0,0,0,0,0,29,0,0,0,1,2,30,2,1,2,1,0,0,14,10,1,1,2,50,0,1
24,240177,2,2,4,1,5,2,28,12,2,1,0,24,2,35,39,35039,4,1999,JN1CA21DXXT2,J,N,1,C,A,2,1,D,X,X,T,2,0,P,NISS,MGS,4D,99,17,2896,,0,1063,,G,,F,6,182,,,15R205,,,,,,0,0,000000000,00000000000,0,0,0,1,0,0,0,0,0,0,0,998,0,0,0,12,12,6,2,12,0,0,0,1,24,20784,0,0,0,0,0,0,999,999,0,0,0,0,0,0,0,0,0,0,0,0,0,0,2,2,30,2,1,2,1,0,0,14,62,1,1,1,51,1,1
24,240178,1,2,2,6,5,1,4,12,6,1,0,24,2,32,43,32043,4,2003,WAULC68E03A3,W,A,U,L,C,6,8,E,0,3,A,3,0,P,AUDI,41Q,4D,3,17,3311,,0,1043,,G,,T,4,109,,,15R205,,,,,,0,0,000000000,00000000000,0,0,0,1,0,0,0,0,0,0,0,998,0,0,0,9,9,6,2,12,0,0,0,1,24,20871,3,7,0,0,2,2,63,196,0,0,0,0,0,0,0,0,0,0,38,74,0,0,3,2,40,1,1,2,1,0,0,1,17,99,1,1,89,1,0
24,240178,2,2,1,6,5,1,4,12,6,1,0,51,3,86,881,86881,63,2007,1M2AG11C97M0,1,M,2,A,G,1,1,C,9,7,M,0,0,T,MACK,CV7,CC,7,17,,8,0,0,700,D,,,6,728,,,,,00000,00,,64,0,57,475046,57475046,3,1,7,1,0,0,0,0,0,0,0,998,0,0,0,12,12,6,2,12,0,0,0,1,24,20866,6,1,6,0,3,0,75,225,0,0,0,0,0,0,0,0,0,0,0,0,0,0,3,2,40,1,1,2,1,0,0,1,66,99,1,1,88,0,0
24,240179,1,2,4,11,5,22,39,12,6,1,0,24,1,2,404,2404,14,2004,1J4GW58N94C1,1,J,4,G,W,5,8,N,9,4,C,1,0,T,JEEP,LMT,4W,4,17,,1,0,1059,GCK,G,,,8,287,,,,,3975,00,E,44,0,0,000000000,00000000000,0,0,0,1,0,0,0,0,0,0,0,998,0,0,0,12,12,6,2,12,0,0,0,1,24,21001,6,1,0,0,3,0,65,212,0,0,0,2,0,5,2009,3,2010,0,39,0,0,0,1,2,30,1,1,2,1,3,3,1,66,99,1,1,88,0,0
24,240179,2,2,2,11,5,22,39,12,6,1,0,24,1,35,39,35039,4,2000,JN1CA31D3YT7,J,N,1,C,A,3,1,D,3,Y,T,7,0,P,NISS,MGS,4D,0,17,3071,,0,1083,,G,,F,6,182,,,15R205,,,,,,0,0,000000000,00000000000,0,0,0,1,0,0,0,0,0,0,0,998,0,0,0,9,9,6,2,12,0,0,0,1,24,21117,6,1,0,0,3,0,70,260,0,0,0,0,0,0,0,0,0,0,0,0,0,0,1,2,30,1,1,2,1,3,3,1,17,1,1,1,89,1,0
24,240180,1,1,1,20,4,18,1,8,0,1,0,24,2,59,31,59031,4,2006,JTHBA30G1651,J,T,H,B,A,3,0,G,1,6,5,1,0,P,LEXS,E33,4D,6,17,3472,,0,1071,,G,,F,6,201,,,17R215,,,,,,0,0,000000000,00000000000,0,0,0,1,0,0,0,0,0,0,0,998,0,0,0,12,12,6,2,8,0,0,0,1,11,20010,6,1,0,0,3,0,74,200,0,0,0,0,0,0,0,0,0,0,0,0,0,0,1,2,30,1,1,2,1,0,0,1,80,99,1,1,13,0,0
24,240181,1,3,1,5,7,23,7,12,6,1,0,24,1,37,32,37032,2,2002,1HGCG32052A0,1,H,G,C,G,3,2,0,5,2,A,0,0,P,HOND,USE,CP,2,17,3036,,0,1051,,G,,F,4,138,,,15R195,,,,,,0,0,000000000,00000000000,0,0,0,1,0,0,0,0,0,0,0,998,0,0,0,12,12,6,2,12,0,0,0,1,24,21236,6,1,0,0,3,0,68,160,0,0,0,0,0,0,0,0,0,0,39,0,0,0,3,3,50,1,1,2,1,3,3,1,62,1,1,1,69,0,1
24,240181,2,3,2,5,7,23,7,12,6,1,0,24,2,32,44,32044,4,2004,WAUML44E24N0,W,A,U,M,L,4,4,E,2,4,N,0,0,P,AUDI,A8L,4D,4,17,4266,,0,1211,,G,,F,8,255,,,17R235,,,,,,0,0,000000000,00000000000,0,0,0,1,0,0,0,0,0,0,0,998,0,0,0,4,4,6,2,12,0,0,0,1,24,21012,6,1,0,0,3,0,74,210,0,0,0,0,0,0,0,0,0,0,0,0,0,0,3,3,50,1,1,2,1,3,3,11,15,1,1,1,68,1,0
24,240181,3,3,2,5,7,23,7,12,6,1,0,24,2,12,35,12035,4,1998,1FAFP66L0WK2,1,F,A,F,P,6,6,L,0,W,K,2,0,P,FORD,LSS,4D,98,17,2864,,0,1065,,G,,F,6,155,,,15R205,,,,,,0,0,000000000,00000000000,0,0,0,1,0,0,0,0,0,0,0,998,0,0,0,1,1,6,2,12,0,0,0,1,24,21012,6,7,0,0,3,3,67,115,0,0,0,0,0,0,0,0,0,0,0,0,0,0,3,3,50,1,1,2,1,3,3,11,15,1,1,1,98,0,0
24,240182,1,1,1,17,7,21,18,30,0,1,0,24,2,49,40,49040,4,1991,4T1SV21E9MU4,4,T,1,S,V,2,1,E,9,M,U,4,0,P,TOYT,CMD,4D,91,17,2734,,0,1024,,G,,F,4,122,,,14R185,,,,,,0,0,000000000,00000000000,0,0,0,1,0,0,0,0,0,0,0,998,0,0,0,12,12,6,2,30,0,0,1,1,24,20871,6,1,0,0,3,0,66,135,0,0,0,0,0,0,0,0,0,0,0,0,0,0,1,2,40,3,1,2,1,0,0,14,9,99,9,4,7,1,1
24,240183,1,1,1,7,7,17,52,14,0,1,0,24,1,49,40,49040,4,2002,4T1BE32K42U5,4,T,1,B,E,3,2,K,4,2,U,5,0,P,TOYT,LXS,4D,2,17,3086,,0,1071,,G,,F,4,144,,,15R205,,,,,,0,0,000000000,00000000000,0,0,0,1,0,0,0,0,0,0,0,998,0,0,0,12,12,6,2,14,0,0,1,1,24,20877,3,1,0,0,2,2,72,165,0,0,0,0,0,0,0,0,0,9,74,0,0,0,3,4,55,4,2,2,1,0,0,14,9,99,9,4,11,0,0
24,240184,1,1,1,12,7,20,43,8,0,1,0,24,1,20,16,20016,2,1999,1G1JC1240X72,1,G,1,J,C,1,2,4,0,X,7,2,0,P,CHEV,C/S,CP,99,17,2617,,0,1041,,G,,F,4,133,,,14R195,,,,,,0,0,000000000,00000000000,0,0,0,1,0,0,0,0,0,0,0,998,0,0,0,12,12,6,2,8,0,0,0,1,24,21012,6,1,0,0,3,0,70,180,0,0,0,1,0,9,2009,9,2009,0,0,0,0,0,2,2,50,1,1,2,1,0,0,1,80,99,1,1,13,0,0
24,240185,1,1,3,13,7,11,59,1,0,1,0,24,2,12,401,12401,14,1993,1FMDU34X2PUC,1,F,M,D,U,3,4,X,2,P,U,C,0,P,FORD,EPR,UT,93,17,3997,,0,1120,,G,,F,6,245,,,15R225,,,,,,0,0,000000000,00000000000,0,0,0,1,0,0,0,0,0,0,0,998,0,2,1,0,0,6,2,1,0,0,0,1,24,21904,6,1,0,0,3,2,70,180,0,0,0,0,0,0,0,0,0,0,74,0,0,0,2,2,45,1,1,2,1,0,0,1,9,99,4,2,98,1,0
24,240186,1,1,1,17,7,7,56,42,0,1,0,24,1,12,461,12461,21,1999,1FTNE2426XHB,1,F,T,N,E,2,4,2,6,X,H,B,0,T,FORD,25V,CG,99,17,,2,0,1380,VAN,G,,,6,256,,,,C,00000,00,M,42,0,0,000000000,00000000000,0,0,0,1,0,0,0,0,0,0,0,998,0,1,6,11,1,6,2,42,0,0,0,1,24,21562,6,1,0,0,3,0,73,245,0,0,0,0,0,0,0,0,0,1,0,0,0,0,2,3,65,1,1,2,1,0,0,1,9,99,9,4,7,1,1
24,240187,1,2,1,19,7,0,33,12,2,1,0,51,1,20,22,20022,2,2006,1G1AK15F6678,1,G,1,A,K,1,5,F,6,6,7,8,0,P,CHEV,BLS,CP,6,17,2991,,0,1033,,G,,F,4,134,,,15R195,,,,,,0,0,000000000,00000000000,0,0,0,1,0,0,0,0,0,0,0,998,0,0,0,12,12,6,2,12,0,0,0,1,24,21157,6,1,0,0,3,0,63,120,0,1,0,2,2,1,2010,4,2011,1,37,51,0,0,3,2,65,2,2,2,1,0,0,14,54,1,1,1,52,1,0
24,240187,2,2,1,19,7,0,33,12,2,1,0,24,1,13,1,13001,4,2004,1LNHM81W44Y6,1,L,N,H,M,8,1,W,4,4,Y,6,0,P,LINC,EXS,4D,4,17,4359,,0,1177,,G,,F,8,281,,,000000,,,,,,0,0,000000000,00000000000,0,0,0,1,0,0,0,0,0,0,0,998,0,0,0,12,12,6,2,12,0,0,0,1,24,20876,6,1,0,0,3,0,62,180,0,0,0,1,0,8,2010,8,2010,0,0,0,0,0,3,2,65,2,2,2,1,0,0,14,54,1,9,9,52,0,0
24,240188,1,2,1,5,7,9,12,12,2,1,0,24,1,20,24,20024,6,2010,1GNLVGED1AJ2,1,G,N,L,V,G,E,D,1,A,J,2,0,P,CHEV,TRV,UT,10,17,5066,,0,1189,,G,,F,6,220,,,18R255,,,,,,0,0,000000000,00000000000,0,0,0,1,0,0,0,0,0,0,0,998,0,0,0,12,12,6,2,12,0,0,0,1,24,21074,6,1,0,0,3,0,64,130,0,0,0,0,0,0,0,0,0,0,38,0,0,0,1,2,40,1,1,2,1,0,0,11,15,1,1,1,68,0,0
24,240188,2,2,1,5,7,9,12,12,2,1,0,24,1,35,39,35039,4,2003,JN1DA31A63T4,J,N,1,D,A,3,1,A,6,3,T,4,0,P,NISS,MGL,4D,3,17,3124,,0,1083,,G,,F,6,214,,,17R215,,,,,,0,0,000000000,00000000000,0,0,0,1,0,0,0,0,0,0,0,998,0,0,0,12,12,6,2,12,0,0,0,1,24,21236,6,1,0,0,3,0,67,175,0,0,0,0,0,0,0,0,0,0,0,0,0,0,1,2,40,1,1,2,1,0,0,1,66,7,1,1,69,1,0
24,240189,1,1,1,22,4,13,34,8,0,1,0,24,1,49,40,49040,4,2009,4T1BE46K09U3,4,T,1,B,E,4,6,K,0,9,U,3,0,P,TOYT,CBA,4D,9,17,3263,,0,1090,,G,,F,4,144,,,16R215,,,,,,0,0,000000000,00000000000,0,0,0,1,0,0,0,0,0,0,0,998,0,0,0,12,12,6,2,8,0,0,0,1,24,21206,6,1,0,0,3,0,64,150,0,0,0,0,0,0,0,0,0,0,0,0,0,0,4,3,25,1,1,2,2,0,0,1,80,1,1,1,13,0,0
24,240190,1,1,1,23,7,22,50,59,0,1,0,24,9,35,39,35039,4,2004,1N4BA41EX4C8,1,N,4,B,A,4,1,E,X,4,C,8,0,P,NISS,MEL,4D,4,17,3310,,0,1112,,G,,F,6,214,,,17R225,,,,,,0,0,000000000,00000000000,0,0,0,1,0,0,0,0,0,0,0,998,0,0,0,12,12,6,2,2,0,0,1,1,99,99999,9,9,99,0,9,9,999,999,99,99,99,99,99,99,9999,99,9999,1,0,0,0,0,2,2,55,1,3,2,1,0,0,1,9,99,9,4,2,1,1
24,240191,1,1,1,23,7,0,56,42,0,1,0,24,1,47,31,47031,1,1995,YS3DD78B4S70,Y,S,3,D,D,7,8,B,4,S,7,0,0,P,SAA,90S,CV,95,17,3120,,0,1024,,G,,F,4,140,,,15R195,,,,,,0,0,000000000,00000000000,0,0,0,1,0,0,0,0,0,0,0,56,0,0,0,12,12,6,2,42,0,0,0,1,24,21014,6,1,0,0,3,0,71,205,0,1,0,0,1,9,2009,1,2011,1,0,0,0,0,1,2,25,2,1,2,1,0,0,14,6,99,9,4,7,1,1
24,240192,1,2,2,8,7,13,57,12,6,1,0,24,1,20,37,20037,4,2000,1G1ND52J4Y61,1,G,1,N,D,5,2,J,4,Y,6,1,0,P,CHEV,MAL,4D,0,17,3051,,0,1070,,G,,F,6,191,,,15R215,,,,,,0,0,000000000,00000000000,0,0,0,1,0,0,0,0,0,0,0,998,0,0,0,3,3,6,2,12,0,0,0,1,24,21009,6,1,0,0,3,3,71,206,0,0,0,0,0,0,0,0,0,0,38,0,0,0,3,2,55,1,2,2,1,0,0,11,15,1,1,1,68,2,0
24,240192,2,2,1,8,7,13,57,12,6,1,0,24,1,41,50,41050,4,2005,1YVHP80D155M,1,Y,V,H,P,8,0,D,1,5,5,M,0,P,MAZD,M6S,4D,5,17,3287,,0,1053,,G,,F,6,181,,,17R215,,,,,,0,0,000000000,00000000000,0,0,0,1,0,0,0,0,0,0,0,998,0,0,0,12,12,6,2,12,0,0,0,1,24,21040,6,1,0,0,3,0,67,145,0,0,0,0,0,0,0,0,0,0,0,0,0,0,3,2,55,1,2,2,1,0,0,1,62,1,1,1,69,0,0
24,240193,1,2,1,31,3,0,13,12,2,1,0,52,1,12,481,12481,31,1994,1FTEF15N2RNB,1,F,T,E,F,1,5,N,2,R,N,B,0,T,FORD,F15,PK,94,17,,2,1330,1170,COF,G,,,8,302,,,,B,3886,01,M,42,0,0,000000000,00000000000,0,0,0,1,0,0,0,0,0,0,0,998,0,0,0,12,12,6,2,12,0,0,0,1,51,22443,6,1,0,0,3,0,68,220,0,0,0,0,0,0,0,0,0,1,0,0,0,0,1,2,35,1,1,2,1,0,0,1,10,99,9,2,50,1,1
24,240193,2,2,1,31,3,0,13,12,2,1,0,24,1,12,401,12401,14,2006,1FMEU73E46UA,1,F,M,E,U,7,3,E,4,6,U,A,0,P,FORD,EPR,UT,6,17,4456,,0,1137,,G,,F,6,244,,,16R235,,,,,,0,0,000000000,00000000000,0,0,0,1,0,0,0,0,0,0,0,998,0,0,0,12,12,2,3,12,0,0,0,1,24,20746,6,1,0,0,3,0,72,230,0,0,0,0,0,0,0,0,0,0,0,0,0,0,1,2,35,1,1,2,1,0,0,1,62,99,9,9,51,0,0
24,240194,1,1,1,31,3,20,4,8,0,1,0,24,1,49,472,49472,30,2004,5TEGN92N24Z3,5,T,E,G,N,9,2,N,2,4,Z,3,0,T,TOYT,DCP,CW,4,17,,1,0,1219,TAC,G,,,6,206,,,,B,3475,00,U,42,0,0,000000000,00000000000,0,0,0,1,0,0,0,0,0,0,0,998,0,0,0,12,12,2,3,8,0,0,0,1,24,20782,6,1,0,0,3,0,62,180,0,0,0,0,0,0,0,0,0,0,0,0,0,0,1,2,35,1,1,2,2,0,0,1,80,1,1,1,13,0,0
24,240195,1,2,2,22,4,23,54,8,0,1,0,24,1,12,422,12422,15,1999,1FMRU1867XLC,1,F,M,R,U,1,8,6,7,X,L,C,0,P,FORD,EPT,UT,99,17,5177,,0,1191,,G,,F,8,281,,,17R265,,,,,,0,0,000000000,00000000000,0,0,0,1,0,0,0,0,0,0,0,998,0,0,0,12,12,6,2,8,0,0,0,1,24,20746,6,1,0,0,3,0,68,200,0,0,0,0,0,0,0,0,0,0,0,0,0,0,2,2,35,1,1,2,1,0,0,1,80,1,1,1,13,0,0
24,240195,2,2,99,22,4,23,54,8,0,1,1,99,9,99,999,99999,99,9999,999999999999,9,9,9,9,9,9,9,9,9,9,9,9,0,,,,,,,,,,,,,,,,,,,,,,,,,0,0,000000000,00000000000,0,0,0,1,0,0,0,0,0,0,0,999,0,0,0,99,99,4,1,8,0,0,0,1,99,99999,9,9,99,9,9,9,999,999,99,99,99,99,99,99,9999,99,9999,9,99,99,99,99,2,2,35,1,1,2,1,0,0,1,80,1,1,1,98,0,0
24,240196,1,2,2,6,6,3,15,12,1,1,0,24,1,23,431,23431,16,2002,1GKFK66U12J1,1,G,K,F,K,6,6,U,1,2,J,1,0,T,GMC,XL1,4W,2,17,,2,0,0,DEN,G,,,8,364,,,,B,5820,00,K,44,0,0,000000000,00000000000,0,0,0,1,0,0,0,0,0,0,0,998,0,0,0,12,12,6,2,39,0,0,0,1,24,20743,6,1,0,0,3,0,71,201,0,0,0,0,0,0,0,0,0,0,26,0,0,0,3,3,55,1,1,2,1,0,0,1,51,1,1,1,24,0,1
24,240196,2,2,4,6,6,3,15,12,1,1,0,51,1,41,51,41051,4,2006,JM1BK1239614,J,M,1,B,K,1,2,3,9,6,1,4,0,P,MAZD,M3S,4D,6,17,2762,,0,1039,,G,,F,4,140,,,16R205,,,,,,0,0,000000000,00000000000,0,0,0,1,0,0,0,0,0,0,0,998,0,0,0,6,9,6,2,42,0,0,0,1,51,20111,6,1,0,0,3,0,72,210,0,0,0,0,0,0,0,0,0,0,0,0,0,0,3,3,55,1,1,2,1,0,0,1,53,1,1,1,25,3,0
24,240197,1,1,1,23,6,18,20,8,0,1,1,99,9,99,999,99999,99,9999,999999999999,9,9,9,9,9,9,9,9,9,9,9,9,0,,,,,,,,,,,,,,,,,,,,,,,,,0,0,000000000,00000000000,0,0,0,1,0,0,0,0,0,0,0,998,0,0,0,99,99,4,1,8,0,0,0,1,99,99999,9,9,99,9,9,9,999,999,99,99,99,99,99,99,9999,99,9999,9,99,99,99,99,1,2,30,1,1,2,1,0,0,1,80,1,1,1,13,0,0
24,240198,1,1,1,18,5,10,0,8,0,1,0,24,3,12,481,12481,31,2006,1FTNF21526EC,1,F,T,N,F,2,1,5,2,6,E,C,0,T,FORD,F2S,PK,6,17,,2,0,1370,SRW,G,,,8,329,,,,C,5970,00,U,44,0,0,000000000,00000000000,0,0,0,1,0,0,0,0,0,0,0,998,0,0,0,12,12,6,2,8,0,0,0,1,24,21050,6,1,0,0,3,0,72,200,0,0,0,0,0,0,0,0,0,0,0,0,0,0,1,2,25,1,1,2,1,0,0,1,81,1,1,1,13,0,0
24,240199,1,1,1,7,7,5,24,8,0,1,0,24,1,49,40,49040,4,2004,4T1BA32K64U0,4,T,1,B,A,3,2,K,6,4,U,0,0,P,TOYT,CSE,4D,4,17,3086,,0,1071,,G,,F,6,201,,,16R215,,,,,,0,0,000000000,00000000000,0,0,0,1,0,0,0,0,0,0,0,998,0,0,0,12,12,6,2,8,0,0,0,1,24,20772,6,1,6,0,3,0,67,280,0,0,0,0,1,11,2010,11,2010,0,0,0,0,0,2,2,35,1,1,2,1,2,3,1,80,1,1,1,13,0,0
24,240200,1,2,1,8,7,17,0,12,6,1,0,24,1,24,5,24005,4,2002,1G8JU54F92Y5,1,G,8,J,U,5,4,F,9,2,Y,5,0,P,STRN,L20,4D,2,17,3033,,0,1065,,G,,F,4,134,,,15R195,,,,,,0,0,000000000,00000000000,0,0,0,1,0,0,0,0,0,0,0,998,0,0,0,3,3,6,2,12,0,0,0,1,24,20623,6,1,0,0,3,0,68,155,0,0,0,0,0,0,0,0,0,1,0,0,0,0,2,2,55,1,1,2,1,0,0,1,9,1,9,2,64,1,1
24,240200,2,2,1,8,7,17,0,12,6,1,0,24,3,20,481,20481,31,2011,1GCRKTE31BZ1,1,G,C,R,K,T,E,3,1,B,Z,1,0,T,CHEV,3SK,4C,11,17,,2,1575,1435,SIL,F,,,8,323,,,,B,5286,02,,44,0,0,000000000,00000000000,0,0,0,1,0,0,0,0,0,0,0,998,0,0,0,12,12,6,2,12,0,0,0,1,24,20693,6,1,0,0,3,0,74,230,0,0,0,0,0,0,0,0,0,0,0,0,0,0,2,2,55,1,1,2,1,0,0,1,62,1,9,9,65,0,0
24,240201,1,1,1,10,7,19,21,33,0,1,0,24,1,53,706,53706,80,2005,JS1GT76A7521,J,S,1,G,T,7,6,A,7,5,2,1,0,M,SUZI,XR1,RC,5,17,,,,,,,999,,4,,4,365,,,,,,,0,0,000000000,00000000000,0,0,0,1,0,0,0,0,0,0,0,998,0,0,0,12,12,6,2,31,0,0,0,1,51,22204,6,1,6,0,3,0,71,180,0,1,0,1,0,6,2009,2,2010,1,0,0,0,0,1,4,40,1,2,2,1,0,0,1,9,99,9,4,7,1,0
24,240202,1,2,1,25,7,5,25,12,6,1,0,24,1,12,481,12481,31,2007,1FTPW14VX7KD,1,F,T,P,W,1,4,V,X,7,K,D,0,T,FORD,F1S,CW,7,17,,2,0,1390,COF,F,,,8,329,,,,B,5476,01,E,44,0,0,000000000,00000000000,0,0,0,1,0,0,0,0,0,0,0,998,0,0,0,1,1,6,2,12,0,0,0,1,24,21770,6,1,0,0,3,0,68,170,0,0,0,0,0,0,0,0,0,0,38,0,0,0,2,2,50,1,1,2,1,0,0,11,15,1,1,1,68,0,0
24,240202,2,2,1,25,7,5,25,12,6,1,0,24,2,37,703,37703,80,1991,JH2MD2206MK0,J,H,2,M,D,2,2,0,6,M,K,0,0,M,HOND,X50,T,91,17,,,,,,,250,,1,,4,259,,,,,,,0,0,000000000,00000000000,0,0,0,1,0,0,0,0,0,0,0,998,0,0,0,12,12,6,2,12,0,0,0,1,24,21713,6,1,0,0,3,0,70,165,0,0,0,0,0,0,0,0,0,0,0,0,0,0,2,2,50,1,1,2,1,0,0,1,62,99,9,9,69,1,0
24,240203,1,1,1,1,8,14,29,1,0,1,0,24,1,23,471,23471,30,2003,1GKDT13S6321,1,G,K,D,T,1,3,S,6,3,2,1,0,T,GMC,ENV,4W,3,17,,1,0,1130,ENV,G,,,6,256,,,,B,4600,00,E,44,0,0,000000000,00000000000,0,0,0,1,0,0,0,0,0,0,0,998,0,2,3,0,0,6,2,1,0,0,0,1,24,21061,6,1,0,0,3,0,67,185,0,1,0,0,0,9,2009,9,2009,1,28,0,0,0,2,2,55,4,2,2,1,0,0,14,9,6,3,4,7,1,1
24,240204,1,1,1,7,8,2,50,1,0,1,0,24,1,18,2,18002,4,1999,1G4HP52K6XH4,1,G,4,H,P,5,2,K,6,X,H,4,0,P,BUIC,LCF,4D,99,17,3443,,0,1108,,G,,F,6,231,,,15R205,,,,,,0,0,000000000,00000000000,0,0,0,1,0,0,0,0,0,0,0,998,0,2,6,0,0,6,2,1,0,0,0,1,24,21045,6,1,0,0,3,3,68,151,0,1,0,0,2,2,2010,12,2010,1,28,0,0,0,1,2,40,4,1,2,2,0,0,14,5,99,9,4,7,1,1
24,240205,1,1,1,16,8,19,44,30,0,1,0,24,1,37,31,37031,4,1992,1HGEG8551NL0,1,H,G,E,G,8,5,5,1,N,L,0,0,P,HOND,CLX,4D,92,17,2319,,0,1031,,G,,F,4,091,,,13R175,,,,,,0,0,000000000,00000000000,0,0,0,1,0,0,0,0,0,0,0,998,0,0,0,12,12,6,2,30,0,0,0,1,24,21651,6,1,0,0,3,0,62,170,0,0,0,0,0,0,0,0,0,0,28,0,0,0,1,2,50,1,1,2,1,0,0,1,13,1,1,4,1,1,0
24,240206,1,1,1,13,7,2,59,8,0,1,1,24,1,12,481,12481,31,2005,1FTPW14555FA,1,F,T,P,W,1,4,5,5,5,F,A,0,T,FORD,F1S,CW,5,17,,2,1450,1260,COF,G,,,8,330,,,,B,5577,00,U,44,0,0,000000000,00000000000,0,0,0,1,0,0,0,0,0,0,0,998,0,0,0,12,12,6,2,8,0,0,0,1,24,20794,6,1,0,0,3,0,67,110,0,0,0,1,0,2,2010,2,2010,1,28,0,0,0,1,2,25,2,2,1,1,0,0,14,9,1,9,2,13,0,1
24,240207,1,1,1,2,8,9,39,35,0,1,0,42,1,20,461,20461,21,2009,1GCGG25K1911,1,G,C,G,G,2,5,K,1,9,1,1,0,T,CHEV,E25,CG,9,17,,2,0,1350,EXP,G,,,8,366,,,,C,5338,00,,42,0,0,000000000,00000000000,0,0,0,1,0,0,0,0,0,0,0,998,0,1,5,12,1,6,2,1,0,0,0,1,42,15101,6,1,0,0,3,0,67,999,0,0,0,0,0,0,0,0,0,1,28,0,0,0,3,2,65,1,2,2,1,0,0,1,9,99,9,4,2,1,0
24,240208,1,1,1,12,8,13,59,30,0,1,0,24,1,76,706,76706,80,2006,JYARN15E56A0,J,Y,A,R,N,1,5,E,5,6,A,0,0,M,YAMA,YFR,RC,6,17,,,,,,,998,,4,,4,381,,,,,,,0,0,000000000,00000000000,0,0,0,1,0,0,0,0,0,0,0,998,0,0,0,4,4,6,2,30,0,0,0,1,24,20720,1,1,0,0,2,2,71,200,0,1,0,1,0,6,2009,7,2011,0,74,0,0,0,1,2,50,4,3,1,1,0,0,1,9,9,9,4,2,1,0
24,240209,1,2,1,5,8,7,11,12,2,1,0,24,1,18,3,18003,4,1993,1G4CW53L9P16,1,G,4,C,W,5,3,L,9,P,1,6,0,P,BUIC,PKA,4D,93,17,3441,,0,1108,,G,,F,6,231,,,15R205,,,,,,0,0,000000000,00000000000,0,0,0,1,0,0,0,0,0,0,0,998,0,0,0,12,12,6,2,12,0,0,0,1,24,21053,6,1,0,0,3,0,70,152,0,0,0,0,0,0,0,0,0,0,28,0,0,0,1,2,40,2,2,2,1,0,0,14,10,1,1,2,50,1,0
24,240209,2,2,1,5,8,7,11,12,2,1,0,24,3,12,881,12881,61,2002,1FDXF47F42ED,1,F,D,X,F,4,7,F,4,2,E,D,0,T,FORD,F4D,CB,2,17,,4,2010,1410,DRW,D,,,8,444,,,,,00000,00,E,44,0,88,888888888,88888888888,2,1,96,1,0,0,0,0,0,0,0,998,0,0,0,12,12,6,2,12,0,0,0,1,24,21120,6,1,6,0,3,0,74,200,0,0,0,0,0,0,0,0,0,0,0,0,0,0,1,2,40,2,2,2,1,0,0,14,62,6,1,1,51,0,0
24,240210,1,2,1,14,8,10,29,12,6,1,0,24,1,6,52,6052,6,2005,3C4FY58B85T6,3,C,4,F,Y,5,8,B,8,5,T,6,0,P,CHRY,PTC,SV,5,17,3033,,0,1030,,G,,F,4,148,,,15R195,,,,,,0,0,000000000,00000000000,0,0,0,1,0,0,0,0,0,0,0,998,0,0,0,9,9,6,2,12,0,0,0,1,24,21009,6,1,0,0,3,0,62,104,0,0,0,0,0,0,0,0,0,0,39,0,0,0,1,2,30,1,1,2,2,3,3,1,17,1,1,1,89,1,0