STATE,ST_CASE,VEH_NO,VE_FORMS,NUMOCCS,DAY,MONTH,HOUR,MINUTE,HARM_EV,MAN_COLL,UNITTYPE,HIT_RUN,REG_STAT,OWNER,MAKE,MODEL,MAK_MOD,BODY_TYP,MOD_YEAR,VIN,VIN_1,VIN_2,VIN_3,VIN_4,VIN_5,VIN_6,VIN_7,VIN_8,VIN_9,VIN_10,VIN_11,VIN_12,TOW_VEH,VINTYPE,VINMAKE,VINA_MOD,VIN_BT,VINMODYR,VIN_LNGT,VIN_WGT,WGTCD_TR,WHLBS_LG,WHLBS_SH,SER_TR,FUELCODE,MCYCL_DS,CARBUR,CYLINDER,DISPLACE,MCYCL_CY,MCYCL_WT,TIRE_SZE,TON_RAT,TRK_WT,TRKWTVAR,VIN_REST,WHLDRWHL,J_KNIFE,MCARR_I1,MCARR_I2,MCARR_ID,GVWR,V_CONFIG,CARGO_BT,HAZ_INV,HAZ_PLAC,HAZ_ID,HAZ_CNO,HAZ_REL,BUS_USE,SPEC_USE,EMER_USE,TRAV_SP,UNDERIDE,ROLLOVER,ROLINLOC,IMPACT1,IMPACT2,DEFORMED,TOWED,M_HARM,VEH_SC1,VEH_SC2,FIRE_EXP,DR_PRES,L_STATE,DR_ZIP,L_STATUS,L_TYPE,CDL_STAT,L_ENDORS,L_COMPL,L_RESTRI,DR_HGT,DR_WGT,PREV_ACC,PREV_SUS,PREV_DWI,PREV_SPD,PREV_OTH,FIRST_MO,FIRST_YR,LAST_MO,LAST_YR,SPEEDREL,DR_SF1,DR_SF2,DR_SF3,DR_SF4,VTRAFWAY,VNUM_LAN,VSPD_LIM,VALIGN,VPROFILE,VPAVETYP,VSURCOND,VTRAFCON,VTCONT_F,P_CRASH1,P_CRASH2,P_CRASH3,PCRASH4,PCRASH5,ACC_TYPE,DEATHS,DR_DRINK
24,240210,2,2,6,14,8,10,29,12,6,1,0,24,1,63,402,63402,14,2005,KNDJD7335554,K,N,D,J,D,7,3,3,5,5,5,4,0,P,KIA,SOR,UT,5,17,4112,,0,1067,,G,,F,6,213,,,16R245,,,,,,0,0,000000000,00000000000,0,0,0,1,0,0,0,0,0,0,0,998,0,0,0,12,12,6,2,12,0,0,0,1,24,21904,6,1,0,0,3,0,74,220,0,0,0,0,0,0,0,0,0,0,0,0,0,0,1,2,30,1,1,2,2,3,3,1,60,1,1,1,88,0,0
24,240211,1,2,1,11,6,19,27,12,98,1,0,24,1,41,402,41402,14,2005,4F2YZ94155KM,4,F,2,Y,Z,9,4,1,5,5,K,M,0,P,MAZD,TRI,UT,5,17,3482,,0,1031,,G,,F,6,181,,,16R235,,,,,,0,0,000000000,00000000000,0,0,0,1,0,0,0,0,0,0,0,998,0,0,0,12,12,6,2,12,0,0,0,1,24,21234,6,1,0,0,3,0,68,120,0,0,0,0,0,0,0,0,0,0,38,0,0,0,1,2,35,1,2,1,1,3,3,11,15,1,1,1,68,0,0
24,240211,2,2,1,11,6,19,27,12,98,1,0,24,1,72,706,72706,80,2004,1HD4CAM164K4,1,H,D,4,C,A,M,1,6,4,K,4,0,M,HD,X88,RS,4,17,,,,,,,883,,2,,4,555,,,,,,,0,0,000000000,00000000000,0,0,0,1,0,0,0,0,0,0,0,998,0,0,0,98,98,6,2,12,0,0,0,1,24,21085,6,1,0,0,3,0,72,245,0,0,0,0,0,0,0,0,0,0,0,0,0,0,1,2,35,1,2,1,1,3,3,1,62,2,2,1,69,1,0
24,240212,1,1,1,9,6,14,5,53,0,1,0,24,2,58,38,58038,4,2007,JNKAY01F07M4,J,N,K,A,Y,0,1,F,0,7,M,4,0,P,INFI,M3A,4D,7,17,3926,,0,1142,,G,,F,6,214,,,18R245,,,,,,0,0,000000000,00000000000,0,0,0,1,0,0,0,0,0,0,0,998,0,0,0,12,12,6,2,42,0,0,0,1,24,21043,6,1,0,0,3,0,65,165,0,0,0,0,0,0,0,0,0,0,0,0,0,0,1,2,25,4,1,2,1,0,0,14,9,99,9,4,7,1,0
24,240213,1,2,1,17,6,5,46,12,6,1,0,39,3,55,33,55033,4,2011,5NPEB4ACXBH2,5,N,P,E,B,4,A,C,X,B,H,2,0,P,HYUN,SGL,4D,11,17,3161,,0,1100,,G,,F,4,144,,,16R205,,,,,,0,0,000000000,00000000000,0,0,0,1,0,0,0,0,0,0,0,998,0,0,0,9,9,6,2,12,0,0,0,1,45,29483,6,1,0,0,3,0,65,115,0,0,0,0,0,0,0,0,0,0,48,0,0,0,3,2,45,1,1,2,1,0,0,11,98,1,1,1,72,1,0
24,240213,2,2,1,17,6,5,46,12,6,1,0,24,1,12,481,12481,31,1999,1FTRX18L9XKA,1,F,T,R,X,1,8,L,9,X,K,A,0,T,FORD,F15,4C,99,17,,2,1574,1388,COF,G,,,8,330,,,,B,00000,00,U,44,0,0,000000000,00000000000,0,0,0,1,0,0,0,0,0,0,0,998,0,0,0,12,12,6,2,12,0,0,0,1,24,20677,6,1,0,0,3,0,69,180,0,0,0,1,0,7,2009,7,2009,0,0,0,0,0,3,2,45,1,1,2,1,0,0,1,61,1,1,1,73,0,0
24,240214,1,2,1,19,6,2,26,12,6,1,0,24,1,52,39,52039,2,1996,JA3AM84J4TY0,J,A,3,A,M,8,4,J,4,T,Y,0,0,P,MITS,3GT,2H,96,17,3252,,0,972,,G,,F,6,181,,,16R255,,,,,,0,0,000000000,00000000000,0,0,0,1,0,0,0,0,0,0,0,998,0,0,0,9,9,6,2,12,0,0,0,1,24,20657,6,1,0,0,3,0,64,125,0,0,0,2,1,4,2009,4,2010,0,39,0,0,0,1,2,45,1,2,2,1,3,3,1,17,1,1,1,89,1,0
24,240214,2,2,4,19,6,2,26,12,6,1,0,24,2,37,32,37032,2,1999,1HGCG225XXA0,1,H,G,C,G,2,2,5,X,X,A,0,0,P,HOND,UEX,CP,99,17,3241,,0,1051,,G,,F,6,183,,,16R205,,,,,,0,0,000000000,00000000000,0,0,0,1,0,0,0,0,0,0,0,998,0,0,0,12,12,6,2,12,0,0,0,1,24,20653,6,1,0,0,3,0,72,270,0,5,0,2,1,2,2009,11,2010,0,0,0,0,0,1,2,45,1,2,2,1,3,3,1,66,99,1,1,88,0,1
24,240215,1,3,1,31,7,13,8,12,6,1,0,51,1,54,35,54035,4,2003,19UUA56673A0,1,9,U,U,A,5,6,6,7,3,A,0,0,P,ACUR,32T,4D,3,17,3492,,0,1081,,G,,F,6,197,,,16R205,,,,,,0,0,000000000,00000000000,0,0,0,1,0,0,0,0,0,0,0,998,0,2,1,3,3,6,2,12,0,0,0,1,51,22102,6,1,0,0,3,0,73,160,0,0,0,0,0,0,0,0,0,0,39,0,0,0,1,2,30,1,1,2,1,20,3,1,17,1,1,1,87,1,0
24,240215,2,3,1,31,7,13,8,12,6,1,0,54,1,37,32,37032,4,2004,1HGCM66554A0,1,H,G,C,M,6,6,5,5,4,A,0,0,P,HOND,UEX,4D,4,17,3384,,0,1079,,G,,F,6,183,,,000000,,,,,,0,0,000000000,00000000000,0,0,0,1,0,0,0,0,0,0,0,998,0,0,0,1,1,6,2,12,0,0,0,1,54,25035,6,1,6,0,3,0,70,195,0,0,0,0,0,0,0,0,0,0,0,0,0,0,1,2,40,1,1,2,1,0,0,1,66,99,1,1,86,0,0
24,240215,3,3,2,31,7,13,8,12,6,1,0,11,2,62,421,62421,15,2011,SALMF1E43BA3,S,A,L,M,F,1,E,4,3,B,A,3,0,T,LNDR,RHL,4W,11,17,,2,0,1134,RRV,G,,,8,302,,,,,5697,00,7,44,0,0,000000000,00000000000,0,0,0,1,0,0,0,0,0,0,0,0,0,0,0,12,12,2,1,12,0,0,0,1,24,20706,6,1,0,0,3,0,72,200,0,0,0,0,0,0,0,0,0,0,0,0,0,0,1,2,30,1,1,2,1,0,0,5,62,1,1,1,98,0,0
24,240216,1,1,2,13,6,23,1,42,0,1,0,24,2,18,7,18007,4,2002,2G4WS52J8211,2,G,4,W,S,5,2,J,8,2,1,1,0,P,BUIC,CCU,4D,2,17,3368,,0,1090,,G,,F,6,191,,,15R205,,,,,,0,0,000000000,00000000000,0,0,0,1,0,0,0,0,0,0,0,998,0,0,0,9,9,6,2,42,0,0,0,1,24,20774,0,0,0,0,0,0,999,999,0,0,0,0,0,0,0,0,0,0,0,0,0,0,2,2,40,1,1,2,1,0,0,1,9,99,9,4,2,1,0
24,240217,1,3,1,4,8,18,50,12,1,1,0,24,1,20,481,20481,31,2007,1GCHK23627F5,1,G,C,H,K,2,3,6,2,7,F,5,0,T,CHEV,2KH,CW,7,17,,2,1670,1530,SIL,D,,,8,403,,,,C,5883,02,,44,0,0,000000000,00000000000,0,0,0,1,0,0,0,0,0,0,0,998,0,0,0,12,12,6,2,12,0,0,0,1,24,20634,6,1,0,0,3,3,71,198,0,0,0,0,1,9,2010,9,2010,0,26,0,0,0,1,2,50,1,1,2,1,0,0,1,51,99,9,9,24,0,0
24,240217,2,3,1,4,8,18,50,12,1,1,0,24,1,49,442,49442,20,2011,5TDXK3DC8BS0,5,T,D,X,K,3,D,C,8,B,S,0,0,P,TOYT,SIE,SV,11,17,4460,,0,1193,,G,,F,6,214,,,19R235,,,,,,0,0,000000000,00000000000,0,0,0,1,0,0,0,0,0,0,0,998,0,0,0,6,6,6,2,12,0,0,0,1,24,20650,6,1,0,0,3,3,66,150,0,0,0,0,0,0,0,0,0,0,0,0,0,0,1,2,50,1,1,2,1,0,0,1,53,1,1,1,25,0,0
24,240217,3,3,2,4,8,18,50,12,1,1,0,24,2,20,2,20002,4,2008,2G1WB55K3891,2,G,1,W,B,5,5,K,3,8,9,1,0,P,CHEV,IPL,4D,8,17,3555,,0,1105,,F,,F,6,214,,,16R225,,,,,,0,0,000000000,00000000000,0,0,0,1,0,0,0,0,0,0,0,998,0,0,0,11,11,6,2,12,0,0,0,1,24,20653,6,1,0,0,3,0,62,165,0,0,0,0,0,0,0,0,0,0,0,0,0,0,1,2,50,1,1,2,1,0,0,1,62,99,9,9,98,2,0
24,240218,1,1,1,5,8,11,38,42,0,1,0,40,3,82,881,82881,66,2010,1FUJBBCK7ADA,1,F,U,J,B,B,C,K,7,A,D,A,1,T,FRHT,ST2,TR,10,17,,8,0,0,CON,D,,,6,855,,,,,00000,00,,64,3,57,109745,57109745,3,6,1,1,0,0,0,0,0,0,0,998,0,1,6,12,12,6,2,1,0,0,0,1,13,31016,6,1,6,0,3,3,70,275,98,0,0,0,0,0,0,0,0,0,99,99,99,99,3,4,55,1,1,2,1,0,0,1,9,99,9,4,2,1,0
24,240219,1,2,1,6,7,21,13,12,2,1,0,24,1,37,706,37706,80,2002,1HFSC18012A6,1,H,F,S,C,1,8,0,1,2,A,6,0,M,HOND,VT1,RS,2,17,,,,,,,1099,,2,,4,553,,,,,,,0,0,000000000,00000000000,0,0,0,1,0,0,0,0,0,0,0,998,0,0,0,12,12,6,2,12,0,0,0,1,24,21639,6,1,0,0,3,0,68,169,0,0,0,4,0,5,2009,1,2011,1,0,0,0,0,1,2,40,1,1,2,1,0,0,1,62,99,9,9,69,1,1
24,240219,2,2,1,6,7,21,13,12,2,1,0,51,2,12,461,12461,21,2006,1FTNE24W86HA,1,F,T,N,E,2,4,W,8,6,H,A,0,T,FORD,25V,CG,6,17,,2,0,1380,VAN,G,,,8,281,,,,C,5141,00,E,42,0,0,000000000,00000000000,0,0,0,1,0,0,0,0,0,0,0,998,0,0,0,12,12,6,2,12,0,0,0,1,24,21660,6,1,0,0,3,0,71,185,0,0,0,0,0,0,0,0,0,0,38,0,0,0,1,2,40,1,1,2,1,0,0,11,15,1,1,1,68,0,0
24,240220,1,2,2,21,7,10,12,12,6,1,0,24,2,6,51,6051,4,2002,2C3HE66G62H1,2,C,3,H,E,6,6,G,6,2,H,1,0,P,CHRY,30M,4D,2,17,3484,,0,1130,,G,,F,6,215,,,17R225,,,,,,0,0,000000000,00000000000,0,0,0,1,0,0,0,0,0,0,0,998,0,0,0,12,12,6,2,12,0,0,0,1,24,21015,0,0,0,0,0,0,66,192,0,0,0,0,0,0,0,0,0,0,0,0,0,0,1,2,40,1,3,2,1,0,0,1,8,1,9,2,65,0,0
24,240220,2,2,2,21,7,10,12,12,6,1,0,24,1,59,37,59037,4,2010,JTJBC1BA7A20,J,T,J,B,C,1,B,A,7,A,2,0,0,P,LEXS,RX0,UT,10,17,4810,,0,1079,,B,,F,6,210,,,18R235,,,,,,0,0,000000000,00000000000,0,0,0,1,0,0,0,0,0,0,0,998,0,0,0,2,2,6,2,12,0,0,0,1,24,21015,6,1,0,0,3,0,68,210,0,0,0,0,0,0,0,0,0,0,0,0,0,0,1,2,40,1,3,2,1,0,0,1,62,6,2,1,64,1,0
24,240221,1,2,2,23,7,3,29,12,6,1,0,24,1,7,402,7402,14,1999,1B4HS28Z3XF5,1,B,4,H,S,2,8,Z,3,X,F,5,0,P,DODG,DUR,UT,99,17,4397,,0,1159,,G,,F,8,360,,,15R235,,,,,,0,0,000000000,00000000000,0,0,0,1,0,0,0,0,0,0,0,998,0,0,0,12,12,6,2,12,0,0,0,1,24,21403,6,1,0,0,3,0,63,150,0,1,0,1,1,10,2009,3,2010,1,0,0,0,0,3,3,65,1,1,2,1,0,0,1,50,1,1,1,48,0,1
24,240221,2,2,1,23,7,3,29,12,6,1,0,24,1,20,37,20037,4,2001,1G1ND52J8161,1,G,1,N,D,5,2,J,8,1,6,1,0,P,CHEV,MAL,4D,1,17,3051,,0,1070,,G,,F,6,191,,,15R215,,,,,,0,0,000000000,00000000000,0,0,0,1,0,0,0,0,0,0,0,0,0,0,0,9,9,6,2,12,0,0,0,1,24,20772,6,1,0,0,3,3,62,120,0,0,0,0,0,0,0,0,0,0,0,0,0,0,3,3,65,1,1,2,1,0,0,5,53,1,1,1,48,1,1
24,240222,1,2,1,13,7,13,47,12,1,1,0,24,1,12,471,12471,30,1992,1FTCR10A3NUD,1,F,T,C,R,1,0,A,3,N,U,D,0,T,FORD,RNG,PK,92,17,,1,1139,1079,RNG,G,,,4,140,,,,B,2858,03,A,42,0,0,000000000,00000000000,0,0,0,1,0,0,0,0,0,0,0,998,0,0,0,12,12,6,2,12,0,0,0,1,24,21629,6,1,0,0,3,0,68,135,0,0,0,0,0,0,0,0,0,1,26,0,0,0,1,2,55,1,1,2,1,3,3,1,50,1,1,1,20,1,0
24,240222,2,2,5,13,7,13,47,12,1,1,0,54,1,13,421,13421,15,2003,5LMFU28R63LJ,5,L,M,F,U,2,8,R,6,3,L,J,0,P,LINC,NAV,UT,3,17,6041,,0,1190,,G,,F,8,330,,,18R255,,,,,,0,0,000000000,00000000000,0,0,0,1,0,0,0,0,0,0,0,0,0,0,0,6,6,6,2,12,0,0,0,1,54,26802,6,1,6,0,3,0,68,195,0,0,0,0,0,0,0,0,0,0,0,0,0,0,1,2,55,1,1,2,1,3,3,5,53,1,1,1,21,0,0
24,240223,1,2,2,25,7,20,53,12,6,1,0,24,1,20,22,20022,4,2007,1G1AK55F9773,1,G,1,A,K,5,5,F,9,7,7,3,0,P,CHEV,BLS,4D,7,17,3216,,0,1033,,G,,F,4,134,,,15R195,,,,,,0,0,000000000,00000000000,0,0,0,1,0,0,0,0,0,0,0,998,0,0,0,5,5,6,2,12,0,0,0,1,24,21911,0,0,0,0,0,0,66,125,0,0,0,0,0,0,0,0,0,1,87,0,0,0,1,2,50,1,1,2,2,0,0,1,6,99,9,2,64,2,1
24,240223,2,2,3,25,7,20,53,12,6,1,0,24,1,7,402,7402,14,2000,1B4HS28N4YF2,1,B,4,H,S,2,8,N,4,Y,F,2,0,P,DODG,DUR,UT,0,17,4462,,0,1159,,G,,F,8,287,,,15R235,,,,,,0,0,000000000,00000000000,0,0,0,1,0,0,0,0,0,0,0,998,0,0,0,12,12,6,2,12,0,0,0,1,24,21918,6,1,0,0,3,0,66,262,0,1,0,1,1,4,2010,1,2011,0,0,0,0,0,1,2,50,1,1,2,2,0,0,1,62,99,9,9,65,0,0
24,240224,1,2,1,26,7,0,37,12,6,1,0,24,1,37,32,37032,4,1995,1HGCE6664SA0,1,H,G,C,E,6,6,6,4,S,A,0,0,P,HOND,AEX,4D,95,17,3184,,0,1069,,G,,F,6,163,,,15R205,,,,,,0,0,000000000,00000000000,0,0,0,1,0,0,0,0,0,0,0,998,0,0,0,3,3,6,2,12,0,0,0,1,12,32164,6,1,0,0,3,0,72,999,0,0,0,0,0,0,0,0,0,1,0,0,0,0,1,2,40,3,1,2,1,0,0,14,9,99,4,2,64,1,1
24,240224,2,2,1,26,7,0,37,12,6,1,0,40,3,82,881,82881,66,2006,1FUJA6CK86LU,1,F,U,J,A,6,C,K,8,6,L,U,1,T,FRHT,COL,TR,6,17,,8,0,0,CON,D,,,6,855,,,,,00000,00,,64,1,57,303024,57303024,3,6,1,1,0,0,0,0,0,0,0,998,0,0,0,12,12,6,2,12,0,0,0,1,42,17112,6,1,6,0,3,0,70,999,1,0,0,0,0,7,2009,7,2009,0,0,0,0,0,1,2,40,3,1,2,1,0,0,14,62,99,1,1,65,0,0
24,240225,1,2,1,31,7,12,11,12,6,1,0,24,1,72,706,72706,80,1998,1HD1BJL41WY0,1,H,D,1,B,J,L,4,1,W,Y,0,0,M,HD,STC,RS,98,17,,,,,,,1340,,2,,4,704,,,,,,,0,0,000000000,00000000000,0,0,0,1,0,0,0,0,0,0,0,998,0,0,0,12,12,6,2,12,0,0,0,1,24,21701,6,1,0,0,3,0,68,165,0,0,0,0,2,2,2009,12,2009,1,0,0,0,0,1,2,30,3,2,2,1,0,0,14,6,99,9,2,64,1,0
24,240225,2,2,1,31,7,12,11,12,6,1,0,24,2,49,403,49403,14,2006,JTEDP21A4600,J,T,E,D,P,2,1,A,4,6,0,0,0,P,TOYT,HIG,UT,6,17,3704,,0,1069,,G,,F,6,202,,,16R225,,,,,,0,0,000000000,00000000000,0,0,0,1,0,0,0,0,0,0,0,998,0,0,0,10,10,6,2,12,0,0,0,1,24,21403,6,1,0,0,3,0,68,136,0,0,0,1,0,7,2011,7,2011,0,0,0,0,0,1,2,30,3,2,2,1,0,0,14,62,99,1,1,65,0,0
24,240226,1,2,1,15,7,4,40,24,0,1,0,47,1,82,881,82881,66,1997,2FUPCSZB1VA7,2,F,U,P,C,S,Z,B,1,V,A,7,1,T,FRHT,FLD,TR,97,17,,8,0,0,CON,D,,,6,774,,,,,00000,00,,64,1,57,242009,57242009,3,6,1,1,0,0,0,0,0,0,0,998,0,0,0,11,12,6,2,12,0,0,0,1,47,37015,6,1,6,0,3,0,71,270,0,0,0,0,0,0,0,0,0,0,99,99,99,99,3,2,65,1,2,2,1,0,0,1,12,99,1,4,6,1,0
24,240226,2,2,2,15,7,4,40,24,0,1,0,36,1,12,401,12401,14,2000,1FMZU73E3YUA,1,F,M,Z,U,7,3,E,3,Y,U,A,0,P,FORD,EPR,UT,0,17,4106,,0,1116,,G,,F,6,245,,,15R235,,,,,,0,0,000000000,00000000000,0,0,0,1,0,0,0,0,0,0,0,998,0,0,0,12,12,6,2,12,0,0,0,1,36,11435,6,1,0,0,3,0,63,999,0,0,0,0,0,0,0,0,0,0,0,0,0,0,3,2,65,1,2,2,1,0,0,1,62,99,9,9,98,1,0
24,240227,1,1,1,28,7,15,37,8,0,1,0,24,1,49,403,49403,14,2006,JTEEP21A6601,J,T,E,E,P,2,1,A,6,6,0,1,0,P,TOYT,HIG,UT,6,17,3704,,0,1069,,G,,F,6,202,,,16R225,,,,,,0,0,000000000,00000000000,0,0,0,1,0,0,0,0,0,0,0,998,0,0,0,12,12,6,2,8,0,0,0,1,24,21131,6,1,0,0,3,0,76,220,0,0,0,0,0,0,0,0,0,0,0,0,0,0,1,2,50,1,1,2,1,0,0,1,80,99,1,1,13,0,0
24,240228,1,1,1,8,7,21,27,8,0,1,0,24,1,30,46,30046,4,2008,WVWJK73C78P1,W,V,W,J,K,7,3,C,7,8,P,1,0,P,VOLK,PTB,4D,8,17,3345,,0,1067,,G,,T,4,121,,,16R215,,,,,,0,0,000000000,00000000000,0,0,0,1,0,0,0,0,0,0,0,998,0,0,0,12,12,6,2,8,0,0,0,1,24,21207,6,1,0,0,3,0,64,160,0,0,0,0,0,0,0,0,0,0,0,0,0,0,3,3,35,1,2,2,1,0,0,1,80,99,1,1,13,0,0
24,240229,1,1,1,14,7,23,12,1,0,1,0,24,1,73,706,73706,80,2005,JKBZXJC195A0,J,K,B,Z,X,J,C,1,9,5,A,0,0,M,KAWK,X63,RC,5,17,,,,,,,636,,4,,4,362,,,,,,,0,0,000000000,00000000000,0,0,0,1,0,0,0,0,0,0,0,998,0,0,0,0,98,6,2,24,0,0,0,1,24,21237,6,1,0,0,3,0,69,175,0,0,0,0,0,0,0,0,0,1,0,0,0,0,2,2,55,2,1,2,1,0,0,14,6,99,9,4,7,1,1
24,240230,1,1,1,19,7,3,46,42,0,1,0,24,1,51,45,51045,4,2006,YV1MS3901621,Y,V,1,M,S,3,9,0,1,6,2,1,0,P,VOLV,S42,4D,6,17,3225,,0,1039,,G,,F,5,149,,,16R205,,,,,,0,0,000000000,00000000000,0,0,0,1,0,0,0,0,0,0,0,998,0,0,0,12,12,6,2,42,0,0,0,1,24,20711,6,1,0,0,3,0,66,140,0,0,0,0,0,0,0,0,0,0,99,99,99,99,1,2,35,1,1,2,1,0,0,1,9,99,9,4,2,1,1
24,240231,1,2,1,23,7,18,44,1,0,1,0,24,1,98,706,98706,80,1998,AC194119MD,A,C,1,9,4,1,1,9,M,D,,,0,U,,,,98,10,,,,,,,,,,,,,,,,,,,0,0,000000000,00000000000,0,0,0,1,0,0,0,0,0,0,0,998,0,0,0,0,12,6,2,42,35,0,0,1,24,21122,6,1,0,0,3,0,72,230,0,0,0,0,1,8,2009,8,2009,1,85,0,0,0,1,2,30,4,1,2,1,0,0,14,51,4,9,4,3,1,1
24,240231,2,2,1,23,7,18,44,1,0,1,0,24,3,72,706,72706,80,2003,1HD1DDV163Y6,1,H,D,1,D,D,V,1,6,3,Y,6,0,M,HD,FHT,RS,3,17,,,,,,,1450,,2,,4,758,,,,,,,0,0,000000000,00000000000,0,0,0,1,0,0,0,0,0,0,0,998,0,0,0,0,3,6,2,1,0,0,0,1,24,21226,6,1,0,0,3,0,75,210,0,0,0,0,0,0,0,0,0,0,0,0,0,0,1,2,30,4,1,2,1,0,0,14,62,99,1,4,98,0,1
24,240232,1,6,1,2,8,6,31,12,7,1,0,24,2,12,22,12022,6,2006,1FMZK04126GA,1,F,M,Z,K,0,4,1,2,6,G,A,0,P,FORD,FSL,UT,6,17,4112,,0,1129,,G,,F,6,183,,,17R215,,,,,,0,0,000000000,00000000000,0,0,0,1,0,0,0,0,0,0,0,998,0,0,0,11,11,6,2,12,0,0,0,1,24,20902,6,1,0,0,3,0,68,140,0,0,0,0,0,0,0,0,0,1,28,0,0,0,3,4,55,1,1,2,1,0,0,1,10,99,1,1,45,0,1
24,240232,2,6,1,2,8,6,31,12,7,1,0,51,2,37,31,37031,2,1994,2HGEH2369RH5,2,H,G,E,H,2,3,6,9,R,H,5,0,P,HOND,CID,2H,94,17,2115,,0,1013,,G,,F,4,091,,,13R175,,,,,,0,0,000000000,00000000000,0,0,0,1,0,0,0,0,0,0,0,998,0,1,1,98,13,6,2,12,0,0,0,1,24,20745,6,1,0,0,3,0,71,155,0,0,0,0,2,2,2009,1,2010,0,0,0,0,0,3,4,55,1,1,2,1,0,0,1,61,99,1,1,44,1,0
24,240232,3,6,1,2,8,6,31,12,7,1,0,24,1,49,40,49040,4,1997,4T1BF22K4VU0,4,T,1,B,F,2,2,K,4,V,U,0,0,P,TOYT,UEX,4D,97,17,3086,,0,1051,,G,,F,6,183,,,15R205,,,,,,0,0,000000000,00000000000,0,0,0,1,0,0,0,0,0,0,0,998,0,0,0,6,6,6,2,12,0,0,0,1,24,20601,6,1,0,0,3,0,65,145,0,0,0,0,0,0,0,0,0,0,0,0,0,0,3,4,55,1,1,2,1,0,0,1,61,99,1,1,98,0,0
24,240232,4,6,1,2,8,6,31,12,7,1,0,24,1,49,402,49402,14,2002,JTEGH20V9260,J,T,E,G,H,2,0,V,9,2,6,0,0,P,TOYT,RV4,UT,2,17,2711,,0,980,,G,,F,4,122,,,16R215,,,,,,0,0,000000000,00000000000,0,0,0,1,0,0,0,0,0,0,0,998,0,0,0,13,13,6,2,12,0,0,0,1,24,20707,6,1,0,0,3,0,66,139,0,0,0,0,0,0,0,0,0,0,0,0,0,0,3,4,55,1,1,2,1,0,0,1,62,99,1,1,98,0,0
24,240232,5,6,1,2,8,6,31,12,7,1,0,24,1,34,34,34034,4,2006,WBAVB33546PS,W,B,A,V,B,3,3,5,4,6,P,S,0,P,BMW,30I,4D,6,17,3417,,0,1087,,G,,F,6,182,,,17R225,,,,,,0,0,000000000,00000000000,0,0,0,1,0,0,0,0,0,0,0,998,0,0,0,13,13,6,2,12,0,0,0,1,24,21035,6,1,0,0,3,0,65,135,0,0,0,0,0,0,0,0,0,0,0,0,0,0,3,4,55,1,1,2,1,0,0,1,62,99,1,1,98,1,0
24,240232,6,6,1,2,8,6,31,12,7,1,0,24,1,37,32,37032,4,2010,1HGCP2F79AA1,1,H,G,C,P,2,F,7,9,A,A,1,0,P,HOND,UEX,4D,10,17,3362,,0,1102,,G,,F,4,146,,,17R255,,,,,,0,0,000000000,00000000000,0,0,0,1,0,0,0,0,0,0,0,998,0,0,0,18,18,2,1,54,0,0,0,1,24,21114,6,1,0,0,3,0,60,130,0,0,0,0,0,0,0,0,0,0,0,0,0,0,3,4,55,1,1,2,1,0,0,1,92,99,1,1,98,0,0
24,240233,1,1,1,13,8,12,49,8,0,1,0,24,2,20,2,20002,4,1995,1G1BL52W2SR1,1,G,1,B,L,5,2,W,2,S,R,1,0,P,CHEV,CCL,4D,95,17,4061,,0,1159,,G,,F,8,265,,,15R215,,,,,,0,0,000000000,00000000000,0,0,0,1,0,0,0,0,0,0,0,998,0,0,0,12,12,6,2,8,0,0,0,1,24,21224,1,1,0,0,2,2,69,155,0,0,0,0,0,0,0,0,0,0,74,87,0,0,2,2,30,1,3,2,2,3,3,1,80,1,1,1,13,0,0
24,240234,1,1,1,11,7,0,50,8,0,1,0,24,1,59,31,59031,4,2000,JT8BF28G9Y50,J,T,8,B,F,2,8,G,9,Y,5,0,0,P,LEXS,ES3,4D,0,17,3373,,0,1051,,G,,F,6,183,,,15R205,,,,,,0,0,000000000,00000000000,0,0,0,1,0,0,0,0,0,0,0,998,0,0,0,12,12,6,2,8,0,0,0,1,24,20874,6,1,0,0,3,0,72,228,0,0,0,0,0,0,0,0,0,9,99,99,99,99,2,3,50,1,1,2,1,0,0,1,80,99,1,1,13,0,0
24,240235,1,1,1,10,7,20,3,8,0,1,0,24,1,30,421,30421,15,2009,WVGBE77L89D0,W,V,G,B,E,7,7,L,8,9,D,0,0,P,VOLK,TO2,UT,9,17,5086,,0,1124,,G,,F,6,219,,,17R255,,,,,,0,0,000000000,00000000000,0,0,0,1,0,0,0,0,0,0,0,998,0,0,0,12,12,6,2,8,0,0,0,1,24,20674,6,1,0,0,3,0,65,125,0,0,0,0,0,0,0,0,0,0,0,0,0,0,1,4,40,1,1,2,1,3,3,1,80,99,1,1,13,0,0
24,240236,1,1,1,21,7,0,51,30,0,1,0,24,2,72,706,72706,80,2005,1HD1FVW145Y6,1,H,D,1,F,V,W,1,4,5,Y,6,0,M,HD,IUA,RS,5,17,,,,,,,1450,,2,,4,758,,,,,,,0,0,000000000,00000000000,0,0,0,1,0,0,0,0,0,0,0,998,0,0,0,12,12,6,2,30,0,0,0,1,24,20659,6,1,0,0,3,0,69,220,0,0,0,0,0,0,0,0,0,0,99,99,99,99,1,2,40,4,2,2,1,0,0,14,9,99,9,4,2,1,1