STATE,ST_CASE,VEH_NO,VE_FORMS,NUMOCCS,DAY,MONTH,HOUR,MINUTE,HARM_EV,MAN_COLL,UNITTYPE,HIT_RUN,REG_STAT,OWNER,MAKE,MODEL,MAK_MOD,BODY_TYP,MOD_YEAR,VIN,VIN_1,VIN_2,VIN_3,VIN_4,VIN_5,VIN_6,VIN_7,VIN_8,VIN_9,VIN_10,VIN_11,VIN_12,TOW_VEH,VINTYPE,VINMAKE,VINA_MOD,VIN_BT,VINMODYR,VIN_LNGT,VIN_WGT,WGTCD_TR,WHLBS_LG,WHLBS_SH,SER_TR,FUELCODE,MCYCL_DS,CARBUR,CYLINDER,DISPLACE,MCYCL_CY,MCYCL_WT,TIRE_SZE,TON_RAT,TRK_WT,TRKWTVAR,VIN_REST,WHLDRWHL,J_KNIFE,MCARR_I1,MCARR_I2,MCARR_ID,GVWR,V_CONFIG,CARGO_BT,HAZ_INV,HAZ_PLAC,HAZ_ID,HAZ_CNO,HAZ_REL,BUS_USE,SPEC_USE,EMER_USE,TRAV_SP,UNDERIDE,ROLLOVER,ROLINLOC,IMPACT1,IMPACT2,DEFORMED,TOWED,M_HARM,VEH_SC1,VEH_SC2,FIRE_EXP,DR_PRES,L_STATE,DR_ZIP,L_STATUS,L_TYPE,CDL_STAT,L_ENDORS,L_COMPL,L_RESTRI,DR_HGT,DR_WGT,PREV_ACC,PREV_SUS,PREV_DWI,PREV_SPD,PREV_OTH,FIRST_MO,FIRST_YR,LAST_MO,LAST_YR,SPEEDREL,DR_SF1,DR_SF2,DR_SF3,DR_SF4,VTRAFWAY,VNUM_LAN,VSPD_LIM,VALIGN,VPROFILE,VPAVETYP,VSURCOND,VTRAFCON,VTCONT_F,P_CRASH1,P_CRASH2,P_CRASH3,PCRASH4,PCRASH5,ACC_TYPE,DEATHS,DR_DRINK
24,240335,1,1,2,31,10,13,40,42,0,1,0,24,3,12,461,12461,21,2009,1FTNE14W09DA,1,F,T,N,E,1,4,W,0,9,D,A,0,T,FORD,15V,CG,9,17,,2,0,1380,VAN,G,,,8,281,,,,B,5264,00,E,42,0,0,000000000,00000000000,0,0,0,1,0,0,0,0,0,0,0,998,0,0,0,12,12,6,2,42,0,0,0,1,24,21826,6,1,0,0,3,0,72,230,0,0,0,0,0,0,0,0,0,0,36,0,0,0,3,2,55,1,1,2,1,0,0,1,10,99,9,4,6,1,0
24,240336,1,4,1,28,10,6,12,12,2,1,0,24,1,12,23,12023,4,2011,3FADP0L34BR3,3,F,A,D,P,0,L,3,4,B,R,3,0,P,FORD,FHY,4D,11,17,3720,,0,1074,,B,,F,4,152,,,17R225,,,,,,0,0,000000000,00000000000,0,0,0,1,0,0,0,0,0,0,0,998,0,0,0,12,12,6,2,12,0,0,0,1,24,21210,6,1,0,0,3,0,72,220,0,0,0,0,0,0,0,0,0,0,28,0,0,0,1,2,30,1,1,2,1,3,3,1,10,1,1,2,90,1,0
24,240336,2,4,1,28,10,6,12,12,2,1,0,24,1,37,402,37402,14,2006,SHSRD77896U4,S,H,S,R,D,7,7,8,9,6,U,4,0,P,HOND,CRV,UT,6,17,3406,,0,1033,,G,,F,4,146,,,16R215,,,,,,0,0,000000000,00000000000,0,0,0,1,0,0,0,0,0,0,0,0,0,0,0,12,12,6,2,12,0,0,0,1,24,21903,6,1,0,0,3,0,70,155,0,0,0,1,0,10,2011,10,2011,0,0,0,0,0,1,2,30,1,1,2,1,3,3,5,66,1,1,1,90,0,0
24,240336,3,4,1,28,10,6,12,12,2,1,0,24,1,35,47,35047,4,2005,1N4AL11D25C2,1,N,4,A,L,1,1,D,2,5,C,2,0,P,NISS,ASL,4D,5,17,2915,,0,1102,,G,,F,4,153,,,16R215,,,,,,0,0,000000000,00000000000,0,0,0,1,0,0,0,0,0,0,0,0,0,0,0,5,12,4,3,12,0,0,0,1,24,21133,6,1,0,0,3,3,71,200,0,0,0,0,0,0,0,0,0,0,0,0,0,0,1,2,30,1,1,2,1,3,3,5,10,1,1,2,98,0,0
24,240336,4,4,1,28,10,6,12,12,2,1,0,24,1,14,401,14401,14,2004,4M2DU86W84ZJ,4,M,2,D,U,8,6,W,8,4,Z,J,0,P,MERC,MOU,UT,4,17,4433,,0,1138,,G,,F,8,281,,,16R235,,,,,,0,0,000000000,00000000000,0,0,0,1,0,0,0,0,0,0,0,0,0,0,0,12,12,4,3,12,0,0,0,1,24,21216,6,1,0,0,3,0,64,120,0,0,0,0,0,0,0,0,0,0,0,0,0,0,1,2,30,1,1,2,1,3,3,5,10,1,1,2,98,0,0
24,240337,1,1,1,15,11,6,6,24,0,1,0,24,1,49,40,49040,4,2007,4T1BE46K37U5,4,T,1,B,E,4,6,K,3,7,U,5,0,P,TOYT,CMB,4D,7,17,3108,,0,1093,,G,,F,4,146,,,15R205,,,,,,0,0,000000000,00000000000,0,0,0,1,0,0,0,0,0,0,0,998,0,0,0,12,12,6,2,42,0,0,0,1,24,21212,6,1,0,0,3,0,70,260,0,0,0,0,0,0,0,0,0,1,28,0,0,0,6,1,55,2,1,2,1,0,0,14,6,1,1,4,6,1,0
24,240338,1,1,1,12,11,11,8,8,0,1,0,24,2,49,50,49050,3,2007,JTKDE1672701,J,T,K,D,E,1,6,7,2,7,0,1,0,P,TOYT,SXC,2H,7,17,2905,,0,1063,,G,,F,4,146,,,17R215,,,,,,0,0,000000000,00000000000,0,0,0,1,0,0,0,0,0,0,0,998,0,0,0,12,12,4,3,8,0,0,0,1,24,20601,6,1,0,0,3,0,61,111,0,1,0,0,3,3,2011,7,2011,0,28,0,0,0,1,2,25,1,1,2,1,0,0,1,82,1,1,4,13,0,1
24,240339,1,1,2,8,11,13,5,11,0,1,0,54,1,37,706,37706,80,1994,1HFSC2234RA6,1,H,F,S,C,2,2,3,4,R,A,6,0,M,HOND,G1E,RS,94,17,,,,,,,1500,,6,,4,815,,,,,,,0,0,000000000,00000000000,0,0,0,1,0,0,0,0,0,0,0,998,0,0,0,12,12,6,2,11,0,0,0,1,54,26757,6,1,0,0,3,0,74,250,0,0,0,0,0,0,0,0,0,0,0,0,0,0,1,2,55,1,2,2,1,0,0,1,87,99,9,9,13,1,0
24,240340,1,2,2,10,11,16,52,12,2,1,0,24,1,20,37,20037,4,2010,1G1ZC5EB3AF1,1,G,1,Z,C,5,E,B,3,A,F,1,0,P,CHEV,ML1,4D,10,17,3436,,0,1123,,G,,F,4,146,,,17R215,,,,,,0,0,000000000,00000000000,0,0,0,1,0,0,0,0,0,0,0,998,0,0,0,12,12,6,2,12,0,0,0,1,24,21502,6,1,0,0,3,0,72,165,0,0,0,1,0,8,2010,8,2010,0,38,0,0,0,1,2,25,4,1,2,1,3,3,11,15,1,1,1,82,1,0
24,240340,2,2,1,10,11,16,52,12,2,1,0,24,1,12,37,12037,4,2008,1FAHP35N08W2,1,F,A,H,P,3,5,N,0,8,W,2,0,P,FORD,FMS,4D,8,17,2623,,0,1029,,G,,F,4,122,,,16R205,,,,,,0,0,000000000,00000000000,0,0,0,1,0,0,0,0,0,0,0,998,0,0,0,12,12,6,2,12,0,0,0,1,24,21636,6,1,6,0,3,0,69,190,0,0,0,0,0,0,0,0,0,0,0,0,0,0,1,2,25,4,1,2,1,3,3,1,67,1,1,1,83,0,0
24,240341,1,2,1,23,2,14,40,12,2,1,0,24,1,49,32,49032,4,2010,2T1BU4EE9AC2,2,T,1,B,U,4,E,E,9,A,C,2,0,P,TOYT,CBL,4D,10,17,2723,,0,1024,,G,,F,4,110,,,15R195,,,,,,0,0,000000000,00000000000,0,0,0,1,0,0,0,0,0,0,0,998,0,0,0,12,12,6,2,12,0,0,0,1,24,20659,6,1,0,0,3,0,70,190,0,0,0,0,0,0,0,0,0,0,0,0,0,0,1,2,40,1,1,2,1,0,0,6,54,99,9,2,50,0,0
24,240341,2,2,1,23,2,14,40,12,2,1,0,24,1,20,441,20441,20,1993,1GBDM19Z4PB1,1,G,B,D,M,1,9,Z,4,P,B,1,0,T,CHEV,AST,EC,93,17,,1,0,1110,AST,G,,,6,262,,,,B,3618,04,,42,0,0,000000000,00000000000,0,0,0,1,0,0,0,0,0,0,0,998,0,0,0,12,12,6,2,12,0,0,0,1,24,20613,6,1,0,0,3,0,68,156,0,0,0,0,0,0,0,0,0,0,0,0,0,0,1,2,40,1,1,2,1,0,0,1,62,99,9,9,51,1,0
24,240342,1,1,4,19,5,20,44,42,0,1,0,24,5,59,32,59032,4,1991,JT8UF11E6M00,J,T,8,U,F,1,1,E,6,M,0,0,0,P,LEXS,LS4,4D,91,17,3591,,0,1108,,G,,F,8,242,,,15R205,,,,,,0,0,000000000,00000000000,0,0,0,1,0,0,0,0,0,0,0,998,0,0,0,3,3,6,2,42,0,0,0,1,24,21213,2,1,0,0,2,2,71,163,0,1,0,0,1,1,2010,3,2010,1,74,28,87,0,1,4,30,1,2,2,2,0,0,1,6,1,9,4,7,1,1
24,240343,1,1,2,13,6,23,40,8,0,1,1,24,2,13,12,13012,4,2001,1LNHM87A61Y7,1,L,N,H,M,8,7,A,6,1,Y,7,0,P,LINC,LLS,4D,1,17,3666,,0,1145,,G,,F,8,240,,,16R215,,,,,,0,0,000000000,00000000000,0,0,0,1,0,0,0,0,0,0,0,998,0,0,0,12,12,4,1,8,0,0,0,1,24,21144,6,1,0,0,3,0,67,160,0,1,0,0,0,2,2010,2,2010,0,0,0,0,0,3,3,35,1,1,2,1,0,0,3,80,1,1,1,13,0,1
24,240344,1,1,1,23,7,2,54,30,0,1,0,24,1,24,1,24001,4,2002,1G8ZH528X2Z2,1,G,8,Z,H,5,2,8,X,2,Z,2,0,P,STRN,SL1,4D,2,17,2377,,0,1024,,G,,F,4,116,,,14R185,,,,,,0,0,000000000,00000000000,0,0,0,1,0,0,0,0,0,0,0,998,0,1,6,12,12,6,2,1,0,0,0,1,24,21060,6,1,0,0,3,0,67,189,0,0,0,0,1,1,2010,1,2010,1,28,0,0,0,1,2,30,1,1,2,1,0,0,1,11,1,1,4,1,1,0
24,240345,1,3,3,2,9,9,16,12,6,1,0,24,1,7,18,7018,4,1992,1B3XC56R4ND8,1,B,3,X,C,5,6,R,4,N,D,8,0,P,DODG,DLE,4D,92,17,2987,,0,1045,,G,,F,6,201,,,14R195,,,,,,0,0,000000000,00000000000,0,0,0,1,0,0,0,0,0,0,0,998,0,0,0,3,3,6,2,12,0,0,0,1,24,21849,6,1,0,0,3,0,69,145,0,0,0,0,0,0,0,0,0,0,39,0,0,0,3,2,55,1,1,2,1,3,3,11,15,1,1,1,68,1,0
24,240345,2,3,1,2,9,9,16,12,6,1,0,24,2,20,421,20421,15,2009,1GNFK13579R1,1,G,N,F,K,1,3,5,7,9,R,1,0,P,CHEV,KTA,UT,9,17,5527,,0,1160,,B,,F,8,366,,,18R265,,,,,,0,0,000000000,00000000000,0,0,0,1,0,0,0,0,0,0,0,998,0,0,0,12,12,6,2,12,0,0,0,1,24,21093,6,1,0,0,3,0,71,200,0,0,0,0,0,0,0,0,0,0,0,0,0,0,3,2,55,1,1,2,1,3,3,1,62,99,1,1,69,0,0
24,240345,3,3,1,2,9,9,16,12,6,1,0,24,1,35,443,35443,20,2007,5N1BV28U87N1,5,N,1,B,V,2,8,U,8,7,N,1,0,P,NISS,QST,SV,7,17,4291,,0,1240,,G,,F,6,214,,,16R225,,,,,,0,0,000000000,00000000000,0,0,0,1,0,0,0,0,0,0,0,998,0,0,0,3,3,4,1,12,0,0,0,1,24,21804,6,1,99,9,3,9,63,155,0,0,0,0,0,0,0,0,0,0,0,0,0,0,3,2,55,1,1,2,1,3,3,1,62,99,1,1,98,0,0
24,240346,1,1,4,16,9,20,8,8,0,1,0,24,1,14,401,14401,14,2002,4M2ZU66E42UJ,4,M,2,Z,U,6,6,E,4,2,U,J,0,P,MERC,MOU,UT,2,17,4170,,0,1138,,G,,F,6,245,,,16R245,,,,,,0,0,000000000,00000000000,0,0,0,1,0,0,0,0,0,0,0,51,0,0,0,12,12,2,1,8,0,0,0,1,24,21205,6,1,0,0,3,0,62,130,0,0,0,0,0,0,0,0,0,0,0,0,0,0,3,2,50,1,1,2,1,0,0,1,80,4,1,1,13,0,0
24,240347,1,1,5,25,9,4,35,35,0,1,0,0,0,98,739,98739,90,2001,4XARD50A01D6,4,X,A,R,D,5,0,A,0,1,D,6,0,M,POLS,R42,AT,1,17,,,,,,,425,,1,,4,1200,,,,,,,0,0,000000000,00000000000,0,0,0,1,0,0,0,0,0,0,0,998,0,0,0,12,12,6,2,35,0,0,0,1,24,21074,6,1,0,0,3,0,72,190,0,0,0,0,0,0,0,0,0,1,39,0,0,0,1,2,30,1,6,2,1,20,3,1,14,1,1,4,14,2,1
24,240348,1,2,1,2,10,13,6,12,1,1,0,24,1,21,20,21020,4,1998,1G3NB52M3W63,1,G,3,N,B,5,2,M,3,W,6,3,0,P,OLDS,CUT,4D,98,17,3102,,0,1070,,G,,F,6,191,,,15R215,,,,,,0,0,000000000,00000000000,0,0,0,1,0,0,0,0,0,0,0,998,0,0,0,12,12,6,2,12,0,0,0,1,24,21207,0,0,0,0,0,0,63,135,0,0,0,0,0,0,0,0,0,0,28,0,0,0,5,4,35,1,3,2,1,0,0,1,10,1,1,1,24,1,1
24,240348,2,2,4,2,10,13,6,12,1,1,0,24,1,12,401,12401,14,2002,1FMZU73E92UA,1,F,M,Z,U,7,3,E,9,2,U,A,0,P,FORD,EPR,UT,2,17,4378,,0,1137,,G,,F,6,245,,,16R235,,,,,,0,0,000000000,00000000000,0,0,0,1,0,0,0,0,0,0,0,998,0,0,0,6,6,6,2,12,0,0,0,1,24,21226,6,1,0,0,3,0,65,115,0,0,0,0,0,0,0,0,0,0,0,0,0,0,5,4,35,1,3,2,1,0,0,3,53,1,1,1,25,0,0
24,240349,1,1,1,1,10,19,41,49,0,1,0,24,2,12,481,12481,31,2004,1FTRX12W34NB,1,F,T,R,X,1,2,W,3,4,N,B,0,T,FORD,F15,4C,4,17,,2,1450,1260,COF,G,,,8,281,,,,B,5170,00,U,42,0,0,000000000,00000000000,0,0,0,1,0,0,0,0,0,0,0,998,0,0,0,12,12,6,2,49,0,0,0,1,24,20602,6,1,0,0,3,0,70,155,0,0,0,0,1,12,2010,12,2010,0,38,0,0,0,2,2,55,1,1,2,1,0,0,1,80,1,1,1,13,0,0
24,240350,1,1,1,12,10,7,37,19,0,1,0,99,9,99,999,99999,99,9999,999999999999,9,9,9,9,9,9,9,9,9,9,9,9,0,,,,,,,,,,,,,,,,,,,,,,,,,0,0,000000000,00000000000,0,0,0,1,0,0,0,0,0,0,0,998,0,0,0,5,5,6,2,19,0,0,0,1,24,21122,6,2,0,0,3,0,68,123,0,0,0,0,0,0,0,0,0,1,0,0,0,0,3,3,40,1,1,2,2,0,0,1,10,1,1,4,6,1,0
24,240351,1,2,1,9,10,21,21,12,1,1,0,24,2,37,706,37706,80,2007,JH2SC570X7M3,J,H,2,S,C,5,7,0,X,7,M,3,0,M,HOND,CBS,RC,7,17,,,,,,,998,,4,,4,388,,,,,,,0,0,000000000,00000000000,0,0,0,1,0,0,0,0,0,0,0,998,0,0,0,12,12,6,2,12,0,0,0,1,24,20708,6,1,0,0,3,0,69,180,0,0,0,1,0,9,2011,9,2011,1,26,0,0,0,1,2,35,1,1,2,1,0,0,1,51,99,1,1,24,1,1
24,240351,2,2,1,9,10,21,21,12,1,1,0,24,3,35,51,35051,6,2011,JN8AS5MV4BW6,J,N,8,A,S,5,M,V,4,B,W,6,0,P,NISS,ROG,UT,11,17,3435,,0,1059,,G,,F,4,153,,,16R215,,,,,,0,0,000000000,00000000000,0,0,0,1,0,0,0,0,0,0,0,998,0,0,0,6,6,4,3,12,0,0,0,1,24,20602,6,1,0,0,3,0,66,146,0,0,0,0,0,0,0,0,0,0,0,0,0,0,1,2,35,1,1,2,1,0,0,1,53,1,1,1,25,0,0
24,240352,1,2,1,18,9,3,26,12,7,1,0,42,2,22,9,22009,2,1994,2G2FS22S8R22,2,G,2,F,S,2,2,S,8,R,2,2,0,P,PONT,FBD,2H,94,17,3232,,0,1011,,G,,F,6,207,,,16R215,,,,,,0,0,000000000,00000000000,0,0,0,1,0,0,0,0,0,0,0,998,0,0,0,11,11,6,2,12,0,0,0,1,48,77505,0,0,0,0,0,0,69,220,0,0,0,0,0,0,0,0,0,0,0,0,0,0,2,2,45,1,1,2,1,0,0,1,10,1,1,1,45,1,1
24,240352,2,2,3,18,9,3,26,12,7,1,0,24,1,7,43,7043,4,2004,2B3HD46RX4H5,2,B,3,H,D,4,6,R,X,4,H,5,0,P,DODG,ISE,4D,4,17,3329,,0,1130,,G,,F,6,167,,,16R225,,,,,,0,0,000000000,00000000000,0,0,0,1,0,0,0,0,0,0,0,998,0,0,0,5,5,6,2,12,0,0,0,1,24,20770,6,1,0,0,3,0,64,130,0,0,0,0,1,11,2010,11,2010,0,0,0,0,0,2,2,45,1,1,2,1,0,0,1,61,1,1,1,44,0,0
24,240353,1,1,3,1,11,2,53,8,0,1,0,24,1,41,471,41471,30,2001,4F4YR16E81TM,4,F,4,Y,R,1,6,E,8,1,T,M,0,T,MAZD,4CP,PC,1,17,,1,0,1259,B40,G,,,6,245,,,,,3210,00,E,42,0,0,000000000,00000000000,0,0,0,1,0,0,0,0,0,0,0,998,0,0,0,12,12,6,2,8,0,0,0,1,24,21862,6,1,0,0,3,0,71,190,0,0,0,1,0,7,2009,7,2009,0,87,0,0,0,1,2,40,1,1,2,2,0,0,1,80,1,1,1,13,0,1
24,240354,1,3,1,9,12,6,50,8,0,1,0,24,1,49,32,49032,4,2005,1NXBR30E25Z4,1,N,X,B,R,3,0,E,2,5,Z,4,0,P,TOYT,UCS,4D,5,17,2530,,0,1024,,G,,F,4,109,,,15R185,,,,,,0,0,000000000,00000000000,0,0,0,1,0,0,0,0,0,0,0,998,0,0,0,12,12,2,3,8,0,0,0,1,24,20895,6,1,0,0,3,0,62,130,0,0,0,0,0,0,0,0,0,0,0,0,0,0,1,2,30,1,2,2,1,98,8,1,80,1,1,1,13,0,0
24,240354,2,3,1,9,12,6,50,8,0,1,0,24,1,12,402,12402,14,2012,1FMCU0DG1CKB,1,F,M,C,U,0,D,G,1,C,K,B,0,P,FORD,SPE,UT,12,17,3332,,0,1031,,F,,F,6,183,,,16R235,,,,,,0,0,000000000,00000000000,0,0,0,1,0,0,0,0,0,0,0,998,0,0,0,14,14,2,1,8,0,0,0,1,24,20877,6,1,0,0,3,0,64,125,0,0,0,0,0,0,0,0,0,0,0,0,0,0,1,2,30,1,2,2,1,98,8,1,80,1,1,1,98,0,0
24,240354,3,3,1,9,12,6,50,8,0,1,0,24,1,37,31,37031,4,2000,2HGEJ6610YH5,2,H,G,E,J,6,6,1,0,Y,H,5,0,P,HOND,UCE,4D,0,17,2388,,0,1032,,G,,F,4,097,,,14R185,,,,,,0,0,000000000,00000000000,0,0,0,1,0,0,0,0,0,0,0,998,0,0,0,14,14,2,1,8,0,0,0,1,24,20707,6,1,0,0,3,0,69,175,0,0,0,0,0,0,0,0,0,0,0,0,0,0,1,2,30,1,2,2,1,98,8,1,80,1,1,1,98,0,0
24,240355,1,2,2,2,11,22,58,12,1,1,0,24,2,14,401,14401,14,2007,4M2EU48857UJ,4,M,2,E,U,4,8,8,5,7,U,J,0,P,MERC,MOU,UT,7,17,4732,,0,1137,,G,,F,8,281,,,18R235,,,,,,0,0,000000000,00000000000,0,0,0,1,0,0,0,0,0,0,0,998,0,0,0,12,12,6,2,12,0,0,0,1,99,99999,9,9,99,9,9,9,999,999,99,99,99,99,99,99,9999,99,9999,0,99,99,99,99,3,4,65,1,1,2,1,0,0,1,50,1,1,1,20,1,0
24,240355,2,2,1,2,11,22,58,12,1,1,0,51,1,20,37,20037,4,2007,1G1ZS57F87F2,1,G,1,Z,S,5,7,F,8,7,F,2,0,P,CHEV,M/L,4D,7,17,3122,,0,1063,,G,,F,4,134,,,15R205,,,,,,0,0,000000000,00000000000,0,0,0,1,0,0,0,0,0,0,0,0,0,0,0,6,6,6,2,12,0,0,0,1,24,20785,6,1,0,0,3,0,67,150,0,0,0,0,0,0,0,0,0,0,0,0,0,0,3,4,65,1,1,2,1,0,0,5,53,1,1,1,21,0,0
24,240356,1,2,1,8,11,15,15,12,6,1,0,24,1,43,399,43399,9,1974,GHN5UE354588,G,H,N,5,U,E,3,5,4,5,8,8,0,P,MG,MGB,CV,74,13,2314,,0,911,,G,,,4,110,,,14155,,,,,,0,0,000000000,00000000000,0,0,0,1,0,0,0,0,0,0,0,998,0,0,0,9,9,6,2,12,0,0,0,1,24,21851,6,1,0,0,3,0,71,175,0,0,0,0,0,0,0,0,0,0,38,0,0,0,2,2,50,1,1,2,1,98,8,1,17,1,1,1,89,1,0
24,240356,2,2,3,8,11,15,15,12,6,1,0,24,2,6,54,6054,6,2006,2A8GF68496R9,2,A,8,G,F,6,8,4,9,6,R,9,0,P,CHRY,PIF,UT,6,17,4507,,0,1160,,G,,F,6,214,,,17R235,,,,,,0,0,000000000,00000000000,0,0,0,1,0,0,0,0,0,0,0,998,0,0,0,12,12,6,2,12,0,0,0,1,24,21822,6,1,0,0,3,0,68,140,0,0,0,0,0,0,0,0,0,0,0,0,0,0,2,2,50,1,1,2,1,98,8,1,66,1,1,1,88,0,0
24,240357,1,1,1,13,11,0,39,8,0,1,1,24,2,12,37,12037,4,2005,1FAFP34N55W1,1,F,A,F,P,3,4,N,5,5,W,1,0,P,FORD,ZX4,4D,5,17,2677,,0,1030,,G,,F,4,122,,,15R195,,,,,,0,0,000000000,00000000000,0,0,0,1,0,0,0,0,0,0,0,998,0,0,0,12,12,2,1,8,0,0,0,1,24,20715,6,1,0,0,3,0,70,150,0,0,0,2,0,9,2010,1,2011,9,99,99,99,99,1,2,45,1,1,2,1,0,0,1,80,1,1,1,13,0,0
24,240358,1,1,1,14,11,19,22,8,0,1,0,24,2,19,421,19421,15,2004,1GYEK63N44R2,1,G,Y,E,K,6,3,N,4,4,R,2,0,P,CADI,ESC,UT,4,17,5571,,0,1160,,G,,F,8,364,,,17R265,,,,,,0,0,000000000,00000000000,0,0,0,1,0,0,0,0,0,0,0,998,0,0,0,12,12,6,2,8,0,0,0,1,51,22193,2,1,0,0,2,2,77,185,0,2,0,0,0,10,2009,10,2010,0,74,0,0,0,2,2,55,1,1,2,1,0,0,1,13,1,9,4,13,0,1
24,240359,1,1,1,25,9,3,29,8,0,1,0,24,1,6,51,6051,4,1999,2C3HE66G6XH5,2,C,3,H,E,6,6,G,6,X,H,5,0,P,CHRY,30M,4D,99,17,3474,,0,1130,,G,,F,6,215,,,17R225,,,,,,0,0,000000000,00000000000,0,0,0,1,0,0,0,0,0,0,0,998,0,0,0,12,12,6,2,8,0,0,0,1,24,21225,6,1,0,0,3,0,75,245,0,0,0,1,0,9,2011,9,2011,0,0,0,0,0,1,2,40,1,1,2,2,0,0,1,80,1,1,1,13,0,1
24,240360,1,2,1,26,9,0,10,12,1,1,0,99,9,76,706,76706,80,2002,JYARJ04E02A0,J,Y,A,R,J,0,4,E,0,2,A,0,0,M,YAMA,R6L,RC,2,17,,,,,,,599,,4,,4,365,,,,,,,0,0,000000000,00000000000,0,0,0,1,0,0,0,0,0,0,0,998,0,0,0,12,12,6,2,12,0,0,0,1,24,21044,6,1,0,0,3,0,68,165,0,0,0,0,0,0,0,0,0,1,0,0,0,0,2,2,65,1,1,2,1,0,0,1,51,1,1,1,24,1,1
24,240360,2,2,1,26,9,0,10,12,1,1,0,24,3,85,881,85881,63,2004,3BKDXUEX64F0,3,B,K,D,X,U,E,X,6,4,F,0,0,T,KW,T80,CC,4,17,,8,2600,1600,CON,D,,,6,733,,,,,00000,00,,,0,57,991275,57991275,3,2,4,1,0,0,0,0,0,0,0,998,0,0,0,6,6,4,1,12,0,0,0,1,24,20903,6,1,6,0,3,0,68,210,0,0,0,0,0,0,0,0,0,0,0,0,0,0,2,2,65,1,1,2,1,0,0,1,53,7,1,2,25,0,0
24,240361,1,2,2,21,11,14,56,12,6,1,0,24,1,12,461,12461,21,1994,1FTHE24H7RHB,1,F,T,H,E,2,4,H,7,R,H,B,0,T,FORD,25V,CG,94,17,,2,0,1380,VAN,G,,,8,351,,,,C,5067,00,B,42,0,0,000000000,00000000000,0,0,0,1,0,0,0,0,0,0,0,998,0,1,1,3,3,6,2,12,0,0,0,1,24,21921,6,1,0,0,3,0,69,175,0,0,0,3,0,5,2009,9,2011,0,99,99,99,99,1,2,25,1,1,2,1,98,8,1,17,1,1,1,87,1,0
24,240361,2,2,1,21,11,14,56,12,6,1,0,27,2,82,881,82881,66,1995,1FUYDXYB8SP6,1,F,U,Y,D,X,Y,B,8,S,P,6,1,T,FRHT,FLD,TR,95,17,,8,0,0,CON,D,,,6,893,,,,,00000,00,,64,1,88,888888888,88888888888,3,6,1,1,0,0,0,0,0,0,0,998,0,0,0,12,12,6,2,12,0,0,0,1,10,19939,6,1,6,0,3,0,72,200,0,0,0,0,0,0,0,0,0,0,99,99,99,99,1,2,25,1,1,2,1,98,8,1,66,4,2,1,86,0,0
24,240362,1,2,1,18,11,6,5,12,6,1,0,24,1,12,481,12481,31,2003,1FTRW08653KA,1,F,T,R,W,0,8,6,5,3,K,A,0,T,FORD,F1S,CW,3,17,,2,0,1388,COF,G,,,8,281,,,,B,5005,00,U,44,0,0,000000000,00000000000,0,0,0,1,0,0,0,0,0,0,0,998,0,0,0,12,12,6,2,12,0,0,0,1,24,21601,6,1,0,0,3,0,75,200,0,0,0,0,0,0,0,0,0,0,39,0,0,0,1,2,50,1,2,2,1,3,3,1,66,1,1,1,88,0,0
24,240362,2,2,1,18,11,6,5,12,6,1,0,24,1,49,40,49040,4,1996,4T1BG12K8TU7,4,T,1,B,G,1,2,K,8,T,U,7,0,P,TOYT,DLX,4D,96,17,2932,,0,1031,,G,,F,4,132,,,14R195,,,,,,0,0,000000000,00000000000,0,0,0,1,0,0,0,0,0,0,0,998,0,0,0,9,9,6,2,12,0,0,0,1,24,21601,6,1,0,0,3,0,59,120,0,0,0,0,0,0,0,0,0,0,0,0,0,0,1,2,50,1,2,2,1,3,3,1,17,1,1,1,89,1,0
24,240363,1,2,1,18,11,15,45,12,2,1,0,24,1,2,403,2403,14,1991,2J4FY19P1MJ1,2,J,4,F,Y,1,9,P,1,M,J,1,0,T,JEEP,W/S,2W,91,17,,1,0,934,W/Y,G,,,4,150,,,,,2932,01,A,44,0,0,000000000,00000000000,0,0,0,1,0,0,0,0,0,0,0,998,0,0,0,12,12,6,2,12,0,0,0,1,24,21643,6,1,0,0,3,0,66,128,0,0,0,2,2,9,2009,9,2009,0,38,0,0,0,1,2,50,1,1,2,1,0,0,11,15,1,1,1,68,0,0
24,240363,2,2,1,18,11,15,45,12,2,1,0,24,1,55,36,55036,4,2003,KMHCG35C43U2,K,M,H,C,G,3,5,C,4,3,U,2,0,P,HYUN,AGL,2H,3,17,2255,,0,961,,G,,F,4,098,,,13R175,,,,,,0,0,000000000,00000000000,0,0,0,1,0,0,0,0,0,0,0,998,0,0,0,12,12,6,2,12,0,0,0,1,24,21631,6,1,0,0,3,0,67,168,0,0,0,0,0,0,0,0,0,0,0,0,0,0,1,2,50,1,1,2,1,0,0,1,62,99,1,1,69,1,0
24,240364,1,1,5,25,11,20,5,42,0,1,0,24,2,22,22,22022,4,2008,1G2ZH57N7842,1,G,2,Z,H,5,7,N,7,8,4,2,0,P,PONT,GGT,4D,8,17,3457,,0,1123,,G,,F,6,214,,,17R225,,,,,,0,0,000000000,00000000000,0,0,0,1,0,0,0,0,0,0,0,998,0,0,0,11,12,6,2,42,0,0,0,1,24,21090,6,1,0,0,3,3,67,230,0,0,0,1,0,6,2011,6,2011,0,0,0,0,0,2,2,30,2,2,2,1,0,0,14,13,1,1,4,1,2,0