STATE,ST_CASE,VEH_NO,VE_FORMS,NUMOCCS,DAY,MONTH,HOUR,MINUTE,HARM_EV,MAN_COLL,UNITTYPE,HIT_RUN,REG_STAT,OWNER,MAKE,MODEL,MAK_MOD,BODY_TYP,MOD_YEAR,VIN,VIN_1,VIN_2,VIN_3,VIN_4,VIN_5,VIN_6,VIN_7,VIN_8,VIN_9,VIN_10,VIN_11,VIN_12,TOW_VEH,VINTYPE,VINMAKE,VINA_MOD,VIN_BT,VINMODYR,VIN_LNGT,VIN_WGT,WGTCD_TR,WHLBS_LG,WHLBS_SH,SER_TR,FUELCODE,MCYCL_DS,CARBUR,CYLINDER,DISPLACE,MCYCL_CY,MCYCL_WT,TIRE_SZE,TON_RAT,TRK_WT,TRKWTVAR,VIN_REST,WHLDRWHL,J_KNIFE,MCARR_I1,MCARR_I2,MCARR_ID,GVWR,V_CONFIG,CARGO_BT,HAZ_INV,HAZ_PLAC,HAZ_ID,HAZ_CNO,HAZ_REL,BUS_USE,SPEC_USE,EMER_USE,TRAV_SP,UNDERIDE,ROLLOVER,ROLINLOC,IMPACT1,IMPACT2,DEFORMED,TOWED,M_HARM,VEH_SC1,VEH_SC2,FIRE_EXP,DR_PRES,L_STATE,DR_ZIP,L_STATUS,L_TYPE,CDL_STAT,L_ENDORS,L_COMPL,L_RESTRI,DR_HGT,DR_WGT,PREV_ACC,PREV_SUS,PREV_DWI,PREV_SPD,PREV_OTH,FIRST_MO,FIRST_YR,LAST_MO,LAST_YR,SPEEDREL,DR_SF1,DR_SF2,DR_SF3,DR_SF4,VTRAFWAY,VNUM_LAN,VSPD_LIM,VALIGN,VPROFILE,VPAVETYP,VSURCOND,VTRAFCON,VTCONT_F,P_CRASH1,P_CRASH2,P_CRASH3,PCRASH4,PCRASH5,ACC_TYPE,DEATHS,DR_DRINK
25,250035,1,1,4,26,3,1,43,30,0,1,0,25,2,7,20,7020,4,2004,1B3ES66S34D5,1,B,3,E,S,6,6,S,3,4,D,5,0,P,DODG,NR4,4D,4,17,2869,,0,1040,,G,,T,4,146,,,17R205,,,,,,0,0,000000000,00000000000,0,0,0,1,0,0,0,0,0,0,0,998,0,1,5,12,98,6,2,30,0,0,0,1,25,1527,6,2,0,0,3,2,70,999,0,0,0,0,0,0,0,0,0,1,91,73,58,36,1,2,35,1,8,8,1,0,0,1,12,6,4,4,7,1,0
25,250036,1,1,1,27,3,21,56,25,0,1,0,25,1,20,481,20481,31,2005,2GCEK13TX511,2,G,C,E,K,1,3,T,X,5,1,1,0,T,CHEV,SK1,CW,5,17,,2,0,1435,SIL,G,,,8,323,,,,B,5299,00,,44,0,0,000000000,00000000000,0,0,0,1,0,0,0,0,0,0,0,998,0,1,5,1,98,6,2,1,0,0,0,1,25,1970,6,1,0,0,3,3,68,999,2,0,0,0,0,10,2008,12,2008,1,8,0,0,0,6,2,30,2,8,8,1,0,0,14,13,1,2,4,2,1,1
25,250037,1,1,2,2,4,2,25,42,0,1,0,25,1,7,43,7043,4,2000,1B3EJ46X2YN1,1,B,3,E,J,4,6,X,2,Y,N,1,0,P,DODG,SSE,4D,0,17,2937,,0,1080,,G,,F,4,148,,,14R195,,,,,,0,0,000000000,00000000000,0,0,0,1,0,0,0,0,0,0,0,998,0,0,0,98,98,6,2,42,0,0,0,1,25,2125,6,1,0,0,3,0,70,999,0,2,0,0,1,4,2010,2,2011,0,99,99,99,99,1,2,25,1,1,8,1,0,0,1,12,1,1,4,6,1,0
25,250038,1,1,1,7,4,7,23,34,0,1,0,33,2,41,35,41035,4,2001,JM1BJ222X104,J,M,1,B,J,2,2,2,X,1,0,4,0,P,MAZD,PDL,4D,1,17,2493,,0,1028,,G,,F,4,097,,,14R185,,,,,,0,0,000000000,00000000000,0,0,0,1,0,0,0,0,0,0,0,998,0,1,6,98,98,6,2,1,0,0,0,1,33,3461,6,1,3,0,3,3,72,237,0,0,0,0,0,0,0,0,0,0,0,0,0,0,1,2,30,1,1,8,1,0,0,1,13,1,1,4,1,1,0
25,250039,1,1,3,5,6,7,18,24,0,1,0,33,2,20,481,20481,31,2001,2GCEK19TX111,2,G,C,E,K,1,9,T,X,1,1,1,0,T,CHEV,SK1,4C,1,17,,2,1575,1435,SIL,G,,,8,325,,,,B,4776,00,,44,0,0,000000000,00000000000,0,0,0,1,0,0,0,0,0,0,0,998,0,1,5,62,12,6,2,1,0,0,0,1,33,3103,6,1,0,0,3,0,76,270,0,0,0,0,0,0,0,0,0,1,0,0,0,0,3,2,55,1,1,2,1,0,0,1,12,99,1,4,6,1,0
25,250040,1,3,1,19,6,1,30,12,7,1,0,25,1,53,706,53706,80,2008,JS1GX72AX821,J,S,1,G,X,7,2,A,X,8,2,1,0,M,SUZI,GXR,RC,8,17,,,,,,,1340,,4,,4,485,,,,,,,0,0,000000000,00000000000,0,0,0,1,0,0,0,0,0,0,0,998,0,0,0,81,12,6,2,12,0,0,0,1,25,1107,6,1,0,0,3,0,70,999,0,0,0,0,0,0,0,0,0,1,0,0,0,0,3,3,65,1,1,2,1,0,0,1,6,1,1,2,44,1,0
25,250040,2,3,1,19,6,1,30,12,7,1,0,25,1,53,706,53706,80,2006,JS1GW71A1621,J,S,1,G,W,7,1,A,1,6,2,1,0,M,SUZI,GXR,RC,6,17,,,,,,,1298,,4,,4,478,,,,,,,0,0,000000000,00000000000,0,0,0,1,0,0,0,0,0,0,0,998,0,0,0,61,61,6,2,12,0,0,0,1,25,1118,6,1,0,0,3,0,67,999,0,0,0,0,0,0,0,0,0,1,0,0,0,0,3,3,65,1,1,2,1,0,0,1,61,1,1,1,45,0,0
25,250040,3,3,1,19,6,1,30,12,7,1,0,25,1,58,39,58039,6,2007,JNRAS08W37X2,J,N,R,A,S,0,8,W,3,7,X,2,0,P,INFI,IFX,UT,7,17,4314,,0,1122,,G,,F,6,213,,,18R265,,,,,,0,0,000000000,00000000000,0,0,0,1,0,0,0,0,0,0,0,998,0,0,0,6,6,4,3,12,0,0,0,1,25,1532,6,1,0,0,3,0,74,999,0,0,0,0,0,0,0,0,0,0,0,0,0,0,3,3,65,1,1,2,1,0,0,1,53,1,1,1,98,0,0
25,250041,1,1,1,26,5,17,29,42,0,1,0,25,1,37,32,37032,4,2002,1HGCF86602A0,1,H,G,C,F,8,6,6,0,2,A,0,0,P,HOND,UVP,4D,2,17,3053,,0,1069,,G,,F,4,138,,,14R195,,,,,,0,0,000000000,00000000000,0,0,0,1,0,0,0,0,0,0,0,998,0,0,0,12,12,6,2,42,0,0,0,1,25,1747,6,1,0,0,3,0,69,999,0,0,0,0,0,0,0,0,0,0,0,0,0,0,1,2,40,2,1,2,1,0,0,10,10,1,1,4,6,1,0
25,250042,1,1,1,7,6,16,37,26,0,1,0,25,1,49,40,49040,4,2003,4T1BE32KX3U7,4,T,1,B,E,3,2,K,X,3,U,7,0,P,TOYT,UXS,4D,3,17,2993,,0,1071,,G,,F,4,144,,,15R205,,,,,,0,0,000000000,00000000000,0,0,0,1,0,0,0,0,0,0,0,998,0,0,0,62,12,6,2,42,0,0,0,1,25,2190,6,1,0,9,3,0,69,999,0,0,0,0,0,0,0,0,0,0,0,0,0,0,3,3,60,1,1,2,1,0,0,1,13,1,1,4,1,1,0
25,250043,1,1,1,7,4,22,25,42,0,1,0,25,1,37,31,37031,4,2010,2HGFA1F56AH3,2,H,G,F,A,1,F,5,6,A,H,3,0,P,HOND,UCL,4D,10,17,2754,,0,1063,,G,,F,4,110,,,16R205,,,,,,0,0,000000000,00000000000,0,0,0,1,0,0,0,0,0,0,0,998,0,1,5,1,98,6,2,42,0,0,0,1,25,2472,6,1,0,0,3,0,66,999,0,0,0,0,0,0,0,0,0,1,0,0,0,0,3,3,65,1,1,8,1,0,0,1,13,1,1,4,1,1,1
25,250044,1,1,1,9,4,1,18,18,0,1,0,8,2,41,45,41045,1,1992,JM1NA3519N03,J,M,1,N,A,3,5,1,9,N,0,3,0,P,MAZD,MIA,CV,92,17,2093,,0,892,,G,,F,4,098,,,14R185,,,,,,0,0,000000000,00000000000,0,0,0,1,0,0,0,0,0,0,0,67,0,1,6,12,98,6,2,1,0,0,0,1,25,2667,6,1,0,0,3,3,69,999,0,2,0,1,4,4,2009,5,2010,1,0,0,0,0,1,4,40,3,1,8,1,28,3,14,13,1,1,4,1,1,1
25,250045,1,2,1,11,4,7,30,12,6,1,0,12,1,12,481,12481,31,2002,1FTRW07602KC,1,F,T,R,W,0,7,6,0,2,K,C,0,T,FORD,F1S,CW,2,17,,2,0,1385,COF,G,,,8,281,,,,B,4655,02,E,42,0,0,000000000,00000000000,0,0,0,1,0,0,0,0,0,0,0,998,0,0,0,11,98,6,2,12,0,0,0,1,25,1905,2,1,0,0,2,0,73,999,0,1,0,0,0,1,2011,1,2011,0,0,0,0,0,1,2,98,1,1,8,98,0,0,1,62,1,1,1,65,0,0
25,250045,2,2,1,11,4,7,30,12,6,1,0,25,1,7,43,7043,2,2003,4B3AG52H03E1,4,B,3,A,G,5,2,H,0,3,E,1,0,P,DODG,SRS,CP,3,17,3115,,0,1037,,G,,F,6,181,,,17R215,,,,,,0,0,000000000,00000000000,0,0,0,1,0,0,0,0,0,0,0,998,0,0,0,12,98,6,2,12,0,0,0,1,25,2155,1,1,0,0,2,0,70,999,0,3,0,0,5,11,2010,3,2011,0,0,0,0,0,1,2,98,1,1,8,98,0,0,1,10,1,1,2,64,1,0
25,250046,1,2,1,12,4,21,4,12,6,1,0,25,1,54,32,54032,4,1991,JH4KA7664MC0,J,H,4,K,A,7,6,6,4,M,C,0,0,P,ACUR,LEL,4D,91,17,3170,,0,1146,,G,,F,6,196,,,15R205,,,,,,0,0,000000000,00000000000,0,0,0,1,0,0,0,0,0,0,0,998,0,0,0,9,98,6,2,12,0,0,0,1,25,2740,6,1,0,0,3,3,74,999,3,0,0,0,0,11,2008,12,2009,0,39,0,0,0,4,1,98,1,1,8,2,20,3,11,15,1,1,1,82,1,0
25,250046,2,2,1,12,4,21,4,12,6,1,0,25,1,37,33,37033,2,1995,JHMBB2150SC0,J,H,M,B,B,2,1,5,0,S,C,0,0,P,HOND,SSR,CP,95,17,2773,,0,1004,,G,,F,4,138,,,15R205,,,,,,0,0,000000000,00000000000,0,0,0,1,0,0,0,0,0,0,0,998,0,0,0,12,12,6,2,12,0,0,0,1,25,2743,1,1,0,0,2,0,70,999,1,3,0,0,5,8,2010,3,2011,0,0,0,0,0,1,2,98,1,1,8,2,0,0,1,67,1,1,1,83,0,0
25,250047,1,1,1,30,3,13,3,9,0,1,0,25,1,35,43,35043,4,2007,3N1AB61E77L6,3,N,1,A,B,6,1,E,7,7,L,6,0,P,NISS,SL2,4D,7,17,2853,,0,1057,,G,,F,4,122,,,15R205,,,,,,0,0,000000000,00000000000,0,0,0,1,0,0,0,0,0,0,0,998,0,0,0,12,12,2,9,9,0,0,0,1,25,1746,6,1,0,0,3,0,67,999,0,0,0,0,0,0,0,0,0,9,99,99,99,99,1,2,40,1,1,2,1,0,0,1,85,99,9,9,13,0,0
25,250048,1,1,1,12,4,18,56,33,0,1,0,25,1,12,37,12037,4,2009,1FAHP36N59W2,1,F,A,H,P,3,6,N,5,9,W,2,0,P,FORD,FOS,4D,9,17,2623,,0,1029,,G,,F,4,122,,,17R215,,,,,,0,0,000000000,00000000000,0,0,0,1,0,0,0,0,0,0,0,75,0,0,0,1,9,6,2,19,0,0,0,1,25,1950,6,1,0,0,3,3,63,999,0,0,0,0,0,0,0,0,0,1,0,0,0,0,1,2,30,3,1,8,1,0,0,14,13,1,1,4,1,1,0
25,250049,1,1,1,14,4,19,47,1,0,1,0,25,1,12,471,12471,30,2001,1FTYR14E81TA,1,F,T,Y,R,1,4,E,8,1,T,A,0,T,FORD,RNS,PC,1,17,,1,0,1257,RNG,G,,,6,245,,,,B,3271,00,U,42,0,0,000000000,00000000000,0,0,0,1,0,0,0,0,0,0,0,998,0,2,3,0,14,6,2,1,0,0,0,1,25,1757,6,1,0,0,3,3,69,999,0,0,0,0,0,0,0,0,0,0,58,0,0,0,2,3,65,1,1,8,1,0,0,1,12,6,4,4,7,1,1
25,250050,1,1,2,16,4,4,51,38,0,1,0,25,2,20,22,20022,4,2008,1G1AL58F6871,1,G,1,A,L,5,8,F,6,8,7,1,0,P,CHEV,BLT,4D,8,17,3216,,0,1033,,G,,F,4,134,,,15R195,,,,,,0,0,000000000,00000000000,0,0,0,1,0,0,0,0,0,0,0,998,0,0,0,98,3,6,2,42,0,0,0,1,25,1085,1,1,0,0,2,2,64,999,0,3,0,0,4,8,2009,8,2010,1,8,74,0,0,1,2,30,1,1,8,1,0,0,1,12,1,4,4,7,1,0
25,250051,1,1,1,25,4,12,0,42,0,1,0,25,1,35,47,35047,4,2002,1N4BL11E92C1,1,N,4,B,L,1,1,E,9,2,C,1,0,P,NISS,ABE,4D,2,17,3099,,0,1102,,G,,F,6,214,,,17R215,,,,,,0,0,000000000,00000000000,0,0,0,1,0,0,0,0,0,0,0,998,0,0,0,12,12,6,2,42,0,0,1,1,25,2720,6,1,0,0,3,0,61,999,0,8,0,3,1,8,2008,3,2010,0,58,0,0,0,2,2,65,3,1,8,1,0,0,14,12,6,4,4,7,1,0
25,250052,1,3,2,20,4,14,38,12,6,1,0,25,1,49,40,49040,4,2002,4T1BF30K82U5,4,T,1,B,F,3,0,K,8,2,U,5,0,P,TOYT,LXS,4D,2,17,3296,,0,1071,,G,,F,6,183,,,15R205,,,,,,0,0,000000000,00000000000,0,0,0,1,0,0,0,0,0,0,0,998,0,0,0,82,98,6,2,12,0,0,0,1,25,1062,6,1,0,0,3,0,63,999,0,0,0,0,0,0,0,0,0,0,38,48,0,0,1,4,40,1,1,8,1,0,0,11,15,1,1,1,68,1,0
25,250052,2,3,1,20,4,14,38,12,6,1,0,25,1,20,431,20431,16,1997,3GNFK16RXVG1,3,G,N,F,K,1,6,R,X,V,G,1,0,P,CHEV,K15,UT,97,17,5234,,0,1315,,G,,F,8,350,,,16R245,,,,,,0,0,000000000,00000000000,0,0,0,1,0,0,0,0,0,0,0,998,0,0,0,12,12,6,2,12,0,0,0,1,25,1089,6,1,0,0,3,3,67,999,0,0,0,0,0,0,0,0,0,0,0,0,0,0,1,4,40,1,1,8,1,0,0,1,62,1,1,1,69,0,0
25,250052,3,3,1,20,4,14,38,12,6,1,0,25,2,49,32,49032,4,2007,2T1BR32E57C8,2,T,1,B,R,3,2,E,5,7,C,8,0,P,TOYT,UCS,4D,7,17,2530,,0,1024,,G,,F,4,109,,,15R185,,,,,,0,0,000000000,00000000000,0,0,0,1,0,0,0,0,0,0,0,0,0,0,0,62,62,6,2,12,0,0,0,1,25,1085,6,1,0,0,3,3,65,999,0,0,0,0,1,12,2008,12,2008,0,0,0,0,0,1,2,40,1,1,8,1,3,3,5,67,1,1,1,98,0,0
25,250053,1,3,1,12,5,11,42,12,6,1,0,25,1,6,441,6441,20,1999,1C4GP54L2XB8,1,C,4,G,P,5,4,L,2,X,B,8,0,T,CHRY,LXL,ES,99,17,,1,0,1193,TWC,G,,,6,230,,,,,3953,00,,42,0,0,000000000,00000000000,0,0,0,1,0,0,0,0,0,0,0,998,0,0,0,12,98,6,2,12,0,0,0,1,25,2657,6,1,0,0,3,3,65,999,0,0,0,0,0,0,0,0,0,0,0,0,0,0,1,4,40,1,1,8,1,0,0,1,10,1,1,2,64,1,0
25,250053,2,3,1,12,5,11,42,12,6,1,0,25,1,48,34,48034,6,2000,4S3BH6861Y76,4,S,3,B,H,6,8,6,1,Y,7,6,0,P,SUBA,UBK,SW,0,17,3500,,0,1043,,G,,F,4,153,,,16R225,,,,,,0,0,000000000,00000000000,0,0,0,1,0,0,0,0,0,0,0,45,0,0,0,1,12,6,2,12,0,0,0,1,25,2667,6,1,0,0,3,3,67,999,0,0,0,0,0,0,0,0,0,0,0,0,0,0,1,4,40,1,1,8,1,0,0,1,62,1,1,1,65,0,0
25,250053,3,3,1,12,5,11,42,12,6,1,0,25,1,63,37,63037,6,2011,KNDJT2A10B72,K,N,D,J,T,2,A,1,0,B,7,2,0,P,KIA,SOU,UT,11,17,2560,,0,1004,,G,,F,4,098,,,15R195,,,,,,0,0,000000000,00000000000,0,0,0,1,0,0,0,0,0,0,0,998,0,0,0,12,12,6,2,12,0,0,0,1,25,2657,6,1,0,0,3,0,70,999,0,0,0,2,1,4,2009,9,2010,0,0,0,0,0,1,4,40,1,1,8,1,0,0,1,51,3,1,1,98,0,0
25,250054,1,2,1,27,5,13,4,12,6,1,0,25,1,55,36,55036,4,2003,KMHCG45C83U4,K,M,H,C,G,4,5,C,8,3,U,4,0,P,HYUN,AGL,4D,3,17,2280,,0,961,,G,,F,4,098,,,13R175,,,,,,0,0,000000000,00000000000,0,0,0,1,0,0,0,0,0,0,0,998,0,0,0,2,2,6,2,12,0,0,0,1,25,1040,6,1,0,0,3,0,60,999,0,0,0,0,0,0,0,0,0,0,38,0,0,0,1,2,30,1,1,2,1,0,0,11,15,99,9,9,68,0,0
25,250054,2,2,2,27,5,13,4,12,6,1,0,25,1,35,39,35039,4,1990,JN1HJ01P1LT4,J,N,1,H,J,0,1,P,1,L,T,4,0,P,NISS,MAX,4D,90,17,3140,,0,1043,,G,,F,6,181,,,15R205,,,,,,0,0,000000000,00000000000,0,0,0,1,0,0,0,0,0,0,0,998,0,0,0,12,12,6,2,12,0,0,0,1,25,1129,6,1,0,0,3,0,72,999,0,0,0,0,0,0,0,0,0,0,0,0,0,0,1,2,30,1,1,2,1,0,0,1,62,99,9,9,69,1,0
25,250055,1,2,2,30,4,14,14,12,2,1,0,25,1,24,1,24001,4,2002,1G8ZF52852Z2,1,G,8,Z,F,5,2,8,5,2,Z,2,0,P,STRN,SSL,4D,2,17,2351,,0,1024,,G,,F,4,116,,,14R185,,,,,,0,0,000000000,00000000000,0,0,0,1,0,0,0,0,0,0,0,998,0,0,0,12,12,6,2,12,0,0,0,1,25,2780,6,1,0,0,3,0,64,999,1,0,0,1,0,10,2009,7,2010,0,28,0,0,0,1,2,35,2,1,2,1,0,0,14,10,1,1,2,50,1,0
25,250055,2,2,2,30,4,14,14,12,2,1,0,25,1,20,481,20481,31,2004,2GCEK19N3411,2,G,C,E,K,1,9,N,3,4,1,1,0,T,CHEV,SK1,4C,4,17,,2,0,1435,SIL,G,,,8,366,,,,B,5013,00,,44,0,0,000000000,00000000000,0,0,0,1,0,0,0,0,0,0,0,998,0,0,0,12,12,6,2,12,0,0,0,1,25,2767,6,1,0,0,3,0,72,999,0,0,0,1,1,8,2008,9,2009,0,0,0,0,0,1,2,35,3,1,2,1,0,0,14,62,1,1,1,51,0,0
25,250056,1,2,1,25,6,7,18,12,2,1,0,25,2,49,402,49402,14,2000,JT3HP10V7Y71,J,T,3,H,P,1,0,V,7,Y,7,1,0,P,TOYT,RV4,UT,0,17,2844,,0,949,,G,,F,4,122,,,16R215,,,,,,0,0,000000000,00000000000,0,0,0,1,0,0,0,0,0,0,0,998,0,0,0,12,12,6,2,12,0,0,0,1,25,2723,6,1,0,0,3,0,71,999,0,3,0,0,0,3,2010,4,2011,0,51,0,0,0,1,2,99,1,1,2,1,0,0,1,10,1,1,6,50,1,1
25,250056,2,2,3,25,6,7,18,12,2,1,0,25,3,12,880,12880,67,2009,1FDWF37R79EA,1,F,D,W,F,3,7,R,7,9,E,A,0,T,FORD,F3D,CB,9,17,,3,0,1370,DRW,D,,,8,390,,,,D,6427,01,U,44,0,99,999999999,99999999999,2,1,97,1,0,0,0,0,0,0,0,998,0,0,0,12,12,6,2,12,0,0,0,1,25,2721,6,1,0,0,3,0,68,999,0,0,0,0,0,0,0,0,0,0,0,0,0,0,1,2,99,1,1,2,1,0,0,1,62,9,1,1,51,0,0
25,250057,1,2,1,25,1,13,0,12,2,1,0,25,1,14,37,14037,4,1997,1MELM6535VK6,1,M,E,L,M,6,5,3,5,V,K,6,0,P,MERC,MSG,4D,97,17,0,,0,1065,,G,,F,4,121,,,14R185,,,,,,0,0,000000000,00000000000,0,0,0,1,0,0,0,0,0,0,0,998,0,0,0,12,12,6,2,12,0,0,0,1,25,2745,6,1,0,0,3,3,68,999,0,0,0,0,0,0,0,0,0,0,0,0,0,0,1,2,98,1,8,8,4,0,0,1,10,1,1,2,50,1,0
25,250057,2,2,2,25,1,13,0,12,2,1,0,25,1,7,442,7442,20,2002,1B4GP25372B6,1,B,4,G,P,2,5,3,7,2,B,6,0,P,DODG,CAR,SV,2,17,3766,,0,1133,,F,,F,6,201,,,17R215,,,,,,0,0,000000000,00000000000,0,0,0,1,0,0,0,0,0,0,0,998,0,0,0,12,12,6,2,12,0,0,0,1,25,2747,1,1,0,0,2,0,68,999,0,2,0,0,0,2,2009,7,2010,0,0,0,0,0,1,2,98,1,8,8,4,0,0,1,62,1,1,1,51,0,0
25,250058,1,1,1,1,5,19,25,53,0,1,0,25,1,72,706,72706,80,2005,1HD1FFW175Y6,1,H,D,1,F,F,W,1,7,5,Y,6,0,M,HD,TCI,RS,5,17,,,,,,,1450,,2,,4,776,,,,,,,0,0,000000000,00000000000,0,0,0,1,0,0,0,0,0,0,0,998,0,0,0,12,12,6,2,53,0,0,0,1,25,1701,6,1,0,0,3,0,73,999,0,0,0,0,0,0,0,0,0,1,36,0,0,0,1,2,35,3,2,2,1,0,0,14,6,99,9,5,2,1,1
25,250059,1,1,3,27,4,0,17,24,0,1,0,25,1,34,34,34034,4,1998,WBACD3320WAV,W,B,A,C,D,3,3,2,0,W,A,V,0,P,BMW,28I,4D,98,17,3131,,0,1063,,G,,F,6,170,,,15R205,,,,,,0,0,000000000,00000000000,0,0,0,1,0,0,0,0,0,0,0,998,0,0,0,61,12,6,2,24,0,0,0,1,25,1085,6,1,0,0,3,0,68,999,0,0,0,0,0,0,0,0,0,1,36,0,0,0,1,2,45,1,1,2,1,0,0,1,6,8,9,4,2,1,0
25,250062,1,1,1,24,5,10,41,24,0,1,0,25,1,2,404,2404,14,2005,1J4GR48K55C5,1,J,4,G,R,4,8,K,5,5,C,5,0,T,JEEP,LCF,4W,5,17,,1,0,1095,GCK,G,,,6,226,,,,,4335,00,E,44,0,0,000000000,00000000000,0,0,0,1,0,0,0,0,0,0,0,998,0,1,6,12,13,6,2,58,0,0,0,1,25,1376,6,1,0,0,3,0,70,999,0,0,0,0,0,0,0,0,0,9,99,99,99,99,1,2,20,1,1,2,1,0,0,1,14,1,1,4,14,1,0
25,250063,1,1,1,1,5,5,19,59,0,1,0,25,1,72,706,72706,80,2006,1HD1FCW136Y6,1,H,D,1,F,C,W,1,3,6,Y,6,0,M,HD,FLU,RS,6,17,,,,,,,1450,,2,,4,788,,,,,,,0,0,000000000,00000000000,0,0,0,1,0,0,0,0,0,0,0,998,0,0,0,11,11,6,2,59,0,0,0,1,25,1757,6,1,0,0,3,0,67,999,0,0,0,1,0,6,2009,6,2009,1,99,99,99,99,6,1,65,1,1,2,1,0,0,1,6,99,9,4,2,1,1
25,250064,1,1,1,28,4,20,9,33,0,1,0,25,1,35,401,35401,14,2008,5N1AR18B38C6,5,N,1,A,R,1,8,B,3,8,C,6,0,P,NISS,PFI,UT,8,17,4684,,0,1122,,G,,F,6,244,,,16R245,,,,,,0,0,000000000,00000000000,0,0,0,1,0,0,0,0,0,0,0,998,0,0,0,12,12,6,2,8,0,0,0,1,25,1609,6,1,0,0,3,0,71,999,0,0,0,0,0,0,0,0,0,1,36,0,0,0,1,4,30,1,9,2,1,3,3,1,8,12,2,5,2,0,1
25,250065,1,1,1,14,6,21,19,8,0,1,0,25,3,54,399,54399,9,2000,999999999999,9,9,9,9,9,9,9,9,9,9,9,9,0,,,,,,,,,,,,,,,,,,,,,,,,,0,0,000000000,00000000000,0,0,0,1,0,0,0,0,0,0,0,998,0,0,0,12,12,2,3,8,0,0,0,1,25,2026,6,1,0,0,3,0,67,999,0,0,0,1,0,2,2009,2,2009,9,86,0,0,0,3,2,35,1,1,2,1,3,3,1,80,99,1,1,13,0,0
25,250066,1,1,1,26,4,17,43,42,0,1,0,33,2,73,706,73706,80,1999,JKAZXDP12XA0,J,K,A,Z,X,D,P,1,2,X,A,0,0,M,KAWK,Z7P,RC,99,17,,,,,,,750,,4,,4,448,,,,,,,0,0,000000000,00000000000,0,0,0,1,0,0,0,0,0,0,0,998,0,0,0,12,12,6,2,42,0,0,0,1,25,1835,6,1,0,0,3,0,71,999,0,0,0,0,0,0,0,0,0,1,36,0,0,0,1,2,35,9,9,2,1,0,0,99,6,99,9,4,2,1,1
25,250067,1,1,1,17,6,8,25,42,0,1,0,25,1,49,40,49040,4,2002,4T1BF30K02U0,4,T,1,B,F,3,0,K,0,2,U,0,0,P,TOYT,LXS,4D,2,17,3296,,0,1071,,G,,F,6,183,,,15R205,,,,,,0,0,000000000,00000000000,0,0,0,1,0,0,0,0,0,0,0,998,0,0,0,12,12,6,2,42,0,0,0,1,25,2356,6,1,0,0,3,0,70,999,0,0,0,0,0,0,0,0,0,1,58,0,0,0,1,2,45,1,3,2,1,0,0,1,6,9,4,4,2,1,0
25,250068,1,2,2,29,6,16,51,12,6,1,0,25,1,12,23,12023,4,2011,3FAHP0HG9BR1,3,F,A,H,P,0,H,G,9,B,R,1,0,P,FORD,F/E,4D,11,17,0,,0,1074,,F,,F,6,183,,,17R225,,,,,,0,0,000000000,00000000000,0,0,0,1,0,0,0,0,0,0,0,998,0,0,0,3,3,6,2,12,0,0,0,1,25,2726,6,1,0,0,3,3,67,999,1,0,0,0,0,8,2010,8,2010,0,38,0,0,0,1,2,98,1,1,8,1,0,0,11,98,1,1,1,84,1,0
25,250068,2,2,1,29,6,16,51,12,6,1,0,25,1,35,47,35047,4,2002,1N4AL11D12C1,1,N,4,A,L,1,1,D,1,2,C,1,0,P,NISS,ABS,4D,2,17,2873,,0,1102,,G,,F,4,153,,,16R205,,,,,,0,0,000000000,00000000000,0,0,0,1,0,0,0,0,0,0,0,998,0,0,0,12,12,6,2,12,0,0,0,1,25,2777,6,1,0,0,3,0,66,999,1,3,0,1,0,10,2008,2,2011,0,0,0,0,0,1,2,98,1,1,8,1,0,0,1,70,1,1,1,84,0,0
25,250070,1,1,2,16,7,14,51,5,0,1,0,25,1,41,441,41441,20,2004,JM3LW28A6405,J,M,3,L,W,2,8,A,6,4,0,5,0,P,MAZD,MWG,SV,4,17,3794,,0,1118,,G,,F,6,181,,,16R215,,,,,,0,0,000000000,00000000000,0,0,0,1,0,0,0,0,0,0,0,998,0,0,0,0,0,0,1,5,0,0,0,1,25,1107,6,1,0,0,3,0,66,999,0,0,0,1,0,12,2009,12,2009,0,0,0,0,0,1,2,30,1,8,2,1,0,0,1,98,1,1,1,0,1,0
25,250071,1,1,4,24,2,21,16,1,0,1,0,25,1,7,43,7043,2,2002,4B3AG52H82E0,4,B,3,A,G,5,2,H,8,2,E,0,0,P,DODG,SRS,CP,2,17,3100,,0,1037,,G,,F,6,181,,,17R215,,,,,,0,0,000000000,00000000000,0,0,0,1,0,0,0,0,0,0,0,998,0,1,3,0,11,6,2,1,0,0,0,1,25,1108,6,1,0,0,3,0,62,999,0,0,0,0,0,0,0,0,0,9,99,99,99,99,2,3,65,1,9,2,2,0,0,1,9,99,9,4,7,2,0
25,250073,1,2,2,10,7,0,28,12,2,1,0,25,1,20,481,20481,31,2007,1GCEK19JX7Z5,1,G,C,E,K,1,9,J,X,7,Z,5,0,T,CHEV,SK1,4C,7,17,,2,1575,1339,SIL,G,,,8,323,,,,B,5236,02,,44,0,0,000000000,00000000000,0,0,0,1,0,0,0,0,0,0,0,998,0,0,0,12,12,6,2,12,0,0,0,1,25,2360,6,1,0,0,3,0,70,999,0,0,0,0,0,0,0,0,0,0,51,0,0,0,1,2,30,1,9,2,1,0,0,1,10,1,1,2,50,0,0