STATE,ST_CASE,VEH_NO,VE_FORMS,NUMOCCS,DAY,MONTH,HOUR,MINUTE,HARM_EV,MAN_COLL,UNITTYPE,HIT_RUN,REG_STAT,OWNER,MAKE,MODEL,MAK_MOD,BODY_TYP,MOD_YEAR,VIN,VIN_1,VIN_2,VIN_3,VIN_4,VIN_5,VIN_6,VIN_7,VIN_8,VIN_9,VIN_10,VIN_11,VIN_12,TOW_VEH,VINTYPE,VINMAKE,VINA_MOD,VIN_BT,VINMODYR,VIN_LNGT,VIN_WGT,WGTCD_TR,WHLBS_LG,WHLBS_SH,SER_TR,FUELCODE,MCYCL_DS,CARBUR,CYLINDER,DISPLACE,MCYCL_CY,MCYCL_WT,TIRE_SZE,TON_RAT,TRK_WT,TRKWTVAR,VIN_REST,WHLDRWHL,J_KNIFE,MCARR_I1,MCARR_I2,MCARR_ID,GVWR,V_CONFIG,CARGO_BT,HAZ_INV,HAZ_PLAC,HAZ_ID,HAZ_CNO,HAZ_REL,BUS_USE,SPEC_USE,EMER_USE,TRAV_SP,UNDERIDE,ROLLOVER,ROLINLOC,IMPACT1,IMPACT2,DEFORMED,TOWED,M_HARM,VEH_SC1,VEH_SC2,FIRE_EXP,DR_PRES,L_STATE,DR_ZIP,L_STATUS,L_TYPE,CDL_STAT,L_ENDORS,L_COMPL,L_RESTRI,DR_HGT,DR_WGT,PREV_ACC,PREV_SUS,PREV_DWI,PREV_SPD,PREV_OTH,FIRST_MO,FIRST_YR,LAST_MO,LAST_YR,SPEEDREL,DR_SF1,DR_SF2,DR_SF3,DR_SF4,VTRAFWAY,VNUM_LAN,VSPD_LIM,VALIGN,VPROFILE,VPAVETYP,VSURCOND,VTRAFCON,VTCONT_F,P_CRASH1,P_CRASH2,P_CRASH3,PCRASH4,PCRASH5,ACC_TYPE,DEATHS,DR_DRINK
25,250219,2,3,1,19,10,10,7,12,6,1,0,25,1,14,38,14038,2,2000,1ZWFT61L3Y56,1,Z,W,F,T,6,1,L,3,Y,5,6,0,P,MERC,CU6,2H,0,17,2881,,0,1064,,G,,F,6,155,,,15R205,,,,,,0,0,000000000,00000000000,0,0,0,1,0,0,0,0,0,0,0,58,0,0,0,12,81,6,2,12,0,0,0,1,25,2322,6,1,0,0,3,0,70,999,0,0,0,1,0,12,2009,12,2009,1,28,36,51,0,1,2,30,3,1,2,2,0,0,14,6,1,1,2,64,1,0
25,250219,3,3,1,19,10,10,7,12,6,1,0,25,3,12,481,12481,31,2001,1FTSF31F81EB,1,F,T,S,F,3,1,F,8,1,E,B,0,T,FORD,F3S,PK,1,17,,2,0,1370,SRW,D,,,8,444,,,,D,5449,07,U,44,0,0,000000000,00000000000,0,0,0,1,0,0,0,0,0,0,0,999,0,0,0,12,12,6,2,12,0,0,0,1,25,2061,6,1,6,0,3,0,68,999,2,6,0,3,3,5,2009,8,2011,0,0,0,0,0,1,2,30,8,1,2,2,0,0,1,78,6,1,1,98,0,0
25,250220,1,2,1,4,11,16,21,12,1,1,0,25,3,59,32,59032,4,2002,JTHBN30F9200,J,T,H,B,N,3,0,F,9,2,0,0,0,P,LEXS,L43,4D,2,17,3955,,0,1152,,G,,F,8,262,,,16R225,,,,,,0,0,000000000,00000000000,0,0,0,1,0,0,0,0,0,0,0,998,0,0,0,12,12,6,2,12,0,0,0,1,25,1542,6,1,0,0,3,3,64,999,0,0,0,0,0,0,0,0,0,9,99,99,99,99,1,2,45,1,8,2,1,0,0,1,51,1,1,1,24,1,0
25,250220,2,2,1,4,11,16,21,12,1,1,0,25,1,86,881,86881,63,1975,DM685SX24996,D,M,6,8,5,S,X,2,4,9,9,6,0,T,MACK,,,75,12,,,,,,,,,,,,,,,,,,,0,77,777777777,77777777777,3,2,4,1,0,0,0,0,0,0,0,998,0,0,0,6,6,4,3,12,0,0,0,1,25,1524,6,1,6,0,3,0,68,999,0,0,0,0,0,0,0,0,0,0,0,0,0,0,1,2,45,1,8,2,1,0,0,1,53,1,1,1,25,0,0
25,250221,1,2,1,22,11,20,25,8,0,1,0,25,1,13,5,13005,4,1998,1LNFM97V3WY6,1,L,N,F,M,9,7,V,3,W,Y,6,0,P,LINC,CON,4D,98,17,3868,,0,1090,,G,,F,8,281,,,16R225,,,,,,0,0,000000000,00000000000,0,0,0,1,0,0,0,0,0,0,0,37,0,0,0,12,12,2,3,8,0,0,0,1,25,2189,6,1,0,0,3,3,66,999,0,0,0,0,0,0,0,0,0,0,36,0,0,0,1,2,35,1,8,2,1,0,0,1,80,1,1,1,13,0,0
25,250221,2,2,1,22,11,20,25,8,0,1,0,25,1,7,43,7043,4,1997,1B3EJ46X8VN7,1,B,3,E,J,4,6,X,8,V,N,7,0,P,DODG,STR,4D,97,17,2912,,0,1080,,G,,F,4,148,,,14R195,,,,,,0,0,000000000,00000000000,0,0,0,1,0,0,0,0,0,0,0,998,0,0,0,12,12,2,3,8,0,0,0,1,25,2189,6,1,0,0,3,3,57,999,0,0,0,0,0,0,0,0,0,0,36,0,0,0,1,2,35,1,8,2,1,0,0,1,80,1,1,1,98,0,0
25,250222,1,1,1,15,6,17,36,42,0,1,0,25,2,49,40,49040,4,1997,4T1BG22K6VU1,4,T,1,B,G,2,2,K,6,V,U,1,0,P,TOYT,UEX,4D,97,17,2976,,0,1051,,G,,F,4,132,,,14R195,,,,,,0,0,000000000,00000000000,0,0,0,1,0,0,0,0,0,0,0,998,0,0,0,12,12,8,8,42,0,0,0,1,25,2764,6,1,0,0,3,0,70,999,0,0,0,0,0,0,0,0,0,9,99,99,99,99,1,2,40,1,1,2,1,0,0,98,12,99,9,4,6,1,1
25,250223,1,1,1,1,7,22,21,8,0,1,1,25,1,99,999,99999,99,9999,999999999999,9,9,9,9,9,9,9,9,9,9,9,9,0,,,,,,,,,,,,,,,,,,,,,,,,,0,0,000000000,00000000000,0,0,0,1,0,0,0,0,0,0,0,998,0,0,0,12,98,4,3,8,0,0,0,1,25,2649,6,1,0,0,3,3,69,999,0,0,0,0,0,0,0,0,0,0,36,28,92,0,1,2,30,1,1,2,1,0,0,1,11,1,1,4,13,0,1
25,250224,1,2,1,1,7,4,12,12,6,1,0,33,1,12,17,12017,4,2001,1FAFP53U31A1,1,F,A,F,P,5,3,U,3,1,A,1,0,P,FORD,TSE,4D,1,17,3354,,0,1085,,G,,F,6,182,,,16R215,,,,,,0,0,000000000,00000000000,0,0,0,1,0,0,0,0,0,0,0,0,0,0,0,5,5,6,2,12,0,0,0,1,33,3053,6,1,0,0,3,0,70,155,1,0,0,0,0,1,2010,1,2010,0,23,54,0,0,3,3,65,1,1,8,1,0,0,5,53,1,1,1,48,1,1
25,250224,2,2,1,1,7,4,12,12,6,1,0,25,2,7,472,7472,31,2004,1D7HG38K84S5,1,D,7,H,G,3,8,K,8,4,S,5,0,T,DODG,QSP,CW,4,17,,2,0,1309,DAK,G,,,6,225,,,,B,4331,00,E,44,0,0,000000000,00000000000,0,0,0,1,0,0,0,0,0,0,0,65,0,0,0,12,12,6,2,12,0,0,0,1,25,1835,6,1,6,0,3,0,73,999,0,0,0,0,0,0,0,0,0,0,0,0,0,0,3,3,65,1,1,8,1,0,0,1,50,3,1,1,48,0,0
25,250225,1,1,1,4,7,14,45,8,0,1,0,9,1,55,402,55402,14,2005,999999999999,9,9,9,9,9,9,9,9,9,9,9,9,0,,,,,,,,,,,,,,,,,,,,,,,,,0,0,000000000,00000000000,0,0,0,1,0,0,0,0,0,0,0,998,0,0,0,62,62,4,3,8,0,0,0,1,9,6019,6,1,0,0,3,0,73,999,98,0,0,0,0,0,0,0,0,0,0,0,0,0,1,2,35,1,1,2,1,0,0,1,80,1,1,1,13,0,0
25,250226,1,1,1,6,7,16,31,9,0,1,0,25,1,49,40,49040,4,2002,4T1BE32K72U1,4,T,1,B,E,3,2,K,7,2,U,1,0,P,TOYT,LXS,4D,2,17,3086,,0,1071,,G,,F,4,144,,,15R205,,,,,,0,0,000000000,00000000000,0,0,0,1,0,0,0,0,0,0,0,25,0,0,0,12,12,8,2,9,0,0,0,1,25,2330,6,1,0,0,3,0,66,999,0,0,0,2,1,7,2010,3,2011,0,0,0,0,0,1,2,30,1,1,2,1,0,0,1,80,1,1,1,13,0,0
25,250227,1,2,2,22,7,12,25,12,1,1,0,34,2,85,884,85884,66,2005,1XKADB9X75J0,1,X,K,A,D,B,9,X,7,5,J,0,1,T,KW,T60,TR,5,17,,8,2600,1600,CON,D,,,6,893,,,,,00000,00,,64,1,57,1406127,571406127,3,6,1,1,0,0,0,0,0,0,0,998,7,0,0,6,6,8,2,12,0,0,0,1,34,7107,6,1,6,3,3,0,999,999,99,99,99,99,99,99,9999,99,9999,0,0,0,0,0,1,2,35,1,1,2,1,0,0,2,53,1,1,1,29,0,0
25,250227,2,2,1,22,7,12,25,12,1,1,0,25,2,23,481,23481,31,2011,1GT221C80BZ4,1,G,T,2,2,1,C,8,0,B,Z,4,0,T,GMC,4NK,4C,11,17,,2,1582,1442,SIE,D,,,8,403,,,,C,7105,01,U,44,0,0,000000000,00000000000,0,0,0,1,0,0,0,0,0,0,0,998,1,0,0,12,12,6,2,12,0,0,0,1,25,1247,6,1,0,0,3,0,67,999,0,0,0,0,0,0,0,0,0,0,0,0,0,0,1,4,35,1,1,2,1,0,0,1,52,99,1,1,28,1,0
25,250228,1,2,1,11,9,18,30,12,8,1,0,25,1,55,33,55033,4,2003,KMHWF25HX3A7,K,M,H,W,F,2,5,H,X,3,A,7,0,P,HYUN,SOL,4D,3,17,3181,,0,1063,,G,,F,6,162,,,15R205,,,,,,0,0,000000000,00000000000,0,0,0,1,0,0,0,0,0,0,0,998,0,0,0,62,62,6,2,12,0,0,0,1,25,1301,6,1,0,0,3,0,70,999,1,0,0,0,2,7,2010,8,2011,0,51,28,92,0,1,2,45,1,1,2,1,0,0,1,10,99,1,2,64,0,0
25,250228,2,2,2,11,9,18,30,12,8,1,0,18,2,20,37,20037,4,1998,1G1ND52M7W61,1,G,1,N,D,5,2,M,7,W,6,1,0,P,CHEV,MAL,4D,98,17,3100,,0,1070,,G,,F,6,191,,,15R215,,,,,,0,0,000000000,00000000000,0,0,0,1,0,0,0,0,0,0,0,998,0,0,0,62,62,6,2,12,0,0,0,1,25,1066,6,1,0,0,3,0,64,999,0,0,0,0,0,0,0,0,0,0,0,0,0,0,1,2,45,1,1,2,1,0,0,1,62,99,1,1,65,1,0
25,250229,1,2,1,1,8,11,47,12,1,1,1,25,3,42,48,42048,4,2010,WDDHF7CB1AA0,W,D,D,H,F,7,C,B,1,A,A,0,0,P,MERZ,ME5,4D,10,17,4145,,0,1131,,G,,F,8,336,,,18R245,,,,,,0,0,000000000,00000000000,0,0,0,1,0,0,0,0,0,0,0,998,0,0,0,12,12,4,3,12,0,0,0,1,25,2747,2,1,0,0,2,0,70,999,0,4,0,0,0,11,2008,6,2009,0,36,92,0,0,1,2,30,1,1,2,1,0,0,1,51,99,1,1,24,0,1
25,250229,2,2,1,1,8,11,47,12,1,1,0,25,1,73,706,73706,80,1996,JKBVNAD19TA0,J,K,B,V,N,A,D,1,9,T,A,0,0,M,KAWK,V5D,RS,96,17,,,,,,,1500,,2,,4,600,,,,,,,0,0,000000000,00000000000,0,0,0,1,0,0,0,0,0,0,0,998,0,0,0,6,98,8,2,12,0,0,0,1,25,2719,3,1,0,0,2,0,68,999,0,0,0,0,0,0,0,0,0,0,0,0,0,0,1,2,30,1,1,2,1,0,0,1,53,99,1,1,25,1,0
25,250230,1,2,1,9,11,12,36,12,6,1,0,25,1,21,1,21001,4,1980,3R69AA246676,3,R,6,9,A,A,2,4,6,6,7,6,0,P,OLDS,CLS,4D,80,13,3179,,0,1081,,G,,2,6,231,,,14R185,,,,,,0,0,000000000,00000000000,0,0,0,1,0,0,0,0,0,0,0,998,3,0,0,9,9,6,2,12,0,0,0,1,25,2062,6,1,0,0,3,3,67,999,0,0,0,0,0,0,0,0,0,9,99,99,99,99,1,2,98,1,1,2,1,3,3,1,17,1,1,1,89,1,0
25,250230,2,2,1,9,11,12,36,12,6,1,0,25,3,86,898,86898,78,1999,5B7281764X10,5,B,7,2,8,1,7,6,4,X,1,0,1,T,MACK,RB6,,99,17,,,0,0,600,,,,,,,,,,00000,00,,,1,25,00019073,2500019073,3,19,3,1,0,0,0,0,0,0,0,998,7,0,0,12,12,4,3,12,0,0,0,1,25,2370,6,1,6,3,3,3,68,999,0,0,0,0,0,0,0,0,0,9,99,99,99,99,3,2,98,1,1,2,1,3,3,1,17,1,1,1,88,0,0
25,250231,1,2,1,15,8,6,56,24,0,1,0,25,2,49,40,49040,4,1999,4T1BG22KXXU5,4,T,1,B,G,2,2,K,X,X,U,5,0,P,TOYT,UEX,4D,99,17,2998,,0,1051,,G,,F,4,132,,,14R195,,,,,,0,0,000000000,00000000000,0,0,0,1,0,0,0,0,0,0,0,998,0,0,0,12,12,8,2,12,0,0,0,1,25,2649,6,1,0,0,3,3,63,999,0,0,0,0,0,0,0,0,0,0,28,0,0,0,1,2,45,1,1,2,2,0,0,1,10,1,1,2,98,1,0
25,250231,2,2,1,15,8,6,56,24,0,1,0,25,2,12,422,12422,15,1997,1FMEU18W2VLC,1,F,M,E,U,1,8,W,2,V,L,C,0,P,FORD,EPT,UT,97,17,4827,,0,1190,,G,,F,8,281,,,16R255,,,,,,0,0,000000000,00000000000,0,0,0,1,0,0,0,0,0,0,0,998,0,0,0,98,12,8,2,12,0,0,0,1,25,2649,6,1,0,0,3,0,67,999,0,1,0,0,0,8,2008,8,2008,0,0,0,0,0,1,2,45,1,1,2,2,0,0,1,62,7,1,4,3,0,0
25,250232,1,2,3,25,9,0,34,12,2,1,0,25,2,37,31,37031,4,1992,1HGEG8556NL0,1,H,G,E,G,8,5,5,6,N,L,0,0,P,HOND,CLX,4D,92,17,2319,,0,1031,,G,,F,4,091,,,13R175,,,,,,0,0,000000000,00000000000,0,0,0,1,0,0,0,0,0,0,0,40,0,0,0,12,12,6,2,12,0,0,0,1,25,1151,2,1,0,0,2,0,65,999,0,5,0,0,2,1,2010,3,2010,0,0,0,0,0,1,4,40,1,1,2,1,0,0,1,62,9,1,1,51,2,1
25,250232,2,2,1,25,9,0,34,12,2,1,0,25,2,35,401,35401,14,2004,JN8DR09YX4W9,J,N,8,D,R,0,9,Y,X,4,W,9,0,P,NISS,PFI,UT,4,17,3997,,0,1063,,G,,F,6,213,,,16R255,,,,,,0,0,000000000,00000000000,0,0,0,1,0,0,0,0,0,0,0,998,0,0,0,12,12,6,2,12,0,0,0,1,25,1028,6,1,0,0,3,0,68,999,1,0,0,0,0,5,2009,5,2009,0,28,92,0,0,1,4,40,1,1,2,1,0,0,1,10,9,1,2,50,0,0
25,250233,1,1,1,12,7,11,27,8,0,1,0,25,3,86,881,86881,63,2002,1M2P267C52M0,1,M,2,P,2,6,7,C,5,2,M,0,0,T,MACK,RD6,CC,2,17,,8,0,0,600,D,,,6,728,,,,,00000,00,,64,0,57,835153,57835153,3,2,7,1,0,0,0,0,0,0,0,998,0,0,0,14,14,0,3,8,0,0,0,1,25,2148,6,1,6,9,3,0,70,999,0,0,0,0,0,0,0,0,0,0,99,99,99,99,1,2,35,1,5,2,1,0,0,13,80,1,1,1,92,0,0
25,250234,1,1,1,26,7,15,34,18,0,1,0,25,1,98,703,98703,88,2007,RFBSHJB287B5,R,F,B,S,H,J,B,2,8,7,B,5,0,U,,,,7,17,,,,,,,,,,,,,,,,,,,0,0,000000000,00000000000,0,0,0,1,0,0,0,0,0,0,0,998,0,0,0,98,98,8,2,18,0,0,0,1,12,1235,6,1,0,0,3,3,66,999,0,0,0,1,0,6,2009,6,2009,0,81,0,0,0,1,2,45,1,1,2,2,0,0,1,90,1,1,1,12,1,0
25,250235,1,1,1,2,8,19,40,42,0,1,0,25,1,76,706,76706,80,1985,JYA50H007FA0,J,Y,A,5,0,H,0,0,7,F,A,0,0,M,YAMA,FJ1,RC,85,17,,,,,,,1100,,4,,4,500,,,,,,,0,0,000000000,00000000000,0,0,0,1,0,0,0,0,0,0,0,79,0,0,0,98,98,6,2,42,0,0,0,1,25,1104,6,1,0,0,3,0,72,999,0,0,0,0,0,0,0,0,0,1,36,0,0,0,1,2,35,3,1,2,1,0,0,14,6,99,9,4,1,1,0
25,250236,1,2,1,30,10,10,51,12,2,1,0,25,1,20,471,20471,30,1997,1GCCS14X8VK2,1,G,C,C,S,1,4,X,8,V,K,2,0,T,CHEV,S14,PK,97,17,,1,1179,1083,S,G,,,6,262,,,,B,3062,00,,42,0,0,000000000,00000000000,0,0,0,1,0,0,0,0,0,0,0,998,0,0,0,12,12,6,2,12,0,0,0,1,25,1527,6,1,0,0,3,3,62,999,0,0,0,0,0,0,0,0,0,9,58,28,87,0,1,2,50,1,8,2,3,0,0,1,5,9,4,2,50,1,0
25,250236,2,2,3,30,10,10,51,12,2,1,0,25,1,12,481,12481,31,2011,1FTFW1ET9BFA,1,F,T,F,W,1,E,T,9,B,F,A,0,T,FORD,F1S,CW,11,17,,2,1570,1450,COF,G,,,6,214,,,,B,5577,01,7,44,0,0,000000000,00000000000,0,0,0,1,0,0,0,0,0,0,0,998,0,0,0,12,12,6,2,12,0,0,0,1,25,1562,6,1,0,0,3,0,73,999,0,0,0,0,0,0,0,0,0,9,0,0,0,0,1,2,50,1,8,2,3,0,0,1,62,1,1,1,51,0,0
25,250237,1,1,1,24,11,3,10,42,0,1,0,25,1,6,51,6051,4,2005,2C3AA63H25HJ,2,C,3,A,A,6,3,H,2,5,H,J,0,P,CHRY,30C,4D,5,17,4064,,0,1200,,G,,F,8,348,,,18R225,,,,,,0,0,000000000,00000000000,0,0,0,1,0,0,0,0,0,0,0,998,0,0,0,12,12,6,2,42,0,0,0,1,25,1702,0,0,0,0,0,0,69,999,1,0,0,1,2,5,2011,11,2011,9,0,0,0,0,1,2,30,1,8,2,1,0,0,1,13,99,1,4,1,1,1
25,250238,1,1,1,5,8,2,14,43,0,1,0,25,1,37,706,37706,80,2002,JH2SC50032M0,J,H,2,S,C,5,0,0,3,2,M,0,0,M,HOND,CR9,RC,2,17,,,,,,,954,,4,,4,999,,,,,,,0,0,000000000,00000000000,0,0,0,1,0,0,0,0,0,0,0,998,0,0,0,12,12,8,2,43,0,0,0,1,25,1201,6,1,0,0,3,0,68,999,0,0,0,0,0,0,0,0,0,1,0,0,0,0,1,2,45,2,8,2,1,0,0,14,13,99,9,4,1,1,0
25,250239,1,1,2,12,8,0,0,42,0,1,0,25,1,20,16,20016,2,1996,1G1JC1246TM1,1,G,1,J,C,1,2,4,6,T,M,1,0,P,CHEV,CAV,CP,96,17,2617,,0,1041,,G,,F,4,133,,,14R195,,,,,,0,0,000000000,00000000000,0,0,0,1,0,0,0,0,0,0,0,998,0,0,0,12,12,8,2,42,0,0,1,1,25,1077,6,1,0,0,3,0,67,999,0,1,1,0,2,3,2011,3,2011,9,36,0,0,0,1,2,35,1,1,2,1,20,3,1,13,1,9,4,1,1,1
25,250240,1,1,1,21,8,11,22,53,0,1,0,25,1,14,6,14006,4,2004,2MEFM75W44X6,2,M,E,F,M,7,5,W,4,4,X,6,0,P,MERC,MGL,4D,4,17,4094,,0,1147,,G,,F,8,281,,,16R225,,,,,,0,0,000000000,00000000000,0,0,0,1,0,0,0,0,0,0,0,998,0,0,0,82,12,6,2,30,0,0,1,1,25,1106,6,1,0,0,3,3,74,999,0,0,0,0,0,0,0,0,0,0,28,0,0,0,1,2,35,1,1,2,1,0,0,1,98,99,9,4,2,1,0
25,250241,1,1,3,24,8,11,14,33,0,1,0,25,1,18,3,18003,4,1995,1G4CU5216SH6,1,G,4,C,U,5,2,1,6,S,H,6,0,P,BUIC,PAU,4D,95,17,3642,,0,1108,,G,,Z,6,231,,,15R215,,,,,,0,0,000000000,00000000000,0,0,0,1,0,0,0,0,0,0,0,998,0,0,0,14,12,6,2,30,0,0,0,1,25,2635,6,1,0,0,3,0,72,999,0,0,0,0,0,0,0,0,0,0,36,92,0,0,1,2,30,1,1,2,1,0,0,1,12,1,1,4,6,1,0
25,250242,1,1,1,27,8,0,24,1,0,1,0,25,1,53,706,53706,80,2008,JS1GT77AX821,J,S,1,G,T,7,7,A,X,8,2,1,0,M,SUZI,XR1,RC,8,17,,,,,,,999,,4,,4,379,,,,,,,0,0,000000000,00000000000,0,0,0,1,0,0,0,0,0,0,0,998,0,0,0,0,98,6,2,30,0,0,0,1,25,2121,6,1,0,0,3,0,74,999,0,1,0,1,1,4,2009,8,2010,1,36,33,0,0,1,2,35,1,1,2,1,0,0,6,6,99,9,2,98,1,1
25,250243,1,1,1,7,9,15,1,42,0,1,0,25,2,12,17,12017,4,2002,1FAFP58S02G1,1,F,A,F,P,5,8,S,0,2,G,1,0,P,FORD,TSE,SW,2,17,3502,,0,1085,,G,,F,6,182,,,16R215,,,,,,0,0,000000000,00000000000,0,0,0,1,0,0,0,0,0,0,0,998,0,0,0,12,98,6,2,42,0,0,1,1,25,1520,6,2,0,0,3,1,74,999,0,0,0,0,0,0,0,0,0,0,99,99,99,99,1,2,35,1,1,2,2,0,0,1,12,99,9,4,7,1,0
25,250244,1,1,1,18,9,0,53,42,0,1,0,25,1,12,401,12401,14,2004,1FMZU73W64UB,1,F,M,Z,U,7,3,W,6,4,U,B,0,P,FORD,EPR,UT,4,17,4094,,0,1137,,G,,F,8,281,,,16R235,,,,,,0,0,000000000,00000000000,0,0,0,1,0,0,0,0,0,0,0,75,0,0,0,12,98,6,2,42,0,0,0,1,25,1453,6,1,0,0,3,0,68,999,1,2,0,2,1,12,2008,5,2011,1,0,0,0,0,1,2,30,4,1,2,1,0,0,14,6,1,1,4,6,1,1
25,250245,1,1,1,10,9,1,22,1,0,1,0,44,1,12,999,12999,99,2004,999999999999,9,9,9,9,9,9,9,9,9,9,9,9,0,,,,,,,,,,,,,,,,,,,,,,,,,0,0,000000000,00000000000,0,0,0,1,0,0,0,0,0,0,0,998,0,1,1,0,98,8,8,1,0,0,0,1,44,2809,6,1,0,0,3,3,72,160,99,99,99,99,99,99,9999,99,9999,1,28,0,0,0,2,3,65,1,1,2,98,0,0,1,13,7,9,6,98,1,1
25,250246,1,2,3,1,11,15,46,12,2,1,0,25,1,59,403,59403,14,2004,JTJHA31U9400,J,T,J,H,A,3,1,U,9,4,0,0,0,P,LEXS,R33,UT,4,17,4065,,0,1069,,G,,F,6,202,,,17R225,,,,,,0,0,000000000,00000000000,0,0,0,1,0,0,0,0,0,0,0,998,0,0,0,12,12,6,2,12,0,0,0,1,25,1450,6,1,0,0,3,0,62,999,0,0,0,0,0,0,0,0,0,9,28,0,0,0,1,2,35,1,8,2,2,0,0,1,10,99,9,2,50,1,0
25,250246,2,2,2,1,11,15,46,12,2,1,0,25,1,12,481,12481,31,2002,1FTSX31F12EB,1,F,T,S,X,3,1,F,1,2,E,B,0,T,FORD,F3S,4C,2,17,,2,1580,1418,SRW,D,,,8,444,,,,D,5943,05,U,44,0,0,000000000,00000000000,0,0,0,1,0,0,0,0,0,0,0,998,0,0,0,12,12,6,2,12,0,0,0,1,25,1450,6,1,0,0,3,0,74,999,0,0,0,0,0,0,0,0,0,0,0,0,0,0,1,2,35,1,8,2,2,0,0,1,62,99,9,9,51,0,0
25,250247,1,1,2,10,11,16,51,8,0,1,0,25,1,12,481,12481,31,2005,1FTSX21505EA,1,F,T,S,X,2,1,5,0,5,E,A,0,T,FORD,F2S,4C,5,17,,2,1580,1418,SRW,G,,,8,330,,,,C,6299,00,U,44,0,0,000000000,00000000000,0,0,0,1,0,0,0,0,0,0,0,998,0,0,0,12,12,4,3,8,0,0,0,1,25,1001,6,1,0,0,3,0,66,999,0,0,0,0,0,0,0,0,0,0,0,0,0,0,1,2,40,1,8,2,2,0,0,1,80,6,1,2,13,0,0
25,250248,1,1,1,26,11,16,37,8,0,1,0,25,2,20,37,20037,4,2004,1G1ND52FX4M6,1,G,1,N,D,5,2,F,X,4,M,6,0,P,CHEV,CLA,4D,4,17,3106,,0,1070,,G,,F,4,134,,,15R215,,,,,,0,0,000000000,00000000000,0,0,0,1,0,0,0,0,0,0,0,43,0,0,0,12,12,4,1,8,0,0,0,1,25,1606,6,1,0,0,3,0,67,999,0,0,0,0,1,11,2009,11,2009,1,36,0,0,0,1,2,30,1,8,2,1,0,0,1,80,7,1,1,13,0,0
25,250249,1,1,1,11,10,18,57,8,0,1,0,25,1,20,481,20481,31,1997,1GCEC19M5VE2,1,G,C,E,C,1,9,M,5,V,E,2,0,T,CHEV,GC1,PC,97,17,,2,1555,1415,GM4,G,,,8,305,,,,B,4160,00,,42,0,0,000000000,00000000000,0,0,0,1,0,0,0,0,0,0,0,40,0,0,0,1,1,4,3,8,0,0,0,1,25,2777,6,1,0,0,3,3,65,999,0,0,0,0,0,0,0,0,0,0,92,0,0,0,1,2,40,1,8,2,1,0,0,1,80,8,1,2,13,0,0
25,250250,1,1,1,8,11,17,29,8,0,1,1,25,1,49,403,49403,14,2008,JTEES43A4820,J,T,E,E,S,4,3,A,4,8,2,0,0,P,TOYT,HIG,UT,8,17,4255,,0,1098,,G,,F,6,214,,,19R245,,,,,,0,0,000000000,00000000000,0,0,0,1,0,0,0,0,0,0,0,998,0,0,0,12,12,2,1,8,0,0,0,1,25,2739,6,1,0,0,3,3,62,999,1,0,0,1,0,1,2011,8,2011,1,36,38,91,0,1,2,25,1,8,2,1,0,0,1,80,1,1,1,13,0,0
25,250251,1,1,2,30,12,1,12,38,0,1,0,25,1,18,7,18007,4,1998,2G4WS52MXW15,2,G,4,W,S,5,2,M,X,W,1,5,0,P,BUIC,CCU,4D,98,17,3255,,0,1090,,G,,F,6,191,,,15R205,,,,,,0,0,000000000,00000000000,0,0,0,1,0,0,0,0,0,0,0,998,0,0,0,12,98,6,2,42,0,0,0,1,25,2035,6,1,0,0,3,0,67,999,0,0,0,1,0,4,2011,4,2011,1,0,0,0,0,1,2,30,2,1,2,1,0,0,14,13,99,1,4,1,1,1
25,250252,1,1,1,22,11,10,6,8,0,1,0,25,2,49,32,49032,4,2009,2T1BU40E49C1,2,T,1,B,U,4,0,E,4,9,C,1,0,P,TOYT,CBL,4D,9,17,2723,,0,1024,,G,,F,4,110,,,15R195,,,,,,0,0,000000000,00000000000,0,0,0,1,0,0,0,0,0,0,0,40,0,0,0,12,12,4,3,8,0,0,0,1,25,1702,6,1,0,0,3,0,60,999,0,0,0,1,0,4,2011,4,2011,1,38,0,0,0,1,4,30,1,8,2,1,0,0,1,80,1,1,1,13,0,0
25,250253,1,1,1,19,12,6,56,8,0,1,0,25,3,12,461,12461,29,2007,1FDSE35L47DA,1,F,D,S,E,3,5,L,4,7,D,A,0,T,FORD,3DC,YY,7,17,,2,1760,1380,CTV,G,,,8,330,,,,D,4802,02,K,42,0,0,000000000,00000000000,0,0,0,1,0,0,0,0,0,0,0,998,0,0,0,12,12,2,3,8,0,0,0,1,25,1535,6,1,0,0,3,0,65,999,0,0,0,0,0,0,0,0,0,0,36,38,92,0,3,2,30,1,1,2,1,2,3,1,80,1,1,1,13,0,0
25,250254,1,1,2,5,12,1,6,25,0,1,0,25,1,42,401,42401,14,1999,4JGAB72E7XA0,4,J,G,A,B,7,2,E,7,X,A,0,0,P,MERZ,ML4,UT,99,17,4552,,0,1110,,G,,F,8,260,,,17R275,,,,,,0,0,000000000,00000000000,0,0,0,1,0,0,0,0,0,0,0,998,0,0,0,61,98,6,2,23,0,0,0,1,25,2124,6,1,0,0,3,0,67,999,0,0,0,0,0,0,0,0,0,0,28,0,0,0,3,2,30,1,1,2,2,4,1,1,98,1,9,4,98,1,1