STATE,ST_CASE,VEH_NO,VE_FORMS,NUMOCCS,DAY,MONTH,HOUR,MINUTE,HARM_EV,MAN_COLL,UNITTYPE,HIT_RUN,REG_STAT,OWNER,MAKE,MODEL,MAK_MOD,BODY_TYP,MOD_YEAR,VIN,VIN_1,VIN_2,VIN_3,VIN_4,VIN_5,VIN_6,VIN_7,VIN_8,VIN_9,VIN_10,VIN_11,VIN_12,TOW_VEH,VINTYPE,VINMAKE,VINA_MOD,VIN_BT,VINMODYR,VIN_LNGT,VIN_WGT,WGTCD_TR,WHLBS_LG,WHLBS_SH,SER_TR,FUELCODE,MCYCL_DS,CARBUR,CYLINDER,DISPLACE,MCYCL_CY,MCYCL_WT,TIRE_SZE,TON_RAT,TRK_WT,TRKWTVAR,VIN_REST,WHLDRWHL,J_KNIFE,MCARR_I1,MCARR_I2,MCARR_ID,GVWR,V_CONFIG,CARGO_BT,HAZ_INV,HAZ_PLAC,HAZ_ID,HAZ_CNO,HAZ_REL,BUS_USE,SPEC_USE,EMER_USE,TRAV_SP,UNDERIDE,ROLLOVER,ROLINLOC,IMPACT1,IMPACT2,DEFORMED,TOWED,M_HARM,VEH_SC1,VEH_SC2,FIRE_EXP,DR_PRES,L_STATE,DR_ZIP,L_STATUS,L_TYPE,CDL_STAT,L_ENDORS,L_COMPL,L_RESTRI,DR_HGT,DR_WGT,PREV_ACC,PREV_SUS,PREV_DWI,PREV_SPD,PREV_OTH,FIRST_MO,FIRST_YR,LAST_MO,LAST_YR,SPEEDREL,DR_SF1,DR_SF2,DR_SF3,DR_SF4,VTRAFWAY,VNUM_LAN,VSPD_LIM,VALIGN,VPROFILE,VPAVETYP,VSURCOND,VTRAFCON,VTCONT_F,P_CRASH1,P_CRASH2,P_CRASH3,PCRASH4,PCRASH5,ACC_TYPE,DEATHS,DR_DRINK
25,250287,3,3,1,21,3,5,29,12,7,1,0,33,4,82,881,82881,62,2006,1FVACWDC56HX,1,F,V,A,C,W,D,C,5,6,H,X,0,T,FRHT,16M,CC,6,17,,6,0,0,FM2,D,,,6,439,,,,,00000,00,,42,0,77,777777777,77777777777,2,1,1,1,0,0,0,0,0,0,0,48,0,0,0,12,12,6,2,12,0,0,1,1,33,3102,6,1,0,0,3,0,66,215,0,0,0,0,0,0,0,0,0,0,0,0,0,0,2,2,40,1,8,2,1,0,0,1,62,1,1,1,98,0,0
25,250288,1,2,1,15,3,8,35,12,6,1,0,25,1,55,402,55402,14,2006,KM8JN72D56U4,K,M,8,J,N,7,2,D,5,6,U,4,0,P,HYUN,TUC,UT,6,17,3548,,0,1035,,G,,F,6,162,,,16R235,,,,,,0,0,000000000,00000000000,0,0,0,1,0,0,0,0,0,0,0,998,0,0,0,12,12,6,2,12,0,0,0,1,25,2670,6,1,0,0,3,3,74,999,0,0,0,0,0,0,0,0,0,0,0,0,0,0,1,2,30,1,8,2,1,20,3,1,17,1,1,1,88,0,0
25,250288,2,2,1,15,3,8,35,12,6,1,0,25,1,18,2,18002,4,1999,1G4HP52K4XH4,1,G,4,H,P,5,2,K,4,X,H,4,0,P,BUIC,LCF,4D,99,17,3443,,0,1108,,G,,F,6,231,,,15R205,,,,,,0,0,000000000,00000000000,0,0,0,1,0,0,0,0,0,0,0,998,0,0,0,9,9,6,2,12,0,0,0,1,25,2632,6,1,0,0,3,0,65,999,0,0,0,0,0,0,0,0,0,0,39,0,0,0,1,2,30,1,8,2,1,20,3,1,9,1,1,1,89,1,0
25,250289,1,1,1,31,5,11,33,1,0,1,0,25,1,72,706,72706,80,2002,1HD1BXB172Y0,1,H,D,1,B,X,B,1,7,2,Y,0,0,M,HD,ISF,RS,2,17,,,,,,,1450,,2,,4,666,,,,,,,0,0,000000000,00000000000,0,0,0,1,0,0,0,0,0,0,0,998,0,0,0,0,98,8,2,1,0,0,0,1,25,2045,6,1,0,0,3,3,69,999,0,0,0,1,0,3,2009,3,2009,9,99,99,99,99,1,2,98,1,1,2,1,0,0,1,9,99,9,2,98,1,0
25,250290,1,1,1,24,5,19,8,7,0,1,0,25,1,72,706,72706,80,2005,1HD1GHV125K3,1,H,D,1,G,H,V,1,2,5,K,3,0,M,HD,FDX,RS,5,17,,,,,,,1450,,2,,4,627,,,,,,,0,0,000000000,00000000000,0,0,0,1,0,0,0,0,0,0,0,998,0,0,0,0,98,6,2,7,0,0,0,1,25,2360,6,1,0,0,3,0,67,999,0,0,0,1,1,3,2010,6,2010,1,0,0,0,0,3,3,65,1,1,2,1,0,0,1,9,1,1,3,0,1,1
25,250291,1,1,1,29,5,15,30,7,0,1,0,0,0,99,998,99998,91,1995,999999999999,9,9,9,9,9,9,9,9,9,9,9,9,0,,,,,,,,,,,,,,,,,,,,,,,,,0,0,000000000,00000000000,0,0,0,1,0,0,0,0,0,0,0,80,0,2,1,0,98,6,2,1,35,0,0,1,25,1830,0,0,0,0,0,0,999,999,0,0,0,0,0,0,0,0,0,1,36,0,0,0,1,2,30,1,1,2,1,0,0,1,98,1,1,3,0,1,1
25,250292,1,1,1,27,6,0,55,14,0,1,0,25,2,35,39,35039,4,2001,JN1CA31D71T8,J,N,1,C,A,3,1,D,7,1,T,8,0,P,NISS,M20,4D,1,17,3071,,0,1083,,G,,F,6,182,,,15R205,,,,,,0,0,000000000,00000000000,0,0,0,1,0,0,0,0,0,0,0,98,0,0,0,98,98,6,2,14,0,0,0,1,25,1902,6,1,0,0,3,0,69,999,1,3,0,2,2,7,2008,10,2010,1,36,0,0,0,1,2,30,2,1,2,1,0,0,14,10,1,1,4,6,1,0
25,250293,1,1,1,30,8,21,7,33,0,1,0,25,2,53,706,53706,80,1998,JS1GV75A5W21,J,S,1,G,V,7,5,A,5,W,2,1,0,M,SUZI,GSS,RS,98,17,,,,,,,1157,,4,,4,471,,,,,,,0,0,000000000,00000000000,0,0,0,1,0,0,0,0,0,0,0,68,0,0,0,14,81,6,2,42,0,0,0,1,25,1841,6,2,0,0,3,3,66,999,0,0,0,0,0,0,0,0,0,1,36,52,0,0,1,2,30,1,5,2,1,0,0,98,13,99,9,4,2,1,0
25,250294,1,2,1,29,5,6,20,12,2,1,0,25,1,37,705,37705,80,2009,JH2PC40469K2,J,H,2,P,C,4,0,4,6,9,K,2,0,M,HOND,B60,RC,9,17,,,,,,,599,,4,,4,410,,,,,,,0,0,000000000,00000000000,0,0,0,1,0,0,0,0,0,0,0,998,0,0,0,12,98,6,2,12,0,0,1,1,25,1906,6,1,0,0,3,0,68,999,0,0,0,1,0,8,2009,8,2009,1,28,0,0,0,1,2,20,1,1,2,1,0,0,1,10,99,9,2,50,1,0
25,250294,2,2,1,29,5,6,20,12,2,1,0,25,2,12,880,12880,67,2008,1FTWX31508EA,1,F,T,W,X,3,1,5,0,8,E,A,0,T,FORD,F3S,4C,8,17,,3,1580,1420,SRW,G,,,8,329,,,,D,6379,02,U,44,0,88,888888888,88888888888,2,1,96,1,0,0,0,0,0,0,0,998,7,0,0,12,14,2,3,12,0,0,0,1,25,1469,6,1,0,0,3,0,67,999,0,0,0,0,1,4,2011,4,2011,0,0,0,0,0,1,2,20,1,1,2,1,0,0,1,62,99,1,1,51,0,0
25,250296,1,1,1,17,5,19,44,38,0,1,0,25,3,49,482,49482,31,2003,5TBBT441X3S3,5,T,B,B,T,4,4,1,X,3,S,3,0,T,TOYT,TT5,4C,3,17,,2,0,1283,TUN,G,,,8,285,,,,B,4320,00,U,44,0,0,000000000,00000000000,0,0,0,1,0,0,0,0,0,0,0,998,0,1,6,98,98,6,2,1,0,0,0,1,25,1005,6,1,0,0,3,0,64,999,0,0,0,0,0,0,0,0,0,1,0,0,0,0,1,2,30,3,6,2,2,0,0,14,6,1,4,4,7,1,1
25,250297,1,1,1,29,5,17,37,33,0,1,0,25,1,98,709,98709,80,1999,MA29597,M,A,2,9,5,9,7,,,,,,0,U,,,,99,7,,,,,,,,,,,,,,,,,,,0,0,000000000,00000000000,0,0,0,1,0,0,0,0,0,0,0,998,0,0,0,14,98,6,2,42,0,0,0,1,25,2382,6,1,0,0,3,3,70,999,0,0,0,0,0,0,0,0,0,0,0,0,0,0,1,2,35,1,1,2,1,0,0,1,13,99,1,4,1,1,1
25,250298,1,1,1,14,4,21,9,35,0,1,0,36,3,55,35,55035,4,2010,KMHDU4AD8AU9,K,M,H,D,U,4,A,D,8,A,U,9,0,P,HYUN,BGS,4D,10,17,2723,,0,1043,,G,,F,4,121,,,15R195,,,,,,0,0,000000000,00000000000,0,0,0,1,0,0,0,0,0,0,0,98,0,0,0,98,98,6,2,35,0,0,0,1,25,1506,6,1,0,0,3,0,74,999,2,0,0,0,1,2,2010,8,2010,0,36,0,0,0,1,2,30,8,1,2,1,0,0,1,19,99,1,4,99,1,1
25,250299,1,1,1,24,12,3,55,26,0,1,0,25,2,12,3,12003,2,2005,1ZVFT80N3552,1,Z,V,F,T,8,0,N,3,5,5,2,0,P,FORD,MUS,CP,5,17,3300,,0,1071,,G,,F,6,244,,,16R215,,,,,,0,0,000000000,00000000000,0,0,0,1,0,0,0,0,0,0,0,98,0,0,0,82,98,6,2,26,0,0,0,1,25,2134,6,1,0,0,3,0,65,999,1,4,0,1,3,4,2009,11,2010,1,28,36,0,0,6,2,35,2,1,2,1,0,0,14,11,1,1,2,12,1,1
25,250300,1,2,1,12,8,4,52,1,0,1,0,25,1,37,706,37706,80,2006,1HFSC55036A2,1,H,F,S,C,5,5,0,3,6,A,2,0,M,HOND,13V,RS,6,17,,,,,,,1312,,2,,4,641,,,,,,,0,0,000000000,00000000000,0,0,0,1,0,0,0,0,0,0,0,998,0,0,0,0,81,6,2,54,0,0,0,1,25,2767,6,1,0,0,3,0,71,999,0,0,0,0,0,0,0,0,0,0,82,0,0,0,3,3,65,1,1,2,1,40,3,15,5,1,1,2,98,1,0
25,250300,2,2,1,12,8,4,52,1,0,1,1,99,9,99,999,99999,99,9999,999999999999,9,9,9,9,9,9,9,9,9,9,9,9,9,,,,,,,,,,,,,,,,,,,,,,,,,0,99,999999999,99999999999,9,99,99,1,0,0,0,0,99,99,9,999,0,0,0,14,98,9,1,54,0,0,0,1,99,99999,9,9,99,9,9,9,999,999,99,99,99,99,99,99,9999,99,9999,0,99,99,99,99,3,3,65,1,1,2,1,40,3,99,99,99,9,9,98,0,0
25,250301,1,2,1,3,2,9,5,12,2,1,0,25,2,63,33,63033,4,2009,KNAFE2227956,K,N,A,F,E,2,2,2,7,9,5,6,0,P,KIA,SXC,4D,9,17,2701,,0,1028,,G,,F,4,122,,,15R195,,,,,,0,0,000000000,00000000000,0,0,0,1,0,0,0,0,0,0,0,998,0,0,0,12,12,6,2,12,0,0,0,1,25,2333,6,1,6,0,3,0,68,999,0,0,0,0,0,0,0,0,0,0,28,0,0,0,1,2,40,1,1,2,2,3,3,1,10,1,1,2,50,1,0
25,250301,2,2,4,3,2,9,5,12,2,1,0,25,3,20,444,20444,20,2008,1GNDV23W48D1,1,G,N,D,V,2,3,W,4,8,D,1,0,T,CHEV,DLS,ES,8,17,,1,0,1211,UPL,F,,,6,238,,,,B,4233,00,,42,0,0,000000000,00000000000,0,0,0,1,0,0,0,0,1,2,0,998,0,0,0,12,12,6,2,12,0,0,0,1,25,2121,6,1,0,0,3,0,69,999,0,0,0,0,0,0,0,0,0,0,0,0,0,0,2,2,40,1,1,2,2,3,3,2,62,1,1,1,51,0,0
25,250302,1,1,1,7,4,18,51,8,0,1,0,25,2,37,32,37032,4,2006,1HGCM56766A1,1,H,G,C,M,5,6,7,6,6,A,1,0,P,HOND,UEX,4D,6,17,3142,,0,1079,,G,,F,4,146,,,16R205,,,,,,0,0,000000000,00000000000,0,0,0,1,0,0,0,0,0,0,0,48,4,0,0,12,82,6,2,8,0,0,0,1,25,1450,6,2,0,0,3,0,69,999,0,0,0,0,0,0,0,0,0,0,28,0,0,0,3,2,45,1,1,2,1,0,0,1,11,99,1,4,13,0,0
25,250303,1,1,6,22,4,3,30,33,0,1,0,25,1,20,37,20037,4,2001,1G1NE52J7161,1,G,1,N,E,5,2,J,7,1,6,1,0,P,CHEV,M/L,4D,1,17,3051,,0,1070,,G,,F,6,191,,,15R215,,,,,,0,0,000000000,00000000000,0,0,0,1,0,0,0,0,0,0,0,91,0,1,5,14,62,6,2,23,0,0,0,1,25,2145,2,1,0,0,2,0,70,999,0,4,0,2,0,8,2008,3,2011,1,36,92,0,0,3,2,35,3,1,2,1,0,0,14,6,99,1,4,1,2,1
25,250304,1,2,1,11,6,6,55,12,6,1,0,25,1,54,38,54038,3,2002,JH4DC53882C0,J,H,4,D,C,5,3,8,8,2,C,0,0,P,ACUR,RSX,2H,2,17,2694,,0,1012,,G,,F,4,122,,,16R205,,,,,,0,0,000000000,00000000000,0,0,0,1,0,0,0,0,0,0,0,78,0,0,0,12,12,6,2,12,0,0,0,1,25,1841,6,1,0,0,3,0,66,999,1,2,0,0,1,6,2008,4,2011,1,36,27,92,0,3,3,65,1,6,2,1,0,0,15,51,99,1,2,48,0,1
25,250304,2,2,3,11,6,6,55,12,6,1,0,25,1,20,401,20401,14,1993,1GNDT13W8P21,1,G,N,D,T,1,3,W,8,P,2,1,1,P,CHEV,S10,UT,93,17,3764,,0,1070,,G,,F,6,262,,,000000,,,,,,1,0,000000000,00000000000,0,0,0,1,0,0,0,0,0,0,0,998,0,1,3,63,98,6,2,12,0,0,0,1,25,1906,6,1,4,0,3,0,71,999,0,0,0,0,0,0,0,0,0,0,0,0,0,0,3,3,65,1,6,2,1,0,0,15,53,1,1,2,48,2,0
25,250305,1,2,1,12,6,1,48,12,7,1,0,25,1,76,705,76705,80,2006,999999999999,9,9,9,9,9,9,9,9,9,9,9,9,0,,,,,,,,,,,,,,,,,,,,,,,,,0,0,000000000,00000000000,0,0,0,1,0,0,0,0,0,0,0,998,0,0,0,82,82,6,2,12,0,0,0,1,25,1340,1,1,0,0,2,0,72,999,2,0,0,2,1,8,2009,11,2010,1,36,0,0,0,1,2,50,3,1,2,2,0,0,14,50,1,1,1,48,1,1
25,250305,2,2,0,12,6,1,48,12,7,1,0,25,6,48,401,48401,14,2003,999999999999,9,9,9,9,9,9,9,9,9,9,9,9,0,,,,,,,,,,,,,,,,,,,,,,,,,0,0,000000000,00000000000,0,0,0,1,0,0,0,0,0,0,0,0,0,0,0,63,63,6,2,12,0,0,0,0,0,99997,7,6,97,7,6,7,998,997,998,998,998,998,998,98,9998,98,9998,8,20,0,0,0,1,2,50,3,1,2,2,0,0,0,53,0,0,0,48,0,0
25,250306,1,1,1,5,7,0,50,1,0,1,0,25,1,20,401,20401,14,2002,1GNDT13SX222,1,G,N,D,T,1,3,S,X,2,2,2,0,P,CHEV,TRL,UT,2,17,4628,,0,1130,,G,,F,6,256,,,16R245,,,,,,0,0,000000000,00000000000,0,0,0,1,0,0,0,0,0,0,0,46,0,1,1,0,98,6,2,1,0,0,0,1,25,1960,6,1,0,0,3,0,69,999,0,0,0,0,0,0,0,0,0,0,58,0,0,0,3,2,55,1,1,2,1,0,0,1,13,6,9,6,98,1,0
25,250307,1,1,1,12,7,18,47,1,0,1,0,25,2,38,402,38402,14,2004,4S2DM58YX443,4,S,2,D,M,5,8,Y,X,4,4,3,0,P,ISU,ROD,UT,4,17,4132,,0,1064,,G,,F,6,213,,,000000,,,,,,0,0,000000000,00000000000,0,0,0,1,0,0,0,0,0,0,0,998,0,1,1,0,13,6,2,1,0,0,0,1,25,2571,6,1,0,0,3,0,68,999,2,1,0,3,1,10,2008,6,2010,0,58,85,0,0,2,3,65,1,1,2,1,0,0,17,78,6,3,6,98,1,0
25,250308,1,1,1,17,7,3,18,24,0,1,0,25,1,2,404,2404,14,1995,1J4GZ78Y8SC7,1,J,4,G,Z,7,8,Y,8,S,C,7,0,T,JEEP,L/O,4W,95,17,,1,0,1059,GCK,G,,,8,318,,,,,3552,00,M,44,0,0,000000000,00000000000,0,0,0,1,0,0,0,0,0,0,0,999,0,0,0,11,14,6,2,24,0,0,0,1,25,1923,3,1,0,0,2,0,70,999,0,3,1,0,1,4,2009,1,2011,0,92,0,0,0,1,2,40,1,1,2,1,0,0,1,12,1,1,4,6,1,1
25,250309,1,4,1,23,7,2,30,12,99,1,0,25,3,87,881,87881,66,1998,1XP5DB9X4WN4,1,X,P,5,D,B,9,X,4,W,N,4,1,T,PTRB,379,TR,98,17,,8,0,0,CON,D,,,6,893,,,,,00000,00,,64,1,77,777777777,77777777777,3,6,2,2,8,8888,3,2,0,0,0,998,0,1,1,12,98,6,2,1,0,0,1,1,33,3104,6,1,6,3,3,0,68,185,0,0,0,0,0,0,0,0,0,0,99,99,99,99,3,3,50,1,1,2,1,0,0,1,51,99,1,1,24,1,0
25,250309,2,4,2,23,7,2,30,12,99,1,0,25,1,49,40,49040,4,2000,4T1BG22K9YU6,4,T,1,B,G,2,2,K,9,Y,U,6,0,P,TOYT,UEX,4D,0,17,2998,,0,1051,,G,,F,4,132,,,14R195,,,,,,0,0,000000000,00000000000,0,0,0,1,0,0,0,0,0,0,0,998,0,0,0,6,3,6,2,12,0,0,0,1,25,2155,6,1,0,0,3,3,70,999,0,0,0,0,0,0,0,0,0,0,0,0,0,0,3,3,50,1,1,2,1,0,0,1,53,1,1,1,25,0,0
25,250309,3,4,1,23,7,2,30,12,99,1,0,48,9,41,51,41051,4,2010,JM1BL1SF5A11,J,M,1,B,L,1,S,F,5,A,1,1,0,P,MAZD,M3I,4D,10,17,2868,,0,1039,,G,,F,4,122,,,16R205,,,,,,0,0,000000000,00000000000,0,0,0,1,0,0,0,0,0,0,0,998,0,0,0,12,12,6,2,12,0,0,0,1,48,78755,6,1,0,0,3,0,999,999,0,1,0,0,0,10,2009,10,2009,0,79,0,0,0,3,3,50,1,1,2,8,0,0,1,5,99,1,1,98,0,0
25,250309,4,4,1,23,7,2,30,12,99,1,0,44,3,20,37,20037,4,2011,1G1ZD5E15BF3,1,G,1,Z,D,5,E,1,5,B,F,3,0,P,CHEV,ML2,4D,11,17,3436,,0,1123,,G,,F,4,146,,,17R215,,,,,,0,0,000000000,00000000000,0,0,0,1,0,0,0,0,0,0,0,998,0,0,0,0,0,6,2,2,0,0,1,1,13,30457,6,1,0,0,3,0,73,200,98,0,0,0,0,0,0,0,0,0,79,0,0,0,3,3,50,1,1,2,8,0,0,1,98,99,1,1,98,0,0
25,250310,1,1,2,27,7,17,14,1,0,1,0,25,1,20,481,20481,31,2001,1GCEK14V91Z1,1,G,C,E,K,1,4,V,9,1,Z,1,0,T,CHEV,SK1,PK,1,17,,2,1330,1190,SIL,G,,,8,293,,,,B,4445,00,,44,0,0,000000000,00000000000,0,0,0,1,0,0,0,0,0,0,0,998,0,1,1,0,13,6,2,1,0,0,0,1,25,1913,3,1,0,0,2,0,71,999,2,3,0,0,0,10,2008,2,2011,0,80,0,0,0,2,4,65,1,2,2,1,0,0,1,1,6,4,6,98,1,0
25,250311,1,1,1,13,8,3,40,42,0,1,0,25,3,2,406,2406,14,2006,1J8HG48N16C3,1,J,8,H,G,4,8,N,1,6,C,3,0,T,JEEP,BSE,4W,6,17,,2,0,1095,CMD,G,,,8,287,,,,,4806,00,K,44,0,0,000000000,00000000000,0,0,0,1,0,0,0,0,0,0,0,999,9,1,3,62,62,6,2,42,0,0,0,1,25,2747,6,1,0,0,3,0,74,999,0,3,0,0,1,10,2008,2,2010,0,0,0,0,0,3,2,65,1,1,2,1,0,0,1,12,7,3,4,6,1,1
25,250312,1,1,1,28,8,0,30,8,0,1,1,99,9,99,999,99999,99,9999,999999999999,9,9,9,9,9,9,9,9,9,9,9,9,9,,,,,,,,,,,,,,,,,,,,,,,,,0,99,999999999,99999999999,9,99,99,1,0,0,0,0,99,99,9,999,0,0,0,12,12,9,1,8,0,0,0,1,99,99999,9,9,99,9,9,9,999,999,99,99,99,99,99,99,9999,99,9999,9,99,99,99,99,2,2,40,1,1,2,2,2,3,1,80,99,9,9,13,0,0
25,250313,1,1,1,29,8,18,55,33,0,1,0,25,1,76,703,76703,80,2006,JYAVG04E96A0,J,Y,A,V,G,0,4,E,9,6,A,0,0,M,YAMA,XV2,RS,6,17,,,,,,,249,,2,,4,302,,,,,,,0,0,000000000,00000000000,0,0,0,1,0,0,0,0,0,0,0,41,0,0,0,14,61,6,2,21,0,0,0,1,25,1930,3,1,0,0,2,0,72,999,0,2,0,0,0,8,2010,8,2010,0,27,36,92,0,3,2,50,1,1,2,1,0,0,15,12,99,1,4,6,1,0
25,250314,1,2,2,21,10,22,45,12,6,1,0,44,1,35,443,35443,20,2002,4N2ZN16T42D8,4,N,2,Z,N,1,6,T,4,2,D,8,0,P,NISS,QST,SV,2,17,3930,,0,1122,,G,,F,6,201,,,16R225,,,,,,0,0,000000000,00000000000,0,0,0,1,0,0,0,0,0,0,0,79,0,0,0,12,6,6,2,12,0,0,0,1,44,2885,6,1,6,0,3,0,66,180,0,0,0,0,0,0,0,0,0,1,36,0,0,0,2,3,65,1,1,2,1,0,0,15,11,1,1,2,46,0,1
25,250314,2,2,2,21,10,22,45,12,6,1,0,25,3,12,461,12461,21,2005,1FTNS24W35HA,1,F,T,N,S,2,4,W,3,5,H,A,0,T,FORD,25V,EC,5,17,,2,0,1380,VAN,G,,,8,281,,,,C,00000,00,E,42,0,0,000000000,00000000000,0,0,0,1,0,0,0,0,0,0,0,998,0,1,1,63,13,6,2,1,0,0,0,1,25,2019,6,1,0,0,3,3,70,999,0,0,0,0,0,0,0,0,0,0,0,0,0,0,2,3,65,1,1,2,1,0,0,1,60,1,1,1,45,1,0
25,250315,1,2,1,24,11,0,18,1,0,1,0,25,1,30,46,30046,4,2003,WVWTH63B53P2,W,V,W,T,H,6,3,B,5,3,P,2,0,P,VOLK,PX4,4D,3,17,3636,,0,1064,,G,,F,6,169,,,16R205,,,,,,0,0,000000000,00000000000,0,0,0,1,0,0,0,0,0,0,0,998,0,1,2,0,13,6,2,1,0,0,0,1,25,2722,6,1,0,0,3,0,59,999,0,0,0,0,0,0,0,0,0,1,36,28,0,0,3,2,65,1,1,2,1,0,0,1,13,7,3,4,2,1,1
25,250315,2,2,1,24,11,0,18,1,0,1,0,25,1,12,481,12481,31,1996,1FTEF14N8TNA,1,F,T,E,F,1,4,N,8,T,N,A,0,T,FORD,F15,PK,96,17,,2,1330,1170,COF,G,,,8,302,,,,B,00000,00,M,44,0,0,000000000,00000000000,0,0,0,1,0,0,0,0,0,0,0,998,0,0,0,12,1,6,2,12,0,0,0,1,25,2702,6,1,0,0,3,0,69,999,0,0,0,0,0,0,0,0,0,0,0,0,0,0,3,2,65,1,1,2,1,0,0,1,78,6,1,1,98,0,0
25,250317,1,1,1,24,9,20,14,42,0,1,0,25,1,53,705,53705,80,2002,JS1GR7HA4221,J,S,1,G,R,7,H,A,4,2,2,1,0,M,SUZI,SX7,RC,2,17,,,,,,,749,,4,,4,365,,,,,,,0,0,000000000,00000000000,0,0,0,1,0,0,0,0,0,0,0,98,0,0,0,98,98,6,2,42,0,0,0,1,25,1604,6,1,6,0,3,0,65,999,1,1,0,1,2,8,2010,1,2011,1,36,0,0,0,1,2,30,2,1,2,1,0,0,98,6,1,1,4,1,1,0
25,250318,1,1,1,17,11,17,46,8,0,1,0,25,1,30,42,30042,3,1998,3VWFB81H6WM2,3,V,W,F,B,8,1,H,6,W,M,2,0,P,VOLK,GGL,4H,98,17,2458,,0,974,,G,,F,4,121,,,14R195,,,,,,0,0,000000000,00000000000,0,0,0,1,0,0,0,0,0,0,0,998,0,0,0,82,82,8,8,8,0,0,0,1,25,1835,6,1,0,0,3,0,70,999,0,0,0,1,0,12,2008,12,2008,0,99,99,99,99,1,2,30,1,1,2,1,0,0,1,80,99,1,1,13,0,0
25,250319,1,2,1,14,8,18,58,12,6,1,0,25,1,37,31,37031,4,2005,2HGES16315H5,2,H,G,E,S,1,6,3,1,5,H,5,0,P,HOND,UDV,4D,5,17,2544,,0,1031,,G,,F,4,102,,,14R185,,,,,,0,0,000000000,00000000000,0,0,0,1,0,0,0,0,0,0,0,998,0,0,0,12,12,6,2,12,0,0,0,1,25,2651,6,1,0,0,3,0,64,999,0,0,0,0,0,0,0,0,0,0,38,0,0,0,1,2,30,1,1,2,1,20,3,10,10,1,1,2,80,1,0
25,250319,2,2,2,14,8,18,58,12,6,1,0,25,1,37,31,37031,4,2012,2HGFB2F95CH5,2,H,G,F,B,2,F,9,5,C,H,5,0,P,HOND,CVL,4D,12,17,2773,,0,1051,,G,,F,4,110,,,16R205,,,,,,0,0,000000000,00000000000,0,0,0,1,0,0,0,0,0,0,0,998,0,0,0,11,11,6,2,12,0,0,0,1,25,1760,6,1,0,0,3,0,68,999,0,0,0,0,0,0,0,0,0,0,0,0,0,0,1,2,30,1,1,2,1,0,0,1,62,99,1,1,81,0,0
25,250320,1,1,1,2,9,6,49,8,0,1,0,25,1,53,40,53040,5,2009,JS2YB4171951,J,S,2,Y,B,4,1,7,1,9,5,1,0,P,SUZI,SXT,4H,9,17,2855,,0,984,,G,,F,4,122,,,16R205,,,,,,0,0,000000000,00000000000,0,0,0,1,0,0,0,0,0,0,0,98,0,0,0,12,12,0,8,8,0,0,0,1,25,1960,6,1,0,0,3,0,66,999,0,0,0,0,0,0,0,0,0,0,38,0,0,0,1,2,15,1,1,2,1,0,0,11,80,1,1,1,13,0,0
25,250321,1,1,1,10,8,21,47,41,0,1,0,25,2,63,31,63031,4,1999,KNAFB121XX58,K,N,A,F,B,1,2,1,X,X,5,8,0,P,KIA,SPL,4D,99,17,2478,,0,1008,,G,,F,4,109,,,14R185,,,,,,0,0,000000000,00000000000,0,0,0,1,0,0,0,0,0,0,0,998,0,0,0,12,12,8,2,41,0,0,0,1,25,1923,6,1,0,0,3,0,66,999,0,0,0,0,0,0,0,0,0,0,50,0,0,0,2,4,65,1,1,2,1,0,0,1,12,99,9,4,6,1,0
25,250322,1,1,1,1,6,12,47,14,0,1,0,25,2,37,31,37031,2,1993,2HGEH2352PH5,2,H,G,E,H,2,3,5,2,P,H,5,0,P,HOND,UCC,2H,93,17,2094,,0,1013,,G,,F,4,091,,,13R165,,,,,,0,0,000000000,00000000000,0,0,0,1,0,0,0,0,0,0,0,998,0,0,0,12,98,6,2,14,0,0,0,1,25,1970,1,1,0,0,2,2,71,999,0,3,0,1,5,12,2009,5,2011,1,36,74,0,0,1,2,99,1,1,2,1,0,0,1,11,99,1,4,11,1,0
25,250323,1,2,1,13,12,9,19,12,6,1,0,25,1,37,32,37032,4,2000,1HGCG6659YA1,1,H,G,C,G,6,6,5,9,Y,A,1,0,P,HOND,ULX,4D,0,17,3053,,0,1069,,G,,F,4,138,,,15R195,,,,,,0,0,000000000,00000000000,0,0,0,1,0,0,0,0,0,0,0,998,0,0,0,9,9,6,2,12,0,0,0,1,25,2054,6,1,0,0,3,0,65,999,0,0,0,0,0,0,0,0,0,0,39,48,0,0,1,2,30,1,1,2,1,20,3,11,15,1,1,1,82,1,0
25,250323,2,2,3,13,12,9,19,12,6,1,0,25,1,20,421,20421,15,2007,1GNFK13097R4,1,G,N,F,K,1,3,0,9,7,R,4,0,P,CHEV,KTA,UT,7,17,5706,,0,1160,,F,,F,8,323,,,17R265,,,,,,0,0,000000000,00000000000,0,0,0,1,0,0,0,0,0,0,0,998,0,0,0,12,12,6,2,12,0,0,0,1,25,2081,6,1,0,0,3,0,72,999,0,0,0,0,0,0,0,0,0,0,0,0,0,0,2,2,30,1,1,2,1,0,0,1,67,99,1,1,83,0,0