STATE,ST_CASE,VEH_NO,VE_FORMS,NUMOCCS,DAY,MONTH,HOUR,MINUTE,HARM_EV,MAN_COLL,UNITTYPE,HIT_RUN,REG_STAT,OWNER,MAKE,MODEL,MAK_MOD,BODY_TYP,MOD_YEAR,VIN,VIN_1,VIN_2,VIN_3,VIN_4,VIN_5,VIN_6,VIN_7,VIN_8,VIN_9,VIN_10,VIN_11,VIN_12,TOW_VEH,VINTYPE,VINMAKE,VINA_MOD,VIN_BT,VINMODYR,VIN_LNGT,VIN_WGT,WGTCD_TR,WHLBS_LG,WHLBS_SH,SER_TR,FUELCODE,MCYCL_DS,CARBUR,CYLINDER,DISPLACE,MCYCL_CY,MCYCL_WT,TIRE_SZE,TON_RAT,TRK_WT,TRKWTVAR,VIN_REST,WHLDRWHL,J_KNIFE,MCARR_I1,MCARR_I2,MCARR_ID,GVWR,V_CONFIG,CARGO_BT,HAZ_INV,HAZ_PLAC,HAZ_ID,HAZ_CNO,HAZ_REL,BUS_USE,SPEC_USE,EMER_USE,TRAV_SP,UNDERIDE,ROLLOVER,ROLINLOC,IMPACT1,IMPACT2,DEFORMED,TOWED,M_HARM,VEH_SC1,VEH_SC2,FIRE_EXP,DR_PRES,L_STATE,DR_ZIP,L_STATUS,L_TYPE,CDL_STAT,L_ENDORS,L_COMPL,L_RESTRI,DR_HGT,DR_WGT,PREV_ACC,PREV_SUS,PREV_DWI,PREV_SPD,PREV_OTH,FIRST_MO,FIRST_YR,LAST_MO,LAST_YR,SPEEDREL,DR_SF1,DR_SF2,DR_SF3,DR_SF4,VTRAFWAY,VNUM_LAN,VSPD_LIM,VALIGN,VPROFILE,VPAVETYP,VSURCOND,VTRAFCON,VTCONT_F,P_CRASH1,P_CRASH2,P_CRASH3,PCRASH4,PCRASH5,ACC_TYPE,DEATHS,DR_DRINK
25,250324,1,2,1,24,6,16,11,59,0,1,0,25,1,58,401,58401,14,2002,JNRDR09Y12W2,J,N,R,D,R,0,9,Y,1,2,W,2,0,P,INFI,QX4,UT,2,17,4218,,0,1063,,G,,F,6,213,,,16R245,,,,,,0,0,000000000,00000000000,0,0,0,1,0,0,0,0,0,0,0,98,0,1,1,12,98,6,2,1,0,0,0,1,25,1940,6,1,0,0,3,3,70,999,0,0,0,0,0,0,0,0,0,0,36,51,28,0,1,2,30,1,1,2,1,0,0,1,54,1,1,1,98,1,0
25,250324,2,2,1,24,6,16,11,59,0,1,0,25,2,6,54,6054,6,2004,2C4GM68494R5,2,C,4,G,M,6,8,4,9,4,R,5,0,P,CHRY,PIF,UT,4,17,4334,,0,1163,,G,,F,6,214,,,17R235,,,,,,0,0,000000000,00000000000,0,0,0,1,0,0,0,0,0,0,0,98,0,0,0,12,12,6,2,12,0,0,0,1,25,1940,6,1,0,0,3,3,68,999,0,0,0,0,0,0,0,0,0,0,0,0,0,0,1,2,30,1,1,2,1,0,0,1,54,1,1,1,98,0,0
25,250325,1,1,1,15,9,22,30,39,0,1,0,25,2,20,2,20002,4,2000,2G1WF52E6Y91,2,G,1,W,F,5,2,E,6,Y,9,1,0,P,CHEV,IMP,4D,0,17,3389,,0,1110,,G,,F,6,207,,,16R225,,,,,,0,0,000000000,00000000000,0,0,0,1,0,0,0,0,0,0,0,98,0,0,0,81,81,6,2,42,0,0,0,1,25,2370,6,1,0,0,3,0,65,999,0,0,0,0,0,0,0,0,0,0,36,0,0,0,1,2,35,1,1,2,2,0,0,1,13,1,1,4,1,1,0
25,250326,1,2,1,6,9,17,14,12,2,1,0,25,2,7,482,7482,31,1996,1B7HF16Y1TJ1,1,B,7,H,F,1,6,Y,1,T,J,1,0,T,DODG,150,PK,96,17,,2,1347,1187,RPC,G,,,8,318,,,,B,4512,01,M,44,0,0,000000000,00000000000,0,0,0,1,0,0,0,0,0,0,0,998,0,0,0,12,12,6,2,12,0,0,0,1,25,1237,6,1,0,0,3,0,70,999,0,0,0,0,0,0,0,0,0,9,28,51,0,0,1,2,50,2,8,2,2,0,0,14,10,1,1,2,50,1,1
25,250326,2,2,1,6,9,17,14,12,2,1,0,50,1,49,472,49472,30,2006,5TEUX42N66Z3,5,T,E,U,X,4,2,N,6,6,Z,3,0,T,TOYT,ACC,PC,6,17,,1,0,1219,TAC,G,,,4,164,,,,B,3875,00,U,44,0,0,000000000,00000000000,0,0,0,1,0,0,0,0,0,0,0,998,0,0,0,12,12,6,2,12,0,0,0,1,50,5261,6,1,0,0,3,0,64,100,0,0,0,0,0,0,0,0,0,0,0,0,0,0,1,2,50,3,8,2,2,0,0,14,62,1,1,1,51,0,0
25,250327,1,1,2,23,4,17,9,42,0,1,0,44,1,14,6,14006,4,2006,2MEFM75W66X6,2,M,E,F,M,7,5,W,6,6,X,6,0,P,MERC,MGL,4D,6,17,4118,,0,1146,,G,,F,8,281,,,16R225,,,,,,0,0,000000000,00000000000,0,0,0,1,0,0,0,0,0,0,0,998,0,0,0,12,12,4,3,42,0,0,0,1,44,2920,6,1,0,0,3,0,999,999,0,0,0,0,0,0,0,0,0,0,0,0,0,0,6,1,35,2,8,2,2,0,0,14,9,9,3,4,2,1,0
25,250328,1,2,1,13,10,6,3,12,2,1,0,50,1,6,16,6016,4,1992,3C3XA46K9NT3,3,C,3,X,A,4,6,K,9,N,T,3,0,P,CHRY,LBA,4D,92,17,2800,,0,1033,,G,,F,4,153,,,14R195,,,,,,0,0,000000000,00000000000,0,0,0,1,0,0,0,0,0,0,0,998,0,0,0,12,12,6,2,12,0,0,0,1,50,5742,6,1,6,0,3,3,71,230,0,0,0,0,0,0,0,0,0,0,28,0,0,0,1,2,45,3,2,2,2,0,0,14,10,1,1,2,50,1,0
25,250328,2,2,1,13,10,6,3,12,2,1,0,25,3,12,22,12022,6,2006,1FMZK02106GA,1,F,M,Z,K,0,2,1,0,6,G,A,0,P,FORD,FSL,UT,6,17,3960,,0,1129,,G,,F,6,183,,,17R215,,,,,,0,0,000000000,00000000000,0,0,0,1,0,0,0,0,0,0,0,998,0,0,0,12,12,6,2,12,0,0,0,1,25,1201,6,1,0,0,3,3,70,999,0,0,0,1,0,1,2011,1,2011,0,0,0,0,0,1,2,45,2,2,2,2,0,0,14,62,1,1,1,51,0,0
25,250329,1,1,3,23,11,18,6,8,0,1,1,25,2,35,401,35401,14,2001,JN8DR09Y51W6,J,N,8,D,R,0,9,Y,5,1,W,6,0,P,NISS,PFI,UT,1,17,3997,,0,1063,,G,,F,6,213,,,16R245,,,,,,0,0,000000000,00000000000,0,0,0,1,0,0,0,0,0,0,0,998,0,0,0,12,12,2,1,8,0,0,0,1,25,2452,0,0,0,0,0,0,999,999,0,0,0,0,0,0,0,0,0,1,36,38,39,86,4,2,30,1,8,2,1,20,3,1,80,1,1,1,13,0,0
25,250330,1,2,1,25,10,6,3,12,6,1,0,25,3,84,881,84881,63,2000,1HTTGAST5YJ0,1,H,T,T,G,A,S,T,5,Y,J,0,0,T,INTL,F57,CC,0,17,,8,2120,1640,PYS,D,,,6,893,,,,,00000,00,,64,0,77,777777777,77777777777,3,2,4,1,0,0,0,0,0,0,0,998,0,0,0,9,9,2,3,12,0,0,0,1,25,2382,6,1,6,3,3,0,72,999,0,0,0,0,0,0,0,0,0,0,0,0,0,0,1,2,45,1,8,2,1,0,0,1,15,99,1,1,89,0,0
25,250330,2,2,1,25,10,6,3,12,6,1,0,25,1,37,705,37705,80,2007,JH2PC40027M0,J,H,2,P,C,4,0,0,2,7,M,0,0,M,HOND,B60,RC,7,17,,,,,,,599,,4,,4,345,,,,,,,0,0,000000000,00000000000,0,0,0,1,0,0,0,0,0,0,0,998,0,0,0,12,12,6,2,12,0,0,0,1,25,2190,6,1,6,0,3,0,64,999,1,2,0,0,0,10,2009,9,2010,1,36,0,0,0,1,2,45,1,8,2,1,0,0,1,71,99,9,1,88,1,0
25,250332,2,1,1,6,2,23,31,45,0,1,0,25,2,12,401,12401,14,2000,1FMYU70E2YUA,1,F,M,Y,U,7,0,E,2,Y,U,A,0,P,FORD,EPR,UT,0,17,3870,,0,1017,,G,,F,6,245,,,15R235,,,,,,0,0,000000000,00000000000,0,0,0,1,0,0,0,0,0,0,0,998,0,0,0,12,12,6,2,45,0,0,0,1,25,2131,6,1,0,0,3,0,62,999,0,5,0,1,1,7,2008,10,2010,0,0,0,0,0,1,2,30,1,1,2,2,0,0,1,60,99,1,1,98,1,1
25,250333,1,1,3,2,4,22,20,5,0,1,0,25,3,93,981,93981,51,1999,1M8PDMPA7XP0,1,M,8,P,D,M,P,A,7,X,P,0,0,T,MCIN,,,99,17,,,,,,,,,,,,,,,,,,,0,77,777777777,77777777777,3,21,22,1,0,0,0,0,5,0,0,55,0,0,0,0,0,9,3,5,0,0,0,1,25,2368,6,1,6,3,3,0,69,999,0,0,0,0,0,0,0,0,0,0,0,0,0,0,3,2,50,1,1,2,1,0,0,98,98,99,1,1,0,1,0
25,250334,1,1,1,8,10,21,58,42,0,1,0,25,3,49,402,49402,14,2010,JTMBF4DV7A50,J,T,M,B,F,4,D,V,7,A,5,0,0,P,TOYT,RG4,UT,10,17,3444,,0,1047,,G,,F,4,153,,,16R215,,,,,,0,0,000000000,00000000000,0,0,0,1,0,0,0,0,0,0,0,98,0,0,0,98,98,6,2,42,0,0,0,1,25,2054,6,1,0,0,3,0,63,999,1,0,0,1,0,5,2010,9,2011,0,28,36,0,0,1,2,99,8,8,2,1,0,0,1,13,1,1,4,1,1,0
25,250335,1,1,1,24,1,17,51,8,0,1,1,25,1,49,40,49040,4,2003,4T1BE32KX3U7,4,T,1,B,E,3,2,K,X,3,U,7,0,P,TOYT,UXS,4D,3,17,2993,,0,1071,,G,,F,4,144,,,15R205,,,,,,0,0,000000000,00000000000,0,0,0,1,0,0,0,0,0,0,0,98,0,0,0,82,82,4,1,8,0,0,0,1,25,1752,6,1,0,0,3,0,68,999,0,0,0,1,2,5,2009,6,2009,0,86,87,0,0,1,2,40,1,1,2,98,20,8,1,80,1,1,3,13,0,0
25,250337,1,1,1,29,5,1,43,24,0,1,0,25,1,62,401,62401,14,2000,SALTY1544YA2,S,A,L,T,Y,1,5,4,4,Y,A,2,0,T,LNDR,DII,4W,0,17,,2,0,1000,DIS,G,,,8,241,,,,,4576,01,E,44,0,0,000000000,00000000000,0,0,0,1,0,0,0,0,0,0,0,998,0,0,0,11,98,8,8,24,0,0,0,1,25,1803,6,1,0,0,3,0,66,999,0,0,0,0,0,0,0,0,0,1,0,0,0,0,3,4,55,1,1,2,1,0,0,1,12,99,9,4,6,1,0
25,250339,1,1,1,1,8,4,11,33,0,1,0,25,1,12,401,12401,14,1998,VT131829,V,T,1,3,1,8,2,9,,,,,0,T,FORD,,,98,8,,,,,,,,,,,,,,,,,,,0,0,000000000,00000000000,0,0,0,1,0,0,0,0,0,0,0,998,0,0,0,14,82,6,2,43,0,0,0,1,25,1109,3,1,0,0,2,0,73,999,1,0,0,0,0,4,2009,4,2009,1,51,0,0,0,1,2,30,1,1,2,1,3,3,11,6,99,9,4,7,1,0
25,250340,1,1,2,13,8,1,37,14,0,1,0,25,2,20,421,20421,15,1999,1GNEK13R7XJ5,1,G,N,E,K,1,3,R,7,X,J,5,0,P,CHEV,KTA,UT,99,17,5268,,0,1175,,G,,F,8,350,,,16R245,,,,,,0,0,000000000,00000000000,0,0,0,1,0,0,0,0,0,0,0,43,0,0,0,12,12,6,2,14,0,0,0,1,25,2126,3,1,0,0,2,0,72,999,0,0,0,0,0,0,0,0,0,1,0,0,0,0,1,2,30,3,5,2,1,0,0,14,6,99,9,4,7,1,0
25,250341,1,1,1,16,10,4,50,31,0,1,0,25,1,12,461,12461,21,1996,1FMEE11H6THB,1,F,M,E,E,1,1,H,6,T,H,B,0,P,FORD,CLU,SV,96,17,5121,,0,1380,,G,,F,8,351,,,15R235,,,,,,0,0,000000000,00000000000,0,0,0,1,0,0,0,0,0,0,0,998,0,1,6,11,98,6,2,1,0,0,0,1,25,2060,6,1,0,0,3,3,62,999,0,0,0,0,0,0,0,0,0,1,0,0,0,0,3,2,65,1,1,2,1,0,0,1,12,99,9,4,7,1,0
25,250342,1,1,1,22,8,16,58,39,0,1,0,25,1,49,32,49032,4,1999,2T1BR18E7XC1,2,T,1,B,R,1,8,E,7,X,C,1,0,P,TOYT,UVL,4D,99,17,2414,,0,970,,G,,F,4,109,,,14R175,,,,,,0,0,000000000,00000000000,0,0,0,1,0,0,0,0,0,0,0,998,0,0,0,12,12,6,2,39,0,0,0,1,25,2360,6,1,0,0,3,0,69,999,1,0,0,0,0,7,2009,7,2009,0,0,0,0,0,1,2,20,3,1,2,1,0,0,14,13,1,1,4,1,1,0
25,250343,1,1,2,28,10,2,29,52,0,1,0,33,1,12,471,12471,30,1999,1FTZR15V3XTA,1,F,T,Z,R,1,5,V,3,X,T,A,0,T,FORD,RNS,PC,99,17,,1,0,1259,RNG,F,,,6,182,,,,B,00000,00,U,44,0,0,000000000,00000000000,0,0,0,1,0,0,0,0,0,0,0,72,0,1,3,12,98,6,2,52,0,0,0,1,33,3244,6,1,0,0,3,3,65,275,0,0,0,0,0,0,0,0,0,1,87,0,0,0,3,2,65,1,1,2,4,0,0,1,6,99,4,4,7,2,1
25,250344,1,1,1,20,7,18,7,8,0,1,0,25,1,12,421,12421,15,1996,1FMEU15N0TLB,1,F,M,E,U,1,5,N,0,T,L,B,0,P,FORD,BRO,UT,96,17,4587,,0,1050,,G,,F,8,302,,,15R235,,,,,,0,0,000000000,00000000000,1,0,0,1,0,0,0,0,0,0,0,98,0,0,0,98,0,4,3,8,0,0,0,1,25,1824,6,1,0,0,3,0,73,999,0,0,0,0,0,0,0,0,0,0,36,0,0,0,0,0,0,0,0,0,0,0,0,98,82,1,1,7,98,0,1
25,250345,1,1,2,22,10,2,20,5,0,1,0,25,1,58,401,58401,14,1999,JNRAR05Y7XW0,J,N,R,A,R,0,5,Y,7,X,W,0,0,P,INFI,QX4,UT,99,17,4141,,0,1063,,G,,F,6,201,,,16R245,,,,,,0,0,000000000,00000000000,0,0,0,1,0,0,0,0,0,0,0,35,0,0,0,0,0,0,3,5,0,0,0,1,25,2769,6,1,2,0,3,0,66,999,0,0,0,1,2,11,2009,11,2009,0,0,0,0,0,6,8,25,8,1,2,98,0,0,98,98,1,1,1,0,1,0
25,250346,1,2,1,25,11,8,17,8,0,1,0,25,2,49,402,49402,14,2006,JTMBD31V8650,J,T,M,B,D,3,1,V,8,6,5,0,0,P,TOYT,RG4,UT,6,17,3512,,0,1050,,G,,F,4,144,,,17R225,,,,,,0,0,000000000,00000000000,0,0,0,1,0,0,0,0,0,0,0,998,0,0,0,12,98,8,2,8,0,0,0,1,25,1432,6,1,0,0,3,3,68,999,2,0,0,0,0,2,2009,5,2011,0,0,0,0,0,4,8,45,8,8,2,1,0,0,1,80,99,1,1,13,0,0
25,250346,2,2,0,25,11,8,17,8,0,1,0,25,6,37,999,37999,99,2000,999999999999,9,9,9,9,9,9,9,9,9,9,9,9,0,,,,,,,,,,,,,,,,,,,,,,,,,0,0,000000000,00000000000,0,0,0,1,0,0,0,0,0,0,0,0,0,0,0,98,98,8,2,12,0,0,0,0,0,99997,7,6,97,7,6,7,998,997,998,998,998,998,998,98,9998,98,9998,8,0,0,0,0,4,8,45,8,8,2,1,0,0,0,53,0,0,0,98,0,0
25,250347,1,3,1,11,3,20,11,12,2,1,0,25,1,20,32,20032,5,1993,2C1MR6467P67,2,C,1,M,R,6,4,6,7,P,6,7,0,P,GEO,GEM,4H,93,17,1650,,931,892,,G,,F,3,061,,,12R415,,,,,,0,0,000000000,00000000000,0,0,0,1,0,0,0,0,0,0,0,98,0,0,0,12,12,6,2,12,0,0,0,1,25,1027,6,1,0,0,3,0,74,999,0,2,0,0,1,4,2008,5,2009,0,51,0,0,0,2,3,99,1,1,2,1,3,3,1,54,1,1,1,52,1,0
25,250347,2,3,1,11,3,20,11,12,2,1,0,25,1,21,21,21021,4,1995,1G3NL55D6SM3,1,G,3,N,L,5,5,D,6,S,M,3,0,P,OLDS,ACS,4D,95,17,2779,,0,1034,,G,,F,4,140,,,14R195,,,,,,0,0,000000000,00000000000,0,0,0,1,0,0,0,0,0,0,0,0,0,0,0,12,12,6,2,12,0,0,0,1,25,1104,6,1,0,0,3,0,64,999,0,0,0,0,0,0,0,0,0,0,0,0,0,0,2,3,99,1,1,2,1,3,3,5,54,1,7,1,52,0,0
25,250347,3,3,1,11,3,20,11,12,2,1,0,25,1,35,47,35047,4,2002,1N4AL11E92C1,1,N,4,A,L,1,1,E,9,2,C,1,0,P,NISS,ABS,4D,2,17,2920,,0,1102,,G,,F,4,153,,,16R205,,,,,,0,0,000000000,00000000000,0,0,0,1,0,0,0,0,0,0,0,0,0,0,0,1,1,6,2,12,0,0,0,1,25,1069,6,1,0,0,3,3,66,999,0,0,0,0,0,0,0,0,0,0,0,0,0,0,2,3,99,1,1,2,1,3,3,5,50,1,7,1,98,0,0
25,250348,1,1,1,30,10,18,17,8,0,1,0,25,1,2,404,2404,14,2004,1J4GW48S34C1,1,J,4,G,W,4,8,S,3,4,C,1,0,T,JEEP,LCF,4W,4,17,,1,0,1059,GCK,G,,,6,244,,,,,3888,02,E,44,0,0,000000000,00000000000,0,0,0,1,0,0,0,0,0,0,0,30,0,0,0,82,82,4,3,8,0,0,0,1,25,1810,6,1,0,0,3,3,69,999,1,0,0,0,0,3,2009,3,2009,0,86,87,0,0,1,1,45,1,1,2,2,0,0,1,80,1,1,1,13,0,0
25,250349,1,3,1,21,12,20,54,12,6,1,0,25,1,55,35,55035,4,2004,KMHDN46D94U7,K,M,H,D,N,4,6,D,9,4,U,7,0,P,HYUN,EST,4D,4,17,2635,,0,1027,,G,,F,4,121,,,15R195,,,,,,0,0,000000000,00000000000,0,0,0,1,0,0,0,0,0,0,0,98,3,0,0,12,61,6,2,12,0,0,0,1,25,1545,6,1,0,0,3,0,64,999,0,0,0,0,0,0,0,0,0,0,28,51,0,0,1,2,40,2,1,2,2,0,0,15,10,1,1,2,64,1,1
25,250349,2,3,4,21,12,20,54,12,6,1,0,25,1,7,482,7482,31,2001,3B7HF13Z21G7,3,B,7,H,F,1,3,Z,2,1,G,7,0,T,DODG,Q15,4C,1,17,,2,1547,1387,RPC,G,,,8,360,,,,B,5008,01,U,44,0,0,000000000,00000000000,0,0,0,1,0,0,0,0,0,0,0,98,0,0,0,61,61,4,1,12,0,0,0,1,25,1545,6,1,0,0,3,0,74,999,0,1,0,0,1,1,2011,1,2011,0,0,0,0,0,1,2,40,2,1,2,2,0,0,17,62,6,1,1,65,0,0
25,250349,3,3,1,21,12,20,54,12,6,1,0,25,1,7,482,7482,31,1997,3B7HC13Z0VG8,3,B,7,H,C,1,3,Z,0,V,G,8,0,T,DODG,150,PC,97,17,,2,1547,1387,RPC,G,,,8,360,,,,B,4379,01,M,42,0,0,000000000,00000000000,1,0,0,1,0,0,0,0,0,0,0,98,7,0,0,12,12,6,2,12,0,0,0,1,25,1752,6,1,0,0,3,0,73,999,0,2,0,2,2,2,2011,9,2011,0,0,0,0,0,1,2,40,3,1,2,2,0,0,1,62,1,1,1,98,0,0
25,250350,1,2,1,1,5,10,27,12,2,1,0,23,1,22,16,22016,2,2004,1G2JB12F9473,1,G,2,J,B,1,2,F,9,4,7,3,0,P,PONT,SFR,CP,4,17,2771,,0,1041,,G,,F,4,134,,,15R195,,,,,,0,0,000000000,00000000000,0,0,0,1,0,0,0,0,0,0,0,98,9,0,0,12,12,6,2,12,0,0,0,1,25,2382,6,1,6,0,3,0,65,999,0,0,0,0,0,0,0,0,0,0,28,0,0,0,1,2,45,1,1,2,1,0,0,15,11,1,1,2,50,1,0
25,250350,2,2,3,1,5,10,27,12,2,1,0,25,1,12,401,12401,14,2002,1FMZU73E62UB,1,F,M,Z,U,7,3,E,6,2,U,B,0,P,FORD,EPR,UT,2,17,4378,,0,1137,,G,,F,6,245,,,16R235,,,,,,0,0,000000000,00000000000,1,0,0,1,0,0,0,0,0,0,0,98,0,0,0,12,12,6,2,12,0,0,0,1,25,2188,6,1,0,0,3,0,67,999,0,0,0,0,0,0,0,0,0,0,0,0,0,0,1,2,45,1,1,2,1,0,0,1,62,98,1,3,51,0,0
25,250351,1,1,1,5,12,20,10,33,0,1,0,25,1,35,39,35039,4,1997,JN1CA21D0VM5,J,N,1,C,A,2,1,D,0,V,M,5,0,P,NISS,MGS,4D,97,17,2886,,0,1063,,G,,F,6,182,,,15R205,,,,,,0,0,000000000,00000000000,0,0,0,1,0,0,0,0,0,0,0,98,0,0,0,14,12,6,2,14,0,0,0,1,25,1867,6,1,0,0,3,0,65,999,0,0,0,0,1,12,2009,12,2009,0,28,0,0,0,3,2,55,1,1,2,2,0,0,15,13,1,1,4,1,1,0
25,250352,1,1,2,1,11,10,21,30,0,1,0,25,2,37,31,37031,4,1997,2HGEJ662XVH5,2,H,G,E,J,6,6,2,X,V,H,5,0,P,HOND,UCD,4D,97,17,2307,,0,1032,,G,,F,4,097,,,14R185,,,,,,0,0,000000000,00000000000,0,0,0,1,0,0,0,0,0,0,0,98,0,0,0,12,12,6,2,30,0,0,0,1,25,1463,6,1,0,0,3,3,66,999,0,0,0,0,0,0,0,0,0,0,28,0,0,0,1,2,45,1,1,2,1,0,0,15,12,1,1,4,6,1,0
25,250353,1,1,1,3,11,10,26,39,0,1,0,25,1,12,481,12481,31,1999,1FTZF1729XNA,1,F,T,Z,F,1,7,2,9,X,N,A,0,T,FORD,F15,PK,99,17,,1,1385,1199,COF,G,,,6,256,,,,B,00000,00,U,42,0,0,000000000,00000000000,1,0,0,1,0,0,0,0,0,0,0,98,0,0,0,12,12,6,2,39,0,0,0,1,25,2375,6,1,0,0,3,0,66,999,1,0,0,0,0,4,2009,4,2009,0,0,0,0,0,1,2,30,1,1,2,1,40,3,15,13,1,1,4,1,1,0
25,250354,1,1,1,7,12,17,46,8,0,1,1,99,9,99,999,99999,99,9999,999999999999,9,9,9,9,9,9,9,9,9,9,9,9,0,,,,,,,,,,,,,,,,,,,,,,,,,0,0,000000000,00000000000,0,0,0,1,0,0,0,0,0,0,0,98,0,0,0,12,99,9,1,8,0,0,0,1,99,99999,9,9,99,9,9,9,999,999,99,99,99,99,99,99,9999,99,9999,9,86,0,0,0,2,2,30,1,1,2,2,0,0,1,80,99,1,3,13,0,0
25,250355,1,1,1,14,10,21,32,8,0,1,1,25,3,12,16,12016,4,2004,2FAHP71W84X1,2,F,A,H,P,7,1,W,8,4,X,1,0,P,FORD,CVP,4D,4,17,0,,0,1147,,G,,F,8,281,,,000000,,,,,,0,0,000000000,00000000000,0,0,0,1,0,0,0,0,0,1,0,48,0,0,0,12,12,4,1,8,0,0,0,1,25,2152,6,1,0,0,3,0,72,999,0,5,0,1,4,2,2009,11,2010,1,36,0,0,0,1,2,30,1,1,2,2,1,3,1,80,1,1,1,13,0,0
25,250357,1,1,1,10,8,11,56,42,0,1,0,25,2,49,44,49044,1,2003,2T1FE22P73C0,2,T,1,F,E,2,2,P,7,3,C,0,0,P,TOYT,CRE,CV,3,17,3297,,0,1051,,G,,F,4,144,,,15R205,,,,,,0,0,000000000,00000000000,0,0,0,1,0,0,0,0,0,0,0,98,0,1,1,12,13,6,2,1,0,0,0,1,25,2718,6,1,0,0,3,3,62,999,0,0,0,0,0,0,0,0,0,0,0,0,0,0,1,2,30,1,1,2,1,0,0,1,12,1,1,4,6,1,0
25,250358,1,1,1,8,8,21,44,8,0,1,0,25,2,6,43,6043,1,1997,3C3EL55H0VT6,3,C,3,E,L,5,5,H,0,V,T,6,0,P,CHRY,SJI,CV,97,17,3376,,0,1060,,G,,F,6,152,,,16R215,,,,,,0,0,000000000,00000000000,0,0,0,1,0,0,0,0,0,0,0,98,0,0,0,12,12,9,9,8,0,0,0,1,25,2302,6,1,0,0,3,0,71,999,0,0,0,0,0,0,0,0,0,0,0,0,0,0,1,2,30,1,1,2,2,0,0,1,80,1,1,1,13,0,0
25,250359,1,3,2,30,10,13,45,12,8,1,0,25,1,49,472,49472,30,2011,3TMLU4EN8BM0,3,T,M,L,U,4,E,N,8,B,M,0,0,T,TOYT,DCL,CW,11,17,,1,0,1278,TAC,G,,,6,244,,,,B,4035,00,W,44,0,0,000000000,00000000000,0,0,0,1,0,0,0,0,0,0,0,98,0,0,0,12,12,6,2,12,0,0,0,1,25,2644,6,1,0,0,3,3,70,999,0,0,0,1,0,8,2010,8,2010,0,0,0,0,0,1,2,30,1,1,2,1,0,0,1,54,1,1,1,98,0,0
25,250359,2,3,1,30,10,13,45,12,8,1,0,25,1,7,482,7482,31,2001,1B7HF16Y01S6,1,B,7,H,F,1,6,Y,0,1,S,6,0,T,DODG,150,PK,1,17,,2,1347,1187,RPC,G,,,8,318,,,,B,4573,01,U,44,0,0,000000000,00000000000,0,0,0,1,0,0,0,0,0,0,0,98,0,0,0,82,12,6,2,12,0,0,0,1,25,2644,6,1,0,0,3,3,70,999,1,0,0,0,0,4,2011,4,2011,0,51,28,0,0,1,2,30,1,1,2,1,0,0,1,54,1,1,1,67,1,0
25,250359,3,3,2,30,10,13,45,12,8,1,0,25,1,49,43,49043,4,2006,4T1BK36B46U0,4,T,1,B,K,3,6,B,4,6,U,0,0,P,TOYT,UTS,4D,6,17,3490,,0,1071,,G,,F,6,213,,,15R205,,,,,,0,0,000000000,00000000000,0,0,0,1,0,0,0,0,0,0,0,98,0,0,0,63,63,6,2,12,0,0,0,1,25,2537,6,1,0,0,3,0,70,999,0,0,0,0,0,0,0,0,0,0,0,0,0,0,1,2,30,1,1,2,1,0,0,1,62,6,1,2,67,0,0
25,250360,1,1,1,22,3,6,30,42,0,1,0,25,1,23,481,23481,31,2004,1GTEK14T14Z2,1,G,T,E,K,1,4,T,1,4,Z,2,0,T,GMC,NK1,PK,4,17,,2,1330,1190,SIE,G,,,8,325,,,,B,4439,00,4,44,0,0,000000000,00000000000,1,0,0,1,0,0,0,0,0,0,0,98,0,0,0,12,0,6,2,42,0,0,0,1,25,1545,6,1,6,3,3,3,73,999,0,0,0,0,0,0,0,0,0,1,0,0,0,0,3,3,65,1,1,2,1,0,0,15,13,1,1,4,1,1,0
25,250361,1,3,1,2,6,9,45,12,6,1,0,25,1,12,880,12880,67,2006,1FTWW31516EC,1,F,T,W,W,3,1,5,1,6,E,C,0,T,FORD,F3S,CW,6,17,,3,1720,1560,SRW,G,,,8,329,,,,D,6585,01,U,44,0,88,888888888,88888888888,2,1,97,1,0,0,0,0,0,0,0,0,0,0,0,62,62,6,2,12,0,0,0,1,25,2332,6,1,6,3,3,0,72,999,0,0,0,0,0,0,0,0,0,0,0,0,0,0,1,2,40,1,1,2,1,20,3,5,78,1,9,1,98,0,0
25,250361,2,3,1,2,6,9,45,12,6,1,0,25,1,20,443,20443,20,2000,1GNDX03E8YD2,1,G,N,D,X,0,3,E,8,Y,D,2,0,T,CHEV,VTR,ES,0,17,,1,0,1200,VTR,G,,,6,207,,,,,3838,00,,42,0,0,000000000,00000000000,1,0,0,1,0,0,0,0,0,0,0,40,0,0,0,12,12,6,2,12,0,0,0,1,25,2189,6,1,0,0,3,3,61,999,0,2,0,0,4,3,2009,3,2011,0,0,0,0,0,1,2,40,1,1,2,1,20,3,1,55,1,1,1,86,0,0
25,250361,3,3,1,2,6,9,45,12,6,1,0,25,1,6,43,6043,1,2000,3C3EL55H3YT2,3,C,3,E,L,5,5,H,3,Y,T,2,0,P,CHRY,SJI,CV,0,17,3364,,0,1060,,G,,F,6,152,,,16R215,,,,,,0,0,000000000,00000000000,0,0,0,1,0,0,0,0,0,0,0,50,0,0,0,81,81,6,2,12,0,0,0,1,25,2359,6,1,0,0,3,0,65,999,0,0,0,0,0,0,0,0,0,1,39,0,0,0,1,2,40,1,1,2,1,20,3,1,66,1,1,1,87,1,0