STATE,ST_CASE,VEH_NO,VE_FORMS,NUMOCCS,DAY,MONTH,HOUR,MINUTE,HARM_EV,MAN_COLL,UNITTYPE,HIT_RUN,REG_STAT,OWNER,MAKE,MODEL,MAK_MOD,BODY_TYP,MOD_YEAR,VIN,VIN_1,VIN_2,VIN_3,VIN_4,VIN_5,VIN_6,VIN_7,VIN_8,VIN_9,VIN_10,VIN_11,VIN_12,TOW_VEH,VINTYPE,VINMAKE,VINA_MOD,VIN_BT,VINMODYR,VIN_LNGT,VIN_WGT,WGTCD_TR,WHLBS_LG,WHLBS_SH,SER_TR,FUELCODE,MCYCL_DS,CARBUR,CYLINDER,DISPLACE,MCYCL_CY,MCYCL_WT,TIRE_SZE,TON_RAT,TRK_WT,TRKWTVAR,VIN_REST,WHLDRWHL,J_KNIFE,MCARR_I1,MCARR_I2,MCARR_ID,GVWR,V_CONFIG,CARGO_BT,HAZ_INV,HAZ_PLAC,HAZ_ID,HAZ_CNO,HAZ_REL,BUS_USE,SPEC_USE,EMER_USE,TRAV_SP,UNDERIDE,ROLLOVER,ROLINLOC,IMPACT1,IMPACT2,DEFORMED,TOWED,M_HARM,VEH_SC1,VEH_SC2,FIRE_EXP,DR_PRES,L_STATE,DR_ZIP,L_STATUS,L_TYPE,CDL_STAT,L_ENDORS,L_COMPL,L_RESTRI,DR_HGT,DR_WGT,PREV_ACC,PREV_SUS,PREV_DWI,PREV_SPD,PREV_OTH,FIRST_MO,FIRST_YR,LAST_MO,LAST_YR,SPEEDREL,DR_SF1,DR_SF2,DR_SF3,DR_SF4,VTRAFWAY,VNUM_LAN,VSPD_LIM,VALIGN,VPROFILE,VPAVETYP,VSURCOND,VTRAFCON,VTCONT_F,P_CRASH1,P_CRASH2,P_CRASH3,PCRASH4,PCRASH5,ACC_TYPE,DEATHS,DR_DRINK
25,250362,1,1,1,10,1,4,11,48,0,1,0,25,3,14,6,14006,4,1998,2MEFM75WXWX6,2,M,E,F,M,7,5,W,X,W,X,6,0,P,MERC,MLL,4D,98,17,3922,,0,1144,,G,,F,8,281,,,16R225,,,,,,0,0,000000000,00000000000,0,0,0,1,0,0,0,0,0,0,0,98,0,0,0,98,12,6,2,42,0,0,0,1,25,2453,6,1,0,0,3,3,69,999,1,3,0,3,0,3,2008,11,2010,0,87,0,0,0,1,2,30,1,1,2,1,0,0,1,8,1,7,4,2,1,0
25,250363,1,1,1,9,12,17,8,8,0,1,0,36,3,22,20,22020,4,2008,2G2WP5521811,2,G,2,W,P,5,5,2,1,8,1,1,0,P,PONT,GRA,4D,8,17,3477,,0,1105,,G,,F,6,232,,,16R225,,,,,,0,0,000000000,00000000000,0,0,0,1,0,0,0,0,0,0,0,98,0,0,0,12,12,8,8,8,0,0,0,1,25,1201,6,1,0,0,3,0,64,999,0,1,0,2,0,6,2009,12,2010,0,0,0,0,0,1,2,30,1,1,2,1,0,0,1,80,1,1,1,13,0,0
25,250364,1,1,1,8,6,1,31,31,0,1,0,25,1,53,705,53705,80,2009,JS1GR7LA1921,J,S,1,G,R,7,L,A,1,9,2,1,0,M,SUZI,SX7,RC,9,17,,,,,,,750,,4,,4,437,,,,,,,0,0,000000000,00000000000,0,0,0,1,0,0,0,0,0,0,0,998,0,0,0,98,98,6,2,39,0,0,0,1,25,1504,6,1,0,0,2,0,67,999,0,0,0,0,0,0,0,0,0,9,28,52,0,0,1,2,35,3,1,2,1,0,0,14,13,1,1,4,1,1,0
25,250366,1,2,1,12,12,17,1,12,2,1,0,25,1,55,33,55033,4,2011,5NPEC4AC2BH2,5,N,P,E,C,4,A,C,2,B,H,2,0,P,HYUN,SLI,4D,11,17,3199,,0,1100,,G,,F,4,144,,,17R215,,,,,,0,0,000000000,00000000000,0,0,0,1,0,0,0,0,0,0,0,98,9,0,0,12,12,6,2,12,0,0,0,1,25,1504,6,1,0,0,3,3,70,999,0,0,0,0,1,4,2010,4,2010,0,0,0,0,0,2,2,35,1,1,2,1,0,0,1,62,1,1,1,51,1,0
25,250366,2,2,1,12,12,17,1,12,2,1,0,44,9,35,999,35999,99,1988,999999999999,9,9,9,9,9,9,9,9,9,9,9,9,0,,,,,,,,,,,,,,,,,,,,,,,,,0,0,000000000,00000000000,0,0,0,1,0,0,0,0,0,0,0,98,9,0,0,12,12,6,2,12,0,0,0,1,44,2895,9,9,99,9,9,9,999,999,99,99,99,99,99,99,9999,99,9999,0,28,0,0,0,2,2,35,1,1,2,1,0,0,17,54,1,1,2,50,0,0
25,250367,1,1,1,3,10,1,42,33,0,1,0,25,2,34,34,34034,2,2007,WBAWV53567PW,W,B,A,W,V,5,3,5,6,7,P,W,0,P,BMW,2XS,CP,7,17,0,,0,1087,,G,,F,6,183,,,17R225,,,,,,0,0,000000000,00000000000,0,0,0,1,0,0,0,0,0,0,0,98,0,1,6,14,98,6,2,1,0,0,0,1,25,1119,6,1,0,0,3,0,71,999,0,1,0,1,0,12,2009,9,2011,1,0,0,0,0,2,2,35,1,1,2,1,0,0,1,6,99,1,4,1,1,0
25,250368,1,1,1,8,6,23,10,14,0,1,0,25,1,76,705,76705,80,2007,JYAVM01EX7A1,J,Y,A,V,M,0,1,E,X,7,A,1,0,M,YAMA,VS6,RS,7,17,,,,,,,649,,2,,4,474,,,,,,,0,0,000000000,00000000000,0,0,0,1,0,0,0,0,0,0,0,98,0,0,0,12,98,6,2,30,0,0,0,1,25,1075,6,1,0,0,3,3,74,999,0,0,0,0,0,0,0,0,0,0,99,99,99,99,1,2,30,2,1,2,2,0,0,14,12,1,1,4,6,1,0
25,250369,1,1,4,1,4,19,54,8,0,1,0,25,1,49,442,49442,20,1998,4T3ZF13C3WU0,4,T,3,Z,F,1,3,C,3,W,U,0,0,P,TOYT,SIE,SV,98,17,3825,,0,1142,,G,,F,6,183,,,15R205,,,,,,0,0,000000000,00000000000,1,0,0,1,0,0,0,0,0,0,0,98,0,0,0,12,12,8,2,8,0,0,0,1,25,1105,6,1,0,0,3,0,66,999,0,0,0,0,1,10,2010,10,2010,0,99,99,99,99,2,2,35,1,1,2,2,0,0,1,80,1,1,1,13,0,0
25,250370,1,1,1,10,12,19,26,8,0,1,0,25,1,12,401,12401,14,2002,1FMZU72K42ZD,1,F,M,Z,U,7,2,K,4,2,Z,D,0,P,FORD,EPR,UT,2,17,4334,,0,1137,,F,,F,6,245,,,16R235,,,,,,0,0,000000000,00000000000,1,0,0,1,0,0,0,0,0,0,0,37,0,0,0,62,62,4,3,8,0,0,0,1,25,2148,6,1,0,0,3,0,67,999,1,1,0,0,1,9,2009,8,2011,1,99,99,99,99,1,2,30,1,1,2,1,2,3,1,80,1,1,1,13,0,0
25,250371,1,2,1,14,12,11,46,12,6,1,0,25,0,98,709,98709,88,9999,000000000000,0,0,0,0,0,0,0,0,0,0,0,0,0,,,,,,,,,,,,,,,,,,,,,,,,,0,0,000000000,00000000000,0,0,0,1,0,0,0,0,0,0,0,98,0,0,0,12,98,6,2,12,0,0,0,1,25,2301,0,0,0,0,1,0,999,999,0,0,0,0,0,0,0,0,0,0,28,36,39,0,1,2,30,1,1,2,1,20,3,10,8,1,1,2,80,1,0
25,250371,2,2,1,14,12,11,46,12,6,1,0,25,3,84,881,84881,63,2005,1HTMKAAN15H1,1,H,T,M,K,A,A,N,1,5,H,1,0,T,INTL,440,CC,5,17,,7,0,0,40S,D,,,6,466,,,,,00000,00,,42,0,77,777777777,77777777777,3,1,28,1,0,0,0,0,0,0,0,98,7,0,0,7,98,8,3,12,0,0,0,1,25,2351,6,1,6,3,3,0,72,999,0,0,0,0,0,0,0,0,0,0,0,0,0,0,1,2,30,1,1,2,1,0,0,1,65,1,1,1,81,0,0
25,250372,1,2,5,25,9,5,45,12,6,1,0,25,1,35,443,35443,20,2000,4N2XN11T9YD8,4,N,2,X,N,1,1,T,9,Y,D,8,0,P,NISS,QST,SV,0,17,3738,,0,1122,,G,,F,6,201,,,15R215,,,,,,0,0,000000000,00000000000,0,0,0,1,0,0,0,0,0,0,0,31,0,0,0,12,62,6,2,12,0,0,0,1,25,2128,6,1,0,0,3,0,69,999,1,0,0,1,2,4,2009,3,2011,0,39,0,0,0,4,3,30,1,1,2,1,2,3,1,66,1,1,1,86,0,0
25,250372,2,2,1,25,9,5,45,12,6,1,0,25,3,49,40,49040,4,2011,4T1BB3EK4BU1,4,T,1,B,B,3,E,K,4,B,U,1,0,P,TOYT,CHB,4D,11,17,3680,,0,1093,,B,,F,4,146,,,16R215,,,,,,0,0,000000000,00000000000,0,0,0,1,0,0,0,0,0,0,0,33,0,0,0,82,82,6,2,12,0,0,0,1,25,2148,6,1,0,0,3,0,65,999,0,0,0,0,0,0,0,0,0,0,0,0,0,0,4,3,30,1,1,2,1,2,3,1,66,1,1,1,87,1,0
25,250373,1,3,1,21,6,13,10,12,6,1,0,25,1,7,25,7025,5,2007,1B3HB48B47D3,1,B,3,H,B,4,8,B,4,7,D,3,0,P,DODG,CXT,4D,7,17,3038,,0,1037,,G,,F,4,122,,,17R215,,,,,,0,0,000000000,00000000000,0,0,0,1,0,0,0,0,0,0,0,98,0,0,0,12,12,8,1,12,0,0,0,1,25,1420,6,1,0,0,3,0,65,999,0,0,0,0,0,0,0,0,0,0,0,0,0,0,1,2,35,1,1,2,1,0,0,1,63,1,1,1,98,0,0
25,250373,2,3,1,21,6,13,10,12,6,1,0,25,1,72,706,72706,80,2005,1HD4CMM175K4,1,H,D,4,C,M,M,1,7,5,K,4,0,M,HD,XLL,RS,5,17,,,,,,,883,,2,,4,553,,,,,,,0,0,000000000,00000000000,0,0,0,1,0,0,0,0,0,0,0,98,0,0,0,12,12,6,2,12,0,0,0,1,25,1453,6,1,0,0,2,3,67,999,0,0,0,0,0,0,0,0,0,0,51,52,0,0,1,2,35,1,1,2,1,20,3,1,10,1,1,2,64,1,0
25,250373,3,3,1,21,6,13,10,12,6,1,0,18,3,84,881,84881,66,1999,1HSHBAHN7XH6,1,H,S,H,B,A,H,N,7,X,H,6,1,T,INTL,810,TR,99,17,,7,2560,1360,80S,D,,,6,661,,,,,00000,00,,42,1,57,121058,57121058,3,6,97,1,0,0,0,0,0,0,0,98,0,0,0,61,61,8,3,12,0,0,0,1,25,1613,6,1,6,3,3,3,71,999,0,0,0,0,0,0,0,0,0,0,92,0,0,0,1,2,35,1,1,2,1,0,0,1,62,9,1,3,65,0,0
25,250374,1,2,1,4,6,23,39,54,11,1,0,25,1,37,31,37031,4,2003,2HGES16513H5,2,H,G,E,S,1,6,5,1,3,H,5,0,P,HOND,UCL,4D,3,17,2513,,0,1031,,G,,F,4,102,,,14R185,,,,,,0,0,000000000,00000000000,0,0,0,1,0,0,0,0,0,0,0,0,0,0,0,98,98,6,2,8,0,0,0,1,25,1040,6,1,0,0,3,0,61,999,0,0,0,0,0,0,0,0,0,0,28,54,0,0,1,2,98,1,1,2,1,0,0,7,51,1,9,1,98,0,0
25,250374,2,2,3,4,6,23,39,54,11,1,0,25,1,52,40,52040,4,2004,6MMAP67PX4T0,6,M,M,A,P,6,7,P,X,4,T,0,0,P,MITS,DLS,4D,4,17,3582,,0,1071,,G,,F,6,213,,,16R215,,,,,,0,0,000000000,00000000000,0,0,0,1,0,0,0,0,0,0,0,98,9,0,0,12,12,6,2,54,0,0,0,1,25,1040,6,1,0,0,3,0,63,999,0,0,0,0,0,0,0,0,0,1,38,86,0,0,1,2,98,1,1,2,1,0,0,1,50,1,1,1,98,0,0
25,250375,1,1,1,23,2,21,9,42,0,1,0,25,1,49,472,49472,30,2006,5TELU42N06Z1,5,T,E,L,U,4,2,N,0,6,Z,1,0,T,TOYT,DCL,CW,6,17,,1,0,1219,TAC,G,,,6,244,,,,B,4055,00,U,44,0,0,000000000,00000000000,1,0,0,1,0,0,0,0,0,0,0,98,0,0,0,12,12,6,2,42,0,0,0,1,25,2724,6,1,0,0,3,3,67,999,0,0,0,0,0,0,0,0,0,0,28,0,0,0,1,2,40,3,1,2,1,0,0,14,13,99,1,4,1,1,1
25,250376,1,1,1,15,10,15,17,8,0,1,9,25,1,52,34,52034,4,2000,4A3AA36G9YE0,4,A,3,A,A,3,6,G,9,Y,E,0,0,P,MITS,UGD,4D,0,17,2976,,0,1037,,G,,F,4,143,,,15R195,,,,,,0,0,000000000,00000000000,0,0,0,1,0,0,0,0,0,0,0,999,0,0,0,99,99,9,9,8,99,99,0,1,25,2135,6,1,0,0,3,9,67,999,0,0,0,0,0,0,0,0,0,9,99,99,99,99,9,9,99,1,1,2,99,99,9,13,99,99,9,9,92,0,0
25,250377,1,2,1,12,2,8,17,12,1,1,0,25,1,49,40,49040,4,1994,4T1SK11E7RU4,4,T,1,S,K,1,1,E,7,R,U,4,0,P,TOYT,CMX,4D,94,17,2976,,0,1031,,G,,F,4,132,,,14R195,,,,,,0,0,000000000,00000000000,0,0,0,1,0,0,0,0,0,0,0,73,0,0,0,12,12,6,2,12,0,0,1,1,25,1902,6,1,0,0,3,0,65,999,1,0,0,0,0,9,2010,9,2010,1,36,0,0,0,3,3,65,1,1,2,1,0,0,1,51,4,1,1,24,0,0
25,250377,2,2,2,12,2,8,17,12,1,1,0,25,3,12,401,12401,14,2004,1FMDU74K64UA,1,F,M,D,U,7,4,K,6,4,U,A,0,P,FORD,EPR,UT,4,17,4094,,0,1137,,F,,F,6,245,,,17R245,,,,,,0,0,000000000,00000000000,1,0,0,1,0,0,0,0,0,0,0,98,0,0,0,6,6,6,2,12,0,0,0,1,25,1532,6,1,0,0,3,0,62,999,0,0,0,0,0,0,0,0,0,0,0,0,0,0,3,3,65,1,1,2,1,0,0,2,18,1,1,1,25,1,0
25,250378,1,2,2,28,5,18,19,12,6,1,1,25,1,7,482,7482,31,2011,1D7RV1CT6BS5,1,D,7,R,V,1,C,T,6,B,S,5,0,T,DODG,150,CW,11,17,,2,0,1400,RPC,G,,,8,348,,,,B,5308,00,K,44,0,0,000000000,00000000000,1,0,0,1,0,0,0,0,0,0,0,98,0,0,0,12,12,4,1,12,0,0,0,1,25,2453,6,1,0,0,3,0,68,999,0,0,0,0,0,0,0,0,0,1,36,0,0,0,1,2,30,1,1,2,1,3,8,10,16,1,1,3,99,0,1
25,250378,2,2,2,28,5,18,19,12,6,1,0,25,3,12,461,12461,21,2007,1FTNS24W27DB,1,F,T,N,S,2,4,W,2,7,D,B,0,T,FORD,25V,EC,7,17,,2,0,1380,VAN,G,,,8,281,,,,C,00000,00,E,42,0,0,000000000,00000000000,1,0,0,1,0,0,0,0,0,6,8,98,0,0,0,61,61,8,8,12,0,0,0,1,25,2134,6,1,0,0,3,0,65,999,0,0,0,0,0,0,0,0,0,0,0,0,0,0,1,2,30,1,1,2,1,3,8,10,78,1,1,1,99,1,0
25,250379,1,1,1,4,12,17,36,8,0,1,0,25,2,49,402,49402,14,1997,JT3HP10V1V70,J,T,3,H,P,1,0,V,1,V,7,0,0,P,TOYT,RV4,UT,97,17,2789,,0,949,,G,,F,4,122,,,16R215,,,,,,0,0,000000000,00000000000,0,0,0,1,0,0,0,0,0,0,0,98,0,0,0,12,12,6,2,8,0,0,0,1,25,2726,6,1,0,0,3,3,61,999,0,0,0,0,0,0,0,0,0,0,99,99,99,99,1,2,98,1,1,2,1,3,3,1,80,99,1,9,13,0,0
25,250380,1,2,1,27,5,11,28,12,6,1,0,25,2,12,401,12401,14,2005,1FMZU73W85UA,1,F,M,Z,U,7,3,W,8,5,U,A,0,P,FORD,EPR,UT,5,17,4094,,0,1137,,G,,F,8,281,,,16R235,,,,,,0,0,000000000,00000000000,1,0,0,1,0,0,0,0,0,0,0,98,0,0,0,12,12,8,8,12,0,0,0,1,25,2645,0,0,0,0,0,0,999,999,99,99,99,99,99,99,9999,99,9999,0,39,91,0,0,2,2,98,1,1,2,1,20,3,1,67,1,1,1,83,0,0
25,250380,2,2,1,27,5,11,28,12,6,1,0,25,1,21,17,21017,4,1996,1G3AJ55M0T63,1,G,3,A,J,5,5,M,0,T,6,3,0,P,OLDS,CRL,4D,96,17,2924,,0,1049,,G,,F,6,191,,,14R185,,,,,,0,0,000000000,00000000000,0,0,0,1,0,0,0,0,0,0,0,98,0,0,0,61,61,8,8,12,0,0,0,1,25,2638,6,1,0,0,3,0,64,999,0,0,0,0,0,0,0,0,0,0,0,0,0,0,1,2,98,1,1,2,1,20,3,11,66,1,1,1,82,1,0
25,250381,1,1,1,1,1,14,10,33,0,1,0,25,5,7,999,7999,49,1999,999999999999,9,9,9,9,9,9,9,9,9,9,9,9,0,,,,,,,,,,,,,,,,,,,,,,,,,0,0,000000000,00000000000,0,0,0,1,0,0,0,0,0,0,0,66,0,0,0,83,98,6,2,30,0,0,0,1,25,1864,2,1,0,0,2,2,70,999,0,7,0,1,2,6,2008,11,2010,1,74,27,36,37,1,2,30,3,1,2,2,0,0,15,8,1,7,4,2,1,0
25,250382,1,1,1,18,9,16,7,8,0,1,0,25,1,30,46,30046,4,2000,WVWUH23B7YE3,W,V,W,U,H,2,3,B,7,Y,E,3,0,P,VOLK,PX4,4D,0,17,3415,,0,1066,,G,,F,6,169,,,15R195,,,,,,0,0,000000000,00000000000,0,0,0,1,0,0,0,0,0,0,0,98,0,0,0,81,81,8,3,8,0,0,0,1,25,1852,6,1,0,0,3,0,73,999,0,0,0,1,0,8,2011,8,2011,1,36,0,0,0,4,1,98,2,1,2,2,0,0,1,80,1,1,1,13,0,0
25,250383,1,1,1,10,12,21,22,17,0,1,0,25,2,20,473,20473,30,2009,1GCCS1492981,1,G,C,C,S,1,4,9,2,9,8,1,0,T,CHEV,RDO,PK,9,17,,1,0,1113,CAL,G,,,4,177,,,,B,3366,00,,42,0,0,000000000,00000000000,0,0,0,1,0,0,0,0,0,0,0,98,0,1,1,82,82,6,2,17,0,0,0,1,25,1432,6,1,0,0,3,0,63,999,2,5,1,1,2,6,2009,6,2010,1,36,28,0,0,2,2,35,2,1,2,1,0,0,11,8,11,7,2,12,1,0
25,250384,1,1,1,18,11,21,27,8,0,1,0,25,1,30,42,30042,3,2002,9BWDE61J7240,9,B,W,D,E,6,1,J,7,2,4,0,0,P,VOLK,G37,2H,2,17,2804,,0,989,,G,,T,4,109,,,16R205,,,,,,0,0,000000000,00000000000,0,0,0,1,0,0,0,0,0,0,0,98,0,0,0,12,12,8,3,8,0,0,0,1,25,1089,6,1,0,0,3,3,68,999,0,0,0,0,0,0,0,0,0,0,0,0,0,0,3,2,40,1,1,2,1,3,3,4,81,1,1,1,13,0,0
26,260001,1,1,1,1,1,1,20,8,0,1,0,26,1,12,17,12017,4,2003,1FAFP55283A2,1,F,A,F,P,5,5,2,8,3,A,2,0,P,FORD,TSS,4D,3,17,3329,,0,1085,,F,,F,6,182,,,16R215,,,,,,0,0,000000000,00000000000,0,0,0,1,0,0,0,0,0,0,0,98,0,0,0,12,12,6,2,8,0,0,0,1,26,48444,6,1,0,0,3,0,62,140,0,0,0,0,0,0,0,0,0,0,0,0,0,0,1,2,55,1,1,2,2,0,0,1,80,1,1,1,13,0,0
26,260002,1,2,1,2,1,8,10,12,6,1,0,26,2,22,18,22018,2,1994,1G2NE15M6RM5,1,G,2,N,E,1,5,M,6,R,M,5,0,P,PONT,GAS,CP,94,17,2736,,0,1034,,G,,F,6,191,,,14R185,,,,,,0,0,000000000,00000000000,0,0,0,1,0,0,0,0,0,0,0,98,0,0,0,3,3,6,2,12,0,0,0,1,26,49796,6,1,0,0,3,0,59,100,0,0,0,0,0,0,0,0,0,1,28,0,0,0,1,2,55,1,1,2,3,0,0,1,6,1,4,2,64,1,0
26,260002,2,2,1,2,1,8,10,12,6,1,0,26,1,48,34,48034,4,2005,4S3BL6168572,4,S,3,B,L,6,1,6,8,5,7,2,0,P,SUBA,25B,4D,5,17,3200,,0,1051,,G,,F,4,152,,,16R205,,,,,,0,0,000000000,00000000000,0,0,0,1,0,0,0,0,0,0,0,98,0,0,0,12,12,6,2,12,0,0,0,1,26,49770,6,1,0,0,3,0,64,118,0,0,0,0,0,0,0,0,0,0,0,0,0,0,1,2,55,1,1,2,3,0,0,1,63,7,1,2,65,0,0
26,260003,1,1,1,3,1,12,20,42,0,1,0,26,1,20,401,20401,14,1992,1GNDT13Z4N21,1,G,N,D,T,1,3,Z,4,N,2,1,0,P,CHEV,S10,UT,92,17,3697,,0,1070,,G,,F,6,262,,,15R205,,,,,,0,0,000000000,00000000000,0,0,0,1,0,0,0,0,0,0,0,998,0,0,0,11,11,6,2,42,0,0,0,1,26,48862,6,1,0,0,3,0,73,150,0,0,0,0,0,0,0,0,0,0,0,0,0,0,1,2,55,1,1,2,1,0,0,1,12,1,1,4,6,1,0
26,260004,1,1,4,3,1,23,24,42,0,1,0,26,1,14,401,14401,14,2003,4M2ZU86K03UJ,4,M,2,Z,U,8,6,K,0,3,U,J,0,P,MERC,MOU,UT,3,17,4170,,0,1138,,F,,F,6,245,,,16R245,,,,,,0,0,000000000,00000000000,0,0,0,1,0,0,0,0,0,0,0,98,0,0,0,12,12,6,2,42,0,0,0,1,26,49503,6,1,0,0,3,3,66,190,0,0,0,0,0,0,0,0,0,0,36,0,0,0,1,4,30,1,1,2,3,0,0,1,13,1,1,4,1,1,1
26,260005,1,1,1,4,1,10,58,32,0,1,0,26,2,12,481,12481,31,2003,1FTSF31L03EB,1,F,T,S,F,3,1,L,0,3,E,B,0,T,FORD,F3S,PK,3,17,,2,0,1370,SRW,G,,,8,330,,,,D,5851,00,U,44,0,0,000000000,00000000000,0,0,0,1,0,0,0,0,0,0,0,98,0,1,5,1,99,6,2,1,0,0,0,1,26,48846,6,1,0,0,3,3,62,190,0,0,0,0,0,0,0,0,0,0,28,0,0,0,1,2,55,1,1,2,2,0,0,1,12,1,1,4,6,1,0
26,260006,1,1,3,4,1,0,32,24,0,1,0,26,2,7,26,7026,4,2010,1B3CC5FB6AN1,1,B,3,C,C,5,F,B,6,A,N,1,0,P,DODG,ART,4D,10,17,3568,,0,1089,,G,,F,4,146,,,17R215,,,,,,0,0,000000000,00000000000,0,0,0,1,0,0,0,0,0,0,0,98,0,1,5,61,99,6,2,42,0,0,0,1,26,48451,6,1,0,0,3,0,72,175,0,1,2,0,1,1,2009,11,2009,0,36,0,0,0,2,2,70,1,1,1,3,0,0,1,12,1,1,4,6,1,0
26,260007,1,2,4,3,1,1,33,12,11,1,0,39,9,6,441,6441,20,2004,2C8GP44R64R6,2,C,8,G,P,4,4,R,6,4,R,6,0,T,CHRY,TLX,ES,4,17,,1,0,1193,TWC,G,,,6,201,,,,,3962,00,,42,0,0,000000000,00000000000,0,0,0,1,0,0,0,0,0,0,0,98,0,0,0,11,11,6,2,12,0,0,0,1,39,44104,4,1,0,0,2,3,71,205,0,0,0,0,4,12,2009,12,2009,0,0,0,0,0,3,3,70,1,1,1,1,0,0,1,50,1,1,2,98,1,0
26,260007,2,2,1,3,1,1,33,12,11,1,0,26,1,20,481,20481,31,2009,1GCEK29J79Z1,1,G,C,E,K,2,9,J,7,9,Z,1,0,T,CHEV,2SK,4C,9,17,,2,1575,1339,SIL,G,,,8,323,,,,B,5263,02,,44,0,0,000000000,00000000000,0,0,0,1,0,0,0,0,0,0,0,0,0,0,0,9,99,6,2,12,0,0,0,1,26,48363,6,1,0,0,3,0,72,220,0,0,0,1,0,4,2010,4,2010,0,0,0,0,0,3,3,70,1,1,1,1,0,0,5,53,1,1,1,98,0,0
26,260008,1,1,99,1,1,2,44,8,0,1,1,99,9,99,399,99399,9,9999,999999999999,9,9,9,9,9,9,9,9,9,9,9,9,0,,,,,,,,,,,,,,,,,,,,,,,,,0,0,000000000,00000000000,0,0,0,1,0,0,0,0,0,0,0,999,0,0,0,99,99,9,1,8,0,0,0,1,99,99999,9,9,99,9,9,9,999,999,99,99,99,99,99,99,9999,99,9999,0,99,99,99,99,5,4,45,1,1,1,2,0,0,1,80,99,9,9,13,0,0
26,260009,1,1,1,4,1,13,23,1,0,1,0,26,1,19,3,19003,4,1998,1G6KD54Y3WU7,1,G,6,K,D,5,4,Y,3,W,U,7,0,P,CADI,DFW,4D,98,17,4012,,0,1138,,G,,F,8,279,,,16R225,,,,,,0,0,000000000,00000000000,0,0,0,1,0,0,0,0,0,0,0,98,0,1,5,0,9,6,2,42,0,0,0,1,26,49421,6,1,0,0,3,0,67,220,2,0,0,0,0,7,2008,1,2010,1,0,0,0,0,3,2,70,1,1,2,2,0,0,1,13,1,1,4,1,1,0
26,260010,1,1,1,4,1,23,28,8,0,1,0,26,2,82,883,82883,66,2004,1FUJA6CK14LM,1,F,U,J,A,6,C,K,1,4,L,M,1,T,FRHT,COL,TR,4,17,,8,0,0,CON,D,,,6,858,,,,,00000,00,,64,1,77,777777777,77777777777,3,6,1,1,0,0,0,0,0,0,0,98,0,0,0,12,12,6,2,8,0,0,0,1,26,48464,6,1,6,0,3,3,68,160,0,0,0,0,0,0,0,0,0,0,0,0,0,0,3,4,70,1,1,1,1,0,0,1,80,1,1,1,13,0,0
26,260011,1,2,1,8,1,16,49,12,6,1,0,26,2,20,37,20037,4,2000,1G1ND52J2Y61,1,G,1,N,D,5,2,J,2,Y,6,1,0,P,CHEV,MAL,4D,0,17,3051,,0,1070,,G,,F,6,191,,,15R215,,,,,,0,0,000000000,00000000000,0,0,0,1,0,0,0,0,0,0,0,98,0,0,0,9,9,6,2,12,0,0,0,1,26,49735,6,1,0,0,3,3,74,270,0,0,1,0,0,11,2008,11,2008,0,36,0,0,0,1,2,45,1,1,2,10,0,0,1,5,1,4,2,64,1,0
26,260011,2,2,1,8,1,16,49,12,6,1,0,26,1,20,2,20002,4,2008,2G1WT58KX813,2,G,1,W,T,5,8,K,X,8,1,3,0,P,CHEV,IMT,4D,8,17,3555,,0,1105,,F,,F,6,214,,,16R225,,,,,,0,0,000000000,00000000000,0,0,0,1,0,0,0,0,0,0,0,98,0,0,0,12,12,6,2,12,0,0,0,1,26,49735,6,1,0,0,3,0,70,260,1,0,0,0,0,1,2009,1,2009,0,0,0,0,0,1,2,45,1,1,2,10,0,0,1,63,1,1,1,65,0,0
26,260012,1,2,1,9,1,15,42,12,6,1,0,26,1,12,35,12035,4,1996,1FALP6535TK1,1,F,A,L,P,6,5,3,5,T,K,1,0,P,FORD,CGS,4D,96,17,2773,,0,1065,,G,,F,4,121,,,14R185,,,,,,0,0,000000000,00000000000,0,0,0,1,0,0,0,0,0,0,0,998,0,0,0,9,9,6,2,12,0,0,0,1,26,49953,6,1,0,0,3,0,61,180,0,0,0,0,0,0,0,0,0,1,28,87,0,0,1,4,55,1,2,2,3,0,0,1,5,1,4,2,64,1,0
26,260012,2,2,2,9,1,15,42,12,6,1,0,26,2,35,402,35402,14,2003,5N1ED28Y83C6,5,N,1,E,D,2,8,Y,8,3,C,6,0,P,NISS,XTR,UT,3,17,3924,,0,1043,,G,,F,6,201,,,16R265,,,,,,0,0,000000000,00000000000,0,0,0,1,0,0,0,0,0,0,0,998,0,0,0,12,12,6,2,12,0,0,0,1,26,49756,6,1,0,0,3,0,76,180,0,0,0,0,0,0,0,0,0,0,0,0,0,0,1,4,55,1,2,2,3,0,0,1,62,99,1,1,65,0,0
26,260013,1,1,3,11,1,1,0,42,0,1,0,26,1,7,482,7482,31,2002,3D7HU18N02G1,3,D,7,H,U,1,8,N,0,2,G,1,0,T,DODG,Q15,CW,2,17,,2,1605,1405,RPC,G,,,8,287,,,,B,5000,02,E,44,0,0,000000000,00000000000,0,0,0,1,0,0,0,0,0,0,0,98,0,0,0,12,3,6,2,42,0,0,0,1,26,49079,6,1,6,0,3,0,71,150,2,0,0,4,0,2,2008,2,2010,1,28,0,0,0,1,2,55,1,1,1,4,0,0,1,6,1,4,4,7,1,1