STATE,ST_CASE,VEH_NO,VE_FORMS,NUMOCCS,DAY,MONTH,HOUR,MINUTE,HARM_EV,MAN_COLL,UNITTYPE,HIT_RUN,REG_STAT,OWNER,MAKE,MODEL,MAK_MOD,BODY_TYP,MOD_YEAR,VIN,VIN_1,VIN_2,VIN_3,VIN_4,VIN_5,VIN_6,VIN_7,VIN_8,VIN_9,VIN_10,VIN_11,VIN_12,TOW_VEH,VINTYPE,VINMAKE,VINA_MOD,VIN_BT,VINMODYR,VIN_LNGT,VIN_WGT,WGTCD_TR,WHLBS_LG,WHLBS_SH,SER_TR,FUELCODE,MCYCL_DS,CARBUR,CYLINDER,DISPLACE,MCYCL_CY,MCYCL_WT,TIRE_SZE,TON_RAT,TRK_WT,TRKWTVAR,VIN_REST,WHLDRWHL,J_KNIFE,MCARR_I1,MCARR_I2,MCARR_ID,GVWR,V_CONFIG,CARGO_BT,HAZ_INV,HAZ_PLAC,HAZ_ID,HAZ_CNO,HAZ_REL,BUS_USE,SPEC_USE,EMER_USE,TRAV_SP,UNDERIDE,ROLLOVER,ROLINLOC,IMPACT1,IMPACT2,DEFORMED,TOWED,M_HARM,VEH_SC1,VEH_SC2,FIRE_EXP,DR_PRES,L_STATE,DR_ZIP,L_STATUS,L_TYPE,CDL_STAT,L_ENDORS,L_COMPL,L_RESTRI,DR_HGT,DR_WGT,PREV_ACC,PREV_SUS,PREV_DWI,PREV_SPD,PREV_OTH,FIRST_MO,FIRST_YR,LAST_MO,LAST_YR,SPEEDREL,DR_SF1,DR_SF2,DR_SF3,DR_SF4,VTRAFWAY,VNUM_LAN,VSPD_LIM,VALIGN,VPROFILE,VPAVETYP,VSURCOND,VTRAFCON,VTCONT_F,P_CRASH1,P_CRASH2,P_CRASH3,PCRASH4,PCRASH5,ACC_TYPE,DEATHS,DR_DRINK
26,260075,1,2,1,17,2,12,7,12,1,1,0,93,3,51,881,51881,66,2003,4V4NC9GHX3N3,4,V,4,N,C,9,G,H,X,3,N,3,1,T,VOLV,VNL,TR,3,17,,8,0,0,VVN,D,,,6,732,,,,,00000,00,,64,1,57,2018350,572018350,3,6,1,1,0,0,0,0,0,0,0,98,0,0,0,6,6,4,3,12,0,0,0,1,26,48213,6,1,6,0,3,0,69,174,1,0,0,0,1,8,2010,2,2011,0,99,99,99,99,2,2,70,1,1,1,1,0,0,2,53,1,1,1,29,0,0
26,260075,2,2,1,17,2,12,7,12,1,1,0,26,3,12,461,12461,21,1999,1FTSS34S4XHA,1,F,T,S,S,3,4,S,4,X,H,A,0,T,FORD,3SD,EC,99,17,,2,0,1380,VAN,G,,,10,415,,,,D,00000,00,M,42,0,0,000000000,00000000000,0,0,0,1,0,0,0,0,0,0,0,98,0,0,0,12,12,6,2,12,0,0,1,1,26,49022,6,1,0,0,3,0,71,205,0,0,0,0,0,0,0,0,0,0,99,99,99,99,2,2,70,1,1,1,1,0,0,1,52,1,1,1,28,1,1
26,260076,1,1,1,12,1,21,33,30,0,1,0,26,2,7,481,7481,31,1987,1B7HD24T1HS4,1,B,7,H,D,2,4,T,1,H,S,4,0,T,DODG,D20,PK,87,17,,2,0,1310,D20,G,,,8,318,,,,C,3669,02,A,42,0,0,000000000,00000000000,0,0,0,1,0,0,0,0,0,0,0,98,0,0,0,9,9,6,2,30,0,0,0,1,26,48911,6,1,0,0,3,0,77,255,0,0,0,0,0,0,0,0,0,0,99,99,99,99,5,4,50,1,1,2,3,0,0,1,12,1,1,4,6,1,1
26,260077,1,2,2,19,2,16,57,12,6,1,0,26,2,20,2,20002,4,2002,2G1WF55E3293,2,G,1,W,F,5,5,E,3,2,9,3,0,P,CHEV,IMP,4D,2,17,3389,,0,1105,,G,,F,6,207,,,16R225,,,,,,0,0,000000000,00000000000,0,0,0,1,0,0,0,0,0,0,0,998,0,0,0,12,12,6,2,12,0,0,0,1,26,49412,6,1,0,0,3,0,69,155,0,0,0,1,0,12,2010,12,2010,0,38,0,0,0,1,2,55,1,1,1,1,20,3,1,17,1,1,1,86,0,0
26,260077,2,2,2,19,2,16,57,12,6,1,0,26,1,20,403,20403,14,2003,1GNES16S8361,1,G,N,E,S,1,6,S,8,3,6,1,0,P,CHEV,TRL,UT,3,17,4836,,0,1290,,G,,F,6,256,,,17R245,,,,,,0,0,000000000,00000000000,0,0,0,1,0,0,0,0,0,0,0,998,0,1,6,3,3,6,2,12,0,0,0,1,26,48880,6,1,0,0,3,0,72,190,1,0,0,0,0,12,2010,12,2010,0,0,0,0,0,1,2,55,1,1,1,1,0,0,1,66,1,1,1,87,1,0
26,260078,1,2,1,22,2,0,31,12,6,1,0,26,2,21,21,21021,4,2002,1G3NK52F32C1,1,G,3,N,K,5,2,F,3,2,C,1,0,P,OLDS,AGX,4D,2,17,3021,,0,1070,,G,,F,4,134,,,15R215,,,,,,0,0,000000000,00000000000,0,0,0,1,0,0,0,0,0,0,0,998,0,0,0,3,3,6,2,12,0,0,0,1,26,48032,6,1,0,0,3,0,68,128,0,0,0,0,0,0,0,0,0,0,28,0,0,0,1,2,55,1,1,2,3,0,0,1,10,1,3,2,87,1,0
26,260078,2,2,1,22,2,0,31,12,6,1,0,26,1,20,481,20481,31,2003,1GCHK23193F1,1,G,C,H,K,2,3,1,9,3,F,1,0,T,CHEV,2KH,CW,3,17,,2,1670,1530,SIL,D,,,8,403,,,,C,5899,01,,44,0,0,000000000,00000000000,0,0,0,1,0,0,0,0,0,0,0,998,0,0,0,12,12,6,2,12,0,0,0,1,26,48401,6,1,6,0,3,0,73,220,4,0,0,0,0,3,2009,2,2011,0,99,99,99,99,1,2,55,1,1,2,3,0,0,1,62,1,1,1,86,0,0
26,260079,1,1,1,14,2,19,25,8,0,1,0,26,2,7,20,7020,4,2001,1B3ES46C81D2,1,B,3,E,S,4,6,C,8,1,D,2,0,P,DODG,NSS,4D,1,17,2585,,0,1050,,G,,F,4,122,,,14R185,,,,,,0,0,000000000,00000000000,0,0,0,1,0,0,0,0,0,0,0,998,0,0,0,11,11,2,3,8,0,0,0,1,26,48910,6,1,0,0,3,3,73,168,0,0,0,0,1,2,2009,2,2009,0,0,0,0,0,5,4,30,1,1,2,1,0,0,15,80,1,1,1,13,0,0
26,260080,1,2,2,21,2,18,54,12,6,1,0,26,1,6,43,6043,2,1999,4C3AU52N3XE1,4,C,3,A,U,5,2,N,3,X,E,1,0,P,CHRY,SLI,CP,99,17,3093,,0,1037,,G,,F,6,152,,,17R215,,,,,,0,0,000000000,00000000000,0,0,0,1,0,0,0,0,0,0,0,998,0,0,0,12,12,2,3,12,0,0,0,1,26,48706,6,1,0,0,3,0,71,170,1,1,0,1,1,7,2009,12,2010,0,26,87,0,0,5,2,35,1,1,2,4,0,0,2,50,2,2,1,48,0,0
26,260080,2,2,1,21,2,18,54,12,6,1,0,26,2,63,32,63032,4,2007,KNADE123X762,K,N,A,D,E,1,2,3,X,7,6,2,0,P,KIA,RBL,4D,7,17,2365,,0,984,,G,,F,4,098,,,14R175,,,,,,0,0,000000000,00000000000,0,0,0,1,0,0,0,0,0,0,0,0,0,0,0,3,3,2,3,12,33,0,0,1,26,48634,6,1,0,0,3,1,62,140,0,0,0,0,0,0,0,0,0,0,0,0,0,0,5,2,35,1,1,2,4,0,0,7,98,1,1,1,48,0,0
26,260081,1,2,2,21,2,15,25,12,2,1,0,26,1,14,443,14443,20,1997,4M2DV1111VDJ,4,M,2,D,V,1,1,1,1,V,D,J,0,P,MERC,VLR,SV,97,17,4003,,0,1122,,G,,F,6,182,,,15R205,,,,,,0,0,000000000,00000000000,0,0,0,1,0,0,0,0,0,0,0,998,0,0,0,12,12,6,2,12,0,0,0,1,26,49112,1,1,0,0,2,0,64,200,0,4,0,1,0,2,2009,7,2010,0,28,0,0,0,1,2,55,3,1,2,3,0,0,14,10,1,3,2,50,1,0
26,260081,2,2,1,21,2,15,25,12,2,1,0,26,3,84,881,84881,63,2007,1HTWXAHT67J5,1,H,T,W,X,A,H,T,6,7,J,5,0,T,INTL,760,CC,7,17,,8,0,0,70S,D,,,6,661,,,,,00000,00,,64,0,88,888888888,88888888888,3,1,4,1,0,0,0,0,0,0,0,998,0,0,0,12,12,6,2,12,39,0,0,1,26,49120,6,1,6,1,3,0,70,285,1,0,0,0,0,3,2008,3,2008,0,0,0,0,0,1,2,55,2,1,2,3,0,0,14,62,1,1,1,51,0,0
26,260082,1,2,1,22,2,5,15,12,6,1,0,26,1,82,881,82881,62,2004,1FVACWDC14DN,1,F,V,A,C,W,D,C,1,4,D,N,0,T,FRHT,16M,CC,4,17,,6,0,0,FM2,D,,,6,439,,,,,00000,00,,42,0,57,1839385,571839385,2,1,1,1,0,0,0,0,0,0,0,98,0,0,0,12,12,4,1,12,0,0,0,1,26,49078,6,1,6,0,3,0,67,155,0,0,0,0,0,0,0,0,0,0,0,0,0,0,5,4,50,1,1,2,4,0,0,1,62,1,1,1,65,0,0
26,260082,2,2,1,22,2,5,15,12,6,1,0,18,1,24,1,24001,4,1999,1G8ZK5270XZ1,1,G,8,Z,K,5,2,7,0,X,Z,1,0,P,STRN,SL2,4D,99,17,2418,,0,1024,,G,,F,4,116,,,15R185,,,,,,0,0,000000000,00000000000,0,0,0,1,0,0,0,0,0,0,0,98,0,0,0,3,3,6,2,12,0,0,0,1,18,46637,6,1,0,0,3,0,61,145,1,0,0,1,0,6,2008,9,2008,0,89,0,0,0,5,4,50,1,1,2,4,0,0,1,5,1,1,2,64,1,0
26,260083,1,1,1,23,2,4,42,10,0,1,0,26,1,18,7,18007,4,1998,2G4WS52M7W15,2,G,4,W,S,5,2,M,7,W,1,5,0,P,BUIC,CCU,4D,98,17,3255,,0,1090,,G,,F,6,191,,,15R205,,,,,,0,0,000000000,00000000000,0,0,0,1,0,0,0,0,0,0,0,98,0,0,0,3,3,6,2,10,0,0,0,1,26,48161,6,1,0,0,3,0,67,160,0,0,0,0,0,0,0,0,0,0,39,0,0,0,1,2,35,1,2,2,1,65,3,1,91,1,1,1,15,1,0
26,260084,1,1,1,22,2,20,15,1,0,1,0,39,5,12,17,12017,4,2001,1FAFP53U41A1,1,F,A,F,P,5,3,U,4,1,A,1,0,P,FORD,TSE,4D,1,17,3354,,0,1085,,G,,F,6,182,,,16R215,,,,,,0,0,000000000,00000000000,0,0,0,1,0,0,0,0,0,0,0,98,0,2,1,0,0,6,2,1,0,0,0,1,39,43605,9,9,99,9,9,9,999,999,99,99,99,99,99,99,9999,99,9999,1,28,0,0,0,2,4,70,1,1,1,4,0,0,1,6,6,9,2,98,1,1
26,260085,1,2,1,24,2,16,24,12,2,1,0,26,2,49,32,49032,4,2004,1NXBR32E74Z3,1,N,X,B,R,3,2,E,7,4,Z,3,0,P,TOYT,UCS,4D,4,17,2502,,0,1024,,G,,F,4,109,,,15R185,,,,,,0,0,000000000,00000000000,0,0,0,1,0,0,0,0,0,0,0,98,0,0,0,12,12,6,2,12,0,0,0,1,26,49685,6,1,0,0,3,0,72,175,0,0,0,2,0,3,2008,2,2011,0,28,0,0,0,1,4,55,1,1,2,1,0,0,1,10,1,1,2,50,1,0
26,260085,2,2,1,24,2,16,24,12,2,1,0,26,3,12,461,12461,21,2008,1FTNE14W28DB,1,F,T,N,E,1,4,W,2,8,D,B,0,T,FORD,15V,CG,8,17,,2,0,1380,VAN,G,,,8,281,,,,B,00000,00,E,42,0,0,000000000,00000000000,0,0,0,1,0,0,0,0,0,0,0,98,0,0,0,12,12,6,2,12,0,0,0,1,26,49648,6,1,0,0,3,0,62,106,0,0,0,0,0,0,0,0,0,0,0,0,0,0,1,4,55,1,1,2,1,0,0,1,62,1,1,1,51,0,0
26,260086,1,1,1,25,2,6,31,42,0,1,0,26,1,23,481,23481,31,2003,1GTHK23U63F1,1,G,T,H,K,2,3,U,6,3,F,1,0,T,GMC,2KH,CW,3,17,,2,1670,1530,SIE,G,,,8,364,,,,C,5899,01,U,44,0,0,000000000,00000000000,0,0,0,1,0,0,0,0,0,0,0,98,0,0,0,12,9,6,2,42,0,0,0,1,26,48836,6,1,0,0,3,0,62,104,0,0,0,0,0,0,0,0,0,0,36,0,0,0,1,2,55,1,2,2,3,0,0,1,12,1,1,4,6,1,1
26,260087,1,2,2,26,2,22,34,12,6,1,0,26,1,12,37,12037,4,2005,3FAFP37N35R1,3,F,A,F,P,3,7,N,3,5,R,1,0,P,FORD,FX5,5D,5,17,2729,,0,1030,,G,,F,4,122,,,15R195,,,,,,0,0,000000000,00000000000,0,0,0,1,0,0,0,0,0,0,0,98,0,0,0,3,3,6,2,12,0,0,0,1,26,48708,6,1,0,0,3,0,70,132,0,0,0,1,0,6,2010,6,2010,1,28,0,0,0,5,4,55,1,1,1,3,0,0,1,6,1,4,2,64,2,0
26,260087,2,2,2,26,2,22,34,12,6,1,0,26,1,20,401,20401,14,2002,1GNET16S0261,1,G,N,E,T,1,6,S,0,2,6,1,0,P,CHEV,TRL,UT,2,17,5020,,0,1290,,G,,F,6,256,,,17R245,,,,,,0,0,000000000,00000000000,0,0,0,1,0,0,0,0,0,0,0,98,0,0,0,12,12,6,2,12,0,0,0,1,26,48706,6,1,0,0,3,0,62,120,1,0,0,0,1,3,2009,3,2009,0,0,0,0,0,5,4,55,1,1,1,3,0,0,1,62,1,1,1,65,0,0
26,260088,1,3,1,26,2,20,40,12,6,1,0,26,2,14,17,14017,4,1998,1MEFM50UXWG6,1,M,E,F,M,5,0,U,X,W,G,6,0,P,MERC,SGL,4D,98,17,3299,,0,1085,,G,,F,6,182,,,15R205,,,,,,0,0,000000000,00000000000,0,0,0,1,0,0,0,0,0,0,0,98,0,0,0,12,12,6,2,12,0,0,0,1,26,49724,6,1,0,0,3,0,67,133,0,0,0,0,0,0,0,0,0,0,39,0,0,0,1,2,55,1,1,2,3,20,3,1,17,4,1,1,86,0,0
26,260088,2,3,4,26,2,20,40,12,6,1,0,26,1,20,481,20481,31,2001,1GCJK33191F1,1,G,C,J,K,3,3,1,9,1,F,1,0,T,CHEV,SK3,CW,1,17,,3,0,1670,SIL,D,,,8,403,,,,D,6557,00,,44,0,0,000000000,00000000000,0,0,0,1,0,0,0,0,0,0,0,98,0,0,0,3,99,6,2,12,0,0,0,1,26,48446,6,1,0,0,3,0,72,200,0,0,0,1,0,3,2010,3,2010,0,0,0,0,0,1,4,45,1,1,2,3,0,0,1,66,1,1,1,87,0,0
26,260088,3,3,3,26,2,20,40,12,6,1,0,26,1,20,443,20443,20,1999,1GNDX03E2XD3,1,G,N,D,X,0,3,E,2,X,D,3,0,T,CHEV,VTR,ES,99,17,,1,0,1200,VTR,G,,,6,207,,,,,3792,00,,42,0,0,000000000,00000000000,0,0,0,1,0,0,0,0,0,0,0,98,0,0,0,12,12,6,2,12,0,0,0,1,26,49868,6,1,0,0,3,3,64,202,0,0,0,0,0,0,0,0,0,0,0,0,0,0,1,4,45,1,1,2,3,0,0,1,54,1,1,1,98,1,0
26,260089,1,3,2,28,2,12,2,12,1,1,0,26,1,14,6,14006,4,1992,2MECM75W3NX7,2,M,E,C,M,7,5,W,3,N,X,7,0,P,MERC,MGL,4D,92,17,3780,,0,1144,,G,,F,8,281,,,15R215,,,,,,0,0,000000000,00000000000,0,0,0,1,0,0,0,0,0,0,0,98,0,0,0,12,12,6,8,12,0,0,0,1,26,48062,6,1,0,0,3,0,66,195,0,0,0,0,0,0,0,0,0,0,26,28,0,0,5,4,50,1,1,1,1,3,3,1,50,6,1,2,20,2,0
26,260089,2,3,1,28,2,12,2,12,1,1,0,26,2,23,401,23401,14,2008,1GKDS13S8822,1,G,K,D,S,1,3,S,8,8,2,2,0,T,GMC,ENV,4W,8,17,,1,0,1130,ENV,G,,,6,256,,,,B,4404,00,S,42,0,0,000000000,00000000000,0,0,0,1,0,0,0,0,0,0,0,0,0,0,0,6,6,2,1,12,0,0,0,1,26,48236,6,1,0,0,3,0,64,150,0,0,0,0,0,0,0,0,0,0,0,0,0,0,5,4,50,1,1,1,1,3,3,5,53,1,1,1,21,0,0
26,260089,3,3,2,28,2,12,2,12,1,1,0,26,2,7,442,7442,20,2007,2D4GP44L27R2,2,D,4,G,P,4,4,L,2,7,R,2,0,T,DODG,GSX,ES,7,17,,1,0,1193,CAR,G,,,6,232,,,,,4252,00,E,42,0,0,000000000,00000000000,0,0,0,1,0,0,0,0,0,0,0,98,0,0,0,12,12,6,8,12,0,0,0,1,26,48042,6,1,0,0,3,3,65,190,0,0,0,0,0,0,0,0,0,0,0,0,0,0,5,4,50,1,1,1,1,3,3,1,62,1,1,1,98,0,0
26,260090,1,1,1,28,2,14,3,17,0,1,0,26,1,3,431,3431,16,2005,5GRGN23U05H1,5,G,R,G,N,2,3,U,0,5,H,1,0,T,HUMM,HH2,4W,5,17,,2,0,1228,HUM,G,,,8,364,,,,C,6400,00,U,44,0,0,000000000,00000000000,0,0,0,1,0,0,0,0,0,0,0,98,0,0,0,9,9,6,2,17,0,0,0,1,26,48371,6,1,0,0,3,3,71,150,0,0,0,0,0,0,0,0,0,0,92,0,0,0,1,2,50,1,2,2,1,0,0,1,13,1,1,4,1,1,0
26,260091,1,1,1,10,2,20,49,8,0,1,0,26,2,20,441,20441,20,1999,1GBFG15R4X11,1,G,B,F,G,1,5,R,4,X,1,1,0,P,CHEV,E/X,SV,99,17,0,,0,1350,,G,,F,8,350,,,000000,,,,,,0,0,000000000,00000000000,0,0,0,1,0,0,0,0,0,0,0,98,0,0,0,1,1,2,3,8,0,0,0,1,26,48390,6,1,0,0,3,0,71,220,0,0,0,0,0,0,0,0,0,0,0,0,0,0,5,2,50,1,1,2,1,0,0,1,80,1,1,1,13,0,0
26,260092,1,1,2,3,2,9,30,24,0,1,0,26,1,12,401,12401,14,2001,1FMCU70E11UC,1,F,M,C,U,7,0,E,1,1,U,C,0,P,FORD,EPR,UT,1,17,3959,,0,1018,,G,,F,6,245,,,15R235,,,,,,0,0,000000000,00000000000,0,0,0,1,0,0,0,0,0,0,0,998,0,1,1,11,0,6,2,1,0,0,0,1,26,48111,6,1,0,0,3,3,65,155,0,0,0,0,0,0,0,0,0,0,87,0,0,0,2,3,70,1,1,2,4,0,0,15,5,99,4,4,7,1,0
26,260093,2,1,1,12,2,7,13,14,0,1,0,0,0,76,998,76998,91,1983,999999999999,9,9,9,9,9,9,9,9,9,9,9,9,0,,,,,,,,,,,,,,,,,,,,,,,,,0,0,000000000,00000000000,0,0,0,1,0,0,0,0,0,0,0,98,0,0,0,12,12,2,1,14,0,0,0,1,26,49452,1,1,0,0,2,0,70,250,0,0,0,0,0,0,0,0,0,0,36,0,0,0,1,2,55,1,1,2,3,0,0,1,11,1,1,4,11,1,1
26,260094,1,1,2,21,1,16,4,30,0,1,0,26,9,20,2,20002,4,2009,2G1WT57K7912,2,G,1,W,T,5,7,K,7,9,1,2,0,P,CHEV,ILT,4D,9,17,3555,,0,1105,,F,,F,6,214,,,16R225,,,,,,0,0,000000000,00000000000,0,0,0,1,0,0,0,0,0,0,0,98,0,0,0,12,12,6,2,30,0,0,0,1,26,48917,6,1,0,0,3,0,71,139,0,0,0,0,0,0,0,0,0,0,92,0,0,0,2,4,35,1,1,2,1,0,0,1,12,1,1,4,6,1,0
26,260095,1,2,3,18,2,2,10,12,6,1,1,99,9,35,47,35047,4,2010,1N4AL2AP6AN4,1,N,4,A,L,2,A,P,6,A,N,4,0,P,NISS,ATS,4D,10,17,3063,,0,1093,,G,,F,4,153,,,16R215,,,,,,0,0,000000000,00000000000,0,0,0,1,0,0,0,0,0,0,0,98,0,0,0,12,99,6,2,12,0,0,0,1,99,99999,9,9,99,9,9,9,999,999,99,99,99,99,99,99,9999,99,9999,0,99,99,99,99,4,4,99,1,1,2,98,2,3,1,17,1,1,1,86,0,0
26,260095,2,2,5,18,2,2,10,12,6,1,0,26,2,20,421,20421,15,2001,1GNEK13T11J1,1,G,N,E,K,1,3,T,1,1,J,1,0,P,CHEV,KTA,UT,1,17,5050,,0,1160,,G,,F,8,325,,,16R245,,,,,,0,0,000000000,00000000000,0,0,0,1,0,0,0,0,0,0,0,98,0,1,5,1,1,6,2,12,0,0,0,1,26,48205,0,0,0,0,0,0,999,999,0,4,0,0,0,8,2008,7,2010,0,99,99,99,99,1,2,25,1,1,2,99,2,3,1,17,1,1,1,87,1,0
26,260096,1,1,1,8,1,17,27,33,0,1,0,26,1,19,18,19018,4,2003,1G6DM57N1301,1,G,6,D,M,5,7,N,1,3,0,1,0,P,CADI,C/T,4D,3,17,3509,,0,1134,,G,,F,6,194,,,16R225,,,,,,0,0,000000000,00000000000,0,0,0,1,0,0,0,0,0,0,0,98,0,0,0,12,12,6,2,42,0,0,0,1,26,48219,6,1,0,0,3,3,62,189,0,1,0,0,0,11,2009,11,2009,0,92,0,0,0,2,4,45,1,1,2,1,0,0,1,13,1,1,4,1,1,0
26,260097,1,2,1,1,3,15,44,12,8,1,0,39,3,82,883,82883,66,2005,1FUJA6CK05LU,1,F,U,J,A,6,C,K,0,5,L,U,1,T,FRHT,COL,TR,5,17,,8,0,0,CON,D,,,6,858,,,,,00000,00,,64,1,57,1207326,571207326,3,6,1,1,0,0,0,0,0,0,0,998,0,0,0,7,7,2,3,12,0,0,0,1,39,45002,6,1,6,0,3,0,69,165,0,0,0,0,0,0,0,0,0,0,0,0,0,0,1,2,50,1,1,2,1,0,0,1,62,7,1,1,65,0,0
26,260097,2,2,1,1,3,15,44,12,8,1,0,26,1,6,10,6010,4,1986,1C3BF66P9GX5,1,C,3,B,F,6,6,P,9,G,X,5,0,P,CHRY,FAV,4D,86,17,3655,,0,1127,,G,,2,8,318,,,15R205,,,,,,0,0,000000000,00000000000,0,0,0,1,0,0,0,0,0,0,0,998,0,0,0,11,11,6,2,12,0,0,0,1,26,48650,6,1,0,0,3,0,65,150,2,0,0,0,0,2,2009,1,2011,0,28,0,0,0,1,2,50,1,1,2,1,0,0,1,10,1,1,1,64,1,0
26,260098,1,2,1,2,3,11,59,12,6,1,0,26,1,19,3,19003,4,1991,1G6DW54E7MR7,1,G,6,D,W,5,4,E,7,M,R,7,0,P,CADI,BRO,4D,91,17,4151,,0,1215,,G,,F,8,305,,,15R225,,,,,,0,0,000000000,00000000000,0,0,0,1,0,0,0,0,0,0,0,998,0,0,0,9,9,6,2,12,0,0,0,1,26,49748,6,1,0,0,3,0,69,245,1,0,0,1,0,7,2009,10,2010,0,0,0,0,0,1,2,55,1,1,2,2,0,0,1,3,1,3,2,98,1,0
26,260098,2,2,1,2,3,11,59,12,6,1,0,26,1,20,481,20481,31,2002,1GCEK19T02E2,1,G,C,E,K,1,9,T,0,2,E,2,0,T,CHEV,SK1,4C,2,17,,2,1575,1435,SIL,G,,,8,325,,,,B,4910,02,,44,0,0,000000000,00000000000,0,0,0,1,0,0,0,0,0,0,0,998,0,0,0,12,12,6,2,12,0,0,0,1,26,49868,6,1,0,0,3,3,73,214,1,0,0,1,0,1,2009,5,2010,0,0,0,0,0,1,2,55,1,1,2,2,0,0,1,62,1,1,1,98,0,0
26,260099,1,2,1,2,3,6,34,12,1,1,0,26,1,22,2,22002,4,1996,1G2HX52K9T42,1,G,2,H,X,5,2,K,9,T,4,2,0,P,PONT,BVS,4D,96,17,3351,,0,1108,,G,,F,6,231,,,15R215,,,,,,0,0,000000000,00000000000,0,0,0,1,0,0,0,0,0,0,0,998,0,0,0,12,12,6,2,12,0,0,0,1,26,49270,6,1,0,0,2,3,68,205,0,0,0,0,0,0,0,0,0,0,26,0,0,0,1,2,55,1,1,2,1,0,0,1,50,1,1,1,20,1,1
26,260099,2,2,1,2,3,6,34,12,1,1,0,92,0,12,881,12881,63,1987,1FDZW90L4HVA,1,F,D,Z,W,9,0,L,4,H,V,A,0,T,FORD,LN9,CC,87,17,,8,2220,1380,CON,D,,,6,611,,,,,13097,07,A,64,0,57,373355,57373355,3,2,7,1,0,0,0,0,0,0,0,0,0,0,0,6,6,2,3,12,42,0,0,1,26,48131,1,1,0,0,2,3,73,155,0,1,1,0,0,9,2010,11,2010,0,24,0,0,0,1,2,55,1,1,2,1,0,0,1,53,1,1,1,21,0,1
26,260100,1,1,1,4,3,6,21,30,0,1,0,26,2,20,16,20016,4,2000,1G1JF5244Y74,1,G,1,J,F,5,2,4,4,Y,7,4,0,P,CHEV,CAS,4D,0,17,2676,,0,1041,,G,,F,4,133,,,15R195,,,,,,0,0,000000000,00000000000,0,0,0,1,0,0,0,0,0,0,0,998,0,0,0,9,9,6,2,30,0,0,0,1,26,48439,6,1,0,0,3,3,61,160,0,0,0,0,0,0,0,0,0,1,0,0,0,0,3,2,70,1,1,1,4,0,0,1,6,1,3,4,2,1,0
26,260101,1,2,1,4,3,6,38,12,1,1,0,26,2,20,471,20471,30,1993,1GCCS14R2P01,1,G,C,C,S,1,4,R,2,P,0,1,0,T,CHEV,S14,PK,93,17,,1,1179,1083,S,G,,,6,173,,,,B,2633,02,,42,0,0,000000000,00000000000,0,0,0,1,0,0,0,0,0,0,0,998,1,0,0,12,12,6,2,12,0,0,0,1,26,48146,6,1,0,0,3,0,67,200,1,0,0,1,0,3,2009,4,2010,0,26,0,0,0,3,4,55,1,1,1,4,0,0,1,51,1,1,1,28,1,0
26,260101,2,2,1,4,3,6,38,12,1,1,0,26,3,86,881,86881,66,2011,1M1AW02Y8BM0,1,M,1,A,W,0,2,Y,8,B,M,0,1,T,MACK,CXU,TR,11,17,,8,0,0,600,D,,,6,659,,,,,00000,00,,64,1,57,151289,57151289,3,6,1,1,0,0,0,0,0,0,0,998,7,0,0,6,6,2,3,12,0,0,0,1,26,48038,6,1,6,0,3,0,70,145,0,0,0,0,0,0,0,0,0,0,0,0,0,0,3,4,55,1,1,1,4,0,0,2,53,1,1,1,29,0,0
26,260102,1,2,1,4,3,12,45,12,6,1,0,26,1,18,22,18022,4,2005,2G4WC5621513,2,G,4,W,C,5,6,2,1,5,1,3,0,P,BUIC,LCX,4D,5,17,3495,,0,1138,,G,,F,6,232,,,16R225,,,,,,0,0,000000000,00000000000,0,0,0,1,0,0,0,0,0,0,0,998,0,0,0,5,5,6,2,12,0,0,0,1,26,49682,6,1,0,0,3,0,60,160,0,0,0,1,0,9,2008,9,2008,0,87,0,0,0,1,2,55,1,1,1,10,0,0,1,8,1,4,2,64,1,0
26,260102,2,2,1,4,3,12,45,12,6,1,0,26,1,18,20,18020,4,1998,2G4WF5218W14,2,G,4,W,F,5,2,1,8,W,1,4,0,P,BUIC,R/G,4D,98,17,3425,,0,1090,,G,,Z,6,231,,,16R225,,,,,,0,0,000000000,00000000000,0,0,0,1,0,0,0,0,0,0,0,998,0,0,0,12,12,6,2,12,0,0,0,1,26,49653,6,1,0,0,3,3,76,279,0,0,0,0,0,0,0,0,0,0,0,0,0,0,1,2,55,1,1,1,10,0,0,1,62,1,1,1,65,0,0
26,260103,1,1,1,21,1,22,10,42,0,1,0,92,0,98,998,98998,91,2005,4UF05SNW45T1,4,U,F,0,5,S,N,W,4,5,T,1,0,U,,,,5,17,,,,,,,,,,,,,,,,,,,0,0,000000000,00000000000,0,0,0,1,0,0,0,0,0,0,0,98,0,0,0,12,12,2,3,42,0,0,0,1,26,48088,6,1,0,0,1,0,72,220,1,0,0,3,1,1,2008,11,2010,1,0,0,0,0,1,2,55,3,1,8,3,0,0,14,13,1,1,4,1,1,0
26,260104,1,3,1,16,1,0,18,12,7,1,0,26,2,20,403,20403,14,2007,1GNDT13S7722,1,G,N,D,T,1,3,S,7,7,2,2,0,P,CHEV,TRL,UT,7,17,4523,,0,1130,,G,,F,6,256,,,17R245,,,,,,0,0,000000000,00000000000,0,0,0,1,0,0,0,0,0,0,0,98,0,0,0,3,3,6,2,12,0,0,0,1,26,48073,6,1,0,0,3,0,64,125,2,1,1,0,1,1,2008,5,2009,0,36,0,0,0,1,2,45,1,1,2,1,0,0,6,10,1,1,2,46,0,1