STATE,ST_CASE,VEH_NO,VE_FORMS,NUMOCCS,DAY,MONTH,HOUR,MINUTE,HARM_EV,MAN_COLL,UNITTYPE,HIT_RUN,REG_STAT,OWNER,MAKE,MODEL,MAK_MOD,BODY_TYP,MOD_YEAR,VIN,VIN_1,VIN_2,VIN_3,VIN_4,VIN_5,VIN_6,VIN_7,VIN_8,VIN_9,VIN_10,VIN_11,VIN_12,TOW_VEH,VINTYPE,VINMAKE,VINA_MOD,VIN_BT,VINMODYR,VIN_LNGT,VIN_WGT,WGTCD_TR,WHLBS_LG,WHLBS_SH,SER_TR,FUELCODE,MCYCL_DS,CARBUR,CYLINDER,DISPLACE,MCYCL_CY,MCYCL_WT,TIRE_SZE,TON_RAT,TRK_WT,TRKWTVAR,VIN_REST,WHLDRWHL,J_KNIFE,MCARR_I1,MCARR_I2,MCARR_ID,GVWR,V_CONFIG,CARGO_BT,HAZ_INV,HAZ_PLAC,HAZ_ID,HAZ_CNO,HAZ_REL,BUS_USE,SPEC_USE,EMER_USE,TRAV_SP,UNDERIDE,ROLLOVER,ROLINLOC,IMPACT1,IMPACT2,DEFORMED,TOWED,M_HARM,VEH_SC1,VEH_SC2,FIRE_EXP,DR_PRES,L_STATE,DR_ZIP,L_STATUS,L_TYPE,CDL_STAT,L_ENDORS,L_COMPL,L_RESTRI,DR_HGT,DR_WGT,PREV_ACC,PREV_SUS,PREV_DWI,PREV_SPD,PREV_OTH,FIRST_MO,FIRST_YR,LAST_MO,LAST_YR,SPEEDREL,DR_SF1,DR_SF2,DR_SF3,DR_SF4,VTRAFWAY,VNUM_LAN,VSPD_LIM,VALIGN,VPROFILE,VPAVETYP,VSURCOND,VTRAFCON,VTCONT_F,P_CRASH1,P_CRASH2,P_CRASH3,PCRASH4,PCRASH5,ACC_TYPE,DEATHS,DR_DRINK
26,260104,2,3,1,16,1,0,18,12,7,1,0,26,2,41,50,41050,4,2009,1YVHP82H495M,1,Y,V,H,P,8,2,H,4,9,5,M,0,P,MAZD,M6I,4D,9,17,3258,,0,1098,,G,,F,4,152,,,16R205,,,,,,0,0,000000000,00000000000,0,0,0,1,0,0,0,0,0,0,0,98,0,0,0,7,7,2,3,12,0,0,0,1,26,48313,6,1,0,0,3,0,69,145,1,0,0,0,0,7,2008,7,2008,0,0,0,0,0,1,2,45,1,1,2,1,0,0,1,53,1,1,1,45,0,0
26,260104,3,3,1,16,1,0,18,12,7,1,0,26,9,12,471,12471,30,2003,1FTZR44U13PB,1,F,T,Z,R,4,4,U,1,3,P,B,0,T,FORD,RNS,4C,3,17,,1,0,1257,RNG,G,,,6,182,,,,B,3547,00,U,42,0,0,000000000,00000000000,0,0,0,1,0,0,0,0,0,0,0,98,0,0,0,11,11,6,2,12,0,0,0,1,26,48062,6,1,0,0,3,0,65,195,0,0,0,0,0,0,0,0,0,0,0,0,0,0,1,2,45,1,1,2,1,0,0,1,62,1,1,1,98,1,0
26,260105,1,1,1,4,3,7,8,8,0,1,0,26,2,18,20,18020,4,1998,2G4WB52K1W16,2,G,4,W,B,5,2,K,1,W,1,6,0,P,BUIC,RLS,4D,98,17,3353,,0,1090,,G,,F,6,231,,,15R215,,,,,,0,0,000000000,00000000000,0,0,0,1,0,0,0,0,0,0,0,98,0,0,0,99,3,6,2,8,0,0,0,1,26,48421,6,2,0,0,3,3,64,135,2,0,0,0,0,4,2010,10,2010,1,28,0,0,0,1,2,55,1,1,2,4,0,0,1,12,3,4,4,13,0,0
26,260106,2,2,0,5,3,21,33,12,1,1,0,26,6,12,481,12481,31,2005,1FTPX14545FA,1,F,T,P,X,1,4,5,4,5,F,A,0,T,FORD,F15,4C,5,17,,2,1450,1260,COF,G,,,8,330,,,,B,5363,05,U,44,0,0,000000000,00000000000,0,0,0,1,0,0,0,0,0,0,0,0,0,0,0,6,6,2,3,8,0,0,0,0,0,99997,7,6,97,7,6,7,998,997,998,998,998,998,998,98,9998,98,9998,8,20,0,0,0,1,4,35,1,2,2,4,0,0,0,54,0,0,0,98,0,0
26,260106,3,2,3,5,3,21,33,12,1,1,0,26,2,12,401,12401,14,1997,1FMDU34X3VUA,1,F,M,D,U,3,4,X,3,V,U,A,0,P,FORD,EPR,UT,97,17,4166,,0,1115,,G,,F,6,245,,,15R225,,,,,,0,0,000000000,00000000000,0,0,0,1,0,0,0,0,0,0,0,98,0,0,0,12,12,6,2,12,0,0,0,1,26,49504,6,1,0,0,3,0,74,365,1,0,0,0,1,8,2008,8,2008,1,0,0,0,0,1,4,35,1,2,2,4,0,0,1,50,1,2,1,98,0,0
26,260107,1,2,1,6,3,13,39,12,2,1,0,26,1,2,405,2405,14,2007,1J4GL48K07W5,1,J,4,G,L,4,8,K,0,7,W,5,0,T,JEEP,SPR,4W,7,17,,1,0,1043,LIB,G,,,6,226,,,,,3864,00,E,44,0,0,000000000,00000000000,0,0,0,1,0,0,0,0,0,0,0,98,0,0,0,12,12,6,2,12,0,0,0,1,26,48111,6,1,0,0,3,0,70,240,0,0,0,1,0,5,2008,5,2008,0,28,0,0,0,1,2,55,1,1,2,1,0,0,1,10,1,1,2,50,0,0
26,260107,2,2,2,6,3,13,39,12,2,1,0,26,1,12,24,12024,6,2007,2FMDK36C97BA,2,F,M,D,K,3,6,C,9,7,B,A,0,P,FORD,EDG,UT,7,17,4073,,0,1112,,G,,F,6,214,,,17R235,,,,,,0,0,000000000,00000000000,0,0,0,1,0,0,0,0,0,0,0,98,0,0,0,12,12,6,2,12,0,0,0,1,26,48178,6,1,0,0,3,3,72,220,0,0,0,0,0,0,0,0,0,0,0,0,0,0,1,2,55,1,1,2,1,0,0,1,62,1,1,1,51,1,0
26,260108,1,2,1,3,3,14,34,12,6,1,0,26,2,12,17,12017,6,1999,1FAFP58S0XG1,1,F,A,F,P,5,8,S,0,X,G,1,0,P,FORD,TCS,SW,99,17,3480,,0,1085,,G,,F,6,182,,,15R205,,,,,,0,0,000000000,00000000000,0,0,0,1,0,0,0,0,0,0,0,98,0,0,0,9,9,6,2,12,0,0,0,1,26,49913,6,1,0,0,3,0,63,105,1,0,0,1,1,11,2009,1,2011,0,99,99,99,99,1,2,50,2,1,2,3,0,0,14,10,1,1,2,64,1,1
26,260108,2,2,1,3,3,14,34,12,6,1,0,26,2,20,471,20471,30,1994,1GCCS19Z9R81,1,G,C,C,S,1,9,Z,9,R,8,1,0,T,CHEV,S14,PC,94,17,,1,1229,1083,S,G,,,6,262,,,,B,3157,00,,42,0,0,000000000,00000000000,0,0,0,1,0,0,0,0,0,0,0,98,0,0,0,12,12,6,2,12,0,0,0,1,26,49950,6,1,0,0,3,3,64,114,1,0,0,0,0,2,2010,2,2010,0,0,0,0,0,1,2,50,2,1,2,3,0,0,14,62,8,1,1,65,0,0
26,260109,1,2,1,7,3,6,13,12,1,1,0,26,1,63,401,63401,14,2001,KNDJA7230156,K,N,D,J,A,7,2,3,0,1,5,6,0,P,KIA,SPO,UT,1,17,3352,,0,1043,,G,,F,4,122,,,15R205,,,,,,0,0,000000000,00000000000,0,0,0,1,0,0,0,0,0,0,0,98,0,0,0,12,12,6,2,12,0,0,0,1,26,49410,6,1,0,0,3,3,72,155,0,1,0,1,0,9,2008,11,2008,0,26,0,0,0,1,2,55,1,1,2,1,0,0,1,51,1,1,1,24,1,0
26,260109,2,2,1,7,3,6,13,12,1,1,0,26,3,85,881,85881,66,1996,1XKDDB0X2TJ7,1,X,K,D,D,B,0,X,2,T,J,7,1,T,KW,T80,TR,96,17,,8,0,0,CON,D,,,6,893,,,,,00000,00,,64,1,57,272628,57272628,3,6,3,1,0,0,0,0,0,0,0,98,0,0,0,6,6,2,1,12,0,0,0,1,26,49431,6,1,6,0,3,0,69,170,0,0,0,0,0,0,0,0,0,0,0,0,0,0,1,2,55,1,1,2,1,0,0,1,53,1,1,1,25,0,0
26,260110,1,2,3,7,3,14,43,33,0,1,0,26,2,2,404,2404,14,1999,1J4GW68NXXC6,1,J,4,G,W,6,8,N,X,X,C,6,0,T,JEEP,LMT,4W,99,17,,1,0,1059,GCK,G,,,8,287,,,,,3809,00,E,44,0,0,000000000,00000000000,0,0,0,1,0,0,0,0,0,0,0,98,0,1,1,1,1,6,2,1,0,0,0,1,26,49015,6,1,0,0,3,0,71,155,0,1,1,0,0,1,2011,2,2011,0,36,0,0,0,1,4,45,1,1,2,1,0,0,1,13,1,2,4,2,1,1
26,260110,2,2,1,7,3,14,43,33,0,1,0,26,1,12,16,12016,4,2001,2FAFP73W41X1,2,F,A,F,P,7,3,W,4,1,X,1,0,P,FORD,CVI,4D,1,17,3913,,0,1147,,G,,F,8,281,,,16R225,,,,,,0,0,000000000,00000000000,0,0,0,1,0,0,0,0,0,0,0,98,0,0,0,12,12,6,2,12,0,0,0,1,26,49015,6,1,0,0,3,0,61,130,0,0,0,1,0,12,2008,12,2008,0,0,0,0,0,1,4,45,1,1,2,1,0,0,1,62,1,1,1,98,0,0
26,260111,1,1,4,3,3,1,45,34,0,1,0,26,2,22,20,22020,4,1997,1G2WJ52M5VF3,1,G,2,W,J,5,2,M,5,V,F,3,0,P,PONT,GFS,4D,97,17,3355,,0,1105,,G,,F,6,191,,,15R205,,,,,,0,0,000000000,00000000000,0,0,0,1,0,0,0,0,0,0,0,998,0,1,5,12,12,6,2,32,0,0,0,1,26,48157,9,9,99,9,9,9,999,999,99,99,99,99,99,99,9999,99,9999,1,82,0,0,0,1,2,25,1,2,2,1,0,0,1,6,99,1,4,6,2,1
26,260112,1,1,1,8,3,2,17,42,0,1,0,26,2,12,442,12442,20,2003,2FMZA514X3BA,2,F,M,Z,A,5,1,4,X,3,B,A,0,T,FORD,WLX,ES,3,17,,1,0,1207,WIN,G,,,6,232,,,,B,3762,00,E,42,0,0,000000000,00000000000,0,0,0,1,0,0,0,0,0,0,0,98,0,0,0,11,11,6,2,42,0,0,1,1,26,49097,6,1,0,0,3,3,72,265,0,0,0,0,0,0,0,0,0,1,0,0,0,0,1,2,55,4,1,2,1,0,0,14,13,1,1,4,1,1,1
26,260113,1,1,1,10,3,0,25,59,0,1,0,26,1,54,35,54035,4,2002,19UUA56842A0,1,9,U,U,A,5,6,8,4,2,A,0,0,P,ACUR,3TS,4D,2,17,3558,,0,1081,,G,,F,6,197,,,17R215,,,,,,0,0,000000000,00000000000,0,0,0,1,0,0,0,0,0,0,0,98,0,0,0,11,9,6,2,42,0,0,1,1,26,48224,6,1,0,0,3,3,68,210,0,0,0,0,0,0,0,0,0,1,0,0,0,0,2,3,55,3,1,2,2,0,0,14,6,1,4,4,2,1,0
26,260114,1,2,1,11,3,7,20,12,6,1,0,26,1,12,13,12013,4,1998,1FAFP13P9WW1,1,F,A,F,P,1,3,P,9,W,W,1,0,P,FORD,ESS,4D,98,17,2468,,0,984,,G,,F,4,122,,,14R185,,,,,,0,0,000000000,00000000000,0,0,0,1,0,0,0,0,0,0,0,98,0,0,0,3,3,6,2,12,0,0,0,1,26,48458,6,1,0,0,3,0,64,250,0,0,0,0,0,0,0,0,0,1,28,0,0,0,1,2,55,1,2,2,4,0,0,1,6,1,4,2,64,1,0
26,260114,2,2,1,11,3,7,20,12,6,1,0,26,1,20,401,20401,14,2002,1GNDS13S3223,1,G,N,D,S,1,3,S,3,2,2,3,0,P,CHEV,TRL,UT,2,17,4442,,0,1130,,G,,F,6,256,,,16R245,,,,,,0,0,000000000,00000000000,0,0,0,1,0,0,0,0,0,0,0,98,0,0,0,12,12,6,2,12,0,0,0,1,26,48746,6,1,0,0,3,3,68,265,0,1,0,1,0,6,2009,9,2009,0,0,0,0,0,1,2,55,1,2,2,4,0,0,1,62,98,1,1,65,0,0
26,260115,1,1,1,12,3,18,37,25,0,1,0,26,3,23,481,23481,31,2006,1GTHK29U96E1,1,G,T,H,K,2,9,U,9,6,E,1,0,T,GMC,2KH,4C,6,17,,2,1575,1435,SIE,G,,,8,366,,,,C,5659,02,E,44,0,0,000000000,00000000000,0,0,0,1,0,0,0,0,0,0,0,98,0,0,0,11,11,6,2,25,0,0,0,1,26,48178,6,1,0,0,3,0,75,290,0,0,0,0,0,0,0,0,0,0,99,99,99,99,3,4,70,1,1,2,1,0,0,1,13,1,9,4,6,1,0
26,260116,1,1,1,11,3,20,28,8,0,1,0,26,1,14,401,14401,14,2003,4M2ZU86K83ZJ,4,M,2,Z,U,8,6,K,8,3,Z,J,0,P,MERC,MOU,UT,3,17,4170,,0,1138,,F,,F,6,245,,,16R245,,,,,,0,0,000000000,00000000000,0,0,0,1,0,0,0,0,0,0,0,98,0,0,0,11,11,2,3,8,0,0,0,1,26,48458,6,1,0,0,3,0,62,145,1,0,0,0,0,1,2010,1,2010,0,0,0,0,0,1,2,45,1,1,2,1,0,0,1,80,1,1,1,13,0,0
26,260117,1,1,1,14,3,20,26,8,0,1,0,26,1,23,481,23481,31,2000,1GTEK19T5YE3,1,G,T,E,K,1,9,T,5,Y,E,3,0,T,GMC,NK1,3C,0,17,,2,1575,1435,SIE,G,,,8,325,,,,B,4621,02,U,44,0,0,000000000,00000000000,0,0,0,1,0,0,0,0,0,0,0,98,0,0,0,11,11,2,3,8,0,0,0,1,26,48329,6,1,0,0,3,0,68,195,0,0,0,0,0,0,0,0,0,0,0,0,0,0,5,4,40,1,1,1,1,0,0,1,80,98,1,1,13,0,0
26,260118,1,1,1,17,3,22,30,8,0,1,0,26,1,24,9,24009,4,2009,1G8ZV57B09F1,1,G,8,Z,V,5,7,B,0,9,F,1,0,P,STRN,AXR,4D,9,17,3647,,0,1123,,G,,F,4,146,,,17R215,,,,,,0,0,000000000,00000000000,0,0,0,1,0,0,0,0,0,0,0,98,0,0,0,1,99,4,3,8,0,0,0,1,26,48327,6,1,0,0,3,0,74,190,0,0,0,0,0,0,0,0,0,0,99,99,99,99,1,2,40,1,1,2,1,0,0,1,80,1,1,1,13,0,1
26,260119,1,1,1,18,3,3,16,52,0,1,0,26,1,20,2,20002,4,1994,1G1BL52W0RR1,1,G,1,B,L,5,2,W,0,R,R,1,0,P,CHEV,CCL,4D,94,17,4036,,0,1159,,G,,F,8,265,,,15R215,,,,,,0,0,000000000,00000000000,0,0,0,1,0,0,0,0,0,0,0,98,0,1,5,11,99,6,2,1,0,0,0,1,26,48732,6,1,0,0,3,0,71,190,0,0,1,0,0,8,2010,8,2010,0,99,99,99,99,2,2,70,1,1,1,1,0,0,1,13,1,1,4,1,1,1
26,260120,1,2,2,19,3,18,54,12,7,1,0,26,1,20,20,20020,4,1990,2G1WN54T5L92,2,G,1,W,N,5,4,T,5,L,9,2,0,P,CHEV,EUR,4D,90,17,3042,,0,1075,,G,,F,6,191,,,15R195,,,,,,0,0,000000000,00000000000,0,0,0,1,0,0,0,0,0,0,0,98,0,0,0,7,0,6,2,12,0,0,0,1,26,49738,6,1,0,0,3,0,65,150,0,0,0,0,0,0,0,0,0,0,38,0,0,0,2,2,70,1,1,1,1,0,0,15,11,1,1,2,45,1,0
26,260120,2,2,4,19,3,18,54,12,7,1,0,26,1,22,20,22020,2,2000,1G2WP12K3YF2,1,G,2,W,P,1,2,K,3,Y,F,2,0,P,PONT,GPG,CP,0,17,3386,,0,1105,,G,,F,6,231,,,16R225,,,,,,0,0,000000000,00000000000,0,0,0,1,0,0,0,0,0,0,0,98,0,0,0,1,1,2,1,12,0,0,0,1,26,48653,6,1,0,0,3,0,67,155,0,0,0,0,0,0,0,0,0,0,0,0,0,0,2,2,70,1,1,1,1,0,0,1,60,1,1,1,44,0,0
26,260121,1,1,2,20,3,18,51,1,0,1,0,48,1,20,403,20403,14,2004,1GNET16S5461,1,G,N,E,T,1,6,S,5,4,6,1,0,P,CHEV,TRL,UT,4,17,4954,,0,1290,,G,,F,6,256,,,17R245,,,,,,0,0,000000000,00000000000,0,0,0,1,0,0,0,0,0,0,0,98,0,2,5,0,0,6,2,1,0,0,0,1,48,75572,6,1,6,0,3,3,999,999,0,0,0,0,0,0,0,0,0,1,0,0,0,0,2,2,70,1,2,2,10,0,0,15,6,1,3,4,2,1,0
26,260122,1,1,1,21,3,11,17,33,0,1,0,26,3,20,473,20473,30,2008,1GCCS2490882,1,G,C,C,S,2,4,9,0,8,8,2,0,T,CHEV,RDS,PK,8,17,,1,0,1113,CAL,G,,,4,177,,,,,3303,00,,42,0,0,000000000,00000000000,0,0,0,1,0,0,0,0,0,0,0,998,0,1,5,12,12,6,2,24,0,0,0,1,26,49548,6,1,0,0,3,0,75,180,1,0,0,0,0,2,2011,2,2011,0,36,0,0,0,2,2,40,1,2,2,2,3,3,1,12,99,1,4,1,1,0
26,260123,1,2,1,17,3,17,43,12,6,1,0,26,1,12,402,12402,14,2002,1FMYU01132KD,1,F,M,Y,U,0,1,1,3,2,K,D,0,P,FORD,SPE,UT,2,17,3035,,0,1031,,G,,F,6,181,,,15R225,,,,,,0,0,000000000,00000000000,0,0,0,1,0,0,0,0,0,0,0,98,0,0,0,3,3,6,2,12,0,0,0,1,26,49504,6,1,0,0,3,0,57,150,0,0,0,0,0,0,0,0,0,0,39,0,0,0,1,2,55,1,1,2,1,0,0,1,17,1,1,1,87,1,1
26,260123,2,2,1,17,3,17,43,12,6,1,0,26,3,7,880,7880,67,2001,1B7MF33721J2,1,B,7,M,F,3,3,7,2,1,J,2,1,T,DODG,Q35,4C,1,17,,3,0,1547,RPC,D,,,6,359,,,,D,6108,00,U,44,1,57,1859365,571859365,2,4,97,1,0,0,0,0,0,0,0,98,0,0,0,12,12,6,2,12,0,0,0,1,26,48875,6,1,6,0,3,0,73,195,0,0,0,1,0,7,2010,7,2010,0,0,0,0,0,1,2,55,1,1,2,1,20,3,1,66,1,1,1,86,0,0
26,260124,1,1,3,18,3,2,26,30,0,1,0,26,2,22,16,22016,4,2002,1G2JB5246271,1,G,2,J,B,5,2,4,6,2,7,1,0,P,PONT,SFS,4D,2,17,2644,,0,1041,,G,,F,4,133,,,14R195,,,,,,0,0,000000000,00000000000,0,0,0,1,0,0,0,0,0,0,0,98,0,0,0,9,9,6,2,30,0,0,0,1,26,48116,6,1,0,0,3,0,70,155,0,2,0,0,1,11,2008,1,2010,1,99,99,99,99,1,2,25,1,9,9,1,0,0,1,6,1,4,4,2,1,1
26,260125,1,1,3,18,3,2,50,1,0,1,0,26,1,12,401,12401,14,2003,1FMZU74WX3UB,1,F,M,Z,U,7,4,W,X,3,U,B,0,P,FORD,EPR,UT,3,17,4094,,0,1137,,G,,F,8,281,,,17R245,,,,,,0,0,000000000,00000000000,0,0,0,1,0,0,0,0,0,0,0,98,0,2,4,0,0,6,2,1,0,0,0,1,26,49224,6,1,0,0,3,0,68,275,0,0,0,0,0,0,0,0,0,1,0,0,0,0,6,1,25,2,1,2,1,0,0,14,6,1,4,4,2,1,1
26,260126,1,3,1,20,3,22,32,12,1,1,0,26,2,20,37,20037,4,2006,1G1ZS51F56F2,1,G,1,Z,S,5,1,F,5,6,F,2,0,P,CHEV,M/L,4D,6,17,3296,,0,1063,,G,,F,4,134,,,15R205,,,,,,0,0,000000000,00000000000,0,0,0,1,0,0,0,0,0,0,0,98,0,0,0,12,12,6,2,12,0,0,0,1,26,48237,6,1,0,0,3,0,67,144,1,0,0,0,0,3,2011,3,2011,0,99,99,99,99,5,4,30,1,1,2,2,3,3,1,50,1,1,1,20,0,0
26,260126,2,3,1,20,3,22,32,12,1,1,0,26,2,54,35,54035,4,1996,JH4UA2657TC0,J,H,4,U,A,2,6,5,7,T,C,0,0,P,ACUR,25T,4D,96,17,3184,,0,1118,,G,,F,5,150,,,15R205,,,,,,0,0,000000000,00000000000,0,0,0,1,0,0,0,0,0,0,0,0,0,0,0,6,6,6,2,12,0,0,1,1,26,48033,1,1,0,0,2,0,71,145,14,0,0,0,1,4,2009,12,2010,0,0,0,0,0,5,4,30,1,1,2,2,3,3,5,53,1,1,1,21,1,0
26,260126,3,3,1,20,3,22,32,12,1,1,0,26,1,7,422,7422,15,2004,1D4HB48DX4F2,1,D,4,H,B,4,8,D,X,4,F,2,0,P,DODG,DUR,UT,4,17,4958,,0,1192,,G,,F,8,345,,,17R245,,,,,,0,0,000000000,00000000000,0,0,0,1,0,0,0,0,0,0,0,0,0,0,0,1,1,6,2,12,0,0,0,1,26,48239,6,1,0,0,3,0,64,220,1,0,0,0,0,5,2009,5,2009,0,0,0,0,0,5,4,30,1,1,2,2,0,0,5,62,1,1,1,98,0,0
26,260127,1,2,4,22,3,17,2,12,6,1,0,26,2,9,38,9038,4,2000,1P3EJ46X7YN1,1,P,3,E,J,4,6,X,7,Y,N,1,0,P,PLYM,BRE,4D,0,17,2942,,0,1080,,G,,F,4,148,,,14R195,,,,,,0,0,000000000,00000000000,0,0,0,1,0,0,0,0,0,0,0,98,0,0,0,3,3,6,2,12,0,0,0,1,26,49442,6,1,0,0,3,0,60,180,0,0,0,0,0,0,0,0,0,1,28,0,0,0,1,2,55,2,1,2,10,0,0,14,52,2,4,2,64,1,0
26,260127,2,2,1,22,3,17,2,12,6,1,0,26,3,49,403,49403,14,2008,JTEES41A6820,J,T,E,E,S,4,1,A,6,8,2,0,0,P,TOYT,HIG,UT,8,17,4178,,0,1098,,G,,F,6,214,,,17R245,,,,,,0,0,000000000,00000000000,0,0,0,1,0,0,0,0,0,0,0,98,0,0,0,12,12,6,2,12,0,0,0,1,26,49107,6,1,0,0,3,0,68,200,0,0,0,0,0,0,0,0,0,0,0,0,0,0,1,2,55,3,1,2,10,0,0,14,62,1,1,1,65,0,0
26,260128,1,2,2,23,3,15,36,12,1,1,0,12,1,12,481,12481,31,2006,1FTSW21P06EA,1,F,T,S,W,2,1,P,0,6,E,A,0,T,FORD,F2S,CW,6,17,,2,1720,1560,SRW,D,,,8,366,,,,C,6395,01,E,44,0,0,000000000,00000000000,0,0,0,1,0,0,0,0,0,0,0,98,0,1,5,6,6,6,2,12,0,0,0,1,12,33709,6,1,6,0,3,0,75,999,0,1,0,0,0,5,2009,5,2009,0,0,0,0,0,2,3,70,1,1,2,2,0,0,1,53,1,1,1,25,1,0
26,260128,2,2,1,23,3,15,36,12,1,1,0,26,1,59,403,59403,14,2010,2T2BK1BA1AC0,2,T,2,B,K,1,B,A,1,A,C,0,0,P,LEXS,RX5,UT,10,17,4510,,0,1079,,G,,F,6,211,,,18R235,,,,,,0,0,000000000,00000000000,0,0,0,1,0,0,0,0,0,0,0,98,0,0,0,12,12,2,1,12,0,0,0,1,26,48302,6,1,0,0,3,3,72,175,0,0,0,1,0,9,2009,9,2009,0,26,0,0,0,2,3,70,1,1,2,2,0,0,1,51,1,1,2,24,0,0
26,260129,1,1,2,14,3,14,16,59,0,1,0,26,1,48,34,48034,6,2001,4S3BH6755176,4,S,3,B,H,6,7,5,5,1,7,6,0,P,SUBA,UWP,SW,1,17,3430,,0,1043,,G,,F,4,153,,,16R225,,,,,,0,0,000000000,00000000000,0,0,0,1,0,0,0,0,0,0,0,98,0,0,0,12,12,6,2,42,0,0,0,1,26,48197,6,1,0,0,3,3,65,150,0,0,0,1,0,2,2011,2,2011,0,36,0,0,0,1,2,45,3,2,2,1,0,0,14,13,1,1,4,1,1,0
26,260130,1,1,1,25,3,19,41,8,0,1,0,26,3,7,43,7043,4,1998,1B3EJ46X4WN2,1,B,3,E,J,4,6,X,4,W,N,2,0,P,DODG,STR,4D,98,17,2837,,0,1080,,G,,F,4,148,,,14R195,,,,,,0,0,000000000,00000000000,0,0,0,1,0,0,0,0,0,0,0,98,0,0,0,1,1,2,3,8,0,0,0,1,26,49770,6,1,0,0,3,3,76,240,0,0,0,0,0,0,0,0,0,0,26,0,0,0,1,2,55,1,2,2,1,0,0,1,80,1,1,1,13,0,0
26,260131,1,1,1,26,3,23,39,1,0,1,0,26,1,19,18,19018,4,2005,1G6DW6776501,1,G,6,D,W,6,7,7,6,5,0,1,0,P,CADI,CST,4D,5,17,3960,,0,1164,,G,,F,6,220,,,17R235,,,,,,0,0,000000000,00000000000,0,0,0,1,0,0,0,0,0,0,0,98,0,2,6,0,0,6,2,1,0,0,0,1,26,48423,6,1,0,0,3,0,66,190,0,0,0,1,0,11,2010,11,2010,1,0,0,0,0,6,1,98,2,1,1,1,0,0,14,6,1,9,4,7,1,0
26,260132,1,2,1,23,3,12,44,12,1,1,0,26,1,20,16,20016,2,2003,1G1JC12F2373,1,G,1,J,C,1,2,F,2,3,7,3,0,P,CHEV,CAV,CP,3,17,2617,,0,1041,,G,,F,4,134,,,14R195,,,,,,0,0,000000000,00000000000,0,0,0,1,0,0,0,0,0,0,0,98,0,0,0,12,12,6,2,12,0,0,0,1,26,49088,6,1,0,0,3,3,68,165,0,0,0,0,0,0,0,0,0,1,26,0,0,0,1,3,55,1,1,2,2,0,0,1,50,1,1,1,20,1,0
26,260132,2,2,1,23,3,12,44,12,1,1,0,26,3,85,881,85881,66,2003,1XKDDB9X93J3,1,X,K,D,D,B,9,X,9,3,J,3,1,T,KW,T80,TR,3,17,,8,2600,1600,CON,D,,,6,893,,,,,00000,00,,64,1,57,1107710,571107710,3,6,2,1,0,0,0,0,0,0,0,0,0,0,0,6,6,2,1,12,0,0,0,1,26,49450,6,1,6,1,3,0,70,285,2,0,0,0,0,12,2008,12,2008,0,0,0,0,0,1,3,55,1,1,2,2,0,0,5,53,1,1,1,21,0,0
26,260133,1,1,3,23,3,21,40,1,0,1,0,26,2,12,471,12471,30,2002,1FTZR15E42PB,1,F,T,Z,R,1,5,E,4,2,P,B,0,T,FORD,RNS,PC,2,17,,1,0,1259,RNG,G,,,6,245,,,,B,3760,03,E,44,0,0,000000000,00000000000,0,0,0,1,0,0,0,0,0,0,0,98,0,2,2,0,0,6,2,1,0,0,0,1,26,48234,0,0,0,0,0,0,72,161,1,8,0,0,1,7,2009,12,2009,0,36,0,0,0,2,2,70,1,1,2,4,0,0,1,5,1,3,4,2,1,1
26,260134,1,1,2,25,3,21,55,10,0,1,0,26,2,20,2,20002,2,1985,1G1BN47Z6FY1,1,G,1,B,N,4,7,Z,6,F,Y,1,0,P,CHEV,CCL,CP,85,17,3389,,0,1160,,G,,F,6,262,,,15R205,,,,,,0,0,000000000,00000000000,0,0,0,1,0,0,0,0,0,0,0,98,0,0,0,3,99,6,2,10,0,0,0,1,26,48229,6,1,0,0,3,0,71,165,0,0,0,0,0,0,0,0,0,0,36,0,0,0,1,2,25,1,1,2,1,65,3,1,91,99,1,1,98,1,1
26,260135,1,1,2,27,3,2,39,1,0,1,0,26,2,22,2,22002,4,2005,1G2HY52K45U1,1,G,2,H,Y,5,2,K,4,5,U,1,0,P,PONT,BSL,4D,5,17,3678,,0,1122,,G,,F,6,231,,,17R235,,,,,,0,0,000000000,00000000000,0,0,0,1,0,0,0,0,0,0,0,98,0,2,2,0,0,6,2,1,0,0,0,1,26,48170,6,1,0,0,3,3,73,235,0,1,0,1,0,9,2008,1,2011,0,36,0,0,0,2,3,70,3,1,2,4,0,0,14,5,1,4,4,2,1,1
26,260136,1,1,1,28,3,1,23,42,0,1,0,26,1,12,401,12401,14,2001,1FMCU70E81UA,1,F,M,C,U,7,0,E,8,1,U,A,0,P,FORD,EPR,UT,1,17,3959,,0,1018,,G,,F,6,245,,,15R235,,,,,,0,0,000000000,00000000000,0,0,0,1,0,0,0,0,0,0,0,98,0,0,0,9,9,6,2,42,0,0,0,1,26,48195,6,1,0,0,3,0,76,235,0,1,0,0,0,7,2008,7,2008,0,36,58,0,0,1,2,35,3,1,1,1,0,0,14,9,7,4,4,2,1,1