STATE,ST_CASE,VEH_NO,VE_FORMS,NUMOCCS,DAY,MONTH,HOUR,MINUTE,HARM_EV,MAN_COLL,UNITTYPE,HIT_RUN,REG_STAT,OWNER,MAKE,MODEL,MAK_MOD,BODY_TYP,MOD_YEAR,VIN,VIN_1,VIN_2,VIN_3,VIN_4,VIN_5,VIN_6,VIN_7,VIN_8,VIN_9,VIN_10,VIN_11,VIN_12,TOW_VEH,VINTYPE,VINMAKE,VINA_MOD,VIN_BT,VINMODYR,VIN_LNGT,VIN_WGT,WGTCD_TR,WHLBS_LG,WHLBS_SH,SER_TR,FUELCODE,MCYCL_DS,CARBUR,CYLINDER,DISPLACE,MCYCL_CY,MCYCL_WT,TIRE_SZE,TON_RAT,TRK_WT,TRKWTVAR,VIN_REST,WHLDRWHL,J_KNIFE,MCARR_I1,MCARR_I2,MCARR_ID,GVWR,V_CONFIG,CARGO_BT,HAZ_INV,HAZ_PLAC,HAZ_ID,HAZ_CNO,HAZ_REL,BUS_USE,SPEC_USE,EMER_USE,TRAV_SP,UNDERIDE,ROLLOVER,ROLINLOC,IMPACT1,IMPACT2,DEFORMED,TOWED,M_HARM,VEH_SC1,VEH_SC2,FIRE_EXP,DR_PRES,L_STATE,DR_ZIP,L_STATUS,L_TYPE,CDL_STAT,L_ENDORS,L_COMPL,L_RESTRI,DR_HGT,DR_WGT,PREV_ACC,PREV_SUS,PREV_DWI,PREV_SPD,PREV_OTH,FIRST_MO,FIRST_YR,LAST_MO,LAST_YR,SPEEDREL,DR_SF1,DR_SF2,DR_SF3,DR_SF4,VTRAFWAY,VNUM_LAN,VSPD_LIM,VALIGN,VPROFILE,VPAVETYP,VSURCOND,VTRAFCON,VTCONT_F,P_CRASH1,P_CRASH2,P_CRASH3,PCRASH4,PCRASH5,ACC_TYPE,DEATHS,DR_DRINK
26,260238,2,2,1,19,5,17,15,12,6,1,0,26,1,12,481,12481,31,2002,1FTNX21S32EB,1,F,T,N,X,2,1,S,3,2,E,B,0,T,FORD,F2S,4C,2,17,,2,1580,1418,SRW,G,,,10,415,,,,C,5949,05,U,44,0,0,000000000,00000000000,0,0,0,1,0,0,0,0,0,0,0,98,0,0,0,12,12,4,3,12,0,0,0,1,26,49676,6,1,6,0,3,0,75,230,2,0,0,0,0,12,2010,1,2011,0,0,0,0,0,1,2,55,1,1,2,2,0,0,1,67,1,1,1,83,0,0
26,260239,1,1,1,18,5,1,0,42,0,1,0,26,1,73,703,73703,80,2002,JKAEXMF162A0,J,K,A,E,X,M,F,1,6,2,A,0,0,M,KAWK,EXF,RC,2,17,,,,,,,250,,2,,4,304,,,,,,,0,0,000000000,00000000000,0,0,0,1,0,0,0,0,0,0,0,98,0,0,0,12,12,6,2,42,0,0,0,1,26,48617,6,1,0,0,3,0,72,150,0,1,1,0,0,6,2010,11,2010,0,99,99,99,99,1,2,55,3,1,2,2,0,0,14,13,1,1,4,1,1,1
26,260240,1,1,2,18,5,21,20,30,0,1,0,26,1,13,2,13002,2,1998,1LNFM91V3WY6,1,L,N,F,M,9,1,V,3,W,Y,6,0,P,LINC,MK8,CP,98,17,3765,,0,1130,,G,,F,8,281,,,16R225,,,,,,0,0,000000000,00000000000,0,0,0,1,0,0,0,0,0,0,0,98,0,0,0,9,9,6,2,30,0,0,0,1,26,48748,6,1,0,0,3,0,70,250,0,0,0,0,0,0,0,0,0,1,0,0,0,0,2,4,70,3,1,2,2,0,0,14,6,1,4,4,7,1,0
26,260241,1,1,3,19,5,19,23,57,0,1,0,26,1,20,16,20016,4,2003,1G1JH52F8372,1,G,1,J,H,5,2,F,8,3,7,2,0,P,CHEV,CLP,4D,3,17,2808,,0,1041,,G,,F,4,134,,,16R205,,,,,,0,0,000000000,00000000000,0,0,0,1,0,0,0,0,0,0,0,98,0,1,3,99,99,6,2,57,0,0,0,1,26,48213,6,1,0,0,3,0,64,115,0,1,0,1,0,2,2009,2,2010,0,99,99,99,99,3,4,70,1,1,2,2,0,0,1,12,1,1,4,6,1,0
26,260242,1,2,1,20,5,23,50,12,2,1,0,26,1,12,471,12471,30,1993,1FTCR14AXPPA,1,F,T,C,R,1,4,A,X,P,P,A,0,T,FORD,RNS,PC,93,17,,1,0,1250,RNG,G,,,4,140,,,,B,3208,01,A,42,0,0,000000000,00000000000,0,0,0,1,0,0,0,0,0,0,0,98,0,0,0,12,12,6,2,12,0,0,0,1,26,48066,6,1,0,0,3,0,70,125,0,0,0,0,0,0,0,0,0,0,38,0,0,0,5,4,45,1,1,2,1,0,0,11,15,1,1,2,68,0,1
26,260242,2,2,1,20,5,23,50,12,2,1,0,26,2,72,709,72709,80,1975,9E57953H5,9,E,5,7,9,5,3,H,5,,,,0,M,HD,SS2,RS,75,9,,,,,,,250,,1,,2,252,,,,,,,0,0,000000000,00000000000,0,0,0,1,0,0,0,0,0,0,0,98,0,0,0,12,12,6,2,12,0,0,0,1,26,48043,6,1,0,0,3,0,70,165,0,0,0,1,0,10,2010,10,2010,0,0,0,0,0,5,4,45,1,1,2,1,0,0,1,62,1,1,1,69,1,1
26,260243,1,2,2,21,5,13,3,12,6,1,0,18,1,14,6,14006,4,2009,2MEHM75V39X6,2,M,E,H,M,7,5,V,3,9,X,6,0,P,MERC,MGL,4D,9,17,4117,,0,1146,,F,,F,8,281,,,17R225,,,,,,0,0,000000000,00000000000,0,0,0,1,0,0,0,0,0,0,0,98,0,0,0,3,3,6,2,12,0,0,0,1,18,46815,6,1,0,0,3,3,62,125,0,0,0,0,0,0,0,0,0,0,38,0,0,0,2,2,55,1,1,2,1,1,3,12,98,1,1,2,98,1,0
26,260243,2,2,1,21,5,13,3,12,6,1,0,26,1,12,13,12013,6,1997,3FALP15P0VR1,3,F,A,L,P,1,5,P,0,V,R,1,0,P,FORD,LXE,SW,97,17,2571,,0,984,,G,,F,4,122,,,14R185,,,,,,0,0,000000000,00000000000,0,0,0,1,0,0,0,0,0,0,0,98,0,0,0,12,12,6,2,12,0,0,0,1,26,49201,6,1,0,0,3,0,68,217,0,0,0,1,0,11,2008,11,2008,0,0,0,0,0,2,2,55,1,1,2,1,1,3,1,62,1,1,1,98,0,0
26,260244,1,1,1,23,5,7,15,24,0,1,0,26,1,6,43,6043,4,2010,1C3CC5FB6AN1,1,C,3,C,C,5,F,B,6,A,N,1,0,P,CHRY,SLT,4D,10,17,3310,,0,1089,,G,,F,4,146,,,17R215,,,,,,0,0,000000000,00000000000,0,0,0,1,0,0,0,0,0,0,0,98,0,0,0,1,12,6,2,25,0,0,0,1,26,48420,6,1,0,0,3,3,66,125,1,0,0,0,0,10,2009,10,2009,0,99,99,99,99,3,4,70,1,1,1,1,0,0,1,13,1,1,4,1,1,0
26,260245,1,2,1,8,5,13,32,12,7,1,0,26,1,72,706,72706,80,2005,1HD1FFW165Y6,1,H,D,1,F,F,W,1,6,5,Y,6,0,M,HD,TCI,RS,5,17,,,,,,,1450,,2,,4,776,,,,,,,0,0,000000000,00000000000,0,0,0,1,0,0,0,0,0,0,0,98,0,0,0,3,3,4,3,12,0,0,0,1,26,48154,6,1,6,0,3,0,72,275,0,0,0,0,0,0,0,0,0,0,0,0,0,0,3,5,70,1,1,1,1,0,0,1,61,1,1,1,45,1,0
26,260245,2,2,1,8,5,13,32,12,7,1,0,26,2,20,36,20036,2,1996,2G1WX12X9T92,2,G,1,W,X,1,2,X,9,T,9,2,0,P,CHEV,MZ3,CP,96,17,3436,,0,1075,,G,,F,6,207,,,16R225,,,,,,0,0,000000000,00000000000,0,0,0,1,0,0,0,0,0,0,0,98,0,0,0,11,11,2,1,12,0,0,0,1,26,48127,6,1,0,0,3,0,67,120,1,0,0,0,0,2,2011,2,2011,0,27,0,0,0,3,5,70,1,1,1,1,0,0,15,11,1,1,2,46,0,0
26,260246,1,2,4,21,5,23,26,12,2,1,0,26,2,6,14,6014,4,1985,1C3BF66P2FX5,1,C,3,B,F,6,6,P,2,F,X,5,0,P,CHRY,FAV,4D,85,17,3741,,0,1127,,G,,2,8,318,,,15R205,,,,,,0,0,000000000,00000000000,0,0,0,1,0,0,0,0,0,0,0,98,0,0,0,12,12,6,2,12,0,0,0,1,26,48880,1,1,0,0,2,0,71,145,0,5,0,0,0,10,2008,1,2011,0,28,0,0,0,1,2,55,1,1,2,2,0,0,1,10,1,1,2,50,1,1
26,260246,2,2,5,21,5,23,26,12,2,1,0,26,2,20,401,20401,14,2000,1GNDT13W1Y21,1,G,N,D,T,1,3,W,1,Y,2,1,0,P,CHEV,BZR,UT,0,17,4049,,0,1070,,G,,F,6,262,,,15R205,,,,,,0,0,000000000,00000000000,0,0,0,1,0,0,0,0,0,0,0,98,0,0,0,12,12,6,2,12,0,0,0,1,26,48657,6,1,0,0,3,3,68,145,0,0,0,0,0,0,0,0,0,0,0,0,0,0,1,2,55,1,1,2,2,0,0,1,62,1,1,1,51,0,0
26,260247,1,2,1,25,5,16,41,12,2,1,0,26,2,12,37,12037,6,2001,1FAFP36351W1,1,F,A,F,P,3,6,3,5,1,W,1,0,P,FORD,FSC,SW,1,17,2723,,0,1030,,G,,F,4,121,,,15R195,,,,,,0,0,000000000,00000000000,0,0,0,1,0,0,0,0,0,0,0,98,0,0,0,12,12,6,2,12,0,0,0,1,26,49508,6,1,0,0,3,3,68,190,0,0,0,0,0,0,0,0,0,0,99,99,99,99,1,4,50,1,1,2,1,0,0,1,10,1,1,2,50,1,0
26,260247,2,2,1,25,5,16,41,12,2,1,0,26,1,6,441,6441,20,2005,2C4GP54L55R2,2,C,4,G,P,5,4,L,5,5,R,2,0,T,CHRY,TOU,ES,5,17,,1,0,1193,TWC,G,,,6,230,,,,,4256,00,,42,0,0,000000000,00000000000,0,0,0,1,0,0,0,0,0,0,0,98,0,0,0,12,12,6,2,12,0,0,0,1,26,49509,6,1,0,0,3,3,65,155,0,0,0,0,0,0,0,0,0,0,0,0,0,0,1,4,50,1,1,2,1,0,0,1,62,7,1,1,51,0,0
26,260248,1,1,1,26,5,22,21,8,0,1,1,26,1,23,481,23481,31,2001,1GTGK29U31Z2,1,G,T,G,K,2,9,U,3,1,Z,2,0,T,GMC,NK2,4C,1,17,,2,1575,1435,SIE,G,,,8,364,,,,C,5254,00,U,44,0,0,000000000,00000000000,0,0,0,1,0,0,0,0,0,0,0,98,0,0,0,9,9,2,1,8,0,0,0,1,26,48650,6,1,0,0,3,0,72,195,0,0,0,0,0,0,0,0,0,0,0,0,0,0,1,4,55,1,1,2,1,0,0,1,80,1,1,1,13,0,0
26,260249,1,2,1,25,5,7,58,12,6,1,0,26,1,12,422,12422,15,1998,1FMPU18L1WLA,1,F,M,P,U,1,8,L,1,W,L,A,0,P,FORD,EPT,UT,98,17,5177,,0,1190,,G,,F,8,330,,,16R255,,,,,,0,0,000000000,00000000000,0,0,0,1,0,0,0,0,0,0,0,98,0,0,0,7,7,6,2,12,0,0,0,1,26,48342,1,1,0,0,2,0,80,250,0,1,0,0,0,8,2009,8,2009,0,38,0,0,0,5,4,45,1,1,1,1,0,0,10,16,1,1,2,78,1,0
26,260249,2,2,1,25,5,7,58,12,6,1,0,26,3,87,881,87881,66,2006,1XPADB0X26N8,1,X,P,A,D,B,0,X,2,6,N,8,2,T,PTRB,357,TR,6,17,,8,0,0,CON,D,,,6,893,,,,,00000,00,,64,1,57,907719,57907719,3,7,4,1,0,0,0,0,0,0,0,98,0,0,0,12,12,2,3,12,0,0,0,1,26,48462,6,1,6,1,3,0,68,185,1,0,0,1,0,8,2008,8,2010,0,0,0,0,0,5,4,45,1,1,1,1,0,0,1,71,7,1,1,79,0,0
26,260250,1,1,1,27,5,21,13,32,0,1,0,26,2,24,5,24005,4,2003,1G8JU54F73Y5,1,G,8,J,U,5,4,F,7,3,Y,5,0,P,STRN,L20,4D,3,17,3033,,0,1065,,G,,F,4,134,,,15R195,,,,,,0,0,000000000,00000000000,0,0,0,1,0,0,0,0,0,0,0,98,0,0,0,1,11,6,2,42,0,0,0,1,26,49441,1,1,0,0,2,0,70,220,1,5,0,0,2,6,2008,3,2011,0,28,38,0,0,1,2,55,1,1,5,1,0,0,1,12,1,1,4,6,1,1
26,260251,1,1,1,28,5,23,9,42,0,1,0,26,1,20,8,20008,2,1969,113279W46909,1,1,3,2,7,9,W,4,6,9,0,9,0,P,CHEV,CH2,CP,69,13,2785,,0,1110,,G,,,6,,,,147.35,,,,,,0,0,000000000,00000000000,0,0,0,1,0,0,0,0,0,0,0,98,0,0,0,5,1,6,2,42,0,0,0,1,26,48891,6,1,0,0,3,0,70,181,0,0,0,1,0,3,2010,3,2010,1,28,0,0,0,1,2,55,1,1,2,1,0,0,1,6,1,4,4,2,1,1
26,260252,1,1,1,29,5,4,15,1,0,1,0,26,2,20,481,20481,31,2003,1GCEK19T43E2,1,G,C,E,K,1,9,T,4,3,E,2,0,T,CHEV,SK1,4C,3,17,,2,1575,1435,SIL,G,,,8,325,,,,B,4910,02,,44,0,0,000000000,00000000000,0,0,0,1,0,0,0,0,0,0,0,98,0,2,5,0,0,6,2,1,0,0,0,1,26,49930,6,1,0,0,3,0,71,160,0,0,0,0,0,0,0,0,0,1,0,0,0,0,1,2,50,1,2,2,1,0,0,1,6,1,4,4,2,1,1
26,260253,1,2,2,30,5,12,13,12,6,1,0,26,1,49,32,49032,4,2005,1NXBR32E85Z3,1,N,X,B,R,3,2,E,8,5,Z,3,0,P,TOYT,UCS,4D,5,17,2530,,0,1024,,G,,F,4,109,,,15R185,,,,,,0,0,000000000,00000000000,0,0,0,1,0,0,0,0,0,0,0,98,0,0,0,9,9,6,2,12,0,0,0,1,26,48152,6,1,0,0,3,3,61,98,0,0,0,0,0,0,0,0,0,0,0,0,0,0,5,4,45,1,1,2,1,0,0,10,16,1,1,2,78,0,0
26,260253,2,2,1,30,5,12,13,12,6,1,0,26,2,50,706,50706,80,1999,SMT500FM1XJ0,S,M,T,5,0,0,F,M,1,X,J,0,0,M,TRUM,SPD,RC,99,17,,,,,,,955,,3,,4,432,,,,,,,0,0,000000000,00000000000,0,0,0,1,0,0,0,0,0,0,0,98,0,0,0,12,12,6,2,12,0,0,0,1,26,48154,6,1,0,0,3,3,71,185,0,0,0,1,0,12,2009,12,2009,1,0,0,0,0,5,4,45,1,1,2,1,0,0,1,70,1,1,1,79,1,0
26,260254,1,3,3,30,5,16,40,12,1,1,0,26,1,21,23,21023,4,2000,1G3WH52H8YF2,1,G,3,W,H,5,2,H,8,Y,F,2,0,P,OLDS,IGX,4D,0,17,3455,,0,1090,,G,,F,6,211,,,16R225,,,,,,0,0,000000000,00000000000,0,0,0,1,0,0,0,0,0,0,0,98,0,0,0,12,12,6,2,12,0,0,0,1,26,48642,6,1,0,0,3,0,69,180,1,3,0,1,0,6,2008,2,2011,0,26,0,0,0,2,2,70,1,1,1,1,0,0,1,51,1,1,1,24,1,0
26,260254,2,3,2,30,5,16,40,12,1,1,0,26,2,48,401,48401,14,2009,JF2SH63659H7,J,F,2,S,H,6,3,6,5,9,H,7,0,P,SUBA,FOR,UT,9,17,3300,,0,1030,,G,,F,4,150,,,000000,,,,,,0,0,000000000,00000000000,0,0,0,1,0,0,0,0,0,0,0,98,0,0,0,6,6,6,2,12,0,0,0,1,26,48609,3,1,0,0,2,0,71,215,0,0,0,0,0,0,0,0,0,0,0,0,0,0,1,2,70,1,1,1,1,0,0,2,53,1,1,1,25,0,0
26,260254,3,3,1,30,5,16,40,12,1,1,0,26,1,20,2,20002,4,2005,2G1WF52E4591,2,G,1,W,F,5,2,E,4,5,9,1,0,P,CHEV,IMP,4D,5,17,3389,,0,1105,,G,,F,6,207,,,16R225,,,,,,0,0,000000000,00000000000,0,0,0,1,0,0,0,0,0,0,0,0,0,0,0,6,6,6,2,12,0,0,0,1,26,48708,6,1,0,0,3,3,60,155,0,0,0,1,0,11,2009,11,2009,0,0,0,0,0,1,2,70,1,1,1,1,0,0,5,53,1,1,1,98,0,0
26,260255,1,1,1,28,5,3,48,35,0,1,0,26,2,18,7,18007,4,2000,2G4WS52J8Y12,2,G,4,W,S,5,2,J,8,Y,1,2,0,P,BUIC,CCU,4D,0,17,3368,,0,1090,,G,,F,6,191,,,15R205,,,,,,0,0,000000000,00000000000,0,0,0,1,0,0,0,0,0,0,0,98,0,1,5,12,0,6,2,35,0,0,0,1,26,48917,3,1,0,0,2,3,72,250,0,2,0,0,0,8,2008,8,2009,1,0,0,0,0,6,1,98,2,1,2,1,0,0,14,12,1,1,4,6,1,0
26,260256,1,2,5,29,5,3,59,12,2,1,0,26,2,20,37,20037,4,1999,1G1NE52M5X61,1,G,1,N,E,5,2,M,5,X,6,1,0,P,CHEV,M/L,4D,99,17,3077,,0,1070,,G,,F,6,191,,,15R215,,,,,,0,0,000000000,00000000000,0,0,0,1,0,0,0,0,0,0,0,98,0,1,5,12,0,6,2,12,0,0,0,1,26,49424,6,1,0,0,3,0,61,110,0,0,0,0,1,12,2009,12,2009,0,0,0,0,0,2,2,70,1,1,2,1,0,0,1,54,1,1,1,52,2,1
26,260256,2,2,1,29,5,3,59,12,2,1,0,31,2,22,18,22018,4,2000,1G2NW12E0YM7,1,G,2,N,W,1,2,E,0,Y,M,7,0,P,PONT,GAG,CP,0,17,3091,,0,1070,,G,,F,6,207,,,16R225,,,,,,0,0,000000000,00000000000,0,0,0,1,0,0,0,0,0,0,0,98,0,1,5,12,0,6,2,12,0,0,0,1,31,68845,6,1,6,0,3,0,77,240,0,0,0,1,0,2,2010,2,2010,0,51,0,0,0,2,2,70,1,1,2,1,0,0,1,54,1,1,1,52,1,1
26,260257,1,2,1,21,5,16,53,12,6,1,0,26,1,20,20,20020,4,1998,2G1WL52M7W91,2,G,1,W,L,5,2,M,7,W,9,1,0,P,CHEV,L/S,4D,98,17,3330,,0,1075,,G,,F,6,191,,,15R205,,,,,,0,0,000000000,00000000000,0,0,0,1,0,0,0,0,0,0,0,98,0,0,0,11,11,4,1,12,0,0,0,1,26,48910,6,1,0,0,3,3,61,110,0,0,0,0,0,0,0,0,0,0,38,0,0,0,1,2,25,1,1,2,1,20,3,11,15,1,1,2,82,0,0
26,260257,2,2,1,21,5,16,53,12,6,1,0,26,1,53,706,53706,80,2007,JS1GW71A6721,J,S,1,G,W,7,1,A,6,7,2,1,0,M,SUZI,GRZ,RC,7,17,,,,,,,1299,,4,,4,478,,,,,,,0,0,000000000,00000000000,0,0,0,1,0,0,0,0,0,0,0,98,0,0,0,12,12,6,2,12,0,0,0,1,26,48911,6,1,6,0,2,0,70,210,0,0,0,0,1,4,2009,4,2009,1,0,0,0,0,5,4,35,1,1,2,1,0,0,1,67,3,1,1,83,1,0
26,260258,1,2,1,24,5,9,55,12,6,1,0,26,1,18,2,18002,4,1997,1G4HP52K0VH5,1,G,4,H,P,5,2,K,0,V,H,5,0,P,BUIC,LCF,4D,97,17,3446,,0,1108,,G,,F,6,231,,,15R205,,,,,,0,0,000000000,00000000000,0,0,0,1,0,0,0,0,0,0,0,98,0,0,0,3,3,6,2,12,0,0,0,1,26,49431,6,1,0,0,3,3,65,150,0,0,0,0,0,0,0,0,0,0,39,0,0,0,1,2,55,1,1,2,1,20,3,1,17,1,1,1,87,1,0
26,260258,2,2,1,24,5,9,55,12,6,1,0,26,3,7,402,7402,14,1999,1B4HS28Y5XF5,1,B,4,H,S,2,8,Y,5,X,F,5,0,P,DODG,DUR,UT,99,17,4397,,0,1159,,G,,F,8,318,,,15R235,,,,,,0,0,000000000,00000000000,0,0,0,1,0,0,0,0,0,0,0,98,0,0,0,12,12,6,2,12,0,0,0,1,26,49459,6,1,6,0,3,0,70,200,0,0,0,0,0,0,0,0,0,0,0,0,0,0,1,2,55,1,1,2,1,0,0,1,66,1,1,1,86,0,0
26,260259,1,1,1,31,5,0,51,14,0,1,0,26,2,19,3,19003,4,2002,1G6KE57Y22U1,1,G,6,K,E,5,7,Y,2,2,U,1,0,P,CADI,DHS,4D,2,17,4049,,0,1153,,G,,F,8,279,,,16R225,,,,,,0,0,000000000,00000000000,0,0,0,1,0,0,0,0,0,0,0,98,0,0,0,12,12,6,2,14,0,0,0,1,26,48081,6,1,0,0,3,0,70,185,1,1,1,1,3,2,2009,4,2011,0,92,0,0,0,3,3,70,1,1,2,1,98,3,1,12,1,1,4,11,1,0
26,260260,1,3,5,23,5,16,29,12,8,1,0,26,2,9,38,9038,4,1999,1P3EJ46C0XN5,1,P,3,E,J,4,6,C,0,X,N,5,0,P,PLYM,BEE,4D,99,17,2862,,0,1080,,G,,F,4,122,,,14R195,,,,,,0,0,000000000,00000000000,0,0,0,1,0,0,0,0,0,0,0,98,0,0,0,10,10,6,2,12,0,0,0,1,26,48033,6,1,0,0,3,0,68,180,0,0,0,0,0,0,0,0,0,0,28,0,0,0,1,2,40,1,1,1,1,0,0,1,10,1,1,2,64,1,0
26,260260,2,3,1,23,5,16,29,12,8,1,0,26,1,7,41,7041,4,2001,2B3HD46RX1H5,2,B,3,H,D,4,6,R,X,1,H,5,0,P,DODG,ISE,4D,1,17,3393,,0,1130,,G,,F,6,167,,,16R225,,,,,,0,0,000000000,00000000000,0,0,0,1,0,0,0,0,0,0,0,98,0,0,0,7,7,2,1,12,0,0,0,1,26,48127,6,1,0,0,3,3,71,140,0,0,0,0,1,3,2011,3,2011,0,0,0,0,0,1,2,40,1,1,1,1,0,0,1,62,1,1,1,65,0,0
26,260260,3,3,1,23,5,16,29,12,8,1,0,26,2,12,3,12003,1,1997,1FALP4446VF1,1,F,A,L,P,4,4,4,6,V,F,1,0,P,FORD,MUS,CV,97,17,3264,,0,1013,,G,,F,6,232,,,15R205,,,,,,0,0,000000000,00000000000,0,0,0,1,0,0,0,0,0,0,0,98,0,0,0,12,12,6,2,12,0,0,0,1,26,48336,6,1,0,0,3,3,67,145,0,0,0,0,0,0,0,0,0,0,0,0,0,0,1,2,40,1,1,1,1,0,0,1,54,1,1,1,98,0,0
26,260261,1,1,2,16,1,1,44,38,0,1,0,92,0,98,739,98739,90,2001,4XACK42C61B5,4,X,A,C,K,4,2,C,6,1,B,5,0,M,POLS,P42,AT,1,17,,,,,,,425,,1,,4,999,,,,,,,0,0,000000000,00000000000,0,0,0,1,0,0,0,0,0,0,0,98,0,1,5,12,12,2,3,1,0,0,0,1,26,48130,6,1,0,0,1,0,71,200,0,0,1,1,0,9,2009,11,2009,0,92,0,0,0,1,2,55,1,2,5,3,0,0,11,12,1,1,4,6,1,1
26,260262,1,1,1,22,2,19,11,8,0,1,0,26,2,20,471,20471,30,2003,1GCDT13X33K1,1,G,C,D,T,1,3,X,3,3,K,1,0,T,CHEV,S14,CW,3,17,,1,0,1229,S,G,,,6,262,,,,B,4039,00,,44,0,0,000000000,00000000000,0,0,0,1,0,0,0,0,0,0,0,98,0,0,0,12,12,6,2,8,0,0,0,1,26,48858,6,2,0,0,3,0,70,140,1,0,0,0,0,10,2010,10,2010,1,92,0,0,0,1,2,45,1,1,2,1,2,3,1,80,1,1,1,13,0,0
26,260263,1,2,1,26,5,14,10,12,6,1,0,26,2,20,32,20032,4,1988,1Y1SK5147JZ0,1,Y,1,S,K,5,1,4,7,J,Z,0,0,P,CHEV,TVX,4D,88,17,2103,,0,957,,G,,2,4,098,,,13R155,,,,,,0,0,000000000,00000000000,0,0,0,1,0,0,0,0,0,0,0,98,0,0,0,12,12,6,2,12,0,0,0,1,26,48240,6,1,0,0,3,0,71,165,0,0,0,0,0,0,0,0,0,0,99,99,99,99,5,4,40,1,1,2,2,2,3,11,15,1,1,2,76,1,0
26,260263,2,2,1,26,5,14,10,12,6,1,0,26,1,12,16,12016,4,1994,2FALP73WXRX1,2,F,A,L,P,7,3,W,X,R,X,1,0,P,FORD,CVI,4D,94,17,3786,,0,1144,,G,,F,8,281,,,15R215,,,,,,0,0,000000000,00000000000,0,0,0,1,0,0,0,0,0,0,0,98,0,0,0,11,11,6,2,12,0,0,0,1,26,48336,6,1,0,0,3,0,63,240,0,0,0,0,1,5,2008,5,2008,0,99,99,99,99,5,4,40,1,1,2,2,2,3,1,17,1,1,1,77,0,0
26,260264,1,2,1,13,5,13,31,12,6,1,0,26,2,2,404,2404,14,1994,1J4GZ78Y2RC3,1,J,4,G,Z,7,8,Y,2,R,C,3,0,T,JEEP,LMT,4W,94,17,,1,0,1059,GCK,G,,,8,318,,,,,3674,00,B,44,0,0,000000000,00000000000,0,0,0,1,0,0,0,0,0,0,0,98,0,0,0,3,3,6,2,12,0,0,0,1,26,48822,6,1,0,0,3,0,72,170,1,0,0,0,1,8,2008,11,2010,0,38,0,0,0,1,2,55,1,1,2,1,20,3,1,17,1,1,1,87,0,0
26,260264,2,2,1,13,5,13,31,12,6,1,0,26,1,53,705,53705,80,1982,JS1GP71L7C21,J,S,1,G,P,7,1,L,7,C,2,1,0,M,SUZI,G6L,RS,82,17,,,,,,,673,,4,,4,448,,,,,,,0,0,000000000,00000000000,0,0,0,1,0,0,0,0,0,0,0,98,0,0,0,12,12,6,2,12,0,0,0,1,26,49096,6,1,0,0,3,0,65,210,3,0,0,0,1,6,2009,9,2009,0,0,0,0,0,1,2,55,1,1,2,1,0,0,1,66,1,1,1,86,1,0
26,260265,1,1,2,21,4,16,2,1,0,1,0,26,3,84,981,84981,50,1995,1HVBBABP6SH6,1,H,V,B,B,A,B,P,6,S,H,6,0,T,INTL,380,BU,95,17,,7,2760,1520,30S,D,,,8,444,,,,,00000,00,,42,0,88,888888888,88888888888,3,21,22,1,0,0,0,0,1,0,0,998,0,2,2,0,0,2,3,1,0,0,0,1,26,48807,6,1,6,1,3,0,63,275,2,0,0,0,0,11,2008,7,2009,0,36,0,0,0,1,2,55,1,1,4,1,0,0,1,13,1,1,4,1,1,0
26,260266,1,2,1,24,5,12,36,12,6,1,0,26,1,12,481,12481,31,2000,1FTNX21F6YEC,1,F,T,N,X,2,1,F,6,Y,E,C,0,T,FORD,F2S,4C,0,17,,2,1580,1418,SRW,D,,,8,444,,,,C,5635,07,E,44,0,0,000000000,00000000000,0,0,0,1,0,0,0,0,0,0,0,98,0,0,0,12,12,6,2,12,0,0,0,1,26,48837,6,1,0,0,3,0,71,165,5,2,0,1,5,3,2009,7,2010,0,39,0,0,0,1,2,55,1,1,2,1,1,3,11,15,1,1,2,74,0,0
26,260266,2,2,2,24,5,12,36,12,6,1,0,26,1,18,22,18022,4,2011,1G4GC5ED9BF1,1,G,4,G,C,5,E,D,9,B,F,1,0,P,BUIC,LAL,4D,11,17,4026,,0,1117,,G,,F,6,220,,,18R235,,,,,,0,0,000000000,00000000000,0,0,0,1,0,0,0,0,0,0,0,98,0,0,0,3,3,6,2,12,0,0,0,1,26,48821,6,1,0,0,3,0,60,145,0,0,0,0,0,0,0,0,0,0,27,0,0,0,5,2,45,1,1,2,1,1,3,11,17,1,1,2,74,1,0
26,260267,1,3,1,31,5,21,22,12,7,1,1,99,9,99,399,99399,9,9999,999999999999,9,9,9,9,9,9,9,9,9,9,9,9,0,,,,,,,,,,,,,,,,,,,,,,,,,0,0,000000000,00000000000,0,0,0,1,0,0,0,0,0,0,0,98,0,0,0,1,1,9,1,12,0,0,0,1,99,99999,9,9,99,9,9,9,999,999,99,99,99,99,99,99,9999,99,9999,0,99,99,99,99,3,5,70,1,1,1,1,0,0,15,11,1,1,2,46,0,0