STATE,ST_CASE,VEH_NO,VE_FORMS,NUMOCCS,DAY,MONTH,HOUR,MINUTE,HARM_EV,MAN_COLL,UNITTYPE,HIT_RUN,REG_STAT,OWNER,MAKE,MODEL,MAK_MOD,BODY_TYP,MOD_YEAR,VIN,VIN_1,VIN_2,VIN_3,VIN_4,VIN_5,VIN_6,VIN_7,VIN_8,VIN_9,VIN_10,VIN_11,VIN_12,TOW_VEH,VINTYPE,VINMAKE,VINA_MOD,VIN_BT,VINMODYR,VIN_LNGT,VIN_WGT,WGTCD_TR,WHLBS_LG,WHLBS_SH,SER_TR,FUELCODE,MCYCL_DS,CARBUR,CYLINDER,DISPLACE,MCYCL_CY,MCYCL_WT,TIRE_SZE,TON_RAT,TRK_WT,TRKWTVAR,VIN_REST,WHLDRWHL,J_KNIFE,MCARR_I1,MCARR_I2,MCARR_ID,GVWR,V_CONFIG,CARGO_BT,HAZ_INV,HAZ_PLAC,HAZ_ID,HAZ_CNO,HAZ_REL,BUS_USE,SPEC_USE,EMER_USE,TRAV_SP,UNDERIDE,ROLLOVER,ROLINLOC,IMPACT1,IMPACT2,DEFORMED,TOWED,M_HARM,VEH_SC1,VEH_SC2,FIRE_EXP,DR_PRES,L_STATE,DR_ZIP,L_STATUS,L_TYPE,CDL_STAT,L_ENDORS,L_COMPL,L_RESTRI,DR_HGT,DR_WGT,PREV_ACC,PREV_SUS,PREV_DWI,PREV_SPD,PREV_OTH,FIRST_MO,FIRST_YR,LAST_MO,LAST_YR,SPEEDREL,DR_SF1,DR_SF2,DR_SF3,DR_SF4,VTRAFWAY,VNUM_LAN,VSPD_LIM,VALIGN,VPROFILE,VPAVETYP,VSURCOND,VTRAFCON,VTCONT_F,P_CRASH1,P_CRASH2,P_CRASH3,PCRASH4,PCRASH5,ACC_TYPE,DEATHS,DR_DRINK
26,260301,1,3,1,9,6,20,35,12,6,1,0,26,2,18,2,18002,4,1994,1G4HP52LXRH4,1,G,4,H,P,5,2,L,X,R,H,4,0,P,BUIC,LCF,4D,94,17,3449,,0,1108,,G,,F,6,231,,,15R205,,,,,,0,0,000000000,00000000000,0,0,0,1,0,0,0,0,0,0,0,98,0,1,5,12,12,6,2,12,0,0,0,1,26,48219,0,0,0,0,0,0,67,170,0,0,0,0,0,0,0,0,0,1,92,0,0,0,5,4,35,1,1,2,1,2,3,1,17,1,1,1,86,0,1
26,260301,2,3,2,9,6,20,35,12,6,1,0,26,2,47,35,47035,4,2003,YS3FD49Y8310,Y,S,3,F,D,4,9,Y,8,3,1,0,0,P,SAA,93A,4D,3,17,3420,,0,1053,,G,,T,4,121,,,16R215,,,,,,0,0,000000000,00000000000,0,0,0,1,0,0,0,0,0,0,0,98,0,1,5,3,3,6,8,12,0,0,0,1,26,48237,6,7,0,0,3,0,67,145,0,0,0,0,0,0,0,0,0,0,0,0,0,0,2,2,99,1,1,2,1,2,3,1,66,1,1,1,87,1,0
26,260301,3,3,1,9,6,20,35,12,6,1,0,26,2,49,422,49422,15,2004,5TDBT48AX4S2,5,T,D,B,T,4,8,A,X,4,S,2,0,P,TOYT,SEQ,UT,4,17,5295,,0,1181,,G,,F,8,285,,,17R265,,,,,,0,0,000000000,00000000000,0,0,0,1,0,0,0,0,0,0,0,0,0,0,0,12,12,4,1,12,0,0,0,1,26,48034,6,1,0,0,3,3,71,170,0,0,0,1,0,12,2010,12,2010,0,0,0,0,0,2,2,99,1,1,2,1,2,3,5,54,1,1,1,98,0,0
26,260302,1,1,1,21,6,21,35,8,0,1,0,26,1,22,18,22018,4,2002,1G2NE52F92C1,1,G,2,N,E,5,2,F,9,2,C,1,0,P,PONT,GAS,4D,2,17,3116,,0,1070,,G,,F,4,134,,,15R215,,,,,,0,0,000000000,00000000000,0,0,0,1,0,0,0,0,0,0,0,98,0,0,0,11,11,2,3,8,0,0,0,1,26,48430,6,1,0,0,3,0,71,190,0,2,0,0,0,12,2008,4,2009,0,0,0,0,0,3,3,70,1,1,2,2,0,0,15,80,1,1,1,13,0,0
26,260303,1,2,1,21,6,21,17,12,2,1,0,26,2,22,32,22032,6,2009,5Y2SM67079Z4,5,Y,2,S,M,6,7,0,7,9,Z,4,0,P,PONT,VA4,4H,9,17,3284,,0,1024,,G,,F,4,146,,,16R205,,,,,,0,0,000000000,00000000000,0,0,0,1,0,0,0,0,0,0,0,98,0,0,0,12,12,6,2,12,0,0,0,1,26,48429,6,1,0,0,3,0,66,140,0,0,0,1,0,4,2011,4,2011,0,35,0,0,0,1,2,55,1,1,2,1,0,0,6,10,1,1,2,50,0,0
26,260303,2,2,1,21,6,21,17,12,2,1,0,26,1,77,706,77706,80,2006,5VPCB26D9630,5,V,P,C,B,2,6,D,9,6,3,0,0,M,VCTY,CBD,RS,6,17,,,,,,,1634,,2,,4,639,,,,,,,0,0,000000000,00000000000,0,0,0,1,0,0,0,0,0,0,0,98,0,0,0,12,12,6,2,12,0,0,0,1,26,48457,6,1,6,0,3,0,73,225,0,0,0,1,0,3,2011,3,2011,0,0,0,0,0,1,2,55,1,1,2,1,0,0,1,62,1,1,1,51,1,0
26,260304,1,1,1,20,6,2,0,42,0,1,0,26,1,12,401,12401,14,1996,1FMDU35P5TUC,1,F,M,D,U,3,5,P,5,T,U,C,0,P,FORD,EPR,UT,96,17,4189,,0,1115,,G,,F,8,302,,,15R225,,,,,,0,0,000000000,00000000000,0,0,0,1,0,0,0,0,0,0,0,98,0,0,0,11,11,6,2,42,0,0,0,1,26,49685,6,1,0,0,3,3,60,100,0,0,0,0,0,0,0,0,0,0,28,0,0,0,1,2,55,1,1,2,1,0,0,1,12,1,1,4,6,1,1
26,260305,1,2,1,23,6,15,30,12,1,1,1,26,1,20,481,20481,31,1993,1GCFK24K1PE2,1,G,C,F,K,2,4,K,1,P,E,2,0,T,CHEV,GK2,PK,93,17,,2,1555,1315,GM4,G,,,8,350,,,,C,4382,02,,44,0,0,000000000,00000000000,0,0,0,1,0,0,0,0,0,0,0,98,0,0,0,12,12,4,1,12,0,0,0,1,26,49009,6,1,0,0,3,3,72,240,0,0,1,0,0,5,2010,5,2010,1,36,0,0,0,1,2,55,1,1,2,1,0,0,1,51,1,1,1,24,0,1
26,260305,2,2,2,23,6,15,30,12,1,1,0,26,2,20,20,20020,4,1997,2G1WL52M1V92,2,G,1,W,L,5,2,M,1,V,9,2,0,P,CHEV,L/S,4D,97,17,3360,,0,1075,,G,,F,6,191,,,15R205,,,,,,0,0,000000000,00000000000,0,0,0,1,0,0,0,0,0,0,0,98,0,0,0,6,6,6,2,12,0,0,0,1,26,49024,6,1,0,0,3,3,71,150,0,0,0,1,0,4,2009,4,2009,0,0,0,0,0,1,2,55,1,1,2,1,0,0,1,53,1,1,1,25,2,0
26,260306,1,1,3,25,6,19,0,1,0,1,0,0,0,98,739,98739,90,2011,A4PUTXH1C0A1,A,4,P,U,T,X,H,1,C,0,A,1,0,U,,,,11,17,,,,,,,,,,,,,,,,,,,0,0,000000000,00000000000,0,0,0,1,0,0,0,0,0,0,0,98,0,2,5,0,0,2,1,1,0,0,0,1,26,48867,0,0,0,0,0,0,999,999,0,0,0,0,0,0,0,0,0,1,0,0,0,0,1,2,55,1,1,4,1,0,0,1,12,1,1,4,6,1,0
26,260307,1,3,2,26,6,18,26,12,6,1,0,26,2,22,441,22441,20,2001,1GMDU03E11D1,1,G,M,D,U,0,3,E,1,1,D,1,1,P,PONT,MON,SV,1,17,3803,,0,1120,,G,,F,6,207,,,15R215,,,,,,1,0,000000000,00000000000,0,0,0,1,0,0,0,0,0,0,0,98,0,0,0,3,3,6,2,12,0,0,0,1,26,49306,6,1,6,0,3,0,73,225,0,0,0,0,0,0,0,0,0,0,28,0,0,0,1,2,55,1,1,2,1,0,0,1,10,1,1,2,64,2,1
26,260307,2,3,2,26,6,18,26,12,6,1,0,26,1,23,472,23472,30,2005,1GTDS1960581,1,G,T,D,S,1,9,6,0,5,8,1,0,T,GMC,CAN,CW,5,17,,1,0,1259,CAN,G,,,5,214,,,,B,3386,00,U,42,0,0,000000000,00000000000,0,0,0,1,0,0,0,0,0,0,0,98,0,0,0,12,12,6,2,12,0,0,0,1,26,48642,6,1,0,0,3,0,63,170,0,0,0,0,0,0,0,0,0,0,0,0,0,0,1,2,55,1,1,2,1,0,0,1,62,9,1,1,65,0,0
26,260307,3,3,1,26,6,18,26,12,6,1,0,26,1,72,706,72706,80,2001,1HD1BWB171Y0,1,H,D,1,B,W,B,1,7,1,Y,0,0,M,HD,FSI,RS,1,17,,,,,,,1450,,2,,4,696,,,,,,,0,0,000000000,00000000000,0,0,0,1,0,0,0,0,0,0,0,98,0,0,0,0,0,6,2,1,0,0,0,1,26,49301,6,1,0,0,3,0,72,200,0,0,0,0,0,0,0,0,0,0,0,0,0,0,1,2,55,1,1,2,1,0,0,1,54,4,1,1,98,0,0
26,260308,1,2,1,24,6,5,5,12,2,1,0,26,1,24,2,24002,2,1999,1G8ZY1273XZ3,1,G,8,Z,Y,1,2,7,3,X,Z,3,0,P,STRN,SC2,3P,99,17,0,,0,1024,,G,,F,4,116,,,15R195,,,,,,0,0,000000000,00000000000,0,0,0,1,0,0,0,0,0,0,0,98,0,0,0,12,12,6,2,12,0,0,0,1,26,48239,1,1,0,0,2,0,64,120,0,4,0,1,0,7,2010,1,2011,0,28,0,0,0,5,4,40,1,1,2,2,0,0,1,10,1,1,2,50,1,0
26,260308,2,2,1,24,6,5,5,12,2,1,0,26,1,12,401,12401,14,2004,1FMZU74WX4UA,1,F,M,Z,U,7,4,W,X,4,U,A,0,P,FORD,EPR,UT,4,17,4094,,0,1137,,G,,F,8,281,,,17R245,,,,,,0,0,000000000,00000000000,0,0,0,1,0,0,0,0,0,0,0,98,0,0,0,12,12,6,2,12,0,0,0,1,26,48167,6,1,0,0,3,3,72,190,1,0,0,0,0,5,2009,5,2009,0,0,0,0,0,5,4,40,1,1,2,2,0,0,1,62,1,1,1,51,0,0
26,260309,1,1,1,27,6,2,15,8,0,1,1,99,9,20,4,20004,2,9999,999999999999,9,9,9,9,9,9,9,9,9,9,9,9,0,,,,,,,,,,,,,,,,,,,,,,,,,0,0,000000000,00000000000,0,0,0,1,0,0,0,0,0,0,0,98,0,0,0,12,12,0,1,8,0,0,0,1,99,99999,9,9,99,9,9,9,999,999,99,99,99,99,99,99,9999,99,9999,0,0,0,0,0,2,4,40,1,1,2,1,0,0,1,80,1,1,3,13,0,0
26,260310,1,1,1,27,6,5,40,42,0,1,0,26,1,35,47,35047,4,2001,1N4DL01D61C2,1,N,4,D,L,0,1,D,6,1,C,2,0,P,NISS,AXE,4D,1,17,2754,,0,1031,,G,,F,4,146,,,15R195,,,,,,0,0,000000000,00000000000,0,0,0,1,0,0,0,0,0,0,0,98,0,0,0,12,12,6,2,42,0,0,0,1,26,49249,6,1,0,0,3,0,75,170,2,0,0,0,1,2,2010,2,2011,1,0,0,0,0,1,2,55,3,1,2,1,0,0,14,13,1,1,4,1,1,1
26,260311,1,1,3,24,6,23,30,38,0,1,0,26,2,7,482,7482,31,2003,1D7HA16N13J6,1,D,7,H,A,1,6,N,1,3,J,6,0,T,DODG,S15,PK,3,17,,2,1405,1205,RPC,G,,,8,287,,,,B,4378,03,E,42,0,0,000000000,00000000000,0,0,0,1,0,0,0,0,0,0,0,98,0,2,6,1,0,6,2,1,0,0,0,1,26,49817,6,1,0,0,3,3,63,150,0,0,0,1,0,2,2011,2,2011,1,36,58,0,0,1,2,55,1,1,2,1,0,0,1,13,6,1,4,1,1,1
26,260312,1,2,1,27,6,11,50,12,6,1,0,26,1,20,2,20002,4,2001,2G1WF55K8191,2,G,1,W,F,5,5,K,8,1,9,1,0,P,CHEV,IMP,4D,1,17,3389,,0,1105,,G,,F,6,231,,,16R225,,,,,,0,0,000000000,00000000000,0,0,0,1,0,0,0,0,0,0,0,98,0,0,0,12,12,6,2,12,0,0,0,1,26,48759,6,1,0,0,3,0,68,310,0,0,0,0,0,0,0,0,0,0,0,0,0,0,1,2,55,1,1,2,1,0,0,1,66,1,1,1,88,1,0
26,260312,2,2,1,27,6,11,50,12,6,1,0,26,1,12,850,12850,73,1998,1FDWE30S5WHB,1,F,D,W,E,3,0,S,5,W,H,B,0,T,FORD,35C,MH,98,17,,3,1760,1380,CTV,G,,,10,415,,,,D,00000,00,M,42,0,0,000000000,00000000000,0,0,0,1,0,0,0,0,0,0,0,98,0,0,0,11,11,6,2,12,0,0,0,1,26,48734,6,1,0,0,3,3,63,180,0,0,0,0,0,0,0,0,0,0,38,0,0,0,1,2,55,1,1,2,1,20,3,1,17,1,1,1,89,1,0
26,260313,1,2,1,28,6,11,9,12,6,1,0,26,3,84,881,84881,63,1986,2HSFBGSR1GCA,2,H,S,F,B,G,S,R,1,G,C,A,0,T,INTL,F30,TR,86,17,,8,2400,1600,937,D,,,6,855,,,,,13805,04,,64,0,57,1486393,571486393,3,2,97,1,0,0,0,0,0,0,0,98,0,0,0,12,12,6,2,12,0,0,0,1,26,49684,6,1,6,0,3,0,73,210,3,0,0,1,0,11,2008,6,2011,0,0,0,0,0,1,2,55,1,1,2,1,0,0,1,66,3,1,1,83,0,0
26,260313,2,2,2,28,6,11,9,12,6,1,0,26,1,24,1,24001,4,2001,1G8ZH52871Z3,1,G,8,Z,H,5,2,8,7,1,Z,3,0,P,STRN,SL1,4D,1,17,2360,,0,1024,,G,,F,4,116,,,14R185,,,,,,0,0,000000000,00000000000,0,0,0,1,0,0,0,0,0,0,0,98,0,0,0,9,9,6,2,12,0,0,0,1,26,48239,6,1,0,0,3,3,63,138,0,0,0,0,0,0,0,0,0,0,39,0,0,0,1,2,55,1,1,2,1,20,3,11,15,1,1,2,82,2,0
26,260314,1,2,3,6,6,16,10,12,6,1,0,26,1,12,461,12461,21,2009,1FBSS31L89DA,1,F,B,S,S,3,1,L,8,9,D,A,0,T,FORD,WSD,ES,9,17,,2,0,1380,ECO,G,,,8,330,,,,B,6397,00,E,42,0,0,000000000,00000000000,0,0,0,1,0,0,0,0,0,0,0,98,0,0,0,12,12,6,2,12,0,0,0,1,26,49866,6,1,0,0,3,3,66,210,0,0,0,0,0,0,0,0,0,0,39,0,0,0,5,4,35,1,1,2,1,2,3,1,17,1,1,1,69,1,0
26,260314,2,2,1,6,6,16,10,12,6,1,0,26,1,53,40,53040,5,2008,JS2YB4173851,J,S,2,Y,B,4,1,7,3,8,5,1,0,P,SUZI,SXL,4H,8,17,2855,,0,984,,G,,F,4,122,,,16R205,,,,,,0,0,000000000,00000000000,0,0,0,1,0,0,0,0,0,0,0,98,0,0,0,1,1,6,2,12,0,0,0,1,26,48070,6,1,0,0,3,3,68,190,0,0,0,0,0,0,0,0,0,0,0,0,0,0,5,4,35,1,1,2,1,2,3,11,15,1,1,2,68,0,0
26,260315,1,1,1,28,6,21,2,11,0,1,0,26,1,72,706,72706,80,2011,1HD1KBM13BB6,1,H,D,1,K,B,M,1,3,B,B,6,0,M,HD,FHX,RS,11,17,,,,,,,1690,,2,,4,785,,,,,,,0,0,000000000,00000000000,0,0,0,1,0,0,0,0,0,0,0,98,0,0,0,12,12,6,2,11,0,0,0,1,26,49837,6,1,0,0,3,0,76,320,0,0,0,0,0,0,0,0,0,0,0,0,0,0,1,2,55,1,1,2,1,0,0,1,87,1,1,1,13,1,0
26,260316,1,2,1,22,6,13,31,12,1,1,0,26,1,20,471,20471,30,1998,1GCCS1440W81,1,G,C,C,S,1,4,4,0,W,8,1,0,T,CHEV,S14,PK,98,17,,1,1179,1083,S,G,,,4,133,,,,B,3003,00,,42,0,0,000000000,00000000000,0,0,0,1,0,0,0,0,0,0,0,98,0,0,0,6,6,6,2,12,0,0,0,1,26,49649,6,1,0,0,3,3,70,150,0,0,0,0,0,0,0,0,0,0,0,0,0,0,1,2,55,1,1,2,2,0,0,10,53,1,1,1,25,1,0
26,260316,2,2,1,22,6,13,31,12,1,1,0,26,3,87,881,87881,63,2007,2NPRLZ9X97M6,2,N,P,R,L,Z,9,X,9,7,M,6,0,T,PTRB,340,CC,7,17,,8,0,0,CON,D,,,6,505,,,,,00000,00,,64,0,57,633800,57633800,3,2,2,2,2,8888,88,1,0,0,0,98,0,0,0,12,12,2,1,12,0,0,0,1,26,49615,6,1,6,1,3,3,72,141,0,0,0,0,0,0,0,0,0,0,26,0,0,0,1,2,55,1,1,2,2,0,0,1,51,1,1,1,24,0,0
26,260317,1,3,2,3,6,20,45,12,7,1,0,26,1,20,2,20002,4,1992,1G1BL53E8NW1,1,G,1,B,L,5,3,E,8,N,W,1,0,P,CHEV,CAP,4D,92,17,3907,,0,1159,,G,,F,8,305,,,15R215,,,,,,0,0,000000000,00000000000,0,0,0,1,0,0,0,0,0,0,0,98,0,0,0,11,8,6,2,12,0,0,0,1,26,49201,6,1,0,0,3,3,74,140,1,0,0,0,1,8,2010,8,2010,0,38,0,0,0,2,4,35,1,1,2,1,0,0,1,15,1,1,2,45,1,0
26,260317,2,3,3,3,6,20,45,12,7,1,0,26,1,23,421,23421,15,2011,1GKS2EEF2BR2,1,G,K,S,2,E,E,F,2,B,R,2,0,T,GMC,NAL,4W,11,17,,2,0,1160,YUK,F,,,8,378,,,,B,5894,00,S,44,0,0,000000000,00000000000,0,0,0,1,0,0,0,0,0,0,0,98,0,0,0,1,1,6,2,12,0,0,0,1,26,48823,6,1,0,0,3,0,70,194,0,0,0,2,0,12,2009,5,2011,0,0,0,0,0,2,4,35,1,1,2,1,0,0,1,60,1,1,1,44,0,0
26,260317,3,3,1,3,6,20,45,12,7,1,0,26,4,7,25,7025,5,2011,1B3CB5HA0BD2,1,B,3,C,B,5,H,A,0,B,D,2,0,P,DODG,CHT,4D,11,17,3012,,0,1037,,G,,F,4,122,,,18R215,,,,,,0,0,000000000,00000000000,0,0,0,1,0,0,0,0,0,0,0,98,0,0,0,9,9,6,2,12,0,0,0,1,26,48823,6,1,0,0,3,3,65,150,0,0,0,3,0,2,2010,4,2011,0,0,0,0,0,2,4,35,1,1,2,1,0,0,1,61,1,1,1,98,0,0
26,260318,1,1,1,28,6,11,13,33,0,1,0,26,1,76,706,76706,80,2010,1HD4LE216AC4,1,H,D,4,L,E,2,1,6,A,C,4,0,M,HD,X8N,RS,10,17,,,,,,,883,,2,,4,565,,,,,,,0,0,000000000,00000000000,0,0,0,1,0,0,0,0,0,0,0,98,0,0,0,12,12,2,3,33,0,0,0,1,26,48323,6,1,0,0,3,0,68,150,0,0,0,0,0,0,0,0,0,0,99,99,99,99,1,2,40,1,1,2,1,2,3,4,13,1,1,4,1,1,0
26,260319,1,1,1,15,6,0,35,11,0,1,0,26,1,72,706,72706,80,2003,1HD1FMW193Y7,1,H,D,1,F,M,W,1,9,3,Y,7,0,M,HD,TPI,RS,3,17,,,,,,,1450,,2,,4,999,,,,,,,0,0,000000000,00000000000,0,0,0,1,0,0,0,0,0,0,0,98,0,0,0,12,12,6,2,11,0,0,0,1,26,49080,1,1,6,0,2,0,72,300,1,2,1,0,0,4,2011,5,2011,0,0,0,0,0,1,2,45,1,1,2,1,0,0,1,87,1,1,1,13,1,0
26,260320,1,1,2,27,6,15,2,34,0,1,0,17,1,23,472,23472,30,2005,1GKDT13S0521,1,G,K,D,T,1,3,S,0,5,2,1,0,T,GMC,ENV,4W,5,17,,1,0,1130,ENV,G,,,6,256,,,,B,4594,00,E,44,0,0,000000000,00000000000,0,0,0,1,0,0,0,0,0,0,0,98,0,1,3,12,0,6,2,1,0,0,0,1,17,60475,6,1,0,0,3,3,67,185,0,0,0,0,0,0,0,0,0,0,99,99,99,99,2,2,70,1,1,1,1,0,0,1,12,1,1,4,6,1,0
26,260321,1,1,1,29,6,18,45,1,0,1,0,26,1,72,706,72706,80,2004,1HD1GPW134K3,1,H,D,1,G,P,W,1,3,4,K,3,0,M,HD,WGI,RS,4,17,,,,,,,1450,,2,,4,639,,,,,,,0,0,000000000,00000000000,0,0,0,1,0,0,0,0,0,0,0,98,0,0,0,0,0,6,2,1,0,0,0,1,26,48843,6,1,0,0,3,0,67,225,0,0,0,0,0,0,0,0,0,1,0,0,0,0,1,2,45,1,1,2,1,0,0,1,13,1,1,4,1,1,0
26,260322,1,2,3,19,6,8,23,12,6,1,0,26,1,18,2,18002,4,2003,1G4HR54KX3U2,1,G,4,H,R,5,4,K,X,3,U,2,0,P,BUIC,LLF,4D,3,17,3567,,0,1122,,G,,F,6,231,,,15R215,,,,,,0,0,000000000,00000000000,0,0,0,1,0,0,0,0,0,0,0,98,0,0,0,9,9,6,2,12,0,0,0,1,26,48640,6,1,0,0,3,3,62,116,0,0,0,0,0,0,0,0,0,0,39,0,0,0,4,3,30,1,1,2,1,2,3,1,17,1,1,1,89,1,0
26,260322,2,2,1,19,6,8,23,12,6,1,0,26,1,12,481,12481,31,2000,2FTRX18L3YCA,2,F,T,R,X,1,8,L,3,Y,C,A,0,T,FORD,F15,4C,0,17,,2,1574,1388,COF,G,,,8,330,,,,B,4611,04,U,44,0,0,000000000,00000000000,0,0,0,1,0,0,0,0,0,0,0,98,0,0,0,12,12,6,2,12,0,0,0,1,26,48706,6,1,6,0,3,3,75,275,1,0,0,0,0,9,2010,9,2010,0,0,0,0,0,4,3,30,1,1,2,1,2,3,1,66,1,1,1,88,0,0
26,260323,1,1,2,28,6,19,45,9,0,1,0,26,1,12,481,12481,31,1999,1FTNW21L0XED,1,F,T,N,W,2,1,L,0,X,E,D,0,T,FORD,F2S,CW,99,17,,2,1724,1562,SRW,G,,,8,330,,,,C,5935,01,E,44,0,0,000000000,00000000000,0,0,0,1,0,0,0,0,0,0,0,98,0,0,0,12,12,2,3,9,0,0,0,1,26,49323,6,1,0,0,3,0,65,140,0,0,0,0,0,0,0,0,0,0,36,0,0,0,1,2,45,1,1,2,1,0,0,1,80,1,1,1,13,0,1
26,260324,1,1,1,5,5,22,56,8,0,1,0,26,2,6,442,6442,20,2001,1C4GJ25331B2,1,C,4,G,J,2,5,3,3,1,B,2,0,P,CHRY,VOV,SV,1,17,3815,,0,1133,,F,,F,6,201,,,15R215,,,,,,0,0,000000000,00000000000,0,0,0,1,0,0,0,0,0,0,0,98,0,0,0,12,12,4,8,8,0,0,0,1,26,49727,6,1,0,0,3,3,69,290,1,0,0,0,0,5,2009,5,2009,0,36,0,0,0,1,2,35,1,8,8,1,0,0,1,80,1,1,1,13,0,0
26,260325,1,2,1,28,6,18,32,12,6,1,0,26,1,12,471,12471,30,1990,1FTCR14T4LPA,1,F,T,C,R,1,4,T,4,L,P,A,0,T,FORD,RNS,PC,90,17,,1,0,1250,RNG,G,,,6,177,,,,B,2985,01,A,42,0,0,000000000,00000000000,0,0,0,1,0,0,0,0,0,0,0,98,0,0,0,1,1,6,2,12,0,0,0,1,26,49444,6,1,0,0,3,3,70,170,0,0,0,0,0,0,0,0,0,0,38,0,0,0,1,2,45,1,9,9,1,0,0,11,15,1,1,1,68,0,0
26,260325,2,2,1,28,6,18,32,12,6,1,0,26,2,72,706,72706,80,1982,1HD1EAK18CY1,1,H,D,1,E,A,K,1,8,C,Y,1,0,M,HD,FXR,RS,82,17,,,,,,,1340,,2,,4,581,,,,,,,0,0,000000000,00000000000,0,0,0,1,0,0,0,0,0,0,0,98,0,0,0,12,12,6,2,12,0,0,0,1,26,49415,6,1,0,0,2,3,70,200,0,0,0,0,0,0,0,0,0,0,0,0,0,0,1,2,45,1,9,9,1,0,0,1,62,1,1,2,69,1,0
26,260326,1,2,3,3,4,12,30,12,6,1,0,26,2,37,31,37031,2,1996,1HGEJ8141TL0,1,H,G,E,J,8,1,4,1,T,L,0,0,P,HOND,UAX,CP,96,17,2397,,0,1032,,G,,F,4,097,,,14R185,,,,,,0,0,000000000,00000000000,0,0,0,1,0,0,0,0,0,0,0,98,0,0,0,12,12,4,8,12,0,0,0,1,26,48854,6,1,0,0,3,0,69,260,3,1,0,2,0,4,2009,2,2011,0,26,0,0,0,5,4,35,1,1,2,2,3,3,1,17,4,1,1,86,0,0
26,260326,2,2,2,3,4,12,30,12,6,1,0,26,1,20,32,20032,4,1995,1Y1SK5264SZ0,1,Y,1,S,K,5,2,6,4,S,Z,0,0,P,GEO,GEP,4D,95,17,2348,,0,971,,G,,F,4,097,,,14R175,,,,,,0,0,000000000,00000000000,0,0,0,1,0,0,0,0,0,0,0,98,0,0,0,2,2,4,8,12,0,0,0,1,26,48910,6,1,0,0,3,0,66,215,1,0,0,0,0,7,2009,7,2009,0,0,0,0,0,1,2,25,1,1,2,2,3,3,1,66,1,1,1,87,1,0
26,260327,1,2,2,2,7,16,32,12,2,1,0,26,2,20,401,20401,14,1998,1GNDT13W5W22,1,G,N,D,T,1,3,W,5,W,2,2,0,P,CHEV,BZR,UT,98,17,4046,,0,1070,,G,,F,6,262,,,15R235,,,,,,0,0,000000000,00000000000,0,0,0,1,0,0,0,0,0,0,0,998,0,0,0,12,12,6,2,12,0,0,0,1,99,99999,9,9,99,9,9,9,999,999,99,99,99,99,99,99,9999,99,9999,0,28,0,0,0,1,2,55,1,1,2,1,0,0,1,10,1,1,2,50,1,1
26,260327,2,2,4,2,7,16,32,12,2,1,0,26,1,9,442,9442,20,1996,2P4GP4530TR6,2,P,4,G,P,4,5,3,0,T,R,6,0,P,PLYM,VOF,SV,96,17,3578,,0,1133,,G,,F,6,181,,,15R215,,,,,,0,0,000000000,00000000000,0,0,0,1,0,0,0,0,0,0,0,98,0,0,0,12,12,6,2,12,0,0,0,1,26,48884,6,1,0,0,3,0,74,156,0,0,0,0,0,0,0,0,0,0,0,0,0,0,1,2,55,1,1,2,1,0,0,1,62,1,1,1,51,0,0
26,260328,1,1,4,12,6,7,50,52,0,1,0,26,2,20,37,20037,4,2005,1G1ZT54885F1,1,G,1,Z,T,5,4,8,8,5,F,1,0,P,CHEV,M/L,4D,5,17,3297,,0,1063,,G,,F,6,214,,,15R205,,,,,,0,0,000000000,00000000000,0,0,0,1,0,0,0,0,0,0,0,98,0,1,5,9,99,6,2,52,0,0,0,1,26,48821,6,1,0,0,3,0,70,185,0,0,0,0,0,0,0,0,0,0,36,0,0,0,2,2,70,9,9,1,1,0,0,1,88,6,1,4,1,1,0
26,260329,1,1,1,3,7,2,53,42,0,1,0,26,1,53,705,53705,80,2007,JS1GN7DA5721,J,S,1,G,N,7,D,A,5,7,2,1,0,M,SUZI,G60,RC,7,17,,,,,,,599,,4,,4,354,,,,,,,0,0,000000000,00000000000,0,0,0,1,0,0,0,0,0,0,0,98,0,0,0,12,12,6,2,42,0,0,0,1,26,49307,6,1,0,0,3,0,69,165,0,0,0,0,0,0,0,0,0,0,99,99,99,99,1,2,25,2,1,2,1,0,0,14,12,1,1,4,6,1,1
26,260330,1,1,3,1,7,18,56,42,0,1,0,26,2,12,17,12017,4,2005,1FAFP53U95A2,1,F,A,F,P,5,3,U,9,5,A,2,0,P,FORD,TSE,4D,5,17,3306,,0,1085,,G,,F,6,182,,,16R215,,,,,,0,0,000000000,00000000000,0,0,0,1,0,0,0,0,0,0,0,98,0,0,0,12,12,6,2,42,0,0,0,1,26,49441,6,1,0,0,3,0,72,145,0,0,0,2,1,9,2008,5,2009,1,0,0,0,0,1,2,55,1,1,2,1,0,0,1,12,1,1,4,6,1,1
26,260331,1,1,3,3,7,0,46,42,0,1,0,26,2,2,405,2405,14,2002,1J4GL48K52W1,1,J,4,G,L,4,8,K,5,2,W,1,0,T,JEEP,SPR,4W,2,17,,1,0,1043,LIB,G,,,6,226,,,,,3682,02,E,44,0,0,000000000,00000000000,0,0,0,1,0,0,0,0,0,0,0,98,0,1,5,12,99,6,2,1,0,0,0,1,26,49111,0,0,0,0,0,0,63,111,0,0,0,0,0,0,0,0,0,1,28,0,0,0,1,2,55,1,1,4,1,0,0,1,6,1,2,4,7,1,1