STATE,ST_CASE,VEH_NO,VE_FORMS,NUMOCCS,DAY,MONTH,HOUR,MINUTE,HARM_EV,MAN_COLL,UNITTYPE,HIT_RUN,REG_STAT,OWNER,MAKE,MODEL,MAK_MOD,BODY_TYP,MOD_YEAR,VIN,VIN_1,VIN_2,VIN_3,VIN_4,VIN_5,VIN_6,VIN_7,VIN_8,VIN_9,VIN_10,VIN_11,VIN_12,TOW_VEH,VINTYPE,VINMAKE,VINA_MOD,VIN_BT,VINMODYR,VIN_LNGT,VIN_WGT,WGTCD_TR,WHLBS_LG,WHLBS_SH,SER_TR,FUELCODE,MCYCL_DS,CARBUR,CYLINDER,DISPLACE,MCYCL_CY,MCYCL_WT,TIRE_SZE,TON_RAT,TRK_WT,TRKWTVAR,VIN_REST,WHLDRWHL,J_KNIFE,MCARR_I1,MCARR_I2,MCARR_ID,GVWR,V_CONFIG,CARGO_BT,HAZ_INV,HAZ_PLAC,HAZ_ID,HAZ_CNO,HAZ_REL,BUS_USE,SPEC_USE,EMER_USE,TRAV_SP,UNDERIDE,ROLLOVER,ROLINLOC,IMPACT1,IMPACT2,DEFORMED,TOWED,M_HARM,VEH_SC1,VEH_SC2,FIRE_EXP,DR_PRES,L_STATE,DR_ZIP,L_STATUS,L_TYPE,CDL_STAT,L_ENDORS,L_COMPL,L_RESTRI,DR_HGT,DR_WGT,PREV_ACC,PREV_SUS,PREV_DWI,PREV_SPD,PREV_OTH,FIRST_MO,FIRST_YR,LAST_MO,LAST_YR,SPEEDREL,DR_SF1,DR_SF2,DR_SF3,DR_SF4,VTRAFWAY,VNUM_LAN,VSPD_LIM,VALIGN,VPROFILE,VPAVETYP,VSURCOND,VTRAFCON,VTCONT_F,P_CRASH1,P_CRASH2,P_CRASH3,PCRASH4,PCRASH5,ACC_TYPE,DEATHS,DR_DRINK
26,260332,1,2,1,14,7,19,51,12,6,1,0,26,1,9,442,9442,20,2000,2P4FW25B4YR6,2,P,4,F,W,2,5,B,4,Y,R,6,0,P,PLYM,VOF,SV,0,17,3432,,0,1133,,G,,F,4,148,,,14R205,,,,,,0,0,000000000,00000000000,0,0,0,1,0,0,0,0,0,0,0,98,0,0,0,12,12,6,2,12,0,0,0,1,26,49125,6,1,0,0,3,3,68,140,0,0,0,0,0,0,0,0,0,0,39,0,0,0,1,2,55,1,1,1,1,20,3,1,17,1,1,1,86,0,0
26,260332,2,2,2,14,7,19,51,12,6,1,0,26,1,18,2,18002,4,1998,1G4HP52K8WH4,1,G,4,H,P,5,2,K,8,W,H,4,0,P,BUIC,LCF,4D,98,17,3348,,0,1108,,G,,F,6,231,,,15R205,,,,,,0,0,000000000,00000000000,0,0,0,1,0,0,0,0,0,0,0,98,0,0,0,1,1,6,2,12,0,0,0,1,26,49107,6,1,6,0,3,3,72,227,0,0,0,0,0,0,0,0,0,0,0,0,0,0,1,2,98,1,9,9,1,0,0,1,66,1,1,1,87,1,0
26,260333,1,1,1,5,7,9,50,35,0,1,0,26,1,73,706,73706,80,2011,JKAVN2C15BA0,J,K,A,V,N,2,C,1,5,B,A,0,0,M,KAWK,V9C,RS,11,17,,,,,,,903,,2,,4,611,,,,,,,0,0,000000000,00000000000,0,0,0,1,0,0,0,0,0,0,0,98,0,0,0,1,3,2,3,35,0,0,0,1,26,48625,6,1,0,0,3,0,70,165,0,0,0,0,0,0,0,0,0,0,0,0,0,0,1,2,55,1,1,2,1,0,0,1,13,1,1,4,1,1,0
26,260334,1,1,1,4,7,14,20,8,0,1,0,26,1,23,471,23471,30,2002,1GKDT13S5222,1,G,K,D,T,1,3,S,5,2,2,2,0,T,GMC,ENV,4W,2,17,,1,0,1130,ENV,G,,,6,256,,,,B,4628,00,K,44,0,0,000000000,00000000000,0,0,0,1,0,0,0,0,0,0,0,98,0,0,0,12,12,2,3,8,0,0,0,1,26,48001,6,1,0,0,3,3,75,230,0,0,0,0,0,0,0,0,0,0,0,0,0,0,1,2,35,1,1,2,1,0,0,1,80,1,1,1,13,0,0
26,260335,1,1,1,5,7,11,10,42,0,1,0,26,1,20,20,20020,4,1998,2G1WL52M0W11,2,G,1,W,L,5,2,M,0,W,1,1,0,P,CHEV,L/S,4D,98,17,3330,,0,1075,,G,,F,6,191,,,15R205,,,,,,0,0,000000000,00000000000,0,0,0,1,0,0,0,0,0,0,0,98,0,0,0,12,12,6,8,42,0,0,0,1,26,48819,6,1,0,0,3,3,67,182,0,0,0,0,0,0,0,0,0,1,0,0,0,0,1,2,50,3,2,2,1,0,0,14,13,1,1,4,1,1,0
26,260336,1,2,1,5,7,13,3,12,6,1,0,26,1,23,481,23481,31,2000,1GTEK19T0YZ2,1,G,T,E,K,1,9,T,0,Y,Z,2,0,T,GMC,NK1,3C,0,17,,2,1575,1435,SIE,G,,,8,325,,,,B,4621,02,U,44,0,0,000000000,00000000000,0,0,0,1,0,0,0,0,0,0,0,98,0,0,0,1,99,6,2,12,0,0,0,1,26,49701,6,1,0,0,3,0,64,145,0,0,0,0,0,0,0,0,0,0,48,0,0,0,1,2,55,1,1,2,1,20,3,12,98,1,1,2,98,1,0
26,260336,2,2,1,5,7,13,3,12,6,1,0,26,3,82,881,82881,66,2006,1FUJA6AV36LU,1,F,U,J,A,6,A,V,3,6,L,U,1,T,FRHT,COL,TR,6,17,,8,0,0,CON,D,,,6,893,,,,,00000,00,,64,1,57,1592505,571592505,3,6,1,1,0,0,0,0,0,0,0,98,0,0,0,12,12,6,2,12,0,0,0,1,26,49854,6,1,6,0,3,0,68,185,0,0,0,0,0,0,0,0,0,0,0,0,0,0,1,2,55,1,1,2,1,0,0,1,98,1,1,1,98,0,0
26,260337,1,1,6,3,7,9,5,1,0,1,0,26,2,20,403,20403,14,2003,1GNDT13S1322,1,G,N,D,T,1,3,S,1,3,2,2,0,P,CHEV,TRL,UT,3,17,4600,,0,1130,,G,,F,6,256,,,16R245,,,,,,0,0,000000000,00000000000,0,0,0,1,0,0,0,0,0,0,0,98,0,2,5,0,0,6,2,1,0,0,0,1,26,48362,6,1,0,0,3,0,63,164,0,0,0,0,0,0,0,0,0,0,36,0,0,0,2,2,70,1,8,8,1,0,0,1,13,1,1,4,1,1,0
26,260338,1,2,1,5,7,13,35,12,6,1,0,26,1,21,20,21020,4,1997,1G3HY52K0V48,1,G,3,H,Y,5,2,K,0,V,4,8,0,P,OLDS,LSS,4D,97,17,3502,,0,1108,,G,,F,6,231,,,16R225,,,,,,0,0,000000000,00000000000,0,0,0,1,0,0,0,0,0,0,0,98,0,0,0,9,9,6,2,12,0,0,0,1,26,49004,6,1,0,0,3,3,74,180,0,0,0,0,0,0,0,0,0,0,39,0,0,0,1,2,55,1,1,2,1,20,3,1,17,1,1,1,89,1,0
26,260338,2,2,1,5,7,13,35,12,6,1,0,26,2,18,20,18020,4,2003,2G4WB52K5311,2,G,4,W,B,5,2,K,5,3,1,1,0,P,BUIC,RLS,4D,3,17,3543,,0,1090,,G,,F,6,231,,,15R215,,,,,,0,0,000000000,00000000000,0,0,0,1,0,0,0,0,0,0,0,98,0,0,0,12,12,6,2,12,0,0,0,1,26,49034,6,1,0,0,3,3,67,137,0,0,0,0,0,0,0,0,0,0,0,0,0,0,1,2,98,1,8,8,1,0,0,1,66,1,1,1,88,0,0
26,260339,1,1,2,6,7,18,30,53,0,1,0,26,2,18,22,18022,4,2007,2G4WC5825711,2,G,4,W,C,5,8,2,5,7,1,1,0,P,BUIC,LCX,4D,7,17,3495,,0,1105,,G,,F,6,232,,,16R225,,,,,,0,0,000000000,00000000000,0,0,0,1,0,0,0,0,0,0,0,98,0,0,0,12,12,6,2,42,0,0,0,1,26,49247,6,2,0,0,3,0,72,235,0,0,0,0,0,0,0,0,0,0,36,0,0,0,1,2,55,1,1,4,1,0,0,1,13,1,1,4,1,1,0
26,260340,1,1,1,4,7,19,43,9,0,1,0,26,1,21,20,21020,2,1994,1G3WH15M2RD4,1,G,3,W,H,1,5,M,2,R,D,4,0,P,OLDS,SUS,CP,94,17,3137,,0,1075,,G,,F,6,191,,,15R205,,,,,,0,0,000000000,00000000000,0,0,0,1,0,0,0,0,0,0,0,98,0,0,0,1,1,2,1,9,0,0,0,1,26,48906,6,1,0,0,3,0,69,160,1,0,0,2,0,8,2010,12,2010,0,0,0,0,0,1,2,40,1,1,2,1,0,0,1,83,1,1,1,13,0,0
26,260341,1,2,1,20,7,6,51,12,2,1,0,26,2,12,481,12481,31,2003,1FTRW08L13KC,1,F,T,R,W,0,8,L,1,3,K,C,0,T,FORD,F1S,CW,3,17,,2,0,1388,COF,G,,,8,330,,,,B,5005,00,U,44,0,0,000000000,00000000000,0,0,0,1,0,0,0,0,0,0,0,98,0,0,0,12,12,6,2,12,0,0,0,1,26,48893,6,1,0,0,3,0,73,205,0,0,0,0,0,0,0,0,0,0,0,0,0,0,1,2,55,1,1,2,1,0,0,1,10,1,1,2,51,0,0
26,260341,2,2,1,20,7,6,51,12,2,1,0,26,1,20,16,20016,4,1994,1G1JC5446R72,1,G,1,J,C,5,4,4,6,R,7,2,0,P,CHEV,CRV,4D,94,17,2509,,0,1013,,G,,F,4,133,,,14R185,,,,,,0,0,000000000,00000000000,0,0,0,1,0,0,0,0,0,0,0,98,0,0,0,12,12,6,2,12,0,0,0,1,26,49305,6,1,0,0,3,3,68,150,0,0,0,0,0,0,0,0,0,0,0,0,0,0,1,2,55,1,1,2,1,0,0,1,62,7,1,1,50,1,1
26,260342,1,1,1,8,7,2,41,42,0,1,0,1,1,19,14,19014,4,2000,1G6KY549XYU1,1,G,6,K,Y,5,4,9,X,Y,U,1,0,P,CADI,STS,4D,0,17,4001,,0,1122,,G,,F,8,279,,,16R235,,,,,,0,0,000000000,00000000000,0,0,0,1,0,0,0,0,0,0,0,98,0,0,0,12,99,6,2,42,0,0,0,1,6,92021,6,1,0,0,3,0,70,200,0,0,0,0,0,0,0,0,0,1,0,0,0,0,1,2,55,1,1,2,1,0,0,1,13,1,1,4,1,1,1
26,260343,1,3,2,8,7,18,52,12,1,1,0,26,2,12,870,12870,61,1997,1FDKE37S8VHA,1,F,D,K,E,3,7,S,8,V,H,A,0,T,FORD,35C,YY,97,17,,3,1580,1380,CTV,G,,,10,415,,,,D,4783,05,M,42,0,88,888888888,88888888888,2,1,1,1,0,0,0,0,0,0,0,98,0,0,0,6,6,6,2,12,0,0,0,1,26,48215,6,1,0,0,3,0,72,195,0,2,0,4,3,9,2008,1,2011,0,38,0,0,0,3,4,55,1,1,2,1,0,0,4,53,1,1,1,25,0,0
26,260343,2,3,2,8,7,18,52,12,1,1,0,26,1,23,481,23481,31,2002,2GTEK19V5214,2,G,T,E,K,1,9,V,5,2,1,4,0,T,GMC,NK1,4C,2,17,,2,1575,1435,SIE,G,,,8,293,,,,B,4910,02,U,44,0,0,000000000,00000000000,0,0,0,1,0,0,0,0,0,0,0,98,0,0,0,12,12,6,2,12,0,0,0,1,26,48878,6,1,0,0,3,0,68,200,0,0,0,1,1,7,2008,2,2009,0,0,0,0,0,3,4,55,1,1,2,1,0,0,1,51,1,1,1,24,1,0
26,260343,3,3,1,8,7,18,52,12,1,1,0,26,1,7,20,7020,4,2004,1B3ES56C04D6,1,B,3,E,S,5,6,C,0,4,D,6,0,P,DODG,NXT,4D,4,17,2634,,0,1040,,G,,F,4,122,,,15R185,,,,,,0,0,000000000,00000000000,0,0,0,1,0,0,0,0,0,0,0,98,0,0,0,12,12,6,2,12,0,0,0,1,26,48377,6,1,0,0,3,3,66,176,1,0,1,0,1,9,2008,12,2010,0,0,0,0,0,3,4,55,1,1,2,1,0,0,1,51,1,1,1,98,0,0
26,260344,1,2,1,9,7,9,40,12,6,1,0,26,1,18,7,18007,4,2001,2G4WS52J0112,2,G,4,W,S,5,2,J,0,1,1,2,0,P,BUIC,CCU,4D,1,17,3368,,0,1090,,G,,F,6,191,,,15R205,,,,,,0,0,000000000,00000000000,0,0,0,1,0,0,0,0,0,0,0,98,0,0,0,11,11,6,2,12,0,0,0,1,26,49006,6,1,0,0,3,0,70,220,0,0,0,0,0,0,0,0,0,0,38,0,0,0,5,4,45,1,1,2,1,4,3,1,17,1,1,1,89,1,0
26,260344,2,2,1,9,7,9,40,12,6,1,0,26,1,21,2,21002,4,1989,1G3HN54C5KW3,1,G,3,H,N,5,4,C,5,K,W,3,0,P,OLDS,DRF,4D,89,17,3105,,0,1108,,G,,F,6,231,,,14R205,,,,,,0,0,000000000,00000000000,0,0,0,1,0,0,0,0,0,0,0,98,0,0,0,12,12,6,2,12,0,0,0,1,26,49006,6,1,0,0,3,0,71,275,0,1,0,1,0,8,2008,11,2008,0,0,0,0,0,8,8,98,8,8,8,98,4,3,1,66,1,1,1,88,0,0
26,260345,1,1,1,9,7,2,0,1,0,1,0,26,1,14,38,14038,2,1999,1ZWFT61L6X57,1,Z,W,F,T,6,1,L,6,X,5,7,0,P,MERC,CU6,2H,99,17,2941,,0,1064,,G,,F,6,155,,,16R215,,,,,,0,0,000000000,00000000000,0,0,0,1,0,0,0,0,0,0,0,98,0,2,5,0,0,6,2,1,0,0,0,1,26,48507,6,1,0,0,3,3,75,170,0,0,0,0,0,0,0,0,0,1,0,0,0,0,1,2,55,3,1,1,1,0,0,14,13,1,1,4,1,1,1
26,260346,1,1,1,6,7,23,45,32,0,1,0,26,1,12,481,12481,31,2005,1FTWW31P95EA,1,F,T,W,W,3,1,P,9,5,E,A,0,T,FORD,F3S,CW,5,17,,3,1724,1562,SRW,D,,,8,366,,,,D,6347,00,E,44,0,0,000000000,00000000000,0,0,0,1,0,0,0,0,0,0,0,98,0,1,5,12,99,6,2,42,0,0,0,1,26,49345,6,1,0,0,3,0,72,250,0,0,0,0,0,0,0,0,0,0,36,0,0,0,1,2,55,3,2,2,1,0,0,14,13,1,1,4,1,1,0
26,260347,1,2,3,9,7,18,15,12,7,1,0,26,2,49,40,49040,4,1994,4T1GK13E1RU0,4,T,1,G,K,1,3,E,1,R,U,0,0,P,TOYT,XLE,4D,94,17,3131,,0,1031,,G,,F,6,183,,,15R205,,,,,,0,0,000000000,00000000000,0,0,0,1,0,0,0,0,0,0,0,98,0,0,0,1,99,6,2,12,0,0,0,1,26,48224,6,1,0,0,3,0,64,121,0,2,0,0,1,3,2011,3,2011,0,36,0,0,0,3,3,55,1,1,1,1,0,0,15,11,1,1,2,44,0,0
26,260347,2,2,1,9,7,18,15,12,7,1,0,95,9,82,881,82881,66,2005,1FUJBBCK05LU,1,F,U,J,B,B,C,K,0,5,L,U,1,T,FRHT,ST2,TR,5,17,,8,0,0,CON,D,,,6,858,,,,,00000,00,,64,1,57,1474865,571474865,3,6,1,1,0,0,0,0,0,0,0,98,0,0,0,11,11,6,2,12,0,0,1,1,95,99999,9,9,99,9,9,9,999,999,99,99,99,99,99,99,9999,99,9999,0,0,0,0,0,3,3,55,1,1,1,1,0,0,1,61,7,1,1,45,1,0
26,260348,1,2,1,10,6,11,22,12,6,1,0,26,1,23,471,23471,30,2002,1GKDT13S7221,1,G,K,D,T,1,3,S,7,2,2,1,0,T,GMC,ENV,4W,2,17,,1,0,1130,ENV,G,,,6,256,,,,B,4628,00,K,44,0,0,000000000,00000000000,0,0,0,1,0,0,0,0,0,0,0,98,0,0,0,11,11,6,2,12,0,0,0,1,26,49073,6,1,0,0,3,0,70,340,0,0,0,0,0,0,0,0,0,0,38,0,0,0,1,2,25,1,1,2,1,20,3,4,19,1,1,1,89,1,0
26,260348,2,2,2,10,6,11,22,12,6,1,0,26,2,20,481,20481,31,1998,2GCEK19R0W12,2,G,C,E,K,1,9,R,0,W,1,2,1,T,CHEV,GK1,PC,98,17,,2,1555,1415,GM4,G,,,8,350,,,,B,00000,00,,44,1,0,000000000,00000000000,0,0,0,1,0,0,0,0,0,0,0,98,0,0,0,12,12,6,2,12,0,0,0,1,26,49008,6,1,0,0,3,3,72,165,0,0,1,2,0,10,2008,6,2010,0,0,0,0,0,1,4,40,1,1,2,1,0,0,1,66,3,1,1,88,0,0
26,260349,1,1,1,12,7,6,15,18,0,1,0,26,1,37,705,37705,80,1996,JH2PC2136TM3,J,H,2,P,C,2,1,3,6,T,M,3,0,M,HOND,VCD,RS,96,17,,,,,,,583,,2,,4,445,,,,,,,0,0,000000000,00000000000,0,0,0,1,0,0,0,0,0,0,0,98,0,0,0,12,12,6,2,18,0,0,0,1,26,49079,6,1,0,0,3,0,70,210,1,0,0,0,0,5,2009,5,2009,1,0,0,0,0,1,2,55,1,1,2,1,0,0,1,90,1,1,1,12,1,0
26,260350,1,2,1,11,7,15,15,12,6,1,0,26,1,20,2,20002,4,2009,2G1WB57KX912,2,G,1,W,B,5,7,K,X,9,1,2,0,P,CHEV,IPL,4D,9,17,3555,,0,1105,,F,,F,6,214,,,16R225,,,,,,0,0,000000000,00000000000,0,0,0,1,0,0,0,0,0,0,0,98,0,0,0,3,3,6,2,12,0,0,0,1,26,48473,6,1,0,0,3,0,62,150,0,0,0,0,0,0,0,0,0,0,38,0,0,0,1,4,45,1,1,2,1,1,3,11,15,1,1,2,68,0,0
26,260350,2,2,1,11,7,15,15,12,6,1,0,26,1,37,705,37705,80,1998,JH2PC2139WM5,J,H,2,P,C,2,1,3,9,W,M,5,0,M,HOND,VCD,RS,98,17,,,,,,,583,,2,,4,445,,,,,,,0,0,000000000,00000000000,0,0,0,1,0,0,0,0,0,0,0,98,0,0,0,12,12,6,2,12,0,0,0,1,26,48429,6,1,0,0,2,3,65,165,0,0,0,0,0,0,0,0,0,0,0,0,0,0,1,4,99,1,1,2,1,1,3,1,62,1,1,1,69,1,0
26,260351,1,1,1,8,7,4,30,42,0,1,0,26,1,24,1,24001,4,2001,1G8ZH52881Z3,1,G,8,Z,H,5,2,8,8,1,Z,3,0,P,STRN,SL1,4D,1,17,2360,,0,1024,,G,,F,4,116,,,14R185,,,,,,0,0,000000000,00000000000,0,0,0,1,0,0,0,0,0,0,0,98,0,0,0,12,12,6,2,42,0,0,0,1,26,49643,6,1,0,0,3,0,63,125,0,0,0,1,0,8,2010,8,2010,0,28,0,0,0,1,2,55,1,1,4,1,0,0,1,12,1,1,4,6,1,1
26,260352,1,2,1,6,7,5,20,12,6,1,0,26,1,37,705,37705,80,1986,JH2RC2105GM2,J,H,2,R,C,2,1,0,5,G,M,2,0,M,HOND,F70,RS,86,17,,,,,,,700,,4,,4,503,,,,,,,0,0,000000000,00000000000,0,0,0,1,0,0,0,0,0,0,0,98,0,0,0,12,12,8,2,12,0,0,0,1,26,49849,6,1,0,0,3,0,64,187,0,0,0,0,0,0,0,0,0,0,0,0,0,0,5,4,45,1,1,2,1,0,0,1,71,1,1,1,88,1,0
26,260352,2,2,1,6,7,5,20,12,6,1,0,26,1,35,401,35401,14,1993,JN8HD17Y9PW1,J,N,8,H,D,1,7,Y,9,P,W,1,0,P,NISS,PFI,UT,93,17,3912,,0,1043,,G,,F,6,181,,,000000,,,,,,0,0,000000000,00000000000,0,0,0,1,0,0,0,0,0,0,0,98,0,0,0,11,11,4,3,12,0,0,0,1,26,49849,6,1,0,0,3,0,68,162,0,0,0,1,0,6,2011,6,2011,0,38,0,0,0,5,4,45,1,1,2,1,0,0,4,19,1,1,1,89,0,0
26,260353,1,1,2,13,7,20,49,1,0,1,0,26,2,22,32,22032,6,2004,5Y2SL62894Z4,5,Y,2,S,L,6,2,8,9,4,Z,4,0,P,PONT,VIB,4H,4,17,2700,,0,1024,,G,,F,4,110,,,16R205,,,,,,0,0,000000000,00000000000,0,0,0,1,0,0,0,0,0,0,0,98,0,2,3,0,0,6,2,1,0,0,0,1,26,48035,6,1,0,0,3,3,61,132,0,0,0,0,1,1,2010,1,2010,1,36,58,0,0,2,3,70,1,1,1,1,0,0,1,12,7,1,4,6,1,0
26,260354,1,1,1,16,7,1,37,34,0,1,0,26,2,20,471,20471,30,1997,1GCDT14X6VK1,1,G,C,D,T,1,4,X,6,V,K,1,0,T,CHEV,S14,PK,97,17,,1,1179,1083,S,G,,,6,262,,,,B,00000,00,,44,0,0,000000000,00000000000,0,0,0,1,0,0,0,0,0,0,0,98,0,1,5,12,0,6,2,1,0,0,0,1,26,48001,1,1,0,0,2,3,64,160,0,3,1,0,0,5,2010,2,2011,0,36,0,0,0,1,2,50,1,1,2,1,0,0,1,13,6,1,4,1,1,1
26,260355,1,2,1,17,7,0,20,12,2,1,0,26,2,12,481,12481,31,1994,1FTEX14N1RKB,1,F,T,E,X,1,4,N,1,R,K,B,0,T,FORD,F15,PC,94,17,,2,1550,1390,COF,G,,,8,302,,,,B,00000,00,M,44,0,0,000000000,00000000000,0,0,0,1,0,0,0,0,0,0,0,98,0,0,0,12,12,6,2,12,0,0,0,1,26,49229,1,1,0,0,2,0,72,220,0,1,0,1,0,5,2010,7,2010,0,51,0,0,0,2,3,70,1,1,2,1,0,0,1,54,1,1,1,52,0,1
26,260355,2,2,2,17,7,0,20,12,2,1,0,26,2,55,35,55035,4,2009,KMHDU46D99U6,K,M,H,D,U,4,6,D,9,9,U,6,0,P,HYUN,HEL,4D,9,17,2723,,0,1043,,G,,F,4,121,,,15R195,,,,,,0,0,000000000,00000000000,0,0,0,1,0,0,0,0,0,0,0,98,0,0,0,12,12,6,2,12,0,0,0,1,26,48219,6,2,0,0,3,0,69,130,0,0,0,0,0,0,0,0,0,0,0,0,0,0,2,3,70,1,1,2,1,0,0,1,54,1,1,1,52,1,0
26,260356,1,2,1,16,7,18,14,12,6,1,0,26,2,24,9,24009,4,2008,1G8ZV57718F1,1,G,8,Z,V,5,7,7,1,8,F,1,0,P,STRN,AXR,4D,8,17,3647,,0,1123,,G,,F,6,220,,,18R225,,,,,,0,0,000000000,00000000000,0,0,0,1,0,0,0,0,0,0,0,98,0,1,5,12,99,6,2,12,0,0,0,1,26,48453,6,1,0,0,3,3,75,155,0,0,0,0,0,0,0,0,0,0,39,0,0,0,1,2,55,1,1,2,1,20,3,1,17,1,1,1,88,1,1
26,260356,2,2,1,16,7,18,14,12,6,1,0,26,2,12,481,12481,31,2004,1GTEK14TX4Z1,1,G,T,E,K,1,4,T,X,4,Z,1,0,T,GMC,NK1,PK,4,17,,2,1330,1190,SIE,G,,,8,325,,,,B,4439,00,4,44,0,0,000000000,00000000000,0,0,0,1,0,0,0,0,0,0,0,98,0,0,0,9,9,6,2,12,0,0,0,1,26,48426,6,1,0,0,3,0,65,175,0,0,0,0,0,0,0,0,0,0,0,0,0,0,1,2,99,1,1,2,1,0,0,1,66,1,1,1,89,0,0
26,260357,1,1,1,25,4,22,19,9,0,1,0,26,3,98,981,98981,52,2001,4RKENTGAX1R8,4,R,K,E,N,T,G,A,X,1,R,8,0,U,,,,1,17,,,,,,,,,,,,,,,,,,,0,88,888888888,88888888888,3,21,22,1,0,0,0,0,6,0,0,98,0,0,0,2,2,0,3,9,0,0,0,1,26,48202,6,1,6,1,3,3,65,165,0,0,0,0,0,0,0,0,0,0,0,0,0,0,1,2,40,1,1,1,2,1,3,1,84,6,1,2,13,0,0
26,260358,1,2,1,18,7,17,39,12,6,1,0,26,2,24,2,24002,2,1997,1G8ZH1273VZ3,1,G,8,Z,H,1,2,7,3,V,Z,3,0,P,STRN,SC2,CP,97,17,2358,,0,1024,,G,,F,4,116,,,15R195,,,,,,0,0,000000000,00000000000,0,0,0,1,0,0,0,0,0,0,0,998,0,1,5,9,9,6,2,12,0,0,0,1,26,49508,6,1,0,0,3,3,63,146,0,0,0,0,0,0,0,0,0,0,39,0,0,0,1,2,55,1,1,2,1,20,3,1,17,1,1,1,89,1,0
26,260358,2,2,1,18,7,17,39,12,6,1,0,26,2,12,461,12461,21,1998,1FTRE1428WHB,1,F,T,R,E,1,4,2,8,W,H,B,0,T,FORD,15V,CG,98,17,,2,0,1380,VAN,G,,,6,256,,,,B,4650,00,E,42,0,0,000000000,00000000000,0,0,0,1,0,0,0,0,0,0,0,998,0,0,0,12,12,6,2,12,0,0,0,1,26,49404,6,1,0,0,3,0,74,230,0,0,0,0,0,0,0,0,0,0,0,0,0,0,1,2,98,1,1,2,1,0,0,1,66,1,1,1,88,0,0
26,260359,1,2,1,8,7,17,39,12,6,1,0,26,1,7,43,7043,4,2004,1B3EL46XX4N1,1,B,3,E,L,4,6,X,X,4,N,1,0,P,DODG,SRX,4D,4,17,3094,,0,1080,,G,,F,4,146,,,16R205,,,,,,0,0,000000000,00000000000,0,0,0,1,0,0,0,0,0,0,0,98,0,0,0,12,12,2,3,12,0,0,0,1,26,48195,6,1,0,0,3,3,63,130,0,0,0,0,0,0,0,0,0,0,99,99,99,99,1,2,25,1,1,1,1,21,3,1,17,1,1,1,88,0,0
26,260359,2,2,4,8,7,17,39,12,6,1,0,26,1,20,403,20403,14,2004,1GNDT13X84K1,1,G,N,D,T,1,3,X,8,4,K,1,0,P,CHEV,BZR,UT,4,17,4134,,0,1070,,G,,F,6,262,,,16R235,,,,,,0,0,000000000,00000000000,0,0,0,1,0,0,0,0,0,0,0,98,0,1,9,7,0,6,2,12,0,0,0,1,26,48122,6,1,0,0,3,3,63,250,0,0,0,1,0,11,2008,11,2008,0,99,99,99,99,1,2,25,1,1,1,1,0,0,1,66,1,1,1,89,1,0
26,260360,1,1,1,15,7,22,59,8,0,1,0,26,2,20,2,20002,4,2000,2G1WH55K6Y91,2,G,1,W,H,5,5,K,6,Y,9,1,0,P,CHEV,IPL,4D,0,17,3466,,0,1110,,G,,F,6,231,,,16R225,,,,,,0,0,000000000,00000000000,0,0,0,1,0,0,0,0,0,0,0,98,0,0,0,11,11,4,3,8,0,0,0,1,26,48415,6,1,0,0,3,3,72,150,0,0,0,0,0,0,0,0,0,0,0,0,0,0,5,4,45,1,1,2,1,0,0,1,80,1,1,1,13,0,0
26,260361,1,2,1,16,7,23,46,12,1,1,0,26,1,55,35,55035,4,2001,KMHDN45D01U1,K,M,H,D,N,4,5,D,0,1,U,1,0,P,HYUN,EST,4D,1,17,2635,,0,1027,,G,,F,4,121,,,15R205,,,,,,0,0,000000000,00000000000,0,0,0,1,0,0,0,0,0,0,0,98,0,1,1,12,12,6,2,12,0,0,0,1,26,49221,6,1,0,0,3,0,72,180,3,1,0,4,0,10,2008,6,2011,0,36,0,0,0,3,3,70,1,1,1,1,0,0,1,51,1,1,1,24,0,0
26,260361,2,2,2,16,7,23,46,12,1,1,0,26,1,12,471,12471,30,2007,1FTYR10D67PA,1,F,T,Y,R,1,0,D,6,7,P,A,0,T,FORD,RNG,PK,7,17,,1,1180,1120,RNG,G,,,4,140,,,,B,3012,00,U,42,0,0,000000000,00000000000,0,0,0,1,0,0,0,0,0,0,0,98,0,1,1,6,0,6,2,1,0,0,0,1,26,48183,6,1,0,0,3,0,69,220,0,0,0,0,0,0,0,0,0,0,0,0,0,0,3,3,70,1,1,1,1,0,0,1,53,1,1,1,25,1,0
26,260362,1,1,2,18,7,19,19,8,0,1,0,26,1,12,481,12481,31,1999,2FTRF17W9XCB,2,F,T,R,F,1,7,W,9,X,C,B,0,T,FORD,F15,PK,99,17,,2,1385,1199,COF,G,,,8,281,,,,B,3923,00,U,42,0,0,000000000,00000000000,0,0,0,1,0,0,0,0,0,0,0,98,0,0,0,12,12,0,3,8,0,0,0,1,26,49508,6,1,0,0,3,3,70,285,0,0,0,0,0,0,0,0,0,0,0,0,0,0,1,2,25,1,1,2,1,0,0,1,80,1,1,1,13,0,0
26,260363,1,1,1,19,7,14,38,14,0,1,0,26,1,12,402,12402,14,2009,1FMCU94769KB,1,F,M,C,U,9,4,7,6,9,K,B,0,P,FORD,SPE,UT,9,17,3504,,0,1031,,G,,F,4,153,,,16R235,,,,,,0,0,000000000,00000000000,0,0,0,1,0,0,0,0,0,0,0,98,0,0,0,12,12,6,2,14,0,0,0,1,26,48334,6,1,0,0,3,3,72,230,1,0,0,1,0,7,2009,2,2010,0,99,99,99,99,3,4,70,1,1,2,1,0,0,1,13,1,1,4,1,1,0