STATE,ST_CASE,VEH_NO,VE_FORMS,NUMOCCS,DAY,MONTH,HOUR,MINUTE,HARM_EV,MAN_COLL,UNITTYPE,HIT_RUN,REG_STAT,OWNER,MAKE,MODEL,MAK_MOD,BODY_TYP,MOD_YEAR,VIN,VIN_1,VIN_2,VIN_3,VIN_4,VIN_5,VIN_6,VIN_7,VIN_8,VIN_9,VIN_10,VIN_11,VIN_12,TOW_VEH,VINTYPE,VINMAKE,VINA_MOD,VIN_BT,VINMODYR,VIN_LNGT,VIN_WGT,WGTCD_TR,WHLBS_LG,WHLBS_SH,SER_TR,FUELCODE,MCYCL_DS,CARBUR,CYLINDER,DISPLACE,MCYCL_CY,MCYCL_WT,TIRE_SZE,TON_RAT,TRK_WT,TRKWTVAR,VIN_REST,WHLDRWHL,J_KNIFE,MCARR_I1,MCARR_I2,MCARR_ID,GVWR,V_CONFIG,CARGO_BT,HAZ_INV,HAZ_PLAC,HAZ_ID,HAZ_CNO,HAZ_REL,BUS_USE,SPEC_USE,EMER_USE,TRAV_SP,UNDERIDE,ROLLOVER,ROLINLOC,IMPACT1,IMPACT2,DEFORMED,TOWED,M_HARM,VEH_SC1,VEH_SC2,FIRE_EXP,DR_PRES,L_STATE,DR_ZIP,L_STATUS,L_TYPE,CDL_STAT,L_ENDORS,L_COMPL,L_RESTRI,DR_HGT,DR_WGT,PREV_ACC,PREV_SUS,PREV_DWI,PREV_SPD,PREV_OTH,FIRST_MO,FIRST_YR,LAST_MO,LAST_YR,SPEEDREL,DR_SF1,DR_SF2,DR_SF3,DR_SF4,VTRAFWAY,VNUM_LAN,VSPD_LIM,VALIGN,VPROFILE,VPAVETYP,VSURCOND,VTRAFCON,VTCONT_F,P_CRASH1,P_CRASH2,P_CRASH3,PCRASH4,PCRASH5,ACC_TYPE,DEATHS,DR_DRINK
26,260364,1,1,1,9,7,18,24,9,0,1,0,26,2,35,39,35039,4,1994,JN1EJ01FXRT5,J,N,1,E,J,0,1,F,X,R,T,5,0,P,NISS,MSE,4D,94,17,3050,,0,1043,,G,,F,6,181,,,15R205,,,,,,0,0,000000000,00000000000,0,0,0,1,0,0,0,0,0,0,0,98,0,0,0,12,12,4,1,9,0,0,0,1,26,49519,6,1,0,0,3,3,65,155,0,0,0,0,0,0,0,0,0,0,0,0,0,0,1,4,55,1,2,2,1,2,3,1,83,1,1,1,13,0,0
26,260365,1,1,1,21,7,20,5,42,0,1,0,26,1,37,705,37705,80,1984,JH2RC2106EM0,J,H,2,R,C,2,1,0,6,E,M,0,0,M,HOND,F70,RS,84,17,,,,,,,700,,4,,4,999,,,,,,,0,0,000000000,00000000000,0,0,0,1,0,0,0,0,0,0,0,98,0,0,0,12,12,6,2,42,0,0,0,1,26,49327,6,1,0,0,3,0,71,220,0,0,0,1,0,7,2010,7,2010,0,28,0,0,0,1,2,55,1,1,2,99,0,0,1,12,1,1,4,6,1,0
26,260366,1,1,2,21,7,20,17,8,0,1,0,26,2,2,404,2404,14,2000,1J4GW48S0YC2,1,J,4,G,W,4,8,S,0,Y,C,2,0,T,JEEP,LRO,4W,0,17,,1,0,1059,GCK,G,,,6,244,,,,,3847,01,E,44,0,0,000000000,00000000000,0,0,0,1,0,0,0,0,0,0,0,98,0,0,0,12,12,2,3,8,0,0,0,1,26,48188,6,1,0,0,3,0,60,190,0,0,0,1,0,7,2010,7,2010,0,38,0,0,0,1,4,45,1,1,2,1,1,3,4,80,1,1,1,13,0,0
26,260367,1,1,2,21,7,4,42,8,0,1,0,26,2,22,20,22020,4,2002,1G2WK52J32F1,1,G,2,W,K,5,2,J,3,2,F,1,0,P,PONT,GFS,4D,2,17,3384,,0,1105,,G,,F,6,191,,,15R205,,,,,,0,0,000000000,00000000000,0,0,0,1,0,0,0,0,0,0,0,98,0,0,0,11,11,4,3,8,0,0,0,1,26,48503,6,1,0,0,3,0,71,150,0,8,0,0,1,5,2009,10,2010,0,0,0,0,0,3,2,60,1,1,2,1,0,0,1,80,6,1,2,13,0,0
26,260368,1,1,1,22,7,15,20,1,0,1,0,26,1,76,706,76706,80,2006,JYAVP11E86A0,J,Y,A,V,P,1,1,E,8,6,A,0,0,M,YAMA,XVA,RS,6,17,,,,,,,1063,,2,,4,571,,,,,,,0,0,000000000,00000000000,0,0,0,1,0,0,0,0,0,0,0,98,0,0,0,0,99,6,2,24,0,0,0,1,26,49203,6,1,0,0,3,0,69,185,0,0,0,1,0,10,2009,10,2009,0,36,0,0,0,3,2,70,2,2,1,2,0,0,14,12,1,1,4,6,1,1
26,260369,1,2,2,24,7,16,13,12,6,1,0,26,1,21,23,21023,4,2002,1G3WH52H22F1,1,G,3,W,H,5,2,H,2,2,F,1,0,P,OLDS,IGX,4D,2,17,3434,,0,1090,,G,,F,6,211,,,16R225,,,,,,0,0,000000000,00000000000,0,0,0,1,0,0,0,0,0,0,0,98,0,0,0,11,11,6,2,12,0,0,0,1,26,48609,6,1,0,0,3,3,69,170,0,0,0,0,0,0,0,0,0,0,38,0,0,0,1,2,99,1,1,2,1,20,3,4,17,1,1,1,89,1,0
26,260369,2,2,1,24,7,16,13,12,6,1,0,26,1,23,471,23471,30,1992,1GKDT13W3N25,1,G,K,D,T,1,3,W,3,N,2,5,0,T,GMC,SJI,4W,92,17,,1,0,1070,S15,G,,,6,262,,,,B,3725,01,A,44,0,0,000000000,00000000000,0,0,0,1,0,0,0,0,0,0,0,98,0,0,0,12,12,6,2,12,0,0,0,1,26,48609,6,1,0,0,3,0,61,190,1,0,0,0,0,1,2009,1,2009,0,0,0,0,0,2,2,55,1,1,1,1,0,0,1,66,1,1,1,88,1,0
26,260370,1,1,1,9,7,13,1,43,0,1,0,26,1,72,706,72706,80,1988,1HD1BJL41JY0,1,H,D,1,B,J,L,4,1,J,Y,0,0,M,HD,STC,RS,88,17,,,,,,,1340,,2,,4,650,,,,,,,0,0,000000000,00000000000,0,0,0,1,0,0,0,0,0,0,0,98,0,0,0,12,99,4,8,33,0,0,0,1,26,48220,6,1,6,0,3,0,72,210,0,0,0,0,0,0,0,0,0,0,99,99,99,99,1,2,55,1,2,2,1,0,0,1,13,1,1,4,1,1,0
26,260371,1,1,1,9,7,11,40,42,0,1,0,26,2,2,404,2404,14,1997,1J4GZ58S2VC7,1,J,4,G,Z,5,8,S,2,V,C,7,0,T,JEEP,LRT,4W,97,17,,1,0,1059,GCK,G,,,6,242,,,,,3700,02,E,44,0,0,000000000,00000000000,0,0,0,1,0,0,0,0,0,0,0,98,0,1,5,9,9,6,2,42,0,0,0,1,26,48655,6,1,0,0,3,0,65,135,1,0,0,0,0,1,2010,1,2010,1,0,0,0,0,1,2,55,1,1,2,1,0,0,1,13,6,1,4,1,1,0
26,260372,1,1,1,15,7,0,25,59,0,1,0,26,1,37,706,37706,80,2000,1HFSC4101YA1,1,H,F,S,C,4,1,0,1,Y,A,1,0,M,HOND,GLF,RS,0,17,,,,,,,1520,,6,,4,774,,,,,,,0,0,000000000,00000000000,0,0,0,1,0,0,0,0,0,0,0,998,0,0,0,3,99,6,2,30,0,0,0,1,26,48082,6,1,0,0,3,0,75,300,0,0,0,0,0,0,0,0,0,0,99,99,99,99,1,2,45,3,1,2,1,0,0,14,13,1,1,4,1,1,1
26,260373,1,2,1,14,1,7,54,12,6,1,0,26,1,14,17,14017,4,2002,1MEFM55S22G6,1,M,E,F,M,5,5,S,2,2,G,6,0,P,MERC,SLP,4D,2,17,3387,,0,1085,,G,,F,6,182,,,16R215,,,,,,0,0,000000000,00000000000,0,0,0,1,0,0,0,0,0,0,0,98,0,0,0,3,3,6,2,12,0,0,0,1,26,49345,6,1,0,0,3,3,70,135,0,0,0,2,1,4,2008,2,2010,0,92,0,0,0,1,2,55,1,1,2,3,0,0,1,10,1,4,2,64,1,0
26,260373,2,2,1,14,1,7,54,12,6,1,0,26,1,20,2,20002,4,2004,2G1WF52E1493,2,G,1,W,F,5,2,E,1,4,9,3,0,P,CHEV,IMP,4D,4,17,3389,,0,1105,,G,,F,6,207,,,16R225,,,,,,0,0,000000000,00000000000,0,0,0,1,0,0,0,0,0,0,0,98,0,0,0,12,12,6,2,12,0,0,0,1,26,49345,6,1,0,0,3,3,69,155,0,0,1,0,0,4,2008,4,2008,0,0,0,0,0,1,2,55,1,1,2,3,0,0,1,62,1,1,1,65,0,0
26,260374,1,1,1,21,7,23,10,9,0,1,1,26,1,23,421,23421,15,2000,1GKEK13T0YJ1,1,G,K,E,K,1,3,T,0,Y,J,1,0,T,GMC,YUK,4W,0,17,,2,0,1160,YUK,G,,,8,325,,,,B,5050,00,E,44,0,0,000000000,00000000000,0,0,0,1,0,0,0,0,0,0,0,98,0,0,0,1,1,4,1,9,0,0,0,1,26,48874,6,1,0,0,3,0,67,165,1,2,0,1,1,3,2009,11,2010,0,0,0,0,0,1,2,55,1,1,2,1,0,0,1,83,1,1,1,13,0,1
26,260375,1,2,1,26,7,6,22,12,1,1,0,26,3,82,881,82881,66,2005,1FUJA6CK25LN,1,F,U,J,A,6,C,K,2,5,L,N,1,T,FRHT,COL,TR,5,17,,8,0,0,CON,D,,,6,858,,,,,00000,00,,64,1,57,000369138,57000369138,3,6,1,1,0,0,0,0,0,0,0,0,0,0,0,6,6,2,3,12,0,0,0,1,26,49015,6,1,6,0,3,3,67,170,0,0,0,0,2,10,2008,7,2010,0,54,0,0,0,3,4,60,2,1,1,1,0,0,5,53,1,1,1,21,0,0
26,260375,2,2,1,26,7,6,22,12,1,1,0,93,3,84,881,84881,66,2010,3HSCTAPR0AN2,3,H,S,C,T,A,P,R,0,A,N,2,1,T,INTL,PRO,TR,10,17,,8,0,0,PRO,D,,,6,915,,,,,00000,00,,64,1,57,000238700,57000238700,3,6,1,1,0,0,0,0,0,0,0,998,0,0,0,12,12,6,2,12,0,0,0,1,26,49098,6,1,6,0,3,0,71,155,0,0,0,0,0,0,0,0,0,0,26,0,0,0,3,4,60,2,1,1,1,0,0,14,50,9,1,1,20,1,0
26,260376,1,2,1,26,7,22,40,12,2,1,0,26,1,20,37,20037,4,1998,1G1ND52TXWY1,1,G,1,N,D,5,2,T,X,W,Y,1,0,P,CHEV,MAL,4D,98,17,3100,,0,1070,,G,,F,4,146,,,15R215,,,,,,0,0,000000000,00000000000,0,0,0,1,0,0,0,0,0,0,0,98,0,0,0,12,12,6,2,12,0,0,0,1,26,48655,6,1,0,0,3,0,70,155,1,0,0,1,3,10,2008,6,2011,0,28,0,0,0,1,2,55,1,1,2,1,0,0,1,10,1,1,2,50,1,1
26,260376,2,2,1,26,7,22,40,12,2,1,0,26,1,7,402,7402,14,1999,1B4HS28Y6XF6,1,B,4,H,S,2,8,Y,6,X,F,6,0,P,DODG,DUR,UT,99,17,4397,,0,1159,,G,,F,8,318,,,15R235,,,,,,0,0,000000000,00000000000,0,0,0,1,0,0,0,0,0,0,0,98,0,0,0,12,12,6,2,12,0,0,0,1,26,48601,6,1,0,0,3,3,68,185,0,1,0,0,0,7,2010,7,2010,0,0,0,0,0,1,2,55,1,1,2,1,0,0,1,62,6,1,2,51,0,0
26,260377,1,1,2,27,7,22,21,42,0,1,0,26,2,14,6,14006,4,1997,2MELM75W7VX6,2,M,E,L,M,7,5,W,7,V,X,6,0,P,MERC,MGL,4D,97,17,3796,,0,1144,,G,,F,8,281,,,15R215,,,,,,0,0,000000000,00000000000,0,0,0,1,0,0,0,0,0,0,0,98,0,0,0,3,3,6,2,42,0,0,0,1,26,48160,1,1,0,0,2,0,67,135,0,1,0,0,1,3,2009,6,2011,1,28,0,0,0,1,2,55,3,1,2,2,0,0,14,6,1,4,4,2,1,1
26,260378,1,1,1,28,7,1,20,30,0,1,0,26,1,72,706,72706,80,2006,1HD1FMW116Y6,1,H,D,1,F,M,W,1,1,6,Y,6,0,M,HD,TPI,RS,6,17,,,,,,,1450,,2,,4,758,,,,,,,0,0,000000000,00000000000,0,0,0,1,0,0,0,0,0,0,0,98,0,0,0,12,99,6,2,30,0,0,0,1,26,49854,6,1,0,0,3,3,71,150,0,0,0,2,0,6,2009,6,2009,1,0,0,0,0,1,2,55,2,1,1,1,0,0,14,13,1,1,4,1,1,1
26,260379,1,1,1,27,7,17,41,9,0,1,0,26,1,22,18,22018,4,2002,1G2NF52F12C1,1,G,2,N,F,5,2,F,1,2,C,1,0,P,PONT,SE1,4D,2,17,3116,,0,1070,,G,,F,4,134,,,15R215,,,,,,0,0,000000000,00000000000,0,0,0,1,0,0,0,0,0,0,0,98,0,0,0,12,12,2,3,9,0,0,0,1,26,48420,6,1,0,0,3,0,71,180,0,3,0,1,0,4,2010,1,2011,0,99,99,99,99,5,4,50,1,1,2,1,0,0,1,80,1,1,1,13,0,0
26,260380,1,1,1,27,7,13,27,1,0,1,0,26,1,37,705,37705,80,2007,JYARJ06EX7A0,J,Y,A,R,J,0,6,E,X,7,A,0,0,M,YAMA,F6S,RC,7,17,,,,,,,600,,4,,4,357,,,,,,,0,0,000000000,00000000000,0,0,0,1,0,0,0,0,0,0,0,98,0,0,0,0,99,6,2,42,0,0,0,1,26,48103,6,1,0,0,3,3,67,180,1,0,0,0,0,6,2009,6,2009,1,0,0,0,0,1,2,35,3,1,2,1,0,0,14,13,1,1,4,1,1,0
26,260381,1,1,1,30,7,19,5,42,0,1,0,26,1,22,2,22002,4,2002,1G2HX54K9241,1,G,2,H,X,5,4,K,9,2,4,1,0,P,PONT,BVS,4D,2,17,3633,,0,1122,,G,,F,6,231,,,16R225,,,,,,0,0,000000000,00000000000,0,0,0,1,0,0,0,0,0,0,0,98,0,0,0,9,9,6,2,42,0,0,0,1,26,49078,6,1,0,0,3,3,67,220,0,0,0,0,0,0,0,0,0,1,28,0,0,0,1,2,55,2,1,2,1,0,0,14,6,1,3,4,7,1,1
26,260382,1,1,1,28,7,5,24,8,0,1,0,26,1,22,32,22032,6,2006,5Y2SL658X6Z4,5,Y,2,S,L,6,5,8,X,6,Z,4,0,P,PONT,VIB,4H,6,17,2700,,0,1024,,G,,F,4,110,,,16R205,,,,,,0,0,000000000,00000000000,0,0,0,1,0,0,0,0,0,0,0,98,0,0,0,1,1,6,2,8,0,0,0,1,26,48152,6,1,0,0,3,0,71,240,0,0,0,0,0,0,0,0,0,0,0,0,0,0,5,2,45,1,1,2,2,0,0,1,80,1,1,1,13,0,0
26,260383,1,1,1,9,7,22,46,42,0,1,0,26,1,72,706,72706,80,2000,1HD1GEV19YY3,1,H,D,1,G,E,V,1,9,Y,Y,3,0,M,HD,FWG,RS,0,17,,,,,,,1450,,2,,4,612,,,,,,,0,0,000000000,00000000000,0,0,0,1,0,0,0,0,0,0,0,98,0,0,0,12,12,6,2,42,0,0,0,1,26,48888,6,1,0,0,3,0,70,215,2,0,0,1,0,9,2008,5,2011,1,0,0,0,0,1,2,25,3,1,2,1,0,0,14,6,1,2,4,2,1,1
26,260384,1,1,1,19,7,18,31,9,0,1,0,26,1,12,481,12481,31,2000,1FTRF17W7YNA,1,F,T,R,F,1,7,W,7,Y,N,A,0,T,FORD,F15,PK,0,17,,2,1385,1199,COF,G,,,8,281,,,,B,3923,04,U,42,0,0,000000000,00000000000,0,0,0,1,0,0,0,0,0,0,0,98,0,0,0,12,12,4,3,9,0,0,0,1,26,48881,6,1,0,0,3,0,62,110,0,0,0,0,0,0,0,0,0,0,0,0,0,0,1,2,55,1,1,2,1,0,0,1,80,9,1,1,13,0,0
26,260385,1,1,1,10,7,1,1,35,0,1,0,26,1,20,9,20009,2,1987,1G1FP21F9HN1,1,G,1,F,P,2,1,F,9,H,N,1,0,P,CHEV,CAM,CP,87,17,3062,,0,1010,,G,,F,8,305,,,15R215,,,,,,0,0,000000000,00000000000,0,0,0,1,0,0,0,0,0,0,0,98,0,1,6,12,0,6,2,1,0,0,0,1,26,49665,6,1,0,0,3,0,72,240,0,1,1,0,0,9,2008,10,2008,1,28,0,0,0,1,2,55,1,1,2,1,0,0,1,12,1,1,4,6,1,1
26,260386,1,2,2,31,7,10,27,12,6,1,0,55,2,18,2,18002,4,2005,1G4HP52K75U2,1,G,4,H,P,5,2,K,7,5,U,2,0,P,BUIC,LCF,4D,5,17,3567,,0,1122,,G,,F,6,232,,,15R215,,,,,,0,0,000000000,00000000000,0,0,0,1,0,0,0,0,0,0,0,98,0,0,0,9,9,6,2,12,0,0,0,1,12,33928,6,1,0,0,3,0,64,999,0,0,0,0,0,0,0,0,0,0,0,0,0,0,1,2,55,1,1,2,1,0,0,1,66,1,1,1,89,1,0
26,260386,2,2,2,31,7,10,27,12,6,1,0,26,1,20,481,20481,31,2004,1GCEK19T94E1,1,G,C,E,K,1,9,T,9,4,E,1,0,T,CHEV,SK1,4C,4,17,,2,1575,1435,SIL,G,,,8,325,,,,B,4925,00,,44,0,0,000000000,00000000000,0,0,0,1,0,0,0,0,0,0,0,98,0,1,5,12,12,6,2,12,0,0,0,1,26,48755,6,1,6,0,3,0,71,175,0,0,0,0,0,0,0,0,0,0,39,0,0,0,1,2,55,1,1,2,1,20,3,1,17,1,1,1,88,0,0
26,260387,1,2,1,1,7,14,57,12,6,1,0,26,1,12,23,12023,4,2009,3FAHP07ZX9R1,3,F,A,H,P,0,7,Z,X,9,R,1,0,P,FORD,F/E,4D,9,17,3181,,0,1074,,G,,F,4,140,,,16R205,,,,,,0,0,000000000,00000000000,0,0,0,1,0,0,0,0,0,0,0,98,0,0,0,11,11,4,3,12,0,0,0,1,26,48076,6,1,0,0,3,3,60,150,1,0,0,0,0,3,2010,3,2010,0,38,0,0,0,4,2,45,1,1,1,1,0,0,11,15,1,1,1,82,0,0
26,260387,2,2,1,1,7,14,57,12,6,1,0,26,1,72,706,72706,80,1993,1HD1EAL3XPY1,1,H,D,1,E,A,L,3,X,P,Y,1,0,M,HD,FXR,RS,93,17,,,,,,,1340,,2,,4,575,,,,,,,0,0,000000000,00000000000,0,0,0,1,0,0,0,0,0,0,0,98,0,0,0,12,12,6,2,12,0,0,0,1,26,48336,6,1,0,0,3,3,73,300,1,0,0,0,1,9,2009,9,2009,0,0,0,0,0,5,4,45,1,1,1,1,0,0,1,67,1,1,1,83,1,0
26,260389,1,1,1,20,7,23,19,8,0,1,0,26,1,12,481,12481,31,2000,1FTRX18L9YNA,1,F,T,R,X,1,8,L,9,Y,N,A,0,T,FORD,F15,4C,0,17,,2,1574,1388,COF,G,,,8,330,,,,B,4611,04,U,44,0,0,000000000,00000000000,0,0,0,1,0,0,0,0,0,0,0,98,0,0,0,11,11,2,1,8,0,0,0,1,26,48051,6,1,0,0,3,0,69,230,0,0,0,0,0,0,0,0,0,0,0,0,0,0,5,4,45,1,1,1,1,0,0,1,80,1,1,1,13,0,0
26,260390,1,1,1,14,7,15,31,59,0,1,0,26,1,49,40,49040,4,1996,4T1BG12K8TU9,4,T,1,B,G,1,2,K,8,T,U,9,0,P,TOYT,DLX,4D,96,17,2932,,0,1031,,G,,F,4,132,,,14R195,,,,,,0,0,000000000,00000000000,0,0,0,1,0,0,0,0,0,0,0,98,0,0,0,99,12,6,2,30,0,0,0,1,26,48072,6,1,0,0,3,0,65,200,0,0,0,0,0,0,0,0,0,0,21,36,0,0,5,4,40,1,1,2,1,0,0,1,13,1,1,4,1,1,0
26,260391,1,1,2,7,7,13,33,33,0,1,0,26,3,12,870,12870,55,2003,1FDXE45S13HB,1,F,D,X,E,4,5,S,1,3,H,B,0,T,FORD,4DC,YY,3,17,,4,1760,1580,CTV,G,,,10,415,,,,,00000,00,E,42,0,88,888888888,88888888888,2,21,22,1,0,0,0,0,7,3,0,98,0,0,0,5,5,2,8,6,0,0,0,1,26,49017,6,1,0,0,3,0,67,175,0,0,0,1,0,8,2010,8,2010,0,36,0,0,0,1,4,35,1,1,2,1,0,0,1,13,1,1,4,1,1,0
26,260392,1,2,3,28,7,12,48,12,6,1,0,26,1,63,33,63033,4,2007,KNAFE1212754,K,N,A,F,E,1,2,1,2,7,5,4,0,P,KIA,SXC,4D,7,17,2701,,0,1028,,G,,F,4,122,,,15R195,,,,,,0,0,000000000,00000000000,0,0,0,1,0,0,0,0,0,0,0,98,0,0,0,3,3,6,2,12,0,0,0,1,26,49655,3,1,0,0,2,0,75,175,0,0,0,0,0,0,0,0,0,0,39,0,0,0,1,2,55,1,1,2,1,20,3,1,17,1,1,1,87,1,0
26,260392,2,2,1,28,7,12,48,12,6,1,0,26,1,23,401,23401,14,2005,1GKET16M8561,1,G,K,E,T,1,6,M,8,5,6,1,0,T,GMC,EXL,4W,5,17,,2,0,1290,ENV,G,,,8,323,,,,B,4954,00,E,44,0,0,000000000,00000000000,0,0,0,1,0,0,0,0,0,0,0,98,0,0,0,12,12,6,2,12,0,0,0,1,26,49655,6,1,0,0,3,3,67,155,0,0,0,0,0,0,0,0,0,0,0,0,0,0,1,2,99,1,1,2,1,0,0,1,66,1,1,1,86,0,0
26,260393,1,1,1,17,7,4,0,8,0,1,1,26,1,2,404,2404,14,1996,1J4GZ58S8TC3,1,J,4,G,Z,5,8,S,8,T,C,3,0,T,JEEP,LRO,4W,96,17,,1,0,1059,GCK,G,,,6,242,,,,,3686,00,E,44,0,0,000000000,00000000000,0,0,0,1,0,0,0,0,0,0,0,98,0,0,0,12,12,4,1,8,0,0,0,1,26,48507,6,1,0,0,3,0,71,175,0,0,0,0,0,0,0,0,0,0,0,0,0,0,1,4,50,1,1,2,1,0,0,1,80,1,1,1,13,0,0
26,260394,1,2,1,19,7,7,15,12,6,1,0,26,3,86,882,86882,63,2006,1M2AC08C56M0,1,M,2,A,C,0,8,C,5,6,M,0,0,T,MACK,LE6,GG,6,17,,8,0,0,600,D,,,6,728,,,,,00000,00,,64,0,57,523181,57523181,3,2,7,1,0,0,0,0,0,0,0,98,0,0,0,12,12,4,3,12,0,0,0,1,26,49006,6,1,6,0,3,0,71,200,0,1,0,0,0,1,2009,1,2009,0,39,0,0,0,1,2,50,1,1,2,1,20,3,1,17,1,1,1,88,0,0
26,260394,2,2,1,19,7,7,15,12,6,1,0,26,1,20,481,20481,31,2000,1GCEK14W7YE2,1,G,C,E,K,1,4,W,7,Y,E,2,0,T,CHEV,SK1,PK,0,17,,2,1330,1190,SIL,G,,,6,262,,,,B,4248,02,,44,0,0,000000000,00000000000,0,0,0,1,0,0,0,0,0,0,0,98,0,1,5,9,99,6,2,12,0,0,0,1,26,49080,6,1,0,0,3,0,79,195,0,0,0,0,0,0,0,0,0,0,0,0,0,0,1,2,99,1,1,2,1,0,0,1,66,1,1,1,89,1,0
26,260395,1,1,1,30,7,1,16,1,0,1,0,26,1,37,705,37705,80,1984,JH2RC1909EM0,J,H,2,R,C,1,9,0,9,E,M,0,0,M,HOND,V70,RS,84,17,,,,,,,700,,2,,4,465,,,,,,,0,0,000000000,00000000000,0,0,0,1,0,0,0,0,0,0,0,98,0,0,0,0,99,6,2,34,0,0,0,1,26,48045,6,1,6,0,3,0,67,200,0,0,0,0,0,0,0,0,0,0,99,99,99,99,6,1,99,2,1,2,1,0,0,14,12,1,1,4,6,1,0
26,260396,1,2,1,31,7,13,46,12,1,1,0,26,1,21,23,21023,4,2001,1G3WH52H61F2,1,G,3,W,H,5,2,H,6,1,F,2,0,P,OLDS,IGX,4D,1,17,3455,,0,1090,,G,,F,6,211,,,16R225,,,,,,0,0,000000000,00000000000,0,0,0,1,0,0,0,0,0,0,0,0,0,0,0,6,6,2,1,12,0,0,0,1,26,48224,6,1,0,0,3,3,68,212,1,0,0,0,0,11,2010,11,2010,0,0,0,0,0,1,2,35,1,1,2,1,2,3,5,55,1,1,1,21,0,0
26,260396,2,2,1,31,7,13,46,12,1,1,0,26,1,53,705,53705,80,2008,JS1CP51A3821,J,S,1,C,P,5,1,A,3,8,2,1,0,M,SUZI,A65,MS,8,17,,,,,,,638,,2,,4,518,,,,,,,0,0,000000000,00000000000,0,0,0,1,0,0,0,0,0,0,0,98,0,0,0,12,12,6,2,12,0,0,0,1,26,48021,6,1,0,0,3,0,71,200,1,0,0,1,0,8,2008,10,2008,0,26,0,0,0,1,2,35,1,1,2,1,2,3,1,50,1,1,1,20,1,0
26,260397,1,2,2,12,7,21,35,54,11,1,0,26,1,49,38,49038,4,1991,JT2EL43AXM00,J,T,2,E,L,4,3,A,X,M,0,0,0,P,TOYT,TDX,4D,91,17,2005,,0,937,,G,,F,4,089,,,13R155,,,,,,0,0,000000000,00000000000,0,0,0,1,0,0,0,0,0,0,0,98,0,0,0,12,12,6,2,54,0,0,0,1,26,48886,6,1,0,0,3,3,75,270,0,0,0,0,0,0,0,0,0,0,0,0,0,0,1,2,55,1,1,2,1,0,0,1,87,1,1,1,98,0,0
26,260397,2,2,2,12,7,21,35,54,11,1,0,26,1,20,404,20404,14,2010,2CNALDEW4A64,2,C,N,A,L,D,E,W,4,A,6,4,0,P,CHEV,EQU,UT,10,17,3770,,0,1125,,G,,F,4,146,,,17R225,,,,,,0,0,000000000,00000000000,0,0,0,1,0,0,0,0,0,0,0,98,0,0,0,13,13,6,2,54,0,0,0,1,26,49326,6,1,0,0,3,3,68,200,0,0,0,0,0,0,0,0,0,0,0,0,0,0,1,2,55,1,1,2,1,0,0,1,87,1,1,1,98,1,0
26,260398,1,3,1,31,7,14,55,12,6,1,0,26,1,12,481,12481,31,2010,1FTEX1E82AFB,1,F,T,E,X,1,E,8,2,A,F,B,0,T,FORD,F15,4C,10,17,,2,1630,1330,COF,G,,,8,281,,,,B,5522,00,7,44,0,0,000000000,00000000000,0,0,0,1,0,0,0,0,0,0,0,98,0,0,0,9,9,4,3,12,0,0,0,1,26,48442,6,1,0,0,3,3,67,190,0,0,0,1,0,6,2009,6,2009,0,0,0,0,0,1,2,50,3,2,2,1,0,0,14,62,1,1,1,65,0,0
26,260398,2,3,1,31,7,14,55,12,6,1,0,26,2,12,461,12461,21,2001,1FDRE14L51HB,1,F,D,R,E,1,4,L,5,1,H,B,0,T,FORD,15V,CG,1,17,,2,0,1380,VAN,G,,,8,330,,,,B,4650,02,E,42,0,0,000000000,00000000000,0,0,0,1,0,0,0,0,0,0,0,98,0,0,0,12,12,0,3,54,0,0,0,1,26,48442,6,1,0,0,3,0,65,150,0,0,0,0,0,0,0,0,0,0,0,0,0,0,1,2,50,3,2,2,1,0,0,14,98,1,1,1,98,0,0
26,260398,3,3,2,31,7,14,55,12,6,1,0,26,1,73,706,73706,80,2007,JKAVN2B117A0,J,K,A,V,N,2,B,1,1,7,A,0,0,M,KAWK,VN9,RS,7,17,,,,,,,903,,2,,4,558,,,,,,,0,0,000000000,00000000000,0,0,0,1,0,0,0,0,0,0,0,98,0,0,0,12,12,6,2,12,0,0,0,1,26,48322,6,1,6,0,3,3,72,210,0,0,0,0,0,0,0,0,0,1,28,0,0,0,1,2,50,3,2,2,1,0,0,14,10,1,1,2,64,1,0
26,260399,1,2,1,14,7,13,45,12,6,1,0,26,2,22,20,22020,4,1997,1G2WJ52K5VF2,1,G,2,W,J,5,2,K,5,V,F,2,0,P,PONT,GFS,4D,97,17,3355,,0,1105,,G,,F,6,231,,,15R205,,,,,,0,0,000000000,00000000000,0,0,0,1,0,0,0,0,0,0,0,98,0,0,0,3,3,6,2,12,0,0,0,1,26,48601,6,1,0,0,3,0,77,235,0,0,0,0,0,0,0,0,0,1,37,0,0,0,5,2,30,1,1,2,1,0,0,1,6,1,4,2,64,1,0
26,260399,2,2,4,14,7,13,45,12,6,1,0,26,1,6,441,6441,20,2006,1A4GP45R56B5,1,A,4,G,P,4,5,R,5,6,B,5,0,P,CHRY,TWC,SV,6,17,3831,,0,1133,,G,,F,6,201,,,15R215,,,,,,0,0,000000000,00000000000,0,0,0,1,0,0,0,0,0,0,0,98,0,0,0,12,12,6,2,12,0,0,0,1,26,48604,6,1,0,0,3,3,60,185,0,0,0,0,0,0,0,0,0,0,0,0,0,0,5,2,30,1,1,2,1,0,0,1,62,1,1,1,65,0,0