STATE,ST_CASE,VEH_NO,VE_FORMS,NUMOCCS,DAY,MONTH,HOUR,MINUTE,HARM_EV,MAN_COLL,UNITTYPE,HIT_RUN,REG_STAT,OWNER,MAKE,MODEL,MAK_MOD,BODY_TYP,MOD_YEAR,VIN,VIN_1,VIN_2,VIN_3,VIN_4,VIN_5,VIN_6,VIN_7,VIN_8,VIN_9,VIN_10,VIN_11,VIN_12,TOW_VEH,VINTYPE,VINMAKE,VINA_MOD,VIN_BT,VINMODYR,VIN_LNGT,VIN_WGT,WGTCD_TR,WHLBS_LG,WHLBS_SH,SER_TR,FUELCODE,MCYCL_DS,CARBUR,CYLINDER,DISPLACE,MCYCL_CY,MCYCL_WT,TIRE_SZE,TON_RAT,TRK_WT,TRKWTVAR,VIN_REST,WHLDRWHL,J_KNIFE,MCARR_I1,MCARR_I2,MCARR_ID,GVWR,V_CONFIG,CARGO_BT,HAZ_INV,HAZ_PLAC,HAZ_ID,HAZ_CNO,HAZ_REL,BUS_USE,SPEC_USE,EMER_USE,TRAV_SP,UNDERIDE,ROLLOVER,ROLINLOC,IMPACT1,IMPACT2,DEFORMED,TOWED,M_HARM,VEH_SC1,VEH_SC2,FIRE_EXP,DR_PRES,L_STATE,DR_ZIP,L_STATUS,L_TYPE,CDL_STAT,L_ENDORS,L_COMPL,L_RESTRI,DR_HGT,DR_WGT,PREV_ACC,PREV_SUS,PREV_DWI,PREV_SPD,PREV_OTH,FIRST_MO,FIRST_YR,LAST_MO,LAST_YR,SPEEDREL,DR_SF1,DR_SF2,DR_SF3,DR_SF4,VTRAFWAY,VNUM_LAN,VSPD_LIM,VALIGN,VPROFILE,VPAVETYP,VSURCOND,VTRAFCON,VTCONT_F,P_CRASH1,P_CRASH2,P_CRASH3,PCRASH4,PCRASH5,ACC_TYPE,DEATHS,DR_DRINK
26,260400,1,2,1,2,8,13,5,12,6,1,0,26,3,82,881,82881,66,2000,1FUYFXYB4YLF,1,F,U,Y,F,X,Y,B,4,Y,L,F,2,T,FRHT,FLD,TR,0,17,,8,0,0,CON,D,,,6,893,,,,,00000,00,,64,3,57,1693850,571693850,3,7,4,1,0,0,0,0,0,0,0,98,0,1,5,12,99,6,2,12,0,0,1,1,26,48915,6,1,6,1,3,0,69,250,0,0,0,0,0,0,0,0,0,0,99,99,99,99,1,2,55,1,1,2,1,20,3,1,17,3,1,1,86,0,0
26,260400,2,2,3,2,8,13,5,12,6,1,0,26,1,12,37,12037,4,2001,1FAFP34P31W2,1,F,A,F,P,3,4,P,3,1,W,2,0,P,FORD,FSC,4D,1,17,2563,,0,1030,,G,,F,4,122,,,15R195,,,,,,0,0,000000000,00000000000,0,0,0,1,0,0,0,0,0,0,0,98,0,0,0,3,3,6,2,12,0,0,0,1,26,48892,6,1,6,0,3,0,63,187,0,0,0,0,0,0,0,0,0,0,0,0,0,0,1,2,55,1,1,2,1,0,0,1,66,1,1,1,87,1,0
26,260401,1,2,1,3,8,23,19,12,6,1,0,26,1,2,404,2404,14,2000,1J4GW48S7YC1,1,J,4,G,W,4,8,S,7,Y,C,1,0,T,JEEP,LRO,4W,0,17,,1,0,1059,GCK,G,,,6,244,,,,,3847,01,E,44,0,0,000000000,00000000000,0,0,0,1,0,0,0,0,0,0,0,98,0,0,0,12,12,6,2,12,0,0,0,1,26,48220,6,1,0,0,3,0,63,165,0,0,0,0,0,0,0,0,0,0,39,0,0,0,2,3,40,1,1,2,1,2,3,1,17,1,1,1,79,0,0
26,260401,2,2,1,3,8,23,19,12,6,1,0,26,2,12,401,12401,14,2005,1FMZU74K85ZA,1,F,M,Z,U,7,4,K,8,5,Z,A,0,P,FORD,EPR,UT,5,17,4094,,0,1137,,F,,F,6,245,,,17R245,,,,,,0,0,000000000,00000000000,0,0,0,1,0,0,0,0,0,0,0,98,0,0,0,9,9,6,2,12,0,0,0,1,26,48214,6,1,0,0,3,3,76,235,0,0,0,0,0,0,0,0,0,0,0,0,0,0,1,2,99,1,1,2,1,2,3,10,66,1,1,1,78,1,0
26,260402,1,2,1,3,8,13,32,12,6,1,0,26,1,20,16,20016,2,1996,1G1JC1243T72,1,G,1,J,C,1,2,4,3,T,7,2,0,P,CHEV,CAV,CP,96,17,2617,,0,1041,,G,,F,4,133,,,14R195,,,,,,0,0,000000000,00000000000,0,0,0,1,0,0,0,0,0,0,0,98,0,0,0,3,3,6,2,12,0,0,0,1,26,48768,6,1,0,0,3,0,72,180,1,0,0,0,0,12,2010,12,2010,0,38,0,0,0,1,2,55,1,2,2,1,0,0,11,15,1,1,1,68,1,0
26,260402,2,2,2,3,8,13,32,12,6,1,0,26,1,23,481,23481,31,2011,1GTR2VE35BZ3,1,G,T,R,2,V,E,3,5,B,Z,3,0,T,GMC,1NK,4C,11,17,,2,1575,1435,SIE,F,,,8,323,,,,B,5286,02,S,44,0,0,000000000,00000000000,0,0,0,1,0,0,0,0,0,0,0,98,0,0,0,12,12,6,2,12,0,0,0,1,26,48446,6,1,0,0,3,3,77,295,0,0,0,0,0,0,0,0,0,0,0,0,0,0,1,2,55,1,2,2,1,0,0,1,62,1,1,1,69,0,0
26,260403,1,2,4,21,8,17,34,12,6,1,0,37,9,12,461,12461,21,1996,1FBJS31H1THA,1,F,B,J,S,3,1,H,1,T,H,A,0,P,FORD,CWS,SV,96,17,0,,0,1380,,G,,F,8,351,,,16R245,,,,,,0,0,000000000,00000000000,0,0,0,1,0,0,0,0,0,0,0,98,0,0,0,12,12,6,2,12,0,0,0,1,26,49080,6,1,0,0,3,0,65,130,0,0,0,0,0,0,0,0,0,1,38,0,0,0,1,2,55,1,1,2,1,0,0,4,10,1,1,2,88,0,1
26,260403,2,2,1,21,8,17,34,12,6,1,0,26,1,72,706,72706,80,2003,1HD4CEM183K4,1,H,D,4,C,E,M,1,8,3,K,4,0,M,HD,L8H,RS,3,17,,,,,,,883,,2,,4,489,,,,,,,0,0,000000000,00000000000,0,0,0,1,0,0,0,0,0,0,0,98,0,0,0,61,61,6,2,12,0,0,0,1,26,49080,6,1,0,0,3,0,65,130,0,0,0,0,0,0,0,0,0,0,0,0,0,0,1,2,55,1,1,2,1,0,0,1,72,1,1,1,89,1,0
26,260404,1,2,1,5,8,10,52,12,1,1,0,26,1,72,706,72706,80,2009,1HD1FC4189Y6,1,H,D,1,F,C,4,1,8,9,Y,6,0,M,HD,FLU,RS,9,17,,,,,,,1584,,2,,4,889,,,,,,,0,0,000000000,00000000000,0,0,0,1,0,0,0,0,0,0,0,98,0,0,0,12,12,2,3,12,0,0,0,1,26,49415,6,1,6,0,3,0,72,250,0,0,0,0,1,4,2009,4,2009,0,26,0,0,0,3,3,70,1,2,2,1,0,0,1,51,1,1,1,24,1,0
26,260404,2,2,4,5,8,10,52,12,1,1,0,26,1,21,21,21021,4,2001,1G3NF52E01C2,1,G,3,N,F,5,2,E,0,1,C,2,0,P,OLDS,AGS,4D,1,17,3022,,0,1070,,G,,F,6,207,,,16R225,,,,,,0,0,000000000,00000000000,0,0,0,1,0,0,0,0,0,0,0,0,0,0,0,6,6,2,1,12,0,0,0,1,26,49024,6,1,0,0,3,0,65,170,1,0,0,1,1,11,2009,5,2011,0,0,0,0,0,3,3,70,1,2,2,1,0,0,1,53,8,1,2,25,0,0
26,260405,1,1,2,6,8,3,25,33,0,1,0,26,1,53,705,53705,80,2005,JS1GN79A6521,J,S,1,G,N,7,9,A,6,5,2,1,0,M,SUZI,GX6,RC,5,17,,,,,,,600,,4,,4,458,,,,,,,0,0,000000000,00000000000,0,0,0,1,0,0,0,0,0,0,0,98,0,0,0,99,99,6,2,1,0,0,0,1,26,49503,6,1,0,0,3,0,72,195,0,0,1,0,1,10,2008,7,2010,0,36,0,0,0,6,1,98,2,2,2,1,0,0,14,13,7,1,4,3,1,1
26,260406,1,2,1,6,8,20,9,12,2,1,0,39,3,30,399,30399,4,2012,WVWMN7AN5CE5,W,V,W,M,N,7,A,N,5,C,E,5,0,P,VOLK,CSR,4D,12,17,3330,,0,0,,G,,T,4,121,,,000000,,,,,,0,0,000000000,00000000000,0,0,0,1,0,0,0,0,0,0,0,98,0,0,0,12,12,6,2,12,0,0,0,1,26,48044,6,1,0,0,3,0,69,170,0,0,0,0,0,0,0,0,0,0,28,36,0,0,5,4,50,1,1,2,1,0,0,1,10,1,1,2,50,0,1
26,260406,2,2,1,6,8,20,9,12,2,1,0,26,1,14,36,14036,4,1995,3MASM10JXSR6,3,M,A,S,M,1,0,J,X,S,R,6,0,P,MERC,TTO,4D,95,17,2418,,0,984,,G,,F,4,114,,,14R175,,,,,,0,0,000000000,00000000000,0,0,0,1,0,0,0,0,0,0,0,98,0,0,0,12,12,6,2,12,0,0,0,1,26,48035,6,1,0,0,3,0,63,180,0,0,0,0,0,0,0,0,0,0,0,0,0,0,5,4,50,1,1,2,1,0,0,1,62,1,1,1,51,1,0
26,260407,1,1,1,2,8,12,55,8,0,1,0,26,3,87,881,87881,66,2007,1XPADB0X87N6,1,X,P,A,D,B,0,X,8,7,N,6,2,T,PTRB,357,TR,7,17,,8,0,0,CON,D,,,6,893,,,,,00000,00,,64,1,57,907719,57907719,3,7,4,1,0,0,0,0,0,0,0,98,0,1,1,12,12,0,8,8,0,0,0,1,26,48174,6,1,6,1,3,3,71,300,0,0,0,1,0,7,2009,7,2009,0,0,0,0,0,1,2,45,1,1,2,1,0,0,1,80,6,1,2,13,0,0
26,260408,1,1,1,8,8,9,59,42,0,1,0,26,1,55,33,55033,4,2003,KMHWF35H93A8,K,M,H,W,F,3,5,H,9,3,A,8,0,P,HYUN,SGX,4D,3,17,3254,,0,1063,,G,,F,6,162,,,16R205,,,,,,0,0,000000000,00000000000,0,0,0,1,0,0,0,0,0,0,0,98,0,0,0,12,12,6,2,42,0,0,0,1,26,48390,6,1,0,0,3,0,69,185,0,0,0,0,0,0,0,0,0,0,99,99,99,99,1,2,35,1,1,1,1,0,0,1,13,1,1,4,1,1,0
26,260409,1,2,1,8,8,13,0,12,6,1,0,26,1,37,701,37701,88,2005,JH2AF60495K3,J,H,2,A,F,6,0,4,9,5,K,3,0,M,HOND,HFP,MS,5,17,,,,,,,49,,1,,4,157,,,,,,,0,0,000000000,00000000000,0,0,0,1,0,0,0,0,0,0,0,98,0,0,0,9,9,6,2,12,0,0,0,1,26,49746,6,1,0,0,3,3,67,190,0,0,0,0,1,5,2011,5,2011,0,38,0,0,0,1,2,99,1,1,5,1,20,3,4,17,1,1,1,89,1,0
26,260409,2,2,1,8,8,13,0,12,6,1,0,26,1,20,24,20024,6,2009,1GNEV23D19S1,1,G,N,E,V,2,3,D,1,9,S,1,0,P,CHEV,TRV,UT,9,17,5066,,0,1189,,G,,F,6,220,,,18R255,,,,,,0,0,000000000,00000000000,0,0,0,1,0,0,0,0,0,0,0,98,0,0,0,12,12,6,2,12,0,0,0,1,26,49707,6,1,0,0,3,3,64,160,0,0,0,0,0,0,0,0,0,0,0,0,0,0,1,2,55,1,1,2,1,0,0,1,66,8,1,2,88,0,0
26,260410,1,1,1,2,8,18,45,53,0,1,0,26,1,22,441,22441,20,2002,1GMDX13E02D3,1,G,M,D,X,1,3,E,0,2,D,3,0,T,PONT,LUX,ES,2,17,,1,0,1200,MON,G,,,6,207,,,,B,3942,00,K,42,0,0,000000000,00000000000,0,0,0,1,0,0,0,0,0,0,0,98,0,1,5,99,99,6,2,42,0,0,0,1,26,49038,6,1,0,0,3,0,69,145,0,0,1,0,1,6,2009,6,2011,0,36,0,0,0,1,2,45,1,1,2,1,0,0,1,13,1,1,4,1,1,1
26,260411,1,1,1,3,8,12,16,9,0,1,0,26,1,20,481,20481,31,2010,1GCSKSE35AZ1,1,G,C,S,K,S,E,3,5,A,Z,1,0,T,CHEV,2SK,4C,10,17,,2,1575,1435,SIL,F,,,8,323,,,,B,5286,02,,44,0,0,000000000,00000000000,0,0,0,1,0,0,0,0,0,0,0,98,0,0,0,1,1,2,1,9,0,0,0,1,26,48655,6,1,0,0,3,0,66,230,1,0,0,0,0,1,2010,1,2010,0,0,0,0,0,1,2,30,1,1,1,1,0,0,1,80,1,1,1,13,0,0
26,260412,1,1,1,1,8,13,49,1,0,1,0,12,1,72,706,72706,80,2007,1HD4CP2197K4,1,H,D,4,C,P,2,1,9,7,K,4,0,M,HD,L8C,RS,7,17,,,,,,,883,,2,,4,565,,,,,,,0,0,000000000,00000000000,0,0,0,1,0,0,0,0,0,0,0,98,0,0,0,0,9,6,2,1,0,0,0,1,12,33898,6,1,0,0,3,3,67,999,0,0,0,0,0,0,0,0,0,0,28,0,0,0,1,2,55,1,1,2,1,0,0,1,70,6,1,2,98,1,0
26,260413,1,2,2,11,8,18,52,12,6,1,0,26,2,55,33,55033,4,2006,5NPET46C56H1,5,N,P,E,T,4,6,C,5,6,H,1,0,P,HYUN,SOL,4D,6,17,3253,,0,1074,,G,,F,4,144,,,16R215,,,,,,0,0,000000000,00000000000,0,0,0,1,0,0,0,0,0,0,0,98,0,0,0,9,9,6,2,12,0,0,0,1,26,49341,6,1,0,0,3,0,72,120,0,0,0,1,0,10,2009,10,2009,0,38,0,0,0,1,2,55,1,2,2,1,20,3,4,17,1,1,1,89,1,0
26,260413,2,2,1,11,8,18,52,12,6,1,0,26,1,37,32,37032,4,1996,1HGCD5630TA1,1,H,G,C,D,5,6,3,0,T,A,1,0,P,HOND,ULE,4D,96,17,2864,,0,1069,,G,,F,4,132,,,15R185,,,,,,0,0,000000000,00000000000,0,0,0,1,0,0,0,0,0,0,0,98,0,0,0,12,12,6,2,12,0,0,0,1,26,49330,6,1,0,0,3,0,65,200,1,0,1,1,0,2,2009,2,2009,0,0,0,0,0,1,2,99,1,1,2,1,0,0,1,66,1,1,1,88,0,0
26,260414,1,2,1,2,8,15,26,12,6,1,0,26,1,21,21,21021,4,1997,1G3NL52T8VM3,1,G,3,N,L,5,2,T,8,V,M,3,0,P,OLDS,ASL,4D,97,17,2813,,0,1034,,G,,F,4,146,,,15R195,,,,,,0,0,000000000,00000000000,0,0,0,1,0,0,0,0,0,0,0,998,0,0,0,1,1,6,2,12,0,0,0,1,26,49519,6,1,0,0,3,0,60,105,0,0,0,0,0,0,0,0,0,0,38,0,0,0,1,5,45,1,1,2,1,0,0,11,15,1,1,1,82,1,0
26,260414,2,2,1,2,8,15,26,12,6,1,0,26,1,20,481,20481,31,2005,1GCEK19ZX5Z2,1,G,C,E,K,1,9,Z,X,5,Z,2,0,T,CHEV,SK1,4C,5,17,,2,1575,1435,SIL,F,,,8,325,,,,B,4661,00,,44,0,0,000000000,00000000000,0,0,0,1,0,0,0,0,0,0,0,998,0,0,0,12,12,6,2,12,0,0,0,1,26,49315,6,1,6,0,3,0,72,235,0,0,0,0,0,0,0,0,0,0,0,0,0,0,5,4,45,1,1,2,1,0,0,1,72,1,1,1,83,0,0
26,260415,1,1,1,4,8,23,17,8,0,1,1,26,2,20,482,20482,31,2007,3GNFK12337G2,3,G,N,F,K,1,2,3,3,7,G,2,0,T,CHEV,KAV,CW,7,17,,2,0,1300,AVL,F,,,8,323,,,,B,5664,00,,44,0,0,000000000,00000000000,0,0,0,1,0,0,0,0,0,0,0,98,0,0,0,1,1,0,8,8,0,0,0,1,26,48130,6,1,0,0,3,3,70,180,0,0,0,0,0,0,0,0,0,0,0,0,0,0,1,2,55,1,1,2,1,0,0,1,80,1,1,1,13,0,1
26,260416,1,2,1,6,8,1,32,12,6,1,0,26,1,20,16,20016,2,2000,1G1JC1244Y72,1,G,1,J,C,1,2,4,4,Y,7,2,0,P,CHEV,CAV,CP,0,17,2617,,0,1041,,G,,F,4,133,,,14R195,,,,,,0,0,000000000,00000000000,0,0,0,1,0,0,0,0,0,0,0,98,0,1,1,3,3,6,2,12,0,0,0,1,26,48060,6,1,0,0,3,0,64,135,0,0,0,2,0,9,2009,2,2011,1,28,0,0,0,1,2,55,1,1,2,1,0,0,1,6,1,4,2,64,1,1
26,260416,2,2,1,6,8,1,32,12,6,1,1,26,1,12,3,12003,2,2001,1FAFP42X81F1,1,F,A,F,P,4,2,X,8,1,F,1,0,P,FORD,MGT,CP,1,17,3241,,0,1013,,G,,F,8,281,,,17R245,,,,,,0,0,000000000,00000000000,0,0,0,1,0,0,0,0,0,0,0,98,0,0,0,12,12,6,2,12,0,0,0,1,26,48014,6,1,0,0,3,0,72,152,0,0,0,1,0,12,2009,12,2009,0,0,0,0,0,1,2,55,1,1,2,1,0,0,1,62,1,1,1,65,0,1
26,260417,1,2,1,9,8,16,13,12,2,1,0,26,1,22,22,22022,4,2006,1G2ZF55B6642,1,G,2,Z,F,5,5,B,6,6,4,2,0,P,PONT,G6E,4D,6,17,3419,,0,1123,,G,,F,4,146,,,16R215,,,,,,0,0,000000000,00000000000,0,0,0,1,0,0,0,0,0,0,0,98,0,0,0,12,12,6,2,12,0,0,0,1,26,49201,6,1,0,0,3,0,70,195,1,0,0,3,0,10,2008,6,2011,0,99,99,99,99,1,2,55,1,1,2,1,0,0,1,62,1,1,1,51,1,0
26,260417,2,2,1,9,8,16,13,12,2,1,0,26,2,2,404,2404,14,1994,1J4GZ58Y1RC1,1,J,4,G,Z,5,8,Y,1,R,C,1,0,T,JEEP,LRO,4W,94,17,,1,0,1059,GCK,G,,,8,318,,,,,3552,00,B,44,0,0,000000000,00000000000,0,0,0,1,0,0,0,0,0,0,0,98,0,1,5,12,12,6,2,12,0,0,0,1,26,49201,6,1,0,0,3,0,70,140,0,0,0,1,0,8,2008,8,2008,0,28,0,0,0,1,2,55,1,1,2,1,0,0,1,10,1,1,2,50,1,0
26,260418,1,1,1,9,8,18,30,15,0,1,0,26,1,20,481,20481,31,2008,2GCEC13C9811,2,G,C,E,C,1,3,C,9,8,1,1,0,T,CHEV,SC1,CW,8,17,,2,0,1435,SIL,G,,,8,293,,,,B,5148,00,,42,0,0,000000000,00000000000,0,0,0,1,0,0,0,0,0,0,0,98,0,0,0,1,1,6,2,15,0,0,0,1,26,49242,6,1,0,0,3,0,71,165,2,0,0,1,0,9,2009,4,2010,0,92,0,0,0,1,2,55,8,8,8,1,0,0,1,83,1,1,1,13,0,0
26,260419,1,4,1,11,8,17,54,12,7,1,0,26,2,54,38,54038,2,2003,JH4DC53043C0,J,H,4,D,C,5,3,0,4,3,C,0,0,P,ACUR,RST,2H,3,17,2767,,0,1012,,G,,F,4,122,,,16R205,,,,,,0,0,000000000,00000000000,0,0,0,1,0,0,0,0,0,0,0,98,0,0,0,7,7,6,2,12,0,0,0,1,26,48458,6,1,0,0,3,0,73,240,0,0,0,0,0,0,0,0,0,0,92,0,0,0,5,4,45,1,1,2,1,0,0,15,10,1,1,2,45,1,0
26,260419,2,4,1,11,8,17,54,12,7,1,0,26,1,20,401,20401,14,1997,1GNDT13WXV21,1,G,N,D,T,1,3,W,X,V,2,1,0,P,CHEV,BZR,UT,97,17,4046,,0,1070,,G,,F,6,262,,,15R205,,,,,,0,0,000000000,00000000000,0,0,0,1,0,0,0,0,0,0,0,98,0,0,0,1,1,2,1,12,0,0,0,1,26,48507,6,1,0,0,3,0,66,185,0,0,0,0,0,0,0,0,0,0,0,0,0,0,5,4,45,1,1,2,1,0,0,1,60,1,1,1,44,0,0
26,260419,3,4,2,11,8,17,54,12,7,1,0,26,1,7,482,7482,31,1997,3B7HC13Z9VG7,3,B,7,H,C,1,3,Z,9,V,G,7,0,T,DODG,150,PC,97,17,,2,1547,1387,RPC,G,,,8,360,,,,B,4379,01,M,42,0,0,000000000,00000000000,0,0,0,1,0,0,0,0,0,0,0,98,0,0,0,11,11,6,2,12,0,0,0,1,26,48380,6,1,0,0,3,0,66,200,0,0,0,3,0,8,2008,8,2010,0,0,0,0,0,5,4,45,1,1,2,1,0,0,1,62,1,1,1,98,0,0
26,260419,4,4,2,11,8,17,54,12,7,1,0,26,4,20,23,20023,6,2011,3GNBABFW6BS5,3,G,N,B,A,B,F,W,6,B,S,5,0,P,CHEV,HHR,UT,11,17,3208,,0,1035,,F,,F,4,134,,,16R215,,,,,,0,0,000000000,00000000000,0,0,0,1,0,0,0,0,0,0,0,98,0,0,0,12,12,6,2,12,0,0,0,1,26,48225,6,1,0,0,3,0,74,215,0,3,0,3,0,1,2009,5,2010,0,0,0,0,0,5,4,45,1,1,2,1,0,0,1,54,1,1,1,98,0,0
26,260420,1,2,1,10,8,21,18,12,6,1,0,26,2,47,36,47036,4,2000,YS3ED48E3Y30,Y,S,3,E,D,4,8,E,3,Y,3,0,0,P,SAA,9/5,4D,0,17,3600,,0,1064,,G,,T,4,140,,,16R215,,,,,,0,0,000000000,00000000000,0,0,0,1,0,0,0,0,0,0,0,998,0,0,0,3,3,6,2,12,0,0,0,1,26,48911,6,1,0,0,3,0,63,200,0,0,0,0,0,0,0,0,0,0,38,0,0,0,1,2,55,1,1,2,1,0,0,11,15,1,1,1,68,0,0
26,260420,2,2,1,10,8,21,18,12,6,1,0,26,1,37,704,37704,80,1982,JH2PC054XCM0,J,H,2,P,C,0,5,4,X,C,M,0,0,M,HOND,B45,RS,82,17,,,,,,,450,,2,,4,377,,,,,,,0,0,000000000,00000000000,0,0,0,1,0,0,0,0,0,0,0,998,0,0,0,12,12,6,2,12,0,0,0,1,26,48910,6,1,0,0,3,0,69,190,0,0,0,0,0,0,0,0,0,0,0,0,0,0,1,2,55,1,1,2,1,0,0,1,62,1,1,1,69,1,0
26,260421,1,1,1,13,8,8,53,42,0,1,0,26,1,7,43,7043,4,2001,1B3EJ46XX1N6,1,B,3,E,J,4,6,X,X,1,N,6,0,P,DODG,SSE,4D,1,17,3151,,0,1080,,G,,F,4,148,,,15R205,,,,,,0,0,000000000,00000000000,0,0,0,1,0,0,0,0,0,0,0,999,0,1,5,99,99,6,2,42,0,0,0,1,26,49446,6,1,0,0,3,0,74,210,0,2,0,2,0,1,2009,9,2010,1,0,0,0,0,1,2,55,1,2,2,1,0,0,1,6,1,9,4,7,1,1
26,260422,1,1,1,12,8,19,0,59,0,1,0,26,1,76,705,76705,80,1999,JYARJ04E2XA0,J,Y,A,R,J,0,4,E,2,X,A,0,0,M,YAMA,R6L,RC,99,17,,,,,,,599,,4,,4,370,,,,,,,0,0,000000000,00000000000,0,0,0,1,0,0,0,0,0,0,0,98,0,0,0,99,99,6,2,59,0,0,0,1,26,48603,6,1,0,0,3,0,69,135,0,0,0,0,0,0,0,0,0,1,0,0,0,0,2,3,70,1,1,1,1,0,0,1,13,1,1,4,1,1,1
26,260423,1,1,1,12,8,21,32,42,0,1,0,26,1,73,706,73706,80,2006,JKAVN2B196A0,J,K,A,V,N,2,B,1,9,6,A,0,0,M,KAWK,V9C,RS,6,17,,,,,,,903,,2,,4,595,,,,,,,0,0,000000000,00000000000,0,0,0,1,0,0,0,0,0,0,0,98,0,0,0,99,12,6,2,42,0,0,0,1,26,49444,6,1,0,0,3,0,70,175,0,0,0,0,1,10,2008,10,2008,0,28,36,0,0,1,2,30,4,1,2,1,0,0,14,12,1,1,4,6,1,1
26,260424,1,1,1,13,8,18,50,16,0,1,0,26,1,72,706,72706,80,2001,1HD1FRW121Y6,1,H,D,1,F,R,W,1,2,1,Y,6,0,M,HD,FCI,RS,1,17,,,,,,,1450,,2,,4,710,,,,,,,0,0,000000000,00000000000,0,0,0,1,0,0,0,0,0,0,0,98,0,0,0,0,0,2,4,16,0,0,0,1,26,48117,6,1,0,0,3,3,70,170,0,0,0,0,0,0,0,0,0,0,0,0,0,0,1,2,55,1,1,2,2,0,0,1,98,1,1,1,0,1,0
26,260425,1,2,1,14,8,13,19,12,2,1,0,26,1,23,401,23401,14,1988,1GKCT18R5J85,1,G,K,C,T,1,8,R,5,J,8,5,0,T,GMC,SJI,2W,88,17,,1,0,1005,S15,G,,,6,173,,,,B,3217,01,A,44,0,0,000000000,00000000000,0,0,0,1,0,0,0,0,0,0,0,98,0,0,0,12,12,6,2,12,0,0,0,1,26,49047,6,1,0,0,3,0,68,130,0,0,0,0,0,0,0,0,0,0,0,0,0,0,1,2,55,1,2,2,1,0,0,1,67,3,1,1,83,1,0
26,260425,2,2,4,14,8,13,19,12,2,1,0,17,1,12,481,12481,31,2006,1FTPX14596NA,1,F,T,P,X,1,4,5,9,6,N,A,0,T,FORD,F15,4C,6,17,,2,0,1450,COF,G,,,8,329,,,,B,4297,16,E,44,0,0,000000000,00000000000,0,0,0,1,0,0,0,0,0,0,0,98,0,0,0,12,12,6,2,12,0,0,0,1,17,60426,6,1,0,0,3,0,69,195,0,0,0,0,0,0,0,0,0,0,38,0,0,0,1,2,99,1,1,2,1,20,3,11,15,1,1,1,82,0,0
26,260426,1,3,1,13,8,21,6,12,2,1,0,26,1,72,706,72706,80,2001,1HD1PBV191Y9,1,H,D,1,P,B,V,1,9,1,Y,9,0,M,HD,FXG,RS,1,17,,,,,,,1450,,2,,4,660,,,,,,,0,0,000000000,00000000000,0,0,0,1,0,0,0,0,0,0,0,998,0,0,0,12,12,6,2,12,0,0,0,1,26,48005,6,1,6,0,3,3,71,250,0,0,0,0,0,0,0,0,0,0,24,0,0,0,1,2,50,1,1,2,1,0,0,6,10,1,1,1,50,1,0
26,260426,2,3,1,13,8,21,6,12,2,1,0,26,1,72,709,72709,80,1970,3A22433H0,3,A,2,2,4,3,3,H,0,,,,0,M,HD,,,70,9,,,,,,,,,,,,,,,,,,,0,0,000000000,00000000000,0,0,0,1,0,0,0,0,0,0,0,998,0,0,0,12,99,6,2,12,0,0,0,1,26,48708,6,1,6,0,3,0,72,200,2,0,0,0,1,1,2011,1,2011,0,23,0,0,0,1,2,50,1,1,2,1,0,0,1,62,1,1,1,51,1,1
26,260426,3,3,1,13,8,21,6,12,2,1,0,26,1,7,43,7043,4,1999,1B3EJ46X4XN6,1,B,3,E,J,4,6,X,4,X,N,6,0,P,DODG,STR,4D,99,17,2857,,0,1080,,G,,F,4,148,,,14R195,,,,,,0,0,000000000,00000000000,0,0,0,1,0,0,0,0,0,0,0,998,0,0,0,11,11,2,1,12,0,0,0,1,26,48732,6,1,0,0,3,0,71,215,0,0,0,0,0,0,0,0,0,0,0,0,0,0,1,2,50,1,1,2,1,0,0,1,62,1,1,1,98,0,0
26,260427,1,2,2,14,8,23,23,12,2,1,0,26,2,18,7,18007,4,2001,2G4WS52J2111,2,G,4,W,S,5,2,J,2,1,1,1,0,P,BUIC,CCU,4D,1,17,3368,,0,1090,,G,,F,6,191,,,15R205,,,,,,0,0,000000000,00000000000,0,0,0,1,0,0,0,0,0,0,0,998,0,0,0,12,12,6,2,12,0,0,0,1,26,48429,6,1,0,0,3,0,59,105,0,0,0,0,0,0,0,0,0,0,28,0,0,0,1,4,55,1,8,2,1,0,0,1,10,1,1,2,50,0,1
26,260427,2,2,2,14,8,23,23,12,2,1,0,26,2,20,32,20032,4,1999,1Y1SK5283XZ4,1,Y,1,S,K,5,2,8,3,X,Z,4,0,P,CHEV,P/L,4D,99,17,2403,,0,971,,G,,F,4,110,,,14R175,,,,,,0,0,000000000,00000000000,0,0,0,1,0,0,0,0,0,0,0,998,0,0,0,12,12,6,2,12,0,0,0,1,26,48420,6,1,0,0,3,0,67,150,0,0,0,0,0,0,0,0,0,0,0,0,0,0,1,4,55,1,8,2,1,0,0,1,62,7,1,1,51,1,0
26,260428,1,1,1,15,8,15,54,40,0,1,0,26,2,23,481,23481,31,1997,1GTEC19R4VE5,1,G,T,E,C,1,9,R,4,V,E,5,0,T,GMC,SC1,PC,97,17,,2,1555,1415,SIE,G,,,8,350,,,,B,00000,00,E,42,0,0,000000000,00000000000,0,0,0,1,0,0,0,0,0,0,0,998,0,1,5,12,12,6,2,40,0,0,0,1,26,48603,2,1,0,0,2,3,73,210,0,1,0,0,1,1,2011,4,2011,1,28,0,0,0,1,2,55,1,1,2,1,0,0,1,10,1,1,4,6,1,1