STATE,ST_CASE,VEH_NO,VE_FORMS,NUMOCCS,DAY,MONTH,HOUR,MINUTE,HARM_EV,MAN_COLL,UNITTYPE,HIT_RUN,REG_STAT,OWNER,MAKE,MODEL,MAK_MOD,BODY_TYP,MOD_YEAR,VIN,VIN_1,VIN_2,VIN_3,VIN_4,VIN_5,VIN_6,VIN_7,VIN_8,VIN_9,VIN_10,VIN_11,VIN_12,TOW_VEH,VINTYPE,VINMAKE,VINA_MOD,VIN_BT,VINMODYR,VIN_LNGT,VIN_WGT,WGTCD_TR,WHLBS_LG,WHLBS_SH,SER_TR,FUELCODE,MCYCL_DS,CARBUR,CYLINDER,DISPLACE,MCYCL_CY,MCYCL_WT,TIRE_SZE,TON_RAT,TRK_WT,TRKWTVAR,VIN_REST,WHLDRWHL,J_KNIFE,MCARR_I1,MCARR_I2,MCARR_ID,GVWR,V_CONFIG,CARGO_BT,HAZ_INV,HAZ_PLAC,HAZ_ID,HAZ_CNO,HAZ_REL,BUS_USE,SPEC_USE,EMER_USE,TRAV_SP,UNDERIDE,ROLLOVER,ROLINLOC,IMPACT1,IMPACT2,DEFORMED,TOWED,M_HARM,VEH_SC1,VEH_SC2,FIRE_EXP,DR_PRES,L_STATE,DR_ZIP,L_STATUS,L_TYPE,CDL_STAT,L_ENDORS,L_COMPL,L_RESTRI,DR_HGT,DR_WGT,PREV_ACC,PREV_SUS,PREV_DWI,PREV_SPD,PREV_OTH,FIRST_MO,FIRST_YR,LAST_MO,LAST_YR,SPEEDREL,DR_SF1,DR_SF2,DR_SF3,DR_SF4,VTRAFWAY,VNUM_LAN,VSPD_LIM,VALIGN,VPROFILE,VPAVETYP,VSURCOND,VTRAFCON,VTCONT_F,P_CRASH1,P_CRASH2,P_CRASH3,PCRASH4,PCRASH5,ACC_TYPE,DEATHS,DR_DRINK
26,260459,1,2,2,27,8,22,28,12,8,1,0,26,1,37,706,37706,80,1981,JYA4R0001BA0,J,Y,A,4,R,0,0,0,1,B,A,0,0,M,YAMA,X1S,RS,81,17,,,,,,,1100,,4,,4,556,,,,,,,0,0,000000000,00000000000,0,0,0,1,0,0,0,0,0,0,0,98,0,0,0,11,11,6,2,12,0,0,0,1,26,48187,6,1,0,0,3,0,74,315,0,0,0,1,0,3,2010,3,2010,1,28,0,0,0,1,2,40,2,1,2,1,0,0,14,10,1,1,2,64,1,1
26,260459,2,2,1,27,8,22,28,12,8,1,0,26,2,22,18,22018,2,1997,1G2NE12T7VC8,1,G,2,N,E,1,2,T,7,V,C,8,0,P,PONT,GAS,CP,97,17,2695,,0,1034,,G,,F,4,146,,,14R195,,,,,,0,0,000000000,00000000000,0,0,0,1,0,0,0,0,0,0,0,98,0,0,0,11,11,6,2,12,0,0,0,1,26,48340,6,1,0,0,3,0,69,190,0,15,0,2,2,11,2008,5,2011,0,0,0,0,0,1,2,40,3,1,2,1,0,0,14,62,1,1,1,65,0,0
26,260460,1,2,5,29,8,11,30,12,6,1,0,26,2,22,18,22018,4,2004,2G2WP5222412,2,G,2,W,P,5,2,2,2,4,1,2,0,P,PONT,GPG,4D,4,17,3477,,0,1105,,G,,F,6,231,,,16R225,,,,,,0,0,000000000,00000000000,0,0,0,1,0,0,0,0,0,0,0,98,0,0,0,9,9,6,2,12,0,0,0,1,26,49507,0,0,0,0,0,0,999,999,0,0,0,0,0,0,0,0,0,0,39,0,0,0,1,2,55,1,1,2,1,20,3,1,17,1,1,1,89,1,0
26,260460,2,2,4,29,8,11,30,12,6,1,0,26,3,20,422,20422,15,2007,3GNFK16397G2,3,G,N,F,K,1,6,3,9,7,G,2,0,P,CHEV,K15,UT,7,17,5745,,0,1300,,F,,F,8,323,,,17R265,,,,,,0,0,000000000,00000000000,0,0,0,1,0,0,0,0,0,0,0,98,0,0,0,12,12,6,2,12,0,0,0,1,26,49426,6,1,0,0,3,0,68,125,0,0,0,0,0,0,0,0,0,0,0,0,0,0,1,2,55,1,1,2,1,0,0,1,66,1,1,1,88,0,0
26,260461,1,2,7,27,8,12,36,12,6,1,0,26,1,12,442,12442,20,1999,2FMZA5246XBC,2,F,M,Z,A,5,2,4,6,X,B,C,0,T,FORD,WSE,ES,99,17,,1,0,1207,WIN,G,,,6,232,,,,B,4194,00,E,42,0,0,000000000,00000000000,0,0,0,1,0,0,0,0,0,0,0,98,0,0,0,12,12,6,8,12,0,0,0,1,26,49935,6,1,0,0,3,0,69,170,0,0,0,0,0,0,0,0,0,0,99,99,99,99,1,4,55,1,1,2,1,0,0,1,71,1,1,1,88,0,0
26,260461,2,2,3,27,8,12,36,12,6,1,0,26,1,20,20,20020,4,1998,2G1WL52M7W91,2,G,1,W,L,5,2,M,7,W,9,1,0,P,CHEV,L/S,4D,98,17,3330,,0,1075,,G,,F,6,191,,,15R205,,,,,,0,0,000000000,00000000000,0,0,0,1,0,0,0,0,0,0,0,98,0,0,0,9,9,6,2,12,0,0,0,1,26,49935,6,1,0,0,3,3,62,190,0,0,0,0,0,0,0,0,0,0,38,0,0,0,1,4,55,1,1,2,1,0,0,4,19,1,1,1,89,1,0
26,260462,1,2,1,27,8,0,40,12,1,1,1,26,2,20,481,20481,31,2002,1GCEK19T62E1,1,G,C,E,K,1,9,T,6,2,E,1,0,T,CHEV,SK1,4C,2,17,,2,1575,1435,SIL,G,,,8,325,,,,B,4910,02,,44,0,0,000000000,00000000000,0,0,0,1,0,0,0,0,0,0,0,98,0,0,0,12,12,2,1,12,0,0,0,1,26,48617,6,1,0,0,3,3,70,230,0,0,0,0,0,0,0,0,0,1,92,0,0,0,2,2,70,1,1,1,1,0,0,1,51,1,1,1,24,0,1
26,260462,2,2,2,27,8,0,40,12,1,1,0,26,1,12,13,12013,6,1991,1FAPP15J4MW3,1,F,A,P,P,1,5,J,4,M,W,3,0,P,FORD,LXE,SW,91,17,2411,,0,984,,G,,F,4,113,,,13R175,,,,,,0,0,000000000,00000000000,0,0,0,1,0,0,0,0,0,0,0,98,0,1,3,6,6,6,2,1,0,0,0,1,26,48624,6,1,0,0,3,3,66,175,1,0,0,0,0,12,2010,12,2010,0,28,0,0,0,2,2,70,1,1,1,1,0,0,1,53,1,1,1,25,2,0
26,260463,1,2,3,15,8,7,27,12,6,1,0,26,1,12,443,12443,20,2004,2FMZA516X4BB,2,F,M,Z,A,5,1,6,X,4,B,B,0,P,FORD,FRE,SV,4,17,4275,,0,1208,,G,,F,6,238,,,16R225,,,,,,0,0,000000000,00000000000,0,0,0,1,0,0,0,0,0,0,0,98,0,0,0,3,3,6,2,12,0,0,0,1,26,49650,6,1,0,0,3,0,66,150,1,0,0,3,0,8,2008,6,2010,0,39,0,0,0,1,2,55,1,1,2,1,20,3,1,17,1,1,1,87,1,0
26,260463,2,2,2,15,8,7,27,12,6,1,0,26,1,20,481,20481,31,2001,1GCHK29181E3,1,G,C,H,K,2,9,1,8,1,E,3,0,T,CHEV,2KH,4C,1,17,,2,1575,1435,SIL,D,,,8,403,,,,C,5342,00,,44,0,0,000000000,00000000000,0,0,0,1,0,0,0,0,0,0,0,98,0,0,0,12,12,6,2,12,0,0,0,1,26,49341,6,1,0,0,3,3,75,230,0,0,0,0,0,0,0,0,0,0,0,0,0,0,1,2,98,1,1,2,1,0,0,1,66,1,1,1,86,0,0
26,260464,1,2,2,27,8,17,45,12,6,1,0,26,2,12,3,12003,2,1977,7F03F165401,7,F,0,3,F,1,6,5,4,0,1,,0,P,FORD,M22,3D,77,11,2672,,0,962,,G,,2,8,302,,,13B78,,,,,,0,0,000000000,00000000000,0,0,0,1,0,0,0,0,0,0,0,98,0,0,0,9,9,6,2,12,0,0,0,1,26,49442,6,1,0,0,3,0,69,200,0,0,0,2,0,7,2010,7,2010,0,39,0,0,0,1,2,55,1,1,2,1,20,3,1,17,1,1,1,89,2,1
26,260464,2,2,4,27,8,17,45,12,6,1,0,26,2,20,2,20002,4,2000,2G1WH55K8Y93,2,G,1,W,H,5,5,K,8,Y,9,3,0,P,CHEV,IPL,4D,0,17,3466,,0,1110,,G,,F,6,231,,,16R225,,,,,,0,0,000000000,00000000000,0,0,0,1,0,0,0,0,0,0,0,98,0,0,0,12,12,6,2,12,0,0,0,1,26,49437,6,1,0,0,3,0,63,150,0,0,0,0,0,0,0,0,0,0,0,0,0,0,1,2,55,1,1,2,1,0,0,1,66,1,1,1,88,0,0
26,260465,1,1,1,7,8,3,50,53,0,1,0,26,1,37,709,37709,80,2008,JH2PC40438M1,J,H,2,P,C,4,0,4,3,8,M,1,0,M,HOND,B60,RC,8,17,,,,,,,599,,4,,4,410,,,,,,,0,0,000000000,00000000000,0,0,0,1,0,0,0,0,0,0,0,98,0,0,0,11,11,6,2,1,0,0,0,1,26,48386,6,1,0,0,3,0,68,145,0,0,0,0,0,0,0,0,0,1,0,0,0,0,1,2,45,3,2,2,1,0,0,14,13,1,1,4,1,1,1
26,260466,1,1,5,21,8,17,4,1,0,1,0,26,1,20,431,20431,16,1999,3GNFK16R4XG2,3,G,N,F,K,1,6,R,4,X,G,2,0,P,CHEV,K15,UT,99,17,5297,,0,1315,,G,,F,8,350,,,16R245,,,,,,0,0,000000000,00000000000,0,0,0,1,0,0,0,0,0,0,0,98,0,2,3,0,99,6,2,1,0,0,0,1,26,49015,6,1,0,0,3,0,60,135,0,2,0,0,1,7,2009,6,2011,0,58,0,0,0,2,2,70,1,1,1,1,0,0,1,90,7,1,4,8,1,0
26,260467,1,1,1,28,8,19,0,38,0,1,0,26,1,37,705,37705,80,2002,JH2PC35022M3,J,H,2,P,C,3,5,0,2,2,M,3,0,M,HOND,CF4,RC,2,17,,,,,,,599,,4,,4,370,,,,,,,0,0,000000000,00000000000,0,0,0,1,0,0,0,0,0,0,0,98,0,0,0,12,12,6,2,42,0,0,0,1,26,48224,6,1,0,0,3,0,71,260,0,2,0,1,0,10,2010,7,2011,1,28,0,0,0,1,2,45,2,2,2,1,0,0,14,12,1,1,4,6,1,0
26,260468,1,1,1,23,8,6,7,9,0,1,0,26,1,20,473,20473,30,2005,1GCDT1362582,1,G,C,D,T,1,3,6,2,5,8,2,0,T,CHEV,RDO,CW,5,17,,1,0,1260,CAL,G,,,5,214,,,,,3802,00,,44,0,0,000000000,00000000000,0,0,0,1,0,0,0,0,0,0,0,998,0,0,0,12,12,2,1,9,0,0,0,1,26,48192,6,1,0,0,3,0,71,165,0,0,0,0,0,0,0,0,0,0,86,35,0,0,6,1,98,2,1,2,1,0,0,6,83,1,1,1,13,0,0
26,260469,1,2,1,28,8,19,32,12,2,1,0,26,1,12,37,12037,4,2002,1FAFP34P62W3,1,F,A,F,P,3,4,P,6,2,W,3,0,P,FORD,FSC,4D,2,17,2604,,0,1030,,G,,F,4,122,,,15R195,,,,,,0,0,000000000,00000000000,0,0,0,1,0,0,0,0,0,0,0,98,0,0,0,12,12,6,2,12,0,0,0,1,26,49920,6,1,0,0,3,0,67,170,0,0,0,1,0,1,2011,1,2011,0,38,0,0,0,1,2,55,1,1,2,1,0,0,11,15,1,1,1,68,0,0
26,260469,2,2,2,28,8,19,32,12,2,1,0,26,1,72,706,72706,80,1982,1HD1AKK15CY0,1,H,D,1,A,K,K,1,5,C,Y,0,0,M,HD,FHS,RS,82,17,,,,,,,1340,,2,,4,625,,,,,,,0,0,000000000,00000000000,0,0,0,1,0,0,0,0,0,0,0,98,0,0,0,12,12,6,2,12,0,0,0,1,26,49920,6,1,0,0,3,0,67,220,0,0,0,0,0,0,0,0,0,0,0,0,0,0,1,2,55,1,1,2,1,0,0,1,62,1,1,1,69,1,1
26,260470,1,2,1,30,8,11,30,8,0,1,0,26,1,20,37,20037,4,2004,1G1ZU64834F1,1,G,1,Z,U,6,4,8,3,4,F,1,0,P,CHEV,XLT,4D,4,17,3476,,0,1123,,G,,F,6,214,,,16R215,,,,,,0,0,000000000,00000000000,0,0,0,1,0,0,0,0,0,0,0,998,0,0,0,12,12,6,2,8,0,0,0,1,26,48860,6,1,0,0,3,0,76,220,2,0,0,0,0,10,2008,9,2010,0,86,0,0,0,1,2,55,1,1,2,1,0,0,1,80,1,1,1,13,0,0
26,260470,2,2,0,30,8,11,30,8,0,1,0,91,6,98,709,98709,81,9999,999999999999,9,9,9,9,9,9,9,9,9,9,9,9,0,,,,,,,,,,,,,,,,,,,,,,,,,0,0,000000000,00000000000,0,0,0,1,0,0,0,0,0,0,0,998,0,0,0,98,98,8,8,12,0,0,0,0,0,99997,7,6,97,7,6,7,998,997,998,998,998,998,998,98,9998,98,9998,8,0,0,0,0,1,2,55,1,1,2,1,0,0,0,53,0,0,0,98,0,0
26,260471,1,2,1,31,8,15,35,12,2,1,0,26,3,82,881,82881,66,2005,1FUBCYDJ45HV,1,F,U,B,C,Y,D,J,4,5,H,V,1,T,FRHT,16M,TR,5,17,,8,0,0,FM2,D,,,6,439,,,,,00000,00,,42,1,57,299712,57299712,3,6,3,2,2,1006,2,1,0,0,0,98,0,0,0,12,12,6,2,12,0,0,0,1,26,48162,6,1,6,1,3,0,73,280,0,0,0,0,0,0,0,0,0,0,0,0,0,0,1,4,50,1,1,2,1,0,0,1,62,1,1,1,51,0,0
26,260471,2,2,2,31,8,15,35,12,2,1,0,26,2,12,423,12423,15,2003,1FMSU41F23EB,1,F,M,S,U,4,1,F,2,3,E,B,0,P,FORD,EXC,UT,3,17,6650,,0,1371,,D,,T,8,444,,,16R265,,,,,,0,0,000000000,00000000000,0,0,0,1,0,0,0,0,0,0,0,98,0,0,0,12,12,6,2,12,0,0,0,1,26,48162,6,1,0,0,3,0,72,185,2,0,0,0,1,5,2010,6,2010,0,28,0,0,0,1,4,50,1,1,2,1,0,0,1,10,1,1,2,50,1,1
26,260472,1,1,1,26,8,10,40,42,0,1,0,26,2,37,739,37739,90,2005,5Y4AJ14Y85A0,5,Y,4,A,J,1,4,Y,8,5,A,0,0,M,YAMA,Y45,AT,5,17,,,,,,,386,,1,,4,578,,,,,,,0,0,000000000,00000000000,0,0,0,1,0,0,0,0,0,0,0,98,0,0,0,1,1,6,2,42,0,0,0,1,26,49855,6,2,0,0,3,0,69,135,0,0,0,0,0,0,0,0,0,1,0,0,0,0,1,2,55,3,8,2,1,0,0,14,6,1,4,4,2,1,0
26,260473,1,1,1,31,8,21,46,8,0,1,0,26,1,20,32,20032,4,1998,1Y1SK5285WZ4,1,Y,1,S,K,5,2,8,5,W,Z,4,0,P,CHEV,P/L,4D,98,17,0,,0,971,,G,,F,4,110,,,14R175,,,,,,0,0,000000000,00000000000,0,0,0,1,0,0,0,0,0,0,0,998,0,0,0,12,12,2,3,8,0,0,0,1,26,48162,6,1,0,0,3,3,69,260,1,0,0,1,0,9,2008,3,2009,0,0,0,0,0,5,4,45,1,1,2,1,2,3,1,80,1,1,1,13,0,0
26,260474,1,2,1,10,8,10,30,12,6,1,0,12,3,84,881,84881,66,2008,2HSCUAPR48C6,2,H,S,C,U,A,P,R,4,8,C,6,1,T,INTL,PPR,TR,8,17,,8,0,0,PRO,D,,,6,915,,,,,00000,00,,64,1,57,85736,5785736,3,6,1,1,0,0,0,0,0,0,0,98,0,0,0,7,7,2,3,12,0,0,0,1,12,32226,6,1,6,0,3,0,66,999,0,0,0,0,1,2,2011,2,2011,0,48,0,0,0,5,6,35,1,1,2,1,0,0,12,98,1,1,2,98,0,0
26,260474,2,2,1,10,8,10,30,12,6,1,0,26,2,22,22,22022,4,2008,1G2ZH17N9841,1,G,2,Z,H,1,7,N,9,8,4,1,0,P,PONT,GGT,CP,8,17,3415,,0,1123,,G,,F,6,214,,,17R225,,,,,,0,0,000000000,00000000000,0,0,0,1,0,0,0,0,0,0,0,98,0,0,0,12,12,6,2,12,0,0,0,1,26,48178,6,1,0,0,3,0,76,225,1,1,0,1,1,8,2009,12,2010,0,92,0,0,0,5,6,35,1,1,2,1,0,0,1,60,1,1,1,98,1,0
26,260475,1,1,1,25,8,0,3,42,0,1,0,26,1,12,37,12037,4,2006,1FAFP34N66W1,1,F,A,F,P,3,4,N,6,6,W,1,0,P,FORD,ZX4,4D,6,17,2676,,0,1029,,G,,F,4,122,,,15R195,,,,,,0,0,000000000,00000000000,0,0,0,1,0,0,0,0,0,0,0,998,0,0,0,11,13,6,2,42,0,0,0,1,26,49201,6,1,0,0,3,3,75,240,0,0,0,0,0,0,0,0,0,1,58,0,0,0,1,2,55,3,1,2,1,0,0,14,13,6,1,4,1,1,0
26,260476,1,2,1,13,8,23,35,12,6,1,0,26,1,59,31,59031,4,1998,JT8BF28G9W50,J,T,8,B,F,2,8,G,9,W,5,0,0,P,LEXS,ES3,4D,98,17,3378,,0,1051,,G,,F,6,183,,,15R205,,,,,,0,0,000000000,00000000000,0,0,0,1,0,0,0,0,0,0,0,98,0,0,0,12,12,6,2,12,0,0,0,1,26,49329,6,1,0,0,3,3,68,175,1,0,0,0,0,2,2011,2,2011,0,36,0,0,0,1,2,98,1,1,2,1,20,3,1,17,1,1,1,86,0,1
26,260476,2,2,5,13,8,23,35,12,6,1,0,26,2,20,443,20443,20,1999,1GNDX03E6XD1,1,G,N,D,X,0,3,E,6,X,D,1,0,T,CHEV,VTR,ES,99,17,,1,0,1200,VTR,G,,,6,207,,,,,3792,00,,42,0,0,000000000,00000000000,0,0,0,1,0,0,0,0,0,0,0,98,0,1,5,3,3,6,2,12,0,0,0,1,26,49343,6,1,6,0,3,3,72,230,0,0,0,0,1,12,2009,12,2009,0,0,0,0,0,1,2,55,1,1,2,1,0,0,1,66,1,1,1,87,1,0
26,260477,1,1,3,6,8,23,46,59,0,1,0,26,1,52,37,52037,2,2004,4A3AC74H34E0,4,A,3,A,C,7,4,H,3,4,E,0,0,P,MITS,GTS,2H,4,17,3241,,0,1008,,G,,F,6,183,,,17R215,,,,,,0,0,000000000,00000000000,0,0,0,1,0,0,0,0,0,0,0,998,0,1,2,12,99,6,2,24,0,0,0,1,26,49037,6,1,0,0,3,0,65,135,0,0,0,0,0,0,0,0,0,1,0,0,0,0,1,2,35,3,1,2,1,20,3,14,11,1,1,4,1,1,1
26,260478,1,1,1,14,8,3,50,8,0,1,0,26,1,20,22,20022,2,2006,1G1AM15B4677,1,G,1,A,M,1,5,B,4,6,7,7,0,P,CHEV,BSS,CP,6,17,2815,,0,1033,,G,,F,4,146,,,17R205,,,,,,0,0,000000000,00000000000,0,0,0,1,0,0,0,0,0,0,0,98,0,0,0,12,12,4,1,8,0,0,0,1,26,48173,6,1,0,0,3,0,66,110,0,0,0,0,0,0,0,0,0,0,0,0,0,0,5,2,45,1,1,2,2,0,0,1,80,1,1,1,13,0,0
26,260479,1,2,2,6,8,11,49,12,6,1,0,26,1,14,20,14020,4,2007,1MEHM42157G6,1,M,E,H,M,4,2,1,5,7,G,6,0,P,MERC,PRM,4D,7,17,3656,,0,1129,,G,,F,6,183,,,18R225,,,,,,0,0,000000000,00000000000,0,0,0,1,0,0,0,0,0,0,0,98,0,0,0,11,11,6,2,12,0,0,0,1,26,48187,6,1,0,0,3,3,66,200,0,0,0,0,0,0,0,0,0,0,38,0,0,0,1,2,55,1,1,2,1,0,0,4,19,1,1,1,89,1,0
26,260479,2,2,2,6,8,11,49,12,6,1,0,26,1,2,403,2403,14,2007,1J4GA39157L1,1,J,4,G,A,3,9,1,5,7,L,1,0,T,JEEP,WXR,4W,7,17,,1,0,1160,WRA,G,,,6,230,,,,,4075,00,4,44,0,0,000000000,00000000000,0,0,0,1,0,0,0,0,0,0,0,98,0,0,0,12,12,6,2,12,0,0,0,1,26,49286,6,1,0,0,3,3,67,210,0,0,0,1,0,9,2010,9,2010,0,0,0,0,0,1,2,55,1,1,2,1,0,0,1,73,1,1,1,88,0,0
26,260480,1,1,1,27,8,22,38,5,0,1,0,26,1,98,709,98709,81,2007,LD5TCBPA8810,L,D,5,T,C,B,P,A,8,8,1,0,0,U,,,,7,17,,,,,,,,,,,,,,,,,,,0,0,000000000,00000000000,0,0,0,1,0,0,0,0,0,0,0,98,0,0,0,0,0,4,3,5,0,0,0,1,26,48341,6,1,0,0,3,3,64,180,0,0,0,0,0,0,0,0,0,0,0,0,0,0,1,2,45,1,1,2,1,0,0,1,98,1,1,1,0,1,0
26,260481,1,1,1,28,8,2,52,1,0,1,0,18,2,7,20,7020,4,1996,3B3ES47C4TT2,3,B,3,E,S,4,7,C,4,T,T,2,0,P,DODG,NEH,4D,96,17,2443,,0,1040,,G,,F,4,122,,,14R185,,,,,,0,0,000000000,00000000000,0,0,0,1,0,0,0,0,0,0,0,998,0,2,5,0,0,6,2,42,0,0,0,1,26,49242,0,0,0,0,0,0,68,140,0,0,0,0,0,0,0,0,0,0,36,0,0,0,1,2,55,1,8,5,1,0,0,1,9,1,3,4,2,1,1
26,260482,1,1,1,23,7,1,6,8,0,1,1,99,9,99,399,99399,9,9999,999999999999,9,9,9,9,9,9,9,9,9,9,9,9,0,,,,,,,,,,,,,,,,,,,,,,,,,0,0,000000000,00000000000,0,0,0,1,0,0,0,0,0,0,0,98,0,0,0,99,99,9,1,8,0,0,0,1,99,99999,9,9,99,9,9,9,999,999,99,99,99,99,99,99,9999,99,9999,0,0,0,0,0,5,4,45,1,1,2,1,0,0,1,80,1,1,9,13,0,0
26,260483,1,1,1,29,8,0,39,42,0,1,0,26,1,12,17,12017,4,1997,1FALP53S6VG2,1,F,A,L,P,5,3,S,6,V,G,2,0,P,FORD,TAX,4D,97,17,0,,0,1085,,G,,F,6,182,,,15R205,,,,,,0,0,000000000,00000000000,0,0,0,1,0,0,0,0,0,0,0,98,0,1,5,1,1,6,2,42,0,0,0,1,26,49931,6,1,0,0,3,0,64,130,0,0,0,1,1,7,2011,7,2011,1,28,0,0,0,1,2,55,3,1,2,1,0,0,14,6,1,4,4,7,1,1
26,260484,1,1,1,25,7,4,52,25,0,1,0,26,2,53,706,53706,80,2003,1S1GT75A4321,1,S,1,G,T,7,5,A,4,3,2,1,0,M,SUZI,XR1,RC,3,17,,,,,,,988,,4,,4,370,,,,,,,0,0,000000000,00000000000,0,0,0,1,0,0,0,0,0,0,0,98,0,0,0,11,99,6,2,30,0,0,0,1,26,48186,1,1,0,0,2,0,66,145,0,28,0,1,3,8,2008,6,2011,1,0,0,0,0,3,2,55,2,2,2,1,0,0,14,6,1,9,4,7,1,0
26,260485,1,1,2,8,8,14,44,42,0,1,0,26,1,18,3,18003,4,2001,1G4CW54K9141,1,G,4,C,W,5,4,K,9,1,4,1,0,P,BUIC,PKA,4D,1,17,3778,,0,1138,,G,,F,6,231,,,16R225,,,,,,0,0,000000000,00000000000,0,0,0,1,0,0,0,0,0,0,0,98,0,0,0,1,1,6,2,42,0,0,0,1,26,48047,6,1,0,0,3,3,64,200,0,0,0,0,0,0,0,0,0,0,26,0,0,0,1,2,55,1,2,4,1,0,0,1,13,1,1,4,1,2,0
26,260486,1,2,1,1,9,9,33,12,6,1,0,18,1,35,47,35047,4,2011,1N4AL2AP7BC1,1,N,4,A,L,2,A,P,7,B,C,1,0,P,NISS,ATS,4D,11,17,3180,,0,1093,,G,,F,4,153,,,16R215,,,,,,0,0,000000000,00000000000,0,0,0,1,0,0,0,0,0,0,0,98,0,0,0,9,9,6,2,12,0,0,0,1,18,46260,6,1,0,0,3,3,66,185,0,0,0,0,0,0,0,0,0,0,38,0,0,0,1,2,98,1,1,2,1,20,3,11,15,1,1,1,82,1,0
26,260486,2,2,1,1,9,9,33,12,6,1,0,93,3,98,881,98881,66,2006,4WWBGB6B06N6,4,W,W,B,G,B,6,B,0,6,N,6,1,U,,,,6,17,,,,,,,,,,,,,,,,,,,1,57,887654,57887654,3,6,3,1,0,0,0,0,0,0,0,98,0,0,0,12,12,6,2,12,0,0,0,1,26,49707,6,1,6,0,3,0,72,260,0,0,0,0,0,0,0,0,0,0,0,0,0,0,1,2,55,1,2,1,1,0,0,1,66,1,1,1,83,0,0
26,260487,1,2,1,1,9,8,25,1,0,1,0,39,3,87,881,87881,66,2011,1XPVDU9X8BD1,1,X,P,V,D,U,9,X,8,B,D,1,1,T,PTRB,384,TR,11,17,,8,0,0,CON,D,,,6,763,,,,,00000,00,,64,1,57,265978,57265978,3,6,2,1,0,0,0,0,0,0,0,98,0,0,0,5,5,0,1,12,0,0,0,1,39,44632,6,1,6,0,3,3,65,200,0,0,0,0,0,0,0,0,0,0,38,0,0,0,3,3,98,1,1,1,1,0,0,15,11,1,1,2,98,0,0
26,260487,2,2,1,1,9,8,25,1,0,1,0,26,1,76,706,76706,80,2009,JYAVP27E49A0,J,Y,A,V,P,2,7,E,4,9,A,0,0,M,YAMA,9CU,RS,9,17,,,,,,,1854,,2,,4,692,,,,,,,0,0,000000000,00000000000,0,0,0,1,0,0,0,0,0,0,0,98,0,0,0,0,99,6,2,12,0,0,0,1,26,48179,6,1,0,0,3,0,70,240,0,0,0,2,0,12,2009,12,2010,0,0,0,0,0,6,1,98,2,8,8,98,0,0,14,61,99,1,1,98,1,0
26,260488,1,2,1,5,8,0,35,12,1,1,0,26,1,53,705,53705,80,2007,JS1GN7DA0721,J,S,1,G,N,7,D,A,0,7,2,1,0,M,SUZI,G60,RC,7,17,,,,,,,599,,4,,4,354,,,,,,,0,0,000000000,00000000000,0,0,0,1,0,0,0,0,0,0,0,98,0,0,0,12,99,6,2,25,0,0,0,1,26,48390,6,1,0,0,3,0,71,190,1,0,0,2,0,10,2008,10,2010,1,0,0,0,0,3,4,70,1,8,1,1,0,0,15,51,1,1,1,24,1,1
26,260488,2,2,3,5,8,0,35,12,1,1,0,26,1,23,481,23481,31,1993,2GTEC19K9P15,2,G,T,E,C,1,9,K,9,P,1,5,0,T,GMC,SC1,PC,93,17,,2,1555,1415,SIE,G,,,8,350,,,,B,00000,00,A,42,0,0,000000000,00000000000,0,0,0,1,0,0,0,0,0,0,0,98,0,0,0,6,6,2,1,12,0,0,0,1,26,48616,6,1,0,0,3,0,71,160,0,0,0,0,0,0,0,0,0,0,0,0,0,0,3,4,70,1,8,1,1,0,0,1,53,1,1,1,25,0,0
26,260489,1,2,2,17,8,12,30,12,6,1,0,26,1,12,23,12023,4,2006,3FAHP08116R1,3,F,A,H,P,0,8,1,1,6,R,1,0,P,FORD,F/L,4D,6,17,3101,,0,1074,,G,,F,6,183,,,17R225,,,,,,0,0,000000000,00000000000,0,0,0,1,0,0,0,0,0,0,0,98,0,0,0,9,9,6,2,12,0,0,0,1,26,48188,6,1,0,0,3,0,64,115,3,0,0,0,3,8,2008,11,2010,0,39,0,0,0,1,4,35,1,1,2,1,2,3,1,17,1,1,1,89,1,0
26,260489,2,2,1,17,8,12,30,12,6,1,0,26,2,20,461,20461,21,2005,1GCHG39V8511,1,G,C,H,G,3,9,V,8,5,1,1,0,T,CHEV,E35,EC,5,17,,2,0,1550,EXP,G,,,8,293,,,,D,5613,00,,42,0,0,000000000,00000000000,0,0,0,1,0,0,0,0,0,0,0,98,0,0,0,12,12,6,2,12,0,0,0,1,26,48174,6,1,0,0,3,0,68,185,0,0,0,1,0,10,2009,10,2009,0,0,0,0,0,1,4,99,1,1,2,1,2,3,1,66,1,1,1,88,0,0
26,260490,1,2,1,16,8,12,56,12,6,1,0,26,1,14,17,14017,4,1999,1MEFM53S2XG6,1,M,E,F,M,5,3,S,2,X,G,6,0,P,MERC,SLS,4D,99,17,3299,,0,1085,,G,,F,6,182,,,15R205,,,,,,0,0,000000000,00000000000,0,0,0,1,0,0,0,0,0,0,0,98,0,0,0,9,9,6,2,12,0,0,0,1,26,49024,6,1,0,0,3,0,63,128,0,0,0,0,0,0,0,0,0,0,38,0,0,0,1,2,99,1,1,2,1,20,3,1,17,1,1,1,89,1,0