STATE,ST_CASE,VEH_NO,VE_FORMS,NUMOCCS,DAY,MONTH,HOUR,MINUTE,HARM_EV,MAN_COLL,UNITTYPE,HIT_RUN,REG_STAT,OWNER,MAKE,MODEL,MAK_MOD,BODY_TYP,MOD_YEAR,VIN,VIN_1,VIN_2,VIN_3,VIN_4,VIN_5,VIN_6,VIN_7,VIN_8,VIN_9,VIN_10,VIN_11,VIN_12,TOW_VEH,VINTYPE,VINMAKE,VINA_MOD,VIN_BT,VINMODYR,VIN_LNGT,VIN_WGT,WGTCD_TR,WHLBS_LG,WHLBS_SH,SER_TR,FUELCODE,MCYCL_DS,CARBUR,CYLINDER,DISPLACE,MCYCL_CY,MCYCL_WT,TIRE_SZE,TON_RAT,TRK_WT,TRKWTVAR,VIN_REST,WHLDRWHL,J_KNIFE,MCARR_I1,MCARR_I2,MCARR_ID,GVWR,V_CONFIG,CARGO_BT,HAZ_INV,HAZ_PLAC,HAZ_ID,HAZ_CNO,HAZ_REL,BUS_USE,SPEC_USE,EMER_USE,TRAV_SP,UNDERIDE,ROLLOVER,ROLINLOC,IMPACT1,IMPACT2,DEFORMED,TOWED,M_HARM,VEH_SC1,VEH_SC2,FIRE_EXP,DR_PRES,L_STATE,DR_ZIP,L_STATUS,L_TYPE,CDL_STAT,L_ENDORS,L_COMPL,L_RESTRI,DR_HGT,DR_WGT,PREV_ACC,PREV_SUS,PREV_DWI,PREV_SPD,PREV_OTH,FIRST_MO,FIRST_YR,LAST_MO,LAST_YR,SPEEDREL,DR_SF1,DR_SF2,DR_SF3,DR_SF4,VTRAFWAY,VNUM_LAN,VSPD_LIM,VALIGN,VPROFILE,VPAVETYP,VSURCOND,VTRAFCON,VTCONT_F,P_CRASH1,P_CRASH2,P_CRASH3,PCRASH4,PCRASH5,ACC_TYPE,DEATHS,DR_DRINK
26,260527,1,1,2,20,9,15,22,35,0,1,0,26,2,22,32,22032,6,2004,5Y2SM62844Z4,5,Y,2,S,M,6,2,8,4,4,Z,4,0,P,PONT,VA4,4H,4,17,2980,,0,1024,,G,,F,4,110,,,16R205,,,,,,0,0,000000000,00000000000,0,0,0,1,0,0,0,0,0,0,0,98,0,1,5,1,0,6,2,30,0,0,0,1,26,49650,6,2,0,0,3,0,70,150,0,0,0,0,0,0,0,0,0,0,36,0,0,0,1,2,55,1,2,2,1,0,0,1,13,1,1,4,1,1,0
26,260528,1,1,1,15,9,14,45,10,0,1,0,26,2,20,37,20037,4,2003,1G1NE52J83M6,1,G,1,N,E,5,2,J,8,3,M,6,0,P,CHEV,M/L,4D,3,17,3106,,0,1070,,G,,F,6,191,,,15R215,,,,,,0,0,000000000,00000000000,0,0,0,1,0,0,0,0,0,0,0,98,0,0,0,9,9,6,2,10,0,0,0,1,26,49002,6,1,0,0,3,0,72,145,1,3,0,2,1,11,2008,10,2010,0,39,0,0,0,1,2,45,1,1,2,1,65,3,1,91,99,1,1,98,1,0
26,260529,1,1,1,17,9,2,37,30,0,1,0,26,2,52,401,52401,14,2003,JA4MT31R13J0,J,A,4,M,T,3,1,R,1,3,J,0,0,P,MITS,MNS,UT,3,17,4240,,0,1073,,G,,F,6,213,,,16R255,,,,,,0,0,000000000,00000000000,0,0,0,1,0,0,0,0,0,0,0,98,0,0,0,1,1,6,2,30,0,0,0,1,26,49519,6,1,0,0,3,0,67,117,0,0,0,0,0,0,0,0,0,1,28,0,0,0,1,2,55,4,2,2,1,0,0,14,6,1,4,4,7,1,1
26,260530,1,1,3,18,9,2,52,33,0,1,0,26,2,12,481,12481,31,2004,1FTNW21P04EA,1,F,T,N,W,2,1,P,0,4,E,A,0,T,FORD,F2S,CW,4,17,,2,1724,1562,SRW,D,,,8,366,,,,C,6234,00,E,44,0,0,000000000,00000000000,0,0,0,1,0,0,0,0,0,0,0,98,0,1,6,99,99,6,2,19,0,0,0,1,26,48030,6,1,0,0,3,0,72,185,0,2,1,0,0,1,2010,8,2011,0,36,0,0,0,2,4,40,1,1,2,1,0,0,1,12,1,1,4,6,2,1
26,260531,1,2,1,20,9,7,45,12,8,1,0,26,1,72,706,72706,80,1993,1HD1BJL46PY0,1,H,D,1,B,J,L,4,6,P,Y,0,0,M,HD,STC,RS,93,17,,,,,,,1340,,2,,4,710,,,,,,,0,0,000000000,00000000000,0,0,0,1,0,0,0,0,0,0,0,98,0,0,0,9,9,6,2,12,0,0,0,1,26,49120,6,1,0,0,3,0,68,160,1,0,0,0,1,11,2009,11,2009,0,26,0,0,0,1,2,45,2,1,2,1,0,0,14,62,1,1,1,65,1,0
26,260531,2,2,1,20,9,7,45,12,8,1,0,26,3,82,881,82881,66,2010,1FUJGEDR7ALA,1,F,U,J,G,E,D,R,7,A,L,A,1,T,FRHT,125,TR,10,17,,8,0,0,CSC,D,,,6,903,,,,,00000,00,,64,1,57,327574,57327574,3,6,97,1,0,0,0,0,0,0,0,98,0,0,0,9,14,2,3,12,0,0,0,1,26,49047,6,1,6,0,3,0,75,300,1,0,0,0,0,6,2009,6,2009,0,0,0,0,0,1,2,45,2,1,2,1,0,0,14,10,1,1,2,64,0,0
26,260532,1,2,2,17,9,1,15,12,6,1,0,26,2,55,33,55033,4,2011,5NPEB4AC2BH2,5,N,P,E,B,4,A,C,2,B,H,2,0,P,HYUN,SGL,4D,11,17,3161,,0,1100,,G,,F,4,144,,,16R205,,,,,,0,0,000000000,00000000000,0,0,0,1,0,0,0,0,0,0,0,98,0,0,0,12,12,6,2,12,0,0,0,1,26,49015,6,1,0,0,3,0,71,190,0,0,0,0,0,0,0,0,0,0,92,0,0,0,5,4,35,1,1,2,1,2,3,1,17,1,1,1,86,0,1
26,260532,2,2,2,17,9,1,15,12,6,1,0,26,1,20,36,20036,2,2004,2G1WW12E9493,2,G,1,W,W,1,2,E,9,4,9,3,0,P,CHEV,MLS,CP,4,17,3340,,0,1105,,G,,F,6,207,,,16R225,,,,,,0,0,000000000,00000000000,0,0,0,1,0,0,0,0,0,0,0,98,0,0,0,3,3,6,2,12,0,0,0,1,26,49012,6,1,0,0,3,0,73,160,0,1,0,1,0,5,2010,8,2010,0,36,0,0,0,5,4,35,1,1,2,1,2,3,1,17,1,1,1,87,1,1
26,260533,1,4,1,22,9,11,29,12,7,1,0,26,1,6,52,6052,6,2007,3A8FY58B77T5,3,A,8,F,Y,5,8,B,7,7,T,5,0,P,CHRY,PTC,SV,7,17,3040,,0,1030,,G,,F,4,148,,,15R195,,,,,,0,0,000000000,00000000000,0,0,0,1,0,0,0,0,0,0,0,98,0,0,0,1,12,6,2,12,0,0,0,1,26,48320,6,1,0,0,3,3,74,250,0,0,0,1,0,9,2009,9,2009,0,26,36,0,0,2,4,45,1,1,2,1,0,0,1,11,1,1,2,44,1,0
26,260533,2,4,1,22,9,11,29,12,7,1,0,26,1,2,405,2405,14,2009,1J8GN28KX9W5,1,J,8,G,N,2,8,K,X,9,W,5,0,T,JEEP,SPR,4W,9,17,,1,0,1061,LIB,G,,,6,225,,,,,4269,00,3,44,0,0,000000000,00000000000,0,0,0,1,0,0,0,0,0,0,0,98,0,0,0,7,7,2,3,12,0,0,0,1,26,48170,6,1,0,0,3,3,61,120,0,0,0,0,0,0,0,0,0,0,0,0,0,0,2,4,45,1,1,2,1,0,0,1,61,1,1,1,45,0,0
26,260533,3,4,3,22,9,11,29,12,7,1,0,26,2,34,35,34035,4,1997,WBADE5324VBV,W,B,A,D,E,5,3,2,4,V,B,V,0,P,BMW,54I,4D,97,17,3748,,0,1114,,G,,F,8,268,,,17R235,,,,,,0,0,000000000,00000000000,0,0,0,1,0,0,0,0,0,0,0,98,0,0,0,10,10,6,2,12,0,0,0,1,26,48009,3,1,0,0,2,0,64,145,0,0,0,0,0,0,0,0,0,0,0,0,0,0,2,4,45,1,1,2,1,0,0,1,62,1,1,1,98,0,0
26,260533,4,4,1,22,9,11,29,12,7,1,0,26,2,12,481,12481,31,1995,1FTEX15N7SKB,1,F,T,E,X,1,5,N,7,S,K,B,0,T,FORD,F15,PC,95,17,,2,1550,1390,COF,G,,,8,302,,,,B,00000,00,M,42,0,0,000000000,00000000000,0,0,0,1,0,0,0,0,0,0,0,98,0,0,0,12,12,6,2,12,0,0,0,1,26,48073,6,1,0,0,3,3,71,143,0,0,0,0,0,0,0,0,0,0,0,0,0,0,2,4,45,1,1,2,1,0,0,1,98,1,1,1,98,0,0
26,260534,1,1,1,22,9,18,55,43,0,1,0,26,1,20,401,20401,14,2002,1GNDT13S7222,1,G,N,D,T,1,3,S,7,2,2,2,0,P,CHEV,TRL,UT,2,17,4628,,0,1130,,G,,F,6,256,,,16R245,,,,,,0,0,000000000,00000000000,0,0,0,1,0,0,0,0,0,0,0,98,0,0,0,11,11,4,3,43,0,0,0,1,26,49301,6,1,0,0,3,0,71,170,0,0,0,0,0,0,0,0,0,0,28,0,0,0,5,2,35,1,2,2,1,0,0,1,12,1,1,4,6,1,0
26,260535,1,1,1,23,9,0,35,8,0,1,0,26,3,69,54,69054,3,2002,WMWRE33452TD,W,M,W,R,E,3,3,4,5,2,T,D,0,P,MNNI,COS,2H,2,17,2679,,0,971,,G,,Z,4,098,,,16R195,,,,,,0,0,000000000,00000000000,0,0,0,1,0,0,0,0,0,0,0,98,0,0,0,1,1,4,3,8,0,0,0,1,26,48009,6,1,0,0,3,3,67,150,0,0,0,1,0,7,2011,7,2011,0,0,0,0,0,5,4,98,1,1,2,2,0,0,1,80,1,1,1,13,0,0
26,260536,1,1,6,23,9,22,0,1,0,1,0,26,1,21,20,21020,4,1997,1G3WH52M7VF3,1,G,3,W,H,5,2,M,7,V,F,3,0,P,OLDS,SUL,4D,97,17,3388,,0,1075,,G,,F,6,191,,,16R215,,,,,,0,0,000000000,00000000000,0,0,0,1,0,0,0,0,0,0,0,98,0,2,5,0,0,6,2,1,0,0,0,1,26,48629,6,2,0,0,3,0,64,117,0,0,0,0,0,0,0,0,0,0,81,0,0,0,1,2,55,1,1,2,2,0,0,1,90,7,1,4,1,1,0
26,260537,1,1,1,23,9,0,4,42,0,1,0,26,2,20,401,20401,14,2000,1GNDT13W3Y22,1,G,N,D,T,1,3,W,3,Y,2,2,0,P,CHEV,BZR,UT,0,17,4049,,0,1070,,G,,F,6,262,,,15R205,,,,,,0,0,000000000,00000000000,0,0,0,1,0,0,0,0,0,0,0,98,0,0,0,12,12,6,2,42,0,0,1,1,26,49425,6,1,0,0,3,0,69,212,0,0,0,0,0,0,0,0,0,1,28,0,0,0,1,2,55,2,1,2,1,0,0,14,12,1,1,4,6,1,1
26,260538,1,1,3,25,9,0,38,34,0,1,0,26,9,99,399,99399,9,9999,999999999999,9,9,9,9,9,9,9,9,9,9,9,9,0,,,,,,,,,,,,,,,,,,,,,,,,,0,0,000000000,00000000000,0,0,0,1,0,0,0,0,0,0,0,98,0,0,0,12,12,6,2,42,0,0,0,1,26,49285,0,0,0,0,0,0,999,999,0,1,0,0,0,7,2009,7,2009,0,36,0,0,0,1,2,55,3,1,2,1,0,0,14,13,1,1,4,1,1,1
26,260539,1,1,2,6,9,13,22,1,0,1,0,26,1,41,45,41045,1,2009,JM1NC25F7902,J,M,1,N,C,2,5,F,7,9,0,2,0,P,MAZD,MIA,CV,9,17,2447,,0,917,,G,,F,4,122,,,16R205,,,,,,0,0,000000000,00000000000,0,0,0,1,0,0,0,0,0,0,0,98,0,2,3,0,99,6,2,57,0,0,0,1,26,49546,6,1,0,0,3,3,69,162,2,0,0,0,2,1,2011,3,2011,0,28,0,0,0,3,2,70,1,1,2,1,0,0,1,3,1,4,4,7,1,0
26,260540,1,2,2,26,9,7,56,12,1,1,0,26,1,20,481,20481,31,2009,1GNFK36329J1,1,G,N,F,K,3,6,3,2,9,J,1,0,P,CHEV,K15,UT,9,17,5743,,0,1300,,F,,F,8,323,,,20R265,,,,,,0,0,000000000,00000000000,0,0,0,1,0,0,0,0,0,0,0,98,0,0,0,6,6,6,2,12,0,0,0,1,26,49685,6,1,0,0,3,0,75,255,0,0,0,0,0,0,0,0,0,0,0,0,0,0,3,2,70,1,1,1,2,0,0,2,53,1,1,1,29,0,0
26,260540,2,2,1,26,9,7,56,12,1,1,0,26,1,21,401,21401,14,1994,1GHDT13W9R27,1,G,H,D,T,1,3,W,9,R,2,7,0,P,OLDS,BRA,UT,94,17,3887,,0,1070,,G,,F,6,262,,,15R235,,,,,,0,0,000000000,00000000000,0,0,0,1,0,0,0,0,0,0,0,98,0,1,5,12,99,6,2,1,0,0,0,1,26,48197,6,1,0,0,3,0,68,170,0,0,0,0,1,12,2009,12,2009,1,26,0,0,0,3,2,70,1,1,1,2,0,0,1,52,1,1,1,28,1,0
26,260541,1,1,1,25,9,2,44,8,0,1,1,99,9,99,399,99399,9,9999,999999999999,9,9,9,9,9,9,9,9,9,9,9,9,0,,,,,,,,,,,,,,,,,,,,,,,,,0,0,000000000,00000000000,0,0,0,1,0,0,0,0,0,0,0,98,0,0,0,1,1,9,1,8,0,0,0,1,99,99999,9,9,99,9,9,9,999,999,99,99,99,99,99,99,9999,99,9999,0,0,0,0,0,1,2,45,1,1,2,1,0,0,1,80,1,1,1,13,0,0
26,260542,1,2,2,26,5,20,47,12,6,1,0,26,3,12,481,12481,31,2003,1FTNF21L73EA,1,F,T,N,F,2,1,L,7,3,E,A,0,T,FORD,F2S,PK,3,17,,2,0,1370,SRW,G,,,8,330,,,,C,5857,00,U,44,0,0,000000000,00000000000,0,0,0,1,0,0,0,0,0,0,0,98,0,1,1,12,12,6,2,12,0,0,0,1,26,49534,6,1,0,0,3,0,73,160,1,2,1,0,1,6,2008,9,2009,0,0,0,0,0,5,4,45,1,1,2,1,2,3,1,62,1,1,1,69,0,0
26,260542,2,2,2,26,5,20,47,12,6,1,0,26,2,2,404,2404,14,1997,1J4FT68S7VL5,1,J,4,F,T,6,8,S,7,V,L,5,0,T,JEEP,SPT,4W,97,17,,1,0,1014,CHK,G,,,6,242,,,,,3078,00,E,42,0,0,000000000,00000000000,0,0,0,1,0,0,0,0,0,0,0,98,0,0,0,3,3,6,2,12,0,0,0,1,26,49503,6,1,0,0,3,0,73,195,0,1,0,3,0,10,2009,12,2010,0,38,0,0,0,5,4,45,1,1,2,1,2,3,11,15,1,1,1,68,1,0
26,260543,1,2,1,8,6,22,23,12,2,1,0,26,2,14,17,14017,4,2003,1MEFM55S13G6,1,M,E,F,M,5,5,S,1,3,G,6,0,P,MERC,SLP,4D,3,17,3369,,0,1085,,G,,F,6,182,,,16R215,,,,,,0,0,000000000,00000000000,0,0,0,1,0,0,0,0,0,0,0,98,0,0,0,12,12,6,2,12,0,0,0,1,26,48917,6,1,0,0,3,3,67,170,0,0,0,0,0,0,0,0,0,0,38,0,0,0,1,4,45,1,1,2,1,0,0,11,15,1,1,1,68,0,0
26,260543,2,2,1,8,6,22,23,12,2,1,0,26,1,53,706,53706,80,2006,JS1VS52A0621,J,S,1,V,S,5,2,A,0,6,2,1,0,M,SUZI,VS8,RS,6,17,,,,,,,805,,2,,4,445,,,,,,,0,0,000000000,00000000000,0,0,0,1,0,0,0,0,0,0,0,98,0,0,0,12,12,6,2,12,0,0,0,1,26,48912,6,1,0,0,3,3,70,265,0,0,0,0,0,0,0,0,0,0,0,0,0,0,1,4,45,1,1,2,1,0,0,1,62,1,1,1,69,1,0
26,260544,1,2,3,18,6,4,35,12,2,1,0,26,2,20,421,20421,15,1999,1GNEK13R6XJ3,1,G,N,E,K,1,3,R,6,X,J,3,0,P,CHEV,KTA,UT,99,17,5268,,0,1175,,G,,F,8,350,,,16R245,,,,,,0,0,000000000,00000000000,0,0,0,1,0,0,0,0,0,0,0,98,0,0,0,12,12,6,2,12,0,0,0,1,26,49450,6,1,0,0,3,0,68,200,1,0,0,2,0,2,2010,5,2011,0,92,0,0,0,1,2,55,8,8,8,1,0,0,1,10,1,1,2,50,0,1
26,260544,2,2,1,18,6,4,35,12,2,1,0,26,1,12,471,12471,30,2009,1FTYR14D79PA,1,F,T,Y,R,1,4,D,7,9,P,A,0,T,FORD,RNS,PC,9,17,,1,0,1260,RNG,G,,,4,140,,,,B,3189,00,4,42,0,0,000000000,00000000000,0,0,0,1,0,0,0,0,0,0,0,98,0,0,0,12,12,6,2,12,0,0,0,1,26,49013,6,1,0,0,3,3,71,210,1,0,0,0,0,12,2008,12,2008,0,0,0,0,0,1,2,55,8,8,8,1,0,0,1,62,1,1,1,51,1,0
26,260545,1,2,1,25,7,16,0,12,1,1,0,55,1,72,706,72706,80,1998,1HD1FSR4XWY6,1,H,D,1,F,S,R,4,X,W,Y,6,0,M,HD,TRA,RS,98,17,,,,,,,1340,,2,,4,715,,,,,,,0,0,000000000,00000000000,0,0,0,1,0,0,0,0,0,0,0,98,0,0,0,12,12,6,2,12,0,0,0,1,55,54739,6,1,0,0,3,3,77,220,0,0,0,0,0,0,0,0,0,0,26,0,0,0,1,3,55,1,1,2,1,0,0,1,50,1,1,1,20,1,0
26,260545,2,2,1,25,7,16,0,12,1,1,0,55,3,86,881,86881,63,1997,1M2B212C3VM0,1,M,2,B,2,1,2,C,3,V,M,0,0,T,MACK,DM6,CC,97,17,,8,0,0,600,D,,,6,728,,,,,00000,00,,64,0,57,996143,57996143,3,2,4,1,0,0,0,0,0,0,0,0,0,0,0,6,6,0,1,12,0,0,0,1,55,53961,6,1,6,0,3,0,72,250,0,0,0,0,0,0,0,0,0,0,0,0,0,0,1,3,55,1,1,2,1,0,0,5,53,1,1,1,21,0,0
26,260546,1,1,1,27,8,3,18,33,0,1,0,26,1,18,2,18002,4,2000,1G4HP54K5Y41,1,G,4,H,P,5,4,K,5,Y,4,1,0,P,BUIC,LCF,4D,0,17,3567,,0,1122,,G,,F,6,231,,,15R215,,,,,,0,0,000000000,00000000000,0,0,0,1,0,0,0,0,0,0,0,98,0,0,0,12,12,6,2,42,0,0,1,1,26,48221,6,1,0,0,3,0,70,225,0,0,0,0,0,0,0,0,0,0,26,0,0,0,2,4,40,1,1,2,1,0,0,1,50,7,1,4,9,1,1
26,260547,1,1,99,17,9,19,45,8,0,1,1,99,9,99,399,99399,9,9999,999999999999,9,9,9,9,9,9,9,9,9,9,9,9,0,,,,,,,,,,,,,,,,,,,,,,,,,0,0,000000000,00000000000,0,0,0,1,0,0,0,0,0,0,0,98,0,0,0,99,99,9,1,8,0,0,0,1,99,99999,9,9,99,9,9,9,999,999,99,99,99,99,99,99,9999,99,9999,0,0,0,0,0,1,2,25,1,1,2,1,0,0,1,80,1,1,1,13,0,0
26,260548,1,2,2,24,9,22,21,8,0,1,0,26,2,18,18,18018,4,1995,1G4NV55M0SC4,1,G,4,N,V,5,5,M,0,S,C,4,0,P,BUIC,SLG,4D,95,17,2941,,0,1034,,G,,F,6,191,,,14R195,,,,,,0,0,000000000,00000000000,0,0,0,1,0,0,0,0,0,0,0,98,0,0,0,1,1,2,1,8,0,0,0,1,26,48174,6,1,6,0,3,0,67,210,0,0,0,0,0,0,0,0,0,0,0,0,0,0,5,4,45,1,1,1,1,0,0,1,80,6,1,1,13,0,0
26,260548,2,2,1,24,9,22,21,8,0,1,0,26,1,37,31,37031,4,2004,2HGES16364H6,2,H,G,E,S,1,6,3,6,4,H,6,0,P,HOND,UDV,4D,4,17,2544,,0,1031,,G,,F,4,102,,,14R185,,,,,,0,0,000000000,00000000000,0,0,0,1,0,0,0,0,0,0,0,98,0,0,0,1,1,6,2,8,0,0,0,1,26,48134,6,1,0,0,3,0,64,165,0,0,0,0,0,0,0,0,0,0,0,0,0,0,5,4,45,1,1,1,1,0,0,1,80,1,1,1,98,0,0
26,260549,1,1,2,25,9,2,0,42,0,1,0,26,1,12,16,12016,4,2000,2FAFP71W4YX1,2,F,A,F,P,7,1,W,4,Y,X,1,0,P,FORD,CVP,4D,0,17,3946,,0,1147,,G,,F,8,281,,,16R225,,,,,,0,0,000000000,00000000000,0,0,0,1,0,0,0,0,0,0,0,98,0,0,0,12,12,6,2,42,0,0,0,1,26,48228,6,1,0,0,3,0,69,145,0,8,0,1,3,7,2010,6,2011,0,36,0,0,0,1,2,25,1,1,2,1,0,0,1,13,1,1,4,1,1,0
26,260550,1,2,1,23,9,14,12,12,2,1,0,26,1,18,2,18002,4,1993,1G4HP53L3PH4,1,G,4,H,P,5,3,L,3,P,H,4,0,P,BUIC,L90,4D,93,17,3338,,0,1108,,G,,F,6,231,,,15R205,,,,,,0,0,000000000,00000000000,0,0,0,1,0,0,0,0,0,0,0,98,0,0,0,12,12,6,2,12,0,0,0,1,26,48529,6,1,0,0,3,3,60,200,1,0,0,0,0,8,2009,8,2009,0,38,0,0,0,1,4,45,1,1,2,1,0,0,11,15,1,1,1,68,1,0
26,260550,2,2,3,23,9,14,12,12,2,1,0,26,1,20,401,20401,14,1997,1GNCT18W6VK2,1,G,N,C,T,1,8,W,6,V,K,2,0,P,CHEV,BZR,UT,97,17,3880,,0,1005,,G,,F,6,262,,,15R205,,,,,,0,0,000000000,00000000000,0,0,0,1,0,0,0,0,0,0,0,98,0,0,0,12,12,6,2,12,0,0,0,1,26,48439,6,1,0,0,3,3,70,215,2,1,0,0,1,12,2009,1,2011,0,0,0,0,0,1,4,45,1,1,2,1,0,0,1,62,1,1,1,69,0,0
26,260551,1,2,1,27,9,15,4,12,6,1,0,26,2,37,32,37032,4,2003,1HGCM56313A1,1,H,G,C,M,5,6,3,1,3,A,1,0,P,HOND,ULX,4D,3,17,3053,,0,1079,,G,,F,4,146,,,15R205,,,,,,0,0,000000000,00000000000,0,0,0,1,0,0,0,0,0,0,0,98,0,0,0,9,9,6,2,12,0,0,0,1,26,48377,6,1,0,0,3,0,69,170,0,0,0,0,0,0,0,0,0,0,39,0,0,0,1,4,99,1,1,1,1,2,3,1,17,1,1,1,89,1,0
26,260551,2,2,1,27,9,15,4,12,6,1,0,26,3,23,881,23881,63,2006,1GDM8C1306F4,1,G,D,M,8,C,1,3,0,6,F,4,1,T,GMC,C8C,CC,6,17,,7,2960,1400,C85,D,,,6,476,,,,,00000,00,,42,1,57,217321,57217321,3,4,3,1,0,0,0,0,0,0,0,98,0,0,0,12,12,2,1,12,0,0,0,1,26,48185,6,1,6,1,3,0,70,232,1,0,0,0,0,2,2011,2,2011,0,0,0,0,0,2,2,45,1,1,1,1,2,3,1,66,1,1,1,88,0,0
26,260552,1,1,3,27,9,15,30,8,0,1,0,26,1,20,22,20022,4,2005,1G1AK52F5576,1,G,1,A,K,5,2,F,5,5,7,6,0,P,CHEV,CBT,4D,5,17,3216,,0,1033,,G,,F,4,134,,,15R195,,,,,,0,0,000000000,00000000000,0,0,0,1,0,0,0,0,0,0,0,98,0,0,0,1,1,2,3,8,0,0,0,1,26,49655,6,1,0,0,3,0,65,170,2,0,0,0,0,10,2008,10,2009,0,36,0,0,0,1,2,55,1,2,2,1,0,0,1,80,1,1,1,13,0,0
26,260553,1,2,2,7,9,14,7,12,6,1,0,26,2,12,17,12017,4,2004,1FAFP53294G1,1,F,A,F,P,5,3,2,9,4,G,1,0,P,FORD,TSE,4D,4,17,3306,,0,1085,,F,,F,6,182,,,16R215,,,,,,0,0,000000000,00000000000,0,0,0,1,0,0,0,0,0,0,0,98,0,0,0,9,9,6,2,12,0,0,0,1,26,48847,6,1,0,0,3,3,64,150,0,0,0,0,0,0,0,0,0,0,38,0,0,0,1,2,55,1,1,2,1,20,3,1,17,1,1,1,89,1,0
26,260553,2,2,1,7,9,14,7,12,6,1,0,26,1,20,481,20481,31,2000,2GCEK19T7Y11,2,G,C,E,K,1,9,T,7,Y,1,1,0,T,CHEV,SK1,3C,0,17,,2,1575,1435,SIL,G,,,8,325,,,,B,4621,02,,44,0,0,000000000,00000000000,0,0,0,1,0,0,0,0,0,0,0,98,0,0,0,12,12,6,2,12,0,0,0,1,26,49310,6,1,0,0,3,0,69,160,0,0,0,0,0,0,0,0,0,0,0,0,0,0,1,2,55,1,1,2,1,0,0,1,66,1,1,1,88,0,0
26,260554,1,2,1,10,9,16,50,12,7,1,0,26,1,12,23,12023,4,2006,3FAHP08106R2,3,F,A,H,P,0,8,1,0,6,R,2,0,P,FORD,F/L,4D,6,17,3101,,0,1074,,G,,F,6,183,,,17R225,,,,,,0,0,000000000,00000000000,0,0,0,1,0,0,0,0,0,0,0,98,0,1,5,5,99,6,2,12,0,0,0,1,26,49098,6,1,0,0,3,3,64,105,1,0,0,0,0,9,2010,9,2010,0,0,0,0,0,2,2,60,1,1,2,1,0,0,1,61,1,1,1,44,1,0
26,260554,2,2,1,10,9,16,50,12,7,1,1,26,2,84,881,84881,66,1998,2HSFHAMR4WC0,2,H,S,F,H,A,M,R,4,W,C,0,1,T,INTL,940,TR,98,17,,8,2340,1600,90S,D,,,6,774,,,,,00000,00,,64,1,57,2092669,572092669,3,6,97,1,0,0,0,0,0,0,0,98,0,0,0,11,11,2,3,12,0,0,0,1,26,48228,1,1,6,0,2,0,67,180,0,0,0,1,0,8,2011,8,2011,0,27,0,0,0,2,2,60,1,1,2,1,0,0,1,10,1,1,2,45,0,0
26,260555,1,2,1,18,9,23,20,12,1,1,0,51,1,76,706,76706,80,2002,JYARN10E72A0,J,Y,A,R,N,1,0,E,7,2,A,0,0,M,YAMA,YFR,RC,2,17,,,,,,,998,,4,,4,385,,,,,,,0,0,000000000,00000000000,0,0,0,1,0,0,0,0,0,0,0,98,0,0,0,12,12,6,2,12,0,0,0,1,26,48126,6,1,0,0,3,0,70,208,0,0,0,0,0,0,0,0,0,1,0,0,0,0,2,4,40,1,1,2,1,0,0,1,51,1,1,1,24,1,0
26,260555,2,2,2,18,9,23,20,12,1,1,0,26,1,12,17,12017,4,2001,1FAFP55U71G1,1,F,A,F,P,5,5,U,7,1,G,1,0,P,FORD,TSS,4D,1,17,3343,,0,1085,,G,,F,6,182,,,16R215,,,,,,0,0,000000000,00000000000,0,0,0,1,0,0,0,0,0,0,0,98,0,0,0,6,6,6,2,12,0,0,0,1,26,48228,1,1,0,0,2,0,67,210,0,11,0,0,2,4,2009,2,2011,0,0,0,0,0,2,4,40,1,1,2,1,0,0,11,15,1,1,1,26,0,0
26,260556,1,2,2,25,9,13,5,12,6,1,0,26,1,18,2,18002,4,1997,1G4HP52K5VH4,1,G,4,H,P,5,2,K,5,V,H,4,0,P,BUIC,LCF,4D,97,17,3446,,0,1108,,G,,F,6,231,,,15R205,,,,,,0,0,000000000,00000000000,0,0,0,1,0,0,0,0,0,0,0,98,0,0,0,3,3,6,2,12,0,0,0,1,26,49010,6,1,0,0,3,0,66,180,0,0,0,0,0,0,0,0,0,0,92,0,0,0,1,2,55,3,2,2,2,0,0,14,10,98,4,2,64,1,0
26,260556,2,2,1,25,9,13,5,12,6,1,0,26,1,20,20,20020,4,1993,2G1WL54T0P11,2,G,1,W,L,5,4,T,0,P,1,1,0,P,CHEV,LUM,4D,93,17,3169,,0,1075,,G,,F,6,191,,,14R195,,,,,,0,0,000000000,00000000000,0,0,0,1,0,0,0,0,0,0,0,98,0,0,0,12,12,6,2,12,0,0,0,1,26,49328,6,1,0,0,3,3,71,206,0,0,0,0,0,0,0,0,0,0,0,0,0,0,1,2,55,2,2,2,2,0,0,14,62,1,1,1,65,0,0
26,260557,1,1,1,28,9,16,59,8,0,1,0,26,1,20,461,20461,21,1998,1GBFG15R5W10,1,G,B,F,G,1,5,R,5,W,1,0,0,P,CHEV,S/V,SV,98,17,0,,0,1350,,G,,F,8,350,,,000000,,,,,,0,0,000000000,00000000000,0,0,0,1,0,0,0,0,0,0,0,98,0,0,0,11,11,4,3,8,0,0,0,1,26,48205,0,0,0,0,0,0,70,165,0,4,0,0,1,4,2009,6,2011,1,99,99,99,99,1,4,35,1,1,2,1,0,0,1,80,1,1,2,13,0,0