STATE,ST_CASE,VEH_NO,VE_FORMS,NUMOCCS,DAY,MONTH,HOUR,MINUTE,HARM_EV,MAN_COLL,UNITTYPE,HIT_RUN,REG_STAT,OWNER,MAKE,MODEL,MAK_MOD,BODY_TYP,MOD_YEAR,VIN,VIN_1,VIN_2,VIN_3,VIN_4,VIN_5,VIN_6,VIN_7,VIN_8,VIN_9,VIN_10,VIN_11,VIN_12,TOW_VEH,VINTYPE,VINMAKE,VINA_MOD,VIN_BT,VINMODYR,VIN_LNGT,VIN_WGT,WGTCD_TR,WHLBS_LG,WHLBS_SH,SER_TR,FUELCODE,MCYCL_DS,CARBUR,CYLINDER,DISPLACE,MCYCL_CY,MCYCL_WT,TIRE_SZE,TON_RAT,TRK_WT,TRKWTVAR,VIN_REST,WHLDRWHL,J_KNIFE,MCARR_I1,MCARR_I2,MCARR_ID,GVWR,V_CONFIG,CARGO_BT,HAZ_INV,HAZ_PLAC,HAZ_ID,HAZ_CNO,HAZ_REL,BUS_USE,SPEC_USE,EMER_USE,TRAV_SP,UNDERIDE,ROLLOVER,ROLINLOC,IMPACT1,IMPACT2,DEFORMED,TOWED,M_HARM,VEH_SC1,VEH_SC2,FIRE_EXP,DR_PRES,L_STATE,DR_ZIP,L_STATUS,L_TYPE,CDL_STAT,L_ENDORS,L_COMPL,L_RESTRI,DR_HGT,DR_WGT,PREV_ACC,PREV_SUS,PREV_DWI,PREV_SPD,PREV_OTH,FIRST_MO,FIRST_YR,LAST_MO,LAST_YR,SPEEDREL,DR_SF1,DR_SF2,DR_SF3,DR_SF4,VTRAFWAY,VNUM_LAN,VSPD_LIM,VALIGN,VPROFILE,VPAVETYP,VSURCOND,VTRAFCON,VTCONT_F,P_CRASH1,P_CRASH2,P_CRASH3,PCRASH4,PCRASH5,ACC_TYPE,DEATHS,DR_DRINK
26,260764,1,1,4,7,12,23,17,42,0,1,0,26,1,22,22,22022,4,2009,1G2ZG57N6941,1,G,2,Z,G,5,7,N,6,9,4,1,0,P,PONT,G/6,4D,9,17,3305,,0,1123,,G,,F,6,214,,,17R225,,,,,,0,0,000000000,00000000000,0,0,0,1,0,0,0,0,0,0,0,98,0,1,6,1,0,6,2,42,0,0,0,1,26,48357,6,1,0,0,3,0,69,205,0,0,0,0,0,0,0,0,0,1,0,0,0,0,1,2,40,3,2,2,1,0,0,14,13,1,1,4,1,1,0
26,260765,1,1,1,3,12,1,15,8,0,1,1,26,2,37,402,37402,14,2007,JHLRE48737C0,J,H,L,R,E,4,8,7,3,7,C,0,0,P,HOND,CRV,UT,7,17,3534,,0,1031,,G,,F,4,146,,,17R225,,,,,,0,0,000000000,00000000000,0,0,0,1,0,0,0,0,0,0,0,98,0,0,0,1,1,4,1,8,0,0,0,1,26,48178,6,1,0,0,3,3,70,200,0,0,0,0,0,0,0,0,0,0,92,0,0,0,1,2,35,1,1,1,1,0,0,1,80,1,1,1,13,0,1
26,260766,1,1,1,4,12,9,44,33,0,1,0,26,1,12,461,12461,21,1999,1FMRE11WXXHB,1,F,M,R,E,1,1,W,X,X,H,B,0,P,FORD,ECO,SV,99,17,5030,,0,1380,,G,,F,8,281,,,15R235,,,,,,0,0,000000000,00000000000,0,0,0,1,0,0,0,0,0,0,0,98,0,0,0,12,12,6,2,33,0,0,0,1,26,48097,6,1,0,0,3,3,72,275,1,0,0,0,0,12,2008,12,2008,1,0,0,0,0,1,2,40,3,1,2,2,0,0,14,11,1,1,4,1,1,0
26,260767,1,1,1,10,12,23,59,8,0,1,1,26,1,20,441,20441,20,1992,1GNDM19Z2NB2,1,G,N,D,M,1,9,Z,2,N,B,2,0,T,CHEV,AST,ES,92,17,,1,0,1110,AST,G,,,6,262,,,,B,3618,04,,42,0,0,000000000,00000000000,0,0,0,1,0,0,0,0,0,0,0,998,0,0,0,12,12,2,3,8,0,0,0,1,26,48220,6,1,0,0,3,0,65,115,0,2,0,0,1,3,2009,6,2009,0,0,0,0,0,3,4,70,1,1,2,1,0,0,1,80,1,1,1,13,0,0
26,260768,1,1,1,1,12,16,25,14,0,1,0,26,2,20,481,20481,31,2000,1GCGC29R3YF5,1,G,C,G,C,2,9,R,3,Y,F,5,0,T,CHEV,GC2,PC,0,17,,2,0,1555,GM4,G,,,8,350,,,,C,5084,00,,42,0,0,000000000,00000000000,0,0,0,1,0,0,0,0,0,0,0,998,0,0,0,12,12,6,2,14,0,0,0,1,26,48234,6,1,0,0,3,0,78,210,0,0,0,0,0,0,0,0,0,0,99,99,99,99,4,2,25,1,1,2,1,0,0,1,12,1,1,4,11,1,0
26,260769,1,2,3,11,12,16,55,12,6,1,0,26,1,20,22,20022,4,2005,1G1AK52F9576,1,G,1,A,K,5,2,F,9,5,7,6,0,P,CHEV,CBT,4D,5,17,3216,,0,1033,,G,,F,4,134,,,15R195,,,,,,0,0,000000000,00000000000,0,0,0,1,0,0,0,0,0,0,0,98,0,0,0,9,9,6,2,12,0,0,0,1,26,49048,6,1,0,0,3,3,62,150,0,0,0,0,0,0,0,0,0,0,38,0,0,0,1,2,55,1,1,2,1,20,3,1,17,1,1,1,89,1,0
26,260769,2,2,3,11,12,16,55,12,6,1,0,26,1,7,442,7442,20,2003,1D4GP24303B1,1,D,4,G,P,2,4,3,0,3,B,1,0,T,DODG,GCS,ES,3,17,,1,0,1193,CAR,F,,,6,201,,,,,3877,01,E,42,0,0,000000000,00000000000,0,0,0,1,0,0,0,0,0,0,0,98,0,0,0,12,12,6,2,12,0,0,0,1,26,49034,6,1,0,0,3,0,66,120,0,0,0,0,0,0,0,0,0,0,0,0,0,0,1,2,98,1,1,2,1,0,0,1,66,1,1,1,88,0,0
26,260770,1,1,1,6,12,20,31,30,0,1,0,26,1,2,403,2403,14,2004,1J4FA69S64P7,1,J,4,F,A,6,9,S,6,4,P,7,0,T,JEEP,WRB,2W,4,17,,1,0,934,W/T,G,,,6,244,,,,,3620,00,E,44,0,0,000000000,00000000000,0,0,0,1,0,0,0,0,0,0,0,98,0,1,5,1,99,6,2,1,0,0,0,1,26,49236,6,1,0,0,3,3,67,180,0,0,0,0,0,0,0,0,0,0,99,99,99,99,1,2,55,3,2,2,1,0,0,14,13,1,1,4,1,1,0
26,260772,1,3,2,7,12,11,25,24,0,1,0,26,1,18,22,18022,4,2007,2G4WD5823711,2,G,4,W,D,5,8,2,3,7,1,1,0,P,BUIC,LAL,4D,7,17,3502,,0,1105,,G,,F,6,232,,,16R225,,,,,,0,0,000000000,00000000000,0,0,0,1,0,0,0,0,0,0,0,998,0,0,0,9,12,6,2,12,0,0,0,1,26,48329,6,1,0,0,3,0,70,185,0,0,0,0,0,0,0,0,0,0,28,0,0,0,5,4,40,1,1,1,1,0,0,1,12,1,1,4,6,1,0
26,260772,2,3,2,7,12,11,25,24,0,1,0,26,1,22,401,22401,14,2002,3G7DB03EX2S6,3,G,7,D,B,0,3,E,X,2,S,6,0,P,PONT,AZT,UT,2,17,4043,,0,1083,,G,,F,6,207,,,16R215,,,,,,0,0,000000000,00000000000,0,0,0,1,0,0,0,0,0,0,0,998,0,0,0,3,3,6,2,12,0,0,0,1,26,48329,6,1,0,0,3,0,65,155,0,0,0,0,0,0,0,0,0,0,0,0,0,0,5,4,40,1,1,1,1,0,0,1,62,1,1,1,98,0,0
26,260772,3,3,1,7,12,11,25,24,0,1,0,26,1,22,16,22016,2,1995,1G2JD12D0S75,1,G,2,J,D,1,2,D,0,S,7,5,0,P,PONT,SFG,CP,95,17,0,,0,1041,,G,,F,4,138,,,16R205,,,,,,0,0,000000000,00000000000,0,0,0,1,0,0,0,0,0,0,0,998,0,0,0,12,12,6,2,12,0,0,0,1,26,48329,6,1,0,0,3,0,67,185,0,0,0,0,0,0,0,0,0,0,92,0,0,0,5,4,40,1,1,1,1,0,0,1,62,1,1,1,98,0,0
26,260773,1,1,1,6,12,20,2,8,0,1,0,26,1,18,2,18002,4,1999,1G4HP52K3XH4,1,G,4,H,P,5,2,K,3,X,H,4,0,P,BUIC,LCF,4D,99,17,3443,,0,1108,,G,,F,6,231,,,15R205,,,,,,0,0,000000000,00000000000,0,0,0,1,0,0,0,0,0,0,0,98,0,0,0,11,11,2,3,8,0,0,0,1,26,48237,6,1,0,0,3,0,69,190,1,0,0,0,0,7,2009,7,2009,0,26,0,0,0,2,3,30,1,1,2,2,0,0,1,80,1,1,1,13,0,1
26,260774,1,1,1,9,12,2,40,30,0,1,0,26,1,7,482,7482,31,2004,1D7HU18D64S7,1,D,7,H,U,1,8,D,6,4,S,7,0,T,DODG,SQ1,CW,4,17,,2,1605,1405,RPC,G,,,8,345,,,,B,5043,02,E,44,0,0,000000000,00000000000,0,0,0,1,0,0,0,0,0,0,0,98,0,0,0,12,12,6,2,42,0,0,0,1,26,48476,6,1,0,0,3,0,70,160,0,0,0,0,0,0,0,0,0,1,0,0,0,0,1,2,25,1,1,2,1,0,0,1,13,1,1,4,1,1,0
26,260775,1,2,2,29,9,16,55,12,6,1,0,26,1,22,22,22022,4,2005,1G2ZG5287541,1,G,2,Z,G,5,2,8,7,5,4,1,0,P,PONT,G/6,4D,5,17,3420,,0,1123,,G,,F,6,214,,,16R215,,,,,,0,0,000000000,00000000000,0,0,0,1,0,0,0,0,0,0,0,998,0,0,0,9,9,6,2,12,0,0,0,1,26,48761,6,1,0,0,3,3,62,105,0,0,0,0,0,0,0,0,0,0,39,0,0,0,1,2,55,1,1,2,2,20,3,1,17,1,1,1,89,1,0
26,260775,2,2,2,29,9,16,55,12,6,1,0,26,2,20,24,20024,6,2011,1GNKRGED5BJ3,1,G,N,K,R,G,E,D,5,B,J,3,0,P,CHEV,TRV,UT,11,17,4790,,0,1189,,G,,F,6,220,,,18R255,,,,,,0,0,000000000,00000000000,0,0,0,1,0,0,0,0,0,0,0,998,0,0,0,12,12,6,2,12,0,0,0,1,26,48616,6,1,0,0,3,3,64,140,0,0,0,0,0,0,0,0,0,0,0,0,0,0,1,2,55,1,1,2,2,0,0,1,66,1,1,1,88,0,0
26,260776,1,1,1,13,12,22,49,8,0,1,1,99,9,99,499,99499,39,9999,999999999999,9,9,9,9,9,9,9,9,9,9,9,9,0,,,,,,,,,,,,,,,,,,,,,,,,,0,0,000000000,00000000000,0,0,0,1,0,0,0,0,0,0,0,98,0,0,0,99,99,0,1,8,0,0,0,1,99,99999,9,9,99,9,9,9,999,999,99,99,99,99,99,99,9999,99,9999,0,99,99,99,99,1,2,45,1,1,2,1,0,0,1,80,1,1,1,13,0,0
26,260777,1,1,2,11,12,1,54,42,0,1,0,26,1,20,20,20020,4,1996,2G1WL52M8T92,2,G,1,W,L,5,2,M,8,T,9,2,0,P,CHEV,LUM,4D,96,17,3330,,0,1075,,G,,F,6,191,,,15R205,,,,,,0,0,000000000,00000000000,0,0,0,1,0,0,0,0,0,0,0,98,0,0,0,9,9,6,2,42,0,0,0,1,26,48240,6,1,0,0,3,0,67,165,0,3,0,2,0,6,2010,5,2011,1,0,0,0,0,1,2,25,1,1,1,1,0,0,1,6,1,3,4,2,2,0
26,260778,1,1,1,25,11,11,11,8,0,1,0,26,2,12,25,12025,6,2011,2FMHK6CC3BBD,2,F,M,H,K,6,C,C,3,B,B,D,1,P,FORD,FLE,UT,11,17,4643,,0,1179,,G,,F,6,214,,,18R235,,,,,,1,0,000000000,00000000000,0,0,0,1,0,0,0,0,0,0,0,998,0,0,0,12,12,2,1,8,0,0,0,1,26,49461,6,1,0,0,3,0,73,230,0,0,0,0,0,0,0,0,0,0,0,0,0,0,5,2,45,1,2,2,1,0,0,1,80,1,1,1,13,0,0
26,260779,1,2,1,14,12,10,55,12,6,1,0,27,2,49,40,49040,4,1998,4T1BG28K9WU3,4,T,1,B,G,2,8,K,9,W,U,3,0,P,TOYT,CXL,4D,98,17,2998,,0,1051,,G,,F,4,132,,,14R195,,,,,,0,0,000000000,00000000000,0,0,0,1,0,0,0,0,0,0,0,98,3,0,0,12,99,6,2,12,0,0,0,1,27,55108,6,1,0,0,3,3,71,175,0,0,0,1,1,8,2010,8,2010,1,28,0,0,0,1,2,55,1,1,2,10,0,0,1,10,1,1,2,64,1,0
26,260779,2,2,1,14,12,10,55,12,6,1,0,26,3,87,881,87881,66,2006,1XP5DU9X46D6,1,X,P,5,D,U,9,X,4,6,D,6,1,T,PTRB,379,TR,6,17,,8,0,0,CON,D,,,6,763,,,,,00000,00,,64,1,57,114566,57114566,3,6,3,1,0,0,0,0,0,0,0,98,0,0,0,9,99,6,2,12,0,0,0,1,26,49929,6,1,6,0,3,3,70,208,0,0,0,0,0,0,0,0,0,0,0,0,0,0,1,2,55,1,1,2,10,0,0,1,62,7,1,1,65,0,0
26,260780,1,2,1,17,12,12,10,12,1,1,0,26,1,48,34,48034,6,2001,4S3BH6867176,4,S,3,B,H,6,8,6,7,1,7,6,0,P,SUBA,UBK,SW,1,17,3510,,0,1043,,G,,F,4,153,,,16R225,,,,,,0,0,000000000,00000000000,0,0,0,1,0,0,0,0,0,0,0,998,0,0,0,12,12,6,2,8,0,0,0,1,26,48423,1,1,0,0,2,3,71,315,1,1,0,1,0,8,2009,12,2011,0,26,0,0,0,1,4,50,1,1,2,1,0,0,1,50,1,1,1,32,0,0
26,260780,2,2,0,17,12,12,10,12,1,1,0,26,6,14,443,14443,20,1993,4M2DV11W5PDJ,4,M,2,D,V,1,1,W,5,P,D,J,0,P,MERC,VLR,SV,93,17,4047,,0,1120,,G,,F,6,182,,,000000,,,,,,0,0,000000000,00000000000,0,0,0,1,0,0,0,0,0,0,0,0,0,0,0,6,6,6,2,12,0,0,0,0,0,99997,7,6,97,7,6,7,998,997,998,998,998,998,998,98,9998,98,9998,8,20,0,0,0,1,4,50,1,1,2,1,0,0,0,53,0,0,0,32,0,0
26,260781,1,1,1,11,12,12,32,42,0,1,0,26,2,49,32,49032,4,2006,2T1BR30E46C6,2,T,1,B,R,3,0,E,4,6,C,6,0,P,TOYT,UCS,4D,6,17,2530,,0,1024,,G,,F,4,109,,,15R185,,,,,,0,0,000000000,00000000000,0,0,0,1,0,0,0,0,0,0,0,98,0,0,0,9,9,6,2,42,0,0,0,1,26,48507,6,1,0,0,3,0,59,105,0,0,0,0,0,0,0,0,0,0,58,0,0,0,2,2,70,4,1,2,1,0,0,14,13,7,1,4,1,1,0
26,260782,1,2,2,14,12,14,35,12,1,1,0,26,2,48,34,48034,6,1999,4S3BG6854X76,4,S,3,B,G,6,8,5,4,X,7,6,0,P,SUBA,UVT,SW,99,17,3175,,0,1035,,G,,F,4,150,,,15R205,,,,,,0,0,000000000,00000000000,0,0,0,1,0,0,0,0,0,0,0,98,0,0,0,12,12,6,2,12,0,0,0,1,26,49451,6,1,0,0,3,0,74,150,0,0,0,0,0,0,0,0,0,0,26,0,0,0,1,2,55,1,1,2,2,0,0,1,50,1,1,1,20,2,0
26,260782,2,2,22,14,12,14,35,12,1,1,0,26,3,84,981,84981,50,2009,4DRBUAAN89B0,4,D,R,B,U,A,A,N,8,9,B,0,0,T,INTL,,BU,9,17,,7,,,,D,,,6,466,,,,,,,,42,0,88,888888888,88888888888,3,21,22,1,0,0,0,0,1,0,0,0,0,0,0,6,6,2,3,12,0,0,0,1,26,49451,6,1,6,1,3,3,60,155,2,0,0,1,0,12,2008,9,2011,0,0,0,0,0,1,2,55,1,1,2,2,0,0,5,53,1,1,1,21,0,0
26,260783,1,1,1,16,12,13,40,8,0,1,0,26,1,37,31,37031,4,1999,2HGEJ6615XH5,2,H,G,E,J,6,6,1,5,X,H,5,0,P,HOND,UCE,4D,99,17,2388,,0,1032,,G,,F,4,097,,,14R185,,,,,,0,0,000000000,00000000000,0,0,0,1,0,0,0,0,0,0,0,998,0,0,0,12,12,2,1,8,0,0,0,1,26,49684,6,1,0,0,3,0,66,140,0,0,0,0,0,0,0,0,0,0,0,0,0,0,1,4,40,1,1,2,2,0,0,1,80,2,1,1,13,0,0
26,260784,1,2,1,17,12,17,45,12,7,1,0,26,2,12,481,12481,31,1998,1FTZX1769WNA,1,F,T,Z,X,1,7,6,9,W,N,A,0,T,FORD,F15,3C,98,17,,1,1570,1390,COF,G,,,8,281,,,,B,4067,02,E,42,0,0,000000000,00000000000,0,0,0,1,0,0,0,0,0,0,0,998,0,9,1,5,1,6,2,1,0,0,0,1,26,49045,0,0,0,0,0,0,69,135,0,7,0,0,3,3,2009,6,2011,1,35,0,0,0,1,2,55,1,2,2,2,0,0,6,51,1,1,1,46,1,1
26,260784,2,2,2,17,12,17,45,12,7,1,0,26,1,20,37,20037,4,2005,1G1ZU64855F1,1,G,1,Z,U,6,4,8,5,5,F,1,0,P,CHEV,XLT,4D,5,17,3476,,0,1123,,G,,F,6,214,,,16R215,,,,,,0,0,000000000,00000000000,0,0,0,1,0,0,0,0,0,0,0,998,0,0,0,11,11,6,2,42,0,0,0,1,26,49045,6,1,0,0,3,0,65,135,1,0,0,0,1,4,2010,4,2010,0,0,0,0,0,1,2,55,1,2,2,2,0,0,1,61,1,1,1,45,0,0
26,260785,1,1,1,9,12,19,29,8,0,1,0,26,1,20,431,20431,16,2003,1GNFK16Z43J2,1,G,N,F,K,1,6,Z,4,3,J,2,0,P,CHEV,K15,UT,3,17,5123,,0,1300,,F,,F,8,325,,,16R265,,,,,,0,0,000000000,00000000000,0,0,0,1,0,0,0,0,0,0,0,998,0,0,0,12,12,2,1,8,0,0,0,1,26,49504,6,1,0,0,3,3,71,200,0,0,0,1,0,12,2008,12,2008,0,0,0,0,0,5,4,30,1,1,2,1,0,0,15,80,1,1,1,13,0,0
26,260786,1,1,1,16,12,0,51,1,0,1,0,26,1,20,37,20037,4,2003,1G1ND52J93M7,1,G,1,N,D,5,2,J,9,3,M,7,0,P,CHEV,MAL,4D,3,17,3106,,0,1070,,G,,F,6,191,,,15R215,,,,,,0,0,000000000,00000000000,0,0,0,1,0,0,0,0,0,0,0,98,0,2,6,0,99,6,2,42,0,0,0,1,26,48813,6,1,0,0,3,0,64,135,0,0,0,0,0,0,0,0,0,0,36,0,0,0,1,2,55,1,1,2,1,0,0,1,8,1,3,4,2,1,1
26,260787,1,1,1,17,12,11,33,1,0,1,0,26,1,2,404,2404,14,1994,1J4GZ58S8RC2,1,J,4,G,Z,5,8,S,8,R,C,2,0,T,JEEP,LRO,4W,94,17,,1,0,1059,GCK,G,,,6,242,,,,,3552,00,B,44,0,0,000000000,00000000000,0,0,0,1,0,0,0,0,0,0,0,98,0,2,5,0,12,6,2,35,0,0,0,1,26,48617,6,1,0,0,3,3,69,155,0,0,0,0,0,0,0,0,0,0,99,99,99,99,1,2,55,1,1,2,1,0,0,1,12,1,1,4,6,1,0
26,260788,1,2,1,15,12,19,55,12,6,1,0,26,1,12,471,12471,30,1999,1FTZR15XXXPB,1,F,T,Z,R,1,5,X,X,X,P,B,0,T,FORD,RNS,PC,99,17,,1,0,1259,RNG,G,,,6,245,,,,B,00000,00,U,44,0,0,000000000,00000000000,0,0,0,1,0,0,0,0,0,0,0,998,0,0,0,3,3,6,2,12,0,0,0,1,26,49601,6,1,0,0,3,3,68,184,0,0,0,1,0,8,2011,8,2011,0,28,0,0,0,1,2,55,1,1,2,4,0,0,1,10,1,4,2,64,1,1
26,260788,2,2,1,15,12,19,55,12,6,1,0,26,1,20,2,20002,4,2006,2G1WB58K3691,2,G,1,W,B,5,8,K,3,6,9,1,0,P,CHEV,IPL,4D,6,17,3477,,0,1105,,F,,F,6,214,,,16R225,,,,,,0,0,000000000,00000000000,0,0,0,1,0,0,0,0,0,0,0,998,0,0,0,12,12,6,2,12,0,0,0,1,26,49655,6,1,0,0,3,3,70,160,1,0,0,0,0,3,2011,3,2011,0,0,0,0,0,1,2,55,1,1,2,4,0,0,1,62,1,1,1,65,0,0
26,260789,1,1,2,17,12,18,2,34,0,1,0,39,1,23,472,23472,30,2005,1GTCS1967582,1,G,T,C,S,1,9,6,7,5,8,2,0,T,GMC,CAN,CW,5,17,,1,0,1259,CAN,G,,,5,214,,,,B,3386,00,U,42,0,0,000000000,00000000000,0,0,0,1,0,0,0,0,0,0,0,98,0,1,5,12,12,6,2,1,0,0,0,1,39,43521,6,1,0,0,3,0,69,200,0,0,0,0,0,0,0,0,0,1,87,0,0,0,1,2,55,1,2,2,4,0,0,1,8,1,3,4,2,1,0
26,260790,1,2,1,17,12,20,38,12,6,1,0,26,2,7,20,7020,4,2004,1B3ES56C64D6,1,B,3,E,S,5,6,C,6,4,D,6,0,P,DODG,NXT,4D,4,17,2634,,0,1040,,G,,F,4,122,,,15R185,,,,,,0,0,000000000,00000000000,0,0,0,1,0,0,0,0,0,0,0,98,0,0,0,3,3,6,2,12,0,0,0,1,26,49837,6,1,0,0,3,3,64,140,0,0,0,1,0,2,2009,2,2009,0,28,0,0,0,5,4,55,4,1,1,3,0,0,14,8,1,4,2,64,1,0
26,260790,2,2,1,17,12,20,38,12,6,1,0,26,2,23,481,23481,31,2006,1GTEK19V56Z2,1,G,T,E,K,1,9,V,5,6,Z,2,0,T,GMC,NK1,4C,6,17,,2,1575,1340,SIE,G,,,8,293,,,,B,5050,02,4,44,0,0,000000000,00000000000,0,0,0,1,0,0,0,0,0,0,0,98,0,0,0,12,12,6,2,12,0,0,0,1,26,49880,6,1,0,0,3,0,72,194,0,0,0,0,0,0,0,0,0,0,0,0,0,0,5,4,55,4,1,1,3,0,0,14,62,1,1,1,65,0,0
26,260791,1,2,4,18,12,17,52,12,6,1,0,26,1,20,36,20036,2,2002,2G1WW12E5293,2,G,1,W,W,1,2,E,5,2,9,3,0,P,CHEV,MLS,CP,2,17,3340,,0,1105,,G,,F,6,207,,,16R225,,,,,,0,0,000000000,00000000000,0,0,0,1,0,0,0,0,0,0,0,98,0,0,0,9,9,6,2,12,0,0,0,1,26,48415,6,1,0,0,3,0,66,182,1,0,0,2,0,6,2009,4,2011,0,39,0,0,0,1,2,98,1,1,2,1,20,3,1,17,1,1,1,89,1,0
26,260791,2,2,3,18,12,17,52,12,6,1,0,26,2,12,422,12422,15,2000,1FMPU18L3YLA,1,F,M,P,U,1,8,L,3,Y,L,A,0,P,FORD,EPT,UT,0,17,5401,,0,1191,,G,,F,8,330,,,16R255,,,,,,0,0,000000000,00000000000,0,0,0,1,0,0,0,0,0,0,0,98,0,0,0,12,12,6,2,12,0,0,0,1,26,48507,1,1,6,0,2,3,64,178,1,6,0,0,0,12,2008,3,2010,0,0,0,0,0,1,2,55,1,1,2,1,0,0,1,66,7,1,1,88,0,0
26,260792,1,1,1,11,11,18,17,42,0,1,0,26,1,6,41,6041,4,2001,2C3HD46R21H7,2,C,3,H,D,4,6,R,2,1,H,7,0,P,CHRY,CXL,4D,1,17,3410,,0,1130,,G,,F,6,167,,,16R225,,,,,,0,0,000000000,00000000000,0,0,0,1,0,0,0,0,0,0,0,98,0,0,0,3,3,6,2,42,0,0,0,1,26,48130,6,1,0,0,3,0,72,175,0,0,0,0,0,0,0,0,0,1,36,0,0,0,1,2,55,1,1,2,1,0,0,1,6,1,3,4,2,1,0
26,260793,1,1,2,10,12,23,12,35,0,1,0,26,2,63,38,63038,4,2011,KNAFT4A25B54,K,N,A,F,T,4,A,2,5,B,5,4,0,P,KIA,FLX,4D,11,17,2707,,0,1043,,G,,F,4,122,,,15R195,,,,,,0,0,000000000,00000000000,0,0,0,1,0,0,0,0,0,0,0,98,0,0,0,1,99,6,2,42,0,0,0,1,26,49642,6,1,0,0,3,0,62,185,1,0,0,0,1,10,2011,10,2011,1,36,85,0,0,1,2,55,1,1,4,8,0,0,1,6,1,4,4,2,1,1
26,260794,1,1,1,15,12,22,45,35,0,1,0,26,1,20,441,20441,20,1998,1GNEL19W6WB1,1,G,N,E,L,1,9,W,6,W,B,1,0,T,CHEV,AST,ES,98,17,,2,0,1112,AST,G,,,6,262,,,,B,00000,00,,44,0,0,000000000,00000000000,0,0,0,1,0,0,0,0,0,0,0,98,0,1,5,99,0,6,2,1,0,0,0,1,26,48182,6,1,0,0,3,3,68,170,0,0,1,0,0,11,2010,11,2010,1,0,0,0,0,1,2,55,1,1,2,4,0,0,1,13,6,4,4,7,1,1
26,260795,1,2,3,17,12,15,5,12,6,1,0,26,1,20,421,20421,15,2004,1GNEK13Z54R3,1,G,N,E,K,1,3,Z,5,4,R,3,0,P,CHEV,KTA,UT,4,17,5050,,0,1160,,F,,F,8,325,,,16R265,,,,,,0,0,000000000,00000000000,0,0,0,1,0,0,0,0,0,0,0,98,0,1,9,1,0,6,2,12,0,0,0,1,26,48917,6,1,0,0,3,0,65,130,1,0,0,0,0,3,2010,3,2010,0,38,0,0,0,1,2,25,1,1,2,2,20,3,1,17,1,1,1,87,1,0
26,260795,2,2,1,17,12,15,5,12,6,1,0,26,9,49,40,49040,4,2002,4T1BE32K3240,4,T,1,B,E,3,2,K,3,2,4,0,0,P,TOYT,LXS,4D,2,17,3086,,0,1071,,G,,F,4,144,,,15R205,,,,,,0,0,000000000,00000000000,0,0,0,1,0,0,0,0,0,0,0,98,0,0,0,12,12,6,2,12,0,0,0,1,26,48917,6,1,0,0,3,3,71,170,0,0,0,0,0,0,0,0,0,0,0,0,0,0,5,4,40,1,1,2,2,0,0,1,66,1,1,1,86,0,0
26,260796,1,1,1,18,12,0,24,24,0,1,0,26,1,13,12,13012,4,2003,1LNHM87A13Y6,1,L,N,H,M,8,7,A,1,3,Y,6,0,P,LINC,LLS,4D,3,17,4156,,0,1145,,G,,F,8,240,,,16R225,,,,,,0,0,000000000,00000000000,0,0,0,1,0,0,0,0,0,0,0,98,0,1,6,11,0,6,2,35,0,0,0,1,26,48912,6,1,0,0,3,0,71,180,0,3,0,1,2,4,2009,6,2010,0,99,99,99,99,2,2,70,1,2,2,2,0,0,1,12,1,1,4,6,1,0
26,260797,1,2,1,5,12,17,45,8,0,1,0,26,1,37,32,37032,6,2011,5J6TF2H58BL0,5,J,6,T,F,2,H,5,8,B,L,0,0,P,HOND,ACT,UT,11,17,4070,,0,1101,,G,,F,6,213,,,18R225,,,,,,0,0,000000000,00000000000,0,0,0,1,0,0,0,0,0,0,0,98,0,0,0,11,11,0,1,8,0,0,0,1,26,48047,6,1,0,0,3,0,67,145,0,0,0,0,0,0,0,0,0,0,99,99,99,99,1,2,25,1,1,2,3,0,0,1,80,1,1,1,13,0,0
26,260797,2,2,1,5,12,17,45,8,0,1,0,26,1,18,2,18002,4,1997,1G4HR52K1VH5,1,G,4,H,R,5,2,K,1,V,H,5,0,P,BUIC,LLF,4D,97,17,3488,,0,1108,,G,,F,6,231,,,15R205,,,,,,0,0,000000000,00000000000,0,0,0,1,0,0,0,0,0,0,0,98,0,0,0,12,12,0,1,8,0,0,0,1,26,48224,6,1,0,0,3,0,76,330,0,0,0,0,0,0,0,0,0,0,99,99,99,99,1,2,25,1,1,2,3,0,0,1,80,1,1,1,98,0,0
26,260798,1,2,2,15,12,15,25,12,6,1,0,26,2,2,404,2404,14,2000,1J4FF48S0YL1,1,J,4,F,F,4,8,S,0,Y,L,1,0,T,JEEP,SPT,4W,0,17,,1,0,1014,CHK,G,,,6,244,,,,,3247,00,E,44,0,0,000000000,00000000000,0,0,0,1,0,0,0,0,0,0,0,98,0,0,0,12,12,4,3,12,0,0,0,1,26,48202,0,0,0,0,0,0,999,999,0,0,0,0,0,0,0,0,0,0,36,0,0,0,1,2,30,1,1,2,1,0,0,1,10,1,1,2,88,0,0
26,260798,2,2,1,15,12,15,25,12,6,1,0,26,2,19,14,19014,4,1998,1G6KY5494WU9,1,G,6,K,Y,5,4,9,4,W,U,9,0,P,CADI,STS,4D,98,17,3922,,0,1122,,G,,F,8,279,,,16R235,,,,,,0,0,000000000,00000000000,0,0,0,1,0,0,0,0,0,0,0,98,0,0,0,9,9,6,2,12,0,0,0,1,26,48203,6,1,0,0,3,0,66,187,0,0,0,0,0,0,0,0,0,0,0,0,0,0,1,2,98,1,1,2,1,20,3,1,66,1,1,1,89,1,0