STATE,ST_CASE,VEH_NO,VE_FORMS,NUMOCCS,DAY,MONTH,HOUR,MINUTE,HARM_EV,MAN_COLL,UNITTYPE,HIT_RUN,REG_STAT,OWNER,MAKE,MODEL,MAK_MOD,BODY_TYP,MOD_YEAR,VIN,VIN_1,VIN_2,VIN_3,VIN_4,VIN_5,VIN_6,VIN_7,VIN_8,VIN_9,VIN_10,VIN_11,VIN_12,TOW_VEH,VINTYPE,VINMAKE,VINA_MOD,VIN_BT,VINMODYR,VIN_LNGT,VIN_WGT,WGTCD_TR,WHLBS_LG,WHLBS_SH,SER_TR,FUELCODE,MCYCL_DS,CARBUR,CYLINDER,DISPLACE,MCYCL_CY,MCYCL_WT,TIRE_SZE,TON_RAT,TRK_WT,TRKWTVAR,VIN_REST,WHLDRWHL,J_KNIFE,MCARR_I1,MCARR_I2,MCARR_ID,GVWR,V_CONFIG,CARGO_BT,HAZ_INV,HAZ_PLAC,HAZ_ID,HAZ_CNO,HAZ_REL,BUS_USE,SPEC_USE,EMER_USE,TRAV_SP,UNDERIDE,ROLLOVER,ROLINLOC,IMPACT1,IMPACT2,DEFORMED,TOWED,M_HARM,VEH_SC1,VEH_SC2,FIRE_EXP,DR_PRES,L_STATE,DR_ZIP,L_STATUS,L_TYPE,CDL_STAT,L_ENDORS,L_COMPL,L_RESTRI,DR_HGT,DR_WGT,PREV_ACC,PREV_SUS,PREV_DWI,PREV_SPD,PREV_OTH,FIRST_MO,FIRST_YR,LAST_MO,LAST_YR,SPEEDREL,DR_SF1,DR_SF2,DR_SF3,DR_SF4,VTRAFWAY,VNUM_LAN,VSPD_LIM,VALIGN,VPROFILE,VPAVETYP,VSURCOND,VTRAFCON,VTCONT_F,P_CRASH1,P_CRASH2,P_CRASH3,PCRASH4,PCRASH5,ACC_TYPE,DEATHS,DR_DRINK
26,260833,1,2,2,4,12,18,40,24,0,1,0,26,2,12,461,12461,21,1999,1FMRE11W7XHC,1,F,M,R,E,1,1,W,7,X,H,C,0,P,FORD,ECO,SV,99,17,5030,,0,1380,,G,,F,8,281,,,15R235,,,,,,0,0,000000000,00000000000,0,0,0,1,0,0,0,0,0,0,0,98,0,0,0,9,12,6,2,12,0,0,0,1,26,49006,3,1,0,0,2,0,67,155,0,2,0,0,0,12,2010,3,2011,0,36,0,0,0,2,2,70,1,1,1,1,0,0,1,12,1,1,4,6,0,0
26,260833,2,2,1,4,12,18,40,24,0,1,0,26,1,20,37,20037,4,2001,1G1ND52J1162,1,G,1,N,D,5,2,J,1,1,6,2,0,P,CHEV,MAL,4D,1,17,3051,,0,1070,,G,,F,6,191,,,15R215,,,,,,0,0,000000000,00000000000,0,0,0,1,0,0,0,0,0,0,0,98,0,0,0,12,12,6,2,12,0,0,0,1,26,49009,6,1,0,0,3,3,62,122,0,0,0,0,0,0,0,0,0,0,0,0,0,0,2,2,70,1,1,1,1,0,0,1,61,1,1,1,98,1,0
26,260834,1,1,1,23,11,16,35,8,0,1,0,26,1,20,20,20020,4,1998,2G1WL52M4W91,2,G,1,W,L,5,2,M,4,W,9,1,0,P,CHEV,L/S,4D,98,17,3330,,0,1075,,G,,F,6,191,,,15R205,,,,,,0,0,000000000,00000000000,0,0,0,1,0,0,0,0,0,0,0,998,0,0,0,12,12,2,3,8,0,0,0,1,26,48214,6,1,0,0,3,0,62,163,0,0,0,0,1,9,2009,9,2009,0,38,0,0,0,4,4,30,1,1,2,1,2,3,11,80,1,1,1,13,0,0
26,260835,1,1,2,15,12,21,58,42,0,1,0,26,2,12,24,12024,6,2009,2FMDK49C69BA,2,F,M,D,K,4,9,C,6,9,B,A,0,P,FORD,EDG,UT,9,17,4288,,0,1112,,G,,F,6,214,,,18R245,,,,,,0,0,000000000,00000000000,0,0,0,1,0,0,0,0,0,0,0,98,0,0,0,12,12,6,2,42,0,0,0,1,26,48116,6,1,0,0,3,3,66,170,0,0,0,0,0,0,0,0,0,1,0,0,0,0,6,1,98,2,1,2,1,0,0,14,13,1,1,4,1,1,0
26,260836,1,2,2,31,12,17,46,8,0,1,0,26,1,7,20,7020,4,2002,1B3AS46C42D6,1,B,3,A,S,4,6,C,4,2,D,6,0,P,DODG,SEN,4D,2,17,2645,,0,1050,,G,,F,4,122,,,15R185,,,,,,0,0,000000000,00000000000,0,0,0,1,0,0,0,0,0,0,0,998,0,0,0,12,12,6,8,8,0,0,0,1,26,48033,6,1,0,0,3,0,64,185,1,1,0,1,0,9,2010,3,2011,0,0,0,0,0,1,6,45,1,1,2,1,0,0,1,80,1,1,1,13,0,0
26,260836,2,2,1,31,12,17,46,8,0,1,0,26,1,20,461,20461,21,2001,1GBFG15R0112,1,G,B,F,G,1,5,R,0,1,1,2,0,P,CHEV,E/X,SV,1,17,0,,0,1350,,G,,F,8,350,,,000000,,,,,,0,0,000000000,00000000000,0,0,0,1,0,0,0,0,0,0,0,998,0,0,0,11,11,0,1,54,0,0,0,1,26,48186,6,1,0,0,3,3,71,220,0,0,0,0,0,0,0,0,0,0,0,0,0,0,1,6,45,1,1,2,1,0,0,1,80,7,1,2,98,0,0
26,260837,1,3,1,14,12,18,35,8,0,1,0,26,2,12,461,12461,21,1994,1FDEE14N3RHA,1,F,D,E,E,1,4,N,3,R,H,A,0,T,FORD,15V,CG,94,17,,2,0,1380,VAN,G,,,8,302,,,,B,4470,00,B,42,0,0,000000000,00000000000,0,0,0,1,0,0,0,0,0,0,0,98,0,0,0,12,11,2,1,8,0,0,0,1,26,48239,6,1,0,0,3,0,64,140,0,0,0,0,0,0,0,0,0,0,0,0,0,0,1,2,35,1,1,2,2,0,0,1,80,1,1,1,13,0,0
26,260837,2,3,1,14,12,18,35,8,0,1,0,26,1,14,6,14006,4,2002,2MEFM74W02X6,2,M,E,F,M,7,4,W,0,2,X,6,0,P,MERC,GMG,4D,2,17,3957,,0,1147,,G,,F,8,281,,,16R225,,,,,,0,0,000000000,00000000000,0,0,0,1,0,0,0,0,0,0,0,98,0,0,0,11,11,2,1,54,0,0,0,1,26,48240,6,1,0,0,3,0,65,135,1,0,0,1,0,7,2010,12,2010,0,0,0,0,0,1,2,35,1,1,2,2,0,0,1,98,1,1,1,98,0,0
26,260837,3,3,1,14,12,18,35,8,0,1,0,26,1,12,473,12473,30,2001,1FMZU77EX1UB,1,F,M,Z,U,7,7,E,X,1,U,B,0,P,FORD,EPR,UT,1,17,4332,,0,1259,,G,,F,6,245,,,15R235,,,,,,0,0,000000000,00000000000,0,0,0,1,0,0,0,0,0,0,0,98,0,0,0,11,11,2,1,8,0,0,0,1,26,48235,6,1,0,0,3,0,65,148,0,0,0,0,0,0,0,0,0,0,0,0,0,0,1,2,35,1,1,2,2,0,0,1,98,1,1,1,98,0,0
26,260838,1,3,1,21,12,17,19,12,1,1,0,26,3,20,37,20037,4,2012,1G1ZB5E02CF1,1,G,1,Z,B,5,E,0,2,C,F,1,0,P,CHEV,M/L,4D,12,17,3415,,0,1123,,G,,F,4,146,,,17R215,,,,,,0,0,000000000,00000000000,0,0,0,1,0,0,0,0,0,0,0,98,0,0,0,12,12,6,2,12,0,0,0,1,26,48038,6,1,0,0,3,3,67,250,0,0,0,0,0,0,0,0,0,0,26,0,0,0,5,4,45,1,1,2,2,0,0,1,50,1,1,1,32,0,0
26,260838,2,3,0,21,12,17,19,12,1,1,0,26,6,35,39,35039,4,1992,JN1HJ01F5NT0,J,N,1,H,J,0,1,F,5,N,T,0,0,P,NISS,MGX,4D,92,17,3129,,0,1043,,G,,F,6,181,,,15R205,,,,,,0,0,000000000,00000000000,0,0,0,1,0,0,0,0,0,0,0,0,0,0,0,6,6,6,2,12,0,0,0,0,0,99997,7,6,97,7,6,7,998,997,998,998,998,998,998,98,9998,98,9998,8,0,0,0,0,5,4,45,1,1,2,2,0,0,0,53,0,0,0,32,0,0
26,260838,3,3,0,21,12,17,19,12,1,1,0,26,6,6,52,6052,6,2005,3C4FY58B05T6,3,C,4,F,Y,5,8,B,0,5,T,6,0,P,CHRY,PTC,SV,5,17,3033,,0,1030,,G,,F,4,148,,,15R195,,,,,,0,0,000000000,00000000000,0,0,0,1,0,0,0,0,0,0,0,0,0,0,0,6,6,6,2,12,0,0,0,0,0,99997,7,6,97,7,6,7,998,997,998,998,998,998,998,98,9998,98,9998,8,0,0,0,0,5,4,45,1,1,2,2,0,0,0,53,0,0,0,98,0,0
26,260839,1,1,2,2,12,21,52,8,0,1,0,26,2,20,20,20020,4,1999,2G1WN52K7X91,2,G,1,W,N,5,2,K,7,X,9,1,0,P,CHEV,L/Z,4D,99,17,3372,,0,1075,,G,,F,6,231,,,16R225,,,,,,0,0,000000000,00000000000,0,0,0,1,0,0,0,0,0,0,0,998,0,0,0,12,12,6,2,8,0,0,0,1,26,48307,6,1,0,0,3,0,71,175,0,0,0,0,0,0,0,0,0,0,0,0,0,0,3,3,70,1,1,2,1,0,0,1,80,9,1,1,13,0,0
26,260840,1,2,1,9,12,7,25,8,0,1,1,99,9,99,999,99999,99,9999,999999999999,9,9,9,9,9,9,9,9,9,9,9,9,9,,,,,,,,,,,,,,,,,,,,,,,,,0,99,999999999,99999999999,9,99,99,1,0,0,0,0,99,99,9,999,0,0,0,99,99,9,1,8,99,99,0,1,99,99999,9,9,99,9,9,9,999,999,99,99,99,99,99,99,9999,99,9999,9,99,99,99,99,1,3,35,1,1,2,2,2,3,1,80,99,1,9,13,0,0
26,260840,2,2,2,9,12,7,25,8,0,1,0,26,1,12,442,12442,20,1998,2FMDA5148WBB,2,F,M,D,A,5,1,4,8,W,B,B,0,T,FORD,WWG,ES,98,17,,1,0,1207,WIN,G,,,6,232,,,,B,3762,02,F,42,0,0,000000000,00000000000,0,0,0,1,0,0,0,0,0,0,0,998,0,0,0,12,12,2,3,54,0,0,0,1,26,48207,6,1,0,0,3,0,62,220,1,0,0,1,0,3,2009,2,2011,0,0,0,0,0,1,3,35,1,1,2,2,2,3,1,80,1,1,1,98,0,0
26,260841,1,1,1,31,12,13,31,42,0,1,0,92,0,76,998,76998,91,2011,JYE8GK005BA0,J,Y,E,8,G,K,0,0,5,B,A,0,0,M,YAMA,,,11,17,,,,,,,,,,,,,,,,,,,0,0,000000000,00000000000,0,0,0,1,0,0,0,0,0,0,0,98,0,0,0,12,12,2,1,42,0,0,0,1,26,48393,6,1,0,0,3,3,65,175,0,0,0,0,0,0,0,0,0,0,92,0,0,0,1,2,35,3,8,8,3,0,0,14,13,1,1,4,1,1,1
26,260842,1,1,1,20,12,13,39,8,0,1,0,26,1,20,481,20481,31,2004,2GCEK19T8412,2,G,C,E,K,1,9,T,8,4,1,2,0,T,CHEV,SK1,4C,4,17,,2,1575,1435,SIL,G,,,8,325,,,,B,4925,00,,44,0,0,000000000,00000000000,0,0,0,1,0,0,0,0,0,0,0,998,0,0,0,11,11,2,1,8,0,0,0,1,26,49938,6,1,0,0,3,3,62,207,0,0,0,0,0,0,0,0,0,0,0,0,0,0,1,2,25,1,2,2,10,0,0,10,80,1,1,1,13,0,0
27,270001,1,2,1,3,1,15,46,12,2,1,0,27,1,84,881,84881,66,2006,2HSCNAPR86C2,2,H,S,C,N,A,P,R,8,6,C,2,1,T,INTL,94I,TR,6,17,,8,0,0,940,D,,,6,915,,,,,00000,00,,64,1,57,540606,57540606,3,6,8,1,0,0,0,0,0,0,0,45,0,0,0,12,1,6,2,12,0,0,0,1,27,55370,6,1,6,0,3,0,75,320,0,0,0,0,0,0,0,0,0,0,0,0,0,0,1,2,55,1,1,2,3,0,0,1,62,9,1,1,51,0,0
27,270001,2,2,1,3,1,15,46,12,2,1,0,27,1,20,471,20471,30,1997,1GCCS1442V81,1,G,C,C,S,1,4,4,2,V,8,1,0,T,CHEV,S14,PK,97,17,,1,1179,1083,S,G,,,4,133,,,,B,3062,00,,42,0,0,000000000,00000000000,0,0,0,1,0,0,0,0,0,0,0,45,0,1,5,12,98,6,2,12,0,0,0,1,27,56011,6,1,0,0,3,0,70,150,0,0,0,0,0,0,0,0,0,0,28,0,0,0,1,2,55,1,1,2,3,0,0,1,10,98,1,2,50,1,0
27,270002,1,2,1,4,1,13,10,12,6,1,0,93,3,84,881,84881,66,2007,2HSCNAPR77C3,2,H,S,C,N,A,P,R,7,7,C,3,1,T,INTL,94I,TR,7,17,,8,0,0,940,D,,,6,915,,,,,00000,00,,64,1,57,511412,57511412,3,6,3,1,0,0,0,0,0,0,0,25,0,0,0,12,12,6,2,12,0,0,0,1,47,37174,6,1,6,0,3,0,72,220,1,0,0,0,0,5,2010,5,2010,0,39,0,0,0,1,2,30,1,1,2,2,3,3,1,17,4,1,1,88,0,0
27,270002,2,2,2,4,1,13,10,12,6,1,0,27,1,18,2,18002,4,2005,1G4HR54K85U1,1,G,4,H,R,5,4,K,8,5,U,1,0,P,BUIC,LLF,4D,5,17,3591,,0,1122,,G,,F,6,232,,,15R215,,,,,,0,0,000000000,00000000000,0,0,0,1,0,0,0,0,0,0,0,33,0,0,0,9,9,6,2,12,0,0,0,1,27,55423,6,1,0,0,3,0,69,200,1,0,0,0,0,4,2008,4,2008,0,0,0,0,0,4,2,30,1,1,2,2,3,3,1,66,1,1,1,89,2,0
27,270003,1,2,1,4,1,22,6,12,2,1,0,27,2,20,16,20016,1,1996,1G1JF5240T72,1,G,1,J,F,5,2,4,0,T,7,2,0,P,CHEV,CAS,4D,96,17,2736,,0,1041,,G,,F,4,133,,,15R195,,,,,,0,0,000000000,00000000000,0,0,0,1,0,0,0,0,0,0,0,998,0,0,0,12,12,6,2,12,0,0,0,1,27,56170,6,1,0,0,3,1,62,155,0,1,0,0,0,9,2008,9,2008,0,28,0,0,0,1,2,60,2,1,2,1,0,0,14,10,1,1,2,50,1,1
27,270003,2,2,2,4,1,22,6,12,2,1,0,27,1,6,441,6441,20,2002,2C4GP54382R6,2,C,4,G,P,5,4,3,8,2,R,6,0,T,CHRY,LXI,ES,2,17,,1,0,1193,TWC,F,,,6,201,,,,,4160,00,,42,0,0,000000000,00000000000,0,0,0,1,0,0,0,0,0,0,0,998,0,0,0,12,12,6,2,12,0,0,0,1,27,56156,6,1,0,0,3,1,70,180,0,0,0,0,0,0,0,0,0,0,0,0,0,0,1,2,60,3,1,2,1,0,0,14,62,1,1,1,51,1,0
27,270004,1,2,1,9,1,13,33,12,6,1,0,27,2,12,37,12037,5,2002,3FAFP37352R2,3,F,A,F,P,3,7,3,5,2,R,2,0,P,FORD,FX5,5D,2,17,2699,,0,1030,,G,,F,4,121,,,16R205,,,,,,0,0,000000000,00000000000,0,0,0,1,0,0,0,0,0,0,0,55,0,0,0,3,3,6,2,12,0,0,0,1,27,55033,6,1,0,0,3,0,68,130,1,0,0,0,0,2,2010,2,2010,0,87,0,0,0,1,2,55,2,2,2,1,0,0,14,8,1,4,2,66,1,0
27,270004,2,2,28,9,1,13,33,12,6,1,0,27,3,98,981,98981,51,1997,2PCL33495V10,2,P,C,L,3,3,4,9,5,V,1,0,0,U,,,,97,17,,,,,,,,,,,,,,,,,,,0,57,128280,57128280,3,21,22,1,0,0,0,0,98,0,0,55,0,0,0,12,12,6,2,12,0,0,0,1,27,55987,6,1,6,1,3,1,71,265,0,0,0,0,0,0,0,0,0,0,0,0,0,0,1,2,55,3,2,2,1,0,0,14,62,4,1,1,66,0,0
27,270005,1,1,1,15,1,7,17,8,0,1,0,27,1,49,40,49040,4,2002,4T1BE32K72U5,4,T,1,B,E,3,2,K,7,2,U,5,0,P,TOYT,LXS,4D,2,17,3086,,0,1071,,G,,F,4,144,,,15R205,,,,,,0,0,000000000,00000000000,0,0,0,1,0,0,0,0,0,0,0,999,0,0,0,12,12,4,3,8,0,0,0,1,27,55330,6,1,0,0,3,1,65,180,0,0,0,0,0,0,0,0,0,0,84,0,0,0,2,3,60,1,1,2,4,0,0,17,80,8,1,4,13,0,0
27,270006,1,2,1,17,1,7,49,12,6,1,0,27,1,21,3,21003,4,1996,1G3CX52K3T43,1,G,3,C,X,5,2,K,3,T,4,3,0,P,OLDS,9RE,4D,96,17,3515,,0,1107,,G,,F,6,231,,,15R205,,,,,,0,0,000000000,00000000000,0,0,0,1,0,0,0,0,0,0,0,998,0,0,0,9,9,6,2,12,0,0,0,1,27,55020,6,1,0,0,3,1,67,230,0,0,0,0,0,0,0,0,0,0,38,0,0,0,1,2,98,1,8,4,98,20,3,11,15,1,1,1,82,1,0
27,270006,2,2,1,17,1,7,49,12,6,1,0,27,1,12,481,12481,31,2003,1FTRW08L83KA,1,F,T,R,W,0,8,L,8,3,K,A,0,T,FORD,F1S,CW,3,17,,2,0,1388,COF,G,,,8,330,,,,B,5005,00,U,44,0,0,000000000,00000000000,0,0,0,1,0,0,0,0,0,0,0,55,0,0,0,11,11,6,2,12,0,0,0,1,27,56071,6,1,0,0,3,3,72,220,0,1,0,1,1,4,2008,7,2009,0,0,0,0,0,2,2,55,1,1,2,4,0,0,1,67,9,1,1,83,0,0
27,270007,1,2,1,13,1,14,14,12,6,1,0,27,1,7,442,7442,20,2002,1B4GP24332B5,1,B,4,G,P,2,4,3,3,2,B,5,0,T,DODG,GCS,ES,2,17,,1,0,1193,CAR,F,,,6,201,,,,,3906,00,E,42,0,0,000000000,00000000000,0,0,0,1,0,0,0,0,0,0,0,998,0,0,0,12,12,6,2,12,0,0,0,1,27,55614,6,1,0,0,3,0,71,190,0,0,0,0,0,0,0,0,0,0,0,0,0,0,1,2,55,2,1,2,3,0,0,14,62,4,1,1,65,1,0
27,270007,2,2,1,13,1,14,14,12,6,1,0,27,1,12,21,12021,4,2005,1FAFP24145G1,1,F,A,F,P,2,4,1,4,5,G,1,0,P,FORD,5SL,4D,5,17,3643,,0,1129,,G,,F,6,183,,,17R215,,,,,,0,0,000000000,00000000000,0,0,0,1,0,0,0,0,0,0,0,50,0,0,0,3,3,6,2,12,0,0,0,1,37,55404,6,1,0,0,3,0,64,999,0,0,0,1,0,4,2009,4,2009,1,58,0,0,0,1,2,55,3,1,2,3,0,0,14,6,4,4,2,64,0,0
27,270008,1,1,1,22,1,2,13,1,0,1,0,27,1,20,421,20421,15,1998,1GNEK13RXWJ3,1,G,N,E,K,1,3,R,X,W,J,3,0,P,CHEV,KTA,UT,98,17,4865,,0,1175,,G,,F,8,350,,,16R245,,,,,,0,0,000000000,00000000000,0,0,0,1,0,0,0,0,0,0,0,999,0,9,3,0,0,6,2,1,0,0,0,1,27,56048,6,1,6,0,3,0,64,175,0,0,0,0,0,0,0,0,0,0,87,0,0,0,2,2,65,1,2,1,4,0,0,1,5,99,4,4,7,1,1
27,270009,1,3,2,21,1,15,22,12,2,1,0,27,1,12,37,12037,4,2008,1FAHP35N18W2,1,F,A,H,P,3,5,N,1,8,W,2,0,P,FORD,FMS,4D,8,17,2623,,0,1029,,G,,F,4,122,,,16R205,,,,,,0,0,000000000,00000000000,0,0,0,1,0,0,0,0,0,0,0,46,0,0,0,12,12,6,2,12,0,0,0,1,27,55350,6,1,0,0,3,0,70,215,0,0,0,0,1,6,2008,6,2008,0,23,0,0,0,1,2,55,1,1,2,4,0,0,1,62,9,1,1,69,0,0
27,270009,2,3,1,21,1,15,22,12,2,1,0,27,1,21,17,21017,4,1994,1G3AG55M5R63,1,G,3,A,G,5,5,M,5,R,6,3,0,P,OLDS,CIS,4D,94,17,2818,,0,1049,,G,,F,6,191,,,14R185,,,,,,0,0,000000000,00000000000,0,0,0,1,0,0,0,0,0,0,0,15,0,0,0,12,12,6,2,12,0,0,0,1,27,55350,6,1,0,0,3,1,67,170,0,0,0,0,0,0,0,0,0,0,38,0,0,0,1,2,55,1,1,2,4,0,0,11,15,1,1,1,68,1,0
27,270009,3,3,1,21,1,15,22,12,2,1,0,27,1,12,481,12481,31,2001,1FTSW31L21EB,1,F,T,S,W,3,1,L,2,1,E,B,0,T,FORD,F3S,CW,1,17,,2,1724,1562,SRW,G,,,8,330,,,,D,5942,07,E,44,0,0,000000000,00000000000,0,0,0,1,0,0,0,0,0,0,0,0,0,0,0,12,12,2,1,12,0,0,0,1,27,55350,6,1,0,0,3,1,69,275,0,0,0,0,0,0,0,0,0,0,0,0,0,0,1,2,98,1,8,2,98,20,3,5,66,1,1,1,98,0,0
27,270010,1,1,1,24,1,7,20,2,0,1,0,27,6,18,20,18020,4,1998,2G4WB52K7W14,2,G,4,W,B,5,2,K,7,W,1,4,0,P,BUIC,RLS,4D,98,17,3353,,0,1090,,G,,F,6,231,,,15R215,,,,,,0,0,000000000,00000000000,0,0,0,1,0,0,0,0,0,0,0,0,0,0,0,0,0,6,2,2,0,0,1,0,0,99997,7,6,97,7,6,7,998,997,998,998,998,998,998,98,9998,98,9998,8,0,0,0,0,1,2,55,1,1,2,3,0,0,0,98,0,0,0,0,1,0
27,270011,1,1,1,24,1,13,13,10,0,1,0,27,1,20,481,20481,31,1978,CCT248J10463,C,C,T,2,4,8,J,1,0,4,6,3,0,T,CHEV,C20,PK,78,13,,2,1645,1295,C20,G,,,6,292,,,,CD,3946,10,,42,0,0,000000000,00000000000,0,0,0,1,0,0,0,0,0,0,0,30,0,0,0,82,82,6,4,10,0,0,0,1,27,55007,2,1,0,0,2,0,71,190,0,1,0,0,0,7,2010,7,2010,0,38,87,0,0,1,2,30,1,2,4,3,65,3,1,91,4,2,3,15,1,0
27,270013,1,1,1,30,1,5,26,42,0,1,0,27,2,54,31,54031,3,1996,JH4DC4357TS0,J,H,4,D,C,4,3,5,7,T,S,0,0,P,ACUR,ILS,2H,96,17,2572,,0,1012,,G,,F,4,112,,,14R195,,,,,,0,0,000000000,00000000000,0,0,0,1,0,0,0,0,0,0,0,998,0,1,5,81,61,6,2,1,0,0,0,1,27,55071,6,1,0,0,3,0,65,148,0,0,0,0,0,0,0,0,0,1,0,0,0,0,2,2,60,3,1,2,1,0,0,99,9,1,9,4,2,1,1
27,270014,1,2,1,31,1,8,38,12,2,1,0,27,1,23,431,23431,16,2003,1GKFK16Z83J2,1,G,K,F,K,1,6,Z,8,3,J,2,0,T,GMC,KX1,4W,3,17,,2,0,1300,YUK,F,,,8,325,,,,B,5224,00,4,44,0,0,000000000,00000000000,0,0,0,1,0,0,0,0,0,0,0,55,0,0,0,12,12,6,2,12,0,0,0,1,27,55373,6,1,0,0,3,1,73,280,0,0,0,0,0,0,0,0,0,0,0,0,0,0,1,2,55,1,1,2,3,0,0,1,62,9,1,1,51,0,0
27,270014,2,2,1,31,1,8,38,12,2,1,0,27,1,22,18,22018,4,2005,1G2NE52E95M2,1,G,2,N,E,5,2,E,9,5,M,2,0,P,PONT,GAS,4D,5,17,3066,,0,1070,,G,,F,6,207,,,15R215,,,,,,0,0,000000000,00000000000,0,0,0,1,0,0,0,0,0,0,0,55,0,0,0,12,12,6,2,12,0,0,0,1,27,55313,6,1,0,0,3,1,61,150,0,0,0,0,0,0,0,0,0,1,87,0,0,0,1,2,55,1,1,2,3,0,0,1,6,8,2,2,50,1,0
27,270015,1,2,1,1,2,15,42,12,6,1,0,27,2,20,16,20016,4,2003,1G1JC52F2373,1,G,1,J,C,5,2,F,2,3,7,3,0,P,CHEV,CAV,4D,3,17,2971,,0,1041,,G,,F,4,134,,,14R195,,,,,,0,0,000000000,00000000000,0,0,0,1,0,0,0,0,0,0,0,999,3,0,0,12,12,6,2,12,0,0,1,1,27,56364,3,1,0,0,2,0,71,160,1,0,0,1,0,6,2009,11,2009,0,39,0,0,0,1,2,98,8,8,2,98,20,3,1,17,1,1,1,88,0,0
27,270015,2,2,3,1,2,15,42,12,6,1,0,27,1,20,443,20443,20,2004,1GNDX03E24D1,1,G,N,D,X,0,3,E,2,4,D,1,0,T,CHEV,VTR,ES,4,17,,1,0,1200,VTR,G,,,6,207,,,,,3838,00,,42,0,0,000000000,00000000000,0,0,0,1,0,0,0,0,0,0,0,999,0,9,5,9,9,6,2,12,0,0,1,1,27,56330,6,1,0,0,3,1,70,219,1,0,0,0,0,10,2008,10,2008,0,0,0,0,0,1,2,55,1,1,2,4,0,0,1,66,1,1,1,89,2,0
27,270016,1,1,1,3,2,11,33,8,0,1,0,27,3,98,809,98809,63,2006,2FZHAZCV16AV,2,F,Z,H,A,Z,C,V,1,6,A,V,0,T,STRG,L90,CC,6,17,,8,0,0,STE,D,,,6,782,,,,,00000,00,,64,0,57,1110491,571110491,3,2,1,1,0,0,0,0,0,0,0,10,0,0,0,12,12,0,9,8,0,0,0,1,27,55430,6,1,6,0,3,0,70,165,0,0,0,0,0,0,0,0,0,0,0,0,0,0,2,2,30,1,1,2,1,3,3,1,82,1,1,1,13,0,0
27,270017,1,2,1,3,2,18,36,12,6,1,0,27,1,22,16,22016,2,2004,1G2JB12F6473,1,G,2,J,B,1,2,F,6,4,7,3,0,P,PONT,SFR,CP,4,17,2771,,0,1041,,G,,F,4,134,,,15R195,,,,,,0,0,000000000,00000000000,0,0,0,1,0,0,0,0,0,0,0,999,0,0,0,4,4,6,2,12,0,0,0,1,27,55963,6,1,0,0,3,0,73,180,0,0,0,0,0,0,0,0,0,0,58,87,0,0,1,2,55,1,1,2,4,0,0,1,5,6,4,2,64,1,0
27,270017,2,2,1,3,2,18,36,12,6,1,0,27,1,12,880,12880,67,2005,1FTWW31PX5EA,1,F,T,W,W,3,1,P,X,5,E,A,0,T,FORD,F3S,CW,5,17,,3,1724,1562,SRW,D,,,8,366,,,,D,6347,00,E,44,0,88,888888888,88888888888,2,1,97,1,0,0,0,0,0,0,0,60,0,0,0,12,12,6,2,12,0,0,0,1,27,55906,6,1,0,0,3,0,72,270,0,1,0,1,2,1,2009,3,2010,0,0,0,0,0,1,2,55,1,1,2,4,0,0,1,62,4,1,1,65,0,0
27,270018,1,1,1,1,2,11,35,10,0,1,0,27,1,12,481,12481,31,1988,1FTEF14Y7JPA,1,F,T,E,F,1,4,Y,7,J,P,A,0,T,FORD,F15,PK,88,17,,2,1330,1170,COF,G,,,6,300,,,,B,00000,00,A,44,0,0,000000000,00000000000,0,0,0,1,0,0,0,0,0,0,0,998,0,1,5,82,82,6,2,10,0,0,0,1,27,55970,6,1,0,0,3,1,70,200,1,0,0,0,0,10,2009,10,2009,0,39,87,0,0,1,2,55,1,1,2,4,65,3,1,91,4,2,1,15,1,0
27,270019,1,2,1,3,2,22,7,12,2,1,0,27,1,37,32,37032,4,2004,1HGCM56364A0,1,H,G,C,M,5,6,3,6,4,A,0,0,P,HOND,ULX,4D,4,17,3113,,0,1079,,G,,F,4,146,,,15R205,,,,,,0,0,000000000,00000000000,0,0,0,1,0,0,0,0,0,0,0,999,0,0,0,12,12,6,2,12,0,0,0,1,27,55779,6,1,0,0,3,2,70,170,1,0,0,0,1,9,2008,9,2008,0,28,74,0,0,1,2,60,1,1,2,2,0,0,1,10,1,1,2,50,1,0
27,270019,2,2,1,3,2,22,7,12,2,1,0,27,1,20,16,20016,4,1995,1G1JC5245S72,1,G,1,J,C,5,2,4,5,S,7,2,0,P,CHEV,CAV,4D,95,17,2676,,0,1041,,G,,F,4,133,,,14R195,,,,,,0,0,000000000,00000000000,0,0,0,1,0,0,0,0,0,0,0,999,0,0,0,12,12,6,2,12,0,0,0,1,27,55779,6,1,6,0,3,0,61,180,0,0,0,0,0,0,0,0,0,0,0,0,0,0,1,2,60,1,1,2,2,0,0,1,62,6,1,1,51,0,0