STATE,ST_CASE,VEH_NO,VE_FORMS,NUMOCCS,DAY,MONTH,HOUR,MINUTE,HARM_EV,MAN_COLL,UNITTYPE,HIT_RUN,REG_STAT,OWNER,MAKE,MODEL,MAK_MOD,BODY_TYP,MOD_YEAR,VIN,VIN_1,VIN_2,VIN_3,VIN_4,VIN_5,VIN_6,VIN_7,VIN_8,VIN_9,VIN_10,VIN_11,VIN_12,TOW_VEH,VINTYPE,VINMAKE,VINA_MOD,VIN_BT,VINMODYR,VIN_LNGT,VIN_WGT,WGTCD_TR,WHLBS_LG,WHLBS_SH,SER_TR,FUELCODE,MCYCL_DS,CARBUR,CYLINDER,DISPLACE,MCYCL_CY,MCYCL_WT,TIRE_SZE,TON_RAT,TRK_WT,TRKWTVAR,VIN_REST,WHLDRWHL,J_KNIFE,MCARR_I1,MCARR_I2,MCARR_ID,GVWR,V_CONFIG,CARGO_BT,HAZ_INV,HAZ_PLAC,HAZ_ID,HAZ_CNO,HAZ_REL,BUS_USE,SPEC_USE,EMER_USE,TRAV_SP,UNDERIDE,ROLLOVER,ROLINLOC,IMPACT1,IMPACT2,DEFORMED,TOWED,M_HARM,VEH_SC1,VEH_SC2,FIRE_EXP,DR_PRES,L_STATE,DR_ZIP,L_STATUS,L_TYPE,CDL_STAT,L_ENDORS,L_COMPL,L_RESTRI,DR_HGT,DR_WGT,PREV_ACC,PREV_SUS,PREV_DWI,PREV_SPD,PREV_OTH,FIRST_MO,FIRST_YR,LAST_MO,LAST_YR,SPEEDREL,DR_SF1,DR_SF2,DR_SF3,DR_SF4,VTRAFWAY,VNUM_LAN,VSPD_LIM,VALIGN,VPROFILE,VPAVETYP,VSURCOND,VTRAFCON,VTCONT_F,P_CRASH1,P_CRASH2,P_CRASH3,PCRASH4,PCRASH5,ACC_TYPE,DEATHS,DR_DRINK
27,270020,1,2,4,4,2,22,34,12,6,1,0,27,1,18,18,18018,4,1994,1G4NV55MXRC2,1,G,4,N,V,5,5,M,X,R,C,2,0,P,BUIC,SKC,4D,94,17,2791,,0,1034,,G,,F,6,191,,,14R185,,,,,,0,0,000000000,00000000000,0,0,0,1,0,0,0,0,0,0,0,998,3,0,0,12,11,6,2,12,0,0,0,1,27,55756,6,1,0,0,3,1,66,170,0,0,0,0,0,0,0,0,0,0,28,0,0,0,1,2,55,1,1,2,1,0,0,1,10,1,1,1,64,1,1
27,270020,2,2,1,4,2,22,34,12,6,1,0,55,3,84,883,84883,66,1999,2HSFMAHRXXC0,2,H,S,F,M,A,H,R,X,X,C,0,1,T,INTL,920,TR,99,17,,8,2340,1600,920,D,,,6,661,,,,,00000,00,,64,1,57,674238,57674238,3,6,2,1,0,0,0,0,0,0,0,998,0,0,0,10,10,4,3,12,0,0,0,1,27,55810,6,1,6,1,3,0,70,220,0,0,0,0,0,0,0,0,0,0,0,0,0,0,1,2,55,1,1,2,1,0,0,1,62,9,1,1,65,0,0
27,270021,1,2,1,5,2,5,16,12,6,1,0,27,1,12,481,12481,31,2005,1FTSW21P95EC,1,F,T,S,W,2,1,P,9,5,E,C,0,T,FORD,F2S,CW,5,17,,2,1724,1562,SRW,D,,,8,366,,,,C,6538,00,E,44,0,0,000000000,00000000000,0,0,0,1,0,0,0,0,0,0,0,48,0,0,0,12,12,6,2,12,0,0,0,1,27,55005,6,1,0,0,3,0,71,180,0,0,0,0,0,0,0,0,0,1,39,0,0,0,1,2,98,8,8,2,2,20,3,1,17,3,1,1,86,0,0
27,270021,2,2,2,5,2,5,16,12,6,1,0,27,1,20,481,20481,31,2004,1GCEK19TX4E3,1,G,C,E,K,1,9,T,X,4,E,3,1,T,CHEV,SK1,4C,4,17,,2,1575,1435,SIL,G,,,8,325,,,,B,4925,00,,44,1,0,000000000,00000000000,0,0,0,1,0,0,0,0,0,0,0,48,0,0,0,3,3,6,2,12,0,0,0,1,27,54449,6,1,0,0,3,1,71,295,0,0,0,0,0,0,0,0,0,0,0,0,0,0,2,2,65,1,1,2,2,0,0,1,66,1,1,1,87,1,0
27,270022,1,1,1,6,2,4,30,15,0,1,0,27,1,12,481,12481,31,1998,1FTZX18W8WKA,1,F,T,Z,X,1,8,W,8,W,K,A,0,T,FORD,F15,3C,98,17,,1,1570,1390,COF,G,,,8,281,,,,B,4480,01,E,44,0,0,000000000,00000000000,0,0,0,1,0,0,0,0,0,0,0,30,0,0,0,1,1,2,1,15,0,0,0,1,27,55106,6,1,0,0,3,0,71,250,1,0,0,1,0,3,2009,10,2009,0,0,0,0,0,1,2,30,1,1,2,3,0,0,1,80,1,1,1,13,0,0
27,270023,1,1,1,9,2,16,16,1,0,1,0,27,1,20,431,20431,16,2001,3GNFK16T11G2,3,G,N,F,K,1,6,T,1,1,G,2,0,P,CHEV,K15,UT,1,17,5123,,0,1300,,G,,F,8,325,,,16R245,,,,,,0,0,000000000,00000000000,0,0,0,1,0,0,0,0,0,0,0,999,0,9,5,0,0,6,2,1,0,0,0,1,27,56331,6,1,6,0,3,0,73,200,0,0,0,0,0,0,0,0,0,9,99,99,99,99,1,2,55,3,2,2,1,0,0,14,9,6,4,4,7,1,1
27,270024,1,2,1,7,2,12,35,12,2,1,0,27,1,12,880,12880,67,2008,1FTWW31R78EC,1,F,T,W,W,3,1,R,7,8,E,C,0,T,FORD,F3S,CW,8,17,,3,1720,1560,SRW,D,,,8,390,,,,D,6556,02,E,44,0,88,888888888,88888888888,2,1,97,1,0,0,0,0,0,0,0,38,0,0,0,12,12,6,2,12,0,0,0,1,27,56025,6,1,6,0,3,0,72,200,2,0,0,1,1,6,2008,10,2010,0,0,0,0,0,1,2,55,1,3,4,3,0,0,1,54,4,1,1,52,0,0
27,270024,2,2,1,7,2,12,35,12,2,1,0,27,1,14,6,14006,4,1989,2MEBM75F5KX7,2,M,E,B,M,7,5,F,5,K,X,7,0,P,MERC,MGL,4D,89,17,3774,,0,1143,,G,,F,8,302,,,15R215,,,,,,0,0,000000000,00000000000,0,0,0,1,0,0,0,0,0,0,0,0,0,0,0,12,12,6,2,12,0,0,0,1,27,56025,6,1,0,0,3,1,61,185,0,0,0,0,0,0,0,0,0,0,54,0,0,0,1,2,55,1,3,4,3,0,0,5,54,1,1,1,52,1,0
27,270025,1,2,2,11,2,21,53,12,1,1,0,19,2,18,7,18007,4,1991,1G4AH54N5M64,1,G,4,A,H,5,4,N,5,M,6,4,0,P,BUIC,CCU,4D,91,17,2770,,0,1049,,G,,F,6,204,,,14R185,,,,,,0,0,000000000,00000000000,0,0,0,1,0,0,0,0,0,0,0,63,0,1,5,12,3,6,2,45,0,0,0,1,19,52155,6,1,0,0,3,1,70,160,0,0,0,0,0,0,0,0,0,1,87,84,0,0,1,2,55,1,1,1,4,98,3,1,52,6,4,2,28,1,0
27,270025,2,2,1,11,2,21,53,12,1,1,0,27,2,21,3,21003,4,1996,1G3CX52K4T43,1,G,3,C,X,5,2,K,4,T,4,3,0,P,OLDS,9RE,4D,96,17,3515,,0,1107,,G,,F,6,231,,,15R205,,,,,,0,0,000000000,00000000000,0,0,0,1,0,0,0,0,0,0,0,5,0,0,0,6,7,2,1,12,0,0,0,1,27,55975,6,1,0,0,3,1,72,160,0,0,0,0,0,0,0,0,0,0,0,0,0,0,1,2,55,1,1,1,4,98,3,2,53,1,1,1,29,0,0
27,270026,1,2,1,17,2,9,29,12,6,1,0,27,1,22,20,22020,4,2006,2G2WP552X613,2,G,2,W,P,5,5,2,X,6,1,3,0,P,PONT,GRA,4D,6,17,3477,,0,1105,,G,,F,6,232,,,16R225,,,,,,0,0,000000000,00000000000,0,0,0,1,0,0,0,0,0,0,0,999,0,0,0,2,2,6,2,12,0,0,0,1,27,55322,6,1,6,0,3,1,66,150,0,0,0,1,0,11,2010,11,2010,0,38,0,0,0,1,2,98,1,1,2,2,21,3,1,17,1,1,1,87,1,0
27,270026,2,2,1,17,2,9,29,12,6,1,0,29,3,87,881,87881,66,2007,1XP7D49X37D6,1,X,P,7,D,4,9,X,3,7,D,6,1,T,PTRB,387,TR,7,17,,8,0,0,CON,D,,,6,915,,,,,00000,00,,64,1,57,1541520,571541520,3,6,1,1,0,0,0,0,0,0,0,55,0,0,0,12,12,6,2,12,0,0,0,1,29,63362,6,1,6,0,3,0,74,180,0,0,0,0,0,0,0,0,0,0,0,0,0,0,2,2,65,1,1,1,2,0,0,1,66,9,1,1,86,0,0
27,270027,1,2,1,17,2,16,8,12,2,1,0,27,1,12,481,12481,31,2008,1FTPX14VX8FA,1,F,T,P,X,1,4,V,X,8,F,A,1,T,FORD,F15,4C,8,17,,2,1630,1330,COF,F,,,8,329,,,,B,5176,06,E,44,1,0,000000000,00000000000,0,0,0,1,0,0,0,0,0,0,0,998,0,0,0,12,12,6,2,12,0,0,0,1,27,56750,6,1,0,0,3,1,68,238,0,0,0,0,0,0,0,0,0,0,0,0,0,0,1,2,55,1,1,2,4,0,0,1,63,1,1,1,51,1,0
27,270027,2,2,3,17,2,16,8,12,2,1,0,27,2,20,481,20481,31,1998,1GCEK19RXWR1,1,G,C,E,K,1,9,R,X,W,R,1,0,T,CHEV,GK1,PC,98,17,,2,1555,1415,GM4,G,,,8,350,,,,B,00000,00,,44,0,0,000000000,00000000000,0,0,0,1,0,0,0,0,0,0,0,998,0,0,0,12,12,6,2,12,0,0,0,1,27,56716,6,1,0,0,3,3,64,130,0,0,0,0,0,0,0,0,0,0,87,0,0,0,1,2,55,1,1,2,4,0,0,1,5,7,4,2,50,1,0
27,270028,1,1,1,17,2,11,33,8,0,1,0,27,1,12,481,12481,31,1998,1FTZF18W9WKA,1,F,T,Z,F,1,8,W,9,W,K,A,0,T,FORD,F15,PK,98,17,,1,1390,1200,COF,G,,,8,281,,,,B,4260,01,E,44,0,0,000000000,00000000000,0,0,0,1,0,0,0,0,0,0,0,5,0,0,0,5,5,0,1,8,0,0,0,1,27,56283,6,1,0,0,3,0,74,220,0,0,0,0,0,0,0,0,0,0,0,0,0,0,1,2,30,1,1,2,1,20,3,10,80,1,1,1,13,0,0
27,270029,1,2,2,7,2,12,13,12,6,1,0,27,1,7,472,7472,30,1991,1B7GG23Y5MS3,1,B,7,G,G,2,3,Y,5,M,S,3,0,T,DODG,DAK,PC,91,17,,1,0,1309,DAK,G,,,8,318,,,,B,3823,01,A,44,0,0,000000000,00000000000,0,0,0,1,0,0,0,0,0,0,0,30,0,0,0,81,81,6,2,12,0,0,0,1,27,55041,6,1,0,0,3,3,70,150,0,0,0,1,0,10,2009,10,2009,0,38,0,0,0,1,2,30,1,8,8,4,0,0,1,17,4,1,1,87,0,0
27,270029,2,2,2,7,2,12,13,12,6,1,0,27,1,14,6,14006,4,2008,2MEFM75V98X6,2,M,E,F,M,7,5,V,9,8,X,6,0,P,MERC,MGL,4D,8,17,4117,,0,1146,,F,,F,8,281,,,16R225,,,,,,0,0,000000000,00000000000,0,0,0,1,0,0,0,0,0,0,0,30,0,0,0,12,12,6,2,12,0,0,0,1,27,55041,6,1,0,0,3,8,68,180,0,0,0,0,0,0,0,0,0,0,0,0,0,0,1,2,30,1,1,8,4,0,0,1,66,4,1,1,86,1,0
27,270030,1,2,2,17,2,12,52,12,6,1,0,27,1,12,37,12037,4,2009,1FAHP35N69W2,1,F,A,H,P,3,5,N,6,9,W,2,0,P,FORD,FSE,4D,9,17,2623,,0,1029,,G,,F,4,122,,,16R205,,,,,,0,0,000000000,00000000000,0,0,0,1,0,0,0,0,0,0,0,45,0,0,0,12,12,6,2,12,0,0,0,1,27,55946,6,1,0,0,3,1,73,220,0,0,0,0,0,0,0,0,0,0,38,0,0,0,1,2,98,8,8,2,2,20,3,99,19,1,1,1,88,1,0
27,270030,2,2,1,17,2,12,52,12,6,1,0,55,3,84,881,84881,66,2006,2HSCNAPR76C2,2,H,S,C,N,A,P,R,7,6,C,2,1,T,INTL,94I,TR,6,17,,8,0,0,940,D,,,6,915,,,,,00000,00,,64,1,57,566946,57566946,3,6,4,1,0,0,0,0,0,0,0,50,0,0,0,9,9,2,3,12,0,0,0,1,55,54746,6,1,6,0,3,1,71,195,0,0,0,0,0,0,0,0,0,0,0,0,0,0,2,2,55,1,2,2,2,0,0,1,68,1,1,1,89,0,0
27,270031,1,3,3,21,2,18,49,12,2,1,0,27,1,37,401,37401,14,1997,4S6CK58V2V44,4,S,6,C,K,5,8,V,2,V,4,4,0,P,HOND,PAS,UT,97,17,3770,,0,1085,,G,,F,6,193,,,16R225,,,,,,0,0,000000000,00000000000,0,0,0,1,0,0,0,0,0,0,0,43,0,0,0,12,9,6,2,12,0,0,0,1,27,56328,6,1,0,0,3,1,64,190,0,1,0,0,0,5,2009,5,2009,0,28,0,0,0,1,2,55,1,1,2,4,0,0,1,10,1,1,2,50,3,0
27,270031,2,3,1,21,2,18,49,12,2,1,0,27,1,23,481,23481,31,2005,1GTHK23205F8,1,G,T,H,K,2,3,2,0,5,F,8,1,T,GMC,2KH,CW,5,17,,2,1670,1530,SIE,D,,,8,403,,,,C,5907,01,E,44,1,0,000000000,00000000000,0,0,0,1,0,0,0,0,0,0,0,53,0,0,0,12,12,6,2,12,0,0,0,1,27,56345,6,1,6,0,3,0,76,220,0,0,0,0,0,0,0,0,0,0,0,0,0,0,1,2,55,1,1,2,4,0,0,1,62,1,1,1,51,0,0
27,270031,3,3,1,21,2,18,49,12,2,1,0,27,1,35,472,35472,30,1998,1N6DD21Y1WC3,1,N,6,D,D,2,1,Y,1,W,C,3,0,T,NISS,F/X,PK,98,17,,1,0,1043,FRT,G,,,4,146,,,,B,3568,00,U,44,0,0,000000000,00000000000,0,0,0,1,0,0,0,0,0,0,0,998,0,0,0,12,12,4,3,12,0,0,0,1,27,56475,6,1,0,0,3,0,71,180,0,0,0,0,0,0,0,0,0,0,0,0,0,0,1,2,55,1,1,2,4,0,0,1,50,99,1,1,98,0,0
27,270032,1,2,1,21,2,15,26,23,0,1,0,27,1,20,481,20481,31,2003,2GCEC19V9311,2,G,C,E,C,1,9,V,9,3,1,1,0,T,CHEV,SC1,4C,3,17,,2,1575,1435,SIL,G,,,8,293,,,,B,4534,03,,42,0,0,000000000,00000000000,0,0,0,1,0,0,0,0,0,0,0,63,0,0,0,10,10,6,2,12,0,0,0,1,27,55420,6,1,0,0,3,0,69,190,0,0,0,0,0,0,0,0,0,1,87,0,0,0,3,2,70,1,3,1,3,0,0,1,6,4,4,4,7,1,0
27,270032,2,2,1,21,2,15,26,23,0,1,0,30,2,85,881,85881,66,2006,1XKADB9XX6J1,1,X,K,A,D,B,9,X,X,6,J,1,1,T,KW,T60,TR,6,17,,8,2600,1600,CON,D,,,6,893,,,,,00000,00,,64,1,57,1498675,571498675,3,6,3,1,0,0,0,0,0,0,0,63,0,0,0,12,12,4,3,12,0,0,0,1,30,59901,6,1,6,0,3,0,70,260,98,0,0,0,0,0,0,0,0,0,0,0,0,0,3,2,40,1,3,1,3,0,0,1,51,9,1,1,98,0,0
27,270033,1,2,1,22,2,8,3,12,2,1,0,27,2,49,32,49032,4,1995,1NXAE04B7SZ2,1,N,X,A,E,0,4,B,7,S,Z,2,0,P,TOYT,COA,4D,95,17,2315,,0,970,,G,,F,4,097,,,14R175,,,,,,0,0,000000000,00000000000,0,0,0,1,0,0,0,0,0,0,0,55,0,0,0,12,12,6,2,12,0,0,0,1,27,56180,6,1,0,0,3,0,64,120,2,0,0,3,0,3,2008,8,2009,0,28,0,0,0,1,2,55,4,1,2,4,40,2,14,10,1,1,2,50,1,0
27,270033,2,2,1,22,2,8,3,12,2,1,0,93,1,84,881,84881,66,2004,2HSCEAHR24C0,2,H,S,C,E,A,H,R,2,4,C,0,1,T,INTL,92I,TR,4,17,,8,0,0,920,D,,,6,661,,,,,00000,00,,64,1,57,479264,57479264,3,6,8,1,0,0,0,0,0,0,0,55,0,0,0,12,11,6,2,12,0,0,0,1,27,56137,6,1,6,0,3,0,69,398,0,0,0,0,0,0,0,0,0,0,0,0,0,0,1,2,55,3,1,2,4,40,2,14,62,6,1,1,51,0,0
27,270034,1,2,1,23,2,20,5,12,6,1,0,55,1,22,2,22002,4,1997,1G2HZ52KXVH2,1,G,2,H,Z,5,2,K,X,V,H,2,0,P,PONT,BSE,4D,97,17,3491,,0,1108,,G,,F,6,231,,,16R225,,,,,,0,0,000000000,00000000000,0,0,0,1,0,0,0,0,0,0,0,55,0,0,0,9,9,6,4,12,0,0,0,1,55,54880,6,1,5,0,3,0,74,200,0,0,0,0,0,0,0,0,0,1,87,0,0,0,1,2,55,1,1,2,4,0,0,1,6,9,3,2,64,1,1
27,270034,2,2,1,23,2,20,5,12,6,1,0,27,1,49,32,49032,4,2009,1NXBU40E49Z0,1,N,X,B,U,4,0,E,4,9,Z,0,0,P,TOYT,CBL,4D,9,17,2723,,0,1024,,G,,F,4,110,,,15R195,,,,,,0,0,000000000,00000000000,0,0,0,1,0,0,0,0,0,0,0,55,0,0,0,12,12,6,4,12,0,0,0,1,27,55746,6,1,6,0,3,1,72,140,1,0,0,0,0,11,2010,11,2010,0,0,0,0,0,1,2,55,1,1,2,4,0,0,1,62,9,1,1,65,0,0
27,270035,1,1,1,26,2,11,44,10,0,1,0,27,1,18,2,18002,4,2003,1G4HR54K83U1,1,G,4,H,R,5,4,K,8,3,U,1,0,P,BUIC,LLF,4D,3,17,3567,,0,1122,,G,,F,6,231,,,15R215,,,,,,0,0,000000000,00000000000,0,0,0,1,0,0,0,0,0,0,0,8,0,0,0,9,62,6,2,10,0,0,0,1,27,56033,6,1,6,0,3,0,71,280,0,0,0,0,0,0,0,0,0,0,39,0,0,0,1,2,55,1,1,4,4,65,3,1,91,9,1,1,15,1,0
27,270036,1,2,1,2,3,16,37,12,6,1,0,93,3,82,881,82881,66,2009,1FUJGLDR19LA,1,F,U,J,G,L,D,R,1,9,L,A,1,T,FRHT,125,TR,9,17,,8,0,0,CSC,D,,,6,903,,,,,00000,00,,64,1,57,1490274,571490274,3,6,1,1,0,0,0,0,0,0,0,65,0,0,0,12,12,6,2,12,0,0,0,1,27,56085,6,1,6,0,3,0,72,150,0,0,0,1,1,10,2008,5,2010,0,0,0,0,0,2,2,65,1,1,2,1,0,0,1,66,8,1,1,88,0,0
27,270036,2,2,1,2,3,16,37,12,6,1,0,27,2,20,481,20481,31,2000,1GCEK14T5YE2,1,G,C,E,K,1,4,T,5,Y,E,2,0,T,CHEV,SK1,PK,0,17,,2,1330,1190,SIL,G,,,8,325,,,,B,4248,02,,44,0,0,000000000,00000000000,0,0,0,1,0,0,0,0,0,0,0,10,0,0,0,10,10,6,2,12,0,0,0,1,27,55346,6,1,0,0,3,0,71,165,0,0,0,0,0,0,0,0,0,0,38,0,0,0,1,2,98,8,8,2,1,20,3,4,17,1,1,1,89,1,1
27,270037,1,2,2,5,3,22,27,12,6,1,0,27,1,20,32,20032,4,1996,1Y1SK526XTZ0,1,Y,1,S,K,5,2,6,X,T,Z,0,0,P,GEO,GEP,4D,96,17,2359,,0,971,,G,,F,4,097,,,14R175,,,,,,0,0,000000000,00000000000,0,0,0,1,0,0,0,0,0,0,0,998,0,0,0,9,9,6,2,12,0,0,0,1,27,55430,6,1,0,0,3,0,66,145,0,0,0,2,0,8,2010,10,2010,0,0,0,0,0,6,1,30,8,8,2,1,3,3,1,66,1,1,1,89,2,0
27,270037,2,2,2,5,3,22,27,12,6,1,0,27,2,49,40,49040,4,2005,4T1BE32K95U5,4,T,1,B,E,3,2,K,9,5,U,5,0,P,TOYT,XLL,4D,5,17,3108,,0,1071,,G,,F,4,144,,,15R205,,,,,,0,0,000000000,00000000000,0,0,0,1,0,0,0,0,0,0,0,998,0,0,0,12,12,6,2,12,0,0,1,1,27,55106,2,1,0,0,2,0,61,113,0,3,1,0,0,9,2009,8,2010,1,39,0,0,0,2,2,30,1,1,2,1,3,3,1,17,1,1,1,88,0,1
27,270039,1,1,1,11,3,20,5,8,0,1,0,27,1,21,21,21021,4,2000,1G3NF52E6YC3,1,G,3,N,F,5,2,E,6,Y,C,3,0,P,OLDS,AGS,4D,0,17,3022,,0,1070,,G,,F,6,207,,,16R225,,,,,,0,0,000000000,00000000000,0,0,0,1,0,0,0,0,0,0,0,30,0,0,0,12,12,4,3,8,0,0,0,1,27,56320,6,2,0,0,3,0,71,145,0,0,0,0,1,1,2011,1,2011,0,38,0,0,0,1,2,30,1,1,2,2,20,3,1,80,1,1,1,13,0,0
27,270040,1,2,1,9,3,7,53,12,6,1,0,27,1,14,17,14017,4,2002,1MEFM50UX2G6,1,M,E,F,M,5,0,U,X,2,G,6,0,P,MERC,SGP,4D,2,17,3379,,0,1085,,G,,F,6,182,,,16R215,,,,,,0,0,000000000,00000000000,0,0,0,1,0,0,0,0,0,0,0,999,0,0,0,1,1,6,2,12,0,0,0,1,27,55360,6,1,0,0,3,0,75,200,0,0,0,0,0,0,0,0,0,0,39,0,0,0,1,2,98,8,8,4,3,20,3,1,17,6,1,1,87,1,0
27,270040,2,2,1,9,3,7,53,12,6,1,0,27,3,12,461,12461,21,2009,1FTNE24W19DA,1,F,T,N,E,2,4,W,1,9,D,A,0,T,FORD,25V,CG,9,17,,2,0,1380,VAN,G,,,8,281,,,,B,5195,00,E,42,0,0,000000000,00000000000,0,0,0,1,0,0,0,0,0,0,0,999,0,1,5,12,12,6,2,12,0,0,0,1,27,55355,6,1,6,0,3,0,70,200,0,0,0,0,0,0,0,0,0,0,0,0,0,0,1,2,55,1,1,1,3,0,0,1,66,7,1,1,86,0,0
27,270041,1,2,2,15,3,12,14,12,2,1,0,27,2,49,32,49032,4,1993,1NXAE04E5PZ0,1,N,X,A,E,0,4,E,5,P,Z,0,0,P,TOYT,COA,4D,93,17,2304,,0,957,,G,,F,4,097,,,13R155,,,,,,0,0,000000000,00000000000,0,0,0,1,0,0,0,0,0,0,0,999,0,0,0,12,12,6,2,12,0,0,0,1,27,55113,6,1,0,0,3,3,71,135,0,0,0,0,0,0,0,0,0,0,28,0,0,0,1,2,55,1,1,2,1,0,0,1,10,1,1,2,50,2,0
27,270041,2,2,1,15,3,12,14,12,2,1,0,55,3,87,881,87881,66,2001,1XP5DU9X61N5,1,X,P,5,D,U,9,X,6,1,N,5,1,T,PTRB,379,TR,1,17,,8,0,0,CON,D,,,6,733,,,,,00000,00,,64,1,57,172237,57172237,3,6,2,1,0,0,0,0,0,0,0,999,0,0,0,12,12,6,2,12,0,0,0,1,55,54767,6,1,6,1,3,3,69,175,1,0,0,0,0,12,2008,12,2008,0,0,0,0,0,1,2,55,1,1,2,1,0,0,1,62,9,1,1,51,0,0
27,270042,1,2,1,15,3,12,12,12,1,1,0,27,3,84,883,84883,62,1993,1HTSLPEM7PH4,1,H,T,S,L,P,E,M,7,P,H,4,0,T,INTL,470,CC,93,17,,6,2540,1400,40S,D,,,6,360,,,,,00000,00,,42,0,57,1440890,571440890,2,1,2,1,0,0,0,0,0,0,0,55,0,0,0,12,12,6,2,12,0,0,0,1,27,56172,6,1,0,0,3,0,72,225,0,0,0,0,0,0,0,0,0,1,26,0,0,0,1,2,55,1,1,2,1,0,0,1,50,7,1,2,20,1,0
27,270042,2,2,1,15,3,12,12,12,1,1,0,93,3,84,881,84881,63,2005,1HTMSAARX5H1,1,H,T,M,S,A,A,R,X,5,H,1,0,T,INTL,440,CC,5,17,,8,0,0,40S,D,,,6,466,,,,,00000,00,,64,0,57,1110533,571110533,3,2,1,1,0,0,0,0,0,0,0,0,0,0,0,6,6,2,1,12,0,0,0,1,27,56185,6,1,6,0,3,3,70,215,0,0,0,0,0,0,0,0,0,0,0,0,0,0,1,2,55,1,1,2,1,0,0,5,53,1,1,1,22,0,0
27,270043,1,1,1,17,3,20,43,8,0,1,0,55,1,22,22,22022,4,2007,1G2ZG58N7742,1,G,2,Z,G,5,8,N,7,7,4,2,0,P,PONT,6BS,4D,7,17,3305,,0,1123,,G,,F,6,214,,,17R225,,,,,,0,0,000000000,00000000000,0,0,0,1,0,0,0,0,0,0,0,65,0,0,0,12,11,4,3,8,0,0,0,1,55,54017,6,1,0,0,3,0,68,165,0,0,0,0,0,0,0,0,0,0,0,0,0,0,2,2,65,1,2,2,1,0,0,1,80,1,1,1,13,0,0
27,270044,1,1,1,18,3,0,15,48,0,1,0,27,1,34,34,34034,4,2007,WBAVD53577A0,W,B,A,V,D,5,3,5,7,7,A,0,0,P,BMW,35X,4D,7,17,3814,,0,1087,,G,,T,6,183,,,17R225,,,,,,0,0,000000000,00000000000,0,0,0,1,0,0,0,0,0,0,0,99,0,1,5,12,99,6,2,42,0,0,0,1,27,55441,6,1,0,0,3,3,71,150,1,0,0,1,0,4,2008,12,2008,1,0,0,0,0,1,2,30,1,3,2,1,0,0,1,6,7,9,4,7,1,1
27,270045,1,1,4,19,3,2,15,35,0,1,0,27,2,12,442,12442,20,2000,2FMZA5346YBA,2,F,M,Z,A,5,3,4,6,Y,B,A,0,T,FORD,WSL,ES,0,17,,1,0,1207,WIN,G,,,6,232,,,,B,4345,00,E,42,0,0,000000000,00000000000,0,0,0,1,0,0,0,0,0,0,0,100,0,1,5,12,3,6,2,1,0,0,0,1,27,55946,6,2,0,0,3,0,67,140,1,0,0,0,0,8,2009,8,2009,1,0,0,0,0,1,2,55,3,1,2,1,0,0,14,13,1,1,4,1,1,1
27,270047,1,4,2,24,3,11,37,12,2,1,0,27,1,20,431,20431,16,1999,1GBFK16R1XJ5,1,G,B,F,K,1,6,R,1,X,J,5,0,P,CHEV,K15,UT,99,17,5297,,0,1315,,G,,F,8,350,,,000000,,,,,,0,0,000000000,00000000000,0,0,0,1,0,0,0,0,0,0,0,999,0,0,0,12,12,6,2,12,0,0,0,1,27,55117,6,1,0,0,3,0,69,150,0,0,0,1,0,12,2008,12,2008,0,0,0,0,0,2,3,55,2,1,1,1,0,0,14,12,99,1,7,52,1,0
27,270047,2,4,5,24,3,11,37,12,2,1,0,27,1,13,421,13421,15,2006,5LMFU28546LJ,5,L,M,F,U,2,8,5,4,6,L,J,0,P,LINC,NAV,UT,6,17,5892,,0,1190,,G,,F,8,330,,,18R255,,,,,,0,0,000000000,00000000000,0,0,0,1,0,0,0,0,0,0,0,999,0,0,0,12,12,6,2,12,0,0,0,1,27,55311,6,1,0,0,3,0,71,145,0,0,0,1,0,11,2010,11,2010,0,0,0,0,0,2,3,55,3,1,1,1,0,0,14,64,9,1,2,52,0,0
27,270047,3,4,1,24,3,11,37,12,2,1,0,27,1,7,442,7442,20,2005,2D4GP44L95R5,2,D,4,G,P,4,4,L,9,5,R,5,0,T,DODG,GSX,ES,5,17,,1,0,1193,CAR,G,,,6,230,,,,,4222,00,E,42,0,0,000000000,00000000000,0,0,0,1,0,0,0,0,0,0,0,999,0,0,0,12,12,6,2,12,0,0,0,1,27,55110,6,1,0,0,3,3,69,160,0,0,0,0,0,0,0,0,0,0,0,0,0,0,2,3,55,3,1,1,1,0,0,14,60,99,1,1,98,0,0
27,270047,4,4,1,24,3,11,37,12,2,1,0,27,1,30,48,30048,4,2004,WVWAF63D3480,W,V,W,A,F,6,3,D,3,4,8,0,0,P,VOLK,P42,4D,4,17,5010,,0,1181,,G,,F,8,255,,,17R235,,,,,,0,0,000000000,00000000000,0,0,0,1,0,0,0,0,0,0,0,999,0,0,0,12,12,2,1,12,0,0,0,1,27,55116,6,1,0,0,3,3,69,226,0,0,0,0,0,0,0,0,0,0,26,0,0,0,2,3,55,3,1,1,1,0,0,14,51,4,1,1,98,0,0
27,270048,1,1,4,24,3,8,3,1,0,1,0,27,3,23,431,23431,16,2000,999999999999,9,9,9,9,9,9,9,9,9,9,9,9,0,,,,,,,,,,,,,,,,,,,,,,,,,0,0,000000000,00000000000,0,0,0,1,0,0,0,0,0,0,0,998,0,9,6,0,0,6,2,1,0,0,0,1,27,55371,6,2,0,0,3,0,65,118,0,0,0,0,0,0,0,0,0,1,87,0,0,0,1,2,55,1,1,2,4,0,0,1,5,4,9,4,2,1,0