STATE,ST_CASE,VEH_NO,VE_FORMS,NUMOCCS,DAY,MONTH,HOUR,MINUTE,HARM_EV,MAN_COLL,UNITTYPE,HIT_RUN,REG_STAT,OWNER,MAKE,MODEL,MAK_MOD,BODY_TYP,MOD_YEAR,VIN,VIN_1,VIN_2,VIN_3,VIN_4,VIN_5,VIN_6,VIN_7,VIN_8,VIN_9,VIN_10,VIN_11,VIN_12,TOW_VEH,VINTYPE,VINMAKE,VINA_MOD,VIN_BT,VINMODYR,VIN_LNGT,VIN_WGT,WGTCD_TR,WHLBS_LG,WHLBS_SH,SER_TR,FUELCODE,MCYCL_DS,CARBUR,CYLINDER,DISPLACE,MCYCL_CY,MCYCL_WT,TIRE_SZE,TON_RAT,TRK_WT,TRKWTVAR,VIN_REST,WHLDRWHL,J_KNIFE,MCARR_I1,MCARR_I2,MCARR_ID,GVWR,V_CONFIG,CARGO_BT,HAZ_INV,HAZ_PLAC,HAZ_ID,HAZ_CNO,HAZ_REL,BUS_USE,SPEC_USE,EMER_USE,TRAV_SP,UNDERIDE,ROLLOVER,ROLINLOC,IMPACT1,IMPACT2,DEFORMED,TOWED,M_HARM,VEH_SC1,VEH_SC2,FIRE_EXP,DR_PRES,L_STATE,DR_ZIP,L_STATUS,L_TYPE,CDL_STAT,L_ENDORS,L_COMPL,L_RESTRI,DR_HGT,DR_WGT,PREV_ACC,PREV_SUS,PREV_DWI,PREV_SPD,PREV_OTH,FIRST_MO,FIRST_YR,LAST_MO,LAST_YR,SPEEDREL,DR_SF1,DR_SF2,DR_SF3,DR_SF4,VTRAFWAY,VNUM_LAN,VSPD_LIM,VALIGN,VPROFILE,VPAVETYP,VSURCOND,VTRAFCON,VTCONT_F,P_CRASH1,P_CRASH2,P_CRASH3,PCRASH4,PCRASH5,ACC_TYPE,DEATHS,DR_DRINK
27,270049,1,3,2,29,3,6,26,12,6,1,0,27,1,38,402,38402,14,1998,4S2CM58W3W43,4,S,2,C,M,5,8,W,3,W,4,3,0,P,ISU,ROD,UT,98,17,3990,,0,1087,,G,,F,6,195,,,16R225,,,,,,0,0,000000000,00000000000,0,0,0,1,0,0,0,0,0,0,0,70,0,1,3,12,1,6,2,12,0,0,0,1,27,56187,6,7,0,0,3,1,58,140,0,0,0,0,0,0,0,0,0,1,87,0,0,0,2,2,70,1,4,2,4,0,0,1,6,4,9,4,64,2,0
27,270049,2,3,1,29,3,6,26,12,6,1,0,31,3,87,881,87881,66,2007,1XP7DB9X47D7,1,X,P,7,D,B,9,X,4,7,D,7,1,T,PTRB,387,TR,7,17,,8,0,0,CON,D,,,6,893,,,,,00000,00,,64,1,57,53467,5753467,3,6,2,1,0,0,0,0,0,0,0,60,0,1,2,7,7,6,2,12,0,0,0,1,27,55033,6,1,6,1,3,1,74,210,0,0,0,0,0,0,0,0,0,0,0,0,0,0,2,2,70,1,4,1,4,0,0,1,64,99,1,1,65,0,0
27,270049,3,3,1,29,3,6,26,12,6,1,0,19,3,51,881,51881,66,2001,4V4MC9JFX1N3,4,V,4,M,C,9,J,F,X,1,N,3,1,T,VOLV,VNM,TR,1,17,,8,0,0,VVN,D,,,6,855,,,,,00000,00,,64,3,57,712433,57712433,3,6,1,1,0,0,0,0,0,0,0,60,0,0,0,12,12,6,2,12,0,0,0,1,19,50320,6,1,6,0,3,1,70,210,0,0,0,0,0,0,0,0,0,0,0,0,0,0,2,2,70,1,4,1,4,0,0,1,50,9,1,1,98,0,0
27,270050,1,2,1,29,3,8,42,12,1,1,0,27,2,7,20,7020,4,1998,3B3ES47Y0WT2,3,B,3,E,S,4,7,Y,0,W,T,2,0,P,DODG,HSR,4D,98,17,2537,,0,1040,,G,,F,4,122,,,14R185,,,,,,0,0,000000000,00000000000,0,0,0,1,0,0,0,0,0,0,0,65,0,1,5,12,12,6,2,1,0,0,0,1,27,55379,6,1,0,0,3,0,70,245,0,0,0,0,0,0,0,0,0,1,35,0,0,0,2,2,65,1,2,2,1,0,0,6,51,1,1,2,24,1,0
27,270050,2,2,4,29,3,8,42,12,1,1,0,27,2,20,431,20431,16,1999,3GNFK16R0XG1,3,G,N,F,K,1,6,R,0,X,G,1,0,P,CHEV,K15,UT,99,17,5297,,0,1315,,G,,F,8,350,,,16R245,,,,,,0,0,000000000,00000000000,0,0,0,1,0,0,0,0,0,0,0,65,0,0,0,6,6,2,1,12,0,0,0,1,27,55963,6,7,0,0,3,1,64,110,0,0,0,0,0,0,0,0,0,0,0,0,0,0,2,2,65,1,2,2,1,0,0,1,53,1,1,1,25,0,0
27,270051,1,2,2,26,3,14,42,12,6,1,0,27,1,12,461,12461,21,1996,1FBJS31H5THA,1,F,B,J,S,3,1,H,5,T,H,A,0,P,FORD,CWS,SV,96,17,0,,0,1380,,G,,F,8,351,,,16R245,,,,,,0,0,000000000,00000000000,0,0,0,1,0,0,0,0,0,0,0,30,0,0,0,12,12,6,2,12,0,0,0,1,27,55412,6,1,0,0,3,0,61,130,0,0,0,0,0,0,0,0,0,0,92,0,0,0,2,2,30,1,2,2,1,3,3,1,62,1,1,1,69,0,0
27,270051,2,2,2,26,3,14,42,12,6,1,0,27,3,20,2,20002,9,2010,999999999999,9,9,9,9,9,9,9,9,9,9,9,9,0,,,,,,,,,,,,,,,,,,,,,,,,,0,0,000000000,00000000000,0,0,0,1,0,0,0,0,0,0,0,30,0,0,0,82,82,6,2,12,0,0,0,1,27,55428,6,1,0,0,3,3,70,172,0,0,0,0,0,0,0,0,0,0,38,0,0,0,2,2,30,1,2,2,1,3,3,11,15,1,1,1,68,1,0
27,270052,1,2,1,23,3,7,46,12,6,1,0,27,2,24,1,24001,4,2001,1G8ZG52851Z3,1,G,8,Z,G,5,2,8,5,1,Z,3,0,P,STRN,SL1,4D,1,17,2332,,0,1024,,G,,F,4,116,,,14R185,,,,,,0,0,000000000,00000000000,0,0,0,1,0,0,0,0,0,0,0,999,0,0,0,7,7,6,2,12,0,0,0,1,27,55906,0,0,0,0,0,0,999,999,0,0,0,0,0,0,0,0,0,1,0,0,0,0,1,4,45,1,1,2,3,0,0,1,6,9,3,2,66,1,0
27,270052,2,2,1,23,3,7,46,12,6,1,0,27,1,12,37,12037,4,2009,1FAHP35N29W2,1,F,A,H,P,3,5,N,2,9,W,2,0,P,FORD,FSE,4D,9,17,2623,,0,1029,,G,,F,4,122,,,16R205,,,,,,0,0,000000000,00000000000,0,0,0,1,0,0,0,0,0,0,0,39,0,0,0,12,12,6,2,12,0,0,0,1,27,55975,6,1,0,0,3,3,67,165,0,0,0,0,0,0,0,0,0,0,0,0,0,0,1,4,45,1,1,2,3,0,0,1,62,4,1,1,66,0,0
27,270053,1,1,1,1,4,0,1,42,0,1,0,27,1,7,472,7472,30,2003,1D7HG32N03S2,1,D,7,H,G,3,2,N,0,3,S,2,0,T,DODG,SPT,PC,3,17,,2,0,1309,DAK,G,,,8,287,,,,B,4142,00,E,44,0,0,000000000,00000000000,0,0,0,1,0,0,0,0,0,0,0,90,0,1,5,12,12,6,2,17,0,0,0,1,27,55616,1,1,0,0,2,0,66,140,0,0,0,0,0,0,0,0,0,1,99,99,99,99,1,2,55,1,1,2,1,20,3,1,14,4,1,4,14,1,1
27,270054,1,1,1,1,4,10,0,42,0,1,0,27,1,7,43,7043,4,2000,1B3EJ46C8YN2,1,B,3,E,J,4,6,C,8,Y,N,2,0,P,DODG,SSE,4D,0,17,2937,,0,1080,,G,,F,4,122,,,14R195,,,,,,0,0,000000000,00000000000,0,0,0,1,0,0,0,0,0,0,0,65,0,0,0,9,9,6,2,42,0,0,0,1,27,55810,6,1,0,0,3,3,75,181,0,0,0,0,0,0,0,0,0,1,0,0,0,0,2,2,65,1,2,2,10,0,0,1,1,7,3,4,2,1,0
27,270055,1,1,3,7,4,0,12,24,0,1,1,27,2,14,6,14006,4,1995,2MELM75W8SX6,2,M,E,L,M,7,5,W,8,S,X,6,0,P,MERC,MGL,4D,95,17,3796,,0,1144,,G,,F,8,281,,,15R215,,,,,,0,0,000000000,00000000000,0,0,0,1,0,0,0,0,0,0,0,70,0,1,5,1,99,6,2,1,0,0,0,1,27,55430,2,1,0,0,2,0,72,140,0,6,0,0,0,4,2009,3,2011,1,92,0,0,0,2,2,35,1,2,1,1,0,0,15,6,4,2,4,2,1,0
27,270056,1,2,1,11,4,11,5,12,6,1,0,27,2,12,471,12471,30,1993,1FTCR10A9PPB,1,F,T,C,R,1,0,A,9,P,P,B,0,T,FORD,RNG,PK,93,17,,1,1139,1079,RNG,G,,,4,140,,,,B,2918,01,A,42,0,0,000000000,00000000000,0,0,0,1,0,0,0,0,0,0,0,999,0,1,5,11,9,6,4,30,0,0,0,1,27,55332,6,1,0,0,3,0,74,170,0,0,0,0,0,0,0,0,0,0,39,0,0,0,1,2,98,1,8,4,1,21,3,1,17,1,1,1,89,1,1
27,270056,2,2,1,11,4,11,5,12,6,1,0,27,1,14,17,14017,4,2002,1MEFM50U82G6,1,M,E,F,M,5,0,U,8,2,G,6,0,P,MERC,SGP,4D,2,17,3379,,0,1085,,G,,F,6,182,,,16R215,,,,,,0,0,000000000,00000000000,0,0,0,1,0,0,0,0,0,0,0,40,0,0,0,12,12,6,4,12,0,0,0,1,27,55332,6,1,6,0,3,3,74,272,0,0,0,0,0,0,0,0,0,0,0,0,0,0,1,2,55,1,1,4,1,0,0,1,66,1,1,1,88,0,0
27,270057,1,2,2,13,4,17,32,12,6,1,0,27,1,20,16,20016,4,2004,1G1JF52F4473,1,G,1,J,F,5,2,F,4,4,7,3,0,P,CHEV,CAS,4D,4,17,2676,,0,1041,,G,,F,4,134,,,15R195,,,,,,0,0,000000000,00000000000,0,0,0,1,0,0,0,0,0,0,0,13,0,0,0,9,9,6,2,12,0,0,0,1,27,55421,6,1,0,0,3,1,70,240,0,0,0,0,0,0,0,0,0,0,38,0,0,0,1,2,98,1,8,2,1,20,3,11,15,1,1,1,82,1,0
27,270057,2,2,1,13,4,17,32,12,6,1,0,27,1,20,481,20481,31,2009,1GNER23D49S1,1,G,N,E,R,2,3,D,4,9,S,1,0,P,CHEV,TRV,UT,9,17,4790,,0,1189,,G,,F,6,220,,,18R255,,,,,,0,0,000000000,00000000000,0,0,0,1,0,0,0,0,0,0,0,38,0,0,0,12,11,2,3,12,0,0,0,1,27,55068,6,1,0,0,3,1,64,140,1,0,0,0,0,11,2008,11,2008,0,0,0,0,0,1,2,40,3,1,2,1,0,0,14,67,4,1,1,83,0,0
27,270058,1,1,2,14,4,2,15,35,0,1,0,55,1,20,34,20034,3,1995,2C1MR2264S67,2,C,1,M,R,2,2,6,4,S,6,7,0,P,GEO,GML,2H,95,17,1751,,0,931,,G,,F,3,061,,,13R155,,,,,,0,0,000000000,00000000000,0,0,0,1,0,0,0,0,0,0,0,65,0,1,5,12,12,6,2,1,0,0,0,1,55,54880,6,1,0,0,3,0,74,220,0,0,0,1,0,1,2010,1,2010,0,0,0,0,0,2,2,65,3,1,2,1,0,0,14,13,1,1,4,1,1,1
27,270059,1,1,1,13,4,16,3,14,0,1,0,27,2,48,38,48038,6,2009,JF1GH60609H8,J,F,1,G,H,6,0,6,0,9,H,8,0,P,SUBA,I2P,SW,9,17,3064,,0,1031,,G,,F,4,150,,,17R205,,,,,,0,0,000000000,00000000000,0,0,0,1,0,0,0,0,0,0,0,999,0,1,1,12,82,6,2,14,0,0,0,1,27,55408,6,1,0,0,3,0,69,158,0,0,0,0,0,0,0,0,0,0,0,0,0,0,1,2,30,1,1,2,1,0,0,1,50,1,1,4,11,1,0
27,270060,1,2,2,15,4,20,41,23,0,1,0,30,2,37,32,37032,4,2000,JHMCG567XYC0,J,H,M,C,G,5,6,7,X,Y,C,0,0,P,HOND,USE,4D,0,17,3086,,0,1069,,G,,F,4,138,,,15R195,,,,,,0,0,000000000,00000000000,0,0,0,1,0,0,0,0,0,0,0,65,0,0,0,1,3,6,2,12,0,0,0,1,30,59602,6,1,0,0,3,0,64,275,98,0,0,1,0,8,2009,8,2009,0,58,87,0,0,2,2,70,4,1,2,10,0,0,14,5,8,2,4,2,1,0
27,270060,2,2,1,15,4,20,41,23,0,1,0,19,3,51,881,51881,66,2001,4V4NC9JH41N2,4,V,4,N,C,9,J,H,4,1,N,2,1,T,VOLV,VNL,TR,1,17,,8,0,0,VVN,D,,,6,855,,,,,00000,00,,64,1,57,1274751,571274751,3,6,1,1,0,0,0,0,0,0,0,65,0,0,0,12,12,6,2,12,0,0,0,1,19,50453,6,1,6,0,3,0,999,999,99,99,99,99,99,99,9999,99,9999,0,26,0,0,0,2,2,70,4,1,2,10,0,0,15,61,8,1,2,98,0,0
27,270061,1,2,1,18,4,4,3,12,6,1,0,27,2,12,17,12017,4,2004,1FAFP55U24A1,1,F,A,F,P,5,5,U,2,4,A,1,0,P,FORD,TSS,4D,4,17,3306,,0,1085,,G,,F,6,182,,,16R215,,,,,,0,0,000000000,00000000000,0,0,0,1,0,0,0,0,0,0,0,999,0,1,9,9,9,6,2,12,0,0,0,1,27,55429,6,1,0,0,3,0,63,190,0,0,0,3,1,8,2008,3,2010,0,39,0,0,0,1,2,98,8,8,2,1,20,3,1,17,1,1,1,89,1,0
27,270061,2,2,1,18,4,4,3,12,6,1,0,27,1,49,32,49032,4,2009,1NXBU40E79Z0,1,N,X,B,U,4,0,E,7,9,Z,0,0,P,TOYT,CBL,4D,9,17,2723,,0,1024,,G,,F,4,110,,,15R195,,,,,,0,0,000000000,00000000000,0,0,0,1,0,0,0,0,0,0,0,60,0,0,0,12,12,6,2,12,0,0,0,1,27,55395,6,1,0,0,3,1,60,130,0,0,0,0,0,0,0,0,0,0,0,0,0,0,1,2,60,1,1,2,1,0,0,1,66,6,1,1,88,0,0
27,270062,1,5,1,15,4,16,59,12,6,1,1,27,2,2,404,2404,14,1994,1J4GZ58SXRC2,1,J,4,G,Z,5,8,S,X,R,C,2,0,T,JEEP,LRO,4W,94,17,,1,0,1059,GCK,G,,,6,242,,,,,3552,00,B,44,0,0,000000000,00000000000,0,0,0,1,0,0,0,0,0,0,0,998,0,0,0,12,12,4,3,12,0,0,0,1,27,55320,2,1,0,0,2,0,73,167,0,12,0,0,1,2,2009,2,2011,0,51,92,0,0,2,2,40,1,1,2,1,3,3,1,54,8,1,1,83,0,0
27,270062,2,5,2,15,4,16,59,12,6,1,0,27,2,12,442,12442,20,2000,2FMZA5249YBB,2,F,M,Z,A,5,2,4,9,Y,B,B,0,T,FORD,WSE,ES,0,17,,1,0,1207,WIN,G,,,6,232,,,,B,4311,00,E,42,0,0,000000000,00000000000,0,0,0,1,0,0,0,0,0,0,0,8,0,0,0,11,11,6,2,12,0,0,0,1,27,56381,6,1,0,0,3,0,70,180,0,0,0,0,0,0,0,0,0,0,0,0,0,0,1,2,98,1,8,2,1,3,3,11,54,7,1,1,82,1,0
27,270062,3,5,1,15,4,16,59,12,6,1,0,27,1,23,421,23421,15,1999,1GKEK13R6XR5,1,G,K,E,K,1,3,R,6,X,R,5,0,T,GMC,YUK,4W,99,17,,2,0,1175,YUK,G,,,8,350,,,,B,5268,00,E,44,0,0,000000000,00000000000,0,0,0,1,0,0,0,0,0,0,0,0,0,0,0,12,12,2,1,12,0,0,0,1,27,56301,6,1,0,0,3,3,71,170,0,0,0,0,0,0,0,0,0,0,0,0,0,0,1,2,98,1,8,2,1,3,3,5,66,1,1,1,98,0,0
27,270062,4,5,1,15,4,16,59,12,6,1,0,27,3,37,32,37032,4,2010,5KBCP3F80AB0,5,K,B,C,P,3,F,8,0,A,B,0,0,P,HOND,AXL,4D,10,17,3583,,0,1102,,G,,F,6,214,,,17R255,,,,,,0,0,000000000,00000000000,0,0,0,1,0,0,0,0,0,0,0,998,0,0,0,83,83,2,1,12,0,0,0,1,27,56304,6,1,0,0,3,0,64,130,0,0,0,0,0,0,0,0,0,0,0,0,0,0,2,2,40,1,1,2,1,3,3,2,63,1,1,1,98,0,0
27,270062,5,5,1,15,4,16,59,12,6,1,0,27,1,51,43,51043,4,1999,YV1LS55AXX26,Y,V,1,L,S,5,5,A,X,X,2,6,0,P,VOLV,S70,4D,99,17,3146,,0,1049,,G,,F,5,149,,,15R195,,,,,,0,0,000000000,00000000000,0,0,0,1,0,0,0,0,0,0,0,0,0,0,0,12,12,2,1,12,0,0,0,1,27,56301,6,1,0,0,3,0,69,190,0,0,0,0,0,0,0,0,0,0,0,0,0,0,2,2,40,1,1,2,1,3,3,5,63,1,1,1,98,0,0
27,270063,1,2,1,19,4,23,55,12,2,1,0,27,1,47,31,47031,5,1994,YS3DM58V4R20,Y,S,3,D,M,5,8,V,4,R,2,0,0,P,SAA,SSE,4H,94,17,2895,,0,1024,,G,,F,6,152,,,15R195,,,,,,0,0,000000000,00000000000,0,0,0,1,0,0,0,0,0,0,0,70,0,0,0,12,12,6,2,12,0,0,0,1,27,55118,6,1,0,0,3,0,66,189,0,5,0,0,0,6,2008,7,2010,0,51,0,0,0,3,5,60,1,1,1,2,0,0,1,54,1,1,1,52,1,1
27,270063,2,2,1,19,4,23,55,12,2,1,0,27,1,2,405,2405,14,2002,1J4GL48KX2W1,1,J,4,G,L,4,8,K,X,2,W,1,0,T,JEEP,SPR,4W,2,17,,1,0,1043,LIB,G,,,6,226,,,,,3682,02,E,44,0,0,000000000,00000000000,0,0,0,1,0,0,0,0,0,0,0,65,0,0,0,12,12,6,2,12,0,0,0,1,27,55117,6,1,6,0,3,0,76,250,0,0,0,0,0,0,0,0,0,0,0,0,0,0,3,5,60,1,1,1,2,0,0,1,54,1,1,1,52,1,0
27,270064,1,1,3,15,4,21,30,8,0,1,0,27,1,7,442,7442,20,2006,1D4GP24R36B5,1,D,4,G,P,2,4,R,3,6,B,5,0,T,DODG,GCS,ES,6,17,,1,0,1193,CAR,G,,,6,201,,,,,4095,00,E,42,0,0,000000000,00000000000,0,0,0,1,0,0,0,0,0,1,0,15,0,0,0,12,1,2,3,8,0,0,0,1,27,55343,6,1,0,0,3,0,71,180,1,2,0,2,1,8,2009,12,2010,0,0,0,0,0,1,4,30,1,1,2,2,3,3,11,80,4,2,1,13,0,0
27,270065,1,1,1,21,4,7,48,9,0,1,0,27,3,87,881,87881,66,1997,1XPGD99X5VD4,1,X,P,G,D,9,9,X,5,V,D,4,1,T,PTRB,385,TR,97,17,,8,0,0,CON,D,,,6,661,,,,,00000,00,,64,1,57,1666577,571666577,3,6,4,1,0,0,0,0,0,0,0,998,0,0,0,4,4,0,1,9,0,0,0,1,27,55328,6,1,6,0,3,0,70,165,1,0,0,0,1,12,2009,4,2011,0,0,0,0,0,4,3,30,1,2,1,1,3,3,10,84,1,1,1,13,0,0
27,270066,1,1,1,23,4,23,39,59,0,1,0,27,2,12,481,12481,31,2001,1FTRW08L91KA,1,F,T,R,W,0,8,L,9,1,K,A,0,T,FORD,F1S,CW,1,17,,2,0,1388,COF,G,,,8,330,,,,B,4914,01,E,44,0,0,000000000,00000000000,0,0,0,1,0,0,0,0,0,0,0,998,0,9,5,99,99,6,2,1,0,0,0,1,27,56510,4,1,0,0,2,0,68,160,0,3,2,0,0,5,2008,1,2009,1,0,0,0,0,1,2,55,3,1,2,1,98,8,14,13,6,1,4,1,1,1
27,270067,1,1,1,23,4,16,29,35,0,1,0,27,1,53,734,53734,90,2005,JSAAP41A5521,J,S,A,A,P,4,1,A,5,5,2,1,0,M,SUZI,AP4,AT,5,17,,,,,,,695,,1,,4,602,,,,,,,0,0,000000000,00000000000,0,0,0,1,0,0,0,0,0,0,0,25,0,9,5,12,12,8,3,1,0,0,0,1,27,55810,6,1,0,0,3,0,71,280,0,0,0,0,0,0,0,0,0,0,99,99,99,99,1,2,98,8,8,5,98,97,8,1,12,99,1,4,6,1,1
27,270068,1,1,1,25,4,8,25,9,0,1,0,27,3,84,981,84981,50,2003,1HVBBABP53H5,1,H,V,B,B,A,B,P,5,3,H,5,0,T,INTL,380,BU,3,17,,7,2760,1520,30S,D,,,8,444,,,,,00000,00,,42,0,57,1049130,571049130,3,21,22,1,0,0,0,0,1,0,0,29,0,0,0,1,1,2,1,9,0,0,0,1,27,55987,6,1,6,1,3,0,68,235,0,0,0,0,0,0,0,0,0,0,48,0,0,0,1,2,98,1,8,8,1,20,3,11,83,1,1,1,13,0,0
27,270069,1,2,1,26,4,23,44,12,2,1,0,27,1,14,36,14036,4,1998,1MEFM13P5WW6,1,M,E,F,M,1,3,P,5,W,W,6,0,P,MERC,TLP,4D,98,17,2469,,0,984,,G,,F,4,122,,,14R185,,,,,,0,0,000000000,00000000000,0,0,0,1,0,0,0,0,0,0,0,998,0,0,0,12,12,6,2,12,0,0,0,1,27,55720,6,1,0,0,3,0,72,240,0,0,0,0,0,0,0,0,0,0,51,0,0,0,1,2,55,1,1,2,2,0,0,1,54,1,1,1,52,1,1
27,270069,2,2,1,26,4,23,44,12,2,1,0,27,1,14,20,14020,4,2005,1MEHM431X5G6,1,M,E,H,M,4,3,1,X,5,G,6,0,P,MERC,PR4,4D,5,17,3818,,0,1129,,G,,F,6,183,,,18R225,,,,,,0,0,000000000,00000000000,0,0,0,1,0,0,0,0,0,0,0,55,0,1,1,12,12,6,2,12,0,0,0,1,27,55720,6,1,0,0,3,3,70,112,0,0,0,0,0,0,0,0,0,0,0,0,0,0,1,2,55,1,1,2,2,0,0,1,54,1,1,1,52,0,0
27,270070,1,1,1,24,4,1,30,30,0,1,0,27,2,20,9,20009,2,1991,1G1FP2389ML1,1,G,1,F,P,2,3,8,9,M,L,1,0,P,CHEV,Z28,CP,91,17,2987,,0,1010,,G,,F,8,350,,,16R235,,,,,,0,0,000000000,00000000000,0,0,0,1,0,0,0,0,0,0,0,998,0,1,5,12,12,6,2,1,0,0,0,1,27,55309,6,1,6,0,3,0,73,200,0,0,0,0,0,0,0,0,0,1,0,0,0,0,1,2,55,3,2,2,1,0,0,14,13,1,1,4,1,1,1
27,270071,1,1,1,27,4,3,47,1,0,1,0,27,2,98,734,98734,90,1998,999999999999,9,9,9,9,9,9,9,9,9,9,9,9,0,,,,,,,,,,,,,,,,,,,,,,,,,0,0,000000000,00000000000,0,0,0,1,0,0,0,0,0,0,0,998,0,2,1,0,0,6,2,1,0,0,0,1,27,55353,4,1,0,0,2,0,67,165,0,0,0,0,0,0,0,0,0,0,58,0,0,0,1,2,30,3,1,4,2,0,0,14,11,6,4,6,98,1,1
27,270072,1,2,3,30,4,19,51,12,6,1,0,27,1,7,43,7043,2,2004,4B3AG42G84E1,4,B,3,A,G,4,2,G,8,4,E,1,0,P,DODG,SRX,CP,4,17,2950,,0,1037,,G,,F,4,146,,,16R205,,,,,,0,0,000000000,00000000000,0,0,0,1,0,0,0,0,0,0,0,998,0,0,0,4,4,4,3,12,0,0,0,1,27,56011,6,1,0,0,3,0,60,105,0,0,0,1,0,6,2009,6,2009,0,38,0,0,0,1,2,98,1,8,2,1,20,3,4,17,98,1,1,87,0,0
27,270072,2,2,1,30,4,19,51,12,6,1,0,27,1,72,706,72706,80,2005,1HD1BHY195Y0,1,H,D,1,B,H,Y,1,9,5,Y,0,0,M,HD,FXT,RS,5,17,,,,,,,1450,,2,,4,636,,,,,,,0,0,000000000,00000000000,0,0,0,1,0,0,0,0,0,0,0,998,0,0,0,12,12,4,3,12,0,0,0,1,27,55379,6,1,0,0,3,0,68,189,0,0,0,0,0,0,0,0,0,0,0,0,0,0,1,2,30,1,1,2,1,0,0,1,66,4,1,1,86,1,1
27,270073,1,1,1,30,4,0,41,3,0,1,0,8,1,23,471,23471,30,1998,1GTCS1449WK5,1,G,T,C,S,1,4,4,9,W,K,5,0,T,GMC,SON,PK,98,17,,1,1179,1083,SON,G,,,4,133,,,,B,3029,01,U,42,0,0,000000000,00000000000,0,0,0,1,0,0,0,0,0,0,0,998,0,0,0,0,0,6,4,3,0,0,0,1,27,55102,6,1,0,0,3,0,72,215,0,0,0,0,0,0,0,0,0,0,0,0,0,0,1,2,55,1,1,4,2,0,0,1,98,1,1,4,0,1,1
27,270074,1,2,1,3,5,14,11,12,6,1,0,27,1,41,35,41035,4,1996,JM1BB1428T03,J,M,1,B,B,1,4,2,8,T,0,3,0,P,MAZD,PLS,4D,96,17,2573,,0,1026,,G,,F,4,112,,,14R185,,,,,,0,0,000000000,00000000000,0,0,0,1,0,0,0,0,0,0,0,999,0,0,0,62,62,6,2,12,0,0,0,1,27,55389,6,1,0,0,3,3,70,236,1,0,0,0,0,12,2010,12,2010,0,58,0,0,0,1,2,55,3,1,2,1,0,0,14,11,8,4,4,64,1,0
27,270074,2,2,1,3,5,14,11,12,6,1,0,93,3,84,881,84881,66,1995,2HSFHAMR2SC0,2,H,S,F,H,A,M,R,2,S,C,0,1,T,INTL,940,TR,95,17,,8,2340,1600,90S,D,,,6,774,,,,,00000,00,,64,1,57,114730,57114730,3,6,8,1,0,0,0,0,0,0,0,50,0,0,0,12,12,6,2,12,0,0,0,1,27,56537,6,1,6,0,3,1,68,185,0,0,0,0,0,0,0,0,0,0,0,0,0,0,1,2,55,2,1,2,1,0,0,14,62,9,1,4,65,0,0
27,270075,1,1,1,7,5,15,20,24,0,1,0,27,1,76,705,76705,80,2005,JYARJ08E25A0,J,Y,A,R,J,0,8,E,2,5,A,0,0,M,YAMA,FSZ,RC,5,17,,,,,,,600,,4,,4,423,,,,,,,0,0,000000000,00000000000,0,0,0,1,0,0,0,0,0,0,0,30,0,0,0,12,1,4,3,24,0,0,0,1,27,55378,6,1,0,0,3,0,70,150,0,0,0,0,0,0,0,0,0,1,0,0,0,0,6,1,30,3,2,2,1,0,0,14,6,1,9,4,2,1,0
27,270076,1,1,3,1,5,3,8,1,0,1,0,27,1,20,401,20401,14,1997,1GNCT18W8VK2,1,G,N,C,T,1,8,W,8,V,K,2,0,P,CHEV,BZR,UT,97,17,3880,,0,1005,,G,,F,6,262,,,15R205,,,,,,0,0,000000000,00000000000,0,0,0,1,0,0,0,0,0,0,0,999,0,2,2,0,0,6,2,1,0,0,0,1,27,55021,6,1,0,0,3,0,70,200,0,0,0,0,0,0,0,0,0,9,58,0,0,0,1,2,55,3,1,2,1,0,0,14,11,6,9,4,2,1,0
27,270077,1,1,1,7,5,4,49,59,0,1,0,27,2,20,401,20401,14,1995,1GNDT13W7SK1,1,G,N,D,T,1,3,W,7,S,K,1,0,P,CHEV,BZR,UT,95,17,4071,,0,1070,,G,,F,6,262,,,15R205,,,,,,0,0,000000000,00000000000,0,0,0,1,0,0,0,0,0,0,0,104,0,9,5,81,99,6,2,1,0,0,0,1,27,56601,0,0,0,0,0,0,999,999,0,0,0,0,0,0,0,0,0,1,37,0,0,0,1,2,50,3,2,2,1,0,0,14,13,6,1,4,1,1,1
27,270078,1,2,1,8,5,10,48,12,2,1,0,27,1,49,45,49045,4,2001,JTDBT1238101,J,T,D,B,T,1,2,3,8,1,0,1,0,P,TOYT,ECH,4D,1,17,2030,,0,934,,G,,F,4,091,,,14R175,,,,,,0,0,000000000,00000000000,0,0,0,1,0,0,0,0,0,0,0,999,0,0,0,12,12,6,2,12,0,0,0,1,27,55748,6,1,0,0,3,0,71,210,0,0,0,0,0,0,0,0,0,0,35,0,0,0,1,2,55,1,1,2,1,0,0,6,54,1,1,2,50,1,1
27,270078,2,2,2,8,5,10,48,12,2,1,0,27,1,19,3,19003,4,2003,1G6KD54YX3U1,1,G,6,K,D,5,4,Y,X,3,U,1,0,P,CADI,DFW,4D,3,17,3978,,0,1153,,G,,F,8,279,,,16R225,,,,,,0,0,000000000,00000000000,0,0,0,1,0,0,0,0,0,0,0,55,0,0,0,12,12,6,2,12,0,0,0,1,27,55744,6,1,0,0,3,1,77,225,0,0,0,0,0,0,0,0,0,0,0,0,0,0,1,2,55,1,1,2,1,0,0,1,54,7,1,1,51,0,0