STATE,ST_CASE,VEH_NO,VE_FORMS,NUMOCCS,DAY,MONTH,HOUR,MINUTE,HARM_EV,MAN_COLL,UNITTYPE,HIT_RUN,REG_STAT,OWNER,MAKE,MODEL,MAK_MOD,BODY_TYP,MOD_YEAR,VIN,VIN_1,VIN_2,VIN_3,VIN_4,VIN_5,VIN_6,VIN_7,VIN_8,VIN_9,VIN_10,VIN_11,VIN_12,TOW_VEH,VINTYPE,VINMAKE,VINA_MOD,VIN_BT,VINMODYR,VIN_LNGT,VIN_WGT,WGTCD_TR,WHLBS_LG,WHLBS_SH,SER_TR,FUELCODE,MCYCL_DS,CARBUR,CYLINDER,DISPLACE,MCYCL_CY,MCYCL_WT,TIRE_SZE,TON_RAT,TRK_WT,TRKWTVAR,VIN_REST,WHLDRWHL,J_KNIFE,MCARR_I1,MCARR_I2,MCARR_ID,GVWR,V_CONFIG,CARGO_BT,HAZ_INV,HAZ_PLAC,HAZ_ID,HAZ_CNO,HAZ_REL,BUS_USE,SPEC_USE,EMER_USE,TRAV_SP,UNDERIDE,ROLLOVER,ROLINLOC,IMPACT1,IMPACT2,DEFORMED,TOWED,M_HARM,VEH_SC1,VEH_SC2,FIRE_EXP,DR_PRES,L_STATE,DR_ZIP,L_STATUS,L_TYPE,CDL_STAT,L_ENDORS,L_COMPL,L_RESTRI,DR_HGT,DR_WGT,PREV_ACC,PREV_SUS,PREV_DWI,PREV_SPD,PREV_OTH,FIRST_MO,FIRST_YR,LAST_MO,LAST_YR,SPEEDREL,DR_SF1,DR_SF2,DR_SF3,DR_SF4,VTRAFWAY,VNUM_LAN,VSPD_LIM,VALIGN,VPROFILE,VPAVETYP,VSURCOND,VTRAFCON,VTCONT_F,P_CRASH1,P_CRASH2,P_CRASH3,PCRASH4,PCRASH5,ACC_TYPE,DEATHS,DR_DRINK
27,270079,1,1,2,8,5,2,2,59,0,1,0,27,1,20,481,20481,31,1995,1GCEK19K0SE2,1,G,C,E,K,1,9,K,0,S,E,2,0,T,CHEV,GK1,PC,95,17,,2,1555,1415,GM4,G,,,8,350,,,,B,4514,00,,44,0,0,000000000,00000000000,0,0,0,1,0,0,0,0,0,0,0,999,0,0,0,12,12,6,2,35,0,0,0,1,27,56361,6,1,6,0,3,0,71,209,0,0,0,0,2,9,2009,9,2009,0,0,0,0,0,1,2,55,2,1,4,1,0,0,14,12,7,1,4,6,1,1
27,270080,1,1,2,29,4,19,4,24,0,1,0,27,1,72,706,72706,80,2000,1HD1BJY10YY0,1,H,D,1,B,J,Y,1,0,Y,Y,0,0,M,HD,STC,RS,0,17,,,,,,,1450,,2,,4,696,,,,,,,0,0,000000000,00000000000,0,0,0,1,0,0,0,0,0,0,0,999,0,0,0,62,62,4,3,24,0,0,0,1,27,55910,6,1,0,0,3,0,72,180,0,0,0,0,0,0,0,0,0,0,0,0,0,0,1,2,55,2,2,2,5,0,0,14,5,99,2,4,7,1,1
27,270081,1,1,1,9,5,16,35,42,0,1,0,55,1,18,23,18023,4,2007,1G4HD57207U1,1,G,4,H,D,5,7,2,0,7,U,1,0,P,BUIC,UXL,4D,7,17,3969,,0,1156,,G,,F,6,232,,,17R235,,,,,,0,0,000000000,00000000000,0,0,0,1,0,0,0,0,0,0,0,998,0,1,5,12,12,6,2,1,0,0,0,1,55,54650,6,1,0,0,3,1,72,210,2,0,0,1,0,9,2008,11,2010,9,99,99,99,99,1,2,55,1,1,2,1,0,0,1,13,1,9,4,5,1,0
27,270082,1,1,2,10,5,12,38,33,0,1,0,27,1,72,706,72706,80,2010,1HD1MAM10AB8,1,H,D,1,M,A,M,1,0,A,B,8,0,M,HD,UTG,RS,10,17,,,,,,,1690,,2,,4,1174,,,,,,,0,0,000000000,00000000000,0,0,0,1,0,0,0,0,0,0,0,45,0,0,0,14,14,2,3,59,0,0,0,1,27,56003,6,1,0,0,3,0,71,180,1,0,0,0,0,7,2009,7,2009,0,28,0,0,0,2,1,45,2,1,2,1,21,3,14,12,1,1,4,6,1,0
27,270083,1,1,3,11,5,15,21,59,0,1,0,27,1,35,39,35039,4,1996,JN1CA21D3TM4,J,N,1,C,A,2,1,D,3,T,M,4,0,P,NISS,MGS,4D,96,17,2886,,0,1063,,G,,F,6,182,,,15R205,,,,,,0,0,000000000,00000000000,0,0,0,1,0,0,0,0,0,0,0,65,0,1,4,12,12,6,2,1,0,0,0,1,27,55433,6,1,0,0,3,3,63,165,0,1,0,0,0,2,2011,2,2011,0,0,0,0,0,6,1,65,2,5,2,1,0,0,14,12,1,1,4,6,1,0
27,270084,1,2,2,13,5,18,7,12,2,1,0,27,1,24,9,24009,4,2009,1G8ZS57B29F2,1,G,8,Z,S,5,7,B,2,9,F,2,0,P,STRN,AXE,4D,9,17,3529,,0,1123,,G,,F,4,146,,,17R215,,,,,,0,0,000000000,00000000000,0,0,0,1,0,0,0,0,0,0,0,999,0,0,0,12,12,6,2,12,0,0,0,1,27,55371,6,1,0,0,3,0,64,125,0,0,0,0,0,0,0,0,0,0,51,0,0,0,1,2,55,1,2,2,1,0,0,1,54,7,1,2,52,1,0
27,270084,2,2,3,13,5,18,7,12,2,1,0,27,1,6,41,6041,4,1995,2C3HD56F2SH5,2,C,3,H,D,5,6,F,2,S,H,5,0,P,CHRY,CND,4D,95,17,3325,,0,1130,,G,,F,6,215,,,15R205,,,,,,0,0,000000000,00000000000,0,0,0,1,0,0,0,0,0,0,0,999,0,0,0,12,12,6,2,12,0,0,0,1,27,55371,6,1,0,0,3,0,65,185,0,0,0,0,0,0,0,0,0,0,0,0,0,0,1,2,55,1,2,2,1,0,0,1,54,6,1,2,52,0,0
27,270086,1,2,2,16,5,19,45,12,6,1,0,27,2,32,43,32043,4,2002,WAULC68E52A2,W,A,U,L,C,6,8,E,5,2,A,2,0,P,AUDI,41Q,4D,2,17,3311,,0,1043,,G,,T,4,109,,,15R205,,,,,,0,0,000000000,00000000000,0,0,0,1,0,0,0,0,0,0,0,50,0,0,0,12,12,6,2,12,0,0,1,1,27,55123,6,2,0,0,3,0,64,110,0,0,0,0,0,0,0,0,0,0,0,0,0,0,1,4,50,1,1,2,1,0,0,1,67,7,1,1,83,0,0
27,270086,2,2,1,16,5,19,45,12,6,1,0,27,1,6,44,6044,4,1999,1C3EJ56H8XN5,1,C,3,E,J,5,6,H,8,X,N,5,0,P,CHRY,CLI,4D,99,17,3089,,0,1080,,G,,F,6,152,,,15R195,,,,,,0,0,000000000,00000000000,0,0,0,1,0,0,0,0,0,0,0,2,0,0,0,9,9,6,2,12,0,0,1,1,27,55337,6,1,0,0,3,1,66,150,0,0,0,0,0,0,0,0,0,0,38,0,0,0,1,2,98,8,8,2,1,20,3,11,15,1,1,1,82,1,0
27,270087,1,2,1,11,5,14,38,12,6,1,0,27,2,30,47,30047,3,2003,3VWBP21C83M4,3,V,W,B,P,2,1,C,8,3,M,4,0,P,VOLK,NGT,2H,3,17,2875,,0,989,,D,,T,4,116,,,16R205,,,,,,0,0,000000000,00000000000,0,0,0,1,0,0,0,0,0,0,0,999,0,0,0,5,5,4,3,12,0,0,0,1,27,55929,6,1,0,0,3,1,66,165,0,0,0,0,0,0,0,0,0,9,39,0,0,0,1,2,30,1,2,1,2,3,3,11,15,1,1,1,68,0,0
27,270087,2,2,1,11,5,14,38,12,6,1,0,27,2,72,706,72706,80,2003,1HD1FSW193Y6,1,H,D,1,F,S,W,1,9,3,Y,6,0,M,HD,TRI,RS,3,17,,,,,,,1450,,2,,4,731,,,,,,,0,0,000000000,00000000000,0,0,0,1,0,0,0,0,0,0,0,14,0,0,0,12,12,4,3,12,0,0,0,1,27,55906,6,1,0,0,3,0,66,200,0,0,0,0,0,0,0,0,0,9,99,99,99,99,1,2,30,1,2,1,2,3,3,1,62,4,1,1,69,1,0
27,270088,1,2,1,17,5,6,2,12,1,1,0,55,2,49,32,49032,4,1991,JT2AE91A7M34,J,T,2,A,E,9,1,A,7,M,3,4,0,P,TOYT,COA,4D,91,17,2390,,0,957,,G,,F,4,097,,,13R155,,,,,,0,0,000000000,00000000000,0,0,0,1,0,0,0,0,0,0,0,999,0,0,0,12,12,6,2,12,0,0,0,1,27,55945,6,1,0,0,3,3,79,150,0,0,0,0,0,0,0,0,0,0,0,0,0,0,2,2,65,1,1,2,1,0,0,1,51,1,1,1,24,1,0
27,270088,2,2,1,17,5,6,2,12,1,1,0,27,3,84,881,84881,63,1990,1HTSHZ3T2LH6,1,H,T,S,H,Z,3,T,2,L,H,6,0,T,INTL,490,CC,90,17,,8,2540,1280,40S,D,,,6,466,,,,,00000,00,,64,0,57,1112653,571112653,3,2,2,1,0,0,0,0,0,0,0,999,0,0,0,6,6,2,1,12,0,0,0,1,27,55981,6,1,0,0,3,0,74,260,0,0,0,0,0,0,0,0,0,0,0,0,0,0,2,2,65,1,1,2,1,0,0,1,53,1,1,1,25,0,0
27,270089,1,2,1,18,5,16,13,12,1,1,0,38,1,37,706,37706,80,1999,JH2SC3603XM1,J,H,2,S,C,3,6,0,3,X,M,1,0,M,HOND,VTF,RC,99,17,,,,,,,996,,2,,4,425,,,,,,,0,0,000000000,00000000000,0,0,0,1,0,0,0,0,0,0,0,60,0,0,0,12,12,4,3,12,0,0,0,1,38,58102,6,1,0,0,3,0,999,999,0,2,0,2,1,7,2009,12,2010,0,0,0,0,0,3,3,60,1,1,1,1,0,0,1,61,1,1,1,32,1,0
27,270089,2,2,1,18,5,16,13,12,1,1,0,27,2,35,39,35039,4,1993,JN1EJ01F1PT4,J,N,1,E,J,0,1,F,1,P,T,4,0,P,NISS,MSE,4D,93,17,3050,,0,1043,,G,,F,6,181,,,15R205,,,,,,0,0,000000000,00000000000,0,0,0,1,0,0,0,0,0,0,0,68,0,0,0,6,7,4,3,12,0,0,0,1,27,55443,6,1,0,0,3,1,73,255,0,0,0,0,0,0,0,0,0,1,28,0,0,0,3,3,60,1,1,1,1,0,0,15,6,9,2,2,32,0,0
27,270090,1,2,1,19,5,10,51,12,2,1,0,27,1,12,37,12037,4,2009,1FAHP35N59W2,1,F,A,H,P,3,5,N,5,9,W,2,0,P,FORD,FSE,4D,9,17,2623,,0,1029,,G,,F,4,122,,,16R205,,,,,,0,0,000000000,00000000000,0,0,0,1,0,0,0,0,0,0,0,998,0,0,0,12,11,6,2,12,0,0,0,1,27,55014,6,1,0,0,3,1,74,250,0,0,0,0,0,0,0,0,0,0,0,0,0,0,2,2,65,1,1,2,1,0,0,1,54,7,1,1,52,1,0
27,270090,2,2,1,19,5,10,51,12,2,1,0,27,1,49,40,49040,4,2007,JTNBE46K2730,J,T,N,B,E,4,6,K,2,7,3,0,0,P,TOYT,CMB,4D,7,17,3108,,0,1093,,G,,F,4,146,,,15R205,,,,,,0,0,000000000,00000000000,0,0,0,1,0,0,0,0,0,0,0,998,0,0,0,12,11,6,2,12,0,0,0,1,27,55448,6,1,0,0,3,1,62,145,0,0,0,0,0,0,0,0,0,0,51,0,0,0,2,2,65,1,1,2,1,0,0,1,54,1,1,1,52,0,1
27,270091,1,2,1,19,5,15,12,12,6,1,0,27,1,6,43,6043,1,2004,1C3EL55R04N3,1,C,3,E,L,5,5,R,0,4,N,3,0,P,CHRY,SLI,CV,4,17,3362,,0,1060,,G,,F,6,167,,,16R205,,,,,,0,0,000000000,00000000000,0,0,0,1,0,0,0,0,0,0,0,999,0,0,0,2,2,6,2,12,0,0,0,1,27,55379,6,1,0,0,3,0,68,200,0,0,0,1,0,7,2010,7,2010,0,39,0,0,0,1,4,98,8,1,1,1,21,3,1,17,1,1,1,87,1,0
27,270091,2,2,1,19,5,15,12,12,6,1,0,27,3,98,804,98804,66,2000,2WKEDDXJXYK9,2,W,K,E,D,D,X,J,X,Y,K,9,1,T,WSTR,49E,TR,0,17,,8,0,0,CNV,D,,,6,774,,,,,00000,00,,64,1,57,1106743,571106743,3,6,1,1,0,0,0,0,0,0,0,999,0,1,1,12,12,6,2,12,0,0,0,1,27,55406,6,1,6,0,3,0,71,175,2,0,0,0,0,10,2009,11,2010,0,0,0,0,0,2,2,65,4,1,2,1,0,0,14,66,8,1,1,86,0,0
27,270092,1,1,1,21,5,1,43,1,0,1,0,21,1,72,706,72706,80,2008,1HD1FC4108Y6,1,H,D,1,F,C,4,1,0,8,Y,6,0,M,HD,FLU,RS,8,17,,,,,,,1584,,2,,4,851,,,,,,,0,0,000000000,00000000000,0,0,0,1,0,0,0,0,0,0,0,999,0,0,0,0,0,6,2,1,0,0,0,1,27,55726,6,1,0,0,3,1,65,225,0,0,0,1,0,1,2011,1,2011,9,99,99,99,99,1,2,55,3,1,2,1,0,0,14,13,8,1,4,1,1,1
27,270094,1,2,2,22,5,14,26,12,2,1,0,27,2,12,481,12481,31,2005,1FTSX21P45EB,1,F,T,S,X,2,1,P,4,5,E,B,0,T,FORD,F2S,4C,5,17,,2,1580,1418,SRW,D,,,8,366,,,,C,6299,00,U,44,0,0,000000000,00000000000,0,0,0,1,0,0,0,0,0,0,0,60,0,0,0,12,11,6,2,12,0,0,0,1,27,55379,6,1,0,0,3,3,64,155,0,0,0,0,0,0,0,0,0,0,28,0,0,0,1,2,60,2,1,2,1,40,3,14,54,1,1,1,52,0,0
27,270094,2,2,2,22,5,14,26,12,2,1,0,27,1,20,481,20481,31,2005,1GCEK19B15E1,1,G,C,E,K,1,9,B,1,5,E,1,1,T,CHEV,SK1,4C,5,17,,2,1575,1435,SIL,G,,,8,325,,,,B,4661,00,,44,3,0,000000000,00000000000,0,0,0,1,0,0,0,0,0,0,0,60,0,0,0,12,11,6,2,12,0,0,1,1,27,55420,6,1,0,0,3,0,70,185,0,0,0,0,0,0,0,0,0,0,0,0,0,0,1,2,60,3,1,2,1,40,3,14,54,6,1,1,52,2,0
27,270095,1,2,1,22,5,16,15,12,6,1,0,27,2,24,1,24001,4,1995,1G8ZJ5270SZ3,1,G,8,Z,J,5,2,7,0,S,Z,3,0,P,STRN,SL2,4D,95,17,2308,,0,1024,,G,,F,4,116,,,15R195,,,,,,0,0,000000000,00000000000,0,0,0,1,0,0,0,0,0,0,0,998,0,0,0,9,9,6,2,12,0,0,0,1,27,56347,6,2,0,0,3,0,67,150,0,0,0,0,0,0,0,0,0,0,80,0,0,0,1,2,55,1,2,2,2,0,0,1,1,1,3,2,64,1,0
27,270095,2,2,1,22,5,16,15,12,6,1,0,27,1,7,880,7880,67,2006,3D7MX48C56G1,3,D,7,M,X,4,8,C,5,6,G,1,1,T,DODG,SQ3,CW,6,17,,3,0,1600,RPC,D,,,6,359,,,,D,7287,01,E,44,1,88,888888888,88888888888,2,4,28,1,0,0,0,0,0,0,0,998,0,0,0,12,12,6,2,12,0,0,0,1,27,56401,6,1,6,0,3,0,68,210,0,0,0,0,0,0,0,0,0,0,0,0,0,0,1,2,55,1,2,2,2,0,0,1,62,99,1,1,65,0,0
27,270096,1,1,3,21,5,21,32,42,0,1,0,27,1,20,9,20009,2,2011,2G1FT1EW1B91,2,G,1,F,T,1,E,W,1,B,9,1,0,P,CHEV,SSM,CP,11,17,3860,,0,1123,,G,,F,8,378,,,20R245,,,,,,0,0,000000000,00000000000,0,0,0,1,0,0,0,0,0,0,0,998,0,0,0,12,12,6,2,42,42,0,0,1,27,55373,6,1,0,0,3,0,78,240,0,0,0,0,0,0,0,0,0,1,0,0,0,0,1,2,50,3,5,2,2,0,0,14,13,1,1,4,1,2,1
27,270097,1,2,1,23,5,9,49,12,6,1,0,27,2,12,17,12017,4,1998,1FAFP52U9WG1,1,F,A,F,P,5,2,U,9,W,G,1,0,P,FORD,TLS,4D,98,17,3359,,0,1085,,G,,F,6,182,,,15R205,,,,,,0,0,000000000,00000000000,0,0,0,1,0,0,0,0,0,0,0,998,0,0,0,3,3,6,2,12,0,0,0,1,27,55129,6,1,0,0,3,3,64,120,0,0,0,0,0,0,0,0,0,0,38,0,0,0,1,2,98,1,1,2,1,21,3,1,17,1,1,1,87,1,0
27,270097,2,2,2,23,5,9,49,12,6,1,0,27,3,98,806,98806,62,2011,5PVNJ8JV9B4S,5,P,V,N,J,8,J,V,9,B,4,S,0,T,HINO,268,CC,11,17,,6,0,0,HIN,D,,,6,469,,,,,00000,00,,42,0,57,1125215,571125215,2,1,1,1,0,0,0,0,0,0,0,998,0,0,0,12,12,6,2,12,0,0,0,1,27,55373,6,1,0,0,3,0,75,172,0,1,1,0,0,10,2008,10,2008,0,0,0,0,0,2,2,65,1,1,1,1,0,0,1,66,1,1,1,86,0,0
27,270098,1,2,2,24,5,17,6,12,6,1,0,27,1,18,3,18003,4,2003,1G4CU5410341,1,G,4,C,U,5,4,1,0,3,4,1,0,P,BUIC,PAU,4D,3,17,3884,,0,1138,,G,,Z,6,231,,,16R225,,,,,,0,0,000000000,00000000000,0,0,0,1,0,0,0,0,0,0,0,999,0,0,0,2,2,6,2,12,0,0,0,1,27,56063,6,1,0,0,3,0,70,190,0,0,0,0,0,0,0,0,0,0,38,0,0,0,1,2,98,8,8,2,1,21,3,1,17,1,1,1,87,2,0
27,270098,2,2,1,24,5,17,6,12,6,1,0,27,1,20,422,20422,15,2004,3GNFK16T24G3,3,G,N,F,K,1,6,T,2,4,G,3,1,P,CHEV,K15,UT,4,17,5219,,0,1300,,G,,F,8,325,,,16R265,,,,,,3,0,000000000,00000000000,0,0,0,1,0,0,0,0,0,0,0,65,0,0,0,12,12,6,2,12,0,0,0,1,27,55053,6,1,6,0,3,0,70,265,0,0,0,0,0,0,0,0,0,0,0,0,0,0,2,2,65,4,2,1,1,0,0,14,66,9,1,1,86,0,0
27,270099,1,1,1,25,5,4,18,46,0,1,0,27,1,12,37,12037,4,2011,1FAHP3FN6BW1,1,F,A,H,P,3,F,N,6,B,W,1,0,P,FORD,FSE,4D,11,17,2623,,0,1029,,G,,F,4,122,,,15R195,,,,,,0,0,000000000,00000000000,0,0,0,1,0,0,0,0,0,0,0,40,0,0,0,12,12,6,2,46,0,0,0,1,27,55038,6,1,0,0,3,1,66,185,0,0,0,0,0,0,0,0,0,0,0,0,0,0,2,2,40,1,1,2,2,3,3,1,13,1,1,4,1,1,0
27,270100,1,3,1,25,5,18,22,12,6,1,0,27,2,12,401,12401,14,2001,1FMZU72E51ZA,1,F,M,Z,U,7,2,E,5,1,Z,A,0,P,FORD,EPR,UT,1,17,4045,,0,1116,,G,,F,6,245,,,15R235,,,,,,0,0,000000000,00000000000,0,0,0,1,0,0,0,0,0,0,0,30,0,0,0,12,12,4,3,12,0,0,0,1,27,55407,6,1,0,0,3,3,65,120,0,0,0,0,0,0,0,0,0,0,0,0,0,0,1,4,30,1,1,2,1,0,0,1,66,1,1,1,86,0,0
27,270100,2,3,4,25,5,18,22,12,6,1,0,55,2,32,43,32043,4,1999,WAUED28D1XA0,W,A,U,E,D,2,8,D,1,X,A,0,0,P,AUDI,42Q,4D,99,17,3296,,0,1026,,G,,F,6,169,,,16R205,,,,,,0,0,000000000,00000000000,0,0,0,1,0,0,0,0,0,0,0,40,1,0,0,12,10,6,2,12,0,0,0,1,27,55413,2,1,0,0,2,0,71,160,1,3,1,0,1,10,2008,3,2011,1,39,37,0,0,1,2,98,1,1,2,1,20,3,1,17,4,1,1,98,1,1
27,270100,3,3,1,25,5,18,22,12,6,1,0,12,2,37,421,37421,15,2007,999999999999,9,9,9,9,9,9,9,9,9,9,9,9,0,,,,,,,,,,,,,,,,,,,,,,,,,0,0,000000000,00000000000,0,0,0,1,0,0,0,0,0,0,0,30,0,0,0,83,3,6,2,12,0,0,0,1,12,55301,6,1,0,0,3,0,64,999,0,0,0,0,0,0,0,0,0,0,0,0,0,0,1,4,30,1,1,2,1,0,0,1,66,1,1,1,87,0,0
27,270101,1,1,1,1,6,6,41,11,0,1,0,19,1,72,706,72706,80,1998,1HD1GEL1XWY3,1,H,D,1,G,E,L,1,X,W,Y,3,0,M,HD,FWG,RS,98,17,,,,,,,1340,,2,,4,598,,,,,,,0,0,000000000,00000000000,0,0,0,1,0,0,0,0,0,0,0,998,0,0,0,12,12,4,3,11,0,0,0,1,27,55925,6,1,6,0,3,0,74,235,0,0,0,0,0,0,0,0,0,0,0,0,0,0,1,2,55,1,1,2,1,0,0,1,87,4,1,1,13,1,0
27,270102,1,2,2,3,6,15,26,12,6,1,0,27,2,18,4,18004,4,1994,1G4BN52P8RR4,1,G,4,B,N,5,2,P,8,R,R,4,0,P,BUIC,RDM,4D,94,17,4191,,0,1159,,G,,F,8,350,,,15R235,,,,,,0,0,000000000,00000000000,0,0,0,1,0,0,0,0,0,0,0,55,0,0,0,62,62,6,2,12,0,0,0,1,27,56466,2,1,5,0,2,0,71,220,0,6,1,0,0,10,2008,5,2011,0,48,0,0,0,1,2,55,2,3,2,1,0,0,12,98,1,1,1,98,0,0
27,270102,2,2,2,3,6,15,26,12,6,1,0,27,3,12,442,12442,20,2001,2FMZA57471BC,2,F,M,Z,A,5,7,4,7,1,B,C,0,T,FORD,SES,ES,1,17,,1,0,1207,WIN,G,,,6,232,,,,B,4250,00,E,42,0,0,000000000,00000000000,0,0,0,1,0,0,0,0,0,1,0,55,0,0,0,12,12,6,2,12,0,0,0,1,27,55320,6,1,6,1,3,0,63,200,0,0,0,0,0,0,0,0,0,0,0,0,0,0,1,2,55,2,3,2,1,0,0,14,53,8,3,2,98,1,0
27,270103,1,2,1,5,6,18,11,1,0,1,0,27,1,37,706,37706,80,2007,1HFSC52637A4,1,H,F,S,C,5,2,6,3,7,A,4,0,M,HOND,13R,RS,7,17,,,,,,,1312,,2,,4,669,,,,,,,0,0,000000000,00000000000,0,0,0,1,0,0,0,0,0,0,0,55,0,0,0,0,99,4,3,1,0,0,0,1,27,56071,6,1,0,0,3,1,66,170,0,0,0,1,0,11,2009,11,2009,0,0,0,0,0,1,2,55,1,2,2,1,0,0,1,52,98,2,1,98,1,0
27,270103,2,2,2,5,6,18,11,1,0,1,0,27,1,12,481,12481,31,2010,1FTEX1E8XAKB,1,F,T,E,X,1,E,8,X,A,K,B,0,T,FORD,F15,4C,10,17,,2,1630,1330,COF,G,,,8,281,,,,B,5522,00,7,44,0,0,000000000,00000000000,0,0,0,1,0,0,0,0,0,0,0,55,0,0,0,6,6,2,1,12,0,0,0,1,27,56071,6,1,0,0,3,0,69,190,0,0,0,0,0,0,0,0,0,0,0,0,0,0,1,2,55,1,2,2,1,0,0,2,53,1,1,1,98,0,0
27,270104,1,1,1,4,6,17,5,1,0,1,0,27,1,37,706,37706,80,2003,1HFSC49083A1,1,H,F,S,C,4,9,0,8,3,A,1,0,M,HOND,XTR,RS,3,17,,,,,,,1795,,2,,4,720,,,,,,,0,0,000000000,00000000000,0,0,0,1,0,0,0,0,0,0,0,45,0,0,0,0,0,6,2,1,0,0,0,1,27,55416,6,1,0,0,3,8,68,200,0,0,0,0,0,0,0,0,0,0,58,0,0,0,1,2,55,1,1,2,1,0,0,1,13,8,2,3,98,1,1
27,270105,1,1,4,3,6,1,0,33,0,1,0,12,1,37,32,37032,4,2008,1HGCP36888A0,1,H,G,C,P,3,6,8,8,8,A,0,0,P,HOND,AXL,4D,8,17,3583,,0,1102,,G,,F,6,214,,,17R225,,,,,,0,0,000000000,00000000000,0,0,0,1,0,0,0,0,0,0,0,92,0,1,3,7,99,6,2,42,0,0,0,1,12,33410,6,1,0,0,3,0,72,999,0,0,0,1,0,6,2009,6,2009,1,92,0,0,0,2,2,35,2,1,2,1,0,0,14,6,7,3,4,7,1,1
27,270106,1,1,2,7,6,11,17,1,0,1,0,27,2,22,18,22018,4,1998,1G2NE52T2WM5,1,G,2,N,E,5,2,T,2,W,M,5,0,P,PONT,GAS,4D,98,17,2877,,0,1034,,G,,F,4,146,,,14R195,,,,,,0,0,000000000,00000000000,0,0,0,1,0,0,0,0,0,0,0,72,0,2,5,0,0,6,2,1,0,0,0,1,27,56072,0,0,0,0,0,0,999,999,0,0,0,0,0,0,0,0,0,1,0,0,0,0,1,2,55,1,1,2,1,0,0,1,6,1,4,4,7,1,1
27,270107,1,2,1,7,6,13,48,12,6,1,0,27,1,14,6,14006,4,1988,2MEBM75F4JX6,2,M,E,B,M,7,5,F,4,J,X,6,0,P,MERC,MGL,4D,88,17,3839,,0,1142,,G,,F,8,302,,,15R215,,,,,,0,0,000000000,00000000000,0,0,0,1,0,0,0,0,0,0,0,998,0,0,0,9,9,6,2,12,0,0,0,1,27,55021,6,1,0,0,3,3,71,146,0,0,0,0,0,0,0,0,0,0,38,0,0,0,1,2,55,1,1,2,1,0,0,4,19,1,1,1,85,1,0
27,270107,2,2,1,7,6,13,48,12,6,1,0,27,1,72,706,72706,80,2010,1HD1KEM16AB6,1,H,D,1,K,E,M,1,6,A,B,6,4,M,HD,FTK,RS,10,17,,,,,,,1690,,2,,4,901,,,,,,,1,0,000000000,00000000000,0,0,0,1,0,0,0,0,0,0,0,998,0,0,0,12,12,6,2,12,0,0,0,1,27,55021,6,1,0,0,3,0,71,200,0,0,0,1,0,12,2008,12,2008,0,0,0,0,0,1,2,55,1,1,2,1,0,0,1,73,1,1,1,85,0,0
27,270108,1,1,1,9,6,11,40,1,0,1,0,27,1,12,15,12015,4,1989,2FAPP36X2KB2,2,F,A,P,P,3,6,X,2,K,B,2,0,P,FORD,TGL,4D,89,17,2529,,0,999,,G,,F,4,140,,,14R185,,,,,,0,0,000000000,00000000000,0,0,0,1,0,0,0,0,0,0,0,998,0,9,5,0,0,6,2,1,0,0,0,1,27,56284,6,1,0,0,3,0,65,135,0,0,0,2,1,4,2009,1,2011,9,99,99,99,99,1,2,55,1,1,2,1,0,0,1,9,99,2,4,7,1,0
27,270109,1,2,1,12,6,17,52,12,1,1,0,27,1,98,734,98734,90,9999,999999999999,9,9,9,9,9,9,9,9,9,9,9,9,0,,,,,,,,,,,,,,,,,,,,,,,,,0,0,000000000,00000000000,0,0,0,1,0,0,0,0,0,0,0,999,0,1,2,6,6,2,1,12,0,0,0,1,27,56522,6,1,6,0,3,0,72,250,0,0,0,0,0,0,0,0,0,0,0,0,0,0,1,2,55,1,1,2,1,0,0,2,53,1,1,1,29,1,0
27,270109,2,2,1,12,6,17,52,12,1,1,0,27,2,98,734,98734,90,9999,999999999999,9,9,9,9,9,9,9,9,9,9,9,9,0,,,,,,,,,,,,,,,,,,,,,,,,,0,0,000000000,00000000000,0,0,0,1,0,0,0,0,0,0,0,999,0,0,0,12,12,0,1,12,0,0,0,1,27,56520,0,0,0,0,0,0,999,999,0,0,0,0,0,0,0,0,0,0,26,0,0,0,1,2,55,1,1,2,1,0,0,1,52,4,1,1,28,0,0
27,270110,1,1,1,14,6,16,50,42,0,1,0,27,1,72,706,72706,80,2007,1HD1FC4127Y6,1,H,D,1,F,C,4,1,2,7,Y,6,0,M,HD,FLU,RS,7,17,,,,,,,1584,,2,,4,808,,,,,,,0,0,000000000,00000000000,0,0,0,1,0,0,0,0,0,0,0,30,0,0,0,12,12,4,3,42,0,0,0,1,27,55126,6,1,0,0,3,8,73,215,0,0,0,0,0,0,0,0,0,1,0,0,0,0,1,2,30,2,2,2,1,0,0,14,12,1,1,4,6,1,0
27,270111,1,2,1,12,6,12,47,12,7,1,0,27,1,76,706,76706,80,2006,JYAVP17E26A0,J,Y,A,V,P,1,7,E,2,6,A,0,0,M,YAMA,X17,RS,6,17,,,,,,,1670,,2,,4,679,,,,,,,0,0,000000000,00000000000,0,0,0,1,0,0,0,0,0,0,0,5,0,0,0,5,81,4,3,33,0,0,0,1,27,56401,6,1,0,0,3,0,70,210,1,0,0,0,0,11,2008,11,2008,0,0,0,0,0,2,2,50,1,1,2,1,97,8,1,52,8,1,1,44,1,0
27,270111,2,2,2,12,6,12,47,12,7,1,0,27,3,24,401,24401,14,2009,3GSDL637X9S6,3,G,S,D,L,6,3,7,X,9,S,6,0,P,STRN,VUE,UT,9,17,4325,,0,1066,,G,,F,6,220,,,17R235,,,,,,0,0,000000000,00000000000,0,0,0,1,0,0,0,0,0,0,0,999,0,0,0,7,7,2,1,12,0,0,0,1,27,55418,6,1,0,0,3,0,75,225,0,0,0,0,0,0,0,0,0,0,0,0,0,0,2,2,50,1,1,2,1,97,8,2,53,1,1,1,45,0,0