STATE,ST_CASE,VEH_NO,VE_FORMS,NUMOCCS,DAY,MONTH,HOUR,MINUTE,HARM_EV,MAN_COLL,UNITTYPE,HIT_RUN,REG_STAT,OWNER,MAKE,MODEL,MAK_MOD,BODY_TYP,MOD_YEAR,VIN,VIN_1,VIN_2,VIN_3,VIN_4,VIN_5,VIN_6,VIN_7,VIN_8,VIN_9,VIN_10,VIN_11,VIN_12,TOW_VEH,VINTYPE,VINMAKE,VINA_MOD,VIN_BT,VINMODYR,VIN_LNGT,VIN_WGT,WGTCD_TR,WHLBS_LG,WHLBS_SH,SER_TR,FUELCODE,MCYCL_DS,CARBUR,CYLINDER,DISPLACE,MCYCL_CY,MCYCL_WT,TIRE_SZE,TON_RAT,TRK_WT,TRKWTVAR,VIN_REST,WHLDRWHL,J_KNIFE,MCARR_I1,MCARR_I2,MCARR_ID,GVWR,V_CONFIG,CARGO_BT,HAZ_INV,HAZ_PLAC,HAZ_ID,HAZ_CNO,HAZ_REL,BUS_USE,SPEC_USE,EMER_USE,TRAV_SP,UNDERIDE,ROLLOVER,ROLINLOC,IMPACT1,IMPACT2,DEFORMED,TOWED,M_HARM,VEH_SC1,VEH_SC2,FIRE_EXP,DR_PRES,L_STATE,DR_ZIP,L_STATUS,L_TYPE,CDL_STAT,L_ENDORS,L_COMPL,L_RESTRI,DR_HGT,DR_WGT,PREV_ACC,PREV_SUS,PREV_DWI,PREV_SPD,PREV_OTH,FIRST_MO,FIRST_YR,LAST_MO,LAST_YR,SPEEDREL,DR_SF1,DR_SF2,DR_SF3,DR_SF4,VTRAFWAY,VNUM_LAN,VSPD_LIM,VALIGN,VPROFILE,VPAVETYP,VSURCOND,VTRAFCON,VTCONT_F,P_CRASH1,P_CRASH2,P_CRASH3,PCRASH4,PCRASH5,ACC_TYPE,DEATHS,DR_DRINK
27,270149,1,1,2,17,7,4,30,8,0,1,0,27,1,49,482,49482,31,2000,5TBBT4415YS0,5,T,B,B,T,4,4,1,5,Y,S,0,0,T,TOYT,TRS,4C,0,17,,2,0,1283,TUN,G,,,8,285,,,,B,4320,00,U,44,0,0,000000000,00000000000,0,0,0,1,0,0,0,0,0,0,0,55,0,0,0,12,12,4,3,8,0,0,0,1,27,55106,6,1,0,0,3,3,64,150,1,0,0,0,0,7,2009,7,2009,0,0,0,0,0,1,2,55,1,1,2,1,0,0,1,80,4,1,1,13,0,0
27,270150,1,1,1,18,7,18,39,42,0,1,0,27,1,6,441,6441,20,2002,2C8GP54L22R5,2,C,8,G,P,5,4,L,2,2,R,5,0,T,CHRY,LXI,ES,2,17,,1,0,1193,TWC,G,,,6,230,,,,,4160,00,,42,0,0,000000000,00000000000,0,0,0,1,0,0,0,0,0,0,0,53,0,1,6,12,12,6,2,1,0,0,0,1,27,55056,6,1,0,0,3,2,72,180,0,0,0,0,0,0,0,0,0,0,74,0,0,0,1,2,55,3,1,4,1,0,0,14,8,1,2,4,7,1,1
27,270151,1,2,2,8,7,13,40,12,6,1,0,27,1,14,17,14017,4,1994,1MELM5049RG6,1,M,E,L,M,5,0,4,9,R,G,6,0,P,MERC,SGS,4D,94,17,3126,,0,1060,,G,,F,6,232,,,15R205,,,,,,0,0,000000000,00000000000,0,0,0,1,0,0,0,0,0,0,0,998,0,0,0,3,2,6,2,12,0,0,0,1,27,56073,6,1,0,0,3,0,62,165,0,0,0,0,0,0,0,0,0,9,99,99,99,99,1,2,30,1,1,2,1,0,0,11,10,1,9,2,68,2,0
27,270151,2,2,1,8,7,13,40,12,6,1,0,92,0,12,16,12016,4,2009,999999999999,9,9,9,9,9,9,9,9,9,9,9,9,0,,,,,,,,,,,,,,,,,,,,,,,,,0,0,000000000,00000000000,0,0,0,1,0,0,0,0,0,5,9,998,0,0,0,12,12,6,2,12,0,0,0,1,27,56085,6,1,0,0,3,0,62,165,0,0,0,0,0,0,0,0,0,9,99,99,99,99,1,2,30,1,1,2,1,0,0,1,62,3,1,1,69,0,0
27,270152,1,1,1,19,7,7,23,35,0,1,0,27,1,20,401,20401,14,1999,1GNDT13W7X21,1,G,N,D,T,1,3,W,7,X,2,1,0,P,CHEV,BZR,UT,99,17,4023,,0,1070,,G,,F,6,262,,,15R205,,,,,,0,0,000000000,00000000000,0,0,0,1,0,0,0,0,0,0,0,998,0,0,0,12,12,6,2,35,0,0,0,1,27,56150,6,1,0,0,3,0,69,145,0,0,0,0,0,0,0,0,0,0,0,0,0,0,1,2,55,1,1,2,1,0,0,1,12,1,1,4,6,1,0
27,270153,1,1,1,19,7,9,48,42,0,1,0,27,2,20,37,20037,4,2008,1G1ZK57778F1,1,G,1,Z,K,5,7,7,7,8,F,1,0,P,CHEV,M/Z,4D,8,17,3649,,0,1123,,G,,F,6,220,,,18R225,,,,,,0,0,000000000,00000000000,0,0,0,1,0,0,0,0,0,0,0,998,0,0,0,12,12,6,2,42,0,0,0,1,27,55301,6,1,0,0,3,3,62,115,1,0,0,0,0,11,2010,11,2010,0,99,99,99,99,1,2,30,2,1,2,1,0,0,14,12,1,1,4,6,1,0
27,270154,1,1,2,20,7,10,0,1,0,1,0,29,1,12,398,12398,9,1915,790124,7,9,0,1,2,4,,,,,,,0,P,FORD,,,15,6,,,,,,,,,,,,,,,,,,,0,0,000000000,00000000000,0,0,0,1,0,0,0,0,0,0,0,31,0,2,1,0,0,6,2,1,0,0,0,1,29,63077,6,1,0,0,3,0,73,195,0,0,0,0,0,0,0,0,0,0,0,0,0,0,1,2,55,1,3,2,1,0,0,1,3,98,9,2,98,1,0
27,270155,1,4,1,20,7,10,40,12,6,1,0,27,2,7,482,7482,31,2004,1D7HU18D34S5,1,D,7,H,U,1,8,D,3,4,S,5,0,T,DODG,SQ1,CW,4,17,,2,1605,1405,RPC,G,,,8,345,,,,B,5043,02,E,44,0,0,000000000,00000000000,0,0,0,1,0,0,0,0,0,0,0,998,0,0,0,12,10,6,2,12,0,0,0,1,27,56001,6,2,0,0,3,0,71,225,0,0,0,0,1,4,2010,4,2010,0,28,0,0,0,1,2,55,1,1,2,1,0,0,1,10,1,1,2,64,0,0
27,270155,2,4,1,20,7,10,40,12,6,1,0,35,1,72,706,72706,80,2006,1HD1FCW156Y6,1,H,D,1,F,C,W,1,5,6,Y,6,0,M,HD,FLU,RS,6,17,,,,,,,1450,,2,,4,788,,,,,,,0,0,000000000,00000000000,0,0,0,1,0,0,0,0,0,0,0,998,0,0,0,10,12,6,2,12,0,0,0,1,35,87124,6,1,0,0,3,1,72,215,98,0,0,0,0,0,0,0,0,0,0,0,0,0,1,2,55,1,1,2,1,0,0,1,62,99,1,1,65,1,0
27,270155,3,4,1,20,7,10,40,12,6,1,0,41,1,37,706,37706,80,2005,1HFSC55005A1,1,H,F,S,C,5,5,0,0,5,A,1,0,M,HOND,13V,RS,5,17,,,,,,,1312,,2,,4,641,,,,,,,0,0,000000000,00000000000,0,0,0,1,0,0,0,0,0,0,0,998,0,0,0,12,12,6,2,12,0,0,0,1,41,97013,6,1,0,0,3,0,66,160,0,0,0,0,0,0,0,0,0,0,0,0,0,0,1,2,55,1,1,2,1,0,0,1,62,99,1,1,98,1,0
27,270155,4,4,2,20,7,10,40,12,6,1,0,27,1,20,20,20020,4,1998,2G1WL52M2W91,2,G,1,W,L,5,2,M,2,W,9,1,0,P,CHEV,L/S,4D,98,17,3330,,0,1075,,G,,F,6,191,,,15R205,,,,,,0,0,000000000,00000000000,0,0,0,1,0,0,0,0,0,0,0,998,0,0,0,12,12,6,2,12,0,0,0,1,27,56001,6,1,0,0,3,0,72,200,0,0,0,0,0,0,0,0,0,0,0,0,0,0,1,2,55,1,1,2,1,0,0,1,62,7,1,4,98,0,0
27,270156,1,1,1,20,7,15,28,35,0,1,0,27,1,72,706,72706,80,2009,1HD1BW5139Y0,1,H,D,1,B,W,5,1,3,9,Y,0,0,M,HD,STC,RS,9,17,,,,,,,1584,,2,,4,765,,,,,,,0,0,000000000,00000000000,0,0,0,1,0,0,0,0,0,0,0,998,0,0,0,12,12,6,2,35,0,0,0,1,27,55742,6,1,6,0,3,3,69,210,0,0,0,0,0,0,0,0,0,0,99,99,99,99,1,2,55,1,1,2,1,0,0,1,13,1,1,4,1,1,0
27,270157,1,2,2,21,7,13,30,12,1,1,0,27,1,53,706,53706,80,2008,JS1VS55A0821,J,S,1,V,S,5,5,A,0,8,2,1,0,M,SUZI,VL8,RS,8,17,,,,,,,819,,2,,4,542,,,,,,,0,0,000000000,00000000000,0,0,0,1,0,0,0,0,0,0,0,0,0,0,0,12,12,4,3,12,0,0,0,1,27,55060,6,1,0,0,3,3,65,165,0,0,0,0,0,0,0,0,0,0,0,0,0,0,1,2,55,1,1,2,1,0,0,5,56,1,1,1,93,1,0
27,270157,2,2,2,21,7,13,30,12,1,1,0,27,2,12,881,12881,63,1987,1FDYU90LXHVA,1,F,D,Y,U,9,0,L,X,H,V,A,0,T,FORD,LT9,CC,87,17,,8,2220,1500,COL,D,,,6,611,,,,,13362,05,A,64,0,88,888888888,88888888888,3,2,28,1,0,0,0,0,0,0,0,8,0,0,0,6,6,2,1,12,0,0,0,1,27,55985,6,1,6,0,3,3,71,230,0,0,0,0,0,0,0,0,0,0,31,0,0,0,1,2,55,1,1,2,1,0,0,13,50,1,1,1,92,0,0
27,270158,1,1,1,21,7,19,18,8,0,1,0,27,3,85,881,85881,66,2009,1XKAD49X19J2,1,X,K,A,D,4,9,X,1,9,J,2,1,T,KW,T60,TR,9,17,,8,2600,1600,CON,D,,,6,915,,,,,00000,00,,64,1,57,261153,57261153,3,6,1,1,0,0,0,0,0,0,0,5,0,0,0,3,3,2,1,8,0,0,0,1,27,55118,6,1,6,0,3,0,71,185,0,0,0,1,0,11,2008,11,2008,0,0,0,0,0,4,2,30,1,1,2,8,20,3,10,82,1,1,1,13,0,0
27,270159,1,1,3,23,7,1,20,8,0,1,1,27,1,24,7,24007,4,2004,1G8AJ52F94Z1,1,G,8,A,J,5,2,F,9,4,Z,1,0,P,STRN,SI2,4D,4,17,2808,,0,1032,,G,,F,4,134,,,15R195,,,,,,0,0,000000000,00000000000,0,0,0,1,0,0,0,0,0,0,0,55,0,0,0,14,14,2,1,8,0,0,0,1,27,56334,6,1,0,0,3,0,76,205,0,1,1,0,0,12,2009,12,2009,0,0,0,0,0,1,2,55,1,2,2,1,0,0,1,80,1,1,1,13,0,1
27,270160,1,2,1,25,7,19,27,12,6,1,0,27,2,48,34,48034,6,1997,4S3BG6858V76,4,S,3,B,G,6,8,5,8,V,7,6,0,P,SUBA,UKK,SW,97,17,3155,,0,1035,,G,,F,4,150,,,15R205,,,,,,0,0,000000000,00000000000,0,0,0,1,0,0,0,0,0,0,0,999,0,1,9,2,99,6,2,99,0,0,1,1,27,55044,6,1,0,0,3,3,74,110,0,0,0,2,0,8,2009,11,2010,0,38,0,0,0,1,2,55,1,1,2,1,20,3,4,17,1,1,1,87,1,1
27,270160,2,2,1,25,7,19,27,12,6,1,0,27,1,12,481,12481,31,2007,1FTPX14V57FA,1,F,T,P,X,1,4,V,5,7,F,A,0,T,FORD,F15,4C,7,17,,2,1630,1330,COF,F,,,8,329,,,,B,4297,16,E,44,0,0,000000000,00000000000,0,0,0,1,0,0,0,0,0,0,0,999,0,0,0,12,12,4,3,12,0,0,1,1,27,55044,6,1,6,0,3,0,71,205,0,0,0,0,0,0,0,0,0,0,0,0,0,0,1,2,98,1,8,2,1,0,0,1,66,9,1,1,86,0,1
27,270161,1,1,1,26,7,16,29,8,0,1,1,99,9,99,999,99999,99,9999,999999999999,9,9,9,9,9,9,9,9,9,9,9,9,9,,,,,,,,,,,,,,,,,,,,,,,,,0,99,999999999,99999999999,9,99,99,1,0,0,0,0,99,99,9,999,0,0,0,12,12,9,1,8,0,0,0,1,27,55109,0,0,0,0,0,0,73,200,0,11,0,0,0,9,2008,3,2011,9,99,99,99,99,1,2,30,1,1,2,1,0,0,1,80,99,9,9,13,0,0
27,270162,1,2,1,28,7,6,37,12,2,1,0,93,1,85,881,85881,66,2006,1XKWDB9X46J1,1,X,K,W,D,B,9,X,4,6,J,1,1,T,KW,W90,TR,6,17,,8,2850,1600,CON,D,,,6,893,,,,,00000,00,,64,1,57,116486,57116486,3,6,8,1,0,0,0,0,0,0,0,30,0,0,0,12,12,4,3,12,0,0,0,1,27,56528,6,1,6,0,3,0,69,183,0,0,0,0,0,0,0,0,0,0,0,0,0,0,1,2,30,1,1,2,1,0,0,1,62,3,2,1,51,0,0
27,270162,2,2,1,28,7,6,37,12,2,1,0,27,1,12,3,12003,2,2003,1FAFP42X53F4,1,F,A,F,P,4,2,X,5,3,F,4,0,P,FORD,MGT,CP,3,17,3114,,0,1013,,G,,F,8,281,,,17R245,,,,,,0,0,000000000,00000000000,0,0,0,1,0,0,0,0,0,0,0,999,0,0,0,12,12,6,2,12,0,0,0,1,27,56572,6,1,0,0,3,0,74,170,0,0,0,0,2,11,2009,8,2010,0,28,0,0,0,1,2,30,1,1,2,1,0,0,1,10,1,1,2,50,1,0
27,270163,1,1,2,28,7,21,45,8,0,1,0,27,1,42,44,42044,1,2002,WDBFA68F92F2,W,D,B,F,A,6,8,F,9,2,F,2,0,P,MERZ,SL5,CV,2,17,4000,,0,990,,G,,F,8,303,,,18R245,,,,,,0,0,000000000,00000000000,0,0,0,1,0,0,0,0,0,0,0,998,0,0,0,12,12,4,3,8,0,0,0,1,27,55128,6,1,0,0,3,1,72,200,0,0,0,1,0,7,2010,7,2010,1,0,0,0,0,2,2,55,1,1,2,1,2,3,1,80,4,1,1,13,0,0
27,270164,1,2,1,29,7,7,50,12,2,1,0,27,2,9,442,9442,20,1999,1P4GP44G9XB8,1,P,4,G,P,4,4,G,9,X,B,8,0,T,PLYM,GSX,ES,99,17,,1,0,1193,VOF,F,,,6,201,,,,,3856,00,E,42,0,0,000000000,00000000000,0,0,0,1,0,0,0,0,0,0,0,55,0,0,0,12,12,6,2,12,0,0,0,1,27,56001,6,2,0,0,3,1,71,155,0,0,0,0,0,0,0,0,0,0,28,0,0,0,1,2,55,1,4,2,1,0,0,1,10,1,1,2,50,1,0
27,270164,2,2,1,29,7,7,50,12,2,1,0,93,3,86,881,86881,66,1992,1M2AA12Y5NW0,1,M,2,A,A,1,2,Y,5,N,W,0,1,T,MACK,CH6,TR,92,17,,8,0,0,600,D,,,6,728,,,,,00000,00,,64,1,57,1126098,571126098,3,6,8,1,0,0,0,0,0,0,0,55,0,0,0,12,12,6,2,12,0,0,0,1,27,56001,6,1,6,0,3,1,74,290,1,0,0,0,0,1,2010,1,2010,0,0,0,0,0,1,2,55,1,4,2,1,0,0,1,62,4,1,1,51,0,0
27,270165,1,1,1,30,7,0,48,1,0,1,0,27,1,30,46,30046,4,2000,WVWMD23B2YE1,W,V,W,M,D,2,3,B,2,Y,E,1,0,P,VOLK,PGS,4D,0,17,3065,,0,1066,,G,,F,6,169,,,15R195,,,,,,0,0,000000000,00000000000,0,0,0,1,0,0,0,0,0,0,0,70,0,9,5,0,13,6,2,32,0,0,0,1,27,56072,6,1,0,0,3,0,69,180,0,0,0,0,0,0,0,0,0,0,58,0,0,0,1,2,55,1,1,2,1,0,0,1,8,8,3,4,7,1,1
27,270166,1,2,1,31,7,11,45,12,1,1,0,27,1,22,441,22441,20,2002,1GMDU23E02D2,1,G,M,D,U,2,3,E,0,2,D,2,0,P,PONT,MON,SV,2,17,3803,,0,1120,,G,,F,6,207,,,15R215,,,,,,0,0,000000000,00000000000,0,0,0,1,0,0,0,0,0,0,0,50,0,0,0,12,12,6,2,12,0,0,0,1,27,55449,6,1,0,0,3,1,69,260,0,0,0,0,1,1,2009,1,2009,0,0,0,0,0,2,2,50,1,1,2,1,3,3,1,50,1,1,1,20,1,0
27,270166,2,2,1,31,7,11,45,12,1,1,0,27,3,12,481,12481,31,1999,1FTNF20L4XEE,1,F,T,N,F,2,0,L,4,X,E,E,0,T,FORD,F2S,PK,99,17,,2,0,1370,SRW,G,,,8,330,,,,C,4960,00,U,42,0,0,000000000,00000000000,0,0,0,1,0,0,0,0,0,0,0,0,0,0,0,6,6,4,3,12,0,0,0,1,27,55412,6,1,0,0,3,0,73,205,1,0,0,0,0,4,2009,4,2009,0,0,0,0,0,2,2,50,1,1,2,1,2,3,5,53,1,1,1,21,0,0
27,270167,1,1,2,1,8,12,15,11,0,1,0,27,1,72,706,72706,80,2000,1HD1FCW19YY6,1,H,D,1,F,C,W,1,9,Y,Y,6,0,M,HD,FLU,RS,0,17,,,,,,,1450,,2,,4,788,,,,,,,0,0,000000000,00000000000,0,0,0,1,0,0,0,0,0,0,0,53,0,0,0,1,1,4,3,11,0,0,0,1,27,55325,6,1,0,0,3,0,75,200,0,0,0,0,0,0,0,0,0,0,0,0,0,0,1,2,55,1,2,2,1,0,0,1,87,3,1,1,13,1,0
27,270168,1,1,7,2,8,4,2,21,0,1,0,25,1,7,402,7402,14,2000,1B4HS28Z7YF2,1,B,4,H,S,2,8,Z,7,Y,F,2,0,P,DODG,DUR,UT,0,17,4462,,0,1159,,G,,F,8,360,,,15R235,,,,,,0,0,000000000,00000000000,0,0,0,1,0,0,0,0,0,0,0,70,0,1,5,9,9,6,2,21,0,0,0,1,25,1452,6,1,0,0,3,0,999,999,0,0,0,0,0,0,0,0,0,0,0,0,0,0,2,2,70,1,1,1,1,0,0,1,13,4,1,4,1,1,0
27,270169,1,2,1,2,8,14,9,12,2,1,0,27,2,6,43,6043,4,2008,1C3LC56K08N2,1,C,3,L,C,5,6,K,0,8,N,2,0,P,CHRY,STO,4D,8,17,3324,,0,1089,,G,,F,4,146,,,17R215,,,,,,0,0,000000000,00000000000,0,0,0,1,0,0,0,0,0,0,0,50,0,0,0,12,12,6,2,12,0,0,0,1,27,55420,6,1,0,0,3,0,64,140,0,0,0,0,0,0,0,0,0,0,28,0,0,0,1,4,25,1,4,2,1,0,0,1,10,1,1,2,50,1,0
27,270169,2,2,3,2,8,14,9,12,2,1,0,27,1,49,403,49403,14,2005,JTEEP21A4501,J,T,E,E,P,2,1,A,4,5,0,1,0,P,TOYT,HIG,UT,5,17,3520,,0,1069,,G,,F,6,202,,,16R225,,,,,,0,0,000000000,00000000000,0,0,0,1,0,0,0,0,0,0,0,35,0,0,0,12,12,6,2,12,0,0,0,1,27,55437,6,1,0,0,3,1,68,169,0,0,0,0,0,0,0,0,0,0,0,0,0,0,1,4,35,1,4,2,1,0,0,1,62,1,1,1,51,0,0
27,270170,1,2,2,3,8,20,34,12,6,1,0,27,2,24,7,24007,4,2003,1G8AF52F03Z1,1,G,8,A,F,5,2,F,0,3,Z,1,0,P,STRN,SI1,4D,3,17,2653,,0,1032,,G,,F,4,134,,,14R185,,,,,,0,0,000000000,00000000000,0,0,0,1,0,0,0,0,0,0,0,998,0,0,0,9,9,6,2,12,0,0,0,1,27,56241,6,1,0,0,3,0,68,193,1,0,0,0,0,11,2009,11,2009,0,39,0,0,0,1,2,98,1,8,2,1,20,3,1,17,1,1,1,89,2,0
27,270170,2,2,3,3,8,20,34,12,6,1,0,27,1,22,20,22020,4,2006,2G2WP5523612,2,G,2,W,P,5,5,2,3,6,1,2,0,P,PONT,GRA,4D,6,17,3477,,0,1105,,G,,F,6,232,,,16R225,,,,,,0,0,000000000,00000000000,0,0,0,1,0,0,0,0,0,0,0,55,0,0,0,12,12,6,2,12,0,0,0,1,27,56266,6,1,0,0,3,0,68,145,0,0,0,0,0,0,0,0,0,0,0,0,0,0,1,2,55,1,1,2,1,0,0,1,66,1,1,1,88,0,0
27,270171,1,1,1,4,8,2,47,8,0,1,0,93,3,82,883,82883,66,2007,1FUJF0DE87PX,1,F,U,J,F,0,D,E,8,7,P,X,1,T,FRHT,112,TR,7,17,,8,0,0,COL,D,,,6,763,,,,,00000,00,,64,1,57,353850,57353850,3,6,1,1,0,0,0,0,0,0,0,999,0,0,0,12,12,2,1,8,0,0,0,1,27,56437,6,1,6,0,3,1,72,335,0,0,0,0,0,0,0,0,0,0,0,0,0,0,2,2,45,1,1,2,1,0,0,1,80,1,1,1,13,0,0
27,270172,1,2,4,6,8,10,17,12,1,1,0,27,1,21,22,21022,4,1998,1G3GR62C0W41,1,G,3,G,R,6,2,C,0,W,4,1,0,P,OLDS,AUR,4D,98,17,3967,,0,1138,,G,,F,8,244,,,16R235,,,,,,0,0,000000000,00000000000,0,0,0,1,0,0,0,0,0,0,0,999,0,0,0,6,6,6,2,12,0,0,0,1,27,56085,6,1,0,0,3,0,62,195,0,0,0,0,0,0,0,0,0,0,31,51,0,0,1,2,55,1,1,2,1,0,0,13,54,1,1,1,92,1,0
27,270172,2,2,2,6,8,10,17,12,1,1,0,27,1,21,23,21023,4,1999,1G3WX52H6XF3,1,G,3,W,X,5,2,H,6,X,F,3,0,P,OLDS,ILS,4D,99,17,3434,,0,1090,,G,,F,6,211,,,16R225,,,,,,0,0,000000000,00000000000,0,0,0,1,0,0,0,0,0,0,0,999,0,0,0,12,12,6,2,12,0,0,0,1,27,56073,6,1,0,0,3,1,60,105,0,0,0,0,0,0,0,0,0,0,0,0,0,0,1,2,55,1,1,2,1,0,0,1,56,1,1,1,93,0,0
27,270173,1,2,2,6,8,22,7,12,6,1,0,27,1,20,481,20481,31,1998,2GCEK19R7W11,2,G,C,E,K,1,9,R,7,W,1,1,0,T,CHEV,GK1,PC,98,17,,2,1555,1415,GM4,G,,,8,350,,,,B,00000,00,,44,0,0,000000000,00000000000,0,0,0,1,0,0,0,0,0,0,0,999,0,0,0,11,11,6,2,12,0,0,0,1,27,55076,6,1,0,0,3,3,76,185,0,1,0,3,0,11,2009,9,2010,0,0,0,0,0,1,2,55,3,1,2,1,0,0,14,62,7,1,1,65,0,1
27,270173,2,2,1,6,8,22,7,12,6,1,0,46,3,49,472,49472,30,2003,5TEWN72N93Z2,5,T,E,W,N,7,2,N,9,3,Z,2,0,T,TOYT,XTR,PC,3,17,,1,0,1219,TAC,G,,,6,206,,,,B,3502,00,U,44,0,0,000000000,00000000000,0,0,0,1,0,0,0,0,0,0,0,999,0,1,5,12,12,6,2,12,0,0,1,1,34,57701,1,1,0,0,2,0,74,999,0,0,0,0,0,0,0,0,0,0,28,0,0,0,1,2,55,2,1,2,1,0,0,14,10,1,1,2,64,1,1
27,270174,1,2,2,7,8,12,30,12,2,1,0,27,2,20,22,20022,2,2007,1G1AL15FX771,1,G,1,A,L,1,5,F,X,7,7,1,0,P,CHEV,BLT,CP,7,17,2991,,0,1033,,G,,F,4,134,,,15R195,,,,,,0,0,000000000,00000000000,0,0,0,1,0,0,0,0,0,0,0,999,0,0,0,12,12,6,2,12,0,0,0,1,27,56081,6,1,0,0,3,0,74,175,0,0,0,0,2,2,2009,10,2010,0,28,0,0,0,1,3,55,3,2,2,1,0,0,14,10,1,1,2,50,1,1
27,270174,2,2,1,7,8,12,30,12,2,1,0,27,1,21,21,21021,4,2001,1G3NL52T01C2,1,G,3,N,L,5,2,T,0,1,C,2,0,P,OLDS,A/G,4D,1,17,3022,,0,1070,,G,,F,4,146,,,15R215,,,,,,0,0,000000000,00000000000,0,0,0,1,0,0,0,0,0,0,0,999,0,0,0,12,12,6,2,12,0,0,0,1,27,56150,6,1,0,0,3,0,68,180,0,0,0,0,0,0,0,0,0,0,0,0,0,0,1,3,55,2,2,2,1,0,0,14,62,4,1,1,51,1,0
27,270175,1,2,3,7,8,18,3,12,6,1,0,27,2,7,442,7442,20,2002,1B4GP25352B6,1,B,4,G,P,2,5,3,5,2,B,6,0,P,DODG,CAR,SV,2,17,3766,,0,1133,,F,,F,6,201,,,17R215,,,,,,0,0,000000000,00000000000,0,0,0,1,0,0,0,0,0,0,0,55,0,0,0,12,12,6,2,12,0,0,0,1,27,55304,6,2,0,0,3,1,67,125,0,0,0,0,0,0,0,0,0,0,39,0,0,0,1,2,55,1,9,2,1,20,3,1,17,9,1,1,86,0,0
27,270175,2,2,4,7,8,18,3,12,6,1,0,27,1,21,21,21021,2,2003,1G3NF12E73C2,1,G,3,N,F,1,2,E,7,3,C,2,0,P,OLDS,AGS,CP,3,17,3085,,0,1070,,G,,F,6,207,,,16R225,,,,,,0,0,000000000,00000000000,0,0,0,1,0,0,0,0,0,0,0,55,0,1,5,3,3,6,2,12,0,0,0,1,27,55040,6,1,0,0,3,0,64,200,0,0,0,0,0,0,0,0,0,0,0,0,0,0,1,2,55,1,1,2,1,0,0,1,66,1,1,1,87,1,0
27,270176,1,1,1,9,8,12,38,1,0,1,0,27,3,12,881,12881,63,1990,1FDYY82A7LVA,1,F,D,Y,Y,8,2,A,7,L,V,A,0,T,FORD,80F,CC,90,17,,8,2390,1430,COL,D,,,6,473,,,,P,00000,00,,64,0,57,211211,57211211,3,1,3,2,1,8888,88,8,0,0,0,999,0,2,5,0,0,6,2,1,0,0,0,1,27,56136,6,1,6,0,3,1,71,300,0,0,0,0,0,0,0,0,0,0,52,0,0,0,1,2,55,1,3,4,1,0,0,1,13,3,1,4,1,1,0
27,270177,1,4,1,10,8,6,24,25,0,1,0,55,3,87,881,87881,66,1998,1XP5D99X6WD4,1,X,P,5,D,9,9,X,6,W,D,4,1,T,PTRB,379,TR,98,17,,8,0,0,CON,D,,,6,661,,,,,00000,00,,64,1,57,930149,57930149,3,6,1,1,0,0,0,0,0,0,0,999,0,1,1,62,62,6,2,39,0,0,0,1,55,54730,6,1,6,2,3,0,71,200,0,0,0,0,0,0,0,0,0,1,0,0,0,0,3,3,55,2,1,1,1,0,0,14,12,1,1,4,6,1,0
27,270177,2,4,1,10,8,6,24,25,0,1,0,27,3,84,881,84881,66,2010,1HSHWAHN7AJ1,1,H,S,H,W,A,H,N,7,A,J,1,1,T,INTL,860,TR,10,17,,7,0,0,80S,D,,,6,661,,,,,00000,00,,42,1,57,882290,57882290,3,6,1,1,0,0,0,0,0,0,0,998,0,0,0,12,99,2,3,54,0,0,0,1,27,55056,6,1,6,0,3,0,68,225,0,0,0,0,0,0,0,0,0,0,0,0,0,0,3,3,55,3,1,1,1,0,0,2,90,4,1,1,98,0,0
27,270177,3,4,1,10,8,6,24,25,0,1,0,27,1,20,2,20002,4,2001,2G1WH55K6191,2,G,1,W,H,5,5,K,6,1,9,1,0,P,CHEV,IPL,4D,1,17,3466,,0,1105,,G,,F,6,231,,,16R225,,,,,,0,0,000000000,00000000000,0,0,0,1,0,0,0,0,0,0,0,998,0,0,0,12,99,2,3,54,0,0,0,1,27,55444,6,1,0,0,3,1,73,220,0,0,0,0,0,0,0,0,0,0,0,0,0,0,3,3,55,3,1,1,1,0,0,14,90,4,1,1,98,0,0
27,270177,4,4,1,10,8,6,24,25,0,1,0,27,1,12,17,12017,4,2005,1FAFP53285A2,1,F,A,F,P,5,3,2,8,5,A,2,0,P,FORD,TSE,4D,5,17,3306,,0,1085,,F,,F,6,182,,,16R215,,,,,,0,0,000000000,00000000000,0,0,0,1,0,0,0,0,0,0,0,998,0,0,0,11,11,2,1,54,0,0,0,1,27,55407,6,1,0,0,3,0,64,150,0,0,0,0,0,0,0,0,0,0,0,0,0,0,3,3,55,3,1,1,1,0,0,14,90,7,1,3,98,0,0
27,270178,1,2,1,10,8,18,32,12,6,1,0,27,1,42,43,42043,4,2001,WDBNG75J91A1,W,D,B,N,G,7,5,J,9,1,A,1,0,P,MERZ,S50,4D,1,17,3925,,0,1215,,G,,F,8,303,,,16R225,,,,,,0,0,000000000,00000000000,0,0,0,1,0,0,0,0,0,0,0,50,0,0,0,12,12,2,1,12,0,0,0,1,27,55051,6,1,0,0,3,1,69,225,0,0,0,0,0,0,0,0,0,0,0,0,0,0,1,2,55,1,2,4,1,0,0,1,68,1,1,1,88,0,0
27,270178,2,2,1,10,8,18,32,12,6,1,0,92,0,99,739,99739,90,9999,000000000000,0,0,0,0,0,0,0,0,0,0,0,0,0,,,,,,,,,,,,,,,,,,,,,,,,,0,0,000000000,00000000000,0,0,0,1,0,0,0,0,0,0,0,999,0,0,0,61,61,4,8,12,0,0,0,1,27,56353,0,0,0,0,0,0,999,999,0,0,0,0,0,0,0,0,0,0,38,0,0,0,0,0,0,0,0,0,0,0,0,99,19,1,1,7,89,1,0