STATE,ST_CASE,VEH_NO,VE_FORMS,NUMOCCS,DAY,MONTH,HOUR,MINUTE,HARM_EV,MAN_COLL,UNITTYPE,HIT_RUN,REG_STAT,OWNER,MAKE,MODEL,MAK_MOD,BODY_TYP,MOD_YEAR,VIN,VIN_1,VIN_2,VIN_3,VIN_4,VIN_5,VIN_6,VIN_7,VIN_8,VIN_9,VIN_10,VIN_11,VIN_12,TOW_VEH,VINTYPE,VINMAKE,VINA_MOD,VIN_BT,VINMODYR,VIN_LNGT,VIN_WGT,WGTCD_TR,WHLBS_LG,WHLBS_SH,SER_TR,FUELCODE,MCYCL_DS,CARBUR,CYLINDER,DISPLACE,MCYCL_CY,MCYCL_WT,TIRE_SZE,TON_RAT,TRK_WT,TRKWTVAR,VIN_REST,WHLDRWHL,J_KNIFE,MCARR_I1,MCARR_I2,MCARR_ID,GVWR,V_CONFIG,CARGO_BT,HAZ_INV,HAZ_PLAC,HAZ_ID,HAZ_CNO,HAZ_REL,BUS_USE,SPEC_USE,EMER_USE,TRAV_SP,UNDERIDE,ROLLOVER,ROLINLOC,IMPACT1,IMPACT2,DEFORMED,TOWED,M_HARM,VEH_SC1,VEH_SC2,FIRE_EXP,DR_PRES,L_STATE,DR_ZIP,L_STATUS,L_TYPE,CDL_STAT,L_ENDORS,L_COMPL,L_RESTRI,DR_HGT,DR_WGT,PREV_ACC,PREV_SUS,PREV_DWI,PREV_SPD,PREV_OTH,FIRST_MO,FIRST_YR,LAST_MO,LAST_YR,SPEEDREL,DR_SF1,DR_SF2,DR_SF3,DR_SF4,VTRAFWAY,VNUM_LAN,VSPD_LIM,VALIGN,VPROFILE,VPAVETYP,VSURCOND,VTRAFCON,VTCONT_F,P_CRASH1,P_CRASH2,P_CRASH3,PCRASH4,PCRASH5,ACC_TYPE,DEATHS,DR_DRINK
27,270179,1,2,2,12,8,12,8,12,6,1,0,27,2,20,36,20036,2,1999,2G1WX12K7X91,2,G,1,W,X,1,2,K,7,X,9,1,0,P,CHEV,MZ3,CP,99,17,3436,,0,1075,,G,,F,6,231,,,16R225,,,,,,0,0,000000000,00000000000,0,0,0,1,0,0,0,0,0,0,0,999,0,0,0,1,12,2,3,12,0,0,0,1,27,55713,6,1,0,0,3,0,69,215,1,0,0,1,0,1,2009,10,2010,0,38,0,0,0,1,2,98,1,8,4,1,21,3,4,17,2,1,1,87,0,0
27,270179,2,2,1,12,8,12,8,12,6,1,0,27,1,37,706,37706,80,2005,1HFSC46D15A3,1,H,F,S,C,4,6,D,1,5,A,3,0,M,HOND,VCX,RS,5,17,,,,,,,1795,,2,,4,719,,,,,,,0,0,000000000,00000000000,0,0,0,1,0,0,0,0,0,0,0,999,0,0,0,61,61,6,2,12,0,0,0,1,27,55792,6,1,0,0,3,0,69,200,0,0,0,1,0,11,2010,11,2010,0,0,0,0,0,2,2,65,1,1,2,1,0,0,1,66,3,2,1,86,1,0
27,270180,1,1,1,14,8,1,46,34,0,1,0,27,2,20,2,20002,4,2004,2G1WH52K3494,2,G,1,W,H,5,2,K,3,4,9,4,0,P,CHEV,IPL,4D,4,17,3466,,0,1105,,G,,F,6,231,,,16R225,,,,,,0,0,000000000,00000000000,0,0,0,1,0,0,0,0,0,0,0,999,0,9,5,1,99,6,2,34,0,0,0,1,27,55720,6,1,0,0,3,0,68,160,0,0,0,0,0,0,0,0,0,9,99,99,99,99,1,2,55,1,1,2,1,0,0,1,13,1,1,4,1,1,1
27,270181,1,3,1,15,8,17,10,12,2,1,0,27,2,20,403,20403,14,2004,1GNDT13S1421,1,G,N,D,T,1,3,S,1,4,2,1,0,P,CHEV,TRL,UT,4,17,4612,,0,1130,,G,,F,6,256,,,16R245,,,,,,0,0,000000000,00000000000,0,0,0,1,0,0,0,0,0,0,0,60,0,0,0,12,11,6,2,12,0,0,0,1,27,56013,6,1,0,0,3,1,63,197,1,0,0,0,0,3,2010,3,2010,0,28,0,0,0,1,2,60,2,1,2,1,0,0,14,10,7,1,2,50,1,0
27,270181,2,3,1,15,8,17,10,12,2,1,0,27,1,20,481,20481,31,2008,1GCHK23638F1,1,G,C,H,K,2,3,6,3,8,F,1,1,T,CHEV,2KH,CW,8,17,,2,1670,1530,SIL,D,,,8,403,,,,C,5883,02,,44,1,0,000000000,00000000000,0,0,0,1,0,0,0,0,0,0,0,60,0,1,5,12,11,6,2,12,0,0,0,1,27,56601,6,1,0,0,3,3,75,250,0,0,0,0,0,0,0,0,0,0,0,0,0,0,1,2,60,3,1,2,1,0,0,14,62,9,1,1,51,0,0
27,270181,3,3,1,15,8,17,10,12,2,1,0,27,1,72,706,72706,80,2005,1HD1FVW125Y6,1,H,D,1,F,V,W,1,2,5,Y,6,0,M,HD,IUA,RS,5,17,,,,,,,1450,,2,,4,758,,,,,,,0,0,000000000,00000000000,0,0,0,1,0,0,0,0,0,0,0,60,0,0,0,12,12,6,2,12,0,0,0,1,27,55742,6,1,0,0,3,0,72,360,0,0,0,0,0,0,0,0,0,0,0,0,0,0,1,2,60,2,1,2,1,0,0,14,54,3,1,1,98,0,0
27,270182,1,1,1,17,8,17,8,1,0,1,0,27,1,76,706,76706,80,2005,JYAVP11E15A0,J,Y,A,V,P,1,1,E,1,5,A,0,0,M,YAMA,XVA,RS,5,17,,,,,,,1063,,2,,4,571,,,,,,,0,0,000000000,00000000000,0,0,0,1,0,0,0,0,0,0,0,55,0,0,0,0,0,4,3,57,0,0,0,1,27,55124,6,1,0,0,3,0,70,210,0,0,0,0,0,0,0,0,0,0,0,0,0,0,3,2,55,1,1,1,1,0,0,1,52,8,1,4,6,1,0
27,270183,1,1,1,18,8,17,37,35,0,1,0,27,1,54,35,54035,4,2003,19UUA56833A0,1,9,U,U,A,5,6,8,3,3,A,0,0,P,ACUR,3TS,4D,3,17,3558,,0,1081,,G,,F,6,197,,,17R215,,,,,,0,0,000000000,00000000000,0,0,0,1,0,0,0,0,0,0,0,998,0,0,0,12,12,6,2,42,0,0,0,1,27,55126,6,1,0,0,3,0,68,230,0,0,0,0,0,0,0,0,0,0,58,0,0,0,2,2,50,1,1,1,1,3,3,1,9,99,9,4,7,1,1
27,270184,1,2,1,20,8,14,2,12,2,1,0,27,1,23,481,23481,31,1990,2GTEK14C8L15,2,G,T,E,K,1,4,C,8,L,1,5,0,T,GMC,SK1,PK,90,17,,2,1315,1175,SIE,D,,,8,379,,,,B,4117,05,A,44,0,0,000000000,00000000000,0,0,0,1,0,0,0,0,0,0,0,15,0,0,0,12,1,6,2,12,0,0,0,1,27,56601,6,1,0,0,3,1,72,200,0,0,0,0,0,0,0,0,0,0,38,0,0,0,1,2,60,1,1,2,1,0,0,11,15,1,1,1,68,0,0
27,270184,2,2,2,20,8,14,2,12,2,1,0,42,1,49,40,49040,4,2007,JTNBK46KX730,J,T,N,B,K,4,6,K,X,7,3,0,0,P,TOYT,CJS,4D,7,17,3164,,0,1093,,G,,F,6,214,,,15R205,,,,,,0,0,000000000,00000000000,0,0,0,1,0,0,0,0,0,0,0,55,0,0,0,12,12,6,2,12,0,0,0,1,42,19064,6,1,0,0,3,0,69,999,0,0,0,0,0,0,0,0,0,0,0,0,0,0,1,2,60,1,1,2,1,0,0,1,62,7,1,1,69,1,0
27,270185,1,1,1,21,8,12,45,14,0,1,0,27,2,98,706,98706,80,2005,4MZKX12J4530,4,M,Z,K,X,1,2,J,4,5,3,0,0,U,,,,5,17,,,,,,,,,,,,,,,,,,,0,0,000000000,00000000000,0,0,0,1,0,0,0,0,0,0,0,60,0,0,0,61,62,6,2,14,0,0,0,1,27,55901,6,1,0,0,3,0,71,195,0,1,0,3,0,7,2009,6,2011,1,0,0,0,0,1,2,30,3,1,2,1,0,0,14,13,7,1,4,1,1,0
27,270187,1,1,2,16,6,10,0,3,0,1,0,27,1,6,54,6054,6,2005,2C8GF78425R5,2,C,8,G,F,7,8,4,2,5,R,5,1,P,CHRY,PIF,UT,5,17,4612,,0,1160,,G,,F,6,214,,,19R235,,,,,,1,0,000000000,00000000000,0,0,0,1,0,0,0,0,0,0,0,998,0,0,0,0,0,6,2,3,0,0,0,1,27,55906,6,1,0,0,3,1,68,185,0,0,0,0,0,0,0,0,0,0,99,99,99,99,8,8,5,1,5,8,2,0,0,13,98,1,1,1,0,1,0
27,270188,1,2,1,22,8,13,40,12,6,1,0,27,1,24,1,24001,4,1997,1G8ZK5276VZ3,1,G,8,Z,K,5,2,7,6,V,Z,3,0,P,STRN,SL2,4D,97,17,2362,,0,1024,,G,,F,4,116,,,15R185,,,,,,0,0,000000000,00000000000,0,0,0,1,0,0,0,0,0,0,0,999,0,0,0,61,61,6,2,12,0,0,0,1,27,56001,6,1,0,0,3,1,67,146,0,0,0,0,0,0,0,0,0,0,38,0,0,0,1,2,50,1,1,2,1,0,0,99,19,1,1,1,89,1,0
27,270188,2,2,1,22,8,13,40,12,6,1,0,93,3,86,881,86881,66,1997,1M2AA18Y6VW0,1,M,2,A,A,1,8,Y,6,V,W,0,1,T,MACK,CH6,TR,97,17,,8,0,0,600,D,,,6,728,,,,,00000,00,,64,1,57,353852,57353852,3,6,28,1,0,0,0,0,0,0,0,50,0,0,0,12,12,6,2,12,0,0,0,1,27,56003,6,1,6,0,3,1,71,200,0,0,0,0,0,0,0,0,0,0,0,0,0,0,1,2,98,1,8,2,1,20,3,1,68,1,1,1,88,0,0
27,270189,1,2,1,24,8,15,30,12,6,1,0,27,1,89,881,89881,66,1995,4V1JBARF6SR8,4,V,1,J,B,A,R,F,6,S,R,8,1,T,WHGM,WGM,TR,95,17,,7,0,0,WCN,D,,,6,677,,,,,00000,00,,42,1,57,1824957,571824957,3,6,28,1,0,0,0,0,0,0,0,998,0,0,0,12,12,4,3,12,0,0,0,1,27,56347,6,1,6,0,3,3,74,220,0,0,0,0,0,0,0,0,0,0,0,0,0,0,1,2,55,1,1,2,1,0,0,1,73,8,1,1,98,0,0
27,270189,2,2,1,24,8,15,30,12,6,1,0,27,2,20,2,20002,4,2003,2G1WF52E2392,2,G,1,W,F,5,2,E,2,3,9,2,0,P,CHEV,IMP,4D,3,17,3389,,0,1105,,G,,F,6,207,,,16R225,,,,,,0,0,000000000,00000000000,0,0,0,1,0,0,0,0,0,0,0,998,0,0,0,8,8,6,2,12,0,0,0,1,27,56537,6,1,0,0,3,0,69,165,0,0,0,0,0,0,0,0,0,0,48,0,0,0,0,0,0,0,0,0,0,0,0,12,19,1,1,7,98,1,0
27,270190,1,1,1,25,8,6,48,35,0,1,0,27,1,76,705,76705,80,2004,JYARJ06E34A0,J,Y,A,R,J,0,6,E,3,4,A,0,0,M,YAMA,R6L,RC,4,17,,,,,,,599,,4,,4,412,,,,,,,0,0,000000000,00000000000,0,0,0,1,0,0,0,0,0,0,0,55,0,0,0,12,12,6,2,35,0,0,0,1,27,55009,6,1,0,0,2,0,70,180,0,0,0,0,2,11,2008,5,2009,0,99,99,99,99,1,2,55,2,2,2,1,0,0,14,9,3,2,4,7,1,0
27,270191,1,2,2,27,8,13,48,12,2,1,0,17,1,12,24,12024,6,2009,2FMDK38C19BA,2,F,M,D,K,3,8,C,1,9,B,A,0,P,FORD,EDG,UT,9,17,4078,,0,1112,,G,,F,6,214,,,18R245,,,,,,0,0,000000000,00000000000,0,0,0,1,0,0,0,0,0,0,0,60,0,1,2,12,12,6,2,12,0,0,0,1,17,60516,6,1,0,0,3,0,73,210,0,0,0,0,0,0,0,0,0,0,28,0,0,0,1,2,60,1,1,2,1,0,0,1,10,1,1,4,50,1,0
27,270191,2,2,1,27,8,13,48,12,2,1,0,27,1,7,43,7043,4,2006,1B3EL46X56N2,1,B,3,E,L,4,6,X,5,6,N,2,0,P,DODG,SRX,4D,6,17,3106,,0,1080,,G,,F,4,146,,,16R205,,,,,,0,0,000000000,00000000000,0,0,0,1,0,0,0,0,0,0,0,60,0,0,0,12,12,6,2,12,0,0,0,1,27,55723,6,1,0,0,3,3,64,180,0,0,0,0,0,0,0,0,0,0,0,0,0,0,1,2,60,1,1,2,1,0,0,1,62,7,1,4,51,0,0
27,270192,1,1,1,27,8,23,20,42,0,1,0,27,1,20,22,20022,4,2009,1G1AT58H4971,1,G,1,A,T,5,8,H,4,9,7,1,0,P,CHEV,BLT,4D,9,17,3216,,0,1033,,G,,F,4,134,,,15R195,,,,,,0,0,000000000,00000000000,0,0,0,1,0,0,0,0,0,0,0,55,0,0,0,12,12,6,2,42,0,0,0,1,27,56716,6,1,0,0,3,3,62,140,0,0,0,0,0,0,0,0,0,0,0,0,0,0,1,2,55,3,2,2,1,0,0,14,13,6,1,4,1,1,1
27,270193,1,2,4,28,8,12,3,12,6,1,0,27,1,49,442,49442,20,2005,5TDZA22C85S2,5,T,D,Z,A,2,2,C,8,5,S,2,0,P,TOYT,SIE,SV,5,17,4165,,0,1193,,G,,F,6,201,,,15R205,,,,,,0,0,000000000,00000000000,0,0,0,1,0,0,0,0,0,0,0,30,0,0,0,3,3,6,2,12,0,0,0,1,27,55112,6,1,0,0,3,3,66,170,0,0,0,1,0,10,2009,10,2009,0,39,0,0,0,1,2,98,1,1,2,2,21,3,1,17,1,1,1,87,1,0
27,270193,2,2,4,28,8,12,3,12,6,1,0,27,2,20,401,20401,14,1998,1GNDT13W9W21,1,G,N,D,T,1,3,W,9,W,2,1,0,P,CHEV,BZR,UT,98,17,4046,,0,1070,,G,,F,6,262,,,15R235,,,,,,0,0,000000000,00000000000,0,0,0,1,0,0,0,0,0,0,0,55,0,0,0,12,12,6,2,12,0,0,0,1,27,55719,6,1,0,0,3,0,66,110,1,0,0,0,0,11,2010,11,2010,0,0,0,0,0,2,2,55,1,1,1,2,0,0,1,66,99,1,1,86,0,0
27,270194,1,3,1,29,8,14,55,12,1,1,0,27,2,41,441,41441,20,2001,JM3LW28Y5101,J,M,3,L,W,2,8,Y,5,1,0,1,0,P,MAZD,MWG,SV,1,17,3657,,0,1118,,G,,F,6,152,,,15R205,,,,,,0,0,000000000,00000000000,0,0,0,1,0,0,0,0,0,0,0,999,0,0,0,6,6,2,1,12,0,0,0,1,27,55416,6,1,0,0,3,0,63,135,0,0,0,0,0,0,0,0,0,0,0,0,0,0,3,4,55,1,1,2,1,0,0,17,53,4,1,1,29,0,0
27,270194,2,3,1,29,8,14,55,12,1,1,0,27,2,53,703,53703,83,2009,JS1NJ4CA9921,J,S,1,N,J,4,C,A,9,9,2,1,0,M,SUZI,TU2,RS,9,17,,,,,,,249,,1,,4,328,,,,,,,0,0,000000000,00000000000,0,0,0,1,0,0,0,0,0,0,0,999,0,0,0,12,12,4,3,12,0,0,0,1,27,55407,6,1,0,0,2,0,70,150,0,0,0,0,1,3,2009,3,2009,0,26,0,0,0,3,4,55,1,1,2,1,0,0,1,52,99,1,1,28,1,0
27,270194,3,3,1,29,8,14,55,12,1,1,0,27,1,24,1,24001,4,2000,1G8ZF5281YZ1,1,G,8,Z,F,5,2,8,1,Y,Z,1,0,P,STRN,SSL,4D,0,17,2332,,0,1024,,G,,F,4,116,,,14R185,,,,,,0,0,000000000,00000000000,0,0,0,1,0,0,0,0,0,0,0,999,0,0,0,1,1,4,1,54,0,0,0,1,27,55427,6,1,0,0,3,0,74,190,0,0,0,0,0,0,0,0,0,0,0,0,0,0,3,4,55,1,1,2,1,0,0,1,51,8,1,1,98,0,0
27,270195,1,4,1,1,9,6,22,12,1,1,0,41,3,98,804,98804,66,2009,5KKHAECK99PZ,5,K,K,H,A,E,C,K,9,9,P,Z,1,T,WSTR,49F,CC,9,17,,8,0,0,CNV,D,,,6,855,,,,,00000,00,,64,1,57,365516,57365516,3,6,6,1,0,0,0,0,0,0,0,55,0,0,0,12,11,4,3,12,0,0,0,1,27,55016,6,1,6,0,3,0,70,195,0,0,0,0,0,0,0,0,0,0,0,0,0,0,1,2,55,1,1,2,1,97,8,1,52,7,1,1,28,0,0
27,270195,2,4,2,1,9,6,22,12,1,1,0,27,1,63,38,63038,4,2010,KNAFU4A23A53,K,N,A,F,U,4,A,2,3,A,5,3,0,P,KIA,FEX,4D,10,17,2707,,0,1043,,G,,F,4,122,,,15R195,,,,,,0,0,000000000,00000000000,0,0,0,1,0,0,0,0,0,0,0,50,0,0,0,6,81,6,2,12,0,0,0,1,27,55056,6,1,0,0,3,0,66,150,0,0,0,0,1,3,2011,3,2011,0,0,0,0,0,1,2,55,1,1,2,1,97,8,2,53,1,1,1,29,1,0
27,270195,3,4,1,1,9,6,22,12,1,1,0,27,1,18,20,18020,4,2003,2G4WB52K6311,2,G,4,W,B,5,2,K,6,3,1,1,0,P,BUIC,RLS,4D,3,17,3543,,0,1090,,G,,F,6,231,,,15R215,,,,,,0,0,000000000,00000000000,0,0,0,1,0,0,0,0,0,0,0,50,0,0,0,6,6,4,3,12,0,0,0,1,27,55013,6,1,0,0,3,3,73,225,0,0,0,0,0,0,0,0,0,0,0,0,0,0,1,2,55,1,1,2,1,97,8,2,53,3,1,1,98,0,0
27,270195,4,4,1,1,9,6,22,12,1,1,0,93,3,82,881,82881,66,2007,1FUJA6CK67LU,1,F,U,J,A,6,C,K,6,7,L,U,1,T,FRHT,COL,TR,7,17,,8,0,0,CON,D,,,6,855,,,,,00000,00,,64,1,57,209767,57209767,3,6,8,1,0,0,0,0,0,0,0,50,0,0,0,1,1,4,3,12,0,0,0,1,27,55051,6,1,6,0,3,0,71,250,1,0,0,0,0,8,2011,8,2011,0,0,0,0,0,1,2,55,1,1,2,1,97,8,1,62,6,1,1,98,0,0
27,270196,1,2,1,2,9,17,12,12,6,1,0,27,2,37,705,37705,80,1997,JH2PC2502VM6,J,H,2,P,C,2,5,0,2,V,M,6,0,M,HOND,RF3,RC,97,17,,,,,,,600,,4,,4,405,,,,,,,0,0,000000000,00000000000,0,0,0,1,0,0,0,0,0,0,0,999,0,0,0,12,12,6,2,12,0,0,0,1,27,55376,4,1,0,0,2,0,76,180,0,1,0,0,0,6,2009,6,2009,1,35,0,0,0,1,2,55,1,1,2,1,0,0,6,10,9,1,2,73,1,0
27,270196,2,2,1,2,9,17,12,12,6,1,0,27,1,12,442,12442,20,2003,2FMZA51473BB,2,F,M,Z,A,5,1,4,7,3,B,B,0,T,FORD,WLX,ES,3,17,,1,0,1207,WIN,G,,,6,232,,,,B,3762,00,E,42,0,0,000000000,00000000000,0,0,0,1,0,0,0,0,0,0,0,998,0,0,0,8,8,6,2,12,0,0,0,1,27,55374,6,1,0,0,3,0,67,145,0,0,0,0,0,0,0,0,0,0,0,0,0,0,1,2,55,1,1,2,1,0,0,11,60,1,1,1,72,0,0
27,270197,1,2,1,3,9,11,48,12,6,1,0,27,1,12,881,12881,63,1987,1FDXT84A9HVA,1,F,D,X,T,8,4,A,9,H,V,A,0,T,FORD,F8F,CC,87,17,,7,0,0,MHV,D,,,6,473,,,,,00000,00,,42,0,57,1130783,571130783,3,1,2,1,0,0,0,0,0,0,0,998,0,0,0,12,12,6,2,12,0,0,0,1,27,56309,6,1,0,0,2,1,73,185,0,0,0,0,0,0,0,0,0,0,0,0,0,0,1,2,55,1,1,2,1,0,0,1,66,1,1,1,88,0,0
27,270197,2,2,1,3,9,11,48,12,6,1,0,27,2,12,17,12017,4,2000,1FAFP53UXYG2,1,F,A,F,P,5,3,U,X,Y,G,2,0,P,FORD,TSE,4D,0,17,3333,,0,1085,,G,,F,6,182,,,16R215,,,,,,0,0,000000000,00000000000,0,0,0,1,0,0,0,0,0,0,0,998,0,0,0,62,62,6,2,12,0,0,0,1,27,56544,6,2,0,0,3,1,68,160,0,0,0,0,0,0,0,0,0,0,39,0,0,0,1,2,98,1,8,2,1,20,3,1,17,1,1,1,89,1,0
27,270198,1,2,1,3,9,14,28,12,6,1,1,92,5,12,16,12016,4,9999,999999999999,9,9,9,9,9,9,9,9,9,9,9,9,0,,,,,,,,,,,,,,,,,,,,,,,,,0,0,000000000,00000000000,0,0,0,1,0,0,0,0,0,5,0,56,0,0,0,11,11,6,2,12,0,0,0,1,27,56716,6,1,0,0,3,1,70,260,0,0,0,0,0,0,0,0,0,1,91,28,37,0,1,2,30,1,2,2,1,20,3,10,16,7,2,2,80,0,0
27,270198,2,2,2,3,9,14,28,12,6,1,0,27,1,20,471,20471,30,1998,1GCCS1944W81,1,G,C,C,S,1,9,4,4,W,8,1,0,T,CHEV,S14,PC,98,17,,1,0,1229,S,G,,,4,133,,,,B,3222,00,,42,0,0,000000000,00000000000,0,0,0,1,0,0,0,0,0,0,0,998,0,0,0,62,62,6,2,12,0,0,0,1,27,56701,6,1,0,0,3,1,68,220,0,0,0,0,0,0,0,0,0,0,0,0,0,0,1,2,98,3,8,2,1,0,0,14,67,1,1,1,81,1,0
27,270199,1,1,1,3,9,20,32,8,0,1,0,27,1,24,401,24401,14,2004,5GZCZ33DX4S8,5,G,Z,C,Z,3,3,D,X,4,S,8,0,P,STRN,VUE,UT,4,17,3299,,0,1066,,G,,F,4,134,,,16R215,,,,,,0,0,000000000,00000000000,0,0,0,1,0,0,0,0,0,0,0,999,0,0,0,11,11,4,3,8,0,0,0,1,27,55423,6,1,0,0,3,0,71,220,0,0,0,0,0,0,0,0,0,0,0,0,0,0,1,2,35,1,1,1,1,0,0,1,80,1,1,1,13,0,0
27,270200,1,1,2,3,9,23,27,42,0,1,0,27,2,22,20,22020,4,2000,1G2WJ52K5YF2,1,G,2,W,J,5,2,K,5,Y,F,2,0,P,PONT,GFS,4D,0,17,3373,,0,1105,,G,,F,6,231,,,15R205,,,,,,0,0,000000000,00000000000,0,0,0,1,0,0,0,0,0,0,0,999,0,0,0,5,5,6,2,42,0,0,0,1,27,55317,6,1,0,0,3,0,68,130,0,0,0,1,0,7,2011,7,2011,1,35,0,0,0,1,2,30,4,1,2,1,0,0,6,54,8,4,4,7,1,1
27,270201,1,2,1,1,8,19,55,12,2,1,0,27,1,7,472,7472,30,2000,1B7GL22N2YS7,1,B,7,G,L,2,2,N,2,Y,S,7,0,T,DODG,DAK,PC,0,17,,1,0,1309,DAK,G,,,8,287,,,,B,3494,00,U,42,0,0,000000000,00000000000,0,0,0,1,0,0,0,0,0,0,0,60,0,0,0,12,12,6,2,12,0,0,0,1,27,55364,6,1,0,0,3,0,70,170,0,0,0,0,0,0,0,0,0,0,0,0,0,0,1,2,60,1,1,1,1,0,0,1,62,7,1,1,51,1,0
27,270201,2,2,2,1,8,19,55,12,2,1,0,27,1,12,37,12037,4,2010,1FAHP3FN7AW2,1,F,A,H,P,3,F,N,7,A,W,2,0,P,FORD,FSE,4D,10,17,2623,,0,1029,,G,,F,4,122,,,15R195,,,,,,0,0,000000000,00000000000,0,0,0,1,0,0,0,0,0,0,0,60,0,0,0,12,12,6,2,12,0,0,0,1,27,55313,6,1,0,0,3,1,68,260,0,0,0,0,0,0,0,0,0,0,28,0,0,0,1,2,60,1,1,1,1,0,0,1,10,1,1,2,50,2,0
27,270202,1,1,1,5,8,1,29,24,0,1,0,27,1,53,705,53705,80,2002,JS1GR7HAX221,J,S,1,G,R,7,H,A,X,2,2,1,0,M,SUZI,SX7,RC,2,17,,,,,,,749,,4,,4,365,,,,,,,0,0,000000000,00000000000,0,0,0,1,0,0,0,0,0,0,0,81,0,0,0,12,12,4,3,24,0,0,0,1,27,55025,6,1,0,0,3,0,70,150,0,0,0,0,0,0,0,0,0,1,0,0,0,0,6,2,30,2,2,2,1,0,0,14,13,1,1,4,1,1,1
27,270203,1,1,1,4,9,9,45,34,0,1,0,27,2,12,13,12013,3,1993,1FAPP11J3PW3,1,F,A,P,P,1,1,J,3,P,W,3,0,P,FORD,EST,2H,93,17,2312,,0,984,,G,,F,4,113,,,13R175,,,,,,0,0,000000000,00000000000,0,0,0,1,0,0,0,0,0,0,0,999,0,0,0,99,12,4,4,34,0,0,0,1,27,56470,6,1,0,0,3,0,74,170,0,0,0,0,0,0,0,0,0,9,99,99,99,99,1,2,55,2,1,2,1,0,0,14,12,99,1,4,6,1,0
27,270204,1,1,1,5,9,12,3,9,0,1,0,27,3,98,809,98809,63,1999,2FZNNWEB2XAF,2,F,Z,N,N,W,E,B,2,X,A,F,0,T,STRG,T51,CC,99,17,,8,2620,1660,STE,D,,,6,733,,,,,00000,00,,64,0,57,607094,57607094,3,1,4,1,0,0,0,0,0,0,0,40,0,0,0,12,12,2,1,9,0,0,0,1,27,56319,6,1,6,0,3,3,73,270,0,1,0,0,0,9,2008,9,2008,0,0,0,0,0,1,2,40,3,2,2,1,0,0,14,83,1,1,1,13,0,0
27,270205,1,3,1,9,9,14,27,12,1,1,0,27,3,37,421,37421,15,2010,5FNYF4H54AB0,5,F,N,Y,F,4,H,5,4,A,B,0,0,P,HOND,PIL,UT,10,17,4544,,0,1092,,G,,F,6,213,,,17R245,,,,,,0,0,000000000,00000000000,0,0,0,1,0,0,0,0,0,0,0,50,0,0,0,6,6,4,3,12,0,0,0,1,27,55378,6,1,0,0,3,1,64,115,0,0,0,0,0,0,0,0,0,0,0,0,0,0,2,2,50,1,1,2,1,3,3,2,53,1,1,1,29,0,0
27,270205,2,3,1,9,9,14,27,12,1,1,0,27,1,76,706,76706,80,2007,JYAVP04E07A0,J,Y,A,V,P,0,4,E,0,7,A,0,0,M,YAMA,ZTF,RS,7,17,,,,,,,1294,,4,,4,807,,,,,,,0,0,000000000,00000000000,0,0,0,1,0,0,0,0,0,0,0,50,0,0,0,12,12,6,2,12,0,0,0,1,27,55379,6,1,6,0,3,0,70,240,0,0,0,0,0,0,0,0,0,0,0,0,0,0,2,2,50,1,1,2,1,3,3,1,52,1,1,1,28,1,0
27,270205,3,3,2,9,9,14,27,12,1,1,0,27,3,87,881,87881,63,2004,2NPNHD7XX4M8,2,N,P,N,H,D,7,X,X,4,M,8,1,T,PTRB,330,CC,4,17,,7,0,0,CON,D,,,6,439,,,,,00000,00,,42,1,57,1244227,571244227,3,4,3,1,0,0,0,0,0,0,0,50,0,0,0,14,14,0,1,54,0,0,0,1,27,55360,6,1,6,0,3,0,68,230,0,0,0,1,1,7,2010,8,2010,0,0,0,0,0,2,2,50,1,1,2,1,3,3,1,90,1,1,1,98,0,0
27,270206,1,1,1,10,9,9,30,53,0,1,0,27,2,72,706,72706,80,2000,999999999999,9,9,9,9,9,9,9,9,9,9,9,9,0,,,,,,,,,,,,,,,,,,,,,,,,,0,0,000000000,00000000000,0,0,0,1,0,0,0,0,0,0,0,999,0,0,0,12,12,6,2,53,0,0,0,1,27,56711,6,1,0,0,2,0,71,195,0,0,0,0,2,9,2010,9,2010,9,99,99,99,99,1,2,55,1,1,2,1,0,0,1,13,1,1,4,1,1,1
27,270207,1,1,1,10,9,15,6,34,0,1,0,55,2,37,706,37706,80,2004,1HFSC55024A0,1,H,F,S,C,5,5,0,2,4,A,0,0,M,HOND,13V,RS,4,17,,,,,,,1312,,2,,4,641,,,,,,,0,0,000000000,00000000000,0,0,0,1,0,0,0,0,0,0,0,45,0,0,0,12,12,4,3,34,0,0,0,1,55,54558,6,1,0,0,3,0,66,150,0,0,0,0,0,0,0,0,0,0,99,99,99,99,1,2,45,3,2,2,1,0,0,14,13,98,1,4,1,1,0
27,270208,1,1,1,10,9,19,43,35,0,1,0,27,1,35,47,35047,4,1997,1N4BU31D8VC2,1,N,4,B,U,3,1,D,8,V,C,2,0,P,NISS,AGS,4D,97,17,2756,,0,1031,,G,,F,4,146,,,15R205,,,,,,0,0,000000000,00000000000,0,0,0,1,0,0,0,0,0,0,0,55,0,1,6,1,99,6,2,42,0,0,0,1,27,56401,6,1,0,0,3,3,75,200,0,0,0,0,0,0,0,0,0,0,58,0,0,0,1,2,55,1,2,2,1,0,0,1,13,6,4,4,7,1,1