STATE,ST_CASE,VEH_NO,VE_FORMS,NUMOCCS,DAY,MONTH,HOUR,MINUTE,HARM_EV,MAN_COLL,UNITTYPE,HIT_RUN,REG_STAT,OWNER,MAKE,MODEL,MAK_MOD,BODY_TYP,MOD_YEAR,VIN,VIN_1,VIN_2,VIN_3,VIN_4,VIN_5,VIN_6,VIN_7,VIN_8,VIN_9,VIN_10,VIN_11,VIN_12,TOW_VEH,VINTYPE,VINMAKE,VINA_MOD,VIN_BT,VINMODYR,VIN_LNGT,VIN_WGT,WGTCD_TR,WHLBS_LG,WHLBS_SH,SER_TR,FUELCODE,MCYCL_DS,CARBUR,CYLINDER,DISPLACE,MCYCL_CY,MCYCL_WT,TIRE_SZE,TON_RAT,TRK_WT,TRKWTVAR,VIN_REST,WHLDRWHL,J_KNIFE,MCARR_I1,MCARR_I2,MCARR_ID,GVWR,V_CONFIG,CARGO_BT,HAZ_INV,HAZ_PLAC,HAZ_ID,HAZ_CNO,HAZ_REL,BUS_USE,SPEC_USE,EMER_USE,TRAV_SP,UNDERIDE,ROLLOVER,ROLINLOC,IMPACT1,IMPACT2,DEFORMED,TOWED,M_HARM,VEH_SC1,VEH_SC2,FIRE_EXP,DR_PRES,L_STATE,DR_ZIP,L_STATUS,L_TYPE,CDL_STAT,L_ENDORS,L_COMPL,L_RESTRI,DR_HGT,DR_WGT,PREV_ACC,PREV_SUS,PREV_DWI,PREV_SPD,PREV_OTH,FIRST_MO,FIRST_YR,LAST_MO,LAST_YR,SPEEDREL,DR_SF1,DR_SF2,DR_SF3,DR_SF4,VTRAFWAY,VNUM_LAN,VSPD_LIM,VALIGN,VPROFILE,VPAVETYP,VSURCOND,VTRAFCON,VTCONT_F,P_CRASH1,P_CRASH2,P_CRASH3,PCRASH4,PCRASH5,ACC_TYPE,DEATHS,DR_DRINK
27,270209,1,2,1,12,9,23,19,12,1,1,0,46,3,51,881,51881,66,2004,4V4NC9GG94N3,4,V,4,N,C,9,G,G,9,4,N,3,1,T,VOLV,VNL,TR,4,17,,8,0,0,VVN,D,,,6,732,,,,,00000,00,,64,1,57,584225,57584225,3,6,1,1,0,0,0,0,0,0,0,58,0,0,0,12,12,6,2,12,0,0,0,1,46,57103,6,1,6,0,3,1,69,217,0,0,0,0,0,0,0,0,0,0,92,0,0,0,2,2,55,1,1,2,1,3,3,1,50,4,1,1,20,0,0
27,270209,2,2,1,12,9,23,19,12,1,1,0,27,1,12,481,12481,31,2000,1FTSW31F4YED,1,F,T,S,W,3,1,F,4,Y,E,D,0,T,FORD,F3S,CW,0,17,,2,1724,1562,SRW,D,,,8,444,,,,D,5942,07,E,44,0,0,000000000,00000000000,0,0,0,1,0,0,0,0,0,0,0,0,0,2,5,6,6,6,2,12,0,0,0,1,27,56011,6,1,0,0,3,3,70,240,0,0,0,0,0,0,0,0,0,0,54,0,0,0,2,2,55,1,1,2,1,3,3,5,53,1,1,1,21,1,0
27,270210,1,2,1,13,9,11,27,12,2,1,0,27,1,49,45,49045,4,2001,JTDBT1239101,J,T,D,B,T,1,2,3,9,1,0,1,0,P,TOYT,ECH,4D,1,17,2030,,0,934,,G,,F,4,091,,,14R175,,,,,,0,0,000000000,00000000000,0,0,0,1,0,0,0,0,0,0,0,999,0,0,0,12,12,6,2,12,0,0,0,1,27,55362,6,1,0,0,3,3,63,116,0,0,0,0,0,0,0,0,0,0,38,0,0,0,1,2,45,1,1,2,1,0,0,11,15,1,1,2,68,1,0
27,270210,2,2,2,13,9,11,27,12,2,1,0,27,2,12,37,12037,4,2008,1FAHP35N98W2,1,F,A,H,P,3,5,N,9,8,W,2,0,P,FORD,FMS,4D,8,17,2623,,0,1029,,G,,F,4,122,,,16R205,,,,,,0,0,000000000,00000000000,0,0,0,1,0,0,0,0,0,0,0,45,0,0,0,12,12,6,2,12,0,0,0,1,27,55313,6,1,0,0,3,0,69,200,0,0,0,1,1,2,2010,12,2010,0,0,0,0,0,1,2,45,1,1,2,1,0,0,1,62,4,1,1,69,0,0
27,270211,1,1,2,16,9,1,50,1,0,1,0,27,1,12,37,12037,4,2006,1FAHP34N86W1,1,F,A,H,P,3,4,N,8,6,W,1,0,P,FORD,ZX4,4D,6,17,2676,,0,1029,,G,,F,4,122,,,15R195,,,,,,0,0,000000000,00000000000,0,0,0,1,0,0,0,0,0,0,0,998,0,1,5,0,0,6,2,1,0,0,0,1,27,55373,6,1,0,0,3,0,67,150,0,0,0,0,0,0,0,0,0,0,0,0,0,0,1,2,55,1,1,2,1,0,0,1,13,1,1,4,1,1,1
27,270212,1,1,5,16,9,21,1,8,0,1,0,27,1,37,441,37441,20,2001,2HKRL18651H5,2,H,K,R,L,1,8,6,5,1,H,5,0,P,HOND,UDY,SV,1,17,4288,,0,1181,,G,,F,6,212,,,16R215,,,,,,0,0,000000000,00000000000,0,0,0,1,0,0,0,0,0,0,0,60,0,0,0,12,11,4,1,8,0,0,0,1,27,55118,6,1,0,0,3,0,70,150,0,0,0,0,0,0,0,0,0,0,0,0,0,0,3,5,60,3,1,2,1,0,0,14,80,1,1,1,13,0,0
27,270213,1,1,1,18,9,3,35,57,0,1,0,27,1,20,22,20022,4,2005,1G1AK52FX576,1,G,1,A,K,5,2,F,X,5,7,6,0,P,CHEV,CBT,4D,5,17,3216,,0,1033,,G,,F,4,134,,,15R195,,,,,,0,0,000000000,00000000000,0,0,0,1,0,0,0,0,0,0,0,998,0,1,3,81,81,6,2,1,0,0,0,1,27,55306,6,1,0,0,3,1,62,145,0,0,0,0,0,0,0,0,0,1,0,0,0,0,3,2,70,1,1,1,1,0,0,6,6,1,2,4,7,1,1
27,270214,1,1,1,19,9,16,7,14,0,1,0,27,2,82,881,82881,66,2002,1FUJAHBD62LJ,1,F,U,J,A,H,B,D,6,2,L,J,1,T,FRHT,FLD,TR,2,17,,8,0,0,CON,D,,,6,855,,,,,00000,00,,64,1,57,601042,57601042,3,6,1,1,0,0,0,0,0,0,0,999,0,0,0,12,12,6,2,19,0,0,1,1,27,55972,6,1,6,0,3,0,66,160,2,0,0,2,2,11,2008,4,2011,0,99,99,99,99,3,3,60,1,2,1,1,0,0,1,13,1,1,4,1,1,0
27,270215,1,1,1,20,9,0,46,35,0,1,0,27,1,20,481,20481,31,2011,3GCPKTE35BG1,3,G,C,P,K,T,E,3,5,B,G,1,0,T,CHEV,3SK,CW,11,17,,2,0,1435,SIL,F,,,8,323,,,,B,5346,00,,44,0,0,000000000,00000000000,0,0,0,1,0,0,0,0,0,0,0,999,0,0,0,12,12,4,3,35,0,0,0,1,27,56255,6,1,0,0,3,0,73,225,0,0,0,0,0,0,0,0,0,0,0,0,0,0,1,2,55,3,2,2,1,0,0,14,13,1,1,4,1,1,1
27,270216,1,2,1,20,9,12,57,12,6,1,0,27,1,18,2,18002,4,2004,1G4HP52K84U1,1,G,4,H,P,5,2,K,8,4,U,1,0,P,BUIC,LCF,4D,4,17,3567,,0,1122,,G,,F,6,231,,,15R215,,,,,,0,0,000000000,00000000000,0,0,0,1,0,0,0,0,0,0,0,999,0,0,0,7,9,6,2,12,0,0,0,1,27,56021,6,1,0,0,3,1,64,156,0,0,0,0,0,0,0,0,0,0,38,0,0,0,6,1,98,1,5,2,1,20,3,11,15,1,1,1,82,1,0
27,270216,2,2,1,20,9,12,57,12,6,1,0,27,2,62,421,62421,15,1999,SALPV1447XA4,S,A,L,P,V,1,4,4,7,X,A,4,0,T,LNDR,HSE,4W,99,17,,2,0,1081,RRV,G,,,8,278,,,,,4960,00,K,44,0,0,000000000,00000000000,0,0,0,1,0,0,0,0,0,0,0,45,0,0,0,12,12,6,2,12,0,0,0,1,27,56001,6,1,0,0,3,0,65,135,2,0,0,0,0,5,2010,1,2011,0,0,0,0,0,2,4,45,1,2,1,1,0,0,1,67,1,1,1,83,0,0
27,270217,1,1,5,17,9,16,41,42,0,1,0,27,2,13,12,13012,4,2001,1LNHM87A71Y6,1,L,N,H,M,8,7,A,7,1,Y,6,0,P,LINC,LLS,4D,1,17,3666,,0,1145,,G,,F,8,240,,,16R215,,,,,,0,0,000000000,00000000000,0,0,0,1,0,0,0,0,0,0,0,999,0,0,0,12,12,6,2,42,0,0,0,1,27,56359,0,0,0,0,0,0,999,999,0,1,1,0,0,9,2011,9,2011,1,0,0,0,0,1,2,30,3,2,5,1,0,0,14,6,6,9,4,2,1,1
27,270218,1,1,1,21,9,0,18,8,0,1,1,99,9,99,999,99999,99,9999,999999999999,9,9,9,9,9,9,9,9,9,9,9,9,9,,,,,,,,,,,,,,,,,,,,,,,,,0,99,999999999,99999999999,9,99,99,1,0,0,0,0,99,99,9,999,9,0,0,12,12,9,1,8,0,0,0,1,99,99999,9,9,99,9,9,9,999,999,99,99,99,99,99,99,9999,99,9999,9,99,99,99,99,3,2,40,1,1,2,1,40,3,1,80,1,9,9,13,0,0
27,270219,1,1,1,19,5,7,37,30,0,1,0,27,1,20,481,20481,31,2004,1GCEC14VX4Z2,1,G,C,E,C,1,4,V,X,4,Z,2,0,T,CHEV,SC1,PK,4,17,,2,1330,1190,SIL,G,,,8,293,,,,B,4142,00,,42,0,0,000000000,00000000000,0,0,0,1,0,0,0,0,0,0,0,998,0,0,0,12,12,6,2,30,0,0,1,1,27,55102,6,1,6,0,3,1,75,260,0,0,0,0,0,0,0,0,0,0,39,0,0,0,1,2,30,1,1,2,1,20,3,1,14,1,1,4,14,1,0
27,270220,1,1,1,13,6,0,11,8,0,1,0,93,3,84,881,84881,66,2006,2HSCNAPR86C2,2,H,S,C,N,A,P,R,8,6,C,2,1,T,INTL,94I,TR,6,17,,8,0,0,940,D,,,6,915,,,,,00000,00,,64,1,57,191287,57191287,3,6,28,1,0,0,0,0,0,0,0,18,0,0,0,12,12,9,3,8,0,0,0,1,27,55927,6,1,6,0,3,3,66,160,1,0,0,1,1,8,2009,7,2010,0,0,0,0,0,1,2,98,1,3,2,98,97,8,1,80,9,1,1,13,0,0
27,270221,1,1,1,25,6,22,55,8,0,1,0,27,1,7,442,7442,20,1997,2B4FP2539VR2,2,B,4,F,P,2,5,3,9,V,R,2,0,P,DODG,CAR,SV,97,17,3490,,0,1133,,G,,F,6,181,,,14R205,,,,,,0,0,000000000,00000000000,0,0,0,1,0,0,0,0,0,0,0,998,0,0,0,12,12,2,1,8,0,0,0,1,27,55105,6,1,0,0,3,0,63,130,0,0,0,4,1,2,2009,6,2011,0,23,0,0,0,1,2,30,1,1,2,1,0,0,1,80,1,1,1,13,0,0
27,270222,1,2,1,14,8,16,52,12,6,1,0,27,2,22,18,22018,4,2000,1G2NF52T9YC5,1,G,2,N,F,5,2,T,9,Y,C,5,0,P,PONT,SE1,4D,0,17,3116,,0,1070,,G,,F,4,146,,,15R215,,,,,,0,0,000000000,00000000000,0,0,0,1,0,0,0,0,0,0,0,15,0,0,0,7,7,2,1,12,0,0,0,1,27,56050,6,1,0,0,3,3,66,115,1,0,0,0,0,12,2010,12,2010,0,52,38,0,0,1,2,98,1,1,2,1,20,3,11,15,1,1,1,82,0,0
27,270222,2,2,2,14,8,16,52,12,6,1,0,27,1,72,706,72706,80,2001,1HD1FCW161Y6,1,H,D,1,F,C,W,1,6,1,Y,6,0,M,HD,FLU,RS,1,17,,,,,,,1450,,2,,4,788,,,,,,,0,0,000000000,00000000000,0,0,0,1,0,0,0,0,0,0,0,30,0,0,0,98,98,4,3,12,0,0,0,1,27,55372,6,1,6,0,3,3,74,210,0,0,0,0,0,0,0,0,0,0,0,0,0,0,1,2,30,1,1,1,1,0,0,1,67,98,2,1,83,1,0
27,270223,1,1,1,23,8,23,10,8,0,1,1,27,3,42,401,42401,14,2009,4JGBB86E19A4,4,J,G,B,B,8,6,E,1,9,A,4,9,P,MERZ,M35,UT,9,17,4705,,0,1147,,G,,F,6,213,,,19R255,,,,,,0,0,000000000,00000000000,0,0,0,1,0,0,0,0,0,0,0,999,0,0,0,12,1,4,1,8,0,0,0,1,27,55343,6,1,0,0,3,3,67,130,0,0,0,0,0,0,0,0,0,0,91,0,0,0,6,1,55,1,5,1,1,0,0,99,13,99,1,4,1,0,0
27,270224,1,1,2,26,8,18,6,1,0,1,0,38,1,77,706,77706,80,2011,5VPBB36N0B30,5,V,P,B,B,3,6,N,0,B,3,0,0,M,VCTY,VCR,RS,11,17,,,,,,,1731,,2,,4,745,,,,,,,0,0,000000000,00000000000,0,0,0,1,0,0,0,0,0,0,0,998,0,0,0,0,0,2,3,1,0,0,0,1,38,58103,6,1,0,0,3,1,75,200,1,0,0,1,1,4,2010,8,2011,0,0,0,0,0,3,2,60,1,1,2,1,0,0,2,8,3,2,3,98,1,0
27,270225,1,1,2,23,9,12,49,1,0,1,0,27,1,12,481,12481,31,1992,1FTEF14N4NPA,1,F,T,E,F,1,4,N,4,N,P,A,0,T,FORD,F15,PK,92,17,,2,1330,1170,COF,G,,,8,302,,,,B,3996,03,A,44,0,0,000000000,00000000000,0,0,0,1,0,0,0,0,0,0,0,998,0,9,2,0,0,6,2,1,0,0,0,1,27,56358,6,1,6,0,3,9,68,160,0,0,0,0,0,0,0,0,0,1,0,0,0,0,1,2,55,3,1,2,1,0,0,14,6,8,9,4,98,1,0
27,270226,1,1,2,23,9,14,26,1,0,1,0,27,1,20,4,20004,2,2008,1G1YY26E4851,1,G,1,Y,Y,2,6,E,4,8,5,1,0,P,CHEV,Z06,CP,8,17,3162,,0,1057,,G,,F,8,427,,,18R275,,,,,,0,0,000000000,00000000000,0,0,0,1,0,0,0,0,0,0,0,138,0,1,5,0,0,6,2,1,0,0,0,1,27,56401,6,1,0,0,3,0,70,185,0,0,0,2,0,1,2010,5,2010,1,52,0,0,0,1,2,55,1,4,2,1,0,0,1,6,98,9,4,7,1,0
27,270227,1,2,2,23,9,20,9,12,6,1,0,55,1,72,706,72706,80,2010,1HD1PR823AB9,1,H,D,1,P,R,8,2,3,A,B,9,0,M,HD,SB5,RS,10,17,,,,,,,1803,,2,,4,924,,,,,,,0,0,000000000,00000000000,0,0,0,1,0,0,0,0,0,0,0,10,0,0,0,61,61,6,2,12,0,0,0,1,55,53406,6,1,0,0,3,0,70,200,0,0,0,0,1,9,2009,9,2009,0,48,0,0,0,2,2,60,4,1,2,1,0,0,11,15,1,1,1,72,1,0
27,270227,2,2,1,23,9,20,9,12,6,1,0,27,1,18,2,18002,4,2002,1G4HP54K2241,1,G,4,H,P,5,4,K,2,2,4,1,0,P,BUIC,LCF,4D,2,17,3567,,0,1122,,G,,F,6,231,,,15R215,,,,,,0,0,000000000,00000000000,0,0,0,1,0,0,0,0,0,0,0,60,0,0,0,12,12,4,3,12,0,0,0,1,27,56472,6,1,0,0,3,1,60,150,0,0,0,0,0,0,0,0,0,0,0,0,0,0,2,2,60,4,1,2,1,0,0,14,60,1,1,1,73,0,0
27,270228,1,1,1,24,9,19,12,34,0,1,0,27,1,72,706,72706,80,1991,1HD1DTL18MY5,1,H,D,1,D,T,L,1,8,M,Y,5,0,M,HD,UHS,RS,91,17,,,,,,,1340,,2,,4,999,,,,,,,0,0,000000000,00000000000,0,0,0,1,0,0,0,0,0,0,0,76,0,0,0,12,12,6,2,34,0,0,0,1,27,55012,6,1,0,0,3,0,75,185,0,0,0,0,0,0,0,0,0,1,33,0,0,0,1,2,50,4,1,2,1,40,3,14,12,99,9,4,6,1,1
27,270229,1,1,1,24,9,20,28,1,0,1,0,27,1,72,706,72706,80,2011,1HD1HHH17BC8,1,H,D,1,H,H,H,1,7,B,C,8,0,M,HD,VNS,RS,11,17,,,,,,,1250,,2,,4,643,,,,,,,0,0,000000000,00000000000,0,0,0,1,0,0,0,0,0,0,0,999,0,0,0,0,0,2,3,1,0,0,0,1,27,55488,6,1,0,0,3,0,72,175,1,0,0,1,0,2,2011,5,2011,0,23,0,0,0,2,2,50,1,1,2,1,3,3,2,8,9,2,1,98,1,1
27,270230,1,1,1,26,9,6,28,8,0,1,0,27,1,37,31,37031,2,1994,JHMEH6267RS0,J,H,M,E,H,6,2,6,7,R,S,0,0,P,HOND,DSI,CP,94,17,2351,,0,933,,G,,F,4,097,,,14R185,,,,,,0,0,000000000,00000000000,0,0,0,1,0,0,0,0,0,0,0,55,0,0,0,12,12,4,3,8,0,0,0,1,27,55033,6,1,6,0,3,0,66,180,0,0,0,0,0,0,0,0,0,0,0,0,0,0,1,2,55,1,1,2,1,0,0,1,80,1,1,1,13,0,0
27,270231,1,1,2,28,9,19,55,11,0,1,0,27,1,72,706,72706,80,1994,1HD1BLL13RY0,1,H,D,1,B,L,L,1,3,R,Y,0,0,M,HD,XST,RS,94,17,,,,,,,1340,,2,,4,625,,,,,,,0,0,000000000,00000000000,0,0,0,1,0,0,0,0,0,0,0,999,0,0,0,12,12,6,2,1,0,0,0,1,27,56379,6,1,0,0,3,0,70,190,1,0,0,0,0,3,2010,3,2010,0,0,0,0,0,1,2,55,3,1,2,1,0,0,14,87,9,1,1,13,1,1
27,270232,1,2,1,30,9,6,50,12,2,1,0,27,2,20,16,20016,2,1996,1G1JC1246TM1,1,G,1,J,C,1,2,4,6,T,M,1,0,P,CHEV,CAV,CP,96,17,2617,,0,1041,,G,,F,4,133,,,14R195,,,,,,0,0,000000000,00000000000,0,0,0,1,0,0,0,0,0,0,0,55,0,0,0,12,11,6,2,12,0,0,0,1,27,55303,2,1,0,0,2,0,64,150,0,6,0,0,0,10,2008,1,2011,0,28,0,0,0,1,2,55,1,1,2,1,0,0,1,10,1,1,2,50,1,0
27,270232,2,2,1,30,9,6,50,12,2,1,0,27,1,20,422,20422,15,2004,3GNFK16Z64G3,3,G,N,F,K,1,6,Z,6,4,G,3,0,P,CHEV,K15,UT,4,17,5219,,0,1300,,F,,F,8,325,,,16R265,,,,,,0,0,000000000,00000000000,0,0,0,1,0,0,0,0,0,0,0,55,0,0,0,12,12,6,2,12,0,0,1,1,27,56353,6,1,0,0,3,0,73,300,0,0,0,0,0,0,0,0,0,0,0,0,0,0,1,2,55,1,1,2,1,0,0,1,62,7,1,1,51,0,0
27,270233,1,2,1,30,9,8,38,12,6,1,0,27,1,12,17,12017,4,2002,1FAFP55U62G1,1,F,A,F,P,5,5,U,6,2,G,1,0,P,FORD,TSS,4D,2,17,3392,,0,1085,,G,,F,6,182,,,16R215,,,,,,0,0,000000000,00000000000,0,0,0,1,0,0,0,0,0,0,0,999,0,0,0,11,11,6,2,12,0,0,0,1,27,56567,6,1,0,0,3,1,60,130,0,0,0,0,0,0,0,0,0,0,38,0,0,0,1,2,98,8,8,2,1,20,3,4,17,1,1,1,89,1,0
27,270233,2,2,1,30,9,8,38,12,6,1,0,27,3,98,809,98809,63,2007,2FZWATDA67AX,2,F,Z,W,A,T,D,A,6,7,A,X,0,T,STRG,LT0,CC,7,17,,8,0,0,STE,D,,,6,537,,,,,00000,00,,,0,57,1103375,571103375,3,2,4,1,0,0,0,0,0,0,0,999,0,1,9,12,12,6,2,12,0,0,0,1,27,56464,6,1,6,0,3,0,71,250,0,0,0,0,0,0,0,0,0,0,0,0,0,0,2,2,65,1,1,2,1,0,0,1,66,4,1,1,88,0,0
27,270234,1,3,2,30,9,12,47,12,1,1,0,27,3,55,35,55035,4,2011,5NPDH4AE5BH0,5,N,P,D,H,4,A,E,5,B,H,0,0,P,HYUN,EGM,4D,11,17,2661,,0,0,,G,,F,4,110,,,000000,,,,,,0,0,000000000,00000000000,0,0,0,1,0,0,0,0,0,0,0,998,0,0,0,12,12,4,3,12,0,0,0,1,48,79601,6,1,0,0,3,0,999,999,0,0,0,0,0,0,0,0,0,0,0,0,0,0,1,2,45,1,2,2,1,0,0,1,52,1,1,1,28,0,0
27,270234,2,3,1,30,9,12,47,12,1,1,0,27,1,69,54,69054,3,2005,WMWRE33465TD,W,M,W,R,E,3,3,4,6,5,T,D,0,P,MNNI,COS,2H,5,17,2679,,0,971,,G,,Z,4,098,,,16R195,,,,,,0,0,000000000,00000000000,0,0,0,1,0,0,0,0,0,0,0,998,0,0,0,6,3,6,2,2,0,0,1,1,27,55127,6,1,0,0,3,0,64,145,0,0,0,0,0,0,0,0,0,0,0,0,0,0,1,2,45,1,2,2,1,0,0,2,53,1,1,1,29,1,0
27,270234,3,3,1,30,9,12,47,12,1,1,0,27,3,98,809,98809,66,2007,2FWJA3CK17AX,2,F,W,J,A,3,C,K,1,7,A,X,1,T,STRG,AT9,TR,7,17,,8,0,0,STE,D,,,6,858,,,,,00000,00,,64,1,57,741195,57741195,3,6,1,1,0,0,0,0,0,0,0,998,0,0,0,12,12,6,2,2,0,0,1,1,27,55330,6,1,6,0,3,0,70,175,0,0,0,0,0,0,0,0,0,0,0,0,0,0,1,2,45,1,2,2,1,40,3,1,62,4,1,1,98,0,0
27,270236,1,1,1,2,10,0,16,10,0,1,0,27,1,39,36,39036,4,2005,SAJWB52D65XE,S,A,J,W,B,5,2,D,6,5,X,E,0,P,JAGU,XT2,4D,5,17,3461,,0,1067,,G,,F,6,152,,,16R205,,,,,,0,0,000000000,00000000000,0,0,0,1,0,0,0,0,0,0,0,999,0,0,0,3,3,6,2,10,0,0,0,1,27,56511,6,1,0,0,3,0,74,240,0,0,0,1,0,2,2009,2,2009,0,39,0,0,0,1,2,55,1,1,4,1,65,3,1,91,1,1,1,15,1,1
27,270237,1,2,2,2,10,9,59,12,6,1,0,27,1,18,7,18007,4,2004,2G4WS52J0411,2,G,4,W,S,5,2,J,0,4,1,1,0,P,BUIC,CCU,4D,4,17,3342,,0,1090,,G,,F,6,189,,,15R205,,,,,,0,0,000000000,00000000000,0,0,0,1,0,0,0,0,0,0,0,998,0,0,0,9,9,6,2,12,0,0,0,1,27,55003,6,1,0,0,3,3,66,160,0,0,0,0,0,0,0,0,0,0,38,0,0,0,1,2,98,8,8,8,1,20,3,4,17,1,1,1,89,1,0
27,270237,2,2,1,2,10,9,59,12,6,1,0,27,1,18,7,18007,4,2003,2G4WS52JX311,2,G,4,W,S,5,2,J,X,3,1,1,0,P,BUIC,CCU,4D,3,17,3368,,0,1090,,G,,F,6,191,,,15R205,,,,,,0,0,000000000,00000000000,0,0,0,1,0,0,0,0,0,0,0,53,0,0,0,12,12,6,2,12,0,0,0,1,27,55003,6,1,0,0,3,3,65,125,0,0,0,0,0,0,0,0,0,0,0,0,0,0,1,2,55,1,1,2,1,0,0,1,66,4,1,1,88,0,0
27,270238,1,1,2,2,10,17,22,35,0,1,0,19,2,20,16,20016,4,2003,1G1JF52FX371,1,G,1,J,F,5,2,F,X,3,7,1,0,P,CHEV,CAS,4D,3,17,2676,,0,1041,,G,,F,4,134,,,15R195,,,,,,0,0,000000000,00000000000,0,0,0,1,0,0,0,0,0,0,0,999,0,0,0,12,12,6,2,35,0,0,0,1,27,55940,2,1,0,0,2,0,77,220,0,8,2,0,0,10,2008,2,2011,1,0,0,0,0,1,2,55,1,1,2,1,0,0,1,12,1,1,4,6,1,1
27,270239,1,2,1,3,10,8,43,12,6,1,0,27,1,7,472,7472,30,1992,1B7GG23Y9NS5,1,B,7,G,G,2,3,Y,9,N,S,5,0,T,DODG,DAK,PC,92,17,,1,0,1309,DAK,G,,,8,318,,,,B,3597,01,A,44,0,0,000000000,00000000000,0,0,0,1,0,0,0,0,0,0,0,998,0,0,0,12,12,4,1,12,0,0,0,1,27,56401,6,1,0,0,3,3,65,130,1,0,0,0,0,3,2011,3,2011,0,0,0,0,0,1,2,55,1,1,2,1,0,0,1,66,8,1,1,88,0,0
27,270239,2,2,1,3,10,8,43,12,6,1,0,27,3,6,441,6441,20,2001,2C4GP44341R2,2,C,4,G,P,4,4,3,4,1,R,2,0,T,CHRY,TLX,ES,1,17,,1,0,1193,TWC,F,,,6,201,,,,,3993,00,,42,0,0,000000000,00000000000,0,0,0,1,0,0,0,0,0,0,0,998,0,0,0,9,9,6,2,12,0,0,0,1,27,56401,6,1,0,0,3,3,65,185,0,0,0,0,0,0,0,0,0,0,38,0,0,0,1,2,98,1,8,4,1,20,3,4,17,1,1,1,89,1,0
27,270240,1,1,1,4,10,21,26,42,0,1,0,27,1,20,403,20403,14,2005,1GNDT13SX521,1,G,N,D,T,1,3,S,X,5,2,1,0,P,CHEV,TRL,UT,5,17,4612,,0,1130,,G,,F,6,256,,,16R245,,,,,,0,0,000000000,00000000000,0,0,0,1,0,0,0,0,0,0,0,55,0,0,0,11,3,6,2,42,0,0,0,1,27,55075,6,1,0,0,3,0,63,138,0,0,0,0,0,0,0,0,0,9,99,99,99,99,1,2,55,1,1,2,1,0,0,99,12,7,2,4,7,1,1
27,270241,1,1,1,5,10,16,9,35,0,1,0,27,2,20,2,20002,4,2003,2G1WH55K8392,2,G,1,W,H,5,5,K,8,3,9,2,0,P,CHEV,IPL,4D,3,17,3466,,0,1105,,G,,F,6,231,,,16R225,,,,,,0,0,000000000,00000000000,0,0,0,1,0,0,0,0,0,0,0,999,0,1,6,12,99,6,2,1,0,0,1,1,27,55329,6,1,0,0,3,0,60,175,0,0,0,2,0,6,2010,6,2010,1,0,0,0,0,1,2,55,1,1,2,1,0,0,1,6,7,4,4,7,1,0
27,270242,1,1,2,6,10,3,17,59,0,1,0,27,9,7,482,7482,31,2001,3B7KF23Z21G7,3,B,7,K,F,2,3,Z,2,1,G,7,0,T,DODG,Q25,4C,1,17,,2,1547,1387,RPC,G,,,8,360,,,,C,5586,01,U,44,0,0,000000000,00000000000,0,0,0,1,0,0,0,0,0,0,0,999,0,9,5,81,81,6,2,1,0,0,1,1,27,55389,6,1,0,0,3,0,999,999,99,99,99,99,99,99,9999,99,9999,1,99,99,99,99,1,2,55,4,2,2,1,0,0,14,13,8,1,4,1,2,0
27,270243,1,1,1,7,10,4,36,14,0,1,0,27,2,23,481,23481,31,1996,2GTEK19R0T15,2,G,T,E,K,1,9,R,0,T,1,5,0,T,GMC,SK1,PC,96,17,,2,1555,1415,SIE,G,,,8,350,,,,B,4444,01,M,44,0,0,000000000,00000000000,0,0,0,1,0,0,0,0,0,0,0,999,0,0,0,12,12,6,2,14,0,0,0,1,27,55721,6,1,0,0,3,3,68,150,0,0,0,0,0,0,0,0,0,0,0,0,0,0,1,2,30,2,2,2,1,40,3,14,10,1,1,4,11,1,0
27,270244,1,2,1,7,10,16,9,12,6,1,0,27,2,35,47,35047,4,2001,1N4DL01D91C2,1,N,4,D,L,0,1,D,9,1,C,2,0,P,NISS,AXE,4D,1,17,2754,,0,1031,,G,,F,4,146,,,15R195,,,,,,0,0,000000000,00000000000,0,0,0,1,0,0,0,0,0,0,0,20,0,0,0,11,11,6,2,12,0,0,0,1,27,56093,6,2,0,0,3,3,66,120,0,0,0,0,0,0,0,0,0,0,39,0,0,0,1,2,99,1,1,8,1,3,3,11,15,1,1,1,82,1,0
27,270244,2,2,1,7,10,16,9,12,6,1,0,27,3,86,881,86881,66,2007,1M1AK06Y77N0,1,M,1,A,K,0,6,Y,7,7,N,0,1,T,MACK,CXN,TR,7,17,,8,0,0,600,D,,,6,728,,,,,00000,00,,64,1,57,186529,57186529,3,6,4,1,0,0,0,0,0,0,0,30,0,0,0,12,12,4,3,12,0,0,0,1,27,55021,6,1,6,0,3,0,70,160,0,0,0,0,0,0,0,0,0,0,0,0,0,0,1,2,45,1,1,2,1,3,3,1,67,8,1,1,83,0,0
27,270245,1,1,2,8,10,2,38,1,0,1,0,27,1,20,481,20481,31,2002,1GCHK29U12E2,1,G,C,H,K,2,9,U,1,2,E,2,0,T,CHEV,2KH,4C,2,17,,2,1575,1435,SIL,G,,,8,364,,,,C,5630,00,,44,0,0,000000000,00000000000,0,0,0,1,0,0,0,0,0,0,0,998,0,2,5,0,0,6,2,1,0,0,0,1,27,55721,6,1,0,0,3,0,72,220,2,0,0,2,0,11,2008,12,2009,0,58,0,0,0,2,2,65,4,1,2,2,0,0,14,12,7,4,4,2,1,1