STATE,ST_CASE,VEH_NO,VE_FORMS,NUMOCCS,DAY,MONTH,HOUR,MINUTE,HARM_EV,MAN_COLL,UNITTYPE,HIT_RUN,REG_STAT,OWNER,MAKE,MODEL,MAK_MOD,BODY_TYP,MOD_YEAR,VIN,VIN_1,VIN_2,VIN_3,VIN_4,VIN_5,VIN_6,VIN_7,VIN_8,VIN_9,VIN_10,VIN_11,VIN_12,TOW_VEH,VINTYPE,VINMAKE,VINA_MOD,VIN_BT,VINMODYR,VIN_LNGT,VIN_WGT,WGTCD_TR,WHLBS_LG,WHLBS_SH,SER_TR,FUELCODE,MCYCL_DS,CARBUR,CYLINDER,DISPLACE,MCYCL_CY,MCYCL_WT,TIRE_SZE,TON_RAT,TRK_WT,TRKWTVAR,VIN_REST,WHLDRWHL,J_KNIFE,MCARR_I1,MCARR_I2,MCARR_ID,GVWR,V_CONFIG,CARGO_BT,HAZ_INV,HAZ_PLAC,HAZ_ID,HAZ_CNO,HAZ_REL,BUS_USE,SPEC_USE,EMER_USE,TRAV_SP,UNDERIDE,ROLLOVER,ROLINLOC,IMPACT1,IMPACT2,DEFORMED,TOWED,M_HARM,VEH_SC1,VEH_SC2,FIRE_EXP,DR_PRES,L_STATE,DR_ZIP,L_STATUS,L_TYPE,CDL_STAT,L_ENDORS,L_COMPL,L_RESTRI,DR_HGT,DR_WGT,PREV_ACC,PREV_SUS,PREV_DWI,PREV_SPD,PREV_OTH,FIRST_MO,FIRST_YR,LAST_MO,LAST_YR,SPEEDREL,DR_SF1,DR_SF2,DR_SF3,DR_SF4,VTRAFWAY,VNUM_LAN,VSPD_LIM,VALIGN,VPROFILE,VPAVETYP,VSURCOND,VTRAFCON,VTCONT_F,P_CRASH1,P_CRASH2,P_CRASH3,PCRASH4,PCRASH5,ACC_TYPE,DEATHS,DR_DRINK
27,270316,1,2,2,12,12,14,5,12,6,1,0,27,1,24,2,24002,2,1998,1G8ZH1270WZ2,1,G,8,Z,H,1,2,7,0,W,Z,2,0,P,STRN,SC2,CP,98,17,2410,,0,1024,,G,,F,4,116,,,15R195,,,,,,0,0,000000000,00000000000,0,0,0,1,0,0,0,0,0,0,0,70,0,0,0,3,3,6,2,12,0,0,0,1,27,55021,6,1,0,0,3,0,61,170,0,0,0,0,0,0,0,0,0,0,58,0,0,0,2,2,70,1,1,1,1,0,0,17,8,7,9,4,64,1,0
27,270316,2,2,1,12,12,14,5,12,6,1,0,27,1,37,402,37402,14,2011,5J6RE4H70BL0,5,J,6,R,E,4,H,7,0,B,L,0,0,P,HOND,CRV,UT,11,17,3554,,0,1031,,G,,F,4,146,,,17R225,,,,,,0,0,000000000,00000000000,0,0,0,1,0,0,0,0,0,0,0,70,0,0,0,12,12,6,2,12,0,0,0,1,27,55054,6,1,0,0,3,0,63,160,0,0,0,0,0,0,0,0,0,0,0,0,0,0,2,2,70,1,1,1,1,0,0,1,62,1,1,1,65,0,0
27,270317,1,1,1,13,12,5,9,42,0,1,0,27,1,12,471,12471,30,2004,1FTYR10D64PB,1,F,T,Y,R,1,0,D,6,4,P,B,0,T,FORD,RNG,PK,4,17,,1,1175,1116,RNG,G,,,4,140,,,,B,3085,00,U,42,0,0,000000000,00000000000,0,0,0,1,0,0,0,0,0,0,0,999,0,0,0,82,82,6,2,42,0,0,0,1,27,55353,6,1,0,0,3,0,65,250,0,0,0,0,0,0,0,0,0,0,87,0,0,0,1,2,55,4,1,2,4,0,0,14,5,99,9,4,7,1,0
27,270318,1,1,1,13,12,6,52,34,0,1,0,27,1,20,481,20481,40,1996,1GBHK34R1TZ2,1,G,B,H,K,3,4,R,1,T,Z,2,0,T,CHEV,GK3,CB,96,17,,2,0,1315,GM4,G,,,8,350,,,,D,5054,00,,44,0,0,000000000,00000000000,0,0,0,1,0,0,0,0,0,0,0,999,0,1,5,98,98,6,2,1,0,0,0,1,27,56282,6,1,6,0,3,0,70,170,0,0,0,0,0,0,0,0,0,1,87,0,0,0,1,2,55,1,5,2,4,28,3,1,6,7,3,4,2,1,0
27,270319,1,1,1,16,12,18,18,8,0,1,0,27,1,49,32,49032,4,1993,2T1AE09E6PC0,2,T,1,A,E,0,9,E,6,P,C,0,0,P,TOYT,LED,4D,93,17,2370,,0,957,,G,,F,4,108,,,14R185,,,,,,0,0,000000000,00000000000,0,0,0,1,0,0,0,0,0,0,0,25,0,0,0,11,11,2,3,8,0,0,0,1,27,55360,6,1,0,0,3,0,74,185,0,0,0,1,0,5,2010,5,2010,0,0,0,0,0,1,2,35,1,1,2,1,0,0,1,80,1,1,1,13,0,0
27,270320,1,2,1,16,12,20,21,12,6,1,0,27,1,20,481,20481,31,1999,1GCEK14T8XE1,1,G,C,E,K,1,4,T,8,X,E,1,0,T,CHEV,SK1,PK,99,17,,2,1330,1190,SIL,G,,,8,325,,,,B,4248,00,,44,0,0,000000000,00000000000,0,0,0,1,0,0,0,0,0,0,0,999,0,0,0,1,1,6,2,12,0,0,0,1,27,56222,6,1,0,0,3,0,67,260,0,0,0,0,0,0,0,0,0,0,39,0,0,0,1,2,98,1,1,2,1,20,3,1,17,1,1,1,88,0,1
27,270320,2,2,1,16,12,20,21,12,6,1,0,27,1,12,401,12401,14,2001,1FMZU73E11ZA,1,F,M,Z,U,7,3,E,1,1,Z,A,0,P,FORD,EPR,UT,1,17,4045,,0,1116,,G,,F,6,245,,,15R235,,,,,,0,0,000000000,00000000000,0,0,0,1,0,0,0,0,0,0,0,999,0,0,0,10,9,6,2,12,0,0,0,1,27,56265,6,1,0,0,3,0,64,120,0,0,0,0,0,0,0,0,0,0,0,0,0,0,1,2,55,1,1,2,1,0,0,1,66,1,1,1,89,1,0
27,270321,1,2,4,16,12,23,41,12,6,1,0,27,2,20,36,20036,2,1997,2G1WW12M1V91,2,G,1,W,W,1,2,M,1,V,9,1,0,P,CHEV,MLS,CP,97,17,3320,,0,1075,,G,,F,6,191,,,15R205,,,,,,0,0,000000000,00000000000,0,0,0,1,0,0,0,0,0,0,0,999,0,1,1,9,9,6,2,12,0,0,0,1,27,56055,6,1,0,0,3,0,70,150,0,0,0,2,0,6,2009,4,2010,1,28,0,0,0,1,2,55,3,2,2,4,0,0,14,6,7,3,2,64,1,0
27,270321,2,2,1,16,12,23,41,12,6,1,0,27,1,20,481,20481,31,1998,2GCEK19M9W11,2,G,C,E,K,1,9,M,9,W,1,1,0,T,CHEV,GK1,PC,98,17,,2,1555,1415,GM4,G,,,8,305,,,,B,00000,00,,44,0,0,000000000,00000000000,0,0,0,1,0,0,0,0,0,0,0,999,0,0,0,12,12,4,3,12,0,0,0,1,27,56037,6,1,0,0,3,0,61,110,0,0,0,0,0,0,0,0,0,0,0,0,0,0,1,2,55,2,2,2,4,0,0,14,62,4,1,1,65,0,0
27,270322,1,3,2,18,12,22,54,12,98,1,0,27,1,20,443,20443,20,2002,1GNDX03E02D2,1,G,N,D,X,0,3,E,0,2,D,2,0,T,CHEV,VTR,ES,2,17,,1,0,1200,VTR,G,,,6,207,,,,B,3838,00,,42,0,0,000000000,00000000000,0,0,0,1,0,0,0,0,0,0,0,998,0,0,0,12,12,4,1,8,0,0,0,1,27,55417,6,1,0,0,3,0,73,200,0,0,0,0,0,0,0,0,0,0,91,0,0,0,3,4,55,1,1,2,1,0,0,1,50,3,1,1,98,0,1
27,270322,2,3,0,18,12,22,54,12,98,1,0,27,6,20,2,20002,4,2001,2G1WH55K1192,2,G,1,W,H,5,5,K,1,1,9,2,0,P,CHEV,IPL,4D,1,17,3466,,0,1105,,G,,F,6,231,,,16R225,,,,,,0,0,000000000,00000000000,0,0,0,1,0,0,0,0,0,0,0,0,0,0,0,98,98,6,2,12,0,0,0,0,0,99997,7,6,97,7,6,7,998,997,998,998,998,998,998,98,9998,98,9998,8,0,0,0,0,3,4,55,1,1,2,1,0,0,0,53,0,0,0,98,0,0
27,270322,3,3,1,18,12,22,54,12,98,1,0,27,1,55,39,55039,4,2008,KMHFC46F88A2,K,M,H,F,C,4,6,F,8,8,A,2,0,P,HYUN,AZL,4D,8,17,3629,,0,1094,,G,,F,6,230,,,17R235,,,,,,0,0,000000000,00000000000,0,0,0,1,0,0,0,0,0,0,0,998,0,0,0,14,14,2,1,8,0,0,0,1,27,55427,6,1,0,0,3,0,68,180,0,0,0,0,0,0,0,0,0,0,0,0,0,0,3,4,55,1,1,2,1,0,0,1,80,1,1,1,98,0,0
27,270323,1,1,1,17,12,1,11,59,0,1,0,27,1,37,31,37031,2,1999,1HGEJ622XXL0,1,H,G,E,J,6,2,2,X,X,L,0,0,P,HOND,UCD,CP,99,17,2405,,0,1032,,G,,F,4,097,,,14R185,,,,,,0,0,000000000,00000000000,0,0,0,1,0,0,0,0,0,0,0,55,0,1,5,12,98,6,2,1,0,0,0,1,27,56208,6,1,0,0,3,0,64,145,0,0,0,0,0,0,0,0,0,0,0,0,0,0,1,2,55,2,3,2,1,28,3,14,12,1,1,4,6,1,1
27,270324,1,2,1,19,12,14,12,12,1,1,0,93,3,85,881,85881,66,1999,1XKWD69X1XR7,1,X,K,W,D,6,9,X,1,X,R,7,1,T,KW,W90,TR,99,17,,8,2850,1600,CON,D,,,6,855,,,,,00000,00,,64,1,57,760338,57760338,3,6,1,1,0,0,0,0,0,0,0,998,0,0,0,6,6,8,1,12,0,0,0,1,27,56345,6,1,6,0,3,1,68,260,0,0,0,0,0,0,0,0,0,0,31,0,0,0,2,2,70,1,2,2,1,0,0,8,10,1,1,6,25,0,0
27,270324,2,2,1,19,12,14,12,12,1,1,0,19,3,7,26,7026,4,2010,1B3CC5FD2AN2,1,B,3,C,C,5,F,D,2,A,N,2,0,P,DODG,ART,4D,10,17,3568,,0,1089,,G,,F,6,165,,,17R215,,,,,,0,0,000000000,00000000000,0,0,0,1,0,0,0,0,0,0,0,998,3,0,0,12,98,6,2,12,0,0,0,1,27,55927,6,1,6,0,3,1,69,200,0,0,0,0,0,0,0,0,0,0,0,0,0,0,2,2,70,1,2,2,1,0,0,1,64,1,1,1,24,1,0
27,270325,1,1,1,20,12,19,25,8,0,1,0,91,2,99,499,99499,29,9999,999999999999,9,9,9,9,9,9,9,9,9,9,9,9,0,,,,,,,,,,,,,,,,,,,,,,,,,0,0,000000000,00000000000,0,0,0,1,0,0,0,0,0,0,0,30,0,0,0,1,1,4,3,8,0,0,0,1,27,56633,6,1,0,0,3,0,70,314,1,0,0,0,0,1,2010,1,2010,0,0,0,0,0,1,2,55,1,1,2,1,0,0,1,80,1,1,1,13,0,0
27,270326,1,4,3,24,12,11,41,12,6,1,0,55,2,12,402,12402,14,2011,1FMCU9DG9BKA,1,F,M,C,U,9,D,G,9,B,K,A,0,P,FORD,SPE,UT,11,17,3504,,0,1031,,F,,F,6,183,,,16R235,,,,,,0,0,000000000,00000000000,0,0,0,1,0,0,0,0,0,0,0,60,0,0,0,12,12,6,2,12,0,0,1,1,46,57252,6,7,0,0,3,0,67,190,0,0,0,0,0,0,0,0,0,0,39,0,0,0,1,2,98,1,1,2,1,3,3,1,17,1,1,1,86,0,0
27,270326,2,4,2,24,12,11,41,12,6,1,0,27,1,12,481,12481,40,2011,1FT8W3B64BEA,1,F,T,8,W,3,B,6,4,B,E,A,0,T,FORD,F3S,CW,11,17,,3,1724,1562,SRW,F,,,8,378,,,,D,6593,00,7,44,0,0,000000000,00000000000,0,0,0,1,0,0,0,0,0,0,0,55,0,1,1,81,13,6,2,12,0,0,0,1,27,56277,6,1,6,0,3,3,72,220,0,0,0,0,0,0,0,0,0,0,0,0,0,0,1,2,60,1,1,2,1,3,3,1,66,1,1,1,87,0,0
27,270326,3,4,3,24,12,11,41,12,6,1,0,27,2,13,1,13001,4,2001,1LNHM81W61Y7,1,L,N,H,M,8,1,W,6,1,Y,7,0,P,LINC,EXC,4D,1,17,4057,,0,1177,,G,,F,8,281,,,16R225,,,,,,0,0,000000000,00000000000,0,0,0,1,0,0,0,0,0,0,0,999,0,0,0,12,13,6,2,12,0,0,0,1,27,56283,6,1,0,0,3,3,70,190,0,0,0,0,0,0,0,0,0,0,0,0,0,0,1,2,60,1,1,2,1,3,3,1,62,1,1,1,98,1,0
27,270326,4,4,3,24,12,11,41,12,6,1,0,27,2,30,47,30047,3,2004,3VWBK21C94M4,3,V,W,B,K,2,1,C,9,4,M,4,0,P,VOLK,NGL,2H,4,17,2734,,0,989,,G,,F,4,121,,,16R205,,,,,,0,0,000000000,00000000000,0,0,0,1,0,0,0,0,0,0,0,999,0,0,0,10,10,2,1,12,0,0,0,1,27,56277,6,1,0,0,3,0,70,240,0,0,0,0,0,0,0,0,0,0,0,0,0,0,1,2,60,1,1,2,1,3,3,1,62,9,1,1,98,0,0
27,270327,1,1,1,25,12,21,16,59,0,1,0,27,1,20,481,20481,31,1997,2GCEK19R4V11,2,G,C,E,K,1,9,R,4,V,1,1,0,T,CHEV,GK1,PC,97,17,,2,1555,1415,GM4,G,,,8,350,,,,B,4544,00,,44,0,0,000000000,00000000000,0,0,0,1,0,0,0,0,0,0,0,998,0,1,5,11,11,6,2,35,0,0,0,1,27,56733,6,1,6,0,3,0,74,345,0,0,0,0,0,0,0,0,0,0,0,0,0,0,1,2,30,2,1,2,1,0,0,14,12,1,1,4,6,1,1
27,270328,1,1,1,25,12,22,17,8,0,1,0,17,3,49,32,49032,4,2011,2T1BU4EE6BC6,2,T,1,B,U,4,E,E,6,B,C,6,0,P,TOYT,CBS,4D,11,17,2734,,0,1024,,G,,F,4,110,,,15R195,,,,,,0,0,000000000,00000000000,0,0,0,1,0,0,0,0,0,0,0,43,0,0,0,1,1,4,3,8,0,0,0,1,27,55449,6,1,0,0,3,0,68,140,0,0,0,0,0,0,0,0,0,0,0,0,0,0,2,2,40,1,1,1,1,0,0,1,80,8,1,2,13,0,0
27,270329,1,2,1,29,12,6,57,12,6,1,0,27,1,12,13,12013,4,2000,3FAFP13P5YR2,3,F,A,F,P,1,3,P,5,Y,R,2,0,P,FORD,ESC,4D,0,17,2468,,0,984,,G,,F,4,122,,,14R185,,,,,,0,0,000000000,00000000000,0,0,0,1,0,0,0,0,0,0,0,70,0,0,0,9,9,6,2,12,0,0,0,1,27,55720,6,1,0,0,3,0,60,115,0,0,0,0,0,0,0,0,0,1,0,0,0,0,2,2,70,1,3,1,4,0,0,1,6,9,3,4,66,1,0
27,270329,2,2,2,29,12,6,57,12,6,1,0,27,1,21,22,21022,4,2001,1G3GS64C8141,1,G,3,G,S,6,4,C,8,1,4,1,0,P,OLDS,AU4,4D,1,17,3803,,0,1122,,G,,F,8,244,,,17R235,,,,,,0,0,000000000,00000000000,0,0,0,1,0,0,0,0,0,0,0,65,0,0,0,12,12,6,2,12,0,0,0,1,27,55720,6,1,0,0,3,0,76,180,0,0,0,0,0,0,0,0,0,0,0,0,0,0,2,2,70,1,3,1,4,0,0,2,62,9,1,1,66,0,0
27,270330,1,1,1,29,12,21,46,1,0,1,0,27,2,20,421,20421,15,2002,1GNEK13Z12J1,1,G,N,E,K,1,3,Z,1,2,J,1,0,P,CHEV,KTA,UT,2,17,5050,,0,1160,,F,,F,8,325,,,16R265,,,,,,0,0,000000000,00000000000,0,0,0,1,0,0,0,0,0,0,0,55,0,2,6,0,0,6,2,1,0,0,0,1,27,56208,6,1,0,0,3,0,68,155,0,0,0,2,0,5,2009,12,2011,0,0,0,0,0,1,2,55,1,1,2,4,0,0,1,12,1,1,4,6,1,0
27,270331,1,1,2,29,12,23,14,42,0,1,0,27,1,18,5,18005,2,1996,1G4GD22K9T47,1,G,4,G,D,2,2,K,9,T,4,7,0,P,BUIC,RIV,CP,96,17,3690,,0,1138,,G,,F,6,231,,,16R225,,,,,,0,0,000000000,00000000000,0,0,0,1,0,0,0,0,0,0,0,999,0,0,0,3,3,6,2,42,0,0,0,1,27,56750,6,1,0,0,3,0,73,215,0,1,0,0,0,1,2009,1,2009,1,0,0,0,0,1,2,30,1,1,2,10,0,0,1,5,8,4,4,7,2,1
27,270332,1,2,1,29,12,14,3,12,6,1,0,27,1,23,471,23471,30,2002,1GKDT13S7223,1,G,K,D,T,1,3,S,7,2,2,3,0,T,GMC,ENV,4W,2,17,,1,0,1130,ENV,G,,,6,256,,,,B,4628,00,K,44,0,0,000000000,00000000000,0,0,0,1,0,0,0,0,0,0,0,30,0,0,0,12,12,4,3,12,0,0,0,1,27,55014,6,1,0,0,3,0,62,100,0,0,0,0,0,0,0,0,0,0,0,0,0,0,1,2,30,1,1,2,1,0,0,1,66,98,1,1,88,0,0
27,270332,2,2,1,29,12,14,3,12,6,1,0,27,2,20,22,20022,2,2008,1G1AK18FX872,1,G,1,A,K,1,8,F,X,8,7,2,0,P,CHEV,BLS,CP,8,17,2991,,0,1033,,G,,F,4,134,,,15R195,,,,,,0,0,000000000,00000000000,0,0,0,1,0,0,0,0,0,0,0,30,0,0,0,9,9,6,2,12,0,0,0,1,27,55126,6,1,0,0,3,1,65,118,0,0,0,0,0,0,0,0,0,0,39,0,0,0,1,2,30,1,1,2,1,20,3,3,17,98,1,1,89,1,0
27,270333,1,1,1,30,12,18,23,8,0,1,0,27,1,37,32,37032,4,2006,1HGCM55146A0,1,H,G,C,M,5,5,1,4,6,A,0,0,P,HOND,UVP,4D,6,17,3128,,0,1079,,G,,F,4,146,,,15R205,,,,,,0,0,000000000,00000000000,0,0,0,1,0,0,0,0,0,0,0,35,0,0,0,12,1,4,3,8,0,0,0,1,27,55407,6,1,0,0,3,0,70,175,0,0,0,0,0,0,0,0,0,0,0,0,0,0,4,3,35,1,1,2,1,0,0,1,80,1,1,1,13,0,0
27,270334,1,1,1,30,12,20,30,42,0,1,0,27,2,7,461,7461,21,1988,2B6HB23Y1JK1,2,B,6,H,B,2,3,Y,1,J,K,1,0,T,DODG,B25,YY,88,17,,2,1276,1090,RMV,G,,,8,318,,,,C,3506,03,A,42,0,0,000000000,00000000000,0,0,0,1,0,0,0,0,0,0,0,999,0,0,0,12,12,6,2,42,0,0,0,1,27,55733,4,1,0,0,2,0,76,220,1,2,1,0,0,9,2010,12,2011,9,99,99,99,99,1,2,55,1,1,4,4,0,0,1,12,1,1,4,6,1,1
27,270335,1,1,1,21,5,21,0,9,0,1,0,27,1,41,402,41402,14,2003,4F2CZ94163KM,4,F,2,C,Z,9,4,1,6,3,K,M,0,P,MAZD,TRI,UT,3,17,3455,,0,1031,,G,,F,6,181,,,000000,,,,,,0,0,000000000,00000000000,0,0,0,1,0,0,0,0,0,0,0,998,0,0,0,12,12,4,3,9,0,0,0,1,27,55127,6,1,0,0,3,9,70,175,0,0,0,0,0,0,0,0,0,0,99,99,99,99,1,2,40,1,1,2,2,0,0,1,83,6,1,1,13,0,0
27,270336,1,1,1,3,7,19,23,1,0,1,0,0,0,37,733,37733,90,1985,999999999999,9,9,9,9,9,9,9,9,9,9,9,9,0,,,,,,,,,,,,,,,,,,,,,,,,,0,0,000000000,00000000000,0,0,0,1,0,0,0,0,0,0,0,999,0,9,5,0,0,9,9,1,0,0,0,1,27,55072,3,7,0,0,2,0,68,215,0,2,1,0,1,7,2008,8,2009,9,99,99,99,99,1,2,98,2,8,4,98,97,8,14,12,99,1,4,6,1,1
27,270337,1,1,1,25,8,8,34,1,0,1,0,27,1,76,705,76705,80,2007,JYAVM01E57A1,J,Y,A,V,M,0,1,E,5,7,A,1,0,M,YAMA,VS6,RS,7,17,,,,,,,649,,2,,4,474,,,,,,,0,0,000000000,00000000000,0,0,0,1,0,0,0,0,0,0,0,30,0,0,0,0,61,2,1,1,0,0,0,1,27,55123,6,1,6,0,3,1,73,200,0,0,0,0,0,0,0,0,0,0,52,0,0,0,3,2,55,1,6,1,1,0,0,1,51,3,2,1,98,1,0
27,270338,1,1,1,27,9,8,45,42,0,1,0,27,1,18,2,18002,2,1990,1G4HR14C2LH5,1,G,4,H,R,1,4,C,2,L,H,5,0,P,BUIC,LLF,CP,90,17,3188,,0,1108,,G,,F,6,231,,,14R205,,,,,,0,0,000000000,00000000000,0,0,0,1,0,0,0,0,0,0,0,998,0,0,0,12,12,6,2,42,0,0,0,1,27,55734,6,1,0,0,3,8,63,237,0,0,0,0,0,0,0,0,0,0,0,0,0,0,1,2,55,1,2,2,1,0,0,1,12,1,1,4,6,1,1
27,270339,1,1,1,4,10,6,45,1,0,1,0,27,1,20,481,20481,31,2004,1GCEK19T84E3,1,G,C,E,K,1,9,T,8,4,E,3,0,T,CHEV,SK1,4C,4,17,,2,1575,1435,SIL,G,,,8,325,,,,B,4925,00,,44,0,0,000000000,00000000000,0,0,0,1,0,0,0,0,0,0,0,66,0,2,1,0,0,6,2,1,0,0,0,1,27,56763,6,1,0,0,3,8,72,215,0,0,0,0,0,0,0,0,0,1,58,0,0,0,1,2,55,1,1,2,1,0,0,1,13,8,1,6,98,1,1
27,270340,1,1,1,11,10,7,13,59,0,1,0,27,1,6,441,6441,20,2001,2C8GP54L01R3,2,C,8,G,P,5,4,L,0,1,R,3,0,T,CHRY,LXI,ES,1,17,,1,0,1193,TWC,G,,,6,230,,,,,4183,00,,42,0,0,000000000,00000000000,0,0,0,1,0,0,0,0,0,0,0,998,0,0,0,12,12,6,2,42,0,0,0,1,27,55709,6,1,0,0,3,0,66,260,1,0,0,0,0,9,2010,9,2010,0,99,99,99,99,1,2,55,3,1,2,1,0,0,14,13,1,1,4,1,1,0
27,270341,1,1,1,21,10,11,51,5,0,1,0,0,0,99,739,99739,90,9999,999999999999,9,9,9,9,9,9,9,9,9,9,9,9,0,,,,,,,,,,,,,,,,,,,,,,,,,0,0,000000000,00000000000,0,0,0,1,0,0,0,0,0,0,0,998,0,0,0,0,0,8,1,5,0,0,0,1,27,56474,6,1,0,0,2,2,70,150,0,1,0,0,0,1,2009,1,2009,9,74,0,0,0,1,2,99,1,2,2,98,97,8,99,98,99,3,3,0,1,1
27,270342,1,1,2,7,11,5,51,1,0,1,0,0,0,98,739,98739,90,9999,999999999999,9,9,9,9,9,9,9,9,9,9,9,9,0,,,,,,,,,,,,,,,,,,,,,,,,,0,0,000000000,00000000000,0,0,0,1,0,0,0,0,0,0,0,998,0,1,5,0,0,8,8,1,0,0,0,1,55,54913,6,1,0,0,3,0,71,205,0,0,0,0,0,0,0,0,0,9,99,99,99,99,1,2,98,1,8,4,98,97,8,1,13,1,1,4,1,1,0
27,270343,1,1,0,14,11,13,18,8,0,1,0,0,0,99,998,99998,92,9999,000000000000,0,0,0,0,0,0,0,0,0,0,0,0,0,,,,,,,,,,,,,,,,,,,,,,,,,0,0,000000000,00000000000,0,0,0,1,0,0,0,0,0,0,0,998,0,0,0,98,98,8,8,8,0,0,0,0,0,99997,7,6,97,7,6,7,998,997,998,998,998,998,998,98,9998,98,9998,8,0,0,0,0,1,2,98,1,8,4,98,97,8,0,82,0,0,0,15,0,0
27,270344,1,2,1,21,12,18,10,8,0,1,0,93,3,87,881,87881,66,2007,1XP5DU9X17N8,1,X,P,5,D,U,9,X,1,7,N,8,1,T,PTRB,379,TR,7,17,,8,0,0,CON,D,,,6,763,,,,,00000,00,,64,1,57,1988671,571988671,3,6,2,1,0,0,0,0,0,0,0,70,0,0,0,1,1,2,1,8,0,0,0,1,27,55043,6,1,6,3,3,0,68,175,1,0,0,1,0,1,2010,11,2010,0,0,0,0,0,2,2,70,1,1,1,1,0,0,1,80,6,1,1,13,0,0
27,270344,2,2,2,21,12,18,10,8,0,1,0,27,2,7,472,7472,30,2002,1B7HG48N02S6,1,B,7,H,G,4,8,N,0,2,S,6,0,T,DODG,DQS,CW,2,17,,2,0,1309,DAK,G,,,8,287,,,,B,4351,00,E,44,0,0,000000000,00000000000,0,0,0,1,0,0,0,0,0,0,0,70,0,0,0,14,14,0,1,8,0,0,0,1,27,55038,6,1,0,0,3,0,73,195,2,0,0,2,0,6,2009,12,2011,0,0,0,0,0,2,2,70,1,1,1,1,0,0,1,80,6,1,1,98,0,0
27,270345,1,3,1,29,12,12,51,12,6,1,1,27,1,20,421,20421,15,2004,1GNEC13T94J2,1,G,N,E,C,1,3,T,9,4,J,2,0,P,CHEV,CTA,UT,4,17,4828,,0,1160,,G,,F,8,325,,,16R265,,,,,,0,0,000000000,00000000000,0,0,0,1,0,0,0,0,0,0,0,43,0,0,0,12,12,6,2,12,0,0,1,1,27,55987,6,1,0,0,3,0,74,225,0,1,0,0,0,2,2010,2,2010,1,39,0,0,0,1,2,98,1,1,2,1,3,3,1,17,1,1,1,88,0,1
27,270345,2,3,2,29,12,12,51,12,6,1,0,27,3,20,2,20002,4,2011,2G1WF5EK9B12,2,G,1,W,F,5,E,K,9,B,1,2,0,P,CHEV,IPL,4D,11,17,3555,,0,1105,,F,,F,6,214,,,16R225,,,,,,0,0,000000000,00000000000,0,0,0,1,0,0,0,0,0,0,0,40,0,0,0,11,12,6,2,12,0,0,1,1,27,55904,6,1,0,0,3,3,64,110,0,0,0,0,0,0,0,0,0,0,0,0,0,0,2,2,45,1,1,2,1,3,3,1,66,1,1,1,89,1,0
27,270345,3,3,1,29,12,12,51,12,6,1,0,27,3,20,461,20461,21,2002,1GCFG25M3212,1,G,C,F,G,2,5,M,3,2,1,2,0,T,CHEV,E25,CG,2,17,,2,0,1350,EXP,G,,,8,305,,,,C,4711,00,,42,0,0,000000000,00000000000,0,0,0,1,0,0,0,0,0,0,0,0,0,0,0,11,11,2,1,12,0,0,0,1,55,54629,6,1,6,0,3,0,68,170,0,0,0,0,0,0,0,0,0,0,0,0,0,0,1,2,98,1,1,2,1,3,3,5,66,1,1,1,98,0,0
28,280001,1,1,2,1,1,4,11,33,0,1,0,28,1,20,2,20002,4,2005,2G1WF52E5593,2,G,1,W,F,5,2,E,5,5,9,3,0,P,CHEV,IMP,4D,5,17,3389,,0,1105,,G,,F,6,207,,,16R225,,,,,,0,0,000000000,00000000000,0,0,0,1,0,0,0,0,0,0,0,90,0,1,9,11,13,6,2,1,0,0,0,1,28,39520,6,1,0,0,3,0,69,110,0,0,0,1,0,11,2009,11,2009,1,0,0,0,0,2,2,45,1,1,2,1,0,0,1,12,1,1,4,6,1,1
28,280002,1,1,1,2,1,13,48,1,0,1,0,28,1,49,401,49401,14,1999,JT3GM84R6X00,J,T,3,G,M,8,4,R,6,X,0,0,0,P,TOYT,RUN,UT,99,17,3485,,0,1053,,G,,F,4,164,,,15R225,,,,,,0,0,000000000,00000000000,0,0,0,1,0,0,0,0,0,0,0,999,0,1,9,0,13,6,2,1,0,0,0,1,28,38720,6,1,0,0,3,1,66,186,0,0,0,0,0,0,0,0,0,0,58,0,0,0,2,2,65,1,1,2,1,0,0,1,13,1,1,4,1,1,0
28,280003,1,1,1,2,1,16,45,1,0,1,0,28,1,12,481,12481,31,1997,1FTCR14A2VTA,1,F,T,C,R,1,4,A,2,V,T,A,0,T,FORD,RNS,PC,97,17,,1,0,1250,RNG,G,,,4,140,,,,B,3300,04,E,42,0,0,000000000,00000000000,0,0,0,1,0,0,0,0,0,0,0,999,0,1,9,0,98,6,2,1,0,0,0,1,28,38966,6,1,0,0,3,0,70,150,0,0,0,2,0,12,2008,6,2009,1,0,0,0,0,1,2,0,4,1,2,1,0,0,14,13,1,1,4,1,1,0
28,280004,1,3,1,3,1,13,43,12,6,1,0,28,3,12,461,12461,21,2009,1FTNE24W59DA,1,F,T,N,E,2,4,W,5,9,D,A,0,T,FORD,25V,CG,9,17,,2,0,1380,VAN,G,,,8,281,,,,B,5195,00,E,42,0,0,000000000,00000000000,0,0,0,1,0,0,0,0,0,0,0,999,0,0,0,12,61,6,2,12,0,0,0,1,28,38901,6,1,0,0,3,0,70,185,0,0,0,1,0,3,2009,3,2009,0,0,0,0,0,1,2,55,1,1,2,1,0,0,1,11,11,1,2,64,0,0