STATE,ST_CASE,VEH_NO,VE_FORMS,NUMOCCS,DAY,MONTH,HOUR,MINUTE,HARM_EV,MAN_COLL,UNITTYPE,HIT_RUN,REG_STAT,OWNER,MAKE,MODEL,MAK_MOD,BODY_TYP,MOD_YEAR,VIN,VIN_1,VIN_2,VIN_3,VIN_4,VIN_5,VIN_6,VIN_7,VIN_8,VIN_9,VIN_10,VIN_11,VIN_12,TOW_VEH,VINTYPE,VINMAKE,VINA_MOD,VIN_BT,VINMODYR,VIN_LNGT,VIN_WGT,WGTCD_TR,WHLBS_LG,WHLBS_SH,SER_TR,FUELCODE,MCYCL_DS,CARBUR,CYLINDER,DISPLACE,MCYCL_CY,MCYCL_WT,TIRE_SZE,TON_RAT,TRK_WT,TRKWTVAR,VIN_REST,WHLDRWHL,J_KNIFE,MCARR_I1,MCARR_I2,MCARR_ID,GVWR,V_CONFIG,CARGO_BT,HAZ_INV,HAZ_PLAC,HAZ_ID,HAZ_CNO,HAZ_REL,BUS_USE,SPEC_USE,EMER_USE,TRAV_SP,UNDERIDE,ROLLOVER,ROLINLOC,IMPACT1,IMPACT2,DEFORMED,TOWED,M_HARM,VEH_SC1,VEH_SC2,FIRE_EXP,DR_PRES,L_STATE,DR_ZIP,L_STATUS,L_TYPE,CDL_STAT,L_ENDORS,L_COMPL,L_RESTRI,DR_HGT,DR_WGT,PREV_ACC,PREV_SUS,PREV_DWI,PREV_SPD,PREV_OTH,FIRST_MO,FIRST_YR,LAST_MO,LAST_YR,SPEEDREL,DR_SF1,DR_SF2,DR_SF3,DR_SF4,VTRAFWAY,VNUM_LAN,VSPD_LIM,VALIGN,VPROFILE,VPAVETYP,VSURCOND,VTRAFCON,VTCONT_F,P_CRASH1,P_CRASH2,P_CRASH3,PCRASH4,PCRASH5,ACC_TYPE,DEATHS,DR_DRINK
28,280067,7,7,3,15,2,11,42,12,98,1,0,28,1,12,481,12481,31,2011,1FT8W3BT7BEA,1,F,T,8,W,3,B,T,7,B,E,A,0,T,FORD,F3S,CW,11,17,,3,1724,1562,SRW,D,,,8,409,,,,D,6593,00,7,44,0,0,000000000,00000000000,0,0,0,1,0,0,0,0,0,0,0,998,0,0,0,12,12,6,2,12,0,0,0,1,28,39437,6,1,0,0,3,0,69,200,0,0,0,0,0,0,0,0,0,0,0,0,0,0,2,2,70,1,1,2,1,0,0,2,11,1,1,2,98,0,0
28,280068,1,2,2,15,2,12,47,12,2,1,0,28,2,22,20,22020,4,2006,2G2WR5544612,2,G,2,W,R,5,5,4,4,6,1,2,0,P,PONT,GPG,4D,6,17,3484,,0,1105,,G,,Z,6,232,,,17R225,,,,,,0,0,000000000,00000000000,0,0,0,1,0,0,0,0,0,0,0,55,0,0,0,12,12,6,2,12,0,0,0,1,28,39574,6,1,0,0,3,0,63,100,0,0,0,0,0,0,0,0,0,0,0,0,0,0,1,2,55,1,1,2,1,0,0,1,62,1,1,2,50,0,0
28,280068,2,2,1,15,2,12,47,12,2,1,0,28,1,20,16,20016,2,1993,1G1JF14T9P73,1,G,1,J,F,1,4,T,9,P,7,3,0,P,CHEV,CZ2,CP,93,17,2695,,0,1013,,G,,F,6,191,,,15R205,,,,,,0,0,000000000,00000000000,0,0,0,1,0,0,0,0,0,0,0,998,0,0,0,12,12,6,2,12,0,0,0,1,28,39574,6,1,6,0,3,0,75,185,0,0,0,0,0,0,0,0,0,0,51,0,0,0,1,2,55,1,1,2,1,0,0,1,10,1,1,2,51,1,0
28,280069,1,2,2,18,2,7,39,12,2,1,0,28,1,35,481,35481,31,2008,1N6BA07D18N3,1,N,6,B,A,0,7,D,1,8,N,3,0,T,NISS,TXS,CW,8,17,,2,0,1398,TTN,F,,,8,342,,,,B,4908,00,4,42,0,0,000000000,00000000000,0,0,0,1,0,0,0,0,0,0,0,40,0,0,0,12,12,6,2,12,0,0,0,1,28,39520,6,1,6,0,3,0,73,280,0,0,0,2,0,5,2008,4,2010,1,51,0,0,0,2,3,45,1,1,2,2,0,0,1,62,1,1,2,50,0,0
28,280069,2,2,1,18,2,7,39,12,2,1,0,28,2,14,6,14006,4,1994,2MELM74W6RX6,2,M,E,L,M,7,4,W,6,R,X,6,0,P,MERC,GMG,4D,94,17,3787,,0,1144,,G,,F,8,281,,,15R215,,,,,,0,0,000000000,00000000000,0,0,0,1,0,0,0,0,0,0,0,20,0,0,0,12,12,6,2,12,0,0,0,1,28,39520,6,1,0,0,3,1,66,190,0,0,0,0,1,2,2010,2,2010,0,51,0,0,0,2,3,45,1,1,2,2,0,0,1,10,1,1,2,51,1,0
28,280070,1,1,1,18,2,20,56,42,0,1,0,28,2,20,9,20009,2,1995,2G1FP22S1S21,2,G,1,F,P,2,2,S,1,S,2,1,0,P,CHEV,CAM,CP,95,17,3251,,0,1011,,G,,F,6,207,,,16R215,,,,,,0,0,000000000,00000000000,0,0,0,1,0,0,0,0,0,0,0,70,0,0,0,98,98,6,2,42,0,0,0,1,28,39653,6,1,0,0,3,0,69,170,0,0,0,0,0,0,0,0,0,0,0,0,0,0,2,2,70,1,1,2,1,0,0,1,13,1,1,4,1,1,1
28,280071,1,1,1,19,2,4,53,8,0,1,0,28,1,2,403,2403,14,2009,1J8GA69139L7,1,J,8,G,A,6,9,1,3,9,L,7,0,T,JEEP,WUR,4W,9,17,,1,0,1160,WUL,G,,,6,230,,,,,4315,00,3,44,0,0,000000000,00000000000,0,0,0,1,0,0,0,0,0,0,0,999,0,0,0,98,98,2,1,8,0,0,0,1,28,39157,6,1,0,0,3,0,71,206,0,0,0,0,0,0,0,0,0,0,0,0,0,0,2,2,45,1,1,2,1,0,0,1,80,1,1,2,13,0,0
28,280072,1,1,3,19,2,23,43,38,0,1,0,28,1,37,32,37032,4,2004,1HGCM66554A0,1,H,G,C,M,6,6,5,5,4,A,0,0,P,HOND,UEX,4D,4,17,3384,,0,1079,,G,,F,6,183,,,000000,,,,,,0,0,000000000,00000000000,0,0,0,1,0,0,0,0,0,0,0,40,0,0,0,98,98,6,2,42,0,0,0,1,28,38654,6,1,0,0,3,0,70,180,0,0,0,0,0,0,0,0,0,0,0,0,0,0,1,2,30,1,1,2,1,0,0,1,12,1,1,4,1,1,1
28,280073,1,1,4,20,2,4,36,31,0,1,0,28,0,7,422,7422,15,2004,1D4HB48D04F1,1,D,4,H,B,4,8,D,0,4,F,1,0,P,DODG,DUR,UT,4,17,4958,,0,1192,,G,,F,8,345,,,17R245,,,,,,0,0,000000000,00000000000,0,0,0,1,0,0,0,0,0,0,0,998,0,1,9,12,98,6,2,1,0,0,0,1,28,39180,6,1,0,0,3,0,74,182,0,0,0,1,0,9,2010,9,2010,0,28,0,0,0,2,2,45,1,1,2,1,0,0,1,13,1,1,4,1,1,1
28,280074,1,1,1,20,2,5,57,23,0,1,0,28,1,37,31,37031,4,2008,1HGFA16808L0,1,H,G,F,A,1,6,8,0,8,L,0,0,P,HOND,UAX,4D,8,17,2806,,0,1063,,G,,F,4,110,,,16R205,,,,,,0,0,000000000,00000000000,0,0,0,1,0,0,0,0,0,0,0,999,0,0,0,12,82,6,2,23,0,0,0,1,28,39191,6,1,0,0,3,0,62,115,0,0,0,0,0,0,0,0,0,0,0,0,0,0,2,2,70,1,2,2,1,0,0,1,13,1,1,4,1,1,0
28,280075,1,1,1,20,2,11,3,42,0,1,0,22,1,7,472,7472,30,2004,1D7HA18N74S6,1,D,7,H,A,1,8,N,7,4,S,6,0,T,DODG,SQ1,CW,4,17,,2,1605,1405,RPC,G,,,8,287,,,,B,4820,01,E,42,0,0,000000000,00000000000,0,0,0,1,0,0,0,0,0,0,0,70,0,0,0,98,98,6,2,42,0,0,0,1,22,70301,6,1,0,0,3,0,70,185,0,0,0,0,0,0,0,0,0,0,28,0,0,0,2,2,70,1,1,2,1,0,0,1,12,1,1,4,1,1,0
28,280076,1,1,1,20,2,12,53,34,0,1,0,0,0,37,739,37739,90,1985,000000000000,0,0,0,0,0,0,0,0,0,0,0,0,0,,,,,,,,,,,,,,,,,,,,,,,,,0,0,000000000,00000000000,0,0,0,1,0,0,0,0,0,0,0,999,0,0,0,98,98,6,2,30,0,0,0,1,28,39562,0,0,0,0,0,0,999,999,99,99,99,99,99,99,9999,99,9999,0,28,0,0,0,1,2,40,1,1,2,1,0,0,1,13,1,1,4,1,1,0
28,280077,1,2,1,21,2,14,48,12,6,1,0,28,1,12,16,12016,4,2001,2FAFP74W21X1,2,F,A,F,P,7,4,W,2,1,X,1,0,P,FORD,CVL,4D,1,17,3940,,0,1147,,G,,F,8,281,,,16R225,,,,,,0,0,000000000,00000000000,0,0,0,1,0,0,0,0,0,0,0,63,0,0,0,12,12,6,2,12,0,0,0,1,28,38829,6,1,0,0,3,0,60,100,0,0,0,0,0,0,0,0,0,0,0,0,0,0,2,2,65,1,1,2,1,0,0,1,17,1,1,1,86,0,0
28,280077,2,2,3,21,2,14,48,12,6,1,0,28,1,21,20,21020,4,1995,1G3WH52M3SD3,1,G,3,W,H,5,2,M,3,S,D,3,0,P,OLDS,SUL,4D,95,17,3354,,0,1075,,G,,F,6,191,,,15R205,,,,,,0,0,000000000,00000000000,0,0,0,1,0,0,0,0,0,0,0,999,0,0,0,3,98,6,2,12,0,0,0,1,28,38829,6,1,0,0,3,0,62,160,0,0,0,0,0,0,0,0,0,0,38,39,0,0,2,2,65,1,1,2,1,20,3,1,17,1,1,2,87,1,0
28,280078,1,2,2,21,2,17,39,12,7,1,0,28,1,49,40,49040,4,1992,4T1SK12E9NU0,4,T,1,S,K,1,2,E,9,N,U,0,0,P,TOYT,CLE,4D,92,17,3053,,0,1031,,G,,F,4,132,,,000000,,,,,,0,0,000000000,00000000000,0,0,0,1,0,0,0,0,0,0,0,70,0,0,0,1,1,6,2,12,0,0,0,1,28,39567,6,1,0,0,3,0,66,197,0,0,0,4,0,11,2008,6,2010,0,0,0,0,0,2,2,70,1,1,2,1,0,0,1,11,1,1,2,44,0,0
28,280078,2,2,2,21,2,17,39,12,7,1,0,28,1,20,481,20481,31,1989,1GCBS14E8K22,1,G,C,B,S,1,4,E,8,K,2,2,0,T,CHEV,S14,PK,89,17,,1,1179,1083,S,G,,,4,151,,,,B,2612,01,,42,0,0,000000000,00000000000,0,0,0,1,0,0,0,0,0,0,0,999,0,0,0,9,9,6,2,12,0,0,0,1,1,36460,6,1,0,0,3,0,70,185,0,0,0,0,0,0,0,0,0,0,27,0,0,0,2,2,70,1,1,2,1,0,0,1,11,1,1,2,45,1,0
28,280079,1,1,1,22,2,6,51,8,0,1,0,28,3,84,982,84982,50,2003,4DRBRABP23B9,4,D,R,B,R,A,B,P,2,3,B,9,0,T,INTL,,BU,3,17,,7,,,,D,,,8,444,,,,,,,,42,0,56,303,56303,2,21,22,1,0,0,0,0,1,0,0,10,0,0,0,4,4,0,1,8,0,0,0,1,28,39503,6,1,6,0,3,0,62,114,0,0,0,0,0,0,0,0,0,0,0,0,0,0,1,2,15,1,1,2,1,0,0,1,80,1,1,1,13,0,0
28,280080,1,1,2,22,2,6,58,35,0,1,0,28,2,12,481,12481,31,1997,1FTCR10A4VUB,1,F,T,C,R,1,0,A,4,V,U,B,0,T,FORD,RNG,PK,97,17,,1,1140,1080,RNG,G,,,4,140,,,,B,2970,01,E,42,0,0,000000000,00000000000,0,0,0,1,0,0,0,0,0,0,0,999,0,1,9,12,98,6,2,1,0,0,0,1,28,39180,6,1,0,0,3,0,71,126,0,1,1,0,1,9,2009,3,2010,0,0,0,0,0,1,2,30,4,1,2,1,0,0,14,13,1,1,4,1,1,0
28,280081,1,1,1,22,2,23,14,18,0,1,0,28,2,62,424,62424,15,2011,SALAG2D44BA5,S,A,L,A,G,2,D,4,4,B,A,5,0,T,LNDR,4HS,4W,11,17,,2,0,1134,LR4,G,,,8,302,,,,,5703,00,7,44,0,0,000000000,00000000000,0,0,0,1,0,0,0,0,0,0,0,999,0,0,0,12,12,6,2,18,0,0,0,1,28,39216,6,1,0,0,3,0,73,210,0,0,0,0,0,0,0,0,0,0,84,0,0,0,1,2,35,1,1,2,1,0,0,1,11,1,1,1,12,1,1
28,280082,1,1,1,23,2,6,26,35,0,1,0,28,1,12,402,12402,14,2003,1FMYU03143KA,1,F,M,Y,U,0,3,1,4,3,K,A,0,P,FORD,SPE,UT,3,17,3252,,0,1031,,G,,F,6,181,,,15R225,,,,,,0,0,000000000,00000000000,0,0,0,1,0,0,0,0,0,0,0,999,0,1,9,12,13,6,2,1,0,0,0,1,28,38863,6,1,0,0,3,1,65,118,0,0,0,0,0,0,0,0,0,0,58,0,0,0,1,2,55,1,2,2,1,0,0,1,12,1,1,4,1,1,0
28,280083,1,1,3,26,2,20,16,8,0,1,0,28,1,7,24,7024,4,2007,2B3KA53H77H8,2,B,3,K,A,5,3,H,7,7,H,8,0,P,DODG,CHR,4D,7,17,3976,,0,1200,,G,,F,8,348,,,18R225,,,,,,0,0,000000000,00000000000,0,0,0,1,0,0,0,0,0,0,0,65,0,0,0,1,1,2,1,8,0,0,0,1,28,39503,6,1,0,0,3,0,68,132,0,0,0,4,0,9,2008,10,2010,0,0,0,0,0,2,2,50,1,1,2,1,0,0,1,80,1,1,1,13,0,0
28,280084,1,1,1,26,2,18,10,42,0,1,0,28,1,18,4,18004,4,1996,1G4BN52PXTR4,1,G,4,B,N,5,2,P,X,T,R,4,0,P,BUIC,RDM,4D,96,17,4211,,0,1159,,G,,F,8,350,,,15R235,,,,,,0,0,000000000,00000000000,0,0,0,1,0,0,0,0,0,0,0,999,0,0,0,12,12,6,2,42,0,0,0,1,28,39573,6,1,0,0,3,0,70,160,0,0,0,0,0,0,0,0,0,0,0,0,0,0,1,2,45,1,2,2,1,0,0,1,13,1,1,4,1,1,0
28,280085,1,1,1,27,2,18,3,8,0,1,0,22,3,87,884,87884,66,2007,1XP5DB9X67N6,1,X,P,5,D,B,9,X,6,7,N,6,1,T,PTRB,379,TR,7,17,,8,0,0,CON,D,,,6,893,,,,,00000,00,,64,1,56,1037570,561037570,3,6,1,1,0,0,0,0,0,0,0,60,0,0,0,3,3,0,1,8,0,0,0,1,22,70548,6,1,6,0,3,0,70,190,0,0,0,0,0,0,0,0,0,0,0,0,0,0,2,2,70,1,2,2,1,0,0,1,81,1,1,1,13,0,0
28,280086,1,1,1,1,3,6,37,42,0,1,0,28,1,59,31,59031,4,1995,JT8GK13T7S01,J,T,8,G,K,1,3,T,7,S,0,1,0,P,LEXS,ES3,4D,95,17,3374,,0,1031,,G,,F,6,183,,,15R205,,,,,,0,0,000000000,00000000000,0,0,0,1,0,0,0,0,0,0,0,999,0,0,0,12,98,6,2,42,0,0,0,1,28,38606,6,1,0,0,3,0,71,150,0,0,0,1,0,10,2010,10,2010,1,0,0,0,0,1,2,30,1,1,2,1,0,0,1,12,1,1,4,1,1,0
28,280087,1,1,1,2,3,5,13,1,0,1,0,28,2,23,481,23481,31,2006,2GTEC13V5612,2,G,T,E,C,1,3,V,5,6,1,2,0,T,GMC,NC1,CW,6,17,,2,0,1435,SIE,G,,,8,293,,,,B,4987,00,4,42,0,0,000000000,00000000000,0,0,0,1,0,0,0,0,0,0,0,999,0,1,9,0,98,6,2,1,0,0,0,1,28,39451,6,1,0,0,3,0,73,180,0,0,0,2,0,10,2008,11,2010,0,58,0,0,0,2,2,65,1,1,2,1,0,0,1,13,1,1,4,1,1,0
28,280088,1,1,2,3,3,9,26,34,0,1,0,28,1,49,32,49032,4,2009,1NXBU40E59Z1,1,N,X,B,U,4,0,E,5,9,Z,1,0,P,TOYT,CBL,4D,9,17,2723,,0,1024,,G,,F,4,110,,,15R195,,,,,,0,0,000000000,00000000000,0,0,0,1,0,0,0,0,0,0,0,999,0,1,9,12,62,6,2,1,0,0,0,1,28,39631,6,1,0,0,3,0,68,165,0,0,0,0,0,0,0,0,0,0,28,0,0,0,2,2,65,1,1,2,1,0,0,1,13,1,1,4,1,1,0
28,280089,1,2,1,4,3,11,7,12,2,1,0,28,1,22,20,22020,4,2000,1G2WP52KXYF2,1,G,2,W,P,5,2,K,X,Y,F,2,0,P,PONT,GPG,4D,0,17,3455,,0,1105,,G,,F,6,231,,,16R225,,,,,,0,0,000000000,00000000000,0,0,0,1,0,0,0,0,0,0,0,999,0,0,0,12,12,6,2,12,0,0,0,1,28,38751,0,0,99,0,0,0,999,999,99,99,99,99,99,99,9999,99,9999,0,51,0,0,0,1,2,45,1,1,2,2,0,0,1,10,1,1,2,50,1,0
28,280089,2,2,2,4,3,11,7,12,2,1,0,28,1,12,481,12481,31,1993,1FTEF15N9PNA,1,F,T,E,F,1,5,N,9,P,N,A,0,T,FORD,F15,PK,93,17,,2,1330,1170,COF,G,,,8,302,,,,B,00000,00,A,42,0,0,000000000,00000000000,0,0,0,1,0,0,0,0,0,0,0,999,0,0,0,12,12,6,2,12,0,0,0,1,28,38748,6,1,0,0,3,0,70,155,0,0,0,0,0,0,0,0,0,0,0,0,0,0,1,2,45,1,2,2,2,0,0,1,62,1,1,2,51,1,0
28,280090,1,1,4,6,3,14,45,42,0,1,0,28,2,20,431,20431,16,2001,3GNEC16T51G1,3,G,N,E,C,1,6,T,5,1,G,1,0,P,CHEV,C15,UT,1,17,4914,,0,1300,,G,,F,8,325,,,16R245,,,,,,0,0,000000000,00000000000,0,0,0,1,0,0,0,0,0,0,0,999,0,0,0,12,12,6,2,42,0,0,0,1,28,39203,6,1,0,0,3,0,67,130,0,0,0,0,0,0,0,0,0,0,0,0,0,0,1,2,55,1,1,2,1,0,0,1,12,1,1,4,1,1,0
28,280091,1,1,1,6,3,19,54,34,0,1,0,28,2,20,421,20421,15,1994,1GNEK18K5RJ3,1,G,N,E,K,1,8,K,5,R,J,3,0,P,CHEV,K15,UT,94,17,4757,,0,1115,,G,,F,8,350,,,000000,,,,,,0,0,000000000,00000000000,0,0,0,1,0,0,0,0,0,0,0,999,0,0,0,61,61,6,2,42,0,0,0,1,28,39051,6,1,0,0,3,0,75,230,0,0,0,0,0,0,0,0,0,0,0,0,0,0,1,2,55,1,1,2,1,0,0,1,12,1,1,4,1,1,1
28,280092,1,1,1,7,3,4,29,42,0,1,0,28,1,7,482,7482,31,2005,1D7HA16KX5J5,1,D,7,H,A,1,6,K,X,5,J,5,0,T,DODG,S1T,PK,5,17,,2,1405,1205,RPC,G,,,6,225,,,,B,4318,03,E,42,0,0,000000000,00000000000,0,0,0,1,0,0,0,0,0,0,0,60,0,0,0,62,62,6,2,42,0,0,0,1,28,39466,6,1,0,0,3,0,63,155,0,0,0,0,2,9,2008,9,2009,1,0,0,0,0,1,2,35,1,1,2,1,0,0,1,13,1,1,4,1,1,0
28,280093,1,1,2,7,3,20,59,1,0,1,0,1,1,20,421,20421,15,2000,1GNCS18WXYK2,1,G,N,C,S,1,8,W,X,Y,K,2,0,P,CHEV,BZR,UT,0,17,3518,,0,1005,,G,,F,6,262,,,15R205,,,,,,0,0,000000000,00000000000,0,0,0,1,0,0,0,0,0,0,0,999,0,1,9,0,13,6,2,1,0,0,0,1,1,36921,6,1,0,0,3,0,64,155,0,0,0,0,0,0,0,0,0,1,28,0,0,0,2,2,70,1,2,2,1,0,0,1,13,9,1,4,1,1,0
28,280094,1,1,1,8,3,7,58,34,0,1,0,0,0,12,422,12422,15,2004,999999999999,9,9,9,9,9,9,9,9,9,9,9,9,0,,,,,,,,,,,,,,,,,,,,,,,,,0,0,000000000,00000000000,0,0,0,1,0,0,0,0,0,0,0,999,0,1,9,12,98,6,2,1,0,0,0,1,28,38801,6,1,0,0,3,0,71,210,0,0,0,0,0,0,0,0,0,0,28,0,0,0,2,2,45,1,3,2,1,0,0,1,13,1,1,4,1,1,0
28,280095,1,1,1,9,3,10,11,30,0,1,0,28,1,7,482,7482,31,2002,3D7HA18ZX2G2,3,D,7,H,A,1,8,Z,X,2,G,2,0,T,DODG,Q15,CW,2,17,,2,1605,1405,RPC,G,,,8,360,,,,B,4747,01,E,42,0,0,000000000,00000000000,0,0,0,1,0,0,0,0,0,0,0,999,0,0,0,98,98,6,2,30,0,0,0,1,28,38759,6,1,6,0,3,0,71,185,0,0,0,2,1,7,2008,5,2010,0,28,0,0,0,2,2,65,1,1,2,1,0,0,1,13,1,1,4,1,1,1
28,280096,1,1,1,9,3,13,55,21,0,1,0,28,1,20,481,20481,31,2011,1GCRKSE38BZ1,1,G,C,R,K,S,E,3,8,B,Z,1,0,T,CHEV,2SK,4C,11,17,,2,1575,1435,SIL,F,,,8,323,,,,B,5286,02,,44,0,0,000000000,00000000000,0,0,0,1,0,0,0,0,0,0,0,65,0,0,0,12,12,6,2,21,0,0,0,1,28,39216,6,1,0,0,3,0,69,178,0,0,0,0,0,0,0,0,0,0,0,0,0,0,2,2,70,1,1,2,1,0,0,1,13,1,1,4,1,1,0
28,280097,1,2,1,10,3,15,13,12,2,1,0,28,1,35,39,35039,4,1996,JN1CA21D3TT1,J,N,1,C,A,2,1,D,3,T,T,1,0,P,NISS,MGS,4D,96,17,2886,,0,1063,,G,,F,6,182,,,15R205,,,,,,0,0,000000000,00000000000,0,0,0,1,0,0,0,0,0,0,0,999,0,0,0,12,12,6,2,12,0,0,0,1,28,39470,6,1,0,0,3,0,70,165,0,1,1,1,1,7,2009,12,2009,0,0,0,0,0,1,2,55,3,1,2,1,0,0,14,62,1,1,2,50,1,0
28,280097,2,2,1,10,3,15,13,12,2,1,0,28,1,20,422,20422,15,2005,3GNFK16Z15G2,3,G,N,F,K,1,6,Z,1,5,G,2,0,P,CHEV,K15,UT,5,17,5474,,0,1300,,F,,F,8,325,,,16R265,,,,,,0,0,000000000,00000000000,0,0,0,1,0,0,0,0,0,0,0,55,0,0,0,12,12,6,2,12,0,0,0,1,28,39470,6,1,0,0,3,0,65,125,0,0,0,0,0,0,0,0,0,0,51,0,0,0,1,2,55,4,1,2,1,0,0,14,10,1,1,2,51,0,1
28,280098,1,2,1,12,3,15,23,12,6,1,0,28,1,73,709,73709,80,2003,JKBVNKA173A0,J,K,B,V,N,K,A,1,7,3,A,0,0,M,KAWK,V6A,RS,3,17,,,,,,,1552,,2,,4,674,,,,,,,0,0,000000000,00000000000,0,0,0,1,0,0,0,0,0,0,0,15,0,0,0,12,12,6,2,12,0,0,0,1,28,39367,6,1,6,0,3,0,68,275,0,0,0,0,0,0,0,0,0,0,0,0,0,0,2,3,45,1,1,2,1,0,0,1,11,1,1,2,64,1,0
28,280098,2,2,4,12,3,15,23,12,6,1,0,28,1,35,47,35047,4,2004,1N4AL11D94C1,1,N,4,A,L,1,1,D,9,4,C,1,0,P,NISS,ABS,4D,4,17,2913,,0,1102,,G,,F,4,153,,,16R205,,,,,,0,0,000000000,00000000000,0,0,0,1,0,0,0,0,0,0,0,3,0,0,0,3,3,0,1,12,0,0,0,1,28,39483,6,1,0,0,3,0,63,160,0,0,0,0,0,0,0,0,0,0,38,0,0,0,2,3,45,1,1,2,1,0,0,1,62,1,1,2,65,0,0
28,280099,1,2,1,13,3,4,53,12,2,1,0,28,1,12,401,12401,14,1999,1FMYU22X7XUB,1,F,M,Y,U,2,2,X,7,X,U,B,0,P,FORD,EPR,UT,99,17,3675,,0,1017,,G,,F,6,245,,,15R235,,,,,,0,0,000000000,00000000000,0,0,0,1,0,0,0,0,0,0,0,999,0,0,0,12,12,6,2,12,0,0,0,1,28,38671,6,1,0,0,3,0,70,190,0,1,1,0,1,8,2008,1,2011,0,58,0,0,0,2,4,70,1,1,2,1,0,0,1,11,1,1,2,50,1,0
28,280099,2,2,1,13,3,4,53,12,2,1,0,28,1,7,482,7482,31,2008,3D7KS28A58G2,3,D,7,K,S,2,8,A,5,8,G,2,0,T,DODG,SQ2,CW,8,17,,2,1605,1405,RPC,D,,,6,408,,,,C,6034,00,E,44,0,0,000000000,00000000000,0,0,0,1,0,0,0,0,0,0,0,70,0,0,0,12,12,6,2,12,0,0,0,1,28,38632,6,1,6,0,3,0,72,180,0,0,0,2,0,1,2009,2,2010,0,0,0,0,0,2,4,70,1,1,2,1,0,0,1,63,1,1,2,51,0,0
28,280100,1,1,1,13,3,7,35,8,0,1,1,99,9,99,999,99999,99,9999,999999999999,9,9,9,9,9,9,9,9,9,9,9,9,0,,,,,,,,,,,,,,,,,,,,,,,,,0,0,000000000,00000000000,0,0,0,1,0,0,0,0,0,0,0,999,0,0,0,98,98,0,1,8,0,0,0,1,28,39459,0,0,0,0,0,0,999,999,99,99,99,99,99,99,9999,99,9999,0,0,0,0,0,2,2,70,1,1,2,1,0,0,1,80,1,1,1,13,0,0
28,280101,1,1,2,15,3,10,41,32,0,1,0,28,1,58,401,58401,14,1997,JNRAR05YXVW0,J,N,R,A,R,0,5,Y,X,V,W,0,0,P,INFI,QX4,UT,97,17,4312,,0,1063,,G,,F,6,201,,,16R245,,,,,,0,0,000000000,00000000000,0,0,0,1,0,0,0,0,0,0,0,999,0,0,0,12,12,6,2,32,0,0,0,1,28,38618,6,1,0,0,3,0,68,160,0,2,2,0,2,8,2008,8,2010,0,0,0,0,0,1,2,45,1,1,2,1,0,0,1,13,1,1,4,1,1,1
28,280102,1,2,5,16,3,3,12,12,1,1,0,47,3,20,421,20421,15,2002,3GNFK16Z02G2,3,G,N,F,K,1,6,Z,0,2,G,2,0,P,CHEV,K15,UT,2,17,5123,,0,1300,,F,,F,8,325,,,16R245,,,,,,0,0,000000000,00000000000,0,0,0,1,0,0,0,0,0,0,0,70,0,0,0,12,12,6,2,12,0,0,0,1,6,93705,6,1,0,0,3,0,70,180,0,0,0,0,0,0,0,0,0,0,26,0,0,0,2,4,70,1,1,2,1,0,0,1,11,1,1,1,28,2,0
28,280102,2,2,1,16,3,3,12,12,1,1,0,28,3,87,884,87884,66,2001,1XPFD09X31D5,1,X,P,F,D,0,9,X,3,1,D,5,1,T,PTRB,378,TR,1,17,,8,0,0,CON,D,,,6,661,,,,,00000,00,,64,1,56,569232,56569232,3,6,4,1,0,0,0,0,0,0,0,45,0,0,0,6,6,6,2,12,0,0,0,1,28,39402,6,1,6,0,3,0,67,220,0,0,0,0,0,0,0,0,0,0,0,0,0,0,2,4,70,1,1,2,1,0,0,2,10,1,1,2,29,0,0
28,280103,1,1,1,16,3,8,58,42,0,1,0,28,3,87,884,87884,66,2000,1XP5D69X6YN5,1,X,P,5,D,6,9,X,6,Y,N,5,1,T,PTRB,379,TR,0,17,,8,0,0,CON,D,,,6,855,,,,,00000,00,,64,1,99,999999999,99999999999,3,6,4,1,0,0,0,0,0,0,0,999,0,0,0,12,98,6,2,42,0,0,0,1,28,38930,6,1,6,0,3,0,74,240,0,0,0,0,0,0,0,0,0,0,0,0,0,0,1,2,45,1,1,2,1,0,0,1,12,1,1,4,1,1,0
28,280104,1,3,2,16,3,15,7,12,1,1,0,28,3,12,481,12481,31,2005,1FTYR10U05PA,1,F,T,Y,R,1,0,U,0,5,P,A,0,T,FORD,RNG,PK,5,17,,1,1175,1116,RNG,G,,,6,182,,,,B,3010,00,U,42,0,0,000000000,00000000000,0,0,0,1,0,0,0,0,0,0,0,999,0,0,0,12,6,6,2,12,0,0,0,1,28,39465,6,1,0,0,3,0,74,200,0,0,0,0,0,0,0,0,0,0,0,0,0,0,2,2,70,1,1,2,1,0,0,1,11,1,1,2,24,0,0
28,280104,2,3,1,16,3,15,7,12,1,1,0,28,3,82,884,82884,66,2007,1FUJA6CV07LX,1,F,U,J,A,6,C,V,0,7,L,X,1,T,FRHT,COL,TR,7,17,,8,0,0,CON,D,,,6,782,,,,,00000,00,,64,1,56,0311835,560311835,3,6,9,1,0,0,0,0,0,0,0,999,0,0,0,6,12,6,2,12,0,0,0,1,28,39483,6,1,6,0,3,1,68,300,0,0,0,1,0,1,2009,1,2009,1,26,0,0,0,2,2,70,1,1,2,1,0,0,1,10,1,1,1,25,1,0