STATE,ST_CASE,VEH_NO,VE_FORMS,NUMOCCS,DAY,MONTH,HOUR,MINUTE,HARM_EV,MAN_COLL,UNITTYPE,HIT_RUN,REG_STAT,OWNER,MAKE,MODEL,MAK_MOD,BODY_TYP,MOD_YEAR,VIN,VIN_1,VIN_2,VIN_3,VIN_4,VIN_5,VIN_6,VIN_7,VIN_8,VIN_9,VIN_10,VIN_11,VIN_12,TOW_VEH,VINTYPE,VINMAKE,VINA_MOD,VIN_BT,VINMODYR,VIN_LNGT,VIN_WGT,WGTCD_TR,WHLBS_LG,WHLBS_SH,SER_TR,FUELCODE,MCYCL_DS,CARBUR,CYLINDER,DISPLACE,MCYCL_CY,MCYCL_WT,TIRE_SZE,TON_RAT,TRK_WT,TRKWTVAR,VIN_REST,WHLDRWHL,J_KNIFE,MCARR_I1,MCARR_I2,MCARR_ID,GVWR,V_CONFIG,CARGO_BT,HAZ_INV,HAZ_PLAC,HAZ_ID,HAZ_CNO,HAZ_REL,BUS_USE,SPEC_USE,EMER_USE,TRAV_SP,UNDERIDE,ROLLOVER,ROLINLOC,IMPACT1,IMPACT2,DEFORMED,TOWED,M_HARM,VEH_SC1,VEH_SC2,FIRE_EXP,DR_PRES,L_STATE,DR_ZIP,L_STATUS,L_TYPE,CDL_STAT,L_ENDORS,L_COMPL,L_RESTRI,DR_HGT,DR_WGT,PREV_ACC,PREV_SUS,PREV_DWI,PREV_SPD,PREV_OTH,FIRST_MO,FIRST_YR,LAST_MO,LAST_YR,SPEEDREL,DR_SF1,DR_SF2,DR_SF3,DR_SF4,VTRAFWAY,VNUM_LAN,VSPD_LIM,VALIGN,VPROFILE,VPAVETYP,VSURCOND,VTRAFCON,VTCONT_F,P_CRASH1,P_CRASH2,P_CRASH3,PCRASH4,PCRASH5,ACC_TYPE,DEATHS,DR_DRINK
28,280135,5,5,2,3,4,3,11,12,1,1,0,28,1,2,403,2403,14,2006,1J4FA39S86P7,1,J,4,F,A,3,9,S,8,6,P,7,0,T,JEEP,WXR,2W,6,17,,1,0,934,WRA,G,,,6,244,,,,,3331,00,E,44,0,0,000000000,00000000000,0,0,0,1,0,0,0,0,0,0,0,999,0,0,0,12,12,6,2,12,0,0,0,1,22,70119,6,1,0,0,3,0,64,125,0,0,0,0,0,0,0,0,0,0,0,0,0,0,2,2,70,1,2,2,1,0,0,1,11,1,1,1,98,0,0
28,280136,1,1,1,4,4,17,35,42,0,1,0,28,1,20,482,20482,31,2007,3GNEC12047G3,3,G,N,E,C,1,2,0,4,7,G,3,0,T,CHEV,CAV,CW,7,17,,2,0,1300,AVL,F,,,8,323,,,,B,5539,00,,42,0,0,000000000,00000000000,0,0,0,1,0,0,0,0,0,0,0,999,0,0,0,12,12,6,2,42,0,0,0,1,28,39059,6,1,0,0,3,0,66,200,0,0,0,0,0,0,0,0,0,0,28,0,0,0,1,2,45,1,2,2,2,0,0,1,13,1,1,4,1,1,0
28,280137,1,2,2,6,4,7,26,12,6,1,0,28,3,20,481,20481,31,2002,1GBJK34U52E1,1,G,B,J,K,3,4,U,5,2,E,1,0,T,CHEV,SK3,CB,2,17,,3,1615,1370,SIL,G,,,8,364,,,,D,5739,00,,44,0,0,000000000,00000000000,0,0,0,1,0,0,0,0,0,0,0,50,0,0,0,12,12,6,2,12,0,0,0,1,28,39462,6,1,0,0,3,0,72,230,0,0,0,1,0,11,2009,11,2009,0,0,0,0,0,2,2,65,1,1,2,1,20,3,1,17,1,1,2,86,0,0
28,280137,2,2,2,6,4,7,26,12,6,1,0,28,1,22,18,22018,4,2002,1G2NF52F72C1,1,G,2,N,F,5,2,F,7,2,C,1,0,P,PONT,SE1,4D,2,17,3116,,0,1070,,G,,F,4,134,,,15R215,,,,,,0,0,000000000,00000000000,0,0,0,1,0,0,0,0,0,0,0,999,0,0,0,5,5,6,2,12,0,0,0,1,28,39532,6,1,0,0,3,1,63,220,0,0,0,1,0,3,2009,3,2009,0,38,39,0,0,2,2,65,1,1,2,1,20,3,1,10,1,1,2,87,1,0
28,280138,1,1,1,6,4,11,10,19,0,1,0,28,1,20,481,20481,31,2010,3GCRKSE36AG2,3,G,C,R,K,S,E,3,6,A,G,2,0,T,CHEV,2SK,CW,10,17,,2,0,1435,SIL,F,,,8,323,,,,B,5346,00,,44,0,0,000000000,00000000000,0,0,0,1,0,0,0,0,0,0,0,999,0,0,0,12,12,6,2,19,0,0,0,1,28,39482,6,1,0,0,3,0,70,150,0,0,0,0,0,0,0,0,0,0,0,0,0,0,1,2,35,1,1,2,1,0,0,1,12,1,1,4,6,1,0
28,280139,1,1,1,7,4,10,20,8,0,1,0,28,1,2,404,2404,14,1997,1J4GX78Y2VC5,1,J,4,G,X,7,8,Y,2,V,C,5,0,T,JEEP,LMT,4W,97,17,,1,0,1059,GCK,G,,,8,318,,,,,3513,02,E,42,0,0,000000000,00000000000,0,0,0,1,0,0,0,0,0,0,0,999,0,1,9,12,13,6,2,8,0,0,0,1,28,38834,6,1,0,0,3,0,70,165,0,0,0,0,0,0,0,0,0,0,0,0,0,0,1,2,55,4,2,2,1,0,0,2,13,1,1,4,13,0,0
28,280140,1,1,2,8,4,9,19,33,0,1,0,28,2,12,422,12422,15,2000,1FMZU63X2YUA,1,F,M,Z,U,6,3,X,2,Y,U,A,0,P,FORD,EPR,UT,0,17,3906,,0,1116,,G,,F,6,245,,,15R235,,,,,,0,0,000000000,00000000000,0,0,0,1,0,0,0,0,0,0,0,40,0,0,0,12,12,6,2,35,0,0,0,1,28,38843,6,1,0,0,3,0,72,230,0,0,0,0,0,0,0,0,0,0,28,0,0,0,1,2,35,2,2,2,1,0,0,14,12,1,1,4,1,1,0
28,280141,1,1,1,8,4,17,24,35,0,1,0,22,1,20,401,20401,14,2005,1GNDS13S9521,1,G,N,D,S,1,3,S,9,5,2,1,0,P,CHEV,TRL,UT,5,17,4425,,0,1130,,G,,F,6,256,,,16R245,,,,,,0,0,000000000,00000000000,0,0,0,1,0,0,0,0,0,0,0,999,0,0,0,61,61,6,2,35,0,0,0,1,28,39117,6,1,0,0,3,0,61,107,0,0,0,1,0,6,2010,6,2010,0,28,0,0,0,1,2,55,1,1,2,1,0,0,1,13,1,1,4,1,1,0
28,280142,1,3,1,8,4,20,0,12,2,1,0,28,2,38,471,38471,30,1995,JAACL14L2S72,J,A,A,C,L,1,4,L,2,S,7,2,0,T,ISU,RLB,PK,95,17,,1,0,1192,CON,G,,,4,138,,,,B,00000,00,A,42,0,0,000000000,00000000000,0,0,0,1,0,0,0,0,0,0,0,999,0,0,0,12,12,6,2,12,0,0,0,1,28,39330,6,1,0,0,3,0,68,185,0,0,0,0,0,0,0,0,0,0,51,0,0,0,1,2,55,1,1,2,1,0,0,1,11,1,1,2,50,1,1
28,280142,2,3,1,8,4,20,0,12,2,1,0,28,1,35,39,35039,4,1992,JN1HJ01F7NT0,J,N,1,H,J,0,1,F,7,N,T,0,0,P,NISS,MGX,4D,92,17,3129,,0,1043,,G,,F,6,181,,,15R205,,,,,,0,0,000000000,00000000000,0,0,0,1,0,0,0,0,0,0,0,999,0,0,0,12,12,6,2,12,0,0,0,1,28,39443,6,1,0,0,3,0,71,189,0,0,0,0,0,0,0,0,0,0,0,0,0,0,1,2,55,1,1,2,1,0,0,1,62,1,1,2,51,0,0
28,280142,3,3,2,8,4,20,0,12,2,1,0,28,1,2,405,2405,14,2005,1J4GK38K75W5,1,J,4,G,K,3,8,K,7,5,W,5,0,T,JEEP,RNG,4W,5,17,,1,0,1043,LIB,G,,,6,226,,,,,3769,00,E,42,0,0,000000000,00000000000,0,0,0,1,0,0,0,0,0,0,0,999,0,0,0,1,12,6,2,12,0,0,0,1,28,39168,6,1,0,0,3,0,60,117,0,0,0,0,0,0,0,0,0,0,0,0,0,0,1,2,55,1,1,2,1,0,0,1,62,1,1,2,98,0,0
28,280143,1,3,2,9,4,5,18,12,1,1,0,42,3,84,884,84884,66,2009,2HSDBAHRX9C0,2,H,S,D,B,A,H,R,X,9,C,0,1,T,INTL,PRO,TR,9,17,,8,0,0,PRO,D,,,6,661,,,,,00000,00,,64,1,56,210140,56210140,3,6,1,1,0,0,0,0,0,0,0,999,0,0,0,6,12,6,2,12,0,0,0,1,22,70818,6,1,6,0,3,0,70,220,0,0,0,0,0,0,0,0,0,0,0,0,0,0,2,2,70,1,2,1,1,0,0,1,11,1,1,2,32,0,0
28,280143,2,3,1,9,4,5,18,12,1,1,0,28,1,12,481,12481,31,2004,1FTPW14584KB,1,F,T,P,W,1,4,5,8,4,K,B,0,T,FORD,F1S,CW,4,17,,2,1450,1260,COF,G,,,8,330,,,,B,5560,00,U,44,0,0,000000000,00000000000,0,0,0,1,0,0,0,0,0,0,0,999,0,0,0,12,12,6,2,12,0,0,0,1,28,38843,6,1,0,0,3,0,70,180,0,0,0,0,0,0,0,0,0,0,0,0,0,0,2,2,70,1,1,2,1,0,0,1,11,1,1,2,32,1,0
28,280143,3,3,1,9,4,5,18,12,1,1,0,40,3,82,884,82884,66,2009,1FUJA6CK69DA,1,F,U,J,A,6,C,K,6,9,D,A,1,T,FRHT,COL,TR,9,17,,8,0,0,CON,D,,,6,855,,,,,00000,00,,64,1,56,0011237,560011237,3,6,1,1,0,0,0,0,0,0,0,999,0,0,0,12,12,6,2,12,0,0,0,1,28,38611,6,1,6,0,3,0,71,225,0,0,0,1,0,8,2010,8,2010,0,26,0,0,0,2,2,70,1,1,2,1,0,0,1,11,1,1,2,98,1,0
28,280144,1,1,2,9,4,20,23,35,0,1,0,1,1,72,709,72709,80,2003,1HD1HAZ113K8,1,H,D,1,H,A,Z,1,1,3,K,8,0,M,HD,VRA,RS,3,17,,,,,,,1130,,2,,4,596,,,,,,,0,0,000000000,00000000000,0,0,0,1,0,0,0,0,0,0,0,30,0,0,0,12,98,6,2,35,0,0,0,1,1,35810,6,1,0,0,3,0,70,155,0,0,0,0,0,0,0,0,0,0,28,0,0,0,1,2,30,1,1,2,1,0,0,1,13,1,1,4,1,1,0
28,280145,1,1,1,10,4,2,42,1,0,1,0,28,1,20,9,20009,3,1999,2G1FP32GXX21,2,G,1,F,P,3,2,G,X,X,2,1,0,P,CHEV,Z28,CV,99,17,3574,,0,1011,,G,,F,8,350,,,16R235,,,,,,0,0,000000000,00000000000,0,0,0,1,0,0,0,0,0,0,0,999,0,1,9,0,13,6,2,1,0,0,0,1,28,38635,6,1,6,0,3,0,66,150,0,0,0,0,0,0,0,0,0,1,0,0,0,0,1,2,40,1,3,2,1,0,0,1,13,1,1,4,1,1,1
28,280146,1,1,1,31,3,23,6,42,0,1,0,28,2,20,16,20016,4,2002,1G1JC5245271,1,G,1,J,C,5,2,4,5,2,7,1,0,P,CHEV,CAC,4D,2,17,2676,,0,1041,,C,,F,4,133,,,14R195,,,,,,0,0,000000000,00000000000,0,0,0,1,0,0,0,0,0,0,0,55,0,0,0,98,12,6,2,42,0,0,1,1,28,38652,6,2,0,0,3,0,64,122,0,0,0,0,0,0,0,0,0,0,28,0,0,0,1,2,55,1,1,2,2,0,0,1,12,1,1,4,6,1,0
28,280147,1,1,3,10,4,1,38,34,0,1,0,28,1,49,482,49482,31,2010,3TMLU4ENXAM0,3,T,M,L,U,4,E,N,X,A,M,0,0,T,TOYT,DCL,CW,10,17,,1,0,1278,TAC,G,,,6,244,,,,B,4035,00,W,44,0,0,000000000,00000000000,0,0,0,1,0,0,0,0,0,0,0,999,0,0,0,98,98,6,2,32,0,0,0,1,28,39067,6,1,6,0,3,0,72,180,0,0,0,0,0,0,0,0,0,0,0,0,0,0,1,2,55,4,2,2,1,0,0,14,13,1,1,4,1,1,1
28,280148,1,2,2,10,4,17,35,12,2,1,0,28,2,12,16,12016,4,1996,2FALP71W6TX1,2,F,A,L,P,7,1,W,6,T,X,1,0,P,FORD,CVP,4D,96,17,0,,0,1144,,G,,F,8,281,,,000000,,,,,,0,0,000000000,00000000000,0,0,0,1,0,0,0,0,0,0,0,80,0,0,0,12,98,6,2,12,0,0,0,1,28,39563,6,1,0,0,3,0,67,140,0,1,1,0,0,4,2009,9,2009,0,51,0,0,0,1,2,35,4,3,2,1,0,0,14,11,1,1,2,50,1,1
28,280148,2,2,1,10,4,17,35,12,2,1,0,28,1,12,37,12037,4,2010,1FAHP3FN3AW2,1,F,A,H,P,3,F,N,3,A,W,2,0,P,FORD,FSE,4D,10,17,2623,,0,1029,,G,,F,4,122,,,15R195,,,,,,0,0,000000000,00000000000,0,0,0,1,0,0,0,0,0,0,0,35,0,0,0,12,98,6,2,12,0,0,0,1,28,39577,6,1,6,0,3,0,75,245,0,0,0,0,0,0,0,0,0,0,0,0,0,0,1,2,35,4,3,2,1,0,0,14,63,1,1,2,51,0,0
28,280149,1,2,1,12,4,7,1,12,2,1,0,28,1,20,481,20481,31,1998,1GCEC14WXWZ2,1,G,C,E,C,1,4,W,X,W,Z,2,0,T,CHEV,GC1,PK,98,17,,2,1315,1175,GM4,G,,,6,262,,,,B,3876,03,,42,0,0,000000000,00000000000,0,0,0,1,0,0,0,0,0,0,0,5,0,0,0,12,12,6,2,12,0,0,0,1,28,38804,6,1,0,0,3,0,68,220,0,0,0,0,0,0,0,0,0,0,0,0,0,0,1,2,45,1,1,2,1,0,0,1,62,1,1,1,91,0,0
28,280149,2,2,1,12,4,7,1,12,2,1,0,28,1,37,709,37709,80,2001,JH2PC35081M2,J,H,2,P,C,3,5,0,8,1,M,2,0,M,HOND,CF4,RC,1,17,,,,,,,599,,4,,4,370,,,,,,,0,0,000000000,00000000000,0,0,0,1,0,0,0,0,0,0,0,5,0,0,0,12,12,6,2,12,0,0,0,1,28,38804,6,1,0,0,3,0,67,155,0,0,0,1,0,7,2008,7,2008,0,38,39,0,0,1,2,45,1,1,2,1,20,3,1,17,1,1,2,91,1,0
28,280150,1,2,1,12,4,13,5,12,2,1,0,28,1,18,3,18003,4,1998,1G4CW52KXW46,1,G,4,C,W,5,2,K,X,W,4,6,0,P,BUIC,PKA,4D,98,17,3645,,0,1138,,G,,F,6,231,,,16R225,,,,,,0,0,000000000,00000000000,0,0,0,1,0,0,0,0,0,0,0,999,0,0,0,12,12,6,2,12,0,0,0,1,28,38676,0,0,0,0,0,0,999,999,99,99,99,99,99,99,9999,99,9999,0,28,0,0,0,1,2,55,1,1,2,1,0,0,1,11,1,1,1,50,0,0
28,280150,2,2,2,12,4,13,5,12,2,1,0,28,1,20,481,20481,31,1994,1GCEK19K8RE1,1,G,C,E,K,1,9,K,8,R,E,1,0,T,CHEV,GK1,PC,94,17,,2,1555,1415,GM4,G,,,8,350,,,,B,4032,00,,44,0,0,000000000,00000000000,0,0,0,1,0,0,0,0,0,0,0,999,0,0,0,12,12,6,2,12,0,0,0,1,28,38665,6,1,0,0,3,0,71,180,0,0,0,0,0,0,0,0,0,0,0,0,0,0,1,2,55,1,1,2,1,0,0,1,62,1,1,2,51,1,0
28,280151,1,1,1,13,4,7,53,42,0,1,0,1,1,20,441,20441,20,1999,1GNDM19W8XB1,1,G,N,D,M,1,9,W,8,X,B,1,0,T,CHEV,AST,ES,99,17,,1,0,1112,AST,G,,,6,262,,,,B,4186,00,,42,0,0,000000000,00000000000,0,0,0,1,0,0,0,0,0,0,0,999,0,0,0,12,81,6,2,42,0,0,0,1,28,38870,6,1,0,0,3,1,72,220,0,0,0,0,0,0,0,0,0,0,28,0,0,0,1,2,55,4,2,2,1,0,0,14,13,1,1,4,1,1,0
28,280152,1,1,1,13,4,21,35,35,0,1,0,28,2,72,709,72709,80,2008,1HD1KB4108Y6,1,H,D,1,K,B,4,1,0,8,Y,6,0,M,HD,FHX,RS,8,17,,,,,,,1584,,2,,4,786,,,,,,,0,0,000000000,00000000000,0,0,0,1,0,0,0,0,0,0,0,60,0,0,0,98,98,6,2,35,35,0,0,1,22,70058,6,1,0,0,3,0,70,165,0,0,0,0,0,0,0,0,0,1,0,0,0,0,1,2,35,4,2,2,1,0,0,14,12,1,1,4,6,1,1
28,280153,1,2,4,15,4,9,5,12,1,1,0,28,1,12,422,12422,15,2008,1FMFU17558LA,1,F,M,F,U,1,7,5,5,8,L,A,0,P,FORD,EPT,UT,8,17,5578,,0,1190,,G,,F,8,329,,,17R265,,,,,,0,0,000000000,00000000000,0,0,0,1,0,0,0,0,0,0,0,999,0,0,0,12,98,6,2,12,0,0,0,1,28,39154,6,1,0,0,3,0,74,270,0,0,0,0,1,10,2010,10,2010,0,0,0,0,0,2,2,55,1,1,2,2,0,0,1,62,1,1,1,33,1,0
28,280153,2,2,2,15,4,9,5,12,1,1,0,28,1,14,401,14401,14,2002,4M2ZU66E72UJ,4,M,2,Z,U,6,6,E,7,2,U,J,0,P,MERC,MOU,UT,2,17,4170,,0,1138,,G,,F,6,245,,,16R245,,,,,,0,0,000000000,00000000000,0,0,0,1,0,0,0,0,0,0,0,55,0,0,0,6,6,6,2,12,0,0,0,1,28,38703,6,1,0,0,3,1,65,160,0,0,0,0,0,0,0,0,0,0,26,0,0,0,2,2,55,1,1,2,2,0,0,1,10,1,1,1,33,1,0
28,280154,1,1,5,15,4,18,15,42,0,1,0,28,2,12,481,12481,31,1996,1FTJW35F2TEA,1,F,T,J,W,3,5,F,2,T,E,A,0,T,FORD,F35,CW,96,17,,2,0,1680,COF,D,,,8,444,,,,D,5226,00,A,42,0,0,000000000,00000000000,0,0,0,1,0,0,0,0,0,0,0,999,0,0,0,98,12,6,2,42,0,0,0,1,28,39701,6,1,0,0,3,0,58,128,0,0,0,0,0,0,0,0,0,0,80,0,0,0,2,2,65,4,3,2,2,0,0,14,13,1,1,4,1,3,0
28,280155,1,1,2,17,4,12,8,42,0,1,0,28,2,12,473,12473,30,2002,1FMZU64W82ZB,1,F,M,Z,U,6,4,W,8,2,Z,B,0,P,FORD,EPR,UT,2,17,4173,,0,1137,,G,,F,8,281,,,16R245,,,,,,0,0,000000000,00000000000,0,0,0,1,0,0,0,0,0,0,0,999,0,0,0,81,81,6,2,42,0,0,0,1,28,38821,6,1,0,0,3,1,74,153,0,0,0,0,0,0,0,0,0,0,28,0,0,0,1,2,55,4,2,2,1,0,0,14,13,9,1,4,1,1,0
28,280156,1,2,1,17,4,21,2,12,6,1,0,28,2,53,709,53709,80,2003,JS1GN7BA1321,J,S,1,G,N,7,B,A,1,3,2,1,0,M,SUZI,G60,RC,3,17,,,,,,,599,,4,,4,359,,,,,,,0,0,000000000,00000000000,0,0,0,1,0,0,0,0,0,0,0,999,0,0,0,12,12,6,2,12,0,0,0,1,28,38666,6,1,0,0,3,0,68,134,0,0,0,0,0,0,0,0,0,1,0,0,0,0,1,2,45,1,1,2,1,20,3,1,17,1,1,1,86,1,1
28,280156,2,2,1,17,4,21,2,12,6,1,0,28,1,12,481,12481,31,1990,1FTCR10T0LUA,1,F,T,C,R,1,0,T,0,L,U,A,0,T,FORD,RNG,PK,90,17,,1,1140,1080,RNG,G,,,6,177,,,,B,2674,01,A,42,0,0,000000000,00000000000,0,0,0,1,0,0,0,0,0,0,0,999,0,0,0,3,98,6,2,12,0,0,0,1,28,38619,6,1,0,0,3,0,67,190,0,0,0,0,0,0,0,0,0,0,38,39,0,0,1,2,45,1,1,2,1,20,3,1,17,1,1,1,87,0,1
28,280157,1,1,3,17,4,21,38,8,0,1,0,22,2,22,20,22020,4,2006,2G2WP5528611,2,G,2,W,P,5,5,2,8,6,1,1,0,P,PONT,GRA,4D,6,17,3477,,0,1105,,G,,F,6,232,,,16R225,,,,,,0,0,000000000,00000000000,0,0,0,1,0,0,0,0,0,0,0,70,0,0,0,12,12,6,2,8,0,0,0,1,22,70443,6,1,0,0,3,0,64,122,0,0,0,0,0,0,0,0,0,0,0,0,0,0,2,2,70,1,1,2,1,0,0,1,80,1,1,1,13,0,0
28,280158,1,1,1,18,4,3,23,1,0,1,0,28,1,35,401,35401,14,1996,JN8AR05S8TW0,J,N,8,A,R,0,5,S,8,T,W,0,0,P,NISS,PFI,UT,96,17,3850,,0,1063,,G,,F,6,201,,,15R235,,,,,,0,0,000000000,00000000000,0,0,0,1,0,0,0,0,0,0,0,999,0,1,9,0,13,6,2,1,0,0,0,1,28,39530,6,1,0,0,3,0,67,165,0,0,0,0,0,0,0,0,0,0,58,0,0,0,1,2,30,4,1,2,1,0,0,14,13,1,1,4,1,1,1
28,280159,1,1,3,18,4,13,20,34,0,1,0,28,2,35,47,35047,4,2006,1N4BL11D96N3,1,N,4,B,L,1,1,D,9,6,N,3,0,P,NISS,ASR,4D,6,17,3101,,0,1102,,G,,F,6,214,,,17R215,,,,,,0,0,000000000,00000000000,0,0,0,1,0,0,0,0,0,0,0,60,0,0,0,98,98,6,2,34,0,0,0,1,22,70711,6,1,0,0,3,0,64,100,0,0,0,0,0,0,0,0,0,0,51,0,0,0,1,2,55,1,2,2,1,0,0,1,13,1,1,4,1,1,0
28,280160,1,1,1,18,4,17,41,30,0,1,0,28,1,20,2,20002,4,1972,1M69H2510258,1,M,6,9,H,2,5,1,0,2,5,8,0,P,CHEV,IMP,4D,72,13,3928,,1250,1215,,G,,2,8,350,,,15G78,,,,,,0,0,000000000,00000000000,0,0,0,1,0,0,0,0,0,0,0,999,0,0,0,12,98,6,2,30,0,0,0,1,28,39208,6,1,6,0,3,0,71,195,0,0,0,0,0,0,0,0,0,0,0,0,0,0,1,2,25,4,1,2,1,0,0,14,12,1,1,4,6,1,1
28,280161,1,1,2,19,4,1,29,34,0,1,0,28,1,12,481,12481,31,2004,1FTNW21S14EA,1,F,T,N,W,2,1,S,1,4,E,A,0,T,FORD,F2S,CW,4,17,,2,1724,1562,SRW,G,,,10,415,,,,C,6234,00,E,44,0,0,000000000,00000000000,0,0,0,1,0,0,0,0,0,0,0,999,0,1,9,98,98,6,2,42,0,0,0,1,28,39305,6,1,0,0,3,0,64,195,0,0,0,0,0,0,0,0,0,1,0,0,0,0,1,2,45,2,2,2,1,0,0,14,12,1,1,4,6,1,1
28,280162,1,1,1,19,4,6,44,35,0,1,0,28,2,21,20,21020,4,1990,2G3AM54N8L23,2,G,3,A,M,5,4,N,8,L,2,3,0,P,OLDS,CSL,4D,90,17,2687,,0,1049,,G,,F,6,204,,,14R185,,,,,,0,0,000000000,00000000000,0,0,0,1,0,0,0,0,0,0,0,999,0,0,0,62,62,6,2,42,0,0,0,1,28,39179,6,1,0,0,3,0,67,229,0,0,0,0,1,5,2009,5,2009,0,0,0,0,0,2,2,70,1,2,2,1,0,0,1,13,1,1,4,1,1,0
28,280163,1,1,1,19,4,17,34,34,0,1,0,28,2,20,16,20016,4,1999,1G1JC5246X72,1,G,1,J,C,5,2,4,6,X,7,2,0,P,CHEV,CAV,4D,99,17,2676,,0,1041,,G,,F,4,133,,,14R195,,,,,,0,0,000000000,00000000000,0,0,0,1,0,0,0,0,0,0,0,999,0,0,0,61,12,6,2,38,0,0,0,1,28,39470,6,1,0,0,3,0,64,116,0,0,0,1,0,4,2010,4,2010,0,28,0,0,0,1,2,35,1,1,2,1,0,0,1,12,1,1,5,6,1,0
28,280164,1,1,1,19,4,20,19,8,0,1,0,28,1,18,3,18003,4,2000,1G4CW52K1Y41,1,G,4,C,W,5,2,K,1,Y,4,1,0,P,BUIC,PKA,4D,0,17,3778,,0,1138,,G,,F,6,231,,,16R225,,,,,,0,0,000000000,00000000000,0,0,0,1,0,0,0,0,0,0,0,999,0,0,0,12,12,6,2,8,0,0,0,1,28,39157,6,1,0,0,3,1,68,195,0,0,0,0,0,0,0,0,0,0,0,0,0,0,1,2,45,1,2,2,1,0,0,1,80,1,1,1,13,0,0
28,280165,1,1,1,20,4,0,22,8,0,1,0,28,1,20,2,20002,4,2004,2G1WF52E0492,2,G,1,W,F,5,2,E,0,4,9,2,0,P,CHEV,IMP,4D,4,17,3389,,0,1105,,G,,F,6,207,,,16R225,,,,,,0,0,000000000,00000000000,0,0,0,1,0,0,0,0,0,0,0,999,0,0,0,12,12,2,1,8,0,0,0,1,28,39425,6,1,0,0,3,0,66,140,0,0,0,0,0,0,0,0,0,0,0,0,0,0,2,2,45,1,1,2,1,0,0,1,80,1,1,1,13,0,1
28,280166,1,2,1,20,4,19,19,12,1,1,0,28,1,12,481,12481,31,2001,1FTRX17W21NB,1,F,T,R,X,1,7,W,2,1,N,B,0,T,FORD,F15,4C,1,17,,2,1571,1385,COF,G,,,8,281,,,,B,4204,05,U,42,0,0,000000000,00000000000,0,0,0,1,0,0,0,0,0,0,0,999,0,0,0,6,6,6,2,12,0,0,0,1,28,39428,6,1,0,0,3,0,70,200,0,0,0,0,0,0,0,0,0,0,26,0,0,0,2,2,60,1,1,2,1,20,3,1,17,1,1,1,91,1,0
28,280166,2,2,1,20,4,19,19,12,1,1,0,28,1,7,481,7481,31,1992,1B6ME3657NS6,1,B,6,M,E,3,6,5,7,N,S,6,0,T,DODG,D30,CB,92,17,,3,1590,1310,D30,G,,,8,360,,,,D,4228,01,A,42,0,0,000000000,00000000000,0,0,0,1,0,0,0,0,0,0,0,15,0,0,0,12,12,2,1,12,0,0,0,1,28,39350,6,1,0,0,3,0,75,205,0,0,0,0,0,0,0,0,0,0,0,0,0,0,2,2,60,1,1,2,1,0,0,1,17,1,1,1,91,0,0
28,280167,1,1,3,20,4,19,58,8,0,1,0,5,2,20,37,20037,4,2005,1G1ZT62805F2,1,G,1,Z,T,6,2,8,0,5,F,2,0,P,CHEV,XLS,4D,5,17,3476,,0,1123,,G,,F,6,214,,,16R215,,,,,,0,0,000000000,00000000000,0,0,0,1,0,0,0,0,0,0,0,55,0,0,0,12,12,6,2,8,0,0,0,1,5,71635,6,1,0,0,3,0,70,180,0,0,0,0,0,0,0,0,0,0,0,0,0,0,1,2,55,4,3,2,1,0,0,14,80,1,1,1,13,0,0
28,280168,1,1,2,22,4,12,42,38,0,1,0,0,0,72,709,72709,80,2006,999999999999,9,9,9,9,9,9,9,9,9,9,9,9,0,,,,,,,,,,,,,,,,,,,,,,,,,0,0,000000000,00000000000,0,0,0,1,0,0,0,0,0,0,0,15,0,0,0,12,12,6,2,38,0,0,0,1,56,82003,6,1,0,0,3,0,70,185,0,0,0,0,0,0,0,0,0,0,0,0,0,0,2,2,45,1,1,2,1,0,0,1,13,1,1,4,1,1,0
28,280169,1,2,1,22,4,21,22,12,6,1,0,0,0,12,3,12003,3,2003,999999999999,9,9,9,9,9,9,9,9,9,9,9,9,0,,,,,,,,,,,,,,,,,,,,,,,,,0,0,000000000,00000000000,0,0,0,1,0,0,0,0,0,0,0,999,0,0,0,1,3,6,2,12,0,0,0,1,28,38642,6,1,0,0,3,1,61,120,0,1,1,2,0,7,2008,10,2010,0,38,39,0,0,1,2,45,1,1,2,1,20,3,1,17,1,1,1,86,1,1
28,280169,2,2,1,22,4,21,22,12,6,1,0,47,1,12,481,12481,31,2002,1FTNW20F52EA,1,F,T,N,W,2,0,F,5,2,E,A,0,T,FORD,F2S,CW,2,17,,2,1724,1562,SRW,D,,,8,444,,,,C,5846,04,E,42,0,0,000000000,00000000000,0,0,0,1,0,0,0,0,0,0,0,999,0,0,0,5,5,6,2,12,0,0,0,1,47,38057,6,1,0,0,3,0,70,185,0,0,0,0,0,0,0,0,0,0,0,0,0,0,1,2,45,1,1,2,1,20,3,1,74,1,1,1,87,0,1
28,280170,1,2,1,22,4,21,39,12,1,1,0,28,1,53,709,53709,80,2004,VTTGM51A3421,V,T,T,G,M,5,1,A,3,4,2,1,0,M,SUZI,GSF,RS,4,17,,,,,,,487,,2,,4,396,,,,,,,0,0,000000000,00000000000,0,0,0,1,0,0,0,0,0,0,0,999,0,0,0,12,12,6,2,12,0,0,0,1,28,38726,6,1,6,0,3,0,69,280,0,0,0,0,0,0,0,0,0,0,0,0,0,0,2,2,65,1,1,2,1,0,0,1,17,1,1,1,32,1,0
28,280170,2,2,1,22,4,21,39,12,1,1,0,28,1,12,481,12481,31,1998,1FTZF1725WNB,1,F,T,Z,F,1,7,2,5,W,N,B,0,T,FORD,F15,PK,98,17,,1,1390,1200,COF,G,,,6,256,,,,B,3800,02,E,42,0,0,000000000,00000000000,0,0,0,1,0,0,0,0,0,0,0,65,0,0,0,6,6,6,2,12,0,0,0,1,28,38858,6,1,0,0,3,0,63,145,0,0,0,0,1,2,2009,2,2009,0,0,0,0,0,2,2,65,1,1,2,1,0,0,1,17,1,1,2,32,0,0