STATE,ST_CASE,VEH_NO,VE_FORMS,NUMOCCS,DAY,MONTH,HOUR,MINUTE,HARM_EV,MAN_COLL,UNITTYPE,HIT_RUN,REG_STAT,OWNER,MAKE,MODEL,MAK_MOD,BODY_TYP,MOD_YEAR,VIN,VIN_1,VIN_2,VIN_3,VIN_4,VIN_5,VIN_6,VIN_7,VIN_8,VIN_9,VIN_10,VIN_11,VIN_12,TOW_VEH,VINTYPE,VINMAKE,VINA_MOD,VIN_BT,VINMODYR,VIN_LNGT,VIN_WGT,WGTCD_TR,WHLBS_LG,WHLBS_SH,SER_TR,FUELCODE,MCYCL_DS,CARBUR,CYLINDER,DISPLACE,MCYCL_CY,MCYCL_WT,TIRE_SZE,TON_RAT,TRK_WT,TRKWTVAR,VIN_REST,WHLDRWHL,J_KNIFE,MCARR_I1,MCARR_I2,MCARR_ID,GVWR,V_CONFIG,CARGO_BT,HAZ_INV,HAZ_PLAC,HAZ_ID,HAZ_CNO,HAZ_REL,BUS_USE,SPEC_USE,EMER_USE,TRAV_SP,UNDERIDE,ROLLOVER,ROLINLOC,IMPACT1,IMPACT2,DEFORMED,TOWED,M_HARM,VEH_SC1,VEH_SC2,FIRE_EXP,DR_PRES,L_STATE,DR_ZIP,L_STATUS,L_TYPE,CDL_STAT,L_ENDORS,L_COMPL,L_RESTRI,DR_HGT,DR_WGT,PREV_ACC,PREV_SUS,PREV_DWI,PREV_SPD,PREV_OTH,FIRST_MO,FIRST_YR,LAST_MO,LAST_YR,SPEEDREL,DR_SF1,DR_SF2,DR_SF3,DR_SF4,VTRAFWAY,VNUM_LAN,VSPD_LIM,VALIGN,VPROFILE,VPAVETYP,VSURCOND,VTRAFCON,VTCONT_F,P_CRASH1,P_CRASH2,P_CRASH3,PCRASH4,PCRASH5,ACC_TYPE,DEATHS,DR_DRINK
28,280171,1,3,3,22,4,22,44,12,2,1,0,28,2,23,481,23481,31,1983,1GTEK14H7DS5,1,G,T,E,K,1,4,H,7,D,S,5,0,T,GMC,K15,PK,83,17,,2,1315,1175,K15,G,,,8,305,,,,B,3821,03,,44,0,0,000000000,00000000000,0,0,0,1,0,0,0,0,0,0,0,65,0,0,0,12,98,6,2,12,0,0,0,1,28,38855,6,2,0,0,3,0,73,130,0,0,0,0,0,0,0,0,0,0,0,0,0,0,2,2,70,1,1,2,1,0,0,1,63,1,1,1,50,1,0
28,280171,2,3,1,22,4,22,44,12,2,1,0,28,2,20,473,20473,30,2004,1GCDS1964481,1,G,C,D,S,1,9,6,4,4,8,1,0,T,CHEV,RDO,4C,4,17,,1,0,1259,CAL,G,,,5,214,,,,,4858,00,,42,0,0,000000000,00000000000,0,0,0,1,0,0,0,0,0,0,0,65,0,0,0,12,98,6,2,12,0,0,0,1,28,38855,6,2,0,0,3,0,67,293,0,0,0,0,0,0,0,0,0,0,0,0,0,0,2,2,70,1,1,2,1,0,0,1,62,1,1,1,51,0,0
28,280171,3,3,1,22,4,22,44,12,2,1,0,28,2,55,36,55036,4,2011,KMHCM3AC4BU1,K,M,H,C,M,3,A,C,4,B,U,1,0,P,HYUN,AGL,2H,11,17,2467,,0,0,,G,,F,4,098,,,000000,,,,,,0,0,000000000,00000000000,0,0,0,1,0,0,0,0,0,0,0,999,0,0,0,12,12,6,2,12,0,0,0,1,28,38866,6,1,0,0,3,1,67,175,0,0,0,0,0,0,0,0,0,0,51,0,0,0,2,2,70,1,1,2,1,0,0,1,11,1,1,2,98,0,1
28,280172,1,2,2,23,4,2,34,12,6,1,0,28,1,21,21,21021,4,1999,1G3NL52TXXC3,1,G,3,N,L,5,2,T,X,X,C,3,0,P,OLDS,A/G,4D,99,17,2958,,0,1070,,G,,F,4,146,,,15R215,,,,,,0,0,000000000,00000000000,0,0,0,1,0,0,0,0,0,0,0,75,0,0,0,12,12,6,2,12,0,0,0,1,28,39320,6,1,0,0,3,0,69,195,0,0,0,0,0,0,0,0,0,1,38,39,0,0,2,2,65,1,1,2,1,20,3,1,17,1,4,2,86,0,0
28,280172,2,2,2,23,4,2,34,12,6,1,0,0,0,35,47,35047,4,2008,999999999999,9,9,9,9,9,9,9,9,9,9,9,9,0,,,,,,,,,,,,,,,,,,,,,,,,,0,0,000000000,00000000000,0,0,0,1,0,0,0,0,0,0,0,999,0,0,0,3,3,6,2,12,0,0,0,1,28,39350,6,2,0,0,3,1,65,170,0,0,0,0,0,0,0,0,0,0,0,0,0,0,2,2,65,1,1,2,1,20,3,1,17,1,1,2,87,2,0
28,280173,1,2,2,23,4,12,37,12,6,1,0,28,3,7,472,7472,30,2007,3D6WG48A97G7,3,D,6,W,G,4,8,A,9,7,G,7,0,T,DODG,SQ3,CH,7,17,,3,0,1635,RPC,D,,,6,408,,,,D,6488,00,E,42,0,0,000000000,00000000000,0,0,0,1,0,0,0,0,0,0,0,65,0,0,0,12,12,6,2,12,0,0,0,1,28,39367,6,1,6,0,3,0,69,250,0,0,0,0,0,0,0,0,0,0,0,0,0,0,1,2,65,1,1,2,1,20,3,1,17,1,1,1,86,0,0
28,280173,2,2,2,23,4,12,37,12,6,1,0,28,1,35,49,35049,6,2011,JN8AZ1MUXBW0,J,N,8,A,Z,1,M,U,X,B,W,0,0,P,NISS,MUR,UT,11,17,3877,,0,1112,,G,,F,6,214,,,18R235,,,,,,0,0,000000000,00000000000,0,0,0,1,0,0,0,0,0,0,0,999,0,0,0,3,3,6,2,12,0,0,0,1,28,39443,6,1,0,0,3,0,61,104,0,0,0,0,0,0,0,0,0,0,38,39,0,0,1,2,65,1,1,2,1,20,3,1,17,1,1,1,87,2,0
28,280174,1,1,1,23,4,23,10,34,0,1,0,28,1,12,23,12023,4,2007,3FAHP07Z97R2,3,F,A,H,P,0,7,Z,9,7,R,2,0,P,FORD,F/E,4D,7,17,3101,,0,1074,,G,,F,4,140,,,16R205,,,,,,0,0,000000000,00000000000,0,0,0,1,0,0,0,0,0,0,0,999,0,0,0,98,12,6,2,42,0,0,0,1,28,39350,6,1,0,0,3,1,63,194,0,0,0,0,0,0,0,0,0,0,0,0,0,0,1,2,35,4,1,2,1,0,0,14,12,1,1,4,6,1,1
28,280175,1,1,2,24,4,12,4,42,0,1,0,0,0,20,421,20421,15,1996,999999999999,9,9,9,9,9,9,9,9,9,9,9,9,0,,,,,,,,,,,,,,,,,,,,,,,,,0,0,000000000,00000000000,0,0,0,1,0,0,0,0,0,0,0,999,0,0,0,12,12,6,2,42,0,0,0,1,28,39459,6,1,0,0,3,0,70,170,0,1,1,0,0,8,2009,10,2009,0,0,0,0,0,2,2,70,1,1,2,1,0,0,1,13,1,1,4,1,2,0
28,280176,1,1,1,24,4,17,8,1,0,1,0,28,1,49,471,49471,30,1986,JT4RN64D9G50,J,T,4,R,N,6,4,D,9,G,5,0,0,T,TOYT,64D,PK,86,17,,1,0,1122,44P,G,,,4,144,,,,B,3535,01,A,44,0,0,000000000,00000000000,0,0,0,1,0,0,0,0,0,0,0,60,0,1,9,0,81,6,2,1,0,0,0,1,28,38625,6,1,0,0,3,0,68,140,0,0,0,2,0,10,2008,6,2009,0,0,0,0,0,1,2,55,1,1,2,1,0,0,1,13,1,1,4,1,1,0
28,280177,1,1,1,24,4,20,50,42,0,1,0,28,1,7,482,7482,31,2004,1D7HU18D94S5,1,D,7,H,U,1,8,D,9,4,S,5,0,T,DODG,SQ1,CW,4,17,,2,1605,1405,RPC,G,,,8,345,,,,B,5043,02,E,44,0,0,000000000,00000000000,0,0,0,1,0,0,0,0,0,0,0,999,0,0,0,12,12,6,2,42,0,0,0,1,28,39350,6,1,0,0,3,0,70,270,0,0,0,1,0,10,2008,10,2008,0,0,0,0,0,1,2,55,4,1,2,1,0,0,14,13,1,1,4,1,1,0
28,280178,1,1,1,25,4,23,19,42,0,1,0,28,1,34,35,34035,4,1999,WBADM6333XBY,W,B,A,D,M,6,3,3,3,X,B,Y,0,P,BMW,52A,4D,99,17,3549,,0,1114,,G,,F,6,170,,,15R225,,,,,,0,0,000000000,00000000000,0,0,0,1,0,0,0,0,0,0,0,80,0,0,0,82,82,6,2,42,0,0,0,1,28,39564,6,1,0,0,3,0,65,110,0,0,0,3,0,11,2009,12,2010,1,0,0,0,0,1,2,45,4,1,2,1,0,0,14,13,1,1,4,1,1,0
28,280179,1,2,2,26,4,15,22,12,1,1,0,28,1,20,481,20481,31,1991,1GCDC14H7MZ1,1,G,C,D,C,1,4,H,7,M,Z,1,0,T,CHEV,GC1,PK,91,17,,1,1315,1175,GM4,G,,,8,305,,,,B,00000,00,,42,0,0,000000000,00000000000,0,0,0,1,0,0,0,0,0,0,0,40,0,0,0,6,6,6,2,12,0,0,0,1,28,38869,6,1,0,0,3,0,64,225,0,0,0,0,0,0,0,0,0,0,0,0,0,0,1,2,30,4,1,2,1,0,0,14,11,1,1,2,32,0,0
28,280179,2,2,1,26,4,15,22,12,1,1,0,0,0,12,481,12481,31,1971,999999999999,9,9,9,9,9,9,9,9,9,9,9,9,0,,,,,,,,,,,,,,,,,,,,,,,,,0,0,000000000,00000000000,0,0,0,1,0,0,0,0,0,0,0,45,0,0,0,12,12,6,2,12,0,0,0,1,28,38869,0,0,0,0,0,0,999,999,99,99,99,99,99,99,9999,99,9999,0,26,0,0,0,1,2,30,4,1,2,1,0,0,14,11,1,1,1,32,1,0
28,280180,1,1,1,27,4,3,42,30,0,1,0,28,3,84,884,84884,66,2007,1HSHXAHR47J3,1,H,S,H,X,A,H,R,4,7,J,3,1,T,INTL,860,TR,7,17,,8,0,0,80S,D,,,6,661,,,,,00000,00,,64,1,56,248025,56248025,3,19,2,1,0,0,0,0,0,0,0,999,0,0,0,98,12,6,2,42,0,0,0,1,28,38655,6,1,6,0,3,0,76,180,0,0,0,0,0,0,0,0,0,0,0,0,0,0,1,2,55,1,1,2,2,0,0,1,13,1,1,4,1,1,0
28,280181,1,2,1,28,4,11,32,12,2,1,0,28,2,7,43,7043,4,2006,1B3EL46X86N1,1,B,3,E,L,4,6,X,8,6,N,1,0,P,DODG,SRX,4D,6,17,3106,,0,1080,,G,,F,4,146,,,16R205,,,,,,0,0,000000000,00000000000,0,0,0,1,0,0,0,0,0,0,0,35,0,0,0,12,12,6,2,12,0,0,0,1,28,39301,6,1,0,0,3,0,76,260,0,0,0,0,0,0,0,0,0,0,51,0,0,0,1,2,35,4,1,2,1,0,0,14,11,1,1,2,50,0,0
28,280181,2,2,1,28,4,11,32,12,2,1,0,28,1,72,709,72709,80,2008,1HD1BW51X8Y0,1,H,D,1,B,W,5,1,X,8,Y,0,0,M,HD,STC,RS,8,17,,,,,,,1584,,2,,4,750,,,,,,,0,0,000000000,00000000000,0,0,0,1,0,0,0,0,0,0,0,35,0,0,0,12,12,6,2,12,0,0,0,1,28,39305,6,1,0,0,3,1,71,220,0,0,0,0,0,0,0,0,0,0,0,0,0,0,1,2,35,4,1,2,1,0,0,14,62,1,1,1,51,1,0
28,280182,1,1,1,28,4,14,42,31,0,1,0,0,0,7,472,7472,30,1990,999999999999,9,9,9,9,9,9,9,9,9,9,9,9,0,,,,,,,,,,,,,,,,,,,,,,,,,0,0,000000000,00000000000,0,0,0,1,0,0,0,0,0,0,0,55,0,1,9,11,13,6,2,1,0,0,0,1,28,38655,6,1,0,0,3,1,77,230,0,0,0,0,0,0,0,0,0,0,58,0,0,0,1,2,55,1,2,2,1,0,0,1,13,1,1,4,1,1,0
28,280183,1,2,1,28,4,19,22,12,6,1,0,28,1,37,709,37709,80,2005,JH2RC44055M8,J,H,2,R,C,4,4,0,5,5,M,8,0,M,HOND,T7C,RS,5,17,,,,,,,745,,2,,4,496,,,,,,,0,0,000000000,00000000000,0,0,0,1,0,0,0,0,0,0,0,999,0,0,0,12,12,6,2,12,0,0,0,1,22,70460,6,1,0,0,3,0,70,185,0,0,0,0,0,0,0,0,0,0,0,0,0,0,2,4,65,1,1,2,1,20,3,1,17,1,1,1,86,1,0
28,280183,2,2,1,28,4,19,22,12,6,1,0,28,2,47,35,47035,4,2008,YS3FB49Y0811,Y,S,3,F,B,4,9,Y,0,8,1,1,0,P,SAA,93T,4D,8,17,3285,,0,1053,,G,,T,4,122,,,16R215,,,,,,0,0,000000000,00000000000,0,0,0,1,0,0,0,0,0,0,0,10,0,0,0,5,5,6,2,12,0,0,0,1,28,39520,6,2,0,0,3,0,60,97,0,0,0,0,0,0,0,0,0,0,38,39,0,0,2,4,65,1,1,2,1,20,3,1,17,1,1,2,87,0,0
28,280184,1,1,2,30,4,23,5,35,0,1,0,0,0,37,732,37732,90,2007,999999999999,9,9,9,9,9,9,9,9,9,9,9,9,0,,,,,,,,,,,,,,,,,,,,,,,,,0,0,000000000,00000000000,0,0,0,1,0,0,0,0,0,0,0,35,0,0,0,12,12,6,2,35,0,0,0,1,28,39047,6,1,0,0,3,1,62,145,0,0,0,0,0,0,0,0,0,1,0,0,0,0,1,2,25,1,2,2,1,0,0,1,12,1,1,4,1,1,1
28,280185,1,1,4,1,5,15,43,35,0,1,0,22,2,20,431,20431,16,2003,1GNEC16Z13J1,1,G,N,E,C,1,6,Z,1,3,J,1,0,P,CHEV,C15,UT,3,17,4914,,0,1300,,F,,F,8,325,,,16R265,,,,,,0,0,000000000,00000000000,0,0,0,1,0,0,0,0,0,0,0,999,0,1,9,12,13,6,2,1,0,0,0,1,22,70422,6,1,0,0,3,0,67,122,0,0,0,0,0,0,0,0,0,0,80,0,0,0,2,2,70,1,1,2,1,0,0,1,12,1,1,4,6,2,0
28,280186,1,1,1,2,5,10,59,8,0,1,0,28,2,20,22,20022,4,2008,1G1AM58B6871,1,G,1,A,M,5,8,B,6,8,7,1,0,P,CHEV,BSP,4D,8,17,3216,,0,1033,,G,,F,4,146,,,17R205,,,,,,0,0,000000000,00000000000,0,0,0,1,0,0,0,0,0,0,0,20,0,0,0,12,12,6,2,8,0,0,0,1,28,38732,6,1,0,0,3,0,69,143,0,0,0,0,0,0,0,0,0,0,0,0,0,0,2,4,30,1,1,2,1,20,3,1,80,1,1,1,13,0,0
28,280187,1,1,1,2,5,20,50,8,0,1,0,28,2,52,47,52047,6,2005,JA4LX31F85U0,J,A,4,L,X,3,1,F,8,5,U,0,0,P,MITS,OUT,UT,5,17,3241,,0,1033,,G,,F,4,146,,,16R225,,,,,,0,0,000000000,00000000000,0,0,0,1,0,0,0,0,0,0,0,45,0,0,0,12,12,6,2,8,0,0,0,1,28,39095,0,0,0,0,0,0,999,999,99,99,99,99,99,99,9999,99,9999,0,0,0,0,0,1,2,55,1,1,2,1,0,0,1,80,1,1,1,13,0,0
28,280188,1,1,1,3,5,9,23,1,0,1,0,28,1,35,471,35471,30,1993,1N6SD16S8PC4,1,N,6,S,D,1,6,S,8,P,C,4,0,T,NISS,KNG,PC,93,17,,1,0,1161,TRK,G,,,4,146,,,,B,2845,01,A,42,0,0,000000000,00000000000,0,0,0,1,0,0,0,0,0,0,0,999,0,1,9,0,13,6,2,1,0,0,0,1,12,32566,6,1,0,0,3,0,67,122,0,0,0,0,0,0,0,0,0,0,58,0,0,0,2,2,65,1,1,2,1,0,0,1,10,1,1,4,1,1,0
28,280189,1,2,3,3,5,19,1,12,2,1,0,48,1,54,39,54039,4,2007,JH4CL96867C0,J,H,4,C,L,9,6,8,6,7,C,0,0,P,ACUR,TSX,4D,7,17,3345,,0,1051,,G,,F,4,146,,,17R215,,,,,,0,0,000000000,00000000000,0,0,0,1,0,0,0,0,0,0,0,45,0,0,0,12,12,6,2,12,0,0,0,1,48,77479,6,1,0,0,3,0,70,185,0,0,0,0,0,0,0,0,0,1,51,0,0,0,2,2,35,4,2,2,2,0,0,14,11,1,1,2,50,1,0
28,280189,2,2,1,3,5,19,1,12,2,1,0,28,1,38,402,38402,14,2001,4S2CK58D8143,4,S,2,C,K,5,8,D,8,1,4,3,0,P,ISU,ROD,UT,1,17,3709,,0,1064,,G,,F,4,133,,,16R225,,,,,,0,0,000000000,00000000000,0,0,0,1,0,0,0,0,0,0,0,40,0,0,0,12,12,6,2,12,0,0,0,1,28,39531,6,1,0,0,3,0,71,175,0,0,0,0,0,0,0,0,0,0,0,0,0,0,2,2,35,4,2,2,2,0,0,14,63,1,1,2,51,0,0
28,280190,1,2,2,4,5,14,46,12,2,1,0,28,1,18,2,18002,4,2001,2G4WS52J5112,2,G,4,W,S,5,2,J,5,1,1,2,0,P,BUIC,CCU,4D,1,17,3368,,0,1090,,G,,F,6,191,,,15R205,,,,,,0,0,000000000,00000000000,0,0,0,1,0,0,0,0,0,0,0,20,0,0,0,12,12,6,2,12,0,0,0,1,28,38652,6,1,0,0,3,0,64,165,0,0,0,0,0,0,0,0,0,0,0,0,0,0,1,2,55,1,1,2,1,0,0,1,62,1,1,1,50,0,0
28,280190,2,2,1,4,5,14,46,12,2,1,0,28,1,22,2,22002,4,1991,1G2HX54C5M12,1,G,2,H,X,5,4,C,5,M,1,2,0,P,PONT,BLE,4D,91,17,3323,,0,1108,,G,,F,6,231,,,15R215,,,,,,0,0,000000000,00000000000,0,0,0,1,0,0,0,0,0,0,0,55,0,0,0,12,12,6,2,12,0,0,0,1,28,38652,6,1,0,0,3,0,71,180,0,1,1,0,0,8,2009,11,2009,0,51,0,0,0,1,2,55,1,1,2,1,0,0,1,10,1,1,1,51,1,1
28,280191,1,1,1,5,5,17,13,42,0,1,0,28,2,20,431,20431,16,2003,1GNEC16Z23J1,1,G,N,E,C,1,6,Z,2,3,J,1,0,P,CHEV,C15,UT,3,17,4914,,0,1300,,F,,F,8,325,,,16R265,,,,,,0,0,000000000,00000000000,0,0,0,1,0,0,0,0,0,0,0,999,0,0,0,12,12,6,2,42,0,0,0,1,28,39168,6,1,0,0,3,1,60,195,0,0,0,0,0,0,0,0,0,0,0,0,0,0,1,2,30,2,2,2,1,0,0,14,12,1,1,4,1,1,0
28,280192,1,2,1,6,5,18,45,12,6,1,0,28,2,72,709,72709,80,2001,1HD1BXB191Y0,1,H,D,1,B,X,B,1,9,1,Y,0,0,M,HD,ISF,RS,1,17,,,,,,,1450,,2,,4,666,,,,,,,0,0,000000000,00000000000,0,0,0,1,0,0,0,0,0,0,0,70,0,0,0,12,12,6,2,12,0,0,0,1,28,39170,0,0,0,0,0,0,999,999,99,99,99,99,99,99,9999,99,9999,1,38,39,0,0,1,2,20,1,1,2,1,20,3,1,17,1,1,2,86,1,1
28,280192,2,2,1,6,5,18,45,12,6,1,0,28,1,20,2,20002,4,2009,2G1WB57K9911,2,G,1,W,B,5,7,K,9,9,1,1,0,P,CHEV,IPL,4D,9,17,3555,,0,1105,,F,,F,6,214,,,16R225,,,,,,0,0,000000000,00000000000,0,0,0,1,0,0,0,0,0,0,0,10,0,0,0,3,3,6,2,12,0,0,0,1,28,39046,6,1,0,0,3,1,61,150,0,0,0,0,0,0,0,0,0,0,0,0,0,0,1,2,20,1,1,2,1,0,0,1,62,1,1,2,87,0,0
28,280193,1,2,1,7,5,20,2,12,2,1,0,28,2,20,481,20481,31,1998,2GCEC19R9W12,2,G,C,E,C,1,9,R,9,W,1,2,0,T,CHEV,GC1,PC,98,17,,2,1555,1415,GM4,G,,,8,350,,,,B,4145,03,,42,0,0,000000000,00000000000,0,0,0,1,0,0,0,0,0,0,0,999,0,0,0,12,12,6,2,12,0,0,0,1,28,39573,6,1,0,0,3,0,72,155,0,0,0,0,0,0,0,0,0,0,51,0,0,0,1,2,30,4,1,2,1,0,0,14,11,1,1,2,50,0,1
28,280193,2,2,1,7,5,20,2,12,2,1,0,28,2,23,481,23481,31,1995,1GTEK19KXSE5,1,G,T,E,K,1,9,K,X,S,E,5,0,T,GMC,SK1,PC,95,17,,2,1555,1415,SIE,G,,,8,350,,,,B,4068,00,M,44,0,0,000000000,00000000000,0,0,0,1,0,0,0,0,0,0,0,999,0,0,0,12,12,6,2,12,0,0,0,1,28,39503,6,1,6,0,3,0,70,160,0,0,0,0,0,0,0,0,0,0,0,0,0,0,1,2,30,4,1,2,1,0,0,14,62,1,1,2,51,1,0
28,280194,1,1,1,8,5,2,17,42,0,1,0,28,1,20,9,20009,2,1998,2G1FP22K6W21,2,G,1,F,P,2,2,K,6,W,2,1,0,P,CHEV,CAM,CP,98,17,3331,,0,1011,,G,,F,6,231,,,16R215,,,,,,0,0,000000000,00000000000,0,0,0,1,0,0,0,0,0,0,0,999,0,0,0,12,12,6,2,42,0,0,0,1,28,39117,6,1,6,0,3,0,71,140,0,0,0,0,2,10,2008,1,2011,0,28,0,0,0,1,2,55,4,3,2,1,0,0,14,13,1,1,4,1,1,0
28,280195,1,1,3,8,5,3,0,5,0,1,0,0,0,49,472,49472,30,1996,4TAPN62N3TZ0,4,T,A,P,N,6,2,N,3,T,Z,0,0,T,TOYT,REG,PK,96,17,,1,0,1033,TAC,G,,,6,206,,,,B,3240,00,M,44,0,0,000000000,00000000000,0,0,0,1,0,0,0,0,0,0,0,70,0,0,0,0,0,0,1,5,0,0,0,1,22,70765,6,1,0,0,3,0,70,180,0,0,0,0,0,0,0,0,0,0,0,0,0,0,2,2,70,1,1,2,1,0,0,1,18,1,1,1,0,1,0
28,280196,1,1,1,9,5,1,27,34,0,1,0,28,1,7,24,7024,4,2010,2B3CA3CV2AH1,2,B,3,C,A,3,C,V,2,A,H,1,0,P,DODG,CHS,4D,10,17,3820,,0,1200,,G,,F,6,214,,,17R215,,,,,,0,0,000000000,00000000000,0,0,0,1,0,0,0,0,0,0,0,999,0,0,0,12,12,6,2,42,0,0,0,1,28,39769,6,1,0,0,3,0,72,215,0,0,0,0,0,0,0,0,0,0,28,0,0,0,1,2,55,1,1,2,1,0,0,1,13,1,1,4,1,1,1
28,280197,1,1,1,10,5,7,8,35,0,1,0,28,1,20,481,20481,31,2010,3GCRKSE30AG1,3,G,C,R,K,S,E,3,0,A,G,1,0,T,CHEV,2SK,CW,10,17,,2,0,1435,SIL,F,,,8,323,,,,B,5346,00,,44,0,0,000000000,00000000000,0,0,0,1,0,0,0,0,0,0,0,999,0,0,0,12,12,6,2,35,0,0,0,1,28,38930,6,1,0,0,3,1,73,180,0,0,0,1,3,3,2009,10,2010,0,0,0,0,0,1,2,55,1,1,2,1,0,0,1,13,1,1,4,1,1,0
28,280198,1,1,1,10,5,11,48,42,0,1,0,28,1,6,52,6052,6,2005,3C8FY58B15T5,3,C,8,F,Y,5,8,B,1,5,T,5,0,P,CHRY,PTC,SV,5,17,3033,,0,1030,,G,,F,4,148,,,15R195,,,,,,0,0,000000000,00000000000,0,0,0,1,0,0,0,0,0,0,0,999,0,0,0,1,1,6,2,42,0,0,0,1,28,39191,6,1,0,0,3,1,65,120,0,0,0,0,0,0,0,0,0,0,0,0,0,0,1,2,45,4,2,2,1,0,0,14,12,1,1,4,6,1,0
28,280199,1,2,1,13,5,8,20,12,6,1,0,28,2,51,884,51884,66,1998,4VG7DARH3WN7,4,V,G,7,D,A,R,H,3,W,N,7,1,T,VOLV,VVN,TR,98,17,,8,0,0,VVN,D,,,6,774,,,,,00000,00,,64,1,99,999999999,99999999999,3,6,8,1,0,0,0,0,0,0,0,5,0,0,0,9,9,6,2,12,0,0,0,1,28,38941,6,1,6,0,3,0,70,185,0,0,0,0,0,0,0,0,0,0,0,0,0,0,2,2,65,1,1,2,2,20,3,1,17,1,1,1,86,0,0
28,280199,2,2,1,13,5,8,20,12,6,1,0,28,2,59,403,59403,14,2004,JTJGA31U9400,J,T,J,G,A,3,1,U,9,4,0,0,0,P,LEXS,R33,UT,4,17,3860,,0,1069,,G,,F,6,202,,,17R225,,,,,,0,0,000000000,00000000000,0,0,0,1,0,0,0,0,0,0,0,999,0,0,0,1,1,6,2,12,0,0,0,1,28,38751,6,1,0,0,3,0,70,160,0,0,0,0,0,0,0,0,0,0,38,39,0,0,2,2,65,1,1,2,2,20,3,1,63,1,1,1,87,1,0
28,280200,1,2,2,13,5,12,50,12,6,1,0,28,1,20,481,20481,31,2003,1GCCS14H8382,1,G,C,C,S,1,4,H,8,3,8,2,0,T,CHEV,S14,PK,3,17,,1,0,1083,S,G,,,4,133,,,,B,3016,01,,42,0,0,000000000,00000000000,0,0,0,1,0,0,0,0,0,0,0,999,0,0,0,3,3,6,2,12,0,0,0,1,28,39730,6,1,0,0,3,0,70,165,0,0,0,0,0,0,0,0,0,0,0,0,0,0,2,2,65,1,1,2,1,0,0,1,11,1,1,2,48,1,0
28,280200,2,2,1,13,5,12,50,12,6,1,0,28,2,51,884,51884,66,2008,4V4NC9TG48N4,4,V,4,N,C,9,T,G,4,8,N,4,1,T,VOLV,VNL,TR,8,17,,8,0,0,VVN,D,,,6,915,,,,,00000,00,,64,1,56,428823,56428823,3,19,1,1,0,0,0,0,0,0,0,60,0,0,0,11,12,6,2,12,0,0,0,1,47,38141,6,1,6,0,3,0,70,195,0,0,0,0,0,0,0,0,0,0,26,0,0,0,2,2,65,1,1,2,1,0,0,1,62,1,1,1,48,0,0
28,280201,1,2,1,13,5,21,47,12,6,1,0,28,2,12,17,12017,4,2004,1FAFP53214A2,1,F,A,F,P,5,3,2,1,4,A,2,0,P,FORD,TSE,4D,4,17,3306,,0,1085,,F,,F,6,182,,,16R215,,,,,,0,0,000000000,00000000000,0,0,0,1,0,0,0,0,0,0,0,55,0,0,0,12,12,6,2,12,0,0,0,1,28,39073,6,1,0,0,3,0,70,155,0,0,0,2,0,8,2010,10,2010,0,0,0,0,0,1,2,55,1,1,2,1,20,3,1,17,1,1,1,88,0,0
28,280201,2,2,3,13,5,21,47,12,6,1,0,28,1,12,13,12013,4,2002,3FAFP11312R2,3,F,A,F,P,1,1,3,1,2,R,2,0,P,FORD,ZX2,CP,2,17,2478,,0,984,,G,,F,4,121,,,15R185,,,,,,0,0,000000000,00000000000,0,0,0,1,0,0,0,0,0,0,0,999,0,0,0,7,7,6,2,12,0,0,0,1,28,39114,6,1,0,0,3,0,71,200,0,0,0,0,0,0,0,0,0,0,38,39,0,0,1,2,55,1,1,2,1,20,3,1,17,1,1,1,89,1,0
28,280202,1,2,1,14,5,0,45,12,2,1,0,28,3,63,34,63034,4,2010,KNAGG4A84A53,K,N,A,G,G,4,A,8,4,A,5,3,0,P,KIA,OLX,4D,10,17,3157,,0,1071,,G,,F,4,144,,,16R205,,,,,,0,0,000000000,00000000000,0,0,0,1,0,0,0,0,0,0,0,999,0,0,0,12,12,6,2,12,0,0,0,1,22,70053,6,1,0,0,3,0,70,200,0,0,0,0,0,0,0,0,0,0,51,0,0,0,2,2,55,4,1,2,1,0,0,14,11,1,1,2,50,0,0
28,280202,2,2,2,14,5,0,45,12,2,1,0,28,1,20,37,20037,4,2005,1G1ZT54805F1,1,G,1,Z,T,5,4,8,0,5,F,1,0,P,CHEV,M/L,4D,5,17,3297,,0,1063,,G,,F,6,214,,,15R205,,,,,,0,0,000000000,00000000000,0,0,0,1,0,0,0,0,0,0,0,999,0,0,0,12,12,6,2,12,0,0,0,1,28,39159,6,1,0,0,3,0,66,125,0,0,0,0,0,0,0,0,0,0,0,0,0,0,2,2,55,4,1,2,1,0,0,14,63,1,1,2,51,1,0
28,280203,1,1,1,14,5,7,53,30,0,1,0,28,1,14,38,14038,3,1999,1ZWFT61L1X56,1,Z,W,F,T,6,1,L,1,X,5,6,0,P,MERC,CU6,2H,99,17,2941,,0,1064,,G,,F,6,155,,,16R215,,,,,,0,0,000000000,00000000000,0,0,0,1,0,0,0,0,0,0,0,999,0,0,0,12,12,6,2,30,0,0,0,1,28,39540,6,1,0,0,3,0,64,120,0,0,0,0,0,0,0,0,0,0,28,0,0,0,1,2,40,1,3,2,1,0,0,1,12,1,1,4,6,1,0