STATE,ST_CASE,VEH_NO,VE_FORMS,NUMOCCS,DAY,MONTH,HOUR,MINUTE,HARM_EV,MAN_COLL,UNITTYPE,HIT_RUN,REG_STAT,OWNER,MAKE,MODEL,MAK_MOD,BODY_TYP,MOD_YEAR,VIN,VIN_1,VIN_2,VIN_3,VIN_4,VIN_5,VIN_6,VIN_7,VIN_8,VIN_9,VIN_10,VIN_11,VIN_12,TOW_VEH,VINTYPE,VINMAKE,VINA_MOD,VIN_BT,VINMODYR,VIN_LNGT,VIN_WGT,WGTCD_TR,WHLBS_LG,WHLBS_SH,SER_TR,FUELCODE,MCYCL_DS,CARBUR,CYLINDER,DISPLACE,MCYCL_CY,MCYCL_WT,TIRE_SZE,TON_RAT,TRK_WT,TRKWTVAR,VIN_REST,WHLDRWHL,J_KNIFE,MCARR_I1,MCARR_I2,MCARR_ID,GVWR,V_CONFIG,CARGO_BT,HAZ_INV,HAZ_PLAC,HAZ_ID,HAZ_CNO,HAZ_REL,BUS_USE,SPEC_USE,EMER_USE,TRAV_SP,UNDERIDE,ROLLOVER,ROLINLOC,IMPACT1,IMPACT2,DEFORMED,TOWED,M_HARM,VEH_SC1,VEH_SC2,FIRE_EXP,DR_PRES,L_STATE,DR_ZIP,L_STATUS,L_TYPE,CDL_STAT,L_ENDORS,L_COMPL,L_RESTRI,DR_HGT,DR_WGT,PREV_ACC,PREV_SUS,PREV_DWI,PREV_SPD,PREV_OTH,FIRST_MO,FIRST_YR,LAST_MO,LAST_YR,SPEEDREL,DR_SF1,DR_SF2,DR_SF3,DR_SF4,VTRAFWAY,VNUM_LAN,VSPD_LIM,VALIGN,VPROFILE,VPAVETYP,VSURCOND,VTRAFCON,VTCONT_F,P_CRASH1,P_CRASH2,P_CRASH3,PCRASH4,PCRASH5,ACC_TYPE,DEATHS,DR_DRINK
28,280232,1,2,2,26,5,11,34,12,2,1,0,28,2,20,421,20421,15,1995,1GNCS13W8S22,1,G,N,C,S,1,3,W,8,S,2,2,0,P,CHEV,BZR,UT,95,17,3666,,0,1070,,G,,F,6,262,,,15R205,,,,,,0,0,000000000,00000000000,0,0,0,1,0,0,0,0,0,0,0,35,0,0,0,12,12,6,2,12,0,0,0,1,28,39475,6,1,0,0,3,0,67,115,0,0,0,0,0,0,0,0,0,1,51,0,0,0,1,2,35,4,3,2,2,0,0,14,11,1,1,2,50,1,0
28,280232,2,2,1,26,5,11,34,12,2,1,0,28,1,49,482,49482,31,2010,5TFUW5F15AX0,5,T,F,U,W,5,F,1,5,A,X,0,0,T,TOYT,DBS,CW,10,17,,2,0,1457,TUN,F,,,8,348,,,,B,5460,00,7,44,0,0,000000000,00000000000,0,0,0,1,0,0,0,0,0,0,0,35,0,0,0,12,12,6,2,12,0,0,0,1,28,39401,6,1,0,0,3,1,69,150,0,0,0,0,0,0,0,0,0,0,0,0,0,0,1,2,35,4,3,2,2,0,0,14,62,1,1,2,51,0,0
28,280233,1,2,1,26,5,12,47,12,6,1,0,28,3,82,884,82884,66,2000,1FUPDSZB3YMF,1,F,U,P,D,S,Z,B,3,Y,M,F,1,T,FRHT,FLD,TR,0,17,,8,0,0,CON,D,,,6,774,,,,,00000,00,,64,1,56,1170359,561170359,3,19,4,1,0,0,0,0,0,0,0,63,0,0,0,12,12,6,2,12,0,0,0,1,28,39702,6,1,6,0,3,0,70,185,0,0,0,2,0,7,2008,3,2010,0,0,0,0,0,2,2,70,1,1,2,1,0,0,1,11,1,1,1,67,0,0
28,280233,2,2,2,26,5,12,47,12,6,1,0,0,0,49,40,49040,4,2008,999999999999,9,9,9,9,9,9,9,9,9,9,9,9,0,,,,,,,,,,,,,,,,,,,,,,,,,0,0,000000000,00000000000,0,0,0,1,0,0,0,0,0,0,0,999,0,0,0,9,9,6,2,12,0,0,0,1,22,71111,6,1,0,0,3,0,67,200,0,0,0,0,0,0,0,0,0,0,51,0,0,0,2,2,70,1,1,2,1,0,0,1,10,1,1,2,67,2,0
28,280234,1,1,3,27,5,9,28,35,0,1,0,28,2,12,422,12422,15,1999,1FMZU32E1XUA,1,F,M,Z,U,3,2,E,1,X,U,A,0,P,FORD,EPR,UT,99,17,3891,,0,1116,,G,,F,6,245,,,15R225,,,,,,0,0,000000000,00000000000,0,0,0,1,0,0,0,0,0,0,0,70,0,1,9,98,13,6,2,1,0,0,0,1,28,38655,6,1,0,0,3,1,60,190,0,0,0,0,0,0,0,0,0,0,0,0,0,0,1,2,65,1,1,2,1,0,0,1,13,1,1,4,1,1,0
28,280235,1,1,1,27,5,15,31,42,0,1,0,28,1,20,32,20032,4,1993,1Y1SK5382PZ0,1,Y,1,S,K,5,3,8,2,P,Z,0,0,P,GEO,PRL,4D,93,17,2359,,0,971,,G,,F,4,110,,,14R175,,,,,,0,0,000000000,00000000000,0,0,0,1,0,0,0,0,0,0,0,999,0,0,0,12,12,6,2,42,0,0,0,1,28,39338,6,1,0,0,3,0,63,138,0,0,0,0,0,0,0,0,0,0,0,0,0,0,1,2,55,4,2,2,1,0,0,14,13,1,1,4,1,1,0
28,280236,1,1,1,27,5,21,57,1,0,1,0,28,1,20,402,20402,14,1998,2CNBJ1863W69,2,C,N,B,J,1,8,6,3,W,6,9,0,P,CHEV,TKR,UT,98,17,2555,,0,866,,G,,F,4,097,,,15R205,,,,,,0,0,000000000,00000000000,0,0,0,1,0,0,0,0,0,0,0,999,0,1,9,0,62,6,2,1,0,0,0,1,28,39656,6,1,0,0,3,0,68,150,0,0,0,0,0,0,0,0,0,0,58,0,0,0,1,2,45,1,1,2,1,0,0,1,13,1,1,4,1,1,1
28,280237,1,1,1,28,5,3,26,34,0,1,0,28,1,42,44,42044,2,1995,WDBFA67E5SF1,W,D,B,F,A,6,7,E,5,S,F,1,0,P,MERZ,SL5,CV,95,17,4045,,0,990,,G,,F,8,303,,,16R225,,,,,,0,0,000000000,00000000000,0,0,0,1,0,0,0,0,0,0,0,999,0,0,0,98,98,6,2,34,0,0,0,1,28,38851,6,1,6,0,3,1,66,140,0,0,0,0,0,0,0,0,0,0,0,0,0,0,1,2,55,1,1,2,1,0,0,1,13,1,1,4,1,1,1
28,280238,1,1,1,29,5,5,5,42,0,1,0,28,2,20,37,20037,4,2005,1G1ZT528X5F3,1,G,1,Z,T,5,2,8,X,5,F,3,0,P,CHEV,M/L,4D,5,17,3297,,0,1063,,G,,F,6,214,,,15R205,,,,,,0,0,000000000,00000000000,0,0,0,1,0,0,0,0,0,0,0,999,0,0,0,12,12,6,2,42,0,0,0,1,28,38953,6,1,0,0,3,1,70,135,0,0,0,0,0,0,0,0,0,0,8,0,0,0,1,2,55,1,1,2,1,0,0,1,12,1,1,4,6,1,1
28,280239,1,1,1,30,5,13,41,35,0,1,0,22,1,7,24,7024,4,2011,2B3CL3CG1BH5,2,B,3,C,L,3,C,G,1,B,H,5,0,P,DODG,CHA,4D,11,17,3961,,0,1200,,F,,F,6,220,,,17R215,,,,,,0,0,000000000,00000000000,0,0,0,1,0,0,0,0,0,0,0,999,0,0,0,98,98,6,2,42,0,0,0,1,22,70737,6,1,0,0,3,0,70,195,0,0,0,0,0,0,0,0,0,0,0,0,0,0,2,2,70,1,2,2,1,0,0,1,13,1,1,4,1,1,0
28,280240,1,1,8,30,5,13,55,21,0,1,0,28,1,20,431,20431,16,2003,1GNEC16Z63J1,1,G,N,E,C,1,6,Z,6,3,J,1,0,P,CHEV,C15,UT,3,17,4914,,0,1300,,F,,F,8,325,,,16R265,,,,,,0,0,000000000,00000000000,0,0,0,1,0,0,0,0,0,0,0,999,0,0,0,12,12,6,2,21,0,0,0,1,28,38632,6,1,0,0,3,0,70,158,0,0,0,0,0,0,0,0,0,0,80,0,0,0,2,2,65,1,1,2,1,0,0,1,12,6,3,4,2,4,0
28,280241,1,1,7,30,5,15,9,1,0,1,0,28,1,12,422,12422,15,1996,1FMDU32P1TZB,1,F,M,D,U,3,2,P,1,T,Z,B,0,P,FORD,EPR,UT,96,17,3952,,0,1115,,G,,F,8,302,,,15R225,,,,,,0,0,000000000,00000000000,0,0,0,1,0,0,0,0,0,0,0,70,0,1,9,0,13,6,2,1,0,0,0,1,22,70053,6,1,0,0,3,0,66,125,0,0,0,0,0,0,0,0,0,0,0,0,0,0,2,2,70,1,1,2,1,0,0,1,12,1,1,4,1,1,0
28,280242,1,1,1,30,5,16,28,35,0,1,0,28,2,37,709,37709,80,2003,JH2SC50033M1,J,H,2,S,C,5,0,0,3,3,M,1,0,M,HOND,CR9,RC,3,17,,,,,,,954,,4,,4,370,,,,,,,0,0,000000000,00000000000,0,0,0,1,0,0,0,0,0,0,0,55,0,0,0,12,12,6,2,35,0,0,0,1,28,39564,6,1,0,0,3,0,70,155,0,0,0,1,1,2,2009,5,2009,1,0,0,0,0,1,2,40,1,1,2,1,0,0,10,12,1,1,4,1,1,0
28,280243,1,1,4,31,5,1,45,34,0,1,0,28,1,35,401,35401,14,1995,JN8HD17S0SW0,J,N,8,H,D,1,7,S,0,S,W,0,0,P,NISS,PFI,UT,95,17,3686,,0,1043,,G,,F,6,181,,,15R235,,,,,,0,0,000000000,00000000000,0,0,0,1,0,0,0,0,0,0,0,55,0,1,9,82,98,6,2,1,0,0,0,1,28,39073,6,1,0,0,3,0,68,165,0,0,0,0,0,0,0,0,0,0,0,0,0,0,2,2,45,1,1,2,1,0,0,1,13,1,1,4,1,1,1
28,280244,1,1,1,31,5,12,15,35,0,1,0,28,1,18,3,18003,4,1997,1G4CW52KXV46,1,G,4,C,W,5,2,K,X,V,4,6,0,P,BUIC,PKA,4D,97,17,3788,,0,1138,,G,,F,6,231,,,16R225,,,,,,0,0,000000000,00000000000,0,0,0,1,0,0,0,0,0,0,0,999,0,0,0,98,98,6,2,35,0,0,0,1,28,38924,6,1,0,0,3,0,67,250,0,0,0,0,0,0,0,0,0,0,28,0,0,0,2,2,55,1,1,2,1,0,0,1,12,1,1,4,6,1,0
28,280245,1,2,1,31,5,15,14,12,6,1,0,28,1,20,16,20016,2,1989,1G1JC1110KJ1,1,G,1,J,C,1,1,1,0,K,J,1,0,P,CHEV,CAV,CP,89,17,2418,,0,1012,,G,,F,4,121,,,13R185,,,,,,0,0,000000000,00000000000,0,0,0,1,0,0,0,0,0,0,0,999,0,0,0,12,12,6,2,12,0,0,0,1,28,39047,6,1,0,0,3,0,67,215,0,0,0,1,0,12,2009,12,2009,0,38,39,0,0,2,2,65,1,1,2,1,3,3,1,17,1,1,1,86,1,0
28,280245,2,2,1,31,5,15,14,12,6,1,0,28,3,87,884,87884,66,2009,1XPXD49X09D7,1,X,P,X,D,4,9,X,0,9,D,7,1,T,PTRB,389,TR,9,17,,8,0,0,CON,D,,,6,915,,,,,00000,00,,64,1,56,1772645,561772645,3,19,3,1,0,0,0,0,0,0,0,60,0,0,0,3,3,6,2,12,0,0,0,1,28,39339,6,1,6,0,3,0,70,180,0,0,0,0,0,0,0,0,0,0,0,0,0,0,2,2,65,1,1,2,1,3,3,1,63,1,1,2,87,0,0
28,280246,1,1,1,12,5,12,48,42,0,1,0,28,2,35,473,35473,31,2004,1N6AA06A14N5,1,N,6,A,A,0,6,A,1,4,N,5,0,T,NISS,TXS,PC,4,17,,2,0,1398,TTN,G,,,8,342,,,,C,4603,03,E,42,0,0,000000000,00000000000,0,0,0,1,0,0,0,0,0,0,0,999,0,1,9,98,98,6,2,1,0,0,0,1,28,38732,6,1,0,0,3,0,70,180,0,0,0,0,0,0,0,0,0,0,0,0,0,0,1,2,55,4,3,2,1,0,0,14,12,1,1,4,1,1,0
28,280247,1,1,3,14,5,4,17,42,0,1,0,28,2,21,2,21002,4,1999,1G3HN52K8X48,1,G,3,H,N,5,2,K,8,X,4,8,0,P,OLDS,8LW,4D,99,17,3455,,0,1108,,G,,F,6,231,,,15R205,,,,,,0,0,000000000,00000000000,0,0,0,1,0,0,0,0,0,0,0,60,0,0,0,12,12,6,2,42,0,0,0,1,28,39090,6,1,0,0,3,0,65,130,0,0,0,0,0,0,0,0,0,0,0,0,0,0,1,2,55,1,2,2,1,0,0,1,12,1,1,4,6,1,1
28,280248,1,1,2,2,6,11,20,34,0,1,0,28,1,55,36,55036,4,2010,KMHCN4AC5AU4,K,M,H,C,N,4,A,C,5,A,U,4,0,P,HYUN,ALS,4D,10,17,2365,,0,984,,G,,F,4,098,,,14R175,,,,,,0,0,000000000,00000000000,0,0,0,1,0,0,0,0,0,0,0,35,0,0,0,81,81,6,2,42,0,0,0,1,28,39046,6,1,0,0,3,0,65,120,0,0,0,0,0,0,0,0,0,0,0,0,0,0,1,2,45,1,1,2,1,0,0,1,12,1,1,4,1,1,0
28,280249,1,2,1,2,6,12,56,12,6,1,0,28,1,49,32,49032,4,1999,1NXBR12E0XZ1,1,N,X,B,R,1,2,E,0,X,Z,1,0,P,TOYT,UVL,4D,99,17,2414,,0,970,,G,,F,4,109,,,14R175,,,,,,0,0,000000000,00000000000,0,0,0,1,0,0,0,0,0,0,0,999,0,0,0,12,12,6,2,12,0,0,0,1,28,39759,6,1,0,0,3,0,70,185,0,0,0,0,0,0,0,0,0,0,38,39,0,0,2,2,65,1,1,2,1,20,3,1,17,1,1,2,88,1,0
28,280249,2,2,2,2,6,12,56,12,6,1,0,28,1,12,481,12481,31,1999,1FTYR10C4XUB,1,F,T,Y,R,1,0,C,4,X,U,B,0,T,FORD,RNG,PK,99,17,,1,1175,1116,RNG,G,,,4,153,,,,B,00000,00,U,42,0,0,000000000,00000000000,0,0,0,1,0,0,0,0,0,0,0,65,0,0,0,9,9,6,2,12,0,0,0,1,28,39701,6,1,6,0,3,0,72,200,0,0,0,0,0,0,0,0,0,0,0,0,0,0,2,2,65,1,1,2,1,20,3,1,17,1,1,2,89,0,0
28,280250,1,2,3,3,6,11,8,12,6,1,0,28,1,20,9,20009,2,1992,1G1FP23E7NL1,1,G,1,F,P,2,3,E,7,N,L,1,0,P,CHEV,CAR,CP,92,17,3103,,0,1010,,G,,F,8,305,,,15R215,,,,,,0,0,000000000,00000000000,0,0,0,1,0,0,0,0,0,0,0,10,0,0,0,3,3,6,2,12,0,0,0,1,28,39323,6,1,0,0,3,0,70,155,0,0,0,0,0,0,0,0,0,0,38,39,0,0,2,2,35,1,1,2,1,0,0,1,11,1,1,2,91,2,0
28,280250,2,2,1,3,6,11,8,12,6,1,0,0,0,20,481,20481,31,2003,999999999999,9,9,9,9,9,9,9,9,9,9,9,9,0,,,,,,,,,,,,,,,,,,,,,,,,,0,0,000000000,00000000000,0,0,0,1,0,0,0,0,0,0,0,35,0,0,0,12,12,6,2,12,0,0,0,1,28,39301,6,1,0,0,3,0,70,185,0,0,0,0,0,0,0,0,0,0,0,0,0,0,2,2,35,1,1,2,1,0,0,1,63,1,1,2,91,0,0
28,280251,1,1,1,4,6,0,55,42,0,1,0,28,1,12,442,12442,20,2001,2FMDA53401BB,2,F,M,D,A,5,3,4,0,1,B,B,0,T,FORD,WSL,ES,1,17,,1,0,1207,WIN,G,,,6,232,,,,B,4281,00,E,42,0,0,000000000,00000000000,0,0,0,1,0,0,0,0,0,0,0,70,0,0,0,12,12,6,2,42,0,0,0,1,28,39564,6,1,0,0,3,0,65,120,0,0,0,2,0,3,2010,1,2011,1,0,0,0,0,1,2,35,4,1,2,1,0,0,14,12,1,1,4,6,1,0
28,280252,1,1,2,4,6,8,1,1,0,1,0,28,2,12,401,12401,14,1995,1FMDU34X8SUB,1,F,M,D,U,3,4,X,8,S,U,B,0,P,FORD,EPR,UT,95,17,4053,,0,1115,,G,,F,6,245,,,15R225,,,,,,0,0,000000000,00000000000,0,0,0,1,0,0,0,0,0,0,0,999,0,1,9,0,98,6,2,1,0,0,0,1,28,38833,6,1,0,0,3,0,70,185,0,0,0,0,0,0,0,0,0,0,38,39,58,0,1,2,35,1,1,2,1,20,3,1,13,1,1,4,1,1,1
28,280253,1,1,5,5,6,14,19,8,0,1,0,28,1,35,47,35047,4,2007,1N4AL21E27N4,1,N,4,A,L,2,1,E,2,7,N,4,0,P,NISS,ATS,4D,7,17,3042,,0,1093,,G,,F,4,153,,,16R215,,,,,,0,0,000000000,00000000000,0,0,0,1,0,0,0,0,0,0,0,55,0,0,0,12,12,0,1,8,0,0,0,1,28,39038,6,1,0,0,3,0,64,155,0,0,0,0,0,0,0,0,0,0,0,0,0,0,2,2,55,1,1,2,1,0,0,1,80,1,1,1,13,0,0
28,280254,1,2,1,7,6,16,11,12,6,1,0,28,3,87,884,87884,66,2011,1XPVD49X3BD1,1,X,P,V,D,4,9,X,3,B,D,1,1,T,PTRB,384,TR,11,17,,8,0,0,CON,D,,,6,915,,,,,00000,00,,64,1,56,0329528,560329528,3,19,8,1,0,0,0,0,0,0,0,25,0,0,0,12,3,6,2,12,0,0,0,1,28,39051,6,1,6,0,3,0,70,180,0,0,0,0,0,0,0,0,0,0,0,0,0,0,1,2,55,1,1,2,1,20,3,1,17,1,1,2,86,0,0
28,280254,2,2,1,7,6,16,11,12,6,1,0,28,3,86,884,86884,66,2002,1M1AA18Y92W1,1,M,1,A,A,1,8,Y,9,2,W,1,1,T,MACK,CH6,TR,2,17,,8,0,0,600,D,,,6,728,,,,,00000,00,,64,1,99,999999999,99999999999,3,6,8,1,0,0,0,0,0,0,0,999,0,0,0,3,3,6,2,12,0,0,0,1,28,39194,6,1,6,0,3,0,70,165,0,0,0,0,0,0,0,0,0,0,38,39,0,0,1,2,55,1,1,2,1,20,3,1,17,1,1,2,87,1,0
28,280255,1,1,1,7,6,20,7,30,0,1,0,28,1,12,481,12481,31,2000,1FTNX20S3YED,1,F,T,N,X,2,0,S,3,Y,E,D,0,T,FORD,F2S,4C,0,17,,2,1580,1418,SRW,G,,,10,415,,,,C,5189,07,E,42,0,0,000000000,00000000000,0,0,0,1,0,0,0,0,0,0,0,999,9,0,0,81,98,6,2,30,0,0,0,1,28,39564,6,1,0,0,3,0,70,180,0,0,0,0,0,0,0,0,0,0,0,0,0,0,1,2,55,1,1,2,1,0,0,1,13,1,1,4,1,1,0
28,280256,1,1,2,8,6,13,46,34,0,1,0,0,0,37,739,37739,90,2007,999999999999,9,9,9,9,9,9,9,9,9,9,9,9,0,,,,,,,,,,,,,,,,,,,,,,,,,0,0,000000000,00000000000,0,0,0,1,0,0,0,0,0,0,0,20,0,0,0,98,12,6,2,42,0,0,0,1,28,39046,0,0,0,0,0,0,999,999,99,99,99,99,99,99,9999,99,9999,0,0,0,0,0,1,2,35,1,1,2,1,0,0,1,13,1,1,4,1,1,0
28,280257,1,1,1,8,6,15,3,42,0,1,0,28,2,37,32,37032,4,1997,1HGCD5663VA1,1,H,G,C,D,5,6,6,3,V,A,1,0,P,HOND,UER,4D,97,17,2985,,0,1069,,G,,F,4,132,,,15R195,,,,,,0,0,000000000,00000000000,0,0,0,1,0,0,0,0,0,0,0,999,0,0,0,12,12,6,2,42,0,0,0,1,28,39066,6,1,0,0,3,0,70,185,0,0,0,0,0,0,0,0,0,1,0,0,0,0,1,2,50,4,1,2,1,0,0,14,13,1,1,4,1,1,1
28,280258,1,1,2,8,6,18,20,8,0,1,0,28,2,20,2,20002,4,1991,1G1BL53E2MW1,1,G,1,B,L,5,3,E,2,M,W,1,0,P,CHEV,CAP,4D,91,17,3666,,0,1159,,G,,F,8,305,,,15R205,,,,,,0,0,000000000,00000000000,0,0,0,1,0,0,0,0,0,0,0,65,0,0,0,12,12,6,2,8,0,0,0,1,28,39209,6,1,0,0,3,0,66,155,0,0,0,0,0,0,0,0,0,0,38,0,0,0,2,2,65,1,3,2,1,0,0,1,80,1,1,1,13,0,0
28,280259,1,1,2,9,6,20,53,42,0,1,0,28,1,12,17,12017,4,1999,1FAFP53U5XA1,1,F,A,F,P,5,3,U,5,X,A,1,0,P,FORD,TSE,4D,99,17,3353,,0,1085,,G,,F,6,182,,,15R205,,,,,,0,0,000000000,00000000000,0,0,0,1,0,0,0,0,0,0,0,65,0,0,0,12,12,6,2,42,0,0,0,1,28,39482,6,1,0,0,3,0,70,180,0,0,0,0,0,0,0,0,0,1,0,0,0,0,1,2,55,4,2,2,1,0,0,14,13,2,1,4,1,1,0
28,280260,1,1,1,10,6,2,33,35,0,1,0,28,1,20,401,20401,14,2002,1GNDS13S4224,1,G,N,D,S,1,3,S,4,2,2,4,0,P,CHEV,TRL,UT,2,17,4442,,0,1130,,G,,F,6,256,,,16R245,,,,,,0,0,000000000,00000000000,0,0,0,1,0,0,0,0,0,0,0,999,0,1,9,12,13,6,2,1,0,0,0,1,28,39325,6,1,0,0,3,1,70,160,0,0,0,0,0,0,0,0,0,0,0,0,0,0,2,2,65,1,1,2,1,0,0,1,13,1,1,4,1,1,0
28,280261,1,2,2,10,6,13,23,12,6,1,0,28,1,20,481,20481,31,2007,2GCEC13C1716,2,G,C,E,C,1,3,C,1,7,1,6,0,T,CHEV,1CW,CW,7,17,,2,0,1435,SIL,G,,,8,293,,,,B,5142,00,,42,0,0,000000000,00000000000,0,0,0,1,0,0,0,0,0,0,0,25,0,0,0,12,12,6,2,12,0,0,0,1,28,39425,6,1,6,0,3,1,72,210,0,0,0,0,0,0,0,0,0,0,0,0,0,0,2,2,55,1,1,2,1,3,3,1,17,1,1,2,86,0,0
28,280261,2,2,1,10,6,13,23,12,6,1,0,28,1,12,441,12441,20,1993,1FMCA11UXPZC,1,F,M,C,A,1,1,U,X,P,Z,C,0,P,FORD,ARO,SV,93,17,3481,,0,1190,,G,,F,6,182,,,14R215,,,,,,0,0,000000000,00000000000,0,0,0,1,0,0,0,0,0,0,0,50,0,0,0,2,2,6,2,12,0,0,0,1,28,39455,6,1,0,0,3,0,65,250,0,0,0,0,0,0,0,0,0,0,38,39,0,0,2,2,55,1,1,2,1,20,3,1,62,1,1,2,87,1,0
28,280262,1,1,2,11,6,0,28,42,0,1,0,28,1,37,471,37471,30,2006,2HJYK16416H5,2,H,J,Y,K,1,6,4,1,6,H,5,0,T,HOND,RTS,PK,6,17,,2,0,1220,RID,G,,,6,214,,,,,4494,00,S,44,0,0,000000000,00000000000,0,0,0,1,0,0,0,0,0,0,0,999,0,0,0,12,98,6,2,42,0,0,0,1,28,38862,6,1,0,0,3,0,62,110,0,0,0,1,0,11,2009,11,2009,0,0,0,0,0,1,2,40,4,1,2,1,0,0,14,13,1,1,4,1,1,1
28,280263,1,1,6,12,6,11,57,1,0,1,0,28,1,20,421,20421,15,2001,1GNEK13T71R1,1,G,N,E,K,1,3,T,7,1,R,1,0,P,CHEV,KTA,UT,1,17,5050,,0,1160,,G,,F,8,325,,,16R245,,,,,,0,0,000000000,00000000000,0,0,0,1,0,0,0,0,0,0,0,70,0,1,9,0,13,6,2,1,0,0,0,1,5,72901,6,1,0,0,3,0,65,155,0,0,0,0,0,0,0,0,0,0,58,0,0,0,2,2,70,1,2,2,1,0,0,1,13,1,1,4,1,1,0
28,280264,1,2,1,12,6,16,42,12,6,1,0,28,1,37,709,37709,80,2008,1HFSC47H38A7,1,H,F,S,C,4,7,H,3,8,A,7,0,M,HOND,GL8,RS,8,17,,,,,,,1832,,6,,4,822,,,,,,,0,0,000000000,00000000000,0,0,0,1,0,0,0,0,0,0,0,999,0,0,0,12,12,6,2,12,0,0,0,1,12,32780,6,1,0,0,3,0,67,180,0,0,0,0,0,0,0,0,0,0,0,0,0,0,2,2,65,1,1,2,1,20,3,1,17,1,1,2,86,1,0
28,280264,2,2,2,12,6,16,42,12,6,1,0,22,1,20,32,20032,4,1998,1Y1SK5286WZ4,1,Y,1,S,K,5,2,8,6,W,Z,4,0,P,CHEV,P/L,4D,98,17,0,,0,971,,G,,F,4,110,,,14R175,,,,,,0,0,000000000,00000000000,0,0,0,1,0,0,0,0,0,0,0,999,0,0,0,3,3,6,2,12,0,0,0,1,22,70452,6,1,0,0,3,0,67,155,0,0,0,0,0,0,0,0,0,0,38,39,0,0,2,2,65,1,1,2,1,0,0,1,17,1,1,2,87,1,0
28,280265,1,1,2,12,6,22,15,1,0,1,0,28,2,20,481,20481,31,1999,1GCCS1446X81,1,G,C,C,S,1,4,4,6,X,8,1,0,T,CHEV,S14,PK,99,17,,1,1179,1083,S,G,,,4,133,,,,B,3015,01,,42,0,0,000000000,00000000000,0,0,0,1,0,0,0,0,0,0,0,999,0,1,9,0,13,6,2,1,0,0,0,1,28,38922,0,0,0,0,0,0,999,999,99,99,99,99,99,99,9999,99,9999,0,58,0,0,0,1,2,55,1,1,2,1,0,0,1,13,1,1,4,1,1,0
28,280266,1,1,1,12,6,22,29,34,0,1,0,28,2,51,47,51047,4,2005,YV1RS612X524,Y,V,1,R,S,6,1,2,X,5,2,4,0,P,VOLV,S60,4D,5,17,3455,,0,1070,,G,,F,5,149,,,16R215,,,,,,0,0,000000000,00000000000,0,0,0,1,0,0,0,0,0,0,0,999,0,1,9,12,98,6,2,1,0,0,0,1,28,39180,6,1,0,0,3,1,69,165,0,0,0,0,0,0,0,0,0,1,28,0,0,0,1,2,35,4,1,2,1,0,0,14,12,1,1,4,6,1,1
28,280267,1,1,1,15,6,22,49,34,0,1,0,28,1,35,39,35039,4,2000,JN1CA31D6YT5,J,N,1,C,A,3,1,D,6,Y,T,5,0,P,NISS,MGS,4D,0,17,3071,,0,1083,,G,,F,6,182,,,15R205,,,,,,0,0,000000000,00000000000,0,0,0,1,0,0,0,0,0,0,0,998,0,0,0,98,98,6,2,34,0,0,0,1,28,38665,6,1,0,0,3,1,68,140,0,0,0,0,0,0,0,0,0,0,0,0,0,0,1,2,45,4,1,2,1,0,0,14,13,1,1,4,1,1,0
28,280268,1,2,1,17,6,14,22,12,6,1,0,28,1,18,2,18002,4,2000,1G4HP54K7Y42,1,G,4,H,P,5,4,K,7,Y,4,2,0,P,BUIC,LCF,4D,0,17,3567,,0,1122,,G,,F,6,231,,,15R215,,,,,,0,0,000000000,00000000000,0,0,0,1,0,0,0,0,0,0,0,999,0,0,0,9,9,6,2,12,0,0,0,1,28,38606,6,1,0,0,3,1,67,135,0,0,0,0,0,0,0,0,0,0,38,39,0,0,1,2,45,1,1,2,1,20,3,1,17,1,1,2,86,1,0
28,280268,2,2,1,17,6,14,22,12,6,1,0,12,3,89,884,89884,66,1981,1WUADCJD3BN0,1,W,U,A,D,C,J,D,3,B,N,0,1,T,WHIT,RBS,TR,81,17,,8,0,1460,RB,D,,,6,855,,,,,12800,09,,64,1,56,950005,56950005,3,6,98,1,0,0,0,0,0,0,0,63,0,0,0,1,2,6,2,12,0,0,0,1,12,32442,6,1,6,0,3,0,70,200,0,0,0,0,0,0,0,0,0,0,0,0,0,0,1,2,45,1,1,2,1,20,3,17,63,9,1,2,87,0,0
28,280269,1,1,1,18,6,7,23,42,0,1,0,28,1,52,37,52037,2,2003,4A3AC34G93E0,4,A,3,A,C,3,4,G,9,3,E,0,0,P,MITS,ERS,2H,3,17,2822,,0,1008,,G,,F,4,146,,,15R195,,,,,,0,0,000000000,00000000000,0,0,0,1,0,0,0,0,0,0,0,999,0,0,0,12,12,6,2,42,0,0,0,1,28,39601,6,1,0,0,3,0,61,110,0,0,0,0,0,0,0,0,0,0,0,0,0,0,1,2,55,1,2,2,1,0,0,1,12,1,1,4,1,1,0
28,280270,1,1,1,18,6,15,11,42,0,1,0,28,2,20,421,20421,15,2000,1GNEK13R5YR2,1,G,N,E,K,1,3,R,5,Y,R,2,0,P,CHEV,KTA,UT,0,17,5333,,0,1175,,G,,F,8,350,,,16R265,,,,,,0,0,000000000,00000000000,0,0,0,1,0,0,0,0,0,0,0,55,0,0,0,12,12,6,2,42,0,0,0,1,28,38632,6,1,0,0,3,0,71,140,0,0,0,0,0,0,0,0,0,0,0,0,0,0,1,2,45,1,1,2,1,0,0,1,12,1,1,4,1,1,1
28,280271,1,1,3,18,6,15,36,32,0,1,0,28,1,20,421,20421,15,2004,1GNDT13X54K1,1,G,N,D,T,1,3,X,5,4,K,1,0,P,CHEV,BZR,UT,4,17,4134,,0,1070,,G,,F,6,262,,,16R235,,,,,,0,0,000000000,00000000000,0,0,0,1,0,0,0,0,0,0,0,65,0,1,9,98,98,6,2,42,0,0,0,1,28,39440,6,1,0,0,3,0,59,96,0,0,0,0,0,0,0,0,0,0,0,0,0,0,2,4,65,1,3,2,1,0,0,1,13,1,1,4,1,1,0