STATE,ST_CASE,VEH_NO,VE_FORMS,NUMOCCS,DAY,MONTH,HOUR,MINUTE,HARM_EV,MAN_COLL,UNITTYPE,HIT_RUN,REG_STAT,OWNER,MAKE,MODEL,MAK_MOD,BODY_TYP,MOD_YEAR,VIN,VIN_1,VIN_2,VIN_3,VIN_4,VIN_5,VIN_6,VIN_7,VIN_8,VIN_9,VIN_10,VIN_11,VIN_12,TOW_VEH,VINTYPE,VINMAKE,VINA_MOD,VIN_BT,VINMODYR,VIN_LNGT,VIN_WGT,WGTCD_TR,WHLBS_LG,WHLBS_SH,SER_TR,FUELCODE,MCYCL_DS,CARBUR,CYLINDER,DISPLACE,MCYCL_CY,MCYCL_WT,TIRE_SZE,TON_RAT,TRK_WT,TRKWTVAR,VIN_REST,WHLDRWHL,J_KNIFE,MCARR_I1,MCARR_I2,MCARR_ID,GVWR,V_CONFIG,CARGO_BT,HAZ_INV,HAZ_PLAC,HAZ_ID,HAZ_CNO,HAZ_REL,BUS_USE,SPEC_USE,EMER_USE,TRAV_SP,UNDERIDE,ROLLOVER,ROLINLOC,IMPACT1,IMPACT2,DEFORMED,TOWED,M_HARM,VEH_SC1,VEH_SC2,FIRE_EXP,DR_PRES,L_STATE,DR_ZIP,L_STATUS,L_TYPE,CDL_STAT,L_ENDORS,L_COMPL,L_RESTRI,DR_HGT,DR_WGT,PREV_ACC,PREV_SUS,PREV_DWI,PREV_SPD,PREV_OTH,FIRST_MO,FIRST_YR,LAST_MO,LAST_YR,SPEEDREL,DR_SF1,DR_SF2,DR_SF3,DR_SF4,VTRAFWAY,VNUM_LAN,VSPD_LIM,VALIGN,VPROFILE,VPAVETYP,VSURCOND,VTRAFCON,VTCONT_F,P_CRASH1,P_CRASH2,P_CRASH3,PCRASH4,PCRASH5,ACC_TYPE,DEATHS,DR_DRINK
28,280272,1,1,1,20,6,7,13,42,0,1,0,28,2,35,47,35047,4,2005,1N4AL11D85N4,1,N,4,A,L,1,1,D,8,5,N,4,0,P,NISS,ASL,4D,5,17,2915,,0,1102,,G,,F,4,153,,,16R215,,,,,,0,0,000000000,00000000000,0,0,0,1,0,0,0,0,0,0,0,55,0,0,0,12,12,6,2,42,0,0,0,1,28,38655,6,1,0,0,3,0,68,125,0,0,0,0,0,0,0,0,0,0,0,0,0,0,1,2,55,1,3,2,1,0,0,1,13,1,1,4,1,1,0
28,280273,1,2,1,20,6,13,5,12,6,1,0,28,2,7,442,7442,20,1999,1B4GP44R5XB8,1,B,4,G,P,4,4,R,5,X,B,8,0,T,DODG,GSS,ES,99,17,,1,0,1193,CAR,G,,,6,201,,,,,3856,00,E,42,0,0,000000000,00000000000,0,0,0,1,0,0,0,0,0,0,0,10,0,0,0,12,12,6,2,12,0,0,0,1,28,38860,6,1,0,0,3,0,69,150,0,0,0,0,0,0,0,0,0,0,38,39,0,0,2,2,55,1,1,2,1,20,3,1,17,1,1,2,86,0,0
28,280273,2,2,3,20,6,13,5,12,6,1,0,28,1,18,2,18002,4,1993,1G4HP53L2PH4,1,G,4,H,P,5,3,L,2,P,H,4,0,P,BUIC,L90,4D,93,17,3338,,0,1108,,G,,F,6,231,,,15R205,,,,,,0,0,000000000,00000000000,0,0,0,1,0,0,0,0,0,0,0,65,0,0,0,2,2,6,2,12,0,0,0,1,28,39741,6,1,0,0,3,0,67,160,0,0,0,0,0,0,0,0,0,0,0,0,0,0,2,2,55,1,1,2,1,20,3,1,17,1,1,2,87,1,0
28,280274,1,1,3,27,4,14,55,42,0,1,0,28,2,35,47,35047,4,2008,1N4AL21E98C1,1,N,4,A,L,2,1,E,9,8,C,1,0,P,NISS,ATS,4D,8,17,3028,,0,1093,,G,,F,4,153,,,16R215,,,,,,0,0,000000000,00000000000,0,0,0,1,0,0,0,0,0,0,0,55,0,0,0,12,12,6,2,42,0,0,0,1,28,38915,6,1,0,0,3,0,64,125,0,0,0,1,0,5,2010,5,2010,1,0,0,0,0,1,2,55,4,3,2,2,0,0,14,13,1,1,4,1,1,0
28,280275,1,2,1,21,6,12,55,12,2,1,0,28,2,35,48,35048,2,2008,JN1BZ34DX8M7,J,N,1,B,Z,3,4,D,X,8,M,7,0,P,NISS,3ZC,CP,8,17,3222,,0,1043,,G,,F,6,214,,,18R225,,,,,,0,0,000000000,00000000000,0,0,0,1,0,0,0,0,0,0,0,999,0,0,0,12,98,6,2,12,0,0,0,1,22,70426,6,1,0,0,3,0,70,200,0,0,0,0,0,0,0,0,0,0,51,0,0,0,1,2,55,1,1,2,1,0,0,1,11,1,1,2,50,0,0
28,280275,2,2,2,21,6,12,55,12,2,1,0,28,1,52,471,52471,30,1995,JA7LS21G6SP0,J,A,7,L,S,2,1,G,6,S,P,0,0,T,MITS,MAX,PK,95,17,,1,0,1051,MAX,G,,,4,143,,,,,2600,00,A,42,0,0,000000000,00000000000,0,0,0,1,0,0,0,0,0,0,0,999,0,0,0,12,98,6,2,12,0,0,0,1,28,39426,6,1,0,0,3,0,70,185,0,0,0,0,0,0,0,0,0,0,0,0,0,0,1,2,55,1,1,2,1,0,0,1,63,1,1,2,51,1,0
28,280276,1,1,1,21,6,1,18,1,0,1,0,28,2,23,441,23441,20,1998,1GKDM19W8WB5,1,G,K,D,M,1,9,W,8,W,B,5,0,T,GMC,SXT,ES,98,17,,1,0,1112,SAF,G,,,6,262,,,,B,4185,00,E,42,0,0,000000000,00000000000,0,0,0,1,0,0,0,0,0,0,0,999,0,1,9,0,98,6,2,1,0,0,0,1,28,38930,0,0,0,0,0,0,999,999,99,99,99,99,99,99,9999,99,9999,0,0,0,0,0,2,2,65,1,1,2,1,0,0,1,13,1,1,4,1,1,1
28,280277,1,2,1,21,6,13,38,12,6,1,0,28,1,20,481,20481,31,1996,2GCEK19R5T11,2,G,C,E,K,1,9,R,5,T,1,1,0,T,CHEV,GK1,PC,96,17,,2,1555,1415,GM4,G,,,8,350,,,,B,4495,08,,44,0,0,000000000,00000000000,0,0,0,1,0,0,0,0,0,0,0,10,0,0,0,12,10,6,2,12,0,0,0,1,28,39194,6,2,0,0,3,0,71,195,0,0,0,0,0,0,0,0,0,0,38,39,0,0,1,2,55,1,1,2,2,20,3,1,17,1,1,2,86,0,0
28,280277,2,2,2,21,6,13,38,12,6,1,0,28,1,14,6,14006,4,2003,2MEFM75W23X7,2,M,E,F,M,7,5,W,2,3,X,7,0,P,MERC,MGL,4D,3,17,3958,,0,1147,,G,,F,8,281,,,16R225,,,,,,0,0,000000000,00000000000,0,0,0,1,0,0,0,0,0,0,0,50,0,0,0,2,2,6,2,12,0,0,0,1,28,39039,6,1,6,0,3,1,71,185,0,0,0,0,0,0,0,0,0,0,0,0,0,0,1,2,55,1,1,2,2,0,0,1,17,1,1,2,87,1,0
28,280278,1,1,1,21,6,19,40,42,0,1,0,28,2,20,481,20481,31,1996,1GCEC14W0TZ1,1,G,C,E,C,1,4,W,0,T,Z,1,0,T,CHEV,GC1,PK,96,17,,2,1315,1175,GM4,G,,,6,262,,,,B,3801,01,,42,0,0,000000000,00000000000,0,0,0,1,0,0,0,0,0,0,0,999,0,0,0,12,12,6,2,42,0,0,0,1,28,39466,0,0,0,0,0,0,999,999,99,99,99,99,99,99,9999,99,9999,0,0,0,0,0,1,2,55,1,1,2,1,0,0,1,12,1,1,4,1,1,1
28,280279,1,1,1,23,6,6,56,35,0,1,0,28,2,37,31,37031,2,2000,1HGEJ8146YL0,1,H,G,E,J,8,1,4,6,Y,L,0,0,P,HOND,UAX,CP,0,17,2513,,0,1032,,G,,F,4,097,,,14R185,,,,,,0,0,000000000,00000000000,0,0,0,1,0,0,0,0,0,0,0,999,0,1,9,12,13,6,2,1,0,0,0,1,28,39117,6,1,0,0,3,0,68,140,0,0,0,0,0,0,0,0,0,0,0,0,0,0,1,2,55,1,1,2,1,0,0,1,13,1,1,4,1,1,0
28,280280,1,2,1,23,6,11,12,12,6,1,0,28,2,14,38,14038,3,1999,1ZWFT61L0X57,1,Z,W,F,T,6,1,L,0,X,5,7,0,P,MERC,CU6,2H,99,17,2941,,0,1064,,G,,F,6,155,,,16R215,,,,,,0,0,000000000,00000000000,0,0,0,1,0,0,0,0,0,0,0,999,0,0,0,3,3,6,2,12,0,0,0,1,51,22195,6,1,0,0,3,0,66,122,0,0,0,0,0,0,0,0,0,0,38,39,0,0,1,2,65,1,1,2,1,20,3,1,17,1,1,2,86,1,0
28,280280,2,2,1,23,6,11,12,12,6,1,0,28,2,86,884,86884,66,2004,1M1AE05Y04N0,1,M,1,A,E,0,5,Y,0,4,N,0,1,T,MACK,CX6,TR,4,17,,8,0,0,600,D,,,6,728,,,,,00000,00,,64,1,56,172787,56172787,3,6,1,1,0,0,0,0,0,0,0,63,0,0,0,1,1,6,2,12,0,0,0,1,47,38063,6,1,6,0,3,0,70,220,0,0,0,0,0,0,0,0,0,0,0,0,0,0,1,2,65,1,1,2,1,20,3,1,17,1,1,2,87,0,0
28,280281,1,1,1,24,6,21,1,38,0,1,0,28,2,50,709,50709,80,2001,SMT800GE21J1,S,M,T,8,0,0,G,E,2,1,J,1,0,M,TRUM,TT6,RC,1,17,,,,,,,599,,4,,4,397,,,,,,,0,0,000000000,00000000000,0,0,0,1,0,0,0,0,0,0,0,97,0,0,0,12,12,6,2,38,0,0,0,1,28,39564,6,1,0,0,3,1,72,140,0,0,0,0,1,10,2009,10,2009,1,0,0,0,0,1,2,30,1,1,2,1,0,0,1,12,1,1,4,1,1,1
28,280282,1,1,1,24,6,22,6,42,0,1,0,28,2,12,3,12003,3,2003,1FAFP404X3F3,1,F,A,F,P,4,0,4,X,3,F,3,0,P,FORD,MUS,CP,3,17,3114,,0,1013,,G,,F,6,232,,,16R225,,,,,,0,0,000000000,00000000000,0,0,0,1,0,0,0,0,0,0,0,999,0,0,0,12,12,6,2,42,0,0,0,1,28,38606,0,0,0,0,0,0,999,999,99,99,99,99,99,99,9999,99,9999,1,0,0,0,0,1,2,45,1,1,2,1,0,0,1,13,1,1,4,1,1,0
28,280283,1,1,1,25,6,6,57,42,0,1,0,28,1,6,43,6043,2,1999,4C3AU52NXXE1,4,C,3,A,U,5,2,N,X,X,E,1,0,P,CHRY,SLI,CP,99,17,3093,,0,1037,,G,,F,6,152,,,17R215,,,,,,0,0,000000000,00000000000,0,0,0,1,0,0,0,0,0,0,0,999,0,0,0,12,12,6,2,42,0,0,0,1,28,39365,6,1,0,0,3,1,63,115,0,1,1,0,0,10,2010,1,2011,0,0,0,0,0,1,2,55,1,2,2,1,0,0,1,13,1,1,4,1,1,1
28,280284,1,1,5,25,6,16,41,1,0,1,0,28,1,23,421,23421,15,1997,1GKEK13R9VJ7,1,G,K,E,K,1,3,R,9,V,J,7,0,T,GMC,YUK,4W,97,17,,2,0,1175,YUK,G,,,8,350,,,,B,5225,00,E,44,0,0,000000000,00000000000,0,0,0,1,0,0,0,0,0,0,0,999,0,1,9,0,83,6,2,1,0,0,0,1,5,72342,6,1,0,0,3,0,70,185,0,0,0,0,0,0,0,0,0,0,58,0,0,0,1,2,55,1,1,2,1,0,0,1,13,1,1,4,1,1,0
28,280285,1,2,1,25,6,18,16,12,1,1,0,28,1,37,709,37709,80,2008,JH2PC40418M1,J,H,2,P,C,4,0,4,1,8,M,1,0,M,HOND,B60,RC,8,17,,,,,,,599,,4,,4,410,,,,,,,0,0,000000000,00000000000,0,0,0,1,0,0,0,0,0,0,0,999,0,0,0,6,6,6,2,12,0,0,0,1,28,39565,6,1,0,0,3,0,70,150,0,0,0,0,0,0,0,0,0,0,0,0,0,0,2,2,55,1,1,2,1,0,0,1,18,1,1,2,33,1,0
28,280285,2,2,1,25,6,18,16,12,1,1,0,28,1,52,37,52037,2,1999,4A3AK34Y6XE0,4,A,3,A,K,3,4,Y,6,X,E,0,0,P,MITS,ERS,2H,99,17,2754,,0,988,,G,,F,4,122,,,14R195,,,,,,0,0,000000000,00000000000,0,0,0,1,0,0,0,0,0,0,0,85,0,0,0,12,12,6,2,12,0,0,0,1,28,39532,6,1,0,0,3,0,68,155,0,0,0,1,0,11,2010,11,2010,1,26,0,0,0,2,2,55,1,1,2,1,0,0,1,10,1,1,2,33,0,0
28,280286,1,2,1,25,6,23,53,12,2,1,0,28,1,23,421,23421,15,2003,1GKEK13Z03R2,1,G,K,E,K,1,3,Z,0,3,R,2,0,T,GMC,YUK,4W,3,17,,2,0,1160,YUK,F,,,8,325,,,,B,5133,00,4,44,0,0,000000000,00000000000,0,0,0,1,0,0,0,0,0,0,0,999,0,0,0,12,12,6,2,12,0,0,0,1,28,39204,0,0,0,0,0,0,999,999,99,99,99,99,99,99,9999,99,9999,0,51,0,0,0,1,2,25,1,2,2,1,0,0,1,11,1,1,2,50,1,1
28,280286,2,2,2,25,6,23,53,12,2,1,0,28,1,52,35,52035,3,1996,JA3AA11A1TU0,J,A,3,A,A,1,1,A,1,T,U,0,0,P,MITS,MIS,2D,96,17,2085,,0,961,,G,,F,4,090,,,13R155,,,,,,0,0,000000000,00000000000,0,0,0,1,0,0,0,0,0,0,0,999,0,0,0,12,12,6,2,12,0,0,0,1,28,39204,0,0,0,0,0,0,999,999,99,99,99,99,99,99,9999,99,9999,0,0,0,0,0,1,2,25,1,2,2,1,0,0,1,62,1,1,2,51,1,0
28,280287,1,1,1,26,6,6,49,42,0,1,0,28,1,49,472,49472,30,2006,5TBDT44186S5,5,T,B,D,T,4,4,1,8,6,S,5,0,T,TOYT,DBS,CW,6,17,,2,0,1283,TUN,G,,,8,285,,,,B,4965,00,U,44,0,0,000000000,00000000000,0,0,0,1,0,0,0,0,0,0,0,999,0,0,0,12,12,6,2,42,0,0,0,1,47,38118,6,1,0,0,3,0,70,220,0,0,0,0,0,0,0,0,0,1,38,39,0,0,1,2,45,1,1,2,1,20,3,1,12,1,1,4,1,1,1
28,280288,1,2,1,26,6,16,33,12,6,1,0,28,1,54,39,54039,4,2007,JH4CL96877C0,J,H,4,C,L,9,6,8,7,7,C,0,0,P,ACUR,TSX,4D,7,17,3345,,0,1051,,G,,F,4,146,,,17R215,,,,,,0,0,000000000,00000000000,0,0,0,1,0,0,0,0,0,0,0,999,0,0,0,1,1,6,2,12,0,0,0,1,22,70056,6,1,0,0,3,0,69,185,0,0,0,0,0,0,0,0,0,1,28,0,0,0,1,2,65,1,1,2,1,0,0,1,11,1,1,2,49,1,0
28,280288,2,2,1,26,6,16,33,12,6,1,0,28,3,84,884,84884,66,2008,2HSCWAPR98C5,2,H,S,C,W,A,P,R,9,8,C,5,1,T,INTL,PLT,TR,8,17,,8,0,0,PRO,D,,,6,915,,,,,00000,00,,64,1,56,270179,56270179,3,6,1,1,0,0,0,0,0,0,0,10,0,0,0,2,2,0,1,12,0,0,0,1,48,78223,6,1,6,0,3,0,70,220,0,0,0,0,0,0,0,0,0,0,0,0,0,0,2,2,65,1,1,2,1,0,0,2,11,9,1,2,49,0,0
28,280289,1,2,1,27,6,11,35,12,6,1,0,28,2,12,402,12402,14,2001,1FMYU03181KB,1,F,M,Y,U,0,3,1,8,1,K,B,0,P,FORD,SPE,UT,1,17,3069,,0,1031,,G,,F,6,181,,,15R225,,,,,,0,0,000000000,00000000000,0,0,0,1,0,0,0,0,0,0,0,15,0,0,0,1,1,6,2,12,0,0,0,1,28,39208,6,1,0,0,3,0,70,180,0,0,0,0,0,0,0,0,0,0,38,39,0,0,2,2,45,1,1,2,1,20,3,1,17,1,1,2,86,0,0
28,280289,2,2,2,27,6,11,35,12,6,1,0,28,1,34,709,34709,80,2001,WB10555A51ZD,W,B,1,0,5,5,5,A,5,1,Z,D,0,M,BMW,K1T,RS,1,17,,,,,,,1200,,4,,4,788,,,,,,,0,0,000000000,00000000000,0,0,0,1,0,0,0,0,0,0,0,40,0,0,0,1,1,6,2,12,0,0,0,1,28,39047,6,1,0,0,3,0,70,180,0,0,0,0,0,0,0,0,0,0,0,0,0,0,2,2,45,1,1,2,1,20,3,1,17,1,1,2,87,1,0
28,280290,1,2,1,27,6,20,26,12,1,1,0,28,1,18,2,18002,4,1994,1G4HP52L9RH4,1,G,4,H,P,5,2,L,9,R,H,4,0,P,BUIC,LCF,4D,94,17,3449,,0,1108,,G,,F,6,231,,,15R205,,,,,,0,0,000000000,00000000000,0,0,0,1,0,0,0,0,0,0,0,999,0,0,0,12,12,6,2,12,0,0,0,1,28,38629,6,1,0,0,3,0,66,120,0,0,0,0,0,0,0,0,0,0,0,0,0,0,1,2,55,1,1,2,1,0,0,1,11,1,1,2,24,0,0
28,280290,2,2,1,27,6,20,26,12,1,1,0,28,1,49,45,49045,4,2002,JTDBT1236250,J,T,D,B,T,1,2,3,6,2,5,0,0,P,TOYT,ECH,4D,2,17,2055,,0,934,,G,,F,4,091,,,14R175,,,,,,0,0,000000000,00000000000,0,0,0,1,0,0,0,0,0,0,0,999,0,0,0,6,6,6,2,12,0,0,0,1,28,38663,6,1,0,0,3,0,70,200,0,0,0,0,0,0,0,0,0,0,38,0,0,0,1,2,55,1,1,2,1,0,0,1,10,1,1,2,25,1,0
28,280291,1,1,1,27,6,23,18,8,0,1,0,28,1,22,18,22018,4,2000,1G2NW12E0YM7,1,G,2,N,W,1,2,E,0,Y,M,7,0,P,PONT,GAG,CP,0,17,3091,,0,1070,,G,,F,6,207,,,16R225,,,,,,0,0,000000000,00000000000,0,0,0,1,0,0,0,0,0,0,0,50,0,0,0,12,12,6,2,8,0,0,0,1,28,39213,0,0,0,0,0,0,999,999,99,99,99,99,99,99,9999,99,9999,0,0,0,0,0,1,2,55,1,1,2,1,0,0,1,80,1,1,2,13,0,0
28,280292,1,1,1,30,6,15,38,42,0,1,0,28,2,20,431,20431,16,1987,1GNEV16K2HF1,1,G,N,E,V,1,6,K,2,H,F,1,0,P,CHEV,V10,UT,87,17,4478,,0,1295,,G,,F,8,350,,,000000,,,,,,0,0,000000000,00000000000,0,0,0,1,0,0,0,0,0,0,0,999,0,0,0,12,12,6,2,42,0,0,0,1,28,39154,6,1,0,0,3,0,70,200,0,0,0,0,0,0,0,0,0,1,0,0,0,0,1,2,45,4,1,2,1,0,0,14,13,1,1,4,1,1,0
28,280293,1,1,2,1,7,11,34,42,0,1,0,0,0,20,481,20481,31,1998,999999999999,9,9,9,9,9,9,9,9,9,9,9,9,0,,,,,,,,,,,,,,,,,,,,,,,,,0,0,000000000,00000000000,0,0,0,1,0,0,0,0,0,0,0,998,0,0,0,12,12,6,2,42,0,0,0,1,28,39465,6,1,0,0,3,0,68,200,0,0,0,0,0,0,0,0,0,0,0,0,0,0,2,2,35,1,1,2,1,0,0,1,13,1,1,4,1,1,0
28,280294,1,3,1,1,7,19,22,12,6,1,0,28,2,35,39,35039,4,2002,JN1DA31D22T4,J,N,1,D,A,3,1,D,2,2,T,4,0,P,NISS,MGS,4D,2,17,3103,,0,1083,,G,,F,6,214,,,16R215,,,,,,0,0,000000000,00000000000,0,0,0,1,0,0,0,0,0,0,0,60,0,0,0,12,12,6,2,12,0,0,0,1,28,39501,6,1,0,0,3,0,69,120,0,0,0,1,0,11,2009,11,2009,0,0,0,0,0,2,2,60,1,1,2,1,3,3,1,17,1,1,2,86,0,0
28,280294,2,3,2,1,7,19,22,12,6,1,0,28,2,19,22,19022,4,2007,1G6KD57Y57U1,1,G,6,K,D,5,7,Y,5,7,U,1,0,P,CADI,TDS,4D,7,17,4009,,0,1156,,G,,F,8,281,,,17R235,,,,,,0,0,000000000,00000000000,0,0,0,1,0,0,0,0,0,0,0,999,0,0,0,3,3,6,2,12,0,0,0,1,28,39540,6,1,0,0,3,0,62,170,0,0,0,0,0,0,0,0,0,0,38,39,0,0,2,2,60,1,1,2,1,3,3,1,17,1,1,2,87,1,0
28,280294,3,3,1,1,7,19,22,12,6,1,0,28,1,20,22,20022,2,2007,1G1AK15F7771,1,G,1,A,K,1,5,F,7,7,7,1,0,P,CHEV,BLS,CP,7,17,2991,,0,1033,,G,,F,4,134,,,15R195,,,,,,0,0,000000000,00000000000,0,0,0,1,0,0,0,0,0,0,0,60,0,0,0,12,12,6,2,12,0,0,0,1,28,39574,6,1,0,0,3,0,65,185,0,0,0,0,0,0,0,0,0,0,0,0,0,0,2,2,60,1,1,2,1,3,3,1,17,1,1,2,98,0,0
28,280295,1,1,1,2,7,12,40,35,0,1,0,28,1,12,422,12422,15,2001,1FMEU15L11LB,1,F,M,E,U,1,5,L,1,1,L,B,0,P,FORD,EPT,UT,1,17,4886,,0,1191,,G,,F,8,330,,,16R255,,,,,,0,0,000000000,00000000000,0,0,0,1,0,0,0,0,0,0,0,999,0,0,0,12,12,6,2,35,0,0,0,1,28,39455,6,1,0,0,3,0,72,190,0,0,0,0,0,0,0,0,0,0,0,0,0,0,1,2,55,1,1,2,1,0,0,1,12,1,1,4,1,1,1
28,280296,1,2,1,2,7,13,23,12,1,1,0,47,1,39,31,39031,2,2005,SAJDA42C252A,S,A,J,D,A,4,2,C,2,5,2,A,0,P,JAGU,XK8,CV,5,17,3980,,0,1019,,G,,F,8,256,,,18R245,,,,,,0,0,000000000,00000000000,0,0,0,1,0,0,0,0,0,0,0,85,0,0,0,12,12,6,2,12,0,0,0,1,28,39520,6,1,0,0,3,0,72,200,0,0,0,0,0,0,0,0,0,1,26,0,0,0,1,2,55,1,3,2,1,0,0,1,11,1,1,2,33,1,0
28,280296,2,2,1,2,7,13,23,12,1,1,0,28,1,20,481,20481,31,1998,1GBHC34F4WF0,1,G,B,H,C,3,4,F,4,W,F,0,6,T,CHEV,GC3,CB,98,17,,2,1595,1315,GM4,D,,,8,397,,,,D,4965,00,,42,0,0,000000000,00000000000,0,0,0,1,0,0,0,0,0,0,0,40,0,0,0,6,6,6,2,12,0,0,0,1,28,39520,6,1,0,0,3,0,72,200,0,0,0,0,0,0,0,0,0,0,0,0,0,0,1,2,55,1,3,2,1,0,0,1,11,1,1,2,33,0,0
28,280297,1,1,1,3,7,2,9,34,0,1,0,28,1,52,34,52034,4,2001,6MMAP67P71T0,6,M,M,A,P,6,7,P,7,1,T,0,0,P,MITS,DLS,4D,1,17,3549,,0,1071,,G,,F,6,213,,,16R205,,,,,,0,0,000000000,00000000000,0,0,0,1,0,0,0,0,0,0,0,999,0,0,0,12,12,6,2,42,0,0,0,1,28,39652,6,1,0,0,3,0,67,190,0,0,0,0,0,0,0,0,0,1,0,0,0,0,1,2,30,1,1,2,1,0,0,1,12,1,1,4,1,1,1
28,280298,1,1,3,3,7,3,14,32,0,1,0,28,1,35,47,35047,4,2006,1N4AL11D36N3,1,N,4,A,L,1,1,D,3,6,N,3,0,P,NISS,ASL,4D,6,17,2915,,0,1102,,G,,F,4,153,,,16R215,,,,,,0,0,000000000,00000000000,0,0,0,1,0,0,0,0,0,0,0,55,0,0,0,98,12,6,2,32,0,0,0,1,28,39483,6,1,0,0,3,0,67,170,0,0,0,0,0,0,0,0,0,0,0,0,0,0,1,2,55,1,1,2,1,0,0,1,12,1,1,4,6,1,0
28,280299,1,1,2,3,7,18,8,30,0,1,0,28,2,49,472,49472,30,2001,5TESN92N11Z8,5,T,E,S,N,9,2,N,1,1,Z,8,0,T,TOYT,XPR,PC,1,17,,1,0,1219,TAC,G,,,6,206,,,,B,3355,00,U,42,0,0,000000000,00000000000,0,0,0,1,0,0,0,0,0,0,0,55,0,0,0,11,98,6,2,34,0,0,0,1,28,39116,6,2,0,0,3,0,68,145,0,0,0,0,0,0,0,0,0,0,0,0,0,0,1,2,55,1,2,2,1,0,0,1,12,1,1,4,1,1,0
28,280300,1,1,1,4,7,13,22,34,0,1,0,28,1,37,709,37709,80,2002,JH2RC44652K6,J,H,2,R,C,4,4,6,5,2,K,6,0,M,HOND,VCC,RS,2,17,,,,,,,745,,2,,4,505,,,,,,,0,0,000000000,00000000000,0,0,0,1,0,0,0,0,0,0,0,999,0,0,0,98,98,6,2,42,0,0,0,1,28,39218,6,1,0,0,3,0,70,155,0,0,0,0,0,0,0,0,0,0,0,0,0,0,1,2,45,1,1,2,1,0,0,1,13,1,1,4,1,1,0
28,280301,1,3,1,5,7,17,47,12,2,1,0,28,1,20,481,20481,31,1996,1GCEC19R5TE2,1,G,C,E,C,1,9,R,5,T,E,2,0,T,CHEV,GC1,PC,96,17,,2,1555,1415,GM4,G,,,8,350,,,,B,4068,02,,42,0,0,000000000,00000000000,0,0,0,1,0,0,0,0,0,0,0,55,0,0,0,12,12,6,2,12,0,0,0,1,28,39656,6,1,0,0,3,0,70,230,0,0,0,0,0,0,0,0,0,0,0,0,0,0,1,2,55,4,1,2,2,0,0,14,62,2,1,2,50,0,0
28,280301,2,3,2,5,7,17,47,12,2,1,0,28,2,14,6,14006,4,1990,2MECM75F3LX6,2,M,E,C,M,7,5,F,3,L,X,6,0,P,MERC,MGL,4D,90,17,3843,,0,1143,,G,,F,8,302,,,15R215,,,,,,0,0,000000000,00000000000,0,0,0,1,0,0,0,0,0,0,0,999,0,0,0,12,12,6,2,12,0,0,0,1,28,39429,6,1,0,0,3,0,71,155,0,1,1,1,0,11,2009,4,2010,0,35,0,0,0,1,2,55,4,1,2,2,0,0,14,11,1,1,2,51,1,0
28,280301,3,3,1,5,7,17,47,12,2,1,0,1,3,84,884,84884,66,2001,2HSCHAMR21C0,2,H,S,C,H,A,M,R,2,1,C,0,1,T,INTL,99I,TR,1,17,,8,0,0,990,D,,,6,774,,,,,00000,00,,64,1,56,164897,56164897,3,19,1,1,0,0,0,0,0,0,0,55,0,0,0,11,11,6,2,12,0,0,0,1,1,36474,6,1,6,0,3,0,71,225,0,0,0,0,0,0,0,0,0,0,0,0,0,0,1,2,55,4,1,2,2,0,0,14,11,1,1,2,98,0,0
28,280302,1,2,1,5,7,20,42,12,6,1,0,28,3,84,884,84884,66,2009,2HSCUAPR49C0,2,H,S,C,U,A,P,R,4,9,C,0,1,T,INTL,PPR,TR,9,17,,8,0,0,PRO,D,,,6,915,,,,,00000,00,,64,1,56,346733,56346733,3,6,98,1,0,0,0,0,0,0,0,61,0,0,0,12,12,6,2,12,0,0,0,1,28,38901,6,1,6,0,3,0,64,190,0,0,0,0,1,9,2009,9,2009,0,0,0,0,0,2,2,65,1,1,2,1,20,3,1,17,1,1,2,86,0,0
28,280302,2,2,1,5,7,20,42,12,6,1,0,28,2,12,481,12481,31,1995,1FTCR14A0SPA,1,F,T,C,R,1,4,A,0,S,P,A,0,T,FORD,RNS,PC,95,17,,1,0,1250,RNG,G,,,4,140,,,,B,00000,00,M,42,0,0,000000000,00000000000,0,0,0,1,0,0,0,0,0,0,0,999,0,0,0,2,2,6,2,12,0,0,0,1,28,39421,6,1,0,0,3,0,68,190,0,0,0,0,0,0,0,0,0,0,38,39,0,0,2,2,65,1,1,2,1,20,3,1,62,1,1,2,87,1,0
28,280303,1,1,1,8,7,8,58,8,0,1,0,28,1,7,20,7020,4,2005,1B3ES56C75D2,1,B,3,E,S,5,6,C,7,5,D,2,0,P,DODG,NXT,4D,5,17,2634,,0,1040,,G,,F,4,122,,,15R185,,,,,,0,0,000000000,00000000000,0,0,0,1,0,0,0,0,0,0,0,999,0,0,0,12,12,6,2,8,0,0,0,1,28,39565,6,1,0,0,3,1,70,175,0,0,0,0,0,0,0,0,0,0,0,0,0,0,2,2,55,1,1,2,1,0,0,1,80,1,1,1,13,0,1
28,280304,1,1,1,9,7,2,6,42,0,1,0,28,2,37,32,37032,4,1999,1HGCG1656XA0,1,H,G,C,G,1,6,5,6,X,A,0,0,P,HOND,UEX,4D,99,17,3285,,0,1069,,G,,F,6,183,,,15R205,,,,,,0,0,000000000,00000000000,0,0,0,1,0,0,0,0,0,0,0,85,0,0,0,12,12,6,2,42,0,0,0,1,28,39560,6,1,0,0,3,0,70,170,0,0,0,0,0,0,0,0,0,1,0,0,0,0,1,2,45,4,2,2,1,0,0,14,12,1,1,4,1,1,1