STATE,ST_CASE,VEH_NO,VE_FORMS,NUMOCCS,DAY,MONTH,HOUR,MINUTE,HARM_EV,MAN_COLL,UNITTYPE,HIT_RUN,REG_STAT,OWNER,MAKE,MODEL,MAK_MOD,BODY_TYP,MOD_YEAR,VIN,VIN_1,VIN_2,VIN_3,VIN_4,VIN_5,VIN_6,VIN_7,VIN_8,VIN_9,VIN_10,VIN_11,VIN_12,TOW_VEH,VINTYPE,VINMAKE,VINA_MOD,VIN_BT,VINMODYR,VIN_LNGT,VIN_WGT,WGTCD_TR,WHLBS_LG,WHLBS_SH,SER_TR,FUELCODE,MCYCL_DS,CARBUR,CYLINDER,DISPLACE,MCYCL_CY,MCYCL_WT,TIRE_SZE,TON_RAT,TRK_WT,TRKWTVAR,VIN_REST,WHLDRWHL,J_KNIFE,MCARR_I1,MCARR_I2,MCARR_ID,GVWR,V_CONFIG,CARGO_BT,HAZ_INV,HAZ_PLAC,HAZ_ID,HAZ_CNO,HAZ_REL,BUS_USE,SPEC_USE,EMER_USE,TRAV_SP,UNDERIDE,ROLLOVER,ROLINLOC,IMPACT1,IMPACT2,DEFORMED,TOWED,M_HARM,VEH_SC1,VEH_SC2,FIRE_EXP,DR_PRES,L_STATE,DR_ZIP,L_STATUS,L_TYPE,CDL_STAT,L_ENDORS,L_COMPL,L_RESTRI,DR_HGT,DR_WGT,PREV_ACC,PREV_SUS,PREV_DWI,PREV_SPD,PREV_OTH,FIRST_MO,FIRST_YR,LAST_MO,LAST_YR,SPEEDREL,DR_SF1,DR_SF2,DR_SF3,DR_SF4,VTRAFWAY,VNUM_LAN,VSPD_LIM,VALIGN,VPROFILE,VPAVETYP,VSURCOND,VTRAFCON,VTCONT_F,P_CRASH1,P_CRASH2,P_CRASH3,PCRASH4,PCRASH5,ACC_TYPE,DEATHS,DR_DRINK
28,280305,1,2,1,10,7,23,29,12,2,1,0,28,2,12,481,12481,31,2001,1FTRW08L21KE,1,F,T,R,W,0,8,L,2,1,K,E,0,T,FORD,F1S,CW,1,17,,2,0,1388,COF,G,,,8,330,,,,B,4914,01,E,44,0,0,000000000,00000000000,0,0,0,1,0,0,0,0,0,0,0,55,0,0,0,12,12,6,2,12,0,0,0,1,28,38646,6,1,0,0,3,0,70,193,0,0,0,0,0,0,0,0,0,0,0,0,0,0,1,2,55,1,1,2,1,0,0,1,62,1,1,2,50,1,0
28,280305,2,2,1,10,7,23,29,12,2,1,0,28,1,20,421,20421,15,2010,1GNUKBE07AR2,1,G,N,U,K,B,E,0,7,A,R,2,0,P,CHEV,KTA,UT,10,17,5524,,0,1160,,F,,F,8,323,,,18R265,,,,,,0,0,000000000,00000000000,0,0,0,1,0,0,0,0,0,0,0,70,0,0,0,12,12,6,2,12,0,0,0,1,28,38614,6,1,0,0,3,0,70,168,0,0,0,1,0,12,2008,12,2008,0,35,0,0,0,1,2,55,1,1,2,1,0,0,6,11,1,1,2,51,0,0
28,280306,1,1,2,12,7,16,0,8,0,1,0,28,1,20,2,20002,4,2006,2G1WB55KX691,2,G,1,W,B,5,5,K,X,6,9,1,0,P,CHEV,IPL,4D,6,17,3477,,0,1105,,F,,F,6,214,,,16R225,,,,,,0,0,000000000,00000000000,0,0,0,1,0,0,0,0,0,0,0,40,0,0,0,12,12,6,2,8,0,0,0,1,28,39157,6,1,6,0,3,0,69,210,0,0,0,0,0,0,0,0,0,0,0,0,0,0,1,2,40,1,2,2,2,0,0,1,80,6,1,2,13,0,0
28,280307,1,1,1,12,7,16,4,35,0,1,0,28,1,55,33,55033,4,2006,5NPEU46C86H0,5,N,P,E,U,4,6,C,8,6,H,0,0,P,HYUN,SGX,4D,6,17,3458,,0,1074,,G,,F,4,144,,,17R225,,,,,,0,0,000000000,00000000000,0,0,0,1,0,0,0,0,0,0,0,999,0,0,0,12,12,6,2,42,0,0,0,1,28,39183,6,1,0,0,3,0,66,150,0,0,0,0,0,0,0,0,0,0,0,0,0,0,1,2,55,1,2,2,2,0,0,1,13,1,1,4,1,1,0
28,280308,1,2,1,14,7,16,0,12,6,1,0,28,1,12,481,12481,31,2003,1FTRW08L63KC,1,F,T,R,W,0,8,L,6,3,K,C,0,T,FORD,F1S,CW,3,17,,2,0,1388,COF,G,,,8,330,,,,B,5005,00,U,44,0,0,000000000,00000000000,0,0,0,1,0,0,0,0,0,0,0,35,0,0,0,12,12,6,2,12,0,0,0,1,28,39648,6,1,6,0,3,0,68,130,0,0,0,0,1,2,2009,2,2009,0,0,0,0,0,1,2,45,1,1,2,1,20,3,1,55,1,1,2,86,0,0
28,280308,2,2,2,14,7,16,0,12,6,1,0,28,1,49,40,49040,4,1998,JT2BG22K6W01,J,T,2,B,G,2,2,K,6,W,0,1,0,P,TOYT,CXL,4D,98,17,3120,,0,1051,,G,,F,4,132,,,14R195,,,,,,0,0,000000000,00000000000,0,0,0,1,0,0,0,0,0,0,0,20,0,0,0,2,2,6,2,12,0,0,0,1,28,39648,6,1,0,0,3,0,65,150,0,0,0,0,0,0,0,0,0,0,38,39,0,0,1,2,45,1,1,2,1,20,3,1,17,1,1,2,87,1,0
28,280309,1,2,2,14,7,20,34,12,6,1,0,28,1,20,431,20431,16,1996,3GNGK26J4TG1,3,G,N,G,K,2,6,J,4,T,G,1,0,P,CHEV,K25,UT,96,17,5552,,0,1315,,G,,F,8,454,,,16R245,,,,,,0,0,000000000,00000000000,0,0,0,1,0,0,0,0,0,0,0,45,0,0,0,12,12,6,2,12,0,0,0,1,28,39530,6,1,6,0,3,0,66,165,0,0,0,1,1,11,2009,2,2011,0,0,0,0,0,2,2,45,1,1,2,1,20,3,11,55,1,1,1,68,0,0
28,280309,2,2,3,14,7,20,34,12,6,1,0,28,2,37,32,37032,4,2002,3HGCG56482G7,3,H,G,C,G,5,6,4,8,2,G,7,0,P,HOND,ULX,4D,2,17,3097,,0,1069,,G,,F,4,138,,,15R195,,,,,,0,0,000000000,00000000000,0,0,0,1,0,0,0,0,0,0,0,15,0,0,0,9,9,6,2,12,0,0,0,1,22,70433,6,1,0,0,3,0,70,180,0,0,0,0,0,0,0,0,0,0,38,39,0,0,2,2,45,1,1,2,1,20,3,1,17,1,1,2,69,2,0
28,280310,1,1,1,16,7,1,43,34,0,1,0,28,2,12,401,12401,14,1998,1FMZU32P8WZB,1,F,M,Z,U,3,2,P,8,W,Z,B,0,P,FORD,EPR,UT,98,17,3911,,0,1115,,G,,F,8,302,,,15R225,,,,,,0,0,000000000,00000000000,0,0,0,1,0,0,0,0,0,0,0,998,0,1,9,98,13,6,2,1,0,0,0,1,28,39301,6,1,6,0,3,0,72,172,0,0,0,0,0,0,0,0,0,0,0,0,0,0,1,2,45,1,1,2,2,0,0,1,13,1,1,4,1,1,0
28,280311,1,2,1,16,7,9,0,12,2,1,0,28,1,49,43,49043,4,2006,4T1BK36B46U1,4,T,1,B,K,3,6,B,4,6,U,1,0,P,TOYT,UTS,4D,6,17,3490,,0,1071,,G,,F,6,213,,,15R205,,,,,,0,0,000000000,00000000000,0,0,0,1,0,0,0,0,0,0,0,999,0,0,0,12,12,6,2,12,0,0,0,1,28,39654,6,1,0,0,3,0,65,175,0,0,0,0,0,0,0,0,0,0,51,0,0,0,1,2,45,1,1,2,1,0,0,1,11,1,1,2,50,1,0
28,280311,2,2,2,16,7,9,0,12,2,1,0,28,1,2,405,2405,14,2006,1J4GL48K16W2,1,J,4,G,L,4,8,K,1,6,W,2,0,T,JEEP,SPR,4W,6,17,,1,0,1043,LIB,G,,,6,226,,,,,3857,00,E,44,0,0,000000000,00000000000,0,0,0,1,0,0,0,0,0,0,0,999,0,0,0,12,12,6,2,12,0,0,0,1,26,49663,6,1,0,0,3,0,65,150,0,0,0,0,0,0,0,0,0,0,0,0,0,0,1,2,45,1,1,2,1,0,0,1,62,1,3,2,51,1,0
28,280312,1,1,1,16,7,20,6,42,0,1,0,28,2,52,34,52034,4,1998,4A3AJ56GXWE0,4,A,3,A,J,5,6,G,X,W,E,0,0,P,MITS,UEL,4D,98,17,2877,,0,1037,,G,,F,4,143,,,14R185,,,,,,0,0,000000000,00000000000,0,0,0,1,0,0,0,0,0,0,0,999,0,0,0,61,61,6,2,42,0,0,0,1,28,39059,0,0,0,0,0,0,999,999,99,99,99,99,99,99,9999,99,9999,0,0,0,0,0,1,2,50,1,2,2,2,0,0,1,12,1,1,4,1,1,0
28,280313,1,1,2,17,7,2,5,35,0,1,0,28,1,20,20,20020,2,2001,2G1WL52J7111,2,G,1,W,L,5,2,J,7,1,1,1,0,P,CHEV,LUM,4D,1,17,3330,,0,1075,,G,,F,6,191,,,15R205,,,,,,0,0,000000000,00000000000,0,0,0,1,0,0,0,0,0,0,0,60,0,0,0,12,12,6,2,35,0,0,0,1,28,39423,6,1,0,0,3,0,65,130,0,0,0,0,0,0,0,0,0,0,0,0,0,0,1,2,55,4,1,2,1,0,0,14,13,1,1,4,1,1,0
28,280314,1,1,1,17,7,16,43,34,0,1,0,28,1,72,709,72709,80,2010,1HD1FC419AB6,1,H,D,1,F,C,4,1,9,A,B,6,0,M,HD,FTU,RS,10,17,,,,,,,1584,,2,,4,889,,,,,,,0,0,000000000,00000000000,0,0,0,1,0,0,0,0,0,0,0,999,0,0,0,98,98,6,2,34,0,0,0,1,28,38635,6,1,6,0,3,0,74,230,0,0,0,0,0,0,0,0,0,0,0,0,0,0,1,2,55,2,1,2,1,0,0,14,13,1,1,4,1,1,0
28,280315,1,2,1,17,7,17,14,12,6,1,0,28,1,30,399,30399,4,2011,WVWMN7AN4BE7,W,V,W,M,N,7,A,N,4,B,E,7,0,P,VOLK,CCS,4D,11,17,3330,,0,0,,G,,T,4,121,,,000000,,,,,,0,0,000000000,00000000000,0,0,0,1,0,0,0,0,0,0,0,999,0,0,0,9,9,6,2,12,0,0,0,1,28,38680,6,1,0,0,3,0,68,150,0,0,0,0,1,8,2009,8,2009,0,38,39,0,0,1,2,55,1,1,2,1,21,3,1,17,1,1,2,86,0,0
28,280315,2,2,1,17,7,17,14,12,6,1,0,28,1,37,709,37709,80,2004,1HFSC18034A8,1,H,F,S,C,1,8,0,3,4,A,8,0,M,HOND,VT1,RS,4,17,,,,,,,1099,,2,,4,573,,,,,,,0,0,000000000,00000000000,0,0,0,1,0,0,0,0,0,0,0,999,0,0,0,1,12,6,2,12,0,0,0,1,28,38680,6,1,6,0,3,0,68,180,0,0,0,0,0,0,0,0,0,0,0,0,0,0,1,2,55,1,1,2,1,21,3,1,55,1,1,1,87,1,0
28,280316,1,2,3,17,7,18,55,12,2,1,0,28,1,7,482,7482,31,2002,1D7HU18N22S5,1,D,7,H,U,1,8,N,2,2,S,5,0,T,DODG,Q15,CW,2,17,,2,1605,1405,RPC,G,,,8,287,,,,B,5000,02,E,44,0,0,000000000,00000000000,0,0,0,1,0,0,0,0,0,0,0,25,0,0,0,12,12,6,2,12,0,0,0,1,28,38632,6,1,0,0,3,0,68,150,0,0,0,0,0,0,0,0,0,0,38,0,0,0,1,2,45,1,1,2,1,0,0,1,17,1,1,2,50,0,0
28,280316,2,2,2,17,7,18,55,12,2,1,0,28,1,50,709,50709,80,1978,T140VNX01237,T,1,4,0,V,N,X,0,1,2,3,7,0,M,TRUM,T14,RS,78,12,,,,,,,750,,2,,4,390,,,,,,,0,0,000000000,00000000000,0,0,0,1,0,0,0,0,0,0,0,45,0,0,0,12,12,6,2,12,0,0,0,1,28,39632,6,1,0,0,3,0,72,190,0,0,0,0,0,0,0,0,0,0,0,0,0,0,1,2,45,1,1,2,1,0,0,1,17,1,1,2,51,1,0
28,280317,1,2,1,20,6,14,43,12,6,1,0,28,2,12,24,12024,6,2011,2FMDK3JC4BBA,2,F,M,D,K,3,J,C,4,B,B,A,0,P,FORD,EDG,UT,11,17,4082,,0,1112,,G,,F,6,214,,,18R245,,,,,,0,0,000000000,00000000000,0,0,0,1,0,0,0,0,0,0,0,50,0,0,0,12,12,6,2,12,0,0,0,1,1,35205,6,1,0,0,3,0,68,180,0,0,0,0,0,0,0,0,0,0,0,0,0,0,2,2,55,1,1,2,1,3,3,1,55,1,1,2,91,0,0
28,280317,2,2,2,20,6,14,43,12,6,1,0,28,2,23,481,23481,31,2004,2GTEC13T6413,2,G,T,E,C,1,3,T,6,4,1,3,0,T,GMC,NC1,CW,4,17,,2,0,1435,SIE,G,,,8,325,,,,B,4946,00,E,42,0,0,000000000,00000000000,0,0,0,1,0,0,0,0,0,0,0,999,0,0,0,9,9,6,2,12,0,0,0,1,28,38824,6,1,0,0,3,0,64,120,0,0,0,0,0,0,0,0,0,0,38,39,0,0,2,2,55,1,1,2,1,3,3,1,17,1,1,2,91,1,0
28,280318,1,1,1,18,7,16,8,35,0,1,0,28,2,20,37,20037,4,2007,1G1ZS58F57F1,1,G,1,Z,S,5,8,F,5,7,F,1,0,P,CHEV,M/L,4D,7,17,3122,,0,1063,,G,,F,4,134,,,15R205,,,,,,0,0,000000000,00000000000,0,0,0,1,0,0,0,0,0,0,0,60,0,0,0,12,12,6,2,35,0,0,0,1,28,38625,6,1,0,0,3,1,66,190,0,0,0,4,0,12,2008,12,2009,0,0,0,0,0,1,2,55,1,1,2,1,0,0,1,12,1,1,4,6,1,1
28,280319,1,1,1,18,7,17,51,9,0,1,0,28,1,49,401,49401,14,2010,JTEBU5JR3A50,J,T,E,B,U,5,J,R,3,A,5,0,0,P,TOYT,RUN,UT,10,17,4675,,0,1098,,G,,F,6,244,,,17R265,,,,,,0,0,000000000,00000000000,0,0,0,1,0,0,0,0,0,0,0,50,0,0,0,12,12,6,2,9,0,0,0,1,28,39705,6,1,0,0,3,0,67,170,0,0,0,0,0,0,0,0,0,0,0,0,0,0,1,2,55,1,1,2,1,0,0,1,83,1,1,2,13,0,0
28,280320,1,2,1,18,7,21,45,12,6,1,0,28,1,37,709,37709,80,2001,1HFSC18071A5,1,H,F,S,C,1,8,0,7,1,A,5,0,M,HOND,VT1,RS,1,17,,,,,,,1099,,2,,4,554,,,,,,,0,0,000000000,00000000000,0,0,0,1,0,0,0,0,0,0,0,998,0,0,0,12,12,6,2,12,0,0,0,1,28,38965,6,1,0,0,3,1,72,205,0,0,0,2,0,8,2009,3,2010,0,0,0,0,0,1,2,45,1,1,2,1,0,0,1,55,1,1,2,88,1,0
28,280320,2,2,1,18,7,21,45,12,6,1,0,28,1,35,39,35039,4,1999,JN1CA21D4XT8,J,N,1,C,A,2,1,D,4,X,T,8,0,P,NISS,MGS,4D,99,17,2896,,0,1063,,G,,F,6,182,,,15R205,,,,,,0,0,000000000,00000000000,0,0,0,1,0,0,0,0,0,0,0,998,0,0,0,9,9,6,2,12,0,0,0,1,28,38948,6,1,0,0,3,0,68,155,0,0,0,0,0,0,0,0,0,0,38,0,0,0,1,2,45,1,1,2,1,0,0,1,17,1,1,2,89,0,0
28,280321,1,2,1,20,7,16,18,12,6,1,0,28,1,41,471,41471,30,1998,4F4YR12C2WTM,4,F,4,Y,R,1,2,C,2,W,T,M,0,T,MAZD,5RC,PK,98,17,,1,0,1116,B25,G,,,4,152,,,,,3146,00,E,42,0,0,000000000,00000000000,0,0,0,1,0,0,0,0,0,0,0,999,0,0,0,12,98,6,2,12,0,0,0,1,28,38611,6,1,0,0,3,0,70,165,0,0,0,0,0,0,0,0,0,0,0,0,0,0,2,2,45,1,1,2,1,0,0,1,11,1,1,2,85,1,0
28,280321,2,2,1,20,7,16,18,12,6,1,0,28,1,82,884,82884,66,1999,1FUYSSEB0XL9,1,F,U,Y,S,S,E,B,0,X,L,9,1,T,FRHT,FC2,TR,99,17,,8,0,0,CON,D,,,6,774,,,,,00000,00,,64,1,56,584328,56584328,3,6,1,1,0,0,0,0,0,0,0,4,0,0,0,3,3,6,2,12,0,0,0,1,47,38114,6,1,6,0,3,0,70,200,0,0,0,0,0,0,0,0,0,0,38,0,0,0,2,2,45,1,1,2,1,0,0,1,15,1,1,2,85,0,0
28,280322,1,1,1,21,7,17,46,34,0,1,0,28,1,72,709,72709,80,2005,1HD1BMY1X5Y0,1,H,D,1,B,M,Y,1,X,5,Y,0,0,M,HD,FLF,RS,5,17,,,,,,,1450,,2,,4,671,,,,,,,0,0,000000000,00000000000,0,0,0,1,0,0,0,0,0,0,0,998,0,0,0,98,98,6,2,32,0,0,0,1,28,38863,6,1,0,0,3,0,70,165,0,0,0,1,0,7,2010,7,2010,0,0,0,0,0,1,2,55,1,1,2,1,0,0,1,13,1,1,4,1,1,0
28,280323,1,1,3,21,7,19,19,1,0,1,0,28,1,12,481,12481,31,1999,1FTRX18W8XKA,1,F,T,R,X,1,8,W,8,X,K,A,0,T,FORD,F15,4C,99,17,,2,1574,1388,COF,G,,,8,281,,,,B,00000,00,U,44,0,0,000000000,00000000000,0,0,0,1,0,0,0,0,0,0,0,50,0,1,9,0,13,6,2,1,0,0,0,1,28,39556,6,1,0,0,3,0,70,180,0,0,0,0,0,0,0,0,0,1,58,0,0,0,1,2,35,4,2,2,1,0,0,14,12,1,1,4,6,1,0
28,280324,1,2,1,21,7,21,13,12,6,1,0,28,1,2,404,2404,14,1993,1J4FT68S8PL6,1,J,4,F,T,6,8,S,8,P,L,6,0,T,JEEP,SPT,4W,93,17,,1,0,1014,CHK,G,,,6,242,,,,,2985,01,A,42,0,0,000000000,00000000000,0,0,0,1,0,0,0,0,0,0,0,999,0,0,0,10,10,6,2,12,0,0,0,1,28,38849,6,1,0,0,3,0,70,165,0,0,0,0,0,0,0,0,0,0,0,0,0,0,1,2,55,1,1,2,1,0,0,1,55,1,1,2,91,0,0
28,280324,2,2,1,21,7,21,13,12,6,1,0,28,1,53,709,53709,80,2009,JS1GX72A7921,J,S,1,G,X,7,2,A,7,9,2,1,0,M,SUZI,GXR,RC,9,17,,,,,,,1340,,4,,4,573,,,,,,,0,0,000000000,00000000000,0,0,0,1,0,0,0,0,0,0,0,999,0,0,0,12,12,6,2,12,0,0,0,1,28,38828,6,1,0,0,3,0,68,155,0,0,0,0,0,0,0,0,0,1,38,0,0,0,1,2,55,1,1,2,1,0,0,1,17,1,1,2,91,1,0
28,280325,1,1,1,22,7,2,12,35,0,1,0,28,1,7,472,7472,30,1996,1B7HC16YXTS5,1,B,7,H,C,1,6,Y,X,T,S,5,0,T,DODG,150,PK,96,17,,2,1347,1187,RPC,G,,,8,318,,,,B,3868,01,M,42,0,0,000000000,00000000000,0,0,0,1,0,0,0,0,0,0,0,999,0,0,0,98,98,6,2,35,0,0,0,1,28,39735,6,1,0,0,3,0,71,222,0,0,0,0,0,0,0,0,0,1,58,0,0,0,1,2,45,4,1,2,1,0,0,14,12,1,1,4,1,1,0
28,280326,1,3,1,23,7,22,11,12,6,1,0,22,1,23,401,23401,14,2006,1GKES16S3661,1,G,K,E,S,1,6,S,3,6,6,1,0,T,GMC,EXL,4W,6,17,,2,0,1290,ENV,G,,,6,256,,,,B,4773,00,4,42,0,0,000000000,00000000000,0,0,0,1,0,0,0,0,0,0,0,999,0,0,0,7,7,6,2,12,0,0,0,1,22,70444,6,1,0,0,3,0,68,150,0,0,0,0,0,0,0,0,0,0,38,39,0,0,2,2,65,1,1,2,2,20,3,1,55,1,1,2,90,0,0
28,280326,2,3,4,23,7,22,11,12,6,1,0,28,2,49,32,49032,4,2010,JTDBU4EE1AJ0,J,T,D,B,U,4,E,E,1,A,J,0,0,P,TOYT,CBL,4D,10,17,2723,,0,1024,,G,,F,4,110,,,15R195,,,,,,0,0,000000000,00000000000,0,0,0,1,0,0,0,0,0,0,0,65,0,0,0,12,12,6,2,12,0,0,0,1,28,39520,6,1,0,0,3,0,70,200,0,0,0,0,0,0,0,0,0,0,0,0,0,0,2,2,65,1,1,2,2,20,3,1,17,1,1,2,90,1,0
28,280326,3,3,2,23,7,22,11,12,6,1,0,28,1,59,421,59421,15,2009,JTHBL46F9950,J,T,H,B,L,4,6,F,9,9,5,0,0,P,LEXS,L46,4D,9,17,4350,,0,1169,,G,,F,8,281,,,18R235,,,,,,0,0,000000000,00000000000,0,0,0,1,0,0,0,0,0,0,0,999,0,0,0,12,12,6,2,12,0,0,0,1,28,39520,6,1,0,0,3,0,70,185,0,0,0,0,0,0,0,0,0,0,0,0,0,0,2,4,65,1,1,2,2,20,3,1,17,1,1,2,98,0,0
28,280327,1,1,1,24,7,1,29,8,0,1,0,28,2,35,47,35047,4,2005,1N4AL11D45C2,1,N,4,A,L,1,1,D,4,5,C,2,0,P,NISS,ASL,4D,5,17,2915,,0,1102,,G,,F,4,153,,,16R215,,,,,,0,0,000000000,00000000000,0,0,0,1,0,0,0,0,0,0,0,45,0,0,0,12,12,6,2,8,0,0,0,1,28,38849,6,1,0,0,3,0,66,122,0,0,0,0,0,0,0,0,0,0,0,0,0,0,2,2,55,1,1,2,1,0,0,1,81,1,1,1,13,0,0
28,280328,1,1,1,24,7,7,8,42,0,1,0,28,1,14,38,14038,2,1999,1ZWFT61L1X56,1,Z,W,F,T,6,1,L,1,X,5,6,0,P,MERC,CU6,2H,99,17,2941,,0,1064,,G,,F,6,155,,,16R215,,,,,,0,0,000000000,00000000000,0,0,0,1,0,0,0,0,0,0,0,999,0,1,9,12,13,6,2,1,0,0,0,1,28,39362,6,1,0,0,3,0,70,185,0,0,0,0,0,0,0,0,0,1,0,0,0,0,1,2,55,4,2,2,1,0,0,14,12,1,1,4,6,1,1
28,280329,1,1,1,26,7,4,40,42,0,1,0,28,1,12,481,12481,31,2004,1FTRX12W74NA,1,F,T,R,X,1,2,W,7,4,N,A,0,T,FORD,F15,4C,4,17,,2,1450,1260,COF,G,,,8,281,,,,B,5170,00,U,42,0,0,000000000,00000000000,0,0,0,1,0,0,0,0,0,0,0,999,0,0,0,12,12,6,2,42,0,0,0,1,1,35586,6,1,0,0,3,0,66,120,0,0,0,0,0,0,0,0,0,0,0,0,0,0,1,2,55,1,1,2,1,0,0,1,12,1,1,4,1,1,0
28,280330,1,1,1,26,7,17,40,1,0,1,0,28,0,53,709,53709,80,2008,999999999999,9,9,9,9,9,9,9,9,9,9,9,9,0,,,,,,,,,,,,,,,,,,,,,,,,,0,0,000000000,00000000000,0,0,0,1,0,0,0,0,0,0,0,999,0,0,0,0,13,6,2,1,0,0,0,1,28,39350,6,1,0,0,3,0,68,155,0,0,0,0,0,0,0,0,0,0,0,0,0,0,1,2,55,1,2,2,1,0,0,1,13,1,1,4,1,1,1
28,280331,1,1,1,27,7,17,16,42,0,1,0,28,1,12,3,12003,2,2001,1FAFP40411F2,1,F,A,F,P,4,0,4,1,1,F,2,0,P,FORD,MUS,CP,1,17,3066,,0,1013,,G,,F,6,232,,,15R205,,,,,,0,0,000000000,00000000000,0,0,0,1,0,0,0,0,0,0,0,999,0,0,0,12,12,6,2,42,0,0,0,1,28,39073,6,1,0,0,3,0,67,140,0,0,0,0,0,0,0,0,0,1,0,0,0,0,1,2,35,3,3,2,2,0,0,14,13,1,1,4,1,1,0
28,280332,1,2,1,27,7,17,52,12,6,1,0,28,1,37,709,37709,80,2008,JH2RC50438M4,J,H,2,R,C,5,0,4,3,8,M,4,0,M,HOND,7CA,RS,8,17,,,,,,,745,,2,,4,519,,,,,,,0,0,000000000,00000000000,0,0,0,1,0,0,0,0,0,0,0,999,0,0,0,12,12,6,2,12,0,0,0,1,28,38948,6,1,0,0,3,0,70,155,0,0,0,0,0,0,0,0,0,0,0,0,0,0,1,2,55,1,1,2,1,20,3,1,55,1,1,2,86,1,0
28,280332,2,2,3,27,7,17,52,12,6,1,0,28,2,35,47,35047,4,2011,1N4AL2AP8BC1,1,N,4,A,L,2,A,P,8,B,C,1,0,P,NISS,ATS,4D,11,17,3180,,0,1093,,G,,F,4,153,,,16R215,,,,,,0,0,000000000,00000000000,0,0,0,1,0,0,0,0,0,0,0,999,0,0,0,3,3,6,2,12,0,0,0,1,28,38620,6,2,0,0,3,0,64,100,0,0,0,0,0,0,0,0,0,0,38,39,0,0,1,2,55,1,1,2,1,20,3,1,17,1,1,2,87,0,0
28,280333,1,1,1,28,7,10,53,35,0,1,0,28,1,2,404,2404,14,1996,1GYF278Y3TC2,1,G,Y,F,2,7,8,Y,3,T,C,2,0,T,JEEP,,,96,17,,,,,,G,,,8,318,,,,,,,,,0,0,000000000,00000000000,0,0,0,1,0,0,0,0,0,0,0,999,0,1,9,12,98,6,2,1,0,0,0,1,28,38619,6,1,0,0,3,0,68,230,0,0,0,0,0,0,0,0,0,0,0,0,0,0,2,2,70,1,1,2,1,0,0,1,13,1,1,4,1,1,0
28,280334,1,1,1,28,7,15,57,35,0,1,0,28,1,13,5,13005,4,1999,1LNHM82W8XY6,1,L,N,H,M,8,2,W,8,X,Y,6,0,P,LINC,SIG,4D,99,17,4020,,0,1177,,G,,F,8,281,,,16R225,,,,,,0,0,000000000,00000000000,0,0,0,1,0,0,0,0,0,0,0,999,0,0,0,12,12,6,2,35,0,0,0,1,28,39666,6,1,0,0,3,0,74,325,0,0,0,0,0,0,0,0,0,0,8,0,0,0,1,2,45,1,1,2,1,0,0,1,12,1,1,4,6,1,0
28,280335,1,2,1,28,7,17,36,12,6,1,0,28,3,87,884,87884,66,1999,1XP5DB9X4XD5,1,X,P,5,D,B,9,X,4,X,D,5,1,T,PTRB,379,TR,99,17,,8,0,0,CON,D,,,6,893,,,,,00000,00,,64,1,56,373317,56373317,3,6,1,1,0,0,0,0,0,0,0,998,0,0,0,5,6,6,2,12,0,0,0,1,28,39577,6,1,6,0,3,0,66,210,0,0,0,0,0,0,0,0,0,1,51,0,0,0,1,2,55,1,1,2,2,0,0,1,11,1,1,1,91,0,0
28,280335,2,2,1,28,7,17,36,12,6,1,0,28,1,12,481,12481,31,1999,1FTYR14VXXPA,1,F,T,Y,R,1,4,V,X,X,P,A,0,T,FORD,RNS,PC,99,17,,1,0,1257,RNG,F,,,6,182,,,,B,00000,00,U,42,0,0,000000000,00000000000,0,0,0,1,0,0,0,0,0,0,0,998,0,0,0,12,12,6,2,12,0,0,0,1,28,39452,6,1,0,0,3,0,68,140,0,0,0,0,0,0,0,0,0,0,0,0,0,0,1,2,55,1,1,2,2,0,0,1,11,1,1,2,91,1,0
28,280336,1,2,2,29,7,11,58,12,6,1,0,28,1,49,32,49032,2,1987,JT2AE86S2H02,J,T,2,A,E,8,6,S,2,H,0,2,0,P,TOYT,CSS,CP,87,17,2224,,0,945,,G,,2,4,097,,,13R185,,,,,,0,0,000000000,00000000000,0,0,0,1,0,0,0,0,0,0,0,20,0,0,0,3,3,6,2,12,0,0,0,1,28,39047,6,1,0,0,3,0,71,171,0,0,0,0,0,0,0,0,0,0,0,0,0,0,2,2,65,1,1,2,1,3,3,1,55,1,1,2,86,2,0
28,280336,2,2,1,29,7,11,58,12,6,1,0,28,1,34,35,34035,4,2010,WBANW1C5XAC1,W,B,A,N,W,1,C,5,X,A,C,1,0,P,BMW,535,4D,10,17,3704,,0,1137,,G,,T,6,183,,,17R225,,,,,,0,0,000000000,00000000000,0,0,0,1,0,0,0,0,0,0,0,65,0,0,0,1,12,6,2,12,0,0,0,1,28,39350,6,1,0,0,3,0,67,145,0,0,0,2,0,7,2009,2,2011,0,38,39,0,0,2,2,65,1,1,2,1,3,3,1,17,1,1,2,87,0,0
28,280337,1,2,1,29,7,12,25,12,1,1,0,0,0,19,3,19003,4,2002,999999999999,9,9,9,9,9,9,9,9,9,9,9,9,0,,,,,,,,,,,,,,,,,,,,,,,,,0,0,000000000,00000000000,0,0,0,1,0,0,0,0,0,0,0,0,0,0,0,6,6,6,2,12,0,0,0,1,28,39350,6,1,0,0,3,0,64,160,0,0,0,0,0,0,0,0,0,0,0,0,0,0,1,2,35,1,1,2,1,3,3,1,11,1,1,1,90,0,0