STATE,ST_CASE,VEH_NO,VE_FORMS,NUMOCCS,DAY,MONTH,HOUR,MINUTE,HARM_EV,MAN_COLL,UNITTYPE,HIT_RUN,REG_STAT,OWNER,MAKE,MODEL,MAK_MOD,BODY_TYP,MOD_YEAR,VIN,VIN_1,VIN_2,VIN_3,VIN_4,VIN_5,VIN_6,VIN_7,VIN_8,VIN_9,VIN_10,VIN_11,VIN_12,TOW_VEH,VINTYPE,VINMAKE,VINA_MOD,VIN_BT,VINMODYR,VIN_LNGT,VIN_WGT,WGTCD_TR,WHLBS_LG,WHLBS_SH,SER_TR,FUELCODE,MCYCL_DS,CARBUR,CYLINDER,DISPLACE,MCYCL_CY,MCYCL_WT,TIRE_SZE,TON_RAT,TRK_WT,TRKWTVAR,VIN_REST,WHLDRWHL,J_KNIFE,MCARR_I1,MCARR_I2,MCARR_ID,GVWR,V_CONFIG,CARGO_BT,HAZ_INV,HAZ_PLAC,HAZ_ID,HAZ_CNO,HAZ_REL,BUS_USE,SPEC_USE,EMER_USE,TRAV_SP,UNDERIDE,ROLLOVER,ROLINLOC,IMPACT1,IMPACT2,DEFORMED,TOWED,M_HARM,VEH_SC1,VEH_SC2,FIRE_EXP,DR_PRES,L_STATE,DR_ZIP,L_STATUS,L_TYPE,CDL_STAT,L_ENDORS,L_COMPL,L_RESTRI,DR_HGT,DR_WGT,PREV_ACC,PREV_SUS,PREV_DWI,PREV_SPD,PREV_OTH,FIRST_MO,FIRST_YR,LAST_MO,LAST_YR,SPEEDREL,DR_SF1,DR_SF2,DR_SF3,DR_SF4,VTRAFWAY,VNUM_LAN,VSPD_LIM,VALIGN,VPROFILE,VPAVETYP,VSURCOND,VTRAFCON,VTCONT_F,P_CRASH1,P_CRASH2,P_CRASH3,PCRASH4,PCRASH5,ACC_TYPE,DEATHS,DR_DRINK
28,280337,2,2,1,29,7,12,25,12,1,1,0,28,2,7,472,7472,30,2008,1D7HU18N88S5,1,D,7,H,U,1,8,N,8,8,S,5,0,T,DODG,SQ1,CW,8,17,,2,1605,1405,RPC,G,,,8,287,,,,B,5201,00,E,44,0,0,000000000,00000000000,0,0,0,1,0,0,0,0,0,0,0,5,0,0,0,12,12,6,2,12,0,0,0,1,28,39350,6,1,0,0,3,0,66,120,0,0,0,1,0,10,2008,10,2008,0,26,0,0,0,1,2,35,1,1,2,1,3,3,1,17,1,1,1,90,1,0
28,280338,1,3,1,29,7,16,36,12,6,1,0,28,3,86,884,86884,66,2005,1M1AK02Y55N0,1,M,1,A,K,0,2,Y,5,5,N,0,1,T,MACK,CXN,TR,5,17,,8,0,0,600,D,,,6,728,,,,,00000,00,,42,1,99,999999999,99999999999,3,19,1,1,0,0,0,0,0,0,0,35,0,0,0,2,2,6,2,12,0,0,0,1,28,38850,6,1,6,0,3,0,70,240,0,0,0,0,0,0,0,0,0,0,0,0,0,0,1,2,55,1,1,2,1,0,0,1,55,1,1,2,90,0,0
28,280338,2,3,2,29,7,16,36,12,6,1,0,28,1,14,6,14006,4,1999,2MEFM75W5XX7,2,M,E,F,M,7,5,W,5,X,X,7,0,P,MERC,MGL,4D,99,17,3922,,0,1147,,G,,F,8,281,,,16R225,,,,,,0,0,000000000,00000000000,0,0,0,1,0,0,0,0,0,0,0,998,0,0,0,1,3,6,2,12,0,0,0,1,28,38851,6,1,0,0,3,0,63,120,0,0,0,1,0,11,2009,11,2009,0,38,39,0,0,1,2,55,1,1,2,1,0,0,1,17,1,1,2,90,1,0
28,280338,3,3,1,29,7,16,36,12,6,1,0,28,2,49,472,49472,30,2001,5TEWN72N81Z8,5,T,E,W,N,7,2,N,8,1,Z,8,0,T,TOYT,XTR,PC,1,17,,1,0,1219,TAC,G,,,6,206,,,,B,3515,00,U,44,0,0,000000000,00000000000,0,0,0,1,0,0,0,0,0,0,0,30,0,0,0,1,12,6,2,12,0,0,0,1,28,38864,6,1,6,0,3,0,69,145,0,0,0,0,1,1,2009,1,2009,0,0,0,0,0,1,2,55,1,1,2,1,0,0,1,17,1,1,1,98,0,0
28,280339,1,1,2,29,7,23,58,42,0,1,0,28,1,12,481,12481,31,2001,1FTRX17W01NB,1,F,T,R,X,1,7,W,0,1,N,B,0,T,FORD,F15,4C,1,17,,2,1571,1385,COF,G,,,8,281,,,,B,4204,05,U,42,0,0,000000000,00000000000,0,0,0,1,0,0,0,0,0,0,0,998,0,0,0,12,12,6,2,42,0,0,0,1,28,39437,6,1,0,0,3,0,70,148,0,0,0,1,0,9,2010,9,2010,0,0,0,0,0,2,2,70,1,1,2,1,0,0,1,12,1,1,4,6,1,0
28,280340,1,1,1,30,7,0,22,42,0,1,0,28,2,22,18,22018,4,2005,1G2NE52E65M1,1,G,2,N,E,5,2,E,6,5,M,1,0,P,PONT,GAS,4D,5,17,3066,,0,1070,,G,,F,6,207,,,15R215,,,,,,0,0,000000000,00000000000,0,0,0,1,0,0,0,0,0,0,0,45,0,0,0,12,12,6,2,42,0,0,0,1,28,39191,6,1,6,0,3,0,67,130,0,0,0,0,0,0,0,0,0,0,0,0,0,0,1,2,45,1,1,2,1,0,0,1,12,1,1,4,6,1,1
28,280341,1,1,1,30,7,5,23,42,0,1,0,28,1,12,422,12422,15,2003,1FMRU15W53LB,1,F,M,R,U,1,5,W,5,3,L,B,0,P,FORD,EPT,UT,3,17,5416,,0,1191,,G,,F,8,281,,,17R265,,,,,,0,0,000000000,00000000000,0,0,0,1,0,0,0,0,0,0,0,998,0,0,0,98,12,6,2,42,0,0,0,1,28,39350,6,1,0,0,3,0,59,160,0,0,0,0,0,0,0,0,0,0,58,0,0,0,1,2,55,1,1,2,1,0,0,1,12,1,1,4,6,1,0
28,280342,1,1,1,30,7,17,24,35,0,1,0,28,1,76,709,76709,80,2006,JYAVP04E36A0,J,Y,A,V,P,0,4,E,3,6,A,0,0,M,YAMA,ZTF,RS,6,17,,,,,,,1294,,4,,4,807,,,,,,,0,0,000000000,00000000000,0,0,0,1,0,0,0,0,0,0,0,998,0,0,0,12,12,6,2,35,0,0,0,1,28,39212,6,1,0,0,3,0,69,190,0,0,0,0,0,0,0,0,0,0,0,0,0,0,1,2,45,1,1,2,1,0,0,1,12,1,1,4,6,1,1
28,280343,1,1,2,30,7,19,22,1,0,1,0,28,1,12,401,12401,14,1996,1FMDU32XXTUC,1,F,M,D,U,3,2,X,X,T,U,C,0,P,FORD,EPR,UT,96,17,3952,,0,1115,,G,,F,6,245,,,15R225,,,,,,0,0,000000000,00000000000,0,0,0,1,0,0,0,0,0,0,0,998,0,1,9,0,13,6,2,1,0,0,0,1,28,39120,6,1,0,0,3,0,74,165,0,0,0,0,0,0,0,0,0,0,58,0,0,0,2,2,65,1,1,2,1,0,0,1,13,1,1,4,1,1,0
28,280344,1,3,3,31,7,11,24,12,1,1,0,28,1,7,470,7470,28,2008,1D8HN54P58B1,1,D,8,H,N,5,4,P,5,8,B,1,0,T,DODG,GSX,ES,8,17,,2,0,1212,CAR,G,,,6,232,,,,,4483,00,7,42,0,0,000000000,00000000000,0,0,0,1,0,0,0,0,0,0,0,999,0,0,0,12,6,2,1,12,0,0,0,1,28,39074,6,1,0,0,3,0,62,200,0,0,0,0,0,0,0,0,0,0,0,0,0,0,1,2,30,1,2,2,1,0,0,1,11,1,1,1,28,0,0
28,280344,2,3,1,31,7,11,24,12,1,1,0,28,1,13,5,13005,4,1993,1LNLM83WXPY6,1,L,N,L,M,8,3,W,X,P,Y,6,0,P,LINC,CAR,4D,93,17,4035,,0,1174,,G,,F,8,281,,,15R215,,,,,,0,0,000000000,00000000000,0,0,0,1,0,0,0,0,0,0,0,998,0,0,0,6,6,6,2,12,0,0,0,1,28,39074,0,0,0,0,0,0,999,999,99,99,99,99,99,99,9999,99,9999,0,0,0,0,0,1,2,30,1,2,2,1,0,0,2,18,1,1,2,30,0,0
28,280344,3,3,1,31,7,11,24,12,1,1,0,28,1,21,441,21441,20,1999,1GHDX03E3XD2,1,G,H,D,X,0,3,E,3,X,D,2,0,T,OLDS,SIL,ES,99,17,,1,0,1200,SIL,G,,,6,207,,,,B,3948,00,K,42,0,0,000000000,00000000000,0,0,0,1,0,0,0,0,0,0,0,15,0,0,0,12,12,6,2,12,0,0,0,1,28,39074,6,1,0,0,3,0,73,250,0,0,0,0,0,0,0,0,0,0,26,0,0,0,1,2,30,1,2,2,1,0,0,1,11,1,1,2,98,1,0
28,280345,1,1,1,1,8,5,27,42,0,1,0,28,2,20,20,20020,4,1995,2G1WN52M8S91,2,G,1,W,N,5,2,M,8,S,9,1,0,P,CHEV,LLS,4D,95,17,3372,,0,1075,,G,,F,6,191,,,15R205,,,,,,0,0,000000000,00000000000,0,0,0,1,0,0,0,0,0,0,0,45,0,0,0,12,12,6,2,42,0,0,0,1,28,39325,6,1,0,0,3,0,71,180,0,0,0,0,0,0,0,0,0,1,0,0,0,0,1,2,30,1,2,2,1,0,0,1,13,1,1,4,1,1,0
28,280346,1,1,3,1,8,15,31,42,0,1,0,28,1,52,37,52037,2,1995,4A3AK44Y0SE1,4,A,3,A,K,4,4,Y,0,S,E,1,0,P,MITS,EGS,2H,95,17,2899,,0,988,,G,,F,4,122,,,16R205,,,,,,0,0,000000000,00000000000,0,0,0,1,0,0,0,0,0,0,0,999,0,0,0,12,12,6,2,42,0,0,0,1,28,39301,6,2,0,0,3,0,60,126,0,0,0,0,0,0,0,0,0,0,58,0,0,0,1,2,55,1,1,2,1,0,0,1,12,2,1,4,1,1,0
28,280347,1,2,2,2,8,10,27,12,6,1,0,28,2,20,20,20020,4,1993,1G1LT5345PY2,1,G,1,L,T,5,3,4,5,P,Y,2,0,P,CHEV,COL,4D,93,17,2763,,0,1034,,G,,F,4,133,,,14R185,,,,,,0,0,000000000,00000000000,0,0,0,1,0,0,0,0,0,0,0,999,0,0,0,3,3,6,2,12,0,0,0,1,28,39350,0,0,0,0,0,0,999,999,99,99,99,99,99,99,9999,99,9999,0,38,39,0,0,1,2,55,1,1,2,1,20,3,1,62,1,1,2,88,2,1
28,280347,2,2,1,2,8,10,27,12,6,1,0,28,1,35,481,35481,31,2009,1N6BA07D09N3,1,N,6,B,A,0,7,D,0,9,N,3,0,T,NISS,TXS,CW,9,17,,2,0,1398,TTN,F,,,8,342,,,,B,5038,00,4,42,0,0,000000000,00000000000,0,0,0,1,0,0,0,0,0,0,0,60,0,0,0,11,11,6,2,12,0,0,0,1,28,39350,6,1,0,0,3,0,69,225,0,0,0,0,0,0,0,0,0,0,0,0,0,0,1,2,55,1,1,2,1,20,3,1,17,1,1,2,89,0,0
28,280348,1,1,1,4,8,21,35,1,0,1,0,28,1,20,421,20421,15,2002,1GNEC13Z32R1,1,G,N,E,C,1,3,Z,3,2,R,1,0,P,CHEV,CTA,UT,2,17,4828,,0,1160,,F,,F,8,325,,,16R265,,,,,,0,0,000000000,00000000000,0,0,0,1,0,0,0,0,0,0,0,999,0,1,9,0,98,6,2,1,0,0,0,1,28,38732,6,1,0,0,3,0,66,170,0,0,0,2,1,5,2009,10,2010,0,58,0,0,0,2,2,65,1,1,2,1,0,0,1,12,1,1,4,1,1,0
28,280349,1,2,1,5,8,8,46,12,1,1,0,28,3,12,481,12481,31,2006,1FTRF12206NA,1,F,T,R,F,1,2,2,0,6,N,A,0,T,FORD,F15,PK,6,17,,2,1450,1260,COF,G,,,6,256,,,,B,4615,02,E,42,0,0,000000000,00000000000,0,0,0,1,0,0,0,0,0,0,0,55,0,0,0,12,12,6,2,12,0,0,0,1,28,39117,6,1,6,0,3,0,70,180,0,0,0,0,0,0,0,0,0,0,38,39,0,0,2,2,65,1,1,2,1,3,3,1,17,1,1,2,90,0,0
28,280349,2,2,2,5,8,8,46,12,1,1,0,28,1,55,33,55033,4,2011,5NPEB4AC1BH0,5,N,P,E,B,4,A,C,1,B,H,0,0,P,HYUN,SGL,4D,11,17,3161,,0,1100,,G,,F,4,144,,,16R205,,,,,,0,0,000000000,00000000000,0,0,0,1,0,0,0,0,0,0,0,999,0,0,0,6,6,6,2,12,0,0,0,1,28,39213,6,1,0,0,3,0,63,150,0,0,0,0,0,0,0,0,0,0,0,0,0,0,2,2,65,1,1,2,1,3,3,1,55,1,1,2,90,1,0
28,280350,1,1,1,5,8,10,50,34,0,1,0,28,1,20,421,20421,15,1998,1GNDT13W2W21,1,G,N,D,T,1,3,W,2,W,2,1,0,P,CHEV,BZR,UT,98,17,4046,,0,1070,,G,,F,6,262,,,15R235,,,,,,0,0,000000000,00000000000,0,0,0,1,0,0,0,0,0,0,0,60,0,1,9,10,13,6,2,1,0,0,0,1,28,39426,6,1,0,0,3,0,65,142,0,0,0,0,1,8,2009,8,2009,1,0,0,0,0,1,2,40,1,1,2,1,0,0,1,13,1,1,4,1,1,0
28,280351,1,1,1,5,8,15,35,1,0,1,0,28,1,12,401,12401,14,2003,1FMPU16L13LA,1,F,M,P,U,1,6,L,1,3,L,A,0,P,FORD,EPT,UT,3,17,5686,,0,1191,,G,,F,8,330,,,17R265,,,,,,0,0,000000000,00000000000,0,0,0,1,0,0,0,0,0,0,0,999,0,1,9,0,61,6,2,1,0,0,0,1,28,39140,6,1,0,0,3,0,73,145,0,0,0,0,0,0,0,0,0,0,80,0,0,0,1,2,55,1,2,2,1,0,0,1,13,1,1,4,1,1,0
28,280352,1,1,1,6,8,1,50,8,0,1,1,99,9,99,999,99999,99,9999,999999999999,9,9,9,9,9,9,9,9,9,9,9,9,0,,,,,,,,,,,,,,,,,,,,,,,,,0,0,000000000,00000000000,0,0,0,1,0,0,0,0,0,0,0,999,0,0,0,12,12,0,1,8,99,99,0,1,99,99999,9,9,99,9,9,9,999,999,99,99,99,99,99,99,9999,99,9999,0,86,0,0,0,1,2,55,1,1,2,1,0,0,1,80,1,1,1,13,0,0
28,280353,1,2,2,6,8,13,56,12,6,1,0,0,0,13,5,13005,4,1993,999999999999,9,9,9,9,9,9,9,9,9,9,9,9,0,,,,,,,,,,,,,,,,,,,,,,,,,0,0,000000000,00000000000,0,0,0,1,0,0,0,0,0,0,0,999,0,0,0,12,12,6,2,12,0,0,0,1,1,36545,6,1,0,0,3,0,71,185,0,0,0,2,0,9,2008,7,2009,0,0,0,0,0,1,2,65,1,1,2,1,20,3,1,55,1,1,2,86,1,0
28,280353,2,2,5,6,8,13,56,12,6,1,0,28,1,7,482,7482,31,2003,1D7HA18NX3J6,1,D,7,H,A,1,8,N,X,3,J,6,0,T,DODG,SQ1,CW,3,17,,2,1605,1405,RPC,G,,,8,287,,,,B,4665,03,E,42,0,0,000000000,00000000000,0,0,0,1,0,0,0,0,0,0,0,999,0,0,0,5,9,6,2,12,0,0,0,1,28,39478,6,1,0,0,3,0,68,140,0,0,0,0,0,0,0,0,0,0,38,39,0,0,1,2,65,1,1,2,1,20,3,1,17,1,1,1,87,0,0
28,280354,1,1,1,7,8,12,25,32,0,1,0,28,1,12,13,12013,2,1988,1FAPP9898JW3,1,F,A,P,P,9,8,9,8,J,W,3,0,P,FORD,LXE,SW,88,17,0,,0,941,,G,,F,4,116,,,14R185,,,,,,0,0,000000000,00000000000,0,0,0,1,0,0,0,0,0,0,0,999,0,0,0,12,12,6,2,32,0,0,0,1,28,38824,0,0,0,0,0,0,999,999,99,99,99,99,99,99,9999,99,9999,0,0,0,0,0,1,2,45,1,1,2,1,0,0,1,13,1,1,4,1,1,1
28,280355,1,2,1,9,8,9,18,12,6,1,0,28,1,20,481,20481,31,1997,1GCCS19X4V81,1,G,C,C,S,1,9,X,4,V,8,1,0,T,CHEV,S14,PC,97,17,,1,0,1229,S,G,,,6,262,,,,B,3246,00,,42,0,0,000000000,00000000000,0,0,0,1,0,0,0,0,0,0,0,15,0,0,0,3,3,6,2,12,0,0,0,1,28,39059,6,1,0,0,3,0,68,235,0,0,0,0,0,0,0,0,0,0,0,0,0,0,1,2,55,1,1,2,1,0,0,1,15,1,1,2,49,1,0
28,280355,2,2,1,9,8,9,18,12,6,1,0,28,3,82,884,82884,66,2000,1FUYDSEB7YPB,1,F,U,Y,D,S,E,B,7,Y,P,B,1,T,FRHT,FLD,TR,0,17,,8,0,0,CON,D,,,6,774,,,,,00000,00,,64,1,99,999999999,99999999999,3,19,4,1,0,0,0,0,0,0,0,55,0,0,0,11,11,6,2,12,0,0,0,1,28,39212,6,1,6,0,3,0,67,213,0,0,0,0,0,0,0,0,0,0,35,0,0,0,1,2,55,1,1,2,1,0,0,6,11,1,1,3,49,0,0
28,280356,1,2,1,9,8,18,36,12,2,1,0,28,1,7,482,7482,31,2005,1D7HA18D95J6,1,D,7,H,A,1,8,D,9,5,J,6,0,T,DODG,SQ1,CW,5,17,,2,1605,1405,RPC,G,,,8,348,,,,B,4620,03,E,42,0,0,000000000,00000000000,0,0,0,1,0,0,0,0,0,0,0,999,0,0,0,12,12,6,2,12,0,0,0,1,28,39429,6,1,0,0,3,1,72,210,0,0,0,1,0,9,2010,9,2010,1,28,0,0,0,1,2,55,1,1,2,2,0,0,1,10,1,1,2,50,0,0
28,280356,2,2,2,9,8,18,36,12,2,1,0,28,1,20,481,20481,31,2005,1GCEC19T95Z2,1,G,C,E,C,1,9,T,9,5,Z,2,0,T,CHEV,SC1,4C,5,17,,2,1575,1435,SIL,G,,,8,323,,,,B,4555,00,,42,0,0,000000000,00000000000,0,0,0,1,0,0,0,0,0,0,0,999,0,0,0,12,12,6,2,12,0,0,0,1,28,39422,6,1,0,0,3,0,72,194,0,0,0,0,0,0,0,0,0,0,0,0,0,0,1,2,55,1,1,2,2,0,0,1,62,1,1,2,51,1,0
28,280357,1,1,2,11,8,21,38,8,0,1,0,1,3,84,884,84884,66,1993,1HTSCPLM0PH5,1,H,T,S,C,P,L,M,0,P,H,5,1,T,INTL,470,CC,93,17,,6,2540,1280,40S,D,,,6,360,,,,,00000,00,,42,1,56,1310877,561310877,3,19,1,1,0,0,0,0,0,0,0,40,0,0,0,12,12,6,2,8,0,0,0,1,1,35475,6,1,6,0,3,0,70,200,0,0,0,0,0,0,0,0,0,0,0,0,0,0,1,2,40,1,1,2,1,0,0,1,80,1,1,2,13,0,0
28,280358,1,1,1,13,8,3,6,35,0,1,0,28,2,23,481,23481,31,2008,1GTEC14X88Z1,1,G,T,E,C,1,4,X,8,8,Z,1,0,T,GMC,SC1,PK,8,17,,2,1330,1190,SIE,G,,,6,262,,,,B,4453,01,4,42,0,0,000000000,00000000000,0,0,0,1,0,0,0,0,0,0,0,999,0,0,0,98,98,6,2,34,0,0,0,1,28,38801,6,1,0,0,3,0,64,120,0,0,0,0,0,0,0,0,0,0,28,0,0,0,1,2,55,1,1,2,1,20,3,1,11,1,1,4,1,1,0
28,280359,1,2,1,13,8,13,1,12,8,1,0,0,0,12,3,12003,2,2010,999999999999,9,9,9,9,9,9,9,9,9,9,9,9,0,,,,,,,,,,,,,,,,,,,,,,,,,0,0,000000000,00000000000,0,0,0,1,0,0,0,0,0,0,0,85,0,0,0,3,3,6,2,12,0,0,0,1,28,39039,6,1,0,0,3,1,65,180,0,0,0,1,0,11,2009,11,2009,1,0,0,0,0,1,2,55,2,1,2,1,0,0,14,11,1,1,2,64,0,0
28,280359,2,2,1,13,8,13,1,12,8,1,0,28,1,12,3,12003,2,1998,1FAFP4047WF1,1,F,A,F,P,4,0,4,7,W,F,1,0,P,FORD,MUS,CP,98,17,3065,,0,1013,,G,,F,6,232,,,15R205,,,,,,0,0,000000000,00000000000,0,0,0,1,0,0,0,0,0,0,0,999,0,0,0,10,10,6,2,12,0,0,0,1,28,39194,6,1,0,0,3,0,66,185,0,0,0,0,0,0,0,0,0,1,28,0,0,0,1,2,55,2,1,2,1,0,0,14,63,1,1,2,65,1,0
28,280360,1,1,2,14,8,20,23,18,0,1,0,28,1,73,709,73709,80,2008,JKBZXNC188A0,J,K,B,Z,X,N,C,1,8,8,A,0,0,M,KAWK,X4C,RC,8,17,,,,,,,1352,,4,,4,485,,,,,,,0,0,000000000,00000000000,0,0,0,1,0,0,0,0,0,0,0,65,0,0,0,12,82,6,2,18,0,0,0,1,1,36606,6,1,0,0,3,0,70,155,0,0,0,0,0,0,0,0,0,0,81,0,0,0,2,2,70,1,1,2,1,0,0,1,11,1,1,1,12,1,0
28,280361,1,1,1,14,8,22,30,9,0,1,0,28,2,19,3,19003,4,1997,1G6KS52Y6VU8,1,G,6,K,S,5,2,Y,6,V,U,8,0,P,CADI,SLS,4D,97,17,3797,,0,1110,,G,,F,8,279,,,16R225,,,,,,0,0,000000000,00000000000,0,0,0,1,0,0,0,0,0,0,0,999,0,0,0,12,12,6,2,9,0,0,0,1,28,39204,0,0,0,0,0,0,999,999,99,99,99,99,99,99,9999,99,9999,1,0,0,0,0,1,2,25,1,1,2,1,0,0,1,84,1,1,1,13,0,1
28,280362,1,3,1,15,8,17,21,12,6,1,0,28,1,35,472,35472,30,2000,1N6DD21S8YC3,1,N,6,D,D,2,1,S,8,Y,C,3,0,T,NISS,FXE,PK,0,17,,1,0,1043,FRT,G,,,4,146,,,,B,2902,00,U,42,0,0,000000000,00000000000,0,0,0,1,0,0,0,0,0,0,0,999,0,0,0,1,1,6,2,12,0,0,0,1,28,38947,6,1,0,0,3,0,66,128,0,0,0,0,0,0,0,0,0,0,38,39,0,0,2,2,65,1,1,2,1,20,3,1,17,1,1,2,90,1,0
28,280362,2,3,1,15,8,17,21,12,6,1,0,28,1,63,441,63441,20,2002,KNDUP1317262,K,N,D,U,P,1,3,1,7,2,6,2,0,P,KIA,SED,SV,2,17,4709,,0,1145,,G,,F,6,213,,,15R215,,,,,,0,0,000000000,00000000000,0,0,0,1,0,0,0,0,0,0,0,50,0,0,0,12,12,6,2,12,0,0,0,1,28,38923,6,1,0,0,3,0,60,150,0,0,0,0,0,0,0,0,0,0,0,0,0,0,2,2,65,1,1,2,1,20,3,1,55,1,1,2,90,0,0
28,280362,3,3,1,15,8,17,21,12,6,1,0,28,1,7,482,7482,31,2008,3D7KS28AX8G1,3,D,7,K,S,2,8,A,X,8,G,1,0,T,DODG,SQ2,CW,8,17,,2,1605,1405,RPC,D,,,6,408,,,,C,6034,00,E,44,0,0,000000000,00000000000,0,0,0,1,0,0,0,0,0,0,0,0,0,0,0,3,3,6,2,12,0,0,0,1,28,38917,6,1,6,0,3,0,70,210,0,0,0,0,0,0,0,0,0,0,0,0,0,0,2,2,65,1,1,2,1,20,3,5,55,1,1,2,98,0,0
28,280363,1,2,1,16,8,6,45,12,1,1,0,28,1,20,481,20481,31,2007,1GCHK23D77F1,1,G,C,H,K,2,3,D,7,7,F,1,0,T,CHEV,2KH,CW,7,17,,2,1670,1530,SIL,D,,,8,403,,,,C,5883,02,,44,0,0,000000000,00000000000,0,0,0,1,0,0,0,0,0,0,0,40,0,0,0,12,12,6,2,12,0,0,0,1,28,39667,6,1,6,0,3,0,67,170,0,0,0,0,0,0,0,0,0,0,0,0,0,0,2,2,65,1,2,2,1,0,0,1,11,1,1,2,33,0,0
28,280363,2,2,1,16,8,6,45,12,1,1,0,28,1,37,709,37709,80,2007,1HFSC49017A5,1,H,F,S,C,4,9,0,1,7,A,5,0,M,HOND,XTR,RS,7,17,,,,,,,1795,,2,,4,750,,,,,,,0,0,000000000,00000000000,0,0,0,1,0,0,0,0,0,0,0,999,0,0,0,6,6,6,2,12,0,0,0,1,28,39643,6,1,6,0,3,0,70,220,0,0,0,1,0,6,2010,6,2010,0,51,0,0,0,2,2,65,1,2,2,1,0,0,1,10,1,1,1,33,1,0
28,280364,1,3,1,17,8,6,26,12,6,1,0,28,2,7,43,7043,4,2001,1B3EJ46XX1N5,1,B,3,E,J,4,6,X,X,1,N,5,0,P,DODG,SSE,4D,1,17,3151,,0,1080,,G,,F,4,148,,,15R205,,,,,,0,0,000000000,00000000000,0,0,0,1,0,0,0,0,0,0,0,999,0,0,0,12,98,6,2,12,0,0,0,1,28,39206,6,1,6,0,3,0,74,250,0,0,0,0,0,0,0,0,0,0,0,0,0,0,2,2,60,1,2,2,1,0,0,1,11,1,1,1,49,1,0
28,280364,2,3,1,17,8,6,26,12,6,1,0,28,1,49,40,49040,4,2009,4T1BE46K39U3,4,T,1,B,E,4,6,K,3,9,U,3,0,P,TOYT,CBA,4D,9,17,3263,,0,1090,,G,,F,4,144,,,16R215,,,,,,0,0,000000000,00000000000,0,0,0,1,0,0,0,0,0,0,0,999,0,0,0,1,1,6,2,12,0,0,0,1,28,39218,6,1,0,0,3,0,67,140,0,0,0,0,0,0,0,0,0,0,0,0,0,0,2,2,60,1,2,2,1,0,0,1,62,1,1,2,49,0,0
28,280364,3,3,2,17,8,6,26,12,6,1,0,28,1,37,32,37032,4,2009,1HGCP26319A0,1,H,G,C,P,2,6,3,1,9,A,0,0,P,HOND,ULX,4D,9,17,3230,,0,1102,,G,,F,4,146,,,16R215,,,,,,0,0,000000000,00000000000,0,0,0,1,0,0,0,0,0,0,0,999,0,0,0,1,11,6,2,12,0,0,0,1,28,39282,6,1,0,0,3,0,70,195,0,0,0,3,0,1,2009,2,2010,0,0,0,0,0,2,2,60,1,2,2,1,0,0,1,62,1,1,2,98,0,0
28,280365,1,2,1,17,8,8,32,12,6,1,0,28,3,12,442,12442,20,2003,2FTZA54483BA,2,F,T,Z,A,5,4,4,8,3,B,A,0,T,FORD,WVN,EC,3,17,,1,0,1207,WIN,G,,,6,232,,,,B,5540,00,E,42,0,0,000000000,00000000000,0,0,0,1,0,0,0,0,0,0,0,45,0,0,0,1,1,6,2,12,0,0,0,1,28,38676,6,1,0,0,3,1,74,208,0,0,0,0,0,0,0,0,0,1,28,0,0,0,1,2,45,1,1,2,2,0,0,1,11,1,1,2,64,0,0
28,280365,2,2,1,17,8,8,32,12,6,1,0,28,1,35,471,35471,30,1990,1N6HD16Y7LC3,1,N,6,H,D,1,6,Y,7,L,C,3,0,T,NISS,U4K,PC,90,17,,1,0,1161,D21,G,,,6,181,,,,B,3740,01,A,44,0,0,000000000,00000000000,0,0,0,1,0,0,0,0,0,0,0,999,0,0,0,12,12,6,2,12,0,0,0,1,28,38665,6,1,6,0,3,0,75,220,0,0,0,0,0,0,0,0,0,0,0,0,0,0,1,2,45,1,1,2,2,0,0,1,62,1,1,2,65,1,0
28,280366,1,2,1,18,8,11,51,12,6,1,0,0,0,85,884,85884,66,2008,999999999999,9,9,9,9,9,9,9,9,9,9,9,9,1,,,,,,,,,,,,,,,,,,,,,,,,,1,56,154237,56154237,3,6,8,1,0,0,0,0,0,0,0,998,0,0,0,3,3,6,2,12,0,0,0,1,28,39168,6,1,6,0,3,1,74,235,0,0,0,0,0,0,0,0,0,0,0,0,0,0,1,2,55,4,2,2,1,0,0,14,63,1,1,2,64,0,0
28,280366,2,2,1,18,8,11,51,12,6,1,0,0,0,52,498,52498,31,1983,999999999999,9,9,9,9,9,9,9,9,9,9,9,9,0,,,,,,,,,,,,,,,,,,,,,,,,,0,0,000000000,00000000000,0,0,0,1,0,0,0,0,0,0,0,998,0,0,0,12,12,6,2,12,0,0,0,1,28,39480,6,1,6,0,3,0,62,145,0,0,0,0,0,0,0,0,0,0,38,0,0,0,1,2,55,4,2,2,1,0,0,14,11,1,1,2,65,1,0
28,280367,1,2,1,18,8,13,57,12,2,1,0,0,0,12,481,12481,31,1999,999999999999,9,9,9,9,9,9,9,9,9,9,9,9,0,,,,,,,,,,,,,,,,,,,,,,,,,0,0,000000000,00000000000,0,0,0,1,0,0,0,0,0,0,0,998,0,0,0,12,98,6,2,12,0,0,0,1,28,39520,6,1,0,0,3,0,69,185,0,0,0,0,0,0,0,0,0,0,0,0,0,0,1,2,35,1,1,2,1,0,0,1,62,1,1,2,50,0,0