STATE,ST_CASE,VEH_NO,VE_FORMS,NUMOCCS,DAY,MONTH,HOUR,MINUTE,HARM_EV,MAN_COLL,UNITTYPE,HIT_RUN,REG_STAT,OWNER,MAKE,MODEL,MAK_MOD,BODY_TYP,MOD_YEAR,VIN,VIN_1,VIN_2,VIN_3,VIN_4,VIN_5,VIN_6,VIN_7,VIN_8,VIN_9,VIN_10,VIN_11,VIN_12,TOW_VEH,VINTYPE,VINMAKE,VINA_MOD,VIN_BT,VINMODYR,VIN_LNGT,VIN_WGT,WGTCD_TR,WHLBS_LG,WHLBS_SH,SER_TR,FUELCODE,MCYCL_DS,CARBUR,CYLINDER,DISPLACE,MCYCL_CY,MCYCL_WT,TIRE_SZE,TON_RAT,TRK_WT,TRKWTVAR,VIN_REST,WHLDRWHL,J_KNIFE,MCARR_I1,MCARR_I2,MCARR_ID,GVWR,V_CONFIG,CARGO_BT,HAZ_INV,HAZ_PLAC,HAZ_ID,HAZ_CNO,HAZ_REL,BUS_USE,SPEC_USE,EMER_USE,TRAV_SP,UNDERIDE,ROLLOVER,ROLINLOC,IMPACT1,IMPACT2,DEFORMED,TOWED,M_HARM,VEH_SC1,VEH_SC2,FIRE_EXP,DR_PRES,L_STATE,DR_ZIP,L_STATUS,L_TYPE,CDL_STAT,L_ENDORS,L_COMPL,L_RESTRI,DR_HGT,DR_WGT,PREV_ACC,PREV_SUS,PREV_DWI,PREV_SPD,PREV_OTH,FIRST_MO,FIRST_YR,LAST_MO,LAST_YR,SPEEDREL,DR_SF1,DR_SF2,DR_SF3,DR_SF4,VTRAFWAY,VNUM_LAN,VSPD_LIM,VALIGN,VPROFILE,VPAVETYP,VSURCOND,VTRAFCON,VTCONT_F,P_CRASH1,P_CRASH2,P_CRASH3,PCRASH4,PCRASH5,ACC_TYPE,DEATHS,DR_DRINK
28,280367,2,2,1,18,8,13,57,12,2,1,0,28,1,20,481,20481,31,2000,1GCEC14T9YZ2,1,G,C,E,C,1,4,T,9,Y,Z,2,0,T,CHEV,SC1,PK,0,17,,2,1330,1190,SIL,G,,,8,325,,,,B,3923,02,,42,0,0,000000000,00000000000,0,0,0,1,0,0,0,0,0,0,0,999,0,0,0,12,82,6,2,12,0,0,0,1,28,39525,6,1,6,0,3,1,65,130,0,0,0,0,0,0,0,0,0,1,51,0,0,0,1,2,35,1,1,2,1,0,0,1,11,1,1,2,51,1,0
28,280368,1,1,1,18,8,16,57,34,0,1,0,28,1,2,404,2404,14,2000,1J4G248S1YC2,1,J,4,G,2,4,8,S,1,Y,C,2,0,T,JEEP,LRO,4W,0,17,,1,0,1059,GCK,G,,,6,244,,,,,3664,00,E,42,0,0,000000000,00000000000,0,0,0,1,0,0,0,0,0,0,0,65,0,0,0,98,98,6,2,42,0,0,0,1,28,39145,6,1,0,0,3,0,72,232,0,1,1,0,0,5,2010,10,2010,1,0,0,0,0,1,2,55,4,3,2,2,0,0,14,13,1,1,4,1,1,0
28,280369,1,1,1,19,8,23,6,1,0,1,0,28,2,7,402,7402,14,2002,1B4HR38N42F2,1,B,4,H,R,3,8,N,4,2,F,2,0,P,DODG,DUR,UT,2,17,4222,,0,1160,,G,,F,8,287,,,16R255,,,,,,0,0,000000000,00000000000,0,0,0,1,0,0,0,0,0,0,0,998,0,1,9,0,98,6,2,1,0,0,0,1,28,38606,6,1,0,0,3,0,71,195,0,0,0,0,0,0,0,0,0,0,0,0,0,0,2,2,55,1,1,2,1,0,0,1,13,1,1,4,1,1,1
28,280370,1,1,2,20,8,8,15,1,0,1,0,28,3,35,443,35443,20,2008,5N1BV28U68N1,5,N,1,B,V,2,8,U,6,8,N,1,0,P,NISS,QST,SV,8,17,4174,,0,1240,,G,,F,6,214,,,16R225,,,,,,0,0,000000000,00000000000,0,0,0,1,0,0,0,0,0,0,0,998,0,1,9,0,98,6,2,1,0,0,0,1,28,39465,6,1,0,0,3,1,73,280,0,0,0,0,0,0,0,0,0,0,0,0,0,0,2,2,70,1,1,2,1,0,0,1,13,1,1,4,1,1,0
28,280371,1,1,1,20,8,10,8,42,0,1,0,28,1,49,32,49032,4,2002,1NXBR12E32Z5,1,N,X,B,R,1,2,E,3,2,Z,5,0,P,TOYT,UCS,4D,2,17,2405,,0,970,,G,,F,4,109,,,14R175,,,,,,0,0,000000000,00000000000,0,0,0,1,0,0,0,0,0,0,0,55,0,0,0,12,12,6,2,42,0,0,0,1,28,39146,6,1,0,0,3,0,63,182,0,0,0,0,0,0,0,0,0,0,0,0,0,0,1,2,55,2,2,2,1,0,0,14,13,1,1,4,1,1,1
28,280372,1,1,1,21,8,1,58,42,0,1,0,28,1,12,37,12037,4,2008,1FAHP35N58W2,1,F,A,H,P,3,5,N,5,8,W,2,0,P,FORD,FMS,4D,8,17,2623,,0,1029,,G,,F,4,122,,,16R205,,,,,,0,0,000000000,00000000000,0,0,0,1,0,0,0,0,0,0,0,998,0,0,0,12,12,6,2,42,0,0,0,1,28,39209,6,1,0,0,3,0,66,150,0,0,0,0,0,0,0,0,0,0,0,0,0,0,2,2,60,1,1,2,1,0,0,1,12,1,1,4,6,1,1
28,280373,1,1,2,21,8,12,15,9,0,1,0,28,2,49,482,49482,31,2007,5TBDV54137S4,5,T,B,D,V,5,4,1,3,7,S,4,0,T,TOYT,CRW,CW,7,17,,2,0,1457,TUN,G,,,8,348,,,,B,5610,00,S,44,0,0,000000000,00000000000,0,0,0,1,0,0,0,0,0,0,0,50,0,0,0,12,12,6,2,9,0,0,0,1,28,38603,6,1,0,0,3,1,73,245,0,0,0,1,3,12,2008,3,2011,0,0,0,0,0,1,2,55,1,1,2,1,0,0,1,83,1,1,2,13,0,0
28,280374,1,1,1,22,8,5,9,1,0,1,0,28,1,7,498,7498,30,2008,1D7HE38K38S5,1,D,7,H,E,3,8,K,3,8,S,5,0,T,DODG,SXT,CW,8,17,,2,0,1313,DAK,G,,,6,225,,,,B,4381,00,E,42,0,0,000000000,00000000000,0,0,0,1,0,0,0,0,0,0,0,999,0,1,9,0,13,6,2,1,0,0,0,1,28,38865,6,1,0,0,3,1,70,125,0,0,0,0,0,0,0,0,0,0,58,0,0,0,1,2,55,1,1,2,1,0,0,1,13,1,1,4,1,1,0
28,280375,1,1,1,22,8,7,15,1,0,1,0,28,1,12,481,12481,31,2006,1FTSX20P36EB,1,F,T,S,X,2,0,P,3,6,E,B,0,T,FORD,F2S,4C,6,17,,2,1580,1420,SRW,D,,,8,366,,,,C,5752,01,U,42,0,0,000000000,00000000000,0,0,0,1,0,0,0,0,0,0,0,99,0,1,9,0,98,6,2,1,0,0,0,1,28,39429,6,1,6,0,3,0,72,160,0,0,0,0,0,0,0,0,0,1,0,0,0,0,1,2,55,1,1,2,1,0,0,1,12,1,1,4,1,1,0
28,280376,1,1,1,24,8,7,59,42,0,1,0,28,2,23,421,23421,15,2004,1GKEC13Z34R1,1,G,K,E,C,1,3,Z,3,4,R,1,0,T,GMC,YUK,4W,4,17,,2,0,1160,YUK,F,,,8,325,,,,B,5042,00,4,42,0,0,000000000,00000000000,0,0,0,1,0,0,0,0,0,0,0,35,0,0,0,12,12,6,2,42,0,0,0,1,28,39426,6,1,0,0,3,0,70,135,0,0,0,0,0,0,0,0,0,0,0,0,0,0,1,2,35,2,1,2,1,0,0,14,12,1,1,4,6,1,0
28,280377,1,1,1,25,8,6,35,42,0,1,0,47,1,20,37,20037,4,2006,1G1ZS51F06F2,1,G,1,Z,S,5,1,F,0,6,F,2,0,P,CHEV,M/L,4D,6,17,3296,,0,1063,,G,,F,4,134,,,15R205,,,,,,0,0,000000000,00000000000,0,0,0,1,0,0,0,0,0,0,0,998,0,0,0,82,98,6,2,42,0,0,0,1,47,38057,6,1,0,0,3,0,66,120,0,0,0,0,0,0,0,0,0,0,0,0,0,0,1,2,55,1,1,2,1,0,0,1,11,1,1,4,1,1,0
28,280378,1,1,2,25,8,16,11,30,0,1,0,28,1,12,481,12481,31,2003,2FTRX18L33CB,2,F,T,R,X,1,8,L,3,3,C,B,0,T,FORD,F15,4C,3,17,,2,1574,1388,COF,G,,,8,330,,,,B,4640,00,U,44,0,0,000000000,00000000000,0,0,0,1,0,0,0,0,0,0,0,999,0,0,0,12,12,6,2,42,0,0,0,1,28,39429,6,1,6,0,3,0,75,210,0,0,0,1,1,2,2010,10,2010,0,0,0,0,0,1,2,55,1,1,2,1,0,0,1,12,1,1,4,6,1,0
28,280379,1,2,4,27,8,13,51,12,6,1,0,28,1,20,481,20481,31,2006,1GCJK33D66F2,1,G,C,J,K,3,3,D,6,6,F,2,1,T,CHEV,SK3,CW,6,17,,3,0,1670,SIL,D,,,8,403,,,,D,6322,02,,44,1,0,000000000,00000000000,0,0,0,1,0,0,0,0,0,0,0,66,0,0,0,12,12,6,2,12,0,0,0,1,28,39201,6,1,3,0,3,0,70,160,0,0,0,1,0,1,2010,1,2010,0,0,0,0,0,2,2,65,1,1,2,1,0,0,1,17,1,1,2,91,0,0
28,280379,2,2,1,27,8,13,51,12,6,1,0,22,1,54,421,54421,15,2007,2HNYD28327H5,2,H,N,Y,D,2,8,3,2,7,H,5,0,P,ACUR,MDX,UT,7,17,4559,,0,1083,,G,,F,6,226,,,18R255,,,,,,0,0,000000000,00000000000,0,0,0,1,0,0,0,0,0,0,0,999,0,0,0,11,11,6,2,12,0,0,0,1,22,70458,6,1,0,0,3,0,70,180,0,0,0,0,0,0,0,0,0,0,38,0,0,0,2,2,65,1,1,2,1,0,0,1,55,1,1,2,91,1,0
28,280380,1,1,1,27,8,19,19,35,0,1,0,28,1,20,421,20421,15,2003,1GNEC13Z43R1,1,G,N,E,C,1,3,Z,4,3,R,1,0,P,CHEV,CTA,UT,3,17,4828,,0,1160,,F,,F,8,325,,,16R265,,,,,,0,0,000000000,00000000000,0,0,0,1,0,0,0,0,0,0,0,999,0,1,9,12,98,6,2,1,0,0,0,1,28,39346,6,1,0,0,3,0,71,200,0,0,0,1,0,9,2010,9,2010,0,0,0,0,0,1,2,55,1,1,2,1,0,0,1,12,1,1,4,6,1,0
28,280381,1,2,1,27,8,20,30,12,8,1,0,28,1,20,481,20481,31,2011,1GC1KXC85BF2,1,G,C,1,K,X,C,8,5,B,F,2,0,T,CHEV,2K2,CW,11,17,,2,1677,1537,SIL,D,,,8,403,,,,C,7208,02,,44,0,0,000000000,00000000000,0,0,0,1,0,0,0,0,0,0,0,998,0,0,0,3,3,6,2,12,0,0,0,1,28,39047,6,1,6,0,3,0,66,150,0,0,0,1,0,5,2011,5,2011,0,0,0,0,0,2,2,65,1,2,2,1,0,0,1,62,1,1,2,67,0,0
28,280381,2,2,1,27,8,20,30,12,8,1,0,28,1,12,481,12481,31,2001,1FTRW07611KC,1,F,T,R,W,0,7,6,1,1,K,C,0,T,FORD,F1S,CW,1,17,,2,0,1385,COF,G,,,8,281,,,,B,4581,01,E,42,0,0,000000000,00000000000,0,0,0,1,0,0,0,0,0,0,0,999,0,0,0,11,11,6,2,12,0,0,0,1,28,39094,6,1,0,0,3,0,69,275,0,0,0,0,0,0,0,0,0,0,51,0,0,0,2,2,65,1,2,2,1,0,0,1,11,1,1,2,67,1,0
28,280382,1,2,1,27,8,21,53,12,2,1,0,28,3,20,2,20002,4,2011,2G1WC5EM7B11,2,G,1,W,C,5,E,M,7,B,1,1,0,P,CHEV,ITZ,4D,11,17,3649,,0,1105,,F,,F,6,238,,,18R235,,,,,,0,0,000000000,00000000000,0,0,0,1,0,0,0,0,0,0,0,999,0,0,0,12,12,6,2,12,0,0,0,1,28,39426,6,1,0,0,3,0,67,220,0,0,0,0,0,0,0,0,0,0,51,0,0,0,2,2,70,1,1,2,1,0,0,1,11,1,1,2,50,1,0
28,280382,2,2,3,27,8,21,53,12,2,1,0,28,2,35,481,35481,31,2008,1N6BA07D78N3,1,N,6,B,A,0,7,D,7,8,N,3,0,T,NISS,TXS,CW,8,17,,2,0,1398,TTN,F,,,8,342,,,,B,4908,00,4,42,0,0,000000000,00000000000,0,0,0,1,0,0,0,0,0,0,0,999,0,0,0,12,12,6,2,12,0,0,0,1,28,39426,6,1,0,0,3,0,71,165,0,1,1,0,1,5,2009,6,2010,0,0,0,0,0,2,2,70,1,1,2,1,0,0,1,62,1,1,2,51,0,0
28,280383,1,1,2,27,8,23,40,42,0,1,0,28,2,41,471,41471,30,1990,JM2UF3134L08,J,M,2,U,F,3,1,3,4,L,0,8,0,T,MAZD,CPL,PC,90,17,,1,0,1175,B22,G,,,4,133,,,,,00000,00,A,42,0,0,000000000,00000000000,0,0,0,1,0,0,0,0,0,0,0,999,0,0,0,12,12,6,2,42,0,0,0,1,28,38864,6,2,0,0,3,1,69,135,0,0,0,0,0,0,0,0,0,0,0,0,0,0,1,2,55,1,2,2,1,0,0,1,12,1,1,4,6,1,1
28,280384,1,1,1,29,8,13,11,34,0,1,0,28,1,20,2,20002,4,2008,2G1WT58K1812,2,G,1,W,T,5,8,K,1,8,1,2,0,P,CHEV,IMT,4D,8,17,3555,,0,1105,,F,,F,6,214,,,16R225,,,,,,0,0,000000000,00000000000,0,0,0,1,0,0,0,0,0,0,0,999,0,1,9,12,13,6,2,1,0,0,0,1,28,39140,6,1,0,0,3,1,64,212,0,0,0,0,0,0,0,0,0,0,0,0,0,0,1,2,55,1,1,2,1,0,0,1,13,1,1,4,1,1,0
28,280385,1,6,1,31,8,15,25,12,1,1,0,37,3,7,482,7482,31,2011,3D6WU6CLXBG5,3,D,6,W,U,6,C,L,X,B,G,5,0,T,DODG,L4T,CH,11,17,,4,1974,1734,RPC,D,,,6,408,,,,E,8600,00,K,44,0,0,000000000,00000000000,0,0,0,1,0,0,0,0,0,0,0,69,0,0,0,12,12,6,2,12,0,0,0,1,37,27504,6,1,6,0,3,0,70,200,0,0,0,0,0,0,0,0,0,0,26,0,0,0,2,2,70,1,2,2,1,0,0,1,11,1,1,2,33,0,0
28,280385,2,6,3,31,8,15,25,12,1,1,0,28,2,35,443,35443,20,1999,4N2XN11T7XD8,4,N,2,X,N,1,1,T,7,X,D,8,0,P,NISS,QST,SV,99,17,3704,,0,1122,,G,,F,6,201,,,15R215,,,,,,0,0,000000000,00000000000,0,0,0,1,0,0,0,0,0,0,0,998,0,0,0,6,6,6,2,12,0,0,0,1,28,39563,6,1,0,0,3,0,67,185,0,0,0,0,1,4,2009,4,2009,0,0,0,0,0,2,2,70,1,2,2,1,0,0,1,11,1,1,2,33,2,0
28,280385,3,6,1,31,8,15,25,12,1,1,0,1,3,20,2,20002,4,2012,2G1WG5E36C11,2,G,1,W,G,5,E,3,6,C,1,1,0,P,CHEV,IMT,4D,12,17,3555,,0,1105,,F,,F,6,220,,,17R225,,,,,,0,0,000000000,00000000000,0,0,0,1,0,0,0,0,0,0,0,999,0,0,0,12,12,6,2,12,0,0,0,1,1,36695,6,1,6,0,3,0,70,210,1,0,0,1,0,2,2011,8,2011,0,0,0,0,0,2,2,70,1,2,2,1,0,0,1,11,1,1,2,98,1,0
28,280385,4,6,2,31,8,15,25,12,1,1,0,1,3,12,481,12481,31,2004,1FTPW12564KD,1,F,T,P,W,1,2,5,6,4,K,D,0,T,FORD,F1S,CW,4,17,,2,1450,1260,COF,G,,,8,330,,,,B,5270,00,U,42,0,0,000000000,00000000000,0,0,0,1,0,0,0,0,0,0,0,999,0,0,0,6,6,6,2,12,0,0,0,1,1,36571,6,1,0,0,3,0,67,150,0,0,0,0,0,0,0,0,0,0,0,0,0,0,2,2,70,1,2,2,1,0,0,1,10,1,1,2,98,2,0
28,280385,5,6,1,31,8,15,25,12,1,1,0,13,3,82,884,82884,66,2002,1FUJBBCG42LK,1,F,U,J,B,B,C,G,4,2,L,K,1,T,FRHT,ST2,TR,2,17,,8,0,0,CON,D,,,6,774,,,,,00000,00,,64,1,56,1941588,561941588,3,6,97,1,0,0,0,0,0,0,0,0,0,0,0,12,12,0,1,12,0,0,0,1,13,30238,6,1,6,0,3,0,72,250,98,0,0,0,0,0,0,0,0,0,0,0,0,0,2,2,70,1,2,2,1,0,0,1,10,1,1,1,98,0,0
28,280385,6,6,1,31,8,15,25,12,1,1,0,28,1,7,482,7482,31,2011,3D73Y3HL0BG5,3,D,7,3,Y,3,H,L,0,B,G,5,0,T,DODG,ME3,CW,11,17,,3,0,1600,RPC,D,,,6,408,,,,D,7775,00,K,44,0,0,000000000,00000000000,0,0,0,1,0,0,0,0,0,0,0,999,0,0,0,12,12,6,2,12,0,0,0,1,13,30277,6,1,0,0,3,0,65,120,98,0,0,0,0,0,0,0,0,0,0,0,0,0,2,2,70,1,2,2,1,0,0,1,11,1,1,2,98,0,0
28,280386,1,1,1,31,8,22,32,8,0,1,0,28,3,12,481,12481,31,2008,1FTRF12W78KD,1,F,T,R,F,1,2,W,7,8,K,D,0,T,FORD,F15,PK,8,17,,2,1450,1260,COF,G,,,8,281,,,,B,4611,00,E,42,0,0,000000000,00000000000,0,0,0,1,0,0,0,0,0,0,0,45,0,0,0,12,12,6,2,8,0,0,0,1,28,39175,6,1,0,0,3,0,70,150,0,0,0,0,0,0,0,0,0,0,0,0,0,0,2,2,45,1,2,2,1,0,0,1,80,1,1,2,13,0,0
28,280387,1,1,1,8,8,0,8,42,0,1,0,28,1,20,473,20473,30,2005,1GCDT1461581,1,G,C,D,T,1,4,6,1,5,8,1,0,T,CHEV,RDO,PK,5,17,,1,0,1112,CAL,G,,,5,214,,,,,3603,00,,44,0,0,000000000,00000000000,0,0,0,1,0,0,0,0,0,0,0,999,0,0,0,98,12,6,2,42,0,0,0,1,28,38606,6,1,0,0,3,0,65,125,0,1,1,0,0,9,2010,12,2010,0,0,0,0,0,1,2,45,2,1,2,1,0,0,14,12,1,1,4,6,1,1
28,280389,1,2,1,1,9,14,54,12,6,1,0,28,2,49,32,49032,4,2006,JTDBR32E0600,J,T,D,B,R,3,2,E,0,6,0,0,0,P,TOYT,EEL,4D,6,17,2530,,0,1024,,G,,F,4,109,,,15R185,,,,,,0,0,000000000,00000000000,0,0,0,1,0,0,0,0,0,0,0,50,0,0,0,9,9,6,2,12,0,0,0,1,28,38720,6,1,0,0,3,0,64,120,0,0,0,0,0,0,0,0,0,0,51,0,0,0,1,2,45,1,1,2,1,0,0,1,11,1,1,2,64,1,0
28,280389,2,2,2,1,9,14,54,12,6,1,0,28,1,12,481,12481,31,1995,1FDXR90T3SVA,1,F,D,X,R,9,0,T,3,S,V,A,0,T,FORD,N9M,CC,95,17,,7,2580,1380,CON,D,,,6,638,,,,,10546,09,M,42,0,0,000000000,00000000000,0,0,0,1,0,0,0,0,0,0,0,50,0,0,0,12,12,6,2,12,0,0,0,1,28,38858,6,1,6,0,3,0,68,155,0,0,0,1,0,1,2010,1,2010,0,0,0,0,0,1,2,45,1,1,2,1,0,0,1,62,1,1,2,65,0,0
28,280390,1,1,1,1,9,19,7,1,0,1,0,28,3,12,481,12481,31,2005,1FTWW30Y25EB,1,F,T,W,W,3,0,Y,2,5,E,B,0,T,FORD,F3S,CW,5,17,,3,1724,1562,SRW,G,,,10,415,,,,D,6107,00,E,42,0,0,000000000,00000000000,0,0,0,1,0,0,0,0,0,0,0,999,0,1,9,0,13,6,2,1,0,0,0,1,28,39059,6,1,0,0,3,0,71,175,0,0,0,0,0,0,0,0,0,0,0,0,0,0,1,2,45,2,2,2,1,0,0,2,12,1,1,4,6,1,0
28,280391,1,1,3,1,9,16,8,34,0,1,0,28,1,20,421,20421,15,1999,1GNEC13R4XJ4,1,G,N,E,C,1,3,R,4,X,J,4,0,P,CHEV,CTA,UT,99,17,4865,,0,1175,,G,,F,8,350,,,15R235,,,,,,0,0,000000000,00000000000,0,0,0,1,0,0,0,0,0,0,0,999,0,0,0,12,12,6,2,42,0,0,0,1,28,39577,6,1,0,0,3,0,69,160,0,1,1,0,0,11,2009,2,2010,0,0,0,0,0,1,2,35,2,2,2,1,0,0,14,13,1,1,4,1,2,0
28,280392,1,1,3,2,9,13,53,1,0,1,0,28,2,12,422,12422,15,2004,1FMZU63K34UA,1,F,M,Z,U,6,3,K,3,4,U,A,0,P,FORD,EPR,UT,4,17,4094,,0,1137,,F,,F,6,245,,,16R235,,,,,,0,0,000000000,00000000000,0,0,0,1,0,0,0,0,0,0,0,50,0,1,9,0,98,6,2,1,0,0,0,1,28,39483,6,1,0,0,3,0,63,172,0,0,0,0,0,0,0,0,0,0,28,0,0,0,1,2,55,2,1,2,2,0,0,14,12,1,1,4,6,1,0
28,280393,1,1,1,3,9,9,31,34,0,1,0,28,1,20,481,20481,31,2004,1GCEC19V84Z1,1,G,C,E,C,1,9,V,8,4,Z,1,0,T,CHEV,SC1,4C,4,17,,2,1575,1435,SIL,G,,,8,293,,,,B,4555,00,,42,0,0,000000000,00000000000,0,0,0,1,0,0,0,0,0,0,0,999,0,0,0,81,98,6,2,42,0,0,0,1,28,39429,6,1,6,0,3,1,71,190,0,0,0,0,0,0,0,0,0,1,0,0,0,0,1,2,55,2,2,2,2,0,0,6,12,1,1,4,6,1,0
28,280394,1,2,1,3,9,17,49,12,6,1,0,28,2,23,481,23481,31,2004,2GTEK19T0412,2,G,T,E,K,1,9,T,0,4,1,2,0,T,GMC,NK1,4C,4,17,,2,1575,1435,SIE,G,,,8,325,,,,B,4548,03,4,44,0,0,000000000,00000000000,0,0,0,1,0,0,0,0,0,0,0,5,0,0,0,3,3,6,2,12,0,0,0,1,28,39773,6,1,0,0,3,0,68,230,0,0,0,0,0,0,0,0,0,0,0,0,0,0,1,2,45,1,2,2,1,0,0,1,11,1,1,2,67,0,0
28,280394,2,2,1,3,9,17,49,12,6,1,0,28,2,53,709,53709,80,2002,JS1GW71A7221,J,S,1,G,W,7,1,A,7,2,2,1,0,M,SUZI,GXR,RC,2,17,,,,,,,1299,,4,,4,478,,,,,,,0,0,000000000,00000000000,0,0,0,1,0,0,0,0,0,0,0,999,0,0,0,11,12,6,2,12,0,0,0,1,28,39773,6,1,0,0,3,0,70,155,0,0,0,0,0,0,0,0,0,0,0,0,0,0,1,2,45,1,2,2,1,0,0,1,62,1,1,2,67,1,0
28,280395,1,2,1,3,9,21,30,12,2,1,0,28,2,20,2,20002,4,2010,2G1WA5EK3A11,2,G,1,W,A,5,E,K,3,A,1,1,0,P,CHEV,IPL,4D,10,17,3555,,0,1105,,F,,F,6,214,,,16R225,,,,,,0,0,000000000,00000000000,0,0,0,1,0,0,0,0,0,0,0,999,0,0,0,12,12,6,2,12,0,0,0,1,28,38606,6,1,0,0,3,0,67,178,0,0,0,0,0,0,0,0,0,0,0,0,0,0,1,2,55,1,1,2,1,0,0,1,62,1,1,1,50,0,0
28,280395,2,2,2,3,9,21,30,12,2,1,0,28,1,12,481,12481,31,1999,1FTZR15X0XPB,1,F,T,Z,R,1,5,X,0,X,P,B,0,T,FORD,RNS,PC,99,17,,1,0,1259,RNG,G,,,6,245,,,,B,00000,00,U,44,0,0,000000000,00000000000,0,0,0,1,0,0,0,0,0,0,0,999,0,0,0,12,12,6,2,12,0,0,0,1,28,38622,6,1,0,0,3,1,65,120,0,0,0,1,0,5,2009,5,2009,0,28,0,0,0,1,2,55,1,1,2,1,0,0,1,11,1,1,2,51,1,0
28,280396,1,1,1,3,9,21,45,42,0,1,0,48,2,49,40,49040,4,1994,JT2JA82J6R00,J,T,2,J,A,8,2,J,6,R,0,0,0,P,TOYT,SWS,2H,94,17,3425,,0,1004,,G,,T,6,183,,,17R235,,,,,,0,0,000000000,00000000000,0,0,0,1,0,0,0,0,0,0,0,999,0,0,0,12,12,6,2,42,0,0,0,1,4,85635,6,1,0,0,3,0,70,185,0,0,0,0,0,0,0,0,0,0,0,0,0,0,2,2,70,2,2,2,2,0,0,14,13,1,1,4,1,1,0
28,280397,1,1,1,4,9,1,53,35,0,1,0,28,1,12,401,12401,14,1993,1FMDU32XXPUC,1,F,M,D,U,3,2,X,X,P,U,C,0,P,FORD,EPR,UT,93,17,3858,,0,1120,,G,,F,6,245,,,15R225,,,,,,0,0,000000000,00000000000,0,0,0,1,0,0,0,0,0,0,0,999,0,0,0,12,12,6,2,35,0,0,0,1,28,38850,6,1,0,0,3,0,66,180,0,0,0,0,0,0,0,0,0,0,0,0,0,0,1,2,55,1,1,2,1,20,3,1,13,1,1,4,1,1,1
28,280398,1,1,5,4,9,16,30,30,0,1,0,28,0,12,461,12461,21,2003,1FBSS31L33HA,1,F,B,S,S,3,1,L,3,3,H,A,0,T,FORD,WSD,ES,3,17,,2,0,1380,ECO,G,,,8,330,,,,D,5147,00,E,42,0,0,000000000,00000000000,0,0,0,1,0,0,0,0,0,0,0,999,0,0,0,12,12,6,2,30,0,0,0,1,21,40069,6,1,0,0,3,0,70,180,0,0,0,0,0,0,0,0,0,0,0,0,0,0,1,2,45,2,2,2,2,0,0,14,13,1,1,4,1,1,0
28,280399,1,1,2,5,9,0,56,42,0,1,0,28,2,2,404,2404,14,1993,1J4GX58S1PC6,1,J,4,G,X,5,8,S,1,P,C,6,0,T,JEEP,LRO,4W,93,17,,1,0,1059,GCK,G,,,6,242,,,,,3574,00,B,42,0,0,000000000,00000000000,0,0,0,1,0,0,0,0,0,0,0,999,0,0,0,61,12,6,2,42,0,0,0,1,28,39180,6,1,6,0,3,0,71,182,0,0,0,0,0,0,0,0,0,0,0,0,0,0,2,2,70,1,1,2,2,0,0,1,12,1,1,4,6,1,1
28,280400,1,1,3,18,6,19,51,1,0,1,0,28,1,38,401,38401,14,1998,JACDJ58XXW79,J,A,C,D,J,5,8,X,X,W,7,9,0,P,ISU,TRO,UT,98,17,4390,,0,1087,,G,,F,6,213,,,16R245,,,,,,0,0,000000000,00000000000,0,0,0,1,0,0,0,0,0,0,0,999,0,1,9,0,98,6,2,1,0,0,0,1,37,27330,6,1,0,0,3,0,64,120,0,0,0,0,0,0,0,0,0,0,58,80,0,0,2,2,70,1,1,2,1,0,0,1,12,1,1,4,1,1,0
28,280401,1,2,4,28,6,17,6,12,6,1,0,28,2,6,43,6043,4,2003,1C3EL46X83N5,1,C,3,E,L,4,6,X,8,3,N,5,0,P,CHRY,SLX,4D,3,17,3102,,0,1080,,G,,F,4,148,,,15R205,,,,,,0,0,000000000,00000000000,0,0,0,1,0,0,0,0,0,0,0,999,0,0,0,9,9,6,2,12,0,0,0,1,28,38619,6,2,0,0,3,0,62,225,0,0,0,0,0,0,0,0,0,0,38,0,0,0,2,2,55,1,1,2,1,0,0,1,17,1,1,2,86,1,0
28,280401,2,2,1,28,6,17,6,12,6,1,0,28,1,35,47,35047,4,2003,1N4AL11D23C1,1,N,4,A,L,1,1,D,2,3,C,1,0,P,NISS,ABS,4D,3,17,2913,,0,1102,,G,,F,4,153,,,16R205,,,,,,0,0,000000000,00000000000,0,0,0,1,0,0,0,0,0,0,0,55,0,0,0,1,1,6,2,12,0,0,0,1,28,38668,6,1,6,0,3,0,73,205,0,0,0,0,0,0,0,0,0,0,0,0,0,0,2,2,55,1,1,2,1,0,0,1,55,1,1,2,87,0,0
28,280402,1,1,1,2,7,1,44,8,0,1,0,28,2,20,481,20481,31,1989,1GCDC14K0KZ2,1,G,C,D,C,1,4,K,0,K,Z,2,0,T,CHEV,GC1,PK,89,17,,1,1315,1175,GM4,G,,,8,350,,,,B,4114,08,,42,0,0,000000000,00000000000,0,0,0,1,0,0,0,0,0,0,0,999,0,0,0,12,12,6,2,8,0,0,0,1,28,38614,0,0,0,0,0,0,999,999,99,99,99,99,99,99,9999,99,9999,0,0,0,0,0,2,2,45,1,1,2,1,0,0,1,81,1,1,2,13,0,0
28,280403,1,2,1,17,8,23,14,12,6,1,0,28,2,51,47,51047,4,2005,YV1RS6125524,Y,V,1,R,S,6,1,2,5,5,2,4,0,P,VOLV,S60,4D,5,17,3455,,0,1070,,G,,F,5,149,,,16R215,,,,,,0,0,000000000,00000000000,0,0,0,1,0,0,0,0,0,0,0,0,0,0,0,11,11,6,2,12,0,0,0,1,28,38651,6,1,6,0,3,0,60,175,0,0,0,0,0,0,0,0,0,0,0,0,0,0,2,2,45,1,1,2,1,0,0,1,62,1,1,2,64,0,0