STATE,ST_CASE,VEH_NO,VE_FORMS,NUMOCCS,DAY,MONTH,HOUR,MINUTE,HARM_EV,MAN_COLL,UNITTYPE,HIT_RUN,REG_STAT,OWNER,MAKE,MODEL,MAK_MOD,BODY_TYP,MOD_YEAR,VIN,VIN_1,VIN_2,VIN_3,VIN_4,VIN_5,VIN_6,VIN_7,VIN_8,VIN_9,VIN_10,VIN_11,VIN_12,TOW_VEH,VINTYPE,VINMAKE,VINA_MOD,VIN_BT,VINMODYR,VIN_LNGT,VIN_WGT,WGTCD_TR,WHLBS_LG,WHLBS_SH,SER_TR,FUELCODE,MCYCL_DS,CARBUR,CYLINDER,DISPLACE,MCYCL_CY,MCYCL_WT,TIRE_SZE,TON_RAT,TRK_WT,TRKWTVAR,VIN_REST,WHLDRWHL,J_KNIFE,MCARR_I1,MCARR_I2,MCARR_ID,GVWR,V_CONFIG,CARGO_BT,HAZ_INV,HAZ_PLAC,HAZ_ID,HAZ_CNO,HAZ_REL,BUS_USE,SPEC_USE,EMER_USE,TRAV_SP,UNDERIDE,ROLLOVER,ROLINLOC,IMPACT1,IMPACT2,DEFORMED,TOWED,M_HARM,VEH_SC1,VEH_SC2,FIRE_EXP,DR_PRES,L_STATE,DR_ZIP,L_STATUS,L_TYPE,CDL_STAT,L_ENDORS,L_COMPL,L_RESTRI,DR_HGT,DR_WGT,PREV_ACC,PREV_SUS,PREV_DWI,PREV_SPD,PREV_OTH,FIRST_MO,FIRST_YR,LAST_MO,LAST_YR,SPEEDREL,DR_SF1,DR_SF2,DR_SF3,DR_SF4,VTRAFWAY,VNUM_LAN,VSPD_LIM,VALIGN,VPROFILE,VPAVETYP,VSURCOND,VTRAFCON,VTCONT_F,P_CRASH1,P_CRASH2,P_CRASH3,PCRASH4,PCRASH5,ACC_TYPE,DEATHS,DR_DRINK
28,280403,2,2,2,17,8,23,14,12,6,1,0,28,1,12,481,12481,31,2000,1FTZR15V0YTB,1,F,T,Z,R,1,5,V,0,Y,T,B,0,T,FORD,RNS,PC,0,17,,1,0,1259,RNG,F,,,6,182,,,,B,3599,01,U,44,0,0,000000000,00000000000,0,0,0,1,0,0,0,0,0,0,0,999,0,0,0,12,1,6,2,12,0,0,0,1,28,39730,6,1,0,0,3,1,72,145,0,0,0,0,0,0,0,0,0,0,28,0,0,0,2,2,45,1,1,2,1,0,0,1,11,1,1,2,65,1,0
28,280404,1,2,2,20,7,12,50,12,1,1,0,28,1,20,421,20421,15,2001,1GNCS13W5122,1,G,N,C,S,1,3,W,5,1,2,2,0,P,CHEV,BZR,UT,1,17,3887,,0,1070,,G,,F,6,262,,,15R235,,,,,,0,0,000000000,00000000000,0,0,0,1,0,0,0,0,0,0,0,0,0,0,0,6,6,6,2,12,0,0,0,1,28,38651,6,2,0,0,3,0,69,145,0,0,0,0,0,0,0,0,0,0,0,0,0,0,1,2,45,1,1,2,1,0,0,5,17,1,1,2,91,0,0
28,280404,2,2,1,20,7,12,50,12,1,1,0,28,1,35,43,35043,4,1991,1N4EB31BXMC8,1,N,4,E,B,3,1,B,X,M,C,8,0,P,NISS,SEN,4D,91,17,2219,,0,956,,G,,F,4,098,,,000000,,,,,,0,0,000000000,00000000000,0,0,0,1,0,0,0,0,0,0,0,999,0,0,0,12,12,6,2,12,0,0,0,1,28,38632,6,1,0,0,3,1,66,122,0,0,0,0,0,0,0,0,0,0,26,0,0,0,1,2,45,1,1,2,1,0,0,1,17,1,1,2,91,1,0
28,280405,1,1,1,5,9,6,50,42,0,1,0,28,1,20,481,20481,31,1996,1GCCS19X7T81,1,G,C,C,S,1,9,X,7,T,8,1,0,T,CHEV,S14,PC,96,17,,1,0,1229,S,G,,,6,262,,,,B,3081,00,,42,0,0,000000000,00000000000,0,0,0,1,0,0,0,0,0,0,0,45,0,0,0,12,12,6,2,42,0,0,0,1,28,39350,6,1,0,0,3,0,73,318,0,0,0,0,0,0,0,0,0,0,28,0,0,0,1,2,30,1,1,2,1,0,0,1,12,1,1,4,6,1,1
28,280406,1,2,1,5,9,17,21,12,6,1,0,28,1,12,23,12023,4,2008,3FAHP07Z28R1,3,F,A,H,P,0,7,Z,2,8,R,1,0,P,FORD,F/E,4D,8,17,3181,,0,1074,,G,,F,4,140,,,16R205,,,,,,0,0,000000000,00000000000,0,0,0,1,0,0,0,0,0,0,0,999,0,0,0,9,9,6,2,12,0,0,0,1,28,39746,6,1,0,0,3,0,70,160,0,0,0,0,0,0,0,0,0,0,38,39,0,0,2,2,35,1,1,2,2,3,3,1,55,1,1,2,88,1,0
28,280406,2,2,3,5,9,17,21,12,6,1,0,28,1,20,421,20421,15,2001,1GNEK13T51R1,1,G,N,E,K,1,3,T,5,1,R,1,0,P,CHEV,KTA,UT,1,17,5050,,0,1160,,G,,F,8,325,,,16R245,,,,,,0,0,000000000,00000000000,0,0,0,1,0,0,0,0,0,0,0,65,0,0,0,11,11,6,2,12,0,0,0,1,28,39766,6,1,0,0,3,1,64,140,0,0,0,0,0,0,0,0,0,0,0,0,0,0,2,2,35,1,1,2,2,3,3,1,17,1,1,2,89,0,0
28,280407,1,1,1,6,9,10,3,31,0,1,0,28,1,12,401,12401,14,2004,1FMZU64KX4UA,1,F,M,Z,U,6,4,K,X,4,U,A,0,P,FORD,EPR,UT,4,17,4094,,0,1137,,F,,F,6,245,,,17R245,,,,,,0,0,000000000,00000000000,0,0,0,1,0,0,0,0,0,0,0,999,0,0,0,98,98,6,2,42,0,0,0,1,28,39437,6,1,0,0,3,0,69,159,0,0,0,0,0,0,0,0,0,0,0,0,0,0,1,2,55,2,2,2,1,0,0,14,12,1,1,4,6,1,0
28,280408,1,1,2,7,9,10,40,42,0,1,0,28,1,20,481,20481,31,2004,1GCGC23U94F1,1,G,C,G,C,2,3,U,9,4,F,1,0,T,CHEV,SC2,CW,4,17,,2,0,1530,SIL,G,,,8,364,,,,C,5506,00,,42,0,0,000000000,00000000000,0,0,0,1,0,0,0,0,0,0,0,999,0,0,0,12,12,6,2,42,0,0,0,1,28,39350,6,1,0,0,3,1,71,190,0,0,0,0,0,0,0,0,0,0,28,0,0,0,1,2,55,2,2,2,1,0,0,14,13,1,1,4,1,1,1
28,280409,1,1,1,7,9,11,17,52,0,1,0,22,3,84,884,84884,66,2000,3HSFMAMR9YN0,3,H,S,F,M,A,M,R,9,Y,N,0,1,T,INTL,920,TR,0,17,,8,2340,1600,920,D,,,6,774,,,,,00000,00,,64,1,56,052767,56052767,3,19,3,1,0,0,0,0,0,0,0,999,0,0,0,98,98,6,2,52,0,0,0,1,22,70514,6,1,6,0,3,0,70,200,0,0,0,0,0,0,0,0,0,0,0,0,0,0,2,2,70,1,1,2,1,0,0,1,12,1,1,4,6,1,0
28,280410,1,1,1,7,9,21,17,10,0,1,0,28,1,20,2,20002,4,2006,2G1WC5812691,2,G,1,W,C,5,8,1,2,6,9,1,0,P,CHEV,IMT,4D,6,17,3477,,0,1105,,G,,F,6,238,,,17R225,,,,,,0,0,000000000,00000000000,0,0,0,1,0,0,0,0,0,0,0,5,0,0,0,12,12,6,2,10,0,0,0,1,28,39531,6,1,0,0,3,0,69,174,0,0,0,0,0,0,0,0,0,0,39,0,0,0,1,2,25,1,3,2,1,65,3,1,92,1,1,2,15,1,0
28,280411,1,1,2,7,9,21,33,34,0,1,0,22,1,12,481,12481,31,2004,1FTNW21P14EA,1,F,T,N,W,2,1,P,1,4,E,A,0,T,FORD,F2S,CW,4,17,,2,1724,1562,SRW,D,,,8,366,,,,C,6234,00,E,44,0,0,000000000,00000000000,0,0,0,1,0,0,0,0,0,0,0,55,0,1,9,1,98,6,2,1,0,0,0,1,28,39443,6,1,0,0,3,0,70,165,0,0,0,0,0,0,0,0,0,1,0,0,0,0,1,2,45,2,1,2,1,0,0,14,12,1,1,4,1,1,1
28,280412,1,1,1,8,9,6,43,34,0,1,0,28,2,12,401,12401,14,1993,1FMDU32X4PUA,1,F,M,D,U,3,2,X,4,P,U,A,0,P,FORD,EPR,UT,93,17,3858,,0,1120,,G,,F,6,245,,,15R225,,,,,,0,0,000000000,00000000000,0,0,0,1,0,0,0,0,0,0,0,999,0,0,0,61,61,6,2,35,0,0,0,1,28,38866,6,1,0,0,3,0,72,200,0,0,0,0,0,0,0,0,0,0,0,0,0,0,1,2,45,1,1,2,1,0,0,1,13,1,1,4,1,1,1
28,280413,1,2,1,8,9,7,43,12,6,1,0,28,3,12,16,12016,4,2001,2FAFP71W21X1,2,F,A,F,P,7,1,W,2,1,X,1,0,P,FORD,CVP,4D,1,17,3996,,0,1147,,G,,F,8,281,,,16R225,,,,,,0,0,000000000,00000000000,0,0,0,1,0,0,0,0,0,5,1,50,0,0,0,12,12,6,2,12,0,0,0,1,28,38930,6,1,0,0,3,0,66,165,0,0,0,0,0,0,0,0,0,0,0,0,0,0,2,2,35,1,1,2,1,0,0,1,62,1,1,2,86,0,0
28,280413,2,2,2,8,9,7,43,12,6,1,0,28,2,20,16,20016,4,2001,1G1JC5247173,1,G,1,J,C,5,2,4,7,1,7,3,0,P,CHEV,CAC,4D,1,17,2676,,0,1041,,C,,F,4,133,,,14R195,,,,,,0,0,000000000,00000000000,0,0,0,1,0,0,0,0,0,0,0,999,0,0,0,3,3,6,2,12,0,0,0,1,28,38773,6,1,0,0,3,1,67,188,0,0,0,0,0,0,0,0,0,0,37,38,0,0,2,2,35,1,1,2,1,0,0,1,17,1,1,2,87,2,0
28,280414,1,1,1,9,9,23,53,34,0,1,0,28,2,35,39,35039,4,2007,1N4BA41E47C8,1,N,4,B,A,4,1,E,4,7,C,8,0,P,NISS,MEL,4D,7,17,3474,,0,1112,,G,,F,6,,,,18R245,,,,,,0,0,000000000,00000000000,0,0,0,1,0,0,0,0,0,0,0,999,0,0,0,11,98,6,2,42,0,0,0,1,28,39212,6,1,0,0,3,0,69,275,0,0,0,0,0,0,0,0,0,0,0,0,0,0,1,2,40,1,2,2,1,0,0,1,13,1,1,4,1,1,1
28,280415,1,1,1,10,9,2,22,42,0,1,0,28,2,63,402,63402,14,2003,KNDJD7330350,K,N,D,J,D,7,3,3,0,3,5,0,0,P,KIA,SOR,UT,3,17,4057,,0,1067,,G,,F,6,213,,,16R245,,,,,,0,0,000000000,00000000000,0,0,0,1,0,0,0,0,0,0,0,999,0,0,0,12,12,6,2,42,0,0,0,1,28,39470,6,1,0,0,3,0,70,110,0,0,0,0,0,0,0,0,0,0,0,0,0,0,1,2,35,2,1,2,1,0,0,14,12,1,1,4,6,1,0
28,280416,1,1,1,11,9,17,36,42,0,1,0,28,2,14,6,14006,4,1994,2MELM74W7RX6,2,M,E,L,M,7,4,W,7,R,X,6,0,P,MERC,GMG,4D,94,17,3787,,0,1144,,G,,F,8,281,,,15R215,,,,,,0,0,000000000,00000000000,0,0,0,1,0,0,0,0,0,0,0,60,0,0,0,12,12,6,2,42,0,0,0,1,28,38637,6,1,0,0,3,0,70,130,0,0,0,0,1,3,2010,3,2010,1,28,0,0,0,1,2,35,1,1,2,1,20,3,1,12,1,1,4,1,1,0
28,280417,1,1,1,15,9,13,47,42,0,1,0,28,1,55,35,55035,4,2003,KMHDN45D33U5,K,M,H,D,N,4,5,D,3,3,U,5,0,P,HYUN,EST,4D,3,17,2635,,0,1027,,G,,F,4,121,,,15R205,,,,,,0,0,000000000,00000000000,0,0,0,1,0,0,0,0,0,0,0,999,0,0,0,12,12,6,2,42,0,0,0,1,22,70380,6,1,0,0,3,0,64,120,0,0,0,0,0,0,0,0,0,1,0,0,0,0,1,2,35,2,1,2,1,0,0,14,13,1,1,4,1,1,0
28,280418,1,1,1,16,9,0,48,35,0,1,0,28,2,7,24,7024,4,2008,2B3KA43R48H2,2,B,3,K,A,4,3,R,4,8,H,2,0,P,DODG,CHA,4D,8,17,3727,,0,1200,,G,,F,6,165,,,17R215,,,,,,0,0,000000000,00000000000,0,0,0,1,0,0,0,0,0,0,0,999,0,1,9,12,13,6,2,1,0,0,0,1,28,39556,6,1,0,0,3,0,62,105,0,0,0,0,0,0,0,0,0,0,0,0,0,0,1,2,55,2,1,2,1,0,0,14,13,1,1,4,1,1,0
28,280419,1,1,1,16,9,17,41,35,0,1,0,0,0,37,739,37739,90,2003,999999999999,9,9,9,9,9,9,9,9,9,9,9,9,0,,,,,,,,,,,,,,,,,,,,,,,,,0,0,000000000,00000000000,0,0,0,1,0,0,0,0,0,0,0,999,0,0,0,98,98,6,2,42,0,0,0,1,28,39047,6,1,0,0,3,1,68,153,0,0,0,0,0,0,0,0,0,1,0,0,0,0,1,2,35,2,1,2,1,0,0,14,11,1,1,4,1,1,0
28,280420,1,1,1,16,9,18,7,35,0,1,0,28,1,20,481,20481,31,1993,1GCCS14R4P81,1,G,C,C,S,1,4,R,4,P,8,1,0,T,CHEV,S14,PK,93,17,,1,1179,1083,S,G,,,6,173,,,,B,2633,02,,42,0,0,000000000,00000000000,0,0,0,1,0,0,0,0,0,0,0,45,0,0,0,12,12,6,2,35,0,0,0,1,28,39439,6,1,0,0,3,0,70,185,0,0,0,0,0,0,0,0,0,0,0,0,0,0,1,2,45,1,3,2,1,0,0,1,12,1,1,4,1,1,1
28,280421,1,2,2,17,9,11,29,12,6,1,0,28,2,7,482,7482,31,2005,3D7KS28C35G7,3,D,7,K,S,2,8,C,3,5,G,7,0,T,DODG,SQ2,CW,5,17,,2,1605,1405,RPC,D,,,6,359,,,,C,5886,12,E,44,0,0,000000000,00000000000,0,0,0,1,0,0,0,0,0,0,0,40,0,0,0,11,98,6,2,12,0,0,0,1,28,39481,6,1,0,0,3,0,69,140,0,0,0,0,0,0,0,0,0,0,0,0,0,0,1,2,55,1,1,2,1,20,3,1,17,1,1,2,91,0,0
28,280421,2,2,2,17,9,11,29,12,6,1,0,28,1,20,481,20481,31,2004,1GCEC14X24Z2,1,G,C,E,C,1,4,X,2,4,Z,2,0,T,CHEV,SC1,PK,4,17,,2,1330,1190,SIL,G,,,6,262,,,,B,4142,00,,42,0,0,000000000,00000000000,0,0,0,1,0,0,0,0,0,0,0,999,0,0,0,5,5,6,2,12,0,0,0,1,28,39440,6,1,6,0,3,0,72,210,0,0,0,0,0,0,0,0,0,0,33,0,0,0,1,2,55,1,1,2,1,20,3,1,17,1,1,2,91,2,0
28,280422,1,1,1,17,9,22,16,31,0,1,0,28,1,37,709,37709,80,1999,JH2RC4465XM1,J,H,2,R,C,4,4,6,5,X,M,1,0,M,HOND,V7D,RS,99,17,,,,,,,745,,2,,4,505,,,,,,,0,0,000000000,00000000000,0,0,0,1,0,0,0,0,0,0,0,999,0,0,0,12,12,6,2,31,0,0,0,1,28,39443,6,1,0,0,3,0,69,220,0,0,0,0,0,0,0,0,0,1,0,0,0,0,1,2,35,2,1,2,1,0,0,14,11,1,1,4,1,1,0
28,280423,1,1,1,18,9,5,10,8,0,1,0,28,2,35,43,35043,4,2006,3N1CB51D76L5,3,N,1,C,B,5,1,D,7,6,L,5,0,P,NISS,S18,4D,6,17,2509,,0,998,,G,,F,4,108,,,15R195,,,,,,0,0,000000000,00000000000,0,0,0,1,0,0,0,0,0,0,0,999,0,0,0,12,12,6,2,8,0,0,0,1,28,39180,6,1,0,0,3,0,68,130,0,0,0,0,0,0,0,0,0,0,0,0,0,0,1,2,55,1,1,2,1,0,0,1,80,1,1,1,13,0,1
28,280424,1,1,1,18,9,20,23,31,0,1,0,28,1,20,421,20421,15,1999,1GNCS13W9XK1,1,G,N,C,S,1,3,W,9,X,K,1,0,P,CHEV,BZR,UT,99,17,3692,,0,1070,,G,,F,6,262,,,15R205,,,,,,0,0,000000000,00000000000,0,0,0,1,0,0,0,0,0,0,0,999,0,1,9,98,1,6,2,1,0,0,0,1,28,39180,6,1,0,0,3,0,67,155,0,0,0,0,0,0,0,0,0,0,0,0,0,0,1,2,35,1,1,2,1,0,0,1,12,1,1,4,6,1,0
28,280425,1,1,1,18,9,20,27,8,0,1,0,28,2,49,401,49401,14,1997,JT3HN87RXV01,J,T,3,H,N,8,7,R,X,V,0,1,0,P,TOYT,RUN,UT,97,17,3940,,0,1053,,G,,F,6,206,,,16R265,,,,,,0,0,000000000,00000000000,0,0,0,1,0,0,0,0,0,0,0,25,0,0,0,12,12,6,2,8,0,0,0,1,28,38654,6,2,0,0,3,0,70,130,0,0,0,0,0,0,0,0,0,0,0,0,0,0,1,2,25,1,1,2,1,0,0,1,80,1,1,2,13,0,0
28,280426,1,4,2,19,9,15,44,12,6,1,0,28,2,20,481,20481,31,1991,1GCCS14R4M82,1,G,C,C,S,1,4,R,4,M,8,2,0,T,CHEV,S14,PK,91,17,,1,1179,1083,S,G,,,6,173,,,,B,2567,01,,42,0,0,000000000,00000000000,0,0,0,1,0,0,0,0,0,0,0,999,0,0,0,5,5,6,2,12,0,0,0,1,28,39574,6,1,0,0,3,0,63,150,0,0,0,0,1,3,2011,3,2011,0,33,0,0,0,2,2,45,1,1,2,2,0,0,6,11,1,1,2,67,2,0
28,280426,2,4,1,19,9,15,44,12,6,1,0,28,1,49,482,49482,31,2004,5TBET3817454,5,T,B,E,T,3,8,1,7,4,5,4,0,T,TOYT,DBL,CW,4,17,,2,0,1283,TUN,G,,,8,285,,,,B,4974,00,U,42,0,0,000000000,00000000000,0,0,0,1,0,0,0,0,0,0,0,45,0,0,0,11,11,2,1,12,0,0,0,1,28,39503,6,1,0,0,3,1,73,250,0,0,0,0,0,0,0,0,0,0,0,0,0,0,2,2,45,1,1,2,2,0,0,1,62,1,1,2,67,0,0
28,280426,3,4,1,19,9,15,44,12,6,1,0,28,2,23,421,23421,15,2001,1GKEK63U91J3,1,G,K,E,K,6,3,U,9,1,J,3,0,T,GMC,DEN,4W,1,17,,2,0,0,DEN,G,,,8,364,,,,B,5421,00,K,44,0,0,000000000,00000000000,0,0,0,1,0,0,0,0,0,0,0,45,0,0,0,12,12,6,2,12,0,0,0,1,28,39503,0,0,0,0,0,0,999,999,99,99,99,99,99,99,9999,99,9999,0,0,0,0,0,2,2,45,1,1,2,2,0,0,1,62,1,1,2,98,0,0
28,280426,4,4,1,19,9,15,44,12,6,1,0,28,2,12,23,12023,4,2006,3FAFP08106R1,3,F,A,F,P,0,8,1,0,6,R,1,0,P,FORD,F/L,4D,6,17,3101,,0,1074,,G,,F,6,183,,,17R225,,,,,,0,0,000000000,00000000000,0,0,0,1,0,0,0,0,0,0,0,45,0,0,0,12,12,6,2,12,0,0,0,1,28,39501,6,1,0,0,3,0,64,155,0,0,0,0,0,0,0,0,0,0,0,0,0,0,2,2,45,1,1,2,2,0,0,1,62,1,1,2,98,0,0
28,280427,1,1,1,18,9,10,43,8,0,1,0,28,1,20,481,20481,31,1984,1GCDC14C4EF3,1,G,C,D,C,1,4,C,4,E,F,3,0,T,CHEV,C10,PK,84,17,,1,1315,1175,C10,D,,,8,379,,,,B,3314,08,,42,0,0,000000000,00000000000,0,0,0,1,0,0,0,0,0,0,0,35,0,0,0,12,12,6,2,8,0,0,0,1,28,38801,3,1,3,0,2,0,999,999,99,99,99,99,99,99,9999,99,9999,0,28,0,0,0,1,2,98,1,1,2,1,0,0,1,82,1,1,3,13,0,0
28,280428,1,2,1,19,9,16,32,12,6,1,0,0,0,23,481,23481,31,2000,999999999999,9,9,9,9,9,9,9,9,9,9,9,9,0,,,,,,,,,,,,,,,,,,,,,,,,,0,0,000000000,00000000000,0,0,0,1,0,0,0,0,0,0,0,998,0,0,0,12,12,6,2,12,0,0,0,1,28,39465,6,1,6,0,3,0,74,285,0,0,0,0,0,0,0,0,0,0,0,0,0,0,2,2,65,1,1,2,2,0,0,1,55,1,1,2,88,1,0
28,280428,2,2,1,19,9,16,32,12,6,1,0,28,2,23,401,23401,14,2007,1GKDS13S4722,1,G,K,D,S,1,3,S,4,7,2,2,0,T,GMC,ENV,4W,7,17,,1,0,1130,ENV,G,,,6,256,,,,B,4404,00,4,42,0,0,000000000,00000000000,0,0,0,1,0,0,0,0,0,0,0,999,0,0,0,9,9,6,2,12,0,0,0,1,28,39452,6,1,0,0,3,0,67,180,0,0,0,0,0,0,0,0,0,0,38,39,0,0,2,2,65,1,1,2,2,4,3,1,17,1,1,2,89,0,0
28,280429,1,1,2,21,9,3,23,34,0,1,0,28,1,63,401,63401,14,2000,KNDJA6237Y56,K,N,D,J,A,6,2,3,7,Y,5,6,0,P,KIA,SPO,UT,0,17,3230,,0,929,,G,,F,4,122,,,15R205,,,,,,0,0,000000000,00000000000,0,0,0,1,0,0,0,0,0,0,0,55,0,0,0,12,12,6,2,34,0,0,0,1,28,38863,6,1,0,0,3,0,66,125,0,0,0,0,0,0,0,0,0,0,58,0,0,0,1,2,45,1,1,2,1,0,0,1,12,1,1,4,6,1,1
28,280430,1,2,1,22,9,7,50,12,6,1,0,28,3,20,23,20023,6,2008,3GNCA13D58S7,3,G,N,C,A,1,3,D,5,8,S,7,0,P,CHEV,HHR,UT,8,17,3155,,0,1035,,G,,F,4,134,,,16R215,,,,,,0,0,000000000,00000000000,0,0,0,1,0,0,0,0,0,0,0,60,0,0,0,12,12,6,2,12,0,0,0,1,28,39367,6,1,0,0,3,1,70,175,0,0,0,1,0,8,2011,8,2011,0,0,0,0,0,2,2,55,1,1,2,1,20,3,1,55,1,1,2,88,0,0
28,280430,2,2,1,22,9,7,50,12,6,1,0,28,1,20,2,20002,4,2007,2G1WT58N9792,2,G,1,W,T,5,8,N,9,7,9,2,0,P,CHEV,IMT,4D,7,17,3674,,0,1105,,G,,F,6,214,,,16R225,,,,,,0,0,000000000,00000000000,0,0,0,1,0,0,0,0,0,0,0,999,0,0,0,9,9,6,2,12,0,0,0,1,28,39119,6,1,0,0,3,0,62,105,0,0,0,1,0,5,2011,5,2011,0,38,39,0,0,2,2,55,1,1,2,1,20,3,1,17,1,1,2,89,1,0
28,280431,1,1,1,22,9,8,5,34,0,1,0,28,1,73,709,73709,80,2004,JKBVNMA134A0,J,K,B,V,N,M,A,1,3,4,A,0,0,M,KAWK,VN2,RS,4,17,,,,,,,2053,,2,,4,837,,,,,,,0,0,000000000,00000000000,0,0,0,1,0,0,0,0,0,0,0,999,0,0,0,12,12,6,2,34,0,0,0,1,28,38629,6,1,0,0,3,0,68,220,0,1,1,0,0,7,2011,9,2011,0,0,0,0,0,1,2,55,4,1,2,1,0,0,14,11,1,1,4,1,1,0
28,280432,1,2,1,22,9,14,24,12,2,1,0,28,2,7,442,7442,20,2005,1D4GP24R75B1,1,D,4,G,P,2,4,R,7,5,B,1,0,T,DODG,GCS,ES,5,17,,1,0,1193,CAR,G,,,6,201,,,,,3867,00,E,42,0,0,000000000,00000000000,0,0,0,1,0,0,0,0,0,0,0,999,0,0,0,12,12,6,2,12,0,0,0,1,28,39573,6,2,0,0,3,1,62,109,0,0,0,0,0,0,0,0,0,0,51,0,0,0,1,2,55,1,2,2,1,0,0,1,10,1,1,2,50,1,0
28,280432,2,2,3,22,9,14,24,12,2,1,0,28,2,23,471,23471,30,1999,1GTCS1940X85,1,G,T,C,S,1,9,4,0,X,8,5,0,T,GMC,SON,PC,99,17,,1,0,1229,SON,G,,,4,133,,,,B,00000,00,U,42,0,0,000000000,00000000000,0,0,0,1,0,0,0,0,0,0,0,999,0,0,0,12,12,6,2,12,0,0,0,1,28,39426,6,1,0,0,3,0,73,240,0,0,0,0,0,0,0,0,0,0,0,0,0,0,1,2,55,1,2,2,1,0,0,1,62,1,1,2,51,1,0
28,280433,1,1,1,22,9,22,57,34,0,1,0,28,2,76,709,76709,80,1997,JYA3ALE01VA0,J,Y,A,3,A,L,E,0,1,V,A,0,0,M,YAMA,X71,RS,97,17,,,,,,,749,,2,,4,483,,,,,,,0,0,000000000,00000000000,0,0,0,1,0,0,0,0,0,0,0,999,0,0,0,12,12,6,2,34,0,0,0,1,28,39180,6,1,0,0,3,0,68,140,0,0,0,1,0,12,2008,12,2008,0,0,0,0,0,1,2,35,4,2,2,1,0,0,14,12,1,1,4,6,1,1
28,280434,1,1,1,24,9,5,19,8,0,1,0,28,1,7,482,7482,31,2001,1B7HF13Z01J2,1,B,7,H,F,1,3,Z,0,1,J,2,0,T,DODG,Q15,4C,1,17,,2,1547,1387,RPC,G,,,8,360,,,,B,5008,01,U,44,0,0,000000000,00000000000,0,0,0,1,0,0,0,0,0,0,0,25,0,0,0,12,12,6,2,8,0,0,0,1,28,39567,6,1,0,0,3,0,72,205,0,0,0,0,0,0,0,0,0,0,0,0,0,0,1,2,25,1,1,2,1,0,0,1,80,1,1,2,13,0,0
28,280435,1,1,1,24,9,10,23,42,0,1,0,28,2,20,421,20421,15,2005,1GNDS13SX521,1,G,N,D,S,1,3,S,X,5,2,1,0,P,CHEV,TRL,UT,5,17,4425,,0,1130,,G,,F,6,256,,,16R245,,,,,,0,0,000000000,00000000000,0,0,0,1,0,0,0,0,0,0,0,55,0,0,0,98,12,6,2,42,0,0,0,1,28,39730,6,1,0,0,3,1,68,155,0,0,0,1,0,12,2009,12,2009,1,0,0,0,0,1,2,55,2,1,2,1,0,0,14,12,1,1,4,6,1,1
28,280436,1,1,1,26,9,10,50,30,0,1,0,28,1,72,709,72709,80,2009,1HD1GY4109K3,1,H,D,1,G,Y,4,1,0,9,K,3,0,M,HD,FTB,RS,9,17,,,,,,,1584,,2,,4,703,,,,,,,0,0,000000000,00000000000,0,0,0,1,0,0,0,0,0,0,0,999,0,0,0,12,12,6,2,30,0,0,0,1,13,30017,6,1,0,0,3,0,70,180,98,0,0,0,0,0,0,0,0,1,0,0,0,0,1,2,20,2,1,2,1,0,0,14,13,1,1,4,1,1,0
28,280437,1,2,2,27,9,15,6,12,6,1,0,28,1,37,32,37032,4,1998,1HGCG2247WA0,1,H,G,C,G,2,2,4,7,W,A,0,0,P,HOND,ULX,CP,98,17,2950,,0,1051,,G,,F,6,183,,,15R205,,,,,,0,0,000000000,00000000000,0,0,0,1,0,0,0,0,0,0,0,999,0,0,0,3,3,6,2,12,0,0,0,1,22,70438,6,1,0,0,3,0,66,155,0,0,0,0,0,0,0,0,0,0,38,39,0,0,1,2,55,1,1,2,1,20,3,1,17,1,1,2,88,1,0
28,280437,2,2,2,27,9,15,6,12,6,1,0,28,1,35,481,35481,31,2008,1N6BA07D28N3,1,N,6,B,A,0,7,D,2,8,N,3,0,T,NISS,TXS,CW,8,17,,2,0,1398,TTN,F,,,8,342,,,,B,4908,00,4,42,0,0,000000000,00000000000,0,0,0,1,0,0,0,0,0,0,0,999,0,0,0,11,12,6,2,12,0,0,0,1,28,39648,6,1,0,0,3,0,76,214,0,0,0,0,0,0,0,0,0,0,0,0,0,0,1,2,55,1,1,2,1,20,3,1,55,1,1,2,89,0,0
28,280438,1,2,1,28,9,16,6,12,6,1,0,28,3,84,981,84981,50,2003,4DRBBABP93B5,4,D,R,B,B,A,B,P,9,3,B,5,0,T,INTL,380,BU,3,17,,7,2760,1520,30S,D,,,8,444,,,,,00000,00,,42,0,99,999999999,99999999999,3,21,22,1,0,0,0,0,1,0,0,35,0,0,0,11,11,6,2,12,0,0,0,1,28,39191,6,1,6,0,3,1,62,205,0,0,0,0,0,0,0,0,0,0,51,0,0,0,1,2,20,1,3,2,1,0,0,1,11,1,1,1,64,0,0
28,280438,2,2,2,28,9,16,6,12,6,1,0,28,2,22,2,22002,4,2002,1G2HZ5417241,1,G,2,H,Z,5,4,1,7,2,4,1,0,P,PONT,BSI,4D,2,17,3716,,0,1122,,G,,Z,6,231,,,17R235,,,,,,0,0,000000000,00000000000,0,0,0,1,0,0,0,0,0,0,0,999,0,0,0,11,98,6,2,12,0,0,0,1,28,39191,6,1,0,0,3,0,61,150,0,0,0,0,1,9,2010,9,2010,0,0,0,0,0,1,2,20,1,3,2,1,0,0,1,62,1,1,2,65,1,0