STATE,ST_CASE,VEH_NO,VE_FORMS,NUMOCCS,DAY,MONTH,HOUR,MINUTE,HARM_EV,MAN_COLL,UNITTYPE,HIT_RUN,REG_STAT,OWNER,MAKE,MODEL,MAK_MOD,BODY_TYP,MOD_YEAR,VIN,VIN_1,VIN_2,VIN_3,VIN_4,VIN_5,VIN_6,VIN_7,VIN_8,VIN_9,VIN_10,VIN_11,VIN_12,TOW_VEH,VINTYPE,VINMAKE,VINA_MOD,VIN_BT,VINMODYR,VIN_LNGT,VIN_WGT,WGTCD_TR,WHLBS_LG,WHLBS_SH,SER_TR,FUELCODE,MCYCL_DS,CARBUR,CYLINDER,DISPLACE,MCYCL_CY,MCYCL_WT,TIRE_SZE,TON_RAT,TRK_WT,TRKWTVAR,VIN_REST,WHLDRWHL,J_KNIFE,MCARR_I1,MCARR_I2,MCARR_ID,GVWR,V_CONFIG,CARGO_BT,HAZ_INV,HAZ_PLAC,HAZ_ID,HAZ_CNO,HAZ_REL,BUS_USE,SPEC_USE,EMER_USE,TRAV_SP,UNDERIDE,ROLLOVER,ROLINLOC,IMPACT1,IMPACT2,DEFORMED,TOWED,M_HARM,VEH_SC1,VEH_SC2,FIRE_EXP,DR_PRES,L_STATE,DR_ZIP,L_STATUS,L_TYPE,CDL_STAT,L_ENDORS,L_COMPL,L_RESTRI,DR_HGT,DR_WGT,PREV_ACC,PREV_SUS,PREV_DWI,PREV_SPD,PREV_OTH,FIRST_MO,FIRST_YR,LAST_MO,LAST_YR,SPEEDREL,DR_SF1,DR_SF2,DR_SF3,DR_SF4,VTRAFWAY,VNUM_LAN,VSPD_LIM,VALIGN,VPROFILE,VPAVETYP,VSURCOND,VTRAFCON,VTCONT_F,P_CRASH1,P_CRASH2,P_CRASH3,PCRASH4,PCRASH5,ACC_TYPE,DEATHS,DR_DRINK
28,280439,1,2,1,29,9,16,47,12,1,1,0,28,1,98,998,98998,92,2005,999999999999,9,9,9,9,9,9,9,9,9,9,9,9,0,,,,,,,,,,,,,,,,,,,,,,,,,0,0,000000000,00000000000,0,0,0,1,0,0,0,0,0,0,0,12,0,0,0,12,12,6,2,12,0,0,0,1,28,39051,6,1,0,0,3,0,76,230,0,0,0,0,0,0,0,0,0,0,0,0,0,0,2,2,65,2,1,2,1,0,0,14,11,1,1,2,28,0,0
28,280439,2,2,2,29,9,16,47,12,1,1,0,28,1,18,2,18002,4,2003,1G4HP52K8341,1,G,4,H,P,5,2,K,8,3,4,1,0,P,BUIC,LCF,4D,3,17,3567,,0,1122,,G,,F,6,231,,,15R215,,,,,,0,0,000000000,00000000000,0,0,0,1,0,0,0,0,0,0,0,999,0,0,0,6,6,6,2,12,0,0,0,1,28,39157,6,1,0,0,3,0,75,178,0,0,0,0,0,0,0,0,0,0,38,0,0,0,2,2,65,2,1,2,1,0,0,2,63,1,1,2,30,2,0
28,280440,1,1,1,30,9,22,11,8,0,1,0,28,2,63,34,63034,4,2005,KNAGD1287554,K,N,A,G,D,1,2,8,7,5,5,4,0,P,KIA,OLE,4D,5,17,3279,,0,1063,,G,,F,6,162,,,16R205,,,,,,0,0,000000000,00000000000,0,0,0,1,0,0,0,0,0,0,0,999,0,0,0,12,12,6,2,8,0,0,0,1,28,38701,6,1,0,0,3,0,66,195,0,0,0,0,0,0,0,0,0,0,0,0,0,0,2,2,35,1,1,2,1,3,3,1,80,1,1,1,13,0,0
28,280441,1,1,11,1,10,2,33,1,0,1,0,13,2,12,461,12461,29,1999,1FDNS24L9XHB,1,F,D,N,S,2,4,L,9,X,H,B,0,T,FORD,25V,EC,99,17,,2,0,1380,VAN,G,,,8,330,,,,C,00000,00,M,42,0,0,000000000,00000000000,0,0,0,1,0,0,0,0,0,0,0,70,0,1,9,0,1,6,2,1,0,0,0,1,45,29651,6,1,0,0,3,0,64,155,0,0,0,0,0,0,0,0,0,0,58,80,0,0,2,2,70,1,1,2,1,0,0,1,13,1,1,4,1,3,0
28,280442,1,1,1,1,10,9,11,42,0,1,0,28,1,12,481,12481,31,1995,1FTCR14A4SPA,1,F,T,C,R,1,4,A,4,S,P,A,0,T,FORD,RNS,PC,95,17,,1,0,1250,RNG,G,,,4,140,,,,B,00000,00,M,42,0,0,000000000,00000000000,0,0,0,1,0,0,0,0,0,0,0,999,0,1,9,98,98,6,2,1,0,0,0,1,28,39339,6,1,0,0,3,0,67,220,0,0,0,0,0,0,0,0,0,0,0,0,0,0,1,2,45,1,1,2,1,0,0,1,13,1,1,4,1,1,0
28,280443,1,1,1,1,10,21,31,34,0,1,0,28,2,20,481,20481,31,1990,1GCDC14H3LE2,1,G,C,D,C,1,4,H,3,L,E,2,0,T,CHEV,GC1,PK,90,17,,1,1415,1175,GM4,G,,,8,305,,,,B,3717,07,,42,0,0,000000000,00000000000,0,0,0,1,0,0,0,0,0,0,0,999,0,0,0,12,12,6,2,34,0,0,0,1,28,38635,6,1,0,0,3,0,73,181,0,0,0,0,0,0,0,0,0,0,0,0,0,0,1,2,45,1,2,2,1,0,0,1,12,1,1,4,1,1,0
28,280444,1,1,1,1,10,22,12,1,0,1,0,28,2,23,421,23421,15,2002,1GKEC16ZX2J2,1,G,K,E,C,1,6,Z,X,2,J,2,0,T,GMC,CX1,4W,2,17,,2,0,1300,YUK,F,,,8,325,,,,B,4947,00,K,42,0,0,000000000,00000000000,0,0,0,1,0,0,0,0,0,0,0,999,0,1,9,0,13,6,2,1,0,0,0,1,28,38680,0,0,0,0,0,0,999,999,99,99,99,99,99,99,9999,99,9999,0,0,0,0,0,1,2,65,1,1,2,1,0,0,1,12,1,1,4,6,1,0
28,280445,1,1,1,2,10,5,0,35,0,1,0,28,2,20,481,20481,31,1998,1GCCS1948W81,1,G,C,C,S,1,9,4,8,W,8,1,0,T,CHEV,S14,PC,98,17,,1,0,1229,S,G,,,4,133,,,,B,3222,00,,42,0,0,000000000,00000000000,0,0,0,1,0,0,0,0,0,0,0,999,0,0,0,98,98,6,2,35,0,0,0,1,28,38852,6,1,0,0,3,1,68,130,0,0,0,0,0,0,0,0,0,0,58,0,0,0,1,2,55,1,2,2,1,0,0,1,12,1,1,4,1,1,0
28,280446,1,1,1,2,10,10,19,35,0,1,0,28,1,73,709,73709,80,2005,JKBVNMA175A0,J,K,B,V,N,M,A,1,7,5,A,0,0,M,KAWK,VNM,RS,5,17,,,,,,,2053,,2,,4,750,,,,,,,0,0,000000000,00000000000,0,0,0,1,0,0,0,0,0,0,0,999,0,0,0,98,98,6,2,35,0,0,0,1,28,39180,6,1,0,0,3,1,69,210,0,0,0,0,0,0,0,0,0,0,0,0,0,0,1,2,55,2,1,2,1,0,0,14,12,1,1,4,6,1,0
28,280447,1,1,3,2,10,16,29,32,0,1,0,28,1,18,20,18020,4,1999,2G4WB52K3X15,2,G,4,W,B,5,2,K,3,X,1,5,0,P,BUIC,RLL,4D,99,17,3439,,0,1090,,G,,F,6,231,,,15R215,,,,,,0,0,000000000,00000000000,0,0,0,1,0,0,0,0,0,0,0,50,0,0,0,12,12,6,2,32,0,0,0,1,28,39119,6,1,0,0,3,0,66,180,0,1,0,0,1,8,2010,1,2011,1,28,0,0,0,1,2,25,1,1,2,1,0,0,1,11,1,1,4,1,1,0
28,280448,1,1,1,2,10,17,35,32,0,1,0,28,1,12,3,12003,2,2006,1ZVFT82H6651,1,Z,V,F,T,8,2,H,6,6,5,1,0,P,FORD,MGT,CP,6,17,3483,,0,1071,,G,,F,8,281,,,17R235,,,,,,0,0,000000000,00000000000,0,0,0,1,0,0,0,0,0,0,0,998,0,0,0,12,12,6,2,34,0,0,0,1,28,39204,6,1,6,0,3,1,72,220,0,0,0,0,0,0,0,0,0,0,0,0,0,0,2,2,65,1,1,2,1,0,0,1,12,1,1,4,6,1,1
28,280449,1,1,1,2,10,17,49,8,0,1,0,28,2,20,2,20002,4,2006,2G1WT58K4693,2,G,1,W,T,5,8,K,4,6,9,3,0,P,CHEV,IMT,4D,6,17,3477,,0,1105,,F,,F,6,214,,,16R225,,,,,,0,0,000000000,00000000000,0,0,0,1,0,0,0,0,0,0,0,30,0,0,0,12,12,6,2,8,0,0,0,1,28,38606,0,0,0,0,0,0,999,999,99,99,99,99,99,99,9999,99,9999,0,0,0,0,0,1,2,45,4,1,2,1,0,0,14,80,98,1,2,13,0,0
28,280450,1,1,1,2,10,17,55,43,0,1,0,28,1,20,473,20473,30,2006,1GCDT1460683,1,G,C,D,T,1,4,6,0,6,8,3,0,T,CHEV,RDO,PK,6,17,,1,0,1113,CAL,G,,,5,214,,,,,3303,00,,44,0,0,000000000,00000000000,0,0,0,1,0,0,0,0,0,0,0,65,0,0,0,98,98,6,2,30,0,0,0,1,28,38917,6,1,0,0,3,0,71,140,0,0,0,1,1,8,2009,9,2009,0,0,0,0,0,1,2,35,1,1,2,1,0,0,1,11,1,1,4,1,1,0
28,280451,1,1,1,3,10,22,0,9,0,1,0,28,1,18,20,18020,4,1999,2G4WB52K7X10,2,G,4,W,B,5,2,K,7,X,1,0,0,P,BUIC,RLL,4D,99,17,3439,,0,1090,,G,,F,6,231,,,15R215,,,,,,0,0,000000000,00000000000,0,0,0,1,0,0,0,0,0,0,0,999,0,0,0,12,12,6,2,9,0,0,0,1,28,39401,6,1,0,0,3,1,66,200,0,0,0,0,0,0,0,0,0,0,0,0,0,0,2,2,70,1,1,2,1,0,0,1,83,1,1,2,13,0,0
28,280452,1,1,2,3,10,22,23,33,0,1,0,28,1,13,1,13001,4,2004,1LNHM81W64Y6,1,L,N,H,M,8,1,W,6,4,Y,6,0,P,LINC,EXS,4D,4,17,4359,,0,1177,,G,,F,8,281,,,000000,,,,,,0,0,000000000,00000000000,0,0,0,1,0,0,0,0,0,0,0,89,0,0,0,82,82,6,2,33,0,0,0,1,28,39530,6,1,0,0,3,0,72,175,0,0,0,0,0,0,0,0,0,1,0,0,0,0,1,2,30,1,1,2,1,0,0,1,12,1,1,4,1,1,1
28,280453,1,2,1,4,10,8,51,12,6,1,0,28,2,13,12,13012,4,2004,1LNHM86SX4Y6,1,L,N,H,M,8,6,S,X,4,Y,6,0,P,LINC,LLS,4D,4,17,3720,,0,1145,,G,,F,6,182,,,16R225,,,,,,0,0,000000000,00000000000,0,0,0,1,0,0,0,0,0,0,0,52,0,0,0,11,11,6,2,12,0,0,0,1,28,39562,6,1,0,0,3,1,81,245,0,0,0,0,0,0,0,0,0,0,0,0,0,0,2,2,65,1,1,2,1,3,3,1,55,1,1,2,86,0,0
28,280453,2,2,1,4,10,8,51,12,6,1,0,0,0,12,17,12017,4,2009,999999999999,9,9,9,9,9,9,9,9,9,9,9,9,0,,,,,,,,,,,,,,,,,,,,,,,,,0,0,000000000,00000000000,0,0,0,1,0,0,0,0,0,0,0,999,0,0,0,1,1,6,2,12,0,0,0,1,28,39562,6,1,0,0,3,0,70,200,0,0,0,0,1,4,2009,4,2009,0,38,39,0,0,2,2,65,1,1,2,1,0,0,1,17,1,1,1,87,1,0
28,280454,1,2,1,4,10,15,53,12,6,1,0,28,1,20,471,20471,30,1987,1GCCT14R6H22,1,G,C,C,T,1,4,R,6,H,2,2,0,T,CHEV,S14,PK,87,17,,1,1229,1083,S,G,,,6,173,,,,B,2838,01,,44,0,0,000000000,00000000000,0,0,0,1,0,0,0,0,0,0,0,25,0,0,0,11,11,6,2,12,0,0,0,1,28,38833,6,1,0,0,3,1,69,200,0,0,0,0,0,0,0,0,0,0,48,0,0,0,1,2,55,1,1,2,1,0,0,1,11,1,1,2,86,1,0
28,280454,2,2,1,4,10,15,53,12,6,1,0,28,1,49,472,49472,30,2000,4TANL42N8YZ6,4,T,A,N,L,4,2,N,8,Y,Z,6,0,T,TOYT,REG,PK,0,17,,1,0,1033,TAC,G,,,4,149,,,,B,2580,00,U,42,0,0,000000000,00000000000,0,0,0,1,0,0,0,0,0,0,0,55,0,0,0,1,1,6,2,12,0,0,0,1,28,38863,6,1,0,0,3,1,69,147,0,0,0,0,0,0,0,0,0,0,0,0,0,0,1,2,55,1,1,2,1,0,0,1,55,1,1,1,87,0,0
28,280455,1,4,1,5,10,5,55,12,1,1,0,28,1,63,31,63031,4,2001,KNAFB1218150,K,N,A,F,B,1,2,1,8,1,5,0,0,P,KIA,SPL,4D,1,17,2478,,0,1008,,G,,F,4,109,,,14R185,,,,,,0,0,000000000,00000000000,0,0,0,1,0,0,0,0,0,0,0,999,0,0,0,12,12,6,2,12,0,0,0,1,28,38611,6,1,0,0,3,0,65,210,0,0,0,0,0,0,0,0,0,0,0,0,0,0,2,2,70,1,1,2,1,0,0,1,11,1,1,1,24,0,0
28,280455,2,4,1,5,10,5,55,12,1,1,0,28,1,22,16,22016,2,1998,1G2JB1247W75,1,G,2,J,B,1,2,4,7,W,7,5,0,P,PONT,SFS,CP,98,17,2637,,0,1041,,G,,F,4,133,,,14R195,,,,,,0,0,000000000,00000000000,0,0,0,1,0,0,0,0,0,0,0,999,0,0,0,6,6,6,2,12,0,0,0,1,28,38685,6,1,6,0,3,1,69,195,0,0,0,0,0,0,0,0,0,1,26,0,0,0,2,2,70,1,1,2,1,0,0,1,10,2,1,1,26,0,0
28,280455,3,4,2,5,10,5,55,12,1,1,0,28,3,12,481,12481,31,2000,1FTSF30L5YEC,1,F,T,S,F,3,0,L,5,Y,E,C,0,T,FORD,F3S,PK,0,17,,2,0,1370,SRW,G,,,8,330,,,,D,4966,07,E,42,0,0,000000000,00000000000,0,0,0,1,0,0,0,0,0,0,0,999,0,0,0,6,5,6,2,12,0,0,0,1,28,38603,6,1,0,0,3,0,68,160,0,0,0,0,0,0,0,0,0,0,0,0,0,0,2,2,70,1,1,2,1,0,0,1,11,1,1,1,98,0,0
28,280455,4,4,1,5,10,5,55,12,1,1,0,18,3,84,884,84884,66,2007,2FWBA2CG17AW,2,F,W,B,A,2,C,G,1,7,A,W,1,T,STRG,A90,TR,7,17,,7,0,0,STE,D,,,6,774,,,,,00000,00,,42,1,56,241829,56241829,3,6,1,1,0,0,0,0,0,0,0,999,0,0,0,12,12,6,2,12,0,0,0,1,28,38654,6,1,6,0,3,1,68,230,0,0,0,0,0,0,0,0,0,1,0,0,0,0,2,2,70,1,1,2,1,0,0,1,11,2,1,1,98,1,0
28,280456,1,1,1,5,10,7,1,34,0,1,0,28,1,12,471,12471,30,1989,1FTCR10A8KUA,1,F,T,C,R,1,0,A,8,K,U,A,0,T,FORD,RNG,PK,89,17,,1,1140,1080,RNG,G,,,4,140,,,,B,2674,01,A,42,0,0,000000000,00000000000,0,0,0,1,0,0,0,0,0,0,0,50,0,0,0,62,62,6,2,30,0,0,0,1,28,39041,6,1,0,0,3,0,69,180,0,0,0,0,0,0,0,0,0,0,0,0,0,0,1,2,50,1,1,2,1,0,0,1,12,1,1,4,6,1,1
28,280457,1,1,1,5,10,15,31,42,0,1,0,28,2,35,47,35047,4,2005,1N4AL11D75N4,1,N,4,A,L,1,1,D,7,5,N,4,0,P,NISS,ASL,4D,5,17,2915,,0,1102,,G,,F,4,153,,,16R215,,,,,,0,0,000000000,00000000000,0,0,0,1,0,0,0,0,0,0,0,999,0,1,9,11,98,6,2,1,0,0,0,1,28,38663,6,1,0,0,3,0,69,150,0,0,0,0,0,0,0,0,0,0,0,0,0,0,1,2,55,4,3,2,1,0,0,14,11,1,1,4,1,1,0
28,280458,1,1,2,5,10,16,37,8,0,1,0,28,3,12,461,12461,21,2006,1FTRE14W86HA,1,F,T,R,E,1,4,W,8,6,H,A,0,T,FORD,15V,CG,6,17,,2,0,1380,VAN,G,,,8,281,,,,B,4773,00,E,42,0,0,000000000,00000000000,0,0,0,1,0,0,0,0,0,0,0,30,0,0,0,12,12,6,2,8,0,0,0,1,28,38635,6,1,0,0,3,0,70,160,0,0,0,0,0,0,0,0,0,0,0,0,0,0,2,2,35,1,2,2,1,0,0,1,80,1,1,1,13,0,0
28,280459,1,1,1,6,10,15,48,42,0,1,0,28,2,14,6,14006,4,2001,2MEFM74W61X6,2,M,E,F,M,7,4,W,6,1,X,6,0,P,MERC,GMG,4D,1,17,3927,,0,1147,,G,,F,8,281,,,16R225,,,,,,0,0,000000000,00000000000,0,0,0,1,0,0,0,0,0,0,0,999,0,1,9,12,13,6,2,1,0,0,0,1,28,39443,6,1,0,0,3,0,72,196,0,0,0,0,0,0,0,0,0,0,0,0,0,0,2,2,65,1,1,2,1,0,0,1,13,1,1,4,1,1,0
28,280460,1,1,2,7,10,8,30,8,0,1,0,28,1,49,41,49041,2,1991,JT2SW21N9M00,J,T,2,S,W,2,1,N,9,M,0,0,0,P,TOYT,MSR,CP,91,17,2758,,0,945,,G,,F,4,132,,,14R195,,,,,,0,0,000000000,00000000000,0,0,0,1,0,0,0,0,0,0,0,999,0,0,0,12,12,6,2,8,0,0,0,1,47,37066,0,0,0,0,0,0,999,999,99,99,99,99,99,99,9999,99,9999,0,0,0,0,0,2,2,45,1,1,2,1,0,0,1,80,1,1,1,13,0,0
28,280461,1,1,2,7,10,10,24,9,0,1,0,28,2,52,401,52401,14,2002,JA4MT21H42J0,J,A,4,M,T,2,1,H,4,2,J,0,0,P,MITS,MNS,UT,2,17,4105,,0,1073,,G,,F,6,181,,,15R235,,,,,,0,0,000000000,00000000000,0,0,0,1,0,0,0,0,0,0,0,55,0,0,0,12,12,6,2,9,0,0,0,1,28,38930,6,1,0,0,3,0,74,190,0,0,0,0,0,0,0,0,0,0,0,0,0,0,1,2,55,1,2,2,1,0,0,1,83,1,1,1,13,0,0
28,280462,1,2,1,11,8,22,5,12,2,1,0,28,1,23,421,23421,15,2000,1GKCS13W4Y23,1,G,K,C,S,1,3,W,4,Y,2,3,0,T,GMC,JMY,4W,0,17,,1,0,1070,JMY,G,,,6,262,,,,B,3720,00,E,42,0,0,000000000,00000000000,0,0,0,1,0,0,0,0,0,0,0,999,0,0,0,12,12,6,2,12,0,0,0,1,28,38834,6,1,0,0,3,0,63,140,0,0,0,0,0,0,0,0,0,0,0,0,0,0,1,2,55,1,1,2,1,0,0,1,62,1,1,2,50,0,0
28,280462,2,2,1,11,8,22,5,12,2,1,0,28,2,53,709,53709,80,1998,JS1GV75A7W21,J,S,1,G,V,7,5,A,7,W,2,1,0,M,SUZI,GSS,RS,98,17,,,,,,,1157,,4,,4,471,,,,,,,0,0,000000000,00000000000,0,0,0,1,0,0,0,0,0,0,0,999,0,0,0,12,12,6,2,12,0,0,0,1,28,38834,6,1,0,0,3,0,66,165,0,0,0,0,0,0,0,0,0,0,51,0,0,0,1,2,55,1,1,2,1,0,0,1,10,1,1,2,51,1,1
28,280463,1,1,1,11,9,1,13,34,0,1,0,28,2,18,2,18002,4,1988,1G4HR54C8JH4,1,G,4,H,R,5,4,C,8,J,H,4,0,P,BUIC,LLF,4D,88,17,3137,,0,1108,,G,,F,6,231,,,15R215,,,,,,0,0,000000000,00000000000,0,0,0,1,0,0,0,0,0,0,0,60,0,0,0,98,98,6,2,34,0,0,0,1,28,38963,0,0,0,0,0,0,999,999,99,99,99,99,99,99,9999,99,9999,0,58,0,0,0,1,2,25,1,1,2,1,0,0,1,12,1,1,4,6,1,0
28,280464,1,2,1,7,10,10,39,12,6,1,0,28,2,20,20,20020,2,1995,2G1WN52M6S11,2,G,1,W,N,5,2,M,6,S,1,1,0,P,CHEV,LLS,4D,95,17,3372,,0,1075,,G,,F,6,191,,,15R205,,,,,,0,0,000000000,00000000000,0,0,0,1,0,0,0,0,0,0,0,10,0,0,0,12,12,6,2,12,0,0,0,1,28,39759,6,1,0,0,3,1,61,186,0,0,0,0,0,0,0,0,0,0,38,39,0,0,2,2,65,1,1,2,1,20,3,1,17,1,1,2,86,1,0
28,280464,2,2,1,7,10,10,39,12,6,1,0,28,3,84,884,84884,66,1997,2HSFBAER3VC0,2,H,S,F,B,A,E,R,3,V,C,0,1,T,INTL,930,TR,97,17,,8,2400,1600,90S,D,,,6,855,,,,,00000,00,,64,1,56,175108,56175108,3,6,10,1,0,0,0,0,0,0,0,50,0,0,0,3,3,6,2,12,0,0,0,1,28,39090,6,1,6,0,3,0,66,148,0,0,0,0,0,0,0,0,0,0,0,0,0,0,2,2,65,1,1,2,1,20,3,1,55,1,1,2,87,0,0
28,280465,1,2,1,7,10,16,39,12,6,1,0,28,1,20,421,20421,15,2009,1GNFC23069R2,1,G,N,F,C,2,3,0,6,9,R,2,0,P,CHEV,CTA,UT,9,17,5265,,0,1160,,F,,F,8,323,,,17R265,,,,,,0,0,000000000,00000000000,0,0,0,1,0,0,0,0,0,0,0,40,0,0,0,12,12,6,2,12,0,0,0,1,28,39437,6,1,0,0,3,0,69,120,0,0,0,0,0,0,0,0,0,1,0,0,0,0,1,2,30,1,1,2,1,4,3,1,55,1,1,2,86,0,0
28,280465,2,2,2,7,10,16,39,12,6,1,0,28,1,7,472,7472,31,1993,1B7FL23X6PS2,1,B,7,F,L,2,3,X,6,P,S,2,0,T,DODG,DAK,PC,93,17,,1,0,1309,DAK,G,,,6,239,,,,B,3182,01,A,42,0,0,000000000,00000000000,0,0,0,1,0,0,0,0,0,0,0,999,0,0,0,5,5,6,2,12,0,0,0,1,28,39363,6,1,0,0,3,1,69,165,0,0,0,1,0,7,2011,7,2011,0,38,39,0,0,1,2,30,1,1,2,1,4,3,1,17,1,1,2,87,1,0
28,280466,1,2,2,7,10,19,22,12,6,1,0,28,1,12,481,12481,31,2010,1FTEW1E8XAFC,1,F,T,E,W,1,E,8,X,A,F,C,0,T,FORD,F1S,CW,10,17,,2,1570,1450,COF,G,,,8,281,,,,B,5345,00,7,44,0,0,000000000,00000000000,0,0,0,1,0,0,0,0,0,0,0,55,0,0,0,12,12,6,2,12,0,0,0,1,28,38655,6,1,0,0,3,1,71,165,0,0,0,0,0,0,0,0,0,0,0,0,0,0,1,2,55,1,1,2,1,0,0,1,55,1,1,2,86,0,1
28,280466,2,2,2,7,10,19,22,12,6,1,0,28,2,18,2,18002,4,1997,1G4HP52K4VH4,1,G,4,H,P,5,2,K,4,V,H,4,0,P,BUIC,LCF,4D,97,17,3446,,0,1108,,G,,F,6,231,,,15R205,,,,,,0,0,000000000,00000000000,0,0,0,1,0,0,0,0,0,0,0,999,0,0,0,3,3,6,2,12,0,0,0,1,28,38804,6,1,0,0,3,0,71,130,0,0,0,0,0,0,0,0,0,0,38,0,0,0,1,2,55,1,1,2,1,0,0,1,17,1,1,2,87,1,0
28,280467,1,2,1,8,10,16,28,12,1,1,0,28,1,55,33,55033,4,2005,KMHWF25S05A1,K,M,H,W,F,2,5,S,0,5,A,1,0,P,HYUN,SOL,4D,5,17,3181,,0,1063,,G,,F,4,143,,,16R205,,,,,,0,0,000000000,00000000000,0,0,0,1,0,0,0,0,0,0,0,999,0,0,0,12,12,6,2,12,0,0,0,1,28,39503,6,1,0,0,3,0,68,187,0,0,0,0,0,0,0,0,0,0,0,0,0,0,2,2,65,1,2,2,1,0,0,1,11,1,1,2,24,1,0
28,280467,2,2,1,8,10,16,28,12,1,1,0,28,1,49,472,49472,30,2004,5TEGM92N74Z4,5,T,E,G,M,9,2,N,7,4,Z,4,0,T,TOYT,DCP,CW,4,17,,1,0,1219,TAC,G,,,4,164,,,,B,3430,00,U,42,0,0,000000000,00000000000,0,0,0,1,0,0,0,0,0,0,0,65,0,0,0,6,6,6,2,12,0,0,0,1,28,39503,6,1,0,0,3,1,70,180,0,0,0,0,0,0,0,0,0,0,26,0,0,0,2,2,65,1,2,2,1,0,0,1,11,1,1,1,26,0,0
28,280468,1,2,1,8,10,21,5,12,7,1,0,28,1,53,709,53709,80,2007,JS1VY53A3721,J,S,1,V,Y,5,3,A,3,7,2,1,0,M,SUZI,ZR8,RS,7,17,,,,,,,1783,,2,,4,703,,,,,,,0,0,000000000,00000000000,0,0,0,1,0,0,0,0,0,0,0,999,0,0,0,9,9,6,2,12,0,0,0,1,28,39206,6,1,0,0,3,0,74,220,0,0,0,0,0,0,0,0,0,0,36,0,0,0,1,2,45,1,1,2,1,0,0,1,11,1,1,1,44,0,0
28,280468,2,2,1,8,10,21,5,12,7,1,0,28,2,72,709,72709,80,2003,1HD1FDV193Y7,1,H,D,1,F,D,V,1,9,3,Y,7,0,M,HD,FHR,RS,3,17,,,,,,,1450,,2,,4,723,,,,,,,0,0,000000000,00000000000,0,0,0,1,0,0,0,0,0,0,0,999,0,0,0,3,12,6,2,12,0,0,0,1,28,39208,6,1,6,0,3,0,62,220,0,0,0,0,0,0,0,0,0,0,0,0,0,0,1,2,45,1,1,2,1,0,0,1,10,1,1,2,45,1,1
28,280469,1,2,1,9,10,15,11,12,6,1,0,28,2,20,2,20002,4,2010,2G1WB5EK6A12,2,G,1,W,B,5,E,K,6,A,1,2,0,P,CHEV,IMT,4D,10,17,3555,,0,1105,,F,,F,6,214,,,16R225,,,,,,0,0,000000000,00000000000,0,0,0,1,0,0,0,0,0,0,0,5,0,0,0,2,2,6,2,12,0,0,0,1,28,39666,6,1,0,0,3,0,71,200,0,0,0,0,0,0,0,0,0,0,38,0,0,0,1,2,55,1,1,2,1,0,0,11,17,1,1,2,76,0,0
28,280469,2,2,1,9,10,15,11,12,6,1,0,28,1,72,709,72709,80,2006,1HD1FCW196Y6,1,H,D,1,F,C,W,1,9,6,Y,6,0,M,HD,FLU,RS,6,17,,,,,,,1450,,2,,4,788,,,,,,,0,0,000000000,00000000000,0,0,0,1,0,0,0,0,0,0,0,999,0,0,0,12,12,6,2,12,0,0,0,1,28,39629,6,1,0,0,3,0,71,220,0,0,0,0,0,0,0,0,0,0,0,0,0,0,1,2,55,1,1,2,1,0,0,1,17,1,1,2,77,1,0
28,280470,1,1,1,10,10,1,35,8,0,1,0,28,1,55,35,55035,4,2000,KMHJF35F0YU0,K,M,H,J,F,3,5,F,0,Y,U,0,0,P,HYUN,EGS,4D,0,17,2626,,0,1004,,G,,F,4,121,,,14R195,,,,,,0,0,000000000,00000000000,0,0,0,1,0,0,0,0,0,0,0,55,0,0,0,12,12,6,2,8,0,0,0,1,28,38683,6,1,0,0,3,0,61,135,0,0,0,0,0,0,0,0,0,0,0,0,0,0,1,2,55,1,3,2,1,0,0,1,80,1,1,2,13,0,0
28,280471,1,1,1,10,10,3,25,42,0,1,0,28,1,20,481,20481,31,2008,2GCEK13M8811,2,G,C,E,K,1,3,M,8,8,1,1,0,T,CHEV,SK1,CW,8,17,,2,0,1435,SIL,G,,,8,323,,,,B,5326,00,,44,0,0,000000000,00000000000,0,0,0,1,0,0,0,0,0,0,0,999,0,0,0,62,62,6,2,42,0,0,0,1,28,38765,6,1,0,0,3,0,72,220,0,0,0,0,0,0,0,0,0,1,0,0,0,0,1,2,45,1,1,2,1,0,0,1,12,1,1,4,6,1,1
28,280472,1,2,1,10,10,8,49,12,6,1,0,28,2,86,884,86884,66,1960,B61T28528,B,6,1,T,2,8,5,2,8,,,,1,T,MACK,,,60,9,,,,,,,,,,,,,,,,,,,1,56,724604,56724604,3,6,8,1,0,0,0,0,0,0,0,55,0,0,0,12,12,6,2,12,0,0,0,1,28,38650,6,1,6,0,3,0,69,135,0,0,0,1,0,6,2011,6,2011,0,0,0,0,0,1,2,55,1,1,2,1,20,3,1,17,1,1,2,75,0,0
28,280472,2,2,1,10,10,8,49,12,6,1,0,28,1,7,471,7471,30,1986,1B7HW14T8GS0,1,B,7,H,W,1,4,T,8,G,S,0,0,T,DODG,W15,PK,86,17,,2,1310,1150,W15,G,,,8,318,,,,B,3965,09,A,44,0,0,000000000,00000000000,0,0,0,1,0,0,0,0,0,0,0,25,0,0,0,3,3,6,2,12,0,0,0,1,28,38650,6,2,0,0,3,0,66,200,0,0,0,0,0,0,0,0,0,0,38,39,0,0,1,2,55,1,1,2,1,20,3,11,55,1,1,2,75,1,0
28,280473,1,2,1,10,10,12,50,12,2,1,0,28,1,6,52,6052,6,2008,3A8FY48B68T1,3,A,8,F,Y,4,8,B,6,8,T,1,0,P,CHRY,PTC,SV,8,17,3076,,0,1030,,G,,F,4,148,,,15R195,,,,,,0,0,000000000,00000000000,0,0,0,1,0,0,0,0,0,0,0,45,0,0,0,12,12,6,2,12,0,0,0,1,28,39059,6,1,0,0,3,0,61,165,0,1,1,2,0,6,2009,2,2011,0,0,0,0,0,1,2,45,1,1,2,1,0,0,1,62,1,1,1,50,1,0