STATE,ST_CASE,VEH_NO,VE_FORMS,NUMOCCS,DAY,MONTH,HOUR,MINUTE,HARM_EV,MAN_COLL,UNITTYPE,HIT_RUN,REG_STAT,OWNER,MAKE,MODEL,MAK_MOD,BODY_TYP,MOD_YEAR,VIN,VIN_1,VIN_2,VIN_3,VIN_4,VIN_5,VIN_6,VIN_7,VIN_8,VIN_9,VIN_10,VIN_11,VIN_12,TOW_VEH,VINTYPE,VINMAKE,VINA_MOD,VIN_BT,VINMODYR,VIN_LNGT,VIN_WGT,WGTCD_TR,WHLBS_LG,WHLBS_SH,SER_TR,FUELCODE,MCYCL_DS,CARBUR,CYLINDER,DISPLACE,MCYCL_CY,MCYCL_WT,TIRE_SZE,TON_RAT,TRK_WT,TRKWTVAR,VIN_REST,WHLDRWHL,J_KNIFE,MCARR_I1,MCARR_I2,MCARR_ID,GVWR,V_CONFIG,CARGO_BT,HAZ_INV,HAZ_PLAC,HAZ_ID,HAZ_CNO,HAZ_REL,BUS_USE,SPEC_USE,EMER_USE,TRAV_SP,UNDERIDE,ROLLOVER,ROLINLOC,IMPACT1,IMPACT2,DEFORMED,TOWED,M_HARM,VEH_SC1,VEH_SC2,FIRE_EXP,DR_PRES,L_STATE,DR_ZIP,L_STATUS,L_TYPE,CDL_STAT,L_ENDORS,L_COMPL,L_RESTRI,DR_HGT,DR_WGT,PREV_ACC,PREV_SUS,PREV_DWI,PREV_SPD,PREV_OTH,FIRST_MO,FIRST_YR,LAST_MO,LAST_YR,SPEEDREL,DR_SF1,DR_SF2,DR_SF3,DR_SF4,VTRAFWAY,VNUM_LAN,VSPD_LIM,VALIGN,VPROFILE,VPAVETYP,VSURCOND,VTRAFCON,VTCONT_F,P_CRASH1,P_CRASH2,P_CRASH3,PCRASH4,PCRASH5,ACC_TYPE,DEATHS,DR_DRINK
28,280508,1,1,1,9,11,14,50,42,0,1,0,28,2,23,481,23481,31,2001,1GTEK14T21Z2,1,G,T,E,K,1,4,T,2,1,Z,2,0,T,GMC,NK1,PK,1,17,,2,1330,1190,SIE,G,,,8,325,,,,B,4245,00,U,44,0,0,000000000,00000000000,0,0,0,1,0,0,0,0,0,0,0,999,0,0,0,12,98,6,2,42,0,0,0,1,28,38873,6,1,0,0,3,1,72,200,0,0,0,0,0,0,0,0,0,0,0,0,0,0,1,2,55,1,2,2,1,0,0,1,13,1,1,4,1,1,0
28,280509,1,1,4,10,11,10,3,1,0,1,0,28,1,35,39,35039,4,2001,JN1CA31D41T8,J,N,1,C,A,3,1,D,4,1,T,8,0,P,NISS,M20,4D,1,17,3071,,0,1083,,G,,F,6,182,,,15R205,,,,,,0,0,000000000,00000000000,0,0,0,1,0,0,0,0,0,0,0,70,0,1,9,0,13,6,2,1,0,0,0,1,28,39440,6,1,0,0,3,0,59,134,0,0,0,0,0,0,0,0,0,0,80,0,0,0,2,2,70,1,1,2,1,0,0,1,12,1,1,5,1,1,0
28,280510,1,2,1,11,11,12,10,12,6,1,0,28,3,12,471,12471,30,1997,1FTCR10A3VUC,1,F,T,C,R,1,0,A,3,V,U,C,0,T,FORD,RNG,PK,97,17,,1,1140,1080,RNG,G,,,4,140,,,,B,2970,01,E,42,0,0,000000000,00000000000,0,0,0,1,0,0,0,0,0,0,0,999,0,0,0,11,11,6,2,12,0,0,0,1,28,38732,6,1,0,0,3,0,77,395,0,0,0,0,0,0,0,0,0,0,38,39,0,0,1,2,55,1,1,2,1,20,3,1,17,1,1,2,86,0,0
28,280510,2,2,1,11,11,12,10,12,6,1,0,28,1,12,401,12401,14,1999,1FMZU32E2XZA,1,F,M,Z,U,3,2,E,2,X,Z,A,0,P,FORD,EPR,UT,99,17,3891,,0,1116,,G,,F,6,245,,,15R225,,,,,,0,0,000000000,00000000000,0,0,0,1,0,0,0,0,0,0,0,999,0,0,0,1,10,6,2,12,0,0,0,1,28,38771,6,1,0,0,3,1,68,194,0,0,0,0,0,0,0,0,0,0,0,0,0,0,1,2,55,1,1,2,1,20,3,1,17,1,1,2,87,1,0
28,280511,1,1,1,12,11,14,52,43,0,1,0,22,1,37,709,37709,80,2004,1HASC43064A4,1,H,A,S,C,4,3,0,6,4,A,4,0,M,HOND,VT2,RS,4,17,,,,,,,1099,,2,,4,573,,,,,,,0,0,000000000,00000000000,0,0,0,1,0,0,0,0,0,0,0,999,0,0,0,12,12,6,2,43,0,0,0,1,22,70706,6,1,0,0,3,0,64,120,0,0,0,0,0,0,0,0,0,0,0,0,0,0,1,2,55,2,2,2,1,0,0,14,10,1,1,4,1,1,0
28,280512,1,1,1,14,11,11,41,1,0,1,0,28,1,12,442,12442,20,1997,2FMDA5142VBD,2,F,M,D,A,5,1,4,2,V,B,D,0,T,FORD,WWG,ES,97,17,,1,0,1207,WIN,G,,,6,232,,,,B,3710,02,E,42,0,0,000000000,00000000000,0,0,0,1,0,0,0,0,0,0,0,999,0,1,9,0,13,6,2,1,0,0,0,1,28,39301,6,1,0,0,3,0,64,150,0,0,0,0,0,0,0,0,0,0,58,0,0,0,1,2,45,2,3,2,1,0,0,14,13,1,1,4,1,1,0
28,280513,1,1,1,14,11,18,11,8,0,1,0,0,0,98,884,98884,66,1997,999999999999,9,9,9,9,9,9,9,9,9,9,9,9,1,,,,,,,,,,,,,,,,,,,,,,,,,1,56,1728586,561728586,3,6,98,1,0,0,0,0,0,0,0,55,0,0,0,12,12,6,2,8,0,0,0,1,28,39330,6,1,6,0,3,0,68,225,0,0,0,0,0,0,0,0,0,0,0,0,0,0,1,2,55,1,1,2,1,0,0,1,80,1,1,1,13,0,0
28,280514,1,1,1,15,11,13,46,42,0,1,0,28,1,49,482,49482,31,2003,5TBRN34143S4,5,T,B,R,N,3,4,1,4,3,S,4,0,T,TOYT,TT5,4C,3,17,,1,0,1283,TUN,G,,,6,206,,,,B,4320,00,U,42,0,0,000000000,00000000000,0,0,0,1,0,0,0,0,0,0,0,999,0,0,0,12,12,6,2,42,0,0,0,1,28,39175,6,1,0,0,3,0,66,195,0,0,0,1,0,3,2009,3,2009,1,0,0,0,0,1,2,40,2,1,2,2,0,0,14,12,1,1,4,1,1,0
28,280515,1,2,1,16,11,20,43,12,6,1,0,1,1,34,35,34035,4,1999,WBADM633XXBY,W,B,A,D,M,6,3,3,X,X,B,Y,0,P,BMW,52A,4D,99,17,3549,,0,1114,,G,,F,6,170,,,15R225,,,,,,0,0,000000000,00000000000,0,0,0,1,0,0,0,0,0,0,0,15,0,0,0,9,9,6,2,12,0,0,0,1,1,35223,6,1,0,0,3,0,70,185,0,0,0,0,0,0,0,0,0,0,38,39,0,0,2,2,45,1,1,2,1,20,3,1,17,1,1,2,86,1,0
28,280515,2,2,2,16,11,20,43,12,6,1,0,18,3,82,884,82884,66,1998,1FUYDSZB8WL9,1,F,U,Y,D,S,Z,B,8,W,L,9,1,T,FRHT,FLD,TR,98,17,,8,0,0,CON,D,,,6,774,,,,,00000,00,,64,1,56,125550,56125550,3,6,1,1,0,0,0,0,0,0,0,30,0,0,0,1,1,6,2,12,0,0,0,1,28,39401,6,1,6,0,3,0,72,205,0,0,0,0,0,0,0,0,0,0,0,0,0,0,2,2,45,1,1,2,1,0,0,1,17,1,1,2,87,0,0
28,280516,1,1,1,17,11,20,37,9,0,1,0,28,2,20,481,20481,31,1981,1GCDC14HXBF3,1,G,C,D,C,1,4,H,X,B,F,3,0,T,CHEV,C10,PK,81,17,,1,1315,1175,C10,G,,,8,305,,,,B,3348,02,,42,0,0,000000000,00000000000,0,0,0,1,0,0,0,0,0,0,0,999,0,0,0,12,12,6,2,9,0,0,0,1,28,39213,6,1,0,0,3,0,70,150,0,0,0,0,0,0,0,0,0,0,0,0,0,0,2,3,35,1,1,2,1,0,0,1,83,1,1,1,13,0,0
28,280517,1,1,2,18,11,15,4,1,0,1,0,28,2,20,422,20422,15,2004,1GNEC16Z74J1,1,G,N,E,C,1,6,Z,7,4,J,1,0,P,CHEV,C15,UT,4,17,4947,,0,1300,,F,,F,8,325,,,16R265,,,,,,0,0,000000000,00000000000,0,0,0,1,0,0,0,0,0,0,0,999,0,1,9,0,12,6,2,1,0,0,0,1,28,38801,6,2,0,0,3,0,64,113,0,0,0,0,0,0,0,0,0,0,0,0,0,0,2,2,55,1,1,2,1,0,0,1,11,1,1,4,1,1,0
28,280518,1,1,1,18,11,17,56,8,0,1,0,28,1,20,2,20002,4,2005,2G1WF52E3593,2,G,1,W,F,5,2,E,3,5,9,3,0,P,CHEV,IMP,4D,5,17,3389,,0,1105,,G,,F,6,207,,,16R225,,,,,,0,0,000000000,00000000000,0,0,0,1,0,0,0,0,0,0,0,35,0,0,0,12,12,6,2,8,0,0,0,1,28,38722,6,1,0,0,3,0,66,280,0,0,0,0,0,0,0,0,0,0,0,0,0,0,1,2,35,1,1,2,1,0,0,1,80,1,1,2,13,0,0
28,280519,1,3,1,18,11,20,50,12,2,1,0,28,1,49,40,49040,4,1996,4T1BG12K8TU7,4,T,1,B,G,1,2,K,8,T,U,7,0,P,TOYT,DLX,4D,96,17,2932,,0,1031,,G,,F,4,132,,,14R195,,,,,,0,0,000000000,00000000000,0,0,0,1,0,0,0,0,0,0,0,999,0,0,0,12,12,6,2,12,0,0,0,1,5,72390,6,1,0,0,3,0,68,165,0,0,0,0,0,0,0,0,0,0,28,0,0,0,2,2,55,1,1,2,1,0,0,1,11,1,1,2,50,1,0
28,280519,2,3,2,18,11,20,50,12,2,1,0,5,1,20,481,20481,31,1996,1GCCS14X3T81,1,G,C,C,S,1,4,X,3,T,8,1,0,T,CHEV,S14,PK,96,17,,1,1179,1083,S,G,,,6,262,,,,B,2822,01,,42,0,0,000000000,00000000000,0,0,0,1,0,0,0,0,0,0,0,999,0,0,0,12,12,6,2,12,0,0,0,1,5,72390,6,1,0,0,3,0,71,220,0,0,0,0,0,0,0,0,0,0,0,0,0,0,2,2,55,1,1,2,1,0,0,1,10,1,1,2,51,0,0
28,280519,3,3,1,18,11,20,50,12,2,1,0,5,1,6,43,6043,4,2006,1C3EL56R86N1,1,C,3,E,L,5,6,R,8,6,N,1,0,P,CHRY,STO,4D,6,17,3093,,0,1080,,G,,F,6,165,,,16R205,,,,,,0,0,000000000,00000000000,0,0,0,1,0,0,0,0,0,0,0,55,0,0,0,12,12,6,2,12,0,0,0,1,5,72360,6,1,0,0,3,0,64,122,0,0,0,0,0,0,0,0,0,0,0,0,0,0,2,2,55,1,1,2,1,0,0,1,11,1,1,2,98,0,0
28,280520,1,1,2,19,11,3,2,1,0,1,0,28,2,35,39,35039,4,2002,JN1DA31D32T2,J,N,1,D,A,3,1,D,3,2,T,2,0,P,NISS,MGS,4D,2,17,3103,,0,1083,,G,,F,6,214,,,16R215,,,,,,0,0,000000000,00000000000,0,0,0,1,0,0,0,0,0,0,0,999,0,1,9,0,13,6,2,1,0,0,0,1,28,39421,6,1,0,0,3,0,70,160,0,1,1,0,0,8,2010,11,2010,0,0,0,0,0,2,2,45,1,2,2,1,0,0,1,10,1,1,4,1,1,0
28,280521,1,1,1,20,11,9,44,30,0,1,0,28,1,12,481,12481,31,2002,1FTZR45E02PB,1,F,T,Z,R,4,5,E,0,2,P,B,0,T,FORD,RNS,4C,2,17,,1,0,1259,RNG,G,,,6,245,,,,B,3760,03,E,44,0,0,000000000,00000000000,0,0,0,1,0,0,0,0,0,0,0,999,0,0,0,12,12,6,2,30,0,0,0,1,28,39083,6,1,0,0,3,0,67,130,0,0,0,0,0,0,0,0,0,0,0,0,0,0,1,2,45,1,1,2,2,0,0,1,12,1,1,4,6,1,0
28,280522,1,1,1,21,11,18,4,1,0,1,0,28,1,12,481,12481,31,2001,1FTRW07W41KF,1,F,T,R,W,0,7,W,4,1,K,F,0,T,FORD,F1S,CW,1,17,,2,0,1385,COF,G,,,8,281,,,,B,4581,01,E,42,0,0,000000000,00000000000,0,0,0,1,0,0,0,0,0,0,0,999,0,1,9,0,13,6,2,1,0,0,0,1,28,39059,6,1,0,0,3,0,70,165,0,0,0,0,0,0,0,0,0,1,0,0,0,0,1,2,50,2,1,2,1,0,0,14,12,1,1,4,6,1,1
28,280523,1,3,1,22,11,10,0,12,2,1,0,28,1,49,51,49051,4,2008,JTDBT9233812,J,T,D,B,T,9,2,3,3,8,1,2,0,P,TOYT,YAR,4D,8,17,2293,,0,969,,G,,F,4,091,,,14R175,,,,,,0,0,000000000,00000000000,0,0,0,1,0,0,0,0,0,0,0,999,0,0,0,12,12,6,2,12,0,0,0,1,28,38771,6,1,0,0,3,0,71,170,0,0,0,1,0,5,2011,5,2011,0,51,0,0,0,1,2,45,1,1,2,2,0,0,1,11,1,1,2,50,1,0
28,280523,2,3,1,22,11,10,0,12,2,1,0,28,3,87,884,87884,66,2001,1XP5DB9X71N5,1,X,P,5,D,B,9,X,7,1,N,5,1,T,PTRB,379,TR,1,17,,8,0,0,CON,D,,,6,893,,,,,00000,00,,64,1,56,1428351,561428351,3,6,3,1,0,0,0,0,0,0,0,55,0,0,0,12,12,6,2,12,0,0,0,1,28,39475,6,1,6,0,3,0,77,330,0,0,0,0,0,0,0,0,0,0,0,0,0,0,1,2,45,1,1,2,2,0,0,1,62,1,1,2,51,0,0
28,280523,3,3,1,22,11,10,0,12,2,1,0,28,1,35,473,35473,31,2004,1N6AA07AX4N5,1,N,6,A,A,0,7,A,X,4,N,5,0,T,NISS,TXS,CW,4,17,,2,0,1398,TTN,G,,,8,342,,,,C,4658,03,E,42,0,0,000000000,00000000000,0,0,0,1,0,0,0,0,0,0,0,999,0,0,0,12,12,6,2,12,0,0,0,1,28,38966,6,1,6,0,3,0,69,220,0,0,0,1,0,4,2009,4,2009,0,0,0,0,0,1,2,45,1,1,2,2,0,0,1,11,1,1,2,98,1,0
28,280524,1,1,1,24,11,0,29,30,0,1,0,22,1,6,43,6043,4,2004,4C3AG52H04E0,4,C,3,A,G,5,2,H,0,4,E,0,0,P,CHRY,SLT,CP,4,17,3104,,0,1037,,G,,F,6,181,,,17R215,,,,,,0,0,000000000,00000000000,0,0,0,1,0,0,0,0,0,0,0,998,0,0,0,98,98,6,2,30,0,0,0,1,28,39443,6,1,0,0,3,0,72,195,0,1,1,0,0,11,2010,2,2011,0,0,0,0,0,1,2,35,1,2,2,1,0,0,1,13,1,1,4,1,1,1
28,280525,1,1,2,24,11,7,30,1,0,1,0,28,2,18,20,18020,4,1999,2G4WB52K1X14,2,G,4,W,B,5,2,K,1,X,1,4,0,P,BUIC,RLL,4D,99,17,3439,,0,1090,,G,,F,6,231,,,15R215,,,,,,0,0,000000000,00000000000,0,0,0,1,0,0,0,0,0,0,0,999,0,1,9,0,13,6,2,1,0,0,0,1,28,39452,0,0,0,0,0,0,999,999,99,99,99,99,99,99,9999,99,9999,0,58,0,0,0,1,2,45,3,1,2,1,0,0,14,12,1,1,4,1,1,1
28,280526,1,2,4,25,11,19,20,12,6,1,0,28,2,21,21,21021,2,1999,1G3NL12TXXC3,1,G,3,N,L,1,2,T,X,X,C,3,0,P,OLDS,A/G,CP,99,17,2963,,0,1070,,G,,F,4,146,,,15R215,,,,,,0,0,000000000,00000000000,0,0,0,1,0,0,0,0,0,0,0,0,0,0,0,11,11,6,2,12,0,0,0,1,28,39428,6,1,0,0,3,1,68,162,0,1,1,0,0,7,2010,10,2010,0,38,39,0,0,2,2,65,1,1,2,1,20,3,5,17,1,1,2,86,1,0
28,280526,2,2,1,25,11,19,20,12,6,1,0,28,3,82,884,82884,66,2005,1FUJA6CKX5LN,1,F,U,J,A,6,C,K,X,5,L,N,1,T,FRHT,COL,TR,5,17,,8,0,0,CON,D,,,6,858,,,,,00000,00,,64,1,56,57142,5657142,3,19,1,1,0,0,0,0,0,0,0,65,0,0,0,1,1,6,2,12,0,0,0,1,28,39168,6,1,6,0,3,0,72,200,0,0,0,0,0,0,0,0,0,0,0,0,0,0,2,2,65,1,1,2,1,20,3,1,17,1,1,2,87,0,0
28,280527,1,1,2,26,11,1,43,35,0,1,0,28,2,12,481,12481,31,1998,1FTZR15U7WPB,1,F,T,Z,R,1,5,U,7,W,P,B,0,T,FORD,RNS,PC,98,17,,1,0,1259,RNG,G,,,6,182,,,,B,3597,00,E,44,0,0,000000000,00000000000,0,0,0,1,0,0,0,0,0,0,0,998,0,1,9,12,13,6,2,1,0,0,0,1,28,39120,6,1,0,0,3,0,64,125,0,0,0,1,1,10,2009,2,2011,1,0,0,0,0,1,2,45,1,1,2,1,0,0,1,12,1,1,4,6,1,0
28,280528,1,1,1,27,11,8,15,42,0,1,0,28,1,49,40,49040,4,1994,JT2SK12E1R02,J,T,2,S,K,1,2,E,1,R,0,2,0,P,TOYT,CLE,4D,94,17,3086,,0,1031,,G,,F,4,132,,,14R195,,,,,,0,0,000000000,00000000000,0,0,0,1,0,0,0,0,0,0,0,35,0,0,0,10,98,6,2,42,0,0,0,1,28,39476,6,1,0,0,3,1,60,160,0,0,0,0,0,0,0,0,0,0,0,0,0,0,1,2,35,1,1,2,2,0,0,1,13,1,1,4,1,1,0
28,280530,1,1,1,30,11,1,0,1,0,1,0,28,1,12,481,12481,31,2005,1FTSW21P35EB,1,F,T,S,W,2,1,P,3,5,E,B,0,T,FORD,F2S,CW,5,17,,2,1724,1562,SRW,D,,,8,366,,,,C,6538,00,E,44,0,0,000000000,00000000000,0,0,0,1,0,0,0,0,0,0,0,999,0,1,9,0,13,6,2,1,0,0,0,1,28,38863,6,1,0,0,3,0,70,185,0,1,1,0,0,7,2009,12,2009,0,0,0,0,0,1,2,55,3,2,2,1,0,0,14,12,1,1,4,6,1,1
28,280531,1,1,1,30,11,20,46,23,0,1,0,28,1,21,21,21021,2,2004,1G3NL12F64C1,1,G,3,N,L,1,2,F,6,4,C,1,0,P,OLDS,A/G,CP,4,17,2950,,0,1070,,G,,F,4,134,,,15R215,,,,,,0,0,000000000,00000000000,0,0,0,1,0,0,0,0,0,0,0,998,0,0,0,12,12,6,2,23,0,0,0,1,28,38651,6,1,0,0,3,0,62,115,0,0,0,0,1,4,2010,4,2010,1,0,0,0,0,1,2,25,2,2,2,1,0,0,14,13,1,1,4,1,1,0
28,280532,1,1,1,13,7,12,52,42,0,1,0,28,1,18,3,18003,4,1995,1G4CW52K8SH6,1,G,4,C,W,5,2,K,8,S,H,6,0,P,BUIC,PKA,4D,95,17,3532,,0,1108,,G,,F,6,231,,,15R205,,,,,,0,0,000000000,00000000000,0,0,0,1,0,0,0,0,0,0,0,999,0,0,0,12,12,6,2,42,0,0,0,1,28,38852,6,1,0,0,3,0,66,135,0,0,0,0,0,0,0,0,0,0,0,0,0,0,1,2,35,1,1,2,1,20,3,1,12,1,1,4,1,1,0
28,280533,1,1,2,2,8,0,18,35,0,1,0,28,1,35,47,35047,4,2005,1N4BL11E25N9,1,N,4,B,L,1,1,E,2,5,N,9,0,P,NISS,ASR,4D,5,17,3101,,0,1102,,G,,F,6,214,,,17R215,,,,,,0,0,000000000,00000000000,0,0,0,1,0,0,0,0,0,0,0,999,0,1,9,12,13,6,2,1,0,0,0,1,28,38843,6,1,0,0,3,0,71,175,0,0,0,1,0,4,2009,4,2009,0,0,0,0,0,1,2,45,1,2,2,1,0,0,1,12,1,1,4,6,1,0
28,280534,1,1,1,1,12,2,36,35,0,1,0,28,1,20,481,20481,31,2002,2GCEK19T2212,2,G,C,E,K,1,9,T,2,2,1,2,0,T,CHEV,SK1,4C,2,17,,2,1575,1435,SIL,G,,,8,325,,,,B,4910,02,,44,0,0,000000000,00000000000,0,0,0,1,0,0,0,0,0,0,0,55,0,0,0,98,12,6,2,35,0,0,0,1,28,39464,6,1,0,0,3,0,65,120,0,0,0,0,0,0,0,0,0,0,0,0,0,0,1,2,55,1,1,2,1,0,0,1,12,1,1,4,6,1,0
28,280535,1,1,1,2,12,14,6,42,0,1,0,28,1,49,40,49040,4,2009,4T1BE46K39U3,4,T,1,B,E,4,6,K,3,9,U,3,0,P,TOYT,CBA,4D,9,17,3263,,0,1090,,G,,F,4,144,,,16R215,,,,,,0,0,000000000,00000000000,0,0,0,1,0,0,0,0,0,0,0,999,0,0,0,98,12,6,2,42,0,0,0,1,28,39452,6,1,0,0,3,0,65,115,0,0,0,0,0,0,0,0,0,0,0,0,0,0,1,2,55,1,1,2,1,0,0,1,12,1,1,4,6,1,1
28,280536,1,1,1,5,12,10,7,34,0,1,0,28,2,49,471,49471,30,1989,JT4RN01P9K70,J,T,4,R,N,0,1,P,9,K,7,0,0,T,TOYT,SWD,PK,89,17,,1,0,1030,HTP,G,,,4,144,,,,B,00000,00,A,44,0,0,000000000,00000000000,0,0,0,1,0,0,0,0,0,0,0,998,0,0,0,12,12,6,2,42,0,0,0,1,28,38663,6,1,0,0,3,0,66,119,0,0,0,0,0,0,0,0,0,0,0,0,0,0,1,2,55,2,2,2,2,0,0,14,13,1,1,4,1,1,0
28,280537,1,1,1,6,12,14,41,8,0,1,0,28,1,20,481,20481,31,2000,2GCEK19T6Y12,2,G,C,E,K,1,9,T,6,Y,1,2,0,T,CHEV,SK1,3C,0,17,,2,1575,1435,SIL,G,,,8,325,,,,B,4621,02,,44,0,0,000000000,00000000000,0,0,0,1,0,0,0,0,0,0,0,60,0,0,0,12,12,6,2,8,0,0,0,1,28,38650,6,1,0,0,3,0,70,135,0,0,0,0,0,0,0,0,0,0,0,0,0,0,1,2,55,1,1,2,1,20,3,1,80,1,1,1,13,0,0
28,280538,1,1,1,6,12,17,32,24,0,1,0,28,1,12,481,12481,31,2003,1FTYR10E73PB,1,F,T,Y,R,1,0,E,7,3,P,B,0,T,FORD,RNG,PK,3,17,,1,1175,1116,RNG,G,,,6,245,,,,B,3085,03,U,42,0,0,000000000,00000000000,0,0,0,1,0,0,0,0,0,0,0,999,0,1,6,11,13,6,2,1,0,0,0,1,28,39429,6,1,6,0,3,1,69,154,0,0,0,0,0,0,0,0,0,0,0,0,0,0,1,2,55,1,1,2,2,0,0,1,12,1,1,4,6,1,0
28,280539,1,2,1,7,12,13,27,12,8,1,0,28,3,84,884,84884,66,2007,1HSXRSCR67J4,1,H,S,X,R,S,C,R,6,7,J,4,1,T,INTL,59I,TR,7,17,,8,0,0,590,D,,,6,928,,,,,00000,00,,64,1,56,701657,56701657,3,6,10,1,0,0,0,0,0,0,0,999,0,0,0,3,3,6,2,12,0,0,0,1,28,39367,6,1,6,0,3,1,68,170,0,0,0,0,0,0,0,0,0,0,28,0,0,0,1,2,55,1,1,2,1,0,0,1,11,1,1,2,64,1,0
28,280539,2,2,1,7,12,13,27,12,8,1,0,28,3,82,884,82884,66,2007,1FUJALCV47DY,1,F,U,J,A,L,C,V,4,7,D,Y,1,T,FRHT,FLD,TR,7,17,,8,0,0,CON,D,,,6,782,,,,,00000,00,,64,1,56,703747,56703747,3,6,10,1,0,0,0,0,0,0,0,999,0,0,0,3,3,6,2,12,0,0,0,1,28,39355,6,1,6,0,3,0,67,150,0,0,0,0,0,0,0,0,0,0,0,0,0,0,1,2,55,1,1,2,1,0,0,1,11,1,1,2,65,0,0
28,280540,1,1,1,1,11,9,24,42,0,1,0,28,1,35,473,35473,31,2004,1N6AA06A64N5,1,N,6,A,A,0,6,A,6,4,N,5,0,T,NISS,TXS,PC,4,17,,2,0,1398,TTN,G,,,8,342,,,,C,4603,03,E,42,0,0,000000000,00000000000,0,0,0,1,0,0,0,0,0,0,0,999,0,0,0,12,12,6,2,42,0,0,0,1,28,39120,6,1,0,0,3,0,70,195,0,0,0,0,0,0,0,0,0,0,58,0,0,0,2,2,65,1,1,2,1,0,0,1,12,1,1,4,1,1,0
28,280541,1,2,1,8,12,8,14,12,6,1,0,28,3,86,884,86884,66,2007,1M2AT04C17M0,1,M,2,A,T,0,4,C,1,7,M,0,1,T,MACK,CTP,CC,7,17,,8,0,0,700,D,,,6,659,,,,,00000,00,,64,1,56,1270862,561270862,3,19,7,1,0,0,0,0,0,0,0,5,0,0,0,11,11,6,2,12,0,0,0,1,28,39335,6,1,6,0,3,0,69,185,0,0,0,0,0,0,0,0,0,0,0,0,0,0,1,2,55,1,1,2,1,20,3,11,10,1,1,2,72,0,0
28,280541,2,2,5,8,12,8,14,12,6,1,0,28,1,12,481,12481,31,1995,1FTJW35F2SEA,1,F,T,J,W,3,5,F,2,S,E,A,0,T,FORD,F35,CW,95,17,,2,0,1680,COF,D,,,8,444,,,,D,5224,00,A,42,0,0,000000000,00000000000,0,0,0,1,0,0,0,0,0,0,0,999,0,0,0,12,12,6,2,12,0,0,0,1,28,39452,6,1,0,0,3,0,74,150,0,0,0,0,0,0,0,0,0,0,33,0,0,0,1,2,55,1,1,2,1,20,3,1,11,1,1,2,73,1,0
28,280542,1,2,1,12,12,12,16,12,2,1,0,28,1,12,481,12481,31,1980,F10ENGD1593,F,1,0,E,N,G,D,1,5,9,3,,0,T,FORD,F10,PK,80,11,,1,1610,1170,COF,G,,,6,300,,,,B,3309,01,,42,0,0,000000000,00000000000,0,0,0,1,0,0,0,0,0,0,0,35,0,0,0,12,12,6,2,12,0,0,0,1,28,39073,6,1,0,0,3,0,73,230,0,0,0,0,0,0,0,0,0,0,0,0,0,0,1,2,50,2,1,2,1,0,0,14,62,1,1,2,50,0,0
28,280542,2,2,1,12,12,12,16,12,2,1,0,28,1,72,709,72709,80,2004,1HD1BJY124Y0,1,H,D,1,B,J,Y,1,2,4,Y,0,0,M,HD,STC,RS,4,17,,,,,,,1450,,2,,4,696,,,,,,,0,0,000000000,00000000000,0,0,0,1,0,0,0,0,0,0,0,999,0,0,0,12,12,6,2,12,0,0,0,1,28,39073,6,1,0,0,3,0,70,185,0,0,0,0,0,0,0,0,0,0,0,0,0,0,1,2,50,2,1,2,1,0,0,14,11,1,1,2,51,1,0
28,280543,1,2,4,12,12,0,17,12,8,1,0,28,1,12,481,12481,31,2005,1FTRW12W45KF,1,F,T,R,W,1,2,W,4,5,K,F,0,T,FORD,F1S,CW,5,17,,2,1450,1260,COF,G,,,8,281,,,,B,5281,00,U,42,0,0,000000000,00000000000,0,0,0,1,0,0,0,0,0,0,0,65,0,0,0,8,8,6,2,12,0,0,0,1,10,19730,6,1,0,0,3,0,70,180,0,0,0,0,0,0,0,0,0,0,0,0,0,0,2,2,70,1,1,2,1,0,0,1,11,1,1,1,64,0,0
28,280543,2,2,2,12,12,0,17,12,8,1,0,28,2,12,422,12422,15,1998,1FMPU18L1WLA,1,F,M,P,U,1,8,L,1,W,L,A,0,P,FORD,EPT,UT,98,17,5177,,0,1190,,G,,F,8,330,,,16R255,,,,,,0,0,000000000,00000000000,0,0,0,1,0,0,0,0,0,0,0,999,0,0,0,1,1,6,2,12,0,0,0,1,28,39452,6,1,0,0,3,0,70,135,0,0,0,0,0,0,0,0,0,0,51,58,0,0,2,2,70,1,1,2,1,0,0,1,10,1,1,2,65,1,0
28,280544,1,1,3,14,12,14,50,35,0,1,0,28,1,12,422,12422,15,2000,1FMRU15L8YLC,1,F,M,R,U,1,5,L,8,Y,L,C,0,P,FORD,EPT,UT,0,17,4886,,0,1191,,G,,F,8,330,,,16R255,,,,,,0,0,000000000,00000000000,0,0,0,1,0,0,0,0,0,0,0,998,0,1,9,83,1,6,2,1,0,0,0,1,28,39301,0,0,0,0,0,0,999,999,99,99,99,99,99,99,9999,99,9999,1,0,0,0,0,1,2,30,1,2,2,1,0,0,1,13,1,1,4,1,1,0