STATE,ST_CASE,VEH_NO,VE_FORMS,NUMOCCS,DAY,MONTH,HOUR,MINUTE,HARM_EV,MAN_COLL,UNITTYPE,HIT_RUN,REG_STAT,OWNER,MAKE,MODEL,MAK_MOD,BODY_TYP,MOD_YEAR,VIN,VIN_1,VIN_2,VIN_3,VIN_4,VIN_5,VIN_6,VIN_7,VIN_8,VIN_9,VIN_10,VIN_11,VIN_12,TOW_VEH,VINTYPE,VINMAKE,VINA_MOD,VIN_BT,VINMODYR,VIN_LNGT,VIN_WGT,WGTCD_TR,WHLBS_LG,WHLBS_SH,SER_TR,FUELCODE,MCYCL_DS,CARBUR,CYLINDER,DISPLACE,MCYCL_CY,MCYCL_WT,TIRE_SZE,TON_RAT,TRK_WT,TRKWTVAR,VIN_REST,WHLDRWHL,J_KNIFE,MCARR_I1,MCARR_I2,MCARR_ID,GVWR,V_CONFIG,CARGO_BT,HAZ_INV,HAZ_PLAC,HAZ_ID,HAZ_CNO,HAZ_REL,BUS_USE,SPEC_USE,EMER_USE,TRAV_SP,UNDERIDE,ROLLOVER,ROLINLOC,IMPACT1,IMPACT2,DEFORMED,TOWED,M_HARM,VEH_SC1,VEH_SC2,FIRE_EXP,DR_PRES,L_STATE,DR_ZIP,L_STATUS,L_TYPE,CDL_STAT,L_ENDORS,L_COMPL,L_RESTRI,DR_HGT,DR_WGT,PREV_ACC,PREV_SUS,PREV_DWI,PREV_SPD,PREV_OTH,FIRST_MO,FIRST_YR,LAST_MO,LAST_YR,SPEEDREL,DR_SF1,DR_SF2,DR_SF3,DR_SF4,VTRAFWAY,VNUM_LAN,VSPD_LIM,VALIGN,VPROFILE,VPAVETYP,VSURCOND,VTRAFCON,VTCONT_F,P_CRASH1,P_CRASH2,P_CRASH3,PCRASH4,PCRASH5,ACC_TYPE,DEATHS,DR_DRINK
29,290012,2,2,2,10,1,16,55,12,6,1,0,29,2,49,401,49401,14,2004,JTEBU14R1480,J,T,E,B,U,1,4,R,1,4,8,0,0,P,TOYT,RUN,UT,4,17,4330,,0,1098,,G,,F,6,244,,,16R265,,,,,,0,0,000000000,00000000000,0,0,0,1,0,0,0,0,0,0,0,45,0,0,0,12,12,6,2,12,0,0,0,1,29,65737,6,1,6,0,3,0,73,218,0,0,0,0,0,0,0,0,0,0,0,0,0,0,1,2,60,1,6,1,3,0,0,1,62,9,2,1,65,0,0
29,290013,1,1,1,10,1,20,0,42,0,1,0,29,1,20,481,20481,31,2001,1GCEK14T91Z2,1,G,C,E,K,1,4,T,9,1,Z,2,0,T,CHEV,SK1,PK,1,17,,2,1330,1190,SIL,G,,,8,325,,,,B,4445,00,,44,0,0,000000000,00000000000,0,0,0,1,0,0,0,0,0,0,0,40,0,0,0,12,61,6,2,42,0,0,0,1,29,65624,6,1,6,0,3,0,73,175,0,0,0,0,1,5,2008,5,2008,1,0,0,0,0,1,2,55,1,6,2,3,0,0,1,12,1,1,4,6,1,1
29,290014,1,1,2,10,1,22,11,24,0,1,0,92,0,14,401,14401,14,1997,4M2DU55P8VUJ,4,M,2,D,U,5,5,P,8,V,U,J,0,P,MERC,MOU,UT,97,17,0,,0,1120,,G,,F,8,302,,,15R235,,,,,,0,0,000000000,00000000000,0,0,0,1,0,0,0,0,0,0,0,998,0,0,0,12,12,6,2,24,0,0,0,1,29,63136,2,1,0,0,2,0,73,210,0,5,1,0,0,2,2008,12,2010,1,0,0,0,0,3,6,60,1,1,1,3,0,0,1,13,1,1,4,1,1,1
29,290015,1,1,1,12,1,13,7,35,0,1,0,29,2,20,22,20022,4,2005,1G1AL52F2576,1,G,1,A,L,5,2,F,2,5,7,6,0,P,CHEV,BLS,4D,5,17,3216,,0,1033,,G,,F,4,134,,,15R195,,,,,,0,0,000000000,00000000000,0,0,0,1,0,0,0,0,0,0,0,60,0,1,5,12,0,6,2,1,0,0,0,1,29,65608,6,1,0,0,3,0,72,265,0,0,0,0,0,0,0,0,0,0,0,0,0,0,1,2,60,1,1,2,1,0,0,1,12,1,1,4,6,1,0
29,290016,1,1,1,14,1,10,30,35,0,1,0,29,2,2,404,2404,14,1998,1J4GZ48S0WC1,1,J,4,G,Z,4,8,S,0,W,C,1,0,T,JEEP,LSE,4W,98,17,,1,0,1059,GCK,G,,,6,242,,,,,3708,01,E,44,0,0,000000000,00000000000,0,0,0,1,0,0,0,0,0,0,0,55,0,1,5,9,0,6,2,1,0,0,0,1,29,65606,6,1,0,0,3,0,62,150,0,0,0,0,0,0,0,0,0,0,0,0,0,0,1,2,55,1,1,2,1,0,0,1,12,6,3,4,7,1,0
29,290017,1,1,1,15,1,0,30,34,0,1,0,29,2,12,3,12003,2,2001,1FAFP40481F1,1,F,A,F,P,4,0,4,8,1,F,1,0,P,FORD,MUS,CP,1,17,3066,,0,1013,,G,,F,6,232,,,15R205,,,,,,0,0,000000000,00000000000,0,0,0,1,0,0,0,0,0,0,0,42,0,1,5,12,0,6,2,1,0,0,0,1,29,64776,6,2,0,0,3,2,63,128,0,0,0,0,0,0,0,0,0,0,73,0,0,0,1,2,55,1,6,2,1,0,0,1,13,1,3,4,2,1,0
29,290018,1,1,1,15,1,4,5,8,0,1,0,29,1,12,481,12481,31,1998,1FTDX1723WKA,1,F,T,D,X,1,7,2,3,W,K,A,0,T,FORD,F15,3C,98,17,,1,1570,1390,COF,G,,,6,256,,,,B,4067,02,E,42,0,0,000000000,00000000000,0,0,0,1,0,0,0,0,0,0,0,998,0,0,0,12,12,4,3,8,0,0,0,1,29,64123,0,0,0,0,0,0,999,999,0,0,0,0,0,0,0,0,0,0,0,0,0,0,3,5,65,1,1,2,2,0,0,1,80,1,1,1,13,0,0
29,290019,1,1,2,18,1,8,45,1,0,1,0,29,2,20,481,20481,31,2009,1GBJC74K09F1,1,G,B,J,C,7,4,K,0,9,F,1,0,T,CHEV,SC3,CB,9,17,,3,1615,1370,SIL,G,,,8,366,,,,D,5644,01,,42,0,88,888888888,88888888888,2,1,96,1,0,0,0,0,0,0,0,70,0,1,5,0,0,6,2,1,0,0,0,1,29,65806,6,1,0,0,3,0,66,210,0,0,0,0,0,0,0,0,0,1,0,0,0,0,3,2,70,2,5,2,2,0,0,6,13,1,3,4,98,1,0
29,290020,1,1,1,18,1,23,15,42,0,1,0,29,1,12,471,12471,30,2003,1FTYR10D13PA,1,F,T,Y,R,1,0,D,1,3,P,A,0,T,FORD,RNG,PK,3,17,,1,1175,1116,RNG,G,,,4,140,,,,B,3085,03,U,42,0,0,000000000,00000000000,0,0,0,1,0,0,0,0,0,0,0,60,0,0,0,10,10,6,2,42,0,0,0,1,29,65486,6,1,0,0,3,0,67,190,0,0,0,0,0,0,0,0,0,1,58,0,0,0,1,2,55,2,1,2,1,0,0,14,13,7,3,4,2,1,1
29,290021,1,1,1,19,1,10,30,33,0,1,0,29,1,12,471,12471,30,1991,1FTCR11T6MUE,1,F,T,C,R,1,1,T,6,M,U,E,0,T,FORD,RNG,PK,91,17,,1,1140,1080,RNG,G,,,6,177,,,,B,2978,01,A,44,0,0,000000000,00000000000,0,0,0,1,0,0,0,0,0,0,0,65,0,1,3,14,0,6,2,1,0,0,0,1,29,63841,6,1,0,0,3,3,69,275,0,0,0,0,0,0,0,0,0,1,0,0,0,0,6,2,65,1,5,1,1,21,3,1,12,1,3,4,7,1,0
29,290022,1,2,1,20,1,13,35,12,1,1,0,34,3,82,883,82883,66,2008,1FUJA6CK58DZ,1,F,U,J,A,6,C,K,5,8,D,Z,1,T,FRHT,COL,TR,8,17,,8,0,0,CON,D,,,6,855,,,,,00000,00,,64,1,57,1006531,571006531,3,6,1,1,0,0,0,0,0,0,0,65,0,0,0,12,12,6,2,12,0,0,0,1,29,10002,1,1,0,0,2,0,999,999,0,0,0,0,0,0,0,0,0,1,26,0,0,0,2,2,65,1,2,2,2,0,0,1,52,7,1,1,28,0,0
29,290022,2,2,3,20,1,13,35,12,1,1,0,29,2,12,16,12016,4,1996,2FALP73W5TX1,2,F,A,L,P,7,3,W,5,T,X,1,0,P,FORD,CVI,4D,96,17,3780,,0,1144,,G,,F,8,281,,,15R215,,,,,,0,0,000000000,00000000000,0,0,0,1,0,0,0,0,0,0,0,998,0,1,5,6,0,6,2,12,0,0,0,1,29,63020,6,1,0,0,3,0,70,180,0,0,0,0,0,0,0,0,0,0,0,0,0,0,2,2,65,1,2,2,2,0,0,2,53,1,1,1,29,3,1
29,290023,1,1,1,20,1,16,50,21,0,1,0,47,1,2,404,2404,14,2005,1J4GR48K75C6,1,J,4,G,R,4,8,K,7,5,C,6,0,T,JEEP,LCF,4W,5,17,,1,0,1095,GCK,G,,,6,226,,,,,4335,00,E,44,0,0,000000000,00000000000,0,0,0,1,0,0,0,0,0,0,0,70,0,0,0,9,9,6,2,21,0,0,0,1,47,38305,6,1,0,0,3,0,73,225,0,0,0,0,0,0,0,0,0,1,0,0,0,0,2,2,70,1,1,1,2,0,0,6,13,1,3,4,2,1,0
29,290025,1,1,1,23,1,15,10,58,0,1,0,17,2,12,481,12481,31,2001,2FTRX18L61CA,2,F,T,R,X,1,8,L,6,1,C,A,0,T,FORD,F15,4C,1,17,,2,1574,1388,COF,G,,,8,330,,,,B,4611,04,U,44,0,0,000000000,00000000000,0,0,0,1,0,0,0,0,0,0,0,65,0,1,5,1,0,6,2,1,0,0,0,1,17,62363,6,1,0,0,3,0,74,235,0,0,0,0,1,6,2010,6,2010,1,87,0,0,0,2,2,65,1,1,1,4,0,0,1,6,1,4,4,2,1,0
29,290026,1,1,3,23,1,17,15,31,0,1,0,29,1,19,20,19020,6,2011,3GYFNAEY4BS5,3,G,Y,F,N,A,E,Y,4,B,S,5,0,P,CADI,SRX,UT,11,17,4224,,0,1105,,G,,F,6,183,,,18R235,,,,,,0,0,000000000,00000000000,0,0,0,1,0,0,0,0,0,0,0,65,0,1,3,11,0,6,2,1,0,0,0,1,29,64776,6,1,0,0,3,0,68,175,0,0,0,1,0,10,2008,10,2008,0,0,0,0,0,2,2,65,2,6,2,1,0,0,14,12,1,1,4,6,1,0
29,290027,1,1,2,28,1,18,15,8,0,1,0,29,1,20,421,20421,15,1999,1GNEK13R2XJ4,1,G,N,E,K,1,3,R,2,X,J,4,0,P,CHEV,KTA,UT,99,17,5268,,0,1175,,G,,F,8,350,,,16R245,,,,,,0,0,000000000,00000000000,0,0,0,1,0,0,0,0,0,0,0,35,0,0,0,12,12,2,3,8,0,0,0,1,29,63106,6,1,0,0,3,0,60,178,0,0,0,0,0,0,0,0,0,0,0,0,0,0,1,4,30,1,1,2,1,0,0,1,80,1,1,1,13,0,0
29,290028,1,1,1,28,1,12,30,35,0,1,0,29,1,23,471,23471,30,1991,1GTCT14ZXM85,1,G,T,C,T,1,4,Z,X,M,8,5,0,T,GMC,SON,PK,91,17,,1,1179,1083,SON,G,,,6,262,,,,B,4500,01,A,44,0,0,000000000,00000000000,0,0,0,1,0,0,0,0,0,0,0,55,0,1,5,12,0,6,2,1,0,0,0,1,29,64478,6,1,0,0,3,0,70,165,1,1,0,0,2,1,2008,8,2009,1,0,0,0,0,1,2,55,3,6,2,1,0,0,14,12,1,4,4,7,1,0
29,290029,1,2,1,29,1,8,57,12,6,1,0,29,1,14,6,14006,4,2001,2MEFM75W51X6,2,M,E,F,M,7,5,W,5,1,X,6,0,P,MERC,MGL,4D,1,17,3948,,0,1147,,G,,F,8,281,,,16R225,,,,,,0,0,000000000,00000000000,0,0,0,1,0,0,0,0,0,0,0,20,0,0,0,3,3,6,2,12,0,0,0,1,29,63552,6,1,0,0,3,3,63,145,0,0,0,0,0,0,0,0,0,0,38,0,0,0,1,2,35,1,8,2,1,21,3,1,17,1,1,1,87,1,0
29,290029,2,2,3,29,1,8,57,12,6,1,0,29,1,7,442,7442,20,2006,2D4GP44L56R8,2,D,4,G,P,4,4,L,5,6,R,8,0,T,DODG,GSX,ES,6,17,,1,0,1193,CAR,G,,,6,230,,,,,4252,00,E,42,0,0,000000000,00000000000,0,0,0,1,0,0,0,0,0,0,0,65,0,0,0,12,12,6,2,12,0,0,0,1,29,63532,6,1,0,0,3,0,72,190,0,0,0,1,0,9,2009,9,2009,0,0,0,0,0,2,2,65,1,6,2,1,0,0,1,66,3,1,1,86,0,0
29,290030,1,1,3,29,1,12,55,58,0,1,0,29,1,21,441,21441,20,1999,1GHDX03E0XD2,1,G,H,D,X,0,3,E,0,X,D,2,0,T,OLDS,SIL,ES,99,17,,1,0,1200,SIL,G,,,6,207,,,,B,3948,00,K,42,0,0,000000000,00000000000,0,0,0,1,0,0,0,0,0,0,0,75,0,1,5,14,0,6,2,1,0,0,0,1,29,63020,6,1,0,0,3,0,71,195,0,0,0,0,0,0,0,0,0,1,58,0,0,0,1,2,55,1,5,2,1,0,0,1,13,6,4,4,7,1,1
29,290031,1,1,1,4,1,19,13,8,0,1,0,29,3,98,808,98808,61,2008,JNAMB81H68AK,J,N,A,M,B,8,1,H,6,8,A,K,0,T,UD,UD2,TB,8,17,,5,0,0,UDS,D,,,6,469,,,,,00000,00,,42,0,88,888888888,88888888888,2,1,96,1,0,0,0,0,0,0,0,40,0,0,0,12,12,2,1,8,0,0,0,1,17,62024,6,1,0,0,3,0,73,270,0,0,0,0,0,0,0,0,0,0,0,0,0,0,1,2,45,1,1,2,1,0,0,1,80,6,1,1,13,0,0
29,290032,1,2,1,14,1,18,5,24,0,1,0,29,1,12,17,12017,4,1997,1FALP52UXVG1,1,F,A,L,P,5,2,U,X,V,G,1,0,P,FORD,TAG,4D,97,17,3329,,0,1085,,G,,F,6,182,,,15R205,,,,,,0,0,000000000,00000000000,0,0,0,1,0,0,0,0,0,0,0,50,0,0,0,1,3,6,2,12,0,0,0,1,29,64834,6,2,0,0,3,2,72,130,0,0,0,0,0,0,0,0,0,1,73,0,0,0,1,2,35,2,6,7,1,0,0,14,13,1,1,4,1,1,0
29,290032,2,2,1,14,1,18,5,24,0,1,0,29,1,18,3,18003,4,1995,1G4CW52K6SH6,1,G,4,C,W,5,2,K,6,S,H,6,0,P,BUIC,PKA,4D,95,17,3532,,0,1108,,G,,F,6,231,,,15R205,,,,,,0,0,000000000,00000000000,0,0,0,1,0,0,0,0,0,0,0,35,0,0,0,12,12,6,2,12,0,0,0,1,29,64870,6,1,6,0,3,0,68,180,1,0,0,0,0,12,2009,12,2009,0,0,0,0,0,1,2,35,1,2,7,1,0,0,1,62,1,1,1,98,0,0
29,290033,1,1,4,22,1,20,0,38,0,1,0,29,1,20,2,20002,4,2004,2G1WF52E4494,2,G,1,W,F,5,2,E,4,4,9,4,0,P,CHEV,IMP,4D,4,17,3389,,0,1105,,G,,F,6,207,,,16R225,,,,,,0,0,000000000,00000000000,0,0,0,1,0,0,0,0,0,0,0,60,0,0,0,12,12,6,2,38,0,0,0,1,29,63121,6,1,0,0,3,0,65,145,2,0,0,0,0,10,2009,1,2010,1,91,0,0,0,1,4,30,1,2,2,2,0,0,1,6,1,1,4,1,0,1
29,290034,1,1,1,25,1,10,47,34,0,1,0,29,3,82,881,82881,63,2006,1FVACXCS16HW,1,F,V,A,C,X,C,S,1,6,H,W,0,T,FRHT,16M,CC,6,17,,7,0,0,FM2,D,,,6,391,,,,,00000,00,,42,0,57,003051,57003051,3,1,2,2,2,1203,3,2,0,0,0,48,0,1,5,12,12,6,2,1,0,0,0,1,29,63740,6,1,6,3,3,0,72,275,0,0,0,0,0,0,0,0,0,0,58,0,0,0,1,2,55,1,2,2,1,0,0,1,12,1,1,4,6,1,0
29,290035,1,3,1,28,1,20,24,12,6,1,1,29,1,20,481,20481,31,1987,1GCDR14Z2HJ1,1,G,C,D,R,1,4,Z,2,H,J,1,0,T,CHEV,R10,PK,87,17,,1,1315,1175,R10,G,,,6,262,,,,B,3301,06,,42,0,0,000000000,00000000000,0,0,0,1,0,0,0,0,0,0,0,34,0,0,0,12,12,6,2,12,0,0,0,1,29,64429,2,1,0,0,2,0,70,210,0,2,2,0,0,1,2008,3,2009,0,38,0,0,0,5,2,35,1,1,2,2,1,3,1,72,1,1,1,69,0,1
29,290035,2,3,1,28,1,20,24,12,6,1,0,29,1,49,32,49032,4,1996,1NXBA02E9TZ4,1,N,X,B,A,0,2,E,9,T,Z,4,0,P,TOYT,COA,4D,96,17,2315,,0,970,,G,,F,4,097,,,14R175,,,,,,0,0,000000000,00000000000,0,0,0,1,0,0,0,0,0,0,0,16,0,0,0,10,10,6,2,12,0,0,0,1,29,64429,6,1,0,0,3,0,65,200,0,0,0,0,0,0,0,0,0,0,0,0,0,0,0,0,0,0,0,0,0,1,3,11,66,1,1,1,68,1,0
29,290035,3,3,1,28,1,20,24,12,6,1,0,29,1,63,34,63034,4,2001,KNAGD1267150,K,N,A,G,D,1,2,6,7,1,5,0,0,P,KIA,OLS,4D,1,17,3157,,0,1063,,G,,F,4,144,,,14R195,,,,,,0,0,000000000,00000000000,0,0,0,1,0,0,0,0,0,0,0,0,0,0,0,12,12,2,1,12,0,0,0,1,29,64689,6,1,0,0,3,3,67,145,0,0,0,1,0,3,2010,3,2010,0,0,0,0,0,5,2,35,1,1,2,2,1,3,5,62,1,1,1,98,0,0
29,290036,1,1,2,29,1,16,45,24,0,1,0,29,2,22,20,22020,2,2002,1G2WP12K12F2,1,G,2,W,P,1,2,K,1,2,F,2,0,P,PONT,GPG,CP,2,17,3429,,0,1105,,G,,F,6,231,,,16R225,,,,,,0,0,000000000,00000000000,0,0,0,1,0,0,0,0,0,0,0,55,0,1,5,12,0,6,2,1,0,0,0,1,29,63532,6,1,0,0,3,0,62,170,0,0,0,1,0,10,2008,10,2008,0,0,0,0,0,1,2,55,1,1,2,1,0,0,1,13,1,1,4,1,1,0
29,290037,1,2,1,1,2,5,18,12,2,1,0,29,2,20,23,20023,6,2006,3GNDA23P16S5,3,G,N,D,A,2,3,P,1,6,S,5,0,P,CHEV,HHR,SV,6,17,3155,,0,1035,,G,,F,4,146,,,16R215,,,,,,0,0,000000000,00000000000,0,0,0,1,0,0,0,0,0,0,0,59,0,0,0,12,12,6,2,12,0,0,0,1,29,65542,6,1,0,0,3,3,60,118,0,0,0,0,0,0,0,0,0,1,0,0,0,0,1,2,65,3,6,2,3,0,0,14,10,1,1,1,50,1,0
29,290037,2,2,1,1,2,5,18,12,2,1,0,29,3,12,16,12016,4,2010,2FABP7BV0AX1,2,F,A,B,P,7,B,V,0,A,X,1,0,P,FORD,CVP,4D,10,17,4128,,0,1147,,F,,F,8,281,,,17R225,,,,,,0,0,000000000,00000000000,0,0,0,1,0,0,0,0,0,5,0,38,0,0,0,12,12,6,2,12,0,0,0,1,29,65793,6,1,0,0,3,0,68,165,0,0,0,0,0,0,0,0,0,0,0,0,0,0,1,2,65,2,5,2,3,0,0,14,62,9,1,1,51,0,0
29,290038,1,1,1,3,2,9,41,8,0,1,0,29,3,92,981,92981,52,2001,15GCD2116114,1,5,G,C,D,2,1,1,6,1,1,4,0,T,GILL,,,1,17,,,,,,,,,,,,,,,,,,,0,88,888888888,88888888888,8,21,22,1,0,0,0,0,6,0,0,10,0,0,0,12,12,2,3,8,0,0,0,1,29,63147,6,1,6,3,3,0,70,198,0,0,0,0,0,0,0,0,0,0,0,0,0,0,2,2,25,1,1,2,3,0,0,1,80,1,1,1,13,0,0
29,290039,1,1,1,7,2,2,10,52,0,1,0,92,0,13,5,13005,2,1998,1LNFM91V8WY6,1,L,N,F,M,9,1,V,8,W,Y,6,0,P,LINC,MK8,CP,98,17,3765,,0,1130,,G,,F,8,281,,,16R225,,,,,,0,0,000000000,00000000000,0,0,0,1,0,0,0,0,0,0,0,998,0,0,0,8,61,6,2,52,0,0,0,1,13,63112,6,1,0,0,3,0,66,140,98,0,0,0,0,0,0,0,0,1,0,0,0,0,3,3,55,1,1,2,1,0,0,1,13,1,3,4,2,1,1
29,290040,1,1,1,9,2,8,23,42,0,1,0,29,1,22,18,22018,2,1998,1G2NE12T1WC7,1,G,2,N,E,1,2,T,1,W,C,7,0,P,PONT,GAS,CP,98,17,2835,,0,1034,,G,,F,4,146,,,14R195,,,,,,0,0,000000000,00000000000,0,0,0,1,0,0,0,0,0,0,0,60,0,0,0,8,8,6,2,42,0,0,0,1,29,63136,6,1,0,0,3,0,68,135,0,0,0,0,0,0,0,0,0,1,0,0,0,0,2,2,45,1,1,2,4,0,0,1,5,1,3,4,2,1,0
29,290041,1,1,2,9,2,20,45,8,0,1,1,29,1,12,17,12017,4,1995,1FALP52U6SG1,1,F,A,L,P,5,2,U,6,S,G,1,0,P,FORD,TGS,4D,95,17,3118,,0,1060,,G,,F,6,182,,,15R205,,,,,,0,0,000000000,00000000000,0,0,0,1,0,0,0,0,0,0,0,57,0,0,0,12,12,2,1,8,0,0,0,1,29,64788,6,1,0,0,3,0,70,200,0,0,0,0,1,7,2010,7,2010,0,0,0,0,0,1,4,55,1,1,2,1,0,0,1,80,1,1,1,13,0,0
29,290042,1,1,2,14,2,15,0,59,0,1,0,29,1,12,481,12481,31,1991,1FTDF15N0MNA,1,F,T,D,F,1,5,N,0,M,N,A,0,T,FORD,F15,PK,91,17,,1,1330,1170,COF,G,,,8,302,,,,B,3535,01,A,42,0,0,000000000,00000000000,0,0,0,1,0,0,0,0,0,0,0,63,0,1,5,9,0,6,2,1,0,0,0,1,29,63624,6,1,0,0,3,3,72,200,0,0,0,0,0,0,0,0,0,1,0,0,0,0,1,2,55,2,6,2,1,0,0,14,12,1,1,4,6,1,1
29,290043,1,1,2,12,2,1,35,42,0,1,0,17,2,20,9,20009,2,1993,2G1FP22S1P21,2,G,1,F,P,2,2,S,1,P,2,1,0,P,CHEV,CAM,CP,93,17,3241,,0,1010,,G,,F,6,207,,,16R215,,,,,,0,0,000000000,00000000000,0,0,0,1,0,0,0,0,0,0,0,58,0,0,0,12,12,6,2,42,0,0,0,1,29,63640,6,1,0,0,3,3,68,205,0,0,0,0,0,0,0,0,0,0,0,0,0,0,1,2,60,3,6,2,1,0,0,14,13,1,2,4,2,2,1
29,290044,1,2,3,6,2,21,10,12,6,1,0,29,1,20,401,20401,14,2002,1GNDT13S7223,1,G,N,D,T,1,3,S,7,2,2,3,0,P,CHEV,TRL,UT,2,17,4628,,0,1130,,G,,F,6,256,,,16R245,,,,,,0,0,000000000,00000000000,0,0,0,1,0,0,0,0,0,0,0,52,0,0,0,12,12,6,2,12,0,0,0,1,29,65486,6,1,0,0,3,0,67,170,0,0,0,0,0,0,0,0,0,0,0,0,0,0,1,2,55,1,5,2,2,0,0,1,62,1,1,1,65,1,0
29,290044,2,2,2,6,2,21,10,12,6,1,0,29,2,52,37,52037,3,2004,4A3AC44G34E0,4,A,3,A,C,4,4,G,3,4,E,0,0,P,MITS,EGS,2H,4,17,2965,,0,1008,,G,,F,4,146,,,16R205,,,,,,0,0,000000000,00000000000,0,0,0,1,0,0,0,0,0,0,0,55,0,0,0,1,1,6,2,12,0,0,0,1,29,65583,6,1,0,0,3,3,69,135,0,0,0,1,0,7,2009,7,2009,1,28,0,0,0,1,2,55,1,6,2,2,0,0,1,13,8,4,6,64,1,0
29,290045,1,2,1,10,1,13,5,12,2,1,0,29,3,51,881,51881,66,2000,4V4ND5RFXYN2,4,V,4,N,D,5,R,F,X,Y,N,2,1,T,VOLV,VVN,TR,0,17,,8,0,0,VVN,D,,,6,774,,,,,00000,00,,64,1,57,298288,57298288,3,6,8,1,0,0,0,0,0,0,0,999,0,0,0,12,12,6,2,12,0,0,0,1,29,63446,6,1,6,0,3,3,68,220,0,0,0,0,0,0,0,0,0,0,0,0,0,0,1,2,55,1,1,2,1,0,0,1,62,7,1,1,51,0,0
29,290045,2,2,1,10,1,13,5,12,2,1,0,29,2,20,19,20019,4,1993,1G1LT53T3PY1,1,G,1,L,T,5,3,T,3,P,Y,1,0,P,CHEV,COL,4D,93,17,2763,,0,1034,,G,,F,6,191,,,14R185,,,,,,0,0,000000000,00000000000,0,0,0,1,0,0,0,0,0,0,0,69,0,0,0,12,12,6,2,12,0,0,0,1,29,63438,6,2,0,0,3,3,63,150,0,0,0,1,0,7,2010,7,2010,0,0,0,0,0,1,2,55,1,1,2,1,0,0,1,10,1,1,1,50,1,0
29,290046,1,1,1,30,1,18,10,8,0,1,0,29,2,12,481,12481,31,1997,1FTHX26F5VEC,1,F,T,H,X,2,6,F,5,V,E,C,0,T,FORD,F25,PC,97,17,,2,1550,1390,COF,D,,,8,444,,,,C,5236,00,A,44,0,0,000000000,00000000000,0,0,0,1,0,0,0,0,0,0,0,45,0,0,0,12,12,2,1,8,0,0,0,1,29,65742,6,1,0,0,3,3,66,150,0,0,0,0,0,0,0,0,0,0,0,0,0,0,1,2,45,1,1,2,1,0,0,1,80,1,1,1,13,0,0
29,290047,1,1,1,13,2,3,29,8,0,1,0,18,1,7,482,7482,31,1995,1B7KF26C5SS2,1,B,7,K,F,2,6,C,5,S,S,2,0,T,DODG,250,PK,95,17,,2,0,1347,RPC,D,,,6,359,,,,C,4714,00,M,44,0,0,000000000,00000000000,0,0,0,1,0,0,0,0,0,0,0,70,0,0,0,12,12,6,2,8,0,0,0,1,18,46565,6,2,0,0,3,0,72,170,0,0,0,2,4,4,2008,10,2009,0,0,0,0,0,2,2,70,3,1,1,1,0,0,14,80,1,1,1,13,0,0
29,290048,1,1,2,17,2,13,10,42,0,1,0,29,1,7,482,7482,31,2007,1D7KS28C37J5,1,D,7,K,S,2,8,C,3,7,J,5,0,T,DODG,SQ2,CW,7,17,,2,1605,1405,RPC,D,,,6,359,,,,C,6271,07,E,44,0,0,000000000,00000000000,0,0,0,1,0,0,0,0,0,0,0,46,0,0,0,12,12,6,2,42,0,0,0,1,29,63935,6,1,0,0,3,0,72,180,1,1,0,0,1,6,2008,9,2009,0,51,0,0,0,2,2,55,1,2,2,1,0,0,1,13,3,2,4,2,1,1
29,290049,1,1,2,30,1,18,53,33,0,1,0,29,1,22,18,22018,4,1995,1G2NW55M5SC8,1,G,2,N,W,5,5,M,5,S,C,8,0,P,PONT,GAG,4D,95,17,3014,,0,1034,,G,,F,6,191,,,16R205,,,,,,0,0,000000000,00000000000,0,0,0,1,0,0,0,0,0,0,0,998,0,1,5,14,0,6,2,1,0,0,0,1,29,63376,6,1,0,0,3,3,63,105,1,0,0,0,1,1,2008,4,2008,0,0,0,0,0,5,4,40,2,2,1,1,0,0,14,12,1,1,4,6,1,1
29,290050,1,2,1,16,2,16,30,12,6,1,0,92,0,7,482,7482,31,2003,3D7MU48C83G7,3,D,7,M,U,4,8,C,8,3,G,7,0,T,DODG,SQ3,CW,3,17,,3,0,1600,RPC,D,,,6,359,,,,D,6544,06,E,44,0,0,000000000,00000000000,0,0,0,1,0,0,0,0,0,0,0,40,0,0,0,8,8,4,1,12,0,0,0,1,29,65756,6,1,0,0,3,0,76,280,0,0,0,0,0,0,0,0,0,0,0,0,0,0,1,2,55,1,2,2,1,0,0,11,53,1,1,2,72,0,0
29,290050,2,2,1,16,2,16,30,12,6,1,0,92,0,37,709,37709,80,2009,JH2PC40059K2,J,H,2,P,C,4,0,0,5,9,K,2,0,M,HOND,B60,RC,9,17,,,,,,,599,,4,,4,410,,,,,,,0,0,000000000,00000000000,0,0,0,1,0,0,0,0,0,0,0,70,0,0,0,12,12,6,2,12,0,0,0,1,29,65807,2,1,0,0,2,0,70,195,0,3,1,2,0,6,2009,12,2010,0,38,0,0,0,1,2,55,1,2,2,1,0,0,6,15,1,1,1,73,1,0
29,290051,1,2,4,19,1,15,55,12,6,1,0,29,1,13,421,13421,15,2001,5LMFU28R11LJ,5,L,M,F,U,2,8,R,1,1,L,J,0,P,LINC,NAV,UT,1,17,5720,,0,1190,,G,,F,8,330,,,17R255,,,,,,0,0,000000000,00000000000,0,0,0,1,0,0,0,0,0,0,0,999,0,1,5,1,0,6,2,1,0,0,0,1,6,93711,6,1,0,0,3,0,62,120,0,0,0,2,2,11,2009,5,2010,0,12,0,0,0,1,2,55,2,2,2,1,0,0,14,66,8,2,1,87,1,0