STATE,ST_CASE,VEH_NO,VE_FORMS,NUMOCCS,DAY,MONTH,HOUR,MINUTE,HARM_EV,MAN_COLL,UNITTYPE,HIT_RUN,REG_STAT,OWNER,MAKE,MODEL,MAK_MOD,BODY_TYP,MOD_YEAR,VIN,VIN_1,VIN_2,VIN_3,VIN_4,VIN_5,VIN_6,VIN_7,VIN_8,VIN_9,VIN_10,VIN_11,VIN_12,TOW_VEH,VINTYPE,VINMAKE,VINA_MOD,VIN_BT,VINMODYR,VIN_LNGT,VIN_WGT,WGTCD_TR,WHLBS_LG,WHLBS_SH,SER_TR,FUELCODE,MCYCL_DS,CARBUR,CYLINDER,DISPLACE,MCYCL_CY,MCYCL_WT,TIRE_SZE,TON_RAT,TRK_WT,TRKWTVAR,VIN_REST,WHLDRWHL,J_KNIFE,MCARR_I1,MCARR_I2,MCARR_ID,GVWR,V_CONFIG,CARGO_BT,HAZ_INV,HAZ_PLAC,HAZ_ID,HAZ_CNO,HAZ_REL,BUS_USE,SPEC_USE,EMER_USE,TRAV_SP,UNDERIDE,ROLLOVER,ROLINLOC,IMPACT1,IMPACT2,DEFORMED,TOWED,M_HARM,VEH_SC1,VEH_SC2,FIRE_EXP,DR_PRES,L_STATE,DR_ZIP,L_STATUS,L_TYPE,CDL_STAT,L_ENDORS,L_COMPL,L_RESTRI,DR_HGT,DR_WGT,PREV_ACC,PREV_SUS,PREV_DWI,PREV_SPD,PREV_OTH,FIRST_MO,FIRST_YR,LAST_MO,LAST_YR,SPEEDREL,DR_SF1,DR_SF2,DR_SF3,DR_SF4,VTRAFWAY,VNUM_LAN,VSPD_LIM,VALIGN,VPROFILE,VPAVETYP,VSURCOND,VTRAFCON,VTCONT_F,P_CRASH1,P_CRASH2,P_CRASH3,PCRASH4,PCRASH5,ACC_TYPE,DEATHS,DR_DRINK
29,290051,2,2,3,19,1,15,55,12,6,1,0,29,1,7,482,7482,31,2002,1D7HU18N62S5,1,D,7,H,U,1,8,N,6,2,S,5,0,T,DODG,Q15,CW,2,17,,2,1605,1405,RPC,G,,,8,287,,,,B,5000,02,E,44,0,0,000000000,00000000000,0,0,0,1,0,0,0,0,0,0,0,999,0,0,0,12,12,2,1,12,0,0,0,1,29,65552,6,1,0,0,3,0,68,195,0,0,0,1,0,3,2009,3,2009,0,38,0,0,0,1,2,50,1,9,2,1,20,3,4,17,1,1,1,86,0,0
29,290052,1,2,1,16,2,15,55,12,6,1,0,29,1,12,13,12013,2,1998,3FAKP1132WR1,3,F,A,K,P,1,1,3,2,W,R,1,0,P,FORD,ZXS,CP,98,17,2478,,0,984,,G,,F,4,121,,,14R185,,,,,,0,0,000000000,00000000000,0,0,0,1,0,0,0,0,0,0,0,55,0,0,0,12,12,6,2,12,0,0,0,1,29,63534,6,1,0,0,3,0,67,135,0,0,0,0,0,0,0,0,0,0,0,0,0,0,1,2,55,1,3,2,1,0,0,1,62,1,1,1,83,1,0
29,290052,2,2,1,16,2,15,55,12,6,1,0,0,0,12,998,12998,92,1985,BA70908,B,A,7,0,9,0,8,,,,,,0,P,FORD,,,85,7,,,,,,,,,,,,,,,,,,,0,0,000000000,00000000000,0,0,0,1,0,0,0,0,0,0,0,10,0,0,0,1,1,2,1,12,0,0,0,1,29,63534,6,1,0,0,3,0,69,195,0,0,0,0,0,0,0,0,0,0,38,0,0,0,1,2,55,1,3,2,1,0,0,11,15,1,1,1,82,0,0
29,290053,1,2,2,19,2,23,40,12,2,1,0,29,1,7,472,7472,30,1999,1B7FL26X1XS2,1,B,7,F,L,2,6,X,1,X,S,2,0,T,DODG,DAK,PK,99,17,,1,1239,1119,DAK,G,,,6,239,,,,B,3262,01,U,42,0,0,000000000,00000000000,0,0,0,1,0,0,0,0,0,0,0,998,0,0,0,12,12,6,2,12,0,0,0,1,29,65734,1,1,0,0,2,0,69,160,1,3,1,0,0,12,2008,9,2010,0,28,0,0,0,1,2,60,4,1,2,1,0,0,14,10,4,1,2,50,0,1
29,290053,2,2,2,19,2,23,40,12,2,1,0,29,1,14,17,14017,4,1995,1MELM50U1SA6,1,M,E,L,M,5,0,U,1,S,A,6,0,P,MERC,SGS,4D,95,17,3144,,0,1060,,G,,F,6,182,,,15R205,,,,,,0,0,000000000,00000000000,0,0,0,1,0,0,0,0,0,0,0,998,0,0,0,12,12,6,2,12,0,0,0,1,29,65772,6,1,0,0,3,0,66,230,0,0,0,0,0,0,0,0,0,0,0,0,0,0,1,2,60,4,1,2,1,0,0,14,54,4,1,1,51,1,0
29,290054,1,1,1,21,2,17,15,59,0,1,0,29,2,22,16,22016,2,2002,1G2JB1248273,1,G,2,J,B,1,2,4,8,2,7,3,0,P,PONT,SFS,CP,2,17,2606,,0,1041,,G,,F,4,133,,,14R195,,,,,,0,0,000000000,00000000000,0,0,0,1,0,0,0,0,0,0,0,55,0,0,0,11,9,6,2,42,0,0,0,1,29,65793,1,1,0,0,2,0,69,140,0,5,0,0,0,8,2010,9,2010,0,0,0,0,0,1,2,55,3,1,2,1,0,0,14,13,3,3,4,2,1,0
29,290055,1,2,1,24,2,23,13,57,0,1,0,15,1,20,22,20022,4,2007,1G1AZ58F4771,1,G,1,A,Z,5,8,F,4,7,7,1,0,P,CHEV,BTZ,4D,7,17,3216,,0,1033,,G,,F,4,134,,,16R205,,,,,,0,0,000000000,00000000000,0,0,0,1,0,0,0,0,0,0,0,74,9,0,0,12,12,6,2,12,0,0,0,1,21,40121,3,1,0,0,2,0,72,175,1,0,0,0,0,12,2010,12,2010,1,0,0,0,0,3,2,70,1,2,2,2,0,0,1,6,1,2,4,7,1,1
29,290055,2,2,2,24,2,23,13,57,0,1,0,93,3,82,881,82881,66,2002,1FUJBBBD32PJ,1,F,U,J,B,B,B,D,3,2,P,J,1,T,FRHT,ST2,TR,2,17,,8,0,0,CON,D,,,6,855,,,,,00000,00,,64,1,57,1584451,571584451,3,6,1,1,0,0,0,0,0,0,0,999,0,0,0,12,12,6,2,12,0,0,1,1,6,93291,6,1,6,0,3,3,69,210,0,0,0,0,1,4,2010,4,2010,0,0,0,0,0,3,2,70,1,2,2,2,0,0,1,62,1,1,1,98,0,0
29,290056,1,2,2,16,1,12,25,12,6,1,0,29,3,35,47,35047,4,1998,1N4DL01D4WC1,1,N,4,D,L,0,1,D,4,W,C,1,0,P,NISS,AGS,4D,98,17,2766,,0,1031,,G,,F,4,146,,,15R195,,,,,,0,0,000000000,00000000000,0,0,0,1,0,0,0,0,0,0,0,998,0,0,0,1,1,6,2,12,0,0,0,1,29,64014,6,1,0,0,3,0,72,215,0,0,0,0,0,0,0,0,0,1,38,28,0,0,1,4,45,3,2,2,1,0,0,15,11,1,1,2,46,1,1
29,290056,2,2,1,16,1,12,25,12,6,1,0,29,2,52,34,52034,4,2005,4A3AB36F05E0,4,A,3,A,B,3,6,F,0,5,E,0,0,P,MITS,ELM,4D,5,17,3351,,0,1083,,G,,F,4,146,,,16R215,,,,,,0,0,000000000,00000000000,0,0,0,1,0,0,0,0,0,0,0,998,0,0,0,7,7,6,2,12,0,0,0,1,29,64133,6,1,0,0,3,0,71,205,0,0,0,0,0,0,0,0,0,0,0,0,0,0,1,4,45,3,2,2,1,0,0,14,61,1,1,1,45,0,0
29,290057,1,1,1,27,2,14,20,8,0,1,0,29,3,92,981,92981,52,1999,15GCA1817X10,1,5,G,C,A,1,8,1,7,X,1,0,0,T,GILL,,,99,17,,,,,,,,,,,,,,,,,,,0,88,888888888,88888888888,8,21,22,1,0,0,0,0,6,0,0,998,0,0,0,3,3,2,1,8,0,0,0,1,29,64130,6,1,6,3,3,3,64,190,3,0,0,0,1,7,2008,10,2010,0,0,0,0,0,5,6,35,1,1,2,2,0,0,1,80,1,1,1,13,0,0
29,290058,1,1,1,6,2,21,40,1,0,1,0,29,2,12,401,12401,14,1999,1FMYU22X2XUB,1,F,M,Y,U,2,2,X,2,X,U,B,0,P,FORD,EPR,UT,99,17,3675,,0,1017,,G,,F,6,245,,,15R235,,,,,,0,0,000000000,00000000000,0,0,0,1,0,0,0,0,0,0,0,45,0,1,5,0,0,6,2,1,0,0,0,1,29,63385,2,1,0,0,2,0,77,230,2,1,0,0,0,6,2008,11,2010,0,0,0,0,0,6,3,60,2,1,2,2,0,0,14,12,1,1,4,6,1,1
29,290060,1,1,1,17,2,18,20,1,0,1,0,29,1,72,706,72706,80,2007,1HD1FC4127Y7,1,H,D,1,F,C,4,1,2,7,Y,7,0,M,HD,FLU,RS,7,17,,,,,,,1584,,2,,4,808,,,,,,,0,0,000000000,00000000000,0,0,0,1,0,0,0,0,0,0,0,40,0,0,0,0,0,6,2,1,0,0,0,1,29,63050,6,1,6,0,3,0,70,250,0,0,0,0,0,0,0,0,0,0,0,0,0,0,1,2,40,3,6,2,1,0,0,14,98,1,1,1,98,1,1
29,290061,1,1,1,25,2,0,1,53,0,1,0,29,1,2,404,2404,14,1995,1J4FJ68S4SL6,1,J,4,F,J,6,8,S,4,S,L,6,0,T,JEEP,SPT,4W,95,17,,1,0,1014,CHK,G,,,6,242,,,,,2998,00,M,44,0,0,000000000,00000000000,0,0,0,1,0,0,0,0,0,0,0,65,0,0,0,7,7,6,2,58,0,0,0,1,29,63069,6,1,6,0,3,3,72,174,0,0,0,0,0,0,0,0,0,1,0,0,0,0,1,2,45,1,5,2,3,0,0,1,6,1,1,4,1,1,1
29,290062,1,1,1,26,2,16,2,35,0,1,0,29,2,21,2,21002,2,1984,1G3AY37Y6EX3,1,G,3,A,Y,3,7,Y,6,E,X,3,0,P,OLDS,DRB,CP,84,17,3526,,0,1160,,G,,4,8,307,,,15R205,,,,,,0,0,000000000,00000000000,0,0,0,1,0,0,0,0,0,0,0,998,0,0,0,14,11,6,2,42,0,0,0,1,29,65550,6,1,0,0,3,0,66,150,0,0,0,0,0,0,0,0,0,1,0,0,0,0,1,2,35,3,6,4,1,0,0,14,6,3,2,4,7,1,0
29,290063,1,2,1,27,2,13,7,12,2,1,0,29,1,12,35,12035,4,1999,1FAFP6639XK1,1,F,A,F,P,6,6,3,9,X,K,1,0,P,FORD,CSE,4D,99,17,2774,,0,1065,,G,,F,4,121,,,14R185,,,,,,0,0,000000000,00000000000,0,0,0,1,0,0,0,0,0,0,0,60,0,0,0,12,12,6,2,12,0,0,0,1,29,64637,6,2,0,0,3,3,66,115,0,0,0,0,0,0,0,0,0,0,28,0,0,0,1,2,60,2,5,2,2,0,0,14,10,99,4,2,50,1,0
29,290063,2,2,2,27,2,13,7,12,2,1,0,29,1,12,481,12481,31,2009,1FTSW21Y29EA,1,F,T,S,W,2,1,Y,2,9,E,A,0,T,FORD,F2S,CW,9,17,,2,1720,1560,SRW,G,,,10,415,,,,B,6523,01,E,44,0,0,000000000,00000000000,0,0,0,1,0,0,0,0,0,0,0,60,0,1,5,12,12,6,2,12,0,0,0,1,29,64671,6,1,0,0,3,0,73,220,0,0,0,0,0,0,0,0,0,0,0,0,0,0,1,2,60,3,6,2,2,0,0,14,62,7,1,1,51,0,0
29,290064,1,1,1,4,3,14,45,35,0,1,0,29,1,2,404,2404,14,2007,1J8GR48KX7C6,1,J,8,G,R,4,8,K,X,7,C,6,0,T,JEEP,LCF,4W,7,17,,1,0,1095,GCK,G,,,6,226,,,,,4376,00,7,44,0,0,000000000,00000000000,0,0,0,1,0,0,0,0,0,0,0,65,0,1,3,12,0,6,2,1,0,0,0,1,29,63901,6,1,0,0,3,0,64,117,0,0,0,0,0,0,0,0,0,0,0,0,0,0,2,2,65,2,5,1,2,0,0,14,12,99,2,4,7,1,0
29,290065,1,2,2,30,1,11,59,12,6,1,0,17,1,59,421,59421,15,2003,JTJHT00W6335,J,T,J,H,T,0,0,W,6,3,3,5,0,P,LEXS,LX7,UT,3,17,5590,,0,1122,,G,,F,8,285,,,18R275,,,,,,0,0,000000000,00000000000,0,0,0,1,0,0,0,0,0,0,0,998,0,0,0,12,12,6,2,12,0,0,0,1,17,60010,6,1,0,0,3,0,64,120,0,0,0,0,0,0,0,0,0,0,0,0,0,0,2,2,30,1,1,2,1,0,0,1,66,1,1,1,88,0,0
29,290065,2,2,2,30,1,11,59,12,6,1,0,29,3,49,32,49032,4,2010,2T1BU4EE5AC4,2,T,1,B,U,4,E,E,5,A,C,4,0,P,TOYT,CBL,4D,10,17,2723,,0,1024,,G,,F,4,110,,,15R195,,,,,,0,0,000000000,00000000000,0,0,0,1,0,0,0,0,0,0,0,998,0,0,0,9,9,6,2,12,0,0,0,1,29,64507,0,0,0,0,0,0,67,160,0,1,0,0,1,1,2009,2,2009,0,39,38,0,0,2,2,25,1,1,2,1,20,3,1,17,1,1,1,89,1,1
29,290066,1,2,1,3,3,17,50,12,6,1,0,22,1,7,482,7482,31,2001,3B7KC23651G7,3,B,7,K,C,2,3,6,5,1,G,7,0,T,DODG,Q25,4C,1,17,,2,1547,1387,RPC,D,,,6,359,,,,C,5168,01,U,42,0,0,000000000,00000000000,0,0,0,1,0,0,0,0,0,0,0,60,0,0,0,12,12,6,2,12,0,0,0,1,22,71218,6,1,0,0,3,3,73,300,0,0,0,0,0,0,0,0,0,0,0,0,0,0,1,2,60,1,1,2,1,0,0,1,54,1,1,1,83,1,0
29,290066,2,2,1,3,3,17,50,12,6,1,0,29,1,14,401,14401,14,2006,4M2EU47E26UJ,4,M,2,E,U,4,7,E,2,6,U,J,0,P,MERC,MOU,UT,6,17,4679,,0,1137,,G,,F,6,244,,,17R245,,,,,,0,0,000000000,00000000000,0,0,0,1,0,0,0,0,0,0,0,10,0,1,1,9,9,6,2,12,0,0,0,1,29,64673,6,1,0,0,3,0,67,130,0,0,0,0,0,0,0,0,0,0,38,0,0,0,1,2,55,1,8,2,1,20,3,11,15,1,1,2,82,0,0
29,290067,1,1,1,4,3,21,12,34,0,1,0,29,2,72,706,72706,80,1996,1HD1FBR13TY6,1,H,D,1,F,B,R,1,3,T,Y,6,0,M,HD,LRI,RS,96,17,,,,,,,1340,,2,,4,692,,,,,,,0,0,000000000,00000000000,0,0,0,1,0,0,0,0,0,0,0,35,0,0,0,12,0,6,2,1,0,0,0,1,29,63389,6,1,0,0,3,0,72,200,0,0,0,0,0,0,0,0,0,1,0,0,0,0,1,2,35,1,1,2,2,0,0,1,10,1,1,4,6,1,1
29,290068,1,1,1,18,1,15,50,8,0,1,0,29,3,82,981,82981,50,2006,4UZAAXCT06CV,4,U,Z,A,A,X,C,T,0,6,C,V,0,T,FRHT,FS6,BU,6,17,,7,0,0,CHA,D,,,6,391,,,,,00000,00,,42,0,88,888888888,88888888888,8,21,22,1,0,0,0,0,1,0,0,3,0,0,0,12,12,0,3,8,0,0,0,1,29,65231,6,1,6,3,3,0,67,160,1,0,0,0,0,4,2008,4,2008,0,0,0,0,0,1,2,35,1,1,4,1,0,0,1,80,1,1,1,13,0,0
29,290069,1,1,3,9,2,8,59,35,0,1,0,29,1,38,401,38401,14,1998,JACDJ58X1W79,J,A,C,D,J,5,8,X,1,W,7,9,0,P,ISU,TRO,UT,98,17,4390,,0,1087,,G,,F,6,213,,,16R245,,,,,,0,0,000000000,00000000000,0,0,0,1,0,0,0,0,0,0,0,50,0,0,0,14,9,6,2,59,0,0,0,1,29,65807,6,1,0,0,3,0,63,130,1,0,0,0,0,8,2010,8,2010,1,0,0,0,0,2,2,60,1,1,1,3,0,0,6,13,1,3,4,2,1,0
29,290070,1,2,1,28,2,22,10,12,2,1,0,29,1,20,16,20016,4,1995,3G1JC5249SS8,3,G,1,J,C,5,2,4,9,S,S,8,0,P,CHEV,CAV,4D,95,17,2676,,0,1041,,G,,F,4,133,,,14R195,,,,,,0,0,000000000,00000000000,0,0,0,1,0,0,0,0,0,0,0,55,0,0,0,12,12,6,2,12,0,0,0,1,29,63670,6,2,0,0,2,0,73,140,1,0,0,0,0,12,2008,12,2008,0,0,0,0,0,1,2,55,3,6,2,1,0,0,14,62,1,1,1,51,1,1
29,290070,2,2,2,28,2,22,10,12,2,1,0,29,2,7,21,7021,6,2005,2D4FV48V25H5,2,D,4,F,V,4,8,V,2,5,H,5,0,P,DODG,MGN,UT,5,17,3811,,0,1200,,G,,F,6,214,,,17R215,,,,,,0,0,000000000,00000000000,0,0,0,1,0,0,0,0,0,0,0,55,0,0,0,12,12,6,2,12,0,0,0,1,29,63023,6,1,0,0,3,3,67,170,0,0,0,0,0,0,0,0,0,0,0,0,0,0,1,2,55,2,5,2,1,0,0,14,10,1,1,1,50,1,0
29,290071,1,1,2,4,3,8,2,35,0,1,0,29,2,20,401,20401,14,1995,1GNDT13W5S22,1,G,N,D,T,1,3,W,5,S,2,2,0,P,CHEV,BZR,UT,95,17,4071,,0,1070,,G,,F,6,262,,,15R205,,,,,,0,0,000000000,00000000000,0,0,0,1,0,0,0,0,0,0,0,55,0,1,5,14,0,6,2,1,0,0,0,1,29,65486,6,1,0,0,3,0,67,185,0,0,0,0,0,0,0,0,0,0,58,0,0,0,1,2,55,1,1,2,1,0,0,1,12,6,4,4,7,1,0
29,290072,1,2,2,24,2,7,40,12,6,1,0,29,2,12,481,12481,31,1998,1FTRX18L7WKA,1,F,T,R,X,1,8,L,7,W,K,A,0,T,FORD,F15,3C,98,17,,2,1570,1390,COF,G,,,8,330,,,,B,4480,01,E,44,0,0,000000000,00000000000,0,0,0,1,0,0,0,0,0,0,0,998,0,0,0,1,1,6,2,12,0,0,0,1,29,63775,6,2,0,0,2,0,67,125,0,0,0,0,0,0,0,0,0,1,58,0,0,0,1,2,45,4,2,2,2,0,0,14,10,6,4,3,64,1,0
29,290072,2,2,2,24,2,7,40,12,6,1,0,29,1,20,481,20481,31,2010,1GCSKPE04AZ2,1,G,C,S,K,P,E,0,4,A,Z,2,0,T,CHEV,SK1,4C,10,17,,2,1575,1435,SIL,F,,,8,323,,,,B,5286,02,,44,0,0,000000000,00000000000,0,0,0,1,0,0,0,0,0,0,0,998,0,0,0,12,12,6,2,12,0,0,0,1,29,63780,6,1,6,0,3,3,72,212,0,0,0,0,0,0,0,0,0,0,0,0,0,0,1,2,45,4,2,2,2,0,0,14,62,1,1,1,65,0,0
29,290073,1,1,1,15,2,21,5,58,0,1,0,29,1,20,22,20022,2,2005,1G1JH12F7571,1,G,1,J,H,1,2,F,7,5,7,1,0,P,CHEV,CLP,CP,5,17,2749,,0,1041,,G,,F,4,134,,,16R205,,,,,,0,0,000000000,00000000000,0,0,0,1,0,0,0,0,0,0,0,101,0,0,0,5,5,6,2,42,0,0,0,1,29,63385,6,1,0,0,3,0,70,160,0,0,0,0,0,0,0,0,0,1,0,0,0,0,1,2,55,1,1,2,1,0,0,1,6,1,4,4,2,1,1
29,290074,1,1,1,7,3,16,22,32,0,1,0,17,1,20,2,20002,4,2009,2G1WB57K5912,2,G,1,W,B,5,7,K,5,9,1,2,0,P,CHEV,IPL,4D,9,17,3555,,0,1105,,F,,F,6,214,,,16R225,,,,,,0,0,000000000,00000000000,0,0,0,1,0,0,0,0,0,0,0,50,0,1,5,12,0,6,2,1,0,0,0,1,17,62088,6,1,0,0,3,0,64,165,0,0,0,0,0,0,0,0,0,0,0,0,0,0,1,3,65,1,1,2,1,0,0,1,13,1,1,4,1,1,0
29,290075,1,1,2,19,2,15,35,35,0,1,0,29,1,20,4,20004,2,2000,1G1YY22G3Y51,1,G,1,Y,Y,2,2,G,3,Y,5,1,0,P,CHEV,CVT,CP,0,17,3173,,0,1045,,G,,F,8,350,,,17R245,,,,,,0,0,000000000,00000000000,0,0,0,1,0,0,0,0,0,0,0,40,0,1,5,1,0,6,2,1,0,0,0,1,29,63016,6,1,0,0,3,3,67,175,1,0,0,0,0,8,2009,8,2009,1,0,0,0,0,1,2,5,2,2,2,1,0,0,14,13,1,1,4,1,1,0
29,290076,1,2,4,5,3,21,20,12,1,1,0,29,1,20,441,20441,20,1995,1GNDM19W9SB1,1,G,N,D,M,1,9,W,9,S,B,1,0,T,CHEV,AST,ES,95,17,,1,0,1110,AST,G,,,6,262,,,,B,3998,00,,42,0,0,000000000,00000000000,0,0,0,1,0,0,0,0,0,0,0,60,0,0,0,12,12,6,2,12,0,0,0,1,29,63136,1,1,0,0,2,0,74,165,0,2,0,0,2,9,2010,11,2010,1,0,0,0,0,1,6,35,1,1,2,2,2,3,1,50,1,1,1,20,1,0
29,290076,2,2,1,5,3,21,20,12,1,1,0,29,1,14,401,14401,14,2004,4M2ZU86W84UJ,4,M,2,Z,U,8,6,W,8,4,U,J,0,P,MERC,MOU,UT,4,17,4433,,0,1138,,G,,F,8,281,,,16R235,,,,,,0,0,000000000,00000000000,0,0,0,1,0,0,0,0,0,0,0,0,0,0,0,6,6,6,2,12,0,0,0,1,29,63136,6,1,0,0,3,3,71,195,0,0,0,0,0,0,0,0,0,0,0,0,0,0,1,6,35,1,1,2,2,2,3,5,98,1,1,1,21,0,0
29,290077,1,1,1,6,3,1,30,8,0,1,0,17,3,52,882,52882,62,2002,JW6DEL1E52M0,J,W,6,D,E,L,1,E,5,2,M,0,0,T,MIFU,M17,TB,2,17,,6,0,0,FM6,D,,,6,460,,,,,00000,00,,42,0,57,358942,57358942,2,1,1,1,0,0,0,0,0,0,0,998,0,0,0,12,12,6,2,8,0,0,0,1,17,62061,6,1,0,0,3,3,72,240,0,0,0,0,0,0,0,0,0,0,0,0,0,0,3,3,60,1,1,2,1,0,0,1,80,2,1,1,13,0,0
29,290078,1,1,1,10,3,16,4,30,0,1,0,29,1,12,422,12422,15,2000,1FMPU18L7YLC,1,F,M,P,U,1,8,L,7,Y,L,C,0,P,FORD,EPT,UT,0,17,5401,,0,1191,,G,,F,8,330,,,16R255,,,,,,0,0,000000000,00000000000,0,0,0,1,0,0,0,0,0,0,0,60,0,0,0,12,0,6,2,30,0,0,1,1,29,63026,6,1,0,0,3,3,71,175,2,0,0,0,1,3,2009,5,2010,1,0,0,0,0,2,2,55,1,1,2,1,0,0,1,12,1,1,4,6,1,0
29,290079,1,1,1,18,2,19,15,8,0,1,0,29,1,20,881,20881,61,2006,1GBE5C1266F4,1,G,B,E,5,C,1,2,6,6,F,4,0,T,CHEV,C5C,CB,6,17,,5,2240,1280,C55,D,,,8,403,,,,,00000,00,,42,0,88,888888888,88888888888,2,1,3,1,0,0,0,0,0,0,0,998,0,0,0,12,12,2,1,8,0,0,0,1,29,63049,6,1,0,0,3,0,72,200,1,0,0,0,0,12,2009,12,2009,0,0,0,0,0,2,3,45,1,2,1,1,0,0,1,80,1,1,1,13,0,0
29,290080,1,1,2,26,2,22,50,1,0,1,0,5,2,12,442,12442,20,2000,2FMZA5148YBC,2,F,M,Z,A,5,1,4,8,Y,B,C,0,T,FORD,WLX,ES,0,17,,1,0,1207,WIN,G,,,6,232,,,,B,3910,00,E,42,0,0,000000000,00000000000,0,0,0,1,0,0,0,0,0,0,0,55,0,2,5,0,0,6,2,1,0,0,0,1,5,72616,6,1,0,0,3,0,62,107,0,0,0,0,0,0,0,0,0,0,58,0,0,0,1,2,55,3,5,2,1,0,0,14,13,6,3,4,2,2,1
29,290081,1,1,1,9,3,20,20,34,0,1,0,29,1,23,471,23471,30,1995,1GKDT13W5S25,1,G,K,D,T,1,3,W,5,S,2,5,0,T,GMC,JMY,4W,95,17,,1,0,1070,JMY,G,,,6,262,,,,B,00000,00,M,44,0,0,000000000,00000000000,0,0,0,1,0,0,0,0,0,0,0,70,0,1,5,11,0,6,2,1,0,0,0,1,29,65713,6,1,6,0,3,3,73,185,0,0,0,0,0,0,0,0,0,1,0,0,0,0,1,2,55,2,2,2,1,0,0,14,12,3,3,4,7,1,1
29,290082,1,1,2,11,3,6,50,34,0,1,0,29,2,22,18,22018,2,1997,1G2NW12T6VC7,1,G,2,N,W,1,2,T,6,V,C,7,0,P,PONT,GAG,CP,97,17,2808,,0,1034,,G,,F,4,146,,,16R205,,,,,,0,0,000000000,00000000000,0,0,0,1,0,0,0,0,0,0,0,998,0,1,5,12,12,6,2,1,0,0,0,1,29,64504,2,2,0,0,2,0,68,200,0,3,0,0,0,4,2008,3,2010,0,0,0,0,0,1,2,60,1,2,1,1,0,0,1,13,1,1,4,1,2,1
29,290083,1,1,1,12,3,20,15,35,0,1,0,29,1,12,481,12481,31,2008,1FTPW14V38KB,1,F,T,P,W,1,4,V,3,8,K,B,0,T,FORD,F1S,CW,8,17,,2,1500,1390,COF,F,,,8,329,,,,B,5361,01,E,44,0,0,000000000,00000000000,0,0,0,1,0,0,0,0,0,0,0,60,0,1,5,1,0,6,2,1,0,0,0,1,29,63445,6,1,0,0,3,0,72,230,0,0,0,0,0,0,0,0,0,0,0,0,0,0,1,2,60,2,1,2,1,0,0,14,13,1,1,4,1,1,1
29,290084,1,2,1,14,3,17,53,12,6,1,0,29,2,12,16,12016,4,1998,2FAFP73W5WX1,2,F,A,F,P,7,3,W,5,W,X,1,0,P,FORD,CVI,4D,98,17,3917,,0,1144,,G,,F,8,281,,,15R225,,,,,,0,0,000000000,00000000000,0,0,0,1,0,0,0,0,0,0,0,10,0,0,0,9,9,6,2,12,0,0,0,1,29,64801,6,1,0,0,3,3,66,233,1,0,0,1,0,2,2009,6,2010,0,38,0,0,0,1,2,60,1,2,2,2,20,3,11,15,1,1,1,82,1,0
29,290084,2,2,2,14,3,17,53,12,6,1,0,29,1,37,441,37441,20,2002,2HKRL18662H5,2,H,K,R,L,1,8,6,6,2,H,5,0,P,HOND,UDY,SV,2,17,4354,,0,1181,,G,,F,6,212,,,16R225,,,,,,0,0,000000000,00000000000,0,0,0,1,0,0,0,0,0,0,0,55,0,0,0,12,12,4,3,12,0,0,0,1,29,64840,6,1,0,0,3,3,71,170,0,0,0,0,0,0,0,0,0,0,0,0,0,0,1,2,60,1,3,2,2,0,0,1,66,9,2,2,83,0,0
29,290085,1,1,1,16,3,16,40,59,0,1,0,29,1,12,443,12443,20,2004,2FMDA51624BA,2,F,M,D,A,5,1,6,2,4,B,A,0,P,FORD,FRE,SV,4,17,4275,,0,1208,,G,,F,6,238,,,16R225,,,,,,0,0,000000000,00000000000,0,0,0,1,0,0,0,0,0,0,0,70,0,0,0,12,12,6,2,21,0,0,0,1,29,64137,6,1,0,0,3,3,69,170,0,0,0,2,0,12,2009,2,2011,0,0,0,0,0,3,2,70,1,2,2,1,0,0,1,13,1,1,4,1,1,0
29,290086,1,1,1,12,2,23,53,30,0,1,0,29,1,49,51,49051,4,2007,JTDJT9236750,J,T,D,J,T,9,2,3,6,7,5,0,0,P,TOYT,YAR,2H,7,17,2290,,0,969,,G,,F,4,092,,,14R175,,,,,,0,0,000000000,00000000000,0,0,0,1,0,0,0,0,0,0,0,998,0,1,5,11,0,6,2,1,0,0,0,1,29,63031,6,1,0,0,3,0,76,160,0,0,0,1,0,12,2010,12,2010,0,0,0,0,0,1,2,40,1,1,2,1,0,0,1,12,1,1,4,6,1,1
29,290087,1,1,1,18,3,5,50,42,0,1,0,32,1,19,3,19003,4,1989,1G6CB5154K43,1,G,6,C,B,5,1,5,4,K,4,3,0,P,CADI,FFL,4D,89,17,3364,,0,1138,,G,,F,8,276,,,15R205,,,,,,0,0,000000000,00000000000,0,0,0,1,0,0,0,0,0,0,0,70,0,1,5,12,0,6,2,1,0,0,0,1,32,89103,6,1,0,0,3,0,70,170,0,0,0,0,0,0,0,0,0,0,0,0,0,0,2,2,70,1,6,2,1,0,0,1,13,7,2,4,2,1,0
29,290088,1,2,3,16,2,23,49,12,9,1,0,92,0,63,34,63034,4,2006,KNAGD128X654,K,N,A,G,D,1,2,8,X,6,5,4,0,P,KIA,OLE,4D,6,17,3281,,0,1063,,G,,F,6,162,,,16R205,,,,,,0,0,000000000,00000000000,0,0,0,1,0,0,0,0,0,0,0,998,0,0,0,3,3,6,2,12,0,0,0,1,29,64136,2,1,0,0,2,0,64,140,0,5,0,0,0,3,2008,10,2010,1,27,0,0,0,2,3,45,1,2,2,2,0,0,15,51,99,1,2,32,2,0