STATE,ST_CASE,VEH_NO,VE_FORMS,NUMOCCS,DAY,MONTH,HOUR,MINUTE,HARM_EV,MAN_COLL,UNITTYPE,HIT_RUN,REG_STAT,OWNER,MAKE,MODEL,MAK_MOD,BODY_TYP,MOD_YEAR,VIN,VIN_1,VIN_2,VIN_3,VIN_4,VIN_5,VIN_6,VIN_7,VIN_8,VIN_9,VIN_10,VIN_11,VIN_12,TOW_VEH,VINTYPE,VINMAKE,VINA_MOD,VIN_BT,VINMODYR,VIN_LNGT,VIN_WGT,WGTCD_TR,WHLBS_LG,WHLBS_SH,SER_TR,FUELCODE,MCYCL_DS,CARBUR,CYLINDER,DISPLACE,MCYCL_CY,MCYCL_WT,TIRE_SZE,TON_RAT,TRK_WT,TRKWTVAR,VIN_REST,WHLDRWHL,J_KNIFE,MCARR_I1,MCARR_I2,MCARR_ID,GVWR,V_CONFIG,CARGO_BT,HAZ_INV,HAZ_PLAC,HAZ_ID,HAZ_CNO,HAZ_REL,BUS_USE,SPEC_USE,EMER_USE,TRAV_SP,UNDERIDE,ROLLOVER,ROLINLOC,IMPACT1,IMPACT2,DEFORMED,TOWED,M_HARM,VEH_SC1,VEH_SC2,FIRE_EXP,DR_PRES,L_STATE,DR_ZIP,L_STATUS,L_TYPE,CDL_STAT,L_ENDORS,L_COMPL,L_RESTRI,DR_HGT,DR_WGT,PREV_ACC,PREV_SUS,PREV_DWI,PREV_SPD,PREV_OTH,FIRST_MO,FIRST_YR,LAST_MO,LAST_YR,SPEEDREL,DR_SF1,DR_SF2,DR_SF3,DR_SF4,VTRAFWAY,VNUM_LAN,VSPD_LIM,VALIGN,VPROFILE,VPAVETYP,VSURCOND,VTRAFCON,VTCONT_F,P_CRASH1,P_CRASH2,P_CRASH3,PCRASH4,PCRASH5,ACC_TYPE,DEATHS,DR_DRINK
29,290122,1,1,0,11,4,13,8,8,0,1,0,29,3,12,881,12881,61,2003,1FDWF37L43ED,1,F,D,W,F,3,7,L,4,3,E,D,0,T,FORD,F3D,CB,3,17,,3,1650,1410,DRW,G,,,8,330,,,,D,00000,00,E,44,0,77,777777777,77777777777,2,1,96,1,0,0,0,0,0,0,0,10,0,0,0,12,12,2,3,8,0,0,0,0,0,99997,7,6,97,7,6,7,998,997,998,998,998,998,998,98,9998,98,9998,8,0,0,0,0,1,2,25,1,6,2,1,0,0,0,80,0,0,0,15,0,0
29,290123,1,2,1,12,4,14,16,20,0,1,0,92,0,59,33,59033,2,1992,JT8UZ30C1N00,J,T,8,U,Z,3,0,C,1,N,0,0,0,P,LEXS,SC4,CP,92,17,3575,,0,1059,,G,,F,8,242,,,15R215,,,,,,0,0,000000000,00000000000,0,0,0,1,0,0,0,0,0,0,0,70,0,0,0,12,12,6,2,20,0,0,0,1,93,63366,6,1,0,0,3,0,67,138,3,0,0,0,0,8,2008,11,2009,0,27,34,0,0,3,3,55,1,1,2,1,0,0,15,12,1,1,4,6,1,0
29,290123,2,2,1,12,4,14,16,20,0,1,0,29,3,85,881,85881,66,2011,1XKDDU9X2BJ2,1,X,K,D,D,U,9,X,2,B,J,2,1,T,KW,T80,TR,11,17,,8,2600,1600,CON,D,,,6,763,,,,,00000,00,,64,1,77,777777777,77777777777,3,6,28,1,0,0,0,0,0,0,0,55,0,0,0,9,9,2,1,12,0,0,0,1,29,65441,6,1,6,3,3,3,69,200,0,0,0,0,0,0,0,0,0,0,0,0,0,0,3,3,55,1,1,2,1,0,0,1,61,1,1,1,98,0,0
29,290124,1,1,1,3,4,22,50,1,0,1,0,29,1,12,402,12402,14,2005,1FMYU04105KE,1,F,M,Y,U,0,4,1,0,5,K,E,0,P,FORD,SPE,UT,5,17,3304,,0,1031,,G,,F,6,183,,,16R235,,,,,,0,0,000000000,00000000000,0,0,0,1,0,0,0,0,0,0,0,69,0,1,2,0,0,6,2,1,0,0,0,1,29,65565,6,1,0,0,3,0,62,133,0,0,0,0,0,0,0,0,0,0,58,0,0,0,1,2,55,3,6,2,1,0,0,14,13,6,3,4,98,1,0
29,290125,1,1,3,9,4,17,15,34,0,1,0,29,2,37,402,37402,14,1998,JHLRD1864WC0,J,H,L,R,D,1,8,6,4,W,C,0,0,P,HOND,CRV,UT,98,17,3155,,0,1032,,G,,F,4,120,,,15R205,,,,,,0,0,000000000,00000000000,0,0,0,1,0,0,0,0,0,0,0,63,0,1,5,12,0,6,2,1,0,0,0,1,29,63640,6,2,0,0,3,2,64,135,0,0,0,0,0,0,0,0,0,1,58,73,0,0,1,2,55,2,6,2,1,0,0,14,12,7,4,4,7,1,0
29,290126,1,2,1,10,4,7,35,12,2,1,0,29,1,23,421,23421,15,2006,1GKEK13T26R1,1,G,K,E,K,1,3,T,2,6,R,1,0,T,GMC,YUK,4W,6,17,,2,0,1160,YUK,G,,,8,323,,,,B,5210,00,4,44,0,0,000000000,00000000000,0,0,0,1,0,0,0,0,0,0,0,46,0,0,0,12,12,6,2,12,0,0,0,1,29,63628,6,1,0,0,3,3,73,190,0,0,0,1,2,8,2009,8,2009,0,0,0,0,0,1,2,50,1,6,1,1,0,0,1,10,1,1,2,50,0,0
29,290126,2,2,2,10,4,7,35,12,2,1,0,29,1,12,481,12481,31,1995,1FTEX14N2SKB,1,F,T,E,X,1,4,N,2,S,K,B,0,T,FORD,F15,PC,95,17,,2,1550,1390,COF,G,,,8,302,,,,B,00000,00,M,44,0,0,000000000,00000000000,0,0,0,1,0,0,0,0,0,0,0,998,0,0,0,12,12,6,2,12,0,0,0,1,29,63628,6,1,6,0,3,0,70,225,0,0,0,0,0,0,0,0,0,0,0,0,0,0,1,2,50,1,5,1,1,0,0,2,62,9,1,1,51,1,0
29,290127,1,2,1,4,4,21,43,12,2,1,0,29,1,18,2,18002,4,1999,1G4HR52K2XH4,1,G,4,H,R,5,2,K,2,X,H,4,0,P,BUIC,LLF,4D,99,17,3468,,0,1108,,G,,F,6,231,,,15R205,,,,,,0,0,000000000,00000000000,0,0,0,1,0,0,0,0,0,0,0,998,0,0,0,12,12,6,2,12,0,0,0,1,29,64089,6,1,0,0,3,0,69,220,0,0,0,0,0,0,0,0,0,0,0,0,0,0,2,2,65,1,1,2,1,0,0,1,54,99,1,1,51,1,0
29,290127,2,2,1,4,4,21,43,12,2,1,0,29,1,20,421,20421,15,1996,3GNEK18R8TG1,3,G,N,E,K,1,8,R,8,T,G,1,0,P,CHEV,KTA,UT,96,17,4741,,0,1115,,G,,F,8,350,,,16R245,,,,,,0,0,000000000,00000000000,0,0,0,1,0,0,0,0,0,0,0,998,0,0,0,12,12,6,2,12,0,0,0,1,29,64152,2,1,0,0,2,3,71,170,0,2,1,0,0,7,2009,1,2010,0,50,0,0,0,2,2,65,1,1,2,1,0,0,1,54,1,1,1,50,0,1
29,290128,1,1,2,10,4,4,35,25,0,1,0,29,2,20,422,20422,15,2004,1GNFK16Z74J2,1,G,N,F,K,1,6,Z,7,4,J,2,0,P,CHEV,K15,UT,4,17,5219,,0,1300,,F,,F,8,325,,,16R265,,,,,,0,0,000000000,00000000000,0,0,0,1,0,0,0,0,0,0,0,998,0,1,3,12,12,6,2,1,0,0,0,1,47,38372,6,1,0,0,3,0,67,145,0,0,0,1,1,9,2010,3,2011,0,0,0,0,0,3,3,55,1,1,2,1,0,0,1,12,1,4,4,7,1,1
29,290129,1,1,1,12,4,7,13,35,0,1,0,29,1,20,402,20402,14,2002,2CNBJ13C7269,2,C,N,B,J,1,3,C,7,2,6,9,0,P,CHEV,TKR,UT,2,17,3027,,0,976,,G,,F,4,122,,,15R205,,,,,,0,0,000000000,00000000000,0,0,0,1,0,0,0,0,0,0,0,40,0,1,5,12,0,6,2,1,0,0,0,1,29,63701,6,1,0,0,3,0,66,155,2,0,0,0,0,1,2010,9,2010,0,0,0,0,0,1,2,40,3,2,2,8,97,8,14,13,7,3,4,2,1,1
29,290130,1,2,1,12,4,18,21,12,6,1,0,29,1,12,401,12401,14,2002,1FMZU73E62UC,1,F,M,Z,U,7,3,E,6,2,U,C,0,P,FORD,EPR,UT,2,17,4378,,0,1137,,G,,F,6,245,,,16R235,,,,,,0,0,000000000,00000000000,0,0,0,1,0,0,0,0,0,0,0,46,0,0,0,12,12,6,2,12,0,0,0,1,29,64137,0,0,0,0,0,0,67,150,0,0,0,0,0,0,0,0,0,0,0,0,0,0,1,4,35,1,6,2,1,0,0,1,71,1,1,1,88,0,0
29,290130,2,2,2,12,4,18,21,12,6,1,0,29,1,6,43,6043,2,2004,4C3AG52H54E1,4,C,3,A,G,5,2,H,5,4,E,1,0,P,CHRY,SLT,CP,4,17,3104,,0,1037,,G,,F,6,181,,,17R215,,,,,,0,0,000000000,00000000000,0,0,0,1,0,0,0,0,0,0,0,15,0,0,0,9,9,6,2,12,0,0,0,1,29,64127,0,0,0,0,0,0,62,115,0,0,0,0,0,0,0,0,0,0,38,0,0,0,0,0,0,0,0,0,0,0,0,1,17,1,1,1,89,1,0
29,290131,1,1,1,17,3,18,12,10,0,1,0,29,1,42,42,42042,4,2010,WDDGF8BB9AF4,W,D,D,G,F,8,B,B,9,A,F,4,0,P,MERZ,C4A,4D,10,17,3737,,0,1087,,G,,F,6,183,,,17R225,,,,,,0,0,000000000,00000000000,0,0,0,1,0,0,0,0,0,0,0,998,0,0,0,2,2,6,2,10,0,0,0,1,29,64064,1,1,0,0,2,0,63,120,3,1,0,0,0,5,2008,3,2010,0,39,0,0,0,1,2,40,1,1,2,1,65,3,1,91,1,1,1,15,1,0
29,290132,1,2,1,8,4,10,45,12,2,1,0,29,3,84,881,84881,62,2010,1HTMMAAL4AH1,1,H,T,M,M,A,A,L,4,A,H,1,0,T,INTL,430,CC,10,17,,6,0,0,40S,D,,,6,466,,,,,00000,00,,42,0,99,999999999,99999999999,2,1,1,1,0,0,0,0,0,0,0,45,0,0,0,12,12,4,3,12,0,0,0,1,29,65807,6,1,0,0,3,0,69,200,0,0,0,0,0,0,0,0,0,0,28,0,0,0,1,2,55,2,1,2,1,0,0,14,10,8,2,2,50,0,0
29,290132,2,2,1,8,4,10,45,12,2,1,0,29,2,20,37,20037,4,2000,1G1ND52J8Y62,1,G,1,N,D,5,2,J,8,Y,6,2,0,P,CHEV,MAL,4D,0,17,3051,,0,1070,,G,,F,6,191,,,15R215,,,,,,0,0,000000000,00000000000,0,0,0,1,0,0,0,0,0,0,0,45,0,0,0,12,12,6,2,12,0,0,0,1,20,66739,6,1,0,0,3,0,63,125,0,0,0,0,0,0,0,0,0,0,0,0,0,0,1,2,55,3,1,2,1,0,0,14,62,1,1,1,51,1,0
29,290133,1,1,1,19,2,4,50,33,0,1,0,92,0,19,14,19014,4,1997,1G6KS52Y0VU8,1,G,6,K,S,5,2,Y,0,V,U,8,0,P,CADI,SLS,4D,97,17,3797,,0,1110,,G,,F,8,279,,,16R225,,,,,,0,0,000000000,00000000000,0,0,0,1,0,0,0,0,0,0,0,998,0,1,5,14,0,6,2,2,0,0,1,1,29,64130,1,1,0,0,2,0,70,175,1,1,0,0,0,8,2008,12,2010,1,0,0,0,0,1,4,35,3,1,2,2,0,0,14,13,1,1,4,1,1,1
29,290134,1,1,1,24,4,4,30,59,0,1,0,29,1,20,2,20002,4,2001,2G1WH55K7192,2,G,1,W,H,5,5,K,7,1,9,2,0,P,CHEV,IPL,4D,1,17,3466,,0,1105,,G,,F,6,231,,,16R225,,,,,,0,0,000000000,00000000000,0,0,0,1,0,0,0,0,0,0,0,40,0,0,0,10,98,6,2,46,0,0,0,1,29,63031,6,1,0,0,3,0,72,195,0,1,0,0,0,6,2009,6,2009,0,0,0,0,0,5,4,40,1,1,2,2,0,0,1,13,1,1,4,1,1,1
29,290135,1,1,1,11,4,12,1,58,0,1,0,29,3,12,481,12481,31,2004,1FTRX12W64NC,1,F,T,R,X,1,2,W,6,4,N,C,0,T,FORD,F15,4C,4,17,,2,1450,1260,COF,G,,,8,281,,,,B,5170,00,U,42,0,0,000000000,00000000000,0,0,0,1,0,0,0,0,0,0,0,70,0,1,3,14,12,6,2,1,0,0,0,1,29,64836,6,1,0,0,3,0,77,205,0,0,0,0,0,0,0,0,0,0,0,0,0,0,2,2,70,1,1,1,1,0,0,1,12,1,1,4,6,1,0
29,290136,1,2,1,4,3,15,13,12,1,1,0,92,0,21,3,21003,4,1993,1G3CX53L9P43,1,G,3,C,X,5,3,L,9,P,4,3,0,P,OLDS,9RF,4D,93,17,3487,,0,1108,,G,,F,6,231,,,15R205,,,,,,0,0,000000000,00000000000,0,0,0,1,0,0,0,0,0,0,0,998,0,0,0,12,12,2,1,12,0,0,0,1,29,63147,6,1,0,0,3,0,73,205,1,0,0,0,0,8,2009,8,2009,0,0,0,0,0,1,4,35,1,1,2,1,1,3,1,50,1,1,1,20,1,0
29,290136,2,2,1,4,3,15,13,12,1,1,0,29,3,20,461,20461,21,2006,1GCGG25V1612,1,G,C,G,G,2,5,V,1,6,1,2,0,T,CHEV,E25,CG,6,17,,2,0,1350,EXP,G,,,8,293,,,,C,5338,00,,42,0,0,000000000,00000000000,0,0,0,1,0,0,0,0,0,0,0,0,0,0,0,6,6,2,1,12,0,0,0,1,17,62234,6,1,0,0,3,0,72,240,0,0,0,1,0,9,2009,9,2009,0,0,0,0,0,1,4,35,1,1,2,1,1,3,5,53,1,1,1,21,0,0
29,290137,1,1,1,9,4,1,34,24,0,1,0,29,2,20,402,20402,14,1997,2CNBJ1869V69,2,C,N,B,J,1,8,6,9,V,6,9,0,P,GEO,GEO,UT,97,17,2555,,0,866,,G,,F,4,097,,,15R205,,,,,,0,0,000000000,00000000000,0,0,0,1,0,0,0,0,0,0,0,55,0,0,0,12,12,4,3,24,0,0,0,1,29,65020,6,1,0,0,3,0,74,175,0,0,0,0,1,3,2011,3,2011,0,0,0,0,0,1,2,55,3,5,2,1,0,0,14,13,1,1,4,1,1,1
29,290138,1,2,1,20,4,13,55,12,2,1,0,92,0,20,37,20037,4,2007,1G1ZS57F07F2,1,G,1,Z,S,5,7,F,0,7,F,2,0,P,CHEV,M/L,4D,7,17,3122,,0,1063,,G,,F,4,134,,,15R205,,,,,,0,0,000000000,00000000000,0,0,0,1,0,0,0,0,0,0,0,48,3,0,0,12,12,6,2,12,0,0,0,1,29,65065,6,1,0,0,3,3,76,235,1,0,0,0,0,6,2009,6,2009,0,0,0,0,0,1,2,55,2,3,2,1,0,0,14,10,1,1,2,50,1,0
29,290138,2,2,1,20,4,13,55,12,2,1,0,29,1,23,461,23461,21,2004,1GTHG35U4411,1,G,T,H,G,3,5,U,4,4,1,1,0,T,GMC,SA3,SV,4,17,,2,0,1350,SAV,G,,,8,364,,,,D,5414,00,U,42,0,0,000000000,00000000000,0,0,0,1,0,0,0,0,0,0,0,37,7,0,0,12,12,6,2,12,0,0,0,1,29,65020,6,1,0,0,3,3,72,170,0,0,0,1,0,7,2010,7,2010,0,0,0,0,0,1,2,55,3,3,2,1,0,0,14,62,3,2,1,51,0,0
29,290139,1,1,1,21,4,10,25,35,0,1,0,29,1,20,17,20017,4,1985,1G1AW19R8F62,1,G,1,A,W,1,9,R,8,F,6,2,0,P,CHEV,CEL,4D,85,17,2605,,0,1049,,G,,F,4,151,,,14R185,,,,,,0,0,000000000,00000000000,0,0,0,1,0,0,0,0,0,0,0,55,0,0,0,14,12,6,2,42,0,0,0,1,29,65629,6,1,0,0,3,3,63,120,0,0,0,0,0,0,0,0,0,0,0,0,0,0,1,2,55,1,6,2,1,0,0,1,13,1,3,4,2,1,0
29,290140,1,2,1,21,4,19,5,12,6,1,0,29,2,12,401,12401,14,1996,1FMCU24X2TUB,1,F,M,C,U,2,4,X,2,T,U,B,0,P,FORD,EPR,UT,96,17,3981,,0,1017,,G,,F,6,245,,,15R225,,,,,,0,0,000000000,00000000000,0,0,0,1,0,0,0,0,0,0,0,55,0,0,0,12,12,4,3,12,0,0,0,1,29,65723,6,1,0,0,3,0,72,145,0,0,0,1,0,7,2010,7,2010,0,0,0,0,0,1,2,60,1,6,2,2,0,0,1,67,3,1,1,88,0,0
29,290140,2,2,1,21,4,19,5,12,6,1,0,29,1,6,52,6052,6,2004,3C4FY58B44T2,3,C,4,F,Y,5,8,B,4,4,T,2,0,P,CHRY,PTC,SV,4,17,3037,,0,1030,,G,,F,4,148,,,16R205,,,,,,0,0,000000000,00000000000,0,0,0,1,0,0,0,0,0,0,0,5,0,0,0,9,12,6,2,12,0,0,0,1,29,64850,6,1,0,0,3,3,62,130,0,0,0,0,0,0,0,0,0,0,38,0,0,0,1,2,60,1,8,2,2,20,3,1,15,1,1,1,89,1,0
29,290141,1,1,2,6,3,4,19,30,0,1,0,29,2,49,45,49045,4,2000,JTDBT1237Y00,J,T,D,B,T,1,2,3,7,Y,0,0,0,P,TOYT,ECH,4D,0,17,2030,,0,934,,G,,F,4,091,,,14R175,,,,,,0,0,000000000,00000000000,0,0,0,1,0,0,0,0,0,0,0,998,0,0,0,9,9,6,2,30,0,0,0,1,29,63125,6,1,0,0,3,0,70,250,2,0,0,1,0,3,2009,8,2010,1,0,0,0,0,1,2,35,2,2,2,1,0,0,14,6,1,1,4,1,2,1
29,290142,1,1,1,12,3,14,49,8,0,1,0,29,1,35,50,35050,5,2011,3N1BC1CP0BL4,3,N,1,B,C,1,C,P,0,B,L,4,0,P,NISS,VSL,4H,11,17,2693,,0,1024,,G,,F,4,110,,,15R185,,,,,,0,0,000000000,00000000000,0,0,0,1,0,0,0,0,0,0,0,998,0,0,0,12,12,2,1,8,0,0,0,1,29,63017,6,1,0,0,3,0,66,190,0,1,0,1,0,7,2010,8,2010,0,0,0,0,0,0,0,0,0,0,0,0,0,0,11,80,2,1,1,13,0,0
29,290143,1,1,1,8,4,21,58,8,0,1,0,29,1,37,32,37032,4,2001,JHMCG55661C0,J,H,M,C,G,5,5,6,6,1,C,0,0,P,HOND,UEX,4D,1,17,3075,,0,1069,,G,,F,4,138,,,15R195,,,,,,0,0,000000000,00000000000,0,0,0,1,0,0,0,0,0,0,0,30,0,0,0,12,12,2,3,8,0,0,0,1,29,64056,6,1,0,0,3,0,66,160,2,0,0,2,0,6,2008,8,2009,0,0,0,0,0,5,4,35,1,1,2,1,0,0,1,80,1,1,1,13,0,0
29,290144,1,2,2,13,4,13,20,12,1,1,0,29,1,12,881,12881,63,1995,1FDXF80C1SVA,1,F,D,X,F,8,0,C,1,S,V,A,0,T,FORD,F80,CC,95,17,,7,2560,1290,MHV,D,,,6,359,,,,,6700,18,,42,0,77,777777777,77777777777,3,1,4,1,0,0,0,0,0,0,0,0,0,0,0,6,6,0,1,12,0,0,0,1,29,64870,6,1,6,0,3,0,70,180,1,0,0,1,0,8,2008,3,2010,0,0,0,0,0,1,2,55,1,1,2,1,0,0,2,53,1,1,1,29,0,0
29,290144,2,2,1,13,4,13,20,12,1,1,0,29,1,73,706,73706,80,2007,JKBVNAN187A0,J,K,B,V,N,A,N,1,8,7,A,0,0,M,KAWK,V5N,RS,7,17,,,,,,,1470,,2,,4,660,,,,,,,0,0,000000000,00000000000,0,0,0,1,0,0,0,0,0,0,0,998,0,0,0,12,12,6,2,12,0,0,0,1,29,64771,6,1,0,0,3,3,72,200,1,0,0,0,0,6,2008,6,2008,1,26,0,0,0,1,2,55,1,1,2,1,0,0,1,52,3,1,1,28,1,0
29,290145,1,2,2,14,4,21,5,12,6,1,0,29,2,20,481,20481,31,1973,CCX143Z18664,C,C,X,1,4,3,Z,1,8,6,6,4,0,T,CHEV,C10,PK,73,13,,1,1315,1065,C10,G,,,8,307,,,,B,,,,42,0,0,000000000,00000000000,0,0,0,1,0,0,0,0,0,0,0,49,0,0,0,12,12,6,2,12,0,0,0,1,29,65810,2,1,0,0,2,0,67,150,0,5,0,0,0,8,2009,2,2010,1,0,0,0,0,1,2,30,1,2,2,1,0,0,1,62,3,1,1,65,0,1
29,290145,2,2,2,14,4,21,5,12,6,1,0,92,0,98,998,98998,97,9999,000000000000,0,0,0,0,0,0,0,0,0,0,0,0,1,,,,,,,,,,,,,,,,,,,,,,,,,1,0,000000000,00000000000,0,0,0,1,0,0,0,0,0,0,0,998,0,0,0,8,8,6,2,12,0,0,0,1,29,65810,6,1,0,0,3,0,72,225,0,0,0,0,0,0,0,0,0,0,38,0,0,0,1,2,30,1,3,2,1,0,0,2,10,1,1,2,64,1,0
29,290146,1,1,1,9,4,21,25,59,0,1,0,29,1,23,481,23481,31,1992,1GTDC14HXNZ5,1,G,T,D,C,1,4,H,X,N,Z,5,0,T,GMC,SC1,PK,92,17,,1,1315,1175,SIE,G,,,8,305,,,,B,3701,02,A,42,0,0,000000000,00000000000,0,0,0,1,0,0,0,0,0,0,0,50,0,0,0,12,12,6,2,23,0,0,0,1,29,63944,6,1,0,0,3,0,73,220,0,0,0,0,0,0,0,0,0,0,0,0,0,0,1,2,55,1,1,2,2,0,0,1,13,1,1,4,1,1,0
29,290147,1,1,2,22,4,20,50,58,0,1,0,29,1,20,403,20403,14,2004,1GNDT13S2422,1,G,N,D,T,1,3,S,2,4,2,2,0,P,CHEV,TRL,UT,4,17,4612,,0,1130,,G,,F,6,256,,,16R245,,,,,,0,0,000000000,00000000000,0,0,0,1,0,0,0,0,0,0,0,55,0,1,4,12,0,6,2,1,0,0,0,1,29,64040,6,1,0,0,3,0,63,101,3,1,0,3,0,10,2008,2,2010,0,0,0,0,0,1,2,55,2,1,2,1,0,0,14,10,8,2,4,7,1,0
29,290148,1,2,2,18,3,16,15,12,6,1,0,29,1,49,472,49472,30,2008,5TETX22N58Z5,5,T,E,T,X,2,2,N,5,8,Z,5,0,T,TOYT,ACC,PC,8,17,,1,0,1272,TAC,G,,,4,164,,,,B,3490,00,U,42,0,0,000000000,00000000000,0,0,0,1,0,0,0,0,0,0,0,65,0,0,0,12,12,6,2,12,0,0,0,1,29,64772,6,1,0,0,3,0,66,120,0,0,0,0,0,0,0,0,0,0,0,0,0,0,1,2,65,1,1,2,1,0,0,1,66,6,1,1,88,0,0
29,290148,2,2,1,18,3,16,15,12,6,1,0,92,0,14,6,14006,4,2000,2MEFM75W2YX6,2,M,E,F,M,7,5,W,2,Y,X,6,0,P,MERC,MGL,4D,0,17,3973,,0,1147,,G,,F,8,281,,,16R225,,,,,,0,0,000000000,00000000000,0,0,0,1,0,0,0,0,0,0,0,5,0,0,0,9,9,6,2,12,0,0,0,1,29,64772,6,1,0,0,3,3,65,175,0,0,0,0,0,0,0,0,0,0,38,0,0,0,1,2,65,1,1,2,1,20,3,12,17,1,1,1,89,1,0
29,290149,1,1,1,19,4,23,59,30,0,1,0,29,1,20,403,20403,14,2005,1GNDT13S9521,1,G,N,D,T,1,3,S,9,5,2,1,0,P,CHEV,TRL,UT,5,17,4612,,0,1130,,G,,F,6,256,,,16R245,,,,,,0,0,000000000,00000000000,0,0,0,1,0,0,0,0,0,0,0,998,0,0,0,9,9,6,2,30,0,0,0,1,29,63136,6,1,0,0,3,0,68,145,0,0,0,0,0,0,0,0,0,1,0,0,0,0,1,4,40,2,2,2,2,1,3,14,6,1,1,4,6,1,1
29,290150,1,1,1,23,4,22,0,35,0,1,0,29,2,14,401,14401,14,2002,4M2ZU86E32ZJ,4,M,2,Z,U,8,6,E,3,2,Z,J,0,P,MERC,MOU,UT,2,17,4410,,0,1138,,G,,F,6,245,,,16R245,,,,,,0,0,000000000,00000000000,0,0,0,1,0,0,0,0,0,0,0,35,0,1,5,12,5,6,2,1,0,0,0,1,29,65559,0,0,0,0,0,0,48,50,0,0,0,0,0,0,0,0,0,0,0,0,0,0,1,2,35,1,5,4,2,0,0,1,13,1,3,4,2,1,0
29,290151,1,1,1,30,4,16,7,1,0,1,0,92,0,22,18,22018,4,2000,1G2NF52E0YC5,1,G,2,N,F,5,2,E,0,Y,C,5,0,P,PONT,SE1,4D,0,17,3116,,0,1070,,G,,F,6,207,,,15R215,,,,,,0,0,000000000,00000000000,0,0,0,1,0,0,0,0,0,0,0,50,0,2,1,0,0,6,2,1,0,0,0,1,29,63556,0,0,0,0,0,0,999,999,0,0,0,0,0,0,0,0,0,1,0,0,0,0,1,2,50,1,6,4,1,0,0,1,6,1,1,6,98,1,1
29,290152,1,1,1,17,4,4,24,24,0,1,0,92,0,37,705,37705,80,2004,JH2PC37084M1,J,H,2,P,C,3,7,0,8,4,M,1,0,M,HOND,B60,RC,4,17,,,,,,,599,,4,,4,370,,,,,,,0,0,000000000,00000000000,0,0,0,1,0,0,0,0,0,0,0,82,0,0,0,12,0,6,2,1,0,0,0,1,29,64138,6,1,0,0,3,0,69,185,0,0,0,0,1,3,2011,3,2011,1,0,0,0,0,3,4,65,1,2,2,1,0,0,1,6,3,2,4,2,1,1
29,290153,1,2,2,10,4,17,14,12,6,1,0,92,0,20,2,20002,4,2001,2G1WF52E9193,2,G,1,W,F,5,2,E,9,1,9,3,0,P,CHEV,IMP,4D,1,17,3389,,0,1105,,G,,F,6,207,,,16R225,,,,,,0,0,000000000,00000000000,0,0,0,1,0,0,0,0,0,0,0,999,0,0,0,9,9,6,2,12,0,0,0,1,99,99999,9,9,99,9,9,9,999,999,99,99,99,99,99,99,9999,99,9999,1,39,0,0,0,1,2,35,1,9,2,1,20,3,1,17,1,2,1,89,0,0
29,290153,2,2,1,10,4,17,14,12,6,1,0,29,1,72,706,72706,80,2002,1HD1GLV1X2Y3,1,H,D,1,G,L,V,1,X,2,Y,3,0,M,HD,DXT,RS,2,17,,,,,,,1450,,2,,4,642,,,,,,,0,0,000000000,00000000000,0,0,0,1,0,0,0,0,0,0,0,999,0,0,0,12,12,6,2,12,0,0,0,1,29,64776,6,1,0,0,3,0,67,160,0,0,0,0,0,0,0,0,0,0,0,0,0,0,1,2,55,1,2,1,1,0,0,1,66,1,1,1,88,1,0
29,290154,1,1,1,30,4,2,20,30,0,1,0,29,2,12,471,12471,30,1986,1FTBR10C7GUC,1,F,T,B,R,1,0,C,7,G,U,C,0,T,FORD,RNG,PK,86,17,,1,1140,1080,RNG,G,,,4,122,,,,B,00000,00,A,42,0,0,000000000,00000000000,0,0,0,1,0,0,0,0,0,0,0,50,0,0,0,12,12,6,2,30,0,0,0,1,29,64778,6,1,0,0,3,0,69,175,0,0,0,0,0,0,0,0,0,1,0,0,0,0,1,2,30,1,1,2,1,0,0,1,13,1,1,4,1,1,1
29,290155,1,1,1,16,1,21,45,52,0,1,0,92,0,24,1,24001,4,1999,1G8ZK5277XZ3,1,G,8,Z,K,5,2,7,7,X,Z,3,0,P,STRN,SL2,4D,99,17,2418,,0,1024,,G,,F,4,116,,,15R185,,,,,,0,0,000000000,00000000000,0,0,0,1,0,0,0,0,0,0,0,998,0,0,0,12,12,6,2,52,0,0,0,1,29,63114,6,1,0,0,3,3,64,190,1,0,0,0,0,5,2008,5,2008,0,0,0,0,0,5,4,35,1,3,1,1,0,0,1,13,1,1,4,1,1,0
29,290156,1,1,3,22,3,5,48,1,0,1,0,29,2,12,17,12017,4,1993,1FACP52U7PA2,1,F,A,C,P,5,2,U,7,P,A,2,0,P,FORD,TAG,4D,93,17,3117,,0,1060,,G,,F,6,182,,,14R205,,,,,,0,0,000000000,00000000000,0,0,0,1,0,0,0,0,0,0,0,998,0,2,5,0,0,6,2,1,0,0,0,1,29,64804,6,1,0,0,3,0,68,160,0,0,0,0,0,0,0,0,0,1,0,0,0,0,5,4,45,3,1,2,1,0,0,14,13,1,1,4,1,1,1
29,290157,1,2,1,18,4,6,35,12,6,1,0,29,1,22,22,22022,2,2007,1G2ZH18N7741,1,G,2,Z,H,1,8,N,7,7,4,1,0,P,PONT,GGT,CP,7,17,3415,,0,1123,,G,,F,6,214,,,17R225,,,,,,0,0,000000000,00000000000,0,0,0,1,0,0,0,0,0,0,0,20,0,0,0,1,1,6,2,12,0,0,0,1,29,63862,6,1,0,0,3,0,67,160,0,0,0,0,0,0,0,0,0,0,38,0,0,0,1,2,55,1,1,2,1,20,3,4,17,1,1,1,87,0,0