STATE,ST_CASE,VEH_NO,VE_FORMS,NUMOCCS,DAY,MONTH,HOUR,MINUTE,HARM_EV,MAN_COLL,UNITTYPE,HIT_RUN,REG_STAT,OWNER,MAKE,MODEL,MAK_MOD,BODY_TYP,MOD_YEAR,VIN,VIN_1,VIN_2,VIN_3,VIN_4,VIN_5,VIN_6,VIN_7,VIN_8,VIN_9,VIN_10,VIN_11,VIN_12,TOW_VEH,VINTYPE,VINMAKE,VINA_MOD,VIN_BT,VINMODYR,VIN_LNGT,VIN_WGT,WGTCD_TR,WHLBS_LG,WHLBS_SH,SER_TR,FUELCODE,MCYCL_DS,CARBUR,CYLINDER,DISPLACE,MCYCL_CY,MCYCL_WT,TIRE_SZE,TON_RAT,TRK_WT,TRKWTVAR,VIN_REST,WHLDRWHL,J_KNIFE,MCARR_I1,MCARR_I2,MCARR_ID,GVWR,V_CONFIG,CARGO_BT,HAZ_INV,HAZ_PLAC,HAZ_ID,HAZ_CNO,HAZ_REL,BUS_USE,SPEC_USE,EMER_USE,TRAV_SP,UNDERIDE,ROLLOVER,ROLINLOC,IMPACT1,IMPACT2,DEFORMED,TOWED,M_HARM,VEH_SC1,VEH_SC2,FIRE_EXP,DR_PRES,L_STATE,DR_ZIP,L_STATUS,L_TYPE,CDL_STAT,L_ENDORS,L_COMPL,L_RESTRI,DR_HGT,DR_WGT,PREV_ACC,PREV_SUS,PREV_DWI,PREV_SPD,PREV_OTH,FIRST_MO,FIRST_YR,LAST_MO,LAST_YR,SPEEDREL,DR_SF1,DR_SF2,DR_SF3,DR_SF4,VTRAFWAY,VNUM_LAN,VSPD_LIM,VALIGN,VPROFILE,VPAVETYP,VSURCOND,VTRAFCON,VTCONT_F,P_CRASH1,P_CRASH2,P_CRASH3,PCRASH4,PCRASH5,ACC_TYPE,DEATHS,DR_DRINK
29,290225,2,2,1,1,6,9,50,12,6,1,0,93,3,82,881,82881,66,1996,1FUYDSEB5TH5,1,F,U,Y,D,S,E,B,5,T,H,5,1,T,FRHT,FLD,TR,96,17,,8,0,0,CON,D,,,6,774,,,,,00000,00,,64,1,57,1445382,571445382,3,6,4,1,0,0,0,0,0,0,0,19,0,0,0,12,12,4,3,12,0,0,0,1,5,72455,6,1,6,3,3,1,73,200,0,0,0,0,0,0,0,0,0,0,38,0,0,0,2,2,65,1,1,1,1,20,3,4,17,1,1,1,86,0,0
29,290226,1,1,1,1,6,10,10,59,0,1,0,18,3,51,881,51881,66,2004,4V4NC9TH34N3,4,V,4,N,C,9,T,H,3,4,N,3,1,T,VOLV,VNL,TR,4,17,,8,0,0,VVN,D,,,6,915,,,,,00000,00,,64,2,57,00392628,5700392628,3,6,1,1,0,0,0,0,0,0,0,70,0,1,5,12,0,6,2,1,0,0,0,1,18,47610,6,1,6,3,3,3,77,245,0,0,0,0,0,0,0,0,0,0,0,0,0,0,3,2,70,1,1,2,1,0,0,15,13,6,1,4,1,1,0
29,290227,1,2,2,3,6,1,22,12,2,1,0,29,1,49,32,49032,4,1994,1NXAE09B9RZ1,1,N,X,A,E,0,9,B,9,R,Z,1,0,P,TOYT,LED,4D,94,17,2458,,0,970,,G,,F,4,108,,,14R185,,,,,,0,0,000000000,00000000000,0,0,0,1,0,0,0,0,0,0,0,45,0,0,0,12,12,6,2,12,0,0,0,1,29,63043,6,1,0,0,3,0,67,140,1,0,0,0,0,11,2008,11,2008,0,28,0,0,0,5,6,35,1,1,2,1,0,0,15,10,1,1,2,50,1,1
29,290227,2,2,2,3,6,1,22,12,2,1,0,29,2,22,20,22020,2,2000,1G2WP12K1YF1,1,G,2,W,P,1,2,K,1,Y,F,1,0,P,PONT,GPG,CP,0,17,3386,,0,1105,,G,,F,6,231,,,16R225,,,,,,0,0,000000000,00000000000,0,0,0,1,0,0,0,0,0,0,0,35,0,0,0,12,12,6,2,12,0,0,0,1,29,63130,1,1,0,0,2,0,60,120,0,2,0,0,0,1,2010,7,2010,0,0,0,0,0,5,6,35,1,1,2,1,0,0,1,62,1,1,1,51,0,0
29,290228,1,3,3,3,6,17,30,12,8,1,0,29,1,7,41,7041,4,1999,2B3HD46RXXH5,2,B,3,H,D,4,6,R,X,X,H,5,0,P,DODG,INT,4D,99,17,3338,,0,1130,,G,,F,6,167,,,15R205,,,,,,0,0,000000000,00000000000,0,0,0,1,0,0,0,0,0,0,0,55,0,0,0,12,12,6,2,12,0,0,0,1,29,65605,6,1,0,0,3,0,66,120,0,0,0,0,0,0,0,0,0,0,0,0,0,0,1,2,55,2,6,2,1,0,0,14,62,9,2,2,98,0,0
29,290228,2,3,3,3,6,17,30,12,8,1,0,29,2,37,31,37031,2,2004,1HGEM22524L0,1,H,G,E,M,2,2,5,2,4,L,0,0,P,HOND,UCL,CP,4,17,2449,,0,1031,,G,,F,4,102,,,000000,,,,,,0,0,000000000,00000000000,0,0,0,1,0,0,0,0,0,0,0,65,0,0,0,11,3,6,2,12,0,0,0,1,29,64836,0,0,0,0,0,0,67,150,1,0,0,0,0,8,2010,8,2010,1,28,58,0,0,1,2,55,3,5,2,1,0,0,14,10,6,4,2,64,1,1
29,290228,3,3,2,3,6,17,30,12,8,1,0,29,3,7,442,7442,20,2006,1D4GP24RX6B5,1,D,4,G,P,2,4,R,X,6,B,5,0,T,DODG,GCS,ES,6,17,,1,0,1193,CAR,G,,,6,201,,,,,4095,00,E,42,0,0,000000000,00000000000,0,0,0,1,0,0,0,0,0,0,0,55,0,0,0,7,7,2,1,12,0,0,0,1,29,65809,6,1,0,0,3,3,64,135,0,0,0,1,0,9,2008,9,2008,0,0,0,0,0,1,2,55,2,6,2,1,0,0,14,62,1,1,1,65,0,0
29,290229,1,1,1,4,6,1,45,43,0,1,0,29,1,72,706,72706,80,1981,1HD1BDK16BY0,1,H,D,1,B,D,K,1,6,B,Y,0,0,M,HD,FXB,RS,81,17,,,,,,,1340,,2,,4,750,,,,,,,0,0,000000000,00000000000,0,0,0,1,0,0,0,0,0,0,0,999,0,0,0,13,0,6,2,1,0,0,0,1,29,65101,6,1,0,0,3,0,72,170,0,0,0,0,0,0,0,0,0,0,0,0,0,0,2,2,65,2,1,2,1,0,0,14,13,6,1,4,1,1,1
29,290230,1,1,1,5,6,4,5,33,0,1,0,92,0,20,2,20002,4,2007,2G1WT58K2793,2,G,1,W,T,5,8,K,2,7,9,3,0,P,CHEV,IMT,4D,7,17,3674,,0,1105,,F,,F,6,214,,,16R225,,,,,,0,0,000000000,00000000000,0,0,0,1,0,0,0,0,0,0,0,999,0,0,0,12,12,6,2,2,0,0,1,1,29,64127,2,1,0,0,2,0,72,160,0,1,0,0,1,1,2009,3,2009,1,0,0,0,0,3,3,40,1,1,2,1,0,0,1,12,1,1,4,6,1,1
29,290231,1,1,2,5,6,21,0,35,0,1,0,29,1,20,37,20037,4,2007,1G1ZT68N97F2,1,G,1,Z,T,6,8,N,9,7,F,2,0,P,CHEV,XLT,4D,7,17,3543,,0,1123,,G,,F,6,214,,,16R215,,,,,,0,0,000000000,00000000000,0,0,0,1,0,0,0,0,0,0,0,70,0,1,5,12,0,6,2,1,0,0,0,1,29,63845,6,1,0,0,3,3,69,190,0,0,0,0,0,0,0,0,0,0,58,0,0,0,2,2,70,1,1,1,1,0,0,1,13,6,3,4,2,2,0
29,290232,1,1,1,6,6,6,15,58,0,1,0,29,2,12,35,12035,4,1997,1FALP6539VK1,1,F,A,L,P,6,5,3,9,V,K,1,0,P,FORD,CSG,4D,97,17,0,,0,1065,,G,,F,4,121,,,14R185,,,,,,0,0,000000000,00000000000,0,0,0,1,0,0,0,0,0,0,0,55,0,1,5,14,0,6,2,1,0,0,0,1,29,63966,6,1,0,0,3,0,70,200,1,0,0,0,0,5,2011,5,2011,1,0,0,0,0,1,2,55,3,6,2,1,0,0,14,6,6,2,4,7,1,0
29,290233,1,2,5,6,6,16,0,12,6,1,0,92,0,12,481,12481,31,1989,1FTJX35G3KKB,1,F,T,J,X,3,5,G,3,K,K,B,1,T,FORD,F35,PC,89,17,,2,0,1550,COF,G,,,8,460,,,,D,4962,01,A,42,1,0,000000000,00000000000,0,0,0,1,0,0,0,0,0,0,0,60,0,1,5,4,0,6,2,1,0,0,0,1,29,64683,6,1,0,0,3,0,74,220,0,0,0,0,0,0,0,0,0,0,28,0,0,0,1,2,55,1,5,2,1,0,0,2,10,6,4,2,64,1,0
29,290233,2,2,1,6,6,16,0,12,6,1,0,29,1,12,481,12481,31,1996,2FTEF14H3TCA,2,F,T,E,F,1,4,H,3,T,C,A,0,T,FORD,F15,PK,96,17,,2,1330,1170,COF,G,,,8,351,,,,B,00000,00,M,44,0,0,000000000,00000000000,0,0,0,1,0,0,0,0,0,0,0,0,0,0,0,12,12,6,2,12,0,0,0,1,29,64679,6,1,0,0,3,3,69,140,0,0,0,0,0,0,0,0,0,0,0,0,0,0,1,2,55,1,6,2,1,0,0,5,62,1,1,1,65,0,0
29,290234,1,2,2,8,6,4,13,8,0,1,0,20,1,59,32,59032,4,1991,JT8UF11E8M00,J,T,8,U,F,1,1,E,8,M,0,0,0,P,LEXS,LS4,4D,91,17,3591,,0,1108,,G,,F,8,242,,,15R205,,,,,,0,0,000000000,00000000000,0,0,0,1,0,0,0,0,0,0,0,998,0,0,0,12,12,4,3,8,0,0,0,1,20,66002,6,1,0,0,3,3,72,200,1,0,0,5,3,12,2008,1,2011,0,0,0,0,0,3,3,65,1,1,2,1,0,0,1,80,99,1,1,13,0,0
29,290234,2,2,1,8,6,4,13,8,0,1,0,29,1,12,402,12402,14,2009,1FMCU03779KD,1,F,M,C,U,0,3,7,7,9,K,D,0,P,FORD,SPE,UT,9,17,3355,,0,1031,,G,,F,4,153,,,16R235,,,,,,0,0,000000000,00000000000,0,0,0,1,0,0,0,0,0,0,0,998,0,0,0,14,14,4,3,8,0,0,0,1,29,64117,6,1,0,0,3,0,62,129,0,0,0,1,1,12,2010,1,2011,0,0,0,0,0,3,3,65,1,1,2,1,0,0,1,80,1,1,1,98,0,0
29,290235,1,1,1,9,6,10,30,1,0,1,0,5,3,98,809,98809,62,2008,2FZACGDJ38AY,2,F,Z,A,C,G,D,J,3,8,A,Y,0,T,STRG,ACT,CC,8,17,,7,0,0,STE,D,,,6,439,,,,,00000,00,,42,0,57,1009985,571009985,2,1,3,1,0,0,0,0,0,0,0,54,0,2,5,0,0,6,2,1,0,0,0,1,5,72112,6,1,6,0,3,3,63,110,0,0,0,0,1,9,2008,9,2008,0,0,0,0,0,1,2,55,1,6,2,1,0,0,1,12,6,4,4,2,1,0
29,290236,1,1,1,10,6,2,52,31,0,1,0,92,0,12,3,12003,1,2000,1FAFP45X9YF2,1,F,A,F,P,4,5,X,9,Y,F,2,0,P,FORD,MGT,CV,0,17,3379,,0,1013,,G,,F,8,281,,,16R225,,,,,,0,0,000000000,00000000000,0,0,0,1,0,0,0,0,0,0,0,999,0,1,5,12,0,6,2,1,0,0,0,1,29,64052,6,1,0,0,3,3,73,160,0,0,0,0,0,0,0,0,0,1,0,0,0,0,3,2,65,1,1,2,1,0,0,1,13,1,3,4,2,1,1
29,290237,1,1,2,11,6,1,15,35,0,1,0,92,0,53,733,53733,90,2005,JSAAK47A3521,J,S,A,A,K,4,7,A,3,5,2,1,0,M,SUZI,LTZ,AT,5,17,,,,,,,398,,1,,4,372,,,,,,,0,0,000000000,00000000000,0,0,0,1,0,0,0,0,0,0,0,40,0,0,0,12,12,2,3,35,0,0,0,1,29,64076,6,1,0,0,3,0,66,125,2,0,0,0,0,5,2009,10,2010,0,0,0,0,0,1,2,50,3,1,4,2,0,0,14,13,1,1,4,1,1,0
29,290238,1,1,1,12,6,17,24,42,0,1,0,29,2,20,481,20481,31,2000,1GCEC19T6YZ1,1,G,C,E,C,1,9,T,6,Y,Z,1,0,T,CHEV,SC1,3C,0,17,,2,1575,1435,SIL,G,,,8,325,,,,B,4134,03,,42,0,0,000000000,00000000000,0,0,0,1,0,0,0,0,0,0,0,55,0,0,0,12,12,6,2,42,0,0,0,1,29,63801,6,1,0,0,3,0,63,240,0,0,0,0,0,0,0,0,0,0,0,0,0,0,1,2,55,1,1,2,1,0,0,1,13,1,1,4,1,1,0
29,290239,1,1,5,14,5,13,8,1,0,1,0,92,0,20,431,20431,16,1999,1GNFK16R4XJ4,1,G,N,F,K,1,6,R,4,X,J,4,0,P,CHEV,K15,UT,99,17,5297,,0,1315,,G,,F,8,350,,,16R245,,,,,,0,0,000000000,00000000000,0,0,0,1,0,0,0,0,0,0,0,59,0,1,3,0,0,6,2,1,0,0,0,1,29,64134,6,1,0,0,3,3,72,300,0,1,0,1,0,8,2008,2,2010,0,80,0,0,0,2,4,65,1,1,2,1,0,0,1,1,6,4,4,7,3,0
29,290240,1,1,1,29,5,1,45,24,0,1,0,29,3,23,421,23421,15,1995,1GKEK18K9SJ7,1,G,K,E,K,1,8,K,9,S,J,7,0,T,GMC,YUK,2W,95,17,,2,0,1115,YUK,G,,,8,350,,,,B,00000,00,M,44,0,0,000000000,00000000000,0,0,0,1,0,0,0,0,0,0,0,999,0,0,0,12,12,6,2,24,0,0,0,1,19,65109,0,0,0,0,0,0,68,140,0,0,0,0,0,0,0,0,0,1,0,0,0,0,6,1,60,3,2,2,1,0,0,14,13,1,2,4,2,1,1
29,290241,1,1,1,1,6,7,10,34,0,1,0,29,2,20,461,20461,21,1989,1GCEG25H6K71,1,G,C,E,G,2,5,H,6,K,7,1,0,T,CHEV,G20,CG,89,17,,2,1250,1100,VAN,G,,,8,305,,,,C,5003,07,,42,0,0,000000000,00000000000,0,0,0,1,0,0,0,0,0,0,0,55,0,1,5,1,0,6,2,1,0,0,0,1,29,65734,0,0,0,0,0,0,69,155,0,0,0,0,0,0,0,0,0,1,0,0,0,0,1,2,55,3,6,2,1,0,0,14,13,1,4,4,2,1,1
29,290242,1,2,3,4,6,16,43,12,6,1,0,29,2,20,16,20016,4,2005,1G1JC52F5571,1,G,1,J,C,5,2,F,5,5,7,1,0,P,CHEV,CAV,4D,5,17,2676,,0,1041,,G,,F,4,134,,,14R195,,,,,,0,0,000000000,00000000000,0,0,0,1,0,0,0,0,0,0,0,90,0,1,5,12,0,6,2,1,0,0,0,1,29,63953,6,1,0,0,3,0,63,120,0,0,0,0,0,0,0,0,0,1,28,0,0,0,5,2,45,2,2,2,1,0,0,14,10,9,4,2,64,2,0
29,290242,2,2,1,4,6,16,43,12,6,1,0,29,1,12,481,12481,31,1999,1FTRX08L0XKA,1,F,T,R,X,0,8,L,0,X,K,A,0,T,FORD,F15,4C,99,17,,2,0,1388,COF,G,,,8,330,,,,B,00000,00,U,44,0,0,000000000,00000000000,0,0,0,1,0,0,0,0,0,0,0,23,0,1,5,8,0,6,2,1,0,0,0,1,29,63901,6,1,0,0,3,3,68,155,0,0,0,0,0,0,0,0,0,0,0,0,0,0,5,2,45,3,2,2,1,0,0,14,62,8,1,1,65,0,0
29,290243,1,1,2,8,6,0,1,14,0,1,0,92,0,21,22,21022,4,2001,1G3GS64C9141,1,G,3,G,S,6,4,C,9,1,4,1,0,P,OLDS,AU4,4D,1,17,3803,,0,1122,,G,,F,8,244,,,17R235,,,,,,0,0,000000000,00000000000,0,0,0,1,0,0,0,0,0,0,0,70,0,0,0,12,12,6,2,14,0,0,0,1,29,63115,0,0,0,0,0,0,67,140,1,0,0,0,0,3,2011,3,2011,1,0,0,0,0,1,2,25,1,2,2,1,20,3,1,6,1,1,4,6,1,1
29,290244,1,1,1,11,6,8,20,49,0,1,0,29,1,7,472,7472,30,1997,1B7GG23X9VS1,1,B,7,G,G,2,3,X,9,V,S,1,0,T,DODG,DAK,PC,97,17,,1,0,1309,DAK,G,,,6,239,,,,B,3937,00,E,44,0,0,000000000,00000000000,0,0,0,1,0,0,0,0,0,0,0,60,0,0,0,12,12,6,2,42,0,0,0,1,29,65664,6,1,0,0,3,3,71,190,0,0,0,0,0,0,0,0,0,1,0,0,0,0,1,2,55,1,2,2,1,0,0,15,90,6,1,1,13,1,0
29,290245,1,2,2,10,6,15,34,12,6,1,0,29,1,12,481,12481,31,1996,1FTEF15Y7TLA,1,F,T,E,F,1,5,Y,7,T,L,A,0,T,FORD,F15,PK,96,17,,2,1330,1170,COF,G,,,6,300,,,,B,00000,00,M,42,0,0,000000000,00000000000,0,0,0,1,0,0,0,0,0,0,0,15,0,0,0,11,12,6,2,12,0,0,0,1,29,65282,6,1,0,0,3,3,72,270,0,0,0,0,0,0,0,0,0,0,38,0,0,0,1,2,45,1,1,1,1,20,3,1,17,1,1,1,89,1,0
29,290245,2,2,1,10,6,15,34,12,6,1,0,92,0,86,881,86881,66,2000,1M1AA18Y0YW1,1,M,1,A,A,1,8,Y,0,Y,W,1,1,T,MACK,CH6,TR,0,17,,8,0,0,600,D,,,6,728,,,,,00000,00,,64,1,57,1203466,571203466,3,6,3,1,0,0,0,0,0,0,0,998,0,1,5,12,0,6,2,1,0,0,0,1,29,63345,6,1,6,3,3,0,70,255,0,0,0,0,0,0,0,0,0,0,0,0,0,0,1,2,45,1,1,1,1,0,0,1,66,1,1,1,88,0,0
29,290246,1,1,1,10,6,23,10,1,0,1,0,92,0,98,739,98739,90,2009,4XAMH50A89B6,4,X,A,M,H,5,0,A,8,9,B,6,0,M,POLS,S5H,AT,9,17,,,,,,,498,,1,,4,696,,,,,,,0,0,000000000,00000000000,0,0,0,1,0,0,0,0,0,0,0,25,0,1,5,0,0,6,2,1,0,0,0,1,20,66218,1,1,1,0,2,3,75,200,0,0,1,0,0,9,2008,9,2008,0,0,0,0,0,1,2,35,2,5,4,1,0,0,14,12,1,3,4,7,1,1
29,290247,1,1,1,27,4,18,51,59,0,1,0,29,1,6,441,6441,20,2005,2C4GP54L95R4,2,C,4,G,P,5,4,L,9,5,R,4,0,T,CHRY,TOU,ES,5,17,,1,0,1193,TWC,G,,,6,230,,,,,4256,00,,42,0,0,000000000,00000000000,0,0,0,1,0,0,0,0,0,0,0,70,0,0,0,12,9,6,2,42,0,0,0,1,29,63384,6,1,0,0,3,3,60,180,1,0,0,0,0,12,2010,12,2010,0,0,0,0,0,2,2,70,3,6,2,1,0,0,14,13,1,1,4,1,1,0
29,290248,1,3,2,29,5,16,44,12,1,1,0,29,1,72,706,72706,80,2009,1HD1GY4179K3,1,H,D,1,G,Y,4,1,7,9,K,3,0,M,HD,FTB,RS,9,17,,,,,,,1584,,2,,4,703,,,,,,,0,0,000000000,00000000000,0,0,0,1,0,0,0,0,0,0,0,60,0,0,0,6,0,6,2,12,0,0,1,1,29,63090,6,1,0,0,3,3,70,280,0,0,0,1,0,6,2009,6,2009,0,28,85,0,0,3,5,60,3,2,2,1,0,0,15,8,6,1,2,25,1,0
29,290248,2,3,2,29,5,16,44,12,1,1,0,29,2,12,421,12421,15,1995,1FMEU15H9SLA,1,F,M,E,U,1,5,H,9,S,L,A,0,P,FORD,BRO,UT,95,17,4587,,0,1050,,G,,F,8,351,,,15R235,,,,,,0,0,000000000,00000000000,0,0,0,1,0,0,0,0,0,0,0,60,0,0,0,12,12,2,1,12,0,0,0,1,29,63376,6,1,0,0,3,0,69,150,0,0,0,1,1,6,2009,8,2009,0,0,0,0,0,3,5,60,3,2,2,1,0,0,14,60,4,1,1,24,0,0
29,290248,3,3,1,29,5,16,44,12,1,1,0,29,3,12,23,12023,4,2010,3FAHP0JA8AR2,3,F,A,H,P,0,J,A,8,A,R,2,0,P,FORD,F/L,4D,10,17,3342,,0,1074,,G,,F,4,152,,,17R225,,,,,,0,0,000000000,00000000000,0,0,0,1,0,0,0,0,0,0,0,60,0,0,0,12,61,4,3,25,0,0,0,1,29,63367,6,1,0,0,3,0,75,200,0,0,0,1,0,2,2011,2,2011,0,0,0,0,0,3,5,60,3,2,2,1,0,0,14,60,4,1,1,98,0,0
29,290249,1,2,2,15,6,18,35,12,6,1,0,29,1,7,482,7482,31,1997,1B7HF16Y4VJ6,1,B,7,H,F,1,6,Y,4,V,J,6,0,T,DODG,150,PK,97,17,,2,1347,1187,RPC,G,,,8,318,,,,B,4527,01,M,44,0,0,000000000,00000000000,0,0,0,1,0,0,0,0,0,0,0,20,0,1,1,1,0,6,2,1,0,0,0,1,29,65588,6,2,0,0,3,2,69,190,0,0,0,0,0,0,0,0,0,0,38,73,0,0,2,2,65,1,2,1,1,21,3,4,17,1,1,1,87,1,0
29,290249,2,2,6,15,6,18,35,12,6,1,0,29,1,20,403,20403,14,2004,1GNET16SX461,1,G,N,E,T,1,6,S,X,4,6,1,0,P,CHEV,TRL,UT,4,17,4954,,0,1290,,G,,F,6,256,,,17R245,,,,,,0,0,000000000,00000000000,0,0,0,1,0,0,0,0,0,0,0,65,0,0,0,12,12,6,2,12,0,0,0,1,29,65793,6,1,6,0,3,3,69,240,0,0,0,0,0,0,0,0,0,0,0,0,0,0,2,2,65,1,6,1,1,0,0,1,66,9,2,1,86,0,0
29,290250,1,1,2,19,6,15,49,58,0,1,0,29,1,72,706,72706,80,2006,1HD1FFW166Y6,1,H,D,1,F,F,W,1,6,6,Y,6,0,M,HD,TCI,RS,6,17,,,,,,,1450,,2,,4,776,,,,,,,0,0,000000000,00000000000,0,0,0,1,0,0,0,0,0,0,0,50,0,0,0,14,0,6,2,1,0,0,0,1,29,64477,0,0,0,0,0,0,71,200,0,0,0,0,0,0,0,0,0,0,0,0,0,0,1,2,55,1,1,2,1,0,0,1,13,1,1,4,1,1,1
29,290251,1,1,1,4,5,19,55,33,0,1,1,92,0,20,9,20009,2,1989,1G1FP31F0KL1,1,G,1,F,P,3,1,F,0,K,L,1,0,P,CHEV,CAM,CV,89,17,3251,,0,1010,,G,,F,8,305,,,15R215,,,,,,0,0,000000000,00000000000,0,0,0,1,0,0,0,0,0,0,0,999,0,0,0,14,14,4,1,8,0,0,0,1,29,63107,1,1,0,0,2,3,70,165,0,2,0,0,0,10,2010,12,2010,0,0,0,0,0,2,2,25,1,1,2,1,0,0,1,13,1,1,4,1,0,0
29,290252,1,1,1,8,6,23,34,33,0,1,0,29,2,72,706,72706,80,2003,1HD1GEV173K3,1,H,D,1,G,E,V,1,7,3,K,3,0,M,HD,FWG,RS,3,17,,,,,,,1450,,2,,4,614,,,,,,,0,0,000000000,00000000000,0,0,0,1,0,0,0,0,0,0,0,999,0,0,0,12,12,6,2,1,0,0,0,1,29,63052,6,1,0,0,3,0,68,161,0,0,0,0,0,0,0,0,0,1,0,0,0,0,2,3,55,2,2,1,1,21,3,16,6,1,1,4,6,1,1
29,290253,1,1,1,11,6,3,17,33,0,1,0,29,2,12,17,12017,4,2001,1FAFP55SX1G1,1,F,A,F,P,5,5,S,X,1,G,1,0,P,FORD,TSS,4D,1,17,3343,,0,1085,,G,,F,6,182,,,16R215,,,,,,0,0,000000000,00000000000,0,0,0,1,0,0,0,0,0,0,0,999,0,1,5,7,0,6,2,1,0,0,0,1,29,63385,6,1,0,0,3,0,69,220,0,0,0,1,0,5,2010,5,2010,1,0,0,0,0,1,2,25,1,2,2,2,0,0,1,6,1,3,4,7,1,1
29,290254,1,1,6,20,6,15,30,7,0,1,0,29,1,52,37,52037,3,1996,4A3AK34Y5TE4,4,A,3,A,K,3,4,Y,5,T,E,4,0,P,MITS,ERS,2H,96,17,2767,,0,988,,G,,F,4,122,,,14R195,,,,,,0,0,000000000,00000000000,0,0,0,1,0,0,0,0,0,0,0,80,0,1,5,0,0,6,2,1,0,0,0,1,29,65559,6,1,0,0,3,0,65,198,1,0,0,1,1,9,2009,7,2010,1,92,0,0,0,1,2,55,1,2,2,1,0,0,1,98,1,7,2,0,1,0
29,290255,1,2,1,25,5,15,40,12,6,1,0,29,3,20,481,20481,31,2001,1GCJK34U91F1,1,G,C,J,K,3,4,U,9,1,F,1,0,T,CHEV,SK3,PK,1,17,,3,0,1330,SIL,G,,,8,364,,,,D,5941,00,,44,0,0,000000000,00000000000,0,0,0,1,0,0,0,0,0,0,0,60,0,0,0,12,12,6,2,12,0,0,0,1,29,65738,6,1,0,0,3,0,71,195,1,0,0,0,0,7,2010,7,2010,0,0,0,0,0,1,2,65,1,1,2,1,0,0,1,66,8,2,2,88,0,0
29,290255,2,2,1,25,5,15,40,12,6,1,0,29,1,20,2,20002,4,2008,2G1WB58N0891,2,G,1,W,B,5,8,N,0,8,9,1,0,P,CHEV,IPL,4D,8,17,3555,,0,1105,,G,,F,6,214,,,16R225,,,,,,0,0,000000000,00000000000,0,0,0,1,0,0,0,0,0,0,0,10,0,0,0,9,9,6,2,12,0,0,0,1,29,65707,6,1,0,0,3,3,70,170,0,0,0,0,0,0,0,0,0,0,38,0,0,0,1,2,55,1,9,2,1,20,3,4,17,1,1,1,89,1,0
29,290256,1,1,1,21,6,14,20,59,0,1,0,29,1,13,421,13421,15,2003,5LMFU28R83LJ,5,L,M,F,U,2,8,R,8,3,L,J,0,P,LINC,NAV,UT,3,17,6041,,0,1190,,G,,F,8,330,,,18R255,,,,,,0,0,000000000,00000000000,0,0,0,1,0,0,0,0,0,0,0,55,0,0,0,14,0,6,2,3,0,0,0,1,29,63869,6,1,0,0,3,3,64,125,0,0,0,1,0,9,2008,9,2008,0,0,0,0,0,1,2,55,1,6,2,2,0,0,1,13,1,1,4,1,1,1
29,290257,1,1,2,6,6,9,30,35,0,1,0,5,1,12,401,12401,14,2004,1FMZU73K74ZA,1,F,M,Z,U,7,3,K,7,4,Z,A,0,P,FORD,EPR,UT,4,17,4094,,0,1137,,F,,F,6,245,,,16R235,,,,,,0,0,000000000,00000000000,0,0,0,1,0,0,0,0,0,0,0,60,0,1,5,14,0,6,2,1,0,0,0,1,5,72653,6,1,0,0,3,3,71,140,0,0,0,0,0,0,0,0,0,1,0,0,0,0,1,2,55,3,6,2,1,0,0,14,6,1,1,4,1,2,0
29,290258,1,1,2,7,5,4,45,59,0,1,0,29,1,19,421,19421,15,1999,1GYEK13R1XR4,1,G,Y,E,K,1,3,R,1,X,R,4,0,P,CADI,ESC,UT,99,17,5573,,0,1175,,G,,F,8,350,,,16R265,,,,,,0,0,000000000,00000000000,0,0,0,1,0,0,0,0,0,0,0,55,0,2,5,12,0,6,2,1,0,0,0,1,29,63935,6,1,0,0,3,0,67,185,1,2,0,0,0,6,2008,11,2010,0,0,0,0,0,1,2,55,3,1,2,1,0,0,14,13,3,2,4,2,1,0
29,290259,1,1,4,9,6,17,42,8,0,1,0,92,0,55,401,55401,14,2002,KM8SC72D02U2,K,M,8,S,C,7,2,D,0,2,U,2,0,T,HYUN,,4W,2,17,,1,,,,G,,,4,143,,,,,,,,44,0,0,000000000,00000000000,0,0,0,1,0,0,0,0,0,0,0,998,0,0,0,6,6,0,1,8,0,0,0,1,29,63121,0,0,0,0,0,0,66,117,0,0,0,0,0,0,0,0,0,0,0,0,0,0,0,0,0,0,0,0,0,0,0,13,80,1,1,1,98,0,0
29,290260,1,2,1,18,6,0,30,12,6,1,0,20,1,72,706,72706,80,2006,1HD1CGP136K4,1,H,D,1,C,G,P,1,3,6,K,4,0,M,HD,20C,RS,6,17,,,,,,,1200,,2,,4,554,,,,,,,0,0,000000000,00000000000,0,0,0,1,0,0,0,0,0,0,0,998,0,0,0,12,12,6,2,12,0,0,0,1,20,66102,1,1,0,0,2,0,70,150,0,2,0,0,0,3,2010,3,2010,1,39,0,0,0,1,2,35,1,2,2,1,3,3,1,17,1,1,1,86,1,1
29,290260,2,2,1,18,6,0,30,12,6,1,0,29,1,18,3,18003,4,1998,1G4CW52K0W46,1,G,4,C,W,5,2,K,0,W,4,6,0,P,BUIC,PKA,4D,98,17,3645,,0,1138,,G,,F,6,231,,,16R225,,,,,,0,0,000000000,00000000000,0,0,0,1,0,0,0,0,0,0,0,998,0,0,0,3,3,6,2,12,0,0,0,1,29,64111,6,1,0,0,3,0,66,200,0,0,0,1,0,11,2010,11,2010,0,0,0,0,0,1,2,30,1,9,2,1,3,3,1,66,1,1,1,87,0,0