STATE,ST_CASE,VEH_NO,VE_FORMS,NUMOCCS,DAY,MONTH,HOUR,MINUTE,HARM_EV,MAN_COLL,UNITTYPE,HIT_RUN,REG_STAT,OWNER,MAKE,MODEL,MAK_MOD,BODY_TYP,MOD_YEAR,VIN,VIN_1,VIN_2,VIN_3,VIN_4,VIN_5,VIN_6,VIN_7,VIN_8,VIN_9,VIN_10,VIN_11,VIN_12,TOW_VEH,VINTYPE,VINMAKE,VINA_MOD,VIN_BT,VINMODYR,VIN_LNGT,VIN_WGT,WGTCD_TR,WHLBS_LG,WHLBS_SH,SER_TR,FUELCODE,MCYCL_DS,CARBUR,CYLINDER,DISPLACE,MCYCL_CY,MCYCL_WT,TIRE_SZE,TON_RAT,TRK_WT,TRKWTVAR,VIN_REST,WHLDRWHL,J_KNIFE,MCARR_I1,MCARR_I2,MCARR_ID,GVWR,V_CONFIG,CARGO_BT,HAZ_INV,HAZ_PLAC,HAZ_ID,HAZ_CNO,HAZ_REL,BUS_USE,SPEC_USE,EMER_USE,TRAV_SP,UNDERIDE,ROLLOVER,ROLINLOC,IMPACT1,IMPACT2,DEFORMED,TOWED,M_HARM,VEH_SC1,VEH_SC2,FIRE_EXP,DR_PRES,L_STATE,DR_ZIP,L_STATUS,L_TYPE,CDL_STAT,L_ENDORS,L_COMPL,L_RESTRI,DR_HGT,DR_WGT,PREV_ACC,PREV_SUS,PREV_DWI,PREV_SPD,PREV_OTH,FIRST_MO,FIRST_YR,LAST_MO,LAST_YR,SPEEDREL,DR_SF1,DR_SF2,DR_SF3,DR_SF4,VTRAFWAY,VNUM_LAN,VSPD_LIM,VALIGN,VPROFILE,VPAVETYP,VSURCOND,VTRAFCON,VTCONT_F,P_CRASH1,P_CRASH2,P_CRASH3,PCRASH4,PCRASH5,ACC_TYPE,DEATHS,DR_DRINK
29,290291,2,2,1,26,6,0,53,24,0,1,0,29,2,72,706,72706,80,2008,1HD1JA5118Y0,1,H,D,1,J,A,5,1,1,8,Y,0,0,M,HD,XTB,RS,8,17,,,,,,,1584,,2,,4,682,,,,,,,0,0,000000000,00000000000,0,0,0,1,0,0,0,0,0,0,0,998,0,0,0,99,99,6,2,24,0,0,0,1,29,64061,6,1,0,0,2,0,66,160,0,0,0,0,0,0,0,0,0,1,0,0,0,0,1,2,40,3,2,2,1,0,0,17,52,7,1,4,98,1,1
29,290292,1,1,1,25,5,2,20,14,0,1,0,92,0,53,702,53702,83,1998,JS1RF15C6W21,J,S,1,R,F,1,5,C,6,W,2,1,0,M,SUZI,RM2,MX,98,17,,,,,,,124,,1,,2,194,,,,,,,0,0,000000000,00000000000,0,0,0,1,0,0,0,0,0,0,0,998,0,0,0,12,12,6,2,14,0,0,0,1,29,63088,6,1,0,0,2,3,74,165,0,0,0,0,0,0,0,0,0,0,0,0,0,0,1,2,20,1,5,2,1,0,0,1,98,1,1,4,11,1,1
29,290293,1,1,1,26,4,7,56,32,0,1,0,29,1,23,421,23421,15,2002,1GTGK13U52F1,1,G,T,G,K,1,3,U,5,2,F,1,0,T,GMC,1KH,CW,2,17,,2,0,1530,SIE,G,,,8,364,,,,B,5763,00,K,44,0,0,000000000,00000000000,0,0,0,1,0,0,0,0,0,0,0,55,0,1,5,14,0,6,2,1,0,0,0,1,29,63459,6,1,0,0,3,3,64,360,0,0,0,1,0,2,2010,2,2010,0,26,35,0,0,1,2,55,1,1,1,2,0,0,6,12,99,1,4,6,1,0
29,290294,1,2,2,27,5,15,30,12,1,1,0,29,2,73,733,73733,90,2000,JKAEF8A12YB5,J,K,A,E,F,8,A,1,2,Y,B,5,0,M,KAWK,KEF,AT,0,17,,,,,,,300,,1,,4,459,,,,,,,0,0,000000000,00000000000,0,0,0,1,0,0,0,0,0,0,0,10,0,1,5,12,1,6,2,1,0,0,0,1,29,65259,0,0,0,0,0,0,63,115,0,0,0,0,0,0,0,0,0,1,26,0,0,0,1,2,50,1,1,4,1,0,0,1,51,1,1,1,24,1,0
29,290294,2,2,1,27,5,15,30,12,1,1,0,29,2,73,733,73733,90,2006,JKALFMA1X6B5,J,K,A,L,F,M,A,1,X,6,B,5,0,M,KAWK,KLF,AT,6,17,,,,,,,250,,1,,4,404,,,,,,,0,0,000000000,00000000000,0,0,0,1,0,0,0,0,0,0,0,20,0,1,5,6,0,6,2,1,0,0,0,1,29,65259,6,1,0,0,3,3,74,180,0,0,0,0,0,0,0,0,0,0,42,0,0,0,1,2,50,1,1,4,1,0,0,11,53,1,1,1,26,0,0
29,290295,1,1,1,22,6,14,50,10,0,1,0,29,1,20,481,20481,31,1984,1GCCC14D6ES1,1,G,C,C,C,1,4,D,6,E,S,1,0,T,CHEV,C10,PK,84,17,,1,1315,1175,C10,G,,,6,250,,,,B,3314,08,,42,0,0,000000000,00000000000,0,0,0,1,0,0,0,0,0,0,0,998,0,0,0,3,0,6,2,10,0,0,1,1,29,65263,6,1,0,0,3,0,71,185,0,2,0,2,0,1,2009,6,2010,0,0,0,0,0,1,2,50,1,5,2,1,65,3,1,91,1,1,1,15,1,0
29,290296,1,1,2,1,7,18,55,8,0,1,0,29,2,37,32,37032,2,2000,1HGCG2256YA0,1,H,G,C,G,2,2,5,6,Y,A,0,0,P,HOND,UEX,CP,0,17,3241,,0,1051,,G,,F,6,183,,,16R205,,,,,,0,0,000000000,00000000000,0,0,0,1,0,0,0,0,0,0,0,67,0,0,0,12,12,2,3,8,0,0,0,1,29,64083,6,1,0,0,3,3,71,195,2,0,0,0,0,12,2008,2,2011,0,0,0,0,0,2,2,65,1,6,2,1,0,0,1,80,7,1,1,13,0,0
29,290297,1,2,1,3,7,14,30,1,0,1,0,92,0,82,881,82881,66,2001,1FUJAHBG91PH,1,F,U,J,A,H,B,G,9,1,P,H,1,T,FRHT,FLD,TR,1,17,,8,0,0,CON,D,,,6,915,,,,,00000,00,,64,1,57,1507570,571507570,3,6,2,1,0,0,0,0,0,0,0,83,0,2,1,0,0,6,2,1,0,0,0,1,29,65689,6,1,6,1,3,3,72,165,0,0,0,2,0,6,2009,2,2010,1,26,27,36,0,2,2,65,3,6,2,1,0,0,14,6,6,1,2,98,0,0
29,290297,2,2,2,3,7,14,30,1,0,1,0,29,1,63,401,63401,14,2008,KNDJE723X874,K,N,D,J,E,7,2,3,X,8,7,4,0,P,KIA,SPO,UT,8,17,3527,,0,1035,,G,,F,6,165,,,16R235,,,,,,0,0,000000000,00000000000,0,0,0,1,0,0,0,0,0,0,0,65,0,0,0,9,9,6,2,12,0,0,0,1,29,64057,6,1,0,0,3,0,69,120,0,0,0,0,0,0,0,0,0,0,0,0,0,0,2,2,65,3,6,2,1,0,0,14,60,7,1,4,98,1,0
29,290298,1,1,2,7,7,19,10,34,0,1,0,29,1,72,706,72706,80,1996,1HD1BLL10TY0,1,H,D,1,B,L,L,1,0,T,Y,0,0,M,HD,XST,RS,96,17,,,,,,,1340,,2,,4,625,,,,,,,0,0,000000000,00000000000,0,0,0,1,0,0,0,0,0,0,0,55,0,0,0,14,0,6,2,1,0,0,0,1,29,64801,6,1,0,0,3,0,79,283,0,0,0,0,1,12,2008,12,2008,0,0,0,0,0,1,2,55,3,5,2,1,0,0,14,13,1,1,4,1,1,0
29,290299,1,2,1,8,7,18,17,12,6,1,0,92,0,73,706,73706,80,1999,JKAZXBD17XB5,J,K,A,Z,X,B,D,1,7,X,B,5,0,M,KAWK,ZXD,RC,99,17,,,,,,,1100,,4,,4,514,,,,,,,0,0,000000000,00000000000,0,0,0,1,0,0,0,0,0,0,0,60,0,0,0,12,12,6,2,12,0,0,0,1,29,63121,1,1,0,0,2,0,67,166,2,3,0,2,0,7,2008,7,2010,1,38,39,0,0,1,2,25,1,1,2,1,20,3,1,17,1,1,1,86,1,0
29,290299,2,2,2,8,7,18,17,12,6,1,0,29,2,55,33,55033,4,2005,KMHWF25H55A1,K,M,H,W,F,2,5,H,5,5,A,1,0,P,HYUN,SOL,4D,5,17,3181,,0,1063,,G,,F,6,162,,,16R205,,,,,,0,0,000000000,00000000000,0,0,0,1,0,0,0,0,0,0,0,15,0,0,0,3,3,6,2,12,0,0,0,1,29,63115,6,1,6,0,3,0,68,270,0,0,0,0,0,0,0,0,0,0,0,0,0,0,1,2,25,1,1,2,1,20,3,4,66,1,1,1,87,0,0
29,290300,1,2,1,8,7,18,38,12,6,1,0,29,1,72,706,72706,80,1997,1HD4CEM13VY2,1,H,D,4,C,E,M,1,3,V,Y,2,0,M,HD,L8H,RS,97,17,,,,,,,883,,2,,4,485,,,,,,,0,0,000000000,00000000000,0,0,0,1,0,0,0,0,0,0,0,55,0,0,0,12,12,6,2,12,0,0,0,1,29,63752,3,1,3,0,2,0,66,185,1,0,0,0,0,9,2008,9,2008,0,28,0,0,0,1,2,55,2,2,2,1,0,0,14,10,1,2,2,64,1,1
29,290300,2,2,1,8,7,18,38,12,6,1,0,29,1,7,482,7482,31,2002,3D7HU18Z02G1,3,D,7,H,U,1,8,Z,0,2,G,1,0,T,DODG,Q15,CW,2,17,,2,1605,1405,RPC,G,,,8,360,,,,B,5000,02,E,44,0,0,000000000,00000000000,0,0,0,1,0,0,0,0,0,0,0,50,0,0,0,11,11,6,2,12,0,0,0,1,29,63736,6,1,0,0,3,0,72,175,0,0,0,0,0,0,0,0,0,0,0,0,0,0,1,2,55,3,2,2,1,0,0,14,60,7,1,1,65,0,0
29,290301,1,3,1,11,7,14,26,12,6,1,0,29,2,12,471,12471,30,2007,1FTYR10D87PA,1,F,T,Y,R,1,0,D,8,7,P,A,0,T,FORD,RNG,PK,7,17,,1,1180,1120,RNG,G,,,4,140,,,,B,3012,00,U,42,0,0,000000000,00000000000,0,0,0,1,0,0,0,0,0,0,0,60,0,0,0,12,12,6,2,12,0,0,0,1,29,65338,6,1,0,0,3,3,64,200,0,0,0,0,0,0,0,0,0,0,28,0,0,0,1,2,60,2,2,2,1,0,0,14,10,1,1,2,64,1,0
29,290301,2,3,1,11,7,14,26,12,6,1,0,29,1,20,481,20481,31,2006,1GBJK39D56E2,1,G,B,J,K,3,9,D,5,6,E,2,0,T,CHEV,SK3,4B,6,17,,3,0,1615,SIL,D,,,8,403,,,,D,6272,00,,44,0,0,000000000,00000000000,0,0,0,1,0,0,0,0,0,0,0,60,0,1,5,11,0,6,2,1,0,0,0,1,29,64738,2,1,0,0,2,0,70,165,0,1,0,0,0,2,2011,2,2011,0,0,0,0,0,1,2,60,3,2,2,1,0,0,14,62,7,1,1,65,0,0
29,290301,3,3,1,11,7,14,26,12,6,1,0,29,1,12,23,12023,4,2010,3FAHP0JA0AR1,3,F,A,H,P,0,J,A,0,A,R,1,0,P,FORD,F/L,4D,10,17,3342,,0,1074,,G,,F,4,152,,,17R225,,,,,,0,0,000000000,00000000000,0,0,0,1,0,0,0,0,0,0,0,60,0,0,0,14,14,2,1,18,0,0,0,1,29,65301,6,1,0,0,3,3,74,230,1,0,0,0,0,9,2008,9,2008,0,0,0,0,0,1,2,60,2,2,2,1,0,0,14,62,6,1,2,98,0,0
29,290302,1,1,1,12,7,3,15,8,0,1,1,29,3,82,881,82881,66,2007,1FUJCRCKX7PW,1,F,U,J,C,R,C,K,X,7,P,W,1,T,FRHT,COR,TR,7,17,,8,0,0,CON,D,,,6,855,,,,,00000,00,,64,1,57,561586,57561586,3,6,1,1,0,0,0,0,0,0,0,998,0,0,0,12,12,6,2,8,0,0,0,1,39,43512,6,1,6,3,3,3,70,235,0,0,0,1,1,7,2008,6,2009,0,0,0,0,0,2,2,65,1,2,2,1,0,0,1,80,1,1,1,13,0,0
29,290303,1,1,2,26,6,19,45,5,0,1,0,29,2,7,442,7442,20,2002,2B4GP44R72R6,2,B,4,G,P,4,4,R,7,2,R,6,0,T,DODG,GSP,ES,2,17,,1,0,1193,CAR,G,,,6,201,,,,,4002,00,E,42,0,0,000000000,00000000000,0,0,0,1,0,0,0,0,0,0,0,55,0,0,0,0,0,0,1,5,0,0,0,1,29,65444,6,1,0,0,3,0,64,125,0,0,0,0,0,0,0,0,0,0,0,0,0,0,1,2,55,1,6,2,1,0,0,1,98,1,1,1,0,1,0
29,290304,1,2,1,30,6,7,50,12,1,1,0,29,1,37,402,37402,14,2011,5J6RE4H33BL0,5,J,6,R,E,4,H,3,3,B,L,0,0,P,HOND,CRV,UT,11,17,3503,,0,1031,,G,,F,4,146,,,17R225,,,,,,0,0,000000000,00000000000,0,0,0,1,0,0,0,0,0,0,0,30,0,0,0,6,6,2,1,12,0,0,0,1,29,65802,6,1,0,0,3,0,65,200,0,0,0,0,0,0,0,0,0,0,0,0,0,0,1,2,30,1,2,2,1,0,0,2,18,1,1,1,31,1,0
29,290304,2,2,1,30,6,7,50,12,1,1,0,29,1,35,402,35402,14,2006,5N1AN08W56C5,5,N,1,A,N,0,8,W,5,6,C,5,0,P,NISS,XTR,UT,6,17,4165,,0,1063,,G,,F,6,244,,,16R265,,,,,,0,0,000000000,00000000000,0,0,0,1,0,0,0,0,0,0,0,30,0,0,0,12,12,2,1,12,0,0,0,1,5,65803,6,1,0,0,3,3,68,125,0,0,0,0,0,0,0,0,0,0,26,0,0,0,1,2,30,1,2,2,1,0,0,1,52,1,1,1,28,0,0
29,290305,1,2,2,2,7,12,17,12,6,1,0,29,2,20,481,20481,31,1996,1GCEK14R7TZ1,1,G,C,E,K,1,4,R,7,T,Z,1,0,T,CHEV,GK1,PK,96,17,,2,1315,1175,GM4,G,,,8,350,,,,B,4210,01,,44,0,0,000000000,00000000000,0,0,0,1,0,0,0,0,0,0,0,55,0,0,0,12,12,6,2,12,0,0,0,1,29,63869,6,1,0,0,3,0,73,225,0,0,0,0,1,12,2009,12,2009,0,0,0,0,0,2,2,65,1,1,2,1,0,0,1,66,7,1,1,86,0,0
29,290305,2,2,2,2,7,12,17,12,6,1,0,29,1,12,481,12481,31,1998,1FTZX1766WNB,1,F,T,Z,X,1,7,6,6,W,N,B,0,T,FORD,F15,3C,98,17,,1,1570,1390,COF,G,,,8,281,,,,B,4067,02,E,42,0,0,000000000,00000000000,0,0,0,1,0,0,0,0,0,0,0,39,0,0,0,3,3,6,2,12,0,0,0,1,29,63866,6,1,0,0,3,3,72,190,0,0,0,0,0,0,0,0,0,0,38,0,0,0,1,2,55,3,9,2,1,21,3,4,17,1,1,1,87,2,0
29,290306,1,2,1,4,7,8,33,12,2,1,0,29,2,14,401,14401,14,1997,4M2DU55P6VUJ,4,M,2,D,U,5,5,P,6,V,U,J,0,P,MERC,MOU,UT,97,17,0,,0,1120,,G,,F,8,302,,,15R235,,,,,,0,0,000000000,00000000000,0,0,0,1,0,0,0,0,0,0,0,998,0,0,0,12,12,6,2,12,0,0,0,1,99,99999,9,9,99,9,9,9,999,999,99,99,99,99,99,99,9999,99,9999,0,51,0,0,0,2,4,65,2,2,2,1,0,0,14,54,1,1,1,52,0,1
29,290306,2,2,2,4,7,8,33,12,2,1,0,29,2,20,2,20002,4,2004,2G1WP5510491,2,G,1,W,P,5,5,1,0,4,9,1,0,P,CHEV,ISC,4D,4,17,3466,,0,1105,,G,,Z,6,231,,,17R235,,,,,,0,0,000000000,00000000000,0,0,0,1,0,0,0,0,0,0,0,69,0,0,0,12,12,6,2,12,0,0,0,1,29,64012,6,1,0,0,3,0,58,120,0,0,0,1,0,9,2008,9,2008,0,0,0,0,0,2,2,65,3,2,2,1,0,0,14,54,1,1,1,52,2,0
29,290307,1,1,1,7,7,12,14,1,0,1,0,29,1,72,706,72706,80,2001,1HD1BWB181Y0,1,H,D,1,B,W,B,1,8,1,Y,0,0,M,HD,FSI,RS,1,17,,,,,,,1450,,2,,4,696,,,,,,,0,0,000000000,00000000000,0,0,0,1,0,0,0,0,0,0,0,998,0,0,0,0,0,6,2,1,0,0,0,1,29,65680,6,1,0,0,3,3,65,145,0,0,0,0,0,0,0,0,0,1,0,0,0,0,6,2,30,2,6,2,1,0,0,14,6,1,1,1,98,1,0
29,290308,1,1,4,10,7,3,55,8,0,1,0,29,2,20,442,20442,20,1995,1GNDU06D2ST1,1,G,N,D,U,0,6,D,2,S,T,1,0,P,CHEV,L/M,SV,95,17,3516,,0,1098,,G,,F,6,191,,,15R205,,,,,,0,0,000000000,00000000000,0,0,0,1,0,0,0,0,0,0,0,70,0,0,0,14,14,0,1,8,0,0,0,1,29,65704,6,1,6,0,3,0,67,200,1,0,0,0,0,10,2008,10,2008,0,0,0,0,0,2,2,70,1,6,1,1,0,0,1,80,1,1,1,13,0,0
29,290309,1,1,1,12,7,0,20,42,0,1,0,29,1,7,482,7482,31,2006,3D7KR28C06G1,3,D,7,K,R,2,8,C,0,6,G,1,0,T,DODG,SQ2,CW,6,17,,2,1605,1405,RPC,D,,,6,359,,,,C,6398,01,E,42,0,0,000000000,00000000000,0,0,0,1,0,0,0,0,0,0,0,80,0,0,0,12,12,6,2,42,0,0,0,1,29,65723,6,1,0,0,3,0,71,200,0,0,0,0,1,9,2010,9,2010,1,0,0,0,0,1,2,55,2,6,2,1,0,0,14,6,1,1,4,6,1,1
29,290310,1,1,2,15,7,8,0,38,0,1,0,29,1,20,481,20481,31,1988,2GCDC14K0J11,2,G,C,D,C,1,4,K,0,J,1,1,0,T,CHEV,GC1,PK,88,17,,1,1315,1175,GM4,G,,,8,350,,,,B,3655,01,,42,0,0,000000000,00000000000,0,0,0,1,0,0,0,0,0,0,0,45,0,1,5,12,1,6,2,1,0,0,0,1,29,64850,6,1,0,0,3,0,73,155,1,0,0,0,0,7,2011,7,2011,1,39,0,0,0,1,2,35,1,1,2,1,20,3,1,13,1,1,4,1,1,0
29,290311,1,1,3,12,6,19,14,5,0,1,0,29,2,20,401,20401,14,2002,1GNCS13W02K1,1,G,N,C,S,1,3,W,0,2,K,1,0,P,CHEV,BZR,UT,2,17,3718,,0,1070,,G,,F,6,262,,,000000,,,,,,0,0,000000000,00000000000,0,0,0,1,0,0,0,0,0,0,0,998,0,0,0,0,0,0,1,5,0,0,0,1,20,66061,6,1,0,0,3,0,74,230,0,0,0,0,0,0,0,0,0,0,0,0,0,0,1,2,35,1,2,2,1,0,0,1,98,1,1,1,0,1,0
29,290312,1,1,2,25,6,17,18,1,0,1,0,29,2,12,481,12481,31,2006,1FTSF21P96EB,1,F,T,S,F,2,1,P,9,6,E,B,0,T,FORD,F2S,PK,6,17,,2,0,1370,SRW,D,,,8,366,,,,C,5970,00,U,44,0,0,000000000,00000000000,0,0,0,1,0,0,0,0,0,0,0,90,0,1,5,0,0,6,2,1,0,0,0,1,29,63630,6,1,0,0,3,0,68,138,1,0,0,0,0,7,2009,7,2009,1,0,0,0,0,1,2,55,1,6,2,1,0,0,1,6,1,4,4,7,1,0
29,290313,1,1,1,3,7,2,5,1,0,1,0,29,2,24,5,24005,4,2002,1G8JW54R02Y5,1,G,8,J,W,5,4,R,0,2,Y,5,0,P,STRN,L30,4D,2,17,3198,,0,1065,,G,,F,6,183,,,15R205,,,,,,0,0,000000000,00000000000,0,0,0,1,0,0,0,0,0,0,0,60,0,1,5,0,0,6,2,1,0,0,0,1,29,63031,2,1,0,0,2,0,63,125,2,6,0,0,0,3,2010,6,2011,1,58,0,0,0,1,2,55,1,1,2,1,0,0,1,13,7,3,4,2,1,1
29,290314,1,1,2,4,7,9,16,59,0,1,0,29,1,49,40,49040,4,2011,4T1BF3EK6BU6,4,T,1,B,F,3,E,K,6,B,U,6,0,P,TOYT,CBA,4D,11,17,3263,,0,1093,,G,,F,4,152,,,16R215,,,,,,0,0,000000000,00000000000,0,0,0,1,0,0,0,0,0,0,0,60,0,1,5,12,12,6,2,42,0,0,0,1,29,63010,6,1,0,0,3,0,62,210,4,0,0,0,0,5,2009,4,2011,1,0,0,0,0,2,4,60,3,2,2,2,0,0,14,6,1,1,4,1,1,1
29,290315,1,1,1,8,7,15,0,5,0,1,0,92,0,12,998,12998,92,9999,C5NNB929,C,5,N,N,B,9,2,9,,,,,1,U,,,,,8,,,,,,,,,,,,,,,,,,,1,0,000000000,00000000000,0,0,0,1,0,0,0,0,0,0,0,10,0,0,0,0,0,0,1,5,0,0,0,1,29,63359,6,1,0,0,3,3,68,170,0,0,0,0,0,0,0,0,0,0,0,0,0,0,1,2,50,1,6,4,1,0,0,1,98,1,1,1,0,1,0
29,290316,1,1,1,13,7,6,13,24,0,1,0,29,2,20,421,20421,15,1996,1GNEK13RXTJ3,1,G,N,E,K,1,3,R,X,T,J,3,0,P,CHEV,KTA,UT,96,17,5144,,0,1175,,G,,F,8,350,,,16R245,,,,,,0,0,000000000,00000000000,0,0,0,1,0,0,0,0,0,0,0,60,0,0,0,12,12,6,2,39,0,0,0,1,29,63104,1,1,0,0,2,0,65,140,2,1,0,0,0,10,2008,11,2010,1,0,0,0,0,2,2,55,3,1,2,2,0,0,14,6,1,1,4,6,1,1
29,290317,1,1,1,20,7,7,0,35,0,1,0,29,2,20,401,20401,14,1996,1GNDT13WXT22,1,G,N,D,T,1,3,W,X,T,2,2,0,P,CHEV,BZR,UT,96,17,4023,,0,1070,,G,,F,6,262,,,15R235,,,,,,0,0,000000000,00000000000,0,0,0,1,0,0,0,0,0,0,0,60,0,1,5,14,0,6,2,1,0,0,0,1,29,64804,6,1,0,0,2,3,70,155,1,0,0,0,0,12,2009,12,2009,0,0,0,0,0,1,2,60,1,1,2,1,0,0,1,13,1,1,4,1,1,0
29,290318,1,1,1,9,6,10,8,8,0,1,0,92,0,13,401,13401,14,2003,5LMEU78HX3ZJ,5,L,M,E,U,7,8,H,X,3,Z,J,0,P,LINC,AVI,UT,3,17,5002,,0,1137,,G,,F,8,281,,,17R245,,,,,,0,0,000000000,00000000000,0,0,0,1,0,0,0,0,0,0,0,998,0,0,0,12,12,0,1,8,0,0,0,1,29,65536,6,1,0,0,3,3,69,175,0,0,0,0,0,0,0,0,0,0,38,0,0,0,1,2,25,1,1,2,1,20,3,10,80,1,1,2,13,0,0
29,290319,1,1,1,10,6,22,26,46,0,1,0,29,1,30,46,30046,4,2008,WVWJK73C58E0,W,V,W,J,K,7,3,C,5,8,E,0,0,P,VOLK,PTB,4D,8,17,3345,,0,1067,,G,,T,4,121,,,16R215,,,,,,0,0,000000000,00000000000,0,0,0,1,0,0,0,0,0,0,0,45,0,0,0,12,12,6,2,46,0,0,0,1,29,63123,6,1,0,0,3,0,71,224,0,0,0,1,0,8,2009,8,2009,1,0,0,0,0,2,2,35,1,2,1,1,2,3,1,12,1,1,4,6,1,1
29,290320,1,2,1,26,6,3,40,12,2,1,0,29,1,52,37,52037,1,2001,4A3AE85H21E1,4,A,3,A,E,8,5,H,2,1,E,1,0,P,MITS,STG,CV,1,17,3241,,0,1008,,G,,F,6,181,,,17R215,,,,,,0,0,000000000,00000000000,0,0,0,1,0,0,0,0,0,0,0,998,0,0,0,12,12,6,2,12,0,0,0,1,29,63042,0,0,0,0,0,0,999,999,0,0,0,0,0,0,0,0,0,0,28,92,0,0,1,2,40,1,1,2,2,0,0,1,10,1,1,2,50,0,1
29,290320,2,2,1,26,6,3,40,12,2,1,0,29,1,24,1,24001,4,1995,1G8ZH5281SZ3,1,G,8,Z,H,5,2,8,1,S,Z,3,0,P,STRN,SL1,4D,95,17,2252,,0,1024,,G,,F,4,116,,,14R175,,,,,,0,0,000000000,00000000000,0,0,0,1,0,0,0,0,0,0,0,40,0,0,0,12,12,6,2,12,0,0,0,1,29,63303,6,1,0,0,3,0,71,180,0,0,0,1,0,3,2011,3,2011,0,0,0,0,0,1,2,40,1,1,2,2,0,0,1,62,1,1,1,51,1,1
29,290321,1,2,1,30,6,22,8,54,11,1,0,29,1,86,881,86881,63,1990,2M2P264C5LC0,2,M,2,P,2,6,4,C,5,L,C,0,1,T,MACK,RD6,CC,90,17,,8,0,0,600,D,,,6,728,,,,,00000,00,,64,1,57,1250193,571250193,3,4,4,1,0,0,0,0,0,0,0,998,0,0,0,18,18,0,3,54,0,0,0,1,29,65452,6,1,6,3,3,0,73,190,0,0,0,0,0,0,0,0,0,0,0,0,0,0,1,2,55,2,5,2,1,0,0,14,10,1,1,2,98,0,0
29,290321,2,2,2,30,6,22,8,54,11,1,0,29,1,12,481,12481,31,2000,1FTRX17W4YKA,1,F,T,R,X,1,7,W,4,Y,K,A,0,T,FORD,F15,4C,0,17,,2,1571,1385,COF,G,,,8,281,,,,B,4204,05,U,42,0,0,000000000,00000000000,0,0,0,1,0,0,0,0,0,0,0,998,0,0,0,12,12,6,2,54,0,0,0,1,29,64034,6,1,0,0,3,0,72,160,0,0,0,0,0,0,0,0,0,0,0,0,0,0,1,2,55,2,6,2,1,0,0,14,60,1,1,1,98,1,1
29,290322,1,2,1,8,7,13,20,12,2,1,0,29,1,87,881,87881,63,1995,1XPFDE8X1SN3,1,X,P,F,D,E,8,X,1,S,N,3,0,T,PTRB,378,TR,95,17,,8,0,0,CON,D,,,6,629,,,,,00000,00,,64,0,57,1876249,571876249,3,2,4,1,0,0,0,0,0,0,0,54,0,0,0,12,12,6,2,12,0,0,0,1,29,65785,6,1,0,0,2,3,67,165,0,0,0,0,0,0,0,0,0,1,0,0,0,0,1,2,55,1,5,2,1,0,0,1,10,3,4,2,50,0,0
29,290322,2,2,4,8,7,13,20,12,2,1,0,29,3,12,870,12870,61,1996,1FDKE30F0THB,1,F,D,K,E,3,0,F,0,T,H,B,0,T,FORD,35C,MH,96,17,,3,1760,1380,CTV,D,,,8,444,,,,D,00000,00,A,42,0,88,888888888,88888888888,2,1,97,1,0,0,0,0,0,0,0,998,0,0,0,12,12,6,2,12,0,0,0,1,29,65604,6,1,6,0,3,3,76,225,0,0,0,0,0,0,0,0,0,0,0,0,0,0,1,2,55,1,6,2,1,0,0,1,62,9,1,2,51,1,0
29,290323,1,1,4,8,7,22,30,8,0,1,0,29,2,20,37,20037,4,2004,1G1ND52F14M6,1,G,1,N,D,5,2,F,1,4,M,6,0,P,CHEV,CLA,4D,4,17,3106,,0,1070,,G,,F,4,134,,,15R215,,,,,,0,0,000000000,00000000000,0,0,0,1,0,0,0,0,0,0,0,45,0,0,0,12,12,2,1,8,0,0,0,1,29,65541,6,1,0,0,3,0,68,160,1,0,0,1,0,1,2011,2,2011,0,0,0,0,0,1,2,55,1,1,2,1,0,0,1,80,1,1,1,13,0,1
29,290324,1,1,2,16,7,3,0,34,0,1,0,30,1,7,482,7482,31,1998,3B7HF13Y1WG2,3,B,7,H,F,1,3,Y,1,W,G,2,0,T,DODG,Q15,4C,98,17,,2,1547,1387,RPC,G,,,8,318,,,,B,4973,02,U,44,0,0,000000000,00000000000,0,0,0,1,0,0,0,0,0,0,0,55,0,1,1,14,0,6,2,1,0,0,0,1,99,99999,9,9,99,9,9,9,999,999,99,99,99,99,99,99,9999,99,9999,9,99,99,99,99,1,2,55,1,5,2,1,0,0,1,13,1,1,4,1,2,0
29,290325,1,1,1,19,7,16,30,35,0,1,0,92,0,76,705,76705,80,2002,JYARJ04E92A0,J,Y,A,R,J,0,4,E,9,2,A,0,0,M,YAMA,R6L,RC,2,17,,,,,,,599,,4,,4,365,,,,,,,0,0,000000000,00000000000,0,0,0,1,0,0,0,0,0,0,0,55,0,0,0,14,14,6,2,35,0,0,0,1,29,65604,2,1,0,0,2,0,68,165,0,1,0,0,1,12,2009,1,2010,9,0,0,0,0,1,2,55,1,5,2,1,0,0,1,13,1,1,4,1,1,0
29,290326,1,1,1,23,7,10,35,10,0,1,0,29,1,7,482,7482,31,1998,3B7HF13Z1WG1,3,B,7,H,F,1,3,Z,1,W,G,1,0,T,DODG,Q15,4C,98,17,,2,1547,1387,RPC,G,,,8,360,,,,B,4973,02,U,44,0,0,000000000,00000000000,0,0,0,1,0,0,0,0,0,0,0,5,0,1,5,9,9,6,2,10,0,0,0,1,29,65775,6,1,0,0,3,3,73,230,0,0,0,0,0,0,0,0,0,0,39,0,0,0,1,2,50,1,1,1,1,65,3,1,90,1,1,1,15,1,0