STATE,ST_CASE,VEH_NO,VE_FORMS,NUMOCCS,DAY,MONTH,HOUR,MINUTE,HARM_EV,MAN_COLL,UNITTYPE,HIT_RUN,REG_STAT,OWNER,MAKE,MODEL,MAK_MOD,BODY_TYP,MOD_YEAR,VIN,VIN_1,VIN_2,VIN_3,VIN_4,VIN_5,VIN_6,VIN_7,VIN_8,VIN_9,VIN_10,VIN_11,VIN_12,TOW_VEH,VINTYPE,VINMAKE,VINA_MOD,VIN_BT,VINMODYR,VIN_LNGT,VIN_WGT,WGTCD_TR,WHLBS_LG,WHLBS_SH,SER_TR,FUELCODE,MCYCL_DS,CARBUR,CYLINDER,DISPLACE,MCYCL_CY,MCYCL_WT,TIRE_SZE,TON_RAT,TRK_WT,TRKWTVAR,VIN_REST,WHLDRWHL,J_KNIFE,MCARR_I1,MCARR_I2,MCARR_ID,GVWR,V_CONFIG,CARGO_BT,HAZ_INV,HAZ_PLAC,HAZ_ID,HAZ_CNO,HAZ_REL,BUS_USE,SPEC_USE,EMER_USE,TRAV_SP,UNDERIDE,ROLLOVER,ROLINLOC,IMPACT1,IMPACT2,DEFORMED,TOWED,M_HARM,VEH_SC1,VEH_SC2,FIRE_EXP,DR_PRES,L_STATE,DR_ZIP,L_STATUS,L_TYPE,CDL_STAT,L_ENDORS,L_COMPL,L_RESTRI,DR_HGT,DR_WGT,PREV_ACC,PREV_SUS,PREV_DWI,PREV_SPD,PREV_OTH,FIRST_MO,FIRST_YR,LAST_MO,LAST_YR,SPEEDREL,DR_SF1,DR_SF2,DR_SF3,DR_SF4,VTRAFWAY,VNUM_LAN,VSPD_LIM,VALIGN,VPROFILE,VPAVETYP,VSURCOND,VTRAFCON,VTCONT_F,P_CRASH1,P_CRASH2,P_CRASH3,PCRASH4,PCRASH5,ACC_TYPE,DEATHS,DR_DRINK
29,290327,1,1,2,24,7,0,0,11,0,1,0,0,0,76,734,76734,90,2008,JY4AM15YX8C0,J,Y,4,A,M,1,5,Y,X,8,C,0,0,M,YAMA,Y7A,AT,8,17,,,,,,,686,,1,,4,600,,,,,,,0,0,000000000,00000000000,0,0,0,1,0,0,0,0,0,0,0,50,0,1,1,12,0,6,2,1,0,0,0,1,29,63451,6,2,0,0,3,3,71,135,0,0,0,0,0,0,0,0,0,1,0,0,0,0,1,2,55,1,6,2,1,0,0,1,87,1,1,1,13,1,0
29,290328,1,2,1,19,6,0,41,12,6,1,0,12,4,49,40,49040,4,2011,4T1BF3EK1BU1,4,T,1,B,F,3,E,K,1,B,U,1,0,P,TOYT,CBA,4D,11,17,3263,,0,1093,,G,,F,4,152,,,16R215,,,,,,0,0,000000000,00000000000,0,0,0,1,0,0,0,0,0,0,0,999,0,0,0,7,7,6,2,12,0,0,0,1,12,34450,6,1,0,0,3,0,71,999,0,0,0,0,0,0,0,0,0,0,28,48,0,0,2,2,70,1,2,2,2,0,0,11,15,1,1,1,82,1,0
29,290328,2,2,1,19,6,0,41,12,6,1,0,29,3,12,16,12016,4,2011,2FABP7BV9BX1,2,F,A,B,P,7,B,V,9,B,X,1,0,P,FORD,CVP,4D,11,17,4550,,0,0,,F,,F,8,281,,,000000,,,,,,0,0,000000000,00000000000,0,0,0,1,0,0,0,0,0,0,0,999,0,0,0,12,12,6,2,12,0,0,0,1,29,65251,6,1,0,0,3,0,73,160,3,0,0,0,0,9,2008,12,2010,0,0,0,0,0,2,2,70,1,2,2,2,0,0,1,62,3,2,1,83,0,0
29,290329,1,1,2,26,6,0,59,26,0,1,0,29,1,49,33,49033,3,2000,JTDDR32T8Y00,J,T,D,D,R,3,2,T,8,Y,0,0,0,P,TOYT,CGF,2H,0,17,2425,,0,1023,,G,,F,4,109,,,15R195,,,,,,0,0,000000000,00000000000,0,0,0,1,0,0,0,0,0,0,0,50,0,0,0,12,12,6,2,30,0,0,0,1,29,63137,6,1,0,0,3,0,66,110,0,0,0,0,0,0,0,0,0,1,0,0,0,0,2,4,45,1,2,7,2,3,3,1,6,1,1,4,6,1,1
29,290330,1,1,1,7,7,0,30,1,0,1,0,19,3,12,481,12481,31,2004,3FTSF31S44MA,3,F,T,S,F,3,1,S,4,4,M,A,0,T,FORD,F3S,PK,4,17,,2,0,1370,SRW,G,,,10,415,,,,D,5851,00,U,44,0,0,000000000,00000000000,0,0,0,1,0,0,0,0,0,0,0,55,0,1,5,0,0,6,2,1,0,0,0,1,19,52501,6,1,0,0,3,0,67,165,0,1,0,1,0,7,2009,9,2009,0,0,0,0,0,1,2,55,1,6,2,1,0,0,1,12,1,1,4,6,1,0
29,290331,1,1,4,9,7,1,50,1,0,1,0,29,1,20,481,20481,31,2005,1GCHK29U75E1,1,G,C,H,K,2,9,U,7,5,E,1,0,T,CHEV,2KH,4C,5,17,,2,1575,1435,SIL,G,,,8,366,,,,C,5631,00,,44,0,0,000000000,00000000000,0,0,0,1,0,0,0,0,0,0,0,999,0,2,5,0,0,6,2,1,0,0,0,1,29,64040,2,2,0,0,2,2,69,140,0,1,0,2,1,8,2008,4,2010,1,58,73,0,0,1,2,55,3,2,2,1,0,0,14,13,6,4,4,2,1,1
29,290332,1,1,1,16,7,23,27,33,0,1,0,29,1,72,706,72706,80,2009,1HD1BX5199Y0,1,H,D,1,B,X,5,1,9,9,Y,0,0,M,HD,FLF,RS,9,17,,,,,,,1584,,2,,4,714,,,,,,,0,0,000000000,00000000000,0,0,0,1,0,0,0,0,0,0,0,50,0,0,0,12,1,4,3,1,0,0,0,1,29,63389,6,1,0,0,3,3,69,173,0,0,0,1,0,5,2009,5,2009,0,0,0,0,0,2,2,45,1,1,1,1,0,0,1,13,1,1,4,1,1,1
29,290333,1,1,1,21,7,11,57,30,0,1,0,29,1,20,2,20002,4,2000,2G1WH55K6Y91,2,G,1,W,H,5,5,K,6,Y,9,1,0,P,CHEV,IPL,4D,0,17,3466,,0,1110,,G,,F,6,231,,,16R225,,,,,,0,0,000000000,00000000000,0,0,0,1,0,0,0,0,0,0,0,998,0,0,0,12,12,6,2,30,0,0,0,1,29,64130,6,1,0,0,3,0,63,215,0,0,0,0,0,0,0,0,0,0,0,0,0,0,1,2,35,1,1,2,1,0,0,1,13,1,1,4,1,1,0
29,290334,1,1,0,21,7,15,49,33,0,1,0,20,3,84,881,84881,62,1997,1HTSCAAM3VH4,1,H,T,S,C,A,A,M,3,V,H,4,0,T,INTL,470,CC,97,17,,6,2540,1280,40S,D,,,6,466,,,,,00000,00,,42,0,57,917983,57917983,2,1,1,1,0,0,0,0,0,0,0,998,0,0,0,14,14,6,2,8,0,0,0,0,0,99997,7,6,97,7,6,7,998,997,998,998,998,998,998,98,9998,98,9998,8,0,0,0,0,1,4,35,1,6,2,1,0,0,0,10,0,0,0,98,0,0
29,290335,1,1,2,23,7,1,0,35,0,1,0,29,1,7,482,7482,31,2002,1D7HU16N22J1,1,D,7,H,U,1,6,N,2,2,J,1,0,T,DODG,150,PK,2,17,,2,1405,1205,RPC,G,,,8,287,,,,B,4676,01,E,44,0,0,000000000,00000000000,0,0,0,1,0,0,0,0,0,0,0,50,0,1,5,12,0,6,2,1,0,0,0,1,29,64624,6,1,0,0,3,3,69,180,0,0,0,0,0,0,0,0,0,0,28,0,0,0,1,2,55,1,6,2,1,0,0,1,10,1,1,4,6,1,0
29,290336,1,1,4,25,7,12,48,14,0,1,0,29,1,49,32,49032,4,2004,2T1BR32E84C2,2,T,1,B,R,3,2,E,8,4,C,2,0,P,TOYT,UCS,4D,4,17,2502,,0,1024,,G,,F,4,109,,,15R185,,,,,,0,0,000000000,00000000000,0,0,0,1,0,0,0,0,0,0,0,998,0,0,0,12,12,6,2,14,0,0,0,1,29,64158,6,1,0,0,3,0,74,240,0,0,0,0,0,0,0,0,0,0,0,0,0,0,2,2,70,1,1,2,1,0,0,1,13,1,1,4,1,1,0
29,290337,1,1,1,26,7,16,43,33,0,1,0,17,1,53,706,53706,80,2001,JS1GT74A9121,J,S,1,G,T,7,4,A,9,1,2,1,0,M,SUZI,XR1,RC,1,17,,,,,,,988,,4,,4,375,,,,,,,0,0,000000000,00000000000,0,0,0,1,0,0,0,0,0,0,0,40,0,0,0,12,12,6,2,33,0,0,0,1,29,63122,6,1,0,0,3,3,73,180,0,0,0,0,0,0,0,0,0,1,0,0,0,0,5,4,40,1,1,2,1,3,3,1,6,1,1,4,1,1,0
29,290338,1,1,2,15,6,12,54,8,0,1,0,29,1,20,431,20431,16,2002,1GNFK16Z02J1,1,G,N,F,K,1,6,Z,0,2,J,1,0,P,CHEV,K15,UT,2,17,5123,,0,1300,,F,,F,8,325,,,16R245,,,,,,0,0,000000000,00000000000,0,0,0,1,0,0,0,0,0,0,0,998,0,0,0,1,1,2,1,8,0,0,0,1,29,63115,6,1,0,0,3,3,72,200,0,0,0,0,0,0,0,0,0,0,0,0,0,0,1,6,35,1,1,2,1,0,0,1,80,1,1,1,13,0,0
29,290339,1,1,2,28,7,19,14,8,0,1,0,29,1,7,482,7482,31,2004,1D7HA16N34J2,1,D,7,H,A,1,6,N,3,4,J,2,0,T,DODG,S15,PK,4,17,,2,1405,1205,RPC,G,,,8,287,,,,B,4445,01,E,42,0,0,000000000,00000000000,0,0,0,1,0,0,0,0,0,0,0,5,0,0,0,2,2,0,1,8,0,0,0,1,29,63042,6,1,0,0,3,0,68,180,1,0,0,0,0,11,2009,11,2009,0,0,0,0,0,5,4,40,1,1,2,1,2,3,10,80,1,1,1,13,0,0
29,290340,1,2,2,12,7,10,46,12,6,1,0,29,1,18,20,18020,4,2002,2G4WB55K4211,2,G,4,W,B,5,5,K,4,2,1,1,0,P,BUIC,RLS,4D,2,17,3438,,0,1090,,G,,F,6,231,,,15R215,,,,,,0,0,000000000,00000000000,0,0,0,1,0,0,0,0,0,0,0,20,0,0,0,3,3,6,2,12,0,0,0,1,29,65706,6,1,0,0,3,3,63,130,0,0,0,0,0,0,0,0,0,0,38,0,0,0,1,3,55,1,2,1,1,1,3,11,15,1,1,1,68,1,0
29,290340,2,2,1,12,7,10,46,12,6,1,0,29,3,85,881,85881,63,2005,1NKDXBTX45J1,1,N,K,D,X,B,T,X,4,5,J,1,0,T,KW,T80,CC,5,17,,8,2600,1600,CON,D,,,6,893,,,,,00000,00,,,0,57,2017470,572017470,3,2,4,1,0,0,0,0,0,0,0,45,0,0,0,12,1,2,1,12,0,0,0,1,29,65652,6,1,6,0,3,0,70,230,0,0,0,0,0,0,0,0,0,0,0,0,0,0,1,3,55,1,2,1,1,1,3,1,66,4,1,1,69,0,0
29,290341,1,1,1,19,4,13,48,17,0,1,0,29,1,12,13,12013,2,1996,3FASP11J1TR1,3,F,A,S,P,1,1,J,1,T,R,1,0,P,FORD,LXE,2H,96,17,2356,,0,984,,G,,F,4,113,,,14R175,,,,,,0,0,000000000,00000000000,0,0,0,1,0,0,0,0,0,0,0,55,0,0,0,12,12,6,2,17,0,0,0,1,29,63077,6,1,0,0,3,3,69,178,0,0,0,0,0,0,0,0,0,0,0,0,0,0,1,2,55,1,1,2,1,0,0,1,10,1,1,4,6,1,0
29,290342,1,1,2,4,7,0,33,8,0,1,0,17,1,55,401,55401,14,2007,5NMSG13D67H1,5,N,M,S,G,1,3,D,6,7,H,1,0,P,HYUN,SAN,UT,7,17,3727,,0,1063,,G,,F,6,162,,,16R235,,,,,,0,0,000000000,00000000000,0,0,0,1,0,0,0,0,0,0,0,998,0,0,0,12,12,2,1,8,0,0,0,1,17,63103,6,1,0,0,3,0,66,135,0,0,0,0,0,0,0,0,0,0,0,0,0,0,1,4,30,1,1,2,2,0,0,1,80,1,1,1,13,0,1
29,290343,1,1,1,9,7,4,15,59,0,1,0,29,2,76,706,76706,80,2006,JYARN15YX6A0,J,Y,A,R,N,1,5,Y,X,6,A,0,0,M,YAMA,FR1,RC,6,17,,,,,,,998,,4,,4,999,,,,,,,0,0,000000000,00000000000,0,0,0,1,0,0,0,0,0,0,0,998,0,0,0,98,98,6,2,59,0,0,0,1,29,63139,6,1,0,0,3,0,70,170,0,0,0,0,0,0,0,0,0,1,0,0,0,0,1,2,25,1,1,2,1,0,0,1,12,1,1,4,6,1,1
29,290344,1,1,2,12,7,9,15,1,0,1,0,29,1,23,431,23431,16,2001,3GKEC16T91G1,3,G,K,E,C,1,6,T,9,1,G,1,0,T,GMC,CX1,4W,1,17,,2,0,1300,YUK,G,,,8,325,,,,B,4947,00,E,42,0,0,000000000,00000000000,0,0,0,1,0,0,0,0,0,0,0,65,0,1,5,0,0,6,2,1,0,0,0,1,29,65037,6,1,0,0,3,0,76,205,0,0,0,0,0,0,0,0,0,0,0,0,0,0,2,2,65,1,1,2,1,0,0,1,90,8,3,4,2,1,0
29,290345,1,2,1,15,7,0,55,12,2,1,0,40,3,51,881,51881,66,2008,4V4NC9TH18N4,4,V,4,N,C,9,T,H,1,8,N,4,1,T,VOLV,VNL,TR,8,17,,8,0,0,VVN,D,,,6,915,,,,,00000,00,,64,1,57,3327,573327,3,6,1,1,0,0,0,0,0,0,0,998,0,0,0,12,12,6,2,12,0,0,1,1,40,74346,6,1,6,3,3,3,66,180,0,0,0,0,0,0,0,0,0,0,0,0,0,0,1,2,60,1,2,2,1,0,0,1,62,8,1,2,51,0,0
29,290345,2,2,1,15,7,0,55,12,2,1,0,29,1,12,481,12481,31,2000,1FTZF082XYKA,1,F,T,Z,F,0,8,2,X,Y,K,A,0,T,FORD,F15,PK,0,17,,1,0,1202,COF,G,,,6,256,,,,B,4299,03,U,44,0,0,000000000,00000000000,0,0,0,1,0,0,0,0,0,0,0,998,0,0,0,12,12,6,2,12,0,0,1,1,29,65647,6,1,0,0,3,3,74,195,0,0,0,0,0,0,0,0,0,0,28,0,0,0,1,2,60,1,2,2,1,0,0,1,10,7,1,2,50,1,1
29,290346,1,2,1,18,7,13,30,12,6,1,0,29,2,76,733,76733,90,1995,JY44BDA07SA1,J,Y,4,4,B,D,A,0,7,S,A,1,0,M,YAMA,YFB,AT,95,17,,,,,,,230,,1,,4,417,,,,,,,0,0,000000000,00000000000,0,0,0,1,0,0,0,0,0,0,0,35,0,0,0,9,9,6,2,12,0,0,0,1,29,63873,0,0,0,0,0,0,42,50,0,0,0,0,0,0,0,0,0,0,38,0,0,0,0,0,0,0,0,0,0,0,0,11,15,1,1,1,82,1,0
29,290346,2,2,1,18,7,13,30,12,6,1,0,29,1,23,481,23481,31,2011,3GTP2VE35BG2,3,G,T,P,2,V,E,3,5,B,G,2,0,T,GMC,1NK,CW,11,17,,2,0,1435,SIE,F,,,8,323,,,,B,5346,00,S,44,0,0,000000000,00000000000,0,0,0,1,0,0,0,0,0,0,0,46,0,0,0,12,12,2,3,12,0,0,0,1,29,63873,6,1,0,0,3,3,72,220,0,0,0,0,0,0,0,0,0,0,0,0,0,0,1,2,50,1,1,2,1,0,0,1,74,1,1,1,83,0,0
29,290347,1,1,1,28,7,21,41,14,0,1,0,29,1,20,9,20009,2,1995,2G1FP22S9S21,2,G,1,F,P,2,2,S,9,S,2,1,0,P,CHEV,CAM,CP,95,17,3251,,0,1011,,G,,F,6,207,,,16R215,,,,,,0,0,000000000,00000000000,0,0,0,1,0,0,0,0,0,0,0,998,0,0,0,9,9,6,2,14,0,0,0,1,29,63106,6,1,0,0,3,0,69,140,0,0,0,0,0,0,0,0,0,1,0,0,0,0,1,6,35,1,2,2,1,0,0,1,6,1,3,4,2,1,0
29,290348,1,1,1,2,7,22,56,1,0,1,0,29,1,73,705,73705,80,2002,JKAZX4J182A0,J,K,A,Z,X,4,J,1,8,2,A,0,0,M,KAWK,ZXJ,RC,2,17,,,,,,,600,,4,,4,377,,,,,,,0,0,000000000,00000000000,0,0,0,1,0,0,0,0,0,0,0,60,0,0,0,0,0,6,2,1,0,0,0,1,29,63390,6,1,0,0,3,0,73,190,0,0,0,1,0,6,2010,6,2010,1,0,0,0,0,1,2,40,3,2,2,1,0,0,14,6,1,1,1,98,1,1
29,290349,1,1,4,12,7,23,50,8,0,1,0,29,1,19,3,19003,4,1989,1G6CD5154K42,1,G,6,C,D,5,1,5,4,K,4,2,0,P,CADI,DFW,4D,89,17,3302,,0,1138,,G,,F,8,276,,,15R205,,,,,,0,0,000000000,00000000000,0,0,0,1,0,0,0,0,0,0,0,998,0,0,0,12,12,2,3,8,0,0,0,1,29,63052,6,1,6,0,3,0,73,180,0,0,0,0,0,0,0,0,0,0,0,0,0,0,2,4,45,1,1,2,1,1,3,1,80,1,1,1,13,0,1
29,290350,1,1,1,26,7,21,43,32,0,1,0,29,2,20,421,20421,15,1999,1GNEK13R9XJ4,1,G,N,E,K,1,3,R,9,X,J,4,0,P,CHEV,KTA,UT,99,17,5268,,0,1175,,G,,F,8,350,,,16R245,,,,,,0,0,000000000,00000000000,0,0,0,1,0,0,0,0,0,0,0,50,0,1,5,12,1,6,2,1,0,0,0,1,29,63383,6,1,0,0,3,0,71,145,0,0,0,0,0,0,0,0,0,0,0,0,0,0,1,2,55,3,1,2,1,0,0,14,10,1,1,4,6,1,1
29,290351,1,1,4,26,7,23,45,5,0,1,0,29,2,7,482,7482,31,2001,3B7KF23621G1,3,B,7,K,F,2,3,6,2,1,G,1,0,T,DODG,Q25,4C,1,17,,2,1547,1387,RPC,D,,,6,359,,,,C,5586,01,U,44,0,0,000000000,00000000000,0,0,0,1,0,0,0,0,0,0,0,40,0,0,0,0,0,0,1,5,0,0,0,1,29,63089,6,2,0,0,3,0,76,170,0,0,0,0,0,0,0,0,0,0,0,0,0,0,1,2,40,3,6,2,1,0,0,14,98,1,1,1,0,1,1
29,290352,1,1,1,26,7,5,35,11,0,1,0,29,1,73,705,73705,80,1982,JKAKZDN10CA0,J,K,A,K,Z,D,N,1,0,C,A,0,0,M,KAWK,K7N,RS,82,17,,,,,,,750,,4,,4,462,,,,,,,0,0,000000000,00000000000,0,0,0,1,0,0,0,0,0,0,0,40,0,0,0,12,12,6,2,11,0,0,0,1,29,65453,6,1,0,0,3,0,69,220,0,0,0,0,0,0,0,0,0,0,0,0,0,0,1,2,55,1,2,2,1,0,0,1,87,3,2,1,13,1,0
29,290353,1,1,1,29,7,0,16,38,0,1,0,29,1,23,471,23471,30,1995,1GTCT19W2S85,1,G,T,C,T,1,9,W,2,S,8,5,0,T,GMC,SON,PC,95,17,,1,0,1229,SON,G,,,6,262,,,,B,00000,00,M,44,0,0,000000000,00000000000,0,0,0,1,0,0,0,0,0,0,0,55,0,0,0,4,2,6,2,42,0,0,0,1,29,65014,6,1,6,0,3,3,62,145,0,0,0,0,0,0,0,0,0,0,58,0,0,0,1,2,55,1,5,2,1,0,0,1,10,1,4,4,2,1,1
29,290354,1,1,1,29,7,4,50,35,0,1,0,92,0,85,884,85884,66,1979,174729S,1,7,4,7,2,9,S,,,,,,1,T,KW,,,79,7,,,,,,,,,,,,,,,,,,,1,57,0144525,570144525,3,6,2,1,0,0,0,0,0,0,0,998,0,0,0,12,12,6,2,35,0,0,0,1,29,64077,6,1,6,3,3,0,69,210,0,0,0,0,0,0,0,0,0,0,0,0,0,0,2,2,65,1,1,2,2,0,0,1,12,6,1,4,6,1,0
29,290355,1,1,1,31,7,2,10,35,0,1,0,29,2,7,482,7482,31,2005,1D7HA16D45J5,1,D,7,H,A,1,6,D,4,5,J,5,0,T,DODG,S15,PK,5,17,,2,1405,1205,RPC,G,,,8,348,,,,B,4318,01,E,42,0,0,000000000,00000000000,0,0,0,1,0,0,0,0,0,0,0,55,0,1,5,5,0,6,2,1,0,0,0,1,29,65548,6,1,0,0,3,0,75,183,1,0,0,1,0,9,2008,10,2010,1,58,0,0,0,1,2,55,2,6,2,1,0,0,14,11,8,4,4,7,1,1
29,290356,1,1,1,31,7,22,0,42,0,1,0,29,2,12,471,12471,30,1998,1FTZR15X9WPA,1,F,T,Z,R,1,5,X,9,W,P,A,0,T,FORD,RNS,PC,98,17,,1,0,1259,RNG,G,,,6,245,,,,B,3597,00,E,44,0,0,000000000,00000000000,0,0,0,1,0,0,0,0,0,0,0,998,0,0,0,11,11,6,2,42,0,0,0,1,29,65638,6,2,0,0,3,3,67,131,0,0,0,0,0,0,0,0,0,1,0,0,0,0,1,2,55,4,3,2,1,0,0,14,6,3,1,4,6,1,0
29,290357,1,2,1,2,8,13,18,12,1,1,0,48,1,12,481,12481,31,2002,1FTNW21FX2EB,1,F,T,N,W,2,1,F,X,2,E,B,0,T,FORD,F2S,CW,2,17,,2,1724,1562,SRW,D,,,8,444,,,,C,6234,04,E,44,0,0,000000000,00000000000,0,0,0,1,0,0,0,0,0,0,0,60,0,0,0,12,12,2,1,12,0,0,0,1,48,78577,6,1,0,0,3,3,999,999,0,0,0,0,0,0,0,0,0,0,26,0,0,0,1,2,60,1,6,1,1,0,0,1,52,1,1,1,24,0,0
29,290357,2,2,1,2,8,13,18,12,1,1,0,29,1,20,16,20016,4,2005,1G1JC52F1571,1,G,1,J,C,5,2,F,1,5,7,1,0,P,CHEV,CAV,4D,5,17,2676,,0,1041,,G,,F,4,134,,,14R195,,,,,,0,0,000000000,00000000000,0,0,0,1,0,0,0,0,0,0,0,5,0,0,0,6,0,6,2,2,0,0,1,1,29,64477,6,1,6,0,3,0,74,290,0,0,0,0,0,0,0,0,0,0,0,0,0,0,1,2,60,1,6,1,1,0,0,2,53,1,1,1,25,1,1
29,290358,1,1,1,3,8,17,5,35,0,1,0,29,1,72,706,72706,80,2011,1HD1PR810BB9,1,H,D,1,P,R,8,1,0,B,B,9,0,M,HD,SE6,RS,11,17,,,,,,,1800,,2,,4,895,,,,,,,0,0,000000000,00000000000,0,0,0,1,0,0,0,0,0,0,0,65,0,0,0,12,1,6,2,1,0,0,0,1,29,63304,6,1,0,0,3,3,74,270,0,0,0,0,0,0,0,0,0,0,0,0,0,0,1,2,65,1,2,2,1,0,0,1,13,1,1,4,1,1,0
29,290359,1,1,1,14,7,18,1,35,0,1,0,29,1,14,17,14017,4,2001,1MEHM55SX1G6,1,M,E,H,M,5,5,S,X,1,G,6,0,P,MERC,SLP,4D,1,17,3351,,0,1085,,G,,F,6,182,,,16R215,,,,,,0,0,000000000,00000000000,0,0,0,1,0,0,0,0,0,0,0,998,0,1,5,14,0,6,2,1,0,0,0,1,29,65052,2,1,0,0,2,0,69,135,0,4,2,0,1,12,2008,3,2011,1,58,0,0,0,1,2,35,2,6,2,1,0,0,14,13,7,1,4,1,1,1
29,290360,1,2,1,29,7,10,22,25,0,1,0,29,1,20,403,20403,14,2005,1GNDT13S8521,1,G,N,D,T,1,3,S,8,5,2,1,0,P,CHEV,TRL,UT,5,17,4612,,0,1130,,G,,F,6,256,,,16R245,,,,,,0,0,000000000,00000000000,0,0,0,1,0,0,0,0,0,0,0,60,0,1,5,1,0,6,2,2,0,0,1,1,29,63012,6,1,0,0,3,3,72,210,0,0,0,0,0,0,0,0,0,1,0,0,0,0,6,1,55,3,1,1,1,0,0,14,13,1,1,4,1,1,0
29,290360,2,2,1,29,7,10,22,25,0,1,0,93,3,98,981,98981,51,2008,2PCV334908C7,2,P,C,V,3,3,4,9,0,8,C,7,0,U,,,,8,17,,,,,,,,,,,,,,,,,,,0,57,578020,57578020,3,21,22,1,0,0,0,0,4,0,0,10,0,0,0,12,12,2,1,12,0,0,0,1,12,60088,6,1,6,1,3,0,70,999,0,0,0,0,0,0,0,0,0,0,0,0,0,0,6,1,55,3,1,1,1,3,3,14,78,1,1,1,98,0,0
29,290361,1,1,1,3,7,1,0,34,0,1,0,29,1,20,481,20481,31,2006,3GCEC14XX6G1,3,G,C,E,C,1,4,X,X,6,G,1,0,T,CHEV,SC1,PK,6,17,,2,1330,1190,SIL,G,,,6,262,,,,B,4211,00,,42,0,0,000000000,00000000000,0,0,0,1,0,0,0,0,0,0,0,30,0,1,5,12,0,6,2,1,0,0,0,1,29,64623,6,1,0,0,3,0,66,128,0,0,0,0,0,0,0,0,0,1,0,0,0,0,1,2,25,1,1,4,1,0,0,3,6,7,3,4,2,1,1
29,290362,1,2,1,10,7,17,17,12,6,1,0,92,0,53,709,53709,80,2007,999999999999,9,9,9,9,9,9,9,9,9,9,9,9,0,,,,,,,,,,,,,,,,,,,,,,,,,0,0,000000000,00000000000,0,0,0,1,0,0,0,0,0,0,0,998,0,0,0,12,12,6,2,12,0,0,0,1,29,64130,2,1,0,0,2,0,73,170,0,4,1,0,0,5,2009,8,2010,1,28,0,0,0,1,2,30,3,2,2,1,0,0,14,10,1,1,2,64,1,0
29,290362,2,2,2,10,7,17,17,12,6,1,0,29,0,23,421,23421,15,1997,1GKEK13R8VJ7,1,G,K,E,K,1,3,R,8,V,J,7,0,T,GMC,YUK,4W,97,17,,2,0,1175,YUK,G,,,8,350,,,,B,5225,00,E,44,0,0,000000000,00000000000,0,0,0,1,0,0,0,0,0,0,0,998,0,0,0,11,11,4,3,12,0,0,0,1,29,64129,6,1,0,0,3,0,66,170,0,0,0,0,0,0,0,0,0,0,0,0,0,0,1,2,30,2,2,2,1,0,0,14,62,99,1,1,65,0,1
29,290363,1,2,4,3,8,15,55,12,1,1,0,29,2,12,37,12037,4,2007,1FAFP34N27W2,1,F,A,F,P,3,4,N,2,7,W,2,0,P,FORD,FMS,4D,7,17,2636,,0,1029,,G,,F,4,122,,,15R195,,,,,,0,0,000000000,00000000000,0,0,0,1,0,0,0,0,0,0,0,60,0,0,0,12,12,6,2,42,0,0,0,1,29,64735,0,0,0,0,0,0,999,999,99,99,99,99,99,99,9999,99,9999,0,28,0,0,0,1,2,55,1,2,2,1,0,0,15,51,1,1,2,24,1,0
29,290363,2,2,2,3,8,15,55,12,1,1,0,29,2,12,481,12481,31,2007,1FTSX20Y77EA,1,F,T,S,X,2,0,Y,7,7,E,A,0,T,FORD,F2S,4C,7,17,,2,1580,1420,SRW,G,,,10,415,,,,C,5841,05,U,42,0,0,000000000,00000000000,0,0,0,1,0,0,0,0,0,0,0,55,0,0,0,6,6,2,1,12,0,0,0,1,29,65018,6,1,0,0,3,3,65,170,0,0,0,0,0,0,0,0,0,0,0,0,0,0,1,2,55,1,2,2,1,0,0,1,53,1,1,1,25,0,0
29,290364,1,1,5,7,8,3,55,1,0,1,0,29,2,12,481,12481,31,2004,1FTPW14574KB,1,F,T,P,W,1,4,5,7,4,K,B,0,T,FORD,F1S,CW,4,17,,2,1450,1260,COF,G,,,8,330,,,,B,5560,00,U,44,0,0,000000000,00000000000,0,0,0,1,0,0,0,0,0,0,0,100,0,1,1,0,0,6,2,1,0,0,0,1,29,63628,6,1,0,0,3,0,77,200,1,0,0,0,0,12,2009,12,2009,1,0,0,0,0,1,2,55,2,6,2,1,0,0,14,6,7,1,6,98,2,1
29,290365,1,1,1,7,8,20,40,16,0,1,0,29,2,20,431,20431,16,1997,1GNFK16R1VJ4,1,G,N,F,K,1,6,R,1,V,J,4,0,P,CHEV,K15,UT,97,17,5234,,0,1315,,G,,F,8,350,,,16R245,,,,,,0,0,000000000,00000000000,0,0,0,1,0,0,0,0,0,0,0,20,0,0,0,0,0,4,1,16,0,0,0,1,29,65588,6,1,0,0,3,0,72,191,0,0,0,0,0,0,0,0,0,0,0,0,0,0,1,2,50,1,5,5,2,0,0,1,98,1,1,1,0,1,0
29,290366,1,1,2,8,8,14,20,35,0,1,0,29,2,12,401,12401,14,2004,1FMZU74K34ZB,1,F,M,Z,U,7,4,K,3,4,Z,B,0,P,FORD,EPR,UT,4,17,4094,,0,1137,,F,,F,6,245,,,17R245,,,,,,0,0,000000000,00000000000,0,0,0,1,0,0,0,0,0,0,0,55,0,1,5,11,0,6,2,1,0,0,0,1,29,64624,6,1,0,0,3,0,67,137,1,0,0,0,0,8,2009,8,2009,1,58,0,0,0,1,2,55,3,6,2,1,0,0,14,6,6,1,4,1,1,0
29,290367,1,2,1,12,8,11,58,12,2,1,0,29,3,20,481,20481,31,2009,1GCEC14X99Z1,1,G,C,E,C,1,4,X,9,9,Z,1,0,T,CHEV,SC1,PK,9,17,,2,1330,1190,SIL,G,,,6,262,,,,B,4558,02,,42,0,0,000000000,00000000000,0,0,0,1,0,0,0,0,0,0,0,15,0,0,0,12,12,4,3,12,0,0,0,1,29,63026,6,1,0,0,3,3,69,279,0,0,0,0,0,0,0,0,0,0,38,0,0,0,5,2,45,1,3,2,1,1,3,11,15,1,1,1,68,0,0