STATE,ST_CASE,VEH_NO,VE_FORMS,NUMOCCS,DAY,MONTH,HOUR,MINUTE,HARM_EV,MAN_COLL,UNITTYPE,HIT_RUN,REG_STAT,OWNER,MAKE,MODEL,MAK_MOD,BODY_TYP,MOD_YEAR,VIN,VIN_1,VIN_2,VIN_3,VIN_4,VIN_5,VIN_6,VIN_7,VIN_8,VIN_9,VIN_10,VIN_11,VIN_12,TOW_VEH,VINTYPE,VINMAKE,VINA_MOD,VIN_BT,VINMODYR,VIN_LNGT,VIN_WGT,WGTCD_TR,WHLBS_LG,WHLBS_SH,SER_TR,FUELCODE,MCYCL_DS,CARBUR,CYLINDER,DISPLACE,MCYCL_CY,MCYCL_WT,TIRE_SZE,TON_RAT,TRK_WT,TRKWTVAR,VIN_REST,WHLDRWHL,J_KNIFE,MCARR_I1,MCARR_I2,MCARR_ID,GVWR,V_CONFIG,CARGO_BT,HAZ_INV,HAZ_PLAC,HAZ_ID,HAZ_CNO,HAZ_REL,BUS_USE,SPEC_USE,EMER_USE,TRAV_SP,UNDERIDE,ROLLOVER,ROLINLOC,IMPACT1,IMPACT2,DEFORMED,TOWED,M_HARM,VEH_SC1,VEH_SC2,FIRE_EXP,DR_PRES,L_STATE,DR_ZIP,L_STATUS,L_TYPE,CDL_STAT,L_ENDORS,L_COMPL,L_RESTRI,DR_HGT,DR_WGT,PREV_ACC,PREV_SUS,PREV_DWI,PREV_SPD,PREV_OTH,FIRST_MO,FIRST_YR,LAST_MO,LAST_YR,SPEEDREL,DR_SF1,DR_SF2,DR_SF3,DR_SF4,VTRAFWAY,VNUM_LAN,VSPD_LIM,VALIGN,VPROFILE,VPAVETYP,VSURCOND,VTRAFCON,VTCONT_F,P_CRASH1,P_CRASH2,P_CRASH3,PCRASH4,PCRASH5,ACC_TYPE,DEATHS,DR_DRINK
29,290406,1,1,1,14,8,19,9,38,0,1,0,29,1,37,706,37706,80,2010,JH2SC6105AK0,J,H,2,S,C,6,1,0,5,A,K,0,0,M,HOND,XCX,RS,10,17,,,,,,,1312,,2,,4,663,,,,,,,0,0,000000000,00000000000,0,0,0,1,0,0,0,0,0,0,0,45,0,0,0,12,12,2,3,38,0,0,0,1,1,35611,6,1,6,0,3,0,69,165,0,0,0,0,0,0,0,0,0,1,0,0,0,0,1,2,50,3,1,2,1,0,0,14,6,1,1,4,1,1,0
29,290407,1,1,1,24,8,14,35,10,0,1,0,29,2,7,442,7442,20,2003,1D4GP24373B3,1,D,4,G,P,2,4,3,7,3,B,3,0,T,DODG,GCS,ES,3,17,,1,0,1193,CAR,F,,,6,201,,,,,3877,01,E,42,0,0,000000000,00000000000,0,0,0,1,0,0,0,0,0,0,0,50,0,0,0,3,3,6,2,10,0,0,0,1,29,63801,6,1,0,0,3,0,65,260,0,0,0,0,0,0,0,0,0,0,38,0,0,0,1,2,50,1,5,2,1,65,3,1,90,1,1,1,15,1,0
29,290408,1,2,2,26,8,13,55,12,6,1,0,29,1,12,401,12401,14,1997,1FMDU35P7VZC,1,F,M,D,U,3,5,P,7,V,Z,C,0,P,FORD,EPR,UT,97,17,4166,,0,1115,,G,,F,8,302,,,15R225,,,,,,0,0,000000000,00000000000,0,0,0,1,0,0,0,0,0,0,0,35,0,0,0,12,12,6,2,12,0,0,0,1,29,64801,6,1,0,0,3,3,62,185,0,0,0,0,0,0,0,0,0,1,38,0,0,0,1,2,50,1,1,4,1,0,0,1,66,3,1,1,88,0,0
29,290408,2,2,1,26,8,13,55,12,6,1,0,29,2,7,482,7482,31,2001,1B7HC16Y41S6,1,B,7,H,C,1,6,Y,4,1,S,6,0,T,DODG,150,PK,1,17,,2,1347,1187,RPC,G,,,8,318,,,,B,4010,02,U,42,0,0,000000000,00000000000,0,0,0,1,0,0,0,0,0,0,0,50,0,1,5,9,0,6,2,1,0,0,0,1,20,66762,6,1,6,0,3,3,70,200,0,0,0,0,0,0,0,0,0,1,0,0,0,0,1,2,50,1,1,4,1,0,0,1,17,1,1,1,89,1,0
29,290409,1,1,4,27,8,4,31,39,0,1,0,17,1,22,2,22002,4,1995,1G2HX52K2S42,1,G,2,H,X,5,2,K,2,S,4,2,0,P,PONT,BVS,4D,95,17,3446,,0,1108,,G,,F,6,231,,,15R215,,,,,,0,0,000000000,00000000000,0,0,0,1,0,0,0,0,0,0,0,60,0,0,0,12,12,6,2,39,0,0,0,1,29,63112,1,1,0,0,2,0,62,160,0,1,0,0,2,3,2010,5,2010,1,0,0,0,0,1,2,30,1,1,2,1,0,0,1,6,1,1,4,6,1,1
29,290410,1,1,1,30,8,16,10,42,0,1,0,29,1,72,706,72706,80,2003,1HD1BXB163Y1,1,H,D,1,B,X,B,1,6,3,Y,1,0,M,HD,ISF,RS,3,17,,,,,,,1450,,2,,4,666,,,,,,,0,0,000000000,00000000000,0,0,0,1,0,0,0,0,0,0,0,45,0,0,0,12,12,6,2,42,0,0,0,1,20,67879,6,1,6,0,3,0,67,190,0,0,0,0,0,0,0,0,0,1,0,0,0,0,1,2,55,3,6,2,1,0,0,14,13,1,1,4,1,1,0
29,290411,1,1,1,30,8,7,40,1,0,1,0,17,1,20,481,20481,31,1991,2GCFK29K7M12,2,G,C,F,K,2,9,K,7,M,1,2,0,T,CHEV,GK2,PC,91,17,,2,1555,1415,GM4,G,,,8,350,,,,C,00000,00,,44,0,0,000000000,00000000000,0,0,0,1,0,0,0,0,0,0,0,75,0,1,5,0,0,6,2,1,0,0,0,1,29,65632,6,2,0,0,2,3,69,149,0,0,0,0,1,10,2009,10,2009,1,0,0,0,0,1,2,55,3,5,2,1,0,0,14,6,3,4,4,7,1,0
29,290412,1,1,2,3,9,1,55,58,0,1,0,92,0,37,32,37032,4,1990,1HGCB7549LA0,1,H,G,C,B,7,5,4,9,L,A,0,0,P,HOND,ADL,4D,90,17,2392,,0,1071,,G,,F,4,132,,,14R185,,,,,,0,0,000000000,00000000000,0,0,0,1,0,0,0,0,0,0,0,70,0,0,0,12,12,6,2,58,0,0,0,1,29,65010,1,2,0,0,2,0,65,115,1,4,1,1,0,3,2010,6,2011,1,58,0,0,0,1,2,55,1,1,2,1,0,0,1,6,1,4,4,7,1,1
29,290413,1,1,2,5,9,20,17,1,0,1,0,20,1,20,481,20481,31,2005,1GCEK14X95Z3,1,G,C,E,K,1,4,X,9,5,Z,3,0,T,CHEV,SK1,PK,5,17,,2,1330,1190,SIL,G,,,6,262,,,,B,4436,00,,44,0,0,000000000,00000000000,0,0,0,1,0,0,0,0,0,0,0,50,0,1,5,0,0,6,2,1,0,0,0,1,29,66739,6,1,0,0,3,0,72,260,0,0,0,0,0,0,0,0,0,0,0,0,0,0,2,2,60,1,1,2,1,0,0,1,87,9,3,4,2,1,0
29,290414,1,2,1,1,9,13,45,1,0,1,0,29,1,37,705,37705,80,2006,JH2RC44436K0,J,H,2,R,C,4,4,4,3,6,K,0,0,M,HOND,V7A,RS,6,17,,,,,,,745,,2,,4,496,,,,,,,0,0,000000000,00000000000,0,0,0,1,0,0,0,0,0,0,0,76,0,0,0,0,0,6,2,12,0,0,0,1,29,65734,6,1,0,0,3,0,66,170,0,0,0,1,0,4,2009,4,2009,1,28,38,0,0,1,2,55,1,6,2,1,0,0,6,54,1,2,1,98,1,0
29,290414,2,2,1,1,9,13,45,1,0,1,0,29,1,12,481,12481,31,2011,1FTFW1ET7BFB,1,F,T,F,W,1,E,T,7,B,F,B,0,T,FORD,F1S,CW,11,17,,2,1570,1450,COF,G,,,6,214,,,,B,5577,01,7,44,0,0,000000000,00000000000,0,0,0,1,0,0,0,0,0,0,0,55,0,0,0,12,12,4,3,12,0,0,0,1,29,64866,6,1,0,0,3,3,66,140,0,0,0,0,0,0,0,0,0,0,0,0,0,0,1,2,55,1,5,2,1,0,0,1,54,9,2,1,98,0,0
29,290415,1,1,1,23,8,21,15,1,0,1,0,29,1,53,705,53705,80,2004,JS1GN7CAX421,J,S,1,G,N,7,C,A,X,4,2,1,0,M,SUZI,GSK,RC,4,17,,,,,,,599,,4,,4,354,,,,,,,0,0,000000000,00000000000,0,0,0,1,0,0,0,0,0,0,0,998,0,0,0,0,0,6,2,1,0,0,0,1,12,63304,6,1,0,0,3,0,70,999,0,0,0,0,0,0,0,0,0,1,37,39,0,0,1,2,35,1,3,2,1,20,3,1,98,8,1,1,98,1,0
29,290416,1,2,1,26,8,22,44,12,2,1,0,29,1,20,421,20421,15,2002,1GNEK13Z52J2,1,G,N,E,K,1,3,Z,5,2,J,2,0,P,CHEV,KTA,UT,2,17,5050,,0,1160,,F,,F,8,325,,,16R265,,,,,,0,0,000000000,00000000000,0,0,0,1,0,0,0,0,0,0,0,998,0,0,0,12,12,6,2,12,0,0,0,1,29,63005,6,1,0,0,3,0,70,165,1,0,0,0,0,5,2011,5,2011,0,0,0,0,0,1,2,45,3,2,2,1,0,0,14,10,1,1,2,50,0,1
29,290416,2,2,2,26,8,22,44,12,2,1,0,29,1,58,33,58033,4,1992,JNKCP01P6NT3,J,N,K,C,P,0,1,P,6,N,T,3,0,P,INFI,G20,4D,92,17,2745,,0,1004,,G,,F,4,122,,,14R195,,,,,,0,0,000000000,00000000000,0,0,0,1,0,0,0,0,0,0,0,998,0,0,0,12,12,6,2,12,0,0,0,1,29,63005,6,1,0,0,3,0,64,120,0,0,0,0,0,0,0,0,0,0,0,0,0,0,1,2,45,2,2,2,1,0,0,14,62,1,1,1,51,1,0
29,290417,1,1,1,5,9,20,53,38,0,1,0,29,2,12,3,12003,2,1999,1FAFP42X1XF1,1,F,A,F,P,4,2,X,1,X,F,1,0,P,FORD,MGT,CP,99,17,3273,,0,1013,,G,,F,8,281,,,16R225,,,,,,0,0,000000000,00000000000,0,0,0,1,0,0,0,0,0,0,0,90,0,0,0,12,12,6,2,30,0,0,0,1,29,65017,6,1,0,0,3,0,72,160,1,0,0,2,0,1,2009,8,2011,1,0,0,0,0,1,2,55,3,6,2,1,0,0,14,6,6,4,4,7,1,1
29,290418,1,1,1,24,7,18,15,34,0,1,0,29,2,72,706,72706,80,2003,1HD1CGP443K4,1,H,D,1,C,G,P,4,4,3,K,4,0,M,HD,20A,RS,3,17,,,,,,,1200,,2,,4,491,,,,,,,0,0,000000000,00000000000,0,0,0,1,0,0,0,0,0,0,0,55,0,0,0,12,12,6,2,34,0,0,0,1,29,65084,2,1,0,0,2,3,72,145,1,5,1,0,0,8,2008,1,2010,1,0,0,0,0,1,2,55,1,2,2,1,0,0,1,6,1,1,4,1,1,1
29,290419,1,1,2,29,7,14,10,35,0,1,0,29,2,12,481,12481,31,1992,2FTHF25HXNCA,2,F,T,H,F,2,5,H,X,N,C,A,0,T,FORD,F25,PK,92,17,,2,0,1330,COF,G,,,8,351,,,,C,4214,02,A,42,0,0,000000000,00000000000,0,0,0,1,0,0,0,0,0,0,0,75,0,1,5,12,0,6,2,1,0,0,0,1,29,65047,1,1,5,0,2,0,72,180,0,1,0,0,0,7,2011,7,2011,1,58,0,0,0,1,2,55,1,3,2,1,0,0,1,6,1,1,4,1,1,1
29,290420,1,2,2,29,7,16,20,12,6,1,0,29,1,20,482,20482,31,2004,3GNEC12TX4G2,3,G,N,E,C,1,2,T,X,4,G,2,0,T,CHEV,CAV,CW,4,17,,2,0,1300,AVL,G,,,8,325,,,,B,5437,00,,42,0,0,000000000,00000000000,0,0,0,1,0,0,0,0,0,0,0,998,0,0,0,12,12,6,2,12,0,0,0,1,29,65757,6,1,0,0,3,0,69,210,0,0,0,0,0,0,0,0,0,0,0,0,0,0,1,2,55,2,2,2,1,0,0,14,66,3,2,1,88,0,0
29,290420,2,2,1,29,7,16,20,12,6,1,0,29,1,35,39,35039,4,1993,JN1HJ01F4PT1,J,N,1,H,J,0,1,F,4,P,T,1,0,P,NISS,MGX,4D,93,17,3024,,0,1043,,G,,F,6,181,,,15R205,,,,,,0,0,000000000,00000000000,0,0,0,1,0,0,0,0,0,0,0,998,0,0,0,9,9,6,2,12,0,0,0,1,29,65757,6,1,0,0,3,3,70,220,0,0,0,0,0,0,0,0,0,0,38,0,0,0,1,2,45,1,8,2,1,20,3,1,17,1,1,1,89,1,0
29,290421,1,2,1,5,9,14,0,12,2,1,0,29,2,49,40,49040,4,1997,4T1BG22K5VU8,4,T,1,B,G,2,2,K,5,V,U,8,0,P,TOYT,UEX,4D,97,17,2976,,0,1051,,G,,F,4,132,,,14R195,,,,,,0,0,000000000,00000000000,0,0,0,1,0,0,0,0,0,0,0,60,0,0,0,12,12,6,2,12,0,0,0,1,29,65041,6,2,0,0,3,2,66,155,0,0,0,0,0,0,0,0,0,0,28,73,0,0,1,2,60,2,1,2,1,0,0,14,10,1,1,2,50,1,0
29,290421,2,2,1,5,9,14,0,12,2,1,0,29,1,12,481,12481,31,2008,1FTNF21568EB,1,F,T,N,F,2,1,5,6,8,E,B,0,T,FORD,F2S,PK,8,17,,2,0,1370,SRW,G,,,8,329,,,,C,6092,04,U,44,0,0,000000000,00000000000,0,0,0,1,0,0,0,0,0,0,0,60,0,0,0,12,12,6,2,12,0,0,0,1,29,63462,6,1,0,0,3,3,73,210,0,0,0,0,0,0,0,0,0,0,0,0,0,0,1,2,60,3,1,2,1,0,0,14,62,9,2,1,51,0,0
29,290422,1,1,1,6,9,14,40,42,0,1,0,29,1,20,9,20009,2,2011,2G1FB1ED8B91,2,G,1,F,B,1,E,D,8,B,9,1,0,P,CHEV,CLT,CP,11,17,3750,,0,1123,,G,,F,6,220,,,18R245,,,,,,0,0,000000000,00000000000,0,0,0,1,0,0,0,0,0,0,0,80,0,0,0,12,12,6,2,42,0,0,0,1,29,65066,6,1,0,0,3,0,69,175,0,0,0,0,0,0,0,0,0,1,0,0,0,0,1,2,55,2,5,2,1,0,0,6,10,1,2,4,7,1,1
29,290423,1,1,2,8,9,12,30,35,0,1,0,5,1,49,40,49040,4,2011,4T1BF3EK1BU6,4,T,1,B,F,3,E,K,1,B,U,6,0,P,TOYT,CBA,4D,11,17,3263,,0,1093,,G,,F,4,152,,,16R215,,,,,,0,0,000000000,00000000000,0,0,0,1,0,0,0,0,0,0,0,60,0,1,5,14,0,6,2,1,0,0,0,1,5,72642,6,1,0,0,3,3,74,190,0,0,0,0,0,0,0,0,0,0,0,0,0,0,1,2,60,3,1,2,1,0,0,14,13,1,2,4,2,1,0
29,290424,1,3,2,9,9,15,57,12,6,1,0,29,2,20,16,20016,4,2003,1G1JC52F0372,1,G,1,J,C,5,2,F,0,3,7,2,0,P,CHEV,CAV,4D,3,17,2971,,0,1041,,G,,F,4,134,,,14R195,,,,,,0,0,000000000,00000000000,0,0,0,1,0,0,0,0,0,0,0,25,0,0,0,12,12,6,2,12,0,0,0,1,17,63122,6,1,0,0,3,0,66,225,0,0,0,0,0,0,0,0,0,0,0,0,0,0,5,4,35,1,6,2,2,0,0,1,62,1,1,1,69,1,0
29,290424,2,3,1,9,9,15,57,12,6,1,0,29,1,7,482,7482,31,2003,1D7HA18D33S3,1,D,7,H,A,1,8,D,3,3,S,3,0,T,DODG,SQ1,CW,3,17,,2,1605,1405,RPC,G,,,8,345,,,,B,4665,03,E,42,0,0,000000000,00000000000,0,0,0,1,0,0,0,0,0,0,0,20,0,0,0,2,2,6,2,12,0,0,0,1,29,63139,6,1,0,0,3,0,73,236,1,0,0,0,0,7,2011,7,2011,0,38,0,0,0,5,4,35,1,6,2,2,0,0,11,15,10,1,1,68,0,0
29,290424,3,3,3,9,9,15,57,12,6,1,0,29,1,12,481,12481,31,2000,1FTNW20L8YEA,1,F,T,N,W,2,0,L,8,Y,E,A,0,T,FORD,F2S,CW,0,17,,2,1724,1562,SRW,G,,,8,330,,,,C,5487,07,E,42,0,0,000000000,00000000000,0,0,0,1,0,0,0,0,0,0,0,0,0,0,0,12,12,2,1,12,0,0,0,1,29,63026,6,1,0,0,3,0,72,220,0,0,0,0,0,0,0,0,0,0,0,0,0,0,1,2,25,1,1,2,2,20,3,5,62,1,1,1,98,0,0
29,290425,1,1,1,10,9,0,55,43,0,1,0,29,2,12,481,12481,31,1997,1FTHX26FXVEB,1,F,T,H,X,2,6,F,X,V,E,B,0,T,FORD,F25,PC,97,17,,2,1550,1390,COF,D,,,8,444,,,,C,5236,00,A,44,0,0,000000000,00000000000,0,0,0,1,0,0,0,0,0,0,0,50,0,1,5,3,0,6,2,1,0,0,0,1,29,63960,6,1,0,0,3,0,70,170,0,0,0,0,0,0,0,0,0,0,0,0,0,0,1,2,50,1,1,2,1,0,0,1,13,1,1,4,1,1,1
29,290426,1,1,2,7,9,13,10,38,0,1,0,29,2,30,47,30047,3,2002,3VWCB21C22M4,3,V,W,C,B,2,1,C,2,2,M,4,0,P,VOLK,NGS,2H,2,17,2783,,0,989,,G,,F,4,121,,,16R205,,,,,,0,0,000000000,00000000000,0,0,0,1,0,0,0,0,0,0,0,998,0,1,5,9,0,6,2,1,0,0,0,1,29,64673,6,2,0,0,3,2,63,112,0,0,0,0,0,0,0,0,0,1,73,0,0,0,1,2,55,1,2,2,1,0,0,1,6,1,1,4,1,2,1
29,290427,1,2,1,16,8,23,14,12,6,1,0,29,1,53,704,53704,80,2006,JS1SK44A2621,J,S,1,S,K,4,4,A,2,6,2,1,0,M,SUZI,SMK,T,6,17,,,,,,,398,,1,,4,295,,,,,,,0,0,000000000,00000000000,0,0,0,1,0,0,0,0,0,0,0,998,0,0,0,12,12,6,2,12,0,0,0,1,29,64052,6,1,6,0,3,0,69,150,1,0,0,1,2,5,2009,6,2011,1,37,38,39,0,1,2,25,1,2,2,1,20,3,1,17,1,1,1,88,1,1
29,290427,2,2,2,16,8,23,14,12,6,1,0,29,1,12,17,12017,4,2001,1FAFP53U31A1,1,F,A,F,P,5,3,U,3,1,A,1,0,P,FORD,TSE,4D,1,17,3354,,0,1085,,G,,F,6,182,,,16R215,,,,,,0,0,000000000,00000000000,0,0,0,1,0,0,0,0,0,0,0,998,0,0,0,11,11,6,2,12,0,0,0,1,29,64052,6,1,0,0,3,3,69,175,0,0,0,0,0,0,0,0,0,0,0,0,0,0,1,4,35,1,2,2,1,0,0,1,66,1,1,1,89,0,0
29,290428,1,2,1,21,7,16,24,12,6,1,1,29,2,12,16,12016,4,1999,2FAFP73W1XX1,2,F,A,F,P,7,3,W,1,X,X,1,0,P,FORD,CVI,4D,99,17,3917,,0,1147,,G,,F,8,281,,,16R225,,,,,,0,0,000000000,00000000000,0,0,0,1,0,0,0,0,0,0,0,60,0,0,0,12,12,4,1,8,0,0,0,1,29,63118,1,1,0,0,2,0,71,280,2,4,0,1,2,8,2009,3,2011,1,39,0,0,0,1,2,30,1,1,2,1,1,3,1,17,1,1,1,88,0,0
29,290428,2,2,1,21,7,16,24,12,6,1,0,40,1,20,421,20421,15,2005,1GNEC13T05R1,1,G,N,E,C,1,3,T,0,5,R,1,0,P,CHEV,CTA,UT,5,17,4975,,0,1160,,G,,F,8,325,,,16R265,,,,,,0,0,000000000,00000000000,0,0,0,1,0,0,0,0,0,0,0,10,0,0,0,11,11,6,2,12,0,0,0,1,40,73112,6,1,0,0,3,3,68,210,0,1,0,1,2,9,2008,8,2010,0,0,0,0,0,5,4,30,1,1,2,1,1,3,1,66,1,1,1,89,0,0
29,290429,1,2,1,25,7,0,20,12,2,1,0,29,1,12,3,12003,1,2003,1FAFP44463F3,1,F,A,F,P,4,4,4,6,3,F,3,0,P,FORD,MUS,CV,3,17,3254,,0,1013,,G,,F,6,232,,,16R225,,,,,,0,0,000000000,00000000000,0,0,0,1,0,0,0,0,0,0,0,998,0,0,0,12,62,6,2,12,0,0,0,1,29,64158,6,1,0,0,3,3,70,180,0,0,0,0,0,0,0,0,0,0,50,0,0,0,2,2,50,1,2,2,1,0,0,1,54,1,1,1,52,1,1
29,290429,2,2,3,25,7,0,20,12,2,1,0,29,1,2,403,2403,14,2011,1J4BA6H13BL6,1,J,4,B,A,6,H,1,3,B,L,6,0,T,JEEP,WUR,4W,11,17,,1,0,1160,WUL,G,,,6,230,,,,,4315,00,4,44,0,0,000000000,00000000000,0,0,0,1,0,0,0,0,0,0,0,998,0,0,0,12,62,6,2,12,0,0,0,1,29,64651,6,1,6,0,3,0,72,200,0,0,0,1,1,3,2009,9,2009,1,0,0,0,0,2,2,50,1,2,2,1,0,0,1,54,99,1,1,52,0,0
29,290430,1,2,5,19,8,22,59,12,2,1,0,29,2,52,34,52034,4,2008,4A3AB56F48E0,4,A,3,A,B,5,6,F,4,8,E,0,0,P,MITS,EPR,4D,8,17,3439,,0,1083,,G,,F,4,145,,,16R215,,,,,,0,0,000000000,00000000000,0,0,0,1,0,0,0,0,0,0,0,998,0,0,0,12,12,6,2,12,0,0,0,1,29,64501,6,1,0,0,3,0,71,150,2,0,0,0,2,12,2008,7,2011,0,0,0,0,0,1,2,45,1,5,2,2,0,0,1,62,1,1,1,51,0,1
29,290430,2,2,1,19,8,22,59,12,2,1,0,92,0,37,709,37709,81,9999,999999999999,9,9,9,9,9,9,9,9,9,9,9,9,0,,,,,,,,,,,,,,,,,,,,,,,,,0,0,000000000,00000000000,0,0,0,1,0,0,0,0,0,0,0,998,0,0,0,12,12,6,2,12,0,0,0,1,29,64503,6,1,0,0,3,3,73,240,0,0,0,0,0,0,0,0,0,0,28,0,0,0,1,2,45,1,6,2,2,0,0,1,10,1,1,2,50,1,1
29,290431,1,2,1,27,8,20,50,12,2,1,0,29,2,20,16,20016,4,1985,1G1JD69P7FK1,1,G,1,J,D,6,9,P,7,F,K,1,0,P,CHEV,CCS,4D,85,17,2285,,0,1012,,G,,F,4,121,,,13R175,,,,,,0,0,000000000,00000000000,0,0,0,1,0,0,0,0,0,0,0,70,0,0,0,12,12,6,2,12,0,0,0,1,29,63801,6,1,0,0,3,3,68,140,0,0,0,0,0,0,0,0,0,1,28,0,0,0,1,2,70,1,1,2,1,0,0,1,10,1,1,2,50,1,1
29,290431,2,2,1,27,8,20,50,12,2,1,0,29,2,12,401,12401,14,2005,1FMZU62K85UA,1,F,M,Z,U,6,2,K,8,5,U,A,0,P,FORD,EPR,UT,5,17,4094,,0,1137,,F,,F,6,245,,,16R235,,,,,,0,0,000000000,00000000000,0,0,0,1,0,0,0,0,0,0,0,58,0,0,0,12,12,6,2,12,0,0,0,1,29,63801,6,1,0,0,3,0,63,199,0,0,0,0,0,0,0,0,0,0,0,0,0,0,1,2,70,1,1,2,1,0,0,1,62,3,2,1,51,0,0
29,290432,1,1,1,3,9,12,38,57,0,1,0,29,2,76,705,76705,80,2005,JYAVM01E65A0,J,Y,A,V,M,0,1,E,6,5,A,0,0,M,YAMA,V6A,RS,5,17,,,,,,,649,,2,,4,474,,,,,,,0,0,000000000,00000000000,0,0,0,1,0,0,0,0,0,0,0,65,0,0,0,12,12,6,2,57,0,0,0,1,29,64850,6,1,0,0,3,0,69,131,1,0,0,1,0,6,2009,5,2010,0,0,0,0,0,3,2,65,1,1,2,1,0,0,1,51,2,1,4,6,1,0
29,290433,1,2,1,8,9,6,0,12,2,1,0,29,1,7,471,7471,30,1986,JB7FP24D2GP0,J,B,7,F,P,2,4,D,2,G,P,0,0,T,DODG,CUS,PK,86,17,,1,0,1096,D5I,G,,,4,122,,,,B,2339,02,A,42,0,0,000000000,00000000000,0,0,0,1,0,0,0,0,0,0,0,60,0,0,0,12,12,6,2,12,0,0,0,1,29,65050,6,2,0,0,3,0,67,160,0,0,0,0,0,0,0,0,0,0,28,0,0,0,1,2,60,1,1,1,1,0,0,1,10,1,1,4,50,1,0
29,290433,2,2,1,8,9,6,0,12,2,1,0,29,3,12,481,12481,31,2008,1FDXX46R88EA,1,F,D,X,X,4,6,R,8,8,E,A,0,T,FORD,F4D,CB,8,17,,4,0,1620,DRW,D,,,8,390,,,,D,7076,00,U,42,0,0,000000000,00000000000,0,0,0,1,0,0,0,0,0,0,0,50,0,0,0,12,12,6,2,12,0,0,0,1,29,65355,6,1,0,0,3,0,74,190,0,0,0,0,0,0,0,0,0,0,0,0,0,0,1,2,60,1,1,1,1,0,0,1,62,9,2,4,51,0,0
29,290434,1,1,1,11,9,13,22,33,0,1,0,29,1,53,705,53705,80,2000,JS1VP52A3Y21,J,S,1,V,P,5,2,A,3,Y,2,1,0,M,SUZI,SV6,RC,0,17,,,,,,,645,,2,,4,363,,,,,,,0,0,000000000,00000000000,0,0,0,1,0,0,0,0,0,0,0,80,0,0,0,14,12,6,2,59,0,0,0,1,29,64136,6,1,0,0,3,0,72,180,0,0,0,0,0,0,0,0,0,1,0,0,0,0,6,1,65,3,2,2,1,0,0,14,6,3,2,4,2,1,1
29,290435,1,1,1,11,9,5,54,8,0,1,0,20,2,7,402,7402,14,2002,1B4HS58N02F1,1,B,4,H,S,5,8,N,0,2,F,1,0,P,DODG,DUR,UT,2,17,4678,,0,1160,,G,,F,8,287,,,16R265,,,,,,0,0,000000000,00000000000,0,0,0,1,0,0,0,0,0,0,0,22,0,0,0,9,9,2,3,8,0,0,0,1,29,64131,0,0,0,0,0,0,999,999,99,99,99,99,99,99,9999,99,9999,0,0,0,0,0,1,2,25,1,2,2,1,0,0,1,80,1,1,1,13,0,1
29,290436,1,1,1,17,8,1,10,38,0,1,0,29,1,12,4,12004,2,1997,1FALP62W2VH1,1,F,A,L,P,6,2,W,2,V,H,1,0,P,FORD,THL,2D,97,17,3561,,0,1130,,G,,F,8,281,,,15R205,,,,,,0,0,000000000,00000000000,0,0,0,1,0,0,0,0,0,0,0,55,0,0,0,12,12,6,2,42,0,0,0,1,29,63077,6,1,0,0,3,3,68,220,0,0,0,0,0,0,0,0,0,0,0,0,0,0,1,2,55,2,6,2,1,0,0,14,10,1,1,4,6,1,1
29,290437,1,1,3,20,8,16,30,42,0,1,0,29,1,7,442,7442,20,1999,1B4GP44L0XB8,1,B,4,G,P,4,4,L,0,X,B,8,0,T,DODG,GSS,ES,99,17,,1,0,1193,CAR,G,,,6,230,,,,,3856,00,E,42,0,0,000000000,00000000000,0,0,0,1,0,0,0,0,0,0,0,40,0,0,0,11,12,6,2,42,0,0,0,1,29,63344,6,1,0,0,3,0,72,290,0,0,0,1,0,7,2010,7,2010,1,0,0,0,0,1,2,35,3,6,4,1,0,0,14,12,3,4,4,7,1,0
29,290438,1,1,1,29,8,7,53,8,0,1,0,29,2,32,43,32043,4,2009,WAULK78KX9N0,W,A,U,L,K,7,8,K,X,9,N,0,0,P,AUDI,N4Q,4D,9,17,3605,,0,1106,,G,,F,6,195,,,17R245,,,,,,0,0,000000000,00000000000,0,0,0,1,0,0,0,0,0,0,0,998,0,0,0,12,12,2,3,8,0,0,0,1,29,64112,6,1,6,0,3,3,63,118,0,0,0,0,0,0,0,0,0,0,0,0,0,0,5,4,35,1,2,2,1,2,3,11,80,1,1,1,13,0,0
29,290439,1,1,1,3,9,17,20,1,0,1,0,92,0,98,998,98998,92,1965,990UA474957,9,9,0,U,A,4,7,4,9,5,7,,0,U,,,,65,11,,,,,,,,,,,,,,,,,,,0,0,000000000,00000000000,0,0,0,1,0,0,0,0,0,0,0,25,0,1,1,0,0,6,2,1,0,0,0,1,29,64429,6,1,6,0,3,0,68,160,0,0,0,0,0,0,0,0,0,1,58,0,0,0,1,2,40,1,6,4,1,0,0,1,6,6,1,6,98,1,0
29,290440,1,1,1,8,9,8,45,34,0,1,0,29,2,20,403,20403,14,2004,1GNET16S8461,1,G,N,E,T,1,6,S,8,4,6,1,0,P,CHEV,TRL,UT,4,17,4954,,0,1290,,G,,F,6,256,,,17R245,,,,,,0,0,000000000,00000000000,0,0,0,1,0,0,0,0,0,0,0,85,0,1,1,14,0,6,2,1,0,0,0,1,29,64784,2,1,0,0,2,0,73,200,0,2,1,0,1,12,2009,4,2010,1,0,0,0,0,1,2,55,1,3,2,1,0,0,1,6,6,1,4,1,1,1
29,290441,1,1,4,26,8,4,25,11,0,1,0,29,1,12,3,12003,2,2007,1ZVFT82H8752,1,Z,V,F,T,8,2,H,8,7,5,2,0,P,FORD,MGT,CP,7,17,3356,,0,1071,,G,,F,8,281,,,17R235,,,,,,0,0,000000000,00000000000,0,0,0,1,0,0,0,0,0,0,0,34,0,1,5,12,0,6,2,1,0,0,0,1,17,62257,6,1,0,0,3,0,66,185,0,0,0,0,0,0,0,0,0,1,0,0,0,0,1,2,55,1,1,2,1,0,0,1,87,1,1,1,13,3,0