STATE,ST_CASE,VEH_NO,VE_FORMS,NUMOCCS,DAY,MONTH,HOUR,MINUTE,HARM_EV,MAN_COLL,UNITTYPE,HIT_RUN,REG_STAT,OWNER,MAKE,MODEL,MAK_MOD,BODY_TYP,MOD_YEAR,VIN,VIN_1,VIN_2,VIN_3,VIN_4,VIN_5,VIN_6,VIN_7,VIN_8,VIN_9,VIN_10,VIN_11,VIN_12,TOW_VEH,VINTYPE,VINMAKE,VINA_MOD,VIN_BT,VINMODYR,VIN_LNGT,VIN_WGT,WGTCD_TR,WHLBS_LG,WHLBS_SH,SER_TR,FUELCODE,MCYCL_DS,CARBUR,CYLINDER,DISPLACE,MCYCL_CY,MCYCL_WT,TIRE_SZE,TON_RAT,TRK_WT,TRKWTVAR,VIN_REST,WHLDRWHL,J_KNIFE,MCARR_I1,MCARR_I2,MCARR_ID,GVWR,V_CONFIG,CARGO_BT,HAZ_INV,HAZ_PLAC,HAZ_ID,HAZ_CNO,HAZ_REL,BUS_USE,SPEC_USE,EMER_USE,TRAV_SP,UNDERIDE,ROLLOVER,ROLINLOC,IMPACT1,IMPACT2,DEFORMED,TOWED,M_HARM,VEH_SC1,VEH_SC2,FIRE_EXP,DR_PRES,L_STATE,DR_ZIP,L_STATUS,L_TYPE,CDL_STAT,L_ENDORS,L_COMPL,L_RESTRI,DR_HGT,DR_WGT,PREV_ACC,PREV_SUS,PREV_DWI,PREV_SPD,PREV_OTH,FIRST_MO,FIRST_YR,LAST_MO,LAST_YR,SPEEDREL,DR_SF1,DR_SF2,DR_SF3,DR_SF4,VTRAFWAY,VNUM_LAN,VSPD_LIM,VALIGN,VPROFILE,VPAVETYP,VSURCOND,VTRAFCON,VTCONT_F,P_CRASH1,P_CRASH2,P_CRASH3,PCRASH4,PCRASH5,ACC_TYPE,DEATHS,DR_DRINK
29,290442,1,2,1,30,8,11,36,12,2,1,0,29,1,49,40,49040,4,1999,4T1BG22K2XU4,4,T,1,B,G,2,2,K,2,X,U,4,0,P,TOYT,UEX,4D,99,17,2998,,0,1051,,G,,F,4,132,,,14R195,,,,,,0,0,000000000,00000000000,0,0,0,1,0,0,0,0,0,0,0,55,0,0,0,12,12,6,2,12,0,0,0,1,20,66102,6,1,0,0,3,3,72,181,2,0,0,2,0,7,2009,2,2010,1,28,0,0,0,1,2,55,1,2,2,2,0,0,1,10,1,1,2,50,1,0
29,290442,2,2,1,30,8,11,36,12,2,1,0,29,1,49,402,49402,14,2011,2T3EK4DV0BW0,2,T,3,E,K,4,D,V,0,B,W,0,0,P,TOYT,RG4,UT,11,17,3675,,0,0,,G,,F,6,214,,,000000,,,,,,0,0,000000000,00000000000,0,0,0,1,0,0,0,0,0,0,0,55,0,0,0,12,12,6,2,12,0,0,0,1,29,64098,6,1,0,0,3,0,64,150,0,0,0,0,0,0,0,0,0,0,0,0,0,0,1,2,55,1,2,2,2,0,0,1,62,7,1,1,51,1,0
29,290443,1,2,1,1,9,12,0,12,2,1,0,29,1,18,7,18007,4,2001,2G4WS52J8112,2,G,4,W,S,5,2,J,8,1,1,2,0,P,BUIC,CCU,4D,1,17,3368,,0,1090,,G,,F,6,191,,,15R205,,,,,,0,0,000000000,00000000000,0,0,0,1,0,0,0,0,0,0,0,64,0,0,0,12,12,6,2,12,0,0,0,1,29,65452,6,1,0,0,3,3,74,220,1,1,0,0,0,3,2010,3,2010,0,28,0,0,0,1,2,55,1,2,2,1,0,0,1,10,1,1,2,50,0,1
29,290443,2,2,2,1,9,12,0,12,2,1,0,29,1,63,34,63034,4,2009,KNAGE2280953,K,N,A,G,E,2,2,8,0,9,5,3,0,P,KIA,OLE,4D,9,17,3157,,0,1071,,G,,F,4,146,,,16R205,,,,,,0,0,000000000,00000000000,0,0,0,1,0,0,0,0,0,0,0,55,0,0,0,12,12,6,2,12,0,0,0,1,29,65058,6,1,0,0,3,3,63,122,0,0,0,0,0,0,0,0,0,0,0,0,0,0,1,2,55,1,2,2,1,0,0,1,62,1,1,1,51,1,0
29,290444,1,1,1,1,9,21,20,1,0,1,0,29,2,73,705,73705,80,2006,JKBZXJC176A0,J,K,B,Z,X,J,C,1,7,6,A,0,0,M,KAWK,X63,RC,6,17,,,,,,,636,,4,,4,362,,,,,,,0,0,000000000,00000000000,0,0,0,1,0,0,0,0,0,0,0,60,0,0,0,0,0,6,2,1,0,0,0,1,29,65740,6,1,0,0,3,0,72,200,0,0,0,0,0,0,0,0,0,0,0,0,0,0,2,2,65,1,6,2,1,0,0,1,8,1,1,1,98,1,0
29,290445,1,2,2,1,9,23,50,12,2,1,0,29,1,12,471,12471,30,1996,1FTCR10A6TPA,1,F,T,C,R,1,0,A,6,T,P,A,0,T,FORD,RNG,PK,96,17,,1,1140,1080,RNG,G,,,4,140,,,,B,2961,00,B,42,0,0,000000000,00000000000,0,0,0,1,0,0,0,0,0,0,0,67,0,9,5,12,12,6,2,12,0,0,0,1,29,63052,6,1,0,0,3,0,74,245,0,0,0,0,0,0,0,0,0,1,28,0,0,0,1,2,30,3,6,2,1,0,0,14,10,9,3,2,50,1,1
29,290445,2,2,2,1,9,23,50,12,2,1,0,93,3,82,881,82881,63,2011,1FVACXBS2BDB,1,F,V,A,C,X,B,S,2,B,D,B,0,T,FRHT,16M,CC,11,17,,7,0,0,FM2,D,,,6,505,,,,,00000,00,,42,0,57,578807,57578807,3,1,2,2,2,1013,2,2,0,0,0,999,0,0,0,12,12,6,2,12,0,0,0,1,29,63010,6,1,6,3,3,0,73,235,0,0,0,0,0,0,0,0,0,0,0,0,0,0,1,2,30,2,5,2,1,0,0,14,62,1,1,1,51,0,0
29,290446,1,1,3,3,9,15,0,42,0,1,0,20,2,20,481,20481,31,1991,1GCEC14Z6ME1,1,G,C,E,C,1,4,Z,6,M,E,1,0,T,CHEV,GC1,PK,91,17,,2,1315,1175,GM4,G,,,6,262,,,,B,00000,00,,42,0,0,000000000,00000000000,0,0,0,1,0,0,0,0,0,0,0,999,0,0,0,12,12,6,2,42,0,0,0,1,29,65605,0,0,0,0,0,0,69,175,0,0,0,0,0,0,0,0,0,1,0,0,0,0,1,2,60,2,1,2,1,0,0,14,13,1,1,4,1,1,1
29,290447,1,1,2,4,9,7,45,35,0,1,0,29,1,7,482,7482,31,2006,1D7HU18226S6,1,D,7,H,U,1,8,2,2,6,S,6,0,T,DODG,SQ1,CW,6,17,,2,1605,1405,RPC,G,,,8,348,,,,B,5233,02,E,44,0,0,000000000,00000000000,0,0,0,1,0,0,0,0,0,0,0,999,0,1,5,12,0,6,2,1,0,0,0,1,29,63434,6,1,0,0,3,0,67,180,0,0,0,0,0,0,0,0,0,1,0,0,0,0,1,2,55,2,2,2,2,0,0,14,10,6,2,4,7,2,1
29,290448,1,2,1,9,9,11,15,12,6,1,0,29,1,49,32,49032,4,1999,2T1BR12E7XC1,2,T,1,B,R,1,2,E,7,X,C,1,0,P,TOYT,UVL,4D,99,17,2414,,0,970,,G,,F,4,109,,,14R175,,,,,,0,0,000000000,00000000000,0,0,0,1,0,0,0,0,0,0,0,60,0,0,0,4,4,6,2,12,0,0,0,1,24,21001,6,1,0,0,3,0,65,140,0,0,0,0,0,0,0,0,0,0,28,58,0,0,1,2,60,1,1,2,1,0,0,1,10,6,4,2,64,1,0
29,290448,2,2,2,9,9,11,15,12,6,1,0,29,3,23,481,23481,31,2003,1GTHK23143F1,1,G,T,H,K,2,3,1,4,3,F,1,0,T,GMC,2KH,CW,3,17,,2,1670,1530,SIE,D,,,8,403,,,,C,5899,01,U,44,0,0,000000000,00000000000,0,0,0,1,0,0,0,0,0,0,0,50,0,0,0,12,12,6,2,12,0,0,0,1,29,63841,6,1,0,0,3,3,65,160,0,0,0,0,0,0,0,0,0,0,0,0,0,0,1,2,60,1,1,2,1,0,0,1,62,3,2,1,65,0,0
29,290449,1,1,3,15,9,15,35,35,0,1,0,29,1,12,481,12481,31,1987,1FTEF14Y9HPA,1,F,T,E,F,1,4,Y,9,H,P,A,0,T,FORD,F15,PK,87,17,,2,1330,1170,COF,G,,,6,300,,,,B,3850,01,A,44,0,0,000000000,00000000000,0,0,0,1,0,0,0,0,0,0,0,45,0,1,5,12,0,6,2,1,0,0,0,1,29,63960,6,1,0,0,3,0,72,240,0,0,0,0,0,0,0,0,0,1,58,0,0,0,1,2,45,1,1,4,1,0,0,1,12,7,4,4,7,1,0
29,290450,1,1,1,15,9,17,30,34,0,1,0,29,2,20,401,20401,14,2000,1GNCS13W5Y21,1,G,N,C,S,1,3,W,5,Y,2,1,0,P,CHEV,BZR,UT,0,17,3671,,0,1070,,G,,F,6,262,,,15R205,,,,,,0,0,000000000,00000000000,0,0,0,1,0,0,0,0,0,0,0,55,0,1,5,14,0,6,2,1,0,0,0,1,29,63870,6,1,0,0,3,3,66,110,0,0,0,0,0,0,0,0,0,0,58,0,0,0,1,2,55,1,1,2,1,0,0,1,12,6,4,4,7,1,0
29,290451,1,1,1,16,9,4,29,8,0,1,0,29,1,49,482,49482,31,2008,5TFDV54188X0,5,T,F,D,V,5,4,1,8,8,X,0,0,T,TOYT,CRM,CW,8,17,,2,0,1457,TUN,G,,,8,348,,,,B,5610,00,7,44,0,0,000000000,00000000000,0,0,0,1,0,0,0,0,0,0,0,45,0,0,0,12,12,2,1,8,0,0,0,1,29,64804,6,1,0,0,3,0,72,200,0,0,0,0,0,0,0,0,0,0,0,0,0,0,2,2,45,1,1,2,2,0,0,1,80,99,1,1,13,0,0
29,290452,1,1,1,12,9,14,0,1,0,1,0,29,1,76,706,76706,80,2004,JYAVP17E64A0,J,Y,A,V,P,1,7,E,6,4,A,0,0,M,YAMA,X17,RS,4,17,,,,,,,1670,,2,,4,679,,,,,,,0,0,000000000,00000000000,0,0,0,1,0,0,0,0,0,0,0,55,0,0,0,0,0,6,2,1,0,0,0,1,29,65672,6,1,0,0,3,3,73,250,0,0,0,0,0,0,0,0,0,0,0,0,0,0,1,2,55,3,6,2,1,0,0,14,13,1,1,4,1,1,0
29,290453,1,1,2,22,9,2,2,1,0,1,0,29,2,12,401,12401,14,1998,1FMZU34E0WZC,1,F,M,Z,U,3,4,E,0,W,Z,C,0,P,FORD,EPR,UT,98,17,4146,,0,1115,,G,,F,6,245,,,15R225,,,,,,0,0,000000000,00000000000,0,0,0,1,0,0,0,0,0,0,0,43,0,1,1,0,0,6,2,1,0,0,0,1,29,64506,0,0,0,0,0,0,69,160,0,0,0,0,0,0,0,0,0,1,0,0,0,0,1,2,25,1,1,2,1,0,0,1,6,1,1,2,98,1,0
29,290454,1,1,1,2,9,8,43,59,0,1,0,29,3,82,881,82881,66,2000,1FUYDDYB2YDF,1,F,U,Y,D,D,Y,B,2,Y,D,F,1,T,FRHT,FLD,TR,0,17,,8,0,0,CON,D,,,6,855,,,,,00000,00,,64,3,57,86873,5786873,3,6,97,1,0,0,0,0,0,0,0,59,0,0,0,12,0,6,2,2,0,0,1,1,29,63869,6,1,6,0,3,0,69,225,1,0,0,0,0,5,2010,5,2010,0,0,0,0,0,1,2,55,1,1,2,1,0,0,1,12,1,1,4,6,1,0
29,290455,1,3,1,31,8,10,44,12,6,1,0,92,0,12,481,12481,31,1981,1FTDF14F8BPA,1,F,T,D,F,1,4,F,8,B,P,A,0,T,FORD,F15,PK,81,17,,1,1330,1170,COF,G,,,8,302,,,,BC,3788,01,,44,0,0,000000000,00000000000,0,0,0,1,0,0,0,0,0,0,0,19,0,0,0,12,12,6,2,12,0,0,0,1,29,65101,6,1,0,0,3,3,74,220,0,0,0,0,0,0,0,0,0,0,38,0,0,0,1,2,35,1,2,2,1,20,3,1,17,1,1,1,86,0,0
29,290455,2,3,1,31,8,10,44,12,6,1,0,20,1,59,403,59403,14,2004,JTJHA31U9400,J,T,J,H,A,3,1,U,9,4,0,0,0,P,LEXS,R33,UT,4,17,4065,,0,1069,,G,,F,6,202,,,17R225,,,,,,0,0,000000000,00000000000,0,0,0,1,0,0,0,0,0,0,0,65,0,1,1,3,3,6,2,12,0,0,0,1,20,66220,6,1,0,0,3,3,62,135,0,0,0,0,0,0,0,0,0,0,0,0,0,0,1,2,60,1,2,2,1,0,0,1,66,1,1,1,87,1,0
29,290455,3,3,1,31,8,10,44,12,6,1,0,29,2,20,401,20401,14,1995,1GNDT13W5SK1,1,G,N,D,T,1,3,W,5,S,K,1,0,P,CHEV,BZR,UT,95,17,4071,,0,1070,,G,,F,6,262,,,15R205,,,,,,0,0,000000000,00000000000,0,0,0,1,0,0,0,0,0,0,0,15,0,0,0,12,12,6,2,12,0,0,0,1,29,65074,6,1,6,0,3,3,73,220,0,0,0,0,0,0,0,0,0,0,0,0,0,0,1,2,60,1,2,2,1,0,0,1,62,4,1,1,98,1,0
29,290456,1,1,1,24,9,12,0,59,0,1,0,29,2,59,403,59403,14,2004,JTJGA31U2400,J,T,J,G,A,3,1,U,2,4,0,0,0,P,LEXS,R33,UT,4,17,3860,,0,1069,,G,,F,6,202,,,17R225,,,,,,0,0,000000000,00000000000,0,0,0,1,0,0,0,0,0,0,0,55,0,1,5,1,0,6,2,1,0,0,0,1,29,65704,6,1,0,0,3,3,60,160,0,0,0,0,0,0,0,0,0,0,0,0,0,0,1,2,55,3,6,2,1,0,0,14,13,1,1,4,1,1,0
29,290457,1,3,1,25,9,13,4,57,0,1,0,29,2,59,31,59031,4,2000,JT8BF28G9Y50,J,T,8,B,F,2,8,G,9,Y,5,0,0,P,LEXS,ES3,4D,0,17,3373,,0,1051,,G,,F,6,183,,,15R205,,,,,,0,0,000000000,00000000000,0,0,0,1,0,0,0,0,0,0,0,70,0,0,0,12,12,6,2,12,0,0,0,1,29,63367,6,1,0,0,3,0,61,110,0,0,0,1,0,4,2010,4,2010,0,28,58,0,0,3,2,70,1,2,2,1,0,0,1,12,7,4,4,7,0,0
29,290457,2,3,1,25,9,13,4,57,0,1,0,20,2,20,441,20441,20,2001,1GNDM19WX1B1,1,G,N,D,M,1,9,W,X,1,B,1,0,T,CHEV,AST,ES,1,17,,1,0,1112,AST,G,,,6,262,,,,B,4323,00,,42,0,0,000000000,00000000000,0,0,0,1,0,0,0,0,0,0,0,70,0,0,0,12,12,6,2,12,0,0,0,1,20,66605,6,1,0,0,3,0,62,120,0,0,0,1,0,5,2010,5,2010,0,0,0,0,0,3,2,70,1,2,2,1,0,0,1,64,1,1,1,98,1,0
29,290457,3,3,3,25,9,13,4,57,0,1,0,29,1,7,24,7024,4,2008,2B3KA33G68H3,2,B,3,K,A,3,3,G,6,8,H,3,0,P,DODG,CHS,4D,8,17,3800,,0,1200,,G,,F,6,214,,,17R215,,,,,,0,0,000000000,00000000000,0,0,0,1,0,0,0,0,0,0,0,75,0,0,0,12,12,2,1,12,0,0,0,1,29,65284,6,1,0,0,3,0,75,175,0,0,0,2,0,6,2010,8,2010,0,0,0,0,0,3,2,70,1,2,2,1,0,0,1,61,1,1,1,98,0,0
29,290458,1,1,3,28,9,1,30,34,0,1,0,29,2,20,481,20481,31,1995,2GCEC19K5S12,2,G,C,E,C,1,9,K,5,S,1,2,0,T,CHEV,GC1,PC,95,17,,2,1555,1415,GM4,G,,,8,350,,,,B,4071,02,,42,0,0,000000000,00000000000,0,0,0,1,0,0,0,0,0,0,0,55,0,1,5,14,0,6,2,1,0,0,0,1,29,65584,6,1,0,0,3,0,71,135,0,0,0,0,0,0,0,0,0,1,0,0,0,0,1,2,55,1,6,2,1,0,0,1,13,1,1,4,1,1,1
29,290459,1,1,1,18,9,14,30,1,0,1,0,29,2,12,481,12481,31,1987,2FTDF15Y1HCA,2,F,T,D,F,1,5,Y,1,H,C,A,0,T,FORD,F15,PK,87,17,,1,1330,1170,COF,G,,,6,300,,,,B,3447,01,A,42,0,0,000000000,00000000000,0,0,0,1,0,0,0,0,0,0,0,50,0,2,5,0,0,6,2,1,0,0,0,1,29,65737,2,1,2,0,2,0,68,160,0,1,0,0,0,10,2010,10,2010,0,0,0,0,0,1,2,50,2,6,2,2,0,0,14,10,1,3,4,7,1,1
29,290461,1,1,1,20,8,3,0,59,0,1,0,29,2,6,54,6054,6,2006,2A4GM48406R6,2,A,4,G,M,4,8,4,0,6,R,6,0,P,CHRY,PIF,UT,6,17,4251,,0,1160,,G,,F,6,214,,,17R235,,,,,,0,0,000000000,00000000000,0,0,0,1,0,0,0,0,0,0,0,55,0,0,0,12,12,6,2,35,0,0,0,1,29,65301,6,1,0,0,3,3,66,160,0,0,0,0,1,6,2009,6,2009,0,0,0,0,0,1,2,55,3,5,2,1,0,0,14,10,1,1,4,6,1,1
29,290462,1,1,1,29,8,7,58,8,0,1,0,20,2,48,38,48038,4,2011,JF1GV8J64BL5,J,F,1,G,V,8,J,6,4,B,L,5,0,P,SUBA,IWS,4D,11,17,3395,,0,0,,G,,T,4,150,,,000000,,,,,,0,0,000000000,00000000000,0,0,0,1,0,0,0,0,0,0,0,30,0,0,0,12,12,4,3,8,0,0,0,1,20,66207,6,1,0,0,3,3,70,300,0,0,0,1,0,4,2011,4,2011,0,0,0,0,0,1,2,35,1,1,2,1,0,0,1,80,6,1,1,13,0,0
29,290463,1,2,4,17,9,15,20,12,2,1,0,29,1,20,443,20443,20,2004,1GNDX03E44D1,1,G,N,D,X,0,3,E,4,4,D,1,0,T,CHEV,VTR,ES,4,17,,1,0,1200,VTR,G,,,6,207,,,,,3838,00,,42,0,0,000000000,00000000000,0,0,0,1,0,0,0,0,0,0,0,60,0,1,5,12,12,6,2,12,0,0,0,1,29,65251,6,1,0,0,3,3,64,170,0,0,0,0,0,0,0,0,0,0,28,0,0,0,1,2,60,1,1,2,1,0,0,1,11,1,1,2,50,1,0
29,290463,2,2,5,17,9,15,20,12,2,1,0,29,2,22,18,22018,4,2004,1G2NF52E44M5,1,G,2,N,F,5,2,E,4,4,M,5,0,P,PONT,SE1,4D,4,17,3066,,0,1070,,G,,F,6,207,,,15R215,,,,,,0,0,000000000,00000000000,0,0,0,1,0,0,0,0,0,0,0,45,0,0,0,12,12,6,2,12,0,0,0,1,29,65032,6,1,0,0,3,0,73,280,0,0,0,1,0,3,2011,3,2011,0,0,0,0,0,1,2,60,1,1,2,1,0,0,1,62,2,2,1,51,0,0
29,290464,1,2,1,19,9,8,18,1,0,1,0,29,1,73,705,73705,80,2002,JKAZX9B162A0,J,K,A,Z,X,9,B,1,6,2,A,0,0,M,KAWK,Z1B,RC,2,17,,,,,,,1200,,4,,4,463,,,,,,,0,0,000000000,00000000000,0,0,0,1,0,0,0,0,0,0,0,47,0,0,0,0,0,6,2,1,0,0,0,1,29,64110,6,1,0,0,3,0,75,300,0,1,0,0,0,7,2010,7,2010,1,0,0,0,0,5,2,25,1,2,2,1,1,3,1,62,4,1,1,98,1,0
29,290464,2,2,1,19,9,8,18,1,0,1,0,29,3,59,32,59032,4,2003,JTHBN30F5301,J,T,H,B,N,3,0,F,5,3,0,1,0,P,LEXS,L43,4D,3,17,3955,,0,1152,,G,,F,8,262,,,17R225,,,,,,0,0,000000000,00000000000,0,0,0,1,0,0,0,0,0,0,0,998,0,0,0,3,3,4,3,12,0,0,0,1,29,64112,6,1,0,0,3,0,69,175,0,0,0,0,0,0,0,0,0,0,0,0,0,0,5,2,25,1,2,2,1,1,3,11,15,1,1,1,98,0,0
29,290465,1,2,1,27,9,9,40,12,2,1,0,29,1,20,39,20039,4,2005,KL1TD626X5B3,K,L,1,T,D,6,2,6,X,5,B,3,0,P,CHEV,ABS,5D,5,17,2343,,0,976,,G,,F,4,098,,,14R185,,,,,,0,0,000000000,00000000000,0,0,0,1,0,0,0,0,0,0,0,45,0,0,0,12,81,6,2,12,0,0,0,1,29,65542,6,1,6,0,3,0,66,320,1,0,0,1,0,10,2008,4,2009,0,28,0,0,0,1,2,45,2,1,2,1,0,0,14,10,1,1,2,50,1,0
29,290465,2,2,1,27,9,9,40,12,2,1,0,29,1,12,481,12481,31,1997,1FTHF26F5VEC,1,F,T,H,F,2,6,F,5,V,E,C,0,T,FORD,F25,PK,97,17,,2,0,1330,COF,D,,,8,444,,,,C,4870,00,A,44,0,0,000000000,00000000000,0,0,0,1,0,0,0,0,0,0,0,45,0,0,0,12,61,6,2,12,0,0,0,1,29,65540,6,1,0,0,3,3,73,140,1,0,0,0,1,6,2009,6,2009,0,92,0,0,0,1,2,45,3,1,2,1,0,0,14,62,9,1,1,51,0,0
29,290466,1,1,1,30,9,7,5,53,0,1,0,29,1,20,481,20481,31,2002,2GCEK19T5211,2,G,C,E,K,1,9,T,5,2,1,1,0,T,CHEV,SK1,4C,2,17,,2,1575,1435,SIL,G,,,8,325,,,,B,4910,02,,44,0,0,000000000,00000000000,0,0,0,1,0,0,0,0,0,0,0,25,0,0,0,12,12,4,3,42,0,0,0,1,29,63933,6,1,0,0,3,0,70,180,0,0,0,0,0,0,0,0,0,0,0,0,0,0,1,2,25,1,1,2,1,0,0,1,12,3,4,4,7,1,0
29,290467,1,2,1,19,8,16,55,12,2,1,0,29,1,49,40,49040,4,2003,4T1BE30K83U1,4,T,1,B,E,3,0,K,8,3,U,1,0,P,TOYT,UXS,4D,3,17,2993,,0,1071,,G,,F,4,144,,,15R205,,,,,,0,0,000000000,00000000000,0,0,0,1,0,0,0,0,0,0,0,998,0,0,0,12,12,6,2,12,0,0,0,1,29,63366,6,1,0,0,3,3,67,128,0,0,0,0,0,0,0,0,0,0,0,0,0,0,1,2,45,1,1,1,1,0,0,1,10,1,1,2,50,0,1
29,290467,2,2,2,19,8,16,55,12,2,1,0,29,2,24,8,24008,1,2007,1G8MB35B47Y1,1,G,8,M,B,3,5,B,4,7,Y,1,0,P,STRN,SKY,RD,7,17,2860,,0,951,,G,,F,4,146,,,18R245,,,,,,0,0,000000000,00000000000,0,0,0,1,0,0,0,0,0,0,0,998,0,0,0,12,12,6,2,12,0,0,0,1,29,63365,6,1,0,0,3,3,70,190,0,0,0,0,1,3,2011,3,2011,0,0,0,0,0,1,2,45,1,1,1,1,0,0,1,62,1,1,1,51,2,1
29,290468,1,2,1,30,6,15,36,12,2,1,0,29,2,20,481,20481,31,1992,2GCEC19K8N11,2,G,C,E,C,1,9,K,8,N,1,1,0,T,CHEV,GC1,PC,92,17,,2,1555,1415,GM4,G,,,8,350,,,,B,4426,02,,42,0,0,000000000,00000000000,0,0,0,1,0,0,0,0,0,0,0,998,0,0,0,12,12,6,2,12,0,0,0,1,29,63368,6,1,6,0,3,0,70,180,0,0,0,0,0,0,0,0,0,1,28,0,0,0,1,4,40,2,1,1,1,0,0,14,10,1,1,2,50,1,0
29,290468,2,2,1,30,6,15,36,12,2,1,0,92,0,37,441,37441,20,2011,5FNRL5H69BB0,5,F,N,R,L,5,H,6,9,B,B,0,0,P,HOND,UDY,SV,11,17,4483,,0,1181,,G,,F,6,214,,,17R235,,,,,,0,0,000000000,00000000000,0,0,0,1,0,0,0,0,0,0,0,998,0,0,0,12,12,6,2,12,0,0,0,1,29,63366,6,1,0,0,3,3,68,150,0,0,0,0,0,0,0,0,0,0,0,0,0,0,1,4,40,2,1,1,1,0,0,14,62,1,1,1,51,0,0
29,290469,1,2,1,16,9,13,0,12,2,1,0,29,1,7,25,7025,5,2008,1B3HB28BX8D5,1,B,3,H,B,2,8,B,X,8,D,5,0,P,DODG,CLB,4D,8,17,2966,,0,1037,,G,,F,4,122,,,15R205,,,,,,0,0,000000000,00000000000,0,0,0,1,0,0,0,0,0,0,0,30,0,0,0,12,12,4,3,12,0,0,0,1,29,63068,6,1,0,0,3,0,63,110,0,0,0,0,0,0,0,0,0,0,28,0,0,0,1,2,30,1,1,2,1,0,0,1,10,1,1,2,50,0,0
29,290469,2,2,1,16,9,13,0,12,2,1,0,29,2,52,34,52034,4,2003,4A3AA36G23E2,4,A,3,A,A,3,6,G,2,3,E,2,0,P,MITS,UGD,4D,3,17,3031,,0,1037,,G,,F,4,146,,,15R195,,,,,,0,0,000000000,00000000000,0,0,0,1,0,0,0,0,0,0,0,30,0,0,0,12,12,4,3,12,0,0,0,1,29,63090,6,1,0,0,3,3,64,250,0,0,0,0,0,0,0,0,0,0,0,0,0,0,1,2,30,1,1,2,1,0,0,1,62,3,1,1,51,1,0
29,290470,1,1,1,17,9,6,31,42,0,1,0,29,1,20,403,20403,14,2003,1GNET16S7362,1,G,N,E,T,1,6,S,7,3,6,2,0,P,CHEV,TRL,UT,3,17,5020,,0,1290,,G,,F,6,256,,,17R245,,,,,,0,0,000000000,00000000000,0,0,0,1,0,0,0,0,0,0,0,55,0,0,0,3,3,6,2,42,0,0,0,1,29,63025,6,1,0,0,3,0,63,115,2,0,0,0,0,7,2009,12,2010,1,0,0,0,0,1,2,55,2,6,2,2,0,0,14,6,1,4,4,7,1,0
29,290471,1,1,3,24,9,16,55,35,0,1,0,29,3,55,36,55036,4,2002,KMHCG45C52U4,K,M,H,C,G,4,5,C,5,2,U,4,0,P,HYUN,AGL,4D,2,17,2350,,0,961,,G,,F,4,098,,,13R175,,,,,,0,0,000000000,00000000000,0,0,0,1,0,0,0,0,0,0,0,86,0,1,5,9,9,6,2,35,0,0,0,1,29,63630,1,1,0,0,2,0,69,160,0,2,1,0,1,4,2011,6,2011,1,0,0,0,0,2,2,65,1,2,2,1,0,0,6,1,9,1,4,1,1,1
29,290472,1,2,1,28,9,20,55,12,6,1,1,29,1,20,481,20481,31,2007,1GCEC14X57Z1,1,G,C,E,C,1,4,X,5,7,Z,1,0,T,CHEV,SC1,PK,7,17,,2,1330,1190,SIL,G,,,6,262,,,,B,4211,01,,42,0,0,000000000,00000000000,0,0,0,1,0,0,0,0,0,0,0,90,0,0,0,3,3,6,2,12,0,0,0,1,29,65656,2,1,0,0,2,0,67,135,0,3,1,0,0,12,2008,11,2010,1,28,0,0,0,1,2,60,4,1,2,1,0,0,14,11,7,1,6,48,0,0
29,290472,2,2,1,28,9,20,55,12,6,1,0,29,1,12,481,12481,31,2004,2FTRF17204CA,2,F,T,R,F,1,7,2,0,4,C,A,0,T,FORD,HER,PK,4,17,,2,0,1200,COF,G,,,6,256,,,,B,4050,00,U,42,0,0,000000000,00000000000,0,0,0,1,0,0,0,0,0,0,0,89,0,1,5,12,0,6,2,1,0,0,0,1,29,64834,6,1,0,0,3,0,70,198,0,0,0,0,0,0,0,0,0,1,28,0,0,0,1,2,60,4,1,2,1,0,0,14,10,1,1,2,48,1,1
29,290473,1,2,1,20,8,10,45,1,0,1,0,20,2,76,706,76706,80,2008,JYAVP11EX8A1,J,Y,A,V,P,1,1,E,X,8,A,1,0,M,YAMA,XVS,RS,8,17,,,,,,,1063,,2,,4,600,,,,,,,0,0,000000000,00000000000,0,0,0,1,0,0,0,0,0,0,0,36,0,0,0,0,12,6,2,12,0,0,0,1,20,66202,6,1,0,0,3,0,68,170,0,0,0,0,0,0,0,0,0,0,38,0,0,0,1,4,35,1,2,2,1,0,0,1,98,3,1,1,98,1,0
29,290473,2,2,5,20,8,10,45,1,0,1,0,29,1,20,421,20421,15,2001,1GNEK13T81R2,1,G,N,E,K,1,3,T,8,1,R,2,0,P,CHEV,KTA,UT,1,17,5050,,0,1160,,G,,F,8,325,,,16R245,,,,,,0,0,000000000,00000000000,0,0,0,1,0,0,0,0,0,0,0,998,0,0,0,10,10,2,1,12,0,0,0,1,29,64123,0,0,0,0,0,0,52,85,0,0,0,0,2,4,2009,4,2011,0,0,0,0,0,1,2,25,1,2,2,1,20,3,11,15,1,1,1,98,0,0