STATE,ST_CASE,VEH_NO,VE_FORMS,NUMOCCS,DAY,MONTH,HOUR,MINUTE,HARM_EV,MAN_COLL,UNITTYPE,HIT_RUN,REG_STAT,OWNER,MAKE,MODEL,MAK_MOD,BODY_TYP,MOD_YEAR,VIN,VIN_1,VIN_2,VIN_3,VIN_4,VIN_5,VIN_6,VIN_7,VIN_8,VIN_9,VIN_10,VIN_11,VIN_12,TOW_VEH,VINTYPE,VINMAKE,VINA_MOD,VIN_BT,VINMODYR,VIN_LNGT,VIN_WGT,WGTCD_TR,WHLBS_LG,WHLBS_SH,SER_TR,FUELCODE,MCYCL_DS,CARBUR,CYLINDER,DISPLACE,MCYCL_CY,MCYCL_WT,TIRE_SZE,TON_RAT,TRK_WT,TRKWTVAR,VIN_REST,WHLDRWHL,J_KNIFE,MCARR_I1,MCARR_I2,MCARR_ID,GVWR,V_CONFIG,CARGO_BT,HAZ_INV,HAZ_PLAC,HAZ_ID,HAZ_CNO,HAZ_REL,BUS_USE,SPEC_USE,EMER_USE,TRAV_SP,UNDERIDE,ROLLOVER,ROLINLOC,IMPACT1,IMPACT2,DEFORMED,TOWED,M_HARM,VEH_SC1,VEH_SC2,FIRE_EXP,DR_PRES,L_STATE,DR_ZIP,L_STATUS,L_TYPE,CDL_STAT,L_ENDORS,L_COMPL,L_RESTRI,DR_HGT,DR_WGT,PREV_ACC,PREV_SUS,PREV_DWI,PREV_SPD,PREV_OTH,FIRST_MO,FIRST_YR,LAST_MO,LAST_YR,SPEEDREL,DR_SF1,DR_SF2,DR_SF3,DR_SF4,VTRAFWAY,VNUM_LAN,VSPD_LIM,VALIGN,VPROFILE,VPAVETYP,VSURCOND,VTRAFCON,VTCONT_F,P_CRASH1,P_CRASH2,P_CRASH3,PCRASH4,PCRASH5,ACC_TYPE,DEATHS,DR_DRINK
29,290474,1,1,1,9,9,5,30,42,0,1,0,29,1,12,471,12471,30,2003,1FTYR45E33PA,1,F,T,Y,R,4,5,E,3,3,P,A,0,T,FORD,RNS,4C,3,17,,1,0,1259,RNG,G,,,6,245,,,,B,3760,02,U,44,0,0,000000000,00000000000,0,0,0,1,0,0,0,0,0,0,0,55,0,0,0,9,9,6,2,42,0,0,1,1,29,63020,6,1,0,0,3,3,72,205,0,0,0,0,0,0,0,0,0,0,58,0,0,0,1,2,55,2,6,2,2,0,0,14,13,7,3,4,2,1,0
29,290475,1,1,1,29,9,15,21,1,0,1,0,29,1,72,706,72706,80,2008,1HD1KB4168Y6,1,H,D,1,K,B,4,1,6,8,Y,6,0,M,HD,FHX,RS,8,17,,,,,,,1584,,2,,4,786,,,,,,,0,0,000000000,00000000000,0,0,0,1,0,0,0,0,0,0,0,70,0,0,0,0,0,6,2,1,0,0,0,1,29,64024,6,1,0,0,3,0,70,200,1,0,0,0,1,10,2009,10,2009,1,0,0,0,0,2,2,70,3,1,1,1,0,0,14,12,3,2,4,7,1,1
29,290476,1,1,5,30,9,8,9,34,0,1,0,29,1,22,18,22018,4,2000,1G2NE52T8YM7,1,G,2,N,E,5,2,T,8,Y,M,7,0,P,PONT,GAS,4D,0,17,3116,,0,1070,,G,,F,4,146,,,15R215,,,,,,0,0,000000000,00000000000,0,0,0,1,0,0,0,0,0,0,0,55,0,1,5,14,0,6,2,1,0,0,0,1,29,65770,6,1,0,0,3,0,65,180,0,0,0,0,0,0,0,0,0,0,0,0,0,0,1,2,55,1,5,2,1,0,0,1,13,7,3,4,2,1,0
29,290477,1,2,1,1,10,19,2,12,7,1,0,29,2,20,471,20471,30,1998,1GCCT19W8W82,1,G,C,C,T,1,9,W,8,W,8,2,0,T,CHEV,S14,PC,98,17,,1,0,1229,S,G,,,6,262,,,,B,00000,00,,44,0,0,000000000,00000000000,0,0,0,1,0,0,0,0,0,0,0,50,0,0,0,62,12,2,1,12,0,0,0,1,29,65604,6,2,0,0,3,3,68,160,0,0,0,0,0,0,0,0,0,0,27,0,0,0,3,2,70,1,1,2,1,0,0,15,53,1,1,2,47,0,0
29,290477,2,2,1,1,10,19,2,12,7,1,0,5,2,12,481,12481,31,2006,1FTPX14V56NB,1,F,T,P,X,1,4,V,5,6,N,B,0,T,FORD,F15,4C,6,17,,2,0,1450,COF,F,,,8,329,,,,B,4297,16,E,44,0,0,000000000,00000000000,0,0,0,1,0,0,0,0,0,0,0,70,0,0,0,83,12,6,2,21,0,0,0,1,5,72459,6,1,0,0,3,0,72,175,0,0,0,2,0,6,2010,5,2011,0,0,0,0,0,3,2,70,1,1,2,1,0,0,1,61,1,1,1,45,1,0
29,290478,1,2,1,26,8,12,11,12,6,1,0,29,2,6,52,6052,6,2002,3C8FY68B52T2,3,C,8,F,Y,6,8,B,5,2,T,2,0,P,CHRY,PTC,SV,2,17,3119,,0,1033,,G,,F,4,148,,,16R205,,,,,,0,0,000000000,00000000000,0,0,0,1,0,0,0,0,0,0,0,23,0,0,0,2,2,6,2,12,0,0,0,1,29,63385,6,1,0,0,3,3,62,185,0,0,0,0,0,0,0,0,0,0,38,0,0,0,2,2,60,1,1,2,1,21,3,4,17,1,1,1,87,1,0
29,290478,2,2,1,26,8,12,11,12,6,1,0,29,2,98,809,98809,63,2007,2FZHAZCV47AX,2,F,Z,H,A,Z,C,V,4,7,A,X,0,T,STRG,LT9,TR,7,17,,8,0,0,STE,D,,,6,782,,,,,00000,00,,64,0,57,1240702,571240702,3,2,4,1,0,0,0,0,0,0,0,52,0,0,0,12,12,6,2,12,0,0,0,1,29,63379,6,1,6,3,3,0,70,180,1,0,0,0,1,10,2008,9,2009,0,0,0,0,0,2,2,60,1,1,2,1,0,0,1,66,9,2,2,86,0,0
29,290479,1,1,1,3,9,10,40,38,0,1,0,29,1,20,431,20431,16,1987,1GNER16KXHF1,1,G,N,E,R,1,6,K,X,H,F,1,0,P,CHEV,R10,UT,87,17,4120,,0,1295,,G,,F,8,350,,,000000,,,,,,0,0,000000000,00000000000,0,0,0,1,0,0,0,0,0,0,0,60,0,0,0,12,12,6,2,34,0,0,0,1,29,65355,2,1,0,0,2,0,72,230,0,0,0,0,0,0,0,0,0,0,91,0,0,0,1,2,60,3,1,2,1,0,0,14,13,3,2,4,2,1,0
29,290480,1,1,1,11,9,3,0,32,0,1,0,29,2,20,2,20002,4,2006,2G1WC5817692,2,G,1,W,C,5,8,1,7,6,9,2,0,P,CHEV,IMT,4D,6,17,3477,,0,1105,,G,,F,6,238,,,17R225,,,,,,0,0,000000000,00000000000,0,0,0,1,0,0,0,0,0,0,0,100,0,1,5,12,0,6,2,1,0,0,0,1,29,64473,6,2,0,0,3,2,66,170,0,0,0,0,0,0,0,0,0,1,73,0,0,0,2,2,70,1,1,2,1,0,0,1,6,1,1,4,1,1,1
29,290481,1,1,1,24,9,16,20,42,0,1,0,29,1,12,17,12017,4,1999,1FAFP52U6XA1,1,F,A,F,P,5,2,U,6,X,A,1,0,P,FORD,TAX,4D,99,17,3329,,0,1085,,G,,F,6,182,,,15R205,,,,,,0,0,000000000,00000000000,0,0,0,1,0,0,0,0,0,0,0,50,0,1,5,11,0,6,2,1,0,0,0,1,29,65258,6,1,0,0,3,0,62,120,0,0,0,0,0,0,0,0,0,1,0,0,0,0,1,2,50,1,6,4,1,0,0,1,13,99,3,4,2,1,0
29,290483,1,2,1,5,7,0,25,12,6,1,0,17,1,73,709,73709,80,2007,JKBZXNA147A0,J,K,B,Z,X,N,A,1,4,7,A,0,0,M,KAWK,X4A,RC,7,17,,,,,,,1352,,4,,4,386,,,,,,,0,0,000000000,00000000000,0,0,0,1,0,0,0,0,0,0,0,998,0,0,0,12,0,6,2,12,0,0,0,1,29,63033,6,1,0,0,3,3,69,225,0,0,0,0,0,0,0,0,0,0,0,0,0,0,5,4,35,1,1,2,1,0,0,1,73,3,1,1,84,1,1
29,290483,2,2,1,5,7,0,25,12,6,1,0,29,1,6,43,6043,2,1998,3C3EL55H0WT2,3,C,3,E,L,5,5,H,0,W,T,2,0,P,CHRY,SJI,CV,98,17,3329,,0,1060,,G,,F,6,152,,,16R215,,,,,,0,0,000000000,00000000000,0,0,0,1,0,0,0,0,0,0,0,998,0,0,0,9,9,4,1,12,0,0,0,1,29,63147,6,1,0,0,3,3,60,147,1,0,0,0,0,10,2009,10,2009,0,38,0,0,0,0,0,0,0,0,0,0,0,0,11,15,1,1,1,84,0,1
29,290484,1,2,1,24,8,10,50,12,6,1,0,29,2,12,471,12471,30,1996,1FTCR15X1TPA,1,F,T,C,R,1,5,X,1,T,P,A,0,T,FORD,RNS,PC,96,17,,1,0,1250,RNG,G,,,6,245,,,,B,00000,00,B,44,0,0,000000000,00000000000,0,0,0,1,0,0,0,0,0,0,0,998,0,0,0,3,3,6,2,12,0,0,0,1,29,63123,6,1,0,0,3,0,71,155,1,2,1,0,0,9,2008,5,2009,0,0,0,0,0,1,2,40,2,3,2,1,0,0,14,10,1,1,2,64,1,0
29,290484,2,2,1,24,8,10,50,12,6,1,0,29,3,98,809,98809,63,2007,2FZSAZCV47AY,2,F,Z,S,A,Z,C,V,4,7,A,Y,0,T,STRG,LT9,CC,7,17,,8,0,0,STE,D,,,6,782,,,,,00000,00,,,0,99,999999999,99999999999,3,2,4,1,0,0,0,0,0,0,0,998,0,0,0,12,12,6,2,12,0,0,0,1,29,63016,6,1,6,3,3,0,69,300,0,0,0,0,0,0,0,0,0,0,0,0,0,0,1,2,40,3,3,2,1,0,0,14,62,99,1,1,65,0,0
29,290485,1,2,1,5,9,11,40,1,0,1,0,29,1,73,703,73703,80,2007,JKAEXMF127DA,J,K,A,E,X,M,F,1,2,7,D,A,0,M,KAWK,EXF,RC,7,17,,,,,,,248,,2,,4,304,,,,,,,0,0,000000000,00000000000,0,0,0,1,0,0,0,0,0,0,0,49,0,0,0,0,12,6,2,12,0,0,0,1,29,63362,6,1,0,0,3,0,65,145,0,0,0,0,0,0,0,0,0,1,0,0,0,0,1,2,35,2,1,2,1,0,0,14,6,3,4,2,98,1,0
29,290485,2,2,2,5,9,11,40,1,0,1,0,29,1,20,482,20482,31,2006,3GNEC12ZX6G1,3,G,N,E,C,1,2,Z,X,6,G,1,0,T,CHEV,CAV,CW,6,17,,2,0,1300,AVL,F,,,8,323,,,,B,5413,00,,42,0,0,000000000,00000000000,0,0,0,1,0,0,0,0,0,0,0,35,0,0,0,12,12,6,2,12,0,0,0,1,29,63379,6,1,6,0,3,3,75,250,0,0,0,0,0,0,0,0,0,0,0,0,0,0,1,2,35,3,1,2,1,0,0,14,62,9,2,1,98,0,0
29,290486,1,1,2,8,9,23,47,1,0,1,0,29,1,7,482,7482,31,2001,1B7HC16YX1S6,1,B,7,H,C,1,6,Y,X,1,S,6,0,T,DODG,150,PK,1,17,,2,1347,1187,RPC,G,,,8,318,,,,B,4010,02,U,42,0,0,000000000,00000000000,0,0,0,1,0,0,0,0,0,0,0,998,0,2,5,0,12,6,2,35,0,0,0,1,29,63933,6,1,0,0,3,3,69,185,0,0,0,1,0,4,2010,4,2010,0,0,0,0,0,1,2,35,1,1,1,1,0,0,1,12,1,1,4,6,1,1
29,290487,1,4,1,22,9,15,9,12,6,1,0,29,1,49,40,49040,4,2005,4T1BE32K85U9,4,T,1,B,E,3,2,K,8,5,U,9,0,P,TOYT,XLL,4D,5,17,3108,,0,1071,,G,,F,4,144,,,15R205,,,,,,0,0,000000000,00000000000,0,0,0,1,0,0,0,0,0,0,0,998,0,0,0,7,81,6,2,12,0,0,0,1,29,63368,6,1,0,0,3,3,64,150,0,0,0,0,0,0,0,0,0,1,28,0,0,0,5,4,50,1,2,1,1,0,0,15,10,1,1,2,47,1,0
29,290487,2,4,1,22,9,15,9,12,6,1,0,29,1,22,2,22002,4,1999,1G2HX52K5XH2,1,G,2,H,X,5,2,K,5,X,H,2,0,P,PONT,BVS,4D,99,17,3446,,0,1108,,G,,F,6,231,,,15R215,,,,,,0,0,000000000,00000000000,0,0,0,1,0,0,0,0,0,0,0,998,0,0,0,1,1,2,1,12,0,0,0,1,29,63368,6,1,0,0,3,0,67,275,0,0,0,1,0,3,2009,3,2009,0,0,0,0,0,5,4,50,1,2,1,1,0,0,1,60,99,1,1,45,0,0
29,290487,3,4,2,22,9,15,9,12,6,1,0,29,1,20,404,20404,14,2008,2CNDL53F3863,2,C,N,D,L,5,3,F,3,8,6,3,0,P,CHEV,EQU,UT,8,17,3699,,0,1125,,G,,F,6,207,,,17R235,,,,,,0,0,000000000,00000000000,0,0,0,1,0,0,0,0,0,0,0,998,0,0,0,12,12,6,2,12,0,0,0,1,29,63366,6,1,0,0,3,0,64,150,0,0,0,0,0,0,0,0,0,0,0,0,0,0,5,4,50,1,2,1,1,0,0,1,62,1,1,1,98,0,0
29,290487,4,4,2,22,9,15,9,12,6,1,0,29,1,20,404,20404,14,2005,2CNDL13F8560,2,C,N,D,L,1,3,F,8,5,6,0,0,P,CHEV,EQU,UT,5,17,3660,,0,1125,,G,,F,6,208,,,16R235,,,,,,0,0,000000000,00000000000,0,0,0,1,0,0,0,0,0,0,0,998,0,0,0,12,12,2,1,12,0,0,0,1,29,63368,6,1,0,0,3,0,64,128,0,0,0,0,0,0,0,0,0,0,0,0,0,0,5,4,50,1,2,1,1,0,0,1,51,1,1,1,98,0,0
29,290488,1,1,2,28,9,14,32,8,0,1,0,29,2,37,421,37421,15,2006,2HKYF18746H5,2,H,K,Y,F,1,8,7,4,6,H,5,0,P,HOND,PIL,UT,6,17,4497,,0,1063,,G,,F,6,213,,,16R235,,,,,,0,0,000000000,00000000000,0,0,0,1,0,0,0,0,0,0,0,998,0,0,0,12,12,4,3,8,0,0,0,1,29,63131,6,1,0,0,3,0,63,143,0,0,0,0,0,0,0,0,0,0,0,0,0,0,1,2,30,1,1,2,1,0,0,1,80,8,1,1,13,0,0
29,290489,1,2,1,8,10,13,15,12,2,1,0,29,1,20,16,20016,1,1996,4G1JF32T3TB1,4,G,1,J,F,3,2,T,3,T,B,1,0,P,CHEV,CAS,CV,96,17,2838,,0,1041,,G,,F,4,146,,,15R195,,,,,,0,0,000000000,00000000000,0,0,0,1,0,0,0,0,0,0,0,55,0,0,0,12,12,6,2,12,0,0,0,1,29,65706,6,1,0,0,3,0,74,260,0,0,0,0,0,0,0,0,0,0,0,0,0,0,1,2,55,3,5,2,1,0,0,14,62,1,1,1,51,1,0
29,290489,2,2,1,8,10,13,15,12,2,1,0,29,2,7,482,7482,31,2000,2B5WB35ZXYK1,2,B,5,W,B,3,5,Z,X,Y,K,1,0,P,DODG,RMW,SV,0,17,5404,,0,1272,,G,,F,8,360,,,000000,,,,,,0,0,000000000,00000000000,0,0,0,1,0,0,0,0,0,0,0,55,0,0,0,12,12,6,2,12,0,0,0,1,29,65741,6,1,0,0,3,0,76,210,2,0,0,1,1,10,2008,8,2011,0,0,0,0,0,1,2,55,2,5,2,1,0,0,14,10,3,2,2,50,0,0
29,290490,1,2,1,25,9,1,1,12,1,1,0,29,1,20,481,20481,31,2005,2GCEK19T5512,2,G,C,E,K,1,9,T,5,5,1,2,0,T,CHEV,SK1,4C,5,17,,2,1575,1435,SIL,G,,,8,323,,,,B,4661,00,,44,0,0,000000000,00000000000,0,0,0,1,0,0,0,0,0,0,0,999,0,0,0,12,12,6,2,12,0,0,0,1,29,63301,6,1,0,0,3,0,66,148,3,1,0,1,0,12,2009,4,2010,1,91,0,0,0,3,3,60,1,2,8,1,0,0,1,51,99,1,1,24,0,1
29,290490,2,2,7,25,9,1,1,12,1,1,0,29,2,20,421,20421,15,2007,1GNFK13057R4,1,G,N,F,K,1,3,0,5,7,R,4,0,P,CHEV,KTA,UT,7,17,5706,,0,1160,,F,,F,8,323,,,17R265,,,,,,0,0,000000000,00000000000,0,0,0,1,0,0,0,0,0,0,0,999,0,1,5,6,0,6,2,1,0,0,0,1,29,63366,6,1,0,0,3,3,63,155,0,1,0,0,0,5,2011,5,2011,0,0,0,0,0,3,3,60,1,2,8,1,0,0,1,53,1,1,1,25,2,0
29,290491,1,1,1,3,10,14,9,58,0,1,0,29,1,24,7,24007,4,2006,1G8AL55F56Z1,1,G,8,A,L,5,5,F,5,6,Z,1,0,P,STRN,SI3,4D,6,17,2831,,0,1035,,G,,F,4,134,,,16R205,,,,,,0,0,000000000,00000000000,0,0,0,1,0,0,0,0,0,0,0,40,0,1,5,14,0,6,2,1,0,0,0,1,29,63049,6,1,0,0,3,0,62,95,0,0,0,0,0,0,0,0,0,0,0,0,0,0,1,2,40,2,6,2,1,0,0,14,13,1,1,4,1,1,0
29,290492,1,1,1,3,10,9,10,42,0,1,0,29,1,23,422,23422,15,2006,1GKFK66U46J1,1,G,K,F,K,6,6,U,4,6,J,1,0,T,GMC,DXL,4W,6,17,,2,0,1300,YUK,G,,,8,366,,,,B,5754,00,R,44,0,0,000000000,00000000000,0,0,0,1,0,0,0,0,0,0,0,999,0,0,0,12,12,6,2,42,0,0,0,1,29,64492,6,1,0,0,3,3,59,200,0,0,0,0,0,0,0,0,0,0,0,0,0,0,1,2,35,1,1,2,1,0,0,1,10,1,1,4,6,1,0
29,290493,1,1,4,1,10,20,0,5,0,1,0,29,2,7,41,7041,4,2002,2B3HD46R02H2,2,B,3,H,D,4,6,R,0,2,H,2,0,P,DODG,ISE,4D,2,17,3373,,0,1130,,G,,F,6,167,,,16R225,,,,,,0,0,000000000,00000000000,0,0,0,1,0,0,0,0,0,0,0,15,0,0,0,0,0,0,1,5,0,0,0,1,29,65804,6,1,0,0,3,0,65,126,0,0,0,0,0,0,0,0,0,0,36,0,0,0,1,2,45,1,1,2,1,0,0,1,98,1,1,1,0,1,0
29,290494,1,2,1,18,9,1,23,12,2,1,0,92,0,37,709,37709,80,1980,RC012105766,R,C,0,1,2,1,0,5,7,6,6,,0,M,HOND,CB7,RS,80,11,,,,,,,749,,4,,4,505,,,,,,,0,0,000000000,00000000000,0,0,0,1,0,0,0,0,0,0,0,999,0,0,0,12,0,6,2,1,0,0,0,1,29,64015,6,1,0,0,3,0,71,155,0,0,0,3,0,5,2010,6,2011,0,51,0,0,0,3,2,60,1,3,2,2,0,0,1,54,1,1,1,52,1,1
29,290494,2,2,2,18,9,1,23,12,2,1,0,29,2,49,40,49040,4,2001,4T1BG22K21U0,4,T,1,B,G,2,2,K,2,1,U,0,0,P,TOYT,CXL,4D,1,17,2998,,0,1051,,G,,F,4,132,,,15R205,,,,,,0,0,000000000,00000000000,0,0,0,1,0,0,0,0,0,0,0,999,0,0,0,12,12,6,2,12,0,0,0,1,29,64055,6,2,0,0,3,2,68,180,0,0,0,0,0,0,0,0,0,0,73,0,0,0,3,2,60,1,3,2,2,0,0,1,54,1,1,1,52,0,0
29,290495,1,1,3,19,9,13,0,58,0,1,0,29,1,20,37,20037,4,2004,1G1ZS52F94F2,1,G,1,Z,S,5,2,F,9,4,F,2,0,P,CHEV,MAL,4D,4,17,3174,,0,1063,,G,,F,4,134,,,15R205,,,,,,0,0,000000000,00000000000,0,0,0,1,0,0,0,0,0,0,0,55,0,1,5,14,0,6,2,1,0,0,0,1,29,63469,6,1,0,0,3,0,63,151,0,0,0,1,0,6,2010,6,2010,0,58,0,0,0,1,2,55,1,3,2,1,0,0,17,10,7,2,4,7,1,0
29,290496,1,1,1,28,9,5,15,35,0,1,0,29,3,20,461,20461,21,2009,1GCFH1548911,1,G,C,F,H,1,5,4,8,9,1,1,0,T,CHEV,E15,CG,9,17,,2,0,1350,EXP,F,,,8,323,,,,B,5179,00,,44,0,0,000000000,00000000000,0,0,0,1,0,0,0,0,0,0,0,70,0,1,3,12,0,6,2,1,0,0,0,1,29,63132,6,1,0,0,3,0,71,280,0,0,0,0,0,0,0,0,0,1,58,0,0,0,3,2,70,3,5,2,1,0,0,14,6,7,2,4,7,1,1
29,290497,1,1,2,1,10,18,0,34,0,1,0,47,1,12,481,12481,31,2003,1FTNF21P13ED,1,F,T,N,F,2,1,P,1,3,E,D,0,T,FORD,F2S,PK,3,17,,2,0,1370,SRW,D,,,8,366,,,,C,5857,00,U,44,0,0,000000000,00000000000,0,0,0,1,0,0,0,0,0,0,0,55,0,1,5,14,0,6,2,1,0,0,0,1,29,65560,6,1,0,0,3,0,67,185,0,0,0,0,0,0,0,0,0,0,58,0,0,0,1,2,55,3,5,2,1,0,0,14,10,6,1,4,6,1,0
29,290498,1,1,1,25,9,0,20,8,0,1,1,29,1,22,18,22018,4,2003,1G2NF52F33C2,1,G,2,N,F,5,2,F,3,3,C,2,0,P,PONT,SE1,4D,3,17,3116,,0,1070,,G,,F,4,134,,,15R215,,,,,,0,0,000000000,00000000000,0,0,0,1,0,0,0,0,0,0,0,42,0,0,0,12,12,4,3,8,0,0,0,1,29,63935,6,1,0,0,3,3,71,200,1,0,0,0,0,2,2010,2,2010,0,0,0,0,0,5,2,45,1,1,2,2,0,0,1,80,1,1,1,13,0,0
29,290499,1,1,1,29,9,9,23,1,0,1,0,29,2,20,401,20401,14,2002,1GNDT13W62K2,1,G,N,D,T,1,3,W,6,2,K,2,0,P,CHEV,BZR,UT,2,17,4114,,0,1070,,G,,F,6,262,,,000000,,,,,,0,0,000000000,00000000000,0,0,0,1,0,0,0,0,0,0,0,65,0,1,3,0,0,6,2,1,0,0,0,1,29,63052,6,1,0,0,3,0,67,260,0,0,0,0,0,0,0,0,0,0,58,0,0,0,2,2,65,1,6,1,1,0,0,1,13,8,4,4,7,1,0
29,290500,1,2,1,2,10,13,24,12,1,1,0,47,1,35,43,35043,2,1993,1N4EB32H3PC7,1,N,4,E,B,3,2,H,3,P,C,7,0,P,NISS,UES,2D,93,17,2246,,0,956,,G,,F,4,098,,,000000,,,,,,0,0,000000000,00000000000,0,0,0,1,0,0,0,0,0,0,0,0,0,0,0,6,6,6,2,12,0,0,0,1,29,65804,6,1,0,0,3,0,70,280,0,0,0,0,0,0,0,0,0,0,0,0,0,0,3,3,65,1,1,2,1,0,0,5,53,1,1,1,21,0,0
29,290500,2,2,1,2,10,13,24,12,1,1,0,29,1,72,706,72706,80,2003,1HD1BWB433Y0,1,H,D,1,B,W,B,4,3,3,Y,0,0,M,HD,FSA,RS,3,17,,,,,,,1450,,2,,4,696,,,,,,,0,0,000000000,00000000000,0,0,0,1,0,0,0,0,0,0,0,55,0,0,0,12,12,6,2,12,0,0,0,1,29,64014,6,1,6,0,3,0,73,230,0,0,0,0,0,0,0,0,0,0,0,0,0,0,3,3,65,1,1,2,1,0,0,1,50,3,1,1,20,1,0
29,290501,1,1,1,3,10,14,30,1,0,1,0,29,1,82,881,82881,66,1987,1FUPYCYB3HP2,1,F,U,P,Y,C,Y,B,3,H,P,2,1,T,FRHT,FLC,TR,87,17,,8,0,0,CON,D,,,6,855,,,,,00000,00,,64,1,57,1873277,571873277,3,6,3,1,0,0,0,0,0,0,0,50,0,2,5,0,0,6,2,1,0,0,0,1,29,63957,6,1,6,3,3,3,72,263,0,0,0,0,0,0,0,0,0,1,0,0,0,0,1,2,55,3,2,2,1,0,0,14,6,3,1,4,1,1,0
29,290502,1,1,1,4,10,15,30,42,0,1,0,29,1,7,482,7482,31,1996,3B7HF13Z8TG1,3,B,7,H,F,1,3,Z,8,T,G,1,0,T,DODG,150,PC,96,17,,2,1547,1387,RPC,G,,,8,360,,,,B,4725,01,M,44,0,0,000000000,00000000000,0,0,0,1,0,0,0,0,0,0,0,25,0,0,0,12,62,4,3,42,0,0,0,1,29,65571,6,1,0,0,3,3,74,230,1,0,0,0,0,7,2010,7,2010,1,0,0,0,0,1,2,50,1,1,4,1,0,0,1,6,1,1,4,6,1,0
29,290503,1,1,1,4,10,20,2,59,0,1,0,29,1,12,442,12442,20,1995,2FMDA5146SBA,2,F,M,D,A,5,1,4,6,S,B,A,0,T,FORD,WWG,ES,95,17,,1,0,1207,WIN,G,,,6,232,,,,B,3720,00,E,42,0,0,000000000,00000000000,0,0,0,1,0,0,0,0,0,0,0,70,0,1,5,12,12,6,2,34,0,0,0,1,29,63801,1,1,0,0,2,0,999,999,0,0,0,0,0,0,0,0,0,1,0,0,0,0,1,2,50,1,1,2,1,0,0,1,6,1,1,4,1,1,1
29,290504,1,2,2,7,10,22,0,12,7,1,0,20,2,20,471,20471,30,1985,1GCCS14E2F81,1,G,C,C,S,1,4,E,2,F,8,1,0,T,CHEV,S14,PK,85,17,,1,1229,1083,S,G,,,4,151,,,,B,2318,10,,42,0,0,000000000,00000000000,0,0,0,1,0,0,0,0,0,0,0,90,0,1,6,8,8,6,2,42,0,0,0,1,29,64012,6,1,0,0,3,0,69,210,0,0,0,0,2,8,2011,8,2011,0,0,0,0,0,1,2,65,3,6,2,1,0,0,6,11,1,1,2,46,2,1
29,290504,2,2,2,7,10,22,0,12,7,1,0,29,1,7,482,7482,31,2008,3D7MX48A28G1,3,D,7,M,X,4,8,A,2,8,G,1,1,T,DODG,SQ3,CW,8,17,,3,0,1600,RPC,D,,,6,408,,,,D,6168,00,E,44,1,0,000000000,00000000000,0,0,0,1,0,0,0,0,0,0,0,65,0,0,0,11,11,2,1,12,0,0,0,1,29,64744,6,1,6,0,3,0,73,200,0,0,0,0,0,0,0,0,0,0,0,0,0,0,1,2,65,3,6,2,1,0,0,14,60,1,1,1,45,0,0
29,290505,1,1,1,7,10,7,59,34,0,1,0,29,1,20,4,20004,2,1985,1G1YY0780F51,1,G,1,Y,Y,0,7,8,0,F,5,1,0,P,CHEV,CVT,CP,85,17,3111,,0,960,,G,,F,8,350,,,16R255,,,,,,0,0,000000000,00000000000,0,0,0,1,0,0,0,0,0,0,0,998,0,1,5,12,0,6,2,1,0,0,1,1,29,65441,6,1,0,0,3,3,73,170,0,0,0,0,0,0,0,0,0,1,0,0,0,0,1,2,55,1,6,2,1,0,0,1,6,1,4,4,7,1,0
29,290506,1,1,1,10,10,12,55,1,0,1,0,29,2,37,706,37706,80,1997,1HFSC223XVA9,1,H,F,S,C,2,2,3,X,V,A,9,0,M,HOND,1/2,RS,97,17,,,,,,,1520,,6,,4,815,,,,,,,0,0,000000000,00000000000,0,0,0,1,0,0,0,0,0,0,0,55,0,0,0,0,0,6,2,1,0,0,0,1,29,65354,6,1,0,0,3,3,65,220,0,0,0,0,0,0,0,0,0,1,0,0,0,0,1,2,55,3,6,2,1,0,0,14,6,1,1,2,98,1,0
29,290507,1,1,1,23,9,11,30,59,0,1,0,29,1,30,40,30040,4,1997,3VWRA81H2VM1,3,V,W,R,A,8,1,H,2,V,M,1,0,P,VOLK,UJG,4D,97,17,2507,,0,974,,G,,F,4,121,,,14R195,,,,,,0,0,000000000,00000000000,0,0,0,1,0,0,0,0,0,0,0,55,0,1,5,7,7,6,2,1,0,0,0,1,29,65559,6,1,0,0,3,3,71,130,1,0,0,0,0,5,2011,5,2011,0,0,0,0,0,1,2,55,1,3,2,1,0,0,1,13,7,3,4,2,1,0
29,290508,1,1,3,25,9,20,33,8,0,1,0,29,2,14,38,14038,2,2000,1ZWFT61L9Y56,1,Z,W,F,T,6,1,L,9,Y,5,6,0,P,MERC,CU6,2H,0,17,2881,,0,1064,,G,,F,6,155,,,15R205,,,,,,0,0,000000000,00000000000,0,0,0,1,0,0,0,0,0,0,0,60,0,0,0,12,12,2,1,8,0,0,0,1,29,65757,6,2,0,0,3,0,68,123,0,0,0,0,0,0,0,0,0,0,0,0,0,0,1,2,55,1,2,2,1,0,0,1,80,8,2,2,13,0,0
29,290509,1,1,1,29,9,0,18,30,0,1,0,92,0,37,31,37031,2,2001,1HGCG225X1A0,1,H,G,C,G,2,2,5,X,1,A,0,0,P,HOND,UEX,CP,1,17,3283,,0,1051,,G,,F,6,183,,,16R205,,,,,,0,0,000000000,00000000000,0,0,0,1,0,0,0,0,0,0,0,998,0,0,0,12,12,6,2,30,0,0,0,1,29,63011,6,1,0,0,3,0,75,270,1,0,0,0,0,3,2011,3,2011,0,0,0,0,0,5,4,40,1,1,1,1,0,0,1,13,1,1,4,1,1,0
29,290510,1,2,1,8,10,3,15,12,2,1,0,17,3,84,881,84881,66,2000,2HSCHAER2YC0,2,H,S,C,H,A,E,R,2,Y,C,0,1,T,INTL,99I,TR,0,17,,8,0,0,990,D,,,6,855,,,,,00000,00,,64,1,57,866093,57866093,3,6,97,1,0,0,0,0,0,0,0,998,0,0,0,12,12,6,2,12,0,0,0,1,17,62367,6,1,6,0,3,0,74,230,0,0,0,0,0,0,0,0,0,0,0,0,0,0,1,2,55,1,1,2,1,0,0,1,62,3,1,1,51,0,0