STATE,ST_CASE,VEH_NO,VE_FORMS,NUMOCCS,DAY,MONTH,HOUR,MINUTE,HARM_EV,MAN_COLL,UNITTYPE,HIT_RUN,REG_STAT,OWNER,MAKE,MODEL,MAK_MOD,BODY_TYP,MOD_YEAR,VIN,VIN_1,VIN_2,VIN_3,VIN_4,VIN_5,VIN_6,VIN_7,VIN_8,VIN_9,VIN_10,VIN_11,VIN_12,TOW_VEH,VINTYPE,VINMAKE,VINA_MOD,VIN_BT,VINMODYR,VIN_LNGT,VIN_WGT,WGTCD_TR,WHLBS_LG,WHLBS_SH,SER_TR,FUELCODE,MCYCL_DS,CARBUR,CYLINDER,DISPLACE,MCYCL_CY,MCYCL_WT,TIRE_SZE,TON_RAT,TRK_WT,TRKWTVAR,VIN_REST,WHLDRWHL,J_KNIFE,MCARR_I1,MCARR_I2,MCARR_ID,GVWR,V_CONFIG,CARGO_BT,HAZ_INV,HAZ_PLAC,HAZ_ID,HAZ_CNO,HAZ_REL,BUS_USE,SPEC_USE,EMER_USE,TRAV_SP,UNDERIDE,ROLLOVER,ROLINLOC,IMPACT1,IMPACT2,DEFORMED,TOWED,M_HARM,VEH_SC1,VEH_SC2,FIRE_EXP,DR_PRES,L_STATE,DR_ZIP,L_STATUS,L_TYPE,CDL_STAT,L_ENDORS,L_COMPL,L_RESTRI,DR_HGT,DR_WGT,PREV_ACC,PREV_SUS,PREV_DWI,PREV_SPD,PREV_OTH,FIRST_MO,FIRST_YR,LAST_MO,LAST_YR,SPEEDREL,DR_SF1,DR_SF2,DR_SF3,DR_SF4,VTRAFWAY,VNUM_LAN,VSPD_LIM,VALIGN,VPROFILE,VPAVETYP,VSURCOND,VTRAFCON,VTCONT_F,P_CRASH1,P_CRASH2,P_CRASH3,PCRASH4,PCRASH5,ACC_TYPE,DEATHS,DR_DRINK
29,290510,2,2,1,8,10,3,15,12,2,1,0,29,2,22,2,22002,4,2001,1G2HX54K0141,1,G,2,H,X,5,4,K,0,1,4,1,0,P,PONT,BVS,4D,1,17,3633,,0,1122,,G,,F,6,231,,,16R225,,,,,,0,0,000000000,00000000000,0,0,0,1,0,0,0,0,0,0,0,998,0,0,0,12,12,6,2,12,0,0,0,1,29,63448,6,1,0,0,3,0,66,120,0,0,0,0,0,0,0,0,0,0,28,0,0,0,1,2,55,1,1,2,1,0,0,1,10,1,1,2,50,1,1
29,290511,1,2,1,11,10,13,4,12,1,1,0,29,1,2,403,2403,14,2006,1J4FA49S36P7,1,J,4,F,A,4,9,S,3,6,P,7,0,T,JEEP,SPW,2W,6,17,,1,0,934,W/T,G,,,6,244,,,,,3430,00,E,44,0,0,000000000,00000000000,0,0,0,1,0,0,0,0,0,0,0,998,0,1,5,6,6,6,2,1,0,0,0,1,29,63435,6,1,0,0,3,0,66,140,1,0,0,1,0,6,2009,3,2010,0,28,0,0,0,2,2,60,1,2,2,1,0,0,15,10,1,1,2,25,1,0
29,290511,2,2,1,11,10,13,4,12,1,1,0,93,3,86,881,86881,66,2006,1M2AJ06Y86N0,1,M,2,A,J,0,6,Y,8,6,N,0,1,T,MACK,CHN,TR,6,17,,8,0,0,600,D,,,6,728,,,,,00000,00,,64,1,57,096275,57096275,3,6,2,2,2,1203,3,1,0,0,0,998,0,0,0,12,12,6,2,12,0,0,0,1,29,63435,6,1,6,3,3,0,70,195,0,0,0,0,0,0,0,0,0,0,0,0,0,0,2,2,60,1,2,2,1,0,0,1,61,1,1,1,24,0,0
29,290512,1,1,1,12,10,23,16,8,0,1,0,29,1,7,24,7024,4,2007,2B3KA43RX7H7,2,B,3,K,A,4,3,R,X,7,H,7,0,P,DODG,CTL,4D,7,17,3648,,0,1200,,G,,F,6,165,,,17R215,,,,,,0,0,000000000,00000000000,0,0,0,1,0,0,0,0,0,0,0,35,0,0,0,12,12,2,3,8,0,0,0,1,29,63120,1,1,0,0,2,0,67,165,1,2,0,0,0,10,2010,8,2011,0,0,0,0,0,5,4,35,1,1,2,2,0,0,1,80,99,1,1,13,0,1
29,290513,1,4,1,15,10,12,34,46,0,1,0,29,1,6,41,6041,4,2003,2C3HD36M83H5,2,C,3,H,D,3,6,M,8,3,H,5,0,P,CHRY,CIX,4D,3,17,3392,,0,1130,,G,,F,6,215,,,16R225,,,,,,0,0,000000000,00000000000,0,0,0,1,0,0,0,0,0,0,0,100,0,0,0,12,12,6,2,46,0,0,0,1,29,63124,6,1,0,0,3,0,72,180,1,0,0,0,1,5,2009,2,2010,1,0,0,0,0,5,4,30,1,5,7,1,1,3,1,6,1,1,4,1,1,0
29,290513,2,4,2,15,10,12,34,46,0,1,0,29,2,20,421,20421,15,2008,1GNFK13008R2,1,G,N,F,K,1,3,0,0,8,R,2,0,P,CHEV,KTA,UT,8,17,5524,,0,1160,,F,,F,8,323,,,17R265,,,,,,0,0,000000000,00000000000,0,0,0,1,0,0,0,0,0,0,0,0,0,0,0,12,12,2,1,54,0,0,0,1,29,63141,6,1,0,0,3,0,67,125,0,0,0,0,0,0,0,0,0,0,0,0,0,0,5,2,35,1,2,7,1,1,3,5,98,1,1,1,98,0,0
29,290513,3,4,5,15,10,12,34,46,0,1,0,17,1,14,402,14402,14,2008,4M2CU81178KJ,4,M,2,C,U,8,1,1,7,8,K,J,0,P,MERC,MRN,UT,8,17,3383,,0,1031,,G,,F,6,183,,,16R235,,,,,,0,0,000000000,00000000000,0,0,0,1,0,0,0,0,0,0,0,998,0,0,0,13,13,2,1,54,0,0,0,1,17,62712,6,1,0,0,3,3,68,160,0,0,0,0,0,0,0,0,0,0,0,0,0,0,5,4,30,1,5,7,1,1,3,4,98,1,1,1,98,0,0
29,290513,4,4,1,15,10,12,34,46,0,1,0,29,2,51,401,51401,14,2005,YV1CM592X511,Y,V,1,C,M,5,9,2,X,5,1,1,0,P,VOLV,XC9,UT,5,17,4354,,0,1125,,G,,T,5,153,,,16R225,,,,,,0,0,000000000,00000000000,0,0,0,1,0,0,0,0,0,0,0,0,0,0,0,9,0,2,1,54,0,0,0,1,29,63017,6,2,0,0,3,3,77,160,0,0,0,0,0,0,0,0,0,0,0,0,0,0,5,2,35,1,2,7,1,1,3,1,98,1,1,1,98,0,0
29,290514,1,1,4,15,10,21,40,5,0,1,0,29,1,12,401,12401,14,1997,1FMCU24E1VUC,1,F,M,C,U,2,4,E,1,V,U,C,0,P,FORD,EPR,UT,97,17,3931,,0,1017,,G,,F,6,245,,,15R225,,,,,,0,0,000000000,00000000000,0,0,0,1,0,0,0,0,0,0,0,10,0,0,0,0,0,0,1,5,0,0,0,1,29,64744,6,2,0,0,3,2,65,244,0,0,0,0,0,0,0,0,0,0,74,0,0,0,1,2,45,1,1,2,1,0,0,1,98,1,1,1,0,1,0
29,290515,1,1,1,16,10,9,4,1,0,1,0,29,1,22,20,22020,2,1993,1G2WJ14T5PF2,1,G,2,W,J,1,4,T,5,P,F,2,0,P,PONT,GFS,CP,93,17,3105,,0,1075,,G,,F,6,191,,,15R205,,,,,,0,0,000000000,00000000000,0,0,0,1,0,0,0,0,0,0,0,65,0,1,5,0,0,6,2,1,0,0,0,1,29,65109,6,1,0,0,3,0,60,98,1,0,0,0,0,3,2010,3,2010,0,0,0,0,0,1,2,65,3,2,1,1,0,0,14,13,1,1,4,1,1,0
29,290516,1,1,1,17,10,0,15,34,0,1,0,92,0,7,43,7043,4,2001,1B3EJ46U61N5,1,B,3,E,J,4,6,U,6,1,N,5,0,P,DODG,SSE,4D,1,17,3151,,0,1080,,G,,F,6,167,,,15R205,,,,,,0,0,000000000,00000000000,0,0,0,1,0,0,0,0,0,0,0,75,0,1,5,12,0,6,2,1,0,0,0,1,29,63943,6,1,0,0,3,0,68,165,1,0,0,0,0,9,2009,9,2009,1,0,0,0,0,1,2,55,1,5,2,1,0,0,1,6,1,1,4,1,1,1
29,290517,1,2,1,17,10,11,50,12,2,1,0,29,2,7,442,7442,20,1999,2B4GP45GXXR3,2,B,4,G,P,4,5,G,X,X,R,3,0,P,DODG,CAR,SV,99,17,3768,,0,1133,,F,,F,6,201,,,15R215,,,,,,0,0,000000000,00000000000,0,0,0,1,0,0,0,0,0,0,0,998,0,0,0,12,12,6,2,12,0,0,0,1,29,65649,6,1,0,0,3,0,71,240,0,0,0,0,0,0,0,0,0,0,28,0,0,0,1,2,55,1,5,2,1,20,3,10,10,9,1,2,80,1,0
29,290517,2,2,1,17,10,11,50,12,2,1,0,93,3,82,881,82881,66,2004,1FUJBBCGX4LM,1,F,U,J,B,B,C,G,X,4,L,M,1,T,FRHT,ST2,TR,4,17,,8,0,0,CON,D,,,6,774,,,,,00000,00,,64,1,57,194600,57194600,3,6,8,1,0,0,0,0,0,0,0,45,0,0,0,12,12,4,3,12,0,0,0,1,29,64784,6,1,6,3,3,3,70,145,0,0,0,0,0,0,0,0,0,0,0,0,0,0,1,2,55,1,6,2,1,0,0,1,62,6,1,2,81,0,0
29,290518,1,1,1,8,7,16,30,58,0,1,0,29,1,12,481,12481,31,1999,1FTRX18L4XKA,1,F,T,R,X,1,8,L,4,X,K,A,0,T,FORD,F15,4C,99,17,,2,1574,1388,COF,G,,,8,330,,,,B,00000,00,U,44,0,0,000000000,00000000000,0,0,0,1,0,0,0,0,0,0,0,998,0,1,5,14,0,6,2,1,0,0,0,1,29,63072,6,1,6,0,2,0,70,280,1,0,0,1,2,10,2008,3,2011,0,92,0,0,0,1,2,55,2,5,2,1,0,0,14,13,1,1,4,1,1,0
29,290519,1,2,1,30,7,17,15,12,6,1,0,29,1,22,22,22022,4,2008,1G2ZF57B1841,1,G,2,Z,F,5,7,B,1,8,4,1,0,P,PONT,6VB,4D,8,17,3305,,0,1123,,G,,F,4,146,,,16R215,,,,,,0,0,000000000,00000000000,0,0,0,1,0,0,0,0,0,0,0,998,0,0,0,7,7,4,3,12,0,0,0,1,29,63670,6,2,0,0,3,3,66,110,0,0,0,0,0,0,0,0,0,0,0,0,0,0,1,2,60,1,9,4,1,20,3,11,15,1,1,1,82,0,0
29,290519,2,2,2,30,7,17,15,12,6,1,0,92,0,20,442,20442,20,1996,1GNDU06E8TT1,1,G,N,D,U,0,6,E,8,T,T,1,0,P,CHEV,L/M,SV,96,17,3593,,0,1098,,G,,F,6,207,,,15R205,,,,,,0,0,000000000,00000000000,0,0,0,1,0,0,0,0,0,0,0,998,0,0,0,12,12,6,2,12,0,0,0,1,29,63670,6,1,0,0,3,3,65,200,0,0,0,0,0,0,0,0,0,0,0,0,0,0,1,2,55,1,1,2,1,0,0,1,67,9,2,1,83,1,0
29,290520,1,1,1,30,9,6,17,8,0,1,0,29,3,12,870,12870,61,2002,1FDXE45F42HA,1,F,D,X,E,4,5,F,4,2,H,A,0,T,FORD,4DC,YY,2,17,,4,1760,1580,CTV,D,,,8,444,,,,,00000,00,E,42,0,77,777777777,77777777777,2,1,1,1,0,0,0,0,0,0,0,998,0,0,0,12,12,4,3,8,0,0,0,1,17,62002,6,1,0,0,3,0,76,280,1,0,0,0,0,12,2008,12,2008,0,0,0,0,0,1,2,45,1,2,2,1,0,0,1,80,1,1,1,13,0,0
29,290521,1,1,1,4,10,2,9,8,0,1,1,99,9,99,999,99999,99,9999,999999999999,9,9,9,9,9,9,9,9,9,9,9,9,9,,,,,,,,,,,,,,,,,,,,,,,,,0,99,999999999,99999999999,9,99,99,1,0,0,0,0,0,0,0,73,0,0,0,12,12,2,1,8,0,0,0,1,99,99999,9,9,99,9,9,9,999,999,99,99,99,99,99,99,9999,99,9999,1,38,0,0,0,1,4,35,1,1,2,1,0,0,1,80,1,1,1,13,0,0
29,290522,1,1,3,15,10,22,15,18,0,1,0,29,2,20,481,20481,31,2003,1GCEK14X33Z3,1,G,C,E,K,1,4,X,3,3,Z,3,0,T,CHEV,SK1,PK,3,17,,2,1330,1190,SIL,G,,,6,262,,,,B,4676,01,,44,0,0,000000000,00000000000,0,0,0,1,0,0,0,0,0,0,0,67,0,1,6,14,0,6,2,1,0,0,1,1,29,65613,0,0,0,0,0,0,66,110,0,0,0,0,0,0,0,0,0,1,0,0,0,0,1,2,50,1,1,2,1,0,0,1,13,3,4,4,2,3,0
29,290523,1,1,1,24,9,15,0,33,0,1,0,29,2,12,4,12004,2,1995,1FALP62W6SH1,1,F,A,L,P,6,2,W,6,S,H,1,0,P,FORD,THL,2D,95,17,3536,,0,1130,,G,,F,8,281,,,15R205,,,,,,0,0,000000000,00000000000,0,0,0,1,0,0,0,0,0,0,0,998,0,0,0,14,9,6,2,42,0,0,0,1,29,63033,1,1,0,0,2,0,74,220,0,0,0,0,0,0,0,0,0,0,0,0,0,0,1,2,35,3,2,2,1,0,0,14,13,1,1,4,1,1,1
29,290524,1,1,2,2,9,0,22,35,0,1,0,29,1,52,39,52039,3,1994,JA3AM64J9RY0,J,A,3,A,M,6,4,J,9,R,Y,0,0,P,MITS,30S,2H,94,17,3439,,0,972,,G,,F,6,181,,,16R255,,,,,,0,0,000000000,00000000000,0,0,0,1,0,0,0,0,0,0,0,998,0,1,5,14,0,6,2,1,0,0,0,1,29,63026,6,1,0,0,3,0,73,170,0,0,0,0,0,0,0,0,0,1,0,0,0,0,1,2,30,1,1,7,1,20,3,1,67,6,4,4,2,1,1
29,290525,1,2,1,29,9,5,38,12,1,1,0,29,1,23,481,23481,31,1994,1GTGC24K6RE5,1,G,T,G,C,2,4,K,6,R,E,5,0,T,GMC,SC2,PK,94,17,,2,0,1315,SIE,G,,,8,350,,,,C,00000,00,A,42,0,0,000000000,00000000000,0,0,0,1,0,0,0,0,0,0,0,52,0,1,3,6,0,6,2,1,0,0,0,1,29,63435,6,1,0,0,3,0,74,220,0,0,0,0,0,0,0,0,0,0,0,0,0,0,2,2,65,1,1,1,1,0,0,1,53,1,1,1,25,1,0
29,290525,2,2,1,29,9,5,38,12,1,1,0,29,1,12,3,12003,2,2004,1FAFP40684F1,1,F,A,F,P,4,0,6,8,4,F,1,0,P,FORD,MUS,CP,4,17,3114,,0,1013,,G,,F,6,238,,,16R225,,,,,,0,0,000000000,00000000000,0,0,0,1,0,0,0,0,0,0,0,72,0,0,0,12,12,6,2,12,0,0,0,1,29,63440,6,1,0,0,3,3,74,170,0,0,0,0,0,0,0,0,0,0,26,0,0,0,2,2,65,1,1,1,1,0,0,1,51,1,1,1,24,0,0
29,290526,1,1,1,30,9,22,7,9,0,1,1,29,1,20,403,20403,14,2006,1GNET16SX661,1,G,N,E,T,1,6,S,X,6,6,1,0,P,CHEV,TRL,UT,6,17,4954,,0,1290,,G,,F,6,256,,,17R245,,,,,,0,0,000000000,00000000000,0,0,0,1,0,0,0,0,0,0,0,998,0,0,0,12,12,2,1,9,0,0,0,1,29,64057,6,1,0,0,3,0,73,165,0,0,0,0,0,0,0,0,0,0,0,0,0,0,5,4,40,1,1,2,1,0,0,1,13,1,1,4,13,0,0
29,290527,1,2,1,5,10,18,10,12,1,1,0,92,0,82,881,82881,66,1995,1FUYDZYB0SP5,1,F,U,Y,D,Z,Y,B,0,S,P,5,0,T,FRHT,FLD,TR,95,17,,8,0,0,CON,D,,,6,774,,,,,00000,00,,64,0,57,1237997,571237997,3,5,96,1,0,0,0,0,0,0,0,15,0,0,0,6,6,2,1,12,0,0,0,1,29,63386,6,1,6,1,3,0,70,150,1,0,0,0,0,6,2009,6,2009,0,0,0,0,0,2,4,55,2,1,2,1,0,0,2,53,2,1,5,29,0,0
29,290527,2,2,1,5,10,18,10,12,1,1,0,29,1,19,5,19005,2,1996,1G6ET1292TU6,1,G,6,E,T,1,2,9,2,T,U,6,0,P,CADI,ETC,CP,96,17,3818,,0,1080,,G,,F,8,279,,,16R225,,,,,,0,0,000000000,00000000000,0,0,0,1,0,0,0,0,0,0,0,55,0,0,0,12,12,6,2,12,0,0,0,1,29,63303,6,1,0,0,3,0,68,200,0,0,0,0,0,0,0,0,0,0,28,0,0,0,2,4,55,2,1,2,1,0,0,2,52,2,1,5,28,1,0
29,290528,1,1,1,8,10,18,48,1,0,1,0,29,1,72,706,72706,80,2009,1HD1HPH189K8,1,H,D,1,H,P,H,1,8,9,K,8,0,M,HD,VRF,RS,9,17,,,,,,,1250,,2,,4,673,,,,,,,0,0,000000000,00000000000,0,0,0,1,0,0,0,0,0,0,0,65,0,0,0,0,0,6,2,1,0,0,0,1,29,63436,2,1,0,0,2,0,70,140,0,0,0,0,0,0,0,0,0,0,0,0,0,0,2,2,65,2,5,2,1,0,0,14,12,1,1,4,6,1,1
29,290529,1,1,1,12,10,13,15,33,0,1,0,29,1,12,442,12442,20,2001,2FMZA53411BA,2,F,M,Z,A,5,3,4,1,1,B,A,0,T,FORD,WSL,ES,1,17,,1,0,1207,WIN,G,,,6,232,,,,B,4281,00,E,42,0,0,000000000,00000000000,0,0,0,1,0,0,0,0,0,0,0,50,0,0,0,14,0,6,2,2,0,0,1,1,29,63362,6,1,0,0,3,3,65,115,2,0,0,0,0,10,2008,9,2011,1,0,0,0,0,1,2,99,3,5,2,1,0,0,14,12,3,1,4,6,1,0
29,290530,1,1,1,13,10,18,40,35,0,1,0,29,2,12,401,12401,14,1994,1FMCU24X8RUC,1,F,M,C,U,2,4,X,8,R,U,C,0,P,FORD,EPR,UT,94,17,3844,,0,1020,,G,,F,6,245,,,15R225,,,,,,0,0,000000000,00000000000,0,0,0,1,0,0,0,0,0,0,0,55,0,1,5,12,0,6,2,1,0,0,0,1,29,64633,6,1,0,0,3,0,66,175,1,0,0,0,1,9,2011,10,2011,0,0,0,0,0,1,2,55,2,6,2,1,0,0,14,10,1,1,4,6,1,0
29,290531,1,2,2,21,10,17,49,12,2,1,0,29,2,52,37,52037,1,2007,4A3AL25FX7E0,4,A,3,A,L,2,5,F,X,7,E,0,0,P,MITS,SGS,CV,7,17,3472,,0,1014,,G,,F,4,145,,,17R225,,,,,,0,0,000000000,00000000000,0,0,0,1,0,0,0,0,0,0,0,14,0,0,0,12,12,6,2,12,0,0,0,1,29,64740,6,1,0,0,3,3,66,115,0,0,0,0,0,0,0,0,0,0,28,0,0,0,1,2,55,1,1,2,1,0,0,2,10,1,1,2,50,0,0
29,290531,2,2,2,21,10,17,49,12,2,1,0,29,1,7,482,7482,31,2005,3D7KS28D35G8,3,D,7,K,S,2,8,D,3,5,G,8,0,T,DODG,SQ2,CW,5,17,,2,1605,1405,RPC,G,,,8,348,,,,C,5886,12,E,44,0,0,000000000,00000000000,0,0,0,1,0,0,0,0,0,0,0,54,0,1,1,12,12,6,2,12,0,0,0,1,29,64752,6,1,0,0,3,3,80,285,0,0,0,0,0,0,0,0,0,0,0,0,0,0,1,2,55,1,1,2,1,0,0,1,62,1,1,1,51,2,0
29,290532,1,1,1,21,10,21,0,59,0,1,0,20,2,6,43,6043,1,2006,1C3EL75RX6N2,1,C,3,E,L,7,5,R,X,6,N,2,0,P,CHRY,STC,CV,6,17,3275,,0,1060,,G,,F,6,165,,,16R205,,,,,,0,0,000000000,00000000000,0,0,0,1,0,0,0,0,0,0,0,75,0,0,0,12,9,6,2,42,0,0,0,1,20,66211,6,1,0,0,3,0,70,150,1,0,0,0,3,2,2009,2,2011,0,0,0,0,0,2,3,70,3,1,2,1,0,0,14,13,1,1,4,1,1,1
29,290533,1,2,2,21,10,19,22,12,2,1,0,29,1,12,16,12016,4,2005,2FAFP71W65X1,2,F,A,F,P,7,1,W,6,5,X,1,0,P,FORD,CVP,4D,5,17,0,,0,1147,,G,,F,8,281,,,16R225,,,,,,0,0,000000000,00000000000,0,0,0,1,0,0,0,0,0,0,0,45,0,0,0,12,12,6,2,12,0,0,0,1,29,63074,6,1,0,0,3,0,71,160,0,0,0,0,0,0,0,0,0,0,38,0,0,0,5,2,45,1,1,2,1,2,3,11,15,9,1,1,82,0,0
29,290533,2,2,1,21,10,19,22,12,2,1,0,29,2,55,36,55036,3,2005,KMHCG35C75U3,K,M,H,C,G,3,5,C,7,5,U,3,0,P,HYUN,AGS,2H,5,17,2280,,0,961,,G,,F,4,098,,,13R175,,,,,,0,0,000000000,00000000000,0,0,0,1,0,0,0,0,0,0,0,45,0,0,0,12,12,6,2,12,0,0,0,1,29,63021,6,1,0,0,3,3,69,156,2,0,0,0,2,7,2009,5,2011,0,0,0,0,0,5,2,45,1,1,2,1,2,3,1,62,1,1,1,83,1,0
29,290534,1,1,1,23,10,22,9,58,0,1,0,29,2,20,481,20481,31,1990,2GCEC14K7L11,2,G,C,E,C,1,4,K,7,L,1,1,0,T,CHEV,GC1,PK,90,17,,2,1415,1175,GM4,G,,,8,350,,,,B,3717,07,,42,0,0,000000000,00000000000,0,0,0,1,0,0,0,0,0,0,0,55,0,1,5,12,12,6,2,1,0,0,0,1,29,64755,2,1,0,0,2,0,63,125,0,2,0,0,0,1,2011,5,2011,0,0,0,0,0,1,2,55,1,1,2,1,0,0,1,13,1,1,4,1,1,0
29,290535,1,1,5,2,7,19,5,42,0,1,0,92,0,20,481,20481,31,2004,2GCEK13T2413,2,G,C,E,K,1,3,T,2,4,1,3,0,T,CHEV,SK1,CW,4,17,,2,0,1435,SIL,G,,,8,323,,,,B,5244,00,,44,0,0,000000000,00000000000,0,0,0,1,0,0,0,0,0,0,0,998,0,0,0,12,12,6,2,42,0,0,0,1,29,64801,6,1,0,0,3,3,74,200,0,0,0,0,0,0,0,0,0,0,0,0,0,0,1,2,25,2,1,2,1,0,0,14,12,1,1,4,6,1,1
29,290536,1,1,2,2,8,10,0,42,0,1,0,29,0,7,442,7442,20,2011,2D4RN4DG0BR6,2,D,4,R,N,4,D,G,0,B,R,6,0,P,DODG,CAR,SV,11,17,4510,,0,1212,,F,,F,6,220,,,16R235,,,,,,0,0,000000000,00000000000,0,0,0,1,0,0,0,0,0,0,0,998,0,0,0,12,12,6,2,42,0,0,0,1,29,65668,6,1,0,0,3,0,78,205,0,0,0,0,0,0,0,0,0,1,0,0,0,0,1,2,55,3,6,2,1,0,0,14,13,1,1,4,1,1,0
29,290537,1,1,2,21,10,15,30,30,0,1,0,29,1,24,2,24002,2,1999,1G8ZH1274XZ1,1,G,8,Z,H,1,2,7,4,X,Z,1,0,P,STRN,SC2,CP,99,17,2419,,0,1024,,G,,F,4,116,,,15R195,,,,,,0,0,000000000,00000000000,0,0,0,1,0,0,0,0,0,0,0,998,0,0,0,12,12,6,2,30,0,0,0,1,29,63146,6,1,0,0,3,0,999,999,0,0,0,0,0,0,0,0,0,0,0,0,0,0,3,2,40,3,1,2,1,0,0,14,13,1,1,4,1,1,0
29,290538,1,1,1,26,10,6,15,8,0,1,0,29,1,49,40,49040,4,1995,4T1SK12E5SU5,4,T,1,S,K,1,2,E,5,S,U,5,0,P,TOYT,CLE,4D,95,17,3086,,0,1031,,G,,F,4,132,,,14R195,,,,,,0,0,000000000,00000000000,0,0,0,1,0,0,0,0,0,0,0,50,0,0,0,12,12,4,1,8,0,0,0,1,29,63028,6,1,0,0,3,0,74,255,0,0,0,0,0,0,0,0,0,0,0,0,0,0,1,2,55,3,6,1,1,0,0,14,80,8,1,1,13,0,0
29,290539,1,1,2,28,10,12,20,35,0,1,0,29,1,24,401,24401,14,2007,5GZCZ63427S8,5,G,Z,C,Z,6,3,4,2,7,S,8,0,P,STRN,VUE,UT,7,17,3668,,0,1066,,G,,F,6,214,,,16R235,,,,,,0,0,000000000,00000000000,0,0,0,1,0,0,0,0,0,0,0,998,0,0,0,14,12,6,2,34,0,0,0,1,29,64078,6,1,0,0,3,0,68,170,0,0,0,0,0,0,0,0,0,0,0,0,0,0,1,2,35,1,1,1,1,0,0,1,13,1,1,4,1,1,0
29,290540,1,2,1,11,9,14,9,12,6,1,0,29,1,7,472,7472,30,2002,1B7HG38N42S7,1,B,7,H,G,3,8,N,4,2,S,7,0,T,DODG,DSQ,CW,2,17,,2,0,1309,DAK,G,,,8,287,,,,B,4353,00,E,44,0,0,000000000,00000000000,0,0,0,1,0,0,0,0,0,0,0,45,0,0,0,10,10,6,2,12,0,0,0,1,29,65803,6,1,0,0,3,3,69,170,0,0,0,0,0,0,0,0,0,0,0,0,0,0,1,2,55,1,1,2,1,0,0,1,62,7,1,4,65,1,0
29,290540,2,2,1,11,9,14,9,12,6,1,0,29,1,7,442,7442,20,1999,1B4GP44LXXB8,1,B,4,G,P,4,4,L,X,X,B,8,0,T,DODG,GSS,ES,99,17,,1,0,1193,CAR,G,,,6,230,,,,,3856,00,E,42,0,0,000000000,00000000000,0,0,0,1,0,0,0,0,0,0,0,55,0,0,0,12,10,6,2,12,0,0,0,1,29,65803,1,1,0,0,2,0,69,130,2,1,0,2,0,4,2009,12,2010,0,28,0,0,0,1,2,55,1,1,2,1,0,0,1,10,1,1,4,64,1,0
29,290541,1,2,1,18,9,21,54,12,2,1,0,92,0,35,39,35039,4,1995,JN1CA21D3ST0,J,N,1,C,A,2,1,D,3,S,T,0,0,P,NISS,MGS,4D,95,17,2886,,0,1063,,G,,F,6,182,,,15R215,,,,,,0,0,000000000,00000000000,0,0,0,1,0,0,0,0,0,0,0,998,0,0,0,12,12,6,2,12,0,0,0,1,29,63033,6,1,0,0,3,0,74,260,0,0,0,1,0,5,2010,5,2010,0,28,0,0,0,5,4,45,1,1,2,2,0,0,1,10,1,1,2,50,1,0
29,290541,2,2,1,18,9,21,54,12,2,1,0,29,1,12,422,12422,15,1998,1FMEU18W3WLA,1,F,M,E,U,1,8,W,3,W,L,A,0,P,FORD,EPT,UT,98,17,5177,,0,1190,,G,,F,8,281,,,16R255,,,,,,0,0,000000000,00000000000,0,0,0,1,0,0,0,0,0,0,0,998,0,0,0,12,12,6,2,12,0,0,0,1,29,63034,6,1,0,0,3,0,73,235,0,0,0,0,0,0,0,0,0,0,0,0,0,0,5,4,45,1,1,2,2,0,0,1,62,1,1,1,51,0,0
29,290542,1,4,1,27,9,16,23,12,1,1,0,92,0,7,850,7850,73,1976,M40CA5514345,M,4,0,C,A,5,5,1,4,3,4,5,0,T,DODG,M40,MH,76,13,,3,1780,1250,MHC,G,,,8,440,,,,,3765,01,,42,0,0,000000000,00000000000,0,0,0,1,0,0,0,0,0,0,0,55,0,0,0,12,12,6,2,12,0,0,0,1,29,63123,6,1,0,0,3,3,69,158,0,0,0,0,0,0,0,0,0,1,0,0,0,0,2,3,50,1,6,2,1,1,3,15,50,1,1,2,20,0,0
29,290542,2,4,2,27,9,16,23,12,1,1,0,29,2,37,31,37031,4,2009,2HGFA55519H7,2,H,G,F,A,5,5,5,1,9,H,7,0,P,HOND,UCS,4D,9,17,2959,,0,0,,G,,F,4,122,,,000000,,,,,,0,0,000000000,00000000000,0,0,0,1,0,0,0,0,0,0,0,0,0,0,0,6,6,4,1,12,0,0,0,1,29,63026,6,1,0,0,3,0,72,265,0,0,0,0,0,0,0,0,0,0,0,0,0,0,2,3,50,1,6,2,1,1,3,5,53,1,1,1,21,0,0
29,290542,3,4,1,27,9,16,23,12,1,1,0,29,2,12,471,12471,30,2004,1FTYR44U84PB,1,F,T,Y,R,4,4,U,8,4,P,B,0,T,FORD,RNS,4C,4,17,,1,0,1257,RNG,G,,,6,182,,,,B,3945,00,U,42,0,0,000000000,00000000000,0,0,0,1,0,0,0,0,0,0,0,0,0,0,0,9,9,4,1,12,0,0,0,1,29,63026,6,1,0,0,3,0,63,125,0,0,0,0,0,0,0,0,0,0,0,0,0,0,2,3,50,1,6,2,1,1,3,5,53,1,1,1,98,0,0
29,290542,4,4,1,27,9,16,23,12,1,1,0,92,0,76,709,76709,80,2007,JYARJ12E07A0,J,Y,A,R,J,1,2,E,0,7,A,0,0,M,YAMA,R6L,RC,7,17,,,,,,,599,,4,,4,357,,,,,,,0,0,000000000,00000000000,0,0,0,1,0,0,0,0,0,0,0,0,0,0,0,6,6,6,2,54,0,0,0,1,29,63031,6,1,0,0,3,0,72,200,1,0,0,1,2,7,2010,9,2011,0,0,0,0,0,2,3,50,1,6,2,1,1,3,5,53,1,1,1,98,1,0