STATE,ST_CASE,VEH_NO,VE_FORMS,NUMOCCS,DAY,MONTH,HOUR,MINUTE,HARM_EV,MAN_COLL,UNITTYPE,HIT_RUN,REG_STAT,OWNER,MAKE,MODEL,MAK_MOD,BODY_TYP,MOD_YEAR,VIN,VIN_1,VIN_2,VIN_3,VIN_4,VIN_5,VIN_6,VIN_7,VIN_8,VIN_9,VIN_10,VIN_11,VIN_12,TOW_VEH,VINTYPE,VINMAKE,VINA_MOD,VIN_BT,VINMODYR,VIN_LNGT,VIN_WGT,WGTCD_TR,WHLBS_LG,WHLBS_SH,SER_TR,FUELCODE,MCYCL_DS,CARBUR,CYLINDER,DISPLACE,MCYCL_CY,MCYCL_WT,TIRE_SZE,TON_RAT,TRK_WT,TRKWTVAR,VIN_REST,WHLDRWHL,J_KNIFE,MCARR_I1,MCARR_I2,MCARR_ID,GVWR,V_CONFIG,CARGO_BT,HAZ_INV,HAZ_PLAC,HAZ_ID,HAZ_CNO,HAZ_REL,BUS_USE,SPEC_USE,EMER_USE,TRAV_SP,UNDERIDE,ROLLOVER,ROLINLOC,IMPACT1,IMPACT2,DEFORMED,TOWED,M_HARM,VEH_SC1,VEH_SC2,FIRE_EXP,DR_PRES,L_STATE,DR_ZIP,L_STATUS,L_TYPE,CDL_STAT,L_ENDORS,L_COMPL,L_RESTRI,DR_HGT,DR_WGT,PREV_ACC,PREV_SUS,PREV_DWI,PREV_SPD,PREV_OTH,FIRST_MO,FIRST_YR,LAST_MO,LAST_YR,SPEEDREL,DR_SF1,DR_SF2,DR_SF3,DR_SF4,VTRAFWAY,VNUM_LAN,VSPD_LIM,VALIGN,VPROFILE,VPAVETYP,VSURCOND,VTRAFCON,VTCONT_F,P_CRASH1,P_CRASH2,P_CRASH3,PCRASH4,PCRASH5,ACC_TYPE,DEATHS,DR_DRINK
29,290543,1,2,1,7,10,10,59,33,0,1,0,29,2,14,6,14006,4,2003,2MEFM75W73X7,2,M,E,F,M,7,5,W,7,3,X,7,0,P,MERC,MGL,4D,3,17,3958,,0,1147,,G,,F,8,281,,,16R225,,,,,,0,0,000000000,00000000000,0,0,0,1,0,0,0,0,0,0,0,50,0,0,0,14,12,6,2,46,0,0,0,1,29,64119,6,1,0,0,3,0,68,250,0,0,0,0,0,0,0,0,0,0,0,0,0,0,2,3,45,1,1,2,1,1,3,1,12,1,1,4,6,1,0
29,290543,2,2,1,7,10,10,59,33,0,1,0,20,3,85,881,85881,63,2001,2NKMHD7X31M8,2,N,K,M,H,D,7,X,3,1,M,8,0,T,KW,T30,CC,1,17,,7,2800,1450,CON,D,,,6,439,,,,,00000,00,,42,0,57,1871818,571871818,3,1,3,1,0,0,0,0,0,0,0,0,0,0,0,7,7,2,1,12,0,0,0,1,20,66086,6,1,6,3,3,0,73,245,0,0,0,0,0,0,0,0,0,0,0,0,0,0,2,3,45,1,1,2,1,1,3,5,53,1,1,1,98,0,0
29,290544,1,1,1,27,10,6,50,42,0,1,0,29,2,7,20,7020,4,2005,1B3ES66S35D2,1,B,3,E,S,6,6,S,3,5,D,2,0,P,DODG,NR4,4D,5,17,2869,,0,1040,,G,,T,4,146,,,15R185,,,,,,0,0,000000000,00000000000,0,0,0,1,0,0,0,0,0,0,0,55,0,0,0,1,1,6,2,42,0,0,0,1,29,63630,6,1,0,0,3,0,66,130,1,0,0,1,0,8,2010,10,2011,0,58,0,0,0,1,2,55,2,6,2,1,0,0,14,10,8,4,4,7,1,0
29,290545,1,1,1,31,10,18,40,34,0,1,0,29,1,20,2,20002,4,2009,2G1WT57N4911,2,G,1,W,T,5,7,N,4,9,1,1,0,P,CHEV,ILT,4D,9,17,3555,,0,1105,,G,,F,6,214,,,16R225,,,,,,0,0,000000000,00000000000,0,0,0,1,0,0,0,0,0,0,0,60,0,1,5,12,0,6,2,1,0,0,0,1,29,64011,6,1,0,0,3,3,68,195,0,0,0,0,0,0,0,0,0,1,0,0,0,0,1,2,50,1,6,4,1,0,0,1,10,1,4,4,7,1,0
29,290546,1,1,5,26,8,22,52,8,0,1,0,29,2,6,54,6054,6,2005,2C4GF68465R3,2,C,4,G,F,6,8,4,6,5,R,3,0,P,CHRY,PIF,UT,5,17,4547,,0,1160,,G,,F,6,214,,,17R235,,,,,,0,0,000000000,00000000000,0,0,0,1,0,0,0,0,0,0,0,998,0,0,0,12,12,2,1,8,0,0,0,1,29,64034,6,1,0,0,3,0,67,180,0,0,0,0,0,0,0,0,0,0,0,0,0,0,2,2,60,1,1,2,1,0,0,1,80,99,1,1,13,0,0
29,290547,1,1,4,3,9,2,17,53,0,1,0,29,2,35,401,35401,14,2000,JN8AR07Y3YW4,J,N,8,A,R,0,7,Y,3,Y,W,4,0,P,NISS,PFI,UT,0,17,3977,,0,1063,,G,,F,6,201,,,16R255,,,,,,0,0,000000000,00000000000,0,0,0,1,0,0,0,0,0,0,0,45,0,1,5,12,0,6,2,1,0,0,0,1,29,65203,6,1,0,0,3,0,62,143,2,0,0,0,0,10,2010,4,2011,1,0,0,0,0,1,2,30,1,1,2,1,0,0,1,13,3,2,4,2,2,1
29,290548,1,1,1,8,10,22,50,1,0,1,0,29,1,35,473,35473,31,2004,1N6AA06B84N5,1,N,6,A,A,0,6,B,8,4,N,5,0,T,NISS,TXS,PC,4,17,,2,0,1398,TTN,G,,,8,342,,,,C,4833,03,E,44,0,0,000000000,00000000000,0,0,0,1,0,0,0,0,0,0,0,75,0,1,5,0,0,6,2,1,0,0,0,1,29,63031,6,1,0,0,3,3,74,300,0,0,0,0,0,0,0,0,0,0,58,0,0,0,2,2,60,2,1,2,1,0,0,14,12,7,1,4,1,1,1
29,290549,1,1,1,11,10,0,45,42,0,1,0,29,1,20,481,20481,31,1994,2GCEC19K5R11,2,G,C,E,C,1,9,K,5,R,1,1,0,T,CHEV,GC1,PC,94,17,,2,1555,1415,GM4,G,,,8,350,,,,B,4110,01,,42,0,0,000000000,00000000000,0,0,0,1,0,0,0,0,0,0,0,50,0,0,0,12,12,6,2,42,0,0,0,1,29,63474,6,1,0,0,3,0,64,180,0,0,0,0,0,0,0,0,0,1,0,0,0,0,1,2,25,2,6,4,1,0,0,14,12,1,1,4,6,1,1
29,290550,1,1,12,20,10,17,50,53,0,1,0,29,2,7,482,7482,31,2002,1D7HA16K32J2,1,D,7,H,A,1,6,K,3,2,J,2,0,T,DODG,150,PK,2,17,,2,1405,1205,RPC,G,,,6,225,,,,B,4366,01,E,42,0,0,000000000,00000000000,0,0,0,1,0,0,0,0,0,0,0,54,0,1,1,10,0,6,2,1,0,0,0,1,29,65265,6,1,0,0,3,0,73,162,0,0,0,0,0,0,0,0,0,1,92,0,0,0,1,2,50,1,1,4,1,0,0,1,12,7,3,4,7,1,0
29,290551,1,2,1,22,10,14,15,1,0,1,0,92,0,73,705,73705,80,2002,JKAZX4J102A0,J,K,A,Z,X,4,J,1,0,2,A,0,0,M,KAWK,ZXJ,RC,2,17,,,,,,,600,,4,,4,377,,,,,,,0,0,000000000,00000000000,0,0,0,1,0,0,0,0,0,0,0,60,0,0,0,0,0,6,2,12,0,0,0,1,29,65685,6,1,0,0,3,0,72,155,0,0,0,0,0,0,0,0,0,1,0,0,0,0,1,2,55,1,1,2,1,0,0,1,51,8,2,1,98,1,0
29,290551,2,2,1,22,10,14,15,1,0,1,0,29,1,20,25,20025,4,2012,1G1PJ5SCXC71,1,G,1,P,J,5,S,C,X,C,7,1,0,P,CHEV,CEO,4D,12,17,3009,,0,1057,,G,,T,4,085,,,17R215,,,,,,0,0,000000000,00000000000,0,0,0,1,0,0,0,0,0,0,0,20,0,0,0,6,6,4,3,12,0,0,0,1,29,65613,6,1,0,0,3,0,66,142,0,0,0,0,0,0,0,0,0,0,0,0,0,0,1,2,55,1,1,2,1,0,0,3,53,1,1,1,98,0,0
29,290552,1,2,1,27,10,16,29,35,0,1,0,47,3,82,881,82881,66,2005,1FUJBBCG35LU,1,F,U,J,B,B,C,G,3,5,L,U,1,T,FRHT,ST2,TR,5,17,,8,0,0,CON,D,,,6,774,,,,,00000,00,,64,1,57,01070649,5701070649,3,6,3,1,0,0,0,0,0,0,0,70,0,0,0,12,12,6,2,2,0,0,1,1,47,38315,6,1,6,3,3,0,67,178,0,0,0,1,0,6,2011,6,2011,9,0,0,0,0,2,2,70,1,2,2,1,0,0,1,13,1,1,4,1,1,0
29,290552,2,2,1,27,10,16,29,35,0,1,0,29,1,12,481,12481,31,2003,1FTRF17203KB,1,F,T,R,F,1,7,2,0,3,K,B,0,T,FORD,F15,PK,3,17,,2,1385,1199,COF,G,,,6,256,,,,B,4060,00,U,42,0,0,000000000,00000000000,0,0,0,1,0,0,0,0,0,0,0,70,0,0,0,12,12,2,1,57,0,0,0,1,29,65536,6,1,6,0,3,0,73,225,0,0,0,0,0,0,0,0,0,0,0,0,0,0,3,2,70,1,2,2,1,0,0,1,90,8,1,4,98,0,0
29,290553,1,1,1,29,10,1,15,34,0,1,0,29,1,7,482,7482,31,1995,3B7KF23Z8SM1,3,B,7,K,F,2,3,Z,8,S,M,1,0,T,DODG,250,PC,95,17,,2,1547,1387,RPC,G,,,8,360,,,,C,5038,01,M,44,0,0,000000000,00000000000,0,0,0,1,0,0,0,0,0,0,0,70,0,1,5,14,0,6,2,1,0,0,0,1,29,65746,6,1,0,0,3,3,63,180,1,0,0,1,1,7,2011,9,2011,1,0,0,0,0,1,2,55,3,2,2,1,0,0,14,6,1,4,4,7,1,1
29,290554,1,1,7,29,10,2,15,1,0,1,0,92,0,20,481,20481,31,2005,1GCHK23U55F9,1,G,C,H,K,2,3,U,5,5,F,9,0,T,CHEV,2KH,CW,5,17,,2,1670,1530,SIL,G,,,8,366,,,,C,6056,03,,44,0,0,000000000,00000000000,0,0,0,1,0,0,0,0,0,0,0,77,0,1,1,0,0,6,2,1,0,0,0,1,29,64461,6,1,0,0,3,0,70,145,0,0,0,0,0,0,0,0,0,1,58,0,0,0,1,2,55,4,2,2,1,0,0,14,13,6,1,6,98,3,1
29,290555,1,1,1,31,10,19,45,1,0,1,0,92,0,72,706,72706,80,2003,1HD1FCW113Y6,1,H,D,1,F,C,W,1,1,3,Y,6,0,M,HD,FLU,RS,3,17,,,,,,,1450,,2,,4,788,,,,,,,0,0,000000000,00000000000,0,0,0,1,0,0,0,0,0,0,0,55,0,0,0,0,0,6,2,1,0,0,0,1,29,63631,6,1,0,0,3,0,75,200,0,0,0,0,0,0,0,0,0,1,0,0,0,0,1,2,55,3,6,2,1,0,0,14,13,1,1,4,1,1,0
29,290556,1,1,2,1,11,14,30,35,0,1,0,29,1,12,481,12481,31,1998,1FTZX18W0WKC,1,F,T,Z,X,1,8,W,0,W,K,C,0,T,FORD,F15,3C,98,17,,1,1570,1390,COF,G,,,8,281,,,,B,4480,01,E,44,0,0,000000000,00000000000,0,0,0,1,0,0,0,0,0,0,0,55,0,1,5,5,0,6,2,1,0,0,0,1,29,64085,6,1,0,0,3,0,70,200,0,0,0,2,0,12,2009,5,2011,0,0,0,0,0,1,2,55,1,1,2,1,0,0,1,13,1,1,4,1,1,1
29,290557,1,2,3,2,11,15,15,12,2,1,0,29,1,23,431,23431,16,2002,1GKFK16Z12J1,1,G,K,F,K,1,6,Z,1,2,J,1,0,T,GMC,KX1,4W,2,17,,2,0,1300,YUK,F,,,8,325,,,,B,5224,00,K,44,0,0,000000000,00000000000,0,0,0,1,0,0,0,0,0,0,0,55,0,1,5,12,12,6,2,1,0,0,0,1,29,65536,6,1,6,0,3,3,62,118,0,0,0,0,0,0,0,0,0,0,0,0,0,0,1,2,55,1,3,2,1,0,0,1,62,1,1,1,51,0,0
29,290557,2,2,1,2,11,15,15,12,2,1,0,29,1,14,17,14017,4,2002,1MEFM50U52A6,1,M,E,F,M,5,0,U,5,2,A,6,0,P,MERC,SGP,4D,2,17,3379,,0,1085,,G,,F,6,182,,,16R215,,,,,,0,0,000000000,00000000000,0,0,0,1,0,0,0,0,0,0,0,55,0,0,0,12,12,6,2,12,0,0,0,1,29,65536,6,1,0,0,3,3,63,165,0,0,0,1,0,2,2011,2,2011,0,0,0,0,0,1,2,55,1,3,2,1,0,0,1,10,1,1,2,50,1,0
29,290558,1,2,1,4,11,10,25,12,6,1,0,93,3,82,881,82881,66,2006,1FUJA6CK36LV,1,F,U,J,A,6,C,K,3,6,L,V,1,T,FRHT,COL,TR,6,17,,8,0,0,CON,D,,,6,855,,,,,00000,00,,64,1,57,646846,57646846,3,6,3,1,0,0,0,0,0,0,0,6,0,0,0,12,12,6,2,12,0,0,0,1,19,52568,6,1,6,0,3,0,70,160,1,0,0,0,0,7,2010,7,2010,0,0,0,0,0,1,2,55,1,1,2,1,20,3,1,17,1,1,1,88,0,0
29,290558,2,2,2,4,11,10,25,12,6,1,0,29,2,21,21,21021,4,2003,1G3NL52F13C1,1,G,3,N,L,5,2,F,1,3,C,1,0,P,OLDS,A/G,4D,3,17,3016,,0,1070,,G,,F,4,134,,,15R215,,,,,,0,0,000000000,00000000000,0,0,0,1,0,0,0,0,0,0,0,45,0,0,0,10,10,6,2,12,0,0,0,1,29,64466,6,1,0,0,3,0,71,180,0,0,0,0,0,0,0,0,0,0,0,0,0,0,1,2,55,1,1,2,1,0,0,1,66,7,1,1,89,1,0
29,290559,1,1,1,23,7,1,24,35,0,1,0,29,1,7,20,7020,4,2005,1B3ES66S35D1,1,B,3,E,S,6,6,S,3,5,D,1,0,P,DODG,NR4,4D,5,17,2869,,0,1040,,G,,T,4,146,,,15R185,,,,,,0,0,000000000,00000000000,0,0,0,1,0,0,0,0,0,0,0,999,0,1,5,14,0,6,2,1,0,0,0,1,29,63069,2,1,0,0,2,0,68,190,0,2,0,0,0,11,2010,3,2011,1,0,0,0,0,1,2,55,2,6,2,1,0,0,14,13,1,1,4,1,1,1
29,290560,1,1,2,24,8,12,56,5,0,1,0,29,1,12,471,12471,30,2002,1FTZR45E52PA,1,F,T,Z,R,4,5,E,5,2,P,A,0,T,FORD,RNS,4C,2,17,,1,0,1259,RNG,G,,,6,245,,,,B,3760,03,E,44,0,0,000000000,00000000000,0,0,0,1,0,0,0,0,0,0,0,998,0,0,0,0,0,0,1,5,0,0,0,1,29,64014,6,1,0,0,3,3,68,170,0,0,0,1,0,3,2010,3,2010,0,0,0,0,0,1,2,25,1,1,2,1,0,0,1,98,1,1,1,0,1,0
29,290561,1,1,1,22,9,18,1,33,0,1,0,29,1,37,35,37035,1,2002,JHMAP11442T0,J,H,M,A,P,1,1,4,4,2,T,0,0,P,HOND,S20,CV,2,17,2810,,0,945,,G,,F,4,122,,,16R205,,,,,,0,0,000000000,00000000000,0,0,0,1,0,0,0,0,0,0,0,77,0,1,5,14,0,6,2,1,0,0,0,1,29,64134,6,1,0,0,3,0,66,160,0,0,0,0,0,0,0,0,0,1,0,0,0,0,3,2,50,1,2,2,1,0,0,1,13,3,3,4,2,1,1
29,290562,1,2,2,26,9,15,9,12,2,1,0,29,2,37,421,37421,15,2003,2HKYF18633H5,2,H,K,Y,F,1,8,6,3,3,H,5,0,P,HOND,PIL,UT,3,17,4439,,0,1063,,G,,F,6,212,,,16R235,,,,,,0,0,000000000,00000000000,0,0,0,1,0,0,0,0,0,0,0,40,0,0,0,12,12,6,2,12,0,0,0,1,29,64163,6,2,0,0,3,3,65,125,0,0,0,0,0,0,0,0,0,0,28,58,0,0,1,2,45,1,1,2,1,0,0,1,10,6,2,2,50,0,0
29,290562,2,2,2,26,9,15,9,12,2,1,0,29,1,35,47,35047,4,2006,1N4AL11D56N3,1,N,4,A,L,1,1,D,5,6,N,3,0,P,NISS,ASL,4D,6,17,2915,,0,1102,,G,,F,4,153,,,16R215,,,,,,0,0,000000000,00000000000,0,0,0,1,0,0,0,0,0,0,0,40,0,0,0,12,12,6,2,12,0,0,0,1,29,64018,6,1,0,0,3,3,63,115,0,0,0,1,0,6,2011,6,2011,0,0,0,0,0,1,2,45,1,1,2,1,0,0,1,62,1,1,1,51,1,0
29,290563,1,1,1,28,9,4,1,33,0,1,0,29,2,37,32,37032,4,1995,JHMCD563XSC0,J,H,M,C,D,5,6,3,X,S,C,0,0,P,HOND,ALX,4D,95,17,2809,,0,1069,,G,,F,4,132,,,14R185,,,,,,0,0,000000000,00000000000,0,0,0,1,0,0,0,0,0,0,0,998,0,0,0,3,3,6,2,42,0,0,0,1,29,64152,1,1,0,0,2,0,70,155,0,1,0,0,0,8,2011,8,2011,1,58,79,0,0,1,4,35,3,2,2,2,0,0,14,13,7,4,4,2,1,0
29,290564,1,1,1,30,9,1,39,1,0,1,0,29,2,73,705,73705,80,2006,JKBZXJC136A0,J,K,B,Z,X,J,C,1,3,6,A,0,0,M,KAWK,X63,RC,6,17,,,,,,,636,,4,,4,362,,,,,,,0,0,000000000,00000000000,0,0,0,1,0,0,0,0,0,0,0,999,0,0,0,0,0,6,2,33,0,0,0,1,29,65616,6,1,0,0,3,3,70,140,1,0,0,1,1,9,2010,9,2011,1,35,0,0,0,1,2,35,3,1,2,1,0,0,15,98,3,1,2,98,1,0
29,290566,1,3,2,8,10,16,20,57,0,1,0,92,0,35,39,35039,4,2000,JN1CA31A6YT2,J,N,1,C,A,3,1,A,6,Y,T,2,0,P,NISS,MGS,4D,0,17,3071,,0,1083,,G,,F,6,182,,,15R205,,,,,,0,0,000000000,00000000000,0,0,0,1,0,0,0,0,0,0,0,60,0,0,0,12,61,6,2,12,0,0,0,1,29,63042,6,2,0,0,3,0,62,120,1,0,0,0,0,10,2010,10,2010,0,0,0,0,0,3,4,60,3,2,1,1,0,0,14,12,7,1,4,6,1,0
29,290566,2,3,1,8,10,16,20,57,0,1,0,92,0,20,401,20401,14,2003,1GNCS18X43K1,1,G,N,C,S,1,8,X,4,3,K,1,0,P,CHEV,BZR,UT,3,17,3612,,0,1005,,G,,F,6,262,,,16R235,,,,,,0,0,000000000,00000000000,0,0,0,1,0,0,0,0,0,0,0,60,0,0,0,12,12,6,2,12,0,0,0,1,29,63033,6,1,0,0,3,0,64,145,0,0,0,0,0,0,0,0,0,0,0,0,0,0,3,4,60,3,2,7,1,0,0,14,62,7,1,1,98,0,0
29,290566,3,3,2,8,10,16,20,57,0,1,0,29,1,20,37,20037,4,2007,1G1ZT58F97F2,1,G,1,Z,T,5,8,F,9,7,F,2,0,P,CHEV,MLT,4D,7,17,3155,,0,1063,,G,,F,4,134,,,16R215,,,,,,0,0,000000000,00000000000,0,0,0,1,0,0,0,0,0,0,0,60,0,0,0,12,12,4,3,12,0,0,0,1,29,63366,6,1,0,0,3,3,71,185,1,0,0,0,0,4,2011,4,2011,0,0,0,0,0,3,4,60,3,2,7,1,0,0,14,52,1,1,1,98,0,0
29,290567,1,1,1,13,10,8,20,1,0,1,0,29,1,98,809,98809,63,2001,2FZXBJCB81AH,2,F,Z,X,B,J,C,B,8,1,A,H,0,T,STRG,LT8,CC,1,17,,8,0,0,STE,D,,,6,732,,,,,00000,00,,64,0,77,777777777,77777777777,3,2,5,1,0,0,0,0,0,0,0,50,0,1,5,0,0,6,2,1,0,0,0,1,29,64468,6,1,6,3,3,3,69,190,0,0,0,1,0,10,2010,10,2010,0,0,0,0,0,1,2,55,3,2,2,1,0,0,14,13,1,1,4,1,1,0
29,290568,1,1,2,15,10,10,0,34,0,1,0,99,9,20,4,20004,2,2005,1G1YY24U0551,1,G,1,Y,Y,2,4,U,0,5,5,1,0,P,CHEV,CVT,CP,5,17,3179,,0,1057,,G,,F,8,366,,,18R245,,,,,,0,0,000000000,00000000000,0,0,0,1,0,0,0,0,0,0,0,55,0,1,5,1,0,6,2,1,0,0,0,1,99,99999,9,9,99,9,9,9,999,999,99,99,99,99,99,99,9999,99,9999,0,58,0,0,0,1,2,55,1,6,2,1,0,0,1,13,6,4,4,2,1,0
29,290569,1,1,2,23,10,3,10,24,0,1,0,95,3,82,881,82881,66,2006,1FUJCRCK06PW,1,F,U,J,C,R,C,K,0,6,P,W,1,T,FRHT,COR,TR,6,17,,8,0,0,CON,D,,,6,855,,,,,00000,00,,64,1,57,998052,57998052,3,6,1,1,0,0,0,0,0,0,0,998,0,0,0,12,12,6,2,42,0,0,0,1,95,0,9,9,99,9,9,9,999,999,99,99,99,99,99,99,9999,99,9999,0,0,0,0,0,2,2,70,1,2,2,1,0,0,1,13,1,1,4,1,1,0
29,290570,1,1,4,23,10,14,40,38,0,1,0,48,1,20,431,20431,16,2001,1GNEC16T91J2,1,G,N,E,C,1,6,T,9,1,J,2,0,P,CHEV,C15,UT,1,17,4914,,0,1300,,G,,F,8,325,,,16R245,,,,,,0,0,000000000,00000000000,0,0,0,1,0,0,0,0,0,0,0,70,0,0,0,12,12,6,2,38,0,0,0,1,35,87532,6,1,0,0,3,0,72,200,98,0,0,0,0,0,0,0,0,0,0,0,0,0,3,2,65,1,1,2,1,0,0,1,12,1,1,4,1,1,0
29,290571,1,2,1,23,10,13,53,1,0,1,0,29,1,37,706,37706,80,2006,JH2RC504X6K2,J,H,2,R,C,5,0,4,X,6,K,2,0,M,HOND,VCA,RS,6,17,,,,,,,750,,2,,4,519,,,,,,,0,0,000000000,00000000000,0,0,0,1,0,0,0,0,0,0,0,65,0,0,0,0,0,6,2,12,0,0,0,1,29,63012,6,1,6,0,3,0,72,210,1,0,0,0,0,11,2009,11,2009,1,0,0,0,0,1,2,55,2,1,2,1,0,0,14,6,1,1,2,98,1,0
29,290571,2,2,3,23,10,13,53,1,0,1,0,29,2,12,401,12401,14,2007,1FMEU74E87UA,1,F,M,E,U,7,4,E,8,7,U,A,0,P,FORD,EPR,UT,7,17,4615,,0,1137,,G,,F,6,244,,,17R245,,,,,,0,0,000000000,00000000000,0,0,0,1,0,0,0,0,0,0,0,55,0,0,0,12,12,2,1,12,0,0,0,1,29,63025,6,1,0,0,3,3,66,120,0,0,0,0,0,0,0,0,0,0,0,0,0,0,1,2,55,3,1,2,1,0,0,14,62,3,2,1,98,0,0
29,290572,1,2,1,25,10,10,40,12,1,1,0,29,1,13,1,13001,4,1998,1LNFM83W2WY6,1,L,N,F,M,8,3,W,2,W,Y,6,0,P,LINC,CAR,4D,98,17,0,,0,1177,,G,,F,8,281,,,16R225,,,,,,0,0,000000000,00000000000,0,0,0,1,0,0,0,0,0,0,0,998,0,0,0,12,12,6,2,12,0,0,0,1,29,64128,6,1,0,0,3,0,67,180,0,0,0,0,0,0,0,0,0,0,38,0,0,0,1,2,30,1,2,2,1,0,0,1,52,4,1,1,28,0,0
29,290572,2,2,3,25,10,10,40,12,1,1,0,29,1,21,22,21022,4,2001,1G3GR64H0141,1,G,3,G,R,6,4,H,0,1,4,1,0,P,OLDS,AUR,4D,1,17,3686,,0,1122,,G,,F,6,211,,,16R225,,,,,,0,0,000000000,00000000000,0,0,0,1,0,0,0,0,0,0,0,998,0,0,0,6,6,6,2,12,0,0,0,1,29,64123,6,1,0,0,3,0,63,120,0,0,0,0,0,0,0,0,0,0,0,0,0,0,1,2,30,1,2,2,1,0,0,2,53,1,1,2,30,1,0
29,290573,1,1,4,31,10,13,38,58,0,1,0,29,1,52,401,52401,14,2001,JA4LS31H51P0,J,A,4,L,S,3,1,H,5,1,P,0,0,P,MITS,MNS,UT,1,17,3945,,0,1073,,G,,F,6,181,,,16R255,,,,,,0,0,000000000,00000000000,0,0,0,1,0,0,0,0,0,0,0,998,0,1,5,12,0,6,2,1,0,0,0,1,29,65742,6,1,0,0,3,3,63,125,1,0,0,0,1,7,2009,8,2009,1,0,0,0,0,1,2,55,3,2,2,1,0,0,14,13,1,1,4,1,1,1
29,290574,1,1,1,31,10,23,0,8,0,1,0,47,3,82,881,82881,66,2000,1FUYDMDB3YPF,1,F,U,Y,D,M,D,B,3,Y,P,F,1,T,FRHT,FLD,TR,0,17,,8,0,0,CON,D,,,6,661,,,,,00000,00,,64,1,57,86876,5786876,3,6,28,1,0,0,0,0,0,0,0,70,0,0,0,12,12,2,1,8,0,0,0,1,47,38114,6,1,6,3,3,3,71,220,0,0,0,0,0,0,0,0,0,0,0,0,0,0,2,2,70,1,1,2,1,0,0,1,80,6,1,1,13,0,0
29,290575,1,1,1,5,11,16,28,5,0,1,0,29,2,37,706,37706,80,2007,JH2SC57097M3,J,H,2,S,C,5,7,0,9,7,M,3,0,M,HOND,CBS,RC,7,17,,,,,,,998,,4,,4,388,,,,,,,0,0,000000000,00000000000,0,0,0,1,0,0,0,0,0,0,0,50,0,0,0,0,0,6,2,5,0,0,0,1,29,63036,6,1,0,0,3,0,65,150,1,0,0,0,0,5,2011,5,2011,1,0,0,0,0,1,2,50,1,5,2,1,0,0,1,98,1,1,4,0,1,0
29,290576,1,1,2,5,11,18,50,1,0,1,0,92,0,12,422,12422,15,1999,1FMPU18L2XLB,1,F,M,P,U,1,8,L,2,X,L,B,0,P,FORD,EPT,UT,99,17,5177,,0,1191,,G,,F,8,330,,,17R265,,,,,,0,0,000000000,00000000000,0,0,0,1,0,0,0,0,0,0,0,60,0,1,5,0,0,6,2,1,0,0,0,1,29,63877,1,1,0,0,2,0,67,143,0,0,0,0,0,0,0,0,0,0,58,0,0,0,1,2,55,1,3,1,1,0,0,1,13,1,1,4,1,1,1
29,290577,1,2,1,7,11,7,46,12,7,1,0,29,1,41,50,41050,4,2005,1YVHP84CX55M,1,Y,V,H,P,8,4,C,X,5,5,M,0,P,MAZD,M6I,4H,5,17,3172,,0,1053,,G,,F,4,138,,,17R215,,,,,,0,0,000000000,00000000000,0,0,0,1,0,0,0,0,0,0,0,80,0,0,0,11,12,6,2,21,0,0,0,1,29,63755,6,1,0,0,3,0,66,180,0,0,0,0,0,0,0,0,0,1,26,0,0,0,2,2,70,1,1,2,1,0,0,1,52,1,1,4,48,1,0
29,290577,2,2,1,7,11,7,46,12,7,1,0,29,1,12,16,12016,4,2006,2FAFP74W16X1,2,F,A,F,P,7,4,W,1,6,X,1,0,P,FORD,CVR,4D,6,17,3964,,0,1147,,G,,F,8,281,,,16R225,,,,,,0,0,000000000,00000000000,0,0,0,1,0,0,0,0,0,0,0,70,0,0,0,4,4,2,1,12,0,0,0,1,29,63801,6,1,0,0,3,0,65,180,0,0,0,1,0,8,2010,8,2010,0,0,0,0,0,2,2,70,1,1,2,1,0,0,2,53,1,1,4,48,0,0
29,290578,1,1,6,7,10,23,19,38,0,1,0,29,2,21,1,21001,2,1986,1G3GR47YXGP3,1,G,3,G,R,4,7,Y,X,G,P,3,0,P,OLDS,CSU,CP,86,17,3132,,0,1081,,G,,4,8,307,,,14R195,,,,,,0,0,000000000,00000000000,0,0,0,1,0,0,0,0,0,0,0,80,0,0,0,9,9,6,2,42,0,0,0,1,29,63138,0,0,0,0,0,0,66,150,0,0,0,0,0,0,0,0,0,1,0,0,0,0,3,3,60,3,2,2,1,0,0,14,13,1,1,4,1,5,0
29,290579,1,3,2,17,10,15,22,12,1,1,0,29,2,20,22,20022,2,2007,1G1AK15F1773,1,G,1,A,K,1,5,F,1,7,7,3,0,P,CHEV,BLS,CP,7,17,2991,,0,1033,,G,,F,4,134,,,15R195,,,,,,0,0,000000000,00000000000,0,0,0,1,0,0,0,0,0,0,0,55,0,0,0,12,3,6,2,12,0,0,0,1,29,65560,6,2,0,0,3,3,62,115,1,0,0,0,0,8,2011,8,2011,1,0,0,0,0,1,2,55,2,6,2,1,0,0,14,52,3,2,1,28,2,0
29,290579,2,3,2,17,10,15,22,12,1,1,0,29,2,49,32,49032,4,1997,1NXBB02E3VZ6,1,N,X,B,B,0,2,E,3,V,Z,6,0,P,TOYT,USX,4D,97,17,2403,,0,970,,G,,F,4,108,,,14R185,,,,,,0,0,000000000,00000000000,0,0,0,1,0,0,0,0,0,0,0,5,0,0,0,6,6,4,1,12,0,0,0,1,29,65560,6,2,0,0,3,3,63,130,0,0,0,0,0,0,0,0,0,0,0,0,0,0,1,2,55,2,6,2,1,0,0,2,53,1,1,1,29,0,0