STATE,ST_CASE,VEH_NO,VE_FORMS,NUMOCCS,DAY,MONTH,HOUR,MINUTE,HARM_EV,MAN_COLL,UNITTYPE,HIT_RUN,REG_STAT,OWNER,MAKE,MODEL,MAK_MOD,BODY_TYP,MOD_YEAR,VIN,VIN_1,VIN_2,VIN_3,VIN_4,VIN_5,VIN_6,VIN_7,VIN_8,VIN_9,VIN_10,VIN_11,VIN_12,TOW_VEH,VINTYPE,VINMAKE,VINA_MOD,VIN_BT,VINMODYR,VIN_LNGT,VIN_WGT,WGTCD_TR,WHLBS_LG,WHLBS_SH,SER_TR,FUELCODE,MCYCL_DS,CARBUR,CYLINDER,DISPLACE,MCYCL_CY,MCYCL_WT,TIRE_SZE,TON_RAT,TRK_WT,TRKWTVAR,VIN_REST,WHLDRWHL,J_KNIFE,MCARR_I1,MCARR_I2,MCARR_ID,GVWR,V_CONFIG,CARGO_BT,HAZ_INV,HAZ_PLAC,HAZ_ID,HAZ_CNO,HAZ_REL,BUS_USE,SPEC_USE,EMER_USE,TRAV_SP,UNDERIDE,ROLLOVER,ROLINLOC,IMPACT1,IMPACT2,DEFORMED,TOWED,M_HARM,VEH_SC1,VEH_SC2,FIRE_EXP,DR_PRES,L_STATE,DR_ZIP,L_STATUS,L_TYPE,CDL_STAT,L_ENDORS,L_COMPL,L_RESTRI,DR_HGT,DR_WGT,PREV_ACC,PREV_SUS,PREV_DWI,PREV_SPD,PREV_OTH,FIRST_MO,FIRST_YR,LAST_MO,LAST_YR,SPEEDREL,DR_SF1,DR_SF2,DR_SF3,DR_SF4,VTRAFWAY,VNUM_LAN,VSPD_LIM,VALIGN,VPROFILE,VPAVETYP,VSURCOND,VTRAFCON,VTCONT_F,P_CRASH1,P_CRASH2,P_CRASH3,PCRASH4,PCRASH5,ACC_TYPE,DEATHS,DR_DRINK
29,290579,3,3,3,17,10,15,22,12,1,1,0,29,1,20,20,20020,4,1999,2G1WL52M0X91,2,G,1,W,L,5,2,M,0,X,9,1,0,P,CHEV,L/S,4D,99,17,3330,,0,1075,,G,,F,6,191,,,15R205,,,,,,0,0,000000000,00000000000,0,0,0,1,0,0,0,0,0,0,0,55,0,0,0,12,12,6,2,12,0,0,0,1,29,63629,6,1,0,0,3,3,62,153,0,0,0,0,0,0,0,0,0,0,0,0,0,0,1,2,55,3,5,2,1,0,0,14,62,4,1,1,98,0,0
29,290580,1,2,1,18,10,6,10,12,1,1,0,29,1,20,421,20421,15,2000,1GNEK13R8YR1,1,G,N,E,K,1,3,R,8,Y,R,1,0,P,CHEV,KTA,UT,0,17,5333,,0,1175,,G,,F,8,350,,,16R265,,,,,,0,0,000000000,00000000000,0,0,0,1,0,0,0,0,0,0,0,45,0,0,0,12,12,6,2,12,0,0,0,1,29,65616,6,1,6,0,3,0,67,185,0,0,0,0,0,0,0,0,0,0,0,0,0,0,1,2,45,2,5,2,2,0,0,14,62,2,1,1,98,0,0
29,290580,2,2,1,18,10,6,10,12,1,1,0,29,1,37,31,37031,4,1991,2HGED6359MH5,2,H,G,E,D,6,3,5,9,M,H,5,0,P,HOND,CID,2H,91,17,1927,,0,984,,G,,F,4,091,,,13R175,,,,,,0,0,000000000,00000000000,0,0,0,1,0,0,0,0,0,0,0,55,0,0,0,6,6,6,2,12,0,0,0,1,29,64844,6,1,6,0,3,3,67,200,1,0,0,0,0,2,2009,2,2009,1,92,0,0,0,1,2,45,3,6,2,2,0,0,14,5,1,4,2,98,1,0
29,290581,1,1,3,18,10,14,25,1,0,1,0,29,1,21,21,21021,4,1999,1G3NL52E8XC3,1,G,3,N,L,5,2,E,8,X,C,3,0,P,OLDS,A/G,4D,99,17,2958,,0,1070,,G,,F,6,207,,,15R215,,,,,,0,0,000000000,00000000000,0,0,0,1,0,0,0,0,0,0,0,77,0,1,3,0,0,6,2,1,0,0,0,1,29,65738,6,1,0,0,3,3,68,150,0,0,0,0,0,0,0,0,0,1,0,0,0,0,2,2,65,1,6,1,1,0,0,6,6,6,4,4,7,1,0
29,290582,1,2,2,24,10,15,25,12,1,1,0,29,1,20,404,20404,14,2009,2CNDL33F6962,2,C,N,D,L,3,3,F,6,9,6,2,0,P,CHEV,EQU,UT,9,17,3740,,0,1125,,G,,F,6,207,,,16R235,,,,,,0,0,000000000,00000000000,0,0,0,1,0,0,0,0,0,0,0,0,0,0,0,6,6,6,2,12,0,0,0,1,29,63640,6,1,0,0,3,0,71,260,0,0,0,0,0,0,0,0,0,0,0,0,0,0,1,2,55,1,1,2,1,0,0,5,53,1,1,1,21,1,0
29,290582,2,2,3,24,10,15,25,12,1,1,0,92,0,18,5,18005,2,1996,1G4GD2217T47,1,G,4,G,D,2,2,1,7,T,4,7,0,P,BUIC,RIV,CP,96,17,3690,,0,1138,,G,,Z,6,231,,,16R225,,,,,,0,0,000000000,00000000000,0,0,0,1,0,0,0,0,0,0,0,50,0,0,0,12,12,6,2,12,0,0,0,1,29,63670,6,2,0,0,3,0,71,200,0,0,0,0,0,0,0,0,0,0,0,0,0,0,1,2,55,1,1,2,1,0,0,1,50,3,1,1,20,0,0
29,290583,1,1,1,27,10,19,19,1,0,1,0,92,0,37,705,37705,80,2003,JH2PC350X3M4,J,H,2,P,C,3,5,0,X,3,M,4,0,M,HOND,CF4,RC,3,17,,,,,,,599,,4,,4,370,,,,,,,0,0,000000000,00000000000,0,0,0,1,0,0,0,0,0,0,0,76,0,0,0,0,0,6,2,1,0,0,0,1,29,64077,1,1,0,0,2,3,70,165,1,0,0,0,0,5,2011,5,2011,1,0,0,0,0,1,2,20,1,1,2,1,0,0,1,13,1,1,4,1,1,0
29,290584,1,2,1,28,10,11,31,12,1,1,0,29,1,12,481,12481,31,2008,1FTPW14VX8FB,1,F,T,P,W,1,4,V,X,8,F,B,0,T,FORD,F1S,CW,8,17,,2,1500,1390,COF,F,,,8,329,,,,B,5361,01,E,44,0,0,000000000,00000000000,0,0,0,1,0,0,0,0,0,0,0,998,0,0,0,12,12,6,2,12,0,0,1,1,29,65459,6,1,0,0,3,0,71,224,0,0,0,0,0,0,0,0,0,0,0,0,0,0,2,2,70,1,2,2,1,0,0,1,51,1,1,1,24,1,0
29,290584,2,2,1,28,10,11,31,12,1,1,0,93,3,85,881,85881,66,1995,1XKADR9X5SJ6,1,X,K,A,D,R,9,X,5,S,J,6,1,T,KW,T60,TR,95,17,,8,0,1600,CON,D,,,6,774,,,,,00000,00,,64,1,57,18117,5718117,3,6,1,1,0,0,0,0,0,0,0,998,0,0,0,6,6,8,8,12,0,0,0,1,31,68128,6,1,6,0,3,3,75,180,0,0,0,0,0,0,0,0,0,0,0,0,0,0,2,2,70,1,2,2,1,0,0,3,53,1,1,1,25,0,0
29,290585,1,1,2,30,10,18,51,8,0,1,0,29,1,48,45,48045,4,2012,4S4BRCKC0C32,4,S,4,B,R,C,K,C,0,C,3,2,0,P,SUBA,O2L,SW,12,17,3538,,0,0,,G,,F,4,150,,,000000,,,,,,0,0,000000000,00000000000,0,0,0,1,0,0,0,0,0,0,0,998,0,0,0,12,12,2,1,8,0,0,0,1,29,63461,6,1,0,0,3,3,69,165,0,0,0,0,0,0,0,0,0,0,0,0,0,0,1,2,60,1,2,2,1,0,0,1,80,8,2,1,13,0,0
29,290586,1,1,1,3,11,21,45,30,0,1,0,29,1,21,17,21017,4,1993,1G3AG54N3P63,1,G,3,A,G,5,4,N,3,P,6,3,0,P,OLDS,CIS,4D,93,17,2776,,0,1049,,G,,F,6,204,,,14R185,,,,,,0,0,000000000,00000000000,0,0,0,1,0,0,0,0,0,0,0,55,0,0,0,12,12,6,2,30,0,0,0,1,29,65668,6,1,6,0,3,0,71,220,0,0,0,0,0,0,0,0,0,1,92,0,0,0,1,2,55,2,1,2,1,0,0,14,10,1,1,4,6,1,1
29,290587,1,1,1,5,11,17,46,59,0,1,0,29,1,12,481,12481,31,2003,1FTNX21F93EA,1,F,T,N,X,2,1,F,9,3,E,A,0,T,FORD,F2S,4C,3,17,,2,1580,1418,SRW,D,,,8,444,,,,C,5982,02,U,44,0,0,000000000,00000000000,0,0,0,1,0,0,0,0,0,0,0,55,0,0,0,1,11,6,2,42,0,0,0,1,29,63129,6,1,0,0,3,0,72,190,0,0,0,0,0,0,0,0,0,0,0,0,0,0,1,2,55,1,1,2,1,0,0,1,13,1,1,4,1,1,1
29,290588,1,2,1,12,11,21,0,12,2,1,0,29,1,20,481,20481,31,2001,2GCEC19V7112,2,G,C,E,C,1,9,V,7,1,1,2,0,T,CHEV,SC1,4C,1,17,,2,1575,1435,SIL,G,,,8,293,,,,B,4413,00,,42,0,0,000000000,00000000000,0,0,0,1,0,0,0,0,0,0,0,60,0,0,0,12,12,6,2,12,0,0,0,1,29,65326,6,1,6,0,3,0,74,210,0,0,0,0,0,0,0,0,0,0,28,0,0,0,1,2,60,1,1,1,1,0,0,1,10,1,1,2,50,0,0
29,290588,2,2,2,12,11,21,0,12,2,1,0,29,1,7,42,7042,2,1998,4B3AU42N8WE0,4,B,3,A,U,4,2,N,8,W,E,0,0,P,DODG,AVE,CP,98,17,2862,,0,1037,,G,,F,6,152,,,14R195,,,,,,0,0,000000000,00000000000,0,0,0,1,0,0,0,0,0,0,0,60,0,0,0,12,12,6,2,12,0,0,0,1,29,65355,1,1,0,0,2,0,69,160,1,2,0,0,1,4,2010,8,2010,0,0,0,0,0,1,2,60,1,1,1,1,0,0,1,62,6,1,1,51,1,0
29,290589,1,1,2,13,11,3,15,1,0,1,0,29,1,20,401,20401,14,1996,1GNDT13W4T22,1,G,N,D,T,1,3,W,4,T,2,2,0,P,CHEV,BZR,UT,96,17,4023,,0,1070,,G,,F,6,262,,,15R235,,,,,,0,0,000000000,00000000000,0,0,0,1,0,0,0,0,0,0,0,88,0,1,5,0,0,6,2,1,0,0,0,1,29,65355,6,1,0,0,3,0,71,150,0,0,0,0,0,0,0,0,0,1,0,0,0,0,1,2,60,3,1,2,1,0,0,14,13,1,1,4,1,1,1
29,290590,1,1,1,13,11,2,25,11,0,1,0,29,1,76,705,76705,80,1998,JYA5AHE09WA0,J,Y,A,5,A,H,E,0,9,W,A,0,0,M,YAMA,YZF,RC,98,17,,,,,,,599,,4,,4,411,,,,,,,0,0,000000000,00000000000,0,0,0,1,0,0,0,0,0,0,0,70,0,0,0,12,0,6,2,1,0,0,0,1,29,63122,6,2,0,0,3,0,67,170,1,0,0,0,0,7,2009,7,2009,0,0,0,0,0,3,2,70,2,1,2,1,0,0,14,87,1,1,1,13,1,1
29,290591,1,2,2,12,11,12,0,12,2,1,0,29,1,12,481,12481,31,1997,1FTDX1864VKA,1,F,T,D,X,1,8,6,4,V,K,A,0,T,FORD,F15,3C,97,17,,1,1570,1390,COF,G,,,8,281,,,,B,4480,01,E,44,0,0,000000000,00000000000,0,0,0,1,0,0,0,0,0,0,0,25,0,0,0,12,12,6,2,12,0,0,0,1,29,63013,6,1,0,0,3,0,68,130,2,0,0,1,0,2,2011,9,2011,0,38,0,0,0,1,3,55,1,1,2,1,8,3,11,15,1,1,1,68,0,0
29,290591,2,2,1,12,11,12,0,12,2,1,0,29,2,72,706,72706,80,1996,1HD1BKL17TY0,1,H,D,1,B,K,L,1,7,T,Y,0,0,M,HD,XTC,RS,96,17,,,,,,,1340,,2,,4,613,,,,,,,0,0,000000000,00000000000,0,0,0,1,0,0,0,0,0,0,0,45,0,0,0,12,12,6,2,12,0,0,0,1,29,63017,6,1,0,0,3,0,76,275,0,0,0,0,0,0,0,0,0,0,0,0,0,0,1,3,55,1,1,2,1,0,0,1,17,3,1,1,69,1,0
29,290592,1,1,2,17,11,23,20,35,0,1,0,18,1,20,2,20002,4,2008,2G1WB55KX813,2,G,1,W,B,5,5,K,X,8,1,3,0,P,CHEV,IPL,4D,8,17,3555,,0,1105,,F,,F,6,214,,,16R225,,,,,,0,0,000000000,00000000000,0,0,0,1,0,0,0,0,0,0,0,25,0,1,5,12,0,6,2,1,0,0,0,1,18,46375,6,1,0,0,3,3,71,195,0,0,0,0,0,0,0,0,0,0,0,0,0,0,1,2,35,2,1,2,1,0,0,14,10,1,1,4,6,1,0
29,290593,1,1,3,19,11,12,55,59,0,1,0,29,1,12,37,12037,4,2000,1FAFP3430YW3,1,F,A,F,P,3,4,3,0,Y,W,3,0,P,FORD,FSS,4D,0,17,2564,,0,1030,,G,,F,4,121,,,15R195,,,,,,0,0,000000000,00000000000,0,0,0,1,0,0,0,0,0,0,0,55,0,1,5,12,0,6,2,1,0,0,0,1,29,64779,6,1,0,0,3,0,69,195,0,0,0,0,0,0,0,0,0,0,58,0,0,0,1,2,55,1,1,2,1,0,0,1,10,6,2,4,7,1,0
29,290594,1,2,1,20,11,9,40,12,2,1,0,29,2,55,33,55033,4,1999,KMHWF25S4XA0,K,M,H,W,F,2,5,S,4,X,A,0,0,P,HYUN,SOL,4D,99,17,3070,,0,1063,,G,,F,4,143,,,14R195,,,,,,0,0,000000000,00000000000,0,0,0,1,0,0,0,0,0,0,0,55,0,0,0,12,12,6,2,12,0,0,0,1,29,65662,1,1,0,0,2,0,72,190,0,0,0,0,0,0,0,0,0,0,35,0,0,0,1,2,55,1,3,2,2,0,0,6,54,99,1,1,52,1,0
29,290594,2,2,3,20,11,9,40,12,2,1,0,29,2,14,6,14006,4,2002,2MEFM75W12X6,2,M,E,F,M,7,5,W,1,2,X,6,0,P,MERC,MGL,4D,2,17,3970,,0,1147,,G,,F,8,281,,,16R225,,,,,,0,0,000000000,00000000000,0,0,0,1,0,0,0,0,0,0,0,55,0,1,5,12,0,6,2,12,0,0,0,1,29,65713,6,1,0,0,3,3,74,200,0,0,0,0,0,0,0,0,0,0,0,0,0,0,1,2,55,1,3,2,2,0,0,1,54,99,1,1,52,0,0
29,290595,1,1,1,10,10,12,11,24,0,1,0,29,1,12,443,12443,20,2005,2FMZA51695BA,2,F,M,Z,A,5,1,6,9,5,B,A,0,P,FORD,FRE,SV,5,17,4275,,0,1208,,G,,F,6,238,,,16R225,,,,,,0,0,000000000,00000000000,0,0,0,1,0,0,0,0,0,0,0,998,0,0,0,1,11,6,2,25,0,0,0,1,29,63128,6,1,0,0,3,3,60,175,1,0,0,1,0,3,2010,3,2011,0,0,0,0,0,3,4,60,1,1,2,1,0,0,1,12,1,1,4,1,1,0
29,290596,1,2,1,16,11,11,25,12,6,1,0,92,0,84,881,84881,66,2007,2HSCNAPRX7C3,2,H,S,C,N,A,P,R,X,7,C,3,1,T,INTL,94I,TR,7,17,,8,0,0,940,D,,,6,915,,,,,00000,00,,64,1,57,1604919,571604919,3,6,8,1,0,0,0,0,0,0,0,999,0,0,0,12,12,6,2,12,0,0,0,1,29,65793,6,1,6,0,3,3,67,180,0,0,0,1,0,2,2010,2,2010,0,0,0,0,0,1,2,35,3,2,2,1,0,0,14,66,6,1,1,88,0,0
29,290596,2,2,1,16,11,11,25,12,6,1,0,29,1,20,39,20039,4,2009,KL1TD56E49B3,K,L,1,T,D,5,6,E,4,9,B,3,0,P,CHEV,LTS,4D,9,17,2569,,0,976,,G,,F,4,098,,,14R185,,,,,,0,0,000000000,00000000000,0,0,0,1,0,0,0,0,0,0,0,999,0,0,0,9,9,6,2,12,0,0,0,1,29,65807,6,1,0,0,3,0,62,200,0,0,0,0,0,0,0,0,0,0,38,0,0,0,1,2,35,1,9,2,1,20,3,1,17,1,1,1,89,1,0
29,290597,1,2,1,14,11,18,25,12,6,1,0,5,2,12,401,12401,14,2002,1FMZU64E62ZA,1,F,M,Z,U,6,4,E,6,2,Z,A,0,P,FORD,EPR,UT,2,17,4173,,0,1137,,G,,F,6,245,,,16R245,,,,,,0,0,000000000,00000000000,0,0,0,1,0,0,0,0,0,0,0,55,0,0,0,12,12,6,2,12,0,0,0,1,5,72404,6,1,0,0,3,0,67,135,0,0,0,0,0,0,0,0,0,0,28,0,0,0,1,2,55,1,1,2,2,0,0,1,10,1,1,2,64,1,1
29,290597,2,2,1,14,11,18,25,12,6,1,0,17,1,23,461,23461,21,2007,1GDHG31U4719,1,G,D,H,G,3,1,U,4,7,1,9,0,T,GMC,SCT,YY,7,17,,2,1770,1390,STV,G,,,8,366,,,,D,4528,04,U,42,0,0,000000000,00000000000,0,0,0,1,0,0,0,0,0,0,0,55,0,0,0,11,11,6,2,12,0,0,0,1,17,60639,6,1,0,0,3,3,76,195,1,0,0,0,1,2,2010,2,2010,0,0,0,0,0,1,2,55,1,1,2,2,0,0,1,62,7,1,1,65,0,0
29,290598,1,2,1,8,11,14,5,12,6,1,0,29,2,23,472,23472,30,2004,1GKDT13S2422,1,G,K,D,T,1,3,S,2,4,2,2,0,T,GMC,ENV,4W,4,17,,1,0,1130,ENV,G,,,6,256,,,,B,4616,00,E,44,0,0,000000000,00000000000,0,0,0,1,0,0,0,0,0,0,0,65,0,1,5,11,0,6,2,12,0,0,0,1,29,65791,6,2,0,0,3,2,69,145,0,0,0,0,0,0,0,0,0,1,28,73,0,0,1,2,65,2,2,2,2,0,0,14,6,1,4,2,64,1,0
29,290598,2,2,2,8,11,14,5,12,6,1,0,29,3,42,870,42870,61,2011,WDPPF3CCXB94,W,D,P,P,F,3,C,C,X,B,9,4,0,T,FRHT,SP3,CB,11,17,,3,0,1440,SPR,D,,,6,183,,,,,4703,00,E,42,0,88,888888888,88888888888,2,1,96,1,0,0,0,0,0,6,0,998,0,1,1,12,0,6,2,12,0,0,0,1,29,65775,6,1,0,0,3,3,69,200,2,0,0,0,0,12,2008,5,2011,0,0,0,0,0,1,2,65,2,2,2,2,0,0,14,62,6,1,1,65,0,0
29,290599,1,3,1,14,11,14,55,12,2,1,0,29,2,2,404,2404,14,1997,1J4GZ58S7VC5,1,J,4,G,Z,5,8,S,7,V,C,5,0,T,JEEP,LRT,4W,97,17,,1,0,1059,GCK,G,,,6,242,,,,,3700,02,E,44,0,0,000000000,00000000000,0,0,0,1,0,0,0,0,0,0,0,57,0,0,0,12,12,6,2,12,0,0,0,1,29,65742,6,1,0,0,3,0,65,145,0,0,0,0,0,0,0,0,0,0,28,0,0,0,1,2,65,2,1,2,2,0,0,14,10,1,1,2,50,1,0
29,290599,2,3,1,14,11,14,55,12,2,1,0,93,3,82,881,82881,66,2000,1FUPCSZB6YPB,1,F,U,P,C,S,Z,B,6,Y,P,B,1,T,FRHT,FLD,TR,0,17,,8,0,0,CON,D,,,6,774,,,,,00000,00,,64,1,57,714561,57714561,3,6,3,1,0,0,0,0,0,0,0,40,0,0,0,12,61,6,2,12,0,0,0,1,29,65789,6,1,6,3,3,0,72,285,0,0,0,0,1,10,2009,10,2009,0,0,0,0,0,1,2,65,3,1,2,2,0,0,14,62,1,1,1,51,0,0
29,290599,3,3,2,14,11,14,55,12,2,1,0,29,1,14,17,14017,6,1996,1MELM55U7TG6,1,M,E,L,M,5,5,U,7,T,G,6,0,P,MERC,SGS,SW,96,17,3502,,0,1085,,G,,F,6,182,,,15R205,,,,,,0,0,000000000,00000000000,0,0,0,1,0,0,0,0,0,0,0,50,0,0,0,12,12,2,1,12,0,0,0,1,29,65791,6,1,0,0,3,0,70,216,1,0,0,0,0,10,2010,10,2010,0,0,0,0,0,1,2,65,2,1,2,2,0,0,14,62,6,1,2,98,0,0
29,290600,1,1,1,21,11,6,0,42,0,1,0,29,1,7,442,7442,20,2001,2B4GP44331R3,2,B,4,G,P,4,4,3,3,1,R,3,0,T,DODG,GSP,ES,1,17,,1,0,1193,CAR,F,,,6,201,,,,,3989,00,E,42,0,0,000000000,00000000000,0,0,0,1,0,0,0,0,0,0,0,55,0,0,0,12,12,6,2,42,0,0,0,1,29,64024,6,1,0,0,3,3,70,175,0,0,0,1,0,1,2009,1,2009,0,0,0,0,0,1,2,55,1,5,2,1,0,0,1,10,1,1,4,6,1,0
29,290601,1,2,1,17,11,12,16,12,6,1,0,29,1,12,401,12401,14,2001,1FMYU60EX1UB,1,F,M,Y,U,6,0,E,X,1,U,B,0,P,FORD,EPR,UT,1,17,3769,,0,1018,,G,,F,6,245,,,15R235,,,,,,0,0,000000000,00000000000,0,0,0,1,0,0,0,0,0,0,0,5,0,0,0,1,1,6,2,12,0,0,0,1,29,63828,6,1,0,0,3,0,71,210,0,0,0,0,0,0,0,0,0,0,38,0,0,0,1,2,55,1,1,2,1,20,3,11,15,1,1,1,76,1,0
29,290601,2,2,1,17,11,12,16,12,6,1,0,92,0,86,881,86881,63,2003,1M2AG11C83M0,1,M,2,A,G,1,1,C,8,3,M,0,0,T,MACK,CV7,CC,3,17,,8,0,0,700,D,,,6,728,,,,,00000,00,,64,0,88,888888888,88888888888,3,2,97,1,0,0,0,0,0,0,0,50,0,0,0,12,12,6,2,12,0,0,0,1,29,63862,6,1,6,3,3,3,70,238,2,0,0,0,0,5,2011,10,2011,0,0,0,0,0,1,2,55,1,1,2,1,0,0,1,65,3,2,1,77,0,0
29,290602,1,1,2,23,11,12,31,59,0,1,0,29,2,7,43,7043,2,2001,4B3AG52H61E2,4,B,3,A,G,5,2,H,6,1,E,2,0,P,DODG,SRS,CP,1,17,3098,,0,1037,,G,,F,6,181,,,17R215,,,,,,0,0,000000000,00000000000,0,0,0,1,0,0,0,0,0,0,0,62,0,0,0,2,3,6,2,42,0,0,0,1,29,63077,6,2,0,0,3,2,69,130,0,0,0,1,0,11,2011,11,2011,1,73,0,0,0,1,2,55,2,6,2,1,0,0,14,6,3,4,4,7,1,0
29,290603,1,1,2,5,11,23,45,34,0,1,0,29,2,22,20,22020,4,2002,1G2WR52192F1,1,G,2,W,R,5,2,1,9,2,F,1,0,P,PONT,GTP,4D,2,17,3559,,0,1105,,G,,Z,6,231,,,16R225,,,,,,0,0,000000000,00000000000,0,0,0,1,0,0,0,0,0,0,0,120,0,1,5,14,0,6,2,1,0,0,0,1,29,65724,2,1,0,0,2,0,71,183,1,7,2,1,1,5,2009,5,2011,1,0,0,0,0,1,2,55,1,6,2,1,0,0,1,13,6,4,4,7,2,1
29,290604,1,1,1,16,11,9,45,10,0,1,0,29,1,20,2,20002,4,2006,2G1WB58K2692,2,G,1,W,B,5,8,K,2,6,9,2,0,P,CHEV,IPL,4D,6,17,3477,,0,1105,,F,,F,6,214,,,16R225,,,,,,0,0,000000000,00000000000,0,0,0,1,0,0,0,0,0,0,0,45,0,0,0,9,9,6,2,10,0,0,0,1,29,65612,6,1,0,0,3,3,63,130,1,0,0,0,0,1,2010,1,2010,0,0,0,0,0,1,2,45,1,2,2,1,65,3,1,90,1,1,1,15,1,0
29,290605,1,1,2,20,11,2,7,34,0,1,0,29,3,14,20,14020,4,2005,1MEFM42155G6,1,M,E,F,M,4,2,1,5,5,G,6,0,P,MERC,PRM,4D,5,17,3650,,0,1129,,G,,F,6,183,,,18R225,,,,,,0,0,000000000,00000000000,0,0,0,1,0,0,0,0,0,0,0,70,0,1,5,14,0,6,2,1,0,0,0,1,29,65613,6,1,0,0,3,0,67,200,0,0,0,0,0,0,0,0,0,1,0,0,0,0,1,2,55,1,5,2,2,0,0,1,11,3,2,4,2,1,1
29,290606,1,1,1,4,10,20,0,35,0,1,0,29,1,20,443,20443,20,2004,1GNDX03E94D1,1,G,N,D,X,0,3,E,9,4,D,1,0,T,CHEV,VTR,ES,4,17,,1,0,1200,VTR,G,,,6,207,,,,,3838,00,,42,0,0,000000000,00000000000,0,0,0,1,0,0,0,0,0,0,0,998,0,0,0,12,12,6,2,35,0,0,0,1,29,64730,6,1,0,0,3,3,68,280,0,0,0,0,0,0,0,0,0,1,0,0,0,0,1,2,55,1,3,2,1,0,0,1,13,1,1,4,1,1,0
29,290607,1,1,3,17,11,6,34,1,0,1,0,29,1,20,401,20401,14,2001,1GNCS13W1122,1,G,N,C,S,1,3,W,1,1,2,2,0,P,CHEV,BZR,UT,1,17,3887,,0,1070,,G,,F,6,262,,,15R235,,,,,,0,0,000000000,00000000000,0,0,0,1,0,0,0,0,0,0,0,66,0,2,2,0,0,6,2,1,0,0,0,1,29,64134,6,1,0,0,3,0,64,120,0,1,0,0,0,5,2010,5,2010,0,27,0,0,0,3,3,65,1,1,2,1,0,0,15,12,6,4,4,2,1,0
29,290608,1,2,1,11,11,15,26,12,2,1,0,29,2,7,442,7442,20,1997,2B4GP4433VR3,2,B,4,G,P,4,4,3,3,V,R,3,0,T,DODG,GSS,ES,97,17,,1,0,1193,CAR,G,,,6,181,,,,,3748,00,E,42,0,0,000000000,00000000000,0,0,0,1,0,0,0,0,0,0,0,998,0,0,0,12,12,6,2,12,0,0,0,1,29,64114,6,1,0,0,3,0,76,200,0,0,0,0,0,0,0,0,0,0,28,0,0,0,1,2,45,1,2,2,1,0,0,1,10,1,1,2,50,1,0
29,290608,2,2,1,11,11,15,26,12,2,1,0,29,1,20,880,20880,67,2002,1GCJK39102E1,1,G,C,J,K,3,9,1,0,2,E,1,0,T,CHEV,SK3,4C,2,17,,3,0,1575,SIL,D,,,8,403,,,,D,6223,00,,44,0,88,888888888,88888888888,2,1,97,1,0,0,0,0,0,0,0,998,0,0,0,12,12,6,2,12,0,0,0,1,29,64012,6,1,0,0,3,0,70,230,0,0,0,0,0,0,0,0,0,0,0,0,0,0,1,2,45,1,2,2,1,0,0,1,62,1,1,1,51,0,1
29,290609,1,1,3,18,11,2,0,33,0,1,0,29,2,20,37,20037,4,2006,1G1ZT51F36F2,1,G,1,Z,T,5,1,F,3,6,F,2,0,P,CHEV,MLT,4D,6,17,3316,,0,1063,,G,,F,4,134,,,16R215,,,,,,0,0,000000000,00000000000,0,0,0,1,0,0,0,0,0,0,0,58,0,0,0,14,9,6,2,30,0,0,0,1,29,64132,1,1,0,0,2,0,71,150,0,3,0,0,0,7,2009,12,2010,1,0,0,0,0,1,2,25,1,1,2,1,0,0,1,10,1,4,4,7,1,1
29,290610,1,1,2,15,11,0,57,34,0,1,0,29,1,13,5,13005,4,2000,1LNHM86S2YY7,1,L,N,H,M,8,6,S,2,Y,Y,7,0,P,LINC,LLS,4D,0,17,3546,,0,1145,,G,,F,6,182,,,16R215,,,,,,0,0,000000000,00000000000,0,0,0,1,0,0,0,0,0,0,0,998,0,1,5,1,0,6,2,1,0,0,1,1,29,64134,6,1,0,0,3,0,66,156,0,0,0,1,0,5,2011,5,2011,1,0,0,0,0,1,2,35,1,2,2,1,0,0,1,10,1,1,4,6,1,1
29,290611,1,2,1,9,10,17,47,12,6,1,0,29,2,21,20,21020,4,1998,1G3NG52MXW63,1,G,3,N,G,5,2,M,X,W,6,3,0,P,OLDS,GLS,4D,98,17,3102,,0,1070,,G,,F,6,191,,,15R215,,,,,,0,0,000000000,00000000000,0,0,0,1,0,0,0,0,0,0,0,998,0,0,0,2,2,6,2,12,0,0,0,1,29,64701,6,1,0,0,3,3,68,190,0,0,0,2,1,2,2010,10,2010,0,0,0,0,0,1,2,55,1,1,1,1,0,0,1,13,8,4,2,64,1,1
29,290611,2,2,1,9,10,17,47,12,6,1,0,29,1,35,472,35472,30,2011,1N6AD0FV2BC4,1,N,6,A,D,0,F,V,2,B,C,4,0,T,NISS,FVP,CW,11,17,,1,0,0,FRT,G,,,6,244,,,,,4431,00,7,44,0,0,000000000,00000000000,0,0,0,1,0,0,0,0,0,0,0,998,0,1,5,12,0,6,2,1,0,0,0,1,29,64701,6,1,0,0,3,3,71,205,0,0,0,0,0,0,0,0,0,0,0,0,0,0,1,2,55,1,1,1,1,0,0,1,62,1,1,1,65,0,0