STATE,ST_CASE,VEH_NO,VE_FORMS,NUMOCCS,DAY,MONTH,HOUR,MINUTE,HARM_EV,MAN_COLL,UNITTYPE,HIT_RUN,REG_STAT,OWNER,MAKE,MODEL,MAK_MOD,BODY_TYP,MOD_YEAR,VIN,VIN_1,VIN_2,VIN_3,VIN_4,VIN_5,VIN_6,VIN_7,VIN_8,VIN_9,VIN_10,VIN_11,VIN_12,TOW_VEH,VINTYPE,VINMAKE,VINA_MOD,VIN_BT,VINMODYR,VIN_LNGT,VIN_WGT,WGTCD_TR,WHLBS_LG,WHLBS_SH,SER_TR,FUELCODE,MCYCL_DS,CARBUR,CYLINDER,DISPLACE,MCYCL_CY,MCYCL_WT,TIRE_SZE,TON_RAT,TRK_WT,TRKWTVAR,VIN_REST,WHLDRWHL,J_KNIFE,MCARR_I1,MCARR_I2,MCARR_ID,GVWR,V_CONFIG,CARGO_BT,HAZ_INV,HAZ_PLAC,HAZ_ID,HAZ_CNO,HAZ_REL,BUS_USE,SPEC_USE,EMER_USE,TRAV_SP,UNDERIDE,ROLLOVER,ROLINLOC,IMPACT1,IMPACT2,DEFORMED,TOWED,M_HARM,VEH_SC1,VEH_SC2,FIRE_EXP,DR_PRES,L_STATE,DR_ZIP,L_STATUS,L_TYPE,CDL_STAT,L_ENDORS,L_COMPL,L_RESTRI,DR_HGT,DR_WGT,PREV_ACC,PREV_SUS,PREV_DWI,PREV_SPD,PREV_OTH,FIRST_MO,FIRST_YR,LAST_MO,LAST_YR,SPEEDREL,DR_SF1,DR_SF2,DR_SF3,DR_SF4,VTRAFWAY,VNUM_LAN,VSPD_LIM,VALIGN,VPROFILE,VPAVETYP,VSURCOND,VTRAFCON,VTCONT_F,P_CRASH1,P_CRASH2,P_CRASH3,PCRASH4,PCRASH5,ACC_TYPE,DEATHS,DR_DRINK
29,290645,1,1,1,4,12,0,50,52,0,1,0,29,2,12,481,12481,31,2000,1FTNX21S8YED,1,F,T,N,X,2,1,S,8,Y,E,D,0,T,FORD,F2S,4C,0,17,,2,1580,1418,SRW,G,,,10,415,,,,C,5635,07,E,44,0,0,000000000,00000000000,0,0,0,1,0,0,0,0,0,0,0,60,0,1,5,10,0,6,2,52,0,0,0,1,29,65201,6,1,0,0,3,0,70,180,0,0,0,0,0,0,0,0,0,1,0,0,0,0,1,2,45,2,2,2,2,0,0,14,6,9,3,4,7,1,1
29,290646,1,1,1,5,12,13,41,38,0,1,0,29,1,7,442,7442,20,1999,1B4GP44G0XB8,1,B,4,G,P,4,4,G,0,X,B,8,0,T,DODG,GSS,ES,99,17,,1,0,1193,CAR,F,,,6,201,,,,,3856,00,E,42,0,0,000000000,00000000000,0,0,0,1,0,0,0,0,0,0,0,55,0,0,0,12,12,6,2,42,0,0,1,1,29,65014,6,1,0,0,3,3,68,170,0,0,0,0,0,0,0,0,0,1,0,0,0,0,1,2,55,3,1,2,1,0,0,14,6,1,1,4,1,1,0
29,290647,1,1,1,7,12,22,58,30,0,1,0,17,1,49,32,49032,4,1998,1NXBR18E8WZ0,1,N,X,B,R,1,8,E,8,W,Z,0,0,P,TOYT,UVL,4D,98,17,2414,,0,970,,G,,F,4,109,,,14R175,,,,,,0,0,000000000,00000000000,0,0,0,1,0,0,0,0,0,0,0,998,0,0,0,98,98,6,2,30,0,0,0,1,29,63119,6,1,0,0,3,0,71,175,1,0,0,0,1,1,2010,1,2010,1,0,0,0,0,2,2,40,2,1,2,1,0,0,14,6,1,1,4,1,1,1
29,290648,1,2,1,10,12,17,36,12,2,1,0,29,1,12,481,12481,31,2003,1FTNF21F93EA,1,F,T,N,F,2,1,F,9,3,E,A,0,T,FORD,F2S,PK,3,17,,2,0,1370,SRW,D,,,8,444,,,,C,5857,00,U,44,0,0,000000000,00000000000,0,0,0,1,0,0,0,0,0,0,0,50,0,1,1,12,0,6,2,12,0,0,0,1,29,65632,6,1,6,0,3,0,70,160,0,0,0,0,0,0,0,0,0,1,28,0,0,0,1,2,45,1,1,4,1,0,0,1,6,3,4,2,50,0,0
29,290648,2,2,1,10,12,17,36,12,2,1,0,29,1,18,7,18007,4,2002,2G4WS5217211,2,G,4,W,S,5,2,1,7,2,1,1,0,P,BUIC,CCU,4D,2,17,3368,,0,1090,,G,,Z,6,231,,,15R205,,,,,,0,0,000000000,00000000000,0,0,0,1,0,0,0,0,0,0,0,5,0,0,0,12,12,6,2,12,0,0,0,1,29,65722,6,1,0,0,3,0,64,180,0,0,0,0,0,0,0,0,0,0,0,0,0,0,1,2,45,1,1,4,1,0,0,1,62,2,1,1,51,1,0
29,290649,1,2,1,16,8,6,5,12,6,1,0,29,1,12,481,12481,31,2000,1FTSX31F1YEB,1,F,T,S,X,3,1,F,1,Y,E,B,0,T,FORD,F3S,4C,0,17,,2,1580,1418,SRW,D,,,8,444,,,,D,5645,07,E,44,0,0,000000000,00000000000,0,0,0,1,0,0,0,0,0,0,0,998,0,0,0,12,12,6,2,12,0,0,0,1,29,63129,6,1,0,0,3,3,72,170,0,0,0,0,0,0,0,0,0,0,0,0,0,0,5,4,98,1,2,1,1,0,0,1,62,3,2,1,83,0,0
29,290649,2,2,1,16,8,6,5,12,6,1,0,92,0,20,2,20002,4,2010,2G1WB5EK2A11,2,G,1,W,B,5,E,K,2,A,1,1,0,P,CHEV,IMT,4D,10,17,3555,,0,1105,,F,,F,6,214,,,16R225,,,,,,0,0,000000000,00000000000,0,0,0,1,0,0,0,0,0,0,0,998,0,0,0,2,2,6,2,12,0,0,0,1,29,63129,6,1,0,0,3,3,68,230,0,0,0,0,0,0,0,0,0,0,38,0,0,0,5,4,98,1,2,1,1,0,0,11,15,1,1,1,82,1,0
29,290650,1,2,2,23,8,15,45,12,1,1,0,92,0,20,471,20471,30,2000,1GCCS1951YK2,1,G,C,C,S,1,9,5,1,Y,K,2,0,T,CHEV,S14,PC,0,17,,1,0,1229,S,F,,,4,133,,,,B,3185,03,,42,0,0,000000000,00000000000,0,0,0,1,0,0,0,0,0,0,0,30,0,1,5,6,6,6,2,1,0,0,0,1,20,66061,6,1,0,0,3,3,71,210,0,0,0,0,0,0,0,0,0,0,0,0,0,0,1,2,60,1,6,2,1,0,0,2,53,1,1,1,29,1,0
29,290650,2,2,1,23,8,15,45,12,1,1,0,29,1,6,441,6441,20,2006,2A4GP44R06R8,2,A,4,G,P,4,4,R,0,6,R,8,0,T,CHRY,TLX,ES,6,17,,1,0,1193,TWC,G,,,6,201,,,,,4163,00,,42,0,0,000000000,00000000000,0,0,0,1,0,0,0,0,0,0,0,60,0,0,0,12,12,6,2,12,0,0,0,1,29,64134,6,1,0,0,3,0,68,138,0,0,0,0,0,0,0,0,0,0,26,0,0,0,1,2,60,1,6,2,1,0,0,1,52,3,2,1,28,0,0
29,290651,1,1,1,12,11,23,17,8,0,1,0,29,1,72,706,72706,80,2010,1HD1GP418AC3,1,H,D,1,G,P,4,1,8,A,C,3,0,M,HD,FWG,RS,10,17,,,,,,,1584,,2,,4,665,,,,,,,0,0,000000000,00000000000,0,0,0,1,0,0,0,0,0,0,0,48,0,0,0,12,0,6,2,8,0,0,0,1,29,65202,6,1,0,0,3,3,73,168,0,0,0,1,0,3,2010,3,2010,1,0,0,0,0,5,4,35,1,1,1,1,0,0,1,80,1,1,1,13,0,1
29,290652,1,2,1,16,11,23,10,12,2,1,0,5,1,18,3,18003,4,1991,1G4CW53L1M16,1,G,4,C,W,5,3,L,1,M,1,6,0,P,BUIC,PKA,4D,91,17,3485,,0,1108,,G,,F,6,231,,,15R205,,,,,,0,0,000000000,00000000000,0,0,0,1,0,0,0,0,0,0,0,60,0,0,0,12,12,6,2,12,0,0,0,1,29,63650,6,1,0,0,3,0,74,230,0,0,0,1,0,7,2009,7,2009,0,0,0,0,0,2,2,60,3,2,2,1,0,0,14,54,1,1,1,52,1,0
29,290652,2,2,2,16,11,23,10,12,2,1,0,29,2,20,431,20431,16,2003,3GNFK16Z53G2,3,G,N,F,K,1,6,Z,5,3,G,2,0,P,CHEV,K15,UT,3,17,5123,,0,1300,,F,,F,8,325,,,16R265,,,,,,0,0,000000000,00000000000,0,0,0,1,0,0,0,0,0,0,0,113,0,0,0,12,12,6,2,12,0,0,1,1,29,63628,6,1,0,0,3,3,67,165,0,0,0,0,0,0,0,0,0,0,50,0,0,0,2,2,60,2,2,2,1,0,0,14,54,1,1,1,52,1,1
29,290653,1,3,1,17,11,17,15,12,6,1,0,29,1,73,705,73705,80,2005,JKBZXJC185A0,J,K,B,Z,X,J,C,1,8,5,A,0,0,M,KAWK,X63,RC,5,17,,,,,,,636,,4,,4,362,,,,,,,0,0,000000000,00000000000,0,0,0,1,0,0,0,0,0,0,0,75,0,0,0,12,12,6,2,12,0,0,0,1,29,65721,6,1,6,0,3,0,72,220,0,0,0,0,0,0,0,0,0,1,0,0,0,0,1,2,55,1,1,2,1,0,0,1,62,99,1,1,69,1,0
29,290653,2,3,1,17,11,17,15,12,6,1,0,29,2,20,481,20481,31,2002,1GCGK13U82F1,1,G,C,G,K,1,3,U,8,2,F,1,0,T,CHEV,1KH,CW,2,17,,2,0,1530,SIL,G,,,8,364,,,,B,5763,00,,44,0,0,000000000,00000000000,0,0,0,1,0,0,0,0,0,0,0,15,0,0,0,5,5,8,3,12,0,0,0,1,29,65721,6,1,0,0,3,0,65,175,0,1,0,0,1,2,2011,3,2011,0,38,0,0,0,1,2,55,1,1,2,1,0,0,11,15,10,1,1,68,0,0
29,290653,3,3,3,17,11,17,15,12,6,1,0,29,1,7,20,7020,2,2001,4B3AG42G71E1,4,B,3,A,G,4,2,G,7,1,E,1,0,P,DODG,SSE,CP,1,17,2921,,0,1037,,G,,F,4,146,,,15R205,,,,,,0,0,000000000,00000000000,0,0,0,1,0,0,0,0,0,0,0,35,0,0,0,12,12,8,3,12,0,0,0,1,29,65803,6,1,6,0,3,0,72,200,1,0,0,0,1,2,2011,5,2011,0,0,0,0,0,1,2,55,1,1,2,1,0,0,1,62,1,1,1,98,0,0
29,290654,1,2,1,21,11,17,45,12,6,1,0,29,1,2,404,2404,14,1997,1J4FX58S8VC7,1,J,4,F,X,5,8,S,8,V,C,7,0,T,JEEP,LRT,4W,97,17,,1,0,1059,GCK,G,,,6,242,,,,,3513,02,E,42,0,0,000000000,00000000000,0,0,0,1,0,0,0,0,0,0,0,15,0,0,0,9,9,6,2,12,0,0,0,1,5,72701,6,1,0,0,3,3,65,132,0,0,0,0,0,0,0,0,0,0,38,0,0,0,1,2,45,1,9,2,1,20,3,1,17,1,1,1,89,1,0
29,290654,2,2,2,21,11,17,45,12,6,1,0,29,3,12,481,12481,31,1999,1FTNX20F8XEB,1,F,T,N,X,2,0,F,8,X,E,B,0,T,FORD,F2S,4C,99,17,,2,1580,1418,SRW,D,,,8,444,,,,C,5190,01,E,42,0,0,000000000,00000000000,0,0,0,1,0,0,0,0,0,0,0,60,0,0,0,12,12,6,2,12,0,0,0,1,29,64850,6,1,6,0,3,3,67,198,1,0,0,0,0,11,2011,11,2011,0,0,0,0,0,2,2,65,3,1,2,1,0,0,14,66,4,1,1,88,0,0
29,290655,1,2,1,30,11,15,45,12,2,1,0,29,2,2,404,2404,14,2005,1J4HR58205C5,1,J,4,H,R,5,8,2,0,5,C,5,0,T,JEEP,LMT,4W,5,17,,1,0,1095,GCK,G,,,8,348,,,,,4558,00,E,44,0,0,000000000,00000000000,0,0,0,1,0,0,0,0,0,0,0,55,0,0,0,12,12,6,2,12,0,0,0,1,29,65486,6,1,0,0,3,0,66,105,0,0,0,0,0,0,0,0,0,0,28,0,0,0,1,2,55,3,2,2,1,0,0,14,10,1,1,1,50,1,0
29,290655,2,2,2,30,11,15,45,12,2,1,0,29,3,84,881,84881,63,2002,1HTSHADT72H4,1,H,T,S,H,A,D,T,7,2,H,4,0,T,INTL,490,CC,2,17,,8,2540,1520,40S,D,,,6,530,,,,,00000,00,,64,0,88,888888888,88888888888,3,2,4,1,0,0,0,0,0,0,0,50,0,0,0,12,12,6,2,12,0,0,0,1,29,65486,6,1,6,0,3,0,73,185,0,0,0,0,0,0,0,0,0,0,0,0,0,0,1,2,55,1,2,2,1,0,0,1,62,7,1,1,51,0,0
29,290656,1,1,1,17,10,16,49,8,0,1,0,29,1,22,18,22018,2,2002,1G2NE12FX2C1,1,G,2,N,E,1,2,F,X,2,C,1,0,P,PONT,GAS,CP,2,17,3066,,0,1070,,G,,F,4,134,,,15R215,,,,,,0,0,000000000,00000000000,0,0,0,1,0,0,0,0,0,0,0,43,0,0,0,12,12,2,3,8,0,0,0,1,29,63357,6,2,0,0,3,3,64,130,0,0,0,0,0,0,0,0,0,0,0,0,0,0,1,2,35,1,1,2,1,0,0,1,80,1,1,1,13,0,0
29,290657,1,2,3,23,11,17,15,12,6,1,0,29,1,14,6,14006,4,1990,2MECM74F1LX6,2,M,E,C,M,7,4,F,1,L,X,6,0,P,MERC,GMG,4D,90,17,3832,,0,1143,,G,,F,8,302,,,15R215,,,,,,0,0,000000000,00000000000,0,0,0,1,0,0,0,0,0,0,0,49,0,0,0,3,3,6,2,12,0,0,0,1,29,65707,6,1,0,0,3,3,73,280,0,1,0,1,0,11,2009,9,2011,0,33,35,0,0,1,2,65,1,2,2,1,0,0,6,54,8,4,2,66,1,1
29,290657,2,2,1,23,11,17,15,12,6,1,0,29,1,23,471,23471,30,2000,1GTCT19W7Y81,1,G,T,C,T,1,9,W,7,Y,8,1,0,T,GMC,SON,PC,0,17,,1,0,1229,SON,G,,,6,262,,,,B,3759,00,U,44,0,0,000000000,00000000000,0,0,0,1,0,0,0,0,0,0,0,999,0,1,9,12,0,6,2,1,0,0,0,1,29,64790,6,1,0,0,3,0,68,165,1,0,0,0,0,9,2011,9,2011,0,0,0,0,0,1,2,65,1,2,2,1,0,0,1,62,9,1,2,66,0,0
29,290658,1,3,1,1,12,17,0,12,2,1,0,29,2,19,18,19018,4,2005,1G6DP5671501,1,G,6,D,P,5,6,7,1,5,0,1,0,P,CADI,HF6,4D,5,17,3509,,0,1134,,G,,F,6,220,,,17R225,,,,,,0,0,000000000,00000000000,0,0,0,1,0,0,0,0,0,0,0,63,0,0,0,12,12,6,2,12,0,0,0,1,29,64836,6,2,0,0,3,3,66,125,0,0,0,0,0,0,0,0,0,0,28,0,0,0,1,2,60,2,2,2,1,0,0,14,11,1,1,2,50,0,0
29,290658,2,3,1,1,12,17,0,12,2,1,0,29,3,82,881,82881,63,1988,1FUYYRYB0JH3,1,F,U,Y,Y,R,Y,B,0,J,H,3,0,T,FRHT,FLC,TR,88,17,,8,0,0,CON,D,,,6,893,,,,,00000,00,,64,0,88,888888888,88888888888,3,2,4,1,0,0,0,0,0,0,0,999,0,1,5,12,12,6,2,12,0,0,0,1,29,64844,6,1,6,0,3,0,69,200,0,0,0,0,0,0,0,0,0,0,0,0,0,0,1,2,60,3,2,2,1,0,0,14,62,4,1,1,51,1,0
29,290658,3,3,1,1,12,17,0,12,2,1,0,40,1,12,3,12003,2,2000,1FAFP4045YF2,1,F,A,F,P,4,0,4,5,Y,F,2,0,P,FORD,MUS,CP,0,17,3066,,0,1013,,G,,F,6,232,,,15R205,,,,,,0,0,000000000,00000000000,0,0,0,1,0,0,0,0,0,0,0,999,0,0,0,18,18,2,1,54,0,0,0,1,40,74370,6,1,0,0,3,0,60,98,0,0,0,0,0,0,0,0,0,0,0,0,0,0,1,2,60,3,2,2,1,0,0,14,62,99,1,1,98,0,0
29,290659,1,1,2,2,12,3,50,34,0,1,0,92,0,37,33,37033,2,1993,JHMBB2259PC0,J,H,M,B,B,2,2,5,9,P,C,0,0,P,HOND,SSR,CP,93,17,2866,,0,1004,,G,,F,4,138,,,15R205,,,,,,0,0,000000000,00000000000,0,0,0,1,0,0,0,0,0,0,0,70,0,1,5,9,0,6,2,1,0,0,0,1,29,65650,2,1,0,0,2,0,70,305,3,2,1,0,1,3,2010,10,2011,1,0,0,0,0,1,2,55,1,6,2,1,0,0,1,13,99,3,4,2,1,1
29,290660,1,2,1,3,12,19,0,12,6,1,0,29,1,12,471,12471,30,1995,1FTCR10U7SUC,1,F,T,C,R,1,0,U,7,S,U,C,0,T,FORD,RNG,PK,95,17,,1,1140,1080,RNG,G,,,6,182,,,,B,00000,00,M,42,0,0,000000000,00000000000,0,0,0,1,0,0,0,0,0,0,0,998,0,1,5,12,0,6,2,1,0,0,0,1,29,65721,6,2,0,0,3,3,67,190,0,0,0,0,0,0,0,0,0,0,38,39,0,0,1,2,45,1,1,2,2,20,3,1,17,1,1,1,88,0,0
29,290660,2,2,1,3,12,19,0,12,6,1,0,29,1,37,31,37031,2,1995,2HGEJ1222SH5,2,H,G,E,J,1,2,2,2,S,H,5,0,P,HOND,CEX,CP,95,17,2371,,0,1032,,G,,F,4,097,,,14R185,,,,,,0,0,000000000,00000000000,0,0,0,1,0,0,0,0,0,0,0,998,0,0,0,11,11,6,2,12,0,0,0,1,29,65721,6,1,0,0,3,3,65,198,1,0,0,0,0,5,2010,5,2010,0,0,0,0,0,1,2,55,1,1,2,2,0,0,1,66,1,1,1,89,1,0
29,290661,1,1,2,5,12,8,10,10,0,1,0,29,3,84,881,84881,63,1990,1HSHATVN4LH2,1,H,S,H,A,T,V,N,4,L,H,2,0,T,INTL,710,TR,90,17,,7,2560,1360,70S,D,,,6,466,,,,,00000,00,,42,0,88,888888888,88888888888,3,2,4,1,0,0,0,0,0,0,0,20,0,0,0,1,1,6,2,10,0,0,0,1,29,65608,6,1,6,0,3,0,68,270,0,0,0,0,0,0,0,0,0,0,38,0,0,0,1,2,50,1,2,2,1,65,3,1,91,1,1,1,15,2,0
29,290662,1,1,3,7,12,20,10,34,0,1,0,29,1,23,481,23481,31,2002,1GTEC14W62Z2,1,G,T,E,C,1,4,W,6,2,Z,2,0,T,GMC,NC1,PK,2,17,,2,1330,1190,SIE,G,,,6,262,,,,B,4073,01,U,42,0,0,000000000,00000000000,0,0,0,1,0,0,0,0,0,0,0,60,0,1,5,1,0,6,2,1,0,0,0,1,29,65078,6,1,0,0,3,0,63,185,0,0,0,0,0,0,0,0,0,1,0,0,0,0,1,2,55,3,3,2,1,0,0,14,6,1,4,4,7,1,1
29,290663,1,1,1,12,12,6,40,11,0,1,0,29,1,63,33,63033,5,2002,KNAFB1614250,K,N,A,F,B,1,6,1,4,2,5,0,0,P,KIA,SSX,4H,2,17,2686,,0,1008,,G,,F,4,109,,,14R185,,,,,,0,0,000000000,00000000000,0,0,0,1,0,0,0,0,0,0,0,60,0,0,0,12,12,6,2,11,0,0,0,1,29,65354,6,1,0,0,3,3,62,140,0,0,0,0,0,0,0,0,0,0,0,0,0,0,1,2,60,1,1,2,1,0,0,1,87,1,1,1,13,1,0
29,290664,1,1,2,14,12,1,15,39,0,1,0,29,1,20,37,20037,4,2000,1G1ND52J2Y62,1,G,1,N,D,5,2,J,2,Y,6,2,0,P,CHEV,MAL,4D,0,17,3051,,0,1070,,G,,F,6,191,,,15R215,,,,,,0,0,000000000,00000000000,0,0,0,1,0,0,0,0,0,0,0,51,0,1,6,12,12,6,2,39,0,0,0,1,29,63379,6,1,0,0,3,0,71,145,1,0,0,0,0,3,2010,3,2010,0,36,0,0,0,1,2,35,1,2,2,2,0,0,1,13,6,3,4,2,1,1
29,290665,1,2,1,16,12,13,18,12,2,1,0,29,1,2,403,2403,14,2010,1J4BA3H15AL1,1,J,4,B,A,3,H,1,5,A,L,1,0,T,JEEP,WSS,4W,10,17,,1,0,1160,WUL,G,,,6,230,,,,,4075,00,E,44,0,0,000000000,00000000000,0,0,0,1,0,0,0,0,0,0,0,60,0,1,1,12,12,6,2,12,0,0,0,1,29,63049,6,1,0,0,3,0,59,105,0,0,0,0,0,0,0,0,0,0,0,0,0,0,3,4,60,1,5,7,1,0,0,1,54,4,1,1,52,0,0
29,290665,2,2,1,16,12,13,18,12,2,1,0,29,1,21,21,21021,4,2002,1G3NL52F92C1,1,G,3,N,L,5,2,F,9,2,C,1,0,P,OLDS,A/G,4D,2,17,3016,,0,1070,,G,,F,4,134,,,15R215,,,,,,0,0,000000000,00000000000,0,0,0,1,0,0,0,0,0,0,0,60,0,0,0,12,12,6,2,12,0,0,0,1,29,63123,6,1,0,0,3,3,65,170,0,0,0,1,0,9,2010,9,2010,0,51,0,0,0,3,4,60,1,6,7,1,0,0,1,54,1,1,1,52,1,1
29,290666,1,1,1,17,12,21,55,59,0,1,0,29,2,20,481,20481,31,1995,1GCGC24K4SZ1,1,G,C,G,C,2,4,K,4,S,Z,1,0,T,CHEV,GC2,PK,95,17,,2,0,1315,GM4,G,,,8,350,,,,C,4119,00,,42,0,0,000000000,00000000000,0,0,0,1,0,0,0,0,0,0,0,999,0,0,0,12,12,6,2,42,0,0,0,1,29,65550,2,1,0,0,2,0,67,145,0,0,0,0,0,0,0,0,0,0,0,0,0,0,1,2,55,2,6,2,1,0,0,14,10,1,1,4,6,1,1
29,290667,1,1,1,21,11,5,53,59,0,1,0,29,1,35,471,35471,30,1993,1N6SD11S5PC3,1,N,6,S,D,1,1,S,5,P,C,3,0,T,NISS,SWB,PK,93,17,,1,0,1043,TRK,G,,,4,146,,,,B,2750,01,A,42,0,0,000000000,00000000000,0,0,0,1,0,0,0,0,0,0,0,998,0,0,0,12,12,6,8,32,0,0,0,1,29,64439,6,1,0,0,3,0,76,210,0,0,0,0,1,5,2011,5,2011,0,0,0,0,0,1,2,55,1,1,2,1,0,0,1,10,1,1,4,6,1,0
29,290668,1,2,5,1,12,0,18,12,1,1,0,29,6,98,882,98882,63,1999,4P1CT02SXXA0,4,P,1,C,T,0,2,S,X,X,A,0,0,U,,,,99,17,,,,,,,,,,,,,,,,,,,0,88,888888888,88888888888,3,2,97,1,0,0,0,0,0,7,1,0,0,0,0,6,6,2,1,12,0,0,0,0,0,99997,7,6,97,7,6,7,998,997,998,998,998,998,998,98,9998,98,9998,8,0,0,0,0,3,6,60,1,1,2,1,0,0,0,53,0,0,0,32,0,0
29,290668,2,2,1,1,12,0,18,12,1,1,0,29,1,12,481,12481,31,2002,1FTRW07L22KD,1,F,T,R,W,0,7,L,2,2,K,D,0,T,FORD,F1S,CW,2,17,,2,0,1385,COF,G,,,8,330,,,,B,4655,02,E,42,0,0,000000000,00000000000,0,0,0,1,0,0,0,0,0,0,0,63,2,0,0,12,12,6,2,12,0,0,0,1,29,63366,2,1,0,0,2,0,72,250,1,7,1,0,2,10,2009,11,2011,0,38,0,0,0,3,6,60,1,1,2,1,0,0,1,50,7,1,1,32,1,1
29,290669,1,2,1,2,12,16,40,12,6,1,0,92,0,18,2,18002,4,1999,1G4HR52KXXH5,1,G,4,H,R,5,2,K,X,X,H,5,0,P,BUIC,LLF,4D,99,17,3468,,0,1108,,G,,F,6,231,,,15R205,,,,,,0,0,000000000,00000000000,0,0,0,1,0,0,0,0,0,0,0,0,0,0,0,2,2,6,2,12,0,0,0,1,29,64656,6,1,0,0,3,0,67,150,1,0,0,1,1,3,2009,3,2010,0,38,0,0,0,2,2,65,1,1,1,1,21,3,5,17,4,1,1,87,1,0
29,290669,2,2,1,2,12,16,40,12,6,1,0,29,1,7,482,7482,31,2001,1B7HC16X21S1,1,B,7,H,C,1,6,X,2,1,S,1,0,T,DODG,150,PK,1,17,,2,1347,1187,RPC,G,,,6,239,,,,B,4010,02,U,42,0,0,000000000,00000000000,0,0,0,1,0,0,0,0,0,0,0,60,0,0,0,12,12,6,2,12,0,0,0,1,29,64060,6,1,6,0,3,3,68,190,0,0,0,0,0,0,0,0,0,0,0,0,0,0,2,2,65,1,6,1,1,0,0,1,66,1,1,1,86,0,0
29,290670,1,1,1,22,12,19,40,52,0,1,0,29,1,7,482,7482,31,2007,1D7KS28C97J5,1,D,7,K,S,2,8,C,9,7,J,5,0,T,DODG,SQ2,CW,7,17,,2,1605,1405,RPC,D,,,6,359,,,,C,6271,07,E,44,0,0,000000000,00000000000,0,0,0,1,0,0,0,0,0,0,0,60,0,1,5,12,12,6,2,1,0,0,0,1,29,63126,6,1,0,0,3,3,73,195,1,0,0,1,0,4,2010,7,2011,1,0,0,0,0,6,1,60,3,5,1,1,0,0,14,6,1,1,4,1,1,1
29,290671,1,1,1,28,10,23,0,35,0,1,0,29,2,37,733,37733,90,1995,478TE150XSA7,4,7,8,T,E,1,5,0,X,S,A,7,0,M,HOND,T3F,AT,95,17,,,,,,,300,,1,,4,526,,,,,,,0,0,000000000,00000000000,0,0,0,1,0,0,0,0,0,0,0,15,0,1,1,12,12,0,1,1,0,0,0,1,29,63937,2,1,0,0,2,0,74,175,0,0,0,0,0,0,0,0,0,0,0,0,0,0,1,2,50,1,6,4,1,0,0,1,12,1,1,4,6,1,1
29,290672,1,1,4,2,12,2,40,1,0,1,0,5,2,35,401,35401,14,2000,JN8AR07S5YW4,J,N,8,A,R,0,7,S,5,Y,W,4,0,P,NISS,PFI,UT,0,17,3747,,0,1063,,G,,F,6,201,,,16R245,,,,,,0,0,000000000,00000000000,0,0,0,1,0,0,0,0,0,0,0,86,0,1,3,0,0,6,2,1,0,0,0,1,5,72601,6,1,0,0,3,0,71,180,0,0,0,0,0,0,0,0,0,0,0,0,0,0,3,2,70,1,1,2,1,0,0,1,12,7,1,4,6,1,1
29,290673,1,2,2,2,12,2,41,12,6,1,0,5,6,35,401,35401,14,2000,JN8AR07S5YW4,J,N,8,A,R,0,7,S,5,Y,W,4,0,P,NISS,PFI,UT,0,17,3747,,0,1063,,G,,F,6,201,,,16R245,,,,,,0,0,000000000,00000000000,0,0,0,1,0,0,0,0,0,0,0,0,0,0,0,9,9,4,3,12,0,0,0,0,0,99997,7,6,97,7,6,7,998,997,998,998,998,998,998,98,9998,98,9998,8,20,0,0,0,3,2,70,1,1,2,1,0,0,0,53,0,0,0,48,1,0
29,290673,2,2,1,2,12,2,41,12,6,1,0,18,3,98,809,98809,66,2003,2FWBA2CG53AL,2,F,W,B,A,2,C,G,5,3,A,L,2,T,STRG,A90,TR,3,17,,7,0,0,STE,D,,,6,774,,,,,00000,00,,42,1,57,00241829,5700241829,3,7,1,1,0,0,0,0,0,0,0,56,0,0,0,12,12,6,2,12,0,0,0,1,40,74932,6,1,6,3,3,3,71,290,0,0,0,0,0,0,0,0,0,0,0,0,0,0,3,2,70,1,1,2,1,0,0,1,50,3,1,1,48,0,0
29,290674,1,2,1,7,12,7,58,12,6,1,0,29,2,41,46,41046,2,1995,JM1EC4359S04,J,M,1,E,C,4,3,5,9,S,0,4,0,P,MAZD,M3R,CP,95,17,2443,,0,963,,G,,F,4,097,,,14R185,,,,,,0,0,000000000,00000000000,0,0,0,1,0,0,0,0,0,0,0,63,0,0,0,1,1,6,2,12,0,0,0,1,29,65041,6,2,0,0,3,0,67,120,0,0,0,0,0,0,0,0,0,0,28,0,0,0,1,2,55,1,2,2,1,0,0,1,13,6,4,6,64,1,0
29,290674,2,2,1,7,12,7,58,12,6,1,0,29,3,12,881,12881,63,1993,1FDYU82E4PVA,1,F,D,Y,U,8,2,E,4,P,V,A,0,T,FORD,T8F,CC,93,17,,8,2580,1500,COL,D,,,6,505,,,,P,00000,00,A,64,0,57,369012,57369012,3,2,4,1,0,0,0,0,0,0,0,55,0,1,5,12,81,6,2,12,0,0,0,1,29,65069,6,1,6,0,3,3,69,292,0,0,0,0,0,0,0,0,0,0,0,0,0,0,1,2,55,1,2,2,1,0,0,1,62,4,1,1,65,0,0
29,290675,1,3,6,10,12,14,25,12,6,1,0,29,1,37,31,37031,2,1999,1HGEJ6129XL0,1,H,G,E,J,6,1,2,9,X,L,0,0,P,HOND,UCD,CP,99,17,2359,,0,1032,,G,,F,4,097,,,14R185,,,,,,0,0,000000000,00000000000,0,0,0,1,0,0,0,0,0,0,0,69,0,0,0,7,7,6,2,12,0,0,0,1,29,64836,0,0,0,0,0,0,999,999,0,0,0,0,0,0,0,0,0,0,28,0,0,0,2,2,70,1,1,1,1,0,0,1,12,6,4,6,64,1,0