STATE,ST_CASE,VEH_NO,VE_FORMS,NUMOCCS,DAY,MONTH,HOUR,MINUTE,HARM_EV,MAN_COLL,UNITTYPE,HIT_RUN,REG_STAT,OWNER,MAKE,MODEL,MAK_MOD,BODY_TYP,MOD_YEAR,VIN,VIN_1,VIN_2,VIN_3,VIN_4,VIN_5,VIN_6,VIN_7,VIN_8,VIN_9,VIN_10,VIN_11,VIN_12,TOW_VEH,VINTYPE,VINMAKE,VINA_MOD,VIN_BT,VINMODYR,VIN_LNGT,VIN_WGT,WGTCD_TR,WHLBS_LG,WHLBS_SH,SER_TR,FUELCODE,MCYCL_DS,CARBUR,CYLINDER,DISPLACE,MCYCL_CY,MCYCL_WT,TIRE_SZE,TON_RAT,TRK_WT,TRKWTVAR,VIN_REST,WHLDRWHL,J_KNIFE,MCARR_I1,MCARR_I2,MCARR_ID,GVWR,V_CONFIG,CARGO_BT,HAZ_INV,HAZ_PLAC,HAZ_ID,HAZ_CNO,HAZ_REL,BUS_USE,SPEC_USE,EMER_USE,TRAV_SP,UNDERIDE,ROLLOVER,ROLINLOC,IMPACT1,IMPACT2,DEFORMED,TOWED,M_HARM,VEH_SC1,VEH_SC2,FIRE_EXP,DR_PRES,L_STATE,DR_ZIP,L_STATUS,L_TYPE,CDL_STAT,L_ENDORS,L_COMPL,L_RESTRI,DR_HGT,DR_WGT,PREV_ACC,PREV_SUS,PREV_DWI,PREV_SPD,PREV_OTH,FIRST_MO,FIRST_YR,LAST_MO,LAST_YR,SPEEDREL,DR_SF1,DR_SF2,DR_SF3,DR_SF4,VTRAFWAY,VNUM_LAN,VSPD_LIM,VALIGN,VPROFILE,VPAVETYP,VSURCOND,VTRAFCON,VTCONT_F,P_CRASH1,P_CRASH2,P_CRASH3,PCRASH4,PCRASH5,ACC_TYPE,DEATHS,DR_DRINK
30,300047,1,1,4,17,6,7,23,1,0,1,0,16,1,7,402,7402,14,1999,1B4HS28Z1XF6,1,B,4,H,S,2,8,Z,1,X,F,6,1,P,DODG,DUR,UT,99,17,4397,,0,1159,,G,,F,8,360,,,15R235,,,,,,1,0,000000000,00000000000,0,0,0,1,0,0,0,0,0,0,0,998,0,1,3,0,0,6,2,1,0,0,0,1,56,83246,6,1,0,0,3,0,73,225,1,0,0,2,1,2,2010,1,2011,0,36,58,0,0,2,2,75,1,5,2,1,0,0,1,12,7,1,4,6,1,0
30,300048,1,1,1,24,6,13,20,31,0,1,0,38,1,72,706,72706,80,2008,1HD1FC4158Y6,1,H,D,1,F,C,4,1,5,8,Y,6,0,M,HD,FLU,RS,8,17,,,,,,,1584,,2,,4,851,,,,,,,0,0,000000000,00000000000,0,0,0,1,0,0,0,0,0,0,0,75,0,0,0,11,12,6,2,1,0,0,0,1,38,58369,6,1,6,0,3,0,999,999,0,0,0,0,0,0,0,0,0,0,36,0,0,0,2,2,75,3,6,2,1,0,0,14,13,4,2,4,1,1,0
30,300049,1,2,1,24,6,21,30,12,2,1,0,30,1,7,482,7482,31,2001,3B7KF23701G7,3,B,7,K,F,2,3,7,0,1,G,7,0,T,DODG,Q25,4C,1,17,,2,1547,1387,RPC,D,,,6,359,,,,C,5586,01,U,44,0,0,000000000,00000000000,0,0,0,1,0,0,0,0,0,0,0,75,0,1,5,12,11,6,2,12,0,0,0,1,30,59868,6,1,6,0,3,0,71,190,98,0,0,0,0,0,0,0,0,0,36,28,0,0,1,2,70,1,3,2,1,0,0,1,10,1,1,2,50,1,1
30,300049,2,2,1,24,6,21,30,12,2,1,0,95,3,51,881,51881,66,2007,4V4NC9GH67N4,4,V,4,N,C,9,G,H,6,7,N,4,1,T,VOLV,VNL,TR,7,17,,8,0,0,VVN,D,,,6,732,,,,,00000,00,,64,1,56,121477,56121477,3,6,1,1,0,0,0,0,0,0,0,60,0,1,5,12,98,6,2,12,0,0,0,1,95,0,6,1,6,1,3,1,999,999,99,99,99,99,99,99,9999,99,9999,0,0,0,0,0,1,2,60,1,3,2,1,0,0,1,62,7,1,2,51,0,0
30,300050,1,2,1,25,6,22,56,12,6,1,0,30,1,76,705,76705,80,2005,JYARJ06E75A0,J,Y,A,R,J,0,6,E,7,5,A,0,0,M,YAMA,R6L,RC,5,17,,,,,,,599,,4,,4,357,,,,,,,0,0,000000000,00000000000,0,0,0,1,0,0,0,0,0,0,0,998,0,0,0,12,98,6,2,12,0,0,0,1,30,59105,6,1,0,0,3,1,72,185,98,0,0,0,0,0,0,0,0,1,36,39,0,0,1,2,35,1,2,2,1,0,0,1,65,1,1,1,79,1,0
30,300050,2,2,8,25,6,22,56,12,6,1,0,30,2,20,431,20431,16,2002,3GNFK16ZX2G2,3,G,N,F,K,1,6,Z,X,2,G,2,0,P,CHEV,K15,UT,2,17,5123,,0,1300,,F,,F,8,325,,,16R245,,,,,,0,0,000000000,00000000000,0,0,0,1,0,0,0,0,0,0,0,998,0,0,0,61,0,6,2,12,0,0,0,1,30,59105,6,1,0,0,3,0,62,134,98,0,0,0,0,0,0,0,0,0,0,0,0,0,1,2,35,1,2,2,1,0,0,10,16,1,1,1,78,0,0
30,300051,1,1,6,13,6,15,15,1,0,1,0,30,1,12,401,12401,14,1991,1FMDU34X4MUB,1,F,M,D,U,3,4,X,4,M,U,B,0,P,FORD,EPR,UT,91,17,0,,0,1120,,G,,F,6,245,,,15R225,,,,,,0,0,000000000,00000000000,0,0,0,1,0,0,0,0,0,0,0,50,0,1,1,0,0,6,2,1,0,0,0,1,30,59722,6,1,0,0,3,1,69,215,98,0,0,0,0,0,0,0,0,1,36,58,0,0,1,2,35,3,6,5,2,0,0,14,6,6,4,6,98,1,0
30,300052,1,1,2,30,6,13,48,1,0,1,0,30,2,7,472,7472,30,1992,1B7FL23X4NS6,1,B,7,F,L,2,3,X,4,N,S,6,0,T,DODG,DAK,PC,92,17,,1,0,1309,DAK,G,,,6,239,,,,B,3187,01,A,42,0,0,000000000,00000000000,0,0,0,1,0,0,0,0,0,0,0,998,0,1,1,0,0,6,2,1,0,0,0,1,30,59301,6,1,0,0,3,1,66,175,98,0,0,0,0,0,0,0,0,0,58,0,0,0,2,2,75,1,1,2,1,0,0,1,13,6,3,6,98,1,0
30,300053,1,1,1,1,7,7,10,24,0,1,0,27,1,72,706,72706,80,1998,1HD1FCR13WY6,1,H,D,1,F,C,R,1,3,W,Y,6,0,M,HD,FLU,RS,98,17,,,,,,,1340,,2,,4,772,,,,,,,0,0,000000000,00000000000,0,0,0,1,0,0,0,0,0,0,0,75,0,0,0,3,3,6,2,24,0,0,0,1,27,56501,6,1,0,0,3,1,67,195,0,0,0,0,0,0,0,0,0,0,36,0,0,0,2,2,75,1,6,2,2,0,0,1,13,1,1,4,1,1,0
30,300054,1,3,1,1,7,13,15,12,8,1,0,95,1,37,706,37706,80,2001,1HFSC47531A0,1,H,F,S,C,4,7,5,3,1,A,0,0,M,HOND,18C,RS,1,17,,,,,,,1832,,6,,4,799,,,,,,,0,0,000000000,00000000000,0,0,0,1,0,0,0,0,0,0,0,998,0,0,0,11,9,6,2,12,0,0,0,1,95,0,6,1,99,9,9,9,999,999,99,99,99,99,99,99,9999,99,9999,1,28,0,0,0,1,2,70,2,1,2,1,0,0,14,10,1,1,2,64,1,0
30,300054,2,3,1,1,7,13,15,12,8,1,0,30,1,20,473,20473,30,2007,1GCDT13E4782,1,G,C,D,T,1,3,E,4,7,8,2,0,T,CHEV,RDO,CW,7,17,,1,0,1260,CAL,G,,,5,226,,,,,3962,01,,44,0,0,000000000,00000000000,0,0,0,1,0,0,0,0,0,0,0,998,0,0,0,11,61,4,1,12,0,0,0,1,30,59701,6,1,0,0,3,0,71,195,98,0,0,0,0,0,0,0,0,0,0,0,0,0,1,2,70,3,1,2,1,0,0,14,62,1,1,1,65,0,0
30,300054,3,3,2,1,7,13,15,12,8,1,0,30,1,49,482,49482,31,2003,5TBKT44103S3,5,T,B,K,T,4,4,1,0,3,S,3,0,T,TOYT,TG5,PK,3,17,,2,0,1283,TUN,G,,,8,285,,,,C,4262,00,U,44,0,0,000000000,00000000000,0,0,0,1,0,0,0,0,0,0,0,998,0,0,0,1,0,2,1,54,0,0,0,1,30,59803,6,1,0,0,3,1,70,165,98,0,0,0,0,0,0,0,0,0,0,0,0,0,1,2,70,1,1,2,1,0,0,1,98,99,1,1,98,0,0
30,300055,1,2,1,2,7,6,48,12,2,1,0,56,1,12,481,12481,31,1992,2FTEF14H4NCB,2,F,T,E,F,1,4,H,4,N,C,B,0,T,FORD,F15,PK,92,17,,2,1330,1170,COF,G,,,8,351,,,,B,3996,03,A,44,0,0,000000000,00000000000,0,0,0,1,0,0,0,0,0,0,0,998,0,0,0,12,12,6,2,12,0,0,0,1,56,82801,6,1,0,0,3,0,69,170,0,0,0,0,0,0,0,0,0,0,36,28,58,0,5,5,70,1,1,2,1,0,0,1,9,6,4,6,50,1,0
30,300055,2,2,1,2,7,6,48,12,2,1,0,30,3,20,481,20481,31,2007,1GCJK33D97F1,1,G,C,J,K,3,3,D,9,7,F,1,0,T,CHEV,SK3,CW,7,17,,3,0,1670,SIL,D,,,8,403,,,,D,6552,00,,44,0,0,000000000,00000000000,0,0,0,1,0,0,0,0,0,0,0,70,0,0,0,12,12,6,2,12,0,0,0,1,30,59803,6,1,0,0,3,0,72,185,98,0,0,0,0,0,0,0,0,0,0,0,0,0,5,5,70,1,1,2,1,0,0,1,62,3,1,1,51,0,0
30,300056,1,2,2,2,7,20,58,12,2,1,0,30,2,55,37,55037,2,2005,KMHHN65F75U1,K,M,H,H,N,6,5,F,7,5,U,1,0,P,HYUN,TGT,CP,5,17,3015,,0,996,,G,,F,6,162,,,16R205,,,,,,0,0,000000000,00000000000,0,0,0,1,0,0,0,0,0,0,0,998,0,0,0,12,1,6,2,12,0,0,0,1,30,59803,6,1,0,0,3,1,71,130,98,0,0,1,1,11,2010,1,2011,0,28,0,0,0,1,2,70,1,3,2,1,0,0,1,10,1,4,2,50,2,0
30,300056,2,2,4,2,7,20,58,12,2,1,0,30,2,22,18,22018,4,2002,1G2NF52E62M5,1,G,2,N,F,5,2,E,6,2,M,5,0,P,PONT,SE1,4D,2,17,3116,,0,1070,,G,,F,6,207,,,15R215,,,,,,0,0,000000000,00000000000,0,0,0,1,0,0,0,0,0,0,0,998,0,0,0,12,12,6,2,12,0,0,0,1,30,59865,1,1,0,0,2,2,72,160,98,0,0,0,0,0,0,0,0,0,74,0,0,0,1,2,70,1,3,2,1,0,0,1,62,1,1,1,51,1,0
30,300057,1,2,1,29,6,12,13,12,8,1,0,30,2,7,442,7442,20,2006,1D4GP24R26B6,1,D,4,G,P,2,4,R,2,6,B,6,0,T,DODG,GCS,ES,6,17,,1,0,1193,CAR,G,,,6,201,,,,,4095,00,E,42,0,0,000000000,00000000000,0,0,0,1,0,0,0,0,0,0,0,998,0,0,0,11,11,6,2,12,0,0,0,1,30,59101,6,1,0,0,3,0,62,170,98,0,0,0,0,0,0,0,0,0,36,28,0,0,1,2,70,2,6,2,1,0,0,14,10,1,1,2,64,1,0
30,300057,2,2,1,29,6,12,13,12,8,1,0,30,1,20,481,20481,31,2004,1GCHK29G44E2,1,G,C,H,K,2,9,G,4,4,E,2,0,T,CHEV,2KH,4C,4,17,,2,1575,1435,SIL,G,,,8,496,,,,C,5631,00,,44,0,0,000000000,00000000000,0,0,0,1,0,0,0,0,0,0,0,998,0,0,0,11,8,6,2,12,0,0,0,1,30,59105,6,1,6,0,3,1,66,140,98,0,1,0,0,11,2008,11,2008,0,0,0,0,0,1,2,70,3,5,2,1,0,0,14,62,1,1,1,65,0,0
30,300058,1,2,2,5,7,15,35,12,6,1,0,30,1,23,481,23481,31,2005,2GTEK13T5511,2,G,T,E,K,1,3,T,5,5,1,1,1,T,GMC,NK1,CW,5,17,,2,0,1435,SIE,G,,,8,325,,,,B,5299,00,E,44,1,0,000000000,00000000000,0,0,0,1,0,0,0,0,0,0,0,998,0,0,0,11,11,6,2,12,0,0,0,1,30,59901,6,1,0,0,3,0,73,260,98,0,0,0,0,0,0,0,0,0,48,0,0,0,1,2,70,1,1,2,1,0,0,11,15,1,1,2,72,0,0
30,300058,2,2,2,5,7,15,35,12,6,1,0,41,1,72,706,72706,80,2009,1HD1FF4109Y6,1,H,D,1,F,F,4,1,0,9,Y,6,0,M,HD,FHC,RS,9,17,,,,,,,1584,,2,,4,864,,,,,,,0,0,000000000,00000000000,0,0,0,1,0,0,0,0,0,0,0,998,0,0,0,1,1,6,2,12,0,0,0,1,41,97302,6,1,0,0,3,0,72,195,0,0,0,1,0,3,2011,3,2011,0,35,0,0,0,1,2,70,1,1,2,1,0,0,6,61,3,2,1,73,2,0
30,300059,1,1,1,6,7,0,50,1,0,1,0,30,1,23,481,23481,31,2003,1GTHK23113F2,1,G,T,H,K,2,3,1,1,3,F,2,0,T,GMC,2KH,CW,3,17,,2,1670,1530,SIE,D,,,8,403,,,,C,5899,01,U,44,0,0,000000000,00000000000,0,0,0,1,0,0,0,0,0,0,0,66,0,1,5,0,0,6,2,1,0,0,0,1,30,59405,6,1,0,0,3,0,68,195,98,0,0,1,0,12,2009,12,2009,0,36,58,0,0,1,2,65,1,1,2,1,0,0,1,13,6,3,4,1,1,1
30,300060,1,1,2,5,7,19,40,1,0,1,0,16,2,14,17,14017,4,1997,1MELM50U1VG6,1,M,E,L,M,5,0,U,1,V,G,6,0,P,MERC,SGS,4D,97,17,3388,,0,1085,,G,,F,6,182,,,15R205,,,,,,0,0,000000000,00000000000,0,0,0,1,0,0,0,0,0,0,0,998,0,1,5,0,0,6,2,1,0,0,0,1,16,83467,6,1,0,0,3,2,65,160,0,0,0,0,0,0,0,0,0,0,74,58,0,0,1,2,70,3,1,2,1,0,0,14,13,6,4,4,1,1,0
30,300061,1,1,1,11,7,9,0,1,0,1,0,30,2,20,402,20402,14,2001,2CNBJ13C5169,2,C,N,B,J,1,3,C,5,1,6,9,0,P,CHEV,TKR,UT,1,17,2987,,0,976,,G,,F,4,122,,,15R205,,,,,,0,0,000000000,00000000000,0,0,0,1,0,0,0,0,0,0,0,998,0,1,5,0,0,6,2,1,0,0,0,1,30,59405,6,1,0,0,3,0,68,175,98,0,0,0,0,0,0,0,0,1,58,0,0,0,1,2,70,3,5,2,1,0,0,14,13,6,4,4,1,1,1
30,300062,1,1,1,5,7,21,34,33,0,1,0,30,2,76,734,76734,90,2005,JY4AM03Y05C0,J,Y,4,A,M,0,3,Y,0,5,C,0,0,M,YAMA,Y6W,AT,5,17,,,,,,,660,,1,,4,600,,,,,,,0,0,000000000,00000000000,0,0,0,1,0,0,0,0,0,0,0,998,0,1,6,12,13,6,2,1,0,0,0,1,36,11209,6,1,0,0,3,1,69,999,0,0,0,0,0,0,0,0,0,1,36,52,0,0,1,2,25,1,2,2,1,0,0,1,14,1,7,4,14,1,0
30,300063,1,1,1,14,7,20,24,35,0,1,0,30,1,20,37,20037,4,1999,1G1NE52J0X62,1,G,1,N,E,5,2,J,0,X,6,2,0,P,CHEV,M/L,4D,99,17,3077,,0,1070,,G,,F,6,191,,,15R215,,,,,,0,0,000000000,00000000000,0,0,0,1,0,0,0,0,0,0,0,998,0,1,5,12,14,6,2,42,0,0,0,1,30,59853,6,1,0,0,3,0,68,230,98,0,0,0,0,0,0,0,0,1,36,0,0,0,2,2,70,1,1,2,1,0,0,1,10,7,3,4,1,1,1
30,300064,1,1,1,14,7,23,0,1,0,1,0,30,1,20,481,20481,31,2008,2GCEK19J1812,2,G,C,E,K,1,9,J,1,8,1,2,0,T,CHEV,SK1,4C,8,17,,2,1575,1339,SIL,G,,,8,323,,,,B,5226,02,,44,0,0,000000000,00000000000,0,0,0,1,0,0,0,0,0,0,0,998,0,1,5,0,13,6,2,1,0,0,1,1,30,59353,6,1,0,0,3,0,74,215,98,0,0,0,0,0,0,0,0,0,58,0,0,0,1,2,65,2,1,2,1,0,0,14,12,7,3,4,6,1,1
30,300065,1,2,1,15,7,12,14,12,8,1,0,16,1,7,42,7042,2,1996,4B3AU52N8TE3,4,B,3,A,U,5,2,N,8,T,E,3,0,P,DODG,AES,CP,96,17,2892,,0,1037,,G,,F,6,152,,,16R205,,,,,,0,0,000000000,00000000000,0,0,0,1,0,0,0,0,0,0,0,70,0,0,0,11,12,6,2,12,0,0,0,1,16,83805,6,1,0,0,3,0,74,220,0,0,0,0,0,0,0,0,0,0,28,0,0,0,1,2,70,1,1,2,1,0,0,1,10,1,1,2,64,1,0
30,300065,2,2,2,15,7,12,14,12,8,1,0,16,3,85,881,85881,66,2008,1XKDP4TXX8J2,1,X,K,D,P,4,T,X,X,8,J,2,1,T,KW,T80,TR,8,17,,8,2600,1600,CON,D,,,6,915,,,,,00000,00,,,1,57,717614000,57717614000,3,6,3,1,0,0,0,0,0,0,0,60,0,0,0,61,0,2,1,12,0,0,0,1,16,83805,6,1,6,1,3,0,72,170,0,0,0,0,0,0,0,0,0,0,0,0,0,0,1,2,60,1,1,2,1,0,0,1,62,7,1,2,65,0,0
30,300066,1,1,1,15,7,17,10,31,0,1,0,30,1,72,706,72706,80,2007,1HD1FS4157Y6,1,H,D,1,F,S,4,1,5,7,Y,6,0,M,HD,LTR,RS,7,17,,,,,,,1584,,2,,4,761,,,,,,,0,0,000000000,00000000000,0,0,0,1,0,0,0,0,0,0,0,998,0,0,0,12,3,6,2,1,0,0,0,1,30,59255,6,1,0,0,3,1,72,165,98,0,0,0,0,0,0,0,0,1,36,0,0,0,2,2,75,3,1,2,1,0,0,14,13,6,9,4,1,1,0
30,300067,1,2,1,16,7,15,40,12,2,1,0,30,1,7,482,7482,31,2004,3D7KU28D54G2,3,D,7,K,U,2,8,D,5,4,G,2,0,T,DODG,SQ2,CW,4,17,,2,1605,1405,RPC,G,,,8,345,,,,C,5438,13,E,44,0,0,000000000,00000000000,0,0,0,1,0,0,0,0,0,0,0,998,0,0,0,12,12,6,2,12,0,0,0,1,16,83442,6,1,0,0,3,0,67,190,0,0,0,1,0,4,2011,4,2011,0,0,0,0,0,1,2,70,2,1,2,1,0,0,14,62,1,1,1,51,0,0
30,300067,2,2,1,16,7,15,40,12,2,1,0,30,2,22,18,22018,4,2001,1G2NF52EX1C1,1,G,2,N,F,5,2,E,X,1,C,1,0,P,PONT,SE1,4D,1,17,3116,,0,1070,,G,,F,6,207,,,15R215,,,,,,0,0,000000000,00000000000,0,0,0,1,0,0,0,0,0,0,0,84,0,0,0,12,3,6,2,12,0,0,0,1,30,59714,6,1,0,0,3,2,68,125,98,0,1,2,0,3,2010,5,2011,1,36,28,58,74,1,2,70,3,1,2,1,0,0,14,13,6,4,6,50,1,1
30,300068,1,1,1,18,7,19,55,9,0,1,0,30,1,20,421,20421,15,1995,1GNEK13K8SJ3,1,G,N,E,K,1,3,K,8,S,J,3,0,P,CHEV,KTA,UT,95,17,5124,,0,1175,,G,,F,8,350,,,15R235,,,,,,0,0,000000000,00000000000,0,0,0,1,0,0,0,0,0,0,0,60,0,0,0,12,12,4,3,9,0,0,0,1,30,59019,6,1,0,0,3,1,63,230,98,0,0,0,0,0,0,0,0,1,4,36,92,0,1,2,60,1,1,2,1,0,0,1,83,1,1,1,13,0,0
30,300069,1,1,3,19,7,0,1,1,0,1,0,30,1,2,498,2498,16,1948,U64963AEH,U,6,4,9,6,3,A,E,H,,,,0,T,AMER,,,48,9,,,,,,,,,,,,,,,,,,,0,0,000000000,00000000000,0,0,0,1,0,0,0,0,0,0,0,998,0,1,5,0,13,6,2,1,0,0,0,1,30,59937,6,1,6,0,3,1,71,190,98,0,0,0,0,0,0,0,0,0,36,0,0,0,1,2,35,3,6,4,1,0,0,14,13,99,4,4,2,1,1
30,300070,1,1,1,19,7,20,0,1,0,1,0,30,2,20,421,20421,15,1995,1GNDT13W3S22,1,G,N,D,T,1,3,W,3,S,2,2,0,P,CHEV,BZR,UT,95,17,4071,,0,1070,,G,,F,6,262,,,15R205,,,,,,0,0,000000000,00000000000,0,0,0,1,0,0,0,0,0,0,0,83,0,1,1,0,0,6,2,1,0,0,0,1,30,59404,6,1,0,0,3,1,76,200,98,0,0,0,0,0,0,0,0,1,39,0,0,0,2,2,65,1,1,2,1,0,0,1,12,7,3,6,98,1,0
30,300071,1,1,1,13,7,13,52,33,0,1,0,30,1,49,482,49482,31,2001,5TBBT44101S2,5,T,B,B,T,4,4,1,0,1,S,2,0,T,TOYT,TRS,4C,1,17,,2,0,1283,TUN,G,,,8,285,,,,B,4518,00,U,44,0,0,000000000,00000000000,0,0,0,1,0,0,0,0,0,0,0,998,0,0,0,12,12,6,2,17,0,0,0,1,30,59047,6,1,0,0,3,0,67,145,98,0,0,0,1,7,2010,7,2010,0,0,0,0,0,1,2,25,2,1,2,1,0,0,14,98,1,1,4,1,1,0
30,300072,1,1,3,21,7,0,30,42,0,1,0,16,2,7,482,7482,31,2001,3B7KF23681G7,3,B,7,K,F,2,3,6,8,1,G,7,0,T,DODG,Q25,4C,1,17,,2,1547,1387,RPC,D,,,6,359,,,,C,5586,01,U,44,0,0,000000000,00000000000,0,0,0,1,0,0,0,0,0,0,0,70,0,1,5,14,0,6,2,1,0,0,0,1,30,59046,6,1,0,0,3,1,67,200,98,0,0,0,0,0,0,0,0,0,28,0,0,0,1,2,65,3,6,2,1,0,0,14,13,1,1,4,1,1,0
30,300073,1,1,1,21,7,13,42,30,0,1,0,30,1,18,2,18002,4,2003,1G4HR54K83U2,1,G,4,H,R,5,4,K,8,3,U,2,0,P,BUIC,LLF,4D,3,17,3567,,0,1122,,G,,F,6,231,,,15R215,,,,,,0,0,000000000,00000000000,0,0,0,1,0,0,0,0,0,0,0,998,0,0,0,12,12,6,2,30,0,0,0,1,30,59106,6,1,0,0,3,1,66,165,98,0,0,0,0,0,0,0,0,0,4,36,0,0,1,2,60,1,1,2,1,0,0,1,13,1,1,4,1,1,0
30,300074,1,1,1,20,7,21,0,1,0,1,0,30,1,76,705,76705,80,2007,JYARJ12E57A0,J,Y,A,R,J,1,2,E,5,7,A,0,0,M,YAMA,R6L,RC,7,17,,,,,,,599,,4,,4,357,,,,,,,0,0,000000000,00000000000,0,0,0,1,0,0,0,0,0,0,0,998,0,0,0,0,0,6,2,1,0,0,0,1,30,59647,6,1,6,0,2,0,73,143,98,0,0,1,0,12,2009,12,2009,1,36,39,8,0,3,4,55,3,1,2,1,0,0,14,13,1,1,4,1,1,1
30,300075,1,1,1,24,7,10,33,1,0,1,0,30,1,48,401,48401,14,2001,JF1SF63551H7,J,F,1,S,F,6,3,5,5,1,H,7,0,P,SUBA,FOR,UT,1,17,3140,,0,994,,G,,F,4,150,,,15R205,,,,,,0,0,000000000,00000000000,0,0,0,1,0,0,0,0,0,0,0,998,0,1,3,0,0,6,2,1,0,0,0,1,30,59901,6,1,0,0,3,1,64,155,98,0,0,0,1,9,2010,9,2010,0,0,0,0,0,2,2,75,1,5,2,1,0,0,1,12,7,1,4,6,1,0
30,300076,1,1,3,24,7,16,53,31,0,1,0,30,1,20,481,20481,31,1994,1GCFK24K1RE1,1,G,C,F,K,2,4,K,1,R,E,1,0,T,CHEV,GK2,PK,94,17,,2,0,1315,GM4,G,,,8,350,,,,C,4021,00,,44,0,0,000000000,00000000000,0,0,0,1,0,0,0,0,0,0,0,65,0,1,5,12,0,6,2,1,0,0,0,1,30,59755,6,1,4,0,3,0,63,155,98,0,0,0,0,0,0,0,0,0,58,0,0,0,1,2,70,1,1,2,1,0,0,1,13,1,1,4,1,1,1
30,300077,1,2,1,28,7,12,0,12,1,1,0,39,1,72,706,72706,80,2006,1HD1KBW166Y6,1,H,D,1,K,B,W,1,6,6,Y,6,0,M,HD,FHI,RS,6,17,,,,,,,1450,,2,,4,745,,,,,,,0,0,000000000,00000000000,0,0,0,1,0,0,0,0,0,0,0,998,0,0,0,12,12,6,2,12,0,0,0,1,39,44709,6,1,0,0,3,1,68,190,0,0,0,0,0,0,0,0,0,0,36,0,0,0,3,2,75,1,5,2,1,0,0,1,51,3,2,1,24,1,0
30,300077,2,2,2,28,7,12,0,12,1,1,0,38,3,85,881,85881,66,2007,1XKDDU9X87R1,1,X,K,D,D,U,9,X,8,7,R,1,1,T,KW,T80,TR,7,17,,8,2600,1600,CON,D,,,6,763,,,,,00000,00,,64,1,57,008193800,57008193800,3,6,1,1,0,0,0,0,0,0,0,25,0,0,0,6,6,2,1,12,0,0,0,1,55,54220,6,1,6,1,3,0,80,260,0,0,0,1,0,9,2008,9,2008,0,0,0,0,0,3,2,75,1,5,2,1,0,0,1,53,1,1,1,25,0,0
30,300078,1,3,1,31,7,12,31,12,6,1,0,30,2,37,31,37031,2,1993,2HGEH3384PH5,2,H,G,E,H,3,3,8,4,P,H,5,0,P,HOND,CVS,2H,93,17,2326,,0,1013,,G,,F,4,097,,,14R185,,,,,,0,0,000000000,00000000000,0,0,0,1,0,0,0,0,0,0,0,998,0,0,0,3,3,6,2,12,0,0,0,1,30,59840,4,1,0,0,2,0,70,150,98,0,0,0,0,0,0,0,0,0,0,0,0,0,2,4,75,2,1,2,1,0,0,14,10,7,4,2,64,1,1
30,300078,2,3,4,31,7,12,31,12,6,1,0,16,1,6,441,6441,20,2006,2A4GP54L06R7,2,A,4,G,P,5,4,L,0,6,R,7,0,T,CHRY,TOU,ES,6,17,,1,0,1193,TWC,G,,,6,230,,,,,4267,00,,42,0,0,000000000,00000000000,0,0,0,1,0,0,0,0,0,0,0,998,0,0,0,12,12,6,2,12,0,0,0,1,16,84105,6,1,3,0,3,0,74,175,0,0,0,0,0,0,0,0,0,0,0,0,0,0,2,4,75,3,1,2,1,0,0,14,64,9,1,1,65,0,0
30,300078,3,3,2,31,7,12,31,12,6,1,0,95,1,23,481,23481,31,2011,1GTR2VE33BZ2,1,G,T,R,2,V,E,3,3,B,Z,2,1,T,GMC,1NK,4C,11,17,,2,1575,1435,SIE,F,,,8,323,,,,B,5286,02,S,44,1,0,000000000,00000000000,0,0,0,1,0,0,0,0,0,0,0,998,0,0,0,62,10,6,2,12,0,0,0,1,95,0,6,1,0,0,3,0,999,999,99,99,99,99,99,99,9999,99,9999,0,0,0,0,0,2,4,75,3,1,2,1,0,0,14,62,1,1,1,98,0,0
30,300079,1,3,1,23,7,17,33,12,1,1,0,95,1,72,706,72706,80,2006,999999999999,9,9,9,9,9,9,9,9,9,9,9,9,0,,,,,,,,,,,,,,,,,,,,,,,,,0,0,000000000,00000000000,0,0,0,1,0,0,0,0,0,0,0,998,0,0,0,12,0,6,2,54,0,0,0,1,95,0,6,1,99,9,9,9,999,999,99,99,99,99,99,99,9999,99,9999,9,26,0,0,0,1,2,40,1,8,2,1,0,0,1,51,3,2,1,24,1,0
30,300079,2,3,2,23,7,17,33,12,1,1,0,95,4,99,999,99999,99,9999,999999999999,9,9,9,9,9,9,9,9,9,9,9,9,0,,,,,,,,,,,,,,,,,,,,,,,,,0,0,000000000,00000000000,0,0,0,1,0,0,0,0,0,0,0,998,0,0,0,6,6,2,1,12,0,0,0,1,95,0,6,1,99,9,9,9,999,999,99,99,99,99,99,99,9999,99,9999,0,0,0,0,0,1,2,40,1,1,2,1,0,0,2,53,4,1,1,25,0,0
30,300079,3,3,2,23,7,17,33,12,1,1,0,95,1,99,999,99999,99,2004,999999999999,9,9,9,9,9,9,9,9,9,9,9,9,0,,,,,,,,,,,,,,,,,,,,,,,,,0,0,000000000,00000000000,0,0,0,1,0,0,0,0,0,0,0,998,0,0,0,12,62,2,1,54,0,0,0,1,95,0,6,1,99,9,9,9,999,999,99,99,99,99,99,99,9999,99,9999,0,0,0,0,0,3,2,40,1,1,2,1,0,0,1,10,7,1,1,98,0,0