STATE,ST_CASE,VEH_NO,VE_FORMS,NUMOCCS,DAY,MONTH,HOUR,MINUTE,HARM_EV,MAN_COLL,UNITTYPE,HIT_RUN,REG_STAT,OWNER,MAKE,MODEL,MAK_MOD,BODY_TYP,MOD_YEAR,VIN,VIN_1,VIN_2,VIN_3,VIN_4,VIN_5,VIN_6,VIN_7,VIN_8,VIN_9,VIN_10,VIN_11,VIN_12,TOW_VEH,VINTYPE,VINMAKE,VINA_MOD,VIN_BT,VINMODYR,VIN_LNGT,VIN_WGT,WGTCD_TR,WHLBS_LG,WHLBS_SH,SER_TR,FUELCODE,MCYCL_DS,CARBUR,CYLINDER,DISPLACE,MCYCL_CY,MCYCL_WT,TIRE_SZE,TON_RAT,TRK_WT,TRKWTVAR,VIN_REST,WHLDRWHL,J_KNIFE,MCARR_I1,MCARR_I2,MCARR_ID,GVWR,V_CONFIG,CARGO_BT,HAZ_INV,HAZ_PLAC,HAZ_ID,HAZ_CNO,HAZ_REL,BUS_USE,SPEC_USE,EMER_USE,TRAV_SP,UNDERIDE,ROLLOVER,ROLINLOC,IMPACT1,IMPACT2,DEFORMED,TOWED,M_HARM,VEH_SC1,VEH_SC2,FIRE_EXP,DR_PRES,L_STATE,DR_ZIP,L_STATUS,L_TYPE,CDL_STAT,L_ENDORS,L_COMPL,L_RESTRI,DR_HGT,DR_WGT,PREV_ACC,PREV_SUS,PREV_DWI,PREV_SPD,PREV_OTH,FIRST_MO,FIRST_YR,LAST_MO,LAST_YR,SPEEDREL,DR_SF1,DR_SF2,DR_SF3,DR_SF4,VTRAFWAY,VNUM_LAN,VSPD_LIM,VALIGN,VPROFILE,VPAVETYP,VSURCOND,VTRAFCON,VTCONT_F,P_CRASH1,P_CRASH2,P_CRASH3,PCRASH4,PCRASH5,ACC_TYPE,DEATHS,DR_DRINK
30,300112,1,2,1,1,9,16,50,12,1,1,0,30,2,20,481,20481,31,1998,1GCEK19R9WR1,1,G,C,E,K,1,9,R,9,W,R,1,0,T,CHEV,GK1,PC,98,17,,2,1555,1415,GM4,G,,,8,350,,,,B,00000,00,,44,0,0,000000000,00000000000,0,0,0,1,0,0,0,0,0,0,0,998,0,0,0,12,12,6,2,12,0,0,0,1,30,59919,1,1,0,0,2,2,69,190,98,0,0,0,0,0,0,0,0,1,36,28,74,0,5,3,45,1,1,2,1,0,0,15,10,1,1,1,20,1,1
30,300112,2,2,1,1,9,16,50,12,1,1,0,16,3,85,881,85881,66,2007,1XKWDB9X87R2,1,X,K,W,D,B,9,X,8,7,R,2,2,T,KW,W90,TR,7,17,,8,2850,1600,CON,D,,,6,893,,,,,00000,00,,64,1,57,526288000,57526288000,3,7,2,2,2,1203,88,1,0,0,0,0,0,0,0,6,6,2,1,12,0,0,0,1,30,59901,6,1,6,1,3,0,68,250,98,0,0,0,0,0,0,0,0,0,0,0,0,0,5,3,45,1,1,2,1,0,0,11,61,1,1,1,21,0,0
30,300113,1,2,1,2,9,7,50,12,2,1,0,30,2,38,882,38882,61,1989,JALE5B1U2K30,J,A,L,E,5,B,1,U,2,K,3,0,0,T,ISU,NRR,TB,89,17,,5,1650,1470,NRR,D,,,6,396,,,,,6120,00,,42,0,57,209579400,57209579400,2,1,1,1,0,0,0,0,0,0,0,45,0,0,0,12,12,6,2,12,0,0,0,1,30,59602,6,1,0,0,3,0,62,140,98,0,0,0,0,0,0,0,0,0,28,0,0,0,1,2,60,2,6,2,1,0,0,14,10,1,1,2,50,0,0
30,300113,2,2,2,2,9,7,50,12,2,1,0,48,3,85,881,85881,66,2006,1XKWDB9X36J1,1,X,K,W,D,B,9,X,3,6,J,1,1,T,KW,W90,TR,6,17,,8,2850,1600,CON,D,,,6,893,,,,,00000,00,,64,3,57,003017000,57003017000,3,6,3,1,0,0,0,0,0,0,0,60,0,0,0,12,12,6,2,12,0,0,1,1,13,30830,6,1,6,1,3,1,69,165,98,0,0,0,0,0,0,0,0,0,0,0,0,0,1,2,60,3,5,2,1,0,0,14,62,7,1,2,51,1,0
30,300114,1,2,1,8,9,1,10,12,2,1,0,30,1,7,482,7482,31,2011,3D73Y3HL0BG5,3,D,7,3,Y,3,H,L,0,B,G,5,1,T,DODG,ME3,CW,11,17,,3,0,1600,RPC,D,,,6,408,,,,D,7775,00,K,44,1,0,000000000,00000000000,0,0,0,1,0,0,0,0,0,0,0,998,0,0,0,12,11,6,2,12,0,0,0,1,30,59644,6,1,0,0,3,1,67,180,98,0,0,2,1,5,2010,9,2010,1,36,28,0,0,1,2,65,1,6,2,1,0,0,1,10,1,1,2,50,1,1
30,300114,2,2,1,8,9,1,10,12,2,1,0,30,3,84,881,84881,66,2007,2HSCNAPR37C3,2,H,S,C,N,A,P,R,3,7,C,3,1,T,INTL,94I,TR,7,17,,8,0,0,940,D,,,6,915,,,,,00000,00,,64,1,57,016781200,57016781200,3,6,3,1,0,0,0,0,0,0,0,50,0,0,0,12,12,6,2,12,0,0,0,1,30,59741,6,1,6,1,3,3,73,215,98,0,0,0,0,0,0,0,0,0,0,0,0,0,1,2,55,1,5,2,1,0,0,1,62,9,1,3,51,0,0
30,300115,1,2,1,9,9,21,40,1,0,1,0,30,1,72,706,72706,80,2006,1HD1CWP436K4,1,H,D,1,C,W,P,4,3,6,K,4,0,M,HD,C1U,RS,6,17,,,,,,,1200,,2,,4,554,,,,,,,0,0,000000000,00000000000,0,0,0,1,0,0,0,0,0,0,0,998,0,0,0,0,0,2,3,1,0,0,0,1,30,59870,6,1,0,0,3,0,72,143,98,0,0,1,0,9,2010,9,2010,1,36,0,0,0,5,2,45,3,1,2,1,0,0,14,6,99,7,1,98,1,1
30,300115,2,2,2,9,9,21,40,1,0,1,0,30,3,12,481,12481,31,2001,1FTSW31F41EC,1,F,T,S,W,3,1,F,4,1,E,C,0,T,FORD,F3S,CW,1,17,,2,1724,1562,SRW,D,,,8,444,,,,D,5942,07,E,44,0,0,000000000,00000000000,0,0,0,1,0,0,0,0,0,0,0,998,0,0,0,14,14,0,1,54,0,0,0,1,30,59801,6,1,6,0,3,1,72,230,98,0,0,0,0,0,0,0,0,0,0,0,0,0,5,4,55,1,1,2,1,0,0,1,98,9,1,4,98,0,0
30,300116,1,1,1,14,4,17,35,1,0,1,0,30,1,20,421,20421,15,1998,1GNDT13W6W22,1,G,N,D,T,1,3,W,6,W,2,2,0,P,CHEV,BZR,UT,98,17,4046,,0,1070,,G,,F,6,262,,,15R235,,,,,,0,0,000000000,00000000000,0,0,0,1,0,0,0,0,0,0,0,998,0,1,5,0,9,6,2,1,0,0,0,1,30,59714,6,1,0,0,3,0,64,130,98,0,0,0,0,0,0,0,0,1,58,0,0,0,1,2,70,1,1,4,11,0,0,1,6,6,4,4,7,1,0
30,300117,1,2,1,11,9,20,10,12,6,1,0,30,1,14,17,14017,4,2002,1MEFM55S42G6,1,M,E,F,M,5,5,S,4,2,G,6,0,P,MERC,SLP,4D,2,17,3387,,0,1085,,G,,F,6,182,,,16R215,,,,,,0,0,000000000,00000000000,0,0,0,1,0,0,0,0,0,0,0,998,0,0,0,1,1,6,2,12,0,0,0,1,30,59015,6,1,0,0,3,0,67,150,98,0,0,0,0,0,0,0,0,0,36,51,28,0,1,2,65,1,1,2,1,0,0,1,10,1,1,2,64,0,1
30,300117,2,2,2,11,9,20,10,12,6,1,0,56,1,37,441,37441,20,1997,JHMRA1869VC0,J,H,M,R,A,1,8,6,9,V,C,0,0,P,HOND,ODY,SV,97,17,3371,,0,1114,,G,,F,4,132,,,15R205,,,,,,0,0,000000000,00000000000,0,0,0,1,0,0,0,0,0,0,0,998,0,0,0,1,1,6,2,12,0,0,0,1,56,82410,6,1,0,0,3,1,71,200,1,0,0,0,0,6,2011,6,2011,0,0,0,0,0,1,2,65,1,1,2,1,0,0,1,62,1,1,1,65,1,0
30,300118,1,1,1,31,8,2,1,34,0,1,0,30,1,22,18,22018,4,1997,1G2NE52T3VC7,1,G,2,N,E,5,2,T,3,V,C,7,0,P,PONT,GAS,4D,97,17,2752,,0,1034,,G,,F,4,146,,,14R195,,,,,,0,0,000000000,00000000000,0,0,0,1,0,0,0,0,0,0,0,60,0,1,5,14,98,6,2,34,0,0,0,1,30,59714,6,1,0,0,3,1,62,202,98,0,0,0,0,0,0,0,0,1,39,0,0,0,1,2,25,3,2,2,1,0,0,14,13,3,3,4,2,1,1
30,300119,1,1,2,16,9,16,45,1,0,1,0,47,1,23,401,23401,14,2002,1GKDT13S7225,1,G,K,D,T,1,3,S,7,2,2,5,0,T,GMC,ENV,4W,2,17,,1,0,1130,ENV,G,,,6,256,,,,B,4628,00,K,44,0,0,000000000,00000000000,0,0,0,1,0,0,0,0,0,0,0,998,0,1,5,0,13,6,2,1,0,0,0,1,47,37918,6,1,0,0,3,0,67,235,1,0,0,0,1,6,2009,1,2010,0,58,0,0,0,1,2,70,1,1,2,1,0,0,1,13,6,4,4,1,1,1
30,300120,1,1,1,17,9,2,51,34,0,1,0,30,1,12,401,12401,14,1999,1FMZU35P5XZA,1,F,M,Z,U,3,5,P,5,X,Z,A,0,P,FORD,EPR,UT,99,17,4347,,0,1116,,G,,F,8,302,,,15R225,,,,,,0,0,000000000,00000000000,0,0,0,1,0,0,0,0,0,0,0,998,0,1,5,11,98,6,2,30,0,0,0,1,30,59715,6,1,0,0,3,0,71,135,98,0,1,0,0,3,2011,3,2011,1,36,39,0,0,1,2,45,2,1,2,2,40,3,14,6,6,4,4,6,1,1
30,300121,1,3,1,17,9,19,7,12,8,1,0,30,1,23,481,23481,31,2000,2GTEK19T5Y11,2,G,T,E,K,1,9,T,5,Y,1,1,0,T,GMC,NK1,3C,0,17,,2,1575,1435,SIE,G,,,8,325,,,,B,4621,02,U,44,0,0,000000000,00000000000,0,0,0,1,0,0,0,0,0,0,0,998,0,0,0,11,11,6,2,12,0,0,0,1,30,59047,6,1,1,0,3,0,71,200,98,0,0,0,0,0,0,0,0,0,36,28,0,0,1,2,70,1,1,2,1,0,0,1,10,1,1,2,64,0,0
30,300121,2,3,2,17,9,19,7,12,8,1,0,30,2,12,17,12017,4,2005,1FAFP53U85A2,1,F,A,F,P,5,3,U,8,5,A,2,0,P,FORD,TSE,4D,5,17,3306,,0,1085,,G,,F,6,182,,,16R215,,,,,,0,0,000000000,00000000000,0,0,0,1,0,0,0,0,0,0,0,998,0,0,0,11,12,6,2,12,0,0,0,1,30,59047,6,1,0,0,3,0,70,185,98,0,0,0,0,0,0,0,0,0,0,0,0,0,1,2,70,1,1,2,1,0,0,1,62,1,1,1,65,1,0
30,300121,3,3,5,17,9,19,7,12,8,1,0,30,1,20,431,20431,16,2000,3GNFK16T7YG1,3,G,N,F,K,1,6,T,7,Y,G,1,0,P,CHEV,K15,UT,0,17,5123,,0,1300,,G,,F,8,325,,,16R245,,,,,,0,0,000000000,00000000000,0,0,0,1,0,0,0,0,0,0,0,998,0,0,0,12,12,6,2,12,0,0,0,1,30,59047,6,1,0,0,3,0,64,135,98,0,0,0,0,0,0,0,0,0,0,0,0,0,1,2,70,1,1,2,1,0,0,1,62,3,1,1,98,0,0
30,300122,1,2,1,2,9,14,0,12,6,1,0,30,1,53,705,53705,80,1996,JS1GR7DA6T21,J,S,1,G,R,7,D,A,6,T,2,1,0,M,SUZI,SX7,RC,96,17,,,,,,,749,,4,,4,394,,,,,,,0,0,000000000,00000000000,0,0,0,1,0,0,0,0,0,0,0,998,0,0,0,12,12,6,2,12,0,0,0,1,30,59803,6,1,0,0,3,0,68,162,98,0,0,5,0,9,2008,8,2011,1,39,0,0,0,5,5,45,1,1,2,1,0,0,1,17,1,1,3,69,1,0
30,300122,2,2,2,2,9,14,0,12,6,1,0,30,1,49,45,49045,4,2000,JTDBT1236Y00,J,T,D,B,T,1,2,3,6,Y,0,0,0,P,TOYT,ECH,4D,0,17,2030,,0,934,,G,,F,4,091,,,14R175,,,,,,0,0,000000000,00000000000,0,0,0,1,0,0,0,0,0,0,0,998,0,0,0,3,81,6,2,12,0,0,0,1,30,59802,6,1,0,0,3,1,67,165,98,0,0,0,0,0,0,0,0,0,0,0,0,0,5,5,45,1,1,2,1,3,3,11,15,1,1,1,68,1,0
30,300123,1,2,1,24,9,15,50,12,7,1,0,40,1,73,706,73706,80,2003,JKAZGCA113B5,J,K,A,Z,G,C,A,1,1,3,B,5,0,M,KAWK,ZG1,RS,3,17,,,,,,,1000,,4,,4,595,,,,,,,0,0,000000000,00000000000,0,0,0,1,0,0,0,0,0,0,0,998,0,0,0,4,13,6,2,12,0,0,0,1,40,73129,6,1,0,0,3,0,66,260,0,0,0,0,2,5,2010,8,2010,0,36,26,35,0,2,2,75,2,5,2,1,0,0,6,51,1,1,1,44,1,0
30,300123,2,2,1,24,9,15,50,12,7,1,0,56,1,12,481,12481,31,2005,1FTSW21P15EA,1,F,T,S,W,2,1,P,1,5,E,A,0,T,FORD,F2S,CW,5,17,,2,1724,1562,SRW,D,,,8,366,,,,C,6538,00,E,44,0,0,000000000,00000000000,0,0,0,1,0,0,0,0,0,0,0,998,0,0,0,7,7,2,1,12,0,0,0,1,56,82716,6,1,3,0,3,0,69,243,0,0,0,0,0,0,0,0,0,0,0,0,0,0,2,2,75,2,5,2,1,0,0,14,61,1,1,1,45,0,0
30,300124,1,1,1,25,9,1,51,8,0,1,1,99,9,99,999,99999,99,9999,999999999999,9,9,9,9,9,9,9,9,9,9,9,9,9,,,,,,,,,,,,,,,,,,,,,,,,,0,99,999999999,99999999999,9,99,99,1,0,0,0,0,99,99,9,999,9,0,0,12,99,9,1,8,99,99,0,1,99,99999,9,9,99,9,9,9,999,999,99,99,99,99,99,99,9999,99,9999,9,99,99,99,99,1,2,65,1,1,2,1,0,0,1,80,99,2,1,13,0,0
30,300125,1,1,1,26,9,14,26,1,0,1,0,18,1,20,471,20471,30,2003,1GCDT13X93K1,1,G,C,D,T,1,3,X,9,3,K,1,0,T,CHEV,S14,CW,3,17,,1,0,1229,S,G,,,6,262,,,,B,4039,00,,44,0,0,000000000,00000000000,0,0,0,1,0,0,0,0,0,0,0,998,0,1,5,0,0,6,2,2,0,0,1,1,53,98104,1,1,0,0,2,2,68,150,0,3,0,0,4,7,2009,2,2010,1,39,58,74,0,2,2,75,1,5,2,1,0,0,1,12,7,4,4,6,1,0
30,300126,1,1,4,27,9,1,20,34,0,1,0,30,1,12,481,12481,31,2001,1FTSW31F21EC,1,F,T,S,W,3,1,F,2,1,E,C,0,T,FORD,F3S,CW,1,17,,2,1724,1562,SRW,D,,,8,444,,,,D,5942,07,E,44,0,0,000000000,00000000000,0,0,0,1,0,0,0,0,0,0,0,70,0,1,5,12,4,6,2,1,0,0,0,1,30,59241,6,1,0,0,3,0,73,155,98,0,0,0,1,8,2011,8,2011,1,36,58,0,0,1,2,65,1,1,4,1,0,0,1,13,7,3,4,2,1,1
30,300127,1,1,1,25,9,1,53,33,0,1,0,30,1,20,481,20481,31,2003,1GCHK24U33E1,1,G,C,H,K,2,4,U,3,3,E,1,0,T,CHEV,2KH,PK,3,17,,2,0,1330,SIL,G,,,8,364,,,,C,5484,00,,44,0,0,000000000,00000000000,0,0,0,1,0,0,0,0,0,0,0,25,0,0,0,1,1,6,2,8,0,0,0,1,30,59401,6,1,0,0,3,0,72,250,98,0,0,0,0,0,0,0,0,0,36,0,0,0,2,2,35,1,1,2,1,0,0,1,13,1,1,4,1,0,1
30,300128,1,1,1,30,9,16,25,52,0,1,0,30,3,23,481,23481,31,2006,1GTEC19V66Z2,1,G,T,E,C,1,9,V,6,6,Z,2,0,T,GMC,NC1,4C,6,17,,2,1575,1340,SIE,G,,,8,293,,,,B,4760,01,4,42,0,0,000000000,00000000000,0,0,0,1,0,0,0,0,0,0,0,998,0,0,0,12,12,6,2,52,0,0,0,1,30,59923,6,1,0,0,3,0,65,120,98,0,0,0,0,0,0,0,0,0,0,0,0,0,1,2,70,1,4,2,1,0,0,1,13,1,1,4,1,1,0
30,300129,1,1,1,1,10,17,40,1,0,1,0,30,1,37,734,37734,90,2005,1HFTE290X541,1,H,F,T,E,2,9,0,X,5,4,1,0,M,HOND,4TF,AT,5,17,,,,,,,397,,1,,4,999,,,,,,,0,0,000000000,00000000000,0,0,0,1,0,0,0,0,0,0,0,998,0,1,1,0,0,2,1,1,0,0,0,1,30,59602,6,1,0,0,3,1,66,145,98,0,0,0,0,0,0,0,0,0,82,0,0,0,1,2,0,1,6,4,11,0,0,1,5,1,1,1,98,1,0
30,300130,1,1,1,1,10,21,30,1,0,1,0,30,1,14,401,14401,14,1999,4M2ZU54EXXUJ,4,M,2,Z,U,5,4,E,X,X,U,J,0,P,MERC,MOU,UT,99,17,4113,,0,1120,,G,,F,6,245,,,15R225,,,,,,0,0,000000000,00000000000,0,0,0,1,0,0,0,0,0,0,0,998,0,1,5,0,0,6,2,1,0,0,0,1,30,59330,6,1,0,0,3,1,65,130,98,0,0,0,0,0,0,0,0,1,39,58,0,0,1,2,65,1,1,2,1,0,0,1,12,6,4,4,6,1,1
30,300131,1,2,1,3,10,4,25,12,2,1,0,30,1,2,403,2403,14,1995,1J4FY19P2SP2,1,J,4,F,Y,1,9,P,2,S,P,2,0,T,JEEP,WSR,2W,95,17,,1,0,934,W/Y,G,,,4,150,,,,,2861,00,A,44,0,0,000000000,00000000000,0,0,0,1,0,0,0,0,0,0,0,998,0,0,0,12,12,6,2,12,0,0,0,1,30,59327,6,1,0,0,3,0,74,200,98,0,0,0,0,0,0,0,0,0,28,0,0,0,1,2,65,2,1,2,1,0,0,14,10,1,1,2,50,1,0
30,300131,2,2,1,3,10,4,25,12,2,1,0,30,3,87,881,87881,66,2006,1XPFDB9X66N8,1,X,P,F,D,B,9,X,6,6,N,8,2,T,PTRB,378,TR,6,17,,8,0,0,CON,D,,,6,893,,,,,00000,00,,64,3,57,672046000,57672046000,3,7,2,2,2,1267,88,2,0,0,0,998,0,1,5,12,11,6,2,2,0,0,1,1,41,97760,6,1,6,1,3,0,76,294,0,0,0,0,1,12,2009,12,2009,0,0,0,0,0,1,2,55,3,1,2,1,0,0,14,62,1,1,1,51,0,0
30,300132,1,1,1,1,10,20,23,8,0,1,0,30,1,12,461,12461,21,1984,1FDDE14F4EHB,1,F,D,D,E,1,4,F,4,E,H,B,0,T,FORD,15V,CG,84,17,,1,1380,1240,VAN,G,,,8,302,,,,B,3610,02,,42,0,0,000000000,00000000000,0,0,0,1,0,0,0,0,0,0,0,998,0,0,0,12,12,0,1,8,0,0,0,1,30,59802,1,1,0,0,2,2,72,200,98,0,0,0,3,7,2010,9,2011,0,38,74,0,0,1,2,30,1,1,2,1,0,0,1,80,1,1,1,13,0,0
30,300133,1,1,1,6,10,11,38,1,0,1,0,30,1,20,22,20022,4,2007,1G1AK55F3773,1,G,1,A,K,5,5,F,3,7,7,3,0,P,CHEV,BLS,4D,7,17,3216,,0,1033,,G,,F,4,134,,,15R195,,,,,,0,0,000000000,00000000000,0,0,0,1,0,0,0,0,0,0,0,998,0,1,3,0,0,6,2,1,0,0,0,1,30,59102,6,1,0,0,3,1,68,115,98,0,0,4,1,9,2009,9,2011,0,36,39,0,0,2,2,75,3,6,2,2,0,0,14,12,1,1,4,6,1,0
30,300134,1,1,2,8,10,18,44,31,0,1,0,38,1,12,481,12481,31,1999,1FTSW31SXXEE,1,F,T,S,W,3,1,S,X,X,E,E,0,T,FORD,F3S,CW,99,17,,2,1724,1562,SRW,G,,,10,415,,,,D,5945,01,E,44,0,0,000000000,00000000000,0,0,0,1,0,0,0,0,0,0,0,998,0,1,3,12,12,6,2,1,0,0,0,1,38,58721,6,1,0,0,3,0,70,170,0,0,0,2,0,6,2010,6,2010,1,36,58,0,0,2,2,75,1,1,2,1,0,0,1,13,6,9,4,2,1,1
30,300135,1,2,1,10,10,14,20,12,1,1,0,56,2,7,442,7442,20,2007,1D4GP24E27B2,1,D,4,G,P,2,4,E,2,7,B,2,0,T,DODG,GCS,ES,7,17,,1,0,1193,CAR,F,,,6,201,,,,,4095,00,E,42,0,0,000000000,00000000000,0,0,0,1,0,0,0,0,0,0,0,998,0,0,0,12,12,6,2,12,0,0,0,1,56,82414,6,1,0,0,3,0,71,160,1,0,0,0,0,6,2010,6,2010,0,36,0,0,0,2,2,75,1,5,2,1,0,0,1,51,1,1,1,24,0,0
30,300135,2,2,2,10,10,14,20,12,1,1,0,30,1,12,398,12398,2,1924,132608B00000,1,3,2,6,0,8,B,0,0,0,0,0,0,P,FORD,,,24,17,,,,,,,,,,,,,,,,,,,0,0,000000000,00000000000,0,0,0,1,0,0,0,0,0,0,0,38,0,0,0,6,6,6,2,12,0,0,0,1,30,59632,6,1,0,0,3,1,69,150,98,0,0,0,0,0,0,0,0,0,0,0,0,0,2,2,75,1,5,2,1,0,0,1,53,1,1,1,25,1,0
30,300136,1,1,1,10,10,21,15,35,0,1,0,30,1,20,34,20034,3,1992,2C1MR2461N67,2,C,1,M,R,2,4,6,1,N,6,7,0,P,GEO,GML,2H,92,17,1650,,931,892,,G,,F,3,061,,,12R415,,,,,,0,0,000000000,00000000000,0,0,0,1,0,0,0,0,0,0,0,65,0,1,5,6,0,6,2,1,0,0,0,1,30,59404,6,1,0,0,3,0,73,205,98,0,0,0,0,0,0,0,0,0,36,58,0,0,1,2,65,3,1,2,1,0,0,14,13,6,4,4,2,1,1
30,300137,1,1,1,10,10,23,55,1,0,1,0,30,2,20,421,20421,15,1996,1GNDT13W2T21,1,G,N,D,T,1,3,W,2,T,2,1,0,P,CHEV,BZR,UT,96,17,4023,,0,1070,,G,,F,6,262,,,15R235,,,,,,0,0,000000000,00000000000,0,0,0,1,0,0,0,0,0,0,0,998,0,1,5,0,0,6,2,1,0,0,0,1,30,59804,1,1,0,0,2,2,67,136,98,0,0,0,0,0,0,0,0,0,58,74,0,0,1,2,65,3,1,2,1,0,0,14,13,6,4,4,2,1,1
30,300138,1,2,1,10,10,5,25,12,1,1,0,30,1,23,481,23481,31,2003,2GTEK19T6312,2,G,T,E,K,1,9,T,6,3,1,2,0,T,GMC,NK1,4C,3,17,,2,1575,1435,SIE,G,,,8,325,,,,B,4910,02,4,44,0,0,000000000,00000000000,0,0,0,1,0,0,0,0,0,0,0,75,0,0,0,12,12,6,2,12,0,0,0,1,30,59105,6,1,0,0,3,1,70,247,98,0,0,2,2,5,2009,9,2011,0,36,0,0,0,2,2,75,1,5,2,1,0,0,1,51,1,1,1,24,1,0
30,300138,2,2,1,10,10,5,25,12,1,1,0,30,3,84,999,84999,99,1970,559444X02550,5,5,9,4,4,4,X,0,2,5,5,0,0,T,INTL,D4F,CB,70,17,,8,2390,1340,D40,D,,,,,,,,,,,,42,0,0,000000000,00000000000,0,0,0,1,0,0,0,0,0,0,0,65,0,0,0,6,6,2,1,12,0,0,0,1,30,59327,6,1,0,0,3,0,70,165,98,0,0,0,0,0,0,0,0,0,0,0,0,0,2,2,65,1,5,2,1,0,0,1,53,1,1,1,25,0,0
30,300139,1,2,1,4,10,6,50,11,0,1,0,30,1,21,20,21020,4,1989,2G3AM51N5K23,2,G,3,A,M,5,1,N,5,K,2,3,0,P,OLDS,CSL,4D,89,17,2671,,0,1049,,G,,F,6,204,,,14R185,,,,,,0,0,000000000,00000000000,0,0,0,1,0,0,0,0,0,0,0,998,0,0,0,12,12,2,1,11,0,0,0,1,30,59486,6,1,0,0,3,1,61,230,98,0,0,0,0,0,0,0,0,0,0,0,0,0,1,2,65,1,5,2,1,0,0,1,87,1,1,1,13,0,0
30,300139,2,2,1,4,10,6,50,11,0,1,0,30,1,20,481,20481,31,1999,2GCEK19T4X12,2,G,C,E,K,1,9,T,4,X,1,2,0,T,CHEV,SK1,3C,99,17,,2,1575,1435,SIL,G,,,8,325,,,,B,4621,00,,44,0,0,000000000,00000000000,0,0,0,1,0,0,0,0,0,0,0,65,0,0,0,13,13,6,2,54,0,0,0,1,30,59405,6,1,0,0,3,1,69,175,98,0,0,0,0,0,0,0,0,0,0,0,0,0,1,2,65,1,6,2,1,0,0,1,98,1,1,1,98,1,0
30,300140,1,1,1,14,10,99,99,58,0,1,0,30,2,12,402,12402,14,2009,1FMCU593X9KC,1,F,M,C,U,5,9,3,X,9,K,C,0,P,FORD,SPE,UT,9,17,3794,,0,1031,,B,,F,4,153,,,16R235,,,,,,0,0,000000000,00000000000,0,0,0,1,0,0,0,0,0,0,0,998,0,1,6,12,12,6,2,58,0,0,0,1,30,59870,6,1,0,0,3,1,71,190,98,0,0,0,0,0,0,0,0,0,0,0,0,0,0,0,0,0,0,0,0,0,0,99,9,1,1,4,98,1,0
30,300141,1,1,1,18,10,13,30,1,0,1,0,30,1,18,3,18003,4,2000,1G4CW52K9Y42,1,G,4,C,W,5,2,K,9,Y,4,2,0,P,BUIC,PKA,4D,0,17,3778,,0,1138,,G,,F,6,231,,,16R225,,,,,,0,0,000000000,00000000000,0,0,0,1,0,0,0,0,0,0,0,998,0,1,5,0,0,6,2,1,0,0,0,1,30,59601,6,1,0,0,3,1,63,160,98,0,0,0,0,0,0,0,0,0,36,58,39,0,1,2,70,2,6,4,1,0,0,14,13,6,4,4,2,1,0
30,300142,1,1,1,10,10,21,0,35,0,1,0,30,1,22,18,22018,4,2001,1G2NF52T31C2,1,G,2,N,F,5,2,T,3,1,C,2,0,P,PONT,SE1,4D,1,17,3116,,0,1070,,G,,F,4,146,,,15R215,,,,,,0,0,000000000,00000000000,0,0,0,1,0,0,0,0,0,0,0,998,0,1,5,12,12,6,2,1,0,0,0,1,30,59102,6,1,0,0,3,0,69,155,98,0,0,0,0,0,0,0,0,1,39,36,0,0,1,2,60,3,1,2,1,0,0,14,13,1,1,4,1,1,1
30,300143,1,2,2,18,10,3,0,11,0,1,0,53,2,49,40,49040,4,2010,4T1BF3EK4AU5,4,T,1,B,F,3,E,K,4,A,U,5,0,P,TOYT,CBA,4D,10,17,3263,,0,1093,,G,,F,4,152,,,16R215,,,,,,0,0,000000000,00000000000,0,0,0,1,0,0,0,0,0,0,0,70,0,0,0,12,12,6,2,12,0,0,0,1,6,95051,6,1,0,0,3,0,64,105,0,0,0,0,0,0,0,0,0,0,0,0,0,0,2,2,75,1,6,2,1,0,0,1,87,1,1,1,13,1,0
30,300143,2,2,2,18,10,3,0,11,0,1,0,17,3,87,881,87881,66,2006,1XP7DB9X56D6,1,X,P,7,D,B,9,X,5,6,D,6,1,T,PTRB,387,TR,6,17,,8,0,0,CON,D,,,6,893,,,,,00000,00,,64,1,57,206569200,57206569200,3,6,1,1,0,0,0,0,0,0,0,63,0,0,0,12,12,6,2,12,0,0,0,1,17,60647,6,1,6,1,3,0,68,180,0,0,0,0,0,0,0,0,0,0,0,0,0,0,2,2,65,1,5,2,1,0,0,1,54,6,1,1,98,0,0
30,300144,1,1,2,19,10,21,50,1,0,1,0,38,1,2,431,2431,15,1984,1JCWB7557ET0,1,J,C,W,B,7,5,5,7,E,T,0,0,P,AMER,WAG,UT,84,17,3007,,0,1010,,G,,2,6,173,,,000000,,,,,,0,0,000000000,00000000000,0,0,0,1,0,0,0,0,0,0,0,998,0,1,1,0,0,6,2,1,0,0,0,1,38,58504,6,1,0,0,3,0,64,121,3,0,0,1,3,6,2010,8,2011,0,58,0,0,0,1,2,65,1,1,2,1,0,0,1,13,6,4,6,98,1,0
30,300145,1,1,1,20,10,17,35,8,0,1,0,30,2,52,37,52037,2,2001,4A3AC44G61E1,4,A,3,A,C,4,4,G,6,1,E,1,0,P,MITS,EGS,2H,1,17,2944,,0,1008,,G,,F,4,143,,,16R205,,,,,,0,0,000000000,00000000000,0,0,0,1,0,0,0,0,0,0,0,998,0,0,0,1,1,4,3,8,0,0,0,1,30,59632,6,1,0,0,3,0,69,140,98,0,0,0,1,7,2010,7,2010,0,89,0,0,0,6,2,60,2,6,2,1,0,0,14,80,1,1,1,13,0,0