STATE,ST_CASE,VEH_NO,VE_FORMS,NUMOCCS,DAY,MONTH,HOUR,MINUTE,HARM_EV,MAN_COLL,UNITTYPE,HIT_RUN,REG_STAT,OWNER,MAKE,MODEL,MAK_MOD,BODY_TYP,MOD_YEAR,VIN,VIN_1,VIN_2,VIN_3,VIN_4,VIN_5,VIN_6,VIN_7,VIN_8,VIN_9,VIN_10,VIN_11,VIN_12,TOW_VEH,VINTYPE,VINMAKE,VINA_MOD,VIN_BT,VINMODYR,VIN_LNGT,VIN_WGT,WGTCD_TR,WHLBS_LG,WHLBS_SH,SER_TR,FUELCODE,MCYCL_DS,CARBUR,CYLINDER,DISPLACE,MCYCL_CY,MCYCL_WT,TIRE_SZE,TON_RAT,TRK_WT,TRKWTVAR,VIN_REST,WHLDRWHL,J_KNIFE,MCARR_I1,MCARR_I2,MCARR_ID,GVWR,V_CONFIG,CARGO_BT,HAZ_INV,HAZ_PLAC,HAZ_ID,HAZ_CNO,HAZ_REL,BUS_USE,SPEC_USE,EMER_USE,TRAV_SP,UNDERIDE,ROLLOVER,ROLINLOC,IMPACT1,IMPACT2,DEFORMED,TOWED,M_HARM,VEH_SC1,VEH_SC2,FIRE_EXP,DR_PRES,L_STATE,DR_ZIP,L_STATUS,L_TYPE,CDL_STAT,L_ENDORS,L_COMPL,L_RESTRI,DR_HGT,DR_WGT,PREV_ACC,PREV_SUS,PREV_DWI,PREV_SPD,PREV_OTH,FIRST_MO,FIRST_YR,LAST_MO,LAST_YR,SPEEDREL,DR_SF1,DR_SF2,DR_SF3,DR_SF4,VTRAFWAY,VNUM_LAN,VSPD_LIM,VALIGN,VPROFILE,VPAVETYP,VSURCOND,VTRAFCON,VTCONT_F,P_CRASH1,P_CRASH2,P_CRASH3,PCRASH4,PCRASH5,ACC_TYPE,DEATHS,DR_DRINK
30,300146,1,1,2,25,10,2,35,1,0,1,0,30,2,12,401,12401,14,1997,1FMDU35P3VUA,1,F,M,D,U,3,5,P,3,V,U,A,0,P,FORD,EPR,UT,97,17,4166,,0,1115,,G,,F,8,302,,,15R225,,,,,,0,0,000000000,00000000000,0,0,0,1,0,0,0,0,0,0,0,87,0,1,5,0,0,6,2,1,0,0,0,1,99,99999,9,9,99,9,9,9,999,999,99,99,99,99,99,99,9999,99,9999,1,99,99,99,99,1,2,65,1,1,2,1,0,0,1,13,6,3,4,2,1,0
30,300147,1,1,1,9,10,16,32,33,0,1,0,30,2,37,733,37733,90,1998,478TE150XWA9,4,7,8,T,E,1,5,0,X,W,A,9,0,M,HOND,T3F,AT,98,17,,,,,,,300,,1,,4,527,,,,,,,0,0,000000000,00000000000,0,0,0,1,0,0,0,0,0,0,0,98,0,0,0,1,12,6,2,19,0,0,0,1,30,59105,6,1,0,0,3,0,65,165,98,0,0,0,0,0,0,0,0,0,0,0,0,0,1,2,35,3,2,2,1,0,0,14,13,99,9,4,1,1,0
30,300148,1,2,1,26,5,18,23,12,6,1,0,30,1,49,33,49033,2,2002,JTDDR32T8201,J,T,D,D,R,3,2,T,8,2,0,1,0,P,TOYT,CGF,2H,2,17,2425,,0,1023,,G,,F,4,109,,,15R195,,,,,,0,0,000000000,00000000000,0,0,0,1,0,0,0,0,0,0,0,35,0,0,0,3,3,6,2,12,0,0,0,1,30,59752,6,1,0,0,3,0,64,150,98,0,0,0,0,0,0,0,0,0,39,36,28,0,1,2,35,3,1,2,1,0,0,14,13,6,4,2,64,1,1
30,300148,2,2,1,26,5,18,23,12,6,1,0,30,1,49,32,49032,4,2008,1NXBR32E38Z0,1,N,X,B,R,3,2,E,3,8,Z,0,0,P,TOYT,UCS,4D,8,17,2530,,0,1024,,G,,F,4,110,,,15R185,,,,,,0,0,000000000,00000000000,0,0,0,1,0,0,0,0,0,0,0,35,0,0,0,12,12,6,2,12,0,0,0,1,30,59752,6,1,0,0,3,1,64,150,98,0,0,0,0,0,0,0,0,0,0,0,0,0,2,2,35,2,1,2,1,0,0,14,62,99,1,1,65,0,0
30,300149,1,1,1,29,10,1,30,34,0,1,0,30,1,22,9,22009,2,1999,2G2FV22G6X22,2,G,2,F,V,2,2,G,6,X,2,2,0,P,PONT,FTA,2H,99,17,3455,,0,1011,,G,,F,8,350,,,16R245,,,,,,0,0,000000000,00000000000,0,0,0,1,0,0,0,0,0,0,0,998,0,1,5,14,13,6,2,1,0,0,0,1,30,59270,6,1,6,0,3,0,67,170,98,0,0,0,0,0,0,0,0,0,36,39,58,0,1,2,98,2,1,2,1,0,0,14,13,6,3,4,2,1,1
30,300150,1,1,1,29,10,2,40,42,0,1,0,53,1,12,13,12013,3,1990,1FAPP9896LW1,1,F,A,P,P,9,8,9,6,L,W,1,0,P,FORD,LXE,SW,90,17,2313,,0,942,,G,,F,4,116,,,14R175,,,,,,0,0,000000000,00000000000,0,0,0,1,0,0,0,0,0,0,0,998,0,0,0,14,62,6,2,42,0,0,0,1,53,98584,0,0,0,0,0,0,999,999,99,99,99,99,99,99,9999,99,9999,0,0,0,0,0,1,2,55,2,1,2,2,0,0,14,12,1,1,4,6,1,1
30,300151,1,1,2,30,10,14,0,1,0,1,0,30,1,23,421,23421,15,1998,1GKEK13R8WJ7,1,G,K,E,K,1,3,R,8,W,J,7,0,T,GMC,YUK,4W,98,17,,2,0,1175,YUK,G,,,8,350,,,,B,5331,00,E,44,0,0,000000000,00000000000,0,0,0,1,0,0,0,0,0,0,0,998,0,1,5,0,0,6,2,1,0,0,0,1,30,59803,6,1,0,0,3,0,65,160,98,0,0,1,0,6,2010,6,2010,0,0,0,0,0,1,2,0,3,6,5,1,0,0,14,13,6,1,4,1,2,0
30,300152,1,2,1,31,10,14,21,12,1,1,0,35,1,2,404,2404,14,2005,1J4GS48KX5C6,1,J,4,G,S,4,8,K,X,5,C,6,0,T,JEEP,LCF,4W,5,17,,1,0,1095,GCK,G,,,6,226,,,,,4147,00,E,42,0,0,000000000,00000000000,0,0,0,1,0,0,0,0,0,0,0,65,0,0,0,12,12,6,2,12,0,0,0,1,35,87114,6,1,0,0,3,0,72,225,98,0,0,0,0,0,0,0,0,1,36,39,26,0,1,4,40,3,1,2,1,0,0,14,50,1,1,1,20,0,0
30,300152,2,2,2,31,10,14,21,12,1,1,0,30,1,20,19,20019,2,1994,1G1LV15M2RY2,1,G,1,L,V,1,5,M,2,R,Y,2,0,P,CHEV,BER,CP,94,17,2649,,0,1034,,G,,F,6,191,,,14R185,,,,,,0,0,000000000,00000000000,0,0,0,1,0,0,0,0,0,0,0,0,0,0,0,6,6,6,2,12,0,0,0,1,30,59417,1,1,0,0,2,2,999,999,98,0,0,0,0,0,0,0,0,0,74,0,0,0,1,4,40,3,1,2,1,0,0,11,53,1,1,1,22,1,0
30,300153,1,1,1,24,10,7,17,8,0,1,0,30,2,20,421,20421,15,1994,1GNDT13W4R21,1,G,N,D,T,1,3,W,4,R,2,1,0,P,CHEV,S10,UT,94,17,3811,,0,1070,,G,,F,6,262,,,000000,,,,,,0,0,000000000,00000000000,0,0,0,1,0,0,0,0,0,0,0,998,0,0,0,12,0,2,1,8,0,0,0,1,30,59602,6,1,0,0,3,0,69,125,98,0,0,0,0,0,0,0,0,0,0,0,0,0,1,2,40,1,1,2,2,0,0,1,80,4,1,1,13,0,0
30,300154,1,1,2,1,11,20,9,10,0,1,0,30,2,12,481,12481,31,1995,1FTEX14N8SKB,1,F,T,E,X,1,4,N,8,S,K,B,0,T,FORD,F15,PC,95,17,,2,1550,1390,COF,G,,,8,302,,,,B,00000,00,M,44,0,0,000000000,00000000000,0,0,0,1,0,0,0,0,0,0,0,998,0,0,0,13,13,6,2,10,0,0,0,1,30,59270,6,1,0,0,3,1,66,160,98,0,0,0,0,0,0,0,0,0,36,39,0,0,1,2,55,1,1,2,1,65,3,1,90,1,1,1,12,2,1
30,300155,1,1,1,1,11,5,35,1,0,1,0,30,1,48,34,48034,6,1997,4S3BG6856V76,4,S,3,B,G,6,8,5,6,V,7,6,0,P,SUBA,UKK,SW,97,17,3155,,0,1035,,G,,F,4,150,,,15R205,,,,,,0,0,000000000,00000000000,0,0,0,1,0,0,0,0,0,0,0,55,0,1,3,0,0,6,2,1,0,0,0,1,30,59602,6,1,0,0,3,0,65,155,98,0,0,0,0,0,0,0,0,0,58,0,0,0,2,2,75,1,1,2,1,0,0,1,12,7,4,4,7,1,0
30,300156,1,1,2,3,11,23,40,34,0,1,0,30,2,12,3,12003,2,2002,1FAFP42X72F2,1,F,A,F,P,4,2,X,7,2,F,2,0,P,FORD,MGT,CP,2,17,3241,,0,1013,,G,,F,8,281,,,17R245,,,,,,0,0,000000000,00000000000,0,0,0,1,0,0,0,0,0,0,0,998,0,1,5,98,98,6,2,1,0,0,0,1,30,59808,6,1,0,0,3,0,74,200,98,0,0,1,0,4,2009,4,2009,1,39,36,0,0,1,2,35,2,1,2,1,0,0,14,12,99,3,4,7,1,1
30,300157,1,2,1,4,11,13,45,12,2,1,0,30,1,7,482,7482,31,2005,1D7HU18N25S3,1,D,7,H,U,1,8,N,2,5,S,3,0,T,DODG,SQ1,CW,5,17,,2,1605,1405,RPC,G,,,8,287,,,,B,4979,03,E,44,0,0,000000000,00000000000,0,0,0,1,0,0,0,0,0,0,0,998,0,0,0,12,12,6,2,12,0,0,0,1,30,59901,6,1,0,0,3,0,72,300,98,0,0,0,0,0,0,0,0,0,28,0,0,0,5,5,55,1,1,2,1,0,0,1,10,1,1,2,50,1,0
30,300157,2,2,2,4,11,13,45,12,2,1,0,30,2,7,482,7482,31,2008,3D7KS19D28G2,3,D,7,K,S,1,9,D,2,8,G,2,0,T,DODG,ME1,CW,8,17,,2,0,1605,RPC,G,,,8,348,,,,B,6424,00,E,44,0,0,000000000,00000000000,0,0,0,1,0,0,0,0,0,0,0,999,0,0,0,12,12,6,2,12,0,0,0,1,30,59901,6,1,0,0,3,1,71,195,98,0,0,0,0,0,0,0,0,0,0,0,0,0,5,5,55,1,1,2,1,0,0,1,62,1,1,1,51,0,0
30,300158,1,2,1,6,11,0,25,12,6,1,0,30,1,18,2,18002,4,2005,1G4HP52K95U2,1,G,4,H,P,5,2,K,9,5,U,2,0,P,BUIC,LCF,4D,5,17,3567,,0,1122,,G,,F,6,232,,,15R215,,,,,,0,0,000000000,00000000000,0,0,0,1,0,0,0,0,0,0,0,998,0,0,0,3,3,6,2,12,0,0,0,1,30,59044,6,1,0,0,3,0,61,120,98,0,0,0,1,12,2010,12,2010,1,28,58,0,0,1,2,55,2,1,2,4,40,3,14,10,6,4,2,64,1,0
30,300158,2,2,1,6,11,0,25,12,6,1,0,56,1,20,421,20421,15,1999,1GNEK13R7XJ3,1,G,N,E,K,1,3,R,7,X,J,3,0,P,CHEV,KTA,UT,99,17,5268,,0,1175,,G,,F,8,350,,,16R245,,,,,,0,0,000000000,00000000000,0,0,0,1,0,0,0,0,0,0,0,998,0,0,0,12,12,6,2,12,0,0,0,1,56,83002,6,1,6,0,3,0,72,210,0,0,0,2,1,2,2009,11,2010,0,0,0,0,0,1,2,55,2,6,2,4,40,3,14,62,2,1,1,65,0,0
30,300159,1,1,1,2,11,16,30,34,0,1,0,92,0,98,739,98739,90,2010,4XAZX85A5AA7,4,X,A,Z,X,8,5,A,5,A,A,7,0,U,,SE8,AT,10,14,,,,,,,850,,2,,4,783,,,,,,,0,0,000000000,00000000000,0,0,0,1,0,0,0,0,0,0,0,998,0,0,0,14,14,0,1,34,0,0,0,1,30,59047,6,1,0,0,3,0,75,197,98,0,0,0,0,0,0,0,0,0,0,0,0,0,1,2,70,1,1,2,1,0,0,98,98,99,1,5,98,1,0
30,300160,1,2,1,13,11,15,0,12,6,1,0,30,2,52,34,52034,4,2002,4A3AA46G42E1,4,A,3,A,A,4,6,G,4,2,E,1,0,P,MITS,UEL,4D,2,17,3075,,0,1037,,G,,F,4,143,,,15R195,,,,,,0,0,000000000,00000000000,0,0,0,1,0,0,0,0,0,0,0,45,0,0,0,3,3,6,2,12,0,0,0,1,30,59875,6,1,0,0,3,0,75,225,98,0,0,0,0,0,0,0,0,0,58,28,0,0,1,2,70,1,1,2,4,0,0,1,5,7,4,2,64,1,0
30,300160,2,2,1,13,11,15,0,12,6,1,0,53,1,52,401,52401,14,1994,JA4MR51MXRJ0,J,A,4,M,R,5,1,M,X,R,J,0,0,P,MITS,MON,UT,94,17,4440,,0,1073,,G,,F,6,213,,,15R265,,,,,,0,0,000000000,00000000000,0,0,0,1,0,0,0,0,0,0,0,998,0,0,0,12,12,6,2,12,0,0,0,1,53,98922,6,1,6,0,3,0,72,220,0,0,0,0,0,0,0,0,0,0,0,0,0,0,1,2,70,1,1,2,4,0,0,1,62,4,1,1,65,0,0
30,300161,1,1,1,14,11,22,0,34,0,1,0,30,1,20,471,20471,30,1994,1GCCS19Z3R81,1,G,C,C,S,1,9,Z,3,R,8,1,0,T,CHEV,S14,PC,94,17,,1,1229,1083,S,G,,,6,262,,,,B,3157,00,,42,0,0,000000000,00000000000,0,0,0,1,0,0,0,0,0,0,0,88,0,1,6,12,12,6,2,1,0,0,0,1,30,59544,6,1,0,0,3,1,73,240,98,0,1,0,0,7,2011,7,2011,1,36,39,0,0,1,2,65,1,1,2,1,20,3,1,17,1,1,4,14,1,1
30,300162,1,1,1,17,11,20,30,11,0,1,0,38,1,22,32,22032,6,2003,5Y2SL62853Z4,5,Y,2,S,L,6,2,8,5,3,Z,4,0,P,PONT,VIB,4H,3,17,2700,,0,1024,,G,,F,4,110,,,16R205,,,,,,0,0,000000000,00000000000,0,0,0,1,0,0,0,0,0,0,0,998,0,0,0,12,9,6,2,52,0,0,0,1,38,58654,6,1,0,0,3,1,999,999,0,0,0,0,0,0,0,0,0,0,83,58,0,0,2,2,75,1,1,2,1,0,0,1,87,6,1,1,13,1,0
30,300163,1,1,2,20,11,9,35,34,0,1,0,30,2,18,401,18401,14,2003,3G5DB03E93S5,3,G,5,D,B,0,3,E,9,3,S,5,0,P,BUIC,RZV,UT,3,17,4024,,0,1122,,G,,F,6,204,,,16R215,,,,,,0,0,000000000,00000000000,0,0,0,1,0,0,0,0,0,0,0,998,0,1,6,9,9,6,2,34,0,0,0,1,30,59808,6,1,6,0,3,0,62,165,98,0,0,1,1,2,2011,3,2011,1,58,0,0,0,2,2,75,3,1,2,4,0,0,14,13,6,3,4,2,1,0
30,300164,1,1,1,22,11,21,26,1,0,1,0,30,1,6,52,6052,6,2001,3C4FY4BB91T5,3,C,4,F,Y,4,B,B,9,1,T,5,0,P,CHRY,PTC,SV,1,17,3109,,0,1030,,G,,F,4,148,,,15R195,,,,,,0,0,000000000,00000000000,0,0,0,1,0,0,0,0,0,0,0,998,0,1,5,0,0,6,2,1,0,0,0,1,30,59301,6,1,0,0,3,0,64,150,98,0,0,0,0,0,0,0,0,0,58,0,0,0,2,2,75,1,5,2,1,0,0,1,12,7,3,4,2,1,0
30,300165,1,2,4,24,11,12,40,12,6,1,0,30,2,20,2,20002,4,2000,2G1WF55E0Y91,2,G,1,W,F,5,5,E,0,Y,9,1,0,P,CHEV,IMP,4D,0,17,3389,,0,1110,,G,,F,6,207,,,16R225,,,,,,0,0,000000000,00000000000,0,0,0,1,0,0,0,0,0,0,0,70,0,1,6,1,2,6,2,1,0,0,0,1,30,59417,6,1,0,0,3,0,76,230,98,0,0,0,0,0,0,0,0,1,36,39,58,0,1,5,35,1,5,2,1,20,3,6,10,6,1,2,83,1,1
30,300165,2,2,3,24,11,12,40,12,6,1,0,30,1,20,443,20443,20,1998,1GNDX03EXWD1,1,G,N,D,X,0,3,E,X,W,D,1,0,T,CHEV,VTR,ES,98,17,,1,0,1200,VTR,G,,,6,207,,,,,3838,00,,42,0,0,000000000,00000000000,0,0,0,1,0,0,0,0,0,0,0,10,0,0,0,12,12,6,2,12,0,0,0,1,30,59417,6,1,0,0,2,1,60,225,98,0,0,0,0,0,0,0,0,0,0,0,0,0,5,5,35,1,1,2,1,0,0,11,62,1,1,1,82,0,0
30,300166,1,1,2,26,11,12,14,1,0,1,0,30,2,12,17,12017,4,2006,1FAFP56U96A2,1,F,A,F,P,5,6,U,9,6,A,2,0,P,FORD,TEL,4D,6,17,3314,,0,1085,,G,,F,6,183,,,16R215,,,,,,0,0,000000000,00000000000,0,0,0,1,0,0,0,0,0,0,0,75,0,1,5,0,1,6,2,1,0,0,0,1,38,58701,6,1,0,0,3,1,66,140,0,0,0,0,1,11,2011,11,2011,0,58,0,0,0,2,2,75,1,1,2,1,0,0,1,12,7,3,4,2,1,0
30,300167,1,1,2,27,11,13,3,1,0,1,0,55,3,51,881,51881,66,2012,4V4NC9EH5CN5,4,V,4,N,C,9,E,H,5,C,N,5,1,T,VOLV,VNL,TR,12,17,,8,0,0,VVN,D,,,6,793,,,,,00000,00,,64,1,57,752500000,57752500000,3,6,1,1,0,0,0,0,0,0,0,40,0,2,5,0,12,6,2,52,0,0,0,1,55,54864,6,1,6,1,3,1,68,185,0,0,0,0,0,0,0,0,0,0,0,0,0,0,1,2,65,1,1,2,1,40,3,1,8,98,7,4,2,1,0
30,300168,1,1,1,21,11,17,16,8,0,1,0,30,1,22,2,22002,4,1991,1G2HX54C0M12,1,G,2,H,X,5,4,C,0,M,1,2,0,P,PONT,BLE,4D,91,17,3323,,0,1108,,G,,F,6,231,,,15R215,,,,,,0,0,000000000,00000000000,0,0,0,1,0,0,0,0,0,0,0,35,0,0,0,12,12,2,3,8,0,0,0,1,30,59011,6,1,0,0,3,1,65,115,98,0,0,0,0,0,0,0,0,0,0,0,0,0,5,3,45,3,1,2,2,0,0,14,80,6,1,3,13,0,0
30,300169,1,1,2,4,12,1,9,19,0,1,1,30,2,12,3,12003,2,1999,1FAFP42X4XF1,1,F,A,F,P,4,2,X,4,X,F,1,0,P,FORD,MGT,CP,99,17,3273,,0,1013,,G,,F,8,281,,,16R225,,,,,,0,0,000000000,00000000000,0,0,0,1,0,0,0,0,0,0,0,998,0,0,0,81,1,6,2,40,0,0,0,1,30,59105,1,1,0,0,2,2,76,172,98,2,1,1,2,10,2009,10,2011,0,39,74,0,0,1,4,35,1,2,2,1,0,0,1,13,99,1,4,1,1,1
30,300170,1,1,1,10,12,4,11,8,0,1,0,53,2,41,35,41035,4,1992,JM1BG2263N04,J,M,1,B,G,2,2,6,3,N,0,4,0,P,MAZD,PLX,4D,92,17,2487,,0,984,,G,,F,4,112,,,14R185,,,,,,0,0,000000000,00000000000,0,0,0,1,0,0,0,0,0,0,0,62,0,0,0,12,12,4,3,8,0,0,0,1,53,98801,6,1,0,0,3,0,68,220,0,0,0,0,0,0,0,0,0,0,0,0,0,0,1,2,65,3,6,2,1,0,0,14,80,8,1,1,13,0,0
30,300171,1,1,1,10,12,22,14,1,0,1,0,30,2,20,421,20421,15,2005,1GNEK13Z95J2,1,G,N,E,K,1,3,Z,9,5,J,2,0,P,CHEV,KTA,UT,5,17,5192,,0,1160,,F,,F,8,325,,,16R265,,,,,,0,0,000000000,00000000000,0,0,0,1,0,0,0,0,0,0,0,998,0,1,5,0,13,6,2,1,0,0,0,1,30,59255,6,1,6,0,3,1,68,240,98,0,0,0,1,10,2011,10,2011,1,36,58,39,37,1,2,65,2,6,2,1,0,0,14,12,7,1,4,6,1,1
30,300172,1,1,3,14,12,0,35,1,0,1,0,30,1,19,18,19018,4,2006,1G6DP5771601,1,G,6,D,P,5,7,7,1,6,0,1,0,P,CADI,HF6,4D,6,17,3509,,0,1134,,G,,F,6,220,,,16R225,,,,,,0,0,000000000,00000000000,0,0,0,1,0,0,0,0,0,0,0,998,0,1,5,0,13,6,2,1,0,0,0,1,48,76017,6,1,6,0,3,0,999,999,0,0,0,1,0,6,2010,6,2010,1,39,58,0,0,1,2,65,3,1,2,1,0,0,14,6,7,3,4,7,1,1
30,300173,1,1,3,9,12,2,6,30,0,1,0,30,2,22,20,22020,4,2001,1G2WR52121F1,1,G,2,W,R,5,2,1,2,1,F,1,0,P,PONT,GTP,4D,1,17,3559,,0,1105,,G,,Z,6,231,,,16R225,,,,,,0,0,000000000,00000000000,0,0,0,1,0,0,0,0,0,0,0,998,0,1,5,98,98,6,2,1,0,0,0,1,30,59635,6,1,0,0,3,1,64,125,98,0,0,0,2,3,2010,1,2011,1,36,39,0,0,1,4,55,1,1,2,2,0,0,1,12,99,9,4,7,1,1
30,300174,1,1,1,14,12,17,2,8,0,1,0,30,1,12,17,12017,4,2008,1FAHP24WX8G1,1,F,A,H,P,2,4,W,X,8,G,1,0,P,FORD,TEL,4D,8,17,3643,,0,1129,,G,,F,6,214,,,17R215,,,,,,0,0,000000000,00000000000,0,0,0,1,0,0,0,0,0,0,0,998,0,0,0,12,12,6,2,8,0,0,0,1,30,59527,6,1,0,0,3,1,57,172,98,0,0,0,0,0,0,0,0,0,39,41,0,0,1,2,65,1,1,2,1,20,3,1,80,1,1,1,13,0,0
30,300175,1,2,3,15,12,9,43,12,1,1,0,30,1,22,20,22020,4,2002,1G2WK52J62F1,1,G,2,W,K,5,2,J,6,2,F,1,0,P,PONT,GFS,4D,2,17,3384,,0,1105,,G,,F,6,191,,,15R205,,,,,,0,0,000000000,00000000000,0,0,0,1,0,0,0,0,0,0,0,998,0,1,5,6,6,6,2,1,0,0,0,1,30,59701,6,1,0,0,3,1,60,150,98,0,0,0,0,0,0,0,0,0,38,35,0,0,2,2,65,1,1,2,1,0,0,6,53,1,1,1,25,1,0
30,300175,2,2,1,15,12,9,43,12,1,1,0,53,1,7,482,7482,31,2012,1C6RD7KT6CS1,1,C,6,R,D,7,K,T,6,C,S,1,0,T,DODG,S1T,CW,12,17,,2,0,1400,RPC,G,,,8,348,,,,B,5257,00,K,44,0,0,000000000,00000000000,0,0,0,1,0,0,0,0,0,0,0,78,0,0,0,12,12,2,3,12,0,0,0,1,53,99301,6,1,0,0,3,1,72,240,0,0,0,0,0,0,0,0,0,1,39,0,0,0,1,2,65,1,1,2,1,0,0,1,61,8,1,1,24,0,0
30,300176,1,1,3,15,12,15,35,24,0,1,0,30,2,12,17,12017,4,1994,1FALP5248RA1,1,F,A,L,P,5,2,4,8,R,A,1,0,P,FORD,TAG,4D,94,17,3104,,0,1060,,G,,F,6,232,,,15R205,,,,,,0,0,000000000,00000000000,0,0,0,1,0,0,0,0,0,0,0,998,0,0,0,12,12,6,2,24,0,0,0,1,30,59801,6,1,0,0,2,2,64,180,98,1,0,0,0,0,0,0,0,1,87,74,0,0,1,2,70,2,5,2,4,0,0,14,12,99,9,4,7,1,0
30,300177,1,1,1,15,12,18,38,8,0,1,0,30,1,12,17,12017,4,2001,1FAFP53221G2,1,F,A,F,P,5,3,2,2,1,G,2,0,P,FORD,TSE,4D,1,17,3354,,0,1085,,F,,F,6,182,,,16R215,,,,,,0,0,000000000,00000000000,0,0,0,1,0,0,0,0,0,0,0,998,0,0,0,12,12,9,1,8,0,0,0,1,30,59802,6,1,0,0,3,1,67,140,98,0,0,0,0,0,0,0,0,0,0,0,0,0,1,2,25,1,1,2,2,0,0,1,80,1,1,1,13,0,0
30,300178,1,1,2,15,12,23,48,31,0,1,0,30,1,23,481,23481,31,1998,2GDEK19R6W15,2,G,D,E,K,1,9,R,6,W,1,5,0,T,GMC,SK1,PC,98,17,,2,1555,1415,SIE,G,,,8,350,,,,B,4561,00,U,44,0,0,000000000,00000000000,0,0,0,1,0,0,0,0,0,0,0,97,0,1,5,12,13,6,2,1,0,0,0,1,30,59034,6,1,0,0,3,0,73,160,98,0,0,0,1,9,2010,9,2010,1,36,39,23,92,1,2,65,1,1,2,1,0,0,1,12,1,3,4,7,1,1
30,300179,1,1,1,18,12,0,20,1,0,1,0,30,1,20,481,20481,31,1972,CKE142Z13789,C,K,E,1,4,2,Z,1,3,7,8,9,0,T,CHEV,K10,PK,72,13,,1,1270,1040,K10,G,,,8,,,,,B,,,,44,0,0,000000000,00000000000,0,0,0,1,0,0,0,0,0,0,0,50,0,1,5,0,0,6,2,1,0,0,0,1,30,59457,6,1,0,0,3,0,68,180,98,0,0,0,0,0,0,0,0,0,36,58,0,0,1,2,65,1,5,2,1,0,0,1,13,6,4,4,1,1,1
30,300180,1,1,1,13,12,14,18,30,0,1,0,30,1,12,442,12442,20,2002,2FTZA54412BB,2,F,T,Z,A,5,4,4,1,2,B,B,0,T,FORD,WVN,EC,2,17,,1,0,1207,WIN,G,,,6,232,,,,B,3719,00,E,42,0,0,000000000,00000000000,0,0,0,1,0,0,0,0,0,0,0,998,0,0,0,12,12,6,2,30,0,0,0,1,30,59101,6,1,0,0,3,0,70,200,98,0,0,0,0,0,0,0,0,1,39,57,0,0,1,3,35,1,5,8,1,0,0,1,12,1,1,4,6,1,1
30,300181,1,1,1,20,12,19,27,42,0,1,0,30,1,20,481,20481,31,1976,CCL146F42111,C,C,L,1,4,6,F,4,2,1,1,1,0,T,CHEV,C10,PK,76,13,,1,1315,1065,C10,G,,,8,350,,,,B,3494,05,,42,0,0,000000000,00000000000,0,0,0,1,0,0,0,0,0,0,0,998,0,0,0,7,12,6,2,42,0,0,0,1,30,59901,2,1,2,0,2,2,74,190,98,1,2,1,0,7,2009,5,2011,1,36,74,0,0,1,2,35,1,5,2,4,0,0,1,5,1,3,4,7,1,1
30,300182,1,1,1,24,12,12,0,1,0,1,0,30,1,38,402,38402,14,1996,4S2CM58V4T43,4,S,2,C,M,5,8,V,4,T,4,3,0,P,ISU,ROD,UT,96,17,0,,0,1087,,G,,F,6,195,,,16R225,,,,,,0,0,000000000,00000000000,0,0,0,1,0,0,0,0,0,0,0,35,0,1,5,0,0,6,2,1,0,0,0,1,30,59078,6,1,0,0,3,1,72,190,98,0,0,0,0,0,0,0,0,1,36,58,0,0,1,2,70,1,1,4,1,0,0,1,13,7,3,4,2,1,1
30,300183,1,1,3,26,12,20,20,1,0,1,0,30,2,12,471,12471,30,2000,1FTZR15X8YTB,1,F,T,Z,R,1,5,X,8,Y,T,B,0,T,FORD,RNS,PC,0,17,,1,0,1259,RNG,G,,,6,245,,,,B,3599,01,U,44,0,0,000000000,00000000000,0,0,0,1,0,0,0,0,0,0,0,998,0,2,1,0,13,6,2,1,0,0,0,1,30,59527,6,1,0,0,3,0,72,190,98,0,0,0,0,0,0,0,0,0,36,58,0,0,1,2,35,1,6,2,1,0,0,1,12,7,3,2,98,1,1
30,300184,1,2,1,27,12,4,45,12,2,1,0,30,2,20,37,20037,4,2000,1G1NE52J2Y61,1,G,1,N,E,5,2,J,2,Y,6,1,0,P,CHEV,M/L,4D,0,17,3077,,0,1070,,G,,F,6,191,,,15R215,,,,,,0,0,000000000,00000000000,0,0,0,1,0,0,0,0,0,0,0,998,0,1,5,12,98,6,2,12,0,0,0,1,30,59804,6,1,0,0,3,0,63,115,98,0,0,1,1,6,2010,9,2011,0,39,28,0,0,1,4,35,2,1,2,3,0,0,14,10,99,9,2,50,1,1
30,300184,2,2,1,27,12,4,45,12,2,1,0,30,3,87,881,87881,66,1993,1XP5DB9X9PD3,1,X,P,5,D,B,9,X,9,P,D,3,1,T,PTRB,379,TR,93,17,,8,2750,1310,CON,D,,,6,893,,,,,00000,00,,64,1,57,004849740,57004849740,3,6,2,2,2,8888,3,1,0,0,0,998,0,1,5,12,99,6,2,1,0,0,0,1,30,59808,6,1,6,1,3,0,74,220,98,0,0,0,0,0,0,0,0,0,0,0,0,0,1,4,35,3,1,2,3,0,0,14,62,99,1,1,51,0,0