STATE,ST_CASE,VEH_NO,VE_FORMS,NUMOCCS,DAY,MONTH,HOUR,MINUTE,HARM_EV,MAN_COLL,UNITTYPE,HIT_RUN,REG_STAT,OWNER,MAKE,MODEL,MAK_MOD,BODY_TYP,MOD_YEAR,VIN,VIN_1,VIN_2,VIN_3,VIN_4,VIN_5,VIN_6,VIN_7,VIN_8,VIN_9,VIN_10,VIN_11,VIN_12,TOW_VEH,VINTYPE,VINMAKE,VINA_MOD,VIN_BT,VINMODYR,VIN_LNGT,VIN_WGT,WGTCD_TR,WHLBS_LG,WHLBS_SH,SER_TR,FUELCODE,MCYCL_DS,CARBUR,CYLINDER,DISPLACE,MCYCL_CY,MCYCL_WT,TIRE_SZE,TON_RAT,TRK_WT,TRKWTVAR,VIN_REST,WHLDRWHL,J_KNIFE,MCARR_I1,MCARR_I2,MCARR_ID,GVWR,V_CONFIG,CARGO_BT,HAZ_INV,HAZ_PLAC,HAZ_ID,HAZ_CNO,HAZ_REL,BUS_USE,SPEC_USE,EMER_USE,TRAV_SP,UNDERIDE,ROLLOVER,ROLINLOC,IMPACT1,IMPACT2,DEFORMED,TOWED,M_HARM,VEH_SC1,VEH_SC2,FIRE_EXP,DR_PRES,L_STATE,DR_ZIP,L_STATUS,L_TYPE,CDL_STAT,L_ENDORS,L_COMPL,L_RESTRI,DR_HGT,DR_WGT,PREV_ACC,PREV_SUS,PREV_DWI,PREV_SPD,PREV_OTH,FIRST_MO,FIRST_YR,LAST_MO,LAST_YR,SPEEDREL,DR_SF1,DR_SF2,DR_SF3,DR_SF4,VTRAFWAY,VNUM_LAN,VSPD_LIM,VALIGN,VPROFILE,VPAVETYP,VSURCOND,VTRAFCON,VTCONT_F,P_CRASH1,P_CRASH2,P_CRASH3,PCRASH4,PCRASH5,ACC_TYPE,DEATHS,DR_DRINK
31,310030,1,2,7,29,3,5,10,24,0,1,0,31,2,7,442,7442,20,2000,2B4GP2533YR8,2,B,4,G,P,2,5,3,3,Y,R,8,0,P,DODG,CAR,SV,0,17,3432,,0,1133,,G,,F,6,181,,,14R205,,,,,,0,0,000000000,00000000000,0,0,0,1,0,0,0,0,0,0,0,998,0,0,0,9,9,6,2,12,0,0,0,1,31,68801,6,1,0,0,3,0,65,150,0,0,0,1,0,1,2010,1,2010,0,0,0,0,0,1,2,35,3,2,1,4,0,0,14,62,1,1,1,98,1,0
31,310030,2,2,1,29,3,5,10,24,0,1,0,31,1,20,403,20403,14,2005,1GNET16S9561,1,G,N,E,T,1,6,S,9,5,6,1,0,P,CHEV,TRL,UT,5,17,4954,,0,1290,,G,,F,6,256,,,17R245,,,,,,0,0,000000000,00000000000,0,0,0,1,0,0,0,0,0,0,0,998,0,0,0,1,1,6,2,12,0,0,0,1,31,68801,6,1,0,0,3,0,63,200,0,0,0,2,0,1,2009,7,2010,1,58,28,87,0,1,2,35,2,2,1,4,0,0,14,13,8,2,4,2,0,0
31,310031,1,2,1,30,3,11,24,12,1,1,0,93,3,86,881,86881,66,2009,1M1AW09Y09N0,1,M,1,A,W,0,9,Y,0,9,N,0,1,T,MACK,CXU,TR,9,17,,8,0,0,600,D,,,6,783,,,,,00000,00,,64,1,57,162449,57162449,3,6,2,2,2,9999,3,2,0,0,0,998,0,1,1,6,6,6,2,1,0,0,0,1,31,68506,6,1,6,1,3,0,76,215,1,0,0,0,0,3,2011,3,2011,0,0,0,0,0,1,4,65,1,1,1,1,0,0,10,16,1,1,1,25,0,0
31,310031,2,2,1,30,3,11,24,12,1,1,0,18,3,89,881,89881,66,2010,3HSCUAPR8AN2,3,H,S,C,U,A,P,R,8,A,N,2,1,T,INTL,PPR,TR,10,17,,8,0,0,PRO,D,,,6,915,,,,,00000,00,,64,1,57,261902,57261902,3,6,1,1,0,0,0,0,0,0,0,998,0,0,0,12,12,6,2,2,0,0,1,1,26,48080,6,1,6,1,3,0,70,185,0,0,0,1,1,7,2009,11,2009,0,38,0,0,0,1,4,65,1,1,1,1,0,0,1,51,1,1,1,24,1,0
31,310032,1,2,1,1,4,14,0,12,6,1,0,31,2,22,32,22032,6,2005,5Y2SM63895Z4,5,Y,2,S,M,6,3,8,9,5,Z,4,0,P,PONT,VA4,4H,5,17,2980,,0,1024,,G,,F,4,110,,,16R205,,,,,,0,0,000000000,00000000000,0,0,0,1,0,0,0,0,0,0,0,998,0,0,0,9,9,6,2,12,0,0,0,1,31,68847,6,1,0,0,3,3,66,170,0,0,0,0,0,0,0,0,0,0,38,0,0,0,1,2,50,1,1,1,1,20,3,11,15,1,1,1,82,1,0
31,310032,2,2,1,1,4,14,0,12,6,1,0,93,3,82,881,82881,66,2010,1FUJGBDV3ASA,1,F,U,J,G,B,D,V,3,A,S,A,1,T,FRHT,113,TR,10,17,,8,0,0,CSC,D,,,6,781,,,,,00000,00,,64,1,57,164259,57164259,3,6,8,1,0,0,0,0,0,0,0,998,0,0,0,12,12,6,2,12,0,0,0,1,31,68601,6,1,6,0,3,3,73,200,0,0,0,1,0,2,2010,2,2010,0,0,0,0,0,1,2,50,1,1,1,1,20,3,1,55,1,1,1,83,0,0
31,310033,1,1,1,3,4,19,19,1,0,1,0,31,1,20,16,20016,2,2003,1G1JC12F5373,1,G,1,J,C,1,2,F,5,3,7,3,0,P,CHEV,CAV,CP,3,17,2617,,0,1041,,G,,F,4,134,,,14R195,,,,,,0,0,000000000,00000000000,0,0,0,1,0,0,0,0,0,0,0,998,0,2,1,0,0,6,2,1,0,0,0,1,31,69341,6,1,0,0,3,0,68,160,1,0,0,0,0,11,2010,11,2010,0,28,58,0,0,1,2,60,3,1,2,1,40,3,14,13,8,2,6,98,1,1
31,310034,1,2,2,6,4,7,30,12,2,1,0,31,1,49,32,49032,4,1999,1NXBR12E4XZ2,1,N,X,B,R,1,2,E,4,X,Z,2,0,P,TOYT,UVL,4D,99,17,2414,,0,970,,G,,F,4,109,,,14R175,,,,,,0,0,000000000,00000000000,0,0,0,1,0,0,0,0,0,0,0,998,0,0,0,12,12,6,2,12,0,0,0,1,31,68164,6,1,0,0,3,3,68,175,0,0,0,0,0,0,0,0,0,0,28,0,0,0,1,4,45,1,1,1,1,0,0,1,10,1,1,2,50,1,0
31,310034,2,2,2,6,4,7,30,12,2,1,0,31,1,20,421,20421,15,2009,1GNFK33049R2,1,G,N,F,K,3,3,0,4,9,R,2,0,P,CHEV,KTA,UT,9,17,5524,,0,1160,,F,,F,8,323,,,20R275,,,,,,0,0,000000000,00000000000,0,0,0,1,0,0,0,0,0,0,0,998,0,0,0,12,12,6,2,12,0,0,0,1,31,68130,6,1,0,0,3,3,72,320,0,0,0,0,0,0,0,0,0,0,0,0,0,0,1,4,45,1,1,1,1,0,0,1,62,1,1,1,51,0,0
31,310035,1,2,1,8,4,16,45,12,6,1,0,31,1,12,481,12481,31,2000,1FTNX21F8YEC,1,F,T,N,X,2,1,F,8,Y,E,C,0,T,FORD,F2S,4C,0,17,,2,1580,1418,SRW,D,,,8,444,,,,C,5635,07,E,44,0,0,000000000,00000000000,0,0,0,1,0,0,0,0,0,0,0,998,0,1,5,3,3,6,2,12,0,0,0,1,31,68758,6,1,6,0,3,3,70,220,0,0,0,0,0,0,0,0,0,0,0,0,0,0,1,2,50,1,1,4,1,20,3,1,55,1,1,1,87,1,0
31,310035,2,2,1,8,4,16,45,12,6,1,0,92,0,12,881,12881,78,1976,C75EV885253,C,7,5,E,V,8,8,5,2,5,3,,0,T,FORD,C75,TB,76,11,,6,2060,990,LTC,G,,,,,,,,,6795,06,,42,0,99,999999999,99999999999,2,19,98,1,0,0,0,0,0,0,0,998,0,0,0,12,12,6,2,12,0,0,0,1,31,68642,6,1,0,0,3,0,69,200,1,0,0,0,0,6,2010,6,2010,0,38,0,0,0,1,2,50,1,1,4,1,20,3,1,17,1,1,1,86,0,0
31,310036,1,1,1,22,4,99,99,34,0,1,0,31,1,37,31,37031,4,1997,JHMEJ6578VS0,J,H,M,E,J,6,5,7,8,V,S,0,0,P,HOND,UCL,4D,97,17,2375,,0,1032,,G,,F,4,097,,,14R185,,,,,,0,0,000000000,00000000000,0,0,0,1,0,0,0,0,0,0,0,998,0,0,0,12,12,6,2,35,0,0,0,1,31,68017,6,1,0,0,3,3,68,180,0,0,0,0,0,0,0,0,0,0,0,0,0,0,1,2,55,1,1,2,99,0,0,1,13,1,1,4,1,1,0
31,310037,1,1,1,23,4,23,0,24,0,1,0,0,0,98,998,98998,92,9999,999999999999,9,9,9,9,9,9,9,9,9,9,9,9,0,,,,,,,,,,,,,,,,,,,,,,,,,0,0,000000000,00000000000,0,0,0,1,0,0,0,0,0,0,0,998,0,0,0,12,12,6,2,34,0,0,0,1,31,68355,3,1,0,0,2,3,72,185,0,0,0,0,0,0,0,0,0,0,58,0,0,0,1,2,50,1,1,4,1,20,3,1,12,8,2,4,7,1,1
31,310038,1,1,1,23,4,99,99,1,0,1,0,31,1,12,401,12401,14,1999,1FMZU35P7XZA,1,F,M,Z,U,3,5,P,7,X,Z,A,0,P,FORD,EPR,UT,99,17,4347,,0,1116,,G,,F,8,302,,,15R225,,,,,,0,0,000000000,00000000000,0,0,0,1,0,0,0,0,0,0,0,998,0,2,5,0,0,6,2,1,0,0,0,1,31,68959,3,1,0,0,2,3,60,160,1,0,0,1,0,12,2009,12,2009,0,0,0,0,0,1,2,50,1,1,4,1,0,0,1,13,1,1,4,1,1,1
31,310039,1,1,2,24,4,13,43,44,0,1,0,31,1,12,401,12401,14,2005,1FMZU77K25UA,1,F,M,Z,U,7,7,K,2,5,U,A,0,P,FORD,EPR,UT,5,17,4309,,0,1259,,F,,F,6,245,,,16R235,,,,,,0,0,000000000,00000000000,0,0,0,1,0,0,0,0,0,0,0,998,0,1,5,0,11,6,2,1,0,0,0,1,31,68465,6,1,0,0,3,3,72,260,0,0,0,0,0,0,0,0,0,0,58,82,0,0,1,2,50,1,1,4,1,0,0,1,98,8,2,1,0,1,0
31,310040,1,1,1,25,4,20,40,11,0,1,0,31,1,53,32,53032,6,1998,JS2GB31WXW51,J,S,2,G,B,3,1,W,X,W,5,1,0,P,SUZI,ELX,SW,98,17,2359,,0,976,,G,,F,4,097,,,13R175,,,,,,0,0,000000000,00000000000,0,0,0,1,0,0,0,0,0,0,0,998,0,0,0,12,12,6,2,11,0,0,0,1,31,69347,6,1,0,0,3,0,63,190,0,0,0,0,0,0,0,0,0,0,0,0,0,0,1,2,65,1,1,2,1,0,0,1,87,1,1,1,13,1,0
31,310041,1,1,2,2,5,17,40,1,0,1,0,31,3,12,481,12481,31,2008,1FTNF20568EC,1,F,T,N,F,2,0,5,6,8,E,C,0,T,FORD,F2S,PK,8,17,,2,0,1370,SRW,G,,,8,329,,,,C,5633,00,U,42,0,0,000000000,00000000000,0,0,0,1,0,0,0,0,0,0,0,998,0,2,5,0,0,6,2,1,0,0,0,1,31,69130,6,1,6,0,3,0,74,290,0,0,0,0,1,5,2009,5,2009,0,58,0,0,0,1,2,60,1,1,2,1,0,0,1,12,8,2,4,7,1,0
31,310042,1,2,1,2,5,18,20,12,6,1,0,31,2,22,22,22022,4,2008,1G2ZG57NX841,1,G,2,Z,G,5,7,N,X,8,4,1,0,P,PONT,6BS,4D,8,17,3305,,0,1123,,G,,F,6,214,,,17R225,,,,,,0,0,000000000,00000000000,0,0,0,1,0,0,0,0,0,0,0,998,0,0,0,11,11,6,2,12,0,0,0,1,31,68301,6,2,0,0,3,3,70,140,2,0,0,0,0,10,2008,10,2010,0,28,0,0,0,1,2,50,1,3,4,1,0,0,1,10,1,1,2,64,1,0
31,310042,2,2,2,2,5,18,20,12,6,1,0,31,2,20,481,20481,31,2003,2GCEK19TX314,2,G,C,E,K,1,9,T,X,3,1,4,0,T,CHEV,SK1,4C,3,17,,2,1575,1435,SIL,G,,,8,325,,,,B,4910,02,,44,0,0,000000000,00000000000,0,0,0,1,0,0,0,0,0,0,0,998,0,0,0,11,11,6,2,12,0,0,0,1,31,68301,6,7,0,0,3,3,67,120,0,0,0,0,0,0,0,0,0,1,0,0,0,0,1,2,50,1,3,4,1,0,0,1,62,1,1,1,65,0,0
31,310043,1,1,2,3,5,16,26,8,0,1,0,31,1,63,441,63441,20,2005,KNDUP1325567,K,N,D,U,P,1,3,2,5,5,6,7,0,P,KIA,SED,SV,5,17,4802,,0,1145,,G,,F,6,213,,,15R215,,,,,,0,0,000000000,00000000000,0,0,0,1,0,0,0,0,0,0,0,998,0,0,0,1,1,4,1,8,0,0,0,1,31,68137,6,1,0,0,3,0,63,180,1,0,0,0,0,5,2009,5,2009,0,0,0,0,0,3,5,60,1,1,1,1,0,0,1,80,1,1,1,13,0,0
31,310044,1,2,1,7,5,11,46,12,6,1,0,31,1,12,422,12422,15,1997,1FMFU18L9VLA,1,F,M,F,U,1,8,L,9,V,L,A,0,P,FORD,EPT,UT,97,17,4827,,0,1190,,G,,F,8,330,,,16R255,,,,,,0,0,000000000,00000000000,0,0,0,1,0,0,0,0,0,0,0,998,0,0,0,4,4,6,2,12,0,0,0,1,31,68134,6,1,0,0,3,0,75,190,0,0,0,0,0,0,0,0,0,0,38,0,0,0,3,4,40,1,1,2,1,3,3,11,15,1,1,2,68,0,0
31,310044,2,2,1,7,5,11,46,12,6,1,0,31,2,37,706,37706,80,2002,JH2SC50012M0,J,H,2,S,C,5,0,0,1,2,M,0,0,M,HOND,CR9,RC,2,17,,,,,,,954,,4,,4,999,,,,,,,0,0,000000000,00000000000,0,0,0,1,0,0,0,0,0,0,0,998,0,0,0,12,12,6,2,12,0,0,0,1,31,68144,6,1,0,0,3,0,72,165,0,4,1,1,2,2,2009,7,2010,0,0,0,0,0,3,4,40,1,1,2,1,3,3,1,67,1,1,1,69,1,0
31,310045,1,3,2,8,5,8,38,12,6,1,0,31,2,37,31,37031,4,1999,JHMEJ6675XS0,J,H,M,E,J,6,6,7,5,X,S,0,0,P,HOND,UCL,4D,99,17,2456,,0,1032,,G,,F,4,097,,,14R185,,,,,,0,0,000000000,00000000000,0,0,0,1,0,0,0,0,0,0,0,998,0,0,0,12,12,6,2,12,0,0,0,1,4,85718,6,1,0,0,3,0,73,181,0,0,0,0,0,0,0,0,0,1,39,0,0,0,1,2,35,1,2,1,1,3,3,1,17,1,1,1,86,0,0
31,310045,2,3,1,8,5,8,38,12,6,1,0,31,2,12,461,12461,21,1997,1FTHE2428VHB,1,F,T,H,E,2,4,2,8,V,H,B,0,T,FORD,25V,CG,97,17,,2,0,1380,VAN,G,,,6,256,,,,C,5073,00,E,42,0,0,000000000,00000000000,0,0,0,1,0,0,0,0,0,0,0,998,0,0,0,3,3,6,2,12,0,0,0,1,31,68128,6,1,0,0,3,3,71,165,0,0,0,1,0,6,2008,6,2008,0,0,0,0,0,1,2,35,1,2,1,1,3,3,1,66,1,1,1,87,0,0
31,310045,3,3,1,8,5,8,38,12,6,1,0,31,1,12,13,12013,4,1997,1FALP13P5VW2,1,F,A,L,P,1,3,P,5,V,W,2,0,P,FORD,EST,4D,97,17,2503,,0,984,,G,,F,4,122,,,14R185,,,,,,0,0,000000000,00000000000,0,0,0,1,0,0,0,0,0,0,0,998,0,0,0,11,11,6,2,12,0,0,0,1,31,68123,6,1,0,0,3,0,61,135,0,0,0,0,0,0,0,0,0,0,0,0,0,0,1,2,35,1,2,1,1,3,3,1,62,1,1,1,98,1,0
31,310046,1,2,1,11,5,15,45,12,6,1,0,31,1,12,17,12017,4,2000,1FAFP55U8YA2,1,F,A,F,P,5,5,U,8,Y,A,2,0,P,FORD,TSS,4D,0,17,3333,,0,1085,,G,,F,6,182,,,16R215,,,,,,0,0,000000000,00000000000,0,0,0,1,0,0,0,0,0,0,0,998,0,0,0,3,3,6,2,2,0,0,1,1,31,68649,6,1,0,0,3,3,66,120,0,0,0,0,0,0,0,0,0,1,28,87,0,0,1,2,60,3,1,1,2,0,0,14,10,1,2,2,64,1,0
31,310046,2,2,3,11,5,15,45,12,6,1,0,31,2,35,43,35043,4,1998,1N4AB41D8WC7,1,N,4,A,B,4,1,D,8,W,C,7,0,P,NISS,EXE,4D,98,17,2353,,0,998,,G,,F,4,097,,,13R155,,,,,,0,0,000000000,00000000000,0,0,0,1,0,0,0,0,0,0,0,998,0,0,0,12,12,6,2,12,0,0,0,1,31,68661,0,0,0,0,0,0,999,999,0,0,0,0,0,0,0,0,0,0,0,0,0,0,1,2,60,2,1,1,2,0,0,14,62,1,1,1,65,0,0
31,310047,1,2,2,12,5,17,53,12,6,1,0,31,1,19,3,19003,4,1994,1G6KF52Y4RU2,1,G,6,K,F,5,2,Y,4,R,U,2,0,P,CADI,DCS,4D,94,17,3893,,0,1138,,G,,F,8,279,,,16R225,,,,,,0,0,000000000,00000000000,0,0,0,1,0,0,0,0,0,0,0,998,0,0,0,9,9,6,2,12,0,0,0,1,31,68982,6,1,0,0,3,3,69,190,0,0,0,0,0,0,0,0,0,0,48,0,0,0,1,2,65,1,1,1,2,0,0,12,98,1,1,6,98,1,0
31,310047,2,2,1,12,5,17,53,12,6,1,0,31,1,7,482,7482,31,2001,3B7HF13ZX1M5,3,B,7,H,F,1,3,Z,X,1,M,5,0,T,DODG,Q15,4C,1,17,,2,1547,1387,RPC,G,,,8,360,,,,B,5008,01,U,44,0,0,000000000,00000000000,0,0,0,1,0,0,0,0,0,0,0,998,0,0,0,11,11,6,2,12,0,0,0,1,31,68927,6,1,6,0,3,0,73,250,0,0,0,0,0,0,0,0,0,0,0,0,0,0,1,2,65,1,1,1,2,0,0,1,98,1,1,1,98,0,0
31,310048,1,2,2,12,5,18,10,12,2,1,0,31,2,24,5,24005,4,2003,1G8JW54R73Y5,1,G,8,J,W,5,4,R,7,3,Y,5,0,P,STRN,L30,4D,3,17,3197,,0,1065,,G,,F,6,183,,,16R215,,,,,,0,0,000000000,00000000000,0,0,0,1,0,0,0,0,0,0,0,998,0,0,0,12,12,6,2,12,0,0,0,1,31,68104,2,1,0,0,2,0,67,145,2,1,0,1,2,7,2008,5,2011,0,36,28,0,0,2,4,40,1,1,2,1,0,0,1,10,1,1,2,50,1,1
31,310048,2,2,1,12,5,18,10,12,2,1,0,31,1,7,482,7482,31,1995,1B7HF16Y5SS1,1,B,7,H,F,1,6,Y,5,S,S,1,0,T,DODG,150,PK,95,17,,2,1347,1187,RPC,G,,,8,318,,,,B,4490,01,M,44,0,0,000000000,00000000000,0,0,0,1,0,0,0,0,0,0,0,998,0,0,0,12,12,6,2,12,0,0,0,1,31,68104,6,1,0,0,3,0,74,190,0,0,0,0,0,0,0,0,0,0,0,0,0,0,2,4,40,1,1,2,1,0,0,1,62,1,1,1,51,0,0
31,310049,1,2,2,14,5,17,13,12,6,1,0,31,2,20,2,20002,4,2003,2G1WF52E7391,2,G,1,W,F,5,2,E,7,3,9,1,0,P,CHEV,IMP,4D,3,17,3389,,0,1105,,G,,F,6,207,,,16R225,,,,,,0,0,000000000,00000000000,0,0,0,1,0,0,0,0,0,0,0,998,0,0,0,3,3,6,2,12,0,0,0,1,31,68048,6,1,0,0,3,0,69,175,0,0,0,0,0,0,0,0,0,0,38,0,0,0,1,4,65,1,1,1,1,20,3,1,17,1,1,1,87,2,0
31,310049,2,2,2,14,5,17,13,12,6,1,0,31,1,20,36,20036,2,1998,2G1WX12K8W91,2,G,1,W,X,1,2,K,8,W,9,1,0,P,CHEV,MZ3,CP,98,17,3452,,0,1075,,G,,F,6,231,,,16R225,,,,,,0,0,000000000,00000000000,0,0,0,1,0,0,0,0,0,0,0,998,0,0,0,12,12,6,2,12,0,0,0,1,38,58504,6,1,0,0,3,3,70,210,0,0,0,1,0,9,2009,9,2009,0,0,0,0,0,1,4,65,1,1,1,1,20,3,1,55,1,1,1,86,0,0
31,310050,1,1,1,18,5,6,23,20,0,1,0,31,3,20,37,20037,4,2005,1G1ZS62805F3,1,G,1,Z,S,6,2,8,0,5,F,3,0,P,CHEV,MAX,4D,5,17,3476,,0,1123,,G,,F,6,214,,,16R215,,,,,,0,0,000000000,00000000000,0,0,0,1,0,0,0,0,0,0,0,998,0,1,5,12,12,6,2,1,0,0,0,1,31,68510,6,1,0,0,3,3,64,270,0,0,0,0,0,0,0,0,0,0,0,0,0,0,3,4,65,2,1,2,1,98,3,14,12,1,1,4,6,1,0
31,310051,1,1,1,19,5,2,26,31,0,1,0,31,1,72,706,72706,80,2008,1HD1CZ3148K4,1,H,D,1,C,Z,3,1,4,8,K,4,0,M,HD,XLN,RS,8,17,,,,,,,1202,,2,,4,562,,,,,,,0,0,000000000,00000000000,0,0,0,1,0,0,0,0,0,0,0,998,0,0,0,12,12,6,2,31,0,0,0,1,31,68123,6,1,0,0,3,0,68,175,0,0,0,0,0,0,0,0,0,0,0,0,0,0,3,4,65,3,2,2,1,0,0,14,13,1,1,4,1,1,1
31,310052,1,1,2,19,5,22,35,8,0,1,0,31,1,12,442,12442,20,2000,2FMZA5146YBA,2,F,M,Z,A,5,1,4,6,Y,B,A,0,T,FORD,WLX,ES,0,17,,1,0,1207,WIN,G,,,6,232,,,,B,3910,00,E,42,0,0,000000000,00000000000,0,0,0,1,0,0,0,0,0,0,0,998,0,0,0,12,12,0,3,8,0,0,0,1,31,68508,6,1,0,0,3,0,76,230,0,0,0,1,0,2,2011,2,2011,0,0,0,0,0,1,4,25,1,1,1,2,0,0,1,80,1,1,1,13,0,0
31,310053,1,1,1,20,5,20,36,11,0,1,0,31,2,72,706,72706,80,2001,1HD1FRW121Y6,1,H,D,1,F,R,W,1,2,1,Y,6,0,M,HD,FCI,RS,1,17,,,,,,,1450,,2,,4,710,,,,,,,0,0,000000000,00000000000,0,0,0,1,0,0,0,0,0,0,0,998,0,0,0,12,12,4,3,11,0,0,0,1,31,69301,6,1,6,0,3,0,77,240,0,0,0,2,0,11,2009,1,2011,0,83,0,0,0,1,2,65,1,1,2,1,0,0,1,87,1,1,1,13,1,1
31,310054,1,1,3,23,5,23,57,30,0,1,0,31,2,2,404,2404,14,2004,1J4GW58N74C1,1,J,4,G,W,5,8,N,7,4,C,1,0,T,JEEP,LMT,4W,4,17,,1,0,1059,GCK,G,,,8,287,,,,,3975,00,E,44,0,0,000000000,00000000000,0,0,0,1,0,0,0,0,0,0,0,998,0,1,5,12,12,6,2,30,0,0,0,1,31,68434,6,1,0,0,3,3,70,170,0,0,0,0,0,0,0,0,0,0,0,0,0,0,1,2,55,3,1,2,1,0,0,14,13,1,1,4,1,1,1
31,310055,1,2,1,24,5,9,35,12,6,1,0,0,0,98,998,98998,97,1972,81J11221,8,1,J,1,1,2,2,1,,,,,0,U,,,,72,8,,,,,,,,,,,,,,,,,,,0,0,000000000,00000000000,0,0,0,1,0,0,0,0,0,0,0,998,0,1,1,12,12,6,2,12,0,0,0,1,31,68901,6,1,6,2,3,3,71,220,0,0,0,0,0,0,0,0,0,0,0,0,0,0,1,2,50,1,1,4,2,20,3,1,55,1,1,1,88,0,0
31,310055,2,2,4,24,5,9,35,12,6,1,0,31,2,7,402,7402,14,2002,1B4HS48N82F1,1,B,4,H,S,4,8,N,8,2,F,1,0,P,DODG,DUR,UT,2,17,4595,,0,1160,,G,,F,8,287,,,16R215,,,,,,0,0,000000000,00000000000,0,0,0,1,0,0,0,0,0,0,0,998,0,0,0,9,9,6,2,12,0,0,0,1,31,68944,0,0,0,0,0,0,999,999,0,0,0,0,0,0,0,0,0,0,39,0,0,0,1,2,50,1,1,4,2,20,3,1,17,4,2,1,89,1,0
31,310056,1,1,1,30,5,99,99,8,0,1,1,99,9,99,999,99999,99,9999,999999999999,9,9,9,9,9,9,9,9,9,9,9,9,0,,,,,,,,,,,,,,,,,,,,,,,,,0,0,000000000,00000000000,0,0,0,1,0,0,0,0,0,0,0,998,0,0,0,1,1,9,1,8,0,0,0,1,99,99999,9,9,99,9,9,9,999,999,99,99,99,99,99,99,9999,99,9999,9,99,99,99,99,1,2,65,1,1,2,2,0,0,1,13,1,1,4,13,0,0
31,310057,1,2,1,2,6,9,46,12,6,1,0,31,1,13,12,13012,4,2002,1LNHM87A42Y6,1,L,N,H,M,8,7,A,4,2,Y,6,0,P,LINC,LLS,4D,2,17,3734,,0,1145,,G,,F,8,240,,,16R215,,,,,,0,0,000000000,00000000000,0,0,0,1,0,0,0,0,0,0,0,998,0,0,0,9,9,6,2,12,0,0,0,1,31,68361,6,1,0,0,3,0,64,122,0,0,0,0,0,0,0,0,0,0,38,0,0,0,2,4,55,1,1,1,1,20,3,11,15,1,1,1,82,1,0
31,310057,2,2,2,2,6,9,46,12,6,1,0,92,0,6,441,6441,20,2002,2C4GP44392R6,2,C,4,G,P,4,4,3,9,2,R,6,0,T,CHRY,TLX,ES,2,17,,1,0,1193,TWC,F,,,6,201,,,,,4003,00,,42,0,0,000000000,00000000000,0,0,0,1,0,0,0,0,0,0,0,998,0,0,0,11,11,6,2,12,0,0,0,1,8,80537,6,1,0,0,3,3,62,110,0,0,0,0,0,0,0,0,0,0,0,0,0,0,2,4,55,1,1,1,1,20,3,1,55,7,1,1,83,0,0
31,310058,1,2,2,3,6,9,0,12,1,1,0,31,1,32,43,32043,4,1999,WAUED28D6XA3,W,A,U,E,D,2,8,D,6,X,A,3,0,P,AUDI,42Q,4D,99,17,3296,,0,1026,,G,,F,6,169,,,16R205,,,,,,0,0,000000000,00000000000,0,0,0,1,0,0,0,0,0,0,0,998,0,0,0,6,6,6,2,26,0,0,0,1,31,68516,6,1,0,0,3,3,66,170,0,0,0,1,0,4,2011,4,2011,0,77,0,0,0,3,4,75,1,2,1,1,97,8,2,18,1,1,1,29,1,0
31,310058,2,2,1,3,6,9,0,12,1,1,0,93,3,89,881,89881,66,2003,2HSCHAPR83C0,2,H,S,C,H,A,P,R,8,3,C,0,1,T,INTL,99I,TR,3,17,,8,0,0,990,D,,,6,915,,,,,00000,00,,64,1,57,1006905,571006905,3,6,1,1,0,0,0,0,0,0,0,998,0,0,0,12,12,6,2,12,0,0,0,1,19,52623,6,1,6,0,3,0,999,999,0,0,0,0,0,0,0,0,0,0,77,0,0,0,3,4,75,1,2,1,1,97,8,1,52,1,1,1,28,0,0
31,310059,1,1,1,5,6,18,10,1,0,1,0,0,0,73,739,73739,90,2009,JKAVFDD119B5,J,K,A,V,F,D,D,1,1,9,B,5,0,M,KAWK,KBD,AT,9,17,,,,,,,749,,2,,4,652,,,,,,,0,0,000000000,00000000000,0,0,0,1,0,0,0,0,0,0,0,998,0,2,1,0,0,2,3,1,0,0,0,1,31,68949,6,1,6,0,3,3,66,270,0,0,0,0,0,0,0,0,0,0,0,0,0,0,1,2,50,1,1,4,1,0,0,10,9,1,2,2,98,1,1
31,310060,1,1,1,9,6,22,36,1,0,1,0,31,1,20,481,20481,31,2003,1GCHK29U53E3,1,G,C,H,K,2,9,U,5,3,E,3,0,T,CHEV,2KH,4C,3,17,,2,1575,1435,SIL,G,,,8,364,,,,C,5630,01,,44,0,0,000000000,00000000000,0,0,0,1,0,0,0,0,0,0,0,998,0,1,1,0,0,6,2,1,0,0,0,1,31,69356,6,1,0,0,3,0,67,186,2,0,0,0,0,2,2010,3,2010,0,36,28,58,0,1,2,55,3,2,2,2,0,0,14,98,8,2,6,98,1,1
31,310061,1,2,3,7,6,11,31,12,6,1,0,31,2,13,1,13001,4,1996,1LNLM82W5TY6,1,L,N,L,M,8,2,W,5,T,Y,6,0,P,LINC,SDJ,4D,96,17,4040,,0,1174,,G,,F,8,281,,,15R215,,,,,,0,0,000000000,00000000000,0,0,0,1,0,0,0,0,0,0,0,998,0,0,0,3,3,6,2,12,0,0,0,1,31,68521,6,1,0,0,3,3,63,195,0,0,0,0,0,0,0,0,0,0,0,0,0,0,1,2,60,1,1,2,1,20,3,1,55,1,1,1,77,2,0