STATE,ST_CASE,VEH_NO,VE_FORMS,NUMOCCS,DAY,MONTH,HOUR,MINUTE,HARM_EV,MAN_COLL,UNITTYPE,HIT_RUN,REG_STAT,OWNER,MAKE,MODEL,MAK_MOD,BODY_TYP,MOD_YEAR,VIN,VIN_1,VIN_2,VIN_3,VIN_4,VIN_5,VIN_6,VIN_7,VIN_8,VIN_9,VIN_10,VIN_11,VIN_12,TOW_VEH,VINTYPE,VINMAKE,VINA_MOD,VIN_BT,VINMODYR,VIN_LNGT,VIN_WGT,WGTCD_TR,WHLBS_LG,WHLBS_SH,SER_TR,FUELCODE,MCYCL_DS,CARBUR,CYLINDER,DISPLACE,MCYCL_CY,MCYCL_WT,TIRE_SZE,TON_RAT,TRK_WT,TRKWTVAR,VIN_REST,WHLDRWHL,J_KNIFE,MCARR_I1,MCARR_I2,MCARR_ID,GVWR,V_CONFIG,CARGO_BT,HAZ_INV,HAZ_PLAC,HAZ_ID,HAZ_CNO,HAZ_REL,BUS_USE,SPEC_USE,EMER_USE,TRAV_SP,UNDERIDE,ROLLOVER,ROLINLOC,IMPACT1,IMPACT2,DEFORMED,TOWED,M_HARM,VEH_SC1,VEH_SC2,FIRE_EXP,DR_PRES,L_STATE,DR_ZIP,L_STATUS,L_TYPE,CDL_STAT,L_ENDORS,L_COMPL,L_RESTRI,DR_HGT,DR_WGT,PREV_ACC,PREV_SUS,PREV_DWI,PREV_SPD,PREV_OTH,FIRST_MO,FIRST_YR,LAST_MO,LAST_YR,SPEEDREL,DR_SF1,DR_SF2,DR_SF3,DR_SF4,VTRAFWAY,VNUM_LAN,VSPD_LIM,VALIGN,VPROFILE,VPAVETYP,VSURCOND,VTRAFCON,VTCONT_F,P_CRASH1,P_CRASH2,P_CRASH3,PCRASH4,PCRASH5,ACC_TYPE,DEATHS,DR_DRINK
31,310092,1,2,3,6,8,11,15,12,6,1,0,31,2,14,6,14006,4,1998,2MEFM74W3WX6,2,M,E,F,M,7,4,W,3,W,X,6,0,P,MERC,GMG,4D,98,17,3917,,0,1144,,G,,F,8,281,,,16R225,,,,,,0,0,000000000,00000000000,0,0,0,1,0,0,0,0,0,0,0,998,0,0,0,12,12,6,2,12,0,0,0,1,31,68701,6,1,0,0,3,0,62,150,1,0,0,1,1,10,2009,11,2009,0,0,0,0,0,1,4,65,1,1,1,1,0,0,1,67,1,1,1,69,1,0
31,310092,2,2,1,6,8,11,15,12,6,1,0,31,3,87,881,87881,66,2010,1XPHP49X6AD7,1,X,P,H,P,4,9,X,6,A,D,7,1,T,PTRB,386,TR,10,17,,8,0,0,CON,D,,,6,915,,,,,00000,00,,,1,57,073243,57073243,3,6,8,1,0,0,0,0,0,0,0,998,0,0,0,5,5,4,3,12,0,0,0,1,31,68636,6,1,6,0,3,3,74,180,0,0,0,1,0,12,2010,12,2010,0,38,0,0,0,1,4,65,1,1,1,1,0,0,11,15,1,1,2,68,0,0
31,310093,1,3,1,10,8,17,50,12,1,1,0,31,3,82,881,82881,66,1999,1FVXDSZB8XPA,1,F,V,X,D,S,Z,B,8,X,P,A,1,T,FRHT,FLD,CC,99,17,,8,0,0,CON,D,,,6,774,,,,,00000,00,,64,1,57,152993,57152993,3,6,6,1,0,0,0,0,0,0,0,998,0,0,0,12,12,6,2,12,0,0,0,1,12,34953,6,1,6,0,3,0,999,999,0,0,0,0,0,0,0,0,0,1,36,0,0,0,1,4,55,1,1,1,1,3,3,1,50,4,2,1,20,0,0
31,310093,2,3,1,10,8,17,50,12,1,1,0,31,3,12,401,12401,14,2010,1FMEU7DE4AUA,1,F,M,E,U,7,D,E,4,A,U,A,0,P,FORD,EPR,UT,10,17,4628,,0,1137,,G,,F,6,244,,,16R235,,,,,,0,0,000000000,00000000000,0,0,0,1,0,0,0,0,0,0,0,0,0,0,0,6,6,6,2,12,0,0,0,1,31,68620,6,1,0,0,3,0,73,210,0,0,0,0,1,1,2009,1,2009,0,0,0,0,0,1,4,55,1,1,1,1,3,3,5,53,1,1,1,21,0,0
31,310093,3,3,1,10,8,17,50,12,1,1,0,31,1,22,20,22020,4,1995,1G2WJ52M2SF2,1,G,2,W,J,5,2,M,2,S,F,2,0,P,PONT,GFS,4D,95,17,3370,,0,1075,,G,,F,6,191,,,15R205,,,,,,0,0,000000000,00000000000,0,0,0,1,0,0,0,0,0,0,0,0,0,0,0,6,6,6,2,12,0,0,0,1,31,68601,6,1,0,0,3,3,71,238,0,0,0,0,0,0,0,0,0,0,0,0,0,0,1,4,55,1,1,1,1,3,3,5,53,1,1,1,98,1,0
31,310094,1,2,1,10,8,14,12,12,1,1,0,31,2,72,706,72706,80,2010,1HD1FR416AB6,1,H,D,1,F,R,4,1,6,A,B,6,0,M,HD,FKC,RS,10,17,,,,,,,1584,,2,,4,810,,,,,,,0,0,000000000,00000000000,0,0,0,1,0,0,0,0,0,0,0,998,0,0,0,12,12,6,2,12,0,0,0,1,31,68955,6,1,0,0,3,0,71,305,0,0,0,0,0,0,0,0,0,0,38,0,0,0,1,2,65,1,1,2,1,0,0,1,50,1,1,1,20,1,0
31,310094,2,2,1,10,8,14,12,12,1,1,0,31,1,12,481,12481,31,1997,1FTDX17W9VKB,1,F,T,D,X,1,7,W,9,V,K,B,0,T,FORD,F15,3C,97,17,,1,1570,1390,COF,G,,,8,281,,,,B,4045,03,E,42,0,0,000000000,00000000000,0,0,0,1,0,0,0,0,0,0,0,0,0,0,0,6,6,6,2,12,0,0,0,1,31,68883,6,1,6,0,3,0,66,215,0,0,0,0,0,0,0,0,0,0,0,0,0,0,1,2,65,1,1,2,1,0,0,11,53,10,1,1,21,0,0
31,310095,1,1,1,13,8,18,57,10,0,1,0,31,1,21,441,21441,20,2002,1GHDX23E72D1,1,G,H,D,X,2,3,E,7,2,D,1,0,T,OLDS,ECO,ES,2,17,,1,0,1200,SIL,G,,,6,207,,,,B,3948,00,K,42,0,0,000000000,00000000000,0,0,0,1,0,0,0,0,0,0,0,998,0,0,0,9,9,6,2,10,0,0,0,1,31,68847,6,1,0,0,3,3,68,130,0,0,0,0,0,0,0,0,0,0,38,0,0,0,1,2,50,4,1,2,1,65,3,14,91,1,1,1,15,1,0
31,310096,1,2,1,18,8,4,40,12,2,1,0,31,1,7,442,7442,20,2000,1B4GP44G2YB7,1,B,4,G,P,4,4,G,2,Y,B,7,0,T,DODG,GSS,ES,0,17,,1,0,1193,CAR,F,,,6,201,,,,,3863,00,E,42,0,0,000000000,00000000000,0,0,0,1,0,0,0,0,0,0,0,998,0,0,0,12,12,6,2,12,0,0,0,1,31,68801,6,1,0,0,3,0,67,160,1,1,0,0,1,6,2011,6,2011,0,51,0,0,0,1,2,60,1,1,2,1,0,0,1,10,1,1,2,50,1,1
31,310096,2,2,1,18,8,4,40,12,2,1,0,31,3,82,881,82881,66,2006,1FUJA6CV56LV,1,F,U,J,A,6,C,V,5,6,L,V,1,T,FRHT,COL,TR,6,17,,8,0,0,CON,D,,,6,782,,,,,00000,00,,64,1,57,256401,57256401,3,6,1,1,0,0,0,0,0,0,0,998,0,0,0,12,12,6,2,2,0,0,1,1,31,68841,6,1,6,1,3,3,68,175,0,0,0,1,0,4,2011,4,2011,0,0,0,0,0,1,2,60,1,1,2,1,0,0,1,54,1,1,1,51,0,0
31,310097,1,2,1,18,8,17,7,12,2,1,0,31,1,49,40,49040,4,2001,JT2BG22K7105,J,T,2,B,G,2,2,K,7,1,0,5,0,P,TOYT,CXL,4D,1,17,3120,,0,1051,,G,,F,4,132,,,15R205,,,,,,0,0,000000000,00000000000,0,0,0,1,0,0,0,0,0,0,0,998,0,0,0,12,12,6,2,12,0,0,0,1,31,68104,6,1,3,0,3,0,64,230,0,0,0,0,0,0,0,0,0,0,28,0,0,0,1,4,40,1,2,2,1,0,0,1,10,1,1,2,50,1,0
31,310097,2,2,2,18,8,17,7,12,2,1,0,31,1,6,54,6054,6,2006,2A4GM68406R7,2,A,4,G,M,6,8,4,0,6,R,7,0,P,CHRY,PIF,UT,6,17,4311,,0,1160,,G,,F,6,214,,,17R235,,,,,,0,0,000000000,00000000000,0,0,0,1,0,0,0,0,0,0,0,998,0,0,0,12,12,6,2,12,0,0,0,1,31,68164,6,1,0,0,3,0,75,205,0,0,0,0,0,0,0,0,0,0,0,0,0,0,1,4,40,1,2,2,1,0,0,1,62,1,1,1,51,0,0
31,310098,1,2,6,20,8,17,50,12,6,1,0,31,1,49,482,49482,31,2009,5TFBT54189X0,5,T,F,B,T,5,4,1,8,9,X,0,0,T,TOYT,DLS,CW,9,17,,2,0,1457,TUN,G,,,8,287,,,,B,5390,00,7,44,0,0,000000000,00000000000,0,0,0,1,0,0,0,0,0,0,0,998,0,0,0,12,12,6,2,12,0,0,0,1,31,68333,6,1,0,0,3,0,66,175,1,0,1,0,0,4,2010,5,2011,0,0,0,0,0,1,2,50,1,1,4,1,20,3,1,66,1,1,1,88,0,0
31,310098,2,2,2,20,8,17,50,12,6,1,0,31,2,7,18,7018,4,1988,1B3BU4630JD1,1,B,3,B,U,4,6,3,0,J,D,1,0,P,DODG,DYN,4D,88,17,2878,,0,1043,,G,,F,6,181,,,14R195,,,,,,0,0,000000000,00000000000,0,0,0,1,0,0,0,0,0,0,0,998,0,0,0,9,9,6,2,12,0,0,0,1,31,68465,6,1,0,0,3,0,77,215,0,0,0,0,1,12,2009,12,2009,0,39,0,0,0,1,2,50,1,1,4,1,20,3,1,17,1,1,1,89,2,0
31,310099,1,1,3,22,8,11,50,1,0,1,0,8,1,12,401,12401,14,1995,1FMDU34X0SUB,1,F,M,D,U,3,4,X,0,S,U,B,0,P,FORD,EPR,UT,95,17,4053,,0,1115,,G,,F,6,245,,,15R225,,,,,,0,0,000000000,00000000000,0,0,0,1,0,0,0,0,0,0,0,998,0,1,5,0,0,6,2,1,0,0,0,1,8,80737,6,1,0,0,3,0,999,999,0,0,0,0,0,0,0,0,0,0,80,0,0,0,3,4,75,1,1,2,1,0,0,1,1,6,2,4,2,2,0
31,310100,1,1,1,24,8,21,50,1,0,1,0,31,2,2,404,2404,14,2000,1J4GW48S8YC2,1,J,4,G,W,4,8,S,8,Y,C,2,0,T,JEEP,LRO,4W,0,17,,1,0,1059,GCK,G,,,6,244,,,,,3847,01,E,44,0,0,000000000,00000000000,0,0,0,1,0,0,0,0,0,0,0,998,0,2,5,0,0,6,2,1,0,0,0,1,31,69165,6,1,0,0,3,0,72,178,0,0,0,0,0,0,0,0,0,0,0,0,0,0,3,4,75,1,1,2,1,0,0,1,13,1,1,4,1,1,1
31,310101,1,2,1,24,8,7,7,12,1,1,0,31,1,41,471,41471,30,2001,4F4YR12C11TM,4,F,4,Y,R,1,2,C,1,1,T,M,0,T,MAZD,5RC,PK,1,17,,1,0,1116,B25,G,,,4,152,,,,,2960,00,E,42,0,0,000000000,00000000000,0,0,0,1,0,0,0,0,0,0,0,998,0,0,0,12,12,6,2,12,0,0,0,1,31,68871,6,1,0,0,3,3,70,170,0,0,0,3,0,5,2009,5,2011,0,99,99,99,99,1,2,60,1,1,2,1,0,0,1,51,1,1,1,24,0,0
31,310101,2,2,1,24,8,7,7,12,1,1,0,0,0,76,734,76734,90,2007,5Y4AH10Y27A0,5,Y,4,A,H,1,0,Y,2,7,A,0,0,M,YAMA,FMA,AT,7,17,,,,,,,348,,1,,4,507,,,,,,,0,0,000000000,00000000000,0,0,0,1,0,0,0,0,0,0,0,998,0,0,0,6,6,6,2,12,0,0,0,1,31,68871,6,1,0,0,3,0,72,188,0,0,0,1,0,3,2009,3,2009,0,99,99,99,99,1,2,60,1,1,2,1,0,0,1,53,1,1,1,27,1,0
31,310102,1,2,1,25,8,20,48,12,6,1,0,29,2,54,37,54037,2,1997,19UYA2252VL0,1,9,U,Y,A,2,2,5,2,V,L,0,0,P,ACUR,30C,CP,97,17,3186,,0,1069,,G,,F,6,183,,,16R205,,,,,,0,0,000000000,00000000000,0,0,0,1,0,0,0,0,0,0,0,998,0,0,0,11,11,6,2,12,0,0,0,1,29,64064,6,1,0,0,3,0,73,175,0,0,0,0,0,0,0,0,0,0,28,0,0,0,1,2,60,1,2,1,1,0,0,1,10,1,1,2,64,1,1
31,310102,2,2,1,25,8,20,48,12,6,1,0,93,3,51,881,51881,66,1997,4V5PCBPF9VR7,4,V,5,P,C,B,P,F,9,V,R,7,1,T,VOLV,WAH,CC,97,17,,8,0,0,WCN,D,,,6,661,,,,,00000,00,,64,1,77,777777777,77777777777,3,6,6,1,0,0,0,0,0,0,0,998,0,0,0,11,11,6,2,12,0,0,0,1,26,48316,6,1,6,1,3,3,67,180,0,0,0,0,0,0,0,0,0,0,0,0,0,0,1,2,60,1,2,1,1,0,0,1,62,6,2,1,65,0,0
31,310103,1,1,1,27,8,12,55,24,0,1,0,31,1,14,17,14017,4,1992,1MECM50U0NA6,1,M,E,C,M,5,0,U,0,N,A,6,0,P,MERC,SGS,4D,92,17,3147,,0,1060,,G,,F,6,182,,,15R205,,,,,,0,0,000000000,00000000000,0,0,0,1,0,0,0,0,0,0,0,998,0,1,5,3,3,6,2,24,0,0,0,1,31,68901,6,1,0,0,3,3,71,130,0,0,0,2,0,5,2011,7,2011,1,36,0,0,0,1,2,50,1,1,4,1,0,0,1,12,1,1,4,6,1,0
31,310104,1,3,1,25,8,6,47,12,1,1,1,19,2,18,3,18003,4,2000,1G4CW52K5Y41,1,G,4,C,W,5,2,K,5,Y,4,1,0,P,BUIC,PKA,4D,0,17,3778,,0,1138,,G,,F,6,231,,,16R225,,,,,,0,0,000000000,00000000000,0,0,0,1,0,0,0,0,0,0,0,998,0,0,0,12,12,6,2,12,0,0,0,1,19,51503,6,1,6,0,3,3,71,185,0,0,0,1,0,10,2008,10,2008,1,0,0,0,0,3,4,60,1,1,1,1,0,0,1,52,1,1,1,28,1,0
31,310104,2,3,1,25,8,6,47,12,1,1,0,31,3,7,482,7482,31,1994,1B7HC16Y4RS5,1,B,7,H,C,1,6,Y,4,R,S,5,0,T,DODG,150,PK,94,17,,2,1347,1187,RPC,G,,,8,318,,,,B,3817,01,B,42,0,0,000000000,00000000000,0,0,0,1,0,0,0,0,0,0,0,998,0,0,0,6,6,6,2,12,0,0,0,1,31,68522,6,1,6,0,3,3,70,210,0,0,0,0,0,0,0,0,0,0,0,0,0,0,3,4,60,1,1,1,1,0,0,2,53,1,1,1,29,0,0
31,310104,3,3,1,25,8,6,47,12,1,1,0,31,3,87,881,87881,66,1991,1XPCDR9XXMD3,1,X,P,C,D,R,9,X,X,M,D,3,1,T,PTRB,377,TR,91,17,,8,2750,1310,CON,D,,,6,774,,,,,00000,00,,64,1,57,1078252,571078252,3,6,3,1,0,0,0,0,0,0,0,998,0,0,0,6,6,2,1,12,0,0,0,1,56,82717,6,1,6,1,3,0,73,215,0,0,0,0,0,0,0,0,0,0,0,0,0,0,3,4,60,1,1,1,1,0,0,2,53,1,1,1,98,0,0
31,310105,1,2,1,31,8,14,18,12,6,1,0,0,0,37,734,37734,90,9999,999999999999,9,9,9,9,9,9,9,9,9,9,9,9,0,,,,,,,,,,,,,,,,,,,,,,,,,0,0,000000000,00000000000,0,0,0,1,0,0,0,0,0,0,0,998,0,0,0,9,9,6,2,12,0,0,0,1,31,68371,6,1,0,0,3,0,71,210,0,0,0,0,0,0,0,0,0,0,38,0,0,0,1,2,50,1,1,4,1,21,3,1,17,1,1,1,89,1,0
31,310105,2,2,1,31,8,14,18,12,6,1,0,31,1,20,481,20481,31,2006,1GCEK19B16Z1,1,G,C,E,K,1,9,B,1,6,Z,1,0,T,CHEV,SK1,4C,6,17,,2,1575,1340,SIL,G,,,8,323,,,,B,5050,00,,44,0,0,000000000,00000000000,0,0,0,1,0,0,0,0,0,0,0,998,0,1,5,12,12,6,2,12,0,0,0,1,31,68371,6,1,0,0,3,0,70,190,0,0,0,0,0,0,0,0,0,0,0,0,0,0,1,2,50,1,1,4,1,21,3,1,66,1,1,1,88,0,0
31,310106,1,2,1,1,9,10,28,12,6,1,0,31,1,20,481,20481,31,1992,2GCEK19K3N11,2,G,C,E,K,1,9,K,3,N,1,1,0,T,CHEV,GK1,PC,92,17,,2,1555,1415,GM4,G,,,8,350,,,,B,4303,02,,44,0,0,000000000,00000000000,0,0,0,1,0,0,0,0,0,0,0,998,0,0,0,11,11,6,2,12,0,0,0,1,31,68110,6,1,0,0,3,3,74,195,0,0,0,0,0,0,0,0,0,0,38,0,0,0,1,4,35,1,1,2,1,0,0,11,15,1,1,1,82,0,0
31,310106,2,2,4,1,9,10,28,12,6,1,0,31,1,20,431,20431,16,1999,3GNFK16R8XG1,3,G,N,F,K,1,6,R,8,X,G,1,0,P,CHEV,K15,UT,99,17,5297,,0,1315,,G,,F,8,350,,,16R245,,,,,,0,0,000000000,00000000000,0,0,0,1,0,0,0,0,0,0,0,998,0,0,0,1,1,6,2,12,0,0,0,1,31,68111,1,1,0,0,2,0,67,138,0,2,0,0,1,5,2009,6,2011,0,0,0,0,0,1,4,35,1,1,2,1,0,0,1,67,1,1,1,83,1,0
31,310107,1,1,1,3,9,15,50,9,0,1,0,31,3,87,881,87881,63,2003,2NPNHD7X23M8,2,N,P,N,H,D,7,X,2,3,M,8,0,T,PTRB,330,CC,3,17,,7,0,0,CON,D,,,6,439,,,,,00000,00,,42,0,57,053239,57053239,3,2,98,2,2,8888,3,1,0,0,0,998,0,0,0,9,9,2,3,9,0,0,0,1,31,68105,6,1,6,1,3,0,71,265,0,0,0,0,0,0,0,0,0,0,0,0,0,0,1,2,30,1,2,2,1,0,0,11,83,1,1,2,13,0,0
31,310108,1,2,1,2,9,16,5,12,6,1,0,31,1,22,20,22020,4,1999,1G2WP52K2XF3,1,G,2,W,P,5,2,K,2,X,F,3,0,P,PONT,GPG,4D,99,17,3428,,0,1105,,G,,F,6,231,,,16R225,,,,,,0,0,000000000,00000000000,0,0,0,1,0,0,0,0,0,0,0,998,0,0,0,9,9,6,2,12,0,0,0,1,31,68164,6,1,0,0,3,3,63,135,1,0,0,0,0,4,2011,4,2011,0,38,0,0,0,1,2,60,1,1,2,1,4,3,1,17,1,1,1,89,1,0
31,310108,2,2,1,2,9,16,5,12,6,1,0,19,1,2,404,2404,14,2006,1J4GR48K06C2,1,J,4,G,R,4,8,K,0,6,C,2,0,T,JEEP,LCF,4W,6,17,,1,0,1095,GCK,G,,,6,226,,,,,4383,00,E,44,0,0,000000000,00000000000,0,0,0,1,0,0,0,0,0,0,0,998,0,0,0,12,12,6,2,12,0,0,0,1,19,51503,6,1,0,0,3,0,73,188,0,2,1,0,1,1,2009,9,2011,0,0,0,0,0,1,2,60,1,1,2,1,4,3,1,66,4,2,1,88,0,0
31,310109,1,3,1,3,9,0,25,12,6,1,1,51,2,20,403,20403,14,2005,1GNES16S2561,1,G,N,E,S,1,6,S,2,5,6,1,0,P,CHEV,TRL,UT,5,17,4773,,0,1290,,G,,F,6,256,,,17R245,,,,,,0,0,000000000,00000000000,0,0,0,1,0,0,0,0,0,0,0,998,0,0,0,11,11,6,2,12,0,0,0,1,51,23455,6,1,0,0,3,0,63,130,0,0,0,1,1,6,2010,6,2010,0,28,36,0,0,1,2,60,1,1,1,1,0,0,1,10,1,1,2,64,0,1
31,310109,2,3,1,3,9,0,25,12,6,1,0,31,1,37,705,37705,80,1995,JH2PC2138SM2,J,H,2,P,C,2,1,3,8,S,M,2,0,M,HOND,VCD,RS,95,17,,,,,,,600,,2,,4,438,,,,,,,0,0,000000000,00000000000,0,0,0,1,0,0,0,0,0,0,0,998,0,0,0,9,9,2,3,12,0,0,0,1,31,68503,6,1,6,0,3,3,61,128,1,0,0,0,1,4,2009,7,2010,0,0,0,0,0,1,2,60,1,1,1,1,0,0,1,62,7,2,1,98,0,0
31,310109,3,3,1,3,9,0,25,12,6,1,0,31,1,72,706,72706,80,1996,1HD1FLR13TY6,1,H,D,1,F,L,R,1,3,T,Y,6,0,M,HD,CUS,RS,96,17,,,,,,,1340,,2,,4,765,,,,,,,0,0,000000000,00000000000,0,0,0,1,0,0,0,0,0,0,0,998,0,0,0,12,12,6,2,12,0,0,0,1,31,68310,6,1,0,0,3,0,72,190,0,0,0,0,0,0,0,0,0,0,0,0,0,0,1,2,60,1,1,1,1,0,0,1,62,1,1,1,65,1,0
31,310110,1,1,1,4,9,13,37,1,0,1,0,31,1,50,706,50706,80,1999,SMT500FMXXJ0,S,M,T,5,0,0,F,M,X,X,J,0,0,M,TRUM,SPD,RC,99,17,,,,,,,955,,3,,4,432,,,,,,,0,0,000000000,00000000000,0,0,0,1,0,0,0,0,0,0,0,998,0,0,0,0,0,6,2,1,0,0,0,1,31,68505,6,1,0,0,3,0,75,280,0,0,0,0,0,0,0,0,0,0,84,0,0,0,1,4,45,1,1,1,1,0,0,1,13,4,2,4,2,1,0
31,310111,1,1,1,4,9,2,0,35,0,1,0,31,3,7,482,7482,31,1998,3B7KF26Z4WM2,3,B,7,K,F,2,6,Z,4,W,M,2,0,T,DODG,250,PK,98,17,,2,0,1347,RPC,G,,,8,360,,,,C,5142,00,U,44,0,0,000000000,00000000000,0,0,0,1,0,0,0,0,0,0,0,998,0,1,5,12,12,6,2,1,0,0,1,1,31,68503,1,1,0,0,2,0,68,174,0,2,0,0,2,2,2009,11,2009,1,58,0,0,0,1,2,50,1,2,4,1,0,0,1,12,8,2,4,7,1,1
31,310112,1,1,1,4,9,99,99,34,0,1,0,31,1,12,481,12481,31,2008,1FTPX14V08FC,1,F,T,P,X,1,4,V,0,8,F,C,0,T,FORD,F15,4C,8,17,,2,1630,1330,COF,F,,,8,329,,,,B,5176,06,E,44,0,0,000000000,00000000000,0,0,0,1,0,0,0,0,0,0,0,998,0,1,5,12,13,6,2,1,0,0,0,1,31,69038,6,1,0,0,3,0,77,215,0,0,0,0,0,0,0,0,0,0,58,0,0,0,1,2,50,1,2,4,1,0,0,1,12,9,2,4,7,1,1
31,310113,1,1,3,5,9,14,45,1,0,1,0,8,1,37,421,37421,15,2003,2HKYF18483H5,2,H,K,Y,F,1,8,4,8,3,H,5,0,P,HOND,PIL,UT,3,17,4439,,0,1063,,G,,F,6,212,,,16R235,,,,,,0,0,000000000,00000000000,0,0,0,1,0,0,0,0,0,0,0,998,0,1,3,0,0,6,2,1,0,0,0,1,8,80503,6,1,0,0,3,3,62,140,0,0,0,0,0,0,0,0,0,0,58,0,0,0,3,4,75,1,1,1,1,0,0,1,12,8,2,4,7,1,0
31,310114,1,2,1,9,9,13,49,12,6,1,0,31,1,18,3,18003,4,2002,1G4CU541X241,1,G,4,C,U,5,4,1,X,2,4,1,0,P,BUIC,PAU,4D,2,17,3884,,0,1138,,G,,Z,6,231,,,16R225,,,,,,0,0,000000000,00000000000,0,0,0,1,0,0,0,0,0,0,0,998,0,0,0,11,11,6,2,12,0,0,0,1,31,69336,6,1,0,0,3,3,62,130,1,0,0,0,0,6,2009,6,2009,0,28,0,0,0,1,2,65,1,1,2,1,0,0,1,10,1,1,2,64,1,0
31,310114,2,2,1,9,9,13,49,12,6,1,0,31,3,85,881,85881,66,2005,1XKWPB0X25J1,1,X,K,W,P,B,0,X,2,5,J,1,1,T,KW,W90,TR,5,17,,8,2850,1600,CON,D,,,6,893,,,,,00000,00,,,1,57,29489D,5729489D,3,6,1,1,0,0,0,0,0,0,0,998,0,0,0,11,9,6,2,12,0,0,0,1,31,69148,6,1,6,1,3,3,70,270,0,0,0,1,0,5,2009,5,2009,0,0,0,0,0,1,2,65,1,1,2,1,0,0,1,62,1,1,1,65,0,0
31,310115,1,2,2,9,9,18,26,12,2,1,0,19,1,37,706,37706,80,2003,JH2RC44033M7,J,H,2,R,C,4,4,0,3,3,M,7,0,M,HOND,T7D,RS,3,17,,,,,,,745,,2,,4,496,,,,,,,0,0,000000000,00000000000,0,0,0,1,0,0,0,0,0,0,0,998,0,0,0,12,12,6,2,12,0,0,0,1,19,51034,6,1,0,0,3,0,72,182,0,0,0,0,0,0,0,0,0,0,0,0,0,0,1,2,60,1,2,2,1,0,0,1,62,6,1,1,51,2,0
31,310115,2,2,1,9,9,18,26,12,2,1,0,31,1,22,18,22018,4,2004,1G2NF52E54M5,1,G,2,N,F,5,2,E,5,4,M,5,0,P,PONT,SE1,4D,4,17,3066,,0,1070,,G,,F,6,207,,,15R215,,,,,,0,0,000000000,00000000000,0,0,0,1,0,0,0,0,0,0,0,998,0,0,0,12,12,6,2,12,0,0,0,1,31,68741,6,1,0,0,3,0,67,180,0,1,1,0,0,5,2010,8,2010,0,28,0,0,0,1,2,60,1,2,2,1,0,0,1,10,7,1,2,50,0,1
31,310116,1,2,3,10,9,21,4,12,6,1,0,93,3,85,881,85881,66,1996,1XKAD69X4TR7,1,X,K,A,D,6,9,X,4,T,R,7,1,T,KW,T60,TR,96,17,,8,0,0,CON,D,,,6,855,,,,,00000,00,,64,1,77,777777777,77777777777,3,6,1,1,0,0,0,0,0,0,0,998,0,0,0,11,11,6,2,12,0,0,0,1,31,68138,6,1,6,1,3,0,68,165,1,0,0,0,0,4,2011,4,2011,0,39,0,0,0,3,6,45,1,1,1,1,3,3,11,15,1,1,1,82,0,0
31,310116,2,2,2,10,9,21,4,12,6,1,0,19,1,72,706,72706,80,2008,1HD1FB4178Y6,1,H,D,1,F,B,4,1,7,8,Y,6,0,M,HD,FHR,RS,8,17,,,,,,,1584,,2,,4,777,,,,,,,0,0,000000000,00000000000,0,0,0,1,0,0,0,0,0,0,0,998,0,0,0,1,1,6,2,12,0,0,0,1,31,68157,6,1,0,0,3,0,73,210,0,0,0,1,0,8,2009,8,2009,0,0,0,0,0,3,6,45,1,1,1,1,3,3,1,67,1,1,1,83,1,0
31,310117,1,1,1,18,9,19,45,8,0,1,0,31,1,20,443,20443,20,1998,1GNDU06E0WD1,1,G,N,D,U,0,6,E,0,W,D,1,0,P,CHEV,VTR,SV,98,17,3699,,0,1120,,G,,F,6,207,,,15R205,,,,,,0,0,000000000,00000000000,0,0,0,1,0,0,0,0,0,0,0,998,0,0,0,12,12,6,2,8,0,0,0,1,31,68152,6,1,0,0,3,0,62,178,0,0,0,1,0,8,2010,8,2010,0,0,0,0,0,3,5,60,3,1,2,1,0,0,14,80,1,1,1,13,0,1
31,310118,1,2,1,19,9,7,30,12,1,1,0,31,3,90,981,90981,50,2004,1BAKFC0H54F2,1,B,A,K,F,C,0,H,5,4,F,2,0,T,BLUI,,,4,17,,,,,,,,,,,,,,,,,,,0,77,777777777,77777777777,2,21,22,1,0,0,0,0,1,0,0,0,0,0,0,6,6,4,1,12,0,0,0,1,31,68873,6,1,6,1,3,0,73,170,0,0,0,0,0,0,0,0,0,0,0,0,0,0,1,2,60,1,2,2,1,0,0,5,53,1,1,1,21,0,0
31,310118,2,2,1,19,9,7,30,12,1,1,0,31,1,7,482,7482,31,2001,1B7KF23671J5,1,B,7,K,F,2,3,6,7,1,J,5,0,T,DODG,Q25,4C,1,17,,2,1547,1387,RPC,D,,,6,359,,,,C,5586,01,U,44,0,0,000000000,00000000000,0,0,0,1,0,0,0,0,0,0,0,998,0,0,0,12,12,6,2,12,0,0,0,1,31,68838,6,1,0,0,3,3,73,230,0,0,0,0,0,0,0,0,0,0,41,0,0,0,1,2,60,1,2,2,1,0,0,1,50,1,1,1,20,1,0
31,310119,1,1,1,24,9,19,0,1,0,1,0,31,1,20,19,20019,4,1991,1G1LT53T3ME1,1,G,1,L,T,5,3,T,3,M,E,1,0,P,CHEV,COL,4D,91,17,2569,,0,1034,,G,,F,6,191,,,14R185,,,,,,0,0,000000000,00000000000,0,0,0,1,0,0,0,0,0,0,0,998,0,2,5,0,0,6,2,1,0,0,0,1,31,68863,6,1,0,0,3,3,71,150,0,0,0,0,0,0,0,0,0,0,58,0,0,0,1,2,50,1,1,4,1,0,0,1,13,9,2,4,2,1,1