STATE,ST_CASE,VEH_NO,VE_FORMS,NUMOCCS,DAY,MONTH,HOUR,MINUTE,HARM_EV,MAN_COLL,UNITTYPE,HIT_RUN,REG_STAT,OWNER,MAKE,MODEL,MAK_MOD,BODY_TYP,MOD_YEAR,VIN,VIN_1,VIN_2,VIN_3,VIN_4,VIN_5,VIN_6,VIN_7,VIN_8,VIN_9,VIN_10,VIN_11,VIN_12,TOW_VEH,VINTYPE,VINMAKE,VINA_MOD,VIN_BT,VINMODYR,VIN_LNGT,VIN_WGT,WGTCD_TR,WHLBS_LG,WHLBS_SH,SER_TR,FUELCODE,MCYCL_DS,CARBUR,CYLINDER,DISPLACE,MCYCL_CY,MCYCL_WT,TIRE_SZE,TON_RAT,TRK_WT,TRKWTVAR,VIN_REST,WHLDRWHL,J_KNIFE,MCARR_I1,MCARR_I2,MCARR_ID,GVWR,V_CONFIG,CARGO_BT,HAZ_INV,HAZ_PLAC,HAZ_ID,HAZ_CNO,HAZ_REL,BUS_USE,SPEC_USE,EMER_USE,TRAV_SP,UNDERIDE,ROLLOVER,ROLINLOC,IMPACT1,IMPACT2,DEFORMED,TOWED,M_HARM,VEH_SC1,VEH_SC2,FIRE_EXP,DR_PRES,L_STATE,DR_ZIP,L_STATUS,L_TYPE,CDL_STAT,L_ENDORS,L_COMPL,L_RESTRI,DR_HGT,DR_WGT,PREV_ACC,PREV_SUS,PREV_DWI,PREV_SPD,PREV_OTH,FIRST_MO,FIRST_YR,LAST_MO,LAST_YR,SPEEDREL,DR_SF1,DR_SF2,DR_SF3,DR_SF4,VTRAFWAY,VNUM_LAN,VSPD_LIM,VALIGN,VPROFILE,VPAVETYP,VSURCOND,VTRAFCON,VTCONT_F,P_CRASH1,P_CRASH2,P_CRASH3,PCRASH4,PCRASH5,ACC_TYPE,DEATHS,DR_DRINK
31,310120,1,1,1,24,9,23,45,34,0,1,0,31,1,72,706,72706,80,2003,1HD1FRW163Y7,1,H,D,1,F,R,W,1,6,3,Y,7,0,M,HD,FCI,RS,3,17,,,,,,,1450,,2,,4,710,,,,,,,0,0,000000000,00000000000,0,0,0,1,0,0,0,0,0,0,0,998,0,0,0,12,12,6,2,34,0,0,0,1,31,68850,6,1,0,0,3,0,67,190,0,0,0,0,0,0,0,0,0,1,28,0,0,0,1,2,60,2,1,2,1,40,3,14,12,1,1,4,6,1,1
31,310121,1,2,3,25,9,14,20,12,6,1,0,31,1,7,442,7442,20,2006,2D4GP44L76R6,2,D,4,G,P,4,4,L,7,6,R,6,0,T,DODG,GSX,ES,6,17,,1,0,1193,CAR,G,,,6,230,,,,,4252,00,E,42,0,0,000000000,00000000000,0,0,0,1,0,0,0,0,0,0,0,998,0,0,0,11,11,6,2,12,0,0,0,1,31,68735,6,1,0,0,3,0,72,225,0,0,0,1,0,9,2010,9,2010,0,0,0,0,0,1,2,60,4,1,2,1,0,0,14,62,1,1,1,65,0,0
31,310121,2,2,1,25,9,14,20,12,6,1,0,31,2,72,706,72706,80,2005,1HD1CGP355K4,1,H,D,1,C,G,P,3,5,5,K,4,0,M,HD,20C,RS,5,17,,,,,,,1200,,2,,4,554,,,,,,,0,0,000000000,00000000000,0,0,0,1,0,0,0,0,0,0,0,998,0,0,0,11,11,6,2,12,0,0,0,1,31,68626,6,1,0,0,3,0,72,185,0,0,0,0,0,0,0,0,0,0,28,0,0,0,1,2,60,4,1,2,1,0,0,14,10,1,1,2,64,1,0
31,310122,1,2,1,27,9,7,40,12,1,1,0,31,3,84,981,84981,50,1999,1HVBBABM3XH6,1,H,V,B,B,A,B,M,3,X,H,6,0,T,INTL,380,BU,99,17,,6,2760,1520,30S,D,,,8,444,,,,,00000,00,,42,0,77,777777777,77777777777,2,21,22,1,0,0,0,0,1,0,0,0,0,0,0,6,6,6,2,12,0,0,0,1,31,68770,6,1,6,1,3,0,68,253,0,0,0,0,0,0,0,0,0,0,0,0,0,0,1,2,60,1,2,2,1,0,0,5,53,1,1,1,21,0,0
31,310122,2,2,1,27,9,7,40,12,1,1,0,31,1,55,35,55035,4,2002,KMHDN45D32U4,K,M,H,D,N,4,5,D,3,2,U,4,0,P,HYUN,EST,4D,2,17,2635,,0,1027,,G,,F,4,121,,,15R195,,,,,,0,0,000000000,00000000000,0,0,0,1,0,0,0,0,0,0,0,998,0,0,0,12,12,6,2,12,0,0,0,1,31,68770,6,1,0,0,3,3,71,200,0,0,0,0,0,0,0,0,0,0,41,0,0,0,1,2,60,1,2,2,1,0,0,1,50,1,1,1,20,1,0
31,310123,1,2,1,28,9,7,42,12,6,1,0,31,1,7,482,7482,31,1998,3B7KF2663WM2,3,B,7,K,F,2,6,6,3,W,M,2,0,T,DODG,250,PK,98,17,,2,0,1347,RPC,D,,,6,359,,,,C,5142,00,U,44,0,0,000000000,00000000000,0,0,0,1,0,0,0,0,0,0,0,998,0,0,0,1,3,6,2,12,0,0,0,1,31,68856,6,1,6,0,3,3,72,200,0,0,0,0,0,0,0,0,0,0,0,0,0,0,1,2,65,1,1,2,1,20,3,1,66,1,1,1,87,0,0
31,310123,2,2,3,28,9,7,42,12,6,1,0,30,1,7,482,7482,31,2010,1D7RV1CT6AS2,1,D,7,R,V,1,C,T,6,A,S,2,0,T,DODG,150,CW,10,17,,2,0,1400,RPC,G,,,8,348,,,,B,5308,00,7,44,0,0,000000000,00000000000,0,0,0,1,0,0,0,0,0,0,0,998,0,0,0,12,12,6,2,12,0,0,0,1,30,59326,6,1,0,0,3,0,71,225,98,0,0,1,0,5,2009,5,2009,0,39,0,0,0,1,2,55,1,1,2,1,20,3,1,17,1,1,1,86,1,0
31,310124,1,2,2,1,10,19,35,12,6,1,0,31,3,12,441,12441,20,1987,1FDDA14U5HZB,1,F,D,D,A,1,4,U,5,H,Z,B,0,T,FORD,ARO,CG,87,17,,1,0,1190,ARO,G,,,6,182,,,,,2864,01,A,42,0,0,000000000,00000000000,0,0,0,1,0,0,0,0,0,0,0,998,0,0,0,12,12,6,2,12,0,0,0,1,31,69341,6,1,0,0,3,0,70,145,0,0,0,0,0,0,0,0,0,0,0,0,0,0,1,4,65,1,1,2,1,20,3,1,55,1,1,1,88,0,1
31,310124,2,2,1,1,10,19,35,12,6,1,0,31,1,14,6,14006,4,1995,1MELM6533SK6,1,M,E,L,M,6,5,3,3,S,K,6,0,P,MERC,MGS,4D,95,17,2824,,0,1065,,G,,F,4,121,,,14R185,,,,,,0,0,000000000,00000000000,0,0,0,1,0,0,0,0,0,0,0,998,0,0,0,8,8,6,2,12,0,0,0,1,31,69341,6,1,0,0,3,3,67,125,0,0,0,0,0,0,0,0,0,0,38,0,0,0,1,4,65,1,1,2,1,20,3,1,17,1,1,1,89,1,0
31,310125,1,1,4,2,10,14,25,34,0,1,0,31,1,2,403,2403,14,1999,1J4FY49S7XP4,1,J,4,F,Y,4,9,S,7,X,P,4,0,T,JEEP,SAW,2W,99,17,,1,0,934,W/T,G,,,6,242,,,,,3143,00,U,44,0,0,000000000,00000000000,0,0,0,1,0,0,0,0,0,0,0,998,0,1,5,11,11,6,2,1,0,0,0,1,31,69337,6,1,0,0,3,0,69,200,0,0,0,0,0,0,0,0,0,0,82,0,0,0,1,2,55,1,2,4,1,0,0,1,5,1,2,4,2,1,1
31,310126,1,1,2,5,10,1,5,33,0,1,0,32,2,2,405,2405,14,2002,999999999999,9,9,9,9,9,9,9,9,9,9,9,9,0,,,,,,,,,,,,,,,,,,,,,,,,,0,0,000000000,00000000000,0,0,0,1,0,0,0,0,0,0,0,998,0,0,0,12,12,6,2,19,0,0,0,1,32,89081,2,1,0,0,2,0,64,122,0,0,0,0,0,0,0,0,0,1,0,0,0,0,1,2,25,1,1,2,1,20,3,1,13,1,1,4,1,2,1
31,310127,1,1,1,6,10,3,0,1,0,1,0,31,1,20,403,20403,14,2003,1GNDT13S4321,1,G,N,D,T,1,3,S,4,3,2,1,0,P,CHEV,TRL,UT,3,17,4600,,0,1130,,G,,F,6,256,,,16R245,,,,,,0,0,000000000,00000000000,0,0,0,1,0,0,0,0,0,0,0,998,0,2,5,0,0,6,2,2,0,0,1,1,31,68301,6,1,0,0,3,3,74,260,0,0,0,1,0,7,2010,7,2010,0,0,0,0,0,1,2,50,1,2,4,1,0,0,1,13,1,1,4,1,1,1
31,310128,1,2,1,4,10,13,5,12,6,1,0,31,2,20,481,20481,31,1972,CCE632V12227,C,C,E,6,3,2,V,1,2,2,2,7,0,T,CHEV,C63,CB,72,13,,6,2180,1250,C60,G,,,8,,,,,,,,,42,0,0,000000000,00000000000,0,0,0,1,0,0,0,0,0,0,0,998,0,0,0,2,2,4,3,12,0,0,0,1,31,68064,6,1,6,0,3,3,70,164,0,0,0,0,0,0,0,0,0,0,38,0,0,0,1,2,55,1,1,2,1,0,0,11,15,1,1,2,68,0,0
31,310128,2,2,1,4,10,13,5,12,6,1,0,31,1,53,703,53703,83,2010,VTTNJ48A6A21,V,T,T,N,J,4,8,A,6,A,2,1,0,M,SUZI,GZ2,RS,10,17,,,,,,,249,,1,,4,331,,,,,,,0,0,000000000,00000000000,0,0,0,1,0,0,0,0,0,0,0,998,0,0,0,12,12,6,2,12,0,0,0,1,31,68621,6,1,0,0,3,0,72,190,0,0,0,0,0,0,0,0,0,1,0,0,0,0,1,2,55,1,1,2,1,0,0,1,62,1,1,1,69,1,0
31,310129,1,2,1,8,10,16,12,12,6,1,0,31,2,87,881,87881,66,2005,1XP5DB9X45D8,1,X,P,5,D,B,9,X,4,5,D,8,1,T,PTRB,379,TR,5,17,,8,0,0,CON,D,,,6,893,,,,,00000,00,,64,1,57,695880,57695880,3,6,1,1,0,0,0,0,0,0,0,998,0,0,0,12,12,6,2,12,0,0,0,1,31,68901,6,1,6,0,3,0,70,270,0,0,0,0,0,0,0,0,0,0,0,0,0,0,2,2,55,1,2,1,1,20,3,1,67,1,1,1,83,0,0
31,310129,2,2,3,8,10,16,12,12,6,1,0,31,1,12,13,12013,4,1997,1FALP13P9VW3,1,F,A,L,P,1,3,P,9,V,W,3,0,P,FORD,EST,4D,97,17,2503,,0,984,,G,,F,4,122,,,14R185,,,,,,0,0,000000000,00000000000,0,0,0,1,0,0,0,0,0,0,0,998,0,0,0,9,9,6,2,12,0,0,0,1,12,32211,6,1,0,0,3,0,66,999,0,0,0,0,0,0,0,0,0,0,39,0,0,0,2,2,55,1,2,1,1,20,3,11,15,1,1,2,82,2,0
31,310130,1,1,1,14,10,20,32,8,0,1,0,31,1,12,471,12471,30,2005,1FTYR10D05PA,1,F,T,Y,R,1,0,D,0,5,P,A,0,T,FORD,RNG,PK,5,17,,1,1175,1116,RNG,G,,,4,140,,,,B,3010,00,U,42,0,0,000000000,00000000000,0,0,0,1,0,0,0,0,0,0,0,998,0,0,0,1,1,4,3,8,0,0,0,1,31,68510,6,1,0,0,3,3,70,175,0,0,0,1,0,4,2010,4,2010,0,0,0,0,0,1,4,35,1,2,1,1,0,0,1,80,1,1,1,13,0,0
31,310131,1,1,1,23,10,4,54,1,0,1,0,31,1,12,481,12481,31,2003,1FTNW21F93EA,1,F,T,N,W,2,1,F,9,3,E,A,0,T,FORD,F2S,CW,3,17,,2,1724,1562,SRW,D,,,8,444,,,,C,5870,04,E,44,0,0,000000000,00000000000,0,0,0,1,0,0,0,0,0,0,0,998,0,2,5,0,0,6,2,1,0,0,0,1,31,68313,6,1,0,0,3,3,70,220,1,0,0,0,1,1,2011,1,2011,0,28,0,0,0,1,2,60,1,1,2,1,0,0,1,10,7,2,4,2,1,1
31,310132,1,2,1,24,10,16,23,32,0,1,0,31,3,20,461,20461,21,2002,1GCHG39R6212,1,G,C,H,G,3,9,R,6,2,1,2,0,T,CHEV,E35,EC,2,17,,2,0,1550,EXP,G,,,8,350,,,,D,5462,00,,42,0,0,000000000,00000000000,0,0,0,1,0,0,0,0,0,0,0,998,0,1,1,12,12,6,2,12,0,0,0,1,31,68339,6,1,0,0,3,3,75,230,0,0,0,2,0,3,2011,10,2011,0,26,84,0,0,1,2,65,1,1,1,1,20,3,1,52,6,2,4,3,1,0
31,310132,2,2,2,24,10,16,23,32,0,1,0,31,1,20,481,20481,31,1996,2GCEK19M1T11,2,G,C,E,K,1,9,M,1,T,1,1,1,T,CHEV,GK1,PC,96,17,,2,1555,1415,GM4,G,,,8,305,,,,B,4495,08,,44,1,0,000000000,00000000000,0,0,0,1,0,0,0,0,0,0,0,0,0,0,0,8,8,2,1,12,0,0,0,1,31,68358,6,1,6,0,3,3,70,190,0,0,0,0,0,0,0,0,0,0,0,0,0,0,1,2,65,1,1,1,1,20,3,5,66,1,1,1,98,0,0
31,310133,1,1,1,29,10,17,55,1,0,1,0,40,1,37,32,37032,4,2002,1HGCG56662A1,1,H,G,C,G,5,6,6,6,2,A,1,0,P,HOND,UEX,4D,2,17,3142,,0,1069,,G,,F,4,138,,,15R195,,,,,,0,0,000000000,00000000000,0,0,0,1,0,0,0,0,0,0,0,998,0,2,5,0,0,6,2,1,0,0,0,1,40,74105,6,1,0,0,3,0,70,175,0,0,0,0,0,0,0,0,0,1,36,0,0,0,1,2,60,3,1,2,1,21,3,10,12,7,2,4,7,1,1
31,310134,1,1,1,29,10,14,0,35,0,1,0,31,2,84,881,84881,66,1981,1HTAA18E4BHA,1,H,T,A,A,1,8,E,4,B,H,A,1,T,INTL,8V4,CC,81,17,,7,2540,1400,SS,D,,,,,,,,,7365,18,,42,1,77,777777777,77777777777,3,6,8,1,0,0,0,0,0,0,0,998,0,0,0,1,1,6,2,72,0,0,0,1,31,69153,6,1,0,0,2,0,67,120,0,0,0,1,1,6,2010,6,2010,0,39,0,0,0,1,2,50,1,2,2,1,20,3,1,13,1,1,4,1,1,0
31,310135,1,1,1,29,10,23,0,8,0,1,1,31,3,7,482,7482,31,2007,3D7MX48AX7G7,3,D,7,M,X,4,8,A,X,7,G,7,0,T,DODG,SQ3,CW,7,17,,3,0,1600,RPC,D,,,6,408,,,,D,6775,06,E,44,0,0,000000000,00000000000,0,0,0,1,0,0,0,0,0,0,0,998,0,0,0,12,12,0,1,8,0,0,0,1,31,68771,3,1,0,0,2,0,72,200,0,0,0,0,0,0,0,0,0,0,36,0,0,0,1,2,25,1,1,4,1,0,0,1,80,1,1,1,13,0,1
31,310136,1,2,1,31,10,12,54,12,6,1,0,31,2,20,481,20481,31,1998,2GCEK19R4W11,2,G,C,E,K,1,9,R,4,W,1,1,0,T,CHEV,GK1,PC,98,17,,2,1555,1415,GM4,G,,,8,350,,,,B,00000,00,,44,0,0,000000000,00000000000,0,0,0,1,0,0,0,0,0,0,0,998,0,0,0,11,11,6,2,12,0,0,0,1,31,68791,6,1,0,0,3,0,71,175,0,0,0,0,0,0,0,0,0,0,0,0,0,0,1,2,50,1,1,2,1,0,0,1,62,1,1,1,69,1,0
31,310136,2,2,1,31,10,12,54,12,6,1,0,0,0,98,998,98998,92,1979,000000000000,0,0,0,0,0,0,0,0,0,0,0,0,0,,,,,,,,,,,,,,,,,,,,,,,,,0,0,000000000,00000000000,0,0,0,1,0,0,0,0,0,0,0,998,0,0,0,11,11,6,2,12,0,0,0,1,31,68791,6,1,0,0,3,0,70,260,0,0,0,0,0,0,0,0,0,0,38,0,0,0,1,2,50,1,1,2,1,0,0,11,15,1,1,2,68,0,0
31,310137,1,2,1,30,7,7,2,12,6,1,0,31,1,9,20,9020,2,1996,1P3ES42CXTD5,1,P,3,E,S,4,2,C,X,T,D,5,0,P,PLYM,NEH,CP,96,17,2410,,0,1040,,G,,F,4,122,,,14R185,,,,,,0,0,000000000,00000000000,0,0,0,1,0,0,0,0,0,0,0,998,1,0,0,12,12,6,2,12,0,0,0,1,31,68521,6,1,0,0,3,3,71,200,0,0,0,0,0,0,0,0,0,0,39,0,0,0,1,2,60,1,1,2,1,20,3,1,17,1,1,1,88,1,0
31,310137,2,2,1,30,7,7,2,12,6,1,0,19,3,84,881,84881,63,2006,2HSCHAPR26C1,2,H,S,C,H,A,P,R,2,6,C,1,0,T,INTL,99I,TR,6,17,,8,0,0,990,D,,,6,915,,,,,00000,00,,64,0,57,1905,571905,3,2,1,1,0,0,0,0,0,0,0,998,7,0,0,9,9,4,3,12,0,0,0,1,18,46902,6,1,6,0,3,3,72,325,0,0,0,0,0,0,0,0,0,0,0,0,0,0,1,2,60,1,1,2,1,20,3,1,66,1,1,1,89,0,0
31,310138,1,2,1,16,7,16,41,12,6,1,0,31,1,53,705,53705,80,2005,JS1GN7CA8521,J,S,1,G,N,7,C,A,8,5,2,1,0,M,SUZI,GSK,RC,5,17,,,,,,,599,,4,,4,355,,,,,,,0,0,000000000,00000000000,0,0,0,1,0,0,0,0,0,0,0,998,0,0,0,12,12,6,2,12,0,0,0,1,31,68104,6,1,0,0,3,0,74,184,0,0,0,0,0,0,0,0,0,1,39,37,0,0,1,2,35,1,1,1,1,3,3,1,17,1,1,1,88,1,1
31,310138,2,2,1,16,7,16,41,12,6,1,0,31,1,23,481,23481,31,1999,2GTEK19T5X15,2,G,T,E,K,1,9,T,5,X,1,5,0,T,GMC,NK1,3C,99,17,,2,1575,1435,SIE,G,,,8,325,,,,B,00000,00,U,44,0,0,000000000,00000000000,0,0,0,1,0,0,0,0,0,0,0,998,0,1,1,9,9,6,2,12,0,0,0,1,31,68147,6,1,0,0,3,3,72,180,0,0,0,1,0,1,2010,1,2010,0,0,0,0,0,1,2,25,1,1,1,1,3,3,1,66,1,1,1,89,0,0
31,310139,1,2,1,28,9,19,41,12,6,1,0,31,1,53,706,53706,80,2002,JS1GT74A7221,J,S,1,G,T,7,4,A,7,2,2,1,0,M,SUZI,XR1,RC,2,17,,,,,,,988,,4,,4,374,,,,,,,0,0,000000000,00000000000,0,0,0,1,0,0,0,0,0,0,0,998,0,0,0,12,12,6,2,12,0,0,0,1,31,68502,6,1,3,0,3,0,73,220,1,3,0,2,0,4,2009,7,2011,1,99,99,99,99,1,4,40,1,2,1,1,0,0,1,67,1,1,1,69,1,0
31,310139,2,2,1,28,9,19,41,12,6,1,0,31,2,41,50,41050,4,2003,1YVFP80C335M,1,Y,V,F,P,8,0,C,3,3,5,M,0,P,MAZD,M6I,4D,3,17,3042,,0,1053,,G,,F,4,138,,,16R205,,,,,,0,0,000000000,00000000000,0,0,0,1,0,0,0,0,0,0,0,998,0,0,0,3,3,6,2,12,0,0,0,1,31,68521,6,2,0,0,3,3,61,106,0,0,0,0,0,0,0,0,0,0,0,0,0,0,1,4,40,1,2,1,1,0,0,11,15,1,1,1,68,0,0
31,310140,1,1,4,7,11,19,25,1,0,1,0,31,2,20,32,20032,4,1992,1Y1SK5464NZ0,1,Y,1,S,K,5,4,6,4,N,Z,0,0,P,GEO,GEP,4D,92,17,2435,,0,957,,G,,F,4,097,,,13R175,,,,,,0,0,000000000,00000000000,0,0,0,1,0,0,0,0,0,0,0,998,0,1,3,0,0,6,2,1,0,0,0,1,8,80737,3,2,0,0,2,0,68,140,0,1,0,0,0,7,2011,7,2011,0,58,0,0,0,3,4,75,1,1,1,1,0,0,6,12,9,2,4,7,3,0
31,310141,1,1,9,11,11,14,12,1,0,1,0,8,1,6,441,6441,20,1998,1C4GP64L4WB5,1,C,4,G,P,6,4,L,4,W,B,5,0,T,CHRY,LXI,ES,98,17,,1,0,1193,TWC,G,,,6,230,,,,,4090,00,,42,0,0,000000000,00000000000,0,0,0,1,0,0,0,0,0,0,0,998,0,1,3,0,0,6,2,1,0,0,0,1,8,80219,0,0,0,0,0,0,999,999,0,0,0,0,0,0,0,0,0,0,80,0,0,0,3,4,75,1,1,1,1,0,0,1,1,1,4,4,7,3,0
31,310142,1,1,1,12,11,2,0,1,0,1,0,31,1,12,481,12481,31,2002,2FTRX18L52CA,2,F,T,R,X,1,8,L,5,2,C,A,0,T,FORD,F15,4C,2,17,,2,1574,1388,COF,G,,,8,330,,,,B,4639,05,U,44,0,0,000000000,00000000000,0,0,0,1,0,0,0,0,0,0,0,998,0,2,5,0,0,6,2,1,0,0,0,1,31,68516,6,1,0,0,3,3,70,180,0,0,0,0,0,0,0,0,0,0,28,58,0,0,1,2,60,1,1,1,1,0,0,1,10,9,2,4,7,1,1
31,310143,1,3,1,13,11,20,25,12,6,1,0,31,2,14,443,14443,20,1999,4M2XV11T8XDJ,4,M,2,X,V,1,1,T,8,X,D,J,0,P,MERC,VLR,SV,99,17,3944,,0,1122,,G,,F,6,201,,,15R215,,,,,,0,0,000000000,00000000000,0,0,0,1,0,0,0,0,0,0,0,998,0,0,0,11,11,6,2,12,0,0,0,1,31,68665,6,1,0,0,3,0,68,130,0,0,0,1,0,8,2010,8,2010,0,28,0,0,0,1,2,60,2,2,2,1,0,0,14,10,1,1,2,64,1,0
31,310143,2,3,1,13,11,20,25,12,6,1,0,31,1,22,19,22019,2,2008,1G2AL18F0872,1,G,2,A,L,1,8,F,0,8,7,2,0,P,PONT,G/5,CP,8,17,2991,,0,1035,,G,,F,4,134,,,15R195,,,,,,0,0,000000000,00000000000,0,0,0,1,0,0,0,0,0,0,0,998,0,0,0,12,12,6,2,12,0,0,0,1,31,68814,6,1,0,0,3,3,65,120,0,0,0,0,0,0,0,0,0,0,0,0,0,0,1,2,60,3,2,1,1,0,0,14,62,1,1,1,65,0,0
31,310143,3,3,1,13,11,20,25,12,6,1,0,31,1,2,404,2404,14,1999,1J4GW68N3XC5,1,J,4,G,W,6,8,N,3,X,C,5,0,T,JEEP,LMT,4W,99,17,,1,0,1059,GCK,G,,,8,287,,,,,3809,00,E,44,0,0,000000000,00000000000,0,0,0,1,0,0,0,0,0,0,0,998,0,0,0,11,11,6,2,12,0,0,0,1,31,68803,6,1,0,0,3,3,72,175,1,0,0,0,0,7,2009,7,2009,0,0,0,0,0,1,2,60,3,2,1,1,0,0,14,62,1,1,1,98,0,0
31,310144,1,1,2,14,11,15,40,21,0,1,0,31,2,12,17,12017,4,1992,1FACP5045NA2,1,F,A,C,P,5,0,4,5,N,A,2,0,P,FORD,TAL,4D,92,17,3111,,0,1060,,G,,F,6,232,,,14R205,,,,,,0,0,000000000,00000000000,0,0,0,1,0,0,0,0,0,0,0,998,0,0,0,9,9,6,2,21,0,0,0,1,31,68522,6,2,0,0,3,0,70,250,0,0,0,0,0,0,0,0,0,1,28,58,0,0,1,2,35,1,1,1,1,0,0,1,10,9,2,4,2,1,0
31,310145,1,1,1,18,11,19,20,1,0,1,0,31,1,23,481,23481,31,2008,3GTEK13M48G1,3,G,T,E,K,1,3,M,4,8,G,1,0,T,GMC,SK1,CW,8,17,,2,0,1435,SIE,G,,,8,323,,,,B,5326,00,4,44,0,0,000000000,00000000000,0,0,0,1,0,0,0,0,0,0,0,998,0,1,1,0,0,6,2,1,0,0,0,1,31,69350,6,1,0,0,3,3,72,200,0,0,0,3,0,3,2010,10,2010,0,0,0,0,0,1,2,55,2,2,2,1,0,0,14,12,7,2,6,98,1,1
31,310146,1,2,2,19,11,11,25,12,1,1,0,31,1,7,41,7041,4,2001,2B3HD56J01H7,2,B,3,H,D,5,6,J,0,1,H,7,0,P,DODG,IES,4D,1,17,3414,,0,1130,,G,,F,6,197,,,16R225,,,,,,0,0,000000000,00000000000,0,0,0,1,0,0,0,0,0,0,0,998,0,0,0,12,12,6,2,12,0,0,0,1,31,69155,6,1,0,0,3,0,69,148,0,1,0,0,0,10,2010,10,2010,0,0,0,0,0,1,2,45,3,1,2,1,0,0,14,50,1,1,1,20,1,0
31,310146,2,2,1,19,11,11,25,12,1,1,0,31,3,20,481,20481,31,2003,1GBJK34123E3,1,G,B,J,K,3,4,1,2,3,E,3,0,T,CHEV,SK3,CB,3,17,,3,1615,1370,SIL,D,,,8,403,,,,D,5845,00,,44,0,0,000000000,00000000000,0,0,0,1,0,0,0,0,0,0,0,0,0,0,0,6,6,2,1,12,0,0,0,1,31,69144,6,1,0,0,3,0,73,200,0,0,0,0,0,0,0,0,0,0,0,0,0,0,1,2,45,3,1,2,1,0,0,5,53,1,1,1,21,0,0
31,310147,1,1,3,21,11,19,17,42,0,1,0,31,2,30,47,30047,3,2002,3VWCD21C02M4,3,V,W,C,D,2,1,C,0,2,M,4,0,P,VOLK,NGS,2H,2,17,2873,,0,989,,G,,T,4,109,,,16R205,,,,,,0,0,000000000,00000000000,0,0,0,1,0,0,0,0,0,0,0,998,0,1,5,1,1,6,2,42,0,0,0,1,31,68007,6,2,0,0,3,0,65,130,0,0,0,0,0,0,0,0,0,1,36,0,0,0,1,2,45,1,2,2,1,0,0,1,12,1,1,4,6,1,0
31,310148,1,1,6,26,11,17,55,1,0,1,0,17,1,37,421,37421,15,2003,2HKYF18553H5,2,H,K,Y,F,1,8,5,5,3,H,5,0,P,HOND,PIL,UT,3,17,4439,,0,1063,,G,,F,6,212,,,16R235,,,,,,0,0,000000000,00000000000,0,0,0,1,0,0,0,0,0,0,0,998,0,2,3,0,0,6,2,1,0,0,0,1,17,60625,6,1,0,0,3,0,999,999,0,0,0,0,0,0,0,0,0,0,77,0,0,0,3,4,75,1,1,1,1,0,0,1,12,1,2,4,7,1,0
31,310149,1,2,2,26,11,21,8,12,6,1,0,31,1,12,401,12401,14,2004,1FMZU73K74ZA,1,F,M,Z,U,7,3,K,7,4,Z,A,0,P,FORD,EPR,UT,4,17,4094,,0,1137,,F,,F,6,245,,,16R235,,,,,,0,0,000000000,00000000000,0,0,0,1,0,0,0,0,0,0,0,998,0,1,1,9,9,6,2,1,0,0,0,1,31,68871,6,1,6,0,3,0,68,250,0,0,0,0,0,0,0,0,0,0,0,0,0,0,1,2,60,1,2,2,1,0,0,1,62,1,1,1,65,1,0
31,310149,2,2,1,26,11,21,8,12,6,1,0,31,1,23,481,23481,31,2010,1GTSKVE37AZ2,1,G,T,S,K,V,E,3,7,A,Z,2,0,T,GMC,1NK,4C,10,17,,2,1575,1435,SIE,F,,,8,323,,,,B,5286,02,S,44,0,0,000000000,00000000000,0,0,0,1,0,0,0,0,0,0,0,998,0,0,0,11,11,4,4,12,0,0,0,1,31,68870,6,1,6,0,3,0,70,165,0,0,0,0,0,0,0,0,0,0,28,0,0,0,1,2,60,1,2,2,1,0,0,1,10,1,1,2,64,0,1
31,310150,1,1,2,28,11,15,1,1,0,1,0,31,1,22,20,22020,2,2000,1G2WP12K3YF1,1,G,2,W,P,1,2,K,3,Y,F,1,0,P,PONT,GPG,CP,0,17,3386,,0,1105,,G,,F,6,231,,,16R225,,,,,,0,0,000000000,00000000000,0,0,0,1,0,0,0,0,0,0,0,998,0,2,5,0,0,6,2,1,0,0,0,1,31,68123,6,1,0,0,3,0,76,405,2,1,0,0,2,8,2010,4,2011,0,0,0,0,0,1,2,55,4,1,1,1,0,0,14,12,1,1,4,6,2,1
31,310151,1,1,1,30,11,5,35,38,0,1,0,31,1,18,401,18401,14,2002,3G5DA03EX2S5,3,G,5,D,A,0,3,E,X,2,S,5,0,P,BUIC,RZV,UT,2,17,4024,,0,1122,,G,,F,6,204,,,16R215,,,,,,0,0,000000000,00000000000,0,0,0,1,0,0,0,0,0,0,0,998,0,1,1,1,1,6,2,1,0,0,0,1,31,68701,6,1,0,0,3,3,68,150,0,0,0,0,0,0,0,0,0,0,0,0,0,0,1,2,55,1,1,2,1,0,0,1,12,7,2,4,6,1,0
31,310152,1,2,3,3,12,16,52,12,1,1,0,31,1,49,40,49040,4,2006,JTDBA30K5600,J,T,D,B,A,3,0,K,5,6,0,0,0,P,TOYT,CSE,4D,6,17,3164,,0,1071,,G,,F,6,201,,,15R205,,,,,,0,0,000000000,00000000000,0,0,0,1,0,0,0,0,0,0,0,998,0,0,0,6,6,6,2,12,0,0,0,1,31,68005,6,1,0,0,3,0,80,230,0,0,0,0,0,0,0,0,0,0,0,0,0,0,3,4,55,1,2,1,3,0,0,15,53,1,1,1,27,1,0
31,310152,2,2,2,3,12,16,52,12,1,1,0,93,3,51,881,51881,66,2011,4V4NC9EJ6BN5,4,V,4,N,C,9,E,J,6,B,N,5,1,T,VOLV,VNL,TR,11,17,,8,0,0,VVN,D,,,6,793,,,,,00000,00,,64,1,57,211600,57211600,3,6,1,1,0,0,0,0,0,0,0,998,0,0,0,12,12,6,2,12,0,0,0,1,10,19703,1,1,1,0,2,0,72,211,0,3,0,0,3,3,2010,2,2011,1,0,0,0,0,3,4,55,1,2,1,3,0,0,1,60,1,1,1,24,0,0