STATE,ST_CASE,VEH_NO,VE_FORMS,NUMOCCS,DAY,MONTH,HOUR,MINUTE,HARM_EV,MAN_COLL,UNITTYPE,HIT_RUN,REG_STAT,OWNER,MAKE,MODEL,MAK_MOD,BODY_TYP,MOD_YEAR,VIN,VIN_1,VIN_2,VIN_3,VIN_4,VIN_5,VIN_6,VIN_7,VIN_8,VIN_9,VIN_10,VIN_11,VIN_12,TOW_VEH,VINTYPE,VINMAKE,VINA_MOD,VIN_BT,VINMODYR,VIN_LNGT,VIN_WGT,WGTCD_TR,WHLBS_LG,WHLBS_SH,SER_TR,FUELCODE,MCYCL_DS,CARBUR,CYLINDER,DISPLACE,MCYCL_CY,MCYCL_WT,TIRE_SZE,TON_RAT,TRK_WT,TRKWTVAR,VIN_REST,WHLDRWHL,J_KNIFE,MCARR_I1,MCARR_I2,MCARR_ID,GVWR,V_CONFIG,CARGO_BT,HAZ_INV,HAZ_PLAC,HAZ_ID,HAZ_CNO,HAZ_REL,BUS_USE,SPEC_USE,EMER_USE,TRAV_SP,UNDERIDE,ROLLOVER,ROLINLOC,IMPACT1,IMPACT2,DEFORMED,TOWED,M_HARM,VEH_SC1,VEH_SC2,FIRE_EXP,DR_PRES,L_STATE,DR_ZIP,L_STATUS,L_TYPE,CDL_STAT,L_ENDORS,L_COMPL,L_RESTRI,DR_HGT,DR_WGT,PREV_ACC,PREV_SUS,PREV_DWI,PREV_SPD,PREV_OTH,FIRST_MO,FIRST_YR,LAST_MO,LAST_YR,SPEEDREL,DR_SF1,DR_SF2,DR_SF3,DR_SF4,VTRAFWAY,VNUM_LAN,VSPD_LIM,VALIGN,VPROFILE,VPAVETYP,VSURCOND,VTRAFCON,VTCONT_F,P_CRASH1,P_CRASH2,P_CRASH3,PCRASH4,PCRASH5,ACC_TYPE,DEATHS,DR_DRINK
31,310153,1,1,1,6,12,99,99,8,0,1,1,99,9,99,999,99999,99,9999,999999999999,9,9,9,9,9,9,9,9,9,9,9,9,0,,,,,,,,,,,,,,,,,,,,,,,,,0,0,000000000,00000000000,0,0,0,1,0,0,0,0,0,0,0,998,0,0,0,12,12,9,1,8,0,0,0,1,99,99999,9,9,99,9,9,9,999,999,99,99,99,99,99,99,9999,99,9999,0,99,99,99,99,1,2,50,1,1,2,2,0,0,1,80,1,1,1,13,0,0
31,310154,1,2,1,8,12,14,50,12,6,1,0,31,1,7,482,7482,31,2012,1C6RD7KT2CS1,1,C,6,R,D,7,K,T,2,C,S,1,0,T,DODG,S1T,CW,12,17,,2,0,1400,RPC,G,,,8,348,,,,B,5257,00,K,44,0,0,000000000,00000000000,0,0,0,1,0,0,0,0,0,0,0,57,0,0,0,3,3,6,2,12,0,0,0,1,31,68601,6,1,0,0,3,0,66,168,0,0,0,0,0,0,0,0,0,0,0,0,0,0,1,2,60,1,1,2,3,0,0,1,62,7,1,4,65,0,0
31,310154,2,2,4,8,12,14,50,12,6,1,0,31,2,7,26,7026,4,2008,1B3LC56K88N1,1,B,3,L,C,5,6,K,8,8,N,1,0,P,DODG,AXT,4D,8,17,3465,,0,1089,,G,,F,4,144,,,17R215,,,,,,0,0,000000000,00000000000,0,0,0,1,0,0,0,0,0,0,0,45,0,0,0,11,11,6,2,12,0,0,0,1,31,68748,6,2,0,0,3,0,71,160,0,0,0,0,0,0,0,0,0,1,87,28,0,0,1,2,60,1,1,2,3,0,0,1,10,1,2,4,64,2,0
31,310155,1,3,1,8,12,23,15,12,1,1,0,17,1,85,881,85881,66,2000,1XKTDU9XXYJ8,1,X,K,T,D,U,9,X,X,Y,J,8,1,T,KW,T20,TR,0,17,,8,2600,1900,CON,D,,,6,733,,,,,00000,00,,64,1,57,1568750,571568750,3,6,1,1,0,0,0,0,0,0,0,998,0,0,0,12,12,4,3,12,0,0,0,1,17,61704,6,1,6,0,3,0,999,999,0,0,0,0,0,0,0,0,0,1,0,0,0,0,3,4,75,1,1,1,4,0,0,1,51,1,1,1,24,0,0
31,310155,2,3,1,8,12,23,15,12,1,1,0,6,1,12,422,12422,15,2001,1FMPU16L61LA,1,F,M,P,U,1,6,L,6,1,L,A,1,P,FORD,EPT,UT,1,17,5250,,0,1191,,G,,F,8,330,,,16R255,,,,,,3,0,000000000,00000000000,0,0,0,1,0,0,0,0,0,0,0,998,0,0,0,6,9,6,2,12,0,0,0,1,6,95838,6,1,0,0,3,3,72,190,0,0,0,0,1,5,2011,5,2011,0,0,0,0,0,3,4,75,1,1,1,4,0,0,1,53,1,1,1,25,1,0
31,310155,3,3,1,8,12,23,15,12,1,1,0,93,3,87,881,87881,66,2005,1XP5DB9X05N8,1,X,P,5,D,B,9,X,0,5,N,8,1,T,PTRB,379,TR,5,17,,8,0,0,CON,D,,,6,893,,,,,00000,00,,64,1,57,905594,57905594,3,6,1,1,0,0,0,0,0,0,0,998,0,0,0,12,12,6,2,12,0,0,0,1,29,65706,6,1,6,1,3,3,74,200,0,0,0,0,0,0,0,0,0,0,0,0,0,0,3,4,75,1,1,1,4,0,0,1,50,1,1,1,98,0,0
31,310156,1,2,1,9,12,17,17,31,0,1,0,31,2,21,21,21021,4,2004,1G3NL52F84C1,1,G,3,N,L,5,2,F,8,4,C,1,0,P,OLDS,A/G,4D,4,17,2950,,0,1070,,G,,F,4,134,,,15R215,,,,,,0,0,000000000,00000000000,0,0,0,1,0,0,0,0,0,0,0,998,0,0,0,9,9,6,2,12,0,0,0,1,20,67501,6,1,0,0,3,3,70,185,0,0,0,0,0,0,0,0,0,0,28,58,0,0,2,4,65,1,1,2,4,0,0,1,12,8,2,4,7,1,0
31,310156,2,2,1,9,12,17,17,31,0,1,0,31,1,85,881,85881,66,2001,1XKWDB9X51R8,1,X,K,W,D,B,9,X,5,1,R,8,1,T,KW,W90,TR,1,17,,8,2850,1600,CON,D,,,6,893,,,,,00000,00,,64,1,57,651603,57651603,3,6,1,1,0,0,0,0,0,0,0,64,0,0,0,11,11,6,2,12,0,0,0,1,31,68832,6,1,6,1,3,3,70,225,0,0,0,0,0,0,0,0,0,0,0,0,0,0,2,4,65,1,1,2,4,0,0,1,62,7,1,1,98,0,0
31,310157,1,1,1,17,12,4,0,35,0,1,0,31,2,21,20,21020,4,1993,1G3WH54T8PD3,1,G,3,W,H,5,4,T,8,P,D,3,0,P,OLDS,SUS,4D,93,17,3004,,0,1075,,G,,F,6,191,,,15R205,,,,,,0,0,000000000,00000000000,0,0,0,1,0,0,0,0,0,0,0,998,0,1,5,12,12,6,2,1,0,0,0,1,31,68876,6,1,0,0,3,0,70,190,0,0,0,1,1,10,2010,8,2011,0,0,0,0,0,1,2,50,1,1,4,1,0,0,1,12,1,1,4,6,1,1
31,310158,1,2,1,19,12,17,50,12,6,1,0,31,2,12,481,12481,31,1996,1FTEF14Y0TLB,1,F,T,E,F,1,4,Y,0,T,L,B,0,T,FORD,F15,PK,96,17,,2,1330,1170,COF,G,,,6,300,,,,B,00000,00,M,44,0,0,000000000,00000000000,0,0,0,1,0,0,0,0,0,0,0,998,0,0,0,9,9,6,2,12,0,0,0,1,31,68028,6,1,6,0,3,0,72,225,0,0,0,1,0,7,2010,7,2010,0,39,0,0,0,1,2,50,1,2,4,1,20,3,1,17,1,1,1,89,1,1
31,310158,2,2,1,19,12,17,50,12,6,1,0,31,1,7,482,7482,31,2002,3B7KF23C42M3,3,B,7,K,F,2,3,C,4,2,M,3,0,T,DODG,Q25,4C,2,17,,2,1547,1387,RPC,D,,,6,359,,,,C,5579,01,E,44,0,0,000000000,00000000000,0,0,0,1,0,0,0,0,0,0,0,998,0,0,0,12,12,6,2,12,0,0,0,1,31,68028,6,1,0,0,3,3,74,175,0,0,0,0,0,0,0,0,0,0,0,0,0,0,1,2,50,1,2,4,1,20,3,1,66,1,1,1,88,0,0
31,310159,1,2,2,20,12,12,24,12,6,1,0,31,1,7,422,7422,15,2004,1D4HB48D24F1,1,D,4,H,B,4,8,D,2,4,F,1,0,P,DODG,DUR,UT,4,17,4958,,0,1192,,G,,F,8,345,,,17R245,,,,,,0,0,000000000,00000000000,0,0,0,1,0,0,0,0,0,0,0,998,0,0,0,1,1,6,2,12,0,0,0,1,31,68434,6,1,0,0,3,0,67,150,0,0,0,0,0,0,0,0,0,0,0,0,0,0,1,4,35,1,1,1,3,0,0,1,62,9,1,2,65,0,0
31,310159,2,2,1,20,12,12,24,12,6,1,0,31,1,12,471,12471,30,2001,1FTZR15E31PA,1,F,T,Z,R,1,5,E,3,1,P,A,0,T,FORD,RNS,PC,1,17,,1,0,1259,RNG,G,,,6,245,,,,B,3599,00,U,44,0,0,000000000,00000000000,0,0,0,1,0,0,0,0,0,0,0,998,0,0,0,3,3,6,2,12,0,0,0,1,31,68801,4,1,0,0,2,3,68,250,0,0,0,0,0,0,0,0,0,0,28,87,0,0,1,4,35,1,1,1,3,0,0,1,10,1,7,2,64,1,0
31,310160,1,1,1,22,12,13,13,1,0,1,0,31,1,12,471,12471,30,2008,1FTZR45E08PA,1,F,T,Z,R,4,5,E,0,8,P,A,0,T,FORD,RNS,4C,8,17,,1,0,1260,RNG,G,,,6,244,,,,B,3606,00,4,44,0,0,000000000,00000000000,0,0,0,1,0,0,0,0,0,0,0,998,0,2,5,0,0,6,2,1,0,0,0,1,31,69142,6,1,0,0,3,3,64,130,0,0,0,0,0,0,0,0,0,0,0,0,0,0,1,2,55,3,2,2,4,0,0,14,13,1,1,4,1,1,0
31,310161,1,2,1,23,12,18,10,12,6,1,0,31,1,22,17,22017,4,1986,2G2AF19R9G92,2,G,2,A,F,1,9,R,9,G,9,2,0,P,PONT,600,4D,86,17,2657,,0,1049,,G,,F,4,151,,,14R185,,,,,,0,0,000000000,00000000000,0,0,0,1,0,0,0,0,0,0,0,998,0,0,0,9,9,6,2,12,0,0,0,1,31,68331,6,1,0,0,3,0,70,220,0,0,0,0,0,0,0,0,0,0,38,0,0,0,1,4,25,1,1,1,1,20,3,4,17,1,1,1,89,1,0
31,310161,2,2,4,23,12,18,10,12,6,1,0,31,2,12,481,12481,31,2002,2FTRX17W52CA,2,F,T,R,X,1,7,W,5,2,C,A,0,T,FORD,F15,4C,2,17,,2,1571,1385,COF,G,,,8,281,,,,B,4224,06,U,42,0,0,000000000,00000000000,0,0,0,1,0,0,0,0,0,0,0,998,0,0,0,12,12,6,2,12,0,0,0,1,31,68505,6,1,6,0,3,0,65,169,0,0,0,0,0,0,0,0,0,0,0,0,0,0,1,4,45,1,1,1,1,20,3,1,55,1,1,1,88,0,0
31,310162,1,1,1,24,12,21,40,1,0,1,0,92,0,7,482,7482,31,2001,3B7KF23691G2,3,B,7,K,F,2,3,6,9,1,G,2,0,T,DODG,Q25,4C,1,17,,2,1547,1387,RPC,D,,,6,359,,,,C,5586,01,U,44,0,0,000000000,00000000000,0,0,0,1,0,0,0,0,0,0,0,998,0,2,5,0,0,6,2,1,0,0,0,1,8,81240,6,1,6,0,3,0,64,160,0,1,0,3,0,3,2009,12,2011,0,36,58,0,0,1,2,60,1,2,2,1,0,0,1,11,8,2,4,2,1,1
31,310163,1,1,1,26,12,21,15,33,0,1,0,31,2,20,16,20016,2,1999,1G1JC1241X71,1,G,1,J,C,1,2,4,1,X,7,1,0,P,CHEV,C/S,CP,99,17,2617,,0,1041,,G,,F,4,133,,,14R195,,,,,,0,0,000000000,00000000000,0,0,0,1,0,0,0,0,0,0,0,998,0,1,5,1,1,6,2,1,0,0,0,1,31,68104,6,1,0,0,3,0,74,215,0,0,0,0,0,0,0,0,0,1,36,28,0,0,1,4,35,1,2,2,1,0,0,1,12,1,1,4,6,1,1
31,310164,1,2,1,28,12,10,8,12,6,1,0,31,2,22,19,22019,2,2009,1G2AS18H0972,1,G,2,A,S,1,8,H,0,9,7,2,0,P,PONT,G/5,CP,9,17,2752,,0,1035,,G,,F,4,134,,,15R195,,,,,,0,0,000000000,00000000000,0,0,0,1,0,0,0,0,0,0,0,998,0,0,0,9,9,6,2,12,0,0,0,1,31,68018,6,2,0,0,3,0,66,118,0,0,0,0,0,0,0,0,0,0,38,0,0,0,1,2,50,1,1,4,1,21,3,1,17,1,1,1,89,1,0
31,310164,2,2,1,28,12,10,8,12,6,1,0,31,2,20,481,20481,31,2006,2GCEK13Z9613,2,G,C,E,K,1,3,Z,9,6,1,3,0,T,CHEV,SK1,CW,6,17,,2,0,1435,SIL,F,,,8,323,,,,B,5284,00,,44,0,0,000000000,00000000000,0,0,0,1,0,0,0,0,0,0,0,998,0,1,5,12,12,6,2,12,0,0,0,1,31,68017,6,1,0,0,3,0,73,145,0,0,0,0,0,0,0,0,0,1,0,0,0,0,1,2,50,1,1,4,1,21,3,1,66,1,1,1,88,0,0
32,320001,1,1,2,3,1,15,25,8,0,1,0,32,1,7,422,7422,15,2006,1D4HD38N16F1,1,D,4,H,D,3,8,N,1,6,F,1,0,P,DODG,DUR,UT,6,17,4462,,0,1192,,G,,F,8,287,,,17R245,,,,,,0,0,000000000,00000000000,0,0,0,1,0,0,0,0,0,0,0,35,0,0,0,11,11,2,1,8,32,0,0,1,32,89142,6,1,6,0,3,3,70,250,0,0,0,0,0,0,0,0,0,0,0,0,0,0,2,3,45,1,1,2,1,0,0,1,80,1,1,1,13,0,0
32,320002,1,1,1,7,1,12,10,31,0,1,0,32,3,20,481,20481,31,1996,1GCHC39JXTE2,1,G,C,H,C,3,9,J,X,T,E,2,0,T,CHEV,GC3,PC,96,17,,2,0,1555,GM4,G,,,8,454,,,,D,5250,00,,42,0,0,000000000,00000000000,0,0,0,1,0,0,0,0,0,0,0,65,0,1,6,12,98,6,2,1,0,0,0,1,30,59911,6,1,0,0,3,0,72,200,98,0,0,0,1,11,2010,11,2010,1,28,0,0,0,1,2,60,3,2,2,1,40,3,14,13,1,1,4,1,1,0
32,320003,1,1,1,8,1,0,26,33,0,1,0,32,1,53,705,53705,80,2007,JS1GN7DAX721,J,S,1,G,N,7,D,A,X,7,2,1,0,M,SUZI,G60,RC,7,17,,,,,,,599,,4,,4,354,,,,,,,0,0,000000000,00000000000,0,0,0,1,0,0,0,0,0,0,0,53,0,0,0,14,98,6,2,1,0,0,0,1,32,89106,6,1,0,0,3,0,67,167,0,0,0,0,0,0,0,0,0,1,36,28,0,0,2,6,45,1,1,2,1,0,0,17,60,7,1,4,3,1,0
32,320004,1,1,1,8,1,19,47,38,0,1,0,32,1,7,482,7482,31,2006,1D7HU16PX6J2,1,D,7,H,U,1,6,P,X,6,J,2,0,T,DODG,S15,PK,6,17,,2,0,1205,RPC,F,,,8,287,,,,B,4841,01,E,44,0,0,000000000,00000000000,0,0,0,1,0,0,0,0,0,0,0,998,0,1,6,1,81,6,2,1,0,0,0,1,32,89117,6,1,0,0,3,0,69,150,0,4,0,1,0,5,2008,10,2010,0,28,0,0,0,1,2,35,1,1,2,1,0,0,1,13,1,1,4,1,1,1
32,320005,1,3,1,11,1,2,8,12,1,1,1,32,2,42,42,42042,4,2005,WDBRF40J35F6,W,D,B,R,F,4,0,J,3,5,F,6,0,P,MERZ,C2K,4D,5,17,3250,,0,1069,,G,,Z,4,108,,,17R225,,,,,,0,0,000000000,00000000000,0,0,0,1,0,0,0,0,0,0,0,92,0,0,0,12,12,6,2,12,0,0,0,1,32,89074,6,1,0,0,3,0,67,139,0,3,0,2,0,2,2008,6,2010,1,36,0,0,0,3,4,55,1,1,2,1,28,3,1,51,1,1,1,24,0,0
32,320005,2,3,1,11,1,2,8,12,1,1,0,32,1,23,481,23481,31,2005,2GTEC19VX513,2,G,T,E,C,1,9,V,X,5,1,3,0,T,GMC,NC1,4C,5,17,,2,1575,1435,SIE,G,,,8,293,,,,B,4617,03,4,42,0,0,000000000,00000000000,0,0,0,1,0,0,0,0,0,0,0,60,0,1,5,6,98,6,2,1,0,0,0,1,32,89141,6,1,0,0,3,1,77,245,0,0,0,0,0,0,0,0,0,0,0,0,0,0,3,4,55,1,1,2,1,28,3,1,53,1,1,1,25,0,0
32,320005,3,3,1,11,1,2,8,12,1,1,0,32,1,52,401,52401,14,2001,JA4LS41RX1P0,J,A,4,L,S,4,1,R,X,1,P,0,0,P,MITS,MNS,UT,1,17,4065,,0,1073,,G,,F,6,213,,,16R255,,,,,,0,0,000000000,00000000000,0,0,0,1,0,0,0,0,0,0,0,53,0,1,5,9,98,6,2,1,0,0,0,1,32,89074,6,1,0,0,3,0,64,155,0,0,0,0,0,0,0,0,0,0,0,0,0,0,3,4,55,1,1,2,1,28,3,1,53,1,1,1,98,1,0
32,320006,1,1,1,13,1,19,5,31,0,1,0,17,3,87,881,87881,66,2003,1XP7DB9X93D8,1,X,P,7,D,B,9,X,9,3,D,8,1,T,PTRB,387,TR,3,17,,8,0,0,CON,D,,,6,893,,,,,00000,00,,64,1,57,000076029,57000076029,3,6,1,1,0,0,0,0,0,0,0,67,0,1,3,12,81,4,3,1,0,0,0,1,17,60622,6,1,6,1,3,1,68,230,0,0,0,0,0,0,0,0,0,0,28,58,0,0,2,4,75,2,2,2,1,0,0,14,12,7,1,4,6,1,0
32,320007,1,1,1,16,1,14,43,1,0,1,0,32,1,72,706,72706,80,2009,1HD1CX3319K4,1,H,D,1,C,X,3,3,1,9,K,4,0,M,HD,C1U,RS,9,17,,,,,,,1202,,2,,4,581,,,,,,,0,0,000000000,00000000000,0,0,0,1,0,0,0,0,0,0,0,27,0,0,0,0,61,2,3,1,0,0,0,1,32,89015,6,1,0,0,3,1,70,190,0,0,0,0,0,0,0,0,0,0,0,0,0,0,1,2,25,1,1,2,1,0,0,17,65,3,2,1,98,1,0
32,320008,1,1,1,17,1,15,5,41,0,1,0,32,1,35,47,35047,4,1995,1N4BU31D0SC1,1,N,4,B,U,3,1,D,0,S,C,1,0,P,NISS,AGS,4D,95,17,2800,,0,1031,,G,,F,4,146,,,15R205,,,,,,0,0,000000000,00000000000,0,0,0,1,0,0,0,0,0,0,0,30,0,0,0,12,12,4,3,41,0,0,0,1,32,89060,6,1,0,0,3,0,78,180,0,0,0,0,0,0,0,0,0,0,28,0,0,0,1,2,55,1,1,2,1,0,0,1,12,1,1,4,6,1,0
32,320009,1,1,1,8,1,17,39,8,0,1,0,32,1,49,472,49472,30,2008,5TFDV54108X0,5,T,F,D,V,5,4,1,0,8,X,0,0,T,TOYT,CRM,CW,8,17,,2,0,1457,TUN,G,,,8,348,,,,B,5610,00,7,44,0,0,000000000,00000000000,0,0,0,1,0,0,0,0,0,0,0,998,0,0,0,12,12,4,1,8,0,0,0,1,32,89503,6,1,0,0,3,0,72,250,0,0,0,0,0,0,0,0,0,0,0,0,0,0,2,2,50,1,1,2,1,2,3,1,80,1,1,1,13,0,0
32,320010,1,1,1,20,1,9,52,8,0,1,0,32,1,20,481,20481,31,1997,1GCEC14W4VZ1,1,G,C,E,C,1,4,W,4,V,Z,1,0,T,CHEV,GC1,PK,97,17,,2,1315,1175,GM4,G,,,6,262,,,,B,3869,02,,42,0,0,000000000,00000000000,0,0,0,1,0,0,0,0,0,0,0,998,0,0,0,1,1,0,1,8,0,0,0,1,32,89107,6,1,0,0,3,1,62,195,0,0,0,0,0,0,0,0,0,0,0,0,0,0,2,2,30,1,1,2,1,0,0,1,80,1,1,1,13,0,0
32,320011,1,1,1,21,1,11,45,1,0,1,0,53,1,20,22,20022,4,2006,1G1AZ55F1677,1,G,1,A,Z,5,5,F,1,6,7,7,0,P,CHEV,BTZ,4D,6,17,3216,,0,1033,,G,,F,4,134,,,16R205,,,,,,0,0,000000000,00000000000,0,0,0,1,0,0,0,0,0,0,0,67,0,1,5,0,0,6,2,1,0,0,0,1,32,89130,0,0,0,0,0,0,61,115,0,0,0,0,0,0,0,0,0,0,28,58,0,0,1,2,70,1,1,2,1,0,0,1,13,6,4,4,2,1,0
32,320012,1,1,1,24,1,6,50,8,0,1,0,32,3,90,981,90981,50,2010,1BAKGCPA1AF2,1,B,A,K,G,C,P,A,1,A,F,2,0,T,BLUI,,,10,17,,,,,,,,,,,,,,,,,,,0,88,888888888,88888888888,3,21,22,1,0,0,0,0,1,0,0,998,0,0,0,11,11,0,1,8,0,0,0,1,32,89506,6,1,6,1,3,1,71,185,0,0,0,1,0,9,2010,9,2010,0,0,0,0,0,1,4,25,1,1,2,1,3,3,11,80,1,1,1,13,0,0
32,320013,1,4,1,27,1,14,24,12,6,1,0,0,0,12,37,12037,4,2011,1FAHP3FN5BW1,1,F,A,H,P,3,F,N,5,B,W,1,0,P,FORD,FSE,4D,11,17,2623,,0,1029,,G,,F,4,122,,,15R195,,,,,,0,0,000000000,00000000000,0,0,0,1,0,0,0,0,0,0,0,998,0,0,0,11,11,6,2,12,0,0,0,1,32,89135,6,1,0,0,3,3,68,180,0,0,0,0,0,0,0,0,0,0,39,0,0,0,1,2,25,1,1,2,1,20,3,1,17,1,1,1,89,1,0
32,320013,2,4,1,27,1,14,24,12,6,1,0,32,1,7,442,7442,20,1997,2B4GP24RXVR1,2,B,4,G,P,2,4,R,X,V,R,1,0,T,DODG,GCV,ES,97,17,,1,0,1193,CAR,G,,,6,201,,,,,3658,00,E,42,0,0,000000000,00000000000,0,0,0,1,0,0,0,0,0,0,0,998,0,0,0,12,12,6,2,12,0,0,0,1,32,89104,6,1,0,0,3,1,65,118,1,0,0,1,1,7,2010,7,2010,0,0,0,0,0,2,3,45,1,1,2,1,0,0,1,66,1,1,1,88,0,0
32,320013,3,4,2,27,1,14,24,12,6,1,0,0,0,37,32,37032,4,1990,JHMCB7663LC0,J,H,M,C,B,7,6,6,3,L,C,0,0,P,HOND,AER,4D,90,17,2923,,0,1071,,G,,F,4,132,,,15R195,,,,,,0,0,000000000,00000000000,0,0,0,1,0,0,0,0,0,0,0,998,0,0,0,12,12,4,3,12,0,0,0,1,32,89147,3,1,0,0,2,0,66,152,0,0,0,0,0,0,0,0,0,0,0,0,0,0,2,3,45,1,1,2,1,0,0,1,66,1,1,1,98,0,0
32,320013,4,4,1,27,1,14,24,12,6,1,0,32,1,49,43,49043,4,2003,4T1BF28B13U3,4,T,1,B,F,2,8,B,1,3,U,3,0,P,TOYT,UVS,4D,3,17,3417,,0,1071,,G,,F,6,183,,,15R205,,,,,,0,0,000000000,00000000000,0,0,0,1,0,0,0,0,0,0,0,998,0,0,0,13,13,2,1,12,0,0,0,1,32,89178,6,1,0,0,3,0,70,190,0,0,0,0,0,0,0,0,0,0,0,0,0,0,2,3,45,1,1,2,1,0,0,1,66,1,1,1,98,0,0
32,320014,1,2,2,27,1,17,1,12,6,1,0,49,1,37,705,37705,80,1999,JH2PC351XXM0,J,H,2,P,C,3,5,1,X,X,M,0,0,M,HOND,CF4,RC,99,17,,,,,,,599,,4,,4,373,,,,,,,0,0,000000000,00000000000,0,0,0,1,0,0,0,0,0,0,0,57,0,0,0,12,12,4,3,12,0,0,0,1,49,89121,6,1,0,0,3,0,73,195,98,0,0,0,0,0,0,0,0,1,0,0,0,0,1,2,25,1,2,2,1,0,0,1,52,3,2,1,84,1,0
32,320014,2,2,2,27,1,17,1,12,6,1,0,32,2,55,35,55035,4,2007,KMHDU46D57U0,K,M,H,D,U,4,6,D,5,7,U,0,0,P,HYUN,GST,4D,7,17,2723,,0,1043,,G,,F,4,121,,,15R195,,,,,,0,0,000000000,00000000000,0,0,0,1,0,0,0,0,0,0,0,998,0,0,0,9,9,4,1,12,0,0,0,1,32,89121,6,1,0,0,3,0,72,245,0,0,0,0,0,0,0,0,0,0,0,0,0,0,1,2,25,1,2,2,1,0,0,11,53,1,1,1,84,0,0
32,320015,1,2,1,28,1,22,51,12,2,1,0,32,2,14,17,14017,4,1991,1MECM50U1MA6,1,M,E,C,M,5,0,U,1,M,A,6,0,P,MERC,SGS,4D,91,17,3174,,0,1060,,G,,F,6,182,,,14R205,,,,,,0,0,000000000,00000000000,0,0,0,1,0,0,0,0,0,0,0,57,0,0,0,12,12,6,2,12,0,0,0,1,32,89403,6,1,0,0,3,1,71,160,0,0,0,3,0,3,2008,4,2009,0,51,0,0,0,5,4,60,1,1,2,1,0,0,1,10,3,2,2,50,0,1
32,320015,2,2,2,28,1,22,51,12,2,1,0,32,1,12,15,12015,4,1993,2FAPP36X4PB1,2,F,A,P,P,3,6,X,4,P,B,1,0,P,FORD,TGL,4D,93,17,2600,,0,999,,G,,F,4,140,,,14R185,,,,,,0,0,000000000,00000000000,0,0,0,1,0,0,0,0,0,0,0,57,0,0,0,12,12,6,2,12,0,0,0,1,32,89429,6,1,0,0,3,0,63,300,0,0,0,0,0,0,0,0,0,0,0,0,0,0,5,4,60,1,1,2,1,0,0,1,54,6,1,2,51,1,0
32,320016,1,1,1,4,2,16,20,58,0,1,0,16,1,76,705,76705,80,2006,JYACJ09Y26A0,J,Y,A,C,J,0,9,Y,2,6,A,0,0,M,YAMA,W45,EN,6,17,,,,,,,449,,1,,4,591,,,,,,,0,0,000000000,00000000000,0,0,0,1,0,0,0,0,0,0,0,57,0,0,0,12,98,4,1,1,0,0,0,1,16,83440,6,1,0,0,3,0,73,190,0,0,0,0,0,0,0,0,0,1,28,0,0,0,1,2,0,2,2,2,1,0,0,14,6,3,2,4,2,1,0
32,320017,1,1,1,3,2,18,18,8,0,1,1,32,1,9,20,9020,4,2001,1P3ES46C11D1,1,P,3,E,S,4,6,C,1,1,D,1,0,P,PLYM,NLX,4D,1,17,2585,,0,1050,,G,,F,4,122,,,14R185,,,,,,0,0,000000000,00000000000,0,0,0,1,0,0,0,0,0,0,0,998,0,0,0,1,1,2,1,8,0,0,0,1,32,89502,6,1,0,0,3,1,62,83,1,1,0,0,0,9,2009,11,2010,0,0,0,0,0,1,4,45,2,1,2,1,0,0,14,80,1,1,1,13,0,0
32,320018,1,2,1,6,2,16,28,12,6,1,0,32,1,72,706,72706,80,2009,1HD1LA6109K4,1,H,D,1,L,A,6,1,0,9,K,4,0,M,HD,XXR,RS,9,17,,,,,,,1202,,2,,4,551,,,,,,,0,0,000000000,00000000000,0,0,0,1,0,0,0,0,0,0,0,74,0,0,0,12,12,6,2,12,0,0,0,1,32,89115,6,1,0,0,3,0,68,235,0,0,0,2,0,3,2008,2,2010,1,0,0,0,0,2,3,45,1,1,2,1,0,0,1,62,8,2,2,69,1,1
32,320018,2,2,2,6,2,16,28,12,6,1,0,32,2,20,401,20401,14,2005,1GNDT13S9523,1,G,N,D,T,1,3,S,9,5,2,3,0,P,CHEV,TRL,UT,5,17,4612,,0,1130,,G,,F,6,256,,,16R245,,,,,,0,0,000000000,00000000000,0,0,0,1,0,0,0,0,0,0,0,998,0,0,0,1,1,4,3,12,0,0,0,1,32,89115,6,1,0,0,3,0,67,145,0,1,0,1,0,7,2009,11,2010,0,38,0,0,0,2,3,45,1,1,2,1,0,0,11,15,1,1,1,68,0,0
32,320019,1,2,1,12,2,15,31,12,2,1,0,32,1,59,31,59031,4,2009,JTHBJ46G0922,J,T,H,B,J,4,6,G,0,9,2,2,0,P,LEXS,E35,4D,9,17,3580,,0,1093,,G,,F,6,211,,,17R215,,,,,,0,0,000000000,00000000000,0,0,0,1,0,0,0,0,0,0,0,70,0,0,0,12,12,6,2,12,0,0,0,1,32,89134,6,1,0,0,3,1,62,140,0,0,0,0,0,0,0,0,0,0,50,0,0,0,3,2,75,1,2,2,1,0,0,1,54,1,1,1,52,1,0
32,320019,2,2,1,12,2,15,31,12,2,1,0,49,1,58,39,58039,6,2004,JNRAS08W94X2,J,N,R,A,S,0,8,W,9,4,X,2,0,P,INFI,IFX,UT,4,17,4215,,0,1122,,G,,F,6,213,,,18R265,,,,,,0,0,000000000,00000000000,0,0,0,1,0,0,0,0,0,0,0,55,0,0,0,12,12,6,2,12,0,0,0,1,12,84790,6,1,0,0,3,0,70,999,0,0,0,0,1,3,2009,3,2009,0,0,0,0,0,3,2,75,1,2,2,1,0,0,1,54,3,2,1,52,0,0