STATE,ST_CASE,VEH_NO,VE_FORMS,NUMOCCS,DAY,MONTH,HOUR,MINUTE,HARM_EV,MAN_COLL,UNITTYPE,HIT_RUN,REG_STAT,OWNER,MAKE,MODEL,MAK_MOD,BODY_TYP,MOD_YEAR,VIN,VIN_1,VIN_2,VIN_3,VIN_4,VIN_5,VIN_6,VIN_7,VIN_8,VIN_9,VIN_10,VIN_11,VIN_12,TOW_VEH,VINTYPE,VINMAKE,VINA_MOD,VIN_BT,VINMODYR,VIN_LNGT,VIN_WGT,WGTCD_TR,WHLBS_LG,WHLBS_SH,SER_TR,FUELCODE,MCYCL_DS,CARBUR,CYLINDER,DISPLACE,MCYCL_CY,MCYCL_WT,TIRE_SZE,TON_RAT,TRK_WT,TRKWTVAR,VIN_REST,WHLDRWHL,J_KNIFE,MCARR_I1,MCARR_I2,MCARR_ID,GVWR,V_CONFIG,CARGO_BT,HAZ_INV,HAZ_PLAC,HAZ_ID,HAZ_CNO,HAZ_REL,BUS_USE,SPEC_USE,EMER_USE,TRAV_SP,UNDERIDE,ROLLOVER,ROLINLOC,IMPACT1,IMPACT2,DEFORMED,TOWED,M_HARM,VEH_SC1,VEH_SC2,FIRE_EXP,DR_PRES,L_STATE,DR_ZIP,L_STATUS,L_TYPE,CDL_STAT,L_ENDORS,L_COMPL,L_RESTRI,DR_HGT,DR_WGT,PREV_ACC,PREV_SUS,PREV_DWI,PREV_SPD,PREV_OTH,FIRST_MO,FIRST_YR,LAST_MO,LAST_YR,SPEEDREL,DR_SF1,DR_SF2,DR_SF3,DR_SF4,VTRAFWAY,VNUM_LAN,VSPD_LIM,VALIGN,VPROFILE,VPAVETYP,VSURCOND,VTRAFCON,VTCONT_F,P_CRASH1,P_CRASH2,P_CRASH3,PCRASH4,PCRASH5,ACC_TYPE,DEATHS,DR_DRINK
32,320020,1,1,1,13,2,6,52,30,0,1,0,32,1,63,31,63031,4,1995,KNAFA1253S52,K,N,A,F,A,1,2,5,3,S,5,2,0,P,KIA,RLG,4D,95,17,2339,,0,984,,G,,F,4,112,,,13R175,,,,,,0,0,000000000,00000000000,0,0,0,1,0,0,0,0,0,0,0,998,0,0,0,12,12,6,2,30,0,0,0,1,32,89502,6,1,0,0,3,0,67,180,0,0,0,0,0,0,0,0,0,0,0,0,0,0,5,4,40,1,1,2,1,0,0,99,13,1,1,4,1,1,0
32,320021,1,1,1,22,2,0,10,1,0,1,0,41,2,20,401,20401,14,1997,1GNCS13W0V21,1,G,N,C,S,1,3,W,0,V,2,1,0,P,CHEV,BZR,UT,97,17,3686,,0,1070,,G,,F,6,262,,,15R205,,,,,,0,0,000000000,00000000000,0,0,0,1,0,0,0,0,0,0,0,67,0,1,3,0,0,6,2,1,0,0,0,1,32,89115,3,1,0,0,2,0,66,185,0,1,0,0,0,4,2010,4,2010,0,28,58,0,0,2,2,70,1,1,2,1,0,0,1,12,7,1,4,6,1,0
32,320022,1,2,3,1,3,7,40,12,1,1,0,32,2,41,37,41037,4,1985,JM1GC221XF17,J,M,1,G,C,2,2,1,X,F,1,7,0,P,MAZD,626,4D,85,17,2335,,0,988,,G,,2,4,122,,,14R165,,,,,,0,0,000000000,00000000000,0,0,0,1,0,0,0,0,0,0,0,53,0,0,0,12,12,6,2,12,0,0,0,1,32,89406,6,1,0,0,3,0,63,125,0,0,0,0,0,0,0,0,0,1,33,0,0,0,5,4,55,1,1,2,1,8,3,1,50,1,1,1,20,1,0
32,320022,2,2,1,1,3,7,40,12,1,1,0,32,3,12,981,12981,50,1994,1FDXJ75C5RVA,1,F,D,X,J,7,5,C,5,R,V,A,0,T,FORD,B7F,BU,94,17,,7,2750,1510,BUS,D,,,6,359,,,,,00000,00,,42,0,88,888888888,88888888888,3,21,22,1,0,0,0,0,1,0,0,0,2,0,0,6,6,4,1,12,0,0,0,1,32,89406,6,1,6,1,3,1,72,250,0,0,0,0,0,0,0,0,0,0,0,0,0,0,5,4,55,1,1,2,1,0,0,5,53,1,1,1,21,0,0
32,320023,1,1,4,5,3,4,30,31,0,1,0,49,1,20,16,20016,4,1998,3G1JC5240WS8,3,G,1,J,C,5,2,4,0,W,S,8,0,P,CHEV,CAV,4D,98,17,2630,,0,1041,,G,,F,4,133,,,14R195,,,,,,0,0,000000000,00000000000,0,0,0,1,0,0,0,0,0,0,0,78,0,1,5,12,98,6,2,1,0,0,0,1,49,84335,6,1,0,0,3,1,72,175,98,0,0,1,0,7,2009,7,2009,0,28,58,0,0,2,2,75,1,1,2,1,0,0,1,13,6,1,4,1,1,0
32,320024,1,1,1,9,3,19,51,1,0,1,0,32,1,72,706,72706,80,2007,1HD1FC4307Y7,1,H,D,1,F,C,4,3,0,7,Y,7,0,M,HD,FLU,RS,7,17,,,,,,,1584,,2,,4,808,,,,,,,0,0,000000000,00000000000,0,0,0,1,0,0,0,0,0,0,0,998,0,0,0,0,0,4,3,1,0,0,0,1,32,89507,3,1,6,0,2,2,69,190,0,1,0,0,0,1,2010,1,2010,1,36,74,0,0,5,4,45,1,2,2,1,0,0,1,51,3,2,3,98,1,1
32,320025,1,1,1,12,3,2,25,1,0,1,0,32,1,72,706,72706,80,2008,1HD1JK5128Y0,1,H,D,1,J,K,5,1,2,8,Y,0,0,M,HD,FWC,RS,8,17,,,,,,,1584,,2,,4,720,,,,,,,0,0,000000000,00000000000,0,0,0,1,0,0,0,0,0,0,0,998,0,0,0,0,0,4,3,1,0,0,0,1,32,89129,6,1,0,0,3,0,70,160,0,4,1,0,1,7,2008,6,2009,1,0,0,0,0,1,2,25,1,1,2,1,0,0,11,6,3,2,3,98,1,1
32,320026,1,1,6,13,3,1,5,1,0,1,0,49,1,7,422,7422,15,2005,1D4HD48N15F5,1,D,4,H,D,4,8,N,1,5,F,5,0,P,DODG,DUR,UT,5,17,4479,,0,1192,,G,,F,8,287,,,17R265,,,,,,0,0,000000000,00000000000,0,0,0,1,0,0,0,0,0,0,0,75,0,1,5,0,0,6,2,1,0,0,0,1,49,84084,6,1,0,0,3,3,65,200,98,0,0,1,0,7,2010,8,2010,0,28,0,0,0,2,2,75,1,2,2,1,0,0,1,13,6,1,4,1,1,0
32,320027,1,2,1,12,3,19,23,1,0,1,0,32,1,37,705,37705,80,2002,JH2PC35192M3,J,H,2,P,C,3,5,1,9,2,M,3,0,M,HOND,CF4,RC,2,17,,,,,,,599,,4,,4,370,,,,,,,0,0,000000000,00000000000,0,0,0,1,0,0,0,0,0,0,0,58,0,0,0,0,98,6,2,1,0,0,0,1,32,89074,6,1,0,0,3,0,68,165,0,0,0,0,0,0,0,0,0,1,0,0,0,0,2,3,45,1,2,2,1,3,3,1,98,4,1,1,98,1,1
32,320027,2,2,2,12,3,19,23,1,0,1,0,4,1,59,34,59034,4,2006,JTHBH96S7650,J,T,H,B,H,9,6,S,7,6,5,0,0,P,LEXS,NS3,4D,6,17,3536,,0,1122,,G,,F,6,183,,,17R225,,,,,,0,0,000000000,00000000000,0,0,0,1,0,0,0,0,0,0,0,998,0,0,0,1,81,4,3,12,0,0,0,1,4,85234,6,1,0,0,3,0,65,138,0,0,0,0,0,0,0,0,0,0,38,0,0,0,2,3,45,1,2,2,1,3,3,12,98,1,1,1,98,0,0
32,320028,1,1,1,15,3,4,44,33,0,1,0,32,2,49,402,49402,14,2000,JT3GP10V3Y00,J,T,3,G,P,1,0,V,3,Y,0,0,0,P,TOYT,RV4,UT,0,17,2668,,0,949,,G,,F,4,122,,,16R215,,,,,,0,0,000000000,00000000000,0,0,0,1,0,0,0,0,0,0,0,998,0,0,0,14,98,6,2,30,0,0,0,1,97,0,9,9,99,0,9,9,999,999,99,99,99,99,99,99,9999,99,9999,0,28,0,0,0,1,4,35,2,1,2,1,0,0,14,13,1,1,4,1,1,1
32,320029,1,2,2,16,3,18,15,1,0,1,0,32,3,12,481,12481,31,2006,1FTPW12576FB,1,F,T,P,W,1,2,5,7,6,F,B,0,T,FORD,F1S,CW,6,17,,2,0,1390,COF,G,,,8,329,,,,B,5176,01,E,42,0,0,000000000,00000000000,0,0,0,1,0,0,0,0,0,0,0,998,0,0,0,6,6,4,1,12,0,0,0,1,32,89143,6,1,0,0,3,1,72,265,0,0,0,0,0,0,0,0,0,0,0,0,0,0,1,4,25,1,1,2,1,20,3,4,17,1,1,1,98,0,0
32,320029,2,2,1,16,3,18,15,1,0,1,0,32,1,73,705,73705,80,2009,JKAEREC139DA,J,K,A,E,R,E,C,1,3,9,D,A,0,M,KAWK,ER6,RC,9,17,,,,,,,649,,2,,4,442,,,,,,,0,0,000000000,00000000000,0,0,0,1,0,0,0,0,0,0,0,57,0,0,0,0,6,2,3,12,0,0,0,1,32,89108,6,1,0,0,3,2,68,162,0,0,0,1,0,2,2009,2,2009,1,74,0,0,0,2,4,35,1,1,2,1,0,0,1,66,4,1,1,98,1,0
32,320030,1,2,2,18,3,6,48,12,6,1,0,32,2,37,31,37031,3,1997,2HGEJ6324VH1,2,H,G,E,J,6,3,2,4,V,H,1,0,P,HOND,UCC,2H,97,17,2238,,0,1032,,G,,F,4,097,,,14R185,,,,,,0,0,000000000,00000000000,0,0,0,1,0,0,0,0,0,0,0,39,0,0,0,3,81,6,2,12,0,0,0,1,32,89701,6,1,0,0,3,0,74,180,0,0,0,1,0,4,2010,4,2010,0,58,0,0,0,5,2,65,1,2,2,1,0,0,98,8,6,4,6,64,1,1
32,320030,2,2,2,18,3,6,48,12,6,1,0,32,1,12,471,12471,30,1996,1FTCR15X0TPB,1,F,T,C,R,1,5,X,0,T,P,B,0,T,FORD,RNS,PC,96,17,,1,0,1250,RNG,G,,,6,245,,,,B,00000,00,B,44,0,0,000000000,00000000000,0,0,0,1,0,0,0,0,0,0,0,63,0,0,0,12,12,6,2,12,0,0,0,1,32,89703,6,1,0,0,3,1,70,215,0,0,0,0,0,0,0,0,0,0,0,0,0,0,5,2,65,1,2,2,1,0,0,1,62,7,1,1,65,0,0
32,320031,1,2,1,19,3,3,48,12,6,1,0,32,3,7,442,7442,20,2010,2D4RN5D1XAR2,2,D,4,R,N,5,D,1,X,A,R,2,0,P,DODG,CAR,SV,10,17,4483,,0,1212,,G,,F,6,232,,,16R225,,,,,,0,0,000000000,00000000000,0,0,0,1,0,0,0,0,0,1,0,998,0,0,0,11,11,2,3,12,0,0,0,1,32,89148,6,1,0,0,3,0,72,155,0,0,0,0,0,0,0,0,0,0,38,0,0,0,2,3,35,1,1,2,1,0,0,11,15,1,1,1,68,0,0
32,320031,2,2,1,19,3,3,48,12,6,1,0,0,0,98,701,98701,81,2010,LB5TB8S15AZ5,L,B,5,T,B,8,S,1,5,A,Z,5,0,U,,,,10,17,,,,,,,,,,,,,,,,,,,0,0,000000000,00000000000,0,0,0,1,0,0,0,0,0,0,0,998,0,0,0,12,98,6,2,12,0,0,0,1,32,89148,6,1,0,0,3,0,68,155,0,0,0,1,0,8,2008,8,2008,0,0,0,0,0,2,3,35,1,1,2,1,0,0,1,72,1,1,1,69,1,0
32,320032,1,1,2,20,3,21,36,14,0,1,0,32,1,2,403,2403,14,1997,1J4FY29P1VP4,1,J,4,F,Y,2,9,P,1,V,P,4,0,T,JEEP,SEW,2W,97,17,,1,0,934,W/T,G,,,4,150,,,,,3019,00,E,44,0,0,000000000,00000000000,0,0,0,1,0,0,0,0,0,0,0,50,0,1,1,1,82,4,3,1,0,0,0,1,32,89103,6,1,0,0,3,3,65,138,0,1,0,0,0,12,2008,12,2008,1,28,0,0,0,1,4,25,1,1,2,1,0,0,1,6,1,1,4,11,1,1
32,320033,1,1,2,21,3,6,48,30,0,1,0,32,2,37,31,37031,4,1995,JHMEG864XSS0,J,H,M,E,G,8,6,4,X,S,S,0,0,P,HOND,CDL,4D,95,17,2250,,0,1032,,G,,F,4,091,,,13R175,,,,,,0,0,000000000,00000000000,0,0,0,1,0,0,0,0,0,0,0,64,0,0,0,3,3,6,2,30,0,0,0,1,32,89104,0,0,0,0,0,0,999,999,99,99,99,99,99,99,9999,99,9999,1,28,0,0,0,3,4,45,1,1,2,2,0,0,1,6,1,2,4,7,1,1
32,320034,1,1,4,24,3,19,35,8,0,1,0,32,2,37,402,37402,14,2003,SHSRD78883U1,S,H,S,R,D,7,8,8,8,3,U,1,0,P,HOND,CRV,UT,3,17,3287,,0,1031,,G,,F,4,146,,,15R205,,,,,,0,0,000000000,00000000000,0,0,0,1,0,0,0,0,0,0,0,30,0,0,0,12,12,2,1,8,0,0,0,1,32,89135,6,1,0,0,3,0,69,170,0,0,0,0,0,0,0,0,0,0,0,0,0,0,2,3,45,1,1,2,1,0,0,1,80,1,1,1,13,0,0
32,320035,1,3,1,25,3,22,32,12,6,1,0,32,2,35,443,35443,20,2000,4N2XN11T2YD8,4,N,2,X,N,1,1,T,2,Y,D,8,0,P,NISS,QST,SV,0,17,3738,,0,1122,,G,,F,6,201,,,15R215,,,,,,0,0,000000000,00000000000,0,0,0,1,0,0,0,0,0,0,0,998,0,0,0,1,12,4,3,12,0,0,0,1,32,89129,6,1,0,0,3,0,72,190,1,0,0,0,1,7,2008,7,2009,0,38,0,0,0,5,6,45,1,1,2,1,0,0,11,15,1,1,1,68,0,0
32,320035,2,3,1,25,3,22,32,12,6,1,0,32,2,53,706,53706,80,2003,JS1GT75A4321,J,S,1,G,T,7,5,A,4,3,2,1,0,M,SUZI,XR1,RC,3,17,,,,,,,988,,4,,4,370,,,,,,,0,0,000000000,00000000000,0,0,0,1,0,0,0,0,0,0,0,998,0,0,0,12,98,6,2,12,0,0,0,1,32,89129,1,1,0,0,2,0,66,140,0,4,0,1,4,6,2008,10,2010,0,0,0,0,0,5,6,45,1,1,2,1,0,0,1,62,1,1,1,69,1,0
32,320035,3,3,1,25,3,22,32,12,6,1,0,32,1,55,401,55401,14,2004,KM8SB12B14U6,K,M,8,S,B,1,2,B,1,4,U,6,0,P,HYUN,SAN,UT,4,17,3494,,0,1031,,G,,F,4,143,,,16R225,,,,,,0,0,000000000,00000000000,0,0,0,1,0,0,0,0,0,0,0,0,0,0,0,9,9,2,1,54,0,0,0,1,32,89032,6,1,0,0,3,1,66,175,0,0,0,0,0,0,0,0,0,0,0,0,0,0,1,2,25,1,1,2,1,20,3,5,98,1,1,1,98,0,0
32,320036,1,1,1,26,3,1,13,18,0,1,0,32,2,19,421,19421,15,2008,1GYFK43848R2,1,G,Y,F,K,4,3,8,4,8,R,2,0,P,CADI,ESC,UT,8,17,5665,,0,1160,,G,,F,8,378,,,18R265,,,,,,0,0,000000000,00000000000,0,0,0,1,0,0,0,0,0,0,0,65,0,1,5,12,98,6,2,1,0,0,0,1,32,89141,6,1,0,0,3,3,69,180,0,0,0,1,1,4,2009,1,2010,0,28,0,0,0,3,4,55,1,1,2,1,98,8,1,13,1,1,4,1,1,1
32,320037,1,2,1,27,3,3,2,25,0,1,0,55,2,49,49,49049,6,2006,JTLKT324X640,J,T,L,K,T,3,2,4,X,6,4,0,0,P,TOYT,SXB,UT,6,17,2395,,0,984,,G,,F,4,092,,,15R185,,,,,,0,0,000000000,00000000000,0,0,0,1,0,0,0,0,0,0,0,68,0,0,0,1,12,6,2,12,0,0,0,1,55,53033,2,1,0,0,2,0,72,180,2,1,2,0,2,11,2009,9,2010,0,28,50,0,0,3,5,65,1,1,1,1,0,0,1,11,1,1,4,1,1,1
32,320037,2,2,1,27,3,3,2,25,0,1,0,32,1,49,422,49422,15,2001,5TDZT38A61S0,5,T,D,Z,T,3,8,A,6,1,S,0,0,P,TOYT,SEQ,UT,1,17,5100,,0,1181,,G,,F,8,285,,,16R265,,,,,,0,0,000000000,00000000000,0,0,0,1,0,0,0,0,0,0,0,68,0,1,1,12,12,6,2,12,0,0,0,1,32,89002,6,1,0,0,3,0,62,109,0,0,0,0,0,0,0,0,0,0,0,0,0,0,3,5,65,1,1,1,1,0,0,1,54,7,1,2,98,0,0
32,320038,1,2,3,25,1,10,32,12,6,1,0,32,1,12,17,12017,4,2004,1FAFP55U44G1,1,F,A,F,P,5,5,U,4,4,G,1,0,P,FORD,TSS,4D,4,17,3306,,0,1085,,G,,F,6,182,,,16R215,,,,,,0,0,000000000,00000000000,0,0,0,1,0,0,0,0,0,0,0,33,0,0,0,9,9,6,2,12,0,0,0,1,32,89447,6,1,0,0,3,0,71,225,0,0,0,0,0,0,0,0,0,0,39,38,0,0,1,2,35,1,1,2,1,20,3,1,17,1,1,1,89,1,0
32,320038,2,2,1,25,1,10,32,12,6,1,0,32,1,7,472,7472,30,2003,1D7HG38X03S2,1,D,7,H,G,3,8,X,0,3,S,2,0,T,DODG,QSP,CW,3,17,,2,0,1309,DAK,G,,,6,239,,,,B,4345,00,E,44,0,0,000000000,00000000000,0,0,0,1,0,0,0,0,0,0,0,43,0,0,0,12,12,6,2,12,0,0,0,1,32,89447,6,1,0,0,3,1,72,195,0,0,0,0,0,0,0,0,0,0,0,0,0,0,1,2,45,1,1,2,1,0,0,1,66,3,2,1,88,0,0
32,320039,1,1,3,20,3,3,24,1,0,1,0,32,2,37,31,37031,4,2003,2HGES16133H5,2,H,G,E,S,1,6,1,3,3,H,5,0,P,HOND,UCD,4D,3,17,2449,,0,1031,,G,,F,4,102,,,14R185,,,,,,0,0,000000000,00000000000,0,0,0,1,0,0,0,0,0,0,0,998,0,1,5,0,0,6,2,1,0,0,0,1,32,89060,6,1,0,0,3,0,67,145,0,0,0,0,0,0,0,0,0,1,0,0,0,0,1,2,99,1,1,2,1,0,0,1,6,6,2,4,2,1,0
32,320040,1,2,1,28,3,22,13,12,2,1,0,32,1,49,402,49402,14,2007,JTMBK32V2750,J,T,M,B,K,3,2,V,2,7,5,0,0,P,TOYT,RG4,UT,7,17,3677,,0,1047,,G,,F,6,214,,,18R235,,,,,,0,0,000000000,00000000000,0,0,0,1,0,0,0,0,0,0,0,63,0,1,2,12,12,6,2,12,0,0,0,1,32,89506,6,1,0,0,3,1,67,145,0,1,0,0,1,7,2010,11,2010,0,50,0,0,0,3,2,65,1,1,2,1,0,0,1,54,1,1,1,52,1,1
32,320040,2,2,1,28,3,22,13,12,2,1,0,32,2,63,33,63033,4,2009,KNAFE2216956,K,N,A,F,E,2,2,1,6,9,5,6,0,P,KIA,SXC,4D,9,17,2701,,0,1028,,G,,F,4,122,,,15R195,,,,,,0,0,000000000,00000000000,0,0,0,1,0,0,0,0,0,0,0,63,0,0,0,12,12,6,2,12,0,0,0,1,32,89506,6,1,0,0,3,1,68,170,0,0,0,1,0,2,2011,2,2011,0,0,0,0,0,3,2,65,1,1,2,1,0,0,1,54,2,1,1,52,0,0
32,320041,1,1,2,29,3,22,59,31,0,1,0,32,1,6,14,6014,4,1990,1C3XY66R8LD8,1,C,3,X,Y,6,6,R,8,L,D,8,0,P,CHRY,NFA,4D,90,17,3374,,0,1093,,G,,F,6,201,,,14R195,,,,,,0,0,000000000,00000000000,0,0,0,1,0,0,0,0,0,0,0,75,0,0,0,1,98,6,2,2,0,0,1,1,32,89032,6,1,0,0,3,0,69,235,0,1,0,0,0,2,2009,2,2009,0,28,0,0,0,1,2,25,2,1,2,1,0,0,14,13,1,1,4,1,2,1
32,320042,1,2,2,30,3,11,21,12,6,1,0,32,1,54,38,54038,3,2006,JH4DC53806S0,J,H,4,D,C,5,3,8,0,6,S,0,0,P,ACUR,RSX,2H,6,17,2734,,0,1012,,G,,F,4,122,,,16R205,,,,,,0,0,000000000,00000000000,0,0,0,1,0,0,0,0,0,0,0,998,0,0,0,11,11,4,3,12,0,0,0,1,32,89115,6,1,0,0,3,0,65,135,0,0,0,0,0,0,0,0,0,0,38,0,0,0,1,2,25,1,1,2,1,20,3,11,15,1,1,1,82,0,0
32,320042,2,2,1,30,3,11,21,12,6,1,0,32,1,76,705,76705,80,2001,JYAVM01Y31A0,J,Y,A,V,M,0,1,Y,3,1,A,0,0,M,YAMA,V6A,RS,1,17,,,,,,,649,,2,,4,495,,,,,,,0,0,000000000,00000000000,0,0,0,1,0,0,0,0,0,0,0,45,0,0,0,12,12,4,3,12,0,0,0,1,32,89122,6,1,0,0,3,3,69,220,0,0,0,0,0,0,0,0,0,0,0,0,0,0,2,3,45,1,2,2,1,0,0,1,67,1,1,1,83,1,0
32,320043,1,1,5,3,4,2,45,1,0,1,0,32,2,20,431,20431,16,2002,3GNEC16T72G3,3,G,N,E,C,1,6,T,7,2,G,3,0,P,CHEV,C15,UT,2,17,4914,,0,1300,,G,,F,8,325,,,16R265,,,,,,0,0,000000000,00000000000,0,0,0,1,0,0,0,0,0,0,0,78,0,1,1,0,0,6,2,1,0,0,1,1,32,89081,0,0,0,0,1,0,999,999,0,0,0,0,0,0,0,0,0,1,28,58,0,0,1,2,50,2,2,2,1,0,0,14,6,6,4,6,98,3,1
32,320044,1,1,1,4,4,20,56,8,0,1,0,32,2,7,472,7472,30,1993,1B7FL26G2PS1,1,B,7,F,L,2,6,G,2,P,S,1,0,T,DODG,DAK,PK,93,17,,1,1239,1119,DAK,G,,,4,153,,,,B,2885,01,A,42,0,0,000000000,00000000000,0,0,0,1,0,0,0,0,0,0,0,28,0,0,0,12,12,4,1,8,0,0,0,1,32,89408,6,1,0,0,3,0,74,200,0,0,0,0,0,0,0,0,0,0,0,0,0,0,1,2,35,1,1,2,1,0,0,1,80,3,1,1,13,0,0
32,320045,1,1,1,5,4,23,6,42,0,1,0,32,1,54,32,54032,4,1994,JH4KA7674RC0,J,H,4,K,A,7,6,7,4,R,C,0,0,P,ACUR,LLS,4D,94,17,3477,,0,1146,,G,,F,6,196,,,16R215,,,,,,0,0,000000000,00000000000,0,0,0,1,0,0,0,0,0,0,0,998,0,0,0,9,99,6,2,39,0,0,0,1,32,89074,6,1,0,0,3,0,62,125,0,0,0,0,0,0,0,0,0,0,28,58,0,0,3,2,45,1,1,2,1,0,0,1,9,6,2,4,2,1,1
32,320046,1,1,2,3,4,4,56,30,0,1,0,32,2,24,1,24001,4,1998,1G8ZF528XWZ1,1,G,8,Z,F,5,2,8,X,W,Z,1,0,P,STRN,SSL,4D,98,17,2326,,0,1024,,G,,F,4,116,,,14R175,,,,,,0,0,000000000,00000000000,0,0,0,1,0,0,0,0,0,0,0,998,0,0,0,12,12,6,2,30,0,0,0,1,32,89104,0,0,0,0,0,0,999,999,99,99,99,99,99,99,9999,99,9999,1,28,0,0,0,1,4,35,1,1,2,1,0,0,1,6,1,4,4,2,1,1
32,320047,1,1,2,8,4,21,17,8,0,1,0,32,2,14,17,14017,4,1999,1MEFM53U3XA6,1,M,E,F,M,5,3,U,3,X,A,6,0,P,MERC,SLS,4D,99,17,3299,,0,1085,,G,,F,6,182,,,15R205,,,,,,0,0,000000000,00000000000,0,0,0,1,0,0,0,0,0,0,0,51,0,0,0,12,12,4,3,8,0,0,0,1,32,89012,6,1,0,0,3,0,76,230,0,0,0,0,0,0,0,0,0,0,0,0,0,0,2,4,45,1,1,2,1,0,0,1,80,1,1,1,13,0,0
32,320048,1,4,1,8,4,13,46,12,6,1,0,32,1,20,36,20036,2,2006,2G1WL15C9691,2,G,1,W,L,1,5,C,9,6,9,1,0,P,CHEV,MSS,CP,6,17,3549,,0,1105,,G,,F,8,323,,,18R235,,,,,,0,0,000000000,00000000000,0,0,0,1,0,0,0,0,0,0,0,58,0,1,1,11,98,6,2,12,0,0,0,1,32,89139,2,1,0,0,2,0,71,180,0,2,0,0,0,5,2008,2,2011,1,36,0,0,0,2,2,15,1,1,2,1,0,0,1,6,7,3,2,48,1,1
32,320048,2,4,1,8,4,13,46,12,6,1,0,32,2,34,36,34036,2,1989,WBAEC8413K32,W,B,A,E,C,8,4,1,3,K,3,2,0,P,BMW,65A,CP,89,17,3530,,0,1035,,G,,F,6,209,,,000000,,,,,,0,0,000000000,00000000000,0,0,0,1,0,0,0,0,0,0,0,998,0,0,0,11,11,4,3,12,0,0,0,1,32,89117,6,1,0,0,3,0,68,150,0,0,0,0,0,0,0,0,0,0,0,0,0,0,2,2,15,1,1,2,1,0,0,1,53,1,1,1,48,0,0
32,320048,3,4,1,8,4,13,46,12,6,1,0,32,3,12,16,12016,4,2010,2FABP7CV8AX1,2,F,A,B,P,7,C,V,8,A,X,1,0,P,FORD,CVS,4D,10,17,4136,,0,1147,,F,,F,8,281,,,17R225,,,,,,0,0,000000000,00000000000,0,0,0,1,0,0,0,0,0,1,0,998,0,0,0,7,7,2,1,12,0,0,0,1,32,89121,6,1,0,0,3,0,67,130,0,0,0,0,0,0,0,0,0,0,0,0,0,0,2,2,15,1,1,2,1,0,0,10,53,1,1,1,98,0,0
32,320048,4,4,1,8,4,13,46,12,6,1,0,32,3,12,16,12016,4,2010,2FABP7CV5AX1,2,F,A,B,P,7,C,V,5,A,X,1,0,P,FORD,CVS,4D,10,17,4136,,0,1147,,F,,F,8,281,,,17R225,,,,,,0,0,000000000,00000000000,0,0,0,1,0,0,0,0,0,1,0,0,0,0,0,9,9,4,3,12,0,0,0,1,32,89103,6,1,0,0,3,0,71,165,0,0,0,0,0,0,0,0,0,0,0,0,0,0,2,2,15,1,1,2,1,20,3,5,66,1,1,1,98,0,0
32,320049,1,1,1,17,3,9,25,39,0,1,0,32,2,37,32,37032,4,2001,1HGCG16571A0,1,H,G,C,G,1,6,5,7,1,A,0,0,P,HOND,UEX,4D,1,17,3329,,0,1069,,G,,F,6,183,,,15R205,,,,,,0,0,000000000,00000000000,0,0,0,1,0,0,0,0,0,0,0,998,0,0,0,11,11,2,3,39,0,0,0,1,32,89135,6,1,0,0,3,0,71,175,0,0,0,0,0,0,0,0,0,0,28,0,0,0,5,6,45,1,1,2,1,0,0,1,12,1,1,4,6,1,1
32,320050,1,2,2,9,4,6,3,39,0,1,0,32,2,22,401,22401,14,2004,3G7DB03E94S5,3,G,7,D,B,0,3,E,9,4,S,5,0,P,PONT,AZT,UT,4,17,4043,,0,1083,,G,,F,6,207,,,16R215,,,,,,0,0,000000000,00000000000,0,0,0,1,0,0,0,0,0,0,0,98,0,0,0,12,98,6,2,39,0,0,0,1,32,89121,0,0,0,0,0,0,999,999,99,99,99,99,99,99,9999,99,9999,1,28,0,0,0,5,6,45,1,1,2,1,0,0,1,12,1,1,4,6,1,1
32,320050,2,2,1,9,4,6,3,39,0,1,0,4,4,82,881,82881,66,2007,1FUJA6CK37DZ,1,F,U,J,A,6,C,K,3,7,D,Z,1,T,FRHT,COL,TR,7,17,,8,0,0,CON,D,,,6,855,,,,,00000,00,,64,1,88,888888888,88888888888,3,6,1,1,0,0,0,0,0,0,0,43,0,0,0,1,12,6,2,12,0,0,0,1,4,85204,6,1,6,1,3,0,69,185,0,0,0,0,0,0,0,0,0,0,0,0,0,0,5,6,45,1,1,2,1,0,0,1,62,1,1,1,98,0,0
32,320051,1,1,1,12,4,7,20,35,0,1,0,32,1,2,404,2404,14,2005,1J4HR48N15C6,1,J,4,H,R,4,8,N,1,5,C,6,0,T,JEEP,LCF,4W,5,17,,1,0,1095,GCK,G,,,8,287,,,,,4335,00,E,44,0,0,000000000,00000000000,0,0,0,1,0,0,0,0,0,0,0,40,0,0,0,12,12,4,3,35,0,0,0,1,32,89815,6,1,0,0,3,1,69,198,0,0,0,0,0,0,0,0,0,1,39,48,0,0,1,2,55,1,1,2,1,20,3,11,6,1,4,4,7,1,1
32,320052,1,1,3,12,4,19,50,31,0,1,0,35,1,20,37,20037,4,2006,1G1ZT518X6F2,1,G,1,Z,T,5,1,8,X,6,F,2,0,P,CHEV,MLT,4D,6,17,3316,,0,1063,,G,,F,6,214,,,16R215,,,,,,0,0,000000000,00000000000,0,0,0,1,0,0,0,0,0,0,0,65,0,1,5,1,98,6,2,1,0,0,0,1,35,87113,6,1,0,0,3,1,67,200,98,1,0,0,0,10,2010,10,2010,1,28,58,0,0,1,2,55,1,2,2,1,0,0,1,6,6,4,4,7,1,0