STATE,ST_CASE,VEH_NO,VE_FORMS,NUMOCCS,DAY,MONTH,HOUR,MINUTE,HARM_EV,MAN_COLL,UNITTYPE,HIT_RUN,REG_STAT,OWNER,MAKE,MODEL,MAK_MOD,BODY_TYP,MOD_YEAR,VIN,VIN_1,VIN_2,VIN_3,VIN_4,VIN_5,VIN_6,VIN_7,VIN_8,VIN_9,VIN_10,VIN_11,VIN_12,TOW_VEH,VINTYPE,VINMAKE,VINA_MOD,VIN_BT,VINMODYR,VIN_LNGT,VIN_WGT,WGTCD_TR,WHLBS_LG,WHLBS_SH,SER_TR,FUELCODE,MCYCL_DS,CARBUR,CYLINDER,DISPLACE,MCYCL_CY,MCYCL_WT,TIRE_SZE,TON_RAT,TRK_WT,TRKWTVAR,VIN_REST,WHLDRWHL,J_KNIFE,MCARR_I1,MCARR_I2,MCARR_ID,GVWR,V_CONFIG,CARGO_BT,HAZ_INV,HAZ_PLAC,HAZ_ID,HAZ_CNO,HAZ_REL,BUS_USE,SPEC_USE,EMER_USE,TRAV_SP,UNDERIDE,ROLLOVER,ROLINLOC,IMPACT1,IMPACT2,DEFORMED,TOWED,M_HARM,VEH_SC1,VEH_SC2,FIRE_EXP,DR_PRES,L_STATE,DR_ZIP,L_STATUS,L_TYPE,CDL_STAT,L_ENDORS,L_COMPL,L_RESTRI,DR_HGT,DR_WGT,PREV_ACC,PREV_SUS,PREV_DWI,PREV_SPD,PREV_OTH,FIRST_MO,FIRST_YR,LAST_MO,LAST_YR,SPEEDREL,DR_SF1,DR_SF2,DR_SF3,DR_SF4,VTRAFWAY,VNUM_LAN,VSPD_LIM,VALIGN,VPROFILE,VPAVETYP,VSURCOND,VTRAFCON,VTCONT_F,P_CRASH1,P_CRASH2,P_CRASH3,PCRASH4,PCRASH5,ACC_TYPE,DEATHS,DR_DRINK
32,320053,1,1,1,15,4,23,30,1,0,1,0,0,0,53,734,53734,90,2006,5SAAP41A1671,5,S,A,A,P,4,1,A,1,6,7,1,0,M,SUZI,AP4,AT,6,17,,,,,,,695,,1,,4,602,,,,,,,0,0,000000000,00000000000,0,0,0,1,0,0,0,0,0,0,0,20,0,2,1,0,0,4,1,1,0,0,0,1,32,89825,6,1,0,0,3,0,65,140,0,0,0,0,0,0,0,0,0,1,0,0,0,0,1,2,25,1,2,2,1,0,0,10,6,1,1,1,98,1,1
32,320054,1,2,1,31,1,17,17,12,6,1,0,32,1,53,705,53705,80,2005,JS1GR7JA1521,J,S,1,G,R,7,J,A,1,5,2,1,0,M,SUZI,SRK,RC,5,17,,,,,,,749,,4,,4,360,,,,,,,0,0,000000000,00000000000,0,0,0,1,0,0,0,0,0,0,0,47,0,0,0,12,12,6,2,12,0,0,0,1,32,89503,6,1,0,0,2,0,73,150,0,0,0,0,0,0,0,0,0,1,36,0,0,0,1,4,35,1,1,2,1,0,0,1,65,3,2,1,79,1,1
32,320054,2,2,1,31,1,17,17,12,6,1,0,32,3,49,49,49049,6,2008,JTLKE50E1810,J,T,L,K,E,5,0,E,1,8,1,0,0,P,TOYT,SXB,UT,8,17,3020,,0,1024,,G,,F,4,146,,,16R205,,,,,,0,0,000000000,00000000000,0,0,0,1,0,0,0,0,0,1,0,998,0,0,0,9,9,4,3,12,0,0,0,1,32,89533,6,1,6,0,3,0,70,311,0,0,0,1,1,3,2009,7,2010,0,39,0,0,0,1,2,25,1,1,2,1,20,3,10,16,1,1,1,78,0,0
32,320055,1,3,2,14,4,15,59,12,6,1,0,32,1,20,16,20016,4,1998,3G1JC5240WS8,3,G,1,J,C,5,2,4,0,W,S,8,0,P,CHEV,CAV,4D,98,17,2630,,0,1041,,G,,F,4,133,,,14R195,,,,,,0,0,000000000,00000000000,0,0,0,1,0,0,0,0,0,0,0,0,0,0,0,62,62,6,2,12,0,0,0,1,32,89031,6,1,0,0,3,3,64,180,0,0,0,0,1,10,2008,10,2008,0,39,36,0,0,1,2,35,1,1,2,1,20,3,5,17,1,1,1,89,1,1
32,320055,2,3,2,14,4,15,59,12,6,1,0,6,1,12,23,12023,4,2006,3FAFP08146R1,3,F,A,F,P,0,8,1,4,6,R,1,0,P,FORD,F/L,4D,6,17,3101,,0,1074,,G,,F,6,183,,,17R225,,,,,,0,0,000000000,00000000000,0,0,0,1,0,0,0,0,0,0,0,998,0,0,0,1,1,6,2,12,0,0,0,1,6,91730,6,1,0,0,3,0,64,128,0,0,0,0,0,0,0,0,0,0,0,0,0,0,2,4,45,1,1,2,1,0,0,1,68,1,1,1,88,0,0
32,320055,3,3,2,14,4,15,59,12,6,1,0,32,1,20,2,20002,4,2007,2G1WD58C9792,2,G,1,W,D,5,8,C,9,7,9,2,0,P,CHEV,ISS,4D,7,17,3790,,0,1105,,G,,F,8,323,,,18R235,,,,,,0,0,000000000,00000000000,0,0,0,1,0,0,0,0,0,0,0,998,0,0,0,14,14,0,3,54,0,0,0,1,32,89130,6,1,0,0,3,0,60,147,0,0,0,0,0,0,0,0,0,0,0,0,0,0,2,4,45,1,1,2,1,0,0,1,68,8,1,1,98,0,0
32,320056,1,2,1,16,4,16,30,12,6,1,0,32,1,53,734,53734,90,2006,5SAAP41A5671,5,S,A,A,P,4,1,A,5,6,7,1,0,M,SUZI,AP4,AT,6,17,,,,,,,695,,1,,4,602,,,,,,,0,0,000000000,00000000000,0,0,0,1,0,0,0,0,0,0,0,7,0,0,0,9,98,6,2,12,0,0,0,1,32,89403,6,1,6,0,3,3,63,150,0,0,0,0,0,0,0,0,0,0,38,0,0,0,1,2,65,1,2,2,1,0,0,1,17,1,1,1,89,1,0
32,320056,2,2,1,16,4,16,30,12,6,1,0,32,1,49,46,49046,4,2005,JTDKB20UX531,J,T,D,K,B,2,0,U,X,5,3,1,0,P,TOYT,PRI,4H,5,17,2890,,0,1063,,B,,F,4,091,,,14R175,,,,,,0,0,000000000,00000000000,0,0,0,1,0,0,0,0,0,0,0,57,0,0,0,12,12,6,2,12,0,0,0,1,32,89701,6,1,0,0,3,0,65,210,0,0,0,0,0,0,0,0,0,0,0,0,0,0,1,2,65,1,2,2,1,0,0,1,64,4,1,1,88,0,0
32,320057,1,1,3,18,4,20,19,5,0,1,0,32,2,12,401,12401,14,1988,1FMCU14TXJUD,1,F,M,C,U,1,4,T,X,J,U,D,0,P,FORD,BII,UT,88,17,0,,0,940,,G,,F,6,177,,,000000,,,,,,0,0,000000000,00000000000,0,0,0,1,0,0,0,0,0,0,0,15,0,0,0,0,0,0,3,5,0,0,0,1,32,89031,6,1,0,0,3,0,71,140,0,0,0,0,0,0,0,0,0,0,21,0,0,0,1,2,25,1,1,2,1,0,0,1,98,1,1,1,0,1,0
32,320058,1,2,1,19,4,16,58,12,6,1,0,30,1,20,471,20471,30,1994,1GCDT19Z9R82,1,G,C,D,T,1,9,Z,9,R,8,2,1,T,CHEV,S14,PC,94,17,,1,1229,1083,S,G,,,6,262,,,,B,3604,00,,44,1,0,000000000,00000000000,0,0,0,1,0,0,0,0,0,0,0,53,0,1,3,9,98,6,2,12,0,0,0,1,30,59911,6,1,0,0,3,0,70,170,98,0,0,0,0,0,0,0,0,0,47,39,0,0,2,4,70,1,1,2,1,28,3,12,98,1,1,1,98,1,0
32,320058,2,2,1,19,4,16,58,12,6,1,0,16,3,51,881,51881,66,2011,4V4NC9EJ5BN5,4,V,4,N,C,9,E,J,5,B,N,5,1,T,VOLV,VNL,TR,11,17,,8,0,0,VVN,D,,,6,793,,,,,00000,00,,64,1,57,000000227,57000000227,3,6,1,1,0,0,0,0,0,0,0,67,0,0,0,12,12,4,3,12,0,0,0,1,16,83672,6,1,6,1,3,3,72,165,0,0,0,0,0,0,0,0,0,0,0,0,0,0,2,4,70,1,1,2,1,0,0,1,60,3,2,1,98,0,0
32,320059,1,2,1,19,4,18,25,12,6,1,0,32,2,14,4,14004,2,1996,1MELM6240TH6,1,M,E,L,M,6,2,4,0,T,H,6,0,P,MERC,XR7,2D,96,17,3559,,0,1130,,G,,F,6,232,,,15R205,,,,,,0,0,000000000,00000000000,0,0,0,1,0,0,0,0,0,0,0,998,0,0,0,1,98,6,2,12,0,0,0,1,32,89431,6,1,0,0,3,0,68,180,0,0,0,0,0,0,0,0,0,0,38,0,0,0,2,4,45,1,2,2,1,0,0,11,15,1,1,1,68,1,0
32,320059,2,2,1,19,4,18,25,12,6,1,0,32,1,49,404,49404,14,2008,JTEBU11F08K0,J,T,E,B,U,1,1,F,0,8,K,0,0,P,TOYT,FJC,UT,8,17,4290,,0,1059,,G,,F,6,244,,,17R265,,,,,,0,0,000000000,00000000000,0,0,0,1,0,0,0,0,0,0,0,998,0,0,0,12,12,6,2,12,0,0,0,1,32,89434,6,1,0,0,3,0,63,120,0,0,0,0,0,0,0,0,0,0,0,0,0,0,2,4,45,1,2,2,1,0,0,1,62,7,1,1,69,0,0
32,320060,1,2,1,11,3,17,30,12,2,1,0,6,3,6,52,6052,6,2001,3C8FY4BB51T5,3,C,8,F,Y,4,B,B,5,1,T,5,0,P,CHRY,PTC,SV,1,17,3109,,0,1030,,G,,F,4,148,,,15R195,,,,,,0,0,000000000,00000000000,0,0,0,1,0,0,0,0,0,0,0,55,0,0,0,12,11,6,2,12,0,0,0,1,4,89412,6,1,0,0,3,3,67,225,0,0,0,0,0,0,0,0,0,1,28,0,0,0,1,2,25,1,2,5,1,0,0,1,10,1,1,2,50,1,0
32,320060,2,2,1,11,3,17,30,12,2,1,0,32,3,12,481,12481,31,2010,1FTNF2B58AEB,1,F,T,N,F,2,B,5,8,A,E,B,0,T,FORD,F2S,PK,10,17,,2,0,1370,SRW,G,,,8,329,,,,B,6048,00,E,44,0,0,000000000,00000000000,0,0,0,1,0,0,0,0,0,0,0,0,0,0,0,12,11,6,2,12,0,0,0,1,27,56542,6,1,6,0,3,3,72,110,0,0,0,0,0,0,0,0,0,0,0,0,0,0,1,2,25,1,2,5,1,0,0,5,54,1,1,1,51,0,0
32,320061,1,3,3,22,4,15,53,12,8,1,0,32,2,37,32,37032,4,1997,1HGCD5530VA0,1,H,G,C,D,5,5,3,0,V,A,0,0,P,HOND,ULE,4D,97,17,2798,,0,1069,,G,,F,4,132,,,15R185,,,,,,0,0,000000000,00000000000,0,0,0,1,0,0,0,0,0,0,0,40,0,0,0,1,82,6,2,12,0,0,0,1,32,89706,1,1,0,0,2,0,75,170,0,3,0,2,0,7,2008,2,2011,0,28,0,0,0,5,2,45,1,1,2,2,0,0,1,10,1,1,2,64,3,0
32,320061,2,3,1,22,4,15,53,12,8,1,0,32,1,20,482,20482,31,2002,3GNEK13TX2G1,3,G,N,E,K,1,3,T,X,2,G,1,0,T,CHEV,KAV,CW,2,17,,2,0,1300,AVL,G,,,8,325,,,,B,5652,00,,44,0,0,000000000,00000000000,0,0,0,1,0,0,0,0,0,0,0,40,0,0,0,5,5,4,1,12,0,0,0,1,6,89706,6,1,0,0,3,3,71,160,0,0,0,0,0,0,0,0,0,0,0,0,0,0,5,2,45,1,1,2,2,0,0,1,62,6,1,2,65,0,0
32,320061,3,3,1,22,4,15,53,12,8,1,0,6,1,23,481,23481,31,2001,1GTEK19T71Z1,1,G,T,E,K,1,9,T,7,1,Z,1,0,T,GMC,NK1,4C,1,17,,2,1575,1435,SIE,G,,,8,325,,,,B,4776,00,U,44,0,0,000000000,00000000000,0,0,0,1,0,0,0,0,0,0,0,40,1,1,1,12,12,6,2,12,0,0,0,1,6,95726,6,1,0,0,3,0,69,180,0,0,0,0,1,2,2010,2,2010,0,0,0,0,0,5,2,45,1,1,2,2,0,0,1,62,1,1,1,98,0,0
32,320062,1,1,1,26,4,17,0,31,0,1,0,32,1,37,32,37032,4,1993,1HGCB7698PA0,1,H,G,C,B,7,6,9,8,P,A,0,0,P,HOND,UA1,4D,93,17,2955,,0,1071,,G,,F,4,132,,,15R195,,,,,,0,0,000000000,00000000000,0,0,0,1,0,0,0,0,0,0,0,65,0,1,5,1,98,6,2,1,0,0,0,1,32,89501,6,1,0,0,3,0,73,210,0,1,0,0,0,9,2008,9,2008,0,0,0,0,0,3,2,70,1,1,2,1,0,0,1,9,7,3,4,2,1,1
32,320063,1,1,1,26,4,20,29,31,0,1,0,32,1,20,421,20421,15,1997,3GNEK18R5VG1,3,G,N,E,K,1,8,R,5,V,G,1,1,P,CHEV,KTA,UT,97,17,4827,,0,1115,,G,,F,8,350,,,16R245,,,,,,1,0,000000000,00000000000,0,0,0,1,0,0,0,0,0,0,0,60,0,1,5,83,98,6,2,1,0,0,1,1,32,89460,6,1,0,0,3,0,70,180,0,0,0,0,1,12,2010,12,2010,0,28,0,0,0,1,2,55,3,1,2,1,0,0,14,12,7,1,4,6,1,1
32,320064,1,1,1,27,4,22,18,33,0,1,0,32,1,53,706,53706,80,2001,JS1VY51A2121,J,S,1,V,Y,5,1,A,2,1,2,1,0,M,SUZI,VL1,RS,1,17,,,,,,,1462,,2,,4,652,,,,,,,0,0,000000000,00000000000,0,0,0,1,0,0,0,0,0,0,0,40,0,0,0,14,12,4,3,39,0,0,0,1,32,89120,6,1,0,0,3,0,73,200,0,0,0,0,0,0,0,0,0,1,28,0,0,0,1,2,25,1,2,2,1,0,0,1,12,1,1,4,6,1,1
32,320065,1,1,1,28,4,0,3,8,0,1,0,32,1,12,481,12481,31,1998,1FTZX17WXWKB,1,F,T,Z,X,1,7,W,X,W,K,B,0,T,FORD,F15,3C,98,17,,1,1570,1390,COF,G,,,8,281,,,,B,4067,02,E,42,0,0,000000000,00000000000,0,0,0,1,0,0,0,0,0,0,0,44,0,0,0,12,12,4,3,8,0,0,0,1,32,89120,6,1,0,0,3,0,67,135,0,0,0,0,0,0,0,0,0,0,0,0,0,0,3,4,45,1,1,2,1,0,0,1,80,1,1,1,13,0,1
32,320066,1,1,1,28,4,17,30,41,0,1,0,32,2,48,34,48034,6,2004,4S3BH6750476,4,S,3,B,H,6,7,5,0,4,7,6,0,P,SUBA,UWP,SW,4,17,3430,,0,1043,,G,,F,4,153,,,16R225,,,,,,0,0,000000000,00000000000,0,0,0,1,0,0,0,0,0,0,0,62,0,1,5,1,98,6,2,1,0,0,0,1,6,95632,1,1,0,0,2,0,63,133,0,1,0,0,0,11,2009,11,2009,0,28,0,0,0,1,2,65,1,1,2,1,0,0,1,13,1,1,4,1,1,1
32,320067,1,1,4,3,5,9,25,1,0,1,0,49,2,20,481,20481,31,2002,1GCEK19T62E3,1,G,C,E,K,1,9,T,6,2,E,3,0,T,CHEV,SK1,4C,2,17,,2,1575,1435,SIL,G,,,8,325,,,,B,4910,02,,44,0,0,000000000,00000000000,0,0,0,1,0,0,0,0,0,0,0,65,0,1,5,0,0,6,2,1,0,0,0,1,49,84015,6,1,0,0,3,0,64,125,98,0,0,0,1,8,2010,8,2010,0,80,28,58,0,1,2,70,1,1,2,1,0,0,1,1,6,4,4,7,1,0
32,320068,1,1,1,6,5,3,0,1,0,1,0,32,1,12,401,12401,14,2002,1FMZU67E82UA,1,F,M,Z,U,6,7,E,8,2,U,A,0,P,FORD,EPR,UT,2,17,4120,,0,1259,,G,,F,6,245,,,16R235,,,,,,0,0,000000000,00000000000,0,0,0,1,0,0,0,0,0,0,0,75,0,1,1,0,0,6,2,1,0,0,0,1,32,89106,6,1,0,0,3,0,73,210,0,0,0,0,0,0,0,0,0,0,28,58,0,0,2,2,75,1,1,2,1,0,0,1,12,7,3,6,98,1,0
32,320069,1,2,1,6,5,13,1,12,7,1,0,6,4,35,50,35050,4,2010,3N1BC1AP8AL4,3,N,1,B,C,1,A,P,8,A,L,4,0,P,NISS,VSL,4D,10,17,2671,,0,1024,,G,,F,4,110,,,15R185,,,,,,0,0,000000000,00000000000,0,0,0,1,0,0,0,0,0,0,0,50,0,0,0,3,3,4,3,12,0,0,0,1,6,95949,6,1,0,0,3,0,70,330,0,0,0,0,0,0,0,0,0,0,27,0,0,0,3,4,65,2,1,2,1,0,0,15,10,1,1,2,47,0,0
32,320069,2,2,1,6,5,13,1,12,7,1,0,32,1,73,706,73706,80,2001,JKAZXBD131B5,J,K,A,Z,X,B,D,1,3,1,B,5,0,M,KAWK,ZXD,RC,1,17,,,,,,,1100,,4,,4,514,,,,,,,0,0,000000000,00000000000,0,0,0,1,0,0,0,0,0,0,0,60,0,0,0,1,12,4,3,31,0,0,0,1,32,89433,6,1,0,0,3,0,72,250,0,0,0,0,0,0,0,0,0,0,0,0,0,0,3,4,65,2,1,2,1,0,0,14,60,1,1,1,45,1,0
32,320070,1,2,1,7,5,8,19,12,6,1,0,32,1,12,481,12481,31,1994,1FTJW36K4REA,1,F,T,J,W,3,6,K,4,R,E,A,0,T,FORD,F35,CW,94,17,,2,0,1680,COF,D,,,8,444,,,,D,00000,00,A,44,0,0,000000000,00000000000,0,0,0,1,0,0,0,0,0,0,0,5,0,0,0,9,9,4,3,12,0,0,0,1,32,89801,6,1,0,0,3,0,72,220,0,0,0,0,0,0,0,0,0,0,38,0,0,0,1,2,35,1,1,2,1,20,3,10,16,1,1,1,78,0,0
32,320070,2,2,1,7,5,8,19,12,6,1,0,32,1,72,706,72706,80,2009,1HD1JM5169Y0,1,H,D,1,J,M,5,1,6,9,Y,0,0,M,HD,LTB,RS,9,17,,,,,,,1584,,2,,4,737,,,,,,,0,0,000000000,00000000000,0,0,0,1,0,0,0,0,0,0,0,58,0,0,0,12,12,6,2,12,0,0,0,1,32,89801,6,1,0,0,3,1,70,230,0,0,0,0,0,0,0,0,0,1,0,0,0,0,3,4,35,1,1,2,1,0,0,1,65,3,2,1,79,1,0
32,320071,1,3,1,8,5,22,25,12,2,1,0,32,1,23,481,23481,31,2001,2GTEC19V2112,2,G,T,E,C,1,9,V,2,1,1,2,0,T,GMC,NC1,PC,1,17,,2,1575,1435,SIE,G,,,8,293,,,,B,4413,00,U,42,0,0,000000000,00000000000,0,0,0,1,0,0,0,0,0,0,0,70,0,0,0,12,98,6,2,12,0,0,1,1,32,89030,6,1,6,0,3,3,73,225,0,1,0,0,0,11,2010,11,2010,0,50,0,0,0,2,4,75,1,2,2,1,0,0,1,54,3,2,1,52,1,1
32,320071,2,3,5,8,5,22,25,12,2,1,0,32,2,6,51,6051,4,2006,2C3KA43R76H1,2,C,3,K,A,4,3,R,7,6,H,1,0,P,CHRY,C30,4D,6,17,3623,,0,1200,,G,,F,6,165,,,17R215,,,,,,0,0,000000000,00000000000,0,0,0,1,0,0,0,0,0,0,0,73,0,0,0,12,12,6,2,12,0,0,0,1,4,86432,6,1,0,0,3,0,71,190,0,0,0,0,1,8,2009,8,2009,0,0,0,0,0,2,4,75,1,2,2,1,0,0,1,54,1,1,1,52,1,0
32,320071,3,3,2,8,5,22,25,12,2,1,0,47,3,82,881,82881,66,2010,1FUJGLDR6ASA,1,F,U,J,G,L,D,R,6,A,S,A,1,T,FRHT,125,TR,10,17,,8,0,0,CSC,D,,,6,903,,,,,00000,00,,64,1,57,000070251,57000070251,3,6,1,2,2,1760,2,1,0,0,0,50,0,0,0,12,12,4,3,12,0,0,0,1,4,85362,6,1,6,1,3,1,73,198,0,2,0,0,0,4,2011,4,2011,0,0,0,0,0,2,4,75,1,2,2,1,0,0,1,54,9,1,4,98,0,0
32,320072,1,2,1,11,5,18,23,12,1,1,0,32,2,73,705,73705,80,1992,JKAZX4C16NB5,J,K,A,Z,X,4,C,1,6,N,B,5,0,M,KAWK,ZCX,RC,92,17,,,,,,,600,,4,,4,397,,,,,,,0,0,000000000,00000000000,0,0,0,1,0,0,0,0,0,0,0,998,0,0,0,12,98,6,2,12,0,0,0,1,32,89156,6,1,6,0,2,3,76,210,0,0,0,0,0,0,0,0,0,0,35,0,0,0,1,2,25,1,1,2,1,0,0,6,51,1,1,1,24,1,1
32,320072,2,2,3,11,5,18,23,12,1,1,0,32,1,12,401,12401,14,1997,1FMDU32P7VZB,1,F,M,D,U,3,2,P,7,V,Z,B,0,P,FORD,EPR,UT,97,17,3939,,0,1115,,G,,F,8,302,,,15R225,,,,,,0,0,000000000,00000000000,0,0,0,1,0,0,0,0,0,0,0,998,0,0,0,6,6,4,1,12,0,0,0,1,32,89101,6,1,0,0,3,0,63,145,0,0,0,0,1,1,2011,1,2011,0,0,0,0,0,1,2,25,1,1,2,1,0,0,1,53,1,1,1,25,0,0
32,320073,1,3,1,13,5,9,47,9,0,1,0,32,1,12,13,12013,2,2002,3FAFP113X2R1,3,F,A,F,P,1,1,3,X,2,R,1,0,P,FORD,ZX2,CP,2,17,2478,,0,984,,G,,F,4,121,,,15R185,,,,,,0,0,000000000,00000000000,0,0,0,1,0,0,0,0,0,0,0,45,0,0,0,12,12,4,3,9,0,0,0,1,32,89118,6,1,0,0,3,3,67,120,0,0,0,0,0,0,0,0,0,0,0,0,0,0,1,4,45,1,2,2,1,0,0,1,83,1,1,1,13,0,0
32,320073,2,3,1,13,5,9,47,9,0,1,0,32,1,18,2,18002,4,1998,1G4HR52K4WH4,1,G,4,H,R,5,2,K,4,W,H,4,0,P,BUIC,LLF,4D,98,17,3370,,0,1108,,G,,F,6,231,,,15R205,,,,,,0,0,000000000,00000000000,0,0,0,1,0,0,0,0,0,0,0,0,0,0,0,6,6,4,3,12,0,0,0,1,32,89103,6,1,0,0,3,3,67,154,0,0,0,0,0,0,0,0,0,0,0,0,0,0,1,4,45,1,2,2,1,0,0,5,53,1,1,1,98,0,0
32,320073,3,3,1,13,5,9,47,9,0,1,0,32,1,20,421,20421,15,2001,1GNCS18W71K1,1,G,N,C,S,1,8,W,7,1,K,1,0,P,CHEV,BZR,UT,1,17,3699,,0,1005,,G,,F,6,262,,,15R235,,,,,,0,0,000000000,00000000000,0,0,0,1,0,0,0,0,0,0,0,0,0,0,0,6,6,4,1,12,0,0,0,1,32,89110,6,1,0,0,3,0,69,180,0,0,0,0,0,0,0,0,0,0,0,0,0,0,1,4,45,1,2,2,1,0,0,5,50,1,1,1,98,0,0
32,320074,1,1,1,18,5,15,49,8,0,1,0,32,3,7,482,7482,31,2005,3D7KS28C15G8,3,D,7,K,S,2,8,C,1,5,G,8,0,T,DODG,SQ2,CW,5,17,,2,1605,1405,RPC,D,,,6,359,,,,C,5886,12,E,44,0,0,000000000,00000000000,0,0,0,1,0,0,0,0,0,0,0,998,0,0,0,1,1,0,3,8,0,0,0,1,32,89148,6,1,0,0,3,0,66,160,0,0,0,0,0,0,0,0,0,0,0,0,0,0,2,3,45,1,1,2,2,0,0,10,80,1,1,1,13,0,0
32,320075,1,1,1,20,5,1,33,8,0,1,0,32,1,35,472,35472,30,2006,1N6AD07U26C4,1,N,6,A,D,0,7,U,2,6,C,4,0,T,NISS,CEO,CW,6,17,,1,0,1259,FRT,G,,,6,244,,,,C,4245,02,K,42,0,0,000000000,00000000000,0,0,0,1,0,0,0,0,0,0,0,57,0,0,0,12,12,4,3,8,0,0,0,1,32,89101,0,0,0,0,0,0,999,999,99,99,99,99,99,99,9999,99,9999,0,0,0,0,0,3,5,65,1,1,1,1,0,0,1,80,1,1,1,13,0,0
32,320076,1,2,1,20,5,10,31,12,6,1,0,32,1,35,47,35047,4,2000,1N4DL01D1YC1,1,N,4,D,L,0,1,D,1,Y,C,1,0,P,NISS,AGS,4D,0,17,2754,,0,1031,,G,,F,4,146,,,15R195,,,,,,0,0,000000000,00000000000,0,0,0,1,0,0,0,0,0,0,0,998,0,0,0,10,98,6,2,12,0,0,0,1,32,89110,6,1,0,0,3,3,61,189,0,0,0,0,0,0,0,0,0,0,39,0,0,0,2,2,40,1,1,2,1,3,3,1,17,1,1,1,89,1,0
32,320076,2,2,1,20,5,10,31,12,6,1,0,6,2,7,422,7422,15,2011,1D4RD4GG5BC6,1,D,4,R,D,4,G,G,5,B,C,6,0,P,DODG,DUR,UT,11,17,4838,,0,1198,,F,,F,6,220,,,18R265,,,,,,0,0,000000000,00000000000,0,0,0,1,0,0,0,0,0,0,0,998,0,0,0,12,12,6,2,12,0,0,0,1,8,81503,6,1,0,0,3,0,69,175,0,0,0,0,0,0,0,0,0,0,0,0,0,0,1,2,45,1,1,2,1,3,3,1,66,3,2,1,88,0,0
32,320077,1,1,1,21,5,10,46,1,0,1,0,32,1,12,401,12401,14,1997,1FMDU34X0VZA,1,F,M,D,U,3,4,X,0,V,Z,A,0,P,FORD,EPR,UT,97,17,4166,,0,1115,,G,,F,6,245,,,15R225,,,,,,0,0,000000000,00000000000,0,0,0,1,0,0,0,0,0,0,0,58,0,1,5,0,0,6,2,1,0,0,0,1,32,89010,6,1,0,0,3,0,69,185,0,0,0,0,0,0,0,0,0,0,28,58,0,0,1,2,55,1,1,2,1,0,0,1,13,6,1,4,1,1,0
32,320078,1,2,2,21,5,12,55,12,6,1,0,16,2,19,14,19014,4,2002,1G6KS54Y42U1,1,G,6,K,S,5,4,Y,4,2,U,1,0,P,CADI,SLS,4D,2,17,3969,,0,1122,,G,,F,8,279,,,16R235,,,,,,0,0,000000000,00000000000,0,0,0,1,0,0,0,0,0,0,0,87,0,0,0,3,82,6,2,12,0,0,0,1,16,83201,1,1,0,0,2,0,73,270,0,4,0,0,4,10,2008,1,2010,1,33,39,58,0,1,2,70,2,2,2,1,28,3,6,10,6,4,4,64,1,0
32,320078,2,2,2,21,5,12,55,12,6,1,0,41,1,37,31,37031,4,2001,2HGES15501H5,2,H,G,E,S,1,5,5,0,1,H,5,0,P,HOND,UCL,4D,1,17,2465,,0,1031,,G,,F,4,102,,,14R185,,,,,,0,0,000000000,00000000000,0,0,0,1,0,0,0,0,0,0,0,73,0,0,0,12,12,6,2,12,0,0,0,1,41,97007,6,1,0,0,3,0,67,200,0,0,0,1,1,10,2008,10,2009,0,0,0,0,0,1,2,70,2,2,2,1,0,0,14,54,7,1,4,65,1,0
32,320079,1,1,2,22,5,5,0,1,0,1,0,32,1,7,402,7402,14,1998,1B4HS28Y9WF2,1,B,4,H,S,2,8,Y,9,W,F,2,0,P,DODG,DUR,UT,98,17,4349,,0,1159,,G,,F,8,318,,,15R235,,,,,,0,0,000000000,00000000000,0,0,0,1,0,0,0,0,0,0,0,63,0,1,5,0,0,6,2,1,0,0,0,1,32,89706,9,9,99,0,9,9,70,160,99,99,99,99,99,99,9999,99,9999,0,28,58,0,0,1,2,65,1,2,2,1,0,0,1,13,6,1,4,1,1,0
32,320080,1,1,2,22,5,14,20,58,0,1,0,49,1,12,37,12037,4,2008,1FAHP35N68W2,1,F,A,H,P,3,5,N,6,8,W,2,0,P,FORD,FMS,4D,8,17,2623,,0,1029,,G,,F,4,122,,,16R205,,,,,,0,0,000000000,00000000000,0,0,0,1,0,0,0,0,0,0,0,67,0,1,5,12,98,6,2,1,0,0,0,1,49,84015,6,1,0,0,3,1,72,185,98,0,0,0,0,0,0,0,0,0,83,28,58,0,2,2,75,1,1,2,1,0,0,17,87,7,3,4,3,1,0
32,320081,1,2,1,25,5,5,3,12,8,1,0,32,1,20,403,20403,14,2003,1GNES16S7361,1,G,N,E,S,1,6,S,7,3,6,1,0,P,CHEV,TRL,UT,3,17,4836,,0,1290,,G,,F,6,256,,,17R245,,,,,,0,0,000000000,00000000000,0,0,0,1,0,0,0,0,0,0,0,75,0,1,5,11,62,6,2,12,0,0,1,1,32,89001,6,1,0,0,3,0,71,220,0,0,0,1,0,2,2009,2,2009,0,28,0,0,0,1,2,70,1,1,2,1,0,0,1,10,1,1,2,64,1,1
32,320081,2,2,1,25,5,5,3,12,8,1,0,32,3,82,881,82881,66,1997,1FUPCSZB8VP6,1,F,U,P,C,S,Z,B,8,V,P,6,2,T,FRHT,FLD,TR,97,17,,8,0,0,CON,D,,,6,774,,,,,00000,00,,64,3,32,000015701,32000015701,3,7,1,1,0,0,0,0,0,0,0,65,0,0,0,9,9,6,2,12,0,0,0,1,32,89156,6,1,6,1,3,1,69,243,0,0,0,1,1,10,2008,11,2008,0,0,0,0,0,1,2,70,1,1,2,1,0,0,1,62,9,1,1,65,0,0