STATE,ST_CASE,VEH_NO,VE_FORMS,NUMOCCS,DAY,MONTH,HOUR,MINUTE,HARM_EV,MAN_COLL,UNITTYPE,HIT_RUN,REG_STAT,OWNER,MAKE,MODEL,MAK_MOD,BODY_TYP,MOD_YEAR,VIN,VIN_1,VIN_2,VIN_3,VIN_4,VIN_5,VIN_6,VIN_7,VIN_8,VIN_9,VIN_10,VIN_11,VIN_12,TOW_VEH,VINTYPE,VINMAKE,VINA_MOD,VIN_BT,VINMODYR,VIN_LNGT,VIN_WGT,WGTCD_TR,WHLBS_LG,WHLBS_SH,SER_TR,FUELCODE,MCYCL_DS,CARBUR,CYLINDER,DISPLACE,MCYCL_CY,MCYCL_WT,TIRE_SZE,TON_RAT,TRK_WT,TRKWTVAR,VIN_REST,WHLDRWHL,J_KNIFE,MCARR_I1,MCARR_I2,MCARR_ID,GVWR,V_CONFIG,CARGO_BT,HAZ_INV,HAZ_PLAC,HAZ_ID,HAZ_CNO,HAZ_REL,BUS_USE,SPEC_USE,EMER_USE,TRAV_SP,UNDERIDE,ROLLOVER,ROLINLOC,IMPACT1,IMPACT2,DEFORMED,TOWED,M_HARM,VEH_SC1,VEH_SC2,FIRE_EXP,DR_PRES,L_STATE,DR_ZIP,L_STATUS,L_TYPE,CDL_STAT,L_ENDORS,L_COMPL,L_RESTRI,DR_HGT,DR_WGT,PREV_ACC,PREV_SUS,PREV_DWI,PREV_SPD,PREV_OTH,FIRST_MO,FIRST_YR,LAST_MO,LAST_YR,SPEEDREL,DR_SF1,DR_SF2,DR_SF3,DR_SF4,VTRAFWAY,VNUM_LAN,VSPD_LIM,VALIGN,VPROFILE,VPAVETYP,VSURCOND,VTRAFCON,VTCONT_F,P_CRASH1,P_CRASH2,P_CRASH3,PCRASH4,PCRASH5,ACC_TYPE,DEATHS,DR_DRINK
32,320082,1,1,1,25,5,16,41,33,0,1,0,32,1,12,442,12442,20,2002,2FMDA51452BB,2,F,M,D,A,5,1,4,5,2,B,B,0,T,FORD,WLX,ES,2,17,,1,0,1207,WIN,G,,,6,232,,,,B,4017,00,E,42,0,0,000000000,00000000000,0,0,0,1,0,0,0,0,0,0,0,998,0,0,0,14,98,6,2,42,0,0,0,1,32,89032,6,1,0,0,3,0,68,240,0,0,0,0,0,0,0,0,0,0,28,0,0,0,2,5,45,1,1,2,1,0,0,1,12,1,1,4,6,1,0
32,320083,1,1,1,26,5,4,57,8,0,1,0,32,1,2,406,2406,14,2008,1J8HH48K38C1,1,J,8,H,H,4,8,K,3,8,C,1,0,T,JEEP,SPT,4W,8,17,,2,0,1095,CMD,G,,,6,226,,,,,4649,00,L,42,0,0,000000000,00000000000,0,0,0,1,0,0,0,0,0,0,0,68,0,0,0,1,1,4,3,8,0,0,0,1,32,89139,6,1,0,0,3,3,66,130,0,0,0,0,0,0,0,0,0,0,0,0,0,0,3,5,55,1,1,1,1,40,3,1,80,1,1,1,13,0,0
32,320084,1,1,2,27,5,19,30,35,0,1,0,32,2,12,37,12037,3,2006,1FAHP31N56W1,1,F,A,H,P,3,1,N,5,6,W,1,0,P,FORD,FZX,3P,6,17,2654,,0,1029,,G,,F,4,122,,,15R195,,,,,,0,0,000000000,00000000000,0,0,0,1,0,0,0,0,0,0,0,73,0,1,5,1,82,6,2,1,0,0,0,1,32,89107,6,1,0,0,3,1,62,128,0,0,0,0,0,0,0,0,0,0,28,58,0,0,1,2,70,1,1,2,1,0,0,1,13,6,1,4,1,1,0
32,320085,1,1,3,29,5,5,42,42,0,1,0,32,2,49,422,49422,15,2001,5TDBT44AX1S0,5,T,D,B,T,4,4,A,X,1,S,0,0,P,TOYT,SEQ,UT,1,17,5270,,0,1181,,G,,F,8,285,,,16R265,,,,,,0,0,000000000,00000000000,0,0,0,1,0,0,0,0,0,0,0,69,0,1,3,3,98,6,2,42,0,0,0,1,32,89431,1,1,0,0,2,0,72,165,0,0,0,0,0,0,0,0,0,1,28,8,0,0,2,2,30,2,1,2,1,0,0,14,6,6,4,4,7,1,1
32,320086,1,1,1,30,5,20,30,1,0,1,0,32,1,19,18,19018,4,2005,1G6DP567X501,1,G,6,D,P,5,6,7,X,5,0,1,0,P,CADI,HF6,4D,5,17,3509,,0,1134,,G,,F,6,220,,,17R225,,,,,,0,0,000000000,00000000000,0,0,0,1,0,0,0,0,0,0,0,35,0,1,5,0,98,6,2,1,0,0,0,1,32,89027,3,1,0,0,2,0,69,155,0,0,0,1,0,1,2009,1,2009,1,28,58,0,0,1,2,35,1,2,2,1,0,0,1,6,7,3,4,2,1,1
32,320087,1,2,1,2,6,15,14,1,0,1,0,32,1,72,706,72706,80,2007,1HD1FS4127Y6,1,H,D,1,F,S,4,1,2,7,Y,6,0,M,HD,LTR,RS,7,17,,,,,,,1584,,2,,4,761,,,,,,,0,0,000000000,00000000000,0,0,0,1,0,0,0,0,0,0,0,40,0,0,0,0,61,4,3,1,0,0,0,1,32,89031,6,1,0,0,3,0,73,235,0,0,0,0,0,0,0,0,0,0,0,0,0,0,2,4,45,1,2,2,1,0,0,17,65,8,2,2,98,1,0
32,320087,2,2,3,2,6,15,14,1,0,1,0,32,4,49,51,49051,4,2011,JTDBT4K37BL0,J,T,D,B,T,4,K,3,7,B,L,0,0,P,TOYT,YAR,4D,11,17,2313,,0,1004,,G,,F,4,091,,,14R175,,,,,,0,0,000000000,00000000000,0,0,0,1,0,0,0,0,0,0,0,5,0,0,0,12,12,2,1,12,0,0,0,1,48,76542,6,1,0,0,3,1,999,999,0,0,0,0,0,0,0,0,0,0,0,0,0,0,2,4,45,1,2,2,1,0,0,1,62,1,1,1,98,0,0
32,320088,1,1,1,5,6,3,58,31,0,1,0,32,1,7,472,7472,30,1992,1B7FL26X1NS6,1,B,7,F,L,2,6,X,1,N,S,6,0,T,DODG,DAK,PK,92,17,,1,1239,1119,DAK,G,,,6,239,,,,B,2890,01,A,42,0,0,000000000,00000000000,0,0,0,1,0,0,0,0,0,0,0,75,0,1,5,7,12,6,2,1,0,0,1,1,32,89020,6,1,0,0,3,0,70,160,0,3,1,0,0,2,2009,9,2010,0,28,58,0,0,1,2,70,1,1,2,1,0,0,1,13,6,1,4,1,1,1
32,320089,1,2,1,8,6,11,22,12,2,1,0,6,1,12,481,12481,31,2004,1FTPX14534NA,1,F,T,P,X,1,4,5,3,4,N,A,1,T,FORD,F15,4C,4,17,,2,1450,1260,COF,G,,,8,330,,,,B,5480,00,U,44,1,0,000000000,00000000000,0,0,0,1,0,0,0,0,0,0,0,58,0,0,0,12,12,6,2,12,0,0,0,1,6,95021,6,1,0,0,3,1,71,200,0,0,0,0,0,0,0,0,0,0,28,0,0,0,1,2,55,1,1,2,1,0,0,1,10,1,1,2,50,1,0
32,320089,2,2,1,8,6,11,22,12,2,1,0,18,3,51,881,51881,66,2008,4V4NC9TG58N4,4,V,4,N,C,9,T,G,5,8,N,4,1,T,VOLV,VNL,TR,8,17,,8,0,0,VVN,D,,,6,915,,,,,00000,00,,64,1,57,000054283,57000054283,3,6,6,1,0,0,0,0,0,0,0,58,0,0,0,12,11,6,2,12,0,0,0,1,55,53216,6,1,6,1,3,1,72,261,0,0,0,1,1,10,2008,1,2009,0,0,0,0,0,1,2,55,1,1,2,1,0,0,1,62,1,1,1,51,0,0
32,320090,1,1,1,10,6,19,52,41,0,1,0,32,2,53,706,53706,80,2008,JS1GX72A4821,J,S,1,G,X,7,2,A,4,8,2,1,0,M,SUZI,GXR,RC,8,17,,,,,,,1340,,4,,4,485,,,,,,,0,0,000000000,00000000000,0,0,0,1,0,0,0,0,0,0,0,80,0,0,0,3,98,6,2,1,0,0,0,1,32,89128,1,1,0,0,2,0,76,210,0,6,0,0,1,6,2008,4,2011,1,28,0,0,0,2,4,65,1,1,2,1,0,0,1,6,1,2,4,7,1,1
32,320091,1,1,1,13,6,8,32,14,0,1,0,32,3,84,883,84883,63,1999,1HTGGAHRXXH2,1,H,T,G,G,A,H,R,X,X,H,2,0,T,INTL,257,CC,99,17,,8,2520,1800,20S,D,,,6,661,,,,,00000,00,,64,0,88,888888888,88888888888,3,2,3,1,0,0,0,0,0,0,0,65,0,1,5,12,12,6,2,14,0,0,0,1,32,89431,6,1,6,1,3,1,73,262,0,0,0,0,0,0,0,0,0,0,28,0,0,0,5,2,65,1,1,2,1,0,0,1,13,1,1,4,11,0,0
32,320092,1,2,1,15,6,2,16,12,1,1,0,6,3,98,809,98809,66,2006,2FWJA3CV26AV,2,F,W,J,A,3,C,V,2,6,A,V,1,T,STRG,AT9,TR,6,17,,8,0,0,STE,D,,,6,782,,,,,00000,00,,64,1,57,000885953,57000885953,3,6,1,1,0,0,0,0,0,0,0,998,0,0,0,12,12,6,2,12,0,0,0,1,32,89142,6,1,6,1,3,1,66,250,0,0,0,0,1,7,2010,7,2010,0,26,0,0,0,3,3,70,1,1,2,1,0,0,1,52,1,1,1,24,1,0
32,320092,2,2,1,15,6,2,16,12,1,1,0,6,3,82,881,82881,66,1998,1FUYSSEB0WL8,1,F,U,Y,S,S,E,B,0,W,L,8,1,T,FRHT,FC2,TR,98,17,,8,0,0,CON,D,,,6,774,,,,,00000,00,,64,1,57,001459827,57001459827,3,6,1,1,0,0,0,0,0,0,0,998,0,0,0,6,6,6,2,12,0,0,0,1,6,92345,6,1,6,1,3,0,69,180,2,1,0,1,0,7,2009,1,2011,0,0,0,0,0,3,3,70,1,1,2,1,0,0,1,53,1,1,1,25,0,0
32,320093,1,2,1,20,6,14,1,12,6,1,0,32,1,20,16,20016,2,2003,1G1JF12F4372,1,G,1,J,F,1,2,F,4,3,7,2,0,P,CHEV,CAS,CP,3,17,2617,,0,1041,,G,,F,4,134,,,15R195,,,,,,0,0,000000000,00000000000,0,0,0,1,0,0,0,0,0,0,0,10,0,0,0,10,62,6,2,12,0,0,0,1,32,89423,6,1,0,0,3,0,72,150,0,0,0,0,0,0,0,0,0,0,38,0,0,0,1,2,55,1,1,2,1,20,3,11,15,1,1,1,82,1,0
32,320093,2,2,1,20,6,14,1,12,6,1,0,32,2,12,880,12880,67,2000,1FTWW33F2YEA,1,F,T,W,W,3,3,F,2,Y,E,A,0,T,FORD,F3D,CW,0,17,,3,1720,1560,DRW,D,,,8,444,,,,D,6402,08,E,44,0,88,888888888,88888888888,2,1,97,1,0,0,0,0,0,0,0,53,0,0,0,12,12,6,2,12,0,0,0,1,32,89444,6,1,0,0,3,1,72,230,0,0,0,0,0,0,0,0,0,0,0,0,0,0,5,4,55,1,1,2,1,0,0,1,67,1,1,1,83,0,0
32,320094,1,1,1,21,6,1,0,1,0,1,0,32,1,12,3,12003,2,1998,1FAFP4040WF2,1,F,A,F,P,4,0,4,0,W,F,2,0,P,FORD,MUS,CP,98,17,3065,,0,1013,,G,,F,6,232,,,15R205,,,,,,0,0,000000000,00000000000,0,0,0,1,0,0,0,0,0,0,0,88,0,1,5,0,0,6,2,1,0,0,0,1,32,89061,2,1,0,0,2,3,72,160,0,4,1,1,1,8,2009,4,2011,1,28,58,0,0,1,2,70,3,2,2,1,0,0,14,6,6,3,4,2,1,1
32,320095,1,1,1,21,6,17,45,41,0,1,0,27,2,73,706,73706,80,2009,JKBVNRB189A0,J,K,B,V,N,R,B,1,8,9,A,0,0,M,KAWK,V7B,RS,9,17,,,,,,,1700,,2,,4,886,,,,,,,0,0,000000000,00000000000,0,0,0,1,0,0,0,0,0,0,0,60,0,0,0,11,11,4,3,1,0,0,0,1,27,95125,3,1,0,0,2,3,69,190,0,0,0,0,0,0,0,0,0,0,28,0,0,0,1,2,70,1,1,2,1,0,0,1,12,1,1,4,6,1,1
32,320096,1,1,9,23,6,18,14,31,0,1,0,32,2,13,421,13421,15,2000,5LMRU27A0YLJ,5,L,M,R,U,2,7,A,0,Y,L,J,0,P,LINC,NAV,UT,0,17,5393,,0,1190,,G,,F,8,330,,,17R275,,,,,,0,0,000000000,00000000000,0,0,0,1,0,0,0,0,0,0,0,63,0,1,5,12,12,6,2,1,0,0,0,1,35,87105,6,1,0,0,3,0,78,180,98,0,0,0,0,0,0,0,0,1,58,0,0,0,1,2,50,3,2,2,1,40,3,14,13,6,1,4,1,1,1
32,320097,1,2,1,23,6,21,42,12,6,1,0,32,2,52,46,52046,4,2005,JA3AJ86E05U0,J,A,3,A,J,8,6,E,0,5,U,0,0,P,MITS,LZR,4D,5,17,2700,,0,1024,,G,,F,4,122,,,15R195,,,,,,0,0,000000000,00000000000,0,0,0,1,0,0,0,0,0,0,0,7,0,0,0,9,9,6,2,12,0,0,0,1,49,89408,6,1,0,0,3,0,70,165,98,0,0,0,0,0,0,0,0,0,48,0,0,0,3,2,65,1,1,2,1,0,0,12,98,1,1,2,98,1,0
32,320097,2,2,1,23,6,21,42,12,6,1,0,32,1,49,482,49482,31,2005,5TBDT48175S4,5,T,B,D,T,4,8,1,7,5,S,4,0,T,TOYT,DBL,CW,5,17,,2,0,1283,TUN,G,,,8,285,,,,B,4800,02,U,44,0,0,000000000,00000000000,0,0,0,1,0,0,0,0,0,0,0,60,0,0,0,12,12,6,2,12,0,0,0,1,32,89407,6,1,0,0,3,0,65,185,0,0,0,0,0,0,0,0,0,0,0,0,0,0,3,2,65,1,1,2,1,0,0,1,60,1,1,1,98,0,0
32,320098,1,1,1,25,6,7,22,8,0,1,1,32,1,12,442,12442,20,1998,2FMZA5146WBD,2,F,M,Z,A,5,1,4,6,W,B,D,0,T,FORD,WWG,ES,98,17,,1,0,1207,WIN,G,,,6,232,,,,B,3762,02,F,42,0,0,000000000,00000000000,0,0,0,1,0,0,0,0,0,0,0,60,0,0,0,11,11,4,1,8,0,0,0,1,32,89011,0,0,0,0,0,0,999,999,99,99,99,99,99,99,9999,99,9999,0,28,0,0,0,3,3,65,1,2,1,1,0,0,17,50,7,1,4,13,0,1
32,320099,1,1,2,27,6,14,45,1,0,1,0,6,1,49,40,49040,4,2003,4T1BF32K83U5,4,T,1,B,F,3,2,K,8,3,U,5,0,P,TOYT,UXS,4D,3,17,3203,,0,1071,,G,,F,6,183,,,15R205,,,,,,0,0,000000000,00000000000,0,0,0,1,0,0,0,0,0,0,0,77,0,1,5,0,0,6,2,1,0,0,0,1,6,92831,6,1,0,0,3,0,64,135,0,0,0,1,0,10,2010,10,2010,0,28,58,0,0,1,2,70,1,1,2,1,0,0,1,13,6,3,4,7,1,0
32,320100,1,1,1,27,6,17,30,31,0,1,0,29,1,72,706,72706,80,2006,1HD1FRW136Y6,1,H,D,1,F,R,W,1,3,6,Y,6,0,M,HD,FCI,RS,6,17,,,,,,,1450,,2,,4,710,,,,,,,0,0,000000000,00000000000,0,0,0,1,0,0,0,0,0,0,0,55,0,0,0,12,12,4,3,1,0,0,0,1,29,64118,6,1,0,0,3,1,76,250,1,0,0,0,0,4,2010,4,2010,0,28,0,0,0,1,2,55,3,2,2,1,0,0,14,13,1,1,4,1,1,0
32,320101,1,1,1,28,6,13,29,9,0,1,0,32,3,12,881,12881,61,2003,1FDXW47P03EC,1,F,D,X,W,4,7,P,0,3,E,C,0,T,FORD,F4D,CH,3,17,,4,0,1890,DRW,D,,,8,366,,,,,00000,00,E,44,0,88,888888888,88888888888,2,1,96,1,0,0,0,0,0,0,0,43,0,0,0,11,11,4,1,9,0,0,0,1,32,89460,6,1,6,1,3,1,70,180,0,0,0,0,0,0,0,0,0,0,0,0,0,0,5,4,45,1,1,2,1,0,0,1,83,9,1,1,13,0,0
32,320102,1,1,2,28,6,20,10,20,0,1,0,32,1,76,705,76705,80,2010,JYARJ16E7AA0,J,Y,A,R,J,1,6,E,7,A,A,0,0,M,YAMA,R6L,RC,10,17,,,,,,,599,,4,,4,414,,,,,,,0,0,000000000,00000000000,0,0,0,1,0,0,0,0,0,0,0,65,0,0,0,12,12,6,2,20,0,0,0,1,32,89129,6,1,0,0,3,0,71,170,0,0,0,0,0,0,0,0,0,0,28,0,0,0,6,2,65,1,2,1,1,0,0,1,12,1,1,4,6,1,0
32,320103,1,1,1,28,6,21,40,8,0,1,1,99,9,99,999,99999,99,9999,999999999999,9,9,9,9,9,9,9,9,9,9,9,9,0,,,,,,,,,,,,,,,,,,,,,,,,,0,0,000000000,00000000000,0,0,0,1,0,0,0,0,0,0,0,999,0,0,0,12,12,4,1,8,0,0,0,1,99,99999,9,9,99,0,9,9,999,999,99,99,99,99,99,99,9999,99,9999,9,99,99,99,99,5,6,30,1,1,2,1,0,0,1,80,1,1,1,13,0,0
32,320104,1,1,3,30,6,8,8,1,0,1,0,32,1,20,421,20421,15,2001,1GNEK13T81R1,1,G,N,E,K,1,3,T,8,1,R,1,0,P,CHEV,KTA,UT,1,17,5050,,0,1160,,G,,F,8,325,,,16R245,,,,,,0,0,000000000,00000000000,0,0,0,1,0,0,0,0,0,0,0,70,0,1,3,0,0,6,2,1,0,0,0,1,32,89408,6,1,0,0,3,0,65,150,0,0,0,0,0,0,0,0,0,0,28,0,0,0,3,2,65,1,1,2,1,0,0,6,12,1,1,4,6,1,0
32,320105,1,2,1,23,5,22,30,43,0,1,0,32,2,98,701,98701,88,2009,LCETDKP68960,L,C,E,T,D,K,P,6,8,9,6,0,0,U,,,,9,17,,,,,,,,,,,,,,,,,,,0,0,000000000,00000000000,0,0,0,1,0,0,0,0,0,0,0,40,0,0,0,12,12,6,2,12,0,0,0,1,32,89108,6,1,6,0,3,1,76,220,0,0,0,1,0,8,2008,8,2008,0,28,0,0,0,2,3,45,1,1,2,1,0,0,1,10,1,1,4,6,1,0
32,320105,2,2,2,23,5,22,30,43,0,1,0,32,1,34,35,34035,4,1997,WBADD632XVBW,W,B,A,D,D,6,3,2,X,V,B,W,0,P,BMW,52A,4D,97,17,3505,,0,1114,,G,,F,6,170,,,15R225,,,,,,0,0,000000000,00000000000,0,0,0,1,0,0,0,0,0,0,0,46,0,0,0,12,12,4,3,12,0,0,0,1,32,89117,6,1,0,0,3,0,69,155,0,0,0,0,0,0,0,0,0,0,0,0,0,0,2,3,45,1,1,2,1,0,0,1,64,7,1,2,98,0,0
32,320106,1,5,2,2,7,5,30,12,1,1,0,6,3,85,881,85881,66,2008,1XKAD49X78R2,1,X,K,A,D,4,9,X,7,8,R,2,1,T,KW,T60,TR,8,17,,8,2600,1600,CON,D,,,6,915,,,,,00000,00,,64,1,57,000675926,57000675926,3,6,1,1,0,0,0,0,0,0,0,67,0,1,5,12,12,6,2,12,0,0,0,1,6,95210,6,1,6,1,3,0,70,180,1,0,0,0,2,11,2008,10,2010,1,0,0,0,0,2,2,75,1,1,2,1,0,0,1,50,1,1,1,20,1,0
32,320106,2,5,1,2,7,5,30,12,1,1,0,32,4,84,881,84881,62,2008,1HTJTSKMX8H5,1,H,T,J,T,S,K,M,X,8,H,5,0,T,INTL,430,CC,8,17,,6,0,0,40S,D,,,8,390,,,,,00000,00,,42,0,57,000198130,57000198130,2,1,3,1,0,0,0,0,0,0,0,0,0,0,0,6,6,6,2,12,0,0,0,1,32,89801,6,1,0,0,3,0,72,185,0,0,0,0,0,0,0,0,0,0,0,0,0,0,2,2,75,1,1,2,1,0,0,5,53,1,1,1,21,0,0
32,320106,3,5,1,2,7,5,30,12,1,1,0,32,2,2,404,2404,14,1995,1J4FT27S0SL5,1,J,4,F,T,2,7,S,0,S,L,5,0,T,JEEP,CSE,2W,95,17,,1,0,1014,CHK,G,,,6,242,,,,,2787,00,M,42,0,0,000000000,00000000000,0,0,0,1,0,0,0,0,0,0,0,0,0,0,0,6,98,6,2,12,0,0,0,1,32,89801,6,1,0,0,3,0,60,110,0,1,0,0,0,11,2010,11,2010,0,0,0,0,0,2,2,75,1,1,2,1,0,0,5,53,1,1,1,98,1,0
32,320106,4,5,1,2,7,5,30,12,1,1,0,16,3,85,881,85881,66,2010,1XKAD49X1AJ2,1,X,K,A,D,4,9,X,1,A,J,2,2,T,KW,T60,TR,10,17,,8,2600,1600,CON,D,,,6,915,,,,,00000,00,,64,1,57,000062453,57000062453,3,7,2,1,0,0,0,0,0,0,0,0,0,0,0,6,6,6,2,12,0,0,0,1,16,83355,6,1,6,1,3,0,72,290,1,0,0,0,1,5,2011,5,2011,0,0,0,0,0,2,2,75,1,1,2,1,0,0,5,53,1,1,1,98,0,0
32,320106,5,5,4,2,7,5,30,12,1,1,0,16,2,7,422,7422,15,2004,1D4HB48D84F1,1,D,4,H,B,4,8,D,8,4,F,1,0,P,DODG,DUR,UT,4,17,4958,,0,1192,,G,,F,8,345,,,17R245,,,,,,0,0,000000000,00000000000,0,0,0,1,0,0,0,0,0,0,0,0,0,0,0,5,5,2,1,54,0,0,0,1,16,83338,6,1,0,0,3,1,67,195,0,0,0,0,0,0,0,0,0,0,0,0,0,0,2,2,75,1,1,2,1,0,0,5,53,1,1,1,98,0,0
32,320107,1,1,1,3,7,16,35,38,0,1,0,32,2,22,20,22020,2,1988,1G2WK14W4JF2,1,G,2,W,K,1,4,W,4,J,F,2,0,P,PONT,GFL,CP,88,17,3056,,0,1075,,G,,F,6,173,,,14R195,,,,,,0,0,000000000,00000000000,0,0,0,1,0,0,0,0,0,0,0,75,0,1,5,12,98,6,2,1,0,0,0,1,32,89445,6,1,6,0,3,0,73,165,0,0,0,0,0,0,0,0,0,1,28,58,0,0,1,2,35,1,1,4,1,0,0,1,6,6,2,4,7,1,1
32,320108,1,1,2,5,7,2,24,39,0,1,0,32,2,14,4,14004,2,1993,1MEPM6246PH6,1,M,E,P,M,6,2,4,6,P,H,6,0,P,MERC,XR7,2D,93,17,3800,,0,1130,,G,,F,6,232,,,16R225,,,,,,0,0,000000000,00000000000,0,0,0,1,0,0,0,0,0,0,0,998,0,1,5,82,98,6,2,39,0,0,0,1,32,89434,6,1,0,0,3,0,61,130,0,0,0,0,0,0,0,0,0,0,28,0,0,0,4,2,40,2,1,2,1,0,0,14,13,1,1,4,1,1,1
32,320109,1,2,1,7,7,5,2,12,6,1,0,92,0,98,703,98703,83,2007,LUAHYKC02710,L,U,A,H,Y,K,C,0,2,7,1,0,0,U,,,,7,17,,,,,,,,,,,,,,,,,,,0,0,000000000,00000000000,0,0,0,1,0,0,0,0,0,0,0,53,0,0,0,12,98,6,2,12,0,0,0,1,32,89060,0,0,0,0,0,0,53,80,0,0,0,0,0,0,0,0,0,1,39,0,0,0,1,2,25,1,1,2,1,20,3,1,17,1,1,1,86,1,0
32,320109,2,2,2,7,7,5,2,12,6,1,0,32,1,7,880,7880,67,2001,1B7MF33741J5,1,B,7,M,F,3,3,7,4,1,J,5,0,T,DODG,Q35,4C,1,17,,3,0,1547,RPC,D,,,6,359,,,,D,6108,00,U,44,0,88,888888888,88888888888,2,1,97,1,0,0,0,0,0,0,0,27,0,0,0,3,3,4,1,12,0,0,0,1,32,89041,6,1,0,0,3,0,70,200,0,0,0,1,0,10,2010,10,2010,0,0,0,0,0,1,2,30,1,1,2,1,0,0,1,66,1,1,1,87,0,0
32,320110,1,2,1,7,7,7,10,12,6,1,0,32,1,41,35,41035,4,2000,JM1BJ2221Y02,J,M,1,B,J,2,2,2,1,Y,0,2,0,P,MAZD,PDL,4D,0,17,2434,,0,1028,,G,,F,4,097,,,14R185,,,,,,0,0,000000000,00000000000,0,0,0,1,0,0,0,0,0,0,0,998,0,0,0,9,9,6,2,12,0,0,0,1,32,89101,6,1,0,0,3,0,63,110,0,0,0,0,0,0,0,0,0,0,38,0,0,0,1,4,35,1,1,2,1,20,3,11,15,1,1,1,82,1,0
32,320110,2,2,4,7,7,7,10,12,6,1,0,32,3,12,461,12461,21,2007,1FBSS31L67DA,1,F,B,S,S,3,1,L,6,7,D,A,0,T,FORD,WSD,ES,7,17,,2,0,1380,ECO,G,,,8,330,,,,D,6231,00,K,42,0,0,000000000,00000000000,0,0,0,1,0,0,0,0,0,1,0,998,0,0,0,12,12,4,3,12,0,0,0,1,32,89142,6,1,6,1,3,1,72,200,1,1,0,2,0,9,2009,4,2010,0,0,0,0,0,1,4,35,1,1,2,1,0,0,1,72,2,1,1,83,0,0
32,320111,1,1,1,9,7,12,30,8,0,1,0,32,1,20,23,20023,6,2008,3GNCA13DX8S7,3,G,N,C,A,1,3,D,X,8,S,7,0,P,CHEV,HHR,UT,8,17,3155,,0,1035,,G,,F,4,134,,,16R215,,,,,,0,0,000000000,00000000000,0,0,0,1,0,0,0,0,0,0,0,37,0,0,0,12,12,4,1,8,0,0,0,1,32,89108,6,1,0,0,3,0,67,150,0,0,0,0,0,0,0,0,0,0,0,0,0,0,3,3,45,1,2,2,1,0,0,1,80,1,1,1,13,0,0
32,320112,1,2,1,13,7,11,21,12,6,1,0,32,1,3,431,3431,16,2006,5GTDN1360683,5,G,T,D,N,1,3,6,0,6,8,3,0,T,HUMM,HH3,4W,6,17,,1,0,1119,HUM,G,,,5,214,,,,,4700,00,R,44,0,0,000000000,00000000000,0,0,0,1,0,0,0,0,0,0,0,3,0,0,0,10,62,4,3,12,0,0,0,1,32,89460,6,1,0,0,3,0,65,155,0,0,0,0,0,0,0,0,0,0,38,0,0,0,1,2,45,1,1,2,1,20,3,1,17,1,1,1,89,0,0
32,320112,2,2,1,13,7,11,21,12,6,1,0,32,1,37,705,37705,80,2000,JH2RE0116YK1,J,H,2,R,E,0,1,1,6,Y,K,1,0,M,HOND,X6R,T,0,17,,,,,,,649,,1,,4,277,,,,,,,0,0,000000000,00000000000,0,0,0,1,0,0,0,0,0,0,0,57,0,0,0,12,12,6,2,12,0,0,0,1,32,89460,6,1,0,0,3,0,75,280,0,0,0,0,0,0,0,0,0,0,0,0,0,0,1,2,55,1,1,2,1,0,0,1,66,3,2,1,88,1,1
32,320113,1,1,1,14,7,0,0,1,0,1,0,32,1,72,706,72706,80,2009,1HD1GM4199K3,1,H,D,1,G,M,4,1,9,9,K,3,0,M,HD,FXD,RS,9,17,,,,,,,1584,,2,,4,676,,,,,,,0,0,000000000,00000000000,0,0,0,1,0,0,0,0,0,0,0,37,0,0,0,0,0,6,2,1,0,0,0,1,32,89061,6,1,0,0,3,0,75,250,0,0,0,0,0,0,0,0,0,0,28,0,0,0,1,2,25,3,2,2,1,0,0,14,13,1,1,4,1,1,1
32,320114,1,1,1,14,7,5,11,8,0,1,0,32,1,12,481,12481,31,2001,1FTNX21F61EA,1,F,T,N,X,2,1,F,6,1,E,A,0,T,FORD,F2S,4C,1,17,,2,1580,1418,SRW,D,,,8,444,,,,C,5635,07,U,44,0,0,000000000,00000000000,0,0,0,1,0,0,0,0,0,0,0,998,0,0,0,12,12,4,3,8,0,0,0,1,32,89121,6,1,0,0,3,1,76,280,0,0,0,0,0,0,0,0,0,0,0,0,0,0,2,3,45,1,2,2,1,0,0,1,80,1,1,1,13,0,0
32,320115,1,1,8,14,7,17,32,1,0,1,0,32,1,12,401,12401,14,2003,1FMZU73K33ZA,1,F,M,Z,U,7,3,K,3,3,Z,A,0,P,FORD,EPR,UT,3,17,4094,,0,1137,,F,,F,6,245,,,16R235,,,,,,0,0,000000000,00000000000,0,0,0,1,0,0,0,0,0,0,0,63,0,1,1,0,0,6,2,1,0,0,0,1,48,78741,0,0,0,0,0,0,60,146,0,0,0,0,0,0,0,0,0,0,58,0,0,0,3,2,65,1,1,2,1,0,0,1,13,6,1,6,98,1,0
32,320116,1,1,1,15,7,8,20,24,0,1,0,32,2,37,705,37705,80,2001,JH2RC44611K5,J,H,2,R,C,4,4,6,1,1,K,5,0,M,HOND,V7D,RS,1,17,,,,,,,745,,2,,4,505,,,,,,,0,0,000000000,00000000000,0,0,0,1,0,0,0,0,0,0,0,68,0,0,0,12,81,6,2,24,0,0,0,1,32,89431,6,1,0,0,2,2,63,150,0,0,0,1,0,5,2010,5,2010,0,28,74,0,0,3,2,70,2,1,2,1,0,0,14,12,1,1,4,6,1,0