STATE,ST_CASE,VEH_NO,VE_FORMS,NUMOCCS,DAY,MONTH,HOUR,MINUTE,HARM_EV,MAN_COLL,UNITTYPE,HIT_RUN,REG_STAT,OWNER,MAKE,MODEL,MAK_MOD,BODY_TYP,MOD_YEAR,VIN,VIN_1,VIN_2,VIN_3,VIN_4,VIN_5,VIN_6,VIN_7,VIN_8,VIN_9,VIN_10,VIN_11,VIN_12,TOW_VEH,VINTYPE,VINMAKE,VINA_MOD,VIN_BT,VINMODYR,VIN_LNGT,VIN_WGT,WGTCD_TR,WHLBS_LG,WHLBS_SH,SER_TR,FUELCODE,MCYCL_DS,CARBUR,CYLINDER,DISPLACE,MCYCL_CY,MCYCL_WT,TIRE_SZE,TON_RAT,TRK_WT,TRKWTVAR,VIN_REST,WHLDRWHL,J_KNIFE,MCARR_I1,MCARR_I2,MCARR_ID,GVWR,V_CONFIG,CARGO_BT,HAZ_INV,HAZ_PLAC,HAZ_ID,HAZ_CNO,HAZ_REL,BUS_USE,SPEC_USE,EMER_USE,TRAV_SP,UNDERIDE,ROLLOVER,ROLINLOC,IMPACT1,IMPACT2,DEFORMED,TOWED,M_HARM,VEH_SC1,VEH_SC2,FIRE_EXP,DR_PRES,L_STATE,DR_ZIP,L_STATUS,L_TYPE,CDL_STAT,L_ENDORS,L_COMPL,L_RESTRI,DR_HGT,DR_WGT,PREV_ACC,PREV_SUS,PREV_DWI,PREV_SPD,PREV_OTH,FIRST_MO,FIRST_YR,LAST_MO,LAST_YR,SPEEDREL,DR_SF1,DR_SF2,DR_SF3,DR_SF4,VTRAFWAY,VNUM_LAN,VSPD_LIM,VALIGN,VPROFILE,VPAVETYP,VSURCOND,VTRAFCON,VTCONT_F,P_CRASH1,P_CRASH2,P_CRASH3,PCRASH4,PCRASH5,ACC_TYPE,DEATHS,DR_DRINK
32,320179,2,2,1,19,10,16,40,12,6,1,0,32,1,3,402,3402,14,2006,5GTDN1361681,5,G,T,D,N,1,3,6,1,6,8,1,0,T,HUMM,HH3,4W,6,17,,1,0,1119,HUM,G,,,5,214,,,,,4700,00,R,44,0,0,000000000,00000000000,0,0,0,1,0,0,0,0,0,0,0,14,0,0,0,3,3,4,3,12,0,0,0,1,32,89107,6,1,6,0,3,3,71,165,0,0,0,0,0,0,0,0,0,0,0,0,0,0,5,4,35,1,1,2,1,0,0,11,66,1,1,1,68,0,0
32,320180,1,2,1,20,10,10,0,12,6,1,0,32,2,42,42,42042,4,2003,WDBRF61J53A5,W,D,B,R,F,6,1,J,5,3,A,5,0,P,MERZ,C24,4D,3,17,3210,,0,1068,,F,,F,6,158,,,16R205,,,,,,0,0,000000000,00000000000,0,0,0,1,0,0,0,0,0,0,0,998,0,0,0,9,9,4,3,12,0,0,0,1,32,89110,6,1,0,0,3,3,62,120,0,0,0,0,0,0,0,0,0,0,38,0,0,0,2,4,45,1,1,2,1,20,3,1,17,1,1,1,89,0,0
32,320180,2,2,1,20,10,10,0,12,6,1,0,32,1,74,709,74709,80,2001,ZGUKDBKD71M1,Z,G,U,K,D,B,K,D,7,1,M,1,0,M,MOGU,,,1,17,,,,,,,,,,,,,,,,,,,0,0,000000000,00000000000,0,0,0,1,0,0,0,0,0,0,0,998,0,0,0,12,12,4,3,12,0,0,0,1,32,89135,6,1,0,0,3,3,74,220,0,0,0,0,0,0,0,0,0,0,0,0,0,0,2,4,45,1,1,2,1,0,0,1,66,3,2,1,88,1,0
32,320181,1,1,1,21,10,18,46,8,0,1,0,32,1,37,32,37032,4,2007,1HGCM56797A0,1,H,G,C,M,5,6,7,9,7,A,0,0,P,HOND,UEX,4D,7,17,3228,,0,1079,,G,,F,4,146,,,16R205,,,,,,0,0,000000000,00000000000,0,0,0,1,0,0,0,0,0,0,0,37,0,0,0,12,12,2,3,8,0,0,0,1,32,89052,6,1,0,0,3,3,62,158,0,0,0,0,0,0,0,0,0,0,38,0,0,0,2,4,35,1,1,2,1,0,0,6,80,1,1,1,13,0,0
32,320182,1,1,3,23,10,22,8,18,0,1,0,32,2,49,404,49404,14,2008,JTEBU11F08K0,J,T,E,B,U,1,1,F,0,8,K,0,0,P,TOYT,FJC,UT,8,17,4290,,0,1059,,G,,F,6,244,,,17R265,,,,,,0,0,000000000,00000000000,0,0,0,1,0,0,0,0,0,0,0,80,0,1,5,9,98,6,2,1,0,0,0,1,32,89134,6,1,0,0,3,0,70,150,0,1,0,1,1,8,2009,7,2011,1,27,58,0,0,3,3,55,1,2,2,1,0,0,15,80,6,3,4,3,1,0
32,320183,1,2,3,22,10,17,38,8,0,1,0,32,2,49,40,49040,4,1996,JT2BG12K5T03,J,T,2,B,G,1,2,K,5,T,0,3,0,P,TOYT,DLX,4D,96,17,2932,,0,1031,,G,,F,4,132,,,14R195,,,,,,0,0,000000000,00000000000,0,0,0,1,0,0,0,0,0,0,0,10,0,0,0,1,1,2,3,8,0,0,0,1,32,89506,6,1,0,0,3,3,66,115,0,2,1,0,0,8,2010,7,2011,0,38,0,0,0,3,2,25,1,1,2,1,2,3,11,80,1,1,1,13,0,0
32,320183,2,2,2,22,10,17,38,8,0,1,0,32,1,24,1,24001,4,1998,1G8ZF5289WZ2,1,G,8,Z,F,5,2,8,9,W,Z,2,0,P,STRN,SSL,4D,98,17,2326,,0,1024,,G,,F,4,116,,,14R175,,,,,,0,0,000000000,00000000000,0,0,0,1,0,0,0,0,0,0,0,10,0,0,0,14,14,0,1,8,0,0,0,1,32,89408,6,1,0,0,3,3,69,200,0,0,0,0,0,0,0,0,0,0,0,0,0,0,3,2,25,1,1,2,1,2,3,11,80,1,1,1,98,0,0
32,320184,1,1,1,29,10,20,52,8,0,1,0,32,2,35,471,35471,30,1988,1N6HD11Y7JC3,1,N,6,H,D,1,1,Y,7,J,C,3,0,T,NISS,U4S,PK,88,17,,1,0,1014,D21,G,,,6,181,,,,,3349,02,A,44,0,0,000000000,00000000000,0,0,0,1,0,0,0,0,0,0,0,40,0,0,0,11,11,2,3,8,0,0,0,1,32,89434,6,1,0,0,3,0,72,230,0,0,0,0,0,0,0,0,0,0,0,0,0,0,2,4,40,1,1,2,1,0,0,1,80,1,1,1,13,0,1
32,320185,1,1,1,29,10,22,9,8,0,1,0,32,1,42,401,42401,14,1998,4JGAB54E5WA0,4,J,G,A,B,5,4,E,5,W,A,0,0,P,MERZ,ML3,UT,98,17,4210,,0,1110,,G,,F,6,195,,,16R255,,,,,,0,0,000000000,00000000000,0,0,0,1,0,0,0,0,0,0,0,35,0,0,0,12,12,4,3,8,0,0,0,1,32,89011,6,1,0,0,3,3,66,155,0,0,0,0,0,0,0,0,0,0,0,0,0,0,1,4,35,1,1,2,1,0,0,1,80,7,1,1,13,0,1
32,320186,1,2,2,31,10,20,20,12,2,1,0,32,2,2,404,2404,14,1998,1J4GZ58S7WC1,1,J,4,G,Z,5,8,S,7,W,C,1,0,T,JEEP,LRT,4W,98,17,,1,0,1059,GCK,G,,,6,242,,,,,3708,01,E,44,0,0,000000000,00000000000,0,0,0,1,0,0,0,0,0,0,0,15,0,0,0,12,12,4,3,12,0,0,0,1,32,89060,6,1,6,0,3,0,68,223,0,0,0,0,0,0,0,0,0,0,38,0,0,0,2,4,45,1,1,2,1,3,3,11,15,1,1,1,68,0,0
32,320186,2,2,2,31,10,20,20,12,2,1,0,32,1,72,706,72706,80,2008,1HD1JL5158Y0,1,H,D,1,J,L,5,1,5,8,Y,0,0,M,HD,XTC,RS,8,17,,,,,,,1584,,2,,4,703,,,,,,,0,0,000000000,00000000000,0,0,0,1,0,0,0,0,0,0,0,43,0,0,0,12,98,6,2,12,0,0,0,1,32,89074,6,1,0,0,3,0,67,150,0,0,0,0,0,0,0,0,0,0,0,0,0,0,2,4,45,1,1,2,1,3,3,1,62,1,1,1,69,1,1
32,320187,1,1,1,4,11,9,24,15,0,1,0,32,1,20,481,20481,31,2005,1GCEK19ZX5Z1,1,G,C,E,K,1,9,Z,X,5,Z,1,0,T,CHEV,SK1,4C,5,17,,2,1575,1435,SIL,F,,,8,325,,,,B,4661,00,,44,0,0,000000000,00000000000,0,0,0,1,0,0,0,0,0,0,0,998,0,0,0,12,12,2,1,15,0,0,0,1,32,89147,6,1,0,0,3,0,75,210,0,0,0,0,0,0,0,0,0,0,0,0,0,0,2,4,35,1,1,2,1,3,3,10,80,1,1,1,13,0,0
32,320188,1,2,1,4,11,12,40,12,6,1,0,32,3,84,881,84881,63,2009,1HTWYAHT79J1,1,H,T,W,Y,A,H,T,7,9,J,1,0,T,INTL,760,CC,9,17,,8,0,0,70S,D,,,6,661,,,,,00000,00,,64,0,32,000000895,32000000895,3,1,97,1,0,0,0,0,0,0,0,998,0,0,0,12,12,2,3,12,39,0,0,1,32,89131,6,1,6,1,3,1,69,170,0,0,0,0,0,0,0,0,0,0,39,0,0,0,2,3,45,1,2,2,1,3,3,1,17,1,1,1,88,0,0
32,320188,2,2,3,4,11,12,40,12,6,1,0,22,1,7,25,7025,5,2007,1B3HB28B17D2,1,B,3,H,B,2,8,B,1,7,D,2,0,P,DODG,CLB,4D,7,17,3000,,0,1037,,G,,F,4,122,,,15R205,,,,,,0,0,000000000,00000000000,0,0,0,1,0,0,0,0,0,0,0,998,0,0,0,9,98,6,2,12,0,0,0,1,48,89115,6,1,0,0,3,0,999,114,0,0,0,0,0,0,0,0,0,0,0,0,0,0,2,3,35,1,1,2,1,3,3,1,66,1,1,1,89,1,0
32,320189,1,1,4,22,9,20,14,8,0,1,0,32,1,2,1,2001,6,2007,1J8FF47W17D5,1,J,8,F,F,4,7,W,1,7,D,5,0,T,JEEP,CMP,4W,7,17,,1,0,1037,CMP,G,,,4,144,,,,,3141,02,L,44,0,0,000000000,00000000000,0,0,0,1,0,0,0,0,0,0,0,998,0,0,0,11,11,4,1,8,0,0,0,1,32,89015,6,1,0,0,3,3,63,120,0,0,0,0,1,2,2009,2,2009,0,0,0,0,0,5,4,35,1,2,2,1,0,0,1,80,7,1,1,13,0,0
32,320190,1,1,1,31,10,20,22,8,0,1,0,32,1,41,49,41049,4,2009,JM1FE17P8904,J,M,1,F,E,1,7,P,8,9,0,4,0,P,MAZD,RX8,C4,9,17,3064,,0,1064,,G,,F,R,080,,,18R225,,,,,,0,0,000000000,00000000000,0,0,0,1,0,0,0,0,0,0,0,45,0,0,0,12,12,4,3,8,0,0,0,1,32,89135,6,1,0,0,3,0,73,215,0,0,0,1,0,11,2009,11,2009,1,36,0,0,0,5,2,25,2,1,2,1,0,0,14,80,1,1,1,13,0,1
32,320191,1,1,1,1,11,19,13,8,0,1,0,32,1,12,17,12017,4,2003,1FAFP55253A1,1,F,A,F,P,5,5,2,5,3,A,1,0,P,FORD,TSS,4D,3,17,3329,,0,1085,,F,,F,6,182,,,16R215,,,,,,0,0,000000000,00000000000,0,0,0,1,0,0,0,0,0,0,0,45,0,0,0,12,12,2,3,8,0,0,0,1,32,89156,6,1,0,0,3,0,62,160,0,0,0,0,0,0,0,0,0,0,0,0,0,0,2,2,40,1,1,2,1,3,3,1,80,1,1,1,13,0,0
32,320192,1,1,1,5,11,99,99,1,0,1,0,32,2,12,481,12481,31,1986,1FTHF26L0GPB,1,F,T,H,F,2,6,L,0,G,P,B,0,T,FORD,F25,PK,86,17,,2,0,1330,COF,G,,,8,460,,,,C,00000,00,A,44,0,0,000000000,00000000000,0,0,0,1,0,0,0,0,0,0,0,7,0,1,2,0,99,6,2,1,0,0,0,1,32,89410,6,1,0,0,3,1,60,135,0,0,0,0,0,0,0,0,0,0,0,0,0,0,4,1,25,1,2,5,1,0,0,1,13,1,1,4,1,1,1
32,320193,1,1,1,24,6,11,21,10,0,1,0,32,3,87,881,87881,66,2008,1XPTD4EX38D7,1,X,P,T,D,4,E,X,3,8,D,7,2,T,PTRB,367,TR,8,17,,8,0,0,CON,D,,,6,915,,,,,00000,00,,64,1,32,000159572,32000159572,3,7,4,1,0,0,0,0,0,0,0,70,0,0,0,12,98,6,2,10,0,0,0,1,32,89445,6,1,6,1,3,1,69,200,0,2,0,4,1,10,2008,3,2010,0,38,0,0,0,1,2,70,1,1,2,1,65,3,1,90,3,2,1,15,1,0
32,320194,1,2,1,6,11,7,21,12,6,1,0,32,2,12,23,12023,4,2006,3FAFP08126R1,3,F,A,F,P,0,8,1,2,6,R,1,0,P,FORD,F/L,4D,6,17,3101,,0,1074,,G,,F,6,183,,,17R225,,,,,,0,0,000000000,00000000000,0,0,0,1,0,0,0,0,0,0,0,80,0,1,5,12,12,6,2,12,0,0,0,1,16,89131,1,1,0,0,2,0,71,185,0,1,0,0,0,9,2011,9,2011,1,36,39,0,0,1,4,35,1,1,2,1,3,3,1,17,1,1,1,86,0,0
32,320194,2,2,2,6,11,7,21,12,6,1,0,32,1,7,43,7043,4,1996,1B3EJ46CXTN1,1,B,3,E,J,4,6,C,X,T,N,1,0,P,DODG,STR,4D,96,17,2859,,0,1080,,G,,F,4,122,,,14R195,,,,,,0,0,000000000,00000000000,0,0,0,1,0,0,0,0,0,0,0,21,0,1,5,3,81,6,2,12,0,0,0,1,32,89119,6,1,0,0,3,3,70,190,0,0,0,0,0,0,0,0,0,0,0,0,0,0,2,6,30,1,1,2,1,3,3,1,66,1,1,1,87,2,0
32,320195,1,2,4,6,11,18,41,54,11,1,0,32,1,7,482,7482,31,2008,3D7KS29A28G1,3,D,7,K,S,2,9,A,2,8,G,1,1,T,DODG,ME2,CW,8,17,,2,0,1605,RPC,D,,,6,408,,,,C,6473,00,E,44,1,0,000000000,00000000000,0,0,0,1,0,0,0,0,0,0,0,53,0,0,0,18,18,0,3,54,0,0,0,1,32,89410,6,1,0,0,3,0,69,170,0,0,0,0,0,0,0,0,0,0,22,0,0,0,1,2,55,1,1,2,1,0,0,1,98,1,1,2,98,0,1
32,320195,2,2,1,6,11,18,41,54,11,1,0,32,1,49,48,49048,5,2006,JTKKT6249601,J,T,K,K,T,6,2,4,9,6,0,1,0,P,TOYT,SXA,4H,6,17,2340,,0,933,,G,,F,4,092,,,15R185,,,,,,0,0,000000000,00000000000,0,0,0,1,0,0,0,0,0,0,0,53,0,0,0,12,12,6,2,54,0,0,0,1,32,89444,6,1,0,0,3,0,60,92,0,0,0,0,0,0,0,0,0,0,0,0,0,0,1,2,55,1,1,2,1,0,0,1,62,1,1,1,98,1,0
32,320196,1,1,4,7,11,21,12,42,0,1,0,32,2,12,481,12481,31,2001,3FTNX21S31MA,3,F,T,N,X,2,1,S,3,1,M,A,0,T,FORD,F2S,4C,1,17,,2,1580,1418,SRW,G,,,10,415,,,,C,5635,07,U,44,0,0,000000000,00000000000,0,0,0,1,0,0,0,0,0,0,0,49,0,0,0,9,9,6,2,42,0,0,0,1,32,89511,6,1,0,0,3,0,70,115,0,0,0,0,0,0,0,0,0,1,58,0,0,0,1,2,25,3,2,2,4,0,0,14,6,6,2,4,2,1,1
32,320197,1,2,1,7,11,22,35,12,2,1,0,25,2,12,13,12013,4,1999,1FAFP10P6XW2,1,F,A,F,P,1,0,P,6,X,W,2,0,P,FORD,LXE,4D,99,17,2468,,0,984,,G,,F,4,122,,,14R185,,,,,,0,0,000000000,00000000000,0,0,0,1,0,0,0,0,0,0,0,10,0,0,0,12,12,6,2,12,0,0,0,1,25,2745,6,1,0,0,3,1,72,999,0,0,0,0,0,0,0,0,0,0,51,53,0,0,2,4,75,1,1,2,1,0,0,1,54,1,1,1,62,1,0
32,320197,2,2,1,7,11,22,35,12,2,1,0,6,1,49,40,49040,4,1998,4T1BG28K0WU2,4,T,1,B,G,2,8,K,0,W,U,2,0,P,TOYT,CXL,4D,98,17,2998,,0,1051,,G,,F,4,132,,,14R195,,,,,,0,0,000000000,00000000000,0,0,0,1,0,0,0,0,0,0,0,73,0,0,0,12,12,6,2,12,0,0,0,1,6,91776,6,1,0,0,3,0,65,121,0,0,0,0,0,0,0,0,0,0,0,0,0,0,2,4,75,1,1,2,1,0,0,1,54,1,1,1,62,0,0
32,320198,1,4,1,11,11,17,45,12,2,1,0,32,2,49,32,49032,4,1998,1NXBR12E0WZ0,1,N,X,B,R,1,2,E,0,W,Z,0,0,P,TOYT,UVL,4D,98,17,2414,,0,970,,G,,F,4,109,,,14R175,,,,,,0,0,000000000,00000000000,0,0,0,1,0,0,0,0,0,0,0,998,0,0,0,12,12,6,2,12,0,0,0,1,32,89128,6,1,0,0,3,3,61,240,0,0,0,0,0,0,0,0,0,0,28,0,0,0,2,6,45,1,1,2,1,0,0,1,10,1,1,2,50,1,0
32,320198,2,4,1,11,11,17,45,12,2,1,0,32,1,49,43,49043,4,1998,4T1BF18B0WU2,4,T,1,B,F,1,8,B,0,W,U,2,0,P,TOYT,UVS,4D,98,17,3340,,0,1071,,G,,F,6,183,,,15R205,,,,,,0,0,000000000,00000000000,0,0,0,1,0,0,0,0,0,0,0,0,0,0,0,12,12,6,2,12,0,0,0,1,32,89144,6,1,0,0,3,0,64,150,0,0,0,0,0,0,0,0,0,0,0,0,0,0,2,6,45,1,1,2,1,0,0,5,62,1,1,1,51,0,0
32,320198,3,4,1,11,11,17,45,12,2,1,0,32,2,12,481,12481,31,1999,1FTRX17L7XKB,1,F,T,R,X,1,7,L,7,X,K,B,0,T,FORD,F15,4C,99,17,,2,1571,1385,COF,G,,,8,330,,,,B,00000,00,U,42,0,0,000000000,00000000000,0,0,0,1,0,0,0,0,0,0,0,998,0,0,0,12,12,2,1,12,0,0,0,1,32,89081,6,1,0,0,3,3,72,230,0,0,0,2,0,6,2010,2,2011,0,0,0,0,0,2,6,45,1,1,2,1,0,0,11,62,1,1,1,98,0,0
32,320198,4,4,1,11,11,17,45,12,2,1,0,32,2,20,482,20482,31,2005,3GNEC12Z65G1,3,G,N,E,C,1,2,Z,6,5,G,1,0,T,CHEV,CAV,CW,5,17,,2,0,1300,AVL,F,,,8,323,,,,B,5437,00,,42,0,0,000000000,00000000000,0,0,0,1,0,0,0,0,0,0,0,998,0,0,0,12,12,4,3,12,0,0,0,1,6,92557,1,1,0,0,2,0,65,175,0,0,0,0,0,0,0,0,0,0,0,0,0,0,2,6,45,1,1,2,1,0,0,1,60,1,1,1,98,0,0
32,320199,1,1,2,12,11,2,24,25,0,1,0,32,2,7,442,7442,20,2005,2D4GP44L65R3,2,D,4,G,P,4,4,L,6,5,R,3,0,T,DODG,GSX,ES,5,17,,1,0,1193,CAR,G,,,6,230,,,,,4222,00,E,42,0,0,000000000,00000000000,0,0,0,1,0,0,0,0,0,0,0,77,0,0,0,12,12,6,2,25,0,0,0,1,39,89030,2,1,0,0,2,0,75,315,0,0,0,0,0,0,0,0,0,1,58,0,0,0,3,4,65,1,2,1,1,0,0,1,13,6,4,4,7,1,1
32,320200,1,1,4,19,11,3,44,1,0,1,0,49,2,23,431,23431,16,2002,1GKEK63UX2J1,1,G,K,E,K,6,3,U,X,2,J,1,0,T,GMC,DEN,4W,2,17,,2,0,1160,DEN,G,,,8,364,,,,B,5609,00,K,44,0,0,000000000,00000000000,0,0,0,1,0,0,0,0,0,0,0,57,0,1,5,0,0,6,2,1,0,0,0,1,49,84118,6,1,0,0,3,1,66,204,98,0,0,0,0,0,0,0,0,1,87,0,0,0,2,2,65,2,1,2,4,0,0,14,6,4,3,4,2,1,0
32,320201,1,1,3,23,11,7,25,1,0,1,0,6,2,2,404,2404,14,1999,1J4GW68N0XC7,1,J,4,G,W,6,8,N,0,X,C,7,0,T,JEEP,LMT,4W,99,17,,1,0,1059,GCK,G,,,8,287,,,,,3809,00,E,44,0,0,000000000,00000000000,0,0,0,1,0,0,0,0,0,0,0,998,0,1,1,0,0,6,2,1,0,0,0,1,6,94523,6,1,0,0,3,0,73,160,1,0,0,0,0,6,2009,6,2009,0,58,0,0,0,2,2,65,1,2,2,1,0,0,1,12,7,3,6,98,1,1
32,320202,1,1,2,24,11,15,45,31,0,1,0,49,1,49,482,49482,31,2003,5TBBT44123S4,5,T,B,B,T,4,4,1,2,3,S,4,0,T,TOYT,TT5,4C,3,17,,2,0,1283,TUN,G,,,8,285,,,,B,4320,00,U,44,0,0,000000000,00000000000,0,0,0,1,0,0,0,0,0,0,0,82,0,1,5,12,12,6,2,1,0,0,0,1,49,84044,4,1,0,0,2,0,66,175,98,0,0,0,0,0,0,0,0,1,58,0,0,0,1,2,70,1,1,2,1,0,0,1,13,1,1,4,1,1,0
32,320203,1,1,3,27,11,4,0,1,0,1,0,49,2,20,421,20421,15,2004,1GNEC13Z84R2,1,G,N,E,C,1,3,Z,8,4,R,2,0,P,CHEV,CTA,UT,4,17,4828,,0,1160,,F,,F,8,325,,,16R265,,,,,,0,0,000000000,00000000000,0,0,0,1,0,0,0,0,0,0,0,73,0,1,3,0,0,6,2,1,0,0,0,1,49,84043,6,1,0,0,3,0,999,999,99,99,99,99,99,99,9999,99,9999,0,58,0,0,0,2,2,75,1,1,2,1,0,0,1,12,1,1,4,6,1,0
32,320204,1,2,1,19,11,5,45,12,6,1,0,32,2,34,34,34034,2,1993,WBABF3312PEF,W,B,A,B,F,3,3,1,2,P,E,F,0,P,BMW,3/3,CP,93,17,3087,,0,1063,,G,,F,6,152,,,15R205,,,,,,0,0,000000000,00000000000,0,0,0,1,0,0,0,0,0,0,0,75,0,0,0,3,81,6,2,12,0,0,0,1,32,89506,0,0,0,0,0,0,73,180,0,0,0,0,0,0,0,0,0,1,36,51,0,0,1,2,35,2,2,2,4,0,0,6,6,1,4,2,64,1,0
32,320204,2,2,1,19,11,5,45,12,6,1,0,32,1,23,401,23401,14,2003,1GKES16S0361,1,G,K,E,S,1,6,S,0,3,6,1,0,T,GMC,EXL,4W,3,17,,2,0,1290,ENV,G,,,6,256,,,,B,4417,00,E,42,0,0,000000000,00000000000,0,0,0,1,0,0,0,0,0,0,0,998,0,0,0,1,1,4,3,12,0,0,0,1,32,89506,6,1,0,0,3,0,63,130,0,0,0,0,1,2,2010,2,2010,0,0,0,0,0,1,2,35,2,2,2,4,0,0,14,62,6,1,1,65,0,0
32,320205,1,2,1,5,12,19,21,12,1,1,1,30,1,12,442,12442,20,1998,2FMZA514XWBC,2,F,M,Z,A,5,1,4,X,W,B,C,0,T,FORD,WWG,ES,98,17,,1,0,1207,WIN,G,,,6,232,,,,B,3762,02,F,42,0,0,000000000,00000000000,0,0,0,1,0,0,0,0,0,0,0,97,0,0,0,12,12,4,3,12,0,0,0,1,30,59758,6,1,0,0,3,0,70,210,98,0,0,1,1,11,2009,8,2011,1,36,0,0,0,2,2,75,1,1,2,1,0,0,1,51,1,1,1,24,0,0
32,320205,2,2,1,5,12,19,21,12,1,1,0,32,1,49,38,49038,2,1997,JT2AC52L2V02,J,T,2,A,C,5,2,L,2,V,0,2,0,P,TOYT,TCE,2D,97,17,2010,,0,937,,G,,F,4,091,,,14R175,,,,,,0,0,000000000,00000000000,0,0,0,1,0,0,0,0,0,0,0,67,0,1,5,6,98,6,2,1,0,0,0,1,32,89419,6,1,0,0,3,3,67,175,0,0,0,0,0,0,0,0,0,0,0,0,0,0,2,2,75,1,1,2,1,0,0,1,53,1,1,1,25,1,0
32,320206,1,1,1,11,12,15,2,39,0,1,0,32,2,53,705,53705,80,2004,JS1GN79A7421,J,S,1,G,N,7,9,A,7,4,2,1,0,M,SUZI,GX6,RC,4,17,,,,,,,600,,4,,4,458,,,,,,,0,0,000000000,00000000000,0,0,0,1,0,0,0,0,0,0,0,998,0,0,0,12,12,6,2,39,0,0,0,1,32,89030,1,1,0,0,2,3,77,160,0,0,0,0,0,0,0,0,0,1,28,0,0,0,1,2,25,2,1,2,1,0,0,14,12,3,2,4,7,1,1
32,320207,1,1,1,16,12,15,10,18,0,1,0,32,1,12,471,12471,30,2006,1FTYR44U06PA,1,F,T,Y,R,4,4,U,0,6,P,A,0,T,FORD,RNS,4C,6,17,,1,0,1260,RNG,G,,,6,183,,,,B,3179,00,U,42,0,0,000000000,00000000000,0,0,0,1,0,0,0,0,0,0,0,57,0,0,0,12,12,6,2,45,0,0,0,1,32,89108,6,1,0,0,3,0,74,185,0,0,0,0,0,0,0,0,0,0,39,0,0,0,3,3,55,1,1,2,1,40,3,1,10,1,1,4,11,1,0
32,320208,1,1,2,18,12,8,34,35,0,1,0,32,2,12,401,12401,14,1991,1FMDU34X8MUD,1,F,M,D,U,3,4,X,8,M,U,D,0,P,FORD,EPR,UT,91,17,0,,0,1120,,G,,F,6,245,,,15R225,,,,,,0,0,000000000,00000000000,0,0,0,1,0,0,0,0,0,0,0,49,0,1,4,9,98,6,2,1,0,0,0,1,32,89103,6,1,0,0,3,0,68,270,0,0,0,0,0,0,0,0,0,1,58,0,0,0,6,1,65,2,1,1,2,0,0,16,6,6,4,4,2,1,0
32,320209,1,1,1,19,12,14,57,33,0,1,0,32,1,76,706,76706,80,2011,JYARN27E1BA0,J,Y,A,R,N,2,7,E,1,B,A,0,0,M,YAMA,FZ8,RC,11,17,,,,,,,779,,4,,4,467,,,,,,,0,0,000000000,00000000000,0,0,0,1,0,0,0,0,0,0,0,998,0,0,0,14,12,4,3,1,0,0,0,1,32,89108,6,1,0,0,3,3,73,150,0,0,0,0,0,0,0,0,0,1,36,0,0,0,2,3,25,2,2,2,1,0,0,14,13,1,1,4,1,1,0
32,320210,1,1,8,24,12,8,10,31,0,1,0,32,1,37,441,37441,20,2001,2HKRL18691H5,2,H,K,R,L,1,8,6,9,1,H,5,0,P,HOND,UDY,SV,1,17,4288,,0,1181,,G,,F,6,212,,,16R215,,,,,,0,0,000000000,00000000000,0,0,0,1,0,0,0,0,0,0,0,79,0,1,6,9,98,6,2,1,0,0,0,1,32,89434,6,1,0,0,3,0,63,175,0,0,0,0,0,0,0,0,0,1,58,0,0,0,1,2,70,1,5,2,1,0,0,1,13,6,3,4,2,1,0
32,320211,1,2,1,26,12,15,7,12,2,1,0,30,1,12,481,12481,31,2002,3FTSW31F42MA,3,F,T,S,W,3,1,F,4,2,M,A,0,T,FORD,F3S,CW,2,17,,2,1724,1562,SRW,D,,,8,444,,,,D,6228,04,E,44,0,0,000000000,00000000000,0,0,0,1,0,0,0,0,0,0,0,75,0,0,0,12,12,6,2,12,0,0,0,1,38,58642,6,1,0,0,3,0,68,200,0,0,0,0,0,0,0,0,0,0,80,0,0,0,1,2,70,1,1,2,1,0,0,1,1,3,2,2,50,0,0
32,320211,2,2,3,26,12,15,7,12,2,1,0,32,2,49,422,49422,15,2001,5TDBT48A21S0,5,T,D,B,T,4,8,A,2,1,S,0,0,P,TOYT,SEQ,UT,1,17,5295,,0,1181,,G,,F,8,285,,,16R265,,,,,,0,0,000000000,00000000000,0,0,0,1,0,0,0,0,0,0,0,70,0,1,1,12,98,6,2,12,0,0,0,1,32,89506,6,1,0,0,3,0,66,200,0,0,0,0,0,0,0,0,0,0,0,0,0,0,1,2,70,1,1,2,1,0,0,1,62,1,1,1,51,3,0
32,320212,1,1,2,27,12,12,50,1,0,1,0,49,2,62,421,62421,15,2000,SALPF1547YA4,S,A,L,P,F,1,5,4,7,Y,A,4,0,T,LNDR,LSC,4W,0,17,,2,0,1081,RRV,G,,,8,241,,,,,4960,00,K,44,0,0,000000000,00000000000,0,0,0,1,0,0,0,0,0,0,0,75,0,1,5,0,0,6,2,1,0,0,0,1,49,84103,6,1,0,0,3,0,63,150,98,0,0,1,0,11,2010,11,2010,0,58,0,0,0,2,2,75,1,1,2,1,0,0,1,13,6,1,4,1,1,0
32,320213,1,1,4,30,12,19,42,8,0,1,0,6,1,20,481,20481,31,2002,1GCGK13U72F2,1,G,C,G,K,1,3,U,7,2,F,2,0,T,CHEV,1KH,CW,2,17,,2,0,1530,SIL,G,,,8,364,,,,B,5763,00,,44,0,0,000000000,00000000000,0,0,0,1,0,0,0,0,0,0,0,41,0,0,0,12,12,4,3,8,0,0,0,1,6,95949,6,1,0,0,3,0,71,180,0,0,0,0,2,1,2010,9,2011,0,38,0,0,0,1,2,35,1,1,2,1,0,0,1,80,3,2,1,13,0,0