STATE,ST_CASE,VEH_NO,VE_FORMS,NUMOCCS,DAY,MONTH,HOUR,MINUTE,HARM_EV,MAN_COLL,UNITTYPE,HIT_RUN,REG_STAT,OWNER,MAKE,MODEL,MAK_MOD,BODY_TYP,MOD_YEAR,VIN,VIN_1,VIN_2,VIN_3,VIN_4,VIN_5,VIN_6,VIN_7,VIN_8,VIN_9,VIN_10,VIN_11,VIN_12,TOW_VEH,VINTYPE,VINMAKE,VINA_MOD,VIN_BT,VINMODYR,VIN_LNGT,VIN_WGT,WGTCD_TR,WHLBS_LG,WHLBS_SH,SER_TR,FUELCODE,MCYCL_DS,CARBUR,CYLINDER,DISPLACE,MCYCL_CY,MCYCL_WT,TIRE_SZE,TON_RAT,TRK_WT,TRKWTVAR,VIN_REST,WHLDRWHL,J_KNIFE,MCARR_I1,MCARR_I2,MCARR_ID,GVWR,V_CONFIG,CARGO_BT,HAZ_INV,HAZ_PLAC,HAZ_ID,HAZ_CNO,HAZ_REL,BUS_USE,SPEC_USE,EMER_USE,TRAV_SP,UNDERIDE,ROLLOVER,ROLINLOC,IMPACT1,IMPACT2,DEFORMED,TOWED,M_HARM,VEH_SC1,VEH_SC2,FIRE_EXP,DR_PRES,L_STATE,DR_ZIP,L_STATUS,L_TYPE,CDL_STAT,L_ENDORS,L_COMPL,L_RESTRI,DR_HGT,DR_WGT,PREV_ACC,PREV_SUS,PREV_DWI,PREV_SPD,PREV_OTH,FIRST_MO,FIRST_YR,LAST_MO,LAST_YR,SPEEDREL,DR_SF1,DR_SF2,DR_SF3,DR_SF4,VTRAFWAY,VNUM_LAN,VSPD_LIM,VALIGN,VPROFILE,VPAVETYP,VSURCOND,VTRAFCON,VTCONT_F,P_CRASH1,P_CRASH2,P_CRASH3,PCRASH4,PCRASH5,ACC_TYPE,DEATHS,DR_DRINK
32,320214,1,1,6,31,12,12,51,5,0,1,0,32,2,7,402,7402,14,1998,1B4HS28Z8WF1,1,B,4,H,S,2,8,Z,8,W,F,1,0,P,DODG,DUR,UT,98,17,4349,,0,1159,,G,,F,8,360,,,15R235,,,,,,0,0,000000000,00000000000,0,0,0,1,0,0,0,0,0,0,0,998,0,0,0,0,0,0,3,5,0,0,0,1,32,89501,6,1,0,0,3,0,65,215,0,0,0,0,0,0,0,0,0,0,0,0,0,0,5,4,35,1,1,2,1,0,0,1,98,1,1,1,0,1,1
32,320215,1,1,2,5,11,19,12,8,0,1,0,32,1,55,35,55035,4,2009,KMHDU46D89U7,K,M,H,D,U,4,6,D,8,9,U,7,0,P,HYUN,HEL,4D,9,17,2723,,0,1043,,G,,F,4,121,,,15R195,,,,,,0,0,000000000,00000000000,0,0,0,1,0,0,0,0,0,0,0,998,0,0,0,14,14,2,1,8,0,0,0,1,32,89106,6,1,6,0,3,3,65,135,0,0,0,0,0,0,0,0,0,0,0,0,0,0,1,4,35,1,1,2,1,0,0,1,80,1,1,1,13,0,0
32,320216,1,2,1,7,11,5,7,12,1,1,0,32,3,20,461,20461,21,2008,1GCFG15X5811,1,G,C,F,G,1,5,X,5,8,1,1,0,T,CHEV,E15,CG,8,17,,2,0,1350,EXP,G,,,6,262,,,,B,4894,00,,42,0,0,000000000,00000000000,0,0,0,1,0,0,0,0,0,0,0,43,0,0,0,12,12,4,3,12,0,0,0,1,32,89011,6,1,0,0,3,0,70,180,0,6,0,1,4,4,2009,8,2011,0,26,0,0,0,2,6,45,1,1,2,1,0,0,1,50,1,1,1,20,0,0
32,320216,2,2,5,7,11,5,7,12,1,1,0,32,1,49,32,49032,5,2006,JTKKT6249650,J,T,K,K,T,6,2,4,9,6,5,0,0,P,TOYT,SXA,4H,6,17,2340,,0,933,,G,,F,4,092,,,15R185,,,,,,0,0,000000000,00000000000,0,0,0,1,0,0,0,0,0,0,0,0,0,0,0,6,6,6,2,12,0,0,0,1,32,89110,0,0,0,0,0,0,999,999,99,99,99,99,99,99,9999,99,9999,0,0,0,0,0,2,6,45,1,1,2,1,0,0,5,90,1,1,1,21,1,0
32,320217,1,1,1,8,11,15,13,8,0,1,0,32,3,84,881,84881,61,1996,1HTMJABK4TA0,1,H,T,M,J,A,B,K,4,T,A,0,0,T,INTL,552,IC,96,17,,5,0,0,10S,D,,,8,444,,,,,00000,00,,42,0,88,888888888,88888888888,2,1,1,1,0,0,0,0,0,0,0,21,0,0,0,12,12,2,3,8,0,0,0,1,32,89119,6,1,0,0,3,0,72,220,0,0,0,0,0,0,0,0,0,0,0,0,0,0,1,2,25,1,1,2,1,0,0,1,80,3,2,1,13,0,0
32,320218,1,1,2,3,12,16,49,8,0,1,0,32,2,20,481,20481,31,1990,1GCDC14Z1LZ2,1,G,C,D,C,1,4,Z,1,L,Z,2,0,T,CHEV,GC1,PK,90,17,,1,1415,1175,GM4,G,,,6,262,,,,B,3717,07,,42,0,0,000000000,00000000000,0,0,0,1,0,0,0,0,0,0,0,30,0,0,0,1,1,4,1,8,0,0,0,1,32,89108,6,1,0,0,3,3,66,190,0,0,0,0,0,0,0,0,0,0,0,0,0,0,3,4,35,1,1,2,1,0,0,1,80,8,1,1,13,0,0
32,320219,1,1,1,7,12,20,49,8,0,1,0,32,1,20,421,20421,15,2005,1GNEC13TX5J1,1,G,N,E,C,1,3,T,X,5,J,1,0,P,CHEV,CTA,UT,5,17,4975,,0,1160,,G,,F,8,325,,,16R265,,,,,,0,0,000000000,00000000000,0,0,0,1,0,0,0,0,0,0,0,43,0,0,0,1,1,4,1,8,0,0,0,1,32,89115,6,1,0,0,3,1,71,145,0,0,0,0,0,0,0,0,0,0,0,0,0,0,2,4,45,1,1,2,1,0,0,1,80,6,1,1,13,0,0
32,320220,1,2,2,27,12,15,22,12,6,1,0,53,1,37,32,37032,4,1998,1HGCG5641WA2,1,H,G,C,G,5,6,4,1,W,A,2,0,P,HOND,ULX,4D,98,17,2952,,0,1069,,G,,F,4,138,,,15R195,,,,,,0,0,000000000,00000000000,0,0,0,1,0,0,0,0,0,0,0,998,0,0,0,9,9,6,2,12,0,0,0,1,53,99362,6,1,0,0,3,0,78,205,0,0,0,0,0,0,0,0,0,0,38,0,0,0,1,4,35,1,1,2,1,20,3,1,17,1,1,1,89,0,0
32,320220,2,2,2,27,12,15,22,12,6,1,0,32,1,18,2,18002,4,2002,1G4HR54K82U1,1,G,4,H,R,5,4,K,8,2,U,1,0,P,BUIC,LLF,4D,2,17,3591,,0,1122,,G,,F,6,231,,,15R215,,,,,,0,0,000000000,00000000000,0,0,0,1,0,0,0,0,0,0,0,998,0,0,0,12,12,4,3,12,0,0,0,1,32,89032,6,1,0,0,3,3,62,165,0,0,0,0,0,0,0,0,0,0,0,0,0,0,1,2,35,1,1,2,1,0,0,1,66,1,1,1,88,1,0
32,320221,1,2,1,28,12,22,7,12,1,1,0,92,0,13,12,13012,4,2000,1LNHM87A7YY7,1,L,N,H,M,8,7,A,7,Y,Y,7,0,P,LINC,LLS,4D,0,17,3692,,0,1145,,G,,F,8,240,,,16R215,,,,,,0,0,000000000,00000000000,0,0,0,1,0,0,0,0,0,0,0,74,0,0,0,12,12,6,2,12,0,0,0,1,4,85006,6,1,0,0,3,0,70,210,0,0,0,1,0,11,2011,11,2011,1,27,0,0,0,2,3,35,1,1,2,1,0,0,15,10,1,1,2,24,1,0
32,320221,2,2,2,28,12,22,7,12,1,1,0,32,1,6,441,6441,20,1997,1C4GP54R9VB2,1,C,4,G,P,5,4,R,9,V,B,2,0,T,CHRY,TLX,ES,97,17,,1,0,1193,TWC,G,,,6,201,,,,,00000,00,,42,0,0,000000000,00000000000,0,0,0,1,0,0,0,0,0,0,0,998,0,0,0,6,6,6,2,12,0,0,0,1,32,89101,0,0,0,0,0,0,999,999,99,99,99,99,99,99,9999,99,9999,0,0,0,0,0,2,3,35,1,1,2,1,0,0,1,60,1,1,1,25,0,0
32,320222,1,1,1,30,12,1,46,8,0,1,0,32,1,20,471,20471,30,1998,1GCCS19W8W82,1,G,C,C,S,1,9,W,8,W,8,2,0,T,CHEV,S14,PC,98,17,,1,0,1229,S,G,,,6,262,,,,B,3222,00,,42,0,0,000000000,00000000000,0,0,0,1,0,0,0,0,0,0,0,998,0,0,0,12,12,6,2,8,0,0,0,1,32,89015,6,1,0,0,3,0,66,130,0,1,0,1,0,6,2010,2,2011,0,0,0,0,0,2,4,45,1,2,2,1,2,3,1,80,1,1,1,13,0,0
32,320223,1,1,1,26,12,17,37,8,0,1,0,4,1,12,17,12017,4,2003,1FAFP53U23G2,1,F,A,F,P,5,3,U,2,3,G,2,0,P,FORD,TSE,4D,3,17,3336,,0,1085,,G,,F,6,182,,,16R215,,,,,,0,0,000000000,00000000000,0,0,0,1,0,0,0,0,0,0,0,998,0,0,0,12,12,2,3,8,0,0,0,1,4,89506,6,1,0,0,3,0,66,220,0,0,0,0,0,0,0,0,0,0,38,0,0,0,1,4,35,1,1,2,1,0,0,1,80,1,1,1,13,0,0
32,320224,1,1,1,12,11,23,50,8,0,1,1,32,1,12,471,12471,30,1995,1FTCR10A2SUA,1,F,T,C,R,1,0,A,2,S,U,A,0,T,FORD,RNG,PK,95,17,,1,1140,1080,RNG,G,,,4,140,,,,B,00000,00,M,42,0,0,000000000,00000000000,0,0,0,1,0,0,0,0,0,0,0,998,0,0,0,12,12,4,1,8,0,0,0,1,32,89436,6,1,0,0,3,0,70,165,0,0,0,0,0,0,0,0,0,0,0,0,0,0,5,4,35,1,1,2,1,0,0,1,80,1,1,1,13,0,1
33,330001,1,2,2,20,1,14,22,12,6,1,0,33,2,24,1,24001,4,2002,1G8ZH52832Z1,1,G,8,Z,H,5,2,8,3,2,Z,1,0,P,STRN,SL1,4D,2,17,2377,,0,1024,,G,,F,4,116,,,14R185,,,,,,0,0,000000000,00000000000,0,0,0,1,0,0,0,0,0,0,0,998,0,0,0,9,9,6,2,12,0,0,0,1,33,3055,6,1,0,0,3,0,66,130,0,0,0,0,0,0,0,0,0,0,38,0,0,0,1,2,35,1,1,2,2,2,3,11,15,11,1,1,82,1,0
33,330001,2,2,1,20,1,14,22,12,6,1,0,23,3,51,881,51881,66,2003,4V4MC9GG33N3,4,V,4,M,C,9,G,G,3,3,N,3,1,T,VOLV,VNM,TR,3,17,,8,0,0,VVN,D,,,6,732,,,,,00000,00,,64,1,57,010315406,57010315406,3,6,1,1,0,0,0,0,0,0,0,998,0,0,0,12,12,4,3,12,0,0,0,1,23,4073,6,1,6,1,3,0,68,160,0,0,0,0,0,0,0,0,0,0,0,0,0,0,1,2,35,1,1,2,2,2,3,1,66,3,2,1,83,0,0
33,330002,1,3,1,3,1,18,31,12,2,1,0,33,1,55,36,55036,3,2004,KMHCG35C04U3,K,M,H,C,G,3,5,C,0,4,U,3,0,P,HYUN,AGL,2H,4,17,2339,,0,961,,G,,F,4,098,,,13R175,,,,,,0,0,000000000,00000000000,0,0,0,1,0,0,0,0,0,0,0,998,0,0,0,12,12,6,2,12,0,0,0,1,33,3275,6,1,0,0,3,1,62,125,0,0,0,0,0,0,0,0,0,0,28,0,0,0,1,4,45,1,2,2,1,0,0,1,10,1,1,2,50,1,0
33,330002,2,3,1,3,1,18,31,12,2,1,0,33,1,30,47,30047,3,2004,3VWBK31C14M4,3,V,W,B,K,3,1,C,1,4,M,4,0,P,VOLK,NGL,2H,4,17,2734,,0,989,,G,,F,4,121,,,16R205,,,,,,0,0,000000000,00000000000,0,0,0,1,0,0,0,0,0,0,0,998,0,0,0,12,12,6,2,12,0,0,0,1,33,3301,6,1,0,0,3,1,60,175,0,0,0,0,0,0,0,0,0,0,0,0,0,0,1,4,45,1,2,2,1,0,0,1,62,9,1,2,51,0,0
33,330002,3,3,3,3,1,18,31,12,2,1,0,33,2,48,34,48034,6,2002,4S3BE6563272,4,S,3,B,E,6,5,6,3,2,7,2,0,P,SUBA,UGL,4D,2,17,3370,,0,1043,,G,,F,4,153,,,16R205,,,,,,0,0,000000000,00000000000,0,0,0,1,0,0,0,0,0,0,0,998,0,0,0,12,12,4,3,12,0,0,0,1,33,3275,6,1,0,0,3,0,67,210,3,0,0,1,0,3,2008,7,2010,0,0,0,0,0,1,4,45,1,2,2,1,0,0,1,62,9,1,2,98,0,0
33,330003,1,1,2,2,1,4,11,42,0,1,0,25,3,30,421,30421,15,2004,WVGCM67L34D0,W,V,G,C,M,6,7,L,3,4,D,0,0,P,VOLK,TOU,UT,4,17,5077,,0,1124,,G,,F,8,255,,,18R255,,,,,,0,0,000000000,00000000000,0,0,0,1,0,0,0,0,0,0,0,998,0,0,0,12,12,6,2,42,0,0,0,1,25,1235,6,1,0,0,3,0,69,999,0,0,0,0,0,0,0,0,0,1,28,0,0,0,1,2,35,2,1,2,2,0,0,14,12,1,1,4,6,1,1
33,330004,1,2,1,7,1,9,26,12,2,1,0,33,1,7,402,7402,14,1998,1B4HS28Y4WF1,1,B,4,H,S,2,8,Y,4,W,F,1,0,P,DODG,DUR,UT,98,17,4349,,0,1159,,G,,F,8,318,,,15R235,,,,,,0,0,000000000,00000000000,0,0,0,1,0,0,0,0,0,0,0,998,0,0,0,12,12,6,2,12,0,0,0,1,33,3598,6,1,0,0,3,0,74,280,0,0,0,0,0,0,0,0,0,0,28,0,0,0,1,2,50,1,1,2,1,0,0,1,10,1,1,2,50,1,0
33,330004,2,2,1,7,1,9,26,12,2,1,0,33,1,82,881,82881,66,2000,1FVNFXYB8YLG,1,F,V,N,F,X,Y,B,8,Y,L,G,1,T,FRHT,FLD,CC,0,17,,8,0,0,CON,D,,,6,893,,,,,00000,00,,64,1,55,603699,55603699,3,6,10,1,0,0,0,0,0,0,0,998,0,0,0,12,12,6,2,12,0,0,0,1,33,3774,6,1,6,1,3,0,67,190,0,0,0,0,0,0,0,0,0,0,0,0,0,0,1,2,50,1,1,2,1,0,0,1,62,9,2,1,51,0,0
33,330005,1,1,5,11,1,17,16,52,0,1,0,25,2,38,401,38401,14,1998,JACDJ58X2W79,J,A,C,D,J,5,8,X,2,W,7,9,0,P,ISU,TRO,UT,98,17,4390,,0,1087,,G,,F,6,213,,,16R245,,,,,,0,0,000000000,00000000000,0,0,0,1,0,0,0,0,0,0,0,998,0,1,5,12,12,6,2,52,0,0,0,1,25,1801,6,1,0,0,3,0,67,999,0,0,0,0,0,0,0,0,0,0,28,0,0,0,3,2,65,1,1,2,1,0,0,1,13,1,1,4,1,1,0
33,330006,1,2,2,16,1,12,48,12,2,1,0,33,1,51,43,51043,4,2000,YV1LS61J1Y26,Y,V,1,L,S,6,1,J,1,Y,2,6,0,P,VOLV,SSE,4D,0,17,3155,,0,1049,,G,,F,5,149,,,000000,,,,,,0,0,000000000,00000000000,0,0,0,1,0,0,0,0,0,0,0,998,0,0,0,12,12,6,2,12,0,0,0,1,33,3042,6,1,0,0,3,1,65,185,0,0,0,0,0,0,0,0,0,0,28,0,0,0,1,2,35,2,2,2,1,0,0,14,10,1,1,2,50,1,0
33,330006,2,2,6,16,1,12,48,12,2,1,0,33,1,7,482,7482,31,2007,1D7HU18267S2,1,D,7,H,U,1,8,2,6,7,S,2,0,T,DODG,SQ1,CW,7,17,,2,1605,1405,RPC,G,,,8,348,,,,B,5197,02,E,44,0,0,000000000,00000000000,0,0,0,1,0,0,0,0,0,0,0,998,0,0,0,12,12,6,2,12,0,0,0,1,33,3037,6,1,0,0,3,0,69,200,0,0,0,1,0,7,2010,7,2010,0,0,0,0,0,1,2,35,3,2,2,1,0,0,14,62,8,1,1,51,0,0
33,330007,1,2,1,17,2,7,44,54,11,1,0,50,1,98,804,98804,63,1996,2WLPCCCH7TK9,2,W,L,P,C,C,C,H,7,T,K,9,1,T,WSTR,490,CC,96,17,,8,0,0,CNV,D,,,6,893,,,,,00000,00,,64,1,50,842002,50842002,3,4,10,1,0,0,0,0,0,0,0,998,0,0,0,18,18,2,3,54,0,0,0,1,50,5085,6,1,6,1,3,0,65,160,0,0,0,0,0,0,0,0,0,0,22,0,0,0,1,2,40,2,2,2,1,0,0,14,98,1,1,2,98,0,0
33,330007,2,2,1,17,2,7,44,54,11,1,0,33,1,23,461,23461,21,2000,1GTFG25MXY19,1,G,T,F,G,2,5,M,X,Y,1,9,0,T,GMC,SA2,CG,0,17,,2,0,1350,SAV,G,,,8,305,,,,C,4851,00,E,42,0,0,000000000,00000000000,0,0,0,1,0,0,0,0,0,0,0,998,0,0,0,18,12,6,2,54,0,0,0,1,33,3748,6,1,0,0,3,1,65,198,0,0,0,0,0,0,0,0,0,0,0,0,0,0,1,2,40,3,2,2,1,0,0,14,98,99,1,1,98,1,0
33,330008,1,2,1,25,2,7,5,12,2,1,0,33,1,24,7,24007,4,2004,1G8AL52F04Z1,1,G,8,A,L,5,2,F,0,4,Z,1,0,P,STRN,SI3,4D,4,17,2830,,0,1032,,G,,F,4,134,,,16R205,,,,,,0,0,000000000,00000000000,0,0,0,1,0,0,0,0,0,0,0,998,0,0,0,12,12,6,2,12,0,0,0,1,33,3833,6,1,0,0,3,1,66,180,0,0,0,0,0,0,0,0,0,1,28,79,87,0,1,2,35,2,2,2,3,0,0,14,6,9,2,2,50,1,0
33,330008,2,2,1,25,2,7,5,12,2,1,0,33,3,98,982,98982,50,2005,4DRBVAAR95A9,4,D,R,B,V,A,A,R,9,5,A,9,0,U,,,,5,17,,,,,,,,,,,,,,,,,,,0,88,888888888,88888888888,3,21,22,1,0,0,0,0,1,0,0,998,0,0,0,12,12,4,3,12,0,0,0,1,33,3870,6,1,6,1,3,0,65,190,0,0,0,0,0,0,0,0,0,0,0,0,0,0,1,2,35,3,2,2,3,0,0,14,62,3,2,1,51,0,0
33,330009,1,2,1,17,3,11,10,12,1,1,0,33,1,49,44,49044,2,2004,4T1CE38P24U9,4,T,1,C,E,3,8,P,2,4,U,9,0,P,TOYT,CEE,CP,4,17,3175,,0,1051,,G,,F,4,144,,,17R215,,,,,,0,0,000000000,00000000000,0,0,0,1,0,0,0,0,0,0,0,998,0,0,0,12,12,6,2,12,0,0,0,1,33,3449,6,1,0,0,3,1,65,115,0,0,0,0,0,0,0,0,0,1,38,0,0,0,1,2,40,1,2,2,1,0,0,1,50,1,1,1,20,1,0
33,330009,2,2,1,17,3,11,10,12,1,1,0,33,3,20,422,20422,15,2010,1GNUKJE38AR2,1,G,N,U,K,J,E,3,8,A,R,2,0,P,CHEV,K15,UT,10,17,5743,,0,1300,,F,,F,8,323,,,17R265,,,,,,0,0,000000000,00000000000,0,0,0,1,0,0,0,0,0,0,0,0,0,0,0,6,6,4,3,12,0,0,0,1,33,3071,6,1,0,0,3,0,72,200,0,0,0,1,0,3,2008,3,2008,0,54,0,0,0,1,2,40,1,2,2,1,0,0,5,53,5,1,1,22,0,0
33,330010,1,2,2,5,3,10,26,12,2,1,0,33,1,49,45,49045,2,2001,JTDAT1231101,J,T,D,A,T,1,2,3,1,1,0,1,0,P,TOYT,ECH,2D,1,17,2020,,0,934,,G,,F,4,091,,,14R175,,,,,,0,0,000000000,00000000000,0,0,0,1,0,0,0,0,0,0,0,998,0,0,0,12,12,6,2,12,0,0,0,1,33,3570,6,1,0,0,3,1,66,170,0,0,0,0,0,0,0,0,0,1,28,79,0,0,1,2,60,2,2,2,3,0,0,14,6,9,2,2,50,1,0
33,330010,2,2,1,5,3,10,26,12,2,1,0,33,1,2,406,2406,14,2006,1J8HG582X6C3,1,J,8,H,G,5,8,2,X,6,C,3,0,T,JEEP,LTD,4W,6,17,,2,0,1095,CMD,G,,,8,348,,,,,5078,00,K,44,0,0,000000000,00000000000,0,0,0,1,0,0,0,0,0,0,0,998,0,0,0,12,12,6,2,12,0,0,0,1,33,3847,6,1,0,0,3,0,70,171,0,0,0,0,0,0,0,0,0,0,0,0,0,0,1,2,60,3,2,2,3,0,0,14,62,1,1,1,51,0,0
33,330011,1,2,2,18,3,20,58,12,1,1,0,33,2,12,473,12473,30,2002,1FMZU72E22ZB,1,F,M,Z,U,7,2,E,2,2,Z,B,0,P,FORD,EPR,UT,2,17,4334,,0,1137,,G,,F,6,245,,,16R235,,,,,,0,0,000000000,00000000000,0,0,0,1,0,0,0,0,0,0,0,998,0,0,0,12,12,6,2,42,0,0,0,1,33,3235,1,1,0,0,2,0,69,130,0,0,0,0,0,0,0,0,0,1,28,36,0,0,2,2,65,1,2,2,1,0,0,1,6,1,1,1,24,1,0
33,330011,2,2,1,18,3,20,58,12,1,1,0,25,1,30,40,30040,4,2000,3VWRC29M4YM0,3,V,W,R,C,2,9,M,4,Y,M,0,0,P,VOLK,UJG,4D,0,17,2819,,0,989,,G,,F,4,121,,,15R195,,,,,,0,0,000000000,00000000000,0,0,0,1,0,0,0,0,0,0,0,998,0,0,0,6,6,2,3,12,0,0,0,1,25,1826,6,1,0,0,3,0,70,999,0,0,0,0,0,0,0,0,0,0,0,0,0,0,2,2,65,1,2,2,1,0,0,1,53,1,1,1,25,0,0
33,330012,1,1,1,26,3,18,25,42,0,1,0,33,1,24,2,24002,2,2001,1G8ZP12801Z2,1,G,8,Z,P,1,2,8,0,1,Z,2,0,P,STRN,SC1,3P,1,17,2396,,0,1024,,G,,F,4,116,,,14R185,,,,,,0,0,000000000,00000000000,0,0,0,1,0,0,0,0,0,0,0,998,0,0,0,12,12,6,2,42,0,0,0,1,33,3225,6,1,0,0,3,0,67,160,0,0,0,1,0,12,2008,12,2008,1,0,0,0,0,1,2,30,1,1,2,1,0,0,1,13,1,1,4,1,1,0
33,330013,1,1,3,15,3,0,21,58,0,1,0,33,2,12,35,12035,4,1997,1FALP6539VK1,1,F,A,L,P,6,5,3,9,V,K,1,0,P,FORD,CSG,4D,97,17,0,,0,1065,,G,,F,4,121,,,14R185,,,,,,0,0,000000000,00000000000,0,0,0,1,0,0,0,0,0,0,0,998,0,1,6,61,61,6,2,58,0,0,0,1,33,3874,1,1,0,0,2,2,68,160,0,1,1,0,0,10,2008,9,2010,1,74,0,0,0,1,2,35,1,1,2,1,0,0,1,6,1,1,4,1,1,1
33,330014,1,1,1,14,4,15,35,9,0,1,0,33,2,7,472,7472,30,2000,1B7HG2AZXYS6,1,B,7,H,G,2,A,Z,X,Y,S,6,0,T,DODG,QAD,CW,0,17,,2,0,1309,DAK,G,,,8,360,,,,B,4262,00,U,44,0,0,000000000,00000000000,0,0,0,1,0,0,0,0,0,0,0,998,0,0,0,12,12,4,3,9,0,0,0,1,33,3221,6,1,0,0,3,0,73,265,0,0,0,0,0,0,0,0,0,0,86,0,0,0,1,2,30,1,1,2,1,0,0,1,80,3,2,1,13,0,0
33,330015,1,2,1,15,4,6,53,12,2,1,0,33,2,30,40,30040,4,2001,3VWTG29M21M0,3,V,W,T,G,2,9,M,2,1,M,0,0,P,VOLK,JXG,4D,1,17,3056,,0,989,,G,,F,6,170,,,15R195,,,,,,0,0,000000000,00000000000,0,0,0,1,0,0,0,0,0,0,0,998,0,0,0,12,12,6,2,12,0,0,0,1,33,3431,6,1,0,0,3,0,72,205,0,0,0,2,1,4,2009,12,2010,0,28,0,0,0,1,2,40,2,2,2,1,0,0,14,10,1,1,2,50,0,0
33,330015,2,2,1,15,4,6,53,12,2,1,0,33,1,12,13,12013,6,1997,3FALP15P6VR1,3,F,A,L,P,1,5,P,6,V,R,1,0,P,FORD,LXE,SW,97,17,2571,,0,984,,G,,F,4,122,,,14R185,,,,,,0,0,000000000,00000000000,0,0,0,1,0,0,0,0,0,0,0,998,0,0,0,12,12,6,2,12,0,0,0,1,33,3431,6,1,0,0,3,0,59,145,0,0,0,0,0,0,0,0,0,0,0,0,0,0,1,2,40,3,2,2,1,0,0,14,62,9,1,2,51,1,0
33,330016,1,1,1,18,4,20,21,42,0,1,0,33,1,6,10,6010,4,1966,CM27J6320906,C,M,2,7,J,6,3,2,0,9,0,6,0,P,CHRY,300,CV,66,13,3940,,0,1240,,G,,4,8,440,,,148.55,,,,,,0,0,000000000,00000000000,0,0,0,1,0,0,0,0,0,0,0,998,0,0,0,3,81,6,2,42,0,0,0,1,33,3235,6,1,6,0,3,0,75,195,0,0,1,1,0,11,2009,11,2009,1,0,0,0,0,1,2,35,3,1,2,2,0,0,14,6,8,4,4,2,1,1
33,330017,1,2,1,30,3,16,9,12,7,1,0,33,1,2,405,2405,14,2004,1J8GL58K84W2,1,J,8,G,L,5,8,K,8,4,W,2,0,T,JEEP,LMD,4W,4,17,,1,0,1043,LIB,G,,,6,226,,,,,3892,00,K,44,0,0,000000000,00000000000,0,0,0,1,0,0,0,0,0,0,0,998,0,1,3,1,81,6,2,1,0,0,0,1,33,3104,6,1,0,0,3,0,68,195,0,0,0,0,0,0,0,0,0,0,28,58,0,0,2,2,65,1,1,2,1,0,0,1,11,6,3,2,44,1,0
33,330017,2,2,1,30,3,16,9,12,7,1,0,33,1,32,43,32043,4,2008,WAUDF78E28A1,W,A,U,D,F,7,8,E,2,8,A,1,0,P,AUDI,NAQ,4D,8,17,3571,,0,1043,,G,,T,4,121,,,16R225,,,,,,0,0,000000000,00000000000,0,0,0,1,0,0,0,0,0,0,0,998,0,0,0,9,9,4,1,12,0,0,0,1,33,3109,6,1,0,0,3,0,64,180,0,0,0,0,0,0,0,0,0,0,0,0,0,0,2,2,65,1,1,2,1,0,0,1,61,1,1,1,45,0,0
33,330018,1,1,1,27,3,0,51,42,0,1,0,53,1,34,34,34034,4,2002,WBAEV33462PD,W,B,A,E,V,3,3,4,6,2,P,D,0,P,BMW,325,4D,2,17,3219,,0,1073,,G,,F,6,152,,,16R205,,,,,,0,0,000000000,00000000000,0,0,0,1,0,0,0,0,0,0,0,998,0,1,5,12,12,6,2,42,0,0,0,1,33,3101,6,1,0,0,3,0,65,145,0,0,0,1,0,11,2010,11,2010,1,0,0,0,0,1,2,35,3,1,2,1,0,0,14,6,8,2,4,7,1,1
33,330019,1,1,2,24,4,0,36,1,0,1,0,33,1,35,39,35039,4,2004,1N4BA41E74C9,1,N,4,B,A,4,1,E,7,4,C,9,0,P,NISS,MEL,4D,4,17,3310,,0,1112,,G,,F,6,214,,,17R225,,,,,,0,0,000000000,00000000000,0,0,0,1,0,0,0,0,0,0,0,998,0,1,5,0,81,6,2,1,0,0,0,1,33,3076,6,1,0,0,3,0,70,220,0,0,0,0,0,0,0,0,0,1,0,0,0,0,1,2,30,3,1,2,1,0,0,14,6,8,4,4,2,2,0
33,330020,1,2,1,30,4,13,51,12,2,1,0,33,1,35,401,35401,14,2004,JN8DR09Y04W9,J,N,8,D,R,0,9,Y,0,4,W,9,0,P,NISS,PFI,UT,4,17,3997,,0,1063,,G,,F,6,213,,,16R255,,,,,,0,0,000000000,00000000000,0,0,0,1,0,0,0,0,0,0,0,998,0,0,0,12,12,6,2,12,0,0,0,1,33,3446,6,1,0,0,3,0,73,225,0,0,0,0,0,0,0,0,0,0,0,0,0,0,1,2,50,1,3,2,1,0,0,1,10,1,1,2,50,0,0
33,330020,2,2,4,30,4,13,51,12,2,1,0,33,2,35,43,35043,4,1996,1N4AB41D2TC7,1,N,4,A,B,4,1,D,2,T,C,7,0,P,NISS,EXE,4D,96,17,2237,,0,998,,G,,F,4,097,,,13R155,,,,,,0,0,000000000,00000000000,0,0,0,1,0,0,0,0,0,0,0,998,0,0,0,12,12,6,2,12,0,0,0,1,33,3431,0,0,0,0,0,0,68,145,0,0,0,0,0,0,0,0,0,0,0,0,0,0,1,2,50,1,3,2,1,0,0,1,62,9,1,2,51,2,0
33,330021,1,1,1,27,4,19,51,25,0,1,0,33,1,12,23,12023,4,2006,3FAFP08Z36R1,3,F,A,F,P,0,8,Z,3,6,R,1,0,P,FORD,F/L,4D,6,17,3101,,0,1074,,G,,F,4,140,,,17R225,,,,,,0,0,000000000,00000000000,0,0,0,1,0,0,0,0,0,0,0,998,0,0,0,61,61,6,2,25,0,0,0,1,33,3110,6,1,0,0,3,1,68,160,0,0,0,0,1,5,2010,5,2010,0,0,0,0,0,3,2,55,1,1,2,1,0,0,1,12,1,1,4,9,1,0