STATE,ST_CASE,VEH_NO,VE_FORMS,NUMOCCS,DAY,MONTH,HOUR,MINUTE,HARM_EV,MAN_COLL,UNITTYPE,HIT_RUN,REG_STAT,OWNER,MAKE,MODEL,MAK_MOD,BODY_TYP,MOD_YEAR,VIN,VIN_1,VIN_2,VIN_3,VIN_4,VIN_5,VIN_6,VIN_7,VIN_8,VIN_9,VIN_10,VIN_11,VIN_12,TOW_VEH,VINTYPE,VINMAKE,VINA_MOD,VIN_BT,VINMODYR,VIN_LNGT,VIN_WGT,WGTCD_TR,WHLBS_LG,WHLBS_SH,SER_TR,FUELCODE,MCYCL_DS,CARBUR,CYLINDER,DISPLACE,MCYCL_CY,MCYCL_WT,TIRE_SZE,TON_RAT,TRK_WT,TRKWTVAR,VIN_REST,WHLDRWHL,J_KNIFE,MCARR_I1,MCARR_I2,MCARR_ID,GVWR,V_CONFIG,CARGO_BT,HAZ_INV,HAZ_PLAC,HAZ_ID,HAZ_CNO,HAZ_REL,BUS_USE,SPEC_USE,EMER_USE,TRAV_SP,UNDERIDE,ROLLOVER,ROLINLOC,IMPACT1,IMPACT2,DEFORMED,TOWED,M_HARM,VEH_SC1,VEH_SC2,FIRE_EXP,DR_PRES,L_STATE,DR_ZIP,L_STATUS,L_TYPE,CDL_STAT,L_ENDORS,L_COMPL,L_RESTRI,DR_HGT,DR_WGT,PREV_ACC,PREV_SUS,PREV_DWI,PREV_SPD,PREV_OTH,FIRST_MO,FIRST_YR,LAST_MO,LAST_YR,SPEEDREL,DR_SF1,DR_SF2,DR_SF3,DR_SF4,VTRAFWAY,VNUM_LAN,VSPD_LIM,VALIGN,VPROFILE,VPAVETYP,VSURCOND,VTRAFCON,VTCONT_F,P_CRASH1,P_CRASH2,P_CRASH3,PCRASH4,PCRASH5,ACC_TYPE,DEATHS,DR_DRINK
33,330022,1,1,1,2,5,10,15,24,0,1,0,23,2,63,401,63401,14,2001,KNDJA6230156,K,N,D,J,A,6,2,3,0,1,5,6,0,P,KIA,SPO,UT,1,17,3223,,0,929,,G,,F,4,122,,,15R205,,,,,,0,0,000000000,00000000000,0,0,0,1,0,0,0,0,0,0,0,998,0,1,5,1,61,6,2,1,0,0,0,1,23,4038,6,1,0,0,3,0,70,165,0,3,1,0,1,7,2010,2,2011,1,0,0,0,0,6,1,25,1,2,2,1,0,0,1,6,9,1,4,1,1,1
33,330023,1,1,1,14,5,10,4,8,0,1,0,33,2,34,401,34401,14,2003,5UXFA53553LV,5,U,X,F,A,5,3,5,5,3,L,V,0,P,BMW,BX5,UT,3,17,4533,,0,1110,,G,,F,6,182,,,17R235,,,,,,0,0,000000000,00000000000,0,0,0,1,0,0,0,0,0,0,0,998,0,0,0,12,12,2,3,8,0,0,0,1,33,3851,6,1,0,0,3,0,64,150,1,0,0,1,0,3,2011,5,2011,0,86,0,0,0,1,2,30,1,1,2,1,0,0,1,80,2,1,1,13,0,0
33,330024,1,2,1,15,5,9,25,12,2,1,0,33,2,37,31,37031,2,2009,2HGFG12939H5,2,H,G,F,G,1,2,9,3,9,H,5,0,P,HOND,CVL,CP,9,17,2714,,0,1043,,G,,F,4,110,,,16R205,,,,,,0,0,000000000,00000000000,0,0,0,1,0,0,0,0,0,0,0,998,0,0,0,12,12,6,2,12,0,0,0,1,33,3824,4,1,0,0,2,0,68,140,0,0,0,0,0,0,0,0,0,0,0,0,0,0,1,2,55,1,1,2,1,0,0,1,10,1,1,2,50,1,0
33,330024,2,2,2,15,5,9,25,12,2,1,0,33,1,49,403,49403,14,2007,JTEEP21A4702,J,T,E,E,P,2,1,A,4,7,0,2,0,P,TOYT,HIG,UT,7,17,3935,,0,1069,,G,,F,6,201,,,16R225,,,,,,0,0,000000000,00000000000,0,0,0,1,0,0,0,0,0,0,0,998,0,0,0,12,12,6,2,12,0,0,0,1,33,3290,6,1,0,0,3,0,69,130,0,0,0,0,0,0,0,0,0,0,0,0,0,0,1,2,55,1,1,2,1,0,0,1,62,3,2,1,51,0,0
33,330025,1,2,1,17,5,9,22,12,1,1,0,12,1,71,706,71706,80,2003,ZDM1UB3S43B0,Z,D,M,1,U,B,3,S,4,3,B,0,0,M,DUCA,,,3,17,,,,,,,,,,,,,,,,,,,0,0,000000000,00000000000,0,0,0,1,0,0,0,0,0,0,0,998,0,0,0,12,12,6,2,12,0,0,1,1,12,32250,6,1,0,0,3,0,74,190,0,0,0,0,0,0,0,0,0,1,26,0,0,0,1,2,40,1,1,2,2,2,3,1,50,3,2,1,20,1,0
33,330025,2,2,1,17,5,9,22,12,1,1,0,39,3,51,881,51881,66,2007,4V4NC9GH27N4,4,V,4,N,C,9,G,H,2,7,N,4,1,T,VOLV,VNL,TR,7,17,,8,0,0,VVN,D,,,6,732,,,,,00000,00,,64,1,57,932491,57932491,3,6,1,1,0,0,0,0,0,0,0,0,0,0,0,6,6,4,3,12,0,0,0,1,39,44903,6,1,6,1,3,1,72,210,0,0,0,0,0,0,0,0,0,0,0,0,0,0,1,2,40,1,1,2,2,2,3,5,53,1,1,1,21,0,0
33,330026,1,1,1,19,5,6,47,24,0,1,0,33,2,12,471,12471,30,2000,1FTZR15X7YTA,1,F,T,Z,R,1,5,X,7,Y,T,A,0,T,FORD,RNS,PC,0,17,,1,0,1259,RNG,G,,,6,245,,,,B,3599,01,U,44,0,0,000000000,00000000000,0,0,0,1,0,0,0,0,0,0,0,998,0,1,5,81,81,6,2,1,0,0,0,1,33,3254,3,1,0,0,2,0,75,210,0,0,0,1,0,4,2009,4,2009,0,0,0,0,0,2,2,65,1,2,2,2,0,0,1,12,9,1,4,6,1,0
33,330027,1,1,1,21,5,23,26,25,0,1,0,33,2,58,36,58036,4,2002,JNKDA31AX2T0,J,N,K,D,A,3,1,A,X,2,T,0,0,P,INFI,I35,4D,2,17,3191,,0,1083,,G,,F,6,214,,,17R215,,,,,,0,0,000000000,00000000000,0,0,0,1,0,0,0,0,0,0,0,998,0,1,1,12,12,6,2,25,0,0,1,1,33,3104,1,1,0,0,2,2,68,180,0,0,0,1,1,7,2010,7,2010,1,74,0,0,0,3,2,25,1,1,2,2,8,3,1,6,1,1,1,12,1,0
33,330028,1,1,3,26,5,1,2,1,0,1,0,33,2,37,31,37031,4,2003,2HGES16593H5,2,H,G,E,S,1,6,5,9,3,H,5,0,P,HOND,UCL,4D,3,17,2513,,0,1031,,G,,F,4,102,,,14R185,,,,,,0,0,000000000,00000000000,0,0,0,1,0,0,0,0,0,0,0,998,0,1,6,0,61,6,2,1,0,0,0,1,33,3235,3,1,0,0,2,2,72,175,1,0,0,0,0,3,2011,3,2011,1,74,0,0,0,1,2,30,2,5,2,1,0,0,14,6,8,3,4,7,1,1
33,330029,1,2,1,28,5,9,5,12,2,1,0,25,2,55,401,55401,14,2003,KM8SC73D53U5,K,M,8,S,C,7,3,D,5,3,U,5,0,P,HYUN,SAN,UT,3,17,3720,,0,1031,,G,,F,6,162,,,16R225,,,,,,0,0,000000000,00000000000,0,0,0,1,0,0,0,0,0,0,0,998,0,0,0,12,12,6,2,12,0,0,0,1,25,1801,6,1,0,0,3,0,999,999,0,0,0,0,0,0,0,0,0,0,28,0,0,0,1,2,55,2,1,2,1,0,0,14,10,1,1,2,50,0,0
33,330029,2,2,2,28,5,9,5,12,2,1,0,33,2,20,23,20023,6,2007,3GNDA23D37S6,3,G,N,D,A,2,3,D,3,7,S,6,0,P,CHEV,HHR,UT,7,17,3155,,0,1035,,G,,F,4,134,,,16R215,,,,,,0,0,000000000,00000000000,0,0,0,1,0,0,0,0,0,0,0,998,0,0,0,12,12,6,2,12,0,0,0,1,33,3592,6,1,0,0,3,0,68,160,0,0,0,0,0,0,0,0,0,0,0,0,0,0,1,2,55,3,1,2,1,0,0,14,62,9,1,2,51,1,0
33,330030,1,1,1,27,5,14,10,58,0,1,0,33,1,73,706,73706,80,1999,JKBVNAG10XA0,J,K,B,V,N,A,G,1,0,X,A,0,0,M,KAWK,V5G,RS,99,17,,,,,,,1500,,2,,4,600,,,,,,,0,0,000000000,00000000000,0,0,0,1,0,0,0,0,0,0,0,998,0,0,0,10,10,6,2,58,0,0,0,1,33,3077,6,1,0,0,3,1,72,210,0,0,0,0,0,0,0,0,0,0,52,0,0,0,1,2,45,1,1,2,1,0,0,1,52,9,2,2,15,1,0
33,330031,1,2,2,31,5,13,31,12,6,1,0,33,1,63,36,63036,6,2008,KNAFG5250871,K,N,A,F,G,5,2,5,0,8,7,1,0,P,KIA,ROL,SW,8,17,3333,,0,1063,,G,,F,4,144,,,16R205,,,,,,0,0,000000000,00000000000,0,0,0,1,0,0,0,0,0,0,0,998,0,0,0,3,3,4,3,12,0,0,0,1,33,3801,6,1,0,0,3,0,65,175,0,0,0,0,0,0,0,0,0,0,38,0,0,0,1,2,30,1,1,2,1,0,0,11,15,1,1,2,82,0,0
33,330031,2,2,1,31,5,13,31,12,6,1,0,33,1,53,703,53703,80,2009,KM1MJ5256912,K,M,1,M,J,5,2,5,6,9,1,2,0,M,SUZI,,,9,17,,,,,,,,,,,,,,,,,,,0,0,000000000,00000000000,0,0,0,1,0,0,0,0,0,0,0,998,0,0,0,12,12,6,2,12,0,0,0,1,33,3862,6,1,0,0,3,0,74,165,0,0,0,0,0,0,0,0,0,0,0,0,0,0,1,2,30,1,1,2,1,0,0,1,72,3,2,1,83,1,0
33,330032,1,1,1,28,5,2,35,42,0,1,0,33,1,20,481,20481,31,2006,2GCEK13T5611,2,G,C,E,K,1,3,T,5,6,1,1,0,T,CHEV,SK1,CW,6,17,,2,0,1435,SIL,G,,,8,323,,,,B,5284,00,,44,0,0,000000000,00000000000,0,0,0,1,0,0,0,0,0,0,0,998,0,0,0,12,12,6,2,42,0,0,0,1,33,3740,6,1,0,0,3,1,66,130,0,0,0,0,0,0,0,0,0,0,0,0,0,0,1,2,30,2,1,2,1,0,0,14,12,1,1,4,6,1,0
33,330033,1,1,3,1,6,0,57,17,0,1,0,33,2,37,31,37031,4,1997,JHMEJ8549VS0,J,H,M,E,J,8,5,4,9,V,S,0,0,P,HOND,UAX,4D,97,17,2455,,0,1032,,G,,F,4,097,,,14R185,,,,,,0,0,000000000,00000000000,0,0,0,1,0,0,0,0,0,0,0,998,0,1,5,12,12,6,2,1,0,0,0,1,33,3440,1,1,0,0,2,2,72,140,0,2,0,0,1,9,2008,1,2009,1,74,0,0,0,1,2,45,1,1,2,1,0,0,1,6,8,2,4,2,1,1
33,330034,1,1,1,7,6,10,15,1,0,1,0,33,1,14,401,14401,14,2002,4M2ZU86E32ZJ,4,M,2,Z,U,8,6,E,3,2,Z,J,0,P,MERC,MOU,UT,2,17,4410,,0,1138,,G,,F,6,245,,,16R245,,,,,,0,0,000000000,00000000000,0,0,0,1,0,0,0,0,0,0,0,998,0,1,5,0,61,6,2,1,0,0,0,1,33,3580,6,1,0,0,3,1,64,150,0,0,0,0,1,8,2010,8,2010,0,58,0,0,0,1,2,40,1,1,2,1,0,0,1,12,9,1,4,1,1,0
33,330035,1,1,1,8,6,13,6,1,0,1,0,33,2,20,22,20022,2,2006,1G1AL18F9676,1,G,1,A,L,1,8,F,9,6,7,6,0,P,CHEV,BLT,CP,6,17,2991,,0,1033,,G,,F,4,134,,,15R195,,,,,,0,0,000000000,00000000000,0,0,0,1,0,0,0,0,0,0,0,998,0,1,5,0,61,6,2,1,0,0,0,1,33,3590,6,1,0,0,3,1,66,148,0,0,0,0,0,0,0,0,0,1,52,0,0,0,1,2,50,2,2,2,1,0,0,14,6,9,3,4,7,1,0
33,330036,1,1,1,8,6,15,53,52,0,1,0,33,1,20,401,20401,14,2001,1GNDT13W9122,1,G,N,D,T,1,3,W,9,1,2,2,0,P,CHEV,BZR,UT,1,17,4133,,0,1070,,G,,F,6,262,,,15R235,,,,,,0,0,000000000,00000000000,0,0,0,1,0,0,0,0,0,0,0,998,0,1,3,1,13,6,2,1,0,0,0,1,33,3266,1,1,1,0,2,2,64,130,0,1,2,1,0,6,2009,6,2011,1,74,0,0,0,2,2,65,1,1,2,1,0,0,1,13,1,1,4,1,1,1
33,330037,1,1,2,10,6,18,28,9,0,1,0,33,1,14,6,14006,4,2005,2MEFM75WX5X6,2,M,E,F,M,7,5,W,X,5,X,6,0,P,MERC,MGL,4D,5,17,4094,,0,1147,,G,,F,8,281,,,16R225,,,,,,0,0,000000000,00000000000,0,0,0,1,0,0,0,0,0,0,0,998,0,0,0,12,12,4,3,9,0,0,0,1,33,3110,6,1,0,0,3,0,70,190,1,0,0,0,0,11,2008,11,2008,0,28,0,0,0,1,2,35,1,3,2,1,0,0,1,13,1,1,4,13,0,0
33,330038,1,1,1,11,6,12,34,42,0,1,0,25,3,18,23,18023,4,2010,1G4HC5E18AU1,1,G,4,H,C,5,E,1,8,A,U,1,0,P,BUIC,UXL,4D,10,17,3806,,0,1156,,G,,F,6,238,,,17R235,,,,,,0,0,000000000,00000000000,0,0,0,1,0,0,0,0,0,0,0,998,0,0,0,12,12,6,2,42,0,0,0,1,33,3851,6,1,0,0,3,0,64,150,1,0,0,1,0,3,2011,5,2011,1,28,58,0,0,1,2,45,1,3,2,2,0,0,1,12,8,1,4,6,1,0
33,330039,1,1,2,10,6,15,45,17,0,1,0,33,1,48,45,48045,6,2008,4S4BP62C6873,4,S,4,B,P,6,2,C,6,8,7,3,0,P,SUBA,O2L,SW,8,17,3460,,0,1051,,G,,F,4,150,,,17R225,,,,,,0,0,000000000,00000000000,0,0,0,1,0,0,0,0,0,0,0,998,0,1,5,1,12,6,2,42,0,0,0,1,33,3241,6,1,0,0,3,1,62,138,0,0,0,0,1,4,2009,4,2009,0,0,0,0,0,1,2,35,1,1,2,1,0,0,1,13,1,1,4,1,1,0
33,330040,1,2,1,15,6,10,43,12,2,1,0,33,2,72,706,72706,80,2001,1HD1BXB191Y0,1,H,D,1,B,X,B,1,9,1,Y,0,0,M,HD,ISF,RS,1,17,,,,,,,1450,,2,,4,666,,,,,,,0,0,000000000,00000000000,0,0,0,1,0,0,0,0,0,0,0,998,0,0,0,12,12,6,2,12,0,0,0,1,26,49079,6,1,0,0,3,0,74,210,0,0,0,0,0,0,0,0,0,0,0,0,0,0,1,2,55,1,1,2,1,0,0,1,10,1,1,2,50,1,0
33,330040,2,2,2,15,6,10,43,12,2,1,0,33,1,37,421,37421,15,2011,5FNYF4H58BB0,5,F,N,Y,F,4,H,5,8,B,B,0,0,P,HOND,PIL,UT,11,17,4544,,0,1092,,G,,F,6,213,,,17R245,,,,,,0,0,000000000,00000000000,0,0,0,1,0,0,0,0,0,0,0,998,0,0,0,12,12,6,2,12,0,0,0,1,33,3894,6,1,0,0,3,0,72,250,0,0,0,0,0,0,0,0,0,0,0,0,0,0,1,2,55,1,1,2,1,0,0,1,60,2,1,1,51,0,0
33,330041,1,2,1,21,6,15,40,12,2,1,0,33,1,72,706,72706,80,2010,1HD1FC410AB6,1,H,D,1,F,C,4,1,0,A,B,6,0,M,HD,FTU,RS,10,17,,,,,,,1584,,2,,4,889,,,,,,,0,0,000000000,00000000000,0,0,0,1,0,0,0,0,0,0,0,998,0,0,0,12,12,6,2,12,0,0,0,1,33,3307,6,1,0,0,3,1,70,240,0,0,0,0,0,0,0,0,0,1,38,0,0,0,1,2,55,1,1,2,1,0,0,6,10,1,1,2,50,1,0
33,330041,2,2,1,21,6,15,40,12,2,1,0,33,2,37,31,37031,4,2010,2HGFA1F30AH5,2,H,G,F,A,1,F,3,0,A,H,5,0,P,HOND,CVP,4D,10,17,2709,,0,1063,,G,,F,4,110,,,15R195,,,,,,0,0,000000000,00000000000,0,0,0,1,0,0,0,0,0,0,0,998,0,0,0,12,12,6,2,12,0,0,0,1,33,3307,6,1,0,0,3,0,66,150,1,0,0,2,0,10,2009,5,2011,0,0,0,0,0,1,2,55,1,1,2,1,0,0,1,62,2,1,1,51,0,0
33,330042,1,2,6,4,7,9,25,12,2,1,0,25,2,49,442,49442,20,2008,5TDZK23C98S2,5,T,D,Z,K,2,3,C,9,8,S,2,0,P,TOYT,SIE,SV,8,17,4177,,0,1193,,G,,F,6,214,,,16R215,,,,,,0,0,000000000,00000000000,0,0,0,1,0,0,0,0,0,0,0,998,0,0,0,12,12,6,2,12,0,0,0,1,25,2445,6,1,0,0,3,0,68,155,0,0,0,0,0,0,0,0,0,0,36,0,0,0,1,2,35,1,1,2,1,0,0,1,10,1,1,2,50,0,0
33,330042,2,2,1,4,7,9,25,12,2,1,0,33,1,72,706,72706,80,2006,1HD1FRW1X6Y6,1,H,D,1,F,R,W,1,X,6,Y,6,0,M,HD,FCI,RS,6,17,,,,,,,1450,,2,,4,710,,,,,,,0,0,000000000,00000000000,0,0,0,1,0,0,0,0,0,0,0,998,0,0,0,12,12,6,2,12,0,0,0,1,33,3275,6,1,0,0,3,0,67,190,0,0,0,0,0,0,0,0,0,0,0,0,0,0,1,2,35,1,1,2,1,0,0,1,62,1,1,1,51,1,0
33,330043,1,2,1,10,7,16,33,12,6,1,0,33,2,53,705,53705,80,2006,JS1GN7DAX621,J,S,1,G,N,7,D,A,X,6,2,1,0,M,SUZI,K6R,RC,6,17,,,,,,,599,,4,,4,354,,,,,,,0,0,000000000,00000000000,0,0,0,1,0,0,0,0,0,0,0,998,0,0,0,12,12,6,2,12,0,0,0,1,33,3077,6,1,0,0,3,0,70,230,0,0,0,1,0,2,2011,2,2011,1,38,0,0,0,1,2,25,1,1,2,1,0,0,1,6,1,1,1,83,1,0
33,330043,2,2,1,10,7,16,33,12,6,1,0,33,1,6,441,6441,20,2008,2A8HR54P68R7,2,A,8,H,R,5,4,P,6,8,R,7,0,T,CHRY,TOU,ES,8,17,,2,0,1212,TWC,G,,,6,232,,,,,4507,00,,42,0,0,000000000,00000000000,0,0,0,1,0,0,0,0,0,0,0,998,0,0,0,9,9,6,2,12,0,0,0,1,33,3077,6,1,0,0,3,0,65,220,0,0,0,1,0,4,2011,4,2011,0,0,0,0,0,1,2,25,1,1,2,1,0,0,11,15,1,1,1,82,0,0
33,330044,1,2,1,21,7,8,23,12,2,1,0,33,3,48,34,48034,6,1995,4S3BK6556S73,4,S,3,B,K,6,5,5,6,S,7,3,0,P,SUBA,SI4,SW,95,17,3120,,0,1035,,G,,F,4,135,,,15R195,,,,,,0,0,000000000,00000000000,0,0,0,1,0,0,0,0,0,0,0,998,0,0,0,12,12,6,2,12,0,0,0,1,33,3851,6,1,0,0,3,1,60,150,1,0,0,0,0,3,2011,3,2011,0,0,0,0,0,1,2,50,1,1,2,1,0,0,1,10,1,1,2,50,1,0
33,330044,2,2,1,21,7,8,23,12,2,1,0,25,3,87,881,87881,66,2006,1XP5DB0XX6N8,1,X,P,5,D,B,0,X,X,6,N,8,1,T,PTRB,379,TR,6,17,,8,0,0,CON,D,,,6,893,,,,,00000,00,,64,1,57,268904,57268904,3,6,4,1,0,0,0,0,0,0,0,998,0,0,0,12,12,4,3,12,0,0,0,1,33,3848,6,1,6,0,3,0,69,285,0,0,0,0,0,0,0,0,0,0,0,0,0,0,1,2,50,1,1,2,1,0,0,1,60,9,1,2,51,0,0
33,330045,1,1,1,24,7,19,36,30,0,1,0,33,1,72,706,72706,80,2005,1HD1CLP135K4,1,H,D,1,C,L,P,1,3,5,K,4,0,M,HD,20R,RS,5,17,,,,,,,1200,,2,,4,557,,,,,,,0,0,000000000,00000000000,0,0,0,1,0,0,0,0,0,0,0,20,0,0,0,12,12,6,2,30,0,0,0,1,33,3470,6,1,6,1,3,0,66,180,1,1,0,0,0,12,2009,5,2010,0,29,36,0,0,1,2,30,1,1,2,1,0,0,1,13,12,1,5,1,1,1
33,330046,1,2,1,27,7,21,1,12,6,1,0,33,1,12,471,12471,30,2001,1FTYR14E61TA,1,F,T,Y,R,1,4,E,6,1,T,A,0,T,FORD,RNS,PC,1,17,,1,0,1257,RNG,G,,,6,245,,,,B,3271,00,U,42,0,0,000000000,00000000000,0,0,0,1,0,0,0,0,0,0,0,998,0,0,0,1,1,6,2,12,0,0,0,1,33,3275,6,1,0,0,3,0,69,185,1,1,1,1,0,10,2009,2,2011,0,38,0,0,0,1,2,40,1,1,2,1,0,0,11,15,1,1,1,68,0,0
33,330046,2,2,1,27,7,21,1,12,6,1,0,33,1,50,706,50706,80,2008,SMT910K168T3,S,M,T,9,1,0,K,1,6,8,T,3,0,M,TRUM,TBN,RS,8,17,,,,,,,865,,2,,4,451,,,,,,,0,0,000000000,00000000000,0,0,0,1,0,0,0,0,0,0,0,998,0,0,0,12,12,6,2,12,0,0,0,1,33,3038,6,1,0,0,3,1,69,190,0,0,0,0,0,0,0,0,0,0,0,0,0,0,1,2,40,1,1,2,1,0,0,1,62,1,1,1,69,1,0
33,330047,1,3,3,27,7,21,6,12,7,1,0,23,1,37,32,37032,4,2008,1HGCP26728A0,1,H,G,C,P,2,6,7,2,8,A,0,0,P,HOND,UEX,4D,8,17,3392,,0,1102,,G,,F,4,146,,,17R225,,,,,,0,0,000000000,00000000000,0,0,0,1,0,0,0,0,0,0,0,998,1,0,0,82,82,6,2,12,0,0,0,1,23,4280,6,1,0,0,3,0,64,150,0,0,0,0,0,0,0,0,0,0,35,0,0,0,2,3,65,1,1,2,1,98,3,6,11,8,1,2,44,0,0
33,330047,2,3,1,27,7,21,6,12,7,1,0,45,3,82,881,82881,66,2005,1FUJF0CV35LU,1,F,U,J,F,0,C,V,3,5,L,U,1,T,FRHT,112,TR,5,17,,8,0,0,COL,D,,,6,782,,,,,00000,00,,64,1,57,184192,57184192,3,6,2,1,0,0,0,0,0,0,0,998,7,0,0,8,8,4,3,12,0,0,0,1,23,4240,6,1,6,1,3,0,68,260,0,0,0,0,0,0,0,0,0,0,0,0,0,0,2,3,65,1,1,2,1,98,3,1,61,1,1,1,45,0,0
33,330047,3,3,3,27,7,21,6,12,7,1,0,33,1,37,32,37032,4,2009,1HGCP26329A0,1,H,G,C,P,2,6,3,2,9,A,0,0,P,HOND,ULX,4D,9,17,3230,,0,1102,,G,,F,4,146,,,16R215,,,,,,0,0,000000000,00000000000,0,0,0,1,0,0,0,0,0,0,0,998,0,0,0,10,10,6,2,12,0,0,0,1,33,3045,6,1,0,0,3,0,73,265,0,0,0,0,0,0,0,0,0,0,0,0,0,0,2,3,65,1,1,2,1,98,3,1,64,1,1,1,98,1,0
33,330048,1,3,1,31,7,13,40,12,2,1,0,33,1,35,402,35402,14,2010,5N1AN0NW2AC5,5,N,1,A,N,0,N,W,2,A,C,5,0,P,NISS,XTR,UT,10,17,4360,,0,1063,,G,,F,6,244,,,16R265,,,,,,0,0,000000000,00000000000,0,0,0,1,0,0,0,0,0,0,0,998,0,0,0,12,12,6,2,12,0,0,0,1,33,3054,6,1,0,0,3,0,71,185,0,0,0,1,0,7,2009,7,2009,0,36,0,0,0,1,2,55,1,1,2,1,0,0,1,10,1,1,2,50,0,0
33,330048,2,3,4,31,7,13,40,12,2,1,0,24,1,37,441,37441,20,2005,5FNRL38625B0,5,F,N,R,L,3,8,6,2,5,B,0,0,P,HOND,UDY,SV,5,17,4537,,0,1181,,G,,F,6,212,,,16R225,,,,,,0,0,000000000,00000000000,0,0,0,1,0,0,0,0,0,0,0,998,0,0,0,12,12,6,2,12,0,0,0,1,33,3755,6,1,0,0,3,1,70,205,0,0,0,0,0,0,0,0,0,0,0,0,0,0,1,2,55,1,1,2,1,0,0,1,62,9,1,1,51,1,0
33,330048,3,3,2,31,7,13,40,12,2,1,0,25,1,6,43,6043,4,2004,1C3EL46R64N2,1,C,3,E,L,4,6,R,6,4,N,2,0,P,CHRY,SLX,4D,4,17,3106,,0,1080,,G,,F,6,167,,,15R205,,,,,,0,0,000000000,00000000000,0,0,0,1,0,0,0,0,0,0,0,998,0,0,0,11,11,4,3,12,0,0,0,1,25,2790,6,1,0,0,3,0,70,999,0,0,0,0,0,0,0,0,0,0,0,0,0,0,1,2,55,1,1,2,1,0,0,1,62,9,1,2,98,0,0
33,330049,1,2,1,5,8,23,18,42,0,1,0,36,2,76,705,76705,80,1997,JYA3ALE04VA0,J,Y,A,3,A,L,E,0,4,V,A,0,0,M,YAMA,X71,RS,97,17,,,,,,,749,,2,,4,483,,,,,,,0,0,000000000,00000000000,0,0,0,1,0,0,0,0,0,0,0,998,0,0,0,12,12,6,2,42,0,0,0,1,48,76854,6,1,0,0,3,0,999,999,0,0,0,0,0,0,0,0,0,1,36,37,0,0,1,2,45,2,1,2,1,0,0,14,6,9,2,4,7,1,1
33,330049,2,2,1,5,8,23,18,42,0,1,0,48,1,71,706,71706,80,2004,ZDM1UB5T44B0,Z,D,M,1,U,B,5,T,4,4,B,0,0,M,DUCA,,,4,17,,,,,,,,,,,,,,,,,,,0,0,000000000,00000000000,0,0,0,1,0,0,0,0,0,0,0,998,0,0,0,12,12,6,2,42,0,0,0,1,36,13901,6,1,0,0,3,0,67,999,0,0,0,0,0,0,0,0,0,1,36,37,0,0,1,2,45,2,1,2,1,0,0,14,6,9,2,4,98,1,1
33,330050,1,1,2,10,8,17,30,9,0,1,0,33,1,12,481,12481,31,2000,1FTRX18W2YNB,1,F,T,R,X,1,8,W,2,Y,N,B,0,T,FORD,F15,4C,0,17,,2,1574,1388,COF,G,,,8,281,,,,B,4611,04,U,44,0,0,000000000,00000000000,0,0,0,1,0,0,0,0,0,0,0,998,0,0,0,12,12,4,3,9,0,0,0,1,33,3773,6,1,0,0,3,0,74,190,0,0,0,0,1,7,2009,7,2009,0,29,86,0,0,1,2,55,1,1,2,1,0,0,1,13,1,1,4,13,0,0
33,330051,1,1,2,15,8,16,57,24,0,1,0,33,2,12,461,12461,21,2003,1FTNS24L83HB,1,F,T,N,S,2,4,L,8,3,H,B,0,T,FORD,25V,EC,3,17,,2,0,1380,VAN,G,,,8,330,,,,C,00000,00,E,42,0,0,000000000,00000000000,0,0,0,1,0,0,0,0,0,0,0,998,0,1,1,1,81,6,2,1,0,0,0,1,33,3054,6,1,0,0,3,0,67,140,0,0,0,0,0,0,0,0,0,1,36,27,58,0,6,1,65,3,2,2,2,0,0,14,6,9,3,4,98,1,0
33,330052,1,1,3,21,8,1,30,25,0,1,0,33,2,35,402,35402,14,2002,5N1ED28T22C5,5,N,1,E,D,2,8,T,2,2,C,5,0,P,NISS,XTR,UT,2,17,3638,,0,1043,,G,,F,6,201,,,16R265,,,,,,0,0,000000000,00000000000,0,0,0,1,0,0,0,0,0,0,0,998,0,1,1,61,13,6,2,1,0,0,0,1,33,3246,6,1,0,0,3,1,74,170,1,0,0,0,0,8,2009,8,2009,1,36,0,0,0,3,2,55,1,1,2,1,0,0,1,12,1,1,4,6,1,0
33,330053,1,2,1,27,8,0,30,12,1,1,0,33,2,72,706,72706,80,2006,1HD1KBW186Y6,1,H,D,1,K,B,W,1,8,6,Y,6,0,M,HD,FHI,RS,6,17,,,,,,,1450,,2,,4,745,,,,,,,0,0,000000000,00000000000,0,0,0,1,0,0,0,0,0,0,0,998,0,0,0,12,12,6,2,12,0,0,0,1,25,1879,6,1,0,0,2,2,63,999,0,0,0,0,0,0,0,0,0,1,36,74,0,0,2,4,55,1,2,2,1,0,0,1,51,1,1,1,24,1,1
33,330053,2,2,1,27,8,0,30,12,1,1,0,45,2,6,43,6043,2,2002,1C3EL55R12N1,1,C,3,E,L,5,5,R,1,2,N,1,0,P,CHRY,SLI,CV,2,17,3383,,0,1060,,G,,F,6,167,,,16R205,,,,,,0,0,000000000,00000000000,0,0,0,1,0,0,0,0,0,0,0,998,0,0,0,6,6,4,3,12,0,0,0,1,33,3062,6,1,0,0,3,0,62,210,0,0,0,0,0,0,0,0,0,0,0,0,0,0,2,4,55,1,2,2,1,0,0,1,53,1,1,1,25,0,0