STATE,ST_CASE,VEH_NO,VE_FORMS,NUMOCCS,DAY,MONTH,HOUR,MINUTE,HARM_EV,MAN_COLL,UNITTYPE,HIT_RUN,REG_STAT,OWNER,MAKE,MODEL,MAK_MOD,BODY_TYP,MOD_YEAR,VIN,VIN_1,VIN_2,VIN_3,VIN_4,VIN_5,VIN_6,VIN_7,VIN_8,VIN_9,VIN_10,VIN_11,VIN_12,TOW_VEH,VINTYPE,VINMAKE,VINA_MOD,VIN_BT,VINMODYR,VIN_LNGT,VIN_WGT,WGTCD_TR,WHLBS_LG,WHLBS_SH,SER_TR,FUELCODE,MCYCL_DS,CARBUR,CYLINDER,DISPLACE,MCYCL_CY,MCYCL_WT,TIRE_SZE,TON_RAT,TRK_WT,TRKWTVAR,VIN_REST,WHLDRWHL,J_KNIFE,MCARR_I1,MCARR_I2,MCARR_ID,GVWR,V_CONFIG,CARGO_BT,HAZ_INV,HAZ_PLAC,HAZ_ID,HAZ_CNO,HAZ_REL,BUS_USE,SPEC_USE,EMER_USE,TRAV_SP,UNDERIDE,ROLLOVER,ROLINLOC,IMPACT1,IMPACT2,DEFORMED,TOWED,M_HARM,VEH_SC1,VEH_SC2,FIRE_EXP,DR_PRES,L_STATE,DR_ZIP,L_STATUS,L_TYPE,CDL_STAT,L_ENDORS,L_COMPL,L_RESTRI,DR_HGT,DR_WGT,PREV_ACC,PREV_SUS,PREV_DWI,PREV_SPD,PREV_OTH,FIRST_MO,FIRST_YR,LAST_MO,LAST_YR,SPEEDREL,DR_SF1,DR_SF2,DR_SF3,DR_SF4,VTRAFWAY,VNUM_LAN,VSPD_LIM,VALIGN,VPROFILE,VPAVETYP,VSURCOND,VTRAFCON,VTCONT_F,P_CRASH1,P_CRASH2,P_CRASH3,PCRASH4,PCRASH5,ACC_TYPE,DEATHS,DR_DRINK
34,340011,1,1,1,9,1,3,33,8,0,1,0,34,2,54,38,54038,3,2002,JH4DC53002C0,J,H,4,D,C,5,3,0,0,2,C,0,0,P,ACUR,RST,2H,2,17,2767,,0,1012,,G,,F,4,122,,,16R205,,,,,,0,0,000000000,00000000000,0,0,0,1,0,0,0,0,0,0,0,998,0,0,0,12,12,6,2,8,0,0,0,1,34,7071,6,1,0,0,3,0,72,999,1,0,0,0,2,6,2009,7,2010,0,0,0,0,0,1,2,35,1,1,2,2,0,0,1,80,2,1,1,13,0,0
34,340012,1,2,1,14,1,0,25,12,1,1,0,34,1,7,402,7402,14,1999,1B4HS28Y2XF5,1,B,4,H,S,2,8,Y,2,X,F,5,0,P,DODG,DUR,UT,99,17,4397,,0,1159,,G,,F,8,318,,,15R235,,,,,,0,0,000000000,00000000000,0,0,0,1,0,0,0,0,0,0,0,998,0,0,0,6,6,6,2,12,0,0,0,1,34,8854,6,1,0,0,3,3,60,999,2,1,0,1,5,4,2008,9,2010,0,0,0,0,0,3,2,45,1,1,2,1,3,3,3,17,1,1,1,25,0,0
34,340012,2,2,2,14,1,0,25,12,1,1,0,34,2,55,35,55035,4,2007,KMHDU46D97U0,K,M,H,D,U,4,6,D,9,7,U,0,0,P,HYUN,GST,4D,7,17,2723,,0,1043,,G,,F,4,121,,,15R195,,,,,,0,0,000000000,00000000000,0,0,0,1,0,0,0,0,0,0,0,998,0,0,0,12,12,6,2,12,0,0,0,1,34,8759,6,1,0,0,3,0,67,999,1,0,0,0,0,7,2009,7,2009,0,39,0,0,0,3,2,45,1,1,2,1,3,3,1,51,1,1,1,24,1,1
34,340013,1,2,1,11,1,10,51,12,6,1,0,34,2,14,6,14006,4,2001,2MEFM75W81X7,2,M,E,F,M,7,5,W,8,1,X,7,0,P,MERC,MGL,4D,1,17,3948,,0,1147,,G,,F,8,281,,,16R225,,,,,,0,0,000000000,00000000000,0,0,0,1,0,0,0,0,0,0,0,998,0,0,0,1,1,9,2,12,0,0,0,1,34,7470,6,1,0,0,3,0,72,999,1,0,0,0,0,5,2009,5,2009,0,0,0,0,0,1,2,35,1,1,2,1,0,0,1,66,1,1,1,69,1,0
34,340013,2,2,1,11,1,10,51,12,6,1,0,34,1,14,17,14017,4,1999,1MEFM53S1XG6,1,M,E,F,M,5,3,S,1,X,G,6,0,P,MERC,SLS,4D,99,17,3299,,0,1085,,G,,F,6,182,,,15R205,,,,,,0,0,000000000,00000000000,0,0,0,1,0,0,0,0,0,0,0,998,0,0,0,11,11,9,2,12,0,0,0,1,34,7444,6,1,0,0,3,0,66,999,1,0,0,0,0,12,2009,12,2009,0,38,0,0,0,1,2,25,1,1,2,1,20,3,11,15,1,1,1,68,0,0
34,340014,1,1,2,3,2,21,55,18,0,1,0,34,2,12,17,12017,4,1997,1FALP51U5VA2,1,F,A,L,P,5,1,U,5,V,A,2,0,P,FORD,TRG,4D,97,17,3329,,0,1085,,G,,F,6,182,,,15R205,,,,,,0,0,000000000,00000000000,0,0,0,1,0,0,0,0,0,0,0,999,0,0,0,14,9,6,2,42,0,0,0,1,34,8098,6,1,0,0,3,0,64,220,1,1,0,0,3,6,2008,1,2009,0,28,0,0,0,1,2,30,2,2,2,4,0,0,14,5,1,1,2,15,2,0
34,340015,1,1,2,17,1,23,53,42,0,1,0,34,1,49,40,49040,4,2003,4T1BE30K63U7,4,T,1,B,E,3,0,K,6,3,U,7,0,P,TOYT,UXS,4D,3,17,2993,,0,1071,,G,,F,4,144,,,15R205,,,,,,0,0,000000000,00000000000,0,0,0,1,0,0,0,0,0,0,0,998,0,0,0,12,12,6,2,42,0,0,1,1,34,8638,6,1,0,0,3,0,70,999,1,0,0,0,0,9,2010,9,2010,0,87,0,0,0,2,2,55,2,1,2,3,0,0,14,10,1,1,5,6,1,0
34,340017,1,2,1,25,1,2,51,12,1,1,0,36,1,49,32,49032,4,2009,2T1BU40E19C0,2,T,1,B,U,4,0,E,1,9,C,0,0,P,TOYT,CBL,4D,9,17,2723,,0,1024,,G,,F,4,110,,,15R195,,,,,,0,0,000000000,00000000000,0,0,0,1,0,0,0,0,0,0,0,998,0,0,0,12,12,6,2,12,0,0,0,1,36,10308,6,1,0,0,3,0,68,999,0,0,0,0,0,0,0,0,0,0,38,84,0,0,6,1,65,1,1,2,1,0,0,1,50,1,1,1,20,1,1
34,340017,2,2,1,25,1,2,51,12,1,1,0,13,3,51,881,51881,66,2005,4V4NC9GH55N3,4,V,4,N,C,9,G,H,5,5,N,3,1,T,VOLV,VNL,TR,5,17,,8,0,0,VVN,D,,,6,732,,,,,00000,00,,64,1,57,1568271,571568271,3,6,1,1,0,0,0,0,0,0,0,0,0,0,0,6,6,9,2,12,0,0,0,1,99,99999,9,9,99,9,9,9,999,999,99,99,99,99,99,99,9999,99,9999,0,54,0,0,0,6,1,65,1,1,2,1,0,0,5,98,1,1,1,21,0,0
34,340018,1,1,1,10,2,5,55,8,0,1,0,34,1,49,46,49046,4,2009,JTDKB20U4978,J,T,D,K,B,2,0,U,4,9,7,8,0,P,TOYT,PRI,4H,9,17,2932,,0,1063,,B,,F,4,091,,,15R185,,,,,,0,0,000000000,00000000000,0,0,0,1,0,0,0,0,0,0,0,998,0,0,0,12,12,6,2,8,36,0,0,1,34,7746,6,1,0,0,3,3,69,999,0,0,0,0,0,0,0,0,0,0,0,0,0,0,2,2,55,1,1,2,1,0,0,1,80,1,1,1,13,0,0
34,340019,1,1,1,13,2,21,29,8,0,1,1,99,9,99,999,99999,99,9999,999999999999,9,9,9,9,9,9,9,9,9,9,9,9,9,,,,,,,,,,,,,,,,,,,,,,,,,0,0,000000000,00000000000,0,0,0,1,0,0,0,0,0,0,0,998,0,0,0,12,12,9,1,8,0,0,0,1,99,99999,9,9,99,9,9,9,999,999,99,99,99,99,99,99,9999,99,9999,9,99,99,99,99,1,3,40,1,1,2,1,3,3,99,80,1,1,9,13,0,0
34,340020,1,1,1,1,2,20,51,8,0,1,0,42,3,86,881,86881,66,2000,1M1P270Y0YM0,1,M,1,P,2,7,0,Y,0,Y,M,0,1,T,MACK,RD6,TR,0,17,,8,0,0,600,D,,,6,728,,,,,00000,00,,64,1,57,130050,57130050,3,6,1,1,0,0,0,0,0,0,0,998,0,0,0,12,12,9,2,8,0,0,0,1,36,12542,6,1,99,9,3,0,999,999,99,99,99,99,99,99,9999,99,9999,0,0,0,0,0,3,2,40,1,1,2,2,0,0,1,80,1,1,1,13,0,0
34,340021,1,1,1,24,1,6,41,14,0,1,0,18,3,98,809,98809,66,2005,2FWBA3CG25AU,2,F,W,B,A,3,C,G,2,5,A,U,2,T,STRG,A90,TR,5,17,,8,0,0,STE,D,,,6,774,,,,,00000,00,,42,1,57,021800,57021800,3,7,1,1,0,0,0,0,0,0,0,998,0,1,2,12,99,6,2,1,0,0,0,1,9,6615,6,1,6,1,3,0,67,999,98,0,0,0,1,2,2010,2,2010,0,28,0,0,0,3,2,65,1,1,2,1,0,0,1,11,1,1,4,1,1,0
34,340022,1,1,3,24,1,20,26,10,0,1,0,34,2,2,404,2404,14,1994,1J4GZ78SXRC2,1,J,4,G,Z,7,8,S,X,R,C,2,0,T,JEEP,LMT,4W,94,17,,1,0,1059,GCK,G,,,6,242,,,,,3674,00,B,44,0,0,000000000,00000000000,0,0,0,1,0,0,0,0,0,0,0,998,0,0,0,12,12,6,2,10,0,0,0,1,34,7506,6,2,0,0,3,2,69,999,0,1,0,1,1,1,2009,9,2010,0,38,73,0,0,1,2,40,1,2,2,1,65,3,1,90,1,1,1,15,1,0
34,340023,1,1,1,10,2,1,48,48,0,1,0,34,2,37,31,37031,2,1996,1HGEJ8249TL0,1,H,G,E,J,8,2,4,9,T,L,0,0,P,HOND,UAX,CP,96,17,2448,,0,1032,,G,,F,4,097,,,14R185,,,,,,0,0,000000000,00000000000,0,0,0,1,0,0,0,0,0,0,0,998,0,0,0,14,12,6,2,42,0,0,0,1,34,7502,1,1,0,0,2,0,64,999,0,4,0,0,0,2,2008,12,2009,1,28,0,0,0,3,3,55,4,1,1,1,0,0,14,13,1,1,4,1,1,1
34,340024,1,2,2,8,2,9,44,12,6,1,0,34,1,49,32,49032,4,2003,JTDBR32EX320,J,T,D,B,R,3,2,E,X,3,2,0,0,P,TOYT,EEL,4D,3,17,2502,,0,1024,,G,,F,4,109,,,16R205,,,,,,0,0,000000000,00000000000,0,0,0,1,0,0,0,0,0,0,0,998,0,0,0,3,3,9,2,12,0,0,0,1,34,8854,6,1,0,0,3,3,63,999,0,0,0,0,0,0,0,0,0,0,38,0,0,0,1,2,25,1,1,2,2,0,0,11,15,1,1,1,68,1,0
34,340024,2,2,1,8,2,9,44,12,6,1,0,34,3,12,461,12461,21,2001,1FTNE24L61HB,1,F,T,N,E,2,4,L,6,1,H,B,0,T,FORD,25V,CG,1,17,,2,0,1380,VAN,G,,,8,330,,,,C,5012,02,E,42,0,0,000000000,00000000000,0,0,0,1,0,0,0,0,0,0,0,998,0,0,0,12,12,9,2,12,0,0,0,1,34,8831,6,1,0,0,3,0,67,999,1,1,0,1,3,5,2008,10,2010,0,0,0,0,0,1,2,40,1,1,2,2,0,0,1,55,1,1,1,69,0,0
34,340025,1,1,1,4,1,15,13,30,0,1,0,34,1,37,31,37031,2,1998,1HGEJ8242WL1,1,H,G,E,J,8,2,4,2,W,L,1,0,P,HOND,UAX,CP,98,17,2511,,0,1032,,G,,F,4,097,,,14R185,,,,,,0,0,000000000,00000000000,0,0,0,1,0,0,0,0,0,0,0,998,0,1,6,12,12,6,2,1,0,0,0,1,34,8202,6,1,0,0,3,0,63,999,0,0,0,0,0,0,0,0,0,0,28,0,0,0,1,2,50,1,1,2,1,0,0,1,12,1,1,5,6,1,0
34,340026,1,2,1,3,1,16,1,12,2,1,0,18,3,86,881,86881,66,2004,1M1AE05Y54N0,1,M,1,A,E,0,5,Y,5,4,N,0,1,T,MACK,CX6,TR,4,17,,8,0,0,600,D,,,6,728,,,,,00000,00,,64,1,57,63391,5763391,3,6,1,1,0,0,0,0,0,0,0,998,0,0,0,12,12,9,2,12,0,0,0,1,42,19007,6,1,6,0,3,0,71,999,0,0,0,0,0,0,0,0,0,0,0,0,0,0,1,2,40,1,1,2,1,0,0,1,62,2,1,1,51,0,0
34,340026,2,2,1,3,1,16,1,12,2,1,0,34,1,12,481,12481,31,1994,1FTEF15N4RNA,1,F,T,E,F,1,5,N,4,R,N,A,0,T,FORD,F15,PK,94,17,,2,1330,1170,COF,G,,,8,302,,,,B,3886,01,M,42,0,0,000000000,00000000000,0,0,0,1,0,0,0,0,0,0,0,998,0,0,0,12,12,6,2,12,0,0,0,1,34,8210,6,1,6,0,3,0,72,999,0,0,0,0,0,0,0,0,0,0,28,0,0,0,1,2,40,1,1,2,1,0,0,1,10,1,1,2,50,1,0
34,340027,1,1,1,28,1,6,51,41,0,1,0,34,2,20,482,20482,31,2007,3GNFK12347G1,3,G,N,F,K,1,2,3,4,7,G,1,0,T,CHEV,KAV,CW,7,17,,2,0,1300,AVL,F,,,8,323,,,,B,5664,00,,44,0,0,000000000,00000000000,0,0,0,1,0,0,0,0,0,0,0,998,0,0,0,12,12,6,2,42,0,0,0,1,34,8108,6,1,0,0,3,0,71,999,1,3,0,0,1,8,2008,6,2009,0,28,0,0,0,2,2,65,1,1,2,1,0,0,1,13,1,1,5,1,1,0
34,340028,1,1,1,5,1,9,30,9,0,1,0,34,2,24,1,24001,4,1996,1G8ZH5286TZ3,1,G,8,Z,H,5,2,8,6,T,Z,3,0,P,STRN,SL1,4D,96,17,2277,,0,1024,,G,,F,4,116,,,14R175,,,,,,0,0,000000000,00000000000,0,0,0,1,0,0,0,0,0,0,0,998,0,0,0,12,12,9,2,9,0,0,0,1,34,8759,6,1,0,0,3,3,65,999,1,0,0,0,0,10,2009,10,2009,0,38,0,0,0,3,2,50,1,1,2,1,3,3,11,83,1,1,1,13,0,0
34,340029,1,1,2,1,2,12,12,48,0,1,0,34,2,7,20,7020,4,1998,1B3ES47Y8WD5,1,B,3,E,S,4,7,Y,8,W,D,5,0,P,DODG,HSR,4D,98,17,2537,,0,1040,,G,,F,4,122,,,14R185,,,,,,0,0,000000000,00000000000,0,0,0,1,0,0,0,0,0,0,0,998,0,0,0,12,12,6,2,21,0,0,0,1,34,7716,6,1,0,0,3,0,71,999,0,0,0,0,2,7,2008,7,2009,1,36,28,0,0,3,4,65,1,1,2,2,0,0,1,11,1,1,4,1,2,0
34,340030,1,1,1,8,2,21,5,30,0,1,0,34,2,22,16,22016,2,2002,1G2JD12T3271,1,G,2,J,D,1,2,T,3,2,7,1,0,P,PONT,SFG,CP,2,17,2771,,0,1041,,G,,F,4,146,,,16R225,,,,,,0,0,000000000,00000000000,0,0,0,1,0,0,0,0,0,0,0,999,0,0,0,9,9,9,3,30,0,0,0,1,34,8085,6,1,0,0,3,0,73,198,0,0,0,0,0,0,0,0,0,0,87,28,0,0,1,2,40,1,1,2,4,0,0,1,8,1,3,4,7,1,0
34,340031,1,2,1,30,1,7,1,12,6,1,0,34,1,21,20,21020,4,1994,1G3AG55M0R63,1,G,3,A,G,5,5,M,0,R,6,3,0,P,OLDS,CIS,4D,94,17,2818,,0,1049,,G,,F,6,191,,,14R185,,,,,,0,0,000000000,00000000000,0,0,0,1,0,0,0,0,0,0,0,998,0,0,0,9,9,6,2,12,0,0,0,1,34,8302,6,1,0,0,3,0,71,999,0,0,0,0,0,0,0,0,0,0,38,39,0,0,1,2,40,1,1,2,1,20,3,1,17,1,1,1,89,1,0
34,340031,2,2,1,30,1,7,1,12,6,1,0,42,4,49,32,49032,4,2010,1NXBU4EEXAZ2,1,N,X,B,U,4,E,E,X,A,Z,2,0,P,TOYT,CBL,4D,10,17,2723,,0,1024,,G,,F,4,110,,,15R195,,,,,,0,0,000000000,00000000000,0,0,0,1,0,0,0,0,0,0,0,998,0,0,0,12,12,6,2,12,0,0,0,1,34,8302,6,1,0,0,3,0,73,999,1,5,0,1,2,3,2008,7,2010,0,0,0,0,0,1,2,50,1,1,2,1,0,0,1,55,1,1,1,88,0,0
34,340032,1,1,1,13,1,22,46,8,0,1,0,34,1,37,31,37031,4,2007,2HGFA16577H3,2,H,G,F,A,1,6,5,7,7,H,3,0,P,HOND,UCL,4D,7,17,2751,,0,1063,,G,,F,4,110,,,16R205,,,,,,0,0,000000000,00000000000,0,0,0,1,0,0,0,0,0,0,0,999,0,0,0,12,12,9,3,8,0,0,0,1,34,8021,6,1,0,0,3,0,63,999,0,0,0,0,2,1,2009,1,2010,0,0,0,0,0,1,2,45,1,1,2,1,0,0,15,80,1,1,2,13,0,0
34,340033,1,2,3,30,1,3,50,12,6,1,0,34,1,49,44,49044,2,2002,2T1CF22P82C5,2,T,1,C,F,2,2,P,8,2,C,5,0,P,TOYT,CEE,CP,2,17,3230,,0,1051,,G,,F,6,183,,,15R205,,,,,,0,0,000000000,00000000000,0,0,0,1,0,0,0,0,0,0,0,999,0,0,0,82,81,6,2,14,0,0,0,1,34,7102,6,1,0,0,3,0,63,999,0,0,0,0,3,10,2009,10,2010,0,0,0,0,0,1,2,25,1,1,2,2,20,3,11,54,1,1,2,68,1,0
34,340033,2,2,1,30,1,3,50,12,6,1,0,34,1,42,401,42401,14,1998,4JGAB54E7WA0,4,J,G,A,B,5,4,E,7,W,A,0,0,P,MERZ,ML3,UT,98,17,4210,,0,1110,,G,,F,6,195,,,16R255,,,,,,0,0,000000000,00000000000,0,0,0,1,0,0,0,0,0,0,0,999,0,0,0,12,12,6,2,12,0,0,0,1,34,7503,6,1,0,0,3,0,68,999,0,0,0,0,0,0,0,0,0,1,38,36,0,0,1,2,25,1,1,2,2,0,0,1,66,1,1,1,69,0,1
34,340034,1,2,3,4,2,23,52,12,1,1,0,34,3,84,881,84881,62,2006,1HTMPAFM36H2,1,H,T,M,P,A,F,M,3,6,H,2,1,T,INTL,420,CC,6,17,,6,0,0,40S,D,,,8,365,,,,,00000,00,,42,1,88,888888888,88888888888,2,4,3,1,0,0,0,0,0,0,0,0,0,0,0,6,6,6,2,12,0,0,0,1,34,7033,6,1,0,0,3,0,71,999,0,0,0,0,0,0,0,0,0,0,0,0,0,0,3,5,55,1,1,2,1,0,0,5,53,1,1,1,21,0,0
34,340034,2,2,1,4,2,23,52,12,1,1,0,34,1,42,43,42043,4,2004,WDBNG76J54A3,W,D,B,N,G,7,6,J,5,4,A,3,0,P,MERZ,S60,4D,4,17,4610,,0,1215,,G,,T,12,336,,,18R245,,,,,,0,0,000000000,00000000000,0,0,0,1,0,0,0,0,0,0,0,999,0,0,0,12,12,6,2,12,0,0,0,1,34,8837,6,1,0,0,3,0,71,220,1,0,0,1,1,4,2009,8,2009,0,36,0,0,0,3,5,55,1,1,2,1,0,0,1,50,1,1,1,20,1,1
34,340035,1,1,1,26,2,22,24,8,0,1,0,34,2,35,47,35047,4,2003,1N4AL11DX3C2,1,N,4,A,L,1,1,D,X,3,C,2,0,P,NISS,ABS,4D,3,17,2913,,0,1102,,G,,F,4,153,,,16R205,,,,,,0,0,000000000,00000000000,0,0,0,1,0,0,0,0,0,0,0,998,0,0,0,12,12,9,2,8,0,0,0,1,34,7731,6,1,0,0,3,3,62,999,0,0,0,0,0,0,0,0,0,0,0,0,0,0,1,2,35,1,1,2,1,0,0,1,80,9,1,1,13,0,0
34,340036,1,1,1,4,3,2,12,42,0,1,0,34,1,41,47,41047,4,1998,JM1TA2218W14,J,M,1,T,A,2,2,1,8,W,1,4,0,P,MAZD,MIL,4D,98,17,3216,,0,1083,,G,,F,6,152,,,15R205,,,,,,0,0,000000000,00000000000,0,0,0,1,0,0,0,0,0,0,0,999,0,0,0,11,3,9,3,42,0,0,0,1,34,7748,6,1,0,0,3,0,67,999,0,0,0,0,1,1,2009,1,2009,1,28,0,0,0,1,2,40,1,2,2,1,0,0,1,6,1,4,4,7,1,1
34,340037,1,1,3,27,2,2,5,33,0,1,0,34,2,37,32,37032,4,1992,1HGCB7656NL0,1,H,G,C,B,7,6,5,6,N,L,0,0,P,HOND,ALX,4D,92,17,2504,,0,1071,,G,,F,4,132,,,14R185,,,,,,0,0,000000000,00000000000,0,0,0,1,0,0,0,0,0,0,0,998,0,0,0,14,3,6,2,42,0,0,0,1,34,7701,6,2,0,0,3,2,70,999,0,0,0,0,0,0,0,0,0,1,28,73,0,0,1,2,25,1,2,2,1,0,0,1,12,1,1,5,6,1,1
34,340038,1,2,2,19,2,12,21,12,6,1,0,34,2,24,1,24001,4,2001,1G8ZH52891Z2,1,G,8,Z,H,5,2,8,9,1,Z,2,0,P,STRN,SL1,4D,1,17,2360,,0,1024,,G,,F,4,116,,,14R185,,,,,,0,0,000000000,00000000000,0,0,0,1,0,0,0,0,0,0,0,998,0,0,0,3,3,9,2,12,0,0,0,1,34,8088,6,1,0,0,3,0,62,999,0,0,0,0,0,0,0,0,0,0,0,0,0,0,3,3,50,1,1,2,1,3,3,11,55,1,1,1,68,1,0
34,340038,2,2,2,19,2,12,21,12,6,1,0,34,1,7,472,7472,30,2006,1D7HE48K06S6,1,D,7,H,E,4,8,K,0,6,S,6,0,T,DODG,DQS,CW,6,17,,2,0,1309,DAK,G,,,6,225,,,,B,4259,00,E,42,0,0,000000000,00000000000,0,0,0,1,0,0,0,0,0,0,0,998,0,0,0,12,12,9,2,12,0,0,0,1,34,8054,6,1,0,0,3,0,65,999,2,0,0,0,0,1,2010,1,2010,0,39,0,0,0,3,3,50,1,1,2,1,3,3,1,17,1,1,1,69,0,0
34,340039,1,1,1,10,2,17,38,42,0,1,0,34,1,49,47,49047,6,2009,2T1LE40E09C0,2,T,1,L,E,4,0,E,0,9,C,0,0,P,TOYT,CMS,4H,9,17,3360,,0,1024,,G,,F,4,144,,,16R205,,,,,,0,0,000000000,00000000000,0,0,0,1,0,0,0,0,0,0,0,998,0,0,0,12,12,9,2,42,0,0,0,1,34,8054,6,1,0,0,3,0,67,999,1,1,1,1,5,7,2009,12,2010,0,28,0,0,0,6,1,65,1,2,2,1,0,0,1,13,1,1,5,1,1,0
34,340040,1,1,4,7,3,18,31,8,0,1,0,34,2,12,401,12401,14,2001,1FMZU62EX1ZA,1,F,M,Z,U,6,2,E,X,1,Z,A,0,P,FORD,EPR,UT,1,17,3845,,0,1116,,G,,F,6,245,,,15R235,,,,,,0,0,000000000,00000000000,0,0,0,1,0,0,0,0,0,0,0,998,0,0,0,10,10,9,2,8,0,0,0,1,53,98902,6,1,0,0,3,0,65,160,0,0,0,0,0,0,0,0,0,0,0,0,0,0,1,2,45,1,1,2,1,0,0,1,80,1,1,1,13,0,0
34,340041,1,1,1,7,3,8,58,42,0,1,0,34,1,49,43,49043,4,2007,4T1BK36B47U2,4,T,1,B,K,3,6,B,4,7,U,2,0,P,TOYT,UTS,4D,7,17,3495,,0,1071,,G,,F,6,214,,,16R215,,,,,,0,0,000000000,00000000000,0,0,0,1,0,0,0,0,0,0,0,998,0,0,0,12,12,6,2,42,0,0,0,1,34,8226,6,1,0,0,3,0,74,999,1,0,0,0,0,6,2009,6,2009,0,28,0,0,0,1,4,50,1,1,2,1,0,0,1,13,1,1,5,1,1,0
34,340042,1,1,1,17,2,1,42,8,0,1,0,34,1,20,443,20443,20,1997,1GNDX06E5VD1,1,G,N,D,X,0,6,E,5,V,D,1,0,T,CHEV,VTR,ES,97,17,,1,0,1200,VTR,G,,,6,207,,,,,00000,00,,42,0,0,000000000,00000000000,0,0,0,1,0,0,0,0,0,0,0,998,0,0,0,12,12,4,3,8,0,0,0,1,34,7111,6,1,0,0,3,0,70,999,0,4,0,0,2,10,2008,1,2010,0,0,0,0,0,3,3,45,3,1,2,1,98,3,14,80,1,1,1,13,0,0
34,340043,1,1,1,26,2,19,56,8,0,1,0,34,2,30,40,30040,4,2008,3VWRM71K48M1,3,V,W,R,M,7,1,K,4,8,M,1,0,P,VOLK,JSE,4D,8,17,3202,,0,1015,,G,,F,5,151,,,16R205,,,,,,0,0,000000000,00000000000,0,0,0,1,0,0,0,0,0,0,0,998,0,0,0,12,12,6,2,8,0,0,0,1,34,7757,6,1,0,0,3,0,71,999,0,0,0,0,0,0,0,0,0,0,0,0,0,0,3,3,65,1,1,2,1,0,0,1,80,1,1,1,13,0,0
34,340044,1,1,1,14,3,20,15,8,0,1,0,34,1,20,421,20421,15,1997,1GNEK13RXVJ4,1,G,N,E,K,1,3,R,X,V,J,4,0,P,CHEV,KTA,UT,97,17,5225,,0,1175,,G,,F,8,350,,,15R235,,,,,,0,0,000000000,00000000000,0,0,0,1,0,0,0,0,0,0,0,999,0,0,0,12,12,9,3,8,0,0,0,1,34,8733,6,1,0,0,3,0,64,999,0,0,0,0,0,0,0,0,0,0,0,0,0,0,1,2,50,1,1,2,1,0,0,1,80,1,1,1,13,0,0
34,340045,1,2,1,10,1,23,49,33,0,1,0,36,1,55,33,55033,4,2011,5NPEB4AC1BH1,5,N,P,E,B,4,A,C,1,B,H,1,0,P,HYUN,SGL,4D,11,17,3161,,0,1100,,G,,F,4,144,,,16R205,,,,,,0,0,000000000,00000000000,0,0,0,1,0,0,0,0,0,0,0,998,0,0,0,14,9,6,2,12,0,0,0,1,36,11370,6,1,0,0,3,3,59,999,0,0,0,0,0,0,0,0,0,0,28,0,0,0,3,2,55,1,1,2,1,0,0,1,12,1,1,4,6,1,1
34,340045,2,2,1,10,1,23,49,33,0,1,0,34,3,86,881,86881,66,2005,1M1AA18Y35N1,1,M,1,A,A,1,8,Y,3,5,N,1,1,T,MACK,CH6,TR,5,17,,8,0,0,600,D,,,6,728,,,,,00000,00,,64,1,57,907709,57907709,3,6,1,1,0,0,0,0,0,0,0,998,0,0,0,12,12,6,2,12,0,0,0,1,36,11004,6,1,6,1,3,0,68,999,0,0,0,0,0,0,0,0,0,0,0,0,0,0,3,2,55,1,1,2,1,0,0,1,60,3,1,2,98,0,0
34,340046,1,3,1,26,1,1,23,12,1,1,0,18,3,86,881,86881,66,2006,1M1AK01Y76N0,1,M,1,A,K,0,1,Y,7,6,N,0,1,T,MACK,CXN,TR,6,17,,8,0,0,600,D,,,6,728,,,,,00000,00,,42,3,57,63391,5763391,3,6,1,1,0,0,0,0,0,0,0,998,0,0,0,12,12,6,2,12,0,0,0,1,42,18512,6,1,6,1,3,3,72,999,0,0,0,0,0,0,0,0,0,0,38,28,0,0,3,2,55,4,5,2,2,0,0,14,50,1,1,1,20,1,0
34,340046,2,3,1,26,1,1,23,12,1,1,0,51,2,87,881,87881,66,2004,1XP5DB9X14D8,1,X,P,5,D,B,9,X,1,4,D,8,1,T,PTRB,379,TR,4,17,,8,0,0,CON,D,,,6,893,,,,,00000,00,,64,1,57,2037314,572037314,3,6,1,1,0,0,0,0,0,0,0,0,0,0,0,6,6,9,2,12,0,0,0,1,12,32907,6,1,6,1,3,0,70,999,0,2,0,0,0,8,2009,1,2010,0,0,0,0,0,3,2,55,4,5,2,2,0,0,5,53,1,1,1,21,0,0
34,340046,3,3,1,26,1,1,23,12,1,1,0,40,3,23,881,23881,62,2006,1GDJ7C1316F9,1,G,D,J,7,C,1,3,1,6,F,9,0,T,GMC,C7C,CC,6,17,,6,2960,1400,C75,D,,,6,476,,,,,00000,00,,42,0,57,1092543,571092543,2,1,1,1,0,0,0,0,0,0,0,0,0,0,0,6,6,9,2,12,0,0,0,1,34,7103,6,1,6,1,3,0,73,999,2,1,0,2,0,1,2008,10,2010,0,0,0,0,0,3,2,55,4,5,2,2,0,0,5,50,1,1,1,98,0,0
34,340047,1,1,1,20,2,5,0,33,0,1,0,34,3,12,16,12016,4,2006,2FAHP71W46X1,2,F,A,H,P,7,1,W,4,6,X,1,0,P,FORD,CVP,4D,6,17,0,,0,1147,,G,,F,8,281,,,17R235,,,,,,0,0,000000000,00000000000,0,0,0,1,0,0,0,0,0,1,0,998,0,0,0,14,12,6,2,42,0,0,0,1,34,7018,6,1,0,0,3,0,70,999,3,0,0,1,3,3,2008,7,2010,9,28,0,0,0,2,2,25,1,1,2,1,0,0,1,13,1,1,5,1,1,1