STATE,ST_CASE,VEH_NO,VE_FORMS,NUMOCCS,DAY,MONTH,HOUR,MINUTE,HARM_EV,MAN_COLL,UNITTYPE,HIT_RUN,REG_STAT,OWNER,MAKE,MODEL,MAK_MOD,BODY_TYP,MOD_YEAR,VIN,VIN_1,VIN_2,VIN_3,VIN_4,VIN_5,VIN_6,VIN_7,VIN_8,VIN_9,VIN_10,VIN_11,VIN_12,TOW_VEH,VINTYPE,VINMAKE,VINA_MOD,VIN_BT,VINMODYR,VIN_LNGT,VIN_WGT,WGTCD_TR,WHLBS_LG,WHLBS_SH,SER_TR,FUELCODE,MCYCL_DS,CARBUR,CYLINDER,DISPLACE,MCYCL_CY,MCYCL_WT,TIRE_SZE,TON_RAT,TRK_WT,TRKWTVAR,VIN_REST,WHLDRWHL,J_KNIFE,MCARR_I1,MCARR_I2,MCARR_ID,GVWR,V_CONFIG,CARGO_BT,HAZ_INV,HAZ_PLAC,HAZ_ID,HAZ_CNO,HAZ_REL,BUS_USE,SPEC_USE,EMER_USE,TRAV_SP,UNDERIDE,ROLLOVER,ROLINLOC,IMPACT1,IMPACT2,DEFORMED,TOWED,M_HARM,VEH_SC1,VEH_SC2,FIRE_EXP,DR_PRES,L_STATE,DR_ZIP,L_STATUS,L_TYPE,CDL_STAT,L_ENDORS,L_COMPL,L_RESTRI,DR_HGT,DR_WGT,PREV_ACC,PREV_SUS,PREV_DWI,PREV_SPD,PREV_OTH,FIRST_MO,FIRST_YR,LAST_MO,LAST_YR,SPEEDREL,DR_SF1,DR_SF2,DR_SF3,DR_SF4,VTRAFWAY,VNUM_LAN,VSPD_LIM,VALIGN,VPROFILE,VPAVETYP,VSURCOND,VTRAFCON,VTCONT_F,P_CRASH1,P_CRASH2,P_CRASH3,PCRASH4,PCRASH5,ACC_TYPE,DEATHS,DR_DRINK
34,340048,1,1,1,11,2,8,55,8,0,1,1,34,3,98,981,98981,52,1999,4RKMNTFA3XR8,4,R,K,M,N,T,F,A,3,X,R,8,0,U,,,,99,17,,,,,,,,,,,,,,,,,,,0,57,912757,57912757,3,21,22,1,0,0,0,0,6,0,0,998,0,0,0,4,4,0,1,8,0,0,0,1,36,10014,6,1,6,9,8,0,67,999,0,0,0,0,0,0,0,0,0,0,0,0,0,0,1,2,25,1,1,2,1,0,0,4,81,1,1,1,13,0,0
34,340049,1,1,1,18,3,16,45,1,0,1,0,34,1,53,706,53706,80,2004,JS1GW71A7421,J,S,1,G,W,7,1,A,7,4,2,1,0,M,SUZI,GXR,RC,4,17,,,,,,,1298,,4,,4,478,,,,,,,0,0,000000000,00000000000,0,0,0,1,0,0,0,0,0,0,0,998,0,0,0,0,3,6,2,3,0,0,0,1,34,7090,6,1,0,0,3,0,73,999,0,0,0,0,3,7,2008,11,2008,1,28,0,0,0,1,2,40,2,2,2,1,0,0,14,6,3,2,2,98,1,0
34,340050,1,2,1,3,3,18,28,12,6,1,0,34,1,12,17,12017,4,1997,1FALP52U0VA2,1,F,A,L,P,5,2,U,0,V,A,2,0,P,FORD,TAG,4D,97,17,3329,,0,1085,,G,,F,6,182,,,15R205,,,,,,0,0,000000000,00000000000,0,0,0,1,0,0,0,0,0,0,0,998,0,0,0,3,3,9,2,12,0,0,0,1,34,7753,6,1,0,0,3,0,67,999,0,0,0,0,0,0,0,0,0,0,38,0,0,0,1,4,40,1,1,2,1,0,0,11,15,1,1,1,68,1,0
34,340050,2,2,5,3,3,18,28,12,6,1,0,34,3,98,981,98981,52,1999,4RKMNTFA7XR8,4,R,K,M,N,T,F,A,7,X,R,8,0,U,,,,99,17,,,,,,,,,,,,,,,,,,,0,88,888888888,88888888888,3,21,22,1,0,0,0,0,6,0,0,998,0,0,0,12,12,2,1,12,0,0,0,1,34,7712,6,1,6,1,3,0,74,999,0,0,0,0,4,3,2008,1,2010,0,0,0,0,0,1,4,40,1,1,2,1,0,0,1,66,1,1,1,69,0,0
34,340051,1,1,3,24,2,6,19,35,0,1,0,34,1,49,50,49050,3,2010,JTKDE3B71A03,J,T,K,D,E,3,B,7,1,A,0,3,0,P,TOYT,SXC,2H,10,17,2905,,0,1063,,G,,F,4,144,,,17R215,,,,,,0,0,000000000,00000000000,0,0,0,1,0,0,0,0,0,0,0,999,0,1,6,14,11,6,2,1,0,0,0,1,34,7825,6,1,0,0,3,3,74,999,0,0,0,1,0,3,2010,3,2010,1,28,58,0,0,1,2,45,2,1,2,1,0,0,14,6,3,3,4,2,3,0
34,340052,1,1,1,18,3,11,13,8,0,1,0,34,1,49,402,49402,14,2005,JTEGD20VX500,J,T,E,G,D,2,0,V,X,5,0,0,0,P,TOYT,RV4,UT,5,17,2897,,0,980,,G,,F,4,144,,,16R215,,,,,,0,0,000000000,00000000000,0,0,0,1,0,0,0,0,0,0,0,998,0,0,0,6,6,9,2,8,0,0,0,1,34,8008,6,1,0,0,3,3,74,999,0,0,0,0,0,0,0,0,0,0,31,0,0,0,1,2,25,4,2,2,1,0,0,13,82,1,1,7,98,0,0
34,340053,1,2,1,7,2,16,56,12,7,1,0,34,1,37,31,37031,4,2009,19XFA16559E0,1,9,X,F,A,1,6,5,5,9,E,0,0,P,HOND,UCL,4D,9,17,2687,,0,1063,,G,,F,4,110,,,16R205,,,,,,0,0,000000000,00000000000,0,0,0,1,0,0,0,0,0,0,0,999,0,0,0,11,6,6,2,42,0,0,0,1,34,8753,6,1,0,0,3,0,64,999,0,0,0,0,0,0,0,0,0,0,0,0,0,0,2,3,55,1,1,2,1,0,0,1,64,1,1,1,98,0,0
34,340053,2,2,2,7,2,16,56,12,7,1,0,33,2,20,37,20037,4,2010,1G1ZC5E09AF2,1,G,1,Z,C,5,E,0,9,A,F,2,0,P,CHEV,ML1,4D,10,17,3436,,0,1123,,F,,F,4,146,,,17R215,,,,,,0,0,000000000,00000000000,0,0,0,1,0,0,0,0,0,0,0,999,0,1,2,5,81,6,2,1,0,0,0,1,34,8050,1,1,0,0,2,0,62,999,1,4,1,1,5,4,2008,1,2011,0,34,28,0,0,2,3,55,1,1,2,1,0,0,1,11,1,1,2,98,1,0
34,340054,1,5,1,3,2,10,37,12,7,1,0,34,1,48,401,48401,14,2002,JF1SF63562H7,J,F,1,S,F,6,3,5,6,2,H,7,0,P,SUBA,FOR,UT,2,17,3140,,0,994,,G,,F,4,150,,,15R205,,,,,,0,0,000000000,00000000000,0,0,0,1,0,0,0,0,0,0,0,999,0,0,0,1,61,6,2,25,0,0,0,1,34,7856,6,1,0,0,3,3,68,209,0,0,0,0,0,0,0,0,0,0,28,58,0,0,3,3,65,1,1,2,1,0,0,15,11,9,3,2,46,0,0
34,340054,2,5,2,3,2,10,37,12,7,1,0,34,3,84,881,84881,63,1998,1HTSDAAR7WH5,1,H,T,S,D,A,A,R,7,W,H,5,0,T,INTL,490,CC,98,17,,8,2540,1280,40S,D,,,6,466,,,,,00000,00,,42,0,57,411955,57411955,3,1,96,1,0,0,0,0,0,0,0,999,0,1,3,11,13,6,2,1,42,0,0,1,42,18328,6,1,6,0,3,0,71,287,0,0,0,0,0,0,0,0,0,0,0,0,0,0,3,3,65,1,1,2,1,0,0,1,60,1,3,3,45,1,0
34,340054,3,5,1,3,2,10,37,12,7,1,0,34,3,20,461,20461,21,2009,1GCFG15X3911,1,G,C,F,G,1,5,X,3,9,1,1,0,T,CHEV,E15,CG,9,17,,2,0,1350,EXP,G,,,6,262,,,,B,4894,00,,42,0,0,000000000,00000000000,0,0,0,1,0,0,0,0,0,0,0,999,0,0,0,13,13,4,1,54,0,0,0,1,34,7828,6,1,0,0,3,0,70,999,0,0,0,0,0,0,0,0,0,0,0,0,0,0,3,3,65,1,1,2,1,0,0,1,98,1,1,1,98,0,0
34,340054,4,5,1,3,2,10,37,12,7,1,0,34,2,37,402,37402,14,2006,SHSRD78566U4,S,H,S,R,D,7,8,5,6,6,U,4,0,P,HOND,CRV,UT,6,17,3428,,0,1033,,G,,F,4,146,,,16R215,,,,,,0,0,000000000,00000000000,0,0,0,1,0,0,0,0,0,0,0,999,0,0,0,13,13,4,1,54,0,0,0,1,34,7843,6,1,0,0,3,0,70,999,0,0,0,0,0,0,0,0,0,0,0,0,0,0,3,3,65,1,1,2,1,0,0,1,98,1,1,1,98,0,0
34,340054,5,5,1,3,2,10,37,12,7,1,0,34,2,2,404,2404,14,1998,1J4GZ58S6WC2,1,J,4,G,Z,5,8,S,6,W,C,2,0,T,JEEP,LRT,4W,98,17,,1,0,1059,GCK,G,,,6,242,,,,,3708,01,E,44,0,0,000000000,00000000000,0,0,0,1,0,0,0,0,0,0,0,999,0,0,0,12,12,4,1,54,0,0,0,1,34,7626,6,1,0,0,3,3,73,999,0,0,0,0,2,7,2008,4,2010,0,0,0,0,0,3,3,65,1,1,2,1,0,0,1,98,1,1,1,98,0,0
34,340055,1,1,1,12,3,19,45,8,0,1,0,34,2,20,401,20401,14,1998,1GNDT13W0W22,1,G,N,D,T,1,3,W,0,W,2,2,0,P,CHEV,BZR,UT,98,17,4046,,0,1070,,G,,F,6,262,,,15R235,,,,,,0,0,000000000,00000000000,0,0,0,1,0,0,0,0,0,0,0,998,0,0,0,12,12,2,1,8,0,0,0,1,52,99999,9,9,99,9,9,9,999,999,99,99,99,99,99,99,9999,99,9999,0,0,0,0,0,1,2,25,1,1,2,1,3,3,10,80,1,1,1,13,0,0
34,340056,1,2,1,7,3,11,24,12,2,1,0,34,2,12,461,12461,21,2006,1FMEU74E66UA,1,F,M,E,U,7,4,E,6,6,U,A,0,P,FORD,EPR,UT,6,17,4456,,0,1137,,G,,F,6,244,,,17R245,,,,,,0,0,000000000,00000000000,0,0,0,1,0,0,0,0,0,0,0,999,0,0,0,12,12,6,2,12,0,0,0,1,34,8081,6,1,0,0,3,0,70,999,0,0,0,0,0,0,0,0,0,0,28,0,0,0,1,2,45,1,1,2,1,0,0,1,10,1,1,2,50,1,0
34,340056,2,2,1,7,3,11,24,12,2,1,0,34,2,12,422,12422,15,1998,1FMRU18W9WLB,1,F,M,R,U,1,8,W,9,W,L,B,0,P,FORD,EPT,UT,98,17,5177,,0,1190,,G,,F,8,281,,,16R255,,,,,,0,0,000000000,00000000000,0,0,0,1,0,0,0,0,0,0,0,999,0,0,0,12,12,6,2,12,0,0,0,1,34,8081,6,2,0,0,3,3,71,130,0,0,0,1,0,1,2011,1,2011,0,0,0,0,0,1,2,45,1,1,2,1,0,0,1,62,1,1,2,51,0,0
34,340057,1,3,1,18,3,12,48,12,7,1,0,34,1,20,4,20004,2,1996,1G1YY22P0T51,1,G,1,Y,Y,2,2,P,0,T,5,1,0,P,CHEV,CVT,CP,96,17,3298,,0,962,,G,,F,8,350,,,17R255,,,,,,0,0,000000000,00000000000,0,0,0,1,0,0,0,0,0,0,0,999,0,0,0,11,12,9,3,12,0,0,0,1,34,8028,6,1,0,0,3,0,68,999,0,0,0,0,1,10,2010,10,2010,0,28,0,0,0,3,3,45,1,1,2,1,0,0,15,50,6,1,2,47,1,0
34,340057,2,3,1,18,3,12,48,12,7,1,0,34,1,35,39,35039,4,2002,JN1DA31A02T3,J,N,1,D,A,3,1,A,0,2,T,3,0,P,NISS,MGL,4D,2,17,3146,,0,1083,,G,,F,6,214,,,16R215,,,,,,0,0,000000000,00000000000,0,0,0,1,0,0,0,0,0,0,0,0,0,0,0,4,4,9,3,12,0,0,0,1,34,8093,6,1,0,0,3,0,61,999,0,0,0,0,0,0,0,0,0,0,0,0,0,0,3,3,45,1,1,2,1,0,0,5,60,1,1,1,45,0,0
34,340057,3,3,1,18,3,12,48,12,7,1,0,34,1,2,404,2404,14,1994,1J4GZ58S8RC1,1,J,4,G,Z,5,8,S,8,R,C,1,0,T,JEEP,LRO,4W,94,17,,1,0,1059,GCK,G,,,6,242,,,,,3552,00,B,44,0,0,000000000,00000000000,0,0,0,1,0,0,0,0,0,0,0,0,0,0,0,6,6,9,3,12,0,0,0,1,34,8075,6,1,0,0,3,0,72,999,1,0,0,0,2,12,2009,6,2010,0,0,0,0,0,3,3,45,1,1,2,1,0,0,5,61,1,1,1,98,0,0
34,340058,1,3,1,15,2,22,36,24,0,1,0,34,2,37,31,37031,4,1994,1HGEG8651RL0,1,H,G,E,G,8,6,5,1,R,L,0,0,P,HOND,CLX,4D,94,17,2340,,0,1032,,G,,F,4,091,,,14R175,,,,,,0,0,000000000,00000000000,0,0,0,1,0,0,0,0,0,0,0,998,0,0,0,12,12,6,2,12,0,0,0,1,34,8859,6,1,0,0,3,0,70,999,0,0,0,0,2,5,2009,5,2010,1,28,36,0,0,3,5,55,1,1,2,1,0,0,15,6,99,4,4,7,1,0
34,340058,2,3,1,15,2,22,36,24,0,1,0,34,2,55,33,55033,4,2009,5NPET46C59H5,5,N,P,E,T,4,6,C,5,9,H,5,0,P,HYUN,SGL,4D,9,17,3292,,0,1074,,G,,F,4,144,,,16R215,,,,,,0,0,000000000,00000000000,0,0,0,1,0,0,0,0,0,0,0,998,0,0,0,11,11,6,2,12,0,0,0,1,34,7712,6,1,0,0,3,0,62,999,0,0,0,0,0,0,0,0,0,0,0,0,0,0,3,5,55,1,1,2,1,0,0,1,61,1,1,1,98,0,0
34,340058,3,3,1,15,2,22,36,24,0,1,0,34,1,30,40,30040,4,2006,3VWSF71K76M6,3,V,W,S,F,7,1,K,7,6,M,6,0,P,VOLK,JOP,4D,6,17,3118,,0,1015,,G,,F,5,151,,,16R205,,,,,,0,0,000000000,00000000000,0,0,0,1,0,0,0,0,0,0,0,998,0,0,0,11,11,6,2,12,0,0,0,1,34,7724,6,1,0,0,3,3,66,999,0,0,0,0,1,3,2008,3,2008,0,0,0,0,0,3,5,55,1,1,2,1,0,0,1,61,1,1,1,98,0,0
34,340059,1,1,2,22,2,14,1,24,0,1,0,34,1,7,482,7482,31,2008,3D7KS28A08G2,3,D,7,K,S,2,8,A,0,8,G,2,1,T,DODG,SQ2,CW,8,17,,2,1605,1405,RPC,D,,,6,408,,,,C,6034,00,E,44,1,0,000000000,00000000000,0,0,0,1,0,0,0,0,0,0,0,998,0,0,0,12,12,6,2,42,0,0,0,1,34,8109,6,1,0,0,3,0,65,999,0,0,0,0,2,6,2008,5,2010,0,28,0,0,0,1,2,50,1,1,2,1,0,0,1,13,1,1,5,1,1,0
34,340060,1,1,1,13,3,4,38,1,0,1,0,34,1,42,40,42040,1,1993,WDBEA28E7PB9,W,D,B,E,A,2,8,E,7,P,B,9,0,P,MERZ,3E8,4D,93,17,3350,,0,1102,,G,,F,6,171,,,15R195,,,,,,0,0,000000000,00000000000,0,0,0,1,0,0,0,0,0,0,0,998,0,2,6,0,13,9,2,1,0,0,0,1,34,7830,6,1,0,0,3,0,67,999,0,1,0,0,2,4,2008,8,2010,0,28,0,0,0,1,2,45,4,1,2,1,0,0,14,11,1,1,5,1,1,1
34,340061,1,1,2,6,3,4,32,1,0,1,0,34,2,35,39,35039,4,2004,1N4BA41EX4C8,1,N,4,B,A,4,1,E,X,4,C,8,0,P,NISS,MEL,4D,4,17,3310,,0,1112,,G,,F,6,214,,,17R225,,,,,,0,0,000000000,00000000000,0,0,0,1,0,0,0,0,0,0,0,998,0,1,2,0,13,6,2,1,0,0,0,1,34,8094,6,1,0,0,3,3,74,999,1,0,0,2,1,5,2008,11,2009,0,28,0,0,0,3,3,55,1,1,2,1,0,0,1,8,7,1,4,1,1,1
34,340062,1,1,1,18,2,4,55,53,0,1,0,34,1,20,2,20002,4,2007,2G1WT58K0791,2,G,1,W,T,5,8,K,0,7,9,1,0,P,CHEV,IMT,4D,7,17,3674,,0,1105,,F,,F,6,214,,,16R225,,,,,,0,0,000000000,00000000000,0,0,0,1,0,0,0,0,0,0,0,998,0,1,6,12,12,6,2,1,0,0,0,1,34,8638,6,1,0,0,3,0,72,999,1,3,1,1,5,8,2008,11,2010,1,28,0,0,0,1,2,45,3,1,2,1,0,0,14,13,1,1,5,1,1,1
34,340063,1,1,2,3,3,13,57,43,0,1,0,36,1,49,43,49043,4,2009,4T1BK36B09U3,4,T,1,B,K,3,6,B,0,9,U,3,0,P,TOYT,ULT,4D,9,17,3490,,0,1110,,G,,F,6,214,,,16R215,,,,,,0,0,000000000,00000000000,0,0,0,1,0,0,0,0,0,0,0,999,0,0,0,1,12,9,3,21,0,0,0,1,25,1701,6,1,0,0,3,3,70,220,0,0,0,0,0,0,0,0,0,0,28,0,0,0,3,3,65,1,1,2,1,0,0,1,9,2,1,4,1,1,0
34,340065,1,3,1,23,2,6,3,12,6,1,0,34,1,55,36,55036,3,2005,KMHCG35CX5U3,K,M,H,C,G,3,5,C,X,5,U,3,0,P,HYUN,AGS,2H,5,17,2280,,0,961,,G,,F,4,098,,,13R175,,,,,,0,0,000000000,00000000000,0,0,0,1,0,0,0,0,0,0,0,999,0,0,0,3,3,6,2,12,0,0,0,1,34,8088,6,1,0,0,3,3,74,154,1,0,0,0,1,3,2008,1,2009,0,48,0,0,0,1,2,25,1,2,2,1,20,3,11,15,1,1,2,76,1,0
34,340065,2,3,1,23,2,6,3,12,6,1,0,34,3,86,881,86881,63,2004,1M2AG11C34M0,1,M,2,A,G,1,1,C,3,4,M,0,0,T,MACK,CV7,CC,4,17,,8,0,0,700,D,,,6,728,,,,,00000,00,,64,0,57,354713,57354713,3,2,4,1,0,0,0,0,0,0,0,999,0,0,0,12,12,6,2,12,0,0,0,1,34,8015,6,1,6,0,3,0,71,999,1,0,0,0,2,2,2009,11,2009,0,0,0,0,0,1,2,50,1,1,2,1,0,0,1,65,99,1,1,77,0,0
34,340065,3,3,1,23,2,6,3,12,6,1,0,34,1,13,12,13012,4,2005,1LNHM86S05Y6,1,L,N,H,M,8,6,S,0,5,Y,6,0,P,LINC,LLS,4D,5,17,3719,,0,1145,,G,,F,6,182,,,16R225,,,,,,0,0,000000000,00000000000,0,0,0,1,0,0,0,0,0,0,0,999,0,0,0,11,11,6,2,12,0,0,0,1,34,8088,6,1,0,0,3,0,69,999,1,0,0,0,2,4,2008,9,2010,0,0,0,0,0,1,2,50,1,1,2,1,0,0,1,62,1,1,1,98,0,0
34,340066,1,1,8,16,1,3,7,25,0,1,0,34,2,12,422,12422,15,2003,1FMFU18L73LB,1,F,M,F,U,1,8,L,7,3,L,B,0,P,FORD,EPT,UT,3,17,5686,,0,1191,,G,,F,8,330,,,17R265,,,,,,0,0,000000000,00000000000,0,0,0,1,0,0,0,0,0,0,0,999,0,1,1,11,81,6,2,1,0,0,0,1,34,8809,6,1,0,0,3,3,72,999,0,0,0,1,2,4,2008,9,2010,0,28,0,0,0,3,2,50,3,3,1,1,0,0,14,10,1,1,4,6,1,0
34,340067,1,1,1,19,3,5,11,8,0,1,0,34,3,12,461,12461,21,2004,1FTSS34L24HA,1,F,T,S,S,3,4,L,2,4,H,A,0,T,FORD,3SD,EC,4,17,,2,0,1380,VAN,G,,,8,330,,,,D,00000,00,E,42,0,0,000000000,00000000000,0,0,0,1,0,0,0,0,0,0,0,999,0,0,0,12,12,9,3,8,0,0,0,1,34,7094,6,1,0,0,3,0,66,999,0,0,0,1,1,6,2009,10,2010,0,0,0,0,0,1,4,35,1,1,2,1,3,3,1,80,98,1,3,13,0,0
34,340068,1,2,4,17,1,18,53,12,6,1,0,34,2,2,404,2404,14,1995,1J4GZ78Y4SC5,1,J,4,G,Z,7,8,Y,4,S,C,5,0,T,JEEP,L/O,4W,95,17,,1,0,1059,GCK,G,,,8,318,,,,,3552,00,M,44,0,0,000000000,00000000000,0,0,0,1,0,0,0,0,0,0,0,999,0,0,0,12,12,9,3,12,0,0,0,1,34,7034,6,2,0,0,3,0,67,999,0,0,0,0,0,0,0,0,0,0,39,0,0,0,1,2,25,1,1,2,1,20,3,1,17,1,1,1,88,0,0
34,340068,2,2,1,17,1,18,53,12,6,1,0,34,1,37,31,37031,4,2008,1HGFA16558L0,1,H,G,F,A,1,6,5,5,8,L,0,0,P,HOND,UCL,4D,8,17,2751,,0,1063,,G,,F,4,110,,,16R205,,,,,,0,0,000000000,00000000000,0,0,0,1,0,0,0,0,0,0,0,999,0,0,0,9,9,9,3,12,0,0,0,1,34,7054,6,1,0,0,3,0,70,176,0,0,0,1,0,2,2009,2,2009,0,0,0,0,0,1,2,25,1,1,2,1,20,3,1,66,1,1,1,89,1,0
34,340069,1,2,1,17,1,9,0,54,11,1,0,34,3,98,804,98804,63,2004,5KKHAEAS24PM,5,K,K,H,A,E,A,S,2,4,P,M,0,T,WSTR,49F,CC,4,17,,8,0,0,CNV,D,,,6,733,,,,,00000,00,,64,0,34,08371,3408371,3,2,4,1,0,0,0,0,0,0,0,999,0,0,0,12,12,9,4,54,0,0,0,1,34,7026,6,1,6,9,8,0,68,999,0,0,0,0,2,5,2008,7,2008,0,0,0,0,0,1,2,25,1,1,2,1,0,0,1,50,6,1,1,98,0,0
34,340069,2,2,0,17,1,9,0,54,11,1,0,34,6,82,883,82883,66,2007,1FUJA6CV57LY,1,F,U,J,A,6,C,V,5,7,L,Y,1,T,FRHT,COL,TR,7,17,,8,0,0,CON,D,,,6,782,,,,,00000,00,,64,1,57,1013326,571013326,3,6,1,1,0,0,0,0,0,0,0,0,0,0,0,18,6,9,4,8,0,0,0,0,0,99997,7,6,97,7,6,7,998,997,998,998,998,998,998,98,9998,98,9998,8,20,0,0,0,1,2,25,1,1,2,1,0,0,0,53,0,0,0,98,0,0
34,340070,1,2,1,11,1,20,54,12,2,1,0,34,2,55,35,55035,4,2000,KMHJF35F4YU0,K,M,H,J,F,3,5,F,4,Y,U,0,0,P,HYUN,EGS,4D,0,17,2626,,0,1004,,G,,F,4,121,,,14R195,,,,,,0,0,000000000,00000000000,0,0,0,1,0,0,0,0,0,0,0,999,0,0,0,12,12,6,2,12,0,0,0,1,34,8094,6,1,0,0,3,0,64,999,1,0,0,0,1,1,2009,5,2010,1,28,0,0,0,1,2,50,1,1,2,3,0,0,1,10,1,1,2,50,1,1
34,340070,2,2,1,11,1,20,54,12,2,1,0,34,1,20,421,20421,15,2000,1GNEC13R8YR1,1,G,N,E,C,1,3,R,8,Y,R,1,0,P,CHEV,CTA,UT,0,17,4419,,0,1175,,G,,F,8,350,,,16R255,,,,,,0,0,000000000,00000000000,0,0,0,1,0,0,0,0,0,0,0,999,0,0,0,12,12,6,2,12,0,0,0,1,34,8081,6,1,0,0,3,0,71,999,0,0,0,0,0,0,0,0,0,0,0,0,0,0,1,2,50,1,1,2,3,0,0,1,62,1,1,3,51,0,0
34,340071,1,2,1,31,1,11,41,12,6,1,0,34,1,38,402,38402,14,1996,4S2CM58V0T43,4,S,2,C,M,5,8,V,0,T,4,3,0,P,ISU,ROD,UT,96,17,0,,0,1087,,G,,F,6,195,,,16R225,,,,,,0,0,000000000,00000000000,0,0,0,1,0,0,0,0,0,0,0,998,0,0,0,12,12,9,2,12,0,0,0,1,34,8091,6,1,0,0,3,0,67,999,0,0,0,0,0,0,0,0,0,0,38,0,0,0,1,2,50,1,2,2,1,0,0,11,15,1,1,1,68,1,0
34,340071,2,2,1,31,1,11,41,12,6,1,0,34,3,20,2,20002,4,2009,2G1WS57MX913,2,G,1,W,S,5,7,M,X,9,1,3,0,P,CHEV,I/P,4D,9,17,0,,0,1105,,F,,F,6,238,,,16R225,,,,,,0,0,000000000,00000000000,0,0,0,1,0,0,0,0,0,5,0,998,0,0,0,11,11,6,2,12,0,0,0,1,34,8081,6,1,0,0,3,0,76,999,0,0,0,0,0,0,0,0,0,0,0,0,0,0,1,2,50,1,2,2,1,0,0,1,62,1,1,1,69,0,0
34,340072,1,1,1,24,1,8,4,8,0,1,0,34,1,14,21,14021,4,2010,3MEHM0HA7AR6,3,M,E,H,M,0,H,A,7,A,R,6,0,P,MERC,MLN,4D,10,17,3117,,0,1074,,G,,F,4,152,,,16R205,,,,,,0,0,000000000,00000000000,0,0,0,1,0,0,0,0,0,0,0,998,0,0,0,12,12,2,1,8,0,0,0,1,34,7607,6,1,0,0,3,3,68,999,0,0,0,0,0,0,0,0,0,0,0,0,0,0,1,2,35,1,1,2,1,0,0,1,80,1,1,1,13,0,0
34,340073,1,1,2,4,1,18,10,8,0,1,0,34,2,7,41,7041,4,2004,2B3HD46R64H6,2,B,3,H,D,4,6,R,6,4,H,6,0,P,DODG,ISE,4D,4,17,3329,,0,1130,,G,,F,6,167,,,16R225,,,,,,0,0,000000000,00000000000,0,0,0,1,0,0,0,0,0,0,0,998,0,0,0,12,12,6,2,8,0,0,0,1,34,8083,6,1,0,0,3,3,62,999,0,0,0,0,0,0,0,0,0,0,0,0,0,0,1,2,40,1,2,2,1,0,0,1,80,1,1,1,13,0,0
34,340074,1,1,1,9,1,18,55,8,0,1,0,34,2,58,36,58036,4,2003,JNKDA31A63T1,J,N,K,D,A,3,1,A,6,3,T,1,0,P,INFI,I35,4D,3,17,3801,,0,1130,,G,,F,6,214,,,17R215,,,,,,0,0,000000000,00000000000,0,0,0,1,0,0,0,0,0,0,0,998,0,0,0,12,12,9,2,8,0,0,0,1,34,8234,6,1,0,0,3,3,68,999,4,0,0,1,5,8,2008,11,2010,0,0,0,0,0,1,4,40,1,1,2,2,0,0,1,80,1,1,1,13,0,0
34,340075,1,1,1,20,1,0,52,8,0,1,0,34,1,52,34,52034,4,2004,4A3AB46S24E1,4,A,3,A,B,4,6,S,2,4,E,1,0,P,MITS,LSH,4D,4,17,3560,,0,1083,,G,,F,6,231,,,16R215,,,,,,0,0,000000000,00000000000,0,0,0,1,0,0,0,0,0,0,0,998,0,0,0,12,12,9,2,8,0,0,0,1,34,8812,6,1,0,0,3,3,62,999,0,0,0,2,0,1,2010,6,2010,0,0,0,0,0,3,3,55,1,1,2,2,0,0,1,80,1,1,1,13,0,0
34,340076,1,2,2,15,1,12,9,12,6,1,0,34,3,20,443,20443,20,2002,1GNDX03E52D2,1,G,N,D,X,0,3,E,5,2,D,2,0,T,CHEV,VTR,ES,2,17,,1,0,1200,VTR,G,,,6,207,,,,B,3838,00,,42,0,0,000000000,00000000000,0,0,0,1,0,0,0,0,0,0,0,998,0,1,1,9,9,6,2,1,0,0,0,1,34,8201,6,1,0,0,3,0,69,999,0,1,0,2,1,7,2009,4,2010,0,0,0,0,0,1,2,50,1,1,2,1,0,0,1,66,6,1,1,89,1,0
34,340076,2,2,1,15,1,12,9,12,6,1,0,34,1,37,39,37039,5,2007,JHMGD38677S0,J,H,M,G,D,3,8,6,7,7,S,0,0,P,HOND,FIS,4H,7,17,2551,,0,965,,G,,F,4,091,,,15R195,,,,,,0,0,000000000,00000000000,0,0,0,1,0,0,0,0,0,0,0,998,0,0,0,12,12,6,2,12,0,0,0,1,34,8234,6,1,0,0,3,0,68,999,2,0,0,0,2,12,2009,11,2010,0,38,0,0,0,1,2,35,1,1,2,1,20,3,1,17,1,1,1,88,0,0
34,340077,1,6,1,20,2,13,30,12,1,1,0,34,1,37,32,37032,4,1996,1HGCD5666TA0,1,H,G,C,D,5,6,6,6,T,A,0,0,P,HOND,UEX,4D,96,17,2985,,0,1069,,G,,F,4,132,,,15R195,,,,,,0,0,000000000,00000000000,0,0,0,1,0,0,0,0,0,0,0,0,0,0,0,6,6,2,1,12,0,0,0,1,34,7002,6,1,0,0,3,0,71,999,0,5,0,1,3,9,2008,8,2010,0,0,0,0,0,1,2,25,1,1,2,1,3,3,5,53,1,1,1,22,0,0
34,340077,2,6,1,20,2,13,30,12,1,1,0,34,1,18,2,18002,4,2003,1G4HP52K2341,1,G,4,H,P,5,2,K,2,3,4,1,0,P,BUIC,LCF,4D,3,17,3567,,0,1122,,G,,F,6,231,,,15R215,,,,,,0,0,000000000,00000000000,0,0,0,1,0,0,0,0,0,0,0,0,0,0,0,6,6,2,1,12,0,0,0,1,34,7002,6,1,0,0,3,0,64,999,0,0,0,0,0,0,0,0,0,0,0,0,0,0,1,2,25,1,1,2,1,3,3,5,53,1,1,1,98,0,0