STATE,ST_CASE,VEH_NO,VE_FORMS,NUMOCCS,DAY,MONTH,HOUR,MINUTE,HARM_EV,MAN_COLL,UNITTYPE,HIT_RUN,REG_STAT,OWNER,MAKE,MODEL,MAK_MOD,BODY_TYP,MOD_YEAR,VIN,VIN_1,VIN_2,VIN_3,VIN_4,VIN_5,VIN_6,VIN_7,VIN_8,VIN_9,VIN_10,VIN_11,VIN_12,TOW_VEH,VINTYPE,VINMAKE,VINA_MOD,VIN_BT,VINMODYR,VIN_LNGT,VIN_WGT,WGTCD_TR,WHLBS_LG,WHLBS_SH,SER_TR,FUELCODE,MCYCL_DS,CARBUR,CYLINDER,DISPLACE,MCYCL_CY,MCYCL_WT,TIRE_SZE,TON_RAT,TRK_WT,TRKWTVAR,VIN_REST,WHLDRWHL,J_KNIFE,MCARR_I1,MCARR_I2,MCARR_ID,GVWR,V_CONFIG,CARGO_BT,HAZ_INV,HAZ_PLAC,HAZ_ID,HAZ_CNO,HAZ_REL,BUS_USE,SPEC_USE,EMER_USE,TRAV_SP,UNDERIDE,ROLLOVER,ROLINLOC,IMPACT1,IMPACT2,DEFORMED,TOWED,M_HARM,VEH_SC1,VEH_SC2,FIRE_EXP,DR_PRES,L_STATE,DR_ZIP,L_STATUS,L_TYPE,CDL_STAT,L_ENDORS,L_COMPL,L_RESTRI,DR_HGT,DR_WGT,PREV_ACC,PREV_SUS,PREV_DWI,PREV_SPD,PREV_OTH,FIRST_MO,FIRST_YR,LAST_MO,LAST_YR,SPEEDREL,DR_SF1,DR_SF2,DR_SF3,DR_SF4,VTRAFWAY,VNUM_LAN,VSPD_LIM,VALIGN,VPROFILE,VPAVETYP,VSURCOND,VTRAFCON,VTCONT_F,P_CRASH1,P_CRASH2,P_CRASH3,PCRASH4,PCRASH5,ACC_TYPE,DEATHS,DR_DRINK
34,340267,1,1,2,4,6,22,4,42,0,1,0,34,1,32,50,32050,2,2010,WUADUAFG2AN0,W,U,A,D,U,A,F,G,2,A,N,0,0,P,AUDI,R8Q,CP,10,17,3605,,0,1043,,G,,F,8,254,,,19R235,,,,,,0,0,000000000,00000000000,0,0,0,1,0,0,0,0,0,0,0,998,0,1,6,3,3,9,2,42,0,0,0,1,34,8401,6,1,0,0,3,3,72,999,0,0,0,0,3,11,2009,1,2011,1,36,28,0,0,3,2,50,1,1,2,1,0,0,1,6,1,2,5,2,1,1
34,340268,1,1,1,3,5,19,16,33,0,1,0,12,5,53,705,53705,80,2004,JS1GN7CA8421,J,S,1,G,N,7,C,A,8,4,2,1,0,M,SUZI,GSK,RC,4,17,,,,,,,599,,4,,4,354,,,,,,,0,0,000000000,00000000000,0,0,0,1,0,0,0,0,0,0,0,998,0,0,0,14,12,6,2,42,0,0,0,1,34,8360,1,1,0,0,2,0,71,999,0,5,0,0,3,5,2008,5,2011,1,36,28,0,0,1,2,25,1,1,2,1,0,0,1,12,1,1,4,6,1,1
34,340269,1,2,1,1,7,13,37,12,7,1,0,34,2,32,45,32045,2,2009,TRUGF38J5910,T,R,U,G,F,3,8,J,5,9,1,0,0,P,AUDI,TQL,CV,9,17,3130,,0,972,,G,,T,4,121,,,17R225,,,,,,0,0,000000000,00000000000,0,0,0,1,0,0,0,0,0,0,0,999,0,0,0,2,2,9,3,12,0,0,0,1,34,7059,6,1,0,0,3,0,61,999,0,0,0,0,0,0,0,0,0,0,0,0,0,0,3,3,65,2,1,2,1,0,0,14,61,1,1,1,44,0,0
34,340269,2,2,1,1,7,13,37,12,7,1,0,34,3,86,881,86881,63,1999,1M2P324C0XM0,1,M,2,P,3,2,4,C,0,X,M,0,0,T,MACK,RD6,CC,99,17,,8,0,0,600,D,,,6,728,,,,,00000,00,,64,0,88,888888888,88888888888,3,2,4,1,0,0,0,0,0,0,0,999,0,1,5,10,10,6,2,12,0,0,0,1,34,8807,6,1,6,0,3,3,73,331,0,0,0,0,0,0,0,0,0,0,28,0,0,0,3,3,65,2,1,2,1,0,0,14,10,1,1,2,45,1,0
34,340270,1,2,1,16,6,1,8,12,99,1,0,34,1,76,705,76705,80,2002,JYA5AHE022A0,J,Y,A,5,A,H,E,0,2,2,A,0,0,M,YAMA,YZF,RC,2,17,,,,,,,599,,4,,4,416,,,,,,,0,0,000000000,00000000000,0,0,0,1,0,0,0,0,0,0,0,998,0,0,0,99,99,9,9,12,0,0,0,1,34,7036,6,1,0,0,3,0,73,999,1,1,0,1,5,2,2009,5,2011,9,99,99,99,99,3,3,50,4,1,2,1,0,0,99,99,99,9,9,99,1,1
34,340270,2,2,1,16,6,1,8,12,99,1,0,34,1,73,703,73703,80,2007,JKAEXMF117DA,J,K,A,E,X,M,F,1,1,7,D,A,0,M,KAWK,EXF,RC,7,17,,,,,,,248,,2,,4,304,,,,,,,0,0,000000000,00000000000,0,0,0,1,0,0,0,0,0,0,0,998,0,0,0,99,99,9,9,12,0,0,0,1,34,7036,6,1,0,0,3,0,64,999,0,0,0,0,0,0,0,0,0,0,0,0,0,0,3,3,50,4,1,2,1,0,0,99,50,1,1,1,99,0,0
34,340271,1,2,1,30,7,22,34,12,6,1,0,34,1,37,31,37031,2,1996,1HGEJ6224TL0,1,H,G,E,J,6,2,2,4,T,L,0,0,P,HOND,UCD,CP,96,17,2274,,0,1032,,G,,F,4,097,,,13R175,,,,,,0,0,000000000,00000000000,0,0,0,1,0,0,0,0,0,0,0,998,0,0,0,9,9,6,2,12,0,0,0,1,34,8360,6,1,0,0,3,0,62,999,0,0,0,0,1,1,2011,1,2011,0,0,0,0,0,1,2,50,1,2,2,1,0,0,1,55,1,1,1,89,1,0
34,340271,2,2,1,30,7,22,34,12,6,1,0,34,2,49,482,49482,31,2006,5TBDT44186S5,5,T,B,D,T,4,4,1,8,6,S,5,0,T,TOYT,DBS,CW,6,17,,2,0,1283,TUN,G,,,8,285,,,,B,4965,00,U,44,0,0,000000000,00000000000,0,0,0,1,0,0,0,0,0,0,0,998,0,1,6,12,12,6,2,12,0,0,0,1,34,8340,6,1,0,0,3,0,62,999,0,0,0,0,0,0,0,0,0,0,36,39,0,0,1,2,25,1,1,2,1,20,3,1,55,1,1,1,88,0,1
34,340272,1,2,2,27,7,20,28,12,6,1,0,34,1,37,421,37421,15,2007,2HKYF18517H5,2,H,K,Y,F,1,8,5,1,7,H,5,0,P,HOND,PIL,UT,7,17,4524,,0,1063,,G,,F,6,213,,,16R235,,,,,,0,0,000000000,00000000000,0,0,0,1,0,0,0,0,0,0,0,999,0,0,0,12,12,6,2,12,0,0,0,1,34,7726,6,1,0,0,3,0,74,999,0,0,0,0,0,0,0,0,0,0,0,0,0,0,1,2,50,1,1,2,1,0,0,1,62,1,1,1,65,0,0
34,340272,2,2,3,27,7,20,28,12,6,1,0,44,2,37,32,37032,4,2005,1HGCM56705A1,1,H,G,C,M,5,6,7,0,5,A,1,0,P,HOND,UEX,4D,5,17,3203,,0,1079,,G,,F,4,146,,,16R205,,,,,,0,0,000000000,00000000000,0,0,0,1,0,0,0,0,0,0,0,999,0,0,0,3,9,6,2,42,0,0,0,1,44,2816,6,1,0,0,3,0,60,128,0,1,1,1,0,10,2008,9,2009,0,28,0,0,0,1,2,50,1,1,2,1,0,0,1,9,3,4,2,64,1,1
34,340273,1,1,1,29,7,23,44,8,0,1,1,99,9,99,999,99999,99,9999,999999999999,9,9,9,9,9,9,9,9,9,9,9,9,0,,,,,,,,,,,,,,,,,,,,,,,,,0,99,999999999,99999999999,9,99,99,1,0,0,0,0,0,0,0,999,0,0,0,12,12,9,1,8,0,0,0,1,99,99999,9,9,99,9,9,9,999,999,99,99,99,99,99,99,9999,99,9999,0,38,0,0,0,1,2,25,1,1,2,1,3,3,1,80,1,1,1,13,0,0
34,340274,1,2,1,10,8,14,22,12,2,1,0,34,1,35,443,35443,20,2005,5N1BV28U85N1,5,N,1,B,V,2,8,U,8,5,N,1,0,P,NISS,QST,SV,5,17,3914,,0,1240,,G,,F,6,214,,,16R225,,,,,,0,0,000000000,00000000000,0,0,0,1,0,0,0,0,0,0,0,998,0,0,0,12,12,6,2,12,0,0,0,1,34,7820,6,1,0,0,3,0,68,999,0,0,0,0,0,0,0,0,0,0,28,0,0,0,1,3,50,1,2,2,1,0,0,1,10,1,1,2,50,1,0
34,340274,2,2,2,10,8,14,22,12,2,1,0,34,3,20,870,20870,55,2008,1GBJG316X811,1,G,B,J,G,3,1,6,X,8,1,1,0,T,CHEV,CT3,YY,8,17,,3,0,1500,ETV,D,,,8,403,,,,D,4528,04,,42,0,88,888888888,88888888888,2,21,22,1,0,0,0,0,1,0,0,998,0,0,0,12,12,6,2,12,0,0,0,1,34,7843,6,1,6,1,3,3,68,999,1,0,0,0,1,10,2008,11,2009,0,0,0,0,0,1,3,50,1,2,2,1,0,0,1,62,1,1,1,51,0,0
34,340275,1,2,2,3,6,20,39,12,2,1,0,34,2,49,442,49442,20,2002,4T3ZF19C72U4,4,T,3,Z,F,1,9,C,7,2,U,4,0,P,TOYT,SIE,SV,2,17,3919,,0,1142,,G,,F,6,183,,,15R205,,,,,,0,0,000000000,00000000000,0,0,0,1,0,0,0,0,0,0,0,999,0,0,0,12,12,9,3,12,0,0,0,1,34,7439,6,1,0,0,3,0,65,999,1,0,0,0,1,1,2009,8,2010,0,36,38,0,0,1,4,45,1,1,2,1,0,0,11,54,1,1,1,82,0,1
34,340275,2,2,1,3,6,20,39,12,2,1,0,34,1,53,706,53706,80,2000,JS1VS53A5Y21,J,S,1,V,S,5,3,A,5,Y,2,1,0,M,SUZI,VZ8,RS,0,17,,,,,,,805,,2,,4,456,,,,,,,0,0,000000000,00000000000,0,0,0,1,0,0,0,0,0,0,0,999,0,0,0,12,12,9,3,12,0,0,0,1,34,7439,6,1,0,0,3,0,66,220,0,0,0,0,0,0,0,0,0,0,0,0,0,0,1,4,45,1,1,2,1,0,0,1,54,1,1,1,83,1,0
34,340276,1,1,4,31,7,5,44,33,0,1,0,34,2,37,31,37031,4,1994,JHMEG8655RS0,J,H,M,E,G,8,6,5,5,R,S,0,0,P,HOND,CLX,4D,94,17,2340,,0,1032,,G,,F,4,091,,,14R175,,,,,,0,0,000000000,00000000000,0,0,0,1,0,0,0,0,0,0,0,998,0,0,0,14,12,9,2,30,0,0,0,1,34,7017,6,1,0,0,3,0,63,999,1,0,0,0,5,10,2008,7,2011,1,85,0,0,0,4,3,25,1,1,2,1,0,0,1,12,1,1,4,6,1,1
34,340277,1,1,1,10,8,14,39,8,0,1,0,34,1,55,33,55033,4,2011,5NPEC4AC2BH1,5,N,P,E,C,4,A,C,2,B,H,1,0,P,HYUN,SLI,4D,11,17,3199,,0,1100,,G,,F,4,144,,,17R215,,,,,,0,0,000000000,00000000000,0,0,0,1,0,0,0,0,0,0,0,999,0,0,0,82,82,0,1,8,0,0,0,1,34,8005,6,1,0,0,3,0,62,999,0,0,0,0,0,0,0,0,0,0,0,0,0,0,1,2,40,1,1,2,1,0,0,1,81,1,1,1,13,0,0
34,340279,1,2,3,7,5,19,13,58,0,1,0,34,1,49,403,49403,14,2002,JTEHF21AX200,J,T,E,H,F,2,1,A,X,2,0,0,0,P,TOYT,HIG,UT,2,17,3880,,0,1069,,G,,F,6,183,,,16R225,,,,,,0,0,000000000,00000000000,0,0,0,1,0,0,0,0,0,0,0,998,0,0,0,3,12,6,2,12,0,0,0,1,34,7663,6,1,0,0,3,0,66,999,0,0,0,0,0,0,0,0,0,0,0,0,0,0,1,2,25,1,3,2,1,0,0,2,62,8,1,1,98,0,0
34,340279,2,2,1,7,5,19,13,58,0,1,0,34,1,73,709,73709,80,2007,JKAVN2B127A0,J,K,A,V,N,2,B,1,2,7,A,0,0,M,KAWK,VN9,RS,7,17,,,,,,,903,,2,,4,558,,,,,,,0,0,000000000,00000000000,0,0,0,1,0,0,0,0,0,0,0,998,0,0,0,14,12,6,2,12,0,0,0,1,34,7663,6,1,0,0,3,0,70,999,0,0,0,0,0,0,0,0,0,0,82,0,0,0,1,2,25,1,3,2,1,0,0,1,5,3,1,2,98,1,1
34,340281,1,1,1,23,7,19,3,42,0,1,0,34,1,49,40,49040,4,2005,4T1BE32K15U1,4,T,1,B,E,3,2,K,1,5,U,1,0,P,TOYT,XLL,4D,5,17,3108,,0,1071,,G,,F,4,144,,,15R205,,,,,,0,0,000000000,00000000000,0,0,0,1,0,0,0,0,0,0,0,999,0,0,0,10,10,6,2,42,0,0,0,1,34,7755,6,1,0,0,3,0,62,999,0,0,0,0,0,0,0,0,0,1,36,8,28,39,1,2,50,1,1,2,1,0,0,1,6,3,3,4,7,1,1
34,340282,1,2,1,11,6,12,9,12,1,1,0,42,3,93,981,93981,51,2000,1M8PDMTA6YP0,1,M,8,P,D,M,T,A,6,Y,P,0,0,T,MCIN,,,0,17,,,,,,,,,,,,,,,,,,,0,99,999999999,99999999999,3,21,22,1,0,0,0,0,4,0,0,998,0,0,0,12,99,9,9,12,0,0,0,1,42,17111,6,1,6,0,3,0,66,999,0,0,0,0,0,0,0,0,0,0,84,0,0,0,3,3,35,9,9,9,1,0,0,1,2,1,1,1,20,0,0
34,340282,2,2,1,11,6,12,9,12,1,1,0,42,1,37,706,37706,80,2000,JH2SC2603YM0,J,H,2,S,C,2,6,0,3,Y,M,0,0,M,HOND,ST1,RS,0,17,,,,,,,1085,,4,,4,635,,,,,,,0,0,000000000,00000000000,0,0,0,1,0,0,0,0,0,0,0,0,0,0,0,6,99,6,2,12,0,0,0,1,42,17538,6,1,0,0,3,3,66,999,0,0,0,0,0,0,0,0,0,0,99,99,99,99,3,3,35,9,9,9,1,0,0,99,99,99,9,9,21,1,0
34,340283,1,1,2,28,6,2,13,24,0,1,0,34,2,54,38,54038,2,2002,JH4DC53012C0,J,H,4,D,C,5,3,0,1,2,C,0,0,P,ACUR,RST,2H,2,17,2767,,0,1012,,G,,F,4,122,,,16R205,,,,,,0,0,000000000,00000000000,0,0,0,1,0,0,0,0,0,0,0,998,0,1,6,12,12,6,2,24,0,0,0,1,34,8322,6,1,0,0,3,0,68,999,1,0,0,2,2,5,2009,3,2011,1,36,28,0,0,1,2,25,3,1,2,1,0,0,14,6,1,4,4,7,2,1
34,340284,1,2,1,20,8,15,15,12,1,1,0,34,1,3,421,3421,15,2003,5GRGN23U53H1,5,G,R,G,N,2,3,U,5,3,H,1,0,T,HUMM,HH2,4W,3,17,,2,0,1228,HUM,G,,,8,364,,,,C,6400,00,U,44,0,0,000000000,00000000000,0,0,0,1,0,0,0,0,0,0,0,999,0,0,0,12,12,6,2,12,0,0,0,1,34,8401,6,1,0,0,3,0,69,999,2,0,0,1,1,5,2009,6,2010,0,26,0,0,0,3,4,45,1,1,2,1,3,3,1,50,1,1,1,20,0,0
34,340284,2,2,8,20,8,15,15,12,1,1,0,34,1,12,17,12017,6,1993,1FALP5746PA3,1,F,A,L,P,5,7,4,6,P,A,3,0,P,FORD,TAG,SW,93,17,3264,,0,1060,,G,,F,6,232,,,14R205,,,,,,0,0,000000000,00000000000,0,0,0,1,0,0,0,0,0,0,0,0,0,1,1,6,6,6,2,12,0,0,0,1,34,8346,6,1,0,0,3,0,65,999,1,0,0,0,0,5,2009,5,2009,0,48,0,0,0,3,4,45,1,1,2,1,3,3,5,53,1,1,1,22,3,0
34,340285,1,2,2,22,7,10,52,12,1,1,0,34,2,32,42,32042,4,2002,WAULT64B52N0,W,A,U,L,T,6,4,B,5,2,N,0,0,P,AUDI,30Q,4D,2,17,3646,,0,1086,,G,,F,6,182,,,16R215,,,,,,0,0,000000000,00000000000,0,0,0,1,0,0,0,0,0,0,0,0,0,0,0,6,6,9,2,12,0,0,0,1,34,7663,1,1,0,0,2,0,63,999,0,3,0,1,2,4,2010,7,2011,0,92,0,0,0,3,2,50,1,1,2,1,3,3,5,53,1,1,1,21,0,0
34,340285,2,2,1,22,7,10,52,12,1,1,0,34,1,72,706,72706,80,2001,1HD1GDV191Y3,1,H,D,1,G,D,V,1,9,1,Y,3,0,M,HD,FDL,RS,1,17,,,,,,,1450,,2,,4,614,,,,,,,0,0,000000000,00000000000,0,0,0,1,0,0,0,0,0,0,0,998,0,0,0,12,12,6,2,12,0,0,0,1,34,7006,6,1,0,0,3,0,75,999,0,0,0,0,0,0,0,0,0,0,36,0,0,0,3,2,50,1,1,2,1,3,3,1,50,3,2,1,20,1,0
34,340286,1,1,1,6,8,13,40,8,0,1,0,34,1,49,401,49401,14,2007,JTEBU14R0701,J,T,E,B,U,1,4,R,0,7,0,1,0,P,TOYT,RUN,UT,7,17,4300,,0,1098,,G,,F,6,244,,,16R265,,,,,,0,0,000000000,00000000000,0,0,0,1,0,0,0,0,0,0,0,998,0,0,0,12,12,9,2,8,0,0,0,1,34,7470,6,1,0,0,3,0,72,999,1,1,2,0,0,9,2008,10,2008,0,0,0,0,0,1,2,99,1,1,2,1,0,0,1,80,1,1,1,13,0,0
34,340287,1,2,1,20,6,8,36,12,6,1,0,34,2,53,705,53705,80,2009,JS1GR7LA8921,J,S,1,G,R,7,L,A,8,9,2,1,0,M,SUZI,SX7,RC,9,17,,,,,,,750,,4,,4,437,,,,,,,0,0,000000000,00000000000,0,0,0,1,0,0,0,0,0,0,0,999,0,0,0,12,12,6,2,12,0,0,1,1,42,19067,6,1,0,0,3,0,69,999,0,0,0,0,0,0,0,0,0,1,0,0,0,0,2,2,50,1,2,2,1,0,0,1,66,3,2,1,69,1,0
34,340287,2,2,5,20,6,8,36,12,6,1,1,34,2,12,880,12880,67,2007,1FTWW31P87EA,1,F,T,W,W,3,1,P,8,7,E,A,1,T,FORD,F3S,CW,7,17,,3,1720,1560,SRW,D,,,8,366,,,,D,6586,01,E,44,1,88,888888888,88888888888,2,4,1,1,0,0,0,0,0,0,0,999,0,0,0,5,5,9,1,12,0,0,0,1,34,8110,0,0,0,0,0,0,999,999,0,0,0,0,0,0,0,0,0,0,36,38,0,0,2,2,50,1,2,2,1,0,0,11,15,1,1,1,68,0,0
34,340288,1,2,1,22,6,10,16,12,6,1,0,34,1,38,401,38401,14,1997,JACDJ58V1V79,J,A,C,D,J,5,8,V,1,V,7,9,0,P,ISU,TRO,UT,97,17,0,,0,1087,,G,,F,6,195,,,16R245,,,,,,0,0,000000000,00000000000,0,0,0,1,0,0,0,0,0,0,0,998,0,0,0,1,1,4,3,12,0,0,0,1,34,8317,6,2,0,0,3,0,69,999,0,0,0,0,3,7,2008,4,2011,0,38,0,0,0,1,2,50,1,1,2,1,0,0,11,15,1,1,1,68,0,1
34,340288,2,2,4,22,6,10,16,12,6,1,0,34,1,37,31,37031,4,2001,2HGES15521H5,2,H,G,E,S,1,5,5,2,1,H,5,0,P,HOND,UCL,4D,1,17,2465,,0,1031,,G,,F,4,102,,,14R185,,,,,,0,0,000000000,00000000000,0,0,0,1,0,0,0,0,0,0,0,998,0,0,0,12,3,6,2,30,0,0,0,1,34,8360,6,1,0,0,3,0,63,999,0,0,0,0,2,5,2009,3,2010,0,0,0,0,0,1,2,50,1,1,2,1,0,0,1,62,3,1,1,69,1,0
34,340289,1,1,2,17,6,21,44,8,0,1,0,34,1,7,442,7442,20,1998,2B4FP2534WR5,2,B,4,F,P,2,5,3,4,W,R,5,0,P,DODG,CAR,SV,98,17,3428,,0,1133,,G,,F,6,181,,,14R205,,,,,,0,0,000000000,00000000000,0,0,0,1,0,0,0,0,0,0,0,998,0,0,0,12,12,6,2,8,0,0,0,1,34,7827,6,1,0,0,3,3,74,999,0,0,0,0,0,0,0,0,0,0,0,0,0,0,1,2,50,1,5,2,1,0,0,1,80,3,1,1,13,0,0
34,340290,1,1,1,12,7,5,8,53,0,1,0,34,1,2,404,2404,14,1996,1J4EZ58S6TC1,1,J,4,E,Z,5,8,S,6,T,C,1,0,T,JEEP,LRO,4W,96,17,,1,0,1059,GCK,G,,,6,242,,,,,3686,00,E,44,0,0,000000000,00000000000,0,0,0,1,0,0,0,0,0,0,0,998,0,1,1,12,13,6,2,30,0,0,0,1,34,7882,6,1,0,0,3,0,62,110,0,1,0,1,2,9,2008,2,2010,1,28,0,0,0,1,2,40,1,1,2,1,0,0,1,12,3,2,4,7,1,0
34,340291,1,1,1,29,7,22,57,52,0,1,0,34,2,20,37,20037,4,2008,1G1ZJ57B5842,1,G,1,Z,J,5,7,B,5,8,4,2,0,P,CHEV,ML2,4D,8,17,3436,,0,1123,,G,,F,4,146,,,17R225,,,,,,0,0,000000000,00000000000,0,0,0,1,0,0,0,0,0,0,0,998,0,0,0,12,12,9,2,8,0,0,0,1,34,8046,6,1,0,0,3,0,71,999,0,4,0,1,4,12,2008,7,2011,0,28,36,0,0,2,3,65,1,2,2,2,0,0,1,12,1,1,4,6,0,1
34,340292,1,2,1,15,7,15,43,12,8,1,0,34,3,12,481,12481,31,2002,1FTNF20F12EB,1,F,T,N,F,2,0,F,1,2,E,B,0,T,FORD,F2S,PK,2,17,,2,0,1370,SRW,D,,,8,444,,,,C,5316,01,U,42,0,0,000000000,00000000000,0,0,0,1,0,0,0,0,0,0,0,999,0,0,0,11,11,6,2,30,0,0,0,1,34,8004,6,2,0,0,3,3,68,999,0,0,0,0,2,7,2010,8,2010,0,0,0,0,0,1,2,55,1,1,2,1,0,0,1,10,1,1,1,64,1,0
34,340292,2,2,1,15,7,15,43,12,8,1,0,34,1,86,881,86881,63,2007,1M2AG10C27M0,1,M,2,A,G,1,0,C,2,7,M,0,0,T,MACK,CV7,CC,7,17,,8,0,0,700,D,,,6,728,,,,,00000,00,,64,0,88,888888888,88888888888,3,2,1,1,0,0,0,0,0,0,0,999,0,0,0,10,10,9,3,12,0,0,0,1,34,8317,6,1,6,0,3,3,66,999,0,0,0,0,1,12,2009,12,2009,0,0,0,0,0,1,2,55,1,1,2,1,0,0,1,62,7,1,1,65,0,0
34,340293,1,2,1,7,6,1,54,12,6,1,0,34,1,76,705,76705,80,2009,JYARJ06E89A0,J,Y,A,R,J,0,6,E,8,9,A,0,0,M,YAMA,F6S,RC,9,17,,,,,,,600,,4,,4,410,,,,,,,0,0,000000000,00000000000,0,0,0,1,0,0,0,0,0,0,0,998,0,0,0,12,12,6,2,12,0,0,0,1,34,8069,6,1,0,0,2,0,70,999,0,2,0,0,1,8,2008,9,2009,0,33,0,0,0,1,2,45,1,1,2,1,0,0,6,17,1,1,1,73,1,1
34,340293,2,2,1,7,6,1,54,12,6,1,0,42,3,12,461,12461,22,2009,1FCJE39L89DA,1,F,C,J,E,3,9,L,8,9,D,A,0,T,FORD,3CH,IC,9,17,,2,1760,1380,CSC,G,,,8,330,,,,B,00000,00,A,42,0,0,000000000,00000000000,0,0,0,1,0,0,0,0,0,0,0,998,0,0,0,10,10,6,2,12,0,0,0,1,34,8075,6,1,0,0,3,3,67,999,0,0,0,0,0,0,0,0,0,0,0,0,0,0,1,2,45,1,1,2,1,0,0,11,60,1,1,1,72,0,0
34,340294,1,3,1,31,7,1,19,8,0,1,0,34,2,34,35,34035,4,2005,WBANB33555CN,W,B,A,N,B,3,3,5,5,5,C,N,0,P,BMW,545,4D,5,17,3748,,0,1137,,G,,F,8,268,,,18R245,,,,,,0,0,000000000,00000000000,0,0,0,1,0,0,0,0,0,0,0,998,0,0,0,12,12,6,2,8,0,0,0,1,34,7630,6,1,0,0,3,3,72,999,0,0,0,0,0,0,0,0,0,0,0,0,0,0,3,2,55,1,2,2,1,0,0,1,80,1,1,1,13,0,0
34,340294,2,3,4,31,7,1,19,8,0,1,0,42,1,37,32,37032,4,2009,5KBCP36879B5,5,K,B,C,P,3,6,8,7,9,B,5,0,P,HOND,AXL,4D,9,17,3600,,0,1102,,G,,F,6,214,,,17R225,,,,,,0,0,000000000,00000000000,0,0,0,1,0,0,0,0,0,0,0,998,0,0,0,14,14,0,1,8,0,0,0,1,42,19335,6,1,0,0,3,0,75,999,0,0,0,0,0,0,0,0,0,0,0,0,0,0,3,3,55,1,2,2,1,0,0,1,80,1,1,1,98,0,0
34,340294,3,3,2,31,7,1,19,8,0,1,0,42,1,48,45,48045,4,2011,4S3BMBK67B32,4,S,3,B,M,B,K,6,7,B,3,2,0,P,SUBA,25L,4D,11,17,3451,,0,1083,,G,,F,4,150,,,17R215,,,,,,0,0,000000000,00000000000,0,0,0,1,0,0,0,0,0,0,0,998,0,0,0,14,14,0,1,8,0,0,0,1,42,18069,6,1,6,0,3,0,72,999,0,0,0,0,0,0,0,0,0,0,0,0,0,0,3,3,55,1,2,2,1,0,0,1,80,1,1,1,98,0,0
34,340295,1,1,1,9,8,2,19,24,0,1,0,34,1,53,705,53705,80,2005,JS1GN7CA0521,J,S,1,G,N,7,C,A,0,5,2,1,0,M,SUZI,GSK,RC,5,17,,,,,,,599,,4,,4,355,,,,,,,0,0,000000000,00000000000,0,0,0,1,0,0,0,0,0,0,0,999,0,0,0,4,12,6,2,58,0,0,0,1,34,8345,6,1,0,0,3,0,65,999,0,0,0,1,4,2,2009,7,2011,1,28,0,0,0,1,2,35,2,2,2,1,0,0,14,13,1,1,4,1,1,1
34,340296,1,2,1,15,7,12,19,12,8,1,0,34,1,54,31,54031,4,1996,JH4DB7651TS0,J,H,4,D,B,7,6,5,1,T,S,0,0,P,ACUR,ILS,4D,96,17,2709,,0,1031,,G,,F,4,112,,,14R195,,,,,,0,0,000000000,00000000000,0,0,0,1,0,0,0,0,0,0,0,999,0,0,0,11,11,6,2,12,0,0,0,1,34,8070,6,1,0,0,3,0,59,115,0,2,0,0,0,2,2011,3,2011,0,35,34,0,0,1,2,50,1,3,2,1,0,0,6,54,1,1,1,64,1,0
34,340296,2,2,1,15,7,12,19,12,8,1,0,34,1,20,471,20471,30,1992,1GCCS14R5N81,1,G,C,C,S,1,4,R,5,N,8,1,0,T,CHEV,S14,PK,92,17,,1,1179,1083,S,G,,,6,173,,,,B,2645,01,,42,0,0,000000000,00000000000,0,0,0,1,0,0,0,0,0,0,0,999,0,0,0,1,1,6,2,12,0,0,0,1,34,8074,6,1,0,0,3,0,65,198,0,0,0,0,1,6,2010,6,2010,0,0,0,0,0,1,2,50,1,3,2,1,0,0,1,62,1,1,1,65,1,1
34,340297,1,2,2,10,8,18,26,12,6,1,0,34,1,13,5,13005,4,2002,1LNHM97V12Y6,1,L,N,H,M,9,7,V,1,2,Y,6,0,P,LINC,CON,4D,2,17,3895,,0,1090,,G,,F,8,281,,,16R225,,,,,,0,0,000000000,00000000000,0,0,0,1,0,0,0,0,0,0,0,998,0,0,0,9,9,6,2,12,0,0,0,1,34,8861,6,1,0,0,3,3,70,999,0,0,0,0,0,0,0,0,0,0,0,0,0,0,1,2,25,1,1,2,1,20,3,11,55,1,1,1,82,0,0
34,340297,2,2,1,10,8,18,26,12,6,1,0,34,1,53,706,53706,80,2005,JS1GW71A3521,J,S,1,G,W,7,1,A,3,5,2,1,0,M,SUZI,G13,RC,5,17,,,,,,,1298,,4,,4,478,,,,,,,0,0,000000000,00000000000,0,0,0,1,0,0,0,0,0,0,0,998,0,0,0,12,12,6,2,12,0,0,0,1,34,7735,6,1,0,0,3,0,66,999,0,0,0,0,0,0,0,0,0,1,38,0,0,0,1,4,45,1,1,2,1,0,0,1,17,1,1,1,83,1,0
34,340298,1,3,2,22,8,18,42,12,1,1,0,34,1,14,6,14006,4,2006,2MEFM74W76X6,2,M,E,F,M,7,4,W,7,6,X,6,0,P,MERC,GMG,4D,6,17,4137,,0,1146,,G,,F,8,281,,,16R225,,,,,,0,0,000000000,00000000000,0,0,0,1,0,0,0,0,0,0,0,0,0,0,0,6,6,2,1,12,0,0,0,1,34,8628,6,1,0,0,3,0,71,999,0,0,0,0,0,0,0,0,0,0,0,0,0,0,1,2,35,1,1,2,1,0,0,11,15,1,1,1,98,0,0