STATE,ST_CASE,VEH_NO,VE_FORMS,NUMOCCS,DAY,MONTH,HOUR,MINUTE,HARM_EV,MAN_COLL,UNITTYPE,HIT_RUN,REG_STAT,OWNER,MAKE,MODEL,MAK_MOD,BODY_TYP,MOD_YEAR,VIN,VIN_1,VIN_2,VIN_3,VIN_4,VIN_5,VIN_6,VIN_7,VIN_8,VIN_9,VIN_10,VIN_11,VIN_12,TOW_VEH,VINTYPE,VINMAKE,VINA_MOD,VIN_BT,VINMODYR,VIN_LNGT,VIN_WGT,WGTCD_TR,WHLBS_LG,WHLBS_SH,SER_TR,FUELCODE,MCYCL_DS,CARBUR,CYLINDER,DISPLACE,MCYCL_CY,MCYCL_WT,TIRE_SZE,TON_RAT,TRK_WT,TRKWTVAR,VIN_REST,WHLDRWHL,J_KNIFE,MCARR_I1,MCARR_I2,MCARR_ID,GVWR,V_CONFIG,CARGO_BT,HAZ_INV,HAZ_PLAC,HAZ_ID,HAZ_CNO,HAZ_REL,BUS_USE,SPEC_USE,EMER_USE,TRAV_SP,UNDERIDE,ROLLOVER,ROLINLOC,IMPACT1,IMPACT2,DEFORMED,TOWED,M_HARM,VEH_SC1,VEH_SC2,FIRE_EXP,DR_PRES,L_STATE,DR_ZIP,L_STATUS,L_TYPE,CDL_STAT,L_ENDORS,L_COMPL,L_RESTRI,DR_HGT,DR_WGT,PREV_ACC,PREV_SUS,PREV_DWI,PREV_SPD,PREV_OTH,FIRST_MO,FIRST_YR,LAST_MO,LAST_YR,SPEEDREL,DR_SF1,DR_SF2,DR_SF3,DR_SF4,VTRAFWAY,VNUM_LAN,VSPD_LIM,VALIGN,VPROFILE,VPAVETYP,VSURCOND,VTRAFCON,VTCONT_F,P_CRASH1,P_CRASH2,P_CRASH3,PCRASH4,PCRASH5,ACC_TYPE,DEATHS,DR_DRINK
34,340329,1,2,1,1,7,2,3,12,6,1,0,24,4,82,881,82881,66,2005,1FUJA6CK05LV,1,F,U,J,A,6,C,K,0,5,L,V,0,T,FRHT,COL,TR,5,17,,8,0,0,CON,D,,,6,858,,,,,00000,00,,64,0,57,161300,57161300,3,5,96,1,0,0,0,0,0,0,0,999,0,0,0,12,12,6,2,12,0,0,0,1,42,19007,6,1,6,1,3,0,74,999,1,0,0,0,0,8,2010,8,2010,0,0,0,0,0,3,3,50,1,1,2,1,3,3,1,55,1,1,1,88,0,0
34,340329,2,2,1,1,7,2,3,12,6,1,0,34,2,48,401,48401,14,2002,JF1SF63542H7,J,F,1,S,F,6,3,5,4,2,H,7,0,P,SUBA,FOR,UT,2,17,3140,,0,994,,G,,F,4,150,,,15R205,,,,,,0,0,000000000,00000000000,0,0,0,1,0,0,0,0,0,0,0,999,0,0,0,9,9,6,2,12,0,0,0,1,34,8046,1,1,0,0,2,3,63,214,0,0,0,0,0,0,0,0,0,0,39,0,0,0,3,3,50,1,1,2,1,3,3,1,55,1,1,1,89,1,1
34,340330,1,1,1,18,6,18,31,8,0,1,0,34,3,98,981,98981,52,2011,1N9416044BA1,1,N,9,4,1,6,0,4,4,B,A,1,0,U,,,,11,17,,,,,,,,,,,,,,,,,,,0,57,074293,57074293,3,21,22,1,0,0,0,0,6,0,0,999,0,0,0,4,4,0,1,8,0,0,0,1,34,7055,6,1,6,1,3,0,69,999,0,0,0,0,0,0,0,0,0,0,0,0,0,0,1,4,25,2,2,2,1,3,3,11,81,1,1,1,13,0,0
34,340331,1,2,1,13,8,14,27,12,7,1,0,25,1,12,401,12401,14,2001,1FMZU72E81ZA,1,F,M,Z,U,7,2,E,8,1,Z,A,0,P,FORD,EPR,UT,1,17,4045,,0,1116,,G,,F,6,245,,,15R235,,,,,,0,0,000000000,00000000000,0,0,0,1,0,0,0,0,0,0,0,999,0,1,1,7,99,6,2,12,0,0,0,1,25,2744,1,1,0,0,2,2,66,165,0,0,0,0,0,0,0,0,0,0,74,0,0,0,3,3,55,1,2,2,1,0,0,1,61,1,4,2,44,1,0
34,340331,2,2,2,13,8,14,27,12,7,1,1,24,9,12,17,12017,4,2003,1FAFP53223G2,1,F,A,F,P,5,3,2,2,3,G,2,0,P,FORD,TSE,4D,3,17,3336,,0,1085,,F,,F,6,182,,,16R215,,,,,,0,0,000000000,00000000000,0,0,0,1,0,0,0,0,0,0,0,999,0,0,0,1,99,9,1,12,0,0,0,1,99,99999,9,9,99,9,9,9,999,999,99,99,99,99,99,99,9999,99,9999,0,27,0,0,0,3,3,55,1,2,2,1,0,0,15,51,1,1,1,45,0,0
34,340332,1,1,1,19,6,19,52,33,0,1,0,34,1,53,706,53706,80,2002,JS1GW71A6221,J,S,1,G,W,7,1,A,6,2,2,1,0,M,SUZI,GXR,RC,2,17,,,,,,,1299,,4,,4,478,,,,,,,0,0,000000000,00000000000,0,0,0,1,0,0,0,0,0,0,0,998,0,0,0,14,12,6,2,59,0,0,0,1,34,8610,6,1,6,0,3,0,74,999,1,0,0,0,1,6,2009,6,2009,0,28,85,0,0,2,2,40,3,1,2,1,0,0,14,60,7,9,4,2,1,0
34,340333,1,1,1,24,7,12,30,33,0,1,0,34,1,76,705,76705,80,2002,JYA5AHE032A0,J,Y,A,5,A,H,E,0,3,2,A,0,0,M,YAMA,YZF,RC,2,17,,,,,,,599,,4,,4,416,,,,,,,0,0,000000000,00000000000,0,0,0,1,0,0,0,0,0,0,0,999,0,0,0,14,12,6,2,42,0,0,0,1,34,8046,6,1,0,0,3,0,76,198,1,1,0,0,4,9,2009,2,2011,1,36,28,0,0,2,2,40,2,2,2,1,0,0,98,13,1,1,4,1,1,0
34,340334,1,2,4,31,7,11,9,12,8,1,0,34,3,12,481,12481,31,2007,1FTPX14V07NA,1,F,T,P,X,1,4,V,0,7,N,A,0,T,FORD,F15,4C,7,17,,2,1630,1330,COF,F,,,8,329,,,,B,4297,16,E,44,0,0,000000000,00000000000,0,0,0,1,0,0,0,0,0,0,0,998,0,0,0,1,1,6,2,12,0,0,0,1,34,8361,6,1,0,0,3,0,71,999,0,0,0,0,0,0,0,0,0,0,28,0,0,0,1,2,50,1,1,2,1,0,0,1,51,6,1,2,64,0,0
34,340334,2,2,4,31,7,11,9,12,8,1,0,42,1,12,442,12442,20,1999,2FMDA534XXBB,2,F,M,D,A,5,3,4,X,X,B,B,0,T,FORD,WSL,ES,99,17,,1,0,1207,WIN,G,,,6,232,,,,B,4270,00,E,42,0,0,000000000,00000000000,0,0,0,1,0,0,0,0,0,0,0,998,0,0,0,1,1,6,2,12,0,0,0,1,42,19029,6,1,0,0,3,0,64,999,0,0,0,0,1,9,2008,9,2008,0,0,0,0,0,1,2,50,1,1,2,1,0,0,1,62,1,1,1,65,1,0
34,340335,1,1,1,17,7,8,23,31,0,1,0,34,2,14,17,14017,4,2002,1MEFM50U62G6,1,M,E,F,M,5,0,U,6,2,G,6,0,P,MERC,SGP,4D,2,17,3379,,0,1085,,G,,F,6,182,,,16R215,,,,,,0,0,000000000,00000000000,0,0,0,1,0,0,0,0,0,0,0,999,0,0,0,11,10,6,2,42,0,0,0,1,34,8242,6,1,0,0,3,0,72,245,0,0,0,0,0,0,0,0,0,1,28,0,0,0,2,2,65,1,1,2,1,0,0,1,12,7,3,4,7,1,1
34,340336,1,1,1,26,8,18,55,35,0,1,0,42,2,12,461,12461,21,2006,1FTNE24W66DA,1,F,T,N,E,2,4,W,6,6,D,A,0,T,FORD,25V,CG,6,17,,2,0,1380,VAN,G,,,8,281,,,,C,5141,00,E,42,0,0,000000000,00000000000,0,0,0,1,0,0,0,0,0,0,0,999,0,0,0,14,12,6,2,42,0,0,0,1,34,8318,1,1,0,0,2,0,70,999,1,5,0,0,0,4,2009,3,2011,1,36,39,0,0,6,1,98,1,2,2,1,20,3,1,13,1,1,4,1,1,0
34,340337,1,1,1,8,9,1,11,1,0,1,0,34,1,12,402,12402,14,2001,1FMYU04161KE,1,F,M,Y,U,0,4,1,6,1,K,E,0,P,FORD,SPE,UT,1,17,3186,,0,1031,,G,,F,6,181,,,15R225,,,,,,0,0,000000000,00000000000,0,0,0,1,0,0,0,0,0,0,0,998,0,2,1,0,13,6,2,3,0,0,0,1,34,7017,6,1,0,0,3,3,64,130,0,1,0,0,0,10,2010,10,2010,0,28,58,87,0,3,3,55,2,2,2,6,0,0,14,5,7,4,2,98,1,0
34,340338,1,1,1,23,8,1,35,1,0,1,0,34,1,72,706,72706,80,1997,1HD1CGP18VY2,1,H,D,1,C,G,P,1,8,V,Y,2,0,M,HD,20C,RS,97,17,,,,,,,1200,,2,,4,483,,,,,,,0,0,000000000,00000000000,0,0,0,1,0,0,0,0,0,0,0,999,0,0,0,0,3,6,2,1,0,0,0,1,34,8802,6,1,0,0,3,0,70,220,0,3,0,0,1,3,2010,7,2011,1,36,35,0,0,1,2,35,2,2,2,1,0,0,14,6,1,1,2,98,1,1
34,340339,1,2,1,22,8,20,21,1,0,1,0,34,1,73,706,73706,80,2011,JKAEXEC10BDA,J,K,A,E,X,E,C,1,0,B,D,A,0,M,KAWK,E6C,RC,11,17,,,,,,,649,,2,,4,441,,,,,,,0,0,000000000,00000000000,0,0,0,1,0,0,0,0,0,0,0,999,0,0,0,0,3,6,2,1,0,0,0,1,34,8619,6,1,0,0,3,0,65,999,0,0,0,0,0,0,0,0,0,1,57,0,0,0,2,2,65,2,1,2,1,0,0,6,6,3,2,2,98,1,1
34,340339,2,2,1,22,8,20,21,1,0,1,0,34,1,37,706,37706,80,2006,999999999999,9,9,9,9,9,9,9,9,9,9,9,9,0,,,,,,,,,,,,,,,,,,,,,,,,,0,0,000000000,00000000000,0,0,0,1,0,0,0,0,0,0,0,999,0,0,0,12,12,4,3,12,0,0,0,1,34,8629,6,1,0,0,3,0,66,999,0,0,0,0,0,0,0,0,0,0,0,0,0,0,2,2,65,2,1,2,1,0,0,6,51,3,2,4,98,0,0
34,340340,1,1,4,3,10,4,37,42,0,1,0,42,3,20,401,20401,14,2002,1GNET16S0261,1,G,N,E,T,1,6,S,0,2,6,1,0,P,CHEV,TRL,UT,2,17,5020,,0,1290,,G,,F,6,256,,,17R245,,,,,,0,0,000000000,00000000000,0,0,0,1,0,0,0,0,0,0,0,999,0,0,0,12,12,6,2,42,0,0,0,1,42,18014,6,1,0,0,3,0,69,999,0,0,0,0,1,2,2009,2,2009,0,28,0,0,0,1,2,45,2,1,2,2,0,0,14,13,1,1,4,1,1,0
34,340341,1,1,1,5,8,1,37,30,0,1,0,34,1,18,2,18002,4,1990,1G4HP54C9LH5,1,G,4,H,P,5,4,C,9,L,H,5,0,P,BUIC,LCF,4D,90,17,3175,,0,1108,,G,,F,6,231,,,14R205,,,,,,0,0,000000000,00000000000,0,0,0,1,0,0,0,0,0,0,0,999,0,0,0,12,12,6,2,30,0,0,0,1,34,8234,6,1,0,0,3,0,70,999,1,0,0,0,1,6,2010,7,2010,0,27,0,0,0,1,2,50,1,1,2,1,0,0,1,12,9,3,4,2,1,1
34,340342,1,2,1,26,7,10,3,12,6,1,0,34,2,49,32,49032,4,2005,1NXBR32EX5Z4,1,N,X,B,R,3,2,E,X,5,Z,4,0,P,TOYT,UCS,4D,5,17,2530,,0,1024,,G,,F,4,109,,,15R185,,,,,,0,0,000000000,00000000000,0,0,0,1,0,0,0,0,0,0,0,998,0,0,0,11,12,6,2,12,0,0,0,1,34,8098,6,1,0,0,3,0,60,999,0,0,0,0,0,0,0,0,0,0,28,0,0,0,1,2,50,4,1,2,1,0,0,99,10,1,1,2,64,1,0
34,340342,2,2,1,26,7,10,3,12,6,1,0,34,3,85,881,85881,66,2005,1XKADU9X45J0,1,X,K,A,D,U,9,X,4,5,J,0,1,T,KW,T60,TR,5,17,,8,2600,1600,CON,D,,,6,763,,,,,00000,00,,64,1,57,0085873,570085873,3,6,1,1,0,0,0,0,0,0,0,998,0,0,0,8,8,9,1,12,0,0,0,1,10,19701,6,1,6,1,3,0,73,201,0,0,0,0,0,0,0,0,0,0,0,0,0,0,1,2,50,4,1,2,1,0,0,14,62,7,9,9,65,0,0
34,340343,1,1,1,19,9,19,23,8,0,1,0,34,3,12,461,12461,21,2002,1FTSE34L42HB,1,F,T,S,E,3,4,L,4,2,H,B,0,T,FORD,3SD,CG,2,17,,2,0,1380,VAN,G,,,8,330,,,,D,5472,00,E,42,0,0,000000000,00000000000,0,0,0,1,0,0,0,0,0,0,0,998,0,0,0,7,7,0,3,8,0,0,0,1,34,8879,6,1,0,0,3,0,72,999,1,0,0,0,3,1,2010,1,2011,0,0,0,0,0,1,2,25,1,1,2,1,0,0,1,81,1,1,1,13,0,0
34,340344,1,1,5,25,6,22,51,9,0,1,0,34,3,12,481,12481,31,2011,1FT7W2BT4BEA,1,F,T,7,W,2,B,T,4,B,E,A,0,T,FORD,F2S,CW,11,17,,2,1724,1562,SRW,D,,,8,409,,,,C,6560,01,7,44,0,0,000000000,00000000000,0,0,0,1,0,0,0,0,0,0,0,999,0,0,0,12,12,4,3,9,0,0,0,1,34,8088,6,1,0,0,3,0,65,999,0,0,0,1,2,9,2010,10,2010,0,38,0,0,0,1,2,50,1,1,2,1,0,0,11,83,1,1,1,13,0,0
34,340345,1,1,6,2,7,17,59,1,0,1,0,42,1,12,422,12422,15,2000,1FMPU18L7YLA,1,F,M,P,U,1,8,L,7,Y,L,A,0,P,FORD,EPT,UT,0,17,5401,,0,1191,,G,,F,8,330,,,16R255,,,,,,0,0,000000000,00000000000,0,0,0,1,0,0,0,0,0,0,0,999,0,2,3,0,13,6,2,1,0,0,0,1,42,19146,6,1,6,0,3,0,68,999,2,0,0,0,0,4,2011,5,2011,0,58,0,0,0,2,2,65,1,2,2,1,0,0,1,3,6,4,4,7,1,0
34,340346,1,1,1,23,7,0,58,33,0,1,0,34,1,12,16,12016,4,2000,2FAFP71WXYX1,2,F,A,F,P,7,1,W,X,Y,X,1,0,P,FORD,CVP,4D,0,17,3946,,0,1147,,G,,F,8,281,,,16R225,,,,,,0,0,000000000,00000000000,0,0,0,1,0,0,0,0,0,0,0,999,0,0,0,14,12,6,2,2,0,0,1,1,34,8638,6,1,6,0,3,0,68,999,0,0,0,0,0,0,0,0,0,1,36,27,0,0,1,4,40,1,1,2,1,0,0,1,12,1,1,4,6,1,1
34,340347,1,1,1,6,8,15,35,1,0,1,0,34,1,73,706,73706,80,2007,JKAVN2D177A0,J,K,A,V,N,2,D,1,7,7,A,0,0,M,KAWK,VD9,RS,7,17,,,,,,,903,,2,,4,595,,,,,,,0,0,000000000,00000000000,0,0,0,1,0,0,0,0,0,0,0,998,0,0,0,0,98,9,3,1,0,0,0,1,34,8081,6,1,0,0,3,0,71,209,1,0,0,0,2,3,2010,10,2010,0,27,0,0,0,2,3,65,2,2,1,1,0,0,15,9,1,2,4,7,1,0
34,340348,1,1,1,25,8,1,9,8,0,1,0,34,1,12,37,12037,4,2010,1FAHP3FN9AW1,1,F,A,H,P,3,F,N,9,A,W,1,0,P,FORD,FSE,4D,10,17,2623,,0,1029,,G,,F,4,122,,,15R195,,,,,,0,0,000000000,00000000000,0,0,0,1,0,0,0,0,0,0,0,999,0,0,0,12,12,4,3,8,0,0,0,1,34,8753,6,1,0,0,3,0,68,999,0,0,0,0,0,0,0,0,0,0,0,0,0,0,1,2,35,1,1,2,1,0,0,1,80,1,1,1,13,0,1
34,340349,1,2,1,17,6,3,24,1,0,1,0,34,1,53,705,53705,80,2007,JS1GN7DA7721,J,S,1,G,N,7,D,A,7,7,2,1,0,M,SUZI,G60,RC,7,17,,,,,,,599,,4,,4,354,,,,,,,0,0,000000000,00000000000,0,0,0,1,0,0,0,0,0,0,0,998,0,0,0,0,99,9,2,12,0,0,0,1,34,7017,6,1,0,0,3,0,71,999,0,0,0,1,2,8,2008,3,2011,0,28,0,0,0,3,4,55,3,1,2,2,0,0,14,9,1,9,2,98,1,1
34,340349,2,2,1,17,6,3,24,1,0,1,1,99,9,99,999,99999,99,9999,999999999999,9,9,9,9,9,9,9,9,9,9,9,9,9,,,,,,,,,,,,,,,,,,,,,,,,,0,99,999999999,99999999999,9,99,99,1,0,0,0,0,99,99,9,999,9,0,0,12,99,9,1,12,0,0,0,1,99,99999,9,9,99,9,9,9,999,999,99,99,99,99,99,99,9999,99,9999,0,84,0,0,0,3,4,55,3,1,2,2,0,0,14,50,1,1,1,98,0,0
34,340350,1,2,2,23,8,5,8,12,2,1,0,34,3,58,37,58037,4,2010,JN1CV6AR7AM4,J,N,1,C,V,6,A,R,7,A,M,4,0,P,INFI,GAW,4D,10,17,3807,,0,1122,,G,,F,6,226,,,17R225,,,,,,0,0,000000000,00000000000,0,0,0,1,0,0,0,0,0,0,0,999,0,0,0,12,12,6,2,12,0,0,0,1,36,10306,6,1,0,0,3,0,68,999,0,1,0,0,0,6,2009,6,2009,0,36,27,0,0,1,2,50,2,1,2,1,0,0,14,54,3,2,2,50,1,0
34,340350,2,2,1,23,8,5,8,12,2,1,0,34,1,82,881,82881,66,2000,1FUYSSEB7YLG,1,F,U,Y,S,S,E,B,7,Y,L,G,1,T,FRHT,FC2,TR,0,17,,8,0,0,CON,D,,,6,774,,,,,00000,00,,64,1,57,046957,57046957,3,6,1,1,0,0,0,0,0,0,0,999,0,0,0,12,12,4,3,12,0,0,0,1,34,7105,6,1,6,0,3,0,66,999,0,0,0,0,5,5,2009,3,2011,0,0,0,0,0,1,2,50,2,1,2,1,0,0,14,62,6,1,2,51,0,0
34,340351,1,1,2,17,9,5,50,8,0,1,0,34,3,12,461,12461,21,2006,1FTNS24W96HA,1,F,T,N,S,2,4,W,9,6,H,A,0,T,FORD,25V,EC,6,17,,2,0,1380,VAN,G,,,8,281,,,,C,5366,00,E,42,0,0,000000000,00000000000,0,0,0,1,0,0,0,0,0,0,0,999,0,0,0,11,11,9,3,8,0,0,0,1,34,7305,6,1,0,0,3,0,66,999,1,0,0,0,0,6,2010,6,2010,0,38,0,0,0,1,4,25,1,2,1,1,0,0,4,80,1,1,2,13,0,0
34,340352,1,2,2,5,10,10,21,12,6,1,0,36,2,49,43,49043,4,1998,4T1BF18B0WU2,4,T,1,B,F,1,8,B,0,W,U,2,0,P,TOYT,UVS,4D,98,17,3340,,0,1071,,G,,F,6,183,,,15R205,,,,,,0,0,000000000,00000000000,0,0,0,1,0,0,0,0,0,0,0,999,0,0,0,12,12,6,2,12,0,0,0,1,42,18436,6,1,0,0,3,0,69,999,0,0,0,0,0,0,0,0,0,0,0,0,0,0,3,2,50,1,1,2,1,3,3,1,65,1,1,2,98,0,0
34,340352,2,2,2,5,10,10,21,12,6,1,0,34,2,22,18,22018,4,2004,1G2NE52F04M5,1,G,2,N,E,5,2,F,0,4,M,5,0,P,PONT,GAS,4D,4,17,3066,,0,1070,,G,,F,4,134,,,15R215,,,,,,0,0,000000000,00000000000,0,0,0,1,0,0,0,0,0,0,0,999,0,0,0,3,4,6,2,12,0,0,0,1,34,7306,6,1,0,0,3,0,69,999,0,1,0,1,0,3,2011,9,2011,0,38,48,36,0,3,2,50,1,1,2,1,3,3,12,55,1,4,2,98,1,0
34,340353,1,2,1,26,9,18,57,12,6,1,0,34,3,55,35,55035,4,2010,KMHDU4AD4AU0,K,M,H,D,U,4,A,D,4,A,U,0,0,P,HYUN,BGS,4D,10,17,2723,,0,1043,,G,,F,4,121,,,15R195,,,,,,0,0,000000000,00000000000,0,0,0,1,0,0,0,0,0,0,0,998,0,1,1,12,13,6,2,12,0,0,0,1,34,8731,6,1,0,0,3,3,72,999,0,0,0,0,0,0,0,0,0,0,0,0,0,0,1,2,50,1,1,2,1,3,3,1,55,1,1,1,69,0,0
34,340353,2,2,4,26,9,18,57,12,6,1,0,34,1,12,23,12023,4,2006,3FAFP071X6R1,3,F,A,F,P,0,7,1,X,6,R,1,0,P,FORD,F/E,4D,6,17,3101,,0,1074,,G,,F,6,183,,,16R205,,,,,,0,0,000000000,00000000000,0,0,0,1,0,0,0,0,0,0,0,998,0,0,0,11,11,6,2,12,0,0,0,1,34,8701,6,1,0,0,3,3,66,999,0,0,0,0,0,0,0,0,0,0,38,0,0,0,1,2,50,1,1,2,1,3,3,11,55,1,1,1,68,1,0
34,340354,1,2,1,7,10,15,27,12,2,1,0,34,1,55,33,55033,4,2006,5NPEU46C36H1,5,N,P,E,U,4,6,C,3,6,H,1,0,P,HYUN,SGX,4D,6,17,3458,,0,1074,,G,,F,4,144,,,17R225,,,,,,0,0,000000000,00000000000,0,0,0,1,0,0,0,0,0,0,0,998,0,0,0,12,12,6,2,12,0,0,0,1,34,8755,6,1,0,0,3,0,67,154,0,0,0,0,0,0,0,0,0,0,0,0,0,0,1,3,45,2,1,2,1,0,0,14,62,1,1,1,51,1,0
34,340354,2,2,2,7,10,15,27,12,2,1,0,34,1,2,403,2403,14,2007,1J4GA59177L2,1,J,4,G,A,5,9,1,7,7,L,2,0,T,JEEP,SAH,4W,7,17,,1,0,1160,WRA,G,,,6,230,,,,,4269,00,4,44,0,0,000000000,00000000000,0,0,0,1,0,0,0,0,0,0,0,998,0,0,0,12,12,6,2,12,0,0,0,1,34,8757,6,1,0,0,3,3,66,999,0,0,0,0,0,0,0,0,0,0,27,0,0,0,1,3,45,2,1,2,1,0,0,14,54,1,1,2,50,0,0
34,340355,1,1,1,15,9,7,36,1,0,1,0,34,2,12,401,12401,14,1996,1FMDU35P0TZB,1,F,M,D,U,3,5,P,0,T,Z,B,0,P,FORD,EPR,UT,96,17,4189,,0,1115,,G,,F,8,302,,,15R225,,,,,,0,0,000000000,00000000000,0,0,0,1,0,0,0,0,0,0,0,998,0,2,1,0,13,6,2,1,0,0,0,1,34,8831,1,1,0,0,2,0,66,999,0,2,0,0,0,8,2011,9,2011,0,28,58,0,0,3,3,65,1,2,2,1,98,3,1,9,7,4,2,98,1,0
34,340356,1,2,1,2,6,14,6,12,8,1,0,34,2,20,37,20037,4,2004,1G1ZS54834F2,1,G,1,Z,S,5,4,8,3,4,F,2,0,P,CHEV,MAL,4D,4,17,3174,,0,1063,,G,,F,6,214,,,15R205,,,,,,0,0,000000000,00000000000,0,0,0,1,0,0,0,0,0,0,0,0,0,0,0,11,11,9,3,12,0,0,0,1,34,8103,6,1,0,0,3,0,67,999,1,0,0,0,0,6,2009,6,2009,0,0,0,0,0,1,2,25,1,1,2,1,3,3,5,62,1,1,1,65,0,0
34,340356,2,2,1,2,6,14,6,12,8,1,0,34,5,76,705,76705,80,2007,JYARJ06E97A0,J,Y,A,R,J,0,6,E,9,7,A,0,0,M,YAMA,F6S,RC,7,17,,,,,,,600,,4,,4,357,,,,,,,0,0,000000000,00000000000,0,0,0,1,0,0,0,0,0,0,0,999,0,0,0,11,12,9,3,12,0,0,0,1,34,8103,0,0,0,0,0,0,999,175,0,0,0,0,0,0,0,0,0,1,36,57,0,0,1,2,25,1,1,2,1,3,3,98,6,99,1,2,64,1,0
34,340357,1,1,1,15,8,13,10,3,0,1,0,34,1,12,37,12037,2,2009,1FAHP32NX9W2,1,F,A,H,P,3,2,N,X,9,W,2,0,P,FORD,FSE,CP,9,17,2588,,0,1029,,G,,F,4,122,,,16R205,,,,,,0,0,000000000,00000000000,0,0,0,1,0,0,0,0,0,0,0,998,0,0,0,0,0,6,2,3,0,0,0,1,34,8052,6,1,0,0,3,0,62,999,1,0,0,0,1,12,2010,12,2010,9,28,0,0,0,1,2,25,1,1,2,99,0,0,99,99,99,9,9,0,1,1
34,340358,1,1,1,27,9,15,31,8,0,1,0,34,3,93,981,93981,51,2008,1M8PDMFA48P0,1,M,8,P,D,M,F,A,4,8,P,0,0,T,MCIN,,,8,17,,,,,,,,,,,,,,,,,,,0,57,074293,57074293,3,21,22,1,0,0,0,0,4,0,0,999,0,0,0,14,14,0,3,8,0,0,0,1,34,7205,6,1,6,1,3,3,69,999,0,0,0,0,0,0,0,0,0,0,0,0,0,0,1,2,25,1,1,2,1,0,0,1,81,1,1,1,13,0,0
34,340359,1,1,2,4,10,21,34,11,0,1,0,34,2,41,51,41051,4,2008,JM1BK34M3818,J,M,1,B,K,3,4,M,3,8,1,8,0,P,MAZD,MS3,4H,8,17,3153,,0,1039,,G,,T,4,140,,,18R215,,,,,,0,0,000000000,00000000000,0,0,0,1,0,0,0,0,0,0,0,998,0,0,0,12,3,6,2,42,0,0,0,1,34,7107,6,1,0,0,3,0,68,999,0,0,0,0,0,0,0,0,0,1,36,28,83,0,1,2,40,1,1,2,1,0,0,1,87,1,1,1,13,1,0
34,340360,1,1,1,3,10,22,34,8,0,1,0,34,1,49,44,49044,2,1999,2T1CF28P5XC1,2,T,1,C,F,2,8,P,5,X,C,1,0,P,TOYT,CEE,CP,99,17,3230,,0,1051,,G,,F,6,183,,,15R205,,,,,,0,0,000000000,00000000000,0,0,0,1,0,0,0,0,0,0,0,998,0,0,0,1,1,9,2,8,0,0,0,1,34,7728,6,1,0,0,3,0,68,999,0,0,0,0,0,0,0,0,0,0,0,0,0,0,2,3,55,1,1,2,1,0,0,1,80,1,1,1,13,0,0
34,340361,1,1,1,5,7,17,37,31,0,1,0,34,1,35,43,35043,4,2009,3N1AB61EX9L6,3,N,1,A,B,6,1,E,X,9,L,6,0,P,NISS,SL2,4D,9,17,2897,,0,1057,,G,,F,4,122,,,15R205,,,,,,0,0,000000000,00000000000,0,0,0,1,0,0,0,0,0,0,0,998,0,0,0,12,12,6,2,42,0,0,0,1,34,7747,6,1,0,0,3,0,72,999,0,0,0,0,0,0,0,0,0,1,28,0,0,0,6,1,65,2,1,2,1,0,0,14,99,3,1,5,6,1,1
34,340362,1,1,1,30,3,8,6,8,0,1,0,34,3,12,461,12461,21,2006,1FTNE24L76DA,1,F,T,N,E,2,4,L,7,6,D,A,0,T,FORD,25V,CG,6,17,,2,0,1380,VAN,G,,,8,330,,,,C,5141,00,E,42,0,0,000000000,00000000000,0,0,0,1,0,0,0,0,0,0,0,998,0,0,0,12,12,9,2,8,0,0,0,1,34,7003,6,1,0,0,3,0,72,999,1,0,0,0,2,11,2009,9,2010,0,38,0,0,0,1,2,25,1,1,2,1,0,0,11,80,1,1,1,13,0,0
34,340363,1,2,1,17,10,22,7,12,6,1,0,34,1,6,43,6043,2,1998,3C3EL45H3WT3,3,C,3,E,L,4,5,H,3,W,T,3,0,P,CHRY,SJX,CV,98,17,3267,,0,1060,,G,,F,6,152,,,15R205,,,,,,0,0,000000000,00000000000,0,0,0,1,0,0,0,0,0,0,0,999,0,0,0,11,11,6,2,12,0,0,0,1,34,7114,6,1,0,0,3,0,73,999,0,0,0,0,2,3,2011,6,2011,0,0,0,0,0,1,2,25,1,1,2,1,20,3,11,55,1,1,1,82,0,0
34,340363,2,2,1,17,10,22,7,12,6,1,0,34,2,76,706,76706,80,2001,JYARJ04E31A0,J,Y,A,R,J,0,4,E,3,1,A,0,0,M,YAMA,R6L,RC,1,17,,,,,,,599,,4,,4,365,,,,,,,0,0,000000000,00000000000,0,0,0,1,0,0,0,0,0,0,0,999,0,0,0,12,12,6,2,12,0,0,0,1,34,7050,6,1,0,0,3,0,71,999,0,0,0,0,1,2,2010,2,2010,0,0,0,0,0,1,2,25,1,1,2,1,0,0,1,66,1,1,1,83,1,1
34,340364,1,1,1,28,6,11,43,8,0,1,0,34,1,37,32,37032,4,2006,1HGCM66556A0,1,H,G,C,M,6,6,5,5,6,A,0,0,P,HOND,UEX,4D,6,17,3437,,0,1079,,G,,F,6,183,,,17R215,,,,,,0,0,000000000,00000000000,0,0,0,1,0,0,0,0,0,0,0,998,0,0,0,12,12,6,2,8,0,0,0,1,34,8757,6,1,0,0,3,0,72,999,0,0,0,0,0,0,0,0,0,0,38,0,0,0,1,2,25,4,2,2,1,0,0,14,80,1,1,1,13,0,0