STATE,ST_CASE,VEH_NO,VE_FORMS,NUMOCCS,DAY,MONTH,HOUR,MINUTE,HARM_EV,MAN_COLL,UNITTYPE,HIT_RUN,REG_STAT,OWNER,MAKE,MODEL,MAK_MOD,BODY_TYP,MOD_YEAR,VIN,VIN_1,VIN_2,VIN_3,VIN_4,VIN_5,VIN_6,VIN_7,VIN_8,VIN_9,VIN_10,VIN_11,VIN_12,TOW_VEH,VINTYPE,VINMAKE,VINA_MOD,VIN_BT,VINMODYR,VIN_LNGT,VIN_WGT,WGTCD_TR,WHLBS_LG,WHLBS_SH,SER_TR,FUELCODE,MCYCL_DS,CARBUR,CYLINDER,DISPLACE,MCYCL_CY,MCYCL_WT,TIRE_SZE,TON_RAT,TRK_WT,TRKWTVAR,VIN_REST,WHLDRWHL,J_KNIFE,MCARR_I1,MCARR_I2,MCARR_ID,GVWR,V_CONFIG,CARGO_BT,HAZ_INV,HAZ_PLAC,HAZ_ID,HAZ_CNO,HAZ_REL,BUS_USE,SPEC_USE,EMER_USE,TRAV_SP,UNDERIDE,ROLLOVER,ROLINLOC,IMPACT1,IMPACT2,DEFORMED,TOWED,M_HARM,VEH_SC1,VEH_SC2,FIRE_EXP,DR_PRES,L_STATE,DR_ZIP,L_STATUS,L_TYPE,CDL_STAT,L_ENDORS,L_COMPL,L_RESTRI,DR_HGT,DR_WGT,PREV_ACC,PREV_SUS,PREV_DWI,PREV_SPD,PREV_OTH,FIRST_MO,FIRST_YR,LAST_MO,LAST_YR,SPEEDREL,DR_SF1,DR_SF2,DR_SF3,DR_SF4,VTRAFWAY,VNUM_LAN,VSPD_LIM,VALIGN,VPROFILE,VPAVETYP,VSURCOND,VTRAFCON,VTCONT_F,P_CRASH1,P_CRASH2,P_CRASH3,PCRASH4,PCRASH5,ACC_TYPE,DEATHS,DR_DRINK
34,340400,1,1,1,11,9,1,10,33,0,1,0,34,1,76,706,76706,80,2008,JYARN20E48A0,J,Y,A,R,N,2,0,E,4,8,A,0,0,M,YAMA,YFR,RC,8,17,,,,,,,998,,4,,4,390,,,,,,,0,0,000000000,00000000000,0,0,0,1,0,0,0,0,0,0,0,999,0,0,0,14,11,9,3,42,0,0,0,1,34,7104,6,1,0,0,3,3,70,220,1,0,0,1,0,1,2010,4,2010,0,28,0,0,0,1,2,25,1,1,1,1,0,0,1,13,1,1,4,1,1,1
34,340401,1,3,1,11,10,6,37,12,7,1,0,34,3,87,881,87881,63,1995,1XP5DB8X4SN3,1,X,P,5,D,B,8,X,4,S,N,3,0,T,PTRB,379,TR,95,17,,8,0,0,CON,D,,,6,893,,,,,00000,00,,64,0,57,1088551,571088551,3,2,98,1,0,0,0,0,0,0,0,998,0,0,0,2,6,9,2,12,0,0,0,1,34,8742,6,1,6,1,3,3,72,999,0,0,0,0,1,7,2009,7,2009,0,0,0,0,0,1,4,50,1,1,2,1,0,0,1,60,1,1,1,44,0,0
34,340401,2,3,1,11,10,6,37,12,7,1,0,34,1,7,43,7043,4,2004,1B3EL46X74N1,1,B,3,E,L,4,6,X,7,4,N,1,0,P,DODG,SRX,4D,4,17,3094,,0,1080,,G,,F,4,146,,,16R205,,,,,,0,0,000000000,00000000000,0,0,0,1,0,0,0,0,0,0,0,998,0,0,0,11,11,6,2,12,0,0,0,1,34,7753,6,1,0,0,3,0,72,999,0,0,0,0,0,0,0,0,0,0,28,0,0,0,1,4,50,1,1,2,1,0,0,1,9,1,9,2,45,0,0
34,340401,3,3,1,11,10,6,37,12,7,1,0,34,3,12,442,12442,20,2002,2FTZA54442BB,2,F,T,Z,A,5,4,4,4,2,B,B,0,T,FORD,WVN,EC,2,17,,1,0,1207,WIN,G,,,6,232,,,,B,3719,00,E,42,0,0,000000000,00000000000,0,0,0,1,0,0,0,0,0,0,0,998,0,0,0,12,12,6,2,12,0,0,0,1,34,7734,6,1,0,0,3,0,67,999,1,0,0,0,0,12,2008,12,2008,0,0,0,0,0,1,4,50,1,1,2,1,0,0,1,50,1,1,1,98,1,0
34,340402,1,1,1,2,10,4,0,8,0,1,0,34,1,20,403,20403,14,2004,1GNDT13S4424,1,G,N,D,T,1,3,S,4,4,2,4,0,P,CHEV,TRL,UT,4,17,4612,,0,1130,,G,,F,6,256,,,16R245,,,,,,0,0,000000000,00000000000,0,0,0,1,0,0,0,0,0,0,0,998,0,0,0,12,12,9,2,8,0,0,0,1,34,8094,6,1,0,0,3,3,72,999,2,0,0,0,0,6,2009,8,2010,0,0,0,0,0,1,4,50,1,3,2,2,0,0,1,80,1,1,1,13,0,0
34,340403,1,1,4,17,9,0,48,42,0,1,0,34,2,20,2,20002,4,2004,2G1WH52K1492,2,G,1,W,H,5,2,K,1,4,9,2,0,P,CHEV,IPL,4D,4,17,3466,,0,1105,,G,,F,6,231,,,16R225,,,,,,0,0,000000000,00000000000,0,0,0,1,0,0,0,0,0,0,0,999,0,0,0,12,12,6,2,42,0,0,0,1,34,8096,1,1,0,0,2,0,74,999,0,1,0,0,3,11,2009,8,2011,0,28,36,0,0,3,3,65,1,1,2,1,0,0,1,9,3,2,4,2,1,1
34,340404,1,1,1,28,9,1,8,42,0,1,0,34,1,7,482,7482,31,2006,1D7HU18296S5,1,D,7,H,U,1,8,2,9,6,S,5,0,T,DODG,SQ1,CW,6,17,,2,1605,1405,RPC,G,,,8,348,,,,B,5233,02,E,44,0,0,000000000,00000000000,0,0,0,1,0,0,0,0,0,0,0,998,0,0,0,9,9,6,2,2,0,0,1,1,34,8053,6,1,6,0,3,0,74,999,0,0,0,0,1,7,2010,7,2010,9,28,0,0,0,1,2,50,1,1,2,2,0,0,1,12,1,1,5,6,1,1
34,340405,1,2,1,9,10,16,10,12,6,1,0,34,2,76,705,76705,80,2006,JYARJ08E56A0,J,Y,A,R,J,0,8,E,5,6,A,0,0,M,YAMA,FSZ,RC,6,17,,,,,,,600,,4,,4,423,,,,,,,0,0,000000000,00000000000,0,0,0,1,0,0,0,0,0,0,0,999,0,0,0,12,12,6,2,12,0,0,0,1,99,99999,9,9,99,3,9,8,999,220,99,99,99,99,99,99,9999,99,9999,0,0,0,0,0,1,4,25,1,1,2,1,0,0,1,62,1,1,1,83,1,0
34,340405,2,2,2,9,10,16,10,12,6,1,0,34,2,21,2,21002,4,1999,1G3HN52K9X48,1,G,3,H,N,5,2,K,9,X,4,8,0,P,OLDS,8LW,4D,99,17,3455,,0,1108,,G,,F,6,231,,,15R205,,,,,,0,0,000000000,00000000000,0,0,0,1,0,0,0,0,0,0,0,999,0,0,0,9,9,9,3,12,0,0,0,1,34,7103,6,1,0,0,3,0,71,999,4,0,0,0,0,4,2010,3,2011,0,38,0,0,0,1,4,25,1,1,2,1,0,0,11,10,1,1,2,82,0,0
34,340406,1,2,1,2,10,13,10,1,0,1,0,34,1,53,705,53705,80,2004,JS1GR7JA7421,J,S,1,G,R,7,J,A,7,4,2,1,0,M,SUZI,SRK,RC,4,17,,,,,,,749,,4,,4,465,,,,,,,0,0,000000000,00000000000,0,0,0,1,0,0,0,0,0,0,0,998,0,0,0,0,6,6,2,12,0,0,0,1,34,8873,6,1,0,0,3,0,67,999,0,0,0,0,3,4,2009,6,2009,1,36,27,0,0,3,3,65,1,1,2,1,0,0,15,51,3,1,1,98,1,0
34,340406,2,2,6,2,10,13,10,1,0,1,0,34,1,38,402,38402,14,2002,4S2CK58W5243,4,S,2,C,K,5,8,W,5,2,4,3,0,P,ISU,ROD,UT,2,17,0,,0,1064,,G,,F,6,195,,,16R245,,,,,,0,0,000000000,00000000000,0,0,0,1,0,0,0,0,0,0,0,998,0,0,0,12,12,2,3,12,0,0,0,1,34,7621,6,1,0,0,3,0,65,999,1,0,0,0,0,8,2010,8,2010,0,0,0,0,0,3,3,65,1,1,2,1,0,0,1,60,1,1,1,98,0,0
34,340407,1,1,1,1,11,18,43,8,0,1,0,34,1,30,51,30051,1,2010,WVWBA7AHXAV0,W,V,W,B,A,7,A,H,X,A,V,0,0,P,VOLK,ETK,CV,10,17,3517,,0,1015,,G,,T,4,121,,,16R215,,,,,,0,0,000000000,00000000000,0,0,0,1,0,0,0,0,0,0,0,999,0,0,0,12,12,4,3,8,0,0,0,1,34,7016,6,1,0,0,3,3,64,999,0,0,0,0,0,0,0,0,0,0,0,0,0,0,1,2,35,1,1,2,1,0,0,1,81,1,1,1,13,0,0
34,340408,1,2,1,23,9,16,34,12,6,1,0,34,2,55,35,55035,4,2010,KMHDU4AD0AU9,K,M,H,D,U,4,A,D,0,A,U,9,0,P,HYUN,BGS,4D,10,17,2723,,0,1043,,G,,F,4,121,,,15R195,,,,,,0,0,000000000,00000000000,0,0,0,1,0,0,0,0,0,0,0,999,0,0,0,3,3,6,2,12,0,0,0,1,34,8515,6,1,0,0,3,3,65,220,0,0,0,0,0,0,0,0,0,0,39,0,0,0,1,2,45,1,1,2,2,20,3,1,55,1,1,2,87,1,0
34,340408,2,2,1,23,9,16,34,12,6,1,0,34,3,12,881,12881,61,2006,1FDXW47P26ED,1,F,D,X,W,4,7,P,2,6,E,D,1,T,FORD,F4D,CH,6,17,,4,2000,1760,DRW,D,,,8,366,,,,,00000,00,E,44,1,88,888888888,88888888888,2,4,9,1,0,0,0,0,0,0,0,999,0,1,6,12,12,6,2,12,0,0,0,1,34,8015,6,1,0,0,3,0,74,999,1,2,0,1,3,2,2009,9,2010,0,0,0,0,0,1,2,45,1,1,2,2,0,0,1,66,1,1,2,86,0,0
34,340409,1,1,1,16,10,22,0,42,0,1,0,34,1,35,47,35047,4,2007,1N4AL21E87C1,1,N,4,A,L,2,1,E,8,7,C,1,0,P,NISS,ATS,4D,7,17,3042,,0,1093,,G,,F,4,153,,,16R215,,,,,,0,0,000000000,00000000000,0,0,0,1,0,0,0,0,0,0,0,999,0,0,0,3,3,6,2,42,0,0,0,1,34,8902,6,1,0,0,3,3,64,999,0,0,0,0,0,0,0,0,0,1,28,0,0,0,1,2,55,1,1,2,1,0,0,1,6,7,4,4,2,1,1
34,340410,1,1,1,8,9,20,42,42,0,1,0,34,2,23,481,23481,31,1988,1GTDC14Z6JZ5,1,G,T,D,C,1,4,Z,6,J,Z,5,0,T,GMC,GC1,PK,88,17,,1,1315,1175,GM4,G,,,6,262,,,,B,3655,01,A,42,0,0,000000000,00000000000,0,0,0,1,0,0,0,0,0,0,0,998,0,0,0,12,12,6,2,42,0,0,0,1,34,7724,6,1,0,0,3,0,67,236,1,2,0,0,3,8,2009,2,2011,0,28,0,0,0,1,2,50,1,1,2,1,0,0,1,10,1,1,4,6,1,0
34,340411,1,1,2,16,10,3,25,33,0,1,0,34,2,12,422,12422,15,2001,1FMZU73E61ZA,1,F,M,Z,U,7,3,E,6,1,Z,A,0,P,FORD,EPR,UT,1,17,4045,,0,1116,,G,,F,6,245,,,15R235,,,,,,0,0,000000000,00000000000,0,0,0,1,0,0,0,0,0,0,0,999,0,0,0,14,11,6,2,2,0,0,1,1,34,7840,6,1,0,0,3,3,62,999,0,0,0,0,0,0,0,0,0,0,28,36,0,0,3,3,50,2,1,2,1,0,0,14,13,1,1,4,1,1,1
34,340412,1,1,1,11,10,1,0,31,0,1,0,34,1,73,705,73705,80,2004,JKBZXJB164A0,J,K,B,Z,X,J,B,1,6,4,A,0,0,M,KAWK,Z3B,RC,4,17,,,,,,,636,,4,,4,355,,,,,,,0,0,000000000,00000000000,0,0,0,1,0,0,0,0,0,0,0,999,0,0,0,12,11,6,2,14,0,0,0,1,34,7070,6,1,0,0,3,0,70,175,0,0,0,0,1,6,2011,6,2011,1,36,28,0,0,3,3,50,2,2,2,1,0,0,14,6,3,2,4,2,1,1
34,340413,1,2,2,18,7,12,45,12,6,1,0,42,2,52,37,52037,2,1999,4A3AK44YXXE0,4,A,3,A,K,4,4,Y,X,X,E,0,0,P,MITS,EGS,2H,99,17,2855,,0,988,,G,,F,4,122,,,16R205,,,,,,0,0,000000000,00000000000,0,0,0,1,0,0,0,0,0,0,0,998,0,0,0,11,11,9,2,12,0,0,0,1,34,8103,0,0,0,0,0,0,999,999,0,0,0,0,0,0,0,0,0,0,39,92,0,0,1,2,30,1,1,2,1,3,3,1,17,1,1,1,86,0,0
34,340413,2,2,1,18,7,12,45,12,6,1,0,34,1,35,47,35047,4,1999,1N4DL01D4XC1,1,N,4,D,L,0,1,D,4,X,C,1,0,P,NISS,AGS,4D,99,17,2762,,0,1031,,G,,F,4,146,,,15R195,,,,,,0,0,000000000,00000000000,0,0,0,1,0,0,0,0,0,0,0,998,0,0,0,1,1,9,2,12,0,0,0,1,34,8103,6,1,0,0,3,0,69,999,0,0,0,0,1,9,2009,9,2009,0,0,0,0,0,1,2,25,1,1,2,1,3,3,1,66,1,1,1,87,1,0
34,340414,1,2,2,28,9,14,41,33,0,1,0,34,3,6,442,6442,20,2002,1C4GJ25372B6,1,C,4,G,J,2,5,3,7,2,B,6,0,P,CHRY,VOV,SV,2,17,3766,,0,1133,,F,,F,6,201,,,16R215,,,,,,0,0,000000000,00000000000,0,0,0,1,0,0,0,0,0,0,0,998,0,0,0,9,9,9,2,12,0,0,0,1,34,8844,6,1,0,0,3,0,999,999,0,0,0,0,0,0,0,0,0,0,0,0,0,0,1,4,40,1,1,2,1,0,0,1,62,2,2,2,98,0,0
34,340414,2,2,3,28,9,14,41,33,0,1,0,34,1,49,50,49050,3,2007,JTKDE177X702,J,T,K,D,E,1,7,7,X,7,0,2,0,P,TOYT,SXC,2H,7,17,2905,,0,1063,,G,,F,4,146,,,17R215,,,,,,0,0,000000000,00000000000,0,0,0,1,0,0,0,0,0,0,0,998,0,0,0,12,12,6,2,12,0,0,0,1,34,8852,6,1,0,0,3,0,62,999,0,0,0,3,1,11,2008,9,2010,0,28,0,0,0,1,4,40,1,1,2,2,0,0,15,51,6,2,4,2,2,0
34,340415,1,1,2,15,9,14,10,42,0,1,0,34,2,49,50,49050,3,2008,JTKDE1678802,J,T,K,D,E,1,6,7,8,8,0,2,0,P,TOYT,SXC,2H,8,17,2905,,0,1063,,G,,F,4,146,,,17R215,,,,,,0,0,000000000,00000000000,0,0,0,1,0,0,0,0,0,0,0,999,0,0,0,12,12,6,2,42,0,0,0,1,34,8555,6,1,0,0,3,0,63,999,2,0,0,0,1,12,2008,9,2010,0,28,0,0,0,1,2,45,1,1,2,1,0,0,1,12,1,1,4,6,1,0
34,340416,1,2,1,18,9,10,21,12,1,1,0,34,1,72,706,72706,80,2008,1HD1GP4468K3,1,H,D,1,G,P,4,4,6,8,K,3,0,M,HD,FWA,RS,8,17,,,,,,,1584,,2,,4,678,,,,,,,0,0,000000000,00000000000,0,0,0,1,0,0,0,0,0,0,0,999,0,0,0,12,12,6,2,12,0,0,0,1,34,7091,6,1,0,0,3,0,70,225,1,0,0,0,1,2,2009,3,2011,0,36,0,0,0,1,4,35,1,1,2,1,0,0,1,50,1,1,1,20,1,0
34,340416,2,2,2,18,9,10,21,12,1,1,0,99,9,63,32,63032,9,2005,999999999999,9,9,9,9,9,9,9,9,9,9,9,9,0,,,,,,,,,,,,,,,,,,,,,,,,,0,0,000000000,00000000000,0,0,0,1,0,0,0,0,0,0,0,0,0,0,0,6,6,6,2,12,0,0,0,1,34,7206,6,1,0,0,3,0,61,999,0,0,0,0,0,0,0,0,0,0,0,0,0,0,1,4,35,1,1,2,1,0,0,5,53,1,1,1,21,0,0
34,340417,1,1,1,30,10,3,0,18,0,1,0,34,1,32,43,32043,4,2000,WAUDC28D9YA0,W,A,U,D,C,2,8,D,9,Y,A,0,0,P,AUDI,41Q,4D,0,17,3153,,0,1026,,G,,T,4,109,,,15R205,,,,,,0,0,000000000,00000000000,0,0,0,1,0,0,0,0,0,0,0,998,0,0,0,12,12,6,2,45,0,0,0,1,34,7508,6,1,0,0,3,0,71,999,0,0,0,0,0,0,0,0,0,1,36,40,0,0,1,2,40,2,2,2,2,98,3,14,50,1,1,1,12,1,1
34,340418,1,1,1,20,9,18,28,24,0,1,0,34,1,72,706,72706,80,2000,1HD1CAP14YK1,1,H,D,1,C,A,P,1,4,Y,K,1,0,M,HD,L12,RS,0,17,,,,,,,1200,,2,,4,491,,,,,,,0,0,000000000,00000000000,0,0,0,1,0,0,0,0,0,0,0,999,0,0,0,11,9,9,3,24,0,0,0,1,34,8234,6,1,0,0,3,0,66,999,1,0,0,0,0,6,2009,6,2009,0,36,28,0,0,1,2,50,2,2,2,1,0,0,14,12,1,1,4,6,1,1
34,340419,1,1,1,6,11,18,7,8,0,1,0,34,1,21,20,21020,2,1996,1G3WH12M7TF3,1,G,3,W,H,1,2,M,7,T,F,3,0,P,OLDS,SUL,CP,96,17,3283,,0,1075,,G,,F,6,191,,,15R205,,,,,,0,0,000000000,00000000000,0,0,0,1,0,0,0,0,0,0,0,999,0,0,0,12,12,0,3,8,0,0,0,1,34,8205,6,1,0,0,3,0,68,999,0,0,0,0,1,7,2010,7,2010,0,0,0,0,0,1,2,40,1,1,2,1,0,0,1,81,1,1,1,13,0,0
34,340420,1,2,2,1,10,1,16,12,6,1,0,34,1,19,5,19005,2,2001,1G6EL12Y81B1,1,G,6,E,L,1,2,Y,8,1,B,1,0,P,CADI,E/C,CP,1,17,3814,,0,1080,,G,,F,8,279,,,16R225,,,,,,0,0,000000000,00000000000,0,0,0,1,0,0,0,0,0,0,0,999,0,0,0,11,11,9,3,42,0,0,0,1,34,8857,6,1,0,0,3,0,70,999,0,1,3,0,1,3,2009,5,2009,0,0,0,0,0,1,2,25,1,1,2,2,0,0,1,68,1,1,1,98,1,1
34,340420,2,2,2,1,10,1,16,12,6,1,0,9,1,37,32,37032,4,2009,1HGCS22809A0,1,H,G,C,S,2,2,8,0,9,A,0,0,P,HOND,AXL,CP,9,17,3446,,0,1079,,G,,F,6,214,,,18R235,,,,,,0,0,000000000,00000000000,0,0,0,1,0,0,0,0,0,0,0,999,0,0,0,1,1,9,3,12,0,0,0,1,9,6902,6,1,0,0,3,0,999,999,98,0,0,0,0,0,0,0,0,1,39,0,0,0,1,2,25,1,1,2,2,20,3,1,55,1,1,1,98,0,1
34,340421,1,2,2,1,11,6,12,12,6,1,0,34,3,86,881,86881,63,2000,1M2AM20C8YM0,1,M,2,A,M,2,0,C,8,Y,M,0,0,T,MACK,RB6,CC,0,17,,8,0,0,600,D,,,6,728,,,,,00000,00,,64,0,88,888888888,88888888888,3,2,7,1,0,0,0,0,0,0,0,998,0,0,0,12,12,6,2,12,0,0,0,1,36,10970,6,1,6,1,3,0,71,999,0,0,0,0,0,0,0,0,0,0,0,0,0,0,1,2,40,1,1,2,2,28,3,1,17,1,1,1,88,0,0
34,340421,2,2,1,1,11,6,12,12,6,1,0,34,1,12,17,12017,4,1997,1FALP52U5VG2,1,F,A,L,P,5,2,U,5,V,G,2,0,P,FORD,TAG,4D,97,17,3329,,0,1085,,G,,F,6,182,,,15R205,,,,,,0,0,000000000,00000000000,0,0,0,1,0,0,0,0,0,0,0,998,0,0,0,10,10,6,2,12,0,0,0,1,34,7676,6,1,6,0,3,0,67,999,0,1,0,0,0,7,2009,7,2009,0,39,0,0,0,1,2,35,1,1,2,2,28,3,1,17,1,1,1,89,1,0
34,340422,1,1,1,26,8,22,52,42,0,1,0,34,2,14,401,14401,14,1998,4M2ZU54E4WUJ,4,M,2,Z,U,5,4,E,4,W,U,J,0,P,MERC,MOU,UT,98,17,4222,,0,1120,,G,,F,6,245,,,15R225,,,,,,0,0,000000000,00000000000,0,0,0,1,0,0,0,0,0,0,0,999,0,1,6,11,13,6,2,14,0,0,0,1,34,8081,6,1,0,0,3,0,67,999,0,0,0,0,0,0,0,0,0,1,36,28,0,0,1,2,50,1,2,2,1,65,3,1,6,1,3,4,7,1,1
34,340423,1,3,1,21,10,18,33,12,2,1,0,34,1,35,43,35043,4,2010,3N1AB6APXAL7,3,N,1,A,B,6,A,P,X,A,L,7,0,P,NISS,SBL,4D,10,17,2862,,0,1057,,G,,F,4,122,,,15R205,,,,,,0,0,000000000,00000000000,0,0,0,1,0,0,0,0,0,0,0,998,7,0,0,12,12,6,2,12,0,0,0,1,34,8759,6,1,0,0,3,0,68,999,0,0,0,0,0,0,0,0,0,0,28,0,0,0,1,2,50,1,1,2,1,0,0,1,10,1,1,2,50,1,0
34,340423,2,3,1,21,10,18,33,12,2,1,0,34,1,49,51,49051,4,2010,JTDBT4K35A13,J,T,D,B,T,4,K,3,5,A,1,3,0,P,TOYT,YAR,4D,10,17,2288,,0,1004,,G,,F,4,091,,,14R175,,,,,,0,0,000000000,00000000000,0,0,0,1,0,0,0,0,0,0,0,998,0,0,0,12,12,6,2,12,0,0,0,1,34,8562,6,1,0,0,3,0,68,999,1,0,0,0,1,2,2009,4,2010,0,0,0,0,0,1,2,50,1,1,2,1,0,0,1,62,3,1,1,51,1,0
34,340423,3,3,5,21,10,18,33,12,2,1,0,34,1,20,401,20401,14,1993,1GNCT18W3P01,1,G,N,C,T,1,8,W,3,P,0,1,0,P,CHEV,S10,UT,93,17,3529,,0,1005,,G,,F,6,262,,,000000,,,,,,0,0,000000000,00000000000,0,0,0,1,0,0,0,0,0,0,0,999,0,0,0,12,12,6,2,12,0,0,0,1,34,8527,6,1,0,0,3,0,66,999,0,0,0,0,0,0,0,0,0,0,0,0,0,0,1,2,50,1,1,2,1,0,0,1,62,3,2,1,98,0,0
34,340424,1,1,1,17,8,2,40,24,0,1,0,34,1,37,32,37032,4,1998,1HGCG667XWA1,1,H,G,C,G,6,6,7,X,W,A,1,0,P,HOND,UEX,4D,98,17,2919,,0,1069,,G,,F,4,138,,,15R195,,,,,,0,0,000000000,00000000000,0,0,0,1,0,0,0,0,0,0,0,998,0,1,3,99,13,6,2,24,0,0,0,1,34,7095,6,1,0,0,3,0,67,999,2,0,0,0,2,12,2009,2,2010,9,28,0,0,0,3,3,65,1,1,2,1,0,0,1,13,1,1,4,1,1,1
34,340425,1,1,2,29,9,3,21,30,0,1,0,34,1,37,31,37031,2,1994,2HGEJ1235RH5,2,H,G,E,J,1,2,3,5,R,H,5,0,P,HOND,CEX,CP,94,17,2415,,0,1032,,G,,F,4,097,,,14R185,,,,,,0,0,000000000,00000000000,0,0,0,1,0,0,0,0,0,0,0,999,0,0,0,10,9,9,3,30,0,0,0,1,34,7508,6,1,0,0,3,0,73,165,0,2,0,0,5,4,2009,10,2010,1,36,28,0,0,3,3,45,2,1,2,2,0,0,14,6,3,3,4,2,2,1
34,340426,1,3,1,4,11,20,50,12,6,1,0,34,2,12,401,12401,14,1995,1FMDU34XXSUA,1,F,M,D,U,3,4,X,X,S,U,A,0,P,FORD,EPR,UT,95,17,4053,,0,1115,,G,,F,6,245,,,15R225,,,,,,0,0,000000000,00000000000,0,0,0,1,0,0,0,0,0,0,0,998,0,1,1,2,13,6,2,1,0,0,0,1,34,8609,6,2,0,0,3,3,73,999,0,1,0,0,1,12,2008,1,2011,0,39,0,0,0,1,4,35,1,1,2,1,3,3,1,17,1,1,1,69,1,1
34,340426,2,3,1,4,11,20,50,12,6,1,0,34,1,55,35,55035,4,2004,KMHDN46D14U7,K,M,H,D,N,4,6,D,1,4,U,7,0,P,HYUN,EST,4D,4,17,2635,,0,1027,,G,,F,4,121,,,15R195,,,,,,0,0,000000000,00000000000,0,0,0,1,0,0,0,0,0,0,0,998,0,0,0,12,12,6,2,12,0,0,0,1,34,8618,6,1,0,0,3,3,69,999,0,0,0,0,0,0,0,0,0,0,0,0,0,0,1,3,35,1,1,2,1,3,3,11,55,6,1,1,68,0,0
34,340426,3,3,4,4,11,20,50,12,6,1,0,34,2,49,44,49044,2,2000,2T1CF22P0YC3,2,T,1,C,F,2,2,P,0,Y,C,3,0,P,TOYT,CEE,CP,0,17,3230,,0,1051,,G,,F,6,183,,,15R205,,,,,,0,0,000000000,00000000000,0,0,0,1,0,0,0,0,0,0,0,0,0,0,0,99,12,6,2,42,0,0,0,1,34,8618,6,1,0,0,3,0,60,999,1,0,0,0,4,4,2010,5,2011,0,0,0,0,0,1,3,35,1,1,2,1,3,3,5,66,1,1,1,98,0,0
34,340427,1,2,2,12,8,21,42,12,6,1,0,34,2,37,441,37441,20,2000,2HKRL1863YH5,2,H,K,R,L,1,8,6,3,Y,H,5,0,P,HOND,UDY,SV,0,17,4288,,0,1181,,G,,F,6,212,,,16R215,,,,,,0,0,000000000,00000000000,0,0,0,1,0,0,0,0,0,0,0,998,0,0,0,9,9,9,2,12,0,0,0,1,34,7801,0,0,0,0,0,0,999,999,0,2,0,0,4,11,2008,3,2010,0,0,0,0,0,1,2,25,1,1,2,1,3,3,1,66,1,1,1,89,1,0
34,340427,2,2,2,12,8,21,42,12,6,1,0,34,2,12,481,12481,31,1999,1FTZF182XXNB,1,F,T,Z,F,1,8,2,X,X,N,B,0,T,FORD,F15,PK,99,17,,1,1388,1202,COF,G,,,6,256,,,,B,00000,00,U,44,0,0,000000000,00000000000,0,0,0,1,0,0,0,0,0,0,0,998,0,0,0,12,12,9,2,12,0,0,0,1,34,7869,6,2,0,0,3,0,66,999,2,0,0,1,3,5,2011,6,2011,1,52,39,0,0,1,4,40,1,1,2,1,3,3,1,55,1,1,1,88,0,0
34,340428,1,2,2,29,10,13,22,16,0,1,0,34,1,59,38,59038,5,2011,JTHKD5BHXB20,J,T,H,K,D,5,B,H,X,B,2,0,0,P,LEXS,C2H,4H,11,17,3130,,0,1024,,B,,F,4,110,,,17R215,,,,,,0,0,000000000,00000000000,0,0,0,1,0,0,0,0,0,0,0,998,0,0,0,0,13,6,2,16,0,0,0,1,34,7901,6,1,0,0,3,0,73,999,0,0,0,0,0,0,0,0,0,0,0,0,0,0,1,2,35,4,1,2,3,0,0,14,98,1,1,1,0,1,0
34,340428,2,2,1,29,10,13,22,16,0,1,0,34,2,6,441,6441,20,2005,2C4GP54L05R3,2,C,4,G,P,5,4,L,0,5,R,3,0,T,CHRY,TOU,ES,5,17,,1,0,1193,TWC,G,,,6,230,,,,,4256,00,,42,0,0,000000000,00000000000,0,0,0,1,0,0,0,0,0,0,0,998,0,0,0,0,6,2,1,16,0,0,0,1,34,8876,6,1,0,0,3,0,70,999,1,0,0,0,2,4,2010,3,2011,0,0,0,0,0,1,2,35,4,1,2,3,0,0,14,98,1,1,1,98,0,0
34,340429,1,2,1,2,11,20,58,12,2,1,0,34,2,49,50,49050,3,2012,JTKJF5C72C30,J,T,K,J,F,5,C,7,2,C,3,0,0,P,TOYT,SXC,2H,12,17,3036,,0,1063,,G,,F,4,152,,,18R225,,,,,,0,0,000000000,00000000000,0,0,0,1,0,0,0,0,0,0,0,999,0,0,0,12,12,6,2,12,0,0,0,1,34,7465,6,1,0,0,3,0,66,999,1,0,0,1,1,3,2009,9,2011,0,0,0,0,0,1,2,25,2,1,2,1,0,0,14,62,1,1,1,51,0,0
34,340429,2,2,1,2,11,20,58,12,2,1,0,34,1,12,17,12017,4,1995,1FALP52U8SA1,1,F,A,L,P,5,2,U,8,S,A,1,0,P,FORD,TGS,4D,95,17,3118,,0,1060,,G,,F,6,182,,,15R205,,,,,,0,0,000000000,00000000000,0,0,0,1,0,0,0,0,0,0,0,999,0,0,0,12,12,6,2,12,0,0,0,1,34,7083,6,1,0,0,3,0,69,999,0,0,0,0,1,3,2009,3,2009,0,36,27,0,0,1,2,25,2,1,2,1,0,0,14,54,1,1,1,50,1,1
34,340430,1,1,1,19,10,7,11,8,0,1,0,34,1,20,16,20016,4,1998,1G1JC5249W71,1,G,1,J,C,5,2,4,9,W,7,1,0,P,CHEV,CAV,4D,98,17,2630,,0,1041,,G,,F,4,133,,,14R195,,,,,,0,0,000000000,00000000000,0,0,0,1,0,0,0,0,0,0,0,999,0,0,0,1,1,4,3,8,0,0,0,1,34,7758,6,1,0,0,3,0,71,999,0,4,0,0,4,9,2009,4,2011,0,0,0,0,0,1,2,25,1,1,2,2,0,0,1,80,4,1,1,13,0,0