STATE,ST_CASE,VEH_NO,VE_FORMS,NUMOCCS,DAY,MONTH,HOUR,MINUTE,HARM_EV,MAN_COLL,UNITTYPE,HIT_RUN,REG_STAT,OWNER,MAKE,MODEL,MAK_MOD,BODY_TYP,MOD_YEAR,VIN,VIN_1,VIN_2,VIN_3,VIN_4,VIN_5,VIN_6,VIN_7,VIN_8,VIN_9,VIN_10,VIN_11,VIN_12,TOW_VEH,VINTYPE,VINMAKE,VINA_MOD,VIN_BT,VINMODYR,VIN_LNGT,VIN_WGT,WGTCD_TR,WHLBS_LG,WHLBS_SH,SER_TR,FUELCODE,MCYCL_DS,CARBUR,CYLINDER,DISPLACE,MCYCL_CY,MCYCL_WT,TIRE_SZE,TON_RAT,TRK_WT,TRKWTVAR,VIN_REST,WHLDRWHL,J_KNIFE,MCARR_I1,MCARR_I2,MCARR_ID,GVWR,V_CONFIG,CARGO_BT,HAZ_INV,HAZ_PLAC,HAZ_ID,HAZ_CNO,HAZ_REL,BUS_USE,SPEC_USE,EMER_USE,TRAV_SP,UNDERIDE,ROLLOVER,ROLINLOC,IMPACT1,IMPACT2,DEFORMED,TOWED,M_HARM,VEH_SC1,VEH_SC2,FIRE_EXP,DR_PRES,L_STATE,DR_ZIP,L_STATUS,L_TYPE,CDL_STAT,L_ENDORS,L_COMPL,L_RESTRI,DR_HGT,DR_WGT,PREV_ACC,PREV_SUS,PREV_DWI,PREV_SPD,PREV_OTH,FIRST_MO,FIRST_YR,LAST_MO,LAST_YR,SPEEDREL,DR_SF1,DR_SF2,DR_SF3,DR_SF4,VTRAFWAY,VNUM_LAN,VSPD_LIM,VALIGN,VPROFILE,VPAVETYP,VSURCOND,VTRAFCON,VTCONT_F,P_CRASH1,P_CRASH2,P_CRASH3,PCRASH4,PCRASH5,ACC_TYPE,DEATHS,DR_DRINK
34,340468,2,4,1,25,11,10,59,12,1,1,0,34,1,39,34,39034,4,2004,SAJEA01T24FN,S,A,J,E,A,0,1,T,2,4,F,N,0,P,JAGU,STP,4D,4,17,3777,,0,1145,,G,,F,6,181,,,16R225,,,,,,0,0,000000000,00000000000,0,0,0,1,0,0,0,0,0,0,0,998,0,0,0,12,12,6,2,12,0,0,0,1,34,8505,1,1,0,0,2,0,68,999,0,1,0,0,3,6,2011,9,2011,0,26,0,0,0,2,4,65,1,6,2,1,0,0,1,51,1,1,1,24,0,0
34,340468,3,4,1,25,11,10,59,12,1,1,0,42,1,13,12,13012,4,2004,1LNHM87A24Y6,1,L,N,H,M,8,7,A,2,4,Y,6,0,P,LINC,LLS,4D,4,17,3811,,0,1145,,G,,F,8,240,,,17R235,,,,,,0,0,000000000,00000000000,0,0,0,1,0,0,0,0,0,0,0,998,0,0,0,12,6,6,2,12,0,0,0,1,42,19114,6,1,0,0,3,3,65,999,0,0,0,0,0,0,0,0,0,0,0,0,0,0,2,3,65,1,6,2,1,0,0,1,52,1,1,1,98,0,0
34,340468,4,4,1,25,11,10,59,12,1,1,0,34,2,22,2,22002,4,2000,1G2HX54K0Y42,1,G,2,H,X,5,4,K,0,Y,4,2,0,P,PONT,BVS,4D,0,17,3633,,0,1122,,G,,F,6,231,,,16R225,,,,,,0,0,000000000,00000000000,0,0,0,1,0,0,0,0,0,0,0,998,0,0,0,12,12,6,2,12,0,0,0,1,34,8085,6,1,0,0,3,0,73,999,0,0,0,1,1,6,2009,9,2009,0,0,0,0,0,2,3,65,1,6,2,1,0,0,1,52,1,1,1,98,0,0
34,340469,1,1,1,2,10,2,39,14,0,1,0,34,2,55,401,55401,14,2004,KM8SC73E44U8,K,M,8,S,C,7,3,E,4,4,U,8,0,P,HYUN,SAN,UT,4,17,3720,,0,1031,,G,,F,6,213,,,16R225,,,,,,0,0,000000000,00000000000,0,0,0,1,0,0,0,0,0,0,0,998,0,0,0,11,11,9,3,8,0,0,0,1,34,7011,6,1,0,0,3,0,71,999,0,0,0,0,1,1,2010,1,2010,0,36,0,0,0,3,2,55,1,1,2,2,0,0,1,12,1,1,5,11,0,1
34,340470,1,2,1,27,9,6,59,12,6,1,0,34,1,35,472,35472,30,2007,1N6BD06T27C4,1,N,6,B,D,0,6,T,2,7,C,4,0,T,NISS,FKX,PC,7,17,,1,0,1259,FRT,G,,,4,152,,,,,3551,00,K,42,0,0,000000000,00000000000,0,0,0,1,0,0,0,0,0,0,0,998,0,0,0,1,1,9,2,12,0,0,0,1,34,8734,6,1,0,0,3,0,72,999,0,0,0,0,1,5,2011,5,2011,0,38,0,0,0,1,2,40,1,1,2,1,0,0,11,55,1,1,1,68,1,0
34,340470,2,2,1,27,9,6,59,12,6,1,0,51,2,7,43,7043,4,2001,4B3AG42G41E0,4,B,3,A,G,4,2,G,4,1,E,0,0,P,DODG,SSE,CP,1,17,2921,,0,1037,,G,,F,4,146,,,15R205,,,,,,0,0,000000000,00000000000,0,0,0,1,0,0,0,0,0,0,0,998,0,0,0,12,12,9,2,12,0,0,0,1,34,8757,1,1,0,0,2,0,72,999,1,3,0,0,1,7,2010,8,2010,0,92,0,0,0,1,2,40,1,1,2,1,0,0,1,55,1,1,1,69,0,0
34,340471,1,1,1,27,9,23,16,8,0,1,0,34,1,35,402,35402,14,2005,5N1AN08W65C6,5,N,1,A,N,0,8,W,6,5,C,6,0,P,NISS,XTR,UT,5,17,5200,,0,1063,,G,,F,6,244,,,16R265,,,,,,0,0,000000000,00000000000,0,0,0,1,0,0,0,0,0,0,0,998,0,0,0,12,12,6,2,8,0,0,0,1,34,7093,6,1,6,0,3,0,70,999,0,0,0,0,1,8,2009,8,2009,1,0,0,0,0,1,3,40,1,1,2,1,0,0,1,80,1,1,1,13,0,0
34,340472,1,2,1,11,10,3,45,12,6,1,0,34,3,86,881,86881,66,2007,1M2AG11C67M0,1,M,2,A,G,1,1,C,6,7,M,0,1,T,MACK,CV7,CC,7,17,,8,0,0,700,D,,,6,728,,,,,00000,00,,64,1,99,999999999,99999999999,3,6,1,1,0,0,0,0,0,0,0,998,0,0,0,5,5,9,2,12,0,0,0,1,34,7731,6,1,6,1,3,0,68,999,1,0,0,0,1,10,2009,10,2009,0,38,31,0,0,2,2,55,1,1,1,1,0,0,13,56,1,1,1,92,0,0
34,340472,2,2,3,11,10,3,45,12,6,1,0,34,2,13,1,13001,4,2004,1L1FM81WX4Y6,1,L,1,F,M,8,1,W,X,4,Y,6,0,P,LINC,EXS,LM,4,17,0,,0,1177,,G,,F,8,281,,,000000,,,,,,0,0,000000000,00000000000,0,0,0,1,0,0,0,0,0,0,0,998,0,0,0,12,12,6,2,12,0,0,0,1,34,8638,6,1,0,0,3,0,73,999,2,0,0,0,3,2,2009,10,2010,0,0,0,0,0,2,2,55,1,1,1,1,0,0,1,56,1,1,1,93,2,0
34,340473,1,3,0,4,10,23,1,12,1,1,0,34,6,52,37,52037,2,2004,4A3AC44G34E0,4,A,3,A,C,4,4,G,3,4,E,0,0,P,MITS,EGS,2H,4,17,2965,,0,1008,,G,,F,4,146,,,16R205,,,,,,0,0,000000000,00000000000,0,0,0,1,0,0,0,0,0,0,0,0,0,0,0,6,6,6,2,12,0,0,0,0,0,99997,7,6,97,7,6,7,998,997,998,998,998,998,998,98,9998,98,9998,8,0,0,0,0,3,4,65,1,2,2,1,0,0,0,53,0,0,0,98,0,0
34,340473,2,3,1,4,10,23,1,12,1,1,0,34,1,24,2,24002,2,1994,1G8ZF1598RZ1,1,G,8,Z,F,1,5,9,8,R,Z,1,0,P,STRN,SC1,CP,94,17,2210,,0,992,,G,,F,4,116,,,14R175,,,,,,0,0,000000000,00000000000,0,0,0,1,0,0,0,0,0,0,0,998,0,0,0,12,12,6,2,12,0,0,0,1,34,7821,6,1,0,0,3,3,75,999,0,0,0,0,0,0,0,0,0,0,0,0,0,0,3,4,65,1,2,2,1,0,0,1,50,1,1,1,98,1,0
34,340473,3,3,1,4,10,23,1,12,1,1,0,34,1,37,32,37032,4,2012,1HGCP2F63CA0,1,H,G,C,P,2,F,6,3,C,A,0,0,P,HOND,ASE,4D,12,17,3300,,0,1102,,G,,F,4,146,,,16R215,,,,,,0,0,000000000,00000000000,0,0,0,1,0,0,0,0,0,0,0,998,0,0,0,12,12,6,2,12,0,0,0,1,34,7840,6,1,0,0,3,0,64,999,2,1,0,3,2,1,2009,7,2011,0,0,0,0,0,3,4,65,1,2,2,1,0,0,1,50,6,2,2,98,0,0
34,340474,1,1,1,3,11,11,20,8,0,1,0,34,3,12,481,12481,31,2002,1FTNX21L22EC,1,F,T,N,X,2,1,L,2,2,E,C,0,T,FORD,F2S,4C,2,17,,2,1580,1418,SRW,G,,,8,330,,,,C,5949,05,U,44,0,0,000000000,00000000000,0,0,0,1,0,0,0,0,0,0,0,999,0,0,0,12,12,9,3,8,0,0,0,1,34,7083,6,1,0,0,3,0,66,999,1,0,0,1,1,1,2011,9,2011,0,38,0,0,0,1,2,30,1,1,2,1,3,3,11,80,1,1,1,13,0,0
34,340475,1,3,1,13,10,16,27,12,1,1,0,34,1,14,4,14004,2,1992,1MEPM6047NH6,1,M,E,P,M,6,0,4,7,N,H,6,0,P,MERC,CLS,2D,92,17,3587,,0,1130,,G,,F,6,232,,,15R205,,,,,,0,0,000000000,00000000000,0,0,0,1,0,0,0,0,0,0,0,998,0,0,0,12,12,6,2,12,0,0,0,1,34,7036,6,1,0,0,3,0,70,999,1,0,0,0,1,12,2008,5,2010,0,26,0,0,0,1,4,35,1,1,2,1,0,0,1,50,1,1,1,20,1,0
34,340475,2,3,1,13,10,16,27,12,1,1,0,34,2,14,401,14401,14,2002,4M2ZU86W02UJ,4,M,2,Z,U,8,6,W,0,2,U,J,0,P,MERC,MOU,UT,2,17,4410,,0,1138,,G,,F,8,281,,,16R245,,,,,,0,0,000000000,00000000000,0,0,0,1,0,0,0,0,0,0,0,0,0,0,0,6,6,6,2,12,0,0,0,1,34,7036,6,1,0,0,3,0,65,999,0,0,0,0,0,0,0,0,0,0,0,0,0,0,1,4,35,1,1,2,1,0,0,5,53,1,1,1,21,0,0
34,340475,3,3,1,13,10,16,27,12,1,1,0,34,1,7,442,7442,20,2001,2B8GP44GX1R1,2,B,8,G,P,4,4,G,X,1,R,1,0,T,DODG,GSP,ES,1,17,,1,0,1193,CAR,G,,,6,201,,,,,3989,00,E,42,0,0,000000000,00000000000,0,0,0,1,0,0,0,0,0,0,0,0,0,0,0,6,6,2,1,12,0,0,0,1,34,7066,6,1,0,0,3,0,71,999,0,0,0,0,0,0,0,0,0,0,0,0,0,0,1,4,35,1,1,2,1,0,0,5,53,1,1,1,98,0,0
34,340476,1,1,1,6,11,16,16,8,0,1,0,34,1,7,27,7027,6,2009,3D4GG47B29T1,3,D,4,G,G,4,7,B,2,9,T,1,0,P,DODG,JOU,UT,9,17,3796,,0,1138,,G,,F,4,146,,,16R225,,,,,,0,0,000000000,00000000000,0,0,0,1,0,0,0,0,0,0,0,999,0,0,0,12,12,4,3,8,0,0,0,1,34,8251,6,1,0,0,3,0,63,999,2,0,0,0,2,6,2010,10,2011,0,0,0,0,0,2,2,65,1,1,2,1,0,0,1,81,3,2,1,13,0,0
34,340477,1,1,1,18,10,13,57,33,0,1,0,34,2,37,31,37031,4,2000,1HGEJ8649YL0,1,H,G,E,J,8,6,4,9,Y,L,0,0,P,HOND,UAX,4D,0,17,2562,,0,1032,,G,,F,4,097,,,14R185,,,,,,0,0,000000000,00000000000,0,0,0,1,0,0,0,0,0,0,0,998,0,0,0,14,12,6,2,21,0,0,0,1,34,7003,6,1,0,0,3,0,64,999,2,0,0,0,0,3,2009,7,2011,1,0,0,0,0,1,2,25,1,2,2,1,20,3,1,13,1,1,4,1,1,0
34,340478,1,1,1,8,11,21,25,8,0,1,0,34,2,12,401,12401,14,1998,1FMZU32E9WUA,1,F,M,Z,U,3,2,E,9,W,U,A,0,P,FORD,EPR,UT,98,17,3911,,0,1115,,G,,F,6,245,,,15R225,,,,,,0,0,000000000,00000000000,0,0,0,1,0,0,0,0,0,0,0,999,0,0,0,12,12,6,2,8,0,0,0,1,34,8857,6,1,0,0,3,0,69,999,0,0,0,0,0,0,0,0,0,0,99,99,99,99,1,2,40,1,1,2,1,3,3,1,80,1,1,1,13,0,0
34,340479,1,1,1,8,11,11,35,24,0,1,0,34,3,82,881,82881,66,2007,1FUJA6CK37LX,1,F,U,J,A,6,C,K,3,7,L,X,1,T,FRHT,COL,TR,7,17,,8,0,0,CON,D,,,6,855,,,,,00000,00,,64,1,57,839381,57839381,3,6,1,1,0,0,0,0,0,0,0,998,0,1,5,10,10,6,2,1,0,0,0,1,34,7087,6,1,6,0,3,0,71,999,3,0,0,0,4,3,2009,8,2011,1,28,0,0,0,6,1,99,2,6,2,1,0,0,14,6,1,1,4,6,1,0
34,340480,1,1,4,28,10,23,27,42,0,1,0,34,2,12,401,12401,14,1997,1FMDU24E8VUD,1,F,M,D,U,2,4,E,8,V,U,D,0,P,FORD,EPR,UT,97,17,3931,,0,1017,,G,,F,6,245,,,15R225,,,,,,0,0,000000000,00000000000,0,0,0,1,0,0,0,0,0,0,0,998,0,0,0,12,12,6,2,42,0,0,0,1,34,7456,6,1,6,0,3,0,73,999,1,0,0,0,0,12,2008,12,2008,0,36,0,0,0,1,2,50,1,1,2,1,0,0,1,13,1,1,5,1,1,1
34,340481,1,2,2,28,10,22,39,8,0,1,1,34,2,2,404,2404,14,2008,1J8HR58248C2,1,J,8,H,R,5,8,2,4,8,C,2,0,T,JEEP,LMT,4W,8,17,,2,0,1095,GCK,G,,,8,348,,,,,4691,00,7,44,0,0,000000000,00000000000,0,0,0,1,0,0,0,0,0,0,0,998,0,0,0,3,12,4,1,8,0,0,0,1,34,7836,6,2,0,0,3,0,69,999,0,0,0,0,1,6,2010,6,2010,0,38,0,0,0,1,2,35,1,2,2,1,0,0,1,80,1,1,1,13,0,0
34,340481,2,2,1,28,10,22,39,8,0,1,1,34,1,34,402,34402,14,2005,WBXPA93415WD,W,B,X,P,A,9,3,4,1,5,W,D,0,P,BMW,BX3,UT,5,17,4023,,0,1101,,G,,F,6,182,,,17R235,,,,,,0,0,000000000,00000000000,0,0,0,1,0,0,0,0,0,0,0,998,0,0,0,12,12,9,1,8,0,0,0,1,34,8618,6,1,0,0,3,0,63,999,1,0,0,0,0,2,2011,2,2011,0,0,0,0,0,1,2,35,1,2,2,1,0,0,1,80,1,1,1,98,0,0
34,340482,1,2,1,18,11,8,57,12,8,1,0,42,1,35,401,35401,14,2002,JN8DR09YX2W7,J,N,8,D,R,0,9,Y,X,2,W,7,0,P,NISS,PFI,UT,2,17,3997,,0,1063,,G,,F,6,213,,,16R255,,,,,,0,0,000000000,00000000000,0,0,0,1,0,0,0,0,0,0,0,999,0,0,0,2,2,9,3,12,0,0,0,1,42,19057,1,1,0,0,2,0,73,999,0,2,0,0,0,4,2011,4,2011,0,28,58,0,0,1,2,50,1,1,2,1,0,0,1,9,6,4,4,64,1,0
34,340482,2,2,2,18,11,8,57,12,8,1,0,34,3,7,482,7482,40,2003,1D7HU18D13S3,1,D,7,H,U,1,8,D,1,3,S,3,0,T,DODG,SQ1,CW,3,17,,2,1605,1405,RPC,G,,,8,345,,,,B,5005,02,E,44,0,0,000000000,00000000000,0,0,0,1,0,0,0,0,0,0,0,999,0,0,0,10,10,9,3,12,0,0,0,1,34,8234,6,1,0,0,3,0,70,999,0,0,0,0,1,10,2011,10,2011,0,0,0,0,0,1,2,50,1,1,2,1,0,0,1,62,7,1,4,65,0,0
34,340483,1,1,1,31,10,20,22,8,0,1,1,34,1,54,35,54035,4,2001,19UUA56671A0,1,9,U,U,A,5,6,6,7,1,A,0,0,P,ACUR,32T,4D,1,17,3483,,0,1081,,G,,F,6,197,,,16R205,,,,,,0,0,000000000,00000000000,0,0,0,1,0,0,0,0,0,0,0,998,0,0,0,12,12,9,1,8,0,0,0,1,34,7111,6,1,0,0,3,0,72,999,0,0,0,0,2,4,2010,10,2010,9,38,36,0,0,1,2,0,1,3,2,1,3,3,99,80,1,9,9,13,0,0
34,340484,1,2,1,19,11,18,28,12,6,1,0,34,1,98,706,98706,80,2002,1A9TX0225213,1,A,9,T,X,0,2,2,5,2,1,3,0,U,,,,2,17,,,,,,,,,,,,,,,,,,,0,0,000000000,00000000000,0,0,0,1,0,0,0,0,0,0,0,999,0,0,0,9,9,6,2,12,0,0,0,1,34,8091,6,1,0,0,3,0,71,999,0,0,0,0,0,0,0,0,0,0,39,0,0,0,1,2,45,1,1,2,1,20,3,1,55,3,2,1,89,1,0
34,340484,2,2,2,19,11,18,28,12,6,1,0,34,1,35,421,35421,15,2006,5N1AA08B06N7,5,N,1,A,A,0,8,B,0,6,N,7,0,P,NISS,ARM,UT,6,17,5359,,0,1232,,G,,F,8,342,,,17R285,,,,,,0,0,000000000,00000000000,0,0,0,1,0,0,0,0,0,0,0,999,0,0,0,12,12,6,2,12,0,0,0,1,34,8037,6,1,0,0,3,0,70,999,0,0,0,0,0,0,0,0,0,0,0,0,0,0,1,4,50,1,2,2,1,0,0,1,66,1,1,1,88,0,0
34,340485,1,1,2,12,11,23,23,5,0,1,0,42,1,7,461,7461,21,2001,2B4JB25Y91K5,2,B,4,J,B,2,5,Y,9,1,K,5,0,P,DODG,RMW,SV,1,17,4968,,0,1272,,G,,F,8,318,,,000000,,,,,,0,0,000000000,00000000000,0,0,0,1,0,0,0,0,0,0,0,998,0,0,0,0,0,0,3,5,0,0,0,1,42,17820,6,1,0,0,3,0,61,999,0,0,0,0,0,0,0,0,0,0,0,0,0,0,1,2,25,1,1,2,1,0,0,1,98,1,1,1,0,1,0
34,340486,1,1,2,27,11,19,21,8,0,1,0,34,2,49,402,49402,14,2004,JTEHD20V8460,J,T,E,H,D,2,0,V,8,4,6,0,0,P,TOYT,RV4,UT,4,17,3119,,0,980,,G,,F,4,144,,,16R215,,,,,,0,0,000000000,00000000000,0,0,0,1,0,0,0,0,0,0,0,998,0,0,0,11,11,9,3,8,0,0,0,1,34,8857,6,1,0,0,3,3,66,999,0,0,0,0,0,0,0,0,0,0,0,0,0,0,2,3,50,1,1,2,1,3,3,1,80,1,1,1,13,0,0
34,340487,1,3,2,19,11,23,27,12,6,1,0,34,2,20,16,20016,2,2002,1G1JC1243271,1,G,1,J,C,1,2,4,3,2,7,1,0,P,CHEV,CAV,CP,2,17,2617,,0,1041,,G,,F,4,133,,,14R195,,,,,,0,0,000000000,00000000000,0,0,0,1,0,0,0,0,0,0,0,998,0,0,0,12,12,6,2,12,0,0,0,1,34,8302,6,1,0,0,3,0,69,999,0,0,0,0,0,0,0,0,0,0,0,0,0,0,1,2,50,4,2,2,2,0,0,14,62,2,1,1,65,0,0
34,340487,2,3,1,19,11,23,27,12,6,1,0,42,1,55,35,55035,4,2000,KMHJF35F2YU0,K,M,H,J,F,3,5,F,2,Y,U,0,0,P,HYUN,EGS,4D,0,17,2626,,0,1004,,G,,F,4,121,,,14R195,,,,,,0,0,000000000,00000000000,0,0,0,1,0,0,0,0,0,0,0,998,0,0,0,9,9,6,2,12,0,0,0,1,99,99999,9,9,99,9,9,9,999,999,99,99,99,99,99,99,9999,99,9999,1,36,0,0,0,1,2,50,4,2,2,2,0,0,14,6,99,3,2,64,1,1
34,340487,3,3,1,19,11,23,27,12,6,1,0,34,1,7,442,7442,20,2002,2B8GP44302R5,2,B,8,G,P,4,4,3,0,2,R,5,0,T,DODG,GSP,ES,2,17,,1,0,1193,CAR,F,,,6,201,,,,,4002,00,K,42,0,0,000000000,00000000000,0,0,0,1,0,0,0,0,0,0,0,998,0,1,6,14,3,6,2,1,0,0,0,1,34,8302,6,1,6,0,3,0,69,999,0,0,0,0,0,0,0,0,0,0,0,0,0,0,1,2,50,4,2,2,2,0,0,14,50,1,1,1,98,0,0
34,340488,1,1,2,31,10,20,47,8,0,1,0,34,1,21,441,21441,20,2002,1GHDX13E32D2,1,G,H,D,X,1,3,E,3,2,D,2,0,T,OLDS,LUX,ES,2,17,,1,0,1200,SIL,G,,,6,207,,,,B,3948,00,K,42,0,0,000000000,00000000000,0,0,0,1,0,0,0,0,0,0,0,999,0,0,0,12,12,2,3,8,0,0,0,1,34,8244,6,1,0,0,3,3,66,999,0,0,0,0,0,0,0,0,0,0,0,0,0,0,1,2,50,1,2,2,1,0,0,1,80,1,1,1,13,0,0
34,340489,1,1,1,6,11,4,26,99,99,1,0,34,5,2,405,2405,14,2003,1J4GL48K73W5,1,J,4,G,L,4,8,K,7,3,W,5,0,T,JEEP,LSF,4W,3,17,,1,0,1043,LIB,G,,,6,226,,,,,3655,02,E,44,0,0,000000000,00000000000,0,0,0,1,0,0,0,0,0,0,0,998,0,0,0,9,9,6,2,99,0,0,0,1,34,7011,0,0,0,0,0,0,999,999,0,0,0,0,0,0,0,0,0,9,99,99,99,99,1,2,99,1,1,2,1,3,3,99,99,99,9,9,99,1,0
34,340490,1,1,1,16,10,2,8,8,0,1,0,36,2,42,48,42048,4,2003,WDBUF65J13A1,W,D,B,U,F,6,5,J,1,3,A,1,0,P,MERZ,E32,4D,3,17,3515,,0,1123,,G,,F,6,195,,,16R225,,,,,,0,0,000000000,00000000000,0,0,0,1,0,0,0,0,0,0,0,999,0,0,0,12,12,9,3,8,0,0,0,1,36,11801,6,1,0,0,3,0,65,999,0,0,0,0,0,0,0,0,0,0,0,0,0,0,2,3,55,1,3,2,1,0,0,1,80,8,1,2,13,0,0
34,340491,1,1,1,28,11,18,46,8,0,1,0,34,1,37,32,37032,4,2008,1HGCP26798A1,1,H,G,C,P,2,6,7,9,8,A,1,0,P,HOND,UEX,4D,8,17,3392,,0,1102,,G,,F,4,146,,,17R225,,,,,,0,0,000000000,00000000000,0,0,0,1,0,0,0,0,0,0,0,999,0,0,0,12,12,9,3,8,0,0,0,1,34,8648,6,1,0,0,3,0,68,999,0,0,0,0,0,0,0,0,0,0,0,0,0,0,1,2,40,1,1,2,1,0,0,1,80,2,1,1,13,0,0
34,340492,1,1,2,26,11,20,0,8,0,1,0,34,1,20,403,20403,14,2005,1GNDT13S8522,1,G,N,D,T,1,3,S,8,5,2,2,0,P,CHEV,TRL,UT,5,17,4612,,0,1130,,G,,F,6,256,,,16R245,,,,,,0,0,000000000,00000000000,0,0,0,1,0,0,0,0,0,0,0,999,0,0,0,12,12,9,3,8,0,0,0,1,34,7417,6,1,0,0,3,0,71,999,0,0,0,0,0,0,0,0,0,0,0,0,0,0,3,3,55,1,1,2,1,0,0,1,81,6,1,2,13,0,0
34,340493,1,1,1,12,11,14,8,1,0,1,0,34,1,73,705,73705,80,1999,JKAZG9B16XB5,J,K,A,Z,G,9,B,1,6,X,B,5,0,M,KAWK,ZGB,RS,99,17,,,,,,,1200,,4,,4,728,,,,,,,0,0,000000000,00000000000,0,0,0,1,0,0,0,0,0,0,0,999,0,0,0,0,0,6,2,1,0,0,0,1,34,8081,6,1,0,0,3,0,76,450,0,1,0,0,5,1,2009,12,2009,0,36,0,0,0,3,4,55,1,1,2,1,0,0,1,50,6,2,2,98,1,0
34,340494,1,1,1,12,11,3,8,8,0,1,1,99,9,99,999,99999,99,9999,999999999999,9,9,9,9,9,9,9,9,9,9,9,9,9,,,,,,,,,,,,,,,,,,,,,,,,,0,99,999999999,99999999999,9,99,99,1,0,0,0,0,99,99,9,998,0,0,0,99,99,9,1,8,99,99,0,1,99,99999,9,9,99,9,9,9,999,999,99,99,99,99,99,99,9999,99,9999,9,99,99,99,99,1,2,25,1,1,2,1,3,3,99,80,99,9,9,13,0,0
34,340495,1,1,1,18,11,14,6,8,0,1,0,34,3,12,881,12881,61,2002,1FDXF46F72EC,1,F,D,X,F,4,6,F,7,2,E,C,5,T,FORD,F4D,CB,2,17,,4,2010,1410,DRW,D,,,8,444,,,,,00000,00,E,42,0,88,888888888,88888888888,2,1,12,1,0,0,0,0,0,0,0,998,0,0,0,99,99,9,2,8,0,0,0,1,34,7307,6,1,0,0,3,0,66,999,1,0,0,0,1,11,2008,9,2010,0,0,0,0,0,1,2,25,1,1,2,1,3,3,10,80,1,1,1,13,0,0
34,340496,1,1,1,6,11,6,17,1,0,1,0,34,2,58,37,58037,4,2008,JNKBV61E98M2,J,N,K,B,V,6,1,E,9,8,M,2,0,P,INFI,G35,4D,8,17,3497,,0,1122,,G,,F,6,214,,,17R225,,,,,,0,0,000000000,00000000000,0,0,0,1,0,0,0,0,0,0,0,998,0,1,6,0,13,6,2,1,0,0,0,1,34,8015,6,1,0,0,3,0,70,999,1,0,0,0,0,11,2011,11,2011,1,36,0,0,0,1,2,50,1,2,2,2,0,0,1,6,99,3,5,2,1,1
34,340497,1,2,1,8,8,1,9,12,6,1,0,34,2,35,443,35443,20,2004,5N1BV28U74N3,5,N,1,B,V,2,8,U,7,4,N,3,0,P,NISS,QST,SV,4,17,3885,,0,1240,,G,,F,6,214,,,16R225,,,,,,0,0,000000000,00000000000,0,0,0,1,0,0,0,0,0,0,0,999,0,1,1,9,9,9,3,12,0,0,0,1,34,7104,6,1,0,0,3,0,65,154,0,0,0,0,0,0,0,0,0,0,0,0,0,0,6,1,50,1,1,2,1,3,3,1,66,1,1,1,89,1,0
34,340497,2,2,2,8,8,1,9,12,6,1,0,34,2,35,401,35401,14,1997,JN8AR05SXVW1,J,N,8,A,R,0,5,S,X,V,W,1,0,P,NISS,PFI,UT,97,17,3689,,0,1063,,G,,F,6,201,,,15R235,,,,,,0,0,000000000,00000000000,0,0,0,1,0,0,0,0,0,0,0,999,0,0,0,12,12,9,3,12,0,0,0,1,34,7040,6,1,0,0,3,0,74,999,0,0,0,0,0,0,0,0,0,1,38,36,0,0,6,1,50,1,1,2,1,3,3,1,17,1,1,1,88,0,1
34,340498,1,1,1,13,11,11,12,10,0,1,0,34,1,18,22,18022,4,2009,2G4WD5822911,2,G,4,W,D,5,8,2,2,9,1,1,0,P,BUIC,LAL,4D,9,17,3502,,0,1105,,G,,F,6,232,,,16R225,,,,,,0,0,000000000,00000000000,0,0,0,1,0,0,0,0,0,0,0,998,0,1,6,9,9,6,2,1,0,0,0,1,34,7719,6,1,0,0,3,0,62,150,1,0,0,0,0,2,2009,2,2009,0,39,0,0,0,1,2,25,1,1,2,1,65,3,1,91,1,1,1,15,1,0
34,340499,1,2,1,28,12,10,11,12,6,1,0,34,1,12,17,12017,4,1999,1FAFP52U8XA2,1,F,A,F,P,5,2,U,8,X,A,2,0,P,FORD,TAX,4D,99,17,3329,,0,1085,,G,,F,6,182,,,15R205,,,,,,0,0,000000000,00000000000,0,0,0,1,0,0,0,0,0,0,0,46,0,0,0,12,12,6,2,12,0,0,0,1,34,8050,6,1,0,0,3,0,67,999,0,0,0,0,0,0,0,0,0,0,39,0,0,0,2,2,55,1,1,2,1,3,3,1,71,1,1,1,79,0,0
34,340499,2,2,1,28,12,10,11,12,6,1,0,34,1,20,2,20002,4,2004,2G1WF52E9491,2,G,1,W,F,5,2,E,9,4,9,1,0,P,CHEV,IMP,4D,4,17,3389,,0,1105,,G,,F,6,207,,,16R225,,,,,,0,0,000000000,00000000000,0,0,0,1,0,0,0,0,0,0,0,16,0,0,0,10,10,6,2,12,0,0,0,1,34,8050,6,1,0,0,3,0,67,999,0,0,0,0,0,0,0,0,0,0,0,0,0,0,2,2,55,1,1,2,1,3,3,10,66,1,1,1,78,1,0