STATE,ST_CASE,VEH_NO,VE_FORMS,NUMOCCS,DAY,MONTH,HOUR,MINUTE,HARM_EV,MAN_COLL,UNITTYPE,HIT_RUN,REG_STAT,OWNER,MAKE,MODEL,MAK_MOD,BODY_TYP,MOD_YEAR,VIN,VIN_1,VIN_2,VIN_3,VIN_4,VIN_5,VIN_6,VIN_7,VIN_8,VIN_9,VIN_10,VIN_11,VIN_12,TOW_VEH,VINTYPE,VINMAKE,VINA_MOD,VIN_BT,VINMODYR,VIN_LNGT,VIN_WGT,WGTCD_TR,WHLBS_LG,WHLBS_SH,SER_TR,FUELCODE,MCYCL_DS,CARBUR,CYLINDER,DISPLACE,MCYCL_CY,MCYCL_WT,TIRE_SZE,TON_RAT,TRK_WT,TRKWTVAR,VIN_REST,WHLDRWHL,J_KNIFE,MCARR_I1,MCARR_I2,MCARR_ID,GVWR,V_CONFIG,CARGO_BT,HAZ_INV,HAZ_PLAC,HAZ_ID,HAZ_CNO,HAZ_REL,BUS_USE,SPEC_USE,EMER_USE,TRAV_SP,UNDERIDE,ROLLOVER,ROLINLOC,IMPACT1,IMPACT2,DEFORMED,TOWED,M_HARM,VEH_SC1,VEH_SC2,FIRE_EXP,DR_PRES,L_STATE,DR_ZIP,L_STATUS,L_TYPE,CDL_STAT,L_ENDORS,L_COMPL,L_RESTRI,DR_HGT,DR_WGT,PREV_ACC,PREV_SUS,PREV_DWI,PREV_SPD,PREV_OTH,FIRST_MO,FIRST_YR,LAST_MO,LAST_YR,SPEEDREL,DR_SF1,DR_SF2,DR_SF3,DR_SF4,VTRAFWAY,VNUM_LAN,VSPD_LIM,VALIGN,VPROFILE,VPAVETYP,VSURCOND,VTRAFCON,VTCONT_F,P_CRASH1,P_CRASH2,P_CRASH3,PCRASH4,PCRASH5,ACC_TYPE,DEATHS,DR_DRINK
35,350103,2,2,2,15,7,8,45,12,2,1,0,48,1,98,850,98850,73,2001,4U7C8DN13Z11,4,U,7,C,8,D,N,1,3,Z,1,1,0,U,,,,1,17,,,,,,,,,,,,,,,,,,,0,0,000000000,00000000000,0,0,0,1,0,0,0,0,0,0,0,998,0,0,0,12,12,6,2,12,0,0,0,1,48,77905,6,1,0,0,3,0,999,999,0,0,0,0,0,0,0,0,0,0,0,0,0,0,2,2,75,1,1,2,1,98,3,1,62,9,1,1,51,0,0
35,350104,1,1,4,16,6,0,24,1,0,1,0,35,1,7,482,7482,31,2000,1B7KF23W3YJ1,1,B,7,K,F,2,3,W,3,Y,J,1,0,T,DODG,Q25,4C,0,17,,2,1547,1387,RPC,G,,,10,488,,,,C,5593,01,U,44,0,0,000000000,00000000000,0,0,0,1,0,0,0,0,0,0,0,998,0,1,5,0,0,6,2,1,0,0,0,1,35,87413,6,1,0,0,3,0,69,120,98,1,0,0,0,2,2010,2,2010,1,28,0,0,0,4,2,30,1,1,5,1,0,0,1,12,1,1,4,6,1,1
35,350105,1,1,1,16,6,21,28,8,0,1,0,35,1,20,36,20036,2,2002,2G1WX15K1292,2,G,1,W,X,1,5,K,1,2,9,2,0,P,CHEV,MSS,CP,2,17,3395,,0,1105,,G,,F,6,231,,,16R225,,,,,,0,0,000000000,00000000000,0,0,0,1,0,0,0,0,0,0,0,998,0,0,0,12,12,6,2,8,0,0,0,1,35,87375,6,1,0,0,3,0,69,185,98,0,0,0,0,0,0,0,0,0,0,0,0,0,2,2,55,1,1,2,1,0,0,1,80,1,1,1,13,0,0
35,350106,1,1,1,18,6,6,30,42,0,1,0,35,1,7,442,7442,20,2006,2D4GP44L16R7,2,D,4,G,P,4,4,L,1,6,R,7,0,T,DODG,GSX,ES,6,17,,1,0,1193,CAR,G,,,6,230,,,,,4252,00,E,42,0,0,000000000,00000000000,0,0,0,1,0,0,0,0,0,0,0,998,0,0,0,12,12,6,2,42,0,0,1,1,35,88301,6,1,0,0,3,0,65,200,98,0,0,0,0,0,0,0,0,1,28,0,0,0,1,2,65,1,1,2,1,0,0,1,92,1,1,4,6,1,0
35,350107,1,2,1,19,6,9,36,12,6,1,0,35,1,20,481,20481,31,2003,1GCEC14X3323,1,G,C,E,C,1,4,X,3,3,2,3,0,T,CHEV,SC1,PK,3,17,,2,1330,1190,SIL,G,,,6,262,,,,B,4073,00,,42,0,0,000000000,00000000000,0,0,0,1,0,0,0,0,0,0,0,998,0,0,0,12,12,6,2,12,0,0,0,1,35,87416,6,1,0,0,3,0,72,200,98,1,0,0,0,8,2010,8,2010,0,0,0,0,0,2,2,60,1,1,2,1,0,0,1,17,1,1,1,88,0,0
35,350107,2,2,1,19,6,9,36,12,6,1,0,35,1,18,7,18007,4,2002,2G4WS52J8212,2,G,4,W,S,5,2,J,8,2,1,2,0,P,BUIC,CCU,4D,2,17,3368,,0,1090,,G,,F,6,191,,,15R205,,,,,,0,0,000000000,00000000000,0,0,0,1,0,0,0,0,0,0,0,998,0,0,0,9,9,6,2,12,0,0,0,1,35,87401,6,1,0,0,3,0,60,130,98,0,0,0,0,0,0,0,0,0,38,0,0,0,2,2,60,1,1,2,1,0,0,1,17,1,1,1,89,1,0
35,350108,1,1,1,2,7,22,22,35,0,1,0,4,1,20,443,20443,20,2004,1GNDU03E14D2,1,G,N,D,U,0,3,E,1,4,D,2,0,P,CHEV,VTR,SV,4,17,3699,,0,1120,,G,,F,6,207,,,000000,,,,,,0,0,000000000,00000000000,0,0,0,1,0,0,0,0,0,0,0,998,0,1,6,12,13,6,2,1,0,0,0,1,4,85086,6,1,0,0,3,0,65,170,0,0,0,0,0,0,0,0,0,1,28,0,0,0,1,2,55,1,1,2,1,28,3,1,12,6,1,4,6,1,1
35,350109,1,2,1,7,7,16,45,12,6,1,0,35,1,7,25,7025,5,2008,1B3HB48B18D6,1,B,3,H,B,4,8,B,1,8,D,6,0,P,DODG,CXT,4D,8,17,3039,,0,1037,,G,,F,4,122,,,17R215,,,,,,0,0,000000000,00000000000,0,0,0,1,0,0,0,0,0,0,0,998,0,0,0,3,3,6,2,12,0,0,0,1,35,87507,6,1,0,0,3,0,67,110,98,0,0,0,0,0,0,0,0,0,38,0,0,0,2,2,55,1,1,2,1,0,0,11,17,1,1,1,82,1,0
35,350109,2,2,1,7,7,16,45,12,6,1,0,35,1,19,18,19018,4,2009,1G6DV57V5901,1,G,6,D,V,5,7,V,5,9,0,1,0,P,CADI,HF6,4D,9,17,3874,,0,1134,,G,,F,6,220,,,17R235,,,,,,0,0,000000000,00000000000,0,0,0,1,0,0,0,0,0,0,0,998,0,0,0,12,12,6,2,12,0,0,0,1,35,87506,6,1,0,0,3,0,66,160,98,0,0,0,0,0,0,0,0,0,0,0,0,0,2,2,55,1,1,2,1,0,0,1,17,9,2,1,83,0,0
35,350110,1,1,1,14,7,17,16,11,0,1,0,35,2,53,734,53734,90,2004,5SAAK46K5471,5,S,A,A,K,4,6,K,5,4,7,1,0,M,SUZI,LA4,AT,4,17,,,,,,,376,,1,,4,590,,,,,,,0,0,000000000,00000000000,0,0,0,1,0,0,0,0,0,0,0,998,0,1,1,12,13,6,2,11,0,0,0,1,35,88101,6,1,0,0,3,0,68,180,98,1,0,0,0,12,2010,12,2010,1,0,0,0,0,1,2,30,1,1,2,1,0,0,1,87,1,1,1,13,1,1
35,350111,1,1,2,16,7,19,49,32,0,1,0,48,1,49,40,49040,4,1996,4T1EF12K5TU1,4,T,1,E,F,1,2,K,5,T,U,1,0,P,TOYT,UCL,SW,96,17,3406,,0,1031,,G,,F,6,183,,,15R205,,,,,,0,0,000000000,00000000000,0,0,0,1,0,0,0,0,0,0,0,998,0,1,5,12,13,6,2,1,0,0,0,1,48,79109,6,1,0,0,3,0,999,999,0,0,0,0,0,0,0,0,0,0,28,0,0,0,1,2,65,1,1,2,1,0,0,1,13,1,1,4,1,1,0
35,350112,1,1,2,21,5,2,50,1,0,1,0,6,1,20,401,20401,14,1995,1GNFK16K9SJ3,1,G,N,F,K,1,6,K,9,S,J,3,0,P,CHEV,K15,UT,95,17,0,,0,1315,,G,,F,8,350,,,16R245,,,,,,0,0,000000000,00000000000,0,0,0,1,0,0,0,0,0,0,0,998,0,1,5,0,12,6,2,1,0,0,0,1,6,90201,6,1,0,0,3,0,72,300,0,0,0,0,0,0,0,0,0,0,28,0,0,0,2,2,75,1,1,2,1,0,0,1,13,7,1,4,1,1,0
35,350113,1,1,2,5,7,22,0,1,0,1,0,48,1,35,50,35050,4,2009,3N1BC11E49L4,3,N,1,B,C,1,1,E,4,9,L,4,0,P,NISS,VSL,4D,9,17,2671,,0,1024,,G,,F,4,110,,,15R185,,,,,,0,0,000000000,00000000000,0,0,0,1,0,0,0,0,0,0,0,998,0,1,5,0,13,6,2,1,0,0,0,1,48,79745,6,1,0,0,3,0,999,999,0,0,0,0,0,0,0,0,0,0,0,0,0,0,1,2,65,2,1,2,1,98,3,14,13,1,1,4,1,1,1
35,350114,1,1,3,10,7,11,59,39,0,1,0,35,2,20,481,20481,31,2004,1GCHK23U64F1,1,G,C,H,K,2,3,U,6,4,F,1,0,T,CHEV,2KH,CW,4,17,,2,1670,1530,SIL,G,,,8,364,,,,C,6056,03,,44,0,0,000000000,00000000000,0,0,0,1,0,0,0,0,0,0,0,998,0,1,6,12,13,6,2,1,0,0,0,1,35,88005,6,1,0,0,3,0,69,145,98,1,0,0,0,4,2009,10,2009,1,39,28,0,0,1,2,45,1,1,2,1,3,3,1,6,1,2,4,7,2,1
35,350115,1,1,3,6,7,15,30,1,0,1,0,32,2,30,40,30040,4,2007,3VWGF71K47M1,3,V,W,G,F,7,1,K,4,7,M,1,0,P,VOLK,JET,4D,7,17,3193,,0,1015,,G,,F,5,151,,,15R195,,,,,,0,0,000000000,00000000000,0,0,0,1,0,0,0,0,0,0,0,998,0,1,5,0,13,6,2,1,0,0,0,1,32,89121,6,1,0,0,3,0,68,200,1,0,0,0,0,9,2009,9,2009,0,28,0,0,0,2,2,75,1,1,2,1,0,0,1,1,1,2,4,2,1,0
35,350116,1,1,5,23,7,8,7,1,0,1,0,35,1,7,482,7482,31,2008,1D7HA18K38J1,1,D,7,H,A,1,8,K,3,8,J,1,0,T,DODG,QS1,CW,8,17,,2,1605,1405,RPC,G,,,6,225,,,,B,4889,00,E,42,0,0,000000000,00000000000,0,0,0,1,0,0,0,0,0,0,0,998,0,1,5,0,13,6,2,1,0,0,0,1,35,87305,6,1,0,0,3,0,64,120,98,0,0,3,1,6,2009,11,2010,1,28,58,0,0,2,2,65,2,2,2,1,0,0,14,6,6,2,4,2,2,1
35,350117,1,1,1,31,7,17,50,42,0,1,0,35,1,72,706,72706,80,2007,1HD1JD5137Y0,1,H,D,1,J,D,5,1,3,7,Y,0,0,M,HD,FLN,RS,7,17,,,,,,,1584,,2,,4,695,,,,,,,0,0,000000000,00000000000,0,0,0,1,0,0,0,0,0,0,0,998,0,0,0,12,12,6,2,42,0,0,0,1,35,87042,6,1,0,0,3,0,63,117,98,1,0,0,0,9,2010,9,2010,1,28,0,0,0,1,2,55,2,2,2,1,28,3,14,13,1,1,4,1,1,1
35,350118,1,1,1,16,7,22,54,1,0,1,0,35,1,38,401,38401,14,1994,JACDH58V4R79,J,A,C,D,H,5,8,V,4,R,7,9,0,P,ISU,TRO,UT,94,17,4210,,0,1087,,G,,F,6,195,,,16R245,,,,,,0,0,000000000,00000000000,0,0,0,1,0,0,0,0,0,0,0,998,0,1,3,0,13,6,2,1,0,0,0,1,35,87108,6,1,0,0,3,0,69,140,98,0,0,0,0,0,0,0,0,1,28,0,0,0,2,2,75,1,1,2,1,0,0,1,12,1,1,4,6,1,1
35,350119,1,1,1,20,7,4,43,8,0,1,0,35,1,20,2,20002,4,2004,2G1WH52K0493,2,G,1,W,H,5,2,K,0,4,9,3,0,P,CHEV,IPL,4D,4,17,3466,,0,1105,,G,,F,6,231,,,16R225,,,,,,0,0,000000000,00000000000,0,0,0,1,0,0,0,0,0,0,0,998,0,0,0,12,12,6,2,8,0,0,0,1,35,88352,6,1,0,0,3,0,70,200,98,0,0,0,0,0,0,0,0,0,0,0,0,0,1,2,50,1,1,2,1,0,0,1,80,8,1,1,13,0,0
35,350120,1,1,1,14,7,20,55,8,0,1,0,35,1,49,471,49471,30,1986,JT4RN63R0G50,J,T,4,R,N,6,3,R,0,G,5,0,0,T,TOYT,R63,PK,86,17,,1,0,1030,44P,G,,,4,144,,,,B,3551,01,A,44,0,0,000000000,00000000000,0,0,0,1,0,0,0,0,0,0,0,998,0,0,0,12,12,6,2,8,0,0,0,1,35,87501,6,1,0,0,3,0,77,235,98,0,0,0,0,0,0,0,0,0,0,0,0,0,1,2,40,1,1,2,1,0,0,1,80,1,1,1,13,0,0
35,350121,1,2,1,11,7,13,45,12,2,1,0,35,1,49,482,49482,31,2003,5TBBT44113S4,5,T,B,B,T,4,4,1,1,3,S,4,0,T,TOYT,TT5,4C,3,17,,2,0,1283,TUN,G,,,8,285,,,,B,4320,00,U,44,0,0,000000000,00000000000,0,0,0,1,0,0,0,0,0,0,0,998,0,0,0,12,12,6,2,12,0,0,0,1,35,87113,6,1,0,0,3,0,67,145,98,0,0,2,1,4,2011,7,2011,0,35,0,0,0,1,2,65,1,1,2,1,0,0,6,54,1,1,2,52,0,0
35,350121,2,2,1,11,7,13,45,12,2,1,0,4,1,55,39,55039,4,2009,KMHFC46F39A3,K,M,H,F,C,4,6,F,3,9,A,3,0,P,HYUN,AZL,4D,9,17,3629,,0,1094,,G,,F,6,230,,,17R235,,,,,,0,0,000000000,00000000000,0,0,0,1,0,0,0,0,0,0,0,998,0,0,0,12,12,6,2,12,0,0,0,1,4,85268,6,1,0,0,3,0,68,212,0,0,0,0,0,0,0,0,0,0,0,0,0,0,1,2,65,1,1,2,1,0,0,1,54,1,1,1,52,1,0
35,350123,1,1,1,26,7,19,10,1,0,1,0,35,1,20,421,20421,15,2004,1GNEC13V74R2,1,G,N,E,C,1,3,V,7,4,R,2,0,P,CHEV,CTA,UT,4,17,4828,,0,1160,,G,,F,8,293,,,16R265,,,,,,0,0,000000000,00000000000,0,0,0,1,0,0,0,0,0,0,0,998,0,1,3,0,13,6,2,1,0,0,1,1,35,88203,6,1,0,0,3,0,69,170,98,0,0,0,0,0,0,0,0,0,28,0,0,0,2,2,70,1,1,2,1,0,0,1,12,1,1,4,6,1,0
35,350124,1,2,1,20,7,21,59,12,2,1,0,35,1,20,481,20481,31,2009,1GCEK19C69Z2,1,G,C,E,K,1,9,C,6,9,Z,2,0,T,CHEV,SK1,4C,9,17,,2,1575,1339,SIL,G,,,8,293,,,,B,5263,02,,44,0,0,000000000,00000000000,0,0,0,1,0,0,0,0,0,0,0,998,0,0,0,12,12,6,2,12,0,0,0,1,35,87013,6,1,0,0,3,0,66,150,98,0,0,0,0,0,0,0,0,0,28,0,0,0,2,2,70,1,1,2,1,0,0,1,10,1,1,7,50,1,0
35,350124,2,2,1,20,7,21,59,12,2,1,0,48,3,51,881,51881,66,2007,4V4NC9GH47N4,4,V,4,N,C,9,G,H,4,7,N,4,1,T,VOLV,VNL,TR,7,17,,8,0,0,VVN,D,,,6,732,,,,,00000,00,,64,1,57,0524011,570524011,3,6,1,1,0,0,0,0,0,0,0,998,0,0,0,12,12,6,2,12,0,0,0,1,29,65622,6,1,6,0,3,0,67,135,0,0,0,0,1,4,2011,4,2011,0,0,0,0,0,2,2,70,1,1,2,1,0,0,1,62,9,2,2,51,0,0
35,350125,1,1,1,31,7,6,20,34,0,1,0,35,2,9,442,9442,20,1987,2P4FH51G1HR1,2,P,4,F,H,5,1,G,1,H,R,1,0,P,PLYM,VOF,SV,87,17,3044,,1191,1121,,G,,2,4,156,,,000000,,,,,,0,0,000000000,00000000000,0,0,0,1,0,0,0,0,0,0,0,998,0,1,5,61,13,6,2,1,0,0,0,1,35,88415,6,1,0,0,3,0,71,195,98,0,0,0,0,0,0,0,0,0,28,0,0,0,1,2,50,2,1,2,1,0,0,14,13,1,1,4,1,1,1
35,350126,1,1,1,3,8,16,29,18,0,1,0,47,1,72,706,72706,80,2001,1HD1FMW151Y6,1,H,D,1,F,M,W,1,5,1,Y,6,1,M,HD,TPI,RS,1,17,,,,,,,1450,,2,,4,999,,,,,,,3,0,000000000,00000000000,0,0,0,1,0,0,0,0,0,0,0,998,0,0,0,12,13,6,2,18,0,0,0,1,28,38654,6,1,0,0,3,0,70,200,0,0,0,0,0,0,0,0,0,0,0,0,0,0,2,2,75,1,1,2,1,98,3,1,90,6,1,2,12,1,0
35,350128,1,1,2,21,8,15,35,1,0,1,0,35,2,49,471,49471,30,1994,4TARN01P7RZ2,4,T,A,R,N,0,1,P,7,R,Z,2,0,T,TOYT,SDX,PK,94,17,,1,0,1030,HTP,G,,,4,144,,,,B,3345,00,A,44,0,0,000000000,00000000000,0,0,0,1,0,0,0,0,0,0,0,998,0,1,3,0,0,6,2,1,0,0,0,1,35,87124,6,1,0,0,3,0,74,170,98,0,0,0,0,0,0,0,0,0,80,28,0,0,2,2,75,1,1,2,1,98,3,1,1,1,2,4,7,1,1
35,350129,1,1,1,13,8,21,34,33,0,1,0,35,1,20,16,20016,2,1996,1G1JC1241TM1,1,G,1,J,C,1,2,4,1,T,M,1,0,P,CHEV,CAV,CP,96,17,2617,,0,1041,,G,,F,4,133,,,14R195,,,,,,0,0,000000000,00000000000,0,0,0,1,0,0,0,0,0,0,0,998,0,1,6,12,13,6,2,1,0,0,0,1,35,87701,6,1,0,0,3,0,68,220,98,0,0,0,0,0,0,0,0,0,28,0,0,0,6,1,35,1,1,2,1,20,3,1,12,1,1,4,6,1,1
35,350130,1,1,1,14,8,15,0,38,0,1,0,17,1,48,401,48401,14,2003,JF1SG65683H7,J,F,1,S,G,6,5,6,8,3,H,7,0,P,SUBA,FOR,UT,3,17,3095,,0,994,,G,,F,4,150,,,16R215,,,,,,0,0,000000000,00000000000,0,0,0,1,0,0,0,0,0,0,0,998,0,1,6,12,13,6,2,1,0,0,0,1,17,60152,6,1,0,0,3,0,999,999,0,0,0,0,0,0,0,0,0,1,28,0,0,0,1,2,45,3,1,2,1,98,3,14,6,6,4,4,2,1,0
35,350131,1,2,1,10,8,19,9,12,6,1,0,35,1,34,706,34706,80,1995,WB1040902S03,W,B,1,0,4,0,9,0,2,S,0,3,0,M,BMW,R1G,RS,95,17,,,,,,,1100,,2,,4,495,,,,,,,0,0,000000000,00000000000,0,0,0,1,0,0,0,0,0,0,0,998,0,0,0,12,12,6,2,12,0,0,0,1,35,87508,6,1,0,0,3,0,72,155,98,0,0,0,1,11,2010,11,2010,0,0,0,0,0,2,2,45,1,3,2,1,3,3,1,62,9,2,1,69,1,1
35,350131,2,2,1,10,8,19,9,12,6,1,0,35,1,22,403,22403,14,2006,2CKDL63F8661,2,C,K,D,L,6,3,F,8,6,6,1,0,P,PONT,TOR,UT,6,17,3660,,0,1125,,G,,F,6,207,,,16R235,,,,,,0,0,000000000,00000000000,0,0,0,1,0,0,0,0,0,0,0,998,0,1,1,81,81,6,2,12,0,0,0,1,35,87507,6,1,0,0,3,0,66,135,98,0,0,1,0,3,2010,3,2010,0,38,0,0,0,2,2,45,1,3,2,1,3,3,11,15,1,1,1,68,0,1
35,350132,1,3,1,19,7,12,12,12,8,1,0,35,1,49,403,49403,14,2008,JTEES43A9820,J,T,E,E,S,4,3,A,9,8,2,0,0,P,TOYT,HIG,UT,8,17,4255,,0,1098,,G,,F,6,214,,,19R245,,,,,,0,0,000000000,00000000000,0,0,0,1,0,0,0,0,0,0,0,998,0,0,0,61,12,6,2,12,0,0,0,1,35,88341,6,1,0,0,3,0,70,190,98,0,0,0,0,0,0,0,0,0,28,36,0,0,1,2,45,1,2,2,1,0,0,11,10,1,1,2,74,0,0
35,350132,2,3,3,19,7,12,12,12,8,1,0,35,3,12,422,12422,15,2010,1FMJU1G54AEB,1,F,M,J,U,1,G,5,4,A,E,B,0,P,FORD,EPT,UT,10,17,5805,,0,1190,,F,,F,8,329,,,17R265,,,,,,0,0,000000000,00000000000,0,0,0,1,0,0,0,0,0,0,0,998,0,0,0,61,0,2,1,12,0,0,0,1,1,36201,6,1,0,0,3,0,73,260,0,0,0,0,0,0,0,0,0,0,0,0,0,0,1,2,45,1,2,2,1,28,3,1,62,1,1,1,74,0,0
35,350132,3,3,2,19,7,12,12,12,8,1,0,35,2,7,482,7482,31,2004,1D7HL38N14S6,1,D,7,H,L,3,8,N,1,4,S,6,0,T,DODG,QSP,CW,4,17,,2,0,1309,DAK,G,,,8,287,,,,B,4088,00,E,42,0,0,000000000,00000000000,0,0,0,1,0,0,0,0,0,0,0,998,0,0,0,12,12,6,2,12,0,0,0,1,35,88316,6,1,0,0,3,0,60,150,98,0,0,0,0,0,0,0,0,0,0,0,0,0,1,2,45,1,2,2,1,28,3,1,62,1,1,1,98,1,0
35,350133,1,2,1,8,8,6,32,12,6,1,0,32,2,19,421,19421,15,2000,1GYEK13R9YR1,1,G,Y,E,K,1,3,R,9,Y,R,1,0,P,CADI,ESC,UT,0,17,5573,,0,1175,,G,,F,8,350,,,16R265,,,,,,0,0,000000000,00000000000,0,0,0,1,0,0,0,0,0,0,0,998,0,0,0,12,12,6,2,12,0,0,0,1,32,89104,6,1,0,0,3,0,72,390,0,0,0,1,0,7,2010,7,2010,0,0,0,0,0,1,2,55,1,1,2,1,0,0,1,17,1,1,1,86,0,0
35,350133,2,2,1,8,8,6,32,12,6,1,0,35,1,18,7,18007,4,1990,1G4AH54N0L64,1,G,4,A,H,5,4,N,0,L,6,4,0,P,BUIC,CCU,4D,90,17,2726,,0,1048,,G,,F,6,204,,,14R185,,,,,,0,0,000000000,00000000000,0,0,0,1,0,0,0,0,0,0,0,998,0,0,0,3,3,6,2,12,0,0,0,1,35,88210,6,1,0,0,3,0,69,172,98,0,0,0,0,0,0,0,0,0,38,0,0,0,1,2,55,1,1,2,1,20,3,1,17,1,1,1,87,1,0
35,350134,1,1,3,6,8,23,35,1,0,1,0,48,2,2,405,2405,14,2003,1J4GK48K43W5,1,J,4,G,K,4,8,K,4,3,W,5,0,T,JEEP,LSF,4W,3,17,,1,0,1043,LIB,G,,,6,226,,,,,3463,02,E,42,0,0,000000000,00000000000,0,0,0,1,0,0,0,0,0,0,0,998,0,1,6,0,13,6,2,1,0,0,0,1,48,79323,6,1,0,0,3,0,66,245,0,0,0,0,0,0,0,0,0,0,80,0,0,0,1,2,65,1,1,2,1,0,0,1,12,1,1,4,6,2,1
35,350135,1,1,4,28,7,20,49,26,0,1,0,35,2,20,16,20016,2,2000,3G1JC1245YS1,3,G,1,J,C,1,2,4,5,Y,S,1,0,P,CHEV,CAV,CP,0,17,2617,,0,1041,,G,,F,4,133,,,14R195,,,,,,0,0,000000000,00000000000,0,0,0,1,0,0,0,0,0,0,0,998,0,0,0,12,12,6,2,35,0,0,0,1,35,87416,6,1,0,0,3,0,60,155,98,0,0,0,0,0,0,0,0,1,39,28,0,0,2,2,55,1,2,2,1,20,3,1,13,1,1,4,1,4,1
35,350136,1,1,1,28,7,16,24,7,0,1,0,6,1,71,706,71706,80,1985,1D9DPLD10F10,1,D,9,D,P,L,D,1,0,F,1,0,0,M,DUCA,,,85,17,,,,,,,,,,,,,,,,,,,0,0,000000000,00000000000,0,0,0,1,0,0,0,0,0,0,0,998,0,0,0,0,61,6,2,7,0,0,0,1,6,87506,6,1,0,0,3,0,72,180,0,0,0,0,0,0,0,0,0,0,81,0,0,0,1,2,55,1,1,2,1,0,0,11,5,4,2,1,0,1,0
35,350137,1,1,1,14,8,4,2,8,0,1,0,35,1,35,47,35047,4,2009,1N4AL21E79N4,1,N,4,A,L,2,1,E,7,9,N,4,0,P,NISS,ATS,4D,9,17,3179,,0,1093,,G,,F,4,153,,,16R215,,,,,,0,0,000000000,00000000000,0,0,0,1,0,0,0,0,0,0,0,998,0,0,0,12,12,6,2,8,0,0,0,1,48,79424,6,1,6,0,3,0,999,999,0,0,0,0,0,0,0,0,0,0,0,0,0,0,1,2,45,1,1,2,1,0,0,1,80,1,1,1,13,0,0
35,350138,1,2,2,21,8,21,56,12,2,1,0,35,2,35,472,35472,30,2004,1N6ED29Y74C4,1,N,6,E,D,2,9,Y,7,4,C,4,0,T,NISS,FCX,CW,4,17,,1,0,1311,FRT,G,,,6,201,,,,B,4093,00,E,44,0,0,000000000,00000000000,0,0,0,1,0,0,0,0,0,0,0,998,0,0,0,12,12,6,2,12,0,0,0,1,35,87121,6,1,0,0,3,0,72,153,98,1,0,0,0,3,2010,3,2010,0,28,0,0,0,1,2,50,1,1,2,1,98,3,1,10,1,1,2,50,1,0
35,350138,2,2,1,21,8,21,56,12,2,1,0,35,1,20,482,20482,31,2005,3GNEK12Z25G2,3,G,N,E,K,1,2,Z,2,5,G,2,0,T,CHEV,KAV,CW,5,17,,2,0,1300,AVL,F,,,8,323,,,,B,5678,00,,44,0,0,000000000,00000000000,0,0,0,1,0,0,0,0,0,0,0,998,0,0,0,12,12,6,2,12,0,0,0,1,35,88316,6,1,0,0,3,0,68,210,98,0,0,0,0,0,0,0,0,1,0,0,0,0,1,2,50,1,1,2,1,28,3,1,62,1,1,1,51,1,0
35,350139,1,2,1,22,8,19,48,12,2,1,0,48,3,20,22,20022,4,2010,1G1AD5F51A72,1,G,1,A,D,5,F,5,1,A,7,2,0,P,CHEV,BLT,4D,10,17,3216,,0,1033,,G,,F,4,134,,,15R195,,,,,,0,0,000000000,00000000000,0,0,0,1,0,0,0,0,0,0,0,998,0,0,0,12,12,6,2,12,0,0,0,1,48,76109,0,0,0,0,0,0,999,999,0,6,0,0,0,11,2008,11,2010,0,28,27,0,0,1,2,65,1,2,2,1,0,0,1,10,1,1,2,50,1,0
35,350139,2,2,2,22,8,19,48,12,2,1,0,35,1,18,24,18024,6,2009,5GAEV23D59J1,5,G,A,E,V,2,3,D,5,9,J,1,0,P,BUIC,ENC,UT,9,17,4980,,0,1189,,G,,F,6,220,,,19R255,,,,,,0,0,000000000,00000000000,0,0,0,1,0,0,0,0,0,0,0,998,0,0,0,12,12,6,2,12,0,0,0,1,35,88317,6,1,0,0,3,0,64,130,98,0,0,0,0,0,0,0,0,0,0,0,0,0,1,2,65,1,2,2,1,0,0,1,62,4,1,1,51,0,0
35,350140,1,1,2,24,8,0,32,8,0,1,0,35,1,49,471,49471,30,1993,4TARN01P7PZ0,4,T,A,R,N,0,1,P,7,P,Z,0,0,T,TOYT,SDX,PK,93,17,,1,0,1029,HTP,G,,,4,144,,,,B,3335,00,A,44,0,0,000000000,00000000000,0,0,0,1,0,0,0,0,0,0,0,998,0,0,0,12,12,6,2,8,0,0,0,1,35,87501,6,1,0,0,3,0,62,140,98,0,0,0,0,0,0,0,0,0,0,0,0,0,1,2,45,1,1,2,1,0,0,1,80,1,1,1,13,0,0
35,350141,1,2,2,25,8,1,52,12,1,1,0,35,1,20,482,20482,31,2005,3GNEC12Z45G1,3,G,N,E,C,1,2,Z,4,5,G,1,0,T,CHEV,CAV,CW,5,17,,2,0,1300,AVL,F,,,8,323,,,,B,5437,00,,42,0,0,000000000,00000000000,0,0,0,1,0,0,0,0,0,0,0,998,0,0,0,6,6,4,1,12,0,0,0,1,35,88201,6,1,0,0,3,0,60,162,98,0,0,0,0,0,0,0,0,0,0,0,0,0,1,2,45,1,1,2,1,0,0,1,53,1,1,1,25,0,0
35,350141,2,2,1,25,8,1,52,12,1,1,0,35,1,72,706,72706,80,2010,1HD1CZ315AC4,1,H,D,1,C,Z,3,1,5,A,C,4,0,M,HD,XLN,RS,10,17,,,,,,,1202,,2,,4,562,,,,,,,0,0,000000000,00000000000,0,0,0,1,0,0,0,0,0,0,0,998,0,0,0,12,12,6,2,12,0,0,0,1,35,88203,6,1,0,0,3,0,70,170,98,0,0,0,0,0,0,0,0,1,26,0,0,0,1,2,45,1,1,2,1,0,0,1,51,1,1,1,24,1,0