STATE,ST_CASE,VEH_NO,VE_FORMS,NUMOCCS,DAY,MONTH,HOUR,MINUTE,HARM_EV,MAN_COLL,UNITTYPE,HIT_RUN,REG_STAT,OWNER,MAKE,MODEL,MAK_MOD,BODY_TYP,MOD_YEAR,VIN,VIN_1,VIN_2,VIN_3,VIN_4,VIN_5,VIN_6,VIN_7,VIN_8,VIN_9,VIN_10,VIN_11,VIN_12,TOW_VEH,VINTYPE,VINMAKE,VINA_MOD,VIN_BT,VINMODYR,VIN_LNGT,VIN_WGT,WGTCD_TR,WHLBS_LG,WHLBS_SH,SER_TR,FUELCODE,MCYCL_DS,CARBUR,CYLINDER,DISPLACE,MCYCL_CY,MCYCL_WT,TIRE_SZE,TON_RAT,TRK_WT,TRKWTVAR,VIN_REST,WHLDRWHL,J_KNIFE,MCARR_I1,MCARR_I2,MCARR_ID,GVWR,V_CONFIG,CARGO_BT,HAZ_INV,HAZ_PLAC,HAZ_ID,HAZ_CNO,HAZ_REL,BUS_USE,SPEC_USE,EMER_USE,TRAV_SP,UNDERIDE,ROLLOVER,ROLINLOC,IMPACT1,IMPACT2,DEFORMED,TOWED,M_HARM,VEH_SC1,VEH_SC2,FIRE_EXP,DR_PRES,L_STATE,DR_ZIP,L_STATUS,L_TYPE,CDL_STAT,L_ENDORS,L_COMPL,L_RESTRI,DR_HGT,DR_WGT,PREV_ACC,PREV_SUS,PREV_DWI,PREV_SPD,PREV_OTH,FIRST_MO,FIRST_YR,LAST_MO,LAST_YR,SPEEDREL,DR_SF1,DR_SF2,DR_SF3,DR_SF4,VTRAFWAY,VNUM_LAN,VSPD_LIM,VALIGN,VPROFILE,VPAVETYP,VSURCOND,VTRAFCON,VTCONT_F,P_CRASH1,P_CRASH2,P_CRASH3,PCRASH4,PCRASH5,ACC_TYPE,DEATHS,DR_DRINK
35,350183,2,2,1,7,10,19,20,12,2,1,0,35,1,12,401,12401,14,1994,1FMDU34X6RUA,1,F,M,D,U,3,4,X,6,R,U,A,0,P,FORD,EPR,UT,94,17,4053,,0,1120,,G,,F,6,245,,,15R225,,,,,,0,0,000000000,00000000000,0,0,0,1,0,0,0,0,0,0,0,998,0,0,0,12,12,6,2,12,0,0,0,1,35,87031,6,1,0,0,3,0,63,200,98,0,0,0,0,0,0,0,0,0,0,0,0,0,1,2,50,1,2,2,2,28,3,1,10,1,1,2,50,0,0
35,350184,1,1,3,2,12,7,30,1,0,1,0,8,1,12,471,12471,30,2009,1FTYR10D49PA,1,F,T,Y,R,1,0,D,4,9,P,A,0,T,FORD,RNG,PK,9,17,,1,1180,1120,RNG,G,,,4,140,,,,B,3030,00,4,42,0,0,000000000,00000000000,0,0,0,1,0,0,0,0,0,0,0,998,0,1,3,0,0,6,2,1,0,0,0,1,8,81007,6,1,0,0,3,0,71,200,0,0,0,1,0,11,2010,11,2010,1,87,0,0,0,2,2,75,2,1,2,4,0,0,14,5,2,2,4,7,1,0
35,350185,1,2,1,14,10,12,58,12,2,1,0,35,2,7,482,7482,31,2007,1D7HA18K07J6,1,D,7,H,A,1,8,K,0,7,J,6,0,T,DODG,QS1,CW,7,17,,2,1605,1405,RPC,G,,,6,225,,,,B,4789,00,E,42,0,0,000000000,00000000000,0,0,0,1,0,0,0,0,0,0,0,998,0,0,0,12,12,6,2,12,0,0,0,1,35,87120,6,1,0,0,3,0,71,230,98,0,0,0,0,0,0,0,0,0,0,0,0,0,2,2,30,1,1,2,1,98,3,1,62,1,1,1,51,0,0
35,350185,2,2,1,14,10,12,58,12,2,1,0,35,1,12,3,12003,2,2006,1ZVHT82H6651,1,Z,V,H,T,8,2,H,6,6,5,1,0,P,FORD,MGT,CP,6,17,3483,,0,1071,,G,,F,8,281,,,17R235,,,,,,0,0,000000000,00000000000,0,0,0,1,0,0,0,0,0,0,0,998,0,0,0,12,12,6,2,12,0,0,0,1,35,87122,6,1,0,0,3,0,72,240,98,0,0,1,0,9,2010,9,2010,0,30,0,0,0,2,2,30,1,1,2,1,98,3,1,10,1,1,2,50,1,0
35,350186,1,1,3,26,9,22,9,31,0,1,0,35,2,12,401,12401,14,1996,1FMCU24X3TUA,1,F,M,C,U,2,4,X,3,T,U,A,0,P,FORD,EPR,UT,96,17,3981,,0,1017,,G,,F,6,245,,,15R225,,,,,,0,0,000000000,00000000000,0,0,0,1,0,0,0,0,0,0,0,998,0,1,1,12,13,6,2,1,0,0,0,1,35,87901,6,1,0,0,3,0,66,135,98,0,0,0,1,4,2011,4,2011,1,58,0,0,0,1,2,15,2,1,2,1,0,0,14,6,7,3,4,7,1,0
35,350187,1,2,1,22,9,12,20,12,6,1,0,35,1,72,706,72706,80,2004,1HD1BMY134Y0,1,H,D,1,B,M,Y,1,3,4,Y,0,0,M,HD,FLF,RS,4,17,,,,,,,1450,,2,,4,666,,,,,,,0,0,000000000,00000000000,0,0,0,1,0,0,0,0,0,0,0,998,0,0,0,12,12,6,2,12,0,0,0,1,35,87047,6,1,0,0,3,0,66,190,98,0,0,0,1,8,2009,8,2009,0,0,0,0,0,3,4,40,1,1,2,1,0,0,1,66,1,1,1,88,1,0
35,350187,2,2,1,22,9,12,20,12,6,1,0,35,1,55,33,55033,4,2010,5NPET4AC7AH6,5,N,P,E,T,4,A,C,7,A,H,6,0,P,HYUN,SGL,4D,10,17,3292,,0,1074,,G,,F,4,144,,,16R215,,,,,,0,0,000000000,00000000000,0,0,0,1,0,0,0,0,0,0,0,0,0,0,0,11,11,6,2,12,0,0,0,1,35,87123,6,1,0,0,3,0,73,230,98,0,0,0,0,0,0,0,0,0,38,0,0,0,3,4,40,1,1,2,1,0,0,5,15,1,1,1,89,0,0
35,350188,1,1,5,2,12,7,15,1,0,1,0,35,2,52,401,52401,14,2001,JA4MW31R21J0,J,A,4,M,W,3,1,R,2,1,J,0,0,P,MITS,MON,UT,1,17,4240,,0,1095,,G,,F,6,213,,,16R265,,,,,,0,0,000000000,00000000000,0,0,0,1,0,0,0,0,0,0,0,998,0,1,3,0,0,6,2,1,0,0,0,1,35,87505,6,1,0,0,3,0,70,160,98,0,0,0,0,0,0,0,0,1,0,0,0,0,2,2,75,1,3,2,4,98,3,1,5,1,2,4,7,1,0
35,350189,1,1,1,11,10,0,5,11,0,1,0,35,1,35,39,35039,4,2007,1N4BA41E87C8,1,N,4,B,A,4,1,E,8,7,C,8,0,P,NISS,MEL,4D,7,17,3474,,0,1112,,G,,F,6,,,,18R245,,,,,,0,0,000000000,00000000000,0,0,0,1,0,0,0,0,0,0,0,998,0,1,5,12,13,6,2,1,0,0,0,1,35,88435,6,1,0,0,3,0,72,140,98,0,0,0,2,3,2010,4,2011,1,83,0,0,0,1,2,65,1,1,2,1,0,0,1,87,1,1,1,13,1,1
35,350190,1,1,2,1,10,21,29,8,0,1,0,42,3,87,881,87881,66,2001,1XP5DR9X31N5,1,X,P,5,D,R,9,X,3,1,N,5,1,T,PTRB,379,TR,1,17,,8,0,0,CON,D,,,6,774,,,,,00000,00,,64,1,57,764976,57764976,3,6,1,1,0,0,0,0,0,0,0,998,0,0,0,1,1,6,2,8,0,0,0,1,42,19501,6,1,6,0,3,0,70,999,0,0,0,0,1,11,2009,11,2009,0,0,0,0,0,2,2,75,1,1,2,1,98,3,1,80,1,1,2,13,0,0
35,350191,1,2,2,22,8,14,2,12,1,1,0,40,1,12,473,12473,30,2007,1FMEU51K67UA,1,F,M,E,U,5,1,K,6,7,U,A,0,P,FORD,EPR,UT,7,17,4687,,0,1305,,G,,F,6,244,,,16R235,,,,,,0,0,000000000,00000000000,0,0,0,1,0,0,0,0,0,0,0,998,0,0,0,12,12,6,2,12,0,0,0,1,40,73648,6,1,0,0,3,0,62,120,0,0,0,0,1,3,2009,3,2009,0,0,0,0,0,2,2,65,1,1,2,1,0,0,1,50,1,1,1,28,2,0
35,350191,2,2,2,22,8,14,2,12,1,1,0,35,2,84,881,84881,62,2003,1HTMMAAL33H5,1,H,T,M,M,A,A,L,3,3,H,5,0,T,INTL,430,CC,3,17,,6,0,0,40S,D,,,6,466,,,,,00000,00,,42,0,57,997069,57997069,2,1,7,1,0,0,0,0,0,0,0,998,0,0,0,6,6,6,2,12,0,0,0,1,35,88101,6,1,6,0,3,0,70,168,98,0,0,0,0,0,0,0,0,0,54,0,0,0,2,2,65,1,1,2,1,0,0,2,53,1,1,1,29,0,0
35,350192,1,2,1,4,10,13,25,12,6,1,0,4,3,23,481,23481,31,2006,1GTHC24U76E2,1,G,T,H,C,2,4,U,7,6,E,2,0,T,GMC,2CH,PK,6,17,,2,0,1330,SIE,G,,,8,366,,,,C,5142,03,E,42,0,0,000000000,00000000000,0,0,0,1,0,0,0,0,0,0,0,998,0,0,0,9,9,6,2,12,0,0,0,1,4,85541,6,1,0,0,3,0,63,230,0,0,0,0,0,0,0,0,0,0,87,0,0,0,2,2,75,1,1,2,2,98,3,1,5,7,1,2,64,1,0
35,350192,2,2,1,4,10,13,25,12,6,1,0,4,1,7,442,7442,20,2007,1D4GP45R57B1,1,D,4,G,P,4,5,R,5,7,B,1,0,P,DODG,CAR,SV,7,17,3851,,0,1133,,G,,F,6,201,,,16R215,,,,,,0,0,000000000,00000000000,0,0,0,1,0,0,0,0,0,0,0,998,0,0,0,12,12,6,2,12,0,0,0,1,4,85009,6,1,0,0,3,0,66,200,0,0,0,2,0,12,2008,5,2010,0,0,0,0,0,2,2,75,1,1,2,2,98,3,1,62,1,1,1,65,1,0
35,350193,1,1,1,28,11,18,14,42,0,1,0,35,3,20,471,20471,30,1993,1GCCS14R0P81,1,G,C,C,S,1,4,R,0,P,8,1,0,T,CHEV,S14,PK,93,17,,1,1179,1083,S,G,,,6,173,,,,B,2633,02,,42,0,0,000000000,00000000000,0,0,0,1,0,0,0,0,0,0,0,998,0,1,6,12,61,6,2,42,0,0,0,1,35,88435,6,1,0,0,3,0,72,185,98,1,0,0,0,8,2011,8,2011,0,58,0,0,0,2,2,75,1,1,2,1,0,0,1,12,7,3,4,1,1,0
35,350194,1,1,1,26,11,2,11,38,0,1,0,35,2,20,481,20481,31,2004,1GCHK23U84F2,1,G,C,H,K,2,3,U,8,4,F,2,0,T,CHEV,2KH,CW,4,17,,2,1670,1530,SIL,G,,,8,364,,,,C,6056,03,,44,0,0,000000000,00000000000,0,0,0,1,0,0,0,0,0,0,0,998,0,1,5,12,13,6,2,1,0,0,0,1,35,88210,6,1,0,0,3,0,78,340,98,0,0,0,0,0,0,0,0,1,58,0,0,0,1,2,55,2,1,2,1,98,3,14,13,7,1,4,1,1,1
35,350195,1,1,1,22,10,7,39,25,0,1,0,35,2,53,706,53706,80,2003,JS1GN79A1321,J,S,1,G,N,7,9,A,1,3,2,1,0,M,SUZI,GX6,RC,3,17,,,,,,,600,,4,,4,458,,,,,,,0,0,000000000,00000000000,0,0,0,1,0,0,0,0,0,0,0,998,0,0,0,12,12,6,2,25,0,0,0,1,35,87110,6,1,0,0,3,0,71,142,98,0,0,0,0,0,0,0,0,1,27,0,0,0,3,2,65,1,1,2,1,0,0,1,6,6,2,4,2,1,0
35,350196,1,1,2,9,11,13,56,1,0,1,0,49,2,18,2,18002,4,2002,1G4HP54K2241,1,G,4,H,P,5,4,K,2,2,4,1,0,P,BUIC,LCF,4D,2,17,3567,,0,1122,,G,,F,6,231,,,15R215,,,,,,0,0,000000000,00000000000,0,0,0,1,0,0,0,0,0,0,0,998,0,1,3,0,0,6,2,1,0,0,0,1,49,84041,6,1,0,0,3,0,65,240,98,0,0,0,0,0,0,0,0,0,58,0,0,0,2,2,75,1,1,2,1,0,0,1,12,7,1,4,6,1,0
35,350197,1,1,1,29,11,20,27,1,0,1,0,35,3,85,881,85881,66,2004,1XKADU9X34J0,1,X,K,A,D,U,9,X,3,4,J,0,1,T,KW,T60,TR,4,17,,8,2600,1600,CON,D,,,6,733,,,,,00000,00,,64,1,57,01774018,5701774018,3,6,2,1,0,0,0,0,0,0,0,998,0,1,5,0,13,6,2,1,0,0,0,1,35,88220,6,1,6,0,3,0,69,170,98,0,0,0,1,3,2009,3,2009,1,58,0,0,0,1,2,55,2,1,2,1,0,0,14,12,7,1,4,6,1,0
35,350198,1,2,1,11,11,7,10,12,2,1,0,48,3,41,50,41050,4,2011,1YVHZ8BH5B5M,1,Y,V,H,Z,8,B,H,5,B,5,M,0,P,MAZD,M6I,4D,11,17,3272,,0,1098,,G,,F,4,152,,,16R205,,,,,,0,0,000000000,00000000000,0,0,0,1,0,0,0,0,0,0,0,998,0,0,0,12,12,6,2,12,0,0,0,1,13,30309,6,1,0,0,3,0,70,161,98,0,0,2,0,7,2009,7,2009,0,51,0,0,0,1,2,65,1,1,2,1,0,0,1,10,7,1,2,50,1,1
35,350198,2,2,1,11,11,7,10,12,2,1,0,48,3,85,881,85881,66,1996,1XKADR9X8TS7,1,X,K,A,D,R,9,X,8,T,S,7,1,T,KW,T60,TR,96,17,,8,0,0,CON,D,,,6,774,,,,,00000,00,,64,3,57,1250939,571250939,3,6,4,1,0,0,0,0,0,0,0,998,0,0,0,12,12,6,2,12,0,0,0,1,48,79936,6,1,6,1,3,1,999,999,0,0,0,0,1,4,2009,4,2009,0,0,0,0,0,1,2,65,1,1,2,1,0,0,1,62,6,1,1,51,0,0
35,350199,1,3,2,9,10,7,50,12,6,1,0,35,1,20,481,20481,31,1968,CS148S214531,C,S,1,4,8,S,2,1,4,5,3,1,0,T,CHEV,C10,PK,68,12,,1,1270,1150,C10,G,,,6,,,,,,,,,42,0,0,000000000,00000000000,0,0,0,1,0,0,0,0,0,0,0,998,0,0,0,3,3,6,2,12,0,0,0,1,35,87108,6,1,0,0,3,0,65,190,98,0,0,0,0,0,0,0,0,0,0,0,0,0,3,3,35,1,1,2,1,3,3,1,66,1,1,1,87,2,0
35,350199,2,3,1,9,10,7,50,12,6,1,0,35,1,12,13,12013,4,1984,1FABE1447EH8,1,F,A,B,E,1,4,4,7,E,H,8,0,P,FORD,EGL,4H,84,17,2122,,0,942,,G,,2,4,098,,,13R165,,,,,,0,0,000000000,00000000000,0,0,0,1,0,0,0,0,0,0,0,998,0,0,0,12,12,6,2,12,0,0,0,1,35,87114,6,1,0,0,3,0,68,145,98,0,0,0,0,0,0,0,0,0,39,0,0,0,2,2,35,1,1,2,1,3,3,1,17,1,1,1,86,0,1
35,350199,3,3,2,9,10,7,50,12,6,1,0,35,1,12,422,12422,15,2007,1FMFU16567LA,1,F,M,F,U,1,6,5,6,7,L,A,0,P,FORD,EPT,UT,7,17,5803,,0,1190,,G,,F,8,329,,,17R265,,,,,,0,0,000000000,00000000000,0,0,0,1,0,0,0,0,0,0,0,998,0,0,0,5,5,6,2,12,0,0,0,1,35,87116,6,1,0,0,3,0,66,135,98,0,0,0,0,0,0,0,0,0,0,0,0,0,2,2,35,1,1,2,1,3,3,1,63,1,1,1,98,0,0
35,350200,1,2,1,29,8,19,54,8,0,1,0,35,1,37,31,37031,2,2007,2HGFG11607H5,2,H,G,F,G,1,1,6,0,7,H,5,0,P,HOND,UCL,CP,7,17,2657,,0,1043,,G,,F,4,110,,,16R205,,,,,,0,0,000000000,00000000000,0,0,0,1,0,0,0,0,0,0,0,998,0,0,0,12,12,2,3,8,0,0,0,1,18,87110,6,1,0,0,3,1,62,105,0,0,0,0,0,0,0,0,0,0,86,0,0,0,3,3,98,1,1,2,1,0,0,1,80,1,1,1,98,0,0
35,350200,2,2,1,29,8,19,54,8,0,1,0,35,2,49,33,49033,2,2002,JTDDR32T0201,J,T,D,D,R,3,2,T,0,2,0,1,0,P,TOYT,CGF,2H,2,17,2425,,0,1023,,G,,F,4,109,,,15R195,,,,,,0,0,000000000,00000000000,0,0,0,1,0,0,0,0,0,0,0,998,0,0,0,12,12,4,3,8,0,0,0,1,35,87111,6,1,0,0,3,0,69,140,98,0,0,0,0,0,0,0,0,1,86,0,0,0,3,3,98,1,1,2,1,0,0,1,80,1,1,1,13,0,0
35,350201,1,1,1,27,10,8,53,35,0,1,0,48,2,12,481,12481,31,2005,1FTSW215X5EC,1,F,T,S,W,2,1,5,X,5,E,C,0,T,FORD,F2S,CW,5,17,,2,1724,1562,SRW,G,,,8,330,,,,C,6538,00,E,44,0,0,000000000,00000000000,0,0,0,1,0,0,0,0,0,0,0,998,0,0,0,12,12,6,2,35,0,0,0,1,48,79022,6,1,6,1,3,1,999,999,0,0,0,0,1,6,2011,6,2011,1,87,0,0,0,2,2,75,1,1,2,2,0,0,1,5,1,2,4,2,1,0
35,350202,1,1,1,29,10,14,40,1,0,1,0,35,1,35,472,35472,30,2009,1N6AD09U49C4,1,N,6,A,D,0,9,U,4,9,C,4,0,T,NISS,CLS,CW,9,17,,1,0,1399,FRT,G,,,6,244,,,,,4314,00,7,42,0,0,000000000,00000000000,0,0,0,1,0,0,0,0,0,0,0,998,0,1,3,0,0,6,2,1,0,0,0,1,35,88260,6,1,0,0,3,0,68,190,98,0,0,4,0,4,2010,1,2011,1,58,0,0,0,2,2,70,1,1,2,1,0,0,1,6,6,2,4,7,1,0
35,350203,1,1,1,6,11,14,46,30,0,1,0,35,1,37,706,37706,80,2007,JH2PC40027M0,J,H,2,P,C,4,0,0,2,7,M,0,0,M,HOND,B60,RC,7,17,,,,,,,599,,4,,4,345,,,,,,,0,0,000000000,00000000000,0,0,0,1,0,0,0,0,0,0,0,998,0,0,0,12,13,6,2,30,0,0,0,1,35,87401,6,1,0,0,3,0,72,150,98,0,0,0,0,0,0,0,0,0,0,0,0,0,1,2,50,1,3,2,1,0,0,1,13,1,1,4,1,1,0
35,350204,1,2,1,4,11,14,25,12,6,1,0,17,1,37,703,37703,80,1986,JH2MC1307GK1,J,H,2,M,C,1,3,0,7,G,K,1,0,M,HOND,CMX,RS,86,17,,,,,,,250,,2,,4,300,,,,,,,0,0,000000000,00000000000,0,0,0,1,0,0,0,0,0,0,0,998,0,0,0,2,2,6,2,12,0,0,0,1,17,60638,6,1,0,0,3,1,999,999,0,0,0,0,0,0,0,0,0,0,0,0,0,0,1,2,40,1,1,2,1,98,3,1,68,1,1,1,87,1,0
35,350204,2,2,1,4,11,14,25,12,6,1,0,35,1,12,422,12422,15,2000,1FMPU16L5YLB,1,F,M,P,U,1,6,L,5,Y,L,B,0,P,FORD,EPT,UT,0,17,5275,,0,1191,,G,,F,8,330,,,16R255,,,,,,0,0,000000000,00000000000,0,0,0,1,0,0,0,0,0,0,0,998,0,0,0,12,12,6,2,12,0,0,0,1,35,88063,6,1,0,0,3,0,71,220,98,0,0,1,0,7,2009,7,2009,0,0,0,0,0,1,2,40,1,1,2,1,98,3,1,19,1,1,1,86,0,0
35,350205,1,2,1,5,12,16,30,12,2,1,0,35,2,7,482,7482,31,2001,1B7MF33671J6,1,B,7,M,F,3,3,6,7,1,J,6,0,T,DODG,Q35,4C,1,17,,3,0,1547,RPC,D,,,6,359,,,,D,6108,00,U,44,0,0,000000000,00000000000,0,0,0,1,0,0,0,0,0,0,0,998,0,0,0,12,12,6,2,12,0,0,0,1,35,88230,9,9,99,9,9,9,999,999,99,99,99,99,99,99,9999,99,9999,1,87,0,0,0,1,2,45,2,2,2,4,98,3,14,5,3,4,2,50,0,1
35,350205,2,2,4,5,12,16,30,12,2,1,0,35,1,20,481,20481,31,2001,2GCEC19V8112,2,G,C,E,C,1,9,V,8,1,1,2,0,T,CHEV,SC1,4C,1,17,,2,1575,1435,SIL,G,,,8,293,,,,B,4413,00,,42,0,0,000000000,00000000000,0,0,0,1,0,0,0,0,0,0,0,998,0,0,0,12,12,6,2,12,0,0,0,1,35,88230,6,1,0,0,3,0,67,200,98,0,0,0,0,0,0,0,0,0,0,0,0,0,1,2,45,2,2,2,4,98,3,14,62,1,1,1,51,1,0
35,350206,1,2,1,9,12,10,6,12,6,1,0,35,3,20,481,20481,31,1989,1GCFK24KXKE2,1,G,C,F,K,2,4,K,X,K,E,2,0,T,CHEV,GK2,PK,89,17,,2,0,1315,GM4,G,,,8,350,,,,C,4699,05,,44,0,0,000000000,00000000000,0,0,0,1,0,0,0,0,0,0,0,998,0,0,0,8,8,4,3,12,0,0,0,1,35,88310,6,1,0,0,3,0,69,200,98,0,0,2,0,1,2011,1,2011,0,0,0,0,0,1,2,35,1,1,2,1,0,0,15,51,1,1,1,48,0,0
35,350206,2,2,1,9,12,10,6,12,6,1,0,35,1,72,706,72706,80,2008,1HD1JJ5138Y0,1,H,D,1,J,J,5,1,3,8,Y,0,0,M,HD,FCW,RS,8,17,,,,,,,1584,,2,,4,690,,,,,,,0,0,000000000,00000000000,0,0,0,1,0,0,0,0,0,0,0,998,0,0,0,12,12,6,2,12,0,0,0,1,35,88352,6,1,0,0,3,0,72,150,98,0,0,0,0,0,0,0,0,1,27,0,0,0,1,2,35,1,1,2,1,0,0,6,51,1,1,2,48,1,0
35,350207,1,1,3,5,11,15,30,1,0,1,0,35,1,20,481,20481,31,2006,1GCHK23U06F1,1,G,C,H,K,2,3,U,0,6,F,1,0,T,CHEV,2KH,CW,6,17,,2,1670,1530,SIL,G,,,8,366,,,,C,5883,02,,44,0,0,000000000,00000000000,0,0,0,1,0,0,0,0,0,0,0,998,0,1,5,0,0,6,2,1,0,0,0,1,35,87120,6,1,0,0,3,0,68,220,98,0,0,0,0,0,0,0,0,1,0,0,0,0,1,2,98,1,1,2,1,98,3,1,6,1,2,4,7,2,0
35,350208,1,1,2,27,10,21,17,1,0,1,0,35,2,49,32,49032,4,1995,1NXAE04BXSZ3,1,N,X,A,E,0,4,B,X,S,Z,3,0,P,TOYT,COA,4D,95,17,2315,,0,970,,G,,F,4,097,,,14R175,,,,,,0,0,000000000,00000000000,0,0,0,1,0,0,0,0,0,0,0,998,0,1,1,0,9,6,2,1,0,0,0,1,35,87505,6,1,0,0,3,0,66,129,98,1,0,0,0,12,2010,12,2010,1,0,0,0,0,2,2,25,1,1,2,1,0,0,1,6,1,2,2,98,1,1
35,350209,1,2,1,7,10,17,32,12,2,1,0,35,2,52,401,52401,14,2000,JA4LS31H4YP0,J,A,4,L,S,3,1,H,4,Y,P,0,0,P,MITS,MNS,UT,0,17,3835,,0,1073,,G,,F,6,181,,,16R255,,,,,,0,0,000000000,00000000000,0,0,0,1,0,0,0,0,0,0,0,998,0,0,0,12,12,6,2,12,0,0,1,1,35,88101,6,1,0,0,3,0,66,120,98,0,0,0,0,0,0,0,0,0,0,0,0,0,1,2,65,1,1,2,1,0,0,1,10,1,1,2,50,1,0
35,350209,2,2,1,7,10,17,32,12,2,1,0,6,1,82,881,82881,66,2008,1FUJA6CK68DZ,1,F,U,J,A,6,C,K,6,8,D,Z,1,T,FRHT,COL,TR,8,17,,8,0,0,CON,D,,,6,855,,,,,00000,00,,64,1,57,1869439,571869439,3,6,97,1,0,0,0,0,0,0,0,998,0,0,0,12,12,6,2,12,0,0,1,1,6,93210,6,1,6,1,3,1,69,250,0,0,0,0,0,0,0,0,0,0,0,0,0,0,1,2,65,1,1,2,1,0,0,1,62,1,1,1,51,0,0
35,350210,1,1,2,12,11,2,13,1,0,1,0,35,1,49,32,49032,4,2001,1NXBR12EX1Z5,1,N,X,B,R,1,2,E,X,1,Z,5,0,P,TOYT,UCS,4D,1,17,2410,,0,970,,G,,F,4,109,,,14R175,,,,,,0,0,000000000,00000000000,0,0,0,1,0,0,0,0,0,0,0,998,0,1,5,0,0,6,2,1,0,0,0,1,35,87507,6,1,0,0,3,0,69,190,98,0,0,0,0,0,0,0,0,1,0,0,0,0,2,2,75,1,2,2,1,0,0,1,6,1,1,4,1,2,1
35,350211,1,2,0,2,12,17,29,12,1,1,0,35,6,12,481,12481,31,1997,1FTJX35F7VEB,1,F,T,J,X,3,5,F,7,V,E,B,1,T,FORD,F35,PC,97,17,,2,0,1550,COF,D,,,8,444,,,,D,5300,00,A,42,1,0,000000000,00000000000,0,0,0,1,0,0,0,0,0,0,0,0,0,0,0,6,6,6,2,12,0,0,0,0,0,99997,7,6,97,7,6,7,998,997,998,998,998,998,998,98,9998,98,9998,8,20,0,0,0,2,2,65,1,1,2,2,98,3,0,53,0,0,0,32,0,0
35,350211,2,2,3,2,12,17,29,12,1,1,0,35,1,49,46,49046,4,2008,JTDKB20U8877,J,T,D,K,B,2,0,U,8,8,7,7,0,P,TOYT,PRI,4H,8,17,2932,,0,1063,,B,,F,4,091,,,15R185,,,,,,0,0,000000000,00000000000,0,0,0,1,0,0,0,0,0,0,0,998,0,0,0,12,12,6,2,12,36,0,0,1,35,88101,6,1,0,0,3,0,79,200,98,0,0,4,0,1,2009,9,2011,0,0,0,0,0,2,2,65,1,1,2,2,98,3,1,50,1,1,1,32,1,0
35,350212,1,1,1,4,8,13,30,42,0,1,0,35,1,49,45,49045,4,2001,JTDBT1231101,J,T,D,B,T,1,2,3,1,1,0,1,0,P,TOYT,ECH,4D,1,17,2030,,0,934,,G,,F,4,091,,,14R175,,,,,,0,0,000000000,00000000000,0,0,0,1,0,0,0,0,0,0,0,998,0,0,0,11,11,6,2,42,0,0,0,1,35,87105,6,1,0,0,3,0,58,115,98,0,0,0,0,0,0,0,0,0,58,0,0,0,2,2,55,1,1,2,1,0,0,1,13,1,2,4,2,1,0
35,350213,1,1,1,11,10,20,3,8,0,1,0,35,1,20,16,20016,2,2000,1G1JC1244Y73,1,G,1,J,C,1,2,4,4,Y,7,3,0,P,CHEV,CAV,CP,0,17,2617,,0,1041,,G,,F,4,133,,,14R195,,,,,,0,0,000000000,00000000000,0,0,0,1,0,0,0,0,0,0,0,998,0,0,0,1,1,6,2,8,0,0,0,1,35,87120,6,1,0,0,3,0,63,143,98,0,0,0,0,0,0,0,0,0,86,0,0,0,2,2,55,1,1,2,1,0,0,1,80,1,1,1,13,0,1
35,350214,1,1,1,21,7,21,30,8,0,1,0,35,2,12,481,12481,31,2010,1FTEX1E81AKE,1,F,T,E,X,1,E,8,1,A,K,E,0,T,FORD,F15,4C,10,17,,2,1630,1330,COF,G,,,8,281,,,,B,5522,00,7,44,0,0,000000000,00000000000,0,0,0,1,0,0,0,0,0,0,0,998,0,0,0,12,12,4,3,8,0,0,0,1,35,87401,6,1,0,0,3,0,70,185,98,0,0,0,0,0,0,0,0,0,0,0,0,0,1,2,98,1,1,2,1,0,0,1,80,1,1,2,13,0,0
35,350215,1,2,2,23,7,12,2,12,6,1,0,35,1,72,706,72706,80,2005,1HD1FLW155Y6,1,H,D,1,F,L,W,1,5,5,Y,6,0,M,HD,CUS,RS,5,17,,,,,,,1450,,2,,4,788,,,,,,,0,0,000000000,00000000000,0,0,0,1,0,0,0,0,0,0,0,998,0,0,0,12,12,6,2,12,0,0,0,1,35,87004,6,1,0,0,3,0,72,250,98,0,0,0,0,0,0,0,0,0,0,0,0,0,1,2,55,1,1,2,1,0,0,1,51,1,1,2,98,1,0
35,350215,2,2,1,23,7,12,2,12,6,1,0,48,1,72,706,72706,80,1996,1HD1BNL1XTY0,1,H,D,1,B,N,L,1,X,T,Y,0,0,M,HD,FLN,RS,96,17,,,,,,,1340,,2,,4,638,,,,,,,0,0,000000000,00000000000,0,0,0,1,0,0,0,0,0,0,0,998,0,0,0,7,7,6,2,12,0,0,0,1,48,79930,6,1,0,0,3,0,999,999,0,0,0,0,0,0,0,0,0,0,0,0,0,0,1,2,55,1,1,2,1,0,0,12,61,1,1,1,98,0,0
35,350216,1,2,4,4,10,11,32,12,2,1,0,48,2,6,43,6043,4,2007,1C3LC46K17N5,1,C,3,L,C,4,6,K,1,7,N,5,0,P,CHRY,SEB,4D,7,17,3201,,0,1089,,G,,F,4,144,,,16R215,,,,,,0,0,000000000,00000000000,0,0,0,1,0,0,0,0,0,0,0,998,0,0,0,12,12,6,2,12,0,0,0,1,48,79849,6,1,0,0,3,0,999,999,0,7,0,1,0,6,2009,4,2011,1,58,0,0,0,1,2,55,1,2,2,1,0,0,1,6,6,2,2,50,1,1