STATE,ST_CASE,VEH_NO,VE_FORMS,NUMOCCS,DAY,MONTH,HOUR,MINUTE,HARM_EV,MAN_COLL,UNITTYPE,HIT_RUN,REG_STAT,OWNER,MAKE,MODEL,MAK_MOD,BODY_TYP,MOD_YEAR,VIN,VIN_1,VIN_2,VIN_3,VIN_4,VIN_5,VIN_6,VIN_7,VIN_8,VIN_9,VIN_10,VIN_11,VIN_12,TOW_VEH,VINTYPE,VINMAKE,VINA_MOD,VIN_BT,VINMODYR,VIN_LNGT,VIN_WGT,WGTCD_TR,WHLBS_LG,WHLBS_SH,SER_TR,FUELCODE,MCYCL_DS,CARBUR,CYLINDER,DISPLACE,MCYCL_CY,MCYCL_WT,TIRE_SZE,TON_RAT,TRK_WT,TRKWTVAR,VIN_REST,WHLDRWHL,J_KNIFE,MCARR_I1,MCARR_I2,MCARR_ID,GVWR,V_CONFIG,CARGO_BT,HAZ_INV,HAZ_PLAC,HAZ_ID,HAZ_CNO,HAZ_REL,BUS_USE,SPEC_USE,EMER_USE,TRAV_SP,UNDERIDE,ROLLOVER,ROLINLOC,IMPACT1,IMPACT2,DEFORMED,TOWED,M_HARM,VEH_SC1,VEH_SC2,FIRE_EXP,DR_PRES,L_STATE,DR_ZIP,L_STATUS,L_TYPE,CDL_STAT,L_ENDORS,L_COMPL,L_RESTRI,DR_HGT,DR_WGT,PREV_ACC,PREV_SUS,PREV_DWI,PREV_SPD,PREV_OTH,FIRST_MO,FIRST_YR,LAST_MO,LAST_YR,SPEEDREL,DR_SF1,DR_SF2,DR_SF3,DR_SF4,VTRAFWAY,VNUM_LAN,VSPD_LIM,VALIGN,VPROFILE,VPAVETYP,VSURCOND,VTRAFCON,VTCONT_F,P_CRASH1,P_CRASH2,P_CRASH3,PCRASH4,PCRASH5,ACC_TYPE,DEATHS,DR_DRINK
36,360013,1,1,1,12,1,6,32,48,0,1,0,36,1,12,471,12471,30,2001,1FTZR15E21TB,1,F,T,Z,R,1,5,E,2,1,T,B,0,T,FORD,RNS,PC,1,17,,1,0,1259,RNG,G,,,6,245,,,,B,3599,00,U,44,0,0,000000000,00000000000,0,0,0,1,0,0,0,0,0,0,0,999,0,1,5,12,12,6,2,1,0,0,0,1,36,14013,6,1,0,0,3,0,64,999,0,0,0,0,0,0,0,0,0,1,87,28,0,0,1,2,55,1,1,2,3,0,0,1,13,99,2,4,2,1,0
36,360014,1,1,1,14,1,23,18,48,0,1,0,36,1,6,52,6052,6,2007,3A4FY48B27T5,3,A,4,F,Y,4,8,B,2,7,T,5,0,P,CHRY,PTC,SV,7,17,2985,,0,1030,,G,,F,4,148,,,15R195,,,,,,0,0,000000000,00000000000,0,0,0,1,0,0,0,0,0,0,0,999,0,0,0,12,12,6,2,42,0,0,0,1,36,10916,6,1,6,0,3,0,71,999,0,4,1,0,0,3,2008,6,2008,1,28,0,0,0,1,2,35,2,2,2,1,0,0,14,13,99,1,4,1,1,1
36,360015,1,1,1,24,1,1,25,1,0,1,0,36,1,22,9,22009,2,1994,2G2FV22P1R22,2,G,2,F,V,2,2,P,1,R,2,2,0,P,PONT,FFT,2H,94,17,3425,,0,1011,,G,,F,8,350,,,16R235,,,,,,0,0,000000000,00000000000,0,0,0,1,0,0,0,0,0,0,0,999,0,1,5,0,13,6,2,1,0,0,0,1,36,10603,6,1,0,0,3,0,73,999,0,0,0,0,1,9,2010,9,2010,1,0,0,0,0,3,3,55,1,1,2,1,0,0,1,13,99,1,4,1,1,1
36,360016,1,1,1,26,1,17,53,42,0,1,0,36,1,12,401,12401,14,2003,1FMFU18LX3LC,1,F,M,F,U,1,8,L,X,3,L,C,0,P,FORD,EPT,UT,3,17,5686,,0,1191,,G,,F,8,330,,,17R265,,,,,,0,0,000000000,00000000000,0,0,0,1,0,0,0,0,0,0,0,999,0,0,0,12,12,6,2,42,0,0,0,1,36,12859,6,1,0,0,3,0,70,999,1,0,0,0,0,9,2008,9,2008,0,28,0,0,0,1,2,55,1,1,2,2,0,0,1,13,99,1,4,1,1,0
36,360017,1,1,1,24,1,17,45,8,0,1,0,34,3,85,881,85881,63,2007,1NKDXBEX57J1,1,N,K,D,X,B,E,X,5,7,J,1,0,T,KW,T80,CC,7,17,,8,2600,1600,CON,D,,,6,893,,,,,00000,00,,,0,57,01445326,5701445326,3,2,4,1,0,0,0,0,0,0,0,999,0,0,0,12,12,0,1,8,0,0,0,1,34,7103,6,1,6,1,3,0,65,999,2,3,2,0,3,2,2008,2,2009,0,38,0,0,0,4,3,30,1,1,2,1,3,3,11,80,99,1,1,13,0,0
36,360018,1,2,2,4,1,20,0,12,1,1,0,36,2,35,49,35049,6,2010,JN8AZ1MW0AW1,J,N,8,A,Z,1,M,W,0,A,W,1,0,P,NISS,MUR,UT,10,17,3915,,0,1112,,G,,F,6,214,,,18R235,,,,,,0,0,000000000,00000000000,0,0,0,1,0,0,0,0,0,0,0,999,0,0,0,6,6,6,2,12,0,0,0,1,36,10523,6,1,0,0,3,0,62,999,0,0,0,0,0,0,0,0,0,0,27,0,0,0,3,3,55,1,2,2,1,0,0,2,53,99,1,1,29,0,0
36,360018,2,2,2,4,1,20,0,12,1,1,0,34,1,20,2,20002,4,2003,2G1WF52E7393,2,G,1,W,F,5,2,E,7,3,9,3,0,P,CHEV,IMP,4D,3,17,3389,,0,1105,,G,,F,6,207,,,16R225,,,,,,0,0,000000000,00000000000,0,0,0,1,0,0,0,0,0,0,0,999,0,0,0,12,12,6,2,12,0,0,0,1,34,7401,6,1,0,0,3,3,65,999,0,0,0,0,1,5,2008,5,2008,0,0,0,0,0,3,3,55,1,2,2,1,0,0,1,52,99,1,1,28,1,0
36,360019,1,2,1,6,1,12,26,12,2,1,0,36,2,63,37,63037,6,2011,KNDJT2A21B71,K,N,D,J,T,2,A,2,1,B,7,1,0,P,KIA,SOU,UT,11,17,2800,,0,1004,,G,,F,4,122,,,16R205,,,,,,0,0,000000000,00000000000,0,0,0,1,0,0,0,0,0,0,0,999,0,0,0,12,12,6,2,12,0,0,0,1,36,13135,6,1,0,0,3,0,70,999,0,0,0,0,1,3,2010,3,2010,0,28,0,0,0,1,2,55,1,1,2,2,0,0,1,10,99,1,2,50,1,0
36,360019,2,2,1,6,1,12,26,12,2,1,0,36,3,84,883,84883,63,1998,1HTGLAET3WH5,1,H,T,G,L,A,E,T,3,W,H,5,0,T,INTL,267,CC,98,17,,8,2960,1480,20S,D,,,6,855,,,,,00000,00,,64,0,57,1519394,571519394,3,2,4,1,0,0,0,0,0,0,0,999,0,0,0,12,12,6,2,12,0,0,0,1,36,13021,6,1,6,1,3,3,71,999,0,0,0,0,0,0,0,0,0,0,0,0,0,0,1,2,55,1,1,2,2,0,0,1,62,99,1,1,51,0,0
36,360020,1,2,1,11,1,16,11,12,2,1,0,36,1,24,7,24007,4,2003,1G8JW54R93Y5,1,G,8,J,W,5,4,R,9,3,Y,5,0,P,STRN,L30,4D,3,17,3197,,0,1065,,G,,F,6,183,,,16R215,,,,,,0,0,000000000,00000000000,0,0,0,1,0,0,0,0,0,0,0,999,0,0,0,12,12,6,2,12,0,0,0,1,36,13073,6,1,0,0,3,0,66,999,0,0,0,0,0,0,0,0,0,0,28,0,0,0,1,2,55,1,1,2,2,0,0,1,10,99,1,2,50,1,0
36,360020,2,2,1,11,1,16,11,12,2,1,0,36,2,12,37,12037,4,2006,1G1ZT518X6F1,1,G,1,Z,T,5,1,8,X,6,F,1,0,P,CHEV,MLT,4D,6,17,3316,,0,1063,,G,,F,6,214,,,16R215,,,,,,0,0,000000000,00000000000,0,0,0,1,0,0,0,0,0,0,0,999,0,0,0,12,12,6,2,12,0,0,0,1,36,14850,6,1,0,0,3,0,69,999,0,0,0,0,0,0,0,0,0,0,0,0,0,0,1,2,55,1,1,2,2,0,0,1,62,99,1,1,51,0,0
36,360021,1,1,1,5,1,22,50,8,0,1,0,36,3,12,461,12461,21,2004,1FTNE24W14HA,1,F,T,N,E,2,4,W,1,4,H,A,0,T,FORD,25V,CG,4,17,,2,0,1380,VAN,G,,,8,281,,,,C,00000,00,E,42,0,0,000000000,00000000000,0,0,0,1,0,0,0,0,0,0,0,999,0,0,0,12,12,2,1,8,0,0,0,1,36,11756,6,1,0,0,3,3,73,999,1,0,0,0,1,4,2008,8,2009,0,0,0,0,0,4,4,30,1,1,2,99,3,3,11,80,99,1,1,13,0,0
36,360022,1,2,3,4,1,17,53,12,6,1,0,36,2,34,34,34034,4,2006,WBAVD335X6KV,W,B,A,V,D,3,3,5,X,6,K,V,0,P,BMW,33X,4D,6,17,3627,,0,1087,,G,,F,6,182,,,17R225,,,,,,0,0,000000000,00000000000,0,0,0,1,0,0,0,0,0,0,0,999,0,1,5,62,62,6,2,1,0,0,0,1,36,11590,6,1,0,0,3,0,71,999,2,0,0,0,0,9,2010,9,2010,1,39,0,0,0,1,2,30,1,1,2,1,20,3,1,17,99,1,1,89,1,0
36,360022,2,2,1,4,1,17,53,12,6,1,0,36,1,20,22,20022,2,2008,1G1AL18F4871,1,G,1,A,L,1,8,F,4,8,7,1,0,P,CHEV,BLT,CP,8,17,2991,,0,1033,,G,,F,4,134,,,15R195,,,,,,0,0,000000000,00000000000,0,0,0,1,0,0,0,0,0,0,0,999,0,0,0,12,12,6,2,12,0,0,0,1,36,11756,6,1,0,0,3,3,62,999,0,0,0,0,0,0,0,0,0,0,0,0,0,0,1,2,30,1,1,2,1,20,3,1,66,99,1,1,88,0,0
36,360023,1,2,1,14,1,14,15,12,6,1,0,36,1,30,47,30047,3,1998,3VWBB61C7WM0,3,V,W,B,B,6,1,C,7,W,M,0,0,P,VOLK,NBT,2H,98,17,2723,,0,989,,G,,F,4,121,,,16R205,,,,,,0,0,000000000,00000000000,0,0,0,1,0,0,0,0,0,0,0,999,0,0,0,1,1,6,2,12,0,0,0,1,36,12972,6,1,0,0,3,3,62,999,0,0,0,0,0,0,0,0,0,0,38,0,0,0,1,2,55,1,1,2,1,20,3,4,17,99,1,1,87,1,0
36,360023,2,2,1,14,1,14,15,12,6,1,0,36,1,12,401,12401,14,2000,1FMZU73E0YZA,1,F,M,Z,U,7,3,E,0,Y,Z,A,0,P,FORD,EPR,UT,0,17,4106,,0,1116,,G,,F,6,245,,,15R235,,,,,,0,0,000000000,00000000000,0,0,0,1,0,0,0,0,0,0,0,999,0,0,0,12,12,6,2,12,0,0,0,1,36,12972,6,1,6,0,3,0,62,999,0,0,0,0,0,0,0,0,0,0,0,0,0,0,1,2,99,1,1,2,1,0,0,1,66,99,1,1,86,0,0
36,360024,1,2,1,19,1,16,48,12,2,1,0,36,2,20,37,20037,4,2003,1G1ND52J73M5,1,G,1,N,D,5,2,J,7,3,M,5,0,P,CHEV,MAL,4D,3,17,3106,,0,1070,,G,,F,6,191,,,15R215,,,,,,0,0,000000000,00000000000,0,0,0,1,0,0,0,0,0,0,0,999,0,0,0,12,12,6,2,12,0,0,0,1,36,14224,6,1,0,0,3,3,67,999,3,0,0,0,1,8,2009,12,2010,0,0,0,0,0,3,2,35,1,3,2,3,0,0,1,10,99,1,2,50,1,1
36,360024,2,2,1,19,1,16,48,12,2,1,0,36,3,48,34,48034,4,2011,4S3BMBB63B32,4,S,3,B,M,B,B,6,3,B,3,2,0,P,SUBA,2IP,4D,11,17,3275,,0,1083,,G,,F,4,150,,,16R205,,,,,,0,0,000000000,00000000000,0,0,0,1,0,0,0,0,0,0,0,999,0,0,0,12,12,6,2,12,0,0,0,1,36,14059,6,1,0,0,3,0,72,999,0,0,0,0,0,0,0,0,0,0,0,0,0,0,3,2,35,1,3,2,3,0,0,1,62,99,1,1,51,0,0
36,360025,1,2,1,10,1,7,25,12,2,1,0,36,2,42,47,42047,1,2003,WDBLK65G13T1,W,D,B,L,K,6,5,G,1,3,T,1,0,P,MERZ,CLK,CV,3,17,3550,,0,1059,,G,,F,6,195,,,16R205,,,,,,0,0,000000000,00000000000,0,0,0,1,0,0,0,0,0,0,0,999,0,0,0,12,12,6,2,12,0,0,0,1,36,11560,6,2,0,0,3,0,66,999,0,0,0,0,0,0,0,0,0,0,28,0,0,0,1,2,35,1,1,1,1,0,0,1,10,99,1,2,50,1,0
36,360025,2,2,1,10,1,7,25,12,2,1,0,36,2,12,401,12401,14,1998,1FMZU34E8WZB,1,F,M,Z,U,3,4,E,8,W,Z,B,0,P,FORD,EPR,UT,98,17,4146,,0,1115,,G,,F,6,245,,,15R225,,,,,,0,0,000000000,00000000000,0,0,0,1,0,0,0,0,0,0,0,999,0,0,0,12,12,6,2,12,0,0,0,1,36,11560,6,1,0,0,3,0,74,999,0,0,0,0,0,0,0,0,0,0,0,0,0,0,1,2,35,1,1,1,1,0,0,1,62,99,1,1,51,0,0
36,360026,1,2,1,21,1,0,24,8,0,1,0,36,2,49,40,49040,4,1999,JT2BF22K7X01,J,T,2,B,F,2,2,K,7,X,0,1,0,P,TOYT,XLL,4D,99,17,3175,,0,1051,,G,,F,6,183,,,15R205,,,,,,0,0,000000000,00000000000,0,0,0,1,0,0,0,0,0,0,0,999,0,0,0,12,12,2,1,8,0,0,0,1,36,11563,6,1,0,0,3,3,66,999,0,0,0,0,0,0,0,0,0,0,0,0,0,0,1,4,30,1,1,2,1,3,3,1,80,99,1,1,13,0,1
36,360026,2,2,3,21,1,0,24,8,0,1,0,36,3,12,16,12016,4,2005,2FAFP70W85X1,2,F,A,F,P,7,0,W,8,5,X,1,0,P,FORD,CVS,4D,5,17,4057,,0,1147,,G,,F,8,281,,,16R225,,,,,,0,0,000000000,00000000000,0,0,0,1,0,0,0,0,0,0,0,999,0,0,0,12,12,2,1,8,0,0,0,1,36,11520,6,1,0,0,3,0,66,999,1,0,0,0,2,9,2009,12,2010,0,0,0,0,0,1,4,30,1,1,2,1,3,3,1,80,99,1,1,98,0,0
36,360027,1,2,1,15,1,14,51,12,6,1,0,36,2,12,17,12017,4,2000,1FAFP53U9YA1,1,F,A,F,P,5,3,U,9,Y,A,1,0,P,FORD,TSE,4D,0,17,3333,,0,1085,,G,,F,6,182,,,16R215,,,,,,0,0,000000000,00000000000,0,0,0,1,0,0,0,0,0,0,0,999,0,0,0,9,9,6,2,12,0,0,0,1,36,13037,6,1,0,0,3,3,65,999,0,0,0,0,0,0,0,0,0,0,28,0,0,0,1,2,55,1,1,2,3,0,0,1,5,99,3,2,64,1,0
36,360027,2,2,1,15,1,14,51,12,6,1,0,36,1,18,20,18020,4,1998,2G4WB52K7W14,2,G,4,W,B,5,2,K,7,W,1,4,0,P,BUIC,RLS,4D,98,17,3353,,0,1090,,G,,F,6,231,,,15R215,,,,,,0,0,000000000,00000000000,0,0,0,1,0,0,0,0,0,0,0,999,0,0,0,12,12,6,2,12,0,0,0,1,36,13104,6,1,0,0,3,0,76,999,0,0,0,0,0,0,0,0,0,0,0,0,0,0,1,2,55,1,1,2,3,0,0,1,62,99,1,1,65,0,0
36,360028,1,2,1,21,1,12,12,12,6,1,0,36,1,37,31,37031,4,1998,2HGEJ6670WH6,2,H,G,E,J,6,6,7,0,W,H,6,0,P,HOND,UCL,4D,98,17,2426,,0,1032,,G,,F,4,097,,,14R185,,,,,,0,0,000000000,00000000000,0,0,0,1,0,0,0,0,0,0,0,999,0,0,0,3,3,6,2,12,0,0,0,1,36,14304,6,1,0,0,3,3,60,999,0,0,0,0,0,0,0,0,0,1,87,28,0,0,1,2,55,1,1,2,3,0,0,1,10,99,2,2,64,1,0
36,360028,2,2,2,21,1,12,12,12,6,1,0,36,2,12,442,12442,20,2001,2FMZA52491BB,2,F,M,Z,A,5,2,4,9,1,B,B,0,T,FORD,WSE,ES,1,17,,1,0,1207,WIN,G,,,6,232,,,,B,4250,00,E,42,0,0,000000000,00000000000,0,0,0,1,0,0,0,0,0,0,0,999,0,0,0,12,12,6,2,12,0,0,0,1,39,43331,6,1,6,0,3,0,73,999,1,1,1,0,0,1,2009,1,2010,0,0,0,0,0,1,2,55,1,1,2,3,0,0,1,62,99,1,1,65,0,0
36,360029,1,2,2,3,1,13,30,12,6,1,0,36,1,12,17,12017,4,2004,1FAFP532X4A1,1,F,A,F,P,5,3,2,X,4,A,1,0,P,FORD,TSE,4D,4,17,3306,,0,1085,,F,,F,6,182,,,16R215,,,,,,0,0,000000000,00000000000,0,0,0,1,0,0,0,0,0,0,0,999,0,0,0,9,9,6,2,12,0,0,0,1,36,12958,6,1,0,0,3,3,63,999,0,0,0,0,0,0,0,0,0,0,38,0,0,0,3,2,55,1,2,2,1,20,3,1,17,99,1,1,89,1,0
36,360029,2,2,1,3,1,13,30,12,6,1,0,36,1,23,481,23481,31,1995,2GTEK19K7S15,2,G,T,E,K,1,9,K,7,S,1,5,0,T,GMC,SK1,PC,95,17,,2,1555,1415,SIE,G,,,8,350,,,,B,4068,00,M,44,0,0,000000000,00000000000,0,0,0,1,0,0,0,0,0,0,0,999,0,0,0,12,12,6,2,12,0,0,0,1,36,12962,6,1,0,0,3,0,70,999,0,0,0,0,0,0,0,0,0,0,0,0,0,0,3,2,55,1,2,2,1,20,3,1,66,99,1,1,88,0,0
36,360030,1,2,1,22,1,4,20,12,2,1,0,36,1,12,481,12481,31,2005,1FTPX14595FB,1,F,T,P,X,1,4,5,9,5,F,B,0,T,FORD,F15,4C,5,17,,2,1450,1260,COF,G,,,8,330,,,,B,5363,05,U,44,0,0,000000000,00000000000,0,0,0,1,0,0,0,0,0,0,0,85,0,0,0,12,12,6,2,12,0,0,0,1,36,14068,6,1,0,0,3,0,72,999,0,0,0,0,0,0,0,0,0,0,51,0,0,0,3,3,55,1,1,2,2,0,0,1,98,99,1,1,98,0,1
36,360030,2,2,2,22,1,4,20,12,2,1,0,39,3,2,1,2001,6,2010,1J4NT4FB1AD5,1,J,4,N,T,4,F,B,1,A,D,5,0,T,JEEP,CSP,4W,10,17,,1,0,1037,CMP,G,,,4,146,,,,,3071,00,W,42,0,0,000000000,00000000000,0,0,0,1,0,0,0,0,0,0,0,55,0,0,0,12,12,6,2,12,0,0,0,1,36,14204,1,1,0,0,2,2,74,999,0,3,0,0,0,3,2010,5,2010,0,74,0,0,0,3,3,55,1,1,2,2,0,0,1,54,99,1,1,98,2,1
36,360031,1,1,1,24,1,13,45,8,0,1,0,36,2,32,43,32043,4,1997,WAUEA88D9VA1,W,A,U,E,A,8,8,D,9,V,A,1,0,P,AUDI,42Q,4D,97,17,3170,,0,1026,,G,,F,6,169,,,16R205,,,,,,0,0,000000000,00000000000,0,0,0,1,0,0,0,0,0,0,0,999,0,0,0,12,12,2,1,8,0,0,0,1,36,10469,6,1,0,0,3,0,69,999,0,6,0,0,2,9,2009,2,2010,0,0,0,0,0,1,2,30,1,1,2,1,3,3,11,80,99,1,1,13,0,0
36,360032,1,1,1,28,1,9,12,8,0,1,0,36,1,12,422,12422,15,2003,1FMFU16L73LC,1,F,M,F,U,1,6,L,7,3,L,C,0,P,FORD,EPT,UT,3,17,5686,,0,1191,,G,,F,8,330,,,17R265,,,,,,0,0,000000000,00000000000,0,0,0,1,0,0,0,0,0,0,0,999,0,0,0,6,6,0,1,8,0,0,0,1,36,12459,6,1,0,0,3,0,61,999,0,0,0,0,0,0,0,0,0,0,0,0,0,0,4,3,30,1,2,2,2,0,0,13,80,99,1,1,98,0,0
36,360033,1,1,1,28,1,21,43,30,0,1,0,36,1,20,481,20481,31,1997,1GCEK14R5VE1,1,G,C,E,K,1,4,R,5,V,E,1,0,T,CHEV,GK1,PK,97,17,,2,1315,1175,GM4,G,,,8,350,,,,B,00000,00,,44,0,0,000000000,00000000000,0,0,0,1,0,0,0,0,0,0,0,999,0,1,5,3,3,6,2,1,0,0,0,1,36,14871,6,1,0,0,3,0,71,999,0,0,0,0,0,0,0,0,0,0,28,87,0,0,1,2,55,1,1,2,3,0,0,1,5,99,2,4,7,1,1
36,360034,1,2,1,26,1,13,9,12,6,1,0,42,1,21,21,21021,4,2002,1G3NK52F52C1,1,G,3,N,K,5,2,F,5,2,C,1,0,P,OLDS,AGX,4D,2,17,3021,,0,1070,,G,,F,4,134,,,15R215,,,,,,0,0,000000000,00000000000,0,0,0,1,0,0,0,0,0,0,0,999,0,0,0,9,9,6,2,12,0,0,0,1,42,15557,6,1,0,0,3,0,67,999,0,0,0,0,0,0,0,0,0,0,39,0,0,0,1,2,55,1,2,2,1,20,3,1,17,99,1,1,89,1,0
36,360034,2,2,1,26,1,13,9,12,6,1,0,36,1,7,482,7482,31,2005,1D7HU18N55S3,1,D,7,H,U,1,8,N,5,5,S,3,0,T,DODG,SQ1,CW,5,17,,2,1605,1405,RPC,G,,,8,287,,,,B,4979,03,E,44,0,0,000000000,00000000000,0,0,0,1,0,0,0,0,0,0,0,999,0,0,0,12,12,6,2,12,0,0,0,1,36,14510,1,1,0,0,2,2,71,999,0,3,0,0,0,3,2008,9,2010,0,74,0,0,0,1,2,55,1,2,2,1,0,0,1,66,99,1,1,88,0,0
36,360035,1,2,2,26,1,14,7,12,6,1,0,36,3,7,442,7442,20,2008,1D8HN44H98B1,1,D,8,H,N,4,4,H,9,8,B,1,0,T,DODG,GCS,ES,8,17,,2,0,1212,CAR,F,,,6,201,,,,,4321,00,7,42,0,0,000000000,00000000000,0,0,0,1,0,0,0,0,0,0,0,999,0,0,0,12,12,6,2,12,0,0,0,1,36,12601,6,1,0,0,3,3,65,999,0,0,0,0,0,0,0,0,0,0,0,0,0,0,1,2,55,1,1,2,2,28,3,1,62,99,1,1,65,0,0
36,360035,2,2,2,26,1,14,7,12,6,1,0,36,2,35,50,35050,4,2007,3N1BC13E07L4,3,N,1,B,C,1,3,E,0,7,L,4,0,P,NISS,VSL,4H,7,17,2649,,0,1024,,G,,F,4,110,,,15R185,,,,,,0,0,000000000,00000000000,0,0,0,1,0,0,0,0,0,0,0,999,0,0,0,3,3,6,2,12,0,0,0,1,36,12570,6,2,0,0,3,0,66,999,0,0,0,0,0,0,0,0,0,0,28,0,0,0,1,2,55,1,1,2,2,28,3,1,10,99,2,2,64,1,0
36,360036,1,1,1,24,1,13,50,8,0,1,0,36,3,86,881,86881,63,2002,1M2P268C42M0,1,M,2,P,2,6,8,C,4,2,M,0,0,T,MACK,RD6,CC,2,17,,8,0,0,600,D,,,6,728,,,,,00000,00,,64,0,99,999999999,99999999999,3,2,4,1,0,0,0,0,0,0,0,999,0,0,0,12,12,0,1,8,0,0,0,1,36,11355,6,1,6,1,3,3,72,999,0,0,0,0,0,0,0,0,0,0,0,0,0,0,1,2,30,1,1,2,1,0,0,1,80,99,1,1,13,0,0
36,360037,1,2,1,26,1,8,49,12,2,1,0,36,1,55,35,55035,4,2002,KMHDN45D92U3,K,M,H,D,N,4,5,D,9,2,U,3,0,P,HYUN,EST,4D,2,17,2635,,0,1027,,G,,F,4,121,,,15R195,,,,,,0,0,000000000,00000000000,0,0,0,1,0,0,0,0,0,0,0,999,0,0,0,12,12,6,2,12,0,0,0,1,36,14092,6,1,0,0,3,0,72,999,0,0,0,0,0,0,0,0,0,0,28,0,0,0,1,2,55,1,1,2,2,0,0,1,10,99,1,2,50,1,0
36,360037,2,2,1,26,1,8,49,12,2,1,0,36,3,51,881,51881,66,2005,4V4NC9GH75N3,4,V,4,N,C,9,G,H,7,5,N,3,1,T,VOLV,VNL,TR,5,17,,8,0,0,VVN,D,,,6,732,,,,,00000,00,,64,1,57,163488,57163488,3,6,1,1,0,0,0,0,0,0,0,999,0,0,0,12,12,6,2,12,0,0,0,1,36,14094,6,1,6,0,3,0,67,999,1,0,0,0,0,5,2010,5,2010,0,0,0,0,0,1,2,55,1,1,2,2,0,0,1,62,99,1,2,51,0,0
36,360038,1,2,1,4,2,20,48,12,6,1,0,36,2,76,998,76998,91,1999,8CJ005348,8,C,J,0,0,5,3,4,8,,,,0,M,YAMA,,,99,9,,,,,,,,,,,,,,,,,,,0,0,000000000,00000000000,0,0,0,1,0,0,0,0,0,0,0,999,0,0,0,9,9,6,2,12,0,0,0,1,36,14561,6,1,0,0,3,0,66,999,0,0,0,0,1,1,2010,1,2010,0,38,0,0,0,1,2,55,1,1,2,1,0,0,1,98,99,1,7,89,1,0
36,360038,2,2,1,4,2,20,48,12,6,1,0,36,1,14,17,14017,4,2000,1MEFM53S9YA6,1,M,E,F,M,5,3,S,9,Y,A,6,0,P,MERC,SLS,4D,0,17,3375,,0,1085,,G,,F,6,182,,,16R215,,,,,,0,0,000000000,00000000000,0,0,0,1,0,0,0,0,0,0,0,999,0,0,0,12,12,6,2,12,0,0,0,1,36,14561,6,1,0,0,3,3,71,999,1,0,0,0,1,10,2008,10,2008,0,0,0,0,0,1,2,55,1,1,2,1,0,0,1,64,99,1,1,88,0,0
36,360039,1,1,1,7,1,16,59,11,0,1,0,9,3,12,881,12881,61,2004,1FDWF37S14EA,1,F,D,W,F,3,7,S,1,4,E,A,0,T,FORD,F3D,CB,4,17,,3,1650,1410,DRW,G,,,10,415,,,,D,00000,00,E,44,0,57,2073165,572073165,2,1,4,1,0,0,0,0,0,0,0,999,0,0,0,83,83,0,3,8,0,0,0,1,9,6851,6,1,0,0,3,0,71,999,98,0,0,0,0,99,9999,99,9999,0,0,0,0,0,1,2,15,1,1,2,3,0,0,1,80,99,1,1,13,0,0
36,360040,1,1,1,27,1,19,15,8,0,1,0,36,1,22,20,22020,4,1994,1G2WJ52M0RF3,1,G,2,W,J,5,2,M,0,R,F,3,0,P,PONT,GFS,4D,94,17,3370,,0,1075,,G,,F,6,191,,,15R205,,,,,,0,0,000000000,00000000000,0,0,0,1,0,0,0,0,0,0,0,999,0,0,0,12,12,6,2,8,0,0,0,1,36,14904,6,1,0,0,3,0,72,999,1,0,0,1,1,12,2008,12,2009,0,0,0,0,0,3,4,40,1,1,2,2,3,3,1,80,4,1,1,13,0,0
36,360041,1,1,1,22,1,1,44,42,0,1,0,36,1,2,404,2404,14,2003,1J8GW68J93C6,1,J,8,G,W,6,8,J,9,3,C,6,0,T,JEEP,OVR,4W,3,17,,1,0,1059,GCK,G,,,8,287,,,,,4241,00,K,44,0,0,000000000,00000000000,0,0,0,1,0,0,0,0,0,0,0,65,0,0,0,3,3,6,2,42,0,0,0,1,36,14221,6,1,0,0,3,0,73,999,1,0,0,0,0,4,2010,4,2010,1,28,0,0,0,1,2,30,1,1,2,1,0,0,1,6,99,4,4,2,1,1
36,360042,1,1,1,10,2,18,56,8,0,1,0,36,3,98,907,98907,52,1999,1VH569P75X65,1,V,H,5,6,9,P,7,5,X,6,5,0,T,ONTR,,,99,17,,,,,,,,,,,,,,,,,,,0,88,888888888,88888888888,3,21,22,1,0,0,0,0,6,0,0,999,0,0,0,12,12,0,1,8,0,0,0,1,36,10469,6,1,6,1,3,0,68,999,0,0,0,0,0,0,0,0,0,0,38,0,0,0,1,4,30,1,1,2,1,3,3,10,80,99,1,1,13,0,0
36,360043,1,2,1,16,1,13,33,12,2,1,0,36,1,23,472,23472,30,2005,1GTDT1368581,1,G,T,D,T,1,3,6,8,5,8,1,0,T,GMC,CAN,CW,5,17,,1,0,1260,CAN,G,,,5,214,,,,B,3895,00,U,44,0,0,000000000,00000000000,0,0,0,1,0,0,0,0,0,0,0,999,0,0,0,12,12,6,2,12,0,0,0,1,36,14467,6,1,0,0,3,3,72,999,0,0,0,0,1,3,2008,3,2008,1,28,0,0,0,1,3,55,1,2,2,3,28,3,6,10,99,2,2,50,0,0