STATE,ST_CASE,VEH_NO,VE_FORMS,NUMOCCS,DAY,MONTH,HOUR,MINUTE,HARM_EV,MAN_COLL,UNITTYPE,HIT_RUN,REG_STAT,OWNER,MAKE,MODEL,MAK_MOD,BODY_TYP,MOD_YEAR,VIN,VIN_1,VIN_2,VIN_3,VIN_4,VIN_5,VIN_6,VIN_7,VIN_8,VIN_9,VIN_10,VIN_11,VIN_12,TOW_VEH,VINTYPE,VINMAKE,VINA_MOD,VIN_BT,VINMODYR,VIN_LNGT,VIN_WGT,WGTCD_TR,WHLBS_LG,WHLBS_SH,SER_TR,FUELCODE,MCYCL_DS,CARBUR,CYLINDER,DISPLACE,MCYCL_CY,MCYCL_WT,TIRE_SZE,TON_RAT,TRK_WT,TRKWTVAR,VIN_REST,WHLDRWHL,J_KNIFE,MCARR_I1,MCARR_I2,MCARR_ID,GVWR,V_CONFIG,CARGO_BT,HAZ_INV,HAZ_PLAC,HAZ_ID,HAZ_CNO,HAZ_REL,BUS_USE,SPEC_USE,EMER_USE,TRAV_SP,UNDERIDE,ROLLOVER,ROLINLOC,IMPACT1,IMPACT2,DEFORMED,TOWED,M_HARM,VEH_SC1,VEH_SC2,FIRE_EXP,DR_PRES,L_STATE,DR_ZIP,L_STATUS,L_TYPE,CDL_STAT,L_ENDORS,L_COMPL,L_RESTRI,DR_HGT,DR_WGT,PREV_ACC,PREV_SUS,PREV_DWI,PREV_SPD,PREV_OTH,FIRST_MO,FIRST_YR,LAST_MO,LAST_YR,SPEEDREL,DR_SF1,DR_SF2,DR_SF3,DR_SF4,VTRAFWAY,VNUM_LAN,VSPD_LIM,VALIGN,VPROFILE,VPAVETYP,VSURCOND,VTRAFCON,VTCONT_F,P_CRASH1,P_CRASH2,P_CRASH3,PCRASH4,PCRASH5,ACC_TYPE,DEATHS,DR_DRINK
36,360043,2,2,4,16,1,13,33,12,2,1,0,36,1,12,402,12402,14,2005,1FMYU93165KA,1,F,M,Y,U,9,3,1,6,5,K,A,0,P,FORD,SPE,UT,5,17,3464,,0,1031,,G,,F,6,183,,,16R235,,,,,,0,0,000000000,00000000000,0,0,0,1,0,0,0,0,0,0,0,999,0,1,5,12,12,6,2,1,0,0,0,1,36,14218,6,1,0,0,3,0,74,999,0,0,0,0,0,0,0,0,0,0,0,0,0,0,1,3,55,1,2,2,3,28,3,1,62,99,1,1,51,1,0
36,360044,1,1,1,1,1,4,45,8,0,1,1,99,9,99,999,99999,99,9999,999999999999,9,9,9,9,9,9,9,9,9,9,9,9,0,,,,,,,,,,,,,,,,,,,,,,,,,0,0,000000000,00000000000,0,0,0,1,0,0,0,0,0,0,0,30,0,0,0,99,99,9,1,8,0,0,0,1,99,99999,9,9,99,9,9,9,999,999,99,99,99,99,99,99,9999,99,9999,0,0,0,0,0,1,2,30,1,1,2,2,3,3,1,80,99,1,1,13,0,0
36,360045,1,2,1,11,2,14,59,12,6,1,0,36,1,12,481,12481,31,2005,1FTRF12W55NB,1,F,T,R,F,1,2,W,5,5,N,B,0,T,FORD,F15,PK,5,17,,2,1450,1260,COF,G,,,8,281,,,,B,4615,02,U,42,0,0,000000000,00000000000,0,0,0,1,0,0,0,0,0,0,0,999,0,0,0,3,3,6,2,12,0,0,0,1,36,14215,6,1,0,0,3,3,72,999,0,0,0,0,0,0,0,0,0,1,28,87,0,0,1,2,55,1,2,2,2,0,0,1,10,99,3,2,64,1,0
36,360045,2,2,1,11,2,14,59,12,6,1,0,36,1,12,481,12481,31,2010,1FTNF2B56AEB,1,F,T,N,F,2,B,5,6,A,E,B,0,T,FORD,F2S,PK,10,17,,2,0,1370,SRW,G,,,8,329,,,,B,6048,00,E,44,0,0,000000000,00000000000,0,0,0,1,0,0,0,0,0,0,0,999,0,0,0,12,12,6,2,12,0,0,0,1,36,14111,6,1,0,0,3,0,74,999,0,0,0,0,1,8,2009,8,2009,0,28,0,0,0,1,2,55,1,2,2,2,0,0,1,62,99,1,1,65,0,0
36,360046,1,2,1,8,1,10,54,12,2,1,0,36,1,37,32,37032,2,2001,1HGCG22521A0,1,H,G,C,G,2,2,5,2,1,A,0,0,P,HOND,UEX,CP,1,17,3283,,0,1051,,G,,F,6,183,,,16R205,,,,,,0,0,000000000,00000000000,0,0,0,1,0,0,0,0,0,0,0,45,0,0,0,12,12,6,2,12,0,0,0,1,36,10901,6,1,0,0,3,0,71,999,2,0,0,0,0,7,2008,7,2009,0,0,0,0,0,1,2,45,1,1,2,2,20,3,1,17,99,1,1,98,0,0
36,360046,2,2,3,8,1,10,54,12,2,1,0,36,1,37,32,37032,4,1991,1HGCB765XMA2,1,H,G,C,B,7,6,5,X,M,A,2,0,P,HOND,ALE,4D,91,17,2504,,0,1071,,G,,F,4,132,,,14R185,,,,,,0,0,000000000,00000000000,0,0,0,1,0,0,0,0,0,0,0,999,0,0,0,12,12,6,2,12,0,0,0,1,36,10927,6,1,0,0,3,0,65,999,0,0,0,0,1,6,2008,6,2008,0,38,0,0,0,1,2,45,1,1,2,2,20,3,1,17,99,1,1,98,1,0
36,360047,1,2,3,28,1,13,25,12,6,1,0,36,3,20,461,20461,21,2008,1GAHG39K1811,1,G,A,H,G,3,9,K,1,8,1,1,0,T,CHEV,E35,ES,8,17,,2,0,1550,EXP,G,,,8,366,,,,D,6330,00,,42,0,0,000000000,00000000000,0,0,0,1,0,0,0,0,0,0,0,999,0,1,5,63,63,6,2,1,0,0,0,1,36,12458,6,1,0,0,3,0,68,999,0,0,0,0,0,0,0,0,0,0,0,0,0,0,3,2,65,1,1,2,2,0,0,1,61,99,1,1,48,1,0
36,360047,2,2,2,28,1,13,25,12,6,1,0,36,2,14,17,14017,4,2003,1MEFM50U63G6,1,M,E,F,M,5,0,U,6,3,G,6,0,P,MERC,SGS,4D,3,17,3369,,0,1085,,G,,F,6,182,,,16R215,,,,,,0,0,000000000,00000000000,0,0,0,1,0,0,0,0,0,0,0,75,0,0,0,12,12,6,2,12,0,0,0,1,36,10990,6,1,0,0,3,0,61,999,0,0,0,0,0,0,0,0,0,0,28,0,0,0,3,2,65,1,1,2,2,0,0,1,11,6,3,2,48,0,0
36,360048,1,3,1,13,1,11,59,12,1,1,0,36,1,55,33,55033,4,2007,5NPET46C47H2,5,N,P,E,T,4,6,C,4,7,H,2,0,P,HYUN,SGL,4D,7,17,3253,,0,1074,,G,,F,4,144,,,16R215,,,,,,0,0,000000000,00000000000,0,0,0,1,0,0,0,0,0,0,0,35,0,0,0,12,12,4,9,12,0,0,0,1,36,13066,6,1,0,0,3,0,69,999,0,0,0,0,0,0,0,0,0,0,26,0,0,0,1,3,35,1,1,2,2,3,3,1,50,99,1,1,20,1,0
36,360048,2,3,1,13,1,11,59,12,1,1,0,36,2,20,422,20422,15,2010,1GNUKKE3XAR2,1,G,N,U,K,K,E,3,X,A,R,2,0,P,CHEV,K15,UT,10,17,5743,,0,1300,,F,,F,8,323,,,20R275,,,,,,0,0,000000000,00000000000,0,0,0,1,0,0,0,0,0,0,0,0,0,0,0,6,6,4,9,12,0,0,0,1,36,13211,6,1,0,0,3,0,64,999,0,0,0,0,0,0,0,0,0,0,0,0,0,0,1,3,35,1,1,2,2,3,3,5,53,1,1,1,21,0,0
36,360048,3,3,1,13,1,11,59,12,1,1,0,36,1,55,36,55036,4,2005,KMHCG45C55U6,K,M,H,C,G,4,5,C,5,5,U,6,0,P,HYUN,AGL,4D,5,17,2280,,0,961,,G,,F,4,098,,,13R175,,,,,,0,0,000000000,00000000000,0,0,0,1,0,0,0,0,0,0,0,0,0,0,0,6,6,4,9,54,0,0,0,1,36,13066,6,1,0,0,3,0,63,999,1,0,0,0,0,11,2008,11,2008,0,0,0,0,0,1,3,35,1,1,2,2,3,3,5,53,1,1,1,98,0,0
36,360049,1,3,2,4,2,22,50,12,1,1,0,9,3,84,881,84881,63,2002,1HTMKAAN72H4,1,H,T,M,K,A,A,N,7,2,H,4,0,T,INTL,440,CC,2,17,,7,0,0,40S,D,,,6,466,,,,,00000,00,,42,0,99,999999999,99999999999,3,1,3,1,0,0,0,0,0,0,0,999,7,0,0,12,12,6,2,12,0,0,0,1,9,6053,6,1,6,0,3,0,75,999,98,1,0,2,2,5,2009,3,2010,0,28,0,0,0,3,4,55,1,1,2,1,0,0,1,11,99,1,4,20,0,0
36,360049,2,3,1,4,2,22,50,12,1,1,0,36,3,12,16,12016,4,2009,999999999999,9,9,9,9,9,9,9,9,9,9,9,9,0,,,,,,,,,,,,,,,,,,,,,,,,,0,0,000000000,00000000000,0,0,0,1,0,0,0,0,0,5,1,0,0,0,0,6,6,6,2,12,0,0,0,1,36,11501,6,1,0,0,3,0,70,999,0,0,0,0,0,0,0,0,0,0,0,0,0,0,3,4,55,1,1,2,1,0,0,5,98,99,1,1,21,1,0
36,360049,3,3,2,4,2,22,50,12,1,1,0,36,2,98,808,98808,61,2006,JNAUZ51J16A5,J,N,A,U,Z,5,1,J,1,6,A,5,0,T,UD,U14,TB,6,17,,4,0,0,UDS,D,,,4,289,,,,,00000,00,,42,0,99,999999999,99999999999,2,1,1,1,0,0,0,0,0,0,0,0,0,0,0,6,6,6,2,12,0,0,0,1,42,18344,6,1,0,0,2,0,70,999,1,0,0,0,0,1,2011,1,2011,0,0,0,0,0,3,4,55,1,1,2,1,0,0,5,98,99,1,1,98,0,0
36,360050,1,1,1,16,2,7,46,8,0,1,0,36,1,37,402,37402,14,2004,SHSRD78804U2,S,H,S,R,D,7,8,8,0,4,U,2,0,P,HOND,CRV,UT,4,17,3347,,0,1031,,G,,F,4,146,,,15R205,,,,,,0,0,000000000,00000000000,0,0,0,1,0,0,0,0,0,0,0,999,0,0,0,82,82,2,1,8,0,0,0,1,36,10466,6,1,0,0,3,0,67,999,0,0,0,0,0,0,0,0,0,0,0,0,0,0,3,1,30,1,1,2,1,3,3,1,80,99,1,1,13,0,0
36,360051,1,2,1,28,1,23,10,12,2,1,0,36,1,49,32,49032,4,1990,JT2AE91A8L33,J,T,2,A,E,9,1,A,8,L,3,3,0,P,TOYT,COA,4D,90,17,2390,,0,957,,G,,F,4,097,,,000000,,,,,,0,0,000000000,00000000000,0,0,0,1,0,0,0,0,0,0,0,999,0,0,0,12,12,6,2,12,0,0,0,1,36,13131,6,1,0,0,3,0,67,999,1,1,0,0,3,11,2008,6,2010,0,0,0,0,0,1,2,55,1,2,2,3,28,3,1,10,99,1,2,50,1,1
36,360051,2,2,1,28,1,23,10,12,2,1,0,36,2,49,40,49040,4,1991,4T1SV21E3MU2,4,T,1,S,V,2,1,E,3,M,U,2,0,P,TOYT,CMD,4D,91,17,2734,,0,1024,,G,,F,4,122,,,14R185,,,,,,0,0,000000000,00000000000,0,0,0,1,0,0,0,0,0,0,0,999,0,0,0,12,12,6,2,12,0,0,0,1,36,13131,6,1,0,0,3,0,70,999,0,3,1,0,0,7,2008,3,2010,0,0,0,0,0,1,2,55,1,2,2,3,28,3,1,62,99,1,1,51,1,0
36,360052,1,1,1,27,1,20,45,1,0,1,0,36,1,12,422,12422,15,1999,1FMPU18L4XLA,1,F,M,P,U,1,8,L,4,X,L,A,0,P,FORD,EPT,UT,99,17,5177,,0,1191,,G,,F,8,330,,,17R265,,,,,,0,0,000000000,00000000000,0,0,0,1,0,0,0,0,0,0,0,999,0,9,1,0,0,6,2,1,0,0,0,1,36,11783,6,1,0,0,3,0,76,999,0,0,0,0,1,7,2008,7,2008,0,87,0,0,0,1,4,35,1,1,2,3,3,3,1,5,99,7,1,98,1,0
36,360053,1,1,4,5,2,1,31,25,0,1,0,36,2,48,45,48045,6,2007,4S4BP61CX773,4,S,4,B,P,6,1,C,X,7,7,3,0,P,SUBA,LOI,SW,7,17,3330,,0,1051,,G,,F,4,150,,,000000,,,,,,0,0,000000000,00000000000,0,0,0,1,0,0,0,0,0,0,0,999,0,1,1,12,6,6,2,1,0,0,0,1,36,14216,6,1,0,0,3,0,67,999,0,0,0,0,0,0,0,0,0,0,28,0,0,0,3,3,99,1,1,2,1,0,0,1,10,99,1,4,6,1,1
36,360054,1,3,1,2,1,15,24,12,1,1,0,36,1,6,54,6054,6,2007,2A8GF68X87R1,2,A,8,G,F,6,8,X,8,7,R,1,0,P,CHRY,PIF,UT,7,17,4593,,0,1163,,G,,F,6,241,,,17R235,,,,,,0,0,000000000,00000000000,0,0,0,1,0,0,0,0,0,0,0,999,0,0,0,62,62,6,2,12,0,0,0,1,36,14904,6,1,0,0,3,3,70,999,0,0,0,0,0,0,0,0,0,0,38,0,0,0,1,2,55,1,2,2,1,0,0,11,98,99,1,1,98,1,0
36,360054,2,3,2,2,1,15,24,12,1,1,0,42,1,12,401,12401,14,2004,1FMCU93104KA,1,F,M,C,U,9,3,1,0,4,K,A,0,P,FORD,SPE,UT,4,17,3346,,0,1031,,G,,F,6,181,,,16R235,,,,,,0,0,000000000,00000000000,0,0,0,1,0,0,0,0,0,0,0,0,0,0,0,6,6,6,2,12,0,0,0,1,42,18848,6,1,0,0,3,3,72,999,1,0,0,0,0,11,2008,11,2008,0,0,0,0,0,1,2,55,1,2,2,1,0,0,1,72,2,1,1,21,0,0
36,360054,3,3,3,2,1,15,24,12,1,1,0,42,1,6,441,6441,20,2003,999999999999,9,9,9,9,9,9,9,9,9,9,9,9,0,,,,,,,,,,,,,,,,,,,,,,,,,0,0,000000000,00000000000,0,0,0,1,0,0,0,0,0,0,0,999,0,0,0,12,12,6,2,12,0,0,0,1,42,16947,6,1,0,0,3,0,64,999,0,1,2,0,0,11,2008,2,2009,0,26,0,0,0,1,2,55,1,2,2,1,0,0,1,50,99,1,1,20,0,0
36,360055,1,1,1,17,2,4,24,52,0,1,0,12,1,21,21,21021,2,2003,1G3NL12E13C3,1,G,3,N,L,1,2,E,1,3,C,3,0,P,OLDS,A/G,CP,3,17,2961,,0,1070,,G,,F,6,207,,,15R215,,,,,,0,0,000000000,00000000000,0,0,0,1,0,0,0,0,0,0,0,28,0,1,6,1,1,6,2,3,0,0,0,1,12,32216,6,1,0,0,3,0,64,999,0,0,0,0,0,0,0,0,0,0,28,0,0,0,1,2,35,3,2,2,1,28,3,14,13,99,1,4,1,1,0
36,360056,1,1,1,10,2,8,4,9,0,1,0,36,2,12,17,12017,4,2004,1FAFP55204A1,1,F,A,F,P,5,5,2,0,4,A,1,0,P,FORD,TSS,4D,4,17,3306,,0,1085,,F,,F,6,182,,,16R215,,,,,,0,0,000000000,00000000000,0,0,0,1,0,0,0,0,0,0,0,999,0,0,0,12,12,6,2,9,0,0,0,1,36,12601,6,1,0,0,3,0,69,999,0,1,0,1,0,6,2009,8,2009,0,0,0,0,0,4,3,30,1,1,2,1,0,0,1,83,1,1,1,13,0,0
36,360057,1,1,1,9,2,18,30,8,0,1,0,36,1,20,481,20481,31,2001,1GCEK19T51E1,1,G,C,E,K,1,9,T,5,1,E,1,0,T,CHEV,SK1,4C,1,17,,2,1575,1435,SIL,G,,,8,325,,,,B,4776,00,,44,0,0,000000000,00000000000,0,0,0,1,0,0,0,0,0,0,0,999,0,0,0,6,6,0,1,8,0,0,0,1,36,14081,6,1,0,0,3,0,71,999,0,0,0,0,0,0,0,0,0,0,87,31,0,0,1,2,99,1,2,7,3,0,0,98,98,1,1,1,98,0,1
36,360058,1,2,2,5,2,17,41,12,6,1,0,36,1,20,481,20481,31,1989,2GCDC14Z4K11,2,G,C,D,C,1,4,Z,4,K,1,1,0,T,CHEV,GC1,PK,89,17,,1,1315,1175,GM4,G,,,6,262,,,,B,4114,08,,42,0,0,000000000,00000000000,0,0,0,1,0,0,0,0,0,0,0,999,0,0,0,3,3,6,2,12,0,0,0,1,36,14830,6,1,0,0,3,0,65,999,0,0,0,0,1,10,2010,10,2010,1,39,0,0,0,1,2,55,1,6,2,3,20,3,98,5,99,1,1,87,1,0
36,360058,2,2,1,5,2,17,41,12,6,1,0,95,3,85,881,85881,66,2003,1XKWDB9X43J9,1,X,K,W,D,B,9,X,4,3,J,9,1,T,KW,W90,TR,3,17,,8,2850,1600,CON,D,,,6,893,,,,,00000,00,,64,1,57,993837,57993837,3,6,2,1,0,0,0,0,0,0,0,999,0,0,0,12,12,6,2,12,0,0,0,1,95,0,9,9,99,9,9,9,999,999,99,99,99,99,99,99,9999,99,9999,0,0,0,0,0,1,2,55,1,6,2,3,20,3,1,68,99,1,1,86,0,0
36,360059,1,1,1,19,2,13,39,42,0,1,0,36,2,63,401,63401,14,2010,KNDKGCA30A76,K,N,D,K,G,C,A,3,0,A,7,6,0,P,KIA,SPO,UT,10,17,3527,,0,1035,,G,,F,6,165,,,16R235,,,,,,0,0,000000000,00000000000,0,0,0,1,0,0,0,0,0,0,0,999,0,0,0,12,12,6,2,42,0,0,0,1,36,12180,6,1,0,0,3,0,62,999,0,0,0,0,0,0,0,0,0,0,28,0,0,0,1,2,40,1,1,2,2,28,3,1,13,99,1,4,1,1,0
36,360060,1,2,3,6,2,14,19,12,6,1,0,36,3,20,461,20461,21,2007,1GBHG3967712,1,G,B,H,G,3,9,6,7,7,1,2,0,T,CHEV,E/6,EC,7,17,,2,0,1550,E/X,D,,,8,403,,,,D,5642,00,,42,0,0,000000000,00000000000,0,0,0,1,0,0,0,0,0,6,0,999,0,0,0,5,5,6,2,12,0,0,0,1,36,14616,6,1,0,0,3,3,69,999,0,0,0,0,0,0,0,0,0,0,38,0,0,0,1,5,45,1,1,2,1,3,3,11,54,1,1,2,82,1,0
36,360060,2,2,2,6,2,14,19,12,6,1,0,36,1,37,32,37032,2,2003,1HGCM82663A0,1,H,G,C,M,8,2,6,6,3,A,0,0,P,HOND,UEX,CP,3,17,3047,,0,1051,,G,,F,6,183,,,16R205,,,,,,0,0,000000000,00000000000,0,0,0,1,0,0,0,0,0,0,0,999,0,0,0,12,12,6,2,12,0,0,0,1,36,14618,6,1,0,0,3,0,66,999,0,0,0,0,0,0,0,0,0,0,0,0,0,0,1,5,45,1,1,2,1,3,3,1,62,1,1,1,83,0,0
36,360061,1,1,2,15,2,21,0,48,0,1,0,36,1,49,32,49032,4,1994,JT2AE09B7R00,J,T,2,A,E,0,9,B,7,R,0,0,0,P,TOYT,LED,4D,94,17,2458,,0,970,,G,,F,4,108,,,14R185,,,,,,0,0,000000000,00000000000,0,0,0,1,0,0,0,0,0,0,0,999,0,0,0,5,5,6,2,42,0,0,0,1,36,12827,6,1,0,0,3,0,71,999,1,2,1,0,0,5,2010,8,2010,1,28,0,0,0,1,2,40,1,2,2,3,0,0,1,5,99,4,4,7,1,0
36,360062,1,2,1,11,2,2,11,12,1,1,0,36,2,49,403,49403,14,2002,JTEGF21A5200,J,T,E,G,F,2,1,A,5,2,0,0,0,P,TOYT,HIG,UT,2,17,3660,,0,1069,,G,,F,6,183,,,16R225,,,,,,0,0,000000000,00000000000,0,0,0,1,0,0,0,0,0,0,0,999,0,0,0,12,12,6,2,12,0,0,0,1,36,11001,6,1,0,0,3,3,69,999,0,0,0,0,0,0,0,0,0,1,0,0,0,0,1,3,30,1,1,2,1,3,3,1,50,1,1,1,20,1,1
36,360062,2,2,1,11,2,2,11,12,1,1,0,42,3,51,898,51898,66,2003,4V4M19GF33N3,4,V,4,M,1,9,G,F,3,3,N,3,1,T,VOLV,VNM,TR,3,17,,7,0,0,VVN,D,,,6,732,,,,,00000,00,,42,1,77,777777777,77777777777,3,6,1,1,0,0,0,0,0,0,0,0,0,0,0,6,6,2,1,12,0,0,0,1,36,11717,6,1,6,1,3,0,65,999,0,0,0,0,0,0,0,0,0,0,0,0,0,0,1,3,30,1,1,2,1,3,3,5,53,1,1,1,21,0,0
36,360063,1,1,1,15,2,8,10,52,0,1,0,36,1,55,36,55036,3,2009,KMHCM36C19U1,K,M,H,C,M,3,6,C,1,9,U,1,0,P,HYUN,AGS,2H,9,17,2467,,0,984,,G,,F,4,098,,,14R175,,,,,,0,0,000000000,00000000000,0,0,0,1,0,0,0,0,0,0,0,999,0,1,1,6,6,6,2,1,0,0,0,1,36,13865,6,1,0,0,3,3,65,999,0,0,0,0,1,7,2009,7,2009,1,28,87,0,0,1,2,55,1,1,2,3,28,3,1,5,99,4,4,7,1,0
36,360064,1,1,1,20,2,3,0,48,0,1,0,36,2,12,37,12037,4,2004,1FAFP38ZX4W1,1,F,A,F,P,3,8,Z,X,4,W,1,0,P,FORD,FZT,4D,4,17,2586,,0,1030,,G,,F,4,140,,,15R195,,,,,,0,0,000000000,00000000000,0,0,0,1,0,0,0,0,0,0,0,999,0,1,1,9,13,6,2,1,0,0,0,1,36,12164,6,1,0,0,3,0,67,999,0,0,0,0,0,0,0,0,0,0,28,0,0,0,1,2,55,3,2,2,3,0,0,14,13,99,1,4,1,1,1
36,360065,1,2,2,8,2,9,2,12,2,1,0,36,1,37,32,37032,4,1999,1HGCG6658XA1,1,H,G,C,G,6,6,5,8,X,A,1,0,P,HOND,ULX,4D,99,17,3053,,0,1069,,G,,F,4,138,,,15R195,,,,,,0,0,000000000,00000000000,0,0,0,1,0,0,0,0,0,0,0,999,0,0,0,12,12,6,2,12,0,0,0,1,36,14305,6,1,0,0,3,0,67,999,0,0,0,0,0,0,0,0,0,1,92,28,0,0,1,4,45,1,1,2,3,0,0,1,5,99,4,2,50,1,0
36,360065,2,2,1,8,2,9,2,12,2,1,0,36,2,20,431,20431,16,1995,1GNFK16K4SJ3,1,G,N,F,K,1,6,K,4,S,J,3,0,P,CHEV,K15,UT,95,17,0,,0,1315,,G,,F,8,350,,,16R245,,,,,,0,0,000000000,00000000000,0,0,0,1,0,0,0,0,0,0,0,35,0,0,0,12,12,6,2,12,0,0,0,1,36,14020,6,1,0,0,3,0,70,999,0,0,0,0,1,10,2008,10,2008,0,92,0,0,0,1,4,45,1,1,2,3,0,0,1,62,99,1,1,51,0,0
36,360066,1,1,1,11,2,9,5,8,0,1,0,36,1,6,51,6051,4,2006,2C3LK53G86H3,2,C,3,L,K,5,3,G,8,6,H,3,0,P,CHRY,4TR,4D,6,17,3934,,0,1200,,G,,F,6,214,,,18R225,,,,,,0,0,000000000,00000000000,0,0,0,1,0,0,0,0,0,0,0,10,0,0,0,12,11,2,1,8,0,0,0,1,36,11428,6,1,6,0,3,0,65,999,0,0,0,0,1,9,2008,9,2008,0,38,0,0,0,1,4,30,1,1,2,1,3,3,11,80,99,1,1,13,0,0
36,360067,1,2,1,20,2,2,37,12,6,1,0,36,1,22,441,22441,20,1997,1GMDX03EXVD1,1,G,M,D,X,0,3,E,X,V,D,1,0,T,PONT,TSP,ES,97,17,,1,0,1200,TSP,G,,,6,207,,,,B,3622,00,E,42,0,0,000000000,00000000000,0,0,0,1,0,0,0,0,0,0,0,999,0,0,0,12,12,6,2,12,0,0,0,1,36,14619,6,1,0,0,3,0,64,999,0,4,0,0,0,4,2009,6,2009,0,39,0,0,0,3,4,35,1,1,2,2,3,3,1,17,99,1,1,69,0,1
36,360067,2,2,2,20,2,2,37,12,6,1,0,36,2,41,37,41037,4,1999,1YVGF22C5X58,1,Y,V,G,F,2,2,C,5,X,5,8,0,P,MAZD,U6X,4D,99,17,2798,,0,1051,,G,,F,4,122,,,14R185,,,,,,0,0,000000000,00000000000,0,0,0,1,0,0,0,0,0,0,0,999,0,0,0,3,3,6,2,12,0,0,0,1,36,14609,6,1,0,0,3,0,68,999,0,0,0,0,0,0,0,0,0,0,0,0,0,0,1,2,35,1,1,2,2,3,3,11,66,99,1,1,68,1,0
36,360068,1,2,2,11,2,15,35,12,6,1,0,36,1,20,37,20037,4,2003,1G1NE52J83M7,1,G,1,N,E,5,2,J,8,3,M,7,0,P,CHEV,M/L,4D,3,17,3106,,0,1070,,G,,F,6,191,,,15R215,,,,,,0,0,000000000,00000000000,0,0,0,1,0,0,0,0,0,0,0,999,0,0,0,9,9,6,2,12,0,0,0,1,36,12526,6,1,0,0,3,0,68,999,1,0,0,0,0,1,2010,1,2010,0,39,0,0,0,1,2,99,1,1,2,1,20,3,1,17,7,1,1,89,1,0
36,360068,2,2,1,11,2,15,35,12,6,1,0,36,1,37,31,37031,4,2000,2HGEJ657XYH5,2,H,G,E,J,6,5,7,X,Y,H,5,0,P,HOND,UCL,4D,0,17,2410,,0,1032,,G,,F,4,097,,,14R185,,,,,,0,0,000000000,00000000000,0,0,0,1,0,0,0,0,0,0,0,55,0,0,0,12,12,6,2,12,0,0,0,1,36,12059,6,1,0,0,3,3,68,999,0,0,0,0,0,0,0,0,0,0,0,0,0,0,3,2,55,1,1,2,1,0,0,1,67,99,1,1,88,0,0
36,360069,1,2,2,12,2,14,17,12,2,1,0,36,2,7,422,7422,15,2007,1D8HB48P27F5,1,D,8,H,B,4,8,P,2,7,F,5,0,P,DODG,DUR,UT,7,17,5132,,0,1192,,F,,F,8,287,,,17R245,,,,,,0,0,000000000,00000000000,0,0,0,1,0,0,0,0,0,0,0,55,0,0,0,12,12,6,2,12,0,0,0,1,36,14810,6,1,0,0,3,0,66,999,0,1,0,0,0,1,2010,1,2010,1,28,87,0,0,1,2,55,1,1,2,3,0,0,1,5,99,7,2,50,0,0
36,360069,2,2,3,12,2,14,17,12,2,1,0,36,2,6,441,6441,20,2006,1A4GP45R36B5,1,A,4,G,P,4,5,R,3,6,B,5,0,P,CHRY,TWC,SV,6,17,3831,,0,1133,,G,,F,6,201,,,15R215,,,,,,0,0,000000000,00000000000,0,0,0,1,0,0,0,0,0,0,0,40,0,0,0,12,12,6,2,12,0,0,0,1,36,14809,6,1,0,0,3,3,68,999,0,0,0,0,0,0,0,0,0,0,0,0,0,0,1,2,55,1,1,2,3,0,0,1,62,99,1,1,51,1,0
36,360070,1,2,2,12,2,8,19,12,6,1,0,36,2,12,402,12402,14,2002,1FMYU04152KC,1,F,M,Y,U,0,4,1,5,2,K,C,0,P,FORD,SPE,UT,2,17,3511,,0,1031,,G,,F,6,181,,,15R225,,,,,,0,0,000000000,00000000000,0,0,0,1,0,0,0,0,0,0,0,999,0,1,5,3,3,6,2,12,0,0,0,1,36,14428,6,1,0,0,3,0,73,999,1,0,0,0,1,6,2009,5,2010,1,87,28,0,0,1,2,35,1,1,2,3,0,0,1,5,99,4,2,64,1,0
36,360070,2,2,1,12,2,8,19,12,6,1,0,36,2,22,20,22020,4,2007,2G2WP5828712,2,G,2,W,P,5,8,2,8,7,1,2,0,P,PONT,GRA,4D,7,17,3477,,0,1105,,G,,F,6,232,,,16R225,,,,,,0,0,000000000,00000000000,0,0,0,1,0,0,0,0,0,0,0,999,0,0,0,12,12,6,2,12,0,0,0,1,36,14559,6,1,0,0,3,3,66,999,0,0,0,0,1,7,2008,7,2008,0,0,0,0,0,1,2,35,1,1,2,3,0,0,1,62,99,1,1,65,0,0
36,360071,1,2,1,21,1,22,45,12,1,1,0,36,1,22,441,22441,20,2006,1GMDX33L86D2,1,G,M,D,X,3,3,L,8,6,D,2,0,P,PONT,MON,SV,6,17,4632,,0,1211,,G,,F,6,214,,,000000,,,,,,0,0,000000000,00000000000,0,0,0,1,0,0,0,0,0,0,0,999,0,0,0,6,6,6,2,12,0,0,0,1,36,13502,6,1,0,0,3,3,65,999,0,1,0,0,0,9,2008,9,2008,0,0,0,0,0,1,2,55,1,1,1,3,28,3,1,53,1,1,1,25,0,0
36,360071,2,2,1,21,1,22,45,12,1,1,0,36,1,98,998,98998,91,1996,999999999999,9,9,9,9,9,9,9,9,9,9,9,9,0,,,,,,,,,,,,,,,,,,,,,,,,,0,0,000000000,00000000000,0,0,0,1,0,0,0,0,0,0,0,999,0,0,0,12,12,6,2,12,0,0,0,1,36,13502,6,1,0,0,3,0,69,999,0,0,0,0,0,0,0,0,0,1,26,0,0,0,1,2,55,1,1,1,3,28,3,1,51,99,1,1,24,1,1