STATE,ST_CASE,VEH_NO,VE_FORMS,NUMOCCS,DAY,MONTH,HOUR,MINUTE,HARM_EV,MAN_COLL,UNITTYPE,HIT_RUN,REG_STAT,OWNER,MAKE,MODEL,MAK_MOD,BODY_TYP,MOD_YEAR,VIN,VIN_1,VIN_2,VIN_3,VIN_4,VIN_5,VIN_6,VIN_7,VIN_8,VIN_9,VIN_10,VIN_11,VIN_12,TOW_VEH,VINTYPE,VINMAKE,VINA_MOD,VIN_BT,VINMODYR,VIN_LNGT,VIN_WGT,WGTCD_TR,WHLBS_LG,WHLBS_SH,SER_TR,FUELCODE,MCYCL_DS,CARBUR,CYLINDER,DISPLACE,MCYCL_CY,MCYCL_WT,TIRE_SZE,TON_RAT,TRK_WT,TRKWTVAR,VIN_REST,WHLDRWHL,J_KNIFE,MCARR_I1,MCARR_I2,MCARR_ID,GVWR,V_CONFIG,CARGO_BT,HAZ_INV,HAZ_PLAC,HAZ_ID,HAZ_CNO,HAZ_REL,BUS_USE,SPEC_USE,EMER_USE,TRAV_SP,UNDERIDE,ROLLOVER,ROLINLOC,IMPACT1,IMPACT2,DEFORMED,TOWED,M_HARM,VEH_SC1,VEH_SC2,FIRE_EXP,DR_PRES,L_STATE,DR_ZIP,L_STATUS,L_TYPE,CDL_STAT,L_ENDORS,L_COMPL,L_RESTRI,DR_HGT,DR_WGT,PREV_ACC,PREV_SUS,PREV_DWI,PREV_SPD,PREV_OTH,FIRST_MO,FIRST_YR,LAST_MO,LAST_YR,SPEEDREL,DR_SF1,DR_SF2,DR_SF3,DR_SF4,VTRAFWAY,VNUM_LAN,VSPD_LIM,VALIGN,VPROFILE,VPAVETYP,VSURCOND,VTRAFCON,VTCONT_F,P_CRASH1,P_CRASH2,P_CRASH3,PCRASH4,PCRASH5,ACC_TYPE,DEATHS,DR_DRINK
36,360072,1,3,0,21,2,23,16,12,1,1,0,36,6,37,31,37031,2,1998,1HGEJ8140WL0,1,H,G,E,J,8,1,4,0,W,L,0,0,P,HOND,UAX,CP,98,17,2507,,0,1032,,G,,F,4,097,,,14R185,,,,,,0,0,000000000,00000000000,0,0,0,1,0,0,0,0,0,0,0,0,0,0,0,6,18,6,2,54,0,0,0,0,0,99997,7,6,97,7,6,7,998,997,998,998,998,998,998,98,9998,98,9998,8,20,0,0,0,4,2,30,1,1,1,1,0,0,0,98,0,0,0,98,0,0
36,360072,2,3,1,21,2,23,16,12,1,1,0,36,3,12,16,12016,4,2007,2FAFP70W77X1,2,F,A,F,P,7,0,W,7,7,X,1,0,P,FORD,CVS,4D,7,17,4129,,1207,1147,,G,,F,8,281,,,17R235,,,,,,0,0,000000000,00000000000,0,0,0,1,0,0,0,0,0,0,0,0,0,0,0,6,12,6,2,12,0,0,0,1,36,11229,6,1,0,0,3,0,70,999,1,7,0,1,2,4,2008,1,2011,0,0,0,0,0,4,2,30,1,1,1,1,0,0,5,53,1,1,1,21,0,0
36,360072,3,3,1,21,2,23,16,12,1,1,0,36,2,12,461,12461,21,2009,1FBSS31L39DA,1,F,B,S,S,3,1,L,3,9,D,A,0,T,FORD,WSD,ES,9,17,,2,0,1380,ECO,G,,,8,330,,,,B,6397,00,E,42,0,0,000000000,00000000000,0,0,0,1,0,0,0,0,0,0,0,999,0,0,0,12,18,6,2,8,0,0,0,1,36,11375,6,1,0,0,3,0,65,999,0,0,0,0,0,0,0,0,0,0,0,0,0,0,4,2,30,1,1,1,1,0,0,1,50,99,1,1,20,0,0
36,360073,2,1,1,24,1,3,48,14,0,1,0,36,3,86,882,86882,63,2010,1M2AU02CXAM0,1,M,2,A,U,0,2,C,X,A,M,0,0,T,MACK,LEU,TB,10,17,,8,0,0,600,D,,,6,659,,,,,00000,00,,64,0,99,999999999,99999999999,3,2,4,1,0,0,0,0,0,0,0,999,0,0,0,12,12,2,1,8,0,0,0,1,36,10704,6,1,6,0,3,3,71,999,0,0,0,0,0,0,0,0,0,0,0,0,0,0,3,3,99,1,1,2,1,0,0,1,50,99,1,4,11,0,0
36,360074,1,1,1,27,2,0,52,8,0,1,0,36,1,20,481,20481,31,2008,1GCEK19C68Z2,1,G,C,E,K,1,9,C,6,8,Z,2,0,T,CHEV,SK1,4C,8,17,,2,1575,1339,SIL,G,,,8,293,,,,B,5226,02,,44,0,0,000000000,00000000000,0,0,0,1,0,0,0,0,0,0,0,999,0,0,0,14,14,2,1,8,0,0,0,1,36,13452,6,1,0,0,3,0,66,999,0,0,0,0,0,0,0,0,0,0,87,0,0,0,1,2,55,1,2,2,3,0,0,1,80,4,1,1,13,0,0
36,360075,1,1,4,27,2,1,20,30,0,1,0,36,1,6,43,6043,4,2007,1C3LC56K27N5,1,C,3,L,C,5,6,K,2,7,N,5,0,P,CHRY,STO,4D,7,17,3419,,0,1089,,G,,F,4,144,,,16R215,,,,,,0,0,000000000,00000000000,0,0,0,1,0,0,0,0,0,0,0,999,0,0,0,9,9,6,2,30,0,0,0,1,36,11239,6,1,0,0,3,0,69,999,0,0,0,0,0,0,0,0,0,1,8,28,0,0,3,3,50,1,1,2,1,0,0,1,6,99,3,4,2,1,0
36,360076,1,2,5,25,2,2,16,12,6,1,0,36,2,18,401,18401,14,2005,3G5DB03E45S5,3,G,5,D,B,0,3,E,4,5,S,5,0,P,BUIC,RZV,UT,5,17,4272,,0,1122,,G,,F,6,207,,,16R215,,,,,,0,0,000000000,00000000000,0,0,0,1,0,0,0,0,0,0,0,60,0,0,0,12,12,6,2,12,0,0,0,1,23,4401,6,1,3,0,3,3,75,999,0,0,0,0,0,0,0,0,0,0,39,0,0,0,1,2,30,1,1,2,2,3,3,1,17,99,1,1,86,1,1
36,360076,2,2,1,25,2,2,16,12,6,1,0,36,1,35,51,35051,6,2010,JN8AS5MVXAW1,J,N,8,A,S,5,M,V,X,A,W,1,0,P,NISS,ROG,UT,10,17,3435,,0,1059,,G,,F,4,153,,,16R215,,,,,,0,0,000000000,00000000000,0,0,0,1,0,0,0,0,0,0,0,30,0,0,0,1,3,6,2,12,0,0,0,1,36,14222,6,1,0,0,3,0,71,999,0,0,0,0,0,0,0,0,0,0,0,0,0,0,1,2,30,1,1,2,2,3,3,1,66,99,1,1,87,0,0
36,360077,1,2,1,31,1,9,51,12,6,1,0,36,1,19,22,19022,4,2008,1G6KD57Y78U1,1,G,6,K,D,5,7,Y,7,8,U,1,0,P,CADI,TDS,4D,8,17,4009,,0,1156,,G,,F,8,281,,,17R235,,,,,,0,0,000000000,00000000000,0,0,0,1,0,0,0,0,0,0,0,999,0,0,0,12,12,6,2,12,0,0,0,1,36,12010,6,1,0,0,3,0,60,999,0,0,0,0,0,0,0,0,0,0,0,0,0,0,1,2,30,1,1,2,1,3,3,1,66,99,1,1,88,0,0
36,360077,2,2,1,31,1,9,51,12,6,1,0,36,1,21,20,21020,4,1993,1G3AG55N9P63,1,G,3,A,G,5,5,N,9,P,6,3,0,P,OLDS,CIS,4D,93,17,2776,,0,1049,,G,,F,6,204,,,14R185,,,,,,0,0,000000000,00000000000,0,0,0,1,0,0,0,0,0,0,0,999,0,0,0,9,9,6,2,12,0,0,0,1,36,12010,6,1,0,0,3,3,60,999,0,0,0,0,0,0,0,0,0,0,39,0,0,0,1,2,30,1,1,2,1,3,3,1,17,99,1,1,89,1,0
36,360078,1,1,2,25,2,20,23,48,0,1,0,36,2,12,17,12017,4,2003,1FAFP53U23G2,1,F,A,F,P,5,3,U,2,3,G,2,0,P,FORD,TSE,4D,3,17,3336,,0,1085,,G,,F,6,182,,,16R215,,,,,,0,0,000000000,00000000000,0,0,0,1,0,0,0,0,0,0,0,999,0,1,5,12,13,6,2,1,0,0,0,1,36,12803,1,1,0,0,2,2,61,999,0,1,0,0,0,5,2010,5,2010,1,28,87,74,0,1,2,45,3,1,2,3,28,3,14,5,99,2,4,2,1,1
36,360079,1,1,1,2,3,12,36,24,0,1,0,36,1,20,32,20032,4,2002,1Y1SK52892Z4,1,Y,1,S,K,5,2,8,9,2,Z,4,0,P,CHEV,P/L,4D,2,17,2403,,0,970,,G,,F,4,110,,,14R175,,,,,,0,0,000000000,00000000000,0,0,0,1,0,0,0,0,0,0,0,999,0,1,5,12,12,6,2,1,0,0,0,1,36,14741,6,1,0,0,3,3,66,999,1,0,0,0,0,12,2009,12,2009,0,28,0,0,0,1,2,45,2,3,2,1,0,0,14,13,99,1,4,1,1,0
36,360080,1,2,1,22,2,14,13,12,2,1,0,36,1,51,45,51045,4,2002,YV1TS92D4212,Y,V,1,T,S,9,2,D,4,2,1,2,0,P,VOLV,S80,4D,2,17,3589,,0,1099,,G,,F,6,178,,,16R225,,,,,,0,0,000000000,00000000000,0,0,0,1,0,0,0,0,0,0,0,999,0,0,0,12,12,6,2,12,0,0,0,1,36,12477,6,1,0,0,3,0,65,999,0,0,0,0,0,0,0,0,0,0,28,0,0,0,1,2,55,2,1,2,1,0,0,14,10,99,1,2,50,1,0
36,360080,2,2,1,22,2,14,13,12,2,1,0,9,3,84,881,84881,66,2002,2HSCDAHN62C0,2,H,S,C,D,A,H,N,6,2,C,0,1,T,INTL,92I,TR,2,17,,7,0,0,920,D,,,6,661,,,,,00000,00,,42,1,57,010670,57010670,3,6,1,1,0,0,0,0,0,0,0,999,0,0,0,12,12,6,2,12,0,0,0,1,36,12110,6,1,6,0,3,0,67,999,0,0,0,0,0,0,0,0,0,0,0,0,0,0,1,2,55,3,1,2,1,0,0,14,62,99,1,1,51,0,0
36,360081,1,1,2,5,3,21,6,8,0,1,0,36,1,20,2,20002,4,2005,2G1WF52E1591,2,G,1,W,F,5,2,E,1,5,9,1,0,P,CHEV,IMP,4D,5,17,3389,,0,1105,,G,,F,6,207,,,16R225,,,,,,0,0,000000000,00000000000,0,0,0,1,0,0,0,0,0,0,0,999,0,0,0,12,12,2,3,8,0,0,0,1,36,13691,6,1,0,0,3,0,64,999,0,0,0,0,0,0,0,0,0,0,0,0,0,0,1,2,55,1,1,2,2,0,0,1,80,99,1,1,13,0,0
36,360082,1,1,1,6,3,21,31,8,0,1,0,36,1,20,471,20471,30,1996,1GCDT19W7T81,1,G,C,D,T,1,9,W,7,T,8,1,0,T,CHEV,S14,PC,96,17,,1,0,1229,S,G,,,6,262,,,,B,3668,00,,44,0,0,000000000,00000000000,0,0,0,1,0,0,0,0,0,0,0,999,0,0,0,12,12,6,2,8,0,0,0,1,36,14048,6,1,0,0,3,3,68,999,0,0,0,0,0,0,0,0,0,0,0,0,0,0,1,2,30,1,1,2,3,0,0,1,80,99,1,1,13,0,0
36,360083,1,1,4,1,2,15,34,48,0,1,0,36,1,12,481,12481,31,2004,1FTPX14534NA,1,F,T,P,X,1,4,5,3,4,N,A,0,T,FORD,F15,4C,4,17,,2,1450,1260,COF,G,,,8,330,,,,B,5480,00,U,44,0,0,000000000,00000000000,0,0,0,1,0,0,0,0,0,0,0,999,0,1,5,12,3,6,2,1,0,0,0,1,36,13668,6,1,0,0,3,0,71,999,0,0,0,0,0,0,0,0,0,1,87,0,0,0,1,2,55,3,2,2,3,0,0,14,5,99,2,4,7,1,0
36,360084,1,2,1,4,3,10,50,12,6,1,0,36,1,49,32,49032,4,2009,JTDBL40E0990,J,T,D,B,L,4,0,E,0,9,9,0,0,P,TOYT,CLB,4D,9,17,2723,,0,1024,,G,,F,4,110,,,15R195,,,,,,0,0,000000000,00000000000,0,0,0,1,0,0,0,0,0,0,0,999,0,0,0,5,5,6,2,12,0,0,0,1,36,12866,6,1,0,0,3,3,68,999,0,0,0,0,1,5,2010,5,2010,1,28,0,0,0,1,2,55,1,1,2,3,0,0,1,6,99,4,2,64,1,0
36,360084,2,2,2,4,3,10,50,12,6,1,0,36,2,14,17,14017,4,2008,1MEHM40W08G6,1,M,E,H,M,4,0,W,0,8,G,6,0,P,MERC,SLF,4D,8,17,3646,,0,1129,,G,,F,6,214,,,17R215,,,,,,0,0,000000000,00000000000,0,0,0,1,0,0,0,0,0,0,0,999,0,0,0,12,12,6,2,12,0,0,0,1,36,13367,6,1,0,0,3,0,68,999,0,0,0,0,0,0,0,0,0,0,0,0,0,0,1,2,55,1,1,2,3,0,0,1,62,99,1,1,65,0,0
36,360085,1,3,1,10,2,22,0,12,2,1,0,36,1,37,32,37032,4,2000,1HGCG5544YA0,1,H,G,C,G,5,5,4,4,Y,A,0,0,P,HOND,ULX,4D,0,17,2987,,0,1069,,G,,F,4,138,,,15R195,,,,,,0,0,000000000,00000000000,0,0,0,1,0,0,0,0,0,0,0,999,0,0,0,12,12,6,2,2,0,0,1,1,36,13140,6,1,0,0,3,3,70,999,0,0,0,1,1,4,2008,9,2008,0,28,0,0,0,1,2,55,1,3,2,1,0,0,1,10,99,1,2,50,0,0
36,360085,2,3,1,10,2,22,0,12,2,1,0,36,1,76,998,76998,91,1996,8BG009104,8,B,G,0,0,9,1,0,4,,,,0,M,YAMA,,,96,9,,,,,,,,,,,,,,,,,,,0,0,000000000,00000000000,0,0,0,1,0,0,0,0,0,0,0,999,0,0,0,12,12,6,2,2,0,0,1,1,36,14416,6,1,6,0,3,0,69,999,1,0,0,0,0,11,2010,11,2010,0,0,0,0,0,1,2,55,1,3,2,1,0,0,1,62,99,1,1,51,1,1
36,360085,3,3,1,10,2,22,0,12,2,1,0,36,2,99,998,99998,91,1983,318400177,3,1,8,4,0,0,1,7,7,,,,0,U,,,,83,9,,,,,,,,,,,,,,,,,,,0,0,000000000,00000000000,0,0,0,1,0,0,0,0,0,0,0,999,0,0,0,12,12,6,2,12,0,0,0,1,36,14624,0,0,0,0,0,0,999,999,0,0,0,0,0,0,0,0,0,0,0,0,0,0,1,2,55,1,3,2,1,0,0,1,62,99,1,1,98,0,0
36,360086,1,1,1,13,2,19,4,48,0,1,0,36,2,49,472,49472,30,2001,5TEPM62N21Z7,5,T,E,P,M,6,2,N,2,1,Z,7,0,T,TOYT,REG,PK,1,17,,1,0,1033,TAC,G,,,4,164,,,,B,3290,00,U,44,0,0,000000000,00000000000,0,0,0,1,0,0,0,0,0,0,0,999,0,0,0,12,11,6,2,42,0,0,0,1,36,10703,6,1,0,0,3,0,72,999,0,1,0,0,0,6,2009,6,2009,1,28,0,0,0,1,2,45,3,1,2,1,28,3,6,13,7,2,4,2,1,1
36,360087,1,1,2,28,1,13,48,42,0,1,0,36,2,63,32,63032,4,2006,KNADE1232661,K,N,A,D,E,1,2,3,2,6,6,1,0,P,KIA,RIO,4D,6,17,2365,,0,984,,G,,F,4,098,,,14R175,,,,,,0,0,000000000,00000000000,0,0,0,1,0,0,0,0,0,0,0,999,0,0,0,9,9,6,2,42,0,0,0,1,36,13061,6,1,0,0,3,3,63,999,0,0,0,0,0,0,0,0,0,1,28,87,0,0,1,2,55,3,1,2,10,28,3,14,5,8,3,4,2,1,0
36,360088,1,1,2,5,3,2,3,48,0,1,0,36,1,34,34,34034,2,1991,WBAAF9319MEE,W,B,A,A,F,9,3,1,9,M,E,E,0,P,BMW,31S,2D,91,17,2602,,0,1012,,G,,F,4,110,,,14R195,,,,,,0,0,000000000,00000000000,0,0,0,1,0,0,0,0,0,0,0,999,0,1,5,3,13,6,2,1,0,0,0,1,36,10536,6,1,0,0,3,3,74,999,0,1,0,0,4,7,2008,12,2010,0,28,0,0,0,1,2,45,2,1,2,2,28,3,14,12,99,1,4,6,1,1
36,360089,1,1,1,6,3,1,2,35,0,1,0,36,1,20,481,20481,31,1999,1GCEK19TXXE2,1,G,C,E,K,1,9,T,X,X,E,2,0,T,CHEV,SK1,3C,99,17,,2,1575,1435,SIL,G,,,8,325,,,,B,4621,00,,44,0,0,000000000,00000000000,0,0,0,1,0,0,0,0,0,0,0,60,0,1,5,12,1,6,2,1,0,0,0,1,36,13650,6,8,0,0,3,0,76,999,0,2,1,0,0,1,2010,3,2010,1,28,87,0,0,1,2,55,1,1,2,2,0,0,1,5,99,4,4,7,1,1
36,360090,1,1,1,6,3,3,41,42,0,1,0,36,1,35,473,35473,31,2005,1N6AA06B75N5,1,N,6,A,A,0,6,B,7,5,N,5,0,T,NISS,TXS,PC,5,17,,2,0,1398,TTN,G,,,8,342,,,,C,5017,02,E,44,0,0,000000000,00000000000,0,0,0,1,0,0,0,0,0,0,0,999,0,0,0,11,11,6,2,42,0,0,0,1,36,12401,1,1,0,0,2,2,71,999,0,1,0,0,2,9,2008,2,2011,1,74,0,0,0,1,2,35,3,1,2,2,28,3,17,12,99,1,4,6,1,1
36,360091,1,1,1,13,3,12,14,33,0,1,0,36,3,18,22,18022,4,2011,1G4GE5ED7BF1,1,G,4,G,E,5,E,D,7,B,F,1,0,P,BUIC,LAS,4D,11,17,4045,,0,1117,,G,,F,6,220,,,18R235,,,,,,0,0,000000000,00000000000,0,0,0,1,0,0,0,0,0,0,0,999,0,0,0,12,12,6,2,30,0,0,0,1,36,14001,6,1,0,0,3,0,71,999,0,0,0,0,0,0,0,0,0,0,28,0,0,0,2,2,40,1,1,2,1,28,3,1,12,99,1,4,6,1,0
36,360092,1,1,1,4,2,4,7,8,0,1,1,99,9,99,999,99999,99,9999,999999999999,9,9,9,9,9,9,9,9,9,9,9,9,0,,,,,,,,,,,,,,,,,,,,,,,,,0,0,000000000,00000000000,0,0,0,1,0,0,0,0,0,0,0,999,0,0,0,12,12,9,1,8,0,0,0,1,99,99999,9,9,99,9,9,9,999,999,99,99,99,99,99,99,9999,99,9999,0,0,0,0,0,4,6,99,1,1,2,1,0,0,1,80,99,1,1,13,0,0
36,360093,1,1,1,8,1,14,5,8,0,1,0,36,3,20,481,20481,31,2011,1GC1KXCGXBF1,1,G,C,1,K,X,C,G,X,B,F,1,0,T,CHEV,2K2,CW,11,17,,2,1677,1537,SIL,F,,,8,366,,,,C,6377,01,,44,0,99,999999999,99999999999,2,1,4,1,0,0,0,0,0,0,0,999,0,0,0,12,12,0,1,8,0,0,0,1,36,11414,6,1,0,0,3,0,71,999,1,0,0,0,0,6,2008,6,2008,0,0,0,0,0,3,2,30,1,1,2,1,3,3,11,80,99,1,1,13,0,0
36,360094,1,2,1,2,3,14,32,12,6,1,0,36,2,20,481,20481,31,1999,1GCEK14T1XZ1,1,G,C,E,K,1,4,T,1,X,Z,1,0,T,CHEV,SK1,PK,99,17,,2,1330,1190,SIL,G,,,8,325,,,,B,4248,00,,44,0,0,000000000,00000000000,0,0,0,1,0,0,0,0,0,0,0,999,0,0,0,12,12,6,2,12,0,0,0,1,36,13304,6,2,0,0,3,0,68,999,0,0,0,0,0,0,0,0,0,1,28,87,0,0,1,2,55,1,1,2,3,28,3,1,10,99,4,2,64,0,0
36,360094,2,2,2,2,3,14,32,12,6,1,0,36,1,2,404,2404,14,2000,1J4FF48S8YL1,1,J,4,F,F,4,8,S,8,Y,L,1,0,T,JEEP,SPT,4W,0,17,,1,0,1014,CHK,G,,,6,244,,,,,3247,00,E,44,0,0,000000000,00000000000,0,0,0,1,0,0,0,0,0,0,0,999,0,0,0,11,11,6,2,12,0,0,0,1,36,13157,6,1,0,0,3,0,72,999,0,0,0,0,0,0,0,0,0,0,0,0,0,0,1,2,55,1,1,2,3,28,3,1,62,99,1,1,65,1,0
36,360095,1,1,1,13,1,13,40,42,0,1,0,36,1,20,20,20020,4,1998,2G1WL52M9W91,2,G,1,W,L,5,2,M,9,W,9,1,0,P,CHEV,L/S,4D,98,17,3330,,0,1075,,G,,F,6,191,,,15R205,,,,,,0,0,000000000,00000000000,0,0,0,1,0,0,0,0,0,0,0,999,0,0,0,82,82,6,2,42,0,0,0,1,36,14787,6,1,0,0,3,0,68,999,0,0,0,0,0,0,0,0,0,0,28,87,0,0,1,2,55,1,1,2,3,0,0,1,5,99,3,4,7,1,0
36,360096,1,2,1,8,3,12,19,12,2,1,0,36,1,24,401,24401,14,2006,5GZCZ63476S8,5,G,Z,C,Z,6,3,4,7,6,S,8,0,P,STRN,VUE,UT,6,17,3630,,0,1066,,G,,F,6,214,,,17R235,,,,,,0,0,000000000,00000000000,0,0,0,1,0,0,0,0,0,0,0,999,0,0,0,12,12,6,2,12,0,0,0,1,36,13021,6,1,6,0,3,0,66,999,0,0,0,0,0,0,0,0,0,0,28,0,0,0,1,2,55,1,1,2,1,0,0,1,10,99,1,2,50,1,0
36,360096,2,2,2,8,3,12,19,12,2,1,0,36,3,84,981,84981,50,2002,1HVBRABN82A9,1,H,V,B,R,A,B,N,8,2,A,9,0,T,INTL,300,BU,2,17,,7,0,0,30S,D,,,8,444,,,,,00000,00,,42,0,57,23863,5723863,3,21,22,1,0,0,0,0,1,0,0,999,0,0,0,12,12,6,2,12,0,0,0,1,36,13021,6,1,6,1,3,3,68,999,1,0,0,0,0,8,2008,8,2008,0,0,0,0,0,1,2,55,1,1,2,1,0,0,1,62,99,1,1,51,0,0
36,360097,1,1,1,15,1,6,40,42,0,1,0,36,2,30,46,30046,4,1996,WVWGC83A3TE0,W,V,W,G,C,8,3,A,3,T,E,0,0,P,VOLK,PGS,4D,96,17,2802,,0,1033,,G,,F,4,121,,,14R195,,,,,,0,0,000000000,00000000000,0,0,0,1,0,0,0,0,0,0,0,999,0,0,0,3,3,6,2,42,0,0,0,1,36,13081,6,1,0,0,3,3,73,999,0,3,0,0,0,12,2010,12,2010,1,28,0,0,0,1,2,55,1,3,2,3,0,0,1,12,99,1,4,6,1,0
36,360098,1,1,1,9,3,7,16,35,0,1,0,36,2,37,401,37401,14,1995,4S6CY58V9S44,4,S,6,C,Y,5,8,V,9,S,4,4,0,P,HOND,PAS,UT,95,17,3835,,0,1085,,G,,F,6,193,,,15R225,,,,,,0,0,000000000,00000000000,0,0,0,1,0,0,0,0,0,0,0,999,0,0,0,12,12,6,2,42,0,0,0,1,36,14518,6,1,0,0,3,0,78,999,1,1,0,1,1,10,2008,10,2009,0,0,0,0,0,1,2,55,2,1,2,1,28,3,17,12,99,1,4,6,1,0
36,360099,1,1,1,17,3,17,35,32,0,1,0,36,1,34,706,34706,80,1988,WB1046905J62,W,B,1,0,4,6,9,0,5,J,6,2,0,M,BMW,RRT,RS,88,17,,,,,,,1000,,2,,4,478,,,,,,,0,0,000000000,00000000000,0,0,0,1,0,0,0,0,0,0,0,999,0,0,0,12,12,6,2,42,0,0,0,1,36,14456,6,1,6,0,3,3,70,999,0,0,0,0,0,0,0,0,0,1,52,28,0,0,1,2,55,3,2,2,1,0,0,14,13,99,1,4,1,1,0
36,360100,1,1,5,23,2,16,45,8,0,1,0,36,2,35,443,35443,20,2005,5N1BV28UX5N1,5,N,1,B,V,2,8,U,X,5,N,1,0,P,NISS,QST,SV,5,17,3914,,0,1240,,G,,F,6,214,,,16R225,,,,,,0,0,000000000,00000000000,0,0,0,1,0,0,0,0,0,0,0,999,0,0,0,12,12,2,1,8,0,0,0,1,36,12953,6,1,0,0,3,0,61,999,0,0,0,1,0,4,2010,4,2010,0,0,0,0,0,1,2,30,1,2,2,10,0,0,1,80,99,1,1,13,0,0
36,360101,1,1,1,6,3,6,37,59,0,1,0,36,1,20,401,20401,14,1999,1GNDT13W2X22,1,G,N,D,T,1,3,W,2,X,2,2,0,P,CHEV,BZR,UT,99,17,4023,,0,1070,,G,,F,6,262,,,15R205,,,,,,0,0,000000000,00000000000,0,0,0,1,0,0,0,0,0,0,0,999,0,0,0,12,11,6,2,30,0,0,0,1,36,14067,6,1,0,0,3,0,68,999,0,0,0,0,1,4,2008,4,2008,0,28,0,0,0,1,2,55,3,2,2,98,0,0,14,13,99,1,4,1,1,1
36,360102,1,1,1,16,3,14,14,33,0,1,0,36,1,6,441,6441,20,1997,1C4GP64L7VB3,1,C,4,G,P,6,4,L,7,V,B,3,0,T,CHRY,LXI,ES,97,17,,1,0,1193,TWC,G,,,6,230,,,,,4059,00,,42,0,0,000000000,00000000000,0,0,0,1,0,0,0,0,0,0,0,999,0,1,5,12,13,6,2,3,0,0,0,1,36,10925,2,1,0,0,2,2,70,999,1,4,1,1,2,12,2008,9,2010,0,28,74,0,0,1,2,30,1,1,2,1,28,3,1,12,99,1,4,6,1,0
36,360103,1,1,3,19,3,20,1,42,0,1,0,36,2,12,17,12017,4,1997,1FALP10P3VW1,1,F,A,L,P,1,0,P,3,V,W,1,0,P,FORD,ESC,4D,97,17,2457,,0,984,,G,,F,4,122,,,14R185,,,,,,0,0,000000000,00000000000,0,0,0,1,0,0,0,0,0,0,0,999,0,0,0,3,3,6,2,42,0,0,0,1,36,14859,0,0,0,0,0,0,999,999,0,0,0,0,0,0,0,0,0,1,52,28,0,0,1,2,55,1,2,2,1,0,0,1,12,99,1,4,6,1,0
36,360104,1,2,1,28,2,13,1,12,2,1,0,42,1,49,403,49403,14,2004,JTEEP21A4400,J,T,E,E,P,2,1,A,4,4,0,0,0,P,TOYT,HIG,UT,4,17,3927,,0,1069,,G,,F,6,202,,,16R225,,,,,,0,0,000000000,00000000000,0,0,0,1,0,0,0,0,0,0,0,999,0,0,0,12,12,6,2,12,0,0,0,1,42,16901,6,1,0,0,3,0,63,999,0,0,0,0,0,0,0,0,0,0,0,0,0,0,1,3,55,1,2,2,2,28,3,1,10,99,1,2,50,1,0
36,360104,2,2,1,28,2,13,1,12,2,1,0,45,1,30,40,30040,4,2000,3VWSA29M8YM0,3,V,W,S,A,2,9,M,8,Y,M,0,0,P,VOLK,JGS,4D,0,17,2861,,0,989,,G,,F,4,121,,,15R195,,,,,,0,0,000000000,00000000000,0,0,0,1,0,0,0,0,0,0,0,999,0,0,0,12,12,6,2,12,0,0,0,1,45,29501,6,1,0,0,3,0,71,999,1,0,0,0,0,12,2010,12,2010,0,0,0,0,0,1,3,55,1,2,2,2,28,3,1,62,99,1,1,51,1,0
36,360105,1,1,2,19,2,4,0,14,0,1,0,24,2,20,471,20471,30,2000,1GCCT19W8Y81,1,G,C,C,T,1,9,W,8,Y,8,1,0,T,CHEV,S14,PC,0,17,,1,0,1229,S,G,,,6,262,,,,B,3660,01,,44,0,0,000000000,00000000000,0,0,0,1,0,0,0,0,0,0,0,999,0,0,0,12,12,6,2,14,0,0,0,1,36,11590,0,0,0,0,0,0,999,999,0,0,0,0,0,0,0,0,0,0,0,0,0,0,1,2,30,1,1,1,1,0,0,1,98,99,1,4,11,1,1
36,360106,1,2,1,8,3,15,14,12,1,1,0,36,3,86,881,86881,63,2002,1M2P264C02M0,1,M,2,P,2,6,4,C,0,2,M,0,0,T,MACK,RD6,CC,2,17,,8,0,0,600,D,,,6,728,,,,,00000,00,,64,0,57,01045346,5701045346,3,1,3,1,0,0,0,0,0,0,0,0,0,0,0,6,6,2,1,12,0,0,0,1,36,10547,6,1,6,0,3,0,66,999,0,0,0,0,0,0,0,0,0,0,0,0,0,0,6,2,30,2,1,2,1,3,3,5,53,99,1,1,21,0,0
36,360106,2,2,1,8,3,15,14,12,1,1,0,36,1,49,52,49052,5,2008,JTKKU10458J0,J,T,K,K,U,1,0,4,5,8,J,0,0,P,TOYT,SXD,4H,8,17,2625,,0,969,,G,,F,4,110,,,16R195,,,,,,0,0,000000000,00000000000,0,0,0,1,0,0,0,0,0,0,0,999,0,0,0,12,12,6,2,12,0,0,0,1,36,10465,6,1,0,0,3,3,59,999,0,0,0,0,0,0,0,0,0,1,0,0,0,0,6,2,30,2,1,2,1,3,3,14,50,99,1,1,20,1,0
36,360107,1,2,1,6,3,9,48,12,6,1,0,50,1,24,1,24001,4,2002,1G8ZG52852Z1,1,G,8,Z,G,5,2,8,5,2,Z,1,0,P,STRN,SL1,4D,2,17,2351,,0,1024,,G,,F,4,116,,,14R185,,,,,,0,0,000000000,00000000000,0,0,0,1,0,0,0,0,0,0,0,999,0,0,0,1,3,6,2,12,0,0,0,1,50,5253,6,1,0,0,3,0,70,999,0,0,0,1,1,5,2008,11,2008,0,28,0,0,0,1,2,45,1,1,2,10,28,3,1,10,99,1,2,64,1,0