STATE,ST_CASE,VEH_NO,VE_FORMS,NUMOCCS,DAY,MONTH,HOUR,MINUTE,HARM_EV,MAN_COLL,UNITTYPE,HIT_RUN,REG_STAT,OWNER,MAKE,MODEL,MAK_MOD,BODY_TYP,MOD_YEAR,VIN,VIN_1,VIN_2,VIN_3,VIN_4,VIN_5,VIN_6,VIN_7,VIN_8,VIN_9,VIN_10,VIN_11,VIN_12,TOW_VEH,VINTYPE,VINMAKE,VINA_MOD,VIN_BT,VINMODYR,VIN_LNGT,VIN_WGT,WGTCD_TR,WHLBS_LG,WHLBS_SH,SER_TR,FUELCODE,MCYCL_DS,CARBUR,CYLINDER,DISPLACE,MCYCL_CY,MCYCL_WT,TIRE_SZE,TON_RAT,TRK_WT,TRKWTVAR,VIN_REST,WHLDRWHL,J_KNIFE,MCARR_I1,MCARR_I2,MCARR_ID,GVWR,V_CONFIG,CARGO_BT,HAZ_INV,HAZ_PLAC,HAZ_ID,HAZ_CNO,HAZ_REL,BUS_USE,SPEC_USE,EMER_USE,TRAV_SP,UNDERIDE,ROLLOVER,ROLINLOC,IMPACT1,IMPACT2,DEFORMED,TOWED,M_HARM,VEH_SC1,VEH_SC2,FIRE_EXP,DR_PRES,L_STATE,DR_ZIP,L_STATUS,L_TYPE,CDL_STAT,L_ENDORS,L_COMPL,L_RESTRI,DR_HGT,DR_WGT,PREV_ACC,PREV_SUS,PREV_DWI,PREV_SPD,PREV_OTH,FIRST_MO,FIRST_YR,LAST_MO,LAST_YR,SPEEDREL,DR_SF1,DR_SF2,DR_SF3,DR_SF4,VTRAFWAY,VNUM_LAN,VSPD_LIM,VALIGN,VPROFILE,VPAVETYP,VSURCOND,VTRAFCON,VTCONT_F,P_CRASH1,P_CRASH2,P_CRASH3,PCRASH4,PCRASH5,ACC_TYPE,DEATHS,DR_DRINK
36,360107,2,2,2,6,3,9,48,12,6,1,0,36,2,37,402,37402,14,2010,5J6RE4H39AL0,5,J,6,R,E,4,H,3,9,A,L,0,0,P,HOND,CRV,UT,10,17,3501,,0,1031,,G,,F,4,146,,,17R225,,,,,,0,0,000000000,00000000000,0,0,0,1,0,0,0,0,0,0,0,999,0,0,0,12,12,6,2,12,0,0,0,1,36,12983,6,1,0,0,3,0,71,999,0,0,0,0,0,0,0,0,0,0,0,0,0,0,1,2,45,1,1,2,10,28,3,1,62,99,1,1,65,0,0
36,360108,1,1,2,10,3,20,43,8,0,1,0,36,1,21,401,21401,14,1999,1GHDT13W8X27,1,G,H,D,T,1,3,W,8,X,2,7,0,P,OLDS,BRA,UT,99,17,4068,,0,1070,,G,,F,6,262,,,15R235,,,,,,0,0,000000000,00000000000,0,0,0,1,0,0,0,0,0,0,0,999,0,0,0,12,12,2,3,8,0,0,0,1,36,14456,6,1,0,0,3,0,72,999,0,0,0,1,0,3,2008,3,2008,0,0,0,0,0,1,2,30,1,1,2,2,0,0,1,80,99,1,1,13,0,0
36,360109,1,1,3,5,3,16,30,16,0,1,0,36,1,18,22,18022,4,2007,2G4WD5820711,2,G,4,W,D,5,8,2,0,7,1,1,0,P,BUIC,LAL,4D,7,17,3502,,0,1105,,G,,F,6,232,,,16R225,,,,,,0,0,000000000,00000000000,0,0,0,1,0,0,0,0,0,0,0,999,0,0,0,0,13,6,2,16,0,0,0,1,36,14032,6,1,0,0,3,0,73,999,0,0,0,0,0,0,0,0,0,0,0,0,0,0,1,2,50,1,1,2,2,28,3,1,98,99,1,1,0,1,0
36,360110,1,2,1,21,3,10,30,12,6,1,0,36,1,23,481,23481,31,2007,1GTHK24U17E1,1,G,T,H,K,2,4,U,1,7,E,1,0,T,GMC,2KH,PK,7,17,,2,0,1330,SIE,G,,,8,366,,,,C,5398,00,U,44,0,0,000000000,00000000000,0,0,0,1,0,0,0,0,0,0,0,999,0,0,0,12,12,6,2,12,0,0,0,1,36,12786,6,1,0,0,3,0,67,999,0,0,0,0,0,0,0,0,0,0,87,0,0,0,1,2,55,1,1,2,3,0,0,1,62,7,1,1,65,0,0
36,360110,2,2,2,21,3,10,30,12,6,1,0,42,1,55,35,55035,4,2007,KMHDU46D17U1,K,M,H,D,U,4,6,D,1,7,U,1,0,P,HYUN,GST,4D,7,17,2723,,0,1043,,G,,F,4,121,,,15R195,,,,,,0,0,000000000,00000000000,0,0,0,1,0,0,0,0,0,0,0,999,0,0,0,3,3,6,2,12,0,0,0,1,42,18407,6,1,0,0,3,0,64,999,0,0,0,1,0,5,2008,5,2008,0,87,28,0,0,1,2,55,1,1,2,3,0,0,1,10,99,4,2,64,1,0
36,360111,1,3,2,7,3,16,1,12,6,1,0,36,2,7,25,7025,5,2007,1B3HB48B07D3,1,B,3,H,B,4,8,B,0,7,D,3,0,P,DODG,CXT,4D,7,17,3038,,0,1037,,G,,F,4,122,,,17R215,,,,,,0,0,000000000,00000000000,0,0,0,1,0,0,0,0,0,0,0,999,0,0,0,1,3,6,2,12,0,0,0,1,36,14424,6,7,0,0,2,2,65,999,0,0,0,0,0,0,0,0,0,0,74,52,38,0,1,4,30,1,1,2,1,3,3,11,15,99,1,1,68,0,0
36,360111,2,3,2,7,3,16,1,12,6,1,0,36,1,20,22,20022,4,2006,1G1AL55F5676,1,G,1,A,L,5,5,F,5,6,7,6,0,P,CHEV,BLT,4D,6,17,3216,,0,1033,,G,,F,4,134,,,15R195,,,,,,0,0,000000000,00000000000,0,0,0,1,0,0,0,0,0,0,0,999,0,0,0,12,12,6,2,12,0,0,0,1,36,14469,6,1,0,0,3,3,72,999,0,0,0,0,0,0,0,0,0,0,0,0,0,0,1,4,30,1,1,2,1,3,3,1,66,99,1,1,69,1,0
36,360111,3,3,1,7,3,16,1,12,6,1,0,36,1,7,26,7026,4,2008,1B3LC56K08N1,1,B,3,L,C,5,6,K,0,8,N,1,0,P,DODG,AXT,4D,8,17,3465,,0,1089,,G,,F,4,144,,,17R215,,,,,,0,0,000000000,00000000000,0,0,0,1,0,0,0,0,0,0,0,0,0,0,0,9,9,2,1,12,0,0,0,1,36,14425,6,1,0,0,3,3,70,999,0,0,0,1,0,1,2009,1,2009,0,0,0,0,0,1,3,30,1,1,2,1,3,3,5,66,1,1,1,98,0,0
36,360112,1,1,2,20,3,0,52,31,0,1,0,36,2,20,403,20403,14,2003,1GNET16S3362,1,G,N,E,T,1,6,S,3,3,6,2,0,P,CHEV,TRL,UT,3,17,5020,,0,1290,,G,,F,6,256,,,17R245,,,,,,0,0,000000000,00000000000,0,0,0,1,0,0,0,0,0,0,0,999,0,1,1,7,13,6,2,1,0,0,0,1,36,13421,6,1,0,0,3,0,68,999,0,0,0,0,0,0,0,0,0,0,28,0,0,0,3,2,65,1,2,2,1,0,0,1,10,99,1,4,6,1,1
36,360113,1,2,1,29,3,15,15,12,6,1,0,36,1,37,32,37032,4,1994,1HGCD5647RA0,1,H,G,C,D,5,6,4,7,R,A,0,0,P,HOND,ULE,4D,94,17,2842,,0,1069,,G,,F,4,132,,,14R185,,,,,,0,0,000000000,00000000000,0,0,0,1,0,0,0,0,0,0,0,999,0,0,0,9,9,6,2,12,0,0,0,1,36,11590,6,1,0,0,3,0,67,999,0,0,0,0,0,0,0,0,0,0,38,0,0,0,1,2,30,1,1,2,1,0,0,11,15,99,1,1,82,0,0
36,360113,2,2,1,29,3,15,15,12,6,1,0,36,1,72,706,72706,80,2010,1HD1JN517AB0,1,H,D,1,J,N,5,1,7,A,B,0,0,M,HD,FBL,RS,10,17,,,,,,,1584,,2,,4,731,,,,,,,0,0,000000000,00000000000,0,0,0,1,0,0,0,0,0,0,0,999,0,0,0,12,12,6,2,12,0,0,0,1,36,11735,6,1,6,0,3,0,68,999,2,0,0,0,0,6,2009,9,2009,0,0,0,0,0,1,2,30,1,1,2,1,0,0,1,66,99,1,1,83,1,0
36,360114,1,1,1,20,3,12,42,30,0,1,0,9,1,30,40,30040,4,2003,3VWPE69M13M1,3,V,W,P,E,6,9,M,1,3,M,1,0,P,VOLK,JWE,4D,3,17,2963,,0,989,,G,,T,4,109,,,16R205,,,,,,0,0,000000000,00000000000,0,0,0,1,0,0,0,0,0,0,0,999,0,0,0,3,3,6,2,30,0,0,0,1,9,6878,6,1,0,0,3,0,68,999,98,0,0,0,0,0,0,0,0,1,28,0,0,0,1,2,35,2,2,2,1,0,0,14,6,99,4,4,7,1,0
36,360115,1,2,1,19,3,15,27,12,6,1,0,36,1,30,46,30046,4,1997,WVWEE83A3VB0,W,V,W,E,E,8,3,A,3,V,B,0,0,P,VOLK,PGX,4D,97,17,2989,,0,1033,,G,,F,6,170,,,15R215,,,,,,0,0,000000000,00000000000,0,0,0,1,0,0,0,0,0,0,0,999,0,0,0,82,82,6,2,12,0,0,0,1,36,11778,6,1,0,0,3,0,68,999,0,0,0,1,0,9,2008,9,2008,1,28,0,0,0,1,2,55,1,2,2,1,0,0,1,10,99,4,2,64,0,0
36,360115,2,2,1,19,3,15,27,12,6,1,0,36,1,37,403,37403,14,2003,5J6YH18573L0,5,J,6,Y,H,1,8,5,7,3,L,0,0,P,HOND,ELE,UT,3,17,3414,,0,1014,,G,,F,4,146,,,16R215,,,,,,0,0,000000000,00000000000,0,0,0,1,0,0,0,0,0,0,0,999,0,1,5,12,12,6,2,1,0,0,0,1,36,11766,6,1,0,0,3,3,61,999,0,0,0,0,0,0,0,0,0,0,0,0,0,0,1,2,55,1,2,2,1,0,0,1,62,99,1,1,65,1,0
36,360116,1,2,2,28,3,7,31,12,2,1,0,36,2,2,405,2405,14,2008,1J8GN28K48W1,1,J,8,G,N,2,8,K,4,8,W,1,0,T,JEEP,SPR,4W,8,17,,1,0,1061,LIB,G,,,6,226,,,,,4278,00,R,44,0,0,000000000,00000000000,0,0,0,1,0,0,0,0,0,0,0,999,0,0,0,12,12,6,2,12,0,0,0,1,36,12590,6,1,0,0,3,0,64,999,0,0,0,0,0,0,0,0,0,0,0,0,0,0,1,2,45,2,2,2,1,28,3,14,62,99,1,1,51,0,0
36,360116,2,2,1,28,3,7,31,12,2,1,0,36,1,55,35,55035,4,2010,KMHDU4AD2AU0,K,M,H,D,U,4,A,D,2,A,U,0,0,P,HYUN,BGS,4D,10,17,2723,,0,1043,,G,,F,4,121,,,15R195,,,,,,0,0,000000000,00000000000,0,0,0,1,0,0,0,0,0,0,0,999,0,0,0,12,12,6,2,12,0,0,0,1,36,12590,6,1,0,0,3,3,71,999,1,0,0,0,0,5,2010,5,2010,0,28,0,0,0,1,2,45,2,2,2,1,28,3,14,10,99,1,2,50,1,1
36,360117,1,1,1,24,2,12,28,8,0,1,0,36,1,13,1,13001,4,2006,1LNHM81W76Y6,1,L,N,H,M,8,1,W,7,6,Y,6,0,P,LINC,SIG,4D,6,17,4359,,0,1177,,G,,F,8,281,,,17R225,,,,,,0,0,000000000,00000000000,0,0,0,1,0,0,0,0,0,0,0,999,0,0,0,99,99,0,1,8,0,0,0,1,36,10459,6,1,0,0,3,0,72,999,0,0,0,0,5,7,2008,1,2010,0,38,0,0,0,1,4,30,1,1,2,1,2,3,11,80,99,1,1,13,0,0
36,360118,1,1,1,19,1,5,20,8,0,1,0,36,1,7,442,7442,20,2005,1D4GP24R35B1,1,D,4,G,P,2,4,R,3,5,B,1,0,T,DODG,GCS,ES,5,17,,1,0,1193,CAR,G,,,6,201,,,,,3867,00,E,42,0,0,000000000,00000000000,0,0,0,1,0,0,0,0,0,0,0,999,0,0,0,12,12,6,2,8,0,0,0,1,36,11950,6,1,0,0,3,0,66,999,0,0,0,0,0,0,0,0,0,0,0,0,0,0,3,2,55,1,1,2,2,0,0,1,80,99,1,1,13,0,0
36,360119,1,1,1,22,1,2,5,8,0,1,0,36,3,19,421,19421,15,2007,1GYFK66867R3,1,G,Y,F,K,6,6,8,6,7,R,3,0,P,CADI,ESC,UT,7,17,5751,,0,1300,,G,,F,8,378,,,18R265,,,,,,0,0,000000000,00000000000,0,0,0,1,0,0,0,0,0,0,0,999,0,0,0,12,12,2,3,8,0,0,0,1,36,11953,6,1,0,0,3,0,69,999,0,0,0,0,1,9,2010,9,2010,0,0,0,0,0,2,4,40,1,2,2,1,0,0,1,80,99,1,1,13,0,0
36,360120,1,3,1,26,1,13,30,12,6,1,0,36,1,35,39,35039,4,2003,JN1DA31A33T4,J,N,1,D,A,3,1,A,3,3,T,4,0,P,NISS,MGL,4D,3,17,3124,,0,1083,,G,,F,6,214,,,17R215,,,,,,0,0,000000000,00000000000,0,0,0,1,0,0,0,0,0,0,0,999,0,0,0,12,12,6,2,12,0,0,0,1,36,11787,6,1,0,0,3,0,68,999,0,0,0,0,0,0,0,0,0,0,0,0,0,0,1,4,40,1,1,2,3,0,0,1,62,99,1,1,65,0,0
36,360120,2,3,1,26,1,13,30,12,6,1,0,36,1,35,47,35047,4,1996,1N4BU31D5TC1,1,N,4,B,U,3,1,D,5,T,C,1,0,P,NISS,AGS,4D,96,17,2756,,0,1031,,G,,F,4,146,,,15R205,,,,,,0,0,000000000,00000000000,0,0,0,1,0,0,0,0,0,0,0,999,0,0,0,12,12,6,2,12,0,0,0,1,36,11787,6,1,0,0,3,0,73,999,0,1,0,0,0,5,2010,5,2010,0,0,0,0,0,1,4,40,1,1,2,3,0,0,1,62,99,1,1,98,0,0
36,360120,3,3,1,26,1,13,30,12,6,1,0,36,1,35,47,35047,4,2007,1N4AL21E37C1,1,N,4,A,L,2,1,E,3,7,C,1,0,P,NISS,ATS,4D,7,17,3042,,0,1093,,G,,F,4,153,,,16R215,,,,,,0,0,000000000,00000000000,0,0,0,1,0,0,0,0,0,0,0,999,0,0,0,3,3,6,2,12,0,0,0,1,36,11757,6,1,0,0,3,0,66,999,0,0,0,0,0,0,0,0,0,0,87,28,0,0,1,4,40,1,1,2,3,0,0,1,5,99,4,2,64,1,0
36,360121,1,3,1,18,1,19,21,12,6,1,0,36,2,12,461,12461,21,2008,1FMNE11L98DB,1,F,M,N,E,1,1,L,9,8,D,B,0,P,FORD,ECO,SV,8,17,5147,,0,1380,,G,,F,8,330,,,16R225,,,,,,0,0,000000000,00000000000,0,0,0,1,0,0,0,0,0,0,0,999,0,0,0,1,1,6,2,12,0,0,0,1,36,11789,6,1,0,0,3,0,67,999,0,0,0,0,1,10,2008,10,2008,0,0,0,0,0,3,2,45,1,1,2,2,3,3,11,15,99,1,1,68,0,0
36,360121,2,3,1,18,1,19,21,12,6,1,0,36,1,63,37,63037,6,2010,KNDJT2A2XA70,K,N,D,J,T,2,A,2,X,A,7,0,0,P,KIA,SOU,UT,10,17,2800,,0,1004,,G,,F,4,122,,,16R205,,,,,,0,0,000000000,00000000000,0,0,0,1,0,0,0,0,0,0,0,999,0,0,0,12,18,6,2,12,0,0,0,1,36,11764,6,1,0,0,3,3,74,999,0,0,0,0,0,0,0,0,0,0,39,0,0,0,3,2,45,1,1,2,2,3,3,1,17,99,1,1,69,1,0
36,360121,3,3,1,18,1,19,21,12,6,1,0,36,1,53,40,53040,5,2007,JS2YB4133751,J,S,2,Y,B,4,1,3,3,7,5,1,0,P,SUZI,SXA,4H,7,17,2800,,0,984,,G,,F,4,122,,,16R205,,,,,,0,0,000000000,00000000000,0,0,0,1,0,0,0,0,0,0,0,999,0,0,0,12,12,6,2,54,0,0,0,1,36,11789,6,1,0,0,3,0,71,999,0,0,0,0,0,0,0,0,0,0,0,0,0,0,3,2,45,1,1,2,2,3,3,11,15,99,1,1,98,0,0
36,360122,1,1,1,12,3,17,42,42,0,1,0,36,1,21,23,21023,4,1998,1G3WH52K7WF3,1,G,3,W,H,5,2,K,7,W,F,3,0,P,OLDS,ITG,4D,98,17,3455,,0,1090,,G,,F,6,231,,,16R225,,,,,,0,0,000000000,00000000000,0,0,0,1,0,0,0,0,0,0,0,999,0,0,0,3,3,6,2,42,0,0,0,1,36,11747,1,1,0,0,2,2,70,999,0,1,0,0,0,7,2010,7,2010,0,28,74,0,0,1,2,55,2,1,2,1,0,0,14,9,99,4,4,7,1,1
36,360123,1,1,1,2,4,5,52,40,0,1,0,36,1,23,472,23472,30,2004,1GTDT1962481,1,G,T,D,T,1,9,6,2,4,8,1,0,T,GMC,CAN,CW,4,17,,1,0,1259,CAN,G,,,5,214,,,,B,4536,00,U,44,0,0,000000000,00000000000,0,0,0,1,0,0,0,0,0,0,0,999,0,0,0,12,12,6,2,30,0,0,0,1,36,14150,6,1,0,0,3,3,68,999,0,0,0,0,0,0,0,0,0,0,28,0,0,0,1,2,30,1,1,2,1,0,0,1,11,99,1,4,6,1,0
36,360124,1,1,2,16,1,18,18,8,0,1,0,36,2,41,402,41402,14,2002,4F2YU08152KM,4,F,2,Y,U,0,8,1,5,2,K,M,0,P,MAZD,TRI,UT,2,17,3455,,0,1031,,G,,F,6,181,,,16R235,,,,,,0,0,000000000,00000000000,0,0,0,1,0,0,0,0,0,0,0,999,0,0,0,12,12,2,3,8,0,0,0,1,36,11795,6,1,0,0,3,0,67,999,1,0,0,0,0,3,2010,3,2010,0,0,0,0,0,3,3,55,1,1,2,1,0,0,1,80,99,1,1,13,0,0
36,360125,1,2,1,31,3,7,2,12,6,1,0,36,1,55,401,55401,14,2005,KM8SC73D25U9,K,M,8,S,C,7,3,D,2,5,U,9,0,P,HYUN,SAN,UT,5,17,3752,,0,1031,,G,,F,6,162,,,16R225,,,,,,0,0,000000000,00000000000,0,0,0,1,0,0,0,0,0,0,0,999,0,0,0,11,11,6,2,12,0,0,0,1,36,14519,6,1,0,0,3,0,64,999,0,1,0,1,0,3,2009,7,2010,0,38,0,0,0,1,2,99,1,1,2,2,20,3,1,17,99,1,1,89,1,0
36,360125,2,2,1,31,3,7,2,12,6,1,0,36,3,94,981,94981,50,2007,1T88L2E21712,1,T,8,8,L,2,E,2,1,7,1,2,0,T,THMS,,,7,17,,,,,,,,,,,,,,,,,,,0,88,888888888,88888888888,2,21,22,1,0,0,0,0,1,0,0,999,0,0,0,12,12,6,2,12,0,0,0,1,36,14505,6,1,6,1,3,0,72,999,2,0,0,1,0,7,2008,1,2010,0,0,0,0,0,3,2,55,1,1,2,2,0,0,1,68,99,1,1,88,0,0
36,360126,1,1,1,24,2,21,52,8,0,1,1,99,9,99,999,99999,99,9999,999999999999,9,9,9,9,9,9,9,9,9,9,9,9,0,,,,,,,,,,,,,,,,,,,,,,,,,0,0,000000000,00000000000,0,0,0,1,0,0,0,0,0,0,0,999,0,0,0,99,99,9,1,8,0,0,0,1,99,99999,9,9,99,9,9,9,999,999,99,99,99,99,99,99,9999,99,9999,0,0,0,0,0,1,2,30,1,1,2,2,0,0,99,80,99,1,9,13,0,0
36,360127,1,1,2,19,1,10,15,33,0,1,0,36,2,2,404,2404,14,1999,1J4GW58N8XC5,1,J,4,G,W,5,8,N,8,X,C,5,0,T,JEEP,LRO,4W,99,17,,1,0,1059,GCK,G,,,8,287,,,,,3809,00,E,44,0,0,000000000,00000000000,0,0,0,1,0,0,0,0,0,0,0,999,0,0,0,14,99,6,2,42,0,0,0,1,36,11706,6,1,0,0,3,3,67,999,0,0,0,1,0,9,2010,9,2010,0,87,28,0,0,3,2,99,1,1,2,2,0,0,1,13,99,1,4,1,1,0
36,360128,1,1,2,3,4,0,9,1,0,1,0,36,2,98,739,98739,90,2003,4XACH68A13A7,4,X,A,C,H,6,8,A,1,3,A,7,0,M,POLS,P70,AT,3,17,,,,,,,683,,2,,4,740,,,,,,,0,0,000000000,00000000000,0,0,0,1,0,0,0,0,0,0,0,999,0,2,1,0,0,2,1,1,0,0,0,1,36,13088,6,1,0,0,3,3,66,999,0,0,0,0,0,0,0,0,0,1,52,0,0,0,1,2,55,1,1,2,1,0,0,11,98,99,1,2,98,1,1
36,360129,1,1,2,16,1,20,54,15,0,1,0,36,2,55,401,55401,14,2006,KM8SC13D56U0,K,M,8,S,C,1,3,D,5,6,U,0,0,P,HYUN,SAN,UT,6,17,3549,,0,1031,,G,,F,6,162,,,16R225,,,,,,0,0,000000000,00000000000,0,0,0,1,0,0,0,0,0,0,0,999,0,0,0,12,12,0,1,15,0,0,0,1,36,10308,6,1,0,0,3,0,59,999,0,0,0,0,0,0,0,0,0,0,0,0,0,0,1,2,30,1,2,2,1,0,0,1,83,99,1,1,13,0,0
36,360130,1,1,1,2,4,3,24,42,0,1,0,36,1,20,471,20471,30,2000,1GCCS195XYK2,1,G,C,C,S,1,9,5,X,Y,K,2,0,T,CHEV,S14,PC,0,17,,1,0,1229,S,F,,,4,133,,,,B,3185,03,,42,0,0,000000000,00000000000,0,0,0,1,0,0,0,0,0,0,0,999,0,0,0,12,12,6,2,42,0,0,0,1,36,13069,6,1,0,0,3,3,71,999,1,0,0,0,0,12,2010,12,2010,1,28,0,0,0,1,2,55,1,1,2,1,0,0,1,12,99,1,4,6,1,1
36,360131,1,2,2,23,1,14,49,12,2,1,0,36,2,34,401,34401,14,2005,5UXFA13545LY,5,U,X,F,A,1,3,5,4,5,L,Y,0,P,BMW,BX5,UT,5,17,4652,,0,1110,,G,,F,6,182,,,17R235,,,,,,0,0,000000000,00000000000,0,0,0,1,0,0,0,0,0,0,0,999,0,0,0,12,12,6,2,12,0,0,0,1,36,11746,6,1,0,0,3,0,62,999,0,0,0,0,0,0,0,0,0,0,0,0,0,0,1,2,40,1,1,2,1,0,0,1,62,99,1,1,69,0,0
36,360131,2,2,1,23,1,14,49,12,2,1,0,36,1,12,402,12402,14,2006,1FMYU93136KD,1,F,M,Y,U,9,3,1,3,6,K,D,0,P,FORD,SPE,UT,6,17,3407,,0,1031,,G,,F,6,183,,,16R235,,,,,,0,0,000000000,00000000000,0,0,0,1,0,0,0,0,0,0,0,999,0,0,0,12,12,6,2,12,0,0,0,1,36,11746,1,1,0,0,2,0,69,999,2,1,0,0,0,11,2009,11,2010,0,38,0,0,0,1,2,40,1,1,2,1,0,0,11,15,99,1,2,68,1,0
36,360132,1,1,5,14,3,4,44,42,0,1,0,34,1,49,32,49032,4,2005,999999999999,9,9,9,9,9,9,9,9,9,9,9,9,0,,,,,,,,,,,,,,,,,,,,,,,,,0,0,000000000,00000000000,0,0,0,1,0,0,0,0,0,0,0,999,0,0,0,9,9,6,2,42,0,0,0,1,34,7524,6,1,0,0,3,0,66,999,0,0,0,0,3,3,2008,7,2010,1,0,0,0,0,1,2,45,1,1,2,1,0,0,1,12,1,1,4,6,1,1
36,360133,1,1,1,5,4,13,19,42,0,1,0,36,1,18,401,18401,14,2006,3G5DB03L36S6,3,G,5,D,B,0,3,L,3,6,S,6,0,P,BUIC,RZV,UT,6,17,4272,,0,1122,,G,,F,6,214,,,17R225,,,,,,0,0,000000000,00000000000,0,0,0,1,0,0,0,0,0,0,0,999,0,0,0,12,12,6,2,42,0,0,0,1,36,12025,6,1,0,0,3,3,69,999,0,0,0,0,0,0,0,0,0,0,28,0,0,0,1,2,35,1,1,2,2,0,0,1,13,99,1,4,1,1,1
36,360134,1,1,1,3,4,14,19,34,0,1,0,36,1,20,16,20016,4,2001,3G1JC52451S1,3,G,1,J,C,5,2,4,5,1,S,1,0,P,CHEV,CAC,4D,1,17,2676,,0,1041,,C,,F,4,133,,,14R195,,,,,,0,0,000000000,00000000000,0,0,0,1,0,0,0,0,0,0,0,999,0,1,5,12,12,6,2,1,0,0,0,1,36,12981,6,1,0,0,3,3,69,999,0,0,0,0,0,0,0,0,0,0,28,0,0,0,1,2,55,1,1,2,1,0,0,1,12,99,1,4,6,1,0
36,360135,1,1,2,9,4,15,30,1,0,1,0,36,1,7,43,7043,4,1998,1B3EJ56H9WN2,1,B,3,E,J,5,6,H,9,W,N,2,0,P,DODG,STS,4D,98,17,2917,,0,1080,,G,,F,6,152,,,15R195,,,,,,0,0,000000000,00000000000,0,0,0,1,0,0,0,0,0,0,0,999,0,1,5,0,13,6,2,1,0,0,0,1,36,14054,6,1,0,0,3,3,64,999,0,0,0,0,1,3,2011,3,2011,1,28,0,0,0,1,2,55,3,2,2,1,0,0,14,12,99,1,4,6,1,0
36,360136,1,1,1,12,4,23,4,39,0,1,0,36,2,12,4,12004,2,1995,1FALP62W7SH1,1,F,A,L,P,6,2,W,7,S,H,1,0,P,FORD,THL,2D,95,17,3536,,0,1130,,G,,F,8,281,,,15R205,,,,,,0,0,000000000,00000000000,0,0,0,1,0,0,0,0,0,0,0,999,0,0,0,11,1,6,2,39,0,0,0,1,36,13066,6,1,0,0,3,3,75,999,0,0,0,0,2,5,2010,5,2010,1,28,87,0,0,3,3,40,1,1,2,2,0,0,1,5,99,3,4,2,1,1
36,360137,1,2,1,20,1,4,25,9,0,1,0,36,1,13,1,13001,4,2005,1LNHM82W85Y6,1,L,N,H,M,8,2,W,8,5,Y,6,0,P,LINC,SGL,4D,5,17,4359,,0,1177,,G,,F,8,281,,,17R225,,,,,,0,0,000000000,00000000000,0,0,0,1,0,0,0,0,0,0,0,999,0,0,0,12,12,2,1,9,0,0,0,1,34,7646,6,1,0,0,3,0,68,999,0,0,0,0,3,4,2008,6,2010,0,0,0,0,0,3,3,50,2,2,2,1,0,0,14,80,99,1,1,13,0,0
36,360137,2,2,1,20,1,4,25,9,0,1,0,36,1,49,40,49040,4,2009,4T1BB46K29U0,4,T,1,B,B,4,6,K,2,9,U,0,0,P,TOYT,CHB,4D,9,17,3680,,0,1090,,B,,F,4,146,,,16R215,,,,,,0,0,000000000,00000000000,0,0,0,1,0,0,0,0,0,0,0,999,0,0,0,14,14,2,1,9,0,0,0,1,36,11235,6,1,0,0,3,0,72,999,0,2,0,1,4,12,2008,12,2009,0,0,0,0,0,3,3,50,2,2,2,1,0,0,14,80,99,1,1,98,0,0
36,360138,1,1,1,6,4,6,5,9,0,1,1,99,9,99,999,99999,99,9999,999999999999,9,9,9,9,9,9,9,9,9,9,9,9,0,,,,,,,,,,,,,,,,,,,,,,,,,0,0,000000000,00000000000,0,0,0,1,0,0,0,0,0,0,0,999,0,0,0,12,12,9,1,9,0,0,0,1,99,99999,9,9,99,9,9,9,999,999,99,99,99,99,99,99,9999,99,9999,0,0,0,0,0,1,4,40,1,1,1,1,0,0,1,83,99,1,1,13,0,0
36,360139,1,2,1,24,1,21,30,12,1,1,0,36,1,55,402,55402,14,2006,KM8JN72D46U3,K,M,8,J,N,7,2,D,4,6,U,3,0,P,HYUN,TUC,UT,6,17,3548,,0,1035,,G,,F,6,162,,,16R235,,,,,,0,0,000000000,00000000000,0,0,0,1,0,0,0,0,0,0,0,999,0,1,1,6,6,6,9,1,0,0,0,1,36,11779,6,1,0,0,3,3,66,999,0,0,0,1,1,11,2008,8,2009,0,0,0,0,0,3,2,45,1,1,2,1,3,3,1,53,99,1,1,26,0,0
36,360139,2,2,1,24,1,21,30,12,1,1,0,36,1,55,35,55035,4,2010,KMHDU4AD5AU1,K,M,H,D,U,4,A,D,5,A,U,1,0,P,HYUN,BGS,4D,10,17,2723,,0,1043,,G,,F,4,121,,,15R195,,,,,,0,0,000000000,00000000000,0,0,0,1,0,0,0,0,0,0,0,999,0,0,0,12,12,6,9,12,0,0,0,1,36,11796,6,1,0,0,3,3,63,999,1,2,0,0,0,5,2008,3,2010,0,26,0,0,0,3,2,45,1,1,2,1,3,3,1,51,99,1,1,24,1,1
36,360140,1,1,1,3,1,18,51,8,0,1,0,36,1,35,402,35402,14,2004,5N1ED28Y04C6,5,N,1,E,D,2,8,Y,0,4,C,6,0,P,NISS,XTR,UT,4,17,3924,,0,1043,,G,,F,6,201,,,16R265,,,,,,0,0,000000000,00000000000,0,0,0,1,0,0,0,0,0,0,0,999,0,0,0,12,12,2,3,8,0,0,0,1,36,11784,6,1,6,0,3,3,74,999,0,0,0,0,1,8,2009,8,2009,0,0,0,0,0,3,2,35,1,1,2,1,0,0,1,80,99,1,1,13,0,0