STATE,ST_CASE,VEH_NO,VE_FORMS,NUMOCCS,DAY,MONTH,HOUR,MINUTE,HARM_EV,MAN_COLL,UNITTYPE,HIT_RUN,REG_STAT,OWNER,MAKE,MODEL,MAK_MOD,BODY_TYP,MOD_YEAR,VIN,VIN_1,VIN_2,VIN_3,VIN_4,VIN_5,VIN_6,VIN_7,VIN_8,VIN_9,VIN_10,VIN_11,VIN_12,TOW_VEH,VINTYPE,VINMAKE,VINA_MOD,VIN_BT,VINMODYR,VIN_LNGT,VIN_WGT,WGTCD_TR,WHLBS_LG,WHLBS_SH,SER_TR,FUELCODE,MCYCL_DS,CARBUR,CYLINDER,DISPLACE,MCYCL_CY,MCYCL_WT,TIRE_SZE,TON_RAT,TRK_WT,TRKWTVAR,VIN_REST,WHLDRWHL,J_KNIFE,MCARR_I1,MCARR_I2,MCARR_ID,GVWR,V_CONFIG,CARGO_BT,HAZ_INV,HAZ_PLAC,HAZ_ID,HAZ_CNO,HAZ_REL,BUS_USE,SPEC_USE,EMER_USE,TRAV_SP,UNDERIDE,ROLLOVER,ROLINLOC,IMPACT1,IMPACT2,DEFORMED,TOWED,M_HARM,VEH_SC1,VEH_SC2,FIRE_EXP,DR_PRES,L_STATE,DR_ZIP,L_STATUS,L_TYPE,CDL_STAT,L_ENDORS,L_COMPL,L_RESTRI,DR_HGT,DR_WGT,PREV_ACC,PREV_SUS,PREV_DWI,PREV_SPD,PREV_OTH,FIRST_MO,FIRST_YR,LAST_MO,LAST_YR,SPEEDREL,DR_SF1,DR_SF2,DR_SF3,DR_SF4,VTRAFWAY,VNUM_LAN,VSPD_LIM,VALIGN,VPROFILE,VPAVETYP,VSURCOND,VTRAFCON,VTCONT_F,P_CRASH1,P_CRASH2,P_CRASH3,PCRASH4,PCRASH5,ACC_TYPE,DEATHS,DR_DRINK
36,360209,1,1,1,8,4,3,28,42,0,1,0,36,1,23,401,23401,14,1997,1GKDT13W1V25,1,G,K,D,T,1,3,W,1,V,2,5,0,T,GMC,JMY,4W,97,17,,1,0,1070,JMY,G,,,6,262,,,,B,4046,00,M,44,0,0,000000000,00000000000,0,0,0,1,0,0,0,0,0,0,0,999,0,1,5,12,12,6,2,1,0,0,0,1,36,14516,6,1,0,0,3,0,70,999,0,0,0,1,0,7,2008,7,2008,0,0,0,0,0,1,2,55,1,1,2,1,0,0,1,12,99,1,4,6,1,0
36,360210,1,1,1,11,4,20,21,8,0,1,0,36,1,37,421,37421,15,2004,2HKYF18554H5,2,H,K,Y,F,1,8,5,5,4,H,5,0,P,HOND,PIL,UT,4,17,4400,,0,1063,,G,,F,6,212,,,16R235,,,,,,0,0,000000000,00000000000,0,0,0,1,0,0,0,0,0,0,0,999,0,0,0,12,12,6,2,8,0,0,0,1,36,10901,6,1,0,0,3,3,67,999,1,0,0,0,0,7,2010,7,2010,0,0,0,0,0,1,2,20,1,1,2,1,3,3,11,80,99,1,1,13,0,0
36,360211,1,1,1,7,5,0,2,34,0,1,0,36,2,48,401,48401,14,2001,JF1SF63501H7,J,F,1,S,F,6,3,5,0,1,H,7,0,P,SUBA,FOR,UT,1,17,3140,,0,994,,G,,F,4,150,,,15R205,,,,,,0,0,000000000,00000000000,0,0,0,1,0,0,0,0,0,0,0,999,0,1,2,12,12,6,2,1,0,0,0,1,36,13668,6,1,0,0,3,0,70,999,0,0,0,0,0,0,0,0,0,0,0,0,0,0,1,2,55,3,3,2,1,0,0,14,12,6,9,4,6,1,1
36,360212,1,2,1,18,4,13,30,12,6,1,0,36,2,20,404,20404,14,2008,2CNDL5376860,2,C,N,D,L,5,3,7,6,8,6,0,0,P,CHEV,EQU,UT,8,17,3818,,0,1125,,G,,F,6,220,,,18R235,,,,,,0,0,000000000,00000000000,0,0,0,1,0,0,0,0,0,0,0,999,0,0,0,83,83,6,2,12,0,0,0,1,36,10305,6,1,0,0,3,3,64,999,0,0,0,0,0,0,0,0,0,0,38,0,0,0,3,6,35,1,1,2,1,3,3,11,15,99,1,1,68,0,0
36,360212,2,2,1,18,4,13,30,12,6,1,0,92,0,53,704,53704,80,2006,JS1CK43A6621,J,S,1,C,K,4,3,A,6,6,2,1,0,M,SUZI,A4K,MS,6,17,,,,,,,385,,1,,4,405,,,,,,,0,0,000000000,00000000000,0,0,0,1,0,0,0,0,0,0,0,999,0,0,0,12,12,6,2,12,0,0,0,1,36,10306,6,1,0,0,3,0,67,999,1,0,0,0,0,3,2010,3,2010,1,52,0,0,0,3,6,35,1,1,2,1,3,3,1,17,99,1,1,69,1,0
36,360213,1,1,2,8,5,11,53,33,0,1,0,36,1,42,42,42042,4,2007,WDBRF52H57F8,W,D,B,R,F,5,2,H,5,7,F,8,0,P,MERZ,C23,4D,7,17,3405,,0,1069,,G,,F,6,152,,,17R225,,,,,,0,0,000000000,00000000000,0,0,0,1,0,0,0,0,0,0,0,999,0,1,6,12,12,6,2,1,0,0,0,1,36,11758,6,1,0,0,3,3,68,999,0,0,0,0,0,0,0,0,0,0,0,0,0,0,2,4,35,1,1,2,1,0,0,1,13,99,1,4,1,1,0
36,360214,1,1,1,10,5,15,19,8,0,1,0,36,3,86,881,86881,63,2005,1M2AG11C95M0,1,M,2,A,G,1,1,C,9,5,M,0,0,T,MACK,CV7,CC,5,17,,8,0,0,700,D,,,6,728,,,,,00000,00,,64,0,99,999999999,99999999999,3,1,4,1,0,0,0,0,0,0,0,999,0,0,0,12,12,0,1,8,0,0,0,1,36,11362,6,1,6,1,3,3,69,999,0,0,0,1,1,6,2009,10,2010,0,0,0,0,0,3,4,98,1,1,2,1,0,0,11,80,99,1,1,13,0,0
36,360215,1,1,1,11,4,20,3,24,0,1,0,36,1,72,706,72706,80,2005,1HD4CAM135K4,1,H,D,4,C,A,M,1,3,5,K,4,0,M,HD,X88,RS,5,17,,,,,,,883,,2,,4,553,,,,,,,0,0,000000000,00000000000,0,0,0,1,0,0,0,0,0,0,0,999,0,0,0,12,12,6,2,24,0,0,0,1,36,13756,6,1,6,0,3,0,65,999,0,0,0,0,0,0,0,0,0,0,52,87,0,0,1,2,55,3,1,2,2,28,3,14,13,99,1,4,1,1,0
36,360216,1,1,2,9,5,15,54,34,0,1,0,36,1,37,31,37031,4,2009,2HGFA16569H3,2,H,G,F,A,1,6,5,6,9,H,3,0,P,HOND,UCL,4D,9,17,2687,,0,1063,,G,,F,4,110,,,16R205,,,,,,0,0,000000000,00000000000,0,0,0,1,0,0,0,0,0,0,0,999,0,1,5,12,12,6,2,1,0,0,0,1,36,14560,6,1,0,0,3,0,64,999,0,0,0,0,0,0,0,0,0,0,0,0,0,0,1,2,55,1,1,2,1,0,0,1,13,1,1,4,1,1,0
36,360217,1,2,1,28,3,16,36,12,6,1,0,36,1,20,37,20037,4,2004,1G1ND52F04M6,1,G,1,N,D,5,2,F,0,4,M,6,0,P,CHEV,CLA,4D,4,17,3106,,0,1070,,G,,F,4,134,,,15R215,,,,,,0,0,000000000,00000000000,0,0,0,1,0,0,0,0,0,0,0,999,0,0,0,3,3,6,2,12,0,0,0,1,36,13760,6,1,0,0,3,3,61,999,0,0,0,0,0,0,0,0,0,0,48,0,0,0,3,2,65,1,1,2,1,0,0,12,10,99,1,2,98,1,0
36,360217,2,2,1,28,3,16,36,12,6,1,0,92,0,23,481,23481,31,2007,999999999999,9,9,9,9,9,9,9,9,9,9,9,9,0,,,,,,,,,,,,,,,,,,,,,,,,,0,0,000000000,00000000000,0,0,0,1,0,0,0,0,0,0,0,999,0,0,0,12,12,6,2,12,0,0,0,1,36,14414,6,1,0,0,3,3,66,999,0,0,0,0,0,0,0,0,0,0,0,0,0,0,3,2,65,1,1,2,1,0,0,1,62,99,1,1,98,0,0
36,360218,1,1,1,30,4,0,30,42,0,1,0,36,2,63,34,63034,4,2009,KNAGE2289953,K,N,A,G,E,2,2,8,9,9,5,3,0,P,KIA,OLE,4D,9,17,3157,,0,1071,,G,,F,4,146,,,16R205,,,,,,0,0,000000000,00000000000,0,0,0,1,0,0,0,0,0,0,0,999,0,0,0,9,9,6,2,42,0,0,0,1,36,12182,6,2,0,0,3,0,70,999,0,0,0,0,0,0,0,0,0,1,39,0,0,0,1,2,30,4,3,2,1,0,0,10,12,99,1,4,6,1,0
36,360219,1,1,1,16,4,11,54,1,0,1,0,36,1,55,401,55401,14,2004,KM8SC73D54U7,K,M,8,S,C,7,3,D,5,4,U,7,0,P,HYUN,SAN,UT,4,17,3720,,0,1031,,G,,F,6,162,,,16R225,,,,,,0,0,000000000,00000000000,0,0,0,1,0,0,0,0,0,0,0,999,0,1,5,0,13,6,2,1,0,0,0,1,36,13324,6,1,0,0,3,0,68,999,0,0,0,0,0,0,0,0,0,1,0,0,0,0,1,2,55,3,2,2,1,0,0,14,13,99,1,4,1,1,0
36,360220,1,1,1,20,4,23,9,34,0,1,0,36,1,20,421,20421,15,2007,1GNFK13077J3,1,G,N,F,K,1,3,0,7,7,J,3,0,P,CHEV,KTA,UT,7,17,5706,,0,1160,,F,,F,8,323,,,17R265,,,,,,0,0,000000000,00000000000,0,0,0,1,0,0,0,0,0,0,0,999,0,0,0,12,12,6,2,17,0,0,0,1,36,12790,6,1,6,0,3,0,66,999,0,0,0,0,0,0,0,0,0,0,0,0,0,0,2,2,65,1,1,2,1,0,0,1,12,99,2,4,7,1,1
36,360221,1,1,3,19,2,3,34,30,0,1,1,36,2,42,48,42048,4,1998,WDBJF65F3WA5,W,D,B,J,F,6,5,F,3,W,A,5,0,P,MERZ,E32,4D,98,17,3340,,0,1115,,G,,F,6,195,,,16R215,,,,,,0,0,000000000,00000000000,0,0,0,1,0,0,0,0,0,0,0,999,0,0,0,63,63,6,2,30,0,0,0,1,36,11706,6,1,0,0,3,0,67,999,0,7,0,0,0,4,2009,4,2010,1,0,0,0,0,3,2,99,1,1,2,1,3,3,1,13,99,1,4,1,1,1
36,360222,1,1,3,1,4,15,45,19,0,1,0,36,1,49,32,49032,4,2010,2T1BU4EE2AC1,2,T,1,B,U,4,E,E,2,A,C,1,0,P,TOYT,CBL,4D,10,17,2723,,0,1024,,G,,F,4,110,,,15R195,,,,,,0,0,000000000,00000000000,0,0,0,1,0,0,0,0,0,0,0,999,0,0,0,12,12,6,2,19,0,0,0,1,36,13905,6,1,0,0,3,3,59,999,0,0,0,0,0,0,0,0,0,0,0,0,0,0,1,2,99,1,1,2,1,0,0,1,13,99,1,4,1,1,0
36,360223,1,1,1,7,1,23,10,9,0,1,0,36,1,13,1,13001,4,2001,1LNHM82W11Y7,1,L,N,H,M,8,2,W,1,1,Y,7,0,P,LINC,SIG,4D,1,17,4070,,0,1177,,G,,F,8,281,,,16R225,,,,,,0,0,000000000,00000000000,0,0,0,1,0,0,0,0,0,0,0,35,0,0,0,12,12,2,3,9,0,0,0,1,36,11216,6,1,0,0,3,0,70,999,1,1,0,0,3,3,2008,11,2010,0,0,0,0,0,3,3,35,1,1,2,1,3,3,1,83,99,1,1,13,0,0
36,360224,1,2,1,7,5,16,35,12,6,1,0,36,1,76,706,76706,80,2005,JYAVP18E95A0,J,Y,A,V,P,1,8,E,9,5,A,0,0,M,YAMA,XVT,EN,5,17,,,,,,,1294,,4,,4,999,,,,,,,0,0,000000000,00000000000,0,0,0,1,0,0,0,0,0,0,0,999,0,0,0,12,12,6,2,12,0,0,0,1,36,13069,6,1,0,0,3,0,72,999,0,0,0,0,0,0,0,0,0,1,0,0,0,0,1,2,55,2,1,2,1,0,0,14,10,99,1,2,64,1,0
36,360224,2,2,1,7,5,16,35,12,6,1,0,36,2,2,403,2403,14,2005,1J4FA44S05P3,1,J,4,F,A,4,4,S,0,5,P,3,0,T,JEEP,LWB,2W,5,17,,1,0,1034,W/T,G,,,6,244,,,,,3555,00,E,44,0,0,000000000,00000000000,0,0,0,1,0,0,0,0,0,0,0,999,0,0,0,63,63,2,1,12,0,0,0,1,36,13460,6,1,0,0,3,0,63,999,0,0,0,0,0,0,0,0,0,0,0,0,0,0,1,2,55,3,1,2,1,0,0,14,62,99,1,1,65,0,0
36,360225,1,1,1,23,4,23,15,8,0,1,0,36,2,12,17,12017,4,1995,1FALP54P4SA2,1,F,A,L,P,5,4,P,4,S,A,2,0,P,FORD,SHO,4D,95,17,3377,,0,1060,,G,,F,6,195,,,16R215,,,,,,0,0,000000000,00000000000,0,0,0,1,0,0,0,0,0,0,0,999,0,0,0,12,12,2,1,8,0,0,0,1,36,11416,6,1,0,0,3,3,66,999,0,1,1,0,0,5,2008,6,2008,0,0,0,0,0,3,3,99,1,5,2,1,3,3,1,80,99,1,1,13,0,0
36,360226,1,2,2,23,4,17,59,12,11,1,0,36,2,72,706,72706,80,2009,1HD4CR2189K4,1,H,D,4,C,R,2,1,8,9,K,4,0,M,HD,XLL,RS,9,17,,,,,,,883,,2,,4,583,,,,,,,0,0,000000000,00000000000,0,0,0,1,0,0,0,0,0,0,0,999,0,0,0,6,6,6,2,12,0,0,0,1,36,14120,1,1,0,0,2,2,73,999,0,1,0,0,0,6,2010,6,2010,0,74,0,0,0,1,2,55,4,2,2,1,0,0,14,10,98,2,2,64,1,1
36,360226,2,2,1,23,4,17,59,12,11,1,0,36,1,20,481,20481,31,2010,1GC5KXBG9AZ1,1,G,C,5,K,X,B,G,9,A,Z,1,0,T,CHEV,2K2,4C,10,17,,2,1575,1435,SIL,F,,,8,366,,,,C,5840,01,,44,0,0,000000000,00000000000,0,0,0,1,0,0,0,0,0,0,0,999,0,0,0,11,11,2,1,12,0,0,0,1,36,14305,6,1,0,0,3,0,72,999,0,0,0,0,0,0,0,0,0,0,0,0,0,0,1,2,55,4,2,2,1,0,0,14,62,99,1,1,65,0,0
36,360227,1,1,1,2,2,19,10,8,0,1,0,13,2,20,481,20481,31,2002,2GCEK19T7211,2,G,C,E,K,1,9,T,7,2,1,1,0,T,CHEV,SK1,4C,2,17,,2,1575,1435,SIL,G,,,8,325,,,,B,4910,02,,44,0,0,000000000,00000000000,0,0,0,1,0,0,0,0,0,0,0,999,0,0,0,12,12,2,4,8,0,0,0,1,36,11428,0,0,0,0,0,0,999,999,0,0,0,0,0,0,0,0,0,0,92,0,0,0,3,2,30,1,1,2,10,3,3,1,80,99,1,1,13,0,0
36,360228,1,1,1,9,5,21,12,1,0,1,0,36,1,12,401,12401,14,1997,1FMDU34E0VUC,1,F,M,D,U,3,4,E,0,V,U,C,0,P,FORD,EPR,UT,97,17,4166,,0,1115,,G,,F,6,245,,,15R225,,,,,,0,0,000000000,00000000000,0,0,0,1,0,0,0,0,0,0,0,999,0,2,1,0,13,6,2,1,0,0,0,1,36,11741,6,1,0,0,3,0,72,999,1,0,0,0,0,3,2010,3,2010,1,28,58,0,0,3,5,55,1,1,2,1,0,0,15,11,6,7,2,98,1,0
36,360229,1,1,1,11,2,16,33,8,0,1,1,36,2,22,2,22002,4,1995,1G2HX52K4S42,1,G,2,H,X,5,2,K,4,S,4,2,0,P,PONT,BVS,4D,95,17,3446,,0,1108,,G,,F,6,231,,,15R215,,,,,,0,0,000000000,00000000000,0,0,0,1,0,0,0,0,0,0,0,45,0,0,0,12,12,8,4,8,0,0,0,1,36,11235,6,1,0,0,3,0,72,999,2,4,0,1,1,6,2008,5,2010,1,39,0,0,0,1,4,30,1,1,2,1,3,3,1,17,99,1,1,13,0,0
36,360230,1,1,1,7,5,17,10,24,0,1,0,36,1,53,705,53705,80,2005,JS1GN7CA0521,J,S,1,G,N,7,C,A,0,5,2,1,0,M,SUZI,GSK,RC,5,17,,,,,,,599,,4,,4,355,,,,,,,0,0,000000000,00000000000,0,0,0,1,0,0,0,0,0,0,0,999,0,0,0,12,12,6,2,24,0,0,0,1,36,13668,6,1,0,0,3,0,69,999,0,0,0,0,0,0,0,0,0,1,8,0,0,0,1,2,55,1,1,2,1,0,0,98,8,99,2,4,98,1,0
36,360231,1,1,1,1,4,20,35,8,0,1,1,99,9,99,999,99999,99,9999,999999999999,9,9,9,9,9,9,9,9,9,9,9,9,0,,,,,,,,,,,,,,,,,,,,,,,,,0,0,000000000,00000000000,0,0,0,1,0,0,0,0,0,0,0,999,0,0,0,12,12,9,1,8,0,0,0,1,99,99999,9,9,99,9,9,9,999,999,99,99,99,99,99,99,9999,99,9999,0,0,0,0,0,3,2,99,1,1,2,1,3,3,1,80,99,1,1,13,0,0
36,360232,1,1,1,16,4,22,41,8,0,1,0,36,3,12,16,12016,4,2007,999999999999,9,9,9,9,9,9,9,9,9,9,9,9,0,,,,,,,,,,,,,,,,,,,,,,,,,0,0,000000000,00000000000,0,0,0,1,0,0,0,0,0,5,0,30,0,0,0,12,12,2,1,8,0,0,0,1,36,11550,6,1,0,0,3,0,73,999,0,0,0,0,0,0,0,0,0,0,0,0,0,0,1,4,35,1,1,2,2,0,0,1,80,99,1,1,13,0,0
36,360233,1,1,1,9,5,1,11,8,0,1,0,28,3,82,881,82881,66,2009,1FUJGLDR69LA,1,F,U,J,G,L,D,R,6,9,L,A,1,T,FRHT,125,TR,9,17,,8,0,0,CSC,D,,,6,903,,,,,00000,00,,64,1,57,000791,57000791,3,6,1,1,0,0,0,0,0,0,0,999,0,0,0,12,12,2,1,8,0,0,0,1,28,38801,6,1,6,0,3,0,68,999,0,0,0,0,0,0,0,0,0,0,0,0,0,0,3,3,65,1,1,1,1,0,0,1,80,99,1,1,13,0,0
36,360234,1,1,1,27,2,3,30,8,0,1,1,99,9,99,999,99999,99,9999,999999999999,9,9,9,9,9,9,9,9,9,9,9,9,0,,,,,,,,,,,,,,,,,,,,,,,,,0,0,000000000,00000000000,0,0,0,1,0,0,0,0,0,0,0,999,0,0,0,98,12,9,1,8,0,0,0,1,99,99999,9,9,99,9,9,9,999,999,99,99,99,99,99,99,9999,99,9999,0,0,0,0,0,3,2,30,1,1,2,1,0,0,1,80,99,1,1,13,0,0
36,360235,1,2,1,26,4,17,16,12,6,1,0,36,2,53,706,53706,80,1996,JS1GU75A3T21,J,S,1,G,U,7,5,A,3,T,2,1,0,M,SUZI,SXW,RC,96,17,,,,,,,1074,,4,,4,487,,,,,,,0,0,000000000,00000000000,0,0,0,1,0,0,0,0,0,0,0,38,0,0,0,12,12,6,2,12,0,0,0,1,36,12303,6,1,0,0,3,0,76,999,0,2,1,0,1,7,2009,2,2011,0,0,0,0,0,1,2,30,1,1,2,1,0,0,1,68,99,1,1,83,1,0
36,360235,2,2,1,26,4,17,16,12,6,1,0,36,2,22,20,22020,4,2006,2G2WP5528611,2,G,2,W,P,5,5,2,8,6,1,1,0,P,PONT,GRA,4D,6,17,3477,,0,1105,,G,,F,6,232,,,16R225,,,,,,0,0,000000000,00000000000,0,0,0,1,0,0,0,0,0,0,0,4,0,0,0,11,11,6,2,12,0,0,0,1,36,12307,6,1,0,0,3,0,64,999,1,0,0,2,0,12,2010,4,2011,0,39,0,0,0,1,2,30,1,1,2,1,20,3,11,17,99,1,1,82,0,0
36,360236,1,2,4,30,4,11,0,12,6,1,0,36,2,12,17,12017,4,1995,1FALP5243SA1,1,F,A,L,P,5,2,4,3,S,A,1,0,P,FORD,TGS,4D,95,17,3118,,0,1060,,G,,F,6,232,,,15R205,,,,,,0,0,000000000,00000000000,0,0,0,1,0,0,0,0,0,0,0,999,0,0,0,12,12,6,2,12,0,0,0,1,42,18337,6,1,0,0,3,0,69,999,0,0,0,0,0,0,0,0,0,0,0,0,0,0,1,2,35,1,1,2,1,0,0,1,66,7,1,1,69,0,0
36,360236,2,2,2,30,4,11,0,12,6,1,0,36,2,55,33,55033,4,2011,5NPEB4AC6BH0,5,N,P,E,B,4,A,C,6,B,H,0,0,P,HYUN,SGL,4D,11,17,3161,,0,1100,,G,,F,4,144,,,16R205,,,,,,0,0,000000000,00000000000,0,0,0,1,0,0,0,0,0,0,0,999,0,0,0,3,3,6,2,12,0,0,0,1,36,10930,6,1,0,0,3,3,68,999,0,0,0,0,0,0,0,0,0,0,48,0,0,0,1,2,35,1,1,2,1,0,0,11,15,99,1,1,68,1,0
36,360237,1,1,2,14,5,3,3,1,0,1,0,36,1,20,421,20421,15,1999,1GNDT13W5X21,1,G,N,D,T,1,3,W,5,X,2,1,0,P,CHEV,BZR,UT,99,17,4023,,0,1070,,G,,F,6,262,,,15R205,,,,,,0,0,000000000,00000000000,0,0,0,1,0,0,0,0,0,0,0,999,0,1,2,0,13,6,2,1,0,0,0,1,36,13626,6,1,0,0,3,0,68,999,3,0,0,0,3,7,2008,10,2010,1,0,0,0,0,1,2,55,2,1,2,1,0,0,14,6,99,4,4,2,1,1
36,360238,1,1,2,5,5,2,22,33,0,1,0,36,2,54,31,54031,3,2000,JH4DC4352YS0,J,H,4,D,C,4,3,5,2,Y,S,0,0,P,ACUR,ILS,2H,0,17,2643,,0,1012,,G,,F,4,112,,,15R195,,,,,,0,0,000000000,00000000000,0,0,0,1,0,0,0,0,0,0,0,999,0,0,0,14,9,6,2,42,0,0,0,1,36,11570,6,1,0,0,3,0,69,999,2,0,0,0,0,2,2010,4,2010,0,0,0,0,0,1,2,99,1,1,2,1,0,0,1,13,99,1,4,1,1,1
36,360239,1,2,1,11,5,5,5,8,0,1,0,27,2,52,401,52401,14,2000,JA4MT41R9YP0,J,A,4,M,T,4,1,R,9,Y,P,0,0,P,MITS,MNS,UT,0,17,4260,,0,1073,,G,,F,6,213,,,16R255,,,,,,0,0,000000000,00000000000,0,0,0,1,0,0,0,0,0,0,0,60,0,0,0,12,63,6,2,8,0,0,0,1,36,11372,6,1,0,0,3,0,69,999,1,0,0,0,1,11,2008,2,2011,0,0,0,0,0,3,4,50,1,1,2,1,0,0,1,80,6,1,3,13,0,0
36,360239,2,2,2,11,5,5,5,8,0,1,1,36,2,13,1,13001,4,2007,1LNHM84WX7Y6,1,L,N,H,M,8,4,W,X,7,Y,6,0,P,LINC,EXL,4D,7,17,4518,,0,1237,,G,,F,8,281,,,17R225,,,,,,0,0,000000000,00000000000,0,0,0,1,0,0,0,0,0,0,0,60,0,0,0,82,82,2,1,12,0,0,0,1,36,11726,6,1,0,0,3,3,69,999,0,2,0,0,0,11,2008,5,2009,0,0,0,0,0,3,3,50,1,1,2,1,0,0,1,61,99,1,1,98,0,0
36,360240,1,2,1,11,4,14,24,12,11,1,0,36,1,49,442,49442,20,2004,5TDZA23C74S1,5,T,D,Z,A,2,3,C,7,4,S,1,0,P,TOYT,SIE,SV,4,17,4120,,0,1193,,G,,F,6,201,,,16R215,,,,,,0,0,000000000,00000000000,0,0,0,1,0,0,0,0,0,0,0,999,0,0,0,3,3,6,2,12,0,0,0,1,36,10977,6,1,0,0,3,0,66,999,0,0,0,0,0,0,0,0,0,0,38,0,0,0,2,4,45,1,2,2,1,3,3,11,15,99,1,1,68,0,0
36,360240,2,2,1,11,4,14,24,12,11,1,0,36,1,73,705,73705,80,2009,JKAEXEC139DA,J,K,A,E,X,E,C,1,3,9,D,A,0,M,KAWK,E6C,RC,9,17,,,,,,,649,,2,,4,441,,,,,,,0,0,000000000,00000000000,0,0,0,1,0,0,0,0,0,0,0,999,0,0,0,81,81,6,2,12,0,0,0,1,36,10965,6,1,0,0,3,3,71,999,0,0,0,0,0,0,0,0,0,0,0,0,0,0,2,4,45,1,2,2,1,3,3,1,66,98,1,1,69,1,0
36,360241,1,1,4,20,5,0,10,24,0,1,0,36,2,12,401,12401,14,1996,1FMDU35P0TZB,1,F,M,D,U,3,5,P,0,T,Z,B,0,P,FORD,EPR,UT,96,17,4189,,0,1115,,G,,F,8,302,,,15R225,,,,,,0,0,000000000,00000000000,0,0,0,1,0,0,0,0,0,0,0,999,0,0,0,12,12,6,2,3,0,0,0,1,36,13904,2,1,0,0,2,2,69,999,0,11,0,4,1,5,2008,12,2010,0,74,0,0,0,3,2,55,4,1,2,2,0,0,14,13,99,1,4,1,3,1
36,360242,1,1,1,25,5,19,9,5,0,1,0,36,1,37,706,37706,80,2007,JH2SC57017M3,J,H,2,S,C,5,7,0,1,7,M,3,0,M,HOND,CBS,RC,7,17,,,,,,,998,,4,,4,388,,,,,,,0,0,000000000,00000000000,0,0,0,1,0,0,0,0,0,0,0,999,0,0,0,0,9,4,1,5,0,0,0,1,36,12491,6,1,0,0,3,0,71,999,0,0,0,0,2,3,2009,5,2010,1,0,0,0,0,1,2,35,3,2,2,1,28,3,14,98,99,2,4,0,1,0
36,360243,1,1,2,22,5,2,41,8,0,1,1,36,1,35,481,35481,31,2008,1N6AA07FX8N3,1,N,6,A,A,0,7,F,X,8,N,3,0,T,NISS,TXP,CW,8,17,,2,0,1595,TTN,G,,,8,342,,,,B,5398,00,4,44,0,0,000000000,00000000000,0,0,0,1,0,0,0,0,0,0,0,999,0,0,0,12,14,2,1,8,0,0,0,1,36,12010,6,1,0,0,3,0,72,999,1,0,0,0,0,3,2009,3,2009,0,92,0,0,0,1,2,45,1,1,2,1,0,0,1,80,99,1,1,13,0,0
36,360244,1,1,1,17,4,16,36,33,0,1,0,36,1,72,706,72706,80,2002,1HD1BWB132Y0,1,H,D,1,B,W,B,1,3,2,Y,0,0,M,HD,FSI,RS,2,17,,,,,,,1450,,2,,4,696,,,,,,,0,0,000000000,00000000000,0,0,0,1,0,0,0,0,0,0,0,999,0,0,0,14,14,6,2,33,0,0,0,1,36,11514,6,1,6,0,3,0,70,999,2,0,0,0,0,7,2009,7,2010,1,0,0,0,0,6,1,55,2,1,1,1,0,0,14,12,99,1,4,6,1,1
36,360245,1,2,1,19,5,16,47,12,8,1,0,50,2,72,706,72706,80,2002,1HD1FBW1X2Y6,1,H,D,1,F,B,W,1,X,2,Y,6,0,M,HD,LRI,RS,2,17,,,,,,,1450,,2,,4,723,,,,,,,0,0,000000000,00000000000,0,0,0,1,0,0,0,0,0,0,0,999,0,0,0,62,12,6,2,12,0,0,0,1,50,5733,6,1,6,0,3,3,69,189,1,0,0,0,2,4,2011,5,2011,0,0,0,0,0,1,2,55,1,2,2,1,0,0,1,10,99,1,2,64,1,0
36,360245,2,2,1,19,5,16,47,12,8,1,0,50,1,82,881,82881,66,1999,1FUPCZYB4XL7,1,F,U,P,C,Z,Y,B,4,X,L,7,1,T,FRHT,FLD,TR,99,17,,8,0,0,CON,D,,,6,774,,,,,00000,00,,64,1,57,303024,57303024,3,6,1,1,0,0,0,0,0,0,0,999,0,0,0,8,8,2,1,12,0,0,0,1,50,5472,6,1,6,1,3,3,67,186,0,0,0,0,0,0,0,0,0,0,0,0,0,0,1,2,55,1,2,2,1,0,0,1,62,99,1,1,65,0,0
36,360246,1,2,1,12,5,14,39,12,6,1,0,36,1,72,706,72706,80,2011,1HD1LC319BC4,1,H,D,1,L,C,3,1,9,B,C,4,0,M,HD,X48,RS,11,17,,,,,,,1200,,2,,4,545,,,,,,,0,0,000000000,00000000000,0,0,0,1,0,0,0,0,0,0,0,999,0,0,0,3,3,6,2,12,0,0,0,1,36,12850,6,1,0,0,3,3,65,999,0,0,0,0,1,4,2009,4,2009,0,0,0,0,0,1,4,40,1,1,2,1,20,3,1,17,99,1,1,87,1,0
36,360246,2,2,1,12,5,14,39,12,6,1,0,36,1,20,481,20481,31,2011,3GCPKSE30BG2,3,G,C,P,K,S,E,3,0,B,G,2,0,T,CHEV,2SK,CW,11,17,,2,0,1435,SIL,F,,,8,323,,,,B,5346,00,,44,0,0,000000000,00000000000,0,0,0,1,0,0,0,0,0,0,0,40,0,0,0,12,12,6,2,12,0,0,0,1,36,12077,6,1,0,0,3,0,76,999,0,0,0,0,0,0,0,0,0,0,0,0,0,0,1,4,40,1,1,2,1,0,0,1,66,99,1,1,86,0,0