STATE,ST_CASE,VEH_NO,VE_FORMS,NUMOCCS,DAY,MONTH,HOUR,MINUTE,HARM_EV,MAN_COLL,UNITTYPE,HIT_RUN,REG_STAT,OWNER,MAKE,MODEL,MAK_MOD,BODY_TYP,MOD_YEAR,VIN,VIN_1,VIN_2,VIN_3,VIN_4,VIN_5,VIN_6,VIN_7,VIN_8,VIN_9,VIN_10,VIN_11,VIN_12,TOW_VEH,VINTYPE,VINMAKE,VINA_MOD,VIN_BT,VINMODYR,VIN_LNGT,VIN_WGT,WGTCD_TR,WHLBS_LG,WHLBS_SH,SER_TR,FUELCODE,MCYCL_DS,CARBUR,CYLINDER,DISPLACE,MCYCL_CY,MCYCL_WT,TIRE_SZE,TON_RAT,TRK_WT,TRKWTVAR,VIN_REST,WHLDRWHL,J_KNIFE,MCARR_I1,MCARR_I2,MCARR_ID,GVWR,V_CONFIG,CARGO_BT,HAZ_INV,HAZ_PLAC,HAZ_ID,HAZ_CNO,HAZ_REL,BUS_USE,SPEC_USE,EMER_USE,TRAV_SP,UNDERIDE,ROLLOVER,ROLINLOC,IMPACT1,IMPACT2,DEFORMED,TOWED,M_HARM,VEH_SC1,VEH_SC2,FIRE_EXP,DR_PRES,L_STATE,DR_ZIP,L_STATUS,L_TYPE,CDL_STAT,L_ENDORS,L_COMPL,L_RESTRI,DR_HGT,DR_WGT,PREV_ACC,PREV_SUS,PREV_DWI,PREV_SPD,PREV_OTH,FIRST_MO,FIRST_YR,LAST_MO,LAST_YR,SPEEDREL,DR_SF1,DR_SF2,DR_SF3,DR_SF4,VTRAFWAY,VNUM_LAN,VSPD_LIM,VALIGN,VPROFILE,VPAVETYP,VSURCOND,VTRAFCON,VTCONT_F,P_CRASH1,P_CRASH2,P_CRASH3,PCRASH4,PCRASH5,ACC_TYPE,DEATHS,DR_DRINK
36,360247,1,1,1,17,5,6,52,10,0,1,0,36,3,82,999,82999,99,1999,4UZA3NT2XXCB,4,U,Z,A,3,N,T,2,X,X,C,B,0,T,FRHT,MWV,SN,99,17,,2,0,0,CHA,D,,,4,239,,,,,00000,00,,42,0,0,000000000,00000000000,0,0,0,1,0,0,0,0,0,0,0,999,0,0,0,98,98,6,2,10,0,0,0,1,36,11354,6,1,0,0,3,3,74,999,0,1,0,0,0,3,2009,3,2009,0,39,48,0,0,3,2,99,1,1,2,2,65,3,10,91,99,1,2,15,1,0
36,360248,1,2,1,13,5,6,38,25,0,1,0,36,1,73,706,73706,80,2007,JKBZXNA1X7A0,J,K,B,Z,X,N,A,1,X,7,A,0,0,M,KAWK,X4A,RC,7,17,,,,,,,1352,,4,,4,386,,,,,,,0,0,000000000,00000000000,0,0,0,1,0,0,0,0,0,0,0,999,0,0,0,62,81,6,2,12,0,0,0,1,36,10603,6,1,0,0,3,0,72,999,0,0,0,0,2,6,2008,10,2008,1,0,0,0,0,3,3,50,2,2,2,1,0,0,14,6,99,3,4,7,1,0
36,360248,2,2,1,13,5,6,38,25,0,1,0,36,2,37,441,37441,20,2000,2HKRL1864YH5,2,H,K,R,L,1,8,6,4,Y,H,5,0,P,HOND,UDY,SV,0,17,4288,,0,1181,,G,,F,6,212,,,16R215,,,,,,0,0,000000000,00000000000,0,0,0,1,0,0,0,0,0,0,0,999,0,0,0,12,62,6,2,12,0,0,0,1,36,10468,6,1,0,0,3,0,65,999,0,0,0,0,0,0,0,0,0,0,0,0,0,0,3,3,50,3,2,2,1,0,0,14,62,99,1,1,98,0,0
36,360249,1,1,2,20,5,21,5,9,0,1,0,36,2,7,442,7442,20,2003,2D4GP44L03R1,2,D,4,G,P,4,4,L,0,3,R,1,0,T,DODG,GSP,ES,3,17,,1,0,1193,CAR,G,,,6,230,,,,,3975,01,E,42,0,0,000000000,00000000000,0,0,0,1,0,0,0,0,0,0,0,40,0,0,0,12,12,2,1,9,0,0,0,1,36,11704,6,1,0,0,3,3,66,999,0,0,0,0,0,0,0,0,0,0,0,0,0,0,1,4,40,1,1,2,1,0,0,1,83,99,1,1,13,0,0
36,360250,1,2,3,22,5,13,25,12,6,1,0,36,2,20,401,20401,14,2003,1GNDT13S2321,1,G,N,D,T,1,3,S,2,3,2,1,0,P,CHEV,TRL,UT,3,17,4600,,0,1130,,G,,F,6,256,,,16R245,,,,,,0,0,000000000,00000000000,0,0,0,1,0,0,0,0,0,0,0,999,0,0,0,3,3,6,2,12,0,0,0,1,36,14487,6,1,0,0,3,0,70,999,3,0,0,0,1,10,2009,6,2010,0,39,0,0,0,1,2,35,1,1,2,1,20,3,1,17,99,1,1,87,1,0
36,360250,2,2,2,22,5,13,25,12,6,1,0,36,1,23,481,23481,31,2002,1GTJK33142F1,1,G,T,J,K,3,3,1,4,2,F,1,1,T,GMC,NK3,CW,2,17,,3,0,1670,SIE,D,,,8,403,,,,D,6391,00,E,44,1,0,000000000,00000000000,0,0,0,1,0,0,0,0,0,0,0,999,0,0,0,12,12,6,2,12,0,0,0,1,36,13147,6,1,0,0,3,0,69,999,0,0,0,0,0,0,0,0,0,0,0,0,0,0,1,2,35,1,1,2,1,0,0,1,66,99,1,1,86,0,0
36,360251,1,3,1,19,5,21,9,12,2,1,0,36,2,2,404,2404,14,2000,1J4FF48S6YL1,1,J,4,F,F,4,8,S,6,Y,L,1,0,T,JEEP,SPT,4W,0,17,,1,0,1014,CHK,G,,,6,244,,,,,3247,00,E,44,0,0,000000000,00000000000,0,0,0,1,0,0,0,0,0,0,0,999,0,0,0,12,12,6,2,12,0,0,0,1,36,11778,2,1,0,0,2,2,67,999,0,7,0,0,0,8,2010,2,2011,0,74,0,0,0,1,4,35,1,2,2,1,3,3,11,15,99,1,1,68,0,0
36,360251,2,3,1,19,5,21,9,12,2,1,0,36,1,37,705,37705,80,1994,JH2RD0606RM1,J,H,2,R,D,0,6,0,6,R,M,1,0,M,HOND,R6L,T,94,17,,,,,,,650,,1,,4,324,,,,,,,0,0,000000000,00000000000,0,0,0,1,0,0,0,0,0,0,0,999,0,0,0,12,12,6,2,12,0,0,0,1,36,11778,6,1,0,0,3,0,74,999,0,0,0,0,0,0,0,0,0,1,39,0,0,0,1,4,35,1,2,2,1,3,3,1,67,99,1,1,69,1,1
36,360251,3,3,1,19,5,21,9,12,2,1,0,36,1,37,32,37032,4,2008,1HGCP26498A0,1,H,G,C,P,2,6,4,9,8,A,0,0,P,HOND,LXP,4D,8,17,3281,,0,1102,,G,,F,4,146,,,16R215,,,,,,0,0,000000000,00000000000,0,0,0,1,0,0,0,0,0,0,0,0,0,0,0,12,12,6,2,12,0,0,0,1,36,11901,6,1,0,0,3,3,68,999,0,0,0,0,0,0,0,0,0,0,0,0,0,0,1,4,35,1,2,2,1,3,3,5,98,99,1,1,98,0,0
36,360252,1,2,1,10,4,16,22,12,6,1,0,36,2,49,40,49040,4,2001,4T1BG22K91U8,4,T,1,B,G,2,2,K,9,1,U,8,0,P,TOYT,CXL,4D,1,17,2998,,0,1051,,G,,F,4,132,,,15R205,,,,,,0,0,000000000,00000000000,0,0,0,1,0,0,0,0,0,0,0,999,0,0,0,81,81,2,1,12,0,0,0,1,36,14618,6,1,0,0,3,3,64,999,0,0,0,0,0,0,0,0,0,0,38,0,0,0,1,2,45,1,1,2,1,0,0,11,15,99,1,1,68,0,0
36,360252,2,2,1,10,4,16,22,12,6,1,0,36,1,72,706,72706,80,2009,1HD4LE24X9K4,1,H,D,4,L,E,2,4,X,9,K,4,0,M,HD,X8N,RS,9,17,,,,,,,883,,2,,4,565,,,,,,,0,0,000000000,00000000000,0,0,0,1,0,0,0,0,0,0,0,999,0,0,0,12,12,6,2,12,0,0,0,1,36,14472,6,1,0,0,3,0,67,999,0,0,0,0,0,0,0,0,0,0,0,0,0,0,1,2,45,1,1,2,1,0,0,1,62,3,2,1,69,1,0
36,360253,1,1,1,12,4,0,0,1,0,1,0,36,1,2,404,2404,14,1995,1J4GZ58SXSC7,1,J,4,G,Z,5,8,S,X,S,C,7,0,T,JEEP,LRO,4W,95,17,,1,0,1059,GCK,G,,,6,242,,,,,3552,00,M,44,0,0,000000000,00000000000,0,0,0,1,0,0,0,0,0,0,0,999,0,1,5,0,13,6,2,1,0,0,0,1,36,14063,6,1,0,0,3,0,66,999,0,0,0,0,1,3,2009,3,2009,1,0,0,0,0,1,2,98,3,1,2,1,0,0,14,98,99,1,4,98,1,1
36,360254,1,2,1,16,5,13,49,12,6,1,0,36,1,76,706,76706,80,2009,JYARN23E39A0,J,Y,A,R,N,2,3,E,3,9,A,0,0,M,YAMA,YFR,RC,9,17,,,,,,,998,,4,,4,454,,,,,,,0,0,000000000,00000000000,0,0,0,1,0,0,0,0,0,0,0,999,0,0,0,12,12,6,2,12,0,0,0,1,36,14895,6,1,0,0,3,3,71,999,0,0,0,1,0,1,2011,1,2011,0,0,0,0,0,1,2,55,1,1,2,1,0,0,6,98,99,1,2,98,1,0
36,360254,2,2,1,16,5,13,49,12,6,1,0,36,3,98,998,98998,93,2003,999999999999,9,9,9,9,9,9,9,9,9,9,9,9,0,,,,,,,,,,,,,,,,,,,,,,,,,0,77,777777777,77777777777,8,98,98,1,0,0,0,0,0,0,0,999,0,0,0,11,11,0,1,12,0,0,0,1,36,14548,6,1,6,1,3,0,71,999,0,2,2,0,0,9,2008,9,2008,0,92,0,0,0,1,2,55,1,1,2,1,0,0,11,15,99,1,1,98,0,0
36,360255,1,2,1,21,5,14,23,12,2,1,0,36,1,76,705,76705,80,2009,JYARJ16E19A0,J,Y,A,R,J,1,6,E,1,9,A,0,0,M,YAMA,R6L,RC,9,17,,,,,,,599,,4,,4,414,,,,,,,0,0,000000000,00000000000,0,0,0,1,0,0,0,0,0,0,0,999,0,0,0,12,12,6,2,12,0,0,0,1,36,12553,6,1,0,0,3,3,68,999,1,0,0,0,0,9,2010,9,2010,1,0,0,0,0,3,2,55,2,6,2,1,0,0,14,6,99,7,2,50,1,0
36,360255,2,2,1,21,5,14,23,12,2,1,0,36,3,55,401,55401,14,2008,5NMSH73E88H1,5,N,M,S,H,7,3,E,8,8,H,1,0,P,HYUN,SAN,UT,8,17,4022,,0,1063,,G,,F,6,204,,,18R235,,,,,,0,0,000000000,00000000000,0,0,0,1,0,0,0,0,0,0,0,999,0,0,0,12,12,6,2,12,0,0,0,1,6,92606,6,1,0,0,3,0,66,999,0,0,0,0,0,0,0,0,0,0,0,0,0,0,3,2,55,3,5,2,1,0,0,14,62,99,1,1,51,0,0
36,360256,1,3,1,16,5,7,22,12,8,1,0,36,1,37,31,37031,4,2001,2HGES25741H5,2,H,G,E,S,2,5,7,4,1,H,5,0,P,HOND,UAX,4D,1,17,2564,,0,1031,,G,,F,4,102,,,15R185,,,,,,0,0,000000000,00000000000,0,0,0,1,0,0,0,0,0,0,0,999,0,0,0,1,98,6,2,12,0,0,0,1,36,12553,1,1,0,0,2,2,59,999,0,3,0,0,0,1,2009,2,2011,0,74,0,0,0,1,2,55,2,1,2,2,0,0,14,10,99,1,2,64,1,0
36,360256,2,3,1,16,5,7,22,12,8,1,0,36,1,20,401,20401,14,2001,1GNCT18W51K2,1,G,N,C,T,1,8,W,5,1,K,2,0,P,CHEV,BZR,UT,1,17,3971,,0,1005,,G,,F,6,262,,,15R235,,,,,,0,0,000000000,00000000000,0,0,0,1,0,0,0,0,0,0,0,999,0,0,0,11,98,6,2,12,0,0,0,1,36,13680,6,1,6,0,3,0,70,999,0,0,0,0,0,0,0,0,0,0,0,0,0,0,1,2,55,3,1,2,2,0,0,14,62,6,1,1,65,0,0
36,360256,3,3,1,16,5,7,22,12,8,1,0,36,1,21,21,21021,4,2004,1G3NL52F54C1,1,G,3,N,L,5,2,F,5,4,C,1,0,P,OLDS,A/G,4D,4,17,2950,,0,1070,,G,,F,4,134,,,15R215,,,,,,0,0,000000000,00000000000,0,0,0,1,0,0,0,0,0,0,0,999,0,0,0,12,12,6,2,12,0,0,0,1,36,13642,6,1,0,0,3,3,64,999,1,0,0,0,0,4,2010,4,2010,0,0,0,0,0,1,2,55,3,1,2,2,0,0,14,62,99,1,1,98,0,0
36,360257,1,2,2,20,5,23,13,12,1,1,0,92,0,99,739,99739,90,9999,999999999999,9,9,9,9,9,9,9,9,9,9,9,9,0,,,,,,,,,,,,,,,,,,,,,,,,,0,0,000000000,00000000000,0,0,0,1,0,0,0,0,0,0,0,999,0,0,0,6,6,2,1,12,0,0,0,1,36,14062,6,1,0,0,3,3,73,999,0,0,0,0,0,0,0,0,0,0,0,0,0,0,1,2,45,1,1,2,1,0,0,2,53,99,1,1,29,0,0
36,360257,2,2,1,20,5,23,13,12,1,1,0,92,0,76,739,76739,90,9999,999999999999,9,9,9,9,9,9,9,9,9,9,9,9,0,,,,,,,,,,,,,,,,,,,,,,,,,0,0,000000000,00000000000,0,0,0,1,0,0,0,0,0,0,0,999,0,1,1,12,12,6,8,12,0,0,0,1,36,14062,6,1,0,0,3,0,73,999,0,0,0,0,0,0,0,0,0,0,26,0,0,0,1,2,45,1,1,2,1,0,0,1,52,99,1,1,28,1,1
36,360258,1,2,1,25,5,17,14,12,6,1,0,36,1,72,706,72706,80,1990,1HD1DJL19LY5,1,H,D,1,D,J,L,1,9,L,Y,5,0,M,HD,FHC,RS,90,17,,,,,,,1340,,2,,4,741,,,,,,,0,0,000000000,00000000000,0,0,0,1,0,0,0,0,0,0,0,999,0,0,0,12,12,6,2,12,0,0,0,1,36,14127,6,1,6,0,3,3,73,999,0,0,0,0,0,0,0,0,0,0,0,0,0,0,1,4,50,1,1,2,1,3,3,1,62,99,1,1,69,1,0
36,360258,2,2,1,25,5,17,14,12,6,1,0,36,2,30,402,30402,14,2009,WVGBV75N59W0,W,V,G,B,V,7,5,N,5,9,W,0,0,P,VOLK,TIG,UT,9,17,3631,,0,1025,,G,,T,4,121,,,17R235,,,,,,0,0,000000000,00000000000,0,0,0,1,0,0,0,0,0,0,0,999,0,0,0,83,83,6,2,12,0,0,0,1,36,14085,6,1,0,0,3,3,64,999,0,0,0,0,0,0,0,0,0,0,38,0,0,0,1,4,50,1,1,2,1,3,3,11,15,99,1,1,68,0,0
36,360259,1,2,4,22,1,23,35,12,2,1,0,36,2,48,38,48038,4,2009,JF1GH60619H8,J,F,1,G,H,6,0,6,1,9,H,8,0,P,SUBA,I2P,SW,9,17,3064,,0,1031,,G,,F,4,150,,,17R205,,,,,,0,0,000000000,00000000000,0,0,0,1,0,0,0,0,0,0,0,50,0,0,0,12,12,6,2,12,0,0,0,1,36,13206,6,1,0,0,3,0,69,999,0,1,0,0,1,6,2008,4,2009,1,0,0,0,0,1,2,30,2,2,2,3,0,0,14,10,99,1,2,50,1,1
36,360259,2,2,2,22,1,23,35,12,2,1,0,36,2,30,40,30040,4,2008,3VWJZ71K38M1,3,V,W,J,Z,7,1,K,3,8,M,1,0,P,VOLK,JES,4D,8,17,3191,,0,1015,,G,,F,5,151,,,16R205,,,,,,0,0,000000000,00000000000,0,0,0,1,0,0,0,0,0,0,0,999,0,0,0,12,12,6,2,12,0,0,0,1,36,14445,6,1,0,0,3,3,70,999,1,0,0,0,1,6,2008,6,2009,0,0,0,0,0,1,2,30,2,2,2,3,0,0,14,62,99,1,1,51,0,0
36,360260,1,1,1,30,5,13,17,59,0,1,0,36,1,72,706,72706,80,1999,1HD1GDV12XY3,1,H,D,1,G,D,V,1,2,X,Y,3,0,M,HD,FDL,RS,99,17,,,,,,,1450,,2,,4,614,,,,,,,0,0,000000000,00000000000,0,0,0,1,0,0,0,0,0,0,0,999,0,0,0,9,9,6,2,24,0,0,0,1,36,12110,6,1,0,0,3,3,70,999,0,0,0,0,0,0,0,0,0,1,0,0,0,0,6,1,65,1,2,2,1,28,3,1,14,99,1,4,14,1,0
36,360261,1,1,2,30,5,19,46,8,0,1,1,36,2,12,481,12481,31,2004,1FTPX14554FA,1,F,T,P,X,1,4,5,5,4,F,A,0,T,FORD,F15,4C,4,17,,2,1450,1260,COF,G,,,8,330,,,,B,5480,00,U,44,0,0,000000000,00000000000,0,0,0,1,0,0,0,0,0,0,0,999,0,0,0,98,98,0,1,8,0,0,0,1,36,12180,0,0,0,0,0,0,999,999,0,5,0,0,0,6,2009,3,2011,0,0,0,0,0,4,1,30,1,1,2,1,0,0,1,80,99,1,1,13,0,0
36,360262,1,2,1,20,5,17,23,12,6,1,0,36,2,20,481,20481,31,2003,1GCHK29103E2,1,G,C,H,K,2,9,1,0,3,E,2,0,T,CHEV,2KH,4C,3,17,,2,1575,1435,SIL,D,,,8,403,,,,C,5630,01,,44,0,0,000000000,00000000000,0,0,0,1,0,0,0,0,0,0,0,86,0,0,0,12,12,6,2,12,0,0,0,1,36,14411,6,1,0,0,3,0,68,999,0,0,0,0,0,0,0,0,0,1,28,0,0,0,1,2,55,1,3,2,1,0,0,1,71,99,1,1,83,0,0
36,360262,2,2,1,20,5,17,23,12,6,1,0,36,2,2,404,2404,14,1995,1J4FT68S5SL5,1,J,4,F,T,6,8,S,5,S,L,5,0,T,JEEP,SPT,4W,95,17,,1,0,1014,CHK,G,,,6,242,,,,,2828,00,M,42,0,0,000000000,00000000000,0,0,0,1,0,0,0,0,0,0,0,999,0,0,0,61,61,6,2,12,0,0,0,1,36,14411,6,1,0,0,3,0,68,999,0,0,0,0,0,0,0,0,0,0,0,0,0,0,1,2,55,1,3,2,1,0,0,11,15,99,1,1,82,1,0
36,360263,1,2,1,11,5,3,49,12,6,1,0,34,1,82,883,82883,66,2006,1FUJA6CK36LV,1,F,U,J,A,6,C,K,3,6,L,V,1,T,FRHT,COL,TR,6,17,,8,0,0,CON,D,,,6,855,,,,,00000,00,,64,1,57,1846579,571846579,3,6,1,1,0,0,0,0,0,0,0,999,0,0,0,12,12,6,2,12,0,0,0,1,34,7307,6,1,6,1,3,0,65,999,1,0,0,0,1,6,2010,8,2010,0,84,0,0,0,3,3,55,1,1,2,1,0,0,1,50,99,1,1,48,0,0
36,360263,2,2,1,11,5,3,49,12,6,1,0,36,1,30,46,30046,4,1997,WVWEE83A5VB0,W,V,W,E,E,8,3,A,5,V,B,0,0,P,VOLK,PGX,4D,97,17,2989,,0,1033,,G,,F,6,170,,,15R215,,,,,,0,0,000000000,00000000000,0,0,0,1,0,0,0,0,0,0,0,0,0,0,0,9,9,6,2,12,0,0,0,1,36,10573,6,1,0,0,3,3,67,999,0,0,0,0,0,0,0,0,0,0,84,0,0,0,3,3,55,1,1,2,1,0,0,7,53,1,1,1,48,1,1
36,360264,1,2,1,4,6,4,25,8,0,1,0,36,1,7,482,7482,31,2003,1D7HU18D33S3,1,D,7,H,U,1,8,D,3,3,S,3,0,T,DODG,SQ1,CW,3,17,,2,1605,1405,RPC,G,,,8,345,,,,B,5005,02,E,44,0,0,000000000,00000000000,0,0,0,1,0,0,0,0,0,0,0,999,0,0,0,12,12,2,3,8,0,0,0,1,36,11798,6,1,0,0,3,0,71,999,1,1,0,1,0,1,2010,4,2011,0,0,0,0,0,2,3,40,1,1,2,1,0,0,1,80,99,1,1,13,0,0
36,360264,2,2,1,4,6,4,25,8,0,1,0,36,1,24,401,24401,14,2003,5GZCZ43DX3S8,5,G,Z,C,Z,4,3,D,X,3,S,8,0,P,STRN,VUE,UT,3,17,3340,,0,1066,,G,,F,4,138,,,16R235,,,,,,0,0,000000000,00000000000,0,0,0,1,0,0,0,0,0,0,0,999,0,0,0,14,14,0,1,8,0,0,0,1,36,11758,6,1,0,0,3,0,61,999,0,0,0,0,0,0,0,0,0,0,0,0,0,0,2,3,40,1,1,2,1,0,0,15,80,99,1,1,98,0,0
36,360265,1,1,1,18,3,18,25,42,0,1,0,36,1,20,4,20004,2,2005,1G1YY24U5551,1,G,1,Y,Y,2,4,U,5,5,5,1,0,P,CHEV,CVT,CP,5,17,3179,,0,1057,,G,,F,8,366,,,18R245,,,,,,0,0,000000000,00000000000,0,0,0,1,0,0,0,0,0,0,0,999,0,0,0,12,12,6,2,42,0,0,0,1,36,11763,6,1,0,0,3,0,68,999,1,0,0,0,0,11,2008,11,2008,1,0,0,0,0,4,2,50,4,1,2,1,0,0,14,13,99,1,4,1,1,0
36,360266,1,1,1,4,3,21,18,8,0,1,0,36,2,55,35,55035,4,2010,KMHDU4AD2AU1,K,M,H,D,U,4,A,D,2,A,U,1,0,P,HYUN,BGS,4D,10,17,2723,,0,1043,,G,,F,4,121,,,15R195,,,,,,0,0,000000000,00000000000,0,0,0,1,0,0,0,0,0,0,0,999,0,0,0,12,12,2,3,8,0,0,0,1,36,11779,6,1,0,0,3,3,62,999,0,0,0,0,0,0,0,0,0,0,0,0,0,0,2,4,30,1,1,2,1,0,0,1,80,99,1,1,13,0,0
36,360267,1,1,3,18,3,7,12,8,0,1,0,36,3,98,809,98809,63,2004,2FZHAZCV94AM,2,F,Z,H,A,Z,C,V,9,4,A,M,0,T,STRG,LT9,CC,4,17,,8,0,0,STE,D,,,6,782,,,,,00000,00,,64,0,99,999999999,99999999999,3,2,7,1,0,0,0,0,0,0,0,998,0,0,0,12,12,2,1,8,0,0,0,1,36,11206,6,1,6,1,3,3,62,999,0,1,0,0,0,11,2010,11,2010,0,0,0,0,0,1,2,98,1,1,2,1,3,3,1,80,99,1,1,13,0,0
36,360268,1,2,1,7,3,12,30,12,2,1,0,36,1,7,881,7881,61,1998,3B6MC3656WM2,3,B,6,M,C,3,6,5,6,W,M,2,0,T,DODG,350,CB,98,17,,3,1627,1387,RPC,G,,,8,360,,,,D,5100,00,U,42,0,99,999999999,99999999999,2,1,3,1,0,0,0,0,0,0,0,999,0,0,0,12,12,6,2,12,0,0,0,1,36,11726,6,1,0,0,3,3,72,999,0,0,0,0,0,0,0,0,0,0,0,0,0,0,5,4,35,1,1,2,1,3,3,1,62,99,1,1,51,0,0
36,360268,2,2,2,7,3,12,30,12,2,1,0,36,3,12,461,12461,21,2010,1FTNS2EW5ADA,1,F,T,N,S,2,E,W,5,A,D,A,0,T,FORD,25V,EC,10,17,,2,0,1380,VAN,G,,,8,281,,,,B,5225,00,E,42,0,57,36823,5736823,2,20,22,1,0,0,0,0,8,0,0,999,0,0,0,12,12,6,2,12,0,0,0,1,36,11702,6,1,6,0,3,0,72,999,0,0,0,0,0,0,0,0,0,0,0,0,0,0,5,4,35,1,1,2,1,3,3,1,10,99,1,1,50,2,0
36,360269,1,2,2,9,3,11,18,12,8,1,0,36,1,37,31,37031,4,2000,2HGEJ6610YH5,2,H,G,E,J,6,6,1,0,Y,H,5,0,P,HOND,UCE,4D,0,17,2388,,0,1032,,G,,F,4,097,,,14R185,,,,,,0,0,000000000,00000000000,0,0,0,1,0,0,0,0,0,0,0,999,0,0,0,3,3,6,2,12,0,0,0,1,36,12550,6,1,0,0,3,3,68,999,0,0,0,0,0,0,0,0,0,0,0,0,0,0,1,2,55,1,2,2,1,0,0,1,62,6,1,2,65,1,0
36,360269,2,2,1,9,3,11,18,12,8,1,0,36,1,7,25,7025,5,2007,1B3HE78K27D1,1,B,3,H,E,7,8,K,2,7,D,1,0,P,DODG,LRT,4D,7,17,3232,,0,1037,,G,,F,4,146,,,18R215,,,,,,0,0,000000000,00000000000,0,0,0,1,0,0,0,0,0,0,0,999,0,0,0,1,1,6,2,12,0,0,0,1,36,12589,6,1,0,0,3,3,71,999,0,0,0,0,3,5,2009,12,2009,0,0,0,0,0,1,2,55,1,2,2,1,0,0,1,10,99,1,2,64,0,0
36,360270,1,1,1,4,6,23,28,1,0,1,0,36,1,72,706,72706,80,1997,1HD1CAP18VY2,1,H,D,1,C,A,P,1,8,V,Y,2,0,M,HD,L12,RS,97,17,,,,,,,1200,,2,,4,490,,,,,,,0,0,000000000,00000000000,0,0,0,1,0,0,0,0,0,0,0,999,0,0,0,0,81,6,2,42,0,0,0,1,36,14701,6,7,0,0,2,2,66,999,0,0,0,0,0,0,0,0,0,0,74,52,0,0,1,2,55,2,1,2,1,0,0,14,17,99,1,1,98,1,1
36,360271,1,2,2,27,5,21,45,12,6,1,0,12,1,37,31,37031,4,2011,999999999999,9,9,9,9,9,9,9,9,9,9,9,9,0,,,,,,,,,,,,,,,,,,,,,,,,,0,0,000000000,00000000000,0,0,0,1,0,0,0,0,0,0,0,999,0,0,0,9,9,2,1,12,0,0,0,1,12,32082,6,1,0,0,3,3,68,999,0,0,0,0,0,0,0,0,0,0,34,0,0,0,1,2,55,1,1,2,1,3,3,6,52,7,1,3,98,0,0
36,360271,2,2,1,27,5,21,45,12,6,1,0,36,1,73,706,73706,80,1996,JKBVNCA10TA0,J,K,B,V,N,C,A,1,0,T,A,0,0,M,KAWK,VN8,RS,96,17,,,,,,,800,,2,,4,485,,,,,,,0,0,000000000,00000000000,0,0,0,1,0,0,0,0,0,0,0,999,0,0,0,12,81,6,2,12,0,0,0,1,36,12436,6,1,6,0,3,0,68,999,0,0,0,0,0,0,0,0,0,0,0,0,0,0,1,2,55,1,1,2,1,3,3,11,51,99,1,2,98,1,0
36,360272,1,1,1,8,6,12,22,30,0,1,0,36,1,48,34,48034,6,2004,4S3BH6754476,4,S,3,B,H,6,7,5,4,4,7,6,0,P,SUBA,UWP,SW,4,17,3430,,0,1043,,G,,F,4,153,,,16R225,,,,,,0,0,000000000,00000000000,0,0,0,1,0,0,0,0,0,0,0,999,0,0,0,12,12,6,2,30,0,0,0,1,36,14548,6,1,0,0,3,3,60,999,0,0,0,0,0,0,0,0,0,0,0,0,0,0,1,2,55,1,1,2,1,0,0,1,12,99,1,4,6,1,0
36,360273,1,1,1,10,3,5,52,8,0,1,0,36,2,20,421,20421,15,1993,1GNEK18K7PJ3,1,G,N,E,K,1,8,K,7,P,J,3,0,P,CHEV,K15,UT,93,17,4676,,0,1115,,G,,F,8,350,,,000000,,,,,,0,0,000000000,00000000000,0,0,0,1,0,0,0,0,0,0,0,999,0,0,0,12,12,2,3,8,0,0,0,1,36,11548,6,1,0,0,3,3,68,999,0,0,0,0,0,0,0,0,0,1,0,0,0,0,4,3,40,1,1,2,2,0,0,1,80,99,1,1,13,0,0
36,360274,1,3,2,22,3,19,44,12,1,1,0,36,2,41,441,41441,20,2004,JM3LW28J0405,J,M,3,L,W,2,8,J,0,4,0,5,0,P,MAZD,MWG,SV,4,17,3794,,0,1118,,G,,F,6,181,,,16R215,,,,,,0,0,000000000,00000000000,0,0,0,1,0,0,0,0,0,0,0,999,0,0,0,12,12,6,2,12,0,0,0,1,36,13206,6,1,0,0,3,3,68,999,0,0,0,0,0,0,0,0,0,0,26,0,0,0,3,2,55,1,1,2,1,3,3,1,51,99,1,1,24,1,0
36,360274,2,3,1,22,3,19,44,12,1,1,0,36,3,82,881,82881,62,2007,1FVACWCS67HX,1,F,V,A,C,W,C,S,6,7,H,X,0,T,FRHT,16M,CC,7,17,,6,0,0,FM2,D,,,6,391,,,,,00000,00,,42,0,99,999999999,99999999999,2,1,1,1,0,0,0,0,0,0,0,999,0,0,0,6,6,2,1,12,0,0,0,1,36,13601,6,1,6,0,3,0,70,999,1,0,0,1,0,4,2009,5,2009,0,0,0,0,0,3,2,55,1,1,2,1,3,3,3,53,99,1,1,27,0,0
36,360274,3,3,1,22,3,19,44,12,1,1,0,36,2,20,481,20481,31,2002,2GCEK19T1213,2,G,C,E,K,1,9,T,1,2,1,3,0,T,CHEV,SK1,4C,2,17,,2,1575,1435,SIL,G,,,8,325,,,,B,4910,02,,44,0,0,000000000,00000000000,0,0,0,1,0,0,0,0,0,0,0,0,0,0,0,62,62,2,1,12,0,0,0,1,36,13206,6,1,0,0,3,0,66,999,0,2,1,1,0,6,2009,1,2010,0,0,0,0,0,3,2,55,1,1,2,1,3,3,5,66,99,1,1,98,0,0