STATE,ST_CASE,VEH_NO,VE_FORMS,NUMOCCS,DAY,MONTH,HOUR,MINUTE,HARM_EV,MAN_COLL,UNITTYPE,HIT_RUN,REG_STAT,OWNER,MAKE,MODEL,MAK_MOD,BODY_TYP,MOD_YEAR,VIN,VIN_1,VIN_2,VIN_3,VIN_4,VIN_5,VIN_6,VIN_7,VIN_8,VIN_9,VIN_10,VIN_11,VIN_12,TOW_VEH,VINTYPE,VINMAKE,VINA_MOD,VIN_BT,VINMODYR,VIN_LNGT,VIN_WGT,WGTCD_TR,WHLBS_LG,WHLBS_SH,SER_TR,FUELCODE,MCYCL_DS,CARBUR,CYLINDER,DISPLACE,MCYCL_CY,MCYCL_WT,TIRE_SZE,TON_RAT,TRK_WT,TRKWTVAR,VIN_REST,WHLDRWHL,J_KNIFE,MCARR_I1,MCARR_I2,MCARR_ID,GVWR,V_CONFIG,CARGO_BT,HAZ_INV,HAZ_PLAC,HAZ_ID,HAZ_CNO,HAZ_REL,BUS_USE,SPEC_USE,EMER_USE,TRAV_SP,UNDERIDE,ROLLOVER,ROLINLOC,IMPACT1,IMPACT2,DEFORMED,TOWED,M_HARM,VEH_SC1,VEH_SC2,FIRE_EXP,DR_PRES,L_STATE,DR_ZIP,L_STATUS,L_TYPE,CDL_STAT,L_ENDORS,L_COMPL,L_RESTRI,DR_HGT,DR_WGT,PREV_ACC,PREV_SUS,PREV_DWI,PREV_SPD,PREV_OTH,FIRST_MO,FIRST_YR,LAST_MO,LAST_YR,SPEEDREL,DR_SF1,DR_SF2,DR_SF3,DR_SF4,VTRAFWAY,VNUM_LAN,VSPD_LIM,VALIGN,VPROFILE,VPAVETYP,VSURCOND,VTRAFCON,VTCONT_F,P_CRASH1,P_CRASH2,P_CRASH3,PCRASH4,PCRASH5,ACC_TYPE,DEATHS,DR_DRINK
36,360275,1,1,5,6,5,1,6,43,0,1,0,36,2,20,22,20022,4,2009,1G1AS18H3972,1,G,1,A,S,1,8,H,3,9,7,2,0,P,CHEV,BLS,CP,9,17,2991,,0,1033,,G,,F,4,134,,,15R195,,,,,,0,0,000000000,00000000000,0,0,0,1,0,0,0,0,0,0,0,60,0,0,0,12,12,6,2,42,0,0,0,1,36,13208,6,1,0,0,3,0,68,999,0,0,0,0,0,0,0,0,0,1,0,0,0,0,1,2,30,3,2,2,1,0,0,14,13,99,2,4,2,1,1
36,360276,1,1,1,9,5,16,29,59,0,1,0,36,1,12,401,12401,14,1997,1FMDU34E8VUB,1,F,M,D,U,3,4,E,8,V,U,B,0,P,FORD,EPR,UT,97,17,4166,,0,1115,,G,,F,6,245,,,15R225,,,,,,0,0,000000000,00000000000,0,0,0,1,0,0,0,0,0,0,0,999,0,1,6,12,12,6,2,8,0,0,0,1,36,14609,6,1,0,0,3,0,72,999,0,1,1,0,0,7,2009,8,2009,0,0,0,0,0,1,2,30,1,1,2,1,0,0,1,12,99,1,4,6,0,0
36,360277,1,2,3,29,5,11,19,12,2,1,0,36,1,7,41,7041,4,2004,2B3HD46R24H6,2,B,3,H,D,4,6,R,2,4,H,6,0,P,DODG,ISE,4D,4,17,3329,,0,1130,,G,,F,6,167,,,16R225,,,,,,0,0,000000000,00000000000,0,0,0,1,0,0,0,0,0,0,0,999,0,0,0,12,12,6,2,12,0,0,0,1,36,13108,6,1,0,0,3,0,62,999,0,9,0,1,1,6,2008,5,2011,0,38,0,0,0,1,2,55,1,1,2,1,20,3,11,15,99,1,2,84,0,0
36,360277,2,2,1,29,5,11,19,12,2,1,0,95,2,20,37,20037,4,1997,999999999999,9,9,9,9,9,9,9,9,9,9,9,9,0,,,,,,,,,,,,,,,,,,,,,,,,,0,0,000000000,00000000000,0,0,0,1,0,0,0,0,0,0,0,999,0,0,0,12,12,6,2,12,0,0,0,1,95,0,9,9,99,9,9,9,999,999,99,99,99,99,99,99,9999,99,9999,0,0,0,0,0,1,2,55,1,1,2,1,20,3,1,66,99,1,1,84,1,0
36,360278,1,1,1,2,6,21,25,9,0,1,0,36,2,20,404,20404,14,2006,2CNDL73F7661,2,C,N,D,L,7,3,F,7,6,6,1,0,P,CHEV,EQU,UT,6,17,3777,,0,1125,,G,,F,6,207,,,16R235,,,,,,0,0,000000000,00000000000,0,0,0,1,0,0,0,0,0,0,0,5,0,0,0,3,3,9,1,9,0,0,0,1,36,14733,6,1,6,0,3,3,67,999,0,0,0,1,0,5,2010,5,2010,0,38,0,0,0,1,3,30,1,2,2,1,3,3,11,83,99,1,1,13,0,0
36,360279,1,1,3,13,2,5,12,48,0,1,0,36,2,24,7,24007,4,2006,1G8AJ55F16Z1,1,G,8,A,J,5,5,F,1,6,Z,1,0,P,STRN,SI2,4D,6,17,2802,,0,1035,,G,,F,4,134,,,15R195,,,,,,0,0,000000000,00000000000,0,0,0,1,0,0,0,0,0,0,0,999,0,0,0,12,12,6,2,2,0,0,1,1,36,11003,6,1,0,0,3,0,71,999,1,0,0,1,0,7,2008,8,2008,9,0,0,0,0,3,3,55,3,1,2,1,0,0,14,13,99,1,4,1,3,1
36,360280,1,1,3,12,5,17,59,8,0,1,0,36,2,54,421,54421,15,2005,2HNYD18285H5,2,H,N,Y,D,1,8,2,8,5,H,5,0,P,ACUR,MDX,UT,5,17,4471,,0,1063,,G,,F,6,212,,,17R235,,,,,,0,0,000000000,00000000000,0,0,0,1,0,0,0,0,0,0,0,999,0,0,0,12,12,2,1,8,0,0,0,1,36,11803,6,1,0,0,3,0,64,999,0,0,0,0,0,0,0,0,0,0,38,0,0,0,2,4,40,1,1,2,1,3,3,11,80,99,1,1,13,0,0
36,360281,1,1,2,26,5,13,41,1,0,1,0,26,1,72,706,72706,80,2005,1HD1FBW175Y6,1,H,D,1,F,B,W,1,7,5,Y,6,0,M,HD,LRI,RS,5,17,,,,,,,1450,,2,,4,723,,,,,,,0,0,000000000,00000000000,0,0,0,1,0,0,0,0,0,0,0,999,0,0,0,0,14,6,2,1,0,0,0,1,26,48044,6,1,0,0,3,0,70,185,0,0,0,0,0,0,0,0,0,0,83,0,0,0,1,2,55,1,1,2,1,28,3,17,87,6,1,2,98,1,0
36,360282,1,1,1,15,4,22,45,9,0,1,0,36,1,38,405,38405,14,2002,4S2DF58XX246,4,S,2,D,F,5,8,X,X,2,4,6,0,P,ISU,AXM,UT,2,17,4059,,0,1064,,G,,F,6,213,,,17R235,,,,,,0,0,000000000,00000000000,0,0,0,1,0,0,0,0,0,0,0,999,0,0,0,12,12,6,2,9,0,0,0,1,36,11203,6,1,0,0,3,0,66,999,0,0,0,0,0,0,0,0,0,0,92,0,0,0,2,1,30,1,1,2,1,3,3,1,17,99,1,1,13,0,0
36,360283,1,1,2,10,6,13,30,35,0,1,0,36,2,12,481,12481,31,1997,1FTHF36F5VEA,1,F,T,H,F,3,6,F,5,V,E,A,0,T,FORD,F35,PK,97,17,,2,0,1330,COF,D,,,8,444,,,,D,4970,03,A,44,0,0,000000000,00000000000,0,0,0,1,0,0,0,0,0,0,0,999,0,0,0,12,12,6,2,35,0,0,0,1,36,13756,3,1,0,0,2,2,75,999,0,0,0,0,0,0,0,0,0,0,74,39,0,0,1,2,55,1,6,2,1,20,3,1,14,99,1,4,14,2,0
36,360284,1,2,1,13,6,21,10,12,6,1,0,36,1,52,46,52046,4,2004,JA3AJ36E34U0,J,A,3,A,J,3,6,E,3,4,U,0,0,P,MITS,LLS,4D,4,17,2795,,0,1024,,G,,F,4,122,,,15R195,,,,,,0,0,000000000,00000000000,0,0,0,1,0,0,0,0,0,0,0,999,0,0,0,3,12,6,2,12,0,0,0,1,36,12202,6,8,0,0,3,3,67,999,0,1,0,0,0,8,2010,8,2010,0,92,0,0,0,1,2,40,1,1,2,1,28,3,11,15,99,1,1,68,0,0
36,360284,2,2,1,13,6,21,10,12,6,1,0,36,1,53,706,53706,80,2005,JS1VS55A6521,J,S,1,V,S,5,5,A,6,5,2,1,0,M,SUZI,C50,RS,5,17,,,,,,,805,,2,,4,542,,,,,,,0,0,000000000,00000000000,0,0,0,1,0,0,0,0,0,0,0,30,0,0,0,12,12,6,2,12,0,0,0,1,36,12054,6,1,0,0,3,3,69,999,0,0,0,0,0,0,0,0,0,0,0,0,0,0,1,2,40,1,1,2,1,28,3,1,67,99,1,1,69,1,0
36,360285,1,2,1,15,4,15,58,30,0,1,0,36,3,23,472,23472,30,2010,1GTJTCDE3A81,1,G,T,J,T,C,D,E,3,A,8,1,0,T,GMC,NLE,4C,10,17,,1,0,1260,CAN,G,,,5,226,,,,B,4070,00,3,44,0,0,000000000,00000000000,0,0,0,1,0,0,0,0,0,0,0,999,0,0,0,12,18,6,2,30,0,0,0,1,36,14559,6,1,0,0,3,3,68,999,0,0,0,0,0,0,0,0,0,0,0,0,0,0,1,2,40,1,2,2,1,0,0,1,12,1,1,4,6,1,0
36,360285,2,2,1,15,4,15,58,30,0,1,0,36,1,37,32,37032,4,2011,1HGCP2E77BA0,1,H,G,C,P,2,E,7,7,B,A,0,0,P,HOND,UEX,4D,11,17,3312,,0,1102,,G,,F,4,146,,,17R225,,,,,,0,0,000000000,00000000000,0,0,0,1,0,0,0,0,0,0,0,999,0,0,0,3,3,2,1,54,0,0,0,1,36,14586,6,1,0,0,3,0,71,999,0,0,0,0,0,0,0,0,0,0,0,0,0,0,1,2,40,1,2,2,1,0,0,1,98,99,1,1,98,0,0
36,360286,1,1,5,11,5,19,49,30,0,1,0,36,2,49,40,49040,4,1992,JT2SK12E5N00,J,T,2,S,K,1,2,E,5,N,0,0,0,P,TOYT,CLE,4D,92,17,3053,,0,1031,,G,,F,4,132,,,000000,,,,,,0,0,000000000,00000000000,0,0,0,1,0,0,0,0,0,0,0,999,0,1,5,12,12,6,2,2,0,0,1,1,36,14414,6,1,0,0,3,0,63,999,0,0,0,0,0,0,0,0,0,1,0,0,0,0,1,2,55,1,1,2,1,0,0,1,13,99,1,4,1,1,0
36,360287,1,2,1,1,4,12,20,12,6,1,0,34,2,12,421,12421,15,1990,1FMEU15N2LLB,1,F,M,E,U,1,5,N,2,L,L,B,0,P,FORD,BRO,UT,90,17,4348,,0,1050,,G,,F,8,302,,,15R235,,,,,,0,0,000000000,00000000000,0,0,0,1,0,0,0,0,0,0,0,999,0,0,0,12,12,6,2,12,0,0,0,1,34,7726,6,1,6,0,3,0,71,999,0,0,0,0,0,0,0,0,0,0,0,0,0,0,3,4,30,1,1,2,2,3,3,1,62,99,1,1,69,0,0
36,360287,2,2,3,1,4,12,20,12,6,1,0,36,1,2,431,2431,15,1993,1J4GZ88Y4PC5,1,J,4,G,Z,8,8,Y,4,P,C,5,0,T,JEEP,GRW,4W,93,17,,1,0,1059,WAG,G,,,8,318,,,,,3901,01,B,44,0,0,000000000,00000000000,0,0,0,1,0,0,0,0,0,0,0,999,0,0,0,81,81,6,2,12,0,0,0,1,36,11697,6,1,0,0,3,0,73,999,0,0,0,0,0,0,0,0,0,0,39,0,0,0,3,4,30,1,1,2,2,3,3,11,15,99,1,1,68,1,0
36,360288,1,1,4,24,4,15,7,9,0,1,0,36,2,35,47,35047,4,2002,1N4AL11DX2C2,1,N,4,A,L,1,1,D,X,2,C,2,0,P,NISS,ABS,4D,2,17,2873,,0,1102,,G,,F,4,153,,,16R205,,,,,,0,0,000000000,00000000000,0,0,0,1,0,0,0,0,0,0,0,999,0,0,0,81,81,2,1,9,0,0,0,1,36,10002,6,1,0,0,3,3,71,999,0,0,0,1,0,5,2009,5,2009,0,0,0,0,0,1,2,30,1,1,2,1,3,3,1,80,99,1,1,13,0,0
36,360289,1,2,1,30,5,20,25,12,2,1,0,36,1,37,32,37032,4,2000,1HGCG6552YA0,1,H,G,C,G,6,5,5,2,Y,A,0,0,P,HOND,ULX,4D,0,17,2987,,0,1069,,G,,F,4,138,,,15R195,,,,,,0,0,000000000,00000000000,0,0,0,1,0,0,0,0,0,0,0,999,0,0,0,12,12,6,2,12,0,0,0,1,36,12550,6,1,0,0,3,0,62,999,1,0,0,0,1,4,2009,7,2009,0,38,0,0,0,2,2,35,1,1,2,1,0,0,11,15,99,1,1,68,0,0
36,360289,2,2,2,30,5,20,25,12,2,1,0,36,1,37,706,37706,80,2002,1HFSC49042A0,1,H,F,S,C,4,9,0,4,2,A,0,0,M,HOND,XTR,RS,2,17,,,,,,,1795,,2,,4,999,,,,,,,0,0,000000000,00000000000,0,0,0,1,0,0,0,0,0,0,0,999,0,0,0,12,12,6,2,12,0,0,0,1,36,12524,6,1,0,0,3,0,70,999,0,0,0,0,2,6,2008,8,2008,0,0,0,0,0,2,2,35,1,1,2,1,0,0,1,62,99,1,1,69,1,0
36,360290,1,1,2,12,5,18,24,33,0,1,0,36,2,35,402,35402,14,2004,5N1ED28Y84C6,5,N,1,E,D,2,8,Y,8,4,C,6,0,P,NISS,XTR,UT,4,17,3924,,0,1043,,G,,F,6,201,,,16R265,,,,,,0,0,000000000,00000000000,0,0,0,1,0,0,0,0,0,0,0,999,0,0,0,14,12,6,2,9,0,0,0,1,36,11040,6,7,0,0,3,0,62,999,0,0,0,0,0,0,0,0,0,0,52,0,0,0,1,2,30,1,1,2,1,0,0,10,12,99,1,4,6,0,0
36,360291,1,2,2,24,2,17,45,12,6,1,0,36,2,12,16,12016,4,2003,2FAFP73W53X1,2,F,A,F,P,7,3,W,5,3,X,1,0,P,FORD,CVI,4D,3,17,3946,,0,1147,,G,,F,8,281,,,16R225,,,,,,0,0,000000000,00000000000,0,0,0,1,0,0,0,0,0,0,0,999,0,0,0,3,3,6,2,12,0,0,0,1,36,14043,6,1,0,0,3,0,66,999,0,5,0,0,1,10,2008,10,2010,0,92,0,0,0,1,4,99,4,1,2,2,0,0,14,10,99,1,2,64,1,0
36,360291,2,2,1,24,2,17,45,12,6,1,0,36,1,7,880,7880,67,2006,3D7MX48C96G1,3,D,7,M,X,4,8,C,9,6,G,1,0,T,DODG,SQ3,CW,6,17,,3,0,1600,RPC,D,,,6,359,,,,D,7287,01,E,44,0,57,1384658,571384658,2,1,97,1,0,0,0,0,0,0,0,999,0,0,0,12,12,6,2,12,0,0,0,1,36,14120,6,1,6,1,3,0,69,999,0,0,0,0,0,0,0,0,0,0,0,0,0,0,1,4,99,4,1,2,2,0,0,14,62,99,1,1,65,0,0
36,360292,1,1,1,16,3,10,12,8,0,1,1,99,9,99,999,99999,99,9999,999999999999,9,9,9,9,9,9,9,9,9,9,9,9,0,,,,,,,,,,,,,,,,,,,,,,,,,0,0,000000000,00000000000,0,0,0,1,0,0,0,0,0,0,0,999,0,0,0,99,99,9,1,8,0,0,0,1,99,99999,9,9,99,9,9,9,999,999,99,99,99,99,99,99,9999,99,9999,9,0,0,0,0,6,1,99,1,2,9,2,0,0,99,80,99,9,9,13,0,0
36,360293,1,3,0,25,3,2,40,12,1,1,0,36,6,84,881,84881,62,2009,1HTMMAAM89H0,1,H,T,M,M,A,A,M,8,9,H,0,0,T,INTL,430,CC,9,17,,6,0,0,40S,D,,,6,466,,,,,00000,00,,42,0,77,777777777,77777777777,2,1,96,1,0,0,0,0,0,0,0,0,0,0,0,6,6,2,1,54,0,0,0,0,0,99997,7,6,97,7,6,7,998,997,998,998,998,998,998,98,9998,98,9998,8,0,0,0,0,3,3,99,1,1,2,1,0,0,0,53,0,0,0,98,0,0
36,360293,2,3,1,25,3,2,40,12,1,1,0,36,2,12,401,12401,14,2003,1FMZU74W63UA,1,F,M,Z,U,7,4,W,6,3,U,A,0,P,FORD,EPR,UT,3,17,4094,,0,1137,,G,,F,8,281,,,17R245,,,,,,0,0,000000000,00000000000,0,0,0,1,0,0,0,0,0,0,0,0,0,0,0,6,6,2,1,12,0,0,0,1,36,10923,6,1,0,0,3,3,66,999,0,0,0,0,0,0,0,0,0,0,0,0,0,0,3,3,99,1,1,2,1,0,0,5,53,1,1,1,21,0,0
36,360293,3,3,1,25,3,2,40,12,1,1,0,36,1,12,461,12461,21,2000,1FBSS31L8YHA,1,F,B,S,S,3,1,L,8,Y,H,A,0,T,FORD,WSD,ES,0,17,,2,0,1380,ECO,G,,,8,330,,,,D,6186,00,E,42,0,0,000000000,00000000000,0,0,0,1,0,0,0,0,0,0,0,999,0,0,0,12,12,6,2,8,0,0,0,1,36,10523,6,1,6,0,3,0,66,999,0,0,0,0,1,12,2010,12,2010,1,0,0,0,0,3,3,99,1,1,2,1,0,0,1,50,99,1,1,20,0,0
36,360294,1,1,1,1,6,13,40,39,0,1,0,42,1,20,39,20039,4,2006,999999999999,9,9,9,9,9,9,9,9,9,9,9,9,0,,,,,,,,,,,,,,,,,,,,,,,,,0,0,000000000,00000000000,0,0,0,1,0,0,0,0,0,0,0,999,0,1,5,81,12,6,2,42,0,0,0,1,36,10940,0,0,0,0,0,0,999,999,0,0,0,0,0,0,0,0,0,1,0,0,0,0,1,2,45,3,2,2,1,0,0,14,13,99,1,4,1,1,1
36,360295,1,2,1,4,4,15,15,12,2,1,0,36,1,22,8,22008,2,2006,6G2VX12U16L5,6,G,2,V,X,1,2,U,1,6,L,5,0,P,PONT,GTO,CP,6,17,3725,,0,1098,,G,,F,8,366,,,17R245,,,,,,0,0,000000000,00000000000,0,0,0,1,0,0,0,0,0,0,0,999,0,0,0,12,12,6,2,12,0,0,0,1,36,11801,6,1,6,0,3,0,67,999,0,0,0,0,2,3,2009,1,2010,0,38,0,0,0,1,4,99,1,1,2,1,3,3,11,15,99,1,1,82,0,0
36,360295,2,2,2,4,4,15,15,12,2,1,0,36,1,54,35,54035,4,2003,19UUA56683A0,1,9,U,U,A,5,6,6,8,3,A,0,0,P,ACUR,32T,4D,3,17,3492,,0,1081,,G,,F,6,197,,,16R205,,,,,,0,0,000000000,00000000000,0,0,0,1,0,0,0,0,0,0,0,999,0,0,0,12,12,6,2,12,0,0,0,1,36,11716,6,1,0,0,3,0,69,999,0,0,0,0,0,0,0,0,0,0,0,0,0,0,1,4,99,1,1,2,1,3,3,1,66,99,1,1,83,1,0
36,360296,1,1,1,4,6,21,30,34,0,1,0,36,2,2,403,2403,14,2006,1J4FA69S26P7,1,J,4,F,A,6,9,S,2,6,P,7,0,T,JEEP,WRB,2W,6,17,,1,0,934,W/T,G,,,6,244,,,,,3668,00,E,44,0,0,000000000,00000000000,0,0,0,1,0,0,0,0,0,0,0,75,0,1,3,12,13,6,2,1,0,0,0,1,36,14617,6,1,0,0,3,0,72,999,1,0,0,0,0,8,2009,8,2009,1,0,0,0,0,2,2,65,2,1,2,1,0,0,14,12,99,1,4,6,1,1
36,360297,1,2,1,21,5,14,30,12,7,1,0,36,1,76,705,76705,80,2006,JYARJ12E86A0,J,Y,A,R,J,1,2,E,8,6,A,0,0,M,YAMA,R6L,RC,6,17,,,,,,,599,,4,,4,357,,,,,,,0,0,000000000,00000000000,0,0,0,1,0,0,0,0,0,0,0,999,0,0,0,1,1,6,2,12,0,0,0,1,36,12603,6,1,6,0,3,0,69,999,0,0,0,0,0,0,0,0,0,1,0,0,0,0,4,3,99,1,1,2,1,0,0,6,51,99,1,2,48,1,0
36,360297,2,2,5,21,5,14,30,12,7,1,0,36,1,42,421,42421,15,2008,4JGBF71E68A4,4,J,G,B,F,7,1,E,6,8,A,4,0,P,MERZ,GL4,UT,8,17,5280,,0,1211,,G,,F,8,284,,,18R265,,,,,,0,0,000000000,00000000000,0,0,0,1,0,0,0,0,0,0,0,999,0,0,0,7,7,6,2,12,0,0,0,1,36,11545,6,1,0,0,3,0,74,999,0,0,0,0,0,0,0,0,0,0,0,0,0,0,4,3,99,1,1,2,1,0,0,15,53,99,1,2,48,0,0
36,360298,1,1,2,10,6,1,28,59,0,1,0,36,2,35,43,35043,4,2010,3N1AB6AP3AL6,3,N,1,A,B,6,A,P,3,A,L,6,0,P,NISS,SBL,4D,10,17,2862,,0,1057,,G,,F,4,122,,,15R205,,,,,,0,0,000000000,00000000000,0,0,0,1,0,0,0,0,0,0,0,71,0,0,0,7,9,6,2,42,0,0,0,1,36,11426,6,1,0,0,3,3,61,999,0,0,0,0,0,0,0,0,0,1,0,0,0,0,3,3,55,1,1,2,1,0,0,1,13,99,1,4,1,1,1
36,360299,1,2,1,5,6,12,8,12,6,1,0,36,1,42,401,42401,14,2010,4JGBB8GB5AA5,4,J,G,B,B,8,G,B,5,A,A,5,0,P,MERZ,M35,UT,10,17,4729,,0,1148,,G,,F,6,213,,,19R255,,,,,,0,0,000000000,00000000000,0,0,0,1,0,0,0,0,0,0,0,30,0,0,0,12,12,6,2,12,0,0,0,1,36,11939,6,1,0,0,3,0,68,999,0,0,0,0,0,0,0,0,0,0,38,0,0,0,1,2,50,1,1,2,1,28,3,11,15,99,1,1,68,0,0
36,360299,2,2,1,5,6,12,8,12,6,1,0,36,1,72,706,72706,80,2005,1HD1JDB145Y1,1,H,D,1,J,D,B,1,4,5,Y,1,0,M,HD,FTN,RS,5,17,,,,,,,1450,,2,,4,676,,,,,,,0,0,000000000,00000000000,0,0,0,1,0,0,0,0,0,0,0,45,0,0,0,9,9,6,2,12,0,0,0,1,36,11752,6,1,6,0,3,0,70,999,2,0,0,0,0,6,2008,8,2008,0,0,0,0,0,1,2,50,1,1,2,1,28,3,1,66,99,1,1,69,1,1
36,360300,1,1,2,26,5,16,7,5,0,1,0,36,1,72,709,72709,80,1991,1HD1DPL13MY5,1,H,D,1,D,P,L,1,3,M,Y,5,0,M,HD,UHB,RS,91,17,,,,,,,1340,,2,,4,765,,,,,,,0,0,000000000,00000000000,0,0,0,1,0,0,0,0,0,0,0,999,0,0,0,0,0,4,3,5,0,0,0,1,36,13207,6,1,0,0,3,3,66,999,0,0,0,0,0,0,0,0,0,0,0,0,0,0,6,2,65,1,1,2,1,0,0,1,98,1,1,2,0,1,0
36,360301,1,1,2,9,6,22,46,8,0,1,0,36,2,18,3,18003,4,1994,1G4CW52L0RH6,1,G,4,C,W,5,2,L,0,R,H,6,0,P,BUIC,PKA,4D,94,17,3533,,0,1108,,G,,F,6,231,,,15R205,,,,,,0,0,000000000,00000000000,0,0,0,1,0,0,0,0,0,0,0,999,0,0,0,12,14,6,2,8,0,0,0,1,36,14215,0,0,0,0,0,0,70,999,0,2,1,0,1,3,2009,8,2009,0,52,0,0,0,1,2,30,1,1,2,1,20,3,11,80,99,1,1,13,0,0
36,360302,1,1,1,10,6,13,42,8,0,1,0,36,1,18,7,18007,4,2002,2G4WS52J6212,2,G,4,W,S,5,2,J,6,2,1,2,0,P,BUIC,CCU,4D,2,17,3368,,0,1090,,G,,F,6,191,,,15R205,,,,,,0,0,000000000,00000000000,0,0,0,1,0,0,0,0,0,0,0,999,0,0,0,6,6,6,2,8,0,0,0,1,36,12550,6,1,0,0,3,3,62,999,0,0,0,0,0,0,0,0,0,0,0,0,0,0,4,1,30,1,2,2,1,0,0,13,80,99,1,1,13,0,0
36,360303,1,1,2,12,6,4,16,5,0,1,0,36,1,72,709,72709,80,2009,1HD1JA5129Y0,1,H,D,1,J,A,5,1,2,9,Y,0,0,M,HD,XTB,RS,9,17,,,,,,,1584,,2,,4,682,,,,,,,0,0,000000000,00000000000,0,0,0,1,0,0,0,0,0,0,0,64,0,0,0,0,0,4,3,5,0,0,0,1,36,14004,6,8,0,0,3,0,73,999,0,1,0,0,0,9,2010,9,2010,1,0,0,0,0,1,2,45,1,2,2,1,0,0,1,98,1,1,1,0,2,1
36,360304,1,1,1,13,6,16,7,42,0,1,0,36,2,20,421,20421,15,1999,1GNEK13R2XJ4,1,G,N,E,K,1,3,R,2,X,J,4,0,P,CHEV,KTA,UT,99,17,5268,,0,1175,,G,,F,8,350,,,16R245,,,,,,0,0,000000000,00000000000,0,0,0,1,0,0,0,0,0,0,0,999,0,1,6,12,12,6,2,1,0,0,0,1,36,14422,6,1,0,0,3,0,67,999,0,0,0,0,0,0,0,0,0,1,0,0,0,0,1,2,55,1,1,2,1,0,0,1,12,99,1,4,6,1,0
36,360305,1,1,1,15,6,0,48,42,0,1,0,36,0,37,739,37739,90,2003,999999999999,9,9,9,9,9,9,9,9,9,9,9,9,0,,,,,,,,,,,,,,,,,,,,,,,,,0,0,000000000,00000000000,0,0,0,1,0,0,0,0,0,0,0,999,0,0,0,12,12,6,2,42,0,0,0,1,36,14782,0,0,0,0,0,0,72,999,0,0,0,0,0,0,0,0,0,1,0,0,0,0,1,2,55,3,3,5,1,0,0,14,13,99,1,4,1,1,1
36,360306,1,1,1,18,6,1,25,24,0,1,0,36,1,76,706,76706,80,1994,1HD1GEL15RY3,1,H,D,1,G,E,L,1,5,R,Y,3,0,M,HD,FWG,RS,94,17,,,,,,,1340,,2,,4,598,,,,,,,0,0,000000000,00000000000,0,0,0,1,0,0,0,0,0,0,0,80,0,0,0,98,98,6,2,24,0,0,0,1,36,13667,6,1,6,0,3,0,71,999,0,0,0,0,1,10,2010,10,2010,1,8,37,0,0,1,2,55,3,1,2,1,0,0,14,11,99,1,4,1,1,1
36,360307,1,1,1,26,3,7,25,8,0,1,0,36,1,20,481,20481,31,2004,2GCEK19V5412,2,G,C,E,K,1,9,V,5,4,1,2,0,T,CHEV,SK1,4C,4,17,,2,1575,1435,SIL,G,,,8,293,,,,B,4925,00,,44,0,0,000000000,00000000000,0,0,0,1,0,0,0,0,0,0,0,999,0,0,0,12,12,2,3,8,0,0,0,1,36,14150,6,1,0,0,3,0,68,999,0,0,0,0,0,0,0,0,0,0,29,0,0,0,6,1,55,2,1,2,1,0,0,16,13,99,1,4,13,0,0
36,360308,1,2,1,8,6,21,55,12,6,1,0,36,1,55,35,55035,4,2003,KMHDN55DX3U0,K,M,H,D,N,5,5,D,X,3,U,0,0,P,HYUN,EST,4H,3,17,2635,,0,1027,,G,,F,4,121,,,15R205,,,,,,0,0,000000000,00000000000,0,0,0,1,0,0,0,0,0,0,0,999,0,0,0,83,83,6,2,12,0,0,0,1,36,10595,6,1,0,0,3,0,72,999,1,1,0,0,1,5,2010,1,2011,0,0,0,0,0,3,2,40,1,1,2,1,3,3,11,15,99,1,1,68,0,0
36,360308,2,2,1,8,6,21,55,12,6,1,0,12,1,76,705,76705,80,2009,JYARJ16E49A0,J,Y,A,R,J,1,6,E,4,9,A,0,0,M,YAMA,R6L,RC,9,17,,,,,,,599,,4,,4,414,,,,,,,0,0,000000000,00000000000,0,0,0,1,0,0,0,0,0,0,0,999,0,0,0,12,12,6,2,12,0,0,0,1,12,33179,6,1,6,0,3,0,71,999,0,0,0,1,1,4,2009,3,2010,1,38,0,0,0,3,2,40,1,1,2,1,3,3,1,62,99,1,1,69,1,1
36,360309,1,1,2,25,6,3,22,35,0,1,0,36,2,37,31,37031,2,2004,1HGEM21914L0,1,H,G,E,M,2,1,9,1,4,L,0,0,P,HOND,UAX,CP,4,17,2579,,0,1031,,G,,F,4,102,,,000000,,,,,,0,0,000000000,00000000000,0,0,0,1,0,0,0,0,0,0,0,999,0,0,0,9,9,6,2,30,0,0,0,1,36,10541,6,1,0,0,3,0,70,999,0,0,0,0,0,0,0,0,0,1,87,0,0,0,1,2,40,1,2,2,2,28,3,1,13,99,1,4,1,2,1
36,360310,1,1,1,14,6,4,8,30,0,1,0,49,3,84,890,84890,66,2008,999999999999,9,9,9,9,9,9,9,9,9,9,9,9,1,,,,,,,,,,,,,,,,,,,,,,,,,1,99,999999999,99999999999,3,98,2,2,8,8888,88,8,0,0,0,999,0,0,0,12,12,6,2,2,0,0,1,1,36,14120,6,1,6,1,3,0,68,999,0,0,0,0,0,0,0,0,0,0,0,0,0,0,1,2,55,3,1,2,1,0,0,14,13,99,1,4,1,1,0
36,360311,1,2,1,13,6,23,7,12,1,1,0,36,3,76,709,76709,80,2007,999999999999,9,9,9,9,9,9,9,9,9,9,9,9,0,,,,,,,,,,,,,,,,,,,,,,,,,0,0,000000000,00000000000,0,0,0,1,0,0,0,0,0,0,0,999,0,0,0,12,12,6,2,12,0,0,0,1,36,10927,0,0,0,0,0,0,73,999,0,9,0,0,0,8,2009,1,2010,1,27,0,0,0,3,4,40,1,3,2,1,0,0,15,51,99,1,2,32,1,0