STATE,ST_CASE,VEH_NO,VE_FORMS,NUMOCCS,DAY,MONTH,HOUR,MINUTE,HARM_EV,MAN_COLL,UNITTYPE,HIT_RUN,REG_STAT,OWNER,MAKE,MODEL,MAK_MOD,BODY_TYP,MOD_YEAR,VIN,VIN_1,VIN_2,VIN_3,VIN_4,VIN_5,VIN_6,VIN_7,VIN_8,VIN_9,VIN_10,VIN_11,VIN_12,TOW_VEH,VINTYPE,VINMAKE,VINA_MOD,VIN_BT,VINMODYR,VIN_LNGT,VIN_WGT,WGTCD_TR,WHLBS_LG,WHLBS_SH,SER_TR,FUELCODE,MCYCL_DS,CARBUR,CYLINDER,DISPLACE,MCYCL_CY,MCYCL_WT,TIRE_SZE,TON_RAT,TRK_WT,TRKWTVAR,VIN_REST,WHLDRWHL,J_KNIFE,MCARR_I1,MCARR_I2,MCARR_ID,GVWR,V_CONFIG,CARGO_BT,HAZ_INV,HAZ_PLAC,HAZ_ID,HAZ_CNO,HAZ_REL,BUS_USE,SPEC_USE,EMER_USE,TRAV_SP,UNDERIDE,ROLLOVER,ROLINLOC,IMPACT1,IMPACT2,DEFORMED,TOWED,M_HARM,VEH_SC1,VEH_SC2,FIRE_EXP,DR_PRES,L_STATE,DR_ZIP,L_STATUS,L_TYPE,CDL_STAT,L_ENDORS,L_COMPL,L_RESTRI,DR_HGT,DR_WGT,PREV_ACC,PREV_SUS,PREV_DWI,PREV_SPD,PREV_OTH,FIRST_MO,FIRST_YR,LAST_MO,LAST_YR,SPEEDREL,DR_SF1,DR_SF2,DR_SF3,DR_SF4,VTRAFWAY,VNUM_LAN,VSPD_LIM,VALIGN,VPROFILE,VPAVETYP,VSURCOND,VTRAFCON,VTCONT_F,P_CRASH1,P_CRASH2,P_CRASH3,PCRASH4,PCRASH5,ACC_TYPE,DEATHS,DR_DRINK
36,360311,2,2,1,13,6,23,7,12,1,1,0,36,2,41,402,41402,14,2001,4F2CU08101KM,4,F,2,C,U,0,8,1,0,1,K,M,0,P,MAZD,TRI,UT,1,17,3455,,0,1031,,G,,F,6,181,,,16R235,,,,,,0,0,000000000,00000000000,0,0,0,1,0,0,0,0,0,0,0,999,0,0,0,6,6,6,2,12,0,0,0,1,36,10989,6,1,0,0,3,0,67,999,0,1,0,0,0,7,2010,7,2010,0,0,0,0,0,3,4,40,1,3,2,1,0,0,1,53,99,1,1,32,0,0
36,360312,1,1,1,13,5,14,36,59,0,1,0,36,2,12,13,12013,4,1999,1FAFP13P0XW2,1,F,A,F,P,1,3,P,0,X,W,2,0,P,FORD,ESE,4D,99,17,2468,,0,984,,G,,F,4,122,,,14R185,,,,,,0,0,000000000,00000000000,0,0,0,1,0,0,0,0,0,0,0,999,0,0,0,12,12,6,2,42,0,0,0,1,36,11803,6,1,0,0,3,0,67,999,1,0,0,0,0,7,2009,7,2009,1,0,0,0,0,6,1,55,2,1,2,1,0,0,14,13,99,1,4,1,1,0
36,360313,1,1,1,18,6,18,23,30,0,1,0,36,2,2,404,2404,14,1997,1J4GZ58S7VC6,1,J,4,G,Z,5,8,S,7,V,C,6,0,T,JEEP,LRT,4W,97,17,,1,0,1059,GCK,G,,,6,242,,,,,3700,02,E,44,0,0,000000000,00000000000,0,0,0,1,0,0,0,0,0,0,0,55,0,1,5,12,1,6,2,1,0,0,0,1,36,14482,0,0,0,0,0,0,999,999,0,0,0,0,0,0,0,0,0,1,0,0,0,0,1,2,55,2,3,2,1,0,0,14,12,99,1,4,6,1,0
36,360314,1,2,1,24,4,19,13,12,6,1,0,51,1,12,499,12499,29,1999,999999999999,9,9,9,9,9,9,9,9,9,9,9,9,0,,,,,,,,,,,,,,,,,,,,,,,,,0,0,000000000,00000000000,0,0,0,1,0,0,0,0,0,0,0,41,0,1,5,12,12,6,2,42,0,0,0,1,51,23860,9,9,99,0,9,9,999,999,99,99,99,99,99,99,9999,99,9999,1,39,0,0,0,1,2,30,1,1,2,1,20,3,1,17,99,1,1,88,0,1
36,360314,2,2,2,24,4,19,13,12,6,1,0,36,1,37,31,37031,4,2005,2HGES16375H5,2,H,G,E,S,1,6,3,7,5,H,5,0,P,HOND,UDV,4D,5,17,2544,,0,1031,,G,,F,4,102,,,14R185,,,,,,0,0,000000000,00000000000,0,0,0,1,0,0,0,0,0,0,0,11,0,0,0,9,9,6,2,12,0,0,0,1,36,13501,6,1,0,0,3,0,67,999,0,1,1,0,0,4,2009,5,2009,0,0,0,0,0,1,2,30,1,1,2,1,0,0,1,66,99,1,1,89,1,1
36,360315,1,2,1,9,5,9,8,12,6,1,0,36,3,89,882,89882,63,2008,5VCDC6JF18H2,5,V,C,D,C,6,J,F,1,8,H,2,0,T,AUTC,WXA,TB,8,17,,8,0,0,XPD,D,,,6,540,,,,,00000,00,,64,0,99,999999999,99999999999,3,2,4,1,0,0,0,0,0,0,0,999,0,0,0,7,7,2,1,12,0,0,0,1,36,11763,6,1,6,1,3,0,74,999,2,0,0,0,0,5,2010,12,2010,0,38,0,0,0,1,4,99,4,2,2,1,0,0,11,98,99,1,1,82,0,0
36,360315,2,2,2,9,5,9,8,12,6,1,0,36,2,49,43,49043,4,2003,4T1BF28B73U3,4,T,1,B,F,2,8,B,7,3,U,3,0,P,TOYT,UVS,4D,3,17,3417,,0,1071,,G,,F,6,183,,,15R205,,,,,,0,0,000000000,00000000000,0,0,0,1,0,0,0,0,0,0,0,999,0,0,0,12,12,6,2,12,0,0,0,1,9,6897,6,1,0,0,3,0,70,999,98,0,0,0,0,0,0,0,0,0,0,0,0,0,1,4,99,4,2,2,1,0,0,14,72,99,1,1,83,1,0
36,360316,1,1,1,14,3,7,6,1,0,1,0,36,1,72,706,72706,80,2001,1HD1GEV131Y3,1,H,D,1,G,E,V,1,3,1,Y,3,0,M,HD,FWG,RS,1,17,,,,,,,1450,,2,,4,612,,,,,,,0,0,000000000,00000000000,0,0,0,1,0,0,0,0,0,0,0,999,0,0,0,0,0,8,8,1,0,0,0,1,36,11590,6,1,0,0,3,0,68,999,1,0,0,0,0,9,2010,9,2010,1,28,0,0,0,3,4,50,1,1,2,1,0,0,1,98,99,1,2,98,1,0
36,360317,1,1,1,20,3,4,45,8,0,1,1,36,1,6,441,6441,20,1998,1C4GP64L8WB6,1,C,4,G,P,6,4,L,8,W,B,6,0,T,CHRY,LXI,ES,98,17,,1,0,1193,TWC,G,,,6,230,,,,,4090,00,,42,0,0,000000000,00000000000,0,0,0,1,0,0,0,0,0,0,0,999,0,0,0,12,12,9,1,8,0,0,0,1,36,10473,6,1,0,0,3,0,74,999,1,0,0,0,0,4,2009,4,2009,1,0,0,0,0,2,4,99,8,8,2,1,0,0,1,80,99,1,1,13,0,1
36,360318,1,1,1,31,3,7,30,8,0,1,0,36,3,12,461,12461,21,1996,1FTFE24Y3THB,1,F,T,F,E,2,4,Y,3,T,H,B,0,T,FORD,25V,CG,96,17,,2,0,1380,VAN,G,,,6,300,,,,C,00000,00,M,42,0,0,000000000,00000000000,0,0,0,1,0,0,0,0,0,0,0,999,0,0,0,12,12,2,1,8,0,0,0,1,36,11216,6,1,0,0,3,3,71,999,0,0,0,0,1,7,2009,7,2009,0,0,0,0,0,1,2,30,1,1,2,2,20,3,11,80,99,1,1,13,0,0
36,360320,1,1,2,6,4,4,5,33,0,1,0,36,2,30,40,30040,4,2006,3VWSG71K46M7,3,V,W,S,G,7,1,K,4,6,M,7,0,P,VOLK,JOP,4D,6,17,3118,,0,1015,,G,,F,5,151,,,16R205,,,,,,0,0,000000000,00000000000,0,0,0,1,0,0,0,0,0,0,0,999,0,0,0,14,12,6,2,19,0,0,0,1,36,11369,2,1,0,0,2,2,71,999,1,8,0,2,0,6,2008,9,2009,1,74,0,0,0,4,1,30,1,1,2,1,20,3,1,12,99,1,4,6,1,0
36,360321,1,1,2,28,3,4,6,24,0,1,0,36,2,30,36,30036,5,2007,WVWDS71K67W1,W,V,W,D,S,7,1,K,6,7,W,1,0,P,VOLK,RAB,4H,7,17,3138,,0,1015,,G,,F,5,151,,,15R195,,,,,,0,0,000000000,00000000000,0,0,0,1,0,0,0,0,0,0,0,999,0,1,5,12,1,6,2,8,0,0,0,1,36,11221,1,1,0,0,2,0,76,999,0,0,0,0,0,0,0,0,0,1,0,0,0,0,6,1,99,2,1,2,1,0,0,14,12,99,1,4,6,0,0
36,360322,1,1,5,2,4,3,30,42,0,1,0,36,2,30,40,30040,4,2004,3VWSE69M04M1,3,V,W,S,E,6,9,M,0,4,M,1,0,P,VOLK,JGS,4D,4,17,2964,,0,989,,G,,T,4,109,,,15R195,,,,,,0,0,000000000,00000000000,0,0,0,1,0,0,0,0,0,0,0,999,0,0,0,12,12,6,2,42,0,0,0,1,36,11758,6,1,0,0,3,0,67,999,0,4,0,1,1,7,2008,8,2010,1,0,0,0,0,1,2,98,4,1,2,1,0,0,14,12,99,1,4,6,1,1
36,360323,1,2,2,28,3,23,23,12,1,1,0,12,1,35,48,35048,2,2007,JN1BZ36A77M6,J,N,1,B,Z,3,6,A,7,7,M,6,0,P,NISS,3ZR,CV,7,17,3580,,0,1043,,G,,F,6,214,,,18R225,,,,,,0,0,000000000,00000000000,0,0,0,1,0,0,0,0,0,0,0,999,3,0,0,12,12,6,2,12,0,0,0,1,36,10454,6,1,0,0,3,0,66,999,0,0,0,0,1,1,2010,1,2010,1,8,0,0,0,3,3,50,1,1,1,1,0,0,1,51,99,1,1,24,1,0
36,360323,2,2,1,28,3,23,23,12,1,1,0,25,3,82,881,82881,66,2007,1FUJF0CV87LX,1,F,U,J,F,0,C,V,8,7,L,X,1,T,FRHT,112,TR,7,17,,8,0,0,COL,D,,,6,782,,,,,00000,00,,64,1,99,999999999,99999999999,3,6,1,1,0,0,0,0,0,0,0,999,0,0,0,6,6,2,1,12,0,0,0,1,9,6110,6,1,6,1,3,0,66,999,98,0,0,0,0,0,0,0,0,0,0,0,0,0,3,3,50,1,1,1,1,0,0,1,53,99,1,1,25,0,0
36,360324,1,2,1,28,5,9,33,12,6,1,0,36,1,12,471,12471,30,1999,1FTYR14VXXTB,1,F,T,Y,R,1,4,V,X,X,T,B,0,T,FORD,RNS,PC,99,17,,1,0,1257,RNG,F,,,6,182,,,,B,00000,00,U,42,0,0,000000000,00000000000,0,0,0,1,0,0,0,0,0,0,0,999,0,0,0,11,11,6,2,12,0,0,0,1,36,14580,6,1,0,0,3,0,70,999,1,2,0,0,0,10,2010,1,2011,0,38,0,0,0,3,2,55,1,1,2,1,0,0,11,98,1,1,3,98,1,0
36,360324,2,2,1,28,5,9,33,12,6,1,0,92,0,20,898,20898,78,2006,1GBE5C1216F4,1,G,B,E,5,C,1,2,1,6,F,4,0,T,CHEV,C5C,CB,6,17,,5,2240,1280,C55,D,,,8,403,,,,,00000,00,,42,0,57,1763584,571763584,2,1,6,1,0,0,0,0,0,0,0,999,0,0,0,12,12,6,2,12,0,0,0,1,36,14559,6,1,0,0,3,3,70,999,1,0,0,0,1,3,2009,12,2009,0,0,0,0,0,3,2,55,1,1,2,1,0,0,1,71,1,1,1,98,0,0
36,360325,1,2,2,13,4,14,55,12,6,1,0,36,2,23,461,23461,21,2003,1GDJG31U6311,1,G,D,J,G,3,1,U,6,3,1,1,0,T,GMC,SCT,YY,3,17,,3,1770,1390,STV,G,,,8,364,,,,D,4623,03,E,42,0,0,000000000,00000000000,0,0,0,1,0,0,0,0,0,0,0,999,0,0,0,12,12,6,2,12,0,0,0,1,36,11706,6,1,0,0,3,0,70,999,1,0,0,0,0,12,2008,12,2008,0,0,0,0,0,1,2,30,1,1,2,2,0,0,1,68,99,1,1,86,0,0
36,360325,2,2,2,13,4,14,55,12,6,1,0,36,1,37,32,37032,4,2008,1HGCP26358A0,1,H,G,C,P,2,6,3,5,8,A,0,0,P,HOND,ULX,4D,8,17,3274,,0,1102,,G,,F,4,146,,,16R215,,,,,,0,0,000000000,00000000000,0,0,0,1,0,0,0,0,0,0,0,999,0,0,0,81,81,6,2,12,0,0,0,1,36,11717,6,1,0,0,3,0,66,999,0,0,0,1,0,3,2009,3,2009,0,0,0,0,0,1,2,30,1,1,2,2,0,0,1,3,2,7,1,87,1,0
36,360326,1,2,6,9,3,12,7,12,6,1,0,36,3,98,884,98884,64,1999,999999999999,9,9,9,9,9,9,9,9,9,9,9,9,0,,,,,,,,,,,,,,,,,,,,,,,,,0,88,888888888,88888888888,9,1,97,1,0,0,0,0,0,0,0,45,0,0,0,12,12,6,2,12,0,0,0,1,36,11201,6,1,6,1,3,0,71,999,0,0,0,0,0,0,0,0,0,1,39,0,0,0,1,4,99,1,1,2,1,3,3,1,17,99,1,1,83,0,0
36,360326,2,2,9,9,3,12,7,12,6,1,0,36,3,12,461,12461,21,2011,1FBSS3BL8BDA,1,F,B,S,S,3,B,L,8,B,D,A,0,T,FORD,WSD,ES,11,17,,2,0,1380,ECO,G,,,8,330,,,,D,6425,00,E,42,0,0,000000000,00000000000,0,0,0,1,0,0,0,0,0,0,0,999,0,0,0,9,9,6,2,12,0,0,0,1,36,10310,6,1,0,0,3,0,71,999,0,0,0,0,2,10,2010,10,2010,0,0,0,0,0,1,4,99,1,1,2,1,3,3,11,15,99,1,1,82,1,0
36,360327,1,1,2,10,4,3,30,38,0,1,1,36,2,55,35,55035,6,1999,KMHJW25F2XU1,K,M,H,J,W,2,5,F,2,X,U,1,0,P,HYUN,ELL,SW,99,17,2648,,0,1004,,G,,F,4,121,,,14R175,,,,,,0,0,000000000,00000000000,0,0,0,1,0,0,0,0,0,0,0,999,0,0,0,98,98,6,2,30,0,0,0,1,36,11730,0,0,0,0,0,0,999,999,0,8,0,0,0,12,2010,2,2011,1,0,0,0,0,1,2,99,2,1,2,1,0,0,14,12,99,1,4,6,1,1
36,360328,1,1,3,16,4,3,13,1,0,1,0,36,2,6,441,6441,20,2007,1A4GJ45R57B1,1,A,4,G,J,4,5,R,5,7,B,1,0,P,CHRY,TWC,SV,7,17,3831,,0,1333,,G,,F,6,201,,,15R215,,,,,,0,0,000000000,00000000000,0,0,0,1,0,0,0,0,0,0,0,84,0,2,3,0,13,6,2,1,0,0,0,1,36,10473,6,7,0,0,3,2,68,999,0,0,0,0,0,0,0,0,0,1,73,0,0,0,3,3,30,3,1,2,1,0,0,14,6,99,7,4,6,1,0
36,360329,1,2,1,25,4,12,4,12,6,1,0,36,3,20,881,20881,61,2001,3GBKC34F81M1,3,G,B,K,C,3,4,F,8,1,M,1,0,T,CHEV,3HD,CB,1,17,,4,0,0,GM4,D,,,8,397,,,,D,00000,00,,42,0,77,777777777,77777777777,2,1,3,1,0,0,0,0,0,0,0,999,0,0,0,12,12,4,3,12,0,0,0,1,36,11722,6,1,0,0,3,0,61,999,0,0,0,0,0,0,0,0,0,0,0,0,0,0,1,2,45,1,1,2,1,0,0,1,67,99,1,1,69,0,0
36,360329,2,2,1,25,4,12,4,12,6,1,0,36,1,24,5,24005,4,2003,1G8JW54R23Y5,1,G,8,J,W,5,4,R,2,3,Y,5,0,P,STRN,L30,4D,3,17,3197,,0,1065,,G,,F,6,183,,,16R215,,,,,,0,0,000000000,00000000000,0,0,0,1,0,0,0,0,0,0,0,999,0,0,0,9,9,6,2,12,0,0,0,1,36,11765,6,1,0,0,3,3,73,999,0,0,0,0,0,0,0,0,0,0,38,0,0,0,1,4,45,1,1,2,1,0,0,11,15,99,1,1,68,1,0
36,360330,1,2,1,17,4,15,10,12,7,1,0,36,2,20,32,20032,4,2000,1Y1SK5486YZ4,1,Y,1,S,K,5,4,8,6,Y,Z,4,0,P,CHEV,P/L,4D,0,17,2403,,0,971,,G,,F,4,110,,,14R175,,,,,,0,0,000000000,00000000000,0,0,0,1,0,0,0,0,0,0,0,999,0,0,0,11,11,6,2,12,0,0,0,1,36,11954,0,0,0,0,0,0,999,999,0,0,0,0,0,0,0,0,0,0,92,0,0,0,1,2,99,1,2,2,1,28,3,11,15,99,1,1,98,0,0
36,360330,2,2,4,17,4,15,10,12,7,1,0,36,2,20,431,20431,16,2003,1GNFK16Z43J2,1,G,N,F,K,1,6,Z,4,3,J,2,0,P,CHEV,K15,UT,3,17,5123,,0,1300,,F,,F,8,325,,,16R265,,,,,,0,0,000000000,00000000000,0,0,0,1,0,0,0,0,0,0,0,999,0,1,1,3,3,6,2,1,0,0,0,1,36,11937,6,7,0,0,2,2,69,999,0,0,0,0,0,0,0,0,0,0,52,34,35,73,1,2,99,1,2,2,1,28,3,6,17,99,1,1,98,1,0
36,360331,1,2,1,12,5,10,30,12,6,1,0,36,1,37,706,37706,80,2001,JH2SC44061M1,J,H,2,S,C,4,4,0,6,1,M,1,0,M,HOND,CR9,RC,1,17,,,,,,,929,,4,,4,379,,,,,,,0,0,000000000,00000000000,0,0,0,1,0,0,0,0,0,0,0,80,0,0,0,12,3,6,2,12,0,0,0,1,36,12523,6,1,0,0,3,0,71,999,0,0,0,0,1,4,2009,4,2009,1,0,0,0,0,1,2,55,1,1,2,1,28,3,1,15,99,1,1,83,1,0
36,360331,2,2,1,12,5,10,30,12,6,1,0,36,1,7,881,7881,61,1991,1B6MM36C0MS3,1,B,6,M,M,3,6,C,0,M,S,3,0,T,DODG,W30,CB,91,17,,3,1350,1310,W30,D,,,6,359,,,,D,4387,04,A,44,0,99,999999999,99999999999,2,1,4,1,0,0,0,0,0,0,0,999,0,0,0,7,7,6,2,12,0,0,0,1,36,12571,6,1,0,0,3,3,72,999,0,0,0,0,0,0,0,0,0,0,0,0,0,0,1,2,55,1,1,2,1,28,3,11,66,99,1,1,82,0,0
36,360332,1,2,2,29,5,13,59,12,2,1,0,50,1,20,481,20481,31,2005,2GCEK13T6513,2,G,C,E,K,1,3,T,6,5,1,3,0,T,CHEV,SK1,CW,5,17,,2,0,1435,SIL,G,,,8,323,,,,B,5299,00,,44,0,0,000000000,00000000000,0,0,0,1,0,0,0,0,0,0,0,999,0,0,0,12,12,6,2,12,0,0,0,1,50,5777,6,1,0,0,3,0,67,165,0,0,0,0,0,0,0,0,0,0,0,0,0,0,1,2,55,1,1,2,1,0,0,1,17,6,1,2,50,0,0
36,360332,2,2,2,29,5,13,59,12,2,1,0,50,1,37,32,37032,4,1997,1HGCD5631VA2,1,H,G,C,D,5,6,3,1,V,A,2,0,P,HOND,ULE,4D,97,17,2864,,0,1069,,G,,F,4,132,,,15R185,,,,,,0,0,000000000,00000000000,0,0,0,1,0,0,0,0,0,0,0,999,0,0,0,12,12,6,2,12,0,0,0,1,50,5701,6,1,0,0,3,0,71,190,0,0,0,0,0,0,0,0,0,0,0,0,0,0,1,2,55,1,1,2,1,0,0,1,62,99,1,1,51,1,0
36,360333,1,2,1,28,4,15,50,12,6,1,0,36,1,37,421,37421,15,2009,5FNYF48429B0,5,F,N,Y,F,4,8,4,2,9,B,0,0,P,HOND,PIL,UT,9,17,4504,,0,1092,,G,,F,6,213,,,000000,,,,,,0,0,000000000,00000000000,0,0,0,1,0,0,0,0,0,0,0,999,0,0,0,1,12,6,2,8,0,0,0,1,36,11590,6,1,0,0,3,0,68,999,0,0,0,0,0,0,0,0,0,0,0,0,0,0,3,3,99,1,1,2,2,3,3,11,15,99,1,1,68,0,0
36,360333,2,2,2,28,4,15,50,12,6,1,0,36,1,58,32,58032,4,2002,JNKBF01A52M0,J,N,K,B,F,0,1,A,5,2,M,0,0,P,INFI,Q45,4D,2,17,3797,,0,1130,,G,,F,8,274,,,17R225,,,,,,0,0,000000000,00000000000,0,0,0,1,0,0,0,0,0,0,0,999,0,0,0,11,9,6,2,12,0,0,0,1,36,11233,6,1,0,0,3,0,59,999,1,0,0,0,0,2,2010,2,2010,0,39,0,0,0,3,3,99,1,1,2,2,3,3,1,67,7,1,1,69,0,0
36,360334,1,2,1,30,4,0,40,12,6,1,0,36,1,7,481,7481,31,1983,1B7JD24T8DS4,1,B,7,J,D,2,4,T,8,D,S,4,0,T,DODG,D20,PK,83,17,,2,0,1310,D20,G,,,8,318,,,,C,3459,05,,42,0,0,000000000,00000000000,0,0,0,1,0,0,0,0,0,0,0,999,0,0,0,12,12,6,2,42,0,0,0,1,36,11716,6,1,6,0,3,0,68,999,1,0,0,0,1,4,2009,12,2009,0,0,0,0,0,3,2,30,1,1,2,1,3,3,1,17,99,1,1,86,1,0
36,360334,2,2,1,30,4,0,40,12,6,1,0,36,1,12,481,12481,31,2001,1FTSW31S01EB,1,F,T,S,W,3,1,S,0,1,E,B,0,T,FORD,F3S,CW,1,17,,2,1724,1562,SRW,G,,,10,415,,,,D,5942,07,E,44,0,0,000000000,00000000000,0,0,0,1,0,0,0,0,0,0,0,999,0,0,0,81,81,6,2,12,0,0,0,1,36,11776,6,1,0,0,3,0,71,999,0,0,0,0,0,0,0,0,0,0,39,0,0,0,3,2,30,1,1,2,1,3,3,1,66,99,1,1,87,0,0
36,360335,1,1,2,5,5,18,17,9,0,1,0,40,3,23,881,23881,62,2007,1GDJ7C1347F9,1,G,D,J,7,C,1,3,4,7,F,9,0,T,GMC,C7C,CC,7,17,,6,2960,1400,C75,D,,,6,476,,,,,00000,00,,42,0,99,999999999,99999999999,2,1,1,1,0,0,0,0,0,0,0,999,0,0,0,3,5,2,1,9,0,0,0,1,36,11220,1,1,0,0,2,2,70,999,0,2,0,0,0,3,2009,5,2009,0,74,0,0,0,1,2,99,1,1,2,1,3,3,10,83,99,1,1,13,0,0
36,360336,1,1,1,9,6,0,0,42,0,1,0,36,1,49,33,49033,2,2001,JTDDR32T4100,J,T,D,D,R,3,2,T,4,1,0,0,0,P,TOYT,CGF,2H,1,17,2425,,0,1023,,G,,F,4,109,,,15R195,,,,,,0,0,000000000,00000000000,0,0,0,1,0,0,0,0,0,0,0,999,0,0,0,12,12,6,2,2,0,0,1,1,36,14615,6,1,0,0,3,3,66,999,0,0,0,1,1,1,2010,9,2010,1,0,0,0,0,1,2,35,2,1,2,1,0,0,14,12,99,1,4,6,1,1
36,360337,1,1,1,26,5,0,52,8,0,1,0,36,1,54,35,54035,4,2003,19UUA56633A0,1,9,U,U,A,5,6,6,3,3,A,0,0,P,ACUR,32T,4D,3,17,3492,,0,1081,,G,,F,6,197,,,16R205,,,,,,0,0,000000000,00000000000,0,0,0,1,0,0,0,0,0,0,0,999,0,0,0,12,12,2,3,8,0,0,0,1,36,10458,6,1,0,0,3,0,75,999,0,1,0,1,0,6,2008,7,2008,0,0,0,0,0,3,4,35,1,1,1,1,3,3,1,80,99,1,1,13,0,0
36,360338,1,1,1,7,6,22,21,24,0,1,0,36,1,53,706,53706,80,2009,JS1GR7LA2921,J,S,1,G,R,7,L,A,2,9,2,1,0,M,SUZI,SX7,RC,9,17,,,,,,,750,,4,,4,437,,,,,,,0,0,000000000,00000000000,0,0,0,1,0,0,0,0,0,0,0,999,0,0,0,12,12,6,2,24,0,0,0,1,36,14226,6,1,0,0,3,0,69,999,1,0,0,0,0,9,2009,9,2009,1,27,0,0,0,3,4,55,2,1,2,1,0,0,6,12,99,1,4,6,1,0
36,360339,1,2,1,21,6,19,57,12,6,1,0,36,2,53,705,53705,80,2000,JS1GR7HA2Y21,J,S,1,G,R,7,H,A,2,Y,2,1,0,M,SUZI,SX7,RC,0,17,,,,,,,749,,4,,4,366,,,,,,,0,0,000000000,00000000000,0,0,0,1,0,0,0,0,0,0,0,999,0,0,0,12,12,6,2,12,0,0,0,1,36,13732,6,1,0,0,3,3,75,999,1,6,0,3,2,7,2008,5,2011,1,39,0,0,0,1,3,30,1,1,2,1,3,3,1,62,99,1,1,69,1,1
36,360339,2,2,2,21,6,19,57,12,6,1,0,36,2,37,402,37402,14,2009,5J6RE48349L0,5,J,6,R,E,4,8,3,4,9,L,0,0,P,HOND,CRV,UT,9,17,3501,,0,1031,,G,,F,4,146,,,17R225,,,,,,0,0,000000000,00000000000,0,0,0,1,0,0,0,0,0,0,0,999,0,0,0,83,83,6,2,12,0,0,0,1,36,13901,0,0,0,0,0,0,999,999,0,0,0,0,0,0,0,0,0,0,0,0,0,0,1,3,30,1,1,2,1,3,3,11,15,99,1,1,68,0,0
36,360340,1,1,1,26,6,17,20,9,0,1,0,36,1,39,36,39036,4,2004,SAJEA51C14WD,S,A,J,E,A,5,1,C,1,4,W,D,0,P,JAGU,XT3,4D,4,17,3428,,0,1067,,G,,F,6,181,,,17R225,,,,,,0,0,000000000,00000000000,0,0,0,1,0,0,0,0,0,0,0,999,0,0,0,6,6,2,1,9,0,0,0,1,36,14612,6,1,0,0,3,0,63,999,0,0,0,0,1,6,2011,6,2011,0,0,0,0,0,1,3,35,1,1,2,1,3,3,11,80,99,1,1,13,0,0
36,360341,1,2,1,28,5,17,43,12,6,1,0,36,1,12,481,12481,31,2004,1FTNX21L54EB,1,F,T,N,X,2,1,L,5,4,E,B,0,T,FORD,F2S,4C,4,17,,2,1580,1418,SRW,G,,,8,330,,,,C,5949,00,U,44,0,0,000000000,00000000000,0,0,0,1,0,0,0,0,0,0,0,999,0,0,0,12,12,2,1,12,0,0,0,1,36,13073,6,1,0,0,3,0,66,999,0,0,0,0,0,0,0,0,0,0,51,0,0,0,1,2,55,1,3,2,1,0,0,1,10,9,1,2,64,0,0
36,360341,2,2,1,28,5,17,43,12,6,1,0,36,2,73,703,73703,80,2009,JKALXMW129DA,J,K,A,L,X,M,W,1,2,9,D,A,0,M,KAWK,LSF,EN,9,17,,,,,,,249,,1,,4,442,,,,,,,0,0,000000000,00000000000,0,0,0,1,0,0,0,0,0,0,0,999,0,0,0,9,9,8,8,12,0,0,0,1,36,13147,6,1,0,0,3,0,71,999,1,0,0,0,0,5,2011,5,2011,0,0,0,0,0,1,2,55,1,3,2,1,0,0,1,54,99,1,2,65,1,0
36,360342,1,1,1,26,6,10,56,59,0,1,0,36,1,76,709,76709,80,1982,999999999999,9,9,9,9,9,9,9,9,9,9,9,9,0,,,,,,,,,,,,,,,,,,,,,,,,,0,0,000000000,00000000000,0,0,0,1,0,0,0,0,0,0,0,999,0,0,0,12,12,6,2,59,0,0,0,1,36,13064,6,1,0,0,3,1,74,999,0,0,0,0,0,0,0,0,0,0,52,0,0,0,1,2,20,3,1,2,1,28,3,14,13,99,1,4,1,1,0
36,360343,1,1,2,22,6,2,35,24,0,1,0,36,1,37,705,37705,80,2001,JH2PC35011M2,J,H,2,P,C,3,5,0,1,1,M,2,0,M,HOND,CF4,RC,1,17,,,,,,,599,,4,,4,370,,,,,,,0,0,000000000,00000000000,0,0,0,1,0,0,0,0,0,0,0,999,0,0,0,12,12,6,2,24,0,0,0,1,36,11758,6,1,0,0,3,0,74,999,0,0,0,0,0,0,0,0,0,1,0,0,0,0,3,4,55,2,1,2,1,0,0,14,12,99,1,4,6,1,0
36,360344,1,3,1,12,6,9,12,12,6,1,0,36,1,73,705,73705,80,1984,JKAZN6A10EA0,J,K,A,Z,N,6,A,1,0,E,A,0,0,M,KAWK,ZN7,RS,84,17,,,,,,,700,,4,,4,999,,,,,,,0,0,000000000,00000000000,0,0,0,1,0,0,0,0,0,0,0,999,0,0,0,9,9,6,2,12,0,0,0,1,36,13407,6,1,0,0,3,0,71,999,0,0,0,0,0,0,0,0,0,1,0,0,0,0,1,2,55,2,1,2,2,0,0,14,6,99,3,2,64,1,0
36,360344,2,3,1,12,6,9,12,12,6,1,0,36,1,7,442,7442,20,2002,1B4GP253X2B5,1,B,4,G,P,2,5,3,X,2,B,5,0,P,DODG,CAR,SV,2,17,3766,,0,1133,,F,,F,6,201,,,17R215,,,,,,0,0,000000000,00000000000,0,0,0,1,0,0,0,0,0,0,0,999,0,0,0,12,12,2,1,12,0,0,0,1,36,13339,6,1,0,0,3,0,67,999,0,0,0,0,0,0,0,0,0,0,0,0,0,0,1,2,55,3,1,2,2,0,0,14,62,99,1,1,65,0,0