STATE,ST_CASE,VEH_NO,VE_FORMS,NUMOCCS,DAY,MONTH,HOUR,MINUTE,HARM_EV,MAN_COLL,UNITTYPE,HIT_RUN,REG_STAT,OWNER,MAKE,MODEL,MAK_MOD,BODY_TYP,MOD_YEAR,VIN,VIN_1,VIN_2,VIN_3,VIN_4,VIN_5,VIN_6,VIN_7,VIN_8,VIN_9,VIN_10,VIN_11,VIN_12,TOW_VEH,VINTYPE,VINMAKE,VINA_MOD,VIN_BT,VINMODYR,VIN_LNGT,VIN_WGT,WGTCD_TR,WHLBS_LG,WHLBS_SH,SER_TR,FUELCODE,MCYCL_DS,CARBUR,CYLINDER,DISPLACE,MCYCL_CY,MCYCL_WT,TIRE_SZE,TON_RAT,TRK_WT,TRKWTVAR,VIN_REST,WHLDRWHL,J_KNIFE,MCARR_I1,MCARR_I2,MCARR_ID,GVWR,V_CONFIG,CARGO_BT,HAZ_INV,HAZ_PLAC,HAZ_ID,HAZ_CNO,HAZ_REL,BUS_USE,SPEC_USE,EMER_USE,TRAV_SP,UNDERIDE,ROLLOVER,ROLINLOC,IMPACT1,IMPACT2,DEFORMED,TOWED,M_HARM,VEH_SC1,VEH_SC2,FIRE_EXP,DR_PRES,L_STATE,DR_ZIP,L_STATUS,L_TYPE,CDL_STAT,L_ENDORS,L_COMPL,L_RESTRI,DR_HGT,DR_WGT,PREV_ACC,PREV_SUS,PREV_DWI,PREV_SPD,PREV_OTH,FIRST_MO,FIRST_YR,LAST_MO,LAST_YR,SPEEDREL,DR_SF1,DR_SF2,DR_SF3,DR_SF4,VTRAFWAY,VNUM_LAN,VSPD_LIM,VALIGN,VPROFILE,VPAVETYP,VSURCOND,VTRAFCON,VTCONT_F,P_CRASH1,P_CRASH2,P_CRASH3,PCRASH4,PCRASH5,ACC_TYPE,DEATHS,DR_DRINK
36,360344,3,3,2,12,6,9,12,12,6,1,0,36,1,72,706,72706,80,1997,1HD1CGP10VY2,1,H,D,1,C,G,P,1,0,V,Y,2,0,M,HD,20C,RS,97,17,,,,,,,1200,,2,,4,483,,,,,,,0,0,000000000,00000000000,0,0,0,1,0,0,0,0,0,0,0,999,0,0,0,63,63,6,2,12,0,0,0,1,36,13357,6,1,0,0,3,3,70,999,0,0,0,0,0,0,0,0,0,1,0,0,0,0,1,2,55,2,1,2,2,0,0,14,6,99,3,2,98,0,0
36,360345,1,1,1,12,3,22,50,8,0,1,1,99,9,99,999,99999,99,9999,999999999999,9,9,9,9,9,9,9,9,9,9,9,9,0,,,,,,,,,,,,,,,,,,,,,,,,,0,0,000000000,00000000000,0,0,0,1,0,0,0,0,0,0,0,999,0,0,0,99,99,9,1,8,0,0,0,1,99,99999,9,9,99,9,9,9,999,999,99,99,99,99,99,99,9999,99,9999,0,0,0,0,0,5,6,30,1,1,2,2,3,3,1,80,99,1,1,13,0,0
36,360346,1,1,1,17,6,21,53,9,0,1,0,36,1,30,46,30046,4,2009,WVWJK73C69P0,W,V,W,J,K,7,3,C,6,9,P,0,0,P,VOLK,PTB,4D,9,17,0,,0,0,,G,,T,4,121,,,000000,,,,,,0,0,000000000,00000000000,0,0,0,1,0,0,0,0,0,0,0,999,0,0,0,12,12,6,2,9,0,0,0,1,36,10595,6,1,0,0,3,0,66,999,0,0,0,0,0,0,0,0,0,0,0,0,0,0,1,2,55,1,1,2,2,0,0,1,83,99,1,2,13,0,0
36,360347,1,2,1,14,6,6,19,12,2,1,0,36,1,12,17,12017,4,1998,1FAFP52U7WA1,1,F,A,F,P,5,2,U,7,W,A,1,0,P,FORD,TLS,4D,98,17,3359,,0,1085,,G,,F,6,182,,,15R205,,,,,,0,0,000000000,00000000000,0,0,0,1,0,0,0,0,0,0,0,999,0,0,0,12,12,6,2,12,0,0,0,1,36,13646,6,1,0,0,3,3,73,999,0,0,0,0,0,0,0,0,0,0,0,0,0,0,1,2,55,1,1,2,1,0,0,1,10,99,1,2,50,1,1
36,360347,2,2,1,14,6,6,19,12,2,1,0,36,3,82,881,82881,66,2006,1FUJA6CKX6LN,1,F,U,J,A,6,C,K,X,6,L,N,1,T,FRHT,COL,TR,6,17,,8,0,0,CON,D,,,6,855,,,,,00000,00,,64,1,57,382736,57382736,3,6,8,1,0,0,0,0,0,0,0,999,0,0,0,12,12,6,2,12,0,0,0,1,36,14441,6,1,6,0,3,3,67,999,0,0,0,0,0,0,0,0,0,0,0,0,0,0,1,2,55,1,1,2,1,0,0,1,62,99,1,1,51,0,0
36,360348,1,1,1,25,6,21,16,42,0,1,0,36,1,37,739,37739,90,2007,999999999999,9,9,9,9,9,9,9,9,9,9,9,9,0,,,,,,,,,,,,,,,,,,,,,,,,,0,0,000000000,00000000000,0,0,0,1,0,0,0,0,0,0,0,999,0,1,5,12,12,0,1,17,0,0,0,1,36,11726,0,0,0,0,1,0,999,999,0,0,0,0,0,0,0,0,0,0,0,0,0,0,1,2,25,1,2,4,1,0,0,1,13,99,1,4,1,1,1
36,360349,1,1,1,7,5,21,57,8,0,1,0,12,3,93,981,93981,51,2003,2M93JMPA43W0,2,M,9,3,J,M,P,A,4,3,W,0,0,T,MCIN,,,3,17,,,,,,,,,,,,,,,,,,,0,57,326876,57326876,3,21,22,1,0,0,0,0,5,0,0,5,0,0,0,12,12,2,3,8,0,0,0,1,12,33411,6,1,6,1,3,3,71,999,0,0,0,0,0,0,0,0,0,0,39,0,0,0,4,6,30,1,1,2,1,3,3,11,80,99,1,1,13,0,1
36,360350,1,1,1,26,6,8,0,53,0,1,0,36,1,73,705,73705,80,2001,JKAZXDP121A0,J,K,A,Z,X,D,P,1,2,1,A,0,0,M,KAWK,Z7P,RC,1,17,,,,,,,750,,4,,4,448,,,,,,,0,0,000000000,00000000000,0,0,0,1,0,0,0,0,0,0,0,999,0,0,0,12,12,6,2,42,0,0,0,1,36,12550,6,1,0,0,3,3,66,999,0,2,0,0,0,11,2008,11,2009,1,52,0,0,0,1,2,45,3,1,2,1,28,3,14,13,99,1,4,1,1,0
36,360351,1,1,1,26,6,4,24,8,0,1,0,36,1,48,34,48034,4,2005,4S3BL6165572,4,S,3,B,L,6,1,6,5,5,7,2,0,P,SUBA,25B,4D,5,17,3200,,0,1051,,G,,F,4,152,,,16R205,,,,,,0,0,000000000,00000000000,0,0,0,1,0,0,0,0,0,0,0,999,0,0,0,12,12,6,2,8,0,0,0,1,36,12414,6,1,0,0,3,0,70,999,0,0,0,0,0,0,0,0,0,0,0,0,0,0,3,2,65,1,1,2,1,0,0,1,80,99,1,1,13,0,0
36,360352,1,1,1,27,6,16,34,9,0,1,0,36,3,20,481,20481,31,2007,1GCEC14X17Z1,1,G,C,E,C,1,4,X,1,7,Z,1,0,T,CHEV,SC1,PK,7,17,,2,1330,1190,SIL,G,,,6,262,,,,B,4211,01,,42,0,0,000000000,00000000000,0,0,0,1,0,0,0,0,0,0,0,999,0,0,0,12,12,6,2,9,0,0,0,1,36,14424,6,1,0,0,3,0,74,999,0,0,0,1,1,8,2010,3,2011,0,0,0,0,0,1,2,40,1,1,2,1,28,3,1,83,99,1,1,13,0,0
36,360353,1,1,4,24,4,21,14,8,0,1,0,36,2,12,17,12017,4,2003,1FAHP53U93A1,1,F,A,H,P,5,3,U,9,3,A,1,0,P,FORD,TSE,4D,3,17,3336,,0,1085,,G,,F,6,182,,,16R215,,,,,,0,0,000000000,00000000000,0,0,0,1,0,0,0,0,0,0,0,999,0,0,0,12,12,6,2,8,0,0,0,1,36,11968,6,1,0,0,3,3,62,999,0,0,0,0,0,0,0,0,0,0,92,0,0,0,1,2,99,1,1,2,2,0,0,1,80,99,1,1,13,0,0
36,360354,1,2,1,12,6,11,13,12,2,1,0,36,3,12,16,12016,4,2008,999999999999,9,9,9,9,9,9,9,9,9,9,9,9,0,,,,,,,,,,,,,,,,,,,,,,,,,0,0,000000000,00000000000,0,0,0,1,0,0,0,0,0,0,0,999,0,0,0,12,12,6,2,12,0,0,0,1,36,14901,6,1,0,0,3,0,70,999,0,0,0,0,0,0,0,0,0,0,0,0,0,0,1,2,55,2,1,2,1,0,0,14,10,99,1,1,50,1,0
36,360354,2,2,1,12,6,11,13,12,2,1,0,36,1,20,37,20037,4,2000,1G1ND52J8Y62,1,G,1,N,D,5,2,J,8,Y,6,2,0,P,CHEV,MAL,4D,0,17,3051,,0,1070,,G,,F,6,191,,,15R215,,,,,,0,0,000000000,00000000000,0,0,0,1,0,0,0,0,0,0,0,999,0,0,0,12,12,6,2,12,0,0,0,1,36,14901,6,1,0,0,3,0,68,999,0,0,0,0,4,3,2009,3,2011,0,0,0,0,0,1,2,55,3,1,2,1,0,0,14,62,99,1,1,51,1,0
36,360355,1,3,2,21,6,12,35,12,7,1,0,36,1,18,2,18002,4,2003,1G4HP54K3341,1,G,4,H,P,5,4,K,3,3,4,1,0,P,BUIC,LCF,4D,3,17,3567,,0,1122,,G,,F,6,231,,,15R215,,,,,,0,0,000000000,00000000000,0,0,0,1,0,0,0,0,0,0,0,999,0,0,0,9,12,6,2,12,0,0,0,1,36,11746,6,1,0,0,3,0,72,999,0,0,0,0,0,0,0,0,0,0,27,0,0,0,1,4,40,1,2,2,1,0,0,15,10,99,1,2,47,1,0
36,360355,2,3,1,21,6,12,35,12,7,1,0,36,2,42,42,42042,4,2010,WDDGF8BB3AR0,W,D,D,G,F,8,B,B,3,A,R,0,0,P,MERZ,C4A,4D,10,17,3737,,0,1087,,G,,F,6,183,,,17R225,,,,,,0,0,000000000,00000000000,0,0,0,1,0,0,0,0,0,0,0,999,0,0,0,82,82,2,1,12,0,0,0,1,36,11791,6,1,0,0,3,0,64,999,0,0,0,0,0,0,0,0,0,0,0,0,0,0,1,4,40,1,2,2,1,0,0,1,61,99,1,1,45,0,0
36,360355,3,3,1,21,6,12,35,12,7,1,0,36,1,49,403,49403,14,2008,JTEEW44A9820,J,T,E,E,W,4,4,A,9,8,2,0,0,P,TOYT,HIG,UT,8,17,4641,,0,1098,,B,,F,6,201,,,19R245,,,,,,0,0,000000000,00000000000,0,0,0,1,0,0,0,0,0,0,0,999,0,0,0,12,12,6,2,12,0,0,0,1,36,11743,6,1,0,0,3,3,68,999,0,0,0,0,0,0,0,0,0,0,0,0,0,0,1,4,40,1,2,2,1,0,0,1,62,99,1,1,98,0,0
36,360356,1,1,1,8,4,23,59,14,0,1,0,36,1,42,51,42051,4,2006,WDDDJ76X66A0,W,D,D,D,J,7,6,X,6,6,A,0,0,P,MERZ,CSG,C4,6,17,4245,,0,1123,,G,,Z,8,332,,,18R255,,,,,,0,0,000000000,00000000000,0,0,0,1,0,0,0,0,0,0,0,998,0,0,0,1,12,6,2,2,0,0,1,1,36,11757,6,1,0,0,3,0,61,999,0,0,0,1,2,5,2010,11,2010,1,0,0,0,0,3,2,50,3,1,1,1,0,0,14,11,99,1,4,11,1,1
36,360357,1,2,1,26,4,7,50,12,8,1,0,36,3,82,881,82881,66,2000,1FUPFXYB8YLF,1,F,U,P,F,X,Y,B,8,Y,L,F,1,T,FRHT,FLD,TR,0,17,,8,0,0,CON,D,,,6,893,,,,,00000,00,,64,1,57,1652250,571652250,3,6,7,1,0,0,0,0,0,0,0,999,0,0,0,62,63,6,2,12,0,0,0,1,36,11368,6,1,6,0,3,0,65,999,2,14,0,1,2,4,2008,7,2010,0,0,0,0,0,1,2,40,3,2,2,1,0,0,14,62,99,1,1,65,0,0
36,360357,2,2,1,26,4,7,50,12,8,1,0,36,2,37,31,37031,2,1995,2HGEJ2229SH5,2,H,G,E,J,2,2,2,9,S,H,5,0,P,HOND,CID,CP,95,17,2168,,0,1032,,G,,F,4,091,,,13R175,,,,,,0,0,000000000,00000000000,0,0,0,1,0,0,0,0,0,0,0,999,0,0,0,63,62,6,2,12,0,0,0,1,36,11729,6,1,0,0,3,3,68,999,0,0,0,0,0,0,0,0,0,0,0,0,0,0,1,2,40,2,2,2,1,0,0,14,10,99,1,2,64,1,0
36,360358,1,2,2,18,6,3,9,12,6,1,0,36,2,52,40,52040,4,2001,6MMAP67P61T0,6,M,M,A,P,6,7,P,6,1,T,0,0,P,MITS,DLS,4D,1,17,3549,,0,1071,,G,,F,6,213,,,16R205,,,,,,0,0,000000000,00000000000,0,0,0,1,0,0,0,0,0,0,0,999,0,0,0,12,12,6,2,12,0,0,0,1,36,11550,2,1,0,0,2,2,73,999,0,1,0,0,0,11,2009,11,2009,1,37,74,0,0,1,2,30,1,1,2,1,3,3,1,17,99,1,1,88,0,1
36,360358,2,2,1,18,6,3,9,12,6,1,0,92,0,7,399,7399,4,1997,999999999999,9,9,9,9,9,9,9,9,9,9,9,9,0,,,,,,,,,,,,,,,,,,,,,,,,,0,0,000000000,00000000000,0,0,0,1,0,0,0,0,0,0,0,999,0,0,0,61,61,6,2,12,0,0,0,1,36,11575,1,1,0,0,2,0,73,999,0,1,0,0,1,3,2009,3,2011,0,0,0,0,0,1,2,30,1,1,2,1,3,3,1,66,99,1,1,89,1,1
36,360359,1,1,1,31,3,16,32,52,0,1,0,36,1,37,706,37706,80,2002,JH2SC50052M0,J,H,2,S,C,5,0,0,5,2,M,0,0,M,HOND,CR9,RC,2,17,,,,,,,954,,4,,4,999,,,,,,,0,0,000000000,00000000000,0,0,0,1,0,0,0,0,0,0,0,999,0,0,0,3,3,6,2,52,0,0,0,1,36,13206,1,1,0,0,2,2,72,999,1,0,0,0,0,12,2008,12,2008,1,74,0,0,0,3,3,55,3,2,2,1,0,0,14,13,99,1,4,1,1,0
36,360360,1,1,1,27,5,15,0,8,0,1,0,36,2,12,461,12461,21,2001,NY71102,N,Y,7,1,1,0,2,,,,,,0,T,FORD,,,1,7,,,,,,,,,,,,,,,,,,,0,0,000000000,00000000000,0,0,0,1,0,0,0,0,0,0,0,999,0,0,0,12,12,9,9,8,0,0,0,1,36,11229,6,1,0,0,3,3,67,999,0,0,0,0,0,0,0,0,0,0,0,0,0,0,4,2,30,1,1,2,1,0,0,1,80,99,1,1,13,0,0
36,360361,1,1,2,16,5,13,6,42,0,1,0,36,2,59,31,59031,4,2002,JTHBF30G5200,J,T,H,B,F,3,0,G,5,2,0,0,0,P,LEXS,ES3,4D,2,17,3439,,0,1071,,G,,F,6,183,,,16R215,,,,,,0,0,000000000,00000000000,0,0,0,1,0,0,0,0,0,0,0,999,0,0,0,12,12,6,2,42,0,0,0,1,36,11520,6,1,0,0,3,3,73,999,0,1,0,0,1,4,2011,5,2011,1,0,0,0,0,6,1,55,2,1,2,1,0,0,14,12,99,1,4,6,1,0
36,360362,1,1,1,4,6,18,20,9,0,1,0,36,2,34,43,34043,2,2011,WBAUP9C53BVL,W,B,A,U,P,9,C,5,3,B,V,L,0,P,BMW,12I,CP,11,17,3329,,0,1047,,G,,F,6,183,,,16R205,,,,,,0,0,000000000,00000000000,0,0,0,1,0,0,0,0,0,0,0,25,0,0,0,98,98,8,1,9,0,0,0,1,36,11204,6,1,0,0,3,3,66,999,0,0,0,0,0,0,0,0,0,0,0,0,0,0,4,1,30,1,1,2,98,3,3,1,83,99,1,1,13,0,0
36,360363,1,1,1,7,6,1,56,8,0,1,1,99,9,99,999,99999,99,9999,999999999999,9,9,9,9,9,9,9,9,9,9,9,9,0,,,,,,,,,,,,,,,,,,,,,,,,,0,0,000000000,00000000000,0,0,0,1,0,0,0,0,0,0,0,999,0,0,0,99,99,9,1,8,0,0,0,1,99,99999,9,9,99,9,9,9,999,999,99,99,99,99,99,99,9999,99,9999,9,0,0,0,0,1,4,99,1,1,2,1,3,3,99,80,99,9,9,13,0,0
36,360364,1,2,1,15,6,12,18,12,1,1,0,36,1,20,444,20444,20,2007,1GNDV23127D1,1,G,N,D,V,2,3,1,2,7,D,1,0,T,CHEV,DLS,ES,7,17,,1,0,1211,UPL,G,,,6,238,,,,,4233,00,,42,0,0,000000000,00000000000,0,0,0,1,0,0,0,0,0,0,0,0,0,0,0,6,6,4,3,12,0,0,0,1,36,10950,6,1,0,0,3,3,74,999,0,10,0,0,3,10,2008,9,2010,0,54,0,0,0,2,3,65,1,1,2,1,0,0,5,53,1,1,1,21,0,0
36,360364,2,2,1,15,6,12,18,12,1,1,0,36,1,73,706,73706,80,2005,JKBVNKD185A0,J,K,B,V,N,K,D,1,8,5,A,0,0,M,KAWK,VNK,RS,5,17,,,,,,,1552,,2,,4,772,,,,,,,0,0,000000000,00000000000,0,0,0,1,0,0,0,0,0,0,0,999,0,0,0,12,12,6,2,12,0,0,0,1,36,13783,6,1,6,0,3,3,68,999,0,0,0,0,0,0,0,0,0,0,0,0,0,0,2,3,65,1,1,2,1,0,0,16,50,99,1,1,20,1,1
36,360365,1,1,1,15,6,23,58,8,0,1,1,36,1,20,870,20870,61,2008,1GBJG31K3811,1,G,B,J,G,3,1,K,3,8,1,1,0,T,CHEV,CT3,YY,8,17,,3,0,1500,ETV,G,,,8,366,,,,D,4528,04,,42,0,57,1760872,571760872,2,1,1,1,0,0,0,0,0,0,0,50,0,0,0,12,12,6,2,8,0,0,0,1,36,11501,6,1,0,0,3,0,70,999,3,0,0,0,0,10,2009,12,2010,1,0,0,0,0,1,4,35,1,1,2,1,0,0,1,80,99,1,1,13,0,0
36,360366,1,1,1,17,6,2,20,1,0,1,0,36,1,53,705,53705,80,2003,JS1GN7BA4321,J,S,1,G,N,7,B,A,4,3,2,1,0,M,SUZI,G60,RC,3,17,,,,,,,599,,4,,4,359,,,,,,,0,0,000000000,00000000000,0,0,0,1,0,0,0,0,0,0,0,999,0,0,0,0,12,6,2,30,0,0,0,1,36,13316,6,1,0,0,3,0,68,999,0,0,0,0,0,0,0,0,0,1,0,0,0,0,1,2,30,4,3,2,1,0,0,14,98,99,7,1,98,1,1
36,360367,1,2,1,15,6,11,25,12,2,1,0,36,2,21,2,21002,4,1995,1G3HN52K6S48,1,G,3,H,N,5,2,K,6,S,4,8,0,P,OLDS,88R,4D,95,17,3439,,0,1108,,G,,F,6,231,,,15R205,,,,,,0,0,000000000,00000000000,0,0,0,1,0,0,0,0,0,0,0,999,3,0,0,12,12,6,2,12,0,0,0,1,36,13209,6,1,0,0,3,0,65,999,2,7,0,1,1,8,2008,10,2010,0,0,0,0,0,1,2,45,3,1,2,1,0,0,14,10,99,1,2,50,1,0
36,360367,2,2,1,15,6,11,25,12,2,1,0,36,3,98,881,98881,63,2006,10TFAAP116S0,1,0,T,F,A,A,P,1,1,6,S,0,0,T,OSHK,SSE,TM,6,17,,8,0,0,SSE,D,,,6,763,,,,,00000,00,,86,0,77,777777777,77777777777,3,2,5,1,0,0,0,0,0,0,0,999,0,0,0,12,12,6,2,12,0,0,0,1,36,13021,6,1,6,0,3,0,74,999,0,0,0,1,0,5,2009,5,2009,0,0,0,0,0,1,2,45,2,1,2,1,0,0,14,62,99,1,1,51,0,0
36,360368,1,1,1,17,5,0,41,8,0,1,0,36,3,86,881,86881,63,2000,1M2P268C4YM0,1,M,2,P,2,6,8,C,4,Y,M,0,0,T,MACK,RD6,CC,0,17,,8,0,0,600,D,,,6,728,,,,,00000,00,,64,0,57,78ff,5778ff,3,2,4,1,0,0,0,0,0,0,0,3,0,0,0,6,6,0,1,8,0,0,0,1,36,11201,6,1,6,0,3,0,71,999,1,0,0,0,0,6,2010,6,2010,0,0,0,0,0,3,3,50,4,1,2,2,98,9,13,80,99,1,1,92,0,0
36,360369,1,1,1,19,6,20,30,8,0,1,0,36,1,34,401,34401,14,2002,5UXFA53512LP,5,U,X,F,A,5,3,5,1,2,L,P,0,P,BMW,BX5,UT,2,17,4533,,0,1110,,G,,F,6,182,,,17R235,,,,,,0,0,000000000,00000000000,0,0,0,1,0,0,0,0,0,0,0,999,0,0,0,98,98,9,1,8,0,0,0,1,36,10466,6,1,6,0,3,0,74,999,0,3,0,1,1,7,2009,5,2011,0,0,0,0,0,1,2,30,1,1,2,1,0,0,1,80,99,1,1,13,0,0
36,360370,1,1,2,20,6,17,45,14,0,1,0,36,1,12,37,12037,4,2006,1FAFP34N76W2,1,F,A,F,P,3,4,N,7,6,W,2,0,P,FORD,ZX4,4D,6,17,2676,,0,1029,,G,,F,4,122,,,15R195,,,,,,0,0,000000000,00000000000,0,0,0,1,0,0,0,0,0,0,0,999,0,1,1,12,61,6,2,1,0,0,0,1,36,10301,6,1,0,0,3,3,67,999,1,0,0,0,0,8,2008,8,2008,0,0,0,0,0,1,2,30,1,2,2,1,0,0,1,8,6,7,4,7,1,0
36,360371,1,2,2,7,6,22,21,1,0,1,0,36,1,53,706,53706,80,2008,JS1GT77A4821,J,S,1,G,T,7,7,A,4,8,2,1,0,M,SUZI,XR1,RC,8,17,,,,,,,999,,4,,4,379,,,,,,,0,0,000000000,00000000000,0,0,0,1,0,0,0,0,0,0,0,999,0,0,0,0,99,6,2,12,0,0,0,1,36,14213,6,1,0,0,3,0,69,999,2,2,0,3,1,9,2008,6,2011,1,27,0,0,0,3,4,55,2,1,2,1,0,0,6,6,99,7,2,98,1,0
36,360371,2,2,1,7,6,22,21,1,0,1,0,23,3,86,881,86881,66,2005,999999999999,9,9,9,9,9,9,9,9,9,9,9,9,2,,,,,,,,,,,,,,,,,,,,,,,,,1,57,00063391,5700063391,3,7,1,1,0,0,0,0,0,0,0,999,0,0,0,14,14,4,3,12,0,0,0,1,36,14094,6,1,6,0,3,0,67,999,0,0,0,0,0,0,0,0,0,0,0,0,0,0,3,4,55,2,1,2,1,0,0,14,60,99,1,1,98,0,0
36,360372,1,1,1,20,6,1,30,8,0,1,1,99,9,99,999,99999,99,9999,999999999999,9,9,9,9,9,9,9,9,9,9,9,9,0,,,,,,,,,,,,,,,,,,,,,,,,,0,0,000000000,00000000000,0,0,0,1,0,0,0,0,0,0,0,999,0,0,0,98,98,9,1,8,0,0,0,1,99,99999,9,9,99,9,9,9,999,999,99,99,99,99,99,99,9999,99,9999,9,0,0,0,0,1,4,30,1,1,2,1,0,0,1,80,99,9,9,13,0,0
36,360373,1,1,2,21,6,16,42,18,0,1,0,36,2,12,401,12401,14,2003,1FMZU70E83UA,1,F,M,Z,U,7,0,E,8,3,U,A,0,P,FORD,EPR,UT,3,17,4027,,0,1018,,G,,F,6,245,,,16R235,,,,,,0,0,000000000,00000000000,0,0,0,1,0,0,0,0,0,0,0,999,0,1,1,12,12,6,2,1,0,0,0,1,36,12831,6,1,0,0,3,3,72,999,0,2,0,0,0,12,2010,6,2011,0,81,0,0,0,3,2,65,3,2,2,1,0,0,14,90,7,1,2,12,1,0
36,360374,1,2,1,8,6,9,34,54,11,1,0,36,3,86,881,86881,66,2001,1M1AA18Y41W1,1,M,1,A,A,1,8,Y,4,1,W,1,1,T,MACK,CH6,TR,1,17,,8,0,0,600,D,,,6,728,,,,,00000,00,,64,1,57,1491465,571491465,3,6,3,1,0,0,0,0,0,0,0,999,0,0,0,18,18,2,1,54,0,0,0,1,36,13815,6,1,6,0,3,0,72,999,0,0,0,0,0,0,0,0,0,0,0,0,0,0,1,2,55,1,1,2,1,0,0,2,98,99,1,1,98,0,0
36,360374,2,2,2,8,6,9,34,54,11,1,0,95,1,37,709,37709,80,1985,999999999999,9,9,9,9,9,9,9,9,9,9,9,9,0,,,,,,,,,,,,,,,,,,,,,,,,,0,0,000000000,00000000000,0,0,0,1,0,0,0,0,0,0,0,999,0,0,0,13,12,6,2,54,0,0,0,1,95,0,9,9,99,9,9,9,999,999,99,99,99,99,99,99,9999,99,9999,0,0,0,0,0,1,2,55,1,1,2,1,0,0,1,98,99,1,1,98,2,0
36,360375,1,1,1,21,6,21,2,8,0,1,0,36,1,6,442,6442,20,2003,1C4GJ45363B3,1,C,4,G,J,4,5,3,6,3,B,3,0,P,CHRY,VOV,SV,3,17,3884,,0,1133,,F,,F,6,201,,,15R215,,,,,,0,0,000000000,00000000000,0,0,0,1,0,0,0,0,0,0,0,999,0,0,0,12,12,6,2,8,0,0,0,1,36,12117,6,1,0,0,3,3,72,999,1,0,0,0,0,3,2009,3,2009,0,84,0,0,0,1,2,55,1,1,2,1,0,0,1,80,7,1,4,13,0,0
36,360376,1,1,1,8,6,17,50,25,0,1,0,36,1,35,32,35032,2,1998,JN1AS44D1WW1,J,N,1,A,S,4,4,D,1,W,W,1,0,P,NISS,2LS,CP,98,17,0,,0,994,,G,,F,4,146,,,15R195,,,,,,0,0,000000000,00000000000,0,0,0,1,0,0,0,0,0,0,0,999,0,0,0,12,12,6,2,25,0,0,0,1,36,11360,6,1,0,0,3,3,71,999,0,2,0,0,0,4,2009,6,2009,0,0,0,0,0,3,3,99,1,1,2,1,0,0,1,13,99,1,4,1,1,0
36,360377,1,1,1,26,6,14,46,24,0,1,0,36,1,53,705,53705,80,1996,JS1NP41A7T21,J,S,1,N,P,4,1,A,7,T,2,1,0,M,SUZI,LS6,RS,96,17,,,,,,,652,,1,,4,352,,,,,,,0,0,000000000,00000000000,0,0,0,1,0,0,0,0,0,0,0,999,0,0,0,1,1,6,2,24,0,0,0,1,36,14845,6,1,0,0,3,3,64,999,0,0,0,0,0,0,0,0,0,0,51,0,0,0,1,4,30,1,2,2,1,28,3,11,15,99,1,4,1,1,0
36,360378,1,1,1,27,6,17,31,9,0,1,0,36,1,39,36,39036,4,2003,SAJEA51D93XD,S,A,J,E,A,5,1,D,9,3,X,D,0,P,JAGU,XT2,4D,3,17,3516,,0,1067,,G,,F,6,152,,,16R205,,,,,,0,0,000000000,00000000000,0,0,0,1,0,0,0,0,0,0,0,999,0,0,0,12,12,6,2,9,0,0,0,1,36,10038,6,1,0,0,3,3,70,999,0,0,0,0,3,3,2009,7,2010,0,0,0,0,0,1,6,30,1,1,2,1,3,3,1,83,99,1,1,13,0,0
36,360379,1,1,1,28,6,19,45,8,0,1,0,36,2,52,401,52401,14,1999,JA4MT41R4XP0,J,A,4,M,T,4,1,R,4,X,P,0,0,P,MITS,MNS,UT,99,17,4145,,0,1073,,G,,F,6,213,,,15R265,,,,,,0,0,000000000,00000000000,0,0,0,1,0,0,0,0,0,0,0,20,0,0,0,12,12,2,1,8,0,0,0,1,36,11433,6,1,0,0,3,0,69,999,0,0,0,0,0,0,0,0,0,0,0,0,0,0,1,2,30,1,2,2,1,0,0,1,80,99,1,1,13,0,1
36,360380,1,1,1,29,6,7,14,42,0,1,0,36,2,14,6,14006,1,1996,2MELM74W9TX6,2,M,E,L,M,7,4,W,9,T,X,6,0,P,MERC,GMG,4D,96,17,3796,,0,1144,,G,,F,8,281,,,15R215,,,,,,0,0,000000000,00000000000,0,0,0,1,0,0,0,0,0,0,0,65,0,0,0,9,9,6,2,42,0,0,0,1,36,14482,1,1,0,0,2,2,72,999,2,10,0,0,2,4,2009,6,2011,0,74,0,0,0,1,2,55,1,1,2,1,0,0,6,8,99,1,4,6,1,0
36,360381,1,1,1,28,3,20,19,8,0,1,0,36,3,12,881,12881,63,1992,1FDXK74P5NVA,1,F,D,X,K,7,4,P,5,N,V,A,0,T,FORD,F7F,CC,92,17,,7,2550,1290,MHV,D,,,6,401,,,,GN,00000,00,,42,0,57,1615341,571615341,3,1,7,1,0,0,0,0,0,0,0,999,0,0,0,12,12,0,3,8,0,0,0,1,36,14513,6,1,6,0,3,0,74,999,1,0,0,0,0,12,2010,12,2010,0,0,0,0,0,1,2,30,1,1,2,1,3,3,10,80,99,1,1,13,0,0