STATE,ST_CASE,VEH_NO,VE_FORMS,NUMOCCS,DAY,MONTH,HOUR,MINUTE,HARM_EV,MAN_COLL,UNITTYPE,HIT_RUN,REG_STAT,OWNER,MAKE,MODEL,MAK_MOD,BODY_TYP,MOD_YEAR,VIN,VIN_1,VIN_2,VIN_3,VIN_4,VIN_5,VIN_6,VIN_7,VIN_8,VIN_9,VIN_10,VIN_11,VIN_12,TOW_VEH,VINTYPE,VINMAKE,VINA_MOD,VIN_BT,VINMODYR,VIN_LNGT,VIN_WGT,WGTCD_TR,WHLBS_LG,WHLBS_SH,SER_TR,FUELCODE,MCYCL_DS,CARBUR,CYLINDER,DISPLACE,MCYCL_CY,MCYCL_WT,TIRE_SZE,TON_RAT,TRK_WT,TRKWTVAR,VIN_REST,WHLDRWHL,J_KNIFE,MCARR_I1,MCARR_I2,MCARR_ID,GVWR,V_CONFIG,CARGO_BT,HAZ_INV,HAZ_PLAC,HAZ_ID,HAZ_CNO,HAZ_REL,BUS_USE,SPEC_USE,EMER_USE,TRAV_SP,UNDERIDE,ROLLOVER,ROLINLOC,IMPACT1,IMPACT2,DEFORMED,TOWED,M_HARM,VEH_SC1,VEH_SC2,FIRE_EXP,DR_PRES,L_STATE,DR_ZIP,L_STATUS,L_TYPE,CDL_STAT,L_ENDORS,L_COMPL,L_RESTRI,DR_HGT,DR_WGT,PREV_ACC,PREV_SUS,PREV_DWI,PREV_SPD,PREV_OTH,FIRST_MO,FIRST_YR,LAST_MO,LAST_YR,SPEEDREL,DR_SF1,DR_SF2,DR_SF3,DR_SF4,VTRAFWAY,VNUM_LAN,VSPD_LIM,VALIGN,VPROFILE,VPAVETYP,VSURCOND,VTRAFCON,VTCONT_F,P_CRASH1,P_CRASH2,P_CRASH3,PCRASH4,PCRASH5,ACC_TYPE,DEATHS,DR_DRINK
36,360451,1,1,1,15,7,2,55,42,0,1,0,36,2,2,404,2404,14,1995,1J4FT67S4SL5,1,J,4,F,T,6,7,S,4,S,L,5,0,T,JEEP,SPT,2W,95,17,,1,0,1014,CHK,G,,,6,242,,,,,2787,00,M,42,0,0,000000000,00000000000,0,0,0,1,0,0,0,0,0,0,0,999,0,0,0,11,11,6,2,42,0,0,0,1,36,13042,0,0,0,0,0,0,70,999,0,1,0,0,0,12,2008,12,2008,1,39,0,0,0,1,2,45,1,1,2,1,20,3,1,14,99,1,4,14,1,1
36,360452,1,1,1,13,7,14,9,9,0,1,0,36,1,7,25,7025,5,2007,1B3HB48B57D1,1,B,3,H,B,4,8,B,5,7,D,1,0,P,DODG,CXT,4D,7,17,3038,,0,1037,,G,,F,4,122,,,17R215,,,,,,0,0,000000000,00000000000,0,0,0,1,0,0,0,0,0,0,0,999,0,0,0,62,62,2,3,9,0,0,0,1,36,14901,6,1,0,0,3,0,64,999,0,0,0,1,0,2,2011,2,2011,0,0,0,0,0,1,4,50,1,1,2,1,3,3,1,83,99,1,1,13,0,0
36,360453,1,2,1,15,7,19,50,12,6,1,0,36,1,7,482,7482,31,2006,1D7HU18236S6,1,D,7,H,U,1,8,2,3,6,S,6,0,T,DODG,SQ1,CW,6,17,,2,1605,1405,RPC,G,,,8,348,,,,B,5233,02,E,44,0,0,000000000,00000000000,0,0,0,1,0,0,0,0,0,0,0,999,0,0,0,12,12,6,2,12,0,0,0,1,36,13601,6,1,0,0,3,0,74,999,1,0,0,0,1,2,2010,6,2010,0,0,0,0,0,1,2,55,1,1,2,1,0,0,1,10,99,1,2,64,0,1
36,360453,2,2,1,15,7,19,50,12,6,1,0,36,1,72,706,72706,80,2011,1HD1FB410BB6,1,H,D,1,F,B,4,1,0,B,B,6,0,M,HD,FHR,RS,11,17,,,,,,,1584,,2,,4,775,,,,,,,0,0,000000000,00000000000,0,0,0,1,0,0,0,0,0,0,0,999,0,0,0,11,1,6,2,12,0,0,0,1,36,13601,6,1,6,0,3,0,70,999,1,1,0,0,0,10,2008,6,2010,0,0,0,0,0,1,2,55,1,1,2,1,0,0,1,62,99,1,1,65,1,1
36,360454,1,1,2,15,7,14,50,14,0,1,0,36,1,21,17,21017,4,1989,2G3AJ51N6K24,2,G,3,A,J,5,1,N,6,K,2,4,0,P,OLDS,CCI,4D,89,17,2642,,0,1049,,G,,F,6,204,,,14R185,,,,,,0,0,000000000,00000000000,0,0,0,1,0,0,0,0,0,0,0,999,0,0,0,12,12,6,2,19,0,0,0,1,36,11803,6,1,0,0,3,0,69,999,0,0,0,0,0,0,0,0,0,0,0,0,0,0,1,2,99,1,1,2,1,0,0,10,16,99,1,4,6,1,0
36,360455,1,2,1,11,7,11,20,12,6,1,0,36,1,2,405,2405,14,2005,1J4GL38KX5W7,1,J,4,G,L,3,8,K,X,5,W,7,0,T,JEEP,RNG,4W,5,17,,1,0,1043,LIB,G,,,6,226,,,,,4011,00,E,44,0,0,000000000,00000000000,0,0,0,1,0,0,0,0,0,0,0,55,0,0,0,9,9,6,2,12,0,0,0,1,36,14623,6,1,0,0,3,0,67,999,0,0,0,0,0,0,0,0,0,0,0,0,0,0,1,2,55,1,1,2,1,20,3,1,66,1,1,1,89,1,0
36,360455,2,2,1,11,7,11,20,12,6,1,0,36,2,12,881,12881,61,2008,1FDAF57R18EA,1,F,D,A,F,5,7,R,1,8,E,A,0,T,FORD,F5D,CB,8,17,,5,2010,1410,DRW,D,,,8,390,,,,D,6933,04,U,44,0,57,1391652,571391652,2,1,1,1,0,0,0,0,0,6,0,45,0,0,0,12,12,6,2,12,0,0,0,1,36,14626,6,1,6,0,3,0,70,999,0,0,0,0,0,0,0,0,0,0,39,0,0,0,1,2,55,1,1,2,1,20,3,1,17,99,1,1,88,0,0
36,360456,1,1,2,16,7,2,0,38,0,1,0,36,2,35,39,35039,4,2004,1N4BA41E74C8,1,N,4,B,A,4,1,E,7,4,C,8,0,P,NISS,MEL,4D,4,17,3310,,0,1112,,G,,F,6,214,,,17R225,,,,,,0,0,000000000,00000000000,0,0,0,1,0,0,0,0,0,0,0,999,0,0,0,12,12,6,2,2,0,0,1,1,36,11096,0,0,0,0,0,0,66,999,0,0,0,0,0,0,0,0,0,1,0,0,0,0,1,2,30,1,1,2,1,0,0,1,12,99,1,4,6,1,1
36,360457,1,1,3,17,7,16,5,52,0,1,0,36,2,35,47,35047,4,1995,1N4BU31D6SC2,1,N,4,B,U,3,1,D,6,S,C,2,0,P,NISS,AGS,4D,95,17,2800,,0,1031,,G,,F,4,146,,,15R205,,,,,,0,0,000000000,00000000000,0,0,0,1,0,0,0,0,0,0,0,999,0,1,5,12,12,6,2,1,0,0,0,1,36,11102,0,0,0,0,0,0,999,999,0,0,0,0,0,0,0,0,0,0,0,0,0,0,1,2,55,1,1,2,1,28,3,1,13,99,1,4,1,1,1
36,360458,1,2,1,12,7,0,37,12,6,1,0,26,2,20,398,20398,2,1964,41111C121190,4,1,1,1,1,C,1,2,1,1,9,0,0,P,CHEV,,,64,12,,,,,,,,,,,,,,,,,,,0,0,000000000,00000000000,0,0,0,1,0,0,0,0,0,0,0,999,0,0,0,82,82,6,2,12,0,0,0,1,36,11575,6,1,0,0,3,0,66,999,0,0,0,0,0,0,0,0,0,0,38,0,0,0,1,4,30,1,1,1,1,0,0,11,15,99,1,1,68,0,1
36,360458,2,2,1,12,7,0,37,12,6,1,0,92,0,53,705,53705,80,2004,JS1GR7JA6421,J,S,1,G,R,7,J,A,6,4,2,1,0,M,SUZI,SRK,RC,4,17,,,,,,,749,,4,,4,465,,,,,,,0,0,000000000,00000000000,0,0,0,1,0,0,0,0,0,0,0,999,0,0,0,12,12,6,2,12,0,0,0,1,36,11550,6,1,0,0,3,0,67,999,0,3,1,1,1,11,2008,9,2010,0,0,0,0,0,1,4,30,1,1,1,1,0,0,1,62,99,1,1,69,1,0
36,360459,1,1,1,15,5,19,33,42,0,1,0,92,0,53,709,53709,80,2000,999999999999,9,9,9,9,9,9,9,9,9,9,9,9,0,,,,,,,,,,,,,,,,,,,,,,,,,0,0,000000000,00000000000,0,0,0,1,0,0,0,0,0,0,0,999,0,0,0,12,12,6,2,42,0,0,0,1,36,11967,1,1,0,0,2,2,70,999,3,2,0,0,0,2,2009,3,2011,1,74,92,0,0,1,2,30,2,1,2,1,0,0,14,6,99,7,4,7,1,1
36,360460,1,2,2,5,6,16,53,12,6,1,0,36,2,20,16,20016,2,2002,1G1JC1245272,1,G,1,J,C,1,2,4,5,2,7,2,0,P,CHEV,CAV,CP,2,17,2617,,0,1041,,G,,F,4,133,,,14R195,,,,,,0,0,000000000,00000000000,0,0,0,1,0,0,0,0,0,0,0,999,0,0,0,3,3,6,2,12,0,0,0,1,36,14470,6,1,0,0,3,3,71,999,1,0,0,0,2,9,2008,11,2008,0,38,39,0,0,1,2,55,1,1,2,1,20,3,1,17,99,1,1,87,1,0
36,360460,2,2,3,5,6,16,53,12,6,1,0,36,2,55,401,55401,14,2009,5NMSG13D89H2,5,N,M,S,G,1,3,D,8,9,H,2,0,P,HYUN,SAN,UT,9,17,3727,,0,1063,,G,,F,6,162,,,16R235,,,,,,0,0,000000000,00000000000,0,0,0,1,0,0,0,0,0,0,0,999,0,0,0,12,12,6,2,12,0,0,0,1,36,14420,6,1,0,0,3,0,65,999,0,0,0,0,1,7,2009,7,2009,0,0,0,0,0,1,2,55,1,1,2,1,0,0,1,66,99,1,1,86,0,0
36,360461,1,2,1,16,7,15,37,12,9,1,0,36,1,53,706,53706,80,1981,999999999999,9,9,9,9,9,9,9,9,9,9,9,9,0,,,,,,,,,,,,,,,,,,,,,,,,,0,0,000000000,00000000000,0,0,0,1,0,0,0,0,0,0,0,999,0,0,0,11,11,6,2,12,0,0,0,1,36,14522,6,1,6,0,3,0,72,999,1,1,0,0,0,4,2009,6,2009,0,39,0,0,0,3,2,55,1,1,2,1,3,3,1,52,99,1,1,48,1,0
36,360461,2,2,3,16,7,15,37,12,9,1,0,36,1,2,405,2405,14,2003,1J4GL58KX3W6,1,J,4,G,L,5,8,K,X,3,W,6,0,T,JEEP,LMD,4W,3,17,,1,0,1043,LIB,G,,,6,226,,,,,3931,00,E,44,0,0,000000000,00000000000,0,0,0,1,0,0,0,0,0,0,0,5,0,0,0,6,6,6,2,12,0,0,0,1,12,33315,6,1,0,0,3,0,62,999,0,0,0,1,0,6,2009,6,2009,0,0,0,0,0,3,2,55,1,1,2,1,3,3,2,18,99,1,1,48,0,0
36,360462,1,2,1,18,5,7,34,12,6,1,0,36,1,54,35,54035,4,2010,19UUA9F29AA0,1,9,U,U,A,9,F,2,9,A,A,0,0,P,ACUR,AWT,4D,10,17,3962,,0,1093,,G,,F,6,226,,,18R245,,,,,,0,0,000000000,00000000000,0,0,0,1,0,0,0,0,0,0,0,999,0,0,0,12,12,6,2,12,0,0,0,1,36,14467,6,1,0,0,3,3,71,999,0,0,0,0,0,0,0,0,0,0,38,0,0,0,3,2,45,1,1,2,2,3,3,11,15,99,1,1,68,0,0
36,360462,2,2,1,18,5,7,34,12,6,1,0,36,1,72,706,72706,80,1996,1HD1FBR10TY6,1,H,D,1,F,B,R,1,0,T,Y,6,0,M,HD,LRI,RS,96,17,,,,,,,1340,,2,,4,692,,,,,,,0,0,000000000,00000000000,0,0,0,1,0,0,0,0,0,0,0,999,0,0,0,9,9,6,2,12,0,0,0,1,36,14502,6,1,0,0,3,0,74,999,0,0,0,0,0,0,0,0,0,0,0,0,0,0,3,2,45,1,1,2,2,3,3,1,62,99,1,1,69,1,0
36,360463,1,1,1,5,6,0,27,8,0,1,0,36,1,41,49,41049,4,2004,JM1FE1735401,J,M,1,F,E,1,7,3,5,4,0,1,0,P,MAZD,RX8,C4,4,17,3029,,0,1064,,G,,F,R,080,,,18R225,,,,,,0,0,000000000,00000000000,0,0,0,1,0,0,0,0,0,0,0,999,0,0,0,12,12,6,2,8,0,0,0,1,36,11731,6,1,0,0,3,0,69,999,0,0,0,0,0,0,0,0,0,0,0,0,0,0,3,2,55,1,1,2,1,0,0,1,80,99,1,1,13,0,0
36,360464,1,2,1,25,2,13,40,12,6,1,0,51,1,20,37,20037,4,2004,1G1ZT64864F1,1,G,1,Z,T,6,4,8,6,4,F,1,0,P,CHEV,XLS,4D,4,17,3458,,0,1123,,G,,F,6,214,,,16R215,,,,,,0,0,000000000,00000000000,0,0,0,1,0,0,0,0,0,0,0,999,0,0,0,3,3,6,2,12,0,0,0,1,51,24580,6,1,0,0,3,0,67,161,0,0,0,0,0,0,0,0,0,0,87,0,0,0,1,2,99,1,1,2,3,28,3,1,10,99,9,2,64,1,0
36,360464,2,2,1,25,2,13,40,12,6,1,0,36,3,20,461,20461,21,2004,1GCGG25U4411,1,G,C,G,G,2,5,U,4,4,1,1,0,T,CHEV,E25,CG,4,17,,2,0,1350,EXP,G,,,8,364,,,,C,5002,00,,42,0,0,000000000,00000000000,0,0,0,1,0,0,0,0,0,0,0,999,0,0,0,12,12,6,2,12,0,0,0,1,36,13209,6,1,0,0,3,0,66,999,1,0,0,0,1,5,2010,2,2011,0,0,0,0,0,1,2,99,1,1,2,3,28,3,1,61,99,1,1,65,0,0
36,360465,1,1,1,13,6,1,45,30,0,1,0,36,1,37,706,37706,80,1991,JH2RC3807MM0,J,H,2,R,C,3,8,0,7,M,M,0,0,M,HOND,B75,RS,91,17,,,,,,,750,,4,,4,463,,,,,,,0,0,000000000,00000000000,0,0,0,1,0,0,0,0,0,0,0,999,0,0,0,12,12,6,2,30,0,0,0,1,36,11721,6,1,0,0,3,3,73,999,1,0,0,1,3,9,2008,11,2010,0,0,0,0,0,1,2,40,3,1,2,2,0,0,14,13,99,1,4,1,1,0
36,360466,1,2,1,15,7,6,46,12,6,1,0,36,1,73,706,73706,80,2007,JKAZXCD117A0,J,K,A,Z,X,C,D,1,1,7,A,0,0,M,KAWK,Z1D,RC,7,17,,,,,,,998,,4,,4,386,,,,,,,0,0,000000000,00000000000,0,0,0,1,0,0,0,0,0,0,0,999,0,0,0,12,12,6,2,12,0,0,0,1,36,11413,6,1,0,0,3,0,67,999,0,0,0,0,0,0,0,0,0,1,0,0,0,0,3,2,30,1,1,2,1,0,0,1,17,99,1,1,86,1,0
36,360466,2,2,1,15,7,6,46,12,6,1,0,36,1,12,17,12017,4,2000,1FAFP53U3YA1,1,F,A,F,P,5,3,U,3,Y,A,1,0,P,FORD,TSE,4D,0,17,3333,,0,1085,,G,,F,6,182,,,16R215,,,,,,0,0,000000000,00000000000,0,0,0,1,0,0,0,0,0,0,0,999,0,0,0,83,83,6,2,12,0,0,0,1,36,11693,6,1,0,0,3,0,75,999,0,0,0,1,1,3,2009,7,2011,0,0,0,0,0,3,2,30,1,1,2,1,0,0,1,68,99,1,1,87,0,0
36,360467,1,1,2,14,6,22,25,8,0,1,0,36,2,35,47,35047,4,2006,1N4AL11D16N3,1,N,4,A,L,1,1,D,1,6,N,3,0,P,NISS,ASL,4D,6,17,2915,,0,1102,,G,,F,4,153,,,16R215,,,,,,0,0,000000000,00000000000,0,0,0,1,0,0,0,0,0,0,0,999,0,0,0,12,12,6,2,8,0,0,0,1,36,11752,6,1,0,0,3,0,69,999,0,0,0,0,0,0,0,0,0,0,87,0,0,0,1,2,99,1,1,2,2,0,0,1,80,99,1,1,13,0,0
36,360468,1,1,2,20,6,11,36,42,0,1,0,36,1,18,20,18020,4,2003,2G4WB52K0312,2,G,4,W,B,5,2,K,0,3,1,2,0,P,BUIC,RLS,4D,3,17,3543,,0,1090,,G,,F,6,231,,,15R215,,,,,,0,0,000000000,00000000000,0,0,0,1,0,0,0,0,0,0,0,999,0,1,5,11,11,6,2,1,0,0,0,1,36,11731,6,1,0,0,3,3,74,999,0,0,0,0,0,0,0,0,0,0,0,0,0,0,2,2,99,1,1,2,1,0,0,1,12,99,1,4,6,1,0
36,360469,1,1,1,24,6,11,50,50,0,1,0,36,1,30,45,30045,2,1990,WVWDB450XLK0,W,V,W,D,B,4,5,0,X,L,K,0,0,P,VOLK,COR,CP,90,17,2660,,0,973,,G,,Z,4,109,,,15R195,,,,,,0,0,000000000,00000000000,0,0,0,1,0,0,0,0,0,0,0,999,0,0,0,12,9,6,2,3,0,0,0,1,36,12729,6,1,0,0,3,0,70,999,1,1,0,0,0,6,2008,1,2011,1,0,0,0,0,1,2,30,2,2,2,1,0,0,14,1,99,9,4,6,1,1
36,360470,1,1,1,26,6,4,15,38,0,1,0,36,2,35,47,35047,4,2010,1N4AL2AP7AN4,1,N,4,A,L,2,A,P,7,A,N,4,0,P,NISS,ATS,4D,10,17,3063,,0,1093,,G,,F,4,153,,,16R215,,,,,,0,0,000000000,00000000000,0,0,0,1,0,0,0,0,0,0,0,999,0,0,0,12,12,6,2,42,0,0,0,1,36,11767,6,1,0,0,3,0,73,999,0,0,0,0,0,0,0,0,0,1,0,0,0,0,1,2,30,3,2,2,1,0,0,14,13,99,1,4,1,1,1
36,360471,1,2,1,14,6,6,20,12,6,1,0,36,1,2,404,2404,14,2008,1J8GR48K08C1,1,J,8,G,R,4,8,K,0,8,C,1,0,T,JEEP,LRO,4W,8,17,,1,0,1095,GCK,G,,,6,226,,,,,4488,00,7,44,0,0,000000000,00000000000,0,0,0,1,0,0,0,0,0,0,0,999,0,0,0,12,12,6,2,12,0,0,0,1,36,11731,6,1,6,0,3,3,72,999,0,0,0,0,0,0,0,0,0,0,0,0,0,0,1,2,40,2,1,2,1,0,0,14,10,99,1,2,64,0,0
36,360471,2,2,1,14,6,6,20,12,6,1,0,36,2,37,31,37031,2,1997,2HGEJ6326VH1,2,H,G,E,J,6,3,2,6,V,H,1,0,P,HOND,UCC,2H,97,17,2238,,0,1032,,G,,F,4,097,,,14R185,,,,,,0,0,000000000,00000000000,0,0,0,1,0,0,0,0,0,0,0,999,0,0,0,3,3,6,2,12,0,0,0,1,36,11746,1,1,0,0,2,2,69,999,2,7,0,2,2,11,2008,5,2011,1,74,0,0,0,1,2,40,2,1,2,1,0,0,14,63,99,1,2,65,1,0
36,360472,1,2,1,14,6,2,27,12,6,1,0,36,2,37,32,37032,4,2004,1HGCM66514A0,1,H,G,C,M,6,6,5,1,4,A,0,0,P,HOND,UEX,4D,4,17,3384,,0,1079,,G,,F,6,183,,,000000,,,,,,0,0,000000000,00000000000,0,0,0,1,0,0,0,0,0,0,0,999,0,0,0,63,63,4,3,12,0,0,0,1,36,11935,1,1,0,0,2,2,72,999,0,1,0,1,0,10,2008,12,2009,0,74,92,0,0,3,2,30,1,1,1,1,0,0,1,66,99,1,1,89,0,0
36,360472,2,2,1,14,6,2,27,12,6,1,0,36,2,53,705,53705,80,2007,JS1GR7KA4721,J,S,1,G,R,7,K,A,4,7,2,1,0,M,SUZI,SX7,RC,7,17,,,,,,,749,,4,,4,359,,,,,,,0,0,000000000,00000000000,0,0,0,1,0,0,0,0,0,0,0,999,0,0,0,12,12,6,2,12,0,0,0,1,36,11704,2,1,0,0,2,0,71,999,0,3,1,0,0,7,2008,11,2010,1,39,0,0,0,3,2,30,1,1,1,1,0,0,1,17,99,1,1,88,1,0
36,360473,1,1,2,24,6,0,25,8,0,1,0,10,1,34,34,34034,4,2006,WBAVB13506PS,W,B,A,V,B,1,3,5,0,6,P,S,0,P,BMW,325,4D,6,17,3285,,0,1087,,G,,F,6,182,,,16R205,,,,,,0,0,000000000,00000000000,0,0,0,1,0,0,0,0,0,0,0,30,0,0,0,12,12,2,1,8,0,0,0,1,10,19971,6,1,0,0,3,0,72,999,0,0,0,2,0,10,2008,5,2009,0,0,0,0,0,1,2,30,1,1,1,1,3,3,1,80,99,1,1,13,0,0
36,360474,1,2,1,25,6,4,45,12,1,1,0,36,3,87,881,87881,63,2009,1NPVL00X29D7,1,N,P,V,L,0,0,X,2,9,D,7,1,T,PTRB,384,CC,9,17,,8,0,0,CON,D,,,6,659,,,,,00000,00,,64,1,57,906521,57906521,3,4,3,1,0,0,0,0,0,0,0,20,0,0,0,6,6,2,1,12,0,0,0,1,36,11784,6,1,6,1,3,3,73,999,1,0,0,0,3,10,2008,2,2010,0,0,0,0,0,2,4,40,1,2,2,2,0,0,2,18,99,1,1,29,0,0
36,360474,2,2,1,25,6,4,45,12,1,1,0,36,1,55,37,55037,2,2005,KMHHN65FX5U1,K,M,H,H,N,6,5,F,X,5,U,1,0,P,HYUN,TGT,CP,5,17,3015,,0,996,,G,,F,6,162,,,16R205,,,,,,0,0,000000000,00000000000,0,0,0,1,0,0,0,0,0,0,0,999,0,0,0,12,12,6,2,12,0,0,0,1,36,11961,6,1,0,0,3,3,64,999,2,0,0,0,0,6,2010,11,2010,0,87,0,0,0,2,4,40,1,2,2,2,0,0,1,52,99,1,2,28,1,1
36,360475,1,1,1,25,6,22,22,9,0,1,0,36,1,2,403,2403,14,2011,1J4GA2D18BL5,1,J,4,G,A,2,D,1,8,B,L,5,0,T,JEEP,WRS,2W,11,17,,1,0,954,WRA,G,,,6,230,,,,,3760,00,R,44,0,0,000000000,00000000000,0,0,0,1,0,0,0,0,0,0,0,999,0,0,0,12,11,6,2,9,0,0,0,1,36,11980,6,1,0,0,3,0,70,999,0,0,0,0,0,0,0,0,0,0,0,0,0,0,3,2,99,1,1,2,1,3,3,1,83,98,1,1,13,0,0
36,360476,1,3,1,19,7,12,41,12,2,1,0,36,1,21,17,21017,4,1995,1G3AJ55M3S64,1,G,3,A,J,5,5,M,3,S,6,4,0,P,OLDS,CRL,4D,95,17,2733,,0,1049,,G,,F,6,191,,,14R185,,,,,,0,0,000000000,00000000000,0,0,0,1,0,0,0,0,0,0,0,999,0,0,0,12,12,6,2,12,0,0,0,1,36,14527,6,1,6,0,3,0,69,999,0,0,0,0,0,0,0,0,0,1,33,35,36,0,1,2,55,2,2,2,1,0,0,6,10,99,1,2,50,0,1
36,360476,2,3,1,19,7,12,41,12,2,1,0,36,3,98,998,98998,92,1996,5401766,5,4,0,1,7,6,6,,,,,,0,U,,,,96,7,,,,,,,,,,,,,,,,,,,0,0,000000000,00000000000,0,0,0,1,0,0,0,0,0,0,0,999,7,0,0,12,12,6,2,12,0,0,0,1,36,14441,6,1,6,0,3,0,69,999,0,0,0,0,0,0,0,0,0,0,0,0,0,0,1,2,55,2,2,2,1,0,0,14,62,3,2,1,98,0,0
36,360476,3,3,14,19,7,12,41,12,2,1,0,42,2,7,461,7461,21,1997,2B5WB35Z8VK5,2,B,5,W,B,3,5,Z,8,V,K,5,0,P,DODG,RMW,SV,97,17,4817,,0,1272,,G,,F,8,360,,,000000,,,,,,0,0,000000000,00000000000,0,0,0,1,0,0,0,0,0,0,0,999,0,0,0,12,13,6,2,12,0,0,0,1,36,14839,6,1,0,0,3,3,68,999,0,0,0,0,1,11,2009,11,2009,0,0,0,0,0,1,2,55,3,2,2,1,0,0,14,62,99,1,1,51,6,0
36,360477,1,1,32,17,7,16,16,35,0,1,0,36,3,93,989,93989,51,2007,2M93JMPA97W0,2,M,9,3,J,M,P,A,9,7,W,0,0,P,MCIN,,,7,17,,,,,,,,,,,,,,,,,,,0,57,00016811,5700016811,3,21,22,1,0,0,0,0,5,0,0,999,0,1,5,81,81,6,2,1,0,0,0,1,36,14609,6,1,6,1,3,0,70,999,1,0,0,0,0,11,2010,11,2010,0,80,0,0,0,3,2,65,2,1,2,1,0,0,14,1,99,2,4,2,2,0
36,360478,1,1,2,18,7,17,38,42,0,1,0,36,1,54,39,54039,4,2007,JH4CL96867C0,J,H,4,C,L,9,6,8,6,7,C,0,0,P,ACUR,TSX,4D,7,17,3345,,0,1051,,G,,F,4,146,,,17R215,,,,,,0,0,000000000,00000000000,0,0,0,1,0,0,0,0,0,0,0,72,0,0,0,12,12,6,2,42,0,0,0,1,36,13827,6,1,0,0,3,3,68,999,0,0,0,0,0,0,0,0,0,0,92,0,0,0,3,2,65,1,1,2,1,0,0,1,13,7,1,4,1,1,0
36,360479,1,1,1,19,7,22,30,8,0,1,0,36,3,55,35,55035,4,2010,KMHDU4AD5AU8,K,M,H,D,U,4,A,D,5,A,U,8,0,P,HYUN,BGS,4D,10,17,2723,,0,1043,,G,,F,4,121,,,15R195,,,,,,0,0,000000000,00000000000,0,0,0,1,0,0,0,0,0,0,0,999,0,0,0,12,12,6,2,8,0,0,0,1,36,14228,6,1,0,0,3,3,66,999,2,0,0,0,0,12,2010,6,2011,0,0,0,0,0,1,2,99,2,1,2,1,0,0,14,80,99,1,4,13,0,0
36,360480,1,1,3,17,7,10,52,42,0,1,0,36,1,34,35,34035,4,2000,WBSDE9346YBZ,W,B,S,D,E,9,3,4,6,Y,B,Z,0,P,BMW,M5S,4D,0,17,4024,,0,1114,,G,,F,8,302,,,18R245,,,,,,0,0,000000000,00000000000,0,0,0,1,0,0,0,0,0,0,0,999,0,0,0,12,12,6,2,42,0,0,0,1,36,11714,6,1,0,0,3,0,75,999,0,0,0,1,3,8,2009,8,2010,0,0,0,0,0,3,3,50,1,1,2,1,0,0,1,13,99,1,4,1,1,0
36,360481,1,2,1,22,7,23,47,12,6,1,1,36,1,52,401,52401,14,2001,JA4MT21H61P0,J,A,4,M,T,2,1,H,6,1,P,0,0,P,MITS,MNS,UT,1,17,4095,,0,1073,,G,,F,6,181,,,15R235,,,,,,0,0,000000000,00000000000,0,0,0,1,0,0,0,0,0,0,0,999,0,0,0,12,62,6,2,12,0,0,0,1,36,11372,6,1,0,0,3,0,71,999,0,0,0,1,0,6,2011,6,2011,0,48,27,0,0,4,4,40,1,2,2,1,3,3,11,15,99,1,2,98,0,0
36,360481,2,2,3,22,7,23,47,12,6,1,0,36,3,7,24,7024,4,2011,2B3CL3CG4BH6,2,B,3,C,L,3,C,G,4,B,H,6,0,P,DODG,CHA,4D,11,17,3961,,0,1200,,F,,F,6,220,,,17R215,,,,,,0,0,000000000,00000000000,0,0,0,1,0,0,0,0,0,0,0,999,0,1,1,82,13,6,2,1,0,0,0,1,36,11434,6,1,0,0,3,0,71,999,0,0,0,1,0,6,2011,6,2011,0,0,0,0,0,4,4,40,1,2,2,1,3,3,1,61,99,1,1,98,1,0
36,360482,1,1,1,19,7,20,17,1,0,1,0,36,1,37,705,37705,80,2002,JH2PC35012M3,J,H,2,P,C,3,5,0,1,2,M,3,0,M,HOND,CF4,RC,2,17,,,,,,,599,,4,,4,370,,,,,,,0,0,000000000,00000000000,0,0,0,1,0,0,0,0,0,0,0,999,0,0,0,0,9,6,2,1,0,0,0,1,36,12205,6,1,0,0,3,0,69,999,0,0,0,0,0,0,0,0,0,1,52,0,0,0,3,4,55,4,1,2,1,0,0,14,98,99,1,1,98,1,0
36,360483,1,2,1,4,7,18,1,12,2,1,0,36,1,71,709,71709,80,2008,ZDM1XBGVX8B0,Z,D,M,1,X,B,G,V,X,8,B,0,0,M,DUCA,,,8,17,,,,,,,,,,,,,,,,,,,0,0,000000000,00000000000,0,0,0,1,0,0,0,0,0,0,0,999,0,0,0,12,12,6,2,12,0,0,0,1,36,11791,6,1,0,0,3,0,66,999,0,4,0,1,1,8,2008,9,2010,1,0,0,0,0,1,2,99,2,3,2,1,0,0,6,51,99,1,2,50,1,1
36,360483,2,2,7,4,7,18,1,12,2,1,0,36,1,37,441,37441,20,2008,5FNRL387X8B1,5,F,N,R,L,3,8,7,X,8,B,1,0,P,HOND,UDY,SV,8,17,4550,,0,1181,,G,,F,6,214,,,16R235,,,,,,0,0,000000000,00000000000,0,0,0,1,0,0,0,0,0,0,0,999,0,0,0,12,12,6,2,12,0,0,0,1,36,11791,6,1,0,0,3,0,64,999,0,0,0,0,0,0,0,0,0,0,0,0,0,0,1,2,99,3,3,2,1,0,0,14,62,99,1,1,51,0,0