STATE,ST_CASE,VEH_NO,VE_FORMS,NUMOCCS,DAY,MONTH,HOUR,MINUTE,HARM_EV,MAN_COLL,UNITTYPE,HIT_RUN,REG_STAT,OWNER,MAKE,MODEL,MAK_MOD,BODY_TYP,MOD_YEAR,VIN,VIN_1,VIN_2,VIN_3,VIN_4,VIN_5,VIN_6,VIN_7,VIN_8,VIN_9,VIN_10,VIN_11,VIN_12,TOW_VEH,VINTYPE,VINMAKE,VINA_MOD,VIN_BT,VINMODYR,VIN_LNGT,VIN_WGT,WGTCD_TR,WHLBS_LG,WHLBS_SH,SER_TR,FUELCODE,MCYCL_DS,CARBUR,CYLINDER,DISPLACE,MCYCL_CY,MCYCL_WT,TIRE_SZE,TON_RAT,TRK_WT,TRKWTVAR,VIN_REST,WHLDRWHL,J_KNIFE,MCARR_I1,MCARR_I2,MCARR_ID,GVWR,V_CONFIG,CARGO_BT,HAZ_INV,HAZ_PLAC,HAZ_ID,HAZ_CNO,HAZ_REL,BUS_USE,SPEC_USE,EMER_USE,TRAV_SP,UNDERIDE,ROLLOVER,ROLINLOC,IMPACT1,IMPACT2,DEFORMED,TOWED,M_HARM,VEH_SC1,VEH_SC2,FIRE_EXP,DR_PRES,L_STATE,DR_ZIP,L_STATUS,L_TYPE,CDL_STAT,L_ENDORS,L_COMPL,L_RESTRI,DR_HGT,DR_WGT,PREV_ACC,PREV_SUS,PREV_DWI,PREV_SPD,PREV_OTH,FIRST_MO,FIRST_YR,LAST_MO,LAST_YR,SPEEDREL,DR_SF1,DR_SF2,DR_SF3,DR_SF4,VTRAFWAY,VNUM_LAN,VSPD_LIM,VALIGN,VPROFILE,VPAVETYP,VSURCOND,VTRAFCON,VTCONT_F,P_CRASH1,P_CRASH2,P_CRASH3,PCRASH4,PCRASH5,ACC_TYPE,DEATHS,DR_DRINK
36,360484,1,1,2,26,6,4,52,24,0,1,0,36,2,37,32,37032,2,2004,1HGCM72644A0,1,H,G,C,M,7,2,6,4,4,A,0,0,P,HOND,UEX,CP,4,17,3060,,0,1051,,G,,F,4,146,,,15R205,,,,,,0,0,000000000,00000000000,0,0,0,1,0,0,0,0,0,0,0,100,0,1,5,12,1,6,2,1,0,0,0,1,36,10562,1,1,0,0,2,0,74,999,1,8,0,1,3,8,2008,8,2010,1,0,0,0,0,6,1,55,2,2,2,1,0,0,14,6,99,3,4,2,2,1
36,360485,1,1,1,13,6,21,13,8,0,1,1,36,2,35,48,35048,2,2010,JN1AZ4EH1AM5,J,N,1,A,Z,4,E,H,1,A,M,5,0,P,NISS,370,CP,10,17,3232,,0,1122,,G,,F,6,226,,,17R225,,,,,,0,0,000000000,00000000000,0,0,0,1,0,0,0,0,0,0,0,999,0,0,0,12,12,2,3,8,0,0,0,1,36,11224,6,1,0,0,3,0,73,999,1,0,0,1,1,3,2009,11,2010,1,0,0,0,0,2,4,99,1,1,2,1,3,3,1,80,99,1,1,13,0,0
36,360486,1,1,3,25,6,6,15,30,0,1,0,36,2,19,3,19003,4,2002,1G6KD54Y22U2,1,G,6,K,D,5,4,Y,2,2,U,2,0,P,CADI,DFW,4D,2,17,3978,,0,1153,,G,,F,8,279,,,16R225,,,,,,0,0,000000000,00000000000,0,0,0,1,0,0,0,0,0,0,0,55,0,0,0,62,62,6,2,30,0,0,0,1,36,11205,1,1,0,0,2,2,72,999,0,8,0,0,1,6,2010,8,2010,1,74,92,0,0,3,3,30,1,1,2,1,3,3,1,6,99,7,4,7,1,1
36,360487,1,2,1,16,6,15,36,8,0,1,1,99,9,35,421,35421,15,9999,999999999999,9,9,9,9,9,9,9,9,9,9,9,9,0,,,,,,,,,,,,,,,,,,,,,,,,,0,0,000000000,00000000000,0,0,0,1,0,0,0,0,0,0,0,999,0,0,0,99,99,9,1,8,0,0,0,1,99,99999,9,9,99,9,9,9,999,999,99,99,99,99,99,99,9999,99,9999,0,0,0,0,0,3,2,30,1,1,2,1,3,3,10,80,99,1,1,13,0,0
36,360487,2,2,2,16,6,15,36,8,0,1,0,36,1,35,49,35049,6,2010,JN8AS5MV3AW1,J,N,8,A,S,5,M,V,3,A,W,1,0,P,NISS,ROG,UT,10,17,3435,,0,1059,,G,,F,4,153,,,16R215,,,,,,0,0,000000000,00000000000,0,0,0,1,0,0,0,0,0,0,0,999,0,0,0,14,14,2,1,8,0,0,0,1,36,11229,6,1,0,0,3,0,66,999,0,0,0,0,0,0,0,0,0,0,0,0,0,0,3,2,30,1,1,2,1,3,3,10,80,99,1,1,98,0,0
36,360488,1,1,3,19,7,15,30,34,0,1,0,5,1,23,401,23401,14,2000,999999999999,9,9,9,9,9,9,9,9,9,9,9,9,0,,,,,,,,,,,,,,,,,,,,,,,,,0,0,000000000,00000000000,0,0,0,1,0,0,0,0,0,0,0,999,0,1,3,12,12,6,2,1,0,0,0,1,5,72209,6,1,6,0,3,3,65,999,0,0,0,0,2,3,2011,3,2011,1,0,0,0,0,3,2,65,1,2,2,1,0,0,6,12,6,1,4,8,1,0
36,360489,1,2,1,2,7,16,30,12,6,1,0,36,1,35,49,35049,6,2005,JN8AZ08W35W4,J,N,8,A,Z,0,8,W,3,5,W,4,0,P,NISS,MUR,UT,5,17,3829,,0,1112,,G,,F,6,213,,,18R235,,,,,,0,0,000000000,00000000000,0,0,0,1,0,0,0,0,0,0,0,999,0,0,0,9,11,6,2,12,0,0,0,1,36,11234,6,1,0,0,3,0,65,999,2,0,0,0,0,5,2009,5,2009,0,47,0,0,0,1,4,30,1,1,2,1,0,0,12,10,99,1,2,98,0,0
36,360489,2,2,1,2,7,16,30,12,6,1,0,36,1,53,706,53706,80,2007,JS1VY53AX721,J,S,1,V,Y,5,3,A,X,7,2,1,0,M,SUZI,ZR8,RS,7,17,,,,,,,1783,,2,,4,703,,,,,,,0,0,000000000,00000000000,0,0,0,1,0,0,0,0,0,0,0,36,0,0,0,12,12,6,2,12,0,0,0,1,36,11726,1,1,0,0,2,2,68,999,0,1,0,0,0,3,2011,3,2011,0,74,0,0,0,1,4,30,1,1,2,1,0,0,1,60,99,1,1,98,1,0
36,360490,1,1,1,13,5,0,23,24,0,1,0,36,1,98,709,98709,80,2008,5J11YBJB38W0,5,J,1,1,Y,B,J,B,3,8,W,0,0,U,,,,8,17,,,,,,,,,,,,,,,,,,,0,0,000000000,00000000000,0,0,0,1,0,0,0,0,0,0,0,999,0,0,0,3,3,6,2,59,0,0,0,1,36,14779,6,1,0,0,3,0,73,999,2,0,0,1,0,9,2009,3,2010,1,0,0,0,0,1,2,30,3,2,2,1,0,0,14,13,99,1,4,1,1,1
36,360491,1,1,3,22,7,18,44,53,0,1,0,36,1,22,9,22009,2,1996,2G2FS22K7T22,2,G,2,F,S,2,2,K,7,T,2,2,0,P,PONT,FBD,2H,96,17,3150,,0,1011,,G,,F,6,231,,,16R215,,,,,,0,0,000000000,00000000000,0,0,0,1,0,0,0,0,0,0,0,999,0,0,0,1,1,6,2,30,0,0,0,1,36,12154,6,1,6,0,3,0,69,999,0,0,0,0,0,0,0,0,0,1,0,0,0,0,1,2,35,3,1,2,1,28,3,14,13,99,1,4,1,2,1
36,360492,1,1,1,22,7,23,40,33,0,1,0,36,1,76,705,76705,80,2007,JYARJ10E77A0,J,Y,A,R,J,1,0,E,7,7,A,0,0,M,YAMA,YZF,RC,7,17,,,,,,,599,,4,,4,417,,,,,,,0,0,000000000,00000000000,0,0,0,1,0,0,0,0,0,0,0,999,0,0,0,14,12,6,2,30,0,0,0,1,36,14610,6,1,0,0,3,0,67,999,1,0,0,0,2,4,2010,12,2010,1,0,0,0,0,1,4,30,3,1,2,1,0,0,14,13,99,1,4,1,1,1
36,360493,1,1,1,21,7,23,24,34,0,1,0,36,2,7,20,7020,4,2000,1B3ES46C6YD5,1,B,3,E,S,4,6,C,6,Y,D,5,0,P,DODG,NSE,4D,0,17,2515,,0,1050,,G,,F,4,122,,,14R185,,,,,,0,0,000000000,00000000000,0,0,0,1,0,0,0,0,0,0,0,999,0,0,0,12,12,6,2,42,0,0,0,1,9,6069,9,9,99,9,9,9,999,999,99,99,99,99,99,99,9999,99,9999,0,0,0,0,0,1,2,55,2,1,2,1,0,0,14,12,99,1,4,6,1,0
36,360494,1,1,1,22,7,6,19,30,0,1,0,36,1,49,40,49040,4,2011,4T1BF3EK5BU2,4,T,1,B,F,3,E,K,5,B,U,2,0,P,TOYT,CBA,4D,11,17,3263,,0,1093,,G,,F,4,152,,,16R215,,,,,,0,0,000000000,00000000000,0,0,0,1,0,0,0,0,0,0,0,999,0,0,0,12,12,6,2,30,0,0,0,1,36,11590,6,1,0,0,3,3,62,999,0,0,0,0,0,0,0,0,0,0,39,0,0,0,1,4,99,1,1,2,1,3,3,1,17,99,1,4,1,1,0
36,360495,1,2,1,22,7,13,0,12,2,1,0,36,1,37,441,37441,20,1997,JHMRA1872VC0,J,H,M,R,A,1,8,7,2,V,C,0,0,P,HOND,ODY,SV,97,17,3382,,0,1114,,G,,F,4,132,,,15R205,,,,,,0,0,000000000,00000000000,0,0,0,1,0,0,0,0,0,0,0,999,0,0,0,12,12,6,2,12,0,0,0,1,36,13021,6,1,0,0,3,3,67,999,0,0,0,0,0,0,0,0,0,0,0,0,0,0,1,2,99,1,1,2,1,28,3,1,10,99,1,2,50,1,0
36,360495,2,2,1,22,7,13,0,12,2,1,0,36,2,35,47,35047,4,2002,1N4BL11E92C1,1,N,4,B,L,1,1,E,9,2,C,1,0,P,NISS,ABE,4D,2,17,3099,,0,1102,,G,,F,6,214,,,17R215,,,,,,0,0,000000000,00000000000,0,0,0,1,0,0,0,0,0,0,0,999,0,0,0,12,12,6,2,12,0,0,0,1,36,14502,6,1,0,0,3,3,62,999,1,0,0,0,1,12,2009,12,2010,0,0,0,0,0,1,2,55,1,1,2,1,28,3,1,62,99,1,1,51,0,0
36,360496,1,2,1,23,7,18,45,12,6,1,0,36,1,34,398,34398,2,1995,WBSBF9328SEH,W,B,S,B,F,9,3,2,8,S,E,H,0,P,BMW,M3S,CP,95,17,2950,,0,1063,,G,,F,6,182,,,17R235,,,,,,0,0,000000000,00000000000,0,0,0,1,0,0,0,0,0,0,0,999,0,0,0,12,12,6,2,12,0,0,0,1,36,10312,6,1,0,0,3,0,75,999,0,0,0,0,0,0,0,0,0,0,0,0,0,0,3,2,35,1,1,2,1,3,3,1,66,99,1,1,69,0,0
36,360496,2,2,2,23,7,18,45,12,6,1,0,36,1,55,36,55036,3,1999,KMHVD34N3XU4,K,M,H,V,D,3,4,N,3,X,U,4,0,P,HYUN,ASI,2H,99,17,2132,,0,945,,G,,F,4,091,,,13R175,,,,,,0,0,000000000,00000000000,0,0,0,1,0,0,0,0,0,0,0,999,0,0,0,3,3,6,2,12,0,0,0,1,36,11228,6,1,0,0,3,0,67,999,0,0,0,0,0,0,0,0,0,0,38,0,0,0,3,2,35,1,1,2,1,3,3,11,15,99,1,2,68,1,0
36,360497,1,1,1,23,7,8,52,42,0,1,0,36,2,22,32,22032,6,2003,5Y2SM62883Z4,5,Y,2,S,M,6,2,8,8,3,Z,4,0,P,PONT,VA4,4H,3,17,2980,,0,1024,,G,,F,4,110,,,16R205,,,,,,0,0,000000000,00000000000,0,0,0,1,0,0,0,0,0,0,0,999,0,0,0,12,12,6,2,42,0,0,0,1,36,11764,6,1,0,0,3,0,71,999,0,1,0,0,0,7,2008,7,2008,0,0,0,0,0,1,4,50,3,1,2,1,28,3,14,13,99,1,4,1,1,0
36,360498,1,1,1,24,7,19,33,34,0,1,0,36,1,36,399,36399,1,1980,999999999999,9,9,9,9,9,9,9,9,9,9,9,9,0,,,,,,,,,,,,,,,,,,,,,,,,,0,0,000000000,00000000000,0,0,0,1,0,0,0,0,0,0,0,999,0,0,0,1,1,6,2,2,0,0,1,1,36,12777,6,1,0,0,3,3,71,999,0,1,1,0,0,3,2009,3,2009,1,0,0,0,0,1,2,55,2,1,2,1,0,0,14,13,99,1,4,1,1,1
36,360499,1,1,6,24,7,11,36,1,0,1,0,34,2,12,401,12401,14,1998,1FMZU24E9WUA,1,F,M,Z,U,2,4,E,9,W,U,A,0,P,FORD,EPR,UT,98,17,3919,,0,1017,,G,,F,6,245,,,15R225,,,,,,0,0,000000000,00000000000,0,0,0,1,0,0,0,0,0,0,0,999,0,1,3,0,98,6,2,1,0,0,0,1,34,7514,6,1,0,0,3,0,66,999,0,0,0,0,2,11,2009,9,2010,0,80,0,0,0,3,2,65,1,1,2,1,0,0,1,1,99,9,4,7,1,0
36,360500,1,2,1,24,7,10,55,12,6,1,0,36,1,12,481,12481,31,2004,1FTNF21LX4EC,1,F,T,N,F,2,1,L,X,4,E,C,0,T,FORD,F2S,PK,4,17,,2,0,1370,SRW,G,,,8,330,,,,C,5828,00,U,44,0,0,000000000,00000000000,0,0,0,1,0,0,0,0,0,0,0,999,0,0,0,12,12,6,2,12,0,0,0,1,36,12919,6,1,0,0,3,3,67,999,2,0,0,0,1,7,2009,5,2010,0,38,0,0,0,1,2,45,1,1,2,1,20,3,1,17,99,1,1,88,0,0
36,360500,2,2,2,24,7,10,55,12,6,1,0,36,1,72,706,72706,80,2009,1HD1GY4159K3,1,H,D,1,G,Y,4,1,5,9,K,3,0,M,HD,FTB,RS,9,17,,,,,,,1584,,2,,4,703,,,,,,,0,0,000000000,00000000000,0,0,0,1,0,0,0,0,0,0,0,999,0,0,0,11,12,6,2,12,0,0,0,1,36,12919,6,1,6,0,3,0,68,999,0,0,0,0,0,0,0,0,0,0,0,0,0,0,1,2,45,1,1,2,1,0,0,1,66,99,1,1,89,1,0
36,360501,1,2,1,24,7,4,31,12,2,1,0,36,3,20,23,20023,6,2011,3GNBABFW6BS6,3,G,N,B,A,B,F,W,6,B,S,6,0,P,CHEV,HHR,UT,11,17,3208,,0,1035,,F,,F,4,134,,,16R215,,,,,,0,0,000000000,00000000000,0,0,0,1,0,0,0,0,0,0,0,999,0,0,0,12,12,6,2,12,0,0,0,1,42,18301,6,1,0,0,3,3,63,999,0,0,0,0,0,0,0,0,0,0,51,0,0,0,3,3,55,3,1,2,1,0,0,14,98,99,1,1,98,0,1
36,360501,2,2,2,24,7,4,31,12,2,1,0,34,1,35,43,35043,4,2005,3N1CB51D45L4,3,N,1,C,B,5,1,D,4,5,L,4,0,P,NISS,S18,4D,5,17,2387,,0,998,,G,,F,4,108,,,15R195,,,,,,0,0,000000000,00000000000,0,0,0,1,0,0,0,0,0,0,0,999,0,0,0,12,12,6,2,12,0,0,0,1,34,7206,6,1,0,0,3,0,68,999,0,1,0,0,4,9,2009,12,2010,0,0,0,0,0,3,3,55,3,1,2,1,0,0,14,98,99,1,1,98,1,0
36,360502,1,2,1,24,7,23,2,8,0,1,0,36,2,49,40,49040,4,1999,JT2BF22K3X02,J,T,2,B,F,2,2,K,3,X,0,2,0,P,TOYT,XLL,4D,99,17,3175,,0,1051,,G,,F,6,183,,,15R205,,,,,,0,0,000000000,00000000000,0,0,0,1,0,0,0,0,0,0,0,55,0,0,0,12,12,6,2,8,0,0,0,1,36,11209,6,1,0,0,3,3,70,999,0,0,0,0,0,0,0,0,0,0,0,0,0,0,3,2,55,1,1,2,1,0,0,1,80,99,1,1,13,0,0
36,360502,2,2,3,24,7,23,2,8,0,1,0,36,2,23,472,23472,30,2004,1GTDT1367481,1,G,T,D,T,1,3,6,7,4,8,1,0,T,GMC,CAN,CW,4,17,,1,0,1260,CAN,G,,,5,214,,,,B,4536,00,U,44,0,0,000000000,00000000000,0,0,0,1,0,0,0,0,0,0,0,55,0,0,0,14,14,0,3,8,0,0,0,1,36,11942,6,1,0,0,3,3,74,999,0,0,0,0,0,0,0,0,0,0,0,0,0,0,3,2,55,1,1,2,1,0,0,1,80,99,1,1,98,0,0
36,360503,1,1,1,3,3,17,0,8,0,1,0,36,2,12,23,12023,4,2009,3FAHP08189R1,3,F,A,H,P,0,8,1,8,9,R,1,0,P,FORD,F/L,4D,9,17,3325,,0,1074,,G,,F,6,183,,,17R225,,,,,,0,0,000000000,00000000000,0,0,0,1,0,0,0,0,0,0,0,999,0,0,0,12,12,2,1,8,0,0,0,1,36,11374,6,1,0,0,3,0,63,999,0,0,0,0,0,0,0,0,0,0,0,0,0,0,1,4,99,1,1,2,1,3,3,10,80,99,1,1,13,0,0
36,360504,1,1,1,21,7,17,58,53,0,1,0,36,1,12,35,12035,4,1998,1FALP6532WK1,1,F,A,L,P,6,5,3,2,W,K,1,0,P,FORD,LSG,4D,98,17,2769,,0,1065,,G,,F,4,121,,,14R185,,,,,,0,0,000000000,00000000000,0,0,0,1,0,0,0,0,0,0,0,999,0,1,5,12,13,6,2,1,0,0,0,1,36,14414,6,1,0,0,3,3,62,999,0,0,0,0,0,0,0,0,0,0,0,0,0,0,1,2,40,3,2,1,1,0,0,14,13,99,1,4,1,1,0
36,360505,1,1,3,23,7,0,9,1,0,1,0,36,1,12,37,12037,4,2004,3FAFP37ZX4R1,3,F,A,F,P,3,7,Z,X,4,R,1,0,P,FORD,FX5,5D,4,17,2586,,0,1030,,G,,F,4,140,,,15R195,,,,,,0,0,000000000,00000000000,0,0,0,1,0,0,0,0,0,0,0,999,0,2,1,0,13,6,2,1,0,0,0,1,36,10940,6,1,0,0,3,0,74,999,0,0,0,0,0,0,0,0,0,1,0,0,0,0,1,2,55,2,1,2,1,0,0,14,6,99,7,2,2,1,1
36,360506,1,1,2,11,6,1,21,5,0,1,1,36,1,7,442,7442,20,2002,2B4GP44R22R5,2,B,4,G,P,4,4,R,2,2,R,5,0,T,DODG,GSP,ES,2,17,,1,0,1193,CAR,G,,,6,201,,,,,4002,00,E,42,0,0,000000000,00000000000,0,0,0,1,0,0,0,0,0,0,0,999,0,0,0,0,0,0,1,5,0,0,0,1,36,14882,6,1,0,0,3,3,66,999,0,0,0,0,0,0,0,0,0,0,92,0,0,0,1,2,55,1,1,2,1,0,0,1,98,99,1,1,0,1,0
36,360507,1,2,1,29,4,12,5,12,6,1,0,36,3,82,461,82461,21,2005,WDYPD7448558,W,D,Y,P,D,7,4,4,8,5,5,8,0,T,FRHT,SPR,EC,5,17,,2,0,1580,SPR,D,,,5,165,,,,,4822,00,E,42,0,0,000000000,00000000000,0,0,0,1,0,0,0,0,0,0,0,999,0,0,0,12,12,2,1,12,0,0,0,1,36,12508,6,1,6,1,3,0,71,999,0,3,0,0,3,10,2009,2,2011,0,0,0,0,0,1,2,99,1,1,2,1,0,0,1,66,99,1,1,88,0,0
36,360507,2,2,1,29,4,12,5,12,6,1,0,36,3,49,402,49402,14,2008,JTMZD33V3851,J,T,M,Z,D,3,3,V,3,8,5,1,0,P,TOYT,RG4,UT,8,17,3300,,0,1047,,G,,F,4,144,,,16R215,,,,,,0,0,000000000,00000000000,0,0,0,1,0,0,0,0,0,0,0,999,0,0,0,11,9,6,2,8,0,0,0,1,36,10456,6,1,6,0,3,0,67,999,0,0,0,0,1,8,2010,8,2010,0,39,0,0,0,1,2,99,1,1,2,1,20,3,1,17,99,1,1,89,0,0
36,360508,1,1,1,19,6,16,40,14,0,1,0,0,0,98,998,98998,97,9999,000000000000,0,0,0,0,0,0,0,0,0,0,0,0,0,,,,,,,,,,,,,,,,,,,,,,,,,0,0,000000000,00000000000,0,0,0,1,0,0,0,0,0,0,0,30,0,0,0,12,12,6,2,14,0,0,0,1,36,11730,6,1,0,0,3,0,69,999,0,0,0,0,0,0,0,0,0,1,0,0,0,0,1,2,99,1,1,2,1,0,0,1,11,99,1,4,11,1,0
36,360509,1,2,1,1,7,9,8,12,6,1,0,36,3,12,481,12481,31,2002,1FTNX21L72EA,1,F,T,N,X,2,1,L,7,2,E,A,0,T,FORD,F2S,4C,2,17,,2,1580,1418,SRW,G,,,8,330,,,,C,5949,05,U,44,0,0,000000000,00000000000,0,0,0,1,0,0,0,0,0,0,0,999,0,0,0,12,12,2,1,12,0,0,0,1,36,11706,6,1,0,0,3,0,61,999,0,0,0,0,0,0,0,0,0,0,0,0,0,0,3,2,55,1,1,2,1,0,0,1,66,99,1,1,88,0,0
36,360509,2,2,1,1,7,9,8,12,6,1,0,3,2,47,36,47036,4,2002,YS3EB49E7230,Y,S,3,E,B,4,9,E,7,2,3,0,0,P,SAA,9/L,4D,2,17,3600,,0,1064,,G,,T,4,140,,,16R215,,,,,,0,0,000000000,00000000000,0,0,0,1,0,0,0,0,0,0,0,999,0,0,0,9,9,2,1,12,0,0,0,1,36,11788,6,1,0,0,3,0,62,999,0,0,0,0,0,0,0,0,0,0,38,0,0,0,3,2,55,1,1,2,1,20,3,1,17,99,1,1,89,1,0
36,360510,1,1,1,25,7,16,1,33,0,1,0,36,1,20,23,20023,6,2010,3GNBABDBXAS5,3,G,N,B,A,B,D,B,X,A,S,5,0,P,CHEV,HHR,UT,10,17,3208,,0,1035,,F,,F,4,134,,,16R215,,,,,,0,0,000000000,00000000000,0,0,0,1,0,0,0,0,0,0,0,999,0,0,0,14,12,6,2,42,0,0,0,1,36,14903,6,1,0,0,3,3,66,999,0,0,0,0,0,0,0,0,0,0,0,0,0,0,1,2,30,1,1,2,2,0,0,1,12,99,1,4,6,1,0
36,360511,1,2,1,24,7,17,8,12,2,1,0,36,1,37,32,37032,4,2003,JHMCM56623C0,J,H,M,C,M,5,6,6,2,3,C,0,0,P,HOND,UEX,4D,3,17,3109,,0,1079,,G,,F,4,146,,,16R205,,,,,,0,0,000000000,00000000000,0,0,0,1,0,0,0,0,0,0,0,999,0,0,0,12,12,6,2,12,0,0,0,1,36,12570,6,1,0,0,3,3,65,999,3,0,0,0,0,10,2008,7,2011,0,38,0,0,0,1,2,55,1,1,2,1,0,0,11,15,99,1,2,68,1,0
36,360511,2,2,1,24,7,17,8,12,2,1,0,36,2,41,51,41051,4,2010,JM1BL1H60A12,J,M,1,B,L,1,H,6,0,A,1,2,0,P,MAZD,M3S,4H,10,17,3005,,0,1039,,G,,F,4,152,,,17R205,,,,,,0,0,000000000,00000000000,0,0,0,1,0,0,0,0,0,0,0,999,0,0,0,12,12,6,2,12,0,0,0,1,36,12564,6,1,0,0,3,0,66,999,0,0,0,1,0,11,2010,11,2010,0,0,0,0,0,1,2,55,1,1,2,1,0,0,1,62,99,1,1,69,0,0
36,360512,1,1,1,2,7,2,5,9,0,1,0,36,2,20,37,20037,4,2003,1G1NE52J33M6,1,G,1,N,E,5,2,J,3,3,M,6,0,P,CHEV,M/L,4D,3,17,3106,,0,1070,,G,,F,6,191,,,15R215,,,,,,0,0,000000000,00000000000,0,0,0,1,0,0,0,0,0,0,0,999,0,0,0,12,12,6,2,9,0,0,0,1,36,11741,6,1,0,0,3,0,65,999,0,0,0,2,1,12,2008,4,2011,0,0,0,0,0,4,2,45,1,1,2,1,0,0,1,83,99,1,1,13,0,0
36,360513,1,1,1,10,6,19,15,9,0,1,0,36,2,2,403,2403,14,1990,2J4FY19E4LJ5,2,J,4,F,Y,1,9,E,4,L,J,5,0,T,JEEP,W/S,2W,90,17,,1,0,934,W/Y,G,,,4,150,,,,,2862,01,A,44,0,0,000000000,00000000000,0,0,0,1,0,0,0,0,0,0,0,999,0,0,0,12,12,6,2,9,0,0,0,1,36,11778,6,1,0,0,3,0,71,999,1,0,0,0,0,5,2009,5,2009,0,0,0,0,0,1,2,99,1,1,2,1,0,0,1,83,99,1,1,13,0,0
36,360514,1,1,3,21,4,14,45,33,0,1,0,36,3,13,1,13001,4,2005,1LNHM82W45Y6,1,L,N,H,M,8,2,W,4,5,Y,6,0,P,LINC,SGL,4D,5,17,4359,,0,1177,,G,,F,8,281,,,17R225,,,,,,0,0,000000000,00000000000,0,0,0,1,0,0,0,0,0,0,0,999,0,0,0,14,12,6,2,8,0,0,0,1,36,10031,6,1,0,0,3,0,66,999,0,0,0,0,0,0,0,0,0,0,0,0,0,0,4,1,30,1,2,2,1,3,3,10,8,7,7,4,7,0,0
36,360515,1,2,1,2,6,12,10,12,6,1,0,36,1,13,1,13001,4,2003,1LNHM83WX3Y6,1,L,N,H,M,8,3,W,X,3,Y,6,0,P,LINC,CAR,4D,3,17,4156,,0,1177,,G,,F,8,281,,,17R225,,,,,,0,0,000000000,00000000000,0,0,0,1,0,0,0,0,0,0,0,999,0,0,0,12,12,6,2,12,0,0,0,1,36,10033,6,1,0,0,3,3,67,999,0,1,0,0,2,10,2009,9,2010,0,38,0,0,0,3,3,99,1,1,2,1,3,3,11,15,99,1,1,68,0,0
36,360515,2,2,1,2,6,12,10,12,6,1,0,36,2,49,472,49472,30,2007,5TEMU52N57Z3,5,T,E,M,U,5,2,N,5,7,Z,3,0,T,TOYT,DBD,CW,7,17,,1,0,1409,TAC,G,,,6,244,,,,B,4135,00,E,44,0,0,000000000,00000000000,0,0,0,1,0,0,0,0,0,0,0,999,0,0,0,11,12,6,2,15,0,0,0,1,36,11360,6,1,0,0,3,3,72,999,0,0,0,0,0,0,0,0,0,0,0,0,0,0,3,3,99,1,1,2,1,3,3,1,66,99,1,1,69,0,0
36,360516,1,1,1,4,7,3,50,33,0,1,0,36,2,20,32,20032,4,1997,1Y1SK526XVZ4,1,Y,1,S,K,5,2,6,X,V,Z,4,0,P,GEO,GEP,4D,97,17,2360,,0,971,,G,,F,4,097,,,14R175,,,,,,0,0,000000000,00000000000,0,0,0,1,0,0,0,0,0,0,0,999,0,1,5,12,12,6,2,1,0,0,0,1,36,11757,6,1,0,0,3,0,66,999,0,0,0,0,2,11,2008,3,2011,0,0,0,0,0,3,2,35,1,1,2,1,0,0,1,13,99,1,4,1,1,1
36,360517,1,1,2,9,7,19,55,42,0,1,0,36,2,20,399,20399,2,1970,999999999999,9,9,9,9,9,9,9,9,9,9,9,9,0,,,,,,,,,,,,,,,,,,,,,,,,,0,0,000000000,00000000000,0,0,0,1,0,0,0,0,0,0,0,999,0,0,0,12,12,6,2,42,0,0,0,1,36,11779,6,1,0,0,3,0,70,999,0,0,0,0,0,0,0,0,0,0,0,0,0,0,1,2,30,1,1,2,1,20,3,1,14,99,1,4,14,2,0
36,360518,1,1,1,25,6,20,22,8,0,1,0,36,3,12,461,12461,21,1997,1FTHE242XVHA,1,F,T,H,E,2,4,2,X,V,H,A,0,T,FORD,25V,CG,97,17,,2,0,1380,VAN,G,,,6,256,,,,C,5073,00,E,42,0,0,000000000,00000000000,0,0,0,1,0,0,0,0,0,0,0,999,0,0,0,12,12,2,1,8,0,0,0,1,36,11102,2,1,0,0,2,2,66,999,3,3,0,0,0,7,2008,5,2011,0,74,38,0,0,1,2,99,1,1,2,1,20,3,11,80,99,1,1,13,0,0
36,360519,1,2,1,14,7,16,49,12,6,1,0,36,3,19,431,19431,16,2010,1GYUKGEFXAR1,1,G,Y,U,K,G,E,F,X,A,R,1,0,P,CADI,ESC,UT,10,17,5985,,0,1300,,F,,F,8,378,,,18R265,,,,,,0,0,000000000,00000000000,0,0,0,1,0,0,0,0,0,0,0,999,0,0,0,12,12,2,1,12,0,0,0,1,36,10040,6,1,6,0,3,0,68,999,0,0,0,0,0,0,0,0,0,0,0,0,0,0,1,2,99,1,1,2,1,3,3,11,15,99,1,1,68,0,0
36,360519,2,2,1,14,7,16,49,12,6,1,0,36,1,76,703,76703,80,2008,JYADG22Y58A0,J,Y,A,D,G,2,2,Y,5,8,A,0,0,M,YAMA,WRX,T,8,17,,,,,,,249,,1,,4,280,,,,,,,0,0,000000000,00000000000,0,0,0,1,0,0,0,0,0,0,0,999,0,0,0,82,82,6,2,15,0,0,0,1,36,11377,0,0,0,0,0,0,70,999,1,2,0,2,0,12,2010,6,2011,1,8,0,0,0,1,2,99,1,1,2,1,3,3,1,66,99,1,1,69,0,0
36,360520,1,1,1,18,7,16,50,9,0,1,0,36,1,42,51,42051,4,2006,WDDDJ75X66A0,W,D,D,D,J,7,5,X,6,6,A,0,0,P,MERZ,CS5,C4,6,17,4000,,0,1123,,G,,F,8,303,,,18R245,,,,,,0,0,000000000,00000000000,0,0,0,1,0,0,0,0,0,0,0,999,0,0,0,1,1,6,2,9,0,0,0,1,36,10029,6,1,0,0,3,0,75,999,0,1,0,0,1,4,2009,6,2010,0,0,0,0,0,3,3,99,1,1,2,1,0,0,1,83,99,1,1,13,0,0