STATE,ST_CASE,VEH_NO,VE_FORMS,NUMOCCS,DAY,MONTH,HOUR,MINUTE,HARM_EV,MAN_COLL,UNITTYPE,HIT_RUN,REG_STAT,OWNER,MAKE,MODEL,MAK_MOD,BODY_TYP,MOD_YEAR,VIN,VIN_1,VIN_2,VIN_3,VIN_4,VIN_5,VIN_6,VIN_7,VIN_8,VIN_9,VIN_10,VIN_11,VIN_12,TOW_VEH,VINTYPE,VINMAKE,VINA_MOD,VIN_BT,VINMODYR,VIN_LNGT,VIN_WGT,WGTCD_TR,WHLBS_LG,WHLBS_SH,SER_TR,FUELCODE,MCYCL_DS,CARBUR,CYLINDER,DISPLACE,MCYCL_CY,MCYCL_WT,TIRE_SZE,TON_RAT,TRK_WT,TRKWTVAR,VIN_REST,WHLDRWHL,J_KNIFE,MCARR_I1,MCARR_I2,MCARR_ID,GVWR,V_CONFIG,CARGO_BT,HAZ_INV,HAZ_PLAC,HAZ_ID,HAZ_CNO,HAZ_REL,BUS_USE,SPEC_USE,EMER_USE,TRAV_SP,UNDERIDE,ROLLOVER,ROLINLOC,IMPACT1,IMPACT2,DEFORMED,TOWED,M_HARM,VEH_SC1,VEH_SC2,FIRE_EXP,DR_PRES,L_STATE,DR_ZIP,L_STATUS,L_TYPE,CDL_STAT,L_ENDORS,L_COMPL,L_RESTRI,DR_HGT,DR_WGT,PREV_ACC,PREV_SUS,PREV_DWI,PREV_SPD,PREV_OTH,FIRST_MO,FIRST_YR,LAST_MO,LAST_YR,SPEEDREL,DR_SF1,DR_SF2,DR_SF3,DR_SF4,VTRAFWAY,VNUM_LAN,VSPD_LIM,VALIGN,VPROFILE,VPAVETYP,VSURCOND,VTRAFCON,VTCONT_F,P_CRASH1,P_CRASH2,P_CRASH3,PCRASH4,PCRASH5,ACC_TYPE,DEATHS,DR_DRINK
36,360521,1,2,2,16,7,23,45,12,6,1,0,36,1,19,480,19480,31,2004,1GYEK63N34R1,1,G,Y,E,K,6,3,N,3,4,R,1,0,P,CADI,ESC,UT,4,17,5571,,0,1160,,G,,F,8,364,,,17R265,,,,,,0,0,000000000,00000000000,0,0,0,1,0,0,0,0,0,0,0,999,0,0,0,82,82,6,2,12,0,0,0,1,36,11779,6,1,0,0,3,3,66,999,4,0,0,0,0,9,2008,1,2011,0,0,0,0,0,5,4,40,3,1,2,1,0,0,14,62,6,1,2,65,1,0
36,360521,2,2,1,16,7,23,45,12,6,1,0,36,1,7,482,7482,31,2001,1B7HF13Z81J2,1,B,7,H,F,1,3,Z,8,1,J,2,0,T,DODG,Q15,4C,1,17,,2,1547,1387,RPC,G,,,8,360,,,,B,5008,01,U,44,0,0,000000000,00000000000,0,0,0,1,0,0,0,0,0,0,0,999,0,1,1,12,13,6,2,1,0,0,0,1,36,11742,6,1,0,0,3,0,68,999,1,0,0,0,0,5,2009,5,2009,0,0,0,0,0,5,4,40,2,1,2,1,0,0,14,10,99,1,2,64,1,1
36,360522,1,1,1,24,7,20,57,8,0,1,0,36,2,37,32,37032,4,2010,1HGCP2F75AA0,1,H,G,C,P,2,F,7,5,A,A,0,0,P,HOND,UEX,4D,10,17,3362,,0,1102,,G,,F,4,146,,,17R255,,,,,,0,0,000000000,00000000000,0,0,0,1,0,0,0,0,0,0,0,999,0,0,0,12,12,6,2,8,0,0,0,1,36,11968,6,1,0,0,3,0,66,999,0,0,0,0,0,0,0,0,0,0,0,0,0,0,3,2,99,1,1,2,1,0,0,1,80,99,1,1,13,0,0
36,360523,1,2,1,21,6,14,28,12,6,1,0,36,1,37,402,37402,14,2011,JHLRE4H78BC0,J,H,L,R,E,4,H,7,8,B,C,0,0,P,HOND,CRV,UT,11,17,3554,,0,1031,,G,,F,4,146,,,17R225,,,,,,0,0,000000000,00000000000,0,0,0,1,0,0,0,0,0,0,0,999,0,0,0,12,12,6,2,12,0,0,0,1,36,10524,6,1,0,0,3,3,66,999,0,0,0,1,0,8,2008,8,2008,0,0,0,0,0,2,2,50,1,1,2,1,0,0,1,62,99,1,1,65,0,0
36,360523,2,2,2,21,6,14,28,12,6,1,0,36,1,35,43,35043,4,2002,3N1CB51D72L6,3,N,1,C,B,5,1,D,7,2,L,6,0,P,NISS,XGX,4D,2,17,2441,,0,998,,G,,F,4,108,,,14R185,,,,,,0,0,000000000,00000000000,0,0,0,1,0,0,0,0,0,0,0,999,0,0,0,81,81,6,2,12,0,0,0,1,36,10467,6,1,0,0,3,0,64,999,0,0,0,0,0,0,0,0,0,0,0,0,0,0,2,2,50,1,1,2,1,0,0,1,10,99,1,2,64,1,0
36,360524,1,1,1,24,7,1,48,8,0,1,1,99,9,99,999,99999,99,9999,999999999999,9,9,9,9,9,9,9,9,9,9,9,9,0,,,,,,,,,,,,,,,,,,,,,,,,,0,0,000000000,00000000000,0,0,0,1,0,0,0,0,0,0,0,999,0,0,0,98,98,9,1,8,0,0,0,1,99,99999,9,9,99,9,9,9,999,999,99,99,99,99,99,99,9999,99,9999,9,0,0,0,0,1,4,99,1,1,2,1,0,0,1,80,99,9,9,13,0,0
36,360525,1,1,1,25,7,5,55,8,0,1,0,36,1,13,1,13001,4,2002,1LNHM97V02Y7,1,L,N,H,M,9,7,V,0,2,Y,7,0,P,LINC,CON,4D,2,17,3895,,0,1090,,G,,F,8,281,,,16R225,,,,,,0,0,000000000,00000000000,0,0,0,1,0,0,0,0,0,0,0,999,0,0,0,12,12,6,2,8,0,0,0,1,36,11730,6,1,6,0,3,3,68,999,1,0,0,0,0,11,2009,11,2009,0,38,0,0,0,3,2,40,1,1,2,1,0,0,1,80,99,1,1,13,0,1
36,360526,1,2,1,25,7,10,7,12,2,1,0,36,1,55,402,55402,14,2009,KM8JN72D49U9,K,M,8,J,N,7,2,D,4,9,U,9,0,P,HYUN,TUC,UT,9,17,3548,,0,1035,,G,,F,6,162,,,16R235,,,,,,0,0,000000000,00000000000,0,0,0,1,0,0,0,0,0,0,0,999,0,0,0,12,12,6,2,12,0,0,0,1,36,12533,1,1,0,0,2,2,66,999,0,1,0,1,0,4,2009,7,2011,0,74,92,0,0,1,2,40,1,3,2,2,0,0,1,10,99,1,2,50,0,0
36,360526,2,2,1,25,7,10,7,12,2,1,0,36,1,20,2,20002,4,2003,2G1WF52E1394,2,G,1,W,F,5,2,E,1,3,9,4,0,P,CHEV,IMP,4D,3,17,3389,,0,1105,,G,,F,6,207,,,16R225,,,,,,0,0,000000000,00000000000,0,0,0,1,0,0,0,0,0,0,0,999,0,0,0,12,12,6,2,12,0,0,0,1,36,12533,6,1,0,0,3,0,65,999,1,0,0,0,0,1,2009,1,2009,0,0,0,0,0,1,2,40,1,3,2,2,0,0,1,62,99,1,1,51,1,0
36,360527,1,1,1,26,7,18,2,33,0,1,0,36,1,21,17,21017,4,1990,2G3AL54N9L23,2,G,3,A,L,5,4,N,9,L,2,3,0,P,OLDS,CCI,4D,90,17,2662,,0,1049,,G,,F,6,204,,,14R185,,,,,,0,0,000000000,00000000000,0,0,0,1,0,0,0,0,0,0,0,50,0,0,0,12,12,6,2,42,0,0,0,1,36,14534,6,1,0,0,3,3,73,999,0,0,0,0,0,0,0,0,0,0,28,0,0,0,1,2,55,1,2,2,1,0,0,1,12,1,1,4,6,1,1
36,360528,1,2,1,10,7,11,26,12,8,1,0,36,2,49,33,49033,2,1994,JT2AT00F4R00,J,T,2,A,T,0,0,F,4,R,0,0,0,P,TOYT,CSF,CP,94,17,2475,,0,999,,G,,F,4,108,,,14R185,,,,,,0,0,000000000,00000000000,0,0,0,1,0,0,0,0,0,0,0,999,0,0,0,62,62,6,2,12,0,0,0,1,36,12790,1,1,0,0,2,3,69,999,0,0,0,1,0,6,2011,6,2011,0,0,0,0,0,1,2,55,4,2,2,1,0,0,14,1,99,7,2,64,0,0
36,360528,2,2,2,10,7,11,26,12,8,1,0,36,2,49,32,49032,4,2001,2T1BR12E51C5,2,T,1,B,R,1,2,E,5,1,C,5,0,P,TOYT,UCS,4D,1,17,2410,,0,970,,G,,F,4,109,,,14R175,,,,,,0,0,000000000,00000000000,0,0,0,1,0,0,0,0,0,0,0,999,0,0,0,62,62,6,2,38,0,0,0,1,36,12566,6,1,0,0,3,3,60,999,0,0,0,0,0,0,0,0,0,0,0,0,0,0,1,2,55,4,2,2,1,0,0,14,62,99,1,1,65,1,0
36,360529,1,2,1,26,7,9,23,12,6,1,0,36,3,12,881,12881,61,1989,1FDKF37H0KNB,1,F,D,K,F,3,7,H,0,K,N,B,0,T,FORD,F35,CB,89,17,,3,1610,1220,COF,G,,,8,351,,,,D,3671,05,A,42,0,99,999999999,99999999999,2,1,4,1,0,0,0,0,0,0,0,998,0,0,0,11,11,6,2,12,0,0,0,1,36,11967,6,1,0,0,3,3,68,999,0,0,0,0,0,0,0,0,0,0,0,0,0,0,1,2,98,1,3,2,1,0,0,1,63,1,1,1,65,0,0
36,360529,2,2,1,26,7,9,23,12,6,1,0,12,3,35,399,35399,4,2011,3N1AB6AP8BL6,3,N,1,A,B,6,A,P,8,B,L,6,0,P,NISS,SBL,4D,11,17,2862,,0,1057,,G,,F,4,122,,,16R205,,,,,,0,0,000000000,00000000000,0,0,0,1,0,0,0,0,0,0,0,998,0,0,0,12,12,6,2,12,0,0,0,1,36,11949,6,1,0,0,3,0,71,999,0,0,0,0,0,0,0,0,0,0,0,0,0,0,1,2,98,1,3,2,1,0,0,1,10,1,1,2,64,1,0
36,360530,1,1,1,10,7,1,50,8,0,1,0,36,2,37,32,37032,4,2008,1HGCP36828A0,1,H,G,C,P,3,6,8,2,8,A,0,0,P,HOND,AXL,4D,8,17,3583,,0,1102,,G,,F,6,214,,,17R225,,,,,,0,0,000000000,00000000000,0,0,0,1,0,0,0,0,0,0,0,998,0,0,0,12,12,2,3,8,0,0,0,1,36,11203,1,7,0,0,2,0,72,999,0,7,0,0,0,4,2011,7,2011,0,0,0,0,0,1,2,99,1,1,2,1,0,0,1,80,1,1,1,13,0,1
36,360531,1,2,1,11,7,20,23,12,6,1,0,36,1,37,705,37705,80,2006,JH2PC37096M3,J,H,2,P,C,3,7,0,9,6,M,3,0,M,HOND,B60,RC,6,17,,,,,,,599,,4,,4,361,,,,,,,0,0,000000000,00000000000,0,0,0,1,0,0,0,0,0,0,0,999,0,0,0,12,12,6,2,12,0,0,0,1,36,11212,6,1,0,0,3,0,70,999,0,0,0,0,0,0,0,0,0,1,0,0,0,0,1,4,99,1,1,2,1,3,3,1,66,99,1,1,69,1,0
36,360531,2,2,1,11,7,20,23,12,6,1,0,36,1,19,3,19003,4,2000,1G6KD54Y6YU2,1,G,6,K,D,5,4,Y,6,Y,U,2,0,P,CADI,DFW,4D,0,17,4012,,0,1138,,G,,F,8,279,,,16R225,,,,,,0,0,000000000,00000000000,0,0,0,1,0,0,0,0,0,0,0,999,0,0,0,5,5,2,1,12,0,0,0,1,36,11234,6,1,0,0,3,3,68,999,0,0,0,0,0,0,0,0,0,0,0,0,0,0,1,4,99,1,1,2,1,3,3,11,15,99,1,1,68,0,0
36,360532,1,1,1,26,7,21,15,9,0,1,0,36,3,42,403,42403,14,2011,WDCGG8HB8BF5,W,D,C,G,G,8,H,B,8,B,F,5,0,P,MERZ,GK3,UT,11,17,4079,,0,1085,,G,,F,6,213,,,19R235,,,,,,0,0,000000000,00000000000,0,0,0,1,0,0,0,0,0,0,0,999,0,0,0,12,12,0,1,9,0,0,0,1,42,18102,6,1,0,0,3,3,68,999,0,0,0,0,0,0,0,0,0,0,0,0,0,0,1,2,30,1,1,2,2,3,3,1,83,99,1,1,13,0,0
36,360533,1,1,1,29,7,8,7,42,0,1,0,36,1,22,22,22022,1,2008,1G2ZH3615843,1,G,2,Z,H,3,6,1,5,8,4,3,0,P,PONT,GGT,CV,8,17,3855,,0,1123,,G,,F,6,238,,,18R225,,,,,,0,0,000000000,00000000000,0,0,0,1,0,0,0,0,0,0,0,999,0,1,6,82,13,6,2,1,0,0,0,1,36,10987,6,1,0,0,3,3,68,999,0,0,0,0,0,0,0,0,0,0,28,0,0,0,1,2,45,1,1,2,2,0,0,1,12,1,1,4,6,1,0
36,360534,1,2,1,26,7,11,21,12,1,1,0,36,3,12,442,12442,20,2001,2FMZA53401BB,2,F,M,Z,A,5,3,4,0,1,B,B,0,T,FORD,WSL,ES,1,17,,1,0,1207,WIN,G,,,6,232,,,,B,4281,00,E,42,0,0,000000000,00000000000,0,0,0,1,0,0,0,0,0,0,0,999,0,0,0,6,6,6,2,12,0,0,0,1,36,13502,6,1,0,0,3,0,70,999,1,0,0,0,1,10,2008,11,2008,0,38,0,0,0,1,2,30,1,1,2,2,20,3,1,17,99,1,1,90,0,0
36,360534,2,2,1,26,7,11,21,12,1,1,0,36,1,37,706,37706,80,2007,JH2SC570X7M3,J,H,2,S,C,5,7,0,X,7,M,3,0,M,HOND,CBS,RC,7,17,,,,,,,998,,4,,4,388,,,,,,,0,0,000000000,00000000000,0,0,0,1,0,0,0,0,0,0,0,999,0,0,0,12,1,6,2,12,0,0,0,1,36,13501,6,1,0,0,3,0,66,999,0,0,0,0,0,0,0,0,0,0,0,0,0,0,1,2,30,1,1,2,2,20,3,1,17,99,1,1,90,1,0
36,360535,1,1,1,29,7,17,18,35,0,1,0,36,1,20,441,20441,20,2005,1GNEL19X35B1,1,G,N,E,L,1,9,X,3,5,B,1,0,T,CHEV,AST,ES,5,17,,2,0,1112,AST,G,,,6,262,,,,B,4605,00,,44,0,0,000000000,00000000000,0,0,0,1,0,0,0,0,0,0,0,999,0,0,0,3,13,6,2,30,0,0,0,1,36,13148,6,1,0,0,3,0,70,999,1,4,1,0,0,12,2009,6,2010,0,28,0,0,0,1,2,40,1,1,2,1,0,0,1,13,1,1,4,1,1,1
36,360536,1,1,1,28,7,23,59,8,0,1,1,99,9,99,999,99999,99,9999,999999999999,9,9,9,9,9,9,9,9,9,9,9,9,0,,,,,,,,,,,,,,,,,,,,,,,,,0,0,000000000,00000000000,0,0,0,1,0,0,0,0,0,0,0,999,0,0,0,99,99,9,1,8,0,0,0,1,99,99999,9,9,99,9,9,9,999,999,99,99,99,99,99,99,9999,99,9999,0,0,0,0,0,1,2,30,1,1,2,1,3,3,99,80,99,9,9,13,0,0
36,360537,1,2,2,7,7,6,8,12,6,1,0,18,3,51,881,51881,66,2003,4V4NC9GH93N3,4,V,4,N,C,9,G,H,9,3,N,3,2,T,VOLV,VNL,TR,3,17,,8,0,0,VVN,D,,,6,732,,,,,00000,00,,64,1,57,265752,57265752,3,7,1,1,0,0,0,0,0,0,0,999,0,0,0,12,12,6,2,12,0,0,0,1,39,44431,6,1,6,1,3,0,66,999,0,0,0,0,0,0,0,0,0,0,0,0,0,0,3,2,55,1,2,2,1,0,0,1,12,99,1,4,64,0,0
36,360537,2,2,1,7,7,6,8,12,6,1,0,36,1,20,481,20481,31,2006,1GCHK23256F1,1,G,C,H,K,2,3,2,5,6,F,1,0,T,CHEV,2KH,CW,6,17,,2,1670,1530,SIL,D,,,8,403,,,,C,5883,02,,44,0,0,000000000,00000000000,0,0,0,1,0,0,0,0,0,0,0,999,0,1,1,62,13,6,2,12,0,0,0,1,36,12550,6,1,6,0,3,0,72,999,1,0,0,0,0,9,2009,9,2009,0,0,0,0,0,3,2,55,1,2,2,1,0,0,1,64,99,1,1,65,1,0
36,360539,1,1,1,29,7,5,25,8,0,1,0,36,2,22,18,22018,4,2005,1G2NE52EX5M2,1,G,2,N,E,5,2,E,X,5,M,2,0,P,PONT,GAS,4D,5,17,3066,,0,1070,,G,,F,6,207,,,15R215,,,,,,0,0,000000000,00000000000,0,0,0,1,0,0,0,0,0,0,0,52,0,0,0,12,12,6,2,8,0,0,0,1,36,14456,6,1,6,0,3,0,70,999,0,0,1,0,1,8,2009,3,2010,0,0,0,0,0,1,4,45,1,1,2,1,3,3,1,80,99,1,1,13,0,0
36,360540,1,2,1,30,7,19,10,12,2,1,0,36,2,73,709,73709,80,1998,JKAZXDP16WA0,J,K,A,Z,X,D,P,1,6,W,A,0,0,M,KAWK,Z7P,RC,98,17,,,,,,,750,,4,,4,430,,,,,,,0,0,000000000,00000000000,0,0,0,1,0,0,0,0,0,0,0,999,0,0,0,12,12,6,2,12,0,0,0,1,12,33139,6,1,0,0,2,0,73,999,0,2,0,0,2,11,2010,12,2010,1,27,0,0,0,3,3,30,4,1,2,1,0,0,14,8,1,1,2,62,1,1
36,360540,2,2,1,30,7,19,10,12,2,1,0,36,3,12,461,12461,21,2009,1FTSE34L29DA,1,F,T,S,E,3,4,L,2,9,D,A,0,T,FORD,3SD,CG,9,17,,2,0,1380,VAN,G,,,8,330,,,,B,5261,00,E,42,0,0,000000000,00000000000,0,0,0,1,0,0,0,0,0,0,0,999,0,0,0,12,12,4,3,12,0,0,0,1,36,11385,6,1,0,0,3,0,72,999,0,0,0,0,0,0,0,0,0,0,0,0,0,0,3,3,30,4,1,2,1,0,0,14,62,1,1,1,62,0,0
36,360541,1,1,1,30,7,13,29,1,0,1,0,36,1,53,705,53705,80,2007,JS1GN7DA9721,J,S,1,G,N,7,D,A,9,7,2,1,0,M,SUZI,G60,RC,7,17,,,,,,,599,,4,,4,354,,,,,,,0,0,000000000,00000000000,0,0,0,1,0,0,0,0,0,0,0,999,0,0,0,0,99,6,2,24,0,0,0,1,36,12189,6,1,0,0,3,0,70,999,1,1,0,1,2,7,2009,5,2010,1,0,0,0,0,6,1,55,2,2,2,1,0,0,14,6,99,4,2,98,1,0
36,360542,1,2,1,27,7,23,0,12,7,1,0,36,1,7,472,7472,30,1997,1B7GL23X9VS1,1,B,7,G,L,2,3,X,9,V,S,1,0,T,DODG,DAK,PC,97,17,,1,0,1309,DAK,G,,,6,239,,,,B,3683,00,E,42,0,0,000000000,00000000000,0,0,0,1,0,0,0,0,0,0,0,999,0,1,5,5,13,6,2,1,0,0,0,1,36,14103,6,1,0,0,3,0,72,999,1,0,0,0,0,5,2010,5,2010,0,0,0,0,0,1,2,55,1,1,2,1,0,0,1,98,99,1,2,48,1,0
36,360542,2,2,2,27,7,23,0,12,7,1,0,36,1,22,2,22002,4,1998,1G2HX52K4W42,1,G,2,H,X,5,2,K,4,W,4,2,0,P,PONT,BVS,4D,98,17,3487,,0,1108,,G,,F,6,231,,,15R215,,,,,,0,0,000000000,00000000000,0,0,0,1,0,0,0,0,0,0,0,999,0,0,0,11,5,6,2,12,0,0,0,1,36,14103,6,1,0,0,3,0,72,999,0,7,0,0,2,12,2008,2,2011,0,0,0,0,0,1,2,55,1,1,2,1,0,0,6,98,99,1,2,48,0,0
36,360543,1,1,1,30,7,18,38,8,0,1,0,36,2,20,461,20461,21,2007,1GCGG25V6711,1,G,C,G,G,2,5,V,6,7,1,1,0,T,CHEV,E25,CG,7,17,,2,0,1350,EXP,G,,,8,293,,,,C,5338,00,,42,0,0,000000000,00000000000,0,0,0,1,0,0,0,0,0,0,0,10,0,0,0,12,12,0,1,8,0,0,0,1,36,11377,6,1,0,0,3,0,71,999,0,0,0,0,0,0,0,0,0,0,0,0,0,0,4,1,30,3,2,2,1,0,0,14,80,1,1,1,13,0,0
36,360544,1,2,2,15,7,19,24,12,6,1,0,36,2,24,9,24009,4,2009,1G8ZS57B09F1,1,G,8,Z,S,5,7,B,0,9,F,1,0,P,STRN,AXE,4D,9,17,3529,,0,1123,,G,,F,4,146,,,17R215,,,,,,0,0,000000000,00000000000,0,0,0,1,0,0,0,0,0,0,0,999,0,0,0,9,9,6,2,12,0,0,0,1,36,14620,2,1,0,0,2,0,77,999,0,13,0,0,3,10,2008,10,2010,0,38,0,0,0,5,5,45,1,1,2,1,0,0,11,68,1,1,2,68,0,1
36,360544,2,2,1,15,7,19,24,12,6,1,0,36,1,76,709,76709,80,2005,JKAEXMF105DA,J,K,A,E,X,M,F,1,0,5,D,A,0,M,KAWK,EXF,RC,5,17,,,,,,,250,,2,,4,307,,,,,,,0,0,000000000,00000000000,0,0,0,1,0,0,0,0,0,0,0,999,0,0,0,12,12,6,2,12,0,0,0,1,36,14609,6,1,0,0,3,0,69,999,1,0,0,0,0,10,2009,10,2009,1,0,0,0,0,1,2,98,1,1,2,1,20,3,1,55,1,1,1,69,1,0
36,360545,1,2,1,30,7,17,33,12,99,1,0,36,1,53,706,53706,80,2003,JS1GT75A5321,J,S,1,G,T,7,5,A,5,3,2,1,0,M,SUZI,XR1,RC,3,17,,,,,,,988,,4,,4,370,,,,,,,0,0,000000000,00000000000,0,0,0,1,0,0,0,0,0,0,0,999,0,0,0,99,99,6,2,12,0,0,0,1,36,11727,6,1,0,0,3,0,73,999,0,0,0,0,0,0,0,0,0,0,0,0,0,0,3,4,55,1,1,2,1,0,0,1,60,99,1,1,45,1,0
36,360545,2,2,1,30,7,17,33,12,99,1,0,36,1,41,49,41049,4,2010,JM1FE1CMXA04,J,M,1,F,E,1,C,M,X,A,0,4,0,P,MAZD,RX8,C4,10,17,3818,,0,1064,,G,,F,R,080,,,18R225,,,,,,0,0,000000000,00000000000,0,0,0,1,0,0,0,0,0,0,0,999,0,0,0,5,5,4,3,12,0,0,0,1,36,11753,6,1,0,0,3,3,70,999,0,0,0,0,1,11,2008,11,2008,0,27,0,0,0,3,4,55,1,1,2,1,0,0,15,11,99,1,2,46,0,0
36,360546,1,1,1,30,7,3,3,18,0,1,0,36,1,35,47,35047,4,2011,1N4AL2AP7BN4,1,N,4,A,L,2,A,P,7,B,N,4,0,P,NISS,ATS,4D,11,17,3180,,0,1093,,G,,F,4,153,,,16R215,,,,,,0,0,000000000,00000000000,0,0,0,1,0,0,0,0,0,0,0,999,0,0,0,12,12,6,2,8,0,0,0,1,36,14519,6,1,0,0,3,0,70,999,2,0,0,0,2,12,2008,12,2010,0,81,0,0,0,1,2,50,1,1,2,1,0,0,1,80,1,1,1,12,0,0
36,360547,1,1,1,30,7,13,42,34,0,1,0,36,1,99,709,99709,80,2009,ZAPM289M0953,Z,A,P,M,2,8,9,M,0,9,5,3,0,U,,,,9,17,,,,,,,,,,,,,,,,,,,0,0,000000000,00000000000,0,0,0,1,0,0,0,0,0,0,0,50,0,0,0,14,14,6,2,34,0,0,0,1,36,14615,6,1,0,0,3,0,64,999,0,0,0,0,1,8,2008,8,2008,0,0,0,0,0,1,2,50,2,1,2,1,0,0,14,13,99,1,4,1,1,0
36,360548,1,6,1,1,7,15,25,12,1,1,0,36,3,84,881,84881,63,2003,1HTWXAXT13J0,1,H,T,W,X,A,X,T,1,3,J,0,0,T,INTL,760,CC,3,17,,8,0,0,70S,D,,,6,732,,,,,00000,00,,64,0,99,999999999,99999999999,3,1,4,1,0,0,0,0,0,0,0,999,0,0,0,12,12,6,2,12,0,0,0,1,36,14470,6,1,6,1,3,3,73,999,1,0,0,0,0,9,2010,9,2010,0,26,0,0,0,1,2,99,1,1,2,1,3,3,1,50,99,1,1,20,0,0
36,360548,2,6,1,1,7,15,25,12,1,1,0,36,2,18,401,18401,14,2004,3G5DA03E54S5,3,G,5,D,A,0,3,E,5,4,S,5,0,P,BUIC,RZV,UT,4,17,4024,,0,1122,,G,,F,6,207,,,16R215,,,,,,0,0,000000000,00000000000,0,0,0,1,0,0,0,0,0,0,0,0,0,0,0,6,6,6,2,12,0,0,0,1,36,14420,6,1,0,0,3,0,64,999,0,0,0,0,0,0,0,0,0,0,0,0,0,0,1,2,99,1,1,2,1,3,3,5,53,1,1,1,21,1,0
36,360548,3,6,1,1,7,15,25,12,1,1,0,36,1,20,481,20481,31,2007,1GCEC14X57Z1,1,G,C,E,C,1,4,X,5,7,Z,1,0,T,CHEV,SC1,PK,7,17,,2,1330,1190,SIL,G,,,6,262,,,,B,4211,01,,42,0,0,000000000,00000000000,0,0,0,1,0,0,0,0,0,0,0,0,0,0,0,6,6,6,2,54,0,0,0,1,36,14470,6,1,0,0,3,0,66,999,0,0,0,0,0,0,0,0,0,0,0,0,0,0,1,2,99,1,1,2,1,3,3,5,53,1,1,1,98,0,0
36,360548,4,6,1,1,7,15,25,12,1,1,0,36,1,12,37,12037,2,2005,3FAHP31N05R1,3,F,A,H,P,3,1,N,0,5,R,1,0,P,FORD,FZX,3P,5,17,2654,,0,1030,,G,,F,4,122,,,15R195,,,,,,0,0,000000000,00000000000,0,0,0,1,0,0,0,0,0,0,0,0,0,0,0,6,6,6,2,54,0,0,0,1,36,14420,6,1,0,0,3,3,66,999,0,0,0,1,0,1,2009,1,2009,0,0,0,0,0,1,2,99,1,1,2,1,3,3,5,53,1,1,1,98,1,0
36,360548,5,6,1,1,7,15,25,12,1,1,0,1,1,54,421,54421,15,2004,2HNYD18714H5,2,H,N,Y,D,1,8,7,1,4,H,5,0,P,ACUR,MDX,UT,4,17,4510,,0,1063,,G,,F,6,212,,,17R235,,,,,,0,0,000000000,00000000000,0,0,0,1,0,0,0,0,0,0,0,0,0,0,0,5,5,6,2,54,0,0,0,1,1,36116,6,1,0,0,3,3,68,180,0,2,0,0,0,9,2009,9,2009,0,0,0,0,0,1,2,99,1,1,2,1,3,3,5,53,1,1,1,98,0,0
36,360548,6,6,2,1,7,15,25,12,1,1,0,36,1,49,40,49040,4,2005,4T1BE30K05U4,4,T,1,B,E,3,0,K,0,5,U,4,0,P,TOYT,XLL,4D,5,17,3108,,0,1071,,G,,F,4,144,,,15R205,,,,,,0,0,000000000,00000000000,0,0,0,1,0,0,0,0,0,0,0,0,0,0,0,6,6,6,2,54,0,0,0,1,36,14420,6,1,0,0,3,0,66,999,0,0,0,0,0,0,0,0,0,0,0,0,0,0,1,2,99,1,1,2,1,3,3,5,53,1,1,1,98,0,0
36,360549,1,1,1,30,7,6,35,34,0,1,0,36,1,20,32,20032,4,1995,1Y1SK526XSZ0,1,Y,1,S,K,5,2,6,X,S,Z,0,0,P,GEO,GEP,4D,95,17,2348,,0,971,,G,,F,4,097,,,14R175,,,,,,0,0,000000000,00000000000,0,0,0,1,0,0,0,0,0,0,0,999,0,0,0,12,12,6,2,30,0,0,0,1,36,12143,6,1,0,0,3,0,65,999,0,0,0,0,1,10,2010,10,2010,0,28,0,0,0,1,2,40,1,1,2,1,0,0,1,13,1,1,4,1,1,0
36,360550,1,1,5,31,7,15,37,1,0,1,0,36,2,12,401,12401,14,1996,1FMDU32X6TZB,1,F,M,D,U,3,2,X,6,T,Z,B,0,P,FORD,EPR,UT,96,17,3952,,0,1115,,G,,F,6,245,,,15R225,,,,,,0,0,000000000,00000000000,0,0,0,1,0,0,0,0,0,0,0,999,0,2,1,0,13,6,2,1,0,0,0,1,36,10454,6,1,6,0,3,0,72,999,0,2,0,0,1,11,2010,4,2011,0,80,0,0,0,3,3,55,2,2,2,1,0,0,14,1,1,1,2,98,1,0
36,360551,1,1,1,31,7,5,31,8,0,1,0,36,1,12,481,12481,31,2003,2FTRF18223CA,2,F,T,R,F,1,8,2,2,3,C,A,0,T,FORD,F15,PK,3,17,,2,1388,1202,COF,G,,,6,256,,,,B,4400,00,U,44,0,0,000000000,00000000000,0,0,0,1,0,0,0,0,0,0,0,999,0,0,0,11,11,2,1,8,0,0,0,1,36,14891,6,1,0,0,3,3,70,999,0,0,0,0,0,0,0,0,0,0,0,0,0,0,1,2,30,1,1,2,1,3,3,1,80,99,1,1,13,0,0