STATE,ST_CASE,VEH_NO,VE_FORMS,NUMOCCS,DAY,MONTH,HOUR,MINUTE,HARM_EV,MAN_COLL,UNITTYPE,HIT_RUN,REG_STAT,OWNER,MAKE,MODEL,MAK_MOD,BODY_TYP,MOD_YEAR,VIN,VIN_1,VIN_2,VIN_3,VIN_4,VIN_5,VIN_6,VIN_7,VIN_8,VIN_9,VIN_10,VIN_11,VIN_12,TOW_VEH,VINTYPE,VINMAKE,VINA_MOD,VIN_BT,VINMODYR,VIN_LNGT,VIN_WGT,WGTCD_TR,WHLBS_LG,WHLBS_SH,SER_TR,FUELCODE,MCYCL_DS,CARBUR,CYLINDER,DISPLACE,MCYCL_CY,MCYCL_WT,TIRE_SZE,TON_RAT,TRK_WT,TRKWTVAR,VIN_REST,WHLDRWHL,J_KNIFE,MCARR_I1,MCARR_I2,MCARR_ID,GVWR,V_CONFIG,CARGO_BT,HAZ_INV,HAZ_PLAC,HAZ_ID,HAZ_CNO,HAZ_REL,BUS_USE,SPEC_USE,EMER_USE,TRAV_SP,UNDERIDE,ROLLOVER,ROLINLOC,IMPACT1,IMPACT2,DEFORMED,TOWED,M_HARM,VEH_SC1,VEH_SC2,FIRE_EXP,DR_PRES,L_STATE,DR_ZIP,L_STATUS,L_TYPE,CDL_STAT,L_ENDORS,L_COMPL,L_RESTRI,DR_HGT,DR_WGT,PREV_ACC,PREV_SUS,PREV_DWI,PREV_SPD,PREV_OTH,FIRST_MO,FIRST_YR,LAST_MO,LAST_YR,SPEEDREL,DR_SF1,DR_SF2,DR_SF3,DR_SF4,VTRAFWAY,VNUM_LAN,VSPD_LIM,VALIGN,VPROFILE,VPAVETYP,VSURCOND,VTRAFCON,VTCONT_F,P_CRASH1,P_CRASH2,P_CRASH3,PCRASH4,PCRASH5,ACC_TYPE,DEATHS,DR_DRINK
36,360552,1,1,1,30,7,22,20,14,0,1,0,37,2,62,421,62421,15,2011,SALMF1D44BA3,S,A,L,M,F,1,D,4,4,B,A,3,0,T,LNDR,RHL,4W,11,17,,2,0,1134,RRV,G,,,8,302,,,,,5697,00,7,44,0,0,000000000,00000000000,0,0,0,1,0,0,0,0,0,0,0,999,0,1,6,12,13,6,2,8,0,0,0,1,36,11206,6,1,0,0,3,0,68,999,0,0,0,0,1,3,2009,3,2009,0,28,0,0,0,4,2,98,1,1,2,1,3,3,1,13,1,1,4,11,1,0
36,360553,1,3,1,12,7,17,44,12,6,1,0,36,1,35,43,35043,4,2011,3N1AB6AP3BL6,3,N,1,A,B,6,A,P,3,B,L,6,0,P,NISS,SBL,4D,11,17,2862,,0,1057,,G,,F,4,122,,,16R205,,,,,,0,0,000000000,00000000000,0,0,0,1,0,0,0,0,0,0,0,999,0,0,0,12,12,6,2,12,0,0,0,1,36,11725,6,1,0,0,3,0,68,999,1,0,0,0,0,11,2010,11,2010,0,0,0,0,0,5,4,99,1,1,2,1,3,3,1,73,99,1,1,88,0,0
36,360553,2,3,1,12,7,17,44,12,6,1,0,36,1,24,5,24005,4,2003,1G8JW54R63Y5,1,G,8,J,W,5,4,R,6,3,Y,5,0,P,STRN,L30,4D,3,17,3197,,0,1065,,G,,F,6,183,,,16R215,,,,,,0,0,000000000,00000000000,0,0,0,1,0,0,0,0,0,0,0,999,0,0,0,9,9,6,2,12,0,0,0,1,36,11725,6,1,0,0,3,3,70,999,1,0,0,0,0,7,2008,7,2008,0,38,0,0,0,5,4,99,1,1,2,1,3,3,4,19,99,1,1,89,1,1
36,360553,3,3,1,12,7,17,44,12,6,1,0,34,3,49,32,49032,4,2011,2T1BU4EE0BC5,2,T,1,B,U,4,E,E,0,B,C,5,0,P,TOYT,CBS,4D,11,17,2734,,0,1024,,G,,F,4,110,,,15R195,,,,,,0,0,000000000,00000000000,0,0,0,1,0,0,0,0,0,0,0,999,0,0,0,62,62,6,2,54,0,0,0,1,97,0,9,9,99,9,9,9,999,999,99,99,99,99,99,99,9999,99,9999,0,0,0,0,0,5,4,99,1,1,2,1,3,3,1,62,99,1,1,98,0,0
36,360554,1,1,1,7,7,19,40,9,0,1,0,36,2,42,34,42034,2,1989,WDBBA48D2KA1,W,D,B,B,A,4,8,D,2,K,A,1,0,P,MERZ,56S,RD,89,17,3570,,0,967,,G,,F,8,338,,,15R205,,,,,,0,0,000000000,00000000000,0,0,0,1,0,0,0,0,0,0,0,999,0,0,0,12,12,4,3,9,0,0,0,1,36,11563,6,1,0,0,3,3,69,999,1,0,0,0,0,3,2010,3,2010,0,38,0,0,0,3,3,98,1,1,1,1,3,3,1,83,1,1,1,13,0,0
36,360555,1,2,1,31,7,11,35,12,6,1,0,36,1,53,705,53705,80,2008,JS1GN7EA7821,J,S,1,G,N,7,E,A,7,8,2,1,0,M,SUZI,G60,RC,8,17,,,,,,,599,,4,,4,359,,,,,,,0,0,000000000,00000000000,0,0,0,1,0,0,0,0,0,0,0,999,0,0,0,12,12,6,2,12,0,0,0,1,36,11738,6,1,0,0,3,0,68,999,0,0,0,0,2,2,2010,3,2010,0,0,0,0,0,1,4,40,1,1,2,1,3,3,1,66,99,1,1,69,1,0
36,360555,2,2,1,31,7,11,35,12,6,1,0,36,1,7,43,7043,4,1997,1B3EJ46X0VN5,1,B,3,E,J,4,6,X,0,V,N,5,0,P,DODG,STR,4D,97,17,2912,,0,1080,,G,,F,4,148,,,14R195,,,,,,0,0,000000000,00000000000,0,0,0,1,0,0,0,0,0,0,0,999,0,0,0,5,5,6,2,12,0,0,0,1,36,11727,6,1,0,0,3,0,62,999,0,0,0,0,0,0,0,0,0,0,38,0,0,0,1,4,40,1,1,2,1,3,3,11,15,99,1,1,68,0,0
36,360556,1,1,3,1,8,16,18,42,0,1,0,36,2,48,401,48401,14,2007,JF1SG67667H7,J,F,1,S,G,6,7,6,6,7,H,7,0,P,SUBA,FOR,UT,7,17,3205,,0,994,,G,,F,4,150,,,16R215,,,,,,0,0,000000000,00000000000,0,0,0,1,0,0,0,0,0,0,0,999,0,0,0,12,12,6,2,42,0,0,0,1,6,94306,6,1,0,0,3,3,72,999,0,0,0,0,0,0,0,0,0,0,0,0,0,0,1,2,55,1,2,2,1,28,3,1,13,99,1,4,1,1,0
36,360557,1,1,1,2,8,5,32,8,0,1,0,36,1,35,401,35401,14,2003,JN8DR09Y13W8,J,N,8,D,R,0,9,Y,1,3,W,8,0,P,NISS,PFI,UT,3,17,4131,,0,1063,,G,,F,6,213,,,16R255,,,,,,0,0,000000000,00000000000,0,0,0,1,0,0,0,0,0,0,0,999,0,0,0,12,12,2,1,8,0,0,0,1,36,11563,6,1,0,0,3,0,69,999,0,0,0,0,1,9,2008,9,2008,0,0,0,0,0,1,4,30,1,1,2,1,3,3,1,80,99,1,1,13,0,0
36,360558,1,2,2,1,8,7,53,12,6,1,0,36,1,54,32,54032,2,1989,JH4KA3260KC0,J,H,4,K,A,3,2,6,0,K,C,0,0,P,ACUR,LLL,CP,89,17,0,,0,1065,,G,,F,6,165,,,15R205,,,,,,0,0,000000000,00000000000,0,0,0,1,0,0,0,0,0,0,0,999,0,0,0,3,3,6,2,12,0,0,0,1,36,12083,6,1,0,0,3,0,65,999,0,0,0,0,0,0,0,0,0,0,52,38,92,0,1,2,55,1,1,2,1,0,0,11,15,99,1,1,68,1,0
36,360558,2,2,1,1,8,7,53,12,6,1,0,36,2,14,401,14401,14,1998,4M2ZU55P7WUJ,4,M,2,Z,U,5,5,P,7,W,U,J,0,P,MERC,MOU,UT,98,17,4374,,0,1120,,G,,F,8,302,,,15R235,,,,,,0,0,000000000,00000000000,0,0,0,1,0,0,0,0,0,0,0,999,0,0,0,12,12,6,2,12,0,0,0,1,36,12423,6,1,0,0,3,0,71,999,0,0,0,0,0,0,0,0,0,0,0,0,0,0,1,2,55,1,1,2,1,0,0,1,62,99,1,1,69,0,0
36,360559,1,1,1,3,8,21,15,8,0,1,0,36,2,35,43,35043,4,2001,3N1CB51D81L4,3,N,1,C,B,5,1,D,8,1,L,4,0,P,NISS,XGX,4D,1,17,2469,,0,998,,G,,F,4,108,,,14R185,,,,,,0,0,000000000,00000000000,0,0,0,1,0,0,0,0,0,0,0,999,0,0,0,12,12,2,1,8,0,0,0,1,36,11096,6,1,0,0,3,3,70,999,4,0,0,0,2,7,2009,4,2010,0,87,0,0,0,1,2,20,1,1,2,2,0,0,1,80,99,1,1,13,0,0
36,360560,1,3,2,3,8,17,16,12,8,1,0,36,2,37,31,37031,4,1993,JHMEH9596PS0,J,H,M,E,H,9,5,9,6,P,S,0,0,P,HOND,CXV,4D,93,17,2520,,0,1013,,G,,F,4,097,,,14R175,,,,,,0,0,000000000,00000000000,0,0,0,1,0,0,0,0,0,0,0,80,0,0,0,62,3,6,2,12,0,0,0,1,36,12553,6,1,0,0,3,0,72,999,0,0,0,0,0,0,0,0,0,1,39,0,0,0,1,2,55,4,1,2,2,28,3,14,10,99,1,2,64,2,1
36,360560,2,3,1,3,8,17,16,12,8,1,0,36,2,12,402,12402,14,2004,1FMCU94174KA,1,F,M,C,U,9,4,1,7,4,K,A,0,P,FORD,SPE,UT,4,17,3346,,0,1031,,G,,F,6,181,,,16R235,,,,,,0,0,000000000,00000000000,0,0,0,1,0,0,0,0,0,0,0,55,0,0,0,63,63,6,2,12,0,0,0,1,36,10930,6,1,0,0,3,0,68,999,1,0,0,0,0,8,2009,8,2009,0,0,0,0,0,1,2,55,4,1,2,2,28,3,14,62,99,1,1,65,0,0
36,360560,3,3,1,3,8,17,16,12,8,1,0,36,1,20,20,20020,4,1999,2G1WL52M9X91,2,G,1,W,L,5,2,M,9,X,9,1,0,P,CHEV,L/S,4D,99,17,3330,,0,1075,,G,,F,6,191,,,15R205,,,,,,0,0,000000000,00000000000,0,0,0,1,0,0,0,0,0,0,0,55,0,0,0,12,12,6,2,12,0,0,0,1,36,10927,6,1,6,0,3,3,72,999,0,1,0,0,1,10,2010,10,2010,0,0,0,0,0,1,2,55,4,1,2,2,28,3,14,62,99,1,1,98,0,0
36,360561,1,2,1,4,8,14,41,12,6,1,0,36,1,73,705,73705,80,1999,JKAZXDP1XXA0,J,K,A,Z,X,D,P,1,X,X,A,0,0,M,KAWK,Z7P,RC,99,17,,,,,,,750,,4,,4,448,,,,,,,0,0,000000000,00000000000,0,0,0,1,0,0,0,0,0,0,0,999,0,0,0,12,12,6,2,12,0,0,0,1,36,12302,6,1,0,0,3,0,74,999,1,0,0,0,2,8,2009,7,2010,1,27,0,0,0,2,2,55,1,1,2,1,0,0,1,17,99,1,1,69,1,0
36,360561,2,2,1,4,8,14,41,12,6,1,0,36,1,20,481,20481,31,1996,1GCEK19M0TE1,1,G,C,E,K,1,9,M,0,T,E,1,0,T,CHEV,GK1,PC,96,17,,2,1555,1415,GM4,G,,,8,305,,,,B,4495,08,,44,0,0,000000000,00000000000,0,0,0,1,0,0,0,0,0,0,0,999,0,0,0,1,12,6,2,12,0,0,0,1,36,12010,6,1,0,0,3,0,69,999,0,0,0,0,0,0,0,0,0,0,0,0,0,0,2,2,55,1,1,2,1,0,0,11,15,99,1,1,68,0,0
36,360562,1,1,2,5,8,19,20,10,0,1,0,36,1,6,51,6051,4,2008,2C3LA43R58H2,2,C,3,L,A,4,3,R,5,8,H,2,0,P,CHRY,3LX,4D,8,17,3725,,0,1200,,G,,F,6,165,,,17R215,,,,,,0,0,000000000,00000000000,0,0,0,1,0,0,0,0,0,0,0,999,0,0,0,81,81,6,2,10,0,0,0,1,36,12047,6,1,0,0,3,3,69,999,0,0,0,0,0,0,0,0,0,0,0,0,0,0,2,2,30,1,3,2,1,65,3,1,91,99,1,1,15,1,0
36,360563,1,1,3,6,8,18,36,42,0,1,0,36,1,37,32,37032,4,2009,1HGCP26849A0,1,H,G,C,P,2,6,8,4,9,A,0,0,P,HOND,AXL,4D,9,17,3373,,0,1102,,G,,F,4,146,,,17R225,,,,,,0,0,000000000,00000000000,0,0,0,1,0,0,0,0,0,0,0,999,0,0,0,12,12,6,2,42,0,0,0,1,36,12809,6,1,0,0,3,0,65,999,0,1,0,1,0,2,2009,10,2010,1,0,0,0,0,1,2,55,3,2,2,1,0,0,14,12,99,9,4,6,2,0
36,360564,1,1,1,6,8,18,3,35,0,1,0,36,1,76,705,76705,80,2001,JYAVM01E21A0,J,Y,A,V,M,0,1,E,2,1,A,0,0,M,YAMA,V6A,RS,1,17,,,,,,,649,,2,,4,495,,,,,,,0,0,000000000,00000000000,0,0,0,1,0,0,0,0,0,0,0,999,0,0,0,12,11,9,9,42,0,0,0,1,36,14623,6,1,0,0,3,0,71,999,0,0,0,0,0,0,0,0,0,1,0,0,0,0,1,2,30,3,1,2,1,0,0,14,13,99,9,4,1,1,1
36,360565,1,1,2,6,8,13,40,34,0,1,0,92,0,73,739,73739,90,2006,999999999999,9,9,9,9,9,9,9,9,9,9,9,9,0,,,,,,,,,,,,,,,,,,,,,,,,,0,0,000000000,00000000000,0,0,0,1,0,0,0,0,0,0,0,999,0,1,5,12,12,0,3,1,0,0,0,1,36,14086,6,1,0,0,3,3,65,999,0,0,0,0,0,0,0,0,0,0,52,0,0,0,1,2,5,1,2,2,99,0,0,98,98,99,1,4,98,1,0
36,360566,1,2,1,19,4,10,20,12,7,1,0,36,1,49,40,49040,4,2002,4T1BE32K42U0,4,T,1,B,E,3,2,K,4,2,U,0,0,P,TOYT,LXS,4D,2,17,3086,,0,1071,,G,,F,4,144,,,15R205,,,,,,0,0,000000000,00000000000,0,0,0,1,0,0,0,0,0,0,0,999,0,0,0,62,61,6,2,25,0,0,0,1,36,11725,6,1,0,0,3,3,71,999,1,0,0,0,0,9,2008,9,2008,0,27,0,0,0,3,2,55,4,1,2,2,0,0,15,11,1,1,2,47,1,0
36,360566,2,2,4,19,4,10,20,12,7,1,0,36,1,35,401,35401,14,2007,5N1AR18WX7C6,5,N,1,A,R,1,8,W,X,7,C,6,0,P,NISS,PFI,UT,7,17,4505,,0,1122,,G,,F,6,244,,,16R245,,,,,,0,0,000000000,00000000000,0,0,0,1,0,0,0,0,0,0,0,999,0,0,0,3,12,6,2,25,0,0,0,1,36,11801,6,1,0,0,3,0,66,999,0,0,0,0,0,0,0,0,0,0,0,0,0,0,3,2,55,4,1,2,2,0,0,14,60,1,1,1,45,0,0
36,360567,1,1,1,2,8,8,45,9,0,1,0,36,3,85,881,85881,62,2007,SBVVHY6X57L3,S,B,V,V,H,Y,6,X,5,7,L,3,0,T,KW,K26,TB,7,17,,6,0,0,COE,D,,,6,359,,,,,00000,00,,42,0,99,999999999,99999999999,2,1,1,1,0,0,0,0,0,0,0,999,0,0,0,82,82,2,1,9,0,0,0,1,36,11419,6,1,6,0,3,0,65,999,0,0,0,0,0,0,0,0,0,0,0,0,0,0,3,2,99,1,1,2,1,3,3,10,16,99,1,1,13,0,0
36,360568,1,1,1,7,8,3,10,42,0,1,0,36,1,12,17,12017,4,1996,1FALP52U0TA3,1,F,A,L,P,5,2,U,0,T,A,3,0,P,FORD,TAG,4D,96,17,3347,,0,1085,,G,,F,6,182,,,15R205,,,,,,0,0,000000000,00000000000,0,0,0,1,0,0,0,0,0,0,0,999,0,0,0,9,9,6,2,42,0,0,0,1,36,11798,0,0,0,0,0,0,66,999,0,1,0,0,0,5,2011,5,2011,1,87,0,0,0,3,3,55,1,1,2,2,0,0,1,13,99,3,4,2,1,1
36,360569,1,2,1,8,8,9,12,12,6,1,0,36,1,55,35,55035,4,2004,KMHDN46D74U8,K,M,H,D,N,4,6,D,7,4,U,8,0,P,HYUN,EST,4D,4,17,2635,,0,1027,,G,,F,4,121,,,15R195,,,,,,0,0,000000000,00000000000,0,0,0,1,0,0,0,0,0,0,0,999,0,0,0,12,12,6,2,12,0,0,0,1,36,13090,6,1,0,0,3,3,67,999,0,0,0,0,0,0,0,0,0,0,38,0,0,0,2,2,40,1,1,2,1,0,0,10,16,99,1,1,78,0,0
36,360569,2,2,1,8,8,9,12,12,6,1,0,36,1,37,705,37705,80,2007,JH2RC50437M3,J,H,2,R,C,5,0,4,3,7,M,3,0,M,HOND,VT7,RS,7,17,,,,,,,745,,2,,4,519,,,,,,,0,0,000000000,00000000000,0,0,0,1,0,0,0,0,0,0,0,999,0,0,0,81,81,6,2,12,0,0,0,1,36,13090,6,1,0,0,3,0,69,999,0,0,0,0,0,0,0,0,0,0,0,0,0,0,2,2,40,1,1,2,1,0,0,1,70,99,1,1,79,1,0
36,360570,1,1,1,7,8,17,45,24,0,1,0,36,2,72,706,72706,80,2003,1HD4CJM4X3K4,1,H,D,4,C,J,M,4,X,3,K,4,0,M,HD,L8A,RS,3,17,,,,,,,883,,2,,4,486,,,,,,,0,0,000000000,00000000000,0,0,0,1,0,0,0,0,0,0,0,999,0,0,0,12,12,6,2,24,0,0,0,1,36,14741,6,1,0,0,3,0,63,999,0,0,0,0,1,8,2010,8,2010,0,50,0,0,0,1,2,99,1,1,2,1,0,0,1,12,99,1,4,6,1,0
36,360571,1,3,2,6,8,4,23,12,1,1,0,92,0,99,709,99709,80,9999,999999999999,9,9,9,9,9,9,9,9,9,9,9,9,0,,,,,,,,,,,,,,,,,,,,,,,,,0,0,000000000,00000000000,0,0,0,1,0,0,0,0,0,0,0,0,0,0,0,6,99,6,2,12,0,0,0,1,36,10805,1,1,0,0,2,3,72,999,0,1,0,0,2,6,2010,6,2011,0,0,0,0,0,3,4,35,1,1,2,1,0,0,5,53,1,1,1,21,1,0
36,360571,2,3,1,6,8,4,23,12,1,1,1,34,9,37,499,37499,30,2007,999999999999,9,9,9,9,9,9,9,9,9,9,9,9,0,,,,,,,,,,,,,,,,,,,,,,,,,0,0,000000000,00000000000,0,0,0,1,0,0,0,0,0,0,0,999,0,0,0,12,12,4,1,12,0,0,0,1,99,99999,9,9,99,9,9,9,999,999,99,99,99,99,99,99,9999,99,9999,9,0,0,0,0,3,4,35,1,1,2,1,0,0,1,50,1,1,1,20,0,0
36,360571,3,3,2,6,8,4,23,12,1,1,0,36,2,20,401,20401,14,1995,1GNDT13W1SK2,1,G,N,D,T,1,3,W,1,S,K,2,0,P,CHEV,BZR,UT,95,17,4071,,0,1070,,G,,F,6,262,,,15R205,,,,,,0,0,000000000,00000000000,0,0,0,1,0,0,0,0,0,0,0,999,0,0,0,12,12,4,3,12,0,0,0,1,36,10977,6,1,0,0,3,3,71,999,0,0,0,0,1,2,2009,2,2009,0,0,0,0,0,3,4,35,1,1,2,1,0,0,1,50,1,1,1,98,0,0
36,360572,1,2,1,7,8,17,34,12,6,1,0,36,1,76,705,76705,80,2009,JYARJ16E59A0,J,Y,A,R,J,1,6,E,5,9,A,0,0,M,YAMA,R6L,RC,9,17,,,,,,,599,,4,,4,414,,,,,,,0,0,000000000,00000000000,0,0,0,1,0,0,0,0,0,0,0,999,0,0,0,12,12,6,2,12,0,0,0,1,36,12304,6,1,0,0,3,0,73,999,1,0,0,2,0,8,2008,8,2010,1,8,0,0,0,1,2,40,1,1,1,1,0,0,1,66,99,1,1,69,1,0
36,360572,2,2,1,7,8,17,34,12,6,1,0,36,1,53,41,53041,4,2010,JS2RE9A51A61,J,S,2,R,E,9,A,5,1,A,6,1,0,P,SUZI,KGT,4D,10,17,3241,,0,1063,,G,,F,4,146,,,18R235,,,,,,0,0,000000000,00000000000,0,0,0,1,0,0,0,0,0,0,0,999,0,0,0,1,3,6,2,12,0,0,0,1,36,12203,6,1,0,0,3,0,65,999,0,0,0,0,0,0,0,0,0,0,38,0,0,0,1,2,40,1,1,1,1,0,0,11,15,99,1,1,68,0,0
36,360573,1,2,2,21,6,19,30,12,2,1,0,36,1,20,401,20401,14,2001,1GNCT18WX1K1,1,G,N,C,T,1,8,W,X,1,K,1,0,P,CHEV,BZR,UT,1,17,3971,,0,1005,,G,,F,6,262,,,15R235,,,,,,0,0,000000000,00000000000,0,0,0,1,0,0,0,0,0,0,0,999,0,0,0,12,12,6,2,12,0,0,0,1,47,37343,6,1,0,0,3,0,62,999,0,0,0,0,0,0,0,0,0,0,28,0,0,0,1,2,45,1,1,2,1,0,0,1,10,1,1,2,50,0,0
36,360573,2,2,2,21,6,19,30,12,2,1,0,36,1,20,421,20421,15,1996,1GNEK13R9TJ4,1,G,N,E,K,1,3,R,9,T,J,4,0,P,CHEV,KTA,UT,96,17,5144,,0,1175,,G,,F,8,350,,,16R245,,,,,,0,0,000000000,00000000000,0,0,0,1,0,0,0,0,0,0,0,999,0,0,0,12,12,6,2,12,0,0,0,1,36,14305,6,1,0,0,3,0,64,999,0,0,0,0,0,0,0,0,0,0,0,0,0,0,1,2,45,1,1,2,1,0,0,1,63,1,1,1,51,1,0
36,360574,1,2,2,8,8,18,14,12,6,1,0,24,2,49,40,49040,4,2007,JTNBE46K5730,J,T,N,B,E,4,6,K,5,7,3,0,0,P,TOYT,CMB,4D,7,17,3108,,0,1093,,G,,F,4,146,,,15R205,,,,,,0,0,000000000,00000000000,0,0,0,1,0,0,0,0,0,0,0,999,0,0,0,12,12,2,1,12,0,0,0,1,36,11434,6,1,0,0,3,0,74,999,0,0,0,0,0,0,0,0,0,0,48,92,0,0,1,2,99,1,1,2,1,0,0,12,10,99,1,2,98,0,0
36,360574,2,2,1,8,8,18,14,12,6,1,0,36,2,37,709,37709,80,2006,JH2PC37016M3,J,H,2,P,C,3,7,0,1,6,M,3,0,M,HOND,B60,RC,6,17,,,,,,,599,,4,,4,361,,,,,,,0,0,000000000,00000000000,0,0,0,1,0,0,0,0,0,0,0,999,0,0,0,61,61,6,2,12,0,0,0,1,36,10461,6,1,6,0,3,0,73,999,0,2,0,1,1,2,2009,11,2010,0,26,0,0,0,1,2,99,1,1,2,1,0,0,1,62,99,1,1,98,1,0
36,360575,1,2,1,24,7,14,21,12,6,1,0,36,1,49,40,49040,4,2002,4T1BE32K02U0,4,T,1,B,E,3,2,K,0,2,U,0,0,P,TOYT,LXS,4D,2,17,3086,,0,1071,,G,,F,4,144,,,15R205,,,,,,0,0,000000000,00000000000,0,0,0,1,0,0,0,0,0,0,0,999,0,0,0,12,12,6,2,12,0,0,0,1,36,11784,6,1,0,0,3,3,62,999,0,0,0,0,0,0,0,0,0,0,0,0,0,0,2,2,99,1,1,2,1,0,0,1,62,99,1,1,65,0,0
36,360575,2,2,2,24,7,14,21,12,6,1,0,36,2,42,401,42401,14,2005,4JGAB75E65A5,4,J,G,A,B,7,5,E,6,5,A,5,0,P,MERZ,M50,UT,5,17,4874,,0,1110,,G,,F,8,305,,,17R275,,,,,,0,0,000000000,00000000000,0,0,0,1,0,0,0,0,0,0,0,999,0,0,0,82,82,6,2,12,0,0,0,1,36,11940,6,1,0,0,3,0,71,999,0,7,0,0,1,10,2008,6,2010,1,0,0,0,0,2,2,99,1,1,2,1,0,0,1,10,99,1,2,64,1,0
36,360576,1,1,1,11,8,2,12,30,0,1,0,36,1,76,709,76709,80,2009,JKAEXVD189A1,J,K,A,E,X,V,D,1,8,9,A,1,0,M,KAWK,E5D,RC,9,17,,,,,,,498,,2,,4,434,,,,,,,0,0,000000000,00000000000,0,0,0,1,0,0,0,0,0,0,0,54,0,0,0,12,12,6,2,30,0,0,0,1,36,13088,6,1,0,0,3,0,69,999,1,0,0,0,0,6,2011,6,2011,1,28,0,0,0,1,2,45,2,1,2,1,0,0,14,12,1,1,4,6,1,1
36,360577,1,1,4,11,8,22,5,1,0,1,0,36,2,35,401,35401,14,1999,JN8AR05Y9XW3,J,N,8,A,R,0,5,Y,9,X,W,3,0,P,NISS,PFI,UT,99,17,3826,,0,1063,,G,,F,6,201,,,15R235,,,,,,0,0,000000000,00000000000,0,0,0,1,0,0,0,0,0,0,0,999,0,2,3,0,13,6,2,1,0,0,0,1,36,10512,6,1,0,0,3,0,63,999,0,0,0,0,0,0,0,0,0,0,52,27,0,0,3,2,65,4,2,2,1,0,0,14,8,7,7,4,7,1,0
36,360578,1,1,1,12,8,7,49,42,0,1,0,36,1,76,709,76709,80,2004,JYARJ06E34A0,J,Y,A,R,J,0,6,E,3,4,A,0,0,M,YAMA,R6L,RC,4,17,,,,,,,599,,4,,4,412,,,,,,,0,0,000000000,00000000000,0,0,0,1,0,0,0,0,0,0,0,999,0,0,0,12,12,6,2,42,0,0,0,1,36,11501,6,8,0,0,2,3,72,999,0,7,1,0,0,8,2008,4,2009,1,28,0,0,0,1,2,30,1,1,2,1,0,0,1,12,1,1,4,6,1,1
36,360579,1,1,1,10,8,8,45,8,0,1,0,36,2,49,403,49403,14,2007,JTEDP21A2701,J,T,E,D,P,2,1,A,2,7,0,1,0,P,TOYT,HIG,UT,7,17,3704,,0,1069,,G,,F,6,201,,,16R225,,,,,,0,0,000000000,00000000000,0,0,0,1,0,0,0,0,0,0,0,999,0,0,0,12,12,6,2,8,0,0,0,1,36,12186,6,1,0,0,3,3,66,999,0,0,0,0,0,0,0,0,0,0,0,0,0,0,1,2,30,1,1,2,1,0,0,1,13,99,9,4,13,0,0
36,360580,1,2,1,10,8,13,28,12,6,1,0,36,3,12,881,12881,61,1999,1FDXF46F9XEB,1,F,D,X,F,4,6,F,9,X,E,B,0,T,FORD,F4D,CB,99,17,,4,2010,1410,DRW,D,,,8,444,,,,,00000,00,E,42,0,99,999999999,99999999999,2,1,4,1,0,0,0,0,0,0,0,999,0,0,0,5,5,2,1,12,0,0,0,1,36,10301,6,1,0,0,3,0,70,999,2,0,0,1,2,11,2008,3,2011,0,0,0,0,0,3,2,99,1,1,2,1,0,0,10,16,99,1,1,70,0,1
36,360580,2,2,1,10,8,13,28,12,6,1,0,42,1,37,706,37706,80,2007,JH2SC57047M3,J,H,2,S,C,5,7,0,4,7,M,3,0,M,HOND,CBS,RC,7,17,,,,,,,998,,4,,4,388,,,,,,,0,0,000000000,00000000000,0,0,0,1,0,0,0,0,0,0,0,999,0,0,0,12,12,9,9,12,0,0,0,1,36,11216,6,1,0,0,3,0,67,999,1,3,0,1,0,3,2010,7,2011,0,0,0,0,0,3,2,99,1,1,2,1,0,0,1,17,99,1,1,71,1,0
36,360581,1,2,1,12,8,9,0,12,6,1,0,36,1,7,442,7442,20,2000,2B4FP25B5YR8,2,B,4,F,P,2,5,B,5,Y,R,8,0,P,DODG,CAR,SV,0,17,3432,,0,1133,,G,,F,4,148,,,14R205,,,,,,0,0,000000000,00000000000,0,0,0,1,0,0,0,0,0,0,0,999,0,0,0,81,81,6,2,12,0,0,0,1,36,13027,6,1,0,0,3,0,70,999,1,0,0,0,1,11,2008,12,2008,0,39,0,0,0,1,4,50,1,1,2,1,20,3,1,17,99,1,1,87,1,0
36,360581,2,2,2,12,8,9,0,12,6,1,0,36,2,6,51,6051,4,2006,2C3KA53G66H4,2,C,3,K,A,5,3,G,6,6,H,4,0,P,CHRY,3TR,4D,6,17,3651,,0,1200,,G,,F,6,214,,,17R215,,,,,,0,0,000000000,00000000000,0,0,0,1,0,0,0,0,0,0,0,999,0,0,0,12,12,6,2,12,0,0,0,1,36,13027,6,1,0,0,3,3,60,999,0,0,0,0,1,6,2009,6,2009,0,0,0,0,0,1,4,50,1,1,2,1,0,0,1,66,99,1,1,86,0,0
36,360582,1,1,1,15,8,8,0,33,0,1,0,36,2,49,48,49048,5,2004,JTKKT6243400,J,T,K,K,T,6,2,4,3,4,0,0,0,P,TOYT,SXA,4H,4,17,2380,,0,933,,G,,F,4,092,,,15R185,,,,,,0,0,000000000,00000000000,0,0,0,1,0,0,0,0,0,0,0,999,0,0,0,14,61,6,2,30,0,0,0,1,36,11756,1,1,0,0,2,3,73,999,0,1,0,0,0,2,2011,2,2011,0,87,0,0,0,1,4,99,2,1,2,2,0,0,14,5,99,3,4,2,1,0
36,360583,1,1,1,13,8,18,55,58,0,1,0,36,1,72,709,72709,80,2010,1HD1HPH15AC8,1,H,D,1,H,P,H,1,5,A,C,8,0,M,HD,VRF,RS,10,17,,,,,,,1250,,2,,4,673,,,,,,,0,0,000000000,00000000000,0,0,0,1,0,0,0,0,0,0,0,999,0,0,0,12,12,6,2,5,0,0,0,1,36,10528,6,1,0,0,3,0,73,999,0,0,0,0,0,0,0,0,0,1,28,0,0,0,6,1,45,4,2,2,1,0,0,14,6,1,1,4,6,1,0