STATE,ST_CASE,VEH_NO,VE_FORMS,NUMOCCS,DAY,MONTH,HOUR,MINUTE,HARM_EV,MAN_COLL,UNITTYPE,HIT_RUN,REG_STAT,OWNER,MAKE,MODEL,MAK_MOD,BODY_TYP,MOD_YEAR,VIN,VIN_1,VIN_2,VIN_3,VIN_4,VIN_5,VIN_6,VIN_7,VIN_8,VIN_9,VIN_10,VIN_11,VIN_12,TOW_VEH,VINTYPE,VINMAKE,VINA_MOD,VIN_BT,VINMODYR,VIN_LNGT,VIN_WGT,WGTCD_TR,WHLBS_LG,WHLBS_SH,SER_TR,FUELCODE,MCYCL_DS,CARBUR,CYLINDER,DISPLACE,MCYCL_CY,MCYCL_WT,TIRE_SZE,TON_RAT,TRK_WT,TRKWTVAR,VIN_REST,WHLDRWHL,J_KNIFE,MCARR_I1,MCARR_I2,MCARR_ID,GVWR,V_CONFIG,CARGO_BT,HAZ_INV,HAZ_PLAC,HAZ_ID,HAZ_CNO,HAZ_REL,BUS_USE,SPEC_USE,EMER_USE,TRAV_SP,UNDERIDE,ROLLOVER,ROLINLOC,IMPACT1,IMPACT2,DEFORMED,TOWED,M_HARM,VEH_SC1,VEH_SC2,FIRE_EXP,DR_PRES,L_STATE,DR_ZIP,L_STATUS,L_TYPE,CDL_STAT,L_ENDORS,L_COMPL,L_RESTRI,DR_HGT,DR_WGT,PREV_ACC,PREV_SUS,PREV_DWI,PREV_SPD,PREV_OTH,FIRST_MO,FIRST_YR,LAST_MO,LAST_YR,SPEEDREL,DR_SF1,DR_SF2,DR_SF3,DR_SF4,VTRAFWAY,VNUM_LAN,VSPD_LIM,VALIGN,VPROFILE,VPAVETYP,VSURCOND,VTRAFCON,VTCONT_F,P_CRASH1,P_CRASH2,P_CRASH3,PCRASH4,PCRASH5,ACC_TYPE,DEATHS,DR_DRINK
36,360584,1,1,1,13,8,23,25,42,0,1,0,36,2,42,47,42047,1,2006,WDBTK56G66T0,W,D,B,T,K,5,6,G,6,6,T,0,0,P,MERZ,K50,CV,6,17,3845,,0,1069,,G,,F,6,213,,,17R225,,,,,,0,0,000000000,00000000000,0,0,0,1,0,0,0,0,0,0,0,999,0,0,0,99,99,6,2,42,0,0,0,1,36,11568,6,1,0,0,3,0,64,999,1,0,0,0,0,8,2009,8,2009,1,0,0,0,0,1,2,35,1,1,2,1,0,0,1,13,99,1,4,1,1,1
36,360585,1,3,2,16,8,14,46,54,11,1,0,36,1,20,16,20016,4,2004,1G1JC52F1472,1,G,1,J,C,5,2,F,1,4,7,2,0,P,CHEV,CAV,4D,4,17,2676,,0,1041,,G,,F,4,134,,,14R195,,,,,,0,0,000000000,00000000000,0,0,0,1,0,0,0,0,0,0,0,999,0,0,0,13,13,6,2,54,0,0,0,1,36,10538,6,1,0,0,3,3,63,999,0,0,0,0,0,0,0,0,0,0,0,0,0,0,3,3,55,3,1,2,1,0,0,14,98,99,1,1,98,1,0
36,360585,2,3,1,16,8,14,46,54,11,1,1,34,3,51,881,51881,66,1999,4VG7DARF1XN7,4,V,G,7,D,A,R,F,1,X,N,7,1,T,VOLV,VVN,TR,99,17,,8,0,0,VVN,D,,,6,677,,,,,00000,00,,64,1,57,1024986,571024986,3,6,3,1,0,0,0,0,0,0,0,999,0,0,0,18,18,2,1,54,0,0,0,1,42,19047,6,1,6,1,3,0,71,999,0,0,0,0,6,11,2008,7,2011,0,0,0,0,0,6,1,99,2,5,2,1,0,0,14,98,99,1,1,98,0,0
36,360585,3,3,2,16,8,14,46,54,11,1,0,36,1,7,442,7442,20,2003,1D8GP24363B1,1,D,8,G,P,2,4,3,6,3,B,1,0,T,DODG,GCS,ES,3,17,,1,0,1193,CAR,F,,,6,201,,,,,3877,01,K,42,0,0,000000000,00000000000,0,0,0,1,0,0,0,0,0,0,0,999,0,0,0,9,9,2,1,54,0,0,0,1,36,11598,6,1,0,0,3,3,70,999,0,0,0,0,0,0,0,0,0,0,0,0,0,0,3,3,55,3,1,2,1,0,0,14,98,99,1,1,98,0,0
36,360586,1,1,5,14,8,4,49,21,0,1,0,36,2,49,40,49040,4,2009,4T1BE46K29U2,4,T,1,B,E,4,6,K,2,9,U,2,0,P,TOYT,CBA,4D,9,17,3263,,0,1090,,G,,F,4,144,,,16R215,,,,,,0,0,000000000,00000000000,0,0,0,1,0,0,0,0,0,0,0,999,0,0,0,12,12,6,2,21,0,0,0,1,36,10462,0,0,0,0,0,0,68,999,0,0,0,0,0,0,0,0,0,1,8,0,0,0,1,4,30,1,1,2,2,0,0,1,6,99,1,2,12,1,0
36,360587,1,2,1,10,7,13,13,12,7,1,0,36,1,59,33,59033,2,1992,JT8UZ30C2N00,J,T,8,U,Z,3,0,C,2,N,0,0,0,P,LEXS,SC4,CP,92,17,3575,,0,1059,,G,,F,8,242,,,15R215,,,,,,0,0,000000000,00000000000,0,0,0,1,0,0,0,0,0,0,0,90,0,0,0,9,9,6,2,42,0,0,0,1,36,11434,6,1,0,0,3,0,73,999,1,0,0,0,0,12,2008,12,2008,1,28,0,0,0,3,3,55,1,1,2,1,0,0,6,10,1,1,2,47,0,0
36,360587,2,2,1,10,7,13,13,12,7,1,0,36,1,35,32,35032,2,1998,JN1AS44D9WW1,J,N,1,A,S,4,4,D,9,W,W,1,0,P,NISS,2LS,CP,98,17,0,,0,994,,G,,F,4,146,,,15R195,,,,,,0,0,000000000,00000000000,0,0,0,1,0,0,0,0,0,0,0,999,0,1,5,1,13,6,2,1,0,0,0,1,36,11421,6,1,0,0,3,3,72,999,0,0,0,2,2,10,2008,3,2010,1,0,0,0,0,3,3,55,1,1,2,1,0,0,1,61,1,1,1,45,1,0
36,360588,1,2,2,24,7,19,57,12,2,1,0,36,1,23,461,23461,21,1999,1GDFG15R9X11,1,G,D,F,G,1,5,R,9,X,1,1,0,T,GMC,SV1,SV,99,17,,2,0,1350,S/V,G,,,8,350,,,,B,00000,00,E,42,0,0,000000000,00000000000,0,0,0,1,0,0,0,0,0,0,0,999,0,0,0,12,12,6,2,12,0,0,0,1,36,12074,6,1,0,0,3,0,68,999,0,0,0,0,0,0,0,0,0,0,38,0,0,0,0,0,0,0,0,0,0,0,0,11,15,1,1,2,80,1,0
36,360588,2,2,1,24,7,19,57,12,2,1,0,36,1,12,442,12442,20,2002,2FMZA50452BA,2,F,M,Z,A,5,0,4,5,2,B,A,0,T,FORD,WLX,ES,2,17,,1,0,1207,WIN,G,,,6,232,,,,B,4017,00,E,42,0,0,000000000,00000000000,0,0,0,1,0,0,0,0,0,0,0,999,0,0,0,12,12,6,2,12,0,0,0,1,36,12020,6,1,6,0,3,0,72,999,0,0,0,0,0,0,0,0,0,0,0,0,0,0,1,2,99,1,1,2,1,0,0,1,71,1,1,1,81,0,0
36,360590,1,2,1,17,8,13,18,12,2,1,0,36,1,53,34,53034,4,2008,KL5JD56Z38K9,K,L,5,J,D,5,6,Z,3,8,K,9,0,P,SUZI,FCP,4D,8,17,2756,,0,1024,,G,,F,4,122,,,15R195,,,,,,0,0,000000000,00000000000,0,0,0,1,0,0,0,0,0,0,0,55,0,0,0,12,12,6,2,12,0,0,0,1,36,13411,6,1,0,0,3,3,72,999,0,3,0,1,0,12,2008,2,2010,0,27,0,0,0,1,2,55,1,1,2,1,0,0,1,10,99,1,2,50,1,0
36,360590,2,2,1,17,8,13,18,12,2,1,0,55,4,87,881,87881,66,2003,1XP5DB9X43D5,1,X,P,5,D,B,9,X,4,3,D,5,1,T,PTRB,379,TR,3,17,,8,0,0,CON,D,,,6,893,,,,,00000,00,,64,1,57,1993338,571993338,3,6,6,1,0,0,0,0,0,0,0,55,0,0,0,12,12,6,2,12,0,0,0,1,55,54153,6,1,6,1,3,0,68,999,0,0,0,1,0,5,2011,5,2011,0,0,0,0,0,1,2,55,1,1,2,1,0,0,1,62,7,1,3,51,0,0
36,360591,1,1,1,17,8,22,24,24,0,1,0,36,2,37,709,37709,80,2001,JH2SC44071M1,J,H,2,S,C,4,4,0,7,1,M,1,0,M,HOND,CR9,RC,1,17,,,,,,,929,,4,,4,379,,,,,,,0,0,000000000,00000000000,0,0,0,1,0,0,0,0,0,0,0,999,0,0,0,61,61,6,2,2,0,0,1,1,36,12586,6,1,0,0,2,0,70,999,0,5,1,1,3,6,2009,6,2011,1,28,0,0,0,1,2,55,1,2,2,1,0,0,1,13,1,1,4,1,1,0
36,360592,1,1,1,15,8,18,47,8,0,1,0,36,1,20,444,20444,20,2007,1GNDV23W17D1,1,G,N,D,V,2,3,W,1,7,D,1,0,T,CHEV,DLS,ES,7,17,,1,0,1211,UPL,F,,,6,238,,,,,4233,00,,42,0,0,000000000,00000000000,0,0,0,1,0,0,0,0,0,0,0,999,0,0,0,12,12,0,3,8,0,0,0,1,36,10977,6,1,0,0,3,3,67,999,0,0,0,0,0,0,0,0,0,0,0,0,0,0,1,2,30,1,1,2,2,28,3,1,80,99,1,1,13,0,0
36,360593,1,4,1,9,6,16,55,12,6,1,0,36,1,55,36,55036,4,2003,KMHCG45C83U4,K,M,H,C,G,4,5,C,8,3,U,4,0,P,HYUN,AGL,4D,3,17,2280,,0,961,,G,,F,4,098,,,13R175,,,,,,0,0,000000000,00000000000,0,0,0,1,0,0,0,0,0,0,0,999,0,0,0,12,12,6,2,12,0,0,0,1,36,11552,6,1,0,0,3,3,68,999,0,0,0,0,0,0,0,0,0,0,38,0,0,0,1,4,99,1,1,2,1,0,0,11,15,99,1,1,98,1,0
36,360593,2,4,1,9,6,16,55,12,6,1,0,36,3,12,461,12461,21,2000,1FTSS34F0YHA,1,F,T,S,S,3,4,F,0,Y,H,A,0,T,FORD,3SD,EC,0,17,,2,0,1380,VAN,D,,,8,444,,,,D,5517,06,M,42,0,0,000000000,00000000000,0,0,0,1,0,0,0,0,0,0,0,999,0,0,0,83,83,2,1,12,0,0,0,1,36,11764,6,1,0,0,3,0,69,999,0,0,0,0,0,0,0,0,0,0,0,0,0,0,1,4,99,1,1,2,1,0,0,1,72,99,1,1,98,0,0
36,360593,3,4,2,9,6,16,55,12,6,1,0,36,1,14,17,14017,4,2000,1MEFM55SXYA6,1,M,E,F,M,5,5,S,X,Y,A,6,0,P,MERC,SLP,4D,0,17,3375,,0,1085,,G,,F,6,182,,,16R215,,,,,,0,0,000000000,00000000000,0,0,0,1,0,0,0,0,0,0,0,999,0,0,0,62,62,6,2,12,0,0,0,1,36,11518,6,1,0,0,3,3,60,999,0,0,0,0,0,0,0,0,0,0,0,0,0,0,1,4,99,1,1,2,1,0,0,1,70,99,1,1,98,0,0
36,360593,4,4,1,9,6,16,55,12,6,1,0,36,1,6,54,6054,6,2006,2A8GF68476R6,2,A,8,G,F,6,8,4,7,6,R,6,0,P,CHRY,PIF,UT,6,17,4507,,0,1160,,G,,F,6,214,,,17R235,,,,,,0,0,000000000,00000000000,0,0,0,1,0,0,0,0,0,0,0,999,0,0,0,12,12,2,1,12,0,0,0,1,36,11010,6,1,0,0,3,0,61,999,0,0,0,0,0,0,0,0,0,0,0,0,0,0,1,4,99,1,1,2,1,0,0,1,70,99,1,1,98,0,0
36,360594,1,1,1,18,8,0,37,5,0,1,0,36,1,73,709,73709,80,2007,JKBZXNA147A0,J,K,B,Z,X,N,A,1,4,7,A,0,0,M,KAWK,X4A,RC,7,17,,,,,,,1352,,4,,4,386,,,,,,,0,0,000000000,00000000000,0,0,0,1,0,0,0,0,0,0,0,999,0,0,0,0,61,6,2,5,0,0,0,1,36,10963,6,1,0,0,3,0,75,999,1,0,0,0,0,1,2011,1,2011,1,28,0,0,0,1,2,55,2,1,2,1,0,0,14,98,1,1,2,0,1,1
36,360595,1,1,1,18,8,14,20,31,0,1,0,36,1,76,709,76709,80,2006,LPRSE13Y06A3,L,P,R,S,E,1,3,Y,0,6,A,3,0,M,YAMA,YJV,MS,6,17,,,,,,,125,,1,,4,229,,,,,,,0,0,000000000,00000000000,0,0,0,1,0,0,0,0,0,0,0,999,0,0,0,1,1,6,2,31,0,0,0,1,36,12428,6,1,0,0,2,3,66,999,0,0,0,0,0,0,0,0,0,0,28,85,0,0,1,2,55,1,1,2,1,0,0,1,13,1,1,5,1,1,0
36,360596,1,2,4,19,7,14,40,12,6,1,0,36,1,49,40,49040,4,1995,4T1SK12E8SU6,4,T,1,S,K,1,2,E,8,S,U,6,0,P,TOYT,CLE,4D,95,17,3086,,0,1031,,G,,F,4,132,,,14R195,,,,,,0,0,000000000,00000000000,0,0,0,1,0,0,0,0,0,0,0,999,0,0,0,3,3,6,2,12,0,0,0,1,36,11211,6,1,0,0,3,3,62,999,0,0,0,0,0,0,0,0,0,0,38,0,0,0,1,4,99,1,1,2,1,3,3,11,15,99,1,1,68,1,0
36,360596,2,2,1,19,7,14,40,12,6,1,0,36,1,18,7,18007,4,1998,2G4WS52M3W16,2,G,4,W,S,5,2,M,3,W,1,6,0,P,BUIC,CCU,4D,98,17,3255,,0,1090,,G,,F,6,191,,,15R205,,,,,,0,0,000000000,00000000000,0,0,0,1,0,0,0,0,0,0,0,999,0,0,0,12,12,2,1,12,0,0,0,1,36,11791,6,1,0,0,3,3,71,999,0,0,0,0,0,0,0,0,0,0,0,0,0,0,1,4,99,1,1,2,1,3,3,1,66,99,1,1,69,0,0
36,360597,1,2,1,18,8,17,50,12,6,1,0,36,1,24,3,24003,6,1997,1G8ZJ8276VZ3,1,G,8,Z,J,8,2,7,6,V,Z,3,0,P,STRN,SW2,SW,97,17,2397,,0,1024,,G,,F,4,116,,,15R185,,,,,,0,0,000000000,00000000000,0,0,0,1,0,0,0,0,0,0,0,999,0,0,0,82,82,6,2,12,0,0,0,1,36,12839,6,1,0,0,3,0,66,999,0,0,0,0,0,0,0,0,0,0,38,0,0,0,2,2,99,1,1,2,1,0,0,11,15,99,1,1,68,0,0
36,360597,2,2,1,18,8,17,50,12,6,1,0,36,1,76,709,76709,80,1981,4X7013263,4,X,7,0,1,3,2,6,3,,,,0,M,YAMA,,,81,9,,,,,,,,,,,,,,,,,,,0,0,000000000,00000000000,0,0,0,1,0,0,0,0,0,0,0,999,0,0,0,12,12,6,2,12,0,0,0,1,36,12828,6,1,6,0,3,0,72,999,0,0,0,0,0,0,0,0,0,0,0,0,0,0,2,2,99,1,1,2,1,0,0,1,62,99,1,1,69,1,0
36,360598,1,1,1,17,8,3,37,11,0,1,0,36,1,37,706,37706,80,1982,JH2SC0102CM1,J,H,2,S,C,0,1,0,2,C,M,1,0,M,HOND,CB9,RS,82,17,,,,,,,900,,4,,4,534,,,,,,,0,0,000000000,00000000000,0,0,0,1,0,0,0,0,0,0,0,55,0,0,0,12,12,6,2,11,0,0,0,1,36,14420,6,1,0,0,3,0,72,999,0,0,0,0,0,0,0,0,0,0,83,0,0,0,2,2,55,1,1,2,1,0,0,1,87,99,1,1,13,1,0
36,360599,1,1,2,17,8,13,15,24,0,1,0,36,2,20,461,20461,21,2000,1GBFG15M8Y11,1,G,B,F,G,1,5,M,8,Y,1,1,0,P,CHEV,E/X,SV,0,17,0,,0,1350,,G,,F,8,305,,,000000,,,,,,0,0,000000000,00000000000,0,0,0,1,0,0,0,0,0,0,0,999,0,1,5,12,12,6,2,1,0,0,0,1,36,11741,6,1,0,0,3,0,68,999,1,0,0,0,0,12,2008,12,2008,0,92,0,0,0,2,4,55,1,1,2,1,0,0,1,13,99,1,4,1,1,0
36,360600,1,1,1,18,8,23,5,8,0,1,0,36,1,20,2,20002,4,2001,2G1WF55K2192,2,G,1,W,F,5,5,K,2,1,9,2,0,P,CHEV,IMP,4D,1,17,3389,,0,1105,,G,,F,6,231,,,16R225,,,,,,0,0,000000000,00000000000,0,0,0,1,0,0,0,0,0,0,0,999,0,0,0,12,12,2,3,8,0,0,0,1,36,11572,6,1,0,0,3,0,63,999,0,0,0,0,0,0,0,0,0,0,0,0,0,0,1,2,30,1,1,2,2,0,0,1,80,99,1,1,13,0,0
36,360601,1,1,1,19,8,5,39,24,0,1,0,36,1,20,481,20481,31,1997,1GCEC19R4VE1,1,G,C,E,C,1,9,R,4,V,E,1,0,T,CHEV,GC1,PC,97,17,,2,1555,1415,GM4,G,,,8,350,,,,B,4160,00,,42,0,0,000000000,00000000000,0,0,0,1,0,0,0,0,0,0,0,999,0,0,0,12,12,6,2,17,0,0,0,1,36,13859,6,1,0,0,3,0,73,999,0,0,0,0,1,8,2009,8,2009,0,0,0,0,0,1,2,55,3,1,2,1,28,3,14,13,99,1,4,1,1,0
36,360602,1,2,1,18,8,17,13,12,7,1,0,92,0,53,709,53709,80,2006,JS1GR7KA4621,J,S,1,G,R,7,K,A,4,6,2,1,0,M,SUZI,RK6,RC,6,17,,,,,,,750,,4,,4,359,,,,,,,0,0,000000000,00000000000,0,0,0,1,0,0,0,0,0,0,0,999,0,0,0,82,82,6,2,12,0,0,0,1,36,11575,2,1,0,0,2,0,72,999,0,11,0,2,3,9,2008,7,2011,1,26,0,0,0,5,3,30,1,1,2,1,0,0,6,98,1,1,1,46,0,0
36,360602,2,2,1,18,8,17,13,12,7,1,0,36,2,53,709,53709,80,1998,JS1GN78A1W21,J,S,1,G,N,7,8,A,1,W,2,1,0,M,SUZI,G60,RC,98,17,,,,,,,600,,4,,4,383,,,,,,,0,0,000000000,00000000000,0,0,0,1,0,0,0,0,0,0,0,999,0,0,0,62,12,6,2,31,0,0,0,1,36,11422,1,1,0,0,2,0,68,999,0,9,0,0,0,6,2009,2,2011,1,26,0,0,0,5,3,30,1,1,2,1,0,0,1,98,1,1,1,45,1,0
36,360603,1,1,1,19,8,17,53,9,0,1,0,36,2,12,481,12481,31,2010,1FTEX1E84AFC,1,F,T,E,X,1,E,8,4,A,F,C,0,T,FORD,F15,4C,10,17,,2,1630,1330,COF,G,,,8,281,,,,B,5522,00,7,44,0,0,000000000,00000000000,0,0,0,1,0,0,0,0,0,0,0,999,0,0,0,12,12,6,2,9,0,0,0,1,36,14131,6,1,0,0,3,3,70,999,0,0,0,2,0,3,2009,4,2010,0,92,0,0,0,2,2,35,1,1,2,1,20,3,10,83,99,1,1,13,0,0
36,360604,1,1,1,21,8,7,12,8,0,1,0,36,3,7,870,7870,55,2007,WD0PF445X752,W,D,0,P,F,4,4,5,X,7,5,2,0,T,DODG,SP3,EC,7,17,,3,0,1700,SNR,D,,,6,183,,,,,00000,00,E,42,0,99,999999999,99999999999,2,21,22,1,0,0,0,0,98,0,0,999,0,0,0,12,12,2,1,8,0,0,0,1,36,11373,6,1,6,0,3,3,66,999,1,0,0,0,1,5,2010,9,2010,0,0,0,0,0,1,2,30,1,1,2,1,0,0,1,80,99,1,1,13,0,0
36,360605,1,1,1,20,8,13,33,1,0,1,0,36,1,73,705,73705,80,2001,JKAZX9A1X1A0,J,K,A,Z,X,9,A,1,X,1,A,0,0,M,KAWK,ZXA,RC,1,17,,,,,,,1200,,4,,4,463,,,,,,,0,0,000000000,00000000000,0,0,0,1,0,0,0,0,0,0,0,999,0,0,0,0,99,6,2,1,0,0,0,1,36,12724,6,1,0,0,3,3,71,999,0,2,0,3,0,9,2009,5,2011,1,0,0,0,0,1,2,55,2,1,2,1,0,0,14,12,99,1,1,98,1,0
36,360606,1,1,2,23,8,21,32,33,0,1,0,36,1,7,461,7461,21,1999,3B7HF16Z1XM5,3,B,7,H,F,1,6,Z,1,X,M,5,0,T,DODG,150,PK,99,17,,2,1347,1187,RPC,G,,,8,360,,,,B,4531,01,U,44,0,0,000000000,00000000000,0,0,0,1,0,0,0,0,0,0,0,999,0,0,0,12,12,4,3,42,0,0,0,1,36,14845,6,1,0,0,3,3,69,999,1,1,0,0,0,6,2009,11,2009,1,28,0,0,0,3,2,30,1,1,2,1,0,0,1,10,1,1,4,6,1,0
36,360607,1,1,1,23,8,22,8,32,0,1,0,36,2,37,706,37706,80,2006,JH2SC57036M2,J,H,2,S,C,5,7,0,3,6,M,2,0,M,HOND,CBS,RC,6,17,,,,,,,998,,4,,4,388,,,,,,,0,0,000000000,00000000000,0,0,0,1,0,0,0,0,0,0,0,999,0,0,0,12,12,6,2,32,0,0,0,1,36,14094,1,1,0,0,2,2,70,999,0,1,0,0,2,5,2010,7,2011,1,74,0,0,0,1,2,55,4,2,2,1,0,0,14,13,99,1,4,1,1,0
36,360608,1,1,1,22,8,17,6,8,0,1,0,36,1,6,43,6043,4,2002,1C3EL46R82N1,1,C,3,E,L,4,6,R,8,2,N,1,0,P,CHRY,SLX,4D,2,17,3118,,0,1080,,G,,F,6,167,,,15R205,,,,,,0,0,000000000,00000000000,0,0,0,1,0,0,0,0,0,0,0,999,0,0,0,12,12,6,2,8,0,0,0,1,36,13027,6,1,0,0,3,0,72,999,0,3,0,0,0,12,2009,2,2011,1,29,0,0,0,1,2,50,1,1,2,1,0,0,1,80,99,1,4,13,0,0
36,360609,1,2,1,24,8,15,0,12,1,1,0,36,2,20,32,20032,4,1990,1Y1SK5469LZ0,1,Y,1,S,K,5,4,6,9,L,Z,0,0,P,GEO,GEP,4D,90,17,2321,,0,957,,G,,F,4,097,,,13R175,,,,,,0,0,000000000,00000000000,0,0,0,1,0,0,0,0,0,0,0,0,0,0,0,6,6,6,2,12,0,0,0,1,36,11946,0,0,0,0,0,0,999,999,0,0,0,0,1,3,2011,3,2011,0,0,0,0,0,3,3,55,1,1,1,1,0,0,5,53,99,1,1,22,1,0
36,360609,2,2,1,24,8,15,0,12,1,1,0,34,3,84,881,84881,62,2009,1HTMMAAL39H0,1,H,T,M,M,A,A,L,3,9,H,0,0,T,INTL,430,CC,9,17,,6,0,0,40S,D,,,6,466,,,,,00000,00,,42,0,57,1063634,571063634,2,1,1,1,0,0,0,0,0,0,0,999,0,0,0,12,12,6,2,12,0,0,0,1,34,7022,6,1,6,1,3,0,999,999,0,0,0,0,1,1,2009,1,2009,0,0,0,0,0,3,3,55,1,1,1,1,0,0,1,50,99,1,1,20,0,0
36,360610,1,1,1,24,8,14,50,1,0,1,0,92,0,37,734,37734,90,2003,478TE280X3A0,4,7,8,T,E,2,8,0,X,3,A,0,0,M,HOND,TF6,AT,3,17,,,,,,,649,,1,,4,600,,,,,,,0,0,000000000,00000000000,0,0,0,1,0,0,0,0,0,0,0,999,0,2,5,0,13,6,2,1,0,0,0,1,36,11372,6,1,0,0,1,0,72,999,0,0,0,0,0,0,0,0,0,0,28,0,0,0,1,2,55,1,2,4,1,0,0,12,13,1,1,4,98,1,0
36,360611,1,2,2,23,8,14,34,12,6,1,0,36,2,41,402,41402,14,2002,4F2YU091X2KM,4,F,2,Y,U,0,9,1,X,2,K,M,0,P,MAZD,TRI,UT,2,17,3292,,0,1031,,G,,F,6,181,,,16R235,,,,,,0,0,000000000,00000000000,0,0,0,1,0,0,0,0,0,0,0,999,0,0,0,11,1,6,2,12,0,0,0,1,36,13619,6,1,0,0,3,0,64,999,0,0,0,1,0,9,2010,9,2010,0,38,0,0,0,1,2,55,1,1,2,1,0,0,11,15,99,1,1,68,0,0
36,360611,2,2,1,23,8,14,34,12,6,1,0,36,1,72,706,72706,80,2000,1HD1BJY18YY0,1,H,D,1,B,J,Y,1,8,Y,Y,0,0,M,HD,STC,RS,0,17,,,,,,,1450,,2,,4,696,,,,,,,0,0,000000000,00000000000,0,0,0,1,0,0,0,0,0,0,0,999,0,0,0,12,12,6,2,12,0,0,0,1,36,13643,6,1,0,0,3,0,72,999,1,2,0,1,1,9,2009,3,2011,0,0,0,0,0,1,2,55,1,1,2,1,0,0,1,67,99,1,1,69,1,1
36,360612,1,1,2,2,7,23,10,35,0,1,0,36,2,22,8,22008,2,2005,6G2VX12U85L4,6,G,2,V,X,1,2,U,8,5,L,4,0,P,PONT,GTO,CP,5,17,3725,,0,1098,,G,,F,8,366,,,17R245,,,,,,0,0,000000000,00000000000,0,0,0,1,0,0,0,0,0,0,0,999,0,1,2,11,13,6,2,1,0,0,0,1,36,10567,6,1,0,0,3,0,69,999,0,0,0,0,0,0,0,0,0,1,28,0,0,0,1,2,30,4,1,2,1,0,0,14,13,99,4,4,7,1,0
36,360613,1,1,1,28,8,20,34,1,0,1,0,36,1,54,31,54031,3,1991,JH4DA9350MS0,J,H,4,D,A,9,3,5,0,M,S,0,0,P,ACUR,ILS,2H,91,17,2491,,0,1004,,G,,F,4,112,,,15R195,,,,,,0,0,000000000,00000000000,0,0,0,1,0,0,0,0,0,0,0,999,0,2,5,0,13,6,2,1,0,0,0,1,36,12414,6,1,0,0,3,0,64,999,1,0,0,1,5,11,2009,7,2011,1,87,0,0,0,1,2,55,1,1,2,1,0,0,1,5,1,7,4,2,1,0
36,360614,1,2,1,26,8,20,55,12,6,1,0,36,1,72,706,72706,80,1985,1HD1BHL16FY0,1,H,D,1,B,H,L,1,6,F,Y,0,0,M,HD,FXT,RS,85,17,,,,,,,1340,,2,,4,722,,,,,,,0,0,000000000,00000000000,0,0,0,1,0,0,0,0,0,0,0,30,0,0,0,12,12,6,2,12,0,0,0,1,36,11520,6,1,0,0,3,0,70,999,0,0,0,0,0,0,0,0,0,0,0,0,0,0,1,4,30,1,1,2,1,3,3,1,66,99,1,1,69,1,1
36,360614,2,2,1,26,8,20,55,12,6,1,1,99,9,99,999,99999,99,9999,999999999999,9,9,9,9,9,9,9,9,9,9,9,9,0,,,,,,,,,,,,,,,,,,,,,,,,,0,0,000000000,00000000000,0,0,0,1,0,0,0,0,0,0,0,999,0,0,0,5,5,9,1,12,0,0,0,1,99,99999,9,9,99,9,9,9,999,999,99,99,99,99,99,99,9999,99,9999,9,38,0,0,0,1,4,30,1,1,2,1,3,3,11,15,99,1,1,68,0,0
36,360615,1,1,3,31,7,16,1,42,0,1,0,36,2,48,34,48034,6,1997,4S3BG6854V76,4,S,3,B,G,6,8,5,4,V,7,6,0,P,SUBA,UKK,SW,97,17,3155,,0,1035,,G,,F,4,150,,,15R205,,,,,,0,0,000000000,00000000000,0,0,0,1,0,0,0,0,0,0,0,999,0,0,0,3,3,6,2,42,0,0,0,1,36,12570,0,0,0,0,0,0,999,999,0,0,0,0,0,0,0,0,0,1,92,0,0,0,1,2,30,1,1,2,1,0,0,1,6,99,4,4,7,1,0
36,360616,1,1,1,27,8,19,24,34,0,1,0,36,1,22,18,22018,4,2004,1G2NW52E44C2,1,G,2,N,W,5,2,E,4,4,C,2,0,P,PONT,GAG,4D,4,17,3168,,0,1070,,G,,F,6,207,,,16R225,,,,,,0,0,000000000,00000000000,0,0,0,1,0,0,0,0,0,0,0,999,0,0,0,12,12,6,2,34,0,0,0,1,36,12887,6,1,0,0,3,0,68,999,0,0,0,0,0,0,0,0,0,0,0,0,0,0,1,2,55,1,1,2,1,0,0,1,12,99,1,4,6,1,1
36,360617,1,3,1,27,8,16,22,12,1,1,0,36,3,20,481,20481,31,2003,1GCHK24U93E1,1,G,C,H,K,2,4,U,9,3,E,1,0,T,CHEV,2KH,PK,3,17,,2,0,1330,SIL,G,,,8,364,,,,C,5484,00,,44,0,0,000000000,00000000000,0,0,0,1,0,0,0,0,0,0,0,999,0,0,0,12,12,6,2,12,0,0,0,1,36,11795,6,1,6,0,3,3,75,999,0,0,0,0,0,0,0,0,0,0,0,0,0,0,3,4,55,1,1,1,2,0,0,1,62,1,1,1,98,0,0
36,360617,2,3,1,27,8,16,22,12,1,1,0,36,1,13,421,13421,15,2000,5LMEU27A1YLJ,5,L,M,E,U,2,7,A,1,Y,L,J,0,P,LINC,NAV,UT,0,17,5393,,0,1190,,G,,F,8,330,,,17R275,,,,,,0,0,000000000,00000000000,0,0,0,1,0,0,0,0,0,0,0,999,0,0,0,6,6,6,2,2,0,0,1,1,36,11706,6,1,0,0,3,0,70,999,0,0,0,0,0,0,0,0,0,1,87,28,0,0,3,4,55,1,1,1,2,0,0,1,6,1,7,2,98,1,0