STATE,ST_CASE,VEH_NO,VE_FORMS,NUMOCCS,DAY,MONTH,HOUR,MINUTE,HARM_EV,MAN_COLL,UNITTYPE,HIT_RUN,REG_STAT,OWNER,MAKE,MODEL,MAK_MOD,BODY_TYP,MOD_YEAR,VIN,VIN_1,VIN_2,VIN_3,VIN_4,VIN_5,VIN_6,VIN_7,VIN_8,VIN_9,VIN_10,VIN_11,VIN_12,TOW_VEH,VINTYPE,VINMAKE,VINA_MOD,VIN_BT,VINMODYR,VIN_LNGT,VIN_WGT,WGTCD_TR,WHLBS_LG,WHLBS_SH,SER_TR,FUELCODE,MCYCL_DS,CARBUR,CYLINDER,DISPLACE,MCYCL_CY,MCYCL_WT,TIRE_SZE,TON_RAT,TRK_WT,TRKWTVAR,VIN_REST,WHLDRWHL,J_KNIFE,MCARR_I1,MCARR_I2,MCARR_ID,GVWR,V_CONFIG,CARGO_BT,HAZ_INV,HAZ_PLAC,HAZ_ID,HAZ_CNO,HAZ_REL,BUS_USE,SPEC_USE,EMER_USE,TRAV_SP,UNDERIDE,ROLLOVER,ROLINLOC,IMPACT1,IMPACT2,DEFORMED,TOWED,M_HARM,VEH_SC1,VEH_SC2,FIRE_EXP,DR_PRES,L_STATE,DR_ZIP,L_STATUS,L_TYPE,CDL_STAT,L_ENDORS,L_COMPL,L_RESTRI,DR_HGT,DR_WGT,PREV_ACC,PREV_SUS,PREV_DWI,PREV_SPD,PREV_OTH,FIRST_MO,FIRST_YR,LAST_MO,LAST_YR,SPEEDREL,DR_SF1,DR_SF2,DR_SF3,DR_SF4,VTRAFWAY,VNUM_LAN,VSPD_LIM,VALIGN,VPROFILE,VPAVETYP,VSURCOND,VTRAFCON,VTCONT_F,P_CRASH1,P_CRASH2,P_CRASH3,PCRASH4,PCRASH5,ACC_TYPE,DEATHS,DR_DRINK
36,360684,1,1,1,11,9,15,30,53,0,1,0,36,1,53,705,53705,80,2006,JS1GN7DA1621,J,S,1,G,N,7,D,A,1,6,2,1,0,M,SUZI,K6R,RC,6,17,,,,,,,599,,4,,4,354,,,,,,,0,0,000000000,00000000000,0,0,0,1,0,0,0,0,0,0,0,999,0,0,0,98,98,6,2,30,0,0,0,1,36,12302,6,1,0,0,3,0,66,999,0,0,0,0,0,0,0,0,0,0,52,0,0,0,1,2,99,3,1,2,1,28,3,14,13,99,1,4,1,1,0
36,360685,1,3,1,11,9,5,34,12,7,1,0,36,2,35,48,35048,2,2004,JN1AZ34E34M1,J,N,1,A,Z,3,4,E,3,4,M,1,0,P,NISS,3ZC,CP,4,17,3062,,0,1043,,G,,F,6,214,,,17R225,,,,,,0,0,000000000,00000000000,0,0,0,1,0,0,0,0,0,0,0,999,0,1,1,81,81,6,2,1,0,0,0,1,36,11554,6,1,0,0,3,3,69,999,1,1,0,0,0,10,2008,4,2011,1,27,0,0,0,3,3,55,1,1,2,1,0,0,1,11,99,7,2,98,0,0
36,360685,2,3,2,11,9,5,34,12,7,1,0,36,1,35,39,35039,4,2009,1N4AA51E09C8,1,N,4,A,A,5,1,E,0,9,C,8,0,P,NISS,MSV,4D,9,17,3556,,0,1093,,G,,F,6,214,,,18R245,,,,,,0,0,000000000,00000000000,0,0,0,1,0,0,0,0,0,0,0,999,0,0,0,61,61,6,2,42,0,0,0,1,36,11758,6,1,0,0,3,0,69,999,1,0,0,0,0,3,2011,3,2011,1,0,0,0,0,3,3,55,1,1,2,1,0,0,15,60,7,1,2,98,1,1
36,360685,3,3,1,11,9,5,34,12,7,1,0,36,3,20,2,20002,4,2009,2G1WB57K4912,2,G,1,W,B,5,7,K,4,9,1,2,0,P,CHEV,IPL,4D,9,17,3555,,0,1105,,F,,F,6,214,,,16R225,,,,,,0,0,000000000,00000000000,0,0,0,1,0,0,0,0,0,0,0,999,0,0,0,6,6,6,2,12,0,0,0,1,36,11747,6,1,0,0,3,0,68,999,0,0,0,0,0,0,0,0,0,0,0,0,0,0,3,3,55,1,1,2,1,0,0,1,53,99,1,1,98,0,0
36,360686,1,1,1,11,9,4,16,30,0,1,0,24,1,51,399,51399,4,2005,YV1MS3824520,Y,V,1,M,S,3,8,2,4,5,2,0,0,P,VOLV,S42,4D,5,17,3225,,0,1039,,G,,F,5,146,,,15R195,,,,,,0,0,000000000,00000000000,0,0,0,1,0,0,0,0,0,0,0,999,0,0,0,6,6,6,2,2,0,0,1,1,24,21811,6,1,0,0,3,0,72,999,0,0,0,0,0,0,0,0,0,0,0,0,0,0,1,2,55,4,1,2,1,0,0,14,13,99,3,4,2,1,1
36,360687,1,1,1,13,9,8,5,42,0,1,0,36,2,7,472,7472,30,2003,1D7HG38NX3S2,1,D,7,H,G,3,8,N,X,3,S,2,0,T,DODG,QSP,CW,3,17,,2,0,1309,DAK,G,,,8,287,,,,B,4345,00,E,44,0,0,000000000,00000000000,0,0,0,1,0,0,0,0,0,0,0,999,0,0,0,12,12,6,2,42,0,0,0,1,36,12580,6,1,0,0,3,0,65,999,2,0,0,0,1,6,2009,4,2010,0,27,0,0,0,1,2,45,1,1,2,1,0,0,1,12,99,1,4,6,1,1
36,360688,1,1,1,14,9,1,37,21,0,1,0,36,1,24,1,24001,4,1995,1G8ZK5273SZ2,1,G,8,Z,K,5,2,7,3,S,Z,2,0,P,STRN,SL2,4D,95,17,2338,,0,1024,,G,,F,4,116,,,15R195,,,,,,0,0,000000000,00000000000,0,0,0,1,0,0,0,0,0,0,0,999,0,0,0,12,12,6,2,21,0,0,0,1,36,11375,6,1,0,0,3,0,68,999,0,0,0,0,0,0,0,0,0,0,0,0,0,0,3,3,30,1,2,2,1,0,0,1,12,99,1,4,6,1,1
36,360689,1,1,2,14,9,3,59,8,0,1,0,36,1,37,32,37032,2,2011,1HGCS1B8XBA0,1,H,G,C,S,1,B,8,X,B,A,0,0,P,HOND,AXL,CP,11,17,3336,,0,1072,,G,,F,4,146,,,17R225,,,,,,0,0,000000000,00000000000,0,0,0,1,0,0,0,0,0,0,0,999,0,0,0,12,12,4,3,8,0,0,0,1,36,10458,6,1,0,0,3,3,70,999,0,0,0,0,0,0,0,0,0,0,0,0,0,0,1,2,30,1,1,2,1,0,0,1,80,99,1,1,13,0,1
36,360690,1,2,1,14,9,12,10,12,6,1,0,36,1,12,17,12017,4,2001,1FAFP53UX1A2,1,F,A,F,P,5,3,U,X,1,A,2,0,P,FORD,TSE,4D,1,17,3354,,0,1085,,G,,F,6,182,,,16R215,,,,,,0,0,000000000,00000000000,0,0,0,1,0,0,0,0,0,0,0,999,0,0,0,12,12,6,2,12,0,0,0,1,36,14781,6,1,0,0,3,0,63,999,0,0,0,0,0,0,0,0,0,0,0,0,0,0,1,2,55,1,2,2,1,0,0,1,66,98,1,2,88,0,0
36,360690,2,2,1,14,9,12,10,12,6,1,0,36,1,12,17,12017,4,2002,1FAFP53U72A1,1,F,A,F,P,5,3,U,7,2,A,1,0,P,FORD,TSE,4D,2,17,3355,,0,1085,,G,,F,6,182,,,16R215,,,,,,0,0,000000000,00000000000,0,0,0,1,0,0,0,0,0,0,0,999,0,0,0,9,9,6,2,12,0,0,0,1,36,14781,6,1,0,0,3,3,58,999,0,0,0,0,0,0,0,0,0,0,38,0,0,0,1,2,55,1,2,2,1,20,3,1,17,99,1,1,89,1,0
36,360691,1,2,2,14,9,14,50,12,6,1,0,36,2,12,471,12471,30,2000,1FTYR10C5YTA,1,F,T,Y,R,1,0,C,5,Y,T,A,0,T,FORD,RNG,PK,0,17,,1,1175,1116,RNG,G,,,4,153,,,,B,3068,02,U,42,0,0,000000000,00000000000,0,0,0,1,0,0,0,0,0,0,0,999,0,0,0,82,82,6,2,12,0,0,0,1,36,13032,6,2,0,0,3,0,69,999,0,0,0,0,0,0,0,0,0,0,38,0,0,0,1,2,55,1,1,2,1,0,0,11,15,99,1,1,68,0,0
36,360691,2,2,1,14,9,14,50,12,6,1,0,36,1,76,709,76709,80,1979,3H3004974,3,H,3,0,0,4,9,7,4,,,,0,M,YAMA,X11,RS,79,9,,,,,,,1101,,4,,4,556,,,,,,,0,0,000000000,00000000000,0,0,0,1,0,0,0,0,0,0,0,999,0,0,0,12,12,6,2,12,0,0,0,1,36,13032,6,2,6,0,3,0,68,999,1,0,0,0,0,2,2010,2,2010,0,0,0,0,0,1,2,55,1,1,2,1,0,0,1,62,99,1,1,69,1,0
36,360692,1,2,3,14,9,20,0,12,6,1,0,36,1,63,401,63401,14,2008,KNDJE7242875,K,N,D,J,E,7,2,4,2,8,7,5,0,P,KIA,SPO,UT,8,17,3411,,0,1035,,G,,F,4,122,,,16R215,,,,,,0,0,000000000,00000000000,0,0,0,1,0,0,0,0,0,0,0,999,0,0,0,12,12,6,2,12,0,0,0,1,36,12771,6,1,0,0,3,3,64,999,0,0,0,0,0,0,0,0,0,0,0,0,0,0,1,2,50,1,3,2,1,0,0,1,66,99,1,1,88,0,0
36,360692,2,2,1,14,9,20,0,12,6,1,0,36,1,49,32,49032,4,2004,2T1BR32E64C2,2,T,1,B,R,3,2,E,6,4,C,2,0,P,TOYT,UCS,4D,4,17,2502,,0,1024,,G,,F,4,109,,,15R185,,,,,,0,0,000000000,00000000000,0,0,0,1,0,0,0,0,0,0,0,999,0,0,0,62,62,6,2,12,0,0,0,1,36,10973,6,1,0,0,3,3,64,999,2,0,0,0,0,11,2009,9,2010,0,39,0,0,0,1,2,50,1,3,2,1,20,3,1,17,99,1,1,89,1,0
36,360693,1,1,2,14,9,11,4,59,0,1,0,36,1,35,401,35401,14,2001,JN8DR09Y61W6,J,N,8,D,R,0,9,Y,6,1,W,6,0,P,NISS,PFI,UT,1,17,3997,,0,1063,,G,,F,6,213,,,16R245,,,,,,0,0,000000000,00000000000,0,0,0,1,0,0,0,0,0,0,0,70,0,1,5,12,12,6,2,1,0,0,0,1,36,11379,6,1,0,0,3,0,71,999,0,0,0,0,0,0,0,0,0,0,0,0,0,0,3,2,55,1,1,2,1,0,0,1,13,4,1,4,1,1,0
36,360694,1,1,2,14,9,17,29,9,0,1,0,36,1,2,405,2405,14,2004,1J4GL48K34W2,1,J,4,G,L,4,8,K,3,4,W,2,0,T,JEEP,SPR,4W,4,17,,1,0,1043,LIB,G,,,6,226,,,,,3656,01,E,44,0,0,000000000,00000000000,0,0,0,1,0,0,0,0,0,0,0,999,0,0,0,12,12,2,3,9,0,0,0,1,36,10706,6,1,0,0,3,0,65,999,0,0,0,1,1,5,2010,9,2011,0,0,0,0,0,1,2,25,1,3,1,1,20,3,10,80,99,1,1,13,0,0
36,360695,1,1,2,15,9,21,33,42,0,1,0,36,2,23,421,23421,15,1996,1GKDT13WXT25,1,G,K,D,T,1,3,W,X,T,2,5,0,T,GMC,JMY,4W,96,17,,1,0,1070,JMY,G,,,6,262,,,,B,4007,00,M,44,0,0,000000000,00000000000,0,0,0,1,0,0,0,0,0,0,0,999,0,1,5,1,9,6,2,1,0,0,0,1,36,13126,6,1,0,0,3,0,68,999,0,0,0,0,0,0,0,0,0,1,91,0,0,0,1,2,45,3,1,2,1,0,0,14,14,99,1,4,14,1,1
36,360696,1,2,2,4,8,13,52,12,6,1,0,36,1,12,401,12401,14,2000,1FMZU73X0YZC,1,F,M,Z,U,7,3,X,0,Y,Z,C,0,P,FORD,EPR,UT,0,17,4106,,0,1116,,G,,F,6,245,,,15R235,,,,,,0,0,000000000,00000000000,0,0,0,1,0,0,0,0,0,0,0,999,0,0,0,11,12,6,2,12,0,0,0,1,36,12549,6,1,0,0,3,0,60,999,0,1,0,0,1,1,2009,7,2009,0,38,0,0,0,1,2,55,1,2,2,1,0,0,11,15,99,1,1,68,0,0
36,360696,2,2,1,4,8,13,52,12,6,1,0,36,1,37,705,37705,80,1994,JH2PC2135RM1,J,H,2,P,C,2,1,3,5,R,M,1,0,M,HOND,VCD,RS,94,17,,,,,,,600,,2,,4,438,,,,,,,0,0,000000000,00000000000,0,0,0,1,0,0,0,0,0,0,0,999,0,0,0,12,12,6,2,12,0,0,0,1,36,12543,6,1,0,0,3,3,66,999,0,0,0,0,0,0,0,0,0,0,0,0,0,0,1,2,55,1,2,2,1,0,0,1,66,99,1,1,69,1,0
36,360697,1,1,1,15,9,4,55,8,0,1,1,99,9,99,999,99999,99,9999,999999999999,9,9,9,9,9,9,9,9,9,9,9,9,0,,,,,,,,,,,,,,,,,,,,,,,,,0,0,000000000,00000000000,0,0,0,1,0,0,0,0,0,0,0,999,0,0,0,99,99,9,1,8,0,0,0,1,99,99999,9,9,99,9,9,9,999,999,99,99,99,99,99,99,9999,99,9999,0,0,0,0,0,3,4,50,1,1,2,1,0,0,1,80,99,1,1,13,0,0
36,360698,1,1,1,17,9,23,44,1,0,1,0,36,1,72,706,72706,80,1999,1HD1FRW17XY6,1,H,D,1,F,R,W,1,7,X,Y,6,0,M,HD,FCI,RS,99,17,,,,,,,1450,,2,,4,710,,,,,,,0,0,000000000,00000000000,0,0,0,1,0,0,0,0,0,0,0,999,0,0,0,0,99,6,2,5,0,0,0,1,36,14729,6,1,0,0,3,0,75,999,0,0,0,0,0,0,0,0,0,0,0,0,0,0,1,2,45,2,2,2,1,0,0,14,13,6,3,6,98,1,1
36,360699,1,1,1,1,9,23,0,7,0,1,0,34,2,12,402,12402,14,2010,1FMCU0C7XAKA,1,F,M,C,U,0,C,7,X,A,K,A,0,P,FORD,SPE,UT,10,17,3299,,0,1031,,G,,F,4,153,,,16R235,,,,,,0,0,000000000,00000000000,0,0,0,1,0,0,0,0,0,0,0,999,0,0,0,0,9,4,3,7,0,0,0,1,36,11236,6,1,0,0,3,3,71,999,0,0,0,0,0,0,0,0,0,0,59,0,0,0,4,2,99,1,1,2,1,0,0,98,98,10,1,1,0,1,0
36,360700,1,2,1,16,9,23,55,12,6,1,0,99,9,99,709,99709,80,9999,999999999999,9,9,9,9,9,9,9,9,9,9,9,9,0,,,,,,,,,,,,,,,,,,,,,,,,,0,0,000000000,00000000000,0,0,0,1,0,0,0,0,0,0,0,999,0,0,0,12,98,9,1,12,0,0,0,1,36,11428,6,1,0,0,3,3,65,999,0,0,0,0,0,0,0,0,0,0,38,39,36,0,3,2,99,1,1,2,1,4,3,1,67,99,1,1,69,1,0
36,360700,2,2,1,16,9,23,55,12,6,1,0,36,1,35,39,35039,4,2000,JN1CA31D0YT5,J,N,1,C,A,3,1,D,0,Y,T,5,0,P,NISS,MGS,4D,0,17,3071,,0,1083,,G,,F,6,182,,,15R205,,,,,,0,0,000000000,00000000000,0,0,0,1,0,0,0,0,0,0,0,999,0,0,0,9,7,6,2,12,0,0,0,1,36,11427,6,1,0,0,3,0,64,999,0,0,0,0,0,0,0,0,0,0,0,0,0,0,3,2,99,1,1,2,1,4,3,11,15,99,1,1,68,0,0
36,360701,1,1,2,17,9,20,4,11,0,1,0,36,1,7,442,7442,20,2005,1D4GP24R25B2,1,D,4,G,P,2,4,R,2,5,B,2,0,T,DODG,GCS,ES,5,17,,1,0,1193,CAR,G,,,6,201,,,,,3867,00,E,42,0,0,000000000,00000000000,0,0,0,1,0,0,0,0,0,0,0,999,0,0,0,12,13,6,2,11,0,0,0,1,36,13691,6,1,6,0,3,3,73,999,0,0,0,0,0,0,0,0,0,0,83,0,0,0,1,2,55,1,2,2,1,0,0,1,80,99,1,1,13,1,0
36,360702,1,1,1,27,8,0,33,8,0,1,0,36,1,6,14,6014,4,1988,1C3BU4639JD1,1,C,3,B,U,4,6,3,9,J,D,1,0,P,CHRY,NYC,4D,88,17,3136,,0,1043,,G,,F,6,181,,,14R195,,,,,,0,0,000000000,00000000000,0,0,0,1,0,0,0,0,0,0,0,999,0,0,0,12,12,2,1,8,0,0,0,1,36,11101,6,1,0,0,3,0,73,999,0,0,0,0,1,6,2010,6,2010,0,0,0,0,0,1,4,30,1,1,2,1,3,3,1,80,99,1,1,13,0,0
36,360703,1,1,1,17,9,15,46,44,0,1,0,36,2,73,703,73703,80,2009,JKAEXMJ169DA,J,K,A,E,X,M,J,1,6,9,D,A,0,M,KAWK,E2J,RC,9,17,,,,,,,249,,2,,4,374,,,,,,,0,0,000000000,00000000000,0,0,0,1,0,0,0,0,0,0,0,999,0,0,0,0,9,9,8,42,0,0,0,1,36,14616,6,1,6,0,3,0,68,999,0,0,0,0,0,0,0,0,0,1,82,0,0,0,1,2,30,1,1,2,2,0,0,1,98,1,2,1,0,1,0
36,360704,1,1,1,26,8,23,34,8,0,1,0,36,1,20,36,20036,2,2005,2G1WZ1511592,2,G,1,W,Z,1,5,1,1,5,9,2,0,P,CHEV,MSP,CP,5,17,3395,,0,1105,,G,,Z,6,231,,,17R235,,,,,,0,0,000000000,00000000000,0,0,0,1,0,0,0,0,0,0,0,999,0,0,0,12,12,2,3,8,0,0,0,1,36,11741,6,1,0,0,3,0,66,999,0,0,0,0,1,9,2008,9,2008,0,38,0,0,0,2,4,50,1,1,2,1,0,0,1,80,99,1,1,13,0,0
36,360705,1,1,1,29,8,17,13,8,0,1,0,36,2,12,402,12402,14,2011,1FMCU4K32BKB,1,F,M,C,U,4,K,3,2,B,K,B,0,P,FORD,SPE,UT,11,17,3638,,0,1031,,B,,F,4,153,,,16R235,,,,,,0,0,000000000,00000000000,0,0,0,1,0,0,0,0,0,0,0,999,0,0,0,98,98,0,1,8,0,0,0,1,36,11223,6,1,0,0,3,3,69,999,0,0,0,0,0,0,0,0,0,0,38,0,0,0,4,4,99,1,1,2,1,3,3,11,80,99,1,1,13,0,0
36,360706,1,1,1,10,9,22,50,5,0,1,0,36,1,72,706,72706,80,2004,1HD1GMW174K3,1,H,D,1,G,M,W,1,7,4,K,3,0,M,HD,FDI,RS,4,17,,,,,,,1450,,2,,4,622,,,,,,,0,0,000000000,00000000000,0,0,0,1,0,0,0,0,0,0,0,999,0,0,0,0,61,6,2,5,0,0,0,1,36,11782,6,1,6,0,3,0,69,999,0,0,0,0,0,0,0,0,0,1,0,0,0,0,3,2,40,2,1,1,1,0,0,14,6,99,4,3,0,1,1
36,360707,1,1,2,2,9,20,4,9,0,1,0,36,2,49,403,49403,14,2001,JTEHF21A2100,J,T,E,H,F,2,1,A,2,1,0,0,0,P,TOYT,HIG,UT,1,17,3880,,0,1069,,G,,F,6,183,,,16R225,,,,,,0,0,000000000,00000000000,0,0,0,1,0,0,0,0,0,0,0,999,0,0,0,12,14,2,1,9,0,0,0,1,36,11211,6,1,0,0,3,3,62,999,0,0,0,0,0,0,0,0,0,0,0,0,0,0,3,2,99,1,1,2,1,3,3,1,83,99,1,1,13,0,0
36,360708,1,2,1,7,9,17,22,12,2,1,0,36,1,35,49,35049,6,2005,JN8AZ08W25W4,J,N,8,A,Z,0,8,W,2,5,W,4,0,P,NISS,MUR,UT,5,17,3829,,0,1112,,G,,F,6,213,,,18R235,,,,,,0,0,000000000,00000000000,0,0,0,1,0,0,0,0,0,0,0,999,0,0,0,12,12,6,2,12,0,0,0,1,36,11949,6,1,0,0,3,0,68,999,0,0,0,0,0,0,0,0,0,0,0,0,0,0,2,4,99,1,1,2,2,0,0,1,62,1,1,1,51,0,0
36,360708,2,2,1,7,9,17,22,12,2,1,0,36,1,20,22,20022,2,2006,1G1AL18F8676,1,G,1,A,L,1,8,F,8,6,7,6,0,P,CHEV,BLT,CP,6,17,2991,,0,1033,,G,,F,4,134,,,15R195,,,,,,0,0,000000000,00000000000,0,0,0,1,0,0,0,0,0,0,0,999,0,0,0,12,12,6,2,12,0,0,0,1,36,11784,6,1,0,0,3,0,67,999,0,0,0,0,0,0,0,0,0,0,0,0,0,0,2,4,99,1,1,2,2,0,0,1,10,1,1,2,50,1,0
36,360709,1,1,1,17,9,9,3,8,0,1,0,36,1,12,481,12481,31,2009,1FTRW14859KC,1,F,T,R,W,1,4,8,5,9,K,C,0,T,FORD,F1S,CW,9,17,,2,1570,1450,COF,G,,,8,281,,,,B,5546,01,L,44,0,0,000000000,00000000000,0,0,0,1,0,0,0,0,0,0,0,999,0,0,0,12,12,2,3,8,0,0,0,1,36,13142,6,1,6,0,3,0,72,999,1,0,0,0,0,9,2010,9,2010,0,86,0,0,0,1,2,55,1,1,2,1,0,0,1,80,1,1,1,13,0,0
36,360710,1,1,1,18,9,9,45,33,0,1,0,36,1,37,709,37709,80,2006,JH2PC37006M3,J,H,2,P,C,3,7,0,0,6,M,3,0,M,HOND,B60,RC,6,17,,,,,,,599,,4,,4,361,,,,,,,0,0,000000000,00000000000,0,0,0,1,0,0,0,0,0,0,0,999,0,0,0,12,81,6,2,30,0,0,0,1,36,14615,6,1,0,0,3,0,72,999,0,0,0,0,0,0,0,0,0,1,0,0,0,0,1,6,35,1,1,2,1,3,3,1,13,1,1,4,1,1,0
36,360711,1,2,1,17,9,5,30,8,0,1,0,36,1,35,43,35043,4,2008,3N1BB61E88L7,3,N,1,B,B,6,1,E,8,8,L,7,0,P,NISS,USE,4D,8,17,2991,,0,1057,,G,,F,4,153,,,17R225,,,,,,0,0,000000000,00000000000,0,0,0,1,0,0,0,0,0,0,0,999,0,0,0,12,12,6,2,8,0,0,0,1,36,11772,6,1,0,0,3,0,64,999,0,0,0,0,0,0,0,0,0,0,0,0,0,0,3,2,99,1,1,2,1,0,0,1,80,99,1,1,13,0,0
36,360711,2,2,1,17,9,5,30,8,0,1,0,36,2,12,402,12402,14,2001,1FMYU04161KA,1,F,M,Y,U,0,4,1,6,1,K,A,0,P,FORD,SPE,UT,1,17,3186,,0,1031,,G,,F,6,181,,,15R225,,,,,,0,0,000000000,00000000000,0,0,0,1,0,0,0,0,0,0,0,999,0,0,0,14,14,6,2,8,0,0,0,1,36,11967,6,1,6,0,3,0,66,999,0,0,0,0,0,0,0,0,0,0,0,0,0,0,3,2,99,1,1,2,1,0,0,1,80,99,1,1,98,0,0
36,360712,1,2,2,18,9,18,39,8,0,1,0,36,1,6,441,6441,20,2005,2C4GP54L05R3,2,C,4,G,P,5,4,L,0,5,R,3,0,T,CHRY,TOU,ES,5,17,,1,0,1193,TWC,G,,,6,230,,,,,4256,00,,42,0,0,000000000,00000000000,0,0,0,1,0,0,0,0,0,0,0,999,0,0,0,12,12,4,1,8,0,0,0,1,36,13803,1,1,0,0,2,3,61,999,1,2,0,1,1,6,2010,8,2011,0,0,0,0,0,1,2,55,1,1,2,1,0,0,1,50,1,1,1,13,0,0
36,360712,2,2,1,18,9,18,39,8,0,1,0,36,6,21,3,21003,2,1981,1G3AX37Y6BM2,1,G,3,A,X,3,7,Y,6,B,M,2,0,P,OLDS,98R,CP,81,17,3655,,0,1190,,G,,4,8,307,,,15R215,,,,,,0,0,000000000,00000000000,0,0,0,1,0,0,0,0,0,0,0,0,0,0,0,6,6,6,2,12,0,0,0,0,0,99997,7,6,97,7,6,7,998,997,998,998,998,998,998,98,9998,98,9998,8,0,0,0,0,1,2,55,1,1,2,1,0,0,0,53,0,0,0,98,0,0
36,360713,1,1,1,18,9,5,3,35,0,1,0,34,2,54,31,54031,3,1997,19UYA1247VL0,1,9,U,Y,A,1,2,4,7,V,L,0,0,P,ACUR,22C,CP,97,17,3007,,0,1069,,G,,F,4,132,,,16R205,,,,,,0,0,000000000,00000000000,0,0,0,1,0,0,0,0,0,0,0,999,0,0,0,12,12,6,2,35,0,0,0,1,34,7506,6,1,6,0,3,0,71,999,0,0,0,0,1,6,2009,6,2009,0,0,0,0,0,3,3,65,2,2,2,1,0,0,14,12,99,1,4,6,1,0
36,360714,1,2,3,20,9,12,22,12,1,1,0,36,1,13,1,13001,4,2000,1LNHM83WXYY8,1,L,N,H,M,8,3,W,X,Y,Y,8,0,P,LINC,CAR,4D,0,17,4121,,0,1177,,G,,F,8,281,,,16R225,,,,,,0,0,000000000,00000000000,0,0,0,1,0,0,0,0,0,0,0,999,0,0,0,12,12,6,2,12,0,0,0,1,36,10977,6,1,0,0,3,0,63,999,0,0,0,0,0,0,0,0,0,0,0,0,0,0,1,4,99,1,1,2,1,3,3,1,50,1,1,1,20,1,0
36,360714,2,2,1,20,9,12,22,12,1,1,0,44,1,63,399,63399,4,2011,999999999999,9,9,9,9,9,9,9,9,9,9,9,9,0,,,,,,,,,,,,,,,,,,,,,,,,,0,0,000000000,00000000000,0,0,0,1,0,0,0,0,0,0,0,0,0,0,0,6,6,6,2,12,0,0,0,1,44,2812,9,9,99,9,9,9,999,999,99,99,99,99,99,99,9999,99,9999,0,0,0,0,0,1,4,99,1,1,2,1,3,3,5,53,1,1,1,21,0,0
36,360715,1,1,1,22,9,1,41,34,0,1,0,36,1,12,481,12481,31,1997,2FTFF28L4VCA,2,F,T,F,F,2,8,L,4,V,C,A,0,T,FORD,F25,PK,97,17,,2,0,1390,COF,G,,,8,330,,,,C,4720,00,E,44,0,0,000000000,00000000000,0,0,0,1,0,0,0,0,0,0,0,999,0,1,5,12,13,6,2,1,0,0,0,1,36,14850,1,1,0,0,2,2,72,999,1,3,0,0,0,4,2010,9,2011,1,74,0,0,0,1,2,55,1,2,2,1,28,3,1,12,99,1,4,6,1,0
36,360716,1,1,1,15,9,13,48,8,0,1,0,36,1,55,35,55035,4,2000,KMHJW35F4YU1,K,M,H,J,W,3,5,F,4,Y,U,1,0,P,HYUN,EGS,SW,0,17,2681,,0,1004,,G,,F,4,121,,,14R195,,,,,,0,0,000000000,00000000000,0,0,0,1,0,0,0,0,0,0,0,999,0,0,0,12,12,2,1,8,0,0,0,1,36,11757,6,1,0,0,3,0,65,999,0,0,0,0,0,0,0,0,0,0,38,0,0,0,1,2,30,1,1,2,1,0,0,10,80,99,1,1,13,0,0
36,360717,1,1,2,16,9,6,50,35,0,1,0,36,2,18,22,18022,4,2010,1G4GE5EV5AF2,1,G,4,G,E,5,E,V,5,A,F,2,0,P,BUIC,LAS,4D,10,17,4065,,0,1117,,G,,F,6,220,,,18R235,,,,,,0,0,000000000,00000000000,0,0,0,1,0,0,0,0,0,0,0,999,0,0,0,12,12,6,2,42,0,0,0,1,36,12583,6,1,6,0,3,3,69,999,1,0,0,0,0,8,2011,8,2011,0,0,0,0,0,1,2,99,1,1,9,1,0,0,1,12,99,1,4,6,1,0
36,360718,1,1,1,19,9,23,23,45,0,1,0,36,3,98,907,98907,52,2010,1VHHH3P22A67,1,V,H,H,H,3,P,2,2,A,6,7,0,T,ONTR,,,10,17,,,,,,,,,,,,,,,,,,,0,99,999999999,99999999999,3,21,22,1,0,0,0,0,6,0,0,2,0,0,0,13,5,6,2,45,36,0,0,1,36,11206,6,1,6,0,3,3,72,999,0,0,0,0,0,0,0,0,0,0,0,0,0,0,3,2,30,1,1,2,1,98,9,1,98,99,1,1,98,0,0
36,360719,1,1,1,23,9,16,34,33,0,1,0,36,2,23,471,23471,30,2003,1GTCS14H0382,1,G,T,C,S,1,4,H,0,3,8,2,0,T,GMC,SON,PK,3,17,,1,0,1083,SON,G,,,4,133,,,,B,3016,01,U,42,0,0,000000000,00000000000,0,0,0,1,0,0,0,0,0,0,0,999,0,0,0,1,3,6,2,30,0,0,0,1,36,14303,6,1,0,0,3,0,64,999,0,0,0,0,0,0,0,0,0,1,0,0,0,0,1,2,30,4,1,2,2,0,0,14,6,1,1,4,2,1,0
36,360720,1,3,1,23,9,20,57,12,6,1,1,92,0,20,4,20004,2,2007,999999999999,9,9,9,9,9,9,9,9,9,9,9,9,0,,,,,,,,,,,,,,,,,,,,,,,,,0,0,000000000,00000000000,0,0,0,1,0,0,0,0,0,0,0,999,0,0,0,9,62,6,2,12,0,0,0,1,36,14150,6,1,0,0,3,0,71,999,0,0,0,0,0,0,0,0,0,0,36,51,0,0,1,2,35,1,1,2,2,3,3,99,17,99,1,1,89,1,1
36,360720,2,3,1,23,9,20,57,12,6,1,0,36,2,20,24,20024,6,2011,1GNKREED4BJ1,1,G,N,K,R,E,E,D,4,B,J,1,0,P,CHEV,TRV,UT,11,17,4790,,0,1189,,G,,F,6,220,,,17R245,,,,,,0,0,000000000,00000000000,0,0,0,1,0,0,0,0,0,0,0,999,0,0,0,12,12,6,2,12,0,0,0,1,36,14150,6,1,0,0,3,0,67,999,0,0,0,0,0,0,0,0,0,0,39,92,0,0,1,2,35,1,1,2,2,3,3,1,68,99,1,1,88,0,0