STATE,ST_CASE,VEH_NO,VE_FORMS,NUMOCCS,DAY,MONTH,HOUR,MINUTE,HARM_EV,MAN_COLL,UNITTYPE,HIT_RUN,REG_STAT,OWNER,MAKE,MODEL,MAK_MOD,BODY_TYP,MOD_YEAR,VIN,VIN_1,VIN_2,VIN_3,VIN_4,VIN_5,VIN_6,VIN_7,VIN_8,VIN_9,VIN_10,VIN_11,VIN_12,TOW_VEH,VINTYPE,VINMAKE,VINA_MOD,VIN_BT,VINMODYR,VIN_LNGT,VIN_WGT,WGTCD_TR,WHLBS_LG,WHLBS_SH,SER_TR,FUELCODE,MCYCL_DS,CARBUR,CYLINDER,DISPLACE,MCYCL_CY,MCYCL_WT,TIRE_SZE,TON_RAT,TRK_WT,TRKWTVAR,VIN_REST,WHLDRWHL,J_KNIFE,MCARR_I1,MCARR_I2,MCARR_ID,GVWR,V_CONFIG,CARGO_BT,HAZ_INV,HAZ_PLAC,HAZ_ID,HAZ_CNO,HAZ_REL,BUS_USE,SPEC_USE,EMER_USE,TRAV_SP,UNDERIDE,ROLLOVER,ROLINLOC,IMPACT1,IMPACT2,DEFORMED,TOWED,M_HARM,VEH_SC1,VEH_SC2,FIRE_EXP,DR_PRES,L_STATE,DR_ZIP,L_STATUS,L_TYPE,CDL_STAT,L_ENDORS,L_COMPL,L_RESTRI,DR_HGT,DR_WGT,PREV_ACC,PREV_SUS,PREV_DWI,PREV_SPD,PREV_OTH,FIRST_MO,FIRST_YR,LAST_MO,LAST_YR,SPEEDREL,DR_SF1,DR_SF2,DR_SF3,DR_SF4,VTRAFWAY,VNUM_LAN,VSPD_LIM,VALIGN,VPROFILE,VPAVETYP,VSURCOND,VTRAFCON,VTCONT_F,P_CRASH1,P_CRASH2,P_CRASH3,PCRASH4,PCRASH5,ACC_TYPE,DEATHS,DR_DRINK
36,360720,3,3,2,23,9,20,57,12,6,1,0,36,1,14,402,14402,14,2008,4M2CU91188KJ,4,M,2,C,U,9,1,1,8,8,K,J,0,P,MERC,MRN,UT,8,17,3526,,0,1031,,G,,F,6,183,,,16R235,,,,,,0,0,000000000,00000000000,0,0,0,1,0,0,0,0,0,0,0,0,0,0,0,62,62,6,2,12,0,0,0,1,12,14150,6,1,0,0,3,0,68,999,0,0,0,0,0,0,0,0,0,0,0,0,0,0,1,2,35,1,1,2,2,3,3,5,68,99,1,1,98,0,0
36,360721,1,2,1,23,9,21,0,8,0,1,1,99,9,99,999,99999,99,9999,999999999999,9,9,9,9,9,9,9,9,9,9,9,9,0,,,,,,,,,,,,,,,,,,,,,,,,,0,0,000000000,00000000000,0,0,0,1,0,0,0,0,0,0,0,999,0,0,0,12,12,4,1,8,0,0,0,1,99,99999,9,9,99,9,9,9,999,999,99,99,99,99,99,99,9999,99,9999,0,0,0,0,0,1,4,99,1,1,2,2,3,3,1,80,1,1,1,13,0,0
36,360721,2,2,1,23,9,21,0,8,0,1,1,99,9,99,999,99999,99,9999,999999999999,9,9,9,9,9,9,9,9,9,9,9,9,0,,,,,,,,,,,,,,,,,,,,,,,,,0,0,000000000,00000000000,0,0,0,1,0,0,0,0,0,0,0,999,0,0,0,14,14,2,1,8,0,0,0,1,99,99999,9,9,99,0,9,9,999,999,99,99,99,99,99,99,9999,99,9999,0,0,0,0,0,1,4,99,1,1,2,2,0,0,10,80,1,1,1,98,0,0
36,360722,1,2,2,21,9,7,9,12,6,1,0,36,2,12,17,12017,4,2001,1FAHP55UX1A1,1,F,A,H,P,5,5,U,X,1,A,1,0,P,FORD,TSS,4D,1,17,3343,,0,1085,,G,,F,6,182,,,16R215,,,,,,0,0,000000000,00000000000,0,0,0,1,0,0,0,0,0,0,0,999,0,0,0,3,3,6,2,12,0,0,0,1,36,13021,6,7,0,0,3,0,63,999,0,0,0,0,0,0,0,0,0,0,38,0,0,0,3,2,30,1,1,2,1,0,0,4,17,99,1,1,87,1,0
36,360722,2,2,1,21,9,7,9,12,6,1,0,36,3,86,898,86898,61,1974,999999999999,9,9,9,9,9,9,9,9,9,9,9,9,0,,,,,,,,,,,,,,,,,,,,,,,,,0,57,1510755,571510755,2,2,4,1,0,0,0,0,0,0,0,999,0,0,0,12,12,6,2,12,0,0,0,1,36,13021,6,1,6,1,3,0,70,999,0,0,0,0,0,0,0,0,0,0,0,0,0,0,3,2,30,1,1,2,1,0,0,1,66,99,1,1,86,0,0
36,360723,1,1,1,24,9,23,55,42,0,1,0,36,1,73,734,73734,90,2008,JKAVFDD168B5,J,K,A,V,F,D,D,1,6,8,B,5,0,M,KAWK,KBD,AT,8,17,,,,,,,749,,2,,4,605,,,,,,,0,0,000000000,00000000000,0,0,0,1,0,0,0,0,0,0,0,999,0,0,0,12,12,6,9,42,0,0,0,1,36,10566,6,1,6,0,1,0,68,999,1,0,0,1,1,10,2008,5,2009,1,0,0,0,0,1,2,55,1,1,2,1,0,0,1,12,4,1,4,6,1,1
36,360724,1,1,1,10,3,21,30,8,0,1,0,36,3,98,988,98988,59,2008,2PCV334968C7,2,P,C,V,3,3,4,9,6,8,C,7,0,U,,,,8,17,,,,,,,,,,,,,,,,,,,0,99,999999999,99999999999,2,21,22,1,0,0,0,0,98,0,0,999,0,0,0,99,99,0,1,8,0,0,0,1,36,11559,6,1,6,0,3,3,71,999,0,0,0,0,0,0,0,0,0,0,38,0,0,0,5,4,30,1,1,2,2,3,3,11,80,99,1,1,13,0,0
36,360725,1,1,1,29,5,5,31,42,0,1,0,36,1,6,43,6043,4,2001,1C3EL56UX1N5,1,C,3,E,L,5,6,U,X,1,N,5,0,P,CHRY,SLI,4D,1,17,3236,,0,1080,,G,,F,6,167,,,16R205,,,,,,0,0,000000000,00000000000,0,0,0,1,0,0,0,0,0,0,0,999,0,0,0,9,9,9,9,42,0,0,0,1,36,10459,6,1,0,0,3,3,70,999,0,0,0,0,1,3,2011,3,2011,1,0,0,0,0,4,2,99,1,1,2,1,0,0,1,13,99,1,4,1,1,1
36,360726,1,2,2,23,9,21,28,12,2,1,0,36,1,18,401,18401,14,2003,3G5DA03E93S5,3,G,5,D,A,0,3,E,9,3,S,5,0,P,BUIC,RZV,UT,3,17,4024,,0,1122,,G,,F,6,204,,,16R215,,,,,,0,0,000000000,00000000000,0,0,0,1,0,0,0,0,0,0,0,999,0,0,0,12,12,6,2,12,0,0,0,1,36,14470,6,1,0,0,3,0,72,999,0,0,0,0,0,0,0,0,0,0,0,0,0,0,1,2,99,2,1,2,2,0,0,14,10,99,1,2,50,2,0
36,360726,2,2,2,23,9,21,28,12,2,1,0,36,1,48,34,48034,4,2011,4S3BMBB65B32,4,S,3,B,M,B,B,6,5,B,3,2,0,P,SUBA,2IP,4D,11,17,3275,,0,1083,,G,,F,4,150,,,16R205,,,,,,0,0,000000000,00000000000,0,0,0,1,0,0,0,0,0,0,0,999,0,0,0,12,12,6,2,12,0,0,0,1,36,14559,6,1,0,0,3,3,74,999,0,0,0,0,0,0,0,0,0,0,0,0,0,0,1,2,99,2,1,2,2,0,0,14,62,99,1,1,51,0,0
36,360727,1,1,1,24,9,4,19,8,0,1,0,36,2,2,405,2405,14,2006,1J4GL48K86W2,1,J,4,G,L,4,8,K,8,6,W,2,0,T,JEEP,SPR,4W,6,17,,1,0,1043,LIB,G,,,6,226,,,,,3857,00,E,44,0,0,000000000,00000000000,0,0,0,1,0,0,0,0,0,0,0,50,0,0,0,12,12,2,1,8,0,0,0,1,36,13308,6,1,0,0,3,3,64,999,0,0,0,0,0,0,0,0,0,0,0,0,0,0,1,2,55,1,1,2,2,0,0,1,80,99,1,1,13,0,0
36,360728,1,1,2,24,9,20,2,33,0,1,0,92,0,73,709,73709,80,9999,999999999999,9,9,9,9,9,9,9,9,9,9,9,9,0,,,,,,,,,,,,,,,,,,,,,,,,,0,0,000000000,00000000000,0,0,0,1,0,0,0,0,0,0,0,999,0,0,0,12,12,6,2,30,0,0,0,1,36,11510,6,1,6,0,3,0,74,999,0,4,0,0,1,10,2009,3,2011,1,85,0,0,0,1,4,30,4,1,2,1,3,3,14,13,1,1,4,1,1,1
36,360729,1,1,4,24,9,23,52,8,0,1,0,40,3,7,26,7026,4,2010,1B3CC5FB8AN2,1,B,3,C,C,5,F,B,8,A,N,2,0,P,DODG,ART,4D,10,17,3568,,0,1089,,G,,F,4,146,,,17R215,,,,,,0,0,000000000,00000000000,0,0,0,1,0,0,0,0,0,0,0,999,0,0,0,12,12,2,1,8,0,0,0,1,44,2889,6,1,0,0,3,3,62,999,0,0,0,0,0,0,0,0,0,0,0,0,0,0,1,4,30,1,1,2,1,0,0,1,80,99,1,1,13,0,0
36,360730,1,1,2,24,9,20,33,8,0,1,0,36,1,34,34,34034,4,2008,WBSVA93518E2,W,B,S,V,A,9,3,5,1,8,E,2,0,P,BMW,M3S,4D,8,17,3726,,0,1087,,G,,F,8,244,,,19R245,,,,,,0,0,000000000,00000000000,0,0,0,1,0,0,0,0,0,0,0,40,0,0,0,12,12,4,3,8,0,0,0,1,36,11572,6,1,0,0,3,0,74,999,0,0,0,0,0,0,0,0,0,0,86,0,0,0,5,6,40,4,1,2,1,2,3,14,80,1,1,1,13,0,0
36,360731,1,1,1,26,9,18,22,1,0,1,0,36,1,49,471,49471,30,1994,JT4RN01P2R70,J,T,4,R,N,0,1,P,2,R,7,0,0,T,TOYT,SWX,PK,94,17,,1,0,1030,HTP,G,,,4,144,,,,B,3345,00,A,44,0,0,000000000,00000000000,0,0,0,1,0,0,0,0,0,0,0,999,0,2,5,0,13,6,2,1,0,0,0,1,36,14733,6,1,6,0,3,0,74,999,0,0,0,0,0,0,0,0,0,0,0,0,0,0,1,2,55,1,2,5,1,0,0,1,13,1,1,4,1,1,1
36,360732,1,1,1,25,9,4,10,9,0,1,0,36,2,37,402,37402,14,2007,JHLRE48757C0,J,H,L,R,E,4,8,7,5,7,C,0,0,P,HOND,CRV,UT,7,17,3534,,0,1031,,G,,F,4,146,,,17R225,,,,,,0,0,000000000,00000000000,0,0,0,1,0,0,0,0,0,0,0,999,0,0,0,12,12,6,2,9,0,0,0,1,36,11050,6,1,0,0,3,3,62,999,0,0,0,0,0,0,0,0,0,0,0,0,0,0,1,4,40,1,2,2,1,0,0,15,83,7,1,2,13,0,0
36,360733,1,2,2,27,9,19,30,12,2,1,0,36,1,37,32,37032,4,1990,1HGCB7550LA0,1,H,G,C,B,7,5,5,0,L,A,0,0,P,HOND,ALE,4D,90,17,2504,,0,1071,,G,,F,4,132,,,14R185,,,,,,0,0,000000000,00000000000,0,0,0,1,0,0,0,0,0,0,0,999,0,0,0,12,12,6,2,12,0,0,0,1,36,12590,6,1,0,0,3,0,69,999,0,0,0,0,0,0,0,0,0,0,28,0,0,0,1,2,30,4,3,2,1,0,0,14,10,1,1,2,50,2,0
36,360733,2,2,1,27,9,19,30,12,2,1,0,36,1,20,401,20401,14,2005,1GNDT13S2522,1,G,N,D,T,1,3,S,2,5,2,2,0,P,CHEV,TRL,UT,5,17,4612,,0,1130,,G,,F,6,256,,,16R245,,,,,,0,0,000000000,00000000000,0,0,0,1,0,0,0,0,0,0,0,999,0,0,0,12,12,6,2,12,0,0,0,1,36,10998,6,1,0,0,3,3,72,999,0,0,0,0,0,0,0,0,0,0,0,0,0,0,1,2,30,4,2,2,1,0,0,14,62,1,1,1,51,0,0
36,360734,1,2,1,24,9,15,8,12,6,1,0,36,1,24,1,24001,4,1994,1G8ZH5592RZ1,1,G,8,Z,H,5,5,9,2,R,Z,1,0,P,STRN,SL1,4D,94,17,2252,,0,1024,,G,,F,4,116,,,14R175,,,,,,0,0,000000000,00000000000,0,0,0,1,0,0,0,0,0,0,0,10,0,0,0,3,3,6,2,12,0,0,0,1,36,12845,6,1,0,0,3,3,61,999,0,0,0,0,0,0,0,0,0,0,38,0,0,0,2,2,45,1,2,2,1,0,0,11,15,99,1,1,68,1,0
36,360734,2,2,1,24,9,15,8,12,6,1,0,36,1,58,37,58037,4,2005,5FNRL38705B0,5,F,N,R,L,3,8,7,0,5,B,0,0,P,HOND,UDY,SV,5,17,4537,,0,1181,,G,,F,6,212,,,16R225,,,,,,0,0,000000000,00000000000,0,0,0,1,0,0,0,0,0,0,0,45,0,0,0,12,12,2,1,12,0,0,0,1,36,12845,6,1,0,0,3,0,70,999,0,0,0,0,0,0,0,0,0,0,0,0,0,0,2,2,45,1,2,2,1,0,0,1,66,99,1,1,69,0,0
36,360735,1,3,1,27,9,4,38,12,1,1,0,34,4,84,881,84881,63,2007,1HTMMANN67H3,1,H,T,M,M,A,N,N,6,7,H,3,0,T,INTL,430,CC,7,17,,7,0,0,40S,,,,,,,,,,00000,00,,42,0,99,999999999,99999999999,3,1,1,1,0,0,0,0,0,0,0,999,0,0,0,12,12,6,2,12,0,0,0,1,36,10023,6,1,6,0,3,0,74,999,0,0,0,0,0,0,0,0,0,0,0,0,0,0,3,3,50,1,1,2,1,0,0,1,50,99,1,1,20,0,0
36,360735,2,3,1,27,9,4,38,12,1,1,0,36,3,23,441,23441,20,2004,1GTDM19X04B5,1,G,T,D,M,1,9,X,0,4,B,5,0,T,GMC,SXT,EC,4,17,,1,0,1112,SAF,G,,,6,262,,,,B,3964,00,E,42,0,0,000000000,00000000000,0,0,0,1,0,0,0,0,0,0,0,0,3,0,0,6,12,6,2,12,0,0,0,1,36,10306,6,1,0,0,3,0,72,999,0,0,0,0,1,10,2010,10,2010,0,0,0,0,0,3,3,50,1,1,2,1,0,0,5,53,99,1,1,21,1,0
36,360735,3,3,1,27,9,4,38,12,1,1,0,17,3,86,881,86881,66,2002,1M1AA09Y92W0,1,M,1,A,A,0,9,Y,9,2,W,0,1,T,MACK,CH6,TR,2,17,,8,0,0,600,D,,,6,728,,,,,00000,00,,42,1,99,999999999,99999999999,3,6,1,1,0,0,0,0,0,0,0,0,0,0,0,6,6,6,2,12,0,0,0,1,36,11550,6,1,6,0,3,0,69,999,0,0,0,0,0,0,0,0,0,0,0,0,0,0,3,3,50,1,1,2,1,0,0,5,53,99,1,1,98,0,0
36,360736,1,1,1,27,9,19,54,8,0,1,0,36,1,12,461,12461,21,2004,1FTNS24L64HB,1,F,T,N,S,2,4,L,6,4,H,B,0,T,FORD,25V,EC,4,17,,2,0,1380,VAN,G,,,8,330,,,,C,00000,00,E,42,0,0,000000000,00000000000,0,0,0,1,0,0,0,0,0,0,0,999,0,0,0,11,11,2,1,8,0,0,0,1,36,11236,6,1,0,0,3,0,74,999,0,0,0,0,2,12,2010,2,2011,0,0,0,0,0,1,2,99,1,1,2,1,20,3,11,80,99,1,1,13,0,0
36,360737,1,1,1,29,9,8,5,18,0,1,0,36,1,37,32,37032,4,1995,1HGCD5654SA0,1,H,G,C,D,5,6,5,4,S,A,0,0,P,HOND,AEX,4D,95,17,2908,,0,1069,,G,,F,4,132,,,15R195,,,,,,0,0,000000000,00000000000,0,0,0,1,0,0,0,0,0,0,0,999,0,0,0,12,12,6,2,30,0,0,0,1,36,11701,6,1,0,0,3,3,64,999,0,0,0,0,0,0,0,0,0,0,0,0,0,0,1,4,99,1,1,2,2,20,3,1,13,1,1,4,1,1,0
36,360738,1,2,1,28,9,16,30,12,2,1,0,36,1,2,404,2404,14,2003,1J4GW48S33C5,1,J,4,G,W,4,8,S,3,3,C,5,0,T,JEEP,LRO,4W,3,17,,1,0,1059,GCK,G,,,6,244,,,,,3880,01,E,44,0,0,000000000,00000000000,0,0,0,1,0,0,0,0,0,0,0,999,0,0,0,12,12,6,2,30,0,0,0,1,36,10312,6,1,0,0,3,3,68,999,0,2,0,0,1,11,2008,12,2009,0,0,0,0,0,1,2,99,1,2,2,1,0,0,1,66,1,1,1,77,1,0
36,360738,2,2,1,28,9,16,30,12,2,1,0,36,1,49,401,49401,14,2008,JTEBU14R88K0,J,T,E,B,U,1,4,R,8,8,K,0,0,P,TOYT,RUN,UT,8,17,4300,,0,1098,,G,,F,6,244,,,16R265,,,,,,0,0,000000000,00000000000,0,0,0,1,0,0,0,0,0,0,0,999,0,0,0,12,12,6,2,12,0,0,0,1,36,10301,6,1,0,0,3,0,70,999,0,0,0,0,0,0,0,0,0,0,48,38,0,0,1,2,99,1,2,2,1,0,0,11,15,1,1,2,76,0,0
36,360739,1,3,1,30,9,10,50,12,6,1,0,36,1,12,37,12037,4,2010,1FAHP3FN3AW1,1,F,A,H,P,3,F,N,3,A,W,1,0,P,FORD,FSE,4D,10,17,2623,,0,1029,,G,,F,4,122,,,15R195,,,,,,0,0,000000000,00000000000,0,0,0,1,0,0,0,0,0,0,0,999,0,0,0,62,62,6,2,12,0,0,0,1,36,14425,6,1,0,0,3,3,65,999,0,0,0,0,0,0,0,0,0,0,39,0,0,0,1,2,55,1,1,2,1,20,3,1,17,99,1,1,89,0,0
36,360739,2,3,2,30,9,10,50,12,6,1,0,36,2,20,2,20002,4,2005,2G1WF52E2592,2,G,1,W,F,5,2,E,2,5,9,2,0,P,CHEV,IMP,4D,5,17,3389,,0,1105,,G,,F,6,207,,,16R225,,,,,,0,0,000000000,00000000000,0,0,0,1,0,0,0,0,0,0,0,999,0,0,0,12,12,6,2,12,0,0,0,1,36,14502,1,1,0,0,2,0,72,999,0,6,0,0,1,12,2008,9,2011,0,92,0,0,0,1,2,55,1,1,2,1,20,3,1,66,6,1,2,88,0,0
36,360739,3,3,2,30,9,10,50,12,6,1,0,36,2,14,21,14021,4,2008,3MEHM07Z08R6,3,M,E,H,M,0,7,Z,0,8,R,6,0,P,MERC,MLN,4D,8,17,3117,,0,1074,,G,,F,4,140,,,16R205,,,,,,0,0,000000000,00000000000,0,0,0,1,0,0,0,0,0,0,0,999,0,0,0,12,12,6,2,12,0,0,0,1,36,14489,6,1,0,0,3,0,70,999,1,0,0,0,2,10,2010,8,2011,0,0,0,0,0,1,2,55,1,1,2,1,20,3,1,62,99,1,1,98,1,0
36,360740,1,1,1,1,10,1,57,8,0,1,0,36,2,45,421,45421,15,2006,WP1AB29P26LA,W,P,1,A,B,2,9,P,2,6,L,A,0,P,PORS,POR,UT,6,17,5688,,0,1124,,G,,F,8,275,,,18R255,,,,,,0,0,000000000,00000000000,0,0,0,1,0,0,0,0,0,0,0,999,0,0,0,12,12,2,1,8,0,0,0,1,36,11207,6,1,0,0,3,0,65,999,0,15,0,2,4,12,2008,8,2011,0,92,0,0,0,1,2,99,1,1,2,2,3,3,1,80,4,7,3,13,0,0
36,360741,1,1,1,2,10,6,0,8,0,1,1,99,9,99,999,99999,99,9999,999999999999,9,9,9,9,9,9,9,9,9,9,9,9,0,,,,,,,,,,,,,,,,,,,,,,,,,0,0,000000000,00000000000,0,0,0,1,0,0,0,0,0,0,0,999,0,0,0,99,99,9,1,8,0,0,0,1,99,99999,9,9,99,9,9,9,999,999,99,99,99,99,99,99,9999,99,9999,0,0,0,0,0,1,2,99,1,1,2,2,0,0,1,80,99,1,1,13,0,0
36,360742,1,2,1,3,10,19,34,8,0,1,0,36,1,22,2,22002,4,2001,1G2HX54K9141,1,G,2,H,X,5,4,K,9,1,4,1,0,P,PONT,BVS,4D,1,17,3633,,0,1122,,G,,F,6,231,,,16R225,,,,,,0,0,000000000,00000000000,0,0,0,1,0,0,0,0,0,0,0,999,0,0,0,12,12,6,2,8,0,0,0,1,36,12076,6,1,0,0,3,0,74,999,0,0,0,0,0,0,0,0,0,0,0,0,0,0,2,2,55,1,1,1,1,0,0,16,80,99,1,1,13,0,0
36,360742,2,2,1,3,10,19,34,8,0,1,1,99,9,99,999,99999,99,9999,999999999999,9,9,9,9,9,9,9,9,9,9,9,9,0,,,,,,,,,,,,,,,,,,,,,,,,,0,0,000000000,00000000000,0,0,0,1,0,0,0,0,0,0,0,999,0,0,0,14,14,9,1,8,0,0,0,1,99,99999,9,9,99,9,9,9,999,999,99,99,99,99,99,99,9999,99,9999,0,0,0,0,0,2,2,55,1,1,1,1,0,0,1,80,99,1,1,98,0,0
36,360743,1,1,1,4,10,18,2,42,0,1,0,36,2,12,401,12401,14,2002,1FMZU72K42ZC,1,F,M,Z,U,7,2,K,4,2,Z,C,0,P,FORD,EPR,UT,2,17,4334,,0,1137,,F,,F,6,245,,,16R235,,,,,,0,0,000000000,00000000000,0,0,0,1,0,0,0,0,0,0,0,999,0,0,0,12,12,6,2,2,0,0,1,1,36,14041,6,1,0,0,3,0,68,999,1,0,0,1,2,8,2009,10,2009,1,27,0,0,0,1,2,55,1,2,4,1,0,0,1,6,7,7,4,2,1,0
36,360744,1,1,2,12,9,22,19,8,0,1,0,36,3,12,461,12461,21,2004,1FBSS31L74HA,1,F,B,S,S,3,1,L,7,4,H,A,0,T,FORD,WSD,ES,4,17,,2,0,1380,ECO,G,,,8,330,,,,D,6231,00,E,42,0,99,999999999,99999999999,1,20,22,1,0,0,0,0,98,0,0,999,0,0,0,12,12,2,1,8,0,0,0,1,36,10451,6,1,6,0,3,3,69,999,0,0,0,1,1,9,2008,12,2010,0,0,0,0,0,1,4,30,1,1,2,1,0,0,1,80,99,1,1,13,0,0
36,360745,1,2,1,3,10,17,22,12,6,1,0,36,2,55,33,55033,4,2004,KMHWF35H04A0,K,M,H,W,F,3,5,H,0,4,A,0,0,P,HYUN,SGX,4D,4,17,3212,,0,1063,,G,,F,6,162,,,16R205,,,,,,0,0,000000000,00000000000,0,0,0,1,0,0,0,0,0,0,0,50,0,0,0,12,12,6,2,12,0,0,0,1,13,31326,6,1,0,0,3,0,66,999,98,0,0,0,0,0,0,0,0,1,37,0,0,0,1,2,55,1,2,2,1,4,3,10,10,99,1,2,80,0,0
36,360745,2,2,4,3,10,17,22,12,6,1,0,36,1,6,51,6051,4,1999,2C3HE66G4XH7,2,C,3,H,E,6,6,G,4,X,H,7,0,P,CHRY,30M,4D,99,17,3474,,0,1130,,G,,F,6,215,,,17R225,,,,,,0,0,000000000,00000000000,0,0,0,1,0,0,0,0,0,0,0,0,0,0,0,9,9,6,2,12,0,0,0,1,36,13615,6,1,0,0,3,0,68,999,0,0,0,0,0,0,0,0,0,0,0,0,0,0,1,2,55,1,2,2,1,4,3,5,62,99,1,1,81,1,0
36,360746,1,1,1,18,9,1,22,8,0,1,1,99,9,13,421,13421,15,9999,999999999999,9,9,9,9,9,9,9,9,9,9,9,9,0,,,,,,,,,,,,,,,,,,,,,,,,,0,0,000000000,00000000000,0,0,0,1,0,0,0,0,0,0,0,999,0,0,0,12,12,2,1,8,0,0,0,1,99,99999,9,9,99,9,9,9,999,999,99,99,99,99,99,99,9999,99,9999,0,0,0,0,0,1,2,30,1,1,2,1,0,0,1,80,99,1,1,13,0,0
36,360747,1,1,1,4,10,13,41,30,0,1,0,36,1,37,32,37032,4,2002,1HGCF86692A0,1,H,G,C,F,8,6,6,9,2,A,0,0,P,HOND,UVP,4D,2,17,3053,,0,1069,,G,,F,4,138,,,14R195,,,,,,0,0,000000000,00000000000,0,0,0,1,0,0,0,0,0,0,0,999,0,0,0,12,12,6,2,30,0,0,0,1,36,10954,6,1,0,0,3,3,61,999,0,0,0,0,0,0,0,0,0,0,0,0,0,0,1,2,55,2,1,1,1,0,0,14,12,99,1,4,6,1,0
36,360748,1,2,1,4,10,13,53,12,6,1,0,36,1,23,461,23461,21,1998,1GTHG39F3W10,1,G,T,H,G,3,9,F,3,W,1,0,0,T,GMC,SA3,EC,98,17,,2,0,1550,SAV,D,,,8,397,,,,D,00000,00,E,42,0,0,000000000,00000000000,0,0,0,1,0,0,0,0,0,0,0,999,0,0,0,12,12,6,2,12,0,0,0,1,36,11942,6,1,6,0,3,0,71,999,0,0,0,0,0,0,0,0,0,0,0,0,0,0,1,2,99,1,1,2,2,0,0,1,68,99,1,1,88,0,0
36,360748,2,2,1,4,10,13,53,12,6,1,0,12,1,59,34,59034,4,2000,JT8BF28G4Y02,J,T,8,B,F,2,8,G,4,Y,0,2,0,P,LEXS,ES3,4D,0,17,3373,,0,1051,,G,,F,6,183,,,15R205,,,,,,0,0,000000000,00000000000,0,0,0,1,0,0,0,0,0,0,0,999,0,0,0,9,0,6,2,12,0,0,0,1,12,33480,6,1,0,0,3,3,65,999,0,0,0,0,1,3,2009,3,2009,0,39,0,0,0,1,2,99,1,1,2,2,20,3,99,19,99,1,1,89,1,0
36,360749,1,1,1,4,10,23,1,24,0,1,0,36,5,42,43,42043,4,2000,WDBNG75J3YA1,W,D,B,N,G,7,5,J,3,Y,A,1,0,P,MERZ,S50,4D,0,17,3900,,0,1215,,G,,F,8,303,,,16R225,,,,,,0,0,000000000,00000000000,0,0,0,1,0,0,0,0,0,0,0,999,0,0,0,61,61,6,2,19,0,0,0,1,36,14606,6,1,0,0,3,0,66,999,1,10,0,1,2,6,2010,4,2011,1,27,0,0,0,6,1,30,3,5,2,1,0,0,15,6,99,7,4,7,1,1
36,360750,1,2,3,4,10,12,20,12,1,1,0,36,2,49,402,49402,14,2002,JTEHH20V0260,J,T,E,H,H,2,0,V,0,2,6,0,0,P,TOYT,RV4,UT,2,17,2877,,0,980,,G,,F,4,122,,,16R215,,,,,,0,0,000000000,00000000000,0,0,0,1,0,0,0,0,0,0,0,999,0,0,0,12,12,6,2,12,0,0,0,1,36,12428,6,1,0,0,3,3,72,999,0,0,0,0,0,0,0,0,0,1,0,0,0,0,1,2,55,1,2,2,1,28,3,1,51,99,1,1,24,1,0
36,360750,2,2,1,4,10,12,20,12,1,1,0,36,3,99,998,99998,93,2004,999999999999,9,9,9,9,9,9,9,9,9,9,9,9,0,,,,,,,,,,,,,,,,,,,,,,,,,0,99,999999999,99999999999,9,99,97,1,0,0,0,0,0,0,0,999,0,0,0,6,6,2,1,12,0,0,0,1,36,12533,6,1,6,1,3,0,74,999,0,0,0,0,0,0,0,0,0,0,0,0,0,0,1,2,55,1,2,2,1,28,3,1,53,99,1,1,25,0,0
36,360751,1,2,1,30,8,21,12,12,6,1,0,36,1,35,47,35047,4,2009,1N4AL21E69N4,1,N,4,A,L,2,1,E,6,9,N,4,0,P,NISS,ATS,4D,9,17,3179,,0,1093,,G,,F,4,153,,,16R215,,,,,,0,0,000000000,00000000000,0,0,0,1,0,0,0,0,0,0,0,999,0,0,0,1,3,2,1,12,0,0,0,1,36,11226,6,1,0,0,3,0,66,999,0,1,0,0,1,2,2011,4,2011,0,0,0,0,0,4,1,99,1,1,2,1,20,3,1,66,99,1,1,87,0,0
36,360751,2,2,1,30,8,21,12,12,6,1,0,36,2,37,706,37706,80,2006,JH2SC57096M2,J,H,2,S,C,5,7,0,9,6,M,2,0,M,HOND,CBS,RC,6,17,,,,,,,998,,4,,4,388,,,,,,,0,0,000000000,00000000000,0,0,0,1,0,0,0,0,0,0,0,999,0,0,0,12,12,6,2,12,0,0,0,1,36,11420,6,1,0,0,3,0,69,999,0,10,0,0,1,5,2009,11,2010,0,8,36,0,0,4,1,99,1,1,2,1,0,0,1,17,99,1,1,86,1,0
36,360752,1,1,1,19,8,13,46,42,0,1,0,36,1,37,402,37402,14,2010,5J6RE4H38AL0,5,J,6,R,E,4,H,3,8,A,L,0,0,P,HOND,CRV,UT,10,17,3501,,0,1031,,G,,F,4,146,,,17R225,,,,,,0,0,000000000,00000000000,0,0,0,1,0,0,0,0,0,0,0,999,0,0,0,12,12,6,2,42,0,0,0,1,36,11228,6,1,6,0,3,3,70,999,0,0,0,0,0,0,0,0,0,0,0,0,0,0,4,1,99,1,1,2,1,0,0,1,12,99,1,4,6,1,1