STATE,ST_CASE,VEH_NO,VE_FORMS,NUMOCCS,DAY,MONTH,HOUR,MINUTE,HARM_EV,MAN_COLL,UNITTYPE,HIT_RUN,REG_STAT,OWNER,MAKE,MODEL,MAK_MOD,BODY_TYP,MOD_YEAR,VIN,VIN_1,VIN_2,VIN_3,VIN_4,VIN_5,VIN_6,VIN_7,VIN_8,VIN_9,VIN_10,VIN_11,VIN_12,TOW_VEH,VINTYPE,VINMAKE,VINA_MOD,VIN_BT,VINMODYR,VIN_LNGT,VIN_WGT,WGTCD_TR,WHLBS_LG,WHLBS_SH,SER_TR,FUELCODE,MCYCL_DS,CARBUR,CYLINDER,DISPLACE,MCYCL_CY,MCYCL_WT,TIRE_SZE,TON_RAT,TRK_WT,TRKWTVAR,VIN_REST,WHLDRWHL,J_KNIFE,MCARR_I1,MCARR_I2,MCARR_ID,GVWR,V_CONFIG,CARGO_BT,HAZ_INV,HAZ_PLAC,HAZ_ID,HAZ_CNO,HAZ_REL,BUS_USE,SPEC_USE,EMER_USE,TRAV_SP,UNDERIDE,ROLLOVER,ROLINLOC,IMPACT1,IMPACT2,DEFORMED,TOWED,M_HARM,VEH_SC1,VEH_SC2,FIRE_EXP,DR_PRES,L_STATE,DR_ZIP,L_STATUS,L_TYPE,CDL_STAT,L_ENDORS,L_COMPL,L_RESTRI,DR_HGT,DR_WGT,PREV_ACC,PREV_SUS,PREV_DWI,PREV_SPD,PREV_OTH,FIRST_MO,FIRST_YR,LAST_MO,LAST_YR,SPEEDREL,DR_SF1,DR_SF2,DR_SF3,DR_SF4,VTRAFWAY,VNUM_LAN,VSPD_LIM,VALIGN,VPROFILE,VPAVETYP,VSURCOND,VTRAFCON,VTCONT_F,P_CRASH1,P_CRASH2,P_CRASH3,PCRASH4,PCRASH5,ACC_TYPE,DEATHS,DR_DRINK
36,360786,2,2,5,22,10,15,15,12,6,1,0,36,2,20,37,20037,4,2004,1G1ZS52F84F2,1,G,1,Z,S,5,2,F,8,4,F,2,0,P,CHEV,MAL,4D,4,17,3174,,0,1063,,G,,F,4,134,,,15R205,,,,,,0,0,000000000,00000000000,0,0,0,1,0,0,0,0,0,0,0,999,0,0,0,62,62,6,2,12,0,0,0,1,36,14522,6,1,0,0,3,0,69,999,0,1,0,0,0,2,2011,2,2011,0,0,0,0,0,1,2,55,1,1,1,1,0,0,1,66,99,1,1,89,0,0
36,360787,1,1,1,23,10,6,10,30,0,1,0,36,2,12,16,12016,4,2008,2FAFP70V18X1,2,F,A,F,P,7,0,V,1,8,X,1,0,P,FORD,CVS,4D,8,17,0,,1207,1147,,F,,F,8,281,,,17R235,,,,,,0,0,000000000,00000000000,0,0,0,1,0,0,0,0,0,0,0,999,0,0,0,12,12,6,2,21,0,0,0,1,36,10461,6,1,0,0,3,3,74,999,0,1,0,0,0,5,2011,5,2011,1,27,0,0,0,3,2,99,1,2,2,1,0,0,1,6,99,3,4,7,1,0
36,360788,1,1,1,21,10,15,17,34,0,1,0,36,1,24,1,24001,4,1999,1G8ZF5280XZ1,1,G,8,Z,F,5,2,8,0,X,Z,1,0,P,STRN,SSL,4D,99,17,2326,,0,1024,,G,,F,4,116,,,14R175,,,,,,0,0,000000000,00000000000,0,0,0,1,0,0,0,0,0,0,0,999,0,0,0,11,11,6,2,30,0,0,0,1,36,14004,6,1,0,0,3,3,69,999,1,0,0,0,0,2,2010,2,2010,0,0,0,0,0,1,2,45,1,1,2,1,0,0,1,8,99,9,4,1,1,0
36,360789,1,1,1,7,10,16,52,30,0,1,0,36,1,20,2,20002,4,2001,2G1WF52E5193,2,G,1,W,F,5,2,E,5,1,9,3,0,P,CHEV,IMP,4D,1,17,3389,,0,1105,,G,,F,6,207,,,16R225,,,,,,0,0,000000000,00000000000,0,0,0,1,0,0,0,0,0,0,0,30,0,0,0,12,12,6,2,30,0,0,0,1,36,11961,6,1,0,0,3,3,67,999,0,0,0,0,0,0,0,0,0,0,0,0,0,0,1,2,30,1,1,2,1,0,0,1,13,99,1,4,1,1,0
36,360790,1,1,1,16,10,23,0,9,0,1,0,36,2,12,401,12401,14,2004,1FMZU73K54UA,1,F,M,Z,U,7,3,K,5,4,U,A,0,P,FORD,EPR,UT,4,17,4094,,0,1137,,F,,F,6,245,,,16R235,,,,,,0,0,000000000,00000000000,0,0,0,1,0,0,0,0,0,0,0,999,0,0,0,12,12,4,3,9,0,0,0,1,36,11717,0,0,0,0,0,0,999,999,99,99,99,99,99,99,9999,99,9999,0,86,0,0,0,4,2,99,1,1,2,1,0,0,1,83,1,1,1,13,0,0
36,360791,1,1,1,1,10,19,30,8,0,1,1,99,9,99,999,99999,99,9999,999999999999,9,9,9,9,9,9,9,9,9,9,9,9,0,,,,,,,,,,,,,,,,,,,,,,,,,0,0,000000000,00000000000,0,0,0,1,0,0,0,0,0,0,0,999,0,0,0,99,99,9,1,8,0,0,0,1,99,99999,9,9,99,9,9,9,999,999,99,99,99,99,99,99,9999,99,9999,9,0,0,0,0,2,2,99,1,1,2,1,0,0,1,80,99,1,1,13,0,0
36,360792,1,2,1,23,10,15,30,12,7,1,0,42,1,76,709,76709,80,2003,JYAVP02E63A0,J,Y,A,V,P,0,2,E,6,3,A,0,0,M,YAMA,X1A,RS,3,17,,,,,,,1602,,2,,4,677,,,,,,,0,0,000000000,00000000000,0,0,0,1,0,0,0,0,0,0,0,999,0,0,0,62,62,2,1,12,0,0,0,1,42,18812,6,1,0,0,3,0,71,999,0,0,0,0,0,0,0,0,0,0,0,0,0,0,1,2,55,1,1,2,1,0,0,10,53,99,1,1,98,0,0
36,360792,2,2,1,23,10,15,30,12,7,1,0,36,1,72,706,72706,80,1999,1HD1FRW18XY6,1,H,D,1,F,R,W,1,8,X,Y,6,0,M,HD,FCI,RS,99,17,,,,,,,1450,,2,,4,710,,,,,,,0,0,000000000,00000000000,0,0,0,1,0,0,0,0,0,0,0,999,0,0,0,81,81,6,2,3,0,0,0,1,36,13850,6,1,0,0,3,3,66,999,0,0,0,0,0,0,0,0,0,0,26,0,0,0,1,2,55,1,1,2,1,0,0,1,51,6,1,3,98,1,1
36,360793,1,1,1,23,10,12,20,35,0,1,0,40,4,55,36,55036,4,2011,KMHCN4AC8BU5,K,M,H,C,N,4,A,C,8,B,U,5,0,P,HYUN,ALS,4D,11,17,2365,,0,0,,G,,F,4,098,,,000000,,,,,,0,0,000000000,00000000000,0,0,0,1,0,0,0,0,0,0,0,999,0,0,0,12,12,4,3,35,0,0,0,1,36,12550,6,1,0,0,3,3,70,999,0,0,0,0,0,0,0,0,0,0,0,0,0,0,6,1,55,1,2,2,1,0,0,1,13,1,1,4,1,1,0
36,360794,1,2,2,11,10,15,38,12,6,1,0,36,1,49,402,49402,14,1999,JT3HP10V9X71,J,T,3,H,P,1,0,V,9,X,7,1,0,P,TOYT,RV4,UT,99,17,2762,,0,949,,G,,F,4,122,,,16R215,,,,,,0,0,000000000,00000000000,0,0,0,1,0,0,0,0,0,0,0,999,0,0,0,1,1,2,1,12,0,0,0,1,36,13790,6,1,0,0,3,0,65,999,0,0,0,0,0,0,0,0,0,0,38,0,0,0,1,2,45,1,1,2,1,0,0,11,15,99,1,1,68,0,0
36,360794,2,2,1,11,10,15,38,12,6,1,0,36,1,53,704,53704,80,2001,JS1SK43A0121,J,S,1,S,K,4,3,A,0,1,2,1,0,M,SUZI,DRS,T,1,17,,,,,,,398,,1,,4,291,,,,,,,0,0,000000000,00000000000,0,0,0,1,0,0,0,0,0,0,0,999,0,0,0,12,12,6,2,12,0,0,0,1,36,13802,6,1,0,0,3,3,70,999,0,0,0,0,0,0,0,0,0,0,0,0,0,0,1,2,45,1,1,2,1,0,0,1,62,3,2,1,69,1,0
36,360795,1,1,1,23,10,10,32,42,0,1,0,36,1,2,404,2404,14,2005,1J4GR48K05C6,1,J,4,G,R,4,8,K,0,5,C,6,0,T,JEEP,LCF,4W,5,17,,1,0,1095,GCK,G,,,6,226,,,,,4335,00,E,44,0,0,000000000,00000000000,0,0,0,1,0,0,0,0,0,0,0,999,0,0,0,3,81,6,2,42,0,0,0,1,36,11704,6,1,0,0,3,3,77,999,0,0,0,0,0,0,0,0,0,1,0,0,0,0,3,3,99,1,1,2,1,0,0,1,1,1,4,4,7,1,0
36,360796,1,2,2,24,10,17,53,12,6,1,0,42,1,48,34,48034,4,2000,4S3BH6655Y76,4,S,3,B,H,6,6,5,5,Y,7,6,0,P,SUBA,ULK,SW,0,17,3415,,0,1043,,G,,F,4,153,,,16R225,,,,,,0,0,000000000,00000000000,0,0,0,1,0,0,0,0,0,0,0,999,0,0,0,63,63,6,2,12,0,0,0,1,42,16925,6,1,0,0,3,3,66,999,1,0,0,0,0,9,2011,9,2011,0,39,0,0,0,1,2,30,1,1,2,1,20,3,1,17,99,1,1,89,0,0
36,360796,2,2,1,24,10,17,53,12,6,1,0,36,1,12,17,12017,4,1998,1FAFP57S6WG1,1,F,A,F,P,5,7,S,6,W,G,1,0,P,FORD,TSE,SW,98,17,3457,,0,1085,,G,,F,6,182,,,15R205,,,,,,0,0,000000000,00000000000,0,0,0,1,0,0,0,0,0,0,0,999,0,0,0,12,12,6,2,12,0,0,0,1,36,14904,6,1,0,0,3,3,62,999,0,0,0,0,0,0,0,0,0,0,0,0,0,0,1,2,30,1,1,2,1,0,0,1,66,7,1,1,88,1,0
36,360797,1,2,2,8,10,8,25,12,6,1,0,36,3,12,461,12461,21,2002,1FTSS34L42HB,1,F,T,S,S,3,4,L,4,2,H,B,0,T,FORD,3SD,EC,2,17,,2,0,1380,VAN,G,,,8,330,,,,D,5616,00,E,42,0,0,000000000,00000000000,0,0,0,1,0,0,0,0,0,0,0,999,0,0,0,12,12,6,2,12,0,0,0,1,36,11780,6,1,6,0,3,0,69,999,0,0,0,0,0,0,0,0,0,0,0,0,0,0,3,2,55,1,2,2,1,3,3,1,66,99,1,1,88,0,0
36,360797,2,2,4,8,10,8,25,12,6,1,0,36,1,37,32,37032,4,1998,1HGCG5641WA2,1,H,G,C,G,5,6,4,1,W,A,2,0,P,HOND,ULX,4D,98,17,2952,,0,1069,,G,,F,4,138,,,15R195,,,,,,0,0,000000000,00000000000,0,0,0,1,0,0,0,0,0,0,0,999,0,0,0,61,61,6,2,12,0,0,0,1,36,11949,6,1,0,0,3,0,61,999,0,0,0,0,0,0,0,0,0,0,0,0,0,0,3,2,55,1,2,2,1,3,3,1,17,99,1,1,89,2,0
36,360798,1,2,1,6,10,21,35,9,0,1,0,36,1,2,404,2404,14,2000,1J4FF58S9YL1,1,J,4,F,F,5,8,S,9,Y,L,1,0,T,JEEP,CLC,4W,0,17,,1,0,1014,CHK,G,,,6,244,,,,,3247,00,E,44,0,0,000000000,00000000000,0,0,0,1,0,0,0,0,0,0,0,999,0,0,0,12,13,6,2,9,0,0,0,1,36,11772,6,1,0,0,3,0,62,999,0,0,0,0,0,0,0,0,0,0,0,0,0,0,1,2,99,1,1,2,1,0,0,1,83,99,1,1,13,0,0
36,360798,2,2,1,6,10,21,35,9,0,1,1,99,9,99,999,99999,99,9999,999999999999,9,9,9,9,9,9,9,9,9,9,9,9,0,,,,,,,,,,,,,,,,,,,,,,,,,0,0,000000000,00000000000,0,0,0,1,0,0,0,0,0,0,0,999,0,0,0,14,14,9,1,9,0,0,0,1,99,99999,9,9,99,9,9,9,999,999,99,99,99,99,99,99,9999,99,9999,9,0,0,0,0,1,2,99,1,1,2,1,0,0,99,83,99,1,1,98,0,0
36,360799,1,1,1,25,10,18,46,8,0,1,0,36,2,24,401,24401,14,2009,3GSCL93Z89S5,3,G,S,C,L,9,3,Z,8,9,S,5,0,P,STRN,VUE,UT,9,17,3789,,0,1066,,B,,F,4,146,,,17R225,,,,,,0,0,000000000,00000000000,0,0,0,1,0,0,0,0,0,0,0,999,0,0,0,12,12,6,2,8,0,0,0,1,36,10560,6,1,0,0,3,3,65,999,0,0,0,0,0,0,0,0,0,0,0,0,0,0,3,2,40,1,1,2,1,3,3,1,80,99,1,1,13,0,0
36,360800,1,1,1,24,10,6,36,8,0,1,0,34,1,13,1,13001,4,2005,1LNHM82W75Y6,1,L,N,H,M,8,2,W,7,5,Y,6,0,P,LINC,SGL,4D,5,17,4359,,0,1177,,G,,F,8,281,,,17R225,,,,,,0,0,000000000,00000000000,0,0,0,1,0,0,0,0,0,0,0,999,0,0,0,12,12,2,1,8,0,0,0,1,34,7044,6,1,0,0,3,0,60,999,0,0,0,0,0,0,0,0,0,0,0,0,0,0,3,3,50,1,1,2,1,0,0,1,80,99,1,1,13,0,0
36,360801,1,1,1,25,10,16,45,8,0,1,1,36,3,12,461,12461,21,2011,1FTNE2EW7BDA,1,F,T,N,E,2,E,W,7,B,D,A,0,T,FORD,25V,CG,11,17,,2,0,1380,VAN,G,,,8,281,,,,C,5080,00,E,42,0,0,000000000,00000000000,0,0,0,1,0,0,0,0,0,0,0,999,0,0,0,12,12,2,1,8,0,0,0,1,36,11226,1,1,0,0,2,2,63,999,0,1,0,0,0,10,2011,10,2011,0,38,48,74,0,1,2,99,1,1,2,1,3,3,11,80,99,1,1,13,0,0
36,360802,1,2,1,26,10,14,3,12,6,1,0,36,1,73,706,73706,80,2002,JKAZGCA112B5,J,K,A,Z,G,C,A,1,1,2,B,5,0,M,KAWK,ZG1,RS,2,17,,,,,,,1000,,4,,4,595,,,,,,,0,0,000000000,00000000000,0,0,0,1,0,0,0,0,0,0,0,999,0,0,0,12,14,6,2,12,0,0,0,1,36,11221,6,1,6,0,3,0,72,999,0,0,0,0,1,3,2011,3,2011,1,27,51,0,0,1,4,99,1,1,2,1,3,3,1,98,99,1,2,73,1,0
36,360802,2,2,1,26,10,14,3,12,6,1,0,36,3,12,16,12016,4,2010,2FABP7AV5AX1,2,F,A,B,P,7,A,V,5,A,X,1,0,P,FORD,CVS,4D,10,17,4128,,0,1147,,F,,F,8,281,,,17R225,,,,,,0,0,000000000,00000000000,0,0,0,1,0,0,0,0,0,0,0,999,0,0,0,9,7,6,2,12,0,0,0,1,36,11377,6,1,0,0,3,0,70,999,2,0,0,0,0,7,2010,11,2010,0,0,0,0,0,1,4,99,1,1,2,1,3,3,11,98,99,1,1,72,0,0
36,360803,1,2,1,26,10,19,8,12,2,1,0,36,1,76,705,76705,80,2007,JYARJ06E47A0,J,Y,A,R,J,0,6,E,4,7,A,0,0,M,YAMA,F6S,RC,7,17,,,,,,,600,,4,,4,357,,,,,,,0,0,000000000,00000000000,0,0,0,1,0,0,0,0,0,0,0,999,0,0,0,12,12,6,2,12,0,0,0,1,36,11710,6,1,0,0,3,0,67,999,0,0,0,0,0,0,0,0,0,1,27,0,0,0,1,4,40,1,1,2,1,0,0,6,62,99,1,2,69,1,0
36,360803,2,2,1,26,10,19,8,12,2,1,0,36,2,41,51,41051,4,2004,JM1BK123X411,J,M,1,B,K,1,2,3,X,4,1,1,0,P,MAZD,M3S,4D,4,17,2762,,0,1039,,G,,F,4,140,,,16R205,,,,,,0,0,000000000,00000000000,0,0,0,1,0,0,0,0,0,0,0,999,0,0,0,12,12,6,2,12,0,0,0,1,36,11554,6,1,0,0,3,0,63,999,0,0,0,0,0,0,0,0,0,0,38,0,0,0,1,4,40,1,1,2,1,0,0,11,15,99,1,1,68,0,0
36,360804,1,1,1,27,10,23,35,33,0,1,0,36,1,34,35,34035,4,2007,WBSNB93527CX,W,B,S,N,B,9,3,5,2,7,C,X,0,P,BMW,M5S,4D,7,17,4012,,0,1137,,G,,F,10,305,,,19R255,,,,,,0,0,000000000,00000000000,0,0,0,1,0,0,0,0,0,0,0,999,0,0,0,3,3,6,2,42,0,0,0,1,36,12501,6,1,0,0,3,0,69,999,2,0,0,2,0,12,2009,4,2011,1,87,0,0,0,1,2,35,4,2,2,2,28,3,14,12,99,9,4,6,1,0
36,360805,1,1,2,27,10,4,50,8,0,1,0,36,3,86,882,86882,63,1999,1M2K185C2XM0,1,M,2,K,1,8,5,C,2,X,M,0,0,T,MACK,MR6,TB,99,17,,8,0,0,600,D,,,6,728,,,,,00000,00,,64,0,99,999999999,99999999999,3,2,4,1,0,0,0,0,0,0,0,25,0,0,0,98,98,9,1,8,0,0,0,1,36,11207,6,1,6,1,3,0,73,999,0,1,0,0,0,7,2009,7,2009,0,0,0,0,0,1,4,30,1,1,2,98,0,0,99,80,7,1,2,13,0,0
36,360806,1,2,2,27,10,16,44,12,6,1,0,95,2,7,39,7039,2,1995,999999999999,9,9,9,9,9,9,9,9,9,9,9,9,0,,,,,,,,,,,,,,,,,,,,,,,,,0,0,000000000,00000000000,0,0,0,1,0,0,0,0,0,0,0,999,0,0,0,9,9,6,2,12,0,0,0,1,95,0,9,9,99,9,9,9,999,999,99,99,99,99,99,99,9999,99,9999,0,39,0,0,0,1,2,40,2,6,2,2,20,3,11,15,99,1,1,82,1,0
36,360806,2,2,1,27,10,16,44,12,6,1,0,9,1,62,499,62499,19,1999,999999999999,9,9,9,9,9,9,9,9,9,9,9,9,0,,,,,,,,,,,,,,,,,,,,,,,,,0,0,000000000,00000000000,0,0,0,1,0,0,0,0,0,0,0,999,0,0,0,12,12,6,2,12,0,0,0,1,9,6804,6,1,0,0,3,3,72,999,98,0,0,0,0,0,0,0,0,0,0,0,0,0,1,2,40,3,6,2,2,0,0,14,67,99,1,1,83,0,0
36,360807,1,1,1,27,10,12,22,8,0,1,0,36,1,51,881,51881,66,2005,4V4NC9TJ05N3,4,V,4,N,C,9,T,J,0,5,N,3,1,T,VOLV,VNL,TR,5,17,,8,0,0,VVN,D,,,6,915,,,,,00000,00,,64,1,57,1623308,571623308,3,6,1,1,0,0,0,0,0,0,0,1,0,0,0,12,12,0,1,8,0,0,0,1,36,14120,6,1,6,0,3,0,68,999,1,0,0,0,0,1,2010,1,2010,0,0,0,0,0,1,2,30,1,1,2,2,3,3,1,80,99,1,1,13,0,0
36,360808,1,2,0,9,9,11,58,12,1,1,0,36,6,12,461,12461,21,1994,1FTHE24YXRHB,1,F,T,H,E,2,4,Y,X,R,H,B,0,T,FORD,25V,CG,94,17,,2,0,1380,VAN,G,,,6,300,,,,C,5067,00,B,42,0,0,000000000,00000000000,0,0,0,1,0,0,0,0,0,0,0,0,0,0,0,6,6,6,2,12,0,0,0,0,0,99997,7,6,97,7,6,7,998,997,998,998,998,998,998,98,9998,98,9998,8,20,0,0,0,3,3,99,1,2,2,1,0,0,0,53,0,0,0,98,0,0
36,360808,2,2,1,9,9,11,58,12,1,1,0,34,3,84,999,84999,99,9999,999999999999,9,9,9,9,9,9,9,9,9,9,9,9,1,,,,,,,,,,,,,,,,,,,,,,,,,1,99,999999999,99999999999,9,99,99,1,0,0,0,0,0,0,0,999,0,0,0,12,12,6,2,8,0,0,0,1,36,11235,6,1,6,0,3,0,67,999,1,0,0,0,0,8,2011,8,2011,0,0,0,0,0,3,3,99,1,2,2,1,0,0,1,50,99,1,1,98,0,0
36,360809,1,2,2,27,10,17,39,12,6,1,0,36,2,37,402,37402,14,2006,SHSRD78566U4,S,H,S,R,D,7,8,5,6,6,U,4,0,P,HOND,CRV,UT,6,17,3428,,0,1033,,G,,F,4,146,,,16R215,,,,,,0,0,000000000,00000000000,0,0,0,1,0,0,0,0,0,0,0,999,0,0,0,9,9,6,2,12,0,0,0,1,36,12010,6,1,0,0,3,0,66,999,0,0,0,0,0,0,0,0,0,0,28,27,0,0,3,2,99,1,1,2,2,3,3,15,10,99,1,2,47,1,0
36,360809,2,2,1,27,10,17,39,12,6,1,0,36,1,7,482,7482,31,2001,1B7HF16Z71S1,1,B,7,H,F,1,6,Z,7,1,S,1,0,T,DODG,150,PK,1,17,,2,1347,1187,RPC,G,,,8,360,,,,B,4573,01,U,44,0,0,000000000,00000000000,0,0,0,1,0,0,0,0,0,0,0,999,0,0,0,12,12,6,2,12,0,0,0,1,36,12070,6,1,0,0,2,2,64,999,0,0,0,0,0,0,0,0,0,0,74,0,0,0,3,2,99,1,1,2,2,3,3,1,60,99,1,1,45,0,0
36,360810,1,1,1,8,10,16,0,8,0,1,0,36,2,12,461,12461,21,2001,1FTNE24241HB,1,F,T,N,E,2,4,2,4,1,H,B,0,T,FORD,25V,CG,1,17,,2,0,1380,VAN,G,,,6,256,,,,C,5012,02,E,42,0,0,000000000,00000000000,0,0,0,1,0,0,0,0,0,0,0,999,0,0,0,12,12,2,1,8,0,0,0,1,24,20707,6,1,0,0,3,0,72,195,0,0,0,0,0,0,0,0,0,0,38,0,0,0,3,4,99,1,1,2,1,3,3,11,80,99,1,1,13,0,0
36,360811,1,1,1,18,10,19,21,9,0,1,1,99,9,99,999,99999,99,9999,999999999999,9,9,9,9,9,9,9,9,9,9,9,9,0,,,,,,,,,,,,,,,,,,,,,,,,,0,0,000000000,00000000000,0,0,0,1,0,0,0,0,0,0,0,999,0,0,0,12,12,2,1,9,0,0,0,1,99,99999,9,9,99,9,9,9,999,999,99,99,99,99,99,99,9999,99,9999,0,0,0,0,0,1,4,99,1,1,2,1,0,0,1,83,99,1,1,13,0,0
36,360812,1,1,3,28,8,1,11,42,0,1,0,36,2,24,7,24007,4,2004,1G8AZ52F64Z1,1,G,8,A,Z,5,2,F,6,4,Z,1,0,P,STRN,SI2,4D,4,17,2741,,0,1032,,G,,F,4,134,,,15R195,,,,,,0,0,000000000,00000000000,0,0,0,1,0,0,0,0,0,0,0,999,0,0,0,63,63,6,2,42,0,0,0,1,36,14411,6,1,0,0,3,3,65,999,0,0,0,0,0,0,0,0,0,1,92,0,0,0,1,2,55,1,2,2,1,0,0,1,6,99,3,4,7,1,1
36,360813,1,1,1,28,10,1,32,17,0,1,0,36,1,12,481,12481,31,2008,1FTPX14V08FC,1,F,T,P,X,1,4,V,0,8,F,C,0,T,FORD,F15,4C,8,17,,2,1630,1330,COF,F,,,8,329,,,,B,5176,06,E,44,0,0,000000000,00000000000,0,0,0,1,0,0,0,0,0,0,0,999,0,1,5,12,13,6,2,1,0,0,0,1,36,14219,6,1,6,1,3,0,69,999,0,0,0,0,0,0,0,0,0,1,0,0,0,0,1,2,45,1,1,2,1,21,3,1,98,1,1,4,12,1,1
36,360814,1,1,2,26,10,12,0,59,0,1,0,36,1,55,35,55035,4,2005,KMHDN46D85U1,K,M,H,D,N,4,6,D,8,5,U,1,0,P,HYUN,EST,4D,5,17,2635,,0,1027,,G,,F,4,121,,,15R195,,,,,,0,0,000000000,00000000000,0,0,0,1,0,0,0,0,0,0,0,999,0,0,0,12,12,6,2,42,0,0,0,1,36,11507,6,1,0,0,3,3,66,999,0,0,0,0,0,0,0,0,0,0,0,0,0,0,1,2,99,1,1,2,1,0,0,1,13,99,1,4,1,1,0
36,360815,1,1,1,28,10,8,30,8,0,1,0,36,3,12,461,12461,21,2010,1FTNE2EW1ADA,1,F,T,N,E,2,E,W,1,A,D,A,0,T,FORD,25V,CG,10,17,,2,0,1380,VAN,G,,,8,281,,,,C,5080,00,E,42,0,0,000000000,00000000000,0,0,0,1,0,0,0,0,0,0,0,999,0,0,0,12,12,2,1,8,0,0,0,1,36,11218,6,1,0,0,3,0,65,999,1,0,0,0,1,1,2010,1,2010,0,86,38,0,0,4,4,99,1,1,2,1,0,0,11,80,1,1,2,13,0,0
36,360816,1,1,1,28,10,6,38,8,0,1,0,36,1,6,43,6043,2,1999,4C3AU52NXXE0,4,C,3,A,U,5,2,N,X,X,E,0,0,P,CHRY,SLI,CP,99,17,3093,,0,1037,,G,,F,6,152,,,17R215,,,,,,0,0,000000000,00000000000,0,0,0,1,0,0,0,0,0,0,0,999,0,0,0,9,9,6,2,8,0,0,0,1,36,13865,6,1,0,0,3,0,59,999,0,0,0,0,0,0,0,0,0,0,87,0,0,0,3,2,65,1,1,2,3,0,0,1,5,99,3,4,13,0,0
36,360817,1,1,1,28,10,1,35,8,0,1,1,99,9,99,999,99999,99,9999,999999999999,9,9,9,9,9,9,9,9,9,9,9,9,0,,,,,,,,,,,,,,,,,,,,,,,,,0,0,000000000,00000000000,0,0,0,1,0,0,0,0,0,0,0,999,0,0,0,99,99,9,1,8,0,0,0,1,99,99999,9,9,99,9,9,9,999,999,99,99,99,99,99,99,9999,99,9999,0,0,0,0,0,1,2,50,1,2,2,1,0,0,99,80,99,1,1,13,0,0
36,360818,1,2,1,28,10,19,26,12,2,1,0,36,1,10,45,10045,6,1993,JE3CB50G8PU0,J,E,3,C,B,5,0,G,8,P,U,0,0,P,EGIL,SLX,SW,93,17,2778,,0,992,,G,,F,4,143,,,14R205,,,,,,0,0,000000000,00000000000,0,0,0,1,0,0,0,0,0,0,0,999,0,0,0,12,12,6,2,12,0,0,0,1,36,12025,6,1,0,0,3,0,62,999,0,0,0,0,0,0,0,0,0,0,28,0,0,0,1,2,55,1,2,2,1,0,0,1,54,1,1,1,52,1,0
36,360818,2,2,2,28,10,19,26,12,2,1,0,33,1,35,47,35047,4,2006,999999999999,9,9,9,9,9,9,9,9,9,9,9,9,0,,,,,,,,,,,,,,,,,,,,,,,,,0,0,000000000,00000000000,0,0,0,1,0,0,0,0,0,0,0,999,0,0,0,12,12,6,2,12,0,0,0,1,33,3820,6,1,0,0,3,0,65,999,1,0,0,0,1,2,2011,8,2011,0,0,0,0,0,1,2,55,1,2,2,1,0,0,1,54,7,1,1,52,0,0
36,360819,1,1,1,29,10,7,30,24,0,1,0,36,1,48,34,48034,6,1996,4S3BG6857T79,4,S,3,B,G,6,8,5,7,T,7,9,0,P,SUBA,ULK,SW,96,17,3230,,0,1035,,G,,F,4,150,,,15R205,,,,,,0,0,000000000,00000000000,0,0,0,1,0,0,0,0,0,0,0,999,0,1,5,12,13,6,2,1,0,0,0,1,36,14560,6,1,0,0,3,3,72,999,0,0,0,0,0,0,0,0,0,0,83,0,0,0,1,2,55,1,2,2,1,0,0,1,87,6,1,4,8,1,0
36,360820,1,1,1,30,10,3,36,8,0,1,0,36,2,55,33,55033,4,2009,5NPET46C29H4,5,N,P,E,T,4,6,C,2,9,H,4,0,P,HYUN,SGL,4D,9,17,3292,,0,1074,,G,,F,4,144,,,16R215,,,,,,0,0,000000000,00000000000,0,0,0,1,0,0,0,0,0,0,0,999,0,0,0,12,12,2,3,8,0,0,0,1,36,11967,6,1,0,0,3,0,72,999,0,0,0,0,0,0,0,0,0,0,86,0,0,0,3,3,55,1,2,2,2,0,0,1,80,6,1,2,13,0,0
36,360821,1,1,1,28,10,18,50,8,0,1,1,36,2,7,472,7472,30,2000,1B7GG22X8YS7,1,B,7,G,G,2,2,X,8,Y,S,7,0,T,DODG,DAK,PC,0,17,,1,0,1309,DAK,G,,,6,239,,,,B,3926,00,U,44,0,0,000000000,00000000000,0,0,0,1,0,0,0,0,0,0,0,999,0,0,0,12,12,6,2,8,0,0,0,1,36,13843,1,1,0,0,2,2,70,999,0,2,0,1,0,12,2009,3,2010,0,74,0,0,0,1,2,30,1,1,2,2,0,0,1,80,99,1,1,13,0,0
36,360822,1,2,2,28,10,20,10,12,2,1,0,36,2,12,442,12442,20,2000,2FMZA524XYBC,2,F,M,Z,A,5,2,4,X,Y,B,C,0,T,FORD,WSE,ES,0,17,,1,0,1207,WIN,G,,,6,232,,,,B,4311,00,E,42,0,0,000000000,00000000000,0,0,0,1,0,0,0,0,0,0,0,999,0,0,0,12,12,6,2,12,0,0,0,1,36,11772,0,0,0,0,0,0,999,999,0,0,0,0,0,0,0,0,0,0,0,0,0,0,1,2,45,1,1,2,1,3,3,1,66,99,1,1,69,1,0