STATE,ST_CASE,VEH_NO,VE_FORMS,NUMOCCS,DAY,MONTH,HOUR,MINUTE,HARM_EV,MAN_COLL,UNITTYPE,HIT_RUN,REG_STAT,OWNER,MAKE,MODEL,MAK_MOD,BODY_TYP,MOD_YEAR,VIN,VIN_1,VIN_2,VIN_3,VIN_4,VIN_5,VIN_6,VIN_7,VIN_8,VIN_9,VIN_10,VIN_11,VIN_12,TOW_VEH,VINTYPE,VINMAKE,VINA_MOD,VIN_BT,VINMODYR,VIN_LNGT,VIN_WGT,WGTCD_TR,WHLBS_LG,WHLBS_SH,SER_TR,FUELCODE,MCYCL_DS,CARBUR,CYLINDER,DISPLACE,MCYCL_CY,MCYCL_WT,TIRE_SZE,TON_RAT,TRK_WT,TRKWTVAR,VIN_REST,WHLDRWHL,J_KNIFE,MCARR_I1,MCARR_I2,MCARR_ID,GVWR,V_CONFIG,CARGO_BT,HAZ_INV,HAZ_PLAC,HAZ_ID,HAZ_CNO,HAZ_REL,BUS_USE,SPEC_USE,EMER_USE,TRAV_SP,UNDERIDE,ROLLOVER,ROLINLOC,IMPACT1,IMPACT2,DEFORMED,TOWED,M_HARM,VEH_SC1,VEH_SC2,FIRE_EXP,DR_PRES,L_STATE,DR_ZIP,L_STATUS,L_TYPE,CDL_STAT,L_ENDORS,L_COMPL,L_RESTRI,DR_HGT,DR_WGT,PREV_ACC,PREV_SUS,PREV_DWI,PREV_SPD,PREV_OTH,FIRST_MO,FIRST_YR,LAST_MO,LAST_YR,SPEEDREL,DR_SF1,DR_SF2,DR_SF3,DR_SF4,VTRAFWAY,VNUM_LAN,VSPD_LIM,VALIGN,VPROFILE,VPAVETYP,VSURCOND,VTRAFCON,VTCONT_F,P_CRASH1,P_CRASH2,P_CRASH3,PCRASH4,PCRASH5,ACC_TYPE,DEATHS,DR_DRINK
36,360862,2,2,1,6,11,13,35,12,2,1,0,36,1,23,481,23481,31,2000,1GTEK19T5YE2,1,G,T,E,K,1,9,T,5,Y,E,2,0,T,GMC,NK1,3C,0,17,,2,1575,1435,SIE,G,,,8,325,,,,B,4621,02,U,44,0,0,000000000,00000000000,0,0,0,1,0,0,0,0,0,0,0,999,0,0,0,12,12,6,2,12,0,0,0,1,36,14094,6,1,0,0,3,0,74,999,0,0,0,0,0,0,0,0,0,0,0,0,0,0,1,2,55,1,2,2,1,0,0,1,66,99,1,1,91,0,0
36,360863,1,1,1,6,11,11,54,59,0,1,0,36,1,72,706,72706,80,1998,1HD1DDL13WY6,1,H,D,1,D,D,L,1,3,W,Y,6,0,M,HD,FHT,RS,98,17,,,,,,,1340,,2,,4,742,,,,,,,0,0,000000000,00000000000,0,0,0,1,0,0,0,0,0,0,0,999,0,0,0,12,12,6,2,59,0,0,0,1,36,14057,6,1,0,0,3,3,74,999,0,0,0,0,0,0,0,0,0,0,0,0,0,0,1,2,55,3,1,2,1,0,0,14,3,3,2,4,2,1,0
36,360864,1,1,1,7,11,7,9,34,0,1,0,36,1,22,441,22441,20,2002,1GMDX03E92D1,1,G,M,D,X,0,3,E,9,2,D,1,0,T,PONT,MON,ES,2,17,,1,0,1200,MON,G,,,6,207,,,,B,3942,00,K,42,0,0,000000000,00000000000,0,0,0,1,0,0,0,0,0,0,0,74,0,1,5,12,13,6,2,42,0,0,0,1,36,14548,6,1,0,0,3,0,71,999,1,0,0,0,1,5,2009,9,2009,0,0,0,0,0,1,2,55,2,1,2,1,0,0,14,12,99,9,4,6,1,0
36,360865,1,2,1,6,11,10,55,12,2,1,0,36,1,12,37,12037,4,2001,1FAFP34351W2,1,F,A,F,P,3,4,3,5,1,W,2,0,P,FORD,FSS,4D,1,17,2563,,0,1030,,G,,F,4,121,,,15R195,,,,,,0,0,000000000,00000000000,0,0,0,1,0,0,0,0,0,0,0,999,0,0,0,12,12,6,2,12,0,0,0,1,36,11691,6,1,0,0,3,3,64,999,0,0,0,0,0,0,0,0,0,0,38,0,0,0,3,2,40,1,1,2,1,3,3,11,15,99,1,1,68,1,0
36,360865,2,2,1,6,11,10,55,12,2,1,0,36,3,35,443,35443,20,1995,4N2DN11W0SD8,4,N,2,D,N,1,1,W,0,S,D,8,0,P,NISS,QST,SV,95,17,3745,,0,1122,,G,,T,6,181,,,15R205,,,,,,0,0,000000000,00000000000,0,0,0,1,0,0,0,0,0,0,0,999,0,0,0,12,12,6,2,12,0,0,0,1,36,11691,6,1,0,0,3,0,66,999,0,0,0,0,0,0,0,0,0,0,0,0,0,0,3,2,40,1,1,2,1,3,3,1,67,99,1,1,69,0,0
36,360866,1,3,1,7,11,10,56,12,2,1,0,36,1,7,472,7472,30,1997,1B7GG23X1VS3,1,B,7,G,G,2,3,X,1,V,S,3,0,T,DODG,DAK,PC,97,17,,1,0,1309,DAK,G,,,6,239,,,,B,3937,00,E,44,0,0,000000000,00000000000,0,0,0,1,0,0,0,0,0,0,0,43,0,0,0,12,12,6,2,12,0,0,0,1,36,12859,6,1,0,0,3,3,68,999,0,0,0,0,0,0,0,0,0,0,0,0,0,0,1,2,55,1,1,2,1,0,0,1,62,99,1,1,51,0,0
36,360866,2,3,1,7,11,10,56,12,2,1,0,36,1,22,22,22022,4,2006,1G2ZG5580641,1,G,2,Z,G,5,5,8,0,6,4,1,0,P,PONT,GS1,4D,6,17,3419,,0,1123,,G,,F,6,214,,,16R215,,,,,,0,0,000000000,00000000000,0,0,0,1,0,0,0,0,0,0,0,56,0,0,0,12,12,6,2,12,0,0,0,1,36,12859,6,1,0,0,3,0,72,999,0,0,0,0,0,0,0,0,0,0,0,0,0,0,1,2,55,1,1,2,1,0,0,1,10,99,1,2,50,1,0
36,360866,3,3,1,7,11,10,56,12,2,1,0,36,2,14,401,14401,14,2004,4M2DU86W34ZJ,4,M,2,D,U,8,6,W,3,4,Z,J,0,P,MERC,MOU,UT,4,17,4433,,0,1138,,G,,F,8,281,,,16R235,,,,,,0,0,000000000,00000000000,0,0,0,1,0,0,0,0,0,0,0,999,0,0,0,82,82,2,1,12,0,0,0,1,36,12835,6,1,0,0,3,0,66,999,0,0,0,0,1,4,2009,4,2009,0,0,0,0,0,1,2,55,1,1,2,1,0,0,1,50,6,1,2,98,0,0
36,360867,1,3,2,7,11,22,13,12,1,1,0,36,2,54,31,54031,3,1991,JH4DA9396MS0,J,H,4,D,A,9,3,9,6,M,S,0,0,P,ACUR,ISS,2H,91,17,0,,0,1004,,G,,F,4,112,,,15R195,,,,,,0,0,000000000,00000000000,0,0,0,1,0,0,0,0,0,0,0,0,0,0,0,6,6,6,2,12,0,0,0,1,36,11520,6,1,0,0,3,0,69,999,0,0,0,0,0,0,0,0,0,0,80,0,0,0,3,3,55,1,1,2,1,0,0,5,53,1,1,1,21,1,0
36,360867,2,3,1,7,11,22,13,12,1,1,0,36,2,13,1,13001,4,2005,1LNHM81W05Y6,1,L,N,H,M,8,1,W,0,5,Y,6,0,P,LINC,SIG,4D,5,17,4359,,0,1177,,G,,F,8,281,,,17R225,,,,,,0,0,000000000,00000000000,0,0,0,1,0,0,0,0,0,0,0,999,0,0,0,12,12,6,2,12,0,0,0,1,36,11752,6,1,0,0,3,0,69,999,0,0,0,1,0,4,2010,4,2010,0,0,0,0,0,3,3,55,1,1,2,1,0,0,1,50,99,1,1,20,0,0
36,360867,3,3,2,7,11,22,13,12,1,1,0,36,1,13,1,13001,4,2004,1LNHM81W94Y6,1,L,N,H,M,8,1,W,9,4,Y,6,0,P,LINC,EXS,4D,4,17,4359,,0,1177,,G,,F,8,281,,,000000,,,,,,0,0,000000000,00000000000,0,0,0,1,0,0,0,0,0,0,0,999,0,0,0,12,12,6,2,12,0,0,0,1,36,11566,6,1,0,0,3,3,68,999,0,0,0,0,0,0,0,0,0,0,0,0,0,0,3,3,55,1,1,2,1,0,0,1,61,99,1,1,98,0,0
36,360868,1,3,1,8,11,14,44,12,2,1,0,36,2,51,401,51401,14,2004,YV1CZ59H9410,Y,V,1,C,Z,5,9,H,9,4,1,0,0,P,VOLV,XC9,UT,4,17,4493,,0,1125,,G,,T,5,153,,,17R235,,,,,,0,0,000000000,00000000000,0,0,0,1,0,0,0,0,0,0,0,999,0,0,0,12,12,6,2,12,0,0,0,1,36,10990,6,1,0,0,3,0,66,999,0,0,0,0,0,0,0,0,0,0,0,0,0,0,1,2,55,1,2,2,1,0,0,1,10,99,1,2,50,1,0
36,360868,2,3,1,8,11,14,44,12,2,1,0,36,1,6,441,6441,20,2011,2A4RR8DG6BR7,2,A,4,R,R,8,D,G,6,B,R,7,0,P,CHRY,TWC,SV,11,17,4507,,0,1212,,F,,F,6,220,,,17R225,,,,,,0,0,000000000,00000000000,0,0,0,1,0,0,0,0,0,0,0,999,0,0,0,12,12,6,2,12,0,0,0,1,36,10990,6,1,0,0,3,3,73,999,0,0,0,0,0,0,0,0,0,0,0,0,0,0,1,2,55,1,2,2,1,0,0,1,62,99,1,1,51,1,0
36,360868,3,3,1,8,11,14,44,12,2,1,0,36,2,49,40,49040,4,2003,4T1BE32K83U7,4,T,1,B,E,3,2,K,8,3,U,7,0,P,TOYT,UXS,4D,3,17,2993,,0,1071,,G,,F,4,144,,,15R205,,,,,,0,0,000000000,00000000000,0,0,0,1,0,0,0,0,0,0,0,999,0,0,0,12,12,6,2,12,0,0,0,1,36,10990,6,1,0,0,3,0,62,999,0,1,0,0,4,1,2009,2,2011,0,0,0,0,0,1,2,55,1,2,2,1,0,0,1,62,6,1,2,98,0,0
36,360869,1,1,1,8,11,10,51,25,0,1,0,36,2,18,401,18401,14,2005,3G5DA03EX5S5,3,G,5,D,A,0,3,E,X,5,S,5,0,P,BUIC,RZV,UT,5,17,4096,,0,1122,,G,,F,6,207,,,16R215,,,,,,0,0,000000000,00000000000,0,0,0,1,0,0,0,0,0,0,0,999,0,1,3,1,1,6,2,1,0,0,0,1,36,14450,6,1,0,0,3,3,63,999,1,0,0,0,2,7,2010,8,2011,0,0,0,0,0,3,4,55,1,1,2,1,0,0,1,11,99,1,4,1,1,0
36,360870,1,2,2,5,11,4,32,12,6,1,0,36,1,20,37,20037,4,1998,1G1ND52M1W61,1,G,1,N,D,5,2,M,1,W,6,1,0,P,CHEV,MAL,4D,98,17,3100,,0,1070,,G,,F,6,191,,,15R215,,,,,,0,0,000000000,00000000000,0,0,0,1,0,0,0,0,0,0,0,999,0,0,0,81,81,6,2,12,0,0,0,1,36,14564,6,1,0,0,3,0,67,999,0,0,0,1,0,7,2009,7,2009,0,0,0,0,0,1,5,45,1,1,2,1,3,3,11,15,99,1,1,68,1,0
36,360870,2,2,4,5,11,4,32,12,6,1,0,36,1,20,481,20481,31,2008,2GCEK19J6813,2,G,C,E,K,1,9,J,6,8,1,3,0,T,CHEV,SK1,4C,8,17,,2,1575,1339,SIL,G,,,8,323,,,,B,5226,02,,44,0,0,000000000,00000000000,0,0,0,1,0,0,0,0,0,0,0,48,0,0,0,12,12,6,2,12,0,0,0,1,36,14487,6,1,0,0,3,0,72,999,2,0,0,0,1,4,2009,9,2010,1,92,0,0,0,1,5,45,1,1,2,1,3,3,1,62,99,1,1,69,0,0
36,360871,1,1,1,4,11,23,30,8,0,1,0,36,1,49,40,49040,4,2007,4T1BK46K97U0,4,T,1,B,K,4,6,K,9,7,U,0,0,P,TOYT,CJS,4D,7,17,3164,,0,1093,,G,,F,6,214,,,15R205,,,,,,0,0,000000000,00000000000,0,0,0,1,0,0,0,0,0,0,0,999,0,0,0,12,12,6,2,8,0,0,0,1,36,11203,6,1,0,0,3,0,67,999,0,0,0,0,1,6,2009,6,2009,0,0,0,0,0,1,4,30,1,1,2,1,0,0,1,80,99,1,1,13,0,0
36,360872,1,1,1,8,7,23,23,15,0,1,1,36,1,34,37,34037,4,2010,WBAKC8C58AC4,W,B,A,K,C,8,C,5,8,A,C,4,0,P,BMW,7LX,4D,10,17,4861,,0,1264,,G,,T,8,268,,,18R245,,,,,,0,0,000000000,00000000000,0,0,0,1,0,0,0,0,0,0,0,49,0,0,0,12,12,6,2,15,0,0,0,1,36,14068,6,1,0,0,3,0,71,999,0,0,0,0,0,0,0,0,0,1,91,0,0,0,1,2,35,1,1,2,1,0,0,1,83,99,1,4,13,0,1
36,360873,1,1,1,9,11,11,44,11,0,1,0,36,1,73,706,73706,80,2003,JKBVNAE123A1,J,K,B,V,N,A,E,1,2,3,A,1,0,M,KAWK,V5E,RS,3,17,,,,,,,1500,,2,,4,644,,,,,,,0,0,000000000,00000000000,0,0,0,1,0,0,0,0,0,0,0,35,0,0,0,7,7,6,2,11,0,0,0,1,36,13440,6,1,0,0,3,0,74,999,0,0,0,0,0,0,0,0,0,0,83,0,0,0,1,2,40,1,1,2,1,0,0,1,87,99,1,1,13,1,0
36,360874,1,1,1,8,11,15,45,42,0,1,0,36,2,18,7,18007,4,1995,1G4AG55M6S64,1,G,4,A,G,5,5,M,6,S,6,4,0,P,BUIC,CSP,4D,95,17,2986,,0,1049,,G,,F,6,191,,,14R185,,,,,,0,0,000000000,00000000000,0,0,0,1,0,0,0,0,0,0,0,999,0,0,0,9,9,6,2,42,0,0,0,1,36,14058,6,1,0,0,3,3,64,999,0,0,0,0,0,0,0,0,0,0,0,0,0,0,1,2,55,1,1,2,1,0,0,1,12,7,7,4,7,1,0
36,360875,1,2,1,9,11,12,23,12,8,1,0,36,3,7,482,7482,31,2008,1D7HA16K58J1,1,D,7,H,A,1,6,K,5,8,J,1,0,T,DODG,S1T,PK,8,17,,2,1605,1405,RPC,G,,,6,225,,,,B,4514,00,E,42,0,0,000000000,00000000000,0,0,0,1,0,0,0,0,0,0,0,999,0,0,0,11,12,6,2,12,0,0,0,1,36,13754,6,1,0,0,3,0,74,999,0,0,0,0,0,0,0,0,0,0,0,0,0,0,1,2,55,4,1,2,1,28,3,14,54,99,1,2,64,1,0
36,360875,2,2,1,9,11,12,23,12,8,1,0,42,3,82,881,82881,66,2005,1FVJA6CK95LV,1,F,V,J,A,6,C,K,9,5,L,V,1,T,FRHT,COL,TR,5,17,,8,0,0,CON,D,,,6,858,,,,,00000,00,,64,1,57,1162964,571162964,3,6,97,1,0,0,0,0,0,0,0,999,0,0,0,11,11,6,2,12,0,0,0,1,42,17844,6,1,6,1,3,3,73,999,0,0,0,0,0,0,0,0,0,0,21,0,0,0,1,2,55,4,1,2,1,28,3,14,10,99,1,2,65,0,0
36,360876,1,1,1,10,11,16,1,8,0,1,0,36,1,7,442,7442,20,2005,2D4GP24R95R1,2,D,4,G,P,2,4,R,9,5,R,1,0,T,DODG,GCS,ES,5,17,,1,0,1193,CAR,G,,,6,201,,,,,3867,00,E,42,0,0,000000000,00000000000,0,0,0,1,0,0,0,0,0,0,0,999,0,0,0,11,11,2,1,8,0,0,0,1,36,12803,6,1,0,0,3,3,65,999,0,0,0,0,0,0,0,0,0,0,0,0,0,0,1,4,40,1,1,2,1,3,3,1,80,99,1,1,13,0,0
36,360877,1,1,1,9,11,20,18,8,0,1,0,36,1,12,24,12024,6,2010,2FMDK3JC8ABA,2,F,M,D,K,3,J,C,8,A,B,A,0,P,FORD,EDG,UT,10,17,4078,,0,1112,,G,,F,6,214,,,18R245,,,,,,0,0,000000000,00000000000,0,0,0,1,0,0,0,0,0,0,0,999,0,0,0,12,12,2,3,8,0,0,0,1,36,11710,6,1,0,0,3,0,65,999,0,0,0,0,0,0,0,0,0,0,0,0,0,0,5,4,40,1,1,2,1,0,0,1,80,99,1,1,13,0,0
36,360878,1,1,2,11,11,9,51,38,0,1,0,36,1,20,481,20481,31,2004,1GCEK14T64Z2,1,G,C,E,K,1,4,T,6,4,Z,2,0,T,CHEV,SK1,PK,4,17,,2,1330,1190,SIL,G,,,8,325,,,,B,4436,00,,44,0,0,000000000,00000000000,0,0,0,1,0,0,0,0,0,0,0,999,0,1,6,12,13,6,2,3,0,0,0,1,36,14530,6,1,0,0,3,0,71,999,0,0,0,0,0,0,0,0,0,0,0,0,0,0,1,2,30,1,2,2,1,0,0,1,13,99,9,4,1,2,0
36,360879,1,2,1,11,9,8,33,12,6,1,0,13,2,7,442,7442,20,2005,1D4GP25R65B1,1,D,4,G,P,2,5,R,6,5,B,1,0,P,DODG,CAR,SV,5,17,3725,,0,1133,,G,,F,6,201,,,15R215,,,,,,0,0,000000000,00000000000,0,0,0,1,0,0,0,0,0,0,0,999,0,0,0,9,9,6,2,12,0,0,0,1,13,30024,6,1,0,0,3,0,68,999,98,0,0,0,0,0,0,0,0,0,39,0,0,0,1,4,30,1,1,2,1,3,3,1,17,99,1,1,89,1,1
36,360879,2,2,1,11,9,8,33,12,6,1,0,36,1,45,421,45421,15,2006,WP1AB29P46LA,W,P,1,A,B,2,9,P,4,6,L,A,0,P,PORS,POR,UT,6,17,5688,,0,1124,,G,,F,8,275,,,18R255,,,,,,0,0,000000000,00000000000,0,0,0,1,0,0,0,0,0,0,0,999,0,0,0,12,12,6,2,12,0,0,0,1,36,10461,6,1,0,0,3,3,67,999,0,0,0,0,0,0,0,0,0,0,0,0,0,0,1,4,30,1,1,2,1,3,3,1,66,99,1,1,88,0,0
36,360880,1,1,2,10,11,23,54,8,0,1,0,34,2,14,401,14401,14,2002,4M2DU86W42ZJ,4,M,2,D,U,8,6,W,4,2,Z,J,0,P,MERC,MOU,UT,2,17,4410,,0,1138,,G,,F,8,281,,,16R245,,,,,,0,0,000000000,00000000000,0,0,0,1,0,0,0,0,0,0,0,999,0,0,0,12,12,2,1,8,0,0,0,1,34,7702,6,1,6,1,3,3,70,999,0,0,0,1,1,5,2009,11,2011,0,0,0,0,0,3,3,99,1,1,2,2,3,3,1,80,99,1,1,13,0,0
36,360881,1,1,1,11,11,18,20,8,0,1,0,36,1,48,34,48034,6,1997,4S3BG6853V76,4,S,3,B,G,6,8,5,3,V,7,6,0,P,SUBA,UKK,SW,97,17,3155,,0,1035,,G,,F,4,150,,,15R205,,,,,,0,0,000000000,00000000000,0,0,0,1,0,0,0,0,0,0,0,999,0,0,0,12,12,6,2,8,0,0,0,1,36,10512,6,1,0,0,3,0,68,999,2,0,0,0,0,3,2011,8,2011,0,92,0,0,0,1,2,55,1,1,2,1,0,0,1,80,99,1,1,13,0,0
36,360882,1,1,1,30,10,22,19,8,0,1,1,99,9,19,999,19999,49,9999,999999999999,9,9,9,9,9,9,9,9,9,9,9,9,9,,,,,,,,,,,,,,,,,,,,,,,,,0,0,000000000,00000000000,0,0,0,1,0,0,0,0,0,0,0,999,0,0,0,99,99,9,1,8,0,0,0,1,99,99999,9,9,99,9,9,9,999,999,99,99,99,99,99,99,9999,99,9999,9,0,0,0,0,4,1,30,1,1,2,1,0,0,1,80,99,1,1,13,0,0
36,360883,1,1,1,11,11,9,10,8,0,1,0,42,2,7,402,7402,14,2002,1B4HS48N42F1,1,B,4,H,S,4,8,N,4,2,F,1,0,P,DODG,DUR,UT,2,17,4595,,0,1160,,G,,F,8,287,,,16R215,,,,,,0,0,000000000,00000000000,0,0,0,1,0,0,0,0,0,0,0,999,0,0,0,99,99,9,9,8,0,0,0,1,42,19601,6,1,0,0,3,0,62,999,0,0,0,0,0,0,0,0,0,0,92,0,0,0,3,3,99,1,1,2,1,3,3,11,80,99,1,9,13,0,0
36,360884,1,1,1,13,11,1,2,33,0,1,0,36,2,19,18,19018,4,2006,1G6DP5778601,1,G,6,D,P,5,7,7,8,6,0,1,0,P,CADI,HF6,4D,6,17,3509,,0,1134,,G,,F,6,220,,,16R225,,,,,,0,0,000000000,00000000000,0,0,0,1,0,0,0,0,0,0,0,999,0,1,4,2,13,6,2,1,0,0,0,1,36,14075,6,1,0,0,3,0,71,999,0,0,0,0,0,0,0,0,0,1,0,0,0,0,1,2,35,4,1,2,1,0,0,1,13,1,1,4,15,1,0
36,360885,1,1,1,13,11,2,4,42,0,1,0,42,1,34,35,34035,4,2000,WBADM6344YGU,W,B,A,D,M,6,3,4,4,Y,G,U,0,P,BMW,52A,4D,0,17,3549,,0,1114,,G,,F,6,170,,,15R225,,,,,,0,0,000000000,00000000000,0,0,0,1,0,0,0,0,0,0,0,999,0,0,0,9,9,6,2,2,0,0,1,1,42,19601,6,1,0,0,3,0,68,999,0,0,0,0,0,0,0,0,0,1,0,0,0,0,6,1,99,1,1,2,1,0,0,1,13,1,1,4,1,1,0
36,360886,1,1,1,13,11,4,40,1,0,1,0,36,2,7,482,7482,31,1999,3B7HF12Y5XG1,3,B,7,H,F,1,2,Y,5,X,G,1,0,T,DODG,150,PC,99,17,,2,1547,1387,RPC,G,,,8,318,,,,B,4878,01,U,44,0,0,000000000,00000000000,0,0,0,1,0,0,0,0,0,0,0,999,0,2,1,0,13,6,2,1,0,0,0,1,36,14215,6,1,0,0,3,0,67,999,0,1,0,0,1,6,2009,6,2009,9,0,0,0,0,1,4,30,1,1,2,1,0,0,1,9,99,7,3,98,1,1
36,360887,1,1,1,13,11,2,13,42,0,1,0,36,2,7,43,7043,4,2001,1B3EJ46X61N6,1,B,3,E,J,4,6,X,6,1,N,6,0,P,DODG,SSE,4D,1,17,3151,,0,1080,,G,,F,4,148,,,15R205,,,,,,0,0,000000000,00000000000,0,0,0,1,0,0,0,0,0,0,0,999,0,0,0,11,11,6,2,42,0,0,0,1,36,13787,6,1,0,0,3,0,70,999,0,0,0,0,1,9,2009,9,2009,0,0,0,0,0,1,2,55,1,1,2,1,0,0,1,13,99,3,4,2,1,1
36,360888,1,1,1,15,11,19,35,8,0,1,0,36,1,35,39,35039,4,1998,JN1CA21D9WT5,J,N,1,C,A,2,1,D,9,W,T,5,0,P,NISS,MGS,4D,98,17,3026,,0,1063,,G,,F,6,182,,,15R205,,,,,,0,0,000000000,00000000000,0,0,0,1,0,0,0,0,0,0,0,29,0,0,0,12,12,2,1,8,0,0,0,1,36,11427,6,1,0,0,3,3,63,999,0,0,0,0,0,0,0,0,0,0,86,0,0,0,1,6,30,1,1,2,2,0,0,1,80,1,1,1,13,0,0
36,360889,1,1,1,15,11,8,20,18,0,1,0,36,2,7,461,7461,21,2002,2B5WB35Y32K1,2,B,5,W,B,3,5,Y,3,2,K,1,0,P,DODG,RMW,SV,2,17,5374,,0,1272,,G,,F,8,318,,,000000,,,,,,0,0,000000000,00000000000,0,0,0,1,0,0,0,0,0,0,0,999,0,0,0,12,12,6,2,18,0,0,0,1,36,11575,6,1,0,0,3,3,68,999,0,0,0,0,0,0,0,0,0,0,0,0,0,0,1,2,99,1,1,2,1,0,0,1,13,99,1,4,1,1,0
36,360890,1,1,2,15,11,14,26,33,0,1,0,36,2,12,402,12402,14,2008,1FMCU93Z88KC,1,F,M,C,U,9,3,Z,8,8,K,C,0,P,FORD,SPE,UT,8,17,3465,,0,1031,,G,,F,4,140,,,16R235,,,,,,0,0,000000000,00000000000,0,0,0,1,0,0,0,0,0,0,0,999,0,0,0,12,12,6,2,42,0,0,0,1,36,13904,6,1,0,0,3,0,63,999,0,0,0,0,0,0,0,0,0,0,0,0,0,0,1,2,35,4,2,2,2,0,0,14,12,1,1,4,6,1,0
36,360891,1,1,1,16,11,14,47,24,0,1,0,36,1,37,31,37031,4,1999,1HGEJ6576XL0,1,H,G,E,J,6,5,7,6,X,L,0,0,P,HOND,UCL,4D,99,17,2410,,0,1032,,G,,F,4,097,,,14R185,,,,,,0,0,000000000,00000000000,0,0,0,1,0,0,0,0,0,0,0,999,0,0,0,11,11,6,2,30,0,0,0,1,36,12571,6,1,0,0,3,3,70,999,2,0,0,0,0,1,2011,6,2011,1,0,0,0,0,1,2,55,4,1,2,2,28,3,14,6,99,2,4,2,1,0
36,360892,1,1,2,15,11,16,45,8,0,1,0,36,1,14,17,14017,4,1997,1MELM50U7VA6,1,M,E,L,M,5,0,U,7,V,A,6,0,P,MERC,SGS,4D,97,17,3388,,0,1085,,G,,F,6,182,,,15R205,,,,,,0,0,000000000,00000000000,0,0,0,1,0,0,0,0,0,0,0,999,0,1,5,12,82,6,2,8,0,0,0,1,36,12972,6,2,0,0,3,0,71,999,0,0,0,0,1,11,2010,11,2010,0,0,0,0,0,1,2,55,1,1,2,1,0,0,1,80,99,1,1,13,2,0
36,360893,1,1,1,17,11,10,55,42,0,1,0,36,1,20,20,20020,4,1997,2G1WL52M9V11,2,G,1,W,L,5,2,M,9,V,1,1,0,P,CHEV,L/S,4D,97,17,3360,,0,1075,,G,,F,6,191,,,15R205,,,,,,0,0,000000000,00000000000,0,0,0,1,0,0,0,0,0,0,0,999,0,0,0,12,12,6,2,42,0,0,0,1,36,13329,6,1,0,0,3,3,63,999,0,0,0,0,0,0,0,0,0,0,0,0,0,0,1,2,55,1,1,2,1,0,0,1,12,1,1,4,6,1,0
36,360894,1,1,1,16,11,19,31,8,0,1,1,36,2,7,472,7472,30,1993,1B7GG23X2PS1,1,B,7,G,G,2,3,X,2,P,S,1,0,T,DODG,DAK,PC,93,17,,1,0,1309,DAK,G,,,6,239,,,,B,3829,01,A,44,0,0,000000000,00000000000,0,0,0,1,0,0,0,0,0,0,0,999,0,0,0,12,12,9,1,8,0,0,0,1,36,12306,1,1,0,0,2,2,70,999,0,3,0,0,0,12,2008,5,2010,1,39,74,0,0,1,4,30,1,2,2,2,3,3,1,80,99,1,1,13,0,0
36,360895,1,1,1,17,11,17,11,8,0,1,0,36,1,49,32,49032,4,1999,2T1BR12E2XC2,2,T,1,B,R,1,2,E,2,X,C,2,0,P,TOYT,UVL,4D,99,17,2414,,0,970,,G,,F,4,109,,,14R175,,,,,,0,0,000000000,00000000000,0,0,0,1,0,0,0,0,0,0,0,999,0,0,0,12,13,4,3,8,0,0,0,1,36,12095,6,1,0,0,3,0,76,999,0,0,0,0,0,0,0,0,0,0,86,0,0,0,1,2,55,1,1,2,1,0,0,1,80,1,1,1,13,0,0
36,360896,1,1,2,17,11,17,48,8,0,1,0,36,1,19,3,19003,4,1998,1G6KD54Y5WU7,1,G,6,K,D,5,4,Y,5,W,U,7,0,P,CADI,DFW,4D,98,17,4012,,0,1138,,G,,F,8,279,,,16R225,,,,,,0,0,000000000,00000000000,0,0,0,1,0,0,0,0,0,0,0,999,0,0,0,12,12,6,2,8,0,0,0,1,36,14011,6,1,6,0,3,0,68,999,0,0,0,0,0,0,0,0,0,0,0,0,0,0,1,2,35,1,1,2,3,28,3,1,80,99,1,1,13,0,0
36,360897,1,2,2,5,11,20,10,12,2,1,0,36,2,37,32,37032,4,2003,1HGCM56663A0,1,H,G,C,M,5,6,6,6,3,A,0,0,P,HOND,UEX,4D,3,17,3109,,0,1079,,G,,F,4,146,,,16R205,,,,,,0,0,000000000,00000000000,0,0,0,1,0,0,0,0,0,0,0,999,0,0,0,12,12,6,2,12,0,0,0,1,36,11787,6,1,0,0,3,3,64,999,0,0,0,0,0,0,0,0,0,0,0,0,0,0,1,2,45,1,1,2,1,0,0,1,67,1,1,1,83,1,0
36,360897,2,2,1,5,11,20,10,12,2,1,0,36,2,49,32,49032,4,2000,2T1BR12E0YC3,2,T,1,B,R,1,2,E,0,Y,C,3,0,P,TOYT,UVL,4D,0,17,2403,,0,970,,G,,F,4,109,,,14R175,,,,,,0,0,000000000,00000000000,0,0,0,1,0,0,0,0,0,0,0,999,0,0,0,12,12,6,2,12,0,0,0,1,36,11787,6,1,0,0,3,0,67,999,0,0,0,0,0,0,0,0,0,0,38,0,0,0,1,2,99,1,1,2,1,20,3,11,15,1,1,2,82,0,0
36,360898,1,2,1,17,11,17,18,12,2,1,0,36,1,14,6,14006,2,1995,1MELM62W1SH6,1,M,E,L,M,6,2,W,1,S,H,6,0,P,MERC,XR7,2D,95,17,3533,,0,1130,,G,,F,8,281,,,15R205,,,,,,0,0,000000000,00000000000,0,0,0,1,0,0,0,0,0,0,0,999,0,0,0,12,12,6,2,12,0,0,0,1,4,85215,6,1,0,0,3,0,70,999,0,0,0,0,0,0,0,0,0,0,0,0,0,0,1,4,40,1,1,1,2,0,0,1,10,99,1,2,50,1,0