STATE,ST_CASE,VEH_NO,VE_FORMS,NUMOCCS,DAY,MONTH,HOUR,MINUTE,HARM_EV,MAN_COLL,UNITTYPE,HIT_RUN,REG_STAT,OWNER,MAKE,MODEL,MAK_MOD,BODY_TYP,MOD_YEAR,VIN,VIN_1,VIN_2,VIN_3,VIN_4,VIN_5,VIN_6,VIN_7,VIN_8,VIN_9,VIN_10,VIN_11,VIN_12,TOW_VEH,VINTYPE,VINMAKE,VINA_MOD,VIN_BT,VINMODYR,VIN_LNGT,VIN_WGT,WGTCD_TR,WHLBS_LG,WHLBS_SH,SER_TR,FUELCODE,MCYCL_DS,CARBUR,CYLINDER,DISPLACE,MCYCL_CY,MCYCL_WT,TIRE_SZE,TON_RAT,TRK_WT,TRKWTVAR,VIN_REST,WHLDRWHL,J_KNIFE,MCARR_I1,MCARR_I2,MCARR_ID,GVWR,V_CONFIG,CARGO_BT,HAZ_INV,HAZ_PLAC,HAZ_ID,HAZ_CNO,HAZ_REL,BUS_USE,SPEC_USE,EMER_USE,TRAV_SP,UNDERIDE,ROLLOVER,ROLINLOC,IMPACT1,IMPACT2,DEFORMED,TOWED,M_HARM,VEH_SC1,VEH_SC2,FIRE_EXP,DR_PRES,L_STATE,DR_ZIP,L_STATUS,L_TYPE,CDL_STAT,L_ENDORS,L_COMPL,L_RESTRI,DR_HGT,DR_WGT,PREV_ACC,PREV_SUS,PREV_DWI,PREV_SPD,PREV_OTH,FIRST_MO,FIRST_YR,LAST_MO,LAST_YR,SPEEDREL,DR_SF1,DR_SF2,DR_SF3,DR_SF4,VTRAFWAY,VNUM_LAN,VSPD_LIM,VALIGN,VPROFILE,VPAVETYP,VSURCOND,VTRAFCON,VTCONT_F,P_CRASH1,P_CRASH2,P_CRASH3,PCRASH4,PCRASH5,ACC_TYPE,DEATHS,DR_DRINK
36,360936,1,1,1,29,11,22,59,58,0,1,0,36,1,20,16,20016,2,1997,1G1JC1240V73,1,G,1,J,C,1,2,4,0,V,7,3,0,P,CHEV,C/S,CP,97,17,2584,,0,1041,,G,,F,4,133,,,14R195,,,,,,0,0,000000000,00000000000,0,0,0,1,0,0,0,0,0,0,0,999,0,0,0,14,9,6,2,21,0,0,0,1,36,14141,6,1,0,0,3,0,73,999,2,0,0,0,0,2,2009,2,2009,1,0,0,0,0,3,2,65,1,6,2,2,0,0,1,6,1,3,4,2,1,0
36,360937,1,2,1,17,9,11,53,12,6,1,0,36,1,18,2,18002,4,1999,1G4HP52KXXH4,1,G,4,H,P,5,2,K,X,X,H,4,0,P,BUIC,LCF,4D,99,17,3443,,0,1108,,G,,F,6,231,,,15R205,,,,,,0,0,000000000,00000000000,0,0,0,1,0,0,0,0,0,0,0,999,0,0,0,10,10,6,2,12,0,0,0,1,36,11795,6,1,0,0,3,0,70,999,0,0,0,0,0,0,0,0,0,0,0,0,0,0,1,2,99,1,1,2,1,0,0,1,15,1,1,2,89,1,0
36,360937,2,2,1,17,9,11,53,12,6,1,0,36,2,12,3,12003,2,1998,1FAFP42X0WF2,1,F,A,F,P,4,2,X,0,W,F,2,0,P,FORD,MGT,CP,98,17,3278,,0,1013,,G,,F,8,281,,,16R225,,,,,,0,0,000000000,00000000000,0,0,0,1,0,0,0,0,0,0,0,999,0,0,0,12,12,6,2,12,0,0,0,1,36,11795,6,1,0,0,3,0,70,999,1,0,0,0,1,2,2009,12,2009,0,0,0,0,0,1,2,99,1,1,2,1,0,0,1,71,1,1,1,88,0,0
36,360938,1,2,1,27,11,21,14,12,2,1,0,36,1,37,703,37703,80,1986,JH2MC1306GK1,J,H,2,M,C,1,3,0,6,G,K,1,0,M,HOND,CMX,RS,86,17,,,,,,,250,,2,,4,300,,,,,,,0,0,000000000,00000000000,0,0,0,1,0,0,0,0,0,0,0,999,0,0,0,12,12,6,2,12,0,0,0,1,36,11754,6,1,0,0,3,0,67,999,0,0,0,1,0,6,2010,6,2010,0,0,0,0,0,5,2,40,1,1,2,1,0,0,1,62,99,1,1,69,1,0
36,360938,2,2,2,27,11,21,14,12,2,1,0,36,2,24,1,24001,4,1996,1G8ZK527XTZ3,1,G,8,Z,K,5,2,7,X,T,Z,3,0,P,STRN,SL2,4D,96,17,2350,,0,1024,,G,,F,4,116,,,15R185,,,,,,0,0,000000000,00000000000,0,0,0,1,0,0,0,0,0,0,0,999,0,0,0,12,12,6,2,12,0,0,0,1,36,11784,6,1,0,0,3,0,72,999,0,0,0,0,0,0,0,0,0,0,0,0,0,0,5,2,40,1,1,2,1,0,0,11,15,99,1,1,68,0,0
36,360939,1,1,1,2,10,16,45,8,0,1,0,36,1,37,32,37032,4,2004,1HGCM56364A1,1,H,G,C,M,5,6,3,6,4,A,1,0,P,HOND,ULX,4D,4,17,3113,,0,1079,,G,,F,4,146,,,15R205,,,,,,0,0,000000000,00000000000,0,0,0,1,0,0,0,0,0,0,0,999,0,0,0,12,12,2,3,8,0,0,0,1,36,11554,6,1,0,0,3,0,70,999,1,0,0,0,0,4,2009,4,2009,0,86,0,0,0,3,2,99,1,1,2,1,0,0,1,80,1,1,1,13,0,0
36,360940,1,2,2,26,11,0,7,12,1,1,0,36,3,76,998,76998,97,2008,999999999999,9,9,9,9,9,9,9,9,9,9,9,9,0,,,,,,,,,,,,,,,,,,,,,,,,,0,0,000000000,00000000000,0,0,0,1,0,0,0,0,0,0,0,999,0,0,0,6,6,6,2,12,0,0,0,1,36,14422,6,1,0,0,3,0,65,999,0,0,0,0,0,0,0,0,0,0,0,0,0,0,1,2,55,1,3,2,1,0,0,1,53,99,1,1,26,1,1
36,360940,2,2,1,26,11,0,7,12,1,1,0,36,1,20,36,20036,2,1999,2G1WW12M3X92,2,G,1,W,W,1,2,M,3,X,9,2,0,P,CHEV,MLS,CP,99,17,3306,,0,1075,,G,,F,6,191,,,15R205,,,,,,0,0,000000000,00000000000,0,0,0,1,0,0,0,0,0,0,0,999,0,0,0,12,12,6,2,12,0,0,0,1,36,14525,6,1,0,0,3,0,62,999,1,0,0,0,0,4,2010,4,2010,0,0,0,0,0,1,2,55,1,3,2,1,0,0,1,51,99,1,1,24,0,0
36,360941,1,4,1,30,7,16,40,12,1,1,0,36,1,72,709,72709,80,1976,999999999999,9,9,9,9,9,9,9,9,9,9,9,9,0,,,,,,,,,,,,,,,,,,,,,,,,,0,0,000000000,00000000000,0,0,0,1,0,0,0,0,0,0,0,999,0,0,0,12,12,6,2,12,0,0,0,1,36,10512,6,1,6,0,3,0,72,999,0,0,0,0,0,0,0,0,0,0,26,0,0,0,3,3,99,1,1,2,1,0,0,1,51,99,1,1,24,1,0
36,360941,2,4,3,30,7,16,40,12,1,1,0,36,2,37,31,37031,4,2004,2HGES26754H5,2,H,G,E,S,2,6,7,5,4,H,5,0,P,HOND,UAX,4D,4,17,2668,,0,1031,,G,,F,4,102,,,15R190,,,,,,0,0,000000000,00000000000,0,0,0,1,0,0,0,0,0,0,0,999,0,0,0,6,6,6,2,12,0,0,0,1,36,10467,6,1,0,0,3,0,74,999,0,1,0,0,1,8,2008,2,2009,0,0,0,0,0,3,3,99,1,1,2,1,0,0,1,53,99,1,1,25,0,0
36,360941,3,4,2,30,7,16,40,12,1,1,0,36,2,49,40,49040,4,2005,4T1BA32K35U5,4,T,1,B,A,3,2,K,3,5,U,5,0,P,TOYT,CSE,4D,5,17,3108,,0,1071,,G,,F,6,201,,,15R205,,,,,,0,0,000000000,00000000000,0,0,0,1,0,0,0,0,0,0,0,999,0,0,0,12,12,2,1,12,0,0,0,1,36,11228,6,1,0,0,3,0,62,999,0,0,0,0,0,0,0,0,0,0,0,0,0,0,3,3,99,1,1,2,1,0,0,1,51,6,1,2,98,0,0
36,360941,4,4,2,30,7,16,40,12,1,1,0,34,2,49,46,49046,4,2010,JTDKN3DUXA12,J,T,D,K,N,3,D,U,X,A,1,2,0,P,TOYT,PRI,4H,10,17,3042,,0,1063,,B,,F,4,110,,,15R195,,,,,,0,0,000000000,00000000000,0,0,0,1,0,0,0,0,0,0,0,999,0,0,0,12,11,2,1,12,0,0,0,1,34,7022,6,1,6,0,3,0,70,999,0,0,0,0,0,0,0,0,0,0,0,0,0,0,3,3,99,1,1,2,1,0,0,1,61,99,1,1,98,0,0
36,360942,1,2,1,4,9,13,50,12,1,1,0,36,2,53,709,53709,80,1994,JS1GR7BA1R21,J,S,1,G,R,7,B,A,1,R,2,1,0,M,SUZI,SR7,RC,94,17,,,,,,,749,,4,,4,438,,,,,,,0,0,000000000,00000000000,0,0,0,1,0,0,0,0,0,0,0,999,0,0,0,12,12,6,2,12,0,0,0,1,36,10472,6,1,0,0,3,0,67,999,0,0,0,0,0,0,0,0,0,0,26,52,0,0,3,3,99,1,1,2,1,0,0,1,51,1,1,1,24,1,0
36,360942,2,2,2,4,9,13,50,12,1,1,0,36,1,54,421,54421,15,2009,2HNYD28609H5,2,H,N,Y,D,2,8,6,0,9,H,5,0,P,ACUR,MDX,UT,9,17,4559,,0,1083,,G,,F,6,226,,,18R255,,,,,,0,0,000000000,00000000000,0,0,0,1,0,0,0,0,0,0,0,999,0,0,0,6,6,2,1,12,0,0,0,1,36,11545,6,1,0,0,3,0,72,999,0,0,0,0,0,0,0,0,0,0,0,0,0,0,3,3,99,1,1,2,1,0,0,1,53,1,1,1,25,0,0
36,360943,1,1,1,16,10,21,5,8,0,1,0,36,1,22,18,22018,2,2000,1G2NV12E6YM8,1,G,2,N,V,1,2,E,6,Y,M,8,0,P,PONT,GT1,CP,0,17,3091,,0,1070,,G,,F,6,207,,,16R225,,,,,,0,0,000000000,00000000000,0,0,0,1,0,0,0,0,0,0,0,999,0,0,0,12,12,6,2,8,0,0,0,1,36,11795,6,1,0,0,3,3,64,999,3,0,0,1,0,1,2010,9,2011,0,0,0,0,0,2,2,99,4,1,2,1,3,3,14,80,99,1,1,13,0,0
36,360944,1,2,2,13,10,14,5,12,2,1,0,36,1,49,40,49040,4,1992,4T1SK12E6NU0,4,T,1,S,K,1,2,E,6,N,U,0,0,P,TOYT,CLE,4D,92,17,3053,,0,1031,,G,,F,4,132,,,000000,,,,,,0,0,000000000,00000000000,0,0,0,1,0,0,0,0,0,0,0,999,0,0,0,12,12,6,2,12,0,0,0,1,36,11224,6,1,0,0,3,3,69,999,0,0,0,0,0,0,0,0,0,0,50,0,0,0,3,3,99,1,1,2,1,0,0,1,54,1,1,1,52,1,0
36,360944,2,2,1,13,10,14,5,12,2,1,0,36,1,12,24,12024,6,2008,2FMDK36C08BA,2,F,M,D,K,3,6,C,0,8,B,A,0,P,FORD,EDG,UT,8,17,4073,,0,1112,,G,,F,6,214,,,17R235,,,,,,0,0,000000000,00000000000,0,0,0,1,0,0,0,0,0,0,0,999,0,0,0,12,12,6,2,12,0,0,0,1,36,11693,6,1,6,0,3,0,72,999,1,0,0,0,0,5,2010,5,2010,0,0,0,0,0,3,3,99,1,1,2,1,0,0,1,54,1,1,1,52,0,0
36,360945,1,1,7,23,10,5,10,24,0,1,0,34,1,7,422,7422,15,2006,1D4HB38N66F1,1,D,4,H,B,3,8,N,6,6,F,1,0,P,DODG,DUR,UT,6,17,4777,,0,1192,,G,,F,8,287,,,17R245,,,,,,0,0,000000000,00000000000,0,0,0,1,0,0,0,0,0,0,0,999,0,1,3,12,13,6,2,1,0,0,0,1,34,7304,1,1,6,0,2,3,70,999,0,0,0,0,0,0,0,0,0,1,0,0,0,0,3,3,99,4,1,2,1,0,0,14,10,1,1,4,6,1,1
36,360946,1,1,1,18,10,14,30,9,0,1,0,36,2,12,461,12461,21,2006,1FTNE24W26DA,1,F,T,N,E,2,4,W,2,6,D,A,0,T,FORD,25V,CG,6,17,,2,0,1380,VAN,G,,,8,281,,,,C,5141,00,E,42,0,0,000000000,00000000000,0,0,0,1,0,0,0,0,0,0,0,999,0,0,0,12,12,2,1,9,0,0,0,1,36,11722,6,1,6,0,3,0,68,999,0,0,0,0,0,0,0,0,0,0,0,0,0,0,1,2,99,1,1,2,1,20,3,1,80,99,1,1,13,0,0
36,360947,1,2,1,31,8,18,22,12,99,1,0,99,9,99,709,99709,80,9999,999999999999,9,9,9,9,9,9,9,9,9,9,9,9,0,,,,,,,,,,,,,,,,,,,,,,,,,0,0,000000000,00000000000,0,0,0,1,0,0,0,0,0,0,0,999,0,0,0,99,99,9,9,12,0,0,0,1,36,10029,1,1,0,0,2,0,67,999,0,1,0,0,0,1,2009,1,2009,1,0,0,0,0,1,2,30,1,3,2,1,0,0,1,10,99,1,2,98,1,0
36,360947,2,2,1,31,8,18,22,12,99,1,0,34,3,42,42,42042,4,2010,WDDGF8BB0AF4,W,D,D,G,F,8,B,B,0,A,F,4,0,P,MERZ,C4A,4D,10,17,3737,,0,1087,,G,,F,6,183,,,17R225,,,,,,0,0,000000000,00000000000,0,0,0,1,0,0,0,0,0,0,0,999,0,0,0,12,12,6,2,12,0,0,0,1,36,11218,6,1,0,0,3,0,60,999,0,0,0,0,0,0,0,0,0,0,0,0,0,0,1,2,30,1,3,2,1,0,0,1,62,99,1,1,98,0,0
36,360948,1,2,4,28,11,7,38,12,6,1,0,36,1,20,482,20482,31,2003,3GNEK13T73G1,3,G,N,E,K,1,3,T,7,3,G,1,0,T,CHEV,KAV,CW,3,17,,2,0,1300,AVL,G,,,8,325,,,,B,5652,00,,44,0,0,000000000,00000000000,0,0,0,1,0,0,0,0,0,0,0,999,0,0,0,3,3,6,2,12,0,0,0,1,36,14224,6,1,0,0,3,0,68,999,0,0,0,0,0,0,0,0,0,0,38,39,0,0,1,2,55,1,1,2,2,20,3,1,17,99,1,1,87,1,0
36,360948,2,2,2,28,11,7,38,12,6,1,0,36,1,12,401,12401,14,2008,1FMEU73E68UB,1,F,M,E,U,7,3,E,6,8,U,B,0,P,FORD,EPR,UT,8,17,4606,,0,1137,,G,,F,6,244,,,16R235,,,,,,0,0,000000000,00000000000,0,0,0,1,0,0,0,0,0,0,0,999,0,0,0,12,12,6,2,12,0,0,0,1,36,14024,6,1,0,0,3,0,70,999,0,0,0,0,0,0,0,0,0,0,0,0,0,0,1,2,55,1,1,2,2,0,0,1,66,99,1,1,86,0,0
36,360949,1,1,2,1,12,17,47,8,0,1,0,36,2,7,442,7442,20,2005,2D4GP44L65R5,2,D,4,G,P,4,4,L,6,5,R,5,0,T,DODG,GSX,ES,5,17,,1,0,1193,CAR,G,,,6,230,,,,,4222,00,E,42,0,0,000000000,00000000000,0,0,0,1,0,0,0,0,0,0,0,999,0,0,0,12,12,6,2,8,0,0,0,1,36,14456,6,1,0,0,3,3,62,999,0,0,0,0,0,0,0,0,0,0,92,0,0,0,1,4,99,1,1,2,1,0,0,1,80,99,1,1,13,0,0
36,360950,1,1,2,29,11,5,33,14,0,1,0,36,2,37,31,37031,2,1993,2HGEJ2140PH5,2,H,G,E,J,2,1,4,0,P,H,5,0,P,HOND,CID,CP,93,17,2224,,0,1013,,G,,F,4,091,,,13R175,,,,,,0,0,000000000,00000000000,0,0,0,1,0,0,0,0,0,0,0,999,0,0,0,12,12,6,2,19,0,0,0,1,36,11553,0,0,0,0,0,0,999,999,0,0,0,0,0,0,0,0,0,1,0,0,0,0,2,4,35,1,1,2,2,3,3,1,13,1,1,4,11,1,1
36,360951,1,3,1,28,11,6,25,9,0,1,0,36,1,9,442,9442,20,1994,1P4GH44RXRX2,1,P,4,G,H,4,4,R,X,R,X,2,0,T,PLYM,GVS,ES,94,17,,1,0,1193,VOF,G,,,6,201,,,,,3580,00,E,42,0,0,000000000,00000000000,0,0,0,1,0,0,0,0,0,0,0,999,0,0,0,12,12,2,1,9,0,0,0,1,36,11729,6,1,0,0,3,3,72,999,0,0,0,0,0,0,0,0,0,0,86,0,0,0,1,6,99,1,1,2,1,2,3,1,83,1,1,1,13,0,0
36,360951,2,3,1,28,11,6,25,9,0,1,0,36,1,7,461,7461,21,1997,3B7HF13Y4VG8,3,B,7,H,F,1,3,Y,4,V,G,8,0,T,DODG,150,PC,97,17,,2,1547,1387,RPC,G,,,8,318,,,,B,4764,01,M,44,0,0,000000000,00000000000,0,0,0,1,0,0,0,0,0,0,0,999,0,0,0,14,14,0,1,9,0,0,0,1,36,11752,6,1,6,0,3,0,74,999,0,0,0,0,0,0,0,0,0,0,86,0,0,0,1,6,99,1,1,2,1,2,3,1,83,1,1,1,98,0,0
36,360951,3,3,3,28,11,6,25,9,0,1,0,36,1,35,401,35401,14,2005,5N1AR18W75C7,5,N,1,A,R,1,8,W,7,5,C,7,0,P,NISS,PFI,UT,5,17,4452,,0,1122,,G,,F,6,244,,,16R265,,,,,,0,0,000000000,00000000000,0,0,0,1,0,0,0,0,0,0,0,999,0,0,0,14,14,0,1,9,0,0,0,1,36,11701,6,1,0,0,3,0,64,999,1,3,0,0,2,3,2009,7,2011,0,86,0,0,0,1,6,99,1,1,2,1,2,3,1,83,1,1,1,98,0,0
36,360952,1,1,7,1,12,17,30,8,0,1,0,36,3,12,461,12461,21,1998,1FDSE30L4WHA,1,F,D,S,E,3,0,L,4,W,H,A,0,T,FORD,35C,MH,98,17,,2,1760,1380,CTV,G,,,8,330,,,,D,00000,00,M,42,0,0,000000000,00000000000,0,0,0,1,0,0,0,0,0,0,0,999,0,0,0,12,12,6,2,8,0,0,0,1,36,14207,6,1,6,1,3,0,59,999,0,0,0,0,0,0,0,0,0,0,0,0,0,0,4,1,30,1,1,2,1,20,3,1,80,99,1,1,13,0,0
36,360953,1,2,3,1,12,13,15,12,2,1,0,36,3,12,461,12461,21,2001,1FTNE24221HB,1,F,T,N,E,2,4,2,2,1,H,B,0,T,FORD,25V,CG,1,17,,2,0,1380,VAN,G,,,6,256,,,,C,5012,02,E,42,0,0,000000000,00000000000,0,0,0,1,0,0,0,0,0,0,0,44,0,0,0,12,12,6,2,12,0,0,0,1,36,11788,6,1,0,0,3,0,73,999,0,0,0,1,0,4,2011,4,2011,1,0,0,0,0,3,2,30,1,1,2,1,0,0,1,10,99,1,2,50,1,1
36,360953,2,2,1,1,12,13,15,12,2,1,0,36,1,12,461,12461,21,2000,1FTRE1427YHA,1,F,T,R,E,1,4,2,7,Y,H,A,0,T,FORD,15V,CG,0,17,,2,0,1380,VAN,G,,,6,256,,,,B,4650,02,E,42,0,0,000000000,00000000000,0,0,0,1,0,0,0,0,0,0,0,999,0,0,0,12,12,6,2,12,0,0,0,1,36,11208,6,1,6,0,3,0,64,999,0,2,0,1,0,9,2011,9,2011,0,0,0,0,0,3,2,30,1,1,2,1,0,0,1,60,99,1,1,51,0,0
36,360954,1,1,2,2,12,21,28,42,0,1,0,36,1,20,36,20036,2,2004,2G1WX12K8494,2,G,1,W,X,1,2,K,8,4,9,4,0,P,CHEV,MSS,CP,4,17,3395,,0,1105,,G,,F,6,231,,,16R225,,,,,,0,0,000000000,00000000000,0,0,0,1,0,0,0,0,0,0,0,999,0,0,0,12,12,6,2,42,0,0,0,1,36,14845,6,1,6,0,3,0,71,999,0,0,0,0,1,10,2009,10,2009,1,0,0,0,0,1,2,30,1,2,2,1,0,0,1,13,1,1,4,1,1,1
36,360955,1,1,1,2,12,7,55,24,0,1,0,36,1,69,54,69054,3,2002,WMWRE33452TD,W,M,W,R,E,3,3,4,5,2,T,D,0,P,MNNI,COS,2H,2,17,2679,,0,971,,G,,Z,4,098,,,16R195,,,,,,0,0,000000000,00000000000,0,0,0,1,0,0,0,0,0,0,0,999,0,1,5,1,13,6,2,1,0,0,0,1,36,12522,6,1,0,0,3,0,60,999,0,0,0,0,0,0,0,0,0,0,27,0,0,0,3,2,45,1,1,2,1,0,0,1,13,1,1,4,1,1,0
36,360956,1,1,1,2,12,2,42,8,0,1,0,36,1,37,709,37709,80,2011,MLHMC4110B50,M,L,H,M,C,4,1,1,0,B,5,0,0,M,HOND,BR5,RC,11,17,,,,,,,249,,1,,4,359,,,,,,,0,0,000000000,00000000000,0,0,0,1,0,0,0,0,0,0,0,999,0,0,0,12,8,6,2,8,0,0,0,1,36,10016,6,1,0,0,3,0,63,999,0,3,0,0,0,2,2011,7,2011,0,86,0,0,0,1,4,99,1,1,2,1,3,3,1,80,1,1,1,13,0,0
36,360957,1,3,1,1,12,7,24,12,1,1,0,31,3,85,881,85881,66,2007,1XKADB9X87J1,1,X,K,A,D,B,9,X,8,7,J,1,1,T,KW,T60,TR,7,17,,8,2600,1600,CON,D,,,6,893,,,,,00000,00,,64,1,57,53467,5753467,3,6,1,1,0,0,0,0,0,0,0,999,0,0,0,6,6,2,1,12,0,0,0,1,24,21040,6,1,0,0,3,0,74,999,0,0,0,0,2,3,2011,9,2011,1,92,0,0,0,3,2,65,1,1,1,1,0,0,1,53,99,1,1,25,0,0
36,360957,2,3,1,1,12,7,24,12,1,1,0,36,2,37,402,37402,14,2004,JHLRD78894C0,J,H,L,R,D,7,8,8,9,4,C,0,0,P,HOND,CRV,UT,4,17,3347,,0,1031,,G,,F,4,146,,,15R205,,,,,,0,0,000000000,00000000000,0,0,0,1,0,0,0,0,0,0,0,999,0,0,0,12,12,6,2,12,0,0,0,1,36,12092,6,1,0,0,3,0,64,999,1,0,0,0,0,9,2009,9,2009,0,26,0,0,0,3,2,65,1,1,1,1,0,0,1,51,99,1,1,24,1,0
36,360957,3,3,1,1,12,7,24,12,1,1,0,36,1,24,1,24001,4,1998,1G8ZF528XWZ2,1,G,8,Z,F,5,2,8,X,W,Z,2,0,P,STRN,SSL,4D,98,17,2326,,0,1024,,G,,F,4,116,,,14R175,,,,,,0,0,000000000,00000000000,0,0,0,1,0,0,0,0,0,0,0,999,0,1,5,12,12,6,2,1,0,0,0,1,36,12157,6,1,0,0,3,3,67,999,2,0,0,0,0,5,2010,9,2011,0,26,0,0,0,3,2,65,1,1,1,1,0,0,15,98,99,1,2,98,0,0
36,360958,1,1,1,5,12,7,2,30,0,1,0,36,2,12,23,12023,4,2008,3FAHP01198R2,3,F,A,H,P,0,1,1,9,8,R,2,0,P,FORD,FAE,4D,8,17,3325,,0,1074,,G,,F,6,183,,,16R205,,,,,,0,0,000000000,00000000000,0,0,0,1,0,0,0,0,0,0,0,999,0,1,5,3,13,6,2,1,0,0,0,1,36,12815,6,1,0,0,3,3,59,999,0,0,0,0,0,0,0,0,0,1,87,0,0,0,1,2,55,2,1,2,2,0,0,14,6,1,4,4,7,1,0
36,360959,1,1,1,4,12,18,52,34,0,1,0,36,1,21,21,21021,4,2004,1G3NK52F34C1,1,G,3,N,K,5,2,F,3,4,C,1,0,P,OLDS,AGX,4D,4,17,2996,,0,1070,,G,,F,4,134,,,15R215,,,,,,0,0,000000000,00000000000,0,0,0,1,0,0,0,0,0,0,0,999,0,0,0,12,12,6,2,32,0,0,0,1,36,13676,6,1,0,0,3,0,68,999,0,0,0,0,0,0,0,0,0,0,0,0,0,0,1,2,55,1,3,2,1,0,0,1,13,1,1,4,1,1,0
36,360960,1,1,3,4,12,19,46,35,0,1,0,36,2,12,3,12003,2,2000,1FAFP42X8YF2,1,F,A,F,P,4,2,X,8,Y,F,2,0,P,FORD,MGT,CP,0,17,3241,,0,1013,,G,,F,8,281,,,16R225,,,,,,0,0,000000000,00000000000,0,0,0,1,0,0,0,0,0,0,0,999,0,1,5,12,12,6,2,1,0,0,0,1,36,12078,6,1,0,0,3,0,67,999,0,0,0,0,0,0,0,0,0,1,39,0,0,0,1,2,55,1,1,2,1,20,3,1,17,99,1,4,14,1,0
36,360961,1,1,2,5,12,23,46,59,0,1,0,36,2,41,47,41047,4,2001,JM1BJ2252104,J,M,1,B,J,2,2,5,2,1,0,4,0,P,MAZD,PLS,4D,1,17,2634,,0,1028,,G,,F,4,122,,,15R195,,,,,,0,0,000000000,00000000000,0,0,0,1,0,0,0,0,0,0,0,999,0,0,0,12,12,6,2,42,0,0,0,1,36,14733,0,0,0,0,0,0,999,999,99,99,99,99,99,99,9999,99,9999,0,39,0,0,0,1,2,55,1,1,2,2,20,3,11,13,1,1,4,1,1,1
36,360962,1,2,1,28,11,14,53,1,0,1,0,36,2,76,706,76706,80,2009,JYARN23E89A0,J,Y,A,R,N,2,3,E,8,9,A,0,0,M,YAMA,YFR,RC,9,17,,,,,,,998,,4,,4,454,,,,,,,0,0,000000000,00000000000,0,0,0,1,0,0,0,0,0,0,0,999,0,0,0,0,12,6,2,12,0,0,0,1,36,10467,6,1,0,0,3,3,71,999,0,0,0,0,0,0,0,0,0,1,0,0,0,0,2,4,30,2,1,2,1,0,0,14,6,99,3,2,98,1,0
36,360962,2,2,1,28,11,14,53,1,0,1,0,36,1,23,461,23461,21,2006,1GKFH15T4611,1,G,K,F,H,1,5,T,4,6,1,1,0,T,GMC,SA1,SV,6,17,,2,0,1350,SAV,G,,,8,323,,,,B,5593,00,E,44,0,0,000000000,00000000000,0,0,0,1,0,0,0,0,0,0,0,999,0,0,0,12,12,6,2,12,0,0,0,1,36,10462,6,1,0,0,3,3,66,999,0,0,0,0,0,0,0,0,0,0,0,0,0,0,2,4,30,3,1,2,1,0,0,14,62,99,1,1,98,0,0
36,360963,1,1,1,4,12,3,1,1,0,1,0,44,2,13,421,13421,15,1998,5LMPU28L6WLJ,5,L,M,P,U,2,8,L,6,W,L,J,0,P,LINC,NAV,UT,98,17,5557,,0,1190,,G,,F,8,330,,,16R245,,,,,,0,0,000000000,00000000000,0,0,0,1,0,0,0,0,0,0,0,999,0,2,1,0,99,6,2,1,0,0,0,1,25,2343,6,1,0,0,3,3,72,999,1,1,0,1,0,2,2010,6,2011,1,0,0,0,0,3,2,65,1,1,2,1,0,0,1,8,99,2,1,98,1,0
36,360964,1,2,1,5,12,9,36,12,6,1,0,36,2,76,709,76709,80,2011,JYARJ16E0BA0,J,Y,A,R,J,1,6,E,0,B,A,0,0,M,YAMA,R6L,RC,11,17,,,,,,,599,,4,,4,417,,,,,,,0,0,000000000,00000000000,0,0,0,1,0,0,0,0,0,0,0,999,0,0,0,12,12,6,2,12,0,0,0,1,36,11220,0,0,0,0,0,0,999,999,99,99,99,99,99,99,9999,99,9999,1,37,39,0,0,5,4,30,1,1,2,1,3,3,1,62,1,1,1,69,1,0
36,360964,2,2,1,5,12,9,36,12,6,1,0,36,2,20,444,20444,20,2006,1GNDV23L36D1,1,G,N,D,V,2,3,L,3,6,D,1,0,P,CHEV,UPL,SV,6,17,4470,,0,1211,,G,,F,6,214,,,000000,,,,,,0,0,000000000,00000000000,0,0,0,1,0,0,0,0,0,0,0,999,0,0,0,5,5,4,1,12,0,0,0,1,36,11218,6,1,0,0,3,0,67,999,0,0,0,0,0,0,0,0,0,0,0,0,0,0,5,4,30,1,1,2,1,3,3,11,15,1,1,2,68,0,0
36,360965,1,1,1,5,12,19,34,8,0,1,0,36,1,51,43,51043,6,2004,YV1SJ52Y5423,Y,V,1,S,J,5,2,Y,5,4,2,3,0,P,VOLV,70R,SW,4,17,3824,,0,1085,,G,,T,5,153,,,16R205,,,,,,0,0,000000000,00000000000,0,0,0,1,0,0,0,0,0,0,0,999,0,0,0,12,12,4,3,8,0,0,0,1,36,11935,6,1,0,0,3,3,73,999,0,0,0,0,0,0,0,0,0,0,86,0,0,0,1,2,30,1,1,2,2,0,0,1,80,4,1,1,13,0,0
36,360966,1,1,1,5,12,6,24,18,0,1,0,36,1,2,405,2405,14,2004,1J4GL48K34W2,1,J,4,G,L,4,8,K,3,4,W,2,0,T,JEEP,SPR,4W,4,17,,1,0,1043,LIB,G,,,6,226,,,,,3656,01,E,44,0,0,000000000,00000000000,0,0,0,1,0,0,0,0,0,0,0,999,0,0,0,12,12,6,2,18,0,0,0,1,36,12533,6,1,0,0,3,3,68,999,0,0,0,0,0,0,0,0,0,0,0,0,0,0,1,2,99,1,2,2,1,0,0,1,13,99,1,4,1,1,0