STATE,ST_CASE,VEH_NO,VE_FORMS,NUMOCCS,DAY,MONTH,HOUR,MINUTE,HARM_EV,MAN_COLL,UNITTYPE,HIT_RUN,REG_STAT,OWNER,MAKE,MODEL,MAK_MOD,BODY_TYP,MOD_YEAR,VIN,VIN_1,VIN_2,VIN_3,VIN_4,VIN_5,VIN_6,VIN_7,VIN_8,VIN_9,VIN_10,VIN_11,VIN_12,TOW_VEH,VINTYPE,VINMAKE,VINA_MOD,VIN_BT,VINMODYR,VIN_LNGT,VIN_WGT,WGTCD_TR,WHLBS_LG,WHLBS_SH,SER_TR,FUELCODE,MCYCL_DS,CARBUR,CYLINDER,DISPLACE,MCYCL_CY,MCYCL_WT,TIRE_SZE,TON_RAT,TRK_WT,TRKWTVAR,VIN_REST,WHLDRWHL,J_KNIFE,MCARR_I1,MCARR_I2,MCARR_ID,GVWR,V_CONFIG,CARGO_BT,HAZ_INV,HAZ_PLAC,HAZ_ID,HAZ_CNO,HAZ_REL,BUS_USE,SPEC_USE,EMER_USE,TRAV_SP,UNDERIDE,ROLLOVER,ROLINLOC,IMPACT1,IMPACT2,DEFORMED,TOWED,M_HARM,VEH_SC1,VEH_SC2,FIRE_EXP,DR_PRES,L_STATE,DR_ZIP,L_STATUS,L_TYPE,CDL_STAT,L_ENDORS,L_COMPL,L_RESTRI,DR_HGT,DR_WGT,PREV_ACC,PREV_SUS,PREV_DWI,PREV_SPD,PREV_OTH,FIRST_MO,FIRST_YR,LAST_MO,LAST_YR,SPEEDREL,DR_SF1,DR_SF2,DR_SF3,DR_SF4,VTRAFWAY,VNUM_LAN,VSPD_LIM,VALIGN,VPROFILE,VPAVETYP,VSURCOND,VTRAFCON,VTCONT_F,P_CRASH1,P_CRASH2,P_CRASH3,PCRASH4,PCRASH5,ACC_TYPE,DEATHS,DR_DRINK
36,360967,1,2,1,6,12,17,55,12,6,1,0,36,1,49,40,49040,4,1998,JT2BG22K1W02,J,T,2,B,G,2,2,K,1,W,0,2,0,P,TOYT,CXL,4D,98,17,3120,,0,1051,,G,,F,4,132,,,14R195,,,,,,0,0,000000000,00000000000,0,0,0,1,0,0,0,0,0,0,0,999,0,0,0,9,9,6,2,12,0,0,0,1,19,50014,6,1,0,0,3,3,70,999,0,0,0,0,0,0,0,0,0,0,39,0,0,0,6,1,99,1,1,2,2,20,3,1,55,1,1,2,89,1,0
36,360967,2,2,1,6,12,17,55,12,6,1,0,27,3,20,461,20461,21,2008,1GCFG15X1812,1,G,C,F,G,1,5,X,1,8,1,2,0,T,CHEV,E15,CG,8,17,,2,0,1350,EXP,G,,,6,262,,,,B,4894,00,,42,0,0,000000000,00000000000,0,0,0,1,0,0,0,0,0,0,0,999,0,0,0,12,12,6,2,12,0,0,0,1,36,13041,6,1,0,0,3,0,72,999,0,0,0,0,0,0,0,0,0,0,0,0,0,0,1,2,45,1,1,2,2,0,0,1,66,1,1,1,88,0,0
36,360968,1,1,1,6,12,6,4,8,0,1,0,36,3,98,988,98988,50,2012,1GBHG31C7911,1,G,B,H,G,3,1,C,7,9,1,1,0,T,CHEV,CT3,YY,9,17,,2,1590,1390,ETV,G,,,8,293,,,,D,4528,00,,42,0,77,777777777,77777777777,8,20,22,1,0,0,0,0,1,0,0,999,0,0,0,12,12,0,1,8,0,0,0,1,36,10471,6,1,6,1,3,0,69,999,0,0,0,0,1,3,2009,3,2009,0,86,0,0,0,1,2,30,1,1,2,2,2,3,10,80,1,1,1,13,0,0
36,360969,1,1,1,5,12,17,53,53,0,1,0,36,1,2,404,2404,14,2009,1J8HR48P69C5,1,J,8,H,R,4,8,P,6,9,C,5,0,T,JEEP,LRO,4W,9,17,,2,0,1095,GCK,G,,,8,287,,,,,4322,00,3,44,0,0,000000000,00000000000,0,0,0,1,0,0,0,0,0,0,0,999,0,0,0,12,12,6,2,30,0,0,0,1,36,13658,6,1,6,0,3,0,71,999,0,0,0,0,0,0,0,0,0,0,0,0,0,0,1,2,35,1,1,2,2,0,0,1,13,99,1,4,1,1,0
36,360970,1,2,3,7,12,5,0,12,6,1,0,36,2,12,17,12017,4,2004,1FAFP53U54A1,1,F,A,F,P,5,3,U,5,4,A,1,0,P,FORD,TSE,4D,4,17,3306,,0,1085,,G,,F,6,182,,,16R215,,,,,,0,0,000000000,00000000000,0,0,0,1,0,0,0,0,0,0,0,999,0,0,0,11,62,6,2,12,0,0,0,1,36,11413,6,1,0,0,3,0,69,999,0,0,0,0,1,5,2010,5,2010,0,0,0,0,0,1,2,30,1,1,2,2,0,0,1,66,1,1,1,89,1,0
36,360970,2,2,4,7,12,5,0,12,6,1,0,36,2,58,32,58032,4,2002,JNKBF01A92M0,J,N,K,B,F,0,1,A,9,2,M,0,0,P,INFI,Q45,4D,2,17,3797,,0,1130,,G,,F,8,274,,,17R225,,,,,,0,0,000000000,00000000000,0,0,0,1,0,0,0,0,0,0,0,999,0,0,0,12,12,6,2,12,0,0,0,1,36,11427,6,1,0,0,3,0,70,999,0,2,0,0,0,12,2008,1,2009,0,39,0,0,0,1,2,30,1,1,2,2,2,3,1,55,1,1,1,88,0,1
36,360971,1,2,2,7,12,14,12,12,2,1,0,36,2,24,1,24001,4,2001,1G8ZH52811Z2,1,G,8,Z,H,5,2,8,1,1,Z,2,0,P,STRN,SL1,4D,1,17,2360,,0,1024,,G,,F,4,116,,,14R185,,,,,,0,0,000000000,00000000000,0,0,0,1,0,0,0,0,0,0,0,999,0,0,0,12,12,6,2,12,0,0,0,1,36,14227,1,1,0,0,2,3,66,999,1,4,0,1,1,2,2009,8,2011,0,0,0,0,0,1,2,35,1,1,2,1,0,0,1,10,99,1,2,50,1,0
36,360971,2,2,1,7,12,14,12,12,2,1,0,36,3,49,421,49421,15,2011,JTMHY7AJ5B40,J,T,M,H,Y,7,A,J,5,B,4,0,0,P,TOYT,LCW,UT,11,17,5688,,0,1122,,G,,F,8,348,,,18R285,,,,,,0,0,000000000,00000000000,0,0,0,1,0,0,0,0,0,0,0,999,0,1,1,12,12,6,2,12,0,0,0,1,36,14127,6,1,0,0,3,0,74,999,0,0,0,0,0,0,0,0,0,0,0,0,0,0,1,2,35,1,1,2,1,0,0,1,62,7,1,1,51,0,0
36,360972,1,1,3,7,12,15,33,42,0,1,0,36,2,30,47,30047,3,1999,3VWCA21C4XM4,3,V,W,C,A,2,1,C,4,X,M,4,0,P,VOLK,NGS,2H,99,17,2742,,0,989,,G,,F,4,121,,,16R205,,,,,,0,0,000000000,00000000000,0,0,0,1,0,0,0,0,0,0,0,999,0,0,0,3,13,6,2,42,0,0,0,1,36,12916,6,7,0,0,2,3,64,999,0,0,0,0,0,0,0,0,0,1,39,0,0,0,1,2,45,1,1,2,2,20,3,1,6,6,4,4,2,1,0
36,360973,1,1,1,23,10,3,40,42,0,1,0,36,1,18,2,18002,4,2003,1G4HP52K3342,1,G,4,H,P,5,2,K,3,3,4,2,0,P,BUIC,LCF,4D,3,17,3567,,0,1122,,G,,F,6,231,,,15R215,,,,,,0,0,000000000,00000000000,0,0,0,1,0,0,0,0,0,0,0,999,0,0,0,62,62,6,2,42,0,0,0,1,36,10473,1,1,0,0,2,3,62,999,0,1,0,0,1,6,2011,6,2011,0,0,0,0,0,6,2,99,2,2,2,1,0,0,14,9,99,7,4,98,1,1
36,360974,1,1,2,8,12,0,42,53,0,1,0,36,1,12,13,12013,2,1998,3FAKP1135WR2,3,F,A,K,P,1,1,3,5,W,R,2,0,P,FORD,ZXS,CP,98,17,2478,,0,984,,G,,F,4,121,,,14R185,,,,,,0,0,000000000,00000000000,0,0,0,1,0,0,0,0,0,0,0,999,0,1,5,12,13,6,2,1,0,0,0,1,36,14624,6,1,0,0,3,0,69,999,0,2,1,0,3,9,2009,7,2011,1,0,0,0,0,1,2,45,2,1,2,1,28,3,6,12,1,1,4,6,1,1
36,360975,1,2,1,8,12,18,12,8,0,1,0,36,1,24,401,24401,14,2005,5GZCZ63415S8,5,G,Z,C,Z,6,3,4,1,5,S,8,0,P,STRN,VUE,UT,5,17,3631,,0,1066,,G,,F,6,214,,,17R235,,,,,,0,0,000000000,00000000000,0,0,0,1,0,0,0,0,0,0,0,999,0,0,0,12,12,6,2,8,0,0,0,1,36,11501,6,1,0,0,3,0,72,999,0,0,0,0,0,0,0,0,0,0,0,0,0,0,1,4,99,1,1,2,1,0,0,1,80,99,1,1,13,0,0
36,360975,2,2,4,8,12,18,12,8,0,1,1,36,3,12,461,12461,21,1999,1FBSS31L2XHB,1,F,B,S,S,3,1,L,2,X,H,B,0,T,FORD,WSD,ES,99,17,,2,0,1380,ECO,G,,,8,330,,,,D,6117,00,E,42,0,0,000000000,00000000000,0,0,0,1,0,0,0,0,0,0,0,999,0,0,0,12,12,2,3,8,0,0,0,1,36,11202,6,1,0,0,3,0,71,999,1,0,0,0,0,6,2010,6,2010,0,0,0,0,0,1,4,99,1,1,2,1,0,0,1,80,99,1,1,98,0,0
36,360976,1,1,1,9,12,11,9,9,0,1,0,36,3,85,881,85881,63,2001,1NKWXTEX91J8,1,N,K,W,X,T,E,X,9,1,J,8,0,T,KW,W90,CC,1,17,,8,2850,1600,CON,D,,,6,629,,,,,00000,00,,,0,57,00215540,5700215540,3,2,4,1,0,0,0,0,0,0,0,999,0,0,0,4,4,0,1,9,0,0,0,1,36,14150,6,1,6,1,3,3,68,999,1,0,0,0,0,8,2011,8,2011,0,86,0,0,0,1,4,40,1,5,2,3,3,3,10,83,1,1,1,13,0,0
36,360977,1,2,5,10,12,9,40,12,1,1,0,36,1,7,472,7472,30,2004,1D7HG38K74S5,1,D,7,H,G,3,8,K,7,4,S,5,0,T,DODG,QSP,CW,4,17,,2,0,1309,DAK,G,,,6,225,,,,B,4331,00,E,44,0,0,000000000,00000000000,0,0,0,1,0,0,0,0,0,0,0,999,0,1,1,6,61,6,2,1,0,0,0,1,36,11795,6,1,0,0,3,0,71,999,0,0,0,0,0,0,0,0,0,0,0,0,0,0,3,2,55,1,2,2,1,0,0,1,53,1,1,1,25,1,0
36,360977,2,2,1,10,12,9,40,12,1,1,0,36,1,49,50,49050,3,2007,JTKDE1779701,J,T,K,D,E,1,7,7,9,7,0,1,0,P,TOYT,SXC,2H,7,17,2905,,0,1063,,G,,F,4,146,,,17R215,,,,,,0,0,000000000,00000000000,0,0,0,1,0,0,0,0,0,0,0,999,0,0,0,12,12,6,2,12,0,0,0,1,36,11561,6,1,0,0,3,0,75,999,0,4,0,0,2,5,2009,11,2011,1,26,0,0,0,3,2,55,1,2,2,1,0,0,1,51,1,1,1,24,0,0
36,360978,1,2,4,7,12,16,32,12,6,1,0,36,1,49,32,49032,4,1991,2T1AE94A8MC1,2,T,1,A,E,9,4,A,8,M,C,1,0,P,TOYT,CDF,4D,91,17,2394,,0,957,,G,,F,4,097,,,13R155,,,,,,0,0,000000000,00000000000,0,0,0,1,0,0,0,0,0,0,0,999,0,0,0,3,3,6,2,12,0,0,0,1,36,14305,6,1,0,0,3,0,69,999,0,0,0,1,1,5,2010,11,2011,0,38,0,0,0,3,2,40,1,1,2,1,3,3,11,15,99,1,1,68,1,0
36,360978,2,2,1,7,12,16,32,12,6,1,0,36,1,7,472,7472,30,1997,1B7FL26X1VS2,1,B,7,F,L,2,6,X,1,V,S,2,0,T,DODG,DAK,PK,97,17,,1,1239,1119,DAK,G,,,6,239,,,,B,3200,01,E,42,0,0,000000000,00000000000,0,0,0,1,0,0,0,0,0,0,0,999,0,0,0,12,12,6,2,12,0,0,0,1,36,14304,6,1,0,0,3,0,66,999,0,0,0,0,0,0,0,0,0,0,0,0,0,0,3,2,40,1,1,2,1,3,3,1,66,99,1,1,69,0,0
36,360979,1,2,1,10,12,14,55,12,6,1,0,36,1,22,22,22022,4,2005,1G2ZG5288541,1,G,2,Z,G,5,2,8,8,5,4,1,0,P,PONT,G/6,4D,5,17,3420,,0,1123,,G,,F,6,214,,,16R215,,,,,,0,0,000000000,00000000000,0,0,0,1,0,0,0,0,0,0,0,999,0,0,0,12,12,6,2,12,0,0,0,1,36,14580,6,1,0,0,3,0,65,999,0,0,0,0,0,0,0,0,0,0,0,0,0,0,5,2,40,1,1,2,1,3,3,1,17,99,1,1,86,0,0
36,360979,2,2,2,10,12,14,55,12,6,1,0,36,1,18,2,18002,4,2004,1G4HP52KX4U2,1,G,4,H,P,5,2,K,X,4,U,2,0,P,BUIC,LCF,4D,4,17,3567,,0,1122,,G,,F,6,231,,,15R215,,,,,,0,0,000000000,00000000000,0,0,0,1,0,0,0,0,0,0,0,999,0,1,1,3,3,6,2,12,0,0,0,1,36,14580,6,1,0,0,3,3,66,999,1,0,0,0,0,6,2011,6,2011,0,0,0,0,0,5,2,50,1,1,2,1,3,3,1,66,99,1,1,87,1,0
36,360980,1,1,2,10,12,2,26,59,0,1,0,36,2,37,32,37032,4,2002,1HGCG66582A1,1,H,G,C,G,6,6,5,8,2,A,1,0,P,HOND,ULX,4D,2,17,3097,,0,1069,,G,,F,4,138,,,15R195,,,,,,0,0,000000000,00000000000,0,0,0,1,0,0,0,0,0,0,0,999,0,0,0,12,12,6,2,42,0,0,0,1,36,12564,6,1,0,0,3,0,68,999,0,1,0,0,0,3,2009,3,2009,1,0,0,0,0,1,2,45,3,2,2,1,28,3,14,13,99,1,4,1,2,1
36,360981,1,1,1,9,12,22,34,30,0,1,0,36,1,18,7,18007,4,2001,2G4WS52J7112,2,G,4,W,S,5,2,J,7,1,1,2,0,P,BUIC,CCU,4D,1,17,3368,,0,1090,,G,,F,6,191,,,15R205,,,,,,0,0,000000000,00000000000,0,0,0,1,0,0,0,0,0,0,0,999,0,0,0,9,9,6,2,30,0,0,0,1,36,12481,6,1,0,0,3,0,71,999,0,0,0,0,0,0,0,0,0,0,0,0,0,0,1,2,55,2,1,2,1,0,0,14,12,1,3,4,7,1,1
36,360982,1,1,1,10,12,19,41,5,0,1,0,36,1,72,706,72706,80,2004,1HD1PJE114Y9,1,H,D,1,P,J,E,1,1,4,Y,9,0,M,HD,CSE,RS,4,17,,,,,,,1690,,2,,4,758,,,,,,,0,0,000000000,00000000000,0,0,0,1,0,0,0,0,0,0,0,999,0,0,0,0,61,6,2,5,0,0,0,1,36,11757,6,1,0,0,3,0,74,999,0,0,0,0,0,0,0,0,0,0,0,0,0,0,1,2,30,1,1,2,1,0,0,1,9,1,1,1,0,1,0
36,360983,1,1,1,11,12,8,50,42,0,1,0,36,2,20,16,20016,4,2003,1G1JC52F8371,1,G,1,J,C,5,2,F,8,3,7,1,0,P,CHEV,CAV,4D,3,17,2971,,0,1041,,G,,F,4,134,,,14R195,,,,,,0,0,000000000,00000000000,0,0,0,1,0,0,0,0,0,0,0,999,0,0,0,3,3,6,2,42,0,0,0,1,36,13673,6,1,0,0,3,3,62,999,0,0,0,0,0,0,0,0,0,1,87,0,0,0,1,2,99,3,2,2,3,0,0,14,12,1,4,4,7,1,0
36,360984,1,1,1,13,12,0,1,42,0,1,0,36,1,49,40,49040,4,2001,4T1BG28K11U8,4,T,1,B,G,2,8,K,1,1,U,8,0,P,TOYT,CXL,4D,1,17,2998,,0,1051,,G,,F,4,132,,,15R205,,,,,,0,0,000000000,00000000000,0,0,0,1,0,0,0,0,0,0,0,999,0,0,0,11,11,6,2,42,0,0,0,1,36,11003,6,1,0,0,3,0,70,999,0,0,0,0,0,0,0,0,0,0,0,0,0,0,3,3,55,1,1,2,1,0,0,1,12,99,2,4,7,1,0
36,360985,1,1,2,14,12,17,41,39,0,1,0,36,2,53,40,53040,4,2010,JS2YB5A33A63,J,S,2,Y,B,5,A,3,3,A,6,3,0,P,SUZI,SXA,4H,10,17,2902,,0,984,,G,,F,4,122,,,16R205,,,,,,0,0,000000000,00000000000,0,0,0,1,0,0,0,0,0,0,0,999,0,0,0,9,9,6,2,39,0,0,0,1,36,13827,6,2,0,0,3,0,70,999,0,0,0,0,0,0,0,0,0,1,87,92,0,0,1,2,55,2,2,2,2,0,0,14,12,99,1,4,6,1,0
36,360986,1,1,1,16,12,4,23,42,0,1,0,36,1,41,54,41054,6,2007,JM3TB38Y4701,J,M,3,T,B,3,8,Y,4,7,0,1,0,P,MAZD,CX9,UT,7,17,4546,,0,1132,,G,,F,6,213,,,18R245,,,,,,0,0,000000000,00000000000,0,0,0,1,0,0,0,0,0,0,0,999,0,0,0,12,12,9,9,42,0,0,0,1,36,14215,6,1,6,0,3,3,68,999,1,0,0,0,0,8,2011,8,2011,0,0,0,0,0,3,2,30,1,1,2,2,3,3,1,12,99,1,4,6,1,1
36,360987,1,2,1,14,12,3,24,12,1,1,0,36,4,86,881,86881,66,2005,1M1AE06Y85N0,1,M,1,A,E,0,6,Y,8,5,N,0,1,T,MACK,CX6,TR,5,17,,8,0,0,600,D,,,6,728,,,,,00000,00,,64,1,57,98137,5798137,3,6,3,1,0,0,0,0,0,0,0,999,0,0,0,12,12,6,2,12,0,0,0,1,36,13126,6,1,6,0,3,0,68,999,2,0,0,0,1,1,2009,1,2011,0,0,0,0,0,2,2,65,1,2,2,1,0,0,1,51,99,1,1,24,0,0
36,360987,2,2,1,14,12,3,24,12,1,1,0,36,1,49,40,49040,4,1986,JT2SV12E8G05,J,T,2,S,V,1,2,E,8,G,0,5,0,P,TOYT,CMD,4D,86,17,2326,,0,1024,,G,,F,4,122,,,13R185,,,,,,0,0,000000000,00000000000,0,0,0,1,0,0,0,0,0,0,0,999,0,0,0,6,6,6,2,12,0,0,0,1,36,13209,6,1,0,0,3,0,67,999,0,0,0,0,0,0,0,0,0,1,0,0,0,0,2,2,65,1,2,2,1,0,0,1,53,99,1,1,25,1,1
36,360988,1,1,1,16,12,5,30,9,0,1,0,36,1,59,403,59403,14,2007,2T2GK31UX7C0,2,T,2,G,K,3,1,U,X,7,C,0,0,P,LEXS,RX5,UT,7,17,3870,,0,1069,,G,,F,6,211,,,17R225,,,,,,0,0,000000000,00000000000,0,0,0,1,0,0,0,0,0,0,0,999,0,0,0,12,12,6,2,9,0,0,0,1,36,10583,6,1,0,0,3,0,68,999,0,0,0,0,0,0,0,0,0,0,0,0,0,0,3,3,99,1,1,2,1,0,0,1,83,99,1,1,13,0,0
36,360989,1,1,1,18,12,17,10,8,0,1,0,36,3,12,881,12881,61,2008,1FDXF47R48EA,1,F,D,X,F,4,7,R,4,8,E,A,0,T,FORD,F4D,CB,8,17,,4,2010,1410,DRW,D,,,8,390,,,,D,7037,04,U,44,0,57,1176850,571176850,2,1,97,1,0,0,0,0,0,0,0,50,0,0,0,12,12,4,3,8,0,0,0,1,36,11971,6,1,0,0,3,0,71,999,1,0,0,0,0,12,2010,12,2010,0,0,0,0,0,2,2,55,1,1,2,1,0,0,1,80,99,1,1,13,0,0
36,360990,1,1,1,17,12,0,22,8,0,1,0,36,2,35,481,35481,31,2010,1N6AA0EC8AN3,1,N,6,A,A,0,E,C,8,A,N,3,0,T,NISS,TXP,CW,10,17,,2,0,1398,TTN,G,,,8,342,,,,B,5286,00,4,44,0,0,000000000,00000000000,0,0,0,1,0,0,0,0,0,0,0,999,0,0,0,9,9,6,2,8,0,0,0,1,36,11040,6,1,0,0,3,3,62,999,0,0,0,0,0,0,0,0,0,0,0,0,0,0,2,2,40,1,1,2,1,0,0,1,80,99,1,1,13,0,0
36,360991,1,1,1,29,9,18,32,8,0,1,0,36,2,49,442,49442,20,2004,5TDZA23C04S1,5,T,D,Z,A,2,3,C,0,4,S,1,0,P,TOYT,SIE,SV,4,17,4120,,0,1193,,G,,F,6,201,,,16R215,,,,,,0,0,000000000,00000000000,0,0,0,1,0,0,0,0,0,1,0,999,0,0,0,12,12,2,1,8,0,0,0,1,36,11219,6,1,0,0,3,0,73,999,1,1,0,0,1,12,2008,5,2011,0,0,0,0,0,1,2,30,1,1,2,1,0,0,1,80,99,1,1,13,0,0
36,360992,1,1,1,21,11,8,33,8,0,1,0,36,2,49,40,49040,4,1998,4T1BF22K9WU0,4,T,1,B,F,2,2,K,9,W,U,0,0,P,TOYT,CXL,4D,98,17,3086,,0,1051,,G,,F,6,183,,,15R205,,,,,,0,0,000000000,00000000000,0,0,0,1,0,0,0,0,0,0,0,999,0,0,0,12,12,2,1,8,0,0,0,1,36,10598,6,2,0,0,3,0,73,999,0,0,0,0,0,0,0,0,0,0,0,0,0,0,1,2,99,4,2,2,1,0,0,14,80,99,1,4,13,0,0
36,360993,1,1,1,19,12,11,27,9,0,1,0,36,3,98,498,98498,22,1987,999999999999,9,9,9,9,9,9,9,9,9,9,9,9,0,,,,,,,,,,,,,,,,,,,,,,,,,0,0,000000000,00000000000,0,0,0,1,0,0,0,0,0,0,0,0,0,0,0,6,6,2,1,9,0,0,0,1,36,12148,6,1,0,0,3,0,73,999,0,0,0,0,0,0,0,0,0,0,0,0,0,0,1,2,40,1,1,2,1,0,0,5,83,99,1,1,13,0,0
36,360994,1,1,1,11,11,9,28,8,0,1,1,99,9,99,999,99999,99,9999,999999999999,9,9,9,9,9,9,9,9,9,9,9,9,0,,,,,,,,,,,,,,,,,,,,,,,,,0,0,000000000,00000000000,0,0,0,1,0,0,0,0,0,0,0,999,0,0,0,12,12,9,1,8,0,0,0,1,99,99999,9,9,99,9,9,9,999,999,99,99,99,99,99,99,9999,99,9999,0,38,86,0,0,1,2,99,1,1,2,1,2,3,1,80,1,1,1,13,0,0
36,360995,1,1,1,2,12,18,31,8,0,1,0,36,1,49,442,49442,20,2008,5TDBK22C98S0,5,T,D,B,K,2,2,C,9,8,S,0,0,P,TOYT,SIE,SV,8,17,4464,,0,1193,,G,,F,6,214,,,17R225,,,,,,0,0,000000000,00000000000,0,0,0,1,0,0,0,0,0,0,0,999,0,0,0,12,12,4,3,8,0,0,0,1,36,11769,6,1,0,0,3,0,73,999,0,0,0,0,0,0,0,0,0,0,86,0,0,0,1,2,99,1,1,2,1,0,0,1,98,8,1,4,6,0,0
36,360996,1,1,3,7,12,13,0,33,0,1,0,36,2,14,401,14401,14,2002,4M2DU86EX2UJ,4,M,2,D,U,8,6,E,X,2,U,J,0,P,MERC,MOU,UT,2,17,4410,,0,1138,,G,,F,6,245,,,16R245,,,,,,0,0,000000000,00000000000,0,0,0,1,0,0,0,0,0,0,0,999,0,1,3,9,13,6,2,1,0,0,0,1,36,11967,0,0,0,0,0,0,67,999,0,1,0,0,0,12,2009,12,2009,0,92,0,0,0,3,3,55,4,2,2,2,0,0,14,12,99,1,4,6,1,0
36,360997,1,1,1,3,12,13,45,38,0,1,0,36,1,35,47,35047,4,2008,1N4AL21E68N4,1,N,4,A,L,2,1,E,6,8,N,4,0,P,NISS,ATS,4D,8,17,3028,,0,1093,,G,,F,4,153,,,16R215,,,,,,0,0,000000000,00000000000,0,0,0,1,0,0,0,0,0,0,0,999,0,0,0,12,12,6,2,19,0,0,0,1,36,11779,6,1,6,0,3,0,73,999,0,2,0,0,0,12,2008,6,2010,0,0,0,0,0,1,2,99,1,2,2,1,0,0,1,13,1,1,4,1,1,0
36,360998,1,1,2,7,12,19,15,8,0,1,0,36,3,86,882,86882,63,2011,1M2AV02C4BM0,1,M,2,A,V,0,2,C,4,B,M,0,0,T,MACK,MRU,TB,11,17,,8,0,0,600,D,,,6,659,,,,,00000,00,,64,0,99,999999999,99999999999,3,2,4,1,0,0,0,0,0,0,0,999,0,0,0,12,12,0,1,8,0,0,0,1,36,10032,6,1,6,1,3,0,73,999,0,0,0,0,0,0,0,0,0,0,86,0,0,0,1,2,99,1,1,2,2,2,3,1,80,1,1,1,13,0,0
36,360999,1,2,1,19,12,9,42,12,6,1,0,36,1,55,41,55041,2,2011,KMHHU6KH7BU0,K,M,H,H,U,6,K,H,7,B,U,0,0,P,HYUN,GC3,CP,11,17,3389,,0,0,,G,,F,6,230,,,000000,,,,,,0,0,000000000,00000000000,0,0,0,1,0,0,0,0,0,0,0,999,0,0,0,12,12,6,2,12,0,0,0,1,36,11581,1,1,0,0,2,3,70,999,2,5,0,1,0,11,2010,11,2011,0,39,0,0,0,3,3,40,1,1,1,1,3,3,1,17,99,1,1,69,0,0
36,360999,2,2,2,19,12,9,42,12,6,1,0,36,1,63,32,63032,4,2011,KNADH4A3XB67,K,N,A,D,H,4,A,3,X,B,6,7,0,P,KIA,RBL,4D,11,17,2365,,0,0,,G,,F,4,098,,,000000,,,,,,0,0,000000000,00000000000,0,0,0,1,0,0,0,0,0,0,0,999,0,0,0,81,81,6,2,12,0,0,0,1,36,11426,6,1,0,0,3,3,66,999,0,0,0,0,0,0,0,0,0,0,0,0,0,0,3,3,40,1,1,1,1,3,3,11,15,99,1,1,68,1,0
36,361000,1,1,1,4,12,6,40,8,0,1,0,36,1,12,17,12017,4,1999,1FAFP53S4XG1,1,F,A,F,P,5,3,S,4,X,G,1,0,P,FORD,SCS,4D,99,17,3353,,0,1085,,G,,F,6,182,,,15R205,,,,,,0,0,000000000,00000000000,0,0,0,1,0,0,0,0,0,0,0,999,0,0,0,12,12,2,1,8,0,0,0,1,36,11746,6,1,0,0,3,3,65,999,0,0,0,0,0,0,0,0,0,0,0,0,0,0,5,2,30,1,1,2,1,3,3,1,80,99,1,1,13,0,0
36,361001,1,2,1,7,12,15,25,12,2,1,0,36,1,42,48,42048,4,2010,WDDHF8HB1AA1,W,D,D,H,F,8,H,B,1,A,A,1,0,P,MERZ,ESM,4D,10,17,4068,,0,1131,,G,,F,6,213,,,18R245,,,,,,0,0,000000000,00000000000,0,0,0,1,0,0,0,0,0,0,0,999,0,0,0,12,12,6,2,12,0,0,0,1,36,11743,6,1,0,0,3,0,67,999,0,0,0,0,0,0,0,0,0,0,0,0,0,0,1,2,30,4,1,2,2,0,0,14,62,99,1,1,51,0,0
36,361001,2,2,1,7,12,15,25,12,2,1,0,36,1,37,32,37032,4,1996,1HGCD5684TA0,1,H,G,C,D,5,6,8,4,T,A,0,0,P,HOND,UA5,4D,96,17,2818,,0,1069,,G,,F,4,132,,,14R185,,,,,,0,0,000000000,00000000000,0,0,0,1,0,0,0,0,0,0,0,999,0,0,0,12,12,6,2,12,0,0,0,1,36,11743,6,1,0,0,3,0,66,999,0,0,0,0,0,0,0,0,0,0,0,0,0,0,1,2,30,4,1,2,2,0,0,14,10,99,1,2,50,1,0
36,361002,1,2,1,8,12,19,53,12,6,1,0,36,2,7,20,7020,4,2003,1B3ES56C93D2,1,B,3,E,S,5,6,C,9,3,D,2,0,P,DODG,NXT,4D,3,17,2639,,0,1040,,G,,F,4,122,,,15R185,,,,,,0,0,000000000,00000000000,0,0,0,1,0,0,0,0,0,0,0,23,0,0,0,9,9,6,2,12,0,0,0,1,36,13039,6,2,0,0,3,0,65,999,0,0,0,0,0,0,0,0,0,0,38,0,0,0,1,2,55,1,1,2,1,20,3,1,17,99,1,1,89,1,0
36,361002,2,2,1,8,12,19,53,12,6,1,0,36,1,13,1,13001,4,2000,1LNHM81W7YY8,1,L,N,H,M,8,1,W,7,Y,Y,8,0,P,LINC,EXC,4D,0,17,4047,,0,1177,,G,,F,8,281,,,16R225,,,,,,0,0,000000000,00000000000,0,0,0,1,0,0,0,0,0,0,0,46,0,0,0,12,12,6,2,12,0,0,0,1,36,13135,6,1,0,0,3,0,66,999,1,0,0,1,1,7,2009,2,2011,0,0,0,0,0,2,2,55,1,1,2,1,0,0,1,66,99,1,1,88,0,1
36,361003,1,1,2,9,12,20,51,8,0,1,0,36,2,52,39,52039,2,1996,JA3AM84J7TY0,J,A,3,A,M,8,4,J,7,T,Y,0,0,P,MITS,3GT,2H,96,17,3252,,0,972,,G,,F,6,181,,,16R255,,,,,,0,0,000000000,00000000000,0,0,0,1,0,0,0,0,0,0,0,999,0,0,0,12,12,2,3,8,0,0,0,1,36,11421,6,1,0,0,3,0,67,999,0,0,0,0,0,0,0,0,0,0,86,0,0,0,1,2,30,1,1,2,1,2,3,1,80,6,1,1,13,0,0