STATE,ST_CASE,VEH_NO,VE_FORMS,NUMOCCS,DAY,MONTH,HOUR,MINUTE,HARM_EV,MAN_COLL,UNITTYPE,HIT_RUN,REG_STAT,OWNER,MAKE,MODEL,MAK_MOD,BODY_TYP,MOD_YEAR,VIN,VIN_1,VIN_2,VIN_3,VIN_4,VIN_5,VIN_6,VIN_7,VIN_8,VIN_9,VIN_10,VIN_11,VIN_12,TOW_VEH,VINTYPE,VINMAKE,VINA_MOD,VIN_BT,VINMODYR,VIN_LNGT,VIN_WGT,WGTCD_TR,WHLBS_LG,WHLBS_SH,SER_TR,FUELCODE,MCYCL_DS,CARBUR,CYLINDER,DISPLACE,MCYCL_CY,MCYCL_WT,TIRE_SZE,TON_RAT,TRK_WT,TRKWTVAR,VIN_REST,WHLDRWHL,J_KNIFE,MCARR_I1,MCARR_I2,MCARR_ID,GVWR,V_CONFIG,CARGO_BT,HAZ_INV,HAZ_PLAC,HAZ_ID,HAZ_CNO,HAZ_REL,BUS_USE,SPEC_USE,EMER_USE,TRAV_SP,UNDERIDE,ROLLOVER,ROLINLOC,IMPACT1,IMPACT2,DEFORMED,TOWED,M_HARM,VEH_SC1,VEH_SC2,FIRE_EXP,DR_PRES,L_STATE,DR_ZIP,L_STATUS,L_TYPE,CDL_STAT,L_ENDORS,L_COMPL,L_RESTRI,DR_HGT,DR_WGT,PREV_ACC,PREV_SUS,PREV_DWI,PREV_SPD,PREV_OTH,FIRST_MO,FIRST_YR,LAST_MO,LAST_YR,SPEEDREL,DR_SF1,DR_SF2,DR_SF3,DR_SF4,VTRAFWAY,VNUM_LAN,VSPD_LIM,VALIGN,VPROFILE,VPAVETYP,VSURCOND,VTRAFCON,VTCONT_F,P_CRASH1,P_CRASH2,P_CRASH3,PCRASH4,PCRASH5,ACC_TYPE,DEATHS,DR_DRINK
37,370009,1,1,1,1,1,14,14,34,0,1,0,37,2,20,481,20481,31,2004,1GCEK19TX4E1,1,G,C,E,K,1,9,T,X,4,E,1,0,T,CHEV,SK1,4C,4,17,,2,1575,1435,SIL,G,,,8,325,,,,B,4925,00,,44,0,0,000000000,00000000000,0,0,0,1,0,0,0,0,0,0,0,50,0,0,0,10,10,6,2,34,0,0,0,1,37,28420,6,1,0,0,3,0,78,999,0,0,0,0,0,0,0,0,0,0,28,0,0,0,1,2,55,1,1,2,1,0,0,1,12,1,1,4,6,1,0
37,370010,1,1,1,30,1,22,30,42,0,1,0,37,2,37,31,37031,4,1997,JHMEJ6573VS0,J,H,M,E,J,6,5,7,3,V,S,0,0,P,HOND,UCL,4D,97,17,2375,,0,1032,,G,,F,4,097,,,14R185,,,,,,0,0,000000000,00000000000,0,0,0,1,0,0,0,0,0,0,0,80,0,0,0,12,12,6,2,42,0,0,0,1,37,28806,6,1,6,0,3,2,67,999,0,0,0,0,0,0,0,0,0,1,74,0,0,0,1,2,45,3,1,2,1,0,0,14,13,1,1,4,1,1,0
37,370011,1,2,1,28,1,17,24,12,6,1,0,37,1,37,705,37705,80,1980,999999999999,9,9,9,9,9,9,9,9,9,9,9,9,0,,,,,,,,,,,,,,,,,,,,,,,,,0,0,000000000,00000000000,0,0,0,1,0,0,0,0,0,0,0,50,0,0,0,12,12,6,2,12,0,0,0,1,37,28210,6,1,0,0,3,3,70,999,0,1,0,0,0,10,2008,10,2008,1,36,39,0,0,2,3,35,1,1,2,1,3,3,1,17,1,1,1,86,1,0
37,370011,2,2,1,28,1,17,24,12,6,1,0,37,1,12,3,12003,2,1995,1FALP4041SF2,1,F,A,L,P,4,0,4,1,S,F,2,0,P,FORD,MUS,CP,95,17,3077,,0,1013,,G,,F,6,232,,,15R205,,,,,,0,0,000000000,00000000000,0,0,0,1,0,0,0,0,0,0,0,10,0,0,0,3,3,6,2,12,0,0,0,1,37,28146,6,1,0,0,3,0,63,999,0,0,0,0,0,0,0,0,0,0,0,0,0,0,2,3,35,1,1,2,1,3,3,1,15,1,1,1,87,0,0
37,370012,1,2,1,4,1,12,45,12,8,1,0,37,4,20,37,20037,4,2011,1G1ZA5EU0BF1,1,G,1,Z,A,5,E,U,0,B,F,1,0,P,CHEV,M/L,4D,11,17,3415,,0,1123,,F,,F,4,146,,,17R225,,,,,,0,0,000000000,00000000000,0,0,0,1,0,0,0,0,0,0,0,60,0,0,0,10,11,6,2,12,0,0,0,1,37,28584,6,1,0,0,3,3,60,999,0,0,0,0,0,0,0,0,0,0,28,0,0,0,1,2,55,1,1,2,1,0,0,1,10,1,1,2,64,1,0
37,370012,2,2,1,4,1,12,45,12,8,1,0,37,3,38,882,38882,61,2008,4KBC4W1N58J8,4,K,B,C,4,W,1,N,5,8,J,8,0,T,CHEV,W45,TB,8,17,,4,1760,1090,450,G,,,8,366,,,,,00000,00,,42,0,88,888888888,88888888888,2,1,1,1,0,0,0,0,0,0,0,55,0,1,2,9,9,6,2,1,0,0,0,1,37,28557,6,1,0,0,3,0,74,999,0,0,0,0,1,12,2010,12,2010,0,0,0,0,0,1,2,55,1,1,2,1,0,0,1,62,1,1,1,65,0,0
37,370013,1,1,2,16,1,7,10,42,0,1,0,37,1,49,32,49032,4,1993,JT2AE09E8P00,J,T,2,A,E,0,9,E,8,P,0,0,0,P,TOYT,LED,4D,93,17,2370,,0,957,,G,,F,4,108,,,13R155,,,,,,0,0,000000000,00000000000,0,0,0,1,0,0,0,0,0,0,0,80,0,1,5,12,12,6,2,42,0,0,0,1,37,28516,1,1,0,0,2,0,63,999,1,1,0,1,3,1,2010,11,2010,1,36,0,0,0,1,2,55,1,1,2,1,0,0,1,10,1,1,4,6,2,0
37,370014,1,1,3,6,1,7,59,42,0,1,0,37,2,63,402,63402,14,2006,KNDJC7332656,K,N,D,J,C,7,3,3,2,6,5,6,0,P,KIA,SOR,UT,6,17,4306,,0,1067,,G,,F,6,213,,,16R245,,,,,,0,0,000000000,00000000000,0,0,0,1,0,0,0,0,0,0,0,60,0,1,5,12,12,6,2,42,0,0,0,1,37,27311,6,2,0,0,3,0,69,999,0,0,0,0,0,0,0,0,0,1,28,36,0,0,1,2,45,2,2,2,4,0,0,14,6,1,1,4,6,1,0
37,370015,1,1,3,23,1,14,15,1,0,1,0,37,2,12,35,12035,4,1998,1FAFP68GXWK2,1,F,A,F,P,6,8,G,X,W,K,2,0,P,FORD,CSV,4D,98,17,3065,,0,1065,,G,,F,6,155,,,16R205,,,,,,0,0,000000000,00000000000,0,0,0,1,0,0,0,0,0,0,0,55,0,2,5,0,9,6,2,42,0,0,0,1,37,27215,0,0,0,0,0,0,67,999,0,0,0,0,0,0,0,0,0,0,58,0,0,0,1,2,55,1,2,2,1,0,0,1,11,1,1,4,1,1,0
37,370016,1,2,1,22,1,6,40,12,1,1,0,37,1,76,709,76709,88,2003,000000000000,0,0,0,0,0,0,0,0,0,0,0,0,0,,,,,,,,,,,,,,,,,,,,,,,,,0,0,000000000,00000000000,0,0,0,1,0,0,0,0,0,0,0,30,0,0,0,6,6,6,2,12,0,0,0,1,37,28658,1,1,0,0,2,0,69,999,0,0,0,0,0,0,0,0,0,0,99,99,99,99,3,4,65,1,1,2,1,0,0,2,18,1,1,1,25,1,0
37,370016,2,2,1,22,1,6,40,12,1,1,0,37,2,37,32,37032,2,2008,1HGCS22808A0,1,H,G,C,S,2,2,8,0,8,A,0,0,P,HOND,AXL,CP,8,17,3614,,0,1079,,G,,F,6,214,,,17R225,,,,,,0,0,000000000,00000000000,0,0,0,1,0,0,0,0,0,0,0,65,0,0,0,12,12,6,2,12,0,0,0,1,37,28601,6,1,0,0,3,3,66,999,1,0,0,0,0,7,2010,7,2010,1,36,0,0,0,3,4,65,1,1,2,1,0,0,1,52,1,1,1,24,0,0
37,370017,1,1,1,23,1,18,15,1,0,1,0,37,1,35,471,35471,30,1984,1N6ND06Y6EC3,1,N,6,N,D,0,6,Y,6,E,C,3,0,T,DATS,7K4,PK,84,17,,1,0,1108,720,G,,,4,146,,,,B,00000,00,,44,0,0,000000000,00000000000,0,0,0,1,0,0,0,0,0,0,0,55,0,2,5,0,13,6,2,1,0,0,0,1,37,28610,1,1,0,0,2,0,69,999,0,2,0,0,2,4,2009,4,2010,0,58,0,0,0,1,2,55,1,1,2,1,0,0,1,9,1,1,4,1,1,0
37,370018,1,1,2,13,1,11,55,21,0,1,0,37,1,20,481,20481,31,1997,1GCEC14W1VZ1,1,G,C,E,C,1,4,W,1,V,Z,1,0,T,CHEV,GC1,PK,97,17,,2,1315,1175,GM4,G,,,6,262,,,,B,3869,02,,42,0,0,000000000,00000000000,0,0,0,1,0,0,0,0,0,0,0,45,0,0,0,12,12,6,2,21,0,0,0,1,37,28018,6,1,0,0,3,0,69,999,1,0,0,0,0,10,2010,10,2010,1,58,0,0,0,1,2,55,2,2,2,4,0,0,14,6,1,1,4,6,1,0
37,370019,1,2,1,21,1,13,35,12,6,1,0,37,3,23,881,23881,61,2005,1GDE5C1205F5,1,G,D,E,5,C,1,2,0,5,F,5,0,T,GMC,C5C,CB,5,17,,5,2240,1280,C55,D,,,8,403,,,,,00000,00,,42,0,88,888888888,88888888888,2,1,1,1,0,0,0,0,0,0,0,35,0,0,0,9,9,6,2,12,0,0,0,1,37,28052,6,1,0,0,3,0,69,999,0,0,0,0,0,0,0,0,0,0,99,99,99,99,1,2,35,1,1,2,1,3,3,1,17,1,1,1,89,0,0
37,370019,2,2,1,21,1,13,35,12,6,1,0,37,1,7,442,7442,20,1992,2B4GH4533NR6,2,B,4,G,H,4,5,3,3,N,R,6,0,P,DODG,CAR,SV,92,17,3314,,0,1120,,G,,F,6,181,,,14R195,,,,,,0,0,000000000,00000000000,0,0,0,1,0,0,0,0,0,0,0,45,0,0,0,12,12,6,2,12,0,0,0,1,37,28086,6,1,0,0,3,3,76,999,0,0,0,0,0,0,0,0,0,0,99,99,99,99,1,2,55,1,1,2,1,3,3,1,17,1,1,1,88,1,0
37,370020,1,1,1,9,1,5,0,8,0,1,0,37,1,12,13,12013,6,1987,1FAPP2896HT1,1,F,A,P,P,2,8,9,6,H,T,1,0,P,FORD,EGL,SW,87,17,2274,,0,942,,G,,2,4,113,,,13R165,,,,,,0,0,000000000,00000000000,0,0,0,1,0,0,0,0,0,0,0,55,0,0,0,12,12,6,9,8,0,0,0,1,37,28433,6,1,0,0,3,0,71,999,0,0,0,0,0,0,0,0,0,0,0,0,0,0,1,2,55,1,1,2,1,0,0,1,80,1,1,1,13,0,0
37,370021,1,1,1,12,1,20,36,34,0,1,0,37,1,22,9,22009,3,1993,2G2FV22P3P22,2,G,2,F,V,2,2,P,3,P,2,2,0,P,PONT,FFT,2H,93,17,3330,,0,1011,,G,,F,8,350,,,16R235,,,,,,0,0,000000000,00000000000,0,0,0,1,0,0,0,0,0,0,0,70,0,1,5,6,61,6,2,1,0,0,0,1,37,28433,6,1,0,0,3,0,69,999,0,0,0,0,0,0,0,0,0,1,28,0,0,0,1,2,55,1,1,2,4,0,0,1,5,1,4,4,7,1,1
37,370022,1,1,1,17,1,18,58,59,0,1,0,37,2,12,471,12471,30,2001,1FTYR15E01TA,1,F,T,Y,R,1,5,E,0,1,T,A,0,T,FORD,RNS,PC,1,17,,1,0,1259,RNG,G,,,6,245,,,,B,3599,00,U,44,0,0,000000000,00000000000,0,0,0,1,0,0,0,0,0,0,0,85,0,1,5,3,3,6,2,52,0,0,0,1,37,28527,6,1,0,0,3,0,70,999,2,1,0,0,2,7,2008,1,2010,1,28,36,0,0,1,2,55,1,1,2,2,0,0,1,12,1,4,4,7,1,0
37,370023,1,1,1,3,1,18,57,8,0,1,0,37,3,23,481,23481,31,2008,1GTHK23608F1,1,G,T,H,K,2,3,6,0,8,F,1,0,T,GMC,2KH,CW,8,17,,2,1670,1530,SIE,D,,,8,403,,,,C,5983,00,4,44,0,0,000000000,00000000000,0,0,0,1,0,0,0,0,0,0,0,50,0,0,0,12,12,4,1,8,0,0,0,1,37,28311,6,1,6,0,3,0,77,999,0,0,0,0,0,0,0,0,0,0,0,0,0,0,1,4,50,1,2,2,1,0,0,1,80,1,1,1,13,0,0
37,370024,1,1,1,24,1,0,10,30,0,1,0,37,1,12,401,12401,14,2002,1FMZU73EX2UC,1,F,M,Z,U,7,3,E,X,2,U,C,0,P,FORD,EPR,UT,2,17,4378,,0,1137,,G,,F,6,245,,,16R235,,,,,,0,0,000000000,00000000000,0,0,0,1,0,0,0,0,0,0,0,60,0,0,0,3,12,6,2,23,0,0,1,1,37,28311,6,1,0,0,3,0,63,999,0,0,0,1,0,1,2009,1,2009,1,0,0,0,0,1,4,45,3,1,2,1,0,0,14,12,1,1,4,6,1,1
37,370025,1,1,2,24,1,11,35,59,0,1,0,37,2,34,37,34037,4,2006,WBAHN83556DT,W,B,A,H,N,8,3,5,5,6,D,T,0,P,BMW,50L,4D,6,17,4552,,0,1231,,G,,F,8,292,,,18R245,,,,,,0,0,000000000,00000000000,0,0,0,1,0,0,0,0,0,0,0,70,0,1,5,12,12,6,2,1,0,0,0,1,37,28306,6,1,0,0,3,0,66,999,0,0,0,0,1,10,2009,10,2009,0,36,0,0,0,1,2,45,3,4,2,1,0,0,14,13,1,1,4,1,1,1
37,370026,1,1,1,19,1,13,46,8,0,1,1,99,9,99,999,99999,99,9999,999999999999,9,9,9,9,9,9,9,9,9,9,9,9,0,,,,,,,,,,,,,,,,,,,,,,,,,0,0,000000000,00000000000,0,0,0,1,0,0,0,0,0,0,0,998,0,0,0,99,99,9,1,8,0,0,0,1,99,99999,9,9,99,9,9,9,999,999,99,99,99,99,99,99,9999,99,9999,9,0,0,0,0,1,2,45,1,2,2,1,0,0,1,80,1,1,1,13,0,0
37,370027,1,2,1,26,1,18,11,12,2,1,0,37,2,20,481,20481,31,1996,1GCEK19R1TE2,1,G,C,E,K,1,9,R,1,T,E,2,0,T,CHEV,GK1,PC,96,17,,2,1555,1415,GM4,G,,,8,350,,,,B,4495,08,,44,0,0,000000000,00000000000,0,0,0,1,0,0,0,0,0,0,0,55,0,1,1,12,12,6,2,12,0,0,0,1,37,28458,6,1,6,0,3,3,68,999,0,3,1,0,2,1,2009,5,2010,0,28,0,0,0,1,2,55,1,1,2,1,0,0,1,10,1,1,1,50,1,1
37,370027,2,2,3,26,1,18,11,12,2,1,0,37,1,7,482,7482,31,2003,1D7HA18N13J5,1,D,7,H,A,1,8,N,1,3,J,5,0,T,DODG,SQ1,CW,3,17,,2,1605,1405,RPC,G,,,8,287,,,,B,4665,03,E,42,0,0,000000000,00000000000,0,0,0,1,0,0,0,0,0,0,0,50,0,0,0,12,12,6,2,12,0,0,0,1,37,28393,6,1,6,0,3,3,72,999,0,0,0,0,1,7,2010,7,2010,0,0,0,0,0,1,2,55,1,1,2,1,0,0,1,62,1,1,1,51,0,0
37,370028,1,1,1,6,1,8,36,1,0,1,0,37,2,20,401,20401,14,1999,1GNDT13W8X22,1,G,N,D,T,1,3,W,8,X,2,2,0,P,CHEV,BZR,UT,99,17,4023,,0,1070,,G,,F,6,262,,,15R205,,,,,,0,0,000000000,00000000000,0,0,0,1,0,0,0,0,0,0,0,35,0,1,5,0,13,6,2,42,0,0,0,1,37,27040,6,1,0,0,3,3,71,999,0,0,0,0,1,10,2010,10,2010,0,0,0,0,0,1,2,45,1,4,2,4,0,0,1,12,1,1,4,6,1,1
37,370029,1,2,3,11,1,11,44,12,6,1,0,42,2,6,52,6052,6,2001,3C4FY4BB81T6,3,C,4,F,Y,4,B,B,8,1,T,6,0,P,CHRY,PTC,SV,1,17,3109,,0,1030,,G,,F,4,148,,,15R195,,,,,,0,0,000000000,00000000000,0,0,0,1,0,0,0,0,0,0,0,55,0,0,0,3,3,6,2,12,0,0,0,1,37,27021,6,1,0,0,3,0,68,999,0,0,0,1,0,5,2010,5,2010,1,28,36,0,0,1,2,45,2,1,2,3,0,0,14,6,1,4,2,64,1,1
37,370029,2,2,1,11,1,11,44,12,6,1,0,37,1,7,461,7461,21,1995,2B7HB21Y0SK5,2,B,7,H,B,2,1,Y,0,S,K,5,0,T,DODG,25B,CG,95,17,,2,1276,1096,RMV,G,,,8,318,,,,C,3629,03,M,42,0,0,000000000,00000000000,0,0,0,1,0,0,0,0,0,0,0,35,0,0,0,12,12,6,2,12,0,0,0,1,37,27051,6,1,0,0,3,0,66,999,0,0,0,0,0,0,0,0,0,0,0,0,0,0,1,2,45,3,1,2,3,0,0,14,62,1,1,1,65,0,0
37,370030,1,1,1,27,1,5,35,42,0,1,0,37,1,42,48,42048,4,1997,WDBJF55F6VA3,W,D,B,J,F,5,5,F,6,V,A,3,0,P,MERZ,E32,4D,97,17,3485,,0,1115,,G,,F,6,195,,,16R215,,,,,,0,0,000000000,00000000000,0,0,0,1,0,0,0,0,0,0,0,45,0,0,0,12,12,6,2,42,0,0,0,1,37,27012,6,1,0,0,3,0,71,999,0,0,0,0,0,0,0,0,0,0,28,0,0,0,1,2,45,2,1,2,1,0,0,14,12,1,1,4,6,1,0
37,370031,1,1,2,15,1,6,4,42,0,1,0,37,1,41,35,41035,4,2002,JM1BJ2258215,J,M,1,B,J,2,2,5,8,2,1,5,0,P,MAZD,PDS,4D,2,17,2493,,0,1028,,G,,F,4,122,,,15R195,,,,,,0,0,000000000,00000000000,0,0,0,1,0,0,0,0,0,0,0,70,0,0,0,9,9,6,2,42,0,0,0,1,37,28277,6,1,0,0,3,3,72,999,0,0,0,0,0,0,0,0,0,1,28,36,0,0,1,2,45,1,1,2,1,0,0,1,12,1,1,4,6,1,1
37,370032,1,1,1,27,1,0,55,38,0,1,0,37,1,12,481,12481,31,2007,1FTPX14V87NA,1,F,T,P,X,1,4,V,8,7,N,A,0,T,FORD,F15,4C,7,17,,2,1630,1330,COF,F,,,8,329,,,,B,4297,16,E,44,0,0,000000000,00000000000,0,0,0,1,0,0,0,0,0,0,0,70,0,0,0,12,9,6,2,42,0,0,0,1,37,27910,6,1,0,0,3,0,75,999,0,0,0,0,0,0,0,0,0,1,28,58,0,0,1,2,55,1,1,2,2,0,0,1,13,1,1,4,1,1,0
37,370033,1,1,1,10,1,0,10,1,0,1,0,37,3,58,35,58035,4,1996,JNKCA21D7TT0,J,N,K,C,A,2,1,D,7,T,T,0,0,P,INFI,I30,4D,96,17,2974,,0,1063,,G,,F,6,182,,,15R215,,,,,,0,0,000000000,00000000000,0,0,0,1,0,0,0,0,0,0,0,90,0,2,5,0,61,6,2,1,0,0,0,1,37,27406,1,1,0,0,2,0,70,999,0,5,1,0,0,10,2008,12,2010,1,28,0,0,0,2,4,55,1,1,2,1,0,0,1,12,1,1,4,6,1,1
37,370034,1,1,1,21,1,20,38,34,0,1,0,37,1,37,32,37032,4,1992,1HGCB7551NA0,1,H,G,C,B,7,5,5,1,N,A,0,0,P,HOND,ALX,4D,92,17,2504,,0,1071,,G,,F,4,132,,,14R185,,,,,,0,0,000000000,00000000000,0,0,0,1,0,0,0,0,0,0,0,45,0,0,0,12,12,6,2,19,0,0,0,1,37,27009,6,1,0,0,3,3,71,999,0,1,0,0,2,7,2008,2,2010,1,39,0,0,0,1,2,45,1,1,2,1,20,3,1,14,1,1,4,14,1,1
37,370035,1,2,1,22,1,3,52,12,6,1,0,37,1,20,481,20481,31,1998,2GCEK19R6W11,2,G,C,E,K,1,9,R,6,W,1,1,0,T,CHEV,GK1,PC,98,17,,2,1555,1415,GM4,G,,,8,350,,,,B,00000,00,,44,0,0,000000000,00000000000,0,0,0,1,0,0,0,0,0,0,0,70,0,0,0,12,12,6,2,12,0,0,0,1,37,28147,6,1,0,0,3,0,72,999,0,0,0,0,1,11,2010,11,2010,0,0,0,0,0,3,6,70,1,1,2,1,0,0,1,50,1,1,1,48,0,0
37,370035,2,2,1,22,1,3,52,12,6,1,0,37,1,54,38,54038,3,2004,JH4DC53044S0,J,H,4,D,C,5,3,0,4,4,S,0,0,P,ACUR,RST,2H,4,17,2767,,0,1012,,G,,F,4,122,,,16R205,,,,,,0,0,000000000,00000000000,0,0,0,1,0,0,0,0,0,0,0,0,0,0,0,3,3,6,2,12,0,0,0,1,37,27360,6,1,0,0,3,0,62,999,0,0,0,0,3,7,2010,1,2011,0,0,0,0,0,3,6,70,1,1,2,1,0,0,5,53,1,1,1,48,1,1
37,370036,1,1,1,29,1,0,33,8,0,1,0,37,1,37,31,37031,4,1996,1HGEJ8642TL0,1,H,G,E,J,8,6,4,2,T,L,0,0,P,HOND,UAX,4D,96,17,2505,,0,1032,,G,,F,4,097,,,14R185,,,,,,0,0,000000000,00000000000,0,0,0,1,0,0,0,0,0,0,0,65,0,0,0,12,12,6,2,8,0,0,0,1,37,27377,6,1,0,0,3,0,66,999,0,0,0,0,1,5,2008,5,2008,0,0,0,0,0,3,6,60,1,3,2,1,0,0,1,80,1,1,1,13,0,0
37,370037,1,1,1,29,1,12,56,34,0,1,0,37,2,49,471,49471,30,1993,JT4RN13P1P60,J,T,4,R,N,1,3,P,1,P,6,0,0,T,TOYT,ELX,PC,93,17,,1,0,1215,HTP,G,,,4,144,,,,B,3530,00,A,44,0,0,000000000,00000000000,0,0,0,1,0,0,0,0,0,0,0,45,0,0,0,12,12,6,2,32,0,0,0,1,37,27890,6,1,0,0,3,3,68,999,1,0,0,0,0,4,2008,4,2008,0,0,0,0,0,1,2,45,3,1,2,1,0,0,14,13,1,1,4,1,1,0
37,370038,1,2,1,3,1,13,27,12,2,1,0,37,1,22,20,22020,4,1997,1G2WP5217VF3,1,G,2,W,P,5,2,1,7,V,F,3,0,P,PONT,GTP,4D,97,17,0,,0,1105,,G,,Z,6,231,,,16R225,,,,,,0,0,000000000,00000000000,0,0,0,1,0,0,0,0,0,0,0,55,0,0,0,12,12,6,2,12,0,0,0,1,37,28390,6,1,0,0,3,3,65,999,0,0,0,0,0,0,0,0,0,0,28,0,0,0,1,2,55,1,1,2,1,0,0,1,10,1,1,2,50,0,0
37,370038,2,2,1,3,1,13,27,12,2,1,0,45,1,7,20,7020,4,2004,1B3ES56C04D5,1,B,3,E,S,5,6,C,0,4,D,5,0,P,DODG,NXT,4D,4,17,2634,,0,1040,,G,,F,4,122,,,15R185,,,,,,0,0,000000000,00000000000,0,0,0,1,0,0,0,0,0,0,0,55,0,0,0,12,12,6,2,12,0,0,0,1,37,28405,6,1,0,0,3,3,66,999,0,0,0,1,0,11,2010,11,2010,0,0,0,0,0,1,2,55,1,1,2,1,0,0,1,62,1,1,1,51,1,0
37,370039,1,1,1,5,1,2,55,42,0,1,0,37,1,55,33,55033,4,2007,5NPEU46F07H2,5,N,P,E,U,4,6,F,0,7,H,2,0,P,HYUN,SLI,4D,7,17,3458,,0,1074,,G,,F,6,204,,,17R225,,,,,,0,0,000000000,00000000000,0,0,0,1,0,0,0,0,0,0,0,65,0,0,0,3,12,6,2,42,0,0,0,1,37,28716,6,1,0,0,3,3,70,999,0,0,0,1,0,11,2009,11,2009,1,0,0,0,0,1,2,45,1,1,2,1,0,0,1,13,1,1,4,1,1,1
37,370040,1,1,2,23,1,14,30,33,0,1,0,37,2,42,42,42042,4,2002,WDBRF65J32F2,W,D,B,R,F,6,5,J,3,2,F,2,0,P,MERZ,C3A,4D,2,17,3440,,0,1068,,G,,Z,6,195,,,17R225,,,,,,0,0,000000000,00000000000,0,0,0,1,0,0,0,0,0,0,0,75,0,1,5,3,12,6,2,42,0,0,0,1,37,28801,1,1,0,0,2,0,74,999,2,5,0,2,3,4,2008,2,2010,1,0,0,0,0,1,2,45,3,1,2,1,0,0,14,13,1,1,4,1,1,0
37,370041,1,1,2,1,1,22,0,42,0,1,0,37,1,12,4,12004,1,2005,1FAHP60A15Y1,1,F,A,H,P,6,0,A,1,5,Y,1,0,P,FORD,THU,CV,5,17,3775,,0,1072,,G,,F,8,238,,,17R235,,,,,,0,0,000000000,00000000000,0,0,0,1,0,0,0,0,0,0,0,35,0,1,5,12,12,6,2,1,0,0,0,1,37,28731,6,1,0,0,3,0,68,999,0,0,0,0,0,0,0,0,0,0,99,99,99,99,1,2,35,3,2,2,2,0,0,14,13,1,1,4,1,1,1
37,370042,1,1,2,19,1,20,8,35,0,1,0,37,2,2,404,2404,14,1998,1J4GZ48Y2WC3,1,J,4,G,Z,4,8,Y,2,W,C,3,0,T,JEEP,LSE,4W,98,17,,1,0,1059,GCK,G,,,8,318,,,,,3708,01,E,44,0,0,000000000,00000000000,0,0,0,1,0,0,0,0,0,0,0,55,0,1,5,12,12,6,2,1,0,0,0,1,37,28739,1,1,0,0,2,3,63,999,0,5,2,1,2,7,2008,6,2010,0,28,36,0,0,1,2,35,1,1,2,4,0,0,1,5,1,3,4,7,1,1
37,370043,1,1,1,21,1,21,56,42,0,1,0,37,2,21,21,21021,2,2002,1G3NK12F12C1,1,G,3,N,K,1,2,F,1,2,C,1,0,P,OLDS,AGX,CP,2,17,2946,,0,1070,,G,,F,4,134,,,15R215,,,,,,0,0,000000000,00000000000,0,0,0,1,0,0,0,0,0,0,0,75,0,0,0,3,3,6,2,42,0,0,0,1,37,28376,6,1,0,0,3,0,70,999,1,1,0,0,1,4,2009,10,2010,1,28,0,0,0,1,2,55,3,3,2,1,0,0,14,12,1,1,4,6,1,1
37,370044,1,1,1,25,1,19,35,8,0,1,0,37,1,49,40,49040,4,2007,4T1BE46KX7U5,4,T,1,B,E,4,6,K,X,7,U,5,0,P,TOYT,CMB,4D,7,17,3108,,0,1093,,G,,F,4,146,,,15R205,,,,,,0,0,000000000,00000000000,0,0,0,1,0,0,0,0,0,0,0,55,0,0,0,12,12,6,2,8,0,0,0,1,37,28314,6,1,0,0,3,0,66,999,0,0,0,0,0,0,0,0,0,0,0,0,0,0,1,2,55,1,1,2,1,0,0,1,80,1,1,1,13,0,0
37,370045,1,2,1,28,1,7,31,12,1,1,0,37,2,82,883,82883,66,2001,1FUJA3CG21LG,1,F,U,J,A,3,C,G,2,1,L,G,1,T,FRHT,ST2,TR,1,17,,8,0,0,CON,D,,,6,774,,,,,00000,00,,64,1,57,637897,57637897,3,6,11,1,0,0,0,0,0,0,0,53,0,0,0,6,6,2,1,12,0,0,0,1,37,28677,6,1,6,8,3,3,67,999,1,0,0,0,0,3,2008,3,2008,0,0,0,0,0,3,2,70,1,3,2,1,0,0,1,53,1,1,1,25,0,0
37,370045,2,2,1,28,1,7,31,12,1,1,0,37,3,23,870,23870,61,2006,1GDJG31U7612,1,G,D,J,G,3,1,U,7,6,1,2,0,T,GMC,SCT,YY,6,17,,3,0,1390,STV,G,,,8,366,,,,D,4528,04,U,42,0,57,490870,57490870,2,1,1,1,0,0,0,0,0,0,0,57,0,0,0,12,12,6,2,12,0,0,0,1,37,27018,6,1,0,0,3,0,72,999,0,0,0,0,0,0,0,0,0,1,0,0,0,0,3,2,70,1,3,2,1,0,0,1,51,1,1,1,24,1,0
37,370046,1,1,1,30,1,15,46,32,0,1,0,0,0,37,739,37739,90,2004,000000000000,0,0,0,0,0,0,0,0,0,0,0,0,0,,,,,,,,,,,,,,,,,,,,,,,,,0,0,000000000,00000000000,0,0,0,1,0,0,0,0,0,0,0,50,0,1,5,11,9,6,2,42,0,0,0,1,37,27020,6,1,6,0,1,0,71,999,0,0,0,1,1,5,2008,3,2010,0,0,0,0,0,1,1,55,2,2,4,1,0,0,14,12,1,1,4,6,1,1
37,370047,1,1,1,14,1,23,1,34,0,1,0,37,1,12,481,12481,31,1976,F10GCC80516,F,1,0,G,C,C,8,0,5,1,6,,0,T,FORD,F10,PK,76,11,,1,1665,1170,COF,G,,,8,302,,,,B,3485,05,,42,0,0,000000000,00000000000,0,0,0,1,0,0,0,0,0,0,0,70,0,1,5,12,62,6,2,1,0,0,0,1,37,27527,6,2,0,0,3,0,67,999,0,0,0,0,0,0,0,0,0,1,28,0,0,0,1,2,45,3,1,2,1,0,0,14,13,1,1,4,1,1,0