STATE,ST_CASE,VEH_NO,VE_FORMS,NUMOCCS,DAY,MONTH,HOUR,MINUTE,HARM_EV,MAN_COLL,UNITTYPE,HIT_RUN,REG_STAT,OWNER,MAKE,MODEL,MAK_MOD,BODY_TYP,MOD_YEAR,VIN,VIN_1,VIN_2,VIN_3,VIN_4,VIN_5,VIN_6,VIN_7,VIN_8,VIN_9,VIN_10,VIN_11,VIN_12,TOW_VEH,VINTYPE,VINMAKE,VINA_MOD,VIN_BT,VINMODYR,VIN_LNGT,VIN_WGT,WGTCD_TR,WHLBS_LG,WHLBS_SH,SER_TR,FUELCODE,MCYCL_DS,CARBUR,CYLINDER,DISPLACE,MCYCL_CY,MCYCL_WT,TIRE_SZE,TON_RAT,TRK_WT,TRKWTVAR,VIN_REST,WHLDRWHL,J_KNIFE,MCARR_I1,MCARR_I2,MCARR_ID,GVWR,V_CONFIG,CARGO_BT,HAZ_INV,HAZ_PLAC,HAZ_ID,HAZ_CNO,HAZ_REL,BUS_USE,SPEC_USE,EMER_USE,TRAV_SP,UNDERIDE,ROLLOVER,ROLINLOC,IMPACT1,IMPACT2,DEFORMED,TOWED,M_HARM,VEH_SC1,VEH_SC2,FIRE_EXP,DR_PRES,L_STATE,DR_ZIP,L_STATUS,L_TYPE,CDL_STAT,L_ENDORS,L_COMPL,L_RESTRI,DR_HGT,DR_WGT,PREV_ACC,PREV_SUS,PREV_DWI,PREV_SPD,PREV_OTH,FIRST_MO,FIRST_YR,LAST_MO,LAST_YR,SPEEDREL,DR_SF1,DR_SF2,DR_SF3,DR_SF4,VTRAFWAY,VNUM_LAN,VSPD_LIM,VALIGN,VPROFILE,VPAVETYP,VSURCOND,VTRAFCON,VTCONT_F,P_CRASH1,P_CRASH2,P_CRASH3,PCRASH4,PCRASH5,ACC_TYPE,DEATHS,DR_DRINK
37,370048,1,2,2,16,1,20,28,12,1,1,0,37,3,49,43,49043,4,2008,4T1BK36B58U3,4,T,1,B,K,3,6,B,5,8,U,3,0,P,TOYT,UTS,4D,8,17,3490,,0,1110,,G,,F,6,214,,,16R215,,,,,,0,0,000000000,00000000000,0,0,0,1,0,0,0,0,0,0,0,998,0,0,0,12,12,6,2,12,0,0,0,1,37,27858,6,1,0,0,3,3,49,999,0,0,0,0,0,0,0,0,0,0,0,0,0,0,3,2,65,1,1,2,1,0,0,1,51,1,1,1,24,0,0
37,370048,2,2,3,16,1,20,28,12,1,1,0,45,1,12,13,12013,2,2000,3FAKP1136YR1,3,F,A,K,P,1,1,3,6,Y,R,1,0,P,FORD,ZX2,CP,0,17,2478,,0,984,,G,,F,4,121,,,15R185,,,,,,0,0,000000000,00000000000,0,0,0,1,0,0,0,0,0,0,0,25,0,0,0,6,6,6,2,12,0,0,0,1,45,29223,6,1,0,0,3,0,999,999,1,0,0,1,0,6,2008,6,2009,0,23,0,0,0,3,2,65,1,1,2,1,0,0,1,53,1,1,1,25,1,0
37,370049,1,1,1,20,1,8,14,34,0,1,0,37,2,49,472,49472,30,1997,4TAWN72N4VZ2,4,T,A,W,N,7,2,N,4,V,Z,2,0,T,TOYT,XTR,PC,97,17,,1,0,1219,TAC,G,,,6,206,,,,B,3410,00,M,44,0,0,000000000,00000000000,0,0,0,1,0,0,0,0,0,0,0,70,0,1,5,12,12,6,2,1,0,0,0,1,37,27576,6,2,0,0,3,0,65,999,1,0,0,0,0,11,2010,11,2010,1,28,0,0,0,1,2,55,1,1,2,1,0,0,1,12,1,1,4,6,1,0
37,370050,1,3,1,21,1,8,10,12,1,1,0,37,1,20,471,20471,30,1989,1GCCS14Z2K22,1,G,C,C,S,1,4,Z,2,K,2,2,0,T,CHEV,S14,PK,89,17,,1,1179,1083,S,G,,,6,262,,,,B,2612,01,,42,0,0,000000000,00000000000,0,0,0,1,0,0,0,0,0,0,0,35,0,1,1,6,3,6,2,12,0,0,0,1,37,27332,6,1,0,0,3,3,72,999,0,0,0,0,0,0,0,0,0,0,0,0,0,0,1,4,35,1,2,2,1,0,0,2,18,1,1,1,29,1,0
37,370050,2,3,1,21,1,8,10,12,1,1,0,37,1,19,21,19021,4,2005,1G6DC67A7501,1,G,6,D,C,6,7,A,7,5,0,1,0,P,CADI,CST,4D,5,17,4026,,0,1164,,G,,F,8,281,,,16R225,,,,,,0,0,000000000,00000000000,0,0,0,1,0,0,0,0,0,0,0,40,0,0,0,12,12,6,2,12,0,0,0,1,37,27330,6,1,0,0,3,0,74,999,2,0,0,0,0,11,2009,5,2010,1,92,0,0,0,1,4,35,1,2,2,1,0,0,1,52,1,1,1,28,0,0
37,370050,3,3,1,21,1,8,10,12,1,1,0,37,2,49,404,49404,14,2008,JTEBU11F38K0,J,T,E,B,U,1,1,F,3,8,K,0,0,P,TOYT,FJC,UT,8,17,4290,,0,1059,,G,,F,6,244,,,17R265,,,,,,0,0,000000000,00000000000,0,0,0,1,0,0,0,0,0,0,0,35,0,0,0,12,12,6,2,12,0,0,0,1,37,27330,6,1,0,0,3,0,68,999,0,0,0,0,0,0,0,0,0,0,0,0,0,0,1,4,35,1,2,2,1,0,0,1,62,1,1,1,98,0,0
37,370051,1,1,2,11,1,8,21,42,0,1,0,37,1,49,482,49482,31,2004,5TBRT34194S4,5,T,B,R,T,3,4,1,9,4,S,4,0,T,TOYT,TT5,4C,4,17,,2,0,1283,TUN,G,,,8,285,,,,C,4160,00,U,42,0,0,000000000,00000000000,0,0,0,1,0,0,0,0,0,0,0,45,0,0,0,9,6,6,2,42,0,0,0,1,37,28504,6,1,0,0,3,0,67,999,0,0,0,0,0,0,0,0,0,1,0,0,0,0,1,2,55,1,4,2,4,0,0,1,13,1,1,4,1,1,0
37,370052,1,2,2,21,1,16,53,12,6,1,0,37,2,6,441,6441,20,2007,2A4GP54L77R3,2,A,4,G,P,5,4,L,7,7,R,3,0,T,CHRY,TOU,ES,7,17,,1,0,1193,TWC,G,,,6,230,,,,B,4267,00,,42,0,0,000000000,00000000000,0,0,0,1,0,0,0,0,0,0,0,10,0,0,0,11,11,6,2,12,0,0,0,1,37,28504,6,1,0,0,3,3,62,999,0,0,0,0,0,0,0,0,0,0,38,0,0,0,1,2,55,1,1,2,1,20,3,1,17,1,1,1,89,1,0
37,370052,2,2,1,21,1,16,53,12,6,1,0,37,1,12,481,12481,31,2007,1FTRF04577KB,1,F,T,R,F,0,4,5,7,7,K,B,0,T,FORD,F15,PK,7,17,,2,0,1260,COF,G,,,8,329,,,,B,5004,01,E,44,0,0,000000000,00000000000,0,0,0,1,0,0,0,0,0,0,0,55,0,0,0,12,12,6,2,12,0,0,0,1,37,28551,6,1,0,0,3,3,64,999,0,0,0,0,0,0,0,0,0,0,0,0,0,0,2,2,55,1,1,2,1,0,0,1,66,1,1,1,88,0,0
37,370053,1,1,2,21,1,22,47,53,0,1,0,37,2,12,17,12017,4,2001,1FAFP55U71A2,1,F,A,F,P,5,5,U,7,1,A,2,0,P,FORD,TSS,4D,1,17,3343,,0,1085,,G,,F,6,182,,,16R215,,,,,,0,0,000000000,00000000000,0,0,0,1,0,0,0,0,0,0,0,80,0,0,0,1,3,6,2,42,0,0,0,1,37,27892,6,1,0,0,3,0,69,999,0,0,0,0,0,0,0,0,0,1,28,0,0,0,1,2,55,3,1,2,1,0,0,14,12,1,1,4,6,1,1
37,370054,1,1,2,6,1,18,5,8,0,1,0,40,3,82,881,82881,66,2009,1FUJGEDR49LA,1,F,U,J,G,E,D,R,4,9,L,A,1,T,FRHT,125,TR,9,17,,8,0,0,CSC,D,,,6,903,,,,,00000,00,,64,1,57,303024,57303024,3,6,1,1,0,0,0,0,0,0,0,41,0,0,0,12,12,0,3,8,0,0,0,1,45,29720,6,1,6,0,3,0,65,233,0,0,0,0,0,0,0,0,0,0,0,0,0,0,2,2,55,1,1,2,1,0,0,3,80,1,1,1,13,0,0
37,370055,1,1,1,15,1,22,29,8,0,1,1,37,2,19,22,19022,4,2006,1G6KD57Y86U1,1,G,6,K,D,5,7,Y,8,6,U,1,0,P,CADI,TDS,4D,6,17,4009,,0,1156,,G,,F,8,281,,,17R225,,,,,,0,0,000000000,00000000000,0,0,0,1,0,0,0,0,0,0,0,35,0,0,0,12,12,2,1,8,0,0,0,1,37,28213,1,1,0,0,2,0,74,999,0,3,0,0,2,5,2008,6,2010,0,0,0,0,0,2,3,45,1,2,2,1,0,0,1,80,1,1,1,13,0,0
37,370056,1,3,2,20,1,17,56,12,6,1,0,37,1,12,442,12442,20,2003,2FMZA514X3BB,2,F,M,Z,A,5,1,4,X,3,B,B,0,T,FORD,WLX,ES,3,17,,1,0,1207,WIN,G,,,6,232,,,,B,3762,00,E,42,0,0,000000000,00000000000,0,0,0,1,0,0,0,0,0,0,0,10,0,0,0,12,12,2,1,12,0,0,0,1,37,28227,6,1,0,0,3,3,60,999,0,0,0,0,0,0,0,0,0,0,38,0,0,0,1,2,35,1,2,2,1,20,3,11,15,1,1,1,82,0,0
37,370056,2,3,1,20,1,17,56,12,6,1,0,37,2,72,706,72706,80,2010,1HD1JN516AB0,1,H,D,1,J,N,5,1,6,A,B,0,0,M,HD,FBL,RS,10,17,,,,,,,1584,,2,,4,731,,,,,,,0,0,000000000,00000000000,0,0,0,1,0,0,0,0,0,0,0,28,0,0,0,3,18,6,2,54,0,0,0,1,37,28110,1,1,0,0,2,0,67,999,0,3,2,0,0,4,2008,7,2010,0,99,99,99,99,1,2,35,1,2,2,1,0,0,1,67,4,1,1,83,1,1
37,370056,3,3,1,20,1,17,56,12,6,1,0,37,1,2,404,2404,14,2003,1J4GW58N33C5,1,J,4,G,W,5,8,N,3,3,C,5,0,T,JEEP,LMT,4W,3,17,,1,0,1059,GCK,G,,,8,287,,,,,3972,01,E,44,0,0,000000000,00000000000,0,0,0,1,0,0,0,0,0,0,0,35,0,0,0,14,14,0,1,54,0,0,0,1,37,28107,6,1,0,0,3,0,64,999,1,0,0,0,0,12,2009,12,2009,0,0,0,0,0,1,2,35,1,2,2,1,0,0,1,62,1,1,1,98,0,0
37,370057,1,2,1,27,1,15,0,12,7,1,0,37,1,7,442,7442,20,1999,2B4GP44GXXR3,2,B,4,G,P,4,4,G,X,X,R,3,0,T,DODG,GSS,ES,99,17,,1,0,1193,CAR,F,,,6,201,,,,,3856,00,E,42,0,0,000000000,00000000000,0,0,0,1,0,0,0,0,0,0,0,10,0,0,0,11,11,6,2,12,0,0,0,1,37,27103,6,1,0,0,3,3,69,999,0,0,0,0,1,11,2008,11,2008,0,27,38,0,0,3,3,50,1,1,2,1,0,0,16,10,1,1,2,47,0,0
37,370057,2,2,1,27,1,15,0,12,7,1,0,37,1,6,52,6052,6,2006,3A4FY48B96T2,3,A,4,F,Y,4,8,B,9,6,T,2,0,P,CHRY,PTC,SV,6,17,3018,,0,1030,,G,,F,4,148,,,17R205,,,,,,0,0,000000000,00000000000,0,0,0,1,0,0,0,0,0,0,0,50,0,1,5,1,61,6,2,1,0,0,0,1,37,28105,1,1,0,0,2,0,67,999,0,1,0,0,0,10,2008,10,2008,0,0,0,0,0,3,3,50,1,1,2,1,0,0,1,60,1,1,1,45,1,0
37,370058,1,2,1,6,1,15,51,12,2,1,0,37,3,82,981,82981,50,1999,4UZ6CJAA5XCB,4,U,Z,6,C,J,A,A,5,X,C,B,0,T,FRHT,FS6,BU,99,17,,7,0,0,CHA,D,,,6,439,,,,,00000,00,,42,0,77,777777777,77777777777,3,21,22,1,0,0,0,0,1,0,0,15,0,0,0,12,12,6,2,12,0,0,0,1,37,27325,6,1,6,1,3,0,66,999,0,0,0,0,0,0,0,0,0,0,38,0,0,0,1,2,45,1,1,2,1,0,0,11,15,1,1,1,68,0,0
37,370058,2,2,2,6,1,15,51,12,2,1,0,37,1,35,471,35471,30,1989,1N6ND11S0KC4,1,N,6,N,D,1,1,S,0,K,C,4,0,T,NISS,U2S,PK,89,17,,1,0,1043,D21,G,,,4,146,,,,C,2715,01,A,42,0,0,000000000,00000000000,0,0,0,1,0,0,0,0,0,0,0,60,0,0,0,12,12,6,2,12,0,0,0,1,37,27356,6,1,0,0,3,0,73,999,1,0,0,0,3,11,2008,9,2010,1,0,0,0,0,1,2,45,1,1,2,1,0,0,1,62,1,1,1,69,1,0
37,370059,1,1,2,10,1,20,15,42,0,1,0,37,2,24,2,24002,2,2002,1G8ZY12762Z1,1,G,8,Z,Y,1,2,7,6,2,Z,1,0,P,STRN,SC2,3P,2,17,2465,,0,1024,,G,,F,4,116,,,15R195,,,,,,0,0,000000000,00000000000,0,0,0,1,0,0,0,0,0,0,0,45,0,1,5,9,13,6,2,42,0,0,0,1,37,27573,6,1,0,0,3,0,69,999,1,0,0,0,0,6,2010,6,2010,1,28,0,0,0,1,2,45,2,2,2,3,0,0,14,6,1,3,4,2,1,0
37,370060,1,2,1,24,1,17,41,12,2,1,0,37,1,23,401,23401,14,2006,1GKES63M8622,1,G,K,E,S,6,3,M,8,6,2,2,0,T,GMC,E/D,4W,6,17,,2,0,1130,E/D,G,,,8,323,,,,B,4418,00,4,42,0,0,000000000,00000000000,0,0,0,1,0,0,0,0,0,0,0,51,0,0,0,12,12,6,2,12,0,0,0,1,37,27834,6,1,0,0,3,3,71,999,0,0,0,0,2,8,2010,9,2010,0,0,0,0,0,1,4,45,1,1,2,1,0,0,1,62,1,1,1,51,1,0
37,370060,2,2,1,24,1,17,41,12,2,1,0,37,2,37,31,37031,4,2008,1HGFA16508L1,1,H,G,F,A,1,6,5,0,8,L,1,0,P,HOND,UCL,4D,8,17,2751,,0,1063,,G,,F,4,110,,,16R205,,,,,,0,0,000000000,00000000000,0,0,0,1,0,0,0,0,0,0,0,998,0,0,0,12,12,6,2,12,0,0,0,1,37,27858,6,1,0,0,3,3,68,999,0,0,0,0,0,0,0,0,0,0,28,0,0,0,1,4,45,1,1,2,1,0,0,1,10,1,1,2,50,1,0
37,370061,1,1,1,29,1,15,20,53,0,1,0,37,1,53,706,53706,80,2009,JS1GX72A3921,J,S,1,G,X,7,2,A,3,9,2,1,0,M,SUZI,GXR,RC,9,17,,,,,,,1340,,4,,4,573,,,,,,,0,0,000000000,00000000000,0,0,0,1,0,0,0,0,0,0,0,70,0,0,0,12,12,6,2,30,0,0,0,1,37,28379,6,1,0,0,3,1,69,999,0,0,0,0,0,0,0,0,0,1,28,36,0,0,1,2,45,2,2,2,1,0,0,14,6,1,1,4,6,1,0
37,370062,1,1,1,1,1,10,35,52,0,1,0,37,2,7,20,7020,4,1996,1B3ES47C2TD5,1,B,3,E,S,4,7,C,2,T,D,5,0,P,DODG,NEH,4D,96,17,2443,,0,1040,,G,,F,4,122,,,14R185,,,,,,0,0,000000000,00000000000,0,0,0,1,0,0,0,0,0,0,0,45,0,1,5,12,0,6,2,1,0,0,0,1,37,28358,0,0,0,0,0,0,999,999,0,0,0,0,0,0,0,0,0,0,99,99,99,99,2,2,45,1,2,2,1,0,0,1,13,1,1,4,1,1,0
37,370063,1,2,1,17,1,18,3,12,6,1,0,37,2,37,31,37031,2,2003,1HGEM219X3L0,1,H,G,E,M,2,1,9,X,3,L,0,0,P,HOND,UAX,CP,3,17,2553,,0,1031,,G,,F,4,102,,,14R185,,,,,,0,0,000000000,00000000000,0,0,0,1,0,0,0,0,0,0,0,55,0,0,0,10,9,6,2,12,0,0,0,1,37,28348,6,1,0,0,3,3,73,999,0,0,0,0,1,11,2008,11,2008,0,38,0,0,0,1,2,55,1,1,2,2,20,3,1,17,1,1,1,89,1,0
37,370063,2,2,2,17,1,18,3,12,6,1,0,37,2,49,401,49401,14,2002,JT3GN86R6202,J,T,3,G,N,8,6,R,6,2,0,2,0,P,TOYT,RUN,UT,2,17,3740,,0,1053,,G,,F,6,206,,,15R225,,,,,,0,0,000000000,00000000000,0,0,0,1,0,0,0,0,0,0,0,55,0,0,0,12,12,6,2,12,0,0,0,1,37,27530,6,1,0,0,3,0,67,999,0,0,0,0,0,0,0,0,0,0,0,0,0,0,1,2,55,1,1,2,2,20,3,1,17,1,1,1,88,0,0
37,370064,1,1,2,18,1,14,0,34,0,1,0,37,2,12,37,12037,4,2007,1FAHP34N47W2,1,F,A,H,P,3,4,N,4,7,W,2,0,P,FORD,FMS,4D,7,17,2636,,0,1029,,G,,F,4,122,,,15R195,,,,,,0,0,000000000,00000000000,0,0,0,1,0,0,0,0,0,0,0,65,0,1,5,1,0,6,2,1,0,0,0,1,37,28364,1,1,0,0,2,0,63,999,1,1,0,0,1,1,2010,3,2010,1,36,0,0,0,1,2,55,3,4,2,1,0,0,14,6,1,1,4,1,1,1
37,370065,1,2,1,1,1,5,27,12,2,1,0,37,2,9,20,9020,4,2000,1P3ES46C0YD6,1,P,3,E,S,4,6,C,0,Y,D,6,0,P,PLYM,NLX,4D,0,17,2515,,0,1050,,G,,F,4,122,,,14R185,,,,,,0,0,000000000,00000000000,0,0,0,1,0,0,0,0,0,0,0,55,0,0,0,12,12,6,2,12,0,0,0,1,37,28384,0,0,0,0,0,0,999,999,0,0,0,0,0,0,0,0,0,0,0,0,0,0,1,2,55,1,1,2,1,0,0,1,62,1,1,1,51,1,0
37,370065,2,2,1,1,1,5,27,12,2,1,1,99,9,14,443,14443,20,1993,4M2DV11W3PDJ,4,M,2,D,V,1,1,W,3,P,D,J,0,P,MERC,VLR,SV,93,17,4047,,0,1120,,G,,F,6,182,,,000000,,,,,,0,0,000000000,00000000000,0,0,0,1,0,0,0,0,0,0,0,55,0,0,0,12,12,6,2,12,0,0,1,1,99,99999,9,9,99,9,9,9,999,999,99,99,99,99,99,99,9999,99,9999,0,28,0,0,0,1,2,55,1,1,2,1,0,0,0,10,0,0,0,50,0,0
37,370066,1,1,3,12,1,18,56,1,0,1,0,37,1,20,471,20471,30,1987,1GCCS14RXH22,1,G,C,C,S,1,4,R,X,H,2,2,0,T,CHEV,S14,PK,87,17,,1,1229,1083,S,G,,,6,173,,,,B,2492,01,,42,0,0,000000000,00000000000,0,0,0,1,0,0,0,0,0,0,0,45,0,2,1,0,0,4,9,1,0,0,0,1,37,28127,6,1,0,0,3,0,66,999,0,0,0,0,0,0,0,0,0,1,58,0,0,0,1,2,55,1,2,2,4,0,0,1,6,1,1,2,98,1,0
37,370067,1,3,1,22,1,18,30,12,6,1,0,37,2,12,401,12401,14,1977,U15GL034575,U,1,5,G,L,0,3,4,5,7,5,,0,T,FORD,U10,UT,77,11,,1,0,920,BRO,G,,,8,302,,,,B,3490,01,,44,0,0,000000000,00000000000,0,0,0,1,0,0,0,0,0,0,0,10,0,0,0,2,2,4,9,12,0,0,0,1,37,28018,6,1,6,0,3,0,76,999,0,0,0,0,1,3,2010,3,2010,0,99,99,99,99,1,2,45,3,1,2,1,28,3,11,15,1,1,2,68,0,0
37,370067,2,3,1,22,1,18,30,12,6,1,0,37,1,59,401,59401,14,2001,JTJGF10U5101,J,T,J,G,F,1,0,U,5,1,0,1,0,P,LEXS,RX3,UT,1,17,3715,,0,1031,,G,,F,6,183,,,16R225,,,,,,0,0,000000000,00000000000,0,0,0,1,0,0,0,0,0,0,0,10,0,0,0,12,12,4,9,12,0,0,0,1,37,28043,6,1,0,0,3,3,66,999,0,0,0,0,1,12,2010,12,2010,0,0,0,0,0,1,2,45,3,1,2,1,28,3,14,18,1,1,1,98,0,0
37,370067,3,3,1,22,1,18,30,12,6,1,0,92,0,99,709,99709,81,9999,000000000000,0,0,0,0,0,0,0,0,0,0,0,0,0,,,,,,,,,,,,,,,,,,,,,,,,,0,0,000000000,00000000000,0,0,0,1,0,0,0,0,0,0,0,998,0,0,0,12,12,9,9,12,0,0,0,1,37,28018,0,0,0,0,1,0,71,999,0,0,0,0,2,1,2009,3,2009,0,99,99,99,99,1,2,45,2,1,2,1,28,3,14,62,1,1,1,69,1,0
37,370068,1,1,3,28,1,22,11,42,0,1,0,37,2,20,16,20016,4,2003,1G1JC52F3372,1,G,1,J,C,5,2,F,3,3,7,2,0,P,CHEV,CAV,4D,3,17,2971,,0,1041,,G,,F,4,134,,,14R195,,,,,,0,0,000000000,00000000000,0,0,0,1,0,0,0,0,0,0,0,60,0,0,0,3,3,6,2,42,0,0,0,1,37,28139,6,2,0,0,3,2,72,999,0,0,0,0,0,0,0,0,0,1,36,73,0,0,1,2,98,1,2,2,1,0,0,1,12,1,1,4,6,1,1
37,370069,1,1,2,7,1,16,38,42,0,1,0,37,1,12,481,12481,31,1969,000000F10YND,0,0,0,0,0,0,F,1,0,Y,N,D,0,T,FORD,,,69,17,,,,,,,,,,,,,,,,,,,0,0,000000000,00000000000,0,0,0,1,0,0,0,0,0,0,0,65,0,0,0,12,12,6,2,42,0,0,0,1,37,28128,3,1,0,0,2,0,74,999,0,0,0,1,2,10,2008,8,2010,1,28,0,0,0,1,2,50,1,1,2,1,0,0,1,13,1,1,4,1,1,1
37,370070,1,2,1,14,1,18,38,12,1,1,0,37,1,86,881,86881,62,1986,VG6M111A8GB0,V,G,6,M,1,1,1,A,8,G,B,0,0,T,MACK,MS2,TB,86,17,,6,0,0,200,D,,,6,335,,,,,00000,00,,42,0,88,888888888,88888888888,2,1,1,1,0,0,0,0,0,0,0,0,0,0,0,6,6,6,2,12,0,0,0,1,37,27925,6,1,0,0,3,3,68,999,0,0,0,0,0,0,0,0,0,0,24,0,0,0,1,2,55,1,1,2,1,0,0,5,98,1,1,1,21,0,0
37,370070,2,2,1,14,1,18,38,12,1,1,0,37,2,63,34,63034,4,2007,KNAGE1233751,K,N,A,G,E,1,2,3,3,7,5,1,0,P,KIA,OLE,4D,7,17,3142,,0,1071,,G,,F,4,146,,,16R205,,,,,,0,0,000000000,00000000000,0,0,0,1,0,0,0,0,0,0,0,62,0,0,0,12,12,6,2,12,0,0,0,1,37,27925,6,1,0,0,3,0,69,999,1,0,0,0,1,10,2008,11,2008,1,36,0,0,0,1,2,55,1,1,2,1,0,0,1,50,1,1,1,20,1,0
37,370071,1,2,1,16,1,11,19,12,6,1,0,37,1,53,403,53403,14,1997,JS3LA11S5V41,J,S,3,L,A,1,1,S,5,V,4,1,0,P,SUZI,X90,UT,97,17,2346,,0,866,,G,,F,4,097,,,15R195,,,,,,0,0,000000000,00000000000,0,0,0,1,0,0,0,0,0,0,0,5,0,0,0,3,3,6,2,12,0,0,0,1,37,28216,6,1,0,0,3,3,64,999,0,0,0,0,0,0,0,0,0,0,38,0,0,0,2,4,55,1,1,2,1,0,0,11,15,1,1,2,68,0,0
37,370071,2,2,1,16,1,11,19,12,6,1,0,37,2,53,705,53705,80,2006,JS1GN7DA7621,J,S,1,G,N,7,D,A,7,6,2,1,0,M,SUZI,K6R,RC,6,17,,,,,,,599,,4,,4,354,,,,,,,0,0,000000000,00000000000,0,0,0,1,0,0,0,0,0,0,0,50,0,0,0,12,12,6,2,12,0,0,0,1,37,28110,1,1,0,0,2,0,72,999,0,2,0,0,1,3,2008,2,2010,0,0,0,0,0,2,4,55,1,1,2,1,0,0,1,55,1,1,1,69,1,0
37,370072,1,1,1,27,1,23,30,9,0,1,1,37,1,37,403,37403,14,2010,5J6YH1H97AL0,5,J,6,Y,H,1,H,9,7,A,L,0,0,P,HOND,ELE,UT,10,17,3597,,0,1014,,G,,F,4,146,,,18R225,,,,,,0,0,000000000,00000000000,0,0,0,1,0,0,0,0,0,0,0,45,0,0,0,12,12,4,1,9,0,0,0,1,37,28205,6,1,0,0,3,0,73,999,0,0,0,1,0,9,2008,9,2008,0,0,0,0,0,1,2,45,1,1,2,1,0,0,1,80,1,1,1,13,0,1
37,370073,1,2,1,27,1,11,16,12,1,1,0,37,1,12,481,12481,31,1996,1FTEX15N2TKA,1,F,T,E,X,1,5,N,2,T,K,A,0,T,FORD,F15,PC,96,17,,2,1550,1390,COF,G,,,8,302,,,,B,00000,00,M,42,0,0,000000000,00000000000,0,0,0,1,0,0,0,0,0,0,0,59,0,0,0,12,12,6,2,12,0,0,0,1,37,28135,0,0,0,0,0,0,999,999,0,0,0,0,0,0,0,0,0,1,36,0,0,0,2,4,45,1,1,2,1,3,3,1,52,1,1,1,28,1,0
37,370073,2,2,1,27,1,11,16,12,1,1,0,45,3,82,881,82881,66,2005,1FUJBBCK15LV,1,F,U,J,B,B,C,K,1,5,L,V,1,T,FRHT,ST2,TR,5,17,,8,0,0,CON,D,,,6,858,,,,,00000,00,,64,1,57,1804356,571804356,3,6,1,1,0,0,0,0,0,0,0,20,0,0,0,6,6,2,1,12,0,0,0,1,45,29020,6,1,6,0,3,0,71,235,0,0,0,0,0,0,0,0,0,0,0,0,0,0,2,4,45,1,1,2,1,3,3,2,18,1,1,1,29,0,0
37,370074,1,2,3,1,1,4,23,8,0,1,1,37,2,7,24,7024,4,2006,2B3KA43R16H4,2,B,3,K,A,4,3,R,1,6,H,4,0,P,DODG,CTL,4D,6,17,3654,,0,1200,,G,,F,6,165,,,17R215,,,,,,0,0,000000000,00000000000,0,0,0,1,0,0,0,0,0,0,0,59,0,0,0,2,2,6,2,8,0,0,0,1,37,27601,1,1,0,0,2,0,70,999,0,0,0,0,1,2,2010,2,2010,0,38,0,0,0,3,5,60,1,2,2,1,0,0,1,80,1,1,1,13,0,1
37,370074,2,2,0,1,1,4,23,8,0,1,0,37,6,12,401,12401,14,1996,1FMDU32X1TUA,1,F,M,D,U,3,2,X,1,T,U,A,0,P,FORD,EPR,UT,96,17,3952,,0,1115,,G,,F,6,245,,,15R225,,,,,,0,0,000000000,00000000000,0,0,0,1,0,0,0,0,0,0,0,3,0,0,0,9,8,6,2,12,33,0,0,0,0,99997,7,6,97,7,6,7,998,997,998,998,998,998,998,98,9998,98,9998,8,0,0,0,0,3,5,60,1,2,2,1,0,0,0,98,0,0,0,98,0,0
37,370075,1,2,1,4,1,9,33,12,6,1,0,37,1,12,17,12017,4,2001,1FAFP55U41A2,1,F,A,F,P,5,5,U,4,1,A,2,0,P,FORD,TSS,4D,1,17,3343,,0,1085,,G,,F,6,182,,,16R215,,,,,,0,0,000000000,00000000000,0,0,0,1,0,0,0,0,0,0,0,79,0,0,0,3,3,6,2,12,0,0,0,1,37,27617,6,1,0,0,3,3,66,999,0,0,0,0,0,0,0,0,0,1,28,36,0,0,1,2,45,3,2,2,1,0,0,14,6,1,1,2,66,1,0
37,370075,2,2,2,4,1,9,33,12,6,1,0,37,1,51,43,51043,4,1999,YV1LS56D2X26,Y,V,1,L,S,5,6,D,2,X,2,6,0,P,VOLV,SGL,4D,99,17,3252,,0,1049,,G,,T,5,149,,,15R195,,,,,,0,0,000000000,00000000000,0,0,0,1,0,0,0,0,0,0,0,45,0,0,0,12,12,6,2,12,0,0,0,1,37,27613,6,1,0,0,3,3,64,999,0,0,0,0,0,0,0,0,0,0,0,0,0,0,1,2,45,2,2,2,1,0,0,14,62,1,1,1,66,0,0
37,370076,1,5,1,7,1,9,43,12,6,1,0,37,1,49,403,49403,14,2005,JTEDP21A8500,J,T,E,D,P,2,1,A,8,5,0,0,0,P,TOYT,HIG,UT,5,17,3520,,0,1069,,G,,F,6,202,,,16R225,,,,,,0,0,000000000,00000000000,0,0,0,1,0,0,0,0,0,0,0,35,0,0,0,11,11,6,2,12,0,0,0,1,37,27609,6,1,0,0,3,0,61,999,0,0,0,0,0,0,0,0,0,0,0,0,0,0,1,4,35,1,1,2,1,3,3,1,17,1,1,1,90,1,0
37,370076,2,5,1,7,1,9,43,12,6,1,0,26,1,23,481,23481,31,2004,1GTHK29234E3,1,G,T,H,K,2,9,2,3,4,E,3,0,T,GMC,2KH,4C,4,17,,2,1575,1430,SIE,D,,,8,403,,,,C,5828,00,U,44,0,0,000000000,00000000000,0,0,0,1,0,0,0,0,0,0,0,45,0,0,0,1,1,6,2,12,0,0,0,1,26,48428,6,1,0,0,3,0,63,170,0,0,0,0,0,0,0,0,0,0,38,39,0,0,1,4,45,1,1,2,1,3,3,1,17,1,1,1,90,0,0