STATE,ST_CASE,VEH_NO,VE_FORMS,NUMOCCS,DAY,MONTH,HOUR,MINUTE,HARM_EV,MAN_COLL,UNITTYPE,HIT_RUN,REG_STAT,OWNER,MAKE,MODEL,MAK_MOD,BODY_TYP,MOD_YEAR,VIN,VIN_1,VIN_2,VIN_3,VIN_4,VIN_5,VIN_6,VIN_7,VIN_8,VIN_9,VIN_10,VIN_11,VIN_12,TOW_VEH,VINTYPE,VINMAKE,VINA_MOD,VIN_BT,VINMODYR,VIN_LNGT,VIN_WGT,WGTCD_TR,WHLBS_LG,WHLBS_SH,SER_TR,FUELCODE,MCYCL_DS,CARBUR,CYLINDER,DISPLACE,MCYCL_CY,MCYCL_WT,TIRE_SZE,TON_RAT,TRK_WT,TRKWTVAR,VIN_REST,WHLDRWHL,J_KNIFE,MCARR_I1,MCARR_I2,MCARR_ID,GVWR,V_CONFIG,CARGO_BT,HAZ_INV,HAZ_PLAC,HAZ_ID,HAZ_CNO,HAZ_REL,BUS_USE,SPEC_USE,EMER_USE,TRAV_SP,UNDERIDE,ROLLOVER,ROLINLOC,IMPACT1,IMPACT2,DEFORMED,TOWED,M_HARM,VEH_SC1,VEH_SC2,FIRE_EXP,DR_PRES,L_STATE,DR_ZIP,L_STATUS,L_TYPE,CDL_STAT,L_ENDORS,L_COMPL,L_RESTRI,DR_HGT,DR_WGT,PREV_ACC,PREV_SUS,PREV_DWI,PREV_SPD,PREV_OTH,FIRST_MO,FIRST_YR,LAST_MO,LAST_YR,SPEEDREL,DR_SF1,DR_SF2,DR_SF3,DR_SF4,VTRAFWAY,VNUM_LAN,VSPD_LIM,VALIGN,VPROFILE,VPAVETYP,VSURCOND,VTRAFCON,VTCONT_F,P_CRASH1,P_CRASH2,P_CRASH3,PCRASH4,PCRASH5,ACC_TYPE,DEATHS,DR_DRINK
37,370076,3,5,1,7,1,9,43,12,6,1,0,37,1,51,47,51047,4,2002,YV1RS58D3221,Y,V,1,R,S,5,8,D,3,2,2,1,0,P,VOLV,S6T,4D,2,17,3397,,0,1069,,G,,T,5,149,,,16R205,,,,,,0,0,000000000,00000000000,0,0,0,1,0,0,0,0,0,0,0,0,0,0,0,11,11,4,1,12,0,0,0,1,37,27612,6,1,0,0,3,0,74,999,1,1,0,0,3,8,2008,9,2010,0,0,0,0,0,1,4,45,1,1,2,1,3,3,5,62,1,1,1,98,0,0
37,370076,4,5,1,7,1,9,43,12,6,1,0,37,2,49,32,49032,4,1996,2T1BB02E2TC1,2,T,1,B,B,0,2,E,2,T,C,1,0,P,TOYT,CRD,4D,96,17,2381,,0,970,,G,,F,4,108,,,14R185,,,,,,0,0,000000000,00000000000,0,0,0,1,0,0,0,0,0,0,0,0,0,0,0,11,11,6,2,54,0,0,0,1,37,27616,6,1,0,0,3,0,61,999,1,0,0,0,0,7,2008,7,2008,0,0,0,0,0,1,4,45,1,1,2,1,3,3,5,62,1,1,1,98,0,0
37,370076,5,5,1,7,1,9,43,12,6,1,0,37,1,55,35,55035,4,2005,KMHDN46D75U0,K,M,H,D,N,4,6,D,7,5,U,0,0,P,HYUN,EST,4D,5,17,2635,,0,1027,,G,,F,4,121,,,15R195,,,,,,0,0,000000000,00000000000,0,0,0,1,0,0,0,0,0,0,0,0,0,0,0,12,12,2,1,54,0,0,0,1,37,27616,6,1,0,0,3,0,68,999,0,0,0,0,0,0,0,0,0,0,0,0,0,0,1,4,45,1,1,2,1,3,3,5,62,1,1,1,98,0,0
37,370077,1,1,1,20,1,12,59,9,0,1,0,37,3,82,981,82981,50,2000,4UZ6CJAA9YCG,4,U,Z,6,C,J,A,A,9,Y,C,G,0,T,FRHT,FS6,BU,0,17,,7,0,0,CHA,D,,,6,439,,,,,00000,00,,42,0,88,888888888,88888888888,2,21,22,1,0,0,0,0,1,0,0,15,0,0,0,8,8,2,1,9,0,0,0,1,37,27603,6,1,6,1,3,3,66,999,0,0,0,0,0,0,0,0,0,0,0,0,0,0,2,4,45,1,2,2,1,3,3,11,15,1,1,1,13,0,0
37,370078,1,2,1,8,1,8,14,12,6,1,0,37,1,12,37,12037,4,2006,1FAHP34N46W2,1,F,A,H,P,3,4,N,4,6,W,2,0,P,FORD,ZX4,4D,6,17,2676,,0,1029,,G,,F,4,122,,,15R195,,,,,,0,0,000000000,00000000000,0,0,0,1,0,0,0,0,0,0,0,10,0,0,0,9,9,6,2,12,0,0,0,1,37,27545,6,1,0,0,3,3,66,999,0,0,0,0,0,0,0,0,0,0,0,0,0,0,1,4,35,1,1,2,1,20,3,11,15,1,1,1,82,1,0
37,370078,2,2,1,8,1,8,14,12,6,1,0,37,2,12,401,12401,14,2002,1FMZU73W92ZB,1,F,M,Z,U,7,3,W,9,2,Z,B,0,P,FORD,EPR,UT,2,17,4378,,0,1137,,G,,F,8,281,,,16R235,,,,,,0,0,000000000,00000000000,0,0,0,1,0,0,0,0,0,0,0,35,0,0,0,12,12,6,2,12,0,0,0,1,37,27616,6,1,0,0,3,0,61,999,0,0,0,0,0,0,0,0,0,0,0,0,0,0,1,4,35,1,1,2,1,0,0,1,54,1,1,1,83,0,0
37,370079,1,1,1,15,1,3,23,42,0,1,0,37,1,12,401,12401,14,2007,1FMEU74E27UB,1,F,M,E,U,7,4,E,2,7,U,B,0,P,FORD,EPR,UT,7,17,4615,,0,1137,,G,,F,6,244,,,17R245,,,,,,0,0,000000000,00000000000,0,0,0,1,0,0,0,0,0,0,0,100,0,1,3,12,12,6,2,1,0,0,0,1,37,27617,6,1,0,0,3,3,72,999,0,0,0,0,0,0,0,0,0,1,36,0,0,0,3,4,55,2,1,2,1,0,0,14,6,1,1,4,6,1,1
37,370080,1,1,1,30,1,19,29,35,0,1,0,37,1,49,402,49402,14,1999,JT3GP10V5X70,J,T,3,G,P,1,0,V,5,X,7,0,0,P,TOYT,RV4,UT,99,17,2585,,0,949,,G,,F,4,122,,,16R215,,,,,,0,0,000000000,00000000000,0,0,0,1,0,0,0,0,0,0,0,70,0,0,0,12,12,6,2,35,0,0,0,1,37,27804,6,1,0,0,3,3,64,999,0,0,0,0,0,0,0,0,0,1,36,0,0,0,1,2,45,3,1,2,1,0,0,14,6,1,1,4,1,1,0
37,370081,1,2,1,9,1,14,30,12,6,1,0,37,1,54,35,54035,4,2004,19UUA66224A0,1,9,U,U,A,6,6,2,2,4,A,0,0,P,ACUR,ATL,4D,4,17,3575,,0,1081,,G,,F,6,197,,,17R235,,,,,,0,0,000000000,00000000000,0,0,0,1,0,0,0,0,0,0,0,20,0,0,0,12,12,4,1,12,0,0,0,1,37,27530,6,1,0,0,3,0,64,999,1,0,0,3,2,5,2008,12,2010,0,38,0,0,0,1,2,35,1,1,2,1,0,0,11,54,1,1,2,82,0,0
37,370081,2,2,1,9,1,14,30,12,6,1,0,92,0,98,709,98709,81,2006,000000000000,0,0,0,0,0,0,0,0,0,0,0,0,0,,,,,,,,,,,,,,,,,,,,,,,,,0,0,000000000,00000000000,0,0,0,1,0,0,0,0,0,0,0,35,0,0,0,3,3,6,2,12,0,0,0,1,37,27534,1,1,0,0,1,0,68,999,0,1,1,0,0,5,2008,5,2009,0,0,0,0,0,1,2,35,1,1,2,1,0,0,1,71,1,1,1,83,1,0
37,370082,1,1,1,12,1,15,48,23,0,1,0,37,1,14,36,14036,6,1995,3MASM15J3SR6,3,M,A,S,M,1,5,J,3,S,R,6,0,P,MERC,TTO,SW,95,17,2498,,0,984,,G,,F,4,114,,,14R175,,,,,,0,0,000000000,00000000000,0,0,0,1,0,0,0,0,0,0,0,55,0,0,0,12,6,6,2,23,0,0,0,1,37,28659,6,1,0,0,3,0,67,999,0,0,0,0,1,4,2010,4,2010,0,0,0,0,0,1,2,55,1,4,2,1,0,0,1,13,1,1,4,1,1,0
37,370083,1,2,1,7,1,18,40,12,2,1,0,37,1,49,40,49040,4,1992,4T1SK12E6NU0,4,T,1,S,K,1,2,E,6,N,U,0,0,P,TOYT,CLE,4D,92,17,3053,,0,1031,,G,,F,4,132,,,000000,,,,,,0,0,000000000,00000000000,0,0,0,1,0,0,0,0,0,0,0,55,0,0,0,12,12,6,2,12,0,0,0,1,37,27893,6,1,0,0,3,2,72,999,1,0,0,0,1,7,2008,8,2008,0,28,74,0,0,1,2,55,2,1,2,1,0,0,14,10,1,1,2,50,0,0
37,370083,2,2,1,7,1,18,40,12,2,1,0,37,1,49,40,49040,4,1995,4T1SK11E3SU4,4,T,1,S,K,1,1,E,3,S,U,4,0,P,TOYT,CAX,4D,95,17,2932,,0,1031,,G,,F,4,132,,,14R195,,,,,,0,0,000000000,00000000000,0,0,0,1,0,0,0,0,0,0,0,55,0,0,0,12,12,6,2,12,0,0,0,1,37,27893,6,1,0,0,3,3,64,999,0,0,0,0,0,0,0,0,0,0,0,0,0,0,1,2,55,3,1,2,1,0,0,14,62,1,1,1,51,1,0
37,370084,1,1,1,27,1,9,15,42,0,1,0,45,2,12,401,12401,14,2003,1FMDU75K03UA,1,F,M,D,U,7,5,K,0,3,U,A,0,P,FORD,EPR,UT,3,17,4094,,0,1137,,F,,F,6,245,,,17R245,,,,,,0,0,000000000,00000000000,0,0,0,1,0,0,0,0,0,0,0,55,0,0,0,12,12,6,2,2,0,0,1,1,45,29570,6,1,0,0,3,0,60,230,0,0,0,0,0,0,0,0,0,0,28,0,0,0,1,2,55,1,2,2,1,0,0,1,12,1,1,4,6,1,0
37,370085,1,1,1,19,2,18,0,1,0,1,0,37,2,37,706,37706,80,2003,JH2SC50013M1,J,H,2,S,C,5,0,0,1,3,M,1,0,M,HOND,CR9,RC,3,17,,,,,,,954,,4,,4,370,,,,,,,0,0,000000000,00000000000,0,0,0,1,0,0,0,0,0,0,0,80,0,0,0,0,12,6,2,1,0,0,0,1,37,28681,6,1,6,0,3,3,69,999,0,0,0,0,1,7,2009,7,2009,0,36,0,0,0,1,2,55,1,1,2,1,0,0,1,13,1,1,4,1,1,0
37,370086,1,1,1,16,2,2,45,35,0,1,0,37,2,20,39,20039,5,2008,KL1TD666X8B1,K,L,1,T,D,6,6,6,X,8,B,1,0,P,CHEV,ABS,5D,8,17,2343,,0,976,,G,,F,4,098,,,14R185,,,,,,0,0,000000000,00000000000,0,0,0,1,0,0,0,0,0,0,0,60,0,1,5,1,12,6,2,42,0,0,0,1,37,28470,6,1,0,0,3,0,69,999,0,1,0,0,0,5,2008,5,2008,0,28,36,58,0,2,2,60,1,1,2,1,0,0,1,13,1,1,4,1,1,0
37,370087,1,2,1,1,2,6,26,12,2,1,0,37,2,49,46,49046,4,2008,JTDKB20U3834,J,T,D,K,B,2,0,U,3,8,3,4,0,P,TOYT,PRI,4H,8,17,2932,,0,1063,,B,,F,4,091,,,15R185,,,,,,0,0,000000000,00000000000,0,0,0,1,0,0,0,0,0,0,0,35,0,0,0,12,12,6,2,12,36,0,0,1,37,28806,1,1,0,0,2,0,71,999,1,0,0,0,1,10,2010,12,2010,1,28,0,0,0,1,2,30,2,1,2,1,0,0,14,10,1,1,2,50,0,1
37,370087,2,2,2,1,2,6,26,12,2,1,0,37,1,30,46,30046,4,2003,WVWPD63B93P0,W,V,W,P,D,6,3,B,9,3,P,0,0,P,VOLK,PGS,4D,3,17,3156,,0,1064,,G,,T,4,109,,,15R195,,,,,,0,0,000000000,00000000000,0,0,0,1,0,0,0,0,0,0,0,30,0,0,0,12,12,6,2,12,0,0,0,1,37,28806,6,1,0,0,3,3,74,999,1,0,0,0,1,6,2008,7,2009,0,0,0,0,0,1,2,30,3,1,2,1,0,0,14,62,1,1,1,51,1,0
37,370088,1,1,1,23,2,2,20,1,0,1,0,13,2,2,404,2404,14,2004,1J4GX48S84C1,1,J,4,G,X,4,8,S,8,4,C,1,0,T,JEEP,LCF,4W,4,17,,1,0,1059,GCK,G,,,6,244,,,,,3683,02,E,42,0,0,000000000,00000000000,0,0,0,1,0,0,0,0,0,0,0,70,0,2,5,0,0,6,2,1,0,0,0,1,37,28806,1,1,0,0,2,0,999,999,0,1,0,0,0,11,2009,11,2009,1,28,0,0,0,1,4,45,3,2,2,1,0,0,14,12,1,1,4,6,1,1
37,370089,1,1,1,6,2,21,25,42,0,1,0,37,2,7,43,7043,4,1996,1B3EJ46CXTN1,1,B,3,E,J,4,6,C,X,T,N,1,0,P,DODG,STR,4D,96,17,2859,,0,1080,,G,,F,4,122,,,14R195,,,,,,0,0,000000000,00000000000,0,0,0,1,0,0,0,0,0,0,0,85,0,0,0,9,9,6,2,42,0,0,0,1,37,28690,0,0,0,0,0,0,69,999,0,1,0,0,1,7,2009,3,2010,1,28,36,0,0,1,2,55,2,1,2,1,0,0,14,13,1,1,4,1,1,0
37,370090,1,1,1,18,2,23,25,23,0,1,0,37,2,2,404,2404,14,1998,1J4GZ58Y1WC2,1,J,4,G,Z,5,8,Y,1,W,C,2,0,T,JEEP,LRT,4W,98,17,,1,0,1059,GCK,G,,,8,318,,,,,3708,01,E,44,0,0,000000000,00000000000,0,0,0,1,0,0,0,0,0,0,0,65,0,0,0,12,12,6,2,23,0,0,1,1,37,28638,1,1,0,0,2,0,73,999,0,0,0,0,0,0,0,0,0,0,28,36,0,0,1,2,55,1,1,2,1,0,0,1,13,1,1,4,1,1,1
37,370091,1,1,1,5,2,17,11,34,0,1,0,37,1,12,481,12481,31,2004,1FTNX21P94EC,1,F,T,N,X,2,1,P,9,4,E,C,0,T,FORD,F2S,4C,4,17,,2,1580,1418,SRW,D,,,8,366,,,,C,5949,00,U,44,0,0,000000000,00000000000,0,0,0,1,0,0,0,0,0,0,0,55,0,1,5,11,11,6,2,1,0,0,0,1,37,27315,6,1,0,0,3,0,67,999,0,0,0,0,0,0,0,0,0,1,28,58,0,0,1,2,45,3,1,2,1,0,0,14,12,1,1,4,6,1,1
37,370092,1,3,1,8,2,18,43,12,8,1,0,37,1,20,481,20481,31,1999,1GCGK29U3XZ1,1,G,C,G,K,2,9,U,3,X,Z,1,0,T,CHEV,SK2,3C,99,17,,2,1575,1435,SIL,G,,,8,364,,,,C,00000,00,,44,0,0,000000000,00000000000,0,0,0,1,0,0,0,0,0,0,0,80,0,1,5,11,11,6,2,1,0,0,0,1,37,28673,6,1,0,0,3,0,72,999,0,1,0,0,2,3,2010,9,2010,1,28,36,0,0,1,2,45,1,1,2,1,0,0,1,10,1,1,2,64,0,1
37,370092,2,3,3,8,2,18,43,12,8,1,0,37,3,7,482,7482,31,2009,3D6WC78L29G5,3,D,6,W,C,7,8,L,2,9,G,5,0,T,DODG,L5T,CH,9,17,,5,1885,1645,RPC,D,,,6,408,,,,E,00000,00,E,42,0,0,000000000,00000000000,0,0,0,1,0,0,0,0,0,0,0,45,0,0,0,11,11,4,1,12,0,0,0,1,37,28092,6,1,0,0,3,0,66,999,0,0,0,0,0,0,0,0,0,0,0,0,0,0,1,2,45,1,1,2,1,0,0,1,62,1,1,1,65,0,0
37,370092,3,3,2,8,2,18,43,12,8,1,0,37,1,14,17,14017,4,2003,1MEFM55S13A6,1,M,E,F,M,5,5,S,1,3,A,6,0,P,MERC,SLP,4D,3,17,3369,,0,1085,,G,,F,6,182,,,16R215,,,,,,0,0,000000000,00000000000,0,0,0,1,0,0,0,0,0,0,0,45,0,0,0,11,11,6,2,12,0,0,0,1,37,28037,6,1,0,0,3,0,62,999,0,0,0,0,0,0,0,0,0,0,0,0,0,0,1,2,45,1,1,2,1,0,0,1,62,1,1,1,98,1,0
37,370093,1,1,2,12,2,0,48,34,0,1,0,37,1,20,481,20481,31,2004,2GCEK13T6414,2,G,C,E,K,1,3,T,6,4,1,4,0,T,CHEV,SK1,CW,4,17,,2,0,1435,SIL,G,,,8,323,,,,B,5244,00,,44,0,0,000000000,00000000000,0,0,0,1,0,0,0,0,0,0,0,55,0,1,5,12,12,6,2,1,0,0,0,1,37,28586,1,1,0,0,2,0,69,999,0,1,0,0,3,3,2008,9,2010,0,28,51,58,0,1,2,55,2,1,2,4,0,0,14,12,1,1,4,6,1,1
37,370094,1,1,3,18,2,6,41,30,0,1,0,37,2,49,32,49032,4,2006,2T1BR32EX6C7,2,T,1,B,R,3,2,E,X,6,C,7,0,P,TOYT,UCS,4D,6,17,2530,,0,1024,,G,,F,4,109,,,15R185,,,,,,0,0,000000000,00000000000,0,0,0,1,0,0,0,0,0,0,0,60,0,0,0,12,12,6,2,30,0,0,0,1,37,28391,1,1,0,0,2,0,70,999,0,2,0,0,0,12,2008,9,2010,0,36,0,0,0,1,3,45,1,3,2,2,0,0,1,13,1,1,4,1,1,1
37,370095,1,3,1,23,2,16,22,12,6,1,0,37,3,12,481,12481,31,1999,1FDNF20L1XEB,1,F,D,N,F,2,0,L,1,X,E,B,0,T,FORD,F2S,PK,99,17,,2,0,1370,SRW,G,,,8,330,,,,C,4960,00,U,42,0,0,000000000,00000000000,0,0,0,1,0,0,0,0,0,0,0,55,0,0,0,12,12,6,2,12,0,0,0,1,37,28312,6,1,0,0,3,0,76,999,0,0,0,0,0,0,0,0,0,0,39,0,0,0,2,2,55,1,1,2,1,3,3,1,66,1,1,1,86,0,0
37,370095,2,3,1,23,2,16,22,12,6,1,0,37,3,55,36,55036,3,2011,KMHCM3AC0BU1,K,M,H,C,M,3,A,C,0,B,U,1,0,P,HYUN,AGL,2H,11,17,2467,,0,0,,G,,F,4,098,,,000000,,,,,,0,0,000000000,00000000000,0,0,0,1,0,0,0,0,0,0,0,35,0,0,0,3,3,6,2,12,0,0,0,1,37,28305,6,1,0,0,3,0,73,999,0,0,0,0,0,0,0,0,0,0,0,0,0,0,2,2,35,1,1,2,1,3,3,1,17,1,1,1,87,1,0
37,370095,3,3,2,23,2,16,22,12,6,1,0,37,1,63,402,63402,14,2007,KNDJD7369757,K,N,D,J,D,7,3,6,9,7,5,7,0,P,KIA,SOR,UT,7,17,4083,,0,1067,,G,,F,6,232,,,16R245,,,,,,0,0,000000000,00000000000,0,0,0,1,0,0,0,0,0,0,0,0,0,0,0,12,12,2,1,12,0,0,0,1,37,28390,6,1,0,0,3,3,68,999,0,0,0,0,0,0,0,0,0,0,0,0,0,0,8,8,35,8,8,2,1,3,3,5,62,1,1,1,98,0,0
37,370096,1,3,1,17,2,8,11,12,2,1,0,37,1,12,17,12017,4,2003,1FAFP53UX3G2,1,F,A,F,P,5,3,U,X,3,G,2,0,P,FORD,TSE,4D,3,17,3336,,0,1085,,G,,F,6,182,,,16R215,,,,,,0,0,000000000,00000000000,0,0,0,1,0,0,0,0,0,0,0,40,0,0,0,12,12,6,2,12,0,0,0,1,37,27028,6,1,0,0,3,3,65,999,0,0,0,0,0,0,0,0,0,0,51,0,0,0,3,2,70,1,2,2,1,0,0,1,19,1,1,1,52,1,0
37,370096,2,3,1,17,2,8,11,12,2,1,0,37,1,49,40,49040,4,1998,4T1BG22K0WU2,4,T,1,B,G,2,2,K,0,W,U,2,0,P,TOYT,CXL,4D,98,17,2998,,0,1051,,G,,F,4,132,,,14R195,,,,,,0,0,000000000,00000000000,0,0,0,1,0,0,0,0,0,0,0,65,0,0,0,12,12,6,2,12,0,0,0,1,37,27284,6,1,0,0,3,0,70,999,0,0,0,0,0,0,0,0,0,0,0,0,0,0,3,2,70,1,2,2,1,0,0,1,54,1,1,1,52,0,0
37,370096,3,3,2,17,2,8,11,12,2,1,0,37,2,59,35,59035,4,2007,JTHCK2624720,J,T,H,C,K,2,6,2,4,7,2,0,0,P,LEXS,A25,4D,7,17,3651,,0,1074,,G,,F,6,153,,,17R225,,,,,,0,0,000000000,00000000000,0,0,0,1,0,0,0,0,0,0,0,65,0,0,0,12,12,6,2,12,0,0,0,1,37,27106,6,1,0,0,3,3,63,999,1,0,0,0,0,9,2010,9,2010,0,0,0,0,0,3,2,70,1,2,2,1,0,0,1,54,7,1,2,98,0,0
37,370097,1,4,1,24,2,13,18,1,0,1,0,37,1,20,16,20016,4,2003,1G1JF52F3372,1,G,1,J,F,5,2,F,3,3,7,2,0,P,CHEV,CAS,4D,3,17,2676,,0,1041,,G,,F,4,134,,,15R195,,,,,,0,0,000000000,00000000000,0,0,0,1,0,0,0,0,0,0,0,70,0,2,3,0,12,6,2,12,0,0,0,1,37,27040,6,1,0,0,3,3,59,999,0,0,0,1,0,12,2008,12,2008,0,28,0,0,0,3,2,70,1,1,2,2,0,0,1,12,1,1,4,98,1,0
37,370097,2,4,2,24,2,13,18,1,0,1,0,37,1,24,401,24401,14,2008,3GSCL33P18S5,3,G,S,C,L,3,3,P,1,8,S,5,0,P,STRN,VUE,UT,8,17,3825,,0,1066,,G,,F,4,146,,,16R235,,,,,,0,0,000000000,00000000000,0,0,0,1,0,0,0,0,0,0,0,70,0,0,0,12,12,6,2,12,0,0,0,1,37,27107,6,1,0,0,3,3,70,999,2,0,0,0,3,4,2008,10,2010,0,0,0,0,0,3,2,70,1,1,2,2,0,0,1,62,1,1,1,98,1,0
37,370097,3,4,1,24,2,13,18,1,0,1,0,37,1,6,41,6041,4,2003,2C3HD36M93H5,2,C,3,H,D,3,6,M,9,3,H,5,0,P,CHRY,CIX,4D,3,17,3392,,0,1130,,G,,F,6,215,,,16R225,,,,,,0,0,000000000,00000000000,0,0,0,1,0,0,0,0,0,0,0,70,0,0,0,12,12,6,2,12,0,0,0,1,37,27028,6,1,0,0,3,3,68,999,0,0,0,0,0,0,0,0,0,0,0,0,0,0,3,2,70,1,1,2,2,0,0,1,62,1,1,1,98,1,0
37,370097,4,4,1,24,2,13,18,1,0,1,0,37,2,49,40,49040,4,1995,4T1SK12E7SU6,4,T,1,S,K,1,2,E,7,S,U,6,0,P,TOYT,CLE,4D,95,17,3086,,0,1031,,G,,F,4,132,,,14R195,,,,,,0,0,000000000,00000000000,0,0,0,1,0,0,0,0,0,0,0,70,0,0,0,3,3,6,2,12,0,0,0,1,37,27028,6,1,0,0,3,0,69,999,0,1,0,0,1,6,2008,4,2009,0,0,0,0,0,3,2,70,1,1,2,2,0,0,1,62,1,1,1,98,0,0
37,370098,1,1,1,19,2,1,58,24,0,1,0,37,1,37,705,37705,80,2003,JH2RC44J43M1,J,H,2,R,C,4,4,J,4,3,M,1,0,M,HOND,VT0,RS,3,17,,,,,,,745,,2,,4,505,,,,,,,0,0,000000000,00000000000,0,0,0,1,0,0,0,0,0,0,0,80,0,0,0,1,1,6,2,24,0,0,0,1,37,27713,6,1,0,0,3,0,68,999,0,0,0,0,1,8,2009,8,2009,1,0,0,0,0,2,2,35,3,2,2,1,0,0,14,13,1,1,4,1,1,1
37,370099,1,1,1,13,2,16,12,38,0,1,0,37,1,76,705,76705,80,2001,JYAVM01E81A0,J,Y,A,V,M,0,1,E,8,1,A,0,0,M,YAMA,V6A,RS,1,17,,,,,,,649,,2,,4,495,,,,,,,0,0,000000000,00000000000,0,0,0,1,0,0,0,0,0,0,0,55,0,0,0,12,12,6,2,18,0,0,0,1,37,27012,6,1,0,0,3,3,71,999,0,2,1,0,0,7,2008,8,2009,1,28,0,0,0,1,2,55,2,4,2,1,0,0,14,12,1,1,4,6,1,1
37,370100,1,1,1,19,2,3,18,8,0,1,0,37,2,37,31,37031,2,2006,2HGFG12856H5,2,H,G,F,G,1,2,8,5,6,H,5,0,P,HOND,UAX,CP,6,17,2767,,0,1043,,G,,F,4,110,,,16R205,,,,,,0,0,000000000,00000000000,0,0,0,1,0,0,0,0,0,0,0,999,0,0,0,1,1,4,1,8,0,0,0,1,37,27284,1,1,0,0,2,0,66,999,1,4,1,1,0,5,2008,7,2009,0,36,0,0,0,3,2,65,1,2,2,1,0,0,1,80,1,1,2,13,0,1
37,370101,1,3,4,11,2,18,53,12,2,1,0,37,2,12,17,12017,4,2001,1FAFP55U11G1,1,F,A,F,P,5,5,U,1,1,G,1,0,P,FORD,TSS,4D,1,17,3343,,0,1085,,G,,F,6,182,,,16R215,,,,,,0,0,000000000,00000000000,0,0,0,1,0,0,0,0,0,0,0,70,0,0,0,12,12,6,2,12,0,0,0,1,37,28090,0,0,0,0,0,0,64,999,0,1,0,0,1,10,2009,2,2011,1,28,33,0,0,1,2,55,1,1,2,1,0,0,1,10,1,1,2,50,1,1
37,370101,2,3,3,11,2,18,53,12,2,1,0,37,1,20,471,20471,30,1990,1GCCS14Z5L21,1,G,C,C,S,1,4,Z,5,L,2,1,0,T,CHEV,S14,PK,90,17,,1,1179,1083,S,G,,,6,262,,,,B,2632,01,,42,0,0,000000000,00000000000,0,0,0,1,0,0,0,0,0,0,0,50,0,0,0,12,12,6,2,12,0,0,0,1,37,28021,6,1,0,0,3,0,73,999,1,0,0,0,1,9,2008,9,2008,0,0,0,0,0,1,2,55,1,1,2,1,0,0,1,62,1,1,1,51,0,1
37,370101,3,3,1,11,2,18,53,12,2,1,0,37,1,20,22,20022,4,2008,1G1AK58F1871,1,G,1,A,K,5,8,F,1,8,7,1,0,P,CHEV,BLS,4D,8,17,3216,,0,1033,,G,,F,4,134,,,15R195,,,,,,0,0,000000000,00000000000,0,0,0,1,0,0,0,0,0,0,0,55,0,0,0,12,12,2,1,12,0,0,0,1,37,28021,6,1,0,0,3,3,71,999,1,0,0,0,0,5,2010,5,2010,0,0,0,0,0,1,2,55,1,1,2,1,0,0,1,50,1,1,1,98,0,0
37,370102,1,1,3,14,2,18,47,8,0,1,0,37,1,37,441,37441,20,2004,5FNRL188X4B1,5,F,N,R,L,1,8,8,X,4,B,1,0,P,HOND,UDY,SV,4,17,4365,,0,1181,,G,,F,6,212,,,16R225,,,,,,0,0,000000000,00000000000,0,0,0,1,0,0,0,0,0,0,0,38,0,0,0,12,12,6,2,8,0,0,0,1,37,28164,6,1,0,0,3,0,70,999,0,0,0,0,0,0,0,0,0,0,0,0,0,0,1,4,35,1,1,2,1,0,0,1,80,1,1,1,13,0,0
37,370103,1,1,1,5,2,14,0,34,0,1,0,37,1,12,481,12481,31,1996,1FTEF14N3TLB,1,F,T,E,F,1,4,N,3,T,L,B,0,T,FORD,F15,PK,96,17,,2,1330,1170,COF,G,,,8,302,,,,B,00000,00,M,44,0,0,000000000,00000000000,0,0,0,1,0,0,0,0,0,0,0,55,0,1,5,12,12,6,2,1,0,0,0,1,37,27565,6,1,0,0,3,0,76,999,0,0,0,0,0,0,0,0,0,0,99,99,99,99,1,2,55,1,1,2,1,0,0,1,13,1,1,4,1,1,1
37,370104,1,2,1,15,2,4,24,12,1,1,0,37,3,82,881,82881,66,1999,1FUPDSEB7XDB,1,F,U,P,D,S,E,B,7,X,D,B,1,T,FRHT,FLD,TR,99,17,,8,0,0,CON,D,,,6,774,,,,,00000,00,,64,1,57,312158,57312158,3,6,3,1,0,0,0,0,0,0,0,80,0,0,0,12,12,6,2,12,0,0,0,1,37,28034,6,1,6,0,3,0,67,999,0,0,0,0,0,0,0,0,0,1,36,0,0,0,3,8,65,1,3,2,1,0,0,1,51,1,1,1,24,1,0
37,370104,2,2,1,15,2,4,24,12,1,1,0,17,3,82,883,82883,66,2005,1FUJA6CK65LN,1,F,U,J,A,6,C,K,6,5,L,N,1,T,FRHT,COL,TR,5,17,,8,0,0,CON,D,,,6,858,,,,,00000,00,,64,1,57,282721,57282721,3,6,3,1,0,0,0,0,0,0,0,60,0,0,0,6,6,6,2,12,0,0,0,1,45,29115,6,1,6,0,3,0,72,285,1,0,0,0,1,10,2010,10,2010,0,0,0,0,0,3,8,65,1,3,2,1,0,0,1,53,1,1,1,25,0,0
37,370105,1,1,2,12,2,5,9,34,0,1,0,37,9,2,404,2404,14,1998,1J4GZ58SXWC3,1,J,4,G,Z,5,8,S,X,W,C,3,0,T,JEEP,LRT,4W,98,17,,1,0,1059,GCK,G,,,6,242,,,,,3708,01,E,44,0,0,000000000,00000000000,0,0,0,1,0,0,0,0,0,0,0,100,0,1,2,12,12,6,2,1,0,0,0,1,99,99999,9,9,99,9,9,9,999,999,99,99,99,99,99,99,9999,99,9999,1,36,58,0,0,1,2,55,2,3,2,1,0,0,14,6,99,1,4,1,1,0