STATE,ST_CASE,VEH_NO,VE_FORMS,NUMOCCS,DAY,MONTH,HOUR,MINUTE,HARM_EV,MAN_COLL,UNITTYPE,HIT_RUN,REG_STAT,OWNER,MAKE,MODEL,MAK_MOD,BODY_TYP,MOD_YEAR,VIN,VIN_1,VIN_2,VIN_3,VIN_4,VIN_5,VIN_6,VIN_7,VIN_8,VIN_9,VIN_10,VIN_11,VIN_12,TOW_VEH,VINTYPE,VINMAKE,VINA_MOD,VIN_BT,VINMODYR,VIN_LNGT,VIN_WGT,WGTCD_TR,WHLBS_LG,WHLBS_SH,SER_TR,FUELCODE,MCYCL_DS,CARBUR,CYLINDER,DISPLACE,MCYCL_CY,MCYCL_WT,TIRE_SZE,TON_RAT,TRK_WT,TRKWTVAR,VIN_REST,WHLDRWHL,J_KNIFE,MCARR_I1,MCARR_I2,MCARR_ID,GVWR,V_CONFIG,CARGO_BT,HAZ_INV,HAZ_PLAC,HAZ_ID,HAZ_CNO,HAZ_REL,BUS_USE,SPEC_USE,EMER_USE,TRAV_SP,UNDERIDE,ROLLOVER,ROLINLOC,IMPACT1,IMPACT2,DEFORMED,TOWED,M_HARM,VEH_SC1,VEH_SC2,FIRE_EXP,DR_PRES,L_STATE,DR_ZIP,L_STATUS,L_TYPE,CDL_STAT,L_ENDORS,L_COMPL,L_RESTRI,DR_HGT,DR_WGT,PREV_ACC,PREV_SUS,PREV_DWI,PREV_SPD,PREV_OTH,FIRST_MO,FIRST_YR,LAST_MO,LAST_YR,SPEEDREL,DR_SF1,DR_SF2,DR_SF3,DR_SF4,VTRAFWAY,VNUM_LAN,VSPD_LIM,VALIGN,VPROFILE,VPAVETYP,VSURCOND,VTRAFCON,VTCONT_F,P_CRASH1,P_CRASH2,P_CRASH3,PCRASH4,PCRASH5,ACC_TYPE,DEATHS,DR_DRINK
37,370199,1,2,1,24,3,18,0,12,6,1,0,37,3,84,881,84881,66,1999,2HSFHAMRXXC0,2,H,S,F,H,A,M,R,X,X,C,0,1,T,INTL,940,TR,99,17,,8,2340,1600,90S,D,,,6,774,,,,,00000,00,,64,1,57,480413,57480413,3,6,1,1,0,0,0,0,0,0,0,70,0,0,0,12,12,2,9,12,0,0,0,1,37,27504,6,1,6,9,3,0,67,999,0,0,0,0,0,0,0,0,0,0,0,0,0,0,3,4,65,1,1,2,1,0,0,1,61,9,1,2,48,0,0
37,370199,2,2,2,24,3,18,0,12,6,1,0,1,1,23,401,23401,14,2003,1GKDS13S3321,1,G,K,D,S,1,3,S,3,3,2,1,0,T,GMC,ENV,4W,3,17,,1,0,1130,ENV,G,,,6,256,,,,B,4417,00,E,42,0,0,000000000,00000000000,0,0,0,1,0,0,0,0,0,0,0,80,0,1,5,4,8,6,2,52,0,0,0,1,1,35613,6,1,0,0,3,3,70,225,0,0,0,0,0,0,0,0,0,1,58,0,0,0,3,4,65,1,1,2,1,0,0,1,6,1,1,2,48,1,0
37,370200,1,2,1,21,3,16,14,12,6,1,0,37,3,20,461,20461,21,2010,1GCZGFBA4A11,1,G,C,Z,G,F,B,A,4,A,1,1,0,T,CHEV,E25,CG,10,17,,2,0,1350,EXP,F,,,8,293,,,,C,5338,00,,42,0,0,000000000,00000000000,0,0,0,1,0,0,0,0,0,0,0,60,0,0,0,12,12,4,9,12,0,0,0,1,37,27215,6,1,0,0,3,3,73,999,1,0,0,0,0,10,2010,10,2010,0,99,99,99,99,1,2,55,1,2,2,1,0,0,6,10,1,1,2,73,0,0
37,370200,2,2,1,21,3,16,14,12,6,1,0,92,0,99,709,99709,81,9999,000000000000,0,0,0,0,0,0,0,0,0,0,0,0,0,,,,,,,,,,,,,,,,,,,,,,,,,0,0,000000000,00000000000,0,0,0,1,0,0,0,0,0,0,0,998,0,0,0,9,9,9,9,12,0,0,0,1,37,27025,3,1,0,0,1,0,66,999,0,0,0,0,1,1,2011,1,2011,0,99,99,99,99,1,2,98,1,2,2,1,0,0,11,15,1,1,1,72,1,0
37,370201,1,3,1,4,3,11,56,12,1,1,0,37,1,20,2,20002,4,2006,2G1WB58K4692,2,G,1,W,B,5,8,K,4,6,9,2,0,P,CHEV,IPL,4D,6,17,3477,,0,1105,,F,,F,6,214,,,16R225,,,,,,0,0,000000000,00000000000,0,0,0,1,0,0,0,0,0,0,0,60,0,0,0,12,12,6,2,12,0,0,0,1,37,28625,6,1,6,0,3,0,70,999,0,0,0,0,1,10,2010,10,2010,1,36,0,0,0,1,2,45,1,1,2,1,0,0,1,51,1,1,1,24,1,0
37,370201,2,3,1,4,3,11,56,12,1,1,0,37,3,7,472,7472,30,2002,1B7HG48N92S7,1,B,7,H,G,4,8,N,9,2,S,7,0,T,DODG,DQS,CW,2,17,,2,0,1309,DAK,G,,,8,287,,,,B,4351,00,E,44,0,0,000000000,00000000000,0,0,0,1,0,0,0,0,0,0,0,40,0,0,0,6,6,6,2,12,0,0,0,1,37,28146,6,1,0,0,3,0,74,999,0,0,0,0,0,0,0,0,0,0,0,0,0,0,1,2,45,1,1,2,1,0,0,1,18,1,1,1,25,0,0
37,370201,3,3,2,4,3,11,56,12,1,1,0,37,1,49,422,49422,15,2001,5TDBT44A31S0,5,T,D,B,T,4,4,A,3,1,S,0,0,P,TOYT,SEQ,UT,1,17,5270,,0,1181,,G,,F,8,285,,,16R265,,,,,,0,0,000000000,00000000000,0,0,0,1,0,0,0,0,0,0,0,45,0,0,0,12,12,6,2,12,0,0,0,1,37,28147,6,1,0,0,3,3,72,999,0,0,0,0,0,0,0,0,0,0,0,0,0,0,1,2,45,1,1,2,1,0,0,1,62,1,1,1,98,0,0
37,370202,1,1,1,18,3,8,0,30,0,1,0,37,1,12,401,12401,14,1998,1FMZU32EXWZB,1,F,M,Z,U,3,2,E,X,W,Z,B,0,P,FORD,EPR,UT,98,17,3911,,0,1115,,G,,F,6,245,,,15R225,,,,,,0,0,000000000,00000000000,0,0,0,1,0,0,0,0,0,0,0,69,0,1,5,2,0,6,2,1,0,0,0,1,37,28144,6,1,0,0,3,0,68,999,1,0,0,0,2,7,2008,2,2011,1,28,36,58,0,1,2,45,1,2,2,1,0,0,6,6,1,1,4,1,1,0
37,370203,1,1,2,20,3,16,44,34,0,1,0,37,2,7,27,7027,6,2009,3D4GG47B49T5,3,D,4,G,G,4,7,B,4,9,T,5,0,P,DODG,JOU,UT,9,17,3796,,0,1138,,G,,F,4,146,,,16R225,,,,,,0,0,000000000,00000000000,0,0,0,1,0,0,0,0,0,0,0,55,0,0,0,12,12,6,2,34,0,0,0,1,37,28328,6,1,0,0,3,0,62,999,0,0,0,0,2,2,2010,3,2010,0,99,99,99,99,1,2,55,2,1,2,1,0,0,14,13,1,1,4,1,1,0
37,370204,1,2,5,30,3,8,52,12,2,1,0,37,1,13,12,13012,4,2005,1LNHM87A35Y6,1,L,N,H,M,8,7,A,3,5,Y,6,0,P,LINC,LLS,4D,5,17,3772,,0,1145,,G,,F,8,240,,,17R235,,,,,,0,0,000000000,00000000000,0,0,0,1,0,0,0,0,0,0,0,55,0,0,0,12,12,6,2,12,0,0,0,1,37,28585,6,1,0,0,3,0,62,999,0,0,0,0,0,0,0,0,0,0,36,0,0,0,1,2,55,1,1,2,2,0,0,6,54,7,1,2,50,1,1
37,370204,2,2,1,30,3,8,52,12,2,1,0,37,1,52,34,52034,4,2005,4A3AB76S35E0,4,A,3,A,B,7,6,S,3,5,E,0,0,P,MITS,MGT,4D,5,17,3649,,0,1083,,G,,F,6,231,,,17R215,,,,,,0,0,000000000,00000000000,0,0,0,1,0,0,0,0,0,0,0,55,0,0,0,12,12,6,2,12,0,0,0,1,37,28398,6,1,0,0,3,0,62,999,1,0,0,1,0,5,2009,8,2009,0,0,0,0,0,1,2,55,1,1,2,2,0,0,1,63,6,1,2,51,0,0
37,370205,1,1,2,2,3,1,22,42,0,1,0,37,2,6,16,6016,2,1993,1C3XU4534PF5,1,C,3,X,U,4,5,3,4,P,F,5,0,P,CHRY,LEB,CV,93,17,2894,,0,1003,,G,,F,6,181,,,14R195,,,,,,0,0,000000000,00000000000,0,0,0,1,0,0,0,0,0,0,0,45,0,0,0,9,9,6,2,42,0,0,0,1,37,27107,1,1,0,0,2,0,71,999,0,0,0,0,0,0,0,0,0,0,28,0,0,0,1,2,55,3,1,2,1,0,0,14,10,1,1,4,6,1,1
37,370206,1,2,2,24,3,7,46,12,6,1,0,37,2,37,32,37032,4,1991,JHMCB7556MC0,J,H,M,C,B,7,5,5,6,M,C,0,0,P,HOND,ALE,4D,91,17,2857,,0,1071,,G,,F,4,132,,,14R185,,,,,,0,0,000000000,00000000000,0,0,0,1,0,0,0,0,0,0,0,10,0,0,0,9,9,6,2,12,0,0,0,1,37,27052,6,2,0,0,3,1,64,999,0,0,0,0,0,0,0,0,0,0,38,0,0,0,1,2,50,1,1,2,1,20,3,11,15,1,1,7,82,1,0
37,370206,2,2,1,24,3,7,46,12,6,1,0,37,1,37,32,37032,4,2007,1HGCM66567A0,1,H,G,C,M,6,6,5,6,7,A,0,0,P,HOND,UEX,4D,7,17,3371,,0,1079,,G,,F,6,183,,,17R215,,,,,,0,0,000000000,00000000000,0,0,0,1,0,0,0,0,0,0,0,50,0,0,0,12,12,6,2,12,0,0,0,1,37,27052,6,1,0,0,3,3,72,999,0,0,0,0,1,7,2009,7,2009,0,0,0,0,0,1,2,50,1,1,2,1,0,0,1,17,1,1,1,83,0,0
37,370207,1,2,1,9,3,13,40,12,6,1,0,37,1,49,471,49471,30,1988,JT4RN50RXJ03,J,T,4,R,N,5,0,R,X,J,0,3,0,T,TOYT,RN5,PK,88,17,,1,0,1029,HTP,G,,,4,144,,,,B,2562,01,A,42,0,0,000000000,00000000000,0,0,0,1,0,0,0,0,0,0,0,25,0,0,0,3,3,6,2,12,0,0,0,1,37,28110,6,1,0,0,3,3,66,999,0,0,0,0,0,0,0,0,0,0,38,0,0,0,1,2,45,1,1,2,1,3,3,1,15,1,1,2,87,1,0
37,370207,2,2,2,9,3,13,40,12,6,1,0,37,1,7,422,7422,15,2005,1D8HB58DX5F5,1,D,8,H,B,5,8,D,X,5,F,5,0,P,DODG,DUR,UT,5,17,4986,,0,1192,,G,,F,8,348,,,17R265,,,,,,0,0,000000000,00000000000,0,0,0,1,0,0,0,0,0,0,0,45,0,0,0,12,12,6,2,12,0,0,0,1,37,28110,6,1,0,0,3,0,69,999,0,0,0,0,0,0,0,0,0,0,0,0,0,0,1,2,45,1,1,2,1,3,3,1,17,9,1,1,86,0,0
37,370208,1,1,1,24,3,17,2,8,0,1,0,37,1,12,880,12880,67,2001,1FTWX32F91EB,1,F,T,W,X,3,2,F,9,1,E,B,1,T,FORD,F3D,4C,1,17,,3,0,1580,DRW,D,,,8,444,,,,D,5543,07,U,42,1,88,888888888,88888888888,2,4,3,1,0,0,0,0,0,0,0,55,0,0,0,12,12,4,9,8,0,0,0,1,37,28173,6,1,0,0,3,0,71,999,1,0,0,0,3,12,2008,1,2011,0,0,0,0,0,1,2,55,1,1,2,1,0,0,1,80,6,1,1,13,0,0
37,370209,1,2,1,5,3,23,31,12,1,1,0,37,1,37,706,37706,80,2006,JH2SC57006M2,J,H,2,S,C,5,7,0,0,6,M,2,0,M,HOND,CBS,RC,6,17,,,,,,,998,,4,,4,388,,,,,,,0,0,000000000,00000000000,0,0,0,1,0,0,0,0,0,0,0,150,0,0,0,12,12,6,2,12,0,0,0,1,37,27807,6,1,0,0,3,0,74,999,0,0,0,0,3,3,2010,2,2011,1,36,0,0,0,3,4,70,1,1,2,1,0,0,1,6,1,1,1,24,1,0
37,370209,2,2,1,5,3,23,31,12,1,1,0,37,2,34,35,34035,4,1993,WBAHD6310PBJ,W,B,A,H,D,6,3,1,0,P,B,J,0,P,BMW,A52,4D,93,17,3484,,0,1087,,G,,F,6,152,,,15R205,,,,,,0,0,000000000,00000000000,0,0,0,1,0,0,0,0,0,0,0,65,0,0,0,6,6,4,9,12,0,0,0,1,37,27890,6,1,0,0,3,0,70,999,0,0,0,0,2,11,2008,7,2010,0,0,0,0,0,3,4,70,1,1,2,1,0,0,1,53,1,1,1,25,0,0
37,370210,1,2,2,10,3,21,31,12,2,1,0,37,1,12,442,12442,20,2002,2FMZA50422BB,2,F,M,Z,A,5,0,4,2,2,B,B,0,T,FORD,WLX,ES,2,17,,1,0,1207,WIN,G,,,6,232,,,,B,4017,00,E,42,0,0,000000000,00000000000,0,0,0,1,0,0,0,0,0,0,0,45,0,0,0,12,12,6,2,12,0,0,0,1,37,27616,6,1,0,0,3,0,63,999,1,0,0,0,0,11,2008,11,2008,0,0,0,0,0,1,2,45,1,1,2,1,0,0,1,62,1,1,1,51,0,0
37,370210,2,2,2,10,3,21,31,12,2,1,0,37,2,37,32,37032,4,1991,JHMCB7686MC0,J,H,M,C,B,7,6,8,6,M,C,0,0,P,HOND,ASE,4D,91,17,3053,,0,1071,,G,,F,4,132,,,15R195,,,,,,0,0,000000000,00000000000,0,0,0,1,0,0,0,0,0,0,0,45,0,0,0,12,12,6,2,12,0,0,0,1,37,27604,3,1,0,0,2,0,68,999,0,2,0,0,0,2,2009,10,2009,0,28,0,0,0,1,2,45,1,1,2,1,0,0,1,10,1,1,2,50,1,0
37,370211,1,1,1,23,3,13,18,34,0,1,0,37,1,12,471,12471,30,1992,1FTCR14A7NTA,1,F,T,C,R,1,4,A,7,N,T,A,0,T,FORD,RNS,PC,92,17,,1,0,1250,RNG,G,,,4,140,,,,B,3174,09,A,42,0,0,000000000,00000000000,0,0,0,1,0,0,0,0,0,0,0,40,0,0,0,12,12,6,2,42,0,0,0,1,37,27539,6,1,0,0,3,0,65,999,0,0,0,0,0,0,0,0,0,0,99,99,99,99,1,2,45,2,2,2,1,0,0,14,12,1,1,4,6,1,0
37,370212,1,1,1,11,3,5,15,8,0,1,0,37,3,7,442,7442,20,2006,1D4GP24R86B6,1,D,4,G,P,2,4,R,8,6,B,6,0,T,DODG,GCS,ES,6,17,,1,0,1193,CAR,G,,,6,201,,,,,4095,00,E,42,0,0,000000000,00000000000,0,0,0,1,0,0,0,0,0,0,0,55,0,0,0,2,2,4,9,8,0,0,0,1,37,28586,6,1,0,0,3,0,72,999,0,0,0,2,0,5,2009,7,2009,0,0,0,0,0,2,4,55,1,1,2,1,0,0,1,80,1,1,1,13,0,0
37,370213,1,1,1,17,3,11,52,34,0,1,0,37,1,73,706,73706,80,2003,JKAZX9C103A0,J,K,A,Z,X,9,C,1,0,3,A,0,0,M,KAWK,Z12,RC,3,17,,,,,,,1200,,4,,4,520,,,,,,,0,0,000000000,00000000000,0,0,0,1,0,0,0,0,0,0,0,80,0,0,0,12,12,6,2,1,0,0,0,1,37,27530,6,1,0,0,3,3,69,999,0,0,0,0,0,0,0,0,0,1,36,0,0,0,1,2,55,3,1,2,1,0,0,14,6,1,1,4,1,1,0
37,370214,1,1,5,19,3,0,31,30,0,1,0,37,2,2,404,2404,14,1997,1J4GZ78Y6VC6,1,J,4,G,Z,7,8,Y,6,V,C,6,0,T,JEEP,L/O,4W,97,17,,1,0,1059,GCK,G,,,8,318,,,,,3700,02,E,44,0,0,000000000,00000000000,0,0,0,1,0,0,0,0,0,0,0,30,0,1,5,12,0,6,2,1,0,0,0,1,37,27530,1,1,0,0,2,3,68,999,0,3,0,0,2,10,2008,10,2010,1,36,0,0,0,0,0,0,0,0,0,0,0,0,1,9,1,1,5,16,1,1
37,370215,1,2,1,3,3,20,26,12,6,1,0,37,2,30,42,30042,3,1999,3VWDB61E7XM8,3,V,W,D,B,6,1,E,7,X,M,8,0,P,VOLK,UCL,CV,99,17,3079,,0,974,,G,,F,4,121,,,14R195,,,,,,0,0,000000000,00000000000,0,0,0,1,0,0,0,0,0,0,0,50,0,0,0,3,3,6,2,12,0,0,0,1,37,28606,6,2,0,0,3,3,73,999,0,0,0,0,0,0,0,0,0,1,28,36,58,0,1,2,35,2,2,2,1,0,0,14,6,1,1,2,64,1,0
37,370215,2,2,1,3,3,20,26,12,6,1,0,37,1,22,401,22401,14,2001,3G7DB03E41S5,3,G,7,D,B,0,3,E,4,1,S,5,0,P,PONT,AZT,UT,1,17,3779,,0,1083,,G,,F,6,207,,,15R215,,,,,,0,0,000000000,00000000000,0,0,0,1,0,0,0,0,0,0,0,35,0,0,0,12,12,6,2,12,0,0,0,1,37,28624,6,1,0,0,3,3,63,999,0,0,0,0,0,0,0,0,0,0,0,0,0,0,1,2,35,3,2,2,1,0,0,14,62,1,1,1,65,0,0
37,370216,1,1,2,22,3,21,0,42,0,1,0,37,2,12,13,12013,4,1998,1FAFP13P6WW2,1,F,A,F,P,1,3,P,6,W,W,2,0,P,FORD,ESS,4D,98,17,2468,,0,984,,G,,F,4,122,,,14R185,,,,,,0,0,000000000,00000000000,0,0,0,1,0,0,0,0,0,0,0,65,0,1,5,4,4,6,2,1,0,0,0,1,37,28659,6,1,0,0,3,3,67,999,4,0,0,1,0,12,2008,9,2010,1,36,0,0,0,1,2,55,3,1,2,1,0,0,14,6,1,1,4,1,2,0
37,370217,1,2,1,21,3,8,21,24,0,1,0,37,1,12,17,12017,4,2000,1FAFP53S3YG1,1,F,A,F,P,5,3,S,3,Y,G,1,0,P,FORD,CAE,4D,0,17,3368,,0,1085,,G,,F,6,182,,,16R215,,,,,,0,0,000000000,00000000000,0,0,0,1,0,0,0,0,0,0,0,70,0,0,0,12,12,6,2,12,0,0,0,1,37,27858,6,1,0,0,3,3,64,999,0,0,0,0,0,0,0,0,0,0,99,99,99,99,3,4,70,1,1,2,1,0,0,1,10,1,1,4,6,1,0
37,370217,2,2,1,21,3,8,21,24,0,1,0,37,1,20,481,20481,31,2006,1GCHK23D66F1,1,G,C,H,K,2,3,D,6,6,F,1,0,T,CHEV,2KH,CW,6,17,,2,1670,1530,SIL,D,,,8,403,,,,C,5883,02,,44,0,0,000000000,00000000000,0,0,0,1,0,0,0,0,0,0,0,70,0,0,0,12,12,6,2,12,0,0,0,1,37,27880,6,1,0,0,3,3,68,999,0,0,0,0,0,0,0,0,0,0,0,0,0,0,3,4,70,1,1,2,1,0,0,1,62,1,1,1,98,0,0
37,370218,1,1,1,12,1,19,45,35,0,1,0,37,1,20,403,20403,14,2004,1GNDT13S2421,1,G,N,D,T,1,3,S,2,4,2,1,0,P,CHEV,TRL,UT,4,17,4612,,0,1130,,G,,F,6,256,,,16R245,,,,,,0,0,000000000,00000000000,0,0,0,1,0,0,0,0,0,0,0,55,0,1,5,1,61,6,2,1,0,0,0,1,37,28357,1,1,0,0,2,0,65,999,0,1,0,0,0,12,2010,12,2010,1,0,0,0,0,1,2,55,2,2,2,4,0,0,14,6,1,1,4,1,1,1
37,370219,1,2,1,20,1,18,50,12,6,1,0,37,1,7,482,7482,31,2000,1B7HF13Z2YJ1,1,B,7,H,F,1,3,Z,2,Y,J,1,0,T,DODG,Q15,4C,0,17,,2,1547,1387,RPC,G,,,8,360,,,,B,4983,01,U,44,0,0,000000000,00000000000,0,0,0,1,0,0,0,0,0,0,0,30,0,0,0,12,12,6,2,12,0,0,0,1,37,27545,6,1,0,0,3,3,70,999,0,0,0,0,0,0,0,0,0,0,38,0,0,0,1,2,35,1,1,2,1,3,3,11,15,1,1,1,68,0,1
37,370219,2,2,1,20,1,18,50,12,6,1,0,0,0,99,709,99709,88,9999,999999999999,9,9,9,9,9,9,9,9,9,9,9,9,0,,,,,,,,,,,,,,,,,,,,,,,,,0,0,000000000,00000000000,0,0,0,1,0,0,0,0,0,0,0,998,0,0,0,9,9,4,8,12,0,0,0,1,37,27604,0,0,0,0,0,0,999,999,0,0,0,0,0,0,0,0,0,0,0,0,0,0,1,2,35,1,1,2,1,3,3,1,17,1,1,1,69,1,0
37,370220,1,1,1,4,2,5,47,33,0,1,0,37,1,35,48,35048,2,2003,JN1AZ34D63T1,J,N,1,A,Z,3,4,D,6,3,T,1,0,P,NISS,3ZC,CP,3,17,3062,,0,1083,,G,,F,6,214,,,17R225,,,,,,0,0,000000000,00000000000,0,0,0,1,0,0,0,0,0,0,0,85,0,1,5,12,12,6,2,1,0,0,0,1,37,27107,6,1,0,0,3,3,72,999,0,0,0,2,0,8,2009,3,2010,0,0,0,0,0,6,2,65,2,1,2,2,0,0,14,12,1,1,4,6,1,1
37,370221,1,1,1,7,2,7,43,34,0,1,0,37,1,12,3,12003,1,1991,1FACP44E3MF1,1,F,A,C,P,4,4,E,3,M,F,1,0,P,FORD,MLX,CV,91,17,2960,,0,1005,,G,,F,8,302,,,14R195,,,,,,0,0,000000000,00000000000,0,0,0,1,0,0,0,0,0,0,0,55,0,1,5,12,12,6,2,1,0,0,0,1,37,28352,6,1,0,0,3,3,71,999,0,0,0,0,0,0,0,0,0,0,28,0,0,0,1,2,55,1,1,2,1,0,0,1,12,1,1,4,6,1,0
37,370222,1,1,3,7,4,6,7,34,0,1,0,37,2,35,39,35039,4,1993,JN1HJ01F3PT1,J,N,1,H,J,0,1,F,3,P,T,1,0,P,NISS,MGX,4D,93,17,3024,,0,1043,,G,,F,6,181,,,15R205,,,,,,0,0,000000000,00000000000,0,0,0,1,0,0,0,0,0,0,0,35,0,0,0,12,12,6,2,34,0,0,0,1,37,27217,6,1,0,0,3,0,66,999,0,0,0,1,0,3,2009,3,2009,1,28,0,0,0,1,2,35,4,3,2,1,0,0,1,12,1,1,4,6,1,0
37,370223,1,2,1,16,4,1,23,12,6,1,0,37,1,53,706,53706,80,2006,JS1GT76A3621,J,S,1,G,T,7,6,A,3,6,2,1,0,M,SUZI,XR1,RC,6,17,,,,,,,999,,4,,4,365,,,,,,,0,0,000000000,00000000000,0,0,0,1,0,0,0,0,0,0,0,50,0,0,0,12,12,6,2,12,0,0,0,1,37,27253,6,1,0,0,3,0,64,999,0,0,0,1,0,11,2008,11,2008,0,0,0,0,0,1,2,50,1,2,2,1,0,0,6,52,1,1,2,83,1,1
37,370223,2,2,1,16,4,1,23,12,6,1,0,37,1,23,481,23481,31,1989,2GTDC14H1K15,2,G,T,D,C,1,4,H,1,K,1,5,0,T,GMC,SC1,PK,89,17,,1,1315,1175,SIE,G,,,8,305,,,,B,4114,08,A,42,0,0,000000000,00000000000,0,0,0,1,0,0,0,0,0,0,0,10,0,0,0,9,9,6,2,12,0,0,0,1,37,27244,6,1,0,0,3,0,67,999,0,0,0,0,0,0,0,0,0,0,38,0,0,0,1,2,50,1,2,2,1,0,0,11,53,1,1,1,82,0,0
37,370224,1,1,4,24,4,0,34,34,0,1,0,37,2,12,17,12017,4,2003,1FAFP55S93A2,1,F,A,F,P,5,5,S,9,3,A,2,0,P,FORD,TSS,4D,3,17,3329,,0,1085,,G,,F,6,182,,,16R215,,,,,,0,0,000000000,00000000000,0,0,0,1,0,0,0,0,0,0,0,85,0,0,0,12,12,6,2,42,0,0,1,1,37,27925,1,1,5,0,2,0,75,999,0,2,0,1,3,5,2010,3,2011,1,39,0,0,0,1,2,55,1,1,2,1,20,3,1,13,1,1,4,1,2,1
37,370225,1,2,1,7,4,17,45,12,6,1,0,37,2,41,51,41051,4,2006,JM1BK3235614,J,M,1,B,K,3,2,3,5,6,1,4,0,P,MAZD,M3S,4D,6,17,2762,,0,1039,,G,,F,4,140,,,16R205,,,,,,0,0,000000000,00000000000,0,0,0,1,0,0,0,0,0,0,0,65,0,0,0,3,3,6,2,12,0,0,0,1,37,28399,6,1,0,0,3,3,68,999,0,0,0,0,0,0,0,0,0,1,28,58,0,0,1,2,55,1,1,2,1,0,0,1,10,1,1,2,64,1,0
37,370225,2,2,1,7,4,17,45,12,6,1,0,37,2,12,402,12402,14,2010,1FMCU0D7XAKA,1,F,M,C,U,0,D,7,X,A,K,A,0,P,FORD,SPE,UT,10,17,3355,,0,1031,,G,,F,4,153,,,16R235,,,,,,0,0,000000000,00000000000,0,0,0,1,0,0,0,0,0,0,0,55,0,0,0,12,12,6,2,12,0,0,0,1,37,28337,6,1,0,0,3,3,65,999,0,0,0,0,0,0,0,0,0,0,0,0,0,0,1,2,55,1,2,2,1,0,0,1,62,1,1,1,65,0,0
37,370226,1,1,2,27,4,8,23,42,0,1,0,37,2,49,401,49401,14,2001,JT3GN86R7101,J,T,3,G,N,8,6,R,7,1,0,1,0,P,TOYT,RUN,UT,1,17,3600,,0,1053,,G,,F,6,206,,,15R225,,,,,,0,0,000000000,00000000000,0,0,0,1,0,0,0,0,0,0,0,85,0,0,0,3,3,6,2,42,0,0,0,1,37,28472,6,1,0,0,3,3,73,999,0,0,0,3,0,1,2009,8,2010,1,35,36,0,0,1,2,55,1,1,2,2,0,0,16,13,1,1,4,1,2,0
37,370227,1,2,1,15,4,11,43,12,2,1,0,37,2,34,34,34034,2,1995,WBABF4325SEK,W,B,A,B,F,4,3,2,5,S,E,K,0,P,BMW,2SA,CP,95,17,3164,,0,1063,,G,,F,6,152,,,15R205,,,,,,0,0,000000000,00000000000,0,0,0,1,0,0,0,0,0,0,0,55,0,0,0,12,12,6,2,12,0,0,0,1,37,28468,6,1,0,0,3,0,62,999,0,0,0,0,0,0,0,0,0,0,28,36,0,0,1,2,55,1,1,2,1,0,0,1,10,1,1,2,50,0,1
37,370227,2,2,2,15,4,11,43,12,2,1,0,37,1,13,1,13001,4,2006,1LNHM82W56Y6,1,L,N,H,M,8,2,W,5,6,Y,6,0,P,LINC,SGL,4D,6,17,4359,,0,1177,,G,,F,8,281,,,17R225,,,,,,0,0,000000000,00000000000,0,0,0,1,0,0,0,0,0,0,0,52,0,0,0,12,12,6,2,12,0,0,0,1,37,28469,6,1,0,0,3,0,74,999,0,0,0,0,0,0,0,0,0,0,0,0,0,0,1,2,55,1,1,2,1,0,0,1,62,6,1,1,51,1,0
37,370228,1,1,5,2,4,10,14,1,0,1,0,37,2,49,401,49401,14,1999,JT3GN86R8X01,J,T,3,G,N,8,6,R,8,X,0,1,0,P,TOYT,RUN,UT,99,17,3600,,0,1053,,G,,F,6,206,,,15R225,,,,,,0,0,000000000,00000000000,0,0,0,1,0,0,0,0,0,0,0,45,0,2,5,0,9,6,2,35,0,0,0,1,37,28804,6,1,0,0,3,0,68,999,0,0,0,1,0,9,2008,9,2008,1,28,36,58,0,1,2,35,3,3,2,1,0,0,14,13,1,1,4,1,2,0
37,370229,1,1,1,15,4,10,30,1,0,1,0,37,1,76,706,76706,80,2007,JYAVP11E97A0,J,Y,A,V,P,1,1,E,9,7,A,0,0,M,YAMA,XVS,RS,7,17,,,,,,,1063,,2,,4,571,,,,,,,0,0,000000000,00000000000,0,0,0,1,0,0,0,0,0,0,0,45,0,0,0,0,0,6,2,1,0,0,0,1,37,28655,6,1,0,0,3,3,69,999,0,0,0,0,0,0,0,0,0,0,58,0,0,0,1,2,45,2,2,2,1,0,0,14,13,1,1,4,1,1,0
37,370230,1,1,1,8,4,15,30,30,0,1,0,37,2,22,18,22018,4,1999,1G2NE52E5XC5,1,G,2,N,E,5,2,E,5,X,C,5,0,P,PONT,GAS,4D,99,17,3102,,0,1071,,G,,F,6,207,,,15R215,,,,,,0,0,000000000,00000000000,0,0,0,1,0,0,0,0,0,0,0,55,0,1,5,12,12,6,2,1,0,0,0,1,37,28083,6,1,0,0,3,0,72,999,0,0,0,0,2,1,2009,8,2009,0,0,0,0,0,1,2,55,1,1,2,1,0,0,1,13,1,1,4,1,1,0
37,370231,1,2,1,30,4,10,4,12,2,1,0,37,1,20,471,20471,30,1984,1GCBS14B5E21,1,G,C,B,S,1,4,B,5,E,2,1,0,T,CHEV,S14,PK,84,17,,1,1229,1083,S,G,,,6,173,,,,B,2461,04,,42,0,0,000000000,00000000000,0,0,0,1,0,0,0,0,0,0,0,20,0,0,0,12,12,6,2,12,0,0,0,1,37,28083,6,1,0,0,3,3,72,999,1,0,0,0,0,1,2011,1,2011,0,48,0,0,0,1,2,45,1,1,2,1,3,3,11,15,1,1,1,68,0,0