STATE,ST_CASE,VEH_NO,VE_FORMS,NUMOCCS,DAY,MONTH,HOUR,MINUTE,HARM_EV,MAN_COLL,UNITTYPE,HIT_RUN,REG_STAT,OWNER,MAKE,MODEL,MAK_MOD,BODY_TYP,MOD_YEAR,VIN,VIN_1,VIN_2,VIN_3,VIN_4,VIN_5,VIN_6,VIN_7,VIN_8,VIN_9,VIN_10,VIN_11,VIN_12,TOW_VEH,VINTYPE,VINMAKE,VINA_MOD,VIN_BT,VINMODYR,VIN_LNGT,VIN_WGT,WGTCD_TR,WHLBS_LG,WHLBS_SH,SER_TR,FUELCODE,MCYCL_DS,CARBUR,CYLINDER,DISPLACE,MCYCL_CY,MCYCL_WT,TIRE_SZE,TON_RAT,TRK_WT,TRKWTVAR,VIN_REST,WHLDRWHL,J_KNIFE,MCARR_I1,MCARR_I2,MCARR_ID,GVWR,V_CONFIG,CARGO_BT,HAZ_INV,HAZ_PLAC,HAZ_ID,HAZ_CNO,HAZ_REL,BUS_USE,SPEC_USE,EMER_USE,TRAV_SP,UNDERIDE,ROLLOVER,ROLINLOC,IMPACT1,IMPACT2,DEFORMED,TOWED,M_HARM,VEH_SC1,VEH_SC2,FIRE_EXP,DR_PRES,L_STATE,DR_ZIP,L_STATUS,L_TYPE,CDL_STAT,L_ENDORS,L_COMPL,L_RESTRI,DR_HGT,DR_WGT,PREV_ACC,PREV_SUS,PREV_DWI,PREV_SPD,PREV_OTH,FIRST_MO,FIRST_YR,LAST_MO,LAST_YR,SPEEDREL,DR_SF1,DR_SF2,DR_SF3,DR_SF4,VTRAFWAY,VNUM_LAN,VSPD_LIM,VALIGN,VPROFILE,VPAVETYP,VSURCOND,VTRAFCON,VTCONT_F,P_CRASH1,P_CRASH2,P_CRASH3,PCRASH4,PCRASH5,ACC_TYPE,DEATHS,DR_DRINK
37,370231,2,2,2,30,4,10,4,12,2,1,0,37,1,37,31,37031,4,1991,1HGED3640ML0,1,H,G,E,D,3,6,4,0,M,L,0,0,P,HOND,CID,4D,91,17,1973,,0,984,,G,,F,4,091,,,13R175,,,,,,0,0,000000000,00000000000,0,0,0,1,0,0,0,0,0,0,0,60,0,0,0,12,12,6,2,12,0,0,0,1,37,28071,6,1,0,0,3,0,66,999,0,0,0,1,0,2,2009,2,2009,0,0,0,0,0,1,2,45,1,1,2,1,3,3,1,17,1,1,1,69,1,0
37,370232,1,1,2,17,4,16,26,42,0,1,0,37,1,20,401,20401,14,2002,1GNDT13S3222,1,G,N,D,T,1,3,S,3,2,2,2,0,P,CHEV,TRL,UT,2,17,4628,,0,1130,,G,,F,6,256,,,16R245,,,,,,0,0,000000000,00000000000,0,0,0,1,0,0,0,0,0,0,0,55,0,0,0,12,12,6,2,42,0,0,1,1,37,28645,6,1,0,0,3,0,64,999,0,0,0,0,1,6,2009,6,2009,0,0,0,0,0,1,2,55,1,2,2,1,0,0,1,13,1,1,4,1,2,0
37,370233,1,1,2,29,4,21,30,5,0,1,0,37,2,20,431,20431,16,1999,3GNFK16R5XG2,3,G,N,F,K,1,6,R,5,X,G,2,0,P,CHEV,K15,UT,99,17,5297,,0,1315,,G,,F,8,350,,,16R245,,,,,,0,0,000000000,00000000000,0,0,0,1,0,0,0,0,0,0,0,15,0,0,0,0,0,0,1,5,0,0,0,1,37,28516,6,1,0,0,3,0,73,999,0,0,0,0,0,0,0,0,0,0,36,0,0,0,1,2,35,1,1,2,1,0,0,3,98,1,1,1,0,1,1
37,370234,1,1,3,26,4,3,51,42,0,1,0,37,1,52,37,52037,3,2001,4A3AC84HX1E0,4,A,3,A,C,8,4,H,X,1,E,0,0,P,MITS,ECG,2H,1,17,3120,,0,1008,,G,,F,6,181,,,17R215,,,,,,0,0,000000000,00000000000,0,0,0,1,0,0,0,0,0,0,0,70,0,0,0,13,13,6,2,42,0,0,0,1,37,28658,6,1,0,0,3,3,65,999,1,0,0,0,1,8,2009,11,2009,1,28,58,0,0,1,2,45,2,1,2,1,0,0,14,12,1,1,4,6,1,0
37,370235,1,2,1,2,4,11,48,12,6,1,0,37,1,37,39,37039,5,2009,JHMGE88489S0,J,H,M,G,E,8,8,4,8,9,S,0,0,P,HOND,FIS,4H,9,17,2520,,0,984,,G,,F,4,091,,,15R175,,,,,,0,0,000000000,00000000000,0,0,0,1,0,0,0,0,0,0,0,10,0,0,0,9,9,6,2,12,0,0,0,1,37,27312,6,1,0,0,3,3,60,999,0,0,0,0,0,0,0,0,0,0,38,0,0,0,1,2,55,8,8,2,1,20,3,11,15,1,1,1,82,1,0
37,370235,2,2,1,2,4,11,48,12,6,1,0,37,2,2,404,2404,14,1997,1J4GZ58SXVC5,1,J,4,G,Z,5,8,S,X,V,C,5,0,T,JEEP,LRT,4W,97,17,,1,0,1059,GCK,G,,,6,242,,,,,3700,02,E,44,0,0,000000000,00000000000,0,0,0,1,0,0,0,0,0,0,0,55,0,0,0,12,12,6,2,12,0,0,0,1,37,27312,6,1,0,0,3,0,72,999,0,0,0,0,0,0,0,0,0,0,0,0,0,0,1,2,55,1,2,2,1,0,0,1,66,1,1,1,83,0,0
37,370236,1,1,1,18,4,21,10,42,0,1,0,13,1,73,706,73706,80,2006,JKBVNME136A0,J,K,B,V,N,M,E,1,3,6,A,0,0,M,KAWK,VNE,RS,6,17,,,,,,,2053,,2,,4,750,,,,,,,0,0,000000000,00000000000,0,0,0,1,0,0,0,0,0,0,0,40,0,0,0,3,3,6,2,1,0,0,0,1,13,31312,6,1,0,0,3,3,72,200,98,0,0,0,0,0,0,0,0,0,0,0,0,0,1,2,45,3,2,2,1,0,0,14,13,1,1,4,1,1,0
37,370237,1,1,1,23,4,17,8,32,0,1,0,37,2,37,32,37032,4,2001,1HGCG566X1A1,1,H,G,C,G,5,6,6,X,1,A,1,0,P,HOND,UEX,4D,1,17,3075,,0,1069,,G,,F,4,138,,,15R195,,,,,,0,0,000000000,00000000000,0,0,0,1,0,0,0,0,0,0,0,75,0,1,1,12,12,6,2,1,0,0,0,1,37,28150,1,1,0,0,2,0,70,999,0,2,0,0,0,1,2009,7,2009,0,36,58,28,0,1,2,55,1,1,2,1,0,0,1,12,1,1,4,6,1,1
37,370238,1,2,1,13,4,16,41,12,6,1,0,37,1,19,22,19022,4,2006,1G6KD57Y46U1,1,G,6,K,D,5,7,Y,4,6,U,1,0,P,CADI,TDS,4D,6,17,4009,,0,1156,,G,,F,8,281,,,17R225,,,,,,0,0,000000000,00000000000,0,0,0,1,0,0,0,0,0,0,0,15,0,0,0,9,9,6,2,12,0,0,0,1,37,28560,6,1,0,0,3,0,64,999,0,0,0,0,0,0,0,0,0,0,38,0,0,0,1,2,55,1,1,2,1,20,3,11,15,1,1,1,82,1,0
37,370238,2,2,1,13,4,16,41,12,6,1,0,37,1,7,472,7472,30,1994,1B7GL23X4RS5,1,B,7,G,L,2,3,X,4,R,S,5,0,T,DODG,DAK,PC,94,17,,1,0,1309,DAK,G,,,6,239,,,,B,3472,00,B,42,0,0,000000000,00000000000,0,0,0,1,0,0,0,0,0,0,0,55,0,0,0,12,12,6,2,12,0,0,0,1,37,28530,6,1,0,0,3,0,71,999,0,0,0,0,0,0,0,0,0,0,0,0,0,0,2,2,55,1,1,2,1,0,0,1,67,1,1,1,83,0,0
37,370239,1,1,5,17,4,18,12,34,0,1,0,37,1,20,421,20421,15,1996,1GNDT13W9T22,1,G,N,D,T,1,3,W,9,T,2,2,0,P,CHEV,BZR,UT,96,17,4023,,0,1070,,G,,F,6,262,,,15R235,,,,,,0,0,000000000,00000000000,0,0,0,1,0,0,0,0,0,0,0,65,0,1,5,12,12,6,2,3,0,0,0,1,37,28532,6,1,0,0,3,0,60,999,0,0,0,1,0,1,2009,1,2009,1,28,58,0,0,1,2,55,1,1,4,1,0,0,1,12,1,1,4,6,5,0
37,370240,1,1,2,7,4,21,52,8,0,1,0,37,2,20,2,20002,4,2004,2G1WF52E1494,2,G,1,W,F,5,2,E,1,4,9,4,0,P,CHEV,IMP,4D,4,17,3389,,0,1105,,G,,F,6,207,,,16R225,,,,,,0,0,000000000,00000000000,0,0,0,1,0,0,0,0,0,0,0,35,0,0,0,12,12,4,3,8,0,0,0,1,37,28384,1,1,0,0,2,0,64,999,0,1,0,0,0,3,2010,3,2010,0,0,0,0,0,1,2,35,1,1,2,1,0,0,1,80,1,1,1,13,0,0
37,370241,1,1,1,15,4,7,4,34,0,1,0,37,2,55,35,55035,4,2010,KMHDU4AD7AU1,K,M,H,D,U,4,A,D,7,A,U,1,0,P,HYUN,BGS,4D,10,17,2723,,0,1043,,G,,F,4,121,,,15R195,,,,,,0,0,000000000,00000000000,0,0,0,1,0,0,0,0,0,0,0,70,0,1,5,1,81,6,2,42,0,0,0,1,12,32746,6,1,0,0,3,3,66,999,1,0,0,0,1,9,2008,10,2008,0,28,36,0,0,1,2,55,3,1,2,1,0,0,14,12,1,1,4,6,1,1
37,370242,1,2,1,20,4,5,30,12,1,1,0,37,1,87,881,87881,66,1989,1XPCDB9X4KN2,1,X,P,C,D,B,9,X,4,K,N,2,1,T,PTRB,377,TR,89,17,,8,0,0,CON,D,,,6,893,,,,,00000,00,,64,1,57,844587,57844587,3,6,1,1,0,0,0,0,0,0,0,55,0,0,0,6,6,6,2,12,0,0,0,1,37,28530,6,1,6,9,3,3,71,999,0,0,0,2,0,5,2010,11,2010,0,0,0,0,0,3,3,70,3,1,2,1,0,0,14,53,1,1,1,25,0,0
37,370242,2,2,1,20,4,5,30,12,1,1,0,37,1,6,51,6051,4,1999,2C3HE66G8XH2,2,C,3,H,E,6,6,G,8,X,H,2,0,P,CHRY,30M,4D,99,17,3474,,0,1130,,G,,F,6,215,,,17R225,,,,,,0,0,000000000,00000000000,0,0,0,1,0,0,0,0,0,0,0,85,0,0,0,12,12,6,2,12,0,0,0,1,37,27263,6,1,0,0,3,3,68,999,0,0,0,0,0,0,0,0,0,1,0,0,0,0,3,3,70,3,1,2,1,0,0,14,51,1,1,1,24,1,0
37,370243,1,2,1,24,4,16,56,12,6,1,0,0,0,99,709,99709,88,2009,999999999999,9,9,9,9,9,9,9,9,9,9,9,9,0,,,,,,,,,,,,,,,,,,,,,,,,,0,0,000000000,00000000000,0,0,0,1,0,0,0,0,0,0,0,998,0,0,0,9,9,6,2,12,0,0,0,1,37,27360,0,0,0,0,0,0,70,999,0,0,0,0,0,0,0,0,0,0,38,0,0,0,1,2,35,1,1,2,1,20,3,4,17,1,1,1,89,1,0
37,370243,2,2,1,24,4,16,56,12,6,1,0,37,1,12,401,12401,14,2001,1FMZU63E91ZA,1,F,M,Z,U,6,3,E,9,1,Z,A,0,P,FORD,EPR,UT,1,17,3845,,0,1116,,G,,F,6,245,,,15R235,,,,,,0,0,000000000,00000000000,0,0,0,1,0,0,0,0,0,0,0,37,0,0,0,12,12,6,2,12,0,0,0,1,37,27360,6,1,0,0,3,0,68,999,0,0,0,0,0,0,0,0,0,0,0,0,0,0,1,2,35,1,1,2,1,0,0,1,66,1,1,1,88,0,0
37,370244,1,1,1,2,4,1,58,42,0,1,0,37,2,51,46,51046,4,2007,YV1MS382X722,Y,V,1,M,S,3,8,2,X,7,2,2,0,P,VOLV,S42,4D,7,17,3223,,0,1039,,G,,F,5,149,,,16R205,,,,,,0,0,000000000,00000000000,0,0,0,1,0,0,0,0,0,0,0,70,0,0,0,12,12,6,2,42,0,0,1,1,37,27103,6,1,0,0,3,0,71,999,0,0,0,2,1,11,2008,10,2010,1,0,0,0,0,1,2,25,2,2,2,2,0,0,14,12,1,1,4,6,1,1
37,370245,1,2,1,12,4,9,47,12,6,1,0,37,1,18,3,18003,4,1983,1G4AW69Y7DH4,1,G,4,A,W,6,9,Y,7,D,H,4,0,P,BUIC,EPK,4D,83,17,3716,,0,1190,,G,,4,8,307,,,15R215,,,,,,0,0,000000000,00000000000,0,0,0,1,0,0,0,0,0,0,0,15,0,0,0,9,9,6,2,12,0,0,0,1,37,28578,6,1,0,0,3,0,70,999,0,0,0,0,0,0,0,0,0,0,38,0,0,0,1,2,55,1,1,2,1,20,3,4,17,1,1,1,89,1,0
37,370245,2,2,2,12,4,9,47,12,6,1,0,37,2,12,471,12471,30,1996,1FTCR14A1TTA,1,F,T,C,R,1,4,A,1,T,T,A,0,T,FORD,RNS,PC,96,17,,1,0,1250,RNG,G,,,4,140,,,,B,00000,00,B,42,0,0,000000000,00000000000,0,0,0,1,0,0,0,0,0,0,0,55,0,1,1,12,12,6,2,12,0,0,0,1,37,28572,1,1,0,0,2,0,71,999,0,0,0,0,0,0,0,0,0,0,0,0,0,0,1,2,55,1,1,2,1,0,0,1,66,1,1,1,88,0,0
37,370246,1,3,2,12,4,12,10,12,2,1,0,37,1,7,442,7442,20,2006,1D4GP45R46B6,1,D,4,G,P,4,5,R,4,6,B,6,0,P,DODG,CAR,SV,6,17,3851,,0,1133,,G,,F,6,201,,,16R215,,,,,,0,0,000000000,00000000000,0,0,0,1,0,0,0,0,0,0,0,45,0,0,0,12,12,6,2,12,0,0,0,1,37,27707,6,1,0,0,3,0,63,999,2,0,0,0,0,1,2010,10,2010,0,28,36,0,0,1,2,55,1,2,2,1,0,0,1,10,1,1,1,50,0,0
37,370246,2,3,1,12,4,12,10,12,2,1,0,37,1,34,34,34034,2,1992,WBABE5313NJA,W,B,A,B,E,5,3,1,3,N,J,A,0,P,BMW,31S,2D,92,17,2866,,0,1012,,G,,F,4,110,,,15R205,,,,,,0,0,000000000,00000000000,0,0,0,1,0,0,0,0,0,0,0,45,0,0,0,12,12,6,2,12,0,0,0,1,37,27344,6,1,0,0,3,3,68,999,0,0,0,0,0,0,0,0,0,0,0,0,0,0,1,2,55,1,1,2,1,0,0,1,62,1,1,1,51,1,1
37,370246,3,3,2,12,4,12,10,12,2,1,0,37,1,42,44,42044,2,2006,WDBSK74F06F1,W,D,B,S,K,7,4,F,0,6,F,1,0,P,MERZ,S5K,RD,6,17,4280,,0,1008,,G,,Z,8,332,,,18R255,,,,,,0,0,000000000,00000000000,0,0,0,1,0,0,0,0,0,0,0,45,0,0,0,12,12,6,2,12,0,0,0,1,53,98029,6,1,0,0,3,0,72,183,0,0,0,0,1,6,2009,6,2009,0,0,0,0,0,1,2,55,1,1,2,1,0,0,1,60,1,1,1,98,0,0
37,370247,1,2,4,7,4,0,13,12,6,1,0,37,2,20,2,20002,4,2003,2G1WF52E2392,2,G,1,W,F,5,2,E,2,3,9,2,0,P,CHEV,IMP,4D,3,17,3389,,0,1105,,G,,F,6,207,,,16R225,,,,,,0,0,000000000,00000000000,0,0,0,1,0,0,0,0,0,0,0,10,0,0,0,9,9,6,2,12,0,0,0,1,37,27864,1,1,0,0,2,3,73,999,0,1,0,0,1,1,2009,9,2010,0,38,0,0,0,1,2,55,1,1,2,1,0,0,11,19,1,1,1,82,1,1
37,370247,2,2,2,7,4,0,13,12,6,1,0,37,2,12,481,12481,31,2002,1FTRX18L52NB,1,F,T,R,X,1,8,L,5,2,N,B,0,T,FORD,F15,4C,2,17,,2,1574,1388,COF,G,,,8,330,,,,B,4639,05,U,44,0,0,000000000,00000000000,0,0,0,1,0,0,0,0,0,0,0,65,0,0,0,12,12,6,2,12,0,0,0,1,37,27864,6,1,0,0,3,0,73,999,0,0,0,0,0,0,0,0,0,1,28,0,0,0,1,2,55,1,1,2,1,0,0,1,71,6,1,2,83,0,0
37,370248,1,1,1,17,4,2,35,42,0,1,0,37,2,35,47,35047,4,1998,1N4DL01D1WC2,1,N,4,D,L,0,1,D,1,W,C,2,0,P,NISS,AGS,4D,98,17,2766,,0,1031,,G,,F,4,146,,,15R195,,,,,,0,0,000000000,00000000000,0,0,0,1,0,0,0,0,0,0,0,60,0,1,5,12,9,6,2,42,0,0,0,1,37,27217,0,0,0,0,0,0,71,999,0,0,0,0,2,4,2010,4,2010,1,28,0,0,0,1,4,35,1,3,2,1,0,0,1,12,1,1,4,6,1,0
37,370249,1,2,1,19,4,17,27,12,6,1,0,37,2,35,47,35047,4,1998,1N4DL01DXWC2,1,N,4,D,L,0,1,D,X,W,C,2,0,P,NISS,AGS,4D,98,17,2766,,0,1031,,G,,F,4,146,,,15R195,,,,,,0,0,000000000,00000000000,0,0,0,1,0,0,0,0,0,0,0,65,0,0,0,9,9,6,2,12,0,0,0,1,37,27317,6,2,0,0,3,3,66,999,0,0,0,0,0,0,0,0,0,0,38,0,0,0,1,2,65,1,1,2,1,20,3,11,15,1,1,1,82,1,0
37,370249,2,2,1,19,4,17,27,12,6,1,0,37,3,84,884,84884,63,2005,1HTXLAHT85J0,1,H,T,X,L,A,H,T,8,5,J,0,0,T,INTL,55I,CC,5,17,,8,0,0,550,D,,,6,661,,,,,00000,00,,64,0,77,777777777,77777777777,3,2,4,1,0,0,0,0,0,0,0,45,0,0,0,12,12,6,2,12,0,0,0,1,37,27350,6,1,6,9,3,3,72,999,0,0,0,0,0,0,0,0,0,0,0,0,0,0,1,2,45,1,1,2,1,0,0,1,66,1,1,1,83,0,0
37,370250,1,2,1,21,4,10,13,12,1,1,0,37,1,51,45,51045,4,2000,YV1TS94D0Y10,Y,V,1,T,S,9,4,D,0,Y,1,0,0,P,VOLV,S80,4D,0,17,3589,,0,1099,,G,,F,6,178,,,000000,,,,,,0,0,000000000,00000000000,0,0,0,1,0,0,0,0,0,0,0,80,0,0,0,12,12,6,2,24,0,0,0,1,37,27244,6,1,0,0,3,0,65,999,1,0,0,0,0,9,2008,9,2008,1,36,0,0,0,3,3,65,1,2,2,1,0,0,1,51,1,1,1,24,0,0
37,370250,2,2,1,21,4,10,13,12,1,1,0,37,3,23,481,23481,31,2009,3GTEK032X9G1,3,G,T,E,K,0,3,2,X,9,G,1,0,T,GMC,DNL,CW,9,17,,2,0,1435,SIE,F,,,8,378,,,,B,5408,00,4,44,0,0,000000000,00000000000,0,0,0,1,0,0,0,0,0,0,0,65,0,1,1,6,6,6,2,1,0,0,0,1,37,27406,6,1,0,0,3,0,64,999,0,0,0,2,5,5,2008,12,2010,0,0,0,0,0,3,3,65,1,2,2,1,0,0,1,53,1,1,1,25,1,0
37,370251,1,1,1,14,4,19,12,39,0,1,0,37,1,12,402,12402,14,2006,1FMYU03196KA,1,F,M,Y,U,0,3,1,9,6,K,A,0,P,FORD,SPE,UT,6,17,3300,,0,1031,,G,,F,6,183,,,16R235,,,,,,0,0,000000000,00000000000,0,0,0,1,0,0,0,0,0,0,0,35,0,0,0,12,12,6,2,39,0,0,0,1,37,27410,6,1,0,0,3,0,74,999,0,1,0,1,0,6,2008,3,2011,0,39,0,0,0,1,4,45,1,1,2,1,21,3,1,13,1,1,4,1,1,1
37,370252,1,1,1,12,4,21,43,42,0,1,0,37,1,35,471,35471,30,1991,1N6SD11S8MC3,1,N,6,S,D,1,1,S,8,M,C,3,0,T,NISS,SWB,PK,91,17,,1,0,1043,TRK,G,,,4,146,,,,B,2714,01,A,42,0,0,000000000,00000000000,0,0,0,1,0,0,0,0,0,0,0,55,0,0,0,12,12,6,2,42,0,0,0,1,37,27844,6,1,6,0,3,0,72,999,0,1,0,0,2,9,2008,2,2010,0,99,99,99,99,1,2,45,1,1,2,2,0,0,1,13,1,1,4,1,1,1
37,370253,1,1,1,3,4,13,19,23,0,1,0,37,1,12,401,12401,14,2000,1FMYU70E1YUA,1,F,M,Y,U,7,0,E,1,Y,U,A,0,P,FORD,EPR,UT,0,17,3870,,0,1017,,G,,F,6,245,,,15R235,,,,,,0,0,000000000,00000000000,0,0,0,1,0,0,0,0,0,0,0,65,0,1,5,12,12,6,2,1,0,0,0,1,37,27526,6,1,0,0,3,0,66,999,0,0,0,0,0,0,0,0,0,1,28,58,0,0,1,2,55,1,4,2,1,0,0,1,13,1,1,4,1,1,1
37,370254,1,1,3,13,4,7,7,1,0,1,0,37,2,20,421,20421,15,1999,1GNEK13R3XR1,1,G,N,E,K,1,3,R,3,X,R,1,0,P,CHEV,KTA,UT,99,17,5268,,0,1175,,G,,F,8,350,,,16R245,,,,,,0,0,000000000,00000000000,0,0,0,1,0,0,0,0,0,0,0,65,0,2,1,0,81,6,2,1,0,0,0,1,37,27524,1,1,0,0,2,0,999,999,0,1,0,0,0,3,2010,3,2010,0,28,58,0,0,3,2,65,1,1,2,1,0,0,1,1,1,2,6,98,1,0
37,370255,1,1,1,18,4,19,53,1,0,1,0,0,0,12,998,12998,92,9999,999999999999,9,9,9,9,9,9,9,9,9,9,9,9,0,,,,,,,,,,,,,,,,,,,,,,,,,0,0,000000000,00000000000,0,0,0,1,0,0,0,0,0,0,0,7,0,1,2,0,0,6,2,1,0,0,0,1,37,27526,6,1,0,0,1,0,69,999,0,0,0,0,0,0,0,0,0,0,99,99,99,99,1,2,55,3,2,2,1,0,0,14,19,1,1,4,98,1,0
37,370256,1,2,1,19,4,12,57,12,6,1,0,37,3,86,881,86881,63,2007,1M2AG11C87M0,1,M,2,A,G,1,1,C,8,7,M,0,0,T,MACK,CV7,CC,7,17,,8,0,0,700,D,,,6,728,,,,,00000,00,,64,0,5,7251000,057251000,3,2,3,1,0,0,0,0,0,0,0,30,0,0,0,12,12,6,2,12,0,0,0,1,37,28732,6,1,6,0,3,3,72,999,0,0,0,0,0,0,0,0,0,0,0,0,0,0,1,4,45,1,2,2,1,3,3,1,61,1,1,1,71,0,0
37,370256,2,2,3,19,4,12,57,12,6,1,0,37,1,63,35,63035,4,2004,KNAGD1269452,K,N,A,G,D,1,2,6,9,4,5,2,0,P,KIA,OLE,4D,4,17,3281,,0,1063,,G,,F,4,144,,,15R205,,,,,,0,0,000000000,00000000000,0,0,0,1,0,0,0,0,0,0,0,15,0,0,0,3,3,6,2,12,0,0,0,1,37,28774,6,1,0,0,3,0,70,999,0,0,0,0,0,0,0,0,0,0,47,0,0,0,1,4,45,1,2,2,1,3,3,10,16,1,1,1,70,3,0
37,370257,1,2,1,2,4,20,48,12,2,1,0,37,1,20,471,20471,30,1998,1GCCS14X6W82,1,G,C,C,S,1,4,X,6,W,8,2,0,T,CHEV,S14,PK,98,17,,1,1179,1083,S,G,,,6,262,,,,B,3003,00,,42,0,0,000000000,00000000000,0,0,0,1,0,0,0,0,0,0,0,55,0,0,0,12,12,6,2,12,0,0,0,1,37,27910,6,1,0,0,3,0,66,999,0,0,0,1,0,10,2008,10,2008,0,28,0,0,0,1,2,55,1,1,2,1,0,0,1,11,1,1,2,50,1,1
37,370257,2,2,2,2,4,20,48,12,2,1,0,37,1,20,482,20482,31,2004,3GNEK12T04G1,3,G,N,E,K,1,2,T,0,4,G,1,0,T,CHEV,KAV,CW,4,17,,2,0,1300,AVL,G,,,8,325,,,,B,5678,00,,44,0,0,000000000,00000000000,0,0,0,1,0,0,0,0,0,0,0,55,0,0,0,12,12,6,2,12,0,0,0,1,37,27839,6,1,6,0,3,3,74,999,0,0,0,0,2,3,2009,9,2009,0,0,0,0,0,1,2,55,1,1,2,1,0,0,1,63,6,1,2,51,0,0
37,370258,1,1,1,18,4,18,58,34,0,1,0,37,1,12,441,12441,20,1995,1FMCA11UXSZA,1,F,M,C,A,1,1,U,X,S,Z,A,0,P,FORD,ARO,SV,95,17,3646,,0,1190,,G,,F,6,182,,,14R215,,,,,,0,0,000000000,00000000000,0,0,0,1,0,0,0,0,0,0,0,105,0,1,5,6,12,6,2,34,0,0,0,1,37,27897,6,1,0,0,3,3,64,999,1,1,1,1,0,11,2009,3,2011,1,28,58,0,0,1,2,55,1,1,2,1,0,0,1,12,1,1,4,6,1,1
37,370259,1,1,1,10,4,6,29,42,0,1,0,37,1,2,404,2404,14,2004,1J8GW48JX4C3,1,J,8,G,W,4,8,J,X,4,C,3,0,T,JEEP,LCF,4W,4,17,,1,0,1059,GCK,G,,,8,287,,,,,3888,02,K,44,0,0,000000000,00000000000,0,0,0,1,0,0,0,0,0,0,0,70,0,0,0,3,3,6,2,42,0,0,0,1,37,28376,1,1,0,0,2,0,70,999,0,1,0,1,0,4,2010,7,2010,1,28,0,0,0,1,2,45,2,1,2,1,0,0,14,12,1,1,4,6,1,1
37,370260,1,1,2,27,4,17,5,1,0,1,0,0,0,99,739,99739,90,9999,999999999999,9,9,9,9,9,9,9,9,9,9,9,9,0,,,,,,,,,,,,,,,,,,,,,,,,,0,0,000000000,00000000000,0,0,0,1,0,0,0,0,0,0,0,25,0,2,1,0,0,4,3,1,0,0,0,1,37,28364,0,0,0,0,0,0,999,999,0,0,0,0,0,0,0,0,0,0,58,0,0,0,1,2,55,1,1,2,1,0,0,1,19,1,1,7,98,1,0
37,370261,1,3,1,17,3,14,27,12,6,1,0,37,1,12,471,12471,30,1992,1FTCR10U7NUA,1,F,T,C,R,1,0,U,7,N,U,A,0,T,FORD,RNG,PK,92,17,,1,1139,1079,RNG,G,,,6,182,,,,B,2858,03,A,42,0,0,000000000,00000000000,0,0,0,1,0,0,0,0,0,0,0,20,0,1,1,9,9,6,2,12,0,0,0,1,37,28377,6,1,0,0,3,3,69,999,1,0,0,0,0,11,2008,11,2008,0,0,0,0,0,2,6,45,1,1,2,1,3,3,1,17,1,1,1,89,1,0
37,370261,2,3,1,17,3,14,27,12,6,1,0,37,1,20,422,20422,15,2007,3GNFC16J47G2,3,G,N,F,C,1,6,J,4,7,G,2,0,P,CHEV,C15,UT,7,17,5613,,0,1300,,G,,F,8,323,,,17R265,,,,,,0,0,000000000,00000000000,0,0,0,1,0,0,0,0,0,0,0,20,0,0,0,9,9,6,2,54,0,0,0,1,37,28314,6,1,0,0,3,0,67,999,0,0,0,1,0,8,2009,8,2009,0,0,0,0,0,2,6,45,1,1,2,1,3,3,1,17,1,1,1,98,0,0
37,370261,3,3,1,17,3,14,27,12,6,1,0,37,3,23,461,23461,21,2004,1GTFG15X4411,1,G,T,F,G,1,5,X,4,4,1,1,0,T,GMC,SA1,CG,4,17,,2,0,1350,SAV,G,,,6,262,,,,B,4832,00,E,42,0,0,000000000,00000000000,0,0,0,1,0,0,0,0,0,0,0,45,0,0,0,12,12,6,2,12,0,0,0,1,37,28314,6,1,0,0,3,0,75,999,0,1,0,1,5,8,2008,12,2010,0,39,0,0,0,2,6,45,1,1,2,1,3,3,1,17,1,1,1,88,0,0
37,370262,1,1,1,16,4,11,32,35,0,1,0,37,1,20,9,20009,2,1993,2G1FP22S8P21,2,G,1,F,P,2,2,S,8,P,2,1,0,P,CHEV,CAM,CP,93,17,3241,,0,1010,,G,,F,6,207,,,16R215,,,,,,0,0,000000000,00000000000,0,0,0,1,0,0,0,0,0,0,0,998,0,1,5,12,13,6,2,42,0,0,0,1,37,28304,6,1,0,0,3,0,69,999,0,0,0,0,0,0,0,0,0,0,0,0,0,0,1,2,35,1,1,2,1,0,0,1,13,1,1,4,1,1,0
37,370263,1,2,1,23,4,21,0,12,6,1,1,37,9,12,402,12402,14,2005,1FMYU93175KB,1,F,M,Y,U,9,3,1,7,5,K,B,0,P,FORD,SPE,UT,5,17,3464,,0,1031,,G,,F,6,183,,,16R235,,,,,,0,0,000000000,00000000000,0,0,0,1,0,0,0,0,0,0,0,15,0,0,0,3,3,4,3,12,0,0,0,1,99,99999,9,9,99,9,9,9,999,999,99,99,99,99,99,99,9999,99,9999,0,0,0,0,0,1,2,45,1,1,2,1,0,0,11,15,1,1,1,68,0,0
37,370263,2,2,1,23,4,21,0,12,6,1,0,37,1,53,705,53705,80,2006,JS1GN7DA2621,J,S,1,G,N,7,D,A,2,6,2,1,0,M,SUZI,K6R,RC,6,17,,,,,,,599,,4,,4,354,,,,,,,0,0,000000000,00000000000,0,0,0,1,0,0,0,0,0,0,0,50,0,0,0,12,12,6,2,12,0,0,0,1,48,76542,4,1,0,0,2,0,999,999,0,1,0,2,0,8,2008,9,2009,0,0,0,0,0,1,2,45,1,1,2,1,0,0,1,55,1,1,1,69,1,1