STATE,ST_CASE,VEH_NO,VE_FORMS,NUMOCCS,DAY,MONTH,HOUR,MINUTE,HARM_EV,MAN_COLL,UNITTYPE,HIT_RUN,REG_STAT,OWNER,MAKE,MODEL,MAK_MOD,BODY_TYP,MOD_YEAR,VIN,VIN_1,VIN_2,VIN_3,VIN_4,VIN_5,VIN_6,VIN_7,VIN_8,VIN_9,VIN_10,VIN_11,VIN_12,TOW_VEH,VINTYPE,VINMAKE,VINA_MOD,VIN_BT,VINMODYR,VIN_LNGT,VIN_WGT,WGTCD_TR,WHLBS_LG,WHLBS_SH,SER_TR,FUELCODE,MCYCL_DS,CARBUR,CYLINDER,DISPLACE,MCYCL_CY,MCYCL_WT,TIRE_SZE,TON_RAT,TRK_WT,TRKWTVAR,VIN_REST,WHLDRWHL,J_KNIFE,MCARR_I1,MCARR_I2,MCARR_ID,GVWR,V_CONFIG,CARGO_BT,HAZ_INV,HAZ_PLAC,HAZ_ID,HAZ_CNO,HAZ_REL,BUS_USE,SPEC_USE,EMER_USE,TRAV_SP,UNDERIDE,ROLLOVER,ROLINLOC,IMPACT1,IMPACT2,DEFORMED,TOWED,M_HARM,VEH_SC1,VEH_SC2,FIRE_EXP,DR_PRES,L_STATE,DR_ZIP,L_STATUS,L_TYPE,CDL_STAT,L_ENDORS,L_COMPL,L_RESTRI,DR_HGT,DR_WGT,PREV_ACC,PREV_SUS,PREV_DWI,PREV_SPD,PREV_OTH,FIRST_MO,FIRST_YR,LAST_MO,LAST_YR,SPEEDREL,DR_SF1,DR_SF2,DR_SF3,DR_SF4,VTRAFWAY,VNUM_LAN,VSPD_LIM,VALIGN,VPROFILE,VPAVETYP,VSURCOND,VTRAFCON,VTCONT_F,P_CRASH1,P_CRASH2,P_CRASH3,PCRASH4,PCRASH5,ACC_TYPE,DEATHS,DR_DRINK
37,370264,1,1,7,16,4,5,52,24,0,1,0,37,1,20,431,20431,16,2003,3GNFK16T23G1,3,G,N,F,K,1,6,T,2,3,G,1,0,P,CHEV,K15,UT,3,17,5123,,0,1300,,G,,F,8,325,,,16R265,,,,,,0,0,000000000,00000000000,0,0,0,1,0,0,0,0,0,0,0,60,0,1,5,1,1,6,2,1,0,0,0,1,37,28031,6,1,0,0,3,3,65,999,0,0,0,0,1,11,2010,11,2010,1,36,0,0,0,3,4,65,1,1,2,2,0,0,1,6,1,1,4,1,1,0
37,370265,1,1,1,27,4,15,58,53,0,1,0,37,2,20,461,20461,21,1999,1GCFG25M8X11,1,G,C,F,G,2,5,M,8,X,1,1,0,T,CHEV,EX2,CG,99,17,,2,0,1350,EXP,G,,,8,305,,,,C,4849,00,,42,0,0,000000000,00000000000,0,0,0,1,0,0,0,0,0,0,0,95,0,0,0,12,12,6,2,32,0,0,0,1,37,27524,6,1,0,0,3,0,73,999,0,0,0,1,0,4,2009,4,2009,1,36,0,0,0,1,2,55,1,1,2,1,0,0,1,12,1,1,4,6,1,1
37,370266,1,2,1,24,4,10,52,12,6,1,0,37,2,12,17,12017,4,2001,1FAFP56SX1A1,1,F,A,F,P,5,6,S,X,1,A,1,0,P,FORD,TEL,4D,1,17,3333,,0,1085,,G,,F,6,182,,,16R215,,,,,,0,0,000000000,00000000000,0,0,0,1,0,0,0,0,0,0,0,40,0,0,0,5,5,4,9,12,0,0,0,1,37,27577,6,1,0,0,3,0,62,999,0,0,0,0,0,0,0,0,0,0,35,0,0,0,1,2,45,1,1,2,1,0,0,6,10,1,1,2,84,0,0
37,370266,2,2,2,24,4,10,52,12,6,1,0,37,1,76,705,76705,80,2007,JYAVM01E37A1,J,Y,A,V,M,0,1,E,3,7,A,1,0,M,YAMA,VS6,RS,7,17,,,,,,,649,,2,,4,474,,,,,,,0,0,000000000,00000000000,0,0,0,1,0,0,0,0,0,0,0,35,0,0,0,12,12,6,2,12,0,0,0,1,37,27569,6,1,0,0,3,2,72,999,0,0,0,0,0,0,0,0,0,0,74,0,0,0,1,2,45,1,1,2,1,0,0,11,15,1,1,2,84,1,0
37,370267,1,1,2,16,4,16,0,16,0,1,0,37,1,22,20,22020,2,1998,1G2WP1212WF2,1,G,2,W,P,1,2,1,2,W,F,2,0,P,PONT,GTP,CP,98,17,3396,,0,1105,,G,,Z,6,231,,,16R225,,,,,,0,0,000000000,00000000000,0,0,0,1,0,0,0,0,0,0,0,20,0,0,0,0,0,6,2,16,0,0,0,1,37,27330,6,1,0,0,3,3,70,999,2,0,0,0,1,7,2008,9,2010,0,0,0,0,0,1,2,55,1,2,2,2,0,0,1,98,1,1,1,0,1,0
37,370268,1,2,1,7,4,13,35,12,2,1,0,37,3,85,881,85881,66,2006,1XKDDB9X56J1,1,X,K,D,D,B,9,X,5,6,J,1,1,T,KW,T80,TR,6,17,,8,2600,1600,CON,D,,,6,893,,,,,00000,00,,64,1,57,00482016,5700482016,3,6,3,1,0,0,0,0,0,0,0,45,0,0,0,12,12,6,2,12,0,0,0,1,45,29704,6,1,6,0,3,0,69,290,0,0,0,2,1,9,2009,3,2011,0,0,0,0,0,1,2,45,1,2,2,1,0,0,1,62,6,1,1,51,0,0
37,370268,2,2,2,7,4,13,35,12,2,1,0,37,1,35,471,35471,30,1987,1N6HD16YXHC3,1,N,6,H,D,1,6,Y,X,H,C,3,0,T,NISS,U4K,PK,87,17,,1,0,1161,D21,G,,,6,181,,,,,3664,01,A,44,0,0,000000000,00000000000,0,0,0,1,0,0,0,0,0,0,0,55,0,0,0,12,12,6,2,12,0,0,0,1,37,28092,1,1,0,0,2,0,69,999,0,4,0,0,1,12,2009,3,2010,0,28,0,0,0,1,2,55,1,2,2,1,0,0,1,10,1,1,2,50,2,0
37,370269,1,2,1,23,4,8,48,12,2,1,0,37,1,20,20,20020,4,1997,2G1WL52M5V93,2,G,1,W,L,5,2,M,5,V,9,3,0,P,CHEV,L/S,4D,97,17,3360,,0,1075,,G,,F,6,191,,,15R205,,,,,,0,0,000000000,00000000000,0,0,0,1,0,0,0,0,0,0,0,50,0,0,0,12,12,6,2,12,0,0,0,1,37,28037,6,1,0,0,3,0,67,999,0,0,0,1,1,2,2010,8,2010,0,28,0,0,0,1,2,50,1,1,2,2,0,0,1,10,1,1,2,50,1,1
37,370269,2,2,1,23,4,8,48,12,2,1,0,37,1,18,3,18003,4,1998,1G4CW52KXW46,1,G,4,C,W,5,2,K,X,W,4,6,0,P,BUIC,PKA,4D,98,17,3645,,0,1138,,G,,F,6,231,,,16R225,,,,,,0,0,000000000,00000000000,0,0,0,1,0,0,0,0,0,0,0,50,0,0,0,12,12,6,2,12,0,0,0,1,37,28037,6,1,0,0,3,0,66,999,0,0,0,0,0,0,0,0,0,0,0,0,0,0,1,2,50,1,1,2,2,0,0,1,62,1,1,1,51,0,0
37,370270,1,1,3,2,4,12,58,8,0,1,0,37,1,37,32,37032,4,1992,1HGCB7579NA0,1,H,G,C,B,7,5,7,9,N,A,0,0,P,HOND,AEX,4D,92,17,2987,,0,1071,,G,,F,4,132,,,15R195,,,,,,0,0,000000000,00000000000,0,0,0,1,0,0,0,0,0,0,0,60,0,0,0,12,12,6,2,8,0,0,0,1,37,28269,6,1,0,0,3,3,69,999,1,0,0,0,2,6,2010,1,2011,0,0,0,0,0,3,7,60,1,1,2,1,0,0,1,80,1,1,1,13,0,0
37,370271,1,1,1,20,4,20,21,8,0,1,0,37,2,37,32,37032,4,1996,1HGCD5637TA0,1,H,G,C,D,5,6,3,7,T,A,0,0,P,HOND,ULE,4D,96,17,2864,,0,1069,,G,,F,4,132,,,15R185,,,,,,0,0,000000000,00000000000,0,0,0,1,0,0,0,0,0,0,0,35,0,0,0,12,12,2,1,8,0,0,0,1,37,28387,6,1,0,0,3,0,67,999,1,0,0,0,2,12,2008,9,2010,0,0,0,0,0,1,2,35,1,1,2,1,0,0,1,80,1,1,1,13,0,0
37,370272,1,1,1,17,4,18,31,34,0,1,0,37,2,12,471,12471,30,2001,1FTZR15E61TA,1,F,T,Z,R,1,5,E,6,1,T,A,0,T,FORD,RNS,PC,1,17,,1,0,1259,RNG,G,,,6,245,,,,B,3599,00,U,44,0,0,000000000,00000000000,0,0,0,1,0,0,0,0,0,0,0,50,0,1,5,2,0,6,2,1,0,0,0,1,37,27804,6,2,0,0,3,3,69,999,0,0,0,0,0,0,0,0,0,1,58,0,0,0,1,2,45,1,2,2,1,0,0,1,13,1,1,4,1,1,0
37,370273,1,1,1,21,4,15,31,34,0,1,0,37,1,49,32,49032,2,1985,JT2AE88S0F01,J,T,2,A,E,8,8,S,0,F,0,1,0,P,TOYT,COG,CP,85,17,2105,,0,945,,G,,F,4,097,,,14R185,,,,,,0,0,000000000,00000000000,0,0,0,1,0,0,0,0,0,0,0,80,0,1,5,12,0,6,2,1,0,0,0,1,37,27597,6,1,6,0,3,1,71,999,0,1,0,1,1,10,2010,3,2011,1,36,0,0,0,1,2,55,2,2,2,1,0,0,14,6,1,1,4,6,1,0
37,370274,1,1,1,3,4,9,30,9,0,1,0,37,1,18,2,18002,4,1998,1G4HP52K7WH5,1,G,4,H,P,5,2,K,7,W,H,5,0,P,BUIC,LCF,4D,98,17,3348,,0,1108,,G,,F,6,231,,,15R205,,,,,,0,0,000000000,00000000000,0,0,0,1,0,0,0,0,0,0,0,55,0,0,0,12,12,6,2,9,0,0,0,1,37,28428,6,1,0,0,3,0,72,999,0,0,0,0,0,0,0,0,0,0,36,0,0,0,1,2,55,1,1,2,1,0,0,1,83,1,1,2,13,0,1
37,370275,1,1,2,3,4,13,59,53,0,1,0,37,2,49,401,49401,14,1997,JT3GN86R5V00,J,T,3,G,N,8,6,R,5,V,0,0,0,P,TOYT,RUN,UT,97,17,3565,,0,1053,,G,,F,6,206,,,15R225,,,,,,0,0,000000000,00000000000,0,0,0,1,0,0,0,0,0,0,0,55,0,1,1,4,0,6,2,1,0,0,0,1,37,28443,6,1,0,0,3,0,71,999,0,0,0,0,0,0,0,0,0,1,36,0,0,0,1,2,35,3,1,1,1,0,0,14,6,1,1,4,1,1,1
37,370276,1,2,1,11,4,5,11,12,1,1,0,0,0,98,709,98709,81,2007,000000000000,0,0,0,0,0,0,0,0,0,0,0,0,0,,,,,,,,,,,,,,,,,,,,,,,,,0,0,000000000,00000000000,0,0,0,1,0,0,0,0,0,0,0,30,0,0,0,6,6,6,2,12,0,0,0,1,37,28443,1,1,0,0,1,0,70,999,0,2,1,0,1,4,2008,10,2010,0,99,99,99,99,1,2,45,1,2,2,2,0,0,1,10,1,1,2,25,1,0
37,370276,2,2,1,11,4,5,11,12,1,1,0,12,1,12,481,12481,31,2010,1FTEX1C89AKB,1,F,T,E,X,1,C,8,9,A,K,B,0,T,FORD,F15,4C,10,17,,2,1630,1330,COF,G,,,8,281,,,,B,5137,00,7,42,0,0,000000000,00000000000,0,0,0,1,0,0,0,0,0,0,0,45,0,0,0,12,12,0,1,12,0,0,0,1,12,32091,6,1,0,0,3,0,68,999,0,0,0,0,0,0,0,0,0,0,0,0,0,0,1,2,45,1,2,2,2,0,0,1,62,1,1,1,24,0,0
37,370277,1,1,2,16,4,2,43,1,0,1,0,9,1,49,399,49399,9,2010,3TMLU4EN9AM0,3,T,M,L,U,4,E,N,9,A,M,0,0,T,TOYT,DCL,CW,10,17,,1,0,1278,TAC,G,,,6,244,,,,B,4035,00,W,44,0,0,000000000,00000000000,0,0,0,1,0,0,0,0,0,0,0,75,0,2,5,0,13,6,2,1,0,0,0,1,9,6762,6,1,0,0,3,0,71,999,98,0,0,0,0,0,0,0,0,1,36,58,0,0,2,4,55,3,1,2,1,0,0,14,6,1,1,4,1,2,1
37,370278,1,1,1,21,4,20,30,11,0,1,0,0,0,98,709,98709,81,2009,000000000000,0,0,0,0,0,0,0,0,0,0,0,0,0,,,,,,,,,,,,,,,,,,,,,,,,,0,0,000000000,00000000000,0,0,0,1,0,0,0,0,0,0,0,35,0,0,0,12,12,2,4,11,0,0,0,1,37,28478,1,1,0,0,1,0,70,999,0,0,0,0,0,0,0,0,0,0,0,0,0,0,1,2,35,1,1,2,1,0,0,1,87,1,1,1,13,1,1
37,370279,1,2,1,9,4,16,52,12,2,1,0,37,1,2,404,2404,14,1994,1J4GZ78Y5RC3,1,J,4,G,Z,7,8,Y,5,R,C,3,0,T,JEEP,LMT,4W,94,17,,1,0,1059,GCK,G,,,8,318,,,,,3674,00,B,44,0,0,000000000,00000000000,0,0,0,1,0,0,0,0,0,0,0,55,0,1,1,12,12,6,2,12,0,0,1,1,37,27864,6,1,0,0,3,0,60,999,0,0,0,0,0,0,0,0,0,0,28,0,0,0,1,2,55,2,1,2,1,0,0,14,10,1,1,2,50,0,0
37,370279,2,2,3,9,4,16,52,12,2,1,0,37,1,37,32,37032,4,2009,1HGCP368X9A0,1,H,G,C,P,3,6,8,X,9,A,0,0,P,HOND,AXL,4D,9,17,3600,,0,1102,,G,,F,6,214,,,17R225,,,,,,0,0,000000000,00000000000,0,0,0,1,0,0,0,0,0,0,0,50,0,0,0,12,12,6,2,12,0,0,0,1,37,27858,6,1,0,0,3,0,63,999,0,0,0,0,0,0,0,0,0,0,0,0,0,0,1,2,55,3,1,2,1,0,0,14,62,1,1,1,51,1,0
37,370280,1,2,2,29,4,17,51,12,6,1,0,37,1,7,442,7442,20,2001,2B4GP44G31R1,2,B,4,G,P,4,4,G,3,1,R,1,0,T,DODG,GSP,ES,1,17,,1,0,1193,CAR,G,,,6,201,,,,,3989,00,E,42,0,0,000000000,00000000000,0,0,0,1,0,0,0,0,0,0,0,10,0,0,0,9,9,6,2,12,0,0,0,1,37,27828,6,1,0,0,3,3,67,999,0,0,0,0,0,0,0,0,0,0,38,0,0,0,1,2,45,1,1,2,1,20,3,4,17,1,1,1,89,1,0
37,370280,2,2,2,29,4,17,51,12,6,1,0,37,2,12,401,12401,14,1999,1FMZU34X4XZA,1,F,M,Z,U,3,4,X,4,X,Z,A,0,P,FORD,EPR,UT,99,17,4128,,0,1116,,G,,F,6,245,,,15R225,,,,,,0,0,000000000,00000000000,0,0,0,1,0,0,0,0,0,0,0,55,0,0,0,12,12,6,2,12,0,0,0,1,37,27852,6,1,0,0,3,0,64,999,0,0,0,0,0,0,0,0,0,0,0,0,0,0,1,2,45,1,1,2,1,0,0,1,55,1,1,1,88,0,0
37,370281,1,2,1,29,4,14,24,26,0,1,0,37,1,20,32,20032,4,1999,1Y1SK5281XZ4,1,Y,1,S,K,5,2,8,1,X,Z,4,0,P,CHEV,P/L,4D,99,17,2403,,0,971,,G,,F,4,110,,,14R175,,,,,,0,0,000000000,00000000000,0,0,0,1,0,0,0,0,0,0,0,50,0,0,0,12,12,6,2,26,0,0,0,1,37,27316,6,1,0,0,3,3,65,999,0,0,0,0,0,0,0,0,0,0,0,0,0,0,3,4,55,1,2,2,1,0,0,1,13,1,1,4,1,1,0
37,370281,2,2,2,29,4,14,24,26,0,1,0,37,1,45,421,45421,15,2004,WP1AA29PX4LA,W,P,1,A,A,2,9,P,X,4,L,A,0,P,PORS,POR,UT,4,17,6493,,0,1124,,G,,F,6,195,,,18R255,,,,,,0,0,000000000,00000000000,0,0,0,1,0,0,0,0,0,0,0,50,0,0,0,12,12,6,2,26,0,0,0,1,37,27203,6,1,0,0,3,0,69,999,1,0,0,2,2,2,2010,3,2011,0,0,0,0,0,3,4,55,1,2,2,1,0,0,1,51,7,1,4,98,0,0
37,370282,1,3,1,1,4,8,32,12,8,1,0,18,3,82,881,82881,66,2006,1FUJA6CK46LW,1,F,U,J,A,6,C,K,4,6,L,W,1,T,FRHT,COL,TR,6,17,,8,0,0,CON,D,,,6,855,,,,,00000,00,,64,1,57,327574,57327574,3,6,1,1,0,0,0,0,0,0,0,55,0,0,0,10,10,4,1,12,0,0,0,1,51,24551,6,1,6,0,3,0,69,215,1,0,0,1,0,3,2009,3,2010,0,0,0,0,0,1,2,55,1,4,2,1,0,0,1,62,1,1,1,65,0,0
37,370282,2,3,3,1,4,8,32,12,8,1,0,12,2,6,41,6041,4,1999,2C3HD46R2XH5,2,C,3,H,D,4,6,R,2,X,H,5,0,P,CHRY,CXL,4D,99,17,3362,,0,1130,,G,,F,6,167,,,15R205,,,,,,0,0,000000000,00000000000,0,0,0,1,0,0,0,0,0,0,0,55,0,0,0,10,12,6,2,12,0,0,0,1,26,49620,6,1,0,0,3,0,64,124,1,0,0,0,0,12,2009,12,2009,0,28,0,0,0,1,2,55,1,4,2,1,0,0,1,10,1,1,2,64,1,0
37,370282,3,3,1,1,4,8,32,12,8,1,0,37,3,85,881,85881,63,2005,1NKWXUTXX5J0,1,N,K,W,X,U,T,X,X,5,J,0,0,T,KW,W90,CC,5,17,,8,2850,1600,CON,D,,,6,763,,,,,00000,00,,,0,57,1679931,571679931,3,2,4,1,0,0,0,0,0,0,0,55,0,0,0,12,12,6,2,12,0,0,0,1,37,28379,6,1,6,0,3,0,69,999,1,0,0,0,0,7,2009,7,2009,0,0,0,0,0,1,2,55,1,4,2,1,0,0,1,62,1,1,1,98,0,0
37,370283,1,1,1,14,4,11,24,42,0,1,0,37,2,19,3,19003,4,1989,1G6CD5154K42,1,G,6,C,D,5,1,5,4,K,4,2,0,P,CADI,DFW,4D,89,17,3302,,0,1138,,G,,F,8,276,,,15R205,,,,,,0,0,000000000,00000000000,0,0,0,1,0,0,0,0,0,0,0,35,0,0,0,12,12,6,2,42,0,0,0,1,37,28315,1,1,0,0,2,0,66,999,0,0,0,0,0,0,0,0,0,0,99,99,99,99,1,2,45,1,1,2,1,0,0,1,13,1,1,4,1,1,0
37,370284,1,1,3,21,4,21,0,8,0,1,0,37,2,2,406,2406,14,2008,1J8HH48K98C1,1,J,8,H,H,4,8,K,9,8,C,1,0,T,JEEP,SPT,4W,8,17,,2,0,1095,CMD,G,,,6,226,,,,,4649,00,L,42,0,0,000000000,00000000000,0,0,0,1,0,0,0,0,0,0,0,55,0,0,0,12,12,4,1,8,0,0,0,1,37,28383,6,1,0,0,3,0,59,999,0,0,0,0,1,5,2008,5,2008,0,0,0,0,0,1,2,55,1,1,2,1,0,0,1,80,1,1,1,13,0,0
37,370285,1,1,1,6,4,16,55,59,0,1,0,37,2,53,705,53705,80,2006,JS1GN7DA2621,J,S,1,G,N,7,D,A,2,6,2,1,0,M,SUZI,K6R,RC,6,17,,,,,,,599,,4,,4,354,,,,,,,0,0,000000000,00000000000,0,0,0,1,0,0,0,0,0,0,0,90,0,0,0,12,12,6,2,42,0,0,0,1,37,28360,6,1,0,0,2,2,71,999,0,0,0,0,1,3,2010,3,2010,1,36,74,0,0,1,2,55,3,1,2,1,0,0,14,6,1,1,4,6,1,0
37,370286,1,2,2,1,4,12,15,12,6,1,0,37,1,20,34,20034,3,1992,JG1MR3367NK2,J,G,1,M,R,3,3,6,7,N,K,2,0,P,GEO,GSC,CV,92,17,1753,,0,892,,G,,F,3,061,,,13R165,,,,,,0,0,000000000,00000000000,0,0,0,1,0,0,0,0,0,0,0,10,0,0,0,3,3,6,2,12,0,0,0,1,37,27403,6,1,0,0,3,3,64,999,1,0,0,0,0,12,2010,12,2010,0,38,0,0,0,1,2,55,1,1,2,1,20,3,4,17,1,1,1,87,2,0
37,370286,2,2,1,1,4,12,15,12,6,1,0,37,1,14,401,14401,14,2002,4M2ZU86W32UJ,4,M,2,Z,U,8,6,W,3,2,U,J,0,P,MERC,MOU,UT,2,17,4410,,0,1138,,G,,F,8,281,,,16R245,,,,,,0,0,000000000,00000000000,0,0,0,1,0,0,0,0,0,0,0,55,0,1,1,12,12,6,2,12,0,0,0,1,37,27455,6,1,0,0,3,3,72,999,0,0,0,0,0,0,0,0,0,0,0,0,0,0,1,2,55,1,1,2,1,0,0,1,17,1,1,1,86,0,0
37,370287,1,1,1,28,4,16,1,1,0,1,0,37,3,20,881,20881,62,2006,1GBK7C1C26F4,1,G,B,K,7,C,1,C,2,6,F,4,0,T,CHEV,C7C,CC,6,17,,6,2960,1400,C75,D,,,6,439,,,,,00000,00,,42,0,57,103195,57103195,2,1,97,1,0,0,0,0,0,0,0,50,0,2,5,0,0,6,2,1,0,0,0,1,37,27358,6,1,6,0,3,0,72,999,0,0,0,0,0,0,0,0,0,0,28,58,0,0,1,2,50,1,1,2,1,0,0,1,13,1,1,4,1,1,0
37,370288,1,2,3,10,4,20,11,12,6,1,0,37,2,12,422,12422,15,2004,1FMPU16W24LB,1,F,M,P,U,1,6,W,2,4,L,B,0,P,FORD,EPT,UT,4,17,5394,,0,1191,,G,,F,8,281,,,17R265,,,,,,0,0,000000000,00000000000,0,0,0,1,0,0,0,0,0,0,0,15,0,0,0,9,9,0,9,12,0,0,0,1,37,27028,6,1,0,0,3,0,64,999,0,4,0,2,6,7,2008,1,2011,0,38,0,0,0,1,2,55,1,1,2,1,0,0,13,98,1,1,3,92,0,0
37,370288,2,2,1,10,4,20,11,12,6,1,0,37,1,72,706,72706,80,2000,1HD1CGP12YK1,1,H,D,1,C,G,P,1,2,Y,K,1,0,M,HD,20C,RS,0,17,,,,,,,1200,,2,,4,491,,,,,,,0,0,000000000,00000000000,0,0,0,1,0,0,0,0,0,0,0,55,0,0,0,12,12,6,2,12,0,0,0,1,37,28147,6,1,0,0,3,0,64,999,0,0,0,0,0,0,0,0,0,0,0,0,0,0,1,2,55,1,1,2,1,0,0,1,56,1,1,1,93,1,0
37,370289,1,1,1,19,4,14,46,42,0,1,0,37,2,6,441,6441,20,2001,2C8GP64L61R4,2,C,8,G,P,6,4,L,6,1,R,4,0,T,CHRY,LMT,ES,1,17,,1,0,1193,TWC,G,,,6,230,,,,,4261,00,,42,0,0,000000000,00000000000,0,0,0,1,0,0,0,0,0,0,0,55,0,1,5,12,12,6,2,42,0,0,0,1,37,28328,6,1,0,0,3,3,66,999,1,0,0,0,0,10,2009,10,2009,0,99,99,99,99,1,2,55,1,1,2,1,0,0,1,10,1,1,4,6,1,0
37,370290,1,2,1,12,4,16,35,12,6,1,0,37,3,86,881,86881,63,2006,1M2AG11C06M0,1,M,2,A,G,1,1,C,0,6,M,0,0,T,MACK,CV7,CC,6,17,,8,0,0,700,D,,,6,728,,,,,00000,00,,64,0,57,962089,57962089,3,2,7,1,0,0,0,0,0,0,0,55,0,0,0,12,12,6,2,12,0,0,0,1,37,27356,6,1,6,0,3,0,64,999,0,0,0,0,0,0,0,0,0,0,0,0,0,0,1,2,55,1,1,2,1,0,0,1,17,1,1,1,88,0,0
37,370290,2,2,1,12,4,16,35,12,6,1,0,37,1,12,401,12401,14,1999,1FMZU34E5XZB,1,F,M,Z,U,3,4,E,5,X,Z,B,0,P,FORD,EPR,UT,99,17,4128,,0,1116,,G,,F,6,245,,,15R225,,,,,,0,0,000000000,00000000000,0,0,0,1,0,0,0,0,0,0,0,10,0,0,0,9,9,6,2,12,0,0,0,1,37,28001,6,1,0,0,3,0,68,999,0,0,0,0,3,8,2009,3,2010,0,38,0,0,0,1,2,55,1,1,2,1,20,3,4,55,1,1,1,89,1,0
37,370291,1,2,2,2,4,18,28,12,6,1,0,37,1,20,34,20034,3,1997,2C1MR2298V67,2,C,1,M,R,2,2,9,8,V,6,7,0,P,GEO,LSI,2H,97,17,1821,,0,931,,G,,F,4,079,,,13R155,,,,,,0,0,000000000,00000000000,0,0,0,1,0,0,0,0,0,0,0,30,0,0,0,9,9,6,2,12,0,0,0,1,37,27030,6,1,0,0,3,0,62,999,0,0,0,0,0,0,0,0,0,0,0,0,0,0,1,2,55,1,2,2,1,0,0,11,18,1,1,1,72,1,0
37,370291,2,2,2,2,4,18,28,12,6,1,0,37,2,20,2,20002,4,1993,1G1BN53E9PW1,1,G,1,B,N,5,3,E,9,P,W,1,0,P,CHEV,CLS,4D,93,17,3988,,0,1159,,G,,F,8,305,,,15R215,,,,,,0,0,000000000,00000000000,0,0,0,1,0,0,0,0,0,0,0,80,0,0,0,12,12,6,2,12,0,0,0,1,37,27017,6,1,0,0,3,0,70,999,0,2,0,0,2,5,2008,6,2008,1,26,34,0,0,1,2,55,1,2,2,1,0,0,1,62,1,1,2,73,0,0
37,370292,1,1,1,2,4,14,1,1,0,1,0,37,1,73,706,73706,80,1999,JKAZX2C1XXA0,J,K,A,Z,X,2,C,1,X,X,A,0,0,M,KAWK,Z9C,RC,99,17,,,,,,,900,,4,,4,404,,,,,,,0,0,000000000,00000000000,0,0,0,1,0,0,0,0,0,0,0,45,0,0,0,0,0,4,9,1,0,0,0,1,37,28716,6,1,0,0,3,0,70,999,1,0,0,0,0,9,2010,9,2010,1,36,0,0,0,1,2,55,2,2,2,1,0,0,14,6,1,1,1,98,1,0
37,370293,1,2,1,4,4,18,52,12,2,1,0,37,2,20,32,20032,4,1997,1Y1SK5267VZ4,1,Y,1,S,K,5,2,6,7,V,Z,4,0,P,GEO,GEP,4D,97,17,2360,,0,971,,G,,F,4,097,,,14R175,,,,,,0,0,000000000,00000000000,0,0,0,1,0,0,0,0,0,0,0,55,0,0,0,12,12,6,2,12,0,0,0,1,37,27529,6,1,0,0,3,3,72,999,0,0,0,0,0,0,0,0,0,0,28,0,0,0,1,2,55,1,2,2,1,0,0,1,50,6,1,2,58,0,0
37,370293,2,2,1,4,4,18,52,12,2,1,0,37,1,14,17,14017,4,2004,1MEHM55S94A6,1,M,E,H,M,5,5,S,9,4,A,6,0,P,MERC,SLP,4D,4,17,3369,,0,1085,,G,,F,6,182,,,16R215,,,,,,0,0,000000000,00000000000,0,0,0,1,0,0,0,0,0,0,0,50,0,0,0,12,12,6,2,12,0,0,0,1,37,27603,6,1,0,0,3,3,63,999,1,0,0,0,0,2,2011,2,2011,0,0,0,0,0,1,2,55,1,2,2,1,0,0,1,62,1,1,1,59,1,0
37,370294,1,4,1,5,4,7,31,12,7,1,0,37,1,49,40,49040,4,1999,JT2BG22K3X03,J,T,2,B,G,2,2,K,3,X,0,3,0,P,TOYT,XLL,4D,99,17,3120,,0,1051,,G,,F,4,132,,,14R195,,,,,,0,0,000000000,00000000000,0,0,0,1,0,0,0,0,0,0,0,65,0,0,0,10,10,6,2,12,0,0,0,1,37,27617,6,1,0,0,3,3,67,999,0,0,0,2,2,8,2008,12,2009,1,36,0,0,0,3,4,65,2,1,2,2,0,0,14,6,1,1,2,45,0,0
37,370294,2,4,3,5,4,7,31,12,7,1,0,37,2,12,17,12017,4,2002,1FAFP55S12A1,1,F,A,F,P,5,5,S,1,2,A,1,0,P,FORD,TSS,4D,2,17,3392,,0,1085,,G,,F,6,182,,,16R215,,,,,,0,0,000000000,00000000000,0,0,0,1,0,0,0,0,0,0,0,65,0,0,0,3,12,6,2,12,0,0,0,1,37,27565,6,1,0,0,3,3,67,999,0,0,0,0,0,0,0,0,0,0,0,0,0,0,3,4,65,2,1,2,2,0,0,14,60,1,1,1,44,1,0
37,370294,3,4,1,5,4,7,31,12,7,1,0,37,3,20,461,20461,21,2011,1GCSGAFXXB11,1,G,C,S,G,A,F,X,X,B,1,1,0,T,CHEV,E15,CG,11,17,,2,0,1350,EXP,G,,,6,262,,,,B,4894,00,,42,0,0,000000000,00000000000,0,0,0,1,0,0,0,0,0,0,0,65,0,0,0,11,11,6,2,12,0,0,0,1,37,27597,6,1,0,0,3,0,72,999,0,0,0,0,0,0,0,0,0,0,0,0,0,0,3,4,65,3,1,2,2,0,0,14,62,1,1,1,98,0,0
37,370294,4,4,1,5,4,7,31,12,7,1,0,37,1,49,32,49032,4,1998,2T1BR18EXWC0,2,T,1,B,R,1,8,E,X,W,C,0,0,P,TOYT,UVL,4D,98,17,2414,,0,970,,G,,F,4,109,,,14R175,,,,,,0,0,000000000,00000000000,0,0,0,1,0,0,0,0,0,0,0,65,0,0,0,12,12,6,2,12,0,0,0,1,37,27610,6,1,0,0,3,0,62,999,0,0,0,0,0,0,0,0,0,0,0,0,0,0,3,4,65,3,1,2,2,0,0,14,62,1,1,1,98,0,0