STATE,ST_CASE,VEH_NO,VE_FORMS,NUMOCCS,DAY,MONTH,HOUR,MINUTE,HARM_EV,MAN_COLL,UNITTYPE,HIT_RUN,REG_STAT,OWNER,MAKE,MODEL,MAK_MOD,BODY_TYP,MOD_YEAR,VIN,VIN_1,VIN_2,VIN_3,VIN_4,VIN_5,VIN_6,VIN_7,VIN_8,VIN_9,VIN_10,VIN_11,VIN_12,TOW_VEH,VINTYPE,VINMAKE,VINA_MOD,VIN_BT,VINMODYR,VIN_LNGT,VIN_WGT,WGTCD_TR,WHLBS_LG,WHLBS_SH,SER_TR,FUELCODE,MCYCL_DS,CARBUR,CYLINDER,DISPLACE,MCYCL_CY,MCYCL_WT,TIRE_SZE,TON_RAT,TRK_WT,TRKWTVAR,VIN_REST,WHLDRWHL,J_KNIFE,MCARR_I1,MCARR_I2,MCARR_ID,GVWR,V_CONFIG,CARGO_BT,HAZ_INV,HAZ_PLAC,HAZ_ID,HAZ_CNO,HAZ_REL,BUS_USE,SPEC_USE,EMER_USE,TRAV_SP,UNDERIDE,ROLLOVER,ROLINLOC,IMPACT1,IMPACT2,DEFORMED,TOWED,M_HARM,VEH_SC1,VEH_SC2,FIRE_EXP,DR_PRES,L_STATE,DR_ZIP,L_STATUS,L_TYPE,CDL_STAT,L_ENDORS,L_COMPL,L_RESTRI,DR_HGT,DR_WGT,PREV_ACC,PREV_SUS,PREV_DWI,PREV_SPD,PREV_OTH,FIRST_MO,FIRST_YR,LAST_MO,LAST_YR,SPEEDREL,DR_SF1,DR_SF2,DR_SF3,DR_SF4,VTRAFWAY,VNUM_LAN,VSPD_LIM,VALIGN,VPROFILE,VPAVETYP,VSURCOND,VTRAFCON,VTCONT_F,P_CRASH1,P_CRASH2,P_CRASH3,PCRASH4,PCRASH5,ACC_TYPE,DEATHS,DR_DRINK
37,370357,1,2,1,5,5,18,25,12,6,1,0,0,0,99,709,99709,81,2010,000000000000,0,0,0,0,0,0,0,0,0,0,0,0,0,,,,,,,,,,,,,,,,,,,,,,,,,0,0,000000000,00000000000,0,0,0,1,0,0,0,0,0,0,0,10,0,0,0,12,12,6,2,12,0,0,0,1,37,27260,6,1,0,0,3,3,74,999,1,3,0,0,1,9,2008,9,2009,0,39,0,0,0,1,2,35,1,2,2,1,20,3,1,17,1,1,1,88,1,1
37,370357,2,2,2,5,5,18,25,12,6,1,0,4,3,12,881,12881,61,1997,1FDKF37G4VEB,1,F,D,K,F,3,7,G,4,V,E,B,0,T,FORD,F35,CB,97,17,,3,1608,1370,COF,G,,,8,460,,,,D,4590,01,A,42,0,77,777777777,77777777777,2,1,1,1,0,0,0,0,0,0,0,30,0,0,0,11,11,2,1,12,0,0,0,1,37,27260,6,1,0,0,3,0,68,999,0,1,0,0,0,2,2009,2,2009,0,0,0,0,0,1,2,35,8,8,2,1,0,0,1,66,1,1,1,89,0,0
37,370358,1,2,2,17,5,8,11,12,1,1,0,37,2,41,35,41035,5,2002,JM1BJ2454216,J,M,1,B,J,2,4,5,4,2,1,6,0,P,MAZD,PR5,4H,2,17,2716,,0,1028,,G,,F,4,122,,,16R195,,,,,,0,0,000000000,00000000000,0,0,0,1,0,0,0,0,0,0,0,55,3,0,0,12,12,6,2,12,0,0,0,1,37,27215,6,1,0,0,3,3,71,999,0,2,1,1,1,11,2008,1,2011,1,0,0,0,0,1,2,55,1,2,2,1,0,0,1,50,1,1,1,20,2,1
37,370358,2,2,1,17,5,8,11,12,1,1,0,37,3,84,981,84981,50,1994,1HVBDACN6RH5,1,H,V,B,D,A,C,N,6,R,H,5,0,T,INTL,360,BU,94,17,,7,2760,1520,30S,D,,,6,408,,,,,00000,00,,42,0,77,777777777,77777777777,2,21,22,1,0,0,0,0,1,0,0,0,0,0,0,6,6,6,2,12,0,0,0,1,37,27298,6,1,6,1,3,3,66,999,2,0,0,0,0,2,2010,5,2011,0,0,0,0,0,1,2,55,1,2,2,1,0,0,5,53,1,1,1,21,0,0
37,370359,1,1,1,20,5,2,33,59,0,1,0,37,1,12,17,12017,4,2002,1FAFP53U82G1,1,F,A,F,P,5,3,U,8,2,G,1,0,P,FORD,TSE,4D,2,17,3355,,0,1085,,G,,F,6,182,,,16R215,,,,,,0,0,000000000,00000000000,0,0,0,1,0,0,0,0,0,0,0,80,0,0,0,12,12,6,2,59,0,0,0,1,37,27406,6,1,0,0,3,0,71,999,2,1,0,0,1,10,2008,4,2011,1,0,0,0,0,3,2,35,4,2,2,1,0,0,1,13,1,1,4,1,1,1
37,370360,1,2,3,24,5,11,14,12,6,1,0,37,2,59,31,59031,4,1998,JT8BF28G4W50,J,T,8,B,F,2,8,G,4,W,5,0,0,P,LEXS,ES3,4D,98,17,3378,,0,1051,,G,,F,6,183,,,15R205,,,,,,0,0,000000000,00000000000,0,0,0,1,0,0,0,0,0,0,0,15,0,0,0,11,11,6,2,12,0,0,0,1,37,27214,6,1,0,0,3,0,69,999,0,0,0,0,0,0,0,0,0,0,38,0,0,0,1,2,35,1,1,2,1,20,3,11,15,1,1,1,82,0,0
37,370360,2,2,1,24,5,11,14,12,6,1,0,37,1,37,705,37705,80,2007,JH2PC40097M0,J,H,2,P,C,4,0,0,9,7,M,0,0,M,HOND,B60,RC,7,17,,,,,,,599,,4,,4,345,,,,,,,0,0,000000000,00000000000,0,0,0,1,0,0,0,0,0,0,0,35,0,0,0,12,12,6,2,12,0,0,0,1,37,27214,6,1,0,0,3,3,70,999,1,0,0,0,2,11,2009,8,2010,0,0,0,0,0,1,2,35,1,1,2,1,0,0,1,66,8,1,1,83,1,0
37,370361,1,1,1,5,5,21,39,34,0,1,0,37,2,37,31,37031,2,1995,1HGEJ1121SL0,1,H,G,E,J,1,1,2,1,S,L,0,0,P,HOND,CEX,CP,95,17,2371,,0,1032,,G,,F,4,097,,,14R185,,,,,,0,0,000000000,00000000000,0,0,0,1,0,0,0,0,0,0,0,70,0,1,5,12,12,6,2,1,0,0,0,1,37,27842,6,1,0,0,3,0,71,999,0,1,0,1,0,8,2009,8,2010,1,28,36,0,0,1,2,55,1,1,2,1,0,0,1,12,1,1,4,6,1,0
37,370362,1,2,1,13,5,14,38,12,2,1,0,37,2,6,16,6016,1,1993,1C3XU4537PF6,1,C,3,X,U,4,5,3,7,P,F,6,0,P,CHRY,LEB,CV,93,17,2894,,0,1003,,G,,F,6,181,,,14R195,,,,,,0,0,000000000,00000000000,0,0,0,1,0,0,0,0,0,0,0,55,0,0,0,12,12,6,2,12,0,0,0,1,37,28326,1,1,0,0,2,3,68,999,0,1,0,0,0,1,2009,1,2009,0,28,0,0,0,1,2,55,1,1,2,1,0,0,17,51,6,1,1,50,0,1
37,370362,2,2,1,13,5,14,38,12,2,1,0,37,1,49,32,49032,4,1993,2T1AE04EXPC0,2,T,1,A,E,0,4,E,X,P,C,0,0,P,TOYT,COA,4D,93,17,2304,,0,957,,G,,F,4,097,,,13R155,,,,,,0,0,000000000,00000000000,0,0,0,1,0,0,0,0,0,0,0,55,0,0,0,12,12,6,2,12,0,0,0,1,37,27505,6,1,0,0,3,3,61,999,0,0,0,0,0,0,0,0,0,0,0,0,0,0,1,2,55,1,1,2,1,0,0,1,62,1,1,1,51,1,0
37,370363,1,1,2,31,5,10,43,1,0,1,0,37,2,23,471,23471,30,1989,1GTBS14R8K25,1,G,T,B,S,1,4,R,8,K,2,5,0,T,GMC,S10,PK,89,17,,1,1179,1083,S,G,,,6,173,,,,B,2612,01,A,42,0,0,000000000,00000000000,0,0,0,1,0,0,0,0,0,0,0,45,0,2,1,0,0,6,2,1,0,0,0,1,37,28339,6,1,6,0,3,0,69,999,1,1,0,0,1,9,2008,4,2010,0,22,0,0,0,1,2,45,1,1,2,1,0,0,1,98,1,1,6,98,1,0
37,370364,1,1,1,25,5,22,2,31,0,1,0,37,2,12,442,12442,20,2001,2FMZA51471BB,2,F,M,Z,A,5,1,4,7,1,B,B,0,T,FORD,WLX,ES,1,17,,1,0,1207,WIN,G,,,6,232,,,,B,3963,00,E,42,0,0,000000000,00000000000,0,0,0,1,0,0,0,0,0,0,0,60,0,1,5,12,12,6,2,1,0,0,0,1,37,28357,1,1,0,0,2,0,72,999,0,3,0,0,0,6,2008,3,2011,0,36,0,0,0,1,2,45,1,2,2,1,0,0,1,13,1,1,4,1,1,0
37,370365,1,1,2,9,5,7,55,5,0,1,0,37,1,20,881,20881,61,2006,1GBJK34U86E2,1,G,B,J,K,3,4,U,8,6,E,2,0,T,CHEV,SK3,CB,6,17,,3,1615,1370,SIL,G,,,8,366,,,,D,5774,01,,44,0,77,777777777,77777777777,2,1,96,1,0,0,0,0,0,0,0,20,0,0,0,0,0,0,1,5,0,0,0,1,37,28625,6,1,0,0,3,0,74,999,0,0,0,0,1,3,2010,3,2010,0,0,0,0,0,1,2,35,3,1,2,1,0,0,14,98,1,1,1,0,1,0
37,370366,1,1,1,13,5,12,24,42,0,1,0,37,1,18,2,18002,4,2001,1G4HR54K41U2,1,G,4,H,R,5,4,K,4,1,U,2,0,P,BUIC,LLF,4D,1,17,3591,,0,1122,,G,,F,6,231,,,15R215,,,,,,0,0,000000000,00000000000,0,0,0,1,0,0,0,0,0,0,0,35,0,0,0,12,12,6,2,42,0,0,0,1,37,28634,6,1,0,0,3,0,69,999,0,0,0,0,0,0,0,0,0,0,99,99,99,99,1,2,35,1,1,2,1,0,0,1,12,1,1,4,6,1,0
37,370367,1,1,2,24,5,17,8,24,0,1,0,37,1,49,401,49401,14,1999,JT3HN87R8X90,J,T,3,H,N,8,7,R,8,X,9,0,0,P,TOYT,RUN,UT,99,17,3930,,0,1053,,G,,F,6,206,,,16R265,,,,,,0,0,000000000,00000000000,0,0,0,1,0,0,0,0,0,0,0,65,0,1,5,1,0,6,2,1,0,0,0,1,37,28716,6,1,0,0,3,3,74,999,0,0,0,0,0,0,0,0,0,1,36,0,0,0,3,4,55,3,2,2,1,0,0,14,6,1,1,4,1,1,0
37,370368,1,1,2,28,5,18,40,42,0,1,0,37,1,76,706,76706,80,2000,JYAVP07E9YA0,J,Y,A,V,P,0,7,E,9,Y,A,0,0,M,YAMA,XTL,RS,0,17,,,,,,,1602,,2,,4,710,,,,,,,0,0,000000000,00000000000,0,0,0,1,0,0,0,0,0,0,0,55,0,0,0,12,12,6,2,42,0,0,0,1,37,28713,6,1,0,0,2,0,68,999,1,0,0,0,0,1,2010,1,2010,1,36,0,0,0,1,5,55,3,2,2,1,0,0,14,6,1,1,4,1,1,0
37,370369,1,1,1,27,5,13,34,42,0,1,0,37,1,35,481,35481,31,2009,1N6AA06A29N3,1,N,6,A,A,0,6,A,2,9,N,3,0,T,NISS,TXS,PC,9,17,,2,0,1398,TTN,G,,,8,342,,,,B,5011,00,4,42,0,0,000000000,00000000000,0,0,0,1,0,0,0,0,0,0,0,55,0,0,0,3,3,6,2,42,0,0,0,1,37,27332,6,1,6,0,3,0,69,999,0,0,0,0,0,0,0,0,0,0,58,0,0,0,1,2,55,1,2,2,2,0,0,1,13,1,1,4,1,1,0
37,370370,1,1,1,27,5,18,5,35,0,1,0,37,1,72,706,72706,80,2011,1HD1BW517BB0,1,H,D,1,B,W,5,1,7,B,B,0,0,M,HD,STC,RS,11,17,,,,,,,1584,,2,,4,730,,,,,,,0,0,000000000,00000000000,0,0,0,1,0,0,0,0,0,0,0,70,0,0,0,12,12,6,2,30,0,0,0,1,37,28333,6,1,0,0,3,1,72,999,0,0,0,0,0,0,0,0,0,1,36,0,0,0,1,2,55,1,2,2,1,0,0,1,12,1,1,4,6,1,0
37,370371,1,3,4,5,5,15,21,12,1,1,0,37,2,37,31,37031,2,2003,1HGEM215X3L0,1,H,G,E,M,2,1,5,X,3,L,0,0,P,HOND,UCL,CP,3,17,2465,,0,1031,,G,,F,4,102,,,14R185,,,,,,0,0,000000000,00000000000,0,0,0,1,0,0,0,0,0,0,0,55,0,0,0,12,12,6,2,12,0,0,0,1,37,28037,6,2,0,0,3,3,72,999,0,0,0,0,0,0,0,0,0,0,28,0,0,0,1,2,55,1,1,2,1,0,0,1,50,1,1,1,20,1,0
37,370371,2,3,1,5,5,15,21,12,1,1,0,37,2,12,401,12401,14,2002,1FMZU63E32ZA,1,F,M,Z,U,6,3,E,3,2,Z,A,0,P,FORD,EPR,UT,2,17,4163,,0,1137,,G,,F,6,245,,,16R235,,,,,,0,0,000000000,00000000000,0,0,0,1,0,0,0,0,0,0,0,0,0,0,0,6,6,2,1,12,0,0,0,1,37,28037,6,1,0,0,3,0,68,999,1,0,0,0,0,2,2011,2,2011,0,0,0,0,0,1,2,55,1,1,2,1,0,0,5,18,1,1,1,21,0,0
37,370371,3,3,1,5,5,15,21,12,1,1,0,18,3,20,881,20881,61,2006,1GBE5C1216F4,1,G,B,E,5,C,1,2,1,6,F,4,0,T,CHEV,C5C,CB,6,17,,5,2240,1280,C55,D,,,8,403,,,,,00000,00,,42,0,88,888888888,88888888888,2,1,97,1,0,0,0,0,0,0,0,55,0,0,0,2,2,2,1,12,0,0,0,1,37,28792,6,1,6,0,3,3,75,999,0,0,0,0,0,0,0,0,0,0,0,0,0,0,1,2,55,1,1,2,1,0,0,1,62,1,1,1,98,0,0
37,370372,1,1,1,18,5,19,15,42,0,1,0,37,2,2,403,2403,14,1997,1J4FY19S7VP5,1,J,4,F,Y,1,9,S,7,V,P,5,0,T,JEEP,SPW,2W,97,17,,1,0,934,W/T,G,,,6,242,,,,,3156,00,E,44,0,0,000000000,00000000000,0,0,0,1,0,0,0,0,0,0,0,70,0,1,5,12,0,6,2,1,0,0,0,1,37,28164,6,1,0,0,3,3,70,999,0,0,0,0,0,0,0,0,0,1,36,58,0,0,1,2,55,3,2,2,1,0,0,14,6,1,1,4,1,1,1
37,370373,1,2,1,24,5,7,41,12,2,1,0,37,1,63,32,63032,4,2008,KNADE1237863,K,N,A,D,E,1,2,3,7,8,6,3,0,P,KIA,RBL,4D,8,17,2365,,0,984,,G,,F,4,098,,,14R175,,,,,,0,0,000000000,00000000000,0,0,0,1,0,0,0,0,0,0,0,60,0,0,0,12,12,6,2,12,0,0,0,1,37,28761,1,1,0,0,2,0,70,999,1,1,1,0,2,6,2010,3,2011,1,28,36,0,0,1,2,45,2,2,2,1,0,0,14,10,1,1,2,50,1,0
37,370373,2,2,1,24,5,7,41,12,2,1,0,37,3,12,481,12481,31,2007,1FTPX14V07FA,1,F,T,P,X,1,4,V,0,7,F,A,0,T,FORD,F15,4C,7,17,,2,1630,1330,COF,F,,,8,329,,,,B,4297,16,E,44,0,0,000000000,00000000000,0,0,0,1,0,0,0,0,0,0,0,45,0,0,0,12,12,6,2,12,0,0,0,1,37,28752,6,1,6,0,3,1,66,999,0,0,0,0,0,0,0,0,0,0,0,0,0,0,1,2,45,3,2,2,1,0,0,14,62,1,1,1,51,0,0
37,370374,1,2,1,16,5,19,50,12,6,1,0,37,2,49,40,49040,4,2003,4T1BE32K83U6,4,T,1,B,E,3,2,K,8,3,U,6,0,P,TOYT,UXS,4D,3,17,2993,,0,1071,,G,,F,4,144,,,15R205,,,,,,0,0,000000000,00000000000,0,0,0,1,0,0,0,0,0,0,0,998,0,0,0,9,9,6,2,12,0,0,0,1,37,28734,6,1,0,0,3,0,63,999,2,0,0,0,0,10,2009,3,2010,0,38,0,0,0,2,4,98,1,2,2,1,0,0,11,15,1,1,7,68,1,0
37,370374,2,2,1,16,5,19,50,12,6,1,0,37,1,2,406,2406,14,2007,1J8HG48P27C6,1,J,8,H,G,4,8,P,2,7,C,6,0,T,JEEP,BSE,4W,7,17,,2,0,1095,CMD,F,,,8,287,,,,,4715,01,L,44,0,0,000000000,00000000000,0,0,0,1,0,0,0,0,0,0,0,998,0,0,0,12,12,6,2,12,0,0,0,1,37,28734,6,1,0,0,3,3,66,999,0,0,0,0,1,4,2009,4,2009,0,0,0,0,0,2,4,98,1,2,2,1,0,0,1,54,1,1,1,69,0,0
37,370375,1,1,2,25,5,21,31,9,0,1,0,37,2,2,404,2404,14,2001,1J4GW48S01C7,1,J,4,G,W,4,8,S,0,1,C,7,0,T,JEEP,LRO,4W,1,17,,1,0,1059,GCK,G,,,6,244,,,,,3864,01,E,44,0,0,000000000,00000000000,0,0,0,1,0,0,0,0,0,0,0,35,0,0,0,1,1,2,1,9,0,0,0,1,47,37657,6,1,0,0,3,0,67,219,0,0,0,0,0,0,0,0,0,0,0,0,0,0,1,2,45,1,2,2,1,0,0,1,80,1,1,1,13,0,0
37,370376,1,1,1,4,5,6,12,34,0,1,0,37,1,20,471,20471,30,1998,1GCCS1947W82,1,G,C,C,S,1,9,4,7,W,8,2,0,T,CHEV,S14,PC,98,17,,1,0,1229,S,G,,,4,133,,,,B,3222,00,,42,0,0,000000000,00000000000,0,0,0,1,0,0,0,0,0,0,0,70,0,1,5,12,0,6,2,1,0,0,0,1,37,27871,6,1,0,0,3,3,73,999,0,0,0,0,0,0,0,0,0,1,36,58,0,0,1,2,55,2,1,2,1,0,0,14,6,1,1,4,1,1,0
37,370377,1,1,1,1,5,5,51,8,0,1,1,99,9,99,999,99999,99,9999,999999999999,9,9,9,9,9,9,9,9,9,9,9,9,0,,,,,,,,,,,,,,,,,,,,,,,,,0,0,000000000,00000000000,0,0,0,1,0,0,0,0,0,0,0,999,0,0,0,14,14,9,1,8,0,0,0,1,99,99999,9,9,99,9,9,9,999,999,99,99,99,99,99,99,9999,99,9999,9,0,0,0,0,1,2,25,1,1,2,1,0,0,1,80,1,1,1,13,0,0
37,370378,1,5,1,9,5,8,2,12,1,1,0,37,3,82,881,82881,63,2004,1FVACXDC94HN,1,F,V,A,C,X,D,C,9,4,H,N,0,T,FRHT,16M,CC,4,17,,7,0,0,FM2,D,,,6,439,,,,,00000,00,,42,0,37,2165613,372165613,3,1,97,1,0,0,0,0,0,0,0,60,0,0,0,12,12,6,2,12,0,0,0,1,37,27043,6,1,6,0,3,0,63,999,0,0,0,0,1,3,2011,3,2011,1,36,0,0,0,3,5,60,1,1,1,1,0,0,1,52,1,1,1,28,0,0
37,370378,2,5,1,9,5,8,2,12,1,1,0,37,1,37,32,37032,4,1997,1HGCD5534VA1,1,H,G,C,D,5,5,3,4,V,A,1,0,P,HOND,ULE,4D,97,17,2798,,0,1069,,G,,F,4,132,,,15R185,,,,,,0,0,000000000,00000000000,0,0,0,1,0,0,0,0,0,0,0,20,0,0,0,6,6,6,2,12,0,0,0,1,37,28262,6,1,0,0,3,0,65,999,0,0,0,0,0,0,0,0,0,0,0,0,0,0,3,5,60,1,1,1,1,0,0,2,18,1,1,1,29,1,0
37,370378,3,5,1,9,5,8,2,12,1,1,0,37,2,37,32,37032,2,2002,1HGCG32552A0,1,H,G,C,G,3,2,5,5,2,A,0,0,P,HOND,UEX,CP,2,17,3082,,0,1051,,G,,F,4,138,,,15R195,,,,,,0,0,000000000,00000000000,0,0,0,1,0,0,0,0,0,0,0,20,0,0,0,6,6,6,2,54,0,0,0,1,37,28262,6,1,0,0,3,3,64,999,0,0,0,0,0,0,0,0,0,0,0,0,0,0,3,5,60,1,1,1,1,0,0,2,18,1,1,1,98,0,0
37,370378,4,5,4,9,5,8,2,12,1,1,0,37,2,12,481,12481,31,1998,1FTZX1726WNB,1,F,T,Z,X,1,7,2,6,W,N,B,0,T,FORD,F15,3C,98,17,,1,1570,1390,COF,G,,,6,256,,,,B,4067,02,E,42,0,0,000000000,00000000000,0,0,0,1,0,0,0,0,0,0,0,20,0,0,0,6,6,6,2,54,0,0,0,1,37,28078,0,0,0,0,0,0,999,999,0,0,0,0,1,11,2009,11,2009,0,0,0,0,0,3,5,60,1,1,1,1,0,0,2,18,1,1,1,98,0,0
37,370378,5,5,2,9,5,8,2,12,1,1,0,37,1,2,404,2404,14,2004,1J4GW48N84C1,1,J,4,G,W,4,8,N,8,4,C,1,0,T,JEEP,LCF,4W,4,17,,1,0,1059,GCK,G,,,8,287,,,,,3888,02,E,44,0,0,000000000,00000000000,0,0,0,1,0,0,0,0,0,0,0,15,0,1,1,6,0,6,2,1,0,0,0,1,37,28078,6,1,0,0,3,0,65,999,0,0,0,0,2,8,2009,9,2009,0,0,0,0,0,3,5,60,1,1,1,1,0,0,2,18,1,1,1,98,0,0
37,370379,1,1,1,11,5,0,10,24,0,1,0,39,3,87,881,87881,66,2009,1XPVDU9XX9D7,1,X,P,V,D,U,9,X,X,9,D,7,1,T,PTRB,384,TR,9,17,,8,0,0,CON,D,,,6,763,,,,,00000,00,,64,1,57,90831,5790831,3,6,2,2,2,3256,3,1,0,0,0,65,0,0,0,12,12,6,2,50,0,0,1,1,37,28540,6,1,6,1,2,3,68,999,0,0,0,1,0,9,2010,9,2010,0,99,99,99,99,3,6,65,1,1,2,1,0,0,1,12,1,1,4,6,1,0
37,370380,1,1,1,22,5,2,29,34,0,1,0,37,2,12,23,12023,4,2006,3FAFP08186R1,3,F,A,F,P,0,8,1,8,6,R,1,0,P,FORD,F/L,4D,6,17,3101,,0,1074,,G,,F,6,183,,,17R225,,,,,,0,0,000000000,00000000000,0,0,0,1,0,0,0,0,0,0,0,60,0,1,5,10,12,6,2,42,0,0,0,1,37,28078,6,2,0,0,3,1,61,999,0,0,0,0,0,0,0,0,0,1,36,0,0,0,1,2,35,1,1,2,1,0,0,1,6,1,1,4,1,1,1
37,370381,1,2,1,5,5,18,59,12,1,1,0,47,2,12,481,12481,31,1997,1FTJW36F8VEA,1,F,T,J,W,3,6,F,8,V,E,A,0,T,FORD,F35,CW,97,17,,2,0,1680,COF,D,,,8,444,,,,D,5660,01,A,44,0,0,000000000,00000000000,0,0,0,1,0,0,0,0,0,0,0,25,0,0,0,12,12,6,2,12,0,0,0,1,47,37604,6,1,6,0,3,0,76,255,0,0,0,1,0,3,2010,3,2010,1,36,0,0,0,1,2,25,3,1,2,1,0,0,14,51,1,1,1,24,0,0
37,370381,2,2,1,5,5,18,59,12,1,1,0,92,0,98,999,98999,99,9999,000000000000,0,0,0,0,0,0,0,0,0,0,0,0,0,,,,,,,,,,,,,,,,,,,,,,,,,0,0,000000000,00000000000,0,0,0,1,0,0,0,0,0,0,0,998,0,0,0,6,6,0,9,12,0,0,0,1,37,28705,6,1,6,0,1,0,71,999,0,0,0,0,0,0,0,0,0,0,0,0,0,0,1,2,25,3,1,2,1,0,0,14,18,1,1,1,25,1,0
37,370382,1,1,1,14,5,2,45,42,0,1,0,37,1,72,706,72706,80,2011,1HD1LC315BC4,1,H,D,1,L,C,3,1,5,B,C,4,0,M,HD,X48,RS,11,17,,,,,,,1200,,2,,4,545,,,,,,,0,0,000000000,00000000000,0,0,0,1,0,0,0,0,0,0,0,75,0,0,0,9,9,6,2,42,0,0,0,1,6,95620,6,1,0,0,2,0,65,180,0,1,0,0,0,1,2011,1,2011,1,36,0,0,0,1,2,55,3,1,2,1,0,0,14,6,1,1,4,1,1,1
37,370383,1,1,1,21,5,22,5,59,0,1,0,37,1,72,706,72706,80,1997,1HD1FBR1XVY6,1,H,D,1,F,B,R,1,X,V,Y,6,0,M,HD,LRI,RS,97,17,,,,,,,1340,,2,,4,692,,,,,,,0,0,000000000,00000000000,0,0,0,1,0,0,0,0,0,0,0,55,0,0,0,12,12,6,2,59,0,0,0,1,37,27804,6,1,0,0,3,3,74,999,1,0,0,0,0,11,2009,11,2009,0,0,0,0,0,1,2,55,3,2,2,1,0,0,14,13,1,1,4,1,1,1
37,370384,1,1,1,20,5,5,41,8,0,1,0,37,1,7,442,7442,20,2005,1D4GP24R05B1,1,D,4,G,P,2,4,R,0,5,B,1,0,T,DODG,GCS,ES,5,17,,1,0,1193,CAR,G,,,6,201,,,,,3867,00,E,42,0,0,000000000,00000000000,0,0,0,1,0,0,0,0,0,0,0,50,0,0,0,12,12,6,2,8,0,0,0,1,37,28429,6,1,0,0,3,3,64,999,0,0,0,0,0,0,0,0,0,0,0,0,0,0,1,4,50,1,1,2,1,0,0,1,80,1,1,1,13,0,0
37,370385,1,2,5,9,5,17,32,12,6,1,0,37,2,37,32,37032,4,2000,1HGCG5645YA1,1,H,G,C,G,5,6,4,5,Y,A,1,0,P,HOND,ULX,4D,0,17,3053,,0,1069,,G,,F,4,138,,,15R195,,,,,,0,0,000000000,00000000000,0,0,0,1,0,0,0,0,0,0,0,5,0,0,0,9,9,6,2,12,0,0,0,1,37,28540,6,2,0,0,3,1,73,999,0,0,0,1,0,12,2010,12,2010,0,38,39,0,0,1,2,45,1,1,2,1,20,3,1,17,1,1,1,89,1,0
37,370385,2,2,1,9,5,17,32,12,6,1,0,37,1,23,881,23881,61,1988,1GDE6D1B0JV5,1,G,D,E,6,D,1,B,0,J,V,5,0,T,GMC,C64,CB,88,17,,5,2030,1250,C6M,G,,,8,366,,,,HL,5938,00,,42,0,88,888888888,88888888888,2,1,97,1,0,0,0,0,0,0,0,45,0,0,0,12,12,6,2,12,0,0,0,1,37,28540,6,1,0,0,3,0,74,999,1,0,0,2,4,10,2008,2,2011,0,0,0,0,0,1,2,45,1,1,2,1,0,0,1,54,1,1,1,88,0,0
37,370386,1,1,1,15,5,4,23,35,0,1,0,37,1,20,481,20481,31,2003,1GCHK24U93E1,1,G,C,H,K,2,4,U,9,3,E,1,0,T,CHEV,2KH,PK,3,17,,2,0,1330,SIL,G,,,8,364,,,,C,5484,00,,44,0,0,000000000,00000000000,0,0,0,1,0,0,0,0,0,0,0,55,0,1,5,12,0,6,2,1,0,0,0,1,37,27278,6,1,0,0,3,0,67,999,0,0,0,0,0,0,0,0,0,1,28,58,0,0,1,2,45,1,1,2,2,0,0,1,13,1,1,4,1,1,0
37,370387,1,2,1,9,5,18,55,12,6,1,0,51,2,63,33,63033,4,2009,KNAFE2211956,K,N,A,F,E,2,2,1,1,9,5,6,0,P,KIA,SXC,4D,9,17,2701,,0,1028,,G,,F,4,122,,,15R195,,,,,,0,0,000000000,00000000000,0,0,0,1,0,0,0,0,0,0,0,10,0,0,0,9,9,6,2,12,0,0,0,1,51,23456,6,1,0,0,3,0,62,135,0,0,0,0,0,0,0,0,0,0,38,0,0,0,1,2,55,1,1,2,1,4,3,11,15,1,1,1,82,1,0
37,370387,2,2,1,9,5,18,55,12,6,1,0,37,1,12,471,12471,30,1993,1FTCR10U6PTA,1,F,T,C,R,1,0,U,6,P,T,A,0,T,FORD,RNG,PK,93,17,,1,1139,1079,RNG,G,,,6,182,,,,B,2918,01,A,42,0,0,000000000,00000000000,0,0,0,1,0,0,0,0,0,0,0,55,0,0,0,12,12,6,2,12,0,0,0,1,37,27909,6,1,0,0,3,0,73,999,0,0,0,0,0,0,0,0,0,0,0,0,0,0,1,2,55,1,1,2,1,4,3,1,17,1,1,1,83,0,0
37,370388,1,2,1,17,5,17,9,12,6,1,0,37,1,20,421,20421,15,2003,1GNEK13V23J2,1,G,N,E,K,1,3,V,2,3,J,2,0,P,CHEV,KTA,UT,3,17,5050,,0,1160,,G,,F,8,293,,,16R265,,,,,,0,0,000000000,00000000000,0,0,0,1,0,0,0,0,0,0,0,55,0,0,0,2,3,6,2,12,0,0,0,1,37,28435,6,1,0,0,3,0,67,999,0,0,0,1,1,1,2009,10,2009,1,36,39,0,0,1,2,55,1,1,2,1,20,3,1,17,1,1,1,87,0,0
37,370388,2,2,2,17,5,17,9,12,6,1,0,37,1,37,705,37705,80,2006,JH2PC37076M3,J,H,2,P,C,3,7,0,7,6,M,3,0,M,HOND,B60,RC,6,17,,,,,,,599,,4,,4,361,,,,,,,0,0,000000000,00000000000,0,0,0,1,0,0,0,0,0,0,0,55,0,0,0,12,12,6,2,12,0,0,0,1,37,28518,6,1,0,0,3,0,70,999,0,1,0,1,1,6,2008,3,2010,0,0,0,0,0,1,2,55,1,1,2,1,0,0,1,17,1,1,1,86,1,0