STATE,ST_CASE,VEH_NO,VE_FORMS,NUMOCCS,DAY,MONTH,HOUR,MINUTE,HARM_EV,MAN_COLL,UNITTYPE,HIT_RUN,REG_STAT,OWNER,MAKE,MODEL,MAK_MOD,BODY_TYP,MOD_YEAR,VIN,VIN_1,VIN_2,VIN_3,VIN_4,VIN_5,VIN_6,VIN_7,VIN_8,VIN_9,VIN_10,VIN_11,VIN_12,TOW_VEH,VINTYPE,VINMAKE,VINA_MOD,VIN_BT,VINMODYR,VIN_LNGT,VIN_WGT,WGTCD_TR,WHLBS_LG,WHLBS_SH,SER_TR,FUELCODE,MCYCL_DS,CARBUR,CYLINDER,DISPLACE,MCYCL_CY,MCYCL_WT,TIRE_SZE,TON_RAT,TRK_WT,TRKWTVAR,VIN_REST,WHLDRWHL,J_KNIFE,MCARR_I1,MCARR_I2,MCARR_ID,GVWR,V_CONFIG,CARGO_BT,HAZ_INV,HAZ_PLAC,HAZ_ID,HAZ_CNO,HAZ_REL,BUS_USE,SPEC_USE,EMER_USE,TRAV_SP,UNDERIDE,ROLLOVER,ROLINLOC,IMPACT1,IMPACT2,DEFORMED,TOWED,M_HARM,VEH_SC1,VEH_SC2,FIRE_EXP,DR_PRES,L_STATE,DR_ZIP,L_STATUS,L_TYPE,CDL_STAT,L_ENDORS,L_COMPL,L_RESTRI,DR_HGT,DR_WGT,PREV_ACC,PREV_SUS,PREV_DWI,PREV_SPD,PREV_OTH,FIRST_MO,FIRST_YR,LAST_MO,LAST_YR,SPEEDREL,DR_SF1,DR_SF2,DR_SF3,DR_SF4,VTRAFWAY,VNUM_LAN,VSPD_LIM,VALIGN,VPROFILE,VPAVETYP,VSURCOND,VTRAFCON,VTCONT_F,P_CRASH1,P_CRASH2,P_CRASH3,PCRASH4,PCRASH5,ACC_TYPE,DEATHS,DR_DRINK
37,370422,1,1,3,1,6,7,38,34,0,1,0,37,1,37,31,37031,4,2009,2HGFA16639H3,2,H,G,F,A,1,6,6,3,9,H,3,0,P,HOND,ULS,4D,9,17,2687,,0,1063,,G,,F,4,110,,,16R205,,,,,,0,0,000000000,00000000000,0,0,0,1,0,0,0,0,0,0,0,55,0,1,5,8,0,6,2,1,0,0,0,1,37,27298,6,1,0,0,3,0,62,999,0,0,0,0,1,7,2008,7,2008,0,58,0,0,0,1,2,55,1,1,2,1,0,0,1,13,1,1,4,1,1,0
37,370423,1,2,4,20,6,16,55,12,6,1,0,37,1,30,42,30042,5,1999,3VWJA81H2XM2,3,V,W,J,A,8,1,H,2,X,M,2,0,P,VOLK,GWE,4H,99,17,2467,,0,974,,G,,F,4,121,,,14R195,,,,,,0,0,000000000,00000000000,0,0,0,1,0,0,0,0,0,0,0,15,0,0,0,9,9,6,2,12,0,0,0,1,37,27865,6,1,0,0,3,0,64,999,0,0,0,0,1,8,2010,8,2010,0,38,0,0,0,1,2,55,1,1,2,1,0,0,4,17,1,1,1,89,1,0
37,370423,2,2,1,20,6,16,55,12,6,1,0,37,3,12,24,12024,6,2010,2FMDK3JC3ABA,2,F,M,D,K,3,J,C,3,A,B,A,0,P,FORD,EDG,UT,10,17,4078,,0,1112,,G,,F,6,214,,,18R245,,,,,,0,0,000000000,00000000000,0,0,0,1,0,0,0,0,0,0,0,55,0,0,0,12,12,6,2,12,0,0,0,1,37,27810,6,1,0,0,3,3,64,999,0,0,0,0,0,0,0,0,0,0,0,0,0,0,1,2,55,1,1,2,1,0,0,1,54,1,1,1,88,0,0
37,370424,1,2,2,10,6,2,42,12,2,1,0,47,2,6,52,6052,6,2001,3C8FY4BB11T6,3,C,8,F,Y,4,B,B,1,1,T,6,0,P,CHRY,PTC,SV,1,17,3109,,0,1030,,G,,F,4,148,,,15R195,,,,,,0,0,000000000,00000000000,0,0,0,1,0,0,0,0,0,0,0,55,0,0,0,12,12,6,2,12,0,0,0,1,51,22508,6,1,0,0,3,0,69,135,0,0,0,0,2,8,2010,12,2010,0,28,0,0,0,1,2,55,1,1,2,1,0,0,1,10,1,1,2,50,0,0
37,370424,2,2,4,10,6,2,42,12,2,1,0,42,2,48,34,48034,6,2003,4S3BH6754376,4,S,3,B,H,6,7,5,4,3,7,6,0,P,SUBA,UWP,SW,3,17,3430,,0,1043,,G,,F,4,153,,,16R225,,,,,,0,0,000000000,00000000000,0,0,0,1,0,0,0,0,0,0,0,40,0,0,0,12,12,6,2,12,0,0,0,1,42,17112,6,1,0,0,3,3,67,999,0,0,0,0,0,0,0,0,0,0,0,0,0,0,1,2,55,1,1,2,1,0,0,1,62,1,1,1,51,1,0
37,370425,1,1,1,13,6,19,33,34,0,1,0,37,1,12,23,12023,4,2008,3FAHP07Z48R2,3,F,A,H,P,0,7,Z,4,8,R,2,0,P,FORD,F/E,4D,8,17,3181,,0,1074,,G,,F,4,140,,,16R205,,,,,,0,0,000000000,00000000000,0,0,0,1,0,0,0,0,0,0,0,75,0,1,5,12,12,6,2,1,0,0,0,1,37,28467,6,1,0,0,3,0,68,999,0,5,0,4,4,6,2008,1,2011,1,36,58,0,0,1,2,55,2,1,2,1,0,0,14,6,1,1,4,6,1,0
37,370426,1,1,1,2,6,16,26,42,0,1,0,37,2,35,481,35481,31,2011,1N6BA0CJ5BN3,1,N,6,B,A,0,C,J,5,B,N,3,0,T,NISS,SSP,PC,11,17,,2,0,1398,TTN,F,,,8,342,,,,B,5231,00,4,44,0,0,000000000,00000000000,0,0,0,1,0,0,0,0,0,0,0,80,0,1,5,12,12,6,2,1,0,0,0,1,37,28806,6,1,0,0,3,0,68,999,0,0,0,1,0,5,2009,5,2009,1,36,58,0,0,1,2,35,1,2,2,1,0,0,1,6,1,1,4,1,1,1
37,370427,1,1,7,13,6,0,35,42,0,1,0,37,2,49,40,49040,4,2003,4T1BE32K93U7,4,T,1,B,E,3,2,K,9,3,U,7,0,P,TOYT,UXS,4D,3,17,2993,,0,1071,,G,,F,4,144,,,15R205,,,,,,0,0,000000000,00000000000,0,0,0,1,0,0,0,0,0,0,0,70,0,1,5,12,0,6,2,1,0,0,0,1,37,28805,6,1,0,0,3,3,73,999,0,0,0,0,0,0,0,0,0,1,36,0,0,0,1,2,35,3,2,2,1,0,0,14,6,1,1,4,1,2,0
37,370428,1,2,1,3,6,13,37,12,7,1,0,1,3,98,881,98881,66,2007,2HSCNAPR07C4,2,H,S,C,N,A,P,R,0,7,C,4,1,T,INTL,94I,TR,7,17,,8,0,0,940,D,,,6,915,,,,,00000,00,,64,1,57,092274,57092274,3,6,3,1,0,0,0,0,0,0,0,45,0,0,0,9,9,4,1,12,0,0,0,1,28,39769,6,1,6,0,3,0,68,200,0,0,0,0,0,0,0,0,0,0,0,0,0,0,3,4,65,1,1,2,1,0,0,1,61,1,1,1,45,0,0
37,370428,2,2,2,3,6,13,37,12,7,1,0,37,1,69,54,69054,3,2010,WMWMF3C52ATU,W,M,W,M,F,3,C,5,2,A,T,U,0,P,MNNI,COO,2H,10,17,2568,,0,971,,G,,F,4,098,,,15R175,,,,,,0,0,000000000,00000000000,0,0,0,1,0,0,0,0,0,0,0,65,0,1,5,2,0,6,2,1,0,0,0,1,37,28027,6,1,0,0,3,0,67,999,0,0,0,1,1,1,2009,9,2010,1,36,0,0,0,3,4,65,1,1,2,1,0,0,1,11,1,1,2,44,1,0
37,370429,1,2,1,14,6,10,34,12,1,1,0,17,3,86,881,86881,66,2007,1M1AK06Y77N0,1,M,1,A,K,0,6,Y,7,7,N,0,1,T,MACK,CXN,TR,7,17,,8,0,0,600,D,,,6,728,,,,,00000,00,,64,1,57,00500579,5700500579,3,6,3,1,0,0,0,0,0,0,0,0,0,0,0,6,6,2,1,12,0,0,0,1,37,28613,6,1,6,0,3,0,67,999,1,0,0,0,0,8,2009,8,2009,0,0,0,0,0,1,5,50,1,1,2,1,0,0,5,98,1,1,1,21,0,0
37,370429,2,2,2,14,6,10,34,12,1,1,0,37,1,12,481,12481,31,1992,1FTEX15N4NKB,1,F,T,E,X,1,5,N,4,N,K,B,0,T,FORD,F15,PC,92,17,,2,1550,1390,COF,G,,,8,302,,,,B,3843,05,A,42,0,0,000000000,00000000000,0,0,0,1,0,0,0,0,0,0,0,50,0,0,0,12,12,6,2,12,0,0,0,1,37,28638,6,1,0,0,3,3,69,999,1,0,0,0,0,1,2009,1,2009,1,36,0,0,0,1,5,50,1,1,2,1,0,0,1,50,1,1,1,20,1,0
37,370430,1,3,1,28,6,17,33,12,2,1,0,37,2,12,442,12442,20,2000,2FMZA5145YBA,2,F,M,Z,A,5,1,4,5,Y,B,A,0,T,FORD,WLX,ES,0,17,,1,0,1207,WIN,G,,,6,232,,,,B,3910,00,E,42,0,0,000000000,00000000000,0,0,0,1,0,0,0,0,0,0,0,60,0,0,0,12,12,6,2,12,0,0,0,1,37,27265,6,1,0,0,3,0,70,999,0,0,0,0,0,0,0,0,0,1,36,0,0,0,1,4,50,2,2,2,2,0,0,14,10,1,1,2,50,0,0
37,370430,2,3,2,28,6,17,33,12,2,1,0,37,2,2,404,2404,14,1997,1J4GZ58S2VC6,1,J,4,G,Z,5,8,S,2,V,C,6,0,T,JEEP,LRT,4W,97,17,,1,0,1059,GCK,G,,,6,242,,,,,3700,02,E,44,0,0,000000000,00000000000,0,0,0,1,0,0,0,0,0,0,0,50,0,0,0,12,6,6,2,12,0,0,0,1,37,28604,6,1,0,0,3,0,69,999,0,0,0,0,0,0,0,0,0,0,0,0,0,0,1,4,50,3,2,2,2,0,0,14,62,1,1,1,51,1,0
37,370430,3,3,5,28,6,17,33,12,2,1,0,37,2,37,441,37441,20,2004,5FNRL18834B0,5,F,N,R,L,1,8,8,3,4,B,0,0,P,HOND,UDY,SV,4,17,4365,,0,1181,,G,,F,6,212,,,16R225,,,,,,0,0,000000000,00000000000,0,0,0,1,0,0,0,0,0,0,0,50,0,0,0,12,3,6,2,12,0,0,0,1,37,28012,6,1,0,0,3,0,63,999,0,0,0,0,0,0,0,0,0,0,0,0,0,0,1,4,50,3,2,2,2,0,0,14,62,1,1,1,98,0,0
37,370431,1,1,1,1,6,18,45,42,0,1,0,12,1,37,705,37705,80,2006,JH2PC37026M3,J,H,2,P,C,3,7,0,2,6,M,3,0,M,HOND,B60,RC,6,17,,,,,,,599,,4,,4,361,,,,,,,0,0,000000000,00000000000,0,0,0,1,0,0,0,0,0,0,0,70,0,0,0,12,12,6,2,42,0,0,0,1,12,33777,6,1,0,0,3,0,72,999,0,0,0,0,1,5,2010,5,2010,1,36,0,0,0,1,2,55,3,1,2,1,0,0,14,6,1,1,4,1,1,0
37,370432,1,3,1,3,6,13,38,12,8,1,0,37,1,12,402,12402,14,2006,1FMYU95H96KC,1,F,M,Y,U,9,5,H,9,6,K,C,0,P,FORD,SPE,UT,6,17,3627,,0,1031,,B,,F,4,140,,,16R235,,,,,,0,0,000000000,00000000000,0,0,0,1,0,0,0,0,0,0,0,50,0,1,1,10,10,6,2,12,0,0,0,1,37,28904,6,1,0,0,3,3,67,999,0,0,0,0,0,0,0,0,0,0,28,0,0,0,1,2,55,1,2,2,1,0,0,1,10,1,1,2,64,0,0
37,370432,2,3,1,3,6,13,38,12,8,1,0,37,1,20,16,20016,4,2000,1G1JC5244Y73,1,G,1,J,C,5,2,4,4,Y,7,3,0,P,CHEV,CAV,4D,0,17,2676,,0,1041,,G,,F,4,133,,,14R195,,,,,,0,0,000000000,00000000000,0,0,0,1,0,0,0,0,0,0,0,50,0,0,0,10,10,6,2,12,0,0,0,1,37,28904,6,1,0,0,3,3,63,999,0,0,0,0,0,0,0,0,0,0,0,0,0,0,1,2,55,1,2,2,1,0,0,1,63,1,1,1,65,1,0
37,370432,3,3,1,3,6,13,38,12,8,1,0,37,1,63,38,63038,4,2010,KNAFU4A25A58,K,N,A,F,U,4,A,2,5,A,5,8,0,P,KIA,FEX,4D,10,17,2707,,0,1043,,G,,F,4,122,,,15R195,,,,,,0,0,000000000,00000000000,0,0,0,1,0,0,0,0,0,0,0,55,0,0,0,12,12,6,2,54,0,0,0,1,37,28904,6,1,0,0,3,0,61,999,0,0,0,1,0,12,2008,12,2008,0,0,0,0,0,1,2,55,1,2,2,1,0,0,1,62,6,1,2,98,0,0
37,370433,1,1,2,12,6,1,10,59,0,1,0,37,2,12,17,12017,4,2002,1FAFP55232A2,1,F,A,F,P,5,5,2,3,2,A,2,0,P,FORD,TSS,4D,2,17,3392,,0,1085,,F,,F,6,182,,,16R215,,,,,,0,0,000000000,00000000000,0,0,0,1,0,0,0,0,0,0,0,90,0,1,5,10,0,6,2,1,0,0,0,1,37,28612,6,1,0,0,3,0,62,999,0,0,0,0,0,0,0,0,0,1,28,36,0,0,1,2,55,2,1,2,1,0,0,14,6,1,1,4,6,1,1
37,370434,1,1,1,7,6,18,5,38,0,1,0,37,1,12,471,12471,30,1994,1FTCR10A4RUC,1,F,T,C,R,1,0,A,4,R,U,C,0,T,FORD,RNG,PK,94,17,,1,1140,1080,RNG,G,,,4,140,,,,B,2918,00,A,42,0,0,000000000,00000000000,0,0,0,1,0,0,0,0,0,0,0,45,0,0,0,12,12,6,2,38,0,0,0,1,37,28169,6,1,0,0,3,0,70,999,0,0,0,0,0,0,0,0,0,0,28,0,0,0,1,2,45,2,1,2,1,0,0,14,10,1,1,4,6,1,0
37,370435,1,1,1,3,6,1,29,8,0,1,0,37,1,12,422,12422,15,1999,1FMPU18L0XLB,1,F,M,P,U,1,8,L,0,X,L,B,0,P,FORD,EPT,UT,99,17,5177,,0,1191,,G,,F,8,330,,,17R265,,,,,,0,0,000000000,00000000000,0,0,0,1,0,0,0,0,0,0,0,55,0,0,0,12,12,4,9,8,0,0,0,1,37,28472,6,1,0,0,3,0,68,999,0,4,0,0,0,9,2010,9,2010,0,0,0,0,0,1,2,55,1,1,2,1,0,0,1,80,1,1,1,13,0,0
37,370436,1,1,1,23,6,4,29,1,0,1,0,37,1,72,706,72706,80,2009,1HD1FC4169Y6,1,H,D,1,F,C,4,1,6,9,Y,6,0,M,HD,FLU,RS,9,17,,,,,,,1584,,2,,4,889,,,,,,,0,0,000000000,00000000000,0,0,0,1,0,0,0,0,0,0,0,50,0,0,0,0,0,6,2,1,0,0,0,1,37,28570,6,1,6,0,3,3,71,999,0,0,0,0,0,0,0,0,0,1,99,99,99,99,1,2,50,2,1,2,1,0,0,14,6,1,1,1,98,1,0
37,370437,1,2,1,11,6,4,19,12,1,1,0,37,2,12,461,12461,21,2003,1FBSS31L53HB,1,F,B,S,S,3,1,L,5,3,H,B,0,T,FORD,WSD,ES,3,17,,2,0,1380,ECO,G,,,8,330,,,,D,5147,00,E,42,0,0,000000000,00000000000,0,0,0,1,0,0,0,0,0,0,0,50,0,1,5,6,6,6,2,12,0,0,0,1,37,28560,6,1,6,0,3,0,62,999,0,0,0,0,0,0,0,0,0,0,0,0,0,0,2,4,55,1,1,2,1,0,0,1,18,1,1,1,25,1,0
37,370437,2,2,1,11,6,4,19,12,1,1,0,37,3,7,24,7024,4,2007,2B3KA43G07H6,2,B,3,K,A,4,3,G,0,7,H,6,0,P,DODG,CTL,4D,7,17,3720,,0,1200,,G,,F,6,214,,,17R215,,,,,,0,0,000000000,00000000000,0,0,0,1,0,0,0,0,0,0,0,100,0,0,0,12,12,6,2,12,0,0,0,1,37,28586,6,1,0,0,3,0,74,999,0,0,0,0,0,0,0,0,0,1,36,0,0,0,2,4,55,1,1,2,1,0,0,1,51,1,1,1,24,0,0
37,370438,1,1,1,13,6,3,25,42,0,1,0,37,2,20,401,20401,14,2002,1GNDS13S9221,1,G,N,D,S,1,3,S,9,2,2,1,0,P,CHEV,TRL,UT,2,17,4442,,0,1130,,G,,F,6,256,,,16R245,,,,,,0,0,000000000,00000000000,0,0,0,1,0,0,0,0,0,0,0,75,0,0,0,9,9,6,2,42,0,0,0,1,37,28523,1,1,0,0,2,3,70,999,0,1,1,0,4,4,2010,10,2010,1,36,58,0,0,1,2,55,3,1,2,1,0,0,14,13,1,1,4,1,1,1
37,370439,1,1,1,22,6,4,14,8,0,1,1,99,9,99,999,99999,99,9999,999999999999,9,9,9,9,9,9,9,9,9,9,9,9,0,,,,,,,,,,,,,,,,,,,,,,,,,0,0,000000000,00000000000,0,0,0,1,0,0,0,0,0,0,0,999,0,0,0,99,99,9,1,8,0,0,0,1,99,99999,9,9,99,9,9,9,999,999,99,99,99,99,99,99,9999,99,9999,0,99,99,99,99,1,2,55,1,1,2,1,0,0,1,80,1,1,9,13,0,0
37,370440,1,1,1,6,6,14,11,15,0,1,0,37,1,14,21,14021,4,2006,3MEFM08Z46R6,3,M,E,F,M,0,8,Z,4,6,R,6,0,P,MERC,MPR,4D,6,17,3117,,0,1074,,G,,F,4,140,,,17R225,,,,,,0,0,000000000,00000000000,0,0,0,1,0,0,0,0,0,0,0,45,0,0,0,12,12,6,2,15,0,0,0,1,37,28314,1,1,0,0,2,0,62,999,0,1,0,0,1,5,2009,7,2009,0,92,0,0,0,2,4,45,1,2,2,1,0,0,1,80,1,1,1,13,0,0
37,370441,1,1,1,19,6,13,38,24,0,1,0,4,3,23,461,23461,22,2010,1GD1G2AA2A19,1,G,D,1,G,2,A,A,2,A,1,9,0,T,GMC,SCT,YY,10,17,,2,0,1390,STV,G,,,8,293,,,,D,4528,00,M,42,0,0,000000000,00000000000,0,0,0,1,0,0,0,0,0,0,0,65,0,1,3,12,0,6,2,1,0,0,0,1,6,90045,6,1,0,0,3,0,68,999,0,0,0,0,0,0,0,0,0,0,58,0,0,0,3,4,65,1,1,2,1,0,0,1,13,1,1,4,1,1,1
37,370442,1,2,1,17,6,12,11,12,2,1,0,37,2,53,705,53705,80,2004,JS1GN7CA2421,J,S,1,G,N,7,C,A,2,4,2,1,0,M,SUZI,GSK,RC,4,17,,,,,,,599,,4,,4,354,,,,,,,0,0,000000000,00000000000,0,0,0,1,0,0,0,0,0,0,0,70,0,0,0,12,12,6,2,12,0,0,0,1,37,28311,1,1,0,0,2,0,68,999,0,1,0,0,1,1,2009,3,2009,1,36,39,0,0,3,6,45,1,1,2,1,3,3,1,17,1,1,1,69,1,0
37,370442,2,2,3,17,6,12,11,12,2,1,0,37,1,37,421,37421,15,2008,5FNYF18788B0,5,F,N,Y,F,1,8,7,8,8,B,0,0,P,HOND,PIL,UT,8,17,4524,,0,1063,,G,,F,6,213,,,16R235,,,,,,0,0,000000000,00000000000,0,0,0,1,0,0,0,0,0,0,0,20,0,0,0,12,12,6,2,12,0,0,0,1,37,28304,6,1,0,0,3,0,62,999,0,0,0,0,0,0,0,0,0,0,0,0,0,0,3,6,45,1,1,2,1,3,3,11,15,1,1,1,68,0,0
37,370443,1,2,1,24,6,16,45,12,7,1,0,51,1,3,431,3431,16,2005,5GRGN23U35H1,5,G,R,G,N,2,3,U,3,5,H,1,0,T,HUMM,HH2,4W,5,17,,2,0,1228,HUM,G,,,8,364,,,,C,6400,00,U,44,0,0,000000000,00000000000,0,0,0,1,0,0,0,0,0,0,0,55,0,0,0,11,11,6,2,12,0,0,0,1,51,23606,6,1,0,0,3,3,63,133,0,0,0,0,0,0,0,0,0,0,28,0,0,0,1,5,55,1,1,2,1,0,0,1,10,1,1,2,45,1,0
37,370443,2,2,1,24,6,16,45,12,7,1,0,92,0,99,998,99998,92,1985,000000000000,0,0,0,0,0,0,0,0,0,0,0,0,0,,,,,,,,,,,,,,,,,,,,,,,,,0,0,000000000,00000000000,0,0,0,1,0,0,0,0,0,0,0,20,0,0,0,5,5,4,1,12,0,0,0,1,37,27947,6,1,0,0,1,0,72,999,0,0,0,0,0,0,0,0,0,0,0,0,0,0,1,5,55,1,1,2,1,0,0,1,60,1,1,1,44,0,0
37,370444,1,1,1,25,6,20,28,30,0,1,0,37,1,2,404,2404,14,1989,1J4FJ58L0KL5,1,J,4,F,J,5,8,L,0,K,L,5,0,T,JEEP,LAR,4W,89,17,,1,0,1014,CHK,G,,,6,242,,,,,00000,00,A,44,0,0,000000000,00000000000,0,0,0,1,0,0,0,0,0,0,0,70,0,0,0,9,9,6,2,30,0,0,0,1,37,27299,6,1,0,0,3,0,74,999,1,0,0,0,0,12,2009,12,2009,1,28,36,0,0,1,2,55,2,2,2,1,0,0,14,6,1,1,4,6,1,1
37,370445,1,1,1,23,6,6,26,72,0,1,0,18,3,82,881,82881,66,2006,1FUJA6CK46LW,1,F,U,J,A,6,C,K,4,6,L,W,1,T,FRHT,COL,TR,6,17,,8,0,0,CON,D,,,6,855,,,,,00000,00,,64,1,57,230991,57230991,3,6,1,1,0,0,0,0,0,0,0,48,0,1,1,0,0,6,2,1,0,0,0,1,49,84404,6,1,0,0,3,0,69,140,98,0,0,0,0,0,0,0,0,1,36,0,0,0,4,2,45,4,2,2,1,0,0,14,98,1,1,1,0,1,0
37,370446,1,2,3,16,6,17,48,12,6,1,0,37,2,22,9,22009,2,1992,1G2FS23E8NL2,1,G,2,F,S,2,3,E,8,N,L,2,0,P,PONT,FBF,2H,92,17,3281,,0,1010,,G,,F,8,305,,,16R245,,,,,,0,0,000000000,00000000000,0,0,0,1,0,0,0,0,0,0,0,75,0,0,0,2,9,6,2,12,0,0,0,1,37,27028,6,1,0,0,3,0,76,999,0,0,0,0,0,0,0,0,0,1,36,0,0,0,1,2,45,3,1,2,1,0,0,14,6,1,1,2,64,2,0
37,370446,2,2,1,16,6,17,48,12,6,1,0,37,1,49,403,49403,14,2001,JTEHF21A8100,J,T,E,H,F,2,1,A,8,1,0,0,0,P,TOYT,HIG,UT,1,17,3880,,0,1069,,G,,F,6,183,,,16R225,,,,,,0,0,000000000,00000000000,0,0,0,1,0,0,0,0,0,0,0,45,0,0,0,12,12,6,2,12,0,0,0,1,37,27028,6,1,0,0,3,0,69,999,0,0,0,0,0,0,0,0,0,0,0,0,0,0,1,2,45,2,1,2,1,0,0,14,62,1,1,1,65,0,0
37,370447,1,3,1,15,6,6,59,12,2,1,0,51,2,20,24,20024,6,2011,1GNKVGED3BJ1,1,G,N,K,V,G,E,D,3,B,J,1,0,P,CHEV,TRV,UT,11,17,5066,,0,1189,,G,,F,6,220,,,18R255,,,,,,0,0,000000000,00000000000,0,0,0,1,0,0,0,0,0,0,0,55,0,0,0,12,12,6,2,12,0,0,0,1,37,28458,6,1,0,0,3,3,70,999,1,0,0,0,0,9,2010,9,2010,1,28,36,0,0,1,2,55,1,1,2,1,0,0,17,50,6,1,2,50,0,0
37,370447,2,3,3,15,6,6,59,12,2,1,0,37,2,20,37,20037,4,1999,1G1ND52M0X61,1,G,1,N,D,5,2,M,0,X,6,1,0,P,CHEV,MAL,4D,99,17,3051,,0,1070,,G,,F,6,191,,,15R215,,,,,,0,0,000000000,00000000000,0,0,0,1,0,0,0,0,0,0,0,55,0,0,0,12,12,6,2,12,0,0,0,1,37,28518,6,1,0,0,3,0,71,999,0,0,0,0,1,7,2008,7,2008,0,0,0,0,0,1,2,55,1,1,2,1,0,0,1,62,1,1,1,51,1,0
37,370447,3,3,1,15,6,6,59,12,2,1,0,37,2,7,482,7482,31,1996,3B7HC13Z5TG1,3,B,7,H,C,1,3,Z,5,T,G,1,0,T,DODG,150,PC,96,17,,2,1547,1387,RPC,G,,,8,360,,,,B,4333,01,M,42,0,0,000000000,00000000000,0,0,0,1,0,0,0,0,0,0,0,55,0,0,0,12,12,6,2,12,0,0,0,1,37,28398,6,1,0,0,3,0,71,999,0,0,0,0,0,0,0,0,0,0,0,0,0,0,1,2,55,1,1,2,1,0,0,1,50,1,1,1,98,0,0
37,370448,1,2,1,14,6,1,5,12,6,1,0,10,1,87,883,87883,66,1985,1XP6DB9X9FN1,1,X,P,6,D,B,9,X,9,F,N,1,1,T,PTRB,362,TR,85,17,,8,2750,1130,COE,D,,,6,893,,,,,00000,00,,64,1,57,636021,57636021,3,6,1,1,0,0,0,0,0,0,0,55,0,1,5,12,12,6,2,12,0,0,0,1,10,19947,6,1,1,0,3,0,69,160,0,0,0,1,1,2,2010,2,2010,0,0,0,0,0,1,2,55,1,1,2,1,0,0,1,54,6,1,1,83,0,0
37,370448,2,2,1,14,6,1,5,12,6,1,0,37,2,49,402,49402,14,2011,2T3ZF4DV5BW0,2,T,3,Z,F,4,D,V,5,B,W,0,0,P,TOYT,RG4,UT,11,17,3300,,0,0,,G,,F,4,153,,,000000,,,,,,0,0,000000000,00000000000,0,0,0,1,0,0,0,0,0,0,0,5,0,0,0,10,10,6,2,12,0,0,0,1,37,27858,6,2,0,0,3,0,63,999,1,0,0,0,0,10,2010,10,2010,0,39,0,0,0,1,2,55,1,1,2,1,20,3,11,15,1,1,1,82,1,1
37,370449,1,2,3,12,6,13,9,12,6,1,0,37,3,98,882,98882,63,1998,4P1CT02S6WA0,4,P,1,C,T,0,2,S,6,W,A,0,0,U,,,,98,17,,,,,,,,,,,,,,,,,,,0,88,888888888,88888888888,3,2,97,1,0,0,0,0,0,7,1,45,0,0,0,12,12,6,2,12,0,0,0,1,37,27284,6,1,6,0,3,0,72,999,0,0,0,0,0,0,0,0,0,0,0,0,0,0,1,2,35,1,1,2,1,0,0,1,54,6,1,1,83,0,0
37,370449,2,2,2,12,6,13,9,12,6,1,0,13,1,55,35,55035,4,2005,KMHDN46DX5U0,K,M,H,D,N,4,6,D,X,5,U,0,0,P,HYUN,EST,4D,5,17,2635,,0,1027,,G,,F,4,121,,,15R195,,,,,,0,0,000000000,00000000000,0,0,0,1,0,0,0,0,0,0,0,10,0,0,0,9,9,6,2,12,0,0,0,1,13,30184,6,1,0,0,3,0,71,183,98,0,0,0,0,0,0,0,0,0,38,0,0,0,1,2,35,1,1,2,1,0,0,11,15,1,1,1,82,1,0
37,370451,1,2,2,15,6,16,34,12,1,1,0,37,1,19,3,19003,4,1985,1G6CB6987F43,1,G,6,C,B,6,9,8,7,F,4,3,0,P,CADI,FFL,4D,85,17,3268,,0,1108,,G,,F,8,249,,,14R205,,,,,,0,0,000000000,00000000000,0,0,0,1,0,0,0,0,0,0,0,45,0,0,0,12,12,6,2,12,0,0,0,1,37,27106,6,1,0,0,3,3,68,999,0,0,0,0,0,0,0,0,0,0,99,99,99,99,1,5,45,1,2,2,1,0,0,1,51,1,1,1,28,1,0
37,370451,2,2,2,15,6,16,34,12,1,1,0,37,1,12,401,12401,14,1996,1FMDU34X3TUB,1,F,M,D,U,3,4,X,3,T,U,B,0,P,FORD,EPR,UT,96,17,4189,,0,1115,,G,,F,6,245,,,15R225,,,,,,0,0,000000000,00000000000,0,0,0,1,0,0,0,0,0,0,0,50,0,0,0,6,6,6,2,12,0,0,0,1,37,27018,6,1,0,0,3,3,66,999,0,2,0,0,0,6,2009,6,2009,0,0,0,0,0,1,5,45,1,2,2,1,0,0,2,18,1,1,1,29,0,0
37,370452,1,1,1,5,6,12,37,42,0,1,0,37,2,7,482,7482,31,2000,3B7HF12Z3YG1,3,B,7,H,F,1,2,Z,3,Y,G,1,0,T,DODG,150,PC,0,17,,2,0,1387,RPC,G,,,8,360,,,,B,4897,00,U,44,0,0,000000000,00000000000,0,0,0,1,0,0,0,0,0,0,0,35,0,0,0,12,12,6,2,42,0,0,0,1,37,28052,6,1,0,0,3,0,73,999,0,0,0,0,0,0,0,0,0,0,99,99,99,99,1,2,45,3,2,2,1,0,0,14,10,1,1,4,6,1,0
37,370453,1,1,1,12,6,13,43,42,0,1,0,37,1,37,31,37031,4,2010,2HGFA1F67AH3,2,H,G,F,A,1,F,6,7,A,H,3,0,P,HOND,ULS,4D,10,17,2754,,0,1063,,G,,F,4,110,,,16R205,,,,,,0,0,000000000,00000000000,0,0,0,1,0,0,0,0,0,0,0,70,0,0,0,9,9,6,2,42,0,0,0,1,37,27565,6,1,6,0,3,0,68,999,1,0,0,0,0,7,2010,7,2010,1,36,0,0,0,1,2,55,3,1,2,1,0,0,14,10,1,1,4,6,1,0