STATE,ST_CASE,VEH_NO,VE_FORMS,NUMOCCS,DAY,MONTH,HOUR,MINUTE,HARM_EV,MAN_COLL,UNITTYPE,HIT_RUN,REG_STAT,OWNER,MAKE,MODEL,MAK_MOD,BODY_TYP,MOD_YEAR,VIN,VIN_1,VIN_2,VIN_3,VIN_4,VIN_5,VIN_6,VIN_7,VIN_8,VIN_9,VIN_10,VIN_11,VIN_12,TOW_VEH,VINTYPE,VINMAKE,VINA_MOD,VIN_BT,VINMODYR,VIN_LNGT,VIN_WGT,WGTCD_TR,WHLBS_LG,WHLBS_SH,SER_TR,FUELCODE,MCYCL_DS,CARBUR,CYLINDER,DISPLACE,MCYCL_CY,MCYCL_WT,TIRE_SZE,TON_RAT,TRK_WT,TRKWTVAR,VIN_REST,WHLDRWHL,J_KNIFE,MCARR_I1,MCARR_I2,MCARR_ID,GVWR,V_CONFIG,CARGO_BT,HAZ_INV,HAZ_PLAC,HAZ_ID,HAZ_CNO,HAZ_REL,BUS_USE,SPEC_USE,EMER_USE,TRAV_SP,UNDERIDE,ROLLOVER,ROLINLOC,IMPACT1,IMPACT2,DEFORMED,TOWED,M_HARM,VEH_SC1,VEH_SC2,FIRE_EXP,DR_PRES,L_STATE,DR_ZIP,L_STATUS,L_TYPE,CDL_STAT,L_ENDORS,L_COMPL,L_RESTRI,DR_HGT,DR_WGT,PREV_ACC,PREV_SUS,PREV_DWI,PREV_SPD,PREV_OTH,FIRST_MO,FIRST_YR,LAST_MO,LAST_YR,SPEEDREL,DR_SF1,DR_SF2,DR_SF3,DR_SF4,VTRAFWAY,VNUM_LAN,VSPD_LIM,VALIGN,VPROFILE,VPAVETYP,VSURCOND,VTRAFCON,VTCONT_F,P_CRASH1,P_CRASH2,P_CRASH3,PCRASH4,PCRASH5,ACC_TYPE,DEATHS,DR_DRINK
37,370486,1,5,1,30,6,15,0,12,1,1,0,47,3,82,881,82881,66,2008,1FUJGLCK28LZ,1,F,U,J,G,L,C,K,2,8,L,Z,1,T,FRHT,125,TR,8,17,,8,0,0,CSC,D,,,6,855,,,,,00000,00,,64,1,57,895996,57895996,3,6,1,1,0,0,0,0,0,0,0,65,0,0,0,12,12,6,2,12,0,0,0,1,47,37822,6,1,0,0,3,0,69,196,0,0,0,0,0,0,0,0,0,1,92,0,0,0,3,3,65,3,1,2,1,0,0,14,51,1,1,1,24,0,0
37,370486,2,5,1,30,6,15,0,12,1,1,0,37,2,12,481,12481,31,1997,1FTHF26F6VEA,1,F,T,H,F,2,6,F,6,V,E,A,0,T,FORD,F25,PK,97,17,,2,0,1330,COF,D,,,8,444,,,,C,4870,00,A,44,0,0,000000000,00000000000,0,0,0,1,0,0,0,0,0,0,0,5,0,0,0,6,12,6,2,12,0,0,0,1,37,28081,6,1,0,0,3,3,70,999,0,0,0,0,0,0,0,0,0,0,0,0,0,0,3,3,65,3,1,2,1,0,0,2,53,1,1,1,25,1,0
37,370486,3,5,1,30,6,15,0,12,1,1,0,37,1,20,404,20404,14,2008,2CNDL33F1860,2,C,N,D,L,3,3,F,1,8,6,0,0,P,CHEV,EQU,UT,8,17,3699,,0,1125,,G,,F,6,207,,,17R235,,,,,,0,0,000000000,00000000000,0,0,0,1,0,0,0,0,0,0,0,5,0,0,0,6,12,6,2,12,0,0,0,1,37,27302,6,1,0,0,3,3,64,999,0,0,0,0,0,0,0,0,0,0,0,0,0,0,3,3,65,3,1,2,1,0,0,2,53,1,1,1,98,1,0
37,370486,4,5,1,30,6,15,0,12,1,1,0,37,1,35,47,35047,4,2008,1N4AL21EX8N4,1,N,4,A,L,2,1,E,X,8,N,4,0,P,NISS,ATS,4D,8,17,3028,,0,1093,,G,,F,4,153,,,16R215,,,,,,0,0,000000000,00000000000,0,0,0,1,0,0,0,0,0,0,0,5,0,0,0,6,12,6,2,12,0,0,1,1,37,27217,6,1,0,0,3,0,68,999,0,0,0,0,0,0,0,0,0,0,0,0,0,0,3,3,65,3,1,2,1,0,0,2,53,1,1,1,98,1,0
37,370486,5,5,1,30,6,15,0,12,1,1,0,37,3,84,881,84881,62,2007,1HTMMAAL57H4,1,H,T,M,M,A,A,L,5,7,H,4,0,T,INTL,430,CC,7,17,,6,0,0,40S,D,,,6,466,,,,,00000,00,,42,0,77,777777777,77777777777,2,1,28,1,0,0,0,0,0,0,0,5,0,0,0,6,6,4,1,12,0,0,0,1,37,27406,6,1,6,0,3,0,72,999,0,0,0,0,0,0,0,0,0,0,0,0,0,0,3,3,65,3,1,2,1,0,0,2,53,1,1,1,98,0,0
37,370487,1,1,1,9,6,20,3,8,0,1,0,37,1,18,2,18002,4,2002,1G4HP54K0241,1,G,4,H,P,5,4,K,0,2,4,1,0,P,BUIC,LCF,4D,2,17,3567,,0,1122,,G,,F,6,231,,,15R215,,,,,,0,0,000000000,00000000000,0,0,0,1,0,0,0,0,0,0,0,65,0,0,0,12,12,6,2,8,0,0,0,1,37,27834,6,1,0,0,3,0,71,999,0,0,0,0,0,0,0,0,0,0,0,0,0,0,3,2,65,1,2,2,1,0,0,1,12,1,1,4,6,0,0
37,370488,1,4,1,30,6,9,47,12,1,1,0,37,1,82,881,82881,66,2007,1FUJA6CG77LX,1,F,U,J,A,6,C,G,7,7,L,X,1,T,FRHT,COL,TR,7,17,,8,0,0,CON,D,,,6,774,,,,,00000,00,,64,1,57,165206,57165206,3,6,1,1,0,0,0,0,0,0,0,55,0,0,0,12,12,6,2,2,0,0,1,1,37,28086,6,1,6,9,3,1,71,999,1,0,0,0,1,3,2009,8,2009,1,0,0,0,0,3,2,65,1,2,2,1,0,0,1,50,1,1,1,24,1,0
37,370488,2,4,1,30,6,9,47,12,1,1,0,51,3,84,881,84881,66,2007,2HSCNAPR97C3,2,H,S,C,N,A,P,R,9,7,C,3,1,T,INTL,94I,TR,7,17,,8,0,0,940,D,,,6,915,,,,,00000,00,,64,1,57,267160,57267160,3,6,2,1,0,0,0,0,0,0,0,0,0,0,0,6,12,6,2,12,0,0,0,1,51,23836,6,1,6,0,3,0,74,240,0,0,0,0,1,7,2010,7,2010,0,0,0,0,0,3,2,65,1,2,2,1,0,0,2,53,1,1,1,25,0,0
37,370488,3,4,3,30,6,9,47,12,1,1,0,37,1,41,35,41035,4,1993,JM1BG2240P05,J,M,1,B,G,2,2,4,0,P,0,5,0,P,MAZD,PDX,4D,93,17,2338,,0,984,,G,,F,4,112,,,13R175,,,,,,0,0,000000000,00000000000,0,0,0,1,0,0,0,0,0,0,0,0,0,0,0,6,6,6,2,12,0,0,0,1,37,27609,6,2,0,0,3,3,69,999,2,0,0,1,0,4,2009,12,2010,0,0,0,0,0,3,2,65,1,2,2,1,0,0,5,53,1,1,1,98,0,0
37,370488,4,4,3,30,6,9,47,12,1,1,0,37,2,12,16,12016,4,1985,2FABP43F4FX2,2,F,A,B,P,4,3,F,4,F,X,2,0,P,FORD,LCV,4D,85,17,3552,,0,1143,,G,,F,8,302,,,14R215,,,,,,0,0,000000000,00000000000,0,0,0,1,0,0,0,0,0,0,0,0,0,0,0,6,6,6,2,12,0,0,0,1,37,27278,6,1,6,0,3,3,67,999,1,0,0,0,0,12,2010,12,2010,0,0,0,0,0,3,2,65,1,2,2,1,0,0,5,53,1,1,1,98,0,0
37,370489,1,1,7,22,6,17,30,1,0,1,0,37,2,12,401,12401,14,2000,1FMYU70X7YUA,1,F,M,Y,U,7,0,X,7,Y,U,A,0,P,FORD,EPR,UT,0,17,3870,,0,1017,,G,,F,6,245,,,15R235,,,,,,0,0,000000000,00000000000,0,0,0,1,0,0,0,0,0,0,0,65,0,2,1,0,81,6,2,1,0,0,0,1,51,23454,6,1,0,0,3,0,65,140,1,0,0,1,0,3,2010,7,2010,0,28,58,0,0,3,2,70,2,2,2,1,0,0,17,51,6,1,6,98,1,0
37,370490,1,1,1,7,6,11,50,35,0,1,0,13,1,2,406,2406,14,2007,1J8HH48K27C6,1,J,8,H,H,4,8,K,2,7,C,6,0,T,JEEP,BSE,4W,7,17,,2,0,1095,CMD,G,,,6,226,,,,,4538,01,L,42,0,0,000000000,00000000000,0,0,0,1,0,0,0,0,0,0,0,100,0,1,5,12,12,6,2,1,0,0,0,1,51,23453,0,0,0,0,0,0,72,226,0,0,0,0,0,0,0,0,0,1,36,0,0,0,1,2,55,3,2,2,1,0,0,14,13,1,1,4,1,1,1
37,370491,1,2,0,17,6,4,36,12,1,1,0,37,3,82,881,82881,66,2005,1FUJBBDE55LU,1,F,U,J,B,B,D,E,5,5,L,U,1,T,FRHT,ST2,TR,5,17,,8,0,0,CON,D,,,6,763,,,,,00000,00,,64,1,57,1458373,571458373,3,6,3,1,0,0,0,0,0,0,0,0,0,0,0,6,6,6,2,12,0,0,0,0,0,99997,7,6,97,7,6,7,998,997,998,998,998,998,998,98,9998,98,9998,8,20,0,0,0,1,4,55,1,2,2,1,0,0,0,53,0,0,0,32,0,0
37,370491,2,2,1,17,6,4,36,12,1,1,0,37,2,30,46,30046,4,2000,WVWUH23B8YE3,W,V,W,U,H,2,3,B,8,Y,E,3,0,P,VOLK,PX4,4D,0,17,3415,,0,1066,,G,,F,6,169,,,15R195,,,,,,0,0,000000000,00000000000,0,0,0,1,0,0,0,0,0,0,0,55,3,0,0,12,12,6,2,12,0,0,0,1,37,27205,6,1,0,0,3,0,72,999,2,0,0,0,4,1,2009,2,2011,1,0,0,0,0,1,4,55,1,2,2,1,0,0,1,50,1,1,1,32,1,1
37,370492,1,2,2,6,6,22,49,12,6,1,0,37,1,20,20,20020,4,1994,2G1WN54T8R91,2,G,1,W,N,5,4,T,8,R,9,1,0,P,CHEV,EUR,4D,94,17,3269,,0,1075,,G,,F,6,191,,,15R205,,,,,,0,0,000000000,00000000000,0,0,0,1,0,0,0,0,0,0,0,40,0,0,0,3,3,6,2,12,0,0,0,1,37,28358,6,1,0,0,3,0,73,999,0,0,0,0,0,0,0,0,0,0,99,99,99,99,1,2,35,1,1,2,1,3,3,1,17,1,1,1,87,1,1
37,370492,2,2,1,6,6,22,49,12,6,1,0,37,1,20,20,20020,4,2000,2G1WL52J2Y12,2,G,1,W,L,5,2,J,2,Y,1,2,0,P,CHEV,LUM,4D,0,17,3330,,0,1075,,G,,F,6,191,,,15R205,,,,,,0,0,000000000,00000000000,0,0,0,1,0,0,0,0,0,0,0,45,0,0,0,12,12,6,2,12,0,0,0,1,37,28358,1,1,0,0,2,3,72,999,0,2,0,0,0,11,2010,1,2011,0,99,99,99,99,1,2,35,1,1,2,1,3,3,1,66,1,1,1,86,0,1
37,370493,1,1,2,3,6,23,29,9,0,1,0,37,1,20,481,20481,31,2009,3GCEC33J09G2,3,G,C,E,C,3,3,J,0,9,G,2,0,T,CHEV,3SC,CW,9,17,,2,0,1435,SIL,G,,,8,323,,,,B,5227,00,,42,0,0,000000000,00000000000,0,0,0,1,0,0,0,0,0,0,0,50,0,0,0,12,12,6,2,9,0,0,0,1,37,28369,6,1,6,0,3,0,67,999,1,0,0,0,0,11,2009,11,2009,0,0,0,0,0,1,2,55,1,1,2,1,0,0,1,83,1,1,1,13,0,0
37,370494,1,1,4,9,6,1,35,34,0,1,0,37,2,2,404,2404,14,1987,1JCMU744XHT0,1,J,C,M,U,7,4,4,X,H,T,0,0,P,AMER,CHK,UT,87,17,0,,0,1010,,G,,F,6,242,,,000000,,,,,,0,0,000000000,00000000000,0,0,0,1,0,0,0,0,0,0,0,75,0,1,5,12,12,6,2,42,0,0,0,1,37,28358,1,1,0,0,2,0,70,999,0,1,0,0,0,12,2009,12,2009,0,28,36,0,0,1,2,55,1,1,2,1,0,0,1,12,1,1,4,6,1,1
37,370495,1,2,2,11,6,22,12,12,2,1,0,37,2,59,34,59034,4,1999,JT8BD68S3X00,J,T,8,B,D,6,8,S,3,X,0,0,0,P,LEXS,GS3,4D,99,17,3638,,0,1102,,G,,F,6,183,,,16R215,,,,,,0,0,000000000,00000000000,0,0,0,1,0,0,0,0,0,0,0,55,0,0,0,12,12,6,2,12,0,0,0,1,37,28358,6,2,0,0,3,0,75,999,0,0,0,0,1,2,2011,2,2011,0,38,0,0,0,1,2,55,1,1,2,1,0,0,11,15,1,1,1,68,0,0
37,370495,2,2,2,11,6,22,12,12,2,1,0,37,1,77,706,77706,80,2008,5VPSB36D4830,5,V,P,S,B,3,6,D,4,8,3,0,0,M,VCTY,VIS,RS,8,17,,,,,,,1731,,2,,4,804,,,,,,,0,0,000000000,00000000000,0,0,0,1,0,0,0,0,0,0,0,55,0,0,0,12,12,6,2,12,0,0,0,1,37,28358,6,1,6,0,3,3,70,999,0,0,0,0,0,0,0,0,0,0,0,0,0,0,1,2,55,1,1,2,1,0,0,1,62,1,1,1,69,1,0
37,370496,1,1,2,29,6,19,6,43,0,1,0,37,1,37,704,37704,80,2011,JH2PE0536BK9,J,H,2,P,E,0,5,3,6,B,K,9,0,M,HOND,CRR,MX,11,17,,,,,,,449,,1,,4,234,,,,,,,0,0,000000000,00000000000,0,0,0,1,0,0,0,0,0,0,0,80,0,0,0,12,12,6,2,43,0,0,0,1,37,28372,1,1,0,0,2,0,71,999,0,1,0,1,0,7,2009,11,2010,0,28,36,0,0,1,2,55,2,1,2,1,0,0,14,12,1,1,4,6,1,0
37,370497,1,2,1,4,6,5,35,12,2,1,0,37,1,12,24,12024,6,2007,2FMDK49C17BB,2,F,M,D,K,4,9,C,1,7,B,B,0,P,FORD,EDG,UT,7,17,4282,,0,1112,,G,,F,6,214,,,17R235,,,,,,0,0,000000000,00000000000,0,0,0,1,0,0,0,0,0,0,0,55,0,0,0,12,12,6,2,12,0,0,0,1,37,27284,6,1,0,0,3,3,68,999,1,0,0,0,0,7,2009,7,2009,0,0,0,0,0,1,2,55,3,2,2,1,0,0,14,62,7,1,1,51,1,0
37,370497,2,2,1,4,6,5,35,12,2,1,0,37,1,12,481,12481,31,2002,1FTNW20F12EA,1,F,T,N,W,2,0,F,1,2,E,A,1,T,FORD,F2S,CW,2,17,,2,1724,1562,SRW,D,,,8,444,,,,C,5846,04,E,42,1,0,000000000,00000000000,0,0,0,1,0,0,0,0,0,0,0,55,0,0,0,12,12,6,2,12,0,0,0,1,37,27025,6,1,0,0,3,3,70,999,0,0,0,0,0,0,0,0,0,0,28,80,0,0,1,2,55,2,2,2,1,0,0,14,1,1,1,2,50,0,0
37,370498,1,2,2,10,6,19,39,12,2,1,0,37,2,37,32,37032,2,1994,1HGCD7221RA0,1,H,G,C,D,7,2,2,1,R,A,0,0,P,HOND,UDX,CP,94,17,2655,,0,1069,,G,,F,4,132,,,14R185,,,,,,0,0,000000000,00000000000,0,0,0,1,0,0,0,0,0,0,0,55,0,0,0,12,12,6,2,12,0,0,0,1,37,28147,6,1,0,0,3,3,61,999,0,2,0,2,2,2,2010,5,2011,0,28,0,0,0,1,2,55,2,2,2,1,0,0,14,10,1,1,1,50,0,0
37,370498,2,2,1,10,6,19,39,12,2,1,0,37,1,24,3,24003,6,1995,1G8ZK8274SZ3,1,G,8,Z,K,8,2,7,4,S,Z,3,0,P,STRN,SW2,SW,95,17,2382,,0,1024,,G,,F,4,116,,,15R195,,,,,,0,0,000000000,00000000000,0,0,0,1,0,0,0,0,0,0,0,40,0,0,0,12,12,6,2,12,0,0,0,1,37,28146,6,1,0,0,3,0,60,999,0,0,0,0,0,0,0,0,0,0,0,0,0,0,1,2,55,3,2,2,1,0,0,14,62,1,1,1,51,1,0
37,370499,1,1,1,10,6,21,9,34,0,1,0,37,1,53,706,53706,80,2004,JS1GW71A6421,J,S,1,G,W,7,1,A,6,4,2,1,0,M,SUZI,GXR,RC,4,17,,,,,,,1298,,4,,4,478,,,,,,,0,0,000000000,00000000000,0,0,0,1,0,0,0,0,0,0,0,100,0,0,0,12,12,6,2,1,0,0,0,1,37,28328,6,1,0,0,3,0,65,999,0,0,0,0,0,0,0,0,0,1,36,0,0,0,1,2,55,3,1,2,1,0,0,14,13,1,1,4,1,1,1
37,370500,1,2,1,22,6,22,11,12,1,1,0,51,1,89,881,89881,66,1995,4V1WDBRHXSN6,4,V,1,W,D,B,R,H,X,S,N,6,1,T,WHGM,WIA,TR,95,17,,8,0,0,ARO,D,,,6,774,,,,,00000,00,,64,1,57,815696,57815696,3,6,1,1,0,0,0,0,0,0,0,50,0,0,0,6,6,2,1,12,0,0,0,1,51,23505,6,1,6,0,3,0,70,160,0,0,0,1,1,10,2008,1,2009,0,0,0,0,0,2,2,70,1,2,2,1,0,0,1,53,1,1,1,25,0,0
37,370500,2,2,1,22,6,22,11,12,1,1,0,37,1,38,882,38882,61,2002,JALB4B145270,J,A,L,B,4,B,1,4,5,2,7,0,0,T,ISU,NPR,TB,2,17,,3,0,0,NPR,D,,,4,290,,,,,00000,00,,42,0,77,777777777,77777777777,2,1,28,1,0,0,0,0,0,0,0,70,0,0,0,12,12,6,2,12,0,0,1,1,37,28659,6,1,0,0,3,3,69,999,1,0,0,1,4,8,2008,4,2011,1,0,0,0,0,1,2,70,1,2,2,1,0,0,1,51,1,1,1,24,1,0
37,370501,1,3,1,24,6,16,34,12,6,1,0,37,1,49,40,49040,4,2005,JTDBE32K0530,J,T,D,B,E,3,2,K,0,5,3,0,0,P,TOYT,XLL,4D,5,17,3108,,0,1071,,G,,F,4,144,,,15R205,,,,,,0,0,000000000,00000000000,0,0,0,1,0,0,0,0,0,0,0,35,0,0,0,11,7,6,2,12,0,0,0,1,37,27030,6,1,0,0,3,3,65,999,0,0,0,0,0,0,0,0,0,0,38,39,0,0,1,2,55,8,8,2,1,20,3,10,16,1,1,1,78,1,1
37,370501,2,3,1,24,6,16,34,12,6,1,0,37,1,12,481,12481,31,1993,2FTJW35M9PCA,2,F,T,J,W,3,5,M,9,P,C,A,1,T,FORD,F35,CW,93,17,,2,0,1680,COF,D,,,8,444,,,,D,00000,00,A,42,1,0,000000000,00000000000,0,0,0,1,0,0,0,0,0,0,0,45,0,0,0,12,12,6,2,12,0,0,0,1,37,27030,6,1,0,0,3,3,71,999,1,0,0,0,0,1,2011,1,2011,0,0,0,0,0,1,2,55,3,1,2,1,0,0,14,65,1,1,1,79,0,0
37,370501,3,3,1,24,6,16,34,12,6,1,0,37,1,20,481,20481,31,1990,1GCGK24K1LE1,1,G,C,G,K,2,4,K,1,L,E,1,1,T,CHEV,GK2,PK,90,17,,2,1415,1315,GM4,G,,,8,350,,,,C,4348,10,,44,1,0,000000000,00000000000,0,0,0,1,0,0,0,0,0,0,0,45,0,0,0,12,12,6,2,12,0,0,0,1,37,27053,6,1,6,0,3,0,72,999,0,0,0,0,1,5,2011,5,2011,0,0,0,0,0,1,2,55,2,1,2,1,0,0,14,62,1,1,1,98,0,0
37,370502,1,2,1,10,6,3,50,12,1,1,0,37,1,72,706,72706,80,2010,1HD1JN514AB0,1,H,D,1,J,N,5,1,4,A,B,0,0,M,HD,FBL,RS,10,17,,,,,,,1584,,2,,4,731,,,,,,,0,0,000000000,00000000000,0,0,0,1,0,0,0,0,0,0,0,55,0,0,0,12,12,6,2,12,0,0,0,1,37,28173,6,1,0,0,3,0,70,999,1,0,0,1,0,7,2008,9,2008,0,99,99,99,99,2,2,55,1,1,2,1,0,0,1,59,1,1,1,33,1,1
37,370502,2,2,1,10,6,3,50,12,1,1,0,99,9,99,999,99999,99,9999,999999999999,9,9,9,9,9,9,9,9,9,9,9,9,9,,,,,,,,,,,,,,,,,,,,,,,,,0,99,999999999,99999999999,9,99,99,1,0,0,0,0,0,0,0,998,0,0,0,6,6,9,1,12,0,0,0,1,99,99999,9,9,99,9,9,9,999,999,99,99,99,99,99,99,9999,99,9999,9,99,99,99,99,2,2,55,1,1,2,1,0,0,99,59,99,9,9,33,0,0
37,370503,1,1,1,15,6,12,59,9,0,1,0,37,2,55,36,55036,4,2009,KMHCN46C99U3,K,M,H,C,N,4,6,C,9,9,U,3,0,P,HYUN,ALS,4D,9,17,2365,,0,984,,G,,F,4,098,,,14R175,,,,,,0,0,000000000,00000000000,0,0,0,1,0,0,0,0,0,0,0,40,0,0,0,12,12,4,3,9,0,0,0,1,37,28103,6,1,0,0,3,0,66,999,0,0,0,0,1,7,2010,7,2010,0,0,0,0,0,2,3,45,1,1,2,1,3,3,1,83,1,1,1,13,0,0
37,370504,1,1,1,26,6,11,29,42,0,1,0,37,3,23,481,23481,31,2008,1GTEC19078E1,1,G,T,E,C,1,9,0,7,8,E,1,0,T,GMC,SC1,4C,8,17,,2,1575,1339,SIE,F,,,8,323,,,,B,4870,03,4,42,0,0,000000000,00000000000,0,0,0,1,0,0,0,0,0,0,0,68,0,0,0,12,12,6,2,42,0,0,0,1,37,28133,6,1,0,0,3,3,70,999,0,0,0,0,0,0,0,0,0,0,28,36,0,0,2,2,55,1,1,2,1,0,0,1,12,1,1,4,6,1,0
37,370505,1,3,1,29,6,15,29,12,1,1,0,37,2,49,40,49040,4,2007,4T1BE46K87U0,4,T,1,B,E,4,6,K,8,7,U,0,0,P,TOYT,CMB,4D,7,17,3108,,0,1093,,G,,F,4,146,,,15R205,,,,,,0,0,000000000,00000000000,0,0,0,1,0,0,0,0,0,0,0,50,0,0,0,12,12,6,2,12,0,0,0,1,37,28211,6,1,0,0,3,0,68,999,0,0,0,0,0,0,0,0,0,1,0,0,0,0,1,2,45,1,1,2,1,0,0,1,52,1,1,1,28,0,0
37,370505,2,3,3,29,6,15,29,12,1,1,0,37,2,35,47,35047,4,2002,1N4AL11D92C2,1,N,4,A,L,1,1,D,9,2,C,2,0,P,NISS,ABS,4D,2,17,2873,,0,1102,,G,,F,4,153,,,16R205,,,,,,0,0,000000000,00000000000,0,0,0,1,0,0,0,0,0,0,0,45,0,0,0,6,3,6,2,12,0,0,0,1,37,28110,6,1,0,0,3,0,72,999,0,1,0,0,1,6,2010,6,2011,0,0,0,0,0,1,2,45,1,1,2,1,0,0,2,53,1,1,1,29,1,0
37,370505,3,3,1,29,6,15,29,12,1,1,0,13,3,12,471,12471,30,2008,1FTYR15E98PA,1,F,T,Y,R,1,5,E,9,8,P,A,0,T,FORD,RNS,PC,8,17,,1,0,1260,RNG,G,,,6,244,,,,B,3606,00,4,44,0,0,000000000,00000000000,0,0,0,1,0,0,0,0,0,0,0,45,0,0,0,12,12,6,2,12,0,0,0,1,37,28472,6,1,0,0,3,3,75,999,0,0,0,0,0,0,0,0,0,0,0,0,0,0,1,2,45,1,1,2,1,0,0,1,62,1,1,1,98,0,0
37,370506,1,2,1,30,6,15,20,12,2,1,0,45,1,73,705,73705,80,2005,JKAZX4J105A0,J,K,A,Z,X,4,J,1,0,5,A,0,0,M,KAWK,ZXJ,RC,5,17,,,,,,,600,,4,,4,377,,,,,,,0,0,000000000,00000000000,0,0,0,1,0,0,0,0,0,0,0,85,0,0,0,12,12,6,2,12,0,0,1,1,37,28104,6,1,0,0,2,0,69,999,0,0,0,0,0,0,0,0,0,0,36,37,0,0,1,2,45,2,2,2,1,0,0,14,10,1,1,1,50,1,0
37,370506,2,2,2,30,6,15,20,12,2,1,0,37,2,20,441,20441,20,1996,1GCDM19W5TB1,1,G,C,D,M,1,9,W,5,T,B,1,0,T,CHEV,AST,EC,96,17,,1,0,1110,AST,G,,,6,262,,,,B,3998,00,,42,0,0,000000000,00000000000,0,0,0,1,0,0,0,0,0,0,0,45,0,0,0,12,12,6,2,12,0,0,0,1,37,28110,6,1,0,0,3,0,66,999,0,0,0,0,1,1,2009,1,2009,0,0,0,0,0,1,2,45,3,2,2,1,0,0,14,62,1,1,1,51,0,0
37,370507,1,1,4,5,6,20,43,34,0,1,0,37,2,7,28,7028,2,2011,2B3CJ4DG1BH5,2,B,3,C,J,4,D,G,1,B,H,5,0,P,DODG,CHL,CP,11,17,3720,,0,1160,,F,,F,6,220,,,18R235,,,,,,0,0,000000000,00000000000,0,0,0,1,0,0,0,0,0,0,0,129,0,1,5,12,13,6,2,42,0,0,0,1,37,27587,6,2,0,0,3,3,70,999,0,0,0,0,0,0,0,0,0,1,28,36,0,0,1,2,55,1,1,2,1,0,0,1,12,1,1,4,6,3,0
37,370508,1,1,3,25,6,13,30,42,0,1,0,37,2,20,37,20037,4,2006,1G1ZS51F76F2,1,G,1,Z,S,5,1,F,7,6,F,2,0,P,CHEV,M/L,4D,6,17,3296,,0,1063,,G,,F,4,134,,,15R205,,,,,,0,0,000000000,00000000000,0,0,0,1,0,0,0,0,0,0,0,73,0,0,0,9,9,6,2,42,0,0,0,1,37,27529,6,1,0,0,3,0,65,999,0,0,0,0,0,0,0,0,0,0,85,0,0,0,3,4,65,1,1,2,1,0,0,17,78,7,1,4,98,1,0
37,370509,1,1,2,28,6,11,4,1,0,1,0,37,2,12,401,12401,14,1993,1FMDU34X5PUA,1,F,M,D,U,3,4,X,5,P,U,A,0,P,FORD,EPR,UT,93,17,3997,,0,1120,,G,,F,6,245,,,15R225,,,,,,0,0,000000000,00000000000,0,0,0,1,0,0,0,0,0,0,0,60,0,1,1,0,98,6,2,1,0,0,0,1,37,27603,1,1,0,0,2,3,61,999,0,2,0,2,1,7,2009,5,2011,1,28,58,0,0,1,2,55,3,2,2,1,0,0,14,13,1,1,1,98,1,0
37,370510,1,1,1,27,6,16,47,42,0,1,0,37,3,98,908,98908,51,2005,YE2CC16B2520,Y,E,2,C,C,1,6,B,2,5,2,0,0,U,,,,5,17,,,,,,,,,,,,,,,,,,,0,57,1721414,571721414,3,21,22,1,0,0,0,0,5,0,0,70,0,0,0,12,12,6,2,42,0,0,0,1,37,27587,6,1,6,1,3,0,79,999,0,0,0,0,0,0,0,0,0,0,0,0,0,0,3,3,65,1,1,2,1,0,0,1,13,1,1,4,1,1,0
37,370511,1,2,1,25,6,21,29,12,2,1,0,37,2,49,51,49051,5,2008,JTDJT9237851,J,T,D,J,T,9,2,3,7,8,5,1,0,P,TOYT,YAR,2H,8,17,2295,,0,969,,G,,F,4,091,,,14R175,,,,,,0,0,000000000,00000000000,0,0,0,1,0,0,0,0,0,0,0,55,0,0,0,12,12,6,2,12,0,0,0,1,37,27851,6,1,0,0,3,0,67,999,0,1,0,0,0,9,2008,9,2008,0,0,0,0,0,1,2,55,1,1,2,1,0,0,1,62,1,1,1,51,1,0
37,370511,2,2,1,25,6,21,29,12,2,1,0,45,2,12,37,12037,4,2009,1FAHP34N09W2,1,F,A,H,P,3,4,N,0,9,W,2,0,P,FORD,FKS,4D,9,17,2623,,0,1029,,G,,F,4,122,,,15R195,,,,,,0,0,000000000,00000000000,0,0,0,1,0,0,0,0,0,0,0,70,0,0,0,12,12,6,2,12,0,0,1,1,45,29485,6,1,6,0,3,0,63,250,0,0,0,0,0,0,0,0,0,1,28,0,0,0,1,2,55,1,1,2,1,0,0,1,10,1,1,1,50,1,1
37,370512,1,1,1,21,6,19,20,42,0,1,0,37,2,12,481,12481,31,1992,1FTEX15N7NKB,1,F,T,E,X,1,5,N,7,N,K,B,0,T,FORD,F15,PC,92,17,,2,1550,1390,COF,G,,,8,302,,,,B,3843,05,A,42,0,0,000000000,00000000000,0,0,0,1,0,0,0,0,0,0,0,55,0,0,0,12,12,6,2,42,0,0,0,1,37,27873,6,1,0,0,3,0,64,999,0,0,0,0,0,0,0,0,0,0,28,0,0,0,1,2,55,2,1,2,1,0,0,14,12,1,1,4,6,1,0
37,370513,1,1,1,10,6,17,15,42,0,1,0,37,3,82,881,82881,66,2000,1FUYDSEB0YLF,1,F,U,Y,D,S,E,B,0,Y,L,F,0,T,FRHT,FLD,TR,0,17,,8,0,0,CON,D,,,6,774,,,,,00000,00,,64,0,57,797039,57797039,3,5,96,1,0,0,0,0,0,0,0,65,0,1,5,1,81,6,2,42,0,0,1,1,37,27028,6,1,6,0,3,3,74,999,0,0,0,2,0,12,2009,12,2010,0,36,0,0,0,3,2,65,1,1,2,1,0,0,1,13,1,1,4,1,1,0