STATE,ST_CASE,VEH_NO,VE_FORMS,NUMOCCS,DAY,MONTH,HOUR,MINUTE,HARM_EV,MAN_COLL,UNITTYPE,HIT_RUN,REG_STAT,OWNER,MAKE,MODEL,MAK_MOD,BODY_TYP,MOD_YEAR,VIN,VIN_1,VIN_2,VIN_3,VIN_4,VIN_5,VIN_6,VIN_7,VIN_8,VIN_9,VIN_10,VIN_11,VIN_12,TOW_VEH,VINTYPE,VINMAKE,VINA_MOD,VIN_BT,VINMODYR,VIN_LNGT,VIN_WGT,WGTCD_TR,WHLBS_LG,WHLBS_SH,SER_TR,FUELCODE,MCYCL_DS,CARBUR,CYLINDER,DISPLACE,MCYCL_CY,MCYCL_WT,TIRE_SZE,TON_RAT,TRK_WT,TRKWTVAR,VIN_REST,WHLDRWHL,J_KNIFE,MCARR_I1,MCARR_I2,MCARR_ID,GVWR,V_CONFIG,CARGO_BT,HAZ_INV,HAZ_PLAC,HAZ_ID,HAZ_CNO,HAZ_REL,BUS_USE,SPEC_USE,EMER_USE,TRAV_SP,UNDERIDE,ROLLOVER,ROLINLOC,IMPACT1,IMPACT2,DEFORMED,TOWED,M_HARM,VEH_SC1,VEH_SC2,FIRE_EXP,DR_PRES,L_STATE,DR_ZIP,L_STATUS,L_TYPE,CDL_STAT,L_ENDORS,L_COMPL,L_RESTRI,DR_HGT,DR_WGT,PREV_ACC,PREV_SUS,PREV_DWI,PREV_SPD,PREV_OTH,FIRST_MO,FIRST_YR,LAST_MO,LAST_YR,SPEEDREL,DR_SF1,DR_SF2,DR_SF3,DR_SF4,VTRAFWAY,VNUM_LAN,VSPD_LIM,VALIGN,VPROFILE,VPAVETYP,VSURCOND,VTRAFCON,VTCONT_F,P_CRASH1,P_CRASH2,P_CRASH3,PCRASH4,PCRASH5,ACC_TYPE,DEATHS,DR_DRINK
37,370514,1,1,1,28,2,11,59,24,0,1,0,45,2,20,421,20421,15,2003,1GNDS13S9324,1,G,N,D,S,1,3,S,9,3,2,4,0,P,CHEV,TRL,UT,3,17,4417,,0,1130,,G,,F,6,256,,,16R245,,,,,,0,0,000000000,00000000000,0,0,0,1,0,0,0,0,0,0,0,65,0,1,1,1,1,6,2,1,0,0,0,1,45,29588,6,1,0,0,3,0,65,170,0,0,0,0,0,0,0,0,0,1,28,0,0,0,3,2,65,1,1,2,1,0,0,1,53,7,1,4,3,1,0
37,370515,1,1,1,9,3,7,18,42,0,1,0,37,1,49,471,49471,30,1993,JT4RN81A6P51,J,T,4,R,N,8,1,A,6,P,5,1,0,T,TOYT,SWS,PK,93,17,,1,0,1033,HTP,G,,,4,144,,,,B,2640,00,A,42,0,0,000000000,00000000000,0,0,0,1,0,0,0,0,0,0,0,35,0,1,5,12,81,6,2,1,0,0,0,1,37,28901,3,1,0,0,7,0,73,999,0,0,0,0,0,0,0,0,0,0,0,0,0,0,1,2,35,1,1,2,2,0,0,1,10,1,1,4,6,1,0
37,370516,1,2,1,30,3,15,27,12,6,1,0,37,1,18,7,18007,2,2000,2G4WY55J6Y11,2,G,4,W,Y,5,5,J,6,Y,1,1,0,P,BUIC,CL2,4D,0,17,3368,,0,1090,,G,,F,6,191,,,15R205,,,,,,0,0,000000000,00000000000,0,0,0,1,0,0,0,0,0,0,0,25,0,0,0,9,61,6,2,12,0,0,0,1,37,28729,3,1,0,0,2,1,68,999,0,0,0,0,0,0,0,0,0,0,38,0,0,0,1,3,50,1,1,2,2,20,3,1,17,1,1,1,89,1,1
37,370516,2,2,1,30,3,15,27,12,6,1,0,37,1,49,401,49401,14,2000,JT3GN87R7Y01,J,T,3,G,N,8,7,R,7,Y,0,1,0,P,TOYT,RUN,UT,0,17,3710,,0,1053,,G,,F,6,206,,,16R265,,,,,,0,0,000000000,00000000000,0,0,0,1,0,0,0,0,0,0,0,45,0,0,0,12,12,6,2,12,0,0,0,1,37,28712,6,1,0,0,3,0,67,999,0,0,0,0,0,0,0,0,0,0,0,0,0,0,1,3,50,1,1,2,2,0,0,1,17,1,1,1,88,0,0
37,370517,1,2,2,12,3,15,0,12,6,1,0,37,2,37,32,37032,2,1992,1HGCB7659NL0,1,H,G,C,B,7,6,5,9,N,L,0,0,P,HOND,ALX,4D,92,17,2504,,0,1071,,G,,F,4,132,,,14R185,,,,,,0,0,000000000,00000000000,0,0,0,1,0,0,0,0,0,0,0,10,0,0,0,1,1,6,2,12,0,0,0,1,37,28677,1,1,0,0,2,0,67,999,0,0,0,0,0,0,0,0,0,0,38,0,0,0,1,2,35,1,1,2,1,0,0,11,15,1,1,1,76,0,0
37,370517,2,2,1,12,3,15,0,12,6,1,0,37,1,37,706,37706,80,1998,1HFSC3401WA1,1,H,F,S,C,3,4,0,1,W,A,1,0,M,HOND,GLC,RS,98,17,,,,,,,1520,,6,,4,682,,,,,,,0,0,000000000,00000000000,0,0,0,1,0,0,0,0,0,0,0,35,0,0,0,12,12,4,3,12,0,0,0,1,37,28677,6,1,0,0,3,0,69,999,0,0,0,0,0,0,0,0,0,0,0,0,0,0,1,2,35,1,1,2,1,0,0,1,70,1,1,1,77,1,0
37,370518,1,1,1,24,3,19,8,35,0,1,0,37,1,7,442,7442,20,2009,2D8HN54199R5,2,D,8,H,N,5,4,1,9,9,R,5,0,P,DODG,CAR,SV,9,17,4483,,0,1212,,G,,F,6,232,,,16R225,,,,,,0,0,000000000,00000000000,0,0,0,1,0,0,0,0,0,0,0,45,0,0,0,12,12,6,2,35,0,0,0,1,37,27302,6,1,0,0,3,8,71,999,1,0,0,0,1,10,2009,3,2011,0,58,28,0,0,1,2,45,1,1,2,1,0,0,1,9,1,1,4,6,1,0
37,370519,1,1,1,23,3,10,26,8,0,1,0,37,1,12,24,12024,6,2007,2FMDK39C07BA,2,F,M,D,K,3,9,C,0,7,B,A,0,P,FORD,EDG,UT,7,17,4073,,0,1112,,G,,F,6,214,,,17R235,,,,,,0,0,000000000,00000000000,0,0,0,1,0,0,0,0,0,0,0,30,0,0,0,2,2,2,1,8,0,0,0,1,37,28328,6,1,0,0,3,1,63,999,1,0,0,0,0,9,2009,9,2009,0,0,0,0,0,1,2,35,1,1,2,1,0,0,1,80,6,1,1,13,0,0
37,370520,1,1,2,22,4,15,27,34,0,1,0,37,1,35,473,35473,31,2006,1N6BA07A96N5,1,N,6,B,A,0,7,A,9,6,N,5,0,T,NISS,TXS,CW,6,17,,2,0,1398,TTN,F,,,8,342,,,,C,4713,00,E,42,0,0,000000000,00000000000,0,0,0,1,0,0,0,0,0,0,0,10,0,0,0,12,62,2,3,34,0,0,0,1,37,28789,6,1,0,0,3,0,69,999,0,0,0,0,1,4,2011,4,2011,0,0,0,0,0,1,2,0,1,2,4,1,0,0,11,9,99,9,4,6,1,0
37,370521,1,2,1,24,4,13,50,12,1,1,0,37,1,72,706,72706,80,2008,1HD1GY4468K3,1,H,D,1,G,Y,4,4,6,8,K,3,0,M,HD,FTB,RS,8,17,,,,,,,1584,,2,,4,703,,,,,,,0,0,000000000,00000000000,0,0,0,1,0,0,0,0,0,0,0,20,0,0,0,12,12,6,2,12,0,0,0,1,37,27577,6,1,0,0,3,0,67,999,0,0,0,0,0,0,0,0,0,0,0,0,0,0,1,2,10,1,1,1,1,0,0,1,50,1,1,1,20,1,0
37,370521,2,2,2,24,4,13,50,12,1,1,0,37,1,20,401,20401,14,1997,1GCCS19X4V81,1,G,C,C,S,1,9,X,4,V,8,1,0,T,CHEV,S14,PC,97,17,,1,0,1229,S,G,,,6,262,,,,B,3246,00,,42,0,0,000000000,00000000000,0,0,0,1,0,0,0,0,0,0,0,0,0,0,0,6,6,4,1,12,0,0,0,1,37,27577,6,1,0,0,3,0,64,999,0,0,0,0,0,0,0,0,0,0,0,0,0,0,1,2,0,1,1,1,1,0,0,5,53,1,1,1,21,0,0
37,370522,1,1,1,26,4,13,3,30,0,1,0,37,3,37,704,37704,80,2006,JH2SC57036M2,J,H,2,S,C,5,7,0,3,6,M,2,0,M,HOND,CBS,RC,6,17,,,,,,,998,,4,,4,388,,,,,,,0,0,000000000,00000000000,0,0,0,1,0,0,0,0,0,0,0,25,0,0,0,12,12,6,2,30,0,0,0,1,37,27332,6,1,6,2,2,9,68,999,0,0,0,0,0,0,0,0,0,1,0,0,0,0,1,2,15,1,1,2,2,0,0,1,11,1,1,5,12,1,0
37,370523,1,1,1,8,4,19,55,53,0,1,1,37,2,49,482,49482,40,2004,5TEGN92NX4Z3,5,T,E,G,N,9,2,N,X,4,Z,3,0,T,TOYT,DCP,CW,4,17,,1,0,1219,TAC,G,,,6,206,,,,B,3475,00,U,42,0,0,000000000,00000000000,0,0,0,1,0,0,0,0,0,0,0,25,0,0,0,99,99,9,9,53,0,0,0,1,37,28105,6,2,0,0,3,3,67,999,0,0,0,0,0,0,0,0,0,0,0,0,0,0,1,2,25,1,1,2,1,0,0,99,11,99,1,4,16,1,0
37,370524,1,1,1,20,6,14,2,9,0,1,0,51,3,82,881,82881,62,2007,1FVACWCSX7HY,1,F,V,A,C,W,C,S,X,7,H,Y,0,T,FRHT,16M,CC,7,17,,6,0,0,FM2,D,,,6,391,,,,,00000,00,,42,0,77,777777777,77777777777,2,1,4,1,0,0,0,0,0,0,0,55,0,0,0,2,81,2,1,9,0,0,0,1,51,20137,6,1,6,1,3,0,70,999,0,0,0,0,0,0,0,0,0,0,0,0,0,0,2,4,55,1,1,2,1,0,0,1,83,6,1,2,13,0,0
37,370525,1,2,1,16,6,16,29,12,6,1,0,37,2,76,706,76706,80,2003,JYARJ06E83A0,J,Y,A,R,J,0,6,E,8,3,A,0,0,M,YAMA,R6L,RC,3,17,,,,,,,599,,4,,4,357,,,,,,,0,0,000000000,00000000000,0,0,0,1,0,0,0,0,0,0,0,85,0,0,0,12,12,6,2,12,0,0,0,1,37,27527,1,1,0,0,2,9,72,999,2,1,0,2,2,5,2009,6,2011,1,36,0,0,0,1,2,45,1,1,2,1,20,2,1,17,1,1,1,86,1,0
37,370525,2,2,1,16,6,16,29,12,6,1,0,37,1,20,16,20016,1,2004,1G1JC12F2473,1,G,1,J,C,1,2,F,2,4,7,3,0,P,CHEV,CAV,CP,4,17,2617,,0,1041,,G,,F,4,134,,,14R195,,,,,,0,0,000000000,00000000000,0,0,0,1,0,0,0,0,0,0,0,10,0,0,0,81,81,6,2,12,0,0,0,1,37,27527,6,1,0,0,3,9,67,999,1,1,0,0,0,11,2008,6,2011,0,0,0,0,0,1,2,45,1,1,2,1,20,2,1,67,6,1,1,87,0,0
37,370526,1,1,1,4,6,18,47,1,0,1,0,37,1,72,706,72706,80,2006,1HD1GP1116K3,1,H,D,1,G,P,1,1,1,6,K,3,0,M,HD,WGI,RS,6,17,,,,,,,1450,,2,,4,0000,,,,,,,0,0,000000000,00000000000,0,0,0,1,0,0,0,0,0,0,0,25,0,0,0,0,81,4,3,1,0,0,0,1,37,28752,6,1,0,0,3,0,72,999,0,0,0,0,0,0,0,0,0,0,0,0,0,0,1,4,20,1,2,2,1,0,0,1,10,1,4,2,98,1,1
37,370527,1,1,4,28,6,21,20,24,0,1,0,37,1,14,37,14037,4,1998,1MELM66L3WK6,1,M,E,L,M,6,6,L,3,W,K,6,0,P,MERC,MLE,4D,98,17,0,,0,1065,,G,,F,6,155,,,15R205,,,,,,0,0,000000000,00000000000,0,0,0,1,0,0,0,0,0,0,0,45,0,0,0,1,81,6,2,24,0,0,0,1,37,28034,6,1,0,0,3,9,65,999,1,1,1,0,0,5,2010,6,2011,0,40,0,0,0,3,2,45,1,1,2,2,21,3,1,11,1,2,5,2,1,0
37,370528,1,1,1,19,6,2,57,8,0,1,0,37,1,12,481,12481,39,2010,1FTEX1C89AFD,1,F,T,E,X,1,C,8,9,A,F,D,0,T,FORD,F15,4C,10,17,,2,1630,1330,COF,G,,,8,281,,,,B,5137,00,7,42,0,0,000000000,00000000000,0,0,0,1,0,0,0,0,0,0,0,45,0,0,0,14,14,0,1,8,0,0,0,1,37,27892,6,1,0,0,3,0,67,999,0,0,0,0,0,0,0,0,0,0,0,0,0,0,1,5,45,1,1,2,1,0,0,1,80,1,1,1,13,0,0
37,370529,1,1,2,1,6,17,41,42,0,1,0,51,2,20,16,20016,4,2001,1G1JF12T3172,1,G,1,J,F,1,2,T,3,1,7,2,0,P,CHEV,CZ2,CP,1,17,2749,,0,1041,,G,,F,4,146,,,16R205,,,,,,0,0,000000000,00000000000,0,0,0,1,0,0,0,0,0,0,0,65,0,0,0,81,0,6,2,42,0,0,0,1,37,27406,6,1,0,0,3,0,65,999,0,0,0,1,0,3,2011,3,2011,0,28,58,0,0,3,4,65,4,1,2,1,0,0,14,8,9,1,4,1,1,0
37,370530,1,2,1,2,6,15,54,12,1,1,0,37,1,51,401,51401,14,2010,YV4992DZ2A20,Y,V,4,9,9,2,D,Z,2,A,2,0,0,P,VOLV,XC6,UT,10,17,4174,,0,1092,,G,,T,6,183,,,18R235,,,,,,0,0,000000000,00000000000,0,0,0,1,0,0,0,0,0,0,0,55,0,0,0,12,12,6,2,12,0,0,0,1,37,28328,6,1,0,0,3,0,74,999,1,1,0,1,0,11,2009,11,2009,0,0,0,0,0,3,4,65,1,1,2,1,0,0,1,51,1,1,1,24,0,0
37,370530,2,2,1,2,6,15,54,12,1,1,0,0,0,53,709,53709,81,2002,KM4CA13A6213,K,M,4,C,A,1,3,A,6,2,1,3,0,M,SUZI,,,2,17,,,,,,,,,,,,,,,,,,,0,0,000000000,00000000000,0,0,0,1,0,0,0,0,0,0,0,30,0,0,0,6,6,9,9,12,0,0,0,1,37,28328,0,0,0,0,1,0,999,999,99,99,99,99,99,99,9999,99,9999,0,0,0,0,0,3,4,65,1,1,2,1,0,0,1,53,1,1,1,25,1,0
37,370531,1,1,1,8,7,0,43,8,0,1,0,37,1,2,404,2404,14,1998,1J4FT68S2WL2,1,J,4,F,T,6,8,S,2,W,L,2,0,T,JEEP,SPC,4W,98,17,,1,0,1014,CHK,G,,,6,242,,,,,3094,00,E,42,0,0,000000000,00000000000,0,0,0,1,0,0,0,0,0,0,0,50,0,0,0,12,12,2,1,8,41,0,0,1,37,27249,6,1,0,0,3,0,64,999,0,0,0,1,0,7,2011,7,2011,0,16,86,0,0,1,2,50,1,1,2,2,0,0,1,80,1,1,1,13,0,1
37,370532,1,2,1,24,7,2,32,12,1,1,0,37,2,12,17,12017,4,2003,1FAFP53U43G2,1,F,A,F,P,5,3,U,4,3,G,2,0,P,FORD,TSE,4D,3,17,3336,,0,1085,,G,,F,6,182,,,16R215,,,,,,0,0,000000000,00000000000,0,0,0,1,0,0,0,0,0,0,0,65,0,0,0,12,12,6,2,12,0,0,0,1,37,27253,6,1,0,0,3,0,69,999,0,0,0,0,0,0,0,0,0,0,86,54,0,0,6,1,65,1,1,2,1,0,0,1,50,1,1,1,24,0,1
37,370532,2,2,2,24,7,2,32,12,1,1,0,37,2,12,442,12442,20,1998,2FMDA5140WBB,2,F,M,D,A,5,1,4,0,W,B,B,0,T,FORD,WWG,ES,98,17,,1,0,1207,WIN,G,,,6,232,,,,B,3762,02,F,42,0,0,000000000,00000000000,0,0,0,1,0,0,0,0,0,0,0,5,0,0,0,6,6,6,2,12,33,0,0,1,37,27215,6,1,0,0,3,0,77,999,0,1,0,1,0,3,2011,7,2011,0,0,0,0,0,6,1,65,1,1,2,1,0,0,2,53,1,1,1,25,0,0
37,370533,1,1,1,31,7,20,58,9,0,1,1,37,1,38,402,38402,14,1991,4S2CG58Z0M43,4,S,2,C,G,5,8,Z,0,M,4,3,0,P,ISU,ROD,UT,91,17,3490,,0,1085,,G,,F,6,192,,,000000,,,,,,0,0,000000000,00000000000,0,0,0,1,0,0,0,0,0,0,0,35,0,0,0,12,12,2,1,9,0,0,0,1,37,27429,6,1,0,0,3,0,76,999,1,1,0,0,0,5,2011,7,2011,0,86,0,0,0,1,2,35,1,1,2,1,0,0,1,83,1,1,1,13,0,0
37,370534,1,2,3,20,7,14,6,12,6,1,0,37,2,48,31,48031,6,1989,JF2AN52B9KD4,J,F,2,A,N,5,2,B,9,K,D,4,0,P,SUBA,DL4,SW,89,17,2545,,0,969,,G,,F,4,108,,,000000,,,,,,0,0,000000000,00000000000,0,0,0,1,0,0,0,0,0,0,0,15,0,0,0,82,82,6,2,12,0,0,0,1,37,28675,6,1,0,0,3,0,68,999,0,0,0,0,0,0,0,0,0,0,0,0,0,0,1,2,45,1,2,2,1,0,0,11,10,1,1,2,68,0,0
37,370534,2,2,1,20,7,14,6,12,6,1,0,95,1,34,705,34705,80,2001,WB10172A912H,W,B,1,0,1,7,2,A,9,1,2,H,0,M,BMW,FGC,T,1,17,,,,,,,650,,1,,4,421,,,,,,,0,0,000000000,00000000000,0,0,0,1,0,0,0,0,0,0,0,45,0,0,0,12,12,6,2,12,0,0,0,1,95,0,9,9,99,9,9,9,999,999,99,99,99,99,99,99,9999,99,9999,0,0,0,0,0,1,2,45,1,2,2,1,0,0,1,55,1,1,1,69,1,1
37,370535,1,2,1,29,7,16,55,12,6,1,0,45,1,35,43,35043,4,1995,1N4AB41D8SC7,1,N,4,A,B,4,1,D,8,S,C,7,0,P,NISS,XGU,4D,95,17,2324,,0,998,,G,,F,4,097,,,13R155,,,,,,0,0,000000000,00000000000,0,0,0,1,0,0,0,0,0,0,0,15,0,0,0,9,9,6,2,12,0,0,0,1,45,29526,6,1,0,0,3,0,66,130,0,0,0,0,0,0,0,0,0,0,38,0,0,0,2,4,55,1,2,2,1,4,3,11,15,1,1,1,82,1,0
37,370535,2,2,2,29,7,16,55,12,6,1,0,47,2,12,471,12471,30,1999,1FTYR14V9XPB,1,F,T,Y,R,1,4,V,9,X,P,B,0,T,FORD,RNS,PC,99,17,,1,0,1257,RNG,F,,,6,182,,,,B,00000,00,U,42,0,0,000000000,00000000000,0,0,0,1,0,0,0,0,0,0,0,45,0,0,0,12,12,6,2,12,0,0,0,1,37,28016,6,1,0,0,3,0,63,999,0,0,0,0,0,0,0,0,0,0,0,0,0,0,2,4,55,1,2,2,1,0,0,1,54,1,1,1,83,0,0
37,370536,1,1,2,30,7,18,11,35,0,1,0,37,2,35,39,35039,4,1997,JN1CA21D5VT8,J,N,1,C,A,2,1,D,5,V,T,8,0,P,NISS,MGS,4D,97,17,2886,,0,1063,,G,,F,6,182,,,15R205,,,,,,0,0,000000000,00000000000,0,0,0,1,0,0,0,0,0,0,0,55,0,1,5,12,1,6,2,1,0,0,0,1,37,28102,0,0,0,0,0,0,57,999,0,0,0,0,0,0,0,0,0,0,28,58,92,0,1,2,55,1,2,2,1,0,0,1,12,1,1,4,6,1,0
37,370537,1,1,1,8,7,7,40,9,0,1,0,37,2,48,34,48034,4,2011,4S3BMBK6XB32,4,S,3,B,M,B,K,6,X,B,3,2,0,P,SUBA,25L,4D,11,17,3451,,0,1083,,G,,F,4,150,,,17R215,,,,,,0,0,000000000,00000000000,0,0,0,1,0,0,0,0,0,0,0,30,0,0,0,12,12,2,9,9,0,0,0,1,37,28657,6,1,0,0,3,0,67,999,0,0,0,0,0,0,0,0,0,0,0,0,0,0,1,2,55,3,2,2,1,0,0,14,80,1,1,1,13,0,0
37,370538,1,1,1,8,7,0,35,8,0,1,0,37,2,22,20,22020,4,2001,1G2WP52K71F1,1,G,2,W,P,5,2,K,7,1,F,1,0,P,PONT,GPG,4D,1,17,3496,,0,1105,,G,,F,6,231,,,16R225,,,,,,0,0,000000000,00000000000,0,0,0,1,0,0,0,0,0,0,0,55,0,0,0,12,12,6,2,8,0,0,0,1,37,27892,6,1,0,0,3,0,71,999,1,0,0,0,0,1,2010,1,2010,0,0,0,0,0,3,4,55,1,1,2,2,0,0,1,80,1,1,1,13,0,0
37,370539,1,1,2,23,7,13,59,34,0,1,0,37,1,20,36,20036,2,1998,2G1WX12K3W92,2,G,1,W,X,1,2,K,3,W,9,2,0,P,CHEV,MZ3,CP,98,17,3452,,0,1075,,G,,F,6,231,,,16R225,,,,,,0,0,000000000,00000000000,0,0,0,1,0,0,0,0,0,0,0,65,0,1,5,12,0,4,9,1,0,0,0,1,37,28320,6,1,0,0,3,0,70,999,1,0,0,0,0,9,2009,9,2009,1,28,36,58,0,1,2,55,3,1,2,1,0,0,14,6,1,1,4,1,2,0
37,370540,1,1,1,23,7,21,19,34,0,1,0,37,1,12,481,12481,31,1976,F10GNB51720,F,1,0,G,N,B,5,1,7,2,0,,0,T,FORD,F10,PK,76,11,,1,1665,1170,COF,G,,,8,302,,,,B,3485,05,,42,0,0,000000000,00000000000,0,0,0,1,0,0,0,0,0,0,0,55,0,1,5,9,9,6,2,34,0,0,0,1,37,28337,6,1,0,0,3,2,71,999,0,3,0,0,1,1,2009,2,2011,0,28,58,74,0,1,2,55,2,1,2,1,0,0,14,13,1,1,4,1,1,1
37,370541,1,2,1,18,7,20,13,12,2,1,0,0,0,98,709,98709,81,2007,000000000000,0,0,0,0,0,0,0,0,0,0,0,0,0,,,,,,,,,,,,,,,,,,,,,,,,,0,0,000000000,00000000000,0,0,0,1,0,0,0,0,0,0,0,20,0,0,0,12,12,6,2,12,0,0,0,1,21,40962,6,1,0,0,1,0,65,235,0,0,0,0,0,0,0,0,0,0,28,0,0,0,2,3,45,1,1,2,1,0,0,1,10,1,1,2,50,1,0
37,370541,2,2,1,18,7,20,13,12,2,1,0,37,1,48,45,48045,6,2011,4S4BRBKC7B33,4,S,4,B,R,B,K,C,7,B,3,3,0,P,SUBA,O2L,SW,11,17,3564,,0,1079,,G,,F,4,150,,,17R225,,,,,,0,0,000000000,00000000000,0,0,0,1,0,0,0,0,0,0,0,30,0,0,0,12,12,6,2,12,0,0,0,1,37,28465,6,1,0,0,3,3,69,999,1,0,0,0,0,7,2010,7,2010,0,0,0,0,0,2,3,45,1,1,2,1,0,0,1,62,1,1,1,51,0,0
37,370542,1,3,2,10,7,2,29,12,7,1,0,37,1,12,3,12003,2,2003,1FAFP42X23F3,1,F,A,F,P,4,2,X,2,3,F,3,0,P,FORD,MGT,CP,3,17,3114,,0,1013,,G,,F,8,281,,,17R245,,,,,,0,0,000000000,00000000000,0,0,0,1,0,0,0,0,0,0,0,999,0,0,0,10,10,6,2,12,0,0,1,1,37,28753,6,1,0,0,3,0,74,999,0,0,0,1,1,1,2009,7,2009,1,36,0,0,0,3,2,50,1,2,1,1,0,0,16,10,1,1,2,45,0,0
37,370542,2,3,1,10,7,2,29,12,7,1,0,37,1,48,38,48038,4,2004,JF1GD70634L5,J,F,1,G,D,7,0,6,3,4,L,5,0,P,SUBA,IWS,4D,4,17,3263,,0,1000,,G,,T,4,152,,,17R225,,,,,,0,0,000000000,00000000000,0,0,0,1,0,0,0,0,0,0,0,999,0,0,0,3,3,6,2,12,0,0,0,1,37,28716,6,1,0,0,3,3,65,999,0,0,0,0,0,0,0,0,0,1,36,0,0,0,3,2,50,1,2,1,1,0,0,1,60,1,1,1,44,0,1
37,370542,3,3,1,10,7,2,29,12,7,1,0,37,1,2,403,2403,14,2008,1J4FZ24148L5,1,J,4,F,Z,2,4,1,4,8,L,5,0,T,JEEP,WXR,2W,8,17,,1,0,954,WRA,G,,,6,230,,,,,3805,00,4,44,0,0,000000000,00000000000,0,0,0,1,0,0,0,0,0,0,0,999,0,1,5,6,0,6,2,1,0,0,0,1,37,28806,6,1,0,0,3,0,70,999,0,0,0,0,0,0,0,0,0,0,0,0,0,0,3,2,50,1,2,1,1,0,0,1,53,1,1,1,98,1,0
37,370543,1,2,1,6,7,10,44,12,8,1,0,13,1,72,706,72706,80,2001,1HD1GDV101Y3,1,H,D,1,G,D,V,1,0,1,Y,3,0,M,HD,FDL,RS,1,17,,,,,,,1450,,2,,4,614,,,,,,,0,0,000000000,00000000000,0,0,0,1,0,0,0,0,0,0,0,45,0,0,0,9,9,6,2,12,0,0,0,1,13,30062,6,1,0,0,3,0,69,250,98,0,0,0,0,0,0,0,0,0,28,0,0,0,1,2,55,2,2,2,1,0,0,14,10,1,1,2,66,1,0
37,370543,2,2,1,6,7,10,44,12,8,1,0,37,3,20,23,20023,6,2007,3GNDA23P47S5,3,G,N,D,A,2,3,P,4,7,S,5,0,P,CHEV,HHR,UT,7,17,3155,,0,1035,,G,,F,4,146,,,16R215,,,,,,0,0,000000000,00000000000,0,0,0,1,0,0,0,0,0,0,0,50,0,0,0,10,10,4,9,12,0,0,0,1,37,28602,6,1,6,0,3,1,72,999,0,0,0,0,0,0,0,0,0,0,0,0,0,0,1,2,55,3,2,2,1,0,0,14,62,1,1,1,66,0,0
37,370544,1,1,1,7,7,22,40,42,0,1,0,37,3,63,441,63441,20,2004,KNDUP1318465,K,N,D,U,P,1,3,1,8,4,6,5,0,P,KIA,SED,SV,4,17,4802,,0,1145,,G,,F,6,213,,,15R215,,,,,,0,0,000000000,00000000000,0,0,0,1,0,0,0,0,0,0,0,55,0,0,0,12,12,6,2,42,0,0,0,1,37,28027,6,1,0,0,3,3,74,999,2,0,0,0,1,4,2010,2,2011,1,36,0,0,0,1,2,45,3,2,2,2,0,0,14,6,1,1,4,1,1,0
37,370545,1,1,1,15,7,13,1,35,0,1,0,37,1,23,431,23431,16,1993,1GKFK16K5PJ7,1,G,K,F,K,1,6,K,5,P,J,7,0,T,GMC,KSU,4W,93,17,,2,0,1315,K15,G,,,8,350,,,,B,00000,00,A,44,0,0,000000000,00000000000,0,0,0,1,0,0,0,0,0,0,0,60,0,0,0,11,4,2,9,8,0,0,0,1,37,28147,6,1,0,0,3,0,73,999,1,1,0,0,1,7,2009,4,2011,1,36,0,0,0,3,4,65,1,1,2,2,0,0,1,12,1,1,4,6,0,0
37,370546,1,1,1,26,7,21,18,18,0,1,0,37,1,23,401,23401,14,2001,1GKCS18W41K1,1,G,K,C,S,1,8,W,4,1,K,1,0,T,GMC,JMY,2W,1,17,,1,0,1005,JMY,G,,,6,262,,,,B,3699,00,E,42,0,0,000000000,00000000000,0,0,0,1,0,0,0,0,0,0,0,45,0,0,0,12,12,6,2,18,0,0,0,1,37,28027,6,1,0,0,3,0,75,999,1,0,0,0,1,10,2008,6,2011,0,0,0,0,0,1,2,45,1,2,2,1,0,0,1,90,1,1,1,15,1,0
37,370547,1,2,1,1,7,17,30,12,6,1,0,37,3,86,881,86881,66,1998,1M1AA08X9WW0,1,M,1,A,A,0,8,X,9,W,W,0,1,T,MACK,CH6,TR,98,17,,7,0,0,600,D,,,6,728,,,,,00000,00,,42,1,37,2201969,372201969,3,6,3,1,0,0,0,0,0,0,0,45,0,0,0,12,12,4,9,12,0,0,0,1,37,28645,6,1,6,0,3,0,72,999,0,1,0,0,1,6,2009,9,2009,0,0,0,0,0,1,4,50,1,1,2,1,0,0,1,54,9,2,1,66,0,0
37,370547,2,2,1,1,7,17,30,12,6,1,0,92,0,98,998,98998,97,9999,000000000000,0,0,0,0,0,0,0,0,0,0,0,0,0,,,,,,,,,,,,,,,,,,,,,,,,,0,0,000000000,00000000000,0,0,0,1,0,0,0,0,0,0,0,999,0,0,0,4,4,9,9,12,0,0,0,1,37,28645,1,1,0,0,1,0,72,999,0,0,0,0,0,0,0,0,0,0,38,0,0,0,1,2,50,1,1,2,1,0,0,2,18,1,1,1,66,1,1
37,370548,1,1,1,9,7,1,5,8,0,1,0,37,1,20,481,20481,31,2004,1GCEK14T24Z1,1,G,C,E,K,1,4,T,2,4,Z,1,0,T,CHEV,SK1,PK,4,17,,2,1330,1190,SIL,G,,,8,325,,,,B,4436,00,,44,0,0,000000000,00000000000,0,0,0,1,0,0,0,0,0,0,0,45,0,0,0,12,12,4,9,8,0,0,0,1,37,28539,6,1,0,0,3,0,69,999,1,0,0,1,1,3,2009,5,2011,0,0,0,0,0,1,5,45,1,1,2,2,0,0,1,80,1,1,1,13,0,0