STATE,ST_CASE,VEH_NO,VE_FORMS,NUMOCCS,DAY,MONTH,HOUR,MINUTE,HARM_EV,MAN_COLL,UNITTYPE,HIT_RUN,REG_STAT,OWNER,MAKE,MODEL,MAK_MOD,BODY_TYP,MOD_YEAR,VIN,VIN_1,VIN_2,VIN_3,VIN_4,VIN_5,VIN_6,VIN_7,VIN_8,VIN_9,VIN_10,VIN_11,VIN_12,TOW_VEH,VINTYPE,VINMAKE,VINA_MOD,VIN_BT,VINMODYR,VIN_LNGT,VIN_WGT,WGTCD_TR,WHLBS_LG,WHLBS_SH,SER_TR,FUELCODE,MCYCL_DS,CARBUR,CYLINDER,DISPLACE,MCYCL_CY,MCYCL_WT,TIRE_SZE,TON_RAT,TRK_WT,TRKWTVAR,VIN_REST,WHLDRWHL,J_KNIFE,MCARR_I1,MCARR_I2,MCARR_ID,GVWR,V_CONFIG,CARGO_BT,HAZ_INV,HAZ_PLAC,HAZ_ID,HAZ_CNO,HAZ_REL,BUS_USE,SPEC_USE,EMER_USE,TRAV_SP,UNDERIDE,ROLLOVER,ROLINLOC,IMPACT1,IMPACT2,DEFORMED,TOWED,M_HARM,VEH_SC1,VEH_SC2,FIRE_EXP,DR_PRES,L_STATE,DR_ZIP,L_STATUS,L_TYPE,CDL_STAT,L_ENDORS,L_COMPL,L_RESTRI,DR_HGT,DR_WGT,PREV_ACC,PREV_SUS,PREV_DWI,PREV_SPD,PREV_OTH,FIRST_MO,FIRST_YR,LAST_MO,LAST_YR,SPEEDREL,DR_SF1,DR_SF2,DR_SF3,DR_SF4,VTRAFWAY,VNUM_LAN,VSPD_LIM,VALIGN,VPROFILE,VPAVETYP,VSURCOND,VTRAFCON,VTCONT_F,P_CRASH1,P_CRASH2,P_CRASH3,PCRASH4,PCRASH5,ACC_TYPE,DEATHS,DR_DRINK
37,370549,1,2,2,7,7,10,11,12,6,1,0,37,2,7,442,7442,20,2008,1D8HN44H58B1,1,D,8,H,N,4,4,H,5,8,B,1,0,T,DODG,GCS,ES,8,17,,2,0,1212,CAR,F,,,6,201,,,,,4321,00,7,42,0,0,000000000,00000000000,0,0,0,1,0,0,0,0,0,0,0,15,0,0,0,3,3,6,2,12,0,0,0,1,37,27379,0,0,0,0,0,0,72,999,0,0,0,0,0,0,0,0,0,0,38,0,0,0,1,2,55,1,2,2,1,0,0,11,15,1,1,2,68,1,0
37,370549,2,2,1,7,7,10,11,12,6,1,0,51,3,12,881,12881,61,1999,1FDWF36F9XEE,1,F,D,W,F,3,6,F,9,X,E,E,0,T,FORD,F3D,CB,99,17,,3,1650,1410,DRW,D,,,8,444,,,,D,00000,00,E,42,0,88,888888888,88888888888,2,1,97,1,0,0,0,0,0,0,0,55,0,0,0,12,12,6,2,12,0,0,0,1,51,24594,6,1,0,0,3,0,70,210,0,0,0,0,1,3,2010,3,2010,0,0,0,0,0,1,2,55,1,2,2,1,0,0,1,54,1,1,1,69,0,0
37,370550,1,1,1,24,7,5,30,35,0,1,0,37,1,37,705,37705,80,2006,JH2PC370X6M3,J,H,2,P,C,3,7,0,X,6,M,3,0,M,HOND,B60,RC,6,17,,,,,,,599,,4,,4,361,,,,,,,0,0,000000000,00000000000,0,0,0,1,0,0,0,0,0,0,0,100,0,0,0,12,12,6,2,35,0,0,0,1,37,28612,6,1,0,0,3,3,67,999,0,1,0,0,2,2,2009,11,2009,1,36,39,0,0,1,2,55,1,1,2,1,20,3,1,6,1,1,4,1,1,1
37,370551,1,2,1,2,7,15,58,12,6,1,0,37,1,22,20,22020,4,2000,1G2WJ52K8YF2,1,G,2,W,J,5,2,K,8,Y,F,2,0,P,PONT,GFS,4D,0,17,3373,,0,1105,,G,,F,6,231,,,15R205,,,,,,0,0,000000000,00000000000,0,0,0,1,0,0,0,0,0,0,0,10,0,0,0,9,9,6,2,12,0,0,0,1,37,28602,6,1,0,0,3,0,66,999,0,0,0,0,0,0,0,0,0,0,0,0,0,0,2,4,45,1,1,2,1,3,3,1,17,1,1,1,89,0,0
37,370551,2,2,2,2,7,15,58,12,6,1,0,12,1,59,31,59031,4,2001,JT8BF28G2151,J,T,8,B,F,2,8,G,2,1,5,1,0,P,LEXS,ES3,4D,1,17,3373,,0,1051,,G,,F,6,183,,,15R205,,,,,,0,0,000000000,00000000000,0,0,0,1,0,0,0,0,0,0,0,40,0,0,0,12,12,6,2,12,0,0,0,1,12,32817,6,1,0,0,3,3,71,999,0,0,0,0,0,0,0,0,0,0,39,0,0,0,2,4,45,1,1,2,1,3,3,1,17,1,1,1,88,1,0
37,370552,1,2,1,15,7,7,34,12,6,1,0,37,1,12,17,12017,4,2005,1FAFP53225A1,1,F,A,F,P,5,3,2,2,5,A,1,0,P,FORD,TSE,4D,5,17,3306,,0,1085,,F,,F,6,182,,,16R215,,,,,,0,0,000000000,00000000000,0,0,0,1,0,0,0,0,0,0,0,45,0,0,0,12,12,6,2,12,0,0,1,1,37,28092,6,1,0,0,3,0,63,999,0,0,0,0,0,0,0,0,0,0,0,0,0,0,1,2,45,4,2,2,1,0,0,14,62,1,1,1,65,0,0
37,370552,2,2,1,15,7,7,34,12,6,1,0,37,1,48,34,48034,6,2001,4S3BH8069176,4,S,3,B,H,8,0,6,9,1,7,6,0,P,SUBA,ULB,SW,1,17,3715,,0,1043,,G,,F,6,183,,,16R225,,,,,,0,0,000000000,00000000000,0,0,0,1,0,0,0,0,0,0,0,70,0,0,0,3,3,6,2,12,0,0,1,1,37,28602,6,1,0,0,3,3,68,999,0,0,0,1,1,1,2010,10,2010,1,28,36,58,0,1,2,45,4,2,2,1,0,0,14,6,1,1,2,64,1,1
37,370553,1,1,1,25,7,10,40,42,0,1,0,37,3,19,3,19003,4,1996,1G6DW52P6TR7,1,G,6,D,W,5,2,P,6,T,R,7,0,P,CADI,FLB,4D,96,17,4324,,0,1215,,G,,F,8,350,,,15R235,,,,,,0,0,000000000,00000000000,0,0,0,1,0,0,0,0,0,0,0,30,0,0,0,12,12,6,2,42,0,0,0,1,37,27208,6,1,0,0,3,3,70,999,0,0,0,0,0,0,0,0,0,0,99,99,99,99,1,2,35,1,1,2,1,0,0,1,12,1,1,4,6,1,0
37,370554,1,2,3,6,7,20,30,12,6,1,0,12,1,22,16,22016,2,2002,1G2JB1241272,1,G,2,J,B,1,2,4,1,2,7,2,0,P,PONT,SFS,CP,2,17,2606,,0,1041,,G,,F,4,133,,,14R195,,,,,,0,0,000000000,00000000000,0,0,0,1,0,0,0,0,0,0,0,70,0,0,0,11,11,6,2,12,0,0,0,1,12,34761,6,1,0,0,3,0,66,999,0,0,0,0,0,0,0,0,0,1,26,0,0,0,1,2,55,3,4,2,1,0,0,14,6,1,1,4,48,0,1
37,370554,2,2,1,6,7,20,30,12,6,1,0,92,0,98,998,98998,97,9999,000000000000,0,0,0,0,0,0,0,0,0,0,0,0,0,,,,,,,,,,,,,,,,,,,,,,,,,0,0,000000000,00000000000,0,0,0,1,0,0,0,0,0,0,0,5,0,0,0,1,1,6,2,12,0,0,0,1,37,28906,1,1,0,0,1,0,71,999,0,0,0,0,0,0,0,0,0,0,0,0,0,0,1,2,55,3,4,2,1,0,0,98,98,1,1,5,48,1,0
37,370555,1,1,2,10,7,1,4,34,0,1,0,37,2,12,401,12401,14,1999,1FMZU34X9XUB,1,F,M,Z,U,3,4,X,9,X,U,B,0,P,FORD,EPR,UT,99,17,4128,,0,1116,,G,,F,6,245,,,15R225,,,,,,0,0,000000000,00000000000,0,0,0,1,0,0,0,0,0,0,0,45,0,0,0,9,9,6,2,42,0,0,0,1,37,28090,1,1,0,0,2,0,68,999,0,0,0,0,0,0,0,0,0,1,36,0,0,0,1,2,35,1,1,2,2,0,0,10,6,1,1,4,1,1,1
37,370556,1,1,2,23,7,17,32,38,0,1,0,37,1,49,50,49050,3,2007,JTKDE1772701,J,T,K,D,E,1,7,7,2,7,0,1,0,P,TOYT,SXC,2H,7,17,2905,,0,1063,,G,,F,4,146,,,17R215,,,,,,0,0,000000000,00000000000,0,0,0,1,0,0,0,0,0,0,0,85,0,1,5,12,0,6,2,1,0,0,0,1,37,28472,6,1,0,0,3,3,64,999,1,0,0,0,0,9,2009,9,2009,1,36,0,0,0,1,2,55,3,1,2,2,0,0,6,54,7,1,4,1,1,1
37,370557,1,2,4,16,7,16,9,30,0,1,0,37,1,12,423,12423,15,2005,1FMNU45S05EB,1,F,M,N,U,4,5,S,0,5,E,B,1,P,FORD,EXC,UT,5,17,7725,,0,1371,,G,,F,10,415,,,16R265,,,,,,1,0,000000000,00000000000,0,0,0,1,0,0,0,0,0,0,0,55,0,1,5,2,0,6,2,1,0,0,0,1,37,27520,6,1,0,0,3,3,69,999,0,0,0,0,0,0,0,0,0,0,0,0,0,0,2,4,55,1,1,2,1,3,3,1,13,1,1,4,1,2,0
37,370557,2,2,1,16,7,16,9,30,0,1,0,37,2,7,25,7025,5,2007,1B3HB28B17D5,1,B,3,H,B,2,8,B,1,7,D,5,0,P,DODG,CLB,4D,7,17,3000,,0,1037,,G,,F,4,122,,,15R205,,,,,,0,0,000000000,00000000000,0,0,0,1,0,0,0,0,0,0,0,0,0,0,0,12,12,6,2,12,0,0,0,1,37,28532,6,1,0,0,3,0,65,999,0,0,0,0,0,0,0,0,0,0,0,0,0,0,2,4,55,1,1,2,1,3,3,5,63,1,1,1,98,0,0
37,370558,1,2,1,28,7,8,44,12,2,1,0,37,1,12,471,12471,30,1996,1FTCR10U7TUD,1,F,T,C,R,1,0,U,7,T,U,D,0,T,FORD,RNG,PK,96,17,,1,1140,1080,RNG,G,,,6,182,,,,B,2961,00,B,42,0,0,000000000,00000000000,0,0,0,1,0,0,0,0,0,0,0,55,0,0,0,12,12,6,2,12,0,0,0,1,37,28586,6,1,0,0,3,3,70,999,0,0,0,0,0,0,0,0,0,0,0,0,0,0,1,2,55,3,2,2,1,0,0,14,62,1,1,1,51,1,0
37,370558,2,2,1,28,7,8,44,12,2,1,0,37,3,12,481,12481,31,2000,1FTRX17LXYNA,1,F,T,R,X,1,7,L,X,Y,N,A,0,T,FORD,F15,4C,0,17,,2,1571,1385,COF,G,,,8,330,,,,B,4204,05,U,42,0,0,000000000,00000000000,0,0,0,1,0,0,0,0,0,0,0,55,0,0,0,12,12,6,2,12,0,0,0,1,37,28586,6,1,0,0,3,3,67,999,0,0,0,1,0,2,2009,2,2009,0,28,0,0,0,1,2,55,2,2,2,1,0,0,14,10,1,1,2,50,0,0
37,370559,1,2,1,7,7,21,38,12,1,1,1,37,9,37,32,37032,2,2001,1HGCG22521A0,1,H,G,C,G,2,2,5,2,1,A,0,0,P,HOND,UEX,CP,1,17,3283,,0,1051,,G,,F,6,183,,,16R205,,,,,,0,0,000000000,00000000000,0,0,0,1,0,0,0,0,0,0,0,55,0,0,0,12,12,4,1,12,0,0,0,1,99,99999,9,9,99,9,9,9,999,999,99,99,99,99,99,99,9999,99,9999,1,36,0,0,0,1,2,45,1,1,2,1,0,0,1,51,1,1,1,24,0,0
37,370559,2,2,1,7,7,21,38,12,1,1,0,92,0,98,709,98709,81,9999,000000000000,0,0,0,0,0,0,0,0,0,0,0,0,0,,,,,,,,,,,,,,,,,,,,,,,,,0,0,000000000,00000000000,0,0,0,1,0,0,0,0,0,0,0,999,0,0,0,6,6,9,9,12,0,0,0,1,37,28306,1,1,0,0,1,0,69,999,0,0,0,0,0,0,0,0,0,0,0,0,0,0,1,2,45,1,1,2,1,0,0,1,18,1,1,1,25,1,0
37,370560,1,2,1,14,7,20,50,12,1,1,0,34,2,87,881,87881,66,1996,1XP5DB8X8TN4,1,X,P,5,D,B,8,X,8,T,N,4,1,T,PTRB,379,TR,96,17,,8,0,0,CON,D,,,6,893,,,,,00000,00,,64,1,57,1851296,571851296,3,6,1,1,0,0,0,0,0,0,0,70,0,0,0,12,12,2,9,12,0,0,0,1,34,8886,6,1,6,0,3,0,74,999,0,5,0,2,1,8,2008,3,2011,0,0,0,0,0,2,4,70,2,1,2,1,0,0,14,50,1,1,1,20,0,0
37,370560,2,2,1,14,7,20,50,12,1,1,0,37,0,99,709,99709,81,9999,000000000000,0,0,0,0,0,0,0,0,0,0,0,0,0,,,,,,,,,,,,,,,,,,,,,,,,,0,0,000000000,00000000000,0,0,0,1,0,0,0,0,0,0,0,0,0,0,0,6,6,9,9,12,0,0,0,1,37,28306,1,1,0,0,1,0,72,999,0,4,1,0,1,1,2009,11,2010,0,92,0,0,0,2,4,70,2,1,2,1,0,0,5,18,1,1,1,21,1,1
37,370561,1,1,2,31,7,0,32,1,0,1,0,51,2,20,431,20431,16,2001,3GNFK16T41G2,3,G,N,F,K,1,6,T,4,1,G,2,0,P,CHEV,K15,UT,1,17,5123,,0,1300,,G,,F,8,325,,,16R245,,,,,,0,0,000000000,00000000000,0,0,0,1,0,0,0,0,0,0,0,50,0,2,5,0,0,6,2,1,0,0,0,1,51,22309,6,1,0,0,3,0,71,170,0,0,0,0,0,0,0,0,0,0,58,0,0,0,1,5,55,1,1,2,1,0,0,1,13,1,1,4,1,1,0
37,370562,1,1,1,9,7,21,35,8,0,1,0,37,3,14,443,14443,20,1995,4M2DV11W7SDJ,4,M,2,D,V,1,1,W,7,S,D,J,0,P,MERC,VLR,SV,95,17,3870,,0,1122,,G,,F,6,182,,,15R205,,,,,,0,0,000000000,00000000000,0,0,0,1,0,0,0,0,0,1,0,40,0,0,0,11,11,4,1,8,0,0,0,1,37,27953,6,1,0,0,3,0,68,999,2,0,0,2,0,5,2009,6,2010,0,0,0,0,0,2,5,50,1,1,2,1,0,0,3,80,1,1,2,13,0,0
37,370563,1,1,2,2,7,22,54,34,0,1,0,37,1,20,401,20401,14,1987,1GNCT18R6H81,1,G,N,C,T,1,8,R,6,H,8,1,0,P,CHEV,S10,UT,87,17,3074,,0,1005,,G,,F,6,173,,,000000,,,,,,0,0,000000000,00000000000,0,0,0,1,0,0,0,0,0,0,0,55,0,1,5,1,0,6,2,1,0,0,0,1,37,27028,1,1,0,0,2,0,70,999,0,6,0,1,0,8,2010,11,2010,0,58,0,0,0,1,2,55,1,1,2,1,0,0,1,13,1,1,4,1,1,1
37,370564,1,1,2,31,7,17,40,34,0,1,0,37,1,20,481,20481,31,2006,3GCEC14X56G1,3,G,C,E,C,1,4,X,5,6,G,1,0,T,CHEV,SC1,PK,6,17,,2,1330,1190,SIL,G,,,6,262,,,,B,4211,00,,42,0,0,000000000,00000000000,0,0,0,1,0,0,0,0,0,0,0,55,0,1,5,10,0,6,2,1,0,0,0,1,37,28572,6,1,0,0,3,0,76,999,0,0,0,0,0,0,0,0,0,0,58,0,0,0,1,2,55,2,1,2,2,0,0,14,13,1,1,4,1,2,0
37,370565,1,2,1,16,7,13,46,12,6,1,0,37,1,2,404,2404,14,1995,1J4GZ78Y4SC7,1,J,4,G,Z,7,8,Y,4,S,C,7,0,T,JEEP,L/O,4W,95,17,,1,0,1059,GCK,G,,,8,318,,,,,3552,00,M,44,0,0,000000000,00000000000,0,0,0,1,0,0,0,0,0,0,0,0,0,0,0,12,12,6,2,12,0,0,0,1,37,27509,6,1,0,0,3,0,65,999,0,0,0,0,0,0,0,0,0,0,0,0,0,0,1,3,35,2,1,2,1,0,0,5,63,1,1,5,65,0,0
37,370565,2,2,1,16,7,13,46,12,6,1,0,6,1,37,32,37032,4,1992,1HGCB7573NA1,1,H,G,C,B,7,5,7,3,N,A,1,0,P,HOND,AEX,4D,92,17,2987,,0,1071,,G,,F,4,132,,,15R195,,,,,,0,0,000000000,00000000000,0,0,0,1,0,0,0,0,0,0,0,55,0,0,0,4,4,6,2,12,0,0,0,1,37,27514,3,1,0,0,2,0,69,999,0,0,0,0,0,0,0,0,0,0,99,99,99,99,1,3,35,3,1,2,1,0,0,14,11,1,1,4,64,1,0
37,370566,1,1,2,14,7,10,11,24,0,1,0,37,1,20,441,20441,20,1997,1GNDM19W2VB2,1,G,N,D,M,1,9,W,2,V,B,2,0,T,CHEV,AST,ES,97,17,,1,0,1110,AST,G,,,6,262,,,,B,4198,00,,42,0,0,000000000,00000000000,0,0,0,1,0,0,0,0,0,0,0,65,0,1,3,11,11,6,2,1,0,0,0,1,37,27104,6,1,0,0,3,3,67,999,0,0,0,0,1,8,2009,8,2009,0,58,0,0,0,3,4,65,1,2,2,1,0,0,1,12,1,1,4,6,1,0
37,370567,1,1,4,23,7,21,25,15,0,1,1,37,2,6,43,6043,2,2001,1C3EL55U81N6,1,C,3,E,L,5,5,U,8,1,N,6,0,P,CHRY,SLI,CV,1,17,3433,,0,1060,,G,,F,6,167,,,16R205,,,,,,0,0,000000000,00000000000,0,0,0,1,0,0,0,0,0,0,0,45,0,0,0,12,12,4,1,15,0,0,0,1,37,27105,6,1,0,0,3,0,70,999,1,0,0,0,0,7,2010,7,2010,1,36,0,0,0,1,2,35,1,2,2,1,0,0,1,80,1,1,1,13,0,1
37,370568,1,1,1,30,7,3,26,42,0,1,0,37,3,12,16,12016,4,2002,2FAFP71W52X1,2,F,A,F,P,7,1,W,5,2,X,1,0,P,FORD,CVP,4D,2,17,3942,,0,1147,,G,,F,8,281,,,16R225,,,,,,0,0,000000000,00000000000,0,0,0,1,0,0,0,0,0,0,0,999,0,0,0,12,12,6,2,2,0,0,1,1,37,27102,6,1,0,0,3,0,71,999,0,0,0,0,0,0,0,0,0,0,99,99,99,99,2,2,99,1,1,2,1,0,0,1,13,1,1,4,1,1,0
37,370569,1,1,2,26,7,16,37,42,0,1,0,37,2,12,442,12442,20,1998,2FMZA5146WBC,2,F,M,Z,A,5,1,4,6,W,B,C,0,T,FORD,WWG,ES,98,17,,1,0,1207,WIN,G,,,6,232,,,,B,3762,02,F,42,0,0,000000000,00000000000,0,0,0,1,0,0,0,0,0,0,0,60,0,0,0,4,4,6,2,42,0,0,0,1,37,28771,6,1,0,0,3,3,69,999,1,0,0,1,0,3,2009,9,2010,1,36,0,0,0,1,2,55,3,1,2,1,0,0,14,13,1,1,4,1,1,0
37,370570,1,2,1,12,7,7,15,12,2,1,0,37,1,12,37,12037,4,2008,1FAHP34N38W2,1,F,A,H,P,3,4,N,3,8,W,2,0,P,FORD,FSN,4D,8,17,2623,,0,1029,,G,,F,4,122,,,15R195,,,,,,0,0,000000000,00000000000,0,0,0,1,0,0,0,0,0,0,0,55,0,0,0,12,12,6,2,12,0,0,0,1,37,27565,6,1,0,0,3,0,67,999,0,0,0,0,1,11,2008,11,2008,1,28,36,58,0,1,2,50,3,1,2,1,0,0,14,6,1,1,2,50,0,0
37,370570,2,2,1,12,7,7,15,12,2,1,0,37,1,72,706,72706,80,2004,1HD1GNW114K3,1,H,D,1,G,N,W,1,1,4,K,3,0,M,HD,DLI,RS,4,17,,,,,,,1450,,2,,4,623,,,,,,,0,0,000000000,00000000000,0,0,0,1,0,0,0,0,0,0,0,50,0,0,0,12,12,6,2,12,0,0,0,1,37,27565,6,1,0,0,3,3,71,999,0,0,0,0,0,0,0,0,0,0,0,0,0,0,1,2,50,2,1,2,1,0,0,14,62,1,1,1,51,1,0
37,370571,1,2,4,2,7,20,50,12,6,1,0,54,2,20,16,20016,2,2001,1G1JC1249172,1,G,1,J,C,1,2,4,9,1,7,2,0,P,CHEV,CAV,CP,1,17,2617,,0,1041,,G,,F,4,133,,,14R195,,,,,,0,0,000000000,00000000000,0,0,0,1,0,0,0,0,0,0,0,35,0,0,0,3,3,6,2,12,0,0,0,1,37,27370,1,1,0,0,2,0,69,999,0,0,0,0,0,0,0,0,0,0,39,0,0,0,4,3,35,1,1,2,1,3,3,1,17,1,1,1,87,1,0
37,370571,2,2,2,2,7,20,50,12,6,1,0,37,1,12,421,12421,15,1990,1FMEU15NXLLA,1,F,M,E,U,1,5,N,X,L,L,A,0,P,FORD,BRO,UT,90,17,4348,,0,1050,,G,,F,8,302,,,15R235,,,,,,0,0,000000000,00000000000,0,0,0,1,0,0,0,0,0,0,0,30,0,0,0,12,12,6,2,12,0,0,0,1,37,27260,6,1,0,0,3,0,75,999,0,2,0,0,4,7,2008,4,2009,0,0,0,0,0,4,3,35,1,1,2,1,3,3,1,17,1,1,1,86,0,0
37,370572,1,1,1,13,7,20,9,42,0,1,0,37,2,73,706,73706,80,1998,JKAZX2C16WA0,J,K,A,Z,X,2,C,1,6,W,A,0,0,M,KAWK,Z9C,RC,98,17,,,,,,,900,,4,,4,450,,,,,,,0,0,000000000,00000000000,0,0,0,1,0,0,0,0,0,0,0,67,0,0,0,3,3,6,2,42,0,0,0,1,37,27707,1,1,0,0,2,0,71,999,0,8,0,0,6,1,2009,5,2011,1,36,0,0,0,1,2,25,1,2,2,1,0,0,1,6,1,1,4,6,1,0
37,370573,1,2,1,15,7,16,35,12,8,1,0,37,1,73,706,73706,80,1994,JKAZX2B11RA0,J,K,A,Z,X,2,B,1,1,R,A,0,0,M,KAWK,Z9B,RC,94,17,,,,,,,900,,4,,4,450,,,,,,,0,0,000000000,00000000000,0,0,0,1,0,0,0,0,0,0,0,85,0,0,0,9,9,6,2,12,0,0,0,1,37,27260,6,1,0,0,3,0,70,999,0,1,0,0,2,9,2009,2,2010,1,36,0,0,0,1,4,35,1,1,2,1,0,0,1,6,1,1,1,64,1,0
37,370573,2,2,2,15,7,16,35,12,8,1,0,37,1,35,39,35039,4,1996,JN1CA21D8TT7,J,N,1,C,A,2,1,D,8,T,T,7,0,P,NISS,MGS,4D,96,17,2886,,0,1063,,G,,F,6,182,,,15R205,,,,,,0,0,000000000,00000000000,0,0,0,1,0,0,0,0,0,0,0,999,0,0,0,9,9,4,9,12,0,0,0,1,37,27260,6,1,0,0,3,0,63,999,1,0,0,3,0,2,2009,3,2009,0,0,0,0,0,1,4,35,1,1,2,1,0,0,1,15,1,1,1,65,0,0
37,370574,1,1,2,17,7,0,32,24,0,1,0,37,2,12,37,12037,4,2007,1FAFP34N97W2,1,F,A,F,P,3,4,N,9,7,W,2,0,P,FORD,FMS,4D,7,17,2636,,0,1029,,G,,F,4,122,,,15R195,,,,,,0,0,000000000,00000000000,0,0,0,1,0,0,0,0,0,0,0,100,0,1,3,12,12,6,2,24,0,0,0,1,37,27406,1,1,0,0,2,0,71,999,0,3,0,0,2,2,2010,9,2010,1,36,0,0,0,3,6,55,1,1,2,1,0,0,16,6,1,1,4,6,1,1
37,370575,1,1,1,21,7,21,32,9,0,1,1,99,9,99,999,99999,99,9999,999999999999,9,9,9,9,9,9,9,9,9,9,9,9,9,,,,,,,,,,,,,,,,,,,,,,,,,0,99,999999999,99999999999,9,99,99,1,0,0,0,0,99,99,9,999,0,0,0,99,99,9,1,9,0,0,0,1,99,99999,9,9,99,9,9,9,999,999,99,99,99,99,99,99,9999,99,9999,9,99,99,99,99,2,4,55,1,3,2,1,0,0,1,80,1,1,1,13,0,0
37,370576,1,1,1,26,7,22,59,8,0,1,0,37,2,37,32,37032,4,1995,1HGCD5654SA0,1,H,G,C,D,5,6,5,4,S,A,0,0,P,HOND,AEX,4D,95,17,2908,,0,1069,,G,,F,4,132,,,15R195,,,,,,0,0,000000000,00000000000,0,0,0,1,0,0,0,0,0,0,0,40,0,0,0,12,12,6,2,8,0,0,0,1,37,27406,6,1,0,0,3,0,65,999,0,0,0,0,1,9,2008,9,2008,0,0,0,0,0,2,5,40,1,2,2,1,0,0,1,80,1,1,1,13,0,0
37,370577,1,1,2,14,7,17,40,8,0,1,1,37,2,12,35,12035,4,1997,1FALP653XVK1,1,F,A,L,P,6,5,3,X,V,K,1,0,P,FORD,CSG,4D,97,17,0,,0,1065,,G,,F,4,121,,,14R185,,,,,,0,0,000000000,00000000000,0,0,0,1,0,0,0,0,0,0,0,50,0,0,0,12,12,4,1,8,0,0,0,1,37,27839,6,2,0,0,3,1,61,999,0,0,0,0,0,0,0,0,0,1,0,0,0,0,1,2,35,1,1,2,1,0,0,1,80,6,1,2,13,0,0
37,370578,1,1,2,24,7,15,56,18,0,1,0,12,1,13,1,13001,4,2005,1LNHM81W75Y6,1,L,N,H,M,8,1,W,7,5,Y,6,0,P,LINC,SIG,4D,5,17,4359,,0,1177,,G,,F,8,281,,,17R225,,,,,,0,0,000000000,00000000000,0,0,0,1,0,0,0,0,0,0,0,70,0,0,0,4,12,6,2,8,0,0,0,1,12,34476,6,1,0,0,3,3,72,999,0,0,0,0,0,0,0,0,0,0,0,0,0,0,3,4,70,1,2,2,1,0,0,1,90,7,1,2,12,0,0
37,370579,1,1,1,23,7,15,53,53,0,1,0,37,1,14,6,14006,4,2001,2MEFM75W81X6,2,M,E,F,M,7,5,W,8,1,X,6,0,P,MERC,MGL,4D,1,17,3948,,0,1147,,G,,F,8,281,,,16R225,,,,,,0,0,000000000,00000000000,0,0,0,1,0,0,0,0,0,0,0,55,0,1,5,1,0,6,2,1,0,0,0,1,37,27546,6,1,6,0,3,0,74,999,0,0,0,0,0,0,0,0,0,1,36,0,0,0,1,2,55,3,2,2,1,0,0,14,6,1,1,4,1,1,1
37,370580,1,5,2,16,7,14,21,12,1,1,0,45,1,6,43,6043,4,2007,1C3LC56R07N5,1,C,3,L,C,5,6,R,0,7,N,5,0,P,CHRY,STO,4D,7,17,3290,,0,1089,,G,,F,6,167,,,17R215,,,,,,0,0,000000000,00000000000,0,0,0,1,0,0,0,0,0,0,0,65,0,0,0,6,6,4,9,12,0,0,0,1,45,29360,6,1,0,0,3,0,72,210,0,0,0,0,0,0,0,0,0,0,0,0,0,0,3,4,65,1,1,2,1,0,0,2,18,1,1,1,29,0,0
37,370580,2,5,1,16,7,14,21,12,1,1,0,37,2,72,706,72706,80,1984,1HD1AKK22EY0,1,H,D,1,A,K,K,2,2,E,Y,0,0,M,HD,FHS,RS,84,17,,,,,,,1340,,2,,4,999,,,,,,,0,0,000000000,00000000000,0,0,0,1,0,0,0,0,0,0,0,65,0,0,0,12,12,6,2,12,0,0,0,1,37,28739,6,1,0,0,3,0,75,999,0,0,0,0,0,0,0,0,0,1,36,0,0,0,3,4,65,1,1,2,1,0,0,1,52,1,1,1,28,0,0
37,370580,3,5,2,16,7,14,21,12,1,1,0,37,2,72,706,72706,80,2005,1HD1FBW145Y6,1,H,D,1,F,B,W,1,4,5,Y,6,0,M,HD,LRI,RS,5,17,,,,,,,1450,,2,,4,723,,,,,,,0,0,000000000,00000000000,0,0,0,1,0,0,0,0,0,0,0,65,0,0,0,9,9,6,2,12,0,0,0,1,12,34434,6,1,0,0,3,0,67,999,0,0,0,0,0,0,0,0,0,0,0,0,0,0,3,4,65,1,1,2,1,0,0,1,52,2,1,1,98,1,0
37,370580,4,5,1,16,7,14,21,12,1,1,0,37,1,72,706,72706,80,2007,1HD1KB4137Y7,1,H,D,1,K,B,4,1,3,7,Y,7,0,M,HD,FHX,RS,7,17,,,,,,,1584,,2,,4,733,,,,,,,0,0,000000000,00000000000,0,0,0,1,0,0,0,0,0,0,0,65,0,0,0,12,12,6,2,12,0,0,0,1,37,28086,6,1,6,0,3,3,65,999,0,0,0,0,0,0,0,0,0,1,36,0,0,0,3,4,65,1,1,2,1,0,0,1,52,1,1,1,98,0,0
37,370580,5,5,1,16,7,14,21,12,1,1,0,37,1,72,706,72706,80,2010,1HD1FB416AB6,1,H,D,1,F,B,4,1,6,A,B,6,0,M,HD,FHR,RS,10,17,,,,,,,1584,,2,,4,812,,,,,,,0,0,000000000,00000000000,0,0,0,1,0,0,0,0,0,0,0,65,0,0,0,12,12,4,9,12,0,0,0,1,37,28086,6,1,0,0,3,0,69,999,0,0,0,0,0,0,0,0,0,0,0,0,0,0,3,4,65,1,1,2,1,0,0,1,52,2,1,1,98,0,0
37,370581,1,1,3,30,7,2,11,1,0,1,0,37,2,49,402,49402,14,2002,JTEHH20V0260,J,T,E,H,H,2,0,V,0,2,6,0,0,P,TOYT,RV4,UT,2,17,2877,,0,980,,G,,F,4,122,,,16R215,,,,,,0,0,000000000,00000000000,0,0,0,1,0,0,0,0,0,0,0,65,0,2,3,0,9,6,2,24,0,0,0,1,37,28792,6,1,0,0,3,0,68,999,0,0,0,0,0,0,0,0,0,0,91,92,0,0,2,9,65,2,1,2,1,0,0,14,12,1,1,4,6,1,1