STATE,ST_CASE,VEH_NO,VE_FORMS,NUMOCCS,DAY,MONTH,HOUR,MINUTE,HARM_EV,MAN_COLL,UNITTYPE,HIT_RUN,REG_STAT,OWNER,MAKE,MODEL,MAK_MOD,BODY_TYP,MOD_YEAR,VIN,VIN_1,VIN_2,VIN_3,VIN_4,VIN_5,VIN_6,VIN_7,VIN_8,VIN_9,VIN_10,VIN_11,VIN_12,TOW_VEH,VINTYPE,VINMAKE,VINA_MOD,VIN_BT,VINMODYR,VIN_LNGT,VIN_WGT,WGTCD_TR,WHLBS_LG,WHLBS_SH,SER_TR,FUELCODE,MCYCL_DS,CARBUR,CYLINDER,DISPLACE,MCYCL_CY,MCYCL_WT,TIRE_SZE,TON_RAT,TRK_WT,TRKWTVAR,VIN_REST,WHLDRWHL,J_KNIFE,MCARR_I1,MCARR_I2,MCARR_ID,GVWR,V_CONFIG,CARGO_BT,HAZ_INV,HAZ_PLAC,HAZ_ID,HAZ_CNO,HAZ_REL,BUS_USE,SPEC_USE,EMER_USE,TRAV_SP,UNDERIDE,ROLLOVER,ROLINLOC,IMPACT1,IMPACT2,DEFORMED,TOWED,M_HARM,VEH_SC1,VEH_SC2,FIRE_EXP,DR_PRES,L_STATE,DR_ZIP,L_STATUS,L_TYPE,CDL_STAT,L_ENDORS,L_COMPL,L_RESTRI,DR_HGT,DR_WGT,PREV_ACC,PREV_SUS,PREV_DWI,PREV_SPD,PREV_OTH,FIRST_MO,FIRST_YR,LAST_MO,LAST_YR,SPEEDREL,DR_SF1,DR_SF2,DR_SF3,DR_SF4,VTRAFWAY,VNUM_LAN,VSPD_LIM,VALIGN,VPROFILE,VPAVETYP,VSURCOND,VTRAFCON,VTCONT_F,P_CRASH1,P_CRASH2,P_CRASH3,PCRASH4,PCRASH5,ACC_TYPE,DEATHS,DR_DRINK
37,370612,1,1,3,17,7,0,37,32,0,1,0,37,3,12,880,12880,67,2003,1FTWW33F63EB,1,F,T,W,W,3,3,F,6,3,E,B,0,T,FORD,F3D,CW,3,17,,3,1720,1560,DRW,D,,,8,444,,,,D,6635,00,E,44,0,88,888888888,88888888888,2,1,97,1,0,0,0,0,0,0,0,100,0,1,5,12,0,6,2,1,0,0,0,1,37,28513,6,1,0,0,3,0,70,999,2,0,0,1,0,1,2009,11,2009,1,36,0,0,0,1,2,55,2,1,2,1,0,0,14,6,1,1,4,6,1,1
37,370613,1,2,1,20,7,10,19,12,1,1,0,92,0,98,998,98998,92,9999,000000000000,0,0,0,0,0,0,0,0,0,0,0,0,0,,,,,,,,,,,,,,,,,,,,,,,,,0,0,000000000,00000000000,0,0,0,1,0,0,0,0,0,0,0,25,0,0,0,6,6,2,9,12,0,0,0,1,37,27828,1,1,0,0,1,0,74,999,0,0,0,0,0,0,0,0,0,0,99,99,99,99,3,4,70,1,1,2,1,0,0,2,18,1,1,1,25,0,0
37,370613,2,2,1,20,7,10,19,12,1,1,0,37,3,2,404,2404,14,2009,1J8FT28B79D1,1,J,8,F,T,2,8,B,7,9,D,1,0,T,JEEP,SPO,4W,9,17,,1,0,1037,PRT,G,,,4,146,,,,,3108,00,3,42,0,0,000000000,00000000000,0,0,0,1,0,0,0,0,0,0,0,70,0,0,0,12,12,6,2,12,0,0,0,1,37,27834,6,1,0,0,3,3,72,999,0,0,0,0,1,5,2010,5,2010,1,36,0,0,0,3,4,70,1,1,2,1,0,0,1,52,1,1,1,24,1,0
37,370614,1,1,2,13,7,13,3,5,0,1,0,37,2,7,881,7881,61,2008,3D6WH46A48G2,3,D,6,W,H,4,6,A,4,8,G,2,0,T,DODG,S35,CB,8,17,,3,1675,1435,RPC,D,,,6,408,,,,D,00000,00,E,44,0,88,888888888,88888888888,2,1,97,1,0,0,0,0,0,0,0,20,0,0,0,0,0,0,1,5,0,0,0,1,37,28773,6,1,0,0,3,3,75,999,0,0,0,0,0,0,0,0,0,0,0,0,0,0,1,2,25,1,2,2,1,0,0,1,98,1,1,1,0,1,0
37,370615,1,1,1,9,7,23,48,35,0,1,0,37,1,37,32,37032,2,1998,1HGCG2254WA0,1,H,G,C,G,2,2,5,4,W,A,0,0,P,HOND,UEX,CP,98,17,2963,,0,1051,,G,,F,6,183,,,15R205,,,,,,0,0,000000000,00000000000,0,0,0,1,0,0,0,0,0,0,0,65,0,1,5,8,0,6,2,1,0,0,0,1,37,27317,6,1,0,0,3,0,62,999,0,0,0,0,3,9,2008,6,2011,1,36,58,0,0,1,2,55,3,2,2,1,0,0,14,6,1,1,4,6,1,1
37,370616,1,1,1,15,7,21,13,35,0,1,0,37,1,37,706,37706,80,1987,1HFSC1429HA3,1,H,F,S,C,1,4,2,9,H,A,3,0,M,HOND,G2A,RS,87,17,,,,,,,1200,,4,,4,743,,,,,,,0,0,000000000,00000000000,0,0,0,1,0,0,0,0,0,0,0,55,0,0,0,12,0,6,2,1,0,0,0,1,37,27360,6,1,6,0,3,0,73,999,0,0,0,0,1,2,2009,2,2009,1,36,0,0,0,1,2,55,3,2,2,1,0,0,14,6,1,1,4,1,1,1
37,370617,1,1,1,24,7,18,8,32,0,1,0,37,1,72,706,72706,80,2003,1HD1BMY453Y0,1,H,D,1,B,M,Y,4,5,3,Y,0,0,M,HD,FLA,RS,3,17,,,,,,,1450,,2,,4,666,,,,,,,0,0,000000000,00000000000,0,0,0,1,0,0,0,0,0,0,0,55,0,0,0,3,0,6,2,1,0,0,0,1,37,27350,6,1,6,0,3,0,72,999,0,0,0,0,1,7,2009,7,2009,1,36,0,0,0,1,2,55,3,2,2,1,0,0,14,6,1,1,4,1,1,0
37,370618,1,2,2,28,7,16,41,12,6,1,0,37,1,20,471,20471,30,1997,1GCCS19X2VK2,1,G,C,C,S,1,9,X,2,V,K,2,0,T,CHEV,S14,PC,97,17,,1,0,1229,S,G,,,6,262,,,,B,3246,00,,42,0,0,000000000,00000000000,0,0,0,1,0,0,0,0,0,0,0,20,0,0,0,4,4,6,2,12,0,0,0,1,37,27205,6,1,0,0,3,0,74,999,0,0,0,0,0,0,0,0,0,0,0,0,0,0,2,4,55,1,1,2,1,3,3,3,17,1,1,1,87,1,0
37,370618,2,2,1,28,7,16,41,12,6,1,0,37,1,84,881,84881,62,1997,1HTSCAAM5VH4,1,H,T,S,C,A,A,M,5,V,H,4,0,T,INTL,470,CC,97,17,,6,2540,1280,40S,D,,,6,466,,,,,00000,00,,42,0,88,888888888,88888888888,2,1,97,1,0,0,0,0,0,0,0,55,0,0,0,12,12,6,2,12,0,0,0,1,37,27295,6,1,6,9,3,3,71,999,1,0,0,0,0,7,2008,7,2008,1,39,36,0,0,2,4,55,1,1,2,1,3,3,1,17,1,1,1,86,0,0
37,370619,1,1,1,1,7,0,37,8,0,1,1,99,9,99,999,99999,99,9999,999999999999,9,9,9,9,9,9,9,9,9,9,9,9,9,,,,,,,,,,,,,,,,,,,,,,,,,0,0,000000000,00000000000,0,0,0,1,0,0,0,0,0,0,0,998,0,0,0,12,12,4,1,8,0,0,0,1,99,99999,9,9,99,9,9,9,999,999,99,99,99,99,99,99,9999,99,9999,9,0,0,0,0,1,2,55,1,1,2,1,0,0,1,80,1,1,1,13,0,0
37,370620,1,1,2,24,7,4,21,42,0,1,0,37,2,41,50,41050,4,2006,1YVHP80D565M,1,Y,V,H,P,8,0,D,5,6,5,M,0,P,MAZD,M6S,4D,6,17,3320,,0,1053,,G,,F,6,181,,,17R215,,,,,,0,0,000000000,00000000000,0,0,0,1,0,0,0,0,0,0,0,80,0,1,5,1,6,6,2,42,0,0,0,1,37,28360,6,1,0,0,3,0,64,999,0,0,0,0,0,0,0,0,0,1,28,36,0,0,1,2,55,3,1,2,1,0,0,14,12,1,1,4,6,2,0
37,370621,1,1,3,24,7,15,56,1,0,1,0,37,1,53,32,53032,4,2000,JS2GB41S3Y51,J,S,2,G,B,4,1,S,3,Y,5,1,0,P,SUZI,ELS,4D,0,17,2227,,0,976,,G,,F,4,112,,,14R185,,,,,,0,0,000000000,00000000000,0,0,0,1,0,0,0,0,0,0,0,70,0,2,5,0,0,6,2,1,0,0,0,1,37,28377,6,1,0,0,3,0,67,999,0,0,0,0,0,0,0,0,0,0,28,58,0,0,1,2,55,1,1,2,1,0,0,1,12,1,1,4,6,1,1
37,370622,1,1,2,31,7,5,44,34,0,1,0,37,2,23,401,23401,14,2005,1GKDS13S7522,1,G,K,D,S,1,3,S,7,5,2,2,0,T,GMC,ENV,4W,5,17,,1,0,1130,ENV,G,,,6,256,,,,B,4417,00,E,42,0,0,000000000,00000000000,0,0,0,1,0,0,0,0,0,0,0,80,0,1,5,12,13,6,2,1,0,0,0,1,37,28358,6,1,0,0,3,0,62,999,0,0,0,0,0,0,0,0,0,0,58,28,0,0,1,2,55,3,1,2,1,0,0,14,12,1,1,4,6,1,1
37,370623,1,1,1,31,7,17,20,34,0,1,0,37,2,20,421,20421,15,2003,1GNEK13V03J1,1,G,N,E,K,1,3,V,0,3,J,1,0,P,CHEV,KTA,UT,3,17,5050,,0,1160,,G,,F,8,293,,,16R265,,,,,,0,0,000000000,00000000000,0,0,0,1,0,0,0,0,0,0,0,55,0,1,5,12,12,6,2,1,0,0,0,1,45,29567,6,1,0,0,3,3,61,156,0,0,0,0,0,0,0,0,0,0,28,58,0,0,1,2,55,3,1,2,2,0,0,14,13,1,1,4,1,1,0
37,370624,1,1,1,8,7,21,15,8,0,1,0,37,2,35,43,35043,4,1999,3N1AB41D5XL0,3,N,1,A,B,4,1,D,5,X,L,0,0,P,NISS,SXG,4D,99,17,2308,,0,998,,G,,F,4,097,,,13R155,,,,,,0,0,000000000,00000000000,0,0,0,1,0,0,0,0,0,0,0,55,0,0,0,12,12,6,2,8,0,0,0,1,37,28386,6,1,0,0,3,0,71,999,0,2,0,0,0,11,2009,5,2011,0,0,0,0,0,1,2,55,1,1,2,1,0,0,1,80,1,1,1,13,0,0
37,370625,1,2,1,14,7,15,31,12,6,1,0,37,2,20,37,20037,4,2007,1G1ZT57NX7F1,1,G,1,Z,T,5,7,N,X,7,F,1,0,P,CHEV,MLT,4D,7,17,3155,,0,1063,,G,,F,6,214,,,16R215,,,,,,0,0,000000000,00000000000,0,0,0,1,0,0,0,0,0,0,0,50,0,0,0,3,3,6,2,12,0,0,0,1,22,70570,6,1,0,0,3,0,67,258,0,0,0,0,0,0,0,0,0,0,28,0,0,0,1,2,50,1,1,2,1,0,0,1,10,1,1,2,64,1,0
37,370625,2,2,1,14,7,15,31,12,6,1,0,37,1,2,404,2404,14,2002,1J8GW58N62C1,1,J,8,G,W,5,8,N,6,2,C,1,0,T,JEEP,LMT,4W,2,17,,1,0,1059,GCK,G,,,8,287,,,,,3980,01,K,44,0,0,000000000,00000000000,0,0,0,1,0,0,0,0,0,0,0,50,0,0,0,12,12,6,2,12,0,0,0,1,37,27288,6,1,0,0,3,3,71,999,0,0,0,0,0,0,0,0,0,0,0,0,0,0,1,2,50,1,2,2,1,0,0,1,62,1,1,1,65,0,0
37,370626,1,2,1,6,7,7,40,12,8,1,0,37,3,82,881,82881,66,2007,1FUJF0CVX7LZ,1,F,U,J,F,0,C,V,X,7,L,Z,1,T,FRHT,112,TR,7,17,,8,0,0,COL,D,,,6,782,,,,,00000,00,,64,1,57,351602,57351602,3,6,2,2,2,1203,3,1,0,0,0,55,0,0,0,7,7,4,1,12,0,0,0,1,37,28043,6,1,6,1,3,0,71,999,0,0,0,0,1,8,2010,8,2010,0,0,0,0,0,1,2,55,1,1,2,1,0,0,1,62,1,1,1,65,0,0
37,370626,2,2,1,6,7,7,40,12,8,1,0,37,1,23,481,23481,31,1987,1GTER14K4HF7,1,G,T,E,R,1,4,K,4,H,F,7,0,T,GMC,R15,PK,87,17,,2,1315,1175,R15,G,,,8,350,,,,B,3301,06,A,42,0,0,000000000,00000000000,0,0,0,1,0,0,0,0,0,0,0,55,0,0,0,11,11,6,2,12,0,0,0,1,37,28139,6,1,0,0,3,3,72,999,1,0,0,0,0,5,2011,5,2011,0,28,0,0,0,1,2,55,1,1,2,1,0,0,1,10,1,1,2,64,1,0
37,370627,1,2,1,7,7,13,11,12,2,1,0,37,3,20,481,20481,31,2004,1GCEC14X54Z2,1,G,C,E,C,1,4,X,5,4,Z,2,0,T,CHEV,SC1,PK,4,17,,2,1330,1190,SIL,G,,,6,262,,,,B,4142,00,,42,0,0,000000000,00000000000,0,0,0,1,0,0,0,0,0,0,0,55,0,0,0,12,12,6,2,12,0,0,0,1,37,28328,6,1,0,0,3,0,66,999,2,0,0,0,1,11,2008,6,2009,0,28,36,0,0,1,2,55,2,1,2,1,0,0,14,10,1,1,2,50,0,1
37,370627,2,2,1,7,7,13,11,12,2,1,0,37,1,35,471,35471,30,1994,1N6SD11S9RC3,1,N,6,S,D,1,1,S,9,R,C,3,0,T,NISS,XES,PK,94,17,,1,0,1043,TRK,G,,,4,146,,,,B,2790,06,A,42,0,0,000000000,00000000000,0,0,0,1,0,0,0,0,0,0,0,45,0,0,0,12,12,6,2,12,0,0,0,1,37,28399,6,1,0,0,3,3,62,999,0,0,0,1,1,3,2009,7,2010,0,0,0,0,0,1,2,55,3,1,2,1,0,0,14,62,1,1,1,51,1,0
37,370628,1,2,2,22,7,4,33,12,2,1,0,37,2,12,401,12401,14,1995,1FMDU34X5SUA,1,F,M,D,U,3,4,X,5,S,U,A,0,P,FORD,EPR,UT,95,17,4053,,0,1115,,G,,F,6,245,,,15R225,,,,,,0,0,000000000,00000000000,0,0,0,1,0,0,0,0,0,0,0,55,0,1,1,12,12,6,2,12,0,0,0,1,37,28328,6,1,0,0,3,0,69,999,1,0,0,0,2,11,2010,2,2011,0,28,36,0,0,1,2,55,2,1,2,1,0,0,14,10,1,1,2,50,0,0
37,370628,2,2,1,22,7,4,33,12,2,1,0,37,1,20,9,20009,2,1994,2G1FP22P7R21,2,G,1,F,P,2,2,P,7,R,2,1,0,P,CHEV,Z28,CP,94,17,3424,,0,1011,,G,,F,8,350,,,16R235,,,,,,0,0,000000000,00000000000,0,0,0,1,0,0,0,0,0,0,0,40,0,1,5,12,12,6,2,12,0,0,1,1,37,28341,3,1,0,0,2,0,66,999,0,0,0,0,0,0,0,0,0,0,0,0,0,0,1,2,55,3,1,2,1,0,0,14,62,1,1,1,51,1,0
37,370629,1,1,1,5,7,13,23,8,0,1,0,37,1,49,482,49482,31,2006,5TBET34126S5,5,T,B,E,T,3,4,1,2,6,S,5,0,T,TOYT,DBS,CW,6,17,,2,0,1283,TUN,G,,,8,285,,,,B,4765,00,U,42,0,0,000000000,00000000000,0,0,0,1,0,0,0,0,0,0,0,15,0,0,0,6,6,0,1,8,0,0,0,1,37,28001,6,1,6,0,3,3,68,999,0,0,0,0,1,7,2008,7,2008,0,0,0,0,0,1,2,98,4,2,2,1,0,0,13,80,1,1,1,92,0,0
37,370630,1,2,1,4,7,19,58,12,6,1,0,37,1,49,471,49471,30,1994,JT4RN93P9R50,J,T,4,R,N,9,3,P,9,R,5,0,0,T,TOYT,XLX,PC,94,17,,1,0,1219,HTP,G,,,4,144,,,,B,2970,00,A,42,0,0,000000000,00000000000,0,0,0,1,0,0,0,0,0,0,0,5,0,0,0,3,3,6,2,12,0,0,0,1,37,28110,6,1,0,0,3,3,71,999,0,0,0,0,0,0,0,0,0,0,39,0,0,0,1,2,55,1,1,2,2,20,3,3,17,1,1,1,87,1,0
37,370630,2,2,2,4,7,19,58,12,6,1,0,37,2,12,481,12481,31,1999,1FTNX21F5XEC,1,F,T,N,X,2,1,F,5,X,E,C,0,T,FORD,F2S,4C,99,17,,2,1580,1418,SRW,D,,,8,444,,,,C,5635,01,E,44,0,0,000000000,00000000000,0,0,0,1,0,0,0,0,0,0,0,55,0,0,0,12,12,6,2,12,0,0,0,1,37,28103,6,1,0,0,3,0,64,999,0,0,0,0,0,0,0,0,0,0,0,0,0,0,1,2,55,1,1,2,2,0,0,1,66,1,1,1,86,0,0
37,370631,1,5,2,31,7,13,9,54,11,1,0,37,1,72,706,72706,80,2007,1HD1FF4117Y6,1,H,D,1,F,F,4,1,1,7,Y,6,0,M,HD,FHC,RS,7,17,,,,,,,1584,,2,,4,784,,,,,,,0,0,000000000,00000000000,0,0,0,1,0,0,0,0,0,0,0,25,0,0,0,18,18,2,1,54,0,0,0,1,37,28103,6,1,0,0,3,0,70,999,0,0,0,0,0,0,0,0,0,0,87,0,0,0,2,2,45,1,1,2,2,3,3,2,18,1,1,1,98,1,0
37,370631,2,5,1,31,7,13,9,54,11,1,0,37,1,72,706,72706,80,2009,1HD1FF4129Y6,1,H,D,1,F,F,4,1,2,9,Y,6,0,M,HD,FHC,RS,9,17,,,,,,,1584,,2,,4,864,,,,,,,0,0,000000000,00000000000,0,0,0,1,0,0,0,0,0,0,0,25,0,0,0,18,12,2,1,54,0,0,0,1,37,28092,6,1,0,0,3,3,68,999,1,0,0,0,0,7,2010,7,2010,0,0,0,0,0,2,2,45,1,1,2,2,3,3,17,52,7,1,2,98,0,0
37,370631,3,5,2,31,7,13,9,54,11,1,0,37,1,72,706,72706,80,2006,1HD1KBW166Y6,1,H,D,1,K,B,W,1,6,6,Y,6,0,M,HD,FHI,RS,6,17,,,,,,,1450,,2,,4,745,,,,,,,0,0,000000000,00000000000,0,0,0,1,0,0,0,0,0,0,0,25,0,0,0,12,12,6,2,33,0,0,0,1,37,28027,6,1,0,0,3,0,69,999,0,0,0,0,0,0,0,0,0,0,0,0,0,0,2,2,45,1,1,2,2,3,3,17,52,6,1,4,98,0,0
37,370631,4,5,2,31,7,13,9,54,11,1,0,37,1,76,706,76706,80,2001,JYAVP11E51A0,J,Y,A,V,P,1,1,E,5,1,A,0,0,M,YAMA,XVS,RS,1,17,,,,,,,1063,,2,,4,571,,,,,,,0,0,000000000,00000000000,0,0,0,1,0,0,0,0,0,0,0,25,0,0,0,7,7,6,2,12,0,0,0,1,37,28054,6,1,6,0,3,0,66,999,0,0,0,2,0,1,2009,6,2010,0,0,0,0,0,2,2,45,1,1,2,2,3,3,1,52,1,1,1,98,0,0
37,370631,5,5,1,31,7,13,9,54,11,1,0,37,1,72,706,72706,80,2005,1HD1CGP185K4,1,H,D,1,C,G,P,1,8,5,K,4,0,M,HD,20C,RS,5,17,,,,,,,1199,,2,,4,554,,,,,,,0,0,000000000,00000000000,0,0,0,1,0,0,0,0,0,0,0,25,0,0,0,0,0,2,1,1,0,0,0,1,37,28112,6,1,0,0,3,0,65,999,0,0,0,0,0,0,0,0,0,0,0,0,0,0,2,2,45,1,1,2,2,3,3,17,52,98,1,1,98,0,0
37,370632,1,1,1,7,7,20,25,18,0,1,0,37,2,41,45,41045,1,1997,JM1NA353XV07,J,M,1,N,A,3,5,3,X,V,0,7,0,P,MAZD,MIA,CV,97,17,2293,,0,892,,G,,F,4,112,,,14R185,,,,,,0,0,000000000,00000000000,0,0,0,1,0,0,0,0,0,0,0,86,0,2,5,12,61,6,2,1,0,0,0,1,37,27518,6,1,0,0,3,3,69,999,0,1,0,2,0,1,2009,2,2010,1,28,36,58,0,1,2,45,3,1,2,1,98,3,14,13,1,1,4,1,1,1
37,370633,1,1,1,18,7,99,99,1,0,1,0,0,0,98,709,98709,81,2011,000000000000,0,0,0,0,0,0,0,0,0,0,0,0,0,,,,,,,,,,,,,,,,,,,,,,,,,0,0,000000000,00000000000,0,0,0,1,0,0,0,0,0,0,0,36,0,0,0,0,0,2,3,1,0,0,0,1,37,27540,0,0,0,0,0,0,70,999,0,0,0,0,0,0,0,0,0,0,58,0,0,0,1,2,35,3,2,2,1,0,0,14,8,1,2,6,98,1,0
37,370634,1,1,1,26,7,11,45,19,0,1,0,92,0,53,705,53705,80,1997,JS1GR78AXV21,J,S,1,G,R,7,8,A,X,V,2,1,0,M,SUZI,GX7,RC,97,17,,,,,,,748,,4,,4,460,,,,,,,0,0,000000000,00000000000,0,0,0,1,0,0,0,0,0,0,0,43,0,0,0,12,12,6,2,19,0,0,0,1,37,27610,6,1,0,0,2,0,71,999,1,0,0,0,0,9,2008,9,2008,0,36,0,0,0,1,2,35,1,2,2,1,20,3,1,14,1,1,4,14,1,0
37,370635,1,2,1,28,7,5,26,12,2,1,0,37,1,37,32,37032,4,1997,1HGCD5631VA2,1,H,G,C,D,5,6,3,1,V,A,2,0,P,HOND,ULE,4D,97,17,2864,,0,1069,,G,,F,4,132,,,15R185,,,,,,0,0,000000000,00000000000,0,0,0,1,0,0,0,0,0,0,0,15,0,0,0,12,12,6,2,12,0,0,0,1,37,28578,0,0,0,0,0,0,65,999,0,0,0,0,3,2,2010,1,2011,0,38,0,0,0,1,2,55,1,1,2,1,20,3,11,15,1,1,1,82,1,0
37,370635,2,2,3,28,7,5,26,12,2,1,0,45,2,9,442,9442,20,1998,1P4GP44G5WB5,1,P,4,G,P,4,4,G,5,W,B,5,0,T,PLYM,GSX,ES,98,17,,1,0,1193,VOF,F,,,6,201,,,,,3675,00,E,42,0,0,000000000,00000000000,0,0,0,1,0,0,0,0,0,0,0,50,0,0,0,12,12,6,2,12,0,0,0,1,37,28365,0,0,0,0,0,0,999,999,0,0,0,0,0,0,0,0,0,0,0,0,0,0,1,2,55,1,1,2,1,0,0,1,67,1,1,1,83,0,0
37,370636,1,1,5,31,7,17,3,42,0,1,0,37,2,12,422,12422,15,1998,1FMRU1761WLC,1,F,M,R,U,1,7,6,1,W,L,C,0,P,FORD,EPT,UT,98,17,4808,,0,1190,,G,,F,8,281,,,16R255,,,,,,0,0,000000000,00000000000,0,0,0,1,0,0,0,0,0,0,0,70,0,0,0,12,12,6,2,42,0,0,0,1,37,28578,0,0,0,0,0,0,999,999,0,0,0,0,0,0,0,0,0,1,28,0,0,0,1,2,55,3,1,2,2,0,0,14,6,1,1,4,6,1,0
37,370637,1,1,2,13,7,3,57,32,0,1,0,37,1,35,471,35471,30,1997,1N6SD11SXVC3,1,N,6,S,D,1,1,S,X,V,C,3,0,T,NISS,XES,PK,97,17,,1,0,1043,TRK,G,,,4,146,,,,B,2718,01,M,42,0,0,000000000,00000000000,0,0,0,1,0,0,0,0,0,0,0,95,0,1,5,12,12,6,2,1,0,0,0,1,37,27893,6,1,0,0,3,0,62,999,0,0,0,0,0,0,0,0,0,1,0,0,0,0,1,2,55,1,1,2,1,0,0,1,13,1,1,4,1,1,1
37,370638,1,1,1,15,7,21,58,11,0,1,0,37,1,20,471,20471,30,1996,1GCCS19X5TK1,1,G,C,C,S,1,9,X,5,T,K,1,0,T,CHEV,S14,PC,96,17,,1,0,1229,S,G,,,6,262,,,,B,3081,00,,42,0,0,000000000,00000000000,0,0,0,1,0,0,0,0,0,0,0,55,0,0,0,12,12,6,2,11,0,0,0,1,37,27851,6,1,0,0,3,0,71,999,0,0,0,1,0,12,2008,12,2008,0,0,0,0,0,1,2,55,2,1,2,1,0,0,1,87,1,1,1,13,1,1
37,370639,1,2,1,24,5,7,48,12,6,1,0,37,1,12,401,12401,14,2001,1FMYU60E71UA,1,F,M,Y,U,6,0,E,7,1,U,A,0,P,FORD,EPR,UT,1,17,3769,,0,1018,,G,,F,6,245,,,15R235,,,,,,0,0,000000000,00000000000,0,0,0,1,0,0,0,0,0,0,0,20,0,0,0,9,9,6,2,12,0,0,0,1,37,27502,6,1,0,0,3,0,73,999,2,0,0,0,1,4,2009,8,2010,0,38,0,0,0,6,2,65,8,8,2,1,20,3,11,15,1,1,1,82,0,0
37,370639,2,2,1,24,5,7,48,12,6,1,0,37,1,37,706,37706,80,1985,1HFSC142XFA1,1,H,F,S,C,1,4,2,X,F,A,1,0,M,HOND,G2A,RS,85,17,,,,,,,1200,,4,,4,723,,,,,,,0,0,000000000,00000000000,0,0,0,1,0,0,0,0,0,0,0,45,0,0,0,12,12,6,2,12,0,0,0,1,37,28318,6,1,0,0,2,0,70,999,0,0,0,0,0,0,0,0,0,0,0,0,0,0,2,2,55,1,1,2,1,0,0,1,67,1,1,1,83,1,0
37,370640,1,1,3,26,5,11,18,1,0,1,0,37,2,12,481,12481,31,1986,1FTDF15Y0GNA,1,F,T,D,F,1,5,Y,0,G,N,A,0,T,FORD,F15,PK,86,17,,1,1330,1170,COF,G,,,6,300,,,,B,4013,00,A,42,0,0,000000000,00000000000,0,0,0,1,0,0,0,0,0,0,0,70,0,2,5,0,3,6,2,1,0,0,0,1,37,28164,0,0,0,0,0,0,70,999,0,0,0,0,0,0,0,0,0,1,28,58,0,0,1,2,45,3,2,2,1,0,0,14,13,1,1,4,1,1,0
37,370641,1,1,1,1,5,16,15,15,0,1,0,37,1,41,37,41037,4,2002,1YVGF22C9253,1,Y,V,G,F,2,2,C,9,2,5,3,0,P,MAZD,U6L,4D,2,17,2864,,0,1051,,G,,F,4,122,,,15R205,,,,,,0,0,000000000,00000000000,0,0,0,1,0,0,0,0,0,0,0,45,0,0,0,12,12,2,1,15,0,0,0,1,37,28208,6,1,6,0,3,0,62,999,2,0,0,0,0,10,2008,2,2010,0,0,0,0,0,3,3,45,1,1,2,1,0,0,1,80,4,1,1,13,0,0
37,370642,1,2,2,22,6,4,45,12,8,1,0,37,1,22,403,22403,14,2006,2CKDL63F6661,2,C,K,D,L,6,3,F,6,6,6,1,0,P,PONT,TOR,UT,6,17,3660,,0,1125,,G,,F,6,207,,,16R235,,,,,,0,0,000000000,00000000000,0,0,0,1,0,0,0,0,0,0,0,45,0,0,0,11,61,6,2,12,0,0,0,1,37,28658,6,1,0,0,3,0,68,999,0,0,0,0,0,0,0,0,0,0,28,0,0,0,1,2,45,1,1,2,2,0,0,1,10,1,1,1,64,1,0
37,370642,2,2,1,22,6,4,45,12,8,1,0,47,3,51,881,51881,66,2004,4V4MC9GF54N3,4,V,4,M,C,9,G,F,5,4,N,3,1,T,VOLV,VNM,TR,4,17,,8,0,0,VVN,D,,,6,732,,,,,00000,00,,64,1,57,36684,5736684,3,6,1,1,0,0,0,0,0,0,0,45,0,0,0,11,11,2,1,12,0,0,0,1,37,28107,6,1,6,9,3,3,69,999,0,0,0,0,0,0,0,0,0,0,0,0,0,0,1,2,45,1,1,2,2,0,0,1,62,1,1,1,65,0,0
37,370643,1,1,2,5,6,1,38,1,0,1,0,37,2,20,2,20002,4,2005,2G1WF52EX591,2,G,1,W,F,5,2,E,X,5,9,1,0,P,CHEV,IMP,4D,5,17,3389,,0,1105,,G,,F,6,207,,,16R225,,,,,,0,0,000000000,00000000000,0,0,0,1,0,0,0,0,0,0,0,71,0,2,5,0,0,6,2,1,0,0,0,1,37,28304,0,0,0,0,0,0,999,999,0,0,0,0,0,0,0,0,0,0,36,0,0,0,1,2,45,2,2,2,1,0,0,14,13,1,1,4,1,1,0
37,370644,1,1,2,26,6,4,36,34,0,1,0,37,2,35,39,35039,4,2003,JN1DA31A93T4,J,N,1,D,A,3,1,A,9,3,T,4,0,P,NISS,MGL,4D,3,17,3124,,0,1083,,G,,F,6,214,,,17R215,,,,,,0,0,000000000,00000000000,0,0,0,1,0,0,0,0,0,0,0,65,0,1,5,11,12,6,2,1,0,0,0,1,37,28466,0,0,0,0,0,0,999,999,0,0,0,0,0,0,0,0,0,0,36,0,0,0,1,2,55,1,1,2,1,0,0,1,13,1,1,4,1,1,1
37,370645,1,1,1,18,6,18,52,1,0,1,0,0,0,98,709,98709,81,2002,000000000000,0,0,0,0,0,0,0,0,0,0,0,0,0,,,,,,,,,,,,,,,,,,,,,,,,,0,0,000000000,00000000000,0,0,0,1,0,0,0,0,0,0,0,25,0,0,0,0,0,2,1,1,0,0,0,1,37,28377,1,1,0,0,1,0,68,999,0,0,0,0,0,0,0,0,0,0,36,0,0,0,1,2,55,1,1,2,2,0,0,1,9,1,1,1,98,1,1