STATE,ST_CASE,VEH_NO,VE_FORMS,NUMOCCS,DAY,MONTH,HOUR,MINUTE,HARM_EV,MAN_COLL,UNITTYPE,HIT_RUN,REG_STAT,OWNER,MAKE,MODEL,MAK_MOD,BODY_TYP,MOD_YEAR,VIN,VIN_1,VIN_2,VIN_3,VIN_4,VIN_5,VIN_6,VIN_7,VIN_8,VIN_9,VIN_10,VIN_11,VIN_12,TOW_VEH,VINTYPE,VINMAKE,VINA_MOD,VIN_BT,VINMODYR,VIN_LNGT,VIN_WGT,WGTCD_TR,WHLBS_LG,WHLBS_SH,SER_TR,FUELCODE,MCYCL_DS,CARBUR,CYLINDER,DISPLACE,MCYCL_CY,MCYCL_WT,TIRE_SZE,TON_RAT,TRK_WT,TRKWTVAR,VIN_REST,WHLDRWHL,J_KNIFE,MCARR_I1,MCARR_I2,MCARR_ID,GVWR,V_CONFIG,CARGO_BT,HAZ_INV,HAZ_PLAC,HAZ_ID,HAZ_CNO,HAZ_REL,BUS_USE,SPEC_USE,EMER_USE,TRAV_SP,UNDERIDE,ROLLOVER,ROLINLOC,IMPACT1,IMPACT2,DEFORMED,TOWED,M_HARM,VEH_SC1,VEH_SC2,FIRE_EXP,DR_PRES,L_STATE,DR_ZIP,L_STATUS,L_TYPE,CDL_STAT,L_ENDORS,L_COMPL,L_RESTRI,DR_HGT,DR_WGT,PREV_ACC,PREV_SUS,PREV_DWI,PREV_SPD,PREV_OTH,FIRST_MO,FIRST_YR,LAST_MO,LAST_YR,SPEEDREL,DR_SF1,DR_SF2,DR_SF3,DR_SF4,VTRAFWAY,VNUM_LAN,VSPD_LIM,VALIGN,VPROFILE,VPAVETYP,VSURCOND,VTRAFCON,VTCONT_F,P_CRASH1,P_CRASH2,P_CRASH3,PCRASH4,PCRASH5,ACC_TYPE,DEATHS,DR_DRINK
37,370677,1,1,5,25,8,20,48,5,0,1,0,37,3,42,42,42042,4,2011,WDDGF5EB5BF6,W,D,D,G,F,5,E,B,5,B,F,6,0,P,MERZ,C30,4D,11,17,3527,,0,1087,,G,,F,6,183,,,17R225,,,,,,0,0,000000000,00000000000,0,0,0,1,0,0,0,0,0,0,0,45,0,0,0,0,0,0,1,5,0,0,0,1,37,27107,6,1,0,0,3,0,65,999,0,0,0,0,1,6,2011,6,2011,0,0,0,0,0,1,2,55,1,2,2,1,0,0,1,98,1,1,1,0,1,0
37,370678,1,2,2,23,8,13,1,12,1,1,0,37,1,49,421,49421,15,1999,JT3HT05J7X00,J,T,3,H,T,0,5,J,7,X,0,0,0,P,TOYT,LCW,UT,99,17,4969,,0,1122,,G,,F,8,285,,,16R275,,,,,,0,0,000000000,00000000000,0,0,0,1,0,0,0,0,0,0,0,70,0,0,0,12,12,6,2,12,0,0,0,1,37,27104,6,1,0,0,3,0,73,999,0,0,0,0,0,0,0,0,0,1,0,0,0,0,3,2,70,1,2,2,1,98,8,1,52,1,1,1,28,2,0
37,370678,2,2,1,23,8,13,1,12,1,1,0,18,3,82,881,82881,66,2007,1FUJBBCG97LW,1,F,U,J,B,B,C,G,9,7,L,W,1,T,FRHT,ST2,TR,7,17,,8,0,0,CON,D,,,6,774,,,,,00000,00,,64,1,57,264184,57264184,3,6,1,1,0,0,0,0,0,0,0,55,0,0,0,6,6,6,2,12,0,0,0,1,37,28681,6,1,6,0,3,3,66,999,0,0,0,0,0,0,0,0,0,0,0,0,0,0,3,2,70,1,2,2,1,98,8,2,53,1,1,1,29,0,0
37,370679,1,1,1,14,8,2,28,32,0,1,0,37,2,22,18,22018,2,1999,1G2NE12E5XM7,1,G,2,N,E,1,2,E,5,X,M,7,0,P,PONT,GAS,CP,99,17,3052,,0,1071,,G,,F,6,207,,,15R215,,,,,,0,0,000000000,00000000000,0,0,0,1,0,0,0,0,0,0,0,75,0,0,0,12,12,6,2,14,0,0,0,1,37,27544,1,1,0,0,2,0,71,999,0,4,0,0,2,4,2010,5,2011,1,0,0,0,0,1,2,55,3,1,2,1,0,0,14,13,1,1,4,1,1,1
37,370680,1,2,1,12,8,5,0,12,2,1,0,37,1,72,709,72709,80,2007,4K7S8135X7C0,4,K,7,S,8,1,3,5,X,7,C,0,0,M,HD,,,7,17,,,,,,,,,,,,,,,,,,,0,0,000000000,00000000000,0,0,0,1,0,0,0,0,0,0,0,55,0,0,0,12,12,6,2,12,0,0,0,1,37,27549,6,1,0,0,3,0,72,999,2,0,0,0,0,11,2008,8,2010,0,0,0,0,0,1,2,55,1,2,2,1,0,0,1,62,1,1,1,51,1,0
37,370680,2,2,1,12,8,5,0,12,2,1,0,37,2,58,33,58033,4,1993,JNKNG01C0PM2,J,N,K,N,G,0,1,C,0,P,M,2,0,P,INFI,Q45,4D,93,17,3957,,0,1132,,G,,F,8,274,,,15R215,,,,,,0,0,000000000,00000000000,0,0,0,1,0,0,0,0,0,0,0,55,0,0,0,12,12,6,2,12,0,0,0,1,37,27549,1,1,0,0,2,0,69,999,0,0,0,0,0,0,0,0,0,0,33,0,0,0,1,2,55,1,2,2,1,0,0,6,10,1,1,2,50,0,1
37,370681,1,1,2,27,8,18,27,42,0,1,0,37,1,12,401,12401,14,1999,1FMYU22X7XUB,1,F,M,Y,U,2,2,X,7,X,U,B,0,P,FORD,EPR,UT,99,17,3675,,0,1017,,G,,F,6,245,,,15R235,,,,,,0,0,000000000,00000000000,0,0,0,1,0,0,0,0,0,0,0,70,0,0,0,3,6,6,2,42,0,0,0,1,37,27525,6,1,0,0,3,0,68,999,0,0,0,0,1,12,2008,12,2008,1,36,0,0,0,1,2,55,3,1,2,2,0,0,14,6,1,1,4,6,2,1
37,370682,1,1,1,30,8,7,4,18,0,1,0,37,1,49,50,49050,3,2008,JTKDE1671802,J,T,K,D,E,1,6,7,1,8,0,2,0,P,TOYT,SXC,2H,8,17,2905,,0,1063,,G,,F,4,146,,,17R215,,,,,,0,0,000000000,00000000000,0,0,0,1,0,0,0,0,0,0,0,70,0,1,5,12,12,6,2,42,0,0,0,1,37,28226,6,1,0,0,3,3,61,999,1,0,0,0,0,7,2009,7,2009,0,0,0,0,0,3,6,60,3,2,2,1,0,0,14,90,1,1,1,15,1,0
37,370683,1,1,1,28,8,6,51,8,0,1,1,99,9,99,999,99999,99,9999,000000000000,0,0,0,0,0,0,0,0,0,0,0,0,0,,,,,,,,,,,,,,,,,,,,,,,,,0,0,000000000,00000000000,0,0,0,1,0,0,0,0,0,0,0,45,0,0,0,99,99,9,1,8,0,0,0,1,99,99999,9,9,99,9,9,9,999,999,99,99,99,99,99,99,9999,99,9999,0,99,99,99,99,2,4,45,1,2,2,1,0,0,1,81,1,1,4,6,0,0
37,370684,1,1,1,1,8,22,5,53,0,1,0,37,3,20,2,20002,4,2008,2G1WS5534813,2,G,1,W,S,5,5,3,4,8,1,3,0,P,CHEV,I/P,4D,8,17,0,,0,1105,,F,,F,6,238,,,16R225,,,,,,0,0,000000000,00000000000,0,0,0,1,0,0,0,0,0,5,1,100,0,0,0,12,12,6,2,42,0,0,0,1,37,28551,6,1,0,0,3,0,69,999,0,0,0,0,0,0,0,0,0,1,36,58,0,0,1,2,55,2,3,2,1,0,0,14,6,1,1,4,6,1,0
37,370685,1,2,1,16,8,10,6,12,6,1,0,37,2,82,881,82881,63,1993,1FV6HLBAXPL7,1,F,V,6,H,L,B,A,X,P,L,7,0,T,FRHT,F70,CC,93,17,,7,0,0,MCV,D,,,6,505,,,,,00000,00,,42,0,37,2232893,372232893,3,1,3,1,0,0,0,0,0,0,0,55,0,0,0,12,12,6,2,12,0,0,0,1,37,27828,6,1,0,0,3,0,70,999,0,3,0,0,2,11,2009,4,2010,0,0,0,0,0,1,2,55,1,1,2,1,0,0,1,54,1,1,1,69,0,0
37,370685,2,2,1,16,8,10,6,12,6,1,0,37,2,7,20,7020,4,2002,1B3ES56C62D6,1,B,3,E,S,5,6,C,6,2,D,6,0,P,DODG,ESN,4D,2,17,2662,,0,1050,,G,,F,4,122,,,15R185,,,,,,0,0,000000000,00000000000,0,0,0,1,0,0,0,0,0,0,0,20,0,0,0,3,3,6,2,12,0,0,0,1,37,28580,6,1,0,0,3,0,60,999,1,0,0,0,0,4,2009,4,2009,0,38,0,0,0,1,2,55,1,1,2,1,0,0,11,10,1,1,2,68,1,0
37,370686,1,1,1,4,8,22,6,23,0,1,0,37,1,59,401,59401,14,2000,JT6GF10U0Y00,J,T,6,G,F,1,0,U,0,Y,0,0,0,P,LEXS,RX3,UT,0,17,3692,,0,1031,,G,,F,6,183,,,16R225,,,,,,0,0,000000000,00000000000,0,0,0,1,0,0,0,0,0,0,0,35,0,1,5,10,0,6,2,1,0,0,0,1,37,27301,6,1,0,0,3,0,63,999,0,0,0,0,0,0,0,0,0,0,0,0,0,0,1,2,45,1,1,2,1,0,0,1,10,1,1,4,6,1,1
37,370687,1,2,2,11,8,12,30,12,2,1,0,37,3,12,481,12481,31,2008,1FTVX12578KD,1,F,T,V,X,1,2,5,7,8,K,D,0,T,FORD,F15,4C,8,17,,2,1630,1330,COF,G,,,8,329,,,,B,4881,02,E,42,0,0,000000000,00000000000,0,0,0,1,0,0,0,0,0,0,0,40,0,0,0,12,12,6,2,12,0,0,0,1,37,27282,6,1,0,0,3,3,74,999,0,0,0,2,0,11,2008,11,2010,0,0,0,0,0,1,3,40,2,3,2,1,0,0,14,62,1,1,1,51,0,0
37,370687,2,2,2,11,8,12,30,12,2,1,0,37,2,58,37,58037,4,2004,JNKCV51F84M7,J,N,K,C,V,5,1,F,8,4,M,7,0,P,INFI,AWD,4D,4,17,3677,,0,1122,,G,,F,6,214,,,17R215,,,,,,0,0,000000000,00000000000,0,0,0,1,0,0,0,0,0,0,0,40,0,0,0,12,12,6,2,12,0,0,0,1,36,11510,6,1,0,0,3,3,68,999,0,0,0,0,0,0,0,0,0,0,28,0,0,0,1,3,40,2,3,2,1,0,0,14,10,1,1,2,50,1,0
37,370688,1,1,2,3,8,20,0,50,0,1,0,37,1,42,42,42042,4,2002,WDBRF61J92F1,W,D,B,R,F,6,1,J,9,2,F,1,0,P,MERZ,C24,4D,2,17,3210,,0,1068,,F,,F,6,158,,,16R205,,,,,,0,0,000000000,00000000000,0,0,0,1,0,0,0,0,0,0,0,55,0,0,0,2,2,6,2,50,0,0,0,1,37,27107,6,1,0,0,3,0,74,999,0,0,0,0,0,0,0,0,0,0,0,0,0,0,3,4,55,1,1,2,1,0,0,1,13,1,1,4,1,1,0
37,370689,1,1,1,1,8,17,29,8,0,1,0,45,1,20,36,20036,2,1997,2G1WW12M2V92,2,G,1,W,W,1,2,M,2,V,9,2,0,P,CHEV,MLS,CP,97,17,3320,,0,1075,,G,,F,6,191,,,15R205,,,,,,0,0,000000000,00000000000,0,0,0,1,0,0,0,0,0,0,0,50,0,0,0,12,12,6,2,8,0,0,0,1,45,29678,6,1,0,0,3,0,71,215,0,0,0,2,0,4,2009,5,2009,0,0,0,0,0,2,5,50,2,2,2,1,0,0,14,80,6,1,2,13,0,0
37,370690,1,2,1,3,8,18,14,12,6,1,0,37,2,48,45,48045,6,2003,4S3BH8061376,4,S,3,B,H,8,0,6,1,3,7,6,0,P,SUBA,ULB,SW,3,17,3715,,0,1043,,G,,F,6,183,,,16R225,,,,,,0,0,000000000,00000000000,0,0,0,1,0,0,0,0,0,0,0,45,0,0,0,2,2,6,2,12,0,0,0,1,37,28759,6,1,0,0,3,0,65,999,0,0,0,1,0,3,2011,3,2011,0,28,0,0,0,1,5,45,1,2,2,1,0,0,1,90,6,1,2,66,0,0
37,370690,2,2,2,3,8,18,14,12,6,1,0,12,1,20,22,20022,4,2006,1G1AL55F1677,1,G,1,A,L,5,5,F,1,6,7,7,0,P,CHEV,BLT,4D,6,17,3216,,0,1033,,G,,F,4,134,,,15R195,,,,,,0,0,000000000,00000000000,0,0,0,1,0,0,0,0,0,0,0,45,0,0,0,1,1,6,2,12,0,0,0,1,12,33803,6,1,0,0,3,3,65,999,0,0,0,0,0,0,0,0,0,0,0,0,0,0,1,5,45,1,2,2,1,0,0,1,62,1,1,1,66,1,0
37,370691,1,2,1,4,8,16,44,12,1,1,0,37,3,23,461,23461,21,2006,1GTGG25V4612,1,G,T,G,G,2,5,V,4,6,1,2,0,T,GMC,SA2,CG,6,17,,2,0,1350,SAV,G,,,8,293,,,,C,5338,00,U,42,0,0,000000000,00000000000,0,0,0,1,0,0,0,0,0,0,0,55,0,0,0,12,12,6,2,12,0,0,0,1,37,28147,6,1,0,0,3,0,67,999,0,0,0,0,1,5,2011,5,2011,1,36,0,0,0,2,2,55,1,2,2,1,3,3,1,50,1,1,1,20,0,0
37,370691,2,2,1,4,8,16,44,12,1,1,0,37,3,9,38,9038,4,1998,1P3EJ46X5WN2,1,P,3,E,J,4,6,X,5,W,N,2,0,P,PLYM,BEE,4D,98,17,2848,,0,1080,,G,,F,4,148,,,14R195,,,,,,0,0,000000000,00000000000,0,0,0,1,0,0,0,0,0,0,0,0,0,0,0,6,6,6,2,12,0,0,0,1,37,28166,6,1,0,0,3,3,76,999,1,0,0,0,0,4,2010,4,2010,0,0,0,0,0,2,2,55,1,2,2,1,3,3,5,18,1,1,1,21,1,0
37,370692,1,1,1,22,8,10,57,35,0,1,0,45,1,20,481,20481,31,2003,1GCEC14T53Z2,1,G,C,E,C,1,4,T,5,3,Z,2,0,T,CHEV,SC1,PK,3,17,,2,1330,1190,SIL,G,,,8,325,,,,B,4073,00,,42,0,0,000000000,00000000000,0,0,0,1,0,0,0,0,0,0,0,70,0,0,0,1,1,6,2,57,0,0,0,1,45,29710,6,1,0,0,3,3,71,210,0,0,0,0,0,0,0,0,0,0,58,0,0,0,3,4,70,1,1,2,1,0,0,1,13,1,1,4,1,1,0
37,370693,1,2,1,15,8,20,9,12,2,1,0,37,2,73,706,73706,80,1998,JKBVNAE17WA0,J,K,B,V,N,A,E,1,7,W,A,0,0,M,KAWK,V5E,RS,98,17,,,,,,,1500,,2,,4,600,,,,,,,0,0,000000000,00000000000,0,0,0,1,0,0,0,0,0,0,0,60,0,0,0,12,12,6,2,12,0,0,0,1,37,28366,6,1,0,0,3,0,72,999,0,0,0,0,1,7,2010,7,2010,0,28,0,0,0,1,2,55,2,1,2,1,0,0,14,10,1,1,2,50,1,1
37,370693,2,2,1,15,8,20,9,12,2,1,0,37,1,20,402,20402,14,1993,2CNBE18U8P69,2,C,N,B,E,1,8,U,8,P,6,9,0,P,GEO,GEO,UT,93,17,2189,,0,866,,G,,F,4,097,,,15R195,,,,,,0,0,000000000,00000000000,0,0,0,1,0,0,0,0,0,0,0,45,0,0,0,12,12,6,2,12,0,0,0,1,37,27504,6,1,0,0,3,0,68,999,0,0,0,0,0,0,0,0,0,0,0,0,0,0,1,2,55,1,1,2,1,0,0,1,62,1,1,1,51,0,0
37,370694,1,2,1,19,8,21,32,12,2,1,0,37,2,20,481,20481,31,2001,1GCHK23U71F2,1,G,C,H,K,2,3,U,7,1,F,2,0,T,CHEV,2KH,CW,1,17,,2,1670,1530,SIL,G,,,8,364,,,,C,5766,00,,44,0,0,000000000,00000000000,0,0,0,1,0,0,0,0,0,0,0,55,0,0,0,12,12,6,2,12,0,0,0,1,42,16435,1,1,0,0,2,0,73,999,1,1,0,1,0,10,2008,8,2009,0,28,0,0,0,1,2,55,1,1,2,2,0,0,1,10,1,1,2,50,1,0
37,370694,2,2,2,19,8,21,32,12,2,1,0,37,3,2,403,2403,14,2001,1J4FA49S71P3,1,J,4,F,A,4,9,S,7,1,P,3,0,T,JEEP,SPW,2W,1,17,,1,0,934,W/T,G,,,6,244,,,,,3207,00,E,44,0,0,000000000,00000000000,0,0,0,1,0,0,0,0,0,0,0,55,0,1,5,12,12,6,2,12,0,0,0,1,37,27520,6,1,6,0,3,0,73,999,0,0,0,0,1,12,2008,12,2008,0,0,0,0,0,1,2,55,1,1,2,2,0,0,1,62,1,1,1,51,2,1
37,370695,1,1,1,12,8,15,39,42,0,1,0,37,2,49,38,49038,4,1993,JT2EL43T4P03,J,T,2,E,L,4,3,T,4,P,0,3,0,P,TOYT,TTX,4D,93,17,2005,,0,937,,G,,F,4,089,,,13R155,,,,,,0,0,000000000,00000000000,0,0,0,1,0,0,0,0,0,0,0,40,0,0,0,9,9,6,2,42,0,0,0,1,37,28326,6,1,0,0,3,3,72,999,0,0,0,1,0,3,2011,3,2011,1,36,0,0,0,1,2,45,1,2,2,2,0,0,1,6,1,1,4,1,1,0
37,370696,1,1,1,10,8,16,37,8,0,1,0,37,1,12,481,12481,31,1997,1FTDX18W1VNC,1,F,T,D,X,1,8,W,1,V,N,C,0,T,FORD,F15,3C,97,17,,1,1570,1390,COF,G,,,8,281,,,,B,4480,01,E,44,0,0,000000000,00000000000,0,0,0,1,0,0,0,0,0,0,0,35,0,0,0,12,12,4,9,8,0,0,0,1,37,28650,6,1,0,0,3,0,67,999,0,0,0,1,0,6,2009,6,2009,0,28,0,0,0,2,3,45,1,1,2,1,0,0,1,81,1,1,4,6,0,0
37,370697,1,1,1,23,8,2,25,30,0,1,0,37,1,23,481,23481,31,1997,2GTEK19R1V15,2,G,T,E,K,1,9,R,1,V,1,5,0,T,GMC,SK1,PC,97,17,,2,1555,1415,SIE,G,,,8,350,,,,B,00000,00,E,44,0,0,000000000,00000000000,0,0,0,1,0,0,0,0,0,0,0,45,0,1,5,12,12,6,2,30,0,0,0,1,37,28650,6,1,0,0,3,3,72,999,0,0,0,0,1,12,2010,12,2010,0,28,0,0,0,1,2,45,1,1,2,1,0,0,1,12,1,1,4,6,1,1
37,370698,1,1,1,16,8,11,49,24,0,1,0,37,1,49,472,49472,30,1999,4TAWN72N3XZ4,4,T,A,W,N,7,2,N,3,X,Z,4,0,T,TOYT,XTR,PC,99,17,,1,0,1219,TAC,G,,,6,206,,,,B,3412,00,U,44,0,0,000000000,00000000000,0,0,0,1,0,0,0,0,0,0,0,45,0,0,0,12,12,6,2,24,0,0,0,1,37,28775,6,1,0,0,3,0,71,999,1,1,0,2,0,10,2008,2,2011,0,28,0,0,0,1,2,45,1,3,2,1,0,0,1,10,1,1,4,6,1,0
37,370699,1,2,1,16,8,9,45,12,2,1,0,37,2,14,13,14013,5,1985,1MEBP6646FW6,1,M,E,B,P,6,6,4,6,F,W,6,0,P,MERC,LGS,4H,85,17,2054,,0,942,,G,,2,4,098,,,13R175,,,,,,0,0,000000000,00000000000,0,0,0,1,0,0,0,0,0,0,0,35,0,0,0,12,12,6,2,12,0,0,0,1,37,28734,6,1,0,0,3,3,62,999,2,0,0,1,0,9,2008,12,2009,0,28,0,0,0,1,2,35,3,2,2,1,0,0,14,10,1,1,2,50,1,0
37,370699,2,2,1,16,8,9,45,12,2,1,0,92,0,98,999,98999,99,9999,000000000000,0,0,0,0,0,0,0,0,0,0,0,0,0,,,,,,,,,,,,,,,,,,,,,,,,,0,0,000000000,00000000000,0,0,0,1,0,0,0,0,0,0,0,20,0,0,0,12,12,2,1,12,0,0,0,1,37,28734,6,1,6,0,3,0,68,999,0,0,0,0,0,0,0,0,0,0,0,0,0,0,1,2,35,2,2,2,1,0,0,14,62,1,1,1,51,0,0
37,370700,1,1,0,2,8,1,45,7,0,1,0,37,6,63,33,63033,4,2002,KNAFB1210251,K,N,A,F,B,1,2,1,0,2,5,1,0,P,KIA,STL,4D,2,17,2661,,0,1008,,G,,F,4,109,,,14R185,,,,,,0,0,000000000,00000000000,0,0,0,1,0,0,0,0,0,0,0,5,0,0,0,0,12,2,3,7,33,0,0,0,0,99997,7,6,97,7,6,7,998,997,998,998,998,998,998,98,9998,98,9998,8,0,0,0,0,1,2,55,1,2,2,1,0,0,0,98,0,0,0,0,0,0
37,370701,1,1,2,29,8,22,7,8,0,1,0,37,3,20,881,20881,63,1991,1GBM7H1J7MJ1,1,G,B,M,7,H,1,J,7,M,J,1,0,T,CHEV,C7H,CB,91,17,,7,2090,1440,KOD,D,,,6,403,,,,,00000,00,,42,0,88,888888888,88888888888,3,1,97,1,0,0,0,0,0,0,0,45,0,0,0,14,14,2,1,8,0,0,0,1,37,28708,6,1,0,0,3,0,74,999,0,0,0,1,0,5,2011,5,2011,0,0,0,0,0,1,2,45,1,1,2,1,0,0,1,80,1,1,1,13,0,0
37,370702,1,3,1,5,8,19,19,12,8,1,0,37,2,37,32,37032,4,1990,JHMCB7547LC0,J,H,M,C,B,7,5,4,7,L,C,0,0,P,HOND,ADL,4D,90,17,2733,,0,1071,,G,,F,4,132,,,14R185,,,,,,0,0,000000000,00000000000,0,0,0,1,0,0,0,0,0,0,0,50,0,0,0,10,12,6,2,12,0,0,0,1,37,28752,6,1,0,0,3,0,71,999,2,0,0,0,1,8,2010,9,2010,0,28,0,0,0,2,5,50,1,2,2,1,0,0,1,10,1,1,2,64,1,0
37,370702,2,3,3,5,8,19,19,12,8,1,0,45,1,12,422,12422,15,1999,1FMRU17LXXLB,1,F,M,R,U,1,7,L,X,X,L,B,0,P,FORD,EPT,UT,99,17,4808,,0,1191,,G,,F,8,330,,,16R255,,,,,,0,0,000000000,00000000000,0,0,0,1,0,0,0,0,0,0,0,50,0,0,0,9,9,2,9,12,0,0,0,1,45,29720,6,1,6,0,3,0,74,230,0,0,0,0,0,0,0,0,0,0,0,0,0,0,2,5,50,1,2,2,1,0,0,1,62,1,1,1,65,0,0
37,370702,3,3,3,5,8,19,19,12,8,1,0,37,1,48,401,48401,14,1999,JF1SF6356XH7,J,F,1,S,F,6,3,5,6,X,H,7,0,P,SUBA,FOR,UT,99,17,3125,,0,994,,G,,F,4,150,,,15R205,,,,,,0,0,000000000,00000000000,0,0,0,1,0,0,0,0,0,0,0,50,0,0,0,12,12,6,2,12,0,0,0,1,37,28805,6,1,0,0,3,3,74,999,0,1,0,0,0,3,2009,3,2009,0,0,0,0,0,2,5,50,1,2,2,1,0,0,1,62,1,1,1,98,0,0
37,370703,1,1,1,19,8,13,52,1,0,1,0,37,1,37,706,37706,80,2005,1HFSC52335A2,1,H,F,S,C,5,2,3,3,5,A,2,0,M,HOND,X13,RS,5,17,,,,,,,1312,,2,,4,669,,,,,,,0,0,000000000,00000000000,0,0,0,1,0,0,0,0,0,0,0,45,0,0,0,0,0,6,2,1,0,0,0,1,37,28709,6,1,0,0,2,3,69,999,0,0,0,0,0,0,0,0,0,1,28,36,0,0,1,2,35,2,2,2,1,0,0,14,6,1,1,2,98,1,1
37,370704,1,1,1,30,8,14,21,42,0,1,0,37,2,12,13,12013,6,1994,1FARP15J4RW1,1,F,A,R,P,1,5,J,4,R,W,1,0,P,FORD,EST,SW,94,17,2419,,0,984,,G,,F,4,113,,,14R175,,,,,,0,0,000000000,00000000000,0,0,0,1,0,0,0,0,0,0,0,40,0,1,5,10,0,6,2,1,0,0,0,1,37,28752,6,1,0,0,3,3,75,999,0,0,0,0,0,0,0,0,0,0,28,0,0,0,1,2,45,2,2,2,1,0,0,14,10,1,1,4,6,1,0
37,370705,1,2,1,1,8,15,10,12,6,1,0,37,4,37,31,37031,4,2010,2HGFA1F56AH5,2,H,G,F,A,1,F,5,6,A,H,5,0,P,HOND,UCL,4D,10,17,2754,,0,1063,,G,,F,4,110,,,16R205,,,,,,0,0,000000000,00000000000,0,0,0,1,0,0,0,0,0,0,0,5,0,0,0,3,3,6,2,12,0,0,0,1,37,28215,6,1,0,0,3,3,69,999,0,0,0,2,1,11,2008,3,2010,0,39,0,0,0,2,4,45,1,1,2,1,0,0,11,15,1,1,2,68,0,0
37,370705,2,2,2,1,8,15,10,12,6,1,0,37,2,63,441,63441,20,2008,KNDMB2335862,K,N,D,M,B,2,3,3,5,8,6,2,0,T,KIA,SEL,ES,8,17,,1,0,1189,SED,G,,,6,232,,,,B,4387,00,7,42,0,0,000000000,00000000000,0,0,0,1,0,0,0,0,0,0,0,40,0,0,0,12,12,6,2,12,0,0,0,1,37,28215,6,1,0,0,3,3,63,999,0,0,0,0,0,0,0,0,0,0,0,0,0,0,2,4,45,1,1,2,1,0,0,1,17,1,1,1,69,1,0
37,370706,1,1,1,4,8,5,0,8,0,1,0,13,3,51,881,51881,66,2010,999999999999,9,9,9,9,9,9,9,9,9,9,9,9,1,,,,,,,,,,,,,,,,,,,,,,,,,1,57,696877,57696877,3,6,1,1,0,0,0,0,0,0,0,5,0,0,0,14,14,0,1,8,0,0,0,1,13,31602,6,1,6,1,3,0,77,280,98,0,0,0,0,0,0,0,0,0,0,0,0,0,1,2,35,1,1,2,2,0,0,1,80,1,1,1,13,0,0
37,370707,1,1,1,5,8,9,37,35,0,1,0,37,2,76,705,76705,80,2003,JYARJ06E43A0,J,Y,A,R,J,0,6,E,4,3,A,0,0,M,YAMA,R6L,RC,3,17,,,,,,,599,,4,,4,357,,,,,,,0,0,000000000,00000000000,0,0,0,1,0,0,0,0,0,0,0,75,0,0,0,6,6,6,2,35,0,0,0,1,37,28273,6,1,0,0,3,3,69,999,1,0,0,1,1,11,2009,5,2011,1,28,36,0,0,1,2,35,3,1,2,1,0,0,14,6,1,1,4,6,1,1
37,370708,1,2,1,6,8,6,8,12,1,1,0,37,3,85,881,85881,66,2005,1XKDDB9X45J0,1,X,K,D,D,B,9,X,4,5,J,0,1,T,KW,T80,TR,5,17,,8,2600,1600,CON,D,,,6,893,,,,,00000,00,,64,1,57,978217,57978217,3,6,2,2,2,1203,3,2,0,0,0,0,0,0,0,6,6,6,2,12,0,0,0,1,37,28215,6,1,6,1,3,1,68,999,0,0,0,0,0,0,0,0,0,0,0,0,0,0,3,4,50,1,1,2,1,3,3,5,18,1,1,1,21,0,0
37,370708,2,2,1,6,8,6,8,12,1,1,0,37,2,12,401,12401,14,1999,1FMZU32E6XUC,1,F,M,Z,U,3,2,E,6,X,U,C,0,P,FORD,EPR,UT,99,17,3891,,0,1116,,G,,F,6,245,,,15R225,,,,,,0,0,000000000,00000000000,0,0,0,1,0,0,0,0,0,0,0,43,0,0,0,12,12,6,2,12,0,0,0,1,37,28105,0,0,0,0,0,0,999,999,1,0,0,0,0,3,2010,3,2010,1,36,0,0,0,3,4,50,1,1,2,1,3,3,1,52,1,1,1,20,1,1
37,370709,1,1,2,16,8,23,31,59,0,1,0,36,2,20,36,20036,2,2004,2G1WX12K2491,2,G,1,W,X,1,2,K,2,4,9,1,0,P,CHEV,MSS,CP,4,17,3395,,0,1105,,G,,F,6,231,,,16R225,,,,,,0,0,000000000,00000000000,0,0,0,1,0,0,0,0,0,0,0,85,0,0,0,12,12,6,2,42,0,0,0,1,37,28207,1,1,0,0,2,0,999,999,0,0,0,0,0,0,0,0,0,1,28,36,0,0,2,4,45,2,1,2,1,0,0,14,6,1,1,4,6,1,1
37,370710,1,1,1,22,8,17,4,8,0,1,0,37,2,20,481,20481,31,1978,CGU158414188,C,G,U,1,5,8,4,1,4,1,8,8,0,T,CHEV,G10,VN,78,13,,1,1250,1100,VAN,G,,,8,305,,,,B,3556,03,,42,0,0,000000000,00000000000,0,0,0,1,0,0,0,0,0,0,0,55,0,0,0,12,12,4,1,8,0,0,0,1,37,28212,6,1,6,0,3,0,70,999,0,0,0,0,6,4,2009,5,2011,0,92,0,0,0,3,4,55,1,1,2,1,0,0,1,80,2,1,1,13,0,0
37,370711,1,2,1,30,8,20,52,12,6,1,0,37,2,53,706,53706,80,2008,JS1GX72A5821,J,S,1,G,X,7,2,A,5,8,2,1,0,M,SUZI,GXR,RC,8,17,,,,,,,1340,,4,,4,485,,,,,,,0,0,000000000,00000000000,0,0,0,1,0,0,0,0,0,0,0,999,0,0,0,12,12,6,2,12,0,0,1,1,37,28214,6,1,0,0,2,0,69,999,0,0,0,1,0,6,2010,6,2010,0,99,99,99,99,3,4,45,1,1,2,1,3,3,1,17,1,1,1,83,1,0