STATE,ST_CASE,VEH_NO,VE_FORMS,NUMOCCS,DAY,MONTH,HOUR,MINUTE,HARM_EV,MAN_COLL,UNITTYPE,HIT_RUN,REG_STAT,OWNER,MAKE,MODEL,MAK_MOD,BODY_TYP,MOD_YEAR,VIN,VIN_1,VIN_2,VIN_3,VIN_4,VIN_5,VIN_6,VIN_7,VIN_8,VIN_9,VIN_10,VIN_11,VIN_12,TOW_VEH,VINTYPE,VINMAKE,VINA_MOD,VIN_BT,VINMODYR,VIN_LNGT,VIN_WGT,WGTCD_TR,WHLBS_LG,WHLBS_SH,SER_TR,FUELCODE,MCYCL_DS,CARBUR,CYLINDER,DISPLACE,MCYCL_CY,MCYCL_WT,TIRE_SZE,TON_RAT,TRK_WT,TRKWTVAR,VIN_REST,WHLDRWHL,J_KNIFE,MCARR_I1,MCARR_I2,MCARR_ID,GVWR,V_CONFIG,CARGO_BT,HAZ_INV,HAZ_PLAC,HAZ_ID,HAZ_CNO,HAZ_REL,BUS_USE,SPEC_USE,EMER_USE,TRAV_SP,UNDERIDE,ROLLOVER,ROLINLOC,IMPACT1,IMPACT2,DEFORMED,TOWED,M_HARM,VEH_SC1,VEH_SC2,FIRE_EXP,DR_PRES,L_STATE,DR_ZIP,L_STATUS,L_TYPE,CDL_STAT,L_ENDORS,L_COMPL,L_RESTRI,DR_HGT,DR_WGT,PREV_ACC,PREV_SUS,PREV_DWI,PREV_SPD,PREV_OTH,FIRST_MO,FIRST_YR,LAST_MO,LAST_YR,SPEEDREL,DR_SF1,DR_SF2,DR_SF3,DR_SF4,VTRAFWAY,VNUM_LAN,VSPD_LIM,VALIGN,VPROFILE,VPAVETYP,VSURCOND,VTRAFCON,VTCONT_F,P_CRASH1,P_CRASH2,P_CRASH3,PCRASH4,PCRASH5,ACC_TYPE,DEATHS,DR_DRINK
37,370711,2,2,2,30,8,20,52,12,6,1,0,37,1,35,421,35421,15,2009,5N1AA08D09N6,5,N,1,A,A,0,8,D,0,9,N,6,0,P,NISS,ARM,UT,9,17,5302,,0,1232,,G,,F,8,342,,,18R265,,,,,,0,0,000000000,00000000000,0,0,0,1,0,0,0,0,0,0,0,999,0,0,0,4,4,6,2,12,0,0,0,1,37,28214,6,1,0,0,3,0,75,999,0,0,0,0,0,0,0,0,0,0,99,99,99,99,3,4,45,1,1,2,1,3,3,11,15,1,1,1,82,0,0
37,370712,1,1,3,1,8,20,7,1,0,1,0,37,1,52,401,52401,14,2000,JA4LS31H1YP0,J,A,4,L,S,3,1,H,1,Y,P,0,0,P,MITS,MNS,UT,0,17,3835,,0,1073,,G,,F,6,181,,,16R255,,,,,,0,0,000000000,00000000000,0,0,0,1,0,0,0,0,0,0,0,60,0,2,5,0,4,6,2,1,0,0,0,1,37,27330,6,1,0,0,3,3,66,999,2,2,0,1,5,11,2008,9,2010,0,58,0,0,0,1,2,55,3,1,2,1,0,0,14,13,1,1,4,1,1,0
37,370713,1,1,1,26,8,21,34,24,0,1,0,36,2,35,43,35043,4,2012,3N1AB6AP4CL6,3,N,1,A,B,6,A,P,4,C,L,6,0,P,NISS,SBL,4D,12,17,2875,,0,1057,,G,,F,4,122,,,16R205,,,,,,0,0,000000000,00000000000,0,0,0,1,0,0,0,0,0,0,0,70,0,1,5,2,0,6,2,1,0,0,0,1,36,11580,6,1,0,0,3,3,70,999,0,0,0,0,0,0,0,0,0,0,58,0,0,0,3,4,70,1,1,2,1,0,0,1,13,1,1,4,1,1,0
37,370714,1,1,5,25,8,23,21,1,0,1,0,37,2,12,401,12401,14,1999,1FMYU22X7XUB,1,F,M,Y,U,2,2,X,7,X,U,B,0,P,FORD,EPR,UT,99,17,3675,,0,1017,,G,,F,6,245,,,15R235,,,,,,0,0,000000000,00000000000,0,0,0,1,0,0,0,0,0,0,0,70,0,2,5,0,0,6,2,1,0,0,0,1,37,27954,3,1,0,0,2,0,65,999,0,0,0,0,0,0,0,0,0,0,58,0,0,0,3,4,70,1,1,2,1,0,0,1,90,7,1,4,1,1,0
37,370715,1,1,4,6,8,20,35,8,0,1,0,37,1,12,401,12401,14,2006,1FMEU63E56UA,1,F,M,E,U,6,3,E,5,6,U,A,0,P,FORD,EPR,UT,6,17,4301,,0,1137,,G,,F,6,244,,,16R235,,,,,,0,0,000000000,00000000000,0,0,0,1,0,0,0,0,0,0,0,40,0,0,0,12,12,4,1,8,0,0,0,1,37,27529,6,1,0,0,3,3,75,999,0,0,0,1,0,10,2010,10,2010,0,0,0,0,0,1,5,40,1,1,2,1,0,0,1,80,1,1,1,13,0,0
37,370716,1,1,1,5,8,5,50,8,0,1,0,37,1,20,422,20422,15,2006,1GNEC16Z66J1,1,G,N,E,C,1,6,Z,6,6,J,1,0,P,CHEV,C15,UT,6,17,5269,,0,1300,,F,,F,8,323,,,16R265,,,,,,0,0,000000000,00000000000,0,0,0,1,0,0,0,0,0,0,0,55,0,0,0,12,12,4,1,8,0,0,0,1,37,28460,6,1,0,0,3,3,70,999,0,0,0,0,0,0,0,0,0,0,0,0,0,0,1,2,55,3,1,2,1,0,0,14,80,1,1,1,13,0,0
37,370717,1,2,1,24,8,15,45,12,6,1,0,37,2,37,32,37032,4,2008,1HGCP26358A0,1,H,G,C,P,2,6,3,5,8,A,0,0,P,HOND,ULX,4D,8,17,3274,,0,1102,,G,,F,4,146,,,16R215,,,,,,0,0,000000000,00000000000,0,0,0,1,0,0,0,0,0,0,0,70,0,0,0,12,12,6,2,12,0,0,0,1,37,28443,3,1,0,0,2,9,66,999,1,0,0,0,0,12,2010,12,2010,0,0,0,0,0,2,4,55,1,1,2,1,0,0,1,17,1,1,1,88,1,0
37,370717,2,2,1,24,8,15,45,12,6,1,0,37,3,85,881,85881,63,2005,1NKDXUEX15J0,1,N,K,D,X,U,E,X,1,5,J,0,0,T,KW,T80,CC,5,17,,8,2600,1600,CON,D,,,6,763,,,,,00000,00,,,0,57,56170205,5756170205,3,2,4,1,0,0,0,0,0,0,0,10,0,0,0,7,7,4,1,12,0,0,0,1,37,28540,6,1,6,9,3,0,69,999,0,0,0,1,0,12,2010,12,2010,0,38,0,0,0,2,4,55,1,1,2,1,20,3,1,55,1,1,1,89,0,0
37,370718,1,2,1,12,8,3,15,12,1,1,0,37,2,37,32,37032,2,2004,1HGCM82784A0,1,H,G,C,M,8,2,7,8,4,A,0,0,P,HOND,UEX,CP,4,17,3104,,0,1051,,G,,F,6,183,,,16R205,,,,,,0,0,000000000,00000000000,0,0,0,1,0,0,0,0,0,0,0,998,0,0,0,12,12,6,2,12,0,0,0,1,37,27713,1,1,0,0,2,0,70,999,1,1,0,1,3,2,2009,6,2011,1,36,0,0,0,3,4,65,1,2,2,1,0,0,1,51,1,1,1,24,0,1
37,370718,2,2,1,12,8,3,15,12,1,1,0,37,2,12,401,12401,14,1998,1FMYU22E8WUB,1,F,M,Y,U,2,2,E,8,W,U,B,0,P,FORD,EPR,UT,98,17,3692,,0,1017,,G,,F,6,245,,,15R225,,,,,,0,0,000000000,00000000000,0,0,0,1,0,0,0,0,0,0,0,998,0,1,2,6,6,6,2,1,0,0,0,1,37,27253,6,1,0,0,3,3,68,999,0,0,0,0,0,0,0,0,0,0,0,0,0,0,3,4,65,1,2,2,1,0,0,1,18,1,1,1,25,1,0
37,370719,1,1,1,25,8,2,32,1,0,1,0,92,0,98,739,98739,90,2010,000000000000,0,0,0,0,0,0,0,0,0,0,0,0,0,,,,,,,,,,,,,,,,,,,,,,,,,0,0,000000000,00000000000,0,0,0,1,0,0,0,0,0,0,0,45,0,2,1,0,0,6,2,1,0,0,0,1,37,27302,6,1,0,0,1,0,74,999,0,0,0,0,0,0,0,0,0,0,0,0,0,0,1,2,55,1,2,2,1,20,3,1,17,1,1,1,98,1,1
37,370720,1,2,2,14,8,21,19,12,6,1,0,37,1,37,32,37032,4,2010,1HGCP2F49AA0,1,H,G,C,P,2,F,4,9,A,A,0,0,P,HOND,LXP,4D,10,17,3278,,0,1102,,G,,F,4,146,,,16R215,,,,,,0,0,000000000,00000000000,0,0,0,1,0,0,0,0,0,0,0,35,0,0,0,2,2,6,2,12,0,0,1,1,37,28560,6,1,0,0,3,0,66,999,0,0,0,0,0,0,0,0,0,0,38,0,0,0,1,4,55,1,1,2,2,0,0,11,15,1,1,1,68,0,0
37,370720,2,2,1,14,8,21,19,12,6,1,0,37,1,72,706,72706,80,2004,1HD1FCW144Y6,1,H,D,1,F,C,W,1,4,4,Y,6,0,M,HD,FLU,RS,4,17,,,,,,,1450,,2,,4,788,,,,,,,0,0,000000000,00000000000,0,0,0,1,0,0,0,0,0,0,0,55,0,0,0,12,12,6,2,12,0,0,1,1,37,28583,6,1,0,0,3,1,75,999,0,0,0,0,0,0,0,0,0,0,0,0,0,0,1,4,55,1,1,2,2,0,0,1,54,1,1,1,69,1,0
37,370721,1,1,1,19,8,5,20,1,0,1,0,48,1,63,402,63402,14,2005,KNDJD7338554,K,N,D,J,D,7,3,3,8,5,5,4,0,P,KIA,SOR,UT,5,17,4112,,0,1067,,G,,F,6,213,,,16R245,,,,,,0,0,000000000,00000000000,0,0,0,1,0,0,0,0,0,0,0,80,0,2,5,0,0,6,2,1,0,0,0,1,48,78217,6,1,0,0,3,0,999,999,1,1,0,1,1,3,2009,1,2010,1,36,0,0,0,1,2,55,3,1,2,1,0,0,14,6,1,1,4,1,1,1
37,370722,1,1,2,19,8,20,50,8,0,1,0,37,1,19,18,19018,4,2004,1G6DM5772401,1,G,6,D,M,5,7,7,2,4,0,1,0,P,CADI,C/T,4D,4,17,3509,,0,1134,,G,,F,6,220,,,16R225,,,,,,0,0,000000000,00000000000,0,0,0,1,0,0,0,0,0,0,0,45,0,0,0,12,12,4,1,8,0,0,0,1,37,27574,6,1,6,0,3,0,73,999,0,0,0,0,0,0,0,0,0,0,0,0,0,0,1,2,45,1,2,2,1,0,0,1,80,1,1,1,13,0,0
37,370723,1,2,1,15,8,12,28,12,1,1,0,37,2,20,37,20037,4,2005,1G1ZS54835F1,1,G,1,Z,S,5,4,8,3,5,F,1,0,P,CHEV,MAL,4D,5,17,3174,,0,1063,,G,,F,6,214,,,15R205,,,,,,0,0,000000000,00000000000,0,0,0,1,0,0,0,0,0,0,0,55,0,0,0,12,12,6,2,12,0,0,0,1,37,27574,1,1,0,0,2,0,72,999,0,9,0,2,5,9,2009,3,2011,1,36,92,0,0,1,2,55,1,1,2,1,0,0,1,51,1,1,1,24,0,0
37,370723,2,2,1,15,8,12,28,12,1,1,0,92,0,98,998,98998,92,9999,000000000000,0,0,0,0,0,0,0,0,0,0,0,0,0,,,,,,,,,,,,,,,,,,,,,,,,,0,0,000000000,00000000000,0,0,0,1,0,0,0,0,0,0,0,998,0,0,0,6,6,4,9,12,0,0,0,1,37,27614,6,1,0,0,1,0,68,999,0,0,0,0,0,0,0,0,0,0,0,0,0,0,1,2,55,1,1,2,1,0,0,1,18,1,1,1,25,1,0
37,370724,1,1,1,27,8,7,48,42,0,1,0,37,2,12,401,12401,14,2002,1FMZU73E32UA,1,F,M,Z,U,7,3,E,3,2,U,A,0,P,FORD,EPR,UT,2,17,4378,,0,1137,,G,,F,6,245,,,16R235,,,,,,0,0,000000000,00000000000,0,0,0,1,0,0,0,0,0,0,0,55,0,0,0,5,9,6,2,42,0,0,0,1,37,28626,0,0,0,0,0,0,999,999,0,0,0,0,0,0,0,0,0,1,28,36,0,0,1,2,55,1,1,2,2,0,0,1,6,1,1,4,6,1,1
37,370725,1,1,1,12,8,1,8,42,0,1,0,37,2,41,35,41035,4,1993,JM1BG2246P06,J,M,1,B,G,2,2,4,6,P,0,6,0,P,MAZD,PDX,4D,93,17,2338,,0,984,,G,,F,4,112,,,13R175,,,,,,0,0,000000000,00000000000,0,0,0,1,0,0,0,0,0,0,0,65,0,0,0,12,12,6,2,42,0,0,0,1,37,27360,1,1,0,0,2,0,65,999,0,1,0,0,0,3,2010,3,2010,1,36,58,0,0,1,2,45,1,1,2,1,0,0,1,13,1,1,4,1,1,1
37,370726,1,2,2,6,8,10,23,12,6,1,0,37,2,35,43,35043,4,1999,3N1AB41DXXL0,3,N,1,A,B,4,1,D,X,X,L,0,0,P,NISS,SXG,4D,99,17,2308,,0,998,,G,,F,4,097,,,13R155,,,,,,0,0,000000000,00000000000,0,0,0,1,0,0,0,0,0,0,0,55,0,0,0,12,12,4,9,12,0,0,0,1,37,28379,6,1,0,0,3,3,64,999,0,0,0,0,1,11,2010,11,2010,0,38,39,0,0,1,2,55,1,2,2,1,20,3,1,17,1,1,1,88,1,0
37,370726,2,2,1,6,8,10,23,12,6,1,0,24,3,84,881,84881,66,2010,1HSCTSJR8AH2,1,H,S,C,T,S,J,R,8,A,H,2,1,T,INTL,PRO,TR,10,17,,8,0,0,PRO,D,,,6,793,,,,,00000,00,,64,1,57,132872,57132872,3,6,2,1,0,0,0,0,0,0,0,55,0,0,0,10,10,4,1,12,0,0,0,1,37,27281,6,1,6,0,3,3,71,999,0,0,0,0,0,0,0,0,0,0,0,0,0,0,1,2,55,1,2,2,1,0,0,1,17,1,1,1,89,0,0
37,370727,1,2,2,20,8,18,20,12,2,1,0,37,1,7,20,7020,4,2004,1B3ES56C14D6,1,B,3,E,S,5,6,C,1,4,D,6,0,P,DODG,NXT,4D,4,17,2634,,0,1040,,G,,F,4,122,,,15R185,,,,,,0,0,000000000,00000000000,0,0,0,1,0,0,0,0,0,0,0,55,0,0,0,12,12,6,2,12,0,0,0,1,37,28372,6,1,0,0,3,0,69,999,0,0,0,0,0,0,0,0,0,0,0,0,0,0,1,2,55,3,1,2,1,0,0,14,54,1,1,1,51,0,0
37,370727,2,2,1,20,8,18,20,12,2,1,0,37,1,72,706,72706,80,1998,1HD1GDL19WY3,1,H,D,1,G,D,L,1,9,W,Y,3,0,M,HD,FDL,RS,98,17,,,,,,,1340,,2,,4,598,,,,,,,0,0,000000000,00000000000,0,0,0,1,0,0,0,0,0,0,0,55,0,0,0,12,12,6,2,12,0,0,0,1,37,28358,6,1,0,0,3,0,72,999,0,0,0,1,1,7,2009,11,2010,0,28,0,0,0,1,2,55,2,1,2,1,0,0,14,10,1,1,2,50,1,0
37,370728,1,2,1,20,8,3,7,12,2,1,0,37,1,6,41,6041,4,1997,2C3HD56F7VH5,2,C,3,H,D,5,6,F,7,V,H,5,0,P,CHRY,L/L,4D,97,17,3460,,0,1130,,G,,F,6,215,,,16R225,,,,,,0,0,000000000,00000000000,0,0,0,1,0,0,0,0,0,0,0,55,0,0,0,12,12,6,2,12,0,0,0,1,37,28311,6,1,0,0,3,3,69,999,0,4,1,0,0,2,2009,6,2010,0,51,0,0,0,3,4,65,1,1,2,1,0,0,1,54,1,1,2,52,1,1
37,370728,2,2,5,20,8,3,7,12,2,1,0,36,1,12,443,12443,20,2004,2FMDA58214BA,2,F,M,D,A,5,8,2,1,4,B,A,0,P,FORD,FRE,SV,4,17,4275,,0,1208,,G,,F,6,256,,,16R235,,,,,,0,0,000000000,00000000000,0,0,0,1,0,0,0,0,0,0,0,65,0,0,0,12,12,6,2,12,0,0,0,1,36,14564,6,1,0,0,3,0,64,999,0,1,0,0,1,8,2009,3,2011,0,0,0,0,0,3,4,65,1,1,2,1,0,0,1,54,1,1,1,52,1,0
37,370729,1,1,1,26,8,21,5,9,0,1,1,99,9,99,999,99999,99,9999,999999999999,9,9,9,9,9,9,9,9,9,9,9,9,0,,,,,,,,,,,,,,,,,,,,,,,,,0,99,999999999,99999999999,9,99,99,1,0,0,0,0,0,0,0,999,0,0,0,12,12,9,1,9,0,0,0,1,99,99999,9,9,99,9,9,9,999,999,99,99,99,99,99,99,9999,99,9999,0,99,99,99,99,1,2,55,1,1,2,1,0,0,1,80,1,1,1,13,0,0
37,370730,1,1,1,27,8,19,49,34,0,1,0,37,1,12,35,12035,4,2000,3FAFP6632YM1,3,F,A,F,P,6,6,3,2,Y,M,1,0,P,FORD,CSE,4D,0,17,2769,,0,1065,,G,,F,4,121,,,14R185,,,,,,0,0,000000000,00000000000,0,0,0,1,0,0,0,0,0,0,0,55,0,1,5,6,0,6,2,1,0,0,0,1,37,28372,6,1,0,0,3,3,69,999,0,2,1,0,1,11,2009,4,2011,0,36,0,0,0,1,2,55,1,1,2,2,0,0,1,13,1,1,4,1,1,1
37,370731,1,1,1,6,8,1,49,59,0,1,0,37,1,7,482,7482,31,2005,1D7HU18N25S2,1,D,7,H,U,1,8,N,2,5,S,2,0,T,DODG,SQ1,CW,5,17,,2,1605,1405,RPC,G,,,8,287,,,,B,4979,03,E,44,0,0,000000000,00000000000,0,0,0,1,0,0,0,0,0,0,0,98,0,1,5,2,0,6,2,1,0,0,0,1,37,27326,6,1,0,0,3,0,70,999,1,0,0,1,0,1,2009,1,2011,1,36,58,0,0,1,2,55,3,1,2,1,0,0,14,6,1,1,4,1,1,1
37,370732,1,1,1,5,8,7,1,34,0,1,0,37,1,20,16,20016,4,1988,1G1JC5114JJ2,1,G,1,J,C,5,1,1,4,J,J,2,0,P,CHEV,CAV,4D,88,17,2231,,0,1012,,G,,F,4,121,,,13R185,,,,,,0,0,000000000,00000000000,0,0,0,1,0,0,0,0,0,0,0,50,0,0,0,14,14,6,2,35,0,0,0,1,37,28146,3,1,0,0,2,9,74,999,0,0,0,0,0,0,0,0,0,0,99,99,99,99,1,2,45,3,2,2,1,0,0,14,13,1,1,4,1,1,0
37,370734,1,1,1,5,8,6,54,23,0,1,0,37,1,35,47,35047,4,2005,1N4BL11E65C2,1,N,4,B,L,1,1,E,6,5,C,2,0,P,NISS,ASR,4D,5,17,3101,,0,1102,,G,,F,6,214,,,17R215,,,,,,0,0,000000000,00000000000,0,0,0,1,0,0,0,0,0,0,0,80,0,1,5,4,12,6,2,42,0,0,0,1,37,28366,6,1,0,0,3,2,62,999,0,1,0,0,3,8,2008,5,2011,1,36,74,0,0,1,2,55,3,2,2,1,0,0,14,13,1,1,4,1,1,1
37,370735,1,1,1,6,8,12,40,19,0,1,0,37,2,20,471,20471,30,1988,1GCCS14Z9J81,1,G,C,C,S,1,4,Z,9,J,8,1,0,T,CHEV,S14,PK,88,17,,1,1179,1083,S,G,,,6,262,,,,B,2568,03,,42,0,0,000000000,00000000000,0,0,0,1,0,0,0,0,0,0,0,30,0,0,0,12,12,6,2,19,0,0,0,1,37,28382,6,1,0,0,3,2,68,999,0,2,1,0,4,8,2008,9,2010,0,74,0,0,0,1,2,35,1,1,2,1,0,0,1,13,1,1,4,1,1,1
37,370736,1,1,1,22,8,22,22,42,0,1,0,37,1,49,472,49472,30,1997,4TAPM62N8VZ2,4,T,A,P,M,6,2,N,8,V,Z,2,0,T,TOYT,REG,PK,97,17,,1,0,1033,TAC,G,,,4,164,,,,B,3190,00,M,44,0,0,000000000,00000000000,0,0,0,1,0,0,0,0,0,0,0,60,0,0,0,12,12,6,2,42,0,0,0,1,37,28425,6,1,6,0,3,0,69,999,1,0,0,0,0,7,2009,7,2009,1,39,0,0,0,1,2,55,1,1,2,1,20,3,1,13,1,1,4,1,1,1
37,370737,1,1,3,27,8,16,38,16,0,1,0,37,1,6,441,6441,20,2001,2C4GP44301R3,2,C,4,G,P,4,4,3,0,1,R,3,0,T,CHRY,TLX,ES,1,17,,1,0,1193,TWC,F,,,6,201,,,,,3993,00,,42,0,0,000000000,00000000000,0,0,0,1,0,0,0,0,0,0,0,45,0,0,0,0,0,6,2,16,0,0,0,1,37,28328,6,1,0,0,3,0,62,999,0,0,0,0,0,0,0,0,0,0,0,0,0,0,1,2,45,1,1,2,2,0,0,1,98,6,1,2,0,1,0
37,370738,1,1,1,26,8,3,1,8,0,1,1,99,9,99,999,99999,99,9999,999999999999,9,9,9,9,9,9,9,9,9,9,9,9,0,,,,,,,,,,,,,,,,,,,,,,,,,0,0,000000000,00000000000,0,0,0,1,0,0,0,0,0,0,0,55,0,0,0,99,99,0,1,8,0,0,0,1,99,99999,9,9,99,9,9,9,999,999,99,99,99,99,99,99,9999,99,9999,0,99,99,99,99,1,2,55,1,1,2,1,0,0,1,80,1,1,1,13,0,0
37,370739,1,2,1,25,8,18,35,12,8,1,0,37,2,73,705,73705,80,2006,JKAEXVD126A0,J,K,A,E,X,V,D,1,2,6,A,0,0,M,KAWK,E5D,RC,6,17,,,,,,,498,,2,,4,391,,,,,,,0,0,000000000,00000000000,0,0,0,1,0,0,0,0,0,0,0,85,0,0,0,10,10,6,2,12,0,0,0,1,37,28352,1,1,0,0,2,0,69,999,0,4,0,0,2,4,2009,9,2010,1,28,36,0,0,1,2,55,2,1,2,1,0,0,14,10,1,1,2,64,1,1
37,370739,2,2,2,25,8,18,35,12,8,1,0,37,1,20,481,20481,31,2005,2GCEC13T4511,2,G,C,E,C,1,3,T,4,5,1,1,0,T,CHEV,SC1,CW,5,17,,2,0,1435,SIL,G,,,8,323,,,,B,4986,00,,42,0,0,000000000,00000000000,0,0,0,1,0,0,0,0,0,0,0,50,0,0,0,10,10,6,2,12,0,0,0,1,37,27281,6,1,0,0,3,0,69,999,0,0,0,0,1,4,2010,4,2010,0,0,0,0,0,1,2,55,3,1,2,1,0,0,14,62,1,1,1,65,0,0
37,370740,1,2,1,19,8,8,0,12,6,1,0,26,2,37,31,37031,4,2008,1HGFA16568L0,1,H,G,F,A,1,6,5,6,8,L,0,0,P,HOND,UCL,4D,8,17,2751,,0,1063,,G,,F,4,110,,,16R205,,,,,,0,0,000000000,00000000000,0,0,0,1,0,0,0,0,0,0,0,15,0,0,0,9,9,6,2,12,0,0,0,1,26,48382,6,1,0,0,3,3,66,280,0,0,0,0,0,0,0,0,0,0,38,0,0,0,1,2,45,1,1,2,1,20,3,1,17,1,1,1,89,0,0
37,370740,2,2,1,19,8,8,0,12,6,1,0,37,1,37,32,37032,4,1993,1HGCB7652PA0,1,H,G,C,B,7,6,5,2,P,A,0,0,P,HOND,ALX,4D,93,17,2504,,0,1071,,G,,F,4,132,,,14R185,,,,,,0,0,000000000,00000000000,0,0,0,1,0,0,0,0,0,0,0,45,0,0,0,12,12,6,2,12,0,0,0,1,37,28001,6,1,0,0,3,3,71,999,2,0,0,0,0,2,2011,4,2011,0,0,0,0,0,1,2,45,1,1,2,1,0,0,1,17,1,1,1,88,1,0
37,370741,1,1,4,12,8,9,27,43,0,1,0,37,1,49,40,49040,4,1999,JT2BG22K3X03,J,T,2,B,G,2,2,K,3,X,0,3,0,P,TOYT,XLL,4D,99,17,3120,,0,1051,,G,,F,4,132,,,14R195,,,,,,0,0,000000000,00000000000,0,0,0,1,0,0,0,0,0,0,0,35,0,0,0,12,12,6,2,42,0,0,0,1,37,27610,6,1,0,0,3,0,67,999,1,0,0,0,0,2,2011,2,2011,0,99,99,99,99,1,4,35,1,2,2,1,0,0,1,12,1,1,4,6,1,0
37,370742,1,1,1,18,8,12,5,30,0,1,0,13,4,55,36,55036,4,2011,KMHCN4AC6BU5,K,M,H,C,N,4,A,C,6,B,U,5,0,P,HYUN,ALS,4D,11,17,2365,,0,0,,G,,F,4,098,,,000000,,,,,,0,0,000000000,00000000000,0,0,0,1,0,0,0,0,0,0,0,998,0,0,0,1,12,6,2,8,0,0,0,1,37,27610,6,1,0,0,3,0,65,999,3,0,0,0,0,4,2009,6,2011,1,36,91,0,0,1,4,45,3,2,2,1,0,0,14,13,1,1,4,1,0,0
37,370743,1,1,1,22,8,21,44,53,0,1,0,37,1,12,399,12399,2,1924,T7266995,T,7,2,6,6,9,9,5,,,,,0,U,FORD,,,24,8,,,,,,,,,,,,,,,,,,,0,0,000000000,00000000000,0,0,0,1,0,0,0,0,0,0,0,45,0,1,5,12,0,6,2,1,0,0,0,1,37,27502,6,1,0,0,3,3,72,999,1,0,0,0,0,10,2008,10,2008,0,99,99,99,99,1,2,45,1,2,2,1,0,0,1,13,1,1,4,1,1,1
37,370744,1,2,2,30,8,17,14,12,6,1,0,37,1,49,40,49040,4,2003,4T1BE32K93U2,4,T,1,B,E,3,2,K,9,3,U,2,0,P,TOYT,UXS,4D,3,17,2993,,0,1071,,G,,F,4,144,,,15R205,,,,,,0,0,000000000,00000000000,0,0,0,1,0,0,0,0,0,0,0,50,0,0,0,12,12,6,2,12,0,0,0,1,37,27502,6,1,0,0,3,3,65,999,0,0,0,0,0,0,0,0,0,0,0,0,0,0,1,5,50,1,2,2,1,0,0,1,17,1,1,1,88,0,0
37,370744,2,2,2,30,8,17,14,12,6,1,0,37,2,22,32,22032,6,2003,5Y2SL62833Z4,5,Y,2,S,L,6,2,8,3,3,Z,4,0,P,PONT,VIB,4H,3,17,2700,,0,1024,,G,,F,4,110,,,16R205,,,,,,0,0,000000000,00000000000,0,0,0,1,0,0,0,0,0,0,0,15,0,0,0,9,9,6,2,12,0,0,0,1,37,27513,6,1,0,0,3,0,67,999,0,0,0,0,0,0,0,0,0,0,38,0,0,0,1,5,25,1,2,2,1,20,3,1,15,1,1,1,89,1,0
37,370745,1,1,5,6,8,13,26,34,0,1,0,37,2,12,401,12401,14,2003,1FMZU73K83ZB,1,F,M,Z,U,7,3,K,8,3,Z,B,0,P,FORD,EPR,UT,3,17,4094,,0,1137,,F,,F,6,245,,,16R235,,,,,,0,0,000000000,00000000000,0,0,0,1,0,0,0,0,0,0,0,55,0,1,5,12,0,6,2,1,0,0,0,1,37,27970,6,1,0,0,3,0,68,999,0,0,0,0,0,0,0,0,0,0,0,0,0,0,1,2,55,3,1,2,2,0,0,14,13,1,1,4,1,1,0
37,370746,1,1,2,1,8,9,42,34,0,1,0,37,2,23,481,23481,31,2001,2GTEC19V6112,2,G,T,E,C,1,9,V,6,1,1,2,0,T,GMC,NC1,PC,1,17,,2,1575,1435,SIE,G,,,8,293,,,,B,4413,00,U,42,0,0,000000000,00000000000,0,0,0,1,0,0,0,0,0,0,0,55,0,1,5,12,0,6,2,1,0,0,0,1,37,27893,0,0,0,0,0,0,73,999,0,3,0,0,0,5,2009,3,2010,0,28,0,0,0,1,2,55,1,1,2,1,0,0,1,12,1,1,4,6,1,0
37,370747,1,1,2,14,8,4,0,30,0,1,0,51,2,23,481,23481,31,1998,2GTEK19R6W15,2,G,T,E,K,1,9,R,6,W,1,5,0,T,GMC,SK1,PC,98,17,,2,1555,1415,SIE,G,,,8,350,,,,B,4561,00,U,44,0,0,000000000,00000000000,0,0,0,1,0,0,0,0,0,0,0,95,0,0,0,12,12,6,2,30,0,0,0,1,37,28341,0,0,0,0,0,0,999,999,0,0,0,0,0,0,0,0,0,1,36,0,0,0,2,2,50,3,1,2,1,4,3,14,6,1,1,4,1,1,1
37,370748,1,1,1,20,8,19,48,42,0,1,0,37,2,20,421,20421,15,2003,1GNEC13V93R1,1,G,N,E,C,1,3,V,9,3,R,1,0,P,CHEV,CTA,UT,3,17,4828,,0,1160,,G,,F,8,293,,,16R265,,,,,,0,0,000000000,00000000000,0,0,0,1,0,0,0,0,0,0,0,55,0,0,0,12,12,6,2,42,0,0,0,1,37,28333,6,1,0,0,3,3,62,999,0,0,0,0,0,0,0,0,0,0,58,0,0,0,1,2,55,1,2,2,1,0,0,1,12,1,1,4,6,1,1
37,370749,1,1,8,20,8,16,22,1,0,1,0,36,2,12,422,12422,15,2000,1FMPU18L3YLA,1,F,M,P,U,1,8,L,3,Y,L,A,0,P,FORD,EPT,UT,0,17,5401,,0,1191,,G,,F,8,330,,,16R255,,,,,,0,0,000000000,00000000000,0,0,0,1,0,0,0,0,0,0,0,72,0,2,5,0,0,6,2,1,0,0,0,1,36,10032,6,1,0,0,3,3,66,999,0,0,0,0,0,0,0,0,0,0,0,0,0,0,2,4,70,3,1,2,1,0,0,14,1,1,1,4,1,3,0
37,370750,1,2,3,27,8,16,16,12,6,1,0,37,1,20,481,20481,31,2009,1GNER33D09S1,1,G,N,E,R,3,3,D,0,9,S,1,0,P,CHEV,TRV,UT,9,17,4790,,0,1189,,G,,F,6,220,,,20R255,,,,,,0,0,000000000,00000000000,0,0,0,1,0,0,0,0,0,0,0,35,0,0,0,12,12,6,2,12,0,0,0,1,37,27530,6,1,0,0,3,3,63,999,2,0,0,0,1,12,2008,6,2009,0,0,0,0,0,3,4,35,1,1,2,2,3,1,1,17,1,1,1,88,0,0