STATE,ST_CASE,VEH_NO,VE_FORMS,NUMOCCS,DAY,MONTH,HOUR,MINUTE,HARM_EV,MAN_COLL,UNITTYPE,HIT_RUN,REG_STAT,OWNER,MAKE,MODEL,MAK_MOD,BODY_TYP,MOD_YEAR,VIN,VIN_1,VIN_2,VIN_3,VIN_4,VIN_5,VIN_6,VIN_7,VIN_8,VIN_9,VIN_10,VIN_11,VIN_12,TOW_VEH,VINTYPE,VINMAKE,VINA_MOD,VIN_BT,VINMODYR,VIN_LNGT,VIN_WGT,WGTCD_TR,WHLBS_LG,WHLBS_SH,SER_TR,FUELCODE,MCYCL_DS,CARBUR,CYLINDER,DISPLACE,MCYCL_CY,MCYCL_WT,TIRE_SZE,TON_RAT,TRK_WT,TRKWTVAR,VIN_REST,WHLDRWHL,J_KNIFE,MCARR_I1,MCARR_I2,MCARR_ID,GVWR,V_CONFIG,CARGO_BT,HAZ_INV,HAZ_PLAC,HAZ_ID,HAZ_CNO,HAZ_REL,BUS_USE,SPEC_USE,EMER_USE,TRAV_SP,UNDERIDE,ROLLOVER,ROLINLOC,IMPACT1,IMPACT2,DEFORMED,TOWED,M_HARM,VEH_SC1,VEH_SC2,FIRE_EXP,DR_PRES,L_STATE,DR_ZIP,L_STATUS,L_TYPE,CDL_STAT,L_ENDORS,L_COMPL,L_RESTRI,DR_HGT,DR_WGT,PREV_ACC,PREV_SUS,PREV_DWI,PREV_SPD,PREV_OTH,FIRST_MO,FIRST_YR,LAST_MO,LAST_YR,SPEEDREL,DR_SF1,DR_SF2,DR_SF3,DR_SF4,VTRAFWAY,VNUM_LAN,VSPD_LIM,VALIGN,VPROFILE,VPAVETYP,VSURCOND,VTRAFCON,VTCONT_F,P_CRASH1,P_CRASH2,P_CRASH3,PCRASH4,PCRASH5,ACC_TYPE,DEATHS,DR_DRINK
37,370856,2,2,1,7,10,20,15,12,2,1,0,37,1,20,32,20032,4,1998,1Y1SK5288WZ4,1,Y,1,S,K,5,2,8,8,W,Z,4,0,P,CHEV,P/L,4D,98,17,0,,0,971,,G,,F,4,110,,,14R175,,,,,,0,0,000000000,00000000000,0,0,0,1,0,0,0,0,0,0,0,40,0,0,0,12,12,6,2,12,0,0,0,1,37,27315,6,1,0,0,3,0,69,999,0,0,0,0,0,0,0,0,0,0,28,0,0,0,1,2,45,1,2,2,1,0,0,1,10,1,1,2,50,1,0
37,370857,1,1,1,3,10,1,52,35,0,1,0,37,2,35,39,35039,4,2004,1N4BA41E64C9,1,N,4,B,A,4,1,E,6,4,C,9,0,P,NISS,MEL,4D,4,17,3310,,0,1112,,G,,F,6,214,,,17R225,,,,,,0,0,000000000,00000000000,0,0,0,1,0,0,0,0,0,0,0,80,0,1,5,6,61,6,2,1,0,0,0,1,37,27208,1,1,0,0,2,0,64,999,0,2,1,0,1,2,2009,7,2011,1,0,0,0,0,1,2,55,2,2,2,1,0,0,14,12,1,1,4,6,1,1
37,370858,1,2,2,11,10,11,42,12,6,1,0,37,3,12,881,12881,66,1986,1FDYA90W3GVA,1,F,D,Y,A,9,0,W,3,G,V,A,1,T,FORD,TL9,CC,86,17,,8,2460,1740,COL,D,,,6,855,,,,,13975,04,A,64,3,57,398849,57398849,3,6,1,1,0,0,0,0,0,0,0,45,0,0,0,12,12,6,2,12,0,0,0,1,37,27355,6,1,6,0,3,3,72,999,0,0,0,0,0,0,0,0,0,0,0,0,0,0,1,2,55,2,1,2,2,0,0,14,62,1,1,1,65,0,0
37,370858,2,2,1,11,10,11,42,12,6,1,0,37,2,20,16,20016,2,1996,1G1JF12T9T71,1,G,1,J,F,1,2,T,9,T,7,1,0,P,CHEV,CZ2,CP,96,17,2788,,0,1041,,G,,F,4,146,,,16R205,,,,,,0,0,000000000,00000000000,0,0,0,1,0,0,0,0,0,0,0,70,0,1,5,3,81,6,2,12,0,0,0,1,37,27341,6,1,0,0,3,3,65,999,0,0,0,0,0,0,0,0,0,1,28,0,0,0,1,2,55,3,1,2,2,0,0,14,6,1,4,2,64,1,0
37,370859,1,1,1,25,10,2,49,8,0,1,0,37,1,12,481,12481,31,1988,1FTEF14NXJNB,1,F,T,E,F,1,4,N,X,J,N,B,0,T,FORD,F15,PK,88,17,,2,1330,1170,COF,G,,,8,302,,,,B,00000,00,A,44,0,0,000000000,00000000000,0,0,0,1,0,0,0,0,0,0,0,45,0,0,0,12,12,2,3,8,0,0,0,1,37,28152,6,1,6,0,3,0,74,999,0,0,0,0,1,7,2009,7,2009,0,0,0,0,0,2,4,55,1,1,2,1,0,0,1,80,1,1,1,13,0,0
37,370860,1,1,2,10,10,21,32,42,0,1,0,37,2,18,20,18020,4,1993,2G4WD54L8P14,2,G,4,W,D,5,4,L,8,P,1,4,0,P,BUIC,RGL,4D,93,17,3174,,0,1075,,G,,F,6,231,,,15R205,,,,,,0,0,000000000,00000000000,0,0,0,1,0,0,0,0,0,0,0,75,0,1,5,9,61,6,2,42,0,0,0,1,37,28456,1,1,0,0,2,0,66,999,0,6,0,2,4,9,2009,9,2011,1,58,0,0,0,1,2,55,1,1,2,2,0,0,1,12,1,1,4,6,1,1
37,370861,1,1,1,17,10,21,5,42,0,1,0,37,2,22,20,22020,4,2001,1G2WK52J31F2,1,G,2,W,K,5,2,J,3,1,F,2,0,P,PONT,GFS,4D,1,17,3384,,0,1105,,G,,F,6,191,,,15R205,,,,,,0,0,000000000,00000000000,0,0,0,1,0,0,0,0,0,0,0,55,0,0,0,3,3,6,2,42,0,0,0,1,37,28432,6,1,0,0,3,0,65,999,2,1,0,1,4,5,2009,7,2011,1,36,0,0,0,1,2,55,2,1,2,1,0,0,14,6,1,1,4,1,1,0
37,370862,1,1,1,21,10,0,35,1,0,1,0,37,1,20,421,20421,15,2004,1GNEC13Z94R2,1,G,N,E,C,1,3,Z,9,4,R,2,0,P,CHEV,CTA,UT,4,17,4828,,0,1160,,F,,F,8,325,,,16R265,,,,,,0,0,000000000,00000000000,0,0,0,1,0,0,0,0,0,0,0,65,0,2,5,0,0,6,2,1,0,0,0,1,37,28472,6,1,0,0,3,3,61,999,1,0,0,0,0,12,2009,12,2009,1,36,58,0,0,1,2,55,3,1,2,1,0,0,14,6,1,1,4,1,1,0
37,370863,1,1,1,14,10,2,55,34,0,1,0,37,1,37,32,37032,4,1998,1HGCG5553WA2,1,H,G,C,G,5,5,5,3,W,A,2,0,P,HOND,UEX,4D,98,17,2919,,0,1069,,G,,F,4,138,,,15R195,,,,,,0,0,000000000,00000000000,0,0,0,1,0,0,0,0,0,0,0,82,0,1,5,11,0,6,2,1,0,0,0,1,37,28562,1,1,0,0,2,0,65,999,0,4,0,0,4,6,2009,11,2010,1,36,51,58,0,1,2,55,3,1,2,2,0,0,14,6,1,1,4,6,1,1
37,370864,1,4,1,3,10,15,59,12,6,1,0,45,3,86,881,86881,66,2006,1M1AJ06YX6N0,1,M,1,A,J,0,6,Y,X,6,N,0,1,T,MACK,CHN,TR,6,17,,8,0,0,600,D,,,6,728,,,,,00000,00,,64,1,57,724294,57724294,3,6,4,1,0,0,0,0,0,0,0,50,0,0,0,12,12,6,9,12,0,0,0,1,37,28323,6,1,6,1,3,3,71,999,0,0,0,0,1,7,2009,7,2009,1,36,39,0,0,2,4,45,1,2,2,1,3,3,1,54,1,1,1,88,0,0
37,370864,2,4,5,3,10,15,59,12,6,1,0,37,2,49,442,49442,20,2007,5TDZK23C67S0,5,T,D,Z,K,2,3,C,6,7,S,0,0,P,TOYT,SIE,SV,7,17,4177,,0,1193,,G,,F,6,214,,,16R215,,,,,,0,0,000000000,00000000000,0,0,0,1,0,0,0,0,0,0,0,20,0,0,0,9,9,6,2,12,0,0,0,1,37,28326,6,1,0,0,3,0,73,999,0,0,0,0,0,0,0,0,0,0,0,0,0,0,2,4,45,1,2,2,1,3,3,4,17,1,1,1,89,1,0
37,370864,3,4,1,3,10,15,59,12,6,1,0,37,1,34,34,34034,4,2008,WBAVA37528NL,W,B,A,V,A,3,7,5,2,8,N,L,0,P,BMW,28I,4D,8,17,3406,,0,1087,,G,,F,6,183,,,16R205,,,,,,0,0,000000000,00000000000,0,0,0,1,0,0,0,0,0,0,0,0,0,0,0,12,12,6,2,54,0,0,0,1,9,6460,6,1,0,0,3,0,71,999,98,0,0,0,0,0,0,0,0,0,0,0,0,0,2,4,45,1,2,2,1,3,3,5,62,1,1,1,98,0,0
37,370864,4,4,1,3,10,15,59,12,6,1,0,37,1,21,21,21021,4,2000,1G3NL52T6YC4,1,G,3,N,L,5,2,T,6,Y,C,4,0,P,OLDS,A/G,4D,0,17,3022,,0,1070,,G,,F,4,146,,,15R215,,,,,,0,0,000000000,00000000000,0,0,0,1,0,0,0,0,0,0,0,20,0,0,0,9,9,6,2,54,0,0,0,1,37,28326,6,1,0,0,3,0,72,999,0,0,0,0,0,0,0,0,0,0,0,0,0,0,2,4,45,1,2,2,1,3,3,1,18,1,1,1,98,0,0
37,370865,1,1,1,9,10,19,10,1,0,1,0,37,1,76,706,76706,80,2008,JYAVP28E88A0,J,Y,A,V,P,2,8,E,8,8,A,0,0,M,YAMA,X17,RS,8,17,,,,,,,1670,,2,,4,694,,,,,,,0,0,000000000,00000000000,0,0,0,1,0,0,0,0,0,0,0,55,0,0,0,0,0,6,2,1,0,0,0,1,37,28399,6,1,0,0,3,3,68,999,2,0,0,0,0,11,2009,8,2011,1,36,0,0,0,1,2,55,3,2,2,1,0,0,14,6,1,1,4,1,1,1
37,370866,1,2,1,5,10,19,32,12,6,1,0,37,3,20,20,20020,4,1993,2G1WL54T7P91,2,G,1,W,L,5,4,T,7,P,9,1,0,P,CHEV,LUM,4D,93,17,3169,,0,1075,,G,,F,6,191,,,14R195,,,,,,0,0,000000000,00000000000,0,0,0,1,0,0,0,0,0,0,0,40,0,0,0,9,9,6,2,12,0,0,0,1,37,27948,6,1,0,0,3,3,67,999,0,0,0,0,1,7,2011,7,2011,0,38,39,0,0,3,5,45,1,3,2,1,4,3,1,17,1,1,1,89,0,1
37,370866,2,2,4,5,10,19,32,12,6,1,0,37,2,20,481,20481,31,1997,1GCEK19R5VE1,1,G,C,E,K,1,9,R,5,V,E,1,0,T,CHEV,GK1,PC,97,17,,2,1555,1415,GM4,G,,,8,350,,,,B,4544,00,,44,0,0,000000000,00000000000,0,0,0,1,0,0,0,0,0,0,0,50,0,0,0,12,12,6,2,12,0,0,0,1,37,28613,6,1,0,0,3,3,66,999,0,0,0,0,0,0,0,0,0,0,0,0,0,0,3,5,50,1,3,2,1,4,3,1,54,1,1,1,88,1,0
37,370867,1,2,1,15,10,2,58,12,1,1,0,37,3,84,881,84881,66,2006,1HSHWAHN56J0,1,H,S,H,W,A,H,N,5,6,J,0,1,T,INTL,860,TR,6,17,,7,0,0,80S,D,,,6,661,,,,,00000,00,,42,1,57,1021018,571021018,3,6,1,1,0,0,0,0,0,0,0,70,0,0,0,12,12,6,2,2,0,0,1,1,45,29615,6,1,6,0,3,0,71,204,0,0,0,0,1,11,2009,11,2009,0,99,99,99,99,3,6,70,1,1,2,1,0,0,1,11,1,1,1,24,1,0
37,370867,2,2,4,15,10,2,58,12,1,1,0,37,2,12,401,12401,14,1998,1FMYU22X8WUA,1,F,M,Y,U,2,2,X,8,W,U,A,0,P,FORD,EPR,UT,98,17,3692,,0,1017,,G,,F,6,245,,,15R225,,,,,,0,0,000000000,00000000000,0,0,0,1,0,0,0,0,0,0,0,65,0,0,0,6,6,6,2,12,0,0,0,1,37,27563,0,0,0,0,0,0,64,999,0,0,0,0,0,0,0,0,0,0,0,0,0,0,3,6,70,1,1,2,1,0,0,1,61,1,1,1,25,0,0
37,370868,1,2,1,4,10,17,40,12,2,1,0,37,2,37,31,37031,4,2005,1HGES16365L0,1,H,G,E,S,1,6,3,6,5,L,0,0,P,HOND,UDV,4D,5,17,2544,,0,1031,,G,,F,4,102,,,14R185,,,,,,0,0,000000000,00000000000,0,0,0,1,0,0,0,0,0,0,0,25,0,0,0,12,12,6,2,12,0,0,0,1,37,27299,6,1,0,0,3,3,69,999,0,0,0,0,0,0,0,0,0,0,38,0,0,0,1,2,55,1,1,2,1,0,0,11,15,1,1,1,84,1,1
37,370868,2,2,5,4,10,17,40,12,2,1,0,37,2,37,31,37031,2,2001,1HGEM21921L1,1,H,G,E,M,2,1,9,2,1,L,1,0,P,HOND,SIX,CP,1,17,2553,,0,1031,,G,,F,4,102,,,15R185,,,,,,0,0,000000000,00000000000,0,0,0,1,0,0,0,0,0,0,0,55,0,0,0,12,12,6,2,12,0,0,0,1,37,27299,3,1,0,0,2,0,64,999,0,0,0,2,1,2,2009,9,2011,0,92,0,0,0,1,2,55,1,1,2,1,0,0,1,17,1,1,1,84,0,0
37,370869,1,1,1,2,10,4,56,53,0,1,0,37,1,12,16,12016,4,2002,2FAFP71W52X1,2,F,A,F,P,7,1,W,5,2,X,1,0,P,FORD,CVP,4D,2,17,3942,,0,1147,,G,,F,8,281,,,16R225,,,,,,0,0,000000000,00000000000,0,0,0,1,0,0,0,0,0,0,0,55,0,1,5,3,0,6,2,1,0,0,0,1,37,27054,6,1,0,0,3,0,77,999,0,1,0,0,2,11,2008,8,2009,0,0,0,0,0,1,2,55,3,1,2,1,0,0,14,13,1,1,4,1,1,1
37,370870,1,2,1,6,10,7,32,12,2,1,0,37,2,20,481,20481,31,2000,2GCEK19T8Y12,2,G,C,E,K,1,9,T,8,Y,1,2,0,T,CHEV,SK1,3C,0,17,,2,1575,1435,SIL,G,,,8,325,,,,B,4621,02,,44,0,0,000000000,00000000000,0,0,0,1,0,0,0,0,0,0,0,45,0,0,0,12,12,6,2,12,0,0,0,1,37,27587,6,1,0,0,3,3,71,999,5,1,0,0,1,6,2009,1,2011,0,28,0,0,0,2,2,45,3,1,2,1,0,0,14,10,1,1,2,50,0,0
37,370870,2,2,3,6,10,7,32,12,2,1,0,37,2,37,31,37031,4,1993,1HGEG8655PL0,1,H,G,E,G,8,6,5,5,P,L,0,0,P,HOND,CLX,4D,93,17,2319,,0,1013,,G,,F,4,091,,,13R175,,,,,,0,0,000000000,00000000000,0,0,0,1,0,0,0,0,0,0,0,40,0,0,0,12,12,6,2,12,0,0,0,1,37,27704,6,1,0,0,3,0,66,999,0,0,0,0,0,0,0,0,0,0,0,0,0,0,2,2,45,2,1,2,1,0,0,14,62,1,1,1,51,1,0
37,370871,1,1,4,13,10,2,0,34,0,1,0,37,2,55,37,55037,2,2008,KMHHM66D68U2,K,M,H,H,M,6,6,D,6,8,U,2,0,P,HYUN,TGS,CP,8,17,2898,,0,996,,G,,F,4,121,,,16R205,,,,,,0,0,000000000,00000000000,0,0,0,1,0,0,0,0,0,0,0,70,0,1,5,12,0,6,2,42,0,0,0,1,37,27712,6,2,0,0,3,0,68,999,1,0,0,0,0,9,2011,9,2011,1,36,0,0,0,2,4,55,1,1,2,2,0,0,1,6,1,1,4,1,1,1
37,370872,1,1,2,3,10,6,38,8,0,1,0,37,2,20,22,20022,4,2007,1G1AK55F8774,1,G,1,A,K,5,5,F,8,7,7,4,0,P,CHEV,BLS,4D,7,17,3216,,0,1033,,G,,F,4,134,,,15R195,,,,,,0,0,000000000,00000000000,0,0,0,1,0,0,0,0,0,0,0,60,0,0,0,12,12,4,3,8,0,0,0,1,37,27107,0,0,0,0,0,0,999,999,0,0,0,0,0,0,0,0,0,0,0,0,0,0,2,4,65,1,1,2,1,0,0,1,80,1,1,1,13,0,0
37,370873,1,2,2,20,10,10,24,12,1,1,0,37,3,12,870,12870,61,1999,1FDXE47F9XHA,1,F,D,X,E,4,7,F,9,X,H,A,0,T,FORD,CMC,YY,99,17,,4,1760,1580,CTV,D,,,8,444,,,,,00000,00,M,42,0,88,888888888,88888888888,2,1,1,1,0,0,0,0,0,0,0,65,0,1,5,12,12,6,2,12,0,0,0,1,37,27106,6,1,0,0,3,0,69,999,0,0,0,0,0,0,0,0,0,0,92,0,0,0,3,4,65,1,1,2,1,0,0,1,50,1,1,1,20,0,0
37,370873,2,2,1,20,10,10,24,12,1,1,0,37,2,37,31,37031,2,1995,JHMEH6164SS0,J,H,M,E,H,6,1,6,4,S,S,0,0,P,HOND,DSI,CP,95,17,2351,,0,933,,G,,F,4,097,,,14R185,,,,,,0,0,000000000,00000000000,0,0,0,1,0,0,0,0,0,0,0,0,0,0,0,6,1,6,2,12,0,0,0,1,37,27107,1,1,0,0,2,0,80,999,0,8,0,5,12,10,2008,9,2011,0,99,99,99,99,3,4,65,1,1,2,1,0,0,5,19,1,1,1,21,1,0
37,370874,1,3,1,14,10,13,3,12,2,1,0,32,1,20,481,20481,31,2008,2GCEK19J1812,2,G,C,E,K,1,9,J,1,8,1,2,0,T,CHEV,SK1,4C,8,17,,2,1575,1339,SIL,G,,,8,323,,,,B,5226,02,,44,0,0,000000000,00000000000,0,0,0,1,0,0,0,0,0,0,0,55,0,0,0,12,3,6,2,12,0,0,0,1,32,89129,6,1,0,0,3,0,70,175,0,2,0,0,2,11,2009,12,2009,1,28,36,0,0,1,2,55,1,1,2,99,0,0,1,10,1,1,2,50,0,0
37,370874,2,3,1,14,10,13,3,12,2,1,0,37,1,7,472,7472,30,2005,1D7HW48J55S3,1,D,7,H,W,4,8,J,5,5,S,3,0,T,DODG,DQS,CW,5,17,,2,0,1309,DAK,G,,,8,287,,,,B,4430,00,E,44,0,0,000000000,00000000000,0,0,0,1,0,0,0,0,0,0,0,55,0,0,0,12,12,6,2,12,0,0,0,1,37,27525,6,1,0,0,3,0,60,999,0,0,0,0,0,0,0,0,0,0,0,0,0,0,1,2,55,1,1,2,99,0,0,1,62,1,1,1,51,1,0
37,370874,3,3,1,14,10,13,3,12,2,1,0,37,1,49,40,49040,4,2006,4T1BF30K86U1,4,T,1,B,F,3,0,K,8,6,U,1,0,P,TOYT,UXS,4D,6,17,3108,,0,1071,,G,,F,6,183,,,15R205,,,,,,0,0,000000000,00000000000,0,0,0,1,0,0,0,0,0,0,0,55,0,0,0,12,12,6,2,12,0,0,0,1,37,27549,6,1,0,0,3,3,66,999,0,0,0,0,0,0,0,0,0,0,0,0,0,0,1,2,55,1,1,2,99,0,0,1,62,6,1,2,98,0,0
37,370875,1,1,1,18,10,6,16,8,0,1,0,37,2,12,401,12401,14,1996,1FMDU32XXTZA,1,F,M,D,U,3,2,X,X,T,Z,A,0,P,FORD,EPR,UT,96,17,3952,,0,1115,,G,,F,6,245,,,15R225,,,,,,0,0,000000000,00000000000,0,0,0,1,0,0,0,0,0,0,0,35,0,0,0,12,12,4,3,8,0,0,0,1,37,28150,6,1,0,0,3,0,74,999,1,0,0,0,0,4,2009,4,2009,0,0,0,0,0,1,2,35,1,1,2,1,3,3,1,80,1,1,1,13,0,0
37,370877,1,1,1,22,10,3,16,23,0,1,0,37,1,34,34,34034,4,1998,WBACC0329WEK,W,B,A,C,C,0,3,2,9,W,E,K,0,P,BMW,31A,4D,98,17,3042,,0,1063,,G,,F,4,116,,,15R185,,,,,,0,0,000000000,00000000000,0,0,0,1,0,0,0,0,0,0,0,85,0,0,0,5,5,6,2,23,0,0,0,1,37,27013,6,1,0,0,3,0,69,999,1,0,0,0,0,6,2009,6,2009,1,0,0,0,0,1,2,55,3,2,2,1,0,0,14,6,1,4,4,7,1,1
37,370878,1,1,1,2,10,13,35,42,0,1,0,37,3,12,471,12471,30,2000,1FTYR10V3YPB,1,F,T,Y,R,1,0,V,3,Y,P,B,0,T,FORD,RNG,PK,0,17,,1,1175,1116,RNG,F,,,6,182,,,,B,3068,02,U,42,0,0,000000000,00000000000,0,0,0,1,0,0,0,0,0,0,0,65,0,1,5,12,81,6,2,1,0,0,0,1,37,28779,6,1,6,0,3,0,72,999,0,0,0,0,0,0,0,0,0,1,36,0,0,0,2,2,55,3,2,2,1,0,0,14,13,1,1,4,1,1,1
37,370879,1,2,1,5,10,4,50,12,1,1,0,13,3,86,881,86881,66,2006,1M1AK06YX6N0,1,M,1,A,K,0,6,Y,X,6,N,0,1,T,MACK,CXN,TR,6,17,,8,0,0,600,D,,,6,728,,,,,00000,00,,64,1,57,09762U,5709762U,3,6,3,1,0,0,0,0,0,0,0,55,0,0,0,6,6,2,1,12,0,0,0,1,37,27355,6,1,6,0,3,0,75,999,0,0,0,0,0,0,0,0,0,0,0,0,0,0,2,2,70,1,2,2,1,0,0,1,53,1,1,1,25,0,0
37,370879,2,2,1,5,10,4,50,12,1,1,0,37,2,23,471,23471,30,2000,1GTCS1940Y81,1,G,T,C,S,1,9,4,0,Y,8,1,0,T,GMC,SON,PC,0,17,,1,0,1229,SON,G,,,4,133,,,,B,3242,00,U,42,0,0,000000000,00000000000,0,0,0,1,0,0,0,0,0,0,0,75,3,0,0,12,12,6,2,12,0,0,0,1,37,27542,6,1,6,0,3,0,68,999,3,0,0,0,0,2,2009,4,2010,1,0,0,0,0,2,2,70,1,2,2,1,0,0,1,51,1,1,1,24,1,0
37,370880,1,1,1,10,10,1,27,42,0,1,0,37,2,12,37,12037,4,2000,1FAFP3437YW2,1,F,A,F,P,3,4,3,7,Y,W,2,0,P,FORD,FSS,4D,0,17,2564,,0,1030,,G,,F,4,121,,,15R195,,,,,,0,0,000000000,00000000000,0,0,0,1,0,0,0,0,0,0,0,70,0,0,0,12,81,6,2,42,0,0,0,1,37,27520,6,1,0,0,3,0,65,999,0,1,0,0,0,7,2011,7,2011,0,36,58,0,0,1,2,55,1,2,2,1,0,0,1,12,1,1,4,6,1,1
37,370881,1,1,4,7,10,21,2,42,0,1,0,26,2,20,22,20022,2,2005,1G1AK12F3575,1,G,1,A,K,1,2,F,3,5,7,5,0,P,CHEV,CBT,CP,5,17,2991,,0,1033,,G,,F,4,134,,,15R195,,,,,,0,0,000000000,00000000000,0,0,0,1,0,0,0,0,0,0,0,70,0,0,0,5,83,6,2,42,0,0,0,1,37,27330,0,0,0,0,0,0,999,999,0,0,0,0,0,0,0,0,0,1,28,58,0,0,1,2,55,3,1,2,1,0,0,14,12,1,1,4,6,1,0
37,370882,1,1,2,12,10,22,45,38,0,1,0,37,2,20,16,20016,2,2002,1G1JC1240274,1,G,1,J,C,1,2,4,0,2,7,4,0,P,CHEV,CAV,CP,2,17,2617,,0,1041,,G,,F,4,133,,,14R195,,,,,,0,0,000000000,00000000000,0,0,0,1,0,0,0,0,0,0,0,70,0,0,0,12,81,6,2,42,0,0,0,1,37,27330,6,1,0,0,3,0,72,999,0,0,0,0,0,0,0,0,0,1,0,0,0,0,1,2,55,3,1,2,1,0,0,14,13,1,1,4,1,1,1
37,370883,1,2,3,6,10,0,13,12,1,1,0,48,2,14,401,14401,14,2005,4M2ZU86E45UJ,4,M,2,Z,U,8,6,E,4,5,U,J,0,P,MERC,MOU,UT,5,17,4428,,0,1138,,G,,F,6,245,,,16R235,,,,,,0,0,000000000,00000000000,0,0,0,1,0,0,0,0,0,0,0,60,0,1,5,12,61,6,2,1,0,0,0,1,37,28504,0,0,0,0,0,0,999,999,0,0,0,0,0,0,0,0,0,1,0,0,0,0,1,4,55,1,1,2,1,3,3,1,51,1,1,1,24,1,1
37,370883,2,2,1,6,10,0,13,12,1,1,0,37,1,76,706,76706,80,2002,JYAVP14E42A0,J,Y,A,V,P,1,4,E,4,2,A,0,0,M,YAMA,XVP,RS,2,17,,,,,,,1670,,2,,4,606,,,,,,,0,0,000000000,00000000000,0,0,0,1,0,0,0,0,0,0,0,10,0,0,0,6,6,6,2,12,0,0,0,1,37,28525,6,1,0,0,3,3,67,999,0,0,0,0,0,0,0,0,0,0,0,0,0,0,1,4,55,1,1,2,1,3,3,1,53,1,1,1,25,1,1
37,370884,1,1,1,2,10,0,11,8,0,1,1,37,2,37,31,37031,2,1997,1HGEJ814XVL0,1,H,G,E,J,8,1,4,X,V,L,0,0,P,HOND,UAX,CP,97,17,2460,,0,1032,,G,,F,4,097,,,14R185,,,,,,0,0,000000000,00000000000,0,0,0,1,0,0,0,0,0,0,0,45,0,0,0,12,82,2,1,8,0,0,0,1,37,28164,1,1,0,0,2,0,65,999,0,3,0,0,0,8,2010,3,2011,0,0,0,0,0,1,2,45,1,1,2,1,0,0,1,80,1,1,1,13,0,1
37,370885,1,3,1,8,10,14,26,12,1,1,0,37,1,12,481,12481,31,1978,F14SNCA8218,F,1,4,S,N,C,A,8,2,1,8,,0,T,FORD,F15,PK,78,11,,2,1665,1170,COF,G,,,8,400,,,,BC,4143,01,,44,0,0,000000000,00000000000,0,0,0,1,0,0,0,0,0,0,0,55,0,0,0,12,12,6,2,12,0,0,0,1,37,28762,6,1,0,0,3,0,74,999,0,0,0,0,0,0,0,0,0,1,28,0,0,0,1,2,55,2,1,2,1,0,0,15,50,1,1,2,20,0,0
37,370885,2,3,1,8,10,14,26,12,1,1,0,37,1,2,404,2404,14,1996,1J4FN68S5TL1,1,J,4,F,N,6,8,S,5,T,L,1,0,T,JEEP,SPC,4W,96,17,,1,0,1014,CHK,G,,,6,242,,,,,00000,00,M,44,0,0,000000000,00000000000,0,0,0,1,0,0,0,0,0,0,0,0,0,0,0,6,6,2,1,12,0,0,0,1,37,28762,6,1,0,0,3,0,65,999,0,0,0,0,0,0,0,0,0,0,0,0,0,0,1,2,0,2,1,2,1,0,0,5,53,1,1,1,21,0,0
37,370885,3,3,2,8,10,14,26,12,1,1,0,37,1,77,706,77706,80,2009,5VPSD36D1930,5,V,P,S,D,3,6,D,1,9,3,0,0,M,VCTY,VST,RS,9,17,,,,,,,1731,,2,,4,849,,,,,,,0,0,000000000,00000000000,0,0,0,1,0,0,0,0,0,0,0,50,0,0,0,12,12,6,2,12,0,0,0,1,37,28762,6,1,6,0,2,0,73,999,0,0,0,0,0,0,0,0,0,0,0,0,0,0,1,2,55,3,1,2,1,0,0,14,62,1,1,1,98,2,0
37,370886,1,1,1,1,10,23,42,8,0,1,0,37,2,37,441,37441,20,2002,5FNRL18672B0,5,F,N,R,L,1,8,6,7,2,B,0,0,P,HOND,UDY,SV,2,17,4354,,0,1181,,G,,F,6,212,,,16R225,,,,,,0,0,000000000,00000000000,0,0,0,1,0,0,0,0,0,0,0,998,0,0,0,12,12,2,1,8,0,0,0,1,37,28212,6,1,0,0,3,3,63,999,0,0,0,0,0,0,0,0,0,0,0,0,0,0,1,4,35,1,1,2,1,0,0,1,80,1,1,1,13,0,0
37,370887,1,2,1,5,10,22,23,8,0,1,0,1,3,84,881,84881,66,2006,2HSCESBR36C3,2,H,S,C,E,S,B,R,3,6,C,3,1,T,INTL,92I,TR,6,17,,8,0,0,920,D,,,6,763,,,,,00000,00,,64,1,57,00271424,5700271424,3,6,3,1,0,0,0,0,0,0,0,60,0,0,0,18,12,2,1,8,0,0,0,1,45,29730,6,1,6,3,3,0,71,198,0,0,0,0,1,12,2010,12,2010,0,0,0,0,0,3,5,60,1,1,2,1,0,0,1,80,1,1,1,98,0,0
37,370887,2,2,1,5,10,22,23,8,0,1,0,37,1,35,472,35472,30,2003,1N6ED26Y43C4,1,N,6,E,D,2,6,Y,4,3,C,4,0,T,NISS,KXS,PC,3,17,,1,0,1161,FRT,G,,,6,201,,,,B,3810,00,E,44,0,0,000000000,00000000000,0,0,0,1,0,0,0,0,0,0,0,60,0,0,0,12,12,6,2,8,0,0,0,1,37,27292,6,1,0,0,3,0,66,999,0,0,0,0,0,0,0,0,0,0,0,0,0,0,3,5,60,1,1,2,1,0,0,1,80,1,1,1,13,0,0