STATE,ST_CASE,VEH_NO,VE_FORMS,NUMOCCS,DAY,MONTH,HOUR,MINUTE,HARM_EV,MAN_COLL,UNITTYPE,HIT_RUN,REG_STAT,OWNER,MAKE,MODEL,MAK_MOD,BODY_TYP,MOD_YEAR,VIN,VIN_1,VIN_2,VIN_3,VIN_4,VIN_5,VIN_6,VIN_7,VIN_8,VIN_9,VIN_10,VIN_11,VIN_12,TOW_VEH,VINTYPE,VINMAKE,VINA_MOD,VIN_BT,VINMODYR,VIN_LNGT,VIN_WGT,WGTCD_TR,WHLBS_LG,WHLBS_SH,SER_TR,FUELCODE,MCYCL_DS,CARBUR,CYLINDER,DISPLACE,MCYCL_CY,MCYCL_WT,TIRE_SZE,TON_RAT,TRK_WT,TRKWTVAR,VIN_REST,WHLDRWHL,J_KNIFE,MCARR_I1,MCARR_I2,MCARR_ID,GVWR,V_CONFIG,CARGO_BT,HAZ_INV,HAZ_PLAC,HAZ_ID,HAZ_CNO,HAZ_REL,BUS_USE,SPEC_USE,EMER_USE,TRAV_SP,UNDERIDE,ROLLOVER,ROLINLOC,IMPACT1,IMPACT2,DEFORMED,TOWED,M_HARM,VEH_SC1,VEH_SC2,FIRE_EXP,DR_PRES,L_STATE,DR_ZIP,L_STATUS,L_TYPE,CDL_STAT,L_ENDORS,L_COMPL,L_RESTRI,DR_HGT,DR_WGT,PREV_ACC,PREV_SUS,PREV_DWI,PREV_SPD,PREV_OTH,FIRST_MO,FIRST_YR,LAST_MO,LAST_YR,SPEEDREL,DR_SF1,DR_SF2,DR_SF3,DR_SF4,VTRAFWAY,VNUM_LAN,VSPD_LIM,VALIGN,VPROFILE,VPAVETYP,VSURCOND,VTRAFCON,VTCONT_F,P_CRASH1,P_CRASH2,P_CRASH3,PCRASH4,PCRASH5,ACC_TYPE,DEATHS,DR_DRINK
37,370888,1,3,1,7,10,14,43,12,8,1,0,37,1,72,706,72706,80,2009,1HD1GV4139K3,1,H,D,1,G,V,4,1,3,9,K,3,0,M,HD,FDC,RS,9,17,,,,,,,1584,,2,,4,676,,,,,,,0,0,000000000,00000000000,0,0,0,1,0,0,0,0,0,0,0,48,0,0,0,62,62,6,2,12,0,0,0,1,37,28270,6,1,0,0,3,0,69,999,0,0,0,0,0,0,0,0,0,0,28,0,0,0,2,3,35,2,1,2,1,0,0,14,10,1,1,2,64,1,0
37,370888,2,3,1,7,10,14,43,12,8,1,0,37,1,18,18,18018,4,1998,1G4NJ52M1WC4,1,G,4,N,J,5,2,M,1,W,C,4,0,P,BUIC,SKC,4D,98,17,2910,,0,1034,,G,,F,6,191,,,14R195,,,,,,0,0,000000000,00000000000,0,0,0,1,0,0,0,0,0,0,0,35,0,0,0,9,9,2,1,12,0,0,0,1,37,28210,6,1,0,0,3,0,68,999,0,0,0,0,0,0,0,0,0,0,0,0,0,0,2,3,35,3,1,2,1,0,0,14,62,1,1,1,65,0,0
37,370888,3,3,1,7,10,14,43,12,8,1,0,37,2,54,421,54421,15,2009,2HNYD28709H5,2,H,N,Y,D,2,8,7,0,9,H,5,0,P,ACUR,MDX,UT,9,17,4564,,0,1083,,G,,F,6,226,,,18R255,,,,,,0,0,000000000,00000000000,0,0,0,1,0,0,0,0,0,0,0,35,0,0,0,12,12,6,2,12,0,0,0,1,45,29440,6,1,0,0,3,3,66,125,0,0,0,0,0,0,0,0,0,0,0,0,0,0,2,3,35,3,1,2,1,0,0,14,62,1,1,1,98,0,0
37,370889,1,1,1,23,10,21,57,8,0,1,0,37,2,37,32,37032,4,1994,1HGCD5662RA0,1,H,G,C,D,5,6,6,2,R,A,0,0,P,HOND,AEX,4D,94,17,2908,,0,1069,,G,,F,4,132,,,15R195,,,,,,0,0,000000000,00000000000,0,0,0,1,0,0,0,0,0,0,0,65,0,0,0,11,62,2,1,8,0,0,0,1,37,28208,6,1,0,0,3,0,71,999,0,0,0,1,0,5,2011,5,2011,0,0,0,0,0,3,4,65,1,1,2,1,0,0,1,80,1,1,1,13,0,0
37,370890,1,1,1,21,10,19,41,8,0,1,0,37,1,7,442,7442,20,2006,1D4GP45R36B5,1,D,4,G,P,4,5,R,3,6,B,5,0,P,DODG,CAR,SV,6,17,3851,,0,1133,,G,,F,6,201,,,16R215,,,,,,0,0,000000000,00000000000,0,0,0,1,0,0,0,0,0,0,0,50,0,0,0,12,12,6,2,8,0,0,0,1,37,27229,6,1,0,0,3,0,61,999,0,0,0,0,2,2,2009,5,2009,0,0,0,0,0,1,2,55,1,1,2,1,0,0,1,80,1,1,1,13,0,0
37,370891,1,1,1,17,10,19,10,8,0,1,0,37,1,20,23,20023,6,2007,3GNDA23D47S5,3,G,N,D,A,2,3,D,4,7,S,5,0,P,CHEV,HHR,UT,7,17,3155,,0,1035,,G,,F,4,134,,,16R215,,,,,,0,0,000000000,00000000000,0,0,0,1,0,0,0,0,0,0,0,50,0,1,5,3,81,6,2,8,0,0,0,1,37,28405,6,1,0,0,3,3,72,999,0,0,0,0,0,0,0,0,0,0,39,0,0,0,2,2,55,1,1,2,1,3,3,17,51,7,4,4,2,0,0
37,370892,1,2,1,16,10,14,2,12,6,1,0,37,1,14,6,14006,4,2000,2MEFM75W0YX6,2,M,E,F,M,7,5,W,0,Y,X,6,0,P,MERC,MGL,4D,0,17,3973,,0,1147,,G,,F,8,281,,,16R225,,,,,,0,0,000000000,00000000000,0,0,0,1,0,0,0,0,0,0,0,55,0,0,0,3,81,6,2,12,0,0,0,1,37,28540,6,1,0,0,3,3,72,999,1,0,0,0,0,12,2010,12,2010,0,0,0,0,0,1,4,55,1,1,2,1,0,0,17,50,1,1,2,64,1,0
37,370892,2,2,2,16,10,14,2,12,6,1,0,37,1,49,40,49040,4,2011,4T1BF3EK0BU6,4,T,1,B,F,3,E,K,0,B,U,6,0,P,TOYT,CBA,4D,11,17,3263,,0,1093,,G,,F,4,152,,,16R215,,,,,,0,0,000000000,00000000000,0,0,0,1,0,0,0,0,0,0,0,55,0,0,0,12,12,6,2,12,0,0,0,1,37,27262,6,1,0,0,3,3,71,999,0,0,0,0,0,0,0,0,0,0,0,0,0,0,1,4,55,1,1,2,1,0,0,1,62,1,1,1,65,0,0
37,370893,1,2,2,12,10,23,47,12,6,1,0,24,2,98,808,98808,61,2000,JNAMA43H6YGH,J,N,A,M,A,4,3,H,6,Y,G,H,0,T,UD,UD8,TB,0,17,,5,0,0,UDS,D,,,6,423,,,,,00000,00,,42,0,57,1840860,571840860,2,1,1,1,0,0,0,0,0,0,0,60,0,0,0,9,9,6,2,12,0,0,0,1,37,27925,6,1,0,0,3,0,64,999,0,0,0,0,0,0,0,0,0,0,38,48,0,0,2,2,55,2,1,2,1,0,0,12,98,1,1,2,98,1,0
37,370893,2,2,1,12,10,23,47,12,6,1,0,37,3,84,881,84881,62,2005,1HTMMAAMX5H6,1,H,T,M,M,A,A,M,X,5,H,6,0,T,INTL,430,CC,5,17,,6,0,0,40S,D,,,6,466,,,,,00000,00,,42,0,77,777777777,77777777777,2,1,96,1,0,0,0,0,0,0,0,55,0,0,0,12,12,6,2,12,0,0,0,1,37,27534,6,1,6,0,3,0,84,999,0,0,0,0,0,0,0,0,0,0,0,0,0,0,2,2,55,2,1,2,1,0,0,1,54,1,1,1,98,0,0
37,370894,1,2,1,19,10,18,39,12,1,1,0,0,0,37,702,37702,83,2001,JH2HE04341K5,J,H,2,H,E,0,4,3,4,1,K,5,0,M,HOND,C80,MM,1,17,,,,,,,83,,1,,2,144,,,,,,,0,0,000000000,00000000000,0,0,0,1,0,0,0,0,0,0,0,55,0,0,0,12,12,6,2,12,0,0,0,1,37,27834,1,1,0,0,2,0,72,999,0,6,0,0,5,11,2008,3,2011,1,36,0,0,0,5,2,45,1,1,2,2,0,0,1,50,1,1,1,20,1,0
37,370894,2,2,1,19,10,18,39,12,1,1,0,37,3,12,481,12481,31,2009,1FTRF12WX9KB,1,F,T,R,F,1,2,W,X,9,K,B,0,T,FORD,F15,PK,9,17,,2,1450,1260,COF,G,,,8,281,,,,B,4743,01,L,42,0,0,000000000,00000000000,0,0,0,1,0,0,0,0,0,0,0,0,0,0,0,6,6,2,1,12,0,0,0,1,37,27858,6,1,0,0,3,0,69,999,0,0,0,0,0,0,0,0,0,0,0,0,0,0,5,3,45,1,1,2,2,0,0,5,53,1,1,1,21,0,0
37,370895,1,2,1,3,10,12,14,12,6,1,0,37,1,12,6,12006,4,1985,1FABP3932FA1,1,F,A,B,P,3,9,3,2,F,A,1,0,P,FORD,LTD,4D,85,17,2801,,0,1056,,G,,F,6,232,,,14R195,,,,,,0,0,000000000,00000000000,0,0,0,1,0,0,0,0,0,0,0,5,0,0,0,9,9,6,2,12,0,0,0,1,37,27205,6,1,0,0,3,0,63,999,0,0,0,0,0,0,0,0,0,0,38,0,0,0,1,2,35,1,1,2,1,20,3,4,17,1,1,1,89,1,0
37,370895,2,2,2,3,10,12,14,12,6,1,0,37,2,14,6,14006,4,1997,2MELM75W0VX6,2,M,E,L,M,7,5,W,0,V,X,6,0,P,MERC,MGL,4D,97,17,3796,,0,1144,,G,,F,8,281,,,15R215,,,,,,0,0,000000000,00000000000,0,0,0,1,0,0,0,0,0,0,0,35,0,0,0,12,12,6,2,12,0,0,0,1,37,27298,6,1,0,0,3,0,69,999,4,0,0,1,10,1,2009,7,2011,0,0,0,0,0,1,4,35,1,1,2,1,0,0,1,66,1,1,1,88,0,0
37,370896,1,1,1,4,10,11,0,32,0,1,0,45,1,37,32,37032,4,2002,1HGCG668X2A1,1,H,G,C,G,6,6,8,X,2,A,1,0,P,HOND,UXS,4D,2,17,3120,,0,1069,,G,,F,4,138,,,15R195,,,,,,0,0,000000000,00000000000,0,0,0,1,0,0,0,0,0,0,0,80,0,0,0,12,61,6,2,42,0,0,0,1,45,29656,6,1,0,0,3,0,64,180,1,0,0,1,2,6,2009,7,2010,0,36,0,0,0,1,2,55,1,2,2,1,0,0,1,13,1,1,4,1,1,0
37,370897,1,1,1,9,10,21,35,34,0,1,0,37,2,12,3,12003,1,1996,1FALP45X3TF1,1,F,A,L,P,4,5,X,3,T,F,1,0,P,FORD,MGT,CV,96,17,3468,,0,1013,,G,,F,8,281,,,16R225,,,,,,0,0,000000000,00000000000,0,0,0,1,0,0,0,0,0,0,0,75,0,0,0,12,12,6,2,19,0,0,0,1,37,27370,1,1,0,0,2,0,73,999,0,1,0,0,1,3,2010,10,2011,1,39,0,0,0,1,2,55,1,1,2,1,20,3,1,14,1,1,4,14,1,1
37,370898,1,1,5,23,10,4,14,35,0,1,0,37,1,30,40,30040,4,1998,3VWVA61H7WM2,3,V,W,V,A,6,1,H,7,W,M,2,0,P,VOLK,JGT,4D,98,17,2504,,0,974,,G,,F,4,121,,,14R195,,,,,,0,0,000000000,00000000000,0,0,0,1,0,0,0,0,0,0,0,65,0,1,5,12,61,6,2,1,0,0,0,1,37,27248,6,1,0,0,3,3,65,999,0,0,0,1,0,3,2011,3,2011,1,36,58,0,0,1,2,55,2,2,2,1,0,0,14,12,1,1,4,6,1,1
37,370899,1,1,1,8,10,8,22,42,0,1,0,37,2,13,1,13001,4,1997,1LNLM81W9VY6,1,L,N,L,M,8,1,W,9,V,Y,6,0,P,LINC,EXC,4D,97,17,4040,,0,1174,,G,,F,8,281,,,15R215,,,,,,0,0,000000000,00000000000,0,0,0,1,0,0,0,0,0,0,0,55,0,0,0,12,12,6,2,42,0,0,0,1,37,28345,6,1,0,0,3,0,72,999,0,0,0,0,0,0,0,0,0,0,27,0,0,0,1,2,55,3,2,2,1,0,0,14,13,1,1,4,1,1,0
37,370900,1,2,1,16,10,21,12,12,2,1,0,37,2,7,20,7020,4,2000,1B3ES46C4YD5,1,B,3,E,S,4,6,C,4,Y,D,5,0,P,DODG,NSE,4D,0,17,2515,,0,1050,,G,,F,4,122,,,14R185,,,,,,0,0,000000000,00000000000,0,0,0,1,0,0,0,0,0,0,0,55,0,0,0,12,12,6,2,12,0,0,0,1,37,28379,1,1,0,0,2,0,72,999,0,2,0,1,0,3,2010,8,2011,0,28,36,58,0,1,2,55,1,1,2,1,0,0,1,10,1,1,2,50,0,0
37,370900,2,2,1,16,10,21,12,12,2,1,0,37,1,98,709,98709,80,2005,5J11TBJ195W0,5,J,1,1,T,B,J,1,9,5,W,0,0,U,,,,5,17,,,,,,,,,,,,,,,,,,,0,0,000000000,00000000000,0,0,0,1,0,0,0,0,0,0,0,55,0,0,0,12,12,6,2,12,0,0,0,1,37,28379,6,1,0,0,3,0,71,999,0,0,0,0,0,0,0,0,0,0,0,0,0,0,1,2,55,1,1,2,1,0,0,1,62,1,1,1,51,1,0
37,370901,1,2,1,5,10,16,0,1,0,1,0,37,1,53,706,53706,80,2005,JS1VX51L5521,J,S,1,V,X,5,1,L,5,5,2,1,0,M,SUZI,VS4,RS,5,17,,,,,,,1360,,2,,4,535,,,,,,,0,0,000000000,00000000000,0,0,0,1,0,0,0,0,0,0,0,55,0,0,0,0,61,6,2,12,0,0,0,1,37,27807,6,1,0,0,3,3,74,999,1,1,0,1,2,6,2009,7,2010,0,0,0,0,0,1,2,55,1,1,2,1,0,0,1,62,1,1,1,98,1,0
37,370901,2,2,1,5,10,16,0,1,0,1,0,37,1,54,35,54035,4,2000,19UUA5661YA0,1,9,U,U,A,5,6,6,1,Y,A,0,0,P,ACUR,32T,4D,0,17,3483,,0,1081,,G,,F,6,197,,,16R205,,,,,,0,0,000000000,00000000000,0,0,0,1,0,0,0,0,0,0,0,5,0,0,0,12,12,2,1,12,0,0,0,1,37,28384,6,1,0,0,3,0,71,999,0,1,0,0,0,10,2008,10,2008,0,38,0,0,0,1,2,5,1,1,2,1,0,0,11,15,1,1,1,98,0,0
37,370902,1,1,1,26,10,18,47,53,0,1,0,37,1,12,481,12481,31,2008,1FTRF12208KE,1,F,T,R,F,1,2,2,0,8,K,E,0,T,FORD,F15,PK,8,17,,2,1450,1260,COF,G,,,6,256,,,,B,4611,00,E,42,0,0,000000000,00000000000,0,0,0,1,0,0,0,0,0,0,0,55,0,1,5,12,12,6,2,1,0,0,0,1,37,27022,6,1,0,0,3,3,71,999,0,0,0,0,0,0,0,0,0,0,28,0,0,0,1,2,55,2,2,2,1,0,0,14,12,1,1,4,6,1,0
37,370903,1,1,1,3,10,5,40,42,0,1,0,37,1,12,17,12017,6,1999,1FAFP58U2XA2,1,F,A,F,P,5,8,U,2,X,A,2,0,P,FORD,TSE,SW,99,17,3480,,0,1085,,G,,F,6,182,,,15R205,,,,,,0,0,000000000,00000000000,0,0,0,1,0,0,0,0,0,0,0,50,0,1,1,12,12,6,2,42,0,0,0,1,4,85031,6,1,0,0,3,3,69,140,0,0,0,0,0,0,0,0,0,0,28,0,0,0,1,2,50,4,1,2,1,0,0,1,12,1,1,4,6,1,0
37,370904,1,2,1,6,10,12,47,12,2,1,0,37,3,12,461,12461,21,2008,1FTSS34L68DB,1,F,T,S,S,3,4,L,6,8,D,B,0,T,FORD,3SD,EC,8,17,,2,0,1380,VAN,G,,,8,330,,,,D,00000,00,E,42,0,0,000000000,00000000000,0,0,0,1,0,0,0,0,0,0,0,45,0,1,1,12,12,6,2,12,0,0,0,1,37,28144,6,1,0,0,3,0,65,999,0,0,0,0,0,0,0,0,0,0,28,0,0,0,1,2,45,1,2,2,1,0,0,1,10,1,1,2,50,0,0
37,370904,2,2,1,6,10,12,47,12,2,1,0,37,1,7,461,7461,21,1995,2B6HB21Y7SK5,2,B,6,H,B,2,1,Y,7,S,K,5,0,T,DODG,25B,CG,95,17,,2,1276,1096,RMV,G,,,8,318,,,,C,3629,03,M,42,0,0,000000000,00000000000,0,0,0,1,0,0,0,0,0,0,0,45,0,0,0,12,12,6,2,12,0,0,0,1,37,28146,6,1,0,0,3,3,73,999,0,0,0,0,0,0,0,0,0,0,0,0,0,0,1,2,45,1,2,2,1,0,0,1,62,1,1,1,51,1,0
37,370905,1,1,1,9,10,1,40,32,0,1,0,37,2,59,32,59032,4,1995,JT8UF22E6S00,J,T,8,U,F,2,2,E,6,S,0,0,0,P,LEXS,LS4,4D,95,17,3650,,0,1122,,G,,F,8,242,,,16R225,,,,,,0,0,000000000,00000000000,0,0,0,1,0,0,0,0,0,0,0,75,0,1,5,12,0,6,2,1,0,0,0,1,37,28444,1,1,0,0,2,0,70,999,0,5,4,0,2,2,2009,9,2011,1,36,0,0,0,1,2,55,3,1,2,1,0,0,14,6,1,1,4,1,1,1
37,370906,1,2,3,2,10,17,10,12,2,1,0,37,2,24,1,24001,4,2001,1G8ZF52811Z3,1,G,8,Z,F,5,2,8,1,1,Z,3,0,P,STRN,SSL,4D,1,17,2332,,0,1024,,G,,F,4,116,,,14R185,,,,,,0,0,000000000,00000000000,0,0,0,1,0,0,0,0,0,0,0,60,0,0,0,12,12,6,2,12,0,0,0,1,37,28001,3,1,0,0,2,0,67,999,0,0,0,0,0,0,0,0,0,0,28,0,0,0,1,2,60,1,3,2,1,0,0,1,10,1,1,2,50,2,1
37,370906,2,2,2,2,10,17,10,12,2,1,0,37,2,20,481,20481,31,2005,1GCHK23235F8,1,G,C,H,K,2,3,2,3,5,F,8,0,T,CHEV,2KH,CW,5,17,,2,1670,1530,SIL,D,,,8,403,,,,C,6056,03,,44,0,0,000000000,00000000000,0,0,0,1,0,0,0,0,0,0,0,50,0,0,0,12,12,6,2,12,0,0,0,1,37,28001,6,1,0,0,3,0,74,999,0,0,0,0,0,0,0,0,0,0,0,0,0,0,1,2,55,1,3,2,1,0,0,1,62,1,1,1,51,0,0
37,370907,1,1,3,5,10,20,0,1,0,1,0,37,1,2,403,2403,14,1997,1J4FY19SXVP4,1,J,4,F,Y,1,9,S,X,V,P,4,0,T,JEEP,SPW,2W,97,17,,1,0,934,W/T,G,,,6,242,,,,,3156,00,E,44,0,0,000000000,00000000000,0,0,0,1,0,0,0,0,0,0,0,60,0,2,1,0,0,6,2,1,0,0,0,1,37,28128,6,2,0,0,3,0,67,999,0,0,0,0,0,0,0,0,0,0,58,83,0,0,1,2,55,2,2,2,1,0,0,14,87,6,1,2,98,2,0
37,370908,1,1,2,22,10,16,19,42,0,1,0,37,1,72,706,72706,80,1998,1HD1GEL10WY3,1,H,D,1,G,E,L,1,0,W,Y,3,0,M,HD,FWG,RS,98,17,,,,,,,1340,,2,,4,598,,,,,,,0,0,000000000,00000000000,0,0,0,1,0,0,0,0,0,0,0,55,0,0,0,12,12,6,2,42,0,0,0,1,37,27284,1,1,5,0,2,0,72,999,0,2,0,0,5,1,2010,6,2011,0,0,0,0,0,1,2,55,3,2,2,1,0,0,14,13,1,1,4,1,1,1
37,370909,1,2,3,19,10,14,42,12,6,1,0,37,2,2,405,2405,14,2003,1J4GL48K73W5,1,J,4,G,L,4,8,K,7,3,W,5,0,T,JEEP,LSF,4W,3,17,,1,0,1043,LIB,G,,,6,226,,,,,3655,02,E,44,0,0,000000000,00000000000,0,0,0,1,0,0,0,0,0,0,0,55,0,0,0,12,12,6,2,12,0,0,0,1,37,28712,1,1,0,0,2,0,63,999,0,1,0,2,2,1,2011,9,2011,0,92,0,0,0,1,4,55,1,3,2,1,0,0,1,54,1,1,1,83,0,0
37,370909,2,2,1,19,10,14,42,12,6,1,0,13,2,37,31,37031,4,1997,2HGEJ6677VH5,2,H,G,E,J,6,6,7,7,V,H,5,0,P,HOND,UCL,4D,97,17,2426,,0,1032,,G,,F,4,097,,,14R185,,,,,,0,0,000000000,00000000000,0,0,0,1,0,0,0,0,0,0,0,5,0,0,0,9,9,6,2,12,0,0,0,1,13,30813,6,1,0,0,3,0,70,180,98,0,0,0,0,0,0,0,0,0,38,0,0,0,1,4,55,1,3,2,1,20,3,11,15,1,1,1,82,1,0
37,370910,1,1,3,8,10,14,20,34,0,1,0,45,1,2,404,2404,14,1997,1J4FX58S5VC5,1,J,4,F,X,5,8,S,5,V,C,5,0,T,JEEP,LRT,4W,97,17,,1,0,1059,GCK,G,,,6,242,,,,,3513,02,E,42,0,0,000000000,00000000000,0,0,0,1,0,0,0,0,0,0,0,55,0,1,5,3,0,4,9,1,0,0,0,1,45,29020,6,1,0,0,3,3,63,177,0,0,0,0,0,0,0,0,0,1,36,0,0,0,1,2,55,3,2,2,1,0,0,14,6,1,1,4,1,1,1
37,370911,1,1,3,15,10,17,35,8,0,1,0,37,2,35,47,35047,4,2006,1N4AL11D96C1,1,N,4,A,L,1,1,D,9,6,C,1,0,P,NISS,ASL,4D,6,17,2915,,0,1102,,G,,F,4,153,,,16R215,,,,,,0,0,000000000,00000000000,0,0,0,1,0,0,0,0,0,0,0,60,0,0,0,12,12,6,2,8,0,0,0,1,37,28103,6,1,0,0,3,0,66,999,0,0,0,0,1,12,2010,12,2010,1,28,36,0,0,1,2,55,2,2,2,1,0,0,14,6,1,1,4,13,0,0
37,370912,1,1,4,2,10,4,45,8,0,1,1,37,2,35,47,35047,4,2005,1N4AL11D95C2,1,N,4,A,L,1,1,D,9,5,C,2,0,P,NISS,ASL,4D,5,17,2915,,0,1102,,G,,F,4,153,,,16R215,,,,,,0,0,000000000,00000000000,0,0,0,1,0,0,0,0,0,0,0,55,0,0,0,12,12,4,1,8,0,0,0,1,37,28110,6,1,0,0,3,0,68,999,0,0,0,0,1,1,2010,1,2010,0,92,0,0,0,2,4,55,1,1,2,1,0,0,1,80,1,1,1,13,0,0
37,370913,1,1,1,1,10,4,57,8,0,1,0,37,2,82,881,82881,63,2009,1FVACXDT69HA,1,F,V,A,C,X,D,T,6,9,H,A,0,T,FRHT,16M,CC,9,17,,7,0,0,FM2,D,,,6,409,,,,,00000,00,,42,0,88,888888888,88888888888,3,1,1,1,0,0,0,0,0,0,0,60,0,0,0,12,12,6,2,8,0,0,0,1,37,27577,6,1,6,0,3,0,71,999,0,0,0,0,0,0,0,0,0,0,0,0,0,0,3,4,60,2,2,2,1,0,0,14,80,1,1,1,13,0,0
37,370914,1,2,1,19,10,16,34,12,6,1,0,37,1,23,471,23471,30,1999,1GTCS19X2X85,1,G,T,C,S,1,9,X,2,X,8,5,0,T,GMC,SON,PC,99,17,,1,0,1229,SON,G,,,6,262,,,,B,00000,00,U,42,0,0,000000000,00000000000,0,0,0,1,0,0,0,0,0,0,0,15,0,0,0,9,9,6,2,12,0,0,0,1,37,27592,6,1,0,0,3,3,71,999,0,0,0,0,0,0,0,0,0,0,38,0,0,0,1,2,55,1,1,2,2,20,3,11,15,1,1,1,82,1,0
37,370914,2,2,3,19,10,16,34,12,6,1,0,37,1,20,461,20461,21,2002,1GCFG15W0211,1,G,C,F,G,1,5,W,0,2,1,1,0,T,CHEV,E15,CG,2,17,,2,0,1350,EXP,G,,,6,262,,,,B,4596,00,,42,0,0,000000000,00000000000,0,0,0,1,0,0,0,0,0,0,0,55,0,1,1,12,12,6,2,12,0,0,0,1,37,27577,6,1,6,0,3,0,66,999,0,0,0,0,1,8,2009,8,2009,0,0,0,0,0,1,2,55,1,1,2,2,0,0,1,54,1,1,1,83,0,0
37,370915,1,2,1,23,10,18,52,12,6,1,0,37,1,19,14,19014,4,1983,1G6AS6987DE8,1,G,6,A,S,6,9,8,7,D,E,8,0,P,CADI,SEV,4D,83,17,3844,,0,1140,,G,,F,8,250,,,15R205,,,,,,0,0,000000000,00000000000,0,0,0,1,0,0,0,0,0,0,0,45,0,1,5,1,1,6,2,2,0,0,1,1,37,27544,6,1,6,0,3,0,68,999,1,0,0,0,1,4,2009,9,2011,0,39,0,0,0,1,2,55,1,1,2,1,20,3,11,15,1,1,1,76,1,0
37,370915,2,2,1,23,10,18,52,12,6,1,0,37,1,55,35,55035,4,1999,KMHJF25F8XU8,K,M,H,J,F,2,5,F,8,X,U,8,0,P,HYUN,ELL,4D,99,17,2560,,0,1004,,G,,F,4,121,,,14R175,,,,,,0,0,000000000,00000000000,0,0,0,1,0,0,0,0,0,0,0,55,0,0,0,12,12,6,2,12,0,0,0,1,37,27816,1,1,0,0,2,0,60,999,0,1,0,0,1,7,2011,9,2011,0,92,0,0,0,1,2,55,1,1,2,1,0,0,1,17,1,1,1,77,0,0
37,370916,1,2,1,12,10,19,20,12,6,1,0,37,3,51,881,51881,66,2002,4V4NC9GH72N3,4,V,4,N,C,9,G,H,7,2,N,3,1,T,VOLV,VNL,TR,2,17,,8,0,0,VVN,D,,,6,732,,,,,00000,00,,64,1,57,538227,57538227,3,6,3,1,0,0,0,0,0,0,0,5,0,0,0,9,9,2,1,12,0,0,0,1,37,28333,6,1,6,0,3,0,70,999,0,0,0,0,0,0,0,0,0,0,31,0,0,0,1,2,55,1,1,2,2,0,0,13,19,1,1,2,98,0,0
37,370916,2,2,2,12,10,19,20,12,6,1,0,37,2,2,404,2404,14,2000,1J4G248S3YC2,1,J,4,G,2,4,8,S,3,Y,C,2,0,T,JEEP,LRO,4W,0,17,,1,0,1059,GCK,G,,,6,244,,,,,3664,00,E,42,0,0,000000000,00000000000,0,0,0,1,0,0,0,0,0,0,0,55,0,0,0,12,12,6,2,12,0,0,0,1,37,28578,0,0,0,0,0,0,999,999,0,1,0,0,2,11,2010,6,2011,0,0,0,0,0,1,2,55,1,1,2,2,0,0,1,56,1,1,1,98,1,0
37,370917,1,1,1,15,10,1,51,34,0,1,0,37,2,12,3,12003,2,1999,1FAFP42X3XF1,1,F,A,F,P,4,2,X,3,X,F,1,0,P,FORD,MGT,CP,99,17,3273,,0,1013,,G,,F,8,281,,,16R225,,,,,,0,0,000000000,00000000000,0,0,0,1,0,0,0,0,0,0,0,100,0,1,5,12,12,6,2,1,0,0,0,1,37,28551,6,1,0,0,3,0,71,999,0,0,0,0,0,0,0,0,0,1,36,0,0,0,1,2,55,2,1,2,1,0,0,14,6,1,1,4,6,1,1
37,370918,1,2,1,21,8,20,9,12,6,1,0,37,1,12,13,12013,6,1996,1FASP15JXTW1,1,F,A,S,P,1,5,J,X,T,W,1,0,P,FORD,LXE,SW,96,17,2444,,0,984,,G,,F,4,113,,,14R175,,,,,,0,0,000000000,00000000000,0,0,0,1,0,0,0,0,0,0,0,5,0,0,0,9,9,6,2,12,0,0,0,1,37,28752,6,1,0,0,3,3,65,999,0,0,0,0,0,0,0,0,0,0,38,0,0,0,1,3,35,1,1,2,1,0,0,11,15,1,1,1,82,1,0
37,370918,2,2,4,21,8,20,9,12,6,1,0,37,2,2,404,2404,14,2006,1J4HR48N36C2,1,J,4,H,R,4,8,N,3,6,C,2,0,T,JEEP,LCF,4W,6,17,,1,0,1095,GCK,G,,,8,287,,,,,4524,00,E,44,0,0,000000000,00000000000,0,0,0,1,0,0,0,0,0,0,0,30,0,0,0,12,12,6,2,12,0,0,0,1,37,28752,6,1,0,0,3,0,67,999,0,0,0,0,1,3,2009,3,2009,0,0,0,0,0,1,3,35,1,1,2,1,0,0,1,54,1,1,1,83,0,0
37,370919,1,1,1,25,8,8,13,1,0,1,0,92,0,12,998,12998,92,1973,000000000000,0,0,0,0,0,0,0,0,0,0,0,0,0,,,,,,,,,,,,,,,,,,,,,,,,,0,0,000000000,00000000000,0,0,0,1,0,0,0,0,0,0,0,25,0,2,5,0,3,6,2,1,0,0,0,1,37,27320,0,0,0,0,1,0,999,999,0,0,0,0,0,0,0,0,0,0,0,0,0,0,1,2,55,1,2,2,1,0,0,1,13,1,1,4,1,1,0
37,370920,1,2,2,21,9,21,12,12,6,1,0,37,2,12,4,12004,2,1997,1FALP62W5VH1,1,F,A,L,P,6,2,W,5,V,H,1,0,P,FORD,THL,2D,97,17,3561,,0,1130,,G,,F,8,281,,,15R205,,,,,,0,0,000000000,00000000000,0,0,0,1,0,0,0,0,0,0,0,5,0,0,0,9,9,6,2,12,0,0,0,1,37,28469,6,1,0,0,3,3,72,999,0,0,0,0,1,3,2009,3,2009,0,38,0,0,0,1,2,45,1,1,2,1,20,3,11,15,1,1,1,82,1,1