STATE,ST_CASE,VEH_NO,VE_FORMS,NUMOCCS,DAY,MONTH,HOUR,MINUTE,HARM_EV,MAN_COLL,UNITTYPE,HIT_RUN,REG_STAT,OWNER,MAKE,MODEL,MAK_MOD,BODY_TYP,MOD_YEAR,VIN,VIN_1,VIN_2,VIN_3,VIN_4,VIN_5,VIN_6,VIN_7,VIN_8,VIN_9,VIN_10,VIN_11,VIN_12,TOW_VEH,VINTYPE,VINMAKE,VINA_MOD,VIN_BT,VINMODYR,VIN_LNGT,VIN_WGT,WGTCD_TR,WHLBS_LG,WHLBS_SH,SER_TR,FUELCODE,MCYCL_DS,CARBUR,CYLINDER,DISPLACE,MCYCL_CY,MCYCL_WT,TIRE_SZE,TON_RAT,TRK_WT,TRKWTVAR,VIN_REST,WHLDRWHL,J_KNIFE,MCARR_I1,MCARR_I2,MCARR_ID,GVWR,V_CONFIG,CARGO_BT,HAZ_INV,HAZ_PLAC,HAZ_ID,HAZ_CNO,HAZ_REL,BUS_USE,SPEC_USE,EMER_USE,TRAV_SP,UNDERIDE,ROLLOVER,ROLINLOC,IMPACT1,IMPACT2,DEFORMED,TOWED,M_HARM,VEH_SC1,VEH_SC2,FIRE_EXP,DR_PRES,L_STATE,DR_ZIP,L_STATUS,L_TYPE,CDL_STAT,L_ENDORS,L_COMPL,L_RESTRI,DR_HGT,DR_WGT,PREV_ACC,PREV_SUS,PREV_DWI,PREV_SPD,PREV_OTH,FIRST_MO,FIRST_YR,LAST_MO,LAST_YR,SPEEDREL,DR_SF1,DR_SF2,DR_SF3,DR_SF4,VTRAFWAY,VNUM_LAN,VSPD_LIM,VALIGN,VPROFILE,VPAVETYP,VSURCOND,VTRAFCON,VTCONT_F,P_CRASH1,P_CRASH2,P_CRASH3,PCRASH4,PCRASH5,ACC_TYPE,DEATHS,DR_DRINK
37,370994,1,1,1,4,11,0,45,43,0,1,0,47,3,12,481,12481,31,2010,1FTFX1EV7AKE,1,F,T,F,X,1,E,V,7,A,K,E,0,T,FORD,F15,4C,10,17,,2,1630,1330,COF,F,,,8,329,,,,B,5522,00,7,44,0,0,000000000,00000000000,0,0,0,1,0,0,0,0,0,0,0,55,0,1,5,12,0,6,2,3,0,0,0,1,47,28771,6,1,0,0,3,3,74,200,0,0,0,0,0,0,0,0,0,0,99,99,99,99,1,2,55,3,1,2,2,0,0,14,10,1,1,4,6,1,0
37,370995,1,2,1,3,11,11,40,12,2,1,0,37,1,12,471,12471,30,1993,1FTCR15X7PTA,1,F,T,C,R,1,5,X,7,P,T,A,0,T,FORD,RNS,PC,93,17,,1,0,1250,RNG,G,,,6,245,,,,B,3556,00,A,44,0,0,000000000,00000000000,0,0,0,1,0,0,0,0,0,0,0,55,0,0,0,12,12,6,2,12,0,0,0,1,37,27565,6,1,0,0,3,3,66,999,0,0,0,1,1,1,2011,5,2011,0,28,0,0,0,1,2,55,1,1,2,1,0,0,1,10,1,1,2,50,1,1
37,370995,2,2,1,3,11,11,40,12,2,1,0,37,1,6,43,6043,4,2006,1C3EL46X46N1,1,C,3,E,L,4,6,X,4,6,N,1,0,P,CHRY,SEB,4D,6,17,3041,,0,1060,,G,,F,4,146,,,16R205,,,,,,0,0,000000000,00000000000,0,0,0,1,0,0,0,0,0,0,0,55,0,0,0,12,12,6,2,12,0,0,0,1,37,27604,6,1,0,0,3,3,62,999,0,0,0,0,0,0,0,0,0,0,0,0,0,0,1,2,55,1,1,2,1,0,0,1,62,1,1,1,51,1,0
37,370996,1,1,1,1,11,22,0,42,0,1,0,37,1,23,421,23421,15,2000,1GTGC33J6YF4,1,G,T,G,C,3,3,J,6,Y,F,4,0,T,GMC,SC3,CW,0,17,,2,1685,1545,SIE,G,,,8,454,,,,D,5489,03,A,42,0,0,000000000,00000000000,0,0,0,1,0,0,0,0,0,0,0,45,0,0,0,12,12,6,2,42,0,0,0,1,37,27233,6,1,0,0,3,0,71,999,0,0,0,0,2,12,2008,10,2009,0,28,0,0,0,1,2,45,1,1,2,1,0,0,1,10,1,1,4,6,1,1
37,370997,1,2,1,19,11,16,31,12,6,1,0,37,2,53,706,53706,80,2006,JS1GW71A7621,J,S,1,G,W,7,1,A,7,6,2,1,0,M,SUZI,GXR,RC,6,17,,,,,,,1298,,4,,4,478,,,,,,,0,0,000000000,00000000000,0,0,0,1,0,0,0,0,0,0,0,80,0,0,0,12,12,6,2,12,0,0,0,1,37,27260,1,1,0,0,2,0,67,999,0,2,0,0,2,12,2009,2,2010,1,36,0,0,0,1,2,35,1,2,2,1,0,0,1,6,3,1,1,86,1,0
37,370997,2,2,1,19,11,16,31,12,6,1,0,37,3,20,37,20037,4,2011,1G1ZC5EUXBF3,1,G,1,Z,C,5,E,U,X,B,F,3,0,P,CHEV,ML1,4D,11,17,3436,,0,1123,,F,,F,4,146,,,17R215,,,,,,0,0,000000000,00000000000,0,0,0,1,0,0,0,0,0,0,0,15,0,0,0,4,4,6,2,12,0,0,0,1,37,27260,1,1,0,0,2,0,61,999,0,3,0,1,5,2,2009,6,2011,0,92,0,0,0,1,2,35,1,2,2,1,20,3,4,54,10,1,1,87,0,0
37,370998,1,1,2,30,11,15,37,5,0,1,0,37,2,20,481,20481,31,1988,1GCDC14H9JZ1,1,G,C,D,C,1,4,H,9,J,Z,1,0,T,CHEV,GC1,PK,88,17,,1,1315,1175,GM4,G,,,8,305,,,,B,3655,01,,42,0,0,000000000,00000000000,0,0,0,1,0,0,0,0,0,0,0,35,0,0,0,0,0,0,1,5,0,0,0,1,37,27265,6,1,0,0,3,3,72,999,3,2,0,0,0,2,2009,10,2011,0,0,0,0,0,2,4,45,1,2,2,1,0,0,1,98,1,1,1,0,1,0
37,370999,1,1,1,14,11,22,55,8,0,1,0,37,2,12,481,12481,31,1996,1FTEF15N2TLC,1,F,T,E,F,1,5,N,2,T,L,C,0,T,FORD,F15,PK,96,17,,2,1330,1170,COF,G,,,8,302,,,,B,00000,00,M,42,0,0,000000000,00000000000,0,0,0,1,0,0,0,0,0,0,0,55,0,0,0,12,12,4,3,8,0,0,0,1,37,27850,1,1,0,0,2,0,72,999,0,2,0,0,3,9,2009,10,2011,1,28,36,0,0,1,2,25,1,1,2,1,0,0,1,80,1,1,2,13,0,1
37,371000,1,2,2,15,11,17,45,12,6,1,0,37,1,12,481,12481,31,1998,1FTZX17W3WNB,1,F,T,Z,X,1,7,W,3,W,N,B,0,T,FORD,F15,3C,98,17,,1,1570,1390,COF,G,,,8,281,,,,B,4067,02,E,42,0,0,000000000,00000000000,0,0,0,1,0,0,0,0,0,0,0,4,0,0,0,10,10,6,2,12,0,0,0,1,37,28334,6,1,0,0,3,0,64,999,0,0,0,0,0,0,0,0,0,0,38,0,0,0,1,2,45,1,2,2,1,20,3,11,15,1,1,1,82,1,0
37,371000,2,2,1,15,11,17,45,12,6,1,0,37,1,20,421,20421,15,2001,1GNEK13T21R1,1,G,N,E,K,1,3,T,2,1,R,1,0,P,CHEV,KTA,UT,1,17,5050,,0,1160,,G,,F,8,325,,,16R245,,,,,,0,0,000000000,00000000000,0,0,0,1,0,0,0,0,0,0,0,45,0,0,0,12,12,6,2,12,0,0,0,1,37,28334,6,1,6,0,3,0,66,999,1,0,0,0,0,3,2011,3,2011,0,0,0,0,0,1,2,45,1,2,2,1,0,0,1,54,1,1,1,83,0,0
37,371001,1,1,1,20,11,0,39,38,0,1,0,37,1,12,3,12003,2,2008,1ZVHT80N9851,1,Z,V,H,T,8,0,N,9,8,5,1,0,P,FORD,MUS,CP,8,17,3300,,0,1071,,G,,F,6,244,,,16R215,,,,,,0,0,000000000,00000000000,0,0,0,1,0,0,0,0,0,0,0,100,0,0,0,12,12,6,2,2,0,0,1,1,37,28390,6,1,0,0,3,0,62,999,0,1,0,0,2,11,2010,9,2011,1,36,0,0,0,1,2,55,3,1,2,1,0,0,14,6,1,1,4,1,1,1
37,371002,1,1,1,26,11,15,36,24,0,1,0,37,1,72,706,72706,80,2006,1HD1GM1116K3,1,H,D,1,G,M,1,1,1,6,K,3,0,M,HD,FDI,RS,6,17,,,,,,,1450,,2,,4,632,,,,,,,0,0,000000000,00000000000,0,0,0,1,0,0,0,0,0,0,0,60,0,0,0,12,12,6,2,24,0,0,0,1,37,28722,6,1,0,0,3,0,69,999,0,0,0,0,0,0,0,0,0,0,99,99,99,99,3,4,65,1,2,2,1,0,0,1,12,1,1,4,6,1,0
37,371003,1,1,1,15,11,3,29,53,0,1,0,37,1,12,442,12442,20,1999,2FMZA5142XBA,2,F,M,Z,A,5,1,4,2,X,B,A,0,T,FORD,WLX,ES,99,17,,1,0,1207,WIN,G,,,6,232,,,,B,3890,00,E,42,0,0,000000000,00000000000,0,0,0,1,0,0,0,0,0,0,0,55,0,1,1,2,0,6,2,1,0,0,0,1,37,27910,6,1,0,0,3,3,70,999,0,0,0,0,0,0,0,0,0,0,58,0,0,0,1,2,55,3,1,2,1,0,0,14,13,1,1,4,1,1,0
37,371004,1,2,1,5,11,9,0,12,2,1,0,37,1,34,34,34034,4,1999,WBAAM5333XFR,W,B,A,A,M,5,3,3,3,X,F,R,0,P,BMW,8IA,4D,99,17,3197,,0,1073,,G,,F,6,170,,,15R205,,,,,,0,0,000000000,00000000000,0,0,0,1,0,0,0,0,0,0,0,65,0,0,0,12,12,6,2,12,0,0,0,1,37,28376,6,1,0,0,3,3,70,999,1,0,0,1,2,6,2009,7,2011,1,28,36,0,0,1,2,55,1,1,2,1,0,0,1,10,1,1,2,50,0,0
37,371004,2,2,1,5,11,9,0,12,2,1,0,37,1,18,20,18020,4,1994,2G4WD55LXR14,2,G,4,W,D,5,5,L,X,R,1,4,0,P,BUIC,RGL,4D,94,17,3362,,0,1075,,G,,F,6,231,,,15R205,,,,,,0,0,000000000,00000000000,0,0,0,1,0,0,0,0,0,0,0,55,0,0,0,12,12,6,2,12,0,0,0,1,37,28376,6,1,0,0,3,3,64,999,0,0,0,0,0,0,0,0,0,0,0,0,0,0,1,2,55,1,1,2,1,0,0,1,62,1,1,1,51,1,0
37,371005,1,1,1,2,11,6,52,8,0,1,0,37,2,2,403,2403,14,1994,1J4FY19P2RP4,1,J,4,F,Y,1,9,P,2,R,P,4,0,T,JEEP,W/S,2W,94,17,,1,0,934,W/Y,G,,,4,150,,,,,2870,00,A,44,0,0,000000000,00000000000,0,0,0,1,0,0,0,0,0,0,0,45,0,0,0,12,12,2,9,8,0,0,0,1,37,28625,6,1,0,0,3,0,75,999,0,0,0,2,0,4,2009,7,2010,0,86,0,0,0,1,2,55,3,1,2,1,0,0,14,80,6,1,2,13,0,0
37,371006,1,1,4,5,11,22,22,8,0,1,0,37,1,49,43,49043,4,2002,4T1BF28B92U2,4,T,1,B,F,2,8,B,9,2,U,2,0,P,TOYT,UVS,4D,2,17,3417,,0,1071,,G,,F,6,183,,,15R205,,,,,,0,0,000000000,00000000000,0,0,0,1,0,0,0,0,0,0,0,65,0,0,0,1,1,6,2,8,0,0,0,1,37,28337,1,1,0,0,2,0,70,999,0,4,0,0,4,8,2010,1,2011,0,0,0,0,0,3,4,65,1,1,2,1,0,0,1,80,1,1,1,13,0,1
37,371007,1,3,2,17,11,21,50,12,6,1,0,37,1,34,401,34401,14,2005,5UXFA13545LY,5,U,X,F,A,1,3,5,4,5,L,Y,0,P,BMW,BX5,UT,5,17,4652,,0,1110,,G,,F,6,182,,,17R235,,,,,,0,0,000000000,00000000000,0,0,0,1,0,0,0,0,0,0,0,70,0,0,0,12,12,6,2,12,0,0,0,1,37,28328,6,1,0,0,3,3,71,999,0,0,0,0,0,0,0,0,0,0,0,0,0,0,3,4,70,3,2,2,1,0,0,14,62,1,1,1,66,0,0
37,371007,2,3,1,17,11,21,50,12,6,1,0,37,3,59,36,59036,1,2005,JTHFN48Y6500,J,T,H,F,N,4,8,Y,6,5,0,0,0,P,LEXS,S43,CV,5,17,3840,,0,1031,,G,,F,8,262,,,18R245,,,,,,0,0,000000000,00000000000,0,0,0,1,0,0,0,0,0,0,0,70,0,0,0,12,12,6,2,12,0,0,0,1,37,27713,6,1,0,0,3,0,62,999,0,0,0,0,0,0,0,0,0,0,0,0,0,0,3,4,70,3,2,2,1,0,0,14,62,1,1,1,98,0,0
37,371007,3,3,3,17,11,21,50,12,6,1,0,37,2,52,37,52037,2,2006,4A3AK34T76E0,4,A,3,A,K,3,4,T,7,6,E,0,0,P,MITS,ECG,2H,6,17,3472,,0,1014,,G,,F,6,233,,,17R225,,,,,,0,0,000000000,00000000000,0,0,0,1,0,0,0,0,0,0,0,70,0,0,0,3,3,6,2,12,0,0,0,1,37,27577,1,1,0,0,2,0,64,999,0,0,0,0,2,11,2010,9,2011,0,28,0,0,0,3,4,70,2,2,2,1,0,0,14,10,1,1,6,66,2,0
37,371008,1,2,1,7,11,17,28,12,6,1,0,37,2,42,36,42036,4,1987,WDBEB33D4HA4,W,D,B,E,B,3,3,D,4,H,A,4,0,P,MERZ,3DT,4D,87,17,3255,,0,1102,,D,,T,6,183,,,15R195,,,,,,0,0,000000000,00000000000,0,0,0,1,0,0,0,0,0,0,0,50,0,1,5,11,0,6,2,1,0,0,0,1,37,27330,6,1,0,0,3,0,68,999,1,0,0,0,0,4,2011,4,2011,1,36,0,0,0,1,2,35,1,1,2,1,0,0,1,17,1,1,1,89,1,0
37,371008,2,2,1,7,11,17,28,12,6,1,0,37,1,35,42,35042,4,1991,JN1FU21P3MX8,J,N,1,F,U,2,1,P,3,M,X,8,0,P,NISS,STA,4D,91,17,2744,,0,1004,,G,,F,4,146,,,14R195,,,,,,0,0,000000000,00000000000,0,0,0,1,0,0,0,0,0,0,0,30,0,0,0,12,12,6,2,12,0,0,0,1,37,27505,6,1,0,0,3,3,67,999,0,1,0,0,0,2,2009,2,2009,0,38,0,0,0,1,2,25,1,1,2,1,20,3,1,17,1,1,1,88,0,0
37,371009,1,2,1,16,11,20,33,12,6,1,0,37,2,37,32,37032,4,2000,1HGCG5643YA0,1,H,G,C,G,5,6,4,3,Y,A,0,0,P,HOND,ULX,4D,0,17,3053,,0,1069,,G,,F,4,138,,,15R195,,,,,,0,0,000000000,00000000000,0,0,0,1,0,0,0,0,0,0,0,90,0,0,0,9,9,6,2,12,0,0,0,1,37,27330,6,1,0,0,3,3,71,999,1,0,0,0,1,5,2011,8,2011,1,28,36,0,0,1,2,35,2,2,2,2,0,0,14,6,1,1,4,66,1,1
37,371009,2,2,1,16,11,20,33,12,6,1,0,37,2,23,431,23431,16,1997,3GKFK16R0VG5,3,G,K,F,K,1,6,R,0,V,G,5,0,T,GMC,KSU,4W,97,17,,2,0,1315,K15,G,,,8,350,,,,B,00000,00,E,44,0,0,000000000,00000000000,0,0,0,1,0,0,0,0,0,0,0,45,0,0,0,12,12,6,2,12,0,0,0,1,37,27330,6,1,0,0,3,3,68,999,0,0,0,0,0,0,0,0,0,0,0,0,0,0,1,2,55,3,2,2,2,0,0,14,62,7,1,4,66,0,0
37,371010,1,1,1,12,11,7,22,42,0,1,0,37,1,37,441,37441,20,2010,5FNRL3H68AB0,5,F,N,R,L,3,H,6,8,A,B,0,0,P,HOND,UDY,SV,10,17,4574,,0,1181,,G,,F,6,214,,,16R235,,,,,,0,0,000000000,00000000000,0,0,0,1,0,0,0,0,0,0,0,55,0,1,1,12,0,6,2,42,0,0,0,1,37,28501,6,1,0,0,3,0,69,999,0,0,0,0,0,0,0,0,0,0,28,0,0,0,1,2,55,1,1,2,1,0,0,1,10,1,1,4,6,1,0
37,371011,1,2,1,24,11,12,56,12,2,1,0,37,1,54,31,54031,3,1995,JH4DC4459SS0,J,H,4,D,C,4,4,5,9,S,S,0,0,P,ACUR,ILS,2H,95,17,2614,,0,1012,,G,,F,4,112,,,14R195,,,,,,0,0,000000000,00000000000,0,0,0,1,0,0,0,0,0,0,0,60,0,0,0,12,12,6,2,12,0,0,0,1,37,28715,6,1,0,0,3,3,61,999,2,0,0,1,0,11,2009,10,2010,0,33,0,0,0,1,2,55,2,3,2,1,0,0,6,10,1,1,2,50,1,0
37,371011,2,2,1,24,11,12,56,12,2,1,0,37,1,23,471,23471,30,1999,1GKDT13W2X29,1,G,K,D,T,1,3,W,2,X,2,9,0,T,GMC,ENV,4W,99,17,,1,0,1070,ENV,G,,,6,262,,,,B,4049,00,E,44,0,0,000000000,00000000000,0,0,0,1,0,0,0,0,0,0,0,55,0,0,0,12,12,4,9,12,0,0,0,1,37,28714,6,1,0,0,3,0,68,999,0,2,0,1,3,12,2008,8,2010,0,0,0,0,0,1,2,55,3,3,2,1,0,0,14,62,1,1,1,51,0,0
37,371012,1,2,2,1,11,19,12,8,0,1,0,37,3,38,882,38882,61,2002,4KBB4B1R52J8,4,K,B,B,4,B,1,R,5,2,J,8,0,T,CHEV,W35,TB,2,17,,3,0,0,350,G,,,8,350,,,,,00000,00,,42,0,88,888888888,88888888888,2,1,98,1,0,0,0,0,0,0,0,55,0,0,0,12,12,4,3,8,0,0,0,1,37,28217,0,0,0,0,0,0,999,999,0,0,0,0,0,0,0,0,0,0,92,0,0,0,2,4,55,1,1,2,1,0,0,1,80,1,1,1,13,0,0
37,371012,2,2,4,1,11,19,12,8,0,1,0,37,1,7,999,7999,99,2004,1B3EL36X24N2,1,B,3,E,L,3,6,X,2,4,N,2,0,P,DODG,SSE,4D,4,17,3088,,0,1080,,G,,F,4,146,,,15R205,,,,,,0,0,000000000,00000000000,0,0,0,1,0,0,0,0,0,0,0,55,0,0,0,14,14,0,1,8,0,0,0,1,37,28215,6,1,0,0,3,0,68,999,0,1,0,1,2,5,2010,9,2011,0,0,0,0,0,2,4,55,1,1,2,1,0,0,1,80,6,1,2,98,0,0
37,371013,1,1,2,3,11,20,17,8,0,1,0,37,1,2,404,2404,14,2005,1J8GR48K25C6,1,J,8,G,R,4,8,K,2,5,C,6,0,T,JEEP,LCF,4W,5,17,,1,0,1095,GCK,G,,,6,226,,,,,4335,00,K,44,0,0,000000000,00000000000,0,0,0,1,0,0,0,0,0,0,0,25,0,0,0,11,11,2,9,8,0,0,0,1,37,28027,6,1,0,0,3,0,66,999,1,0,0,1,0,11,2009,4,2011,0,38,0,0,0,2,2,25,2,1,2,2,0,0,14,80,1,1,1,13,0,0
37,371014,1,1,1,9,11,19,15,8,0,1,0,37,1,12,471,12471,30,1992,1FTCR10A9NUD,1,F,T,C,R,1,0,A,9,N,U,D,0,T,FORD,RNG,PK,92,17,,1,1139,1079,RNG,G,,,4,140,,,,B,2858,03,A,42,0,0,000000000,00000000000,0,0,0,1,0,0,0,0,0,0,0,35,0,0,0,12,12,2,1,8,0,0,0,1,37,28216,6,1,0,0,3,0,68,999,1,0,0,1,1,12,2008,10,2011,0,0,0,0,0,1,2,35,1,1,2,1,0,0,1,80,1,1,1,13,0,0
37,371015,1,1,2,20,11,2,53,8,0,1,1,12,1,12,481,12481,31,2008,1FTPW12V68FA,1,F,T,P,W,1,2,V,6,8,F,A,0,T,FORD,F1S,CW,8,17,,2,1500,1390,COF,F,,,8,329,,,,B,5025,02,E,42,0,0,000000000,00000000000,0,0,0,1,0,0,0,0,0,0,0,45,0,0,0,12,12,2,1,8,0,0,0,1,12,32404,6,1,0,0,3,0,64,999,0,0,0,1,0,3,2011,3,2011,0,99,99,99,99,2,2,45,1,1,2,1,0,0,1,80,1,1,1,13,0,0
37,371016,1,2,2,20,11,18,17,12,1,1,0,37,3,98,981,98981,52,2000,2NVYL82P5Y30,2,N,V,Y,L,8,2,P,5,Y,3,0,0,U,,,,0,17,,,,,,,,,,,,,,,,,,,0,88,888888888,88888888888,3,21,22,1,0,0,0,0,6,3,0,17,0,0,0,6,6,6,2,12,0,0,0,1,37,28208,6,1,6,3,3,0,68,999,1,0,0,0,0,3,2009,3,2009,0,99,99,99,99,2,2,45,1,1,2,1,0,0,1,53,1,1,1,25,0,0
37,371016,2,2,1,20,11,18,17,12,1,1,0,45,1,12,481,12481,31,1997,1FTDX1761VNA,1,F,T,D,X,1,7,6,1,V,N,A,0,T,FORD,F15,3C,97,17,,1,1570,1390,COF,G,,,8,281,,,,B,4045,03,E,42,0,0,000000000,00000000000,0,0,0,1,0,0,0,0,0,0,0,62,0,0,0,12,12,6,2,12,0,0,0,1,45,29710,1,1,5,0,2,0,72,207,1,2,1,2,0,4,2009,11,2011,0,99,99,99,99,2,2,45,1,1,2,1,0,0,1,51,1,1,1,24,1,0
37,371017,1,1,1,29,11,2,53,59,0,1,0,37,1,42,47,42047,2,2004,WDBTJ65J34F1,W,D,B,T,J,6,5,J,3,4,F,1,0,P,MERZ,CK3,CP,4,17,3515,,0,1069,,G,,F,6,195,,,16R205,,,,,,0,0,000000000,00000000000,0,0,0,1,0,0,0,0,0,0,0,100,0,0,0,6,6,6,2,59,0,0,0,1,37,28216,6,1,0,0,3,3,64,999,1,0,0,2,0,1,2009,7,2011,1,36,0,0,0,3,5,60,4,1,1,2,0,0,14,9,1,2,4,2,1,1
37,371018,1,1,1,16,11,17,45,42,0,1,0,37,2,20,481,20481,31,1984,2GCEK14H1E11,2,G,C,E,K,1,4,H,1,E,1,1,0,T,CHEV,K10,PK,84,17,,2,1315,1175,K10,G,,,8,305,,,,B,3878,07,,44,0,0,000000000,00000000000,0,0,0,1,0,0,0,0,0,0,0,75,0,0,0,1,1,4,3,42,0,0,0,1,37,28327,6,1,0,0,3,0,72,999,0,0,0,0,0,0,0,0,0,1,28,0,0,0,1,2,55,3,2,2,1,0,0,14,12,1,1,4,6,1,0
37,371019,1,1,1,19,11,2,15,59,0,1,0,37,2,19,18,19018,4,2008,1G6DF5774801,1,G,6,D,F,5,7,7,4,8,0,1,0,P,CADI,C/T,4D,8,17,3568,,0,1134,,G,,F,6,220,,,17R235,,,,,,0,0,000000000,00000000000,0,0,0,1,0,0,0,0,0,0,0,90,0,1,3,12,61,6,2,1,0,0,0,1,37,28373,6,1,0,0,3,0,67,999,2,6,0,4,3,1,2009,8,2011,1,36,0,0,0,2,2,55,2,2,2,1,0,0,14,12,1,1,4,6,1,1
37,371020,1,2,1,28,11,8,0,12,6,1,0,37,2,87,881,87881,66,1995,1XP5DB9X6SD3,1,X,P,5,D,B,9,X,6,S,D,3,1,T,PTRB,379,TR,95,17,,8,0,0,CON,D,,,6,893,,,,,00000,00,,64,1,57,00681433,5700681433,3,6,8,1,0,0,0,0,0,0,0,55,0,0,0,12,12,6,2,12,0,0,0,1,37,27312,6,1,6,0,3,0,68,999,0,0,0,0,0,0,0,0,0,0,0,0,0,0,1,2,55,1,1,2,1,0,0,1,60,6,1,2,98,0,0
37,371020,2,2,1,28,11,8,0,12,6,1,0,37,2,7,402,7402,14,2000,1B4HR28Y6YF1,1,B,4,H,R,2,8,Y,6,Y,F,1,0,P,DODG,DUR,UT,0,17,4225,,0,1159,,G,,F,8,318,,,15R235,,,,,,0,0,000000000,00000000000,0,0,0,1,0,0,0,0,0,0,0,50,0,0,0,9,61,6,2,12,0,0,0,1,37,27229,6,1,0,0,3,0,64,999,0,0,0,0,0,0,0,0,0,0,48,0,0,0,1,2,55,1,1,2,1,0,0,12,10,1,1,2,98,1,0
37,371021,1,1,1,7,11,18,59,8,0,1,0,37,2,6,43,6043,1,1998,3C3EL55H9WT2,3,C,3,E,L,5,5,H,9,W,T,2,0,P,CHRY,SJI,CV,98,17,3329,,0,1060,,G,,F,6,152,,,16R215,,,,,,0,0,000000000,00000000000,0,0,0,1,0,0,0,0,0,0,0,45,0,0,0,12,12,6,2,8,0,0,0,1,37,28429,6,1,0,0,3,0,72,999,0,0,0,0,0,0,0,0,0,0,0,0,0,0,1,2,55,1,1,2,1,0,0,1,80,1,1,1,13,0,0
37,371022,1,3,2,14,11,21,40,12,2,1,0,37,1,12,401,12401,14,1995,1FMDU34X7SUA,1,F,M,D,U,3,4,X,7,S,U,A,0,P,FORD,EPR,UT,95,17,4053,,0,1115,,G,,F,6,245,,,15R225,,,,,,0,0,000000000,00000000000,0,0,0,1,0,0,0,0,0,0,0,55,0,0,0,12,12,6,2,12,0,0,0,1,37,28429,6,1,0,0,3,0,67,999,0,0,0,0,0,0,0,0,0,1,28,0,0,0,1,2,55,1,1,2,1,0,0,1,10,1,1,2,50,0,0
37,371022,2,3,1,14,11,21,40,12,2,1,0,37,1,35,43,35043,4,2009,3N1AB61E79L6,3,N,1,A,B,6,1,E,7,9,L,6,0,P,NISS,SL2,4D,9,17,2897,,0,1057,,G,,F,4,122,,,15R205,,,,,,0,0,000000000,00000000000,0,0,0,1,0,0,0,0,0,0,0,55,0,0,0,12,12,6,2,12,0,0,0,1,37,28429,6,1,0,0,3,3,60,999,0,0,0,0,0,0,0,0,0,0,0,0,0,0,1,2,55,1,1,2,1,0,0,1,62,1,1,1,51,1,0
37,371022,3,3,1,14,11,21,40,12,2,1,0,37,1,7,482,7482,31,2006,1D7HU16286J2,1,D,7,H,U,1,6,2,8,6,J,2,0,T,DODG,S15,PK,6,17,,2,1405,1205,RPC,G,,,8,348,,,,B,4918,01,E,44,0,0,000000000,00000000000,0,0,0,1,0,0,0,0,0,0,0,55,0,0,0,12,12,6,2,12,0,0,0,1,37,28401,6,1,6,0,3,0,72,999,0,0,0,0,0,0,0,0,0,0,0,0,0,0,1,2,55,1,1,2,1,0,0,1,10,6,1,2,98,0,0
37,371023,1,1,1,17,11,18,30,8,0,1,0,37,2,49,40,49040,4,2007,4T1BE46K67U7,4,T,1,B,E,4,6,K,6,7,U,7,0,P,TOYT,CMB,4D,7,17,3108,,0,1093,,G,,F,4,146,,,15R205,,,,,,0,0,000000000,00000000000,0,0,0,1,0,0,0,0,0,0,0,35,0,0,0,12,12,6,2,8,0,0,0,1,37,28348,6,1,0,0,3,0,73,999,1,0,0,0,1,8,2010,1,2011,0,0,0,0,0,1,2,35,2,1,2,1,0,0,14,80,1,1,1,13,0,0
37,371024,1,2,2,20,11,13,8,12,2,1,0,37,1,69,398,69398,1,1955,3365,3,3,6,5,,,,,,,,,0,U,,,,55,4,,,,,,,,,,,,,,,,,,,0,0,000000000,00000000000,0,0,0,1,0,0,0,0,0,0,0,50,0,0,0,12,12,6,2,12,0,0,0,1,37,28401,6,1,0,0,3,3,70,999,0,1,1,0,0,3,2010,3,2011,0,28,0,0,0,1,3,35,1,1,2,1,0,0,16,10,1,1,2,50,1,1
37,371024,2,2,2,20,11,13,8,12,2,1,0,37,1,63,33,63033,4,2008,KNAFE1214855,K,N,A,F,E,1,2,1,4,8,5,5,0,P,KIA,SXC,4D,8,17,2919,,0,1028,,G,,F,4,122,,,15R195,,,,,,0,0,000000000,00000000000,0,0,0,1,0,0,0,0,0,0,0,25,0,0,0,12,12,6,2,12,0,0,0,1,37,27235,6,1,0,0,3,3,63,999,0,0,0,0,0,0,0,0,0,0,0,0,0,0,1,3,35,1,1,2,1,0,0,1,62,1,1,1,51,0,0
37,371025,1,1,1,20,11,3,55,42,0,1,0,37,1,37,32,37032,4,1990,1HGCB7651LA1,1,H,G,C,B,7,6,5,1,L,A,1,0,P,HOND,ALE,4D,90,17,2504,,0,1071,,G,,F,4,132,,,14R185,,,,,,0,0,000000000,00000000000,0,0,0,1,0,0,0,0,0,0,0,70,0,0,0,12,12,6,2,42,0,0,0,1,37,27853,6,1,0,0,3,0,60,999,1,0,0,0,0,12,2009,12,2009,0,28,0,0,0,1,2,55,2,1,2,1,0,0,14,12,1,1,4,6,1,1
37,371026,1,2,2,26,11,20,52,12,2,1,0,37,1,12,17,12017,4,1995,1FALP52U5SA1,1,F,A,L,P,5,2,U,5,S,A,1,0,P,FORD,TGS,4D,95,17,3118,,0,1060,,G,,F,6,182,,,15R205,,,,,,0,0,000000000,00000000000,0,0,0,1,0,0,0,0,0,0,0,55,0,0,0,12,12,6,2,12,0,0,0,1,37,27869,6,1,0,0,3,0,62,999,0,0,0,0,0,0,0,0,0,0,28,36,0,0,1,2,55,1,1,2,1,0,0,1,10,1,1,2,50,0,1