STATE,ST_CASE,VEH_NO,VE_FORMS,NUMOCCS,DAY,MONTH,HOUR,MINUTE,HARM_EV,MAN_COLL,UNITTYPE,HIT_RUN,REG_STAT,OWNER,MAKE,MODEL,MAK_MOD,BODY_TYP,MOD_YEAR,VIN,VIN_1,VIN_2,VIN_3,VIN_4,VIN_5,VIN_6,VIN_7,VIN_8,VIN_9,VIN_10,VIN_11,VIN_12,TOW_VEH,VINTYPE,VINMAKE,VINA_MOD,VIN_BT,VINMODYR,VIN_LNGT,VIN_WGT,WGTCD_TR,WHLBS_LG,WHLBS_SH,SER_TR,FUELCODE,MCYCL_DS,CARBUR,CYLINDER,DISPLACE,MCYCL_CY,MCYCL_WT,TIRE_SZE,TON_RAT,TRK_WT,TRKWTVAR,VIN_REST,WHLDRWHL,J_KNIFE,MCARR_I1,MCARR_I2,MCARR_ID,GVWR,V_CONFIG,CARGO_BT,HAZ_INV,HAZ_PLAC,HAZ_ID,HAZ_CNO,HAZ_REL,BUS_USE,SPEC_USE,EMER_USE,TRAV_SP,UNDERIDE,ROLLOVER,ROLINLOC,IMPACT1,IMPACT2,DEFORMED,TOWED,M_HARM,VEH_SC1,VEH_SC2,FIRE_EXP,DR_PRES,L_STATE,DR_ZIP,L_STATUS,L_TYPE,CDL_STAT,L_ENDORS,L_COMPL,L_RESTRI,DR_HGT,DR_WGT,PREV_ACC,PREV_SUS,PREV_DWI,PREV_SPD,PREV_OTH,FIRST_MO,FIRST_YR,LAST_MO,LAST_YR,SPEEDREL,DR_SF1,DR_SF2,DR_SF3,DR_SF4,VTRAFWAY,VNUM_LAN,VSPD_LIM,VALIGN,VPROFILE,VPAVETYP,VSURCOND,VTRAFCON,VTCONT_F,P_CRASH1,P_CRASH2,P_CRASH3,PCRASH4,PCRASH5,ACC_TYPE,DEATHS,DR_DRINK
37,371087,1,1,2,15,12,2,11,35,0,1,0,37,1,32,45,32045,2,2001,TRUWT28N1110,T,R,U,W,T,2,8,N,1,1,1,0,0,P,AUDI,ATQ,CP,1,17,3188,,0,956,,G,,T,4,109,,,17R225,,,,,,0,0,000000000,00000000000,0,0,0,1,0,0,0,0,0,0,0,90,0,1,5,12,12,6,2,35,0,0,0,1,37,27055,6,1,0,0,3,0,70,999,0,0,0,3,1,3,2009,9,2009,1,36,0,0,0,1,2,25,1,2,2,1,0,0,1,13,1,1,4,1,1,1
37,371088,1,1,1,12,12,1,59,42,0,1,0,37,1,34,42,34042,2,2004,4USBT53534LU,4,U,S,B,T,5,3,5,3,4,L,U,0,P,BMW,Z30,CV,4,17,2998,,0,982,,G,,F,6,182,,,17R225,,,,,,0,0,000000000,00000000000,0,0,0,1,0,0,0,0,0,0,0,100,0,0,0,10,10,6,2,42,0,0,1,1,37,27525,6,1,0,0,3,0,64,999,0,0,0,0,0,0,0,0,0,1,36,0,0,0,1,2,45,2,2,2,1,0,0,14,6,1,1,4,6,1,1
37,371089,1,3,1,5,12,14,10,12,2,1,0,37,2,49,51,49051,4,2010,JTDKT4K32A53,J,T,D,K,T,4,K,3,2,A,5,3,0,P,TOYT,YAR,4H,10,17,0,,0,969,,G,,F,4,091,,,14R175,,,,,,0,0,000000000,00000000000,0,0,0,1,0,0,0,0,0,0,0,50,0,0,0,12,12,6,2,12,0,0,0,1,37,28214,6,1,0,0,3,3,63,999,0,0,0,0,0,0,0,0,0,0,28,0,0,0,3,4,50,1,1,2,2,0,0,1,10,1,1,2,50,1,0
37,371089,2,3,2,5,12,14,10,12,2,1,0,54,1,6,44,6044,4,2000,1C3EJ56H6YN2,1,C,3,E,J,5,6,H,6,Y,N,2,0,P,CHRY,CLI,4D,0,17,3115,,0,1080,,G,,F,6,152,,,15R195,,,,,,0,0,000000000,00000000000,0,0,0,1,0,0,0,0,0,0,0,0,0,0,0,12,6,6,2,12,0,0,0,1,54,26354,6,1,0,0,3,0,73,195,0,0,0,0,0,0,0,0,0,0,0,0,0,0,3,4,50,1,1,2,2,0,0,5,62,1,1,1,51,0,0
37,371089,3,3,2,5,12,14,10,12,2,1,0,37,2,12,401,12401,14,2002,1FMZU62K82UD,1,F,M,Z,U,6,2,K,8,2,U,D,0,P,FORD,EPR,UT,2,17,4094,,0,1137,,F,,F,6,245,,,16R235,,,,,,0,0,000000000,00000000000,0,0,0,1,0,0,0,0,0,0,0,0,0,0,0,12,12,4,9,54,0,0,0,1,37,28120,6,1,0,0,3,0,68,999,1,0,0,0,1,10,2009,4,2010,0,0,0,0,0,3,4,50,1,1,2,2,0,0,5,50,1,1,1,98,0,0
37,371090,1,1,1,4,12,5,55,42,0,1,0,37,2,12,401,12401,14,1995,1FMDU34X3SUA,1,F,M,D,U,3,4,X,3,S,U,A,0,P,FORD,EPR,UT,95,17,4053,,0,1115,,G,,F,6,245,,,15R225,,,,,,0,0,000000000,00000000000,0,0,0,1,0,0,0,0,0,0,0,65,0,0,0,9,9,6,2,42,0,0,0,1,37,27507,6,1,0,0,3,0,73,999,0,0,0,1,1,2,2011,4,2011,1,36,0,0,0,1,2,55,1,1,2,1,0,0,1,12,1,1,4,6,1,1
37,371091,1,1,1,20,12,23,0,34,0,1,0,37,1,30,42,30042,3,2006,WVWEV71K36W1,W,V,W,E,V,7,1,K,3,6,W,1,0,P,VOLK,NTI,2H,6,17,3025,,0,1015,,G,,T,4,121,,,16R205,,,,,,0,0,000000000,00000000000,0,0,0,1,0,0,0,0,0,0,0,75,0,1,5,12,0,6,2,1,0,0,0,1,37,27565,1,1,0,0,2,0,73,999,0,2,0,0,2,8,2011,10,2011,1,36,58,0,0,1,2,55,1,1,2,1,0,0,1,10,1,1,4,6,1,1
37,371092,1,2,2,21,12,14,8,12,2,1,0,37,1,49,32,49032,4,1991,2T1AE91A6MC1,2,T,1,A,E,9,1,A,6,M,C,1,0,P,TOYT,COA,4D,91,17,2390,,0,957,,G,,F,4,097,,,13R155,,,,,,0,0,000000000,00000000000,0,0,0,1,0,0,0,0,0,0,0,55,0,0,0,12,12,6,2,12,0,0,0,1,37,27522,6,1,0,0,3,0,72,999,0,0,0,0,0,0,0,0,0,0,28,0,0,0,1,2,55,1,2,2,2,0,0,1,10,1,1,2,50,1,0
37,371092,2,2,1,21,12,14,8,12,2,1,0,37,2,30,40,30040,4,2009,3VWRJ71K99M0,3,V,W,R,J,7,1,K,9,9,M,0,0,P,VOLK,JWE,4D,9,17,0,,0,0,,G,,T,4,121,,,000000,,,,,,0,0,000000000,00000000000,0,0,0,1,0,0,0,0,0,0,0,55,0,0,0,12,12,6,2,12,0,0,0,1,37,27536,6,1,0,0,3,0,66,999,1,0,0,0,0,6,2010,6,2010,0,0,0,0,0,1,2,55,1,2,2,2,0,0,1,62,1,1,1,51,0,0
37,371093,1,1,2,28,12,23,25,42,0,1,0,37,1,23,401,23401,14,2007,1GKDS13S3721,1,G,K,D,S,1,3,S,3,7,2,1,0,T,GMC,ENV,4W,7,17,,1,0,1130,ENV,G,,,6,256,,,,B,4404,00,4,42,0,0,000000000,00000000000,0,0,0,1,0,0,0,0,0,0,0,50,0,0,0,12,12,6,2,42,0,0,0,1,37,27565,6,1,0,0,3,0,72,999,0,0,0,0,0,0,0,0,0,1,92,0,0,0,1,2,45,1,1,2,1,0,0,1,13,1,1,4,1,1,1
37,371094,1,2,2,17,12,23,52,12,1,1,0,37,2,12,481,12481,31,2000,1FTSX31F6YEC,1,F,T,S,X,3,1,F,6,Y,E,C,1,T,FORD,F3S,4C,0,17,,2,1580,1418,SRW,D,,,8,444,,,,D,5645,07,E,44,1,0,000000000,00000000000,0,0,0,1,0,0,0,0,0,0,0,55,0,0,0,12,12,6,2,12,0,0,0,1,37,27350,1,1,0,0,2,3,72,999,0,6,0,1,9,3,2009,11,2011,0,92,0,0,0,3,4,55,1,1,2,1,0,0,1,50,1,1,1,20,0,0
37,371094,2,2,1,17,12,23,52,12,1,1,0,37,1,6,51,6051,4,2007,2C3KA53G07H7,2,C,3,K,A,5,3,G,0,7,H,7,0,P,CHRY,3TR,4D,7,17,3665,,0,1200,,G,,F,6,214,,,17R215,,,,,,0,0,000000000,00000000000,0,0,0,1,0,0,0,0,0,0,0,0,0,0,0,6,6,6,2,12,0,0,0,1,37,27265,6,1,0,0,3,0,72,999,0,0,0,0,1,7,2010,7,2010,0,0,0,0,0,3,4,55,1,1,2,1,0,0,5,98,1,1,1,21,1,1
37,371095,1,2,1,23,12,21,10,11,0,1,0,37,2,9,442,9442,20,1997,2P4GP44R3VR1,2,P,4,G,P,4,4,R,3,V,R,1,0,T,PLYM,GSR,ES,97,17,,1,0,1193,VOF,G,,,6,201,,,,,3687,00,E,42,0,0,000000000,00000000000,0,0,0,1,0,0,0,0,0,0,0,45,0,0,0,12,12,4,9,11,0,0,0,1,37,27301,6,1,0,0,3,0,63,999,0,0,0,0,0,0,0,0,0,0,0,0,0,0,1,2,45,1,2,2,1,0,0,1,87,1,1,1,13,0,0
37,371095,2,2,2,23,12,21,10,11,0,1,0,37,1,12,471,12471,30,1991,1FTCR10AXMUE,1,F,T,C,R,1,0,A,X,M,U,E,0,T,FORD,RNG,PK,91,17,,1,1140,1080,RNG,G,,,4,140,,,,B,2674,01,A,42,0,0,000000000,00000000000,0,0,0,1,0,0,0,0,0,0,0,45,0,0,0,12,12,6,2,54,0,0,0,1,37,27283,6,1,0,0,3,3,69,999,0,3,1,0,3,9,2009,6,2011,0,0,0,0,0,1,2,45,1,2,2,1,0,0,1,87,1,1,1,98,1,1
37,371096,1,1,1,27,12,10,23,59,0,1,0,37,2,58,38,58038,4,2006,JNKAY01FX6M2,J,N,K,A,Y,0,1,F,X,6,M,2,0,P,INFI,M3A,4D,6,17,3878,,0,1142,,G,,F,6,214,,,18R245,,,,,,0,0,000000000,00000000000,0,0,0,1,0,0,0,0,0,0,0,65,0,0,0,3,3,6,2,59,0,0,1,1,37,27617,6,1,0,0,3,0,64,999,1,0,0,0,0,7,2011,7,2011,1,36,0,0,0,3,5,65,1,2,2,2,0,0,1,13,1,1,4,1,1,0
37,371097,1,1,1,5,12,20,27,8,0,1,0,30,2,37,32,37032,4,1994,1HGCD5665RA0,1,H,G,C,D,5,6,6,5,R,A,0,0,P,HOND,AEX,4D,94,17,2908,,0,1069,,G,,F,4,132,,,15R195,,,,,,0,0,000000000,00000000000,0,0,0,1,0,0,0,0,0,0,0,3,0,0,0,12,12,0,1,8,0,0,0,1,37,28339,6,1,0,0,3,0,63,999,0,0,0,0,1,4,2011,4,2011,0,0,0,0,0,1,2,35,1,2,2,1,0,0,98,80,1,1,1,13,0,0
37,371098,1,1,1,16,12,1,35,53,0,1,0,37,2,12,481,12481,31,2007,1FTRX12W17NA,1,F,T,R,X,1,2,W,1,7,N,A,0,T,FORD,F15,4C,7,17,,2,1630,1330,COF,G,,,8,281,,,,B,4979,05,E,42,0,0,000000000,00000000000,0,0,0,1,0,0,0,0,0,0,0,70,0,0,0,3,3,6,2,42,0,0,0,1,45,29516,6,1,0,0,3,0,67,187,0,0,0,0,0,0,0,0,0,1,36,58,0,0,1,2,35,3,1,2,1,0,0,14,10,1,1,4,6,1,1
37,371099,1,1,1,7,12,13,26,21,0,1,0,37,3,37,31,37031,4,2010,19XFA1F67AE0,1,9,X,F,A,1,F,6,7,A,E,0,0,P,HOND,ULS,4D,10,17,2754,,0,1063,,G,,F,4,110,,,16R205,,,,,,0,0,000000000,00000000000,0,0,0,1,0,0,0,0,0,0,0,40,0,0,0,12,12,6,2,21,0,0,0,1,37,28625,6,1,0,0,3,0,63,999,0,0,0,0,0,0,0,0,0,0,99,99,99,99,2,2,35,1,4,2,2,0,0,1,13,1,1,4,1,1,0
37,371100,1,1,1,31,12,18,31,34,0,1,0,37,2,24,7,24007,4,2005,1G8AG52F05Z1,1,G,8,A,G,5,2,F,0,5,Z,1,0,P,STRN,SI1,4D,5,17,2781,,0,1032,,G,,F,4,134,,,14R185,,,,,,0,0,000000000,00000000000,0,0,0,1,0,0,0,0,0,0,0,65,0,1,5,12,0,6,2,1,0,0,0,1,37,28634,6,1,0,0,3,3,67,999,0,0,0,0,0,0,0,0,0,0,0,0,0,0,1,2,55,1,1,2,1,0,0,1,10,1,1,4,6,1,1
37,371101,1,2,3,10,12,11,36,12,2,1,0,37,2,23,471,23471,30,1994,1GKDT13W5R05,1,G,K,D,T,1,3,W,5,R,0,5,0,T,GMC,SJI,4W,94,17,,1,0,1070,S15,G,,,6,262,,,,B,00000,00,A,44,0,0,000000000,00000000000,0,0,0,1,0,0,0,0,0,0,0,45,0,0,0,12,12,6,2,12,0,0,0,1,37,27520,6,1,0,0,3,0,66,999,1,0,0,1,0,4,2010,1,2011,0,0,0,0,0,1,2,45,1,1,2,1,0,0,1,62,1,1,1,51,0,0
37,371101,2,2,2,10,12,11,36,12,2,1,0,37,2,37,31,37031,4,1995,1HGEG8643SL0,1,H,G,E,G,8,6,4,3,S,L,0,0,P,HOND,CDL,4D,95,17,2250,,0,1032,,G,,F,4,091,,,13R175,,,,,,0,0,000000000,00000000000,0,0,0,1,0,0,0,0,0,0,0,45,0,0,0,12,12,6,2,12,0,0,0,1,37,27520,6,1,0,0,3,3,62,999,0,0,0,0,0,0,0,0,0,0,28,58,0,0,1,2,45,1,1,2,1,0,0,1,10,1,1,2,50,1,0
37,371102,1,2,1,13,12,16,45,12,2,1,0,37,1,34,42,34042,2,2004,4USBT53574LU,4,U,S,B,T,5,3,5,7,4,L,U,0,P,BMW,Z30,CV,4,17,2998,,0,982,,G,,F,6,182,,,17R225,,,,,,0,0,000000000,00000000000,0,0,0,1,0,0,0,0,0,0,0,65,0,0,0,12,12,6,2,12,0,0,0,1,37,28314,6,1,0,0,3,0,62,999,0,0,0,2,0,4,2010,6,2011,0,0,0,0,0,3,5,65,1,1,2,1,0,0,1,62,1,1,1,51,0,0
37,371102,2,2,1,13,12,16,45,12,2,1,0,45,1,24,1,24001,4,2001,1G8ZG52841Z2,1,G,8,Z,G,5,2,8,4,1,Z,2,0,P,STRN,SL1,4D,1,17,2332,,0,1024,,G,,F,4,116,,,14R185,,,,,,0,0,000000000,00000000000,0,0,0,1,0,0,0,0,0,0,0,55,0,0,0,12,12,6,2,12,0,0,0,1,45,29555,6,1,0,0,3,0,67,125,0,0,0,0,0,0,0,0,0,0,51,0,0,0,3,5,65,1,1,2,1,0,0,1,10,1,1,2,50,1,0
37,371103,1,1,1,15,12,2,10,42,0,1,0,37,2,20,37,20037,4,2006,1G1ZU63856F2,1,G,1,Z,U,6,3,8,5,6,F,2,0,P,CHEV,XTZ,4D,6,17,3477,,0,1063,,G,,F,6,214,,,17R225,,,,,,0,0,000000000,00000000000,0,0,0,1,0,0,0,0,0,0,0,45,0,0,0,2,2,6,2,42,0,0,0,1,37,27527,6,1,0,0,3,3,69,999,0,2,0,0,2,11,2009,6,2010,1,36,0,0,0,1,2,45,3,1,2,1,0,0,14,6,1,1,4,1,1,1
37,371104,1,1,1,10,12,17,46,9,0,1,0,37,2,37,32,37032,4,1999,1HGCG1657XA0,1,H,G,C,G,1,6,5,7,X,A,0,0,P,HOND,UEX,4D,99,17,3285,,0,1069,,G,,F,6,183,,,15R205,,,,,,0,0,000000000,00000000000,0,0,0,1,0,0,0,0,0,0,0,45,0,0,0,12,12,6,2,9,0,0,0,1,37,28303,6,1,0,0,3,3,60,999,1,0,0,0,0,9,2009,9,2009,0,0,0,0,0,1,2,55,1,1,2,1,0,0,1,80,1,1,1,13,0,0
37,371105,1,1,1,21,12,13,15,43,0,1,0,37,1,49,482,49482,31,2004,5TBKT44194S4,5,T,B,K,T,4,4,1,9,4,S,4,0,T,TOYT,TG5,PK,4,17,,2,0,1283,TUN,G,,,8,285,,,,C,3925,00,U,44,0,0,000000000,00000000000,0,0,0,1,0,0,0,0,0,0,0,70,0,0,0,14,12,6,2,42,0,0,0,1,37,28037,6,1,0,0,3,3,73,999,0,0,0,0,0,0,0,0,0,1,28,36,0,0,1,2,35,3,1,2,2,0,0,14,6,1,1,4,6,1,0
37,371106,1,1,1,3,12,14,53,24,0,1,0,37,1,12,471,12471,30,2001,1FTYR10U11TB,1,F,T,Y,R,1,0,U,1,1,T,B,0,T,FORD,RNG,PK,1,17,,1,1175,1116,RNG,G,,,6,182,,,,B,3068,01,U,42,0,0,000000000,00000000000,0,0,0,1,0,0,0,0,0,0,0,95,0,1,5,2,3,6,2,42,0,0,0,1,37,28761,1,1,0,0,2,0,78,999,0,0,0,0,1,3,2010,3,2010,1,36,0,0,0,1,2,55,3,2,2,1,0,0,14,6,1,1,4,1,1,1
37,371107,1,1,2,13,12,2,59,14,0,1,0,37,1,12,471,12471,30,1985,1FTBR10S2FUA,1,F,T,B,R,1,0,S,2,F,U,A,0,T,FORD,RNG,PK,85,17,,1,1140,1080,RNG,G,,,6,171,,,,B,2492,03,A,42,0,0,000000000,00000000000,0,0,0,1,0,0,0,0,0,0,0,70,0,0,0,3,4,6,2,59,0,0,0,1,37,28752,1,1,0,0,2,0,69,999,0,2,0,1,0,12,2009,3,2011,1,36,0,0,0,1,2,35,3,2,2,1,0,0,14,6,1,1,4,1,1,1
37,371108,1,2,4,3,12,16,47,12,7,1,0,37,1,24,9,24009,4,2007,1G8ZS57N57F1,1,G,8,Z,S,5,7,N,5,7,F,1,0,P,STRN,AXE,4D,7,17,3528,,0,1123,,G,,F,6,215,,,17R225,,,,,,0,0,000000000,00000000000,0,0,0,1,0,0,0,0,0,0,0,998,0,0,0,9,9,6,2,12,0,0,0,1,37,28269,6,1,0,0,3,0,65,999,1,0,0,0,0,4,2011,4,2011,9,38,0,0,0,2,4,45,1,1,2,1,0,0,12,98,1,1,2,98,0,0
37,371108,2,2,1,3,12,16,47,12,7,1,0,37,1,73,705,73705,80,2008,JKAZX4P198A0,J,K,A,Z,X,4,P,1,9,8,A,0,0,M,KAWK,ZXP,RC,8,17,,,,,,,599,,4,,4,368,,,,,,,0,0,000000000,00000000000,0,0,0,1,0,0,0,0,0,0,0,998,0,0,0,3,3,6,2,12,0,0,0,1,37,28078,6,1,0,0,3,0,59,999,0,0,0,1,0,12,2009,12,2009,9,99,99,99,99,2,4,45,1,1,2,1,0,0,1,61,2,1,1,98,1,0
37,371109,1,1,3,8,12,18,49,8,0,1,0,37,1,12,481,12481,31,2011,1FTFW1CT3BFB,1,F,T,F,W,1,C,T,3,B,F,B,0,T,FORD,F1S,CW,11,17,,2,1570,1450,COF,G,,,6,214,,,,B,5128,03,7,42,0,0,000000000,00000000000,0,0,0,1,0,0,0,0,0,0,0,35,0,0,0,12,12,4,1,8,0,0,0,1,37,28227,6,1,0,0,3,0,74,999,0,0,0,0,0,0,0,0,0,0,0,0,0,0,1,4,35,1,1,2,1,0,0,1,80,1,1,1,13,0,0
37,371110,1,2,1,10,12,4,10,12,1,1,0,37,3,82,881,82881,66,2006,1FUJA6AV36LV,1,F,U,J,A,6,A,V,3,6,L,V,1,T,FRHT,COL,TR,6,17,,8,0,0,CON,D,,,6,893,,,,,00000,00,,64,1,57,229356,57229356,3,6,97,1,0,0,0,0,0,0,0,55,0,0,0,6,6,6,2,12,0,0,0,1,37,28205,6,1,6,9,3,0,74,999,0,0,0,0,0,0,0,0,0,0,0,0,0,0,3,6,60,1,2,2,1,0,0,1,19,1,1,1,25,0,0
37,371110,2,2,1,10,12,4,10,12,1,1,0,37,2,62,421,62421,15,2004,SALME11404A1,S,A,L,M,E,1,1,4,0,4,A,1,0,T,LNDR,RHS,4W,4,17,,2,0,1134,RRV,G,,,8,268,,,,,5379,00,L,44,0,0,000000000,00000000000,0,0,0,1,0,0,0,0,0,0,0,100,0,1,2,12,12,6,2,12,0,0,0,1,37,28210,1,1,0,0,2,0,999,999,0,0,0,0,0,0,0,0,0,0,36,0,0,0,3,6,60,1,2,2,1,0,0,1,51,1,1,1,24,1,1
37,371111,1,1,1,14,12,1,45,8,0,1,0,37,1,12,422,12422,15,2003,1FMRU15W93LB,1,F,M,R,U,1,5,W,9,3,L,B,0,P,FORD,EPT,UT,3,17,5416,,0,1191,,G,,F,8,281,,,17R265,,,,,,0,0,000000000,00000000000,0,0,0,1,0,0,0,0,0,0,0,45,0,0,0,12,12,4,3,8,0,0,0,1,37,28215,6,1,0,0,3,0,70,999,0,0,0,0,0,0,0,0,0,0,0,0,0,0,3,4,50,1,2,2,1,3,3,1,80,1,1,1,13,0,0
37,371112,1,3,1,21,12,19,44,12,6,1,0,37,1,37,402,37402,14,2010,5J6RE3H32AL0,5,J,6,R,E,3,H,3,2,A,L,0,0,P,HOND,CRV,UT,10,17,3389,,0,1031,,G,,F,4,146,,,17R225,,,,,,0,0,000000000,00000000000,0,0,0,1,0,0,0,0,0,0,0,998,0,0,0,4,4,2,3,12,0,0,0,1,37,28209,6,1,0,0,3,0,64,999,0,0,0,0,0,0,0,0,0,9,38,0,0,0,1,4,35,1,1,2,2,0,0,11,15,1,1,1,68,0,1
37,371112,2,3,1,21,12,19,44,12,6,1,0,37,0,98,709,98709,81,2010,999999999999,9,9,9,9,9,9,9,9,9,9,9,9,0,,,,,,,,,,,,,,,,,,,,,,,,,0,0,000000000,00000000000,0,0,0,1,0,0,0,0,0,0,0,998,0,0,0,12,12,6,2,12,0,0,0,1,37,28209,3,1,0,0,1,0,73,999,0,1,0,0,1,2,2010,7,2010,9,0,0,0,0,1,4,35,1,1,2,2,0,0,1,54,2,1,1,69,1,0
37,371112,3,3,1,21,12,19,44,12,6,1,0,37,1,49,43,49043,4,2007,4T1BK36B17U2,4,T,1,B,K,3,6,B,1,7,U,2,0,P,TOYT,UTS,4D,7,17,3495,,0,1071,,G,,F,6,214,,,16R215,,,,,,0,0,000000000,00000000000,0,0,0,1,0,0,0,0,0,0,0,35,0,0,0,12,12,4,1,54,0,0,0,1,37,28209,6,1,0,0,3,3,63,999,0,0,0,0,0,0,0,0,0,0,0,0,0,0,1,4,35,1,1,2,2,0,0,1,62,1,1,1,98,0,0
37,371113,1,1,2,16,12,16,38,8,0,1,0,37,3,20,870,20870,61,2005,1GBJG31U0511,1,G,B,J,G,3,1,U,0,5,1,1,0,T,CHEV,CT3,YY,5,17,,3,1770,1390,ETV,G,,,8,366,,,,D,4881,00,,42,0,88,888888888,88888888888,2,1,1,1,0,0,0,0,0,0,0,55,0,0,0,12,12,4,9,8,0,0,0,1,37,28027,6,1,6,0,3,0,73,999,0,0,0,0,0,0,0,0,0,0,0,0,0,0,1,4,55,1,2,2,1,0,0,1,80,1,1,1,13,0,0
37,371114,1,2,1,22,12,9,39,1,0,1,0,37,1,72,706,72706,80,2004,1HD1GEV154K3,1,H,D,1,G,E,V,1,5,4,K,3,0,M,HD,FWG,RS,4,17,,,,,,,1450,,2,,4,639,,,,,,,0,0,000000000,00000000000,0,0,0,1,0,0,0,0,0,0,0,55,0,0,0,0,3,6,2,1,0,0,0,1,37,28394,6,1,0,0,3,0,76,999,0,0,0,0,0,0,0,0,0,0,28,0,0,0,1,2,55,2,2,2,2,0,0,14,10,1,1,2,98,1,0
37,371114,2,2,1,22,12,9,39,1,0,1,0,37,3,12,481,12481,31,2004,1FTPW14534KC,1,F,T,P,W,1,4,5,3,4,K,C,0,T,FORD,F1S,CW,4,17,,2,1450,1260,COF,G,,,8,330,,,,B,5560,00,U,44,0,0,000000000,00000000000,0,0,0,1,0,0,0,0,0,0,0,55,0,0,0,9,9,4,9,42,0,0,0,1,37,28327,6,1,0,0,3,0,71,999,0,0,0,0,0,0,0,0,0,0,0,0,0,0,1,2,55,3,2,2,2,0,0,14,62,1,1,1,98,0,0
37,371115,1,3,1,23,12,14,38,12,8,1,0,37,4,84,881,84881,66,2011,3HSCUSJR6BN3,3,H,S,C,U,S,J,R,6,B,N,3,0,T,INTL,PPR,TR,11,17,,8,0,0,PRO,D,,,6,793,,,,,00000,00,,64,0,57,896143,57896143,3,5,96,1,0,0,0,0,0,0,0,50,0,0,0,12,12,6,2,54,0,0,0,1,37,27804,6,1,6,9,3,3,66,999,1,0,0,0,0,11,2009,11,2009,0,0,0,0,0,1,2,55,1,1,2,1,0,0,1,62,1,1,1,98,0,0
37,371115,2,3,1,23,12,14,38,12,8,1,0,37,1,12,471,12471,30,1999,1FTYR14X4XTA,1,F,T,Y,R,1,4,X,4,X,T,A,0,T,FORD,RNS,PC,99,17,,1,0,1257,RNG,G,,,6,245,,,,B,00000,00,U,42,0,0,000000000,00000000000,0,0,0,1,0,0,0,0,0,0,0,55,0,0,0,10,12,6,2,12,0,0,0,1,37,27801,6,1,0,0,3,0,71,999,1,0,0,0,0,1,2010,1,2010,0,28,0,0,0,1,2,55,1,1,2,1,0,0,1,10,1,1,2,64,1,0
37,371115,3,3,1,23,12,14,38,12,8,1,0,37,1,12,481,12481,31,1981,1FTDF15F4BNA,1,F,T,D,F,1,5,F,4,B,N,A,0,T,FORD,F15,PK,81,17,,1,1330,1170,COF,G,,,8,302,,,,BC,3416,01,,42,0,0,000000000,00000000000,0,0,0,1,0,0,0,0,0,0,0,55,0,0,0,8,8,6,2,12,0,0,0,1,37,27801,6,1,0,0,3,0,74,999,0,0,0,0,0,0,0,0,0,0,0,0,0,0,1,2,55,1,1,2,1,0,0,1,62,1,1,1,65,0,0
37,371116,1,1,1,16,12,1,57,8,0,1,0,37,3,84,881,84881,66,2001,1HSHBAHN91H3,1,H,S,H,B,A,H,N,9,1,H,3,1,T,INTL,810,TR,1,17,,7,2560,1360,80S,D,,,6,661,,,,,00000,00,,42,1,57,358597,57358597,3,6,1,1,0,0,0,0,0,0,0,45,0,0,0,12,12,4,1,8,0,0,0,1,37,28405,6,1,6,0,3,0,66,999,0,0,0,0,0,0,0,0,0,0,0,0,0,0,1,2,50,1,1,2,1,0,0,1,80,7,1,2,13,0,0
37,371117,1,2,1,29,12,13,54,12,1,1,0,37,1,35,43,35043,4,2005,3N1CB51D95L4,3,N,1,C,B,5,1,D,9,5,L,4,0,P,NISS,S18,4D,5,17,2387,,0,998,,G,,F,4,108,,,15R195,,,,,,0,0,000000000,00000000000,0,0,0,1,0,0,0,0,0,0,0,60,0,0,0,12,12,6,2,12,0,0,0,1,37,28584,6,1,0,0,3,0,70,999,1,3,0,1,4,2,2009,7,2011,1,36,0,0,0,2,4,55,1,1,2,1,0,0,1,50,1,1,1,20,1,0
37,371117,2,2,3,29,12,13,54,12,1,1,0,37,3,84,881,84881,63,2011,1HTWAAAR5BJ3,1,H,T,W,A,A,A,R,5,B,J,3,0,T,INTL,S30,CC,11,17,,8,0,0,70S,D,,,6,466,,,,,00000,00,,42,0,88,888888888,88888888888,3,2,4,1,0,0,0,0,0,0,0,0,0,0,0,6,6,4,1,12,0,0,0,1,37,28574,6,1,6,0,3,3,72,999,1,0,0,1,0,1,2009,11,2010,0,0,0,0,0,2,4,55,1,1,2,1,0,0,5,98,1,1,1,21,0,0
37,371118,1,1,1,2,12,7,53,34,0,1,0,37,2,48,38,48038,6,2010,JF1GH7G67AG8,J,F,1,G,H,7,G,6,7,A,G,8,0,P,SUBA,IWL,SW,10,17,3142,,0,1031,,G,,T,4,150,,,17R225,,,,,,0,0,000000000,00000000000,0,0,0,1,0,0,0,0,0,0,0,70,0,1,5,12,0,6,2,42,0,0,0,1,37,27243,6,1,0,0,3,3,64,999,1,0,0,0,1,1,2011,3,2011,1,36,0,0,0,1,2,45,3,2,2,1,0,0,14,6,1,1,4,1,1,1
37,371119,1,2,1,13,12,15,12,12,8,1,0,37,3,12,881,12881,61,1986,1FDYW80U3GVA,1,F,D,Y,W,8,0,U,3,G,V,A,0,T,FORD,LN8,CC,86,17,,8,2220,1500,CON,D,,,8,636,,,,,11146,05,A,64,0,37,2054194,372054194,2,2,3,1,0,0,0,0,0,0,0,50,0,0,0,10,10,6,2,12,0,0,0,1,37,27909,6,1,0,0,3,0,72,999,0,0,0,0,1,3,2010,3,2010,0,0,0,0,0,1,2,55,3,1,2,1,0,0,14,62,7,1,1,65,0,0