STATE,ST_CASE,VEH_NO,VE_FORMS,NUMOCCS,DAY,MONTH,HOUR,MINUTE,HARM_EV,MAN_COLL,UNITTYPE,HIT_RUN,REG_STAT,OWNER,MAKE,MODEL,MAK_MOD,BODY_TYP,MOD_YEAR,VIN,VIN_1,VIN_2,VIN_3,VIN_4,VIN_5,VIN_6,VIN_7,VIN_8,VIN_9,VIN_10,VIN_11,VIN_12,TOW_VEH,VINTYPE,VINMAKE,VINA_MOD,VIN_BT,VINMODYR,VIN_LNGT,VIN_WGT,WGTCD_TR,WHLBS_LG,WHLBS_SH,SER_TR,FUELCODE,MCYCL_DS,CARBUR,CYLINDER,DISPLACE,MCYCL_CY,MCYCL_WT,TIRE_SZE,TON_RAT,TRK_WT,TRKWTVAR,VIN_REST,WHLDRWHL,J_KNIFE,MCARR_I1,MCARR_I2,MCARR_ID,GVWR,V_CONFIG,CARGO_BT,HAZ_INV,HAZ_PLAC,HAZ_ID,HAZ_CNO,HAZ_REL,BUS_USE,SPEC_USE,EMER_USE,TRAV_SP,UNDERIDE,ROLLOVER,ROLINLOC,IMPACT1,IMPACT2,DEFORMED,TOWED,M_HARM,VEH_SC1,VEH_SC2,FIRE_EXP,DR_PRES,L_STATE,DR_ZIP,L_STATUS,L_TYPE,CDL_STAT,L_ENDORS,L_COMPL,L_RESTRI,DR_HGT,DR_WGT,PREV_ACC,PREV_SUS,PREV_DWI,PREV_SPD,PREV_OTH,FIRST_MO,FIRST_YR,LAST_MO,LAST_YR,SPEEDREL,DR_SF1,DR_SF2,DR_SF3,DR_SF4,VTRAFWAY,VNUM_LAN,VSPD_LIM,VALIGN,VPROFILE,VPAVETYP,VSURCOND,VTRAFCON,VTCONT_F,P_CRASH1,P_CRASH2,P_CRASH3,PCRASH4,PCRASH5,ACC_TYPE,DEATHS,DR_DRINK
38,380003,1,2,1,3,1,17,0,12,1,1,0,38,1,12,17,12017,4,2007,1FAFP53U57A1,1,F,A,F,P,5,3,U,5,7,A,1,0,P,FORD,TSE,4D,7,17,3307,,0,1085,,G,,F,6,183,,,16R215,,,,,,0,0,000000000,00000000000,0,0,0,1,0,0,0,0,0,0,0,999,0,0,0,12,12,6,2,12,32,0,0,1,38,58636,6,1,0,0,3,1,60,140,0,0,0,0,0,0,0,0,0,0,0,0,0,0,1,2,65,1,1,2,1,0,0,1,51,1,1,1,24,1,0
38,380003,2,2,1,3,1,17,0,12,1,1,0,0,0,99,998,99998,92,2007,000000000000,0,0,0,0,0,0,0,0,0,0,0,0,0,,,,,,,,,,,,,,,,,,,,,,,,,0,0,000000000,00000000000,0,0,0,1,0,0,0,0,0,0,0,22,0,0,0,6,0,6,2,12,0,0,0,1,38,58636,6,1,0,0,3,1,71,208,0,0,0,1,0,12,2008,12,2008,0,0,0,0,0,1,2,65,1,1,2,1,0,0,1,53,1,1,1,25,0,0
38,380004,1,1,2,6,1,11,9,1,0,1,0,38,1,20,481,20481,31,2004,1GCHK23U44F1,1,G,C,H,K,2,3,U,4,4,F,1,0,T,CHEV,2KH,CW,4,17,,2,1670,1530,SIL,G,,,8,364,,,,C,6056,03,,44,0,0,000000000,00000000000,0,0,0,1,0,0,0,0,0,0,0,998,0,1,3,0,13,6,2,1,0,0,0,1,38,58316,6,1,0,0,3,1,63,164,0,0,0,0,0,0,0,0,0,1,0,0,0,0,3,2,70,1,1,2,4,0,0,1,6,1,4,4,7,1,0
38,380005,1,2,1,10,1,12,45,12,6,1,0,38,1,37,32,37032,4,2008,1HGCP26838A1,1,H,G,C,P,2,6,8,3,8,A,1,0,P,HOND,AXL,4D,8,17,3416,,0,1102,,G,,F,4,146,,,17R225,,,,,,0,0,000000000,00000000000,0,0,0,1,0,0,0,0,0,0,0,998,0,0,0,5,4,6,2,12,0,0,0,1,38,58528,6,1,0,0,3,1,66,180,0,0,0,1,0,3,2010,3,2010,0,35,0,0,0,1,2,65,1,2,2,1,0,0,6,9,1,4,2,64,1,0
38,380005,2,2,2,10,1,12,45,12,6,1,0,38,3,12,461,12461,21,2005,1FTSE34P15HA,1,F,T,S,E,3,4,P,1,5,H,A,0,T,FORD,3SD,CG,5,17,,2,0,1380,VAN,D,,,8,366,,,,D,00000,00,E,42,0,0,000000000,00000000000,0,0,0,1,0,0,0,0,0,0,0,998,0,1,5,12,11,6,2,12,0,0,0,1,38,58428,6,1,0,0,3,0,71,190,1,0,0,9,0,1,2009,7,2010,0,0,0,0,0,1,2,65,1,2,2,1,0,0,1,54,9,1,2,65,0,0
38,380006,1,2,1,14,1,8,25,12,6,1,0,38,2,89,881,89881,66,1993,4V1WDBJF4PN6,4,V,1,W,D,B,J,F,4,P,N,6,1,T,WHGM,WIA,TR,93,17,,8,0,0,ARO,D,,,6,855,,,,,00000,00,,64,1,88,888888888,88888888888,3,6,1,1,0,0,0,0,0,0,0,50,0,0,0,12,12,6,2,12,0,0,0,1,38,58056,6,1,0,0,3,1,70,310,0,0,0,0,0,0,0,0,0,0,0,0,0,0,1,2,65,1,1,2,4,0,0,1,66,98,1,2,86,0,0
38,380006,2,2,1,14,1,8,25,12,6,1,0,38,2,22,20,22020,4,2003,1G2WK52J63F1,1,G,2,W,K,5,2,J,6,3,F,1,0,P,PONT,GFS,4D,3,17,3384,,0,1105,,G,,F,6,191,,,15R205,,,,,,0,0,000000000,00000000000,0,0,0,1,0,0,0,0,0,0,0,7,0,0,0,81,81,6,2,12,0,0,0,1,38,58056,6,1,0,0,3,0,65,113,0,0,0,0,0,0,0,0,0,0,0,0,0,0,1,2,55,1,1,2,4,20,3,1,17,1,1,2,87,1,0
38,380007,1,2,2,15,1,12,30,12,6,1,0,26,3,20,880,20880,67,2010,1GB7KZB68AF1,1,G,B,7,K,Z,B,6,8,A,F,1,1,T,CHEV,SK3,CW,10,17,,3,0,1670,SIL,D,,,8,403,,,,D,6672,00,,44,1,57,1393262,571393262,2,4,28,1,0,0,0,0,0,0,0,998,0,0,0,12,12,6,2,12,0,0,0,1,26,49431,6,1,6,0,3,0,70,150,0,0,0,0,0,0,0,0,0,0,92,0,0,0,3,2,70,1,1,2,1,0,0,1,17,2,1,1,69,0,0
38,380007,2,2,1,15,1,12,30,12,6,1,0,38,2,22,441,22441,20,2000,1GMDX03E9YD1,1,G,M,D,X,0,3,E,9,Y,D,1,0,T,PONT,MON,ES,0,17,,1,0,1200,MON,G,,,6,207,,,,B,3942,00,K,42,0,0,000000000,00000000000,0,0,0,1,0,0,0,0,0,0,0,998,0,0,0,3,3,6,2,12,0,0,0,1,38,58722,6,1,0,0,3,1,72,150,0,0,0,2,1,3,2010,7,2010,0,0,0,0,0,3,2,70,1,1,2,1,0,0,11,15,1,1,1,68,1,0
38,380008,1,2,1,16,1,12,0,12,2,1,0,38,3,87,881,87881,66,2007,1XPHDB9X67N6,1,X,P,H,D,B,9,X,6,7,N,6,1,T,PTRB,386,TR,7,17,,8,0,0,CON,D,,,6,893,,,,,00000,00,,64,1,57,812071,57812071,3,6,2,1,0,0,0,0,0,0,0,58,0,0,0,12,12,6,2,12,0,0,0,1,38,58401,6,1,6,1,3,0,73,300,0,0,0,0,0,0,0,0,0,0,28,87,0,0,1,2,65,1,1,2,3,0,0,2,10,2,1,2,50,0,0
38,380008,2,2,1,16,1,12,0,12,2,1,0,38,2,20,17,20017,4,1989,1G1AW51R1K61,1,G,1,A,W,5,1,R,1,K,6,1,0,P,CHEV,CEL,4D,89,17,2751,,0,1049,,G,,F,4,151,,,14R185,,,,,,0,0,000000000,00000000000,0,0,0,1,0,0,0,0,0,0,0,998,0,0,0,12,12,6,2,12,0,0,0,1,38,58201,6,1,0,0,3,1,77,245,0,0,0,0,0,0,0,0,0,0,87,0,0,0,1,2,65,1,1,2,3,0,0,1,62,1,1,1,51,1,0
38,380009,1,1,1,24,1,8,54,24,0,1,0,38,2,12,481,12481,31,2001,1FTNW21F71ED,1,F,T,N,W,2,1,F,7,1,E,D,0,T,FORD,F2S,CW,1,17,,2,1724,1562,SRW,D,,,8,444,,,,C,5932,07,E,44,0,0,000000000,00000000000,0,0,0,1,0,0,0,0,0,0,0,60,0,1,5,12,13,6,2,1,0,0,0,1,38,58081,6,1,0,0,3,0,71,164,1,0,0,0,0,1,2011,1,2011,1,0,0,0,0,3,2,65,1,2,2,4,0,0,1,5,1,4,4,7,1,0
38,380010,1,1,1,5,2,1,40,5,0,1,0,0,0,99,998,99998,91,2002,000000000000,0,0,0,0,0,0,0,0,0,0,0,0,0,,,,,,,,,,,,,,,,,,,,,,,,,0,0,000000000,00000000000,0,0,0,1,0,0,0,0,0,0,0,998,0,1,5,0,2,2,9,5,0,0,0,1,38,58261,6,1,0,0,3,1,70,195,0,0,0,3,0,10,2008,2,2010,1,0,0,0,0,1,2,55,9,9,5,3,40,8,1,98,1,7,7,0,1,1
38,380011,1,1,2,23,2,15,18,1,0,1,0,38,1,20,403,20403,14,2003,1GNET16S7362,1,G,N,E,T,1,6,S,7,3,6,2,0,P,CHEV,TRL,UT,3,17,5020,,0,1290,,G,,F,6,256,,,17R245,,,,,,0,0,000000000,00000000000,0,0,0,1,0,0,0,0,0,0,0,84,0,1,5,0,13,6,2,1,0,0,0,1,38,58078,6,1,0,0,3,1,62,180,0,0,0,1,0,3,2010,3,2010,1,0,0,0,0,3,2,75,1,1,1,4,0,0,1,6,1,7,4,2,1,0
38,380012,1,2,1,4,3,14,21,12,2,1,0,38,3,12,881,12881,61,2010,1FTWW3BR8AEB,1,F,T,W,W,3,B,R,8,A,E,B,0,T,FORD,F3S,CW,10,17,,3,1724,1562,SRW,D,,,8,390,,,,D,6973,00,E,44,0,77,777777777,77777777777,2,1,97,1,0,0,0,0,0,0,0,25,0,0,0,12,11,6,2,12,0,0,0,1,38,58801,6,1,6,0,3,0,69,165,0,0,0,0,0,0,0,0,0,0,0,0,0,0,1,2,45,1,2,4,1,0,0,1,54,1,1,2,50,0,0
38,380012,2,2,2,4,3,14,21,12,2,1,0,38,2,7,482,7482,31,2000,3B7HF13ZXYG1,3,B,7,H,F,1,3,Z,X,Y,G,1,0,T,DODG,Q15,4C,0,17,,2,1547,1387,RPC,G,,,8,360,,,,B,4983,01,U,44,0,0,000000000,00000000000,0,0,0,1,0,0,0,0,0,0,0,40,0,0,0,12,12,6,2,12,0,0,0,1,38,58763,3,7,0,0,2,1,71,155,0,0,0,0,0,0,0,0,0,0,0,0,0,0,1,2,45,1,2,4,1,0,0,1,62,1,1,2,51,1,0
38,380013,1,1,3,11,3,9,55,1,0,1,0,38,1,23,401,23401,14,2004,1GKET16S2461,1,G,K,E,T,1,6,S,2,4,6,1,0,T,GMC,EXL,4W,4,17,,2,0,1290,ENV,G,,,6,256,,,,B,4968,00,E,44,0,0,000000000,00000000000,0,0,0,1,0,0,0,0,0,0,0,45,0,1,5,0,3,6,2,1,0,0,0,1,38,58561,1,1,0,0,2,0,64,140,0,1,0,2,0,4,2010,6,2010,1,87,0,0,0,1,2,65,1,2,2,10,0,0,1,5,1,9,4,7,1,0
38,380014,1,2,2,6,4,17,24,12,2,1,0,38,3,12,481,12481,31,2010,1FTSW2B50AEA,1,F,T,S,W,2,B,5,0,A,E,A,0,T,FORD,F2S,CW,10,17,,2,1724,1562,SRW,G,,,8,329,,,,B,6483,00,E,44,0,0,000000000,00000000000,0,0,0,1,0,0,0,0,0,0,0,65,0,0,0,12,11,6,2,12,0,0,0,1,28,39402,6,1,0,0,3,0,68,200,0,0,0,1,0,6,2008,6,2008,0,0,0,0,0,1,2,65,1,2,2,1,0,0,1,62,2,1,1,51,0,0
38,380014,2,2,1,6,4,17,24,12,2,1,0,46,2,20,2,20002,4,2005,2G1WH52K4591,2,G,1,W,H,5,2,K,4,5,9,1,0,P,CHEV,IPL,4D,5,17,3466,,0,1105,,G,,F,6,231,,,16R225,,,,,,0,0,000000000,00000000000,0,0,0,1,0,0,0,0,0,0,0,999,0,0,0,12,12,6,2,12,0,0,0,1,24,21158,0,0,0,0,0,0,68,145,0,0,0,0,0,0,0,0,0,0,0,0,0,0,1,2,65,1,2,2,1,0,0,1,10,7,1,2,50,1,1
38,380015,1,1,1,10,4,19,50,1,0,1,0,38,1,6,44,6044,4,1998,1C3EJ56H9WN3,1,C,3,E,J,5,6,H,9,W,N,3,0,P,CHRY,CLI,4D,98,17,3117,,0,1080,,G,,F,6,152,,,15R195,,,,,,0,0,000000000,00000000000,0,0,0,1,0,0,0,0,0,0,0,998,0,1,5,0,13,6,2,1,0,0,0,1,38,58701,6,1,0,0,3,1,67,200,0,0,0,0,0,0,0,0,0,1,0,0,0,0,1,2,65,1,1,2,1,0,0,1,12,7,9,4,6,1,1
38,380016,1,2,1,13,4,8,3,12,6,1,0,56,3,98,804,98804,66,2005,5KJJABCK95PN,5,K,J,J,A,B,C,K,9,5,P,N,2,T,WSTR,49X,TR,5,17,,8,0,0,CNV,D,,,6,858,,,,,00000,00,,64,1,57,191414,57191414,3,7,2,1,0,0,0,0,0,0,0,45,0,0,0,12,1,6,2,12,0,0,0,1,30,59259,6,1,6,1,3,0,74,250,98,0,0,0,0,0,0,0,0,0,0,0,0,0,2,2,70,1,1,2,1,0,0,1,67,8,1,2,83,0,0
38,380016,2,2,3,13,4,8,3,12,6,1,0,38,2,20,32,20032,4,1997,1Y1SK526XVZ4,1,Y,1,S,K,5,2,6,X,V,Z,4,0,P,GEO,GEP,4D,97,17,2360,,0,971,,G,,F,4,097,,,14R175,,,,,,0,0,000000000,00000000000,0,0,0,1,0,0,0,0,0,0,0,999,0,0,0,9,9,6,2,12,0,0,0,1,38,58849,6,1,0,0,3,1,59,122,0,0,0,0,0,0,0,0,0,0,38,0,0,0,1,2,55,1,8,4,1,20,3,11,15,1,1,1,82,1,0
38,380017,1,1,1,15,4,7,15,1,0,1,0,30,1,20,481,20481,31,2001,1GCHK23U21F1,1,G,C,H,K,2,3,U,2,1,F,1,0,T,CHEV,2KH,CW,1,17,,2,1670,1530,SIL,G,,,8,364,,,,C,5766,00,,44,0,0,000000000,00000000000,0,0,0,1,0,0,0,0,0,0,0,999,0,1,5,0,9,6,2,1,0,0,0,1,30,59483,6,1,6,0,3,1,69,200,98,1,0,0,1,8,2008,8,2008,1,87,0,0,0,1,2,65,1,2,2,4,0,0,1,5,2,2,4,7,1,0
38,380018,1,1,1,18,4,1,21,1,0,1,0,98,1,14,401,14401,14,1997,4M2DU55P8VUJ,4,M,2,D,U,5,5,P,8,V,U,J,0,P,MERC,MOU,UT,97,17,0,,0,1120,,G,,F,8,302,,,15R235,,,,,,0,0,000000000,00000000000,0,0,0,1,0,0,0,0,0,0,0,998,0,1,5,0,98,6,2,1,0,0,0,1,8,58316,2,1,2,0,2,0,72,180,0,0,0,0,0,0,0,0,0,0,0,0,0,0,1,2,98,1,2,2,1,0,0,1,9,6,9,4,7,1,1
38,380019,1,2,1,22,4,1,13,12,2,1,0,98,1,20,32,20032,4,1996,1HGCD5632TA2,1,H,G,C,D,5,6,3,2,T,A,2,0,P,HOND,ULE,4D,96,17,2864,,0,1069,,G,,F,4,132,,,15R185,,,,,,0,0,000000000,00000000000,0,0,0,1,0,0,0,0,0,0,0,998,0,0,0,12,12,6,2,12,0,0,0,1,38,58316,0,0,0,0,0,0,71,190,0,0,0,0,0,0,0,0,0,0,28,0,0,0,1,2,65,1,1,2,1,0,0,1,10,1,1,2,50,1,1
38,380019,2,2,1,22,4,1,13,12,2,1,0,98,2,20,32,20032,4,1995,1Y1SK5286SZ0,1,Y,1,S,K,5,2,8,6,S,Z,0,0,P,GEO,PRL,4D,95,17,2348,,0,971,,G,,F,4,110,,,14R175,,,,,,0,0,000000000,00000000000,0,0,0,1,0,0,0,0,0,0,0,998,0,0,0,12,12,6,2,12,0,0,0,1,98,58366,0,0,0,0,0,0,999,999,0,0,0,1,0,3,2010,3,2010,0,0,0,0,0,1,2,65,1,1,2,1,0,0,1,62,1,1,1,51,1,1
38,380020,1,1,1,28,4,0,45,34,0,1,0,38,1,9,17,9017,3,1991,1P3XP24D4MN6,1,P,3,X,P,2,4,D,4,M,N,6,0,P,PLYM,SAS,2H,91,17,2551,,0,970,,G,,F,4,135,,,14R185,,,,,,0,0,000000000,00000000000,0,0,0,1,0,0,0,0,0,0,0,998,0,1,5,9,9,6,2,1,0,0,0,1,6,58793,6,1,0,0,3,0,69,180,0,1,0,0,0,8,2010,8,2010,0,0,0,0,0,1,2,65,1,1,2,1,0,0,1,13,6,3,4,2,1,1
38,380021,1,2,1,30,4,12,25,12,2,1,0,38,1,49,471,49471,30,1988,JT4RN63A4J80,J,T,4,R,N,6,3,A,4,J,8,0,0,T,TOYT,R63,PK,88,17,,1,0,1030,44P,G,,,4,144,,,,B,3141,01,A,44,0,0,000000000,00000000000,0,0,0,1,0,0,0,0,0,0,0,30,0,0,0,12,12,6,2,12,0,0,0,1,38,58647,6,1,6,0,3,0,73,289,0,0,0,1,0,5,2008,5,2008,0,0,0,0,0,1,2,65,1,1,2,10,0,0,1,10,1,1,2,53,1,0
38,380021,2,2,1,30,4,12,25,12,2,1,0,46,2,12,481,12481,31,2002,1FTRW08L22KC,1,F,T,R,W,0,8,L,2,2,K,C,0,T,FORD,F1S,CW,2,17,,2,0,1388,COF,G,,,8,330,,,,B,5005,02,E,44,0,0,000000000,00000000000,0,0,0,1,0,0,0,0,0,0,0,43,0,0,0,12,12,6,2,12,0,0,0,1,46,57620,6,1,0,0,3,1,72,250,0,0,0,0,0,0,0,0,0,0,0,0,0,0,1,2,65,1,1,2,10,0,0,1,10,2,1,9,53,0,0
38,380022,1,1,1,7,5,19,10,1,0,1,0,27,1,76,706,76706,80,1999,JYAVP04E2XA0,J,Y,A,V,P,0,4,E,2,X,A,0,0,M,YAMA,ZTF,RS,99,17,,,,,,,1294,,4,,4,807,,,,,,,0,0,000000000,00000000000,0,0,0,1,0,0,0,0,0,0,0,998,0,0,0,0,98,6,2,1,35,0,0,1,27,56525,6,1,0,0,3,0,70,165,0,5,2,1,0,10,2009,3,2010,1,0,0,0,0,1,2,65,1,2,2,1,0,0,6,9,1,7,2,98,1,1
38,380023,1,2,1,6,5,16,0,12,6,1,0,38,2,49,402,49402,14,1996,JT3HP10V8T70,J,T,3,H,P,1,0,V,8,T,7,0,0,P,TOYT,RV4,UT,96,17,0,,0,949,,G,,F,4,122,,,16R215,,,,,,0,0,000000000,00000000000,0,0,0,1,0,0,0,0,0,0,0,998,0,0,0,11,11,6,2,12,0,0,0,1,38,58356,6,1,0,0,3,0,62,195,0,0,0,0,0,0,0,0,0,0,0,0,0,0,1,2,65,1,2,2,1,28,3,11,15,1,1,1,68,1,0
38,380023,2,2,1,6,5,16,0,12,6,1,0,38,1,7,482,7482,31,2006,3D7KS19D56G2,3,D,7,K,S,1,9,D,5,6,G,2,0,T,DODG,ME1,CW,6,17,,2,0,1605,RPC,G,,,8,348,,,,B,6487,00,E,44,0,0,000000000,00000000000,0,0,0,1,0,0,0,0,0,0,0,998,0,1,5,11,11,6,2,12,0,0,0,1,38,58433,6,1,6,0,3,0,73,260,0,0,0,1,0,10,2010,10,2010,0,0,0,0,0,1,2,65,1,2,2,1,28,3,1,17,9,1,1,69,0,0
38,380025,1,1,1,23,5,9,46,8,0,1,0,38,1,30,40,30040,4,1996,3VWWA81H6TM1,3,V,W,W,A,8,1,H,6,T,M,1,0,P,VOLK,JTK,4D,96,17,2573,,0,974,,G,,F,4,121,,,14R185,,,,,,0,0,000000000,00000000000,0,0,0,1,0,0,0,0,0,0,0,998,0,0,0,11,11,0,1,8,0,0,0,1,38,58501,6,1,0,0,3,1,80,230,0,1,0,1,1,6,2008,3,2011,0,0,0,0,0,4,4,25,1,1,1,1,2,3,10,80,1,1,1,13,0,0
38,380026,1,1,1,2,6,17,27,8,0,1,0,38,1,12,481,12481,31,2007,1FTPW14V97FB,1,F,T,P,W,1,4,V,9,7,F,B,0,T,FORD,F1S,CW,7,17,,2,0,1390,COF,F,,,8,329,,,,B,5476,01,E,44,0,0,000000000,00000000000,0,0,0,1,0,0,0,0,0,0,0,998,0,0,0,1,1,2,3,8,0,0,0,1,38,58103,6,1,0,0,3,1,69,185,0,0,0,0,0,0,0,0,0,0,0,0,0,0,1,2,20,1,1,2,1,0,0,1,80,2,1,1,13,0,0
38,380027,1,1,1,2,6,19,48,14,0,1,0,27,1,99,850,99850,73,1998,1RF120610W20,1,R,F,1,2,0,6,1,0,W,2,0,1,U,,,,98,17,,,,,,,,,,,,,,,,,,,1,0,000000000,00000000000,0,0,0,1,0,0,0,0,0,0,0,58,0,0,0,3,3,6,2,8,0,0,0,1,27,56723,6,1,6,0,3,1,76,310,0,0,0,0,0,0,0,0,0,0,0,0,0,0,2,2,75,3,1,1,1,0,0,14,8,1,1,4,11,0,0
38,380028,1,2,1,3,6,13,58,12,6,1,0,38,3,12,481,12481,31,2006,1FTRF12256NB,1,F,T,R,F,1,2,2,5,6,N,B,0,T,FORD,F15,PK,6,17,,2,1450,1260,COF,G,,,6,256,,,,B,4615,02,E,42,0,0,000000000,00000000000,0,0,0,1,0,0,0,0,0,0,0,70,0,0,0,12,12,6,2,12,0,0,0,1,56,82501,6,1,0,0,3,1,69,150,0,0,0,0,0,0,0,0,0,0,0,0,0,0,2,2,70,1,1,2,1,0,0,1,68,1,1,1,88,0,0
38,380028,2,2,1,3,6,13,58,12,6,1,0,38,1,22,20,22020,4,2005,2G2WS5227513,2,G,2,W,S,5,2,2,7,5,1,3,0,P,PONT,GPG,4D,5,17,3484,,0,1105,,G,,F,6,231,,,16R225,,,,,,0,0,000000000,00000000000,0,0,0,1,0,0,0,0,0,0,0,998,0,0,0,9,9,6,2,12,0,0,0,1,38,58703,6,1,0,0,3,1,73,195,1,0,0,0,0,5,2011,5,2011,0,0,0,0,0,1,2,98,1,1,2,1,20,8,1,17,1,1,1,89,1,1
38,380029,1,2,6,4,6,14,4,12,6,1,0,38,1,6,441,6441,20,2005,2C8GP64L55R1,2,C,8,G,P,6,4,L,5,5,R,1,0,T,CHRY,LMT,ES,5,17,,1,0,1193,TWC,G,,,6,230,,,,,4344,00,,42,0,0,000000000,00000000000,0,0,0,1,0,0,0,0,0,0,0,65,0,0,0,12,12,6,2,12,0,0,0,1,38,58201,6,1,0,0,3,1,68,155,0,0,0,0,0,0,0,0,0,0,0,0,0,0,1,2,65,1,1,2,1,28,3,1,66,6,1,1,88,0,0
38,380029,2,2,1,4,6,14,4,12,6,1,0,38,1,18,3,18003,4,1988,1G4CW51C3J16,1,G,4,C,W,5,1,C,3,J,1,6,0,P,BUIC,EPF,4D,88,17,3248,,0,1108,,G,,F,6,231,,,14R205,,,,,,0,0,000000000,00000000000,0,0,0,1,0,0,0,0,0,0,0,998,0,0,0,9,9,6,2,12,0,0,0,1,38,58275,6,1,0,0,3,1,63,200,0,0,0,0,0,0,0,0,0,0,0,0,0,0,2,2,55,1,1,2,1,20,3,4,17,1,1,1,89,1,0
38,380030,1,1,2,6,6,20,54,1,0,1,0,38,1,20,481,20481,31,2003,2GCEK19T2312,2,G,C,E,K,1,9,T,2,3,1,2,0,T,CHEV,SK1,4C,3,17,,2,1575,1435,SIL,G,,,8,325,,,,B,4910,02,,44,0,0,000000000,00000000000,0,0,0,1,0,0,0,0,0,0,0,998,0,1,1,0,61,6,2,1,0,0,0,1,38,58554,6,1,0,0,3,0,69,185,0,0,0,1,0,9,2009,9,2009,1,0,0,0,0,1,2,55,1,3,4,1,0,0,1,6,1,3,6,98,1,0
38,380031,1,1,2,6,6,20,0,42,0,1,0,38,2,98,739,98739,90,2010,4XADX85A9AA0,4,X,A,D,X,8,5,A,9,A,A,0,0,M,POLS,SE8,AT,10,17,,,,,,,850,,2,,4,783,,,,,,,0,0,000000000,00000000000,0,0,0,1,0,0,0,0,0,0,0,998,0,0,0,11,11,6,2,42,0,0,0,1,38,58416,1,1,0,0,1,0,66,130,0,1,0,0,0,1,2011,1,2011,1,0,0,0,0,1,2,10,1,2,4,1,0,0,1,6,1,1,4,6,2,1
38,380032,1,2,2,8,6,10,55,12,6,1,0,38,3,20,481,20481,31,1998,2GCEK19R2W11,2,G,C,E,K,1,9,R,2,W,1,1,0,T,CHEV,GK1,PC,98,17,,2,1555,1415,GM4,G,,,8,350,,,,B,00000,00,,44,0,0,000000000,00000000000,0,0,0,1,0,0,0,0,0,0,0,998,0,0,0,12,12,6,2,12,0,0,0,1,38,58236,6,1,0,0,3,0,69,240,0,0,0,1,0,4,2009,4,2009,0,38,0,0,0,1,2,55,1,1,4,1,0,0,1,66,1,1,1,88,1,0
38,380032,2,2,1,8,6,10,55,12,6,1,0,38,2,7,482,7482,31,2004,1D7HU18DX4S6,1,D,7,H,U,1,8,D,X,4,S,6,0,T,DODG,SQ1,CW,4,17,,2,1605,1405,RPC,G,,,8,345,,,,B,5043,02,E,44,0,0,000000000,00000000000,0,0,0,1,0,0,0,0,0,0,0,998,0,0,0,9,9,6,2,12,0,0,0,1,38,58103,6,1,6,0,3,1,75,200,0,0,0,5,1,8,2008,7,2010,0,0,0,0,0,1,2,55,1,1,4,1,0,0,1,17,1,1,1,89,0,0
38,380033,1,1,1,12,6,18,47,35,0,1,0,38,1,12,481,12481,31,2002,2FTRX18L52CA,2,F,T,R,X,1,8,L,5,2,C,A,1,T,FORD,F15,4C,2,17,,2,1574,1388,COF,G,,,8,330,,,,B,4639,05,U,44,1,0,000000000,00000000000,0,0,0,1,0,0,0,0,0,0,0,998,0,1,1,12,9,6,2,1,0,0,0,1,38,58504,6,1,6,0,3,8,66,125,0,0,0,0,0,0,0,0,0,0,0,0,0,0,2,2,70,1,1,2,1,0,0,1,12,7,1,4,98,1,0
38,380034,1,2,1,14,6,15,15,12,2,1,0,38,1,20,2,20002,4,2004,2G1WF52E3494,2,G,1,W,F,5,2,E,3,4,9,4,0,P,CHEV,IMP,4D,4,17,3389,,0,1105,,G,,F,6,207,,,16R225,,,,,,0,0,000000000,00000000000,0,0,0,1,0,0,0,0,0,0,0,998,0,0,0,12,12,6,2,12,0,0,0,1,38,58552,6,1,0,0,3,1,68,190,0,0,0,0,0,0,0,0,0,0,0,0,0,0,1,2,65,1,1,2,2,0,0,1,10,1,1,2,50,1,0
38,380034,2,2,3,14,6,15,15,12,2,1,0,38,2,12,471,12471,30,1999,1FTZR15X5XPA,1,F,T,Z,R,1,5,X,5,X,P,A,0,T,FORD,RNS,PC,99,17,,1,0,1259,RNG,G,,,6,245,,,,B,00000,00,U,44,0,0,000000000,00000000000,0,0,0,1,0,0,0,0,0,0,0,63,0,0,0,12,12,6,2,12,0,0,0,1,38,58573,6,1,0,0,3,1,65,105,0,0,0,0,0,0,0,0,0,0,0,0,0,0,1,2,65,1,1,2,2,0,0,1,62,9,1,1,51,0,0
38,380035,1,1,2,16,6,0,32,1,0,1,0,30,2,7,43,7043,2,2003,4B3AG42G73E2,4,B,3,A,G,4,2,G,7,3,E,2,0,P,DODG,SSE,CP,3,17,2960,,0,1037,,G,,F,4,146,,,16R205,,,,,,0,0,000000000,00000000000,0,0,0,1,0,0,0,0,0,0,0,998,0,1,5,0,98,6,2,1,0,0,0,1,30,59102,6,1,0,0,3,0,70,170,98,0,0,0,0,0,0,0,0,1,0,0,0,0,1,2,45,3,2,2,1,0,0,14,13,6,1,4,6,1,1
38,380036,1,1,1,18,6,1,36,8,0,1,0,38,1,63,32,63032,4,2011,KNADH4A30B69,K,N,A,D,H,4,A,3,0,B,6,9,0,P,KIA,RBL,4D,11,17,2365,,0,0,,G,,F,4,098,,,000000,,,,,,0,0,000000000,00000000000,0,0,0,1,0,0,0,0,0,0,0,65,0,0,0,1,1,9,9,8,0,0,0,1,38,58535,6,1,0,0,3,0,66,180,0,0,0,0,0,0,0,0,0,0,0,0,0,0,1,2,65,1,1,2,1,0,0,1,80,1,1,1,13,0,0