STATE,ST_CASE,VEH_NO,VE_FORMS,NUMOCCS,DAY,MONTH,HOUR,MINUTE,HARM_EV,MAN_COLL,UNITTYPE,HIT_RUN,REG_STAT,OWNER,MAKE,MODEL,MAK_MOD,BODY_TYP,MOD_YEAR,VIN,VIN_1,VIN_2,VIN_3,VIN_4,VIN_5,VIN_6,VIN_7,VIN_8,VIN_9,VIN_10,VIN_11,VIN_12,TOW_VEH,VINTYPE,VINMAKE,VINA_MOD,VIN_BT,VINMODYR,VIN_LNGT,VIN_WGT,WGTCD_TR,WHLBS_LG,WHLBS_SH,SER_TR,FUELCODE,MCYCL_DS,CARBUR,CYLINDER,DISPLACE,MCYCL_CY,MCYCL_WT,TIRE_SZE,TON_RAT,TRK_WT,TRKWTVAR,VIN_REST,WHLDRWHL,J_KNIFE,MCARR_I1,MCARR_I2,MCARR_ID,GVWR,V_CONFIG,CARGO_BT,HAZ_INV,HAZ_PLAC,HAZ_ID,HAZ_CNO,HAZ_REL,BUS_USE,SPEC_USE,EMER_USE,TRAV_SP,UNDERIDE,ROLLOVER,ROLINLOC,IMPACT1,IMPACT2,DEFORMED,TOWED,M_HARM,VEH_SC1,VEH_SC2,FIRE_EXP,DR_PRES,L_STATE,DR_ZIP,L_STATUS,L_TYPE,CDL_STAT,L_ENDORS,L_COMPL,L_RESTRI,DR_HGT,DR_WGT,PREV_ACC,PREV_SUS,PREV_DWI,PREV_SPD,PREV_OTH,FIRST_MO,FIRST_YR,LAST_MO,LAST_YR,SPEEDREL,DR_SF1,DR_SF2,DR_SF3,DR_SF4,VTRAFWAY,VNUM_LAN,VSPD_LIM,VALIGN,VPROFILE,VPAVETYP,VSURCOND,VTRAFCON,VTCONT_F,P_CRASH1,P_CRASH2,P_CRASH3,PCRASH4,PCRASH5,ACC_TYPE,DEATHS,DR_DRINK
39,390041,1,2,1,10,1,1,50,12,1,1,0,39,1,22,18,22018,4,1999,1G2NE52T0XM9,1,G,2,N,E,5,2,T,0,X,M,9,0,P,PONT,GAS,4D,99,17,3102,,0,1071,,G,,F,4,146,,,15R215,,,,,,0,0,000000000,00000000000,0,0,0,1,0,0,0,0,0,0,0,0,0,0,0,6,6,6,2,12,0,0,0,1,39,44120,6,1,0,0,3,3,64,260,1,1,0,0,1,6,2009,2,2010,0,54,0,0,0,3,4,60,1,1,2,1,0,0,5,53,1,7,1,21,1,0
39,390041,2,2,1,10,1,1,50,12,1,1,0,39,1,12,401,12401,14,2000,1FMZU73X5YZB,1,F,M,Z,U,7,3,X,5,Y,Z,B,0,P,FORD,EPR,UT,0,17,4106,,0,1116,,G,,F,6,245,,,15R235,,,,,,0,0,000000000,00000000000,0,0,0,1,0,0,0,0,0,0,0,65,0,0,0,12,12,6,2,12,0,0,0,1,39,44116,6,1,0,0,3,3,67,150,0,0,0,0,1,11,2010,11,2010,1,84,0,0,0,3,4,60,1,1,2,1,0,0,1,50,1,1,1,20,0,0
39,390042,1,2,1,1,2,17,13,12,6,1,0,39,1,14,17,14017,4,2002,1MEFM50UX2A6,1,M,E,F,M,5,0,U,X,2,A,6,0,P,MERC,SGP,4D,2,17,3379,,0,1085,,G,,F,6,182,,,16R215,,,,,,0,0,000000000,00000000000,0,0,0,1,0,0,0,0,0,0,0,998,1,0,0,5,5,6,2,12,0,0,0,1,39,44837,6,1,0,0,3,0,70,193,0,0,0,0,0,0,0,0,0,0,87,0,0,0,1,2,50,3,2,2,4,0,0,14,5,1,4,2,66,1,1
39,390042,2,2,1,1,2,17,13,12,6,1,0,39,1,82,883,82883,66,2001,1FUJA6BD01PG,1,F,U,J,A,6,B,D,0,1,P,G,1,T,FRHT,COL,TR,1,17,,8,0,0,CON,D,,,6,855,,,,,00000,00,,64,1,57,268464,57268464,3,6,4,1,0,0,0,0,0,0,0,40,7,0,0,12,12,6,2,12,0,0,0,1,39,44622,6,1,6,0,3,0,70,210,0,0,0,0,1,10,2009,10,2009,0,0,0,0,0,1,2,50,2,2,2,4,0,0,14,62,1,1,1,66,0,0
39,390043,1,2,1,4,2,9,39,12,1,1,0,39,1,13,421,13421,15,2004,5LMFU28R14LJ,5,L,M,F,U,2,8,R,1,4,L,J,0,P,LINC,NAV,UT,4,17,5995,,0,1190,,G,,F,8,330,,,18R255,,,,,,0,0,000000000,00000000000,0,0,0,1,0,0,0,0,0,0,0,0,0,0,0,6,6,4,9,12,0,0,0,1,39,43420,6,1,0,0,3,0,66,167,0,1,0,2,0,6,2008,6,2010,0,38,0,0,0,1,4,35,1,1,2,2,0,0,13,11,1,1,1,21,0,0
39,390043,2,2,1,4,2,9,39,12,1,1,0,39,1,14,6,14006,4,2002,2MEFM75W52X6,2,M,E,F,M,7,5,W,5,2,X,6,0,P,MERC,MGL,4D,2,17,3970,,0,1147,,G,,F,8,281,,,16R225,,,,,,0,0,000000000,00000000000,0,0,0,1,0,0,0,0,0,0,0,998,0,0,0,12,12,6,2,12,0,0,0,1,39,43420,6,1,0,0,3,0,65,260,0,0,0,0,0,0,0,0,0,0,0,0,0,0,1,4,35,1,1,2,2,0,0,1,56,1,1,1,20,1,0
39,390044,1,2,1,15,2,23,57,12,1,1,0,39,2,18,401,18401,14,2004,3G5DB03E04S5,3,G,5,D,B,0,3,E,0,4,S,5,0,P,BUIC,RZV,UT,4,17,4250,,0,1122,,G,,F,6,207,,,16R215,,,,,,0,0,000000000,00000000000,0,0,0,1,0,0,0,0,0,0,0,49,0,0,0,12,12,6,2,12,0,0,0,1,39,44142,1,1,0,0,2,0,67,150,0,4,1,0,0,8,2010,2,2011,1,26,0,0,0,1,4,35,1,1,2,1,0,0,1,6,1,1,1,20,0,1
39,390044,2,2,3,15,2,23,57,12,1,1,0,39,2,53,402,53402,14,2000,2S3TA03C7Y61,2,S,3,T,A,0,3,C,7,Y,6,1,0,P,SUZI,VIT,UT,0,17,2723,,0,866,,G,,F,4,097,,,15R205,,,,,,0,0,000000000,00000000000,0,0,0,1,0,0,0,0,0,0,0,0,0,0,0,6,6,6,2,12,0,0,0,1,39,44123,6,1,0,0,3,0,72,178,0,1,0,0,1,8,2010,1,2011,0,0,0,0,0,1,4,35,1,1,2,1,0,0,5,53,1,1,1,21,1,0
39,390045,1,3,2,22,2,17,45,12,7,1,0,39,1,37,31,37031,4,2009,1HGFA16569L0,1,H,G,F,A,1,6,5,6,9,L,0,0,P,HOND,UCL,4D,9,17,2687,,0,1063,,G,,F,4,110,,,16R205,,,,,,0,0,000000000,00000000000,0,0,0,1,0,0,0,0,0,0,0,998,0,1,1,1,13,6,2,12,0,0,0,1,39,43452,6,1,0,0,3,3,60,130,0,0,0,1,0,8,2010,8,2010,1,26,0,0,0,1,2,55,1,1,2,1,0,0,1,6,1,1,1,44,1,0
39,390045,2,3,2,22,2,17,45,12,7,1,0,39,1,12,481,12481,31,1989,2FTDF15Y5KCA,2,F,T,D,F,1,5,Y,5,K,C,A,0,T,FORD,F15,PK,89,17,,1,1330,1170,COF,G,,,6,300,,,,B,3535,01,A,42,0,0,000000000,00000000000,0,0,0,1,0,0,0,0,0,0,0,0,0,0,0,7,7,6,2,12,0,0,0,1,39,43452,6,1,0,0,3,3,67,152,0,0,0,0,0,0,0,0,0,0,0,0,0,0,1,2,55,1,1,2,1,0,0,5,53,1,1,1,45,0,0
39,390045,3,3,1,22,2,17,45,12,7,1,0,39,1,21,21,21021,2,1997,1G3NL12M3VM3,1,G,3,N,L,1,2,M,3,V,M,3,0,P,OLDS,ASC,CP,97,17,2751,,0,1034,,G,,F,6,191,,,15R195,,,,,,0,0,000000000,00000000000,0,0,0,1,0,0,0,0,0,0,0,998,0,0,0,12,12,6,2,12,0,0,0,1,39,43452,6,1,0,0,3,3,62,150,0,0,0,0,0,0,0,0,0,0,0,0,0,0,1,2,55,1,1,2,1,0,0,1,62,1,1,1,98,0,0
39,390047,1,1,1,25,2,1,55,35,0,1,0,39,1,12,481,12481,31,1995,1FTJW36F9SEA,1,F,T,J,W,3,6,F,9,S,E,A,0,T,FORD,F35,CW,95,17,,2,0,1680,COF,D,,,8,444,,,,D,00000,00,A,44,0,0,000000000,00000000000,0,0,0,1,0,0,0,0,0,0,0,998,0,1,5,12,13,4,3,1,0,0,0,1,39,43028,6,1,6,0,3,0,74,200,0,0,0,0,2,10,2009,11,2010,1,28,0,0,0,1,2,55,1,1,2,3,0,0,1,13,1,1,4,1,1,1
39,390048,1,1,1,27,2,23,30,42,0,1,0,39,1,7,42,7042,2,1998,4B3AU52N4WE1,4,B,3,A,U,5,2,N,4,W,E,1,0,P,DODG,AES,CP,98,17,2886,,0,1037,,G,,F,6,152,,,17R215,,,,,,0,0,000000000,00000000000,0,0,0,1,0,0,0,0,0,0,0,998,0,0,0,9,13,6,2,42,0,0,0,1,39,45638,6,1,0,0,3,0,69,140,1,0,0,1,1,3,2009,10,2010,0,28,0,0,0,1,2,40,1,1,2,2,0,0,1,13,1,1,4,1,1,1
39,390049,1,2,1,1,3,18,55,12,6,1,0,39,1,7,482,7482,31,2007,1D7KS28A57J5,1,D,7,K,S,2,8,A,5,7,J,5,0,T,DODG,SQ2,CW,7,17,,2,1605,1405,RPC,D,,,6,408,,,,C,6424,06,E,44,0,0,000000000,00000000000,0,0,0,1,0,0,0,0,0,0,0,55,0,0,0,12,12,4,3,12,0,0,0,1,39,44451,6,1,0,0,3,0,69,170,0,0,0,0,0,0,0,0,0,0,0,0,0,0,1,2,55,1,2,2,1,0,0,1,66,1,1,1,88,0,1
39,390049,2,2,1,1,3,18,55,12,6,1,0,39,1,7,42,7042,2,1998,4B3AU42N1WE0,4,B,3,A,U,4,2,N,1,W,E,0,0,P,DODG,AVE,CP,98,17,2862,,0,1037,,G,,F,6,152,,,14R195,,,,,,0,0,000000000,00000000000,0,0,0,1,0,0,0,0,0,0,0,998,0,0,0,9,9,6,2,12,0,0,0,1,39,44481,6,1,0,0,3,3,65,190,0,0,0,1,0,9,2010,9,2010,0,38,0,0,0,1,2,45,1,2,2,1,20,3,1,17,1,1,1,89,1,0
39,390051,1,1,1,4,1,7,34,1,0,1,0,39,1,7,472,7472,30,2000,1B7FL26X8YS5,1,B,7,F,L,2,6,X,8,Y,S,5,0,T,DODG,DAK,PK,0,17,,1,0,1119,DAK,G,,,6,239,,,,B,3262,00,U,42,0,0,000000000,00000000000,0,0,0,1,0,0,0,0,0,0,0,998,0,1,5,0,13,6,2,1,0,0,0,1,39,43055,6,1,0,0,3,3,75,350,1,0,0,1,1,10,2009,6,2010,0,28,0,0,0,1,2,55,1,1,2,1,0,0,1,13,8,1,5,1,1,0
39,390052,1,1,1,4,1,22,42,38,0,1,0,39,1,7,472,7472,30,2002,1B7HG48N22S6,1,B,7,H,G,4,8,N,2,2,S,6,0,T,DODG,DQS,CW,2,17,,2,0,1309,DAK,G,,,8,287,,,,B,4351,00,E,44,0,0,000000000,00000000000,0,0,0,1,0,0,0,0,0,0,0,998,0,1,6,9,9,6,2,1,0,0,0,1,39,45064,6,1,0,0,3,3,71,230,0,0,0,0,0,0,0,0,0,0,28,36,0,0,1,2,55,1,1,2,1,0,0,1,9,6,2,5,2,1,1
39,390053,1,1,1,7,1,23,8,35,0,1,0,92,0,76,998,76998,91,1997,999999999999,9,9,9,9,9,9,9,9,9,9,9,9,0,,,,,,,,,,,,,,,,,,,,,,,,,0,0,000000000,00000000000,0,0,0,1,0,0,0,0,0,0,0,50,0,1,6,12,13,6,2,1,0,0,0,1,39,43565,6,1,0,0,3,3,74,240,0,0,0,0,1,12,2008,12,2008,0,28,36,0,0,1,2,98,1,1,2,3,0,0,1,12,1,2,5,7,1,1
39,390054,1,1,1,8,1,6,20,35,0,1,0,39,1,7,472,7472,30,1998,1B7GG26X0WS5,1,B,7,G,G,2,6,X,0,W,S,5,0,T,DODG,DAK,PK,98,17,,1,0,1119,DAK,G,,,6,239,,,,B,3694,00,U,44,0,0,000000000,00000000000,0,0,0,1,0,0,0,0,0,0,0,998,0,0,0,9,9,6,2,42,0,0,0,1,39,43787,6,1,0,0,3,3,71,258,0,0,0,0,0,0,0,0,0,0,28,36,0,0,1,2,55,1,2,2,3,0,0,1,8,1,2,5,2,1,0
39,390055,1,1,2,9,1,22,0,33,0,1,0,22,1,12,3,12003,9,2001,999999999999,9,9,9,9,9,9,9,9,9,9,9,9,0,,,,,,,,,,,,,,,,,,,,,,,,,0,0,000000000,00000000000,0,0,0,1,0,0,0,0,0,0,0,66,0,0,0,9,9,6,2,30,0,0,0,1,39,45231,6,1,0,0,3,3,66,130,0,0,0,0,0,0,0,0,0,1,28,36,0,0,1,3,35,4,1,2,1,0,0,14,6,1,2,5,7,1,1
39,390056,1,1,4,9,1,17,7,35,0,1,0,39,1,18,18,18018,4,1994,1G4NV55M4RC2,1,G,4,N,V,5,5,M,4,R,C,2,0,P,BUIC,SKC,4D,94,17,2791,,0,1034,,G,,F,6,191,,,14R185,,,,,,0,0,000000000,00000000000,0,0,0,1,0,0,0,0,0,0,0,45,0,1,5,99,13,6,2,1,0,0,0,1,39,43938,6,1,0,0,3,0,74,175,0,1,0,1,3,3,2009,9,2010,0,28,0,0,0,1,2,55,1,2,2,2,0,0,1,13,1,1,5,1,1,0
39,390057,1,1,3,11,1,0,1,42,0,1,0,39,1,19,18,19018,6,2004,1GYEK63N14R1,1,G,Y,E,K,6,3,N,1,4,R,1,0,P,CADI,ESC,UT,4,17,5571,,0,1160,,G,,F,8,364,,,17R265,,,,,,0,0,000000000,00000000000,0,0,0,1,0,0,0,0,0,0,0,998,0,0,0,12,12,6,2,42,0,0,0,1,39,44666,6,1,0,0,3,0,66,180,2,0,0,1,3,7,2008,11,2010,1,28,36,0,0,1,2,55,1,2,2,1,0,0,1,6,1,2,5,7,2,1
39,390058,1,3,1,11,1,16,29,12,6,1,0,39,1,18,20,18020,2,1996,2G4WB12M6T14,2,G,4,W,B,1,2,M,6,T,1,4,0,P,BUIC,RCG,CP,96,17,3232,,0,1075,,G,,F,6,191,,,15R205,,,,,,0,0,000000000,00000000000,0,0,0,1,0,0,0,0,0,0,0,998,0,0,0,9,9,6,2,12,0,0,0,1,39,44223,6,1,0,0,3,3,75,220,0,1,0,0,0,9,2009,9,2009,0,28,36,0,0,1,2,55,1,1,2,3,0,0,1,5,1,2,2,64,1,0
39,390058,2,3,1,11,1,16,29,12,6,1,0,39,1,2,404,2404,14,2001,1J4GW48S51C5,1,J,4,G,W,4,8,S,5,1,C,5,0,T,JEEP,LRO,4W,1,17,,1,0,1059,GCK,G,,,6,244,,,,,3864,01,E,44,0,0,000000000,00000000000,0,0,0,1,0,0,0,0,0,0,0,45,0,0,0,4,10,2,3,34,0,0,0,1,39,44319,6,1,0,0,3,0,71,215,0,0,0,1,0,1,2010,1,2010,0,0,0,0,0,1,2,55,1,1,2,3,0,0,1,62,6,1,1,98,0,0
39,390058,3,3,1,11,1,16,29,12,6,1,0,39,1,7,43,7043,4,2005,1B3EL46X75N5,1,B,3,E,L,4,6,X,7,5,N,5,0,P,DODG,SRX,4D,5,17,3093,,0,1080,,G,,F,4,146,,,16R205,,,,,,0,0,000000000,00000000000,0,0,0,1,0,0,0,0,0,0,0,35,0,0,0,12,12,4,3,12,0,0,0,1,39,44201,6,1,0,0,3,3,67,250,0,0,0,0,0,0,0,0,0,0,0,0,0,0,1,2,55,1,1,2,3,0,0,1,10,1,1,1,65,0,0
39,390059,1,1,4,12,1,11,36,35,0,1,0,21,1,12,37,12037,9,2002,1FAFP343X2W2,1,F,A,F,P,3,4,3,X,2,W,2,0,P,FORD,FCS,4D,2,17,2604,,0,1030,,G,,F,4,121,,,15R195,,,,,,0,0,000000000,00000000000,0,0,0,1,0,0,0,0,0,0,0,998,0,1,5,2,13,6,2,1,0,0,0,1,21,40068,6,1,0,0,3,0,61,120,0,0,0,0,0,0,0,0,0,0,28,36,0,0,1,2,55,1,1,2,3,0,0,1,5,1,2,5,2,1,0
39,390060,1,2,1,14,1,14,59,12,2,1,0,39,3,84,881,84881,63,1995,1HTSCAAN5SH6,1,H,T,S,C,A,A,N,5,S,H,6,0,T,INTL,470,CC,95,17,,7,2540,1280,40S,D,,,6,466,,,,,00000,00,,42,0,57,350419,57350419,3,1,2,1,0,0,0,0,0,0,0,35,0,1,6,12,12,6,2,12,0,0,0,1,39,43054,6,1,6,1,3,3,70,180,0,0,0,0,0,0,0,0,0,0,0,0,0,0,1,2,55,1,1,2,1,0,0,1,10,1,1,1,50,0,0
39,390060,2,2,2,14,1,14,59,12,2,1,0,39,2,63,36,63036,6,2008,KNAFG5269871,K,N,A,F,G,5,2,6,9,8,7,1,0,P,KIA,ROE,SW,8,17,3443,,0,1063,,G,,F,6,165,,,16R205,,,,,,0,0,000000000,00000000000,0,0,0,1,0,0,0,0,0,0,0,998,2,0,0,12,12,6,2,12,0,0,0,1,39,43031,6,1,0,0,3,3,65,165,0,0,0,0,0,0,0,0,0,0,28,0,0,0,1,2,55,1,1,2,1,0,0,1,10,1,1,2,51,2,0
39,390061,1,2,2,14,1,13,1,12,6,1,0,39,1,22,16,22016,2,2002,1G2JB1246274,1,G,2,J,B,1,2,4,6,2,7,4,0,P,PONT,SFS,CP,2,17,2606,,0,1041,,G,,F,4,133,,,14R195,,,,,,0,0,000000000,00000000000,0,0,0,1,0,0,0,0,0,0,0,50,0,0,0,12,12,6,2,12,0,0,0,1,39,44805,6,1,0,0,3,0,62,145,0,0,0,0,0,0,0,0,0,0,0,0,0,0,1,2,50,1,1,2,2,0,0,1,17,1,1,1,83,1,0
39,390061,2,2,1,14,1,13,1,12,6,1,0,39,1,18,7,18007,4,1994,3G4AG55M6RS6,3,G,4,A,G,5,5,M,6,R,S,6,0,P,BUIC,CSP,4D,94,17,2974,,0,1049,,G,,F,6,191,,,14R185,,,,,,0,0,000000000,00000000000,0,0,0,1,0,0,0,0,0,0,0,5,0,0,0,10,10,6,2,12,0,0,0,1,39,44805,6,1,0,0,3,3,64,130,1,0,0,0,1,7,2010,7,2010,0,38,0,0,0,1,2,50,1,1,2,2,20,3,11,17,1,1,1,82,0,0
39,390062,1,2,1,15,1,2,3,12,2,1,0,39,3,84,884,84884,66,2009,2HSCRAPN89C1,2,H,S,C,R,A,P,N,8,9,C,1,2,T,INTL,PRO,TR,9,17,,7,0,0,PRO,D,,,6,915,,,,,00000,00,,42,1,57,121058,57121058,3,7,1,1,0,0,0,0,0,0,0,35,0,0,0,12,10,6,2,12,0,0,0,1,39,44311,6,1,6,1,3,0,66,150,0,0,0,0,0,0,0,0,0,0,0,0,0,0,3,2,35,1,1,2,1,0,0,1,62,1,1,1,51,0,0
39,390062,2,2,3,15,1,2,3,12,2,1,0,39,2,20,443,20443,20,2002,1GNDV03E02D1,1,G,N,D,V,0,3,E,0,2,D,1,0,T,CHEV,VTR,ES,2,17,,1,0,1200,VTR,G,,,6,207,,,,B,4431,00,,44,0,0,000000000,00000000000,0,0,0,1,0,0,0,0,0,0,0,998,0,0,0,12,12,6,2,12,0,0,0,1,39,43219,1,1,0,0,2,0,68,185,0,5,1,0,0,9,2008,11,2010,0,28,0,0,0,3,2,35,1,1,2,1,0,0,1,10,1,1,2,50,1,1
39,390063,1,2,6,11,1,23,0,12,7,1,0,39,3,20,881,20881,62,2007,1GBG5V1257F4,1,G,B,G,5,V,1,2,5,7,F,4,0,T,CHEV,C5V,CB,7,17,,6,2590,1660,C55,D,,,8,403,,,,,00000,00,,42,0,57,584198,57584198,2,1,96,1,0,0,0,0,0,0,0,55,0,0,0,9,9,6,2,12,0,0,0,1,39,44641,6,1,6,1,3,3,69,195,0,0,0,0,0,0,0,0,0,0,28,0,0,0,2,2,55,1,1,1,3,0,0,6,10,1,1,2,45,1,0
39,390063,2,2,1,11,1,23,0,12,7,1,0,39,3,84,881,84881,63,2004,1HTWHADT44J0,1,H,T,W,H,A,D,T,4,4,J,0,0,T,INTL,740,CC,4,17,,8,0,0,70S,D,,,6,530,,,,,00000,00,,64,0,57,411579,57411579,3,2,4,1,0,0,0,0,0,0,0,20,0,0,0,2,3,4,1,12,0,0,0,1,39,44820,6,1,6,1,3,3,68,165,0,0,0,0,0,0,0,0,0,0,0,0,0,0,2,2,55,1,1,1,3,0,0,1,60,1,1,1,44,0,0
39,390064,1,1,1,14,1,2,47,30,0,1,0,39,2,21,22,21022,4,2001,1G3GR62H1141,1,G,3,G,R,6,2,H,1,1,4,1,0,P,OLDS,AUR,4D,1,17,3686,,0,1122,,G,,F,6,211,,,16R225,,,,,,0,0,000000000,00000000000,0,0,0,1,0,0,0,0,0,0,0,998,0,0,0,12,12,6,2,30,0,0,0,1,39,44105,6,1,0,0,3,0,66,180,1,0,0,0,1,5,2008,3,2010,1,28,36,0,0,1,2,35,1,2,2,4,0,0,1,6,1,2,5,2,1,1
39,390065,1,2,1,16,1,12,15,12,1,1,0,40,3,51,881,51881,66,2011,4V4MC9EH0BN5,4,V,4,M,C,9,E,H,0,B,N,5,1,T,VOLV,VNM,TR,11,17,,8,0,0,VVN,D,,,6,793,,,,,00000,00,,64,1,57,14811,5714811,3,6,1,1,0,0,0,0,0,0,0,0,0,0,0,6,6,2,3,12,0,0,0,1,39,43221,6,1,6,1,3,0,70,190,0,0,0,0,0,0,0,0,0,0,0,0,0,0,1,4,45,1,1,2,1,0,0,5,18,1,1,1,21,0,0
39,390065,2,2,1,16,1,12,15,12,1,1,0,39,1,49,471,49471,30,1992,4TARN81A3NZ0,4,T,A,R,N,8,1,A,3,N,Z,0,0,T,TOYT,USS,PK,92,17,,1,0,1029,UHT,G,,,4,144,,,,B,00000,00,A,42,0,0,000000000,00000000000,0,0,0,1,0,0,0,0,0,0,0,40,0,0,0,12,12,6,2,12,0,0,0,1,39,43315,6,1,0,0,3,3,70,225,0,0,0,0,0,0,0,0,0,0,26,0,0,0,1,4,45,1,1,2,1,0,0,1,18,2,1,1,20,1,0
39,390066,1,1,1,22,1,10,0,8,0,1,0,39,0,12,481,12481,31,2009,1FTPW14V39FA,1,F,T,P,W,1,4,V,3,9,F,A,0,T,FORD,F1S,CW,9,17,,2,1570,1450,COF,F,,,8,329,,,,B,5546,01,L,44,0,0,000000000,00000000000,0,0,0,1,0,0,0,0,0,0,0,25,0,0,0,12,12,6,2,8,0,0,0,1,39,45069,6,1,0,0,3,0,72,245,0,1,0,1,1,9,2009,1,2010,0,26,0,0,0,1,2,45,1,1,2,1,0,0,1,11,1,1,1,13,0,0
39,390067,1,2,2,19,1,21,50,12,6,1,0,39,2,12,17,12017,4,2001,1FAFP53U81G1,1,F,A,F,P,5,3,U,8,1,G,1,0,P,FORD,TSE,4D,1,17,3354,,0,1085,,G,,F,6,182,,,16R215,,,,,,0,0,000000000,00000000000,0,0,0,1,0,0,0,0,0,0,0,998,0,0,0,1,1,6,2,12,0,0,0,1,39,44110,1,1,0,0,2,0,66,142,0,0,0,0,0,0,0,0,0,1,36,0,0,0,1,4,25,2,1,2,4,0,0,14,6,1,4,2,66,2,1
39,390067,2,2,2,19,1,21,50,12,6,1,0,39,1,22,2,22002,4,1996,1G2HX52K9TH2,1,G,2,H,X,5,2,K,9,T,H,2,0,P,PONT,BVS,4D,96,17,3351,,0,1108,,G,,F,6,231,,,15R215,,,,,,0,0,000000000,00000000000,0,0,0,1,0,0,0,0,0,0,0,25,0,0,0,12,12,6,2,12,0,0,0,1,39,44135,6,1,0,0,3,0,69,239,0,0,0,0,0,0,0,0,0,0,0,0,0,0,1,4,25,3,1,2,4,0,0,14,62,1,1,1,66,0,0
39,390068,1,1,1,22,2,10,50,51,0,1,0,39,3,12,881,12881,66,1995,1FTYY95V8SVA,1,F,T,Y,Y,9,5,V,8,S,V,A,1,T,FORD,TA9,TR,95,17,,8,2390,1430,COL,D,,,6,661,,,,,14319,11,,64,3,88,888888888,88888888888,3,6,1,1,0,0,0,0,0,0,0,998,0,0,0,0,3,6,2,23,0,0,0,1,39,44106,6,1,6,0,3,0,71,192,1,0,0,0,2,8,2009,7,2010,0,24,0,0,0,3,4,60,1,2,2,3,0,0,1,98,3,4,2,0,1,0
39,390069,1,2,1,2,3,7,38,12,2,1,0,39,1,37,441,37441,20,2002,2HKRL18612H5,2,H,K,R,L,1,8,6,1,2,H,5,0,P,HOND,UDY,SV,2,17,4354,,0,1181,,G,,F,6,212,,,16R225,,,,,,0,0,000000000,00000000000,0,0,0,1,0,0,0,0,0,0,0,998,1,0,0,12,12,6,2,12,0,0,0,1,39,43072,6,1,0,0,3,3,70,170,1,0,0,1,0,6,2008,11,2010,0,28,0,0,0,1,2,55,1,1,2,1,0,0,1,10,1,1,2,50,1,0
39,390069,2,2,1,2,3,7,38,12,2,1,0,39,3,51,881,51881,66,2005,4V4MC9GF55N3,4,V,4,M,C,9,G,F,5,5,N,3,1,T,VOLV,VNM,TR,5,17,,8,0,0,VVN,D,,,6,732,,,,,00000,00,,64,1,57,00523314,5700523314,3,6,1,1,0,0,0,0,0,0,0,58,0,0,0,12,11,6,2,12,0,0,0,1,39,45885,6,1,6,0,3,3,72,245,2,0,0,0,0,3,2008,9,2010,0,0,0,0,0,1,2,55,1,1,2,1,0,0,1,62,1,1,1,51,0,0
39,390070,1,1,1,3,3,21,41,8,0,1,0,39,1,20,999,20999,99,1995,999999999999,9,9,9,9,9,9,9,9,9,9,9,9,0,,,,,,,,,,,,,,,,,,,,,,,,,0,0,000000000,00000000000,0,0,0,1,0,0,0,0,0,0,0,35,0,0,0,12,12,4,3,8,0,0,0,1,39,45403,6,1,0,0,3,3,72,215,0,0,0,0,0,0,0,0,0,0,0,0,0,0,1,2,40,1,1,2,1,0,0,1,80,1,1,1,13,0,0
39,390071,1,2,1,5,3,2,26,12,2,1,0,39,1,37,402,37402,14,2003,SHSRD78833U1,S,H,S,R,D,7,8,8,3,3,U,1,0,P,HOND,CRV,UT,3,17,3287,,0,1031,,G,,F,4,146,,,15R205,,,,,,0,0,000000000,00000000000,0,0,0,1,0,0,0,0,0,0,0,998,0,1,5,12,12,6,2,12,0,0,0,1,39,43560,6,1,0,0,3,0,72,170,2,0,0,0,0,4,2008,11,2009,0,0,0,0,0,1,2,55,3,1,2,2,0,0,14,62,1,1,1,51,0,1
39,390071,2,2,1,5,3,2,26,12,2,1,0,39,1,2,403,2403,14,2003,1J4FA39S43P3,1,J,4,F,A,3,9,S,4,3,P,3,0,T,JEEP,WXC,2W,3,17,,1,0,934,WRA,G,,,6,244,,,,,3320,00,E,44,0,0,000000000,00000000000,0,0,0,1,0,0,0,0,0,0,0,998,0,0,0,12,12,6,2,12,0,0,0,1,39,43571,6,1,0,0,3,3,74,135,0,0,0,0,0,0,0,0,0,0,28,0,0,0,1,2,55,2,1,2,2,0,0,14,10,1,1,2,50,1,1
39,390072,1,1,2,6,3,3,39,42,0,1,0,39,2,49,40,49040,5,1997,4T1BG22K6VU0,4,T,1,B,G,2,2,K,6,V,U,0,0,P,TOYT,UEX,4D,97,17,2976,,0,1051,,G,,F,4,132,,,14R195,,,,,,0,0,000000000,00000000000,0,0,0,1,0,0,0,0,0,0,0,998,0,0,0,9,9,6,2,42,0,0,0,1,39,43812,1,1,0,0,2,0,67,120,0,4,1,1,0,4,2008,11,2010,1,28,0,0,0,1,2,55,1,1,2,10,0,0,6,12,1,1,4,6,1,1
39,390073,1,2,1,8,3,16,38,12,2,1,0,39,2,12,481,12481,31,1995,1FTEF14N4SNA,1,F,T,E,F,1,4,N,4,S,N,A,0,T,FORD,F15,PK,95,17,,2,1330,1170,COF,G,,,8,302,,,,B,00000,00,M,44,0,0,000000000,00000000000,0,0,0,1,0,0,0,0,0,0,0,998,0,0,0,12,12,6,2,12,0,0,0,1,39,43950,1,1,0,0,2,3,72,200,0,1,1,0,2,4,2010,4,2010,0,28,0,0,0,1,2,55,2,2,2,1,0,0,14,10,1,1,2,50,1,1