STATE,ST_CASE,VEH_NO,VE_FORMS,NUMOCCS,DAY,MONTH,HOUR,MINUTE,HARM_EV,MAN_COLL,UNITTYPE,HIT_RUN,REG_STAT,OWNER,MAKE,MODEL,MAK_MOD,BODY_TYP,MOD_YEAR,VIN,VIN_1,VIN_2,VIN_3,VIN_4,VIN_5,VIN_6,VIN_7,VIN_8,VIN_9,VIN_10,VIN_11,VIN_12,TOW_VEH,VINTYPE,VINMAKE,VINA_MOD,VIN_BT,VINMODYR,VIN_LNGT,VIN_WGT,WGTCD_TR,WHLBS_LG,WHLBS_SH,SER_TR,FUELCODE,MCYCL_DS,CARBUR,CYLINDER,DISPLACE,MCYCL_CY,MCYCL_WT,TIRE_SZE,TON_RAT,TRK_WT,TRKWTVAR,VIN_REST,WHLDRWHL,J_KNIFE,MCARR_I1,MCARR_I2,MCARR_ID,GVWR,V_CONFIG,CARGO_BT,HAZ_INV,HAZ_PLAC,HAZ_ID,HAZ_CNO,HAZ_REL,BUS_USE,SPEC_USE,EMER_USE,TRAV_SP,UNDERIDE,ROLLOVER,ROLINLOC,IMPACT1,IMPACT2,DEFORMED,TOWED,M_HARM,VEH_SC1,VEH_SC2,FIRE_EXP,DR_PRES,L_STATE,DR_ZIP,L_STATUS,L_TYPE,CDL_STAT,L_ENDORS,L_COMPL,L_RESTRI,DR_HGT,DR_WGT,PREV_ACC,PREV_SUS,PREV_DWI,PREV_SPD,PREV_OTH,FIRST_MO,FIRST_YR,LAST_MO,LAST_YR,SPEEDREL,DR_SF1,DR_SF2,DR_SF3,DR_SF4,VTRAFWAY,VNUM_LAN,VSPD_LIM,VALIGN,VPROFILE,VPAVETYP,VSURCOND,VTRAFCON,VTCONT_F,P_CRASH1,P_CRASH2,P_CRASH3,PCRASH4,PCRASH5,ACC_TYPE,DEATHS,DR_DRINK
39,390105,3,3,2,16,3,0,50,12,6,1,0,39,3,12,16,12016,4,2000,2FAFP71W7YX2,2,F,A,F,P,7,1,W,7,Y,X,2,0,P,FORD,CVP,4D,0,17,3946,,0,1147,,G,,F,8,281,,,16R225,,,,,,0,0,000000000,00000000000,0,0,0,1,0,0,0,0,0,1,0,20,0,0,0,3,3,6,2,12,0,0,0,1,39,45220,6,1,0,0,3,0,71,200,0,0,0,0,0,0,0,0,0,0,0,0,0,0,1,4,25,1,1,1,1,3,3,1,99,1,1,9,98,2,0
39,390106,1,1,1,16,3,10,0,30,0,1,0,39,2,7,403,7403,14,2007,1D8GU28K17W7,1,D,8,G,U,2,8,K,1,7,W,7,0,P,DODG,NIT,UT,7,17,4105,,0,1088,,G,,F,6,225,,,16R225,,,,,,0,0,000000000,00000000000,0,0,0,1,0,0,0,0,0,0,0,998,0,1,5,1,13,6,2,1,0,0,0,1,39,43345,1,1,0,0,2,0,72,250,0,0,0,0,2,5,2008,5,2008,0,28,0,0,0,1,2,55,3,1,2,1,0,0,14,13,1,1,4,1,1,1
39,390107,1,1,1,17,3,20,59,8,0,1,0,39,1,41,47,41047,4,2002,JM1TA2211217,J,M,1,T,A,2,2,1,1,2,1,7,0,P,MAZD,MIL,4D,2,17,3358,,0,1083,,G,,F,6,152,,,16R215,,,,,,0,0,000000000,00000000000,0,0,0,1,0,0,0,0,0,0,0,65,0,0,0,3,3,2,1,8,0,0,0,1,39,43201,6,1,0,0,3,3,73,195,0,1,0,1,0,12,2009,3,2010,0,0,0,0,0,3,4,65,1,1,2,1,0,0,1,80,6,1,2,13,0,0
39,390108,1,4,1,6,3,18,2,12,1,1,0,39,1,12,37,12037,4,2007,1FAHP34N37W1,1,F,A,H,P,3,4,N,3,7,W,1,0,P,FORD,FMS,4D,7,17,2636,,0,1029,,G,,F,4,122,,,15R195,,,,,,0,0,000000000,00000000000,0,0,0,1,0,0,0,0,0,0,0,0,0,0,0,6,6,4,3,12,0,0,0,1,39,43615,6,1,0,0,3,0,74,222,0,0,0,1,0,6,2008,6,2008,0,0,0,0,0,1,4,45,1,1,2,1,3,3,5,53,1,1,1,98,0,0
39,390108,2,4,2,6,3,18,2,12,1,1,0,39,1,20,37,20037,4,2003,1G1ND52J73M6,1,G,1,N,D,5,2,J,7,3,M,6,0,P,CHEV,MAL,4D,3,17,3106,,0,1070,,G,,F,6,191,,,15R215,,,,,,0,0,000000000,00000000000,0,0,0,1,0,0,0,0,0,0,0,0,0,0,0,6,12,6,2,12,0,0,0,1,39,43615,6,1,0,0,3,3,67,220,0,1,0,0,3,9,2008,7,2009,0,0,0,0,0,1,4,45,1,1,2,1,3,3,5,53,1,1,1,98,0,0
39,390108,3,4,2,6,3,18,2,12,1,1,0,39,1,49,40,49040,4,2005,4T1BE30K15U9,4,T,1,B,E,3,0,K,1,5,U,9,0,P,TOYT,XLL,4D,5,17,3108,,0,1071,,G,,F,4,144,,,15R205,,,,,,0,0,000000000,00000000000,0,0,0,1,0,0,0,0,0,0,0,0,0,0,0,6,12,8,8,12,0,0,0,1,39,43551,6,1,0,0,3,3,64,200,0,0,0,1,0,4,2009,4,2009,0,0,0,0,0,1,4,45,1,1,2,1,3,3,5,53,1,1,1,21,1,0
39,390108,4,4,3,6,3,18,2,12,1,1,0,39,1,12,481,12481,31,2006,1FTPX14566FB,1,F,T,P,X,1,4,5,6,6,F,B,0,T,FORD,F15,4C,6,17,,2,0,1450,COF,G,,,8,329,,,,B,4297,16,E,44,0,0,000000000,00000000000,0,0,0,1,0,0,0,0,0,0,0,998,0,0,0,12,12,8,8,12,0,0,0,1,39,43615,6,1,0,0,3,0,68,165,1,0,0,0,0,11,2008,11,2008,1,26,0,0,0,1,4,45,1,1,2,1,3,3,1,17,1,1,1,20,0,1
39,390109,1,1,2,16,3,15,15,14,0,1,0,39,1,18,401,18401,14,2006,3G5DA03L06S6,3,G,5,D,A,0,3,L,0,6,S,6,0,P,BUIC,RZV,UT,6,17,4096,,0,1122,,G,,F,6,214,,,17R225,,,,,,0,0,000000000,00000000000,0,0,0,1,0,0,0,0,0,0,0,60,0,0,0,1,3,6,2,14,0,0,0,1,39,44133,6,1,0,0,3,0,66,150,0,0,0,1,0,2,2011,2,2011,0,28,0,0,0,3,3,60,1,1,2,1,0,0,1,13,1,1,4,1,1,0
39,390110,1,2,1,19,3,15,23,12,1,1,0,39,2,6,52,6052,6,2002,3C4FY48B82T3,3,C,4,F,Y,4,8,B,8,2,T,3,0,P,CHRY,PTC,SV,2,17,3037,,0,1033,,G,,F,4,148,,,15R195,,,,,,0,0,000000000,00000000000,0,0,0,1,0,0,0,0,0,0,0,998,0,0,0,6,13,6,2,12,0,0,0,1,39,44224,6,1,0,0,3,3,63,190,0,0,0,0,0,0,0,0,0,0,38,0,0,0,2,2,65,1,1,2,1,0,0,12,53,1,1,1,25,1,0
39,390110,2,2,2,19,3,15,23,12,1,1,0,4,2,85,881,85881,66,2003,1XKWDB9X33J7,1,X,K,W,D,B,9,X,3,3,J,7,1,T,KW,W90,TR,3,17,,8,2850,1600,CON,D,,,6,893,,,,,00000,00,,64,1,57,2039231,572039231,3,6,1,1,0,0,0,0,0,0,0,60,7,0,0,12,12,6,2,12,0,0,0,1,4,85037,6,1,6,0,3,0,74,180,0,0,0,0,0,0,0,0,0,0,0,0,0,0,2,2,65,1,1,2,1,0,0,1,51,1,1,1,24,0,0
39,390111,1,1,1,19,3,19,55,21,0,1,0,39,1,20,401,20401,14,1995,1GNDT13W9S21,1,G,N,D,T,1,3,W,9,S,2,1,0,P,CHEV,BZR,UT,95,17,4071,,0,1070,,G,,F,6,262,,,15R205,,,,,,0,0,000000000,00000000000,0,0,0,1,0,0,0,0,0,0,0,998,0,1,5,12,13,6,2,2,0,0,1,1,39,44827,6,1,0,0,3,0,67,110,0,0,0,0,0,0,0,0,0,0,28,0,0,0,1,2,55,1,1,2,1,0,0,1,13,6,1,4,1,1,1
39,390112,1,2,3,21,3,20,35,12,2,1,0,39,1,20,9,20009,2,1994,2G1FP22S9R21,2,G,1,F,P,2,2,S,9,R,2,1,0,P,CHEV,CAM,CP,94,17,3247,,0,1011,,G,,F,6,207,,,16R215,,,,,,0,0,000000000,00000000000,0,0,0,1,0,0,0,0,0,0,0,998,0,0,0,12,12,6,2,12,0,0,0,1,39,44883,6,1,0,0,3,0,73,155,0,0,0,2,0,9,2010,1,2011,0,28,0,0,0,1,2,55,1,2,2,1,0,0,1,10,1,1,2,50,3,0
39,390112,2,2,1,21,3,20,35,12,2,1,0,39,3,84,881,84881,66,2009,3HSCUAPRX9N1,3,H,S,C,U,A,P,R,X,9,N,1,1,T,INTL,PPR,TR,9,17,,8,0,0,PRO,D,,,6,915,,,,,00000,00,,64,1,57,774374,57774374,3,6,1,1,0,0,0,0,0,0,0,57,0,0,0,12,11,6,2,2,0,0,1,1,39,43464,6,1,6,0,3,0,68,130,0,0,0,0,1,8,2010,8,2010,0,0,0,0,0,1,2,55,1,2,2,1,0,0,1,62,1,1,1,51,0,0
39,390113,1,1,1,21,3,17,40,8,0,1,0,39,2,20,2,20002,4,2003,2G1WH52K3393,2,G,1,W,H,5,2,K,3,3,9,3,0,P,CHEV,IPL,4D,3,17,3466,,0,1105,,G,,F,6,231,,,16R225,,,,,,0,0,000000000,00000000000,0,0,0,1,0,0,0,0,0,0,0,998,0,0,0,1,1,8,8,8,0,0,0,1,39,43230,6,1,0,0,3,0,65,140,0,0,0,0,0,0,0,0,0,0,86,0,0,0,1,2,25,8,8,2,1,0,0,13,80,1,1,1,13,0,0
39,390114,1,2,1,22,3,14,36,12,6,1,0,39,3,20,461,20461,21,2006,1GCFG15X2612,1,G,C,F,G,1,5,X,2,6,1,2,0,T,CHEV,E15,CG,6,17,,2,0,1350,EXP,G,,,6,262,,,,B,4894,00,,42,0,0,000000000,00000000000,0,0,0,1,0,0,0,0,0,0,0,70,0,1,1,12,12,6,2,12,0,0,0,1,39,44224,6,1,0,0,3,3,69,120,0,0,0,2,0,1,2009,4,2010,0,28,0,0,0,2,3,65,1,1,2,1,0,0,1,10,1,1,6,66,0,0
39,390114,2,2,1,22,3,14,36,12,6,1,0,39,1,22,18,22018,4,2001,1G2NE52T51M5,1,G,2,N,E,5,2,T,5,1,M,5,0,P,PONT,GAS,4D,1,17,3116,,0,1070,,G,,F,4,146,,,15R215,,,,,,0,0,000000000,00000000000,0,0,0,1,0,0,0,0,0,0,0,998,0,0,0,9,9,6,2,12,0,0,0,1,39,45140,6,1,0,0,3,3,64,116,1,0,0,0,1,4,2009,4,2009,0,0,0,0,0,6,1,65,1,1,2,1,0,0,1,62,1,1,1,66,1,0
39,390115,1,2,1,23,3,16,4,12,2,1,0,39,2,20,431,20431,16,1999,3GNFK16R7XG2,3,G,N,F,K,1,6,R,7,X,G,2,0,P,CHEV,K15,UT,99,17,5297,,0,1315,,G,,F,8,350,,,16R245,,,,,,0,0,000000000,00000000000,0,0,0,1,0,0,0,0,0,0,0,40,0,0,0,12,11,6,2,12,0,0,0,1,39,43203,6,1,0,0,3,0,66,125,0,1,0,0,3,8,2008,3,2011,0,0,0,0,0,1,2,35,1,1,2,1,0,0,1,62,1,1,1,51,0,0
39,390115,2,2,2,23,3,16,4,12,2,1,0,39,2,49,40,49040,4,1995,4T1SK13E0SU6,4,T,1,S,K,1,3,E,0,S,U,6,0,P,TOYT,XLE,4D,95,17,3131,,0,1031,,G,,F,4,132,,,14R195,,,,,,0,0,000000000,00000000000,0,0,0,1,0,0,0,0,0,0,0,40,0,0,0,12,12,6,2,12,0,0,0,1,39,43206,6,1,0,0,3,0,70,280,0,0,0,1,0,6,2009,6,2009,0,28,0,0,0,1,2,35,1,1,2,1,0,0,1,10,1,1,2,50,1,0
39,390117,1,2,2,25,3,22,0,12,2,1,0,39,2,12,442,12442,20,2002,2FMZA51492BA,2,F,M,Z,A,5,1,4,9,2,B,A,0,T,FORD,WLX,ES,2,17,,1,0,1207,WIN,G,,,6,232,,,,B,4017,00,E,42,0,0,000000000,00000000000,0,0,0,1,0,0,0,0,0,0,0,55,0,0,0,12,11,6,2,12,0,0,0,1,39,45177,6,7,0,0,3,0,64,130,0,0,0,0,0,0,0,0,0,0,0,0,0,0,1,2,55,1,2,2,1,0,0,1,62,1,1,1,51,0,0
39,390117,2,2,1,25,3,22,0,12,2,1,0,39,1,20,13,20013,5,1985,1G1TB68C2FA1,1,G,1,T,B,6,8,C,2,F,A,1,0,P,CHEV,CHS,4H,85,17,2026,,973,943,,G,,2,4,098,,,13R155,,,,,,0,0,000000000,00000000000,0,0,0,1,0,0,0,0,0,0,0,998,0,0,0,12,11,6,2,12,0,0,0,1,39,45169,6,1,0,0,3,0,66,180,0,0,0,1,2,7,2009,10,2010,0,28,0,0,0,1,2,55,1,2,2,1,0,0,1,10,1,1,2,50,1,0
39,390118,1,1,1,13,2,1,20,34,0,1,0,39,2,12,3,12003,3,2007,1FAHP24127G1,1,F,A,H,P,2,4,1,2,7,G,1,0,P,FORD,5SL,4D,7,17,3649,,0,1129,,G,,F,6,183,,,17R215,,,,,,0,0,000000000,00000000000,0,0,0,1,0,0,0,0,0,0,0,998,0,0,0,1,98,6,2,42,0,0,0,1,39,43206,6,1,0,0,3,0,70,195,0,2,0,0,2,3,2008,7,2009,0,28,36,0,0,1,4,35,1,1,2,1,0,0,1,9,1,2,5,2,1,1
39,390119,1,1,1,15,2,21,14,8,0,1,1,39,1,37,32,37032,4,1996,1HGCD5633TA2,1,H,G,C,D,5,6,3,3,T,A,2,0,P,HOND,ULE,4D,96,17,2864,,0,1069,,G,,F,4,132,,,15R185,,,,,,0,0,000000000,00000000000,0,0,0,1,0,0,0,0,0,0,0,36,0,0,0,2,12,4,3,8,0,0,0,1,39,44286,6,1,0,0,3,0,67,115,0,0,0,1,0,10,2009,10,2009,1,91,0,0,0,1,2,25,1,1,2,1,0,0,1,80,1,1,2,13,0,1
39,390120,1,2,1,15,2,10,25,12,6,1,0,39,1,20,481,20481,31,1996,2GCEC19R4T12,2,G,C,E,C,1,9,R,4,T,1,2,0,T,CHEV,GC1,PC,96,17,,2,1555,1415,GM4,G,,,8,350,,,,B,4068,02,,42,0,0,000000000,00000000000,0,0,0,1,0,0,0,0,0,0,0,40,0,0,0,10,10,6,9,12,0,0,0,1,39,43004,6,1,0,0,3,0,70,185,0,0,0,0,0,0,0,0,0,0,0,0,0,0,1,4,45,1,1,2,1,3,3,1,17,1,1,1,69,0,0
39,390120,2,2,1,15,2,10,25,12,6,1,0,39,2,20,402,20402,14,2000,2CNBJ18CXY69,2,C,N,B,J,1,8,C,X,Y,6,9,0,P,CHEV,TKR,UT,0,17,2723,,0,866,,G,,F,4,122,,,15R205,,,,,,0,0,000000000,00000000000,0,0,0,1,0,0,0,0,0,0,0,998,0,0,0,12,12,6,9,12,0,0,0,1,39,43068,6,1,0,0,3,3,67,160,1,0,0,0,2,12,2009,10,2010,0,38,0,0,0,1,4,45,1,1,2,1,3,3,11,17,1,1,1,68,1,0
39,390121,1,2,1,16,2,12,57,12,8,1,0,39,2,22,20,22020,4,2005,2G2WS5226511,2,G,2,W,S,5,2,2,6,5,1,1,0,P,PONT,GPG,4D,5,17,3484,,0,1105,,G,,F,6,231,,,16R225,,,,,,0,0,000000000,00000000000,0,0,0,1,0,0,0,0,0,0,0,50,1,0,0,10,10,6,2,12,0,0,0,1,39,44906,6,1,0,0,3,0,63,130,1,0,0,0,0,10,2008,10,2008,0,28,0,0,0,1,2,50,1,1,2,1,0,0,1,10,1,1,2,64,1,0
39,390121,2,2,1,16,2,12,57,12,8,1,0,39,3,51,881,51881,66,1998,4VG7DAGG9WN7,4,V,G,7,D,A,G,G,9,W,N,7,1,T,VOLV,VVN,TR,98,17,,8,0,0,VVN,D,,,6,732,,,,,00000,00,,64,1,99,999999999,99999999999,3,6,4,1,0,0,0,0,0,0,0,35,0,0,0,10,10,6,2,12,0,0,0,1,39,44827,6,1,6,0,3,0,70,165,0,1,0,1,0,9,2009,9,2010,0,0,0,0,0,1,2,50,1,1,2,1,0,0,1,62,2,1,1,65,0,0
39,390122,1,1,1,16,2,22,12,42,0,1,0,39,1,20,481,20481,31,1993,1GCDC14KXPZ1,1,G,C,D,C,1,4,K,X,P,Z,1,0,T,CHEV,GC1,PK,93,17,,1,1315,1175,GM4,G,,,8,350,,,,B,3718,02,,42,0,0,000000000,00000000000,0,0,0,1,0,0,0,0,0,0,0,998,0,1,5,2,9,6,2,42,0,0,0,1,39,45601,4,1,0,0,2,0,69,125,1,1,0,0,0,12,2008,3,2010,0,28,36,0,0,1,2,55,1,2,2,1,0,0,1,13,1,2,5,2,1,1
39,390123,1,1,1,18,2,2,45,8,0,1,1,39,1,12,401,12401,14,2005,1FMZU73K75UB,1,F,M,Z,U,7,3,K,7,5,U,B,0,P,FORD,EPR,UT,5,17,4094,,0,1137,,F,,F,6,245,,,16R235,,,,,,0,0,000000000,00000000000,0,0,0,1,0,0,0,0,0,0,0,998,0,0,0,12,12,4,1,8,0,0,0,1,39,43232,6,1,0,0,3,3,68,200,0,0,0,0,0,0,0,0,0,0,0,0,0,0,1,4,35,1,1,2,1,0,0,1,80,1,1,1,13,0,0
39,390124,1,2,1,19,2,15,9,12,2,1,0,18,3,84,881,84881,66,2010,3HSCUAPR0AN1,3,H,S,C,U,A,P,R,0,A,N,1,1,T,INTL,PPR,TR,10,17,,8,0,0,PRO,D,,,6,915,,,,,00000,00,,64,1,57,163988,57163988,3,6,1,1,0,0,0,0,0,0,0,56,0,0,0,12,12,6,2,12,0,0,0,1,39,45843,6,1,6,0,3,0,67,175,1,0,0,0,0,1,2010,1,2010,0,0,0,0,0,1,2,55,1,2,2,1,0,0,1,62,1,1,1,51,0,0
39,390124,2,2,1,19,2,15,9,12,2,1,0,39,1,23,481,23481,31,1991,1GTDC14H7MZ5,1,G,T,D,C,1,4,H,7,M,Z,5,0,T,GMC,SC1,PK,91,17,,1,1315,1175,SIE,G,,,8,305,,,,B,5345,44,A,42,0,0,000000000,00000000000,0,0,0,1,0,0,0,0,0,0,0,998,1,0,0,12,98,6,2,12,0,0,0,1,39,43078,6,1,0,0,3,3,72,235,0,0,0,0,0,0,0,0,0,0,23,0,0,0,1,2,55,1,2,2,1,0,0,1,10,1,1,2,50,1,1
39,390125,1,1,1,20,2,13,10,32,0,1,0,39,1,12,402,12402,14,2004,1FMYU93154DA,1,F,M,Y,U,9,3,1,5,4,D,A,0,P,FORD,SPE,UT,4,17,3346,,0,1031,,G,,F,6,181,,,16R235,,,,,,0,0,000000000,00000000000,0,0,0,1,0,0,0,0,0,0,0,998,0,1,5,12,13,6,2,1,0,0,0,1,39,43224,6,1,0,0,3,3,64,140,1,0,0,1,1,8,2009,3,2010,1,28,0,0,0,1,2,55,4,2,2,1,0,0,14,13,1,1,5,1,1,0
39,390126,1,1,5,21,2,15,40,43,0,1,0,39,1,12,401,12401,14,2001,1FMYU70E81UB,1,F,M,Y,U,7,0,E,8,1,U,B,0,P,FORD,EPR,UT,1,17,3959,,0,1018,,G,,F,6,245,,,15R235,,,,,,0,0,000000000,00000000000,0,0,0,1,0,0,0,0,0,0,0,20,0,1,1,2,13,6,2,1,0,0,0,1,39,43701,6,1,0,0,3,0,69,179,1,0,0,1,0,4,2008,9,2008,1,28,0,0,0,1,2,55,4,2,2,3,0,0,14,13,2,1,4,1,1,0
39,390127,1,1,2,22,2,19,45,8,0,1,0,39,1,6,44,6044,4,1995,1C3EJ56H7SN5,1,C,3,E,J,5,6,H,7,S,N,5,0,P,CHRY,CXI,4D,95,17,3069,,0,1080,,G,,F,6,152,,,15R195,,,,,,0,0,000000000,00000000000,0,0,0,1,0,0,0,0,0,0,0,50,0,0,0,10,9,4,3,8,0,0,0,1,39,43731,6,1,0,0,3,0,73,208,1,0,0,0,0,6,2010,6,2010,0,0,0,0,0,1,2,55,1,1,2,2,0,0,6,80,1,1,2,13,0,0
39,390128,1,1,1,23,2,0,43,8,0,1,0,39,1,20,16,20016,4,1993,1G1JC5445P72,1,G,1,J,C,5,4,4,5,P,7,2,0,P,CHEV,CRV,4D,93,17,2509,,0,1013,,G,,F,4,133,,,14R185,,,,,,0,0,000000000,00000000000,0,0,0,1,0,0,0,0,0,0,0,998,0,0,0,12,12,2,1,8,0,0,0,1,39,45044,6,1,0,0,3,0,65,125,0,1,0,1,0,5,2010,6,2010,0,0,0,0,0,1,2,45,1,1,2,1,3,3,1,80,1,1,1,13,0,0
39,390129,1,2,1,1,3,11,30,12,6,1,0,39,1,12,481,12481,31,2010,1FTMF1EW0AKA,1,F,T,M,F,1,E,W,0,A,K,A,0,T,FORD,F15,PK,10,17,,2,1450,1260,COF,G,,,8,281,,,,B,5047,00,L,44,0,0,000000000,00000000000,0,0,0,1,0,0,0,0,0,0,0,20,0,0,0,3,3,6,2,12,0,0,0,1,39,43001,6,1,0,0,3,0,73,245,0,0,0,0,0,0,0,0,0,0,38,0,0,0,1,2,55,1,1,2,1,20,3,1,17,1,1,1,87,1,0
39,390129,2,2,1,1,3,11,30,12,6,1,0,39,3,98,804,98804,63,1997,2WKEDCCJ1VK9,2,W,K,E,D,C,C,J,1,V,K,9,0,T,WSTR,49E,TR,97,17,,8,0,0,CNV,D,,,6,893,,,,,00000,00,,64,0,99,999999999,99999999999,3,2,8,1,0,0,0,0,0,0,0,55,0,1,6,12,12,4,3,12,0,0,0,1,39,43701,6,1,6,1,3,3,71,170,0,0,0,0,0,0,0,0,0,0,0,0,0,0,1,2,55,1,1,2,1,0,0,1,17,2,1,1,86,0,0
39,390130,2,1,1,1,3,4,52,14,0,1,0,39,1,20,481,20481,31,2005,2GCEK13TX511,2,G,C,E,K,1,3,T,X,5,1,1,0,T,CHEV,SK1,CW,5,17,,2,0,1435,SIL,G,,,8,323,,,,B,5299,00,,44,0,0,000000000,00000000000,0,0,0,1,0,0,0,0,0,0,0,65,0,0,0,12,12,6,2,14,0,0,1,1,39,45050,6,1,0,0,3,0,73,200,0,2,0,0,0,12,2009,1,2010,0,36,0,0,0,2,3,65,1,1,2,1,0,0,1,9,1,2,5,2,1,1
39,390132,1,1,1,2,3,0,0,8,0,1,0,39,2,23,499,23499,39,1992,1GTCS19Z7N05,1,G,T,C,S,1,9,Z,7,N,0,5,0,T,GMC,SON,PC,92,17,,1,0,1229,SON,G,,,6,262,,,,B,2813,01,A,42,0,0,000000000,00000000000,0,0,0,1,0,0,0,0,0,0,0,25,0,0,0,12,13,2,1,8,0,0,0,1,39,43203,6,1,0,0,3,3,67,135,0,0,0,0,0,0,0,0,0,0,0,0,0,0,1,4,25,1,1,2,1,0,0,1,80,1,1,1,13,0,0
39,390133,1,1,1,3,3,16,36,42,0,1,0,39,2,6,52,6052,6,2003,3C8FY78G23T6,3,C,8,F,Y,7,8,G,2,3,T,6,0,P,CHRY,PTC,SV,3,17,3231,,0,1030,,G,,T,4,148,,,17R205,,,,,,0,0,000000000,00000000000,0,0,0,1,0,0,0,0,0,0,0,55,0,1,5,12,12,6,2,35,0,0,0,1,39,45769,6,1,0,0,3,0,68,215,0,0,0,0,0,0,0,0,0,0,28,0,0,0,1,2,55,1,1,2,1,0,0,1,13,7,1,5,1,1,0
39,390134,1,2,1,16,2,14,54,12,2,1,0,39,2,22,18,22018,4,1999,1G2NE52T5XM7,1,G,2,N,E,5,2,T,5,X,M,7,0,P,PONT,GAS,4D,99,17,3102,,0,1071,,G,,F,4,146,,,15R215,,,,,,0,0,000000000,00000000000,0,0,0,1,0,0,0,0,0,0,0,60,1,0,0,12,13,6,2,12,0,0,0,1,39,44095,6,1,0,0,3,0,65,165,0,1,0,0,0,1,2010,1,2010,1,36,0,0,0,1,4,35,1,1,2,1,0,0,98,10,6,1,2,50,1,1
39,390134,2,2,1,16,2,14,54,12,2,1,0,39,3,98,981,98981,52,2008,999999999999,9,9,9,9,9,9,9,9,9,9,9,9,0,,,,,,,,,,,,,,,,,,,,,,,,,0,88,888888888,88888888888,3,20,22,1,0,0,0,0,6,0,0,25,0,0,0,12,12,6,2,12,0,0,0,1,39,44105,6,1,6,0,3,3,63,170,0,0,0,0,0,0,0,0,0,0,0,0,0,0,1,4,35,1,1,2,1,0,0,1,62,1,1,1,51,0,0
39,390135,1,1,1,22,3,22,45,30,0,1,0,39,2,49,40,49040,4,2001,4T1BG22K01U7,4,T,1,B,G,2,2,K,0,1,U,7,0,P,TOYT,CXL,4D,1,17,2998,,0,1051,,G,,F,4,132,,,15R205,,,,,,0,0,000000000,00000000000,0,0,0,1,0,0,0,0,0,0,0,998,0,0,0,5,13,6,2,23,0,0,0,1,42,16154,6,1,0,0,3,0,72,999,0,1,0,0,0,11,2010,11,2010,0,28,0,0,0,1,4,35,1,1,2,2,0,0,1,13,1,1,4,1,1,1
39,390136,1,2,1,26,3,18,17,12,6,1,0,18,1,82,881,82881,66,1997,1FUYSXYB3VL7,1,F,U,Y,S,X,Y,B,3,V,L,7,1,T,FRHT,FC2,TR,97,17,,8,0,0,CON,D,,,6,893,,,,,00000,00,,64,1,57,01263779,5701263779,3,6,1,1,0,0,0,0,0,0,0,62,0,0,0,12,12,6,2,12,0,0,0,1,18,46321,0,0,0,0,0,0,999,999,0,0,0,0,0,0,0,0,0,0,0,0,0,0,2,2,65,1,1,2,1,0,0,1,62,1,1,1,66,0,0
39,390136,2,2,2,26,3,18,17,12,6,1,0,18,1,18,3,18003,4,2001,1G4CW54K3141,1,G,4,C,W,5,4,K,3,1,4,1,0,P,BUIC,PKA,4D,1,17,3778,,0,1138,,G,,F,6,231,,,16R225,,,,,,0,0,000000000,00000000000,0,0,0,1,0,0,0,0,0,0,0,998,0,0,0,3,13,6,2,12,0,0,0,1,18,47374,6,7,0,0,3,0,65,180,0,0,0,0,0,0,0,0,0,0,28,0,0,0,2,2,65,1,1,2,1,0,0,1,10,1,1,6,66,2,0
39,390137,1,1,1,31,3,8,53,8,0,1,0,39,2,20,461,20461,21,1985,2GBHG31M2F41,2,G,B,H,G,3,1,M,2,F,4,1,0,T,CHEV,CUT,YY,85,17,,2,1460,1250,CTV,G,,,8,350,,,,D,3566,14,,42,0,0,000000000,00000000000,0,0,0,1,0,0,0,0,0,0,0,45,0,0,0,11,11,2,1,8,0,0,0,1,39,44627,6,1,0,0,3,3,71,160,0,0,0,0,0,0,0,0,0,0,36,0,0,0,1,2,55,1,1,2,2,0,0,6,80,1,1,2,13,0,0
39,390138,1,1,1,2,4,5,0,35,0,1,0,39,1,20,16,20016,2,2002,1G1JH12T5271,1,G,1,J,H,1,2,T,5,2,7,1,0,P,CHEV,CZ2,CP,2,17,2749,,0,1041,,G,,F,4,146,,,16R205,,,,,,0,0,000000000,00000000000,0,0,0,1,0,0,0,0,0,0,0,71,0,1,5,12,6,6,2,42,0,0,0,1,39,44255,6,1,0,0,3,0,67,134,1,0,0,1,0,8,2009,9,2010,1,28,0,0,0,1,2,55,3,2,2,2,0,0,14,6,1,3,4,2,1,0
39,390139,1,1,1,7,4,1,13,42,0,1,0,39,2,22,16,22016,2,2001,1G2JB1242173,1,G,2,J,B,1,2,4,2,1,7,3,0,P,PONT,SFS,CP,1,17,2606,,0,1041,,G,,F,4,133,,,14R195,,,,,,0,0,000000000,00000000000,0,0,0,1,0,0,0,0,0,0,0,998,0,0,0,12,11,6,2,42,0,0,0,1,39,45106,1,1,0,0,2,0,72,180,1,2,0,2,5,10,2008,12,2010,1,28,0,0,0,1,1,35,1,2,2,1,0,0,1,12,1,1,4,6,1,1
39,390140,1,1,1,8,4,11,41,42,0,1,0,39,1,37,402,37402,14,2005,JHLRD785X5C0,J,H,L,R,D,7,8,5,X,5,C,0,0,P,HOND,CRV,UT,5,17,3428,,0,1033,,G,,F,4,146,,,15R205,,,,,,0,0,000000000,00000000000,0,0,0,1,0,0,0,0,0,0,0,998,0,0,0,1,3,6,2,42,0,0,0,1,39,43019,6,1,0,0,3,3,64,150,0,0,0,0,1,1,2009,1,2009,0,28,0,0,0,1,2,55,4,1,2,2,0,0,14,13,1,1,4,1,1,0