STATE,ST_CASE,VEH_NO,VE_FORMS,NUMOCCS,DAY,MONTH,HOUR,MINUTE,HARM_EV,MAN_COLL,UNITTYPE,HIT_RUN,REG_STAT,OWNER,MAKE,MODEL,MAK_MOD,BODY_TYP,MOD_YEAR,VIN,VIN_1,VIN_2,VIN_3,VIN_4,VIN_5,VIN_6,VIN_7,VIN_8,VIN_9,VIN_10,VIN_11,VIN_12,TOW_VEH,VINTYPE,VINMAKE,VINA_MOD,VIN_BT,VINMODYR,VIN_LNGT,VIN_WGT,WGTCD_TR,WHLBS_LG,WHLBS_SH,SER_TR,FUELCODE,MCYCL_DS,CARBUR,CYLINDER,DISPLACE,MCYCL_CY,MCYCL_WT,TIRE_SZE,TON_RAT,TRK_WT,TRKWTVAR,VIN_REST,WHLDRWHL,J_KNIFE,MCARR_I1,MCARR_I2,MCARR_ID,GVWR,V_CONFIG,CARGO_BT,HAZ_INV,HAZ_PLAC,HAZ_ID,HAZ_CNO,HAZ_REL,BUS_USE,SPEC_USE,EMER_USE,TRAV_SP,UNDERIDE,ROLLOVER,ROLINLOC,IMPACT1,IMPACT2,DEFORMED,TOWED,M_HARM,VEH_SC1,VEH_SC2,FIRE_EXP,DR_PRES,L_STATE,DR_ZIP,L_STATUS,L_TYPE,CDL_STAT,L_ENDORS,L_COMPL,L_RESTRI,DR_HGT,DR_WGT,PREV_ACC,PREV_SUS,PREV_DWI,PREV_SPD,PREV_OTH,FIRST_MO,FIRST_YR,LAST_MO,LAST_YR,SPEEDREL,DR_SF1,DR_SF2,DR_SF3,DR_SF4,VTRAFWAY,VNUM_LAN,VSPD_LIM,VALIGN,VPROFILE,VPAVETYP,VSURCOND,VTRAFCON,VTCONT_F,P_CRASH1,P_CRASH2,P_CRASH3,PCRASH4,PCRASH5,ACC_TYPE,DEATHS,DR_DRINK
39,390141,1,1,1,12,4,6,44,59,0,1,0,39,2,18,3,18003,4,1999,1G4CW52K4X46,1,G,4,C,W,5,2,K,4,X,4,6,0,P,BUIC,PKA,4D,99,17,3778,,0,1138,,G,,F,6,231,,,16R225,,,,,,0,0,000000000,00000000000,0,0,0,1,0,0,0,0,0,0,0,65,0,1,5,9,13,6,2,1,0,0,0,1,39,43608,1,1,0,0,2,0,72,185,0,3,0,0,3,12,2009,5,2010,1,36,0,0,0,2,2,50,4,2,2,1,0,0,6,13,1,7,4,2,1,1
39,390142,1,2,1,14,4,20,29,12,6,1,0,39,1,30,46,30046,4,2001,WVWPH63B41P2,W,V,W,P,H,6,3,B,4,1,P,2,0,P,VOLK,PGS,4D,1,17,3165,,0,1064,,G,,F,6,169,,,15R195,,,,,,0,0,000000000,00000000000,0,0,0,1,0,0,0,0,0,0,0,15,0,0,0,1,1,6,9,12,0,0,0,1,39,43205,6,1,0,0,3,0,62,110,0,0,0,1,0,5,2010,5,2010,0,99,99,99,99,1,2,45,1,1,2,1,3,3,11,15,1,1,1,68,0,0
39,390142,2,2,1,14,4,20,29,12,6,1,0,39,1,50,705,50705,80,2008,SMTD00NS18J3,S,M,T,D,0,0,N,S,1,8,J,3,0,M,TRUM,DA5,RC,8,17,,,,,,,675,,3,,4,363,,,,,,,0,0,000000000,00000000000,0,0,0,1,0,0,0,0,0,0,0,998,0,0,0,12,12,6,9,12,0,0,0,1,39,43054,6,1,0,0,3,3,68,180,1,0,0,1,0,8,2010,3,2011,0,99,99,99,99,1,2,45,1,1,2,1,3,3,1,67,1,1,1,69,1,1
39,390143,1,1,6,16,4,2,15,25,0,1,0,39,1,12,422,12422,15,1998,1FMPU18L9WLB,1,F,M,P,U,1,8,L,9,W,L,B,0,P,FORD,EPT,UT,98,17,5177,,0,1190,,G,,F,8,330,,,16R255,,,,,,0,0,000000000,00000000000,0,0,0,1,0,0,0,0,0,0,0,45,0,0,0,7,7,4,9,24,0,0,0,1,39,43222,6,1,0,0,3,0,67,120,0,0,0,0,0,0,0,0,0,0,28,58,0,0,3,3,65,4,2,2,2,0,0,14,12,7,3,4,7,1,0
39,390144,1,2,1,24,2,14,34,12,6,1,0,39,1,12,461,12461,21,1995,1FBJS31H6SHB,1,F,B,J,S,3,1,H,6,S,H,B,0,T,FORD,CS3,ES,95,17,,2,0,1380,CWS,G,,,8,351,,,,D,5863,00,M,42,0,0,000000000,00000000000,0,0,0,1,0,0,0,0,0,0,0,40,0,0,0,12,12,6,2,12,0,0,0,1,39,45807,6,1,0,0,3,0,67,175,0,0,0,0,0,0,0,0,0,0,0,0,0,0,1,4,40,1,1,2,2,0,0,1,70,1,1,1,77,0,0
39,390144,2,2,2,24,2,14,34,12,6,1,0,39,1,14,17,14017,4,2005,1MEFM55S05A6,1,M,E,F,M,5,5,S,0,5,A,6,0,P,MERC,SLP,4D,5,17,3369,,0,1085,,G,,F,6,183,,,16R215,,,,,,0,0,000000000,00000000000,0,0,0,1,0,0,0,0,0,0,0,998,0,0,0,9,9,6,2,12,0,0,0,1,39,45807,6,1,0,0,3,3,70,140,0,1,0,0,1,3,2010,3,2010,0,38,0,0,0,1,4,40,1,1,2,2,0,0,11,16,1,1,2,76,1,0
39,390145,1,1,2,24,2,2,50,24,0,1,0,39,1,7,442,7442,20,1998,1B4GP44G8WB7,1,B,4,G,P,4,4,G,8,W,B,7,0,T,DODG,GSS,ES,98,17,,1,0,1193,CAR,F,,,6,201,,,,,3675,00,E,42,0,0,000000000,00000000000,0,0,0,1,0,0,0,0,0,0,0,67,0,1,2,62,98,6,2,24,0,0,0,1,39,45251,6,1,0,0,3,0,74,235,0,0,0,0,2,5,2008,5,2008,1,36,0,0,0,2,4,65,1,1,2,2,0,0,1,6,7,2,4,7,1,1
39,390146,1,2,2,26,2,11,20,12,6,1,0,39,1,49,401,49401,14,1999,JT3HN87R2X02,J,T,3,H,N,8,7,R,2,X,0,2,0,P,TOYT,RUN,UT,99,17,3930,,0,1053,,G,,F,6,206,,,16R265,,,,,,0,0,000000000,00000000000,0,0,0,1,0,0,0,0,0,0,0,998,0,0,0,3,3,6,2,12,0,0,0,1,39,44067,6,1,0,0,3,0,64,150,1,0,0,0,1,7,2008,8,2009,0,36,0,0,0,1,2,50,1,1,2,2,0,0,1,9,1,2,2,64,2,0
39,390146,2,2,2,26,2,11,20,12,6,1,0,39,2,12,461,12461,21,1999,1FDRE14WXXHB,1,F,D,R,E,1,4,W,X,X,H,B,0,T,FORD,15V,CG,99,17,,2,0,1380,VAN,G,,,8,281,,,,B,00000,00,E,42,0,0,000000000,00000000000,0,0,0,1,0,0,0,0,0,0,0,45,0,0,0,12,12,6,2,12,0,0,0,1,39,44125,6,1,0,0,3,3,69,150,0,0,0,0,0,0,0,0,0,0,0,0,0,0,1,2,50,1,1,2,2,0,0,1,62,1,1,1,65,0,0
39,390147,1,2,1,4,3,21,0,8,0,1,0,39,2,20,36,20036,2,2006,2G1WM16K0691,2,G,1,W,M,1,6,K,0,6,9,1,0,P,CHEV,M/T,CP,6,17,3461,,0,1105,,F,,F,6,214,,,16R225,,,,,,0,0,000000000,00000000000,0,0,0,1,0,0,0,0,0,0,0,60,0,0,0,11,10,6,2,8,0,0,0,1,39,45503,6,1,0,0,3,0,64,165,0,0,0,0,0,0,0,0,0,1,0,0,0,0,3,2,45,1,1,2,2,28,8,1,80,1,1,1,13,0,0
39,390147,2,2,1,4,3,21,0,8,0,1,0,39,1,20,471,20471,30,1998,1GCCS1448W82,1,G,C,C,S,1,4,4,8,W,8,2,0,T,CHEV,S14,PK,98,17,,1,1179,1083,S,G,,,4,133,,,,B,3003,00,,42,0,0,000000000,00000000000,0,0,0,1,0,0,0,0,0,0,0,50,0,0,0,11,11,4,1,8,0,0,0,1,39,45150,6,1,0,0,3,0,72,185,0,0,0,0,0,0,0,0,0,1,0,0,0,0,3,2,45,1,1,2,2,29,8,1,80,1,1,1,98,0,0
39,390148,1,2,1,5,3,17,23,12,2,1,0,39,2,18,7,18007,4,2005,2G4WS52J5511,2,G,4,W,S,5,2,J,5,5,1,1,0,P,BUIC,CCU,4D,5,17,3342,,0,1090,,G,,F,6,189,,,15R205,,,,,,0,0,000000000,00000000000,0,0,0,1,0,0,0,0,0,0,0,35,0,0,0,12,12,6,2,12,0,0,0,1,39,44408,6,1,0,0,3,0,75,215,0,1,0,2,0,6,2008,2,2009,0,99,99,99,99,1,2,40,4,1,2,2,0,0,14,18,1,1,2,51,0,0
39,390148,2,2,2,5,3,17,23,12,2,1,0,39,1,23,421,23421,15,1997,1GKDT13W2V25,1,G,K,D,T,1,3,W,2,V,2,5,0,T,GMC,JMY,4W,97,17,,1,0,1070,JMY,G,,,6,262,,,,B,4046,00,M,44,0,0,000000000,00000000000,0,0,0,1,0,0,0,0,0,0,0,40,0,0,0,12,12,6,2,12,0,0,0,1,39,44432,6,1,0,0,3,3,68,185,0,0,0,0,0,0,0,0,0,0,99,99,99,99,1,2,40,4,1,2,2,0,0,14,10,1,1,2,50,1,0
39,390149,1,1,2,6,3,0,30,8,0,1,0,39,1,23,431,23431,16,1999,3GKFK16R5XG5,3,G,K,F,K,1,6,R,5,X,G,5,0,T,GMC,KSU,4W,99,17,,2,0,1315,K15,G,,,8,350,,,,B,5226,00,E,44,0,0,000000000,00000000000,0,0,0,1,0,0,0,0,0,0,0,45,0,0,0,2,2,4,3,8,0,0,0,1,39,44093,6,1,0,0,3,3,71,160,1,0,0,0,0,1,2009,1,2009,0,0,0,0,0,1,2,55,1,1,2,2,0,0,1,80,1,1,1,13,0,1
39,390150,1,2,1,6,3,0,24,12,6,1,0,39,1,20,441,20441,20,1998,1GNDM19W7WB1,1,G,N,D,M,1,9,W,7,W,B,1,0,T,CHEV,AST,ES,98,17,,1,0,1112,AST,G,,,6,262,,,,B,4427,00,,42,0,0,000000000,00000000000,0,0,0,1,0,0,0,0,0,0,0,55,0,0,0,3,98,6,2,12,0,0,0,1,39,43532,6,1,0,0,3,0,65,150,0,0,0,0,0,0,0,0,0,0,36,0,0,0,2,2,55,1,1,2,3,0,0,1,5,1,2,2,64,1,1
39,390150,2,2,2,6,3,0,24,12,6,1,0,24,3,87,884,87884,66,2003,999999999999,9,9,9,9,9,9,9,9,9,9,9,9,1,,,,,,,,,,,,,,,,,,,,,,,,,1,57,1108048,571108048,3,6,1,1,0,0,0,0,0,0,0,55,0,0,0,12,12,6,2,12,0,0,0,1,48,75763,6,1,6,3,3,0,74,220,0,0,0,1,0,8,2009,8,2009,0,0,0,0,0,2,2,55,1,1,2,3,0,0,1,62,1,1,1,65,0,0
39,390151,1,1,1,8,3,21,57,8,0,1,0,47,3,82,884,82884,66,1997,999999999999,9,9,9,9,9,9,9,9,9,9,9,9,1,,,,,,,,,,,,,,,,,,,,,,,,,1,57,86876,5786876,3,6,1,1,0,0,0,0,0,0,0,50,0,0,0,9,9,0,3,8,0,0,0,1,39,43110,6,1,6,1,3,0,67,235,0,0,0,0,0,0,0,0,0,0,0,0,0,0,2,4,50,1,1,2,1,3,3,1,80,1,1,1,13,0,0
39,390152,1,1,1,9,3,23,9,24,0,1,0,39,1,12,13,12013,6,1998,3FAFP15P1WR2,3,F,A,F,P,1,5,P,1,W,R,2,0,P,FORD,ESE,SW,98,17,2531,,0,984,,G,,F,4,122,,,14R185,,,,,,0,0,000000000,00000000000,0,0,0,1,0,0,0,0,0,0,0,55,0,0,0,3,7,6,2,42,0,0,0,1,39,45102,6,1,0,0,3,0,61,110,0,0,0,0,0,0,0,0,0,0,0,0,0,0,1,2,55,4,2,2,2,0,0,14,13,1,1,5,1,1,1
39,390153,1,1,1,10,3,4,33,24,0,1,0,26,3,82,883,82883,66,2004,1FUJA6CK04LM,1,F,U,J,A,6,C,K,0,4,L,M,1,T,FRHT,COL,TR,4,17,,8,0,0,CON,D,,,6,858,,,,,00000,00,,64,1,57,1863229,571863229,3,6,1,1,0,0,0,0,0,0,0,67,0,0,0,12,12,6,2,35,0,0,0,1,26,48420,6,1,6,1,3,3,73,265,0,0,0,1,0,8,2010,8,2010,1,0,0,0,0,2,2,65,1,1,2,2,0,0,1,12,1,1,5,6,1,0
39,390154,1,4,1,10,3,19,49,12,7,1,0,39,1,20,481,20481,31,1996,1GBEC14M1TZ1,1,G,B,E,C,1,4,M,1,T,Z,1,0,T,CHEV,GC1,PK,96,17,,2,1315,1175,GM4,G,,,8,305,,,,B,3801,01,,42,0,0,000000000,00000000000,0,0,0,1,0,0,0,0,0,0,0,60,0,0,0,3,98,6,2,12,0,0,0,1,39,44001,6,1,0,0,3,0,76,210,1,0,0,0,1,4,2009,5,2009,0,36,0,0,0,2,4,65,1,1,2,2,0,0,1,9,1,2,1,44,1,1
39,390154,2,4,1,10,3,19,49,12,7,1,0,39,1,7,402,7402,14,2001,1B4HS28N41F5,1,B,4,H,S,2,8,N,4,1,F,5,0,P,DODG,DUR,UT,1,17,4512,,0,1159,,G,,F,8,287,,,15R235,,,,,,0,0,000000000,00000000000,0,0,0,1,0,0,0,0,0,0,0,65,0,0,0,8,8,4,1,12,0,0,0,1,39,44074,6,1,0,0,3,0,66,182,0,0,0,0,0,0,0,0,0,0,0,0,0,0,2,4,65,1,1,2,2,0,0,1,53,1,1,1,45,0,0
39,390154,3,4,1,10,3,19,49,12,7,1,0,39,1,23,421,23421,15,2000,3GKFK16T8YG1,3,G,K,F,K,1,6,T,8,Y,G,1,0,T,GMC,KX1,4W,0,17,,2,0,1300,YUK,G,,,8,325,,,,B,5123,00,K,44,0,0,000000000,00000000000,0,0,0,1,0,0,0,0,0,0,0,60,0,0,0,12,12,6,2,12,0,0,0,1,39,44135,6,1,0,0,3,0,71,185,0,0,0,0,0,0,0,0,0,0,0,0,0,0,2,4,65,1,1,2,2,0,0,1,60,1,1,1,98,0,0
39,390154,4,4,1,10,3,19,49,12,7,1,0,39,2,12,402,12402,14,2010,1FMCU0D76AKB,1,F,M,C,U,0,D,7,6,A,K,B,0,P,FORD,SPE,UT,10,17,3355,,0,1031,,G,,F,4,153,,,16R235,,,,,,0,0,000000000,00000000000,0,0,0,1,0,0,0,0,0,0,0,60,0,0,0,12,12,6,2,12,0,0,0,1,37,27513,6,1,0,0,3,3,69,999,0,0,0,0,0,0,0,0,0,0,0,0,0,0,2,4,65,1,1,2,2,0,0,1,60,1,1,1,98,0,0
39,390155,1,1,2,12,3,21,3,8,0,1,0,39,1,12,13,12013,2,2001,3FAFP113X1R2,3,F,A,F,P,1,1,3,X,1,R,2,0,P,FORD,ZX2,CP,1,17,2462,,0,984,,G,,F,4,121,,,15R185,,,,,,0,0,000000000,00000000000,0,0,0,1,0,0,0,0,0,0,0,65,0,0,0,12,13,4,3,8,0,0,0,1,39,45067,6,1,0,0,3,0,66,128,1,0,0,0,0,11,2008,11,2008,0,0,0,0,0,2,4,65,1,1,2,1,0,0,1,80,2,1,1,13,0,0
39,390156,1,1,1,12,3,19,23,8,0,1,0,39,2,6,54,6054,6,2004,2C8GM68414R6,2,C,8,G,M,6,8,4,1,4,R,6,0,P,CHRY,PIF,UT,4,17,4334,,0,1163,,G,,F,6,214,,,17R235,,,,,,0,0,000000000,00000000000,0,0,0,1,0,0,0,0,0,0,0,35,0,0,0,12,12,6,2,8,0,0,0,1,39,44721,6,1,0,0,3,3,76,210,2,0,0,0,0,11,2010,12,2010,0,0,0,0,0,1,2,45,1,1,2,1,0,0,1,80,1,1,1,13,0,0
39,390157,1,1,1,14,3,21,6,8,0,1,0,39,3,84,881,84881,66,2006,2HSCEAPR06C3,2,H,S,C,E,A,P,R,0,6,C,3,1,T,INTL,92I,TR,6,17,,8,0,0,920,D,,,6,915,,,,,00000,00,,64,1,57,389839,57389839,3,6,97,1,0,0,0,0,0,0,0,40,0,0,0,12,98,9,3,8,0,0,0,1,39,45622,6,1,6,1,3,0,69,220,1,0,0,0,1,11,2010,12,2010,0,0,0,0,0,1,2,45,1,1,2,1,0,0,1,80,2,1,1,13,0,0
39,390158,1,2,1,15,3,16,48,12,6,1,0,39,1,14,17,14017,4,2003,1MEHM55S93A6,1,M,E,H,M,5,5,S,9,3,A,6,0,P,MERC,SLP,4D,3,17,3369,,0,1085,,G,,F,6,182,,,16R215,,,,,,0,0,000000000,00000000000,0,0,0,1,0,0,0,0,0,0,0,10,0,0,0,9,9,6,2,12,0,0,0,1,39,43214,6,1,0,0,3,0,67,133,0,0,0,0,0,0,0,0,0,0,0,0,0,0,1,4,35,1,1,2,1,3,3,1,17,1,1,1,89,1,0
39,390158,2,2,1,15,3,16,48,12,6,1,0,39,1,18,18,18018,2,1994,2G4WF15L7R14,2,G,4,W,F,1,5,L,7,R,1,4,0,P,BUIC,RGS,CP,94,17,3335,,0,1075,,G,,F,6,231,,,16R225,,,,,,0,0,000000000,00000000000,0,0,0,1,0,0,0,0,0,0,0,60,0,0,0,12,12,6,2,12,0,0,0,1,39,43214,6,1,0,0,3,3,72,250,1,0,0,0,0,3,2009,3,2009,1,38,39,0,0,1,4,35,1,1,2,1,3,3,1,17,1,1,1,88,0,0
39,390159,1,1,1,17,3,13,47,21,0,1,0,39,1,18,2,18002,6,1988,1G4BR81Y9JA4,1,G,4,B,R,8,1,Y,9,J,A,4,0,P,BUIC,EST,SW,88,17,4156,,0,1159,,G,,4,8,307,,,15R225,,,,,,0,0,000000000,00000000000,0,0,0,1,0,0,0,0,0,0,0,45,0,0,0,10,10,6,2,21,0,0,0,1,39,44135,6,1,0,0,3,3,74,210,1,0,0,0,1,7,2008,8,2008,1,0,0,0,0,2,4,35,1,1,1,1,0,0,1,6,2,2,5,7,1,0
39,390160,1,1,1,19,3,22,18,8,0,1,0,39,1,49,40,49040,4,1995,4T1SK12E9SU8,4,T,1,S,K,1,2,E,9,S,U,8,0,P,TOYT,CLE,4D,95,17,3086,,0,1031,,G,,F,4,132,,,14R195,,,,,,0,0,000000000,00000000000,0,0,0,1,0,0,0,0,0,0,0,35,0,0,0,1,98,4,3,8,0,0,0,1,39,43209,6,1,0,0,3,0,60,130,1,0,0,0,1,3,2009,3,2009,0,0,0,0,0,1,4,35,1,1,2,1,0,0,1,80,1,1,1,13,0,0
39,390161,1,1,1,19,3,14,5,35,0,1,0,39,1,12,17,12017,4,2001,1FAFP55U71A2,1,F,A,F,P,5,5,U,7,1,A,2,0,P,FORD,TSS,4D,1,17,3343,,0,1085,,G,,F,6,182,,,16R215,,,,,,0,0,000000000,00000000000,0,0,0,1,0,0,0,0,0,0,0,998,0,1,5,12,98,6,2,1,0,0,0,1,39,43830,6,1,0,0,3,0,70,172,0,0,2,0,0,6,2010,6,2010,0,0,0,0,0,1,2,55,1,1,4,1,0,0,1,12,1,1,5,6,1,1
39,390162,1,1,1,19,3,4,5,30,0,1,0,54,1,7,482,7482,31,1998,1B7HF16Y8WS7,1,B,7,H,F,1,6,Y,8,W,S,7,0,T,DODG,150,PK,98,17,,2,1347,1187,RPC,G,,,8,318,,,,B,4552,01,U,44,0,0,000000000,00000000000,0,0,0,1,0,0,0,0,0,0,0,998,0,0,0,9,9,6,2,30,0,0,0,1,54,26101,6,1,0,0,3,0,72,280,0,1,0,0,0,4,2009,4,2009,0,0,0,0,0,1,2,35,1,1,2,1,0,0,1,12,1,1,5,6,1,1
39,390163,1,1,1,20,3,2,35,59,0,1,0,39,2,2,404,2404,14,2001,1J4FF48S31L5,1,J,4,F,F,4,8,S,3,1,L,5,0,T,JEEP,SPT,4W,1,17,,1,0,1014,CHK,G,,,6,244,,,,,3249,00,E,44,0,0,000000000,00000000000,0,0,0,1,0,0,0,0,0,0,0,998,0,0,0,12,98,6,2,30,0,0,0,1,39,44333,6,1,0,0,3,0,70,150,1,0,0,0,1,3,2009,5,2009,0,0,0,0,0,1,2,40,1,1,2,1,0,0,1,13,1,1,5,1,1,1
39,390164,1,2,2,21,3,13,32,12,8,1,0,39,1,7,482,7482,31,1996,1B7HC13Y5TJ1,1,B,7,H,C,1,3,Y,5,T,J,1,0,T,DODG,150,PC,96,17,,2,1547,1387,RPC,G,,,8,318,,,,B,4333,01,M,42,0,0,000000000,00000000000,0,0,0,1,0,0,0,0,0,0,0,998,0,0,0,10,10,6,2,12,0,0,0,1,39,43534,6,1,0,0,3,3,72,260,0,0,0,0,0,0,0,0,0,0,0,0,0,0,1,2,55,4,1,2,1,0,0,14,62,1,1,1,65,1,0
39,390164,2,2,1,21,3,13,32,12,8,1,0,39,3,98,898,98898,63,2001,999999999999,9,9,9,9,9,9,9,9,9,9,9,9,0,,,,,,,,,,,,,,,,,,,,,,,,,0,5,4145389,054145389,3,1,7,1,0,0,0,0,0,0,0,45,0,0,0,10,12,6,2,12,0,0,0,1,39,43402,6,1,6,3,3,3,73,250,0,0,0,0,0,0,0,0,0,0,36,80,0,0,1,2,55,4,1,2,1,0,0,14,10,1,2,2,64,0,0
39,390166,1,2,1,1,4,13,17,12,6,1,0,39,1,73,739,73739,90,2011,999999999999,9,9,9,9,9,9,9,9,9,9,9,9,0,,,,,,,,,,,,,,,,,,,,,,,,,0,0,000000000,00000000000,0,0,0,1,0,0,0,0,0,0,0,998,0,0,0,11,11,6,2,12,0,0,0,1,39,45144,3,1,0,0,2,3,68,190,0,0,0,0,0,0,0,0,0,0,38,0,0,0,1,2,55,4,2,2,1,20,3,11,15,1,1,1,82,1,0
39,390166,2,2,2,1,4,13,17,12,6,1,0,39,1,20,481,20481,31,2004,1GCHK29G74E1,1,G,C,H,K,2,9,G,7,4,E,1,0,T,CHEV,2KH,4C,4,17,,2,1575,1435,SIL,G,,,8,496,,,,C,5631,00,,44,0,0,000000000,00000000000,0,0,0,1,0,0,0,0,0,0,0,45,0,0,0,12,12,4,3,12,0,0,0,1,39,45101,6,1,0,0,3,0,68,235,0,0,0,0,0,0,0,0,0,0,0,0,0,0,1,2,55,4,2,2,1,0,0,14,67,1,1,1,83,0,0
39,390167,1,1,3,3,4,19,40,38,0,1,0,39,2,12,3,12003,2,1994,1FALP4049RF1,1,F,A,L,P,4,0,4,9,R,F,1,0,P,FORD,MUS,CP,94,17,3055,,0,1013,,G,,F,6,232,,,15R205,,,,,,0,0,000000000,00000000000,0,0,0,1,0,0,0,0,0,0,0,50,0,1,5,3,3,6,2,1,0,0,0,1,39,44647,6,1,0,0,3,0,67,140,1,3,0,0,5,4,2009,1,2010,0,36,0,0,0,1,2,55,1,2,2,1,0,0,6,12,1,1,4,6,1,0
39,390168,1,1,1,3,4,1,35,33,0,1,0,39,5,7,43,7043,4,2002,1B3EL46X62N2,1,B,3,E,L,4,6,X,6,2,N,2,0,P,DODG,SSP,4D,2,17,3136,,0,1080,,G,,F,4,148,,,16R205,,,,,,0,0,000000000,00000000000,0,0,0,1,0,0,0,0,0,0,0,97,0,0,0,11,13,6,2,30,0,0,0,1,39,45239,0,0,0,0,0,0,999,999,0,0,0,0,0,0,0,0,0,1,36,0,0,0,1,4,35,3,2,2,1,0,0,14,6,1,1,4,1,1,0
39,390169,1,1,2,10,4,0,20,42,0,1,0,39,1,37,739,37739,90,2002,000000000000,0,0,0,0,0,0,0,0,0,0,0,0,0,,,,,,,,,,,,,,,,,,,,,,,,,0,0,000000000,00000000000,0,0,0,1,0,0,0,0,0,0,0,998,0,1,5,12,12,6,2,42,0,0,0,1,39,45657,0,0,0,0,0,0,999,999,0,0,0,0,0,0,0,0,0,1,0,0,0,0,1,2,55,2,2,4,2,0,0,14,6,7,3,4,7,1,1
39,390170,1,1,2,10,4,3,10,32,0,1,0,39,1,22,18,22018,2,2001,1G2NW12E31M6,1,G,2,N,W,1,2,E,3,1,M,6,0,P,PONT,GAG,CP,1,17,3091,,0,1070,,G,,F,6,207,,,16R225,,,,,,0,0,000000000,00000000000,0,0,0,1,0,0,0,0,0,0,0,998,0,1,1,7,7,6,2,1,0,0,0,1,39,45349,6,1,0,0,3,3,69,170,0,0,0,1,1,7,2010,7,2010,1,0,0,0,0,1,2,55,1,1,2,1,0,0,1,6,7,1,4,6,2,1
39,390171,1,1,1,10,4,21,40,33,0,1,0,39,1,73,705,73705,80,1993,JKAZX4E1XPB5,J,K,A,Z,X,4,E,1,X,P,B,5,0,M,KAWK,ZXE,RC,93,17,,,,,,,600,,4,,4,431,,,,,,,0,0,000000000,00000000000,0,0,0,1,0,0,0,0,0,0,0,998,0,0,0,12,13,6,2,24,0,0,0,1,39,44511,6,1,0,0,3,0,68,170,0,0,0,0,1,6,2010,6,2010,0,0,0,0,0,1,2,35,1,1,2,1,0,0,1,9,1,1,4,15,1,1
39,390172,1,2,1,11,4,17,3,12,2,1,0,39,2,14,402,14402,14,2011,4M2CN9B70BKJ,4,M,2,C,N,9,B,7,0,B,K,J,0,P,MERC,MRN,UT,11,17,3533,,0,1031,,G,,F,4,153,,,16R235,,,,,,0,0,000000000,00000000000,0,0,0,1,0,0,0,0,0,0,0,998,0,0,0,12,11,6,2,12,0,0,0,1,39,44408,6,1,0,0,3,3,66,145,0,0,0,0,0,0,0,0,0,0,0,0,0,0,1,2,45,1,2,2,2,0,0,1,62,1,1,1,51,1,0
39,390172,2,2,1,11,4,17,3,12,2,1,0,39,1,23,471,23471,30,1998,1GKDT13W3W25,1,G,K,D,T,1,3,W,3,W,2,5,0,T,GMC,JMY,4W,98,17,,1,0,1070,JMY,G,,,6,262,,,,B,3999,00,E,44,0,0,000000000,00000000000,0,0,0,1,0,0,0,0,0,0,0,998,0,0,0,12,11,6,2,12,0,0,0,1,39,44406,6,1,0,0,3,3,64,125,0,2,1,0,1,6,2009,12,2010,0,28,0,0,0,1,2,45,1,2,2,2,0,0,1,10,1,1,2,50,0,1
39,390173,1,1,1,11,4,5,11,1,0,1,0,39,1,7,20,7020,4,2003,1B3ES56C73D1,1,B,3,E,S,5,6,C,7,3,D,1,0,P,DODG,NXT,4D,3,17,2639,,0,1040,,G,,F,4,122,,,15R185,,,,,,0,0,000000000,00000000000,0,0,0,1,0,0,0,0,0,0,0,998,0,2,1,0,0,6,2,1,0,0,0,1,39,43843,6,1,0,0,3,3,73,145,1,0,0,4,2,6,2008,11,2010,0,28,58,0,0,1,2,55,1,1,2,1,0,0,1,13,6,1,6,1,1,0
39,390174,1,1,1,15,4,15,5,34,0,1,0,39,1,98,705,98705,80,2001,4MZKP13C9135,4,M,Z,K,P,1,3,C,9,1,3,5,0,U,,,,1,17,,,,,,,,,,,,,,,,,,,0,0,000000000,00000000000,0,0,0,1,0,0,0,0,0,0,0,40,0,0,0,1,1,6,2,1,0,0,0,1,39,43302,6,1,0,0,3,3,68,210,0,0,0,0,0,0,0,0,0,0,28,0,0,0,1,2,55,1,1,2,1,0,0,1,13,1,1,4,1,1,0
39,390175,1,1,2,16,4,19,27,59,0,1,0,39,1,7,482,7482,31,2002,1D7HU16Z52J1,1,D,7,H,U,1,6,Z,5,2,J,1,0,T,DODG,150,PK,2,17,,2,1405,1205,RPC,G,,,8,360,,,,B,4676,01,E,44,0,0,000000000,00000000000,0,0,0,1,0,0,0,0,0,0,0,998,0,0,0,11,11,6,2,21,0,0,0,1,39,45843,6,1,0,0,3,0,72,215,2,0,0,0,1,2,2009,5,2010,0,28,0,0,0,1,2,55,1,2,2,2,0,0,1,12,1,1,4,6,1,1
39,390176,1,1,1,23,3,15,30,34,0,1,0,39,2,2,404,2404,14,2000,1J4GW58N0YC2,1,J,4,G,W,5,8,N,0,Y,C,2,0,T,JEEP,LMT,4W,0,17,,1,0,1059,GCK,G,,,8,287,,,,,3917,01,E,44,0,0,000000000,00000000000,0,0,0,1,0,0,0,0,0,0,0,998,0,1,5,2,98,6,2,1,0,0,1,1,39,43228,1,1,0,0,2,0,76,190,0,2,1,0,1,5,2010,8,2010,0,36,0,0,0,1,2,55,4,1,2,1,0,0,14,13,1,2,5,2,1,0