STATE,ST_CASE,VEH_NO,VE_FORMS,NUMOCCS,DAY,MONTH,HOUR,MINUTE,HARM_EV,MAN_COLL,UNITTYPE,HIT_RUN,REG_STAT,OWNER,MAKE,MODEL,MAK_MOD,BODY_TYP,MOD_YEAR,VIN,VIN_1,VIN_2,VIN_3,VIN_4,VIN_5,VIN_6,VIN_7,VIN_8,VIN_9,VIN_10,VIN_11,VIN_12,TOW_VEH,VINTYPE,VINMAKE,VINA_MOD,VIN_BT,VINMODYR,VIN_LNGT,VIN_WGT,WGTCD_TR,WHLBS_LG,WHLBS_SH,SER_TR,FUELCODE,MCYCL_DS,CARBUR,CYLINDER,DISPLACE,MCYCL_CY,MCYCL_WT,TIRE_SZE,TON_RAT,TRK_WT,TRKWTVAR,VIN_REST,WHLDRWHL,J_KNIFE,MCARR_I1,MCARR_I2,MCARR_ID,GVWR,V_CONFIG,CARGO_BT,HAZ_INV,HAZ_PLAC,HAZ_ID,HAZ_CNO,HAZ_REL,BUS_USE,SPEC_USE,EMER_USE,TRAV_SP,UNDERIDE,ROLLOVER,ROLINLOC,IMPACT1,IMPACT2,DEFORMED,TOWED,M_HARM,VEH_SC1,VEH_SC2,FIRE_EXP,DR_PRES,L_STATE,DR_ZIP,L_STATUS,L_TYPE,CDL_STAT,L_ENDORS,L_COMPL,L_RESTRI,DR_HGT,DR_WGT,PREV_ACC,PREV_SUS,PREV_DWI,PREV_SPD,PREV_OTH,FIRST_MO,FIRST_YR,LAST_MO,LAST_YR,SPEEDREL,DR_SF1,DR_SF2,DR_SF3,DR_SF4,VTRAFWAY,VNUM_LAN,VSPD_LIM,VALIGN,VPROFILE,VPAVETYP,VSURCOND,VTRAFCON,VTCONT_F,P_CRASH1,P_CRASH2,P_CRASH3,PCRASH4,PCRASH5,ACC_TYPE,DEATHS,DR_DRINK
39,390177,1,1,1,23,3,16,50,14,0,1,0,39,2,12,13,12013,7,1986,1FABP3194GW1,1,F,A,B,P,3,1,9,4,G,W,1,0,P,FORD,ESL,2H,86,17,2153,,0,942,,G,,2,4,113,,,13R165,,,,,,0,0,000000000,00000000000,0,0,0,1,0,0,0,0,0,0,0,998,0,0,0,12,12,6,2,14,0,0,0,1,39,45440,6,1,0,0,3,3,71,190,0,0,0,0,0,0,0,0,0,0,36,0,0,0,1,2,25,1,1,2,1,0,0,1,9,1,1,4,11,1,0
39,390178,1,2,5,24,3,18,0,12,8,1,0,39,1,20,481,20481,31,2001,1GCEK19T71Z1,1,G,C,E,K,1,9,T,7,1,Z,1,0,T,CHEV,SK1,4C,1,17,,2,1575,1435,SIL,G,,,8,325,,,,B,4776,00,,44,0,0,000000000,00000000000,0,0,0,1,0,0,0,0,0,0,0,57,0,1,6,10,9,6,2,12,0,0,0,1,39,44807,6,1,0,0,3,3,68,230,0,0,0,0,0,0,0,0,0,1,51,91,0,0,1,2,55,1,2,2,1,0,0,1,10,1,1,2,65,0,0
39,390178,2,2,2,24,3,18,0,12,8,1,0,39,1,20,37,20037,4,2009,1G1ZH57B8941,1,G,1,Z,H,5,7,B,8,9,4,1,0,P,CHEV,ML1,4D,9,17,3436,,0,1123,,G,,F,4,146,,,17R215,,,,,,0,0,000000000,00000000000,0,0,0,1,0,0,0,0,0,0,0,998,0,0,0,10,10,6,2,12,0,0,0,1,39,44890,6,1,0,0,3,0,63,160,0,0,0,0,0,0,0,0,0,0,0,0,0,0,1,2,55,1,2,2,1,0,0,1,62,1,1,1,64,1,0
39,390179,1,2,1,24,3,8,45,12,2,1,0,39,3,85,881,85881,66,1998,1XKAD29X8WJ7,1,X,K,A,D,2,9,X,8,W,J,7,1,T,KW,T60,TR,98,17,,8,2600,1600,CON,D,,,6,855,,,,,00000,00,,64,1,57,346862,57346862,3,6,4,1,0,0,0,0,0,0,0,50,0,0,0,12,12,6,2,12,0,0,0,1,39,45601,6,1,6,1,3,0,74,235,0,2,0,0,2,6,2008,7,2009,0,0,0,0,0,1,2,55,4,1,2,1,0,0,14,62,2,1,1,51,0,0
39,390179,2,2,1,24,3,8,45,12,2,1,0,39,1,6,41,6041,4,1999,2C3HD46J2XH5,2,C,3,H,D,4,6,J,2,X,H,5,0,P,CHRY,CIX,4D,99,17,3474,,0,1130,,G,,F,6,197,,,15R205,,,,,,0,0,000000000,00000000000,0,0,0,1,0,0,0,0,0,0,0,998,0,0,0,12,98,6,2,12,0,0,0,1,39,45660,6,1,0,0,3,0,66,140,2,0,0,1,2,3,2010,8,2010,0,0,0,0,0,1,2,55,4,1,2,1,0,0,14,10,1,1,2,50,1,0
39,390180,1,2,1,26,3,12,47,12,2,1,0,39,2,20,2,20002,4,2005,2G1WF52E1593,2,G,1,W,F,5,2,E,1,5,9,3,0,P,CHEV,IMP,4D,5,17,3389,,0,1105,,G,,F,6,207,,,16R225,,,,,,0,0,000000000,00000000000,0,0,0,1,0,0,0,0,0,0,0,998,0,0,0,12,12,6,2,12,0,0,0,1,39,43228,1,1,0,0,2,0,76,220,0,0,0,0,2,11,2008,11,2008,0,99,99,99,99,1,2,35,1,1,2,1,0,0,1,19,1,1,9,99,0,0
39,390180,2,2,1,26,3,12,47,12,2,1,0,39,1,55,35,55035,4,2001,KMHWF35V51A4,K,M,H,W,F,3,5,V,5,1,A,4,0,P,HYUN,SGL,4D,1,17,3069,,0,1063,,G,,F,6,152,,,15R205,,,,,,0,0,000000000,00000000000,0,0,0,1,0,0,0,0,0,0,0,998,0,0,0,12,12,6,2,12,0,0,0,1,39,43223,6,1,0,0,3,0,72,165,0,0,0,0,0,0,0,0,0,0,99,99,99,99,1,2,35,1,1,2,1,0,0,1,19,1,1,9,99,1,0
39,390181,1,1,3,26,3,22,20,42,0,1,0,39,2,12,481,12481,31,2000,1FTRX18L2YNC,1,F,T,R,X,1,8,L,2,Y,N,C,0,T,FORD,F15,4C,0,17,,2,1574,1388,COF,G,,,8,330,,,,B,4611,04,U,44,0,0,000000000,00000000000,0,0,0,1,0,0,0,0,0,0,0,998,0,0,0,3,3,6,2,42,0,0,0,1,39,45122,6,1,0,0,3,0,67,180,1,11,0,0,5,7,2009,7,2010,1,91,0,0,0,1,2,35,3,2,2,1,0,0,14,13,1,1,4,1,2,1
39,390182,1,2,2,29,3,11,27,12,8,1,0,39,2,20,2,20002,4,2004,2G1WF52E3492,2,G,1,W,F,5,2,E,3,4,9,2,0,P,CHEV,IMP,4D,4,17,3389,,0,1105,,G,,F,6,207,,,16R225,,,,,,0,0,000000000,00000000000,0,0,0,1,0,0,0,0,0,0,0,104,0,0,0,10,9,6,2,12,0,0,0,1,39,43078,6,1,0,0,3,0,66,125,0,0,0,0,0,0,0,0,0,1,91,0,0,0,1,2,55,1,3,2,1,0,0,1,10,2,1,2,64,0,0
39,390182,2,2,1,29,3,11,27,12,8,1,0,39,1,18,4,18004,6,1995,1G4BR82P7SR4,1,G,4,B,R,8,2,P,7,S,R,4,0,P,BUIC,RME,SW,95,17,4572,,0,1159,,G,,F,8,350,,,15R225,,,,,,0,0,000000000,00000000000,0,0,0,1,0,0,0,0,0,0,0,998,0,1,6,10,10,6,2,12,0,0,0,1,39,43078,6,1,0,0,3,0,65,150,0,0,0,0,0,0,0,0,0,0,0,0,0,0,1,2,55,1,2,2,1,0,0,1,62,1,1,1,65,1,0
39,390183,1,1,1,2,4,6,47,8,0,1,1,21,1,55,33,55033,4,2001,KMHWF25S81A4,K,M,H,W,F,2,5,S,8,1,A,4,0,P,HYUN,SOL,4D,1,17,3072,,0,1063,,G,,F,4,144,,,15R205,,,,,,0,0,000000000,00000000000,0,0,0,1,0,0,0,0,0,0,0,50,0,0,0,12,12,4,3,8,0,0,0,1,21,41071,0,0,0,0,0,0,999,999,0,0,0,0,0,0,0,0,0,0,39,91,0,0,1,4,50,1,1,2,2,3,3,1,80,1,1,1,13,0,1
39,390184,1,1,1,3,4,4,55,33,0,1,0,39,2,22,22,22022,2,2007,1G2ZH36N7742,1,G,2,Z,H,3,6,N,7,7,4,2,0,P,PONT,GGT,CV,7,17,3855,,0,1123,,G,,F,6,214,,,18R225,,,,,,0,0,000000000,00000000000,0,0,0,1,0,0,0,0,0,0,0,50,0,0,0,2,2,6,2,14,0,0,0,1,39,45459,6,1,0,0,3,3,70,210,0,0,0,0,0,0,0,0,0,1,28,36,0,0,1,4,45,1,1,2,1,0,0,1,6,1,2,5,2,1,1
39,390185,1,1,1,3,4,21,8,40,0,1,0,39,1,20,421,20421,15,1995,1GNEK13K3SJ4,1,G,N,E,K,1,3,K,3,S,J,4,0,P,CHEV,KTA,UT,95,17,5124,,0,1175,,G,,F,8,350,,,15R235,,,,,,0,0,000000000,00000000000,0,0,0,1,0,0,0,0,0,0,0,60,0,0,0,9,98,6,2,30,0,0,0,1,39,44203,6,1,0,0,3,0,75,240,0,0,0,0,2,6,2008,7,2008,1,36,0,0,0,1,2,45,1,1,2,1,0,0,1,6,1,2,5,7,1,1
39,390186,1,1,1,6,4,19,13,33,0,1,0,39,1,98,706,98706,80,1998,4MZKS11H1W33,4,M,Z,K,S,1,1,H,1,W,3,3,0,U,,,,98,17,,,,,,,,,,,,,,,,,,,0,0,000000000,00000000000,0,0,0,1,0,0,0,0,0,0,0,77,0,0,0,9,98,6,2,53,0,0,0,1,39,43054,6,1,0,0,3,0,74,210,0,0,0,0,0,0,0,0,0,1,36,0,0,0,1,4,25,4,1,2,1,0,0,14,6,1,2,5,2,1,1
39,390187,1,2,2,3,4,23,22,12,2,1,1,39,3,18,2,18002,4,1989,1G4HR54C7KH4,1,G,4,H,R,5,4,C,7,K,H,4,0,P,BUIC,LLF,4D,89,17,3153,,0,1108,,G,,F,6,231,,,14R205,,,,,,0,0,000000000,00000000000,0,0,0,1,0,0,0,0,0,0,0,35,0,0,0,12,12,6,2,12,0,0,0,1,39,45011,0,0,0,0,0,0,999,999,0,0,0,0,0,0,0,0,0,0,27,91,0,0,1,2,35,1,1,2,1,0,0,1,10,1,1,2,50,0,1
39,390187,2,2,1,3,4,23,22,12,2,1,0,39,2,24,1,24001,4,2001,1G8ZY12701Z2,1,G,8,Z,Y,1,2,7,0,1,Z,2,0,P,STRN,SC2,3P,1,17,2463,,0,1024,,G,,F,4,116,,,15R195,,,,,,0,0,000000000,00000000000,0,0,0,1,0,0,0,0,0,0,0,30,0,0,0,12,12,6,2,12,0,0,0,1,39,45011,6,1,0,0,3,3,62,130,0,0,0,1,0,12,2010,12,2010,0,0,0,0,0,1,2,35,1,1,2,1,0,0,1,62,1,1,1,51,1,0
39,390188,1,2,0,3,4,1,44,12,7,1,0,39,6,49,32,49032,4,1999,1NXBR12E5XZ1,1,N,X,B,R,1,2,E,5,X,Z,1,0,P,TOYT,UVL,4D,99,17,2414,,0,970,,G,,F,4,109,,,14R175,,,,,,0,0,000000000,00000000000,0,0,0,1,0,0,0,0,0,0,0,0,0,0,0,7,7,4,3,12,0,0,0,0,0,99997,7,6,97,7,6,7,998,997,998,998,998,998,998,98,9998,98,9998,8,20,0,0,0,1,2,45,1,1,2,1,0,0,0,2,0,0,0,98,0,0
39,390188,2,2,1,3,4,1,44,12,7,1,0,39,1,20,32,20032,4,1996,1Y1SK5264TZ0,1,Y,1,S,K,5,2,6,4,T,Z,0,0,P,GEO,GEP,4D,96,17,2359,,0,971,,G,,F,4,097,,,14R175,,,,,,0,0,000000000,00000000000,0,0,0,1,0,0,0,0,0,0,0,40,0,0,0,2,13,6,2,8,0,0,0,1,39,44004,6,1,0,0,3,0,64,101,0,0,0,0,0,0,0,0,0,0,26,91,0,0,1,4,45,1,1,2,1,0,0,1,80,1,1,1,98,0,1
39,390189,1,2,3,6,4,15,46,12,2,1,0,39,1,20,2,20002,4,1987,1G1BU51H8HX1,1,G,1,B,U,5,1,H,8,H,X,1,0,P,CHEV,CCB,4D,87,17,3576,,0,1160,,G,,4,8,305,,,15R205,,,,,,0,0,000000000,00000000000,0,0,0,1,0,0,0,0,0,0,0,998,0,0,0,12,12,6,2,12,0,0,0,1,39,45638,6,1,0,0,3,0,73,248,0,0,0,0,0,0,0,0,0,0,0,0,0,0,1,2,55,1,2,4,1,0,0,1,54,1,1,2,52,1,0
39,390189,2,2,2,6,4,15,46,12,2,1,0,39,1,14,401,14401,14,1999,4M2ZU55P1XUJ,4,M,2,Z,U,5,5,P,1,X,U,J,0,P,MERC,MOU,UT,99,17,4348,,0,1120,,G,,F,8,302,,,15R235,,,,,,0,0,000000000,00000000000,0,0,0,1,0,0,0,0,0,0,0,40,0,0,0,12,12,6,2,12,0,0,0,1,39,45638,6,1,0,0,3,0,73,165,1,1,0,1,3,2,2009,6,2009,0,0,0,0,0,1,2,55,1,2,4,1,0,0,1,54,1,1,2,52,0,0
39,390190,1,2,1,9,4,18,33,12,6,1,0,39,2,20,431,20431,16,2000,3GNFK16T0YG1,3,G,N,F,K,1,6,T,0,Y,G,1,0,P,CHEV,K15,UT,0,17,5123,,0,1300,,G,,F,8,325,,,16R245,,,,,,0,0,000000000,00000000000,0,0,0,1,0,0,0,0,0,0,0,55,0,0,0,12,12,6,2,12,0,0,0,1,39,43746,6,1,0,0,3,0,60,215,0,0,0,2,0,6,2010,3,2011,1,0,0,0,0,2,4,55,1,1,2,1,0,0,1,17,1,1,1,69,0,0
39,390190,2,2,2,9,4,18,33,12,6,1,0,39,2,22,20,22020,8,1999,1G2HX52K8XH2,1,G,2,H,X,5,2,K,8,X,H,2,0,P,PONT,BVS,4D,99,17,3446,,0,1108,,G,,F,6,231,,,15R215,,,,,,0,0,000000000,00000000000,0,0,0,1,0,0,0,0,0,0,0,998,0,0,0,3,3,6,2,12,0,0,0,1,39,43209,4,1,0,0,2,0,75,250,0,1,0,0,0,10,2010,10,2010,1,38,91,0,0,2,4,55,1,1,2,1,0,0,11,17,1,1,2,68,1,0
39,390191,1,2,1,9,4,10,15,12,6,1,0,39,2,22,22,22022,4,2008,1G2ZH57N0841,1,G,2,Z,H,5,7,N,0,8,4,1,0,P,PONT,GGT,4D,8,17,3457,,0,1123,,G,,F,6,214,,,17R225,,,,,,0,0,000000000,00000000000,0,0,0,1,0,0,0,0,0,0,0,40,0,0,0,12,12,6,2,12,0,0,0,1,39,43315,6,1,0,0,3,3,64,155,1,0,0,0,1,1,2010,1,2010,1,0,0,0,0,1,2,55,1,1,2,2,0,0,1,17,1,1,1,88,0,0
39,390191,2,2,1,9,4,10,15,12,6,1,0,39,1,18,7,18007,4,2005,2G4WS52J5511,2,G,4,W,S,5,2,J,5,5,1,1,0,P,BUIC,CCU,4D,5,17,3342,,0,1090,,G,,F,6,189,,,15R205,,,,,,0,0,000000000,00000000000,0,0,0,1,0,0,0,0,0,0,0,998,0,0,0,9,9,6,2,12,0,0,0,1,39,43315,6,1,0,0,3,3,71,231,0,0,0,0,0,0,0,0,0,1,39,0,0,0,1,2,55,1,1,2,2,20,3,1,17,1,1,1,89,1,0
39,390192,1,1,1,10,4,18,33,34,0,1,0,26,1,72,709,72709,80,2008,1HD1KB4198Y7,1,H,D,1,K,B,4,1,9,8,Y,7,0,M,HD,FHX,RS,8,17,,,,,,,1584,,2,,4,786,,,,,,,0,0,000000000,00000000000,0,0,0,1,0,0,0,0,0,0,0,998,0,0,0,12,12,6,2,1,0,0,0,1,26,49286,6,1,0,0,3,0,68,240,0,0,0,4,0,12,2008,3,2011,0,0,0,0,0,1,2,55,4,1,2,1,40,3,14,13,1,1,4,1,1,1
39,390193,1,2,1,12,4,17,40,12,6,1,0,39,1,37,441,37441,20,1999,2HKRL1864XH5,2,H,K,R,L,1,8,6,4,X,H,5,0,P,HOND,UDY,SV,99,17,4288,,0,1181,,G,,F,6,212,,,16R215,,,,,,0,0,000000000,00000000000,0,0,0,1,0,0,0,0,0,0,0,5,0,0,0,9,10,6,2,12,0,0,0,1,39,44035,6,1,0,0,3,0,68,155,0,0,0,0,0,0,0,0,0,0,0,0,0,0,1,2,55,1,1,2,1,3,3,1,17,1,1,1,89,0,0
39,390193,2,2,1,12,4,17,40,12,6,1,0,39,2,22,2,22002,4,1998,1G2HX52K5W42,1,G,2,H,X,5,2,K,5,W,4,2,0,P,PONT,BVS,4D,98,17,3487,,0,1108,,G,,F,6,231,,,15R215,,,,,,0,0,000000000,00000000000,0,0,0,1,0,0,0,0,0,0,0,998,0,0,0,12,12,6,2,12,0,0,0,1,39,44044,6,1,0,0,3,3,65,130,0,0,1,0,0,5,2008,5,2008,0,39,0,0,0,1,2,55,1,1,2,1,3,3,1,17,1,1,1,88,1,0
39,390194,1,2,1,15,4,15,31,12,6,1,0,39,1,22,18,22018,4,1997,1G2WJ52K6VF2,1,G,2,W,J,5,2,K,6,V,F,2,0,P,PONT,GFS,4D,97,17,3355,,0,1105,,G,,F,6,231,,,15R205,,,,,,0,0,000000000,00000000000,0,0,0,1,0,0,0,0,0,0,0,10,0,0,0,3,3,6,2,12,0,0,0,1,39,45320,6,1,0,0,3,0,61,220,0,0,0,1,0,7,2009,7,2009,0,38,0,0,0,1,2,55,1,1,2,2,20,3,1,17,1,1,2,87,1,0
39,390194,2,2,1,15,4,15,31,12,6,1,0,39,1,85,881,85881,66,1994,1XKDD69X4RJ6,1,X,K,D,D,6,9,X,4,R,J,6,1,T,KW,T80,TR,94,17,,8,0,1600,CON,D,,,6,855,,,,,00000,00,,64,1,57,170624,57170624,3,6,97,1,0,0,0,0,0,0,0,55,0,0,0,12,12,6,2,12,0,0,0,1,39,45311,6,1,6,0,3,0,72,245,0,0,0,1,1,5,2008,7,2010,0,0,0,0,0,1,2,55,1,1,2,2,0,0,1,17,1,1,1,86,0,0
39,390195,1,2,2,15,4,14,50,12,6,1,0,39,1,18,3,18003,4,2000,1G4CU5217Y41,1,G,4,C,U,5,2,1,7,Y,4,1,0,P,BUIC,PAU,4D,0,17,3884,,0,1138,,G,,Z,6,231,,,16R225,,,,,,0,0,000000000,00000000000,0,0,0,1,0,0,0,0,0,0,0,2,0,0,0,9,9,4,3,12,0,0,0,1,39,44905,6,1,0,0,3,3,68,186,0,0,0,1,0,9,2009,9,2009,0,38,39,0,0,1,2,45,1,2,2,1,20,3,11,17,1,1,2,68,0,0
39,390195,2,2,1,15,4,14,50,12,6,1,0,39,1,76,709,76709,80,2008,JYARN20E78A0,J,Y,A,R,N,2,0,E,7,8,A,0,0,M,YAMA,YFR,RC,8,17,,,,,,,998,,4,,4,390,,,,,,,0,0,000000000,00000000000,0,0,0,1,0,0,0,0,0,0,0,998,0,0,0,12,12,6,2,12,0,0,0,1,39,44903,6,1,0,0,3,0,69,190,1,2,0,1,0,10,2008,8,2010,1,36,38,0,0,1,2,45,1,2,2,1,0,0,1,17,1,1,1,69,1,0
39,390196,1,1,1,17,4,5,5,53,0,1,0,39,1,63,401,63401,14,2001,999999999999,9,9,9,9,9,9,9,9,9,9,9,9,0,,,,,,,,,,,,,,,,,,,,,,,,,0,0,000000000,00000000000,0,0,0,1,0,0,0,0,0,0,0,65,0,0,0,10,10,6,2,42,0,0,0,1,39,44057,6,1,0,0,3,3,65,110,2,1,0,3,2,8,2008,12,2010,1,36,0,0,0,1,2,35,1,1,2,1,0,0,1,6,1,2,4,7,1,1
39,390198,1,2,3,22,4,17,0,12,6,1,0,21,2,12,401,12401,14,1993,999999999999,9,9,9,9,9,9,9,9,9,9,9,9,0,,,,,,,,,,,,,,,,,,,,,,,,,0,0,000000000,00000000000,0,0,0,1,0,0,0,0,0,0,0,50,0,0,0,12,12,6,2,12,0,0,0,1,39,41011,1,1,0,0,2,0,74,240,1,0,0,0,1,10,2010,3,2011,1,39,91,0,0,1,2,25,1,2,2,2,20,3,1,17,1,1,1,86,0,0
39,390198,2,2,2,22,4,17,0,12,6,1,0,39,1,7,42,7042,2,1998,4B3AU52NXWE1,4,B,3,A,U,5,2,N,X,W,E,1,0,P,DODG,AES,CP,98,17,2886,,0,1037,,G,,F,6,152,,,17R215,,,,,,0,0,000000000,00000000000,0,0,0,1,0,0,0,0,0,0,0,25,0,0,0,3,3,6,2,12,0,0,0,1,39,45237,6,1,0,0,3,3,59,140,0,0,0,0,0,0,0,0,0,0,0,0,0,0,1,2,35,1,2,2,2,0,0,1,17,1,1,1,87,1,0
39,390199,1,2,3,7,1,12,30,12,6,1,0,39,2,12,17,12017,4,1999,1FAFP53U7XA1,1,F,A,F,P,5,3,U,7,X,A,1,0,P,FORD,TSE,4D,99,17,3353,,0,1085,,G,,F,6,182,,,15R205,,,,,,0,0,000000000,00000000000,0,0,0,1,0,0,0,0,0,0,0,52,0,0,0,12,12,6,2,12,0,0,0,1,39,44637,6,1,0,0,3,0,70,145,1,0,0,0,0,5,2008,5,2008,0,0,0,0,0,1,2,55,1,2,2,2,0,0,1,62,2,1,1,69,1,0
39,390199,2,2,1,7,1,12,30,12,6,1,0,39,3,7,482,7482,31,2006,3D7KR26D46G2,3,D,7,K,R,2,6,D,4,6,G,2,0,T,DODG,S25,PK,6,17,,2,0,1405,RPC,G,,,8,348,,,,C,5271,00,E,42,0,0,000000000,00000000000,0,0,0,1,0,0,0,0,0,0,0,10,0,0,0,1,1,4,3,12,0,0,0,1,39,44646,6,1,0,0,3,0,75,200,0,0,0,2,0,1,2008,11,2008,0,38,0,0,0,1,2,55,1,2,2,2,0,0,11,15,1,1,1,68,0,0
39,390200,1,2,1,29,3,14,33,12,2,1,0,39,2,23,471,23471,30,2003,1GTCS19X2381,1,G,T,C,S,1,9,X,2,3,8,1,0,T,GMC,SON,3C,3,17,,1,0,1229,SON,G,,,6,262,,,,B,3198,00,U,42,0,0,000000000,00000000000,0,0,0,1,0,0,0,0,0,0,0,998,0,0,0,12,12,6,2,12,0,0,0,1,39,43207,6,1,0,0,3,0,71,194,0,0,0,1,0,6,2009,6,2009,0,28,0,0,0,1,2,55,2,2,2,1,0,0,14,10,1,1,2,50,1,0
39,390200,2,2,6,29,3,14,33,12,2,1,0,39,2,12,423,12423,15,2003,1FMSU43PX3EC,1,F,M,S,U,4,3,P,X,3,E,C,0,P,FORD,EXC,UT,3,17,6650,,0,1371,,D,,T,8,366,,,16R265,,,,,,0,0,000000000,00000000000,0,0,0,1,0,0,0,0,0,0,0,50,0,0,0,12,12,6,2,12,0,0,0,1,39,43014,6,1,0,0,3,0,73,250,0,0,0,0,0,0,0,0,0,0,0,0,0,0,1,2,55,3,2,2,1,0,0,14,62,1,1,1,51,0,0
39,390201,1,1,2,29,3,22,45,30,0,1,0,39,2,22,18,22018,4,1994,1G2NW55M6RC7,1,G,2,N,W,5,5,M,6,R,C,7,0,P,PONT,GAG,4D,94,17,2882,,0,1034,,G,,F,6,191,,,16R205,,,,,,0,0,000000000,00000000000,0,0,0,1,0,0,0,0,0,0,0,25,0,0,0,12,12,6,9,30,0,0,0,1,39,45888,1,1,0,0,2,0,70,134,2,3,0,0,2,6,2009,11,2010,0,83,0,0,0,1,2,25,1,1,2,1,0,0,1,87,6,1,4,8,1,0
39,390202,1,2,1,6,4,12,47,12,11,1,0,39,1,53,705,53705,80,2007,JS1GN7DA2721,J,S,1,G,N,7,D,A,2,7,2,1,0,M,SUZI,G60,RC,7,17,,,,,,,599,,4,,4,354,,,,,,,0,0,000000000,00000000000,0,0,0,1,0,0,0,0,0,0,0,75,0,0,0,9,3,6,2,12,0,0,0,1,39,45505,6,1,0,0,3,0,68,135,1,0,0,3,5,4,2008,12,2010,1,36,0,0,0,1,2,45,1,1,2,1,0,0,6,6,3,2,1,73,1,0
39,390202,2,2,1,6,4,12,47,12,11,1,0,39,3,84,881,84881,66,1999,2HSFRAER1XC0,2,H,S,F,R,A,E,R,1,X,C,0,1,T,INTL,910,TR,99,17,,8,2220,1580,910,D,,,6,855,,,,,00000,00,,64,1,57,273301,57273301,3,6,1,1,0,0,0,0,0,0,0,20,0,0,0,14,14,2,9,12,0,0,0,1,39,43207,6,1,6,0,3,0,68,175,0,0,0,0,1,11,2009,11,2009,0,0,0,0,0,1,2,45,1,1,2,1,0,0,11,15,1,1,1,72,0,0
39,390203,1,2,4,18,4,22,40,12,6,1,0,39,2,20,441,20441,20,1997,1GNDM19W1VB1,1,G,N,D,M,1,9,W,1,V,B,1,0,T,CHEV,AST,ES,97,17,,1,0,1110,AST,G,,,6,262,,,,B,4198,00,,42,0,0,000000000,00000000000,0,0,0,1,0,0,0,0,0,0,0,998,0,1,5,5,5,6,2,1,0,0,0,1,39,43123,1,1,0,0,2,0,72,350,0,3,0,1,1,8,2009,9,2010,0,38,0,0,0,3,4,60,1,1,2,1,20,3,10,16,1,1,1,78,1,0
39,390203,2,2,1,18,4,22,40,12,6,1,0,39,2,49,33,49033,2,1993,JT2AT86FXP01,J,T,2,A,T,8,6,F,X,P,0,1,0,P,TOYT,CSF,CP,93,17,2646,,0,994,,G,,F,4,097,,,13R165,,,,,,0,0,000000000,00000000000,0,0,0,1,0,0,0,0,0,0,0,65,0,0,0,12,12,6,2,12,0,0,0,1,39,43138,6,1,0,0,3,0,72,168,0,0,0,1,0,11,2010,11,2010,0,26,0,0,0,3,4,60,1,1,2,1,0,0,1,51,1,1,1,79,0,0
39,390204,1,2,1,20,4,10,18,12,6,1,0,39,3,49,40,49040,4,2007,4T1BE46K77U0,4,T,1,B,E,4,6,K,7,7,U,0,0,P,TOYT,CMB,4D,7,17,3108,,0,1093,,G,,F,4,146,,,15R205,,,,,,0,0,000000000,00000000000,0,0,0,1,0,0,0,0,0,0,0,55,0,0,0,1,1,6,2,12,0,0,0,1,17,60195,6,1,0,0,3,3,66,123,0,0,0,0,1,2,2010,2,2010,0,39,0,0,0,1,2,55,1,1,2,2,20,3,1,17,1,1,1,90,0,0
39,390204,2,2,1,20,4,10,18,12,6,1,0,39,1,6,441,6441,20,2001,2C4GP44321R3,2,C,4,G,P,4,4,3,2,1,R,3,0,T,CHRY,TLX,ES,1,17,,1,0,1193,TWC,F,,,6,201,,,,,3993,00,,42,0,0,000000000,00000000000,0,0,0,1,0,0,0,0,0,0,0,998,0,1,5,11,11,6,2,12,0,0,0,1,39,43035,6,1,0,0,3,0,78,320,0,0,0,0,0,0,0,0,0,0,0,0,0,0,1,2,55,1,1,2,2,0,0,1,66,1,1,1,90,1,0
39,390205,1,1,1,22,4,17,5,9,0,1,0,39,1,23,481,23481,31,1996,1GTEC19R7TE5,1,G,T,E,C,1,9,R,7,T,E,5,0,T,GMC,SC1,PC,96,17,,2,1555,1415,SIE,G,,,8,350,,,,B,4068,02,M,42,0,0,000000000,00000000000,0,0,0,1,0,0,0,0,0,0,0,30,0,0,0,9,9,2,1,9,0,0,0,1,39,45315,6,1,0,0,3,3,66,200,0,0,0,0,0,0,0,0,0,0,0,0,0,0,1,2,35,1,2,2,2,0,0,1,83,1,1,1,13,0,0
39,390206,1,1,1,23,4,23,3,8,0,1,0,39,1,20,32,20032,4,1994,1Y1SK536XRZ0,1,Y,1,S,K,5,3,6,X,R,Z,0,0,P,GEO,GEP,4D,94,17,2348,,0,971,,G,,F,4,097,,,14R175,,,,,,0,0,000000000,00000000000,0,0,0,1,0,0,0,0,0,0,0,998,0,0,0,12,12,4,3,8,0,0,0,1,39,45150,6,1,0,0,3,3,62,116,2,0,0,0,1,2,2009,2,2011,0,0,0,0,0,1,4,35,2,5,1,2,0,0,14,80,2,1,2,13,0,0
39,390207,1,1,1,26,4,20,35,1,0,1,0,39,3,12,471,12471,30,2007,1FTYR10DX7PA,1,F,T,Y,R,1,0,D,X,7,P,A,0,T,FORD,RNG,PK,7,17,,1,1180,1120,RNG,G,,,4,140,,,,B,3012,00,U,42,0,0,000000000,00000000000,0,0,0,1,0,0,0,0,0,0,0,998,0,2,1,0,11,6,2,1,0,0,0,1,39,43031,6,1,0,0,3,0,74,170,0,0,0,0,0,0,0,0,0,0,28,58,0,0,1,2,55,1,1,2,1,0,0,1,12,7,1,6,98,1,1