STATE,ST_CASE,VEH_NO,VE_FORMS,NUMOCCS,DAY,MONTH,HOUR,MINUTE,HARM_EV,MAN_COLL,UNITTYPE,HIT_RUN,REG_STAT,OWNER,MAKE,MODEL,MAK_MOD,BODY_TYP,MOD_YEAR,VIN,VIN_1,VIN_2,VIN_3,VIN_4,VIN_5,VIN_6,VIN_7,VIN_8,VIN_9,VIN_10,VIN_11,VIN_12,TOW_VEH,VINTYPE,VINMAKE,VINA_MOD,VIN_BT,VINMODYR,VIN_LNGT,VIN_WGT,WGTCD_TR,WHLBS_LG,WHLBS_SH,SER_TR,FUELCODE,MCYCL_DS,CARBUR,CYLINDER,DISPLACE,MCYCL_CY,MCYCL_WT,TIRE_SZE,TON_RAT,TRK_WT,TRKWTVAR,VIN_REST,WHLDRWHL,J_KNIFE,MCARR_I1,MCARR_I2,MCARR_ID,GVWR,V_CONFIG,CARGO_BT,HAZ_INV,HAZ_PLAC,HAZ_ID,HAZ_CNO,HAZ_REL,BUS_USE,SPEC_USE,EMER_USE,TRAV_SP,UNDERIDE,ROLLOVER,ROLINLOC,IMPACT1,IMPACT2,DEFORMED,TOWED,M_HARM,VEH_SC1,VEH_SC2,FIRE_EXP,DR_PRES,L_STATE,DR_ZIP,L_STATUS,L_TYPE,CDL_STAT,L_ENDORS,L_COMPL,L_RESTRI,DR_HGT,DR_WGT,PREV_ACC,PREV_SUS,PREV_DWI,PREV_SPD,PREV_OTH,FIRST_MO,FIRST_YR,LAST_MO,LAST_YR,SPEEDREL,DR_SF1,DR_SF2,DR_SF3,DR_SF4,VTRAFWAY,VNUM_LAN,VSPD_LIM,VALIGN,VPROFILE,VPAVETYP,VSURCOND,VTRAFCON,VTCONT_F,P_CRASH1,P_CRASH2,P_CRASH3,PCRASH4,PCRASH5,ACC_TYPE,DEATHS,DR_DRINK
39,390208,1,2,1,28,4,17,18,12,6,1,0,39,3,12,471,12471,30,2003,999999999999,9,9,9,9,9,9,9,9,9,9,9,9,0,,,,,,,,,,,,,,,,,,,,,,,,,0,0,000000000,00000000000,0,0,0,1,0,0,0,0,0,0,0,998,1,0,0,12,11,6,2,12,0,0,0,1,39,43605,6,1,0,0,3,0,67,202,1,0,0,0,1,12,2010,2,2011,0,39,0,0,0,1,2,55,1,1,2,1,20,3,1,17,1,1,1,86,1,0
39,390208,2,2,1,28,4,17,18,12,6,1,0,95,3,82,881,82881,66,2011,999999999999,9,9,9,9,9,9,9,9,9,9,9,9,1,,,,,,,,,,,,,,,,,,,,,,,,,1,57,00487059,5700487059,3,6,1,1,0,0,0,0,0,0,0,45,0,0,0,3,3,6,2,12,0,0,0,1,95,0,9,9,99,9,9,9,999,999,99,99,99,99,99,99,9999,99,9999,0,0,0,0,0,1,2,55,1,1,2,1,0,0,1,66,1,1,1,87,0,0
39,390209,1,1,2,26,3,0,50,59,0,1,0,39,2,13,12,13012,4,2000,1LNHM87A2YY8,1,L,N,H,M,8,7,A,2,Y,Y,8,0,P,LINC,LLS,4D,0,17,3692,,0,1145,,G,,F,8,240,,,16R215,,,,,,0,0,000000000,00000000000,0,0,0,1,0,0,0,0,0,0,0,80,0,0,0,98,98,6,2,59,0,0,0,1,39,45406,1,1,0,0,2,0,71,185,0,3,0,0,2,5,2009,2,2010,1,0,0,0,0,6,1,55,1,2,2,1,0,0,1,6,2,1,5,1,1,1
39,390210,1,1,1,3,4,18,16,33,0,1,0,39,1,76,706,76706,80,2008,JYAVP04EX8A0,J,Y,A,V,P,0,4,E,X,8,A,0,0,M,YAMA,ZTF,RS,8,17,,,,,,,1294,,4,,4,807,,,,,,,0,0,000000000,00000000000,0,0,0,1,0,0,0,0,0,0,0,35,0,0,0,3,98,6,2,52,0,0,0,1,39,43113,6,1,0,0,3,0,73,218,0,0,0,0,0,0,0,0,0,0,36,80,0,0,1,2,35,1,1,2,1,0,0,1,1,1,2,4,7,1,0
39,390211,1,2,8,10,4,16,35,12,6,1,0,39,1,7,482,7482,31,1998,3B7HF13Y5WG1,3,B,7,H,F,1,3,Y,5,W,G,1,0,T,DODG,Q15,4C,98,17,,2,1547,1387,RPC,G,,,8,318,,,,B,4973,02,U,44,0,0,000000000,00000000000,0,0,0,1,0,0,0,0,0,0,0,998,0,1,5,10,10,6,2,12,0,0,0,1,39,45002,1,1,0,0,2,0,72,130,1,0,0,2,1,4,2008,3,2011,0,91,0,0,0,1,2,35,1,2,2,1,0,0,1,10,1,1,2,64,0,0
39,390211,2,2,1,10,4,16,35,12,6,1,0,39,1,76,706,76706,80,2005,JYAVP11EX5A0,J,Y,A,V,P,1,1,E,X,5,A,0,0,M,YAMA,XVA,RS,5,17,,,,,,,1063,,2,,4,571,,,,,,,0,0,000000000,00000000000,0,0,0,1,0,0,0,0,0,0,0,998,0,0,0,12,12,6,2,12,0,0,0,1,39,45218,6,1,0,0,3,0,74,220,0,0,0,0,0,0,0,0,0,0,0,0,0,0,1,2,35,1,2,2,1,0,0,1,62,7,1,1,65,1,0
39,390212,1,1,1,16,4,1,4,8,0,1,0,39,1,7,41,7041,4,1994,1B3HD46T2RF2,1,B,3,H,D,4,6,T,2,R,F,2,0,P,DODG,INT,4D,94,17,3181,,0,1130,,G,,F,6,201,,,15R205,,,,,,0,0,000000000,00000000000,0,0,0,1,0,0,0,0,0,0,0,35,0,0,0,14,14,9,1,8,0,0,0,1,39,44011,6,1,0,0,3,0,68,142,0,0,0,1,0,1,2010,1,2010,0,0,0,0,0,1,2,35,1,1,2,1,0,0,1,80,1,1,1,13,0,0
39,390213,1,1,1,14,4,14,34,8,0,1,0,39,1,12,17,12017,4,2005,1FAFP53U25A1,1,F,A,F,P,5,3,U,2,5,A,1,0,P,FORD,TSE,4D,5,17,3306,,0,1085,,G,,F,6,182,,,16R215,,,,,,0,0,000000000,00000000000,0,0,0,1,0,0,0,0,0,0,0,35,0,0,0,3,3,4,9,8,0,0,0,1,39,45238,6,1,0,0,3,0,64,175,0,0,0,0,0,0,0,0,0,0,0,0,0,0,1,4,35,1,1,1,1,0,0,1,80,1,1,1,13,0,0
39,390214,1,2,1,24,4,17,20,12,6,1,0,39,1,18,2,18002,6,1987,1G4BR81Y6HX4,1,G,4,B,R,8,1,Y,6,H,X,4,0,P,BUIC,EST,SW,87,17,4160,,0,1159,,G,,4,8,307,,,15R225,,,,,,0,0,000000000,00000000000,0,0,0,1,0,0,0,0,0,0,0,45,0,0,0,12,12,6,2,12,0,0,0,1,39,43207,6,1,0,0,3,3,71,245,0,0,0,0,0,0,0,0,0,0,39,0,0,0,2,4,55,1,1,2,1,3,3,1,17,1,1,1,86,0,0
39,390214,2,2,4,24,4,17,20,12,6,1,0,39,1,2,404,2404,14,1991,1J4FJ78S6ML5,1,J,4,F,J,7,8,S,6,M,L,5,0,T,JEEP,LIM,4W,91,17,,1,0,1014,CHK,G,,,6,242,,,,,2950,01,A,44,0,0,000000000,00000000000,0,0,0,1,0,0,0,0,0,0,0,24,0,1,1,3,3,6,2,12,0,0,0,1,39,43140,6,1,0,0,3,0,78,275,0,0,0,1,0,11,2010,11,2010,0,0,0,0,0,2,4,55,1,1,2,1,3,3,1,66,1,1,1,87,4,0
39,390215,1,1,2,26,4,12,1,30,0,1,0,39,2,63,441,63441,20,2005,KNDUP1311566,K,N,D,U,P,1,3,1,1,5,6,6,0,P,KIA,SED,SV,5,17,4802,,0,1145,,G,,F,6,213,,,15R215,,,,,,0,0,000000000,00000000000,0,0,0,1,0,0,0,0,0,0,0,35,0,0,0,12,12,6,2,30,0,0,0,1,39,44437,6,1,0,0,3,0,71,178,0,0,0,0,0,0,0,0,0,0,28,0,0,0,1,2,35,1,2,2,1,3,3,1,13,1,1,4,1,1,0
39,390216,1,2,1,30,4,1,1,12,1,1,1,39,2,12,471,12471,30,2001,1FTYR14UX1PB,1,F,T,Y,R,1,4,U,X,1,P,B,0,T,FORD,RNS,PC,1,17,,1,0,1257,RNG,G,,,6,182,,,,B,3271,00,U,42,0,0,000000000,00000000000,0,0,0,1,0,0,0,0,0,0,0,60,0,0,0,12,12,6,9,12,0,0,0,1,39,45342,6,1,0,0,3,0,73,172,2,0,0,2,2,3,2009,9,2010,0,26,0,0,0,1,4,35,1,1,2,1,3,3,1,17,1,1,1,20,0,0
39,390216,2,2,1,30,4,1,1,12,1,1,0,39,1,2,404,2404,14,2000,1J4FF48S1YL1,1,J,4,F,F,4,8,S,1,Y,L,1,0,T,JEEP,SPT,4W,0,17,,1,0,1014,CHK,G,,,6,244,,,,,3247,00,E,44,0,0,000000000,00000000000,0,0,0,1,0,0,0,0,0,0,0,0,0,0,0,6,6,6,2,12,0,0,0,1,39,45420,6,1,0,0,3,0,72,175,0,0,0,0,0,0,0,0,0,0,0,0,0,0,1,4,35,1,1,2,1,3,3,5,53,1,1,1,21,1,0
39,390217,1,2,1,1,5,19,1,12,2,1,0,39,1,73,706,73706,80,1996,JKBVNAC15TA0,J,K,B,V,N,A,C,1,5,T,A,0,0,M,KAWK,V5C,RS,96,17,,,,,,,1500,,2,,4,600,,,,,,,0,0,000000000,00000000000,0,0,0,1,0,0,0,0,0,0,0,998,0,0,0,12,12,6,2,12,0,0,0,1,39,44090,6,1,0,0,3,0,70,185,0,2,0,1,1,8,2008,5,2009,0,0,0,0,0,1,2,55,1,1,2,2,0,0,1,62,1,1,1,51,1,1
39,390217,2,2,2,1,5,19,1,12,2,1,0,39,1,18,7,18007,4,1998,2G4WS52M8W15,2,G,4,W,S,5,2,M,8,W,1,5,0,P,BUIC,CCU,4D,98,17,3255,,0,1090,,G,,F,6,191,,,15R205,,,,,,0,0,000000000,00000000000,0,0,0,1,0,0,0,0,0,0,0,998,0,0,0,12,12,6,2,12,0,0,0,1,39,44090,6,1,0,0,3,3,63,150,0,0,0,1,0,6,2008,6,2008,0,28,0,0,0,1,2,55,1,1,2,2,0,0,1,10,1,1,2,50,0,0
39,390218,1,1,2,1,5,13,40,30,0,1,0,39,2,20,443,20443,20,2000,1GNDU03EXYD3,1,G,N,D,U,0,3,E,X,Y,D,3,0,P,CHEV,VTR,SV,0,17,3699,,0,1120,,G,,F,6,207,,,15R215,,,,,,0,0,000000000,00000000000,0,0,0,1,0,0,0,0,0,0,0,50,0,0,0,11,9,6,2,30,0,0,0,1,39,45331,6,1,0,0,3,0,68,111,2,0,0,0,2,9,2009,10,2010,0,99,99,99,99,1,2,55,1,1,2,2,0,0,1,12,1,1,4,6,1,0
39,390219,1,1,1,2,5,8,5,42,0,1,0,39,2,12,401,12401,14,1998,1FMZU34E1WZB,1,F,M,Z,U,3,4,E,1,W,Z,B,0,P,FORD,EPR,UT,98,17,4146,,0,1115,,G,,F,6,245,,,15R225,,,,,,0,0,000000000,00000000000,0,0,0,1,0,0,0,0,0,0,0,998,0,0,0,3,3,6,2,42,0,0,0,1,39,45701,1,1,0,0,2,0,63,160,0,0,0,0,0,0,0,0,0,1,0,0,0,0,1,2,45,2,1,2,2,0,0,14,6,1,4,4,7,1,0
39,390220,1,1,2,4,5,0,20,8,0,1,0,39,2,20,32,20032,4,1997,1Y1SK5264VZ4,1,Y,1,S,K,5,2,6,4,V,Z,4,0,P,GEO,GEP,4D,97,17,2360,,0,971,,G,,F,4,097,,,14R175,,,,,,0,0,000000000,00000000000,0,0,0,1,0,0,0,0,0,0,0,45,0,0,0,12,12,4,1,8,0,0,0,1,39,43940,6,1,0,0,3,0,69,180,0,0,0,0,1,10,2010,10,2010,0,0,0,0,0,1,2,45,3,2,2,2,0,0,14,80,1,1,1,13,0,0
39,390221,1,1,1,5,5,1,37,24,0,1,0,39,1,76,706,76706,80,2005,JYARN13E15A0,J,Y,A,R,N,1,3,E,1,5,A,0,0,M,YAMA,YFR,RC,5,17,,,,,,,998,,4,,4,379,,,,,,,0,0,000000000,00000000000,0,0,0,1,0,0,0,0,0,0,0,999,0,0,0,12,13,6,9,24,0,0,0,1,39,43004,6,1,0,0,3,0,75,175,0,0,0,1,2,1,2009,4,2011,0,28,0,0,0,6,1,35,2,1,2,1,0,0,14,12,1,1,4,6,1,1
39,390222,1,2,1,6,5,19,53,12,6,1,0,39,1,58,37,58037,2,2008,JNKCV64E48M1,J,N,K,C,V,6,4,E,4,8,M,1,0,P,INFI,G3S,CP,8,17,3616,,0,1122,,G,,F,6,226,,,18R225,,,,,,0,0,000000000,00000000000,0,0,0,1,0,0,0,0,0,0,0,998,0,0,0,3,3,6,2,12,0,0,0,1,39,44256,6,1,0,0,3,0,70,150,2,0,0,1,2,1,2010,9,2010,1,0,0,0,0,1,4,55,1,1,2,2,0,0,1,10,1,1,2,66,1,1
39,390222,2,2,8,6,5,19,53,12,6,1,0,39,1,23,421,23421,15,2007,1GKFK66827J3,1,G,K,F,K,6,6,8,2,7,J,3,0,T,GMC,DXL,4W,7,17,,2,0,1300,YUK,G,,,8,378,,,,B,5914,00,S,44,0,0,000000000,00000000000,0,0,0,1,0,0,0,0,0,0,0,998,0,0,0,12,12,6,2,12,0,0,0,1,39,44333,6,1,0,0,3,0,67,115,0,0,0,1,0,9,2010,9,2010,0,0,0,0,0,1,4,55,1,1,2,2,0,0,1,62,1,1,1,66,1,1
39,390223,1,1,1,6,4,20,27,8,0,1,0,39,1,6,43,6043,1,2010,1C3BC5ED6AN1,1,C,3,B,C,5,E,D,6,A,N,1,0,P,CHRY,STO,CV,10,17,3847,,0,1089,,G,,F,6,165,,,17R215,,,,,,0,0,000000000,00000000000,0,0,0,1,0,0,0,0,0,0,0,20,0,0,0,11,11,4,1,8,0,0,0,1,39,44641,6,1,0,0,3,3,67,126,0,0,0,0,1,7,2010,7,2010,0,0,0,0,0,1,2,35,1,1,2,1,0,0,1,80,1,1,1,13,0,0
39,390224,1,1,1,16,4,14,5,42,0,1,0,39,1,18,2,18002,4,2003,1G4HP52K33U2,1,G,4,H,P,5,2,K,3,3,U,2,0,P,BUIC,LCF,4D,3,17,3567,,0,1122,,G,,F,6,231,,,15R215,,,,,,0,0,000000000,00000000000,0,0,0,1,0,0,0,0,0,0,0,80,0,0,0,10,98,6,2,42,0,0,0,1,39,44691,6,1,0,0,3,3,65,110,0,0,0,0,0,0,0,0,0,1,36,0,0,0,1,2,55,2,2,2,2,0,0,6,6,1,2,4,2,1,0
39,390225,1,1,3,17,4,15,21,42,0,1,0,39,2,49,40,49040,4,2000,4T1BG22K2YU6,4,T,1,B,G,2,2,K,2,Y,U,6,0,P,TOYT,UEX,4D,0,17,2998,,0,1051,,G,,F,4,132,,,14R195,,,,,,0,0,000000000,00000000000,0,0,0,1,0,0,0,0,0,0,0,55,0,0,0,9,9,6,2,42,0,0,0,1,39,44023,6,1,0,0,3,0,73,205,0,0,0,0,0,0,0,0,0,0,0,0,0,0,1,2,55,1,2,2,1,0,0,1,12,1,1,4,6,1,0
39,390226,1,3,1,19,4,16,5,12,1,1,0,17,3,51,884,51884,66,1999,4VG7DAJJ3XN7,4,V,G,7,D,A,J,J,3,X,N,7,1,T,VOLV,VVN,TR,99,17,,8,0,0,VVN,D,,,6,855,,,,,00000,00,,64,1,57,1871305,571871305,3,6,1,1,0,0,0,0,0,0,0,998,0,0,0,12,12,6,2,12,0,0,0,1,17,60641,6,1,6,0,3,3,73,300,0,0,0,0,1,9,2008,9,2008,0,26,0,0,0,2,4,65,1,1,2,2,0,0,1,18,1,1,1,20,1,0
39,390226,2,3,1,19,4,16,5,12,1,1,0,40,3,82,884,82884,66,2006,1FUJBBCK46LU,1,F,U,J,B,B,C,K,4,6,L,U,1,T,FRHT,ST2,TR,6,17,,8,0,0,CON,D,,,6,855,,,,,00000,00,,64,1,57,080806,57080806,3,6,1,1,0,0,0,0,0,0,0,0,0,0,0,6,6,6,2,12,0,0,0,1,47,37323,6,1,6,0,3,0,64,230,0,0,0,0,0,0,0,0,0,0,0,0,0,0,2,4,65,1,1,2,2,0,0,5,18,1,1,1,21,0,0
39,390226,3,3,1,19,4,16,5,12,1,1,0,29,1,82,884,82884,66,2001,1FUJBBCG21LH,1,F,U,J,B,B,C,G,2,1,L,H,1,T,FRHT,ST2,TR,1,17,,8,0,0,CON,D,,,6,774,,,,,00000,00,,64,1,57,1837063,571837063,3,6,1,1,0,0,0,0,0,0,0,0,0,0,0,12,6,2,1,12,0,0,0,1,29,63129,6,1,6,0,3,0,76,250,0,0,0,0,0,0,0,0,0,0,0,0,0,0,2,4,65,1,1,2,2,0,0,5,18,1,1,1,98,0,0
39,390227,1,2,1,21,4,21,55,12,2,1,0,39,1,20,481,20481,31,2004,1GCEC14X04Z1,1,G,C,E,C,1,4,X,0,4,Z,1,0,T,CHEV,SC1,PK,4,17,,2,1330,1190,SIL,G,,,6,262,,,,B,4142,00,,42,0,0,000000000,00000000000,0,0,0,1,0,0,0,0,0,0,0,998,0,0,0,12,12,6,2,12,0,0,0,1,39,45042,6,1,0,0,3,0,72,220,1,0,0,0,0,6,2010,6,2010,0,0,0,0,0,1,2,45,1,1,2,1,0,0,1,10,1,1,2,50,0,1
39,390227,2,2,1,21,4,21,55,12,2,1,0,39,2,22,2,22002,4,2002,1G2HY54K8241,1,G,2,H,Y,5,4,K,8,2,4,1,0,P,PONT,BSL,4D,2,17,3678,,0,1122,,G,,F,6,231,,,17R235,,,,,,0,0,000000000,00000000000,0,0,0,1,0,0,0,0,0,0,0,998,0,0,0,12,12,6,2,12,0,0,0,1,39,45064,6,1,0,0,3,0,71,280,1,0,0,1,0,12,2008,11,2009,0,0,0,0,0,1,2,45,1,1,2,1,0,0,1,62,1,1,1,51,1,1
39,390228,1,2,1,5,4,14,41,12,6,1,0,39,1,22,441,22441,20,1999,1GMDX03E2XD1,1,G,M,D,X,0,3,E,2,X,D,1,0,T,PONT,M/T,ES,99,17,,1,0,1200,M/T,G,,,6,207,,,,B,3942,00,K,42,0,0,000000000,00000000000,0,0,0,1,0,0,0,0,0,0,0,55,0,1,5,9,98,6,2,12,0,0,0,1,39,44830,6,1,0,0,3,0,66,175,0,0,0,0,0,0,0,0,0,0,0,0,0,0,1,2,55,1,1,2,1,0,0,1,17,1,1,1,89,1,1
39,390228,2,2,1,5,4,14,41,12,6,1,0,39,1,20,399,20399,4,2006,1G1AK55F2678,1,G,1,A,K,5,5,F,2,6,7,8,0,P,CHEV,BLS,4D,6,17,3216,,0,1033,,G,,F,4,134,,,15R195,,,,,,0,0,000000000,00000000000,0,0,0,1,0,0,0,0,0,0,0,10,0,0,0,12,12,6,2,12,0,0,0,1,39,44830,6,1,0,0,3,0,61,265,0,0,0,0,0,0,0,0,0,0,38,0,0,0,1,2,55,1,1,2,1,20,3,1,17,1,1,1,88,0,0
39,390229,1,1,2,23,4,23,6,30,0,1,0,39,2,2,404,2404,14,1997,1J4GZ78S0VC6,1,J,4,G,Z,7,8,S,0,V,C,6,0,T,JEEP,L/O,4W,97,17,,1,0,1059,GCK,G,,,6,242,,,,,3700,02,E,44,0,0,000000000,00000000000,0,0,0,1,0,0,0,0,0,0,0,998,0,1,6,9,98,6,2,1,0,0,0,1,39,44646,1,1,0,0,2,0,71,235,0,3,0,0,2,9,2008,9,2010,0,36,0,0,0,1,2,35,1,1,2,1,0,0,1,12,2,2,4,7,1,1
39,390230,1,2,1,25,4,21,13,12,1,1,0,39,2,20,16,20016,2,1993,1G1JF14T4P71,1,G,1,J,F,1,4,T,4,P,7,1,0,P,CHEV,CZ2,CP,93,17,2695,,0,1013,,G,,F,6,191,,,15R205,,,,,,0,0,000000000,00000000000,0,0,0,1,0,0,0,0,0,0,0,0,0,0,0,6,6,6,2,12,0,0,0,1,39,43205,1,1,0,0,2,0,61,120,0,4,0,0,3,11,2008,7,2010,0,54,0,0,0,3,4,55,1,1,2,1,0,0,5,18,1,1,1,21,1,0
39,390230,2,2,1,25,4,21,13,12,1,1,0,39,2,37,402,37402,14,1998,JHLRD1860WC1,J,H,L,R,D,1,8,6,0,W,C,1,0,P,HOND,CRV,UT,98,17,3155,,0,1032,,G,,F,4,120,,,15R205,,,,,,0,0,000000000,00000000000,0,0,0,1,0,0,0,0,0,0,0,55,0,0,0,12,12,6,2,12,0,0,0,1,39,43209,1,1,0,0,2,0,63,140,1,2,0,2,0,12,2008,4,2010,0,99,99,99,99,3,4,55,1,1,2,1,0,0,1,18,1,1,1,20,0,0
39,390231,1,1,1,26,4,23,0,53,0,1,0,39,1,23,471,23471,30,1999,1GTCS1441XK5,1,G,T,C,S,1,4,4,1,X,K,5,0,T,GMC,SON,PK,99,17,,1,1179,1083,SON,G,,,4,133,,,,B,00000,00,U,42,0,0,000000000,00000000000,0,0,0,1,0,0,0,0,0,0,0,998,0,1,4,2,98,6,2,1,0,0,0,1,39,45623,6,1,0,0,3,0,71,130,0,0,0,0,0,0,0,0,0,1,0,0,0,0,1,2,55,3,1,2,1,0,0,14,13,1,1,4,1,1,1
39,390232,1,2,1,28,4,21,25,12,1,1,0,12,1,82,881,82881,66,1998,1FUYSSEB6WL9,1,F,U,Y,S,S,E,B,6,W,L,9,1,T,FRHT,FC2,TR,98,17,,8,0,0,CON,D,,,6,774,,,,,00000,00,,64,1,57,1949137,571949137,3,6,1,1,0,0,0,0,0,0,0,55,0,0,0,6,12,6,2,12,0,0,0,1,12,33463,6,1,6,1,3,3,69,999,0,0,0,1,0,3,2009,3,2009,1,0,0,0,0,2,4,65,1,2,2,1,0,0,2,18,1,1,1,29,0,0
39,390232,2,2,1,28,4,21,25,12,1,1,0,39,3,84,881,84881,66,2005,1HSHXAHRX5J1,1,H,S,H,X,A,H,R,X,5,J,1,1,T,INTL,860,TR,5,17,,8,0,0,80S,D,,,6,661,,,,,00000,00,,64,1,57,774374,57774374,3,6,1,1,0,0,0,0,0,0,0,66,0,0,0,12,6,6,2,12,0,0,0,1,26,48101,6,1,6,1,3,0,72,275,0,0,0,0,0,0,0,0,0,1,26,0,0,0,2,4,65,1,2,2,1,0,0,1,18,2,2,1,28,1,0
39,390233,1,2,1,21,2,18,36,12,6,1,0,39,2,20,481,20481,31,2004,1GCEK19T64E1,1,G,C,E,K,1,9,T,6,4,E,1,0,T,CHEV,SK1,4C,4,17,,2,1575,1435,SIL,G,,,8,325,,,,B,4925,00,,44,0,0,000000000,00000000000,0,0,0,1,0,0,0,0,0,0,0,35,0,0,0,12,12,6,2,12,0,0,0,1,39,44883,6,1,0,0,3,0,72,275,1,0,0,0,0,3,2008,3,2008,0,0,0,0,0,1,2,55,1,1,2,3,0,0,1,62,1,1,1,66,0,0
39,390233,2,2,2,21,2,18,36,12,6,1,0,39,2,20,402,20402,14,2002,2CNBJ18C4269,2,C,N,B,J,1,8,C,4,2,6,9,0,P,CHEV,TKR,UT,2,17,2811,,0,866,,G,,F,4,122,,,15R205,,,,,,0,0,000000000,00000000000,0,0,0,1,0,0,0,0,0,0,0,45,0,0,0,3,3,6,2,12,0,0,0,1,39,44077,6,1,0,0,3,0,68,200,0,0,0,0,0,0,0,0,0,0,28,87,0,0,1,2,55,1,1,2,3,0,0,6,10,7,1,2,66,1,0
39,390234,1,1,1,26,3,0,35,8,0,1,0,39,1,20,481,20481,31,1999,1GCEK19M8XR1,1,G,C,E,K,1,9,M,8,X,R,1,0,T,CHEV,GK1,3C,99,17,,2,0,1415,GM4,G,,,8,305,,,,B,4621,00,,44,0,0,000000000,00000000000,0,0,0,1,0,0,0,0,0,0,0,15,0,0,0,1,1,2,3,8,0,0,0,1,39,44312,6,1,0,0,3,0,73,165,0,0,0,0,2,10,2009,9,2010,0,38,0,0,0,1,4,25,1,1,2,1,4,3,11,80,1,1,1,13,0,1
39,390235,1,2,1,29,3,12,48,12,6,1,0,39,3,84,881,84881,66,1995,2HSFHAMR9SC0,2,H,S,F,H,A,M,R,9,S,C,0,1,T,INTL,940,TR,95,17,,8,2340,1600,90S,D,,,6,774,,,,,00000,00,,64,1,57,523022,57523022,3,6,1,1,0,0,0,0,0,0,0,45,0,0,0,12,12,6,2,12,0,0,0,1,39,44470,6,1,6,0,3,3,69,185,0,0,0,0,0,0,0,0,0,0,0,0,0,0,1,2,55,1,1,2,1,0,0,1,62,7,1,1,69,0,0
39,390235,2,2,2,29,3,12,48,12,6,1,0,39,1,20,2,20002,4,2006,2G1WB58K1694,2,G,1,W,B,5,8,K,1,6,9,4,0,P,CHEV,IPL,4D,6,17,3477,,0,1105,,F,,F,6,214,,,16R225,,,,,,0,0,000000000,00000000000,0,0,0,1,0,0,0,0,0,0,0,998,0,0,0,1,12,6,2,12,0,0,0,1,39,44085,6,1,0,0,3,3,66,200,0,0,0,0,1,11,2010,11,2010,0,48,0,0,0,1,2,55,1,1,2,1,0,0,11,15,1,1,1,68,1,0
39,390236,1,1,1,6,5,17,30,18,0,1,0,39,2,76,734,76734,90,2006,JY4AH12Y06C0,J,Y,4,A,H,1,2,Y,0,6,C,0,0,M,YAMA,YF3,AT,6,17,,,,,,,348,,1,,4,999,,,,,,,0,0,000000000,00000000000,0,0,0,1,0,0,0,0,0,0,0,45,0,0,0,1,1,6,2,42,0,0,0,1,39,45859,3,7,0,0,2,0,65,130,0,0,0,0,0,0,0,0,0,1,36,0,0,0,1,2,25,3,1,2,2,0,0,14,13,1,1,4,1,1,0
39,390237,1,1,1,10,5,2,0,34,0,1,0,39,5,19,3,19003,4,2001,1G6KD54Y61U2,1,G,6,K,D,5,4,Y,6,1,U,2,0,P,CADI,DFW,4D,1,17,3978,,0,1138,,G,,F,8,279,,,16R225,,,,,,0,0,000000000,00000000000,0,0,0,1,0,0,0,0,0,0,0,115,0,0,0,12,12,6,2,8,0,0,0,1,39,45410,1,1,0,0,2,0,66,205,0,1,0,0,0,12,2008,12,2008,1,36,0,0,0,1,2,55,1,1,2,1,0,0,1,6,1,1,4,1,0,0
39,390238,1,2,2,11,5,22,15,12,6,1,0,39,1,72,706,72706,80,2008,1HD1JM5498Y0,1,H,D,1,J,M,5,4,9,8,Y,0,0,M,HD,LTB,RS,8,17,,,,,,,1584,,2,,4,737,,,,,,,0,0,000000000,00000000000,0,0,0,1,0,0,0,0,0,0,0,35,0,0,0,12,3,4,3,1,0,0,0,1,39,44484,6,1,6,0,3,0,69,175,0,0,0,0,1,9,2008,9,2008,0,0,0,0,0,1,2,45,1,1,2,1,0,0,1,67,1,1,1,73,1,0
39,390238,2,2,2,11,5,22,15,12,6,1,0,39,1,21,1,21001,4,1986,1G3GR69A9GR3,1,G,3,G,R,6,9,A,9,G,R,3,0,P,OLDS,CSU,4D,86,17,3132,,0,1081,,G,,2,6,231,,,14R195,,,,,,0,0,000000000,00000000000,0,0,0,1,0,0,0,0,0,0,0,5,0,0,0,7,7,2,1,12,0,0,0,1,39,44483,6,1,0,0,3,0,74,145,0,1,0,0,1,12,2010,1,2011,0,38,0,0,0,1,2,45,1,1,2,1,20,3,11,15,1,1,1,72,0,0
39,390239,1,1,1,11,5,11,23,42,0,1,0,39,1,34,706,34706,80,2010,WB1051705AZV,W,B,1,0,5,1,7,0,5,A,Z,V,0,M,BMW,S10,RC,10,17,,,,,,,999,,4,,4,403,,,,,,,0,0,000000000,00000000000,0,0,0,1,0,0,0,0,0,0,0,998,0,0,0,3,1,6,2,42,0,0,0,1,39,43130,6,1,0,0,3,0,77,260,1,0,0,0,0,11,2009,11,2009,1,0,0,0,0,1,2,55,2,1,2,1,0,0,14,12,1,1,4,6,1,0
39,390241,1,2,1,12,5,10,45,24,0,1,0,39,3,84,881,84881,66,2005,3HSCNAPR05N0,3,H,S,C,N,A,P,R,0,5,N,0,1,T,INTL,94I,TR,5,17,,8,0,0,940,D,,,6,915,,,,,00000,00,,64,1,57,00122443,5700122443,3,6,3,1,0,0,0,0,0,0,0,65,0,0,0,11,13,6,2,2,0,0,1,1,39,44485,6,1,6,0,3,3,66,225,1,0,0,1,0,11,2008,4,2009,0,28,0,0,0,2,2,65,1,2,2,1,0,0,1,12,1,1,4,6,1,0