STATE,ST_CASE,VEH_NO,VE_FORMS,NUMOCCS,DAY,MONTH,HOUR,MINUTE,HARM_EV,MAN_COLL,UNITTYPE,HIT_RUN,REG_STAT,OWNER,MAKE,MODEL,MAK_MOD,BODY_TYP,MOD_YEAR,VIN,VIN_1,VIN_2,VIN_3,VIN_4,VIN_5,VIN_6,VIN_7,VIN_8,VIN_9,VIN_10,VIN_11,VIN_12,TOW_VEH,VINTYPE,VINMAKE,VINA_MOD,VIN_BT,VINMODYR,VIN_LNGT,VIN_WGT,WGTCD_TR,WHLBS_LG,WHLBS_SH,SER_TR,FUELCODE,MCYCL_DS,CARBUR,CYLINDER,DISPLACE,MCYCL_CY,MCYCL_WT,TIRE_SZE,TON_RAT,TRK_WT,TRKWTVAR,VIN_REST,WHLDRWHL,J_KNIFE,MCARR_I1,MCARR_I2,MCARR_ID,GVWR,V_CONFIG,CARGO_BT,HAZ_INV,HAZ_PLAC,HAZ_ID,HAZ_CNO,HAZ_REL,BUS_USE,SPEC_USE,EMER_USE,TRAV_SP,UNDERIDE,ROLLOVER,ROLINLOC,IMPACT1,IMPACT2,DEFORMED,TOWED,M_HARM,VEH_SC1,VEH_SC2,FIRE_EXP,DR_PRES,L_STATE,DR_ZIP,L_STATUS,L_TYPE,CDL_STAT,L_ENDORS,L_COMPL,L_RESTRI,DR_HGT,DR_WGT,PREV_ACC,PREV_SUS,PREV_DWI,PREV_SPD,PREV_OTH,FIRST_MO,FIRST_YR,LAST_MO,LAST_YR,SPEEDREL,DR_SF1,DR_SF2,DR_SF3,DR_SF4,VTRAFWAY,VNUM_LAN,VSPD_LIM,VALIGN,VPROFILE,VPAVETYP,VSURCOND,VTRAFCON,VTCONT_F,P_CRASH1,P_CRASH2,P_CRASH3,PCRASH4,PCRASH5,ACC_TYPE,DEATHS,DR_DRINK
39,390341,1,1,2,13,6,14,22,9,0,1,0,39,1,39,34,39034,4,2002,SAJDA01P12GM,S,A,J,D,A,0,1,P,1,2,G,M,0,P,JAGU,STP,4D,2,17,3903,,0,1145,,G,,F,8,244,,,000000,,,,,,0,0,000000000,00000000000,0,0,0,1,0,0,0,0,0,0,0,25,0,0,0,1,1,4,9,9,0,0,0,1,39,44485,6,1,0,0,3,0,65,140,0,0,0,0,0,0,0,0,0,0,0,0,0,0,1,4,25,1,2,2,1,0,0,1,83,1,1,1,13,0,0
39,390342,1,5,1,14,6,7,55,12,2,1,0,39,2,9,442,9442,20,1998,2P4FP25B3WR6,2,P,4,F,P,2,5,B,3,W,R,6,0,P,PLYM,VOF,SV,98,17,3428,,0,1133,,G,,F,4,148,,,14R205,,,,,,0,0,000000000,00000000000,0,0,0,1,0,0,0,0,0,0,0,998,0,1,5,12,12,6,2,12,0,0,0,1,39,44857,6,1,0,0,3,0,68,161,0,0,0,1,0,6,2011,6,2011,0,28,0,0,0,1,2,55,2,1,2,1,0,0,14,10,1,1,2,50,1,0
39,390342,2,5,1,14,6,7,55,12,2,1,0,31,3,84,881,84881,66,2009,3HSCTAPR49N1,3,H,S,C,T,A,P,R,4,9,N,1,1,T,INTL,PRO,TR,9,17,,8,0,0,PRO,D,,,6,915,,,,,00000,00,,64,1,57,238700,57238700,3,6,1,1,0,0,0,0,0,0,0,60,0,0,0,12,13,6,2,2,0,0,1,1,39,45871,6,1,6,0,3,3,70,260,0,0,0,0,2,7,2008,2,2011,0,0,0,0,0,1,2,55,3,1,2,1,0,0,14,62,1,1,1,51,0,0
39,390342,3,5,1,14,6,7,55,12,2,1,0,39,1,30,47,30047,3,2000,3VWCA21C6YM4,3,V,W,C,A,2,1,C,6,Y,M,4,0,P,VOLK,NGS,2H,0,17,2742,,0,989,,G,,F,4,121,,,16R205,,,,,,0,0,000000000,00000000000,0,0,0,1,0,0,0,0,0,0,0,55,0,0,0,12,12,6,9,12,0,0,0,1,39,44826,6,1,0,0,3,0,66,135,0,0,0,0,1,10,2009,10,2009,0,0,0,0,0,1,2,55,2,1,2,1,0,0,14,62,1,1,1,98,0,0
39,390342,4,5,1,14,6,7,55,12,2,1,0,39,2,12,23,12023,4,2010,3FAHP0HA8AR4,3,F,A,H,P,0,H,A,8,A,R,4,0,P,FORD,F/E,4D,10,17,3285,,0,1074,,G,,F,4,152,,,16R205,,,,,,0,0,000000000,00000000000,0,0,0,1,0,0,0,0,0,0,0,50,0,0,0,9,9,2,1,12,0,0,0,1,39,44074,6,1,0,0,3,3,69,250,0,0,0,0,0,0,0,0,0,0,0,0,0,0,1,2,55,2,1,2,1,0,0,14,62,1,1,1,98,0,0
39,390342,5,5,2,14,6,7,55,12,2,1,0,39,1,12,481,12481,31,2000,2FTZX1723YCB,2,F,T,Z,X,1,7,2,3,Y,C,B,0,T,FORD,F15,4C,0,17,,1,1571,1385,COF,G,,,6,256,,,,B,4204,05,U,42,0,0,000000000,00000000000,0,0,0,1,0,0,0,0,0,0,0,50,0,1,5,11,11,6,2,12,0,0,0,1,39,44851,6,1,0,0,3,0,75,200,0,0,0,0,0,0,0,0,0,0,0,0,0,0,1,2,55,2,1,2,1,0,0,14,62,1,1,1,98,0,0
39,390343,1,1,2,18,6,3,30,35,0,1,0,39,1,76,705,76705,80,2009,JYARJ06E89A0,J,Y,A,R,J,0,6,E,8,9,A,0,0,M,YAMA,F6S,RC,9,17,,,,,,,600,,4,,4,410,,,,,,,0,0,000000000,00000000000,0,0,0,1,0,0,0,0,0,0,0,70,0,0,0,12,12,6,2,1,0,0,0,1,39,45840,6,1,0,0,3,3,69,170,1,0,0,1,2,3,2009,6,2011,1,39,0,0,0,1,2,55,4,1,2,1,20,3,14,6,1,1,4,6,1,0
39,390344,1,2,1,19,6,10,40,12,6,1,0,39,1,72,706,72706,80,2006,1HD1HDZ186K8,1,H,D,1,H,D,Z,1,8,6,K,8,0,M,HD,VRD,RS,6,17,,,,,,,1130,,2,,4,607,,,,,,,0,0,000000000,00000000000,0,0,0,1,0,0,0,0,0,0,0,998,0,0,0,12,12,6,2,12,0,0,0,1,39,44003,6,1,0,0,3,0,73,230,0,0,0,0,1,6,2008,6,2008,0,0,0,0,0,1,2,55,1,1,2,1,0,0,1,62,1,1,1,69,1,0
39,390344,2,2,1,19,6,10,40,12,6,1,0,39,1,14,3,14003,3,1983,1MEBP7938DF6,1,M,E,B,P,7,9,3,8,D,F,6,0,P,MERC,CAP,2H,83,17,2589,,0,1004,,G,,2,6,232,,,14R185,,,,,,0,0,000000000,00000000000,0,0,0,1,0,0,0,0,0,0,0,5,0,0,0,3,3,6,2,12,0,0,0,1,39,44003,6,1,0,0,3,1,65,155,0,0,0,0,0,0,0,0,0,0,38,0,0,0,1,2,55,1,1,2,1,0,0,11,15,1,1,1,68,0,0
39,390345,1,2,1,20,6,15,0,12,6,1,0,39,2,12,13,12013,6,1998,3FAFP15P8WR2,3,F,A,F,P,1,5,P,8,W,R,2,0,P,FORD,ESE,SW,98,17,2531,,0,984,,G,,F,4,122,,,14R185,,,,,,0,0,000000000,00000000000,0,0,0,1,0,0,0,0,0,0,0,45,0,0,0,11,11,6,2,12,0,0,0,1,39,45434,6,1,0,0,3,0,73,145,0,0,0,1,0,5,2011,5,2011,0,39,0,0,0,1,4,55,1,1,2,1,3,3,1,17,1,1,1,89,0,0
39,390345,2,2,2,20,6,15,0,12,6,1,0,39,2,20,461,20461,21,2000,1GCHG35R7Y11,1,G,C,H,G,3,5,R,7,Y,1,1,0,T,CHEV,E35,CG,0,17,,2,0,1350,EXP,G,,,8,350,,,,D,5387,00,,42,0,0,000000000,00000000000,0,0,0,1,0,0,0,0,0,0,0,50,0,1,1,12,1,6,2,1,0,0,0,1,39,45324,6,1,0,0,3,0,69,152,0,4,0,2,5,7,2008,2,2010,0,0,0,0,0,1,4,45,1,1,2,1,3,3,1,66,1,1,1,88,1,0
39,390346,1,4,1,23,6,15,5,12,2,1,0,39,3,23,499,23499,49,1995,999999999999,9,9,9,9,9,9,9,9,9,9,9,9,0,,,,,,,,,,,,,,,,,,,,,,,,,0,0,000000000,00000000000,0,0,0,1,0,0,0,0,0,0,0,35,0,0,0,12,11,6,2,12,0,0,0,1,39,44057,6,1,0,0,3,0,66,170,0,0,0,2,1,9,2008,3,2011,0,28,0,0,0,1,2,40,1,2,2,1,0,0,1,10,1,1,2,50,0,0
39,390346,2,4,2,23,6,15,5,12,2,1,0,39,1,55,35,55035,4,2003,KMHDN45D23U5,K,M,H,D,N,4,5,D,2,3,U,5,0,P,HYUN,EST,4D,3,17,2635,,0,1027,,G,,F,4,121,,,15R205,,,,,,0,0,000000000,00000000000,0,0,0,1,0,0,0,0,0,0,0,998,0,0,0,12,11,6,2,12,0,0,0,1,39,44041,6,1,0,0,3,0,61,139,0,0,0,0,0,0,0,0,0,0,0,0,0,0,1,2,40,1,2,2,1,0,0,1,62,1,1,1,51,1,0
39,390346,3,4,1,23,6,15,5,12,2,1,0,39,1,12,471,12471,30,2004,1FTZR45E64PA,1,F,T,Z,R,4,5,E,6,4,P,A,0,T,FORD,RNS,4C,4,17,,1,0,1259,RNG,G,,,6,245,,,,B,3945,00,U,44,0,0,000000000,00000000000,0,0,0,1,0,0,0,0,0,0,0,35,0,0,0,11,12,6,2,12,0,0,0,1,39,44092,6,1,0,0,3,3,77,225,0,0,0,0,1,11,2010,11,2010,0,0,0,0,0,1,2,40,1,2,2,1,0,0,1,50,1,1,1,98,0,0
39,390346,4,4,1,23,6,15,5,12,2,1,0,39,1,12,481,12481,31,1998,1FTZX1728WNB,1,F,T,Z,X,1,7,2,8,W,N,B,0,T,FORD,F15,3C,98,17,,1,1570,1390,COF,G,,,6,256,,,,B,4067,02,E,42,0,0,000000000,00000000000,0,0,0,1,0,0,0,0,0,0,0,40,0,0,0,9,9,2,1,12,0,0,0,1,39,44041,6,1,0,0,3,0,72,155,0,0,0,0,0,0,0,0,0,0,0,0,0,0,1,2,40,1,2,2,1,0,0,1,50,1,1,1,98,0,0
39,390347,1,2,1,23,6,17,22,12,2,1,0,39,2,12,17,12017,4,1999,1FAFP53UXXA1,1,F,A,F,P,5,3,U,X,X,A,1,0,P,FORD,TSE,4D,99,17,3353,,0,1085,,G,,F,6,182,,,15R205,,,,,,0,0,000000000,00000000000,0,0,0,1,0,0,0,0,0,0,0,998,0,0,0,12,13,6,2,12,0,0,0,1,39,43332,6,1,0,0,3,3,71,200,2,5,1,2,4,2,2010,2,2011,0,28,0,0,0,1,2,55,1,2,2,1,0,0,1,10,1,1,2,50,1,0
39,390347,2,2,1,23,6,17,22,12,2,1,0,18,3,87,881,87881,66,2006,1XP7DB9X16D8,1,X,P,7,D,B,9,X,1,6,D,8,1,T,PTRB,387,TR,6,17,,8,0,0,CON,D,,,6,893,,,,,00000,00,,64,1,57,2164184,572164184,3,6,1,1,0,0,0,0,0,0,0,50,0,0,0,12,11,6,2,12,0,0,0,1,6,90247,6,1,6,0,3,0,72,210,1,1,0,0,0,9,2009,4,2010,0,0,0,0,0,1,2,55,1,2,2,1,0,0,1,62,1,1,1,51,0,0
39,390348,1,1,1,25,6,1,3,42,0,1,0,39,1,20,20,20020,4,1993,2G1WN54T5P91,2,G,1,W,N,5,4,T,5,P,9,1,0,P,CHEV,EUR,4D,93,17,3193,,0,1075,,G,,F,6,191,,,15R205,,,,,,0,0,000000000,00000000000,0,0,0,1,0,0,0,0,0,0,0,60,0,0,0,12,12,6,2,42,0,0,0,1,39,44408,6,1,0,0,3,3,72,160,0,0,0,0,0,0,0,0,0,1,0,0,0,0,1,2,40,3,2,2,1,0,0,14,6,1,1,4,1,1,1
39,390349,1,2,4,11,6,22,23,12,2,1,0,39,1,37,31,37031,4,2010,2HGFA1F50AH5,2,H,G,F,A,1,F,5,0,A,H,5,0,P,HOND,UCL,4D,10,17,2754,,0,1063,,G,,F,4,110,,,16R205,,,,,,0,0,000000000,00000000000,0,0,0,1,0,0,0,0,0,0,0,998,0,0,0,12,12,6,2,12,0,0,0,1,39,44280,6,1,0,0,3,0,74,310,0,0,0,0,0,0,0,0,0,0,0,0,0,0,1,2,55,1,1,2,1,0,0,1,62,1,1,1,51,2,0
39,390349,2,2,1,11,6,22,23,12,2,1,0,39,2,63,34,63034,4,2004,KNAGD1286453,K,N,A,G,D,1,2,8,6,4,5,3,0,P,KIA,OLE,4D,4,17,3279,,0,1063,,G,,F,6,162,,,16R205,,,,,,0,0,000000000,00000000000,0,0,0,1,0,0,0,0,0,0,0,62,0,0,0,12,12,6,2,12,0,0,0,1,39,44074,1,1,0,0,2,0,71,190,0,1,0,0,0,11,2010,11,2010,0,36,0,0,0,1,2,55,1,1,2,1,0,0,1,9,6,2,6,50,0,1
39,390350,1,1,1,14,6,20,22,18,0,1,0,39,1,18,2,18002,4,1991,1G4HR54C4MH4,1,G,4,H,R,5,4,C,4,M,H,4,0,P,BUIC,LLF,4D,91,17,3169,,0,1108,,G,,F,6,231,,,14R205,,,,,,0,0,000000000,00000000000,0,0,0,1,0,0,0,0,0,0,0,998,0,0,0,12,12,6,2,18,0,0,0,1,39,44677,6,1,0,0,3,3,60,166,1,0,0,0,0,11,2009,11,2009,0,0,0,0,0,1,2,55,1,1,2,1,8,3,1,18,1,1,1,12,1,1
39,390351,1,5,1,15,6,11,4,12,6,1,0,39,3,20,481,20481,31,2002,1GCHK29152E2,1,G,C,H,K,2,9,1,5,2,E,2,0,T,CHEV,2KH,4C,2,17,,2,1575,1435,SIL,D,,,8,403,,,,C,5630,00,,44,0,0,000000000,00000000000,0,0,0,1,0,0,0,0,0,0,0,55,0,0,0,12,12,6,2,12,0,0,0,1,39,45011,6,1,0,0,3,0,72,220,1,0,0,0,0,1,2010,1,2010,0,38,39,0,0,2,4,55,1,1,2,2,3,3,1,17,1,1,1,88,0,0
39,390351,2,5,1,15,6,11,4,12,6,1,0,39,1,20,32,20032,4,2001,1Y1SK52861Z4,1,Y,1,S,K,5,2,8,6,1,Z,4,0,P,CHEV,P/L,4D,1,17,2403,,0,971,,G,,F,4,110,,,14R175,,,,,,0,0,000000000,00000000000,0,0,0,1,0,0,0,0,0,0,0,25,0,0,0,10,10,6,2,12,0,0,0,1,39,45014,6,1,0,0,3,3,70,175,0,0,0,0,1,1,2009,1,2009,0,0,0,0,0,2,4,25,1,1,2,2,3,3,1,17,1,1,1,89,1,1
39,390351,3,5,2,15,6,11,4,12,6,1,0,39,1,20,403,20403,14,2003,1GNDT13S1322,1,G,N,D,T,1,3,S,1,3,2,2,0,P,CHEV,TRL,UT,3,17,4600,,0,1130,,G,,F,6,256,,,16R245,,,,,,0,0,000000000,00000000000,0,0,0,1,0,0,0,0,0,0,0,0,0,0,0,10,10,6,2,12,0,0,0,1,39,45011,6,1,0,0,3,0,64,139,1,0,0,0,1,10,2008,10,2008,0,0,0,0,0,2,4,55,1,1,2,2,3,3,5,62,1,1,1,98,0,0
39,390351,4,5,1,15,6,11,4,12,6,1,0,39,1,22,20,22020,4,2004,2G2WP5223411,2,G,2,W,P,5,2,2,3,4,1,1,0,P,PONT,GPG,4D,4,17,3477,,0,1105,,G,,F,6,231,,,16R225,,,,,,0,0,000000000,00000000000,0,0,0,1,0,0,0,0,0,0,0,0,0,0,0,7,7,2,1,12,0,0,0,1,39,45044,6,1,0,0,3,0,68,170,0,0,0,0,0,0,0,0,0,0,0,0,0,0,2,4,55,1,1,2,2,3,3,5,62,1,1,1,98,0,0
39,390351,5,5,1,15,6,11,4,12,6,1,0,39,3,12,23,12023,4,2010,3FAHP0HA4AR2,3,F,A,H,P,0,H,A,4,A,R,2,0,P,FORD,F/E,4D,10,17,3285,,0,1074,,G,,F,4,152,,,16R205,,,,,,0,0,000000000,00000000000,0,0,0,1,0,0,0,0,0,0,0,0,0,0,0,9,9,2,1,12,0,0,0,1,39,45013,6,1,0,0,3,3,69,177,1,0,0,0,0,8,2008,8,2008,0,0,0,0,0,2,4,55,1,1,2,2,3,3,5,62,1,1,1,98,0,0
39,390352,1,1,2,16,6,22,30,42,0,1,0,39,2,53,404,53404,14,2004,JS3TX92V2441,J,S,3,T,X,9,2,V,2,4,4,1,0,P,SUZI,XL7,UT,4,17,3632,,0,1102,,G,,F,6,167,,,16R235,,,,,,0,0,000000000,00000000000,0,0,0,1,0,0,0,0,0,0,0,998,0,0,0,3,3,6,2,42,0,0,0,1,39,44406,4,1,0,0,2,0,72,160,0,0,0,0,0,0,0,0,0,0,36,91,0,0,1,2,40,3,1,2,1,0,0,14,9,1,2,4,2,1,1
39,390353,1,2,1,16,6,0,28,12,8,1,0,39,2,7,442,7442,20,1998,1B4GP44G4WB5,1,B,4,G,P,4,4,G,4,W,B,5,0,T,DODG,GSS,ES,98,17,,1,0,1193,CAR,F,,,6,201,,,,,3675,00,E,42,0,0,000000000,00000000000,0,0,0,1,0,0,0,0,0,0,0,998,0,0,0,2,2,6,2,12,0,0,1,1,39,44833,1,1,0,0,2,0,66,165,0,5,1,0,1,7,2008,5,2010,0,36,0,0,0,2,2,65,1,1,2,1,0,0,1,9,1,2,6,64,0,1
39,390353,2,2,1,16,6,0,28,12,8,1,0,39,1,37,31,37031,4,2002,1HGES26752L0,1,H,G,E,S,2,6,7,5,2,L,0,0,P,HOND,UAX,4D,2,17,2615,,0,1031,,G,,F,4,102,,,15R185,,,,,,0,0,000000000,00000000000,0,0,0,1,0,0,0,0,0,0,0,998,0,0,0,10,10,6,2,12,0,0,1,1,39,44691,6,1,0,0,3,3,70,170,0,0,0,0,0,0,0,0,0,0,0,0,0,0,2,2,65,1,1,2,1,0,0,1,62,1,1,1,65,1,0
39,390354,1,1,1,17,6,13,0,1,0,1,0,26,1,72,709,72709,80,1999,1HD1FFW13XY6,1,H,D,1,F,F,W,1,3,X,Y,6,0,M,HD,TCI,RS,99,17,,,,,,,1450,,2,,4,760,,,,,,,0,0,000000000,00000000000,0,0,0,1,0,0,0,0,0,0,0,998,0,0,0,0,98,6,2,1,0,0,0,1,26,48036,6,1,0,0,3,3,66,185,1,0,0,0,0,6,2009,6,2009,1,0,0,0,0,1,2,55,3,1,2,1,40,3,6,13,1,1,4,1,1,0
39,390355,1,2,1,21,6,14,29,12,6,1,0,45,2,72,706,72706,80,1990,1HD1BJL11LY0,1,H,D,1,B,J,L,1,1,L,Y,0,0,M,HD,FST,RS,90,17,,,,,,,1340,,2,,4,650,,,,,,,0,0,000000000,00000000000,0,0,0,1,0,0,0,0,0,0,0,25,0,0,0,12,12,6,2,12,0,0,0,1,45,45804,6,1,0,0,3,0,70,195,0,0,0,0,0,0,0,0,0,0,0,0,0,0,1,2,25,1,1,2,1,0,0,1,17,1,1,1,88,1,0
39,390355,2,2,2,21,6,14,29,12,6,1,0,39,2,20,37,20037,4,2006,1G1ZT51826F1,1,G,1,Z,T,5,1,8,2,6,F,1,0,P,CHEV,MLT,4D,6,17,3316,,0,1063,,G,,F,6,214,,,16R215,,,,,,0,0,000000000,00000000000,0,0,0,1,0,0,0,0,0,0,0,10,0,0,0,9,9,4,3,12,0,0,0,1,39,45801,6,1,0,0,3,3,60,103,0,0,0,0,1,7,2009,7,2009,0,38,39,0,0,1,2,25,1,1,2,1,20,3,1,17,1,1,1,89,0,0
39,390356,1,1,1,22,6,11,43,25,0,1,0,39,3,89,881,89881,63,1993,4V2JCBME2PR8,4,V,2,J,C,B,M,E,2,P,R,8,0,T,WHGM,WGM,CC,93,17,,8,0,0,WCN,D,,,6,611,,,,,00000,00,,64,0,57,1999130,571999130,3,2,4,1,0,0,0,0,0,0,0,60,0,1,3,12,12,6,2,25,0,0,0,1,39,44053,6,1,6,1,3,3,73,280,3,0,0,0,2,5,2009,6,2010,0,36,80,0,0,3,4,60,1,1,2,1,0,0,1,1,1,2,4,7,1,0
39,390357,1,1,1,24,6,22,25,24,0,1,0,39,1,7,18,7018,4,1991,1B3XC56R2MD2,1,B,3,X,C,5,6,R,2,M,D,2,0,P,DODG,DLE,4D,91,17,3003,,0,1045,,G,,F,6,201,,,14R195,,,,,,0,0,000000000,00000000000,0,0,0,1,0,0,0,0,0,0,0,998,0,1,5,12,13,6,2,35,0,0,0,1,39,45133,6,1,0,0,3,3,72,265,0,0,0,0,0,0,0,0,0,0,0,0,0,0,1,2,55,1,2,2,1,0,0,1,13,1,1,4,1,1,1
39,390358,1,2,1,25,6,9,46,12,6,1,0,39,2,12,13,12013,4,1995,3FASP13J3SR1,3,F,A,S,P,1,3,J,3,S,R,1,0,P,FORD,EST,4D,95,17,2404,,0,984,,G,,F,4,113,,,14R175,,,,,,0,0,000000000,00000000000,0,0,0,1,0,0,0,0,0,0,0,998,0,0,0,9,9,6,2,12,0,0,0,1,39,43433,1,1,0,0,2,0,63,135,0,2,0,0,1,5,2009,7,2010,0,38,39,0,0,1,2,55,1,2,1,1,20,3,1,17,1,1,1,89,1,0
39,390358,2,2,3,25,6,9,46,12,6,1,0,39,1,7,472,7472,30,2004,1D7GL42K04S7,1,D,7,G,L,4,2,K,0,4,S,7,0,T,DODG,DSL,PC,4,17,,1,0,1309,DAK,G,,,6,225,,,,B,3725,01,E,42,0,0,000000000,00000000000,0,0,0,1,0,0,0,0,0,0,0,45,0,0,0,12,12,6,2,12,0,0,0,1,39,45885,6,1,0,0,3,0,70,215,0,0,0,0,0,0,0,0,0,0,0,0,0,0,1,2,55,1,2,1,1,0,0,1,17,1,1,1,88,0,0
39,390359,1,2,2,4,5,19,50,12,2,1,0,39,2,37,31,37031,3,2002,1HGEM22922L0,1,H,G,E,M,2,2,9,2,2,L,0,0,P,HOND,UAX,CP,2,17,2590,,0,1031,,G,,F,4,102,,,15R185,,,,,,0,0,000000000,00000000000,0,0,0,1,0,0,0,0,0,0,0,10,0,0,0,12,11,6,2,12,0,0,0,1,39,44305,6,1,0,0,3,0,66,160,0,0,0,0,0,0,0,0,0,0,0,0,0,0,1,4,35,1,2,2,1,3,3,15,62,1,1,1,51,0,0
39,390359,2,2,1,4,5,19,50,12,2,1,0,39,1,72,706,72706,80,2009,1HD1FR41X9Y6,1,H,D,1,F,R,4,1,X,9,Y,6,0,M,HD,FKC,RS,9,17,,,,,,,1584,,2,,4,810,,,,,,,0,0,000000000,00000000000,0,0,0,1,0,0,0,0,0,0,0,998,0,0,0,12,12,6,2,12,0,0,0,1,39,44306,6,1,6,0,3,0,72,215,1,0,0,0,0,8,2009,8,2009,0,28,0,0,0,1,4,35,1,2,2,1,0,0,1,10,1,1,2,50,1,1
39,390360,1,2,1,24,5,18,30,12,6,1,0,39,2,53,739,53739,90,1988,000000000000,0,0,0,0,0,0,0,0,0,0,0,0,0,,,,,,,,,,,,,,,,,,,,,,,,,0,0,000000000,00000000000,0,0,0,1,0,0,0,0,0,0,0,999,0,1,1,12,12,2,1,12,0,0,0,1,39,44704,0,0,0,0,0,0,999,999,0,0,0,0,0,0,0,0,0,0,39,0,0,0,1,2,25,1,2,2,1,20,3,1,17,1,1,1,88,1,0
39,390360,2,2,3,24,5,18,30,12,6,1,0,39,1,20,20,20020,6,1991,1GNCU06D3MT1,1,G,N,C,U,0,6,D,3,M,T,1,0,P,CHEV,L/M,SV,91,17,3370,,0,1098,,G,,F,6,191,,,14R205,,,,,,0,0,000000000,00000000000,0,0,0,1,0,0,0,0,0,0,0,28,0,0,0,9,9,2,1,12,0,0,0,1,39,44702,6,1,0,0,3,0,63,150,1,0,0,0,1,8,2010,12,2010,0,0,0,0,0,1,2,25,1,2,2,1,0,0,1,66,1,1,1,89,0,0
39,390361,1,1,1,25,5,16,33,42,0,1,0,39,1,12,481,12481,31,2002,1FTRX17272NA,1,F,T,R,X,1,7,2,7,2,N,A,0,T,FORD,F15,4C,2,17,,2,1571,1385,COF,G,,,6,256,,,,B,4224,06,U,42,0,0,000000000,00000000000,0,0,0,1,0,0,0,0,0,0,0,998,0,0,0,1,3,6,2,42,0,0,0,1,39,43072,6,1,0,0,3,3,73,315,0,0,0,0,0,0,0,0,0,1,0,0,0,0,1,2,55,1,1,2,2,0,0,1,6,1,4,4,7,1,0
39,390362,1,2,1,24,6,17,20,12,6,1,0,39,2,37,403,37403,14,2005,5J6YH28635L0,5,J,6,Y,H,2,8,6,3,5,L,0,0,P,HOND,ELE,UT,5,17,3587,,0,1014,,G,,F,4,146,,,16R215,,,,,,0,0,000000000,00000000000,0,0,0,1,0,0,0,0,0,0,0,998,0,0,0,9,13,6,2,12,0,0,0,1,39,43560,6,1,0,0,3,0,72,196,0,0,0,0,0,0,0,0,0,0,28,0,0,0,1,2,55,3,2,2,1,0,0,14,10,6,3,6,66,1,0
39,390362,2,2,1,24,6,17,20,12,6,1,0,39,3,12,881,12881,61,2008,1FDAF56R68EB,1,F,D,A,F,5,6,R,6,8,E,B,0,T,FORD,F5D,CB,8,17,,5,2010,1410,DRW,D,,,8,390,,,,D,6592,04,U,42,0,77,777777777,77777777777,2,1,96,1,0,0,0,0,0,0,0,50,0,0,0,12,1,6,2,12,0,0,0,1,39,45381,6,1,6,0,3,0,73,225,0,0,0,0,0,0,0,0,0,0,0,0,0,0,1,2,55,2,2,2,1,0,0,14,62,1,1,1,66,0,0
39,390363,1,1,1,25,6,10,20,1,0,1,0,39,2,72,706,72706,80,1993,1HD1DPL11PY5,1,H,D,1,D,P,L,1,1,P,Y,5,0,M,HD,UHB,RS,93,17,,,,,,,1340,,2,,4,765,,,,,,,0,0,000000000,00000000000,0,0,0,1,0,0,0,0,0,0,0,40,0,0,0,0,9,2,3,1,0,0,0,1,26,49091,6,1,0,0,3,0,65,185,0,0,0,0,0,0,0,0,0,0,0,0,0,0,1,2,55,2,2,2,1,0,0,14,98,1,1,1,98,1,0
39,390364,1,3,1,26,6,12,5,12,2,1,0,39,1,49,32,49032,4,1996,2T1BB02E1TC1,2,T,1,B,B,0,2,E,1,T,C,1,0,P,TOYT,CRD,4D,96,17,2381,,0,970,,G,,F,4,108,,,14R185,,,,,,0,0,000000000,00000000000,0,0,0,1,0,0,0,0,0,0,0,60,0,0,0,12,11,6,2,12,0,0,0,1,39,44030,6,1,0,0,3,3,73,210,0,0,0,0,0,0,0,0,0,0,28,0,0,0,1,2,55,1,1,2,1,0,0,1,10,1,1,2,50,0,1
39,390364,2,3,1,26,6,12,5,12,2,1,0,39,2,72,706,72706,80,2008,1HD1BW5108Y0,1,H,D,1,B,W,5,1,0,8,Y,0,0,M,HD,STC,RS,8,17,,,,,,,1584,,2,,4,750,,,,,,,0,0,000000000,00000000000,0,0,0,1,0,0,0,0,0,0,0,998,0,0,0,12,12,6,2,12,0,0,0,1,39,44004,6,1,0,0,3,0,67,135,0,0,0,1,0,11,2010,11,2010,0,0,0,0,0,1,2,55,1,1,2,1,0,0,1,62,1,1,1,51,1,0
39,390364,3,3,2,26,6,12,5,12,2,1,0,39,1,20,481,20481,31,2005,1GCEK14TX5Z2,1,G,C,E,K,1,4,T,X,5,Z,2,0,T,CHEV,SK1,PK,5,17,,2,1330,1190,SIL,G,,,8,323,,,,B,4436,00,,44,0,0,000000000,00000000000,0,0,0,1,0,0,0,0,0,0,0,40,0,0,0,11,11,4,3,12,0,0,0,1,39,44048,6,1,0,0,3,0,70,230,0,0,0,0,0,0,0,0,0,0,0,0,0,0,1,2,55,1,1,2,1,0,0,1,54,7,1,4,98,0,0
39,390365,1,2,1,26,6,8,46,12,6,1,0,39,1,12,471,12471,30,1995,1FTCR10A7SUA,1,F,T,C,R,1,0,A,7,S,U,A,0,T,FORD,RNG,PK,95,17,,1,1140,1080,RNG,G,,,4,140,,,,B,00000,00,M,42,0,0,000000000,00000000000,0,0,0,1,0,0,0,0,0,0,0,10,0,0,0,11,11,6,2,12,0,0,0,1,39,44212,6,1,0,0,3,3,67,150,1,2,0,0,3,11,2008,1,2011,0,38,0,0,0,1,2,35,1,1,2,1,3,3,11,15,1,1,1,82,0,0