STATE,ST_CASE,VEH_NO,VE_FORMS,NUMOCCS,DAY,MONTH,HOUR,MINUTE,HARM_EV,MAN_COLL,UNITTYPE,HIT_RUN,REG_STAT,OWNER,MAKE,MODEL,MAK_MOD,BODY_TYP,MOD_YEAR,VIN,VIN_1,VIN_2,VIN_3,VIN_4,VIN_5,VIN_6,VIN_7,VIN_8,VIN_9,VIN_10,VIN_11,VIN_12,TOW_VEH,VINTYPE,VINMAKE,VINA_MOD,VIN_BT,VINMODYR,VIN_LNGT,VIN_WGT,WGTCD_TR,WHLBS_LG,WHLBS_SH,SER_TR,FUELCODE,MCYCL_DS,CARBUR,CYLINDER,DISPLACE,MCYCL_CY,MCYCL_WT,TIRE_SZE,TON_RAT,TRK_WT,TRKWTVAR,VIN_REST,WHLDRWHL,J_KNIFE,MCARR_I1,MCARR_I2,MCARR_ID,GVWR,V_CONFIG,CARGO_BT,HAZ_INV,HAZ_PLAC,HAZ_ID,HAZ_CNO,HAZ_REL,BUS_USE,SPEC_USE,EMER_USE,TRAV_SP,UNDERIDE,ROLLOVER,ROLINLOC,IMPACT1,IMPACT2,DEFORMED,TOWED,M_HARM,VEH_SC1,VEH_SC2,FIRE_EXP,DR_PRES,L_STATE,DR_ZIP,L_STATUS,L_TYPE,CDL_STAT,L_ENDORS,L_COMPL,L_RESTRI,DR_HGT,DR_WGT,PREV_ACC,PREV_SUS,PREV_DWI,PREV_SPD,PREV_OTH,FIRST_MO,FIRST_YR,LAST_MO,LAST_YR,SPEEDREL,DR_SF1,DR_SF2,DR_SF3,DR_SF4,VTRAFWAY,VNUM_LAN,VSPD_LIM,VALIGN,VPROFILE,VPAVETYP,VSURCOND,VTRAFCON,VTCONT_F,P_CRASH1,P_CRASH2,P_CRASH3,PCRASH4,PCRASH5,ACC_TYPE,DEATHS,DR_DRINK
39,390365,2,2,1,26,6,8,46,12,6,1,0,39,1,72,706,72706,80,1997,1HD1CGP17VY2,1,H,D,1,C,G,P,1,7,V,Y,2,0,M,HD,20C,RS,97,17,,,,,,,1200,,2,,4,483,,,,,,,0,0,000000000,00000000000,0,0,0,1,0,0,0,0,0,0,0,35,0,0,0,12,12,6,2,12,0,0,0,1,39,44212,6,1,0,0,3,0,73,215,0,0,0,0,0,0,0,0,0,0,0,0,0,0,1,2,35,1,1,2,1,3,3,1,62,1,1,1,83,1,0
39,390366,1,2,1,27,6,20,40,12,6,1,0,36,1,87,881,87881,66,1997,1XP5D68X5VN4,1,X,P,5,D,6,8,X,5,V,N,4,1,T,PTRB,379,TR,97,17,,8,0,0,CON,D,,,6,855,,,,,00000,00,,64,1,57,1973508,571973508,3,6,3,1,0,0,0,0,0,0,0,30,0,0,0,63,63,4,9,12,0,0,0,1,36,13732,6,1,6,0,3,0,65,999,0,0,0,1,0,11,2010,11,2010,0,28,0,0,0,1,2,40,2,2,2,2,0,0,14,10,1,1,2,66,0,0
39,390366,2,2,2,27,6,20,40,12,6,1,0,39,1,63,36,63036,6,2008,KNAFG5267871,K,N,A,F,G,5,2,6,7,8,7,1,0,P,KIA,ROE,SW,8,17,3443,,0,1063,,G,,F,6,165,,,16R205,,,,,,0,0,000000000,00000000000,0,0,0,1,0,0,0,0,0,0,0,998,0,0,0,11,12,6,2,12,0,0,0,1,39,43944,6,1,0,0,3,0,69,180,0,0,0,0,0,0,0,0,0,0,0,0,0,0,1,2,40,3,2,2,2,0,0,14,62,1,1,1,66,1,0
39,390367,1,1,1,28,6,20,8,1,0,1,0,39,2,72,709,72709,80,1975,4A26731H5,4,A,2,6,7,3,1,H,5,,,,0,M,HD,XLC,RS,75,9,,,,,,,1000,,2,,4,468,,,,,,,0,0,000000000,00000000000,0,0,0,1,0,0,0,0,0,0,0,998,0,0,0,0,0,6,2,1,0,0,0,1,39,44425,6,1,6,0,3,0,66,180,0,0,0,0,0,0,0,0,0,0,0,0,0,0,2,2,65,3,2,2,1,0,0,14,13,1,1,4,1,1,1
39,390368,1,2,5,30,6,14,43,12,2,1,0,39,2,37,403,37403,14,2004,5J6YH28564L0,5,J,6,Y,H,2,8,5,6,4,L,0,0,P,HOND,ELE,UT,4,17,3527,,0,1014,,G,,F,4,146,,,16R215,,,,,,0,0,000000000,00000000000,0,0,0,1,0,0,0,0,0,0,0,30,0,0,0,12,12,6,2,12,0,0,0,1,39,45214,6,1,0,0,3,0,67,145,1,0,0,0,1,5,2010,5,2010,0,28,0,0,0,1,2,35,2,1,2,1,0,0,14,10,1,1,2,50,0,0
39,390368,2,2,1,30,6,14,43,12,2,1,0,39,1,53,705,53705,80,2005,VTTGM51AX521,V,T,T,G,M,5,1,A,X,5,2,1,0,M,SUZI,GSF,RS,5,17,,,,,,,487,,2,,4,396,,,,,,,0,0,000000000,00000000000,0,0,0,1,0,0,0,0,0,0,0,30,0,0,0,12,13,6,2,12,0,0,0,1,39,45211,6,1,0,0,3,0,63,200,1,0,0,4,0,10,2009,10,2010,0,0,0,0,0,1,2,35,3,1,2,1,0,0,14,62,1,1,1,51,1,0
39,390369,1,1,1,1,6,17,20,35,0,1,0,39,1,18,4,18004,4,1994,1G4BN52P2RR4,1,G,4,B,N,5,2,P,2,R,R,4,0,P,BUIC,RDM,4D,94,17,4191,,0,1159,,G,,F,8,350,,,15R235,,,,,,0,0,000000000,00000000000,0,0,0,1,0,0,0,0,0,0,0,25,0,0,0,12,12,6,2,30,0,0,0,1,39,44320,6,1,0,0,3,0,67,160,0,0,0,0,0,0,0,0,0,0,36,0,0,0,1,2,25,1,1,2,1,0,0,1,9,1,2,4,7,1,0
39,390370,1,1,1,13,6,16,10,34,0,1,0,39,1,20,471,20471,30,1994,1GCCS1443RK1,1,G,C,C,S,1,4,4,3,R,K,1,0,T,CHEV,S14,PK,94,17,,1,1179,1083,S,G,,,4,133,,,,B,2905,01,,42,0,0,000000000,00000000000,0,0,0,1,0,0,0,0,0,0,0,55,0,0,0,2,2,6,2,34,0,0,0,1,39,44410,1,1,0,0,2,0,67,110,0,1,1,0,1,3,2009,6,2010,1,36,0,0,0,1,2,45,1,1,2,1,0,0,1,13,1,2,4,2,1,1
39,390371,1,1,1,18,6,6,0,35,0,1,0,39,1,98,701,98701,80,2010,999999999999,9,9,9,9,9,9,9,9,9,9,9,9,0,,,,,,,,,,,,,,,,,,,,,,,,,0,0,000000000,00000000000,0,0,0,1,0,0,0,0,0,0,0,998,0,0,0,12,3,6,2,35,0,0,0,1,39,43540,6,1,0,0,3,3,68,220,0,0,0,0,0,0,0,0,0,0,0,0,0,0,1,2,55,1,1,2,1,0,0,1,13,1,1,4,1,1,1
39,390373,1,2,1,23,6,23,20,12,7,1,0,39,1,12,422,12422,15,1998,1FMRU17L1WLA,1,F,M,R,U,1,7,L,1,W,L,A,0,P,FORD,EPT,UT,98,17,4808,,0,1190,,G,,F,8,330,,,16R255,,,,,,0,0,000000000,00000000000,0,0,0,1,0,0,0,0,0,0,0,998,1,0,0,2,2,6,2,12,0,0,0,1,39,43105,6,1,0,0,3,0,68,160,0,0,0,0,0,0,0,0,0,0,26,0,0,0,2,2,65,1,1,2,1,0,0,1,18,1,1,1,44,1,1
39,390373,2,2,1,23,6,23,20,12,7,1,0,18,3,82,881,82881,66,2010,1FUJGBDV0ALA,1,F,U,J,G,B,D,V,0,A,L,A,1,T,FRHT,113,TR,10,17,,8,0,0,CSC,D,,,6,781,,,,,00000,00,,64,1,57,202526,57202526,3,6,1,1,0,0,0,0,0,0,0,62,0,0,0,7,7,6,2,12,0,0,0,1,39,43025,6,1,6,1,3,0,71,175,0,0,0,0,0,0,0,0,0,0,0,0,0,0,2,2,65,1,1,2,1,0,0,1,18,1,1,1,45,0,0
39,390374,1,1,1,24,6,14,53,1,0,1,0,39,1,37,706,37706,80,2005,1HFSC49A45A3,1,H,F,S,C,4,9,A,4,5,A,3,0,M,HOND,VN1,RS,5,17,,,,,,,1795,,2,,4,756,,,,,,,0,0,000000000,00000000000,0,0,0,1,0,0,0,0,0,0,0,998,0,0,0,0,6,6,2,42,0,0,0,1,39,43344,6,1,0,0,3,3,70,190,0,0,0,0,1,3,2009,3,2009,0,0,0,0,0,1,2,55,4,1,2,1,40,3,14,13,2,1,4,1,1,0
39,390375,1,1,1,26,6,15,50,32,0,1,0,39,1,37,706,37706,80,2002,JH2RC461X2M4,J,H,2,R,C,4,6,1,X,2,M,4,0,M,HOND,V80,RC,2,17,,,,,,,781,,4,,4,483,,,,,,,0,0,000000000,00000000000,0,0,0,1,0,0,0,0,0,0,0,998,0,0,0,3,98,6,2,42,0,0,0,1,39,45103,6,1,0,0,3,0,69,190,0,3,1,0,0,9,2008,10,2009,1,36,0,0,0,1,2,50,1,3,2,1,0,0,1,13,1,2,4,2,1,1
39,390376,1,1,1,26,6,20,13,24,0,1,0,39,1,72,706,72706,80,1994,1HD1EAL10RY1,1,H,D,1,E,A,L,1,0,R,Y,1,0,M,HD,FXR,RS,94,17,,,,,,,1340,,2,,4,575,,,,,,,0,0,000000000,00000000000,0,0,0,1,0,0,0,0,0,0,0,998,0,0,0,9,9,6,2,24,0,0,0,1,39,43204,6,1,0,0,3,3,69,155,0,0,0,0,0,0,0,0,0,0,36,0,0,0,1,2,55,3,2,2,1,0,0,14,13,2,2,4,2,1,1
39,390377,1,2,1,30,6,7,0,12,2,1,0,39,1,55,401,55401,14,2002,KM8SC13D32U3,K,M,8,S,C,1,3,D,3,2,U,3,0,P,HYUN,SAN,UT,2,17,3549,,0,1031,,G,,F,6,162,,,16R225,,,,,,0,0,000000000,00000000000,0,0,0,1,0,0,0,0,0,0,0,998,0,1,6,12,9,6,2,12,0,0,0,1,39,43301,6,1,0,0,3,0,70,175,0,0,0,0,0,0,0,0,0,0,0,0,0,0,1,2,55,1,1,2,1,0,0,1,10,1,1,2,50,1,0
39,390377,2,2,1,30,6,7,0,12,2,1,0,39,3,98,881,98881,63,2001,5DG8AC6T2100,5,D,G,8,A,C,6,T,2,1,0,0,0,U,,,,1,17,,,,,,,,,,,,,,,,,,,0,99,999999999,99999999999,3,2,5,1,0,0,0,0,0,0,0,35,0,0,0,12,12,6,2,12,0,0,0,1,39,43342,6,1,6,1,3,0,70,165,0,0,0,0,0,0,0,0,0,0,0,0,0,0,1,2,55,1,1,2,1,0,0,1,62,1,1,1,51,0,0
39,390378,1,2,1,30,6,23,55,12,6,1,0,39,1,20,2,20002,4,2007,2G1WB55K0791,2,G,1,W,B,5,5,K,0,7,9,1,0,P,CHEV,IPL,4D,7,17,3674,,0,1105,,F,,F,6,214,,,16R225,,,,,,0,0,000000000,00000000000,0,0,0,1,0,0,0,0,0,0,0,55,0,0,0,12,12,6,2,12,0,0,0,1,39,45506,6,1,0,0,3,0,68,201,1,0,0,0,2,12,2008,9,2009,0,36,0,0,0,1,2,55,1,2,2,1,0,0,1,62,1,1,1,65,0,0
39,390378,2,2,1,30,6,23,55,12,6,1,0,39,2,20,16,20016,4,2004,1G1JC52F2471,1,G,1,J,C,5,2,F,2,4,7,1,0,P,CHEV,CAV,4D,4,17,2676,,0,1041,,G,,F,4,134,,,14R195,,,,,,0,0,000000000,00000000000,0,0,0,1,0,0,0,0,0,0,0,60,0,0,0,3,3,6,2,12,0,0,0,1,39,43140,6,1,0,0,3,0,71,175,0,4,0,0,0,2,2010,11,2010,1,36,0,0,0,1,2,55,1,2,2,1,0,0,6,8,1,2,2,64,1,1
39,390379,1,1,1,1,7,22,50,59,0,1,0,39,1,72,706,72706,80,2004,1HD1JBB114Y0,1,H,D,1,J,B,B,1,1,4,Y,0,0,M,HD,XDI,RS,4,17,,,,,,,1450,,2,,4,645,,,,,,,0,0,000000000,00000000000,0,0,0,1,0,0,0,0,0,0,0,55,0,0,0,12,12,6,2,1,0,0,0,1,39,43105,6,1,0,0,3,0,71,205,0,0,0,2,1,12,2008,12,2010,0,28,0,0,0,1,2,55,1,1,2,1,0,0,1,13,1,1,4,1,1,1
39,390380,1,2,1,2,7,9,35,12,2,1,0,39,3,7,482,7482,31,2007,1D7HU16P27J5,1,D,7,H,U,1,6,P,2,7,J,5,0,T,DODG,S15,PK,7,17,,2,1405,1205,RPC,F,,,8,287,,,,B,4734,02,E,44,0,0,000000000,00000000000,0,0,0,1,0,0,0,0,0,0,0,35,0,0,0,12,12,4,3,12,0,0,0,1,39,45631,6,1,0,0,3,0,73,215,0,0,0,0,0,0,0,0,0,0,0,0,0,0,1,2,55,2,2,7,1,0,0,14,62,1,1,1,51,0,0
39,390380,2,2,1,2,7,9,35,12,2,1,0,39,2,37,739,37739,90,2001,000000000000,0,0,0,0,0,0,0,0,0,0,0,0,0,,,,,,,,,,,,,,,,,,,,,,,,,0,0,000000000,00000000000,0,0,0,1,0,0,0,0,0,0,0,998,0,0,0,12,13,6,2,12,0,0,0,1,39,45614,0,0,0,0,0,0,999,999,0,0,0,0,0,0,0,0,0,0,28,0,0,0,1,2,55,3,2,7,1,0,0,14,10,1,1,2,50,1,0
39,390381,1,1,1,2,7,4,10,1,0,1,0,39,1,12,35,12035,4,1995,1FALP65L0SK1,1,F,A,L,P,6,5,L,0,S,K,1,0,P,FORD,CGL,4D,95,17,2769,,0,1065,,G,,F,6,155,,,14R185,,,,,,0,0,000000000,00000000000,0,0,0,1,0,0,0,0,0,0,0,998,0,2,5,0,13,6,2,1,0,0,0,1,39,44428,6,1,0,0,3,0,72,130,0,0,0,0,0,0,0,0,0,1,0,0,0,0,1,2,45,2,1,3,1,0,0,14,6,1,1,4,6,1,1
39,390382,1,2,2,3,7,23,3,12,6,1,0,39,1,37,31,37031,2,1997,1HGEJ8146VL1,1,H,G,E,J,8,1,4,6,V,L,1,0,P,HOND,UAX,CP,97,17,2460,,0,1032,,G,,F,4,097,,,14R185,,,,,,0,0,000000000,00000000000,0,0,0,1,0,0,0,0,0,0,0,55,0,0,0,12,12,6,2,12,0,0,0,1,39,44281,6,1,0,0,3,0,72,180,0,1,0,0,0,3,2010,3,2010,0,39,0,0,0,2,2,60,1,1,2,1,3,3,1,17,1,1,1,86,0,1
39,390382,2,2,5,3,7,23,3,12,6,1,0,39,2,35,47,35047,4,2005,1N4AL11D85C1,1,N,4,A,L,1,1,D,8,5,C,1,0,P,NISS,ASL,4D,5,17,2915,,0,1102,,G,,F,4,153,,,16R215,,,,,,0,0,000000000,00000000000,0,0,0,1,0,0,0,0,0,0,0,15,0,0,0,3,3,6,2,12,0,0,0,1,39,44214,6,1,0,0,3,0,75,200,0,0,0,0,0,0,0,0,0,0,0,0,0,0,2,2,55,1,1,2,1,3,3,1,66,1,1,1,87,1,1
39,390383,1,1,1,4,7,15,45,18,0,1,0,39,1,53,705,53705,80,2003,JS1GR7HA4321,J,S,1,G,R,7,H,A,4,3,2,1,0,M,SUZI,SX7,RC,3,17,,,,,,,749,,4,,4,365,,,,,,,0,0,000000000,00000000000,0,0,0,1,0,0,0,0,0,0,0,998,0,0,0,1,1,4,1,18,0,0,0,1,39,43130,6,1,0,0,3,0,65,130,0,0,0,0,0,0,0,0,0,0,36,0,0,0,1,2,55,3,2,4,11,0,0,14,13,1,1,4,1,1,0
39,390384,1,2,2,4,7,19,5,12,6,1,0,39,2,20,22,20022,4,2007,1G1AK55F7772,1,G,1,A,K,5,5,F,7,7,7,2,0,P,CHEV,BLS,4D,7,17,3216,,0,1033,,G,,F,4,134,,,15R195,,,,,,0,0,000000000,00000000000,0,0,0,1,0,0,0,0,0,0,0,43,0,0,0,1,1,6,2,12,0,0,0,1,39,43764,6,1,0,0,3,0,72,181,0,3,0,0,0,2,2009,4,2011,1,0,0,0,0,1,2,55,3,2,2,1,0,0,14,10,6,1,6,66,1,0
39,390384,2,2,2,4,7,19,5,12,6,1,0,39,1,20,481,20481,31,2004,1GCHK29224E3,1,G,C,H,K,2,9,2,2,4,E,3,0,T,CHEV,2KH,4C,4,17,,2,1575,1435,SIL,D,,,8,403,,,,C,5631,00,,44,0,0,000000000,00000000000,0,0,0,1,0,0,0,0,0,0,0,45,0,0,0,11,11,6,2,12,0,0,0,1,39,43748,6,1,0,0,3,0,75,240,1,0,0,2,1,2,2009,6,2011,0,0,0,0,0,1,2,55,2,2,2,1,0,0,14,62,1,1,1,66,0,0
39,390385,1,1,1,4,7,21,5,14,0,1,0,39,2,53,706,53706,80,1992,JS1GV73A0N21,J,S,1,G,V,7,3,A,0,N,2,1,0,M,SUZI,SX1,RC,92,17,,,,,,,1127,,4,,4,498,,,,,,,0,0,000000000,00000000000,0,0,0,1,0,0,0,0,0,0,0,65,0,0,0,12,12,4,3,14,0,0,0,1,39,44144,6,1,0,0,3,0,65,140,0,2,1,0,0,2,2009,9,2009,1,36,0,0,0,1,2,25,1,1,2,1,20,3,1,6,1,1,4,11,1,1
39,390386,1,1,1,9,7,18,53,35,0,1,0,39,1,76,706,76706,80,2008,1HD1FC4198Y7,1,H,D,1,F,C,4,1,9,8,Y,7,0,M,HD,FLU,RS,8,17,,,,,,,1584,,2,,4,851,,,,,,,0,0,000000000,00000000000,0,0,0,1,0,0,0,0,0,0,0,998,0,0,0,3,3,4,3,1,0,0,0,1,39,45760,6,1,0,0,3,0,70,165,1,0,0,0,1,9,2009,10,2009,0,28,0,0,0,2,2,45,1,2,2,1,98,3,1,12,1,1,4,6,1,1
39,390387,1,1,1,9,7,3,35,8,0,1,1,99,9,99,999,99999,99,9999,999999999999,9,9,9,9,9,9,9,9,9,9,9,9,0,,,,,,,,,,,,,,,,,,,,,,,,,0,0,000000000,00000000000,0,0,0,1,0,0,0,0,0,0,0,999,0,0,0,99,99,0,1,8,0,0,0,1,99,99999,9,9,99,9,9,9,999,999,99,99,99,99,99,99,9999,99,9999,9,86,0,0,0,2,2,65,1,1,2,1,0,0,99,80,99,9,9,13,0,0
39,390388,1,1,3,10,7,2,52,33,0,1,0,39,2,22,20,22020,4,1997,1G2WP52K7VF2,1,G,2,W,P,5,2,K,7,V,F,2,0,P,PONT,GPG,4D,97,17,3414,,0,1105,,G,,F,6,231,,,16R225,,,,,,0,0,000000000,00000000000,0,0,0,1,0,0,0,0,0,0,0,50,0,0,0,1,1,6,2,18,0,0,0,1,39,45227,6,1,0,0,3,0,72,170,0,1,0,0,0,7,2010,7,2010,1,0,0,0,0,1,2,35,1,1,2,1,0,0,1,6,1,1,4,6,1,0
39,390389,1,2,1,18,4,16,25,24,0,1,0,39,1,12,471,12471,30,1999,1FTYR10C1XTA,1,F,T,Y,R,1,0,C,1,X,T,A,0,T,FORD,RNG,PK,99,17,,1,1175,1116,RNG,G,,,4,153,,,,B,00000,00,U,42,0,0,000000000,00000000000,0,0,0,1,0,0,0,0,0,0,0,998,0,0,0,3,13,6,2,12,0,0,0,1,39,45053,6,1,0,0,3,0,66,135,0,0,0,2,0,12,2009,6,2010,0,28,0,0,0,1,2,55,3,2,2,98,0,0,14,13,6,1,4,1,1,0
39,390389,2,2,3,18,4,16,25,24,0,1,0,39,1,20,421,20421,15,2001,1GNEK13T71R1,1,G,N,E,K,1,3,T,7,1,R,1,0,P,CHEV,KTA,UT,1,17,5050,,0,1160,,G,,F,8,325,,,16R245,,,,,,0,0,000000000,00000000000,0,0,0,1,0,0,0,0,0,0,0,55,0,0,0,12,12,6,2,12,0,0,0,1,39,45053,6,1,0,0,3,0,65,150,0,0,0,0,0,0,0,0,0,0,0,0,0,0,1,2,55,2,2,2,98,0,0,14,62,1,1,1,98,0,0
39,390390,1,2,1,25,5,14,36,12,2,1,0,39,1,35,47,35047,4,2009,1N4AL21E29C1,1,N,4,A,L,2,1,E,2,9,C,1,0,P,NISS,ATS,4D,9,17,3179,,0,1093,,G,,F,4,153,,,16R215,,,,,,0,0,000000000,00000000000,0,0,0,1,0,0,0,0,0,0,0,40,0,0,0,12,12,6,2,12,0,0,0,1,39,44089,6,1,0,0,3,0,71,200,0,0,0,0,0,0,0,0,0,0,28,0,0,0,1,4,25,1,1,2,1,0,0,1,10,1,1,2,50,1,0
39,390390,2,2,3,25,5,14,36,12,2,1,0,39,3,99,999,99999,99,9999,999999999999,9,9,9,9,9,9,9,9,9,9,9,9,0,,,,,,,,,,,,,,,,,,,,,,,,,0,0,000000000,00000000000,0,0,0,1,0,0,0,0,0,0,0,25,0,0,0,12,12,2,9,12,0,0,0,1,39,44089,6,1,6,1,3,0,67,170,0,0,0,0,0,0,0,0,0,0,0,0,0,0,1,4,25,1,1,2,1,0,0,1,62,1,1,1,51,0,0
39,390391,1,1,1,22,6,6,11,34,0,1,0,39,1,49,40,49040,4,2002,4T1BE32K52U5,4,T,1,B,E,3,2,K,5,2,U,5,0,P,TOYT,LXS,4D,2,17,3086,,0,1071,,G,,F,4,144,,,15R205,,,,,,0,0,000000000,00000000000,0,0,0,1,0,0,0,0,0,0,0,35,0,0,0,12,12,6,2,42,0,0,0,1,39,44256,6,1,0,0,3,0,62,125,1,0,0,0,0,11,2008,11,2008,0,99,99,99,99,1,2,40,1,1,2,1,0,0,1,12,1,1,4,6,1,0
39,390392,1,2,1,30,6,10,3,12,2,1,0,39,2,20,16,20016,9,1989,999999999999,9,9,9,9,9,9,9,9,9,9,9,9,0,,,,,,,,,,,,,,,,,,,,,,,,,0,0,000000000,00000000000,0,0,0,1,0,0,0,0,0,0,0,45,0,0,0,12,11,6,2,12,0,0,0,1,39,44077,6,1,0,0,3,0,65,145,1,0,0,0,0,10,2008,10,2008,0,28,0,0,0,1,4,45,1,1,2,1,98,3,1,10,1,1,2,50,1,1
39,390392,2,2,1,30,6,10,3,12,2,1,0,39,3,84,881,84881,66,2004,1HSWYAHTX4J0,1,H,S,W,Y,A,H,T,X,4,J,0,1,T,INTL,760,TR,4,17,,8,0,0,70S,D,,,6,661,,,,,00000,00,,64,1,88,888888888,88888888888,3,6,2,1,0,0,0,0,0,0,0,45,0,0,0,12,11,6,9,12,0,0,0,1,39,44060,6,1,6,0,3,0,70,208,0,0,0,0,0,0,0,0,0,0,0,0,0,0,1,4,45,1,1,2,1,98,3,1,62,1,1,1,51,0,0
39,390393,1,2,1,2,7,18,27,1,0,1,0,39,1,24,401,24401,14,2006,5GZCZ23DX6S8,5,G,Z,C,Z,2,3,D,X,6,S,8,0,P,STRN,VUE,UT,6,17,3207,,0,1066,,G,,F,4,134,,,16R215,,,,,,0,0,000000000,00000000000,0,0,0,1,0,0,0,0,0,0,0,55,0,0,0,12,12,2,9,12,0,0,0,1,39,44260,6,1,0,0,3,0,68,120,0,0,0,0,0,0,0,0,0,0,0,0,0,0,2,2,55,1,1,2,1,0,0,1,66,1,1,1,98,0,0
39,390393,2,2,1,2,7,18,27,1,0,1,0,39,1,73,706,73706,80,1995,JKAZXBD14SB5,J,K,A,Z,X,B,D,1,4,S,B,5,0,M,KAWK,ZXD,RC,95,17,,,,,,,1100,,4,,4,531,,,,,,,0,0,000000000,00000000000,0,0,0,1,0,0,0,0,0,0,0,998,0,0,0,0,9,6,2,12,0,0,0,1,39,44305,6,1,0,0,3,0,73,240,0,0,0,1,0,6,2009,6,2009,0,39,0,0,0,2,2,45,1,1,2,1,20,3,1,8,3,3,2,98,1,0
39,390394,1,1,3,3,7,21,55,34,0,1,0,39,2,49,40,49040,4,1992,4T1SK12E9NU1,4,T,1,S,K,1,2,E,9,N,U,1,0,P,TOYT,CLE,4D,92,17,3053,,0,1031,,G,,F,4,132,,,000000,,,,,,0,0,000000000,00000000000,0,0,0,1,0,0,0,0,0,0,0,35,0,0,0,3,3,4,3,42,0,0,0,1,21,45106,6,7,0,0,2,0,70,185,0,0,0,0,0,0,0,0,0,0,28,0,0,0,1,2,55,1,1,2,1,0,0,1,13,1,1,4,1,1,1
39,390395,1,2,1,5,7,7,30,12,6,1,0,39,3,85,881,85881,63,2000,1NKDLU0X3YJ8,1,N,K,D,L,U,0,X,3,Y,J,8,0,T,KW,T80,CC,0,17,,8,2600,1600,CON,D,,,6,733,,,,,00000,00,,64,0,88,888888888,88888888888,3,2,4,1,0,0,0,0,0,0,0,55,0,0,0,12,1,6,2,12,0,0,0,1,39,44483,6,1,6,0,3,0,70,135,1,0,0,0,1,4,2011,4,2011,0,0,0,0,0,1,2,55,1,2,2,1,0,0,1,62,1,1,1,69,0,0
39,390395,2,2,2,5,7,7,30,12,6,1,0,39,1,12,17,12017,4,1995,1FALP52U1SA2,1,F,A,L,P,5,2,U,1,S,A,2,0,P,FORD,TGS,4D,95,17,3118,,0,1060,,G,,F,6,182,,,15R205,,,,,,0,0,000000000,00000000000,0,0,0,1,0,0,0,0,0,0,0,998,0,0,0,3,3,6,2,12,0,0,0,1,39,44266,1,1,0,0,2,0,66,130,0,1,0,0,5,12,2008,9,2010,0,38,0,0,0,1,2,55,1,2,2,1,0,0,11,15,1,1,1,68,2,0
39,390396,1,1,1,6,7,16,55,1,0,1,0,54,1,37,705,37705,80,2001,JH2RC44631K5,J,H,2,R,C,4,4,6,3,1,K,5,0,M,HOND,V7D,RS,1,17,,,,,,,745,,2,,4,505,,,,,,,0,0,000000000,00000000000,0,0,0,1,0,0,0,0,0,0,0,998,0,0,0,0,3,4,3,1,0,0,0,1,39,43935,6,1,0,0,3,0,68,200,0,0,0,0,0,0,0,0,0,0,0,0,0,0,1,2,55,2,2,2,11,0,0,14,8,1,1,1,98,1,0
39,390397,1,2,1,7,7,11,8,12,2,1,0,39,1,20,461,20461,21,2004,1GBHG31U9412,1,G,B,H,G,3,1,U,9,4,1,2,0,T,CHEV,CT3,YY,4,17,,2,1770,1390,ETV,G,,,8,364,,,,D,4623,03,,42,0,0,000000000,00000000000,0,0,0,1,0,0,0,0,0,0,0,998,0,0,0,12,11,6,2,12,0,0,0,1,39,44691,6,1,0,0,3,3,70,250,0,0,0,0,0,0,0,0,0,0,0,0,0,0,1,2,55,3,2,2,1,0,0,14,62,1,1,1,51,1,0
39,390397,2,2,1,7,7,11,8,12,2,1,0,39,3,20,870,20870,61,2009,1GBJG31K9911,1,G,B,J,G,3,1,K,9,9,1,1,0,T,CHEV,CT3,YY,9,17,,3,1770,1390,ETV,G,,,8,366,,,,D,4528,00,,42,0,88,888888888,88888888888,2,1,1,1,0,0,0,0,0,0,0,998,0,0,0,12,11,6,2,12,0,0,0,1,39,44901,6,1,0,0,3,3,75,170,0,1,0,1,0,5,2010,7,2010,0,28,0,0,0,1,2,55,2,2,2,1,0,0,14,10,1,1,2,50,0,0
39,390398,1,3,1,9,7,5,43,12,8,1,0,39,1,24,1,24001,4,1993,1G8ZK5579PZ2,1,G,8,Z,K,5,5,7,9,P,Z,2,0,P,STRN,SL2,4D,93,17,0,,0,1024,,G,,F,4,116,,,15R195,,,,,,0,0,000000000,00000000000,0,0,0,1,0,0,0,0,0,0,0,998,0,0,0,11,3,6,2,12,0,0,0,1,39,45144,6,1,0,0,3,0,63,127,1,0,0,1,0,11,2009,6,2011,0,28,0,0,0,1,2,55,1,1,2,1,0,0,1,10,1,1,2,66,1,0
39,390398,2,3,5,9,7,5,43,12,8,1,0,19,1,34,34,34034,4,1998,WBACD4322WAV,W,B,A,C,D,4,3,2,2,W,A,V,0,P,BMW,8IA,4D,98,17,3208,,0,1063,,G,,F,6,170,,,15R205,,,,,,0,0,000000000,00000000000,0,0,0,1,0,0,0,0,0,0,0,55,0,0,0,11,11,6,2,12,0,0,0,1,19,52732,6,1,0,0,3,0,59,143,0,0,0,1,0,8,2008,8,2008,0,0,0,0,0,1,2,55,1,1,2,1,0,0,1,62,1,1,1,66,0,0
39,390398,3,3,1,9,7,5,43,12,8,1,0,18,3,84,881,84881,66,2009,2HSCDAPR99C0,2,H,S,C,D,A,P,R,9,9,C,0,2,T,INTL,92I,TR,9,17,,8,0,0,920,D,,,6,915,,,,,00000,00,,42,1,57,021800,57021800,3,7,1,1,0,0,0,0,0,0,0,55,1,0,0,12,12,6,2,12,0,0,0,1,39,45601,6,1,6,1,3,0,66,130,0,0,0,1,0,3,2010,3,2010,0,0,0,0,0,1,2,55,1,1,2,1,0,0,1,54,1,1,1,98,0,0