STATE,ST_CASE,VEH_NO,VE_FORMS,NUMOCCS,DAY,MONTH,HOUR,MINUTE,HARM_EV,MAN_COLL,UNITTYPE,HIT_RUN,REG_STAT,OWNER,MAKE,MODEL,MAK_MOD,BODY_TYP,MOD_YEAR,VIN,VIN_1,VIN_2,VIN_3,VIN_4,VIN_5,VIN_6,VIN_7,VIN_8,VIN_9,VIN_10,VIN_11,VIN_12,TOW_VEH,VINTYPE,VINMAKE,VINA_MOD,VIN_BT,VINMODYR,VIN_LNGT,VIN_WGT,WGTCD_TR,WHLBS_LG,WHLBS_SH,SER_TR,FUELCODE,MCYCL_DS,CARBUR,CYLINDER,DISPLACE,MCYCL_CY,MCYCL_WT,TIRE_SZE,TON_RAT,TRK_WT,TRKWTVAR,VIN_REST,WHLDRWHL,J_KNIFE,MCARR_I1,MCARR_I2,MCARR_ID,GVWR,V_CONFIG,CARGO_BT,HAZ_INV,HAZ_PLAC,HAZ_ID,HAZ_CNO,HAZ_REL,BUS_USE,SPEC_USE,EMER_USE,TRAV_SP,UNDERIDE,ROLLOVER,ROLINLOC,IMPACT1,IMPACT2,DEFORMED,TOWED,M_HARM,VEH_SC1,VEH_SC2,FIRE_EXP,DR_PRES,L_STATE,DR_ZIP,L_STATUS,L_TYPE,CDL_STAT,L_ENDORS,L_COMPL,L_RESTRI,DR_HGT,DR_WGT,PREV_ACC,PREV_SUS,PREV_DWI,PREV_SPD,PREV_OTH,FIRST_MO,FIRST_YR,LAST_MO,LAST_YR,SPEEDREL,DR_SF1,DR_SF2,DR_SF3,DR_SF4,VTRAFWAY,VNUM_LAN,VSPD_LIM,VALIGN,VPROFILE,VPAVETYP,VSURCOND,VTRAFCON,VTCONT_F,P_CRASH1,P_CRASH2,P_CRASH3,PCRASH4,PCRASH5,ACC_TYPE,DEATHS,DR_DRINK
39,390399,1,1,1,29,4,2,2,30,0,1,0,39,2,20,499,20499,39,1997,1GCEC19M1VE1,1,G,C,E,C,1,9,M,1,V,E,1,0,T,CHEV,GC1,PC,97,17,,2,1555,1415,GM4,G,,,8,305,,,,B,4160,00,,42,0,0,000000000,00000000000,0,0,0,1,0,0,0,0,0,0,0,998,0,0,0,12,12,6,9,14,0,0,0,1,39,44504,6,1,0,0,3,3,71,267,0,2,0,0,0,6,2008,12,2010,0,36,0,0,0,1,2,99,1,1,2,2,0,0,1,9,1,2,4,2,1,1
39,390400,1,1,1,29,5,20,23,42,0,1,0,39,1,41,471,41471,30,1994,4F4CR12A9RTM,4,F,4,C,R,1,2,A,9,R,T,M,0,T,MAZD,RGC,PK,94,17,,1,0,1079,B23,G,,,4,140,,,,,2918,00,A,42,0,0,000000000,00000000000,0,0,0,1,0,0,0,0,0,0,0,998,0,0,0,12,12,6,2,35,0,0,0,1,39,45102,6,1,0,0,3,0,71,150,0,0,0,0,0,0,0,0,0,1,0,0,0,0,1,2,55,4,2,2,1,0,0,14,13,6,1,4,1,1,0
39,390401,1,2,1,3,6,18,54,12,6,1,0,39,1,37,706,37706,80,1986,1HFSC1410GA2,1,H,F,S,C,1,4,1,0,G,A,2,0,M,HOND,G12,RS,86,17,,,,,,,1200,,4,,4,699,,,,,,,0,0,000000000,00000000000,0,0,0,1,0,0,0,0,0,0,0,998,0,0,0,12,5,6,2,12,0,0,0,1,39,44146,1,1,0,0,2,0,75,260,2,1,0,6,0,10,2008,4,2011,0,0,0,0,0,1,4,25,1,1,2,1,3,2,1,17,1,1,1,69,1,0
39,390401,2,2,3,3,6,18,54,12,6,1,0,39,2,23,401,23401,14,2006,1GKET16S4661,1,G,K,E,T,1,6,S,4,6,6,1,0,T,GMC,EXL,4W,6,17,,2,0,1290,ENV,G,,,6,256,,,,B,4594,00,4,44,0,0,000000000,00000000000,0,0,0,1,0,0,0,0,0,0,0,998,0,0,0,4,12,2,3,12,0,0,0,1,39,44125,6,1,0,0,3,0,76,170,0,0,0,0,0,0,0,0,0,0,38,0,0,0,1,4,25,1,1,2,1,3,2,11,17,1,1,1,68,0,0
39,390402,1,1,1,30,6,12,25,32,0,1,0,39,1,13,1,13001,4,2001,1LNHM83W11Y6,1,L,N,H,M,8,3,W,1,1,Y,6,0,P,LINC,CAR,4D,1,17,4128,,0,1177,,G,,F,8,281,,,16R225,,,,,,0,0,000000000,00000000000,0,0,0,1,0,0,0,0,0,0,0,998,0,1,5,12,12,6,2,32,0,0,0,1,39,43551,6,1,0,0,3,0,71,223,0,0,0,0,0,0,0,0,0,0,0,0,0,0,1,2,55,1,1,2,1,0,0,1,12,1,1,4,6,1,1
39,390403,1,1,1,1,7,2,35,26,0,1,0,39,2,21,21,21021,4,2002,1G3NL52E92C3,1,G,3,N,L,5,2,E,9,2,C,3,0,P,OLDS,A/G,4D,2,17,3016,,0,1070,,G,,F,6,207,,,15R215,,,,,,0,0,000000000,00000000000,0,0,0,1,0,0,0,0,0,0,0,55,0,0,0,10,12,6,2,42,0,0,0,1,39,45231,1,1,0,0,2,3,69,165,2,7,0,0,7,5,2009,6,2011,0,36,0,0,0,3,3,55,1,2,2,1,0,0,1,9,1,2,4,7,1,1
39,390404,1,1,2,2,7,15,15,34,0,1,0,39,2,41,45,41045,1,1994,999999999999,9,9,9,9,9,9,9,9,9,9,9,9,0,,,,,,,,,,,,,,,,,,,,,,,,,0,0,000000000,00000000000,0,0,0,1,0,0,0,0,0,0,0,70,0,1,5,12,13,6,2,1,0,0,0,1,39,45133,6,1,0,0,3,0,65,120,0,0,0,0,0,0,0,0,0,0,0,0,0,0,1,2,55,1,2,2,1,0,0,1,12,1,1,4,6,1,0
39,390405,1,1,1,2,7,19,58,11,0,1,0,39,1,72,706,72706,80,1992,1HD1CAP19NY1,1,H,D,1,C,A,P,1,9,N,Y,1,0,M,HD,XL2,RS,92,17,,,,,,,1200,,2,,4,457,,,,,,,0,0,000000000,00000000000,0,0,0,1,0,0,0,0,0,0,0,998,0,0,0,12,9,4,3,11,0,0,0,1,39,45724,6,1,0,0,3,0,67,175,0,0,0,0,0,0,0,0,0,0,83,0,0,0,1,2,55,4,2,2,1,0,0,14,87,2,1,1,13,1,0
39,390406,1,1,1,2,7,19,18,1,0,1,0,39,1,72,706,72706,80,2010,1HD1KEM16AB6,1,H,D,1,K,E,M,1,6,A,B,6,0,M,HD,FTK,RS,10,17,,,,,,,1690,,2,,4,901,,,,,,,0,0,000000000,00000000000,0,0,0,1,0,0,0,0,0,0,0,40,0,0,0,0,3,6,2,42,0,0,0,1,39,45750,6,1,0,0,3,0,74,195,0,0,0,0,0,0,0,0,0,1,0,0,0,0,1,2,55,2,2,2,1,0,0,14,12,1,1,4,6,1,0
39,390407,1,1,2,2,7,18,30,30,0,1,0,39,2,53,734,53734,90,2004,999999999999,9,9,9,9,9,9,9,9,9,9,9,9,0,,,,,,,,,,,,,,,,,,,,,,,,,0,0,000000000,00000000000,0,0,0,1,0,0,0,0,0,0,0,998,0,0,0,12,12,6,2,30,0,0,0,1,39,45856,1,8,0,0,2,0,65,185,0,1,0,1,1,1,2010,6,2011,0,0,0,0,0,1,2,99,1,1,2,1,0,0,1,13,1,1,4,1,2,0
39,390408,1,1,1,3,7,6,41,43,0,1,0,54,1,52,34,52034,4,2005,4A3AB36F35E0,4,A,3,A,B,3,6,F,3,5,E,0,0,P,MITS,ELM,4D,5,17,3351,,0,1083,,G,,F,4,146,,,16R215,,,,,,0,0,000000000,00000000000,0,0,0,1,0,0,0,0,0,0,0,998,0,0,0,2,2,6,2,43,0,0,0,1,54,43963,6,1,0,0,3,3,69,190,0,2,0,0,2,2,2009,3,2009,1,36,0,0,0,1,2,55,1,1,2,1,0,0,1,6,1,2,4,7,1,1
39,390409,1,1,4,4,7,15,55,30,0,1,0,39,1,37,31,37031,2,1994,1HGEJ1226RL0,1,H,G,E,J,1,2,2,6,R,L,0,0,P,HOND,CEX,CP,94,17,2439,,0,1032,,G,,F,4,097,,,14R185,,,,,,0,0,000000000,00000000000,0,0,0,1,0,0,0,0,0,0,0,60,0,0,0,2,2,6,2,30,0,0,0,1,39,45879,1,1,0,0,2,0,72,212,0,1,0,1,0,9,2010,12,2010,1,0,0,0,0,1,2,55,4,1,2,1,0,0,14,13,1,1,4,1,1,0
39,390410,1,1,2,4,7,21,51,8,0,1,1,39,2,20,23,20023,6,2008,3GNDA23D38S5,3,G,N,D,A,2,3,D,3,8,S,5,0,P,CHEV,HHR,UT,8,17,3155,,0,1035,,G,,F,4,134,,,16R215,,,,,,0,0,000000000,00000000000,0,0,0,1,0,0,0,0,0,0,0,998,0,0,0,2,2,2,3,8,0,0,0,1,39,45427,6,1,0,0,3,3,71,150,0,1,0,0,2,11,2010,1,2011,0,0,0,0,0,1,2,30,1,1,2,1,0,0,1,81,1,1,1,13,0,0
39,390411,1,1,4,8,7,21,27,35,0,1,0,39,2,21,401,21401,14,1998,1GHDT13W3W27,1,G,H,D,T,1,3,W,3,W,2,7,0,P,OLDS,BRA,UT,98,17,4023,,0,1070,,G,,F,6,262,,,15R235,,,,,,0,0,000000000,00000000000,0,0,0,1,0,0,0,0,0,0,0,50,0,1,4,12,98,6,2,1,0,0,0,1,39,45365,6,1,0,0,3,0,71,140,0,7,0,0,5,11,2009,11,2010,1,0,0,0,0,1,2,55,4,2,2,1,40,3,14,13,1,1,4,1,1,1
39,390412,1,1,1,9,7,19,40,11,0,1,0,39,1,72,706,72706,80,1994,1HD1BJL49RY0,1,H,D,1,B,J,L,4,9,R,Y,0,0,M,HD,STC,RS,94,17,,,,,,,1340,,2,,4,710,,,,,,,0,0,000000000,00000000000,0,0,0,1,0,0,0,0,0,0,0,998,0,0,0,12,12,6,2,11,0,0,0,1,39,43730,6,1,0,0,3,0,69,196,0,0,0,0,0,0,0,0,0,0,0,0,0,0,1,2,55,1,1,2,1,0,0,1,87,1,1,1,13,1,0
39,390413,1,2,1,9,7,18,2,12,2,1,0,39,1,20,431,20431,16,1987,1GNGR26N3HF1,1,G,N,G,R,2,6,N,3,H,F,1,0,P,CHEV,R20,UT,87,17,4558,,0,1295,,G,,F,8,454,,,000000,,,,,,0,0,000000000,00000000000,0,0,0,1,0,0,0,0,0,0,0,998,0,0,0,12,12,6,2,12,0,0,0,1,39,45251,6,1,0,0,3,3,64,218,2,0,0,0,4,8,2009,12,2010,0,0,0,0,0,1,4,55,4,1,2,1,0,0,14,10,1,1,2,50,1,0
39,390413,2,2,2,9,7,18,2,12,2,1,1,39,5,7,472,7472,30,1998,1B7GL22X0WS5,1,B,7,G,L,2,2,X,0,W,S,5,0,T,DODG,DAK,PC,98,17,,1,0,1309,DAK,G,,,6,239,,,,,3434,00,U,42,0,0,000000000,00000000000,0,0,0,1,0,0,0,0,0,0,0,998,0,0,0,12,12,6,2,12,0,0,0,1,39,45238,6,1,0,0,3,0,69,245,0,0,0,0,0,0,0,0,0,0,0,0,0,0,1,4,55,4,1,2,1,0,0,14,62,8,1,1,51,0,0
39,390414,1,1,1,9,7,17,56,42,0,1,0,39,2,72,706,72706,80,1984,1HD1AAK39EY0,1,H,D,1,A,A,K,3,9,E,Y,0,0,M,HD,FL8,RS,84,17,,,,,,,1340,,2,,4,999,,,,,,,0,0,000000000,00000000000,0,0,0,1,0,0,0,0,0,0,0,998,0,0,0,9,9,6,2,42,0,0,0,1,39,45660,1,1,0,0,2,0,70,220,1,4,0,0,4,5,2010,3,2011,1,0,0,0,0,1,2,55,4,2,4,1,0,0,14,12,1,1,4,6,1,1
39,390415,1,1,1,10,7,19,30,35,0,1,0,39,2,37,706,37706,80,1996,1HFSC3201TA1,1,H,F,S,C,3,2,0,1,T,A,1,0,M,HOND,VT2,RS,96,17,,,,,,,1099,,2,,4,533,,,,,,,0,0,000000000,00000000000,0,0,0,1,0,0,0,0,0,0,0,998,0,0,0,9,12,4,3,1,0,0,0,1,39,43107,6,1,0,0,3,3,70,199,2,1,0,2,4,8,2008,12,2010,1,36,0,0,0,1,2,55,4,2,2,1,0,0,14,13,1,2,4,2,1,1
39,390416,1,1,1,10,7,21,55,30,0,1,0,39,1,20,37,20037,4,2006,1G1ZT61886F1,1,G,1,Z,T,6,1,8,8,6,F,1,0,P,CHEV,XLT,4D,6,17,3459,,0,1063,,G,,F,6,214,,,16R215,,,,,,0,0,000000000,00000000000,0,0,0,1,0,0,0,0,0,0,0,998,0,1,5,9,9,6,2,30,0,0,0,1,39,45424,6,1,0,0,3,0,72,155,0,0,0,0,0,0,0,0,0,1,0,0,0,0,1,2,55,4,2,2,1,40,3,14,13,2,1,4,1,1,1
39,390417,1,1,1,11,7,7,25,34,0,1,0,39,3,20,421,20421,15,2000,999999999999,9,9,9,9,9,9,9,9,9,9,9,9,0,,,,,,,,,,,,,,,,,,,,,,,,,0,0,000000000,00000000000,0,0,0,1,0,0,0,0,0,0,0,55,0,1,5,10,98,6,2,1,0,0,0,1,39,44234,6,1,0,0,3,3,67,165,1,0,0,0,0,2,2009,2,2009,0,0,0,0,0,1,2,55,2,1,2,1,0,0,14,12,1,1,4,6,1,0
39,390418,1,2,1,18,7,7,5,12,7,1,0,39,1,18,22,18022,4,2011,1G4GE5ED4BF1,1,G,4,G,E,5,E,D,4,B,F,1,0,P,BUIC,LAS,4D,11,17,4045,,0,1117,,G,,F,6,220,,,18R235,,,,,,0,0,000000000,00000000000,0,0,0,1,0,0,0,0,0,0,0,50,0,0,0,9,2,6,2,31,0,0,0,1,39,44137,6,1,0,0,3,3,75,190,0,1,0,1,0,12,2010,6,2011,1,99,99,99,99,1,4,25,1,1,2,1,3,3,1,17,1,1,2,45,1,0
39,390418,2,2,1,18,7,7,5,12,7,1,0,39,1,6,51,6051,4,2009,2C3KA43D59H5,2,C,3,K,A,4,3,D,5,9,H,5,0,P,CHRY,3LX,4D,9,17,3712,,0,1200,,G,,F,6,165,,,17R215,,,,,,0,0,000000000,00000000000,0,0,0,1,0,0,0,0,0,0,0,998,0,0,0,3,3,4,1,12,0,0,0,1,39,44286,6,1,0,0,3,3,63,160,0,0,0,0,0,0,0,0,0,0,0,0,0,0,1,4,25,1,1,2,1,3,3,1,17,1,1,1,44,0,0
39,390419,1,2,3,10,7,14,50,12,2,1,0,39,1,20,403,20403,14,2007,1GNDT13S4723,1,G,N,D,T,1,3,S,4,7,2,3,0,P,CHEV,TRL,UT,7,17,4523,,0,1130,,G,,F,6,256,,,17R245,,,,,,0,0,000000000,00000000000,0,0,0,1,0,0,0,0,0,0,0,30,0,0,0,12,11,6,2,12,0,0,0,1,39,44060,6,1,0,0,3,3,64,125,0,0,0,0,0,0,0,0,0,0,0,0,0,0,1,2,55,3,1,2,1,0,0,14,62,1,1,1,51,0,0
39,390419,2,2,1,10,7,14,50,12,2,1,0,39,1,72,706,72706,80,2003,1HD1DDV123Y6,1,H,D,1,D,D,V,1,2,3,Y,6,0,M,HD,FHT,RS,3,17,,,,,,,1450,,2,,4,758,,,,,,,0,0,000000000,00000000000,0,0,0,1,0,0,0,0,0,0,0,998,0,0,0,12,12,6,2,12,0,0,0,1,39,44077,6,1,0,0,3,0,72,175,0,0,0,1,0,7,2010,7,2010,0,28,0,0,0,1,2,55,2,1,2,1,0,0,14,10,1,1,2,50,1,1
39,390420,1,3,1,11,7,11,58,12,7,1,0,39,1,20,2,20002,9,1989,999999999999,9,9,9,9,9,9,9,9,9,9,9,9,0,,,,,,,,,,,,,,,,,,,,,,,,,0,0,000000000,00000000000,0,0,0,1,0,0,0,0,0,0,0,80,0,0,0,3,13,6,2,12,0,0,0,1,39,45459,6,1,0,0,3,0,74,180,0,2,0,2,3,11,2009,10,2010,1,36,0,0,0,1,4,55,1,1,2,1,0,0,1,6,1,1,1,44,1,0
39,390420,2,3,1,11,7,11,58,12,7,1,0,39,1,37,441,37441,20,2004,5FNRL18644B0,5,F,N,R,L,1,8,6,4,4,B,0,0,P,HOND,UDY,SV,4,17,4365,,0,1181,,G,,F,6,212,,,16R225,,,,,,0,0,000000000,00000000000,0,0,0,1,0,0,0,0,0,0,0,35,0,0,0,9,9,4,3,12,0,0,0,1,39,45068,6,1,0,0,3,0,62,125,0,0,0,0,0,0,0,0,0,0,0,0,0,0,1,4,55,1,1,2,1,0,0,15,53,1,1,1,45,0,0
39,390420,3,3,1,11,7,11,58,12,7,1,0,39,1,49,47,49047,6,2005,2T1KR32E75C4,2,T,1,K,R,3,2,E,7,5,C,4,0,P,TOYT,CTR,4H,5,17,2679,,0,1024,,G,,F,4,109,,,16R205,,,,,,0,0,000000000,00000000000,0,0,0,1,0,0,0,0,0,0,0,998,0,0,0,12,12,6,2,12,0,0,0,1,39,45449,6,1,0,0,3,3,64,120,0,0,0,0,0,0,0,0,0,0,0,0,0,0,1,4,55,1,1,2,1,0,0,1,62,1,1,1,98,0,0
39,390421,1,1,1,11,7,14,19,1,0,1,0,39,1,72,706,72706,80,2007,1HD4CP2167K4,1,H,D,4,C,P,2,1,6,7,K,4,0,M,HD,L8C,RS,7,17,,,,,,,883,,2,,4,565,,,,,,,0,0,000000000,00000000000,0,0,0,1,0,0,0,0,0,0,0,998,0,0,0,0,3,6,2,38,0,0,0,1,39,43773,6,1,0,0,3,0,71,185,1,1,0,1,2,10,2009,9,2010,1,0,0,0,0,1,2,55,3,2,2,1,0,0,14,6,1,1,4,1,1,0
39,390422,1,2,1,16,7,1,12,12,6,1,0,39,2,12,481,12481,31,2001,1FTRW08W41KE,1,F,T,R,W,0,8,W,4,1,K,E,0,T,FORD,F1S,CW,1,17,,2,0,1388,COF,G,,,8,281,,,,B,4914,01,E,44,0,0,000000000,00000000000,0,0,0,1,0,0,0,0,0,0,0,998,0,0,0,12,12,6,2,12,0,0,0,1,39,45601,6,1,0,0,3,0,70,190,0,0,0,1,2,8,2008,7,2011,0,39,0,0,0,1,2,55,1,1,2,1,20,3,1,17,1,1,1,86,0,1
39,390422,2,2,2,16,7,1,12,12,6,1,0,39,2,6,51,6051,4,1999,2C3HE66G1XH7,2,C,3,H,E,6,6,G,1,X,H,7,0,P,CHRY,30M,4D,99,17,3474,,0,1130,,G,,F,6,215,,,17R225,,,,,,0,0,000000000,00000000000,0,0,0,1,0,0,0,0,0,0,0,998,0,0,0,3,3,6,2,12,0,0,0,1,39,45331,6,1,6,0,3,3,76,160,0,0,0,0,0,0,0,0,0,0,0,0,0,0,1,2,55,1,1,2,1,0,0,1,66,1,1,1,87,1,0
39,390423,1,1,1,17,7,1,35,33,0,1,0,39,1,72,706,72706,80,2005,1HD4CAM135K4,1,H,D,4,C,A,M,1,3,5,K,4,0,M,HD,X88,RS,5,17,,,,,,,883,,2,,4,553,,,,,,,0,0,000000000,00000000000,0,0,0,1,0,0,0,0,0,0,0,998,0,0,0,9,9,4,3,52,0,0,0,1,39,44811,6,1,0,0,3,0,73,225,0,0,0,0,0,0,0,0,0,0,28,0,0,0,1,2,25,3,1,2,1,0,0,14,13,1,1,4,1,1,1
39,390424,1,2,2,17,7,19,4,12,1,1,0,39,1,20,402,20402,14,1995,2CNBJ1866S69,2,C,N,B,J,1,8,6,6,S,6,9,0,P,GEO,GEO,UT,95,17,2365,,0,866,,G,,F,4,097,,,15R205,,,,,,0,0,000000000,00000000000,0,0,0,1,0,0,0,0,0,0,0,998,0,0,0,6,13,6,2,12,0,0,0,1,39,45701,6,1,0,0,3,0,71,230,0,0,0,0,0,0,0,0,0,0,0,0,0,0,2,2,60,1,1,2,1,0,0,1,53,1,1,1,25,2,0
39,390424,2,2,1,17,7,19,4,12,1,1,0,54,2,12,481,12481,31,2002,1FTRX18W02NA,1,F,T,R,X,1,8,W,0,2,N,A,0,T,FORD,F15,4C,2,17,,2,1574,1388,COF,G,,,8,281,,,,B,4639,05,U,44,0,0,000000000,00000000000,0,0,0,1,0,0,0,0,0,0,0,65,0,0,0,12,12,6,2,12,0,0,0,1,54,26554,6,1,0,0,3,0,74,270,0,0,0,0,1,6,2009,6,2009,1,26,0,0,0,2,2,60,1,1,2,1,0,0,1,6,1,1,1,24,0,0
39,390425,1,1,3,18,7,7,40,35,0,1,0,39,2,2,405,2405,14,2004,1J4GL48K24W1,1,J,4,G,L,4,8,K,2,4,W,1,0,T,JEEP,SPR,4W,4,17,,1,0,1043,LIB,G,,,6,226,,,,,3656,01,E,44,0,0,000000000,00000000000,0,0,0,1,0,0,0,0,0,0,0,998,0,1,5,11,3,4,3,1,0,0,0,1,39,45652,1,1,0,0,2,0,66,150,1,1,0,1,3,4,2010,1,2011,0,28,58,0,0,1,2,55,1,1,2,1,0,0,1,12,6,1,4,6,2,0
39,390426,1,1,2,18,7,16,15,24,0,1,0,26,2,12,461,12461,21,2005,999999999999,9,9,9,9,9,9,9,9,9,9,9,9,0,,,,,,,,,,,,,,,,,,,,,,,,,0,0,000000000,00000000000,0,0,0,1,0,0,0,0,0,0,0,50,0,1,5,1,3,6,2,24,0,0,0,1,26,48166,9,9,99,9,9,9,999,999,99,99,99,99,99,99,9999,99,9999,0,0,0,0,0,3,2,55,1,1,2,2,0,0,1,13,1,3,4,2,1,0
39,390427,1,1,1,18,7,23,6,53,0,1,0,39,1,18,20,18020,2,1993,2G4WF14L8P14,2,G,4,W,F,1,4,L,8,P,1,4,0,P,BUIC,RGS,CP,93,17,3388,,0,1075,,G,,F,6,231,,,16R225,,,,,,0,0,000000000,00000000000,0,0,0,1,0,0,0,0,0,0,0,998,0,1,5,1,13,6,2,42,0,0,0,1,39,45419,6,1,0,0,3,3,72,180,0,4,1,0,0,1,2009,8,2009,0,99,99,99,99,1,2,45,3,2,2,1,3,3,14,13,1,1,4,1,1,1
39,390428,1,1,1,18,7,18,30,35,0,1,0,39,2,35,50,35050,4,2010,3N1BC1AP5AL3,3,N,1,B,C,1,A,P,5,A,L,3,0,P,NISS,VSL,4D,10,17,2671,,0,1024,,G,,F,4,110,,,15R185,,,,,,0,0,000000000,00000000000,0,0,0,1,0,0,0,0,0,0,0,998,0,1,5,12,13,6,2,42,0,0,0,1,39,45766,6,1,0,0,3,0,74,145,0,0,0,0,0,0,0,0,0,0,0,0,0,0,1,2,55,3,1,2,1,0,0,14,13,1,1,4,1,1,0
39,390429,1,1,1,27,2,3,28,8,0,1,1,99,9,99,999,99999,99,9999,999999999999,9,9,9,9,9,9,9,9,9,9,9,9,0,,,,,,,,,,,,,,,,,,,,,,,,,0,0,000000000,00000000000,0,0,0,1,0,0,0,0,0,0,0,999,0,0,0,99,99,0,1,8,0,0,0,1,99,99999,9,9,99,9,9,9,999,999,99,99,99,99,99,99,9999,99,9999,9,99,99,99,99,1,4,98,1,1,2,3,0,0,99,80,99,9,9,13,0,0
39,390430,1,1,1,26,6,23,34,24,0,1,0,39,1,20,2,20002,4,2007,2G1WT58K4792,2,G,1,W,T,5,8,K,4,7,9,2,0,P,CHEV,IMT,4D,7,17,3674,,0,1105,,F,,F,6,214,,,16R225,,,,,,0,0,000000000,00000000000,0,0,0,1,0,0,0,0,0,0,0,998,0,1,6,2,12,6,2,24,0,0,0,1,39,44314,6,1,0,0,3,0,67,130,0,0,0,3,1,10,2008,3,2011,0,36,0,0,0,3,3,65,4,2,2,1,0,0,14,9,8,2,4,2,1,1
39,390431,1,1,1,3,7,23,52,35,0,1,0,39,2,53,709,53709,80,2006,999999999999,9,9,9,9,9,9,9,9,9,9,9,9,0,,,,,,,,,,,,,,,,,,,,,,,,,0,0,000000000,00000000000,0,0,0,1,0,0,0,0,0,0,0,998,0,0,0,12,98,6,2,35,0,0,0,1,39,45822,1,1,0,0,2,0,68,155,0,7,4,3,1,11,2009,4,2010,0,36,0,0,0,1,2,55,4,1,2,1,0,0,14,9,1,2,4,7,1,1
39,390432,1,1,1,5,7,13,44,34,0,1,0,39,3,12,881,12881,63,1988,1FDYA90X4JVA,1,F,D,Y,A,9,0,X,4,J,V,A,0,T,FORD,TL9,CC,88,17,,8,0,0,COL,D,,,6,893,,,,,00000,00,A,64,0,15,71292242,1571292242,3,2,4,1,0,0,0,0,0,0,0,998,0,1,5,9,3,6,2,1,0,0,0,1,39,44041,6,1,6,1,3,0,72,310,0,0,0,0,2,3,2009,11,2010,0,36,0,0,0,1,2,55,1,1,2,1,0,0,1,9,6,2,4,2,1,0
39,390433,1,2,1,11,7,12,15,12,2,1,0,39,1,20,401,20401,14,2002,1GNDT13SX223,1,G,N,D,T,1,3,S,X,2,2,3,0,P,CHEV,TRL,UT,2,17,4628,,0,1130,,G,,F,6,256,,,16R245,,,,,,0,0,000000000,00000000000,0,0,0,1,0,0,0,0,0,0,0,10,0,0,0,12,12,6,2,12,0,0,0,1,39,45662,6,1,0,0,3,0,65,139,0,0,0,0,0,0,0,0,0,0,0,0,0,0,1,2,55,1,1,2,1,0,0,1,62,1,1,1,51,0,0
39,390433,2,2,3,11,7,12,15,12,2,1,0,39,2,37,31,37031,4,1991,1HGED3549ML0,1,H,G,E,D,3,5,4,9,M,L,0,0,P,HOND,CID,4D,91,17,1973,,0,984,,G,,F,4,091,,,13R175,,,,,,0,0,000000000,00000000000,0,0,0,1,0,0,0,0,0,0,0,998,0,0,0,12,12,6,2,12,0,0,0,1,39,45662,6,1,0,0,3,3,74,245,0,0,0,0,0,0,0,0,0,0,0,0,0,0,1,2,55,1,1,2,1,0,0,1,10,1,1,2,50,1,0
39,390434,1,2,1,13,7,14,46,12,8,1,0,39,1,7,20,7020,4,2000,1B3ES46C6YD8,1,B,3,E,S,4,6,C,6,Y,D,8,0,P,DODG,NSE,4D,0,17,2515,,0,1050,,G,,F,4,122,,,14R185,,,,,,0,0,000000000,00000000000,0,0,0,1,0,0,0,0,0,0,0,998,0,0,0,10,10,6,2,12,0,0,0,1,39,45830,6,1,0,0,3,3,65,249,0,0,0,0,0,0,0,0,0,0,0,0,0,0,1,2,55,1,1,2,1,0,0,1,62,1,1,1,65,1,0
39,390434,2,2,1,13,7,14,46,12,8,1,0,39,2,20,481,20481,31,2008,1GCEK19028Z2,1,G,C,E,K,1,9,0,2,8,Z,2,0,T,CHEV,SK1,4C,8,17,,2,1575,1339,SIL,F,,,8,323,,,,B,5226,02,,44,0,0,000000000,00000000000,0,0,0,1,0,0,0,0,0,0,0,998,0,0,0,10,10,6,2,12,0,0,0,1,39,45875,6,1,0,0,3,0,75,220,0,0,0,0,0,0,0,0,0,0,91,0,0,0,1,2,55,1,1,2,1,0,0,1,10,1,1,2,64,0,1
39,390435,1,1,1,14,7,20,55,11,0,1,0,39,1,72,706,72706,80,2006,1HD1FSW176Y6,1,H,D,1,F,S,W,1,7,6,Y,6,0,M,HD,TRI,RS,6,17,,,,,,,1450,,2,,4,731,,,,,,,0,0,000000000,00000000000,0,0,0,1,0,0,0,0,0,0,0,998,0,0,0,12,12,6,2,11,0,0,0,1,39,44644,6,1,0,0,3,0,71,175,0,3,0,0,1,1,2009,7,2009,0,83,0,0,0,1,2,55,4,1,2,1,0,0,14,87,1,2,1,13,1,1
39,390436,1,2,2,15,7,13,29,12,2,1,0,39,3,89,881,89881,66,1995,4V1WDBCH3SN6,4,V,1,W,D,B,C,H,3,S,N,6,1,T,WHGM,WIA,TR,95,17,,8,0,0,ARO,D,,,6,893,,,,,00000,00,,64,1,57,1072087,571072087,3,6,1,1,0,0,0,0,0,0,0,45,0,0,0,12,9,6,2,12,0,0,0,1,39,45887,6,1,98,0,3,3,74,280,0,0,0,0,0,0,0,0,0,0,0,0,0,0,1,2,55,1,1,2,1,0,0,1,62,1,1,1,51,0,0