STATE,ST_CASE,VEH_NO,VE_FORMS,NUMOCCS,DAY,MONTH,HOUR,MINUTE,HARM_EV,MAN_COLL,UNITTYPE,HIT_RUN,REG_STAT,OWNER,MAKE,MODEL,MAK_MOD,BODY_TYP,MOD_YEAR,VIN,VIN_1,VIN_2,VIN_3,VIN_4,VIN_5,VIN_6,VIN_7,VIN_8,VIN_9,VIN_10,VIN_11,VIN_12,TOW_VEH,VINTYPE,VINMAKE,VINA_MOD,VIN_BT,VINMODYR,VIN_LNGT,VIN_WGT,WGTCD_TR,WHLBS_LG,WHLBS_SH,SER_TR,FUELCODE,MCYCL_DS,CARBUR,CYLINDER,DISPLACE,MCYCL_CY,MCYCL_WT,TIRE_SZE,TON_RAT,TRK_WT,TRKWTVAR,VIN_REST,WHLDRWHL,J_KNIFE,MCARR_I1,MCARR_I2,MCARR_ID,GVWR,V_CONFIG,CARGO_BT,HAZ_INV,HAZ_PLAC,HAZ_ID,HAZ_CNO,HAZ_REL,BUS_USE,SPEC_USE,EMER_USE,TRAV_SP,UNDERIDE,ROLLOVER,ROLINLOC,IMPACT1,IMPACT2,DEFORMED,TOWED,M_HARM,VEH_SC1,VEH_SC2,FIRE_EXP,DR_PRES,L_STATE,DR_ZIP,L_STATUS,L_TYPE,CDL_STAT,L_ENDORS,L_COMPL,L_RESTRI,DR_HGT,DR_WGT,PREV_ACC,PREV_SUS,PREV_DWI,PREV_SPD,PREV_OTH,FIRST_MO,FIRST_YR,LAST_MO,LAST_YR,SPEEDREL,DR_SF1,DR_SF2,DR_SF3,DR_SF4,VTRAFWAY,VNUM_LAN,VSPD_LIM,VALIGN,VPROFILE,VPAVETYP,VSURCOND,VTRAFCON,VTCONT_F,P_CRASH1,P_CRASH2,P_CRASH3,PCRASH4,PCRASH5,ACC_TYPE,DEATHS,DR_DRINK
39,390469,3,4,1,7,8,18,11,12,1,1,0,42,1,69,54,69054,3,2003,WMWRC33413TE,W,M,W,R,C,3,3,4,1,3,T,E,0,P,MNNI,COO,2H,3,17,2524,,0,971,,G,,F,4,098,,,15R175,,,,,,0,0,000000000,00000000000,0,0,0,1,0,0,0,0,0,0,0,998,1,0,0,6,13,6,2,12,0,0,0,1,42,15201,9,9,99,9,9,9,999,999,99,99,99,99,99,99,9999,99,9999,0,0,0,0,0,3,4,55,1,1,2,1,0,0,2,53,1,1,1,25,1,0
39,390469,4,4,1,7,8,18,11,12,1,1,0,1,1,82,881,82881,66,2005,1FUJA6CK35LN,1,F,U,J,A,6,C,K,3,5,L,N,1,T,FRHT,COL,TR,5,17,,8,0,0,CON,D,,,6,858,,,,,00000,00,,64,1,57,661981,57661981,3,6,1,2,2,1263,3,1,0,0,0,998,7,0,0,12,12,6,2,12,0,0,0,1,1,35058,6,1,6,1,3,3,70,170,0,0,0,0,0,0,0,0,0,1,26,0,0,0,3,4,55,1,1,2,1,0,0,1,6,1,1,1,24,0,0
39,390470,1,1,1,8,8,23,4,8,0,1,0,39,2,19,3,19003,9,1995,999999999999,9,9,9,9,9,9,9,9,9,9,9,9,0,,,,,,,,,,,,,,,,,,,,,,,,,0,0,000000000,00000000000,0,0,0,1,0,0,0,0,0,0,0,35,0,0,0,12,13,4,3,8,0,0,0,1,39,45406,1,1,0,0,2,0,73,169,1,5,0,0,5,5,2009,2,2011,0,99,99,99,99,1,4,35,1,1,1,2,0,0,1,80,1,1,1,13,0,0
39,390471,1,3,1,10,8,21,33,1,0,1,0,39,1,37,705,37705,80,2008,JH2PC40008M1,J,H,2,P,C,4,0,0,0,8,M,1,0,M,HOND,B60,RC,8,17,,,,,,,599,,4,,4,410,,,,,,,0,0,000000000,00000000000,0,0,0,1,0,0,0,0,0,0,0,998,0,0,0,0,9,6,2,12,0,0,0,1,39,44212,6,1,0,0,3,0,71,195,0,1,0,2,1,7,2009,6,2011,1,0,0,0,0,1,2,55,1,1,2,1,0,0,1,6,1,1,1,98,1,1
39,390471,2,3,1,10,8,21,33,1,0,1,0,39,2,49,32,49032,4,2010,2T1BU4EE4AC4,2,T,1,B,U,4,E,E,4,A,C,4,0,P,TOYT,CBL,4D,10,17,2723,,0,1024,,G,,F,4,110,,,15R195,,,,,,0,0,000000000,00000000000,0,0,0,1,0,0,0,0,0,0,0,45,0,0,0,12,12,6,2,12,0,0,0,1,39,44253,6,1,0,0,3,0,60,110,1,0,0,1,0,9,2008,10,2010,0,0,0,0,0,1,2,55,1,1,2,1,0,0,1,50,1,1,1,98,0,0
39,390471,3,3,2,10,8,21,33,1,0,1,0,39,1,76,706,76706,80,2007,JYAVP11EX7A0,J,Y,A,V,P,1,1,E,X,7,A,0,0,M,YAMA,XVS,RS,7,17,,,,,,,1063,,2,,4,571,,,,,,,0,0,000000000,00000000000,0,0,0,1,0,0,0,0,0,0,0,45,0,0,0,7,7,0,1,12,0,0,0,1,39,44028,6,1,0,0,3,0,76,210,1,0,0,0,0,5,2010,5,2010,0,0,0,0,0,1,2,55,1,1,2,1,0,0,1,50,1,1,1,98,0,1
39,390473,1,1,2,11,6,0,52,33,0,1,0,39,1,53,705,53705,80,1994,JS1GN76A2R21,J,S,1,G,N,7,6,A,2,R,2,1,0,M,SUZI,RF6,RC,94,17,,,,,,,599,,4,,4,429,,,,,,,0,0,000000000,00000000000,0,0,0,1,0,0,0,0,0,0,0,90,0,0,0,9,98,6,2,43,0,0,0,1,39,45365,6,1,0,0,3,0,72,170,0,0,0,0,0,0,0,0,0,1,36,0,0,0,1,4,35,4,1,2,1,0,0,14,9,1,2,4,7,1,0
39,390474,1,1,1,12,6,15,20,18,0,1,0,39,1,72,706,72706,80,2002,1HD1BXB172Y0,1,H,D,1,B,X,B,1,7,2,Y,0,0,M,HD,ISF,RS,2,17,,,,,,,1450,,2,,4,666,,,,,,,0,0,000000000,00000000000,0,0,0,1,0,0,0,0,0,0,0,50,0,0,0,99,13,6,2,18,0,0,0,1,39,44691,6,1,0,0,3,3,71,165,0,0,0,1,0,1,2010,1,2010,0,0,0,0,0,1,2,55,1,3,2,1,0,0,1,90,2,1,1,12,1,1
39,390475,1,2,2,13,6,15,51,12,6,1,1,39,2,21,1,21001,2,1987,2G3GR11A7H23,2,G,3,G,R,1,1,A,7,H,2,3,0,P,OLDS,CSU,CP,87,17,3203,,0,1081,,G,,2,6,231,,,14R195,,,,,,0,0,000000000,00000000000,0,0,0,1,0,0,0,0,0,0,0,998,0,0,0,10,10,6,2,12,0,0,0,1,39,44708,6,1,0,0,3,0,72,150,0,4,1,0,3,7,2008,2,2011,0,39,0,0,0,1,2,45,1,2,2,1,3,3,1,17,1,1,1,89,0,0
39,390475,2,2,1,13,6,15,51,12,6,1,0,39,1,72,706,72706,80,2002,1HD1DDV112Y6,1,H,D,1,D,D,V,1,1,2,Y,6,0,M,HD,FHT,RS,2,17,,,,,,,1450,,2,,4,758,,,,,,,0,0,000000000,00000000000,0,0,0,1,0,0,0,0,0,0,0,998,0,0,0,12,8,6,2,12,0,0,0,1,39,44656,6,1,0,0,3,0,71,185,0,0,0,1,1,10,2008,10,2009,0,0,0,0,0,1,2,45,1,2,2,1,3,3,1,17,1,1,1,88,1,0
39,390476,1,2,1,24,6,0,45,12,2,1,0,39,1,37,32,37032,4,1996,1HGCD5639TA0,1,H,G,C,D,5,6,3,9,T,A,0,0,P,HOND,ULE,4D,96,17,2864,,0,1069,,G,,F,4,132,,,15R185,,,,,,0,0,000000000,00000000000,0,0,0,1,0,0,0,0,0,0,0,998,0,0,0,12,12,6,2,12,0,0,0,1,39,44305,6,1,0,0,3,0,67,130,1,0,0,0,0,11,2009,11,2009,0,0,0,0,0,1,4,35,1,2,2,1,0,0,1,10,1,1,2,50,1,1
39,390476,2,2,1,24,6,0,45,12,2,1,0,39,1,12,471,12471,30,2002,1FTYR10D82TA,1,F,T,Y,R,1,0,D,8,2,T,A,0,T,FORD,RNG,PK,2,17,,1,1175,1116,RNG,G,,,4,140,,,,B,3085,03,E,42,0,0,000000000,00000000000,0,0,0,1,0,0,0,0,0,0,0,998,0,0,0,12,12,6,2,12,0,0,0,1,39,44305,1,1,0,0,2,0,71,250,0,3,0,1,0,1,2011,5,2011,0,92,0,0,0,1,4,35,1,2,2,1,0,0,1,62,1,1,1,51,0,0
39,390477,1,1,1,1,7,15,50,15,0,1,0,39,1,20,481,20481,31,2000,1GCEC14T8YZ1,1,G,C,E,C,1,4,T,8,Y,Z,1,0,T,CHEV,SC1,PK,0,17,,2,1330,1190,SIL,G,,,8,325,,,,B,3923,02,,42,0,0,000000000,00000000000,0,0,0,1,0,0,0,0,0,0,0,3,0,0,0,12,12,2,1,15,0,0,0,1,39,43526,6,1,0,0,3,0,70,170,1,0,0,0,0,1,2010,1,2010,0,0,0,0,0,1,2,25,1,1,2,1,3,3,10,83,1,1,2,13,0,0
39,390478,1,1,1,7,7,14,55,1,0,1,0,39,3,12,881,12881,63,1998,1FDZW96P1WVA,1,F,D,Z,W,9,6,P,1,W,V,A,0,T,FORD,L01,CC,98,17,,8,2610,1530,COH,D,,,6,661,,,,,00000,00,,64,0,99,999999999,99999999999,3,2,5,1,0,0,0,0,0,0,0,65,0,1,6,0,98,6,2,1,0,0,0,1,39,44241,6,1,6,0,3,0,69,230,0,0,0,0,2,5,2010,5,2010,1,36,0,0,0,2,3,55,1,1,2,1,0,0,1,6,1,2,4,98,1,0
39,390479,1,1,4,17,7,16,35,35,0,1,0,21,1,7,442,7442,20,2005,1D4GP45R15B2,1,D,4,G,P,4,5,R,1,5,B,2,0,P,DODG,CAR,SV,5,17,3845,,0,1133,,G,,F,6,201,,,16R215,,,,,,0,0,000000000,00000000000,0,0,0,1,0,0,0,0,0,0,0,998,0,1,3,2,9,6,2,1,0,0,0,1,21,40514,6,1,0,0,3,3,67,250,0,0,0,0,1,4,2011,4,2011,0,36,0,0,0,2,2,65,1,1,2,1,0,0,1,9,7,2,4,7,1,0
39,390480,1,2,1,18,7,18,17,12,2,1,0,34,3,7,24,7024,4,2010,2B3CA3CV0AH2,2,B,3,C,A,3,C,V,0,A,H,2,0,P,DODG,CHS,4D,10,17,3820,,0,1200,,G,,F,6,214,,,17R215,,,,,,0,0,000000000,00000000000,0,0,0,1,0,0,0,0,0,0,0,998,0,0,0,12,12,6,2,12,0,0,0,1,39,43344,6,1,0,0,3,0,75,280,0,0,0,0,0,0,0,0,0,0,0,0,0,0,1,2,55,1,1,2,1,0,0,1,62,1,1,1,51,0,0
39,390480,2,2,1,18,7,18,17,12,2,1,0,39,1,37,31,37031,2,2005,1HGEM21195L0,1,H,G,E,M,2,1,1,9,5,L,0,0,P,HOND,CVP,CP,5,17,2456,,0,1031,,G,,F,4,102,,,14R185,,,,,,0,0,000000000,00000000000,0,0,0,1,0,0,0,0,0,0,0,998,0,0,0,12,12,6,2,12,0,0,0,1,39,43344,6,1,0,0,3,0,72,140,1,5,1,1,3,2,2009,12,2010,0,0,0,0,0,1,2,55,1,1,2,1,0,0,1,10,1,1,2,50,1,1
39,390481,1,2,1,18,7,23,55,12,8,1,0,26,3,82,881,82881,66,2006,1FUJBBCK86LU,1,F,U,J,B,B,C,K,8,6,L,U,1,T,FRHT,ST2,TR,6,17,,8,0,0,CON,D,,,6,855,,,,,00000,00,,64,1,57,01581467,5701581467,3,6,1,1,0,0,0,0,0,0,0,55,0,0,0,10,12,6,2,12,0,0,0,1,26,48228,6,1,6,0,3,0,74,265,0,0,0,0,0,0,0,0,0,0,0,0,0,0,1,2,55,4,1,2,1,0,0,14,62,1,1,1,65,0,0
39,390481,2,2,1,18,7,23,55,12,8,1,0,26,3,20,37,20037,9,2008,1G1ZK577X8F2,1,G,1,Z,K,5,7,7,X,8,F,2,0,P,CHEV,M/Z,4D,8,17,3649,,0,1123,,G,,F,6,220,,,18R225,,,,,,0,0,000000000,00000000000,0,0,0,1,0,0,0,0,0,0,0,998,0,0,0,10,12,6,2,12,0,0,0,1,39,43558,6,1,0,0,3,0,71,160,0,0,0,0,0,0,0,0,0,0,0,0,0,0,1,2,55,4,1,2,1,0,0,14,10,1,1,2,64,1,0
39,390482,1,1,1,19,7,3,38,34,0,1,0,13,1,12,37,12037,9,2000,1FAHP3432YW1,1,F,A,H,P,3,4,3,2,Y,W,1,0,P,FORD,FSS,4D,0,17,2564,,0,1030,,G,,F,4,121,,,15R195,,,,,,0,0,000000000,00000000000,0,0,0,1,0,0,0,0,0,0,0,55,0,0,0,12,12,6,2,43,0,0,0,1,13,30312,6,1,0,0,3,0,77,220,98,1,0,0,0,7,2010,7,2010,0,36,0,0,0,2,3,55,4,1,2,1,0,0,14,13,1,2,4,2,1,0
39,390483,1,2,1,20,7,18,37,24,0,1,0,39,1,37,706,37706,80,1996,1HFSC3205TA1,1,H,F,S,C,3,2,0,5,T,A,1,0,M,HOND,VT2,RS,96,17,,,,,,,1099,,2,,4,533,,,,,,,0,0,000000000,00000000000,0,0,0,1,0,0,0,0,0,0,0,998,0,0,0,12,12,6,2,12,0,0,0,1,39,45714,1,1,0,0,2,0,70,180,0,2,1,0,0,12,2009,1,2010,0,0,0,0,0,1,2,55,4,2,2,1,0,0,14,10,1,1,2,98,1,1
39,390483,2,2,2,20,7,18,37,24,0,1,0,39,1,22,9,22009,3,1989,1G2FS21E3KL2,1,G,2,F,S,2,1,E,3,K,L,2,0,P,PONT,FBF,2H,89,17,3300,,0,1010,,G,,F,8,305,,,000000,,,,,,0,0,000000000,00000000000,0,0,0,1,0,0,0,0,0,0,0,45,0,0,0,99,12,6,2,12,0,0,0,1,39,45750,6,1,0,0,3,0,67,125,0,4,1,0,1,2,2009,1,2010,0,0,0,0,0,1,2,55,4,2,2,1,0,0,14,62,1,1,4,1,0,0
39,390484,1,1,1,21,7,15,25,1,0,1,0,20,1,72,709,72709,80,2006,1HD1JFB186Y0,1,H,D,1,J,F,B,1,8,6,Y,0,0,M,HD,FSF,RS,6,17,,,,,,,1450,,2,,4,719,,,,,,,0,0,000000000,00000000000,0,0,0,1,0,0,0,0,0,0,0,998,0,0,0,0,10,6,2,1,0,0,0,1,20,66061,6,1,0,0,3,0,72,220,0,0,0,0,0,0,0,0,0,0,0,0,0,0,2,2,55,1,1,2,1,0,0,1,13,2,1,4,1,1,0
39,390485,1,1,1,22,7,9,40,34,0,1,0,39,1,20,36,20036,2,2001,2G1WX15K1191,2,G,1,W,X,1,5,K,1,1,9,1,0,P,CHEV,MSS,CP,1,17,3395,,0,1075,,G,,F,6,231,,,16R225,,,,,,0,0,000000000,00000000000,0,0,0,1,0,0,0,0,0,0,0,47,0,1,6,2,13,6,2,1,0,0,0,1,39,45714,6,1,0,0,3,0,70,175,0,0,0,0,0,0,0,0,0,1,36,0,0,0,1,2,55,4,2,2,1,0,0,14,6,7,2,4,7,1,1
39,390487,1,1,1,24,7,5,0,1,0,1,0,39,1,37,706,37706,80,2008,JH2SC51068K6,J,H,2,S,C,5,1,0,6,8,K,6,0,M,HOND,S13,RC,8,17,,,,,,,1261,,4,,4,719,,,,,,,0,0,000000000,00000000000,0,0,0,1,0,0,0,0,0,0,0,998,0,0,0,0,2,6,2,24,0,0,0,1,39,43021,6,1,0,0,3,3,76,225,0,0,0,2,1,8,2008,6,2011,0,36,0,0,0,2,3,65,1,1,2,2,0,0,1,98,1,2,4,98,1,1
39,390488,1,1,4,25,7,19,14,5,0,1,0,39,3,20,481,20481,31,2002,1GCHK24U82E1,1,G,C,H,K,2,4,U,8,2,E,1,0,T,CHEV,2KH,PK,2,17,,2,0,1330,SIL,G,,,8,364,,,,C,5484,00,,44,0,0,000000000,00000000000,0,0,0,1,0,0,0,0,0,0,0,14,0,0,0,0,0,0,1,5,0,0,0,1,39,44286,6,1,0,0,3,3,67,165,0,0,0,0,0,0,0,0,0,0,0,0,0,0,1,2,25,1,1,2,1,0,0,1,98,1,1,1,0,1,0
39,390490,1,2,1,30,7,2,19,12,8,1,0,18,3,86,881,86881,66,2007,1M1AK05Y17N0,1,M,1,A,K,0,5,Y,1,7,N,0,1,T,MACK,CXN,TR,7,17,,8,0,0,600,D,,,6,728,,,,,00000,00,,64,1,57,00063391,5700063391,3,6,1,1,0,0,0,0,0,0,0,56,0,0,0,10,10,6,2,12,0,0,0,1,39,45640,6,1,6,1,3,3,71,220,1,0,0,0,1,1,2011,2,2011,0,0,0,0,0,1,2,55,1,1,2,1,0,0,1,62,1,1,1,65,0,1
39,390490,2,2,1,30,7,2,19,12,8,1,0,36,1,7,24,7024,4,2011,2B3CM5CT6BH5,2,B,3,C,M,5,C,T,6,B,H,5,0,P,DODG,C/A,4D,11,17,4450,,0,1200,,G,,F,8,348,,,19R235,,,,,,0,0,000000000,00000000000,0,0,0,1,0,0,0,0,0,0,0,998,0,0,0,10,98,6,2,12,0,0,0,1,36,11768,1,1,0,0,2,0,75,999,0,3,0,0,1,8,2010,6,2011,0,0,0,0,0,1,2,55,1,1,2,1,0,0,1,10,1,1,2,64,1,0
39,390491,1,1,2,31,7,6,0,1,0,1,0,39,2,72,706,72706,80,1988,1HD1BKL1XJY0,1,H,D,1,B,K,L,1,X,J,Y,0,0,M,HD,XTC,RS,88,17,,,,,,,1340,,2,,4,618,,,,,,,0,0,000000000,00000000000,0,0,0,1,0,0,0,0,0,0,0,60,0,0,0,0,9,6,2,1,0,0,0,1,39,44865,6,1,0,0,3,3,73,330,0,0,0,1,1,4,2010,3,2011,1,36,0,0,0,1,2,55,4,2,2,1,0,0,14,6,1,2,4,2,1,1
39,390492,1,2,1,1,8,16,58,12,6,1,0,39,2,41,471,41471,30,1996,999999999999,9,9,9,9,9,9,9,9,9,9,9,9,0,,,,,,,,,,,,,,,,,,,,,,,,,0,0,000000000,00000000000,0,0,0,1,0,0,0,0,0,0,0,55,0,1,1,10,10,6,2,12,0,0,0,1,39,45171,6,1,0,0,3,0,68,200,0,0,0,1,0,11,2008,11,2008,0,0,0,0,0,1,2,55,1,1,2,1,0,0,1,17,2,1,1,77,0,0
39,390492,2,2,2,1,8,16,58,12,6,1,0,39,1,20,37,20037,4,2003,1G1JC52F9373,1,G,1,J,C,5,2,F,9,3,7,3,0,P,CHEV,CAV,4D,3,17,2971,,0,1041,,G,,F,4,134,,,14R195,,,,,,0,0,000000000,00000000000,0,0,0,1,0,0,0,0,0,0,0,10,0,0,0,12,10,6,2,12,0,0,0,1,39,45612,6,1,0,0,3,3,59,159,0,0,0,1,0,12,2008,12,2008,0,38,0,0,0,1,2,55,1,1,2,1,20,3,11,15,1,1,1,76,1,0
39,390494,1,2,1,5,8,9,55,12,6,1,0,39,1,49,46,49046,4,2006,JTDKB20U1631,J,T,D,K,B,2,0,U,1,6,3,1,0,P,TOYT,PRI,4H,6,17,3470,,0,1063,,B,,F,4,091,,,14R175,,,,,,0,0,000000000,00000000000,0,0,0,1,0,0,0,0,0,0,0,10,0,0,0,10,10,4,3,12,36,0,0,1,39,44116,6,1,0,0,3,3,60,145,0,0,0,0,0,0,0,0,0,0,38,39,0,0,1,4,35,1,1,2,1,20,3,1,17,1,1,1,89,0,0
39,390494,2,2,1,5,8,9,55,12,6,1,0,39,1,37,703,37703,80,2006,JH2MC24026K3,J,H,2,M,C,2,4,0,2,6,K,3,0,M,HOND,B25,RS,6,17,,,,,,,234,,2,,4,286,,,,,,,0,0,000000000,00000000000,0,0,0,1,0,0,0,0,0,0,0,35,0,0,0,12,12,6,2,1,0,0,0,1,39,44126,6,1,0,0,3,0,72,160,0,0,0,0,0,0,0,0,0,0,0,0,0,0,1,4,35,1,1,2,1,0,0,1,17,1,1,1,88,1,0
39,390495,1,2,1,5,8,11,51,12,8,1,0,39,1,76,705,76705,80,2003,JYARJ06E43A0,J,Y,A,R,J,0,6,E,4,3,A,0,0,M,YAMA,R6L,RC,3,17,,,,,,,599,,4,,4,357,,,,,,,0,0,000000000,00000000000,0,0,0,1,0,0,0,0,0,0,0,998,0,0,0,9,9,4,3,12,0,0,0,1,39,43310,6,1,0,0,3,0,74,220,0,0,0,1,0,3,2010,3,2010,0,36,0,0,0,1,2,55,4,2,2,1,0,0,6,8,9,2,3,64,1,0
39,390495,2,2,5,5,8,11,51,12,8,1,0,39,1,20,481,20481,31,2005,1GCGK13U95F8,1,G,C,G,K,1,3,U,9,5,F,8,0,T,CHEV,1KH,CW,5,17,,2,0,1530,SIL,G,,,8,366,,,,B,5834,00,,44,0,0,000000000,00000000000,0,0,0,1,0,0,0,0,0,0,0,52,0,0,0,10,10,2,3,12,0,0,0,1,39,45875,6,1,0,0,3,0,72,270,0,0,0,0,0,0,0,0,0,0,0,0,0,0,1,2,55,4,2,2,1,0,0,14,62,2,1,1,65,0,0
39,390496,1,1,1,20,7,20,40,33,0,1,0,39,2,37,705,37705,80,1985,JH2RC1308FM2,J,H,2,R,C,1,3,0,8,F,M,2,0,M,HOND,C65,RS,85,17,,,,,,,650,,4,,4,434,,,,,,,0,0,000000000,00000000000,0,0,0,1,0,0,0,0,0,0,0,998,0,0,0,3,12,4,3,33,0,0,0,1,39,44106,3,1,0,0,2,0,67,175,0,0,0,0,1,7,2008,7,2008,1,36,0,0,0,1,2,25,1,1,2,1,0,0,1,6,2,2,4,2,1,0
39,390497,1,1,1,7,8,12,0,32,0,1,0,39,5,12,17,12017,4,2002,1FAFP56S82A1,1,F,A,F,P,5,6,S,8,2,A,1,0,P,FORD,TEL,4D,2,17,3408,,0,1085,,G,,F,6,182,,,16R215,,,,,,0,0,000000000,00000000000,0,0,0,1,0,0,0,0,0,0,0,998,0,1,5,12,13,6,2,1,0,0,0,1,39,43050,6,1,0,0,3,0,64,125,1,1,0,0,1,10,2009,8,2010,0,0,0,0,0,1,2,55,1,2,2,1,0,0,1,10,1,1,4,6,1,1
39,390498,1,2,2,9,8,17,1,12,6,1,0,39,1,18,401,18401,14,2004,3G5DA03E04S5,3,G,5,D,A,0,3,E,0,4,S,5,0,P,BUIC,RZV,UT,4,17,4024,,0,1122,,G,,F,6,207,,,16R215,,,,,,0,0,000000000,00000000000,0,0,0,1,0,0,0,0,0,0,0,10,0,0,0,3,3,6,2,12,0,0,0,1,39,45840,6,1,0,0,3,0,69,200,0,0,0,0,0,0,0,0,0,0,38,39,0,0,1,2,55,1,1,2,1,20,3,1,17,1,1,2,87,1,0
39,390498,2,2,1,9,8,17,1,12,6,1,0,39,3,85,881,85881,63,1998,1NKDL99X2WJ7,1,N,K,D,L,9,9,X,2,W,J,7,0,T,KW,T80,CC,98,17,,8,2600,1600,CON,D,,,6,661,,,,,00000,00,,64,0,15,700955046,15700955046,3,2,4,1,0,0,0,0,0,0,0,45,0,0,0,12,12,2,1,12,0,0,0,1,39,45385,6,1,6,1,3,0,71,240,1,0,0,0,0,9,2008,9,2008,0,0,0,0,0,1,2,45,1,1,2,1,4,3,1,17,2,1,2,86,0,0
39,390499,1,2,1,10,8,6,18,12,8,1,0,39,1,20,2,20002,4,2004,2G1WH52K0493,2,G,1,W,H,5,2,K,0,4,9,3,0,P,CHEV,IPL,4D,4,17,3466,,0,1105,,G,,F,6,231,,,16R225,,,,,,0,0,000000000,00000000000,0,0,0,1,0,0,0,0,0,0,0,998,0,0,0,10,10,6,2,12,0,0,0,1,39,43011,6,1,0,0,3,0,70,165,0,0,0,0,1,3,2011,3,2011,0,0,0,0,0,1,2,55,1,1,2,1,0,0,1,62,1,1,1,65,1,0
39,390499,2,2,1,10,8,6,18,12,8,1,0,39,2,20,481,20481,31,2001,1GCEK19T41E1,1,G,C,E,K,1,9,T,4,1,E,1,0,T,CHEV,SK1,4C,1,17,,2,1575,1435,SIL,G,,,8,325,,,,B,4776,00,,44,0,0,000000000,00000000000,0,0,0,1,0,0,0,0,0,0,0,65,0,1,5,10,10,6,2,12,0,0,0,1,39,43315,1,1,0,0,2,0,73,210,0,8,1,1,2,8,2009,10,2010,1,0,0,0,0,1,2,55,1,1,2,1,0,0,1,10,1,1,2,64,0,0
39,390500,1,2,1,12,8,16,46,12,2,1,0,39,2,72,706,72706,80,2004,1HD1CGP154K4,1,H,D,1,C,G,P,1,5,4,K,4,0,M,HD,20C,RS,4,17,,,,,,,1200,,2,,4,554,,,,,,,0,0,000000000,00000000000,0,0,0,1,0,0,0,0,0,0,0,998,0,0,0,12,98,6,2,12,0,0,0,1,39,44839,6,1,0,0,3,3,68,180,0,0,0,0,0,0,0,0,0,0,26,36,0,0,1,2,45,1,1,2,2,0,0,1,8,1,2,2,50,1,0
39,390500,2,2,1,12,8,16,46,12,2,1,0,39,3,12,481,12481,31,2006,1FTSX21566EA,1,F,T,S,X,2,1,5,6,6,E,A,0,T,FORD,F2S,4C,6,17,,2,1580,1420,SRW,G,,,8,329,,,,C,6207,01,U,44,0,0,000000000,00000000000,0,0,0,1,0,0,0,0,0,0,0,35,0,0,0,12,12,6,2,12,0,0,0,1,39,44839,6,1,0,0,3,3,73,160,0,0,0,0,0,0,0,0,0,0,0,0,0,0,1,2,45,1,1,2,1,0,0,1,62,1,1,1,51,0,1
39,390501,1,1,1,14,8,17,28,1,0,1,0,39,3,37,31,37031,2,1993,2HGEH2365PH5,2,H,G,E,H,2,3,6,5,P,H,5,0,P,HOND,CID,2H,93,17,2178,,0,1013,,G,,F,4,091,,,13R175,,,,,,0,0,000000000,00000000000,0,0,0,1,0,0,0,0,0,0,0,998,0,1,6,0,98,6,2,1,0,0,0,1,39,45770,6,1,0,0,3,0,64,120,0,0,0,0,0,0,0,0,0,0,0,0,0,0,1,2,55,1,2,2,1,0,0,1,98,1,1,4,98,1,0
39,390502,1,2,1,17,8,20,19,24,0,1,0,39,5,72,706,72706,80,2005,1HD1BVB105Y0,1,H,D,1,B,V,B,1,0,5,Y,0,0,M,HD,FTI,RS,5,17,,,,,,,1450,,2,,4,629,,,,,,,0,0,000000000,00000000000,0,0,0,1,0,0,0,0,0,0,0,998,0,0,0,10,98,6,2,12,0,0,0,1,39,45176,6,1,0,0,3,0,66,165,0,0,0,0,0,0,0,0,0,0,36,0,0,0,1,2,45,4,1,2,1,0,0,14,9,1,2,4,7,1,1
39,390502,2,2,1,17,8,20,19,24,0,1,0,39,1,72,706,72706,80,2002,1HD1HAZ1X2K8,1,H,D,1,H,A,Z,1,X,2,K,8,0,M,HD,VRA,RS,2,17,,,,,,,1130,,2,,4,596,,,,,,,0,0,000000000,00000000000,0,0,0,1,0,0,0,0,0,0,0,998,0,0,0,12,98,6,2,1,0,0,0,1,39,45103,6,1,0,0,3,0,72,290,0,0,0,0,0,0,0,0,0,0,0,0,0,0,1,2,45,4,1,2,1,0,0,14,11,1,1,3,98,0,0
39,390503,1,2,2,25,6,3,0,12,6,1,0,39,1,12,461,12461,21,2006,1FTRE14W26DA,1,F,T,R,E,1,4,W,2,6,D,A,0,T,FORD,15V,CG,6,17,,2,0,1380,VAN,G,,,8,281,,,,B,4773,00,E,42,0,0,000000000,00000000000,0,0,0,1,0,0,0,0,0,0,0,25,0,0,0,12,12,6,2,12,0,0,0,1,39,44120,6,1,6,0,3,3,73,280,2,0,0,0,4,2,2009,2,2011,0,0,0,0,0,1,2,35,1,1,2,1,3,3,1,66,1,1,1,86,0,0
39,390503,2,2,6,25,6,3,0,12,6,1,0,39,2,7,442,7442,20,1994,2B4GH45R1RR5,2,B,4,G,H,4,5,R,1,R,R,5,0,P,DODG,CAR,SV,94,17,3360,,0,1123,,G,,F,6,201,,,14R195,,,,,,0,0,000000000,00000000000,0,0,0,1,0,0,0,0,0,0,0,45,0,0,0,3,3,6,2,12,0,0,0,1,39,44087,1,1,0,0,2,0,73,165,1,6,0,0,5,12,2008,6,2011,1,36,39,0,0,1,2,35,1,1,2,1,3,3,1,17,1,1,1,87,2,1