STATE,ST_CASE,VEH_NO,VE_FORMS,NUMOCCS,DAY,MONTH,HOUR,MINUTE,HARM_EV,MAN_COLL,UNITTYPE,HIT_RUN,REG_STAT,OWNER,MAKE,MODEL,MAK_MOD,BODY_TYP,MOD_YEAR,VIN,VIN_1,VIN_2,VIN_3,VIN_4,VIN_5,VIN_6,VIN_7,VIN_8,VIN_9,VIN_10,VIN_11,VIN_12,TOW_VEH,VINTYPE,VINMAKE,VINA_MOD,VIN_BT,VINMODYR,VIN_LNGT,VIN_WGT,WGTCD_TR,WHLBS_LG,WHLBS_SH,SER_TR,FUELCODE,MCYCL_DS,CARBUR,CYLINDER,DISPLACE,MCYCL_CY,MCYCL_WT,TIRE_SZE,TON_RAT,TRK_WT,TRKWTVAR,VIN_REST,WHLDRWHL,J_KNIFE,MCARR_I1,MCARR_I2,MCARR_ID,GVWR,V_CONFIG,CARGO_BT,HAZ_INV,HAZ_PLAC,HAZ_ID,HAZ_CNO,HAZ_REL,BUS_USE,SPEC_USE,EMER_USE,TRAV_SP,UNDERIDE,ROLLOVER,ROLINLOC,IMPACT1,IMPACT2,DEFORMED,TOWED,M_HARM,VEH_SC1,VEH_SC2,FIRE_EXP,DR_PRES,L_STATE,DR_ZIP,L_STATUS,L_TYPE,CDL_STAT,L_ENDORS,L_COMPL,L_RESTRI,DR_HGT,DR_WGT,PREV_ACC,PREV_SUS,PREV_DWI,PREV_SPD,PREV_OTH,FIRST_MO,FIRST_YR,LAST_MO,LAST_YR,SPEEDREL,DR_SF1,DR_SF2,DR_SF3,DR_SF4,VTRAFWAY,VNUM_LAN,VSPD_LIM,VALIGN,VPROFILE,VPAVETYP,VSURCOND,VTRAFCON,VTCONT_F,P_CRASH1,P_CRASH2,P_CRASH3,PCRASH4,PCRASH5,ACC_TYPE,DEATHS,DR_DRINK
39,390532,2,2,2,14,8,15,35,12,6,1,0,39,1,49,32,49032,4,2010,1NXBU4EE4AZ3,1,N,X,B,U,4,E,E,4,A,Z,3,0,P,TOYT,CBL,4D,10,17,2723,,0,1024,,G,,F,4,110,,,15R195,,,,,,0,0,000000000,00000000000,0,0,0,1,0,0,0,0,0,0,0,40,0,0,0,12,12,6,2,12,0,0,0,1,39,44663,6,1,0,0,3,0,69,175,0,0,0,0,0,0,0,0,0,0,0,0,0,0,1,2,45,1,2,2,2,0,0,1,17,1,1,1,88,1,0
39,390533,1,2,1,2,5,3,56,12,8,1,0,39,2,35,402,35402,14,2000,5N1ED28Y0YC5,5,N,1,E,D,2,8,Y,0,Y,C,5,0,P,NISS,XTR,UT,0,17,3811,,0,1043,,G,,F,6,201,,,15R235,,,,,,0,0,000000000,00000000000,0,0,0,1,0,0,0,0,0,0,0,998,1,0,0,11,11,6,2,12,0,0,0,1,39,44313,3,1,0,0,2,0,72,190,0,0,0,2,1,3,2009,10,2010,0,51,0,0,0,3,3,55,2,1,2,2,0,0,14,8,1,1,1,66,1,1
39,390533,2,2,1,2,5,3,56,12,8,1,0,39,3,84,881,84881,66,1999,2HSFHAER8XC0,2,H,S,F,H,A,E,R,8,X,C,0,1,T,INTL,940,TR,99,17,,8,2340,1600,90S,D,,,6,855,,,,,00000,00,,64,1,57,188660,57188660,3,6,3,1,0,0,0,0,0,0,0,998,0,0,0,11,11,6,2,12,0,0,0,1,39,44052,6,1,6,0,3,0,72,150,0,0,0,0,2,7,2008,12,2009,0,0,0,0,0,3,3,55,3,1,2,2,0,0,14,54,1,1,1,66,0,0
39,390534,1,2,1,2,8,10,45,12,6,1,0,39,2,98,998,98998,92,2003,000000000000,0,0,0,0,0,0,0,0,0,0,0,0,0,,,,,,,,,,,,,,,,,,,,,,,,,0,0,000000000,00000000000,0,0,0,1,0,0,0,0,0,0,0,7,0,1,1,9,9,6,2,12,0,0,0,1,39,44818,6,1,0,0,3,3,70,180,0,0,0,0,0,0,0,0,0,0,38,0,0,0,1,2,55,1,1,2,1,20,3,1,17,1,1,1,89,1,0
39,390534,2,2,1,2,8,10,45,12,6,1,0,39,1,14,6,14006,4,2006,2MEFM74V26X6,2,M,E,F,M,7,4,V,2,6,X,6,0,P,MERC,GMG,4D,6,17,4137,,0,1146,,F,,F,8,281,,,16R225,,,,,,0,0,000000000,00000000000,0,0,0,1,0,0,0,0,0,0,0,52,0,0,0,12,12,6,2,12,0,0,0,1,39,44825,6,1,0,0,3,0,62,182,0,0,0,1,0,2,2011,2,2011,0,0,0,0,0,1,2,55,1,1,2,1,0,0,1,66,1,1,1,88,0,0
39,390535,1,1,2,4,8,13,10,5,0,1,0,39,2,13,1,13001,4,1998,1LNFM82W9WY6,1,L,N,F,M,8,2,W,9,W,Y,6,0,P,LINC,SIG,4D,98,17,0,,0,1177,,G,,F,8,281,,,16R225,,,,,,0,0,000000000,00000000000,0,0,0,1,0,0,0,0,0,0,0,998,0,0,0,0,0,0,1,5,0,0,0,1,39,44052,6,1,0,0,3,0,67,140,0,0,0,0,0,0,0,0,0,0,0,0,0,0,1,2,35,1,1,2,1,0,0,1,98,1,1,1,0,1,0
39,390536,1,2,1,17,8,11,40,12,6,1,0,39,1,6,43,6043,2,1998,4C3AU42N3WE0,4,C,3,A,U,4,2,N,3,W,E,0,0,P,CHRY,SLX,CP,98,17,2857,,0,1037,,G,,F,6,152,,,14R195,,,,,,0,0,000000000,00000000000,0,0,0,1,0,0,0,0,0,0,0,998,0,0,0,3,3,6,2,12,0,0,0,1,39,43130,6,1,0,0,3,0,66,150,0,0,0,0,0,0,0,0,0,1,28,58,0,0,1,2,45,2,1,2,1,0,0,14,10,6,4,6,66,1,0
39,390536,2,2,1,17,8,11,40,12,6,1,0,39,3,12,870,12870,55,2005,1FDXE45P85HA,1,F,D,X,E,4,5,P,8,5,H,A,0,T,FORD,4DC,YY,5,17,,4,1760,1580,CTV,D,,,8,366,,,,,00000,00,E,42,0,88,888888888,88888888888,2,20,22,1,0,0,0,0,6,0,0,10,0,0,0,12,11,4,3,12,0,0,0,1,39,43130,6,1,6,0,3,3,68,215,0,0,0,1,0,6,2010,6,2010,0,0,0,0,0,1,2,45,3,1,2,1,0,0,2,62,2,1,1,66,0,0
39,390537,1,2,2,17,8,16,45,12,6,1,0,39,1,9,38,9038,4,1998,1P3EJ46C3WN2,1,P,3,E,J,4,6,C,3,W,N,2,0,P,PLYM,BEE,4D,98,17,2848,,0,1080,,G,,F,4,122,,,14R195,,,,,,0,0,000000000,00000000000,0,0,0,1,0,0,0,0,0,0,0,998,0,0,0,11,11,6,2,12,0,0,0,1,39,43113,6,1,0,0,3,0,63,170,0,0,0,0,0,0,0,0,0,0,38,0,0,0,1,2,55,1,2,2,1,20,1,1,17,1,1,1,90,2,0
39,390537,2,2,1,17,8,16,45,12,6,1,0,39,2,6,54,6054,6,2007,2A8GM48L77R1,2,A,8,G,M,4,8,L,7,7,R,1,0,P,CHRY,PIF,UT,7,17,4337,,0,1163,,G,,F,6,232,,,17R235,,,,,,0,0,000000000,00000000000,0,0,0,1,0,0,0,0,0,0,0,55,0,1,1,1,1,6,2,12,0,0,0,1,39,43113,6,1,0,0,3,0,72,210,0,0,0,0,0,0,0,0,0,0,0,0,0,0,1,2,55,1,2,2,1,0,0,1,66,1,1,1,90,0,0
39,390538,1,2,1,19,8,19,5,12,6,1,0,39,2,85,881,85881,63,2007,2NKMLD9XX7M1,2,N,K,M,L,D,9,X,X,7,M,1,1,T,KW,T30,CC,7,17,,8,2800,1450,CON,D,,,6,441,,,,,00000,00,,64,3,57,1032354,571032354,3,4,4,1,0,0,0,0,0,0,0,35,0,0,0,12,12,6,2,12,0,0,0,1,39,44691,6,1,0,0,3,3,67,185,0,0,0,0,0,0,0,0,0,0,39,0,0,0,1,2,55,1,1,2,1,20,3,1,17,1,1,1,88,0,0
39,390538,2,2,2,19,8,19,5,12,6,1,0,39,2,49,40,49040,4,2006,JTDBE32K2630,J,T,D,B,E,3,2,K,2,6,3,0,0,P,TOYT,XLL,4D,6,17,3108,,0,1071,,G,,F,4,144,,,15R205,,,,,,0,0,000000000,00000000000,0,0,0,1,0,0,0,0,0,0,0,998,0,1,1,9,9,6,2,12,0,0,0,1,39,43443,6,1,0,0,3,0,61,130,0,0,0,0,0,0,0,0,0,0,0,0,0,0,1,2,55,1,1,2,1,0,0,1,66,1,1,1,89,1,0
39,390539,1,2,1,19,8,21,26,12,6,1,0,39,1,18,7,18007,4,1998,2G4WS52M7W15,2,G,4,W,S,5,2,M,7,W,1,5,0,P,BUIC,CCU,4D,98,17,3255,,0,1090,,G,,F,6,191,,,15R205,,,,,,0,0,000000000,00000000000,0,0,0,1,0,0,0,0,0,0,0,998,1,0,0,12,13,6,2,12,0,0,0,1,39,44287,6,1,0,0,3,0,63,350,0,0,0,0,0,0,0,0,0,0,0,0,0,0,1,2,55,1,2,2,1,0,0,1,56,1,1,1,88,1,0
39,390539,2,2,1,19,8,21,26,12,6,1,0,39,1,86,881,86881,66,1985,1M2V246Y5FM0,1,M,2,V,2,4,6,Y,5,F,M,0,1,T,MACK,RS7,TR,85,17,,8,0,0,700,D,,,8,998,,,,,00000,00,,64,1,57,1667440,571667440,3,6,3,1,0,0,0,0,0,0,0,3,0,0,0,9,9,4,9,12,0,0,0,1,39,44691,6,1,6,0,3,0,73,240,0,0,0,0,0,0,0,0,0,0,0,0,0,0,1,2,55,1,2,2,1,0,0,9,11,1,1,1,89,0,0
39,390540,1,1,1,22,8,10,31,8,0,1,0,39,3,86,882,86882,63,2002,1M2K195C52M0,1,M,2,K,1,9,5,C,5,2,M,0,0,T,MACK,MR6,TB,2,17,,8,0,0,600,D,,,6,728,,,,,00000,00,,64,0,57,332596,57332596,3,2,7,1,0,0,0,0,0,0,0,30,0,0,0,12,12,0,1,8,0,0,0,1,39,43015,6,1,6,0,3,3,66,210,1,0,0,0,2,9,2009,5,2011,0,0,0,0,0,1,4,35,1,1,2,1,0,0,1,80,2,1,1,13,0,0
39,390541,1,1,1,24,8,4,30,33,0,1,0,39,1,7,442,7442,20,1996,1B4GP44R8TB4,1,B,4,G,P,4,4,R,8,T,B,4,0,T,DODG,GCS,ES,96,17,,1,0,1193,CAR,G,,,6,201,,,,,3663,03,E,42,0,0,000000000,00000000000,0,0,0,1,0,0,0,0,0,0,0,998,0,0,0,12,12,6,2,19,0,0,0,1,39,44240,6,1,0,0,3,0,73,220,0,0,0,1,0,5,2010,5,2010,1,0,0,0,0,1,4,40,2,2,2,1,0,0,14,12,1,1,4,6,1,0
39,390542,1,2,1,5,8,9,55,14,0,1,0,39,2,12,471,12471,30,2001,1FTYR14U51TA,1,F,T,Y,R,1,4,U,5,1,T,A,0,T,FORD,RNS,PC,1,17,,1,0,1257,RNG,G,,,6,182,,,,B,3271,00,U,42,0,0,000000000,00000000000,0,0,0,1,0,0,0,0,0,0,0,998,0,0,0,12,11,6,2,12,0,0,0,1,39,45005,6,1,0,0,3,3,65,197,0,0,0,0,0,0,0,0,0,0,99,99,99,99,1,2,25,1,9,2,98,0,0,99,12,1,1,4,6,1,0
39,390542,6,2,1,5,8,9,55,14,0,1,0,39,3,12,481,12481,31,2009,1FTSX21R09EA,1,F,T,S,X,2,1,R,0,9,E,A,0,T,FORD,F2S,4C,9,17,,2,1580,1420,SRW,D,,,8,390,,,,B,6346,01,U,44,0,0,000000000,00000000000,0,0,0,1,0,0,0,0,0,0,0,0,0,0,0,7,7,6,2,12,0,0,0,1,39,45304,6,1,0,0,3,0,68,175,0,0,0,0,0,0,0,0,0,0,0,0,0,0,1,2,25,1,9,2,98,0,0,5,53,1,1,1,98,0,0
39,390543,1,1,1,30,7,20,39,1,0,1,0,39,1,73,706,73706,80,1999,JKAZRBC18XA0,J,K,A,Z,R,B,C,1,8,X,A,0,0,M,KAWK,Z0C,RS,99,17,,,,,,,1100,,4,,4,490,,,,,,,0,0,000000000,00000000000,0,0,0,1,0,0,0,0,0,0,0,48,0,0,0,0,9,4,3,1,0,0,0,1,39,45424,6,1,0,0,3,0,70,295,0,0,0,0,0,0,0,0,0,1,36,0,0,0,1,2,25,1,1,2,1,0,0,1,6,2,1,2,98,1,0
39,390544,1,2,1,15,8,13,47,12,1,1,0,39,2,2,404,2404,14,2003,1J4GW48S73C5,1,J,4,G,W,4,8,S,7,3,C,5,0,T,JEEP,LRO,4W,3,17,,1,0,1059,GCK,G,,,6,244,,,,,3880,01,E,44,0,0,000000000,00000000000,0,0,0,1,0,0,0,0,0,0,0,55,0,0,0,12,12,6,2,12,0,0,0,1,39,45341,6,1,0,0,3,0,71,150,0,0,0,0,1,9,2008,9,2008,0,26,0,0,0,1,2,55,1,1,2,1,0,0,98,51,1,1,1,24,0,0
39,390544,2,2,4,15,8,13,47,12,1,1,0,39,2,37,441,37441,20,2004,5FNRL18054B0,5,F,N,R,L,1,8,0,5,4,B,0,0,P,HOND,UDY,SV,4,17,4365,,0,1181,,G,,F,6,212,,,16R225,,,,,,0,0,000000000,00000000000,0,0,0,1,0,0,0,0,0,0,0,10,0,0,0,6,6,6,2,12,0,0,0,1,39,45502,6,1,0,0,3,0,77,199,0,0,0,1,0,2,2010,2,2010,0,83,0,0,0,1,2,55,1,1,2,1,0,0,2,87,1,1,1,25,1,0
39,390545,1,2,1,17,8,7,45,12,8,1,0,39,2,22,18,22018,2,2001,1G2NW12E91M5,1,G,2,N,W,1,2,E,9,1,M,5,0,P,PONT,GAG,CP,1,17,3091,,0,1070,,G,,F,6,207,,,16R225,,,,,,0,0,000000000,00000000000,0,0,0,1,0,0,0,0,0,0,0,55,0,0,0,10,10,6,2,12,0,0,0,1,39,43113,6,1,0,0,3,0,73,150,0,0,0,0,0,0,0,0,0,0,0,0,0,0,1,2,55,2,1,2,1,0,0,14,10,1,1,2,64,0,0
39,390545,2,2,1,17,8,7,45,12,8,1,0,39,1,24,1,24001,4,1993,1G8ZJ5577PZ1,1,G,8,Z,J,5,5,7,7,P,Z,1,0,P,STRN,SL2,4D,93,17,0,,0,1024,,G,,F,4,116,,,15R195,,,,,,0,0,000000000,00000000000,0,0,0,1,0,0,0,0,0,0,0,55,0,1,6,10,10,6,2,12,0,0,0,1,39,45628,6,1,0,0,3,0,71,178,1,0,0,0,0,12,2010,12,2010,0,0,0,0,0,1,2,55,3,1,2,1,0,0,14,62,9,1,1,65,1,0
39,390546,1,1,2,18,8,22,45,1,0,1,0,39,1,72,706,72706,80,2010,1HD1BW512AB0,1,H,D,1,B,W,5,1,2,A,B,0,0,M,HD,STC,RS,10,17,,,,,,,1584,,2,,4,761,,,,,,,0,0,000000000,00000000000,0,0,0,1,0,0,0,0,0,0,0,45,0,0,0,0,9,6,2,1,0,0,0,1,39,43302,1,1,0,0,2,0,68,170,1,2,1,0,3,11,2008,4,2011,0,36,84,91,0,1,4,35,1,1,2,1,0,0,98,51,3,1,2,98,1,1
39,390547,1,1,1,19,8,23,24,49,0,1,0,39,3,20,481,20481,31,2007,1GCHK23667F5,1,G,C,H,K,2,3,6,6,7,F,5,0,T,CHEV,2KH,CW,7,17,,2,1670,1530,SIL,D,,,8,403,,,,C,5883,02,,44,0,0,000000000,00000000000,0,0,0,1,0,0,0,0,0,0,0,50,0,0,0,12,12,6,2,49,0,0,0,1,39,44287,6,1,0,0,3,0,71,220,0,0,0,0,0,0,0,0,0,0,24,26,91,0,1,2,55,1,1,2,1,0,0,1,83,1,1,1,13,0,1
39,390548,1,2,1,22,8,16,39,12,6,1,0,39,2,20,481,20481,31,2001,2GCEK19T7111,2,G,C,E,K,1,9,T,7,1,1,1,0,T,CHEV,SK1,4C,1,17,,2,1575,1435,SIL,G,,,8,325,,,,B,4776,00,,44,0,0,000000000,00000000000,0,0,0,1,0,0,0,0,0,0,0,36,0,0,0,12,12,6,2,12,0,0,0,1,39,44854,6,1,0,0,3,0,62,160,0,0,0,0,0,0,0,0,0,0,38,39,0,0,1,2,55,1,1,2,1,20,3,1,17,1,1,1,86,0,0
39,390548,2,2,2,22,8,16,39,12,6,1,0,39,1,7,442,7442,20,2009,2D8HN54X39R6,2,D,8,H,N,5,4,X,3,9,R,6,0,P,DODG,CAR,SV,9,17,4483,,0,1212,,G,,F,6,244,,,16R225,,,,,,0,0,000000000,00000000000,0,0,0,1,0,0,0,0,0,0,0,48,0,1,6,2,2,6,2,12,0,0,0,1,39,44820,6,1,0,0,3,3,64,200,0,0,0,0,0,0,0,0,0,0,0,0,0,0,1,2,55,1,1,2,1,0,0,1,17,1,1,1,87,1,0
39,390549,1,2,1,22,8,13,10,12,6,1,0,39,3,98,806,98806,62,2009,5PVND8JP192S,5,P,V,N,D,8,J,P,1,9,2,S,0,T,HINO,258,CC,9,17,,6,0,0,HIN,D,,,6,469,,,,,00000,00,,42,0,39,14844,3914844,2,1,3,1,0,0,0,0,0,0,0,40,0,0,0,12,2,6,2,12,0,0,0,1,39,44001,6,1,0,0,3,0,68,240,0,0,0,0,0,0,0,0,0,0,0,0,0,0,1,2,45,1,1,2,1,0,0,1,17,1,1,1,69,0,0
39,390549,2,2,2,22,8,13,10,12,6,1,0,39,1,18,2,18002,4,2001,1G4HR54K81U2,1,G,4,H,R,5,4,K,8,1,U,2,0,P,BUIC,LLF,4D,1,17,3591,,0,1122,,G,,F,6,231,,,15R215,,,,,,0,0,000000000,00000000000,0,0,0,1,0,0,0,0,0,0,0,998,0,0,0,9,9,6,2,12,0,0,0,1,39,44052,6,1,0,0,3,0,74,265,0,0,0,0,0,0,0,0,0,0,38,0,0,0,1,2,45,1,1,2,1,20,3,11,17,1,1,2,68,1,0
39,390550,1,1,1,27,8,21,14,9,0,1,0,39,2,52,34,52034,4,2000,4A3AA46GXYE0,4,A,3,A,A,4,6,G,X,Y,E,0,0,P,MITS,GES,4D,0,17,3075,,0,1037,,G,,F,4,143,,,15R195,,,,,,0,0,000000000,00000000000,0,0,0,1,0,0,0,0,0,0,0,45,0,0,0,12,12,4,3,9,0,0,0,1,17,43406,6,1,0,0,3,0,68,150,1,0,0,1,0,2,2010,9,2010,0,0,0,0,0,1,2,50,1,1,2,1,0,0,1,83,1,1,1,13,0,0
39,390552,1,1,1,28,6,9,47,8,0,1,0,39,1,37,403,37403,14,2008,5J6YH18388L0,5,J,6,Y,H,1,8,3,8,8,L,0,0,P,HOND,ELE,UT,8,17,3499,,0,1014,,G,,F,4,146,,,16R215,,,,,,0,0,000000000,00000000000,0,0,0,1,0,0,0,0,0,0,0,5,0,0,0,6,6,0,1,8,0,0,0,1,39,44124,6,1,0,0,3,0,63,140,0,0,0,0,1,8,2008,8,2008,0,38,0,0,0,1,2,98,1,1,2,1,0,0,13,80,1,1,1,13,0,0
39,390553,1,2,2,28,7,15,49,12,6,1,0,39,2,20,37,20037,4,2001,1G1ND52J0161,1,G,1,N,D,5,2,J,0,1,6,1,0,P,CHEV,MAL,4D,1,17,3051,,0,1070,,G,,F,6,191,,,15R215,,,,,,0,0,000000000,00000000000,0,0,0,1,0,0,0,0,0,0,0,5,0,0,0,3,3,6,2,12,0,0,0,1,39,45840,6,1,0,0,3,0,71,328,0,1,0,0,0,11,2008,11,2008,0,38,0,0,0,1,2,35,1,1,2,1,20,3,4,17,1,1,1,87,1,0
39,390553,2,2,1,28,7,15,49,12,6,1,0,39,1,7,482,7482,31,1998,1B7KC23W8WJ1,1,B,7,K,C,2,3,W,8,W,J,1,0,T,DODG,Q25,4C,98,17,,2,1547,1387,RPC,G,,,10,488,,,,C,4989,01,U,42,0,0,000000000,00000000000,0,0,0,1,0,0,0,0,0,0,0,35,0,0,0,12,12,6,2,12,0,0,0,1,39,45881,6,1,0,0,3,0,71,240,0,0,0,0,0,0,0,0,0,0,0,0,0,0,1,2,35,1,1,2,1,0,0,1,66,1,1,1,86,0,0
39,390554,1,4,1,9,8,9,49,12,7,1,0,39,2,12,402,12402,14,2001,1FMYU04171KB,1,F,M,Y,U,0,4,1,7,1,K,B,0,P,FORD,SPE,UT,1,17,3186,,0,1031,,G,,F,6,181,,,15R225,,,,,,0,0,000000000,00000000000,0,0,0,1,0,0,0,0,0,0,0,35,0,0,0,7,7,2,9,12,0,0,0,1,39,44312,6,1,0,0,3,0,79,278,0,1,0,0,0,9,2010,9,2010,0,0,0,0,0,1,4,35,1,1,2,1,0,0,1,53,1,1,1,48,0,0
39,390554,2,4,1,9,8,9,49,12,7,1,0,39,1,49,402,49402,14,2008,JTMBK31V2850,J,T,M,B,K,3,1,V,2,8,5,0,0,P,TOYT,RG4,UT,8,17,3675,,0,1047,,G,,F,6,214,,,17R225,,,,,,0,0,000000000,00000000000,0,0,0,1,0,0,0,0,0,0,0,30,0,0,0,8,8,4,9,12,0,0,0,1,39,44221,6,1,0,0,3,3,67,178,0,0,0,0,1,9,2009,9,2009,0,0,0,0,0,1,4,35,1,1,2,1,0,0,1,62,1,1,1,98,0,0
39,390554,3,4,1,9,8,9,49,12,7,1,0,39,3,84,881,84881,62,2009,1HTMMAAM69H0,1,H,T,M,M,A,A,M,6,9,H,0,0,T,INTL,430,CC,9,17,,6,0,0,40S,D,,,6,466,,,,,00000,00,,42,0,88,888888888,88888888888,2,1,96,1,0,0,0,0,0,0,0,35,0,0,0,12,12,6,2,12,0,0,0,1,39,44301,6,1,0,0,3,0,72,230,0,0,0,0,0,0,0,0,0,0,0,0,0,0,1,4,35,1,1,2,1,0,0,1,54,1,1,1,98,0,0
39,390554,4,4,1,9,8,9,49,12,7,1,0,39,1,49,52,49052,5,2010,JTKKU4B45A10,J,T,K,K,U,4,B,4,5,A,1,0,0,P,TOYT,SXD,4H,10,17,2625,,0,969,,G,,F,4,110,,,16R195,,,,,,0,0,000000000,00000000000,0,0,0,1,0,0,0,0,0,0,0,64,3,0,0,3,12,6,2,12,0,0,0,1,39,44203,1,1,0,0,2,0,65,230,0,3,0,1,1,6,2009,7,2011,1,28,0,0,0,1,4,35,1,1,2,1,0,0,6,6,1,1,2,48,1,0
39,390555,1,1,1,22,8,7,0,43,0,1,0,39,1,37,706,37706,80,1999,1HFSC2237XA1,1,H,F,S,C,2,2,3,7,X,A,1,0,M,HOND,1/2,RS,99,17,,,,,,,1520,,6,,4,816,,,,,,,0,0,000000000,00000000000,0,0,0,1,0,0,0,0,0,0,0,999,0,0,0,3,3,6,2,1,0,0,0,1,39,43357,6,1,0,0,3,0,71,260,0,0,0,0,1,4,2011,4,2011,0,28,0,0,0,1,2,55,3,1,2,1,0,0,14,13,1,1,4,1,1,0
39,390556,1,1,1,25,8,9,5,42,0,1,0,39,2,63,32,63032,4,2007,KNADE1234762,K,N,A,D,E,1,2,3,4,7,6,2,0,P,KIA,RBL,4D,7,17,2365,,0,984,,G,,F,4,098,,,14R175,,,,,,0,0,000000000,00000000000,0,0,0,1,0,0,0,0,0,0,0,998,0,0,0,3,3,6,2,42,0,0,0,1,39,43545,6,1,0,0,3,3,68,130,0,0,0,0,0,0,0,0,0,0,28,0,0,0,1,2,55,1,2,2,1,20,3,1,12,1,4,4,7,1,0
39,390557,1,2,1,26,8,11,28,12,2,1,0,39,2,12,422,12422,15,1998,1FMPU18L5WLA,1,F,M,P,U,1,8,L,5,W,L,A,0,P,FORD,EPT,UT,98,17,5177,,0,1190,,G,,F,8,330,,,16R255,,,,,,0,0,000000000,00000000000,0,0,0,1,0,0,0,0,0,0,0,35,0,0,0,12,12,6,2,12,0,0,0,1,39,45416,1,1,0,0,2,3,65,190,1,1,0,0,1,2,2010,7,2011,0,28,0,0,0,1,4,35,1,2,2,1,3,3,1,10,1,1,2,50,0,1
39,390557,2,2,2,26,8,11,28,12,2,1,0,39,1,21,17,21017,4,1996,1G3AJ55M0T64,1,G,3,A,J,5,5,M,0,T,6,4,0,P,OLDS,CRL,4D,96,17,2924,,0,1049,,G,,F,6,191,,,14R185,,,,,,0,0,000000000,00000000000,0,0,0,1,0,0,0,0,0,0,0,35,0,0,0,12,12,6,2,12,0,0,0,1,39,45415,6,1,0,0,3,0,68,270,0,0,0,0,1,8,2011,8,2011,0,0,0,0,0,1,4,35,1,2,2,1,3,3,1,62,1,1,1,51,1,0
39,390558,1,1,1,27,8,0,20,1,0,1,0,39,1,37,706,37706,80,1997,JH2SC330XVM1,J,H,2,S,C,3,3,0,X,V,M,1,0,M,HOND,CR9,RC,97,17,,,,,,,919,,4,,4,407,,,,,,,0,0,000000000,00000000000,0,0,0,1,0,0,0,0,0,0,0,998,0,0,0,0,12,6,2,30,0,0,0,1,39,44403,6,1,0,0,3,0,73,238,0,0,0,0,0,0,0,0,0,1,0,0,0,0,1,2,45,3,2,2,1,0,0,14,13,1,1,4,1,1,1
39,390559,1,1,1,28,8,18,44,34,0,1,0,39,2,12,17,12017,4,2001,1FAFP55S81G1,1,F,A,F,P,5,5,S,8,1,G,1,0,P,FORD,TSS,4D,1,17,3343,,0,1085,,G,,F,6,182,,,16R215,,,,,,0,0,000000000,00000000000,0,0,0,1,0,0,0,0,0,0,0,998,0,1,5,3,13,6,2,1,0,0,0,1,39,44890,0,0,0,0,0,0,999,999,0,0,0,0,0,0,0,0,0,1,28,58,0,0,1,2,55,1,1,4,11,0,0,1,6,6,4,4,7,1,1
39,390560,1,1,1,31,8,6,40,59,0,1,0,39,1,7,402,7402,14,1999,1B4HS28Z9XF7,1,B,4,H,S,2,8,Z,9,X,F,7,0,P,DODG,DUR,UT,99,17,4397,,0,1159,,G,,F,8,360,,,15R235,,,,,,0,0,000000000,00000000000,0,0,0,1,0,0,0,0,0,0,0,998,0,0,0,9,12,6,2,30,0,0,0,1,39,43206,6,1,0,0,3,0,69,170,1,2,0,2,1,2,2010,7,2011,0,28,0,0,0,1,2,35,1,2,2,1,0,0,1,12,1,1,4,6,1,0
39,390561,1,3,1,2,8,18,5,33,0,1,0,39,1,49,32,49032,4,1994,1NXAE04B4RZ1,1,N,X,A,E,0,4,B,4,R,Z,1,0,P,TOYT,COA,4D,94,17,2359,,0,970,,G,,F,4,097,,,14R175,,,,,,0,0,000000000,00000000000,0,0,0,1,0,0,0,0,0,0,0,25,0,0,0,1,12,6,2,12,0,0,0,1,39,44125,6,1,0,0,3,0,66,178,1,0,0,0,0,1,2011,1,2011,0,0,0,0,0,1,4,35,4,1,2,1,0,0,14,61,1,1,1,98,0,0
39,390561,2,3,1,2,8,18,5,33,0,1,0,39,2,2,404,2404,14,2011,1J4RR4GG1BC7,1,J,4,R,R,4,G,G,1,B,C,7,0,T,JEEP,LRO,4W,11,17,,2,0,1148,GCK,F,,,6,220,,,,,4660,00,W,44,0,0,000000000,00000000000,0,0,0,1,0,0,0,0,0,0,0,27,0,0,0,12,12,6,2,12,0,0,0,1,39,44124,6,1,0,0,3,3,76,225,0,0,0,0,0,0,0,0,0,0,0,0,0,0,1,4,35,4,1,2,1,0,0,14,62,1,1,1,98,0,0
39,390561,3,3,1,2,8,18,5,33,0,1,0,39,2,12,13,12013,2,1999,3FAKP1137XR2,3,F,A,K,P,1,1,3,7,X,R,2,0,P,FORD,ZCH,CP,99,17,2478,,0,984,,G,,F,4,121,,,14R185,,,,,,0,0,000000000,00000000000,0,0,0,1,0,0,0,0,0,0,0,33,2,0,0,12,12,6,2,12,0,0,0,1,39,44137,6,1,0,0,3,0,71,215,1,0,0,0,0,7,2011,7,2011,0,34,0,0,0,1,4,35,4,1,2,1,0,0,6,14,6,1,4,15,1,1
39,390562,1,2,1,31,8,15,38,12,6,1,0,39,1,49,32,49032,4,2007,2T1BR32E77C8,2,T,1,B,R,3,2,E,7,7,C,8,0,P,TOYT,UCS,4D,7,17,2530,,0,1024,,G,,F,4,109,,,15R185,,,,,,0,0,000000000,00000000000,0,0,0,1,0,0,0,0,0,0,0,35,0,0,0,11,11,6,2,12,0,0,0,1,39,44870,6,1,0,0,3,3,62,170,0,0,0,0,0,0,0,0,0,0,0,0,0,0,1,2,45,1,1,2,1,0,0,1,72,1,1,1,69,0,0