STATE,ST_CASE,VEH_NO,VE_FORMS,NUMOCCS,DAY,MONTH,HOUR,MINUTE,HARM_EV,MAN_COLL,UNITTYPE,HIT_RUN,REG_STAT,OWNER,MAKE,MODEL,MAK_MOD,BODY_TYP,MOD_YEAR,VIN,VIN_1,VIN_2,VIN_3,VIN_4,VIN_5,VIN_6,VIN_7,VIN_8,VIN_9,VIN_10,VIN_11,VIN_12,TOW_VEH,VINTYPE,VINMAKE,VINA_MOD,VIN_BT,VINMODYR,VIN_LNGT,VIN_WGT,WGTCD_TR,WHLBS_LG,WHLBS_SH,SER_TR,FUELCODE,MCYCL_DS,CARBUR,CYLINDER,DISPLACE,MCYCL_CY,MCYCL_WT,TIRE_SZE,TON_RAT,TRK_WT,TRKWTVAR,VIN_REST,WHLDRWHL,J_KNIFE,MCARR_I1,MCARR_I2,MCARR_ID,GVWR,V_CONFIG,CARGO_BT,HAZ_INV,HAZ_PLAC,HAZ_ID,HAZ_CNO,HAZ_REL,BUS_USE,SPEC_USE,EMER_USE,TRAV_SP,UNDERIDE,ROLLOVER,ROLINLOC,IMPACT1,IMPACT2,DEFORMED,TOWED,M_HARM,VEH_SC1,VEH_SC2,FIRE_EXP,DR_PRES,L_STATE,DR_ZIP,L_STATUS,L_TYPE,CDL_STAT,L_ENDORS,L_COMPL,L_RESTRI,DR_HGT,DR_WGT,PREV_ACC,PREV_SUS,PREV_DWI,PREV_SPD,PREV_OTH,FIRST_MO,FIRST_YR,LAST_MO,LAST_YR,SPEEDREL,DR_SF1,DR_SF2,DR_SF3,DR_SF4,VTRAFWAY,VNUM_LAN,VSPD_LIM,VALIGN,VPROFILE,VPAVETYP,VSURCOND,VTRAFCON,VTCONT_F,P_CRASH1,P_CRASH2,P_CRASH3,PCRASH4,PCRASH5,ACC_TYPE,DEATHS,DR_DRINK
39,390591,1,1,1,8,9,21,15,8,0,1,0,39,2,13,1,13001,4,1999,1LNFM82W1XY6,1,L,N,F,M,8,2,W,1,X,Y,6,0,P,LINC,SIG,4D,99,17,4020,,0,1177,,G,,F,8,281,,,16R225,,,,,,0,0,000000000,00000000000,0,0,0,1,0,0,0,0,0,0,0,35,0,0,0,12,12,2,3,8,0,0,0,1,39,45405,6,1,0,0,3,3,65,145,0,0,0,2,0,4,2010,4,2010,0,0,0,0,0,1,4,35,1,2,2,1,0,0,1,80,1,1,1,13,0,0
39,390592,1,1,1,9,9,3,38,32,0,1,0,39,2,12,471,12471,30,2001,1FTYR10C61TA,1,F,T,Y,R,1,0,C,6,1,T,A,0,T,FORD,RNG,PK,1,17,,1,1175,1116,RNG,G,,,4,153,,,,B,3068,01,U,42,0,0,000000000,00000000000,0,0,0,1,0,0,0,0,0,0,0,998,0,1,5,12,12,6,2,1,0,0,0,1,39,45690,6,1,0,0,3,0,70,170,1,0,0,1,2,10,2008,8,2010,0,0,0,0,0,1,2,55,4,1,2,1,0,0,14,10,1,1,4,6,1,0
39,390593,1,2,1,10,9,7,40,24,0,1,0,39,3,39,36,39036,9,2003,999999999999,9,9,9,9,9,9,9,9,9,9,9,9,0,,,,,,,,,,,,,,,,,,,,,,,,,0,0,000000000,00000000000,0,0,0,1,0,0,0,0,0,0,0,10,0,0,0,12,13,6,2,12,0,0,0,1,39,44202,6,1,0,0,3,3,71,160,0,0,0,0,0,0,0,0,0,0,0,0,0,0,1,4,50,4,2,2,2,0,0,14,62,1,1,1,98,1,0
39,390593,2,2,2,10,9,7,40,24,0,1,0,39,3,82,881,82881,66,1994,2FUYDCXB1RA5,2,F,U,Y,D,C,X,B,1,R,A,5,1,T,FRHT,FLD,TR,94,17,,8,0,0,CON,D,,,6,677,,,,,00000,00,,64,2,57,785029,57785029,3,6,3,1,0,0,0,0,0,0,0,55,7,0,0,99,5,6,2,12,0,0,0,1,39,44104,1,1,1,0,2,0,74,160,0,0,0,0,1,4,2011,4,2011,1,36,0,0,0,1,4,50,4,6,2,2,0,0,14,6,1,2,4,2,0,0
39,390594,1,1,2,10,9,16,0,32,0,1,0,39,1,37,32,37032,4,2003,1HGCM665X3A0,1,H,G,C,M,6,6,5,X,3,A,0,0,P,HOND,UEX,4D,3,17,3109,,0,1079,,G,,F,6,183,,,16R205,,,,,,0,0,000000000,00000000000,0,0,0,1,0,0,0,0,0,0,0,60,0,0,0,2,3,6,2,42,0,0,0,1,39,43081,6,1,0,0,3,3,73,200,0,0,0,0,0,0,0,0,0,1,36,0,0,0,1,2,55,1,3,2,1,0,0,1,8,1,2,4,7,1,1
39,390595,1,1,1,17,9,23,57,34,0,1,0,39,1,20,9,20009,2,1997,2G1FP22P6V21,2,G,1,F,P,2,2,P,6,V,2,1,0,P,CHEV,Z28,CP,97,17,3433,,0,1011,,G,,F,8,350,,,16R235,,,,,,0,0,000000000,00000000000,0,0,0,1,0,0,0,0,0,0,0,78,0,0,0,3,3,6,2,30,0,0,0,1,39,45895,6,1,0,0,3,0,75,200,0,0,0,0,0,0,0,0,0,1,36,0,0,0,1,2,55,1,2,2,1,0,0,1,6,1,2,4,2,1,1
39,390596,1,2,3,22,9,7,25,12,6,1,0,39,2,12,471,12471,30,1999,1FTYR14VXXTA,1,F,T,Y,R,1,4,V,X,X,T,A,0,T,FORD,RNS,PC,99,17,,1,0,1257,RNG,F,,,6,182,,,,B,00000,00,U,42,0,0,000000000,00000000000,0,0,0,1,0,0,0,0,0,0,0,5,0,0,0,10,10,2,3,12,0,0,0,1,39,44109,6,1,0,0,3,0,66,165,0,0,0,0,0,0,0,0,0,0,38,0,0,0,1,2,35,1,2,2,1,0,0,11,17,1,1,2,68,0,0
39,390596,2,2,1,22,9,7,25,12,6,1,0,39,1,37,706,37706,80,1973,CB7502204181,C,B,7,5,0,2,2,0,4,1,8,1,0,M,HOND,CB7,RS,73,12,,,,,,,736,,4,,4,479,,,,,,,0,0,000000000,00000000000,0,0,0,1,0,0,0,0,0,0,0,998,0,0,0,12,12,6,2,12,0,0,0,1,39,44134,6,1,0,0,3,3,70,172,0,0,0,0,0,0,0,0,0,0,0,0,0,0,1,2,35,1,2,2,1,0,0,1,17,1,1,1,69,1,1
39,390597,1,2,1,23,8,14,15,12,6,1,0,39,2,35,47,35047,4,2002,1N4AL11D92C7,1,N,4,A,L,1,1,D,9,2,C,7,0,P,NISS,ABS,4D,2,17,2873,,0,1102,,G,,F,4,153,,,16R205,,,,,,0,0,000000000,00000000000,0,0,0,1,0,0,0,0,0,0,0,998,0,0,0,10,10,2,3,12,0,0,0,1,39,45219,6,1,0,0,3,0,66,120,0,0,0,0,0,0,0,0,0,0,48,91,0,0,1,4,35,1,2,2,1,3,3,11,17,1,1,2,68,0,0
39,390597,2,2,1,23,8,14,15,12,6,1,0,39,1,98,739,98739,90,2008,LJ4TCKPB78Y0,L,J,4,T,C,K,P,B,7,8,Y,0,0,U,,,,8,17,,,,,,,,,,,,,,,,,,,0,0,000000000,00000000000,0,0,0,1,0,0,0,0,0,0,0,35,0,0,0,12,9,6,2,12,0,0,0,1,39,45231,6,1,0,0,3,3,70,189,1,0,0,1,0,9,2009,12,2009,0,0,0,0,0,1,4,35,1,2,2,1,3,3,1,17,1,1,1,69,1,0
39,390598,1,1,1,5,8,10,24,1,0,1,0,12,1,72,706,72706,80,2005,1HD1FDV155Y6,1,H,D,1,F,D,V,1,5,5,Y,6,0,M,HD,FHR,RS,5,17,,,,,,,1450,,2,,4,723,,,,,,,0,0,000000000,00000000000,0,0,0,1,0,0,0,0,0,0,0,44,0,0,0,0,3,6,2,1,0,0,0,1,12,44026,6,1,0,0,3,3,74,999,0,0,0,0,0,0,0,0,0,1,0,0,0,0,1,2,35,3,2,2,1,0,0,14,6,3,2,4,2,1,0
39,390599,1,1,1,23,8,19,32,33,0,1,0,39,1,53,705,53705,80,2007,JS1VP53A1721,J,S,1,V,P,5,3,A,1,7,2,1,0,M,SUZI,SV6,RC,7,17,,,,,,,645,,2,,4,363,,,,,,,0,0,000000000,00000000000,0,0,0,1,0,0,0,0,0,0,0,40,0,0,0,14,3,6,9,8,0,0,0,1,39,44060,6,1,0,0,3,3,71,170,0,0,1,1,0,9,2008,11,2009,1,36,0,0,0,1,4,35,3,2,2,1,0,0,15,6,1,1,4,1,0,1
39,390600,1,2,1,27,8,12,5,12,2,1,0,39,1,37,705,37705,80,1980,PC012100499,P,C,0,1,2,1,0,0,4,9,9,,0,M,HOND,CX5,RS,80,11,,,,,,,496,,2,,4,445,,,,,,,0,0,000000000,00000000000,0,0,0,1,0,0,0,0,0,0,0,998,0,0,0,12,13,6,2,12,0,0,0,1,39,43201,6,1,0,0,3,0,68,225,0,0,0,0,0,0,0,0,0,0,0,0,0,0,1,4,35,1,1,2,1,0,0,1,62,1,1,1,74,1,0
39,390600,2,2,2,27,8,12,5,12,2,1,0,39,1,12,422,12422,15,2000,1FMRU1565YLB,1,F,M,R,U,1,5,6,5,Y,L,B,0,P,FORD,EPT,UT,0,17,4886,,0,1191,,G,,F,8,281,,,16R255,,,,,,0,0,000000000,00000000000,0,0,0,1,0,0,0,0,0,0,0,5,0,0,0,12,12,6,9,12,0,0,0,1,39,43213,6,1,0,0,3,0,68,180,0,0,0,0,0,0,0,0,0,0,38,0,0,0,1,4,35,1,1,2,1,0,0,11,15,1,1,1,74,0,0
39,390601,1,2,2,27,8,23,25,12,1,1,0,39,1,22,2,22002,4,1970,252390P23867,2,5,2,3,9,0,P,2,3,8,6,7,0,P,PONT,CAT,4T,70,13,3997,,0,1220,,G,,,8,,,,15G78,,,,,,0,0,000000000,00000000000,0,0,0,1,0,0,0,0,0,0,0,998,0,0,0,6,3,6,2,31,0,0,0,1,39,43609,6,1,6,0,3,0,67,140,0,0,0,0,0,0,0,0,0,0,0,0,0,0,1,2,35,1,1,2,1,0,0,2,53,2,1,1,25,1,0
39,390601,2,2,1,27,8,23,25,12,1,1,0,39,1,20,2,20002,4,1987,1G1BN51H8HA1,1,G,1,B,N,5,1,H,8,H,A,1,0,P,CHEV,CCL,4D,87,17,3512,,0,1160,,G,,4,8,305,,,15R205,,,,,,0,0,000000000,00000000000,0,0,0,1,0,0,0,0,0,0,0,998,0,0,0,12,1,2,3,12,0,0,0,1,39,43612,6,1,0,0,3,0,72,215,0,0,0,0,0,0,0,0,0,1,26,0,0,0,1,2,35,1,1,2,1,0,0,2,6,2,1,1,24,0,0
39,390602,1,1,1,30,8,0,8,9,0,1,0,39,1,7,472,7472,30,2004,1D7GL12K74S5,1,D,7,G,L,1,2,K,7,4,S,5,0,T,DODG,SXT,PC,4,17,,1,0,1309,DAK,G,,,6,225,,,,B,3751,01,E,42,0,0,000000000,00000000000,0,0,0,1,0,0,0,0,0,0,0,25,0,0,0,1,1,2,9,9,0,0,0,1,39,44484,6,1,0,0,3,0,77,290,0,0,0,0,0,0,0,0,0,0,0,0,0,0,1,2,25,1,1,7,1,0,0,1,83,1,1,1,13,0,0
39,390603,1,1,1,3,9,19,36,38,0,1,0,39,1,73,706,73706,80,2007,JKBVNMF187A0,J,K,B,V,N,M,F,1,8,7,A,0,0,M,KAWK,VNF,RS,7,17,,,,,,,2053,,2,,4,796,,,,,,,0,0,000000000,00000000000,0,0,0,1,0,0,0,0,0,0,0,45,0,0,0,3,13,6,2,38,0,0,0,1,39,43920,6,1,6,0,3,3,73,225,1,0,0,0,0,10,2008,10,2008,0,28,0,0,0,1,2,55,3,2,2,1,0,0,14,13,1,1,4,1,1,1
39,390604,1,2,3,5,9,16,15,12,2,1,0,39,1,6,44,6044,4,1998,1C3EJ56H9WN1,1,C,3,E,J,5,6,H,9,W,N,1,0,P,CHRY,CLI,4D,98,17,3117,,0,1080,,G,,F,6,152,,,15R195,,,,,,0,0,000000000,00000000000,0,0,0,1,0,0,0,0,0,0,0,998,0,0,0,12,12,6,2,12,0,0,0,1,39,45417,6,1,0,0,3,3,60,135,0,0,0,0,0,0,0,0,0,0,28,0,0,0,1,2,35,1,2,2,1,0,0,1,10,1,1,2,50,0,0
39,390604,2,2,2,5,9,16,15,12,2,1,0,39,2,22,2,22002,4,1997,1G2HZ5213VH2,1,G,2,H,Z,5,2,1,3,V,H,2,0,P,PONT,BSI,4D,97,17,3595,,0,1108,,G,,Z,6,231,,,16R225,,,,,,0,0,000000000,00000000000,0,0,0,1,0,0,0,0,0,0,0,998,0,0,0,12,12,6,2,12,0,0,0,1,39,45424,6,1,0,0,3,0,63,125,0,0,0,0,0,0,0,0,0,0,0,0,0,0,1,2,35,1,2,2,1,0,0,1,62,1,1,1,51,1,0
39,390605,1,2,1,5,9,20,10,12,1,1,0,39,2,72,706,72706,80,2006,1HD1KBW186Y6,1,H,D,1,K,B,W,1,8,6,Y,6,0,M,HD,FHI,RS,6,17,,,,,,,1450,,2,,4,745,,,,,,,0,0,000000000,00000000000,0,0,0,1,0,0,0,0,0,0,0,998,0,0,0,12,12,6,2,12,0,0,0,1,39,43081,6,1,0,0,3,0,72,180,0,3,1,0,3,10,2008,10,2010,1,26,0,0,0,2,2,65,1,1,2,1,0,0,1,6,1,1,1,24,1,1
39,390605,2,2,1,5,9,20,10,12,1,1,0,42,3,12,881,12881,63,2007,3FRXF75S57V5,3,F,R,X,F,7,5,S,5,7,V,5,0,T,FORD,F77,CC,7,17,,7,2810,1460,COF,D,,,6,439,,,,D,00000,00,A,42,0,57,00010515,5700010515,3,1,97,1,0,0,0,0,0,0,0,10,0,0,0,6,6,4,9,12,0,0,0,1,17,62272,6,1,3,0,3,0,73,196,0,0,0,0,0,0,0,0,0,0,0,0,0,0,2,2,65,1,1,2,1,0,0,2,53,1,1,1,25,0,0
39,390606,1,1,1,7,9,8,0,8,0,1,1,39,2,7,482,7482,31,1999,3B7HF13ZXXG2,3,B,7,H,F,1,3,Z,X,X,G,2,0,T,DODG,Q15,4C,99,17,,2,1547,1387,RPC,G,,,8,360,,,,B,4956,01,U,44,0,0,000000000,00000000000,0,0,0,1,0,0,0,0,0,0,0,998,0,0,0,12,12,4,3,8,0,0,0,1,39,45002,6,1,0,0,3,3,73,175,1,0,0,0,0,7,2010,7,2010,0,28,0,0,0,1,2,45,1,1,2,2,0,0,1,80,1,1,4,13,0,0
39,390607,1,1,2,20,8,3,16,8,0,1,1,39,2,7,41,7041,4,2004,1B3EL36X34N3,1,B,3,E,L,3,6,X,3,4,N,3,0,P,DODG,SSE,4D,4,17,3088,,0,1080,,G,,F,4,146,,,15R205,,,,,,0,0,000000000,00000000000,0,0,0,1,0,0,0,0,0,0,0,998,0,0,0,12,12,2,1,8,0,0,0,1,39,48182,0,0,0,0,0,0,999,999,0,0,0,0,0,0,0,0,0,0,36,91,0,0,1,4,45,1,1,2,1,0,0,1,9,1,2,1,13,0,1
39,390608,1,2,1,25,8,18,56,12,6,1,0,39,2,76,706,76706,80,2006,JYARJ10E56A0,J,Y,A,R,J,1,0,E,5,6,A,0,0,M,YAMA,YZF,RC,6,17,,,,,,,599,,4,,4,412,,,,,,,0,0,000000000,00000000000,0,0,0,1,0,0,0,0,0,0,0,50,0,0,0,12,12,6,2,12,0,0,0,1,39,44646,1,1,0,0,2,0,68,183,0,1,0,0,0,1,2009,1,2009,1,36,0,0,0,1,2,25,1,1,2,1,0,0,1,6,2,2,2,88,1,1
39,390608,2,2,1,25,8,18,56,12,6,1,0,39,2,20,2,20002,4,2006,2G1WT58K3691,2,G,1,W,T,5,8,K,3,6,9,1,0,P,CHEV,IMT,4D,6,17,3477,,0,1105,,F,,F,6,214,,,16R225,,,,,,0,0,000000000,00000000000,0,0,0,1,0,0,0,0,0,0,0,0,0,0,0,11,11,2,3,12,0,0,0,1,39,44704,1,1,0,0,2,0,67,280,1,9,0,0,4,12,2008,6,2011,0,0,0,0,0,1,2,25,1,1,2,1,20,3,5,17,1,1,1,89,0,0
39,390609,1,1,1,19,8,20,11,8,0,1,0,39,2,2,404,2404,14,2005,1J4GR48K85C6,1,J,4,G,R,4,8,K,8,5,C,6,0,T,JEEP,LCF,4W,5,17,,1,0,1095,GCK,G,,,6,226,,,,,4335,00,E,44,0,0,000000000,00000000000,0,0,0,1,0,0,0,0,0,0,0,35,0,0,0,12,12,0,1,8,0,0,0,1,39,43110,1,1,0,0,2,0,77,240,0,1,0,0,1,10,2009,11,2009,1,0,0,0,0,1,2,25,4,1,2,1,0,0,14,80,1,1,1,13,0,0
39,390610,1,1,2,21,8,18,26,42,0,1,0,39,3,13,1,13001,4,2001,1LNHM81W61Y7,1,L,N,H,M,8,1,W,6,1,Y,7,0,P,LINC,EXC,4D,1,17,4057,,0,1177,,G,,F,8,281,,,16R225,,,,,,0,0,000000000,00000000000,0,0,0,1,0,0,0,0,0,0,0,55,0,0,0,12,12,6,2,42,0,0,0,1,39,43214,1,1,0,0,2,3,72,200,4,0,0,0,1,1,2009,2,2011,1,36,0,0,0,1,2,55,1,1,2,1,0,0,1,6,1,1,4,14,1,0
39,390611,1,1,1,25,8,21,20,24,0,1,0,39,1,37,32,37032,4,1993,1HGCB7656PA1,1,H,G,C,B,7,6,5,6,P,A,1,0,P,HOND,ALX,4D,93,17,2504,,0,1071,,G,,F,4,132,,,14R185,,,,,,0,0,000000000,00000000000,0,0,0,1,0,0,0,0,0,0,0,100,0,1,2,3,98,6,2,1,0,0,0,1,39,43143,6,1,0,0,3,0,63,123,0,0,0,0,0,0,0,0,0,1,36,0,0,0,3,4,65,1,1,2,1,0,0,1,6,1,2,4,2,1,0
39,390612,1,2,2,31,8,16,55,12,2,1,0,39,1,53,706,53706,80,2003,JS1GW71A2321,J,S,1,G,W,7,1,A,2,3,2,1,0,M,SUZI,GXR,RC,3,17,,,,,,,1298,,4,,4,478,,,,,,,0,0,000000000,00000000000,0,0,0,1,0,0,0,0,0,0,0,90,0,0,0,12,12,6,2,12,0,0,0,1,39,43611,6,1,0,0,3,0,71,205,0,1,0,0,1,2,2009,4,2010,1,35,0,0,0,1,4,40,4,1,2,1,0,0,6,10,1,1,2,50,1,0
39,390612,2,2,2,31,8,16,55,12,2,1,0,39,2,12,481,12481,31,2001,1FTNW21S91ED,1,F,T,N,W,2,1,S,9,1,E,D,0,T,FORD,F2S,CW,1,17,,2,1724,1562,SRW,G,,,10,415,,,,C,5932,07,E,44,0,0,000000000,00000000000,0,0,0,1,0,0,0,0,0,0,0,40,0,0,0,12,2,6,2,12,0,0,0,1,39,43611,1,1,0,0,2,0,68,150,0,0,0,0,0,0,0,0,0,0,0,0,0,0,1,4,40,4,1,2,1,0,0,14,62,1,1,1,51,0,0
39,390613,1,2,1,5,9,6,38,12,2,1,0,39,2,12,401,12401,14,2003,1FMZU63K53UB,1,F,M,Z,U,6,3,K,5,3,U,B,0,P,FORD,EPR,UT,3,17,4094,,0,1137,,F,,F,6,245,,,16R235,,,,,,0,0,000000000,00000000000,0,0,0,1,0,0,0,0,0,0,0,998,0,0,0,12,12,6,2,12,0,0,0,1,39,43068,6,1,0,0,3,0,66,220,1,0,0,0,0,7,2009,7,2009,0,0,0,0,0,1,2,35,1,1,2,1,0,0,1,62,1,1,1,51,0,0
39,390613,2,2,1,5,9,6,38,12,2,1,0,39,1,6,441,6441,20,2006,1A4GP45R56B5,1,A,4,G,P,4,5,R,5,6,B,5,0,P,CHRY,TWC,SV,6,17,3831,,0,1133,,G,,F,6,201,,,15R215,,,,,,0,0,000000000,00000000000,0,0,0,1,0,0,0,0,0,0,0,998,0,0,0,12,12,6,2,12,0,0,0,1,39,43068,6,1,0,0,3,0,67,174,2,0,0,2,2,3,2010,7,2011,0,0,0,0,0,1,2,35,1,1,2,1,0,0,1,10,1,1,2,50,1,0
39,390614,1,2,3,12,9,15,38,12,6,1,0,39,1,18,3,18003,4,1993,1G4CW53L4P16,1,G,4,C,W,5,3,L,4,P,1,6,0,P,BUIC,PKA,4D,93,17,3441,,0,1108,,G,,F,6,231,,,15R205,,,,,,0,0,000000000,00000000000,0,0,0,1,0,0,0,0,0,0,0,5,0,0,0,12,12,6,2,12,0,0,0,1,39,44203,6,1,0,0,3,3,65,180,0,0,0,0,0,0,0,0,0,0,38,0,0,0,1,4,35,1,1,2,1,20,3,11,17,1,1,1,82,0,0
39,390614,2,2,1,12,9,15,38,12,6,1,0,39,1,72,706,72706,80,2003,1HD1BXB133Y0,1,H,D,1,B,X,B,1,3,3,Y,0,0,M,HD,ISF,RS,3,17,,,,,,,1450,,2,,4,666,,,,,,,0,0,000000000,00000000000,0,0,0,1,0,0,0,0,0,0,0,30,0,0,0,2,98,6,2,12,0,0,0,1,39,44203,6,1,0,0,3,0,72,200,0,0,0,0,0,0,0,0,0,0,0,0,0,0,1,4,35,1,1,2,1,0,0,1,17,1,1,1,83,1,1
39,390615,1,5,1,2,9,15,43,12,1,1,0,39,1,7,482,7482,31,2004,1D7HA16N94J1,1,D,7,H,A,1,6,N,9,4,J,1,0,T,DODG,S15,PK,4,17,,2,1405,1205,RPC,G,,,8,287,,,,B,4445,01,E,42,0,0,000000000,00000000000,0,0,0,1,0,0,0,0,0,0,0,0,0,0,0,6,6,4,3,12,0,0,0,1,39,43147,6,1,0,0,3,0,74,210,0,0,0,0,0,0,0,0,0,0,0,0,0,0,3,2,65,1,1,2,1,0,0,5,18,1,1,1,98,0,0
39,390615,2,5,1,2,9,15,43,12,1,1,0,39,1,41,50,41050,4,2006,1YVHP80D465M,1,Y,V,H,P,8,0,D,4,6,5,M,0,P,MAZD,M6S,4D,6,17,3320,,0,1053,,G,,F,6,181,,,17R215,,,,,,0,0,000000000,00000000000,0,0,0,1,0,0,0,0,0,0,0,0,0,0,0,6,12,6,2,12,0,0,0,1,39,43068,6,1,0,0,3,0,74,330,2,0,0,0,1,2,2010,5,2010,0,0,0,0,0,3,2,65,1,1,2,1,0,0,5,18,1,1,1,98,0,0
39,390615,3,5,1,2,9,15,43,12,1,1,0,39,1,49,482,49482,31,2003,5TBRT34103S3,5,T,B,R,T,3,4,1,0,3,S,3,0,T,TOYT,TT5,4C,3,17,,2,0,1283,TUN,G,,,8,285,,,,C,4320,00,U,42,0,0,000000000,00000000000,0,0,0,1,0,0,0,0,0,0,0,0,0,0,0,6,98,6,2,12,0,0,0,1,39,43221,6,1,0,0,3,3,71,225,0,0,0,0,0,0,0,0,0,0,0,0,0,0,3,2,65,1,1,2,1,0,0,5,18,1,1,1,98,0,0
39,390615,4,5,1,2,9,15,43,12,1,1,0,39,1,37,31,37031,4,2002,1HGES16562L0,1,H,G,E,S,1,6,5,6,2,L,0,0,P,HOND,UCL,4D,2,17,2515,,0,1031,,G,,F,4,102,,,14R185,,,,,,0,0,000000000,00000000000,0,0,0,1,0,0,0,0,0,0,0,5,0,0,0,6,98,6,2,12,0,0,0,1,39,43147,6,1,0,0,3,0,65,180,0,0,0,0,0,0,0,0,0,0,0,0,0,0,3,2,65,1,1,2,1,0,0,2,18,1,1,1,29,1,0
39,390615,5,5,1,2,9,15,43,12,1,1,0,39,3,12,881,12881,61,1999,1FDXF46F7XEE,1,F,D,X,F,4,6,F,7,X,E,E,0,T,FORD,F4D,CB,99,17,,4,2010,1410,DRW,D,,,8,444,,,,,00000,00,E,42,0,99,999999999,99999999999,2,1,3,1,0,0,0,0,0,0,0,50,7,0,0,12,98,6,2,12,0,0,0,1,39,43229,6,1,0,0,3,0,69,180,1,4,0,1,0,7,2009,8,2011,0,26,0,0,0,3,2,65,1,1,2,1,0,0,1,18,1,1,1,28,0,0
39,390616,1,2,2,16,9,23,30,12,6,1,0,39,1,18,2,18002,4,2000,1G4HR54K3YU1,1,G,4,H,R,5,4,K,3,Y,U,1,0,P,BUIC,LLF,4D,0,17,3591,,0,1122,,G,,F,6,231,,,15R215,,,,,,0,0,000000000,00000000000,0,0,0,1,0,0,0,0,0,0,0,998,0,0,0,2,2,4,3,12,0,0,0,1,39,45414,1,1,0,0,2,0,65,182,0,2,0,0,2,2,2009,8,2011,0,38,0,0,0,1,4,35,1,1,2,1,3,3,11,17,1,1,1,82,0,1
39,390616,2,2,1,16,9,23,30,12,6,1,0,39,1,53,709,53709,80,2003,999999999999,9,9,9,9,9,9,9,9,9,9,9,9,0,,,,,,,,,,,,,,,,,,,,,,,,,0,0,000000000,00000000000,0,0,0,1,0,0,0,0,0,0,0,998,0,0,0,12,12,6,2,12,0,0,0,1,39,45405,6,1,0,0,3,0,67,220,0,0,0,0,0,0,0,0,0,1,0,0,0,0,1,4,35,1,1,2,1,3,3,1,17,1,1,1,83,1,1
39,390617,1,1,2,17,9,20,45,18,0,1,0,39,2,59,31,59031,4,1991,JT8UF11E8M00,J,T,8,U,F,1,1,E,8,M,0,0,0,P,LEXS,LS4,4D,91,17,3591,,0,1108,,G,,F,8,242,,,15R205,,,,,,0,0,000000000,00000000000,0,0,0,1,0,0,0,0,0,0,0,998,0,0,0,12,12,6,2,18,0,0,0,1,39,45426,6,1,0,0,3,0,75,270,0,0,0,1,1,5,2009,9,2011,0,39,0,0,0,1,2,35,1,1,2,1,40,3,1,98,1,1,1,12,1,1
39,390618,1,1,1,14,7,21,10,33,0,1,0,39,1,6,51,6051,4,2001,2C3AE66G11H5,2,C,3,A,E,6,6,G,1,1,H,5,0,P,CHRY,30M,4D,1,17,3512,,0,1130,,G,,F,6,215,,,17R225,,,,,,0,0,000000000,00000000000,0,0,0,1,0,0,0,0,0,0,0,50,0,0,0,12,2,6,2,30,0,0,0,1,39,44304,6,1,0,0,3,0,67,135,0,0,0,0,0,0,0,0,0,1,36,0,0,0,1,2,25,1,1,2,1,0,0,1,9,1,2,4,2,1,1
39,390619,1,1,3,27,8,2,29,43,0,1,0,39,1,23,481,23481,31,1989,JN1HS36P8KW0,J,N,1,H,S,3,6,P,8,K,W,0,0,P,NISS,24S,2H,89,17,2690,,0,974,,G,,F,4,146,,,15R195,,,,,,0,0,000000000,00000000000,0,0,0,1,0,0,0,0,0,0,0,120,0,0,0,98,98,6,2,43,0,0,0,1,39,43608,1,1,0,0,2,0,70,150,0,4,0,2,5,10,2008,5,2011,1,36,37,0,0,1,4,45,1,1,2,1,0,0,1,6,1,2,4,7,2,1
39,390620,1,1,1,27,8,20,20,34,0,1,0,39,1,20,471,20471,30,1992,1GCCS14R1N82,1,G,C,C,S,1,4,R,1,N,8,2,0,T,CHEV,S14,PK,92,17,,1,1179,1083,S,G,,,6,173,,,,B,2645,01,,42,0,0,000000000,00000000000,0,0,0,1,0,0,0,0,0,0,0,998,0,1,6,2,2,6,2,1,0,0,0,1,39,45657,6,1,0,0,3,0,71,140,1,0,0,0,0,11,2009,11,2009,0,0,0,0,0,1,2,55,1,2,2,1,0,0,1,13,1,1,4,1,1,1
39,390621,1,2,1,12,9,17,10,12,6,1,0,39,1,12,481,12481,31,2000,1FTRX18L3YNA,1,F,T,R,X,1,8,L,3,Y,N,A,0,T,FORD,F15,4C,0,17,,2,1574,1388,COF,G,,,8,330,,,,B,4611,04,U,44,0,0,000000000,00000000000,0,0,0,1,0,0,0,0,0,0,0,55,0,0,0,12,12,6,2,12,0,0,0,1,39,44320,6,1,0,0,3,0,70,205,0,0,0,1,3,3,2009,7,2010,0,0,0,0,0,1,4,55,1,1,2,1,0,0,1,17,2,1,1,69,0,0
39,390621,2,2,2,12,9,17,10,12,6,1,0,39,1,6,43,6043,4,2002,1C3EL46XX2N2,1,C,3,E,L,4,6,X,X,2,N,2,0,P,CHRY,SLX,4D,2,17,3118,,0,1080,,G,,F,4,148,,,15R205,,,,,,0,0,000000000,00000000000,0,0,0,1,0,0,0,0,0,0,0,15,0,0,0,3,3,6,2,12,0,0,0,1,39,44880,6,1,0,0,3,3,75,255,0,0,0,0,0,0,0,0,0,0,38,0,0,0,1,4,55,1,1,2,1,3,3,11,17,2,1,1,68,1,1
39,390622,1,2,1,19,9,9,17,12,6,1,0,39,1,49,401,49401,14,2004,JTEBT14RX480,J,T,E,B,T,1,4,R,X,4,8,0,0,P,TOYT,RUN,UT,4,17,4330,,0,1098,,G,,F,8,285,,,16R265,,,,,,0,0,000000000,00000000000,0,0,0,1,0,0,0,0,0,0,0,998,0,0,0,3,2,6,2,12,0,0,0,1,39,43522,6,1,0,0,3,3,64,130,0,0,0,0,0,0,0,0,0,0,0,0,0,0,1,2,55,1,1,2,2,0,0,1,17,1,1,1,87,1,0