STATE,ST_CASE,VEH_NO,VE_FORMS,NUMOCCS,DAY,MONTH,HOUR,MINUTE,HARM_EV,MAN_COLL,UNITTYPE,HIT_RUN,REG_STAT,OWNER,MAKE,MODEL,MAK_MOD,BODY_TYP,MOD_YEAR,VIN,VIN_1,VIN_2,VIN_3,VIN_4,VIN_5,VIN_6,VIN_7,VIN_8,VIN_9,VIN_10,VIN_11,VIN_12,TOW_VEH,VINTYPE,VINMAKE,VINA_MOD,VIN_BT,VINMODYR,VIN_LNGT,VIN_WGT,WGTCD_TR,WHLBS_LG,WHLBS_SH,SER_TR,FUELCODE,MCYCL_DS,CARBUR,CYLINDER,DISPLACE,MCYCL_CY,MCYCL_WT,TIRE_SZE,TON_RAT,TRK_WT,TRKWTVAR,VIN_REST,WHLDRWHL,J_KNIFE,MCARR_I1,MCARR_I2,MCARR_ID,GVWR,V_CONFIG,CARGO_BT,HAZ_INV,HAZ_PLAC,HAZ_ID,HAZ_CNO,HAZ_REL,BUS_USE,SPEC_USE,EMER_USE,TRAV_SP,UNDERIDE,ROLLOVER,ROLINLOC,IMPACT1,IMPACT2,DEFORMED,TOWED,M_HARM,VEH_SC1,VEH_SC2,FIRE_EXP,DR_PRES,L_STATE,DR_ZIP,L_STATUS,L_TYPE,CDL_STAT,L_ENDORS,L_COMPL,L_RESTRI,DR_HGT,DR_WGT,PREV_ACC,PREV_SUS,PREV_DWI,PREV_SPD,PREV_OTH,FIRST_MO,FIRST_YR,LAST_MO,LAST_YR,SPEEDREL,DR_SF1,DR_SF2,DR_SF3,DR_SF4,VTRAFWAY,VNUM_LAN,VSPD_LIM,VALIGN,VPROFILE,VPAVETYP,VSURCOND,VTRAFCON,VTCONT_F,P_CRASH1,P_CRASH2,P_CRASH3,PCRASH4,PCRASH5,ACC_TYPE,DEATHS,DR_DRINK
39,390819,1,6,1,15,11,18,50,12,1,1,0,39,1,63,441,63441,20,2005,KNDUP1323567,K,N,D,U,P,1,3,2,3,5,6,7,0,P,KIA,SED,SV,5,17,4802,,0,1145,,G,,F,6,213,,,15R215,,,,,,0,0,000000000,00000000000,0,0,0,1,0,0,0,0,0,0,0,998,0,0,0,12,12,6,2,12,0,0,0,1,39,44720,6,1,0,0,3,3,64,175,0,1,2,2,0,6,2009,12,2010,1,26,0,0,0,3,4,65,1,1,2,1,0,0,1,6,1,1,1,20,0,1
39,390819,2,6,1,15,11,18,50,12,1,1,0,39,2,37,31,37031,4,2007,1HGFA16557L1,1,H,G,F,A,1,6,5,5,7,L,1,0,P,HOND,UCL,4D,7,17,2751,,0,1063,,G,,F,4,110,,,16R205,,,,,,0,0,000000000,00000000000,0,0,0,1,0,0,0,0,0,0,0,0,0,0,0,6,13,6,2,12,0,0,0,1,39,44618,6,1,0,0,3,0,67,130,0,1,0,4,4,1,2009,6,2011,0,0,0,0,0,3,4,65,1,1,2,1,0,0,5,53,1,1,1,21,1,0
39,390819,3,6,1,15,11,18,50,12,1,1,0,39,1,20,32,20032,4,1996,1Y1SK5269TZ0,1,Y,1,S,K,5,2,6,9,T,Z,0,0,P,GEO,GEP,4D,96,17,2359,,0,971,,G,,F,4,097,,,14R175,,,,,,0,0,000000000,00000000000,0,0,0,1,0,0,0,0,0,0,0,0,0,0,0,6,13,6,2,12,0,0,0,1,39,44707,6,1,0,0,3,3,63,105,0,2,0,2,0,4,2009,6,2011,0,0,0,0,0,3,4,65,1,1,2,1,0,0,5,53,1,1,1,98,0,0
39,390819,4,6,1,15,11,18,50,12,1,1,0,39,1,54,36,54036,4,1998,JH4KA9652WC0,J,H,4,K,A,9,6,5,2,W,C,0,0,P,ACUR,35R,4D,98,17,3673,,0,1146,,G,,F,6,212,,,16R215,,,,,,0,0,000000000,00000000000,0,0,0,1,0,0,0,0,0,0,0,0,0,0,0,6,12,6,2,12,0,0,0,1,39,44311,6,1,0,0,3,0,64,125,1,0,0,0,1,9,2010,9,2010,0,0,0,0,0,3,4,65,1,1,2,1,0,0,5,53,1,1,1,98,0,0
39,390819,5,6,1,15,11,18,50,12,1,1,0,39,1,12,471,12471,30,2000,1FTZR15V7YTB,1,F,T,Z,R,1,5,V,7,Y,T,B,0,T,FORD,RNS,PC,0,17,,1,0,1259,RNG,F,,,6,182,,,,B,3599,01,U,44,0,0,000000000,00000000000,0,0,0,1,0,0,0,0,0,0,0,998,0,0,0,1,6,4,9,12,0,0,0,1,39,44709,6,1,0,0,3,0,70,220,0,0,0,0,0,0,0,0,0,0,0,0,0,0,3,4,65,1,1,2,1,0,0,2,53,1,1,1,98,0,0
39,390819,6,6,1,15,11,18,50,12,1,1,0,39,1,52,472,52472,31,2008,1Z7HC22K88S5,1,Z,7,H,C,2,2,K,8,8,S,5,0,T,MITS,RLS,4C,8,17,,2,0,1313,RAI,G,,,6,226,,,,,4293,00,4,42,0,0,000000000,00000000000,0,0,0,1,0,0,0,0,0,0,0,0,0,0,0,3,3,2,9,12,0,0,0,1,39,44003,6,1,6,0,3,3,72,235,2,1,0,2,17,12,2008,11,2011,0,0,0,0,0,3,4,65,1,1,2,1,0,0,5,61,1,1,1,98,0,0
39,390820,1,2,1,21,11,12,25,12,7,1,0,39,1,12,461,12461,21,2001,1FTSE34F51HB,1,F,T,S,E,3,4,F,5,1,H,B,0,T,FORD,3SD,CG,1,17,,2,0,1380,VAN,D,,,8,444,,,,D,5378,06,E,42,0,0,000000000,00000000000,0,0,0,1,0,0,0,0,0,0,0,50,0,1,5,9,9,4,3,12,0,0,0,1,39,45245,6,1,0,0,3,3,68,160,1,0,0,2,1,5,2009,8,2011,0,0,0,0,0,1,2,55,1,2,2,2,0,0,1,53,1,1,1,45,0,0
39,390820,2,2,3,21,11,12,25,12,7,1,0,39,2,20,481,20481,31,2006,1GCEK19B76Z1,1,G,C,E,K,1,9,B,7,6,Z,1,0,T,CHEV,SK1,4C,6,17,,2,1575,1340,SIL,G,,,8,323,,,,B,5050,00,,44,0,0,000000000,00000000000,0,0,0,1,0,0,0,0,0,0,0,998,0,1,5,3,9,6,2,8,0,0,0,1,39,45102,6,1,0,0,3,0,71,150,1,2,0,2,4,2,2009,4,2011,0,35,0,0,0,1,2,55,1,2,2,2,0,0,6,10,1,1,2,44,0,1
39,390821,1,1,1,22,11,5,32,8,0,1,1,99,9,99,999,99999,99,9999,999999999999,9,9,9,9,9,9,9,9,9,9,9,9,0,,,,,,,,,,,,,,,,,,,,,,,,,0,0,000000000,00000000000,0,0,0,1,0,0,0,0,0,0,0,55,0,0,0,99,99,0,1,8,0,0,0,1,99,99999,9,9,99,9,9,9,999,999,99,99,99,99,99,99,9999,99,9999,0,99,99,99,99,6,1,55,1,1,2,2,98,3,99,80,99,9,9,13,0,0
39,390822,1,1,1,23,11,2,10,34,0,1,0,39,2,37,402,37402,14,2002,JHLRD78842C0,J,H,L,R,D,7,8,8,4,2,C,0,0,P,HOND,CRV,UT,2,17,3347,,0,1031,,G,,F,4,146,,,15R205,,,,,,0,0,000000000,00000000000,0,0,0,1,0,0,0,0,0,0,0,46,0,0,0,12,12,6,2,42,0,0,0,1,39,43046,6,1,0,0,3,0,72,260,0,0,0,0,1,2,2010,2,2010,1,0,0,0,0,1,4,35,2,1,2,1,0,0,14,12,1,1,4,6,1,1
39,390823,1,1,1,23,11,18,24,8,0,1,0,39,1,22,441,22441,20,2002,1GMDX03EX2D2,1,G,M,D,X,0,3,E,X,2,D,2,0,T,PONT,MON,ES,2,17,,1,0,1200,MON,G,,,6,207,,,,B,3942,00,K,42,0,0,000000000,00000000000,0,0,0,1,0,0,0,0,0,0,0,55,0,0,0,1,13,4,9,8,0,0,0,1,39,43534,6,1,0,0,3,0,66,185,0,0,0,0,0,0,0,0,0,0,0,0,0,0,1,2,55,1,1,2,1,0,0,1,80,1,1,1,13,0,0
39,390824,1,2,1,23,11,7,10,12,6,1,0,39,1,18,2,18002,4,1991,1G4HP54C3MH4,1,G,4,H,P,5,4,C,3,M,H,4,0,P,BUIC,LCF,4D,91,17,3174,,0,1108,,G,,F,6,231,,,14R205,,,,,,0,0,000000000,00000000000,0,0,0,1,0,0,0,0,0,0,0,15,0,0,0,3,3,6,2,12,0,0,0,1,39,45356,6,1,0,0,3,3,68,170,0,0,0,0,0,0,0,0,0,0,38,0,0,0,1,4,55,1,1,2,1,3,3,11,15,1,1,1,68,1,0
39,390824,2,2,2,23,11,7,10,12,6,1,0,39,3,12,481,12481,31,2004,1FTSX30L14EC,1,F,T,S,X,3,0,L,1,4,E,C,0,T,FORD,F3S,4C,4,17,,2,1580,1418,SRW,G,,,8,330,,,,D,5610,00,U,42,0,0,000000000,00000000000,0,0,0,1,0,0,0,0,0,0,0,50,0,0,0,12,12,4,9,12,0,0,0,1,39,45356,6,1,0,0,3,0,71,190,0,2,0,0,0,5,2010,5,2010,0,0,0,0,0,1,4,55,1,1,2,1,3,3,1,62,1,1,1,69,0,0
39,390825,1,1,1,25,11,7,31,30,0,1,0,39,1,7,472,7472,30,1992,1B7FL23X1NS6,1,B,7,F,L,2,3,X,1,N,S,6,0,T,DODG,DAK,PC,92,17,,1,0,1309,DAK,G,,,6,239,,,,B,3187,01,A,42,0,0,000000000,00000000000,0,0,0,1,0,0,0,0,0,0,0,55,0,0,0,12,12,6,2,30,0,0,0,1,39,43152,6,1,0,0,3,3,67,275,1,0,0,0,0,5,2009,5,2009,0,0,0,0,0,1,2,55,1,1,2,1,0,0,1,13,1,1,4,1,1,0
39,390826,1,1,1,25,11,17,37,8,0,1,0,18,2,63,33,63033,4,2004,KNAFE121X450,K,N,A,F,E,1,2,1,X,4,5,0,0,P,KIA,SLE,4D,4,17,2701,,0,1028,,G,,F,4,122,,,15R195,,,,,,0,0,000000000,00000000000,0,0,0,1,0,0,0,0,0,0,0,30,0,0,0,12,12,4,3,8,0,0,0,1,18,47003,6,1,0,0,3,0,65,143,0,0,0,0,0,0,0,0,0,0,0,0,0,0,1,2,35,1,1,2,1,0,0,1,80,1,1,1,13,0,0
39,390827,1,2,2,27,11,14,20,12,6,1,0,39,2,18,7,18007,4,1992,3G4AG54N2NS6,3,G,4,A,G,5,4,N,2,N,S,6,0,P,BUIC,CSP,4D,92,17,2914,,0,1047,,G,,F,6,204,,,14R185,,,,,,0,0,000000000,00000000000,0,0,0,1,0,0,0,0,0,0,0,55,0,0,0,3,3,6,2,12,0,0,0,1,39,45312,6,1,0,0,3,0,70,177,0,0,0,0,0,0,0,0,0,0,39,0,0,0,1,2,55,1,2,2,2,3,3,1,17,1,1,1,87,1,0
39,390827,2,2,2,27,11,14,20,12,6,1,0,39,1,20,25,20025,4,2011,1G1PF5S91B72,1,G,1,P,F,5,S,9,1,B,7,2,0,P,CHEV,CZT,4D,11,17,3102,,0,1057,,G,,T,4,085,,,16R215,,,,,,0,0,000000000,00000000000,0,0,0,1,0,0,0,0,0,0,0,50,0,0,0,12,12,6,2,12,0,0,0,1,39,45377,6,1,0,0,3,3,74,250,0,0,0,0,0,0,0,0,0,0,0,0,0,0,1,2,55,1,2,2,2,3,3,1,66,1,1,1,86,0,0
39,390828,1,2,1,9,8,12,0,12,8,1,0,39,2,20,481,20481,31,2008,1GCEC14X28Z3,1,G,C,E,C,1,4,X,2,8,Z,3,0,T,CHEV,SC1,PK,8,17,,2,1330,1190,SIL,G,,,6,262,,,,B,4453,01,,42,0,0,000000000,00000000000,0,0,0,1,0,0,0,0,0,0,0,45,0,1,5,2,2,6,2,1,0,0,0,1,39,45365,6,1,0,0,3,0,75,230,0,0,0,0,0,0,0,0,0,0,0,0,0,0,1,2,55,1,1,2,1,20,3,1,17,1,1,1,65,1,0
39,390828,2,2,3,9,8,12,0,12,8,1,0,39,1,12,37,12037,4,2000,1FAFP33P8YW1,1,F,A,F,P,3,3,P,8,Y,W,1,0,P,FORD,FOX,4D,0,17,2564,,0,1030,,G,,F,4,122,,,14R185,,,,,,0,0,000000000,00000000000,0,0,0,1,0,0,0,0,0,0,0,62,0,1,5,10,98,6,2,2,0,0,1,1,39,43331,6,1,0,0,3,0,62,155,0,0,0,0,0,0,0,0,0,1,39,0,0,0,1,2,55,1,1,2,1,20,3,1,17,1,1,1,64,0,0
39,390829,1,2,1,12,8,14,6,1,0,1,0,39,2,73,709,73709,80,2009,JKALEEA129A0,J,K,A,L,E,E,A,1,2,9,A,0,0,M,KAWK,EL5,RC,9,17,,,,,,,649,,2,,4,454,,,,,,,0,0,000000000,00000000000,0,0,0,1,0,0,0,0,0,0,0,45,0,0,0,0,3,6,2,1,0,0,0,1,39,44077,6,1,0,0,3,0,72,280,0,0,0,0,0,0,0,0,0,1,36,0,0,0,1,2,40,4,2,2,1,0,0,14,98,1,2,2,98,1,0
39,390829,2,2,2,12,8,14,6,1,0,1,0,39,2,13,1,13001,4,1988,1LNBM81F9JY6,1,L,N,B,M,8,1,F,9,J,Y,6,0,P,LINC,TNC,4D,88,17,4093,,0,1174,,G,,F,8,302,,,15R215,,,,,,0,0,000000000,00000000000,0,0,0,1,0,0,0,0,0,0,0,0,0,0,0,10,10,0,1,12,0,0,0,1,39,44024,6,1,0,0,3,0,68,205,0,0,0,0,0,0,0,0,0,0,0,0,0,0,1,2,40,4,2,2,1,0,0,14,62,98,1,1,98,0,0
39,390830,1,1,1,14,9,6,51,34,0,1,0,39,1,20,36,20036,2,2000,2G1WX12K4Y93,2,G,1,W,X,1,2,K,4,Y,9,3,0,P,CHEV,MSS,CP,0,17,3391,,0,1075,,G,,F,6,231,,,16R225,,,,,,0,0,000000000,00000000000,0,0,0,1,0,0,0,0,0,0,0,56,0,1,5,14,98,6,2,1,0,0,0,1,39,43358,6,1,0,0,3,0,60,140,0,0,0,0,0,0,0,0,0,1,36,0,0,0,1,2,55,4,1,2,1,0,0,14,9,6,2,4,2,1,0
39,390831,1,1,1,17,10,19,2,8,0,1,1,99,9,99,999,99999,99,9999,999999999999,9,9,9,9,9,9,9,9,9,9,9,9,0,,,,,,,,,,,,,,,,,,,,,,,,,0,0,000000000,00000000000,0,0,0,1,0,0,0,0,0,0,0,999,0,0,0,99,99,9,1,8,0,0,0,1,99,99999,9,9,99,9,9,9,999,999,99,99,99,99,99,99,9999,99,9999,1,99,99,99,99,1,2,35,1,1,2,1,0,0,1,13,1,1,1,13,0,0
39,390832,1,3,1,18,11,16,53,12,2,1,0,39,2,6,54,6054,6,2005,2C4GF48495R4,2,C,4,G,F,4,8,4,9,5,R,4,0,P,CHRY,PIF,UT,5,17,4442,,0,1160,,G,,F,6,214,,,17R235,,,,,,0,0,000000000,00000000000,0,0,0,1,0,0,0,0,0,0,0,30,0,0,0,12,11,6,2,12,0,0,0,1,39,43727,6,1,0,0,3,0,67,180,0,0,0,0,0,0,0,0,0,0,0,0,0,0,1,4,40,2,1,2,1,0,0,14,62,1,1,1,51,0,0
39,390832,2,3,1,18,11,16,53,12,2,1,0,39,2,22,18,22018,4,2004,1G2NE52F44C1,1,G,2,N,E,5,2,F,4,4,C,1,0,P,PONT,GAS,4D,4,17,3066,,0,1070,,G,,F,4,134,,,15R215,,,,,,0,0,000000000,00000000000,0,0,0,1,0,0,0,0,0,0,0,40,0,0,0,12,11,6,2,12,0,0,0,1,39,44216,6,1,0,0,3,3,62,130,0,2,0,0,0,7,2009,8,2010,0,28,0,0,0,1,4,40,3,1,2,1,0,0,14,10,1,1,2,50,1,0
39,390832,3,3,2,18,11,16,53,12,2,1,0,39,1,55,36,55036,3,2008,KMHCM36C68U0,K,M,H,C,M,3,6,C,6,8,U,0,0,P,HYUN,AGS,2H,8,17,2467,,0,984,,G,,F,4,098,,,14R175,,,,,,0,0,000000000,00000000000,0,0,0,1,0,0,0,0,0,0,0,25,0,0,0,11,11,2,9,18,0,0,0,1,39,44314,6,1,0,0,3,0,69,199,0,0,0,0,0,0,0,0,0,0,0,0,0,0,1,4,40,2,1,2,1,0,0,14,90,1,1,1,98,0,0
39,390833,1,1,3,28,11,6,0,52,0,1,0,39,2,14,6,14006,4,1996,2MELM74WXTX6,2,M,E,L,M,7,4,W,X,T,X,6,0,P,MERC,GMG,4D,96,17,3796,,0,1144,,G,,F,8,281,,,15R215,,,,,,0,0,000000000,00000000000,0,0,0,1,0,0,0,0,0,0,0,999,0,1,5,9,9,0,3,52,0,0,0,1,39,45417,1,1,0,0,2,0,71,215,0,6,0,0,4,12,2009,10,2010,0,99,99,99,99,2,3,55,4,1,2,2,0,0,1,13,1,3,4,2,1,1
39,390834,1,2,3,29,11,15,55,12,2,1,0,39,1,49,40,49040,4,1997,4T1BG22K2VU8,4,T,1,B,G,2,2,K,2,V,U,8,0,P,TOYT,UEX,4D,97,17,2976,,0,1051,,G,,F,4,132,,,14R195,,,,,,0,0,000000000,00000000000,0,0,0,1,0,0,0,0,0,0,0,998,0,0,0,12,1,6,2,12,0,0,0,1,39,43450,6,1,0,0,3,0,78,225,0,1,0,0,0,8,2011,8,2011,0,28,0,0,0,1,2,55,4,1,2,2,0,0,1,10,1,1,2,50,0,0
39,390834,2,2,1,29,11,15,55,12,2,1,0,39,1,18,7,18007,4,1995,1G4AG55M3S65,1,G,4,A,G,5,5,M,3,S,6,5,0,P,BUIC,CSP,4D,95,17,2986,,0,1049,,G,,F,6,191,,,14R185,,,,,,0,0,000000000,00000000000,0,0,0,1,0,0,0,0,0,0,0,998,0,0,0,12,12,6,2,12,0,0,0,1,39,43450,6,1,0,0,3,3,66,200,0,0,0,0,0,0,0,0,0,0,0,0,0,0,1,2,55,4,1,2,2,0,0,1,62,1,1,1,51,1,0
39,390835,1,2,1,30,11,6,32,12,6,1,0,39,2,12,37,12037,4,2007,1FAHP34N07W1,1,F,A,H,P,3,4,N,0,7,W,1,0,P,FORD,FMS,4D,7,17,2636,,0,1029,,G,,F,4,122,,,15R195,,,,,,0,0,000000000,00000000000,0,0,0,1,0,0,0,0,0,0,0,60,0,0,0,12,12,6,2,12,0,0,0,1,39,45830,6,1,0,0,3,3,69,140,0,0,0,0,0,0,0,0,0,0,0,0,0,0,3,2,65,1,1,2,4,0,0,1,60,1,1,1,71,0,0
39,390835,2,2,3,30,11,6,32,12,6,1,0,39,1,20,403,20403,14,2003,1GNDT13S6322,1,G,N,D,T,1,3,S,6,3,2,2,0,P,CHEV,TRL,UT,3,17,4600,,0,1130,,G,,F,6,256,,,16R245,,,,,,0,0,000000000,00000000000,0,0,0,1,0,0,0,0,0,0,0,65,0,1,5,3,13,6,2,1,0,0,0,1,39,44830,6,1,0,0,3,3,71,158,0,0,0,0,0,0,0,0,0,1,0,0,0,0,3,2,65,1,1,2,4,0,0,1,6,1,3,2,70,1,0
39,390836,1,1,2,30,11,8,26,14,0,1,0,39,2,20,431,20431,16,1995,1GNFK16K0SJ4,1,G,N,F,K,1,6,K,0,S,J,4,0,P,CHEV,K15,UT,95,17,0,,0,1315,,G,,F,8,350,,,16R245,,,,,,0,0,000000000,00000000000,0,0,0,1,0,0,0,0,0,0,0,40,1,0,0,1,1,6,2,14,0,0,0,1,39,43040,1,1,0,0,2,2,73,150,0,1,0,1,0,10,2011,10,2011,0,74,87,0,0,6,1,99,1,2,2,4,0,0,2,5,2,2,4,11,1,0
39,390837,1,2,2,30,11,8,7,12,2,1,0,39,1,12,17,12017,4,1999,1FAFP53UXXA2,1,F,A,F,P,5,3,U,X,X,A,2,0,P,FORD,TSE,4D,99,17,3353,,0,1085,,G,,F,6,182,,,15R205,,,,,,0,0,000000000,00000000000,0,0,0,1,0,0,0,0,0,0,0,50,0,0,0,12,1,6,2,12,0,0,0,1,39,45895,6,1,0,0,3,0,70,190,0,0,0,0,0,0,0,0,0,0,0,0,0,0,1,2,55,3,1,2,4,0,0,14,62,1,1,1,51,1,0
39,390837,2,2,1,30,11,8,7,12,2,1,0,39,2,2,405,2405,14,2003,1J4GL48K93W6,1,J,4,G,L,4,8,K,9,3,W,6,0,T,JEEP,LSF,4W,3,17,,1,0,1043,LIB,G,,,6,226,,,,,3655,02,E,44,0,0,000000000,00000000000,0,0,0,1,0,0,0,0,0,0,0,40,0,0,0,12,11,6,2,12,0,0,0,1,39,43331,6,1,0,0,3,0,70,130,0,0,0,0,0,0,0,0,0,0,28,0,0,0,1,2,55,2,1,2,4,0,0,14,10,1,1,2,50,0,0
39,390838,1,2,1,1,12,6,14,12,6,1,0,39,2,12,37,12037,5,2007,1FAHP34NX7W2,1,F,A,H,P,3,4,N,X,7,W,2,0,P,FORD,FMS,4D,7,17,2636,,0,1029,,G,,F,4,122,,,15R195,,,,,,0,0,000000000,00000000000,0,0,0,1,0,0,0,0,0,0,0,998,3,0,0,12,1,6,2,12,0,0,0,1,39,45822,6,1,0,0,3,0,73,195,0,0,0,1,0,2,2011,2,2011,0,39,0,0,0,1,2,55,1,1,2,1,20,3,1,17,1,1,1,88,1,0
39,390838,2,2,1,1,12,6,14,12,6,1,0,39,3,12,881,12881,66,1997,1FDYY96P8VVA,1,F,D,Y,Y,9,6,P,8,V,V,A,1,T,FORD,AT9,TR,97,17,,8,2440,1480,COH,D,,,6,661,,,,,00000,00,,64,1,57,331392,57331392,3,6,1,1,0,0,0,0,0,0,0,50,0,0,0,9,9,6,2,12,0,0,0,1,39,45885,6,1,6,0,3,0,71,190,1,0,0,0,0,1,2011,1,2011,0,0,0,0,0,1,2,55,1,1,2,1,0,0,1,66,1,1,1,89,0,0
39,390839,1,1,1,1,12,12,30,52,0,1,0,39,1,19,3,19003,4,2004,1G6KF57904U2,1,G,6,K,F,5,7,9,0,4,U,2,0,P,CADI,D/T,4D,4,17,4047,,0,1153,,G,,F,8,279,,,17R235,,,,,,0,0,000000000,00000000000,0,0,0,1,0,0,0,0,0,0,0,68,0,0,0,9,13,6,2,30,0,0,0,1,39,43023,6,1,0,0,3,0,69,185,1,0,0,0,1,2,2009,2,2009,1,0,0,0,0,1,2,55,1,1,2,1,0,0,1,6,1,1,4,6,1,0
39,390840,1,1,2,1,12,17,11,32,0,1,0,39,2,20,36,20036,2,2001,2G1WW12E1191,2,G,1,W,W,1,2,E,1,1,9,1,0,P,CHEV,MLS,CP,1,17,3340,,0,1075,,G,,F,6,207,,,16R225,,,,,,0,0,000000000,00000000000,0,0,0,1,0,0,0,0,0,0,0,998,0,1,5,12,13,6,2,1,0,0,0,1,39,45683,6,1,0,0,3,3,65,190,0,0,0,0,0,0,0,0,0,0,0,0,0,0,1,2,55,1,1,2,1,0,0,10,13,1,1,4,1,1,0
39,390841,1,1,1,2,12,9,10,34,0,1,0,39,1,20,401,20401,14,1996,1GNDT13W0T22,1,G,N,D,T,1,3,W,0,T,2,2,0,P,CHEV,BZR,UT,96,17,4023,,0,1070,,G,,F,6,262,,,15R235,,,,,,0,0,000000000,00000000000,0,0,0,1,0,0,0,0,0,0,0,998,0,1,5,9,13,6,2,1,0,0,0,1,39,44680,6,1,0,0,3,0,70,150,0,0,0,1,0,10,2010,10,2010,1,28,58,0,0,1,2,55,3,2,2,1,0,0,14,6,6,4,4,7,1,1
39,390842,1,2,2,20,10,10,23,12,2,1,0,39,2,49,32,49032,4,2000,2T1BR12E0YC3,2,T,1,B,R,1,2,E,0,Y,C,3,0,P,TOYT,UVL,4D,0,17,2403,,0,970,,G,,F,4,109,,,14R175,,,,,,0,0,000000000,00000000000,0,0,0,1,0,0,0,0,0,0,0,35,0,0,0,12,12,6,2,12,0,0,0,1,39,45069,6,1,0,0,3,3,71,220,0,0,0,0,0,0,0,0,0,0,51,0,0,0,1,2,45,1,2,2,2,0,0,1,10,1,1,2,50,1,0
39,390842,2,2,1,20,10,10,23,12,2,1,0,39,1,12,13,12013,4,1997,1FALP13PXVW3,1,F,A,L,P,1,3,P,X,V,W,3,0,P,FORD,EST,4D,97,17,2503,,0,984,,G,,F,4,122,,,14R185,,,,,,0,0,000000000,00000000000,0,0,0,1,0,0,0,0,0,0,0,30,0,0,0,12,12,6,2,12,0,0,0,1,39,45062,6,1,0,0,3,0,66,160,0,0,0,1,1,8,2010,9,2010,0,0,0,0,0,1,2,45,1,2,2,2,0,0,1,62,1,1,1,51,0,0
39,390843,1,1,2,24,10,21,45,3,0,1,0,39,2,12,37,12037,4,2004,1FAFP38Z44W1,1,F,A,F,P,3,8,Z,4,4,W,1,0,P,FORD,FZT,4D,4,17,2586,,0,1030,,G,,F,4,140,,,15R195,,,,,,0,0,000000000,00000000000,0,0,0,1,0,0,0,0,0,0,0,40,0,1,6,0,13,6,2,1,0,0,0,1,39,43732,4,1,0,0,2,0,60,120,0,0,0,0,0,0,0,0,0,0,36,0,0,0,1,2,55,1,1,7,98,0,0,1,98,1,2,4,0,2,0
39,390844,1,2,2,31,10,12,24,12,6,1,0,39,3,20,404,20404,14,2011,2GNALBEC6B12,2,G,N,A,L,B,E,C,6,B,1,2,0,P,CHEV,EQU,UT,11,17,3786,,0,1125,,G,,F,4,146,,,17R225,,,,,,0,0,000000000,00000000000,0,0,0,1,0,0,0,0,0,0,0,50,0,0,0,12,12,6,2,12,0,0,0,1,39,44089,6,1,0,0,3,0,69,170,0,1,0,1,1,1,2009,8,2011,0,0,0,0,0,1,2,55,1,1,2,2,0,0,1,62,1,1,1,65,0,0
39,390844,2,2,1,31,10,12,24,12,6,1,0,39,1,52,35,52035,2,2002,JA3AY11A02U0,J,A,3,A,Y,1,1,A,0,2,U,0,0,P,MITS,MDE,2D,2,17,2183,,0,951,,G,,F,4,090,,,14R175,,,,,,0,0,000000000,00000000000,0,0,0,1,0,0,0,0,0,0,0,55,0,0,0,3,98,6,2,12,0,0,0,1,39,43017,3,1,0,0,2,0,63,110,1,0,0,0,1,2,2011,2,2011,0,36,0,0,0,1,2,55,1,1,2,2,0,0,1,9,6,2,2,64,1,0
39,390845,1,1,1,6,11,1,35,10,0,1,0,39,2,20,481,20481,31,2005,1GCEK14V15Z2,1,G,C,E,K,1,4,V,1,5,Z,2,0,T,CHEV,SK1,PK,5,17,,2,1330,1190,SIL,G,,,8,293,,,,B,4436,00,,44,0,0,000000000,00000000000,0,0,0,1,0,0,0,0,0,0,0,998,0,0,0,12,98,6,2,10,0,0,1,1,39,44321,6,1,0,0,3,3,63,110,0,0,0,0,0,0,0,0,0,0,38,0,0,0,1,2,45,1,1,2,1,65,3,1,15,1,1,1,15,1,1
39,390846,1,1,1,9,11,17,22,34,0,1,0,39,2,22,20,22020,4,2008,2G2WP5521811,2,G,2,W,P,5,5,2,1,8,1,1,0,P,PONT,GRA,4D,8,17,3477,,0,1105,,G,,F,6,232,,,16R225,,,,,,0,0,000000000,00000000000,0,0,0,1,0,0,0,0,0,0,0,998,0,1,5,9,98,6,2,1,0,0,0,1,39,45862,6,1,0,0,3,0,62,125,0,0,0,0,0,0,0,0,0,0,36,0,0,0,1,2,55,1,1,2,1,0,0,1,9,7,2,4,7,1,0
39,390847,1,1,1,10,11,10,35,8,0,1,0,39,3,82,881,82881,66,2007,1FUJA6CK07LX,1,F,U,J,A,6,C,K,0,7,L,X,1,T,FRHT,COL,TR,7,17,,8,0,0,CON,D,,,6,855,,,,,00000,00,,64,1,57,2085316,572085316,3,6,7,1,0,0,0,0,0,0,0,60,0,0,0,10,10,2,3,8,0,0,0,1,39,44137,6,1,6,0,3,3,74,280,0,0,0,0,3,1,2010,9,2011,1,29,0,0,0,2,2,55,4,1,2,1,40,3,14,13,2,1,4,13,0,0
39,390848,1,2,1,13,11,14,22,12,6,1,0,39,1,22,5,22005,2,1986,1G2PM37R0GP2,1,G,2,P,M,3,7,R,0,G,P,2,0,P,PONT,FSC,CP,86,17,2493,,0,934,,G,,F,4,151,,,14R185,,,,,,0,0,000000000,00000000000,0,0,0,1,0,0,0,0,0,0,0,998,0,0,0,9,9,6,2,12,0,0,0,1,39,43613,6,1,0,0,3,0,76,150,1,0,0,0,0,2,2009,2,2009,0,0,0,0,0,1,4,35,1,2,1,1,3,3,1,17,1,1,1,89,1,0