STATE,ST_CASE,VEH_NO,VE_FORMS,NUMOCCS,DAY,MONTH,HOUR,MINUTE,HARM_EV,MAN_COLL,UNITTYPE,HIT_RUN,REG_STAT,OWNER,MAKE,MODEL,MAK_MOD,BODY_TYP,MOD_YEAR,VIN,VIN_1,VIN_2,VIN_3,VIN_4,VIN_5,VIN_6,VIN_7,VIN_8,VIN_9,VIN_10,VIN_11,VIN_12,TOW_VEH,VINTYPE,VINMAKE,VINA_MOD,VIN_BT,VINMODYR,VIN_LNGT,VIN_WGT,WGTCD_TR,WHLBS_LG,WHLBS_SH,SER_TR,FUELCODE,MCYCL_DS,CARBUR,CYLINDER,DISPLACE,MCYCL_CY,MCYCL_WT,TIRE_SZE,TON_RAT,TRK_WT,TRKWTVAR,VIN_REST,WHLDRWHL,J_KNIFE,MCARR_I1,MCARR_I2,MCARR_ID,GVWR,V_CONFIG,CARGO_BT,HAZ_INV,HAZ_PLAC,HAZ_ID,HAZ_CNO,HAZ_REL,BUS_USE,SPEC_USE,EMER_USE,TRAV_SP,UNDERIDE,ROLLOVER,ROLINLOC,IMPACT1,IMPACT2,DEFORMED,TOWED,M_HARM,VEH_SC1,VEH_SC2,FIRE_EXP,DR_PRES,L_STATE,DR_ZIP,L_STATUS,L_TYPE,CDL_STAT,L_ENDORS,L_COMPL,L_RESTRI,DR_HGT,DR_WGT,PREV_ACC,PREV_SUS,PREV_DWI,PREV_SPD,PREV_OTH,FIRST_MO,FIRST_YR,LAST_MO,LAST_YR,SPEEDREL,DR_SF1,DR_SF2,DR_SF3,DR_SF4,VTRAFWAY,VNUM_LAN,VSPD_LIM,VALIGN,VPROFILE,VPAVETYP,VSURCOND,VTRAFCON,VTCONT_F,P_CRASH1,P_CRASH2,P_CRASH3,PCRASH4,PCRASH5,ACC_TYPE,DEATHS,DR_DRINK
39,390848,2,2,2,13,11,14,22,12,6,1,0,39,1,7,442,7442,20,1996,2B4GP4439TR7,2,B,4,G,P,4,4,3,9,T,R,7,0,T,DODG,GCS,ES,96,17,,1,0,1193,CAR,G,,,6,181,,,,,3663,03,E,42,0,0,000000000,00000000000,0,0,0,1,0,0,0,0,0,0,0,35,0,0,0,12,12,6,2,12,0,0,0,1,39,43608,6,1,0,0,3,3,72,176,0,0,0,0,3,7,2010,10,2011,0,39,0,0,0,1,4,35,1,1,2,1,3,3,1,17,1,1,1,88,0,0
39,390849,1,1,1,14,11,13,25,34,0,1,0,39,2,19,399,19399,4,2003,1G6KS54Y63U2,1,G,6,K,S,5,4,Y,6,3,U,2,0,P,CADI,SLS,4D,3,17,3969,,0,1122,,G,,F,8,279,,,16R225,,,,,,0,0,000000000,00000000000,0,0,0,1,0,0,0,0,0,0,0,45,0,0,0,2,2,6,2,42,0,0,0,1,39,44278,6,1,0,0,3,0,61,125,0,0,0,0,0,0,0,0,0,0,51,0,0,0,1,2,45,1,1,2,1,0,0,1,13,1,1,4,1,1,0
39,390850,1,2,3,14,11,15,1,12,6,1,0,39,1,7,43,7043,4,2006,1B3EL46XX6N2,1,B,3,E,L,4,6,X,X,6,N,2,0,P,DODG,SRX,4D,6,17,3106,,0,1080,,G,,F,4,146,,,16R205,,,,,,0,0,000000000,00000000000,0,0,0,1,0,0,0,0,0,0,0,998,0,0,0,3,3,6,2,12,0,0,0,1,39,44234,6,1,0,0,3,3,69,165,0,0,0,0,0,0,0,0,0,0,36,0,0,0,2,2,70,1,1,2,2,0,0,1,9,1,2,2,64,3,0
39,390850,2,2,1,14,11,15,1,12,6,1,0,55,3,51,881,51881,66,2008,4V4NC9EJ28N4,4,V,4,N,C,9,E,J,2,8,N,4,1,T,VOLV,VNL,TR,8,17,,8,0,0,VVN,D,,,6,793,,,,,00000,00,,64,1,57,172816,57172816,3,6,1,1,0,0,0,0,0,0,0,60,0,0,0,12,12,6,2,12,0,0,0,1,55,54665,6,1,6,3,3,0,72,290,1,0,0,0,0,7,2011,7,2011,0,0,0,0,0,2,2,70,1,1,2,2,0,0,1,62,1,1,1,65,0,0
39,390851,1,2,1,15,11,17,4,12,2,1,0,39,2,30,40,30040,4,1997,3VWTD81H7VM0,3,V,W,T,D,8,1,H,7,V,M,0,0,P,VOLK,JXG,4D,97,17,2844,,0,974,,G,,F,6,170,,,15R205,,,,,,0,0,000000000,00000000000,0,0,0,1,0,0,0,0,0,0,0,998,0,0,0,12,12,4,3,12,0,0,1,1,39,43019,3,1,0,0,2,0,72,145,0,1,0,1,1,11,2010,11,2011,0,51,0,0,0,1,2,55,1,3,2,1,0,0,6,10,1,1,2,50,1,0
39,390851,2,2,3,15,11,17,4,12,2,1,0,39,1,7,472,7472,30,2005,1D7HW48KX5S3,1,D,7,H,W,4,8,K,X,5,S,3,0,T,DODG,DQS,CW,5,17,,2,0,1309,DAK,G,,,6,225,,,,B,4430,00,E,44,0,0,000000000,00000000000,0,0,0,1,0,0,0,0,0,0,0,55,0,0,0,12,12,4,3,12,0,0,1,1,39,43028,6,1,0,0,3,0,72,180,0,0,0,0,0,0,0,0,0,0,0,0,0,0,1,2,55,1,2,2,1,0,0,1,62,1,1,1,51,0,0
39,390852,1,1,1,17,11,17,20,9,0,1,0,39,2,63,33,63033,4,2009,KNAFE2216955,K,N,A,F,E,2,2,1,6,9,5,5,0,P,KIA,SXC,4D,9,17,2701,,0,1028,,G,,F,4,122,,,15R195,,,,,,0,0,000000000,00000000000,0,0,0,1,0,0,0,0,0,0,0,55,0,0,0,12,12,6,2,9,0,0,0,1,39,44429,6,1,0,0,3,0,68,150,0,4,0,0,0,1,2010,3,2011,0,82,0,0,0,1,2,55,4,1,2,1,0,0,14,83,1,1,1,13,0,0
39,390853,1,2,2,17,11,19,0,12,8,1,0,39,2,30,40,30040,4,2002,3VWSP69M82M0,3,V,W,S,P,6,9,M,8,2,M,0,0,P,VOLK,JSI,4D,2,17,2910,,0,989,,D,,T,4,116,,,15R195,,,,,,0,0,000000000,00000000000,0,0,0,1,0,0,0,0,0,0,0,55,0,0,0,9,98,6,2,12,0,0,0,1,39,43315,6,1,0,0,3,3,60,200,0,0,0,1,0,9,2011,9,2011,0,0,0,0,0,1,2,55,1,2,2,1,0,0,1,62,1,1,1,65,1,0
39,390853,2,2,1,17,11,19,0,12,8,1,0,39,1,7,482,7482,31,2010,3D7UT2CL9AG1,3,D,7,U,T,2,C,L,9,A,G,1,0,T,DODG,250,CW,10,17,,2,1690,1490,RPC,D,,,6,408,,,,C,6232,02,7,44,0,0,000000000,00000000000,0,0,0,1,0,0,0,0,0,0,0,57,0,1,6,10,3,6,2,12,0,0,0,1,39,44813,6,1,0,0,3,0,70,210,0,1,1,0,1,6,2009,7,2009,1,51,0,0,0,1,2,55,1,2,2,1,0,0,1,10,1,1,2,64,0,1
39,390854,1,2,1,18,11,21,19,12,7,1,0,39,1,37,31,37031,4,1998,1HGEJ6675WL0,1,H,G,E,J,6,6,7,5,W,L,0,0,P,HOND,UCL,4D,98,17,2426,,0,1032,,G,,F,4,097,,,14R185,,,,,,0,0,000000000,00000000000,0,0,0,1,0,0,0,0,0,0,0,998,0,0,0,98,98,0,3,12,0,0,0,1,42,44032,6,1,0,0,3,0,73,180,0,0,0,0,0,0,0,0,0,0,0,0,0,0,1,2,55,1,1,2,1,0,0,1,61,1,1,1,45,1,0
39,390854,2,2,1,18,11,21,19,12,7,1,0,39,3,12,481,12481,31,1997,1FTJX35F1VEC,1,F,T,J,X,3,5,F,1,V,E,C,0,T,FORD,F35,PC,97,17,,2,0,1550,COF,D,,,8,444,,,,D,5300,00,A,42,0,0,000000000,00000000000,0,0,0,1,0,0,0,0,0,0,0,998,0,0,0,3,3,6,2,12,0,0,0,1,39,44041,6,1,0,0,3,0,71,190,0,0,0,0,0,0,0,0,0,0,26,0,0,0,1,2,55,1,1,2,1,0,0,1,11,1,1,2,44,1,1
39,390855,1,2,1,3,12,18,15,12,2,1,0,39,1,20,401,20401,14,2000,1GNDT13W7Y22,1,G,N,D,T,1,3,W,7,Y,2,2,0,P,CHEV,BZR,UT,0,17,4049,,0,1070,,G,,F,6,262,,,15R205,,,,,,0,0,000000000,00000000000,0,0,0,1,0,0,0,0,0,0,0,55,0,0,0,12,12,6,2,12,0,0,0,1,39,44439,6,1,0,0,3,0,75,190,0,0,1,1,2,4,2009,8,2011,0,0,0,0,0,1,2,40,1,2,2,1,0,0,1,10,1,1,2,50,0,0
39,390855,2,2,2,3,12,18,15,12,2,1,0,39,2,12,461,12461,21,2000,1FTNE2427YHA,1,F,T,N,E,2,4,2,7,Y,H,A,0,T,FORD,25V,CG,0,17,,2,0,1380,VAN,G,,,6,256,,,,C,5012,02,M,42,0,0,000000000,00000000000,0,0,0,1,0,0,0,0,0,0,0,40,0,0,0,12,11,6,2,12,0,0,0,1,39,44483,6,1,0,0,3,0,63,160,0,0,0,0,0,0,0,0,0,0,0,0,0,0,1,2,40,1,2,2,1,0,0,1,62,1,1,1,51,1,0
39,390856,1,1,2,7,12,15,36,34,0,1,0,39,2,12,442,12442,20,2002,2FMZA52432BB,2,F,M,Z,A,5,2,4,3,2,B,B,0,T,FORD,WSE,ES,2,17,,1,0,1207,WIN,G,,,6,232,,,,B,4216,00,E,42,0,0,000000000,00000000000,0,0,0,1,0,0,0,0,0,0,0,40,0,1,5,13,13,6,2,1,0,0,0,1,39,43754,6,1,0,0,3,0,67,189,0,0,0,0,0,0,0,0,0,0,0,0,0,0,1,2,55,2,1,2,2,0,0,14,12,1,1,4,6,1,0
39,390857,1,3,3,8,12,16,35,12,7,1,0,39,1,12,481,12481,31,1998,2FTDX1722WCA,2,F,T,D,X,1,7,2,2,W,C,A,0,T,FORD,F15,3C,98,17,,1,1570,1390,COF,G,,,6,256,,,,B,4067,02,E,42,0,0,000000000,00000000000,0,0,0,1,0,0,0,0,0,0,0,998,0,1,1,7,3,6,2,1,0,0,0,1,39,45231,6,1,0,0,3,0,71,185,0,1,1,0,0,1,2010,2,2010,0,27,0,0,0,3,3,65,1,1,2,1,0,0,15,11,1,1,2,45,1,0
39,390857,2,3,1,8,12,16,35,12,7,1,0,39,2,20,2,20002,4,2002,2G1WF52EX292,2,G,1,W,F,5,2,E,X,2,9,2,0,P,CHEV,IMP,4D,2,17,3389,,0,1105,,G,,F,6,207,,,16R225,,,,,,0,0,000000000,00000000000,0,0,0,1,0,0,0,0,0,0,0,998,0,0,0,1,1,6,2,12,0,0,0,1,39,45102,1,1,0,0,2,0,73,156,0,3,0,0,3,1,2009,10,2011,0,92,0,0,0,3,3,65,1,1,2,1,0,0,1,62,1,1,1,44,0,0
39,390857,3,3,1,8,12,16,35,12,7,1,0,39,2,20,16,20016,4,2003,1G1JC52F5372,1,G,1,J,C,5,2,F,5,3,7,2,0,P,CHEV,CAV,4D,3,17,2971,,0,1041,,G,,F,4,134,,,14R195,,,,,,0,0,000000000,00000000000,0,0,0,1,0,0,0,0,0,0,0,998,0,0,0,13,13,2,1,18,0,0,0,1,39,45102,6,1,0,0,3,0,67,145,0,1,0,2,0,11,2009,3,2011,0,0,0,0,0,3,3,65,1,1,2,1,0,0,1,98,1,1,1,98,0,0
39,390858,1,2,1,9,12,8,32,12,2,1,0,39,1,22,2,22002,4,2004,2G2WP5222411,2,G,2,W,P,5,2,2,2,4,1,1,0,P,PONT,GPG,4D,4,17,3477,,0,1105,,G,,F,6,231,,,16R225,,,,,,0,0,000000000,00000000000,0,0,0,1,0,0,0,0,0,0,0,998,0,0,0,12,12,6,2,12,0,0,0,1,39,45684,6,1,0,0,3,3,67,173,0,0,0,0,0,0,0,0,0,0,38,0,0,0,1,2,55,1,1,2,1,0,0,11,15,1,1,1,74,1,0
39,390858,2,2,1,9,12,8,32,12,2,1,0,39,1,85,881,85881,66,1997,1XKWDB9X2VJ7,1,X,K,W,D,B,9,X,2,V,J,7,1,T,KW,W90,TR,97,17,,8,0,0,CON,D,,,6,893,,,,,00000,00,,64,1,57,1743152,571743152,3,6,3,1,0,0,0,0,0,0,0,45,0,1,5,12,12,6,2,12,0,0,0,1,39,45684,6,1,6,0,3,0,69,200,0,0,0,0,1,11,2010,11,2010,0,0,0,0,0,1,2,55,1,1,2,1,0,0,1,62,1,1,1,74,0,0
39,390859,1,2,2,13,12,13,44,12,6,1,0,39,2,6,51,6051,4,1999,2C3HE66G1XH8,2,C,3,H,E,6,6,G,1,X,H,8,0,P,CHRY,30M,4D,99,17,3474,,0,1130,,G,,F,6,215,,,17R225,,,,,,0,0,000000000,00000000000,0,0,0,1,0,0,0,0,0,0,0,5,0,0,0,9,9,6,2,12,0,0,0,1,39,45346,6,1,0,0,3,3,65,130,0,0,0,0,0,0,0,0,0,0,38,0,0,0,1,2,55,1,1,2,1,20,3,1,17,1,1,1,89,2,0
39,390859,2,2,1,13,12,13,44,12,6,1,0,39,2,20,431,20431,16,1994,1GNEC16KXRJ4,1,G,N,E,C,1,6,K,X,R,J,4,0,P,CHEV,C15,UT,94,17,4672,,0,1315,,G,,F,8,350,,,000000,,,,,,0,0,000000000,00000000000,0,0,0,1,0,0,0,0,0,0,0,60,0,0,0,12,12,6,2,12,0,0,0,1,39,45347,6,1,0,0,3,0,71,210,0,0,0,0,0,0,0,0,0,0,0,0,0,0,1,2,55,1,1,2,1,0,0,1,66,1,1,1,88,0,0
39,390860,1,1,1,15,12,15,49,8,0,1,0,39,1,23,441,23441,20,1990,1GDDM15Z4LB5,1,G,D,D,M,1,5,Z,4,L,B,5,0,T,GMC,SAF,CG,90,17,,1,0,1110,SAF,G,,,6,262,,,,B,00000,00,A,42,0,0,000000000,00000000000,0,0,0,1,0,0,0,0,0,0,0,35,0,0,0,1,1,2,3,8,0,0,0,1,39,45371,6,1,0,0,3,0,71,238,0,0,0,0,1,5,2009,5,2009,0,28,0,0,0,1,2,35,1,1,2,2,0,0,1,80,1,1,4,13,0,0
39,390861,1,3,1,20,12,11,10,12,7,1,0,45,3,82,881,82881,66,2006,1FUJA6CK36LV,1,F,U,J,A,6,C,K,3,6,L,V,1,T,FRHT,COL,TR,6,17,,8,0,0,CON,D,,,6,855,,,,,00000,00,,64,1,57,1077278,571077278,3,6,1,1,0,0,0,0,0,0,0,50,0,0,0,9,9,4,3,12,0,0,0,1,13,30904,6,1,6,0,3,3,68,250,98,0,0,0,1,6,2010,6,2010,0,27,0,0,0,3,4,55,1,2,2,1,0,0,15,10,1,1,2,44,0,0
39,390861,2,3,2,20,12,11,10,12,7,1,0,39,2,37,32,37032,4,2002,1HGCG16592A0,1,H,G,C,G,1,6,5,9,2,A,0,0,P,HOND,UEX,4D,2,17,3329,,0,1069,,G,,F,6,183,,,15R205,,,,,,0,0,000000000,00000000000,0,0,0,1,0,0,0,0,0,0,0,55,0,0,0,3,3,6,2,12,0,0,0,1,39,45249,6,1,0,0,3,0,67,135,0,0,0,1,0,9,2010,9,2010,0,84,0,0,0,3,4,55,1,2,2,1,0,0,1,61,6,1,2,45,0,0
39,390861,3,3,1,20,12,11,10,12,7,1,0,39,1,2,403,2403,14,2008,1J4GA69168L6,1,J,4,G,A,6,9,1,6,8,L,6,0,T,JEEP,WUR,4W,8,17,,1,0,1160,WUL,G,,,6,230,,,,,4442,00,4,44,0,0,000000000,00000000000,0,0,0,1,0,0,0,0,0,0,0,55,0,1,1,5,13,6,2,1,0,0,0,1,39,44231,6,1,0,0,3,3,70,225,0,0,0,1,3,2,2009,10,2011,0,0,0,0,0,3,4,55,1,2,2,1,0,0,1,60,1,1,1,98,1,0
39,390862,1,2,4,20,12,17,51,8,0,1,0,39,1,49,442,49442,20,2004,5TDBA23CX4S0,5,T,D,B,A,2,3,C,X,4,S,0,0,P,TOYT,SIE,SV,4,17,4310,,0,1193,,G,,F,6,201,,,17R225,,,,,,0,0,000000000,00000000000,0,0,0,1,0,0,0,0,0,0,0,35,0,0,0,11,11,4,3,8,0,0,0,1,25,45005,6,1,0,0,3,0,65,999,0,0,0,0,0,0,0,0,0,0,0,0,0,0,1,2,45,1,2,2,2,0,0,1,80,1,1,1,13,0,0
39,390862,2,2,1,20,12,17,51,8,0,1,0,39,2,12,423,12423,16,2005,1FAFP25115G1,1,F,A,F,P,2,5,1,1,5,G,1,0,P,FORD,5LM,4D,5,17,3643,,0,1129,,G,,F,6,183,,,18R225,,,,,,0,0,000000000,00000000000,0,0,0,1,0,0,0,0,0,0,0,20,0,0,0,12,12,2,3,8,0,0,0,1,39,45415,6,1,0,0,3,0,65,125,0,0,0,0,0,0,0,0,0,0,0,0,0,0,1,2,45,1,2,2,2,0,0,1,80,1,1,1,98,0,0
39,390863,1,1,2,27,12,22,32,8,0,1,0,39,1,41,441,41441,20,2003,JM3LW28AX303,J,M,3,L,W,2,8,A,X,3,0,3,0,P,MAZD,MWG,SV,3,17,3662,,0,1118,,G,,F,6,181,,,000000,,,,,,0,0,000000000,00000000000,0,0,0,1,0,0,0,0,0,0,0,45,0,0,0,12,12,6,2,8,0,0,0,1,39,43081,6,1,0,0,3,3,66,125,0,0,0,0,0,0,0,0,0,0,0,0,0,0,2,3,55,1,1,2,2,0,0,1,80,1,1,1,13,0,0
39,390864,1,1,1,30,10,14,47,8,0,1,0,39,2,14,401,14401,14,1997,4M2DU55P2VUJ,4,M,2,D,U,5,5,P,2,V,U,J,0,P,MERC,MOU,UT,97,17,0,,0,1120,,G,,F,8,302,,,15R235,,,,,,0,0,000000000,00000000000,0,0,0,1,0,0,0,0,0,0,0,40,0,0,0,1,1,2,3,8,0,0,0,1,39,45416,6,1,0,0,3,0,66,220,0,0,0,0,0,0,0,0,0,0,86,0,0,0,1,4,40,1,2,1,1,0,0,1,80,2,1,1,13,0,0
39,390865,1,2,3,7,11,22,14,12,6,1,0,39,2,20,441,20441,20,1996,1GNEL19W6TB1,1,G,N,E,L,1,9,W,6,T,B,1,0,T,CHEV,AST,ES,96,17,,2,0,1110,AST,G,,,6,262,,,,B,4309,00,,44,0,0,000000000,00000000000,0,0,0,1,0,0,0,0,0,0,0,998,0,0,0,4,5,6,2,12,0,0,0,1,47,43440,0,0,0,0,0,0,72,182,0,0,0,0,0,0,0,0,0,0,38,0,0,0,1,2,55,1,1,2,1,20,3,4,17,1,1,1,90,1,0
39,390865,2,2,1,7,11,22,14,12,6,1,0,39,2,14,6,14006,4,2004,2MEHM75W94X6,2,M,E,H,M,7,5,W,9,4,X,6,0,P,MERC,MGL,4D,4,17,4094,,0,1147,,G,,F,8,281,,,16R225,,,,,,0,0,000000000,00000000000,0,0,0,1,0,0,0,0,0,0,0,50,0,0,0,12,12,6,2,12,0,0,0,1,39,44870,6,1,0,0,3,3,69,190,0,0,0,0,0,0,0,0,0,0,0,0,0,0,1,2,55,1,1,2,1,0,0,1,66,1,1,1,90,0,0
39,390866,1,1,1,19,11,5,21,34,0,1,0,39,2,21,20,21020,2,1995,1G3WH12M2SD3,1,G,3,W,H,1,2,M,2,S,D,3,0,P,OLDS,SUL,CP,95,17,3243,,0,1075,,G,,F,6,191,,,15R205,,,,,,0,0,000000000,00000000000,0,0,0,1,0,0,0,0,0,0,0,998,0,1,5,12,13,6,2,1,0,0,0,1,39,45875,6,1,0,0,3,0,74,275,0,0,0,0,1,9,2010,9,2010,0,0,0,0,0,1,2,55,1,1,2,1,0,0,1,13,1,1,4,1,1,1
39,390867,1,1,1,27,11,2,30,35,0,1,0,37,2,12,3,12003,2,2004,1FAFP40624F1,1,F,A,F,P,4,0,6,2,4,F,1,0,P,FORD,MUS,CP,4,17,3114,,0,1013,,G,,F,6,238,,,16R225,,,,,,0,0,000000000,00000000000,0,0,0,1,0,0,0,0,0,0,0,998,0,1,1,9,13,6,2,35,0,0,0,1,39,44405,6,1,0,0,3,0,66,150,0,4,0,0,4,12,2008,9,2011,0,0,0,0,0,2,3,65,1,2,2,1,0,0,1,12,1,1,4,6,1,1
39,390868,1,2,1,4,12,16,55,12,2,1,0,39,2,37,421,37421,15,2004,2HKYF18534H5,2,H,K,Y,F,1,8,5,3,4,H,5,0,P,HOND,PIL,UT,4,17,4400,,0,1063,,G,,F,6,212,,,16R235,,,,,,0,0,000000000,00000000000,0,0,0,1,0,0,0,0,0,0,0,998,0,0,0,12,12,6,2,12,0,0,0,1,39,44266,6,1,0,0,3,3,63,130,1,0,0,0,1,3,2011,3,2011,0,28,0,0,0,1,2,55,1,1,2,1,0,0,1,10,1,1,2,50,1,0
39,390868,2,2,1,4,12,16,55,12,2,1,0,39,1,2,404,2404,14,1989,1J4FN78L1KL4,1,J,4,F,N,7,8,L,1,K,L,4,0,T,JEEP,WLT,4W,89,17,,1,0,1014,WAG,G,,,6,242,,,,,3043,01,A,44,0,0,000000000,00000000000,0,0,0,1,0,0,0,0,0,0,0,998,0,0,0,12,11,6,2,12,0,0,0,1,39,44412,6,1,0,0,3,0,65,160,1,1,0,0,0,9,2009,9,2009,0,0,0,0,0,1,2,55,1,1,2,1,0,0,1,62,1,1,1,51,1,0
39,390869,1,2,1,5,12,20,45,12,2,1,0,39,3,23,481,23481,31,2004,1GTEK19T14Z3,1,G,T,E,K,1,9,T,1,4,Z,3,0,T,GMC,NK1,4C,4,17,,2,1575,1435,SIE,G,,,8,325,,,,B,4548,03,4,44,0,0,000000000,00000000000,0,0,0,1,0,0,0,0,0,0,0,35,0,0,0,12,12,6,2,12,0,0,0,1,39,43558,6,1,0,0,3,0,69,150,0,0,0,0,0,0,0,0,0,0,28,0,0,0,1,4,55,1,2,2,3,0,0,1,10,1,1,2,50,0,0
39,390869,2,2,1,5,12,20,45,12,2,1,0,39,1,20,16,20016,4,2000,1G1JF5248Y72,1,G,1,J,F,5,2,4,8,Y,7,2,0,P,CHEV,CAS,4D,0,17,2676,,0,1041,,G,,F,4,133,,,15R195,,,,,,0,0,000000000,00000000000,0,0,0,1,0,0,0,0,0,0,0,998,0,0,0,12,12,6,2,12,0,0,0,1,39,43612,6,1,0,0,3,3,63,280,0,0,0,0,0,0,0,0,0,0,0,0,0,0,1,4,55,1,2,2,3,0,0,1,62,1,1,1,51,1,0
39,390870,1,3,1,6,12,17,49,12,6,1,0,39,2,63,401,63401,14,2006,KNDJE7231671,K,N,D,J,E,7,2,3,1,6,7,1,0,P,KIA,KMS,UT,6,17,3521,,0,1035,,G,,F,6,165,,,16R235,,,,,,0,0,000000000,00000000000,0,0,0,1,0,0,0,0,0,0,0,998,0,1,5,12,12,6,2,12,0,0,0,1,39,44084,6,1,0,0,3,3,69,160,0,0,0,0,0,0,0,0,0,0,38,0,0,0,1,2,55,1,1,2,2,20,3,1,17,1,1,1,88,0,0
39,390870,2,3,2,6,12,17,49,12,6,1,0,39,2,49,402,49402,14,2009,JTMBK33V19D0,J,T,M,B,K,3,3,V,1,9,D,0,0,P,TOYT,RG4,UT,9,17,3655,,0,1047,,G,,F,6,214,,,16R215,,,,,,0,0,000000000,00000000000,0,0,0,1,0,0,0,0,0,0,0,998,0,0,0,9,9,6,2,12,0,0,0,1,39,44076,6,1,0,0,3,0,68,150,0,0,0,0,0,0,0,0,0,0,0,0,0,0,1,2,55,1,1,2,2,0,0,1,66,1,1,1,89,2,0
39,390870,3,3,2,6,12,17,49,12,6,1,0,39,1,12,37,12037,4,2008,3FAHP07178R1,3,F,A,H,P,0,7,1,7,8,R,1,0,P,FORD,F/E,4D,8,17,3325,,0,1074,,G,,F,6,183,,,16R205,,,,,,0,0,000000000,00000000000,0,0,0,1,0,0,0,0,0,0,0,0,0,0,0,12,1,6,2,12,0,0,0,1,39,44077,6,1,0,0,3,0,70,215,0,0,0,1,0,6,2010,6,2010,0,0,0,0,0,1,2,55,1,1,2,2,20,3,5,62,1,1,1,98,0,0
39,390871,1,1,3,12,12,21,41,42,0,1,0,39,1,52,34,52034,4,2002,4A3AA46H92E0,4,A,3,A,A,4,6,H,9,2,E,0,0,P,MITS,ELG,4D,2,17,3252,,0,1037,,G,,F,6,181,,,16R205,,,,,,0,0,000000000,00000000000,0,0,0,1,0,0,0,0,0,0,0,73,0,0,0,1,13,6,2,42,0,0,0,1,39,44441,6,1,0,0,3,0,62,103,2,0,0,1,1,3,2009,7,2011,1,0,0,0,0,1,2,55,3,5,8,1,0,0,14,6,1,1,4,1,3,1
39,390872,1,1,1,14,12,99,99,24,0,1,0,39,3,86,881,86881,63,2002,1M2P267C22M0,1,M,2,P,2,6,7,C,2,2,M,0,0,T,MACK,RD6,CC,2,17,,8,0,0,600,D,,,6,728,,,,,00000,00,,64,0,57,00831199,5700831199,3,2,5,1,0,0,0,0,0,0,0,998,0,1,5,11,13,6,2,1,0,0,0,1,39,43724,6,1,6,0,3,3,67,180,0,0,0,0,0,0,0,0,0,0,80,0,0,0,1,2,55,2,1,2,1,0,0,14,1,1,7,4,7,1,0
39,390873,1,2,2,17,12,13,41,12,6,1,0,39,1,20,32,20032,5,1991,1Y1SK5463MZ0,1,Y,1,S,K,5,4,6,3,M,Z,0,0,P,GEO,GEP,4D,91,17,2364,,0,957,,G,,F,4,097,,,13R175,,,,,,0,0,000000000,00000000000,0,0,0,1,0,0,0,0,0,0,0,998,0,0,0,3,3,6,2,12,0,0,0,1,39,44903,6,1,0,0,3,0,69,110,0,0,0,0,0,0,0,0,0,1,0,0,0,0,1,2,55,1,2,2,3,0,0,1,6,1,4,2,66,2,0
39,390873,2,2,3,17,12,13,41,12,6,1,0,39,2,7,422,7422,15,2005,1D4HB58D95F5,1,D,4,H,B,5,8,D,9,5,F,5,0,P,DODG,DUR,UT,5,17,4986,,0,1192,,G,,F,8,348,,,17R265,,,,,,0,0,000000000,00000000000,0,0,0,1,0,0,0,0,0,0,0,45,0,0,0,12,12,6,2,12,0,0,0,1,39,43019,6,1,0,0,3,0,65,190,0,0,0,0,0,0,0,0,0,0,0,0,0,0,1,2,55,1,2,2,3,0,0,1,62,1,1,1,66,0,0
39,390874,1,3,1,12,8,17,23,12,8,1,0,39,3,84,881,84881,63,2010,1HTWNAZT5AJ1,1,H,T,W,N,A,Z,T,5,A,J,1,0,T,INTL,750,CC,10,17,,8,0,0,70S,D,,,6,570,,,,,00000,00,,64,0,57,652297,57652297,3,2,1,1,0,0,0,0,0,0,0,46,0,1,1,9,9,6,2,12,0,0,0,1,39,45342,6,1,6,1,3,0,69,250,1,0,0,0,0,2,2010,2,2010,1,36,0,0,0,1,4,45,1,1,2,1,3,3,10,6,1,2,2,98,0,0
39,390874,2,3,2,12,8,17,23,12,8,1,0,39,1,55,33,55033,4,2006,KMHET46C26A0,K,M,H,E,T,4,6,C,2,6,A,0,0,P,HYUN,SOL,4D,6,17,3253,,0,1074,,G,,F,4,144,,,16R215,,,,,,0,0,000000000,00000000000,0,0,0,1,0,0,0,0,0,0,0,0,0,0,0,7,7,2,1,12,0,0,0,1,39,45404,6,1,0,0,3,0,63,173,1,0,0,0,1,1,2010,1,2010,0,0,0,0,0,1,4,45,1,1,2,1,3,3,5,62,1,1,1,98,0,0
39,390874,3,3,1,12,8,17,23,12,8,1,0,39,1,22,18,22018,4,2001,1G2NW52E21C2,1,G,2,N,W,5,2,E,2,1,C,2,0,P,PONT,GAG,4D,1,17,3168,,0,1070,,G,,F,6,207,,,16R225,,,,,,0,0,000000000,00000000000,0,0,0,1,0,0,0,0,0,0,0,0,0,0,0,98,98,6,2,12,0,0,0,1,39,45420,6,1,0,0,3,0,70,155,0,0,0,0,0,0,0,0,0,0,0,0,0,0,1,4,45,1,1,2,1,3,3,5,62,1,1,1,98,1,0
39,390875,1,1,3,22,9,18,6,43,0,1,0,39,2,20,2,20002,4,2004,1G1ZU54884F2,1,G,1,Z,U,5,4,8,8,4,F,2,0,P,CHEV,MLT,4D,4,17,3315,,0,1063,,G,,F,6,214,,,16R215,,,,,,0,0,000000000,00000000000,0,0,0,1,0,0,0,0,0,0,0,64,0,1,6,98,98,6,2,42,0,0,0,1,39,45402,1,1,0,0,2,0,65,205,0,2,0,0,4,3,2009,8,2011,1,36,0,0,0,1,4,50,4,1,2,1,0,0,14,9,1,2,4,2,1,0