STATE,ST_CASE,VEH_NO,VE_FORMS,NUMOCCS,DAY,MONTH,HOUR,MINUTE,HARM_EV,MAN_COLL,UNITTYPE,HIT_RUN,REG_STAT,OWNER,MAKE,MODEL,MAK_MOD,BODY_TYP,MOD_YEAR,VIN,VIN_1,VIN_2,VIN_3,VIN_4,VIN_5,VIN_6,VIN_7,VIN_8,VIN_9,VIN_10,VIN_11,VIN_12,TOW_VEH,VINTYPE,VINMAKE,VINA_MOD,VIN_BT,VINMODYR,VIN_LNGT,VIN_WGT,WGTCD_TR,WHLBS_LG,WHLBS_SH,SER_TR,FUELCODE,MCYCL_DS,CARBUR,CYLINDER,DISPLACE,MCYCL_CY,MCYCL_WT,TIRE_SZE,TON_RAT,TRK_WT,TRKWTVAR,VIN_REST,WHLDRWHL,J_KNIFE,MCARR_I1,MCARR_I2,MCARR_ID,GVWR,V_CONFIG,CARGO_BT,HAZ_INV,HAZ_PLAC,HAZ_ID,HAZ_CNO,HAZ_REL,BUS_USE,SPEC_USE,EMER_USE,TRAV_SP,UNDERIDE,ROLLOVER,ROLINLOC,IMPACT1,IMPACT2,DEFORMED,TOWED,M_HARM,VEH_SC1,VEH_SC2,FIRE_EXP,DR_PRES,L_STATE,DR_ZIP,L_STATUS,L_TYPE,CDL_STAT,L_ENDORS,L_COMPL,L_RESTRI,DR_HGT,DR_WGT,PREV_ACC,PREV_SUS,PREV_DWI,PREV_SPD,PREV_OTH,FIRST_MO,FIRST_YR,LAST_MO,LAST_YR,SPEEDREL,DR_SF1,DR_SF2,DR_SF3,DR_SF4,VTRAFWAY,VNUM_LAN,VSPD_LIM,VALIGN,VPROFILE,VPAVETYP,VSURCOND,VTRAFCON,VTCONT_F,P_CRASH1,P_CRASH2,P_CRASH3,PCRASH4,PCRASH5,ACC_TYPE,DEATHS,DR_DRINK
39,390876,1,1,1,19,11,0,53,34,0,1,0,17,1,7,482,7482,31,2008,1D7HU18N28S5,1,D,7,H,U,1,8,N,2,8,S,5,0,T,DODG,SQ1,CW,8,17,,2,1605,1405,RPC,G,,,8,287,,,,B,5201,00,E,44,0,0,000000000,00000000000,0,0,0,1,0,0,0,0,0,0,0,998,0,1,5,3,13,6,2,1,0,0,0,1,19,44857,6,1,0,0,3,0,69,150,0,0,0,1,0,2,2009,2,2009,0,51,0,0,0,1,2,55,1,1,2,1,0,0,1,13,8,1,4,1,1,1
39,390877,1,1,3,20,11,3,8,1,0,1,0,39,2,12,37,12037,4,2004,1FAFP38Z84W1,1,F,A,F,P,3,8,Z,8,4,W,1,0,P,FORD,FZT,4D,4,17,2586,,0,1030,,G,,F,4,140,,,15R195,,,,,,0,0,000000000,00000000000,0,0,0,1,0,0,0,0,0,0,0,998,0,1,3,0,98,6,2,1,0,0,0,1,39,43068,6,1,0,0,3,0,63,205,0,0,0,0,0,0,0,0,0,0,51,0,0,0,3,3,65,1,1,2,1,0,0,1,12,9,1,4,6,1,0
39,390878,1,2,1,22,11,15,7,12,2,1,0,39,1,20,481,20481,31,2003,1GCEC14X63Z1,1,G,C,E,C,1,4,X,6,3,Z,1,0,T,CHEV,SC1,PK,3,17,,2,1330,1190,SIL,G,,,6,262,,,,B,4073,00,,42,0,0,000000000,00000000000,0,0,0,1,0,0,0,0,0,0,0,998,0,0,0,12,12,6,2,12,0,0,0,1,39,44001,6,1,0,0,3,3,72,175,2,0,0,0,1,10,2010,4,2011,0,51,0,0,0,1,2,55,1,1,2,2,0,0,6,10,1,1,2,50,1,0
39,390878,2,2,1,22,11,15,7,12,2,1,0,39,1,49,40,49040,4,2002,4T1BE32K02U6,4,T,1,B,E,3,2,K,0,2,U,6,0,P,TOYT,LXS,4D,2,17,3086,,0,1071,,G,,F,4,144,,,15R205,,,,,,0,0,000000000,00000000000,0,0,0,1,0,0,0,0,0,0,0,998,0,0,0,12,12,6,2,12,0,0,0,1,39,44035,6,1,0,0,3,3,70,180,0,0,0,2,0,3,2010,4,2011,0,0,0,0,0,1,2,55,1,1,2,2,0,0,1,62,1,1,1,51,0,0
39,390879,1,1,1,24,11,13,20,42,0,1,0,12,2,24,401,24401,14,2005,1G8AL52F65Z1,1,G,8,A,L,5,2,F,6,5,Z,1,0,P,STRN,SI3,4D,5,17,2831,,0,1032,,G,,F,4,134,,,16R205,,,,,,0,0,000000000,00000000000,0,0,0,1,0,0,0,0,0,0,0,91,0,0,0,9,98,6,2,42,0,0,0,1,39,44202,6,1,0,0,3,0,72,171,0,0,0,0,0,0,0,0,0,1,36,0,0,0,1,2,35,1,2,2,1,0,0,1,6,2,2,4,7,1,0
39,390880,1,1,1,26,11,21,31,53,0,1,0,39,1,37,32,37032,4,1996,1HGCD5696TA2,1,H,G,C,D,5,6,9,6,T,A,2,0,P,HOND,UVP,4D,96,17,2818,,0,1069,,G,,F,4,132,,,14R185,,,,,,0,0,000000000,00000000000,0,0,0,1,0,0,0,0,0,0,0,998,0,0,0,2,98,6,2,34,0,0,0,1,39,43414,6,1,0,0,3,0,68,140,1,5,0,0,0,11,2009,9,2010,0,36,0,0,0,1,2,55,1,1,2,1,0,0,1,9,1,2,4,2,1,1
39,390881,1,1,3,27,11,2,10,34,0,1,0,39,1,20,421,20421,15,1997,1GNDT13W2V21,1,G,N,D,T,1,3,W,2,V,2,1,0,P,CHEV,BZR,UT,97,17,4046,,0,1070,,G,,F,6,262,,,15R205,,,,,,0,0,000000000,00000000000,0,0,0,1,0,0,0,0,0,0,0,50,0,1,5,7,2,6,2,1,0,0,0,1,39,43512,6,1,0,0,3,0,63,115,0,0,0,0,1,1,2011,1,2011,0,36,0,0,0,1,2,55,1,1,2,2,0,0,1,9,7,2,4,7,1,1
39,390882,1,1,1,27,11,1,16,34,0,1,0,39,5,2,403,2403,14,2005,1J4FA64S55P3,1,J,4,F,A,6,4,S,5,5,P,3,0,T,JEEP,RLG,2W,5,17,,1,0,1034,W/T,G,,,6,244,,,,,3781,00,E,44,0,0,000000000,00000000000,0,0,0,1,0,0,0,0,0,0,0,998,0,1,5,2,13,6,2,1,0,0,0,1,39,45177,6,1,0,0,3,0,74,210,0,0,0,0,0,0,0,0,0,0,51,0,0,0,1,2,55,1,2,2,1,0,0,1,13,1,1,4,1,1,1
39,390883,1,2,1,18,11,17,52,12,2,1,0,39,1,13,1,13001,4,1999,1LNHM81W2XY6,1,L,N,H,M,8,1,W,2,X,Y,6,0,P,LINC,EXC,4D,99,17,4015,,0,1177,,G,,F,8,281,,,16R225,,,,,,0,0,000000000,00000000000,0,0,0,1,0,0,0,0,0,0,0,50,0,0,0,12,11,6,2,12,0,0,0,1,39,45068,6,1,0,0,3,3,68,140,0,0,0,0,0,0,0,0,0,0,28,0,0,0,1,2,55,1,1,2,1,0,0,1,10,1,1,2,50,1,1
39,390883,2,2,1,18,11,17,52,12,2,1,0,39,2,24,10,24010,6,2009,999999999999,9,9,9,9,9,9,9,9,9,9,9,9,0,,,,,,,,,,,,,,,,,,,,,,,,,0,0,000000000,00000000000,0,0,0,1,0,0,0,0,0,0,0,50,0,0,0,12,11,6,2,12,0,0,0,1,39,45068,6,1,0,0,3,3,67,120,0,0,0,1,0,6,2010,6,2010,0,0,0,0,0,1,2,55,1,1,2,1,0,0,1,62,1,1,1,51,0,0
39,390884,1,1,1,29,11,18,43,8,0,1,0,39,1,21,22,21022,4,2001,1G3GR64H4142,1,G,3,G,R,6,4,H,4,1,4,2,0,P,OLDS,AUR,4D,1,17,3686,,0,1122,,G,,F,6,211,,,16R225,,,,,,0,0,000000000,00000000000,0,0,0,1,0,0,0,0,0,0,0,35,0,0,0,1,3,2,9,8,0,0,0,1,39,43402,6,1,0,0,3,3,62,130,0,1,0,0,0,7,2009,7,2009,0,0,0,0,0,1,4,45,1,1,2,2,0,0,1,80,1,1,1,13,0,0
39,390885,1,2,2,18,12,17,15,12,2,1,0,39,1,20,36,20036,2,2007,2G1WK15K6794,2,G,1,W,K,1,5,K,6,7,9,4,0,P,CHEV,M/T,CP,7,17,3461,,0,1105,,F,,F,6,214,,,17R225,,,,,,0,0,000000000,00000000000,0,0,0,1,0,0,0,0,0,0,0,998,0,0,0,12,12,6,2,12,0,0,0,1,39,44720,6,1,0,0,3,0,68,200,0,0,0,0,0,0,0,0,0,0,0,0,0,0,1,2,55,1,2,2,1,0,0,1,62,1,1,1,51,1,0
39,390885,2,2,2,18,12,17,15,12,2,1,0,42,1,7,482,7482,31,2005,1D7HU16N75J5,1,D,7,H,U,1,6,N,7,5,J,5,0,T,DODG,S15,PK,5,17,,2,1405,1205,RPC,G,,,8,287,,,,B,4751,02,E,44,0,0,000000000,00000000000,0,0,0,1,0,0,0,0,0,0,0,70,0,1,1,12,12,6,2,12,0,0,0,1,20,66061,6,1,0,0,3,0,68,190,0,0,0,0,0,0,0,0,0,1,36,0,0,0,1,2,55,1,2,2,1,0,0,15,10,1,1,2,50,0,1
39,390886,1,2,1,22,12,20,7,12,2,1,0,39,1,21,441,21441,20,2000,1GHDX03E2YD2,1,G,H,D,X,0,3,E,2,Y,D,2,0,T,OLDS,SIL,ES,0,17,,1,0,1200,SIL,G,,,6,207,,,,B,3948,00,K,42,0,0,000000000,00000000000,0,0,0,1,0,0,0,0,0,0,0,998,0,0,0,12,12,6,2,12,0,0,0,1,39,43549,6,1,0,0,3,3,67,170,0,0,0,0,0,0,0,0,0,0,28,0,0,0,1,2,55,1,1,2,2,0,0,1,10,1,1,2,50,1,0
39,390886,2,2,1,22,12,20,7,12,2,1,0,39,2,37,32,37032,2,1993,1HGCB727XPA0,1,H,G,C,B,7,2,7,X,P,A,0,0,P,HOND,AEX,CP,93,17,2948,,0,1071,,G,,F,4,132,,,15R195,,,,,,0,0,000000000,00000000000,0,0,0,1,0,0,0,0,0,0,0,998,0,0,0,12,12,6,2,12,0,0,0,1,39,43506,6,1,0,0,3,0,67,130,0,0,0,0,1,11,2010,11,2010,0,0,0,0,0,1,2,55,1,1,2,2,0,0,1,62,1,1,1,51,0,0
39,390887,1,1,1,24,12,2,25,59,0,1,0,39,2,12,481,12481,31,1998,1FTZX18WXWNB,1,F,T,Z,X,1,8,W,X,W,N,B,0,T,FORD,F15,3C,98,17,,1,1570,1390,COF,G,,,8,281,,,,B,4480,01,E,44,0,0,000000000,00000000000,0,0,0,1,0,0,0,0,0,0,0,998,0,0,0,5,13,6,2,42,0,0,0,1,39,44864,1,1,0,0,2,0,72,160,0,2,0,0,4,6,2010,6,2011,1,0,0,0,0,1,2,55,3,1,2,1,0,0,14,6,1,1,4,6,1,1
39,390888,1,1,5,25,12,2,19,31,0,1,0,39,1,41,50,41050,4,2007,1YVHP80CX75M,1,Y,V,H,P,8,0,C,X,7,5,M,0,P,MAZD,M6I,4D,7,17,3091,,0,1053,,G,,F,4,138,,,16R205,,,,,,0,0,000000000,00000000000,0,0,0,1,0,0,0,0,0,0,0,42,0,1,5,9,9,6,2,42,0,0,0,1,39,44107,6,1,0,0,3,0,69,180,0,4,1,1,0,5,2009,4,2010,0,36,0,0,0,1,2,35,3,1,2,1,0,0,14,13,1,1,4,1,2,1
39,390889,1,1,2,25,12,20,19,42,0,1,0,39,2,20,404,20404,14,2012,2GNALDEK0C61,2,G,N,A,L,D,E,K,0,C,6,1,0,P,CHEV,EQU,UT,12,17,3779,,0,1125,,F,,F,4,146,,,17R225,,,,,,0,0,000000000,00000000000,0,0,0,1,0,0,0,0,0,0,0,998,0,0,0,12,12,6,2,42,0,0,0,1,39,43558,6,1,0,0,3,0,70,250,0,0,0,0,1,2,2010,2,2010,0,0,0,0,0,1,2,25,1,1,2,1,0,0,1,12,1,1,4,6,1,0
39,390890,1,1,3,29,12,21,40,42,0,1,0,39,2,37,31,37031,2,2002,1HGEM22562L0,1,H,G,E,M,2,2,5,6,2,L,0,0,P,HOND,UCL,CP,2,17,2496,,0,1031,,G,,F,4,102,,,14R185,,,,,,0,0,000000000,00000000000,0,0,0,1,0,0,0,0,0,0,0,998,0,0,0,9,9,6,2,42,0,0,0,1,39,45212,6,1,0,0,3,0,64,151,0,1,0,0,0,3,2011,3,2011,1,0,0,0,0,1,2,40,2,1,2,1,0,0,14,6,1,1,4,6,2,0
39,390892,1,1,1,10,10,22,5,24,0,1,0,39,3,84,481,84481,31,9999,999999999999,9,9,9,9,9,9,9,9,9,9,9,9,0,,,,,,,,,,,,,,,,,,,,,,,,,0,0,000000000,00000000000,0,0,0,1,0,0,0,0,0,0,0,65,0,1,5,9,13,6,2,1,0,0,0,1,39,43207,6,1,6,0,3,3,72,195,1,0,0,0,0,10,2008,10,2008,0,27,0,0,0,6,2,65,2,2,2,1,0,0,15,12,1,1,4,6,1,0
39,390893,1,1,2,8,11,10,50,38,0,1,0,39,2,2,404,2404,14,1998,1J4FJ68S8WL1,1,J,4,F,J,6,8,S,8,W,L,1,0,T,JEEP,SCL,4W,98,17,,1,0,1014,CHK,G,,,6,242,,,,,3249,00,E,44,0,0,000000000,00000000000,0,0,0,1,0,0,0,0,0,0,0,70,0,0,0,12,12,6,9,42,0,0,1,1,39,43004,1,1,0,0,2,0,70,235,0,4,1,0,0,12,2008,10,2009,1,36,0,0,0,1,2,25,1,1,2,1,0,0,1,6,1,1,4,6,1,0
39,390894,1,1,2,17,12,12,35,30,0,1,0,39,1,20,2,20002,4,2008,2G1WT58K9812,2,G,1,W,T,5,8,K,9,8,1,2,0,P,CHEV,IMT,4D,8,17,3555,,0,1105,,F,,F,6,214,,,16R225,,,,,,0,0,000000000,00000000000,0,0,0,1,0,0,0,0,0,0,0,998,0,0,0,12,12,6,2,30,0,0,0,1,39,45239,6,1,0,0,3,0,71,175,1,0,0,0,0,9,2009,9,2009,1,28,58,0,0,1,2,25,1,1,2,1,0,0,10,6,7,1,4,1,1,0
39,390895,1,2,1,29,12,17,50,12,7,1,0,17,1,82,881,82881,66,1998,1FUYSDYB5WL9,1,F,U,Y,S,D,Y,B,5,W,L,9,1,T,FRHT,FC2,TR,98,17,,8,0,0,CON,D,,,6,855,,,,,00000,00,,64,1,57,2038458,572038458,3,6,3,1,0,0,0,0,0,0,0,20,0,0,0,7,7,6,2,12,0,0,0,1,17,60641,6,1,6,0,3,3,68,220,0,0,0,1,0,10,2011,10,2011,0,31,0,0,0,2,2,60,1,1,2,1,0,0,4,11,1,1,2,45,0,0
39,390895,2,2,3,29,12,17,50,12,7,1,0,39,2,24,401,24401,14,2005,5GZCZ534X5S8,5,G,Z,C,Z,5,3,4,X,5,S,8,0,P,STRN,VUE,UT,5,17,3478,,0,1066,,G,,F,6,214,,,16R215,,,,,,0,0,000000000,00000000000,0,0,0,1,0,0,0,0,0,0,0,62,0,1,1,1,13,6,2,1,0,0,0,1,39,44907,6,1,0,0,3,3,71,210,0,0,0,0,0,0,0,0,0,0,0,0,0,0,2,2,60,1,1,2,1,0,0,1,61,1,1,1,44,1,0
39,390896,1,1,2,30,12,19,15,34,0,1,0,39,2,30,47,30047,1,2003,3VWCK21Y13M3,3,V,W,C,K,2,1,Y,1,3,M,3,0,P,VOLK,NGS,CV,3,17,3008,,0,989,,G,,F,4,121,,,16R205,,,,,,0,0,000000000,00000000000,0,0,0,1,0,0,0,0,0,0,0,998,0,0,0,11,9,6,2,30,0,0,0,1,39,45068,6,1,0,0,3,0,63,120,0,0,0,0,0,0,0,0,0,0,0,0,0,0,1,2,55,3,1,2,2,0,0,14,13,1,3,4,2,2,0
39,390897,1,2,2,30,12,15,53,12,6,1,0,39,1,14,444,14444,20,2004,2MRDA20294BJ,2,M,R,D,A,2,0,2,9,4,B,J,0,P,MERC,MNT,SV,4,17,4434,,0,1208,,G,,F,6,256,,,000000,,,,,,0,0,000000000,00000000000,0,0,0,1,0,0,0,0,0,0,0,998,0,0,0,3,3,6,2,12,0,0,0,1,39,43558,6,1,6,0,3,3,70,165,0,0,0,0,1,6,2009,6,2009,0,38,0,0,0,1,2,55,1,1,2,2,20,3,1,17,1,1,1,87,1,0
39,390897,2,2,2,30,12,15,53,12,6,1,0,39,1,7,442,7442,20,1999,2B4GP25G9XR2,2,B,4,G,P,2,5,G,9,X,R,2,0,P,DODG,CAR,SV,99,17,3415,,0,1133,,F,,F,6,201,,,14R205,,,,,,0,0,000000000,00000000000,0,0,0,1,0,0,0,0,0,0,0,50,0,0,0,12,12,6,2,12,0,0,0,1,39,43560,6,1,0,0,3,0,62,115,0,0,0,0,0,0,0,0,0,0,0,0,0,0,1,2,55,1,1,2,2,0,0,1,66,1,1,1,86,0,0
39,390898,1,1,1,30,12,13,14,14,0,1,0,39,1,52,37,52037,3,1996,JA3AM84J3TY0,J,A,3,A,M,8,4,J,3,T,Y,0,0,P,MITS,3GT,2H,96,17,3252,,0,972,,G,,F,6,181,,,16R255,,,,,,0,0,000000000,00000000000,0,0,0,1,0,0,0,0,0,0,0,75,0,1,1,11,11,6,2,1,0,0,0,1,39,43076,6,1,0,0,3,0,74,165,1,1,0,3,7,7,2009,9,2011,1,0,0,0,0,3,3,65,1,1,2,1,0,0,1,6,1,1,4,6,1,0
39,390899,1,1,2,31,12,17,32,24,0,1,0,12,1,20,444,20444,20,2005,999999999999,9,9,9,9,9,9,9,9,9,9,9,9,0,,,,,,,,,,,,,,,,,,,,,,,,,0,0,000000000,00000000000,0,0,0,1,0,0,0,0,0,0,0,65,0,1,5,12,13,6,2,1,0,0,0,1,12,34450,6,1,0,0,3,3,64,999,0,0,0,0,0,0,0,0,0,0,28,58,0,0,2,2,65,1,1,2,1,0,0,1,13,7,1,4,1,1,0
39,390900,1,2,3,9,9,22,52,12,2,1,0,39,1,20,32,20032,4,1998,1Y1SK5288WZ4,1,Y,1,S,K,5,2,8,8,W,Z,4,0,P,CHEV,P/L,4D,98,17,0,,0,971,,G,,F,4,110,,,14R175,,,,,,0,0,000000000,00000000000,0,0,0,1,0,0,0,0,0,0,0,40,0,0,0,12,12,6,2,12,0,0,0,1,39,44203,6,1,0,0,3,0,66,125,0,0,0,0,0,0,0,0,0,0,0,0,0,0,1,2,40,4,2,2,1,0,0,14,62,2,1,1,51,1,0
39,390900,2,2,1,9,9,22,52,12,2,1,0,39,1,19,4,19004,12,1998,1G6KY5490WU9,1,G,6,K,Y,5,4,9,0,W,U,9,0,P,CADI,STS,4D,98,17,3922,,0,1122,,G,,F,8,279,,,16R235,,,,,,0,0,000000000,00000000000,0,0,0,1,0,0,0,0,0,0,0,61,0,1,1,12,12,6,2,12,0,0,0,1,39,44312,6,1,0,0,3,0,72,200,0,1,0,0,0,2,2010,2,2010,1,51,0,0,0,1,2,40,4,2,2,1,0,0,14,10,2,1,2,50,1,1
39,390901,1,1,1,12,9,23,23,34,0,1,0,39,1,73,709,73709,80,2008,JKBZXNC198A0,J,K,B,Z,X,N,C,1,9,8,A,0,0,M,KAWK,X4C,RC,8,17,,,,,,,1352,,4,,4,485,,,,,,,0,0,000000000,00000000000,0,0,0,1,0,0,0,0,0,0,0,141,0,0,0,12,12,6,2,1,0,0,0,1,39,45807,6,1,0,0,3,0,75,250,0,0,0,0,0,0,0,0,0,1,51,0,0,0,1,2,55,4,1,2,1,0,0,14,12,1,1,4,6,1,1
39,390902,1,2,1,21,10,21,17,12,6,1,0,39,2,48,34,48034,4,1992,4S3BC6321N96,4,S,3,B,C,6,3,2,1,N,9,6,0,P,SUBA,L44,4D,92,17,2860,,0,1016,,G,,F,4,135,,,14R175,,,,,,0,0,000000000,00000000000,0,0,0,1,0,0,0,0,0,0,0,45,0,0,0,9,9,6,2,12,0,0,0,1,39,43232,6,1,0,0,3,1,60,222,0,2,0,0,1,11,2010,3,2011,0,0,0,0,0,1,4,45,1,1,2,1,0,0,1,62,1,1,1,65,1,0
39,390902,2,2,1,21,10,21,17,12,6,1,0,39,1,42,36,42036,4,1993,WDBGA51E8PA1,W,D,B,G,A,5,1,E,8,P,A,1,0,P,MERZ,5SL,4D,93,17,4675,,0,1236,,G,,F,8,304,,,16R235,,,,,,0,0,000000000,00000000000,0,0,0,1,0,0,0,0,0,0,0,45,0,0,0,12,12,6,2,12,0,0,0,1,39,43110,1,1,0,0,2,0,76,230,0,3,0,1,5,2,2009,6,2011,0,51,0,0,0,1,4,45,1,1,2,1,0,0,1,10,1,1,2,64,0,0
39,390903,1,1,1,23,10,20,10,30,0,1,0,39,1,55,35,55035,4,2005,KMHDN46D85U0,K,M,H,D,N,4,6,D,8,5,U,0,0,P,HYUN,EST,4D,5,17,2635,,0,1027,,G,,F,4,121,,,15R195,,,,,,0,0,000000000,00000000000,0,0,0,1,0,0,0,0,0,0,0,25,0,0,0,12,12,6,2,30,0,0,0,1,39,44104,6,1,0,0,3,3,65,220,0,0,0,0,0,0,0,0,0,0,36,0,0,0,1,2,25,1,1,2,1,0,0,1,9,1,2,4,2,1,0
39,390904,1,1,2,29,10,22,49,8,0,1,0,39,1,72,706,72706,80,2011,1HD4LE21XBC4,1,H,D,4,L,E,2,1,X,B,C,4,0,M,HD,X8N,RS,11,17,,,,,,,883,,2,,4,548,,,,,,,0,0,000000000,00000000000,0,0,0,1,0,0,0,0,0,0,0,45,0,0,0,12,12,6,2,8,0,0,0,1,39,45244,6,1,0,0,3,0,72,185,0,0,0,0,1,6,2009,6,2009,0,0,0,0,0,1,4,45,1,1,2,1,0,0,1,80,1,1,1,13,0,0
39,390905,1,1,1,12,11,9,56,42,0,1,0,39,1,72,709,72709,80,2000,1HD1FBW13YY6,1,H,D,1,F,B,W,1,3,Y,Y,6,0,M,HD,LRI,RS,0,17,,,,,,,1450,,2,,4,723,,,,,,,0,0,000000000,00000000000,0,0,0,1,0,0,0,0,0,0,0,60,0,0,0,12,12,6,2,1,0,0,0,1,39,44221,6,1,0,0,3,0,76,245,0,0,0,0,0,0,0,0,0,1,36,0,0,0,1,2,40,4,1,2,1,40,3,14,6,1,2,4,7,1,1
39,390906,1,3,1,12,11,11,19,12,8,1,0,39,1,55,33,55033,4,2000,999999999999,9,9,9,9,9,9,9,9,9,9,9,9,0,,,,,,,,,,,,,,,,,,,,,,,,,0,0,000000000,00000000000,0,0,0,1,0,0,0,0,0,0,0,998,0,0,0,10,12,6,2,12,0,0,0,1,39,44905,1,1,0,0,2,0,61,120,1,2,0,1,2,10,2010,8,2011,0,51,0,0,0,1,2,50,1,2,2,1,0,0,1,10,1,1,2,64,0,0
39,390906,2,3,1,12,11,11,19,12,8,1,0,39,1,20,481,20481,31,1998,1GCEC19W1WE1,1,G,C,E,C,1,9,W,1,W,E,1,0,T,CHEV,GC1,PC,98,17,,2,1555,1415,GM4,G,,,6,262,,,,B,4145,03,,42,0,0,000000000,00000000000,0,0,0,1,0,0,0,0,0,0,0,50,0,0,0,7,7,6,2,12,0,0,0,1,39,44880,6,1,0,0,3,3,64,197,0,0,0,0,0,0,0,0,0,0,0,0,0,0,1,2,50,1,2,2,1,0,0,1,62,7,1,1,65,0,0
39,390906,3,3,2,12,11,11,19,12,8,1,0,54,2,2,405,2405,14,2005,1J4GL58K95W7,1,J,4,G,L,5,8,K,9,5,W,7,0,T,JEEP,LMD,4W,5,17,,1,0,1043,LIB,G,,,6,226,,,,,3893,00,E,44,0,0,000000000,00000000000,0,0,0,1,0,0,0,0,0,0,0,998,0,0,0,10,12,6,2,12,0,0,0,1,54,25047,6,1,0,0,3,3,67,181,0,0,0,0,0,0,0,0,0,0,0,0,0,0,1,2,50,1,1,2,1,0,0,1,62,1,1,1,98,1,0
39,390907,1,1,1,19,11,2,10,24,0,1,0,39,1,2,403,2403,14,2002,1J4FA29P92P7,1,J,4,F,A,2,9,P,9,2,P,7,0,T,JEEP,SEW,2W,2,17,,1,0,934,W/T,G,,,4,150,,,,,3013,00,E,44,0,0,000000000,00000000000,0,0,0,1,0,0,0,0,0,0,0,70,0,1,6,12,12,6,2,24,0,0,0,1,39,44139,6,1,0,0,3,0,66,185,1,0,0,0,1,1,2010,2,2010,0,51,0,0,0,2,2,60,1,1,2,1,0,0,1,9,1,1,4,6,1,1
39,390908,1,1,1,22,11,17,39,8,0,1,0,39,2,55,33,55033,4,2005,KMHWF35H95A0,K,M,H,W,F,3,5,H,9,5,A,0,0,P,HYUN,SGX,4D,5,17,3254,,0,1063,,G,,F,6,162,,,16R205,,,,,,0,0,000000000,00000000000,0,0,0,1,0,0,0,0,0,0,0,50,0,0,0,11,11,2,3,8,0,0,0,1,39,45380,6,1,0,0,3,0,65,185,0,0,0,2,0,6,2009,7,2009,0,0,0,0,0,1,2,55,1,1,2,2,0,0,1,80,8,1,2,13,0,0
39,390909,1,2,2,26,11,18,25,8,0,1,0,39,1,20,32,20032,4,1995,1Y1SK5268SZ0,1,Y,1,S,K,5,2,6,8,S,Z,0,0,P,GEO,GEP,4D,95,17,2348,,0,971,,G,,F,4,097,,,14R175,,,,,,0,0,000000000,00000000000,0,0,0,1,0,0,0,0,0,0,0,65,0,0,0,3,2,2,1,8,0,0,0,1,39,43725,6,1,0,0,3,3,63,150,0,1,0,0,0,8,2010,8,2010,0,0,0,0,0,2,2,65,1,2,2,1,0,0,1,80,1,1,1,13,0,0
39,390909,2,2,2,26,11,18,25,8,0,1,0,54,1,54,35,54035,4,2012,19UUA8F51CA0,1,9,U,U,A,8,F,5,1,C,A,0,0,P,ACUR,ATL,4D,12,17,3741,,0,1093,,G,,F,6,214,,,17R245,,,,,,0,0,000000000,00000000000,0,0,0,1,0,0,0,0,0,0,0,50,0,0,0,2,2,0,1,8,0,0,0,1,54,26101,6,1,0,0,3,3,67,165,0,0,0,0,1,7,2011,7,2011,0,0,0,0,0,2,2,65,1,2,2,1,0,0,1,80,1,1,1,98,0,0
39,390911,1,1,2,28,11,15,35,11,0,1,0,39,1,37,705,37705,80,1986,JH2RC2006GM2,J,H,2,R,C,2,0,0,6,G,M,2,0,M,HOND,B70,RS,86,17,,,,,,,700,,4,,4,474,,,,,,,0,0,000000000,00000000000,0,0,0,1,0,0,0,0,0,0,0,35,0,0,0,11,12,4,3,11,0,0,0,1,39,43977,1,1,0,0,2,0,70,165,1,2,1,0,2,2,2010,8,2011,1,83,0,0,0,1,2,55,1,2,2,2,0,0,1,12,1,1,4,13,1,0
39,390912,1,2,1,28,11,22,19,12,8,1,0,39,1,7,482,7482,31,2003,1D7HU18N83J5,1,D,7,H,U,1,8,N,8,3,J,5,0,T,DODG,SQ1,CW,3,17,,2,1605,1405,RPC,G,,,8,287,,,,B,5005,02,E,44,0,0,000000000,00000000000,0,0,0,1,0,0,0,0,0,0,0,998,0,0,0,10,98,6,2,12,0,0,0,1,39,43162,6,1,0,0,3,3,64,145,0,1,0,0,1,3,2011,4,2011,0,51,0,0,0,1,2,55,1,2,2,2,0,0,1,10,1,1,2,64,1,0
39,390912,2,2,1,28,11,22,19,12,8,1,0,18,3,84,881,84881,66,2010,3HSCUAPR6AN1,3,H,S,C,U,A,P,R,6,A,N,1,1,T,INTL,PPR,TR,10,17,,8,0,0,PRO,D,,,6,915,,,,,00000,00,,64,1,57,163988,57163988,3,6,1,1,0,0,0,0,0,0,0,54,0,0,0,10,12,6,2,12,0,0,1,1,39,43331,6,1,6,1,3,3,71,210,0,0,0,1,0,8,2011,8,2011,0,0,0,0,0,1,2,55,1,2,2,2,0,0,1,62,1,1,1,65,0,0
39,390913,1,1,1,29,11,18,3,8,0,1,0,39,1,12,17,12017,4,1996,1FALP57U8TG1,1,F,A,L,P,5,7,U,8,T,G,1,0,P,FORD,TAG,SW,96,17,3511,,0,1085,,G,,F,6,182,,,15R205,,,,,,0,0,000000000,00000000000,0,0,0,1,0,0,0,0,0,0,0,35,0,0,0,13,12,2,3,8,0,0,0,1,39,44483,6,1,0,0,3,3,66,140,0,0,0,0,0,0,0,0,0,0,0,0,0,0,1,2,45,1,1,2,1,0,0,1,80,1,1,1,13,0,0