STATE,ST_CASE,VEH_NO,VE_FORMS,NUMOCCS,DAY,MONTH,HOUR,MINUTE,HARM_EV,MAN_COLL,UNITTYPE,HIT_RUN,REG_STAT,OWNER,MAKE,MODEL,MAK_MOD,BODY_TYP,MOD_YEAR,VIN,VIN_1,VIN_2,VIN_3,VIN_4,VIN_5,VIN_6,VIN_7,VIN_8,VIN_9,VIN_10,VIN_11,VIN_12,TOW_VEH,VINTYPE,VINMAKE,VINA_MOD,VIN_BT,VINMODYR,VIN_LNGT,VIN_WGT,WGTCD_TR,WHLBS_LG,WHLBS_SH,SER_TR,FUELCODE,MCYCL_DS,CARBUR,CYLINDER,DISPLACE,MCYCL_CY,MCYCL_WT,TIRE_SZE,TON_RAT,TRK_WT,TRKWTVAR,VIN_REST,WHLDRWHL,J_KNIFE,MCARR_I1,MCARR_I2,MCARR_ID,GVWR,V_CONFIG,CARGO_BT,HAZ_INV,HAZ_PLAC,HAZ_ID,HAZ_CNO,HAZ_REL,BUS_USE,SPEC_USE,EMER_USE,TRAV_SP,UNDERIDE,ROLLOVER,ROLINLOC,IMPACT1,IMPACT2,DEFORMED,TOWED,M_HARM,VEH_SC1,VEH_SC2,FIRE_EXP,DR_PRES,L_STATE,DR_ZIP,L_STATUS,L_TYPE,CDL_STAT,L_ENDORS,L_COMPL,L_RESTRI,DR_HGT,DR_WGT,PREV_ACC,PREV_SUS,PREV_DWI,PREV_SPD,PREV_OTH,FIRST_MO,FIRST_YR,LAST_MO,LAST_YR,SPEEDREL,DR_SF1,DR_SF2,DR_SF3,DR_SF4,VTRAFWAY,VNUM_LAN,VSPD_LIM,VALIGN,VPROFILE,VPAVETYP,VSURCOND,VTRAFCON,VTCONT_F,P_CRASH1,P_CRASH2,P_CRASH3,PCRASH4,PCRASH5,ACC_TYPE,DEATHS,DR_DRINK
40,400008,1,1,1,8,1,23,23,1,0,1,0,40,1,35,472,35472,30,2003,1N6DD26T53C4,1,N,6,D,D,2,6,T,5,3,C,4,0,T,NISS,FKX,PC,3,17,,1,0,1161,FRT,G,,,4,146,,,,B,3143,00,E,42,0,0,000000000,00000000000,0,0,0,1,0,0,0,0,0,0,0,998,0,2,2,0,13,6,2,1,0,0,0,1,40,73128,6,1,0,0,3,3,71,240,0,1,0,0,0,11,2008,11,2008,1,58,0,0,0,2,2,70,1,1,1,1,0,0,1,13,7,3,4,2,1,1
40,400009,1,1,1,10,1,8,46,42,0,1,0,40,2,12,471,12471,30,2006,1FTYR14D76PA,1,F,T,Y,R,1,4,D,7,6,P,A,0,T,FORD,RNS,PC,6,17,,1,0,1260,RNG,G,,,4,140,,,,B,3179,00,U,42,0,0,000000000,00000000000,0,0,0,1,0,0,0,0,0,0,0,998,0,0,0,9,9,6,2,42,0,0,0,1,40,74403,6,1,0,0,3,0,71,185,0,0,0,0,0,0,0,0,0,1,0,0,0,0,2,2,70,1,5,1,4,0,0,1,13,1,3,4,2,1,0
40,400010,1,1,1,11,1,6,30,8,0,1,0,40,1,12,401,12401,14,1998,1FMPU18L2WLC,1,F,M,P,U,1,8,L,2,W,L,C,0,P,FORD,EPT,UT,98,17,5177,,0,1190,,G,,F,8,330,,,16R255,,,,,,0,0,000000000,00000000000,0,0,0,1,0,0,0,0,0,0,0,998,0,0,0,1,1,4,1,8,0,0,0,1,40,74930,6,1,0,0,3,0,65,180,0,0,0,0,0,0,0,0,0,0,0,0,0,0,1,4,65,1,1,2,1,0,0,1,80,1,1,1,13,0,0
40,400011,1,1,1,12,1,6,40,42,0,1,0,40,2,12,481,12481,31,2004,1FTPX14524NB,1,F,T,P,X,1,4,5,2,4,N,B,0,T,FORD,F15,4C,4,17,,2,1450,1260,COF,G,,,8,330,,,,B,5480,00,U,44,0,0,000000000,00000000000,0,0,0,1,0,0,0,0,0,0,0,998,0,1,5,12,99,6,2,2,0,0,1,1,40,73663,6,1,0,0,3,3,77,190,0,0,0,1,5,10,2008,9,2010,0,0,0,0,0,1,2,65,1,5,2,1,0,0,1,12,1,1,4,6,1,0
40,400012,1,1,1,13,1,20,49,42,0,1,0,40,1,49,40,49040,6,1992,4T1VK12W4NU0,4,T,1,V,K,1,2,W,4,N,U,0,0,P,TOYT,CLE,SW,92,17,3219,,0,1031,,G,,F,6,181,,,000000,,,,,,0,0,000000000,00000000000,0,0,0,1,0,0,0,0,0,0,0,998,0,0,0,12,12,6,2,42,0,0,0,1,40,74361,6,1,0,0,3,3,65,180,0,0,0,1,2,1,2008,2,2009,1,0,0,0,0,1,2,35,1,1,2,1,0,0,1,13,1,1,4,1,1,0
40,400013,1,1,1,17,1,14,31,38,0,1,0,40,1,49,481,49481,31,1995,JT4VD22F9S00,J,T,4,V,D,2,2,F,9,S,0,0,0,T,TOYT,TX5,PC,95,17,,1,0,1218,T10,G,,,6,206,,,,B,4110,00,M,44,0,0,000000000,00000000000,0,0,0,1,0,0,0,0,0,0,0,998,0,0,0,12,9,6,2,42,0,0,0,1,40,73006,1,1,0,0,2,3,70,170,0,1,1,0,2,4,2008,11,2008,0,58,0,0,0,1,2,65,1,1,2,1,0,0,1,13,9,3,4,2,1,1
40,400014,1,1,1,9,1,19,36,38,0,1,0,40,1,58,421,58421,15,2007,5N3AA08C67N8,5,N,3,A,A,0,8,C,6,7,N,8,0,P,INFI,QX5,UT,7,17,5761,,0,1232,,G,,F,8,339,,,18R265,,,,,,0,0,000000000,00000000000,0,0,0,1,0,0,0,0,0,0,0,998,0,0,0,12,12,6,2,35,0,0,0,1,40,74066,6,1,0,0,3,3,63,120,0,0,0,0,0,0,0,0,0,1,0,0,0,0,1,2,50,1,6,2,4,0,0,1,6,1,4,4,7,1,1
40,400015,1,1,1,7,1,6,8,8,0,1,0,40,1,87,881,87881,66,2005,1XP5DB9XX5D8,1,X,P,5,D,B,9,X,X,5,D,8,1,T,PTRB,379,TR,5,17,,8,0,0,CON,D,,,6,893,,,,,00000,00,,64,1,57,1567353,571567353,3,6,1,1,0,0,0,0,0,0,0,998,0,0,0,12,12,4,3,8,0,0,0,1,40,73065,6,1,6,0,3,0,71,175,0,0,0,0,1,7,2010,7,2010,0,0,0,0,0,2,2,70,1,1,2,1,0,0,1,80,1,1,1,13,0,0
40,400016,1,1,2,15,1,2,21,34,0,1,0,40,2,52,34,52034,4,2005,4A3AB36F25E0,4,A,3,A,B,3,6,F,2,5,E,0,0,P,MITS,ELM,4D,5,17,3351,,0,1083,,G,,F,4,146,,,16R215,,,,,,0,0,000000000,00000000000,0,0,0,1,0,0,0,0,0,0,0,998,0,1,1,3,13,6,2,1,0,0,0,1,40,73114,0,0,0,0,0,0,71,158,0,0,0,0,0,0,0,0,0,0,28,0,0,0,3,2,70,1,1,2,1,0,0,1,12,1,2,4,7,1,1
40,400017,1,1,1,22,1,14,0,1,0,1,0,40,1,12,481,12481,31,1997,1FTFX28L4VKC,1,F,T,F,X,2,8,L,4,V,K,C,0,T,FORD,F25,3C,97,17,,2,0,1390,COF,G,,,8,330,,,,C,4770,00,E,44,0,0,000000000,00000000000,0,0,0,1,0,0,0,0,0,0,0,998,0,2,5,0,13,6,2,1,0,0,0,1,40,73742,6,1,0,0,3,3,71,186,0,0,0,0,0,0,0,0,0,0,0,0,0,0,1,2,65,1,1,2,1,0,0,1,12,1,4,4,7,1,0
40,400018,1,2,1,21,1,11,30,12,2,1,0,40,2,12,481,12481,31,2002,1FTRX17262NA,1,F,T,R,X,1,7,2,6,2,N,A,0,T,FORD,F15,4C,2,17,,2,1571,1385,COF,G,,,6,256,,,,B,4224,06,U,42,0,0,000000000,00000000000,0,0,0,1,0,0,0,0,0,0,0,998,0,0,0,12,12,6,2,12,0,0,0,1,40,74729,6,1,0,0,3,0,67,135,0,0,0,0,2,6,2008,6,2008,0,0,0,0,0,1,2,55,2,6,2,1,28,3,99,12,8,1,4,52,1,0
40,400018,2,2,1,21,1,11,30,12,2,1,0,40,2,12,481,12481,31,2004,1FTPX02544KB,1,F,T,P,X,0,2,5,4,4,K,B,0,T,FORD,F15,4C,4,17,,2,1450,1260,COF,G,,,8,330,,,,B,5180,00,U,42,0,0,000000000,00000000000,0,0,0,1,0,0,0,0,0,0,0,998,0,0,0,12,12,6,2,12,0,0,0,1,40,74702,6,1,0,0,3,3,66,190,0,0,0,0,0,0,0,0,0,0,0,0,0,0,1,2,55,3,4,2,1,28,3,14,62,7,1,4,52,0,0
40,400019,1,1,1,16,1,23,38,42,0,1,0,40,1,18,20,18020,4,2000,2G4WF551XY12,2,G,4,W,F,5,5,1,X,Y,1,2,0,P,BUIC,R/G,4D,0,17,3543,,0,1090,,G,,Z,6,231,,,16R225,,,,,,0,0,000000000,00000000000,0,0,0,1,0,0,0,0,0,0,0,998,0,0,0,9,9,6,2,42,0,0,1,1,40,73099,6,1,0,0,3,0,68,140,0,0,0,1,0,1,2011,1,2011,1,0,0,0,0,1,2,30,3,1,2,1,0,0,14,13,7,3,4,2,1,1
40,400020,1,2,1,18,1,14,1,12,6,1,0,40,1,12,481,12481,31,1995,1FTHX25HXSKA,1,F,T,H,X,2,5,H,X,S,K,A,0,T,FORD,F25,PC,95,17,,2,0,1550,COF,G,,,8,351,,,,C,00000,00,A,42,0,0,000000000,00000000000,0,0,0,1,0,0,0,0,0,0,0,998,0,0,0,1,1,6,2,12,0,0,0,1,40,74361,6,1,0,0,3,0,77,240,0,0,0,0,1,3,2008,3,2008,0,0,0,0,0,1,2,55,1,5,2,1,28,3,1,10,3,1,6,64,0,1
40,400020,2,2,1,18,1,14,1,12,6,1,0,40,1,20,461,20461,21,1993,1GCEG25H0PF3,1,G,C,E,G,2,5,H,0,P,F,3,0,T,CHEV,G20,CG,93,17,,2,1250,1100,VAN,G,,,8,305,,,,C,3838,02,,42,0,0,000000000,00000000000,0,0,0,1,0,0,0,0,0,0,0,998,0,1,5,11,11,6,2,12,0,0,0,1,53,74342,6,1,6,0,3,0,70,220,0,0,0,0,0,0,0,0,0,0,0,0,0,0,1,2,55,1,6,2,1,28,3,1,62,1,1,1,65,1,0
40,400021,1,2,1,19,1,0,37,12,1,1,0,40,3,84,881,84881,66,2009,2HSCUSJRX9C1,2,H,S,C,U,S,J,R,X,9,C,1,1,T,INTL,PPR,TR,9,17,,8,0,0,PRO,D,,,6,793,,,,,00000,00,,64,1,57,116971,57116971,3,6,2,1,0,0,0,0,0,0,0,998,0,0,0,12,12,6,2,12,0,0,0,1,40,73018,6,1,6,1,3,0,72,238,1,0,0,0,1,4,2008,5,2008,1,0,0,0,0,3,2,70,1,1,2,1,0,0,1,50,1,1,1,20,0,0
40,400021,2,2,1,19,1,0,37,12,1,1,0,40,1,14,6,14006,4,2000,2MEFM74WXYX6,2,M,E,F,M,7,4,W,X,Y,X,6,0,P,MERC,GMG,4D,0,17,3958,,0,1147,,G,,F,8,281,,,16R225,,,,,,0,0,000000000,00000000000,0,0,0,1,0,0,0,0,0,0,0,0,0,0,0,6,6,6,2,12,0,0,0,1,40,73111,6,1,0,0,3,0,72,181,0,0,0,0,0,0,0,0,0,0,54,0,0,0,3,2,70,1,1,2,1,0,0,5,53,1,1,1,21,1,0
40,400022,1,1,5,24,1,7,5,52,0,1,0,40,1,20,481,20481,31,2002,2GCEC19V8211,2,G,C,E,C,1,9,V,8,2,1,1,0,T,CHEV,SC1,4C,2,17,,2,1575,1435,SIL,G,,,8,293,,,,B,4534,03,,42,0,0,000000000,00000000000,0,0,0,1,0,0,0,0,0,0,0,998,0,0,0,12,2,6,2,24,0,0,0,1,40,73107,0,0,0,0,0,0,999,999,99,99,99,99,99,99,9999,99,9999,0,58,0,0,0,1,2,65,1,6,2,1,0,0,1,13,6,1,4,1,1,0
40,400023,1,1,1,20,1,8,19,34,0,1,0,29,1,20,421,20421,15,2003,1GNEC13Z93R2,1,G,N,E,C,1,3,Z,9,3,R,2,0,P,CHEV,CTA,UT,3,17,4828,,0,1160,,F,,F,8,325,,,16R265,,,,,,0,0,000000000,00000000000,0,0,0,1,0,0,0,0,0,0,0,998,0,1,5,10,13,4,3,1,0,0,0,1,29,64850,6,1,5,0,3,0,70,170,1,1,1,1,5,6,2008,12,2010,1,89,0,0,0,1,2,65,1,6,2,4,0,0,6,6,1,4,4,2,1,0
40,400024,1,1,1,20,1,8,22,1,0,1,0,40,1,12,471,12471,30,2008,1FTYR10D58PB,1,F,T,Y,R,1,0,D,5,8,P,B,0,T,FORD,RNG,PK,8,17,,1,1180,1120,RNG,G,,,4,140,,,,B,3028,00,4,42,0,0,000000000,00000000000,0,0,0,1,0,0,0,0,0,0,0,998,0,2,5,0,13,6,2,1,0,0,0,1,40,73446,6,1,6,0,3,0,68,185,0,0,0,1,0,12,2008,12,2008,1,0,0,0,0,1,2,65,1,5,2,4,28,3,1,6,1,4,4,7,1,0
40,400025,1,1,2,25,1,13,22,14,0,1,0,40,1,20,471,20471,30,1993,1GCCS14R7P01,1,G,C,C,S,1,4,R,7,P,0,1,0,T,CHEV,S14,PK,93,17,,1,1179,1083,S,G,,,6,173,,,,B,2633,02,,42,0,0,000000000,00000000000,0,0,0,1,0,0,0,0,0,0,0,998,0,0,0,12,12,6,2,14,0,0,0,1,40,74538,6,1,0,0,3,3,64,134,0,0,0,0,0,0,0,0,0,0,91,0,0,0,1,4,65,1,1,2,1,28,3,99,12,6,1,4,11,1,0
40,400026,1,1,1,27,1,18,20,15,0,1,0,40,1,20,481,20481,31,2006,1GBHC24D36E2,1,G,B,H,C,2,4,D,3,6,E,2,0,T,CHEV,2CH,PK,6,17,,2,0,1330,SIL,D,,,8,403,,,,C,5142,00,,42,0,0,000000000,00000000000,0,0,0,1,0,0,0,0,0,0,0,998,0,0,0,12,12,0,1,15,0,0,0,1,40,74601,6,1,6,0,3,3,69,300,0,0,0,0,0,0,0,0,0,0,0,0,0,0,1,2,45,1,6,2,1,28,3,1,83,3,1,1,13,0,0
40,400027,1,1,1,11,1,13,20,1,0,1,0,40,1,20,471,20471,30,1988,1GCCS19ZXJ82,1,G,C,C,S,1,9,Z,X,J,8,2,0,T,CHEV,S14,PC,88,17,,1,0,1229,S,G,,,6,262,,,,B,2710,01,,42,0,0,000000000,00000000000,0,0,0,1,0,0,0,0,0,0,0,998,0,2,5,0,13,6,2,1,0,0,0,1,40,73701,6,1,0,0,3,0,73,200,0,0,0,0,1,3,2008,3,2008,1,0,0,0,0,1,2,55,1,1,2,4,0,0,1,6,1,4,4,2,1,0
40,400028,1,1,4,21,1,22,3,1,0,1,0,40,2,20,421,20421,15,1999,1GNCS13W2X21,1,G,N,C,S,1,3,W,2,X,2,1,0,P,CHEV,BZR,UT,99,17,3692,,0,1070,,G,,F,6,262,,,15R205,,,,,,0,0,000000000,00000000000,0,0,0,1,0,0,0,0,0,0,0,998,0,2,5,0,13,6,2,1,0,0,0,1,40,73554,0,0,0,0,0,0,68,175,0,0,0,0,1,11,2008,11,2008,0,58,0,0,0,1,2,65,1,1,4,1,0,0,1,12,1,2,4,7,1,1
40,400029,1,1,3,23,1,1,28,34,0,1,0,40,1,55,37,55037,2,2001,KMHJG25F11U2,K,M,H,J,G,2,5,F,1,1,U,2,0,P,HYUN,TIB,CP,1,17,2633,,0,974,,G,,F,4,121,,,15R195,,,,,,0,0,000000000,00000000000,0,0,0,1,0,0,0,0,0,0,0,998,0,1,5,14,13,6,2,42,0,0,0,1,40,74056,6,1,0,0,3,0,69,118,0,0,0,0,1,6,2008,6,2008,0,0,0,0,0,1,2,30,2,5,2,1,0,0,14,13,1,1,4,1,1,1
40,400030,1,1,3,27,1,15,28,42,0,1,0,40,1,20,9,20009,2,1994,2G1FP22P6R21,2,G,1,F,P,2,2,P,6,R,2,1,0,P,CHEV,Z28,CP,94,17,3424,,0,1011,,G,,F,8,350,,,16R235,,,,,,0,0,000000000,00000000000,0,0,0,1,0,0,0,0,0,0,0,998,0,0,0,9,9,6,2,42,0,0,0,1,40,73018,6,2,0,0,3,3,75,185,1,0,0,0,3,4,2010,1,2011,1,58,0,0,0,1,2,55,1,1,2,1,0,0,1,13,7,3,4,2,2,0
40,400031,1,1,1,29,1,18,55,1,0,1,0,40,1,35,472,35472,30,2007,1N6AD07UX7C4,1,N,6,A,D,0,7,U,X,7,C,4,0,T,NISS,CEO,CW,7,17,,1,0,1259,FRT,G,,,6,244,,,,,5690,00,K,42,0,0,000000000,00000000000,0,0,0,1,0,0,0,0,0,0,0,998,0,2,5,0,13,6,2,1,0,0,0,1,40,73701,6,1,0,0,3,3,71,215,0,0,0,0,1,6,2008,6,2008,0,58,0,0,0,1,2,65,1,1,2,1,0,0,1,13,7,4,4,2,1,0
40,400032,1,1,3,31,1,20,15,1,0,1,0,40,2,22,18,22018,4,2001,1G2NF52T91M5,1,G,2,N,F,5,2,T,9,1,M,5,0,P,PONT,SE1,4D,1,17,3116,,0,1070,,G,,F,4,146,,,15R215,,,,,,0,0,000000000,00000000000,0,0,0,1,0,0,0,0,0,0,0,998,0,1,5,0,13,6,2,1,0,0,0,1,40,73029,6,1,0,0,3,0,73,197,0,0,0,0,1,12,2008,12,2008,1,0,0,0,0,1,2,45,2,1,4,1,0,0,14,12,1,2,4,7,1,1
40,400033,1,1,3,6,2,6,7,42,0,1,0,40,1,6,54,6054,6,2004,2C8GM68434R2,2,C,8,G,M,6,8,4,3,4,R,2,0,P,CHRY,PIF,UT,4,17,4334,,0,1163,,G,,F,6,214,,,17R235,,,,,,0,0,000000000,00000000000,0,0,0,1,0,0,0,0,0,0,0,998,0,1,6,5,8,6,2,42,0,0,0,1,40,74963,1,1,0,0,1,0,74,165,0,1,0,0,2,4,2010,6,2010,0,0,0,0,0,1,2,65,1,1,2,2,28,3,1,13,1,1,4,1,1,0
40,400034,1,2,1,8,1,13,12,12,1,1,0,40,1,34,34,34034,4,2003,WBAET37463NJ,W,B,A,E,T,3,7,4,6,3,N,J,0,P,BMW,325,4D,3,17,3219,,0,1073,,G,,F,6,152,,,16R205,,,,,,0,0,000000000,00000000000,0,0,0,1,0,0,0,0,0,0,0,998,0,0,0,6,6,6,2,12,0,0,0,1,40,74432,6,1,0,0,3,0,67,120,0,0,0,0,1,3,2009,3,2009,0,0,0,0,0,1,2,35,1,1,2,1,0,0,1,53,1,1,1,25,0,0
40,400034,2,2,2,8,1,13,12,12,1,1,0,92,0,20,421,20421,15,1983,1G8CS18B6D81,1,G,8,C,S,1,8,B,6,D,8,1,0,P,CHEV,S10,UT,83,17,2752,,0,1005,,G,,2,6,173,,,000000,,,,,,0,0,000000000,00000000000,0,0,0,1,0,0,0,0,0,0,0,998,0,1,5,12,12,6,2,1,0,0,0,1,40,74432,0,0,0,0,0,0,999,999,99,99,99,99,99,99,9999,99,9999,0,39,0,0,0,1,2,35,1,1,2,1,20,3,1,51,1,1,1,24,1,1
40,400035,1,1,3,30,1,16,55,1,0,1,0,40,2,20,22,20022,4,2006,1G1AL55F4676,1,G,1,A,L,5,5,F,4,6,7,6,0,P,CHEV,BLT,4D,6,17,3216,,0,1033,,G,,F,4,134,,,15R195,,,,,,0,0,000000000,00000000000,0,0,0,1,0,0,0,0,0,0,0,998,0,2,1,0,13,6,2,1,0,0,0,1,40,73750,0,0,0,0,0,0,999,999,0,0,0,0,0,0,0,0,0,1,58,0,0,0,1,2,55,1,1,5,1,0,0,1,12,7,2,6,98,1,0
40,400036,1,2,1,30,1,3,11,12,2,1,0,40,1,12,481,12481,31,1999,1FTZX0728XKB,1,F,T,Z,X,0,7,2,8,X,K,B,0,T,FORD,F15,4C,99,17,,1,0,1385,COF,G,,,6,256,,,,B,00000,00,U,42,0,0,000000000,00000000000,0,0,0,1,0,0,0,0,0,0,0,998,0,0,0,12,12,6,2,12,0,0,0,1,40,73042,1,1,0,0,2,0,70,250,0,1,0,0,1,3,2010,3,2010,0,51,91,0,0,1,2,55,1,3,2,1,28,3,1,54,1,1,2,52,0,1
40,400036,2,2,1,30,1,3,11,12,2,1,0,40,2,7,20,7020,4,2001,1B3ES46C21D1,1,B,3,E,S,4,6,C,2,1,D,1,0,P,DODG,NSS,4D,1,17,2585,,0,1050,,G,,F,4,122,,,14R185,,,,,,0,0,000000000,00000000000,0,0,0,1,0,0,0,0,0,0,0,998,0,0,0,12,12,6,2,12,0,0,0,1,40,73055,6,1,0,0,3,3,69,190,0,0,0,0,0,0,0,0,0,0,0,0,0,0,1,2,55,1,3,2,1,28,3,1,54,7,1,1,52,1,0
40,400037,1,1,1,7,2,21,40,8,0,1,0,40,2,37,402,37402,14,1999,JHLRD1762XC0,J,H,L,R,D,1,7,6,2,X,C,0,0,P,HOND,CRV,UT,99,17,3219,,0,1032,,G,,F,4,120,,,15R205,,,,,,0,0,000000000,00000000000,0,0,0,1,0,0,0,0,0,0,0,998,0,0,0,11,11,4,3,8,0,0,0,1,40,74107,6,1,0,0,3,3,74,140,0,0,0,1,0,9,2008,9,2008,0,0,0,0,0,2,2,40,1,6,2,2,2,3,1,80,1,1,1,13,0,0
40,400038,1,2,1,15,1,14,35,12,6,1,0,40,1,35,402,35402,14,2008,5N1AN08U18C5,5,N,1,A,N,0,8,U,1,8,C,5,0,P,NISS,XTR,UT,8,17,4150,,0,1063,,G,,F,6,244,,,16R265,,,,,,0,0,000000000,00000000000,0,0,0,1,0,0,0,0,0,0,0,97,0,0,0,12,12,6,2,12,0,0,0,1,40,74012,6,1,0,0,3,0,64,140,0,0,0,0,0,0,0,0,0,1,39,0,0,0,1,4,45,1,6,1,1,3,3,1,17,1,1,1,83,1,0
40,400038,2,2,1,15,1,14,35,12,6,1,0,40,1,12,481,12481,31,2008,1FTSW21R68ED,1,F,T,S,W,2,1,R,6,8,E,D,0,T,FORD,F2S,CW,8,17,,2,1720,1560,SRW,D,,,8,390,,,,C,6523,01,E,44,0,0,000000000,00000000000,0,0,0,1,0,0,0,0,0,0,0,998,0,0,0,11,11,6,2,12,0,0,0,1,40,74105,6,1,0,0,3,0,74,148,0,0,0,1,2,5,2008,1,2011,0,0,0,0,0,1,4,40,1,1,1,1,3,3,11,66,1,1,1,82,0,0
40,400039,1,1,1,18,1,1,4,42,0,1,0,40,2,22,18,22018,4,1999,1G2NE52T9XM7,1,G,2,N,E,5,2,T,9,X,M,7,0,P,PONT,GAS,4D,99,17,3102,,0,1071,,G,,F,4,146,,,15R215,,,,,,0,0,000000000,00000000000,0,0,0,1,0,0,0,0,0,0,0,998,0,1,5,10,13,6,2,14,0,0,0,1,40,74115,0,0,0,0,0,0,67,145,0,0,0,0,1,7,2009,7,2009,1,0,0,0,0,1,2,25,1,6,2,2,0,0,1,6,1,2,4,2,1,0
40,400040,1,1,2,15,1,22,5,30,0,1,0,40,2,20,16,20016,4,1995,1G1JC5242S71,1,G,1,J,C,5,2,4,2,S,7,1,0,P,CHEV,CAV,4D,95,17,2676,,0,1041,,G,,F,4,133,,,14R195,,,,,,0,0,000000000,00000000000,0,0,0,1,0,0,0,0,0,0,0,998,0,1,5,12,13,6,2,42,0,0,0,1,40,74128,0,0,0,0,0,0,59,180,0,0,0,0,0,0,0,0,0,1,0,0,0,0,1,2,35,1,1,2,1,28,3,1,13,1,1,4,1,1,0
40,400041,1,1,1,20,1,3,15,1,0,1,0,40,3,84,881,84881,66,2001,1HTSHADT11H3,1,H,T,S,H,A,D,T,1,1,H,3,1,T,INTL,490,CC,1,17,,8,2540,1520,40S,D,,,6,530,,,,,00000,00,,64,1,57,1241585,571241585,3,6,2,1,0,0,0,0,0,0,0,998,0,2,5,0,13,6,2,1,0,0,0,1,40,73644,6,1,6,1,3,0,76,220,0,1,0,0,3,4,2008,10,2008,1,0,0,0,0,1,2,65,1,6,2,4,0,0,1,6,1,3,4,2,1,0
40,400042,1,2,1,27,1,22,4,12,2,1,0,40,1,7,21,7021,6,2007,2D4FV47T87H6,2,D,4,F,V,4,7,T,8,7,H,6,0,P,DODG,MGN,UT,7,17,3758,,0,1200,,G,,F,6,165,,,17R215,,,,,,0,0,000000000,00000000000,0,0,0,1,0,0,0,0,0,0,0,998,0,0,0,12,12,6,2,12,0,0,0,1,40,74134,6,1,0,0,3,0,61,130,0,1,0,1,1,11,2008,3,2010,0,51,0,0,0,3,2,75,1,1,1,1,0,0,1,54,1,1,1,52,1,1
40,400042,2,2,1,27,1,22,4,12,2,1,0,40,2,2,404,2404,14,2004,1J4GX48S54C1,1,J,4,G,X,4,8,S,5,4,C,1,0,T,JEEP,LCF,4W,4,17,,1,0,1059,GCK,G,,,6,244,,,,,3683,02,E,42,0,0,000000000,00000000000,0,0,0,1,0,0,0,0,0,0,0,998,0,0,0,12,12,6,2,12,0,0,0,1,40,73069,6,1,0,0,3,0,65,115,0,0,0,1,2,5,2008,8,2010,0,0,0,0,0,3,2,75,1,1,1,1,0,0,1,54,1,1,1,52,1,0
40,400043,1,3,1,31,1,12,0,12,6,1,0,40,2,12,37,12037,4,2011,1FAHP3GN3BW1,1,F,A,H,P,3,G,N,3,B,W,1,0,P,FORD,FOS,4D,11,17,2623,,0,1029,,G,,F,4,122,,,17R215,,,,,,0,0,000000000,00000000000,0,0,0,1,0,0,0,0,0,0,0,998,0,0,0,9,9,6,2,12,0,0,0,1,40,74730,6,1,0,0,3,0,999,119,1,0,0,0,2,8,2008,7,2010,0,38,0,0,0,1,2,30,1,1,2,1,20,3,4,17,1,1,1,89,1,0
40,400043,2,3,1,31,1,12,0,12,6,1,0,48,1,52,46,52046,4,2009,JA3AU86W19U0,J,A,3,A,U,8,6,W,1,9,U,0,0,P,MITS,LGT,4D,9,17,3043,,0,1037,,G,,F,4,145,,,18R215,,,,,,0,0,000000000,00000000000,0,0,0,1,0,0,0,0,0,0,0,998,0,0,0,3,3,2,1,12,0,0,0,1,48,75092,6,1,0,0,3,0,999,999,0,0,0,0,0,0,0,0,0,0,0,0,0,0,2,2,70,3,3,2,1,0,0,14,66,4,1,1,98,0,0
40,400043,3,3,1,31,1,12,0,12,6,1,0,48,1,87,881,87881,66,2000,1XP5DB9X7YN4,1,X,P,5,D,B,9,X,7,Y,N,4,1,T,PTRB,379,TR,0,17,,8,0,0,CON,D,,,6,893,,,,,00000,00,,64,1,57,01169114,5701169114,3,6,1,1,0,0,0,0,0,0,0,998,0,0,0,12,12,6,2,12,0,0,0,1,48,77433,6,1,6,0,3,0,999,999,0,0,0,0,0,0,0,0,0,0,0,0,0,0,2,2,70,3,3,2,1,0,0,14,66,1,1,1,88,0,0
40,400044,1,1,1,13,2,0,45,26,0,1,0,40,1,54,36,54036,4,2002,JH4KA96562C0,J,H,4,K,A,9,6,5,6,2,C,0,0,P,ACUR,35R,4D,2,17,3898,,0,1146,,G,,F,6,212,,,16R225,,,,,,0,0,000000000,00000000000,0,0,0,1,0,0,0,0,0,0,0,998,0,1,6,12,12,6,2,10,0,0,1,1,40,74134,2,1,0,0,2,0,67,180,0,1,1,0,1,8,2008,9,2009,0,39,0,0,0,1,2,45,1,3,2,1,65,3,1,90,1,1,1,12,1,1
40,400045,1,2,2,17,2,13,0,12,1,1,0,17,3,82,881,82881,66,2003,1FUJA6CG03LK,1,F,U,J,A,6,C,G,0,3,L,K,1,T,FRHT,COL,TR,3,17,,8,0,0,CON,D,,,6,774,,,,,00000,00,,64,1,57,1183746,571183746,3,6,1,1,0,0,0,0,0,0,0,998,0,0,0,6,6,2,1,12,0,0,0,1,44,2920,6,1,6,0,3,9,68,187,0,0,0,2,1,4,2009,4,2009,0,0,0,0,0,3,2,75,1,5,2,1,0,0,1,53,1,1,1,25,0,0