STATE,ST_CASE,VEH_NO,VE_FORMS,NUMOCCS,DAY,MONTH,HOUR,MINUTE,HARM_EV,MAN_COLL,UNITTYPE,HIT_RUN,REG_STAT,OWNER,MAKE,MODEL,MAK_MOD,BODY_TYP,MOD_YEAR,VIN,VIN_1,VIN_2,VIN_3,VIN_4,VIN_5,VIN_6,VIN_7,VIN_8,VIN_9,VIN_10,VIN_11,VIN_12,TOW_VEH,VINTYPE,VINMAKE,VINA_MOD,VIN_BT,VINMODYR,VIN_LNGT,VIN_WGT,WGTCD_TR,WHLBS_LG,WHLBS_SH,SER_TR,FUELCODE,MCYCL_DS,CARBUR,CYLINDER,DISPLACE,MCYCL_CY,MCYCL_WT,TIRE_SZE,TON_RAT,TRK_WT,TRKWTVAR,VIN_REST,WHLDRWHL,J_KNIFE,MCARR_I1,MCARR_I2,MCARR_ID,GVWR,V_CONFIG,CARGO_BT,HAZ_INV,HAZ_PLAC,HAZ_ID,HAZ_CNO,HAZ_REL,BUS_USE,SPEC_USE,EMER_USE,TRAV_SP,UNDERIDE,ROLLOVER,ROLINLOC,IMPACT1,IMPACT2,DEFORMED,TOWED,M_HARM,VEH_SC1,VEH_SC2,FIRE_EXP,DR_PRES,L_STATE,DR_ZIP,L_STATUS,L_TYPE,CDL_STAT,L_ENDORS,L_COMPL,L_RESTRI,DR_HGT,DR_WGT,PREV_ACC,PREV_SUS,PREV_DWI,PREV_SPD,PREV_OTH,FIRST_MO,FIRST_YR,LAST_MO,LAST_YR,SPEEDREL,DR_SF1,DR_SF2,DR_SF3,DR_SF4,VTRAFWAY,VNUM_LAN,VSPD_LIM,VALIGN,VPROFILE,VPAVETYP,VSURCOND,VTRAFCON,VTCONT_F,P_CRASH1,P_CRASH2,P_CRASH3,PCRASH4,PCRASH5,ACC_TYPE,DEATHS,DR_DRINK
40,400045,2,2,1,17,2,13,0,12,1,1,0,48,3,23,883,23883,61,2001,J8DC4B144170,J,8,D,C,4,B,1,4,4,1,7,0,0,T,GMC,W45,TB,1,17,,4,0,0,4/5,D,,,4,290,,,,,00000,00,,42,0,88,888888888,88888888888,2,2,1,1,0,0,0,0,0,0,0,998,0,0,0,12,12,6,2,12,0,0,0,1,48,76118,6,1,6,0,3,0,999,999,0,2,0,1,0,11,2009,12,2010,0,0,0,0,0,3,2,75,1,5,2,1,0,0,1,51,1,1,1,24,1,0
40,400046,1,2,1,18,2,19,1,12,6,1,0,40,1,24,1,24001,4,2002,1G8ZF52882Z2,1,G,8,Z,F,5,2,8,8,2,Z,2,0,P,STRN,SSL,4D,2,17,2351,,0,1024,,G,,F,4,116,,,14R185,,,,,,0,0,000000000,00000000000,0,0,0,1,0,0,0,0,0,0,0,998,0,0,0,2,3,6,2,12,0,0,0,1,40,74019,6,1,0,0,3,3,72,135,0,0,0,0,0,0,0,0,0,0,38,0,0,0,1,2,65,1,3,1,1,0,0,11,15,1,1,1,68,1,0
40,400046,2,2,7,18,2,19,1,12,6,1,0,40,1,14,444,14444,20,2005,2MRDA23295BJ,2,M,R,D,A,2,3,2,9,5,B,J,0,P,MERC,MNT,SV,5,17,4574,,0,1208,,G,,F,6,256,,,000000,,,,,,0,0,000000000,00000000000,0,0,0,1,0,0,0,0,0,0,0,63,0,0,0,12,12,6,2,12,0,0,0,1,40,74361,6,1,0,0,3,3,66,200,0,0,0,0,0,0,0,0,0,0,0,0,0,0,2,2,65,1,5,1,1,0,0,1,62,1,1,1,69,0,0
40,400047,1,2,2,26,1,19,41,12,6,1,0,40,1,20,403,20403,14,2007,1GNDS13S0723,1,G,N,D,S,1,3,S,0,7,2,3,0,P,CHEV,TRL,UT,7,17,4356,,0,1130,,G,,F,6,256,,,17R245,,,,,,0,0,000000000,00000000000,0,0,0,1,0,0,0,0,0,0,0,998,0,1,5,9,9,6,2,12,0,0,1,1,40,74801,6,1,0,0,3,0,64,150,0,0,0,1,1,7,2009,10,2009,0,39,0,0,0,1,2,45,1,5,2,1,20,3,99,17,1,1,1,89,1,1
40,400047,2,2,1,26,1,19,41,12,6,1,0,40,1,23,481,23481,31,1998,1GTEC14W0WZ5,1,G,T,E,C,1,4,W,0,W,Z,5,0,T,GMC,SC1,PK,98,17,,2,1315,1175,SIE,G,,,6,262,,,,B,3869,02,U,42,0,0,000000000,00000000000,0,0,0,1,0,0,0,0,0,0,0,998,0,0,0,12,12,6,2,12,0,0,0,1,40,74801,6,1,0,0,3,0,71,205,0,0,0,0,0,0,0,0,0,0,0,0,0,0,1,2,45,1,6,2,1,0,0,1,66,1,1,1,88,0,0
40,400048,1,1,1,18,2,0,56,42,0,1,0,40,2,2,404,2404,14,2003,1J4GX58J73C5,1,J,4,G,X,5,8,J,7,3,C,5,0,T,JEEP,LMT,4W,3,17,,1,0,1059,GCK,G,,,8,287,,,,,3786,01,E,42,0,0,000000000,00000000000,0,0,0,1,0,0,0,0,0,0,0,998,0,0,0,12,11,6,2,42,0,0,0,1,40,74754,6,1,0,0,3,0,66,125,0,1,0,1,0,9,2010,10,2010,0,0,0,0,0,1,2,45,1,5,2,1,28,3,1,13,1,1,4,1,1,1
40,400049,1,1,3,17,2,19,26,53,0,1,0,40,2,20,421,20421,15,1999,1GNDT13W8X21,1,G,N,D,T,1,3,W,8,X,2,1,0,P,CHEV,BZR,UT,99,17,4023,,0,1070,,G,,F,6,262,,,15R205,,,,,,0,0,000000000,00000000000,0,0,0,1,0,0,0,0,0,0,0,998,0,2,1,3,13,6,2,1,0,0,0,1,40,74447,6,1,0,0,3,0,72,190,0,0,0,0,0,0,0,0,0,1,58,0,0,0,1,2,45,2,1,2,1,0,0,14,12,1,1,4,6,1,1
40,400050,1,1,1,23,2,16,10,32,0,1,0,40,2,12,481,12481,31,1998,1FTDX1726WKA,1,F,T,D,X,1,7,2,6,W,K,A,0,T,FORD,F15,3C,98,17,,1,1570,1390,COF,G,,,6,256,,,,B,4067,02,E,42,0,0,000000000,00000000000,0,0,0,1,0,0,0,0,0,0,0,998,0,1,5,12,13,6,2,1,0,0,0,1,40,74036,2,1,0,0,2,0,68,148,0,0,1,0,0,2,2011,2,2011,1,58,0,0,0,1,2,45,1,5,2,1,28,3,1,12,8,1,4,6,1,1
40,400051,1,1,1,28,1,9,21,5,0,1,0,40,1,7,880,7880,67,2001,1B7MF336X1J5,1,B,7,M,F,3,3,6,X,1,J,5,1,T,DODG,Q35,4C,1,17,,3,0,1547,RPC,D,,,6,359,,,,D,6108,00,U,44,2,88,888888888,88888888888,2,4,3,1,0,0,0,0,0,0,0,998,0,0,0,0,0,0,1,5,0,0,0,1,40,73753,6,1,0,0,3,0,69,170,0,0,0,0,0,0,0,0,0,0,58,88,0,0,1,2,45,3,1,5,11,0,0,14,98,7,2,6,0,1,0
40,400052,1,1,1,16,2,21,0,38,0,1,0,40,1,20,481,20481,31,2007,1GCHK23D57F1,1,G,C,H,K,2,3,D,5,7,F,1,0,T,CHEV,2KH,CW,7,17,,2,1670,1530,SIL,D,,,8,403,,,,C,5883,02,,44,0,0,000000000,00000000000,0,0,0,1,0,0,0,0,0,0,0,998,0,1,5,9,13,6,2,1,0,0,0,1,40,73030,2,1,0,0,2,0,69,205,0,2,2,0,1,4,2008,3,2010,1,0,0,0,0,1,2,65,3,5,2,1,28,3,14,6,1,4,4,2,1,1
40,400053,1,1,1,16,2,16,29,1,0,1,0,40,1,72,706,72706,80,2008,1HD1FC41X8Y6,1,H,D,1,F,C,4,1,X,8,Y,6,0,M,HD,FLU,RS,8,17,,,,,,,1584,,2,,4,851,,,,,,,0,0,000000000,00000000000,0,0,0,1,0,0,0,0,0,0,0,998,0,0,0,0,9,4,3,1,0,0,0,1,40,73034,6,1,0,0,3,3,72,215,0,0,0,0,0,0,0,0,0,0,0,0,0,0,6,1,70,1,5,1,5,0,0,2,5,3,1,3,98,1,0
40,400054,1,1,1,26,2,7,55,1,0,1,0,40,1,23,481,23481,31,1994,1GDDC14Z8RZ5,1,G,D,D,C,1,4,Z,8,R,Z,5,0,T,GMC,SC1,PK,94,17,,1,1315,1175,SIE,G,,,6,262,,,,B,00000,00,A,42,0,0,000000000,00000000000,0,0,0,1,0,0,0,0,0,0,0,998,0,2,5,0,13,6,2,1,0,0,0,1,40,73749,6,1,0,0,3,0,72,170,0,0,0,0,2,5,2008,8,2008,1,0,0,0,0,1,2,65,1,1,2,4,28,3,1,6,1,3,4,2,1,0
40,400055,1,1,1,12,1,17,7,8,0,1,1,99,9,99,999,99999,99,9999,999999999999,9,9,9,9,9,9,9,9,9,9,9,9,0,,,,,,,,,,,,,,,,,,,,,,,,,0,0,000000000,00000000000,0,0,0,1,0,0,0,0,0,0,0,998,0,0,0,12,12,4,1,8,0,0,0,1,99,99999,9,9,99,9,9,9,999,999,99,99,99,99,99,99,9999,99,9999,0,0,0,0,0,1,4,40,1,1,2,1,0,0,1,80,1,1,1,13,0,0
40,400056,1,2,1,5,1,17,16,12,6,1,0,40,1,18,2,18002,4,1998,1G4HR52K1WH4,1,G,4,H,R,5,2,K,1,W,H,4,0,P,BUIC,LLF,4D,98,17,3370,,0,1108,,G,,F,6,231,,,15R205,,,,,,0,0,000000000,00000000000,0,0,0,1,0,0,0,0,0,0,0,998,0,0,0,3,3,6,2,12,0,0,0,1,40,74048,6,1,0,0,3,0,66,145,0,0,0,0,0,0,0,0,0,0,38,0,0,0,1,2,35,1,1,2,1,0,0,11,15,1,1,1,68,1,0
40,400056,2,2,1,5,1,17,16,12,6,1,0,40,1,12,481,12481,31,2003,1FTNF21PX3EB,1,F,T,N,F,2,1,P,X,3,E,B,0,T,FORD,F2S,PK,3,17,,2,0,1370,SRW,D,,,8,366,,,,C,5857,00,U,44,0,0,000000000,00000000000,0,0,0,1,0,0,0,0,0,0,0,998,0,0,0,12,12,4,1,12,0,0,0,1,40,74080,6,1,0,0,3,3,72,210,0,0,0,0,0,0,0,0,0,0,0,0,0,0,1,2,35,1,1,2,1,0,0,1,62,3,1,1,69,0,0
40,400057,1,1,1,25,2,5,58,11,0,1,0,40,2,6,43,6043,2,2002,1C3EL55R32N3,1,C,3,E,L,5,5,R,3,2,N,3,0,P,CHRY,SLI,CV,2,17,3383,,0,1060,,G,,F,6,167,,,16R205,,,,,,0,0,000000000,00000000000,0,0,0,1,0,0,0,0,0,0,0,998,0,0,0,12,13,6,2,11,0,0,0,1,40,73018,6,1,0,0,3,0,74,320,0,0,0,0,0,0,0,0,0,0,0,0,0,0,1,2,55,1,1,2,1,0,0,1,87,1,1,1,13,1,0
40,400058,1,1,1,26,2,0,30,18,0,1,0,40,2,12,3,12003,3,1993,1FACP42E1PF1,1,F,A,C,P,4,2,E,1,P,F,1,0,P,FORD,MCG,2H,93,17,3144,,0,1005,,G,,F,8,302,,,16R225,,,,,,0,0,000000000,00000000000,0,0,0,1,0,0,0,0,0,0,0,998,0,1,6,12,12,6,2,18,0,0,0,1,40,74604,2,1,0,0,2,0,72,215,0,2,1,1,6,3,2008,7,2009,1,0,0,0,0,1,2,55,3,1,2,2,28,3,1,13,3,1,4,1,1,1
40,400059,1,1,1,26,2,2,55,21,0,1,0,40,1,41,46,41046,2,1994,JM1EC4359R03,J,M,1,E,C,4,3,5,9,R,0,3,0,P,MAZD,MX3,CP,94,17,2507,,0,963,,G,,F,4,097,,,14R185,,,,,,0,0,000000000,00000000000,0,0,0,1,0,0,0,0,0,0,0,998,0,0,0,12,12,6,2,21,0,0,0,1,40,73010,6,1,0,0,3,0,72,207,0,0,0,2,2,2,2009,8,2010,0,58,0,0,0,1,2,65,1,6,2,1,0,0,1,12,6,1,4,6,1,1
40,400060,1,1,1,23,2,18,40,8,0,1,0,40,1,7,43,7043,4,2004,1B3EL36T54N1,1,B,3,E,L,3,6,T,5,4,N,1,0,P,DODG,SSE,4D,4,17,3088,,0,1080,,F,,F,6,165,,,15R205,,,,,,0,0,000000000,00000000000,0,0,0,1,0,0,0,0,0,0,0,998,0,0,0,12,12,0,1,8,0,0,0,1,40,74301,6,1,0,0,3,0,74,220,0,0,0,0,1,3,2010,3,2010,0,0,0,0,0,1,2,30,1,1,2,1,0,0,1,80,1,1,1,13,0,0
40,400061,1,1,1,24,2,18,35,30,0,1,0,40,1,6,441,6441,20,2001,2C4GP44311R3,2,C,4,G,P,4,4,3,1,1,R,3,0,T,CHRY,TLX,ES,1,17,,1,0,1193,TWC,F,,,6,201,,,,,3993,00,,42,0,0,000000000,00000000000,0,0,0,1,0,0,0,0,0,0,0,998,0,0,0,12,12,6,2,30,0,0,0,1,40,74006,6,1,0,0,3,0,71,190,0,0,0,2,1,2,2008,4,2009,0,0,0,0,0,1,2,30,1,1,2,2,0,0,1,12,1,1,4,6,1,1
40,400062,1,1,1,17,2,2,13,42,0,1,0,40,1,20,37,20037,4,2004,1G1ND52F74M6,1,G,1,N,D,5,2,F,7,4,M,6,0,P,CHEV,CLA,4D,4,17,3106,,0,1070,,G,,F,4,134,,,15R215,,,,,,0,0,000000000,00000000000,0,0,0,1,0,0,0,0,0,0,0,999,0,1,6,12,13,6,2,35,0,0,0,1,40,74012,2,1,0,0,2,0,73,210,0,1,0,0,1,10,2010,11,2010,1,0,0,0,0,1,2,35,2,1,2,2,0,0,14,12,1,1,4,6,1,1
40,400063,1,1,1,24,2,12,34,21,0,1,0,40,3,12,471,12471,30,2000,1FTYR10C0YTB,1,F,T,Y,R,1,0,C,0,Y,T,B,0,T,FORD,RNG,PK,0,17,,1,1175,1116,RNG,G,,,4,153,,,,B,3068,02,U,42,0,0,000000000,00000000000,0,0,0,1,0,0,0,0,0,0,0,998,0,0,0,1,1,6,2,21,0,0,0,1,40,74820,2,1,0,0,2,3,72,215,0,1,0,0,4,1,2011,2,2011,1,0,0,0,0,1,2,45,1,1,2,1,0,0,1,12,1,1,4,6,1,1
40,400064,1,1,1,6,3,7,0,1,0,1,0,12,2,12,473,12473,30,2003,1FMZU67E03UA,1,F,M,Z,U,6,7,E,0,3,U,A,0,P,FORD,EPR,UT,3,17,3761,,0,1259,,G,,F,6,245,,,16R235,,,,,,0,0,000000000,00000000000,0,0,0,1,0,0,0,0,0,0,0,998,0,2,1,0,13,6,2,1,0,0,0,1,40,74447,2,1,0,0,2,3,64,155,0,2,1,0,2,8,2008,9,2010,1,0,0,0,0,3,2,70,1,1,2,1,0,0,1,12,1,3,6,98,1,1
40,400065,1,1,1,9,3,18,27,35,0,1,0,40,1,73,705,73705,80,2005,JKBZXJC165A0,J,K,B,Z,X,J,C,1,6,5,A,0,0,M,KAWK,X63,RC,5,17,,,,,,,636,,4,,4,362,,,,,,,0,0,000000000,00000000000,0,0,0,1,0,0,0,0,0,0,0,998,0,0,0,12,12,6,2,35,0,0,0,1,40,73057,6,1,6,0,3,0,69,165,0,0,0,0,0,0,0,0,0,0,0,0,0,0,1,2,45,1,4,2,1,0,0,1,13,3,1,4,1,1,0
40,400066,1,1,1,13,3,7,40,1,0,1,0,40,1,72,706,72706,80,2000,1HD1FRW18YY6,1,H,D,1,F,R,W,1,8,Y,Y,6,0,M,HD,FCI,RS,0,17,,,,,,,1450,,2,,4,710,,,,,,,0,0,000000000,00000000000,0,0,0,1,0,0,0,0,0,0,0,998,0,0,0,0,13,6,2,35,0,0,0,1,40,74728,6,1,0,0,3,0,71,175,0,0,0,0,0,0,0,0,0,0,0,0,0,0,1,2,65,1,6,2,1,28,3,1,13,1,1,4,1,1,1
40,400067,1,1,1,6,3,1,35,8,0,1,0,40,1,20,37,20037,4,2005,1G1ZT62815F1,1,G,1,Z,T,6,2,8,1,5,F,1,0,P,CHEV,XLS,4D,5,17,3476,,0,1123,,G,,F,6,214,,,16R215,,,,,,0,0,000000000,00000000000,0,0,0,1,0,0,0,0,0,0,0,35,0,0,0,11,11,4,1,8,0,0,0,1,40,74105,6,1,0,0,3,0,67,127,0,0,0,0,0,0,0,0,0,0,0,0,0,0,2,3,45,1,6,1,1,0,0,1,80,9,1,2,13,0,0
40,400068,1,2,1,9,3,13,34,12,6,1,0,40,1,12,16,12016,4,1995,2FALP71W0SX1,2,F,A,L,P,7,1,W,0,S,X,1,0,P,FORD,CVP,4D,95,17,0,,0,1144,,G,,F,8,281,,,15R215,,,,,,0,0,000000000,00000000000,0,0,0,1,0,0,0,0,0,0,0,998,0,0,0,1,1,6,2,12,0,0,0,1,48,79007,6,1,0,0,3,3,64,210,0,0,0,0,3,9,2008,1,2010,1,89,0,0,0,2,2,55,1,5,2,1,0,0,1,50,1,1,1,48,0,0
40,400068,2,2,2,9,3,13,34,12,6,1,0,40,1,22,16,22016,2,2003,1G2JB12F5371,1,G,2,J,B,1,2,F,5,3,7,1,0,P,PONT,SFR,CP,3,17,2771,,0,1041,,G,,F,4,134,,,14R195,,,,,,0,0,000000000,00000000000,0,0,0,1,0,0,0,0,0,0,0,0,0,0,0,7,7,6,2,12,0,0,0,1,40,74501,6,1,0,0,3,3,65,145,0,0,0,0,0,0,0,0,0,0,0,0,0,0,2,2,55,1,5,2,1,0,0,5,53,1,1,1,48,1,0
40,400069,1,1,1,6,3,9,52,42,0,1,0,40,1,7,24,7024,4,2007,2B3KA43R97H6,2,B,3,K,A,4,3,R,9,7,H,6,0,P,DODG,CTL,4D,7,17,3648,,0,1200,,G,,F,6,165,,,17R215,,,,,,0,0,000000000,00000000000,0,0,0,1,0,0,0,0,0,0,0,998,0,0,0,9,9,6,2,42,0,0,0,1,40,73111,6,1,0,0,3,0,69,150,0,1,0,1,5,5,2008,10,2010,1,37,0,0,0,1,2,25,1,1,2,1,0,0,1,12,1,2,4,7,1,0
40,400070,1,1,1,3,3,4,0,1,0,1,0,40,1,37,32,37032,4,1991,1HGCB764XMA1,1,H,G,C,B,7,6,4,X,M,A,1,0,P,HOND,ADL,4D,91,17,2392,,0,1071,,G,,F,4,132,,,14R185,,,,,,0,0,000000000,00000000000,0,0,0,1,0,0,0,0,0,0,0,998,0,1,5,0,12,6,2,30,0,0,0,1,40,73064,6,1,0,0,3,3,69,180,0,2,0,0,2,11,2009,8,2010,1,0,0,0,0,1,2,40,1,6,2,1,0,0,1,6,1,2,4,2,1,1
40,400071,1,1,1,27,1,11,20,34,0,1,0,40,2,12,17,12017,4,1997,1FALP52U6VG1,1,F,A,L,P,5,2,U,6,V,G,1,0,P,FORD,TAG,4D,97,17,3329,,0,1085,,G,,F,6,182,,,15R205,,,,,,0,0,000000000,00000000000,0,0,0,1,0,0,0,0,0,0,0,998,0,0,0,14,12,6,2,34,0,0,0,1,40,74403,2,1,0,0,2,0,69,150,0,0,0,0,2,12,2010,12,2010,1,0,0,0,0,1,2,35,1,1,2,99,0,0,1,14,1,1,4,14,1,1
40,400072,1,1,5,1,2,99,99,24,0,1,0,39,1,7,482,7482,31,2001,1B7KF23W61J1,1,B,7,K,F,2,3,W,6,1,J,1,1,T,DODG,Q25,4C,1,17,,2,1547,1387,RPC,G,,,10,488,,,,C,5586,01,U,44,1,0,000000000,00000000000,0,0,0,1,0,0,0,0,0,0,0,998,0,0,0,98,98,0,1,24,0,0,0,1,39,73115,6,1,0,0,3,0,72,165,0,0,0,0,0,0,0,0,0,0,0,0,0,0,1,2,25,2,6,2,3,0,0,14,12,1,1,4,6,1,0
40,400073,1,1,1,10,3,5,59,42,0,1,0,40,1,7,482,7482,31,2002,1D7HA18Z22S7,1,D,7,H,A,1,8,Z,2,2,S,7,0,T,DODG,Q15,CW,2,17,,2,1605,1405,RPC,G,,,8,360,,,,B,4747,01,E,42,0,0,000000000,00000000000,0,0,0,1,0,0,0,0,0,0,0,998,0,0,0,12,12,6,2,42,0,0,0,1,40,74066,6,1,0,0,3,0,71,195,0,0,0,0,0,0,0,0,0,1,0,0,0,0,1,2,50,2,1,2,1,28,3,14,12,1,1,4,6,1,1
40,400074,1,1,1,15,3,5,0,42,0,1,0,40,1,12,471,12471,30,2002,1FTYR44U62PA,1,F,T,Y,R,4,4,U,6,2,P,A,0,T,FORD,RNS,4C,2,17,,1,0,1257,RNG,G,,,6,182,,,,B,3394,04,E,42,0,0,000000000,00000000000,0,0,0,1,0,0,0,0,0,0,0,998,0,1,5,7,13,6,2,1,0,0,0,1,40,73527,6,1,0,0,3,3,59,170,0,0,0,0,0,0,0,0,0,1,58,0,0,0,1,2,55,1,5,2,1,28,3,1,12,3,1,4,6,1,1
40,400075,1,1,1,17,3,9,25,42,0,1,0,40,1,23,481,23481,31,1998,1GTEK19R0WR5,1,G,T,E,K,1,9,R,0,W,R,5,0,T,GMC,SK1,PC,98,17,,2,1555,1415,SIE,G,,,8,350,,,,B,4561,00,U,44,0,0,000000000,00000000000,0,0,0,1,0,0,0,0,0,0,0,998,0,0,0,10,10,6,2,42,0,0,0,1,40,74960,6,1,0,0,3,3,72,210,0,0,0,0,0,0,0,0,0,1,58,0,0,0,1,2,65,3,1,2,1,28,3,1,13,6,2,4,7,1,0
40,400076,1,2,1,18,3,14,5,12,2,1,0,40,1,7,499,7499,39,1975,D17AE5511561,D,1,7,A,E,5,5,1,1,5,6,1,0,T,DODG,D10,PK,75,13,,1,1490,1150,D10,G,,,8,318,,,,B,3614,02,,42,0,0,000000000,00000000000,0,0,0,1,0,0,0,0,0,0,0,998,0,0,0,12,12,6,2,12,0,0,0,1,40,73062,6,1,0,0,3,3,72,220,0,0,0,0,0,0,0,0,0,0,0,0,0,0,1,2,65,1,1,2,1,0,0,1,62,7,1,1,51,1,0
40,400076,2,2,1,18,3,14,5,12,2,1,0,40,1,7,482,7482,31,2002,3D7HA18N62G1,3,D,7,H,A,1,8,N,6,2,G,1,0,T,DODG,Q15,CW,2,17,,2,1605,1405,RPC,G,,,8,287,,,,B,4747,01,E,42,0,0,000000000,00000000000,0,0,0,1,0,0,0,0,0,0,0,998,0,0,0,12,12,6,2,12,0,0,0,1,40,73105,6,1,0,0,3,3,74,290,0,1,0,0,0,10,2010,10,2010,0,28,0,0,0,1,2,65,1,1,2,1,0,0,1,10,6,1,2,50,1,0
40,400077,1,2,4,22,1,23,19,12,6,1,0,40,2,7,43,7043,4,2004,4B3AG52H14E0,4,B,3,A,G,5,2,H,1,4,E,0,0,P,DODG,SRS,CP,4,17,3170,,0,1037,,G,,F,6,181,,,16R205,,,,,,0,0,000000000,00000000000,0,0,0,1,0,0,0,0,0,0,0,998,0,0,0,12,12,6,2,12,0,0,1,1,40,73402,6,1,0,0,3,0,69,185,0,0,0,0,2,10,2010,11,2010,1,0,0,0,0,2,2,65,1,1,2,1,0,0,1,63,1,1,1,48,0,0
40,400077,2,2,2,22,1,23,19,12,6,1,0,40,2,37,32,37032,2,2003,1HGCM816X3A0,1,H,G,C,M,8,1,6,X,3,A,0,0,P,HOND,UEX,CP,3,17,3047,,0,1051,,G,,F,6,183,,,16R205,,,,,,0,0,000000000,00000000000,0,0,0,1,0,0,0,0,0,0,0,120,0,0,0,10,10,6,2,12,0,0,0,1,40,73443,6,1,0,0,3,0,70,162,0,0,0,0,1,12,2010,12,2010,1,48,0,0,0,2,2,65,1,1,2,1,0,0,1,6,1,2,2,48,1,0
40,400078,1,2,1,17,3,23,30,12,1,1,0,92,0,20,441,20441,20,1999,1GNDM19W7XB1,1,G,N,D,M,1,9,W,7,X,B,1,0,T,CHEV,AST,ES,99,17,,1,0,1112,AST,G,,,6,262,,,,B,4186,00,,42,0,0,000000000,00000000000,0,0,0,1,0,0,0,0,0,0,0,998,0,0,0,12,12,6,2,12,0,0,1,1,40,74432,6,1,0,0,3,0,73,250,0,0,0,0,0,0,0,0,0,0,0,0,0,0,3,3,70,1,5,1,1,0,0,1,51,1,1,1,24,1,1
40,400078,2,2,1,17,3,23,30,12,1,1,0,40,3,51,881,51881,66,2006,4V4NC9TH06N4,4,V,4,N,C,9,T,H,0,6,N,4,1,T,VOLV,VNL,TR,6,17,,8,0,0,VVN,D,,,6,915,,,,,00000,00,,64,1,57,681720,57681720,3,6,1,1,0,0,0,0,0,0,0,998,0,0,0,6,6,4,1,12,0,0,0,1,5,72704,6,1,6,0,3,0,72,270,0,0,0,0,0,0,0,0,0,0,0,0,0,0,3,3,70,1,5,1,1,0,0,1,53,1,1,1,25,0,0
40,400079,1,1,1,15,3,7,10,21,0,1,0,40,2,23,481,23481,31,1999,2GTEK19T0X15,2,G,T,E,K,1,9,T,0,X,1,5,0,T,GMC,NK1,3C,99,17,,2,1575,1435,SIE,G,,,8,325,,,,B,00000,00,U,44,0,0,000000000,00000000000,0,0,0,1,0,0,0,0,0,0,0,998,0,0,0,12,12,6,2,21,0,0,0,1,40,74801,6,1,0,0,3,0,70,185,0,1,0,1,1,12,2008,12,2010,0,0,0,0,0,1,2,65,1,6,2,1,0,0,1,12,3,1,4,6,1,0
40,400080,1,2,1,8,2,18,50,12,6,1,0,40,2,7,880,7880,67,2008,3D7MX48A98G1,3,D,7,M,X,4,8,A,9,8,G,1,0,T,DODG,SQ3,CW,8,17,,3,0,1600,RPC,D,,,6,408,,,,D,6168,00,E,44,0,88,888888888,88888888888,2,1,97,1,0,0,0,0,0,0,0,38,0,0,0,11,11,6,2,12,0,0,0,1,40,73078,6,1,6,0,3,0,80,180,0,0,0,1,1,1,2009,6,2009,0,39,0,0,0,1,2,45,1,1,2,1,20,3,1,17,4,1,1,86,0,0
40,400080,2,2,1,8,2,18,50,12,6,1,0,40,1,37,31,37031,2,2004,1HGEM22154L0,1,H,G,E,M,2,2,1,5,4,L,0,0,P,HOND,CVP,CP,4,17,2456,,0,1031,,G,,F,4,102,,,14R185,,,,,,0,0,000000000,00000000000,0,0,0,1,0,0,0,0,0,0,0,998,0,1,1,2,2,6,2,12,0,0,0,1,40,73762,6,1,0,0,3,0,70,330,0,0,0,0,0,0,0,0,0,0,0,0,0,0,1,2,55,1,1,2,1,0,0,1,66,1,1,1,87,1,0
40,400081,1,1,1,14,2,22,1,23,0,1,0,40,5,20,471,20471,30,1999,1GCCS19X8X82,1,G,C,C,S,1,9,X,8,X,8,2,0,T,CHEV,S14,PC,99,17,,1,0,1229,S,G,,,6,262,,,,B,3216,00,,42,0,0,000000000,00000000000,0,0,0,1,0,0,0,0,0,0,0,65,0,1,1,12,12,6,2,23,0,0,0,1,40,73106,0,0,0,0,0,0,66,170,0,0,0,0,0,0,0,0,0,1,58,0,0,0,1,2,25,2,4,2,1,0,0,14,6,1,2,4,7,1,1
40,400082,1,1,2,27,2,1,34,8,0,1,0,48,2,20,403,20403,14,2007,1GNDS13S0722,1,G,N,D,S,1,3,S,0,7,2,2,0,P,CHEV,TRL,UT,7,17,4356,,0,1130,,G,,F,6,256,,,17R245,,,,,,0,0,000000000,00000000000,0,0,0,1,0,0,0,0,0,0,0,998,0,0,0,12,12,4,3,8,0,0,0,1,40,73505,6,1,0,0,3,0,63,150,0,0,0,1,0,4,2009,4,2009,0,0,0,0,0,2,2,45,1,1,2,1,0,0,1,80,1,1,1,13,0,1
40,400083,1,2,1,27,2,1,42,12,2,1,0,40,1,20,481,20481,31,2003,1GCHC29U63E2,1,G,C,H,C,2,9,U,6,3,E,2,0,T,CHEV,2CH,4C,3,17,,2,1575,1435,SIL,G,,,8,364,,,,C,5393,01,,42,0,0,000000000,00000000000,0,0,0,1,0,0,0,0,0,0,0,998,0,0,0,12,12,6,2,12,0,0,1,1,40,74840,6,1,0,0,3,0,71,185,0,0,0,0,0,0,0,0,0,0,0,0,0,0,1,2,55,1,1,2,1,0,0,1,10,1,1,2,50,0,1
40,400083,2,2,2,27,2,1,42,12,2,1,0,40,2,20,481,20481,31,2006,3GCEC14X56G1,3,G,C,E,C,1,4,X,5,6,G,1,0,T,CHEV,SC1,PK,6,17,,2,1330,1190,SIL,G,,,6,262,,,,B,4211,00,,42,0,0,000000000,00000000000,0,0,0,1,0,0,0,0,0,0,0,998,0,0,0,12,12,6,2,12,0,0,0,1,40,74801,6,1,0,0,3,0,66,127,0,0,0,0,0,0,0,0,0,0,0,0,0,0,1,2,55,1,1,2,1,0,0,1,62,1,1,1,51,1,1