STATE,ST_CASE,VEH_NO,VE_FORMS,NUMOCCS,DAY,MONTH,HOUR,MINUTE,HARM_EV,MAN_COLL,UNITTYPE,HIT_RUN,REG_STAT,OWNER,MAKE,MODEL,MAK_MOD,BODY_TYP,MOD_YEAR,VIN,VIN_1,VIN_2,VIN_3,VIN_4,VIN_5,VIN_6,VIN_7,VIN_8,VIN_9,VIN_10,VIN_11,VIN_12,TOW_VEH,VINTYPE,VINMAKE,VINA_MOD,VIN_BT,VINMODYR,VIN_LNGT,VIN_WGT,WGTCD_TR,WHLBS_LG,WHLBS_SH,SER_TR,FUELCODE,MCYCL_DS,CARBUR,CYLINDER,DISPLACE,MCYCL_CY,MCYCL_WT,TIRE_SZE,TON_RAT,TRK_WT,TRKWTVAR,VIN_REST,WHLDRWHL,J_KNIFE,MCARR_I1,MCARR_I2,MCARR_ID,GVWR,V_CONFIG,CARGO_BT,HAZ_INV,HAZ_PLAC,HAZ_ID,HAZ_CNO,HAZ_REL,BUS_USE,SPEC_USE,EMER_USE,TRAV_SP,UNDERIDE,ROLLOVER,ROLINLOC,IMPACT1,IMPACT2,DEFORMED,TOWED,M_HARM,VEH_SC1,VEH_SC2,FIRE_EXP,DR_PRES,L_STATE,DR_ZIP,L_STATUS,L_TYPE,CDL_STAT,L_ENDORS,L_COMPL,L_RESTRI,DR_HGT,DR_WGT,PREV_ACC,PREV_SUS,PREV_DWI,PREV_SPD,PREV_OTH,FIRST_MO,FIRST_YR,LAST_MO,LAST_YR,SPEEDREL,DR_SF1,DR_SF2,DR_SF3,DR_SF4,VTRAFWAY,VNUM_LAN,VSPD_LIM,VALIGN,VPROFILE,VPAVETYP,VSURCOND,VTRAFCON,VTCONT_F,P_CRASH1,P_CRASH2,P_CRASH3,PCRASH4,PCRASH5,ACC_TYPE,DEATHS,DR_DRINK
40,400185,1,2,3,6,5,6,45,12,1,1,0,40,3,84,981,84981,50,2000,1HVBBABP9YH2,1,H,V,B,B,A,B,P,9,Y,H,2,0,T,INTL,380,BU,0,17,,7,2760,1520,30S,D,,,8,444,,,,,00000,00,,42,0,88,888888888,88888888888,2,21,22,1,0,0,0,0,1,0,0,0,0,0,0,6,6,4,1,12,0,0,0,1,40,73086,6,1,6,1,3,0,71,270,0,0,0,0,0,0,0,0,0,0,0,0,0,0,1,2,65,1,3,2,1,28,3,5,53,1,1,1,21,0,0
40,400185,2,2,1,6,5,6,45,12,1,1,0,40,1,20,431,20431,16,2002,1GNEC16Z12J1,1,G,N,E,C,1,6,Z,1,2,J,1,0,P,CHEV,C15,UT,2,17,4914,,0,1300,,F,,F,8,325,,,16R265,,,,,,0,0,000000000,00000000000,0,0,0,1,0,0,0,0,0,0,0,998,0,0,0,12,12,6,2,12,0,0,0,1,40,73086,6,1,0,0,3,3,75,215,0,0,0,0,0,0,0,0,0,0,41,0,0,0,1,2,65,1,3,2,1,28,3,1,50,6,1,1,20,1,0
40,400186,1,1,1,11,5,1,7,39,0,1,0,40,1,20,481,20481,31,2002,2GCEC19T7214,2,G,C,E,C,1,9,T,7,2,1,4,0,T,CHEV,SC1,4C,2,17,,2,1575,1435,SIL,G,,,8,325,,,,B,4534,03,,42,0,0,000000000,00000000000,0,0,0,1,0,0,0,0,0,0,0,998,0,0,0,12,13,6,2,35,0,0,0,1,40,73481,6,1,0,0,3,0,63,120,0,0,0,0,0,0,0,0,0,1,58,0,0,0,1,2,40,1,1,2,1,0,0,1,13,6,2,4,7,1,1
40,400187,1,2,1,20,5,8,28,12,6,1,0,40,3,7,482,7482,31,2005,1D7HA16N65J5,1,D,7,H,A,1,6,N,6,5,J,5,0,T,DODG,S15,PK,5,17,,2,1405,1205,RPC,G,,,8,287,,,,B,4318,01,E,42,0,0,000000000,00000000000,0,0,0,1,0,0,0,0,0,0,0,998,0,0,0,1,1,6,2,12,0,0,0,1,40,73098,6,1,0,0,3,0,68,150,0,0,0,0,0,0,0,0,0,1,28,0,0,0,1,2,65,3,4,2,2,28,3,14,6,1,4,2,66,1,0
40,400187,2,2,3,20,5,8,28,12,6,1,0,40,3,12,870,12870,55,2003,1FDXE45S33HA,1,F,D,X,E,4,5,S,3,3,H,A,0,T,FORD,4DC,YY,3,17,,4,1760,1580,CTV,G,,,10,415,,,,,00000,00,E,42,0,88,888888888,88888888888,2,20,22,1,0,0,0,0,98,0,0,998,0,1,5,12,12,6,2,12,0,0,0,1,40,73075,6,1,6,0,3,3,71,185,0,0,0,0,0,0,0,0,0,0,0,0,0,0,1,2,65,2,4,2,2,28,3,14,62,1,1,1,66,1,0
40,400188,1,1,1,22,5,10,10,57,0,1,0,29,1,72,706,72706,80,2007,1HD1FF4117Y6,1,H,D,1,F,F,4,1,1,7,Y,6,0,M,HD,FHC,RS,7,17,,,,,,,1584,,2,,4,784,,,,,,,0,0,000000000,00000000000,0,0,0,1,0,0,0,0,0,0,0,998,0,0,0,12,12,6,2,57,0,0,0,1,29,64082,6,1,0,0,3,0,67,140,0,0,0,0,0,0,0,0,0,0,0,0,0,0,3,2,70,1,1,2,1,0,0,1,12,1,1,4,6,1,0
40,400189,1,1,1,29,5,5,0,1,0,1,0,40,2,20,16,20016,4,1999,1G1JC5246X71,1,G,1,J,C,5,2,4,6,X,7,1,0,P,CHEV,CAV,4D,99,17,2676,,0,1041,,G,,F,4,133,,,14R195,,,,,,0,0,000000000,00000000000,0,0,0,1,0,0,0,0,0,0,0,998,0,2,5,0,3,6,2,42,0,0,0,1,40,74017,6,1,0,0,3,0,72,170,0,0,0,0,0,0,0,0,0,1,0,0,0,0,1,2,45,1,3,2,1,0,0,1,13,9,3,4,2,1,1
40,400190,1,1,1,9,5,7,10,8,0,1,1,40,1,20,481,20481,31,1993,2GCEC19K7P11,2,G,C,E,C,1,9,K,7,P,1,1,0,T,CHEV,GC1,PC,93,17,,2,1555,1415,GM4,G,,,8,350,,,,B,3998,02,,42,0,0,000000000,00000000000,0,0,0,1,0,0,0,0,0,0,0,998,0,0,0,12,12,4,1,8,0,0,0,1,40,74027,1,1,0,0,2,3,68,235,0,1,0,3,5,4,2009,4,2011,1,0,0,0,0,1,2,65,3,1,2,1,28,3,14,13,1,1,4,13,0,0
40,400191,1,1,4,20,5,2,0,38,0,1,0,40,2,14,38,14038,2,2000,1ZWFT61L7Y56,1,Z,W,F,T,6,1,L,7,Y,5,6,0,P,MERC,CU6,2H,0,17,2881,,0,1064,,G,,F,6,155,,,15R205,,,,,,0,0,000000000,00000000000,0,0,0,1,0,0,0,0,0,0,0,998,0,1,5,12,12,6,2,1,0,0,0,1,40,74571,0,0,0,0,0,0,999,999,99,99,99,99,99,99,9999,99,9999,1,0,0,0,0,1,2,45,1,1,5,1,0,0,1,13,6,4,4,7,1,1
40,400192,1,2,1,12,5,18,10,1,0,1,0,40,2,73,705,73705,80,2008,JKAENVC198A2,J,K,A,E,N,V,C,1,9,8,A,2,0,M,KAWK,E5C,RS,8,17,,,,,,,498,,2,,4,439,,,,,,,0,0,000000000,00000000000,0,0,0,1,0,0,0,0,0,0,0,998,0,0,0,0,3,6,2,12,0,0,0,1,6,74462,6,1,6,3,3,0,73,250,0,0,0,0,0,0,0,0,0,0,89,26,0,0,1,2,45,1,1,2,2,0,0,1,52,6,1,1,98,1,1
40,400192,2,2,1,12,5,18,10,1,0,1,0,40,3,87,881,87881,66,2010,1XPXD49X1AD7,1,X,P,X,D,4,9,X,1,A,D,7,1,T,PTRB,389,TR,10,17,,8,0,0,CON,D,,,6,915,,,,,00000,00,,64,1,57,1455507,571455507,3,6,2,1,0,0,0,0,0,0,0,998,0,0,0,5,5,4,1,12,0,0,0,1,40,74462,6,1,6,0,3,0,68,190,0,0,0,0,0,0,0,0,0,0,0,0,0,0,1,2,45,1,1,2,2,0,0,10,53,1,1,1,98,0,0
40,400193,1,1,1,13,5,9,33,1,0,1,0,40,2,12,17,12017,4,1998,1FAFP5244WA2,1,F,A,F,P,5,2,4,4,W,A,2,0,P,FORD,TLS,4D,98,17,3359,,0,1085,,G,,F,6,232,,,15R205,,,,,,0,0,000000000,00000000000,0,0,0,1,0,0,0,0,0,0,0,998,0,1,5,0,14,6,2,14,0,0,0,1,40,73505,2,1,0,0,2,0,76,190,0,2,1,0,2,7,2009,11,2010,1,0,0,0,0,2,2,40,1,1,2,1,0,0,15,13,7,2,4,2,1,0
40,400194,1,2,3,24,5,12,9,12,2,1,0,40,2,24,7,24007,4,2007,1G8AZ55F27Z1,1,G,8,A,Z,5,5,F,2,7,Z,1,0,P,STRN,SI2,4D,7,17,2752,,0,1032,,G,,F,4,134,,,15R195,,,,,,0,0,000000000,00000000000,0,0,0,1,0,0,0,0,0,0,0,998,0,0,0,12,12,6,2,12,0,0,0,1,40,74801,6,2,0,0,3,3,64,115,0,0,0,0,0,0,0,0,0,0,28,0,0,0,1,2,35,1,1,2,1,0,0,1,10,1,1,2,50,0,0
40,400194,2,2,2,24,5,12,9,12,2,1,0,40,1,35,471,35471,30,1997,1N6SD11S1VC4,1,N,6,S,D,1,1,S,1,V,C,4,0,T,NISS,XES,PK,97,17,,1,0,1043,TRK,G,,,4,146,,,,B,2718,01,M,42,0,0,000000000,00000000000,0,0,0,1,0,0,0,0,0,0,0,998,0,0,0,12,12,6,2,12,0,0,0,1,40,74801,6,1,0,0,3,0,70,180,0,0,0,0,0,0,0,0,0,0,0,0,0,0,1,2,35,1,1,2,1,0,0,1,62,1,1,1,51,2,0
40,400195,1,1,1,30,5,12,0,1,0,1,0,40,3,98,804,98804,63,2000,2WKPDCXHXYK9,2,W,K,P,D,C,X,H,X,Y,K,9,0,T,WSTR,490,TR,0,17,,8,0,0,CNV,D,,,6,774,,,,,00000,00,,64,0,57,01753213,5701753213,3,2,2,1,0,0,0,0,0,0,0,998,0,2,5,0,13,6,2,1,0,0,0,1,40,73703,6,1,6,0,3,3,71,180,0,0,0,0,0,0,0,0,0,0,58,0,0,0,1,2,55,1,1,5,1,0,0,1,12,7,3,4,7,1,0
40,400196,1,2,1,5,5,0,54,12,2,1,0,40,3,6,52,6052,6,2008,3A8FY48B88T1,3,A,8,F,Y,4,8,B,8,8,T,1,0,P,CHRY,PTC,SV,8,17,3076,,0,1030,,G,,F,4,148,,,15R195,,,,,,0,0,000000000,00000000000,0,0,0,1,0,0,0,0,0,0,0,998,0,0,0,12,12,6,2,12,0,0,0,1,40,73044,6,1,0,0,3,0,71,200,0,0,0,0,0,0,0,0,0,0,51,0,0,0,1,4,45,1,1,2,1,0,0,1,54,1,1,1,52,1,0
40,400196,2,2,1,5,5,0,54,12,2,1,0,40,1,52,401,52401,14,2003,JA4LS21H63J0,J,A,4,L,S,2,1,H,6,3,J,0,0,P,MITS,MNS,UT,3,17,3835,,0,1073,,G,,F,6,183,,,15R235,,,,,,0,0,000000000,00000000000,0,0,0,1,0,0,0,0,0,0,0,998,0,0,0,12,12,6,2,12,0,0,0,1,40,73162,6,1,0,0,3,0,68,190,0,0,0,0,0,0,0,0,0,0,92,0,0,0,1,4,45,1,1,2,1,0,0,1,54,1,1,1,52,0,0
40,400197,1,2,2,8,5,17,46,12,2,1,0,40,1,72,706,72706,80,2005,1HD1FRW155Y6,1,H,D,1,F,R,W,1,5,5,Y,6,0,M,HD,FCI,RS,5,17,,,,,,,1450,,2,,4,710,,,,,,,0,0,000000000,00000000000,0,0,0,1,0,0,0,0,0,0,0,998,0,0,0,12,12,6,2,12,0,0,0,1,40,74346,6,1,0,0,3,0,78,255,0,0,0,1,0,6,2008,6,2008,1,28,0,0,0,1,2,55,2,6,2,1,28,3,14,10,3,1,2,50,2,0
40,400197,2,2,3,8,5,17,46,12,2,1,0,40,1,12,481,12481,31,2003,1FTRW08L03KA,1,F,T,R,W,0,8,L,0,3,K,A,1,T,FORD,F1S,CW,3,17,,2,0,1388,COF,G,,,8,330,,,,B,5005,00,U,44,1,0,000000000,00000000000,0,0,0,1,0,0,0,0,0,0,0,998,0,0,0,12,12,6,2,12,0,0,0,1,40,74352,6,1,6,0,3,3,68,150,0,0,0,0,0,0,0,0,0,0,0,0,0,0,1,2,55,3,5,2,1,28,3,14,62,1,1,1,51,0,0
40,400198,1,1,3,15,5,2,15,33,0,1,0,40,1,20,403,20403,14,2003,1GNDS13S6321,1,G,N,D,S,1,3,S,6,3,2,1,0,P,CHEV,TRL,UT,3,17,4417,,0,1130,,G,,F,6,256,,,16R245,,,,,,0,0,000000000,00000000000,0,0,0,1,0,0,0,0,0,0,0,998,0,1,5,10,13,6,2,14,0,0,0,1,40,73108,6,1,0,0,3,0,61,180,0,8,0,0,2,7,2008,2,2011,1,0,0,0,0,1,2,25,3,1,2,1,0,0,14,12,1,2,4,7,1,1
40,400199,1,1,1,26,5,8,15,8,0,1,0,40,1,20,481,20481,31,1981,1GCEC14H8BF3,1,G,C,E,C,1,4,H,8,B,F,3,0,T,CHEV,C10,PK,81,17,,2,1315,1175,C10,G,,,8,305,,,,B,3348,02,,42,0,0,000000000,00000000000,0,0,0,1,0,0,0,0,0,0,0,20,0,0,0,12,12,2,1,8,0,0,0,1,40,74106,6,1,0,0,3,0,72,210,0,1,0,0,4,5,2010,7,2010,0,0,0,0,0,1,4,40,1,1,2,1,0,0,1,80,3,1,1,13,0,0
40,400200,1,1,4,29,5,21,40,42,0,1,0,40,2,22,9,22009,2,1992,1G2FS23T6NL2,1,G,2,F,S,2,3,T,6,N,L,2,0,P,PONT,FBD,2H,92,17,3121,,0,1010,,G,,F,6,191,,,15R215,,,,,,0,0,000000000,00000000000,0,0,0,1,0,0,0,0,0,0,0,998,0,0,0,12,12,6,2,42,0,0,0,1,40,74423,6,1,0,0,3,0,72,225,0,3,0,0,1,3,2009,11,2009,1,0,0,0,0,1,2,55,3,1,2,1,28,3,1,13,1,1,4,1,1,1
40,400201,1,2,1,3,4,10,0,12,6,1,0,40,1,18,22,18022,4,2006,2G4WC582X611,2,G,4,W,C,5,8,2,X,6,1,1,0,P,BUIC,LCX,4D,6,17,3495,,0,1105,,G,,F,6,232,,,16R225,,,,,,0,0,000000000,00000000000,0,0,0,1,0,0,0,0,0,0,0,998,0,0,0,9,9,6,2,12,0,0,0,1,40,73040,6,1,0,0,3,0,66,125,0,0,0,0,0,0,0,0,0,0,39,0,0,0,1,2,45,1,1,2,1,20,3,1,17,1,1,1,89,1,0
40,400201,2,2,5,3,4,10,0,12,6,1,0,40,1,63,441,63441,20,2006,KNDMB2338660,K,N,D,M,B,2,3,3,8,6,6,0,0,P,KIA,SED,SV,6,17,0,,0,1145,,G,,F,6,231,,,15R215,,,,,,0,0,000000000,00000000000,0,0,0,1,0,0,0,0,0,0,0,998,0,0,0,12,12,6,2,12,0,0,0,1,40,73071,6,1,0,0,3,0,65,130,0,0,0,0,0,0,0,0,0,0,0,0,0,0,1,2,45,1,4,2,1,28,3,1,66,1,1,1,88,0,0
40,400202,1,1,1,24,5,19,56,24,0,1,0,40,2,22,20,22020,4,1998,1G2WP52K6WF2,1,G,2,W,P,5,2,K,6,W,F,2,0,P,PONT,GPG,4D,98,17,3414,,0,1105,,G,,F,6,231,,,16R225,,,,,,0,0,000000000,00000000000,0,0,0,1,0,0,0,0,0,0,0,998,0,0,0,14,14,6,2,2,0,0,1,1,40,74021,6,1,0,0,3,3,69,180,0,0,0,0,1,8,2010,8,2010,1,0,0,0,0,1,2,40,1,1,2,2,28,3,1,6,1,2,4,2,1,1
40,400203,1,1,1,6,5,13,35,52,0,1,0,40,1,7,442,7442,20,2001,1B4GP25381B1,1,B,4,G,P,2,5,3,8,1,B,1,0,P,DODG,CAR,SV,1,17,3815,,0,1133,,F,,F,6,201,,,15R215,,,,,,0,0,000000000,00000000000,0,0,0,1,0,0,0,0,0,0,0,998,0,0,0,12,12,6,2,42,0,0,0,1,40,73099,6,1,0,0,3,3,64,127,0,1,0,0,1,7,2008,7,2010,0,0,0,0,0,1,2,55,1,1,2,1,0,0,99,12,1,1,4,6,1,0
40,400204,1,2,1,26,5,11,5,12,1,1,0,40,2,98,709,98709,80,2008,LJ4TDNPA18Y0,L,J,4,T,D,N,P,A,1,8,Y,0,0,U,,,,8,17,,,,,,,,,,,,,,,,,,,0,0,000000000,00000000000,0,0,0,1,0,0,0,0,0,0,0,998,0,0,0,6,6,6,2,12,0,0,0,1,40,73639,6,1,0,0,2,0,69,175,0,0,0,0,0,0,0,0,0,0,0,0,0,0,1,2,65,1,1,2,1,0,0,2,53,1,1,1,29,1,0
40,400204,2,2,1,26,5,11,5,12,1,1,0,40,1,35,472,35472,30,2004,1N6DD26T34C4,1,N,6,D,D,2,6,T,3,4,C,4,0,T,NISS,FKX,PC,4,17,,1,0,1161,FRT,G,,,4,146,,,,B,3143,00,E,42,0,0,000000000,00000000000,0,0,0,1,0,0,0,0,0,0,0,998,0,0,0,12,12,4,1,12,0,0,0,1,40,73644,6,1,0,0,3,0,66,155,0,0,0,0,0,0,0,0,0,0,26,0,0,0,1,2,65,1,1,2,1,0,0,1,52,1,1,1,28,0,0
40,400205,1,1,1,1,6,2,0,30,0,1,0,40,1,2,403,2403,14,1998,1J4FY29P5WP7,1,J,4,F,Y,2,9,P,5,W,P,7,0,T,JEEP,SEW,2W,98,17,,1,0,934,W/T,G,,,4,150,,,,,3017,00,E,44,0,0,000000000,00000000000,0,0,0,1,0,0,0,0,0,0,0,998,0,1,5,1,11,6,2,1,0,0,0,1,40,73647,6,1,0,0,3,0,75,200,0,0,0,0,0,0,0,0,0,0,0,0,0,0,1,2,45,1,1,2,1,0,0,1,13,1,1,4,1,1,1
40,400206,1,3,2,26,5,0,2,12,6,1,0,40,1,20,481,20481,31,2009,1GCEC24049Z2,1,G,C,E,C,2,4,0,4,9,Z,2,0,T,CHEV,2SC,PK,9,17,,2,1330,1190,SIL,F,,,8,323,,,,B,4558,02,,42,0,0,000000000,00000000000,0,0,0,1,0,0,0,0,0,0,0,998,0,0,0,11,11,6,2,12,0,0,0,1,40,74060,6,1,0,0,3,3,71,185,0,0,0,0,0,0,0,0,0,0,54,0,0,0,1,2,65,1,1,2,1,28,3,4,62,12,1,1,66,0,0
40,400206,2,3,0,26,5,0,2,12,6,1,0,40,6,13,1,13001,4,1996,1LNLM82W3TY6,1,L,N,L,M,8,2,W,3,T,Y,6,0,P,LINC,SDJ,4D,96,17,4040,,0,1174,,G,,F,8,281,,,15R215,,,,,,0,0,000000000,00000000000,0,0,0,1,0,0,0,0,0,0,0,0,0,0,0,7,7,6,2,12,0,0,0,0,0,99997,7,6,97,7,6,7,998,997,998,998,998,998,998,98,9998,98,9998,8,0,0,0,0,1,2,65,1,1,2,1,28,3,0,53,0,0,0,98,0,0
40,400206,3,3,1,26,5,0,2,12,6,1,0,93,3,84,881,84881,66,2003,2HSCEAER83C0,2,H,S,C,E,A,E,R,8,3,C,0,1,T,INTL,92I,TR,3,17,,8,0,0,920,D,,,6,855,,,,,00000,00,,64,1,57,222024,57222024,3,6,1,2,2,8,8,1,0,0,0,998,0,0,0,11,1,6,2,8,0,0,0,1,40,73115,6,1,6,1,3,0,72,180,0,0,0,0,0,0,0,0,0,0,0,0,0,0,1,2,65,1,1,2,1,28,3,1,50,8,1,2,66,0,0
40,400207,1,1,1,30,5,15,45,42,0,1,0,40,1,20,481,20481,31,1993,1GCFC24KXPZ2,1,G,C,F,C,2,4,K,X,P,Z,2,0,T,CHEV,GC2,PK,93,17,,2,0,1315,GM4,G,,,8,350,,,,C,4023,02,,42,0,0,000000000,00000000000,0,0,0,1,0,0,0,0,0,0,0,998,0,0,0,3,3,6,2,42,0,0,0,1,40,73086,4,1,4,0,2,3,72,175,0,0,0,0,0,0,0,0,0,1,58,0,0,0,1,2,65,1,1,2,1,0,0,1,13,6,4,4,2,1,1
40,400208,1,2,7,4,6,10,44,24,0,1,0,40,1,20,403,20403,14,2004,1GNDS13S6421,1,G,N,D,S,1,3,S,6,4,2,1,0,P,CHEV,TRL,UT,4,17,4425,,0,1130,,G,,F,6,256,,,16R245,,,,,,0,0,000000000,00000000000,0,0,0,1,0,0,0,0,0,0,0,998,0,0,0,5,13,6,2,12,0,0,0,1,40,74012,6,1,0,0,3,3,72,190,0,0,0,0,0,0,0,0,0,0,58,27,0,0,2,2,75,1,6,2,1,0,0,15,13,7,1,4,3,6,0
40,400208,2,2,1,4,6,10,44,24,0,1,0,40,1,7,482,7482,31,2008,1D7HU18298S5,1,D,7,H,U,1,8,2,9,8,S,5,1,T,DODG,SQ1,CW,8,17,,2,1605,1405,RPC,G,,,8,348,,,,B,5201,00,E,44,1,0,000000000,00000000000,0,0,0,1,0,0,0,0,0,0,0,998,0,0,0,12,13,6,2,12,0,0,0,1,40,74501,6,1,0,0,3,0,72,230,0,0,0,0,0,0,0,0,0,0,0,0,0,0,2,2,75,1,5,2,1,0,0,1,62,7,1,1,98,1,0
40,400209,1,2,1,5,6,3,41,12,1,1,0,40,1,7,880,7880,67,2007,3D7ML48C67G7,3,D,7,M,L,4,8,C,6,7,G,7,0,T,DODG,SQ3,CW,7,17,,3,0,1600,RPC,D,,,6,359,,,,D,6282,07,E,42,0,88,888888888,88888888888,2,1,97,1,0,0,0,0,0,0,0,0,0,0,0,6,6,6,2,12,0,0,0,1,48,75090,6,1,0,0,3,0,999,999,0,0,0,0,0,0,0,0,0,0,54,0,0,0,3,2,70,1,1,2,1,0,0,5,53,1,1,1,21,0,1
40,400209,2,2,1,5,6,3,41,12,1,1,0,40,1,49,40,49040,4,2010,4T1BF3EK8AU5,4,T,1,B,F,3,E,K,8,A,U,5,0,P,TOYT,CBA,4D,10,17,3263,,0,1093,,G,,F,4,152,,,16R215,,,,,,0,0,000000000,00000000000,0,0,0,1,0,0,0,0,0,0,0,998,0,0,0,12,12,6,2,12,0,0,0,1,40,73119,6,1,0,0,3,3,66,190,0,0,0,0,0,0,0,0,0,0,0,0,0,0,3,2,70,1,1,2,1,0,0,1,50,1,1,1,20,1,0
40,400210,1,1,2,21,5,16,4,57,0,1,0,12,1,7,482,7482,31,2006,1D7HA18256S6,1,D,7,H,A,1,8,2,5,6,S,6,1,T,DODG,SQ1,CW,6,17,,2,1605,1405,RPC,G,,,8,348,,,,B,4929,02,E,42,1,0,000000000,00000000000,0,0,0,1,0,0,0,0,0,0,0,998,0,1,3,12,12,6,2,1,0,0,0,1,12,32803,6,1,0,0,3,3,72,999,0,0,0,0,0,0,0,0,0,1,88,58,0,0,3,2,70,1,6,2,1,0,0,1,8,7,4,4,7,1,0
40,400211,1,1,2,1,4,21,39,8,0,1,0,40,1,52,34,52034,4,2002,4A3AA46G42E0,4,A,3,A,A,4,6,G,4,2,E,0,0,P,MITS,UEL,4D,2,17,3075,,0,1037,,G,,F,4,143,,,15R195,,,,,,0,0,000000000,00000000000,0,0,0,1,0,0,0,0,0,0,0,998,0,0,0,12,13,4,4,8,0,0,0,1,40,73139,6,1,0,0,3,3,65,130,0,1,0,1,0,3,2010,6,2010,0,0,0,0,0,1,2,55,1,1,2,1,0,0,1,80,3,1,1,13,0,0
40,400212,1,2,1,13,4,20,43,12,6,1,0,40,1,20,19,20019,4,1996,1G1LD5540TY1,1,G,1,L,D,5,5,4,0,T,Y,1,0,P,CHEV,CSA,4D,96,17,2745,,0,1034,,G,,F,4,133,,,14R195,,,,,,0,0,000000000,00000000000,0,0,0,1,0,0,0,0,0,0,0,998,0,0,0,1,1,4,3,12,0,0,0,1,40,74012,6,1,0,0,3,3,68,180,0,0,0,0,0,0,0,0,0,0,39,0,0,0,1,4,40,1,1,2,1,3,3,1,17,6,1,1,90,0,0
40,400212,2,2,1,13,4,20,43,12,6,1,0,40,1,72,706,72706,80,2007,1HD1PT9177Y9,1,H,D,1,P,T,9,1,7,7,Y,9,0,M,HD,ETA,RS,7,17,,,,,,,1800,,2,,4,694,,,,,,,0,0,000000000,00000000000,0,0,0,1,0,0,0,0,0,0,0,998,0,0,0,12,12,6,2,12,0,0,0,1,40,74011,6,1,0,0,3,0,67,140,0,0,0,0,0,0,0,0,0,0,0,0,0,0,1,4,45,1,1,2,1,3,3,1,66,1,1,1,90,1,0
40,400213,1,2,1,26,5,6,0,12,2,1,0,40,3,23,422,23422,15,2004,1GKEK63U14J2,1,G,K,E,K,6,3,U,1,4,J,2,0,T,GMC,NAL,4W,4,17,,2,0,1160,YUK,G,,,8,364,,,,B,5534,00,4,44,0,0,000000000,00000000000,0,0,0,1,0,0,0,0,0,0,0,65,0,0,0,12,12,6,2,12,0,0,0,1,40,73078,6,1,0,0,3,0,78,257,0,1,0,0,0,2,2009,2,2009,1,28,0,0,0,1,2,45,1,5,2,1,28,3,1,10,1,1,2,50,0,0
40,400213,2,2,1,26,5,6,0,12,2,1,0,40,1,22,441,22441,20,2002,1GMDX03E82D1,1,G,M,D,X,0,3,E,8,2,D,1,0,T,PONT,MON,ES,2,17,,1,0,1200,MON,G,,,6,207,,,,B,3942,00,K,42,0,0,000000000,00000000000,0,0,0,1,0,0,0,0,0,0,0,27,0,0,0,12,12,6,2,12,0,0,0,1,40,73134,6,1,0,0,3,3,73,200,0,0,0,0,0,0,0,0,0,0,0,0,0,0,1,2,45,1,6,2,1,28,3,1,62,4,1,1,51,1,0
40,400214,1,1,1,9,6,2,38,42,0,1,0,40,1,23,481,23481,31,1990,1GTDC14Z0LZ5,1,G,T,D,C,1,4,Z,0,L,Z,5,0,T,GMC,SC1,PK,90,17,,1,1315,1175,SIE,G,,,6,262,,,,B,3717,07,A,42,0,0,000000000,00000000000,0,0,0,1,0,0,0,0,0,0,0,998,0,0,0,12,12,6,2,42,0,0,0,1,40,73098,0,0,0,0,0,0,999,999,99,99,99,99,99,99,9999,99,9999,0,0,0,0,0,1,2,55,3,1,4,11,0,0,14,13,3,2,4,2,1,1
40,400215,1,4,2,14,6,17,15,12,6,1,0,40,1,37,32,37032,4,2007,1HGCM564X7A1,1,H,G,C,M,5,6,4,X,7,A,1,0,P,HOND,ULX,4D,7,17,3197,,0,1079,,G,,F,4,146,,,15R205,,,,,,0,0,000000000,00000000000,0,0,0,1,0,0,0,0,0,0,0,998,0,0,0,3,3,6,2,12,0,0,0,1,40,73026,6,1,0,0,3,0,67,175,0,0,0,0,0,0,0,0,0,0,38,0,0,0,1,2,65,1,1,2,1,20,3,4,17,1,1,1,87,1,0
40,400215,2,4,1,14,6,17,15,12,6,1,0,40,1,20,473,20473,30,2008,1GCCS1992881,1,G,C,C,S,1,9,9,2,8,8,1,0,T,CHEV,RDO,4C,8,17,,1,0,1260,CAL,G,,,4,177,,,,,3303,00,,42,0,0,000000000,00000000000,0,0,0,1,0,0,0,0,0,0,0,998,0,0,0,12,12,6,2,12,0,0,0,1,40,74860,6,1,0,0,3,0,72,155,0,0,0,0,0,0,0,0,0,0,0,0,0,0,1,2,65,1,1,1,1,28,3,1,66,1,1,1,86,0,0
40,400215,3,4,3,14,6,17,15,12,6,1,0,40,1,20,23,20023,6,2006,3GNDA23P36S6,3,G,N,D,A,2,3,P,3,6,S,6,0,P,CHEV,HHR,SV,6,17,3155,,0,1035,,G,,F,4,146,,,16R215,,,,,,0,0,000000000,00000000000,0,0,0,1,0,0,0,0,0,0,0,0,0,0,0,12,12,6,2,12,0,0,0,1,40,74859,6,1,0,0,3,0,74,180,0,0,0,0,0,0,0,0,0,0,0,0,0,0,1,2,65,1,1,2,1,20,3,5,54,1,1,1,98,0,0
40,400215,4,4,5,14,6,17,15,12,6,1,0,40,1,7,482,7482,31,2003,3D7KA28633G7,3,D,7,K,A,2,8,6,3,3,G,7,0,T,DODG,SQ2,CW,3,17,,2,1605,1405,RPC,D,,,6,359,,,,C,5352,07,E,42,0,0,000000000,00000000000,0,0,0,1,0,0,0,0,0,0,0,0,0,0,0,12,12,4,1,12,0,0,0,1,40,74859,6,1,0,0,3,0,70,130,0,0,0,1,0,12,2008,12,2008,0,0,0,0,0,1,2,65,1,1,2,1,20,3,5,98,1,1,1,98,0,0