STATE,ST_CASE,VEH_NO,VE_FORMS,NUMOCCS,DAY,MONTH,HOUR,MINUTE,HARM_EV,MAN_COLL,UNITTYPE,HIT_RUN,REG_STAT,OWNER,MAKE,MODEL,MAK_MOD,BODY_TYP,MOD_YEAR,VIN,VIN_1,VIN_2,VIN_3,VIN_4,VIN_5,VIN_6,VIN_7,VIN_8,VIN_9,VIN_10,VIN_11,VIN_12,TOW_VEH,VINTYPE,VINMAKE,VINA_MOD,VIN_BT,VINMODYR,VIN_LNGT,VIN_WGT,WGTCD_TR,WHLBS_LG,WHLBS_SH,SER_TR,FUELCODE,MCYCL_DS,CARBUR,CYLINDER,DISPLACE,MCYCL_CY,MCYCL_WT,TIRE_SZE,TON_RAT,TRK_WT,TRKWTVAR,VIN_REST,WHLDRWHL,J_KNIFE,MCARR_I1,MCARR_I2,MCARR_ID,GVWR,V_CONFIG,CARGO_BT,HAZ_INV,HAZ_PLAC,HAZ_ID,HAZ_CNO,HAZ_REL,BUS_USE,SPEC_USE,EMER_USE,TRAV_SP,UNDERIDE,ROLLOVER,ROLINLOC,IMPACT1,IMPACT2,DEFORMED,TOWED,M_HARM,VEH_SC1,VEH_SC2,FIRE_EXP,DR_PRES,L_STATE,DR_ZIP,L_STATUS,L_TYPE,CDL_STAT,L_ENDORS,L_COMPL,L_RESTRI,DR_HGT,DR_WGT,PREV_ACC,PREV_SUS,PREV_DWI,PREV_SPD,PREV_OTH,FIRST_MO,FIRST_YR,LAST_MO,LAST_YR,SPEEDREL,DR_SF1,DR_SF2,DR_SF3,DR_SF4,VTRAFWAY,VNUM_LAN,VSPD_LIM,VALIGN,VPROFILE,VPAVETYP,VSURCOND,VTRAFCON,VTCONT_F,P_CRASH1,P_CRASH2,P_CRASH3,PCRASH4,PCRASH5,ACC_TYPE,DEATHS,DR_DRINK
40,400279,2,2,3,30,6,20,50,12,1,1,0,40,1,7,20,7020,4,2001,1B3ES46C71D2,1,B,3,E,S,4,6,C,7,1,D,2,0,P,DODG,NSS,4D,1,17,2585,,0,1050,,G,,F,4,122,,,14R185,,,,,,0,0,000000000,00000000000,0,0,0,1,0,0,0,0,0,0,0,53,0,0,0,6,6,6,2,12,0,0,0,1,40,74631,6,1,0,0,3,0,63,145,0,0,0,0,0,0,0,0,0,0,0,0,0,0,3,2,55,1,1,1,1,0,0,1,53,1,1,1,25,1,0
40,400280,1,2,1,6,7,14,49,12,6,1,0,40,1,7,482,7482,31,2002,1D7HA18Z32S7,1,D,7,H,A,1,8,Z,3,2,S,7,0,T,DODG,Q15,CW,2,17,,2,1605,1405,RPC,G,,,8,360,,,,B,4747,01,E,42,0,0,000000000,00000000000,0,0,0,1,0,0,0,0,0,0,0,998,0,0,0,11,11,6,2,12,0,0,0,1,40,73438,6,1,0,0,3,3,72,225,0,0,0,0,0,0,0,0,0,0,48,0,0,0,1,2,65,1,1,2,1,28,3,11,15,1,1,1,84,1,0
40,400280,2,2,1,6,7,14,49,12,6,1,0,40,1,12,481,12481,31,2005,1FTNX20565EB,1,F,T,N,X,2,0,5,6,5,E,B,0,T,FORD,F2S,4C,5,17,,2,1580,1418,SRW,G,,,8,330,,,,C,5841,00,U,42,0,0,000000000,00000000000,0,0,0,1,0,0,0,0,0,0,0,998,0,0,0,1,1,6,2,12,0,0,0,1,40,73401,6,1,6,0,3,0,72,200,0,0,0,0,2,3,2011,3,2011,0,0,0,0,0,1,2,65,1,1,2,1,28,3,1,62,1,1,1,84,0,0
40,400281,1,1,1,17,7,21,23,8,0,1,0,40,2,12,481,12481,31,2000,1FTZF1723YKA,1,F,T,Z,F,1,7,2,3,Y,K,A,0,T,FORD,F15,PK,0,17,,1,1385,1199,COF,G,,,6,256,,,,B,3923,04,U,42,0,0,000000000,00000000000,0,0,0,1,0,0,0,0,0,0,0,998,0,0,0,12,12,6,2,8,0,0,0,1,40,74126,1,1,0,0,2,3,72,145,0,4,0,0,8,11,2008,6,2011,0,0,0,0,0,1,2,45,1,1,2,1,28,3,1,80,1,1,1,13,0,0
40,400282,1,1,2,19,7,9,0,43,0,1,0,40,1,22,19,22019,2,2007,1G2AL15F5771,1,G,2,A,L,1,5,F,5,7,7,1,0,P,PONT,G/5,CP,7,17,2991,,0,1035,,G,,F,4,134,,,15R195,,,,,,0,0,000000000,00000000000,0,0,0,1,0,0,0,0,0,0,0,998,0,1,1,9,9,6,2,1,0,0,0,1,40,73086,6,1,0,0,3,0,60,110,0,0,0,0,0,0,0,0,0,0,58,0,0,0,2,4,65,3,1,2,1,0,0,1,13,1,1,4,1,1,0
40,400283,1,1,1,22,6,23,2,1,0,1,0,40,1,12,401,12401,14,1999,1FMYU24E7XUB,1,F,M,Y,U,2,4,E,7,X,U,B,0,P,FORD,EPR,UT,99,17,3898,,0,1017,,G,,F,6,245,,,15R235,,,,,,0,0,000000000,00000000000,0,0,0,1,0,0,0,0,0,0,0,49,0,2,5,0,11,6,2,1,0,0,0,1,40,73010,6,1,0,0,3,3,70,152,0,1,0,2,2,12,2008,10,2010,1,58,0,0,0,1,2,35,1,1,2,1,0,0,1,12,8,4,4,7,1,0
40,400284,1,2,2,28,6,20,58,12,6,1,0,48,1,35,43,35043,4,2004,3N1CB51DX4L4,3,N,1,C,B,5,1,D,X,4,L,4,0,P,NISS,S18,4D,4,17,2387,,0,998,,G,,F,4,108,,,15R195,,,,,,0,0,000000000,00000000000,0,0,0,1,0,0,0,0,0,0,0,998,0,1,5,1,1,6,2,12,0,0,0,1,48,75570,6,1,0,0,3,0,999,999,0,0,0,0,0,0,0,0,0,0,28,0,0,0,1,2,65,1,5,2,1,0,0,6,11,1,1,6,66,0,0
40,400284,2,2,1,28,6,20,58,12,6,1,0,48,1,53,705,53705,80,1987,JS1VP51A7H21,J,S,1,V,P,5,1,A,7,H,2,1,0,M,SUZI,VS7,RS,87,17,,,,,,,699,,2,,4,406,,,,,,,0,0,000000000,00000000000,0,0,0,1,0,0,0,0,0,0,0,998,0,0,0,2,2,6,2,12,0,0,0,1,48,75446,6,1,6,0,3,0,999,999,0,0,0,0,0,0,0,0,0,0,0,0,0,0,1,2,65,1,6,2,1,0,0,1,63,1,1,1,66,1,0
40,400285,1,2,1,25,6,23,36,12,1,1,0,40,1,7,442,7442,20,2003,1D8GP25B83B3,1,D,8,G,P,2,5,B,8,3,B,3,0,P,DODG,CAR,SV,3,17,3758,,0,1133,,G,,F,4,148,,,16R215,,,,,,0,0,000000000,00000000000,0,0,0,1,0,0,0,0,0,0,0,998,0,0,0,12,12,6,2,12,0,0,0,1,40,73703,6,1,0,0,3,0,60,110,0,0,0,0,0,0,0,0,0,0,0,0,0,0,1,2,65,1,1,2,1,0,0,1,52,1,1,1,28,1,0
40,400285,2,2,1,25,6,23,36,12,1,1,0,92,0,98,998,98998,92,1981,000000000000,0,0,0,0,0,0,0,0,0,0,0,0,0,,,,,,,,,,,,,,,,,,,,,,,,,0,0,000000000,00000000000,0,0,0,1,0,0,0,0,0,0,0,998,0,0,0,6,6,6,2,12,0,0,0,1,40,73720,6,1,6,0,1,0,75,220,0,0,0,0,0,0,0,0,0,0,0,0,0,0,1,2,65,1,1,2,1,0,0,2,53,1,1,1,29,0,0
40,400286,1,1,3,14,7,13,46,59,0,1,0,40,1,12,16,12016,4,1996,2FALP73W5TX2,2,F,A,L,P,7,3,W,5,T,X,2,0,P,FORD,CVI,4D,96,17,3780,,0,1144,,G,,F,8,281,,,15R215,,,,,,0,0,000000000,00000000000,0,0,0,1,0,0,0,0,0,0,0,998,0,0,0,12,12,6,2,59,0,0,0,1,40,73801,6,1,0,0,3,3,77,220,0,0,0,0,0,0,0,0,0,0,0,0,0,0,1,2,65,1,1,2,1,28,3,1,12,1,1,4,6,2,0
40,400287,1,2,1,15,7,14,50,12,6,1,0,40,1,20,481,20481,31,2006,2GCEK19V5613,2,G,C,E,K,1,9,V,5,6,1,3,0,T,CHEV,SK1,4C,6,17,,2,1575,1340,SIL,G,,,8,293,,,,B,5050,00,,44,0,0,000000000,00000000000,0,0,0,1,0,0,0,0,0,0,0,998,0,0,0,1,1,4,3,12,0,0,0,1,40,73742,6,1,6,0,3,0,73,280,0,0,0,0,0,0,0,0,0,0,0,0,0,0,1,2,55,1,1,5,1,0,0,1,66,1,1,1,87,0,0
40,400287,2,2,1,15,7,14,50,12,6,1,0,92,0,76,702,76702,80,1993,JYA4ESW05PA0,J,Y,A,4,E,S,W,0,5,P,A,0,0,M,YAMA,YZ8,MM,93,17,,,,,,,83,,1,,2,135,,,,,,,0,0,000000000,00000000000,0,0,0,1,0,0,0,0,0,0,0,998,0,0,0,12,12,6,2,12,0,0,0,1,40,73742,2,1,0,0,2,0,67,190,0,0,0,0,0,0,0,0,0,0,39,0,0,0,1,2,55,1,1,5,1,20,3,1,17,1,1,1,86,1,0
40,400288,1,1,1,14,7,11,7,42,0,1,0,40,1,20,481,20481,31,2000,1GCEC14W3YZ3,1,G,C,E,C,1,4,W,3,Y,Z,3,0,T,CHEV,SC1,PK,0,17,,2,1330,1190,SIL,G,,,6,262,,,,B,3923,02,,42,0,0,000000000,00000000000,0,0,0,1,0,0,0,0,0,0,0,998,0,0,0,12,12,6,2,42,0,0,0,1,40,74074,6,1,6,0,3,0,72,170,1,0,0,2,3,10,2008,1,2011,0,0,0,0,0,1,2,65,1,1,1,1,28,3,1,12,1,1,4,6,1,0
40,400289,1,1,1,15,7,8,58,32,0,1,0,40,2,20,481,20481,31,2008,1GCHC24K78E1,1,G,C,H,C,2,4,K,7,8,E,1,1,T,CHEV,2CH,PK,8,17,,2,0,1330,SIL,G,,,8,366,,,,C,5308,01,,42,1,0,000000000,00000000000,0,0,0,1,0,0,0,0,0,0,0,998,0,0,0,12,12,6,2,32,0,0,1,1,40,73701,6,1,0,0,3,0,72,145,0,0,0,0,0,0,0,0,0,0,0,0,0,0,2,2,70,1,1,1,1,0,0,1,13,1,1,4,1,1,0
40,400290,1,1,1,24,7,3,0,1,0,1,0,40,1,20,481,20481,31,2000,1GCEK19T5YE2,1,G,C,E,K,1,9,T,5,Y,E,2,0,T,CHEV,SK1,3C,0,17,,2,1575,1435,SIL,G,,,8,325,,,,B,4621,02,,44,0,0,000000000,00000000000,0,0,0,1,0,0,0,0,0,0,0,998,0,2,5,0,13,6,2,1,0,0,0,1,40,73718,2,1,0,0,2,3,73,210,0,1,1,0,0,12,2010,1,2011,0,58,0,0,0,1,2,65,1,1,2,1,0,0,1,13,7,4,4,2,1,1
40,400291,1,3,1,10,7,15,25,12,6,1,0,40,2,20,16,20016,2,1997,1G1JC1249V73,1,G,1,J,C,1,2,4,9,V,7,3,0,P,CHEV,C/S,CP,97,17,2584,,0,1041,,G,,F,4,133,,,14R195,,,,,,0,0,000000000,00000000000,0,0,0,1,0,0,0,0,0,0,0,998,0,0,0,11,11,6,2,12,0,0,0,1,40,74701,0,0,0,0,0,0,73,155,0,1,1,0,3,11,2009,12,2010,0,28,0,0,0,1,2,65,1,3,2,1,28,3,1,10,1,1,2,64,1,1
40,400291,2,3,2,10,7,15,25,12,6,1,0,40,1,22,22,22022,4,2006,1G2ZG5582642,1,G,2,Z,G,5,5,8,2,6,4,2,0,P,PONT,GS1,4D,6,17,3419,,0,1123,,G,,F,6,214,,,16R215,,,,,,0,0,000000000,00000000000,0,0,0,1,0,0,0,0,0,0,0,998,0,0,0,11,11,6,2,12,0,0,0,1,40,74743,6,1,6,0,3,3,64,135,0,0,0,0,0,0,0,0,0,0,0,0,0,0,1,2,65,1,3,2,1,28,3,1,62,8,1,2,65,0,0
40,400291,3,3,2,10,7,15,25,12,6,1,0,40,2,7,403,7403,14,2007,1D8GT28K37W6,1,D,8,G,T,2,8,K,3,7,W,6,0,P,DODG,NIT,UT,7,17,3931,,0,1088,,G,,F,6,225,,,16R225,,,,,,0,0,000000000,00000000000,0,0,0,1,0,0,0,0,0,0,0,998,0,0,0,11,11,2,1,12,0,0,0,1,40,74728,6,1,6,0,3,3,70,260,0,0,0,1,0,11,2009,11,2009,0,0,0,0,0,1,2,65,1,3,2,1,28,3,1,63,6,1,2,98,0,0
40,400292,1,1,1,24,7,23,47,32,0,1,0,40,1,59,31,59031,4,1997,JT8BF22G3V00,J,T,8,B,F,2,2,G,3,V,0,0,0,P,LEXS,ES3,4D,97,17,3296,,0,1051,,G,,F,6,183,,,15R205,,,,,,0,0,000000000,00000000000,0,0,0,1,0,0,0,0,0,0,0,998,0,1,5,12,12,6,2,1,0,0,0,1,40,74447,6,1,0,0,3,0,63,100,0,0,0,0,0,0,0,0,0,0,0,0,0,0,1,2,65,1,1,2,1,28,3,1,12,1,1,4,6,1,1
40,400293,1,1,1,13,7,6,0,42,0,1,0,40,3,12,481,12481,31,1997,1FTDF1721VKC,1,F,T,D,F,1,7,2,1,V,K,C,0,T,FORD,F15,PK,97,17,,1,1390,1200,COF,G,,,6,256,,,,B,3850,01,E,42,0,0,000000000,00000000000,0,0,0,1,0,0,0,0,0,0,0,998,0,0,0,11,12,6,2,42,0,0,0,1,40,74464,6,1,0,0,3,3,69,120,0,0,0,0,0,0,0,0,0,0,0,0,0,0,1,2,65,1,5,2,1,0,0,1,12,1,1,4,6,1,0
40,400294,1,2,2,25,6,8,10,12,2,1,0,40,1,12,3,12003,2,2002,1FAFP40432F2,1,F,A,F,P,4,0,4,3,2,F,2,0,P,FORD,MUS,CP,2,17,3066,,0,1013,,G,,F,6,232,,,16R225,,,,,,0,0,000000000,00000000000,0,0,0,1,0,0,0,0,0,0,0,998,0,0,0,12,12,6,2,12,0,0,0,1,40,74820,6,2,0,0,3,3,66,130,0,0,0,0,0,0,0,0,0,0,51,0,0,0,1,2,65,2,1,2,1,28,3,14,54,7,1,2,52,2,0
40,400294,2,2,1,25,6,8,10,12,2,1,0,40,1,82,881,82881,66,1996,1FUPFSEB2TP8,1,F,U,P,F,S,E,B,2,T,P,8,1,T,FRHT,FLD,TR,96,17,,8,0,0,CON,D,,,6,774,,,,,00000,00,,64,1,57,766583,57766583,3,6,2,1,0,0,0,0,0,0,0,998,0,0,0,12,12,6,2,12,0,0,0,1,40,74865,6,1,6,1,3,0,74,235,0,0,0,0,0,0,0,0,0,0,0,0,0,0,1,2,65,3,1,2,1,28,3,14,54,6,1,2,52,0,0
40,400295,1,2,1,29,6,6,58,12,6,1,0,40,1,18,22,18022,4,2005,2G4WC5326512,2,G,4,W,C,5,3,2,6,5,1,2,0,P,BUIC,LCX,4D,5,17,3495,,0,1138,,G,,F,6,232,,,16R225,,,,,,0,0,000000000,00000000000,0,0,0,1,0,0,0,0,0,0,0,998,0,0,0,9,98,6,2,12,0,0,0,1,40,73114,6,1,0,0,3,0,63,267,0,2,0,0,1,6,2009,4,2011,0,39,0,0,0,1,4,35,1,6,2,2,3,3,1,17,1,1,1,74,1,0
40,400295,2,2,1,29,6,6,58,12,6,1,0,40,1,7,482,7482,31,2004,1D7HA18N34J2,1,D,7,H,A,1,8,N,3,4,J,2,0,T,DODG,SQ1,CW,4,17,,2,1605,1405,RPC,G,,,8,287,,,,B,4820,01,E,42,0,0,000000000,00000000000,0,0,0,1,0,0,0,0,0,0,0,998,0,0,0,1,98,6,2,12,0,0,0,1,40,73020,6,1,0,0,3,3,68,130,0,1,0,0,0,9,2009,9,2009,0,0,0,0,0,1,4,35,1,1,2,2,3,3,11,15,1,1,1,74,0,0
40,400296,1,2,3,28,6,15,5,12,6,1,0,40,2,20,19,20019,4,1992,1G1LT53TXNY2,1,G,1,L,T,5,3,T,X,N,Y,2,0,P,CHEV,COL,4D,92,17,2638,,0,1034,,G,,F,6,191,,,14R185,,,,,,0,0,000000000,00000000000,0,0,0,1,0,0,0,0,0,0,0,998,0,0,0,11,11,6,2,12,0,0,0,1,40,74401,0,0,0,0,0,0,999,999,0,0,0,0,0,0,0,0,0,0,28,0,0,0,1,2,45,1,6,2,1,28,3,99,10,1,1,2,64,2,0
40,400296,2,2,3,28,6,15,5,12,6,1,0,40,3,12,870,12870,61,2006,1FDXE45P46HB,1,F,D,X,E,4,5,P,4,6,H,B,0,T,FORD,4DC,YY,6,17,,4,1760,1580,CTV,D,,,8,366,,,,,00000,00,K,42,0,88,888888888,88888888888,2,1,97,1,0,0,0,0,0,6,0,998,0,0,0,11,11,6,2,12,0,0,0,1,40,74435,6,1,0,0,3,0,66,130,0,0,0,0,0,0,0,0,0,0,0,0,0,0,1,2,45,1,6,2,1,28,3,1,62,1,1,1,65,0,0
40,400297,1,1,1,20,7,21,30,21,0,1,0,40,1,20,23,20023,6,2010,3GNBABDB7AS5,3,G,N,B,A,B,D,B,7,A,S,5,0,P,CHEV,HHR,UT,10,17,3208,,0,1035,,F,,F,4,134,,,16R215,,,,,,0,0,000000000,00000000000,0,0,0,1,0,0,0,0,0,0,0,998,0,0,0,12,12,6,2,21,0,0,0,1,40,74525,6,1,0,0,3,3,66,175,0,0,0,0,0,0,0,0,0,0,0,0,0,0,1,2,45,1,1,2,1,0,0,1,12,1,1,4,6,1,0
40,400298,1,2,1,15,7,1,0,12,6,1,0,92,0,37,733,37733,90,2004,478TE2705443,4,7,8,T,E,2,7,0,5,4,4,3,0,M,HOND,TXE,AT,4,17,,,,,,,229,,1,,4,349,,,,,,,0,0,000000000,00000000000,0,0,0,1,0,0,0,0,0,0,0,0,0,0,0,11,11,6,2,12,0,0,0,1,40,73742,6,1,0,0,1,0,66,130,0,0,0,0,0,0,0,0,0,0,0,0,0,0,1,2,55,1,1,5,1,0,0,5,62,1,1,1,65,1,1
40,400298,2,2,1,15,7,1,0,12,6,1,0,92,0,37,734,37734,90,2004,478TE2307444,4,7,8,T,E,2,3,0,7,4,4,4,0,M,HOND,TRE,AT,4,17,,,,,,,397,,1,,4,375,,,,,,,0,0,000000000,00000000000,0,0,0,1,0,0,0,0,0,0,0,998,0,1,1,11,11,6,2,12,0,0,0,1,40,73028,2,1,0,0,1,0,70,240,0,1,1,0,0,1,2011,2,2011,0,28,0,0,0,1,2,55,1,1,5,1,0,0,1,10,1,1,2,64,0,1
40,400299,1,1,2,22,7,12,15,43,0,1,0,40,2,35,50,35050,5,2009,3N1BC13E49L5,3,N,1,B,C,1,3,E,4,9,L,5,0,P,NISS,VSL,4H,9,17,2693,,0,1024,,G,,F,4,110,,,15R185,,,,,,0,0,000000000,00000000000,0,0,0,1,0,0,0,0,0,0,0,998,0,1,5,11,8,6,2,1,0,0,0,1,40,73139,6,1,0,0,3,0,66,120,0,1,0,0,4,1,2009,10,2009,0,0,0,0,0,3,2,75,1,6,1,1,0,0,1,13,1,1,4,1,1,0
40,400300,1,1,1,26,7,6,0,1,0,1,0,40,2,73,706,73706,80,2006,JKBZXNA106A0,J,K,B,Z,X,N,A,1,0,6,A,0,0,M,KAWK,X4A,RC,6,17,,,,,,,1352,,4,,4,474,,,,,,,0,0,000000000,00000000000,0,0,0,1,0,0,0,0,0,0,0,998,0,0,0,0,6,6,2,38,0,0,0,1,40,74106,6,1,0,0,3,0,72,175,0,0,0,2,1,11,2008,5,2010,1,0,0,0,0,2,2,65,3,1,1,1,0,0,14,13,1,9,4,2,1,1
40,400301,1,1,1,21,7,19,45,24,0,1,0,40,1,7,442,7442,20,2005,2D8GP24R95R2,2,D,8,G,P,2,4,R,9,5,R,2,0,T,DODG,GCS,ES,5,17,,1,0,1193,CAR,G,,,6,201,,,,,3867,00,K,42,0,0,000000000,00000000000,0,0,0,1,0,0,0,0,0,0,0,998,0,1,5,11,13,6,2,1,0,0,0,1,40,73505,6,1,0,0,3,3,69,140,0,0,0,0,0,0,0,0,0,0,0,0,0,0,3,2,75,1,1,1,1,0,0,1,13,1,1,4,1,1,0
40,400302,1,2,3,7,7,13,33,12,6,1,0,40,2,35,471,35471,30,1997,1N6SD11S0VC4,1,N,6,S,D,1,1,S,0,V,C,4,0,T,NISS,XES,PK,97,17,,1,0,1043,TRK,G,,,4,146,,,,B,2718,01,M,42,0,0,000000000,00000000000,0,0,0,1,0,0,0,0,0,0,0,998,0,1,5,12,13,6,2,12,0,0,0,1,40,74601,6,1,0,0,3,0,68,150,0,0,0,4,0,9,2009,1,2011,0,39,0,0,0,1,2,55,1,1,4,1,20,3,1,17,1,1,1,88,0,0
40,400302,2,2,1,7,7,13,33,12,6,1,0,40,1,73,706,73706,80,2001,JKBVNCA101B5,J,K,B,V,N,C,A,1,0,1,B,5,0,M,KAWK,VN8,RS,1,17,,,,,,,800,,2,,4,496,,,,,,,0,0,000000000,00000000000,0,0,0,1,0,0,0,0,0,0,0,998,0,0,0,9,9,6,2,12,0,0,0,1,40,74631,6,1,6,0,3,0,72,190,0,0,0,1,1,9,2009,6,2011,0,0,0,0,0,1,2,55,1,1,2,1,0,0,1,66,1,1,1,89,1,0
40,400303,1,3,1,17,7,12,0,12,6,1,0,40,3,12,16,12016,4,2003,2FAFP71W13X1,2,F,A,F,P,7,1,W,1,3,X,1,0,P,FORD,CVP,4D,3,17,3946,,0,1147,,G,,F,8,281,,,16R225,,,,,,0,0,000000000,00000000000,0,0,0,1,0,0,0,0,0,5,1,998,0,0,0,12,12,6,2,12,0,0,0,1,40,74058,6,1,6,0,3,3,67,190,0,0,0,0,0,0,0,0,0,1,16,85,0,0,1,2,65,1,5,2,1,28,3,17,8,6,4,4,66,0,0
40,400303,2,3,3,17,7,12,0,12,6,1,0,40,2,49,32,49032,4,2002,1NXBR12E92Z5,1,N,X,B,R,1,2,E,9,2,Z,5,0,P,TOYT,UCS,4D,2,17,2405,,0,970,,G,,F,4,109,,,14R175,,,,,,0,0,000000000,00000000000,0,0,0,1,0,0,0,0,0,0,0,998,0,0,0,11,9,6,2,12,0,0,0,1,40,73020,6,1,0,0,3,0,74,180,0,0,0,0,0,0,0,0,0,0,0,0,0,0,1,2,65,1,6,2,1,28,3,1,62,7,1,4,66,1,0
40,400303,3,3,1,17,7,12,0,12,6,1,0,40,2,22,401,22401,14,2004,3G7DA03E84S5,3,G,7,D,A,0,3,E,8,4,S,5,0,P,PONT,AZT,UT,4,17,3779,,0,1083,,G,,F,6,207,,,16R215,,,,,,0,0,000000000,00000000000,0,0,0,1,0,0,0,0,0,0,0,998,0,0,0,12,12,6,2,12,0,0,0,1,40,74020,6,1,0,0,3,0,73,200,0,0,0,0,0,0,0,0,0,0,0,0,0,0,1,2,65,1,6,2,1,28,3,2,63,4,1,1,98,0,0
40,400304,1,2,2,17,7,1,55,12,6,1,0,40,1,20,2,20002,4,2009,2G1WT57K2911,2,G,1,W,T,5,7,K,2,9,1,1,0,P,CHEV,ILT,4D,9,17,3555,,0,1105,,F,,F,6,214,,,16R225,,,,,,0,0,000000000,00000000000,0,0,0,1,0,0,0,0,0,0,0,998,0,0,0,12,12,6,2,12,0,0,0,1,40,74740,6,1,0,0,3,0,71,175,0,0,0,0,0,0,0,0,0,0,28,0,0,0,1,2,65,1,1,2,1,0,0,1,10,1,1,4,66,1,0
40,400304,2,2,1,17,7,1,55,12,6,1,0,48,2,20,481,20481,31,1993,1GCEC14Z0PZ1,1,G,C,E,C,1,4,Z,0,P,Z,1,0,T,CHEV,GC1,PK,93,17,,2,1315,1175,GM4,G,,,6,262,,,,B,3718,02,,42,0,0,000000000,00000000000,0,0,0,1,0,0,0,0,0,0,0,998,0,0,0,11,12,6,2,12,0,0,0,1,48,75426,6,1,6,0,3,0,999,999,0,0,0,0,0,0,0,0,0,0,0,0,0,0,1,2,65,1,1,2,1,0,0,1,62,7,1,4,66,0,0
40,400305,1,1,1,10,6,23,38,33,0,1,0,40,2,98,709,98709,80,1998,4MZYS11J7W32,4,M,Z,Y,S,1,1,J,7,W,3,2,0,U,,,,98,17,,,,,,,,,,,,,,,,,,,0,0,000000000,00000000000,0,0,0,1,0,0,0,0,0,0,0,998,0,0,0,12,9,6,2,33,0,0,0,1,40,73572,6,1,0,0,3,0,67,185,0,0,0,0,0,0,0,0,0,0,28,0,0,0,2,2,50,1,1,1,2,0,0,99,13,1,1,4,1,1,1
40,400306,1,2,1,23,6,9,33,12,6,1,0,40,1,37,32,37032,2,2003,1HGCM82703A0,1,H,G,C,M,8,2,7,0,3,A,0,0,P,HOND,UEX,CP,3,17,3047,,0,1051,,G,,F,6,183,,,16R205,,,,,,0,0,000000000,00000000000,0,0,0,1,0,0,0,0,0,0,0,998,0,0,0,12,12,6,2,12,0,0,0,1,40,74868,6,1,0,0,3,0,68,200,0,0,0,0,0,0,0,0,0,0,0,0,0,0,1,2,65,1,5,2,1,0,0,1,52,7,1,6,71,1,0
40,400306,2,2,1,23,6,9,33,12,6,1,0,40,2,20,481,20481,31,1997,2GCEC19R0V12,2,G,C,E,C,1,9,R,0,V,1,2,0,T,CHEV,GC1,PC,97,17,,2,1555,1415,GM4,G,,,8,350,,,,B,4160,00,,42,0,0,000000000,00000000000,0,0,0,1,0,0,0,0,0,0,0,998,0,1,1,3,2,6,2,12,0,0,0,1,40,74873,6,2,0,0,3,3,73,175,0,0,0,0,0,0,0,0,0,0,0,0,0,0,1,2,65,1,5,2,1,0,0,10,16,1,1,1,70,0,0
40,400307,1,1,1,17,7,22,6,8,0,1,0,40,1,20,481,20481,31,1993,1GCEK14Z0PZ1,1,G,C,E,K,1,4,Z,0,P,Z,1,0,T,CHEV,GK1,PK,93,17,,2,1315,1175,GM4,G,,,6,262,,,,B,4111,02,,44,0,0,000000000,00000000000,0,0,0,1,0,0,0,0,0,0,0,998,0,0,0,3,3,2,1,8,0,0,0,1,40,74521,6,1,0,0,3,0,71,175,0,0,0,0,0,0,0,0,0,0,0,0,0,0,1,2,65,1,1,2,1,0,0,1,13,1,1,4,13,0,0
40,400308,1,1,1,1,7,22,20,1,0,1,0,40,1,12,481,12481,31,1997,1FTDX1766VKA,1,F,T,D,X,1,7,6,6,V,K,A,0,T,FORD,F15,3C,97,17,,1,1570,1390,COF,G,,,8,281,,,,B,4045,03,E,42,0,0,000000000,00000000000,0,0,0,1,0,0,0,0,0,0,0,998,0,2,5,0,13,6,2,1,0,0,0,1,40,73852,2,1,2,0,2,0,74,250,0,0,0,0,5,8,2008,5,2010,0,58,0,0,0,2,2,65,2,6,2,1,0,0,14,13,6,4,4,2,1,1
40,400309,1,2,5,17,7,12,57,12,2,1,0,40,3,18,20,18020,4,2001,2G4WB55K6112,2,G,4,W,B,5,5,K,6,1,1,2,0,P,BUIC,RLS,4D,1,17,3438,,0,1090,,G,,F,6,231,,,15R215,,,,,,0,0,000000000,00000000000,0,0,0,1,0,0,0,0,0,0,0,998,0,0,0,12,1,6,2,12,0,0,0,1,40,74058,6,2,0,0,3,1,66,147,0,0,0,0,0,0,0,0,0,0,58,0,0,0,1,2,65,1,6,2,1,0,0,1,10,6,4,6,50,5,0
40,400309,2,2,2,17,7,12,57,12,2,1,0,40,2,12,481,12481,31,1997,1FTHW26F1VEA,1,F,T,H,W,2,6,F,1,V,E,A,1,T,FORD,F25,CW,97,17,,2,0,1520,COF,D,,,8,444,,,,C,00000,00,A,44,1,0,000000000,00000000000,0,0,0,1,0,0,0,0,0,0,0,998,0,1,1,12,12,6,2,12,0,0,0,1,40,74085,6,1,0,0,3,0,67,160,0,0,0,0,0,0,0,0,0,0,0,0,0,0,1,2,65,1,5,2,1,0,0,1,62,1,1,1,51,0,0
40,400310,1,1,1,23,7,23,55,32,0,1,0,40,2,12,481,12481,31,2007,1FTSW21P47EA,1,F,T,S,W,2,1,P,4,7,E,A,0,T,FORD,F2S,CW,7,17,,2,1720,1560,SRW,D,,,8,366,,,,C,6538,01,E,44,0,0,000000000,00000000000,0,0,0,1,0,0,0,0,0,0,0,998,0,1,5,14,13,6,2,1,0,0,0,1,40,73521,6,1,6,0,3,3,71,176,0,0,0,0,1,5,2011,5,2011,1,33,0,0,0,1,2,55,1,5,2,1,28,3,6,12,1,3,4,7,1,1