STATE,ST_CASE,VEH_NO,VE_FORMS,NUMOCCS,DAY,MONTH,HOUR,MINUTE,HARM_EV,MAN_COLL,UNITTYPE,HIT_RUN,REG_STAT,OWNER,MAKE,MODEL,MAK_MOD,BODY_TYP,MOD_YEAR,VIN,VIN_1,VIN_2,VIN_3,VIN_4,VIN_5,VIN_6,VIN_7,VIN_8,VIN_9,VIN_10,VIN_11,VIN_12,TOW_VEH,VINTYPE,VINMAKE,VINA_MOD,VIN_BT,VINMODYR,VIN_LNGT,VIN_WGT,WGTCD_TR,WHLBS_LG,WHLBS_SH,SER_TR,FUELCODE,MCYCL_DS,CARBUR,CYLINDER,DISPLACE,MCYCL_CY,MCYCL_WT,TIRE_SZE,TON_RAT,TRK_WT,TRKWTVAR,VIN_REST,WHLDRWHL,J_KNIFE,MCARR_I1,MCARR_I2,MCARR_ID,GVWR,V_CONFIG,CARGO_BT,HAZ_INV,HAZ_PLAC,HAZ_ID,HAZ_CNO,HAZ_REL,BUS_USE,SPEC_USE,EMER_USE,TRAV_SP,UNDERIDE,ROLLOVER,ROLINLOC,IMPACT1,IMPACT2,DEFORMED,TOWED,M_HARM,VEH_SC1,VEH_SC2,FIRE_EXP,DR_PRES,L_STATE,DR_ZIP,L_STATUS,L_TYPE,CDL_STAT,L_ENDORS,L_COMPL,L_RESTRI,DR_HGT,DR_WGT,PREV_ACC,PREV_SUS,PREV_DWI,PREV_SPD,PREV_OTH,FIRST_MO,FIRST_YR,LAST_MO,LAST_YR,SPEEDREL,DR_SF1,DR_SF2,DR_SF3,DR_SF4,VTRAFWAY,VNUM_LAN,VSPD_LIM,VALIGN,VPROFILE,VPAVETYP,VSURCOND,VTRAFCON,VTCONT_F,P_CRASH1,P_CRASH2,P_CRASH3,PCRASH4,PCRASH5,ACC_TYPE,DEATHS,DR_DRINK
40,400409,1,3,2,4,8,19,2,12,2,1,0,40,1,7,402,7402,14,1999,1B4HS28Z8XF7,1,B,4,H,S,2,8,Z,8,X,F,7,0,P,DODG,DUR,UT,99,17,4397,,0,1159,,G,,F,8,360,,,15R235,,,,,,0,0,000000000,00000000000,0,0,0,1,0,0,0,0,0,0,0,998,0,1,1,12,12,6,2,12,0,0,1,1,40,73061,6,1,0,0,3,0,71,200,0,0,0,0,2,9,2009,9,2009,0,28,0,0,0,1,2,65,1,3,2,1,0,0,1,10,1,1,2,50,1,0
40,400409,2,3,2,4,8,19,2,12,2,1,0,22,2,7,41,7041,4,1997,2B3HD46T1VH5,2,B,3,H,D,4,6,T,1,V,H,5,0,P,DODG,INT,4D,97,17,3319,,0,1130,,G,,F,6,201,,,16R225,,,,,,0,0,000000000,00000000000,0,0,0,1,0,0,0,0,0,0,0,998,0,0,0,12,12,6,2,12,0,0,0,1,40,74058,6,1,0,0,3,3,67,132,0,0,0,0,0,0,0,0,0,0,0,0,0,0,1,2,65,1,3,2,1,0,0,1,62,1,1,1,51,2,0
40,400409,3,3,2,4,8,19,2,12,2,1,0,40,2,12,3,12003,2,2006,1ZVFT80N7652,1,Z,V,F,T,8,0,N,7,6,5,2,0,P,FORD,MUS,CP,6,17,3351,,0,1071,,G,,F,6,244,,,16R215,,,,,,0,0,000000000,00000000000,0,0,0,1,0,0,0,0,0,0,0,998,0,0,0,12,12,6,2,12,0,0,0,1,40,74058,6,1,0,0,3,3,77,255,0,0,0,0,0,0,0,0,0,0,0,0,0,0,1,2,65,1,3,2,1,0,0,1,62,3,1,1,98,0,0
40,400410,1,1,2,28,8,19,8,5,0,1,1,40,3,20,2,20002,4,2002,2G1WH55K7291,2,G,1,W,H,5,5,K,7,2,9,1,0,P,CHEV,IPL,4D,2,17,3466,,0,1105,,G,,F,6,231,,,16R225,,,,,,0,0,000000000,00000000000,0,0,0,1,0,0,0,0,0,0,0,998,0,0,0,0,0,0,1,5,0,0,0,1,40,73006,6,1,6,0,3,3,64,230,0,0,0,0,1,5,2010,5,2010,0,92,0,0,0,1,2,25,1,1,2,1,0,0,1,98,1,1,1,0,1,1
40,400411,1,1,1,18,9,21,38,35,0,1,0,40,1,23,481,23481,31,1996,1GTEC14W2TZ5,1,G,T,E,C,1,4,W,2,T,Z,5,0,T,GMC,SC1,PK,96,17,,2,1315,1175,SIE,G,,,6,262,,,,B,3726,04,M,42,0,0,000000000,00000000000,0,0,0,1,0,0,0,0,0,0,0,998,0,1,5,1,13,6,2,1,0,0,0,1,40,74849,6,1,6,0,3,3,70,155,0,1,0,0,1,3,2009,10,2009,1,0,0,0,0,1,2,45,1,5,4,1,0,0,1,13,1,1,4,1,1,1
40,400413,1,1,2,12,9,11,7,1,0,1,0,40,3,20,481,20481,31,2000,1GCEC14TXYE3,1,G,C,E,C,1,4,T,X,Y,E,3,0,T,CHEV,SC1,PK,0,17,,2,1330,1190,SIL,G,,,8,325,,,,B,3923,02,,42,0,0,000000000,00000000000,0,0,0,1,0,0,0,0,0,0,0,998,0,1,5,0,13,6,2,1,0,0,0,1,40,74464,6,1,0,0,3,0,69,115,0,0,0,0,0,0,0,0,0,0,58,0,0,0,1,2,45,1,1,2,1,28,3,1,13,6,4,4,2,1,0
40,400414,1,1,1,19,9,4,30,1,0,1,0,40,1,72,706,72706,80,2007,1HD1KB4107Y6,1,H,D,1,K,B,4,1,0,7,Y,6,0,M,HD,FHX,RS,7,17,,,,,,,1584,,2,,4,733,,,,,,,0,0,000000000,00000000000,0,0,0,1,0,0,0,0,0,0,0,998,0,0,0,0,13,6,2,1,0,0,0,1,40,73664,6,1,0,0,2,0,69,170,0,0,0,0,0,0,0,0,0,0,0,0,0,0,1,2,65,1,1,2,1,0,0,1,12,1,1,4,6,1,1
40,400415,1,1,1,7,9,1,10,35,0,1,0,40,1,12,13,12013,2,2000,3FAKP1138YR1,3,F,A,K,P,1,1,3,8,Y,R,1,0,P,FORD,ZX2,CP,0,17,2478,,0,984,,G,,F,4,121,,,15R185,,,,,,0,0,000000000,00000000000,0,0,0,1,0,0,0,0,0,0,0,998,0,1,5,9,9,6,2,35,0,0,0,1,40,73433,2,1,0,0,2,0,71,190,1,1,1,0,0,10,2009,11,2009,0,58,0,0,0,1,2,65,3,1,2,1,40,3,1,13,7,3,4,2,1,1
40,400416,1,1,1,27,7,5,7,35,0,1,0,40,2,20,471,20471,30,2002,1GCDT13W02K2,1,G,C,D,T,1,3,W,0,2,K,2,0,T,CHEV,S14,CW,2,17,,1,0,1229,S,G,,,6,262,,,,B,4039,00,,44,0,0,000000000,00000000000,0,0,0,1,0,0,0,0,0,0,0,998,0,1,5,12,13,6,2,1,0,0,0,1,40,73112,0,0,0,0,0,0,67,120,0,2,0,0,0,10,2008,4,2009,1,37,8,0,0,1,2,40,1,1,2,1,50,3,1,12,1,1,4,6,1,1
40,400417,1,1,1,25,9,18,3,35,0,1,0,40,1,72,706,72706,80,2003,1HD1GDV133K3,1,H,D,1,G,D,V,1,3,3,K,3,0,M,HD,FDL,RS,3,17,,,,,,,1450,,2,,4,612,,,,,,,0,0,000000000,00000000000,0,0,0,1,0,0,0,0,0,0,0,998,0,0,0,12,13,6,2,1,0,0,0,1,40,74878,6,1,0,0,3,0,72,150,0,0,0,0,1,12,2009,12,2009,1,58,0,0,0,1,2,55,2,1,2,1,28,3,14,12,6,1,4,6,1,1
40,400418,1,1,1,14,9,1,41,33,0,1,0,40,5,73,706,73706,80,2007,JKAZXCD127A0,J,K,A,Z,X,C,D,1,2,7,A,0,0,M,KAWK,Z1D,RC,7,17,,,,,,,998,,4,,4,386,,,,,,,0,0,000000000,00000000000,0,0,0,1,0,0,0,0,0,0,0,998,0,0,0,12,12,6,2,30,0,0,0,1,40,73108,6,1,0,0,2,3,67,150,0,2,0,0,3,12,2008,7,2010,0,37,0,0,0,4,2,40,2,1,2,1,0,0,14,12,1,1,4,6,1,0
40,400419,1,2,1,19,9,8,52,12,2,1,0,92,0,20,481,20481,31,1984,1GCDC14C9ES1,1,G,C,D,C,1,4,C,9,E,S,1,0,T,CHEV,C10,PK,84,17,,1,1315,1175,C10,D,,,8,379,,,,B,3314,08,,42,0,0,000000000,00000000000,0,0,0,1,0,0,0,0,0,0,0,998,0,0,0,12,12,6,2,12,0,0,0,1,40,73159,6,1,0,0,3,0,71,150,0,1,0,0,1,2,2009,4,2009,0,28,0,0,0,1,4,45,1,3,2,1,28,3,1,10,1,1,2,50,1,0
40,400419,2,2,1,19,9,8,52,12,2,1,0,99,9,51,881,51881,66,2009,4V4NC9TH59N2,4,V,4,N,C,9,T,H,5,9,N,2,1,T,VOLV,VNL,TR,9,17,,8,0,0,VVN,D,,,6,915,,,,,00000,00,,64,1,57,313891,57313891,3,6,11,1,0,0,0,0,0,0,0,998,0,0,0,12,12,6,2,12,0,0,0,1,48,75568,6,1,6,0,3,0,999,999,0,0,0,0,1,7,2010,7,2010,0,0,0,0,0,1,4,45,1,3,2,1,28,3,1,62,7,1,1,51,0,0
40,400420,1,1,1,27,7,2,20,46,0,1,0,40,1,20,481,20481,31,1994,1GCDC14KXRZ1,1,G,C,D,C,1,4,K,X,R,Z,1,0,T,CHEV,GC1,PK,94,17,,1,1315,1175,GM4,G,,,8,350,,,,B,3675,02,,42,0,0,000000000,00000000000,0,0,0,1,0,0,0,0,0,0,0,998,0,1,3,12,13,6,2,1,0,0,0,1,40,73086,6,1,0,0,3,0,70,160,0,0,0,0,0,0,0,0,0,0,0,0,0,0,2,4,55,1,5,2,1,3,3,1,13,1,1,4,1,1,1
40,400421,1,1,3,23,9,21,37,59,0,1,0,40,2,37,32,37032,4,1991,JHMCB7654MC0,J,H,M,C,B,7,6,5,4,M,C,0,0,P,HOND,ALE,4D,91,17,2857,,0,1071,,G,,F,4,132,,,14R185,,,,,,0,0,000000000,00000000000,0,0,0,1,0,0,0,0,0,0,0,998,0,0,0,8,8,6,2,59,0,0,0,1,40,74601,6,1,0,0,3,0,65,120,0,0,0,0,0,0,0,0,0,0,80,0,0,0,2,2,70,1,1,1,1,0,0,1,1,3,4,4,2,1,0
40,400422,1,1,1,31,3,6,52,38,0,1,0,40,1,12,471,12471,30,2000,1FTZR15X3YPB,1,F,T,Z,R,1,5,X,3,Y,P,B,0,T,FORD,RNS,PC,0,17,,1,0,1259,RNG,G,,,6,245,,,,B,3599,01,U,44,0,0,000000000,00000000000,0,0,0,1,0,0,0,0,0,0,0,998,0,1,5,99,12,6,2,1,0,0,0,1,40,74370,6,1,6,0,3,3,68,215,0,0,0,0,0,0,0,0,0,0,0,0,0,0,1,2,45,3,4,2,1,0,0,14,13,1,1,4,1,1,1
40,400423,1,3,1,17,6,20,5,12,6,1,0,40,1,12,481,12481,31,1991,1FTEX15H4MKB,1,F,T,E,X,1,5,H,4,M,K,B,0,T,FORD,F15,PC,91,17,,2,1550,1390,COF,G,,,8,351,,,,B,3892,02,A,42,0,0,000000000,00000000000,0,0,0,1,0,0,0,0,0,0,0,998,0,0,0,9,9,6,2,12,0,0,1,1,40,74354,6,1,0,0,3,0,68,180,0,0,0,0,1,5,2009,5,2009,0,38,0,0,0,1,2,45,1,1,2,1,20,3,1,17,1,1,1,89,1,0
40,400423,2,3,1,17,6,20,5,12,6,1,0,29,3,85,881,85881,66,1999,1XKAD69X0XR8,1,X,K,A,D,6,9,X,0,X,R,8,1,T,KW,T60,TR,99,17,,8,2600,1600,CON,D,,,6,855,,,,,00000,00,,64,1,57,134600,57134600,3,6,3,1,0,0,0,0,0,0,0,998,0,0,0,12,13,6,2,12,0,0,1,1,29,64850,6,1,6,0,3,0,72,278,0,0,0,0,0,0,0,0,0,0,0,0,0,0,1,2,55,1,1,2,1,0,0,1,66,1,1,1,88,0,0
40,400423,3,3,1,17,6,20,5,12,6,1,0,99,9,37,32,37032,4,2004,1HGCM56354A0,1,H,G,C,M,5,6,3,5,4,A,0,0,P,HOND,ULX,4D,4,17,3113,,0,1079,,G,,F,4,146,,,15R205,,,,,,0,0,000000000,00000000000,0,0,0,1,0,0,0,0,0,0,0,998,0,0,0,10,1,6,2,12,0,0,0,1,20,66207,6,1,0,0,3,3,68,130,0,0,0,0,0,0,0,0,0,0,0,0,0,0,1,2,55,1,1,2,1,0,0,1,62,1,1,2,98,0,0
40,400424,1,1,2,18,9,2,35,1,0,1,0,40,1,12,401,12401,14,2002,1FMZU62E82UB,1,F,M,Z,U,6,2,E,8,2,U,B,0,P,FORD,EPR,UT,2,17,4094,,0,1137,,G,,F,6,245,,,16R235,,,,,,0,0,000000000,00000000000,0,0,0,1,0,0,0,0,0,0,0,998,0,2,3,0,13,6,2,1,0,0,0,1,40,74868,6,1,0,0,3,0,64,145,0,2,0,0,1,10,2010,12,2010,1,0,0,0,0,2,2,70,3,6,2,2,0,0,14,6,1,4,4,7,1,0
40,400425,1,1,3,23,8,22,32,34,0,1,0,40,1,12,481,12481,31,2005,1FTSW21P05ED,1,F,T,S,W,2,1,P,0,5,E,D,0,T,FORD,F2S,CW,5,17,,2,1724,1562,SRW,D,,,8,366,,,,C,6538,00,E,44,0,0,000000000,00000000000,0,0,0,1,0,0,0,0,0,0,0,998,0,1,5,11,9,6,2,1,0,0,0,1,40,73432,6,1,0,0,3,0,71,145,1,0,0,1,1,8,2008,8,2008,1,39,0,0,0,1,2,45,1,1,2,1,20,3,1,6,3,3,4,7,1,1
40,400426,1,1,1,29,8,21,13,34,0,1,0,40,2,20,481,20481,31,1993,2GCEC19K9P12,2,G,C,E,C,1,9,K,9,P,1,2,0,T,CHEV,GC1,PC,93,17,,2,1555,1415,GM4,G,,,8,350,,,,B,3998,02,,42,0,0,000000000,00000000000,0,0,0,1,0,0,0,0,0,0,0,998,0,1,5,8,11,6,2,2,0,0,1,1,40,74436,6,1,0,0,3,3,69,170,0,0,0,0,0,0,0,0,0,0,0,0,0,0,1,2,65,2,1,2,1,28,3,14,12,1,3,4,7,1,1
40,400427,1,2,1,12,9,18,55,12,1,1,0,40,1,7,482,7482,31,2002,1D7HA18N82S6,1,D,7,H,A,1,8,N,8,2,S,6,0,T,DODG,Q15,CW,2,17,,2,1605,1405,RPC,G,,,8,287,,,,B,4747,01,E,42,0,0,000000000,00000000000,0,0,0,1,0,0,0,0,0,0,0,998,0,1,1,12,12,6,2,12,0,0,0,1,40,74535,6,1,0,0,3,0,73,195,2,0,0,1,5,7,2010,7,2011,0,0,0,0,0,2,2,65,1,5,2,1,50,3,1,50,1,1,1,20,0,1
40,400427,2,2,1,12,9,18,55,12,1,1,0,48,4,35,47,35047,4,2010,1N4AL2AP5AN4,1,N,4,A,L,2,A,P,5,A,N,4,0,P,NISS,ATS,4D,10,17,3063,,0,1093,,G,,F,4,153,,,16R215,,,,,,0,0,000000000,00000000000,0,0,0,1,0,0,0,0,0,0,0,0,0,0,0,6,6,6,2,12,0,0,0,1,48,75024,6,1,6,0,3,0,999,999,0,0,0,0,0,0,0,0,0,0,0,0,0,0,2,2,65,1,5,2,1,50,3,5,53,1,1,1,21,1,0
40,400428,1,1,1,24,9,6,40,43,0,1,0,40,1,41,471,41471,30,1998,4F4YR16U2WTM,4,F,4,Y,R,1,6,U,2,W,T,M,0,T,MAZD,3CP,PC,98,17,,1,0,1257,B30,G,,,6,182,,,,,3314,00,E,42,0,0,000000000,00000000000,0,0,0,1,0,0,0,0,0,0,0,998,0,1,5,12,13,6,2,1,0,0,0,1,40,74604,6,1,0,0,3,0,70,160,0,1,0,0,0,11,2008,11,2008,0,0,0,0,0,1,2,45,1,1,4,1,0,0,1,12,1,1,4,6,1,0
40,400429,1,1,2,23,8,16,14,1,0,1,0,40,3,20,481,20481,31,2008,1GCHK24688E1,1,G,C,H,K,2,4,6,8,8,E,1,0,T,CHEV,2KH,PK,8,17,,2,0,1330,SIL,D,,,8,403,,,,C,5554,01,,44,0,0,000000000,00000000000,0,0,0,1,0,0,0,0,0,0,0,998,0,1,5,0,9,6,2,1,0,0,0,1,40,73047,6,1,0,0,3,0,65,130,0,0,0,0,0,0,0,0,0,0,58,0,0,0,1,2,45,1,1,1,1,0,0,1,12,6,3,4,7,1,0
40,400430,1,1,2,14,8,13,0,5,0,1,0,40,1,20,401,20401,14,2005,1GNDS13S2521,1,G,N,D,S,1,3,S,2,5,2,1,0,P,CHEV,TRL,UT,5,17,4425,,0,1130,,G,,F,6,256,,,16R245,,,,,,0,0,000000000,00000000000,0,0,0,1,0,0,0,0,0,0,0,998,0,0,0,0,0,2,1,5,0,0,0,1,40,73505,6,1,6,0,3,0,72,205,0,0,0,0,0,0,0,0,0,0,0,0,0,0,1,2,35,1,1,2,1,0,0,1,98,1,1,1,0,1,0
40,400431,1,3,1,10,9,0,9,12,7,1,0,40,2,18,7,18007,4,1999,2G4WS52M9X15,2,G,4,W,S,5,2,M,9,X,1,5,0,P,BUIC,CCU,4D,99,17,3353,,0,1090,,G,,F,6,191,,,15R205,,,,,,0,0,000000000,00000000000,0,0,0,1,0,0,0,0,0,0,0,998,0,0,0,10,2,4,3,12,0,0,0,1,40,73142,6,1,0,0,3,0,70,140,0,0,0,0,1,1,2009,1,2009,0,0,0,0,0,3,4,60,1,1,1,1,0,0,1,60,1,1,1,45,0,0
40,400431,2,3,1,10,9,0,9,12,7,1,0,40,1,6,52,6052,6,2005,3C4FY58BX5T6,3,C,4,F,Y,5,8,B,X,5,T,6,0,P,CHRY,PTC,SV,5,17,3033,,0,1030,,G,,F,4,148,,,15R195,,,,,,0,0,000000000,00000000000,0,0,0,1,0,0,0,0,0,0,0,998,0,0,0,5,5,2,3,12,0,0,0,1,40,73139,6,1,0,0,3,0,59,160,0,0,0,0,0,0,0,0,0,0,27,0,0,0,3,4,60,1,1,1,1,0,0,17,60,7,1,2,46,0,0
40,400431,3,3,1,10,9,0,9,12,7,1,0,40,1,12,401,12401,14,2001,1FMZU67E61UA,1,F,M,Z,U,6,7,E,6,1,U,A,0,P,FORD,EPR,UT,1,17,4117,,0,1259,,G,,F,6,245,,,15R235,,,,,,0,0,000000000,00000000000,0,0,0,1,0,0,0,0,0,0,0,998,0,1,5,8,13,6,2,1,0,0,0,1,40,73109,6,1,0,0,3,0,68,170,0,0,0,0,0,0,0,0,0,0,0,0,0,0,3,4,60,1,1,1,1,0,0,1,60,1,1,1,98,1,1
40,400432,1,2,1,10,9,9,40,12,6,1,0,40,1,87,881,87881,66,1999,1XP5DU9X1XD4,1,X,P,5,D,U,9,X,1,X,D,4,1,T,PTRB,379,TR,99,17,,8,0,0,CON,D,,,6,733,,,,,00000,00,,64,1,57,1261095,571261095,3,6,3,1,0,0,0,0,0,0,0,998,0,0,0,4,4,2,1,12,0,0,0,1,40,74083,6,1,6,0,3,3,71,200,0,0,0,0,0,0,0,0,0,0,0,0,0,0,2,2,65,1,1,2,1,0,0,10,16,1,1,1,74,0,0
40,400432,2,2,1,10,9,9,40,12,6,1,0,40,1,20,39,20039,4,2006,KL1TD56676B5,K,L,1,T,D,5,6,6,7,6,B,5,0,P,CHEV,ABS,4D,6,17,2365,,0,976,,G,,F,4,098,,,14R185,,,,,,0,0,000000000,00000000000,0,0,0,1,0,0,0,0,0,0,0,998,0,0,0,12,12,6,2,12,0,0,0,1,40,74017,6,1,0,0,3,0,61,128,0,0,0,0,0,0,0,0,0,1,0,0,0,0,2,2,65,1,1,2,1,0,0,6,52,1,1,2,74,1,0
40,400433,1,1,1,11,9,18,20,1,0,1,0,40,2,76,703,76703,80,1991,JYA3NVE03MA0,J,Y,A,3,N,V,E,0,3,M,A,0,0,M,YAMA,XT3,T,91,17,,,,,,,346,,1,,4,262,,,,,,,0,0,000000000,00000000000,0,0,0,1,0,0,0,0,0,0,0,998,0,0,0,0,3,6,2,1,0,0,0,1,40,73071,6,2,0,0,3,2,63,125,0,0,0,0,0,0,0,0,0,1,73,0,0,0,1,2,45,1,6,2,1,0,0,1,13,1,2,6,98,1,0
40,400434,1,1,1,16,9,12,0,1,0,1,0,40,2,98,734,98734,90,2010,4XAZX85A1AA0,4,X,A,Z,X,8,5,A,1,A,A,0,0,M,POLS,SE8,AT,10,17,,,,,,,850,,2,,4,783,,,,,,,0,0,000000000,00000000000,0,0,0,1,0,0,0,0,0,0,0,998,0,1,1,0,14,6,2,1,0,0,0,1,40,73644,6,1,0,0,1,0,74,200,0,0,0,0,0,0,0,0,0,0,0,0,0,0,1,2,55,3,1,4,1,0,0,14,52,6,4,2,98,1,0
40,400435,1,2,3,16,9,15,53,12,6,1,0,40,2,9,19,9019,4,1993,1P3XA46K0PF5,1,P,3,X,A,4,6,K,0,P,F,5,0,P,PLYM,ACC,4D,93,17,2776,,0,1035,,G,,F,4,153,,,14R185,,,,,,0,0,000000000,00000000000,0,0,0,1,0,0,0,0,0,0,0,998,0,0,0,1,1,6,2,12,0,0,0,1,40,74964,6,1,0,0,3,3,60,117,0,0,0,0,0,0,0,0,0,0,28,0,0,0,1,2,65,1,1,2,2,28,3,1,10,1,1,2,64,1,0
40,400435,2,2,2,16,9,15,53,12,6,1,0,40,2,12,481,12481,31,1989,1FTDF15N4KNB,1,F,T,D,F,1,5,N,4,K,N,B,0,T,FORD,F15,PK,89,17,,1,1330,1170,COF,G,,,8,302,,,,B,3535,01,A,42,0,0,000000000,00000000000,0,0,0,1,0,0,0,0,0,0,0,998,0,0,0,12,12,6,2,12,0,0,0,1,40,74464,6,1,0,0,3,3,73,152,0,1,0,1,0,1,2009,7,2009,0,0,0,0,0,1,2,65,1,1,2,2,28,3,1,62,1,1,1,65,0,0
40,400436,1,1,1,23,9,16,12,24,0,1,0,40,1,12,481,12481,31,2003,1FTRX17253NA,1,F,T,R,X,1,7,2,5,3,N,A,0,T,FORD,F15,4C,3,17,,2,1571,1385,COF,G,,,6,256,,,,B,4060,00,U,42,0,0,000000000,00000000000,0,0,0,1,0,0,0,0,0,0,0,998,0,1,5,11,12,6,2,1,0,0,0,1,40,74562,6,1,0,0,3,3,68,180,0,0,0,0,0,0,0,0,0,0,0,0,0,0,1,2,45,1,6,2,1,0,0,1,12,1,1,4,6,1,1
40,400437,1,2,1,21,9,5,20,12,6,1,0,40,3,86,881,86881,66,2006,1M1AJ06Y56N0,1,M,1,A,J,0,6,Y,5,6,N,0,1,T,MACK,CHN,TR,6,17,,8,0,0,600,D,,,6,728,,,,,00000,00,,64,1,57,01316458,5701316458,3,6,2,1,0,0,0,0,0,0,0,998,0,0,0,11,12,6,2,12,0,0,1,1,40,73036,6,1,6,1,3,3,72,158,0,0,0,0,0,0,0,0,0,0,0,0,0,0,1,2,65,1,6,2,1,28,3,1,62,1,1,1,65,0,0
40,400437,2,2,2,21,9,5,20,12,6,1,0,40,1,7,482,7482,31,2011,1D7RV1CT0BS6,1,D,7,R,V,1,C,T,0,B,S,6,0,T,DODG,150,CW,11,17,,2,0,1400,RPC,G,,,8,348,,,,B,5308,00,K,44,0,0,000000000,00000000000,0,0,0,1,0,0,0,0,0,0,0,998,0,0,0,12,12,6,2,12,0,0,1,1,40,73003,6,1,0,0,3,0,72,245,0,3,0,2,1,6,2009,3,2011,0,0,0,0,0,1,2,65,1,5,2,1,28,3,1,10,6,1,6,64,1,1
40,400438,1,2,3,22,9,21,9,12,1,1,0,40,2,7,17,7017,3,1993,1B3XP24D8PN6,1,B,3,X,P,2,4,D,8,P,N,6,0,P,DODG,SHA,2H,93,17,2509,,0,972,,G,,F,4,135,,,14R185,,,,,,0,0,000000000,00000000000,0,0,0,1,0,0,0,0,0,0,0,998,0,0,0,6,6,6,2,12,0,0,0,1,40,73020,6,1,0,0,3,3,70,220,0,0,0,0,0,0,0,0,0,0,0,0,0,0,1,2,45,1,5,2,1,0,0,2,53,1,1,1,31,1,0
40,400438,2,2,1,22,9,21,9,12,1,1,0,40,1,20,481,20481,31,2008,3GCEK13J78G2,3,G,C,E,K,1,3,J,7,8,G,2,0,T,CHEV,SK1,CW,8,17,,2,0,1435,SIL,G,,,8,323,,,,B,5326,00,,44,0,0,000000000,00000000000,0,0,0,1,0,0,0,0,0,0,0,998,0,0,0,12,12,4,1,12,0,0,0,1,40,73130,6,1,0,0,3,0,72,150,0,0,0,0,0,0,0,0,0,1,0,0,0,0,1,2,45,1,5,2,1,0,0,1,52,1,1,1,28,0,0
40,400439,1,1,1,26,9,9,14,38,0,1,0,40,2,23,481,23481,31,2006,2GTEC13Z7613,2,G,T,E,C,1,3,Z,7,6,1,3,0,T,GMC,NC1,CW,6,17,,2,0,1435,SIE,F,,,8,323,,,,B,4987,00,4,42,0,0,000000000,00000000000,0,0,0,1,0,0,0,0,0,0,0,998,0,1,5,12,13,6,2,1,0,0,0,1,48,73460,3,1,3,0,2,2,77,195,0,3,0,0,0,12,2009,12,2010,1,89,74,0,0,1,2,45,1,6,4,1,0,0,1,12,1,4,4,7,1,1
40,400440,1,1,1,1,10,2,3,24,0,1,0,40,1,20,481,20481,31,1997,2GCEC19R0V12,2,G,C,E,C,1,9,R,0,V,1,2,0,T,CHEV,GC1,PC,97,17,,2,1555,1415,GM4,G,,,8,350,,,,B,4160,00,,42,0,0,000000000,00000000000,0,0,0,1,0,0,0,0,0,0,0,998,0,0,0,11,11,6,2,24,0,0,0,1,40,73626,0,0,0,0,0,0,74,300,0,0,0,0,0,0,0,0,0,0,0,0,0,0,1,2,55,3,1,2,1,28,3,1,12,6,2,4,7,1,1
40,400441,1,2,1,8,9,13,40,12,2,1,0,40,2,12,471,12471,30,1994,1FTCR15X0RPA,1,F,T,C,R,1,5,X,0,R,P,A,0,T,FORD,RNS,PC,94,17,,1,0,1250,RNG,G,,,6,245,,,,B,3479,00,A,44,0,0,000000000,00000000000,0,0,0,1,0,0,0,0,0,0,0,998,0,1,1,12,12,6,2,1,0,0,0,1,40,74571,6,1,0,0,3,3,66,123,0,0,0,0,0,0,0,0,0,0,58,28,0,0,1,2,65,1,1,2,1,28,3,1,10,9,1,2,50,0,0
40,400441,2,2,2,8,9,13,40,12,2,1,0,40,1,13,1,13001,4,2005,1LNHM82W85Y6,1,L,N,H,M,8,2,W,8,5,Y,6,0,P,LINC,SGL,4D,5,17,4359,,0,1177,,G,,F,8,281,,,17R225,,,,,,0,0,000000000,00000000000,0,0,0,1,0,0,0,0,0,0,0,998,0,0,0,12,12,6,2,12,0,0,0,1,40,74437,6,1,0,0,3,3,71,196,0,0,0,0,0,0,0,0,0,0,0,0,0,0,1,2,65,1,1,2,1,0,0,1,62,1,1,1,51,1,0
40,400443,1,2,1,3,10,21,3,12,6,1,0,40,1,35,50,35050,4,2008,3N1BC11E68L4,3,N,1,B,C,1,1,E,6,8,L,4,0,P,NISS,VSL,4D,8,17,2627,,0,1024,,G,,F,4,110,,,15R185,,,,,,0,0,000000000,00000000000,0,0,0,1,0,0,0,0,0,0,0,998,0,0,0,3,3,6,2,12,0,0,0,1,40,73075,6,1,0,0,3,3,69,145,0,0,0,0,0,0,0,0,0,0,83,0,0,0,1,2,65,1,6,2,1,0,0,17,87,7,4,6,66,1,0
40,400443,2,2,1,3,10,21,3,12,6,1,0,40,2,22,9,22009,3,2000,2G2FS22KXY21,2,G,2,F,S,2,2,K,X,Y,2,1,0,P,PONT,FBD,2H,0,17,3338,,0,1011,,G,,F,6,231,,,16R215,,,,,,0,0,000000000,00000000000,0,0,0,1,0,0,0,0,0,0,0,998,0,0,0,12,12,6,2,12,0,0,0,1,40,74872,6,2,0,0,3,3,67,170,0,0,0,0,0,0,0,0,0,0,0,0,0,0,1,2,65,1,5,2,1,0,0,1,62,1,1,1,66,0,0