STATE,ST_CASE,VEH_NO,VE_FORMS,NUMOCCS,DAY,MONTH,HOUR,MINUTE,HARM_EV,MAN_COLL,UNITTYPE,HIT_RUN,REG_STAT,OWNER,MAKE,MODEL,MAK_MOD,BODY_TYP,MOD_YEAR,VIN,VIN_1,VIN_2,VIN_3,VIN_4,VIN_5,VIN_6,VIN_7,VIN_8,VIN_9,VIN_10,VIN_11,VIN_12,TOW_VEH,VINTYPE,VINMAKE,VINA_MOD,VIN_BT,VINMODYR,VIN_LNGT,VIN_WGT,WGTCD_TR,WHLBS_LG,WHLBS_SH,SER_TR,FUELCODE,MCYCL_DS,CARBUR,CYLINDER,DISPLACE,MCYCL_CY,MCYCL_WT,TIRE_SZE,TON_RAT,TRK_WT,TRKWTVAR,VIN_REST,WHLDRWHL,J_KNIFE,MCARR_I1,MCARR_I2,MCARR_ID,GVWR,V_CONFIG,CARGO_BT,HAZ_INV,HAZ_PLAC,HAZ_ID,HAZ_CNO,HAZ_REL,BUS_USE,SPEC_USE,EMER_USE,TRAV_SP,UNDERIDE,ROLLOVER,ROLINLOC,IMPACT1,IMPACT2,DEFORMED,TOWED,M_HARM,VEH_SC1,VEH_SC2,FIRE_EXP,DR_PRES,L_STATE,DR_ZIP,L_STATUS,L_TYPE,CDL_STAT,L_ENDORS,L_COMPL,L_RESTRI,DR_HGT,DR_WGT,PREV_ACC,PREV_SUS,PREV_DWI,PREV_SPD,PREV_OTH,FIRST_MO,FIRST_YR,LAST_MO,LAST_YR,SPEEDREL,DR_SF1,DR_SF2,DR_SF3,DR_SF4,VTRAFWAY,VNUM_LAN,VSPD_LIM,VALIGN,VPROFILE,VPAVETYP,VSURCOND,VTRAFCON,VTCONT_F,P_CRASH1,P_CRASH2,P_CRASH3,PCRASH4,PCRASH5,ACC_TYPE,DEATHS,DR_DRINK
40,400474,1,1,3,3,9,5,49,32,0,1,0,40,2,24,1,24001,4,1997,1G8ZH5287VZ1,1,G,8,Z,H,5,2,8,7,V,Z,1,0,P,STRN,SL1,4D,97,17,2293,,0,1024,,G,,F,4,116,,,14R175,,,,,,0,0,000000000,00000000000,0,0,0,1,0,0,0,0,0,0,0,998,0,0,0,12,13,6,2,58,0,0,0,1,40,73135,0,0,0,0,0,0,70,175,0,0,0,0,0,0,0,0,0,0,0,0,0,0,2,3,60,1,1,1,1,0,0,1,12,7,3,4,7,3,0
40,400475,1,1,2,25,9,19,11,18,0,1,0,40,1,37,706,37706,80,2006,1HFSC52696A3,1,H,F,S,C,5,2,6,9,6,A,3,0,M,HOND,X13,RS,6,17,,,,,,,1312,,2,,4,669,,,,,,,0,0,000000000,00000000000,0,0,0,1,0,0,0,0,0,0,0,998,0,0,0,12,3,6,2,1,0,0,0,1,40,74107,6,1,0,0,3,0,70,200,0,0,0,0,0,0,0,0,0,0,40,0,0,0,3,3,45,2,1,1,1,40,3,1,11,1,1,1,12,1,0
40,400476,1,1,1,2,10,15,10,38,0,1,0,40,3,12,461,12461,21,2007,1FTNE24L17DB,1,F,T,N,E,2,4,L,1,7,D,B,0,T,FORD,25V,CG,7,17,,2,0,1380,VAN,G,,,8,330,,,,C,00000,00,E,42,0,0,000000000,00000000000,0,0,0,1,0,0,0,0,0,0,0,998,0,1,5,1,13,6,2,1,0,0,0,1,40,73533,6,1,0,0,3,0,72,160,0,0,0,0,0,0,0,0,0,1,0,0,0,0,1,2,45,1,1,2,1,0,0,1,13,8,4,4,7,1,1
40,400477,1,1,1,16,10,21,15,11,0,1,0,17,3,51,881,51881,66,2006,4V4M19GF46N4,4,V,4,M,1,9,G,F,4,6,N,4,2,T,VOLV,VNM,TR,6,17,,7,0,0,VVN,D,,,6,732,,,,,00000,00,,42,1,57,071821,57071821,3,7,1,1,0,0,0,0,0,0,0,998,0,1,5,12,13,6,2,1,0,0,0,1,47,38337,6,1,6,0,3,0,72,220,0,0,0,1,1,1,2010,2,2011,0,0,0,0,0,3,2,70,1,1,2,1,0,0,1,87,1,1,1,13,1,0
40,400478,1,1,2,16,10,12,32,32,0,1,0,40,1,20,481,20481,31,2009,2GCEC29J4911,2,G,C,E,C,2,9,J,4,9,1,1,0,T,CHEV,2SC,4C,9,17,,2,1575,1339,SIL,G,,,8,323,,,,B,4986,02,,42,0,0,000000000,00000000000,0,0,0,1,0,0,0,0,0,0,0,998,0,1,5,12,12,6,2,32,0,0,0,1,40,74941,6,1,6,0,3,0,69,190,0,1,0,2,3,3,2009,8,2011,0,0,0,0,0,1,2,65,1,1,2,1,0,0,1,12,1,1,4,6,1,1
40,400479,1,1,1,9,10,4,28,43,0,1,0,40,1,37,32,37032,4,2005,3HGCM56485G7,3,H,G,C,M,5,6,4,8,5,G,7,0,P,HOND,ULX,4D,5,17,3177,,0,1079,,G,,F,4,146,,,15R205,,,,,,0,0,000000000,00000000000,0,0,0,1,0,0,0,0,0,0,0,998,0,0,0,12,9,6,2,42,0,0,0,1,5,73013,1,1,0,0,2,0,61,120,0,10,0,2,5,11,2008,3,2011,1,39,89,0,0,1,2,25,1,1,2,11,20,3,99,14,1,1,4,14,1,1
40,400480,1,2,2,8,10,19,35,12,1,1,0,40,1,20,421,20421,15,2001,1GNEK13T81J1,1,G,N,E,K,1,3,T,8,1,J,1,0,P,CHEV,KTA,UT,1,17,5050,,0,1160,,G,,F,8,325,,,16R245,,,,,,0,0,000000000,00000000000,0,0,0,1,0,0,0,0,0,0,0,998,0,0,0,12,12,4,1,12,0,0,0,1,40,73077,6,1,0,0,3,3,74,300,0,0,0,0,0,0,0,0,0,1,0,0,0,0,1,2,65,1,1,2,2,28,3,1,10,1,3,2,98,0,0
40,400480,2,2,4,8,10,19,35,12,1,1,0,40,1,12,13,12013,4,2001,3FAFP13P61R2,3,F,A,F,P,1,3,P,6,1,R,2,0,P,FORD,ESC,4D,1,17,2454,,0,984,,G,,F,4,122,,,14R185,,,,,,0,0,000000000,00000000000,0,0,0,1,0,0,0,0,0,0,0,998,0,0,0,6,6,6,2,12,0,0,0,1,40,73077,6,1,0,0,3,0,69,195,0,0,0,0,0,0,0,0,0,1,0,0,0,0,1,2,65,1,1,2,2,28,3,1,62,1,1,1,98,2,0
40,400481,1,2,1,9,10,17,56,12,6,1,0,40,2,2,404,2404,14,1995,1J4FT68S0SL6,1,J,4,F,T,6,8,S,0,S,L,6,0,T,JEEP,SPT,4W,95,17,,1,0,1014,CHK,G,,,6,242,,,,,2828,00,M,42,0,0,000000000,00000000000,0,0,0,1,0,0,0,0,0,0,0,998,0,0,0,1,3,6,2,12,0,0,0,1,40,73013,6,1,0,0,3,0,69,140,0,0,0,0,0,0,0,0,0,1,0,0,0,0,1,2,55,1,1,2,2,0,0,6,10,1,1,2,46,0,0
40,400481,2,2,2,9,10,17,56,12,6,1,0,40,1,52,37,52037,2,1998,4A3AK34Y1WE1,4,A,3,A,K,3,4,Y,1,W,E,1,0,P,MITS,ERS,2H,98,17,2754,,0,988,,G,,F,4,122,,,14R195,,,,,,0,0,000000000,00000000000,0,0,0,1,0,0,0,0,0,0,0,998,0,0,0,10,2,6,2,12,0,0,0,1,40,73135,6,1,0,0,3,0,68,165,0,0,0,0,0,0,0,0,0,1,0,0,0,0,1,2,55,1,1,2,2,0,0,1,60,1,1,1,45,2,0
40,400482,1,2,1,20,10,16,11,12,6,1,0,40,2,72,706,72706,80,2005,1HD4CJM195K4,1,H,D,4,C,J,M,1,9,5,K,4,0,M,HD,L8C,RS,5,17,,,,,,,883,,2,,4,558,,,,,,,0,0,000000000,00000000000,0,0,0,1,0,0,0,0,0,0,0,998,0,0,0,12,12,6,2,12,0,0,0,1,40,73099,6,1,0,0,3,0,74,235,0,0,0,1,0,7,2009,7,2009,0,0,0,0,0,1,4,45,1,1,2,1,0,0,1,62,1,1,1,69,1,0
40,400482,2,2,3,20,10,16,11,12,6,1,0,40,1,20,481,20481,31,1999,2GCEC19T5X12,2,G,C,E,C,1,9,T,5,X,1,2,0,T,CHEV,SC1,3C,99,17,,2,1575,1435,SIL,G,,,8,325,,,,B,4235,02,,42,0,0,000000000,00000000000,0,0,0,1,0,0,0,0,0,0,0,998,0,0,0,4,4,6,2,12,0,0,0,1,40,73099,6,1,0,0,3,3,68,158,0,0,0,0,0,0,0,0,0,0,48,0,0,0,1,4,45,1,1,2,1,0,0,11,15,1,1,1,68,0,1
40,400483,1,2,3,27,9,17,0,12,6,1,0,40,2,2,406,2406,14,2006,1J8HH48K66C2,1,J,8,H,H,4,8,K,6,6,C,2,0,T,JEEP,BSE,4W,6,17,,2,0,1095,CMD,G,,,6,226,,,,,4484,00,K,42,0,0,000000000,00000000000,0,0,0,1,0,0,0,0,0,0,0,998,0,1,1,2,2,6,2,12,0,0,0,1,40,73401,6,1,0,0,3,0,66,120,0,0,0,0,1,3,2009,3,2009,0,38,0,0,0,2,2,70,1,6,2,1,21,3,1,17,1,1,1,87,1,0
40,400483,2,2,1,27,9,17,0,12,6,1,0,40,1,12,880,12880,67,2004,1FTWW32P34ED,1,F,T,W,W,3,2,P,3,4,E,D,1,T,FORD,F3D,CW,4,17,,3,1720,1560,DRW,D,,,8,366,,,,D,6299,00,E,42,1,88,888888888,88888888888,2,4,97,1,0,0,0,0,0,0,0,998,0,1,1,12,12,6,2,1,0,0,0,1,40,73401,6,1,0,0,3,0,70,232,0,0,0,0,0,0,0,0,0,0,0,0,0,0,2,2,70,1,5,2,1,0,0,1,66,1,1,1,86,0,0
40,400484,1,1,1,15,10,1,20,1,0,1,0,92,0,38,401,38401,14,2001,JACDJ58X017J,J,A,C,D,J,5,8,X,0,1,7,J,0,P,ISU,TRO,UT,1,17,4455,,0,1087,,G,,F,6,213,,,16R245,,,,,,0,0,000000000,00000000000,0,0,0,1,0,0,0,0,0,0,0,998,0,1,5,0,13,6,2,1,0,0,0,1,40,74070,6,1,6,0,3,0,70,170,0,0,0,0,0,0,0,0,0,1,0,0,0,0,1,2,55,1,1,2,1,28,3,1,13,3,3,4,2,1,1
40,400485,1,2,1,15,10,23,0,12,6,1,0,40,1,12,401,12401,14,2001,1FMEU17L21LA,1,F,M,E,U,1,7,L,2,1,L,A,0,P,FORD,EPT,UT,1,17,4886,,0,1191,,G,,F,8,330,,,17R275,,,,,,0,0,000000000,00000000000,0,0,0,1,0,0,0,0,0,0,0,13,0,0,0,10,10,6,2,12,0,0,0,1,40,73071,6,1,0,0,3,0,76,220,0,0,0,0,0,0,0,0,0,0,38,0,0,0,2,2,65,1,1,2,1,20,3,1,17,1,1,1,89,0,0
40,400485,2,2,1,15,10,23,0,12,6,1,0,40,1,72,706,72706,80,2005,1HD1JBB135Y0,1,H,D,1,J,B,B,1,3,5,Y,0,0,M,HD,XDI,RS,5,17,,,,,,,1450,,2,,4,661,,,,,,,0,0,000000000,00000000000,0,0,0,1,0,0,0,0,0,0,0,998,0,0,0,12,12,6,2,12,0,0,0,1,40,73089,6,1,0,0,3,3,70,195,0,0,0,0,0,0,0,0,0,0,0,0,0,0,2,2,65,1,6,2,1,0,0,1,66,1,1,1,88,1,1
40,400486,1,1,1,26,3,10,5,1,0,1,0,40,1,30,47,30047,3,2003,3VWCK21C63M4,3,V,W,C,K,2,1,C,6,3,M,4,0,P,VOLK,NGS,2H,3,17,2873,,0,989,,G,,F,4,121,,,16R205,,,,,,0,0,000000000,00000000000,0,0,0,1,0,0,0,0,0,0,0,998,0,1,5,0,13,6,2,1,0,0,0,1,40,74066,6,1,0,0,3,3,68,145,0,0,0,0,0,0,0,0,0,0,0,0,0,0,1,2,45,1,1,2,1,28,3,1,13,1,3,4,2,1,0
40,400487,1,1,1,26,6,21,20,8,0,1,0,40,2,20,431,20431,16,1999,1GBEC16R9XJ3,1,G,B,E,C,1,6,R,9,X,J,3,0,P,CHEV,C15,UT,99,17,4825,,0,1315,,G,,F,8,350,,,000000,,,,,,0,0,000000000,00000000000,0,0,0,1,0,0,0,0,0,0,0,49,0,0,0,12,12,2,1,8,0,0,0,1,40,74033,6,1,0,0,3,0,69,145,0,0,0,0,0,0,0,0,0,0,0,0,0,0,1,4,45,1,1,2,1,0,0,1,80,1,1,1,13,0,0
40,400488,1,2,2,2,10,14,55,1,0,1,0,40,1,49,32,49032,4,2009,1NXBU40E29Z0,1,N,X,B,U,4,0,E,2,9,Z,0,0,P,TOYT,CBL,4D,9,17,2723,,0,1024,,G,,F,4,110,,,15R195,,,,,,0,0,000000000,00000000000,0,0,0,1,0,0,0,0,0,0,0,998,0,0,0,9,9,4,1,12,0,0,0,1,40,73132,6,1,0,0,3,3,65,115,0,0,0,0,0,0,0,0,0,0,38,0,0,0,1,2,25,1,1,2,1,20,3,11,15,1,1,1,98,0,0
40,400488,2,2,1,2,10,14,55,1,0,1,0,40,1,72,706,72706,80,2007,1HD1HFZ197K8,1,H,D,1,H,F,Z,1,9,7,K,8,0,M,HD,VRA,RS,7,17,,,,,,,1130,,2,,4,637,,,,,,,0,0,000000000,00000000000,0,0,0,1,0,0,0,0,0,0,0,998,0,0,0,0,9,6,4,12,0,0,0,1,40,73115,6,1,0,0,3,0,68,225,0,0,0,0,0,0,0,0,0,0,0,0,0,0,1,2,25,1,1,2,1,0,0,1,67,11,1,1,98,1,0
40,400489,1,1,1,23,10,23,42,1,0,1,0,40,1,7,482,7482,31,2007,1D7HU18247S1,1,D,7,H,U,1,8,2,4,7,S,1,0,T,DODG,SQ1,CW,7,17,,2,1605,1405,RPC,G,,,8,348,,,,B,5197,02,E,44,0,0,000000000,00000000000,0,0,0,1,0,0,0,0,0,0,0,998,0,1,5,0,13,6,2,42,0,0,0,1,40,73507,6,1,0,0,3,0,67,180,0,0,0,0,0,0,0,0,0,1,0,0,0,0,1,2,45,1,4,2,1,0,0,1,12,1,3,4,2,1,1
40,400490,1,2,2,26,10,16,9,12,6,1,0,40,1,20,444,20444,20,2005,1GNDV23L35D2,1,G,N,D,V,2,3,L,3,5,D,2,0,P,CHEV,UPL,SV,5,17,4470,,0,1211,,G,,F,6,214,,,000000,,,,,,0,0,000000000,00000000000,0,0,0,1,0,0,0,0,0,0,0,998,0,1,1,9,9,6,2,1,0,0,0,1,40,73773,6,1,0,0,3,0,62,137,0,0,0,0,0,0,0,0,0,0,38,0,0,0,1,2,35,1,3,2,1,20,3,11,15,1,1,1,82,1,0
40,400490,2,2,1,26,10,16,9,12,6,1,0,40,1,20,25,20025,4,2011,1G1PH5S93B71,1,G,1,P,H,5,S,9,3,B,7,1,0,P,CHEV,CZZ,4D,11,17,3102,,0,1057,,G,,T,4,085,,,18R225,,,,,,0,0,000000000,00000000000,0,0,0,1,0,0,0,0,0,0,0,998,0,0,0,12,12,6,2,12,0,0,0,1,40,73036,6,1,0,0,3,0,62,125,0,0,0,0,0,0,0,0,0,0,0,0,0,0,2,2,65,1,1,2,1,0,0,1,67,1,1,1,83,0,0
40,400491,1,1,1,29,10,2,44,43,0,1,0,40,1,20,36,20036,2,2005,2G1WW12E2591,2,G,1,W,W,1,2,E,2,5,9,1,0,P,CHEV,MLS,CP,5,17,3340,,0,1105,,G,,F,6,207,,,16R225,,,,,,0,0,000000000,00000000000,0,0,0,1,0,0,0,0,0,0,0,998,0,1,6,12,13,6,2,1,0,0,0,1,40,74523,6,1,0,0,3,0,73,180,0,0,0,0,1,5,2011,5,2011,0,0,0,0,0,1,2,65,1,1,2,1,0,0,1,12,1,1,4,6,1,1
40,400492,1,1,1,17,9,7,25,30,0,1,0,40,1,20,481,20481,31,1997,1GCGC24R5VZ2,1,G,C,G,C,2,4,R,5,V,Z,2,0,T,CHEV,GC2,PK,97,17,,2,0,1315,GM4,G,,,8,350,,,,C,4294,04,,42,0,0,000000000,00000000000,0,0,0,1,0,0,0,0,0,0,0,998,0,0,0,1,12,6,2,42,0,0,0,1,40,73069,0,0,0,0,0,0,999,999,0,1,0,0,1,3,2009,4,2009,0,0,0,0,0,1,2,50,1,1,2,1,0,0,1,13,1,1,4,1,1,1
40,400493,1,3,2,14,10,14,30,12,6,1,0,40,1,37,403,37403,14,2006,5J6YH18616L0,5,J,6,Y,H,1,8,6,1,6,L,0,0,P,HOND,ELE,UT,6,17,3441,,0,1014,,G,,F,4,146,,,16R215,,,,,,0,0,000000000,00000000000,0,0,0,1,0,0,0,0,0,0,0,998,0,0,0,12,12,6,2,12,0,0,0,1,40,74016,6,1,0,0,3,0,62,138,0,0,0,0,0,0,0,0,0,0,28,0,0,0,1,2,65,1,1,2,1,0,0,1,10,1,1,2,64,2,0
40,400493,2,3,1,14,10,14,30,12,6,1,0,40,1,21,20,21020,4,1993,1G3AG55N6P64,1,G,3,A,G,5,5,N,6,P,6,4,0,P,OLDS,CIS,4D,93,17,2776,,0,1049,,G,,F,6,204,,,14R185,,,,,,0,0,000000000,00000000000,0,0,0,1,0,0,0,0,0,0,0,998,0,0,0,11,11,6,2,12,0,0,0,1,40,74027,9,9,99,9,9,9,999,999,99,99,99,99,99,99,9999,99,9999,0,0,0,0,0,1,2,65,1,1,2,1,0,0,1,62,1,1,1,65,0,0
40,400493,3,3,1,14,10,14,30,12,6,1,0,20,3,7,880,7880,67,2007,3D7MX48C97G7,3,D,7,M,X,4,8,C,9,7,G,7,1,T,DODG,SQ3,CW,7,17,,3,0,1600,RPC,D,,,6,359,,,,D,6672,06,E,44,1,57,2108087,572108087,2,4,97,1,0,0,0,0,0,0,0,998,0,0,0,12,12,6,2,12,0,0,0,1,20,67341,6,1,6,0,3,0,70,185,0,0,0,0,0,0,0,0,0,0,0,0,0,0,1,2,65,1,1,2,1,0,0,1,62,1,1,1,98,0,0
40,400494,1,1,2,30,9,16,25,35,0,1,0,40,1,12,16,12016,4,1993,2FACP74WXPX1,2,F,A,C,P,7,4,W,X,P,X,1,0,P,FORD,CVL,4D,93,17,3769,,0,1144,,G,,F,8,281,,,15R215,,,,,,0,0,000000000,00000000000,0,0,0,1,0,0,0,0,0,0,0,998,0,1,5,12,12,6,2,35,0,0,0,1,40,74435,6,1,0,0,3,0,65,200,0,0,0,0,0,0,0,0,0,0,0,0,0,0,1,2,45,1,5,2,1,28,3,1,12,1,1,4,6,1,0
40,400495,1,2,1,10,7,8,20,12,6,1,0,40,2,7,34,7034,3,1989,JB3CU14X2KU0,J,B,3,C,U,1,4,X,2,K,U,0,0,P,DODG,CLT,2H,89,17,2194,,0,0,,G,,F,4,090,,,000000,,,,,,0,0,000000000,00000000000,0,0,0,1,0,0,0,0,0,0,0,998,0,0,0,3,3,6,2,12,0,0,0,1,40,74525,6,1,0,0,3,0,65,155,0,0,0,0,0,0,0,0,0,0,48,0,0,0,1,4,45,1,1,2,1,3,3,11,15,1,1,1,68,1,0
40,400495,2,2,1,10,7,8,20,12,6,1,0,17,3,85,881,85881,66,2006,1XKDD49X76R1,1,X,K,D,D,4,9,X,7,6,R,1,1,T,KW,T80,TR,6,17,,8,2600,1600,CON,D,,,6,915,,,,,00000,00,,64,1,57,235527,57235527,3,6,1,1,0,0,0,0,0,0,0,998,0,0,0,12,12,6,2,12,0,0,0,1,27,55123,6,1,6,0,3,3,74,255,0,1,0,0,0,9,2010,9,2010,0,0,0,0,0,1,4,45,1,1,2,1,3,3,1,62,1,1,1,69,0,0
40,400496,1,2,1,23,9,7,20,12,2,1,0,40,1,20,481,20481,31,2005,2GCEK13T8511,2,G,C,E,K,1,3,T,8,5,1,1,0,T,CHEV,SK1,CW,5,17,,2,0,1435,SIL,G,,,8,323,,,,B,5299,00,,44,0,0,000000000,00000000000,0,0,0,1,0,0,0,0,0,0,0,998,0,0,0,12,12,6,2,12,0,0,0,1,40,74059,6,1,0,0,3,0,74,205,0,0,0,0,0,0,0,0,0,0,28,0,0,0,1,2,45,1,1,5,1,0,0,1,10,1,1,2,50,0,0
40,400496,2,2,1,23,9,7,20,12,2,1,0,40,1,12,17,12017,4,1998,1FAFP52U0WA2,1,F,A,F,P,5,2,U,0,W,A,2,0,P,FORD,TLS,4D,98,17,3359,,0,1085,,G,,F,6,182,,,15R205,,,,,,0,0,000000000,00000000000,0,0,0,1,0,0,0,0,0,0,0,998,0,0,0,12,12,6,2,12,0,0,0,1,40,73027,6,1,0,0,3,0,60,160,0,0,0,0,1,10,2009,10,2009,0,0,0,0,0,1,2,45,1,1,5,1,0,0,1,62,1,1,1,51,1,0
40,400497,1,1,1,31,10,7,32,11,0,1,0,40,2,49,471,49471,31,1992,JT4VN13D4N50,J,T,4,V,N,1,3,D,4,N,5,0,0,T,TOYT,ELD,PC,92,17,,1,0,1215,HTP,G,,,6,180,,,,B,00000,00,A,44,0,0,000000000,00000000000,0,0,0,1,0,0,0,0,0,0,0,998,0,1,5,12,13,6,2,1,0,0,0,1,40,74631,6,1,0,0,3,0,74,230,0,0,0,0,0,0,0,0,0,0,0,0,0,0,1,2,55,1,1,4,1,0,0,1,87,1,1,1,13,1,0
40,400498,1,2,1,26,5,9,17,12,2,1,0,40,1,20,16,20016,4,1999,1G1JF52T2X72,1,G,1,J,F,5,2,T,2,X,7,2,0,P,CHEV,CAS,4D,99,17,2644,,0,1041,,G,,F,4,146,,,15R195,,,,,,0,0,000000000,00000000000,0,0,0,1,0,0,0,0,0,0,0,998,1,0,0,12,12,6,2,12,0,0,1,1,40,73529,6,1,0,0,3,0,69,170,0,0,0,0,0,0,0,0,0,0,28,0,0,0,1,2,65,1,1,2,1,0,0,1,10,1,1,2,50,1,0
40,400498,2,2,1,26,5,9,17,12,2,1,0,40,3,82,881,82881,66,2007,1FUJA6CK97LY,1,F,U,J,A,6,C,K,9,7,L,Y,1,T,FRHT,COL,TR,7,17,,8,0,0,CON,D,,,6,855,,,,,00000,00,,64,3,57,00069582,5700069582,3,6,1,1,0,0,0,0,0,0,0,998,0,0,0,12,12,6,2,12,0,0,1,1,48,76028,6,1,6,0,3,3,999,999,0,0,0,0,0,0,0,0,0,0,0,0,0,0,1,2,65,1,1,2,1,0,0,1,62,1,1,1,51,0,0
40,400499,1,1,1,16,10,5,50,8,0,1,1,99,9,99,999,99999,99,9999,999999999999,9,9,9,9,9,9,9,9,9,9,9,9,0,,,,,,,,,,,,,,,,,,,,,,,,,0,0,000000000,00000000000,0,0,0,1,0,0,0,0,0,0,0,998,0,0,0,14,14,4,1,8,0,0,0,1,99,99999,9,9,99,9,9,9,999,999,99,99,99,99,99,99,9999,99,9999,0,0,0,0,0,1,2,55,1,4,2,1,28,3,1,80,1,1,1,13,0,0
40,400500,1,1,3,16,10,17,3,5,0,1,0,40,2,12,880,12880,67,1997,1FTJW35G4VEC,1,F,T,J,W,3,5,G,4,V,E,C,0,T,FORD,F35,CW,97,17,,2,0,1680,COF,G,,,8,460,,,,D,5215,01,A,42,0,88,888888888,88888888888,2,1,97,1,0,0,0,0,0,0,0,998,0,0,0,0,0,0,1,5,0,0,0,1,40,74047,6,1,0,0,3,0,68,198,0,0,0,0,0,0,0,0,0,0,91,0,0,0,1,2,45,1,1,4,1,0,0,1,98,1,1,1,0,1,1
40,400501,1,1,1,1,11,8,1,34,0,1,0,40,1,20,471,20471,30,1997,1GCCS1442V82,1,G,C,C,S,1,4,4,2,V,8,2,0,T,CHEV,S14,PK,97,17,,1,1179,1083,S,G,,,4,133,,,,B,3062,00,,42,0,0,000000000,00000000000,0,0,0,1,0,0,0,0,0,0,0,998,0,1,5,1,1,6,2,34,0,0,0,1,40,74066,6,1,0,0,3,0,69,140,0,0,0,0,0,0,0,0,0,0,0,0,0,0,3,3,60,1,6,1,1,0,0,1,13,1,1,4,1,1,0
40,400502,1,1,2,4,11,5,40,42,0,1,0,40,1,37,32,37032,4,1992,1HGCB7650NA0,1,H,G,C,B,7,6,5,0,N,A,0,0,P,HOND,ALX,4D,92,17,2504,,0,1071,,G,,F,4,132,,,14R185,,,,,,0,0,000000000,00000000000,0,0,0,1,0,0,0,0,0,0,0,998,0,0,0,9,9,6,2,42,0,0,0,1,40,74750,6,1,0,0,3,0,61,151,0,0,0,0,0,0,0,0,0,1,0,0,0,0,1,2,65,2,1,2,1,28,3,1,12,7,3,4,7,1,0
40,400503,1,1,1,4,11,23,41,35,0,1,0,40,1,12,17,12017,4,1998,1FAFP52U6WG2,1,F,A,F,P,5,2,U,6,W,G,2,0,P,FORD,TLS,4D,98,17,3359,,0,1085,,G,,F,6,182,,,15R205,,,,,,0,0,000000000,00000000000,0,0,0,1,0,0,0,0,0,0,0,998,0,1,5,1,13,6,2,1,0,0,0,1,40,73011,0,0,0,0,0,0,70,135,0,0,0,0,0,0,0,0,0,1,0,0,0,0,1,2,45,1,1,4,1,0,0,1,13,1,1,4,1,1,1
40,400504,1,2,2,31,10,20,10,12,6,1,0,40,1,14,6,14006,4,2008,2MEHM75V78X6,2,M,E,H,M,7,5,V,7,8,X,6,0,P,MERC,MGL,4D,8,17,4117,,0,1146,,F,,F,8,281,,,16R225,,,,,,0,0,000000000,00000000000,0,0,0,1,0,0,0,0,0,0,0,998,0,0,0,3,3,6,2,12,0,0,0,1,40,74536,6,1,0,0,3,0,64,180,0,0,0,0,0,0,0,0,0,0,38,0,0,0,1,2,30,1,1,2,1,20,3,1,17,1,1,1,87,1,0
40,400504,2,2,27,31,10,20,10,12,6,1,0,40,3,90,981,90981,50,2009,1BAKGCPH19F2,1,B,A,K,G,C,P,H,1,9,F,2,0,T,BLUI,,,9,17,,,,,,,,,,,,,,,,,,,0,88,888888888,88888888888,3,21,22,1,0,0,0,0,1,0,0,998,0,0,0,12,12,4,3,12,0,0,0,1,40,74547,6,1,6,1,3,3,68,155,0,0,0,0,0,0,0,0,0,0,0,0,0,0,2,2,50,1,1,2,1,0,0,1,66,1,1,1,86,0,0
40,400506,1,1,5,16,10,4,24,52,0,1,0,40,2,59,31,59031,4,1999,JT8BF28GXX02,J,T,8,B,F,2,8,G,X,X,0,2,0,P,LEXS,ES3,4D,99,17,3351,,0,1051,,G,,F,6,183,,,15R205,,,,,,0,0,000000000,00000000000,0,0,0,1,0,0,0,0,0,0,0,998,0,0,0,11,9,6,2,52,0,0,0,1,40,74074,6,1,0,0,3,0,60,100,0,0,0,1,0,4,2011,4,2011,0,0,0,0,0,3,2,75,1,1,1,1,0,0,1,13,9,3,4,2,1,0
40,400507,1,2,1,30,9,18,35,12,6,1,0,40,1,87,881,87881,66,2007,1NP5DB0X67D6,1,N,P,5,D,B,0,X,6,7,D,6,1,T,PTRB,379,TR,7,17,,8,0,0,CON,D,,,6,893,,,,,00000,00,,64,1,57,01156173,5701156173,3,6,3,1,0,0,0,0,0,0,0,998,0,0,0,5,5,6,2,12,0,0,0,1,40,73430,6,1,6,0,3,0,78,215,0,0,0,0,5,6,2009,1,2011,0,48,0,0,0,1,2,65,1,6,2,1,28,3,12,98,1,1,1,98,0,0
40,400507,2,2,2,30,9,18,35,12,6,1,0,40,3,12,16,12016,4,2001,2FAFP71W81X1,2,F,A,F,P,7,1,W,8,1,X,1,0,P,FORD,CVP,4D,1,17,3996,,0,1147,,G,,F,8,281,,,16R225,,,,,,0,0,000000000,00000000000,0,0,0,1,0,0,0,0,0,5,9,98,0,0,0,12,12,6,2,12,0,0,0,1,40,74849,6,1,0,0,3,0,72,235,0,0,0,0,0,0,0,0,0,0,0,0,0,0,1,2,65,1,6,2,1,28,3,1,52,1,1,1,98,2,0
40,400508,1,1,1,5,11,6,40,38,0,1,0,40,2,20,37,20037,4,2008,1G1ZS58F08F1,1,G,1,Z,S,5,8,F,0,8,F,1,0,P,CHEV,M/L,4D,8,17,3297,,0,1063,,G,,F,4,134,,,15R205,,,,,,0,0,000000000,00000000000,0,0,0,1,0,0,0,0,0,0,0,998,0,1,5,1,13,6,2,1,0,0,0,1,40,73075,6,1,0,0,3,0,72,170,0,0,0,0,0,0,0,0,0,1,0,0,0,0,1,2,55,1,6,2,1,0,0,1,12,8,4,4,7,1,0