STATE,ST_CASE,VEH_NO,VE_FORMS,NUMOCCS,DAY,MONTH,HOUR,MINUTE,HARM_EV,MAN_COLL,UNITTYPE,HIT_RUN,REG_STAT,OWNER,MAKE,MODEL,MAK_MOD,BODY_TYP,MOD_YEAR,VIN,VIN_1,VIN_2,VIN_3,VIN_4,VIN_5,VIN_6,VIN_7,VIN_8,VIN_9,VIN_10,VIN_11,VIN_12,TOW_VEH,VINTYPE,VINMAKE,VINA_MOD,VIN_BT,VINMODYR,VIN_LNGT,VIN_WGT,WGTCD_TR,WHLBS_LG,WHLBS_SH,SER_TR,FUELCODE,MCYCL_DS,CARBUR,CYLINDER,DISPLACE,MCYCL_CY,MCYCL_WT,TIRE_SZE,TON_RAT,TRK_WT,TRKWTVAR,VIN_REST,WHLDRWHL,J_KNIFE,MCARR_I1,MCARR_I2,MCARR_ID,GVWR,V_CONFIG,CARGO_BT,HAZ_INV,HAZ_PLAC,HAZ_ID,HAZ_CNO,HAZ_REL,BUS_USE,SPEC_USE,EMER_USE,TRAV_SP,UNDERIDE,ROLLOVER,ROLINLOC,IMPACT1,IMPACT2,DEFORMED,TOWED,M_HARM,VEH_SC1,VEH_SC2,FIRE_EXP,DR_PRES,L_STATE,DR_ZIP,L_STATUS,L_TYPE,CDL_STAT,L_ENDORS,L_COMPL,L_RESTRI,DR_HGT,DR_WGT,PREV_ACC,PREV_SUS,PREV_DWI,PREV_SPD,PREV_OTH,FIRST_MO,FIRST_YR,LAST_MO,LAST_YR,SPEEDREL,DR_SF1,DR_SF2,DR_SF3,DR_SF4,VTRAFWAY,VNUM_LAN,VSPD_LIM,VALIGN,VPROFILE,VPAVETYP,VSURCOND,VTRAFCON,VTCONT_F,P_CRASH1,P_CRASH2,P_CRASH3,PCRASH4,PCRASH5,ACC_TYPE,DEATHS,DR_DRINK
40,400573,1,1,2,18,12,3,18,35,0,1,0,1,3,84,881,84881,66,2011,3HSCUAPR9BN1,3,H,S,C,U,A,P,R,9,B,N,1,1,T,INTL,PPR,TR,11,17,,8,0,0,PRO,D,,,6,915,,,,,00000,00,,64,1,57,302173,57302173,3,6,1,1,0,0,0,0,0,0,0,998,0,0,0,12,12,6,2,35,0,0,1,1,48,75104,6,1,6,0,3,0,999,999,0,0,0,0,0,0,0,0,0,0,0,0,0,0,1,2,65,1,1,2,1,0,0,1,12,1,1,4,6,2,0
40,400574,1,2,4,25,11,7,55,12,2,1,0,40,1,37,441,37441,20,2002,2HKRL18602H5,2,H,K,R,L,1,8,6,0,2,H,5,0,P,HOND,UDY,SV,2,17,4354,,0,1181,,G,,F,6,212,,,16R225,,,,,,0,0,000000000,00000000000,0,0,0,1,0,0,0,0,0,0,0,998,0,0,0,12,12,6,2,12,0,0,0,1,40,73759,6,1,0,0,3,0,63,123,0,0,0,0,0,0,0,0,0,0,28,58,0,0,1,2,65,1,1,2,1,0,0,1,10,7,1,2,52,1,0
40,400574,2,2,1,25,11,7,55,12,2,1,0,40,1,6,441,6441,20,2000,1C4GP54L0YB6,1,C,4,G,P,5,4,L,0,Y,B,6,0,T,CHRY,LXI,ES,0,17,,1,0,1193,TWC,G,,,6,230,,,,,3961,00,,42,0,0,000000000,00000000000,0,0,0,1,0,0,0,0,0,0,0,998,0,0,0,12,12,6,2,12,0,0,0,1,40,73761,6,1,0,0,3,3,62,102,0,0,0,0,0,0,0,0,0,0,0,0,0,0,1,2,65,1,1,2,1,0,0,1,63,7,1,2,52,1,0
40,400575,1,1,4,2,12,20,0,42,0,1,0,40,2,23,481,23481,31,2008,3GTEK13J18G2,3,G,T,E,K,1,3,J,1,8,G,2,0,T,GMC,SK1,CW,8,17,,2,0,1435,SIE,G,,,8,323,,,,B,5326,00,4,44,0,0,000000000,00000000000,0,0,0,1,0,0,0,0,0,0,0,998,0,0,0,4,4,6,2,42,0,0,0,1,40,73052,6,2,0,0,3,3,66,142,0,0,0,0,0,0,0,0,0,1,58,0,0,0,1,2,0,2,1,7,2,0,0,14,12,6,4,4,7,1,0
40,400576,1,2,2,9,12,20,0,12,6,1,0,48,1,37,32,37032,4,2004,1HGCM56634A1,1,H,G,C,M,5,6,6,3,4,A,1,0,P,HOND,UEX,4D,4,17,3109,,0,1079,,G,,F,4,146,,,000000,,,,,,0,0,000000000,00000000000,0,0,0,1,0,0,0,0,0,0,0,998,0,0,0,3,3,6,2,12,0,0,0,1,48,79014,6,1,0,0,3,3,999,999,0,0,0,0,0,0,0,0,0,0,58,0,0,0,1,2,65,1,6,2,1,0,0,1,13,6,4,6,66,2,0
40,400576,2,2,1,9,12,20,0,12,6,1,0,40,1,20,422,20422,15,2008,1GNFK16388R1,1,G,N,F,K,1,6,3,8,8,R,1,0,P,CHEV,K15,UT,8,17,5743,,0,1300,,F,,F,8,323,,,17R265,,,,,,0,0,000000000,00000000000,0,0,0,1,0,0,0,0,0,0,0,998,0,0,0,12,12,6,2,12,0,0,0,1,40,73742,6,1,0,0,3,0,69,170,0,0,0,0,0,0,0,0,0,0,0,0,0,0,1,2,65,1,5,2,1,28,3,1,62,1,1,1,66,0,0
40,400577,1,2,2,10,12,18,0,12,6,1,0,40,1,7,880,7880,67,2006,3D7MX48C26G1,3,D,7,M,X,4,8,C,2,6,G,1,0,T,DODG,SQ3,CW,6,17,,3,0,1600,RPC,D,,,6,359,,,,D,7287,01,E,44,0,88,888888888,88888888888,2,1,97,1,0,0,0,0,0,0,0,998,0,0,0,11,11,6,2,12,0,0,0,1,40,74028,6,1,0,0,3,0,65,107,0,0,0,0,0,0,0,0,0,0,0,0,0,0,1,2,65,1,1,2,1,0,0,1,62,9,1,2,66,0,0
40,400577,2,2,1,10,12,18,0,12,6,1,0,40,2,12,13,12013,2,2003,3FAFP11303R1,3,F,A,F,P,1,1,3,0,3,R,1,0,P,FORD,ZX2,CP,3,17,2478,,0,984,,G,,F,4,121,,,15R185,,,,,,0,0,000000000,00000000000,0,0,0,1,0,0,0,0,0,0,0,998,0,0,0,11,11,6,2,12,0,0,0,1,40,73759,6,1,0,0,3,0,62,145,0,0,0,0,0,0,0,0,0,0,28,0,0,0,1,2,65,1,1,2,1,0,0,1,10,1,1,2,66,1,1
40,400578,1,1,2,23,11,14,55,25,0,1,0,40,1,20,16,20016,4,2004,1G1JC52F2471,1,G,1,J,C,5,2,F,2,4,7,1,0,P,CHEV,CAV,4D,4,17,2676,,0,1041,,G,,F,4,134,,,14R195,,,,,,0,0,000000000,00000000000,0,0,0,1,0,0,0,0,0,0,0,998,0,1,5,12,12,6,2,25,0,0,0,1,40,74344,0,0,0,0,0,0,67,130,0,0,0,0,0,0,0,0,0,0,91,0,0,0,2,2,50,2,5,2,1,0,0,14,13,1,1,4,1,1,1
40,400579,1,1,3,26,11,11,29,42,0,1,0,40,1,20,481,20481,31,2007,1GCHK23U57F1,1,G,C,H,K,2,3,U,5,7,F,1,0,T,CHEV,2KH,CW,7,17,,2,1670,1530,SIL,G,,,8,366,,,,C,5883,02,,44,0,0,000000000,00000000000,0,0,0,1,0,0,0,0,0,0,0,998,0,0,0,2,2,6,2,42,0,0,0,1,40,73118,6,1,0,0,3,0,68,170,1,0,0,1,3,4,2009,11,2011,0,0,0,0,0,1,2,55,3,5,2,2,28,3,1,13,1,1,4,1,2,0
40,400580,1,2,1,28,11,17,58,12,1,1,0,6,3,82,881,82881,66,2001,1FUJA3CG91PB,1,F,U,J,A,3,C,G,9,1,P,B,1,T,FRHT,ST2,TR,1,17,,8,0,0,CON,D,,,6,774,,,,,00000,00,,64,1,57,1432404,571432404,3,6,1,1,0,0,0,0,0,0,0,0,0,0,0,6,6,2,3,12,0,0,0,1,6,92509,6,1,6,0,3,0,67,190,0,0,0,0,0,0,0,0,0,1,0,0,0,0,3,2,70,1,6,1,1,0,0,4,53,1,1,1,25,0,0
40,400580,2,2,1,28,11,17,58,12,1,1,0,5,3,20,481,20481,31,2007,1GCHC29K07E5,1,G,C,H,C,2,9,K,0,7,E,5,0,T,CHEV,2CH,4C,7,17,,2,1575,1435,SIL,G,,,8,366,,,,C,5398,02,,42,0,0,000000000,00000000000,0,0,0,1,0,0,0,0,0,0,0,998,0,0,0,12,12,6,2,12,0,0,0,1,5,72019,6,1,0,0,3,0,70,200,0,0,0,1,0,1,2011,1,2011,1,0,0,0,0,3,2,70,1,6,1,1,0,0,1,51,1,1,1,24,1,0
40,400581,1,2,1,6,12,0,2,12,2,1,0,40,2,49,50,49050,3,2009,JTKDE1676902,J,T,K,D,E,1,6,7,6,9,0,2,0,P,TOYT,SXC,2H,9,17,2905,,0,1063,,G,,F,4,144,,,17R215,,,,,,0,0,000000000,00000000000,0,0,0,1,0,0,0,0,0,0,0,998,0,0,0,12,12,6,2,12,0,0,0,1,40,74820,6,1,0,0,3,3,67,148,0,1,0,0,0,10,2009,10,2009,0,28,0,0,0,1,2,65,1,3,2,1,28,3,1,10,3,1,2,50,1,0
40,400581,2,2,1,6,12,0,2,12,2,1,0,93,3,82,881,82881,66,2009,1FUJF0DEX9LA,1,F,U,J,F,0,D,E,X,9,L,A,1,T,FRHT,COL,TR,9,17,,8,0,0,CON,D,,,6,763,,,,,00000,00,,64,1,57,184405,57184405,3,6,2,1,0,0,0,0,0,0,0,998,0,0,0,12,12,6,2,12,0,0,0,1,1,35404,6,1,6,1,3,0,69,160,0,0,0,0,0,0,0,0,0,0,0,0,0,0,1,2,65,1,3,2,1,28,3,1,62,1,1,1,51,0,0
40,400582,1,2,1,12,12,11,50,12,6,1,0,40,3,12,23,12023,4,2010,3FAHP0HG1AR1,3,F,A,H,P,0,H,G,1,A,R,1,0,P,FORD,F/E,4D,10,17,3591,,0,1074,,F,,F,6,183,,,16R205,,,,,,0,0,000000000,00000000000,0,0,0,1,0,0,0,0,0,0,0,998,0,0,0,1,2,6,2,12,0,0,0,1,40,73439,6,1,0,0,3,0,71,174,0,0,0,0,0,0,0,0,0,0,28,0,0,0,1,2,65,1,6,2,1,0,0,1,10,1,1,2,66,1,0
40,400582,2,2,2,12,12,11,50,12,6,1,0,53,2,51,884,51884,66,2007,4V4NC9TGX7N4,4,V,4,N,C,9,T,G,X,7,N,4,1,T,VOLV,VNL,TR,7,17,,8,0,0,VVN,D,,,6,915,,,,,00000,00,,64,1,57,2181519,572181519,3,6,3,1,0,0,0,0,0,0,0,998,0,0,0,5,5,4,4,12,0,0,0,1,53,98030,6,1,6,0,3,0,68,174,1,1,0,0,1,11,2009,8,2010,0,0,0,0,0,1,2,65,1,5,2,1,0,0,1,62,6,1,2,66,0,0
40,400583,1,1,1,24,12,3,38,35,0,1,0,40,5,12,471,12471,30,1994,1FTCR10A0RPA,1,F,T,C,R,1,0,A,0,R,P,A,0,T,FORD,RNG,PK,94,17,,1,1140,1080,RNG,G,,,4,140,,,,B,2918,00,A,42,0,0,000000000,00000000000,0,0,0,1,0,0,0,0,0,0,0,998,0,0,0,1,1,6,2,42,0,0,0,1,40,74023,2,1,0,0,2,3,73,160,0,1,1,0,0,7,2009,8,2009,0,0,0,0,0,2,2,65,1,4,2,1,0,0,1,12,1,4,4,7,1,1
40,400584,1,2,4,14,10,7,55,12,6,1,0,40,1,12,880,12880,67,2004,1FTWW33P84ED,1,F,T,W,W,3,3,P,8,4,E,D,0,T,FORD,F3D,CW,4,17,,3,1720,1560,DRW,D,,,8,366,,,,D,6635,00,E,44,0,88,888888888,88888888888,2,1,97,1,0,0,0,0,0,0,0,998,0,0,0,5,5,4,3,12,0,0,0,1,40,73149,2,1,0,0,2,0,70,190,0,0,0,0,3,11,2010,8,2011,0,27,80,0,0,3,3,60,1,1,1,1,0,0,15,1,1,1,2,46,0,0
40,400584,2,2,1,14,10,7,55,12,6,1,0,40,2,73,706,73706,80,1996,JKBVNAD19TA0,J,K,B,V,N,A,D,1,9,T,A,0,0,M,KAWK,V5D,RS,96,17,,,,,,,1500,,2,,4,600,,,,,,,0,0,000000000,00000000000,0,0,0,1,0,0,0,0,0,0,0,998,0,0,0,12,12,6,2,12,0,0,0,1,40,73110,6,1,6,0,3,0,68,280,1,0,0,0,2,11,2010,7,2011,0,0,0,0,0,3,3,60,1,1,1,1,0,0,1,60,1,1,1,45,1,0
40,400585,1,2,3,3,12,11,4,12,6,1,0,40,2,37,31,37031,4,2008,1HGFA16578L1,1,H,G,F,A,1,6,5,7,8,L,1,0,P,HOND,UCL,4D,8,17,2751,,0,1063,,G,,F,4,110,,,16R205,,,,,,0,0,000000000,00000000000,0,0,0,1,0,0,0,0,0,0,0,998,0,0,0,8,8,6,2,12,0,0,0,1,40,73703,6,1,0,0,3,3,73,216,0,0,0,0,0,0,0,0,0,1,87,0,0,0,2,4,75,1,1,1,2,0,0,1,6,1,3,6,66,1,0
40,400585,2,2,3,3,12,11,4,12,6,1,0,40,2,12,24,12024,6,2010,2FMDK3JC8ABA,2,F,M,D,K,3,J,C,8,A,B,A,0,P,FORD,EDG,UT,10,17,4078,,0,1112,,G,,F,6,214,,,18R245,,,,,,0,0,000000000,00000000000,0,0,0,1,0,0,0,0,0,0,0,998,0,0,0,1,1,6,2,12,0,0,0,1,40,74019,6,1,0,0,3,0,69,225,0,0,0,0,0,0,0,0,0,0,0,0,0,0,2,4,75,1,1,1,2,0,0,1,62,6,1,2,66,0,0
40,400586,1,2,3,10,12,10,7,12,6,1,0,40,3,12,870,12870,61,2009,1FDAF46RX9EA,1,F,D,A,F,4,6,R,X,9,E,A,0,T,FORD,F4D,CB,9,17,,5,2010,1410,DRW,D,,,8,390,,,,D,6688,04,U,42,0,88,888888888,88888888888,2,1,96,1,0,0,0,0,0,6,1,98,0,0,0,12,12,6,2,12,0,0,0,1,40,73089,6,1,0,0,3,0,71,225,0,0,0,0,0,0,0,0,0,1,51,0,0,0,1,4,40,1,5,2,1,28,3,1,60,1,1,1,73,0,0
40,400586,2,2,1,10,12,10,7,12,6,1,0,40,2,49,49,49049,6,2005,JTLKT3247501,J,T,L,K,T,3,2,4,7,5,0,1,0,P,TOYT,SXB,UT,5,17,2395,,0,984,,G,,F,4,092,,,15R185,,,,,,0,0,000000000,00000000000,0,0,0,1,0,0,0,0,0,0,0,998,0,0,0,9,9,6,2,12,0,0,0,1,40,73108,9,9,99,9,9,9,999,999,99,99,99,99,99,99,9999,99,9999,0,0,0,0,0,1,4,40,1,5,2,1,28,3,11,15,1,1,1,72,1,0
40,400587,1,1,1,28,9,19,10,15,0,1,0,40,1,12,401,12401,14,2003,1FMZU73K23UC,1,F,M,Z,U,7,3,K,2,3,U,C,0,P,FORD,EPR,UT,3,17,4094,,0,1137,,F,,F,6,245,,,16R235,,,,,,0,0,000000000,00000000000,0,0,0,1,0,0,0,0,0,0,0,998,0,0,0,1,1,0,3,15,0,0,0,1,40,74129,0,0,0,0,0,0,67,155,0,1,0,1,5,5,2009,1,2011,0,0,0,0,0,1,2,25,1,1,2,1,0,0,1,80,1,1,1,13,0,0
40,400588,1,2,1,14,10,20,20,12,6,1,0,40,2,24,2,24002,2,1995,1G8ZH1275SZ2,1,G,8,Z,H,1,2,7,5,S,Z,2,0,P,STRN,SC2,CP,95,17,2302,,0,992,,G,,F,4,116,,,15R195,,,,,,0,0,000000000,00000000000,0,0,0,1,0,0,0,0,0,0,0,998,0,0,0,2,3,6,2,12,0,0,0,1,40,74126,0,0,0,0,0,0,71,150,0,0,0,0,0,0,0,0,0,0,48,0,0,0,1,4,40,1,5,2,1,28,3,11,15,1,1,1,68,0,0
40,400588,2,2,1,14,10,20,20,12,6,1,0,40,1,53,706,53706,80,2001,JS1GT74A1121,J,S,1,G,T,7,4,A,1,1,2,1,0,M,SUZI,XR1,RC,1,17,,,,,,,988,,4,,4,375,,,,,,,0,0,000000000,00000000000,0,0,0,1,0,0,0,0,0,0,0,998,0,0,0,12,12,6,2,12,0,0,0,1,40,74106,6,1,0,0,3,0,70,167,0,0,0,0,4,2,2009,7,2010,1,0,0,0,0,1,4,40,1,6,2,1,28,3,1,62,1,1,1,69,1,1
40,400589,1,1,3,9,12,23,44,52,0,1,0,40,2,10,37,10037,2,1996,4E3AK44YXTE2,4,E,3,A,K,4,4,Y,X,T,E,2,0,P,EGIL,TEI,2H,96,17,2789,,0,988,,G,,F,4,122,,,14R195,,,,,,0,0,000000000,00000000000,0,0,0,1,0,0,0,0,0,0,0,998,0,1,5,8,6,6,2,1,0,0,0,1,40,74107,6,2,0,0,3,3,67,110,0,0,0,0,2,4,2011,4,2011,1,0,0,0,0,3,4,65,1,1,2,1,0,0,1,13,1,3,4,2,2,1
40,400590,1,2,2,15,12,13,44,12,6,1,0,40,2,49,32,49032,4,2003,JTDBR32E3300,J,T,D,B,R,3,2,E,3,3,0,0,0,P,TOYT,EEL,4D,3,17,2502,,0,1024,,G,,F,4,109,,,16R205,,,,,,0,0,000000000,00000000000,0,0,0,1,0,0,0,0,0,0,0,998,0,0,0,9,9,6,2,12,0,0,0,1,40,74804,6,2,0,0,3,3,69,250,0,0,0,0,0,0,0,0,0,0,28,0,0,0,1,4,35,2,1,2,1,0,0,14,10,1,1,2,64,2,0
40,400590,2,2,1,15,12,13,44,12,6,1,0,40,1,7,442,7442,20,2005,1D4GP45R45B4,1,D,4,G,P,4,5,R,4,5,B,4,0,P,DODG,CAR,SV,5,17,3845,,0,1133,,G,,F,6,201,,,16R215,,,,,,0,0,000000000,00000000000,0,0,0,1,0,0,0,0,0,0,0,998,0,0,0,11,11,6,2,12,0,0,0,1,40,74801,6,1,0,0,3,3,65,175,0,0,0,0,0,0,0,0,0,0,0,0,0,0,1,4,35,3,1,2,1,0,0,15,62,1,1,1,65,0,0
40,400591,1,2,2,19,10,16,53,12,6,1,0,40,1,42,48,42048,4,2000,WDBJF65J5YB1,W,D,B,J,F,6,5,J,5,Y,B,1,0,P,MERZ,E32,4D,0,17,3440,,0,1115,,G,,F,6,195,,,16R215,,,,,,0,0,000000000,00000000000,0,0,0,1,0,0,0,0,0,0,0,998,0,0,0,11,11,4,3,12,0,0,0,1,40,74120,6,1,0,0,3,0,63,125,0,0,0,0,0,0,0,0,0,0,48,0,0,0,1,4,35,1,5,2,1,0,0,11,15,1,1,1,68,0,0
40,400591,2,2,1,19,10,16,53,12,6,1,0,40,2,98,703,98703,88,2007,RFBB5KBK57B1,R,F,B,B,5,K,B,K,5,7,B,1,0,U,,,,7,17,,,,,,,,,,,,,,,,,,,0,0,000000000,00000000000,0,0,0,1,0,0,0,0,0,0,0,998,0,0,0,9,9,4,3,12,0,0,0,1,40,74135,1,1,0,0,2,0,70,180,0,1,0,0,1,10,2010,12,2010,0,0,0,0,0,1,4,35,1,6,2,1,0,0,1,62,3,1,1,69,1,0
40,400592,1,1,2,11,11,15,56,21,0,1,0,40,1,13,5,13005,4,1996,1LNLM97V9TY6,1,L,N,L,M,9,7,V,9,T,Y,6,0,P,LINC,CDS,4D,96,17,3881,,0,1090,,G,,F,8,281,,,16R225,,,,,,0,0,000000000,00000000000,0,0,0,1,0,0,0,0,0,0,0,998,0,1,5,12,12,6,2,1,0,0,0,1,40,73624,6,1,0,0,3,0,73,260,0,0,0,0,0,0,0,0,0,1,0,0,0,0,1,2,45,1,1,2,1,0,0,1,13,1,1,4,1,1,0
40,400593,1,2,2,18,12,12,30,12,6,1,0,40,1,35,47,35047,4,2008,1N4AL21E28N4,1,N,4,A,L,2,1,E,2,8,N,4,0,P,NISS,ATS,4D,8,17,3028,,0,1093,,G,,F,4,153,,,16R215,,,,,,0,0,000000000,00000000000,0,0,0,1,0,0,0,0,0,0,0,998,0,0,0,8,8,6,2,12,0,0,0,1,40,74547,6,1,0,0,3,0,65,160,0,0,0,0,0,0,0,0,0,0,48,0,0,0,1,2,55,1,6,2,1,28,3,11,10,1,1,2,72,1,0
40,400593,2,2,2,18,12,12,30,12,6,1,0,40,1,12,16,12016,4,2002,2FAFP73W72X1,2,F,A,F,P,7,3,W,7,2,X,1,0,P,FORD,CVI,4D,2,17,3942,,0,1147,,G,,F,8,281,,,16R225,,,,,,0,0,000000000,00000000000,0,0,0,1,0,0,0,0,0,0,0,998,0,0,0,12,12,6,2,12,0,0,0,1,40,74578,6,1,0,0,3,0,67,170,0,0,0,0,0,0,0,0,0,0,0,0,0,0,1,2,55,1,6,2,1,0,0,1,60,1,1,1,73,0,0
40,400594,1,1,2,26,12,3,14,52,0,1,0,40,1,37,35,37035,1,2002,JHMAP11432T0,J,H,M,A,P,1,1,4,3,2,T,0,0,P,HOND,S20,CV,2,17,2810,,0,945,,G,,F,4,122,,,16R205,,,,,,0,0,000000000,00000000000,0,0,0,1,0,0,0,0,0,0,0,998,0,1,5,11,13,6,2,21,0,0,0,1,45,29115,6,1,0,0,3,3,74,160,0,1,0,1,0,12,2009,12,2009,1,0,0,0,0,3,2,60,2,6,2,2,0,0,14,13,1,3,4,2,2,1
40,400595,1,1,2,11,11,22,3,32,0,1,1,40,1,7,482,7482,31,2004,3D3HA16H04G2,3,D,3,H,A,1,6,H,0,4,G,2,0,T,DODG,T10,PK,4,17,,2,0,1205,RPC,G,,,10,506,,,,B,4701,00,K,42,0,0,000000000,00000000000,0,0,0,1,0,0,0,0,0,0,0,998,0,1,5,9,13,6,2,1,0,0,1,1,40,74536,6,1,0,0,3,3,71,205,1,2,0,1,5,3,2010,8,2011,0,91,0,0,0,1,2,65,1,6,2,1,0,0,1,12,1,3,4,7,1,1
40,400596,1,2,1,12,12,19,53,12,2,1,0,40,2,20,481,20481,31,2003,1GCEC14X63Z2,1,G,C,E,C,1,4,X,6,3,Z,2,0,T,CHEV,SC1,PK,3,17,,2,1330,1190,SIL,G,,,6,262,,,,B,4073,00,,42,0,0,000000000,00000000000,0,0,0,1,0,0,0,0,0,0,0,998,0,0,0,12,12,6,2,12,0,0,0,1,40,74354,6,1,0,0,3,0,73,150,1,0,0,0,1,4,2010,5,2010,0,28,0,0,0,1,2,65,1,1,2,2,0,0,1,10,1,1,2,50,1,0
40,400596,2,2,1,12,12,19,53,12,2,1,0,40,1,12,481,12481,31,2000,1FTZX1723YKA,1,F,T,Z,X,1,7,2,3,Y,K,A,0,T,FORD,F15,4C,0,17,,1,1571,1385,COF,G,,,6,256,,,,B,4204,05,U,42,0,0,000000000,00000000000,0,0,0,1,0,0,0,0,0,0,0,998,0,0,0,12,12,6,2,12,0,0,0,1,40,74354,6,1,0,0,3,0,69,140,0,0,0,0,0,0,0,0,0,0,0,0,0,0,1,2,65,1,1,2,2,28,3,1,62,1,1,1,51,1,0
40,400597,1,3,2,31,12,17,31,12,2,1,0,40,1,20,481,20481,31,2005,2GCEK13T8513,2,G,C,E,K,1,3,T,8,5,1,3,0,T,CHEV,SK1,CW,5,17,,2,0,1435,SIL,G,,,8,323,,,,B,5299,00,,44,0,0,000000000,00000000000,0,0,0,1,0,0,0,0,0,0,0,998,0,0,0,12,12,6,2,12,0,0,0,1,40,74058,6,1,0,0,3,3,71,190,0,0,0,0,0,0,0,0,0,0,28,0,0,0,1,2,65,1,6,2,1,28,3,1,10,1,1,2,50,0,0
40,400597,2,3,2,31,12,17,31,12,2,1,0,40,1,37,705,37705,80,2006,JH2PC21446K7,J,H,2,P,C,2,1,4,4,6,K,7,0,M,HOND,VCD,RS,6,17,,,,,,,583,,2,,4,458,,,,,,,0,0,000000000,00000000000,0,0,0,1,0,0,0,0,0,0,0,998,0,0,0,12,12,6,2,12,0,0,0,1,40,74045,6,1,0,0,3,0,72,270,0,0,0,0,0,0,0,0,0,0,0,0,0,0,1,2,65,1,5,2,1,28,3,1,62,1,1,1,51,1,0
40,400597,3,3,1,31,12,17,31,12,2,1,0,40,1,72,706,72706,80,2006,1HD1GN1116K3,1,H,D,1,G,N,1,1,1,6,K,3,0,M,HD,DLI,RS,6,17,,,,,,,1450,,2,,4,641,,,,,,,0,0,000000000,00000000000,0,0,0,1,0,0,0,0,0,0,0,998,0,0,0,0,9,6,2,1,0,0,0,1,40,74032,6,1,6,0,3,0,66,157,0,0,0,0,0,0,0,0,0,0,0,0,0,0,1,2,65,1,5,2,1,28,3,1,62,3,1,1,98,0,0
40,400598,1,2,1,14,12,13,40,12,6,1,0,40,1,7,482,7482,31,1998,1B7HC13Z1WJ2,1,B,7,H,C,1,3,Z,1,W,J,2,0,T,DODG,Q15,4C,98,17,,2,1547,1387,RPC,G,,,8,360,,,,B,4617,01,U,42,0,0,000000000,00000000000,0,0,0,1,0,0,0,0,0,0,0,998,0,0,0,10,10,6,2,12,0,0,0,1,40,73601,6,1,0,0,3,3,68,165,0,0,0,0,0,0,0,0,0,0,38,0,0,0,1,2,25,1,1,1,1,20,3,1,17,1,1,1,89,0,0
40,400598,2,2,2,14,12,13,40,12,6,1,0,40,1,76,705,76705,80,2002,JYAVM01E92A0,J,Y,A,V,M,0,1,E,9,2,A,0,0,M,YAMA,V6A,RS,2,17,,,,,,,649,,2,,4,505,,,,,,,0,0,000000000,00000000000,0,0,0,1,0,0,0,0,0,0,0,998,0,0,0,12,12,6,2,12,0,0,0,1,40,73601,6,1,0,0,3,0,70,187,0,0,0,0,0,0,0,0,0,0,0,0,0,0,2,4,35,1,4,1,1,0,0,1,66,1,1,1,88,1,1
40,400599,1,2,1,30,12,17,0,12,2,1,0,22,3,7,25,7025,5,2011,1B3CB5HA7BD1,1,B,3,C,B,5,H,A,7,B,D,1,0,P,DODG,CHT,4D,11,17,3012,,0,1037,,G,,F,4,122,,,18R215,,,,,,0,0,000000000,00000000000,0,0,0,1,0,0,0,0,0,0,0,998,0,0,0,12,12,6,2,12,0,0,0,1,40,73703,6,1,0,0,3,0,71,185,0,1,0,1,0,9,2011,10,2011,0,28,0,0,0,1,2,65,2,1,2,1,28,3,14,10,1,1,2,50,1,0
40,400599,2,2,1,30,12,17,0,12,2,1,0,40,1,20,481,20481,31,2006,2GCEC13T1611,2,G,C,E,C,1,3,T,1,6,1,1,0,T,CHEV,SC1,CW,6,17,,2,0,1435,SIL,G,,,8,323,,,,B,4987,00,,42,0,0,000000000,00000000000,0,0,0,1,0,0,0,0,0,0,0,998,0,0,0,12,12,6,2,12,0,0,0,1,40,73703,6,1,6,0,3,0,72,165,0,0,0,0,0,0,0,0,0,0,0,0,0,0,1,2,65,3,1,2,1,0,0,14,62,6,1,1,51,0,0
40,400600,1,1,2,23,11,3,12,43,0,1,0,40,2,22,20,22020,4,2002,1G2WP52K12F2,1,G,2,W,P,5,2,K,1,2,F,2,0,P,PONT,GPG,4D,2,17,3496,,0,1105,,G,,F,6,231,,,16R225,,,,,,0,0,000000000,00000000000,0,0,0,1,0,0,0,0,0,0,0,998,0,1,5,1,13,6,2,1,0,0,0,1,40,73521,6,1,6,0,3,3,66,200,0,0,0,1,8,11,2008,11,2011,1,0,0,0,0,1,2,65,3,1,2,1,28,3,14,13,1,3,4,2,1,1
40,400601,1,2,1,14,12,19,10,12,1,1,0,40,1,12,481,12481,31,1992,1FTEX14H2NKA,1,F,T,E,X,1,4,H,2,N,K,A,1,T,FORD,F15,PC,92,17,,2,1550,1390,COF,G,,,8,351,,,,B,3996,03,A,44,3,0,000000000,00000000000,0,0,0,1,0,0,0,0,0,0,0,998,0,0,0,6,12,6,2,51,0,0,0,1,40,73601,6,1,0,0,3,3,76,290,0,0,0,0,0,0,0,0,0,0,24,0,0,0,3,2,70,1,6,2,1,0,0,1,53,1,1,1,25,0,0