STATE,ST_CASE,VEH_NO,VE_FORMS,NUMOCCS,DAY,MONTH,HOUR,MINUTE,HARM_EV,MAN_COLL,UNITTYPE,HIT_RUN,REG_STAT,OWNER,MAKE,MODEL,MAK_MOD,BODY_TYP,MOD_YEAR,VIN,VIN_1,VIN_2,VIN_3,VIN_4,VIN_5,VIN_6,VIN_7,VIN_8,VIN_9,VIN_10,VIN_11,VIN_12,TOW_VEH,VINTYPE,VINMAKE,VINA_MOD,VIN_BT,VINMODYR,VIN_LNGT,VIN_WGT,WGTCD_TR,WHLBS_LG,WHLBS_SH,SER_TR,FUELCODE,MCYCL_DS,CARBUR,CYLINDER,DISPLACE,MCYCL_CY,MCYCL_WT,TIRE_SZE,TON_RAT,TRK_WT,TRKWTVAR,VIN_REST,WHLDRWHL,J_KNIFE,MCARR_I1,MCARR_I2,MCARR_ID,GVWR,V_CONFIG,CARGO_BT,HAZ_INV,HAZ_PLAC,HAZ_ID,HAZ_CNO,HAZ_REL,BUS_USE,SPEC_USE,EMER_USE,TRAV_SP,UNDERIDE,ROLLOVER,ROLINLOC,IMPACT1,IMPACT2,DEFORMED,TOWED,M_HARM,VEH_SC1,VEH_SC2,FIRE_EXP,DR_PRES,L_STATE,DR_ZIP,L_STATUS,L_TYPE,CDL_STAT,L_ENDORS,L_COMPL,L_RESTRI,DR_HGT,DR_WGT,PREV_ACC,PREV_SUS,PREV_DWI,PREV_SPD,PREV_OTH,FIRST_MO,FIRST_YR,LAST_MO,LAST_YR,SPEEDREL,DR_SF1,DR_SF2,DR_SF3,DR_SF4,VTRAFWAY,VNUM_LAN,VSPD_LIM,VALIGN,VPROFILE,VPAVETYP,VSURCOND,VTRAFCON,VTCONT_F,P_CRASH1,P_CRASH2,P_CRASH3,PCRASH4,PCRASH5,ACC_TYPE,DEATHS,DR_DRINK
40,400601,2,2,2,14,12,19,10,12,1,1,0,29,2,85,881,85881,66,2007,1XKAD49X17J2,1,X,K,A,D,4,9,X,1,7,J,2,1,T,KW,T60,TR,7,17,,8,2600,1600,CON,D,,,6,915,,,,,00000,00,,64,3,57,2104983,572104983,3,6,1,1,0,0,0,0,0,0,0,998,0,1,5,12,13,6,2,51,0,0,0,1,29,65802,6,2,0,0,2,3,999,999,0,0,0,0,0,0,0,0,0,1,52,0,0,0,3,2,70,1,6,2,1,0,0,1,51,1,1,1,24,1,0
40,400603,1,1,3,29,10,19,25,15,0,1,0,40,2,12,16,12016,4,1997,2FALP74W1VX2,2,F,A,L,P,7,4,W,1,V,X,2,0,P,FORD,CVL,4D,97,17,0,,0,1144,,G,,F,8,281,,,15R215,,,,,,0,0,000000000,00000000000,0,0,0,1,0,0,0,0,0,0,0,998,0,0,0,12,12,4,3,15,0,0,0,1,40,74115,1,1,0,0,2,0,72,270,0,0,0,0,0,0,0,0,0,0,0,0,0,0,1,4,40,1,6,2,1,0,0,1,80,4,1,1,13,0,0
40,400604,1,1,1,13,11,5,15,33,0,1,0,40,2,20,481,20481,31,2006,1GCEK19B76Z1,1,G,C,E,K,1,9,B,7,6,Z,1,0,T,CHEV,SK1,4C,6,17,,2,1575,1340,SIL,G,,,8,323,,,,B,5050,00,,44,0,0,000000000,00000000000,0,0,0,1,0,0,0,0,0,0,0,75,0,1,5,11,11,6,2,33,0,0,0,1,40,74145,6,1,0,0,3,3,67,135,0,0,0,0,0,0,0,0,0,1,0,0,0,0,1,9,40,1,4,2,1,3,3,1,17,1,1,9,98,1,1
40,400605,1,1,1,25,11,23,26,33,0,1,0,40,2,37,703,37703,80,1992,JH2MC2400NK1,J,H,2,M,C,2,4,0,0,N,K,1,0,M,HOND,B25,RS,92,17,,,,,,,250,,1,,4,297,,,,,,,0,0,000000000,00000000000,0,0,0,1,0,0,0,0,0,0,0,998,0,0,0,12,5,6,2,33,0,0,0,1,40,74105,6,1,0,0,2,0,70,150,0,2,0,0,0,2,2009,5,2009,1,52,0,0,0,1,2,25,2,6,2,1,0,0,14,12,1,1,4,6,1,1
40,400606,1,1,1,31,12,6,25,8,0,1,0,40,2,20,37,20037,4,2004,1G1ND52F24M5,1,G,1,N,D,5,2,F,2,4,M,5,0,P,CHEV,CLA,4D,4,17,3106,,0,1070,,G,,F,4,134,,,15R215,,,,,,0,0,000000000,00000000000,0,0,0,1,0,0,0,0,0,0,0,998,0,0,0,12,13,6,4,8,0,0,0,1,40,74469,6,1,0,0,3,3,69,210,0,0,0,0,0,0,0,0,0,0,0,0,0,0,2,4,55,1,1,2,1,0,0,1,80,1,1,1,13,0,0
40,400607,1,1,1,28,12,6,55,1,0,1,0,40,1,20,401,20401,14,2002,1GNDT13S0222,1,G,N,D,T,1,3,S,0,2,2,2,0,P,CHEV,TRL,UT,2,17,4628,,0,1130,,G,,F,6,256,,,16R245,,,,,,0,0,000000000,00000000000,0,0,0,1,0,0,0,0,0,0,0,998,0,1,1,0,2,6,2,1,0,0,0,1,40,73055,6,1,6,0,3,0,73,235,0,0,0,0,0,0,0,0,0,1,58,0,0,0,1,2,55,1,5,4,1,0,0,1,12,7,1,4,6,1,1
40,400608,1,2,1,19,12,16,48,12,99,1,0,40,2,20,16,20016,4,1998,1G1JC5248W72,1,G,1,J,C,5,2,4,8,W,7,2,0,P,CHEV,CAV,4D,98,17,2630,,0,1041,,G,,F,4,133,,,14R195,,,,,,0,0,000000000,00000000000,0,0,0,1,0,0,0,0,0,0,0,998,0,0,0,6,6,6,2,12,0,0,0,1,40,74127,6,2,0,0,3,1,69,179,0,0,0,0,0,0,0,0,0,0,48,0,0,0,1,4,60,3,1,2,2,0,0,99,10,99,7,2,75,1,0
40,400608,2,2,1,19,12,16,48,12,99,1,0,40,1,12,481,12481,31,1994,1FTEX15Y5RKB,1,F,T,E,X,1,5,Y,5,R,K,B,0,T,FORD,F15,PC,94,17,,2,1550,1390,COF,G,,,6,300,,,,B,4186,01,M,42,0,0,000000000,00000000000,0,0,0,1,0,0,0,0,0,0,0,998,0,0,0,11,12,6,2,12,0,0,0,1,40,74073,6,1,0,0,3,0,73,165,0,0,0,0,0,0,0,0,0,0,0,0,0,0,1,4,60,1,1,1,2,0,0,1,59,1,1,1,75,0,0
40,400609,1,1,2,15,11,20,55,44,0,1,0,40,1,7,442,7442,20,1998,2B4FP2530WR8,2,B,4,F,P,2,5,3,0,W,R,8,0,P,DODG,CAR,SV,98,17,3428,,0,1133,,G,,F,6,181,,,14R205,,,,,,0,0,000000000,00000000000,0,0,0,1,0,0,0,0,0,0,0,998,0,1,6,0,13,6,2,44,0,0,0,1,40,73119,6,1,0,0,3,3,65,200,0,0,0,0,0,0,0,0,0,0,28,0,0,0,2,2,60,1,1,1,1,98,8,1,98,99,1,4,0,1,0
40,400610,1,1,1,24,12,21,32,8,0,1,1,40,2,20,481,20481,31,1998,1GCEK14W2WZ1,1,G,C,E,K,1,4,W,2,W,Z,1,0,T,CHEV,GK1,PK,98,17,,2,1315,1175,GM4,G,,,6,262,,,,B,00000,00,,44,0,0,000000000,00000000000,0,0,0,1,0,0,0,0,0,0,0,998,0,0,0,11,11,4,3,8,0,0,0,1,40,74021,6,1,0,0,3,3,73,205,1,0,0,0,1,5,2010,12,2011,0,0,0,0,0,2,2,40,1,6,1,1,0,0,1,80,1,1,1,13,0,1
40,400611,1,1,1,12,11,11,31,34,0,1,0,40,2,2,404,2404,14,2004,1J4GX48S84C2,1,J,4,G,X,4,8,S,8,4,C,2,0,T,JEEP,LCF,4W,4,17,,1,0,1059,GCK,G,,,6,244,,,,,3683,02,E,42,0,0,000000000,00000000000,0,0,0,1,0,0,0,0,0,0,0,998,0,1,5,12,10,6,2,1,0,0,0,1,40,73015,6,1,0,0,3,3,67,230,1,0,0,0,1,5,2011,5,2011,1,36,0,0,0,1,2,65,3,6,2,1,28,3,14,13,1,1,4,1,1,0
40,400612,1,9,1,27,10,5,45,12,6,1,0,40,1,12,481,12481,31,1998,1FTZF1721WNA,1,F,T,Z,F,1,7,2,1,W,N,A,0,T,FORD,F15,PK,98,17,,1,1390,1200,COF,G,,,6,256,,,,B,3800,02,E,42,0,0,000000000,00000000000,0,0,0,1,0,0,0,0,0,0,0,998,0,0,0,9,9,6,2,12,0,0,0,1,40,74055,6,1,0,0,3,0,68,170,0,0,0,0,0,0,0,0,0,0,0,0,0,0,3,6,65,3,5,1,2,28,3,14,13,1,1,6,98,0,1
40,400612,2,9,2,27,10,5,45,12,6,1,0,40,1,12,481,12481,31,1994,1FTEX15Y3RKA,1,F,T,E,X,1,5,Y,3,R,K,A,0,T,FORD,F15,PC,94,17,,2,1550,1390,COF,G,,,6,300,,,,B,4186,01,M,42,0,0,000000000,00000000000,0,0,0,1,0,0,0,0,0,0,0,998,0,0,0,12,12,6,2,12,0,0,0,1,40,74128,6,1,0,0,3,0,66,200,0,0,0,0,0,0,0,0,0,0,0,0,0,0,3,6,65,3,5,1,2,28,3,14,78,4,1,1,98,1,0
40,400612,3,9,1,27,10,5,45,12,6,1,0,40,2,12,481,12481,31,1997,2FTDX07W7VCA,2,F,T,D,X,0,7,W,7,V,C,A,0,T,FORD,F15,3C,97,17,,1,0,1390,COF,G,,,8,281,,,,B,4205,00,E,42,0,0,000000000,00000000000,0,0,0,1,0,0,0,0,0,0,0,998,0,0,0,12,12,6,2,12,0,0,0,1,40,74146,0,0,0,0,0,0,999,999,99,99,99,99,99,99,9999,99,9999,0,0,0,0,0,3,6,65,3,5,1,2,28,3,14,51,4,1,1,98,0,0
40,400612,4,9,2,27,10,5,45,12,6,1,0,40,1,7,20,7020,4,2005,1B3ES56C75D2,1,B,3,E,S,5,6,C,7,5,D,2,0,P,DODG,NXT,4D,5,17,2634,,0,1040,,G,,F,4,122,,,15R185,,,,,,0,0,000000000,00000000000,0,0,0,1,0,0,0,0,0,0,0,998,0,0,0,12,12,6,2,12,0,0,0,1,40,74136,0,0,0,0,0,0,999,999,99,99,99,99,99,99,9999,99,9999,0,0,0,0,0,3,6,65,3,5,1,2,28,3,14,51,4,1,1,98,0,0
40,400612,5,9,1,27,10,5,45,12,6,1,0,40,1,14,4,14004,2,1997,1MELM6243VH6,1,M,E,L,M,6,2,4,3,V,H,6,0,P,MERC,X73,2D,97,17,3536,,0,1130,,G,,F,6,232,,,15R205,,,,,,0,0,000000000,00000000000,0,0,0,1,0,0,0,0,0,0,0,998,0,0,0,12,12,6,2,12,0,0,0,1,40,74104,0,0,0,0,0,0,70,150,99,99,99,99,99,99,9999,99,9999,0,0,0,0,0,3,6,65,3,5,1,2,28,3,14,51,4,1,1,98,0,0
40,400612,6,9,1,27,10,5,45,12,6,1,0,40,2,49,40,49040,4,1987,JT2SV21E9H31,J,T,2,S,V,2,1,E,9,H,3,1,0,P,TOYT,CMD,4D,87,17,2734,,0,1024,,G,,F,4,122,,,14R185,,,,,,0,0,000000000,00000000000,0,0,0,1,0,0,0,0,0,0,0,998,0,0,0,12,12,6,2,12,0,0,0,1,40,74134,6,1,0,0,3,0,71,161,0,0,0,0,0,0,0,0,0,0,0,0,0,0,3,6,65,3,5,1,2,28,3,14,51,4,1,1,98,0,0
40,400612,7,9,3,27,10,5,45,12,6,1,0,40,1,35,39,35039,4,1996,JN1CA21D3TT1,J,N,1,C,A,2,1,D,3,T,T,1,0,P,NISS,MGS,4D,96,17,2886,,0,1063,,G,,F,6,182,,,15R205,,,,,,0,0,000000000,00000000000,0,0,0,1,0,0,0,0,0,0,0,998,0,0,0,12,12,6,2,12,0,0,0,1,40,74112,0,0,0,0,0,0,999,999,99,99,99,99,99,99,9999,99,9999,0,0,0,0,0,3,6,65,3,5,1,2,28,3,14,51,4,1,1,98,0,0
40,400612,8,9,1,27,10,5,45,12,6,1,0,40,1,12,481,12481,31,2003,1FTRX07W03KC,1,F,T,R,X,0,7,W,0,3,K,C,0,T,FORD,F15,4C,3,17,,2,0,1385,COF,G,,,8,281,,,,B,4236,04,U,42,0,0,000000000,00000000000,0,0,0,1,0,0,0,0,0,0,0,998,0,0,0,1,1,6,2,57,0,0,0,1,40,74133,6,1,0,0,3,0,69,200,0,0,0,0,0,0,0,0,0,0,0,0,0,0,3,6,65,3,5,1,2,28,3,14,50,8,1,4,98,0,0
40,400612,9,9,1,27,10,5,45,12,6,1,0,42,3,85,881,85881,66,2007,1XKAD49X07R1,1,X,K,A,D,4,9,X,0,7,R,1,1,T,KW,T60,TR,7,17,,8,2600,1600,CON,D,,,6,915,,,,,00000,00,,64,1,40,2147562,402147562,3,19,2,1,0,0,0,0,0,0,0,998,0,0,0,11,11,4,1,57,0,0,0,1,40,74450,6,1,6,2,3,0,72,190,1,0,0,0,1,12,2009,12,2009,0,0,0,0,0,3,6,65,3,5,1,2,28,3,14,50,8,1,4,98,0,0
40,400613,1,2,1,12,12,15,46,12,1,1,1,40,1,23,431,23431,16,1992,1GKEC16K3NJ7,1,G,K,E,C,1,6,K,3,N,J,7,0,T,GMC,SUB,4W,92,17,,2,0,1315,C15,G,,,8,350,,,,B,00000,00,A,42,0,0,000000000,00000000000,0,0,0,1,0,0,0,0,0,0,0,998,0,0,0,12,12,4,1,12,0,0,0,1,40,74601,6,1,0,0,3,0,73,190,0,0,0,0,0,0,0,0,0,0,84,0,0,0,1,4,30,1,6,2,1,0,0,1,50,1,1,1,20,0,1
40,400613,2,2,2,12,12,15,46,12,1,1,0,40,1,18,7,18007,4,1994,1G4AG55M9R64,1,G,4,A,G,5,5,M,9,R,6,4,0,P,BUIC,CSP,4D,94,17,2974,,0,1049,,G,,F,6,191,,,14R185,,,,,,0,0,000000000,00000000000,0,0,0,1,0,0,0,0,0,0,0,0,0,0,0,6,6,6,2,12,0,0,0,1,40,74601,6,1,0,0,3,0,67,175,0,0,0,0,0,0,0,0,0,0,54,0,0,0,1,4,30,1,6,2,1,0,0,5,53,1,1,1,22,1,0
40,400614,1,2,4,27,11,0,46,12,6,1,0,40,2,22,22,22022,4,2007,1G2ZG58N6741,1,G,2,Z,G,5,8,N,6,7,4,1,0,P,PONT,6BS,4D,7,17,3305,,0,1123,,G,,F,6,214,,,17R225,,,,,,0,0,000000000,00000000000,0,0,0,1,0,0,0,0,0,0,0,998,0,0,0,3,3,6,2,12,0,0,0,1,40,74454,6,1,0,0,3,0,63,140,0,0,0,0,0,0,0,0,0,0,0,0,0,0,1,2,65,1,1,2,1,28,3,1,10,1,1,2,64,3,1
40,400614,2,2,2,27,11,0,46,12,6,1,0,40,1,20,2,20002,4,2010,2G1WB5EN9A11,2,G,1,W,B,5,E,N,9,A,1,1,0,P,CHEV,IMT,4D,10,17,3555,,0,1105,,G,,F,6,214,,,16R225,,,,,,0,0,000000000,00000000000,0,0,0,1,0,0,0,0,0,0,0,998,0,0,0,12,12,6,2,12,0,0,0,1,40,74011,6,1,0,0,3,0,71,225,0,0,0,0,0,0,0,0,0,0,0,0,0,0,1,2,65,1,1,2,1,28,3,1,54,1,1,3,65,0,0
40,400616,1,1,1,9,11,14,35,1,0,1,0,40,2,53,705,53705,80,2006,JS1GN7DA5621,J,S,1,G,N,7,D,A,5,6,2,1,0,M,SUZI,K6R,RC,6,17,,,,,,,599,,4,,4,354,,,,,,,0,0,000000000,00000000000,0,0,0,1,0,0,0,0,0,0,0,998,0,0,0,0,2,6,2,1,0,0,0,1,40,73068,3,1,0,0,2,0,70,128,0,0,0,0,0,0,0,0,0,1,36,37,0,0,6,1,70,2,1,1,1,0,0,1,12,1,9,4,7,1,0
40,400617,1,1,1,22,12,15,1,42,0,1,0,40,1,23,481,23481,31,2005,2GTEC13T9511,2,G,T,E,C,1,3,T,9,5,1,1,0,T,GMC,NC1,CW,5,17,,2,0,1435,SIE,G,,,8,325,,,,B,4986,00,E,42,0,0,000000000,00000000000,0,0,0,1,0,0,0,0,0,0,0,998,0,0,0,11,11,6,2,42,0,0,0,1,40,73052,1,1,0,0,2,0,71,225,1,0,0,0,2,6,2011,9,2011,0,0,0,0,0,1,2,65,1,3,2,1,28,3,1,12,1,1,4,6,1,0
40,400618,1,2,2,22,10,8,47,12,6,1,0,40,2,22,9,22009,3,1997,2G2FS22K4V22,2,G,2,F,S,2,2,K,4,V,2,2,0,P,PONT,FBD,2H,97,17,3187,,0,1011,,G,,F,6,231,,,16R215,,,,,,0,0,000000000,00000000000,0,0,0,1,0,0,0,0,0,0,0,998,0,0,0,3,3,6,2,12,0,0,0,1,40,74106,0,0,0,0,0,0,63,130,0,0,0,0,2,4,2010,4,2010,0,38,0,0,0,1,2,25,1,1,2,1,20,3,1,17,1,1,1,87,1,0
40,400618,2,2,1,22,10,8,47,12,6,1,0,40,1,20,403,20403,14,2005,1GNES16S7562,1,G,N,E,S,1,6,S,7,5,6,2,0,P,CHEV,TRL,UT,5,17,4773,,0,1290,,G,,F,6,256,,,17R245,,,,,,0,0,000000000,00000000000,0,0,0,1,0,0,0,0,0,0,0,998,0,0,0,12,12,6,2,12,0,0,0,1,40,74106,6,1,0,0,3,0,64,115,0,0,0,0,0,0,0,0,0,0,0,0,0,0,1,4,40,1,1,2,1,28,3,1,66,1,1,1,86,0,0
40,400619,1,1,1,3,12,23,23,14,0,1,0,40,3,23,481,23481,31,2002,1GTEC14T52Z1,1,G,T,E,C,1,4,T,5,2,Z,1,0,T,GMC,NC1,PK,2,17,,2,1330,1190,SIE,G,,,8,325,,,,B,4073,01,U,42,0,0,000000000,00000000000,0,0,0,1,0,0,0,0,0,0,0,998,0,0,0,12,12,6,2,14,0,0,0,1,40,73045,6,1,0,0,3,0,69,150,0,0,0,2,0,5,2009,11,2009,0,0,0,0,0,2,2,70,1,1,2,1,0,0,1,13,1,1,4,1,0,0
40,400620,1,2,4,18,12,12,56,12,6,1,0,40,1,12,37,12037,4,2009,3FAHP07Z89R1,3,F,A,H,P,0,7,Z,8,9,R,1,0,P,FORD,F/E,4D,9,17,3181,,0,1074,,G,,F,4,140,,,16R205,,,,,,0,0,000000000,00000000000,0,0,0,1,0,0,0,0,0,0,0,998,0,0,0,3,3,6,2,12,0,0,0,1,40,74012,6,1,0,0,3,3,71,190,0,0,0,0,0,0,0,0,0,0,38,0,0,0,1,4,45,1,1,2,1,0,0,11,15,1,1,1,68,1,0
40,400620,2,2,2,18,12,12,56,12,6,1,0,40,1,20,431,20431,16,2001,3GNFK16T21G1,3,G,N,F,K,1,6,T,2,1,G,1,0,P,CHEV,K15,UT,1,17,5123,,0,1300,,G,,F,8,325,,,16R245,,,,,,0,0,000000000,00000000000,0,0,0,1,0,0,0,0,0,0,0,998,0,0,0,12,12,6,2,12,0,0,0,1,40,74012,6,1,0,0,3,0,64,155,0,1,0,0,1,12,2008,2,2009,0,0,0,0,0,1,4,45,1,1,2,1,0,0,1,62,1,1,1,69,0,0
41,410001,1,2,1,2,1,11,47,12,6,1,0,6,0,48,45,48045,6,2003,4S3BH8953376,4,S,3,B,H,8,9,5,3,3,7,6,0,P,SUBA,UHS,SW,3,17,3610,,0,1043,,G,,F,6,183,,,16R225,,,,,,0,0,000000000,00000000000,0,0,0,1,0,0,0,0,0,0,0,998,0,0,0,3,3,6,2,12,0,0,0,1,6,95973,6,1,0,0,3,0,66,155,0,0,0,0,0,0,0,0,0,1,28,0,0,0,1,2,55,1,1,2,4,0,0,1,10,1,1,2,64,1,0
41,410001,2,2,2,2,1,11,47,12,6,1,0,41,1,12,471,12471,30,1988,1FTCR14T1JPB,1,F,T,C,R,1,4,T,1,J,P,B,0,T,FORD,RNS,PC,88,17,,1,0,1250,RNG,G,,,6,177,,,,B,2988,00,A,42,0,0,000000000,00000000000,0,0,0,1,0,0,0,0,0,0,0,998,0,0,0,12,12,6,2,12,0,0,0,1,41,97601,6,1,0,0,3,0,71,130,0,0,0,1,0,7,2010,7,2010,0,0,0,0,0,1,2,55,1,1,2,4,0,0,1,62,1,1,1,65,0,0
41,410002,1,1,1,3,1,16,50,32,0,1,0,41,1,18,20,18020,2,1994,2G4WB15M6R14,2,G,4,W,B,1,5,M,6,R,1,4,0,P,BUIC,RGC,CP,94,17,3240,,0,1075,,G,,F,6,191,,,15R205,,,,,,0,0,000000000,00000000000,0,0,0,1,0,0,0,0,0,0,0,998,0,0,0,12,12,4,3,32,0,0,0,1,41,97470,6,1,0,0,3,1,61,135,2,0,0,0,1,12,2008,10,2009,0,99,99,99,99,1,2,35,1,1,2,1,0,0,1,13,1,1,4,1,1,0
41,410003,1,1,1,3,1,8,55,8,0,1,0,41,2,49,40,49040,4,1986,JT2SV16H6G03,J,T,2,S,V,1,6,H,6,G,0,3,0,P,TOYT,CLE,4H,86,17,2480,,0,1024,,G,,F,4,122,,,13R185,,,,,,0,0,000000000,00000000000,0,0,0,1,0,0,0,0,0,0,0,26,0,0,0,12,12,2,3,8,0,0,0,1,41,97401,6,1,0,0,3,3,63,157,0,0,0,1,3,9,2008,12,2009,0,0,0,0,0,5,2,25,1,1,2,1,0,0,1,13,1,1,4,1,0,0
41,410004,1,1,1,4,1,23,51,8,0,1,1,99,9,99,999,99999,99,9999,999999999999,9,9,9,9,9,9,9,9,9,9,9,9,0,,,,,,,,,,,,,,,,,,,,,,,,,0,0,000000000,00000000000,0,0,0,1,0,0,0,0,0,0,0,998,0,0,0,12,12,9,1,8,0,0,0,1,99,99999,9,9,99,9,9,9,999,999,99,99,99,99,99,99,9999,99,9999,9,99,99,99,99,5,4,35,1,1,2,1,0,0,1,80,99,1,1,13,0,0
41,410005,1,2,1,7,1,9,27,12,2,1,0,41,1,35,43,35043,4,1997,1N4AB41D8VC7,1,N,4,A,B,4,1,D,8,V,C,7,0,P,NISS,XGU,4D,97,17,2237,,0,998,,G,,F,4,097,,,13R155,,,,,,0,0,000000000,00000000000,0,0,0,1,0,0,0,0,0,0,0,40,0,0,0,12,12,6,2,12,0,0,0,1,41,97203,0,0,0,0,0,0,64,160,0,0,0,0,1,11,2010,11,2010,0,28,0,0,0,5,4,40,1,1,2,1,0,0,1,10,1,1,2,52,1,0
41,410005,2,2,0,7,1,9,27,12,2,1,0,93,6,84,881,84881,66,2009,2HSCUAPR39C1,2,H,S,C,U,A,P,R,3,9,C,1,1,T,INTL,PPR,TR,9,17,,8,0,0,PRO,D,,,6,915,,,,,00000,00,,64,1,57,105437,57105437,3,6,1,1,0,0,0,0,0,0,0,0,0,0,0,12,12,4,3,12,0,0,0,0,0,99997,7,6,97,7,6,7,998,997,998,998,998,998,998,98,9998,98,9998,8,20,0,0,0,5,4,40,1,1,2,1,0,0,0,62,0,0,0,52,0,0
41,410006,1,2,2,9,1,19,40,12,6,1,0,41,1,49,471,49471,30,1991,JT4VN13D9M50,J,T,4,V,N,1,3,D,9,M,5,0,0,T,TOYT,ELD,PC,91,17,,1,0,1215,HTP,G,,,6,180,,,,B,00000,00,A,44,0,0,000000000,00000000000,0,0,0,1,0,0,0,0,0,0,0,45,0,0,0,12,12,6,2,12,0,0,0,1,53,97477,6,1,0,0,3,0,63,130,0,0,0,0,0,0,0,0,0,1,0,0,0,0,1,3,55,1,2,2,4,0,0,1,62,1,1,1,65,0,0
41,410006,2,2,2,9,1,19,40,12,6,1,0,41,1,12,13,12013,4,1999,1FAFP13P1XW1,1,F,A,F,P,1,3,P,1,X,W,1,0,P,FORD,ESE,4D,99,17,2468,,0,984,,G,,F,4,122,,,14R185,,,,,,0,0,000000000,00000000000,0,0,0,1,0,0,0,0,0,0,0,998,0,0,0,3,3,6,2,12,0,0,0,1,41,97391,6,1,0,0,3,0,66,115,0,0,0,0,0,0,0,0,0,1,28,0,0,0,1,3,55,1,2,2,4,0,0,1,10,1,4,2,64,1,0
41,410007,1,1,1,10,1,17,24,42,0,1,0,41,1,21,441,21441,20,2004,1GHDX13E74D1,1,G,H,D,X,1,3,E,7,4,D,1,0,T,OLDS,LUX,ES,4,17,,1,0,1200,SIL,G,,,6,207,,,,B,3948,00,K,42,0,0,000000000,00000000000,0,0,0,1,0,0,0,0,0,0,0,998,0,0,0,12,12,6,2,42,0,0,0,1,41,97537,6,1,0,0,3,1,72,175,0,0,0,0,0,0,0,0,0,9,0,0,0,0,1,2,45,3,1,2,1,0,0,14,13,1,1,4,1,1,0
41,410008,1,2,1,14,1,9,41,12,1,1,0,41,2,55,33,55033,4,2002,KMHWF25S32A6,K,M,H,W,F,2,5,S,3,2,A,6,0,P,HYUN,SOL,4D,2,17,3181,,0,1063,,G,,F,4,143,,,15R205,,,,,,0,0,000000000,00000000000,0,0,0,1,0,0,0,0,0,0,0,998,0,0,0,12,12,6,2,12,0,0,0,1,41,97056,1,1,0,0,2,0,75,210,0,11,0,3,5,1,2008,1,2011,9,99,99,99,99,5,4,55,2,1,2,2,0,0,14,50,1,1,1,20,1,0
41,410008,2,2,1,14,1,9,41,12,1,1,0,41,3,85,881,85881,63,1994,1NKNLE9X5RS6,1,N,K,N,L,E,9,X,5,R,S,6,0,T,KW,T45,CC,94,17,,8,0,1600,CON,D,,,6,629,,,,,00000,00,,64,0,57,0545971,570545971,3,2,3,1,0,0,0,0,0,0,0,0,0,0,0,6,6,4,3,12,0,0,0,1,41,97230,6,1,6,0,3,1,73,210,1,0,0,1,0,11,2008,2,2010,0,0,0,0,0,5,4,55,2,1,2,2,0,0,5,53,1,1,1,22,0,0
41,410009,1,1,1,14,1,18,8,38,0,1,0,41,1,37,31,37031,2,1993,2HGEJ2146PH5,2,H,G,E,J,2,1,4,6,P,H,5,0,P,HOND,CID,CP,93,17,2224,,0,1013,,G,,F,4,091,,,13R175,,,,,,0,0,000000000,00000000000,0,0,0,1,0,0,0,0,0,0,0,998,0,0,0,3,3,6,2,42,0,0,0,1,41,97601,6,1,0,0,3,0,70,200,0,1,0,0,0,10,2008,10,2008,1,0,0,0,0,1,2,50,1,1,2,1,0,0,1,13,7,3,4,2,1,1
41,410010,1,1,1,14,1,18,59,8,0,1,0,41,1,35,43,35043,4,2008,3N1AB61E58L6,3,N,1,A,B,6,1,E,5,8,L,6,0,P,NISS,SL2,4D,8,17,2804,,0,1057,,G,,F,4,122,,,15R205,,,,,,0,0,000000000,00000000000,0,0,0,1,0,0,0,0,0,0,0,998,0,0,0,12,12,4,3,8,0,0,0,1,41,97116,6,1,0,0,3,3,62,190,1,0,0,0,0,10,2009,10,2009,0,0,0,0,0,4,2,40,1,1,2,98,0,0,1,80,1,1,1,13,0,0
41,410011,1,1,4,15,1,2,30,1,0,1,0,41,2,63,33,63033,4,2009,KNAFE222X956,K,N,A,F,E,2,2,2,X,9,5,6,0,P,KIA,SXC,4D,9,17,2701,,0,1028,,G,,F,4,122,,,15R195,,,,,,0,0,000000000,00000000000,0,0,0,1,0,0,0,0,0,0,0,998,0,1,6,0,0,6,2,1,0,0,0,1,41,97761,1,1,0,0,2,0,73,180,0,2,0,1,0,8,2009,12,2009,1,91,0,0,0,1,2,50,3,1,2,1,0,0,14,6,1,1,4,6,1,1
41,410012,1,1,2,15,1,17,30,23,0,1,0,41,1,49,40,49040,4,1999,4T1BG22K3XU5,4,T,1,B,G,2,2,K,3,X,U,5,0,P,TOYT,UEX,4D,99,17,2998,,0,1051,,G,,F,4,132,,,14R195,,,,,,0,0,000000000,00000000000,0,0,0,1,0,0,0,0,0,0,0,998,0,0,0,12,12,4,3,23,0,0,0,1,41,97463,6,1,0,0,3,3,63,178,0,0,0,0,0,0,0,0,0,0,0,0,0,0,1,2,35,1,1,2,98,0,0,1,13,1,1,4,1,2,0
41,410013,1,1,1,20,1,1,24,8,0,1,0,93,3,82,881,82881,66,2010,1FUJGLDR5ASA,1,F,U,J,G,L,D,R,5,A,S,A,1,T,FRHT,125,TR,10,17,,8,0,0,CSC,D,,,6,903,,,,,00000,00,,64,1,57,0733151,570733151,3,6,1,1,0,0,0,0,0,0,0,998,0,0,0,12,12,4,3,8,0,0,0,1,53,98671,6,1,6,0,3,0,72,185,0,0,0,1,1,1,2010,9,2010,0,0,0,0,0,3,1,55,1,1,2,1,28,3,1,80,1,1,1,13,0,0