STATE,ST_CASE,VEH_NO,VE_FORMS,NUMOCCS,DAY,MONTH,HOUR,MINUTE,HARM_EV,MAN_COLL,UNITTYPE,HIT_RUN,REG_STAT,OWNER,MAKE,MODEL,MAK_MOD,BODY_TYP,MOD_YEAR,VIN,VIN_1,VIN_2,VIN_3,VIN_4,VIN_5,VIN_6,VIN_7,VIN_8,VIN_9,VIN_10,VIN_11,VIN_12,TOW_VEH,VINTYPE,VINMAKE,VINA_MOD,VIN_BT,VINMODYR,VIN_LNGT,VIN_WGT,WGTCD_TR,WHLBS_LG,WHLBS_SH,SER_TR,FUELCODE,MCYCL_DS,CARBUR,CYLINDER,DISPLACE,MCYCL_CY,MCYCL_WT,TIRE_SZE,TON_RAT,TRK_WT,TRKWTVAR,VIN_REST,WHLDRWHL,J_KNIFE,MCARR_I1,MCARR_I2,MCARR_ID,GVWR,V_CONFIG,CARGO_BT,HAZ_INV,HAZ_PLAC,HAZ_ID,HAZ_CNO,HAZ_REL,BUS_USE,SPEC_USE,EMER_USE,TRAV_SP,UNDERIDE,ROLLOVER,ROLINLOC,IMPACT1,IMPACT2,DEFORMED,TOWED,M_HARM,VEH_SC1,VEH_SC2,FIRE_EXP,DR_PRES,L_STATE,DR_ZIP,L_STATUS,L_TYPE,CDL_STAT,L_ENDORS,L_COMPL,L_RESTRI,DR_HGT,DR_WGT,PREV_ACC,PREV_SUS,PREV_DWI,PREV_SPD,PREV_OTH,FIRST_MO,FIRST_YR,LAST_MO,LAST_YR,SPEEDREL,DR_SF1,DR_SF2,DR_SF3,DR_SF4,VTRAFWAY,VNUM_LAN,VSPD_LIM,VALIGN,VPROFILE,VPAVETYP,VSURCOND,VTRAFCON,VTCONT_F,P_CRASH1,P_CRASH2,P_CRASH3,PCRASH4,PCRASH5,ACC_TYPE,DEATHS,DR_DRINK
41,410049,1,3,1,10,3,12,5,12,2,1,0,41,1,49,40,49040,4,2001,JT2BG22K1105,J,T,2,B,G,2,2,K,1,1,0,5,0,P,TOYT,CXL,4D,1,17,3120,,0,1051,,G,,F,4,132,,,15R205,,,,,,0,0,000000000,00000000000,0,0,0,1,0,0,0,0,0,0,0,998,0,0,0,12,12,6,2,12,0,0,0,1,41,97812,6,1,0,0,3,0,71,220,1,0,0,0,0,3,2011,3,2011,0,28,35,0,0,1,3,55,1,5,2,2,0,0,6,10,1,1,2,50,1,1
41,410049,2,3,1,10,3,12,5,12,2,1,0,41,1,58,39,58039,6,2004,JNRAS08W34X2,J,N,R,A,S,0,8,W,3,4,X,2,0,P,INFI,IFX,UT,4,17,4215,,0,1122,,G,,F,6,213,,,18R265,,,,,,0,0,000000000,00000000000,0,0,0,1,0,0,0,0,0,0,0,998,0,0,0,12,12,6,2,12,0,0,0,1,41,97227,6,1,0,0,3,0,70,180,1,0,0,0,0,1,2009,1,2009,0,0,0,0,0,1,3,55,1,6,2,2,0,0,1,62,1,1,1,51,0,0
41,410049,3,3,1,10,3,12,5,12,2,1,0,93,3,85,881,85881,66,2008,1XKDD49X18R2,1,X,K,D,D,4,9,X,1,8,R,2,1,T,KW,T80,TR,8,17,,8,2600,1600,CON,D,,,6,915,,,,,00000,00,,64,1,57,1111267,571111267,3,6,1,1,0,0,0,0,0,0,0,998,0,0,0,9,9,2,1,54,0,0,0,1,53,98295,6,1,6,0,3,0,76,205,0,0,0,1,3,5,2008,10,2010,0,0,0,0,0,1,3,55,1,2,2,2,0,0,1,62,1,1,1,98,0,0
41,410050,1,1,1,12,3,2,30,42,0,1,0,41,1,63,33,63033,4,2006,KNAFE1219653,K,N,A,F,E,1,2,1,9,6,5,3,0,P,KIA,SLE,4D,6,17,2701,,0,1028,,G,,F,4,122,,,15R195,,,,,,0,0,000000000,00000000000,0,0,0,1,0,0,0,0,0,0,0,998,0,0,0,9,9,6,2,42,0,0,0,1,41,97404,6,1,0,0,3,0,70,127,1,1,0,4,0,8,2009,3,2011,1,99,99,99,99,1,2,55,3,2,2,1,0,0,1,13,99,3,4,2,1,0
41,410051,1,1,1,12,3,11,26,8,0,1,0,41,1,49,482,49482,31,2001,5TBBT44121S1,5,T,B,B,T,4,4,1,2,1,S,1,0,T,TOYT,TRS,4C,1,17,,2,0,1283,TUN,G,,,8,285,,,,B,4518,00,U,44,0,0,000000000,00000000000,0,0,0,1,0,0,0,0,0,0,0,998,0,0,0,10,10,0,3,8,0,0,0,1,41,97236,6,1,0,0,3,0,70,195,0,0,0,0,0,0,0,0,0,0,0,0,0,0,1,2,25,1,1,2,2,0,0,13,80,1,1,1,92,0,0
41,410052,1,2,3,16,3,14,58,12,1,1,0,41,2,49,441,49441,20,1991,JT3AC12R2M00,J,T,3,A,C,1,2,R,2,M,0,0,0,P,TOYT,PRE,SV,91,17,3580,,0,1128,,G,,F,4,149,,,15R215,,,,,,0,0,000000000,00000000000,0,0,0,1,0,0,0,0,0,0,0,998,0,0,0,6,6,6,2,12,0,0,0,1,41,97601,1,1,0,0,2,0,72,165,0,4,0,0,0,6,2009,4,2010,1,28,91,0,0,1,2,55,3,2,2,3,0,0,14,6,1,1,2,32,1,0
41,410052,2,2,1,16,3,14,58,12,1,1,0,93,3,87,884,87884,66,2009,1NPWL49X99D7,1,N,P,W,L,4,9,X,9,9,D,7,1,T,PTRB,388,CC,9,17,,8,0,0,CON,D,,,6,915,,,,,00000,00,,64,1,57,0154273,570154273,3,6,1,1,0,0,0,0,0,0,0,998,0,0,0,12,12,4,3,12,0,0,0,1,41,97731,6,1,6,0,3,0,74,200,0,0,0,0,0,0,0,0,0,0,0,0,0,0,1,2,55,3,2,2,3,0,0,14,62,2,1,1,32,0,0
41,410053,1,1,1,16,3,23,10,8,0,1,1,53,2,14,443,14443,20,1993,4M2DV11W2PDJ,4,M,2,D,V,1,1,W,2,P,D,J,0,P,MERC,VLR,SV,93,17,4047,,0,1120,,G,,F,6,182,,,000000,,,,,,0,0,000000000,00000000000,0,0,0,1,0,0,0,0,0,0,0,998,0,0,0,12,12,2,3,8,0,0,0,1,41,97203,0,0,0,0,0,0,68,160,2,28,1,0,2,4,2008,2,2011,1,91,0,0,0,1,4,35,1,2,2,2,0,0,1,80,1,1,1,13,0,1
41,410054,1,1,1,18,3,16,33,1,0,1,0,12,1,73,705,73705,80,2006,JKAKLEA116DA,J,K,A,K,L,E,A,1,1,6,D,A,0,M,KAWK,KL6,T,6,17,,,,,,,651,,1,,4,340,,,,,,,0,0,000000000,00000000000,0,0,0,1,0,0,0,0,0,0,0,998,0,0,0,0,0,2,3,1,0,0,0,1,12,97402,6,1,0,0,3,0,71,180,0,0,0,0,1,10,2009,10,2009,0,99,99,99,99,2,2,65,1,1,1,2,0,0,1,12,1,1,4,6,1,0
41,410055,1,2,1,18,3,12,24,12,2,1,0,41,2,49,46,49046,4,2009,JTDKB20U8935,J,T,D,K,B,2,0,U,8,9,3,5,0,P,TOYT,PRI,4H,9,17,2932,,0,1063,,B,,F,4,091,,,15R185,,,,,,0,0,000000000,00000000000,0,0,0,1,0,0,0,0,0,0,0,998,0,0,0,12,12,6,2,12,36,0,0,1,41,97219,6,1,0,0,3,1,71,200,0,0,0,1,0,11,2008,11,2008,0,28,0,0,0,1,4,40,1,2,1,2,0,0,1,10,1,1,2,50,1,0
41,410055,2,2,1,18,3,12,24,12,2,1,0,53,1,12,37,12037,6,2002,1FAFP36342W3,1,F,A,F,P,3,6,3,4,2,W,3,0,P,FORD,FZS,SW,2,17,2759,,0,1030,,G,,F,4,121,,,15R195,,,,,,0,0,000000000,00000000000,0,0,0,1,0,0,0,0,0,0,0,998,0,0,0,12,12,6,2,12,0,0,0,1,53,98664,6,1,0,0,3,0,69,160,0,0,0,0,0,0,0,0,0,0,0,0,0,0,1,4,40,1,2,1,2,0,0,1,62,1,1,1,51,0,0
41,410056,1,2,1,18,3,20,17,12,6,1,0,41,1,12,481,12481,31,2001,1FTSX31S61ED,1,F,T,S,X,3,1,S,6,1,E,D,0,T,FORD,F3S,4C,1,17,,2,1580,1418,SRW,G,,,10,415,,,,D,5645,07,U,44,0,0,000000000,00000000000,0,0,0,1,0,0,0,0,0,0,0,998,0,0,0,12,12,6,2,12,0,0,0,1,41,97365,1,1,0,0,2,0,70,204,0,0,0,0,0,0,0,0,0,9,28,36,91,0,5,2,45,1,9,2,98,0,0,1,10,1,1,2,64,0,1
41,410056,2,2,3,18,3,20,17,12,6,1,0,41,1,20,443,20443,20,1999,1GNDX03E1XD3,1,G,N,D,X,0,3,E,1,X,D,3,0,T,CHEV,VTR,ES,99,17,,1,0,1200,VTR,G,,,6,207,,,,,3792,00,,42,0,0,000000000,00000000000,0,0,0,1,0,0,0,0,0,0,0,998,0,0,0,9,9,6,2,12,0,0,0,1,41,97112,6,1,0,0,3,0,66,160,0,0,0,1,0,6,2009,6,2009,0,0,0,0,0,5,2,45,1,1,2,98,0,0,1,62,1,1,1,65,1,0
41,410057,1,1,1,20,3,21,42,8,0,1,0,41,1,12,17,12017,4,2003,1FAFP55253G1,1,F,A,F,P,5,5,2,5,3,G,1,0,P,FORD,TSS,4D,3,17,3329,,0,1085,,F,,F,6,182,,,16R215,,,,,,0,0,000000000,00000000000,0,0,0,1,0,0,0,0,0,0,0,998,0,0,0,12,12,2,1,8,0,0,0,1,41,97038,6,1,0,0,3,1,66,145,0,0,0,0,0,0,0,0,0,0,0,0,0,0,1,2,55,1,1,2,2,0,0,1,80,3,2,1,13,0,0
41,410058,1,1,1,22,3,15,35,9,0,1,1,99,9,7,442,7442,20,1995,999999999999,9,9,9,9,9,9,9,9,9,9,9,9,0,,,,,,,,,,,,,,,,,,,,,,,,,0,0,000000000,00000000000,0,0,0,1,0,0,0,0,0,0,0,998,0,0,0,12,12,2,1,9,0,0,0,1,41,97023,1,1,0,0,2,0,71,175,1,4,0,2,1,5,2008,1,2011,9,99,99,99,99,1,2,55,1,1,2,1,0,0,1,80,1,1,1,13,0,0
41,410059,1,1,3,23,3,13,54,1,0,1,0,41,1,49,471,49471,30,1991,JT4RN01P7M00,J,T,4,R,N,0,1,P,7,M,0,0,0,T,TOYT,SWD,PK,91,17,,1,0,1030,HTP,G,,,4,144,,,,B,00000,00,A,44,0,0,000000000,00000000000,0,0,0,1,0,0,0,0,0,0,0,998,0,1,5,0,0,6,2,1,0,0,0,1,41,97502,6,1,0,0,3,0,75,215,0,0,0,0,0,0,0,0,0,1,0,0,0,0,1,2,55,4,2,2,8,0,0,14,12,99,9,4,6,1,0
41,410061,1,1,1,24,3,12,5,42,0,1,0,41,1,18,20,18020,4,2004,2G4WB52K4413,2,G,4,W,B,5,2,K,4,4,1,3,0,P,BUIC,RLS,4D,4,17,3418,,0,1090,,G,,F,6,231,,,15R215,,,,,,0,0,000000000,00000000000,0,0,0,1,0,0,0,0,0,0,0,998,0,0,0,12,12,6,2,42,0,0,0,1,41,97478,6,1,0,0,3,1,74,245,0,0,0,0,0,0,0,0,0,0,99,99,99,99,1,2,55,1,2,2,2,0,0,1,12,1,1,4,6,1,0
41,410062,1,1,3,26,3,2,35,1,0,1,0,41,1,12,481,12481,31,1991,1FTHX26G6MKA,1,F,T,H,X,2,6,G,6,M,K,A,0,T,FORD,F25,PC,91,17,,2,0,1550,COF,G,,,8,460,,,,C,4813,01,A,44,0,0,000000000,00000000000,0,0,0,1,0,0,0,0,0,0,0,998,0,1,5,0,13,6,2,1,0,0,0,1,41,97479,6,1,0,0,3,0,70,185,0,0,0,0,0,0,0,0,0,1,0,0,0,0,1,2,55,2,1,2,2,0,0,14,12,1,1,4,6,2,1
41,410063,1,2,1,22,1,1,50,12,6,1,0,41,2,12,37,12037,4,2004,1FAFP34384W1,1,F,A,F,P,3,4,3,8,4,W,1,0,P,FORD,FSP,4D,4,17,2604,,0,1030,,G,,F,4,121,,,15R195,,,,,,0,0,000000000,00000000000,0,0,0,1,0,0,0,0,0,0,0,998,0,0,0,9,9,6,2,12,0,0,0,1,41,97086,6,1,0,0,3,1,74,150,0,0,0,0,0,0,0,0,0,1,28,0,0,0,1,2,40,2,2,2,1,0,0,14,6,1,7,2,64,1,1
41,410063,2,2,1,22,1,1,50,12,6,1,0,41,2,12,402,12402,14,2006,1FMYU93106KC,1,F,M,Y,U,9,3,1,0,6,K,C,0,P,FORD,SPE,UT,6,17,3407,,0,1031,,G,,F,6,183,,,16R235,,,,,,0,0,000000000,00000000000,0,0,0,1,0,0,0,0,0,0,0,998,0,0,0,12,12,6,2,12,0,0,0,1,41,97086,6,1,0,0,3,0,72,230,0,0,0,0,1,10,2009,10,2009,0,0,0,0,0,1,2,40,2,2,2,1,0,0,14,62,1,1,1,65,0,0
41,410064,1,1,2,26,3,11,10,8,0,1,0,41,2,54,31,54031,3,1997,JH4DC4451VS0,J,H,4,D,C,4,4,5,1,V,S,0,0,P,ACUR,ILS,2H,97,17,2614,,0,1012,,G,,F,4,112,,,14R195,,,,,,0,0,000000000,00000000000,0,0,0,1,0,0,0,0,0,0,0,998,0,0,0,12,12,4,3,8,0,0,0,1,41,97230,6,1,0,0,3,0,66,155,0,0,0,0,0,0,0,0,0,0,36,0,0,0,5,4,35,1,1,2,98,2,3,10,8,1,1,4,15,0,0
41,410065,1,7,3,27,3,17,38,12,1,1,0,53,2,54,34,54034,4,1992,JH4CC2651NC0,J,H,4,C,C,2,6,5,1,N,C,0,0,P,ACUR,VGS,4D,92,17,3160,,0,1104,,G,,F,5,150,,,15R205,,,,,,0,0,000000000,00000000000,0,0,0,1,0,0,0,0,0,0,0,999,0,0,0,12,12,6,2,12,0,0,0,1,53,98026,6,1,0,0,3,0,79,240,0,0,0,2,0,4,2009,1,2011,1,36,91,0,0,3,2,65,1,2,2,6,0,0,1,50,1,1,1,20,0,0
41,410065,2,7,1,27,3,17,38,12,1,1,0,41,1,20,34,20034,3,1992,2C1MR2462N67,2,C,1,M,R,2,4,6,2,N,6,7,0,P,GEO,GML,2H,92,17,1650,,931,892,,G,,F,3,061,,,12R415,,,,,,0,0,000000000,00000000000,0,0,0,1,0,0,0,0,0,0,0,0,0,0,0,6,12,6,2,12,0,0,0,1,41,97086,6,1,0,0,3,0,61,130,0,0,0,0,0,0,0,0,0,0,0,0,0,0,3,2,65,1,2,2,2,0,0,5,53,1,1,1,21,1,0
41,410065,3,7,1,27,3,17,38,12,1,1,0,16,1,18,2,18002,4,2005,1G4HP52K35U1,1,G,4,H,P,5,2,K,3,5,U,1,0,P,BUIC,LCF,4D,5,17,3567,,0,1122,,G,,F,6,232,,,15R215,,,,,,0,0,000000000,00000000000,0,0,0,1,0,0,0,0,0,0,0,0,0,0,0,1,1,2,1,12,0,0,0,1,16,83530,6,1,0,0,3,1,73,165,0,0,0,1,0,6,2008,6,2008,0,0,0,0,0,3,2,65,1,2,2,2,0,0,5,61,1,1,1,98,0,0
41,410065,4,7,1,27,3,17,38,12,1,1,0,49,1,24,1,24001,4,1997,1G8ZF5285VZ2,1,G,8,Z,F,5,2,8,5,V,Z,2,0,P,STRN,SSL,4D,97,17,2264,,0,1024,,G,,F,4,116,,,14R175,,,,,,0,0,000000000,00000000000,0,0,0,1,0,0,0,0,0,0,0,0,0,0,0,3,3,2,1,12,0,0,0,1,49,84124,6,1,0,0,3,0,69,185,98,0,0,0,0,0,0,0,0,0,0,0,0,0,3,2,65,1,2,2,2,0,0,5,61,1,1,1,98,0,0
41,410065,5,7,1,27,3,17,38,12,1,1,0,41,3,49,46,49046,4,2010,JTDKN3DU6A51,J,T,D,K,N,3,D,U,6,A,5,1,0,P,TOYT,PRI,4H,10,17,3042,,0,1063,,B,,F,4,110,,,15R195,,,,,,0,0,000000000,00000000000,0,0,0,1,0,0,0,0,0,0,0,0,0,0,0,6,6,4,1,12,36,0,0,1,41,97214,6,1,0,0,3,0,76,165,0,0,0,1,0,7,2008,7,2008,0,0,0,0,0,3,2,65,1,2,2,2,0,0,5,53,1,1,1,98,0,0
41,410065,6,7,5,27,3,17,38,12,1,1,0,41,1,49,32,49032,4,1994,JT2AE09B6R00,J,T,2,A,E,0,9,B,6,R,0,0,0,P,TOYT,LED,4D,94,17,2458,,0,970,,G,,F,4,108,,,14R185,,,,,,0,0,000000000,00000000000,0,0,0,1,0,0,0,0,0,0,0,0,0,0,0,6,6,2,1,12,0,0,0,1,41,97032,6,1,0,0,3,0,67,175,0,0,0,0,0,0,0,0,0,0,0,0,0,0,3,2,65,1,2,2,2,0,0,5,53,1,1,1,98,0,0
41,410065,7,7,2,27,3,17,38,12,1,1,0,41,1,12,461,12461,21,1990,1FDEE14N5LHB,1,F,D,E,E,1,4,N,5,L,H,B,0,T,FORD,15V,CG,90,17,,2,1380,1240,VAN,G,,,8,302,,,,B,3738,02,A,42,0,0,000000000,00000000000,0,0,0,1,0,0,0,0,0,0,0,0,0,0,0,6,12,4,1,12,0,0,0,1,53,98648,6,1,0,0,3,1,69,170,0,0,0,0,0,0,0,0,0,0,0,0,0,0,3,2,65,1,2,2,2,0,0,5,53,1,1,1,98,0,0
41,410066,1,3,1,28,3,16,53,12,6,1,0,53,1,73,703,73703,80,2005,JKAEXMF145DA,J,K,A,E,X,M,F,1,4,5,D,A,0,M,KAWK,EXF,RC,5,17,,,,,,,250,,2,,4,307,,,,,,,0,0,000000000,00000000000,0,0,0,1,0,0,0,0,0,0,0,998,0,0,0,12,12,6,2,12,0,0,0,1,41,97301,6,1,0,0,2,0,66,200,0,0,0,2,1,7,2009,7,2010,0,28,0,0,0,1,2,25,1,6,2,2,0,0,1,10,1,1,2,64,1,0
41,410066,2,3,1,28,3,16,53,12,6,1,0,41,1,49,32,49032,4,2004,1NXBR32E34Z2,1,N,X,B,R,3,2,E,3,4,Z,2,0,P,TOYT,UCS,4D,4,17,2502,,0,1024,,G,,F,4,109,,,15R185,,,,,,0,0,000000000,00000000000,0,0,0,1,0,0,0,0,0,0,0,0,0,0,0,9,9,4,1,12,0,0,0,1,41,97325,6,1,0,0,3,0,62,148,0,0,0,0,0,0,0,0,0,0,0,0,0,0,1,2,25,1,5,2,2,0,0,5,54,1,1,1,65,0,0
41,410066,3,3,1,28,3,16,53,12,6,1,0,41,3,12,870,12870,55,2007,1FDXE45S27DA,1,F,D,X,E,4,5,S,2,7,D,A,0,T,FORD,4DC,YY,7,17,,4,1760,1580,CTV,G,,,10,415,,,,,00000,00,K,42,0,88,888888888,88888888888,2,21,22,1,0,0,0,0,6,0,0,998,0,0,0,12,12,8,1,12,0,0,0,1,41,97317,6,1,6,0,3,0,62,140,1,0,0,0,0,3,2009,3,2009,0,0,0,0,0,1,2,25,1,5,2,2,0,0,1,60,1,1,1,98,0,0
41,410067,1,1,1,2,4,3,24,42,0,1,0,41,2,12,17,12017,4,2002,1FAFP53U82G2,1,F,A,F,P,5,3,U,8,2,G,2,0,P,FORD,TSE,4D,2,17,3355,,0,1085,,G,,F,6,182,,,16R215,,,,,,0,0,000000000,00000000000,0,0,0,1,0,0,0,0,0,0,0,998,0,0,0,9,9,6,2,42,0,0,0,1,41,97402,6,1,0,0,3,0,69,215,0,0,0,0,0,0,0,0,0,0,99,99,99,99,1,2,55,3,1,2,2,0,0,14,13,1,1,4,1,1,1
41,410068,1,1,1,2,4,23,35,30,0,1,0,41,2,37,31,37031,3,1990,2HGED6351LH5,2,H,G,E,D,6,3,5,1,L,H,5,0,P,HOND,CID,2H,90,17,1927,,0,984,,G,,F,4,091,,,13R175,,,,,,0,0,000000000,00000000000,0,0,0,1,0,0,0,0,0,0,0,998,0,0,0,3,3,6,2,30,0,0,0,1,41,97214,0,0,0,0,0,0,68,185,0,5,0,0,0,4,2008,5,2010,1,0,0,0,0,1,2,98,3,2,2,2,0,0,14,13,1,1,4,1,1,1
41,410070,1,1,1,9,4,10,24,8,0,1,1,41,1,20,2,20002,4,2002,2G1WF55E6291,2,G,1,W,F,5,5,E,6,2,9,1,0,P,CHEV,IMP,4D,2,17,3389,,0,1105,,G,,F,6,207,,,16R225,,,,,,0,0,000000000,00000000000,0,0,0,1,0,0,0,0,0,0,0,998,0,0,0,12,12,4,3,8,0,0,0,1,41,97211,6,1,0,0,3,1,66,170,0,0,0,0,0,0,0,0,0,0,92,0,0,0,1,2,35,1,1,2,1,2,3,1,80,1,1,1,13,0,0
41,410071,1,2,1,11,4,10,25,12,2,1,0,41,1,21,3,21003,4,1990,1G3CW53C5L43,1,G,3,C,W,5,3,C,5,L,4,3,0,P,OLDS,RBF,4D,90,17,3253,,0,1108,,G,,F,6,231,,,15R205,,,,,,0,0,000000000,00000000000,0,0,0,1,0,0,0,0,0,0,0,998,0,0,0,12,12,6,2,12,0,0,0,1,41,97038,6,1,0,0,3,1,67,182,1,0,0,0,0,8,2008,8,2008,0,28,0,0,0,1,2,45,1,1,2,2,0,0,1,10,1,1,2,50,1,0
41,410071,2,2,1,11,4,10,25,12,2,1,0,93,3,82,881,82881,66,2005,1FUJA6CV65LN,1,F,U,J,A,6,C,V,6,5,L,N,1,T,FRHT,COL,TR,5,17,,8,0,0,CON,D,,,6,782,,,,,00000,00,,64,1,57,2073515,572073515,3,6,1,1,0,0,0,0,0,0,0,998,0,0,0,12,12,4,3,12,0,0,0,1,6,91766,6,1,6,0,3,0,74,220,1,0,0,1,0,12,2008,2,2011,0,0,0,0,0,1,2,55,1,1,2,2,0,0,1,62,1,1,1,51,0,0
41,410072,1,3,1,13,4,9,20,12,2,1,0,41,1,12,471,12471,30,1989,1FTCR15T7KPB,1,F,T,C,R,1,5,T,7,K,P,B,0,T,FORD,RNS,PC,89,17,,1,0,1250,RNG,G,,,6,177,,,,B,3266,01,A,44,0,0,000000000,00000000000,0,0,0,1,0,0,0,0,0,0,0,998,0,1,1,12,12,6,2,12,0,0,0,1,41,97347,6,1,0,0,3,1,62,150,0,2,0,2,3,6,2008,2,2011,0,28,0,0,0,1,2,55,1,1,2,2,0,0,1,10,1,1,2,50,1,0
41,410072,2,3,1,13,4,9,20,12,2,1,0,93,3,51,881,51881,66,2009,4V4NC9TG69N2,4,V,4,N,C,9,T,G,6,9,N,2,1,T,VOLV,VNL,TR,9,17,,8,0,0,VVN,D,,,6,915,,,,,00000,00,,64,1,57,0054283,570054283,3,6,1,1,0,0,0,0,0,0,0,998,0,0,0,12,12,6,2,12,0,0,0,1,41,97487,6,1,6,0,3,1,71,250,0,0,0,0,0,0,0,0,0,0,0,0,0,0,1,2,55,1,1,2,2,0,0,1,60,1,1,1,51,0,0
41,410072,3,3,1,13,4,9,20,12,2,1,0,53,3,12,481,12481,31,2006,1FTWX31P56EC,1,F,T,W,X,3,1,P,5,6,E,C,0,T,FORD,F3S,4C,6,17,,3,1580,1420,SRW,D,,,8,366,,,,D,6347,01,U,44,0,0,000000000,00000000000,0,0,0,1,0,0,0,0,0,0,0,998,0,0,0,12,12,0,1,12,0,0,0,1,41,97355,6,1,6,0,3,0,69,165,0,0,0,0,1,11,2010,11,2010,0,0,0,0,0,1,2,55,1,1,2,2,0,0,1,60,1,1,1,98,0,0
41,410073,1,2,1,13,4,13,2,12,6,1,0,41,1,6,52,6052,6,2002,3C4FY48B02T3,3,C,4,F,Y,4,8,B,0,2,T,3,0,P,CHRY,PTC,SV,2,17,3037,,0,1033,,G,,F,4,148,,,15R195,,,,,,0,0,000000000,00000000000,0,0,0,1,0,0,0,0,0,0,0,998,0,0,0,3,9,6,2,12,0,0,0,1,41,97306,6,1,0,0,3,0,72,175,0,0,0,0,0,0,0,0,0,0,38,0,0,0,1,2,35,1,1,2,1,20,3,1,17,1,1,1,87,1,0
41,410073,2,2,1,13,4,13,2,12,6,1,0,41,1,42,44,42044,2,2004,WDBSK76F84F0,W,D,B,S,K,7,6,F,8,4,F,0,0,P,MERZ,SL6,RD,4,17,4429,,0,1008,,G,,T,12,336,,,18R225,,,,,,0,0,000000000,00000000000,0,0,0,1,0,0,0,0,0,0,0,998,0,0,0,12,12,4,3,12,0,0,0,1,41,97304,6,1,0,0,3,0,73,200,0,0,0,2,1,10,2008,4,2010,0,0,0,0,0,1,4,35,1,1,2,1,0,0,1,55,1,1,1,86,0,0
41,410074,1,2,1,14,4,12,15,12,2,1,0,41,1,20,471,20471,30,1984,1GCCT14B3E82,1,G,C,C,T,1,4,B,3,E,8,2,0,T,CHEV,S14,PK,84,17,,1,1229,1083,S,G,,,6,173,,,,B,2799,02,,44,0,0,000000000,00000000000,0,0,0,1,0,0,0,0,0,0,0,998,0,0,0,12,12,6,2,12,0,0,0,1,41,97502,6,1,0,0,3,1,75,220,0,0,0,0,0,0,0,0,0,0,0,0,0,0,1,2,40,1,1,2,1,0,0,11,15,1,1,1,68,0,0
41,410074,2,2,1,14,4,12,15,12,2,1,0,41,1,53,705,53705,80,2005,JS1GN7CA8521,J,S,1,G,N,7,C,A,8,5,2,1,0,M,SUZI,GSK,RC,5,17,,,,,,,599,,4,,4,355,,,,,,,0,0,000000000,00000000000,0,0,0,1,0,0,0,0,0,0,0,998,0,0,0,12,12,6,2,12,0,0,0,1,41,97501,6,1,0,0,3,0,69,170,1,0,0,0,0,12,2010,12,2010,1,0,0,0,0,1,2,40,1,1,2,1,0,0,1,62,1,1,1,69,1,0
41,410075,1,1,3,14,4,21,20,1,0,1,0,41,1,58,37,58037,2,2008,JNKCV64E48M1,J,N,K,C,V,6,4,E,4,8,M,1,0,P,INFI,G3S,CP,8,17,3616,,0,1122,,G,,F,6,226,,,18R225,,,,,,0,0,000000000,00000000000,0,0,0,1,0,0,0,0,0,0,0,998,0,1,6,0,0,6,2,1,0,0,0,1,41,97386,1,1,0,0,2,0,73,180,1,2,0,0,0,6,2010,4,2011,1,0,0,0,0,1,2,35,1,1,2,2,0,0,1,13,1,1,4,1,1,1
41,410076,1,1,1,16,4,20,27,8,0,1,0,41,2,7,20,7020,4,2005,1B3ES56C25D2,1,B,3,E,S,5,6,C,2,5,D,2,0,P,DODG,NXT,4D,5,17,2634,,0,1040,,G,,F,4,122,,,15R185,,,,,,0,0,000000000,00000000000,0,0,0,1,0,0,0,0,0,0,0,998,0,0,0,12,12,4,3,8,0,0,0,1,41,97071,6,1,6,0,3,0,76,240,0,0,0,0,0,0,0,0,0,0,0,0,0,0,1,2,45,1,1,2,1,0,0,1,50,7,1,1,13,0,1
41,410077,1,1,1,18,4,22,16,33,0,1,0,41,2,98,709,98709,80,2009,4K7S813569C0,4,K,7,S,8,1,3,5,6,9,C,0,0,U,,,,9,17,,,,,,,,,,,,,,,,,,,0,0,000000000,00000000000,0,0,0,1,0,0,0,0,0,0,0,998,0,0,0,12,12,6,2,33,0,0,0,1,53,98663,6,1,0,0,2,0,72,270,1,0,0,0,0,3,2009,3,2009,1,0,0,0,0,3,2,35,1,1,2,1,0,0,1,13,1,1,4,1,1,1
41,410078,1,1,1,22,4,19,35,53,0,1,0,41,1,72,706,72706,80,2006,1HD1JBB126Y0,1,H,D,1,J,B,B,1,2,6,Y,0,0,M,HD,XDI,RS,6,17,,,,,,,1450,,2,,4,651,,,,,,,0,0,000000000,00000000000,0,0,0,1,0,0,0,0,0,0,0,998,0,0,0,12,12,6,2,53,0,0,0,1,41,97756,6,1,0,0,3,0,73,235,0,0,0,0,0,0,0,0,0,0,0,0,0,0,1,2,55,3,1,2,1,0,0,14,13,1,1,4,1,1,1