STATE,ST_CASE,VEH_NO,VE_FORMS,NUMOCCS,DAY,MONTH,HOUR,MINUTE,HARM_EV,MAN_COLL,UNITTYPE,HIT_RUN,REG_STAT,OWNER,MAKE,MODEL,MAK_MOD,BODY_TYP,MOD_YEAR,VIN,VIN_1,VIN_2,VIN_3,VIN_4,VIN_5,VIN_6,VIN_7,VIN_8,VIN_9,VIN_10,VIN_11,VIN_12,TOW_VEH,VINTYPE,VINMAKE,VINA_MOD,VIN_BT,VINMODYR,VIN_LNGT,VIN_WGT,WGTCD_TR,WHLBS_LG,WHLBS_SH,SER_TR,FUELCODE,MCYCL_DS,CARBUR,CYLINDER,DISPLACE,MCYCL_CY,MCYCL_WT,TIRE_SZE,TON_RAT,TRK_WT,TRKWTVAR,VIN_REST,WHLDRWHL,J_KNIFE,MCARR_I1,MCARR_I2,MCARR_ID,GVWR,V_CONFIG,CARGO_BT,HAZ_INV,HAZ_PLAC,HAZ_ID,HAZ_CNO,HAZ_REL,BUS_USE,SPEC_USE,EMER_USE,TRAV_SP,UNDERIDE,ROLLOVER,ROLINLOC,IMPACT1,IMPACT2,DEFORMED,TOWED,M_HARM,VEH_SC1,VEH_SC2,FIRE_EXP,DR_PRES,L_STATE,DR_ZIP,L_STATUS,L_TYPE,CDL_STAT,L_ENDORS,L_COMPL,L_RESTRI,DR_HGT,DR_WGT,PREV_ACC,PREV_SUS,PREV_DWI,PREV_SPD,PREV_OTH,FIRST_MO,FIRST_YR,LAST_MO,LAST_YR,SPEEDREL,DR_SF1,DR_SF2,DR_SF3,DR_SF4,VTRAFWAY,VNUM_LAN,VSPD_LIM,VALIGN,VPROFILE,VPAVETYP,VSURCOND,VTRAFCON,VTCONT_F,P_CRASH1,P_CRASH2,P_CRASH3,PCRASH4,PCRASH5,ACC_TYPE,DEATHS,DR_DRINK
41,410181,1,1,2,17,8,21,14,42,0,1,0,41,1,2,404,2404,14,1989,1J4FN78L2KL6,1,J,4,F,N,7,8,L,2,K,L,6,0,T,JEEP,WLT,4W,89,17,,1,0,1014,WAG,G,,,6,242,,,,,3043,01,A,44,0,0,000000000,00000000000,0,0,0,1,0,0,0,0,0,0,0,998,0,0,0,10,10,6,2,42,0,0,0,1,41,97459,6,1,0,0,3,0,74,260,0,0,0,0,0,0,0,0,0,1,0,0,0,0,1,2,35,2,1,2,1,0,0,1,12,1,1,4,6,2,0
41,410182,1,1,1,18,8,7,40,8,0,1,0,41,1,7,482,7482,31,1999,3B7KF23Z2XG2,3,B,7,K,F,2,3,Z,2,X,G,2,0,T,DODG,Q25,4C,99,17,,2,1547,1387,RPC,G,,,8,360,,,,C,5695,00,U,44,0,0,000000000,00000000000,0,0,0,1,0,0,0,0,0,0,0,998,0,0,0,12,12,0,1,8,0,0,0,1,41,97741,6,1,0,0,3,1,69,185,0,0,0,0,0,0,0,0,0,0,38,0,0,0,1,2,25,1,1,2,1,2,3,11,80,1,1,1,13,0,0
41,410183,1,2,2,19,8,1,45,12,2,1,0,41,2,20,481,20481,31,2004,1GCHK23164F1,1,G,C,H,K,2,3,1,6,4,F,1,0,T,CHEV,2KH,CW,4,17,,2,1670,1530,SIL,D,,,8,403,,,,C,6056,03,,44,0,0,000000000,00000000000,0,0,0,1,0,0,0,0,0,0,0,998,0,0,0,12,12,6,2,12,0,0,0,1,41,97467,6,1,0,0,3,0,70,175,0,0,0,0,0,0,0,0,0,0,28,0,0,0,1,3,55,1,2,2,1,0,0,1,10,1,1,2,50,1,0
41,410183,2,2,1,19,8,1,45,12,2,1,0,41,3,82,881,82881,66,1991,1FUYDDYB4MP5,1,F,U,Y,D,D,Y,B,4,M,P,5,1,T,FRHT,FLD,TR,91,17,,8,0,0,CON,D,,,6,855,,,,,00000,00,,64,1,57,0768532,570768532,3,6,1,1,0,0,0,0,0,0,0,998,0,0,0,12,12,6,2,12,0,0,0,1,41,97420,6,1,6,0,3,0,70,175,0,0,0,0,0,0,0,0,0,0,0,0,0,0,1,3,55,1,2,2,1,0,0,1,62,1,1,1,51,0,0
41,410184,1,1,2,19,8,23,1,8,0,1,0,53,2,48,44,48044,10,2006,4S4BT62C0671,4,S,4,B,T,6,2,C,0,6,7,1,0,P,SUBA,BAJ,UT,6,17,3480,,0,1043,,G,,F,4,152,,,16R225,,,,,,0,0,000000000,00000000000,0,0,0,1,0,0,0,0,0,0,0,998,0,0,0,12,12,2,1,8,0,0,0,1,41,97267,6,1,0,0,3,1,78,205,0,0,0,2,0,8,2009,1,2010,0,0,0,0,0,5,4,40,1,1,2,1,0,0,1,80,1,1,1,13,0,0
41,410185,1,2,2,21,8,15,4,12,7,1,0,41,1,12,471,12471,30,2006,1FTYR14U46PA,1,F,T,Y,R,1,4,U,4,6,P,A,0,T,FORD,RNS,PC,6,17,,1,0,1260,RNG,G,,,6,183,,,,B,3179,00,U,42,0,0,000000000,00000000000,0,0,0,1,0,0,0,0,0,0,0,998,0,1,3,7,0,6,2,1,0,0,0,1,41,97535,6,1,0,0,3,1,70,160,0,0,0,0,0,0,0,0,0,0,0,0,0,0,3,2,65,1,1,2,1,0,0,1,60,1,1,1,45,2,0
41,410185,2,2,2,21,8,15,4,12,7,1,0,41,1,49,40,49040,4,2004,JTDBE32K8402,J,T,D,B,E,3,2,K,8,4,0,2,0,P,TOYT,XLL,4D,4,17,3086,,0,1071,,G,,F,4,144,,,15R215,,,,,,0,0,000000000,00000000000,0,0,0,1,0,0,0,0,0,0,0,998,0,0,0,1,1,2,3,12,0,0,0,1,41,97623,6,1,0,0,3,0,63,130,0,0,0,0,0,0,0,0,0,0,27,0,0,0,3,2,65,1,1,2,1,0,0,15,11,6,4,2,46,0,0
41,410186,1,1,1,20,8,22,46,1,0,1,0,53,2,7,880,7880,67,2005,3D7MS48C75G7,3,D,7,M,S,4,8,C,7,5,G,7,1,T,DODG,SQ3,CW,5,17,,3,0,1600,RPC,D,,,6,359,,,,D,6586,00,E,44,1,88,888888888,88888888888,2,4,3,1,0,0,0,0,0,0,0,998,0,1,3,0,0,6,2,1,0,0,0,1,53,98258,6,1,0,0,3,1,63,160,1,0,0,0,0,3,2011,3,2011,1,88,0,0,0,2,2,55,3,6,2,1,0,0,14,6,7,3,4,7,1,0
41,410187,1,2,5,22,8,13,50,12,2,1,0,53,2,7,20,7020,4,1996,1B3ES47C3TDS,1,B,3,E,S,4,7,C,3,T,D,S,0,P,DODG,NEH,4D,96,17,2443,,0,1040,,G,,F,4,122,,,14R185,,,,,,0,0,000000000,00000000000,0,0,0,1,0,0,0,0,0,0,0,998,0,1,1,12,0,6,2,1,0,0,0,1,41,97470,3,1,0,0,2,0,72,185,0,4,0,1,0,4,2009,5,2011,1,28,91,0,0,1,2,0,4,2,2,1,0,0,14,10,1,1,2,50,2,1
41,410187,2,2,1,22,8,13,50,12,2,1,0,41,2,7,482,7482,31,2001,3B7KF23751G2,3,B,7,K,F,2,3,7,5,1,G,2,1,T,DODG,Q25,4C,1,17,,2,1547,1387,RPC,D,,,6,359,,,,C,5586,01,U,44,1,0,000000000,00000000000,0,0,0,1,0,0,0,0,0,0,0,998,0,0,0,12,12,6,8,12,0,0,0,1,41,97465,0,0,0,0,0,0,999,999,0,0,0,0,0,0,0,0,0,0,0,0,0,0,1,2,0,4,2,2,1,0,0,14,62,1,1,1,51,0,0
41,410188,1,1,2,23,8,8,40,1,0,1,0,41,1,19,18,19018,4,2003,1G6DM57N8301,1,G,6,D,M,5,7,N,8,3,0,1,0,P,CADI,C/T,4D,3,17,3509,,0,1134,,G,,F,6,194,,,16R225,,,,,,0,0,000000000,00000000000,0,0,0,1,0,0,0,0,0,0,0,998,0,1,5,0,0,6,2,1,0,0,0,1,41,97358,6,1,6,0,3,1,69,240,0,0,0,0,0,0,0,0,0,9,99,99,99,99,1,2,55,3,2,2,1,0,0,14,12,1,1,4,6,1,0
41,410189,1,1,2,23,8,20,40,9,0,1,0,99,9,41,999,41999,49,9999,999999999999,9,9,9,9,9,9,9,9,9,9,9,9,0,,,,,,,,,,,,,,,,,,,,,,,,,0,0,000000000,00000000000,0,0,0,1,0,0,0,0,0,0,0,998,0,0,0,12,12,9,9,9,0,0,0,1,41,97497,6,1,0,0,3,0,71,170,0,0,0,0,0,0,0,0,0,0,28,91,0,0,1,2,99,4,1,2,1,0,0,14,83,1,1,2,13,0,1
41,410190,1,1,2,26,8,2,10,1,0,1,0,41,1,20,9,20009,3,2000,2G1FP22G2Y21,2,G,1,F,P,2,2,G,2,Y,2,1,0,P,CHEV,Z28,CP,0,17,3439,,0,1011,,G,,F,8,350,,,16R215,,,,,,0,0,000000000,00000000000,0,0,0,1,0,0,0,0,0,0,0,998,0,1,5,0,0,6,2,1,0,0,0,1,41,97741,6,1,0,0,3,0,67,240,0,0,0,0,0,0,0,0,0,1,0,0,0,0,1,3,55,4,2,2,1,0,0,14,6,6,3,4,2,1,1
41,410191,1,1,2,20,5,14,34,42,0,1,0,41,1,63,401,63401,14,1996,KNDJA7232T55,K,N,D,J,A,7,2,3,2,T,5,5,0,P,KIA,SPO,UT,96,17,3303,,0,1043,,G,,F,4,122,,,15R205,,,,,,0,0,000000000,00000000000,0,0,0,1,0,0,0,0,0,0,0,998,0,1,5,1,0,6,2,1,0,0,0,1,41,97761,6,1,0,0,3,0,69,200,0,0,0,0,0,0,0,0,0,0,99,99,99,99,1,3,55,4,2,2,1,0,0,1,13,1,1,4,1,1,0
41,410192,1,2,1,10,6,12,1,1,0,1,0,41,1,72,706,72706,80,2010,1HD1KB412AB6,1,H,D,1,K,B,4,1,2,A,B,6,0,M,HD,FHX,RS,10,17,,,,,,,1584,,2,,4,810,,,,,,,0,0,000000000,00000000000,0,0,0,1,0,0,0,0,0,0,0,998,0,0,0,0,0,4,3,1,0,0,0,1,41,97321,6,1,0,0,3,0,71,225,0,0,0,0,1,9,2009,9,2009,0,0,0,0,0,3,2,65,1,1,2,1,0,0,1,8,1,1,1,98,1,0
41,410192,2,2,1,10,6,12,1,1,0,1,0,41,1,72,706,72706,80,2009,1HD1JD5189Y0,1,H,D,1,J,D,5,1,8,9,Y,0,0,M,HD,FLN,RS,9,17,,,,,,,1584,,2,,4,724,,,,,,,0,0,000000000,00000000000,0,0,0,1,0,0,0,0,0,0,0,998,0,0,0,14,14,4,3,1,0,0,0,1,41,97355,6,1,0,0,3,0,69,185,0,0,0,0,0,0,0,0,0,0,0,0,0,0,3,2,65,1,1,2,1,0,0,1,52,1,1,1,98,0,0
41,410193,1,1,3,11,6,18,12,5,0,1,0,99,9,12,481,12481,31,2004,999999999999,9,9,9,9,9,9,9,9,9,9,9,9,0,,,,,,,,,,,,,,,,,,,,,,,,,0,0,000000000,00000000000,0,0,0,1,0,0,0,0,0,0,0,998,0,0,0,0,0,0,1,5,0,0,0,1,53,98660,6,1,0,0,3,3,66,190,0,0,0,0,0,0,0,0,0,0,91,0,0,0,1,2,98,8,8,2,1,0,0,1,98,1,1,1,0,1,1
41,410194,1,2,2,20,6,17,20,12,2,1,0,41,1,12,442,12442,20,1995,2FMDA5145SBC,2,F,M,D,A,5,1,4,5,S,B,C,0,T,FORD,WWG,ES,95,17,,1,0,1207,WIN,G,,,6,232,,,,B,3720,00,E,42,0,0,000000000,00000000000,0,0,0,1,0,0,0,0,0,0,0,998,0,0,0,12,12,4,3,12,0,0,0,1,41,97844,6,1,0,0,3,1,69,215,0,0,0,0,0,0,0,0,0,0,28,91,0,0,1,2,35,1,2,2,1,0,0,2,10,1,1,2,50,0,0
41,410194,2,2,1,20,6,17,20,12,2,1,0,41,1,72,706,72706,80,1990,1HD1BLL16LY0,1,H,D,1,B,L,L,1,6,L,Y,0,0,M,HD,XST,RS,90,17,,,,,,,1340,,2,,4,625,,,,,,,0,0,000000000,00000000000,0,0,0,1,0,0,0,0,0,0,0,998,0,0,0,12,12,9,9,12,0,0,0,1,41,97844,6,1,6,0,3,1,74,195,0,0,0,0,0,0,0,0,0,0,0,0,0,0,1,2,35,1,2,2,1,0,0,1,62,1,1,1,51,1,0
41,410195,1,1,2,11,8,19,21,1,0,1,0,41,1,12,471,12471,30,2002,1FTZR45E62TA,1,F,T,Z,R,4,5,E,6,2,T,A,0,T,FORD,RNS,4C,2,17,,1,0,1259,RNG,G,,,6,245,,,,B,3760,03,E,44,0,0,000000000,00000000000,0,0,0,1,0,0,0,0,0,0,0,998,0,1,6,0,0,6,2,1,0,0,0,1,41,97420,6,1,0,0,3,1,65,160,0,0,0,0,0,0,0,0,0,1,91,0,0,0,1,2,98,4,2,2,1,0,0,14,12,1,1,4,6,1,1
41,410196,1,1,2,23,8,11,38,24,0,1,0,41,2,12,481,12481,31,2006,1FTPW14V16KC,1,F,T,P,W,1,4,V,1,6,K,C,0,T,FORD,F1S,CW,6,17,,2,1500,1390,COF,F,,,8,329,,,,B,5476,01,E,44,0,0,000000000,00000000000,0,0,0,1,0,0,0,0,0,0,0,998,0,0,0,81,12,6,2,42,0,0,0,1,15,99999,6,1,0,0,3,3,69,165,1,0,0,0,0,2,2009,2,2009,1,91,0,0,0,1,2,55,1,1,2,1,0,0,1,13,1,1,4,1,1,0
41,410197,1,1,1,29,8,19,4,9,0,1,0,41,1,30,46,30046,4,2002,WVWTH23BX2P1,W,V,W,T,H,2,3,B,X,2,P,1,0,P,VOLK,CX4,4D,2,17,1614,,0,1064,,G,,F,6,169,,,16R205,,,,,,0,0,000000000,00000000000,0,0,0,1,0,0,0,0,0,0,0,998,0,0,0,12,12,6,2,9,0,0,0,1,41,97477,6,1,0,0,3,0,67,140,2,0,0,0,0,6,2011,7,2011,0,0,0,0,0,5,4,35,1,1,2,1,0,0,1,83,1,1,1,13,0,0
41,410198,1,2,1,29,8,19,49,12,2,1,1,41,2,37,31,37031,4,1998,2HGEJ6628WH6,2,H,G,E,J,6,6,2,8,W,H,6,0,P,HOND,UCD,4D,98,17,2307,,0,1032,,G,,F,4,097,,,14R185,,,,,,0,0,000000000,00000000000,0,0,0,1,0,0,0,0,0,0,0,66,0,0,0,12,12,6,2,12,0,0,0,1,41,98664,6,1,0,0,3,0,63,130,0,0,0,0,0,0,0,0,0,1,28,36,91,0,1,2,45,1,1,2,1,0,0,1,10,1,1,2,50,0,1
41,410198,2,2,1,29,8,19,49,12,2,1,0,53,1,34,709,34709,80,2009,WB10509069ZV,W,B,1,0,5,0,9,0,6,9,Z,V,0,M,BMW,K3S,RC,9,17,,,,,,,1293,,4,,4,503,,,,,,,0,0,000000000,00000000000,0,0,0,1,0,0,0,0,0,0,0,998,0,0,0,12,12,6,2,12,0,0,0,1,53,98660,6,1,0,0,3,0,73,185,0,0,0,0,0,0,0,0,0,0,0,0,0,0,1,2,45,1,1,2,1,0,0,1,62,1,1,1,51,1,0
41,410199,1,2,3,30,8,13,59,12,6,1,0,41,1,37,31,37031,2,1995,1HGEJ2126SL0,1,H,G,E,J,2,1,2,6,S,L,0,0,P,HOND,CID,CP,95,17,2168,,0,1032,,G,,F,4,091,,,13R175,,,,,,0,0,000000000,00000000000,0,0,0,1,0,0,0,0,0,0,0,998,0,0,0,9,9,6,2,12,0,0,0,1,41,97424,6,1,0,0,3,0,68,155,0,0,0,0,0,0,0,0,0,9,28,0,0,0,1,2,55,4,2,2,1,0,0,14,10,1,1,2,64,2,0
41,410199,2,2,1,30,8,13,59,12,6,1,0,41,3,82,881,82881,63,2000,1FUXJJBB8YHG,1,F,U,X,J,J,B,B,8,Y,H,G,0,T,FRHT,,TB,0,17,,7,,,,D,,,6,439,,,,,,,,42,0,57,254098,57254098,3,1,1,1,0,0,0,0,0,0,0,998,0,0,0,12,12,4,3,12,0,0,0,1,41,97404,6,1,6,0,3,0,68,155,0,0,0,0,0,0,0,0,0,9,28,0,0,0,1,2,55,4,2,2,1,0,0,14,62,1,1,1,65,0,0
41,410200,1,1,1,30,8,17,50,1,0,1,0,92,0,20,881,20881,64,1967,CS5372138937,C,S,5,3,7,2,1,3,8,9,3,7,0,T,CHEV,C52,CB,67,12,,5,1890,1250,C50,G,,,6,,,,,,,,,42,0,88,888888888,88888888888,2,1,4,1,0,0,0,0,0,0,0,998,0,1,5,0,0,6,9,1,0,0,0,1,41,97827,6,1,0,0,3,0,67,150,0,0,0,0,0,0,0,0,0,0,99,99,99,99,1,2,55,2,2,4,1,0,0,10,12,99,9,4,10,1,0
41,410201,1,1,1,2,9,17,44,30,0,1,0,41,1,7,42,7042,2,1998,4B3AU52N2WE1,4,B,3,A,U,5,2,N,2,W,E,1,0,P,DODG,AES,CP,98,17,2886,,0,1037,,G,,F,6,152,,,17R215,,,,,,0,0,000000000,00000000000,0,0,0,1,0,0,0,0,0,0,0,998,0,1,5,3,0,6,2,1,0,0,0,1,41,97322,6,1,0,0,3,1,68,195,0,0,0,0,0,0,0,0,0,1,0,0,0,0,1,2,40,3,1,2,1,0,0,14,13,1,1,4,1,1,1
41,410202,1,1,1,5,9,99,99,24,0,1,0,41,1,12,481,12481,31,1972,F26YRN43635,F,2,6,Y,R,N,4,3,6,3,5,,0,T,FORD,F25,PK,72,11,,2,1590,1150,COF,G,,,8,360,,,,C,,,,44,0,0,000000000,00000000000,0,0,0,1,0,0,0,0,0,0,0,998,0,1,4,3,0,6,2,1,0,0,0,1,41,97029,6,1,0,0,3,1,70,200,0,0,0,0,0,0,0,0,0,0,99,99,99,99,1,2,55,3,2,2,1,0,0,14,13,1,1,4,1,1,1
41,410203,1,2,2,27,6,10,0,12,2,1,0,41,1,53,402,53402,14,2000,2S3TD52V1Y61,2,S,3,T,D,5,2,V,1,Y,6,1,0,P,SUZI,VIT,UT,0,17,2987,,0,976,,G,,F,4,122,,,16R215,,,,,,0,0,000000000,00000000000,0,0,0,1,0,0,0,0,0,0,0,48,0,1,1,12,0,6,2,1,0,0,0,1,41,97301,6,1,0,0,3,0,65,115,0,1,0,0,0,10,2010,10,2010,0,28,91,0,0,1,2,55,2,2,2,1,40,3,14,10,1,1,2,50,1,0
41,410203,2,2,1,27,6,10,0,12,2,1,0,41,1,37,441,37441,20,2007,5FNRL38257B1,5,F,N,R,L,3,8,2,5,7,B,1,0,P,HOND,UDY,SV,7,17,0,,0,1181,,G,,F,6,214,,,16R235,,,,,,0,0,000000000,00000000000,0,0,0,1,0,0,0,0,0,0,0,998,0,0,0,12,12,6,2,12,0,0,0,1,41,97304,6,1,0,0,3,0,67,160,0,0,0,0,0,0,0,0,0,0,0,0,0,0,1,2,55,3,2,2,1,40,3,14,62,1,1,1,51,0,0
41,410204,1,1,3,10,7,3,0,42,0,1,0,41,2,7,880,7880,67,2001,3B7MF36651M2,3,B,7,M,F,3,6,6,5,1,M,2,0,T,DODG,350,PK,1,17,,3,0,1347,RPC,D,,,6,359,,,,D,5707,00,U,44,0,88,888888888,88888888888,2,1,96,1,0,0,0,0,0,0,0,998,0,0,0,12,12,6,2,42,0,0,0,1,41,97064,1,1,0,0,2,0,68,160,0,6,0,0,1,4,2009,6,2011,1,0,0,0,0,1,2,98,4,2,2,1,0,0,14,13,1,1,4,1,1,1
41,410205,1,1,2,25,7,18,55,9,0,1,0,41,2,7,880,7880,67,1996,3B7MC33C7TM1,3,B,7,M,C,3,3,C,7,T,M,1,1,T,DODG,350,PC,96,17,,3,0,1547,RPC,D,,,6,359,,,,D,5297,00,M,42,1,88,888888888,88888888888,2,4,97,1,0,0,0,0,0,0,0,48,0,0,0,12,12,4,8,9,0,0,0,1,41,97739,6,1,0,0,3,3,72,160,0,0,0,0,0,0,0,0,0,1,36,91,0,0,1,2,40,1,1,2,1,0,0,1,13,1,1,4,1,0,0
41,410206,1,1,3,21,8,2,0,1,0,1,0,53,2,22,20,22020,4,1997,1G2WJ52K8VF2,1,G,2,W,J,5,2,K,8,V,F,2,0,P,PONT,GFS,4D,97,17,3355,,0,1105,,G,,F,6,231,,,15R205,,,,,,0,0,000000000,00000000000,0,0,0,1,0,0,0,0,0,0,0,998,0,1,5,0,0,6,2,1,0,0,0,1,53,98822,0,0,0,0,0,0,999,999,99,99,99,99,99,99,9999,99,9999,0,91,0,0,0,1,2,55,4,1,2,1,0,0,14,13,1,1,4,1,1,1
41,410207,1,3,2,2,9,18,7,12,6,1,0,41,2,72,702,72702,80,1977,2A18339H7,2,A,1,8,3,3,9,H,7,,,,0,M,HD,FLH,RS,77,9,,,,,,,1200,,2,,4,722,,,,,,,0,0,000000000,00000000000,0,0,0,1,0,0,0,0,0,0,0,998,0,0,0,12,12,6,2,12,0,0,0,1,41,97233,6,1,0,0,3,0,68,195,0,0,0,2,0,12,2009,3,2010,1,28,0,0,0,1,2,98,2,2,2,1,0,0,14,10,1,1,2,64,2,0
41,410207,2,3,1,2,9,18,7,12,6,1,0,41,1,48,45,48045,6,2008,4S4BP61C7873,4,S,4,B,P,6,1,C,7,8,7,3,0,P,SUBA,O2I,SW,8,17,3350,,0,1051,,G,,F,4,150,,,17R225,,,,,,0,0,000000000,00000000000,0,0,0,1,0,0,0,0,0,0,0,998,0,0,0,11,11,4,3,12,0,0,0,1,41,97023,6,1,0,0,3,1,71,250,0,0,0,0,0,0,0,0,0,0,0,0,0,0,1,2,98,1,2,2,1,0,0,1,62,1,1,1,65,0,0
41,410207,3,3,2,2,9,18,7,12,6,1,0,41,2,49,401,49401,14,1998,JT3HN87RXW01,J,T,3,H,N,8,7,R,X,W,0,1,0,P,TOYT,RUN,UT,98,17,3940,,0,1053,,G,,F,6,206,,,16R265,,,,,,0,0,000000000,00000000000,0,0,0,1,0,0,0,0,0,0,0,998,0,0,0,12,12,2,1,12,0,0,0,1,41,97023,6,1,0,0,3,0,62,123,0,0,0,0,0,0,0,0,0,0,0,0,0,0,1,2,98,1,2,2,1,0,0,1,62,1,1,1,98,0,0
41,410208,1,2,2,7,9,9,38,12,2,1,0,41,1,49,32,49032,4,2010,1NXBU4EEXAZ2,1,N,X,B,U,4,E,E,X,A,Z,2,0,P,TOYT,CBL,4D,10,17,2723,,0,1024,,G,,F,4,110,,,15R195,,,,,,0,0,000000000,00000000000,0,0,0,1,0,0,0,0,0,0,0,998,0,0,0,12,12,6,2,12,0,0,0,1,41,97209,6,1,0,0,3,1,70,135,0,0,0,0,0,0,0,0,0,0,28,0,0,0,1,4,45,1,1,2,1,0,0,1,10,1,1,2,50,1,0
41,410208,2,2,1,7,9,9,38,12,2,1,0,93,3,87,881,87881,66,1995,1XP5DR9X0SD3,1,X,P,5,D,R,9,X,0,S,D,3,1,T,PTRB,379,TR,95,17,,8,0,0,CON,D,,,6,774,,,,,00000,00,,64,1,57,0220031,570220031,3,6,1,1,0,0,0,0,0,0,0,998,0,0,0,12,12,6,2,12,0,0,0,1,6,95658,0,0,0,0,0,0,999,999,99,99,99,99,99,99,9999,99,9999,0,0,0,0,0,1,4,45,1,1,2,1,0,0,1,62,3,2,1,51,0,0
41,410209,1,3,1,10,9,21,13,12,6,1,0,41,1,20,22,20022,2,2005,1G1AL12F7575,1,G,1,A,L,1,2,F,7,5,7,5,0,P,CHEV,BLS,CP,5,17,2991,,0,1033,,G,,F,4,134,,,15R195,,,,,,0,0,000000000,00000000000,0,0,0,1,0,0,0,0,0,0,0,998,0,0,0,12,12,6,2,12,0,0,0,1,41,97141,6,1,6,0,3,0,70,190,1,0,0,1,0,9,2009,1,2011,0,51,0,0,0,2,2,65,1,1,2,1,0,0,1,54,1,1,1,66,1,1
41,410209,2,3,1,10,9,21,13,12,6,1,0,41,1,2,404,2404,14,2005,1J4GR48K05C7,1,J,4,G,R,4,8,K,0,5,C,7,0,T,JEEP,LCF,4W,5,17,,1,0,1095,GCK,G,,,6,226,,,,,4335,00,E,44,0,0,000000000,00000000000,0,0,0,1,0,0,0,0,0,0,0,998,0,0,0,3,3,4,1,12,0,0,0,1,41,97478,6,1,0,0,3,0,66,160,0,0,0,2,0,11,2010,2,2011,0,0,0,0,0,2,2,65,1,1,2,1,0,0,1,54,1,1,1,66,0,0
41,410209,3,3,5,10,9,21,13,12,6,1,0,41,2,20,481,20481,31,2005,2GCEC19T3512,2,G,C,E,C,1,9,T,3,5,1,2,0,T,CHEV,SC1,4C,5,17,,2,1575,1435,SIL,G,,,8,323,,,,B,4555,00,,42,0,0,000000000,00000000000,0,0,0,1,0,0,0,0,0,0,0,998,0,0,0,12,12,6,2,12,0,0,0,1,41,97420,6,1,0,0,3,0,71,180,0,0,0,0,2,12,2009,8,2011,0,0,0,0,0,2,2,65,1,1,2,1,0,0,1,54,1,1,1,98,0,0
41,410210,1,1,1,9,7,19,13,1,0,1,0,0,0,76,733,76733,90,2003,JY43GG0383C0,J,Y,4,3,G,G,0,3,8,3,C,0,0,M,YAMA,YFZ,AT,3,17,,,,,,,347,,2,,2,386,,,,,,,0,0,000000000,00000000000,0,0,0,1,0,0,0,0,0,0,0,998,0,1,1,0,0,2,4,1,0,0,0,1,41,97132,6,1,6,0,3,0,64,170,0,0,0,0,0,0,0,0,0,1,0,0,0,0,1,2,25,1,1,2,1,0,0,1,98,1,1,1,98,1,1
41,410211,1,1,1,8,8,13,55,42,0,1,0,41,1,51,43,51043,6,2002,YV1SZ58D0210,Y,V,1,S,Z,5,8,D,0,2,1,0,0,P,VOLV,VXC,SW,2,17,3807,,0,1088,,G,,T,5,149,,,16R215,,,,,,0,0,000000000,00000000000,0,0,0,1,0,0,0,0,0,0,0,998,0,0,0,12,12,6,2,42,0,0,0,1,41,97236,6,1,0,0,3,0,69,155,0,0,0,0,0,0,0,0,0,9,99,99,99,99,1,2,98,2,1,2,1,0,0,14,12,1,1,4,6,1,0
41,410212,1,1,1,12,9,18,34,42,0,1,0,41,2,12,481,12481,31,2007,1FTRF12227KD,1,F,T,R,F,1,2,2,2,7,K,D,0,T,FORD,F15,PK,7,17,,2,1450,1260,COF,G,,,6,256,,,,B,4615,01,E,42,0,0,000000000,00000000000,0,0,0,1,0,0,0,0,0,0,0,998,0,0,0,3,3,6,2,42,0,0,0,1,41,97302,1,1,0,0,2,0,67,198,0,1,0,0,1,11,2010,5,2011,9,99,99,99,99,1,2,55,1,1,2,1,0,0,1,13,6,4,4,2,1,1
41,410213,1,1,2,13,9,3,30,1,0,1,0,41,2,49,401,49401,14,1994,JT3VN39W5R01,J,T,3,V,N,3,9,W,5,R,0,1,0,P,TOYT,RUN,UT,94,17,4165,,0,1033,,G,,F,6,180,,,15R225,,,,,,0,0,000000000,00000000000,0,0,0,1,0,0,0,0,0,0,0,998,0,1,5,0,0,6,2,1,0,0,0,1,41,97801,6,1,0,0,3,0,71,170,0,3,0,0,0,7,2009,4,2010,1,0,0,0,0,1,2,55,1,2,2,1,0,0,1,13,1,1,4,1,1,1
41,410214,1,1,1,13,9,9,31,42,0,1,0,41,1,35,471,35471,30,1991,1N6SD11S4MC3,1,N,6,S,D,1,1,S,4,M,C,3,0,T,NISS,SWB,PK,91,17,,1,0,1043,TRK,G,,,4,146,,,,B,2714,01,A,42,0,0,000000000,00000000000,0,0,0,1,0,0,0,0,0,0,0,998,0,0,0,9,9,6,2,42,0,0,0,1,41,97524,3,1,0,0,2,0,68,155,0,0,0,0,0,0,0,0,0,1,0,0,0,0,1,2,0,1,1,4,1,0,0,1,13,9,3,4,2,1,1
41,410215,1,1,1,14,9,21,45,42,0,1,0,41,1,20,9,20009,2,2002,2G1FP22G2221,2,G,1,F,P,2,2,G,2,2,2,1,0,P,CHEV,Z28,CP,2,17,3433,,0,1011,,G,,F,8,350,,,16R245,,,,,,0,0,000000000,00000000000,0,0,0,1,0,0,0,0,0,0,0,998,0,0,0,4,4,6,2,42,0,0,0,1,41,97478,6,1,0,0,3,0,71,220,0,0,0,1,0,7,2010,7,2010,1,0,0,0,0,1,2,40,1,1,2,1,0,0,6,13,6,4,4,2,1,1
41,410216,1,2,5,17,9,15,14,12,6,1,0,41,1,7,442,7442,20,2006,2D4GP44L56R8,2,D,4,G,P,4,4,L,5,6,R,8,0,T,DODG,GSX,ES,6,17,,1,0,1193,CAR,G,,,6,230,,,,,4252,00,E,42,0,0,000000000,00000000000,0,0,0,1,0,0,0,0,0,0,0,998,0,0,0,3,3,6,2,12,0,0,0,1,41,97058,6,1,0,0,3,0,64,165,0,0,0,0,0,0,0,0,0,9,28,0,0,0,1,2,55,3,2,2,2,0,0,14,10,1,4,2,64,2,0