STATE,ST_CASE,VEH_NO,VE_FORMS,NUMOCCS,DAY,MONTH,HOUR,MINUTE,HARM_EV,MAN_COLL,UNITTYPE,HIT_RUN,REG_STAT,OWNER,MAKE,MODEL,MAK_MOD,BODY_TYP,MOD_YEAR,VIN,VIN_1,VIN_2,VIN_3,VIN_4,VIN_5,VIN_6,VIN_7,VIN_8,VIN_9,VIN_10,VIN_11,VIN_12,TOW_VEH,VINTYPE,VINMAKE,VINA_MOD,VIN_BT,VINMODYR,VIN_LNGT,VIN_WGT,WGTCD_TR,WHLBS_LG,WHLBS_SH,SER_TR,FUELCODE,MCYCL_DS,CARBUR,CYLINDER,DISPLACE,MCYCL_CY,MCYCL_WT,TIRE_SZE,TON_RAT,TRK_WT,TRKWTVAR,VIN_REST,WHLDRWHL,J_KNIFE,MCARR_I1,MCARR_I2,MCARR_ID,GVWR,V_CONFIG,CARGO_BT,HAZ_INV,HAZ_PLAC,HAZ_ID,HAZ_CNO,HAZ_REL,BUS_USE,SPEC_USE,EMER_USE,TRAV_SP,UNDERIDE,ROLLOVER,ROLINLOC,IMPACT1,IMPACT2,DEFORMED,TOWED,M_HARM,VEH_SC1,VEH_SC2,FIRE_EXP,DR_PRES,L_STATE,DR_ZIP,L_STATUS,L_TYPE,CDL_STAT,L_ENDORS,L_COMPL,L_RESTRI,DR_HGT,DR_WGT,PREV_ACC,PREV_SUS,PREV_DWI,PREV_SPD,PREV_OTH,FIRST_MO,FIRST_YR,LAST_MO,LAST_YR,SPEEDREL,DR_SF1,DR_SF2,DR_SF3,DR_SF4,VTRAFWAY,VNUM_LAN,VSPD_LIM,VALIGN,VPROFILE,VPAVETYP,VSURCOND,VTRAFCON,VTCONT_F,P_CRASH1,P_CRASH2,P_CRASH3,PCRASH4,PCRASH5,ACC_TYPE,DEATHS,DR_DRINK
41,410287,1,1,1,11,11,19,54,42,0,1,0,48,2,23,481,23481,31,1992,2GTEK19Z3N15,2,G,T,E,K,1,9,Z,3,N,1,5,0,T,GMC,SK1,PC,92,17,,2,1555,1415,SIE,G,,,6,262,,,,B,4598,05,A,44,0,0,000000000,00000000000,0,0,0,1,0,0,0,0,0,0,0,998,0,0,0,12,12,6,2,42,0,0,0,1,41,97375,1,1,1,0,2,0,70,180,1,2,1,0,0,1,2011,6,2011,1,0,0,0,0,1,2,55,2,1,2,98,0,0,14,13,99,9,9,1,1,1
41,410288,1,1,1,13,11,99,99,42,0,1,0,41,2,20,16,20016,4,2001,1G1JC5248171,1,G,1,J,C,5,2,4,8,1,7,1,0,P,CHEV,CAC,4D,1,17,2676,,0,1041,,C,,F,4,133,,,14R195,,,,,,0,0,000000000,00000000000,0,0,0,1,0,0,0,0,0,0,0,998,0,0,0,3,3,6,2,42,0,0,0,1,41,97048,6,1,0,0,3,1,63,190,0,0,0,0,0,0,0,0,0,9,99,99,99,99,1,2,98,3,2,2,99,0,0,14,12,99,9,9,6,1,0
41,410289,1,2,2,22,11,12,37,12,6,1,0,41,1,18,3,18003,4,2002,1G4CW54K0242,1,G,4,C,W,5,4,K,0,2,4,2,0,P,BUIC,PKA,4D,2,17,3788,,0,1138,,G,,F,6,231,,,16R225,,,,,,0,0,000000000,00000000000,0,0,0,1,0,0,0,0,0,0,0,998,0,0,0,9,9,6,2,12,0,0,0,1,41,97439,6,1,0,0,3,1,64,140,0,0,0,0,0,0,0,0,0,0,39,0,0,0,1,2,40,1,1,2,2,4,3,1,17,1,1,1,77,1,0
41,410289,2,2,1,22,11,12,37,12,6,1,0,41,2,49,401,49401,14,1996,JT3HN86R8T00,J,T,3,H,N,8,6,R,8,T,0,0,0,P,TOYT,RUN,UT,96,17,0,,0,1053,,G,,F,6,206,,,15R225,,,,,,0,0,000000000,00000000000,0,0,0,1,0,0,0,0,0,0,0,998,0,0,0,12,12,4,3,12,0,0,0,1,41,97439,6,1,6,0,3,0,72,200,0,0,0,1,0,12,2009,12,2009,0,0,0,0,0,1,2,40,1,1,2,2,0,0,11,15,1,1,1,76,0,0
41,410290,1,1,1,14,12,18,34,8,0,1,0,41,1,12,481,12481,31,2007,1FTSW20P07EB,1,F,T,S,W,2,0,P,0,7,E,B,0,T,FORD,F2S,CW,7,17,,2,1720,1560,SRW,D,,,8,366,,,,C,6059,02,E,42,0,0,000000000,00000000000,0,0,0,1,0,0,0,0,0,0,0,998,0,0,0,12,12,4,3,8,0,0,0,1,41,97882,6,1,6,0,3,0,74,220,0,0,0,0,0,0,0,0,0,0,0,0,0,0,1,4,55,1,1,2,1,0,0,1,80,1,1,1,13,0,0
41,410291,1,1,2,14,12,7,55,1,0,1,0,41,2,37,32,37032,2,1996,1HGCD7235TA0,1,H,G,C,D,7,2,3,5,T,A,0,0,P,HOND,ULX,CP,96,17,2820,,0,1069,,G,,F,4,132,,,15R185,,,,,,0,0,000000000,00000000000,0,0,0,1,0,0,0,0,0,0,0,998,0,1,5,0,0,6,2,1,0,0,0,1,41,97457,6,2,0,0,3,0,63,185,0,0,0,0,0,0,0,0,0,0,92,0,0,0,2,2,65,1,1,2,1,0,0,1,13,1,1,4,1,1,0
41,410292,1,1,1,15,12,11,15,10,0,1,0,92,0,99,999,99999,99,9999,999999999999,9,9,9,9,9,9,9,9,9,9,9,9,0,,,,,,,,,,,,,,,,,,,,,,,,,0,0,000000000,00000000000,0,0,0,1,0,0,0,0,0,0,0,998,0,0,0,9,9,6,2,10,0,0,0,1,41,97838,6,1,6,0,3,1,72,220,0,0,0,0,0,0,0,0,0,9,99,99,99,99,1,2,98,1,1,4,1,65,3,1,91,1,1,1,15,1,0
41,410293,1,1,1,21,12,2,55,11,0,1,0,41,2,49,471,49471,30,1988,JT4RN63A4J80,J,T,4,R,N,6,3,A,4,J,8,0,0,T,TOYT,R63,PK,88,17,,1,0,1030,44P,G,,,4,144,,,,B,3141,01,A,44,0,0,000000000,00000000000,0,0,0,1,0,0,0,0,0,0,0,998,0,1,5,12,0,6,2,1,0,0,0,1,41,97458,6,1,0,0,3,1,72,150,0,1,0,0,0,6,2010,6,2010,1,0,0,0,0,1,2,55,1,1,2,4,0,0,1,87,1,1,1,13,1,1
41,410294,1,1,1,22,12,18,0,30,0,1,0,41,1,34,34,34034,2,2002,WBSBL934X2JR,W,B,S,B,L,9,3,4,X,2,J,R,0,P,BMW,M3S,CP,2,17,3415,,0,1075,,G,,F,6,198,,,18R225,,,,,,0,0,000000000,00000000000,0,0,0,1,0,0,0,0,0,0,0,998,0,0,0,12,12,6,2,30,0,0,0,1,41,97045,6,1,0,0,3,0,72,148,1,0,0,0,0,12,2009,12,2009,1,0,0,0,0,1,2,55,3,1,2,1,0,0,14,13,1,1,4,1,1,0
41,410295,1,2,2,25,12,18,27,12,2,1,0,41,2,37,31,37031,2,1999,1HGEJ8144XL0,1,H,G,E,J,8,1,4,4,X,L,0,0,P,HOND,UAX,CP,99,17,2513,,0,1032,,G,,F,4,097,,,14R185,,,,,,0,0,000000000,00000000000,0,0,0,1,0,0,0,0,0,0,0,998,0,0,0,12,12,6,2,12,0,0,0,1,41,97487,0,0,0,0,0,0,73,170,1,29,0,1,4,6,2009,12,2011,0,28,0,0,0,5,4,55,1,1,2,2,0,0,1,10,1,1,2,50,1,1
41,410295,2,2,2,25,12,18,27,12,2,1,0,41,1,12,481,12481,31,1997,1FTJW36F7VEA,1,F,T,J,W,3,6,F,7,V,E,A,0,T,FORD,F35,CW,97,17,,2,0,1680,COF,D,,,8,444,,,,D,5660,01,A,44,0,0,000000000,00000000000,0,0,0,1,0,0,0,0,0,0,0,998,7,0,0,12,12,6,2,12,0,0,0,1,41,97478,6,1,0,0,3,0,74,200,0,0,0,0,0,0,0,0,0,0,0,0,0,0,5,4,55,1,1,2,2,0,0,1,62,1,1,1,51,0,0
41,410296,1,1,1,15,12,2,10,42,0,1,0,41,1,49,32,49032,4,2006,1NXBR32E56Z7,1,N,X,B,R,3,2,E,5,6,Z,7,0,P,TOYT,UCS,4D,6,17,2530,,0,1024,,G,,F,4,109,,,15R185,,,,,,0,0,000000000,00000000000,0,0,0,1,0,0,0,0,0,0,0,998,0,0,0,12,12,6,2,42,0,0,0,1,41,97488,6,1,0,0,3,0,64,145,0,0,0,0,0,0,0,0,0,9,99,99,99,99,1,2,55,2,1,2,2,0,0,14,12,1,1,4,6,1,1
41,410297,1,1,1,16,12,10,34,9,0,1,0,41,1,12,37,12037,4,2001,1FAFP33P81W2,1,F,A,F,P,3,3,P,8,1,W,2,0,P,FORD,FOX,4D,1,17,2563,,0,1030,,G,,F,4,122,,,14R185,,,,,,0,0,000000000,00000000000,0,0,0,1,0,0,0,0,0,0,0,998,0,0,0,12,12,4,3,9,0,0,0,1,41,97760,6,1,0,0,3,0,59,110,0,0,0,0,0,0,0,0,0,0,0,0,0,0,5,2,35,1,1,2,98,20,3,1,83,2,1,1,13,0,0
41,410298,1,1,1,18,12,20,40,1,0,1,0,41,2,20,421,20421,15,1999,1GNEK13R4XJ4,1,G,N,E,K,1,3,R,4,X,J,4,0,P,CHEV,KTA,UT,99,17,5268,,0,1175,,G,,F,8,350,,,16R245,,,,,,0,0,000000000,00000000000,0,0,0,1,0,0,0,0,0,0,0,998,0,1,5,0,13,6,2,1,0,0,0,1,41,97023,6,1,0,0,3,0,69,130,0,0,0,0,0,0,0,0,0,1,0,0,0,0,1,2,45,3,1,1,2,0,0,14,12,1,1,4,6,1,0
41,410299,1,1,1,26,12,2,43,17,0,1,0,41,2,18,5,18005,2,1996,1G4GD2212T47,1,G,4,G,D,2,2,1,2,T,4,7,0,P,BUIC,RIV,CP,96,17,3690,,0,1138,,G,,Z,6,231,,,16R225,,,,,,0,0,000000000,00000000000,0,0,0,1,0,0,0,0,0,0,0,998,0,1,5,12,0,6,2,1,0,0,0,1,41,97302,6,1,0,0,3,0,60,105,0,1,0,0,0,1,2009,1,2009,1,0,0,0,0,5,4,25,1,2,2,1,0,0,1,13,1,1,4,1,1,1
41,410300,1,1,1,28,12,17,11,8,0,1,0,41,1,12,17,12017,4,2004,1FAFP55S14G1,1,F,A,F,P,5,5,S,1,4,G,1,0,P,FORD,TSS,4D,4,17,3306,,0,1085,,G,,F,6,182,,,16R215,,,,,,0,0,000000000,00000000000,0,0,0,1,0,0,0,0,0,0,0,998,0,0,0,12,12,4,3,8,0,0,0,1,41,97526,6,1,0,0,3,0,65,190,0,0,0,0,0,0,0,0,0,0,0,0,0,0,1,2,35,1,1,2,1,0,0,1,80,1,1,1,13,0,0
41,410301,1,1,4,29,12,0,14,1,0,1,0,41,1,49,472,49472,30,2003,5TEWM72N93Z1,5,T,E,W,M,7,2,N,9,3,Z,1,0,T,TOYT,XTR,PC,3,17,,1,0,1219,TAC,G,,,4,164,,,,B,3457,00,U,44,0,0,000000000,00000000000,0,0,0,1,0,0,0,0,0,0,0,998,0,1,5,0,0,6,2,1,0,0,0,1,41,97526,6,1,0,0,3,0,69,190,0,0,0,0,0,0,0,0,0,0,99,99,99,99,1,2,98,3,2,4,1,0,0,14,13,1,1,4,1,1,1
41,410302,1,1,1,29,12,7,15,42,0,1,0,41,1,20,401,20401,14,1998,1GNDT13W8W21,1,G,N,D,T,1,3,W,8,W,2,1,0,P,CHEV,BZR,UT,98,17,4046,,0,1070,,G,,F,6,262,,,15R235,,,,,,0,0,000000000,00000000000,0,0,0,1,0,0,0,0,0,0,0,998,0,0,0,12,12,6,2,42,0,0,0,1,41,97739,6,1,0,0,3,1,66,195,0,0,0,0,0,0,0,0,0,1,0,0,0,0,1,2,55,4,1,2,4,0,0,14,13,1,1,4,1,1,0
41,410303,1,1,1,30,12,9,33,42,0,1,0,41,1,7,422,7422,15,2005,1D4HB58D55F5,1,D,4,H,B,5,8,D,5,5,F,5,0,P,DODG,DUR,UT,5,17,4986,,0,1192,,G,,F,8,348,,,17R265,,,,,,0,0,000000000,00000000000,0,0,0,1,0,0,0,0,0,0,0,998,0,1,5,12,0,6,2,1,0,0,0,1,41,97739,6,1,0,0,3,0,65,240,0,0,0,1,0,6,2009,6,2009,9,99,99,99,99,1,2,55,3,1,2,2,0,0,1,13,1,1,4,1,1,0
41,410304,1,1,1,30,12,8,35,1,0,1,0,41,1,20,471,20471,30,2000,1GCCS1455Y82,1,G,C,C,S,1,4,5,5,Y,8,2,0,T,CHEV,S14,PK,0,17,,1,1179,1083,S,F,,,4,133,,,,B,3029,03,,42,0,0,000000000,00000000000,0,0,0,1,0,0,0,0,0,0,0,998,0,1,5,0,0,6,2,1,0,0,0,1,41,97071,6,1,0,0,3,0,70,255,0,0,0,0,0,0,0,0,0,0,0,0,0,0,1,2,55,1,1,2,2,0,0,1,13,1,1,4,1,1,0
41,410305,1,1,3,31,12,9,19,1,0,1,0,41,2,12,481,12481,31,2004,1FTNW21P14EB,1,F,T,N,W,2,1,P,1,4,E,B,0,T,FORD,F2S,CW,4,17,,2,1724,1562,SRW,D,,,8,366,,,,C,6234,00,E,44,0,0,000000000,00000000000,0,0,0,1,0,0,0,0,0,0,0,998,0,1,5,0,0,6,2,1,0,0,0,1,53,98682,6,1,0,0,3,0,70,180,0,0,0,0,0,0,0,0,0,1,0,0,0,0,1,2,55,1,5,2,4,0,0,1,12,1,1,4,6,1,0
41,410306,1,1,1,28,12,15,10,32,0,1,0,41,1,49,472,49472,30,2002,5TEWM72N02Z0,5,T,E,W,M,7,2,N,0,2,Z,0,0,T,TOYT,XTR,PC,2,17,,1,0,1219,TAC,G,,,4,164,,,,B,3470,00,U,44,0,0,000000000,00000000000,0,0,0,1,0,0,0,0,0,0,0,998,0,1,5,12,0,6,2,1,0,0,0,1,41,97801,6,1,6,0,3,1,70,175,1,0,0,0,0,3,2011,3,2011,9,99,99,99,99,1,2,40,1,1,2,2,0,0,1,12,1,1,4,6,1,0
41,410307,1,1,2,31,12,19,23,8,0,1,0,41,1,6,54,6054,6,2004,2C8GM68434R6,2,C,8,G,M,6,8,4,3,4,R,6,0,P,CHRY,PIF,UT,4,17,4334,,0,1163,,G,,F,6,214,,,17R235,,,,,,0,0,000000000,00000000000,0,0,0,1,0,0,0,0,0,0,0,998,0,0,0,12,12,2,1,8,0,0,0,1,41,97211,6,1,0,0,3,1,69,300,0,0,0,2,0,2,2010,11,2011,0,0,0,0,0,5,4,35,1,2,2,1,2,3,1,80,1,1,1,13,0,0
41,410308,1,1,1,12,9,99,99,3,0,1,0,41,1,53,705,53705,80,1990,JS1SP41A2L21,J,S,1,S,P,4,1,A,2,L,2,1,0,M,SUZI,D6S,T,90,17,,,,,,,640,,1,,4,340,,,,,,,0,0,000000000,00000000000,0,0,0,1,0,0,0,0,0,0,0,998,0,0,0,0,12,9,3,43,0,0,0,1,41,97632,6,1,6,0,2,0,76,280,0,0,0,0,0,0,0,0,0,9,99,99,99,99,1,2,0,1,1,2,1,21,3,1,13,3,2,4,0,1,1
41,410309,1,1,1,12,12,20,57,8,0,1,0,41,1,32,43,32043,4,1997,WAUEA88D6VA0,W,A,U,E,A,8,8,D,6,V,A,0,0,P,AUDI,42Q,4D,97,17,3170,,0,1026,,G,,F,6,169,,,16R205,,,,,,0,0,000000000,00000000000,0,0,0,1,0,0,0,0,0,0,0,998,0,0,0,12,12,4,1,8,0,0,0,1,41,97701,6,1,0,0,3,0,66,120,0,0,0,0,0,0,0,0,0,0,0,0,0,0,3,2,45,1,1,2,1,0,0,1,80,2,1,1,13,0,0
41,410310,1,1,1,20,12,20,0,42,0,1,0,41,2,12,13,12013,4,1999,1FAFP13P7XW1,1,F,A,F,P,1,3,P,7,X,W,1,0,P,FORD,ESE,4D,99,17,2468,,0,984,,G,,F,4,122,,,14R185,,,,,,0,0,000000000,00000000000,0,0,0,1,0,0,0,0,0,0,0,998,0,0,0,9,9,6,2,42,0,0,0,1,41,97051,6,2,0,0,3,0,68,160,0,0,0,0,0,0,0,0,0,1,58,0,0,0,1,2,40,4,2,1,2,0,0,14,12,6,1,4,6,1,0
41,410311,1,1,1,23,8,23,48,8,0,1,1,99,9,99,999,99999,99,9999,999999999999,9,9,9,9,9,9,9,9,9,9,9,9,0,,,,,,,,,,,,,,,,,,,,,,,,,0,0,000000000,00000000000,0,0,0,1,0,0,0,0,0,0,0,998,0,0,0,12,12,9,1,8,0,0,0,1,99,99999,9,9,99,0,9,9,999,999,99,99,99,99,99,99,9999,99,9999,9,99,99,99,99,1,2,98,1,1,2,1,0,0,1,83,99,1,1,13,0,0
41,410312,1,2,1,29,11,18,55,12,2,1,0,41,1,20,461,20461,21,1989,1GBEG25K9K71,1,G,B,E,G,2,5,K,9,K,7,1,0,T,CHEV,SV2,CG,89,17,,2,1250,1100,S/V,G,,,8,350,,,,C,3941,16,,42,0,0,000000000,00000000000,0,0,0,1,0,0,0,0,0,0,0,998,0,0,0,12,12,6,2,12,0,0,0,1,41,97437,6,1,0,0,3,1,70,220,0,0,0,0,0,0,0,0,0,0,28,0,0,0,1,2,35,1,2,2,1,0,0,1,10,1,1,2,50,1,0
41,410312,2,2,1,29,11,18,55,12,2,1,0,41,1,49,421,49421,15,1995,JT3DJ81W9S00,J,T,3,D,J,8,1,W,9,S,0,0,0,P,TOYT,LCW,UT,95,17,4760,,0,1122,,G,,F,6,273,,,16R275,,,,,,0,0,000000000,00000000000,0,0,0,1,0,0,0,0,0,0,0,998,0,0,0,12,12,6,2,12,0,0,0,1,41,97437,6,1,0,0,3,1,75,205,0,0,0,0,0,0,0,0,0,0,0,0,0,0,1,2,35,1,2,2,1,0,0,1,62,1,1,1,51,0,0
41,410313,1,1,1,1,12,19,19,30,0,1,0,99,9,99,999,99999,99,9999,999999999999,9,9,9,9,9,9,9,9,9,9,9,9,0,,,,,,,,,,,,,,,,,,,,,,,,,0,0,000000000,00000000000,0,0,0,1,0,0,0,0,0,0,0,998,0,0,0,12,12,8,8,30,0,0,0,1,53,98637,6,1,0,0,3,3,71,185,0,0,0,1,0,2,2009,2,2009,9,0,0,0,0,5,4,40,1,1,2,98,0,0,11,12,1,1,4,6,1,0
41,410314,1,1,2,26,9,14,30,6,0,1,0,41,3,92,981,92981,52,2003,15GGD271X310,1,5,G,G,D,2,7,1,X,3,1,0,0,T,GILL,,,3,17,,,,,,,,,,,,,,,,,,,0,88,888888888,88888888888,3,21,22,1,0,0,0,0,6,0,0,998,0,0,0,0,0,0,1,6,0,0,0,1,41,97478,6,1,6,0,3,0,64,250,0,0,0,0,0,0,0,0,0,0,0,0,0,0,1,2,99,1,1,2,1,0,0,11,98,1,1,1,0,1,0
41,410315,1,1,1,11,10,19,8,8,0,1,0,41,1,7,482,7482,31,1996,1B7KF26C9TS5,1,B,7,K,F,2,6,C,9,T,S,5,0,T,DODG,250,PK,96,17,,2,0,1347,RPC,D,,,6,359,,,,C,4703,00,M,44,0,0,000000000,00000000000,0,0,0,1,0,0,0,0,0,0,0,998,0,0,0,12,12,2,1,8,0,0,0,1,41,97305,6,1,0,0,3,0,74,240,0,0,0,1,0,9,2010,9,2010,0,0,0,0,0,5,4,35,1,1,2,2,0,0,1,80,1,1,1,13,0,0
41,410316,1,1,2,11,9,13,0,99,98,1,0,91,9,99,709,99709,80,9999,999999999999,9,9,9,9,9,9,9,9,9,9,9,9,0,,,,,,,,,,,,,,,,,,,,,,,,,0,0,000000000,00000000000,0,0,0,1,0,0,0,0,0,0,0,998,0,0,0,98,98,8,8,99,0,0,0,1,41,97045,1,1,0,0,2,0,73,180,1,1,1,1,0,1,2009,8,2011,9,99,99,99,99,1,2,98,8,8,8,98,0,0,99,99,99,9,9,99,1,0
41,410317,1,2,2,14,11,17,39,12,6,1,0,41,1,23,481,23481,31,2000,2GTEK19T1Y11,2,G,T,E,K,1,9,T,1,Y,1,1,0,T,GMC,NK1,3C,0,17,,2,1575,1435,SIE,G,,,8,325,,,,B,4621,02,U,44,0,0,000000000,00000000000,0,0,0,1,0,0,0,0,0,0,0,998,0,0,0,3,3,2,1,12,0,0,0,1,41,97882,6,1,0,0,3,3,74,240,0,0,0,0,0,0,0,0,0,0,38,0,0,0,1,2,35,1,1,2,1,0,0,11,15,99,1,1,68,0,0
41,410317,2,2,1,14,11,17,39,12,6,1,0,41,1,37,705,37705,80,2006,JH2RD06076K4,J,H,2,R,D,0,6,0,7,6,K,4,0,M,HOND,R6L,T,6,17,,,,,,,644,,1,,4,324,,,,,,,0,0,000000000,00000000000,0,0,0,1,0,0,0,0,0,0,0,998,0,0,0,12,12,8,2,12,0,0,0,1,41,97838,6,1,0,0,3,0,69,200,0,0,0,0,0,0,0,0,0,9,0,0,0,0,1,2,35,1,1,2,1,0,0,1,62,99,1,1,69,1,1
41,410318,1,1,2,4,11,11,28,5,0,1,0,99,9,99,999,99999,99,9999,999999999999,9,9,9,9,9,9,9,9,9,9,9,9,0,,,,,,,,,,,,,,,,,,,,,,,,,0,0,000000000,00000000000,0,0,0,1,0,0,0,0,0,0,0,998,0,0,0,0,0,0,1,5,0,0,0,1,41,97497,1,1,0,0,2,3,68,210,0,2,0,0,0,2,2010,5,2010,9,0,0,0,0,1,2,98,1,1,2,98,0,0,99,98,99,9,9,0,1,1
42,420001,1,1,1,1,1,4,3,38,0,1,0,42,1,7,482,7482,31,1997,1B7KF26ZXVJ5,1,B,7,K,F,2,6,Z,X,V,J,5,0,T,DODG,250,PK,97,17,,2,0,1347,RPC,G,,,8,360,,,,C,4787,00,M,44,0,0,000000000,00000000000,0,0,0,1,0,0,0,0,0,0,0,60,0,0,0,98,3,6,2,42,0,0,0,1,42,16438,6,1,0,0,3,1,70,999,0,0,0,1,0,3,2009,3,2009,1,51,0,0,0,1,2,45,1,1,2,6,0,0,1,6,3,4,4,7,1,1
42,420002,1,1,1,12,1,21,43,1,0,1,0,92,0,37,739,37739,90,9999,000000000000,0,0,0,0,0,0,0,0,0,0,0,0,0,,,,,,,,,,,,,,,,,,,,,,,,,0,0,000000000,00000000000,0,0,0,1,0,0,0,0,0,0,0,10,0,2,1,0,0,2,3,1,0,0,0,1,42,18321,6,1,0,0,1,0,69,999,0,1,0,1,0,4,2008,7,2008,0,99,99,99,99,1,2,25,1,3,2,2,0,0,99,98,1,1,3,98,1,0
42,420003,1,1,2,1,1,1,45,35,0,1,0,42,1,20,36,20036,2,1997,2G1WW12M4V91,2,G,1,W,W,1,2,M,4,V,9,1,0,P,CHEV,MLS,CP,97,17,3320,,0,1075,,G,,F,6,191,,,15R205,,,,,,0,0,000000000,00000000000,0,0,0,1,0,0,0,0,0,0,0,60,0,1,1,12,0,6,2,2,0,0,1,1,42,16652,6,1,0,0,3,0,64,999,1,0,0,3,0,8,2009,11,2010,1,0,0,0,0,1,2,55,1,1,2,1,0,0,1,12,1,1,4,6,2,1
42,420004,1,1,3,4,1,21,10,33,0,1,0,42,1,12,3,12003,2,2001,1FAFP40411F2,1,F,A,F,P,4,0,4,1,1,F,2,0,P,FORD,MUS,CP,1,17,3066,,0,1013,,G,,F,6,232,,,15R205,,,,,,0,0,000000000,00000000000,0,0,0,1,0,0,0,0,0,0,0,999,0,0,0,12,12,6,2,31,0,0,0,1,42,17202,6,1,0,0,3,0,70,999,0,0,0,0,0,0,0,0,0,1,48,0,0,0,1,2,35,1,1,2,1,3,3,10,6,1,3,4,2,1,0
42,420005,1,1,2,1,1,0,54,52,0,1,0,42,1,12,35,12035,4,1998,1FALP6538WK1,1,F,A,L,P,6,5,3,8,W,K,1,0,P,FORD,LSG,4D,98,17,2769,,0,1065,,G,,F,4,121,,,14R185,,,,,,0,0,000000000,00000000000,0,0,0,1,0,0,0,0,0,0,0,70,0,0,0,12,12,6,2,52,0,0,0,1,42,15601,6,1,0,0,3,0,77,999,0,0,0,0,0,0,0,0,0,0,99,99,99,99,2,2,65,1,1,1,1,0,0,1,12,1,1,4,6,1,1
42,420006,1,1,2,15,1,9,55,10,0,1,0,42,1,20,36,20036,2,1998,2G1WW12M5W93,2,G,1,W,W,1,2,M,5,W,9,3,0,P,CHEV,MLS,CP,98,17,3239,,0,1075,,G,,F,6,191,,,15R205,,,,,,0,0,000000000,00000000000,0,0,0,1,0,0,0,0,0,0,0,999,0,0,0,1,1,6,2,10,0,0,0,1,42,16141,6,1,0,0,3,0,73,999,0,0,0,2,0,7,2008,4,2009,0,39,0,0,0,1,2,55,1,1,2,2,65,3,1,91,1,1,1,15,1,0
42,420007,1,1,4,6,1,14,30,24,0,1,0,42,2,21,21,21021,4,2000,1G3NK52T8YC3,1,G,3,N,K,5,2,T,8,Y,C,3,0,P,OLDS,AGX,4D,0,17,3022,,0,1070,,G,,F,4,146,,,15R215,,,,,,0,0,000000000,00000000000,0,0,0,1,0,0,0,0,0,0,0,75,0,1,3,1,0,6,2,1,0,0,0,1,42,16101,0,0,0,0,0,0,70,999,1,2,0,0,3,4,2009,11,2010,1,0,0,0,0,2,2,65,1,1,1,2,0,0,1,13,1,4,4,7,1,0
42,420008,1,1,1,14,1,12,13,59,0,1,0,42,1,22,19,22019,2,2007,1G2AL15F9773,1,G,2,A,L,1,5,F,9,7,7,3,0,P,PONT,G/5,CP,7,17,2991,,0,1035,,G,,F,4,134,,,15R195,,,,,,0,0,000000000,00000000000,0,0,0,1,0,0,0,0,0,0,0,999,0,0,0,12,12,6,2,30,0,0,0,1,42,15143,6,1,0,0,3,3,60,999,0,0,0,0,0,0,0,0,0,0,99,99,99,99,1,3,35,3,6,2,2,0,0,14,13,1,1,4,1,1,0
42,420009,1,1,2,1,1,4,4,31,0,1,0,42,2,55,35,55035,5,2004,KMHDN56D54U1,K,M,H,D,N,5,6,D,5,4,U,1,0,P,HYUN,EST,4H,4,17,2635,,0,1027,,G,,F,4,121,,,15R195,,,,,,0,0,000000000,00000000000,0,0,0,1,0,0,0,0,0,0,0,40,0,0,0,12,12,6,2,31,0,0,0,1,42,17315,6,1,0,0,3,0,70,999,0,0,0,1,0,11,2008,11,2008,0,51,0,0,0,5,2,35,1,1,2,1,0,0,1,12,1,1,4,6,1,0
42,420010,1,2,2,14,1,12,35,12,1,1,0,42,1,35,43,35043,4,2004,3N1CB51D94L8,3,N,1,C,B,5,1,D,9,4,L,8,0,P,NISS,S18,4D,4,17,2387,,0,998,,G,,F,4,108,,,15R195,,,,,,0,0,000000000,00000000000,0,0,0,1,0,0,0,0,0,0,0,30,0,0,0,12,12,6,2,12,0,0,0,1,42,15202,6,1,0,0,3,3,66,999,0,0,0,1,0,11,2008,11,2008,0,26,0,0,0,1,2,35,1,1,2,1,0,0,1,50,2,1,1,20,1,0
42,420010,2,2,1,14,1,12,35,12,1,1,0,42,1,37,31,37031,4,2003,2HGES16543H5,2,H,G,E,S,1,6,5,4,3,H,5,0,P,HOND,UCL,4D,3,17,2513,,0,1031,,G,,F,4,102,,,14R185,,,,,,0,0,000000000,00000000000,0,0,0,1,0,0,0,0,0,0,0,0,0,0,0,6,6,4,1,12,0,0,0,1,42,15601,6,1,0,0,3,3,63,999,0,0,0,0,0,0,0,0,0,0,0,0,0,0,1,2,35,1,1,2,1,0,0,5,53,1,1,1,22,0,0
42,420011,1,1,1,8,1,11,10,34,0,1,0,42,2,6,442,6442,20,2000,1C4GJ44G6YB7,1,C,4,G,J,4,4,G,6,Y,B,7,0,T,CHRY,GSE,ES,0,17,,1,0,1193,VOV,F,,,6,201,,,,,3863,00,,42,0,0,000000000,00000000000,0,0,0,1,0,0,0,0,0,0,0,45,0,1,5,3,9,6,2,42,0,0,0,1,42,16133,6,1,0,0,3,3,72,999,0,0,0,0,0,0,0,0,0,1,87,0,0,0,1,2,45,3,6,2,3,0,0,14,6,1,4,4,7,1,0