STATE,ST_CASE,VEH_NO,VE_FORMS,NUMOCCS,DAY,MONTH,HOUR,MINUTE,HARM_EV,MAN_COLL,UNITTYPE,HIT_RUN,REG_STAT,OWNER,MAKE,MODEL,MAK_MOD,BODY_TYP,MOD_YEAR,VIN,VIN_1,VIN_2,VIN_3,VIN_4,VIN_5,VIN_6,VIN_7,VIN_8,VIN_9,VIN_10,VIN_11,VIN_12,TOW_VEH,VINTYPE,VINMAKE,VINA_MOD,VIN_BT,VINMODYR,VIN_LNGT,VIN_WGT,WGTCD_TR,WHLBS_LG,WHLBS_SH,SER_TR,FUELCODE,MCYCL_DS,CARBUR,CYLINDER,DISPLACE,MCYCL_CY,MCYCL_WT,TIRE_SZE,TON_RAT,TRK_WT,TRKWTVAR,VIN_REST,WHLDRWHL,J_KNIFE,MCARR_I1,MCARR_I2,MCARR_ID,GVWR,V_CONFIG,CARGO_BT,HAZ_INV,HAZ_PLAC,HAZ_ID,HAZ_CNO,HAZ_REL,BUS_USE,SPEC_USE,EMER_USE,TRAV_SP,UNDERIDE,ROLLOVER,ROLINLOC,IMPACT1,IMPACT2,DEFORMED,TOWED,M_HARM,VEH_SC1,VEH_SC2,FIRE_EXP,DR_PRES,L_STATE,DR_ZIP,L_STATUS,L_TYPE,CDL_STAT,L_ENDORS,L_COMPL,L_RESTRI,DR_HGT,DR_WGT,PREV_ACC,PREV_SUS,PREV_DWI,PREV_SPD,PREV_OTH,FIRST_MO,FIRST_YR,LAST_MO,LAST_YR,SPEEDREL,DR_SF1,DR_SF2,DR_SF3,DR_SF4,VTRAFWAY,VNUM_LAN,VSPD_LIM,VALIGN,VPROFILE,VPAVETYP,VSURCOND,VTRAFCON,VTCONT_F,P_CRASH1,P_CRASH2,P_CRASH3,PCRASH4,PCRASH5,ACC_TYPE,DEATHS,DR_DRINK
42,420012,1,1,1,8,1,21,54,35,0,1,0,42,2,2,404,2404,14,2004,1J4GW48N94C1,1,J,4,G,W,4,8,N,9,4,C,1,0,T,JEEP,LCF,4W,4,17,,1,0,1059,GCK,G,,,8,287,,,,,3888,02,E,44,0,0,000000000,00000000000,0,0,0,1,0,0,0,0,0,0,0,30,0,1,6,12,13,6,2,42,0,0,0,1,42,15301,6,1,0,0,3,3,68,999,0,4,0,0,1,1,2008,5,2009,1,0,0,0,0,1,2,25,1,6,2,4,0,0,1,6,7,4,4,7,1,1
42,420013,1,1,1,25,1,18,25,35,0,1,0,42,3,12,17,12017,6,1996,1FALP57U0TA1,1,F,A,L,P,5,7,U,0,T,A,1,0,P,FORD,TAG,SW,96,17,3511,,0,1085,,G,,F,6,182,,,15R205,,,,,,0,0,000000000,00000000000,0,0,0,1,0,0,0,0,0,0,0,65,0,1,3,11,0,6,2,1,0,0,0,1,42,17728,6,1,6,0,3,3,71,999,0,0,0,0,0,0,0,0,0,0,99,99,99,99,2,2,65,3,6,2,2,0,0,14,12,1,1,4,6,1,0
42,420014,1,2,1,21,1,2,48,35,0,1,0,48,3,87,883,87883,66,2002,1XP7DU9X72D5,1,X,P,7,D,U,9,X,7,2,D,5,1,T,PTRB,387,TR,2,17,,8,0,0,CON,D,,,6,733,,,,,00000,00,,64,2,57,02059752,5702059752,3,6,1,1,0,0,0,0,0,0,0,55,0,0,0,11,11,6,2,12,0,0,0,1,48,75670,6,1,6,1,3,0,999,999,1,0,0,2,1,7,2008,7,2010,1,87,0,0,0,2,2,65,1,1,2,3,0,0,2,6,1,4,4,7,0,0
42,420014,2,2,1,21,1,2,48,35,0,1,0,18,3,82,884,82884,66,2011,1FUBGADVXBSA,1,F,U,B,G,A,D,V,X,B,S,A,2,T,FRHT,113,TR,11,17,,7,0,0,CSC,D,,,6,781,,,,,00000,00,,42,1,57,00241829,5700241829,3,7,1,2,2,8888,3,1,0,0,0,50,0,0,0,11,11,6,2,12,0,0,0,1,36,12205,6,1,6,1,3,3,71,999,0,0,0,0,0,0,0,0,0,0,0,0,0,0,2,2,65,1,1,2,3,0,0,1,52,1,1,1,98,1,0
42,420015,1,3,1,30,1,22,42,35,0,1,0,42,1,54,38,54038,3,2004,JH4DC53054S0,J,H,4,D,C,5,3,0,5,4,S,0,0,P,ACUR,RST,2H,4,17,2767,,0,1012,,G,,F,4,122,,,16R205,,,,,,0,0,000000000,00000000000,0,0,0,1,0,0,0,0,0,0,0,999,0,1,1,1,1,6,2,12,0,0,0,1,42,15601,6,1,0,0,3,0,67,999,0,0,0,1,0,10,2008,10,2008,1,99,99,99,99,3,2,55,2,6,2,1,0,0,14,13,1,1,4,1,1,0
42,420015,2,3,2,30,1,22,42,35,0,1,0,26,3,87,883,87883,66,2010,1XP7DU9X5AD1,1,X,P,7,D,U,9,X,5,A,D,1,1,T,PTRB,387,TR,10,17,,8,0,0,CON,D,,,6,763,,,,,00000,00,,64,1,57,00335313,5700335313,3,6,1,2,1,8888,3,1,0,0,0,55,0,0,0,11,11,6,2,12,0,0,0,1,26,48047,6,1,6,1,3,0,73,285,0,0,0,0,0,0,0,0,0,0,0,0,0,0,3,2,55,2,6,2,1,0,0,14,51,9,1,1,98,0,0
42,420015,3,3,2,30,1,22,42,35,0,1,0,17,3,84,881,84881,66,2009,2HSCUAPRX9C1,2,H,S,C,U,A,P,R,X,9,C,1,2,T,INTL,PPR,TR,9,17,,8,0,0,PRO,D,,,6,915,,,,,00000,00,,64,1,57,00021800,5700021800,3,7,1,1,0,0,0,0,0,0,0,66,0,0,0,1,1,6,2,12,0,0,0,1,34,8343,6,1,6,1,3,3,72,999,0,0,0,0,0,0,0,0,0,1,0,0,0,0,3,2,55,2,6,2,1,0,0,14,51,2,1,1,98,0,0
42,420016,1,5,1,31,1,14,35,12,1,1,0,42,1,22,20,22020,4,1997,1G2WJ52K7VF2,1,G,2,W,J,5,2,K,7,V,F,2,0,P,PONT,GFS,4D,97,17,3355,,0,1105,,G,,F,6,231,,,15R205,,,,,,0,0,000000000,00000000000,0,0,0,1,0,0,0,0,0,0,0,999,0,0,0,12,12,2,3,12,0,0,0,1,42,17057,6,1,0,0,3,0,68,999,0,0,0,0,0,0,0,0,0,0,26,0,0,0,1,2,35,1,1,2,1,3,3,1,50,1,1,1,20,1,0
42,420016,2,5,1,31,1,14,35,12,1,1,0,42,1,24,2,24002,2,2002,1G8ZY127X2Z2,1,G,8,Z,Y,1,2,7,X,2,Z,2,0,P,STRN,SC2,3P,2,17,2465,,0,1024,,G,,F,4,116,,,15R195,,,,,,0,0,000000000,00000000000,0,0,0,1,0,0,0,0,0,0,0,0,2,0,0,6,6,2,3,12,0,0,0,1,42,17070,6,1,0,0,3,3,71,999,0,0,0,0,0,0,0,0,0,0,0,0,0,0,1,2,35,1,1,2,1,3,3,5,53,1,1,1,21,0,0
42,420016,3,5,1,31,1,14,35,12,1,1,0,42,1,37,32,37032,4,2005,1HGCM66515A0,1,H,G,C,M,6,6,5,1,5,A,0,0,P,HOND,UEX,4D,5,17,3384,,0,1079,,G,,F,6,183,,,16R205,,,,,,0,0,000000000,00000000000,0,0,0,1,0,0,0,0,0,0,0,0,0,0,0,6,6,4,3,12,0,0,0,1,42,17057,6,1,0,0,3,1,69,999,0,0,0,0,0,0,0,0,0,0,0,0,0,0,1,2,35,1,1,2,1,3,3,5,53,1,1,1,98,0,0
42,420016,4,5,1,31,1,14,35,12,1,1,0,42,1,12,37,12037,4,2002,1FAFP34P32W3,1,F,A,F,P,3,4,P,3,2,W,3,0,P,FORD,FSC,4D,2,17,2604,,0,1030,,G,,F,4,122,,,15R195,,,,,,0,0,000000000,00000000000,0,0,0,1,0,0,0,0,0,0,0,0,0,0,0,6,6,2,1,12,0,0,0,1,42,17057,6,1,0,0,3,0,59,999,0,0,0,0,0,0,0,0,0,0,0,0,0,0,1,2,35,1,1,2,1,3,3,5,53,1,1,1,98,0,0
42,420016,5,5,1,31,1,14,35,12,1,1,0,42,1,20,37,20037,4,2003,1G1ND52J23M5,1,G,1,N,D,5,2,J,2,3,M,5,0,P,CHEV,MAL,4D,3,17,3106,,0,1070,,G,,F,6,191,,,15R215,,,,,,0,0,000000000,00000000000,0,0,0,1,0,0,0,0,0,0,0,0,0,0,0,12,12,2,3,12,0,0,0,1,42,17057,6,1,0,0,3,3,62,999,0,0,0,0,0,0,0,0,0,0,0,0,0,0,1,2,35,1,1,2,1,3,3,5,98,1,1,1,98,0,0
42,420017,1,1,2,1,1,6,0,42,0,1,0,42,1,30,40,30040,4,1999,3VWSE29M2XM0,3,V,W,S,E,2,9,M,2,X,M,0,0,P,VOLK,JGS,4D,99,17,2907,,0,989,,G,,F,6,170,,,15R195,,,,,,0,0,000000000,00000000000,0,0,0,1,0,0,0,0,0,0,0,999,0,1,5,3,3,6,2,42,0,0,0,1,42,17042,6,1,0,0,3,0,62,999,0,0,0,0,0,0,0,0,0,0,51,0,0,0,1,2,40,1,6,2,2,0,0,1,12,1,4,4,7,1,1
42,420018,1,1,1,12,1,22,5,30,0,1,0,42,1,12,481,12481,31,1989,1FTHX26H4KKB,1,F,T,H,X,2,6,H,4,K,K,B,0,T,FORD,F25,PC,89,17,,2,0,1550,COF,G,,,8,351,,,,C,4813,01,A,44,0,0,000000000,00000000000,0,0,0,1,0,0,0,0,0,0,0,999,0,0,0,3,0,6,2,30,0,0,1,1,24,17225,6,1,0,0,3,0,76,220,0,0,0,0,0,0,0,0,0,1,51,87,0,0,1,2,55,1,1,2,3,0,0,1,11,6,4,4,7,1,1
42,420019,1,1,2,15,1,21,50,8,0,1,0,42,1,6,441,6441,20,2005,2C4GP54L55R3,2,C,4,G,P,5,4,L,5,5,R,3,0,T,CHRY,TOU,ES,5,17,,1,0,1193,TWC,G,,,6,230,,,,,4256,00,,42,0,0,000000000,00000000000,0,0,0,1,0,0,0,0,0,0,0,40,0,0,0,1,1,2,3,8,0,0,0,1,42,18103,6,1,0,0,3,0,76,999,0,0,0,0,0,0,0,0,0,0,0,0,0,0,2,2,45,1,1,2,1,1,3,1,80,6,1,1,13,0,0
42,420020,1,1,1,22,1,2,49,48,0,1,0,42,2,19,3,19003,4,1999,1G6KD54Y6XU7,1,G,6,K,D,5,4,Y,6,X,U,7,0,P,CADI,DFW,4D,99,17,4012,,0,1138,,G,,F,8,279,,,16R225,,,,,,0,0,000000000,00000000000,0,0,0,1,0,0,0,0,0,0,0,999,0,0,0,1,0,6,2,2,0,0,1,1,42,19018,6,1,0,0,3,0,64,999,0,0,0,0,0,0,0,0,0,0,87,0,0,0,1,2,15,3,1,2,4,0,0,14,13,1,1,4,1,1,1
42,420021,1,1,2,15,1,2,45,30,0,1,0,42,2,24,401,24401,14,2002,5GZCZ63B92S8,5,G,Z,C,Z,6,3,B,9,2,S,8,0,P,STRN,VUE,UT,2,17,3491,,0,1066,,G,,F,6,181,,,16R235,,,,,,0,0,000000000,00000000000,0,0,0,1,0,0,0,0,0,0,0,80,0,1,6,2,0,6,2,1,0,0,0,1,42,17222,0,0,0,0,0,0,999,999,0,0,0,0,0,0,0,0,0,1,0,0,0,0,1,2,25,3,1,2,1,0,0,14,13,3,2,4,2,1,1
42,420022,1,1,3,2,1,20,25,35,0,1,0,42,1,2,404,2404,14,2004,1J4GW48N84C1,1,J,4,G,W,4,8,N,8,4,C,1,0,T,JEEP,LCF,4W,4,17,,1,0,1059,GCK,G,,,8,287,,,,,3888,02,E,44,0,0,000000000,00000000000,0,0,0,1,0,0,0,0,0,0,0,45,0,1,6,11,0,6,2,1,0,0,0,1,42,15370,6,1,0,0,3,0,69,999,0,2,0,0,0,4,2008,4,2009,1,51,58,0,0,1,2,55,3,6,2,1,40,3,14,6,8,4,4,7,1,1
42,420023,1,1,1,31,1,13,49,24,0,1,0,42,1,22,22,22022,4,2006,1G2ZF55BX642,1,G,2,Z,F,5,5,B,X,6,4,2,0,P,PONT,G6E,4D,6,17,3419,,0,1123,,G,,F,4,146,,,16R215,,,,,,0,0,000000000,00000000000,0,0,0,1,0,0,0,0,0,0,0,999,0,0,0,1,12,6,2,23,0,0,0,1,42,16157,6,1,0,0,3,3,63,999,0,0,0,0,0,0,0,0,0,0,0,0,0,0,1,2,35,3,1,2,1,0,0,14,11,1,1,4,1,1,0
42,420024,1,2,1,14,1,5,23,12,6,1,0,42,1,41,51,41051,4,2008,JM1BK3245818,J,M,1,B,K,3,2,4,5,8,1,8,0,P,MAZD,M3S,4D,8,17,2906,,0,1039,,G,,F,4,140,,,16R205,,,,,,0,0,000000000,00000000000,0,0,0,1,0,0,0,0,0,0,0,40,0,0,0,12,12,6,2,12,0,0,0,1,42,17087,6,1,0,0,3,1,70,999,1,0,0,1,0,11,2010,12,2010,0,39,0,0,0,1,2,40,1,1,2,1,20,3,1,14,2,1,1,86,0,0
42,420024,2,2,4,14,1,5,23,12,6,1,0,42,1,53,32,53032,4,1999,JS2GB41S1X51,J,S,2,G,B,4,1,S,1,X,5,1,0,P,SUZI,ELX,4D,99,17,2315,,0,976,,G,,F,4,112,,,14R185,,,,,,0,0,000000000,00000000000,0,0,0,1,0,0,0,0,0,0,0,45,0,0,0,3,3,6,2,12,0,0,0,1,42,19604,6,1,0,0,3,0,66,999,1,0,0,0,0,12,2009,12,2009,0,0,0,0,0,1,2,55,1,1,2,1,0,0,1,66,1,1,1,87,1,0
42,420025,1,1,1,23,1,22,55,38,0,1,0,42,2,49,40,49040,4,2004,4T1BE32K34U3,4,T,1,B,E,3,2,K,3,4,U,3,0,P,TOYT,UXS,4D,4,17,3086,,0,1071,,G,,F,4,144,,,15R205,,,,,,0,0,000000000,00000000000,0,0,0,1,0,0,0,0,0,0,0,999,0,0,0,10,10,6,2,42,0,0,0,1,42,17257,6,1,0,0,3,0,71,999,0,0,0,0,0,0,0,0,0,1,51,0,0,0,1,2,45,2,1,2,1,0,0,14,6,7,3,4,2,1,0
42,420026,1,2,2,14,1,14,10,12,6,1,0,42,1,12,481,12481,31,1990,1FTEX14Y0LKB,1,F,T,E,X,1,4,Y,0,L,K,B,0,T,FORD,F15,PC,90,17,,2,1550,1390,COF,G,,,6,300,,,,B,4108,02,A,44,0,0,000000000,00000000000,0,0,0,1,0,0,0,0,0,0,0,50,0,0,0,12,12,6,2,12,0,0,0,1,42,16611,6,1,0,0,3,1,71,999,0,0,0,1,0,11,2008,11,2008,1,39,0,0,0,1,2,45,1,1,2,1,20,3,1,17,1,1,1,86,0,0
42,420026,2,2,2,14,1,14,10,12,6,1,0,42,1,20,481,20481,31,2004,2GCEK19T9411,2,G,C,E,K,1,9,T,9,4,1,1,0,T,CHEV,SK1,4C,4,17,,2,1575,1435,SIL,G,,,8,325,,,,B,4925,00,,44,0,0,000000000,00000000000,0,0,0,1,0,0,0,0,0,0,0,50,0,0,0,3,3,6,2,12,0,0,0,1,42,17066,6,1,6,0,3,0,70,999,0,0,0,0,0,0,0,0,0,0,0,0,0,0,1,2,55,1,1,2,1,0,0,1,66,8,1,1,87,1,0
42,420027,1,2,1,27,1,16,55,12,2,1,0,42,1,37,31,37031,4,2000,2HGEJ6616YH5,2,H,G,E,J,6,6,1,6,Y,H,5,0,P,HOND,UCE,4D,0,17,2388,,0,1032,,G,,F,4,097,,,14R185,,,,,,0,0,000000000,00000000000,0,0,0,1,0,0,0,0,0,0,0,35,0,0,0,12,12,6,2,12,0,0,0,1,42,15670,6,1,0,0,3,0,66,999,0,2,0,0,0,12,2009,3,2010,1,51,87,0,0,1,2,45,1,1,2,4,0,0,1,5,1,1,2,50,1,0
42,420027,2,2,1,27,1,16,55,12,2,1,0,42,3,87,881,87881,63,2006,1NPALB0X66N8,1,N,P,A,L,B,0,X,6,6,N,8,0,T,PTRB,357,CC,6,17,,8,0,0,CON,D,,,6,893,,,,,00000,00,,64,0,57,00356775,5700356775,3,2,4,1,0,0,0,0,0,0,0,40,0,0,0,12,12,4,3,12,0,0,0,1,42,15650,6,1,6,0,3,1,72,999,0,0,0,1,0,2,2009,2,2009,0,87,0,0,0,1,2,45,1,1,2,4,0,0,1,62,9,1,1,51,0,0
42,420028,1,1,1,27,1,2,49,8,0,1,0,92,0,98,998,98998,91,9999,000000000000,0,0,0,0,0,0,0,0,0,0,0,0,0,,,,,,,,,,,,,,,,,,,,,,,,,0,0,000000000,00000000000,0,0,0,1,0,0,0,0,0,0,0,50,0,0,0,1,98,4,3,53,0,0,0,1,42,17522,6,1,0,0,1,0,66,999,0,0,0,0,1,12,2008,12,2008,1,87,51,0,0,1,2,45,1,1,2,3,0,0,1,80,99,1,2,13,1,1
42,420029,1,1,1,24,1,23,41,34,0,1,0,17,3,84,881,84881,66,1999,2HSFHASR9XC0,2,H,S,F,H,A,S,R,9,X,C,0,1,T,INTL,940,TR,99,17,,8,2340,1600,90S,D,,,6,893,,,,,00000,00,,64,1,57,00076600,5700076600,3,6,98,1,0,0,0,0,0,0,0,55,0,1,1,14,0,6,2,1,0,0,0,1,42,17728,6,1,6,1,3,1,70,999,0,0,0,1,0,6,2008,6,2008,0,0,0,0,0,2,2,55,1,1,2,1,0,0,1,13,1,1,4,1,1,1
42,420030,1,1,1,19,1,4,17,30,0,1,0,42,1,18,7,18007,4,1996,1G4AG55M0T64,1,G,4,A,G,5,5,M,0,T,6,4,0,P,BUIC,CSL,4D,96,17,2951,,0,1049,,G,,F,6,191,,,14R185,,,,,,0,0,000000000,00000000000,0,0,0,1,0,0,0,0,0,0,0,55,0,0,0,10,10,6,2,30,0,0,0,1,42,17023,6,1,6,0,3,0,68,999,0,0,0,1,0,3,2009,3,2009,1,51,87,0,0,1,2,55,2,4,2,4,0,0,14,5,1,3,4,7,1,0
42,420031,1,2,1,12,1,14,48,12,6,1,0,42,1,49,32,49032,4,2006,1NXBR32E16Z5,1,N,X,B,R,3,2,E,1,6,Z,5,0,P,TOYT,UCS,4D,6,17,2530,,0,1024,,G,,F,4,109,,,15R185,,,,,,0,0,000000000,00000000000,0,0,0,1,0,0,0,0,0,0,0,35,0,0,0,9,9,6,2,12,0,0,0,1,42,15601,6,1,0,0,3,0,70,999,0,0,0,0,0,0,0,0,0,1,51,87,0,0,1,2,35,1,5,2,10,0,0,1,5,6,3,6,64,1,0
42,420031,2,2,1,12,1,14,48,12,6,1,0,42,1,20,473,20473,30,2009,1GCDT13E1981,1,G,C,D,T,1,3,E,1,9,8,1,0,T,CHEV,RDO,CW,9,17,,1,0,1260,CAL,G,,,5,226,,,,B,4070,00,,44,0,0,000000000,00000000000,0,0,0,1,0,0,0,0,0,0,0,35,0,0,0,12,12,6,2,12,0,0,0,1,42,15627,6,1,0,0,3,1,71,999,1,0,0,0,0,1,2009,1,2009,0,87,0,0,0,1,2,35,1,6,2,10,0,0,1,62,2,1,1,65,0,0
42,420032,1,1,1,15,1,6,57,8,0,1,0,42,1,7,20,7020,4,2001,1B3ES46C41D2,1,B,3,E,S,4,6,C,4,1,D,2,0,P,DODG,NSS,4D,1,17,2585,,0,1050,,G,,F,4,122,,,14R185,,,,,,0,0,000000000,00000000000,0,0,0,1,0,0,0,0,0,0,0,999,0,0,0,1,1,4,3,8,0,0,0,1,42,19154,6,1,0,0,3,0,68,999,1,0,0,0,0,1,2010,1,2010,0,0,0,0,0,2,4,45,1,1,2,1,1,3,1,80,8,2,1,13,0,0
42,420033,1,1,2,1,1,6,30,35,0,1,0,42,1,41,50,41050,4,2008,1YVHP80C585M,1,Y,V,H,P,8,0,C,5,8,5,M,0,P,MAZD,M6I,4D,8,17,3093,,0,1053,,G,,F,4,140,,,17R215,,,,,,0,0,000000000,00000000000,0,0,0,1,0,0,0,0,0,0,0,999,0,1,6,11,7,6,2,42,0,0,0,1,42,18966,1,1,0,0,2,0,64,999,0,1,1,0,0,8,2010,8,2010,0,36,0,0,0,1,2,40,1,6,2,2,0,0,1,13,1,1,4,1,1,1
42,420034,1,2,2,24,1,19,56,12,1,1,0,42,1,49,40,49040,4,2010,4T1BF3EK1AU5,4,T,1,B,F,3,E,K,1,A,U,5,0,P,TOYT,CBA,4D,10,17,3263,,0,1093,,G,,F,4,152,,,16R215,,,,,,0,0,000000000,00000000000,0,0,0,1,0,0,0,0,0,0,0,999,0,0,0,12,12,6,2,12,0,0,0,1,42,19027,6,1,0,0,3,0,63,999,0,0,0,0,0,0,0,0,0,0,39,26,0,0,1,2,35,1,4,2,1,3,3,1,50,1,1,1,20,1,0
42,420034,2,2,1,24,1,19,56,12,1,1,0,42,1,12,481,12481,31,2005,1FTSW21525EA,1,F,T,S,W,2,1,5,2,5,E,A,0,T,FORD,F2S,CW,5,17,,2,1724,1562,SRW,G,,,8,330,,,,C,6538,00,E,44,0,0,000000000,00000000000,0,0,0,1,0,0,0,0,0,0,0,0,0,0,0,6,6,2,1,12,0,0,0,1,42,19111,6,1,0,0,3,3,66,999,0,0,0,0,0,0,0,0,0,0,0,0,0,0,1,2,35,1,4,2,1,3,3,5,53,1,1,1,21,0,0
42,420035,1,2,1,4,1,11,6,12,6,1,0,36,1,51,43,51043,4,1998,YV1LS5373W35,Y,V,1,L,S,5,3,7,3,W,3,5,0,P,VOLV,S7T,4D,98,17,3272,,0,1049,,G,,T,5,142,,,16R205,,,,,,0,0,000000000,00000000000,0,0,0,1,0,0,0,0,0,0,0,999,0,0,0,10,10,6,2,12,0,0,0,1,36,19601,6,1,0,0,3,0,67,999,0,0,0,0,2,6,2009,10,2009,0,39,48,0,0,1,2,55,1,1,2,1,20,3,11,15,1,1,1,82,1,0
42,420035,2,2,1,4,1,11,6,12,6,1,0,42,1,86,884,86884,63,2009,1M2AX13C89M0,1,M,2,A,X,1,3,C,8,9,M,0,0,T,MACK,GU8,CC,9,17,,8,0,0,800,D,,,6,659,,,,,00000,00,,64,0,57,01677290,5701677290,3,2,7,1,0,0,0,0,0,0,0,999,7,0,0,12,12,6,2,12,42,0,0,1,42,19512,6,1,6,0,3,0,67,999,0,0,0,1,0,10,2009,10,2009,0,0,0,0,0,1,2,40,1,1,2,1,0,0,1,67,3,2,1,83,0,0
42,420036,1,2,1,31,1,13,6,12,6,1,0,42,1,12,481,12481,31,2005,1FTSW20595EA,1,F,T,S,W,2,0,5,9,5,E,A,0,T,FORD,F2S,CW,5,17,,2,1724,1562,SRW,G,,,8,330,,,,C,6059,00,E,42,0,0,000000000,00000000000,0,0,0,1,0,0,0,0,0,0,0,5,0,0,0,9,9,6,2,12,0,0,0,1,42,17562,6,1,6,0,3,0,72,999,0,0,0,0,0,0,0,0,0,0,38,0,0,0,1,2,40,1,1,2,1,20,3,4,17,1,1,1,89,1,0
42,420036,2,2,1,31,1,13,6,12,6,1,0,42,3,12,884,12884,66,1998,1FTYY96MXWVA,1,F,T,Y,Y,9,6,M,X,W,V,A,1,T,FORD,AT9,TR,98,17,,8,2560,1480,COH,D,,,6,733,,,,,00000,00,,64,1,57,01558522,5701558522,3,6,1,1,0,0,0,0,0,0,0,30,0,0,0,12,12,4,3,12,0,0,0,1,42,17518,6,1,6,0,3,0,72,999,0,0,0,0,1,12,2009,12,2009,0,0,0,0,0,1,2,40,1,1,2,1,0,0,1,66,1,1,1,88,0,0
42,420037,1,1,1,24,1,12,59,35,0,1,0,42,1,12,481,12481,31,1997,1FTHF26H5VED,1,F,T,H,F,2,6,H,5,V,E,D,0,T,FORD,F25,PK,97,17,,2,0,1330,COF,G,,,8,351,,,,C,4870,00,A,44,0,0,000000000,00000000000,0,0,0,1,0,0,0,0,0,0,0,999,0,0,0,14,0,6,2,2,0,0,1,1,42,16865,6,1,6,0,3,1,70,999,0,2,0,0,0,4,2008,4,2008,0,0,0,0,0,1,2,50,1,1,2,1,0,0,1,13,1,1,4,1,1,1
42,420038,1,2,2,13,1,8,3,12,6,1,0,42,1,54,38,54038,3,2002,JH4DC53862C0,J,H,4,D,C,5,3,8,6,2,C,0,0,P,ACUR,RSX,2H,2,17,2694,,0,1012,,G,,F,4,122,,,16R205,,,,,,0,0,000000000,00000000000,0,0,0,1,0,0,0,0,0,0,0,40,0,0,0,1,1,6,2,12,0,0,0,1,42,17406,6,1,0,0,3,3,66,999,0,1,0,1,0,6,2009,11,2009,0,58,87,51,0,1,2,45,2,5,2,4,0,0,14,5,6,4,2,64,1,0
42,420038,2,2,2,13,1,8,3,12,6,1,0,24,3,63,402,63402,14,2011,5XYKTDA20BG1,5,X,Y,K,T,D,A,2,0,B,G,1,0,P,KIA,SOR,UT,11,17,3737,,0,0,,G,,F,6,213,,,000000,,,,,,0,0,000000000,00000000000,0,0,0,1,0,0,0,0,0,0,0,45,0,0,0,12,12,6,2,12,0,0,0,1,42,17360,6,1,0,0,3,0,65,999,0,0,0,0,0,0,0,0,0,0,0,0,0,0,1,2,45,1,6,2,4,0,0,1,62,2,1,1,65,0,0
42,420039,1,1,1,29,1,2,28,8,0,1,0,42,1,12,402,12402,14,2001,1FMYU041X1KC,1,F,M,Y,U,0,4,1,X,1,K,C,0,P,FORD,SPE,UT,1,17,3186,,0,1031,,G,,F,6,181,,,15R225,,,,,,0,0,000000000,00000000000,0,0,0,1,0,0,0,0,0,0,0,999,0,0,0,12,12,2,3,8,0,0,0,1,42,16507,6,1,0,0,3,0,66,999,0,0,0,0,0,0,0,0,0,0,87,0,0,0,1,2,25,1,1,2,3,0,0,1,80,1,1,1,13,0,1
42,420040,1,2,1,14,1,23,20,12,6,1,0,42,1,2,403,2403,14,2007,1J4FA241X7L1,1,J,4,F,A,2,4,1,X,7,L,1,0,T,JEEP,WXR,2W,7,17,,1,0,954,WRA,G,,,6,230,,,,,3760,00,4,44,0,0,000000000,00000000000,0,0,0,1,0,0,0,0,0,0,0,40,0,0,0,9,9,6,2,12,0,0,0,1,42,17814,6,1,0,0,3,0,68,999,1,1,0,0,0,3,2009,4,2009,0,39,0,0,0,1,2,40,1,4,2,1,20,3,1,17,1,1,1,89,1,1
42,420040,2,2,1,14,1,23,20,12,6,1,0,42,1,20,471,20471,30,2003,1GCDT19X4381,1,G,C,D,T,1,9,X,4,3,8,1,0,T,CHEV,S14,3C,3,17,,1,0,1229,S,G,,,6,262,,,,B,3761,00,,44,0,0,000000000,00000000000,0,0,0,1,0,0,0,0,0,0,0,55,0,0,0,1,1,6,2,12,0,0,0,1,42,17814,6,1,0,0,3,0,69,999,0,0,0,0,0,0,0,0,0,0,0,0,0,0,1,2,55,1,1,2,1,0,0,1,66,6,1,1,88,0,0
42,420041,1,1,1,14,1,7,57,42,0,1,0,42,2,12,23,12023,4,2009,3FAHP07Z39R1,3,F,A,H,P,0,7,Z,3,9,R,1,0,P,FORD,F/E,4D,9,17,3181,,0,1074,,G,,F,4,140,,,16R205,,,,,,0,0,000000000,00000000000,0,0,0,1,0,0,0,0,0,0,0,71,0,0,0,13,13,6,2,42,0,0,0,1,42,18444,6,2,0,0,3,1,66,999,0,0,0,0,0,0,0,0,0,1,0,0,0,0,2,2,55,1,1,2,2,0,0,1,10,7,4,4,7,1,0
42,420042,1,1,1,22,1,21,55,39,0,1,0,42,1,18,3,18003,4,1989,1G4CW54C2K16,1,G,4,C,W,5,4,C,2,K,1,6,0,P,BUIC,EPF,4D,89,17,3241,,0,1108,,G,,F,6,231,,,14R205,,,,,,0,0,000000000,00000000000,0,0,0,1,0,0,0,0,0,0,0,55,0,0,0,12,12,6,2,39,0,0,0,1,42,15132,6,1,0,0,3,0,74,999,0,0,0,0,0,0,0,0,0,1,0,0,0,0,3,2,40,1,1,2,1,0,0,1,6,7,7,4,2,1,0
42,420043,1,1,1,5,1,13,25,59,0,1,0,42,1,52,37,52037,3,2002,4A3AC44G72E0,4,A,3,A,C,4,4,G,7,2,E,0,0,P,MITS,EGS,2H,2,17,2944,,0,1008,,G,,F,4,143,,,16R205,,,,,,0,0,000000000,00000000000,0,0,0,1,0,0,0,0,0,0,0,999,0,1,6,11,0,6,2,1,0,0,0,1,42,15052,6,1,0,0,3,1,66,999,0,0,0,1,0,10,2008,10,2008,0,99,99,99,99,1,2,40,3,6,2,1,0,0,14,11,6,4,4,7,1,0