STATE,ST_CASE,VEH_NO,VE_FORMS,NUMOCCS,DAY,MONTH,HOUR,MINUTE,HARM_EV,MAN_COLL,UNITTYPE,HIT_RUN,REG_STAT,OWNER,MAKE,MODEL,MAK_MOD,BODY_TYP,MOD_YEAR,VIN,VIN_1,VIN_2,VIN_3,VIN_4,VIN_5,VIN_6,VIN_7,VIN_8,VIN_9,VIN_10,VIN_11,VIN_12,TOW_VEH,VINTYPE,VINMAKE,VINA_MOD,VIN_BT,VINMODYR,VIN_LNGT,VIN_WGT,WGTCD_TR,WHLBS_LG,WHLBS_SH,SER_TR,FUELCODE,MCYCL_DS,CARBUR,CYLINDER,DISPLACE,MCYCL_CY,MCYCL_WT,TIRE_SZE,TON_RAT,TRK_WT,TRKWTVAR,VIN_REST,WHLDRWHL,J_KNIFE,MCARR_I1,MCARR_I2,MCARR_ID,GVWR,V_CONFIG,CARGO_BT,HAZ_INV,HAZ_PLAC,HAZ_ID,HAZ_CNO,HAZ_REL,BUS_USE,SPEC_USE,EMER_USE,TRAV_SP,UNDERIDE,ROLLOVER,ROLINLOC,IMPACT1,IMPACT2,DEFORMED,TOWED,M_HARM,VEH_SC1,VEH_SC2,FIRE_EXP,DR_PRES,L_STATE,DR_ZIP,L_STATUS,L_TYPE,CDL_STAT,L_ENDORS,L_COMPL,L_RESTRI,DR_HGT,DR_WGT,PREV_ACC,PREV_SUS,PREV_DWI,PREV_SPD,PREV_OTH,FIRST_MO,FIRST_YR,LAST_MO,LAST_YR,SPEEDREL,DR_SF1,DR_SF2,DR_SF3,DR_SF4,VTRAFWAY,VNUM_LAN,VSPD_LIM,VALIGN,VPROFILE,VPAVETYP,VSURCOND,VTRAFCON,VTCONT_F,P_CRASH1,P_CRASH2,P_CRASH3,PCRASH4,PCRASH5,ACC_TYPE,DEATHS,DR_DRINK
42,420044,1,1,1,15,1,20,23,43,0,1,0,42,2,49,401,49401,14,2006,JTEBT17RX680,J,T,E,B,T,1,7,R,X,6,8,0,0,P,TOYT,RUN,UT,6,17,4505,,0,1098,,G,,F,8,285,,,17R265,,,,,,0,0,000000000,00000000000,0,0,0,1,0,0,0,0,0,0,0,999,0,0,0,12,12,6,2,43,0,0,0,1,42,18518,1,1,0,0,2,0,74,999,0,5,1,0,1,12,2008,2,2010,0,99,99,99,99,2,2,40,1,1,2,1,0,0,1,12,1,1,4,6,1,1
42,420045,1,1,3,3,1,21,38,35,0,1,0,42,2,52,37,52037,3,1997,4A3AK44YXVE0,4,A,3,A,K,4,4,Y,X,V,E,0,0,P,MITS,EGS,2H,97,17,2855,,0,988,,G,,F,4,122,,,16R205,,,,,,0,0,000000000,00000000000,0,0,0,1,0,0,0,0,0,0,0,999,0,1,1,98,0,6,2,1,0,0,0,1,42,18640,6,2,0,0,3,3,71,999,0,0,0,0,0,0,0,0,0,1,52,0,0,0,1,2,45,2,6,2,1,0,0,14,6,98,1,4,1,1,0
42,420046,1,1,1,31,1,11,0,35,0,1,0,42,1,7,25,7025,5,2007,1B3HE78K97D3,1,B,3,H,E,7,8,K,9,7,D,3,0,P,DODG,LRT,4D,7,17,3232,,0,1037,,G,,F,4,146,,,18R215,,,,,,0,0,000000000,00000000000,0,0,0,1,0,0,0,0,0,0,0,999,0,1,6,12,12,6,2,35,0,0,0,1,42,15942,6,1,0,0,3,0,62,999,0,0,0,0,0,0,0,0,0,0,99,99,99,99,2,2,65,1,5,2,1,0,0,1,13,1,1,4,1,1,0
42,420047,1,1,4,23,1,3,58,31,0,1,0,42,2,18,401,18401,14,2004,5GAET13P6421,5,G,A,E,T,1,3,P,6,4,2,1,0,P,BUIC,RNR,UT,4,17,4600,,0,1130,,G,,F,8,323,,,17R255,,,,,,0,0,000000000,00000000000,0,0,0,1,0,0,0,0,0,0,0,999,0,1,6,12,0,6,2,1,0,0,0,1,42,19124,0,0,0,0,0,0,999,999,0,0,0,0,0,0,0,0,0,0,26,0,0,0,2,3,40,1,1,2,1,3,3,17,52,7,1,4,1,1,1
42,420048,1,2,1,17,1,3,36,8,0,1,1,99,9,99,399,99399,9,9999,999999999999,9,9,9,9,9,9,9,9,9,9,9,9,0,,,,,,,,,,,,,,,,,,,,,,,,,0,0,000000000,00000000000,0,0,0,1,0,0,0,0,0,0,0,999,0,0,0,12,12,9,1,8,0,0,0,1,99,99999,9,9,99,0,9,9,999,999,99,99,99,99,99,99,9999,99,9999,0,99,99,99,99,1,4,30,1,1,2,1,2,3,1,80,1,1,1,13,0,0
42,420048,2,2,1,17,1,3,36,8,0,1,1,99,9,99,399,99399,9,9999,999999999999,9,9,9,9,9,9,9,9,9,9,9,9,0,,,,,,,,,,,,,,,,,,,,,,,,,0,0,000000000,00000000000,0,0,0,1,0,0,0,0,0,0,0,999,0,0,0,12,12,9,1,8,0,0,0,1,99,99999,9,9,99,0,9,9,999,999,99,99,99,99,99,99,9999,99,9999,1,99,99,99,99,1,4,30,1,1,2,1,2,3,1,80,1,1,1,98,0,0
42,420049,1,1,1,20,1,2,25,42,0,1,0,42,2,20,2,20002,4,2006,2G1WD58C9693,2,G,1,W,D,5,8,C,9,6,9,3,0,P,CHEV,ISS,4D,6,17,3607,,0,1105,,G,,F,8,323,,,18R235,,,,,,0,0,000000000,00000000000,0,0,0,1,0,0,0,0,0,0,0,999,0,1,6,1,1,6,2,42,0,0,0,1,42,19149,6,1,0,0,3,0,66,999,0,0,0,0,0,0,0,0,0,1,0,0,0,0,2,3,40,1,1,2,1,0,0,1,3,1,1,4,1,1,1
42,420050,1,2,1,23,1,2,30,8,0,1,1,99,9,99,999,99999,99,9999,999999999999,9,9,9,9,9,9,9,9,9,9,9,9,0,,,,,,,,,,,,,,,,,,,,,,,,,0,0,000000000,00000000000,0,0,0,1,0,0,0,0,0,0,0,999,0,0,0,10,10,2,1,8,0,0,0,1,99,99999,9,9,99,9,9,9,999,999,99,99,99,99,99,99,9999,99,9999,0,99,99,99,99,1,2,35,1,1,2,1,0,0,1,80,3,2,1,13,0,0
42,420050,2,2,1,23,1,2,30,8,0,1,1,42,1,6,43,6043,1,2003,1C3EL55T73N5,1,C,3,E,L,5,5,T,7,3,N,5,0,P,CHRY,SLI,CV,3,17,3355,,0,1060,,F,,F,6,165,,,16R205,,,,,,0,0,000000000,00000000000,0,0,0,1,0,0,0,0,0,0,0,999,0,0,0,14,14,2,1,8,0,0,0,1,42,18966,6,1,0,0,3,3,64,999,0,0,0,0,0,0,0,0,0,0,99,99,99,99,1,2,35,1,1,2,1,0,0,1,80,1,1,1,98,0,0
42,420051,1,1,2,5,2,10,20,34,0,1,0,42,2,23,401,23401,14,2002,1GKDT13S3223,1,G,K,D,T,1,3,S,3,2,2,3,0,T,GMC,ENV,4W,2,17,,1,0,1130,ENV,G,,,6,256,,,,B,4628,00,K,44,0,0,000000000,00000000000,0,0,0,1,0,0,0,0,0,0,0,20,0,0,0,1,1,6,2,34,0,0,0,1,42,16915,6,1,0,0,3,0,63,999,0,0,0,0,0,0,0,0,0,0,87,0,0,0,1,2,45,3,1,2,4,0,0,14,5,9,3,4,2,1,0
42,420052,1,2,4,16,1,11,28,48,0,1,0,42,2,20,22,20022,2,2009,1G1AT18H8971,1,G,1,A,T,1,8,H,8,9,7,1,0,P,CHEV,BLT,CP,9,17,2991,,0,1033,,G,,F,4,134,,,15R195,,,,,,0,0,000000000,00000000000,0,0,0,1,0,0,0,0,0,0,0,76,0,0,0,5,3,6,2,12,0,0,0,1,42,17545,6,2,0,0,3,0,68,999,0,0,0,0,0,0,0,0,0,1,36,52,0,0,1,2,40,1,6,2,1,0,0,1,6,1,1,4,1,4,0
42,420052,2,2,2,16,1,11,28,48,0,1,0,42,3,42,48,42048,1,2011,WDDKK7CF5BF0,W,D,D,K,K,7,C,F,5,B,F,0,0,P,MERZ,ME5,CV,11,17,4101,,0,1087,,G,,F,8,336,,,18R235,,,,,,0,0,000000000,00000000000,0,0,0,1,0,0,0,0,0,0,0,30,0,0,0,12,12,6,2,12,0,0,0,1,42,17601,6,1,6,0,3,0,67,999,0,0,0,1,1,2,2010,4,2010,0,0,0,0,0,1,2,40,1,5,2,1,0,0,1,62,9,1,1,98,0,0
42,420053,1,2,1,6,1,14,17,12,2,1,0,42,1,23,401,23401,14,2005,1GKDT13S9523,1,G,K,D,T,1,3,S,9,5,2,3,0,T,GMC,ENV,4W,5,17,,1,0,1130,ENV,G,,,6,256,,,,B,4594,00,E,44,0,0,000000000,00000000000,0,0,0,1,0,0,0,0,0,0,0,45,0,0,0,12,12,6,2,12,0,0,0,1,42,16602,6,1,6,0,3,0,68,999,0,0,0,0,0,0,0,0,0,1,51,87,0,0,1,2,35,1,1,2,3,0,0,1,6,1,1,2,50,0,0
42,420053,2,2,1,6,1,14,17,12,2,1,0,42,1,63,402,63402,14,2003,KNDJC7339350,K,N,D,J,C,7,3,3,9,3,5,0,0,P,KIA,SOR,UT,3,17,4255,,0,1067,,G,,F,6,213,,,16R245,,,,,,0,0,000000000,00000000000,0,0,0,1,0,0,0,0,0,0,0,45,0,0,0,12,12,6,2,12,0,0,0,1,42,15938,6,1,0,0,3,3,63,999,0,0,0,0,0,0,0,0,0,0,0,0,0,0,1,2,35,1,1,2,3,0,0,1,62,1,1,1,51,1,0
42,420054,1,1,1,5,2,2,43,48,0,1,0,42,2,20,37,20037,4,1999,1G1ND52J0X62,1,G,1,N,D,5,2,J,0,X,6,2,0,P,CHEV,MAL,4D,99,17,3051,,0,1070,,G,,F,6,191,,,15R215,,,,,,0,0,000000000,00000000000,0,0,0,1,0,0,0,0,0,0,0,80,0,1,6,3,3,6,2,42,0,0,0,1,42,17752,6,1,0,0,3,0,75,999,0,0,0,0,0,0,0,0,0,1,51,0,0,0,1,2,45,1,6,2,1,0,0,1,6,7,4,4,7,1,1
42,420055,1,1,1,3,2,22,0,24,0,1,0,42,2,35,47,35047,2,2008,1N4AL24E08C1,1,N,4,A,L,2,4,E,0,8,C,1,0,P,NISS,A5S,CP,8,17,3052,,0,1053,,G,,F,4,153,,,16R215,,,,,,0,0,000000000,00000000000,0,0,0,1,0,0,0,0,0,0,0,45,0,1,1,5,5,6,2,24,0,0,0,1,42,18702,6,1,0,0,3,0,67,999,0,3,0,1,0,10,2008,10,2010,1,51,0,0,0,1,2,45,2,6,2,1,0,0,14,6,3,4,4,7,1,0
42,420056,1,1,1,5,2,11,25,35,0,1,0,42,3,12,401,12401,14,1995,1FMDU34X9SUA,1,F,M,D,U,3,4,X,9,S,U,A,0,P,FORD,EPR,UT,95,17,4053,,0,1115,,G,,F,6,245,,,15R225,,,,,,0,0,000000000,00000000000,0,0,0,1,0,0,0,0,0,0,0,40,0,1,5,12,0,6,2,1,0,0,0,1,42,16875,6,1,0,0,3,0,61,999,0,0,0,0,0,0,0,0,0,1,87,0,0,0,1,2,35,1,6,2,4,0,0,1,6,6,1,4,1,1,0
42,420057,1,2,1,18,1,3,51,12,2,1,0,42,1,12,37,12037,4,2011,1FAHP3GN4BW1,1,F,A,H,P,3,G,N,4,B,W,1,0,P,FORD,FOS,4D,11,17,2623,,0,1029,,G,,F,4,122,,,17R215,,,,,,0,0,000000000,00000000000,0,0,0,1,0,0,0,0,0,0,0,0,0,0,0,12,12,6,2,12,0,0,0,1,42,16417,6,1,0,0,3,0,72,999,1,0,0,0,1,9,2010,1,2011,0,54,87,0,0,1,2,45,1,1,2,3,0,0,5,54,1,1,1,52,1,0
42,420057,2,2,1,18,1,3,51,12,2,1,0,42,2,37,441,37441,20,2004,5FNRL18054B0,5,F,N,R,L,1,8,0,5,4,B,0,0,P,HOND,UDY,SV,4,17,4365,,0,1181,,G,,F,6,212,,,16R225,,,,,,0,0,000000000,00000000000,0,0,0,1,0,0,0,0,0,0,0,40,0,0,0,12,12,6,2,12,0,0,0,1,42,16423,6,1,0,0,3,3,63,999,0,0,0,0,0,0,0,0,0,1,87,0,0,0,1,2,45,1,1,2,3,0,0,1,50,8,2,1,52,0,0
42,420058,1,1,1,20,2,20,25,42,0,1,0,42,1,20,19,20019,2,1995,1G1LV15MXSY1,1,G,1,L,V,1,5,M,X,S,Y,1,0,P,CHEV,BER,CP,95,17,2756,,0,1034,,G,,F,6,191,,,14R195,,,,,,0,0,000000000,00000000000,0,0,0,1,0,0,0,0,0,0,0,45,0,0,0,12,12,6,2,42,0,0,0,1,42,17325,6,1,0,0,3,0,65,999,0,0,0,0,0,0,0,0,0,1,0,0,0,0,1,2,45,3,1,2,2,0,0,14,13,1,1,4,1,1,0
42,420059,1,1,1,22,2,21,3,35,0,1,0,42,1,20,481,20481,31,2008,1GCEK19078Z3,1,G,C,E,K,1,9,0,7,8,Z,3,0,T,CHEV,SK1,4C,8,17,,2,1575,1339,SIL,F,,,8,323,,,,B,5226,02,,44,0,0,000000000,00000000000,0,0,0,1,0,0,0,0,0,0,0,45,0,1,6,1,1,6,2,35,0,0,0,1,42,19425,6,1,0,0,3,0,67,999,0,0,0,1,0,7,2009,7,2009,0,51,0,0,0,1,2,45,1,1,2,1,0,0,1,12,1,4,4,7,1,1
42,420060,1,1,1,26,2,7,23,35,0,1,0,42,1,22,22,22022,4,2007,1G2ZH58N6742,1,G,2,Z,H,5,8,N,6,7,4,2,0,P,PONT,GGT,4D,7,17,3457,,0,1123,,G,,F,6,214,,,17R225,,,,,,0,0,000000000,00000000000,0,0,0,1,0,0,0,0,0,0,0,999,0,1,6,2,0,6,2,1,0,0,0,1,42,17078,6,1,0,0,3,0,66,999,0,2,0,2,1,9,2008,12,2009,1,51,0,0,0,1,2,35,1,6,2,1,0,0,1,11,6,4,4,7,1,0
42,420061,1,1,1,20,2,13,45,48,0,1,0,42,2,18,20,18020,4,1995,2G4WB52M7S14,2,G,4,W,B,5,2,M,7,S,1,4,0,P,BUIC,RGC,4D,95,17,3335,,0,1075,,G,,F,6,191,,,15R205,,,,,,0,0,000000000,00000000000,0,0,0,1,0,0,0,0,0,0,0,45,0,0,0,12,12,6,2,42,0,0,0,1,42,17820,6,1,0,0,3,0,65,999,1,0,0,0,0,3,2008,3,2008,0,51,0,0,0,1,2,45,3,6,2,1,0,0,14,13,1,1,4,1,1,0
42,420062,1,1,1,2,2,14,7,8,0,1,0,42,3,20,481,20481,31,2000,1GCGK29UXYE1,1,G,C,G,K,2,9,U,X,Y,E,1,0,T,CHEV,SK2,3C,0,17,,2,1575,1435,SIL,G,,,8,364,,,,C,5485,00,,44,0,0,000000000,00000000000,0,0,0,1,0,0,0,0,0,0,0,5,0,0,0,6,6,0,1,8,0,0,0,1,42,18201,6,1,0,0,3,0,71,999,0,0,0,0,0,0,0,0,0,0,31,0,0,0,1,2,25,1,1,2,3,0,0,13,80,1,1,1,92,0,0
42,420063,1,1,2,5,2,4,40,33,0,1,0,42,2,12,481,12481,31,2002,1FTRW08L32KA,1,F,T,R,W,0,8,L,3,2,K,A,0,T,FORD,F1S,CW,2,17,,2,0,1388,COF,G,,,8,330,,,,B,5005,02,E,44,0,0,000000000,00000000000,0,0,0,1,0,0,0,0,0,0,0,40,0,1,6,14,0,6,2,1,0,0,0,1,42,17088,6,1,0,0,3,3,73,999,0,1,0,0,0,10,2009,10,2009,1,87,0,0,0,1,2,45,1,1,2,4,0,0,1,6,1,1,4,1,2,1
42,420064,1,1,1,3,2,20,10,8,0,1,1,42,1,12,4,12004,2,1995,1FALP62W3SH1,1,F,A,L,P,6,2,W,3,S,H,1,0,P,FORD,THL,2D,95,17,3536,,0,1130,,G,,F,8,281,,,15R205,,,,,,0,0,000000000,00000000000,0,0,0,1,0,0,0,0,0,0,0,999,0,0,0,1,1,4,1,8,0,0,0,1,42,19133,1,1,0,0,2,3,64,999,0,15,0,0,4,2,2008,2,2011,0,0,0,0,0,1,2,40,1,1,2,1,0,0,1,80,1,1,1,13,0,0
42,420065,1,1,1,22,2,20,9,8,0,1,0,42,1,49,32,49032,4,2003,2T1BR38E23C0,2,T,1,B,R,3,8,E,2,3,C,0,0,P,TOYT,UCS,4D,3,17,2502,,0,1024,,G,,F,4,109,,,15R185,,,,,,0,0,000000000,00000000000,0,0,0,1,0,0,0,0,0,0,0,999,0,0,0,11,11,2,3,8,0,0,0,1,42,19020,6,1,0,0,3,1,61,999,0,0,0,0,0,0,0,0,0,0,0,0,0,0,1,2,25,1,1,2,1,0,0,1,80,3,2,1,13,0,0
42,420066,1,1,1,13,2,2,30,42,0,1,0,42,1,12,17,12017,4,2000,1FAFP56S5YG1,1,F,A,F,P,5,6,S,5,Y,G,1,0,P,FORD,TEL,4D,0,17,3333,,0,1085,,G,,F,6,182,,,16R215,,,,,,0,0,000000000,00000000000,0,0,0,1,0,0,0,0,0,0,0,999,0,0,0,9,9,6,2,42,0,0,0,1,42,19602,6,1,0,0,3,1,66,999,0,0,0,0,0,0,0,0,0,0,99,99,99,99,1,2,25,3,1,2,1,0,0,14,13,1,1,4,1,1,1
42,420067,1,1,1,21,2,5,22,35,0,1,0,42,1,21,401,21401,14,1998,1GHDT13WXW27,1,G,H,D,T,1,3,W,X,W,2,7,0,P,OLDS,BRA,UT,98,17,4023,,0,1070,,G,,F,6,262,,,15R235,,,,,,0,0,000000000,00000000000,0,0,0,1,0,0,0,0,0,0,0,999,0,1,5,11,0,6,2,1,0,0,0,1,42,16059,6,1,0,0,3,0,63,999,0,0,0,0,3,7,2009,10,2010,1,87,0,0,0,1,2,35,3,6,2,4,0,0,14,6,99,4,4,7,1,0
42,420068,1,1,1,13,2,14,19,43,0,1,0,42,1,20,481,20481,31,1997,2GCEK19M9V11,2,G,C,E,K,1,9,M,9,V,1,1,0,T,CHEV,GK1,PC,97,17,,2,1555,1415,GM4,G,,,8,305,,,,B,4544,00,,44,0,0,000000000,00000000000,0,0,0,1,0,0,0,0,0,0,0,50,0,0,0,11,11,6,2,43,0,0,0,1,42,18067,6,1,6,0,3,0,70,999,0,0,0,0,0,0,0,0,0,1,51,0,0,0,1,2,40,1,1,2,1,0,0,1,8,1,1,4,6,1,0
42,420069,1,1,1,6,2,16,1,1,0,1,0,42,1,12,401,12401,14,1998,1FMZU34E0WUC,1,F,M,Z,U,3,4,E,0,W,U,C,0,P,FORD,EPR,UT,98,17,4146,,0,1115,,G,,F,6,245,,,15R225,,,,,,0,0,000000000,00000000000,0,0,0,1,0,0,0,0,0,0,0,50,0,2,1,0,0,6,2,1,0,0,0,1,42,19124,1,1,0,0,2,3,68,999,1,2,0,0,1,8,2009,9,2010,0,27,85,0,0,3,4,55,2,1,2,1,0,0,15,60,6,4,2,98,1,0
42,420070,1,1,1,5,2,1,59,35,0,1,0,42,1,22,2,22002,4,2002,1G2HZ5417241,1,G,2,H,Z,5,4,1,7,2,4,1,0,P,PONT,BSI,4D,2,17,3716,,0,1122,,G,,Z,6,231,,,17R235,,,,,,0,0,000000000,00000000000,0,0,0,1,0,0,0,0,0,0,0,55,0,1,6,1,0,6,2,1,0,0,0,1,42,16050,6,1,0,0,3,3,73,999,0,1,0,1,0,8,2008,11,2009,1,0,0,0,0,1,2,35,1,3,2,2,0,0,1,13,1,1,4,1,1,1
42,420071,1,1,3,4,2,23,50,1,0,1,0,42,1,12,401,12401,14,2003,1FMDU75W13ZA,1,F,M,D,U,7,5,W,1,3,Z,A,0,P,FORD,EPR,UT,3,17,4094,,0,1137,,G,,F,8,281,,,17R245,,,,,,0,0,000000000,00000000000,0,0,0,1,0,0,0,0,0,0,0,65,0,2,1,0,0,6,2,1,0,0,0,1,42,15001,6,1,0,0,3,3,63,999,0,0,0,0,0,0,0,0,0,1,0,0,0,0,2,2,55,1,1,2,1,0,0,1,11,1,3,2,98,1,1
42,420072,1,1,1,25,2,23,43,42,0,1,0,42,1,20,16,20016,2,1999,3G1JC1247XS8,3,G,1,J,C,1,2,4,7,X,S,8,0,P,CHEV,C/S,CP,99,17,2617,,0,1041,,G,,F,4,133,,,14R195,,,,,,0,0,000000000,00000000000,0,0,0,1,0,0,0,0,0,0,0,55,0,0,0,10,10,6,2,42,0,0,0,1,42,15473,6,1,0,0,3,3,69,999,0,0,0,0,0,0,0,0,0,1,86,0,0,0,1,2,55,3,5,2,4,0,0,14,13,1,1,4,1,1,1
42,420073,1,1,1,4,2,1,35,35,0,1,0,42,1,12,481,12481,31,1997,1FTEX18L5VNC,1,F,T,E,X,1,8,L,5,V,N,C,0,T,FORD,F15,3C,97,17,,2,1570,1390,COF,G,,,8,330,,,,B,4480,01,E,44,0,0,000000000,00000000000,0,0,0,1,0,0,0,0,0,0,0,55,0,1,5,11,0,6,2,1,0,0,0,1,42,18071,6,1,0,0,3,3,72,999,0,0,0,0,0,0,0,0,0,1,51,0,0,0,1,2,40,3,1,2,1,0,0,14,12,1,1,4,6,1,1
42,420074,1,1,1,2,2,6,30,8,0,1,0,42,1,52,47,52047,6,2006,JA4LZ31F36U0,J,A,4,L,Z,3,1,F,3,6,U,0,0,P,MITS,OUT,UT,6,17,3461,,0,1033,,G,,F,4,145,,,16R225,,,,,,0,0,000000000,00000000000,0,0,0,1,0,0,0,0,0,0,0,35,0,0,0,12,12,4,3,8,0,0,0,1,42,18974,6,1,0,0,3,3,66,999,0,0,0,0,0,0,0,0,0,0,0,0,0,0,2,2,35,1,1,2,10,0,0,1,80,2,1,1,13,0,0
42,420075,1,1,1,14,2,0,51,8,0,1,1,42,1,7,482,7482,31,2005,1D7HU18D05J6,1,D,7,H,U,1,8,D,0,5,J,6,0,T,DODG,SQ1,CW,5,17,,2,1605,1405,RPC,G,,,8,348,,,,B,4979,03,E,44,0,0,000000000,00000000000,0,0,0,1,0,0,0,0,0,0,0,999,0,0,0,1,1,4,1,8,0,0,0,1,42,18103,6,1,0,0,3,3,71,999,0,0,0,0,0,0,0,0,0,0,99,99,99,99,1,2,35,1,1,2,1,0,0,1,80,1,1,1,13,0,1
42,420076,1,1,1,4,2,16,37,8,0,1,0,42,2,37,31,37031,2,1997,1HGEJ8242VL0,1,H,G,E,J,8,2,4,2,V,L,0,0,P,HOND,UAX,CP,97,17,2511,,0,1032,,G,,F,4,097,,,14R185,,,,,,0,0,000000000,00000000000,0,0,0,1,0,0,0,0,0,0,0,999,0,0,0,2,2,2,1,8,0,0,0,1,42,19135,6,1,0,0,3,3,69,999,0,0,0,0,0,0,0,0,0,0,99,99,99,99,1,2,25,1,1,2,1,0,0,1,80,1,1,1,13,0,0
42,420077,1,1,1,14,2,21,20,8,0,1,0,42,2,55,33,55033,4,2004,KMHWF35H04A9,K,M,H,W,F,3,5,H,0,4,A,9,0,P,HYUN,SGX,4D,4,17,3212,,0,1063,,G,,F,6,162,,,16R205,,,,,,0,0,000000000,00000000000,0,0,0,1,0,0,0,0,0,0,0,999,0,0,0,12,12,4,1,8,0,0,0,1,42,19079,6,1,0,0,3,3,67,999,1,0,0,0,1,12,2009,1,2010,0,99,99,99,99,2,2,25,1,1,2,1,0,0,1,80,8,1,1,13,0,0
42,420078,1,1,3,25,2,1,55,30,0,1,0,42,2,23,401,23401,14,2004,1GKET12S8462,1,G,K,E,T,1,2,S,8,4,6,2,0,T,GMC,XUV,4W,4,17,,2,0,1290,ENV,G,,,6,256,,,,B,4915,00,U,44,0,0,000000000,00000000000,0,0,0,1,0,0,0,0,0,0,0,999,0,0,0,3,3,6,2,30,0,0,0,1,42,19116,6,1,0,0,3,0,66,999,1,0,0,0,0,5,2010,5,2010,1,0,0,0,0,1,2,30,1,5,2,2,0,0,1,6,1,9,4,2,2,1
42,420079,1,1,1,5,2,2,31,31,0,1,0,42,1,2,404,2404,14,1994,1J4GZ58S9RC3,1,J,4,G,Z,5,8,S,9,R,C,3,0,T,JEEP,LRO,4W,94,17,,1,0,1059,GCK,G,,,6,242,,,,,3552,00,B,44,0,0,000000000,00000000000,0,0,0,1,0,0,0,0,0,0,0,999,0,1,5,98,0,6,2,1,0,0,0,1,42,19063,1,1,0,0,2,0,67,999,0,14,0,0,1,1,2009,10,2010,1,37,0,0,0,1,2,45,1,1,2,1,3,9,1,6,1,1,4,1,1,0
42,420080,1,2,2,19,2,22,34,12,8,1,0,42,2,7,482,7482,31,2003,1D7HU18N13S1,1,D,7,H,U,1,8,N,1,3,S,1,0,T,DODG,SQ1,CW,3,17,,2,1605,1405,RPC,G,,,8,287,,,,B,5005,02,E,44,0,0,000000000,00000000000,0,0,0,1,0,0,0,0,0,0,0,50,7,0,0,11,11,6,2,12,0,0,0,1,42,19320,6,2,0,0,3,0,67,999,0,0,0,0,0,0,0,0,0,1,51,52,58,0,1,2,35,2,6,2,1,0,0,14,10,9,2,2,64,0,0
42,420080,2,2,3,19,2,22,34,12,8,1,0,42,2,34,34,34034,4,1995,4USCC8323SLA,4,U,S,C,C,8,3,2,3,S,L,A,0,P,BMW,31A,4D,95,17,3021,,0,1063,,G,,F,4,110,,,15R185,,,,,,0,0,000000000,00000000000,0,0,0,1,0,0,0,0,0,0,0,20,0,0,0,11,11,6,2,12,0,0,0,1,42,19335,6,1,0,0,3,3,64,999,0,0,0,0,0,0,0,0,0,0,0,0,0,0,1,2,35,3,5,2,1,0,0,14,62,1,1,1,65,1,0
42,420081,1,2,1,3,2,7,54,12,6,1,0,42,1,12,17,12017,4,2006,1FAFP53U66A1,1,F,A,F,P,5,3,U,6,6,A,1,0,P,FORD,TSE,4D,6,17,3307,,0,1085,,G,,F,6,183,,,16R215,,,,,,0,0,000000000,00000000000,0,0,0,1,0,0,0,0,0,0,0,5,0,0,0,11,11,4,3,12,0,0,0,1,42,18974,6,1,0,0,3,3,82,999,0,0,0,0,0,0,0,0,0,0,38,0,0,0,1,2,25,1,1,2,1,20,3,11,15,1,1,1,82,1,0
42,420081,2,2,1,3,2,7,54,12,6,1,0,42,2,6,51,6051,4,2006,2C3KK53GX6H3,2,C,3,K,K,5,3,G,X,6,H,3,0,P,CHRY,4TR,4D,6,17,3934,,0,1200,,G,,F,6,214,,,18R225,,,,,,0,0,000000000,00000000000,0,0,0,1,0,0,0,0,0,0,0,40,0,0,0,12,12,6,2,12,0,0,0,1,42,19040,6,1,0,0,3,0,71,999,0,0,0,0,0,0,0,0,0,0,0,0,0,0,2,4,45,1,1,2,1,0,0,1,67,8,2,1,83,0,0
42,420082,1,2,1,11,2,17,34,12,2,1,0,42,2,20,2,20002,4,1996,1G1BL52P7TR1,1,G,1,B,L,5,2,P,7,T,R,1,0,P,CHEV,CIS,4D,96,17,4061,,0,1159,,G,,Z,8,350,,,15R215,,,,,,0,0,000000000,00000000000,0,0,0,1,0,0,0,0,0,0,0,999,0,0,0,12,12,6,2,12,0,0,0,1,42,19057,1,1,0,0,2,3,72,999,1,1,1,0,0,7,2010,12,2010,0,35,36,0,0,1,2,35,1,1,2,1,0,0,6,54,1,1,1,52,1,0
42,420082,2,2,1,11,2,17,34,12,2,1,0,42,1,37,441,37441,20,2010,5FNRL3H44AB0,5,F,N,R,L,3,H,4,4,A,B,0,0,P,HOND,UDY,SV,10,17,4475,,0,1181,,G,,F,6,214,,,16R235,,,,,,0,0,000000000,00000000000,0,0,0,1,0,0,0,0,0,0,0,999,0,0,0,12,12,6,2,12,0,0,0,1,42,19047,6,1,0,0,3,0,66,999,0,0,0,0,0,0,0,0,0,0,0,0,0,0,1,2,35,1,1,2,1,0,0,1,54,7,1,1,52,0,0
42,420083,1,2,1,11,1,6,42,12,2,1,0,42,1,12,401,12401,14,1994,1FMDU34X6RUE,1,F,M,D,U,3,4,X,6,R,U,E,0,P,FORD,EPR,UT,94,17,4053,,0,1120,,G,,F,6,245,,,15R225,,,,,,0,0,000000000,00000000000,0,0,0,1,0,0,0,0,0,0,0,999,0,0,0,12,12,6,2,12,0,0,0,1,42,15214,6,1,0,0,3,3,76,999,0,0,0,1,0,6,2008,6,2008,1,26,51,0,0,1,4,35,1,1,2,1,0,0,1,50,6,1,2,50,0,0