STATE,ST_CASE,VEH_NO,VE_FORMS,NUMOCCS,DAY,MONTH,HOUR,MINUTE,HARM_EV,MAN_COLL,UNITTYPE,HIT_RUN,REG_STAT,OWNER,MAKE,MODEL,MAK_MOD,BODY_TYP,MOD_YEAR,VIN,VIN_1,VIN_2,VIN_3,VIN_4,VIN_5,VIN_6,VIN_7,VIN_8,VIN_9,VIN_10,VIN_11,VIN_12,TOW_VEH,VINTYPE,VINMAKE,VINA_MOD,VIN_BT,VINMODYR,VIN_LNGT,VIN_WGT,WGTCD_TR,WHLBS_LG,WHLBS_SH,SER_TR,FUELCODE,MCYCL_DS,CARBUR,CYLINDER,DISPLACE,MCYCL_CY,MCYCL_WT,TIRE_SZE,TON_RAT,TRK_WT,TRKWTVAR,VIN_REST,WHLDRWHL,J_KNIFE,MCARR_I1,MCARR_I2,MCARR_ID,GVWR,V_CONFIG,CARGO_BT,HAZ_INV,HAZ_PLAC,HAZ_ID,HAZ_CNO,HAZ_REL,BUS_USE,SPEC_USE,EMER_USE,TRAV_SP,UNDERIDE,ROLLOVER,ROLINLOC,IMPACT1,IMPACT2,DEFORMED,TOWED,M_HARM,VEH_SC1,VEH_SC2,FIRE_EXP,DR_PRES,L_STATE,DR_ZIP,L_STATUS,L_TYPE,CDL_STAT,L_ENDORS,L_COMPL,L_RESTRI,DR_HGT,DR_WGT,PREV_ACC,PREV_SUS,PREV_DWI,PREV_SPD,PREV_OTH,FIRST_MO,FIRST_YR,LAST_MO,LAST_YR,SPEEDREL,DR_SF1,DR_SF2,DR_SF3,DR_SF4,VTRAFWAY,VNUM_LAN,VSPD_LIM,VALIGN,VPROFILE,VPAVETYP,VSURCOND,VTRAFCON,VTCONT_F,P_CRASH1,P_CRASH2,P_CRASH3,PCRASH4,PCRASH5,ACC_TYPE,DEATHS,DR_DRINK
42,420112,2,3,1,25,1,12,0,12,2,1,0,42,1,6,441,6441,20,2009,2A8HR541X9R6,2,A,8,H,R,5,4,1,X,9,R,6,0,P,CHRY,TWC,SV,9,17,4507,,0,1212,,G,,F,6,232,,,16R225,,,,,,0,0,000000000,00000000000,0,0,0,1,0,0,0,0,0,0,0,65,0,0,0,12,12,6,2,12,0,0,0,1,42,18013,6,1,0,0,3,3,68,999,0,0,0,0,0,0,0,0,0,0,0,0,0,0,2,2,65,1,6,1,1,0,0,1,62,99,1,1,51,0,0
42,420112,3,3,1,25,1,12,0,12,2,1,0,42,2,37,31,37031,4,2006,1HGFA15546L1,1,H,G,F,A,1,5,5,4,6,L,1,0,P,HOND,UCL,4D,6,17,2685,,0,1063,,G,,F,4,110,,,16R205,,,,,,0,0,000000000,00000000000,0,0,0,1,0,0,0,0,0,0,0,65,0,0,0,7,7,4,3,12,0,0,0,1,42,18360,6,1,0,0,3,3,71,999,0,0,0,0,0,0,0,0,0,0,0,0,0,0,2,2,65,1,6,1,1,0,0,1,60,99,1,1,98,0,0
42,420113,1,2,2,12,2,13,0,12,6,1,0,42,1,48,38,48038,4,2007,JF1GD75647G5,J,F,1,G,D,7,5,6,4,7,G,5,0,P,SUBA,WTR,4D,7,17,3192,,0,994,,G,,T,4,150,,,17R215,,,,,,0,0,000000000,00000000000,0,0,0,1,0,0,0,0,0,0,0,100,0,0,0,3,3,6,2,12,0,0,0,1,42,17268,6,1,0,0,3,3,69,999,0,0,0,2,1,10,2008,8,2009,1,58,51,0,0,1,2,55,2,1,2,1,0,0,14,11,1,4,2,64,1,0
42,420113,2,2,1,12,2,13,0,12,6,1,0,42,1,22,16,22016,4,1999,1G2JB524XX75,1,G,2,J,B,5,2,4,X,X,7,5,0,P,PONT,SFS,4D,99,17,2670,,0,1041,,G,,F,4,133,,,14R195,,,,,,0,0,000000000,00000000000,0,0,0,1,0,0,0,0,0,0,0,50,0,0,0,12,12,6,2,12,0,0,0,1,42,17268,6,1,0,0,3,0,68,999,0,0,0,0,0,0,0,0,0,0,0,0,0,0,1,2,55,1,1,2,1,0,0,1,62,1,1,1,65,1,0
42,420114,1,1,1,14,2,2,41,19,0,1,0,42,2,37,39,37039,5,2007,JHMGD374X7S0,J,H,M,G,D,3,7,4,X,7,S,0,0,P,HOND,FIT,4H,7,17,2432,,0,965,,G,,F,4,091,,,14R175,,,,,,0,0,000000000,00000000000,0,0,0,1,0,0,0,0,0,0,0,999,0,0,0,2,1,6,2,19,0,0,0,1,42,17103,6,1,0,0,3,0,67,999,1,0,0,0,0,5,2008,5,2008,1,0,0,0,0,4,4,25,1,1,2,1,0,0,1,12,9,9,4,6,1,1
42,420115,1,1,1,17,2,20,11,8,0,1,0,47,3,49,40,49040,4,2007,4T1BE46KX7U0,4,T,1,B,E,4,6,K,X,7,U,0,0,P,TOYT,CMB,4D,7,17,3108,,0,1093,,G,,F,4,146,,,15R205,,,,,,0,0,000000000,00000000000,0,0,0,1,0,0,0,0,0,0,0,65,0,0,0,12,12,6,2,8,0,0,0,1,12,33035,6,1,0,0,3,3,72,999,0,0,0,1,0,9,2010,9,2010,0,0,0,0,0,3,2,65,1,1,2,1,0,0,1,80,99,1,1,13,0,0
42,420116,1,3,1,7,1,10,32,12,1,1,0,42,1,20,404,20404,14,2005,2CNDL73F8560,2,C,N,D,L,7,3,F,8,5,6,0,0,P,CHEV,EQU,UT,5,17,3776,,0,1125,,G,,F,6,208,,,16R235,,,,,,0,0,000000000,00000000000,0,0,0,1,0,0,0,0,0,0,0,999,0,0,0,12,12,6,2,12,0,0,0,1,42,17078,6,1,0,0,3,0,70,999,1,0,0,1,0,6,2008,9,2010,0,26,0,0,0,1,2,55,1,1,2,2,0,0,1,51,1,1,1,24,0,0
42,420116,2,3,4,7,1,10,32,12,1,1,0,42,1,23,401,23401,14,2001,1GKDT13W9121,1,G,K,D,T,1,3,W,9,1,2,1,0,T,GMC,JMY,4W,1,17,,1,0,1070,JMY,G,,,6,262,,,,B,4133,00,E,44,0,0,000000000,00000000000,0,0,0,1,0,0,0,0,0,0,0,999,0,0,0,6,6,6,2,12,0,0,0,1,42,19464,6,1,0,0,3,3,63,999,1,0,0,0,0,10,2009,10,2009,0,0,0,0,0,1,2,55,1,1,2,2,0,0,1,53,1,1,1,25,0,0
42,420116,3,3,1,7,1,10,32,12,1,1,0,42,1,12,24,12024,6,2008,2FMDK48C58BA,2,F,M,D,K,4,8,C,5,8,B,A,0,P,FORD,EDG,UT,8,17,4282,,0,1112,,G,,F,6,214,,,17R235,,,,,,0,0,000000000,00000000000,0,0,0,1,0,0,0,0,0,0,0,999,0,0,0,10,10,6,2,12,0,0,0,1,42,17022,6,1,0,0,3,0,66,999,0,0,0,0,0,0,0,0,0,0,0,0,0,0,1,2,55,1,1,2,2,0,0,1,62,1,1,1,98,1,0
42,420117,1,1,1,6,2,1,35,8,0,1,1,42,2,20,421,20421,15,2005,1GNEK13T15R1,1,G,N,E,K,1,3,T,1,5,R,1,0,P,CHEV,KTA,UT,5,17,5192,,0,1160,,G,,F,8,325,,,16R265,,,,,,0,0,000000000,00000000000,0,0,0,1,0,0,0,0,0,0,0,999,0,0,0,1,1,2,1,8,0,0,0,1,42,16506,6,1,0,0,3,0,73,999,0,0,0,1,0,12,2008,12,2008,0,99,99,99,99,5,2,35,1,1,2,3,0,0,1,80,1,1,1,13,0,0
42,420118,1,3,2,10,1,11,52,12,6,1,0,42,1,49,40,49040,4,1990,4T1SV24E3LU1,4,T,1,S,V,2,4,E,3,L,U,1,0,P,TOYT,CAM,4D,90,17,0,,0,1024,,G,,F,4,122,,,14R185,,,,,,0,0,000000000,00000000000,0,0,0,1,0,0,0,0,0,0,0,999,0,0,0,3,3,6,2,12,0,0,0,1,42,18102,6,1,0,0,3,0,65,999,0,0,0,0,0,0,0,0,0,0,39,0,0,0,1,2,99,1,1,2,1,3,3,1,17,1,1,1,87,1,0
42,420118,2,3,1,10,1,11,52,12,6,1,0,42,3,20,481,20481,31,2000,1GCEC14W0YE2,1,G,C,E,C,1,4,W,0,Y,E,2,0,T,CHEV,SC1,PK,0,17,,2,1330,1190,SIL,G,,,6,262,,,,B,3923,02,,42,0,0,000000000,00000000000,0,0,0,1,0,0,0,0,0,0,0,999,0,0,0,12,12,6,2,12,0,0,0,1,42,19608,6,1,0,0,3,0,72,999,0,0,0,1,0,5,2010,5,2010,0,0,0,0,0,1,2,99,1,1,2,1,3,3,1,66,1,1,1,86,0,0
42,420118,3,3,2,10,1,11,52,12,6,1,0,42,2,22,20,22020,4,2006,2G2WP5520611,2,G,2,W,P,5,5,2,0,6,1,1,0,P,PONT,GRA,4D,6,17,3477,,0,1105,,G,,F,6,232,,,16R225,,,,,,0,0,000000000,00000000000,0,0,0,1,0,0,0,0,0,0,0,0,0,0,0,12,12,2,1,12,0,0,0,1,42,18067,6,1,6,0,3,0,74,999,0,0,0,0,0,0,0,0,0,0,0,0,0,0,1,2,99,1,1,2,1,3,3,5,62,1,1,1,98,0,0
42,420119,1,4,2,5,2,10,15,12,1,1,0,95,1,7,442,7442,20,2002,1B4GP25R72B6,1,B,4,G,P,2,5,R,7,2,B,6,0,P,DODG,CAR,SV,2,17,3766,,0,1133,,G,,F,6,201,,,17R215,,,,,,0,0,000000000,00000000000,0,0,0,1,0,0,0,0,0,0,0,65,0,0,0,12,12,6,2,12,0,0,0,1,95,0,9,9,99,9,9,9,999,999,99,99,99,99,99,99,9999,99,9999,1,26,36,0,0,3,2,55,1,6,1,2,0,0,1,50,1,1,1,20,1,0
42,420119,2,4,1,5,2,10,15,12,1,1,0,42,1,22,24,22024,4,2009,6G2EC57Y89L2,6,G,2,E,C,5,7,Y,8,9,L,2,0,P,PONT,8GT,4D,9,17,3995,,0,1148,,G,,F,8,366,,,18R245,,,,,,0,0,000000000,00000000000,0,0,0,1,0,0,0,0,0,0,0,0,0,0,0,6,6,6,2,12,0,0,0,1,42,18707,6,1,0,0,3,0,73,999,0,0,0,0,0,0,0,0,0,0,0,0,0,0,3,2,55,1,6,1,2,0,0,5,53,1,1,1,21,0,0
42,420119,3,4,1,5,2,10,15,12,1,1,0,42,1,48,38,48038,4,2010,JF1GE7G62AG5,J,F,1,G,E,7,G,6,2,A,G,5,0,P,SUBA,IWL,4D,10,17,3142,,0,1031,,G,,T,4,150,,,17R225,,,,,,0,0,000000000,00000000000,0,0,0,1,0,0,0,0,0,0,0,0,0,1,1,6,0,6,2,1,0,0,0,1,42,18201,6,1,0,0,3,0,72,999,0,0,0,0,0,0,0,0,0,0,0,0,0,0,3,2,55,1,6,1,2,0,0,5,53,1,1,1,98,0,0
42,420119,4,4,1,5,2,10,15,12,1,1,0,95,3,84,881,84881,66,2004,2HSCNAPR84C0,2,H,S,C,N,A,P,R,8,4,C,0,1,T,INTL,94I,TR,4,17,,8,0,0,940,D,,,6,915,,,,,00000,00,,64,1,57,00561393,5700561393,3,6,3,1,0,0,0,0,0,0,0,5,0,0,0,7,7,2,1,12,0,0,0,1,95,0,9,9,99,9,9,9,999,999,99,99,99,99,99,99,9999,99,9999,0,0,0,0,0,3,2,55,1,6,1,2,0,0,2,60,1,1,1,98,0,0
42,420120,1,3,1,22,2,12,2,12,1,1,0,42,1,47,36,47036,6,2002,YS3EH59G0230,Y,S,3,E,H,5,9,G,0,2,3,0,0,P,SAA,9/A,SW,2,17,3780,,0,1064,,G,,T,4,140,,,17R225,,,,,,0,0,000000000,00000000000,0,0,0,1,0,0,0,0,0,0,0,55,0,0,0,12,12,6,2,12,0,0,0,1,42,19063,6,1,0,0,3,0,69,999,1,0,0,0,1,10,2008,10,2008,0,26,0,0,0,2,3,55,1,1,2,1,0,0,1,52,1,1,1,28,0,0
42,420120,2,3,1,22,2,12,2,12,1,1,0,42,3,12,24,12024,6,2010,2FMDK4KC5ABA,2,F,M,D,K,4,K,C,5,A,B,A,0,P,FORD,EDG,UT,10,17,4288,,0,1112,,G,,F,6,214,,,18R245,,,,,,0,0,000000000,00000000000,0,0,0,1,0,0,0,0,0,0,0,55,0,0,0,6,12,6,2,12,0,0,0,1,42,19083,6,1,0,0,3,0,72,999,0,0,0,0,0,0,0,0,0,0,0,0,0,0,2,3,55,1,1,2,1,0,0,2,53,1,1,1,29,0,0
42,420120,3,3,2,22,2,12,2,12,1,1,0,42,2,63,402,63402,14,2011,5XYKT3A17BG0,5,X,Y,K,T,3,A,1,7,B,G,0,0,P,KIA,SOR,UT,11,17,3763,,0,1063,,G,,F,4,144,,,17R235,,,,,,0,0,000000000,00000000000,0,0,0,1,0,0,0,0,0,0,0,55,0,0,0,6,6,2,1,12,0,0,0,1,42,19076,6,1,0,0,3,0,67,999,0,0,0,0,0,0,0,0,0,0,0,0,0,0,2,3,55,1,1,2,1,0,0,2,53,1,1,1,98,1,0
42,420121,1,1,10,3,2,0,22,8,0,1,0,42,3,12,461,12461,21,2006,1FBSS31L96HB,1,F,B,S,S,3,1,L,9,6,H,B,0,T,FORD,WSD,ES,6,17,,2,0,1380,ECO,G,,,8,330,,,,D,6231,00,K,42,0,88,888888888,88888888888,1,20,22,1,0,0,0,0,99,3,0,999,0,0,0,1,1,2,3,8,0,0,0,1,42,17104,6,1,0,0,3,0,74,999,0,0,0,0,0,0,0,0,0,0,0,0,0,0,1,2,35,1,1,1,1,1,3,1,80,4,9,9,13,0,0
42,420122,1,3,2,17,2,19,32,12,8,1,0,42,2,7,24,7024,4,2006,2B3KA43G16H1,2,B,3,K,A,4,3,G,1,6,H,1,0,P,DODG,CTL,4D,6,17,3718,,0,1200,,G,,F,6,214,,,17R215,,,,,,0,0,000000000,00000000000,0,0,0,1,0,0,0,0,0,0,0,50,0,0,0,11,12,6,2,12,0,0,0,1,42,17701,6,2,0,0,3,0,64,999,0,0,0,0,0,0,0,0,0,0,51,0,0,0,1,2,55,2,1,2,1,0,0,14,10,1,1,2,64,0,0
42,420122,2,3,1,17,2,19,32,12,8,1,0,42,1,7,19,7019,4,1990,1B3XA46K9LF8,1,B,3,X,A,4,6,K,9,L,F,8,0,P,DODG,SPI,4D,90,17,2720,,0,1033,,G,,F,4,153,,,14R195,,,,,,0,0,000000000,00000000000,0,0,0,1,0,0,0,0,0,0,0,50,0,0,0,7,7,2,1,12,0,0,0,1,42,17821,6,1,0,0,3,1,69,999,0,0,0,0,0,0,0,0,0,0,0,0,0,0,1,2,55,3,1,2,1,0,0,14,62,7,1,1,65,0,0
42,420122,3,3,1,17,2,19,32,12,8,1,0,42,1,20,401,20401,14,1989,1GNCT18Z7K01,1,G,N,C,T,1,8,Z,7,K,0,1,0,P,CHEV,S10,UT,89,17,3261,,0,1005,,G,,F,6,262,,,000000,,,,,,0,0,000000000,00000000000,0,0,0,1,0,0,0,0,0,0,0,50,0,1,1,12,12,6,2,12,0,0,0,1,42,17754,2,1,0,0,2,0,73,999,0,1,0,0,0,4,2008,4,2008,0,0,0,0,0,1,2,55,3,1,2,1,0,0,14,62,1,1,1,98,1,1
42,420123,1,3,2,11,2,15,0,12,1,1,0,42,1,12,481,12481,31,2008,1FTPW14V48FB,1,F,T,P,W,1,4,V,4,8,F,B,0,T,FORD,F1S,CW,8,17,,2,1500,1390,COF,F,,,8,329,,,,B,5361,01,E,44,0,0,000000000,00000000000,0,0,0,1,0,0,0,0,0,0,0,55,0,0,0,12,12,6,2,12,0,0,0,1,42,16441,6,1,0,0,3,1,72,999,0,0,0,0,0,0,0,0,0,1,26,0,0,0,1,2,45,1,1,2,10,0,0,1,52,2,1,1,28,0,0
42,420123,2,3,1,11,2,15,0,12,1,1,0,42,1,2,404,2404,14,2003,1J8GW48S83C5,1,J,8,G,W,4,8,S,8,3,C,5,0,T,JEEP,LRO,4W,3,17,,1,0,1059,GCK,G,,,6,244,,,,,3880,01,K,44,0,0,000000000,00000000000,0,0,0,1,0,0,0,0,0,0,0,35,0,0,0,6,12,6,2,12,0,0,0,1,42,16441,6,1,0,0,3,1,64,999,0,0,0,0,0,0,0,0,0,0,0,0,0,0,1,2,45,1,1,2,10,0,0,2,18,1,1,1,29,1,0
42,420123,3,3,1,11,2,15,0,12,1,1,0,42,3,7,442,7442,20,2002,1B4GP25392B5,1,B,4,G,P,2,5,3,9,2,B,5,0,P,DODG,CAR,SV,2,17,3766,,0,1133,,F,,F,6,201,,,17R215,,,,,,0,0,000000000,00000000000,0,0,0,1,0,0,0,0,0,0,0,45,0,0,0,12,12,6,2,12,0,0,0,1,42,16441,6,1,0,0,3,0,70,999,0,0,0,0,1,5,2009,5,2009,0,0,0,0,0,1,2,45,1,1,2,10,0,0,1,62,1,1,1,98,0,0
42,420124,1,3,1,24,2,15,53,12,6,1,0,42,3,12,481,12481,31,2001,1FTZF17261NA,1,F,T,Z,F,1,7,2,6,1,N,A,0,T,FORD,F15,PK,1,17,,1,1385,1199,COF,G,,,6,256,,,,B,3923,04,U,42,0,0,000000000,00000000000,0,0,0,1,0,0,0,0,0,0,0,999,0,1,1,2,2,6,2,12,0,0,0,1,42,18042,6,1,6,0,3,0,69,999,0,0,0,0,1,1,2010,1,2010,0,51,0,0,0,2,3,65,2,1,2,1,0,0,14,12,1,4,6,64,0,0
42,420124,2,3,1,24,2,15,53,12,6,1,0,42,1,12,13,12013,4,1999,1FAFP10P4XW1,1,F,A,F,P,1,0,P,4,X,W,1,0,P,FORD,LXE,4D,99,17,2468,,0,984,,G,,F,4,122,,,14R185,,,,,,0,0,000000000,00000000000,0,0,0,1,0,0,0,0,0,0,0,999,0,0,0,12,12,6,2,12,0,0,0,1,42,17050,6,1,0,0,3,0,65,999,0,0,0,0,0,0,0,0,0,0,0,0,0,0,2,3,65,3,1,2,1,0,0,14,62,1,1,1,65,1,0
42,420124,3,3,1,24,2,15,53,12,6,1,0,42,1,59,403,59403,14,2004,2T2HA31U84C0,2,T,2,H,A,3,1,U,8,4,C,0,0,P,LEXS,R33,UT,4,17,4065,,0,1069,,G,,F,6,202,,,17R225,,,,,,0,0,000000000,00000000000,0,0,0,1,0,0,0,0,0,0,0,60,0,1,2,1,0,6,2,1,0,0,0,1,42,17011,6,1,0,0,3,1,64,999,0,0,0,0,0,0,0,0,0,0,0,0,0,0,2,3,65,3,1,2,1,0,0,14,62,1,1,1,98,0,0
42,420125,1,2,2,26,2,20,14,12,6,1,0,42,1,6,54,6054,6,2008,2A8GM48L68R6,2,A,8,G,M,4,8,L,6,8,R,6,0,P,CHRY,PIF,UT,8,17,4355,,0,1163,,G,,F,6,232,,,17R235,,,,,,0,0,000000000,00000000000,0,0,0,1,0,0,0,0,0,0,0,999,0,0,0,12,12,2,1,12,0,0,0,1,42,19132,6,1,0,0,3,0,69,999,0,0,0,0,0,0,0,0,0,0,48,0,0,0,1,4,30,1,1,2,1,0,0,12,10,1,1,2,98,0,1
42,420125,2,2,7,26,2,20,14,12,6,1,0,42,1,12,13,12013,4,1998,1FALP10P5WW1,1,F,A,L,P,1,0,P,5,W,W,1,0,P,FORD,LXE,4D,98,17,2457,,0,984,,G,,F,4,122,,,14R185,,,,,,0,0,000000000,00000000000,0,0,0,1,0,0,0,0,0,0,0,999,0,0,0,1,8,2,3,8,0,0,0,1,42,19144,6,1,0,0,3,0,63,999,0,0,0,0,0,0,0,0,0,0,0,0,0,0,1,4,30,1,1,2,1,0,0,1,60,1,1,1,98,0,0
42,420126,1,4,2,3,3,23,39,12,2,1,0,42,1,2,404,2404,14,2000,1J4FF48S8YL2,1,J,4,F,F,4,8,S,8,Y,L,2,0,T,JEEP,SPT,4W,0,17,,1,0,1014,CHK,G,,,6,244,,,,,3247,00,E,44,0,0,000000000,00000000000,0,0,0,1,0,0,0,0,0,0,0,55,0,1,1,12,12,6,2,12,0,0,0,1,42,19438,6,1,0,0,3,1,67,999,0,3,1,1,0,9,2008,9,2009,1,33,51,0,0,1,2,45,2,6,2,1,0,0,6,54,1,1,3,52,1,1
42,420126,2,4,1,3,3,23,39,12,2,1,0,42,2,35,43,35043,4,1995,1N4AB41D3SC7,1,N,4,A,B,4,1,D,3,S,C,7,0,P,NISS,XGU,4D,95,17,2324,,0,998,,G,,F,4,097,,,13R155,,,,,,0,0,000000000,00000000000,0,0,0,1,0,0,0,0,0,0,0,45,0,0,0,12,12,6,2,12,0,0,0,1,42,19149,6,1,0,0,3,1,64,999,0,0,0,0,0,0,0,0,0,0,0,0,0,0,1,2,45,1,5,2,1,0,0,1,54,7,1,1,52,1,0
42,420126,3,4,1,3,3,23,39,12,2,1,0,42,1,49,40,49040,4,1996,JT2BG12K7T04,J,T,2,B,G,1,2,K,7,T,0,4,0,P,TOYT,DLX,4D,96,17,2932,,0,1031,,G,,F,4,132,,,14R195,,,,,,0,0,000000000,00000000000,0,0,0,1,0,0,0,0,0,0,0,45,0,0,0,12,12,6,2,12,0,0,0,1,42,19446,6,1,0,0,3,1,66,999,0,0,0,0,0,0,0,0,0,0,0,0,0,0,1,2,45,1,5,2,1,0,0,1,51,7,1,1,98,0,0
42,420126,4,4,1,3,3,23,39,12,2,1,0,42,2,12,401,12401,14,1999,1FMZU34E3XZA,1,F,M,Z,U,3,4,E,3,X,Z,A,0,P,FORD,EPR,UT,99,17,4128,,0,1116,,G,,F,6,245,,,15R225,,,,,,0,0,000000000,00000000000,0,0,0,1,0,0,0,0,0,0,0,45,0,0,0,6,6,4,3,12,0,0,0,1,42,19438,6,1,0,0,3,0,69,999,0,0,0,0,0,0,0,0,0,0,0,0,0,0,1,2,45,1,6,2,1,0,0,1,53,1,1,1,98,0,0
42,420127,1,3,1,31,3,7,34,12,6,1,0,42,1,48,401,48401,14,2006,JF1SG63626H7,J,F,1,S,G,6,3,6,2,6,H,7,0,P,SUBA,FOR,UT,6,17,3165,,0,994,,G,,F,4,152,,,16R215,,,,,,0,0,000000000,00000000000,0,0,0,1,0,0,0,0,0,0,0,55,0,0,0,3,3,6,2,12,0,0,0,1,42,16735,6,1,0,0,3,1,67,999,0,0,0,0,0,0,0,0,0,1,87,51,0,0,1,2,55,1,6,2,10,0,0,1,5,1,4,2,64,1,0
42,420127,2,3,3,31,3,7,34,12,6,1,0,42,1,35,473,35473,31,2006,1N6BA06B36N5,1,N,6,B,A,0,6,B,3,6,N,5,0,T,NISS,TXS,4C,6,17,,2,0,1398,TTN,F,,,8,342,,,,C,4893,00,E,44,0,0,000000000,00000000000,0,0,0,1,0,0,0,0,0,0,0,55,0,0,0,12,12,6,2,12,0,0,0,1,42,16735,6,1,0,0,3,0,74,999,0,0,0,0,0,0,0,0,0,0,0,0,0,0,1,2,55,1,5,2,3,0,0,1,62,7,1,1,65,0,0
42,420127,3,3,1,31,3,7,34,12,6,1,0,42,1,49,40,49040,4,2008,4T1BE46K88U7,4,T,1,B,E,4,6,K,8,8,U,7,0,P,TOYT,XSL,4D,8,17,3263,,0,1093,,G,,F,4,146,,,16R215,,,,,,0,0,000000000,00000000000,0,0,0,1,0,0,0,0,0,0,0,55,0,0,0,10,10,2,1,12,0,0,0,1,42,16734,6,1,0,0,3,0,66,999,0,0,0,0,0,0,0,0,0,0,0,0,0,0,1,2,55,1,6,2,3,0,0,1,62,7,1,1,98,0,0
42,420128,1,3,1,11,3,18,26,12,8,1,0,42,1,12,401,12401,14,1991,1FMCU24X2MUE,1,F,M,C,U,2,4,X,2,M,U,E,0,P,FORD,EPR,UT,91,17,0,,0,1020,,G,,F,6,245,,,15R225,,,,,,0,0,000000000,00000000000,0,0,0,1,0,0,0,0,0,0,0,999,0,0,0,10,12,6,2,12,0,0,0,1,42,17033,6,1,0,0,3,0,67,999,0,1,0,0,0,6,2008,6,2008,1,51,0,0,0,5,4,50,1,6,2,2,0,0,1,10,99,1,2,64,0,1
42,420128,2,3,1,11,3,18,26,12,8,1,0,42,1,49,40,49040,4,1995,4T1SK12E5SU5,4,T,1,S,K,1,2,E,5,S,U,5,0,P,TOYT,CLE,4D,95,17,3086,,0,1031,,G,,F,4,132,,,14R195,,,,,,0,0,000000000,00000000000,0,0,0,1,0,0,0,0,0,0,0,45,0,0,0,10,10,6,2,12,0,0,0,1,42,17038,6,1,0,0,3,0,63,999,0,0,0,0,0,0,0,0,0,0,0,0,0,0,5,4,50,1,5,2,2,0,0,1,62,99,1,1,65,0,0
42,420128,3,3,1,11,3,18,26,12,8,1,0,42,1,37,32,37032,4,2001,1HGCG55661A8,1,H,G,C,G,5,5,6,6,1,A,8,0,P,HOND,UEX,4D,1,17,3075,,0,1069,,G,,F,4,138,,,15R195,,,,,,0,0,000000000,00000000000,0,0,0,1,0,0,0,0,0,0,0,999,0,0,0,11,11,6,2,12,0,0,0,1,42,17036,6,1,0,0,3,0,64,999,0,0,0,0,0,0,0,0,0,0,0,0,0,0,5,4,50,1,5,2,2,0,0,1,62,99,1,1,98,1,0
42,420129,1,3,1,17,3,0,6,12,6,1,0,28,2,20,2,20002,4,2009,2G1WC57MX911,2,G,1,W,C,5,7,M,X,9,1,1,0,P,CHEV,IL2,4D,9,17,3649,,0,1105,,F,,F,6,238,,,17R225,,,,,,0,0,000000000,00000000000,0,0,0,1,0,0,0,0,0,0,0,999,0,0,0,12,12,6,2,12,0,0,0,1,28,39564,6,1,0,0,3,0,69,180,0,0,0,0,0,0,0,0,0,1,39,0,0,0,1,2,25,1,6,2,1,3,3,1,17,3,2,1,83,0,0
42,420129,2,3,1,17,3,0,6,12,6,1,0,42,1,7,442,7442,20,2005,2D4GP44L55R3,2,D,4,G,P,4,4,L,5,5,R,3,0,T,DODG,GSX,ES,5,17,,1,0,1193,CAR,G,,,6,230,,,,,4222,00,E,42,0,0,000000000,00000000000,0,0,0,1,0,0,0,0,0,0,0,999,0,0,0,10,10,6,2,12,0,0,0,1,42,17268,6,1,0,0,3,3,60,999,0,0,0,0,0,0,0,0,0,0,0,0,0,0,1,2,25,1,6,2,1,3,3,11,66,1,1,1,82,1,0
42,420129,3,3,2,17,3,0,6,12,6,1,0,21,1,20,471,20471,30,2003,1GCCS19X1381,1,G,C,C,S,1,9,X,1,3,8,1,0,T,CHEV,S14,3C,3,17,,1,0,1229,S,G,,,6,262,,,,B,3198,00,,42,0,0,000000000,00000000000,0,0,0,1,0,0,0,0,0,0,0,0,0,0,0,12,12,6,2,12,0,0,0,1,21,17268,6,1,0,0,3,0,69,220,0,0,0,0,0,0,0,0,0,0,0,0,0,0,1,2,25,1,5,2,1,3,3,5,62,1,1,1,98,0,0
42,420130,1,1,2,24,2,18,48,8,0,1,0,42,1,19,3,19003,4,1996,1G6KD52Y7TU2,1,G,6,K,D,5,2,Y,7,T,U,2,0,P,CADI,DFW,4D,96,17,3758,,0,1138,,G,,F,8,279,,,15R225,,,,,,0,0,000000000,00000000000,0,0,0,1,0,0,0,0,0,0,0,999,0,0,0,12,12,6,2,8,0,0,0,1,42,18101,6,1,0,0,3,0,71,999,0,0,0,0,0,0,0,0,0,0,99,99,99,99,1,2,40,1,1,2,1,0,0,1,80,6,9,1,13,0,0
42,420131,1,4,3,29,3,17,16,12,6,1,0,42,1,2,404,2404,14,1997,1J4GZ58S2VC5,1,J,4,G,Z,5,8,S,2,V,C,5,0,T,JEEP,LRT,4W,97,17,,1,0,1059,GCK,G,,,6,242,,,,,3700,02,E,44,0,0,000000000,00000000000,0,0,0,1,0,0,0,0,0,0,0,999,0,0,0,12,12,6,2,12,0,0,0,1,42,19525,6,1,6,0,3,0,74,999,0,0,0,0,1,3,2010,3,2010,0,51,0,0,0,1,2,45,1,4,2,1,0,0,6,54,1,1,1,66,1,0
42,420131,2,4,1,29,3,17,16,12,6,1,0,42,3,85,884,85884,63,2003,1NKDXBTX23J3,1,N,K,D,X,B,T,X,2,3,J,3,0,T,KW,T80,CC,3,17,,8,2600,1600,CON,D,,,6,893,,,,,00000,00,,,0,57,00591116,5700591116,3,2,4,1,0,0,0,0,0,0,0,999,0,0,0,2,2,6,2,12,0,0,0,1,42,19522,6,1,6,1,3,0,72,999,0,0,0,0,0,0,0,0,0,0,0,0,0,0,1,2,45,1,4,2,1,0,0,1,54,3,4,1,66,0,0