STATE,ST_CASE,VEH_NO,VE_FORMS,NUMOCCS,DAY,MONTH,HOUR,MINUTE,HARM_EV,MAN_COLL,UNITTYPE,HIT_RUN,REG_STAT,OWNER,MAKE,MODEL,MAK_MOD,BODY_TYP,MOD_YEAR,VIN,VIN_1,VIN_2,VIN_3,VIN_4,VIN_5,VIN_6,VIN_7,VIN_8,VIN_9,VIN_10,VIN_11,VIN_12,TOW_VEH,VINTYPE,VINMAKE,VINA_MOD,VIN_BT,VINMODYR,VIN_LNGT,VIN_WGT,WGTCD_TR,WHLBS_LG,WHLBS_SH,SER_TR,FUELCODE,MCYCL_DS,CARBUR,CYLINDER,DISPLACE,MCYCL_CY,MCYCL_WT,TIRE_SZE,TON_RAT,TRK_WT,TRKWTVAR,VIN_REST,WHLDRWHL,J_KNIFE,MCARR_I1,MCARR_I2,MCARR_ID,GVWR,V_CONFIG,CARGO_BT,HAZ_INV,HAZ_PLAC,HAZ_ID,HAZ_CNO,HAZ_REL,BUS_USE,SPEC_USE,EMER_USE,TRAV_SP,UNDERIDE,ROLLOVER,ROLINLOC,IMPACT1,IMPACT2,DEFORMED,TOWED,M_HARM,VEH_SC1,VEH_SC2,FIRE_EXP,DR_PRES,L_STATE,DR_ZIP,L_STATUS,L_TYPE,CDL_STAT,L_ENDORS,L_COMPL,L_RESTRI,DR_HGT,DR_WGT,PREV_ACC,PREV_SUS,PREV_DWI,PREV_SPD,PREV_OTH,FIRST_MO,FIRST_YR,LAST_MO,LAST_YR,SPEEDREL,DR_SF1,DR_SF2,DR_SF3,DR_SF4,VTRAFWAY,VNUM_LAN,VSPD_LIM,VALIGN,VPROFILE,VPAVETYP,VSURCOND,VTRAFCON,VTCONT_F,P_CRASH1,P_CRASH2,P_CRASH3,PCRASH4,PCRASH5,ACC_TYPE,DEATHS,DR_DRINK
42,420201,1,2,1,22,3,17,12,12,6,1,0,42,1,72,706,72706,80,2003,1HD1FRW443Y7,1,H,D,1,F,R,W,4,4,3,Y,7,0,M,HD,FCA,RS,3,17,,,,,,,1450,,2,,4,710,,,,,,,0,0,000000000,00000000000,0,0,0,1,0,0,0,0,0,0,0,999,0,0,0,12,12,6,2,12,0,0,0,1,42,19342,6,1,0,0,3,0,70,999,2,0,0,0,0,4,2010,2,2011,0,99,99,99,99,1,2,30,1,9,2,1,3,3,1,62,3,2,1,69,1,0
42,420201,2,2,1,22,3,17,12,12,6,1,0,42,3,98,981,98981,52,2010,5FYH5FV19AB0,5,F,Y,H,5,F,V,1,9,A,B,0,0,U,,,,10,17,,,,,,,,,,,,,,,,,,,0,88,888888888,88888888888,3,21,22,1,0,0,0,0,6,0,0,999,0,0,0,3,3,2,1,12,0,0,0,1,42,19111,6,1,6,0,3,0,68,999,1,0,0,0,1,9,2009,12,2009,0,0,0,0,0,1,2,30,1,9,2,1,3,3,11,15,1,1,1,68,0,0
42,420202,1,1,1,19,3,14,27,8,0,1,0,42,1,53,705,53705,80,2009,JS1GN7EA7921,J,S,1,G,N,7,E,A,7,9,2,1,0,M,SUZI,G60,RC,9,17,,,,,,,599,,4,,4,354,,,,,,,0,0,000000000,00000000000,0,0,0,1,0,0,0,0,0,0,0,999,0,0,0,12,12,4,3,8,0,0,0,1,42,19120,6,1,0,0,3,3,68,999,0,0,0,0,0,0,0,0,0,0,0,0,0,0,1,2,30,1,1,2,1,0,0,1,80,3,2,1,13,1,0
42,420203,1,2,3,12,3,11,29,12,6,1,0,42,1,23,481,23481,31,2010,3GTRKXE20AG1,3,G,T,R,K,X,E,2,0,A,G,1,0,T,GMC,DNL,CW,10,17,,2,0,1435,SIE,F,,,8,378,,,,B,5408,00,S,44,0,0,000000000,00000000000,0,0,0,1,0,0,0,0,0,0,0,999,0,0,0,4,4,4,1,12,0,0,0,1,42,19551,6,1,0,0,3,0,74,999,0,0,0,0,0,0,0,0,0,0,48,39,0,0,2,2,40,1,1,2,1,3,3,11,15,1,1,1,68,0,0
42,420203,2,2,1,12,3,11,29,12,6,1,0,42,1,53,706,53706,80,2006,JS1GT76AX621,J,S,1,G,T,7,6,A,X,6,2,1,0,M,SUZI,XR1,RC,6,17,,,,,,,999,,4,,4,365,,,,,,,0,0,000000000,00000000000,0,0,0,1,0,0,0,0,0,0,0,999,0,0,0,12,12,6,2,12,0,0,0,1,42,19403,6,1,0,0,3,0,67,999,0,0,1,0,1,4,2008,6,2008,1,39,0,0,0,2,2,40,1,1,2,1,3,3,1,62,3,2,1,69,1,0
42,420204,1,2,1,26,3,18,25,12,6,1,0,42,1,53,705,53705,80,2008,VTTGM51A1821,V,T,T,G,M,5,1,A,1,8,2,1,0,M,SUZI,G50,RC,8,17,,,,,,,487,,2,,4,397,,,,,,,0,0,000000000,00000000000,0,0,0,1,0,0,0,0,0,0,0,999,0,0,0,1,1,6,2,12,0,0,0,1,42,19111,6,1,0,0,3,0,71,999,0,0,0,0,0,0,0,0,0,0,99,99,99,99,2,2,30,1,1,2,1,3,3,1,62,3,2,1,69,1,0
42,420204,2,2,3,26,3,18,25,12,6,1,0,42,2,2,404,2404,14,2000,1J4GW48S2YC3,1,J,4,G,W,4,8,S,2,Y,C,3,0,T,JEEP,LRO,4W,0,17,,1,0,1059,GCK,G,,,6,244,,,,,3847,01,E,44,0,0,000000000,00000000000,0,0,0,1,0,0,0,0,0,0,0,25,0,0,0,4,4,2,1,12,0,0,0,1,42,19111,6,1,0,0,3,0,67,999,0,0,0,0,0,0,0,0,0,0,0,0,0,0,2,2,30,1,1,2,1,3,3,11,15,1,1,1,68,0,0
42,420205,1,2,1,7,3,21,15,12,6,1,0,42,2,49,32,49032,4,2000,2T1BR12EXYC3,2,T,1,B,R,1,2,E,X,Y,C,3,0,P,TOYT,UVL,4D,0,17,2403,,0,970,,G,,F,4,109,,,14R175,,,,,,0,0,000000000,00000000000,0,0,0,1,0,0,0,0,0,0,0,999,0,0,0,3,3,6,2,12,0,0,0,1,34,8619,1,1,0,0,2,0,68,999,0,5,0,0,1,3,2008,2,2011,0,51,89,0,0,3,2,55,1,1,2,1,0,0,1,54,1,1,1,66,1,0
42,420205,2,2,1,7,3,21,15,12,6,1,0,34,1,52,34,52034,4,2011,4A32B3FF5BE0,4,A,3,2,B,3,F,F,5,B,E,0,0,P,MITS,GLE,4D,11,17,3395,,0,0,,G,,F,4,145,,,000000,,,,,,0,0,000000000,00000000000,0,0,0,1,0,0,0,0,0,0,0,999,0,0,0,12,12,6,2,12,0,0,0,1,34,8618,6,1,0,0,3,3,62,999,0,0,0,0,0,0,0,0,0,0,0,0,0,0,3,2,55,1,1,2,1,0,0,1,54,1,1,1,66,0,0
42,420206,1,2,2,29,3,23,3,12,1,1,0,42,2,23,461,23461,21,2009,1GDFH1549911,1,G,D,F,H,1,5,4,9,9,1,1,0,T,GMC,SV1,CG,9,17,,2,0,1350,S/V,F,,,8,323,,,,B,5179,00,E,44,0,0,000000000,00000000000,0,0,0,1,0,0,0,0,0,0,0,999,0,0,0,12,12,6,2,12,0,0,0,1,42,19137,6,1,0,0,3,0,74,999,0,0,0,0,0,0,0,0,0,1,0,0,0,0,1,2,25,1,1,2,1,0,0,1,51,1,1,1,24,0,0
42,420206,2,2,1,29,3,23,3,12,1,1,0,42,2,12,442,12442,20,1996,2FMDA5145TBB,2,F,M,D,A,5,1,4,5,T,B,B,0,T,FORD,WWG,ES,96,17,,1,0,1207,WIN,G,,,6,232,,,,B,3733,00,E,42,0,0,000000000,00000000000,0,0,0,1,0,0,0,0,0,0,0,0,0,0,0,6,6,6,2,12,0,0,0,1,34,8104,9,9,99,0,9,9,999,999,99,99,99,99,99,99,9999,99,9999,0,0,0,0,0,1,2,25,1,1,2,1,0,0,1,53,1,1,1,25,1,0
42,420207,1,1,2,2,3,2,50,35,0,1,0,42,9,20,2,20002,4,2010,2G1WB5EN6A11,2,G,1,W,B,5,E,N,6,A,1,1,0,P,CHEV,IMT,4D,10,17,3555,,0,1105,,G,,F,6,214,,,16R225,,,,,,0,0,000000000,00000000000,0,0,0,1,0,0,0,0,0,0,0,999,0,1,6,1,0,6,2,1,0,0,0,1,99,99999,9,9,99,0,9,9,999,999,99,99,99,99,99,99,9999,99,9999,1,0,0,0,0,1,2,45,3,5,2,1,0,0,14,6,3,2,4,7,1,0
42,420208,1,2,1,6,3,23,33,8,0,1,0,42,6,18,7,18007,4,2002,2G4WS52J5212,2,G,4,W,S,5,2,J,5,2,1,2,0,P,BUIC,CCU,4D,2,17,3368,,0,1090,,G,,F,6,191,,,15R205,,,,,,0,0,000000000,00000000000,0,0,0,1,0,0,0,0,0,0,0,0,0,0,0,4,4,9,1,12,0,0,0,0,0,99997,7,6,97,7,6,7,998,997,998,998,998,998,998,98,9998,98,9998,8,0,0,0,0,2,2,65,2,4,1,4,0,0,0,61,0,0,0,98,0,0
42,420208,2,2,29,6,3,23,33,8,0,1,0,42,3,93,981,93981,51,2008,1M86DMFA78P0,1,M,8,6,D,M,F,A,7,8,P,0,0,T,MCIN,,,8,17,,,,,,,,,,,,,,,,,,,0,57,00038186,5700038186,3,21,22,1,0,0,0,0,5,0,0,45,0,1,1,10,10,6,2,8,0,0,0,1,42,18518,6,1,6,1,3,0,68,999,0,0,0,0,0,0,0,0,0,1,87,0,0,0,2,2,65,2,4,1,4,0,0,17,80,9,1,2,13,0,0
42,420209,1,2,2,14,3,16,30,12,7,1,1,42,2,2,404,2404,14,2001,1J4FF58S91L6,1,J,4,F,F,5,8,S,9,1,L,6,0,T,JEEP,LCL,4W,1,17,,1,0,1014,CHK,G,,,6,244,,,,,3249,00,E,44,0,0,000000000,00000000000,0,0,0,1,0,0,0,0,0,0,0,0,0,0,0,2,2,2,4,12,0,0,0,1,42,19601,0,0,0,0,0,0,62,999,0,1,0,0,0,11,2008,11,2008,0,48,0,0,0,1,2,25,1,1,2,1,0,0,10,16,1,1,1,70,0,0
42,420209,2,2,1,14,3,16,30,12,7,1,0,42,1,72,706,72706,80,2007,1HD1FC4107Y6,1,H,D,1,F,C,4,1,0,7,Y,6,0,M,HD,FLU,RS,7,17,,,,,,,1584,,2,,4,808,,,,,,,0,0,000000000,00000000000,0,0,0,1,0,0,0,0,0,0,0,999,0,0,0,11,11,6,2,12,0,0,0,1,42,19533,6,1,6,0,3,0,70,999,0,0,0,0,0,0,0,0,0,0,27,0,0,0,1,2,25,1,1,2,1,0,0,15,61,1,1,1,71,1,0
42,420210,1,2,1,2,3,7,24,12,1,1,0,42,1,49,472,49472,30,2005,5TEUU42N05Z1,5,T,E,U,U,4,2,N,0,5,Z,1,0,T,TOYT,ACC,PC,5,17,,1,0,1219,TAC,G,,,6,244,,,,B,3425,00,U,44,0,0,000000000,00000000000,0,0,0,1,0,0,0,0,0,0,0,999,0,0,0,12,12,6,2,12,0,0,0,1,42,17740,6,1,0,0,3,3,65,999,0,0,0,0,0,0,0,0,0,1,27,0,0,0,3,2,65,2,1,1,1,0,0,15,51,1,1,1,24,1,0
42,420210,2,2,1,2,3,7,24,12,1,1,0,42,2,12,881,12881,61,1999,1FDWF37F8XEB,1,F,D,W,F,3,7,F,8,X,E,B,1,T,FORD,F3D,CB,99,17,,3,1650,1410,DRW,D,,,8,444,,,,D,00000,00,E,44,1,88,888888888,88888888888,2,4,96,1,0,0,0,0,0,0,0,60,0,0,0,6,6,6,2,12,0,0,0,1,42,17745,6,1,6,0,3,0,67,999,0,0,0,0,0,0,0,0,0,0,0,0,0,0,3,2,65,2,1,1,1,0,0,14,53,1,1,1,25,0,0
42,420211,1,5,1,11,2,9,51,12,1,1,0,42,3,86,884,86884,63,2006,1M2AG11C26M0,1,M,2,A,G,1,1,C,2,6,M,0,0,T,MACK,CV7,CC,6,17,,8,0,0,700,D,,,6,728,,,,,00000,00,,64,0,57,00480924,5700480924,3,2,4,1,0,0,0,0,0,0,0,55,7,1,1,12,3,6,2,1,0,0,0,1,42,16872,6,1,6,0,3,3,70,999,0,0,0,0,0,0,0,0,0,0,26,36,0,0,3,3,55,1,6,1,1,0,0,1,50,8,2,1,20,0,0
42,420211,2,5,1,11,2,9,51,12,1,1,0,42,1,49,40,49040,4,2005,4T1BE30K35U5,4,T,1,B,E,3,0,K,3,5,U,5,0,P,TOYT,XLL,4D,5,17,3108,,0,1071,,G,,F,4,144,,,15R205,,,,,,0,0,000000000,00000000000,0,0,0,1,0,0,0,0,0,0,0,0,0,0,0,6,6,6,2,12,0,0,0,1,42,19440,6,1,0,0,3,0,66,999,0,0,0,0,0,0,0,0,0,0,0,0,0,0,3,3,55,1,6,1,1,0,0,5,53,1,1,1,21,0,0
42,420211,3,5,1,11,2,9,51,12,1,1,0,42,1,24,3,24003,6,1997,1G8ZH828XVZ2,1,G,8,Z,H,8,2,8,X,V,Z,2,0,P,STRN,SW1,SW,97,17,2363,,0,1024,,G,,F,4,116,,,14R175,,,,,,0,0,000000000,00000000000,0,0,0,1,0,0,0,0,0,0,0,0,0,0,0,6,6,6,2,12,0,0,0,1,42,17111,6,1,0,0,3,0,64,999,0,0,0,0,0,0,0,0,0,0,0,0,0,0,3,3,55,1,6,1,1,0,0,5,53,1,1,1,98,0,0
42,420211,4,5,2,11,2,9,51,12,1,1,0,42,1,51,46,51046,4,2002,YV1VS295X2F8,Y,V,1,V,S,2,9,5,X,2,F,8,0,P,VOLV,S4T,4D,2,17,3068,,0,1009,,G,,T,4,119,,,15R195,,,,,,0,0,000000000,00000000000,0,0,0,1,0,0,0,0,0,0,0,0,0,0,0,6,13,6,2,12,0,0,0,1,42,18655,6,1,0,0,3,3,72,999,0,0,0,0,0,0,0,0,0,0,0,0,0,0,3,3,55,1,6,1,1,0,0,5,53,1,1,1,98,1,0
42,420211,5,5,3,11,2,9,51,12,1,1,0,42,2,35,47,35047,4,2006,1N4BL11D66C1,1,N,4,B,L,1,1,D,6,6,C,1,0,P,NISS,ASR,4D,6,17,3101,,0,1102,,G,,F,6,214,,,17R215,,,,,,0,0,000000000,00000000000,0,0,0,1,0,0,0,0,0,0,0,0,0,0,0,7,7,6,2,12,0,0,0,1,42,18222,6,1,0,0,3,0,72,999,0,0,0,0,0,0,0,0,0,0,0,0,0,0,3,3,55,1,6,1,1,0,0,5,53,1,1,1,98,0,0
42,420212,1,1,1,10,4,3,44,1,0,1,0,34,1,20,473,20473,30,2006,1GCDT136X682,1,G,C,D,T,1,3,6,X,6,8,2,0,T,CHEV,RDO,CW,6,17,,1,0,1260,CAL,G,,,5,214,,,,,3962,00,,44,0,0,000000000,00000000000,0,0,0,1,0,0,0,0,0,0,0,80,0,2,2,0,0,6,2,1,0,0,0,1,34,8753,6,1,0,0,3,0,66,999,0,0,0,0,0,0,0,0,0,1,0,0,0,0,2,2,65,2,6,2,1,0,0,14,12,7,3,4,98,1,1
42,420213,1,1,2,17,3,20,15,8,0,1,0,42,1,12,17,12017,4,1996,1FALP52U6TA1,1,F,A,L,P,5,2,U,6,T,A,1,0,P,FORD,TAG,4D,96,17,3347,,0,1085,,G,,F,6,182,,,15R205,,,,,,0,0,000000000,00000000000,0,0,0,1,0,0,0,0,0,0,0,999,0,0,0,1,1,0,3,8,0,0,0,1,42,17104,6,2,0,0,3,1,67,999,0,0,0,0,0,0,0,0,0,0,38,0,0,0,5,2,25,1,5,2,1,0,0,1,80,2,2,1,13,0,0
42,420214,1,1,2,19,3,4,0,1,0,1,0,42,1,49,471,49471,31,1994,4TARN81A5RZ3,4,T,A,R,N,8,1,A,5,R,Z,3,0,T,TOYT,USS,PK,94,17,,1,0,1030,UHT,G,,,4,144,,,,B,2690,00,A,42,0,0,000000000,00000000000,0,0,0,1,0,0,0,0,0,0,0,65,0,1,3,0,0,6,2,1,0,0,0,1,42,18655,1,1,0,0,2,0,68,999,0,1,0,0,1,11,2010,3,2011,0,58,0,0,0,2,2,65,2,1,2,1,0,0,14,12,1,1,4,6,2,1
42,420215,1,1,3,1,4,14,53,24,0,1,0,42,2,18,7,18007,4,2002,2G4WS52J1211,2,G,4,W,S,5,2,J,1,2,1,1,0,P,BUIC,CCU,4D,2,17,3368,,0,1090,,G,,F,6,191,,,15R205,,,,,,0,0,000000000,00000000000,0,0,0,1,0,0,0,0,0,0,0,999,0,0,0,3,3,6,2,42,0,0,0,1,42,15475,6,1,0,0,3,0,72,999,1,1,0,0,1,1,2010,2,2011,0,51,0,0,0,1,2,35,1,1,2,1,0,0,1,10,7,1,4,1,2,1
42,420216,1,1,1,11,4,7,40,24,0,1,0,37,3,82,881,82881,66,2007,1FUBF9CV47LZ,1,F,U,B,F,9,C,V,4,7,L,Z,2,T,FRHT,112,TR,7,17,,7,0,0,COL,D,,,6,782,,,,,00000,00,,42,1,57,00090849,5700090849,3,7,1,2,2,8888,8,2,0,0,0,65,0,0,0,12,0,6,2,2,0,0,1,1,39,43123,6,1,6,1,3,3,72,172,0,1,0,0,2,1,2010,7,2010,0,27,0,0,0,2,2,65,1,1,2,1,0,0,15,11,1,1,4,1,1,0
42,420217,1,1,1,26,3,10,27,10,0,1,0,42,1,12,401,12401,14,2000,1FMZU72X7YZA,1,F,M,Z,U,7,2,X,7,Y,Z,A,0,P,FORD,EPR,UT,0,17,4065,,0,1116,,G,,F,6,245,,,15R235,,,,,,0,0,000000000,00000000000,0,0,0,1,0,0,0,0,0,0,0,999,0,0,0,9,9,6,2,10,0,0,0,1,42,15935,6,1,0,0,3,1,66,999,0,0,0,0,0,0,0,0,0,1,39,0,0,0,1,3,25,1,1,2,1,65,3,1,90,99,1,1,15,1,0
42,420218,1,1,3,6,4,16,20,25,0,1,0,42,3,12,481,12481,31,1999,1FTNF20L3XEA,1,F,T,N,F,2,0,L,3,X,E,A,0,T,FORD,F2S,PK,99,17,,2,0,1370,SRW,G,,,8,330,,,,C,4960,00,U,42,0,0,000000000,00000000000,0,0,0,1,0,0,0,0,0,0,0,60,0,1,1,1,0,6,2,1,0,0,1,1,42,18018,1,1,0,0,2,0,69,999,0,2,2,0,0,6,2008,3,2010,0,0,0,0,0,3,2,65,1,6,1,1,0,0,1,1,6,4,4,7,1,0
42,420219,1,1,1,19,3,16,56,8,0,1,0,42,1,18,2,18002,4,2005,1G4HP52K05U2,1,G,4,H,P,5,2,K,0,5,U,2,0,P,BUIC,LCF,4D,5,17,3567,,0,1122,,G,,F,6,232,,,15R215,,,,,,0,0,000000000,00000000000,0,0,0,1,0,0,0,0,0,0,0,999,0,0,0,12,12,6,2,8,0,0,0,1,42,15010,6,1,0,0,3,0,71,999,0,0,0,0,0,0,0,0,0,0,0,0,0,0,1,2,25,1,5,2,1,0,0,1,8,1,1,4,1,0,0
42,420220,1,1,2,16,4,19,5,35,0,1,0,24,2,42,48,42048,4,1999,WDBJF25H5XA7,W,D,B,J,F,2,5,H,5,X,A,7,0,P,MERZ,ETD,4D,99,17,3505,,0,1115,,D,,T,6,183,,,16R215,,,,,,0,0,000000000,00000000000,0,0,0,1,0,0,0,0,0,0,0,50,0,1,5,5,0,6,2,1,0,0,0,1,42,18255,6,1,0,0,3,0,69,999,0,0,0,0,0,0,0,0,0,1,87,0,0,0,1,2,55,2,6,2,6,0,0,14,5,99,4,4,2,1,0
42,420221,1,1,1,21,3,5,55,8,0,1,0,42,1,37,402,37402,14,2004,JHLRD77824C0,J,H,L,R,D,7,7,8,2,4,C,0,0,P,HOND,CRV,UT,4,17,3287,,0,1031,,G,,F,4,146,,,15R205,,,,,,0,0,000000000,00000000000,0,0,0,1,0,0,0,0,0,0,0,40,0,0,0,12,12,4,3,8,0,0,0,1,42,17602,6,1,0,0,3,0,70,999,0,0,0,0,0,0,0,0,0,0,0,0,0,0,5,3,35,1,1,2,2,0,0,1,80,2,1,1,13,0,0
42,420222,1,1,2,4,4,16,13,24,0,1,0,39,2,22,2,22002,4,1989,1G2HX54CXKW2,1,G,2,H,X,5,4,C,X,K,W,2,0,P,PONT,BLE,4D,89,17,3275,,0,1108,,G,,F,6,231,,,14R205,,,,,,0,0,000000000,00000000000,0,0,0,1,0,0,0,0,0,0,0,75,0,0,0,11,0,6,2,24,0,0,1,1,39,44481,1,1,0,0,2,0,71,212,0,4,0,1,1,12,2008,1,2010,1,0,0,0,0,3,2,65,2,6,2,2,0,0,14,12,1,1,4,6,1,1
42,420223,1,1,1,13,3,17,40,35,0,1,0,42,1,12,481,12481,31,2001,1FTRX18W51NB,1,F,T,R,X,1,8,W,5,1,N,B,0,T,FORD,F15,4C,1,17,,2,1574,1388,COF,G,,,8,281,,,,B,4611,04,U,44,0,0,000000000,00000000000,0,0,0,1,0,0,0,0,0,0,0,85,0,1,3,2,2,6,2,1,0,0,0,1,42,15825,6,1,0,0,3,0,69,999,0,0,0,0,0,0,0,0,0,1,0,0,0,0,2,2,65,1,6,1,1,0,0,1,8,1,2,4,7,1,0
42,420224,1,1,1,14,4,22,58,42,0,1,0,42,1,20,4,20004,1,1987,1G1YY3189H51,1,G,1,Y,Y,3,1,8,9,H,5,1,0,P,CHEV,CVT,CV,87,17,3279,,0,960,,G,,F,8,350,,,16R225,,,,,,0,0,000000000,00000000000,0,0,0,1,0,0,0,0,0,0,0,75,0,0,0,9,9,6,2,42,0,0,0,1,42,18618,6,1,0,0,3,0,66,999,0,0,0,0,0,0,0,0,0,1,58,51,0,0,1,2,45,2,1,2,1,0,0,14,10,9,3,4,2,1,0
42,420225,1,1,1,11,4,9,30,24,0,1,0,42,2,18,3,18003,4,2002,1G4CW54K5241,1,G,4,C,W,5,4,K,5,2,4,1,0,P,BUIC,PKA,4D,2,17,3788,,0,1138,,G,,F,6,231,,,16R225,,,,,,0,0,000000000,00000000000,0,0,0,1,0,0,0,0,0,0,0,60,0,0,0,1,1,6,2,24,0,0,0,1,42,18704,6,1,0,0,3,0,65,999,0,0,0,0,0,0,0,0,0,1,51,0,0,0,2,3,35,3,1,2,1,0,0,14,6,6,4,4,7,1,0
42,420226,1,2,1,14,3,8,46,12,2,1,0,42,2,12,471,12471,30,1990,1FTCR11T6LUA,1,F,T,C,R,1,1,T,6,L,U,A,0,T,FORD,RNG,PK,90,17,,1,1140,1080,RNG,G,,,6,177,,,,B,2978,01,A,44,0,0,000000000,00000000000,0,0,0,1,0,0,0,0,0,0,0,55,0,1,1,12,12,6,2,12,0,0,0,1,42,15422,1,1,0,0,2,2,70,999,0,2,1,0,3,8,2009,11,2010,1,51,74,0,0,1,2,55,2,1,2,1,0,0,14,10,99,1,2,50,1,0
42,420226,2,2,1,14,3,8,46,12,2,1,0,42,1,6,52,6052,6,2002,3C8FY68B32T3,3,C,8,F,Y,6,8,B,3,2,T,3,0,P,CHRY,PTC,SV,2,17,3119,,0,1033,,G,,F,4,148,,,16R205,,,,,,0,0,000000000,00000000000,0,0,0,1,0,0,0,0,0,0,0,55,0,0,0,12,12,6,2,12,0,0,0,1,42,15926,6,1,0,0,3,1,68,999,0,0,0,0,0,0,0,0,0,0,0,0,0,0,1,2,55,1,1,2,1,0,0,1,62,1,1,1,51,1,0
42,420227,1,1,2,5,3,11,5,42,0,1,0,42,1,21,2,21002,4,1998,1G3HN52K4W48,1,G,3,H,N,5,2,K,4,W,4,8,0,P,OLDS,8LW,4D,98,17,3455,,0,1108,,G,,F,6,231,,,15R205,,,,,,0,0,000000000,00000000000,0,0,0,1,0,0,0,0,0,0,0,999,0,0,0,7,7,6,2,42,0,0,0,1,42,17578,3,1,0,0,2,3,68,999,1,2,0,0,4,6,2008,2,2011,1,35,0,0,0,1,2,35,1,6,2,1,0,0,6,83,7,3,4,3,1,0
42,420228,1,3,1,3,4,14,0,12,6,1,0,42,1,37,703,37703,80,2001,JH2MC13081K7,J,H,2,M,C,1,3,0,8,1,K,7,0,M,HOND,CMX,RS,1,17,,,,,,,234,,2,,4,306,,,,,,,0,0,000000000,00000000000,0,0,0,1,0,0,0,0,0,0,0,999,0,0,0,12,12,6,2,12,0,0,0,1,42,17901,6,1,0,0,3,1,66,999,0,0,0,0,0,0,0,0,0,0,48,51,0,0,1,2,55,1,3,2,1,20,3,10,16,1,1,2,80,1,0
42,420228,2,3,4,3,4,14,0,12,6,1,0,42,1,22,2,22002,4,2004,1G2HX52K04U2,1,G,2,H,X,5,2,K,0,4,U,2,0,P,PONT,BVS,4D,4,17,3633,,0,1122,,G,,F,6,231,,,16R225,,,,,,0,0,000000000,00000000000,0,0,0,1,0,0,0,0,0,0,0,40,0,0,0,11,11,2,1,12,0,0,0,1,42,17901,6,1,0,0,3,0,71,999,0,0,0,0,0,0,0,0,0,0,0,0,0,0,1,2,45,2,3,2,1,0,0,14,67,9,2,1,81,0,0
42,420228,3,3,1,3,4,14,0,12,6,1,0,42,2,49,32,49032,4,2006,JTDBR32E7600,J,T,D,B,R,3,2,E,7,6,0,0,0,P,TOYT,EEL,4D,6,17,2530,,0,1024,,G,,F,4,109,,,15R185,,,,,,0,0,000000000,00000000000,0,0,0,1,0,0,0,0,0,0,0,45,0,0,0,12,12,2,1,12,0,0,0,1,42,17801,6,1,0,0,3,3,71,999,0,0,0,0,0,0,0,0,0,0,0,0,0,0,1,2,45,2,3,2,1,0,0,14,98,3,2,1,98,0,0
42,420229,1,3,1,21,4,13,25,12,6,1,0,31,3,82,884,82884,66,2008,1FUJGLCK58LA,1,F,U,J,G,L,C,K,5,8,L,A,1,T,FRHT,125,TR,8,17,,8,0,0,CSC,D,,,6,855,,,,,00000,00,,64,1,57,00053467,5700053467,3,6,1,1,0,0,0,0,0,0,0,999,7,0,0,5,5,6,2,12,0,0,0,1,31,6450,9,9,99,9,9,9,999,999,99,99,99,99,99,99,9999,99,9999,1,39,0,0,0,1,4,45,1,1,1,1,3,3,1,17,2,1,1,83,0,0
42,420229,2,3,2,21,4,13,25,12,6,1,0,42,1,34,34,34034,4,1997,WBACD4327VAV,W,B,A,C,D,4,3,2,7,V,A,V,0,P,BMW,8IA,4D,97,17,3197,,0,1063,,G,,F,6,170,,,15R205,,,,,,0,0,000000000,00000000000,0,0,0,1,0,0,0,0,0,0,0,999,0,0,0,11,11,6,2,12,0,0,0,1,42,19053,6,1,0,0,3,0,65,999,0,1,1,0,0,1,2010,6,2010,0,0,0,0,0,1,3,40,1,1,2,1,3,3,11,66,1,1,1,82,1,0
42,420229,3,3,1,21,4,13,25,12,6,1,0,42,1,37,31,37031,2,2002,1HGEM22942L0,1,H,G,E,M,2,2,9,4,2,L,0,0,P,HOND,UAX,CP,2,17,2590,,0,1031,,G,,F,4,102,,,15R185,,,,,,0,0,000000000,00000000000,0,0,0,1,0,0,0,0,0,0,0,999,0,0,0,2,2,2,1,12,0,0,0,1,42,19067,6,1,0,0,3,1,66,999,0,0,0,1,0,7,2009,7,2009,0,0,0,0,0,1,3,40,1,1,2,1,3,3,4,66,1,1,1,98,0,0
42,420230,1,1,1,15,4,14,5,1,0,1,0,42,1,76,706,76706,80,2008,JYARN20E28A0,J,Y,A,R,N,2,0,E,2,8,A,0,0,M,YAMA,YFR,RC,8,17,,,,,,,998,,4,,4,390,,,,,,,0,0,000000000,00000000000,0,0,0,1,0,0,0,0,0,0,0,999,0,0,0,0,14,6,2,42,0,0,0,1,42,17202,6,7,0,0,3,0,72,999,1,1,0,2,1,10,2008,3,2010,1,85,0,0,0,1,2,45,1,6,2,1,0,0,1,6,3,2,1,98,1,0
42,420231,1,1,1,25,4,16,22,42,0,1,0,92,0,98,739,98739,90,2000,000000000000,0,0,0,0,0,0,0,0,0,0,0,0,0,,,,,,,,,,,,,,,,,,,,,,,,,0,0,000000000,00000000000,0,0,0,1,0,0,0,0,0,0,0,45,0,0,0,12,12,2,1,42,0,0,0,1,42,17356,6,1,0,0,1,0,67,999,0,0,0,1,0,7,2008,7,2008,1,58,0,0,0,1,2,25,2,3,2,1,0,0,14,12,3,2,4,7,1,0