STATE,ST_CASE,VEH_NO,VE_FORMS,NUMOCCS,DAY,MONTH,HOUR,MINUTE,HARM_EV,MAN_COLL,UNITTYPE,HIT_RUN,REG_STAT,OWNER,MAKE,MODEL,MAK_MOD,BODY_TYP,MOD_YEAR,VIN,VIN_1,VIN_2,VIN_3,VIN_4,VIN_5,VIN_6,VIN_7,VIN_8,VIN_9,VIN_10,VIN_11,VIN_12,TOW_VEH,VINTYPE,VINMAKE,VINA_MOD,VIN_BT,VINMODYR,VIN_LNGT,VIN_WGT,WGTCD_TR,WHLBS_LG,WHLBS_SH,SER_TR,FUELCODE,MCYCL_DS,CARBUR,CYLINDER,DISPLACE,MCYCL_CY,MCYCL_WT,TIRE_SZE,TON_RAT,TRK_WT,TRKWTVAR,VIN_REST,WHLDRWHL,J_KNIFE,MCARR_I1,MCARR_I2,MCARR_ID,GVWR,V_CONFIG,CARGO_BT,HAZ_INV,HAZ_PLAC,HAZ_ID,HAZ_CNO,HAZ_REL,BUS_USE,SPEC_USE,EMER_USE,TRAV_SP,UNDERIDE,ROLLOVER,ROLINLOC,IMPACT1,IMPACT2,DEFORMED,TOWED,M_HARM,VEH_SC1,VEH_SC2,FIRE_EXP,DR_PRES,L_STATE,DR_ZIP,L_STATUS,L_TYPE,CDL_STAT,L_ENDORS,L_COMPL,L_RESTRI,DR_HGT,DR_WGT,PREV_ACC,PREV_SUS,PREV_DWI,PREV_SPD,PREV_OTH,FIRST_MO,FIRST_YR,LAST_MO,LAST_YR,SPEEDREL,DR_SF1,DR_SF2,DR_SF3,DR_SF4,VTRAFWAY,VNUM_LAN,VSPD_LIM,VALIGN,VPROFILE,VPAVETYP,VSURCOND,VTRAFCON,VTCONT_F,P_CRASH1,P_CRASH2,P_CRASH3,PCRASH4,PCRASH5,ACC_TYPE,DEATHS,DR_DRINK
42,420291,2,2,1,14,5,12,50,12,6,1,0,42,3,82,881,82881,63,2006,1FVACYDJ76HW,1,F,V,A,C,Y,D,J,7,6,H,W,0,T,FRHT,16M,CC,6,17,,8,0,0,FM2,D,,,6,439,,,,,00000,00,,42,0,57,01056199,5701056199,3,1,3,1,0,0,0,0,0,0,0,50,0,1,5,12,0,6,2,1,0,0,0,1,42,16844,6,1,6,0,3,0,64,999,0,0,0,0,1,3,2009,3,2009,0,0,0,0,0,2,2,55,1,6,2,1,0,0,6,61,8,1,1,73,0,0
42,420292,1,2,1,6,5,4,49,12,2,1,0,10,3,55,35,55035,4,2011,5NPDH4AE5BH0,5,N,P,D,H,4,A,E,5,B,H,0,0,P,HYUN,EGM,4D,11,17,2661,,0,0,,G,,F,4,110,,,000000,,,,,,0,0,000000000,00000000000,0,0,0,1,0,0,0,0,0,0,0,50,0,0,0,12,12,6,2,12,0,0,0,1,42,19311,6,1,0,0,3,0,73,999,0,0,0,0,0,0,0,0,0,0,51,0,0,0,1,2,45,1,5,2,1,0,0,1,10,1,1,2,50,1,0
42,420292,2,2,1,6,5,4,49,12,2,1,0,42,3,87,881,87881,66,2009,1XPHD49X99N7,1,X,P,H,D,4,9,X,9,9,N,7,1,T,PTRB,386,TR,9,17,,8,0,0,CON,D,,,6,915,,,,,00000,00,,64,1,57,00238790,5700238790,3,6,1,1,0,0,0,0,0,0,0,10,0,0,0,12,12,6,2,12,0,0,0,1,10,19712,6,1,6,1,3,3,72,300,0,0,0,0,1,6,2008,6,2008,0,0,0,0,0,1,2,45,1,6,2,1,0,0,1,62,9,1,2,51,0,0
42,420293,1,1,1,6,5,17,45,41,0,1,0,42,1,49,402,49402,14,2009,2T3BF33VX9W0,2,T,3,B,F,3,3,V,X,9,W,0,0,P,TOYT,RG4,UT,9,17,3444,,0,1047,,G,,F,4,153,,,16R215,,,,,,0,0,000000000,00000000000,0,0,0,1,0,0,0,0,0,0,0,30,0,0,0,14,13,6,2,42,0,0,0,1,42,19468,6,1,0,0,3,0,64,999,0,0,0,0,0,0,0,0,0,0,58,51,0,0,1,2,25,2,5,2,1,0,0,14,12,1,1,4,6,1,0
42,420294,1,2,1,21,4,8,50,12,6,1,0,42,1,98,809,98809,66,1999,2FWYJWEB3XA9,2,F,W,Y,J,W,E,B,3,X,A,9,1,T,STRG,AT5,TR,99,17,,8,2560,1480,STE,D,,,6,733,,,,,00000,00,,64,1,88,888888888,88888888888,3,6,3,1,0,0,0,0,0,0,0,999,0,0,0,11,11,6,2,12,0,0,0,1,42,17007,6,1,6,0,3,0,70,999,0,0,0,1,0,1,2010,1,2010,0,58,51,0,0,1,2,45,2,6,2,1,0,0,14,10,7,1,2,64,0,0
42,420294,2,2,1,21,4,8,50,12,6,1,0,34,3,84,884,84884,64,2004,1HTMMAALX4H6,1,H,T,M,M,A,A,L,X,4,H,6,0,T,INTL,430,CC,4,17,,6,0,0,40S,D,,,6,466,,,,,00000,00,,42,0,88,888888888,88888888888,2,1,1,1,0,0,0,0,0,0,0,999,0,0,0,11,11,6,2,12,0,0,0,1,34,8629,6,1,6,1,3,3,71,999,1,0,0,0,0,11,2009,11,2009,0,0,0,0,0,1,2,45,3,5,2,1,0,0,14,62,7,1,1,65,1,0
42,420295,1,2,1,28,4,12,45,12,6,1,0,42,1,18,2,18002,4,2005,1G4HP52K65U1,1,G,4,H,P,5,2,K,6,5,U,1,0,P,BUIC,LCF,4D,5,17,3567,,0,1122,,G,,F,6,232,,,15R215,,,,,,0,0,000000000,00000000000,0,0,0,1,0,0,0,0,0,0,0,15,0,0,0,8,8,6,2,12,0,0,0,1,42,17889,6,1,0,0,3,3,71,999,0,0,0,0,0,0,0,0,0,0,38,0,0,0,1,2,25,1,1,2,1,20,3,1,17,1,1,1,89,1,0
42,420295,2,2,2,28,4,12,45,12,6,1,0,36,1,48,45,48045,6,2011,4S4BRBKC9B33,4,S,4,B,R,B,K,C,9,B,3,3,0,P,SUBA,O2L,SW,11,17,3564,,0,1079,,G,,F,4,150,,,17R225,,,,,,0,0,000000000,00000000000,0,0,0,1,0,0,0,0,0,0,0,55,0,0,0,12,12,6,2,12,0,0,0,1,36,14546,6,1,0,0,3,3,67,999,0,0,0,0,1,7,2009,7,2009,0,0,0,0,0,2,2,55,3,6,2,1,0,0,14,66,1,1,1,88,0,0
42,420296,1,1,1,21,5,11,27,44,0,1,0,42,1,50,706,50706,80,2010,SMT925RN8AT4,S,M,T,9,2,5,R,N,8,A,T,4,0,M,TRUM,SCB,RS,10,17,,,,,,,865,,2,,4,506,,,,,,,0,0,000000000,00000000000,0,0,0,1,0,0,0,0,0,0,0,55,0,0,0,0,0,6,2,1,0,0,0,1,42,19533,6,1,0,0,3,0,64,999,0,0,0,0,0,0,0,0,0,0,0,0,0,0,2,2,55,1,6,2,1,0,0,1,5,99,1,1,0,1,0
42,420297,1,1,1,6,5,12,16,25,0,1,0,42,1,2,405,2405,14,2002,1J4GL58KX2W2,1,J,4,G,L,5,8,K,X,2,W,2,0,T,JEEP,LMD,4W,2,17,,1,0,1043,LIB,G,,,6,226,,,,,3975,00,E,44,0,0,000000000,00000000000,0,0,0,1,0,0,0,0,0,0,0,60,0,1,1,12,0,6,2,1,0,0,0,1,42,18104,6,1,0,0,3,1,63,999,0,0,0,0,0,0,0,0,0,0,35,0,0,0,3,2,55,1,1,2,1,40,3,15,10,7,4,4,7,1,0
42,420298,1,4,1,3,5,16,10,12,7,1,0,42,2,30,40,30040,4,2002,3VWSK69M82M1,3,V,W,S,K,6,9,M,8,2,M,1,0,P,VOLK,JGS,4D,2,17,2833,,0,989,,G,,F,4,121,,,15R195,,,,,,0,0,000000000,00000000000,0,0,0,1,0,0,0,0,0,0,0,999,0,0,0,3,12,6,2,12,0,0,0,1,42,17602,6,1,0,0,3,0,73,999,0,0,0,0,0,0,0,0,0,0,35,28,0,0,2,2,55,1,1,2,1,0,0,6,11,1,1,2,44,1,0
42,420298,2,4,1,3,5,16,10,12,7,1,0,42,2,37,31,37031,2,2000,1HGEJ8254YL1,1,H,G,E,J,8,2,5,4,Y,L,1,0,P,HOND,UAX,CP,0,17,2560,,0,1032,,G,,F,4,097,,,14R185,,,,,,0,0,000000000,00000000000,0,0,0,1,0,0,0,0,0,0,0,60,0,0,0,9,9,4,1,12,0,0,0,1,42,17552,6,1,0,0,3,0,69,999,0,0,0,1,1,6,2008,11,2010,0,0,0,0,0,2,2,55,1,1,2,1,0,0,1,60,1,1,1,45,0,0
42,420298,3,4,1,3,5,16,10,12,7,1,0,26,3,82,884,82884,66,2011,1FVXA7CV6BDB,1,F,V,X,A,7,C,V,6,B,D,B,1,T,FRHT,COL,GL,11,17,,8,0,0,CON,D,,,6,782,,,,,00000,00,,,1,57,00075837,5700075837,3,6,1,1,0,0,0,0,0,0,0,55,0,0,0,11,11,6,2,12,0,0,0,1,26,49401,6,1,6,1,3,3,71,201,0,0,0,0,0,0,0,0,0,0,0,0,0,0,2,2,55,1,1,2,1,0,0,1,62,1,1,1,98,0,0
42,420298,4,4,1,3,5,16,10,12,7,1,0,42,1,7,482,7482,31,2003,1D7HA18K13J5,1,D,7,H,A,1,8,K,1,3,J,5,0,T,DODG,QS1,CW,3,17,,2,0,1405,RPC,G,,,6,225,,,,B,4665,00,E,42,0,0,000000000,00000000000,0,0,0,1,0,0,0,0,0,0,0,55,0,0,0,12,12,6,2,12,0,0,0,1,42,17003,6,1,0,0,3,3,69,999,0,0,0,0,0,0,0,0,0,0,0,0,0,0,2,2,55,1,1,2,1,0,0,1,62,1,1,1,98,0,0
42,420299,1,2,1,21,5,7,47,12,6,1,0,42,1,48,38,48038,4,2010,JF1GE6B65AH5,J,F,1,G,E,6,B,6,5,A,H,5,0,P,SUBA,I2P,4D,10,17,3064,,0,1031,,G,,F,4,150,,,16R205,,,,,,0,0,000000000,00000000000,0,0,0,1,0,0,0,0,0,0,0,10,0,0,0,9,9,6,2,12,0,0,0,1,42,19073,6,1,0,0,3,0,59,999,0,0,0,0,0,0,0,0,0,0,48,38,0,0,1,2,35,1,1,2,1,20,3,11,15,1,1,1,82,1,0
42,420299,2,2,1,21,5,7,47,12,6,1,0,42,1,58,38,58038,4,2003,JNKAY41EX3M0,J,N,K,A,Y,4,1,E,X,3,M,0,0,P,INFI,M45,4D,3,17,3717,,0,1102,,G,,F,8,274,,,18R235,,,,,,0,0,000000000,00000000000,0,0,0,1,0,0,0,0,0,0,0,75,0,0,0,12,12,6,2,12,0,0,0,1,42,19142,6,1,0,0,3,3,66,999,0,0,0,1,0,8,2010,8,2010,1,0,0,0,0,1,2,55,1,1,2,1,0,0,1,67,3,2,2,83,0,1
42,420300,1,2,1,15,4,3,10,12,1,1,0,42,3,87,881,87881,66,2006,1XP5DB9X46N8,1,X,P,5,D,B,9,X,4,6,N,8,1,T,PTRB,379,TR,6,17,,8,0,0,CON,D,,,6,893,,,,,00000,00,,64,1,57,00248932,5700248932,3,6,2,2,2,8888,3,2,0,0,0,999,0,0,0,12,0,6,2,2,0,0,1,1,42,19310,6,1,6,1,3,0,70,999,0,0,0,0,2,1,2010,8,2010,0,26,0,0,0,2,2,55,1,6,1,1,0,0,1,51,3,2,1,24,1,0
42,420300,2,2,1,15,4,3,10,12,1,1,0,55,3,82,884,82884,66,2005,1FUJA6CG85LN,1,F,U,J,A,6,C,G,8,5,L,N,1,T,FRHT,COL,TR,5,17,,8,0,0,CON,D,,,6,774,,,,,00000,00,,64,1,57,00947849,5700947849,3,6,1,1,0,0,0,0,0,0,0,55,0,0,0,6,6,4,3,12,0,0,0,1,55,54921,6,1,6,1,3,0,72,210,0,0,0,0,2,3,2011,4,2011,0,0,0,0,0,2,2,55,1,6,1,1,0,0,1,53,1,1,1,25,0,0
42,420301,1,2,1,5,4,8,14,34,0,1,0,42,2,2,404,2404,14,2002,1J8GW48S22C1,1,J,8,G,W,4,8,S,2,2,C,1,0,T,JEEP,LRO,4W,2,17,,1,0,1059,GCK,G,,,6,244,,,,,3868,01,K,44,0,0,000000000,00000000000,0,0,0,1,0,0,0,0,0,0,0,999,0,0,0,14,1,6,2,12,0,0,0,1,42,18210,6,1,0,0,3,0,65,999,0,0,0,1,0,12,2010,12,2010,0,28,0,0,0,1,2,45,1,1,2,2,0,0,1,13,99,1,4,1,1,0
42,420301,2,2,1,5,4,8,14,34,0,1,0,42,3,12,461,12461,21,2006,1FDWE35L76DB,1,F,D,W,E,3,5,L,7,6,D,B,0,T,FORD,3DC,YY,6,17,,3,1760,1380,CTV,G,,,8,330,,,,,00000,00,K,42,0,0,000000000,00000000000,0,0,0,1,0,0,0,0,0,0,0,999,0,1,5,11,11,6,2,12,0,0,0,1,42,19512,6,1,0,0,3,3,66,999,0,0,0,0,0,0,0,0,0,0,0,0,0,0,1,2,45,1,1,2,2,0,0,1,62,7,1,1,98,0,0
42,420302,1,1,1,13,5,13,0,24,0,1,0,51,3,85,881,85881,66,2001,1XKWDB9X31R8,1,X,K,W,D,B,9,X,3,1,R,8,0,T,KW,W90,TR,1,17,,8,2850,1600,CON,D,,,6,893,,,,,00000,00,,64,0,57,01460703,5701460703,3,5,96,1,0,0,0,0,0,0,0,999,0,1,5,12,0,6,2,1,0,0,0,1,51,23139,6,1,6,0,3,0,70,190,0,0,0,2,1,6,2009,5,2011,1,0,0,0,0,2,2,65,1,5,2,1,0,0,1,12,1,1,4,6,1,0
42,420303,1,2,1,6,4,5,31,12,2,1,0,42,2,2,403,2403,14,1995,1J4FY19P4SP2,1,J,4,F,Y,1,9,P,4,S,P,2,0,T,JEEP,WSR,2W,95,17,,1,0,934,W/Y,G,,,4,150,,,,,2861,00,A,44,0,0,000000000,00000000000,0,0,0,1,0,0,0,0,0,0,0,999,0,0,0,12,12,6,2,12,0,0,0,1,42,15061,6,1,0,0,3,0,64,999,0,0,0,1,0,7,2008,7,2008,1,87,51,0,0,1,2,25,2,3,2,4,0,0,14,5,1,1,2,50,0,0
42,420303,2,2,3,6,4,5,31,12,2,1,0,42,2,49,45,49045,4,2001,JTDBT1237101,J,T,D,B,T,1,2,3,7,1,0,1,0,P,TOYT,ECH,4D,1,17,2030,,0,934,,G,,F,4,091,,,14R175,,,,,,0,0,000000000,00000000000,0,0,0,1,0,0,0,0,0,0,0,999,0,0,0,12,12,6,2,12,0,0,0,1,42,15061,6,1,0,0,3,0,63,999,0,2,0,1,0,9,2008,10,2010,0,0,0,0,0,1,2,25,3,3,2,4,0,0,14,62,1,1,1,51,1,0
42,420304,1,1,2,13,5,2,45,24,0,1,1,12,1,14,401,14401,14,2000,4M2DU66P7YUJ,4,M,2,D,U,6,6,P,7,Y,U,J,0,P,MERC,MOU,UT,0,17,3845,,0,1116,,G,,F,8,302,,,15R225,,,,,,0,0,000000000,00000000000,0,0,0,1,0,0,0,0,0,0,0,55,0,0,0,14,4,6,2,42,0,0,0,1,42,15681,6,1,0,0,3,3,71,999,0,0,0,0,0,0,0,0,0,1,51,89,0,0,1,2,35,1,5,2,2,0,0,1,12,2,4,4,7,1,1
42,420305,1,1,1,26,5,2,31,24,0,1,0,42,1,72,706,72706,80,1995,1HD1CAP16SY2,1,H,D,1,C,A,P,1,6,S,Y,2,0,M,HD,L12,RS,95,17,,,,,,,1200,,2,,4,470,,,,,,,0,0,000000000,00000000000,0,0,0,1,0,0,0,0,0,0,0,60,0,0,0,12,12,6,2,24,0,0,0,1,42,15701,1,1,5,0,2,0,68,999,1,2,0,0,1,6,2010,4,2011,1,51,37,58,0,1,2,55,2,4,2,1,0,0,14,12,7,1,4,6,1,1
42,420306,1,2,2,9,4,18,52,12,6,1,0,42,2,14,37,14037,4,2000,1MEFM6538YK6,1,M,E,F,M,6,5,3,8,Y,K,6,0,P,MERC,MSP,4D,0,17,2805,,0,1065,,G,,F,4,121,,,14R185,,,,,,0,0,000000000,00000000000,0,0,0,1,0,0,0,0,0,0,0,999,0,0,0,3,3,6,2,12,0,0,1,1,42,16148,6,1,0,0,3,3,64,999,0,0,0,0,0,0,0,0,0,1,51,0,0,0,1,2,45,3,1,2,1,0,0,14,6,99,4,2,64,2,0
42,420306,2,2,5,9,4,18,52,12,6,1,0,42,1,63,401,63401,14,2007,KNDJF7241773,K,N,D,J,F,7,2,4,1,7,7,3,0,P,KIA,SPO,UT,7,17,3230,,0,1035,,G,,F,4,122,,,16R215,,,,,,0,0,000000000,00000000000,0,0,0,1,0,0,0,0,0,0,0,999,0,0,0,12,12,6,2,12,0,0,0,1,42,16154,6,1,0,0,3,0,72,999,0,0,0,0,0,0,0,0,0,0,0,0,0,0,1,2,45,1,1,2,1,0,0,1,62,99,1,1,65,0,0
42,420307,1,1,2,31,5,16,21,1,0,1,0,42,2,12,401,12401,14,2003,1FMZU73K43ZA,1,F,M,Z,U,7,3,K,4,3,Z,A,0,P,FORD,EPR,UT,3,17,4094,,0,1137,,F,,F,6,245,,,16R235,,,,,,0,0,000000000,00000000000,0,0,0,1,0,0,0,0,0,0,0,55,0,2,1,0,0,6,2,1,0,0,0,1,42,15425,6,1,0,0,3,0,70,999,0,0,0,0,0,0,0,0,0,1,0,0,0,0,1,2,25,1,6,2,1,0,0,1,54,9,4,6,98,1,0
42,420308,1,1,1,7,5,20,0,35,0,1,0,42,1,12,402,12402,14,2005,1FMYU93195DA,1,F,M,Y,U,9,3,1,9,5,D,A,0,P,FORD,SPE,UT,5,17,3464,,0,1031,,G,,F,6,183,,,16R235,,,,,,0,0,000000000,00000000000,0,0,0,1,0,0,0,0,0,0,0,65,0,1,1,6,6,6,2,1,0,0,0,1,42,15317,6,1,0,0,3,0,71,999,1,0,0,0,0,11,2009,11,2009,1,0,0,0,0,1,2,45,3,6,2,1,0,0,14,6,1,4,4,7,1,0
42,420309,1,1,2,10,5,5,50,42,0,1,0,42,2,12,481,12481,31,1997,1FTDF1763VLA,1,F,T,D,F,1,7,6,3,V,L,A,0,T,FORD,F15,PK,97,17,,1,1390,1200,COF,G,,,8,281,,,,B,3850,01,E,42,0,0,000000000,00000000000,0,0,0,1,0,0,0,0,0,0,0,45,0,0,0,12,12,6,2,42,0,0,0,1,42,17331,6,1,0,0,3,1,70,999,0,0,0,0,1,4,2011,4,2011,1,0,0,0,0,1,2,35,1,1,2,1,0,0,1,12,1,1,4,6,1,1
42,420310,1,1,2,20,5,21,29,11,0,1,0,42,1,37,705,37705,80,1999,JH2RC4460XM1,J,H,2,R,C,4,4,6,0,X,M,1,0,M,HOND,V7D,RS,99,17,,,,,,,745,,2,,4,505,,,,,,,0,0,000000000,00000000000,0,0,0,1,0,0,0,0,0,0,0,40,0,0,0,12,12,4,3,11,0,0,0,1,42,16506,6,1,0,0,3,0,62,999,0,0,0,0,0,0,0,0,0,0,83,0,0,0,1,2,45,1,1,2,1,0,0,1,87,1,1,1,13,1,0
42,420311,1,1,1,15,5,7,1,24,0,1,0,42,2,7,24,7024,4,2007,2B3LK43G27H7,2,B,3,L,K,4,3,G,2,7,H,7,0,P,DODG,CTA,4D,7,17,3998,,0,1200,,G,,F,6,214,,,18R225,,,,,,0,0,000000000,00000000000,0,0,0,1,0,0,0,0,0,0,0,65,0,1,5,1,0,6,2,1,0,0,0,1,42,16317,1,7,0,0,2,3,63,999,0,6,0,0,0,6,2008,8,2010,1,0,0,0,0,1,2,55,3,6,2,2,0,0,14,11,1,1,4,1,1,1
42,420312,1,2,2,16,4,2,20,12,2,1,0,42,2,23,8,23008,6,2009,1GKEV13D59J1,1,G,K,E,V,1,3,D,5,9,J,1,0,T,GMC,SLA,4W,9,17,,2,0,1189,ACA,G,,,6,220,,,,B,4936,00,7,44,0,0,000000000,00000000000,0,0,0,1,0,0,0,0,0,0,0,999,0,0,0,12,12,6,2,12,0,0,0,1,42,16228,6,1,0,0,3,0,67,999,0,0,0,0,0,0,0,0,0,0,51,0,0,0,1,2,45,1,1,2,2,0,0,1,10,1,1,2,50,0,1
42,420312,2,2,2,16,4,2,20,12,2,1,0,42,1,20,401,20401,14,1994,1GNDT13W6R01,1,G,N,D,T,1,3,W,6,R,0,1,0,P,CHEV,S10,UT,94,17,3811,,0,1070,,G,,F,6,262,,,000000,,,,,,0,0,000000000,00000000000,0,0,0,1,0,0,0,0,0,0,0,999,2,0,0,12,12,6,2,2,0,0,1,1,42,15613,6,1,0,0,3,3,73,999,0,0,0,0,0,0,0,0,0,0,0,0,0,0,1,2,45,1,1,2,2,0,0,1,62,1,1,1,51,2,0
42,420313,1,2,1,5,4,7,30,12,2,1,0,42,1,55,35,55035,4,2006,KMHDN46D26U3,K,M,H,D,N,4,6,D,2,6,U,3,0,P,HYUN,GTL,4D,6,17,2784,,0,1027,,G,,F,4,121,,,15R195,,,,,,0,0,000000000,00000000000,0,0,0,1,0,0,0,0,0,0,0,50,0,0,0,12,12,6,2,12,0,0,0,1,42,19446,6,1,0,0,3,0,64,999,1,1,0,0,1,10,2008,5,2010,0,51,0,0,0,1,2,45,1,1,2,2,0,0,1,10,1,1,2,50,1,0
42,420313,2,2,1,5,4,7,30,12,2,1,0,42,1,20,401,20401,14,2000,1GNDT13WXYK2,1,G,N,D,T,1,3,W,X,Y,K,2,0,P,CHEV,BZR,UT,0,17,4049,,0,1070,,G,,F,6,262,,,15R205,,,,,,0,0,000000000,00000000000,0,0,0,1,0,0,0,0,0,0,0,40,0,0,0,12,12,6,2,12,0,0,0,1,42,19525,6,1,0,0,3,0,67,999,0,0,0,0,0,0,0,0,0,0,0,0,0,0,1,2,45,1,1,2,2,0,0,1,62,9,1,1,51,0,0
42,420314,1,1,2,15,5,19,52,24,0,1,0,42,1,35,48,35048,2,2006,JN1AZ34DX6M3,J,N,1,A,Z,3,4,D,X,6,M,3,0,P,NISS,3ZC,CP,6,17,3339,,0,1043,,G,,F,6,214,,,18R225,,,,,,0,0,000000000,00000000000,0,0,0,1,0,0,0,0,0,0,0,107,0,1,6,11,0,6,2,1,0,0,0,1,42,19460,6,1,0,0,3,0,72,999,0,1,0,2,0,8,2009,5,2010,1,0,0,0,0,3,2,55,3,1,2,1,0,0,14,11,99,1,4,1,1,1
42,420315,1,2,1,23,4,10,21,12,6,1,0,42,1,12,17,12017,4,2002,1FAFP53U82A1,1,F,A,F,P,5,3,U,8,2,A,1,0,P,FORD,TSE,4D,2,17,3355,,0,1085,,G,,F,6,182,,,16R215,,,,,,0,0,000000000,00000000000,0,0,0,1,0,0,0,0,0,0,0,999,0,0,0,9,9,6,2,12,0,0,0,1,42,19609,6,1,6,0,3,0,73,999,1,0,0,0,2,5,2008,6,2008,0,48,47,0,0,1,2,35,1,5,2,2,0,0,12,15,1,1,2,98,1,1
42,420315,2,2,1,23,4,10,21,12,6,1,0,42,1,20,403,20403,14,2005,1GNDT13S3521,1,G,N,D,T,1,3,S,3,5,2,1,0,P,CHEV,TRL,UT,5,17,4612,,0,1130,,G,,F,6,256,,,16R245,,,,,,0,0,000000000,00000000000,0,0,0,1,0,0,0,0,0,0,0,999,0,0,0,1,1,4,3,12,0,0,0,1,42,19605,6,1,6,0,3,0,72,999,0,0,0,2,2,8,2008,9,2010,0,0,0,0,0,1,2,35,1,5,2,2,0,0,1,61,8,1,1,98,0,0
42,420316,1,1,2,8,5,4,15,34,0,1,0,42,1,7,482,7482,32,1998,3B7HF12Y7WM2,3,B,7,H,F,1,2,Y,7,W,M,2,0,T,DODG,150,PC,98,17,,2,1547,1387,RPC,G,,,8,318,,,,B,4936,02,U,44,0,0,000000000,00000000000,0,0,0,1,0,0,0,0,0,0,0,999,0,1,5,1,0,6,2,1,0,0,0,1,42,16412,6,1,0,0,3,0,73,999,0,0,0,0,0,0,0,0,0,1,0,0,0,0,1,2,55,2,5,5,1,0,0,14,13,99,1,4,1,1,1
42,420317,1,1,1,13,5,21,26,38,0,1,0,42,1,48,401,48401,14,2003,JF1SG65683H7,J,F,1,S,G,6,5,6,8,3,H,7,0,P,SUBA,FOR,UT,3,17,3095,,0,994,,G,,F,4,150,,,16R215,,,,,,0,0,000000000,00000000000,0,0,0,1,0,0,0,0,0,0,0,55,0,1,6,1,0,6,2,1,0,0,0,1,24,21132,6,1,0,0,3,0,72,200,0,0,0,0,0,0,0,0,0,1,0,0,0,0,1,2,45,1,1,2,1,0,0,1,13,1,1,4,1,1,1
42,420318,1,2,1,26,4,16,28,12,6,1,0,42,1,20,20,20020,4,1992,2G1WN54T4N11,2,G,1,W,N,5,4,T,4,N,1,1,0,P,CHEV,EUR,4D,92,17,3256,,0,1075,,G,,F,6,191,,,15R205,,,,,,0,0,000000000,00000000000,0,0,0,1,0,0,0,0,0,0,0,999,0,0,0,11,11,6,2,12,0,0,0,1,42,17067,6,1,6,0,3,0,70,999,0,0,1,0,0,3,2011,3,2011,0,51,0,0,0,1,2,45,1,1,2,1,0,0,1,10,1,1,2,64,1,1
42,420318,2,2,1,26,4,16,28,12,6,1,0,42,3,82,884,82884,66,2000,1FUYSSZB5YLB,1,F,U,Y,S,S,Z,B,5,Y,L,B,1,T,FRHT,FC2,TR,0,17,,8,0,0,CON,D,,,6,774,,,,,00000,00,,64,1,57,00038104,5700038104,3,6,1,1,0,0,0,0,0,0,0,45,0,0,0,11,11,6,2,12,0,0,0,1,42,18088,6,1,6,1,3,0,72,999,0,0,0,0,0,0,0,0,0,0,0,0,0,0,1,2,45,1,1,2,1,0,0,1,62,9,1,1,65,0,0
42,420319,1,1,6,8,5,14,59,33,0,1,0,42,2,14,17,14017,4,1995,1MELM50U4SA6,1,M,E,L,M,5,0,U,4,S,A,6,0,P,MERC,SGS,4D,95,17,3144,,0,1060,,G,,F,6,182,,,15R205,,,,,,0,0,000000000,00000000000,0,0,0,1,0,0,0,0,0,0,0,45,0,0,0,1,1,6,2,30,0,0,0,1,42,18015,1,1,0,0,2,3,69,999,1,3,0,0,3,7,2008,2,2011,0,36,0,0,0,1,2,40,1,1,2,1,0,0,1,13,6,1,4,1,1,0
42,420320,1,1,1,1,5,12,41,35,0,1,0,42,1,72,706,72706,80,2005,1HD1BHY175Y0,1,H,D,1,B,H,Y,1,7,5,Y,0,0,M,HD,FXT,RS,5,17,,,,,,,1450,,2,,4,636,,,,,,,0,0,000000000,00000000000,0,0,0,1,0,0,0,0,0,0,0,999,0,0,0,10,0,6,2,1,0,0,0,1,42,19054,6,1,0,0,3,3,71,999,0,0,0,0,1,4,2009,4,2009,1,58,51,0,0,1,2,25,2,6,2,1,0,0,14,12,1,1,4,6,1,1
42,420321,1,1,3,16,5,20,10,42,0,1,0,42,2,32,43,32043,4,1996,WAUDA88DXTA0,W,A,U,D,A,8,8,D,X,T,A,0,0,P,AUDI,AA4,4D,96,17,2917,,0,1030,,G,,F,6,169,,,16R205,,,,,,0,0,000000000,00000000000,0,0,0,1,0,0,0,0,0,0,0,999,0,0,0,2,2,6,2,42,0,0,0,1,42,17366,1,1,0,0,2,0,66,999,0,6,0,1,3,4,2010,5,2011,1,58,0,0,0,1,2,40,3,6,2,2,0,0,14,6,9,2,4,2,2,0
42,420322,1,1,4,28,5,18,21,52,0,1,0,42,2,41,402,41402,14,2005,4F2YZ94195KM,4,F,2,Y,Z,9,4,1,9,5,K,M,0,P,MAZD,TRI,UT,5,17,3482,,0,1031,,G,,F,6,181,,,16R235,,,,,,0,0,000000000,00000000000,0,0,0,1,0,0,0,0,0,0,0,45,0,1,6,14,11,6,2,42,0,0,0,1,42,18013,6,1,6,0,3,0,70,999,0,0,0,0,0,0,0,0,0,0,51,0,0,0,1,2,55,1,6,2,1,0,0,1,10,1,1,4,6,1,0
42,420323,1,1,1,27,5,19,45,42,0,1,0,42,2,45,33,45033,1,1972,4722911532,4,7,2,2,9,1,1,5,3,2,,,0,P,PORS,914,RD,72,10,1973,,0,965,,G,,F,4,102,,,15R155,,,,,,0,0,000000000,00000000000,0,0,0,1,0,0,0,0,0,0,0,999,0,0,0,10,10,6,2,42,0,0,0,1,42,17758,6,1,0,0,3,0,71,999,0,0,0,0,0,0,0,0,0,1,0,0,0,0,1,2,55,3,1,2,1,0,0,14,12,9,1,4,6,1,0