STATE,ST_CASE,VEH_NO,VE_FORMS,NUMOCCS,DAY,MONTH,HOUR,MINUTE,HARM_EV,MAN_COLL,UNITTYPE,HIT_RUN,REG_STAT,OWNER,MAKE,MODEL,MAK_MOD,BODY_TYP,MOD_YEAR,VIN,VIN_1,VIN_2,VIN_3,VIN_4,VIN_5,VIN_6,VIN_7,VIN_8,VIN_9,VIN_10,VIN_11,VIN_12,TOW_VEH,VINTYPE,VINMAKE,VINA_MOD,VIN_BT,VINMODYR,VIN_LNGT,VIN_WGT,WGTCD_TR,WHLBS_LG,WHLBS_SH,SER_TR,FUELCODE,MCYCL_DS,CARBUR,CYLINDER,DISPLACE,MCYCL_CY,MCYCL_WT,TIRE_SZE,TON_RAT,TRK_WT,TRKWTVAR,VIN_REST,WHLDRWHL,J_KNIFE,MCARR_I1,MCARR_I2,MCARR_ID,GVWR,V_CONFIG,CARGO_BT,HAZ_INV,HAZ_PLAC,HAZ_ID,HAZ_CNO,HAZ_REL,BUS_USE,SPEC_USE,EMER_USE,TRAV_SP,UNDERIDE,ROLLOVER,ROLINLOC,IMPACT1,IMPACT2,DEFORMED,TOWED,M_HARM,VEH_SC1,VEH_SC2,FIRE_EXP,DR_PRES,L_STATE,DR_ZIP,L_STATUS,L_TYPE,CDL_STAT,L_ENDORS,L_COMPL,L_RESTRI,DR_HGT,DR_WGT,PREV_ACC,PREV_SUS,PREV_DWI,PREV_SPD,PREV_OTH,FIRST_MO,FIRST_YR,LAST_MO,LAST_YR,SPEEDREL,DR_SF1,DR_SF2,DR_SF3,DR_SF4,VTRAFWAY,VNUM_LAN,VSPD_LIM,VALIGN,VPROFILE,VPAVETYP,VSURCOND,VTRAFCON,VTCONT_F,P_CRASH1,P_CRASH2,P_CRASH3,PCRASH4,PCRASH5,ACC_TYPE,DEATHS,DR_DRINK
42,420324,1,1,1,27,5,6,36,30,0,1,0,42,1,9,37,9037,3,1993,4P3CF44EXPE0,4,P,3,C,F,4,4,E,X,P,E,0,0,P,PLYM,LRS,2H,93,17,2690,,0,972,,G,,F,4,122,,,16R205,,,,,,0,0,000000000,00000000000,0,0,0,1,0,0,0,0,0,0,0,60,0,0,0,8,8,6,2,30,0,0,0,1,42,18302,6,1,0,0,2,0,70,999,0,6,0,0,1,5,2009,9,2010,1,51,0,0,0,1,2,25,2,1,2,1,0,0,14,11,6,3,4,7,1,0
42,420325,1,2,1,25,4,12,47,12,6,1,0,42,2,35,443,35443,20,2004,5N1BV28UX4N3,5,N,1,B,V,2,8,U,X,4,N,3,0,P,NISS,QST,SV,4,17,3885,,0,1240,,G,,F,6,214,,,16R225,,,,,,0,0,000000000,00000000000,0,0,0,1,0,0,0,0,0,0,0,15,0,0,0,2,2,4,3,12,0,0,0,1,42,18045,6,1,0,0,3,0,67,999,0,0,0,0,1,6,2008,6,2008,0,0,0,0,0,1,4,35,1,1,2,1,0,0,11,15,1,1,2,68,0,0
42,420325,2,2,1,25,4,12,47,12,6,1,0,42,1,37,705,37705,80,2008,JH2PC40048M1,J,H,2,P,C,4,0,0,4,8,M,1,0,M,HOND,B60,RC,8,17,,,,,,,599,,4,,4,410,,,,,,,0,0,000000000,00000000000,0,0,0,1,0,0,0,0,0,0,0,999,0,0,0,12,12,6,2,12,0,0,0,1,42,18064,6,1,0,0,3,0,71,999,0,0,0,1,0,6,2009,6,2009,1,8,35,36,0,1,4,35,1,1,2,1,0,0,6,62,3,2,1,69,1,0
42,420326,1,2,1,18,4,7,56,12,6,1,0,42,3,84,981,84981,50,2000,1HVBJABN8YA9,1,H,V,B,J,A,B,N,8,Y,A,9,0,T,INTL,300,BU,0,17,,7,0,0,30S,D,,,8,444,,,,,00000,00,,42,0,88,888888888,88888888888,3,21,22,1,0,0,0,0,1,0,0,999,0,0,0,1,1,6,2,12,0,0,0,1,42,18080,6,1,6,1,3,0,65,999,1,0,0,0,0,2,2009,2,2009,0,51,0,0,0,1,2,45,1,1,2,1,0,0,1,10,1,1,2,64,1,0
42,420326,2,2,1,18,4,7,56,12,6,1,0,42,3,12,17,12017,4,2011,1FAHP2DW9BG1,1,F,A,H,P,2,D,W,9,B,G,1,0,P,FORD,TSE,4D,11,17,4015,,0,0,,G,,F,6,214,,,17R235,,,,,,0,0,000000000,00000000000,0,0,0,1,0,0,0,0,0,0,0,35,0,0,0,2,2,6,2,12,0,0,0,1,42,18031,6,1,5,0,3,3,68,999,0,1,0,0,2,1,2009,4,2009,0,0,0,0,0,1,2,45,1,1,2,1,0,0,1,62,6,1,1,65,0,0
42,420327,1,2,1,28,4,13,3,12,1,1,0,42,1,48,34,48034,4,2000,4S3BE6352Y72,4,S,3,B,E,6,3,5,2,Y,7,2,0,P,SUBA,ULW,4D,0,17,3245,,0,1043,,G,,F,4,153,,,15R205,,,,,,0,0,000000000,00000000000,0,0,0,1,0,0,0,0,0,0,0,999,0,0,0,12,12,6,2,12,0,0,0,1,42,19440,6,1,5,0,3,0,65,999,0,0,0,0,0,0,0,0,0,1,26,0,0,0,5,2,55,1,1,2,2,0,0,1,51,6,1,1,24,0,0
42,420327,2,2,2,28,4,13,3,12,1,1,0,42,1,24,401,24401,14,2005,5GZCZ63455S8,5,G,Z,C,Z,6,3,4,5,5,S,8,0,P,STRN,VUE,UT,5,17,3631,,0,1066,,G,,F,6,214,,,17R235,,,,,,0,0,000000000,00000000000,0,0,0,1,0,0,0,0,0,0,0,999,0,0,0,6,12,6,2,32,0,0,0,1,42,19530,6,1,6,0,3,0,66,999,0,0,0,0,0,0,0,0,0,0,0,0,0,0,5,2,55,1,1,2,2,0,0,1,53,1,1,1,25,2,0
42,420328,1,1,1,21,5,19,55,35,0,1,0,42,1,35,47,35047,4,2006,1N4AL11EX6C1,1,N,4,A,L,1,1,E,X,6,C,1,0,P,NISS,ASL,4D,6,17,2915,,0,1102,,G,,F,4,153,,,16R215,,,,,,0,0,000000000,00000000000,0,0,0,1,0,0,0,0,0,0,0,40,0,1,1,1,0,6,2,1,0,0,0,1,42,17046,6,1,0,0,3,3,71,999,0,0,0,1,0,7,2010,7,2010,1,58,0,0,0,1,2,35,2,6,2,2,0,0,14,13,99,3,4,2,1,0
42,420329,1,1,1,12,5,20,13,34,0,1,0,42,1,72,706,72706,80,2006,1HD1BWB196Y0,1,H,D,1,B,W,B,1,9,6,Y,0,0,M,HD,FSI,RS,6,17,,,,,,,1450,,2,,4,719,,,,,,,0,0,000000000,00000000000,0,0,0,1,0,0,0,0,0,0,0,60,0,0,0,12,12,6,2,1,0,0,0,1,42,17372,6,1,0,0,3,1,66,999,0,0,0,0,0,0,0,0,0,1,0,0,0,0,1,2,40,3,1,2,1,0,0,14,13,6,1,4,1,1,1
42,420330,1,1,2,13,5,1,35,52,0,1,0,42,2,35,39,35039,4,1997,JN1CA21D5VT8,J,N,1,C,A,2,1,D,5,V,T,8,0,P,NISS,MGS,4D,97,17,2886,,0,1063,,G,,F,6,182,,,15R205,,,,,,0,0,000000000,00000000000,0,0,0,1,0,0,0,0,0,0,0,999,0,0,0,8,8,6,2,52,0,0,0,1,42,18407,6,1,0,0,3,0,73,999,0,1,0,0,1,8,2010,10,2010,1,58,0,0,0,3,2,65,2,1,1,1,0,0,14,10,7,3,4,7,2,1
42,420331,1,2,1,9,4,13,24,12,6,1,0,42,1,20,2,20002,4,2003,2G1WF52E2393,2,G,1,W,F,5,2,E,2,3,9,3,0,P,CHEV,IMP,4D,3,17,3389,,0,1105,,G,,F,6,207,,,16R225,,,,,,0,0,000000000,00000000000,0,0,0,1,0,0,0,0,0,0,0,19,0,0,0,11,11,4,3,12,0,0,0,1,42,17603,6,1,0,0,3,1,65,999,0,0,0,0,0,0,0,0,0,0,48,0,0,0,1,2,35,1,1,2,1,3,3,11,15,1,1,2,68,0,0
42,420331,2,2,1,9,4,13,24,12,6,1,0,42,1,72,706,72706,80,2000,1HD1CAP13YK1,1,H,D,1,C,A,P,1,3,Y,K,1,0,M,HD,L12,RS,0,17,,,,,,,1200,,2,,4,491,,,,,,,0,0,000000000,00000000000,0,0,0,1,0,0,0,0,0,0,0,18,0,0,0,11,11,6,2,12,0,0,0,1,42,17603,6,1,0,0,3,0,71,999,0,0,0,1,0,4,2010,4,2010,0,0,0,0,0,1,2,35,1,1,2,1,3,3,1,62,1,1,1,69,1,0
42,420332,1,2,1,1,4,16,56,12,6,1,0,92,0,76,739,76739,90,9999,JYA3SPW00LA0,J,Y,A,3,S,P,W,0,0,L,A,0,0,M,YAMA,Y25,MX,90,17,,,,,,,246,,1,,2,214,,,,,,,0,0,000000000,00000000000,0,0,0,1,0,0,0,0,0,0,0,999,0,0,0,12,12,6,2,12,0,0,0,1,42,18518,6,1,0,0,3,0,72,999,0,0,0,0,0,0,0,0,0,0,52,36,0,0,0,0,0,0,0,0,0,0,0,1,98,99,1,7,88,1,0
42,420332,2,2,1,1,4,16,56,12,6,1,0,42,1,20,481,20481,31,1985,2GCEC24H0F11,2,G,C,E,C,2,4,H,0,F,1,1,0,T,CHEV,C20,PK,85,17,,2,1645,1315,C20,G,,,8,305,,,,C,3476,17,,42,0,0,000000000,00000000000,0,0,0,1,0,0,0,0,0,0,0,999,0,0,0,10,10,2,3,12,0,0,0,1,42,18407,6,1,0,0,3,0,69,999,1,0,0,0,0,7,2008,7,2008,0,0,0,0,0,1,2,25,1,6,2,2,0,0,1,71,9,2,1,89,0,0
42,420333,1,1,2,14,5,22,40,43,0,1,0,36,2,12,402,12402,14,2010,1FMCU9D75AKD,1,F,M,C,U,9,D,7,5,A,K,D,0,P,FORD,SPE,UT,10,17,3504,,0,1031,,G,,F,4,153,,,16R235,,,,,,0,0,000000000,00000000000,0,0,0,1,0,0,0,0,0,0,0,45,0,0,0,12,12,6,2,42,0,0,0,1,36,10915,6,1,0,0,3,0,69,999,0,0,0,0,0,0,0,0,0,1,51,0,0,0,1,2,35,1,1,2,1,0,0,1,12,1,1,4,6,1,0
42,420334,1,2,2,9,4,11,18,12,6,1,0,42,1,2,405,2405,14,2006,1J4GL48K26W2,1,J,4,G,L,4,8,K,2,6,W,2,0,T,JEEP,SPR,4W,6,17,,1,0,1043,LIB,G,,,6,226,,,,,3857,00,E,44,0,0,000000000,00000000000,0,0,0,1,0,0,0,0,0,0,0,15,0,0,0,5,5,6,2,12,0,0,0,1,42,19475,6,1,0,0,3,0,64,999,0,0,0,0,0,0,0,0,0,0,48,0,0,0,1,2,45,1,3,2,1,0,0,11,15,1,1,2,68,0,0
42,420334,2,2,1,9,4,11,18,12,6,1,0,42,1,72,706,72706,80,2002,1HD1GEV182Y3,1,H,D,1,G,E,V,1,8,2,Y,3,0,M,HD,FWG,RS,2,17,,,,,,,1450,,2,,4,614,,,,,,,0,0,000000000,00000000000,0,0,0,1,0,0,0,0,0,0,0,71,0,0,0,12,12,6,2,12,0,0,0,1,42,19468,3,7,0,0,2,0,68,999,0,2,0,0,1,9,2010,1,2011,1,0,0,0,0,1,2,45,1,3,2,1,0,0,1,62,99,1,1,69,1,0
42,420335,1,2,1,20,4,16,40,12,6,1,1,42,2,20,2,20002,4,2004,2G1WF52E3492,2,G,1,W,F,5,2,E,3,4,9,2,0,P,CHEV,IMP,4D,4,17,3389,,0,1105,,G,,F,6,207,,,16R225,,,,,,0,0,000000000,00000000000,0,0,0,1,0,0,0,0,0,0,0,999,0,0,0,12,12,6,2,12,0,0,0,1,42,17104,0,0,0,0,0,0,72,999,0,0,0,0,1,2,2011,2,2011,1,39,0,0,0,1,2,25,1,6,2,1,3,3,1,17,1,1,1,88,0,0
42,420335,2,2,1,20,4,16,40,12,6,1,0,42,1,49,40,49040,4,1999,JT2BF28KXX01,J,T,2,B,F,2,8,K,X,X,0,1,0,P,TOYT,XLL,4D,99,17,3175,,0,1051,,G,,F,6,183,,,15R205,,,,,,0,0,000000000,00000000000,0,0,0,1,0,0,0,0,0,0,0,999,0,0,0,9,9,6,2,12,0,0,0,1,42,19027,6,1,0,0,3,0,76,999,0,0,0,0,0,0,0,0,0,0,0,0,0,0,1,5,35,1,1,1,1,3,3,1,66,1,1,1,89,1,0
42,420336,1,1,1,22,5,1,10,1,0,1,0,42,2,72,706,72706,80,2003,1HD4CJM153K4,1,H,D,4,C,J,M,1,5,3,K,4,0,M,HD,L8C,RS,3,17,,,,,,,883,,2,,4,486,,,,,,,0,0,000000000,00000000000,0,0,0,1,0,0,0,0,0,0,0,60,0,0,0,0,13,6,2,24,0,0,0,1,42,17037,6,7,0,0,3,2,65,999,0,0,0,0,0,0,0,0,0,1,52,51,73,0,1,2,45,2,6,2,1,0,0,14,10,3,2,4,98,1,1
42,420337,1,1,1,29,5,20,31,1,0,1,0,42,2,76,705,76705,80,2007,JYARJ12E57A0,J,Y,A,R,J,1,2,E,5,7,A,0,0,M,YAMA,R6L,RC,7,17,,,,,,,599,,4,,4,357,,,,,,,0,0,000000000,00000000000,0,0,0,1,0,0,0,0,0,0,0,55,0,0,0,0,0,4,3,1,0,0,0,1,42,18201,6,1,0,0,2,0,69,999,0,0,0,0,0,0,0,0,0,1,37,51,0,0,1,2,25,3,6,2,1,0,0,14,10,3,2,1,98,1,0
42,420338,1,1,1,28,5,4,55,8,0,1,0,42,1,7,442,7442,20,2007,2D4GP44L97R2,2,D,4,G,P,4,4,L,9,7,R,2,0,T,DODG,GSX,ES,7,17,,1,0,1193,CAR,G,,,6,232,,,,,4252,00,E,42,0,0,000000000,00000000000,0,0,0,1,0,0,0,0,0,0,0,60,0,0,0,1,1,4,3,8,0,0,0,1,42,18235,6,1,0,0,3,1,68,999,0,0,0,0,0,0,0,0,0,0,0,0,0,0,3,2,55,1,1,2,2,0,0,1,80,1,1,1,13,0,0
42,420339,1,1,1,17,5,22,45,53,0,1,0,42,1,53,706,53706,80,2002,JS1GT74A2221,J,S,1,G,T,7,4,A,2,2,2,1,0,M,SUZI,XR1,RC,2,17,,,,,,,988,,4,,4,374,,,,,,,0,0,000000000,00000000000,0,0,0,1,0,0,0,0,0,0,0,90,0,0,0,1,11,6,2,30,0,0,0,1,42,17360,6,1,0,0,3,3,68,999,2,0,0,0,1,8,2009,3,2011,1,37,58,0,0,1,2,40,3,1,2,2,0,0,14,13,99,1,4,1,1,0
42,420340,1,1,3,7,5,2,15,42,0,1,0,42,1,35,43,35043,4,2002,3N1AB51A62L7,3,N,1,A,B,5,1,A,6,2,L,7,0,P,NISS,SSR,4D,2,17,2652,,0,998,,G,,F,4,153,,,16R195,,,,,,0,0,000000000,00000000000,0,0,0,1,0,0,0,0,0,0,0,999,0,0,0,11,11,6,2,42,0,0,0,1,42,17222,6,1,0,0,3,0,68,999,0,0,0,0,0,0,0,0,0,1,51,0,0,0,1,2,35,2,1,2,1,0,0,14,12,1,1,4,6,2,1
42,420341,1,1,1,6,5,21,20,34,0,1,0,42,1,50,705,50705,80,1970,KD59941TR6C,K,D,5,9,9,4,1,T,R,6,C,,0,M,TRUM,,,70,11,,,,,,,,,,,,,,,,,,,0,0,000000000,00000000000,0,0,0,1,0,0,0,0,0,0,0,999,0,0,0,14,0,4,3,1,0,0,0,1,42,19534,6,1,0,0,3,0,67,999,0,1,1,0,0,8,2008,7,2009,0,0,0,0,0,1,2,35,3,5,2,1,0,0,14,13,1,1,4,1,1,1
42,420342,1,1,2,11,5,1,30,42,0,1,1,42,1,12,481,12481,31,2002,1FTRX18L32NA,1,F,T,R,X,1,8,L,3,2,N,A,0,T,FORD,F15,4C,2,17,,2,1574,1388,COF,G,,,8,330,,,,B,4639,05,U,44,0,0,000000000,00000000000,0,0,0,1,0,0,0,0,0,0,0,55,0,0,0,4,4,4,3,42,0,0,0,1,42,16125,6,1,0,0,3,0,66,999,0,0,0,0,0,0,0,0,0,0,36,0,0,0,1,2,55,1,1,2,1,0,0,1,13,99,1,4,1,1,1
42,420343,1,2,2,14,4,18,46,12,6,1,0,42,2,20,2,20002,4,2004,2G1WF52E6493,2,G,1,W,F,5,2,E,6,4,9,3,0,P,CHEV,IMP,4D,4,17,3389,,0,1105,,G,,F,6,207,,,16R225,,,,,,0,0,000000000,00000000000,0,0,0,1,0,0,0,0,0,0,0,999,0,0,0,2,2,4,3,12,0,0,0,1,42,19057,6,1,0,0,3,1,65,999,0,0,0,0,0,0,0,0,0,0,48,0,0,0,1,2,35,1,1,2,1,0,0,11,15,1,1,2,68,0,0
42,420343,2,2,1,14,4,18,46,12,6,1,0,42,1,72,706,72706,80,1993,1HD4CAM12PY2,1,H,D,4,C,A,M,1,2,P,Y,2,0,M,HD,XL8,RS,93,17,,,,,,,883,,2,,4,465,,,,,,,0,0,000000000,00000000000,0,0,0,1,0,0,0,0,0,0,0,999,0,0,0,12,12,6,2,12,0,0,0,1,42,19055,6,7,0,0,3,0,72,999,1,1,0,0,0,3,2009,8,2009,0,0,0,0,0,1,2,35,1,1,2,1,0,0,1,62,3,2,1,69,1,0
42,420344,1,2,1,5,4,7,5,12,2,1,0,42,2,12,401,12401,14,1994,1FMDU34X4RUC,1,F,M,D,U,3,4,X,4,R,U,C,0,P,FORD,EPR,UT,94,17,4053,,0,1120,,G,,F,6,245,,,15R225,,,,,,0,0,000000000,00000000000,0,0,0,1,0,0,0,0,0,0,0,999,0,0,0,12,12,6,2,12,0,0,0,1,42,17527,6,1,0,0,3,3,69,999,0,0,0,1,2,8,2009,1,2010,0,51,0,0,0,1,2,25,2,1,2,2,0,0,14,10,1,1,2,50,1,0
42,420344,2,2,2,5,4,7,5,12,2,1,0,42,1,6,441,6441,20,2008,2A8HR44H38R6,2,A,8,H,R,4,4,H,3,8,R,6,0,T,CHRY,TLX,ES,8,17,,2,0,1212,TWC,F,,,6,201,,,,,4335,00,,42,0,0,000000000,00000000000,0,0,0,1,0,0,0,0,0,0,0,999,0,0,0,12,12,6,2,12,0,0,0,1,42,17572,6,1,0,0,3,0,62,999,0,0,0,0,0,0,0,0,0,0,0,0,0,0,1,2,25,3,1,2,2,0,0,14,62,9,1,1,51,0,0
42,420345,1,1,2,21,5,17,36,33,0,1,0,42,1,35,48,35048,2,2003,JN1AZ34D63T1,J,N,1,A,Z,3,4,D,6,3,T,1,0,P,NISS,3ZC,CP,3,17,3062,,0,1083,,G,,F,6,214,,,17R225,,,,,,0,0,000000000,00000000000,0,0,0,1,0,0,0,0,0,0,0,100,0,1,6,14,0,6,2,1,0,0,0,1,42,19083,6,1,0,0,3,0,68,999,0,0,0,0,0,0,0,0,0,1,35,0,0,0,5,2,45,1,1,2,1,0,0,15,6,99,2,4,2,1,0
42,420346,1,2,1,30,4,21,26,12,6,1,0,42,2,30,42,30042,1,1996,WVWBB81E4TK0,W,V,W,B,B,8,1,E,4,T,K,0,0,P,VOLK,CBO,CV,96,17,2617,,0,974,,G,,F,4,121,,,14R195,,,,,,0,0,000000000,00000000000,0,0,0,1,0,0,0,0,0,0,0,12,0,0,0,10,10,6,2,12,0,0,0,1,42,17362,6,2,0,0,3,0,63,999,0,0,0,0,0,0,0,0,0,0,38,53,0,0,1,2,40,1,1,2,1,20,3,4,17,10,1,1,89,0,0
42,420346,2,2,1,30,4,21,26,12,6,1,0,30,1,72,706,72706,80,2008,1HD1JM5488Y0,1,H,D,1,J,M,5,4,8,8,Y,0,0,M,HD,LTB,RS,8,17,,,,,,,1584,,2,,4,737,,,,,,,0,0,000000000,00000000000,0,0,0,1,0,0,0,0,0,0,0,43,0,0,0,12,12,6,2,12,0,0,0,1,30,59936,6,1,0,0,3,0,69,170,98,0,0,0,0,0,0,0,0,0,0,0,0,0,1,2,45,1,3,2,1,0,0,1,66,4,1,1,88,1,1
42,420347,1,2,1,9,4,18,39,12,6,1,0,92,0,98,709,98709,83,9999,000000000000,0,0,0,0,0,0,0,0,0,0,0,0,0,,,,,,,,,,,,,,,,,,,,,,,,,0,0,000000000,00000000000,0,0,0,1,0,0,0,0,0,0,0,999,0,0,0,12,12,9,1,12,0,0,0,1,42,19124,6,1,0,0,2,0,65,999,0,0,0,0,1,2,2011,2,2011,1,0,0,0,0,1,2,25,1,1,2,1,0,0,1,51,99,1,1,73,1,0
42,420347,2,2,1,9,4,18,39,12,6,1,1,42,9,20,499,20499,39,9999,999999999999,9,9,9,9,9,9,9,9,9,9,9,9,0,,,,,,,,,,,,,,,,,,,,,,,,,0,0,000000000,00000000000,0,0,0,1,0,0,0,0,0,0,0,999,0,0,0,9,9,9,1,12,0,0,0,1,99,99999,9,9,99,0,9,9,999,999,99,99,99,99,99,99,9999,99,9999,0,48,0,0,0,1,2,25,1,1,2,1,0,0,11,53,99,1,1,72,0,0
42,420348,1,1,1,30,5,17,29,35,0,1,0,54,2,12,17,12017,4,2003,1FAHP55S93G1,1,F,A,H,P,5,5,S,9,3,G,1,0,P,FORD,TSS,4D,3,17,3329,,0,1085,,G,,F,6,182,,,16R215,,,,,,0,0,000000000,00000000000,0,0,0,1,0,0,0,0,0,0,0,85,0,1,5,14,0,6,2,1,0,0,0,1,54,26201,0,0,0,0,0,0,68,175,0,0,0,0,0,0,0,0,0,1,0,0,0,0,2,2,65,1,1,2,1,0,0,1,12,9,3,4,2,1,1
42,420349,1,2,2,24,4,15,12,12,6,1,0,42,1,2,404,2404,14,2000,1J4GW48S4YC2,1,J,4,G,W,4,8,S,4,Y,C,2,0,T,JEEP,LRO,4W,0,17,,1,0,1059,GCK,G,,,6,244,,,,,3847,01,E,44,0,0,000000000,00000000000,0,0,0,1,0,0,0,0,0,0,0,30,0,0,0,11,11,6,2,12,0,0,0,1,42,19132,6,1,0,0,3,0,66,999,1,0,0,0,0,10,2008,10,2008,0,39,0,0,0,1,2,25,1,5,2,1,3,3,1,17,1,1,1,86,1,0
42,420349,2,2,2,24,4,15,12,12,6,1,0,42,1,18,5,18005,2,1996,1G4GD221XT47,1,G,4,G,D,2,2,1,X,T,4,7,0,P,BUIC,RIV,CP,96,17,3690,,0,1138,,G,,Z,6,231,,,16R225,,,,,,0,0,000000000,00000000000,0,0,0,1,0,0,0,0,0,0,0,999,0,0,0,2,2,6,2,12,0,0,0,1,42,19038,6,1,0,0,3,0,65,999,0,0,0,0,1,4,2009,4,2009,0,0,0,0,0,1,2,25,1,5,2,1,3,3,1,66,99,1,1,87,0,0
42,420350,1,3,1,2,4,1,20,12,2,1,0,42,1,2,403,2403,14,2001,1J4FA49S11P3,1,J,4,F,A,4,9,S,1,1,P,3,0,T,JEEP,SPW,2W,1,17,,1,0,934,W/T,G,,,6,244,,,,,3207,00,E,44,0,0,000000000,00000000000,0,0,0,1,0,0,0,0,0,0,0,80,0,0,0,12,12,6,2,12,0,0,0,1,42,17307,6,1,0,0,3,3,72,999,0,0,0,0,0,0,0,0,0,1,51,0,0,0,2,2,65,1,1,1,1,0,0,1,54,1,1,1,52,1,1
42,420350,2,3,1,2,4,1,20,12,2,1,0,42,1,55,35,55035,4,2009,KMHDU46D39U6,K,M,H,D,U,4,6,D,3,9,U,6,0,P,HYUN,HEL,4D,9,17,2723,,0,1043,,G,,F,4,121,,,15R195,,,,,,0,0,000000000,00000000000,0,0,0,1,0,0,0,0,0,0,0,999,0,0,0,12,12,6,2,12,0,0,0,1,42,17201,6,1,0,0,3,3,76,999,0,0,0,0,0,0,0,0,0,0,0,0,0,0,2,2,65,1,1,1,1,0,0,1,54,1,1,1,52,1,1
42,420350,3,3,2,2,4,1,20,12,2,1,0,37,2,87,881,87881,66,2000,1XP5D69XXYN5,1,X,P,5,D,6,9,X,X,Y,N,5,1,T,PTRB,379,TR,0,17,,8,0,0,CON,D,,,6,855,,,,,00000,00,,64,1,88,888888888,88888888888,3,6,3,1,0,0,0,0,0,0,0,65,0,0,0,12,12,4,1,12,0,0,0,1,37,28645,6,1,6,0,3,0,70,999,0,0,0,0,0,0,0,0,0,0,0,0,0,0,2,2,65,1,1,1,1,0,0,1,62,1,1,1,98,0,0
42,420351,1,1,1,2,5,14,53,34,0,1,0,42,1,35,401,35401,14,1989,JN8HD16Y4KW1,J,N,8,H,D,1,6,Y,4,K,W,1,0,P,NISS,PFI,UT,89,17,3617,,0,1043,,G,,F,6,181,,,000000,,,,,,0,0,000000000,00000000000,0,0,0,1,0,0,0,0,0,0,0,999,0,1,2,1,0,6,2,1,0,0,0,1,42,18470,6,1,0,0,3,0,62,999,0,0,0,0,0,0,0,0,0,0,99,99,99,99,2,2,65,3,1,1,1,0,0,14,12,1,1,4,6,1,0
42,420352,1,2,2,10,5,19,30,12,9,1,0,42,1,49,442,49442,20,2003,4T3ZF13C93U5,4,T,3,Z,F,1,3,C,9,3,U,5,0,P,TOYT,SIE,SV,3,17,3932,,0,1142,,G,,F,6,183,,,15R215,,,,,,0,0,000000000,00000000000,0,0,0,1,0,0,0,0,0,0,0,999,0,0,0,10,10,6,2,12,0,0,0,1,42,16101,6,1,0,0,3,1,70,999,0,0,0,0,0,0,0,0,0,0,38,0,0,0,1,2,55,1,1,2,1,20,3,4,17,7,1,1,89,0,0
42,420352,2,2,1,10,5,19,30,12,9,1,0,42,2,76,705,76705,80,2000,JYA5AHE07YA0,J,Y,A,5,A,H,E,0,7,Y,A,0,0,M,YAMA,YZF,RC,0,17,,,,,,,599,,4,,4,416,,,,,,,0,0,000000000,00000000000,0,0,0,1,0,0,0,0,0,0,0,999,0,0,0,6,6,6,2,12,0,0,0,1,42,15042,6,7,0,0,3,0,69,999,0,0,0,0,0,0,0,0,0,1,0,0,0,0,1,2,55,1,1,2,1,0,0,1,66,8,4,1,88,1,0
42,420353,1,1,1,1,5,18,43,30,0,1,0,92,0,73,739,73739,90,9999,000000000000,0,0,0,0,0,0,0,0,0,0,0,0,0,,,,,,,,,,,,,,,,,,,,,,,,,0,0,000000000,00000000000,0,0,0,1,0,0,0,0,0,0,0,45,0,0,0,1,1,6,2,30,0,0,0,1,42,18239,6,1,6,0,1,0,69,999,0,0,0,0,0,0,0,0,0,1,0,0,0,0,1,2,25,3,1,2,1,0,0,14,13,99,1,4,1,1,1
42,420354,1,1,1,6,5,22,45,30,0,1,0,42,2,37,705,37705,80,2006,JH2PC37046M3,J,H,2,P,C,3,7,0,4,6,M,3,0,M,HOND,B60,RC,6,17,,,,,,,599,,4,,4,361,,,,,,,0,0,000000000,00000000000,0,0,0,1,0,0,0,0,0,0,0,999,0,0,0,11,11,6,2,30,0,0,0,1,42,19020,6,7,0,0,3,0,70,999,0,0,0,0,0,0,0,0,0,1,51,52,0,0,1,2,35,1,6,2,1,0,0,1,12,1,1,4,6,1,0
42,420355,1,1,1,12,5,18,35,1,0,1,0,42,1,73,703,73703,80,2007,JKAEXMF137DA,J,K,A,E,X,M,F,1,3,7,D,A,0,M,KAWK,EXF,RC,7,17,,,,,,,248,,2,,4,304,,,,,,,0,0,000000000,00000000000,0,0,0,1,0,0,0,0,0,0,0,55,0,0,0,0,0,6,2,1,0,0,0,1,42,17033,6,1,0,0,3,0,65,999,0,0,0,0,1,2,2011,2,2011,1,27,0,0,0,2,2,55,1,1,2,1,0,0,15,13,99,1,4,1,1,1
42,420356,1,2,2,24,5,12,15,12,6,1,0,42,2,18,7,18007,4,2003,2G4WS52J3312,2,G,4,W,S,5,2,J,3,3,1,2,0,P,BUIC,CCU,4D,3,17,3368,,0,1090,,G,,F,6,191,,,15R205,,,,,,0,0,000000000,00000000000,0,0,0,1,0,0,0,0,0,0,0,5,0,0,0,11,11,2,3,12,0,0,0,1,42,15370,6,1,0,0,3,1,68,999,0,0,0,0,0,0,0,0,0,0,38,0,0,0,1,2,25,1,1,2,1,20,3,11,15,1,1,1,82,1,0
42,420356,2,2,1,24,5,12,15,12,6,1,0,42,1,53,706,53706,80,2008,JS1VY53A3821,J,S,1,V,Y,5,3,A,3,8,2,1,0,M,SUZI,ZR8,RS,8,17,,,,,,,1783,,2,,4,703,,,,,,,0,0,000000000,00000000000,0,0,0,1,0,0,0,0,0,0,0,40,0,0,0,12,12,6,2,12,0,0,0,1,42,15320,6,1,6,0,3,0,70,999,0,0,0,0,0,0,0,0,0,0,0,0,0,0,2,2,45,1,1,1,1,0,0,1,67,3,2,1,83,0,0