STATE,ST_CASE,VEH_NO,VE_FORMS,NUMOCCS,DAY,MONTH,HOUR,MINUTE,HARM_EV,MAN_COLL,UNITTYPE,HIT_RUN,REG_STAT,OWNER,MAKE,MODEL,MAK_MOD,BODY_TYP,MOD_YEAR,VIN,VIN_1,VIN_2,VIN_3,VIN_4,VIN_5,VIN_6,VIN_7,VIN_8,VIN_9,VIN_10,VIN_11,VIN_12,TOW_VEH,VINTYPE,VINMAKE,VINA_MOD,VIN_BT,VINMODYR,VIN_LNGT,VIN_WGT,WGTCD_TR,WHLBS_LG,WHLBS_SH,SER_TR,FUELCODE,MCYCL_DS,CARBUR,CYLINDER,DISPLACE,MCYCL_CY,MCYCL_WT,TIRE_SZE,TON_RAT,TRK_WT,TRKWTVAR,VIN_REST,WHLDRWHL,J_KNIFE,MCARR_I1,MCARR_I2,MCARR_ID,GVWR,V_CONFIG,CARGO_BT,HAZ_INV,HAZ_PLAC,HAZ_ID,HAZ_CNO,HAZ_REL,BUS_USE,SPEC_USE,EMER_USE,TRAV_SP,UNDERIDE,ROLLOVER,ROLINLOC,IMPACT1,IMPACT2,DEFORMED,TOWED,M_HARM,VEH_SC1,VEH_SC2,FIRE_EXP,DR_PRES,L_STATE,DR_ZIP,L_STATUS,L_TYPE,CDL_STAT,L_ENDORS,L_COMPL,L_RESTRI,DR_HGT,DR_WGT,PREV_ACC,PREV_SUS,PREV_DWI,PREV_SPD,PREV_OTH,FIRST_MO,FIRST_YR,LAST_MO,LAST_YR,SPEEDREL,DR_SF1,DR_SF2,DR_SF3,DR_SF4,VTRAFWAY,VNUM_LAN,VSPD_LIM,VALIGN,VPROFILE,VPAVETYP,VSURCOND,VTRAFCON,VTCONT_F,P_CRASH1,P_CRASH2,P_CRASH3,PCRASH4,PCRASH5,ACC_TYPE,DEATHS,DR_DRINK
42,420388,2,2,2,5,5,14,30,30,0,1,0,42,1,53,705,53705,80,2007,JS1GN7DA9721,J,S,1,G,N,7,D,A,9,7,2,1,0,M,SUZI,G60,RC,7,17,,,,,,,599,,4,,4,354,,,,,,,0,0,000000000,00000000000,0,0,0,1,0,0,0,0,0,0,0,45,0,0,0,98,0,4,3,1,0,0,0,1,42,15145,6,1,0,0,3,0,68,999,0,0,0,0,0,0,0,0,0,0,0,0,0,0,1,2,45,3,5,2,1,0,0,14,98,99,9,1,98,0,0
42,420389,1,1,1,2,5,19,30,23,0,1,0,42,1,41,50,41050,5,2005,1YVHP84D455M,1,Y,V,H,P,8,4,D,4,5,5,M,0,P,MAZD,M6S,4H,5,17,3395,,0,1053,,G,,F,6,181,,,17R215,,,,,,0,0,000000000,00000000000,0,0,0,1,0,0,0,0,0,0,0,999,0,1,6,7,0,6,2,1,0,0,0,1,42,17602,6,1,0,0,3,0,67,999,0,0,0,1,0,3,2011,3,2011,1,51,0,0,0,1,2,40,2,5,2,1,0,0,14,6,3,2,4,7,1,1
42,420390,1,1,1,14,5,1,22,21,0,1,0,24,3,49,32,49032,4,2006,2T1BR32E16C6,2,T,1,B,R,3,2,E,1,6,C,6,0,P,TOYT,UCS,4D,6,17,2530,,0,1024,,G,,F,4,109,,,15R185,,,,,,0,0,000000000,00000000000,0,0,0,1,0,0,0,0,0,0,0,40,0,0,0,12,12,6,2,21,0,0,0,1,42,19121,6,1,0,0,3,0,63,999,0,0,0,0,0,0,0,0,0,0,99,99,99,99,1,2,35,1,6,2,1,0,0,1,13,99,1,4,1,1,0
42,420391,1,3,1,5,3,15,2,12,6,1,0,42,1,20,37,20037,4,2001,1G1ND52J6161,1,G,1,N,D,5,2,J,6,1,6,1,0,P,CHEV,MAL,4D,1,17,3051,,0,1070,,G,,F,6,191,,,15R215,,,,,,0,0,000000000,00000000000,0,0,0,1,0,0,0,0,0,0,0,10,0,0,0,5,5,2,3,12,0,0,0,1,42,19061,6,1,0,0,3,0,59,999,0,0,0,0,0,0,0,0,0,0,48,0,0,0,1,2,35,1,1,2,1,3,3,11,15,1,1,2,68,0,0
42,420391,2,3,1,5,3,15,2,12,6,1,0,42,1,55,33,55033,4,2010,5NPET4AC1AH6,5,N,P,E,T,4,A,C,1,A,H,6,0,P,HYUN,SGL,4D,10,17,3292,,0,1074,,G,,F,4,144,,,16R215,,,,,,0,0,000000000,00000000000,0,0,0,1,0,0,0,0,0,0,0,45,0,0,0,12,12,6,2,12,0,0,1,1,42,19342,6,1,0,0,3,0,70,999,0,0,0,0,0,0,0,0,0,0,0,0,0,0,1,2,35,1,1,2,1,3,3,1,62,6,1,1,69,1,0
42,420391,3,3,2,5,3,15,2,12,6,1,0,42,1,54,421,54421,15,2007,2HNYD28267H5,2,H,N,Y,D,2,8,2,6,7,H,5,0,P,ACUR,MDX,UT,7,17,4548,,0,1083,,G,,F,6,226,,,18R255,,,,,,0,0,000000000,00000000000,0,0,0,1,0,0,0,0,0,0,0,10,0,0,0,12,12,6,2,12,0,0,0,1,42,19342,6,1,0,0,3,1,64,999,0,0,0,0,0,0,0,0,0,0,0,0,0,0,1,2,35,1,1,2,1,3,3,1,62,2,1,1,98,0,0
42,420392,1,2,1,26,3,12,25,12,6,1,0,92,0,37,734,37734,90,9999,000000000000,0,0,0,0,0,0,0,0,0,0,0,0,0,,,,,,,,,,,,,,,,,,,,,,,,,0,0,000000000,00000000000,0,0,0,1,0,0,0,0,0,0,0,10,0,0,0,1,1,4,1,12,0,0,0,1,42,17771,6,1,6,0,1,0,67,999,0,0,0,0,0,0,0,0,0,0,51,30,48,18,1,2,55,1,1,2,1,0,0,11,15,1,1,1,68,1,0
42,420392,2,2,1,26,3,12,25,12,6,1,0,42,1,76,706,76706,80,2006,JYARN15E66A0,J,Y,A,R,N,1,5,E,6,6,A,0,0,M,YAMA,YFR,RC,6,17,,,,,,,998,,4,,4,381,,,,,,,0,0,000000000,00000000000,0,0,0,1,0,0,0,0,0,0,0,40,0,0,0,12,12,6,2,12,0,0,0,1,42,17771,6,1,0,0,2,0,71,999,1,1,0,2,1,5,2010,3,2011,0,0,0,0,0,1,2,55,1,1,2,1,0,0,1,54,3,2,1,69,0,0
42,420393,1,1,2,28,5,0,48,35,0,1,0,42,2,53,706,53706,80,2009,JS1GX72A8921,J,S,1,G,X,7,2,A,8,9,2,1,0,M,SUZI,GXR,RC,9,17,,,,,,,1340,,4,,4,573,,,,,,,0,0,000000000,00000000000,0,0,0,1,0,0,0,0,0,0,0,999,0,0,0,98,12,6,2,18,0,0,0,1,42,19050,6,1,0,0,3,0,72,999,0,0,0,1,0,4,2010,4,2010,1,99,99,99,99,3,3,40,1,1,2,1,0,0,1,6,99,1,4,1,2,1
42,420394,1,1,1,27,5,19,58,30,0,1,0,42,2,37,709,37709,80,1996,JH2PC2503TM5,J,H,2,P,C,2,5,0,3,T,M,5,0,M,HOND,RF3,RC,96,17,,,,,,,600,,4,,4,405,,,,,,,0,0,000000000,00000000000,0,0,0,1,0,0,0,0,0,0,0,999,0,0,0,12,12,6,2,30,0,0,0,1,42,19146,6,1,0,0,3,0,72,999,0,1,0,0,0,11,2008,11,2008,0,99,99,99,99,4,2,0,1,1,2,2,0,0,1,13,99,1,4,1,1,1
42,420395,1,1,1,6,6,5,15,24,0,1,0,42,1,6,54,6054,6,2005,2C8GF68405R3,2,C,8,G,F,6,8,4,0,5,R,3,0,P,CHRY,PIF,UT,5,17,4547,,0,1160,,G,,F,6,214,,,17R235,,,,,,0,0,000000000,00000000000,0,0,0,1,0,0,0,0,0,0,0,55,0,0,0,2,2,6,2,24,0,0,0,1,42,19124,6,1,6,0,3,0,72,999,0,0,0,0,0,0,0,0,0,0,27,0,0,0,3,3,65,1,1,2,1,0,0,15,11,1,1,4,1,1,0
42,420396,1,2,1,12,5,12,10,12,8,1,0,42,1,37,706,37706,80,1995,JH2RC3606SM5,J,H,2,R,C,3,6,0,6,S,M,5,0,M,HOND,VR7,RC,95,17,,,,,,,750,,4,,4,496,,,,,,,0,0,000000000,00000000000,0,0,0,1,0,0,0,0,0,0,0,70,0,0,0,10,10,6,2,42,0,0,0,1,42,15633,6,7,0,0,3,0,68,999,0,0,0,0,0,0,0,0,0,1,51,58,0,0,1,2,45,2,3,2,1,0,0,14,10,1,1,2,64,1,0
42,420396,2,2,1,12,5,12,10,12,8,1,0,42,2,98,809,98809,62,2008,2FZACFDJ18AZ,2,F,Z,A,C,F,D,J,1,8,A,Z,5,T,STRG,ACT,CC,8,17,,6,0,0,STE,D,,,6,439,,,,,00000,00,,42,1,57,00513093,5700513093,2,1,3,1,0,0,0,0,0,0,0,40,0,0,0,10,10,4,1,12,0,0,0,1,42,15613,6,1,0,0,3,1,73,999,0,0,0,0,0,0,0,0,0,0,0,0,0,0,1,2,45,3,3,2,1,0,0,14,62,1,1,1,65,0,0
42,420397,1,1,2,16,6,19,0,30,0,1,0,42,2,3,402,3402,14,2008,5GTEN13E9881,5,G,T,E,N,1,3,E,9,8,8,1,0,T,HUMM,HH3,4W,8,17,,2,0,1119,HUM,G,,,5,226,,,,B,4700,00,7,44,0,0,000000000,00000000000,0,0,0,1,0,0,0,0,0,0,0,50,0,1,5,2,0,6,2,1,0,0,0,1,99,99999,9,9,99,0,9,9,999,999,99,99,99,99,99,99,9999,99,9999,1,99,99,99,99,1,2,35,1,5,2,2,0,0,1,13,1,1,4,1,1,0
42,420398,1,2,1,5,5,7,18,12,1,1,0,42,1,20,471,20471,30,1994,1GCCS144XR82,1,G,C,C,S,1,4,4,X,R,8,2,0,T,CHEV,S14,PK,94,17,,1,1179,1083,S,G,,,4,133,,,,B,2905,01,,42,0,0,000000000,00000000000,0,0,0,1,0,0,0,0,0,0,0,5,0,0,0,6,6,4,1,12,0,0,0,1,42,16335,6,1,0,0,3,0,64,999,0,0,0,1,0,5,2009,5,2009,0,31,30,0,0,0,0,0,0,0,0,0,0,0,13,98,1,1,7,92,0,0
42,420398,2,2,1,5,5,7,18,12,1,1,0,42,1,37,705,37705,80,2007,JH2PC400X7M0,J,H,2,P,C,4,0,0,X,7,M,0,0,M,HOND,B60,RC,7,17,,,,,,,599,,4,,4,345,,,,,,,0,0,000000000,00000000000,0,0,0,1,0,0,0,0,0,0,0,75,0,0,0,12,12,6,2,12,0,0,0,1,42,16335,6,1,0,0,3,0,69,999,0,0,0,0,0,0,0,0,0,1,0,0,0,0,1,2,55,1,6,2,1,0,0,1,72,8,2,2,93,1,0
42,420399,1,1,1,3,6,21,51,1,0,1,0,42,1,53,706,53706,80,2002,JS1GT74A6221,J,S,1,G,T,7,4,A,6,2,2,1,0,M,SUZI,XR1,RC,2,17,,,,,,,988,,4,,4,374,,,,,,,0,0,000000000,00000000000,0,0,0,1,0,0,0,0,0,0,0,90,0,0,0,0,0,6,2,1,0,0,0,1,42,17601,6,1,0,0,2,2,70,999,0,5,0,0,1,6,2008,7,2010,1,36,37,74,0,1,2,35,3,5,2,1,0,0,14,6,8,4,4,2,1,1
42,420400,1,1,1,10,6,20,50,42,0,1,0,42,1,73,705,73705,80,2005,JKAKLEA165DA,J,K,A,K,L,E,A,1,6,5,D,A,0,M,KAWK,KL6,T,5,17,,,,,,,651,,1,,4,340,,,,,,,0,0,000000000,00000000000,0,0,0,1,0,0,0,0,0,0,0,70,0,0,0,1,1,6,2,42,0,0,0,1,42,15679,6,1,0,0,2,0,76,999,0,0,0,0,0,0,0,0,0,1,99,99,99,99,1,2,40,1,6,2,1,0,0,1,13,1,1,4,1,1,1
42,420401,1,2,1,5,5,21,20,12,2,1,0,35,2,12,401,12401,14,1995,1FMDU34X0SZA,1,F,M,D,U,3,4,X,0,S,Z,A,0,P,FORD,EPR,UT,95,17,4053,,0,1115,,G,,F,6,245,,,15R225,,,,,,0,0,000000000,00000000000,0,0,0,1,0,0,0,0,0,0,0,999,0,0,0,12,12,6,2,12,0,0,1,1,42,15701,6,1,0,0,3,0,70,999,0,0,0,0,0,0,0,0,0,0,51,58,0,0,1,2,45,2,3,2,1,40,3,14,10,1,1,2,50,0,1
42,420401,2,2,1,5,5,21,20,12,2,1,0,42,2,23,471,23471,30,1992,1GTCS14Z2N85,1,G,T,C,S,1,4,Z,2,N,8,5,0,T,GMC,SON,PK,92,17,,1,1179,1083,SON,G,,,6,262,,,,B,2648,02,A,42,0,0,000000000,00000000000,0,0,0,1,0,0,0,0,0,0,0,999,0,0,0,12,12,6,2,12,0,0,1,1,42,15725,6,1,0,0,3,0,72,999,0,0,0,0,0,0,0,0,0,0,0,0,0,0,1,2,45,1,5,2,1,0,0,1,62,1,1,1,51,1,0
42,420402,1,1,1,15,6,10,52,33,0,1,0,42,1,41,37,41037,4,2002,1YVGF22F9252,1,Y,V,G,F,2,2,F,9,2,5,2,0,P,MAZD,U6X,4D,2,17,3023,,0,1051,,G,,F,6,152,,,15R205,,,,,,0,0,000000000,00000000000,0,0,0,1,0,0,0,0,0,0,0,35,0,0,0,14,12,6,2,30,0,0,0,1,42,17109,6,1,0,0,3,3,71,999,0,1,0,0,1,6,2009,1,2010,0,0,0,0,0,5,2,35,1,5,2,1,0,0,1,8,1,1,4,1,1,0
42,420403,1,2,1,30,5,18,19,12,6,1,0,42,1,37,703,37703,80,1994,JH2MC240XRK3,J,H,2,M,C,2,4,0,X,R,K,3,0,M,HOND,B25,RS,94,17,,,,,,,250,,1,,4,297,,,,,,,0,0,000000000,00000000000,0,0,0,1,0,0,0,0,0,0,0,999,0,0,0,11,11,6,2,12,0,0,0,1,42,17851,6,1,0,0,3,3,65,999,0,0,0,0,0,0,0,0,0,0,51,58,0,0,1,2,40,2,5,2,1,0,0,14,10,9,1,2,64,1,0
42,420403,2,2,4,30,5,18,19,12,6,1,0,42,2,12,422,12422,15,2001,1FMFU18L61LA,1,F,M,F,U,1,8,L,6,1,L,A,0,P,FORD,EPT,UT,1,17,5417,,0,1191,,G,,F,8,330,,,17R265,,,,,,0,0,000000000,00000000000,0,0,0,1,0,0,0,0,0,0,0,999,0,0,0,10,10,6,2,12,0,0,0,1,42,17701,6,1,0,0,3,0,66,999,0,0,0,0,0,0,0,0,0,0,0,0,0,0,1,2,40,3,6,2,1,0,0,14,62,9,1,1,65,0,0
42,420404,1,1,2,11,6,21,20,38,0,1,0,42,1,7,482,7482,31,1996,1B7HF16YXTS5,1,B,7,H,F,1,6,Y,X,T,S,5,0,T,DODG,150,PK,96,17,,2,1347,1187,RPC,G,,,8,318,,,,B,4512,01,M,44,0,0,000000000,00000000000,0,0,0,1,0,0,0,0,0,0,0,60,0,0,0,10,10,6,2,42,0,0,0,1,42,16313,6,1,6,0,3,3,74,999,0,0,0,0,0,0,0,0,0,1,51,0,0,0,1,2,55,1,1,2,1,0,0,1,13,6,4,4,7,2,1
42,420405,1,2,1,13,5,17,46,12,2,1,0,42,2,20,481,20481,31,1990,1GCFK24K2LE1,1,G,C,F,K,2,4,K,2,L,E,1,0,T,CHEV,GK2,PK,90,17,,2,1415,1315,GM4,G,,,8,350,,,,C,4348,10,,44,0,0,000000000,00000000000,0,0,0,1,0,0,0,0,0,0,0,65,0,1,1,12,12,6,2,12,0,0,0,1,42,18053,6,1,0,0,3,0,75,999,0,0,0,0,0,0,0,0,0,1,51,0,0,0,1,2,40,3,1,2,1,40,3,14,6,1,4,2,50,1,1
42,420405,2,2,1,13,5,17,46,12,2,1,0,42,1,30,40,30040,4,2005,3VWSE69M05M0,3,V,W,S,E,6,9,M,0,5,M,0,0,P,VOLK,ULI,4D,5,17,3032,,0,989,,G,,T,4,109,,,18R225,,,,,,0,0,000000000,00000000000,0,0,0,1,0,0,0,0,0,0,0,35,0,0,0,12,12,6,2,12,0,0,0,1,42,18049,6,1,0,0,3,1,63,999,0,0,0,0,0,0,0,0,0,0,0,0,0,0,1,2,40,1,1,2,1,0,0,1,62,7,1,1,51,1,0
42,420406,1,1,1,24,6,21,18,59,0,1,0,42,1,20,402,20402,14,1998,2CNBJ1868W69,2,C,N,B,J,1,8,6,8,W,6,9,0,P,CHEV,TKR,UT,98,17,2555,,0,866,,G,,F,4,097,,,15R205,,,,,,0,0,000000000,00000000000,0,0,0,1,0,0,0,0,0,0,0,999,0,1,6,2,2,6,2,59,0,0,0,1,42,18224,6,1,6,0,3,0,67,999,0,0,0,0,0,0,0,0,0,0,58,0,0,0,1,2,25,3,6,2,1,65,3,14,13,1,1,4,1,1,1
42,420407,1,1,1,18,6,1,15,53,0,1,0,42,1,12,17,12017,4,2003,1FAFP53U03G1,1,F,A,F,P,5,3,U,0,3,G,1,0,P,FORD,TSE,4D,3,17,3336,,0,1085,,G,,F,6,182,,,16R215,,,,,,0,0,000000000,00000000000,0,0,0,1,0,0,0,0,0,0,0,70,0,0,0,4,4,6,2,42,0,0,0,1,42,17362,6,1,0,0,3,0,69,999,0,0,0,1,0,9,2008,9,2008,1,58,51,0,0,1,2,45,2,6,2,1,0,0,14,6,9,9,4,7,1,1
42,420408,1,2,5,9,5,17,14,12,1,1,0,42,2,12,37,12037,4,2007,1FAHP34N37W1,1,F,A,H,P,3,4,N,3,7,W,1,0,P,FORD,FMS,4D,7,17,2636,,0,1029,,G,,F,4,122,,,15R195,,,,,,0,0,000000000,00000000000,0,0,0,1,0,0,0,0,0,0,0,53,0,1,2,12,12,6,2,12,0,0,0,1,42,18504,1,7,0,0,2,2,67,999,0,1,0,1,1,2,2011,4,2011,1,26,36,73,0,1,2,0,1,1,2,1,0,0,1,52,1,1,1,28,0,0
42,420408,2,2,3,9,5,17,14,12,1,1,0,42,2,2,404,2404,14,1996,1J4FJ78S5TL1,1,J,4,F,J,7,8,S,5,T,L,1,0,T,JEEP,CTY,4W,96,17,,1,0,1014,CHK,G,,,6,242,,,,,3008,00,M,44,0,0,000000000,00000000000,0,0,0,1,0,0,0,0,0,0,0,2,0,0,0,6,6,6,2,2,0,0,1,1,42,18508,3,7,0,0,2,0,67,999,0,0,0,0,0,0,0,0,0,0,45,54,0,0,1,2,0,1,1,2,1,0,0,2,53,1,1,1,29,1,0
42,420409,1,1,1,6,6,21,31,1,0,1,0,42,2,76,703,76703,80,1981,3Y6111728,3,Y,6,1,1,1,7,2,8,,,,0,M,YAMA,,,81,9,,,,,,,,,,,,,,,,,,,0,0,000000000,00000000000,0,0,0,1,0,0,0,0,0,0,0,999,0,0,0,0,0,6,2,1,0,0,0,1,42,16650,3,1,5,0,2,0,66,999,1,0,0,0,0,8,2008,8,2008,0,0,0,0,0,1,2,55,2,1,2,1,0,0,14,13,99,1,4,1,1,1
42,420410,1,1,1,10,6,3,0,58,0,1,0,39,2,72,706,72706,80,2009,1HD1BW5189Y0,1,H,D,1,B,W,5,1,8,9,Y,0,0,M,HD,STC,RS,9,17,,,,,,,1584,,2,,4,765,,,,,,,0,0,000000000,00000000000,0,0,0,1,0,0,0,0,0,0,0,55,0,0,0,14,12,6,2,31,0,0,0,1,39,44030,6,1,0,0,3,0,71,325,0,0,0,0,0,0,0,0,0,1,51,0,0,0,1,2,35,2,1,2,1,0,0,14,12,1,1,4,6,1,1
42,420411,1,2,0,23,5,3,30,12,1,1,0,25,6,82,884,82884,66,2005,1FUJA6CV25DU,1,F,U,J,A,6,C,V,2,5,D,U,1,T,FRHT,COL,TR,5,17,,8,0,0,CON,D,,,6,782,,,,,00000,00,,64,1,57,01317590,5701317590,3,6,1,1,0,0,0,0,0,0,0,0,0,0,0,6,6,6,2,12,0,0,0,0,0,99997,7,6,97,7,6,7,998,997,998,998,998,998,998,98,9998,98,9998,8,20,0,0,0,2,2,65,1,5,1,1,0,0,0,53,0,0,0,32,0,0
42,420411,2,2,1,23,5,3,30,12,1,1,0,42,3,82,884,82884,66,2008,1FUJCRCK88DZ,1,F,U,J,C,R,C,K,8,8,D,Z,1,T,FRHT,COR,TR,8,17,,8,0,0,CON,D,,,6,855,,,,,00000,00,,64,1,57,00386767,5700386767,3,6,1,1,0,0,0,0,0,0,0,65,0,0,0,12,12,6,2,2,0,0,1,1,42,18801,6,1,6,1,3,0,75,999,0,0,0,0,4,4,2010,8,2010,0,0,0,0,0,2,2,65,1,5,1,1,0,0,1,50,6,1,1,32,1,0
42,420412,1,1,2,19,6,14,52,53,0,1,0,42,2,30,46,30046,4,2003,WVWPD63B53P2,W,V,W,P,D,6,3,B,5,3,P,2,0,P,VOLK,PGS,4D,3,17,3156,,0,1064,,G,,T,4,109,,,15R195,,,,,,0,0,000000000,00000000000,0,0,0,1,0,0,0,0,0,0,0,45,0,1,5,1,3,6,2,17,0,0,0,1,42,17408,6,1,6,0,3,0,70,999,0,0,0,0,0,0,0,0,0,1,0,0,0,0,1,2,35,1,6,2,1,0,0,1,8,6,3,4,2,1,0
42,420413,1,1,2,18,6,5,45,30,0,1,0,42,2,2,405,2405,14,2004,1J4GL48K84W3,1,J,4,G,L,4,8,K,8,4,W,3,0,T,JEEP,SPR,4W,4,17,,1,0,1043,LIB,G,,,6,226,,,,,3656,01,E,44,0,0,000000000,00000000000,0,0,0,1,0,0,0,0,0,0,0,60,0,1,5,2,0,6,2,30,0,0,1,1,42,18049,0,0,0,0,0,0,999,999,0,0,0,0,0,0,0,0,0,1,51,0,0,0,1,2,55,1,6,2,1,0,0,1,6,7,4,4,7,1,1
42,420414,1,2,1,7,5,10,25,12,6,1,0,42,1,18,20,18020,4,1995,2G4WB52L0S14,2,G,4,W,B,5,2,L,0,S,1,4,0,P,BUIC,RGC,4D,95,17,3335,,0,1075,,G,,F,6,231,,,15R205,,,,,,0,0,000000000,00000000000,0,0,0,1,0,0,0,0,0,0,0,55,0,0,0,1,1,6,2,12,0,0,0,1,42,16735,6,1,0,0,3,3,62,999,0,0,0,0,0,0,0,0,0,0,51,0,0,0,1,2,55,2,1,2,1,0,0,14,54,1,1,1,66,1,0
42,420414,2,2,1,7,5,10,25,12,6,1,0,42,3,85,881,85881,66,1992,2XKDDB9X9NM5,2,X,K,D,D,B,9,X,9,N,M,5,1,T,KW,T80,TR,92,17,,8,2600,1600,CON,D,,,6,893,,,,,00000,00,,64,1,57,01400454,5701400454,3,6,3,1,0,0,0,0,0,0,0,50,0,0,0,1,1,6,2,12,0,0,0,1,42,16732,6,1,6,1,3,3,73,999,0,0,0,1,0,9,2010,9,2010,0,0,0,0,0,1,2,55,3,1,2,1,0,0,14,54,8,1,1,66,0,0
42,420415,1,1,1,12,6,10,4,24,0,1,0,42,1,18,7,18007,4,1996,1G4AG55M1T64,1,G,4,A,G,5,5,M,1,T,6,4,0,P,BUIC,CSL,4D,96,17,2951,,0,1049,,G,,F,6,191,,,14R185,,,,,,0,0,000000000,00000000000,0,0,0,1,0,0,0,0,0,0,0,35,0,0,0,12,12,6,2,24,0,0,0,1,42,17018,6,1,0,0,3,0,66,999,0,0,0,0,0,0,0,0,0,1,58,0,0,0,1,2,25,2,6,2,1,0,0,14,1,1,2,4,7,1,0
42,420416,1,2,2,27,5,5,30,11,0,1,0,42,1,12,17,12017,4,2004,1FAFP53284A2,1,F,A,F,P,5,3,2,8,4,A,2,0,P,FORD,TSE,4D,4,17,3306,,0,1085,,F,,F,6,182,,,16R215,,,,,,0,0,000000000,00000000000,0,0,0,1,0,0,0,0,0,0,0,50,0,0,0,12,3,6,2,12,0,0,0,1,42,16373,6,1,0,0,3,0,71,999,0,0,0,0,0,0,0,0,0,0,83,0,0,0,1,2,55,1,6,2,2,0,0,1,87,7,1,1,13,2,0
42,420416,2,2,1,27,5,5,30,11,0,1,0,42,3,84,881,84881,66,1999,2HSFMAMR1XC0,2,H,S,F,M,A,M,R,1,X,C,0,1,T,INTL,920,TR,99,17,,8,2340,1600,920,D,,,6,774,,,,,00000,00,,64,1,57,00841932,5700841932,3,6,1,1,0,0,0,0,0,0,0,50,7,0,0,12,12,6,2,12,0,0,0,1,42,16232,6,1,6,1,3,0,70,999,0,0,0,0,0,0,0,0,0,0,0,0,0,0,1,2,55,2,5,2,2,0,0,14,62,2,1,1,98,0,0
42,420417,1,1,1,22,6,19,33,1,0,1,0,42,1,53,706,53706,80,2005,JS1GT76A0521,J,S,1,G,T,7,6,A,0,5,2,1,0,M,SUZI,XR1,RC,5,17,,,,,,,999,,4,,4,365,,,,,,,0,0,000000000,00000000000,0,0,0,1,0,0,0,0,0,0,0,60,0,0,0,0,9,6,2,30,0,0,0,1,42,17512,6,1,0,0,3,0,72,999,0,0,0,1,0,10,2009,10,2009,1,58,0,0,0,1,2,40,3,1,2,1,0,0,14,13,1,1,4,1,1,1
42,420418,1,2,1,22,5,17,50,1,0,1,0,42,1,76,705,76705,83,2010,JYACJ15C1AA0,J,Y,A,C,J,1,5,C,1,A,A,0,0,M,YAMA,Y5F,MX,10,17,,,,,,,449,,1,,4,245,,,,,,,0,0,000000000,00000000000,0,0,0,1,0,0,0,0,0,0,0,45,0,0,0,0,81,2,3,12,0,0,0,1,42,16240,6,1,0,0,2,3,70,999,0,0,0,0,0,0,0,0,0,0,51,0,0,0,1,2,55,3,6,2,1,0,0,14,54,3,2,1,98,1,0
42,420418,2,2,1,22,5,17,50,1,0,1,0,42,3,23,481,23481,31,2011,1GTR2TE09BZ1,1,G,T,R,2,T,E,0,9,B,Z,1,0,T,GMC,SK1,4C,11,17,,2,1575,1435,SIE,F,,,8,323,,,,B,5286,02,S,44,0,0,000000000,00000000000,0,0,0,1,0,0,0,0,0,0,0,25,0,0,0,3,3,2,1,12,0,0,0,1,42,16240,6,1,6,0,3,0,66,999,0,0,0,0,0,0,0,0,0,0,0,0,0,0,1,2,55,2,5,2,1,0,0,14,54,6,1,1,98,0,0
42,420419,1,1,2,22,6,11,55,10,0,1,0,42,1,18,2,18002,4,2000,1G4HP54K9YU3,1,G,4,H,P,5,4,K,9,Y,U,3,0,P,BUIC,LCF,4D,0,17,3567,,0,1122,,G,,F,6,231,,,15R215,,,,,,0,0,000000000,00000000000,0,0,0,1,0,0,0,0,0,0,0,5,0,0,0,3,3,6,2,10,0,0,0,1,42,17830,6,1,0,0,3,3,70,999,0,0,0,0,0,0,0,0,0,0,39,0,0,0,1,2,25,1,1,2,1,65,3,1,90,1,1,1,15,2,0
42,420420,1,2,1,27,5,14,50,12,6,1,0,42,1,49,402,49402,14,2010,JTMZF4DV1AD0,J,T,M,Z,F,4,D,V,1,A,D,0,0,P,TOYT,RG4,UT,10,17,3300,,0,1047,,G,,F,4,153,,,16R215,,,,,,0,0,000000000,00000000000,0,0,0,1,0,0,0,0,0,0,0,45,0,0,0,1,1,6,2,12,0,0,0,1,42,16914,6,1,0,0,3,0,68,999,0,0,0,0,0,0,0,0,0,0,48,0,0,0,1,2,45,1,1,2,1,0,0,11,15,1,1,2,68,1,0
42,420420,2,2,4,27,5,14,50,12,6,1,0,42,1,12,442,12442,20,1998,2FMDA5140WBA,2,F,M,D,A,5,1,4,0,W,B,A,0,T,FORD,WWG,ES,98,17,,1,0,1207,WIN,G,,,6,232,,,,B,3762,02,F,42,0,0,000000000,00000000000,0,0,0,1,0,0,0,0,0,0,0,45,0,0,0,12,12,6,2,12,0,0,0,1,42,16947,6,1,0,0,3,0,67,999,0,0,0,1,0,10,2008,10,2008,0,0,0,0,0,1,2,45,1,1,2,1,0,0,1,62,7,1,1,69,0,0
42,420421,1,2,2,15,5,19,31,12,6,1,0,42,2,30,40,30040,4,2001,3VWRT29M11M0,3,V,W,R,T,2,9,M,1,1,M,0,0,P,VOLK,UJG,4D,1,17,2817,,0,989,,G,,F,4,121,,,15R195,,,,,,0,0,000000000,00000000000,0,0,0,1,0,0,0,0,0,0,0,45,0,0,0,3,3,6,2,12,0,0,0,1,42,17878,1,1,0,0,2,0,65,999,0,5,0,0,1,5,2010,4,2011,1,58,51,0,0,1,2,45,3,1,2,2,0,0,14,13,99,4,2,64,2,1
42,420421,2,2,2,15,5,19,31,12,6,1,0,42,2,20,401,20401,14,1999,1GNCT18W7XK2,1,G,N,C,T,1,8,W,7,X,K,2,0,P,CHEV,BZR,UT,99,17,3814,,0,1005,,G,,F,6,262,,,15R205,,,,,,0,0,000000000,00000000000,0,0,0,1,0,0,0,0,0,0,0,43,0,0,0,11,11,6,2,12,0,0,0,1,42,18656,4,1,0,0,2,0,63,999,0,2,0,0,2,1,2009,2,2010,0,0,0,0,0,1,2,45,2,1,2,2,0,0,14,62,2,1,1,65,0,0