STATE,ST_CASE,VEH_NO,VE_FORMS,NUMOCCS,DAY,MONTH,HOUR,MINUTE,HARM_EV,MAN_COLL,UNITTYPE,HIT_RUN,REG_STAT,OWNER,MAKE,MODEL,MAK_MOD,BODY_TYP,MOD_YEAR,VIN,VIN_1,VIN_2,VIN_3,VIN_4,VIN_5,VIN_6,VIN_7,VIN_8,VIN_9,VIN_10,VIN_11,VIN_12,TOW_VEH,VINTYPE,VINMAKE,VINA_MOD,VIN_BT,VINMODYR,VIN_LNGT,VIN_WGT,WGTCD_TR,WHLBS_LG,WHLBS_SH,SER_TR,FUELCODE,MCYCL_DS,CARBUR,CYLINDER,DISPLACE,MCYCL_CY,MCYCL_WT,TIRE_SZE,TON_RAT,TRK_WT,TRKWTVAR,VIN_REST,WHLDRWHL,J_KNIFE,MCARR_I1,MCARR_I2,MCARR_ID,GVWR,V_CONFIG,CARGO_BT,HAZ_INV,HAZ_PLAC,HAZ_ID,HAZ_CNO,HAZ_REL,BUS_USE,SPEC_USE,EMER_USE,TRAV_SP,UNDERIDE,ROLLOVER,ROLINLOC,IMPACT1,IMPACT2,DEFORMED,TOWED,M_HARM,VEH_SC1,VEH_SC2,FIRE_EXP,DR_PRES,L_STATE,DR_ZIP,L_STATUS,L_TYPE,CDL_STAT,L_ENDORS,L_COMPL,L_RESTRI,DR_HGT,DR_WGT,PREV_ACC,PREV_SUS,PREV_DWI,PREV_SPD,PREV_OTH,FIRST_MO,FIRST_YR,LAST_MO,LAST_YR,SPEEDREL,DR_SF1,DR_SF2,DR_SF3,DR_SF4,VTRAFWAY,VNUM_LAN,VSPD_LIM,VALIGN,VPROFILE,VPAVETYP,VSURCOND,VTRAFCON,VTCONT_F,P_CRASH1,P_CRASH2,P_CRASH3,PCRASH4,PCRASH5,ACC_TYPE,DEATHS,DR_DRINK
42,420518,1,2,1,26,6,12,20,12,6,1,0,42,1,12,22,12022,6,2005,1FMZK06185GA,1,F,M,Z,K,0,6,1,8,5,G,A,0,P,FORD,FSL,UT,5,17,4112,,0,1129,,G,,F,6,183,,,18R225,,,,,,0,0,000000000,00000000000,0,0,0,1,0,0,0,0,0,0,0,999,0,0,0,8,8,4,3,12,0,0,0,1,42,18222,6,1,0,0,3,3,57,999,0,0,0,0,0,0,0,0,0,0,38,0,0,0,1,2,99,1,6,2,1,20,3,11,15,99,1,1,82,0,0
42,420518,2,2,1,26,6,12,20,12,6,1,0,42,2,72,709,72709,80,2001,1HD1CGP161K1,1,H,D,1,C,G,P,1,6,1,K,1,0,M,HD,20C,RS,1,17,,,,,,,1200,,2,,4,491,,,,,,,0,0,000000000,00000000000,0,0,0,1,0,0,0,0,0,0,0,999,0,0,0,12,12,6,2,12,0,0,0,1,42,18661,2,1,0,0,2,0,73,999,0,1,0,0,0,6,2009,6,2009,0,99,99,99,99,1,3,45,1,6,2,1,0,0,1,67,99,1,1,83,1,0
42,420519,1,2,1,2,6,7,33,12,6,1,0,42,1,49,49,49049,6,2006,JTLKT3246640,J,T,L,K,T,3,2,4,6,6,4,0,0,P,TOYT,SXB,UT,6,17,2395,,0,984,,G,,F,4,092,,,15R185,,,,,,0,0,000000000,00000000000,0,0,0,1,0,0,0,0,0,0,0,5,0,0,0,9,9,6,2,12,0,0,0,1,42,19320,6,1,0,0,3,3,68,999,0,0,0,0,0,0,0,0,0,0,38,30,0,0,0,0,0,0,0,0,0,0,0,11,98,98,1,1,82,1,0
42,420519,2,2,1,2,6,7,33,12,6,1,0,42,3,86,884,86884,63,2005,1M2K195C45M0,1,M,2,K,1,9,5,C,4,5,M,0,0,T,MACK,MR6,TB,5,17,,8,0,0,600,D,,,6,728,,,,,00000,00,,64,0,57,00344050,5700344050,3,2,7,1,0,0,0,0,0,0,0,999,0,0,0,12,12,2,3,12,42,0,0,1,42,19464,6,1,6,1,3,0,68,999,0,0,0,0,0,0,0,0,0,0,0,0,0,0,1,2,50,1,1,2,1,0,0,1,72,8,2,2,83,0,0
42,420520,1,1,1,10,7,5,36,34,0,1,0,42,1,21,17,21017,4,1992,1G3AL54NXN63,1,G,3,A,L,5,4,N,X,N,6,3,0,P,OLDS,SCI,4D,92,17,2662,,0,1049,,G,,F,6,204,,,14R185,,,,,,0,0,000000000,00000000000,0,0,0,1,0,0,0,0,0,0,0,55,0,0,0,11,11,6,2,34,0,0,0,1,42,18255,6,1,0,0,3,0,68,999,1,0,0,0,0,6,2011,6,2011,0,51,0,0,0,1,2,55,1,1,2,1,0,0,1,13,6,1,4,6,1,0
42,420521,1,2,1,25,6,13,52,12,6,1,0,42,2,20,403,20403,14,2004,1GNDT13S5423,1,G,N,D,T,1,3,S,5,4,2,3,0,P,CHEV,TRL,UT,4,17,4612,,0,1130,,G,,F,6,256,,,16R245,,,,,,0,0,000000000,00000000000,0,0,0,1,0,0,0,0,0,0,0,999,0,0,0,2,2,4,3,12,0,0,0,1,42,19047,6,1,0,0,3,1,67,999,0,0,1,0,0,8,2010,8,2010,0,30,38,0,0,0,0,0,0,0,0,0,0,0,1,98,1,1,1,87,0,1
42,420521,2,2,1,25,6,13,52,12,6,1,0,42,1,72,706,72706,80,1986,1HD1BJL10GY0,1,H,D,1,B,J,L,1,0,G,Y,0,0,M,HD,FST,RS,86,17,,,,,,,1340,,2,,4,999,,,,,,,0,0,000000000,00000000000,0,0,0,1,0,0,0,0,0,0,0,999,0,0,0,12,12,6,2,12,0,0,0,1,42,19154,6,1,6,0,3,0,77,999,1,0,0,0,0,10,2010,10,2010,0,0,0,0,0,5,2,35,1,1,2,1,0,0,1,71,1,1,1,86,1,0
42,420522,1,2,1,27,6,15,59,12,6,1,0,42,1,48,34,48034,6,2002,4S3BH6861276,4,S,3,B,H,6,8,6,1,2,7,6,0,P,SUBA,UBK,SW,2,17,3510,,0,1043,,G,,F,4,153,,,16R225,,,,,,0,0,000000000,00000000000,0,0,0,1,0,0,0,0,0,0,0,999,0,0,0,3,3,6,2,12,0,0,0,1,42,15923,6,1,0,0,3,1,65,999,1,0,0,0,0,11,2010,11,2010,1,51,58,79,0,1,2,45,2,1,2,11,0,0,14,5,1,4,4,64,1,0
42,420522,2,2,1,27,6,15,59,12,6,1,0,42,1,12,481,12481,31,1999,1FTRX18W4XNB,1,F,T,R,X,1,8,W,4,X,N,B,0,T,FORD,F15,4C,99,17,,2,1574,1388,COF,G,,,8,281,,,,B,00000,00,U,44,0,0,000000000,00000000000,0,0,0,1,0,0,0,0,0,0,0,45,0,0,0,12,12,6,2,12,0,0,0,1,42,15658,6,1,6,0,3,0,72,999,0,0,0,0,0,0,0,0,0,0,0,0,0,0,1,2,45,3,1,2,11,0,0,14,62,9,2,4,65,0,0
42,420523,1,1,2,17,7,2,0,35,0,1,0,92,0,76,739,76739,90,2009,JY4AJ40Y09C0,J,Y,4,A,J,4,0,Y,0,9,C,0,0,M,YAMA,Y5D,AT,9,17,,,,,,,558,,1,,4,0000,,,,,,,0,0,000000000,00000000000,0,0,0,1,0,0,0,0,0,0,0,999,0,1,1,1,1,4,3,1,0,0,0,1,42,15940,6,1,0,0,1,0,72,999,0,0,0,0,0,0,0,0,0,1,18,58,0,0,1,2,25,2,1,2,1,0,0,14,12,1,1,4,6,1,1
42,420524,1,2,2,5,6,16,50,12,2,1,0,92,0,53,739,53739,90,9999,000000000000,0,0,0,0,0,0,0,0,0,0,0,0,0,,,,,,,,,,,,,,,,,,,,,,,,,0,0,000000000,00000000000,0,0,0,1,0,0,0,0,0,0,0,999,0,0,0,12,12,6,2,12,0,0,0,1,42,16881,6,1,0,0,1,0,67,999,0,0,0,2,0,5,2011,5,2011,1,51,58,0,0,1,2,35,3,6,5,1,0,0,14,10,1,1,2,50,1,0
42,420524,2,2,5,5,6,16,50,12,2,1,0,42,1,7,482,7482,31,1995,1B7HF16Y9SS3,1,B,7,H,F,1,6,Y,9,S,S,3,0,T,DODG,150,PK,95,17,,2,1347,1187,RPC,G,,,8,318,,,,B,4490,01,M,44,0,0,000000000,00000000000,0,0,0,1,0,0,0,0,0,0,0,999,0,0,0,12,12,6,2,12,0,0,0,1,42,16680,6,1,0,0,3,1,56,999,0,0,0,0,0,0,0,0,0,0,0,0,0,0,1,2,35,2,6,5,1,0,0,14,62,3,2,1,51,0,0
42,420525,1,1,1,3,7,15,41,23,0,1,0,42,1,72,706,72706,80,2005,1HD4CMM115K4,1,H,D,4,C,M,M,1,1,5,K,4,0,M,HD,XLL,RS,5,17,,,,,,,883,,2,,4,553,,,,,,,0,0,000000000,00000000000,0,0,0,1,0,0,0,0,0,0,0,20,0,0,0,11,11,6,2,23,0,0,0,1,42,15102,6,1,0,0,3,0,73,999,0,0,0,0,1,6,2009,6,2009,0,51,0,0,0,1,2,35,1,1,1,1,0,0,1,12,1,1,4,6,1,0
42,420526,1,1,1,29,7,11,20,9,0,1,0,17,3,86,881,86881,66,2001,1M1AA08Y61W0,1,M,1,A,A,0,8,Y,6,1,W,0,1,T,MACK,CH6,TR,1,17,,8,0,0,600,D,,,6,728,,,,,00000,00,,42,1,57,00071821,5700071821,3,6,1,1,0,0,0,0,0,0,0,10,0,0,0,1,1,2,1,9,0,0,0,1,42,15644,6,1,6,0,3,0,68,999,0,0,0,0,0,0,0,0,0,0,0,0,0,0,1,2,35,1,1,2,1,3,3,10,83,1,1,1,13,0,0
42,420527,1,2,1,11,6,16,6,12,6,1,0,42,1,20,22,20022,4,2005,1G1AK52F6575,1,G,1,A,K,5,2,F,6,5,7,5,0,P,CHEV,CBT,4D,5,17,3216,,0,1033,,G,,F,4,134,,,15R195,,,,,,0,0,000000000,00000000000,0,0,0,1,0,0,0,0,0,0,0,10,0,0,0,12,12,6,2,12,0,0,0,1,42,17013,6,1,8,0,3,0,62,999,0,0,0,0,0,0,0,0,0,0,38,0,0,0,1,2,25,1,1,2,1,20,3,11,15,3,2,1,82,0,0
42,420527,2,2,1,11,6,16,6,12,6,1,0,42,1,73,706,73706,80,2006,JKAZXCD166A0,J,K,A,Z,X,C,D,1,6,6,A,0,0,M,KAWK,Z10,RC,6,17,,,,,,,998,,4,,4,386,,,,,,,0,0,000000000,00000000000,0,0,0,1,0,0,0,0,0,0,0,999,0,0,0,2,2,6,2,12,0,0,0,1,42,17013,6,1,0,0,3,0,71,999,0,0,0,0,0,0,0,0,0,1,0,0,0,0,1,2,55,2,1,2,1,0,0,14,67,8,1,2,83,1,0
42,420528,1,2,2,1,6,18,43,12,6,1,0,42,2,50,706,50706,80,2003,SMT502FP83J1,S,M,T,5,0,2,F,P,8,3,J,1,0,M,TRUM,DA9,RC,3,17,,,,,,,955,,3,,4,420,,,,,,,0,0,000000000,00000000000,0,0,0,1,0,0,0,0,0,0,0,999,0,0,0,12,12,6,2,12,0,0,0,1,42,19144,6,7,0,0,3,2,69,999,0,0,0,0,0,0,0,0,0,0,73,0,0,0,1,4,30,1,1,2,1,3,3,1,62,3,2,1,69,1,0
42,420528,2,2,2,1,6,18,43,12,6,1,0,42,1,63,33,63033,4,2007,KNAFE1224754,K,N,A,F,E,1,2,2,4,7,5,4,0,P,KIA,SXC,4D,7,17,2701,,0,1028,,G,,F,4,122,,,15R195,,,,,,0,0,000000000,00000000000,0,0,0,1,0,0,0,0,0,0,0,999,0,0,0,3,3,6,2,12,0,0,0,1,42,19149,6,1,0,0,3,0,68,999,0,1,0,0,0,8,2008,8,2008,0,48,0,0,0,1,4,30,1,1,2,1,3,3,11,15,1,1,1,68,0,0
42,420529,1,2,1,15,7,17,2,12,6,1,0,42,1,20,443,20443,20,2003,1GNDX03E13D3,1,G,N,D,X,0,3,E,1,3,D,3,0,T,CHEV,VTR,ES,3,17,,1,0,1200,VTR,G,,,6,207,,,,,3699,01,,42,0,0,000000000,00000000000,0,0,0,1,0,0,0,0,0,0,0,2,0,0,0,3,3,6,2,12,0,0,0,1,42,16120,6,1,0,0,3,1,64,999,0,0,0,0,0,0,0,0,0,0,48,0,0,0,1,2,45,2,3,2,1,0,0,11,15,1,1,1,68,0,0
42,420529,2,2,1,15,7,17,2,12,6,1,0,42,1,76,706,76706,80,2000,JYAVP07E8YA0,J,Y,A,V,P,0,7,E,8,Y,A,0,0,M,YAMA,XTL,RS,0,17,,,,,,,1602,,2,,4,710,,,,,,,0,0,000000000,00000000000,0,0,0,1,0,0,0,0,0,0,0,45,0,0,0,12,12,6,2,12,0,0,0,1,42,16120,6,1,0,0,3,0,72,999,0,0,0,0,0,0,0,0,0,0,0,0,0,0,1,2,45,3,3,2,1,0,0,14,62,3,2,1,69,1,0
42,420530,1,1,2,31,7,16,8,9,0,1,0,42,1,12,37,12037,6,2000,1FAFP3638YW4,1,F,A,F,P,3,6,3,8,Y,W,4,0,P,FORD,FSE,SW,0,17,2717,,0,1030,,G,,F,4,121,,,15R195,,,,,,0,0,000000000,00000000000,0,0,0,1,0,0,0,0,0,0,0,45,0,0,0,1,1,2,1,9,0,0,0,1,42,15522,6,1,0,0,3,0,70,999,1,1,0,0,0,4,2009,12,2010,0,0,0,0,0,1,2,55,3,1,2,1,0,0,14,83,6,1,1,13,0,0
42,420531,1,2,1,21,7,0,7,12,7,1,0,42,1,32,43,32043,4,2008,WAUDF78E48A0,W,A,U,D,F,7,8,E,4,8,A,0,0,P,AUDI,NAQ,4D,8,17,3571,,0,1043,,G,,T,4,121,,,16R225,,,,,,0,0,000000000,00000000000,0,0,0,1,0,0,0,0,0,0,0,65,0,0,0,3,12,6,2,35,0,0,0,1,42,15001,6,1,0,0,3,3,67,999,0,0,0,0,0,0,0,0,0,0,35,28,0,0,3,2,55,1,3,2,1,40,3,6,11,99,1,2,44,0,1
42,420531,2,2,2,21,7,0,7,12,7,1,0,42,1,55,37,55037,2,2008,KMHHN66F58U2,K,M,H,H,N,6,6,F,5,8,U,2,0,P,HYUN,GSL,CP,8,17,2969,,0,996,,G,,F,6,162,,,17R215,,,,,,0,0,000000000,00000000000,0,0,0,1,0,0,0,0,0,0,0,60,0,1,6,8,0,6,2,1,0,0,0,1,42,15009,6,1,0,0,3,0,64,999,0,0,0,0,0,0,0,0,0,0,0,0,0,0,3,2,55,1,3,2,1,40,3,1,60,1,1,1,45,1,0
42,420532,1,2,1,16,7,18,42,12,6,1,0,42,1,72,709,72709,80,2003,1HD1BHY1X3Y1,1,H,D,1,B,H,Y,1,X,3,Y,1,0,M,HD,FXT,RS,3,17,,,,,,,1450,,2,,4,629,,,,,,,0,0,000000000,00000000000,0,0,0,1,0,0,0,0,0,0,0,999,0,0,0,12,12,6,2,12,0,0,0,1,42,15057,6,1,0,0,3,3,72,999,0,0,0,0,1,6,2010,6,2010,0,0,0,0,0,1,4,40,1,5,2,1,0,0,1,71,98,1,1,83,1,0
42,420532,2,2,3,16,7,18,42,12,6,1,0,42,2,6,52,6052,6,2008,3A8FY48B28T1,3,A,8,F,Y,4,8,B,2,8,T,1,0,P,CHRY,PTC,SV,8,17,3076,,0,1030,,G,,F,4,148,,,15R195,,,,,,0,0,000000000,00000000000,0,0,0,1,0,0,0,0,0,0,0,999,0,0,0,10,10,6,2,12,0,0,0,1,42,15312,6,1,0,0,3,3,71,999,0,0,0,0,0,0,0,0,0,0,38,0,0,0,0,0,0,0,0,0,0,0,0,11,98,1,1,7,82,0,0
42,420533,1,2,1,24,7,21,57,12,6,1,0,42,1,49,472,49472,30,2006,5TEUU42N46Z2,5,T,E,U,U,4,2,N,4,6,Z,2,0,T,TOYT,ACC,PC,6,17,,1,0,1219,TAC,G,,,6,244,,,,B,3955,00,U,44,0,0,000000000,00000000000,0,0,0,1,0,0,0,0,0,0,0,5,0,0,0,9,9,6,2,12,0,0,0,1,42,15851,6,1,0,0,3,0,68,999,0,0,0,0,0,0,0,0,0,0,38,0,0,0,1,2,45,1,1,2,1,20,3,11,15,1,1,1,82,1,1
42,420533,2,2,1,24,7,21,57,12,6,1,0,19,3,84,881,84881,66,2007,2HSCNAPR87C5,2,H,S,C,N,A,P,R,8,7,C,5,1,T,INTL,94I,TR,7,17,,8,0,0,940,D,,,6,915,,,,,00000,00,,64,1,57,00149350,5700149350,3,6,1,1,0,0,0,0,0,0,0,53,0,0,0,12,12,6,2,12,0,0,0,1,18,46807,6,1,5,0,2,0,72,160,0,0,0,0,0,0,0,0,0,0,0,0,0,0,1,2,55,1,5,2,1,40,3,1,67,8,2,1,83,0,0
42,420534,1,1,1,20,7,19,44,43,0,1,0,42,2,37,705,37705,80,1986,JH2PC1208GM2,J,H,2,P,C,1,2,0,8,G,M,2,0,M,HOND,VF5,RC,86,17,,,,,,,500,,4,,4,412,,,,,,,0,0,000000000,00000000000,0,0,0,1,0,0,0,0,0,0,0,999,0,0,0,12,12,6,2,59,0,0,0,1,42,15539,6,1,6,2,2,0,70,999,0,0,0,0,0,0,0,0,0,1,52,58,0,0,1,2,35,3,5,2,1,0,0,14,13,3,2,4,2,1,1
42,420535,1,2,1,14,7,16,11,12,6,1,0,42,1,98,701,98701,88,2007,RFBS1A0467B3,R,F,B,S,1,A,0,4,6,7,B,3,0,U,,,,7,17,,,,,,,,,,,,,,,,,,,0,0,000000000,00000000000,0,0,0,1,0,0,0,0,0,0,0,5,0,0,0,12,12,6,2,12,0,0,0,1,42,17048,6,1,0,0,1,0,67,999,0,0,0,0,0,0,0,0,0,0,38,0,0,0,1,2,35,1,5,2,1,20,3,11,15,1,1,1,82,1,0
42,420535,2,2,1,14,7,16,11,12,6,1,0,42,3,86,884,86884,66,2005,1M1AK07Y85N0,1,M,1,A,K,0,7,Y,8,5,N,0,1,T,MACK,CXN,TR,5,17,,8,0,0,600,D,,,6,728,,,,,00000,00,,64,1,57,00301804,5700301804,3,6,2,2,2,8888,2,1,0,0,0,40,0,0,0,5,5,2,1,12,0,0,0,1,42,17023,6,1,6,1,3,1,72,999,0,0,0,0,0,0,0,0,0,0,0,0,0,0,1,2,40,1,5,2,1,0,0,1,67,6,1,2,83,0,0
42,420536,1,1,1,28,7,2,35,30,0,1,0,42,1,12,422,12422,15,2000,1FMPU16L0YLC,1,F,M,P,U,1,6,L,0,Y,L,C,0,P,FORD,EPT,UT,0,17,5275,,0,1191,,G,,F,8,330,,,16R255,,,,,,0,0,000000000,00000000000,0,0,0,1,0,0,0,0,0,0,0,999,0,0,0,12,12,6,2,30,0,0,0,1,42,18058,6,1,0,0,3,0,67,999,0,0,0,0,0,0,0,0,0,0,58,0,0,0,1,2,45,3,1,2,1,40,3,14,13,6,1,4,1,1,1
42,420537,1,2,1,19,7,12,40,12,6,1,0,42,2,7,472,7472,31,1997,1B7GL23Y5VS2,1,B,7,G,L,2,3,Y,5,V,S,2,0,T,DODG,DAK,PC,97,17,,1,0,1309,DAK,G,,,8,318,,,,B,3683,00,E,42,0,0,000000000,00000000000,0,0,0,1,0,0,0,0,0,0,0,20,0,0,0,4,4,4,3,12,0,0,0,1,42,17754,6,2,0,0,3,3,72,999,0,0,0,0,0,0,0,0,0,0,48,0,0,0,1,2,55,2,1,2,1,0,0,11,15,1,1,2,68,0,0
42,420537,2,2,1,19,7,12,40,12,6,1,0,42,1,37,703,37703,80,2009,JH2AF60039K7,J,H,2,A,F,6,0,0,3,9,K,7,0,M,HOND,HF5,MS,9,17,,,,,,,49,,1,,4,176,,,,,,,0,0,000000000,00000000000,0,0,0,1,0,0,0,0,0,0,0,40,0,0,0,12,12,6,2,12,0,0,0,1,42,17701,6,7,0,0,3,0,68,999,0,0,0,0,0,0,0,0,0,0,0,0,0,0,1,2,55,3,1,2,1,0,0,14,62,99,1,1,69,1,0
42,420538,1,1,1,29,7,14,25,41,0,1,0,92,0,98,739,98739,90,9999,000000000000,0,0,0,0,0,0,0,0,0,0,0,0,0,,,,,,,,,,,,,,,,,,,,,,,,,0,0,000000000,00000000000,0,0,0,1,0,0,0,0,0,0,0,40,0,0,0,98,1,4,3,42,0,0,0,1,42,19001,1,1,0,0,1,0,70,999,0,1,0,0,0,10,2010,10,2010,1,0,0,0,0,4,1,55,1,1,5,11,0,0,6,6,7,4,4,7,1,1
42,420539,1,1,2,10,7,20,32,35,0,1,0,42,2,12,37,12037,4,2001,1FAFP34P61W3,1,F,A,F,P,3,4,P,6,1,W,3,0,P,FORD,FSC,4D,1,17,2563,,0,1030,,G,,F,4,122,,,15R195,,,,,,0,0,000000000,00000000000,0,0,0,1,0,0,0,0,0,0,0,65,0,1,3,2,2,6,2,35,0,0,0,1,42,16148,6,1,0,0,3,0,60,999,0,0,0,0,1,11,2008,11,2008,0,0,0,0,0,2,2,65,2,1,2,1,0,0,14,8,7,4,4,7,1,0
42,420540,1,1,2,5,7,1,41,14,0,1,0,42,1,6,51,6051,4,2000,2C3HE66G6YH1,2,C,3,H,E,6,6,G,6,Y,H,1,0,P,CHRY,30M,4D,0,17,3499,,0,1130,,G,,F,6,215,,,17R225,,,,,,0,0,000000000,00000000000,0,0,0,1,0,0,0,0,0,0,0,70,0,0,0,12,12,6,2,14,0,0,1,1,42,19116,6,1,0,0,3,0,72,999,3,0,0,1,1,10,2009,4,2011,1,58,0,0,0,1,2,35,2,1,2,1,0,0,14,12,1,1,4,6,2,0
42,420541,1,1,1,18,7,5,35,59,0,1,0,42,1,7,472,7472,30,1994,1B7GL23X6RS5,1,B,7,G,L,2,3,X,6,R,S,5,0,T,DODG,DAK,PC,94,17,,1,0,1309,DAK,G,,,6,239,,,,B,3472,00,B,42,0,0,000000000,00000000000,0,0,0,1,0,0,0,0,0,0,0,65,0,0,0,5,0,6,2,42,0,0,1,1,42,18702,6,1,0,0,3,0,70,999,1,2,0,0,2,2,2009,6,2011,1,99,99,99,99,1,2,55,1,1,2,1,0,0,1,13,1,1,4,1,1,0
42,420542,1,2,1,15,7,11,0,12,6,1,0,42,1,37,706,37706,80,2000,JH2SC440XYM0,J,H,2,S,C,4,4,0,X,Y,M,0,0,M,HOND,CR9,RC,0,17,,,,,,,929,,4,,4,397,,,,,,,0,0,000000000,00000000000,0,0,0,1,0,0,0,0,0,0,0,100,0,0,0,1,1,6,2,12,0,0,0,1,42,16922,6,7,0,0,3,0,67,999,0,0,0,1,0,10,2008,10,2008,1,36,0,0,0,1,2,55,2,1,2,1,0,0,14,51,3,2,1,73,1,0
42,420542,2,2,1,15,7,11,0,12,6,1,0,42,1,20,1,20001,6,1965,116355N13011,1,1,6,3,5,5,N,1,3,0,1,1,0,P,CHEV,,,65,13,,,,,,,,,,,,,,,,,,,0,0,000000000,00000000000,0,0,0,1,0,0,0,0,0,0,0,15,0,0,0,7,7,2,1,12,0,0,0,1,42,16901,6,1,0,0,3,3,69,999,0,0,0,0,0,0,0,0,0,0,0,0,0,0,1,2,55,2,1,2,1,0,0,11,53,1,1,1,72,0,0
42,420543,1,1,3,11,7,3,33,30,0,1,0,42,2,7,482,7482,31,1999,3B7HF13Z4XG1,3,B,7,H,F,1,3,Z,4,X,G,1,0,T,DODG,Q15,4C,99,17,,2,1547,1387,RPC,G,,,8,360,,,,B,4956,01,U,44,0,0,000000000,00000000000,0,0,0,1,0,0,0,0,0,0,0,95,0,1,5,1,13,6,2,42,0,0,1,1,42,16301,0,0,0,0,0,0,999,999,0,0,0,0,0,0,0,0,0,1,51,0,0,0,1,2,45,1,6,2,1,0,0,1,6,9,4,4,7,3,0
42,420544,1,1,1,25,7,11,16,24,0,1,0,42,3,85,881,85881,66,2006,1XKADU9X86J1,1,X,K,A,D,U,9,X,8,6,J,1,1,T,KW,T60,TR,6,17,,8,2600,1600,CON,D,,,6,763,,,,,00000,00,,64,3,57,00010599,5700010599,3,6,1,1,0,0,0,0,0,0,0,999,0,1,3,11,0,6,2,1,0,0,0,1,42,17320,6,1,6,0,3,0,67,999,0,0,0,0,1,9,2010,9,2010,1,0,0,0,0,2,2,65,2,5,1,2,0,0,14,12,1,1,4,6,1,0
42,420545,1,1,1,18,7,17,38,15,0,1,0,42,1,21,441,21441,20,2000,1GHDX03E5YD2,1,G,H,D,X,0,3,E,5,Y,D,2,0,T,OLDS,SIL,ES,0,17,,1,0,1200,SIL,G,,,6,207,,,,B,3948,00,K,42,0,0,000000000,00000000000,0,0,0,1,0,0,0,0,0,0,0,999,0,0,0,1,1,2,1,15,0,0,0,1,42,17345,6,1,0,0,3,0,74,999,0,0,0,1,0,10,2009,10,2009,1,0,0,0,0,1,2,35,1,6,2,1,0,0,1,83,8,2,1,13,0,0
42,420546,1,2,2,18,7,22,4,12,2,1,0,42,2,54,31,54031,3,1990,JH4DA9352LS0,J,H,4,D,A,9,3,5,2,L,S,0,0,P,ACUR,ILS,2H,90,17,2491,,0,1004,,G,,F,4,112,,,14R195,,,,,,0,0,000000000,00000000000,0,0,0,1,0,0,0,0,0,0,0,50,0,0,0,12,12,6,2,12,0,0,0,1,42,15425,6,1,0,0,3,0,72,999,0,2,0,0,0,10,2008,10,2009,1,51,0,0,0,1,2,30,1,6,2,2,0,0,1,10,1,1,2,50,2,1
42,420546,2,2,1,18,7,22,4,12,2,1,0,42,1,2,406,2406,14,2006,1J8HG58226C1,1,J,8,H,G,5,8,2,2,6,C,1,0,T,JEEP,LTD,4W,6,17,,2,0,1095,CMD,G,,,8,348,,,,,5078,00,K,44,0,0,000000000,00000000000,0,0,0,1,0,0,0,0,0,0,0,30,0,0,0,12,12,6,2,12,0,0,0,1,42,15425,6,1,0,0,3,0,69,999,0,0,0,0,0,0,0,0,0,0,0,0,0,0,1,2,30,1,5,2,2,0,0,1,62,7,1,1,51,0,0
42,420547,1,1,1,19,7,2,10,8,0,1,0,42,3,12,481,12481,31,2006,1FTRX14WX6NA,1,F,T,R,X,1,4,W,X,6,N,A,0,T,FORD,F15,4C,6,17,,2,0,1450,COF,G,,,8,281,,,,B,4297,16,E,44,0,0,000000000,00000000000,0,0,0,1,0,0,0,0,0,0,0,55,0,0,0,12,12,4,1,8,0,0,0,1,42,19425,6,1,0,0,3,0,65,999,0,0,0,0,0,0,0,0,0,0,0,0,0,0,3,2,65,1,5,2,1,0,0,1,80,1,1,1,13,0,0
42,420548,1,3,1,20,7,6,10,12,6,1,0,42,2,76,705,76705,80,2009,JYARJ06E19A0,J,Y,A,R,J,0,6,E,1,9,A,0,0,M,YAMA,F6S,RC,9,17,,,,,,,600,,4,,4,410,,,,,,,0,0,000000000,00000000000,0,0,0,1,0,0,0,0,0,0,0,999,0,0,0,12,12,6,2,12,0,0,0,1,42,17601,6,1,0,0,3,3,71,999,0,0,0,0,0,0,0,0,0,1,35,0,0,0,1,3,40,1,1,2,1,3,3,6,62,1,1,1,69,1,0
42,420548,2,3,1,20,7,6,10,12,6,1,0,42,3,98,806,98806,63,2009,5PVNV8JV594S,5,P,V,N,V,8,J,V,5,9,4,S,0,T,HINO,338,CC,9,17,,7,0,0,HIN,D,,,6,469,,,,,00000,00,,42,0,57,00391834,5700391834,3,1,1,1,0,0,0,0,0,0,0,15,0,0,0,5,5,2,1,12,0,0,0,1,42,17552,6,1,6,1,3,0,71,999,0,0,0,0,1,12,2008,12,2008,0,0,0,0,0,1,3,40,1,1,2,1,3,3,11,15,1,1,1,68,0,0
42,420548,3,3,1,20,7,6,10,12,6,1,0,42,1,55,33,55033,4,2011,5NPEC4AC0BH0,5,N,P,E,C,4,A,C,0,B,H,0,0,P,HYUN,SLI,4D,11,17,3199,,0,1100,,G,,F,4,144,,,17R215,,,,,,0,0,000000000,00000000000,0,0,0,1,0,0,0,0,0,0,0,999,0,0,0,98,11,4,3,12,0,0,0,1,42,17601,6,1,0,0,3,0,64,999,0,0,0,0,0,0,0,0,0,0,0,0,0,0,1,3,40,1,1,2,1,3,3,2,62,1,1,1,98,0,0