STATE,ST_CASE,VEH_NO,VE_FORMS,NUMOCCS,DAY,MONTH,HOUR,MINUTE,HARM_EV,MAN_COLL,UNITTYPE,HIT_RUN,REG_STAT,OWNER,MAKE,MODEL,MAK_MOD,BODY_TYP,MOD_YEAR,VIN,VIN_1,VIN_2,VIN_3,VIN_4,VIN_5,VIN_6,VIN_7,VIN_8,VIN_9,VIN_10,VIN_11,VIN_12,TOW_VEH,VINTYPE,VINMAKE,VINA_MOD,VIN_BT,VINMODYR,VIN_LNGT,VIN_WGT,WGTCD_TR,WHLBS_LG,WHLBS_SH,SER_TR,FUELCODE,MCYCL_DS,CARBUR,CYLINDER,DISPLACE,MCYCL_CY,MCYCL_WT,TIRE_SZE,TON_RAT,TRK_WT,TRKWTVAR,VIN_REST,WHLDRWHL,J_KNIFE,MCARR_I1,MCARR_I2,MCARR_ID,GVWR,V_CONFIG,CARGO_BT,HAZ_INV,HAZ_PLAC,HAZ_ID,HAZ_CNO,HAZ_REL,BUS_USE,SPEC_USE,EMER_USE,TRAV_SP,UNDERIDE,ROLLOVER,ROLINLOC,IMPACT1,IMPACT2,DEFORMED,TOWED,M_HARM,VEH_SC1,VEH_SC2,FIRE_EXP,DR_PRES,L_STATE,DR_ZIP,L_STATUS,L_TYPE,CDL_STAT,L_ENDORS,L_COMPL,L_RESTRI,DR_HGT,DR_WGT,PREV_ACC,PREV_SUS,PREV_DWI,PREV_SPD,PREV_OTH,FIRST_MO,FIRST_YR,LAST_MO,LAST_YR,SPEEDREL,DR_SF1,DR_SF2,DR_SF3,DR_SF4,VTRAFWAY,VNUM_LAN,VSPD_LIM,VALIGN,VPROFILE,VPAVETYP,VSURCOND,VTRAFCON,VTCONT_F,P_CRASH1,P_CRASH2,P_CRASH3,PCRASH4,PCRASH5,ACC_TYPE,DEATHS,DR_DRINK
42,420582,1,2,1,29,7,18,45,12,6,1,0,4,3,86,884,86884,63,1998,1M2AA18Y2WW0,1,M,2,A,A,1,8,Y,2,W,W,0,0,T,MACK,CH6,TR,98,17,,8,0,0,600,D,,,6,728,,,,,00000,00,,64,0,57,01059813,5701059813,3,2,2,1,0,0,0,0,0,0,0,30,7,1,1,11,11,6,2,12,0,0,0,1,48,77316,6,1,6,1,3,3,999,999,1,0,0,1,2,1,2009,3,2009,1,39,48,51,0,1,2,35,1,6,2,1,20,3,10,3,3,3,2,80,0,0
42,420582,2,2,2,29,7,18,45,12,6,1,0,42,1,48,45,48045,4,2011,4S3BMBC65B32,4,S,3,B,M,B,C,6,5,B,3,2,0,P,SUBA,2IP,4D,11,17,3275,,0,1083,,G,,F,4,150,,,16R205,,,,,,0,0,000000000,00000000000,0,0,0,1,0,0,0,0,0,0,0,2,0,0,0,9,9,6,2,12,0,0,0,1,42,18812,6,1,0,0,3,3,69,999,0,0,0,0,0,0,0,0,0,0,0,0,0,0,1,2,55,1,1,2,1,0,0,2,67,1,1,1,81,1,0
42,420583,1,1,1,17,7,2,32,1,0,1,0,42,1,72,706,72706,80,2009,1HD1GV4129K3,1,H,D,1,G,V,4,1,2,9,K,3,0,M,HD,FDC,RS,9,17,,,,,,,1584,,2,,4,676,,,,,,,0,0,000000000,00000000000,0,0,0,1,0,0,0,0,0,0,0,999,0,0,0,0,12,6,2,33,0,0,0,1,42,15642,6,1,0,0,3,0,73,999,0,0,0,0,0,0,0,0,0,0,0,0,0,0,1,2,25,2,6,1,1,0,0,14,9,3,2,1,98,1,1
42,420584,1,2,1,13,7,15,57,12,2,1,0,42,1,12,401,12401,14,2000,1FMYU70X7YUA,1,F,M,Y,U,7,0,X,7,Y,U,A,0,P,FORD,EPR,UT,0,17,3870,,0,1017,,G,,F,6,245,,,15R235,,,,,,0,0,000000000,00000000000,0,0,0,1,0,0,0,0,0,0,0,999,0,0,0,12,12,6,2,12,0,0,0,1,42,19064,1,1,0,0,2,0,999,999,0,0,0,0,0,0,0,0,0,0,33,35,51,0,1,2,45,1,6,2,1,0,0,6,54,1,1,1,52,0,1
42,420584,2,2,5,13,7,15,57,12,2,1,0,42,2,12,37,12037,5,2003,3FAFP37393R1,3,F,A,F,P,3,7,3,9,3,R,1,0,P,FORD,FX5,5D,3,17,2600,,0,1030,,G,,F,4,121,,,15R195,,,,,,0,0,000000000,00000000000,0,0,0,1,0,0,0,0,0,0,0,40,0,0,0,12,12,6,2,12,0,0,0,1,42,19151,6,1,0,0,3,3,74,999,0,7,0,0,0,8,2008,12,2010,0,0,0,0,0,1,2,45,1,5,2,1,0,0,1,54,6,1,1,52,1,0
42,420585,1,1,4,3,7,0,55,44,0,1,0,42,2,37,33,37033,2,1994,JHMBA8147RC0,J,H,M,B,A,8,1,4,7,R,C,0,0,P,HOND,PRS,CP,94,17,2672,,0,1004,,G,,F,4,132,,,14R185,,,,,,0,0,000000000,00000000000,0,0,0,1,0,0,0,0,0,0,0,73,0,1,5,0,13,6,2,42,0,0,0,1,42,19344,6,2,0,0,3,2,67,999,0,0,0,0,0,0,0,0,0,1,82,73,52,0,1,2,40,1,6,2,1,3,3,1,6,99,1,1,0,4,0
42,420586,1,1,1,26,7,15,45,30,0,1,0,42,1,37,402,37402,14,2011,5J6RE4H31BL0,5,J,6,R,E,4,H,3,1,B,L,0,0,P,HOND,CRV,UT,11,17,3503,,0,1031,,G,,F,4,146,,,17R225,,,,,,0,0,000000000,00000000000,0,0,0,1,0,0,0,0,0,0,0,999,0,0,0,11,11,6,2,30,0,0,0,1,42,18901,6,1,0,0,3,0,69,999,0,0,0,0,0,0,0,0,0,0,51,0,0,0,1,2,35,1,1,2,1,0,0,1,12,1,1,4,6,1,0
42,420587,1,1,2,3,7,23,30,8,0,1,0,42,1,22,22,22022,4,2006,1G2ZG5581641,1,G,2,Z,G,5,5,8,1,6,4,1,0,P,PONT,GS1,4D,6,17,3419,,0,1123,,G,,F,6,214,,,16R215,,,,,,0,0,000000000,00000000000,0,0,0,1,0,0,0,0,0,0,0,60,0,0,0,12,12,6,2,8,0,0,0,1,42,17055,6,1,0,0,3,3,66,999,0,0,0,0,0,0,0,0,0,0,0,0,0,0,2,2,65,1,1,2,1,0,0,1,11,1,1,4,13,0,1
42,420588,1,2,2,9,4,11,32,12,2,1,0,42,1,6,51,6051,4,2000,2C3HE66G4YH2,2,C,3,H,E,6,6,G,4,Y,H,2,0,P,CHRY,30M,4D,0,17,3499,,0,1130,,G,,F,6,215,,,17R225,,,,,,0,0,000000000,00000000000,0,0,0,1,0,0,0,0,0,0,0,999,0,0,0,12,12,6,2,12,0,0,0,1,42,17104,6,1,0,0,3,3,64,999,1,0,0,0,1,12,2009,3,2010,1,51,0,0,0,1,3,35,1,5,2,2,0,0,1,54,1,1,1,52,0,0
42,420588,2,2,1,9,4,11,32,12,2,1,0,42,1,20,441,20441,20,1991,1GCDM15Z0MB1,1,G,C,D,M,1,5,Z,0,M,B,1,0,T,CHEV,AST,CG,91,17,,1,0,1110,AST,G,,,6,262,,,,B,3362,04,,42,0,0,000000000,00000000000,0,0,0,1,0,0,0,0,0,0,0,999,0,0,0,12,12,6,2,12,0,0,0,1,42,17104,6,1,6,0,3,0,68,999,0,0,0,0,0,0,0,0,0,0,0,0,0,0,5,2,35,1,1,2,2,0,0,1,54,1,1,1,52,1,0
42,420589,1,1,1,3,7,18,32,1,0,1,0,42,2,37,706,37706,80,1998,JH2SC3304WM2,J,H,2,S,C,3,3,0,4,W,M,2,0,M,HOND,CR9,RC,98,17,,,,,,,919,,4,,4,397,,,,,,,0,0,000000000,00000000000,0,0,0,1,0,0,0,0,0,0,0,57,0,0,0,0,0,6,2,1,0,0,0,1,42,15101,6,1,0,0,2,0,70,999,0,1,1,0,0,11,2008,3,2011,1,51,58,0,0,1,2,35,2,5,2,1,0,0,14,98,7,1,2,98,1,1
42,420590,1,1,1,16,7,9,45,2,0,1,0,42,1,20,2,20002,1,1978,1L69U8J25047,1,L,6,9,U,8,J,2,5,0,4,7,0,P,CHEV,IMP,4D,78,13,3510,,0,1160,,G,,2,8,305,,,15FR78,,,,,,0,0,000000000,00000000000,0,0,0,1,0,0,0,0,0,0,0,999,0,0,0,0,0,6,2,2,0,0,1,1,42,16201,6,1,0,0,3,0,67,999,0,0,0,0,0,0,0,0,0,0,0,0,0,0,1,2,35,3,1,2,1,0,0,14,98,1,1,1,0,1,0
42,420591,1,1,1,3,7,2,11,24,0,1,0,42,2,6,52,6052,6,2004,3C8FY78G64T2,3,C,8,F,Y,7,8,G,6,4,T,2,0,P,CHRY,PTC,SV,4,17,3217,,0,1030,,G,,T,4,148,,,17R205,,,,,,0,0,000000000,00000000000,0,0,0,1,0,0,0,0,0,0,0,999,0,1,2,5,0,6,2,1,0,0,0,1,42,15025,0,0,0,0,0,0,71,999,0,2,0,0,0,8,2008,4,2011,1,37,58,0,0,1,2,30,2,6,2,2,0,0,14,6,6,4,4,7,1,1
42,420592,1,2,4,30,7,23,14,12,1,1,0,42,2,10,37,10037,3,1993,4E3CF34B0PE0,4,E,3,C,F,3,4,B,0,P,E,0,0,P,EGIL,TDL,2H,93,17,2549,,0,972,,G,,F,4,107,,,14R185,,,,,,0,0,000000000,00000000000,0,0,0,1,0,0,0,0,0,0,0,55,2,0,0,12,12,6,2,12,0,0,0,1,42,16503,6,1,0,0,3,0,78,999,0,0,0,0,0,0,0,0,0,1,26,0,0,0,1,2,55,1,1,2,1,0,0,1,50,3,2,1,20,1,0
42,420592,2,2,1,30,7,23,14,12,1,1,0,42,1,2,407,2407,14,2011,1J4NF1GB8BD1,1,J,4,N,F,1,G,B,8,B,D,1,0,T,JEEP,SPO,4W,11,17,,1,0,1037,PRT,G,,,4,146,,,,,3261,00,W,44,0,0,000000000,00000000000,0,0,0,1,0,0,0,0,0,0,0,0,0,0,0,6,6,6,2,12,0,0,0,1,42,16407,6,1,0,0,3,0,70,999,0,0,0,0,0,0,0,0,0,0,0,0,0,0,1,2,55,1,1,2,1,0,0,5,53,1,1,1,22,0,0
42,420593,1,2,1,2,7,11,17,12,6,1,0,42,1,22,20,22020,4,1994,1G2WJ52M2RF3,1,G,2,W,J,5,2,M,2,R,F,3,0,P,PONT,GFS,4D,94,17,3370,,0,1075,,G,,F,6,191,,,15R205,,,,,,0,0,000000000,00000000000,0,0,0,1,0,0,0,0,0,0,0,5,2,0,0,12,12,6,2,12,0,0,0,1,42,17307,6,1,0,0,3,0,62,999,0,0,0,0,0,0,0,0,0,0,38,30,0,0,0,0,0,0,0,0,0,0,0,1,98,1,1,7,88,1,0
42,420593,2,2,1,2,7,11,17,12,6,1,0,42,3,84,881,84881,66,2007,2HSCNAPR37C3,2,H,S,C,N,A,P,R,3,7,C,3,1,T,INTL,94I,TR,7,17,,8,0,0,940,D,,,6,915,,,,,00000,00,,64,1,57,00318756,5700318756,3,6,1,1,0,0,0,0,0,0,0,25,0,0,0,9,9,2,1,12,0,0,0,1,42,17404,6,1,6,1,3,0,71,999,1,0,0,0,0,6,2011,6,2011,0,0,0,0,0,1,2,30,1,1,2,1,0,0,1,71,1,1,1,89,0,0
42,420594,1,1,2,18,7,2,6,17,0,1,1,42,2,63,34,63034,4,2004,KNAGD1263453,K,N,A,G,D,1,2,6,3,4,5,3,0,P,KIA,OLE,4D,4,17,3281,,0,1063,,G,,F,4,144,,,15R205,,,,,,0,0,000000000,00000000000,0,0,0,1,0,0,0,0,0,0,0,60,0,1,6,14,0,6,4,1,0,0,0,1,42,18707,0,0,0,0,0,0,999,999,0,0,0,0,0,0,0,0,0,1,52,0,0,0,4,1,25,1,1,4,1,0,0,1,13,1,1,4,1,1,0
42,420595,1,2,1,28,7,20,11,54,11,1,0,42,1,73,705,73705,80,2009,JKAKXGEC69A0,J,K,A,K,X,G,E,C,6,9,A,0,0,M,KAWK,K4E,MX,9,17,,,,,,,449,,1,,4,247,,,,,,,0,0,000000000,00000000000,0,0,0,1,0,0,0,0,0,0,0,25,0,0,0,18,0,2,3,54,0,0,0,1,42,15742,6,1,0,0,2,0,71,999,0,0,0,0,0,0,0,0,0,0,36,39,0,0,1,2,25,1,5,2,2,20,3,1,17,2,1,1,98,1,0
42,420595,2,2,1,28,7,20,11,54,11,1,0,42,1,7,482,7482,31,2001,3B7HF13Z01G2,3,B,7,H,F,1,3,Z,0,1,G,2,0,T,DODG,Q15,4C,1,17,,2,1547,1387,RPC,G,,,8,360,,,,B,5008,01,U,44,0,0,000000000,00000000000,0,0,0,1,0,0,0,0,0,0,0,40,0,0,0,12,12,2,1,54,0,0,0,1,42,15742,6,1,0,0,3,0,63,999,1,0,0,0,0,1,2009,1,2009,0,0,0,0,0,1,2,40,1,1,2,2,0,0,1,66,1,1,1,98,0,0
42,420596,1,1,1,31,7,18,49,52,0,1,0,42,1,72,706,72706,80,1988,1HD4CAM18JY1,1,H,D,4,C,A,M,1,8,J,Y,1,0,M,HD,XL8,RS,88,17,,,,,,,883,,2,,4,465,,,,,,,0,0,000000000,00000000000,0,0,0,1,0,0,0,0,0,0,0,999,0,0,0,1,1,6,2,52,0,0,0,1,42,19606,6,1,0,0,3,3,66,999,0,0,0,0,0,0,0,0,0,1,58,0,0,0,1,2,45,3,6,2,1,0,0,14,6,1,2,4,2,1,1
42,420597,1,1,1,30,7,13,50,1,0,1,0,24,2,37,705,37705,80,2002,JH2PC35042M3,J,H,2,P,C,3,5,0,4,2,M,3,0,M,HOND,CF4,RC,2,17,,,,,,,599,,4,,4,370,,,,,,,0,0,000000000,00000000000,0,0,0,1,0,0,0,0,0,0,0,999,0,0,0,0,0,2,1,1,0,0,0,1,24,21787,6,1,0,0,3,0,71,156,0,0,0,0,0,0,0,0,0,0,82,0,0,0,1,2,0,3,6,2,1,0,0,14,5,99,1,1,98,1,0
42,420598,1,1,3,18,7,9,28,5,0,1,0,42,3,98,809,98809,63,2004,2FZHCHDC64AN,2,F,Z,H,C,H,D,C,6,4,A,N,0,T,STRG,ACT,CC,4,17,,8,0,0,STE,D,,,6,441,,,,,00000,00,,64,0,88,888888888,88888888888,3,1,7,1,0,0,0,0,0,0,0,999,0,0,0,0,0,0,1,5,42,0,0,1,42,19013,6,1,6,1,3,0,73,999,0,0,0,0,0,0,0,0,0,0,0,0,0,0,1,2,25,1,1,2,1,0,0,1,98,1,1,1,0,1,0
42,420599,1,1,1,6,7,23,29,33,0,1,0,42,2,20,25,20025,4,2011,1G1PD5SH5B71,1,G,1,P,D,5,S,H,5,B,7,1,0,P,CHEV,CZL,4D,11,17,3102,,0,1057,,G,,F,4,110,,,16R215,,,,,,0,0,000000000,00000000000,0,0,0,1,0,0,0,0,0,0,0,999,0,0,0,98,2,6,2,39,0,0,0,1,42,15601,6,1,0,0,3,3,64,999,0,0,0,0,1,8,2008,8,2008,1,58,0,0,0,1,2,40,3,4,2,1,0,0,14,13,6,4,4,2,1,1
42,420600,1,2,1,17,7,10,50,12,6,1,0,42,1,20,16,20016,4,2004,1G1JC52F4472,1,G,1,J,C,5,2,F,4,4,7,2,0,P,CHEV,CAV,4D,4,17,2676,,0,1041,,G,,F,4,134,,,14R195,,,,,,0,0,000000000,00000000000,0,0,0,1,0,0,0,0,0,0,0,10,0,0,0,10,10,6,2,12,0,0,0,1,42,16828,6,1,0,0,3,3,65,999,1,0,0,0,1,8,2009,7,2010,0,38,0,0,0,1,2,45,1,1,2,1,20,3,11,15,1,1,1,82,1,0
42,420600,2,2,2,17,7,10,50,12,6,1,0,42,2,7,43,7043,4,2000,1B3EJ46X5YN2,1,B,3,E,J,4,6,X,5,Y,N,2,0,P,DODG,SSE,4D,0,17,2937,,0,1080,,G,,F,4,148,,,14R195,,,,,,0,0,000000000,00000000000,0,0,0,1,0,0,0,0,0,0,0,55,0,0,0,12,12,6,2,12,0,0,0,1,42,17870,6,1,0,0,3,3,63,999,0,0,0,0,0,0,0,0,0,0,0,0,0,0,1,2,55,1,1,2,1,0,0,1,67,2,1,1,83,0,0
42,420601,1,1,1,16,7,21,37,42,0,1,0,42,2,24,7,24007,4,2003,1G8AV12F13Z1,1,G,8,A,V,1,2,F,1,3,Z,1,0,P,STRN,SI3,C4,3,17,2769,,0,1032,,G,,F,4,134,,,16R205,,,,,,0,0,000000000,00000000000,0,0,0,1,0,0,0,0,0,0,0,999,0,0,0,3,3,6,2,42,0,0,0,1,42,17042,6,1,0,0,3,1,61,999,0,0,0,0,0,0,0,0,0,1,51,0,0,0,1,2,45,2,1,2,1,0,0,14,10,9,4,4,2,1,0
42,420602,1,1,2,10,7,4,19,35,0,1,0,42,2,55,37,55037,2,2003,KMHHN65F53U0,K,M,H,H,N,6,5,F,5,3,U,0,0,P,HYUN,TGT,CP,3,17,3015,,0,996,,G,,F,6,162,,,17R215,,,,,,0,0,000000000,00000000000,0,0,0,1,0,0,0,0,0,0,0,999,0,1,1,11,0,6,2,1,0,0,0,1,42,17331,6,1,0,0,3,0,69,999,0,2,2,0,0,2,2010,10,2010,1,58,0,0,0,1,2,35,2,5,2,1,0,0,14,6,99,3,4,2,1,1
42,420603,1,2,1,22,7,11,23,12,2,1,0,42,2,49,51,49051,3,2007,JTDJT9234750,J,T,D,J,T,9,2,3,4,7,5,0,0,P,TOYT,YAR,2H,7,17,2290,,0,969,,G,,F,4,092,,,14R175,,,,,,0,0,000000000,00000000000,0,0,0,1,0,0,0,0,0,0,0,40,2,0,0,12,12,6,2,12,0,0,0,1,42,16145,6,1,0,0,3,0,68,999,1,0,0,0,0,3,2011,3,2011,0,51,0,0,0,1,2,40,1,6,2,1,0,0,1,10,99,1,2,50,1,0
42,420603,2,2,1,22,7,11,23,12,2,1,0,92,0,12,881,12881,63,1989,1FDXR82A1KVA,1,F,D,X,R,8,2,A,1,K,V,A,0,T,FORD,N8F,CC,89,17,,7,2580,1380,CON,D,,,6,473,,,,KN,00000,00,A,42,0,88,888888888,88888888888,3,2,4,1,0,0,0,0,0,0,0,40,0,0,0,12,12,6,2,12,0,0,0,1,42,16323,6,1,0,0,1,0,73,999,0,1,1,2,0,9,2008,6,2011,0,0,0,0,0,1,2,40,1,5,2,1,0,0,1,62,3,2,1,51,0,0
42,420604,1,2,1,16,7,8,39,12,6,1,0,42,1,12,23,12023,4,2006,3FAFP07Z96R1,3,F,A,F,P,0,7,Z,9,6,R,1,0,P,FORD,F/E,4D,6,17,3101,,0,1074,,G,,F,4,140,,,16R205,,,,,,0,0,000000000,00000000000,0,0,0,1,0,0,0,0,0,0,0,15,0,0,0,10,10,6,2,12,0,0,0,1,42,16635,6,1,0,0,3,0,65,999,0,0,0,0,0,0,0,0,0,0,38,0,0,0,1,2,35,1,1,2,1,20,3,11,15,1,1,1,82,1,0
42,420604,2,2,1,16,7,8,39,12,6,1,0,42,1,7,472,7472,31,1997,1B7FL26X6VS2,1,B,7,F,L,2,6,X,6,V,S,2,0,T,DODG,DAK,PK,97,17,,1,1239,1119,DAK,G,,,6,239,,,,B,3200,01,E,42,0,0,000000000,00000000000,0,0,0,1,0,0,0,0,0,0,0,55,0,0,0,12,12,6,2,12,0,0,0,1,42,16669,6,1,0,0,3,0,71,999,0,0,0,0,0,0,0,0,0,0,0,0,0,0,1,3,55,1,1,2,1,0,0,1,67,2,1,1,83,0,0
42,420605,1,1,1,25,7,16,5,30,0,1,0,42,1,20,473,20473,30,2009,1GCDT14EX981,1,G,C,D,T,1,4,E,X,9,8,1,0,T,CHEV,RDO,PK,9,17,,1,0,1113,CAL,G,,,5,226,,,,B,3684,00,,44,0,0,000000000,00000000000,0,0,0,1,0,0,0,0,0,0,0,999,0,1,2,1,0,6,2,1,0,0,0,1,42,15238,6,1,0,0,3,0,68,999,0,0,0,0,0,0,0,0,0,0,99,99,99,99,1,2,35,3,6,2,1,0,0,14,13,1,1,4,1,1,0
42,420606,1,1,1,30,7,22,30,30,0,1,0,42,1,73,709,73709,80,2006,JKBZXJC146A0,J,K,B,Z,X,J,C,1,4,6,A,0,0,M,KAWK,X63,RC,6,17,,,,,,,636,,4,,4,362,,,,,,,0,0,000000000,00000000000,0,0,0,1,0,0,0,0,0,0,0,999,0,0,0,12,12,6,9,30,0,0,0,1,42,19148,6,1,0,0,3,3,67,999,0,0,0,0,0,0,0,0,0,0,36,0,0,0,4,2,99,1,1,2,1,0,0,98,8,1,7,4,7,1,0
42,420607,1,1,1,18,7,2,13,1,0,1,0,42,1,53,706,53706,80,2003,JS1VT52A4321,J,S,1,V,T,5,2,A,4,3,2,1,0,M,SUZI,TLR,RC,3,17,,,,,,,996,,2,,4,434,,,,,,,0,0,000000000,00000000000,0,0,0,1,0,0,0,0,0,0,0,999,0,0,0,0,98,6,2,1,0,0,0,1,42,18708,6,1,0,0,2,0,74,999,0,0,0,0,0,0,0,0,0,1,51,0,0,0,1,2,25,1,5,2,1,0,0,1,98,1,1,2,98,1,1
42,420608,1,2,2,10,7,15,45,12,6,1,0,42,1,18,22,18022,4,2011,1G4GC5ED9BF2,1,G,4,G,C,5,E,D,9,B,F,2,0,P,BUIC,LAL,4D,11,17,4026,,0,1117,,G,,F,6,220,,,18R235,,,,,,0,0,000000000,00000000000,0,0,0,1,0,0,0,0,0,0,0,999,0,0,0,10,10,6,2,12,0,0,0,1,42,19026,6,1,0,0,3,3,69,999,0,0,0,0,0,0,0,0,0,0,38,0,0,0,1,2,40,1,1,2,1,20,3,1,17,1,1,1,89,1,0
42,420608,2,2,1,10,7,15,45,12,6,1,0,42,1,62,401,62401,14,1996,SALJY1246TA1,S,A,L,J,Y,1,2,4,6,T,A,1,0,T,LNDR,DIS,4W,96,17,,2,0,1000,DIS,G,,,8,241,,,,,4465,00,E,44,0,0,000000000,00000000000,0,0,0,1,0,0,0,0,0,0,0,999,0,0,0,12,12,6,2,12,0,0,0,1,42,19320,6,1,0,0,3,3,66,999,0,0,0,0,0,0,0,0,0,0,0,0,0,0,1,2,35,1,6,2,1,0,0,1,66,99,1,1,88,0,0
42,420609,1,2,2,14,7,14,45,12,8,1,0,42,1,23,401,23401,14,2003,1GKDT13S6323,1,G,K,D,T,1,3,S,6,3,2,3,0,T,GMC,ENV,4W,3,17,,1,0,1130,ENV,G,,,6,256,,,,B,4600,00,E,44,0,0,000000000,00000000000,0,0,0,1,0,0,0,0,0,0,0,999,0,0,0,11,11,6,2,12,0,0,0,1,42,15857,6,1,0,0,3,3,68,999,0,0,0,0,0,0,0,0,0,0,51,0,0,0,1,2,25,3,5,2,1,0,0,14,54,12,1,2,66,0,0
42,420609,2,2,1,14,7,14,45,12,8,1,0,42,1,12,17,12017,4,2002,1FAFP53U22A1,1,F,A,F,P,5,3,U,2,2,A,1,0,P,FORD,TSE,4D,2,17,3355,,0,1085,,G,,F,6,182,,,16R215,,,,,,0,0,000000000,00000000000,0,0,0,1,0,0,0,0,0,0,0,999,0,0,0,11,11,6,2,12,0,0,0,1,42,15857,6,1,0,0,3,0,60,999,0,0,0,0,0,0,0,0,0,0,0,0,0,0,1,2,25,2,6,2,1,0,0,14,54,1,1,1,66,1,0
42,420610,1,1,1,29,7,18,26,33,0,1,0,42,2,12,461,12461,21,2000,1FTNE24LXYHB,1,F,T,N,E,2,4,L,X,Y,H,B,0,T,FORD,25V,CG,0,17,,2,0,1380,VAN,G,,,8,330,,,,C,5012,02,M,42,0,0,000000000,00000000000,0,0,0,1,0,0,0,0,0,0,0,999,0,0,0,1,12,6,2,19,0,0,0,1,42,19120,0,0,0,0,0,0,70,999,0,1,0,0,0,7,2009,7,2009,1,58,0,0,0,4,1,25,2,6,2,1,0,0,14,13,1,1,4,1,1,1
42,420611,1,1,1,13,7,20,0,1,0,1,0,42,1,12,402,12402,14,2006,1FMYU92Z86KA,1,F,M,Y,U,9,2,Z,8,6,K,A,0,P,FORD,SPE,UT,6,17,3346,,0,1031,,G,,F,4,140,,,15R225,,,,,,0,0,000000000,00000000000,0,0,0,1,0,0,0,0,0,0,0,999,0,1,6,0,13,6,2,42,0,0,0,1,42,16701,6,1,0,0,3,3,67,999,0,0,0,0,0,0,0,0,0,0,58,0,0,0,1,2,45,3,1,2,1,0,0,14,13,99,3,4,2,1,0
42,420612,1,2,5,7,7,15,50,12,6,1,0,42,1,20,2,20002,4,2003,2G1WH55K3391,2,G,1,W,H,5,5,K,3,3,9,1,0,P,CHEV,IPL,4D,3,17,3466,,0,1105,,G,,F,6,231,,,16R225,,,,,,0,0,000000000,00000000000,0,0,0,1,0,0,0,0,0,0,0,999,0,0,0,9,9,6,2,12,0,0,0,1,42,19040,6,1,0,0,3,0,65,999,0,0,0,0,0,0,0,0,0,0,38,0,0,0,1,2,25,1,1,2,2,20,3,11,15,1,1,1,82,1,0
42,420612,2,2,1,7,7,15,50,12,6,1,0,42,1,12,471,12471,30,1994,1FTCR14X9RTA,1,F,T,C,R,1,4,X,9,R,T,A,0,T,FORD,RNS,PC,94,17,,1,0,1250,RNG,G,,,6,245,,,,B,3208,00,A,42,0,0,000000000,00000000000,0,0,0,1,0,0,0,0,0,0,0,999,0,0,0,11,11,6,2,12,0,0,0,1,42,19522,6,1,6,0,3,1,70,999,0,0,0,0,0,0,0,0,0,0,0,0,0,0,1,2,35,1,1,2,2,0,0,1,67,99,1,1,83,0,0
42,420613,1,2,1,15,7,18,50,54,11,1,0,42,1,73,709,73709,80,2001,JKAZRDH111A0,J,K,A,Z,R,D,H,1,1,1,A,0,0,M,KAWK,ZRH,RS,1,17,,,,,,,750,,4,,4,463,,,,,,,0,0,000000000,00000000000,0,0,0,1,0,0,0,0,0,0,0,999,0,0,0,18,9,4,3,54,0,0,0,1,42,17601,6,1,0,0,3,3,72,999,0,0,0,1,0,11,2009,11,2009,1,0,0,0,0,1,2,35,3,6,2,1,0,0,14,6,7,1,2,98,1,0
42,420613,2,2,1,15,7,18,50,54,11,1,0,26,3,20,461,20461,21,2008,1GCGG25C0811,1,G,C,G,G,2,5,C,0,8,1,1,0,T,CHEV,E25,CG,8,17,,2,0,1350,EXP,G,,,8,293,,,,C,5338,00,,42,0,0,000000000,00000000000,0,0,0,1,0,0,0,0,0,0,0,999,0,0,0,1,1,4,3,54,0,0,0,1,42,17601,6,1,0,0,3,3,70,999,1,0,0,1,0,11,2010,12,2010,0,0,0,0,0,1,2,35,1,4,2,1,0,0,1,62,8,1,1,98,0,0
42,420614,1,1,2,22,7,1,55,33,0,1,1,42,2,35,443,35443,20,2000,4N2XN11T2YD8,4,N,2,X,N,1,1,T,2,Y,D,8,0,P,NISS,QST,SV,0,17,3738,,0,1122,,G,,F,6,201,,,15R215,,,,,,0,0,000000000,00000000000,0,0,0,1,0,0,0,0,0,0,0,999,0,1,1,99,0,6,4,1,0,0,0,1,99,99999,9,9,99,9,9,9,999,999,99,99,99,99,99,99,9999,99,9999,1,52,0,0,0,2,3,40,1,1,2,1,0,0,1,13,99,1,4,1,1,0
42,420615,1,1,1,29,7,9,36,8,0,1,0,42,1,12,17,12017,4,2004,1FAFP53U44A1,1,F,A,F,P,5,3,U,4,4,A,1,0,P,FORD,TSE,4D,4,17,3306,,0,1085,,G,,F,6,182,,,16R215,,,,,,0,0,000000000,00000000000,0,0,0,1,0,0,0,0,0,0,0,45,0,0,0,9,9,2,1,8,0,0,0,1,42,16146,6,1,0,0,3,0,68,999,0,0,0,0,0,0,0,0,0,1,35,33,51,0,1,2,45,1,6,2,2,0,0,6,54,7,3,4,2,0,0
42,420616,1,2,2,18,8,17,22,12,6,1,0,42,1,14,17,14017,4,2005,1MEFM55S45A6,1,M,E,F,M,5,5,S,4,5,A,6,0,P,MERC,SLP,4D,5,17,3369,,0,1085,,G,,F,6,183,,,16R215,,,,,,0,0,000000000,00000000000,0,0,0,1,0,0,0,0,0,0,0,999,0,0,0,7,7,6,2,12,0,0,0,1,42,15146,6,1,0,0,3,3,60,999,0,0,0,0,0,0,0,0,0,0,38,0,0,0,1,2,25,1,1,2,1,20,3,4,17,1,1,1,89,1,0