STATE,ST_CASE,VEH_NO,VE_FORMS,NUMOCCS,DAY,MONTH,HOUR,MINUTE,HARM_EV,MAN_COLL,UNITTYPE,HIT_RUN,REG_STAT,OWNER,MAKE,MODEL,MAK_MOD,BODY_TYP,MOD_YEAR,VIN,VIN_1,VIN_2,VIN_3,VIN_4,VIN_5,VIN_6,VIN_7,VIN_8,VIN_9,VIN_10,VIN_11,VIN_12,TOW_VEH,VINTYPE,VINMAKE,VINA_MOD,VIN_BT,VINMODYR,VIN_LNGT,VIN_WGT,WGTCD_TR,WHLBS_LG,WHLBS_SH,SER_TR,FUELCODE,MCYCL_DS,CARBUR,CYLINDER,DISPLACE,MCYCL_CY,MCYCL_WT,TIRE_SZE,TON_RAT,TRK_WT,TRKWTVAR,VIN_REST,WHLDRWHL,J_KNIFE,MCARR_I1,MCARR_I2,MCARR_ID,GVWR,V_CONFIG,CARGO_BT,HAZ_INV,HAZ_PLAC,HAZ_ID,HAZ_CNO,HAZ_REL,BUS_USE,SPEC_USE,EMER_USE,TRAV_SP,UNDERIDE,ROLLOVER,ROLINLOC,IMPACT1,IMPACT2,DEFORMED,TOWED,M_HARM,VEH_SC1,VEH_SC2,FIRE_EXP,DR_PRES,L_STATE,DR_ZIP,L_STATUS,L_TYPE,CDL_STAT,L_ENDORS,L_COMPL,L_RESTRI,DR_HGT,DR_WGT,PREV_ACC,PREV_SUS,PREV_DWI,PREV_SPD,PREV_OTH,FIRST_MO,FIRST_YR,LAST_MO,LAST_YR,SPEEDREL,DR_SF1,DR_SF2,DR_SF3,DR_SF4,VTRAFWAY,VNUM_LAN,VSPD_LIM,VALIGN,VPROFILE,VPAVETYP,VSURCOND,VTRAFCON,VTCONT_F,P_CRASH1,P_CRASH2,P_CRASH3,PCRASH4,PCRASH5,ACC_TYPE,DEATHS,DR_DRINK
42,420711,2,2,1,30,8,13,41,12,6,1,0,42,1,37,703,37703,80,2008,JH2MC13078K4,J,H,2,M,C,1,3,0,7,8,K,4,0,M,HOND,CMX,RS,8,17,,,,,,,234,,2,,4,306,,,,,,,0,0,000000000,00000000000,0,0,0,1,0,0,0,0,0,0,0,999,0,0,0,12,12,9,3,12,0,0,0,1,42,16510,6,1,0,0,3,0,72,999,0,0,0,0,0,0,0,0,0,0,0,0,0,0,1,2,45,1,1,2,1,0,0,1,67,98,7,1,83,1,0
42,420712,1,2,1,4,8,13,1,12,2,1,0,42,1,20,471,20471,30,2002,1GCCS19WX281,1,G,C,C,S,1,9,W,X,2,8,1,0,T,CHEV,S14,3C,2,17,,1,0,1229,S,G,,,6,262,,,,B,3198,00,,42,0,0,000000000,00000000000,0,0,0,1,0,0,0,0,0,0,0,999,0,0,0,12,12,6,2,12,0,0,0,1,42,18706,6,1,0,0,3,0,72,999,0,0,0,1,0,6,2010,6,2010,1,28,26,21,0,1,4,45,1,1,2,1,0,0,1,51,3,4,2,50,0,0
42,420712,2,2,2,4,8,13,1,12,2,1,0,42,1,20,2,20002,4,2006,2G1WT55K4691,2,G,1,W,T,5,5,K,4,6,9,1,0,P,CHEV,IMT,4D,6,17,3477,,0,1105,,F,,F,6,214,,,16R225,,,,,,0,0,000000000,00000000000,0,0,0,1,0,0,0,0,0,0,0,999,0,0,0,12,12,6,2,12,0,0,0,1,42,18634,6,1,0,0,3,1,65,999,0,0,0,0,0,0,0,0,0,0,0,0,0,0,1,4,45,1,1,2,1,0,0,1,62,1,1,1,51,2,0
42,420713,1,1,1,28,8,2,10,33,0,1,0,42,1,59,34,59034,4,1993,JT8JS47E0P00,J,T,8,J,S,4,7,E,0,P,0,0,0,P,LEXS,GS3,4D,93,17,3625,,0,1094,,G,,F,6,183,,,16R215,,,,,,0,0,000000000,00000000000,0,0,0,1,0,0,0,0,0,0,0,999,0,0,0,9,9,6,2,42,0,0,0,1,42,17356,6,1,0,0,3,0,72,999,1,0,0,2,6,7,2009,4,2011,1,36,0,0,0,1,2,35,1,1,2,2,0,0,1,13,1,1,4,1,1,1
42,420714,1,1,1,22,8,3,45,30,0,1,0,42,2,12,880,12880,67,2011,1FDUF4GY0BEA,1,F,D,U,F,4,G,Y,0,B,E,A,0,T,FORD,F4D,CB,11,17,,5,2002,1408,DRW,G,,,10,415,,,,D,6688,04,Y,42,0,99,999999999,99999999999,2,1,97,1,0,0,0,0,0,0,0,999,0,0,0,12,12,6,2,30,0,0,0,1,42,18510,6,1,6,1,3,0,66,999,0,0,0,0,0,0,0,0,0,0,58,0,0,0,1,2,35,2,1,2,1,0,0,14,10,1,1,4,6,1,0
42,420715,1,2,2,23,8,17,15,12,8,1,0,42,1,53,705,53705,80,2004,JS1GR7JA4421,J,S,1,G,R,7,J,A,4,4,2,1,0,M,SUZI,SRK,RC,4,17,,,,,,,749,,4,,4,465,,,,,,,0,0,000000000,00000000000,0,0,0,1,0,0,0,0,0,0,0,80,0,0,0,11,11,6,2,12,0,0,0,1,42,19518,6,1,0,0,2,3,71,999,0,0,0,0,0,0,0,0,0,1,28,0,0,0,1,2,35,1,1,2,1,0,0,1,10,3,4,2,64,2,1
42,420715,2,2,1,23,8,17,15,12,8,1,0,42,1,7,442,7442,20,2008,2D8HN54P48R8,2,D,8,H,N,5,4,P,4,8,R,8,0,T,DODG,GSX,ES,8,17,,2,0,1212,CAR,G,,,6,232,,,,,4483,00,7,42,0,0,000000000,00000000000,0,0,0,1,0,0,0,0,0,0,0,10,0,0,0,10,10,6,2,12,0,0,0,1,42,19508,6,1,0,0,3,0,69,999,0,0,0,2,0,9,2008,3,2011,0,0,0,0,0,1,2,35,1,1,2,1,0,0,1,62,7,1,1,65,0,0
42,420716,1,1,1,28,8,4,40,14,0,1,0,42,1,6,16,6016,4,1991,3C3XA56K4MT5,3,C,3,X,A,5,6,K,4,M,T,5,0,P,CHRY,LBA,4D,91,17,2962,,0,1033,,G,,F,4,153,,,14R195,,,,,,0,0,000000000,00000000000,0,0,0,1,0,0,0,0,0,0,0,999,0,0,0,12,12,6,2,14,0,0,0,1,42,17042,6,1,0,0,3,0,67,999,0,0,0,0,0,0,0,0,0,1,28,77,0,0,1,2,35,1,1,2,2,0,0,1,6,99,1,4,11,1,0
42,420717,1,1,1,21,8,2,0,42,0,1,0,42,2,12,16,12016,4,1999,2FAFP74W6XX1,2,F,A,F,P,7,4,W,6,X,X,1,0,P,FORD,CVL,4D,99,17,3917,,0,1147,,G,,F,8,281,,,16R225,,,,,,0,0,000000000,00000000000,0,0,0,1,0,0,0,0,0,0,0,999,0,0,0,12,9,6,2,42,99,99,0,1,42,19121,0,0,0,0,0,0,74,999,0,15,0,0,0,6,2009,3,2011,0,99,99,99,99,1,2,40,2,3,2,1,0,0,14,12,1,1,4,6,1,1
42,420718,1,2,1,4,8,12,15,12,2,1,0,39,2,20,402,20402,14,2002,2CNBJ7342269,2,C,N,B,J,7,3,4,2,2,6,9,0,P,CHEV,TKR,UT,2,17,2987,,0,976,,G,,F,6,152,,,15R215,,,,,,0,0,000000000,00000000000,0,0,0,1,0,0,0,0,0,0,0,50,0,0,0,12,12,6,2,12,0,0,0,1,42,16159,1,1,0,0,2,0,71,999,1,1,0,0,0,11,2010,1,2011,1,58,28,0,0,1,2,35,2,1,2,1,40,3,14,10,1,1,2,50,1,0
42,420718,2,2,1,4,8,12,15,12,2,1,0,39,1,20,870,20870,61,2003,1GBJG31U7312,1,G,B,J,G,3,1,U,7,3,1,2,0,T,CHEV,CT3,YY,3,17,,3,1770,1390,ETV,G,,,8,364,,,,D,00000,00,,42,0,57,00265752,5700265752,2,1,1,1,0,0,0,0,0,0,0,35,0,0,0,12,12,6,2,12,0,0,0,1,39,44481,6,1,0,0,3,3,72,225,1,0,0,1,0,10,2008,3,2011,0,0,0,0,0,1,2,35,1,1,2,1,40,3,1,62,1,1,1,51,0,0
42,420719,1,1,2,27,8,20,14,30,0,1,0,34,2,48,401,48401,14,2001,JF1SF65621H7,J,F,1,S,F,6,5,6,2,1,H,7,0,P,SUBA,FOR,UT,1,17,3200,,0,994,,G,,F,4,150,,,16R215,,,,,,0,0,000000000,00000000000,0,0,0,1,0,0,0,0,0,0,0,999,0,1,6,99,99,6,2,30,0,0,0,1,42,19111,6,1,0,0,3,0,68,999,0,0,0,0,0,0,0,0,0,0,99,99,99,99,1,2,25,1,1,2,2,0,0,1,13,99,1,4,1,1,1
42,420720,1,1,1,21,7,10,17,34,0,1,0,42,1,30,40,30040,4,2000,3VWSC29M0YM0,3,V,W,S,C,2,9,M,0,Y,M,0,0,P,VOLK,JGS,4D,0,17,2870,,0,989,,G,,F,4,121,,,15R195,,,,,,0,0,000000000,00000000000,0,0,0,1,0,0,0,0,0,0,0,75,0,1,5,3,3,6,2,14,0,0,0,1,42,16866,6,1,0,0,3,0,67,999,1,1,1,1,5,9,2008,11,2010,1,0,0,0,0,1,2,55,1,1,2,1,0,0,1,12,8,1,4,6,1,0
42,420721,1,7,1,1,7,16,48,12,2,1,0,34,1,7,482,7482,31,2003,3D7KU286X3G7,3,D,7,K,U,2,8,6,X,3,G,7,0,T,DODG,SQ2,CW,3,17,,2,1605,1405,RPC,D,,,6,359,,,,C,5837,07,E,44,0,0,000000000,00000000000,0,0,0,1,0,0,0,0,0,0,0,999,0,0,0,12,12,6,2,12,0,0,0,1,34,8865,9,9,99,9,9,9,999,999,99,99,99,99,99,99,9999,99,9999,0,28,0,0,0,1,2,45,2,1,2,1,0,0,14,10,3,2,2,50,0,1
42,420721,2,7,1,1,7,16,48,12,2,1,0,34,1,72,709,72709,80,2007,1HD1KB4117Y6,1,H,D,1,K,B,4,1,1,7,Y,6,0,M,HD,FHX,RS,7,17,,,,,,,1584,,2,,4,733,,,,,,,0,0,000000000,00000000000,0,0,0,1,0,0,0,0,0,0,0,999,0,0,0,12,12,6,2,12,0,0,0,1,34,7480,6,1,0,0,3,0,70,999,0,0,0,0,0,0,0,0,0,0,0,0,0,0,1,2,45,3,1,2,1,0,0,14,62,4,1,1,51,1,0
42,420721,3,7,1,1,7,16,48,12,2,1,0,34,1,72,709,72709,80,2002,1HD1DJV1X2Y6,1,H,D,1,D,J,V,1,X,2,Y,6,0,M,HD,FHC,RS,2,17,,,,,,,1450,,2,,4,758,,,,,,,0,0,000000000,00000000000,0,0,0,1,0,0,0,0,0,0,0,999,0,0,0,12,12,6,2,12,0,0,0,1,34,7442,6,1,0,0,3,0,77,999,0,0,0,0,0,0,0,0,0,0,0,0,0,0,1,2,45,3,1,2,1,0,0,14,62,4,1,1,98,1,0
42,420721,4,7,1,1,7,16,48,12,2,1,0,36,1,72,709,72709,80,2000,1HD1FDV15YY6,1,H,D,1,F,D,V,1,5,Y,Y,6,0,M,HD,FHR,RS,0,17,,,,,,,1450,,2,,4,723,,,,,,,0,0,000000000,00000000000,0,0,0,1,0,0,0,0,0,0,0,999,0,0,0,0,0,6,2,1,0,0,0,1,36,10990,6,1,0,0,3,3,72,999,0,0,0,0,0,0,0,0,0,0,0,0,0,0,1,2,45,3,1,2,1,0,0,14,62,4,1,1,98,0,0
42,420721,5,7,1,1,7,16,48,12,2,1,0,36,1,37,706,37706,80,2006,1HFSC52626A3,1,H,F,S,C,5,2,6,2,6,A,3,0,M,HOND,X13,RS,6,17,,,,,,,1312,,2,,4,669,,,,,,,0,0,000000000,00000000000,0,0,0,1,0,0,0,0,0,0,0,999,0,0,0,99,99,6,2,12,0,0,0,1,36,10918,6,1,0,0,3,3,67,999,1,0,0,1,0,8,2008,3,2010,0,0,0,0,0,1,2,45,3,1,2,1,0,0,14,62,4,1,1,98,0,0
42,420721,6,7,1,1,7,16,48,12,2,1,0,34,1,37,706,37706,80,2006,JH2SC57066M2,J,H,2,S,C,5,7,0,6,6,M,2,0,M,HOND,CBS,RC,6,17,,,,,,,998,,4,,4,388,,,,,,,0,0,000000000,00000000000,0,0,0,1,0,0,0,0,0,0,0,999,0,0,0,0,0,6,2,1,0,0,0,1,34,7074,6,1,0,0,2,0,72,999,0,0,0,0,1,12,2009,12,2009,0,0,0,0,0,1,2,45,3,1,2,1,0,0,14,62,4,1,1,98,0,0
42,420721,7,7,1,1,7,16,48,12,2,1,0,36,1,37,706,37706,80,2007,1HFSC52627A4,1,H,F,S,C,5,2,6,2,7,A,4,0,M,HOND,13R,RS,7,17,,,,,,,1312,,2,,4,669,,,,,,,0,0,000000000,00000000000,0,0,0,1,0,0,0,0,0,0,0,999,0,0,0,0,0,6,2,1,0,0,0,1,36,10974,6,1,0,0,3,0,69,999,1,0,0,0,0,9,2008,9,2008,0,0,0,0,0,1,2,45,3,1,2,1,0,0,14,62,4,1,1,98,0,0
42,420722,1,2,1,8,8,17,55,7,0,1,0,42,1,76,705,76705,80,2000,JYARJ04E7YA0,J,Y,A,R,J,0,4,E,7,Y,A,0,0,M,YAMA,R6L,RC,0,17,,,,,,,599,,4,,4,370,,,,,,,0,0,000000000,00000000000,0,0,0,1,0,0,0,0,0,0,0,45,0,0,0,0,0,4,3,7,0,0,0,1,42,15331,6,1,0,0,3,3,71,999,0,0,0,0,0,0,0,0,0,1,36,0,0,0,1,2,35,2,1,2,1,0,0,14,10,8,4,2,0,1,0
42,420722,2,2,4,8,8,17,55,7,0,1,0,42,1,63,35,63035,4,2006,KNALD1245650,K,N,A,L,D,1,2,4,5,6,5,0,0,P,KIA,AV6,4D,6,17,4012,,0,1102,,G,,F,6,213,,,16R225,,,,,,0,0,000000000,00000000000,0,0,0,1,0,0,0,0,0,0,0,30,0,0,0,11,11,2,1,12,0,0,0,1,42,15320,6,1,0,0,3,0,72,999,0,0,0,0,0,0,0,0,0,0,0,0,0,0,1,2,35,2,1,2,1,0,0,14,62,9,1,1,98,0,0
42,420723,1,1,1,27,8,6,0,9,0,1,0,42,1,52,398,52398,3,2002,4A3AC54H92E0,4,A,3,A,C,5,4,H,9,2,E,0,0,P,MITS,ECG,2H,2,17,3120,,0,1008,,G,,F,6,181,,,17R215,,,,,,0,0,000000000,00000000000,0,0,0,1,0,0,0,0,0,0,0,999,0,0,0,2,1,4,3,9,0,0,0,1,42,19104,6,1,0,0,3,0,67,999,0,1,0,1,4,5,2009,6,2010,0,0,0,0,0,1,2,25,1,1,2,1,3,3,1,84,1,1,1,13,0,0
42,420724,1,1,1,10,7,14,39,14,0,1,0,42,2,53,706,53706,88,2007,JS1GT77A9721,J,S,1,G,T,7,7,A,9,7,2,1,0,M,SUZI,XR1,RC,7,17,,,,,,,999,,4,,4,379,,,,,,,0,0,000000000,00000000000,0,0,0,1,0,0,0,0,0,0,0,130,0,0,0,1,1,6,2,14,0,0,0,1,42,17042,6,1,0,0,3,0,72,999,0,0,0,0,0,0,0,0,0,1,0,0,0,0,1,2,55,1,1,2,1,0,0,1,11,1,1,4,11,1,1
42,420725,1,1,1,11,7,16,19,30,0,1,0,42,1,49,40,49040,4,1992,JT2VK14E3N00,J,T,2,V,K,1,4,E,3,N,0,0,0,P,TOYT,CSE,4D,92,17,3197,,0,1031,,G,,F,6,181,,,000000,,,,,,0,0,000000000,00000000000,0,0,0,1,0,0,0,0,0,0,0,999,0,0,0,2,2,6,2,30,0,0,0,1,42,16117,6,1,0,0,3,0,72,999,0,0,0,0,0,0,0,0,0,0,58,87,0,0,1,2,35,3,1,2,2,0,0,14,13,99,1,4,1,1,0
42,420726,1,1,1,3,9,13,54,41,0,1,0,42,1,21,17,21017,4,1994,1G3AG55M4R63,1,G,3,A,G,5,5,M,4,R,6,3,0,P,OLDS,CIS,4D,94,17,2818,,0,1049,,G,,F,6,191,,,14R185,,,,,,0,0,000000000,00000000000,0,0,0,1,0,0,0,0,0,0,0,999,0,0,0,12,12,6,2,18,0,0,0,1,42,18431,6,1,6,0,3,0,72,999,0,0,0,0,0,0,0,0,0,0,99,99,99,99,1,2,35,1,1,2,1,0,0,1,13,1,1,4,1,1,0
42,420727,1,1,1,19,9,15,59,42,0,1,0,95,3,84,881,84881,66,2007,2HSCESBR57C2,2,H,S,C,E,S,B,R,5,7,C,2,1,T,INTL,92I,TR,7,17,,8,0,0,920,D,,,6,763,,,,,00000,00,,64,1,57,00272768,5700272768,3,6,1,1,0,0,0,0,0,0,0,65,0,0,0,1,0,6,2,2,0,0,1,1,95,99999,9,9,99,9,9,9,999,999,99,99,99,99,99,99,9999,99,9999,0,99,99,99,99,2,2,65,1,1,2,1,0,0,1,13,1,1,4,1,1,0
42,420728,1,1,1,20,9,15,40,42,0,1,0,42,1,49,40,49040,4,2002,4T1BE30KX2U6,4,T,1,B,E,3,0,K,X,2,U,6,0,P,TOYT,LXS,4D,2,17,3086,,0,1071,,G,,F,4,144,,,15R205,,,,,,0,0,000000000,00000000000,0,0,0,1,0,0,0,0,0,0,0,999,0,0,0,12,12,6,2,42,0,0,1,1,42,15627,6,1,0,0,3,0,71,999,0,0,0,0,0,0,0,0,0,0,99,99,99,99,2,2,65,3,1,2,1,0,0,14,13,1,1,4,1,1,0
42,420729,1,1,2,16,9,22,0,42,0,1,0,42,2,24,2,24002,2,2001,1G8ZP12841Z1,1,G,8,Z,P,1,2,8,4,1,Z,1,0,P,STRN,SC1,3P,1,17,2396,,0,1024,,G,,F,4,116,,,14R185,,,,,,0,0,000000000,00000000000,0,0,0,1,0,0,0,0,0,0,0,45,0,0,0,12,12,6,2,42,0,0,0,1,42,17960,6,2,0,0,3,3,63,999,0,0,0,0,1,3,2011,3,2011,0,0,0,0,0,1,2,55,2,5,2,1,0,0,14,12,1,1,4,6,1,0
42,420730,1,1,6,10,9,22,53,42,0,1,0,42,2,37,31,37031,4,2006,JHMFA16576S0,J,H,M,F,A,1,6,5,7,6,S,0,0,P,HOND,UCL,4D,6,17,2751,,0,1063,,G,,F,4,110,,,16R205,,,,,,0,0,000000000,00000000000,0,0,0,1,0,0,0,0,0,0,0,50,0,0,0,1,1,6,2,42,0,0,0,1,42,15401,6,2,0,0,3,3,66,999,0,0,0,0,0,0,0,0,0,1,53,58,0,0,1,2,25,3,5,2,1,0,0,14,6,99,9,4,2,1,1
42,420731,1,1,1,24,9,1,0,24,0,1,0,42,1,37,32,37032,2,1999,1HGCG2251XA0,1,H,G,C,G,2,2,5,1,X,A,0,0,P,HOND,UEX,CP,99,17,3241,,0,1051,,G,,F,6,183,,,16R205,,,,,,0,0,000000000,00000000000,0,0,0,1,0,0,0,0,0,0,0,999,0,1,6,10,13,6,2,1,0,0,0,1,42,16117,6,1,0,0,3,0,71,999,0,0,0,0,0,0,0,0,0,0,0,0,0,0,1,2,40,2,1,2,1,0,0,14,12,1,1,4,6,1,1
42,420732,1,1,1,16,9,16,55,5,0,1,0,6,2,37,705,37705,80,2000,JH2PC3512YM1,J,H,2,P,C,3,5,1,2,Y,M,1,0,M,HOND,CF4,RC,0,17,,,,,,,599,,4,,4,374,,,,,,,0,0,000000000,00000000000,0,0,0,1,0,0,0,0,0,0,0,100,0,0,0,0,12,6,2,5,0,0,0,1,42,17850,6,1,6,0,3,0,69,999,0,1,0,0,1,2,2011,4,2011,1,58,0,0,0,1,2,55,3,1,2,1,0,0,14,13,99,1,4,0,1,1
42,420733,1,1,1,16,9,2,0,42,0,1,0,42,1,12,481,12481,31,1979,F14HCDC1598,F,1,4,H,C,D,C,1,5,9,8,,0,T,FORD,F15,PK,79,11,,2,1670,1170,COF,G,,,8,351,,,,BC,4068,01,,44,0,0,000000000,00000000000,0,0,0,1,0,0,0,0,0,0,0,65,0,0,0,12,12,6,2,42,0,0,0,1,42,17362,6,1,0,0,3,3,66,999,0,0,0,0,0,0,0,0,0,1,99,99,99,99,1,2,45,3,1,2,1,0,0,14,13,1,1,4,1,1,1
42,420734,1,1,4,30,9,4,33,42,0,1,0,42,2,48,34,48034,6,1997,4S3BK6754V73,4,S,3,B,K,6,7,5,4,V,7,3,0,P,SUBA,UGT,SW,97,17,3180,,0,1035,,G,,F,4,150,,,16R205,,,,,,0,0,000000000,00000000000,0,0,0,1,0,0,0,0,0,0,0,45,0,0,0,1,1,6,2,5,0,0,0,1,42,17009,1,1,0,0,2,3,73,999,0,3,0,0,1,1,2009,9,2010,1,0,0,0,0,1,2,25,3,1,4,1,0,0,14,13,6,1,4,1,1,1
42,420735,1,1,1,4,9,12,30,42,0,1,0,42,1,20,481,20481,31,2003,2GCEK19TX311,2,G,C,E,K,1,9,T,X,3,1,1,0,T,CHEV,SK1,4C,3,17,,2,1575,1435,SIL,G,,,8,325,,,,B,4910,02,,44,0,0,000000000,00000000000,0,0,0,1,0,0,0,0,0,0,0,999,0,0,0,12,12,6,2,42,0,0,0,1,42,18248,6,1,0,0,3,3,75,999,0,0,0,0,0,0,0,0,0,0,99,99,99,99,1,2,45,1,5,2,1,0,0,1,13,1,1,4,1,1,0
42,420736,1,1,2,23,9,20,26,8,0,1,0,42,1,19,481,19481,31,2007,1GYFK63857R4,1,G,Y,F,K,6,3,8,5,7,R,4,0,P,CADI,ESC,UT,7,17,5751,,0,1160,,G,,F,8,378,,,18R265,,,,,,0,0,000000000,00000000000,0,0,0,1,0,0,0,0,0,0,0,30,0,0,0,12,12,6,2,8,0,0,0,1,42,18012,6,1,6,0,3,0,75,999,0,0,0,0,1,6,2011,6,2011,0,0,0,0,0,1,2,40,1,6,2,2,0,0,1,80,1,1,1,13,0,1
42,420737,1,1,1,6,9,6,5,18,0,1,0,42,1,20,401,20401,14,2002,1GCDT13W42K2,1,G,C,D,T,1,3,W,4,2,K,2,0,T,CHEV,S14,CW,2,17,,1,0,1229,S,G,,,6,262,,,,B,4039,00,,44,0,0,000000000,00000000000,0,0,0,1,0,0,0,0,0,0,0,60,0,0,0,12,13,6,2,18,0,0,0,1,42,16720,6,1,0,0,3,0,72,999,4,2,0,2,2,7,2009,5,2011,1,81,0,0,0,1,2,45,1,5,2,2,0,0,1,90,3,2,2,12,1,0
42,420738,1,1,1,17,9,22,58,8,0,1,0,42,2,30,46,30046,4,2004,WVWPD63B14E3,W,V,W,P,D,6,3,B,1,4,E,3,0,P,VOLK,PWS,4D,4,17,3155,,0,1064,,G,,T,4,109,,,15R195,,,,,,0,0,000000000,00000000000,0,0,0,1,0,0,0,0,0,0,0,35,0,0,0,12,12,2,3,8,0,0,0,1,42,15601,6,2,0,0,3,0,64,999,0,0,0,0,0,0,0,0,0,0,0,0,0,0,1,2,35,1,1,2,1,0,0,1,80,1,1,1,13,0,0
42,420739,1,1,1,18,9,9,19,39,0,1,0,39,1,2,404,2404,14,1996,1J4FJ68S6TL1,1,J,4,F,J,6,8,S,6,T,L,1,0,T,JEEP,SPC,4W,96,17,,1,0,1014,CHK,G,,,6,242,,,,,3008,00,M,44,0,0,000000000,00000000000,0,0,0,1,0,0,0,0,0,0,0,50,0,0,0,12,12,6,2,39,0,0,0,1,42,15205,6,1,0,0,3,3,999,999,0,0,0,0,0,0,0,0,0,0,0,0,0,0,3,2,55,1,6,2,1,0,0,1,11,99,1,4,1,1,0
42,420740,1,1,1,29,9,20,5,42,0,1,0,42,2,20,16,20016,4,2000,1G1JF5249Y72,1,G,1,J,F,5,2,4,9,Y,7,2,0,P,CHEV,CAS,4D,0,17,2676,,0,1041,,G,,F,4,133,,,15R195,,,,,,0,0,000000000,00000000000,0,0,0,1,0,0,0,0,0,0,0,999,0,0,0,9,9,6,2,42,0,0,0,1,42,17074,6,1,0,0,3,0,65,999,2,0,0,0,0,3,2011,3,2011,0,99,99,99,99,1,2,35,1,1,2,1,0,0,1,13,1,9,4,1,1,1
42,420741,1,1,1,25,9,0,20,7,0,1,0,42,1,37,706,37706,80,2002,1HFSC46052A0,1,H,F,S,C,4,6,0,5,2,A,0,0,M,HOND,XT8,RS,2,17,,,,,,,1795,,2,,4,705,,,,,,,0,0,000000000,00000000000,0,0,0,1,0,0,0,0,0,0,0,55,0,0,0,0,14,6,2,43,0,0,0,1,42,16344,6,1,0,0,3,0,71,999,0,0,0,0,0,0,0,0,0,1,36,0,0,0,1,2,55,2,4,2,1,0,0,14,10,8,3,2,0,1,1
42,420742,1,1,1,25,9,17,35,42,0,1,0,42,1,20,402,20402,14,1996,2CNBJ1862T69,2,C,N,B,J,1,8,6,2,T,6,9,0,P,GEO,GEO,UT,96,17,2555,,0,866,,G,,F,4,097,,,15R205,,,,,,0,0,000000000,00000000000,0,0,0,1,0,0,0,0,0,0,0,999,0,0,0,3,3,6,2,42,0,0,0,1,42,18636,6,1,0,0,3,0,66,999,0,0,0,0,0,0,0,0,0,1,58,28,0,0,1,2,55,3,1,2,1,0,0,14,13,6,4,4,7,1,1
42,420743,1,1,1,7,9,6,10,8,0,1,0,42,1,12,481,12481,31,2004,1FTPW12504FA,1,F,T,P,W,1,2,5,0,4,F,A,0,T,FORD,F1S,CW,4,17,,2,1450,1260,COF,G,,,8,330,,,,B,5270,00,U,42,0,0,000000000,00000000000,0,0,0,1,0,0,0,0,0,0,0,999,0,0,0,12,12,4,3,8,0,0,0,1,42,19382,6,1,0,0,3,0,69,999,0,0,0,0,0,0,0,0,0,0,0,0,0,0,2,2,45,1,1,2,2,0,0,1,80,6,1,2,13,0,0
42,420744,1,1,2,4,9,0,16,35,0,1,0,38,1,12,881,12881,61,2008,1FDXX47R38EB,1,F,D,X,X,4,7,R,3,8,E,B,0,T,FORD,F4D,CB,8,17,,4,0,1620,DRW,D,,,8,390,,,,D,7418,00,U,44,0,88,888888888,88888888888,2,1,96,1,0,0,0,0,0,0,0,70,0,1,1,14,0,6,2,1,0,0,0,1,38,58237,6,1,0,0,2,0,999,999,0,0,0,0,0,0,0,0,0,1,28,0,0,0,1,2,40,3,6,2,1,0,0,14,6,3,4,4,7,1,1
42,420745,1,1,2,16,9,1,10,1,0,1,0,92,0,76,705,76705,83,2002,JYACJ01C92A0,J,Y,A,C,J,0,1,C,9,2,A,0,0,M,YAMA,Y42,MX,2,17,,,,,,,426,,1,,4,231,,,,,,,0,0,000000000,00000000000,0,0,0,1,0,0,0,0,0,0,0,55,0,0,0,0,98,6,2,30,0,0,0,1,42,17249,1,1,0,0,1,0,68,999,0,0,0,0,0,0,0,0,0,1,58,18,0,0,1,2,25,3,1,2,1,0,0,14,13,8,4,4,2,1,1
42,420746,1,1,1,2,9,22,56,24,0,1,0,42,1,73,706,73706,80,2003,JKBVNKA193A0,J,K,B,V,N,K,A,1,9,3,A,0,0,M,KAWK,V6A,RS,3,17,,,,,,,1552,,2,,4,674,,,,,,,0,0,000000000,00000000000,0,0,0,1,0,0,0,0,0,0,0,999,0,0,0,3,3,6,2,24,0,0,0,1,42,15626,6,1,0,0,3,0,72,999,0,0,0,0,0,0,0,0,0,0,0,0,0,0,1,2,35,2,6,2,1,0,0,14,11,1,1,4,1,1,1
42,420747,1,1,4,21,9,6,2,42,0,1,0,42,2,30,42,30042,3,2005,9BWDE61J6540,9,B,W,D,E,6,1,J,6,5,4,0,0,P,VOLK,GTI,2H,5,17,2805,,0,989,,G,,T,4,109,,,16R205,,,,,,0,0,000000000,00000000000,0,0,0,1,0,0,0,0,0,0,0,116,0,0,0,3,3,6,2,42,0,0,0,1,42,17241,6,1,0,0,3,3,68,999,0,0,0,1,0,10,2010,10,2010,1,58,0,0,0,1,2,35,3,6,2,1,0,0,14,6,1,4,4,2,2,1
42,420748,1,1,1,12,9,11,51,30,0,1,0,42,1,20,22,20022,4,2005,1G1AZ52F3575,1,G,1,A,Z,5,2,F,3,5,7,5,0,P,CHEV,BLT,4D,5,17,3216,,0,1033,,G,,F,4,134,,,16R205,,,,,,0,0,000000000,00000000000,0,0,0,1,0,0,0,0,0,0,0,999,0,0,0,11,11,6,2,30,99,99,0,1,42,15035,6,1,0,0,3,0,64,999,0,0,0,0,0,0,0,0,0,0,99,99,99,99,1,2,35,2,6,2,1,0,0,14,11,99,1,4,1,1,0