STATE,ST_CASE,VEH_NO,VE_FORMS,NUMOCCS,DAY,MONTH,HOUR,MINUTE,HARM_EV,MAN_COLL,UNITTYPE,HIT_RUN,REG_STAT,OWNER,MAKE,MODEL,MAK_MOD,BODY_TYP,MOD_YEAR,VIN,VIN_1,VIN_2,VIN_3,VIN_4,VIN_5,VIN_6,VIN_7,VIN_8,VIN_9,VIN_10,VIN_11,VIN_12,TOW_VEH,VINTYPE,VINMAKE,VINA_MOD,VIN_BT,VINMODYR,VIN_LNGT,VIN_WGT,WGTCD_TR,WHLBS_LG,WHLBS_SH,SER_TR,FUELCODE,MCYCL_DS,CARBUR,CYLINDER,DISPLACE,MCYCL_CY,MCYCL_WT,TIRE_SZE,TON_RAT,TRK_WT,TRKWTVAR,VIN_REST,WHLDRWHL,J_KNIFE,MCARR_I1,MCARR_I2,MCARR_ID,GVWR,V_CONFIG,CARGO_BT,HAZ_INV,HAZ_PLAC,HAZ_ID,HAZ_CNO,HAZ_REL,BUS_USE,SPEC_USE,EMER_USE,TRAV_SP,UNDERIDE,ROLLOVER,ROLINLOC,IMPACT1,IMPACT2,DEFORMED,TOWED,M_HARM,VEH_SC1,VEH_SC2,FIRE_EXP,DR_PRES,L_STATE,DR_ZIP,L_STATUS,L_TYPE,CDL_STAT,L_ENDORS,L_COMPL,L_RESTRI,DR_HGT,DR_WGT,PREV_ACC,PREV_SUS,PREV_DWI,PREV_SPD,PREV_OTH,FIRST_MO,FIRST_YR,LAST_MO,LAST_YR,SPEEDREL,DR_SF1,DR_SF2,DR_SF3,DR_SF4,VTRAFWAY,VNUM_LAN,VSPD_LIM,VALIGN,VPROFILE,VPAVETYP,VSURCOND,VTRAFCON,VTCONT_F,P_CRASH1,P_CRASH2,P_CRASH3,PCRASH4,PCRASH5,ACC_TYPE,DEATHS,DR_DRINK
42,420790,1,1,1,26,9,23,35,8,0,1,0,42,1,12,13,12013,4,1997,1FALP13P0VW2,1,F,A,L,P,1,3,P,0,V,W,2,0,P,FORD,EST,4D,97,17,2503,,0,984,,G,,F,4,122,,,14R185,,,,,,0,0,000000000,00000000000,0,0,0,1,0,0,0,0,0,0,0,40,0,0,0,1,1,4,1,8,0,0,0,1,42,19607,6,1,0,0,3,0,70,999,0,1,0,0,1,12,2009,12,2009,0,0,0,0,0,1,3,45,1,1,1,1,0,0,1,80,99,1,1,13,0,0
42,420791,1,1,1,28,9,16,15,39,0,1,0,42,2,14,6,14006,4,2008,2MEFM75V28X6,2,M,E,F,M,7,5,V,2,8,X,6,0,P,MERC,MGL,4D,8,17,4117,,0,1146,,F,,F,8,281,,,16R225,,,,,,0,0,000000000,00000000000,0,0,0,1,0,0,0,0,0,0,0,999,0,0,0,12,0,6,2,3,0,0,0,1,42,19143,0,0,0,0,0,0,999,999,0,0,0,0,0,0,0,0,0,1,99,99,99,99,4,2,99,1,6,2,1,3,3,1,14,1,1,4,14,1,1
42,420792,1,1,6,10,9,20,29,8,0,1,0,42,1,63,31,63031,4,2000,KNAFB1215Y58,K,N,A,F,B,1,2,1,5,Y,5,8,0,P,KIA,SPL,4D,0,17,2478,,0,1008,,G,,F,4,109,,,14R185,,,,,,0,0,000000000,00000000000,0,0,0,1,0,0,0,0,0,0,0,40,0,0,0,12,12,4,3,8,0,0,0,1,42,16601,6,1,0,0,3,0,69,999,0,0,0,1,3,12,2008,6,2011,0,0,0,0,0,2,2,40,1,1,2,1,0,0,1,80,3,1,1,13,0,0
42,420793,1,2,2,28,9,20,14,12,6,1,0,42,2,13,5,13005,4,1999,1LNHM97V1XY7,1,L,N,H,M,9,7,V,1,X,Y,7,0,P,LINC,CON,4D,99,17,3868,,0,1090,,G,,F,8,281,,,16R225,,,,,,0,0,000000000,00000000000,0,0,0,1,0,0,0,0,0,0,0,45,0,0,0,9,9,6,2,12,0,0,0,1,42,19464,0,0,0,0,0,0,999,999,0,5,0,0,2,11,2008,8,2011,1,39,0,0,0,1,2,45,1,1,2,2,20,3,1,17,1,1,1,89,1,0
42,420793,2,2,2,28,9,20,14,12,6,1,0,13,1,12,880,12880,67,2008,1FTXW43R78EA,1,F,T,X,W,4,3,R,7,8,E,A,0,T,FORD,F4D,CW,8,17,,4,2000,1760,DRW,D,,,8,390,,,,D,8687,00,E,44,0,88,888888888,88888888888,2,1,96,1,0,0,0,0,0,0,0,50,0,0,0,12,12,6,2,12,0,0,0,1,13,30040,1,1,0,0,2,0,68,170,98,1,0,2,0,7,2010,8,2010,0,0,0,0,0,1,2,50,1,1,2,2,0,0,1,68,99,1,1,88,0,0
42,420794,1,1,1,2,10,3,40,24,0,1,0,42,1,2,403,2403,14,2003,1J4FA69S13P3,1,J,4,F,A,6,9,S,1,3,P,3,0,T,JEEP,WRB,2W,3,17,,1,0,934,W/T,G,,,6,244,,,,,3648,00,E,44,0,0,000000000,00000000000,0,0,0,1,0,0,0,0,0,0,0,55,0,1,1,12,12,6,2,1,0,0,0,1,42,15052,6,1,0,0,3,9,71,999,0,0,0,0,0,0,0,0,0,0,36,0,0,0,1,2,45,2,6,2,1,0,0,14,13,7,1,4,1,1,1
42,420795,1,1,1,5,10,1,24,8,0,1,0,42,1,20,482,20482,31,2010,3GNVKFE06AG2,3,G,N,V,K,F,E,0,6,A,G,2,0,T,CHEV,KTL,SP,10,17,,2,0,1300,AVL,F,,,8,323,,,,B,5937,00,,44,0,0,000000000,00000000000,0,0,0,1,0,0,0,0,0,0,0,30,0,0,0,12,12,2,3,8,0,0,0,1,42,15210,6,1,0,0,3,0,73,999,0,0,0,0,0,0,0,0,0,0,0,0,0,0,1,2,25,1,1,2,1,0,0,1,80,99,1,1,13,0,0
42,420796,1,2,1,6,9,14,16,12,6,1,0,42,3,7,482,7482,31,2008,3D7KS26D48G2,3,D,7,K,S,2,6,D,4,8,G,2,0,T,DODG,S25,PK,8,17,,2,0,1405,RPC,G,,,8,348,,,,C,5880,00,E,44,0,0,000000000,00000000000,0,0,0,1,0,0,0,0,0,0,0,10,0,0,0,3,3,6,2,12,0,0,0,1,42,16249,6,1,0,0,3,0,69,999,0,0,0,2,0,1,2011,7,2011,0,38,0,0,0,1,2,55,1,1,2,2,20,3,1,17,1,1,1,87,0,0
42,420796,2,2,2,6,9,14,16,12,6,1,0,42,1,20,20,20020,4,2001,2G1WL52J9112,2,G,1,W,L,5,2,J,9,1,1,2,0,P,CHEV,LUM,4D,1,17,3330,,0,1075,,G,,F,6,191,,,15R205,,,,,,0,0,000000000,00000000000,0,0,0,1,0,0,0,0,0,0,0,50,0,0,0,12,12,9,2,12,0,0,0,1,42,16222,6,1,0,0,3,0,66,999,0,0,0,0,0,0,0,0,0,0,0,0,0,0,1,2,55,1,1,2,2,0,0,1,66,7,9,1,86,2,0
42,420797,1,2,1,21,9,8,20,12,6,1,0,42,1,20,37,20037,4,2008,1G1ZJ57B8842,1,G,1,Z,J,5,7,B,8,8,4,2,0,P,CHEV,ML2,4D,8,17,3436,,0,1123,,G,,F,4,146,,,17R225,,,,,,0,0,000000000,00000000000,0,0,0,1,0,0,0,0,0,0,0,999,0,0,0,12,12,6,2,12,0,0,0,1,42,17013,6,1,0,0,3,0,68,999,0,0,0,0,0,0,0,0,0,0,0,0,0,0,1,2,25,1,1,2,1,0,0,1,66,2,1,1,86,0,0
42,420797,2,2,1,21,9,8,20,12,6,1,0,42,1,12,16,12016,4,1997,2FALP74W9VX1,2,F,A,L,P,7,4,W,9,V,X,1,0,P,FORD,CVL,4D,97,17,0,,0,1144,,G,,F,8,281,,,15R215,,,,,,0,0,000000000,00000000000,0,0,0,1,0,0,0,0,0,0,0,999,0,0,0,2,2,6,2,12,0,0,0,1,42,17324,6,1,0,0,3,0,69,999,0,0,0,0,0,0,0,0,0,0,38,0,0,0,1,2,25,1,1,2,1,20,3,1,17,1,1,1,87,1,0
42,420798,1,2,1,30,9,19,23,12,6,1,0,55,3,82,881,82881,66,2007,1FUJA6CGX7LZ,1,F,U,J,A,6,C,G,X,7,L,Z,1,T,FRHT,COL,TR,7,17,,8,0,0,CON,D,,,6,774,,,,,00000,00,,64,1,57,00158121,5700158121,3,6,98,1,0,0,0,0,0,0,0,5,9,0,0,9,9,2,3,12,0,0,0,1,42,17740,6,1,6,9,3,0,70,999,1,0,0,0,1,4,2009,1,2010,0,31,0,0,0,1,2,50,1,6,2,1,0,0,13,98,1,1,1,92,0,0
42,420798,2,2,1,30,9,19,23,12,6,1,0,42,1,20,481,20481,31,2000,2GCEK19V6Y13,2,G,C,E,K,1,9,V,6,Y,1,3,0,T,CHEV,SK1,3C,0,17,,2,1575,1435,SIL,G,,,8,293,,,,B,4621,02,,44,0,0,000000000,00000000000,0,0,0,1,0,0,0,0,0,0,0,45,9,0,0,12,12,6,2,12,0,0,0,1,42,17740,6,1,0,0,3,1,72,999,0,0,0,0,0,0,0,0,0,0,0,0,0,0,1,2,50,1,6,2,1,0,0,1,62,1,1,1,93,1,0
42,420799,1,2,1,5,9,14,44,25,0,1,0,47,1,37,706,37706,80,2007,1HFSC47F17A6,1,H,F,S,C,4,7,F,1,7,A,6,1,M,HOND,GL8,RS,7,17,,,,,,,1832,,6,,4,822,,,,,,,1,0,000000000,00000000000,0,0,0,1,0,0,0,0,0,0,0,60,0,0,0,7,13,6,2,12,0,0,0,1,47,37766,6,1,0,0,2,0,68,205,0,0,0,0,0,0,0,0,0,1,88,0,0,0,3,2,55,2,6,2,2,0,0,14,6,1,3,4,7,1,0
42,420799,2,2,1,5,9,14,44,25,0,1,0,47,3,82,881,82881,66,2009,1FUJGLDR29LA,1,F,U,J,G,L,D,R,2,9,L,A,1,T,FRHT,125,TR,9,17,,8,0,0,CSC,D,,,6,903,,,,,00000,00,,64,1,57,00027070,5700027070,3,6,1,1,0,0,0,0,0,0,0,55,0,0,0,9,9,2,1,12,0,0,0,1,26,49423,6,1,6,9,3,0,75,220,0,0,0,0,0,0,0,0,0,0,0,0,0,0,3,2,55,2,6,2,2,0,0,14,60,9,1,4,98,0,0
42,420800,1,1,1,10,9,14,12,14,0,1,0,42,1,98,702,98702,80,2004,1B9TBVC394D2,1,B,9,T,B,V,C,3,9,4,D,2,0,U,,,,4,17,,,,,,,,,,,,,,,,,,,0,0,000000000,00000000000,0,0,0,1,0,0,0,0,0,0,0,999,0,0,0,12,12,6,2,14,0,0,0,1,42,15501,6,1,0,0,3,0,69,999,0,0,1,0,0,1,2010,1,2010,0,36,0,0,0,1,2,25,1,6,2,1,0,0,3,8,1,3,4,2,1,1
42,420801,1,2,1,2,9,15,6,12,2,1,0,42,1,20,443,20443,20,2001,1GNDX13E61D1,1,G,N,D,X,1,3,E,6,1,D,1,0,T,CHEV,LUX,ES,1,17,,1,0,1200,VTR,G,,,6,207,,,,,3838,00,,42,0,0,000000000,00000000000,0,0,0,1,0,0,0,0,0,0,0,15,0,0,0,12,12,6,2,12,0,0,0,1,42,17881,6,1,0,0,3,0,70,999,0,0,0,1,0,9,2008,9,2008,0,51,38,0,0,1,2,55,1,6,2,1,0,0,1,54,99,1,1,50,0,0
42,420801,2,2,1,2,9,15,6,12,2,1,0,42,2,48,38,48038,2,2001,JF1GM67541H4,J,F,1,G,M,6,7,5,4,1,H,4,0,P,SUBA,IR4,CP,1,17,2820,,0,992,,G,,F,4,150,,,16R205,,,,,,0,0,000000000,00000000000,0,0,0,1,0,0,0,0,0,0,0,75,0,0,0,12,12,6,2,12,0,0,0,1,42,17824,6,1,0,0,3,0,67,999,1,0,0,0,0,12,2010,12,2010,1,0,0,0,0,1,2,55,1,5,2,1,0,0,1,54,99,1,1,51,1,0
42,420802,1,2,1,1,9,9,33,12,2,1,0,42,2,22,16,22016,2,2000,1G2JB124XY74,1,G,2,J,B,1,2,4,X,Y,7,4,0,P,PONT,SFS,CP,0,17,2606,,0,1041,,G,,F,4,133,,,14R195,,,,,,0,0,000000000,00000000000,0,0,0,1,0,0,0,0,0,0,0,999,0,0,0,12,12,6,2,12,0,0,0,1,42,16950,6,1,0,0,3,2,63,999,0,2,0,0,2,5,2010,9,2010,1,74,28,87,0,1,2,55,3,6,2,2,0,0,14,10,99,4,2,50,0,0
42,420802,2,2,1,1,9,9,33,12,2,1,0,42,1,7,20,7020,4,1996,3B3ES47C9TT3,3,B,3,E,S,4,7,C,9,T,T,3,0,P,DODG,NEH,4D,96,17,2443,,0,1040,,G,,F,4,122,,,14R185,,,,,,0,0,000000000,00000000000,0,0,0,1,0,0,0,0,0,0,0,999,0,0,0,12,12,6,2,12,0,0,0,1,42,16933,6,1,0,0,3,1,62,999,0,0,0,0,0,0,0,0,0,0,0,0,0,0,1,2,55,2,5,2,2,0,0,14,62,1,1,1,51,1,0
42,420803,1,2,2,2,9,10,55,12,2,1,0,42,1,12,16,12016,4,2002,2FAFP71W22X1,2,F,A,F,P,7,1,W,2,2,X,1,0,P,FORD,CVP,4D,2,17,3942,,0,1147,,G,,F,8,281,,,16R225,,,,,,0,0,000000000,00000000000,0,0,0,1,0,0,0,0,0,0,0,999,0,0,0,12,12,6,2,12,0,0,0,1,42,19040,6,1,0,0,3,0,72,999,0,0,0,0,0,0,0,0,0,0,28,0,0,0,1,2,35,1,1,2,1,0,0,1,10,7,1,2,50,0,0
42,420803,2,2,3,2,9,10,55,12,2,1,0,42,1,35,47,35047,4,2005,1N4AL11D55N4,1,N,4,A,L,1,1,D,5,5,N,4,0,P,NISS,ASL,4D,5,17,2915,,0,1102,,G,,F,4,153,,,16R215,,,,,,0,0,000000000,00000000000,0,0,0,1,0,0,0,0,0,0,0,999,0,0,0,12,12,6,2,12,0,0,0,1,42,99999,6,1,0,0,3,3,68,999,0,0,0,0,0,0,0,0,0,0,0,0,0,0,1,2,35,1,1,2,1,0,0,1,62,7,1,1,51,1,0
42,420804,1,1,1,13,10,22,25,18,0,1,0,42,1,12,481,12481,32,2005,1FTRX14W85FA,1,F,T,R,X,1,4,W,8,5,F,A,0,T,FORD,F15,4C,5,17,,2,1450,1260,COF,G,,,8,281,,,,B,5363,05,U,44,0,0,000000000,00000000000,0,0,0,1,0,0,0,0,0,0,0,55,0,0,0,12,12,6,2,18,0,0,0,1,42,15010,6,1,0,0,3,1,74,999,0,0,0,0,0,0,0,0,0,0,0,0,0,0,1,2,40,2,5,2,2,0,0,14,90,4,1,1,12,1,0
42,420805,1,1,1,12,9,14,26,8,0,1,0,18,3,82,881,82881,66,2010,1FUJGLDR3ASA,1,F,U,J,G,L,D,R,3,A,S,A,1,T,FRHT,125,TR,10,17,,8,0,0,CSC,D,,,6,903,,,,,00000,00,,64,1,57,00213754,5700213754,3,6,1,1,0,0,0,0,0,0,0,20,0,0,0,4,4,2,3,8,0,0,0,1,13,31645,6,1,6,1,3,0,72,243,98,0,0,0,0,0,0,0,0,0,58,0,0,0,6,2,99,2,6,2,1,0,0,14,11,1,1,4,1,0,0
42,420806,1,1,1,19,10,6,56,8,0,1,0,42,1,24,1,24001,4,1999,1G8ZG5287XZ2,1,G,8,Z,G,5,2,8,7,X,Z,2,0,P,STRN,SL1,4D,99,17,0,,0,1024,,G,,F,4,116,,,14R175,,,,,,0,0,000000000,00000000000,0,0,0,1,0,0,0,0,0,0,0,30,0,0,0,12,12,2,1,8,0,0,0,1,42,16059,6,1,0,0,3,1,70,999,0,0,0,0,0,0,0,0,0,0,0,0,0,0,1,2,40,1,5,2,1,0,0,1,80,4,1,1,13,0,0
42,420807,1,1,2,28,10,17,56,25,0,1,0,39,1,12,401,12401,14,2000,1FMZU72X8YUB,1,F,M,Z,U,7,2,X,8,Y,U,B,0,P,FORD,EPR,UT,0,17,4065,,0,1116,,G,,F,6,245,,,15R235,,,,,,0,0,000000000,00000000000,0,0,0,1,0,0,0,0,0,0,0,999,0,0,0,2,2,6,2,25,0,0,0,1,42,15210,0,0,0,0,0,0,63,999,0,1,0,0,1,8,2011,8,2011,0,0,0,0,0,3,4,25,2,6,1,1,20,3,14,11,99,1,4,1,1,0
42,420808,1,2,3,17,9,2,45,12,2,1,0,42,1,20,16,20016,2,1999,1G1JC1241X71,1,G,1,J,C,1,2,4,1,X,7,1,0,P,CHEV,C/S,CP,99,17,2617,,0,1041,,G,,F,4,133,,,14R195,,,,,,0,0,000000000,00000000000,0,0,0,1,0,0,0,0,0,0,0,999,0,0,0,12,12,6,2,12,0,0,0,1,42,18657,1,1,0,0,2,3,72,999,2,1,0,1,2,2,2009,9,2011,0,28,58,0,0,1,2,40,3,1,2,1,0,0,14,54,1,1,1,50,2,0
42,420808,2,2,1,17,9,2,45,12,2,1,0,42,2,7,472,7472,30,2004,1D7HG42N14S5,1,D,7,H,G,4,2,N,1,4,S,5,0,T,DODG,DSL,PC,4,17,,2,0,1309,DAK,G,,,8,287,,,,B,4075,00,E,44,0,0,000000000,00000000000,0,0,0,1,0,0,0,0,0,0,0,35,0,1,1,12,12,6,2,12,0,0,0,1,42,18702,6,1,0,0,3,0,66,999,1,0,0,0,0,8,2010,8,2010,0,0,0,0,0,1,2,40,2,1,2,1,0,0,14,54,6,1,1,51,0,0
42,420809,1,2,1,9,9,17,9,12,6,1,0,42,1,20,16,20016,4,2005,1G1JC52F6571,1,G,1,J,C,5,2,F,6,5,7,1,0,P,CHEV,CAV,4D,5,17,2676,,0,1041,,G,,F,4,134,,,14R195,,,,,,0,0,000000000,00000000000,0,0,0,1,0,0,0,0,0,0,0,50,0,0,0,3,0,6,2,12,0,0,1,1,42,15722,6,1,0,0,3,3,63,999,0,0,0,0,0,0,0,0,0,1,28,58,0,0,1,2,55,3,6,2,2,0,0,14,6,99,4,2,64,1,0
42,420809,2,2,1,9,9,17,9,12,6,1,0,42,1,9,442,9442,20,1995,2P4GH2534SR3,2,P,4,G,H,2,5,3,4,S,R,3,0,P,PLYM,VOF,SV,95,17,3181,,0,1123,,G,,F,6,181,,,14R195,,,,,,0,0,000000000,00000000000,0,0,0,1,0,0,0,0,0,0,0,50,0,0,0,12,12,6,2,12,0,0,0,1,42,16668,6,1,0,0,3,0,62,999,0,0,0,0,0,0,0,0,0,0,0,0,0,0,1,2,55,2,5,2,2,0,0,14,62,1,1,1,65,0,0
42,420810,1,2,1,14,9,14,50,12,6,1,0,42,1,72,706,72706,80,2004,1HD1JBB104Y0,1,H,D,1,J,B,B,1,0,4,Y,0,0,M,HD,XDI,RS,4,17,,,,,,,1450,,2,,4,645,,,,,,,0,0,000000000,00000000000,0,0,0,1,0,0,0,0,0,0,0,15,0,0,0,1,1,6,9,12,0,0,0,1,42,15357,6,1,0,0,3,0,65,999,0,0,0,0,0,0,0,0,0,0,48,0,0,0,1,2,45,1,6,2,2,3,3,11,15,2,1,1,68,1,0
42,420810,2,2,1,14,9,14,50,12,6,1,0,42,1,6,41,6041,4,1997,2C3HD56F3VH5,2,C,3,H,D,5,6,F,3,V,H,5,0,P,CHRY,L/L,4D,97,17,3460,,0,1130,,G,,F,6,215,,,16R225,,,,,,0,0,000000000,00000000000,0,0,0,1,0,0,0,0,0,0,0,20,0,0,0,12,12,6,2,12,0,0,0,1,42,15344,6,1,0,0,3,0,65,999,2,1,0,0,0,12,2009,3,2011,0,0,0,0,0,1,2,45,1,5,2,2,3,3,1,62,2,1,1,69,0,0
42,420811,1,2,1,22,9,8,31,1,0,1,0,42,2,82,881,82881,66,2006,1FUJF0DE76LU,1,F,U,J,F,0,D,E,7,6,L,U,1,T,FRHT,112,TR,6,17,,8,0,0,COL,D,,,6,763,,,,,00000,00,,64,1,57,00055961,5700055961,3,6,4,1,0,0,0,0,0,0,0,45,0,2,1,0,0,6,2,12,0,0,0,1,42,15738,6,1,6,1,3,0,68,999,0,0,0,0,0,0,0,0,0,0,58,0,0,0,1,2,55,2,5,2,2,0,0,14,98,1,1,1,98,0,0
42,420811,2,2,3,22,9,8,31,1,0,1,0,42,1,20,443,20443,20,2003,1GNDX03E73D1,1,G,N,D,X,0,3,E,7,3,D,1,0,T,CHEV,VTR,ES,3,17,,1,0,1200,VTR,G,,,6,207,,,,,3699,01,,42,0,0,000000000,00000000000,0,0,0,1,0,0,0,0,0,0,0,30,0,0,0,10,10,6,2,12,0,0,0,1,42,15715,6,1,0,0,3,0,64,999,0,0,0,0,0,0,0,0,0,0,0,0,0,0,1,2,55,3,6,2,2,0,0,14,62,99,1,1,98,1,0
42,420812,1,2,1,29,9,22,21,12,8,1,0,42,1,6,51,6051,4,2006,2C3LA73W76H2,2,C,3,L,A,7,3,W,7,6,H,2,0,P,CHRY,308,4D,6,17,4043,,0,1200,,G,,F,8,372,,,20R245,,,,,,0,0,000000000,00000000000,0,0,0,1,0,0,0,0,0,0,0,35,0,0,0,11,11,6,2,12,0,0,0,1,42,17050,6,1,0,0,3,0,70,999,0,0,0,0,0,0,0,0,0,0,28,0,0,0,1,2,25,1,1,2,2,0,0,1,10,1,1,2,64,0,0
42,420812,2,2,1,29,9,22,21,12,8,1,0,42,1,18,7,18007,4,1995,1G4AH55M1S64,1,G,4,A,H,5,5,M,1,S,6,4,0,P,BUIC,CCU,4D,95,17,2993,,0,1049,,G,,F,6,191,,,14R195,,,,,,0,0,000000000,00000000000,0,0,0,1,0,0,0,0,0,0,0,30,0,0,0,11,11,6,2,12,0,0,0,1,42,17938,6,1,0,0,3,0,72,999,0,0,0,0,0,0,0,0,0,0,0,0,0,0,1,2,25,1,1,2,2,0,0,1,62,7,1,1,65,1,0
42,420813,1,1,1,29,10,11,23,8,0,1,0,42,2,19,3,19003,4,1994,1G6KD52B6RU2,1,G,6,K,D,5,2,B,6,R,U,2,0,P,CADI,DFW,4D,94,17,3666,,0,1138,,G,,F,8,300,,,15R215,,,,,,0,0,000000000,00000000000,0,0,0,1,0,0,0,0,0,0,0,999,0,0,0,1,1,4,3,8,99,99,0,1,42,15147,6,1,0,0,3,0,70,999,0,0,0,0,1,12,2008,12,2008,1,0,0,0,0,1,2,25,1,6,2,2,2,3,1,80,1,1,1,13,0,0
42,420814,1,1,1,21,10,12,54,35,0,1,0,42,4,35,50,35050,5,2011,3N1BC1CP8BL4,3,N,1,B,C,1,C,P,8,B,L,4,0,P,NISS,VSL,4H,11,17,2693,,0,1024,,G,,F,4,110,,,15R185,,,,,,0,0,000000000,00000000000,0,0,0,1,0,0,0,0,0,0,0,75,0,1,5,1,1,6,2,1,0,0,0,1,42,15668,6,1,0,0,3,3,64,999,1,0,0,1,2,6,2009,8,2009,1,27,36,0,0,3,3,55,2,6,2,1,0,0,14,6,1,1,4,1,1,0
42,420815,1,1,1,13,10,22,59,35,0,1,0,42,2,7,472,7472,31,2002,1B7HG48N02S7,1,B,7,H,G,4,8,N,0,2,S,7,0,T,DODG,DQS,CW,2,17,,2,0,1309,DAK,G,,,8,287,,,,B,4351,00,E,44,0,0,000000000,00000000000,0,0,0,1,0,0,0,0,0,0,0,60,0,1,1,1,1,4,3,1,0,0,0,1,42,15521,6,2,0,0,3,1,72,999,0,0,0,0,0,0,0,0,0,1,87,0,0,0,1,2,45,1,5,2,2,0,0,1,6,99,2,4,2,1,0
42,420816,1,1,1,13,10,5,50,1,0,1,0,42,2,2,404,2404,14,1996,1J4FJ68S6TL1,1,J,4,F,J,6,8,S,6,T,L,1,0,T,JEEP,SPC,4W,96,17,,1,0,1014,CHK,G,,,6,242,,,,,3008,00,M,44,0,0,000000000,00000000000,0,0,0,1,0,0,0,0,0,0,0,45,0,2,5,0,0,6,2,1,0,0,0,1,42,17859,6,1,0,0,3,0,66,999,0,0,0,0,0,0,0,0,0,0,99,99,99,99,1,2,55,1,2,2,2,0,0,1,11,6,4,4,98,1,0
42,420817,1,1,1,12,10,5,0,32,0,1,0,42,2,20,16,20016,4,2001,1G1JC5246172,1,G,1,J,C,5,2,4,6,1,7,2,0,P,CHEV,CAC,4D,1,17,2676,,0,1041,,C,,F,4,133,,,14R195,,,,,,0,0,000000000,00000000000,0,0,0,1,0,0,0,0,0,0,0,55,0,1,5,9,9,6,2,1,99,99,0,1,42,16648,6,2,0,0,3,0,70,999,0,0,0,0,0,0,0,0,0,0,99,99,99,99,1,2,55,1,1,2,2,0,0,1,11,9,1,4,1,1,0
42,420818,1,1,2,3,10,12,40,24,0,1,0,42,1,2,404,2404,14,2000,1J4FF48S2YL1,1,J,4,F,F,4,8,S,2,Y,L,1,0,T,JEEP,SPT,4W,0,17,,1,0,1014,CHK,G,,,6,244,,,,,3247,00,E,44,0,0,000000000,00000000000,0,0,0,1,0,0,0,0,0,0,0,65,0,1,2,7,7,6,2,1,99,99,0,1,42,16137,6,1,0,0,3,1,68,999,0,0,0,0,0,0,0,0,0,0,99,99,99,99,3,2,65,1,6,2,1,0,0,1,12,8,1,4,6,1,0
42,420819,1,1,1,3,10,21,26,59,0,1,0,42,1,12,401,12401,14,1993,1FMCU22X2PUD,1,F,M,C,U,2,2,X,2,P,U,D,0,P,FORD,EPR,UT,93,17,3679,,0,1020,,G,,F,6,245,,,15R225,,,,,,0,0,000000000,00000000000,0,0,0,1,0,0,0,0,0,0,0,75,0,1,6,12,12,6,2,2,0,0,1,1,42,18964,6,1,0,0,3,3,71,999,0,0,0,1,2,2,2011,5,2011,0,99,99,99,99,3,2,65,1,1,2,1,0,0,1,11,3,1,4,1,1,0
42,420820,1,1,1,14,10,8,0,52,0,1,0,42,1,49,32,49032,4,2009,JTDBL40EX990,J,T,D,B,L,4,0,E,X,9,9,0,0,P,TOYT,CLB,4D,9,17,2723,,0,1024,,G,,F,4,110,,,15R195,,,,,,0,0,000000000,00000000000,0,0,0,1,0,0,0,0,0,0,0,75,0,0,0,1,1,6,2,42,0,0,0,1,42,19454,6,1,0,0,3,0,67,999,0,0,0,0,0,0,0,0,0,1,35,36,0,0,3,2,65,1,1,2,2,40,3,1,11,3,1,4,1,1,0
42,420821,1,1,1,25,9,0,40,24,0,1,0,42,2,37,31,37031,2,2000,1HGEJ8246YL0,1,H,G,E,J,8,2,4,6,Y,L,0,0,P,HOND,UAX,CP,0,17,2560,,0,1032,,G,,F,4,097,,,14R185,,,,,,0,0,000000000,00000000000,0,0,0,1,0,0,0,0,0,0,0,65,0,0,0,5,12,6,2,34,0,0,0,1,42,17325,6,1,0,0,3,3,69,999,0,0,0,0,0,0,0,0,0,1,0,0,0,0,1,2,40,1,1,2,1,0,0,1,6,99,4,4,2,1,1
42,420822,1,2,3,8,8,5,29,12,6,1,0,42,2,7,43,7043,4,2000,1B3EJ46X9YN1,1,B,3,E,J,4,6,X,9,Y,N,1,0,P,DODG,SSE,4D,0,17,2937,,0,1080,,G,,F,4,148,,,14R195,,,,,,0,0,000000000,00000000000,0,0,0,1,0,0,0,0,0,0,0,999,0,0,0,12,12,6,2,12,0,0,0,1,42,19601,6,2,0,0,3,0,64,999,0,0,0,0,0,0,0,0,0,1,39,0,0,0,1,2,35,1,1,2,1,3,3,1,17,1,1,1,88,0,1
42,420822,2,2,1,8,8,5,29,12,6,1,0,42,1,6,43,6043,4,2001,1C3EL56U61N5,1,C,3,E,L,5,6,U,6,1,N,5,0,P,CHRY,SLI,4D,1,17,3236,,0,1080,,G,,F,6,167,,,16R205,,,,,,0,0,000000000,00000000000,0,0,0,1,0,0,0,0,0,0,0,999,0,0,0,9,9,6,2,12,0,0,0,1,42,19604,6,1,0,0,3,0,64,999,0,0,0,0,0,0,0,0,0,0,0,0,0,0,4,2,35,1,1,2,1,3,3,1,66,1,1,1,89,1,0