STATE,ST_CASE,VEH_NO,VE_FORMS,NUMOCCS,DAY,MONTH,HOUR,MINUTE,HARM_EV,MAN_COLL,UNITTYPE,HIT_RUN,REG_STAT,OWNER,MAKE,MODEL,MAK_MOD,BODY_TYP,MOD_YEAR,VIN,VIN_1,VIN_2,VIN_3,VIN_4,VIN_5,VIN_6,VIN_7,VIN_8,VIN_9,VIN_10,VIN_11,VIN_12,TOW_VEH,VINTYPE,VINMAKE,VINA_MOD,VIN_BT,VINMODYR,VIN_LNGT,VIN_WGT,WGTCD_TR,WHLBS_LG,WHLBS_SH,SER_TR,FUELCODE,MCYCL_DS,CARBUR,CYLINDER,DISPLACE,MCYCL_CY,MCYCL_WT,TIRE_SZE,TON_RAT,TRK_WT,TRKWTVAR,VIN_REST,WHLDRWHL,J_KNIFE,MCARR_I1,MCARR_I2,MCARR_ID,GVWR,V_CONFIG,CARGO_BT,HAZ_INV,HAZ_PLAC,HAZ_ID,HAZ_CNO,HAZ_REL,BUS_USE,SPEC_USE,EMER_USE,TRAV_SP,UNDERIDE,ROLLOVER,ROLINLOC,IMPACT1,IMPACT2,DEFORMED,TOWED,M_HARM,VEH_SC1,VEH_SC2,FIRE_EXP,DR_PRES,L_STATE,DR_ZIP,L_STATUS,L_TYPE,CDL_STAT,L_ENDORS,L_COMPL,L_RESTRI,DR_HGT,DR_WGT,PREV_ACC,PREV_SUS,PREV_DWI,PREV_SPD,PREV_OTH,FIRST_MO,FIRST_YR,LAST_MO,LAST_YR,SPEEDREL,DR_SF1,DR_SF2,DR_SF3,DR_SF4,VTRAFWAY,VNUM_LAN,VSPD_LIM,VALIGN,VPROFILE,VPAVETYP,VSURCOND,VTRAFCON,VTCONT_F,P_CRASH1,P_CRASH2,P_CRASH3,PCRASH4,PCRASH5,ACC_TYPE,DEATHS,DR_DRINK
42,420969,1,1,1,7,11,6,3,11,0,1,0,42,1,20,481,20481,31,1984,2GCEK14H1E12,2,G,C,E,K,1,4,H,1,E,1,2,0,T,CHEV,K10,PK,84,17,,2,1315,1175,K10,G,,,8,305,,,,B,3878,07,,44,0,0,000000000,00000000000,0,0,0,1,0,0,0,0,0,0,0,55,0,1,6,12,0,6,2,1,0,0,0,1,42,16401,6,1,0,0,3,1,70,999,1,0,0,0,0,11,2010,11,2010,0,83,0,0,0,1,2,55,1,1,2,1,0,0,1,87,7,1,1,13,1,0
42,420970,1,3,4,23,12,2,39,12,6,1,0,42,2,41,35,41035,4,1998,JM1BC1416W01,J,M,1,B,C,1,4,1,6,W,0,1,0,P,MAZD,PDS,4D,98,17,2385,,0,1026,,G,,F,4,091,,,13R175,,,,,,0,0,000000000,00000000000,0,0,0,1,0,0,0,0,0,0,0,60,0,0,0,1,9,6,2,30,0,0,0,1,42,17043,1,1,0,0,2,0,63,999,0,2,1,0,2,3,2009,6,2011,1,39,37,0,0,2,2,40,1,4,2,2,3,3,1,17,1,1,1,88,1,1
42,420970,2,3,1,23,12,2,39,12,6,1,0,42,1,20,16,20016,2,2004,1G1JC12F2471,1,G,1,J,C,1,2,F,2,4,7,1,0,P,CHEV,CAV,CP,4,17,2617,,0,1041,,G,,F,4,134,,,14R195,,,,,,0,0,000000000,00000000000,0,0,0,1,0,0,0,0,0,0,0,5,0,0,0,11,11,2,3,12,0,0,0,1,42,17408,6,1,0,0,3,0,72,999,0,0,0,0,1,11,2009,11,2009,0,0,0,0,0,2,3,25,1,1,2,2,3,3,4,66,2,1,1,89,0,0
42,420970,3,3,1,23,12,2,39,12,6,1,0,42,1,13,421,13421,15,1998,5LMPU28LXWLJ,5,L,M,P,U,2,8,L,X,W,L,J,0,P,LINC,NAV,UT,98,17,5557,,0,1190,,G,,F,8,330,,,16R245,,,,,,0,0,000000000,00000000000,0,0,0,1,0,0,0,0,0,0,0,0,0,0,0,4,4,2,3,12,0,0,0,1,42,17404,6,1,0,0,3,0,71,999,1,0,0,0,1,6,2010,7,2010,0,0,0,0,0,2,2,35,1,1,2,2,3,3,5,62,1,1,1,98,0,0
42,420971,1,3,1,27,12,6,45,11,0,1,0,42,1,20,37,20037,4,1998,1G1ND52T7W61,1,G,1,N,D,5,2,T,7,W,6,1,0,P,CHEV,MAL,4D,98,17,3100,,0,1070,,G,,F,4,146,,,15R215,,,,,,0,0,000000000,00000000000,0,0,0,1,0,0,0,0,0,0,0,45,0,0,0,12,12,4,1,11,0,0,0,1,42,15767,6,1,0,0,3,0,73,999,0,0,0,0,0,0,0,0,0,0,0,0,0,0,1,2,45,1,1,2,1,0,0,1,87,1,1,1,13,0,0
42,420971,2,3,1,27,12,6,45,11,0,1,0,42,1,12,37,12037,4,2007,1FAFP34N67W1,1,F,A,F,P,3,4,N,6,7,W,1,0,P,FORD,FMS,4D,7,17,2636,,0,1029,,G,,F,4,122,,,15R195,,,,,,0,0,000000000,00000000000,0,0,0,1,0,0,0,0,0,0,0,45,0,0,0,11,11,6,2,12,0,0,0,1,42,15825,6,1,0,0,3,1,64,999,0,0,0,0,0,0,0,0,0,0,0,0,0,0,1,2,45,1,1,2,1,0,0,1,98,1,1,1,98,1,0
42,420971,3,3,1,27,12,6,45,11,0,1,0,42,1,12,481,12481,31,2004,1FTSX31P94EC,1,F,T,S,X,3,1,P,9,4,E,C,0,T,FORD,F3S,4C,4,17,,2,1580,1418,SRW,D,,,8,366,,,,D,5976,00,U,44,0,0,000000000,00000000000,0,0,0,1,0,0,0,0,0,0,0,40,0,0,0,6,6,4,1,12,0,0,0,1,42,15824,6,1,6,0,3,0,74,999,0,0,0,0,0,0,0,0,0,0,0,0,0,0,1,2,45,1,1,2,1,0,0,1,53,1,1,1,98,0,0
42,420972,1,1,2,6,11,12,40,34,0,1,0,42,3,20,890,20890,61,1969,CE539P848233,C,E,5,3,9,P,8,4,8,2,3,3,0,T,CHEV,C52,CB,69,12,,5,2170,1250,C50,G,,,8,,,,,,,,,42,0,88,888888888,88888888888,2,1,98,1,0,0,0,0,0,0,0,70,0,1,5,1,0,6,2,1,0,0,0,1,42,16724,6,1,0,0,3,0,71,999,0,0,0,0,0,0,0,0,0,1,0,0,0,0,1,2,55,1,4,5,1,0,0,1,3,6,4,4,2,1,0
42,420973,1,2,5,5,12,14,52,12,2,1,0,42,2,24,1,24001,4,1998,1G8ZG5289WZ1,1,G,8,Z,G,5,2,8,9,W,Z,1,0,P,STRN,SL1,4D,98,17,0,,0,1024,,G,,F,4,116,,,14R175,,,,,,0,0,000000000,00000000000,0,0,0,1,0,0,0,0,0,0,0,55,1,0,0,12,12,6,2,12,0,0,0,1,42,17344,6,2,0,0,3,1,67,999,0,0,0,0,0,0,0,0,0,1,28,58,0,0,1,2,45,1,1,2,1,0,0,1,6,7,1,2,50,5,0
42,420973,2,2,4,5,12,14,52,12,2,1,0,42,1,20,481,20481,31,2011,1GC4K0C84BF2,1,G,C,4,K,0,C,8,4,B,F,2,1,T,CHEV,3K2,CW,11,17,,3,1677,1537,SIL,D,,,8,403,,,,D,6573,02,,44,1,0,000000000,00000000000,0,0,0,1,0,0,0,0,0,0,0,45,0,0,0,12,12,6,2,12,0,0,0,1,42,17044,6,1,6,0,3,0,62,999,0,0,0,0,1,3,2010,3,2010,0,0,0,0,0,1,2,45,1,1,2,1,0,0,1,62,3,2,1,51,0,0
42,420974,1,1,3,4,11,21,35,42,0,1,0,10,2,20,2,20002,4,2004,2G1WF52EX491,2,G,1,W,F,5,2,E,X,4,9,1,0,P,CHEV,IMP,4D,4,17,3389,,0,1105,,G,,F,6,207,,,16R225,,,,,,0,0,000000000,00000000000,0,0,0,1,0,0,0,0,0,0,0,40,0,0,0,12,0,6,2,42,0,0,1,1,26,49056,6,1,0,0,3,0,70,190,0,0,0,0,0,0,0,0,0,0,99,99,99,99,1,2,35,2,6,2,1,0,0,14,12,99,1,4,6,1,1
42,420975,1,3,1,16,12,22,14,12,1,1,0,42,1,12,461,12461,21,1995,1FTJS34F3SHB,1,F,T,J,S,3,4,F,3,S,H,B,0,T,FORD,S3V,EC,95,17,,2,0,1380,CVS,D,,,8,444,,,,D,5372,00,M,42,0,0,000000000,00000000000,0,0,0,1,0,0,0,0,0,0,0,999,0,0,0,12,12,6,2,12,0,0,0,1,42,19054,6,1,0,0,3,0,73,999,0,0,0,0,0,0,0,0,0,0,39,26,0,0,3,3,50,1,1,1,1,3,3,1,50,1,1,1,20,0,1
42,420975,2,3,2,16,12,22,14,12,1,1,0,42,1,63,34,63034,4,2006,KNAGD1261654,K,N,A,G,D,1,2,6,1,6,5,4,0,P,KIA,OLE,4D,6,17,3279,,0,1063,,G,,F,4,144,,,15R205,,,,,,0,0,000000000,00000000000,0,0,0,1,0,0,0,0,0,0,0,0,0,0,0,6,6,6,2,12,0,0,0,1,42,19030,6,1,0,0,3,3,63,999,0,0,0,0,0,0,0,0,0,0,0,0,0,0,3,3,50,1,1,1,1,3,3,5,53,1,1,1,21,1,0
42,420975,3,3,1,16,12,22,14,12,1,1,0,42,1,22,22,22022,4,2009,1G2ZG57B6941,1,G,2,Z,G,5,7,B,6,9,4,1,0,P,PONT,G/6,4D,9,17,3305,,0,1123,,G,,F,4,146,,,17R215,,,,,,0,0,000000000,00000000000,0,0,0,1,0,0,0,0,0,0,0,999,0,0,0,98,98,2,1,12,0,0,0,1,42,19057,6,1,0,0,3,3,70,999,0,0,0,0,0,0,0,0,0,0,0,0,0,0,1,2,50,1,1,2,1,3,3,11,98,1,1,1,98,0,0
42,420976,1,1,1,26,11,3,17,24,0,1,0,42,1,72,706,72706,80,2010,1HD1GV416AC3,1,H,D,1,G,V,4,1,6,A,C,3,0,M,HD,XDC,RS,10,17,,,,,,,1584,,2,,4,676,,,,,,,0,0,000000000,00000000000,0,0,0,1,0,0,0,0,0,0,0,55,0,0,0,3,3,4,3,24,0,0,0,1,42,17408,6,1,0,0,3,0,64,999,1,1,0,0,2,2,2009,11,2010,0,99,99,99,99,3,2,55,1,1,2,1,0,0,1,11,1,1,4,1,1,1
42,420977,1,1,2,6,11,3,30,42,0,1,0,42,1,35,47,35047,4,1998,1N4DL01D7WC2,1,N,4,D,L,0,1,D,7,W,C,2,0,P,NISS,AGS,4D,98,17,2766,,0,1031,,G,,F,4,146,,,15R195,,,,,,0,0,000000000,00000000000,0,0,0,1,0,0,0,0,0,0,0,999,0,1,6,9,9,6,2,42,0,0,0,1,42,18473,6,1,0,0,3,0,72,999,0,0,0,0,0,0,0,0,0,1,0,0,0,0,1,2,55,2,4,2,1,0,0,14,10,7,3,4,2,1,1
42,420978,1,1,1,7,11,22,30,42,0,1,0,42,1,12,471,12471,30,1999,1FTZR15V8XTA,1,F,T,Z,R,1,5,V,8,X,T,A,0,T,FORD,RNS,PC,99,17,,1,0,1259,RNG,F,,,6,182,,,,B,00000,00,U,44,0,0,000000000,00000000000,0,0,0,1,0,0,0,0,0,0,0,999,0,0,0,11,8,6,2,42,0,0,0,1,42,18248,6,1,0,0,3,2,71,999,1,1,0,0,1,11,2008,9,2009,1,74,0,0,0,1,2,55,1,1,2,1,0,0,1,12,1,1,4,6,1,1
42,420979,1,1,2,13,11,0,50,38,0,1,0,42,1,12,37,12037,3,2001,3FAFP31331R1,3,F,A,F,P,3,1,3,3,1,R,1,0,P,FORD,FZX,3P,1,17,2550,,0,1030,,G,,F,4,121,,,15R195,,,,,,0,0,000000000,00000000000,0,0,0,1,0,0,0,0,0,0,0,70,0,1,2,1,1,6,2,32,0,0,1,1,42,16301,6,1,0,0,3,9,70,999,0,0,0,0,0,0,0,0,0,1,36,0,0,0,1,2,35,1,1,2,1,0,0,1,6,9,2,4,2,1,1
42,420980,1,1,1,11,11,17,18,8,0,1,0,42,1,20,401,20401,14,2000,1GNDT13W8Y21,1,G,N,D,T,1,3,W,8,Y,2,1,0,P,CHEV,BZR,UT,0,17,4049,,0,1070,,G,,F,6,262,,,15R205,,,,,,0,0,000000000,00000000000,0,0,0,1,0,0,0,0,0,0,0,999,0,0,0,9,9,2,1,8,0,0,0,1,42,17963,6,1,0,0,3,1,68,999,1,0,0,0,1,12,2010,12,2010,0,0,0,0,0,1,2,45,1,1,2,1,0,0,1,80,7,1,1,13,0,0
42,420981,1,1,1,3,11,20,46,42,0,1,0,42,2,49,43,49043,4,1996,4T1BF12B1TU0,4,T,1,B,F,1,2,B,1,T,U,0,0,P,TOYT,UVS,4D,96,17,3263,,0,1071,,G,,F,6,183,,,15R205,,,,,,0,0,000000000,00000000000,0,0,0,1,0,0,0,0,0,0,0,65,0,0,0,12,12,6,2,42,99,99,1,1,42,16301,0,0,0,0,0,0,65,999,0,1,0,0,1,10,2011,10,2011,1,36,0,0,0,1,2,45,2,6,2,1,0,0,14,6,99,3,4,2,1,0
42,420982,1,5,1,13,12,8,43,12,1,1,0,36,3,85,884,85884,66,2006,1XKDD49X76J1,1,X,K,D,D,4,9,X,7,6,J,1,1,T,KW,T80,TR,6,17,,8,2600,1600,CON,D,,,6,915,,,,,00000,00,,64,1,57,00026364,5700026364,3,6,1,1,0,0,0,0,0,0,0,55,7,0,0,12,12,6,2,2,0,0,1,1,36,14305,6,1,6,1,3,0,73,999,1,0,0,0,0,2,2009,2,2009,1,26,0,0,0,3,2,55,1,1,1,1,98,3,1,50,2,1,1,20,0,0
42,420982,2,5,1,13,12,8,43,12,1,1,0,42,1,48,38,48038,4,1994,JF1GC2142RB5,J,F,1,G,C,2,1,4,2,R,B,5,0,P,SUBA,IMP,4D,94,17,2315,,0,992,,G,,F,4,111,,,13R165,,,,,,0,0,000000000,00000000000,0,0,0,1,0,0,0,0,0,0,0,0,0,0,0,6,6,6,2,12,0,0,1,1,42,18951,6,1,0,0,3,0,71,999,1,0,0,0,0,6,2010,6,2010,0,0,0,0,0,3,2,55,1,1,1,1,98,3,5,53,1,1,1,21,1,0
42,420982,3,5,2,13,12,8,43,12,1,1,0,42,3,23,884,23884,62,2003,1GDK7J1C23F5,1,G,D,K,7,J,1,C,2,3,F,5,0,T,GMC,C7C,CC,3,17,,6,3080,1280,C75,D,,,6,439,,,,,00000,00,,42,0,57,01580971,5701580971,2,1,1,1,0,0,0,0,0,0,0,3,0,0,0,6,6,4,3,12,0,0,0,1,42,18411,6,1,0,0,3,0,74,999,0,0,0,0,0,0,0,0,0,0,0,0,0,0,3,2,55,1,1,1,1,98,3,2,50,1,1,1,98,0,0
42,420982,4,5,1,13,12,8,43,12,1,1,0,42,2,12,481,12481,31,2006,1FTPW14556FB,1,F,T,P,W,1,4,5,5,6,F,B,0,T,FORD,F1S,CW,6,17,,2,1500,1390,COF,G,,,8,329,,,,B,5476,01,E,44,0,0,000000000,00000000000,0,0,0,1,0,0,0,0,0,0,0,5,0,0,0,6,6,4,3,12,0,0,0,1,42,19460,6,1,0,0,3,0,71,999,0,0,0,0,0,0,0,0,0,0,0,0,0,0,3,2,55,1,1,1,1,98,3,2,53,1,1,1,98,0,0
42,420982,5,5,1,13,12,8,43,12,1,1,0,42,3,12,481,12481,31,2002,1FTNX20L22EC,1,F,T,N,X,2,0,L,2,2,E,C,0,T,FORD,F2S,4C,2,17,,2,1580,1418,SRW,G,,,8,330,,,,C,5562,04,U,42,0,0,000000000,00000000000,0,0,0,1,0,0,0,0,0,0,0,10,0,0,0,9,9,2,1,12,0,0,0,1,42,18109,6,1,6,0,3,0,68,999,0,0,0,0,1,1,2010,1,2010,0,0,0,0,0,3,2,55,1,1,1,1,98,3,1,60,1,1,1,98,0,0
42,420983,1,1,2,18,11,16,35,19,0,1,0,51,1,48,45,48045,6,2007,JF1GG63627H8,J,F,1,G,G,6,3,6,2,7,H,8,0,P,SUBA,IOS,SW,7,17,3067,,0,994,,G,,F,4,150,,,16R205,,,,,,0,0,000000000,00000000000,0,0,0,1,0,0,0,0,0,0,0,55,0,0,0,12,12,6,2,19,0,0,1,1,51,22602,6,1,0,0,3,0,73,999,0,0,0,0,0,0,0,0,0,0,0,0,0,0,1,2,55,1,1,2,1,0,0,6,65,99,4,4,8,1,1
42,420984,1,1,1,9,10,12,0,8,0,1,0,42,1,22,399,22399,4,2009,1G2ZG57B0941,1,G,2,Z,G,5,7,B,0,9,4,1,0,P,PONT,G/6,4D,9,17,3305,,0,1123,,G,,F,4,146,,,17R215,,,,,,0,0,000000000,00000000000,0,0,0,1,0,0,0,0,0,0,0,999,0,0,0,14,14,0,1,8,0,0,0,1,42,19140,6,1,0,0,3,3,65,999,0,0,0,0,0,0,0,0,0,0,0,0,0,0,1,2,30,1,1,2,1,1,3,11,80,1,1,1,13,0,0
42,420985,1,3,1,21,12,15,23,12,6,1,0,42,3,98,804,98804,66,2002,2WKJAHAS22KK,2,W,K,J,A,H,A,S,2,2,K,K,1,T,WSTR,490,TR,2,17,,8,0,0,CNV,D,,,6,733,,,,,00000,00,,64,1,57,00011682,5700011682,3,6,3,1,0,0,0,0,0,0,0,40,0,0,0,8,8,6,2,12,0,0,0,1,42,17026,6,1,6,1,3,0,72,999,0,0,0,0,0,0,0,0,0,0,28,0,0,0,1,2,45,2,6,2,2,0,0,14,10,1,1,2,64,0,0
42,420985,2,3,3,21,12,15,23,12,6,1,0,42,1,9,442,9442,20,1993,2P4GH45R3PR1,2,P,4,G,H,4,5,R,3,P,R,1,0,P,PLYM,VOF,SV,93,17,3247,,0,1123,,G,,F,6,201,,,15R205,,,,,,0,0,000000000,00000000000,0,0,0,1,0,0,0,0,0,0,0,999,0,0,0,11,11,6,2,12,0,0,0,1,42,17563,6,1,0,0,3,3,60,999,0,0,0,0,0,0,0,0,0,0,0,0,0,0,1,2,45,3,5,2,2,0,0,14,62,99,1,1,65,1,0
42,420985,3,3,1,21,12,15,23,12,6,1,0,42,2,12,21,12021,4,2006,1FAHP26196G1,1,F,A,H,P,2,6,1,9,6,G,1,0,P,FORD,5AE,4D,6,17,3814,,0,1129,,G,,F,6,183,,,17R215,,,,,,0,0,000000000,00000000000,0,0,0,1,0,0,0,0,0,0,0,35,0,0,0,1,1,6,2,12,0,0,0,1,42,17566,6,1,0,0,3,0,65,999,0,0,0,0,0,0,0,0,0,0,0,0,0,0,1,2,45,3,5,2,2,0,0,14,52,2,1,1,98,0,0
42,420986,1,1,2,23,10,3,10,39,0,1,0,42,1,20,37,20037,4,2006,1G1ZT53856F1,1,G,1,Z,T,5,3,8,5,6,F,1,0,P,CHEV,MLT,4D,6,17,3316,,0,1063,,G,,F,6,214,,,16R215,,,,,,0,0,000000000,00000000000,0,0,0,1,0,0,0,0,0,0,0,999,0,0,0,1,1,6,2,39,0,0,0,1,42,19134,6,1,0,0,3,0,69,999,0,0,0,0,0,0,0,0,0,0,99,99,99,99,1,2,35,1,1,9,2,0,0,1,62,7,9,4,3,1,0
42,420987,1,1,2,10,10,13,42,24,0,1,0,42,1,13,1,13001,4,2006,1LNHM81V36Y6,1,L,N,H,M,8,1,V,3,6,Y,6,0,P,LINC,SIG,4D,6,17,4359,,0,1177,,F,,F,8,281,,,17R225,,,,,,0,0,000000000,00000000000,0,0,0,1,0,0,0,0,0,0,0,999,0,1,2,12,12,6,2,1,0,0,0,1,42,19111,6,1,0,0,3,9,65,999,0,0,0,0,0,0,0,0,0,0,99,99,99,99,1,2,99,2,6,2,1,0,0,14,12,6,1,4,6,2,0
42,420988,1,2,1,27,10,12,10,12,6,1,0,42,2,12,881,12881,61,1999,1FDXF46F5XEE,1,F,D,X,F,4,6,F,5,X,E,E,1,T,FORD,F4D,CB,99,17,,4,2010,1410,DRW,D,,,8,444,,,,,00000,00,E,42,1,88,888888888,88888888888,2,4,97,1,0,0,0,0,0,0,0,999,0,0,0,11,11,4,1,12,0,0,0,1,42,19014,6,1,0,0,3,0,76,999,1,0,0,0,0,1,2010,1,2010,0,38,0,0,0,0,0,0,0,0,0,0,0,0,10,16,1,1,1,78,0,0
42,420988,2,2,1,27,10,12,10,12,6,1,0,42,1,12,17,12017,4,2000,1FAFP5528YG1,1,F,A,F,P,5,5,2,8,Y,G,1,0,P,FORD,TSS,4D,0,17,3333,,0,1085,,F,,F,6,182,,,16R215,,,,,,0,0,000000000,00000000000,0,0,0,1,0,0,0,0,0,0,0,999,0,0,0,12,12,6,2,12,0,0,0,1,42,19063,6,1,0,0,3,1,70,999,0,0,0,0,0,0,0,0,0,0,0,0,0,0,1,2,40,1,4,2,2,0,0,1,70,3,2,1,79,1,0
42,420989,1,1,1,11,12,20,36,14,0,1,1,42,1,20,401,20401,14,2001,1GNCT18W01K2,1,G,N,C,T,1,8,W,0,1,K,2,0,P,CHEV,BZR,UT,1,17,3971,,0,1005,,G,,F,6,262,,,15R235,,,,,,0,0,000000000,00000000000,0,0,0,1,0,0,0,0,0,0,0,999,0,0,0,12,12,6,2,8,0,0,0,1,42,18042,6,1,0,0,3,3,61,999,0,0,0,1,0,5,2011,5,2011,0,0,0,0,0,1,2,35,1,1,2,1,0,0,1,11,1,1,4,11,0,1
42,420990,1,2,1,10,10,15,21,12,6,1,0,42,1,7,482,7482,31,2001,1B7KF23Z11J2,1,B,7,K,F,2,3,Z,1,1,J,2,0,T,DODG,Q25,4C,1,17,,2,1547,1387,RPC,G,,,8,360,,,,C,5586,01,U,44,0,0,000000000,00000000000,0,0,0,1,0,0,0,0,0,0,0,999,0,0,0,12,12,6,2,12,0,0,0,1,42,18960,6,1,0,0,3,1,73,999,0,0,0,0,0,0,0,0,0,0,0,0,0,0,3,2,45,1,6,2,1,0,0,1,72,8,1,1,83,0,0
42,420990,2,2,1,10,10,15,21,12,6,1,0,42,1,12,17,12017,4,1996,1FALP52U8TA1,1,F,A,L,P,5,2,U,8,T,A,1,0,P,FORD,TAG,4D,96,17,3347,,0,1085,,G,,F,6,182,,,15R205,,,,,,0,0,000000000,00000000000,0,0,0,1,0,0,0,0,0,0,0,999,0,0,0,10,10,6,2,12,0,0,0,1,42,18914,6,1,0,0,3,0,66,999,0,0,0,0,0,0,0,0,0,0,38,39,0,0,0,0,0,0,0,0,0,28,3,11,16,1,1,1,82,1,0
42,420991,1,1,4,11,11,22,20,35,0,1,0,42,1,10,37,10037,3,1996,4E3AL54F0TE3,4,E,3,A,L,5,4,F,0,T,E,3,0,P,EGIL,T44,2H,96,17,3131,,0,988,,G,,T,4,122,,,16R215,,,,,,0,0,000000000,00000000000,0,0,0,1,0,0,0,0,0,0,0,999,0,1,6,2,11,6,2,1,99,99,0,1,42,15767,6,1,0,0,3,0,67,999,0,0,0,1,1,9,2009,9,2009,1,36,0,0,0,1,2,55,1,6,2,1,0,0,1,6,9,3,4,2,3,1
42,420992,1,1,6,5,11,13,51,5,0,1,0,42,1,20,481,20481,31,2005,1GCHK29U15E1,1,G,C,H,K,2,9,U,1,5,E,1,0,T,CHEV,2KH,4C,5,17,,2,1575,1435,SIL,G,,,8,366,,,,C,5631,00,,44,0,0,000000000,00000000000,0,0,0,1,0,0,0,0,0,0,0,20,0,0,0,0,0,0,1,5,0,0,0,1,42,19128,6,1,0,0,3,0,70,999,0,0,0,0,0,0,0,0,0,0,30,0,0,0,1,2,40,1,1,2,1,0,0,10,8,1,1,7,0,1,0
42,420993,1,1,1,14,11,2,0,35,0,1,0,42,2,20,9,20009,2,2001,2G1FP22G9121,2,G,1,F,P,2,2,G,9,1,2,1,0,P,CHEV,Z28,CP,1,17,3439,,0,1011,,G,,F,8,350,,,16R235,,,,,,0,0,000000000,00000000000,0,0,0,1,0,0,0,0,0,0,0,70,0,1,5,12,0,6,2,1,0,0,0,1,42,19529,1,1,0,0,2,3,62,999,1,1,2,1,0,7,2009,9,2011,1,36,0,0,0,1,2,35,1,6,2,1,0,0,1,6,3,3,4,2,1,1
42,420994,1,1,1,5,11,10,25,35,0,1,0,42,2,72,706,72706,80,2003,1HD1JAB143Y0,1,H,D,1,J,A,B,1,4,3,Y,0,0,M,HD,TBI,RS,3,17,,,,,,,1450,,2,,4,630,,,,,,,0,0,000000000,00000000000,0,0,0,1,0,0,0,0,0,0,0,50,0,0,0,12,12,6,2,43,0,0,0,1,42,18202,0,0,0,0,0,0,73,999,0,1,0,0,1,12,2009,12,2009,1,36,0,0,0,2,2,40,2,5,2,1,0,0,14,6,1,3,4,2,1,1
42,420995,1,4,1,30,12,15,8,12,1,1,0,42,3,82,884,82884,66,2010,1FUJGEDR8ALA,1,F,U,J,G,E,D,R,8,A,L,A,1,T,FRHT,125,TR,10,17,,8,0,0,CSC,D,,,6,903,,,,,00000,00,,64,3,57,00276388,5700276388,3,6,1,1,0,0,0,0,0,0,0,999,7,0,0,12,12,6,2,12,0,0,1,1,42,17067,6,1,6,0,3,1,65,999,1,0,0,0,0,5,2010,5,2010,1,26,0,0,0,3,2,55,1,1,1,1,0,0,1,52,99,1,1,28,0,0
42,420995,2,4,1,30,12,15,8,12,1,1,0,42,1,18,2,18002,4,2005,1G4HP52K15U2,1,G,4,H,P,5,2,K,1,5,U,2,0,P,BUIC,LCF,4D,5,17,3567,,0,1122,,G,,F,6,232,,,15R215,,,,,,0,0,000000000,00000000000,0,0,0,1,0,0,0,0,0,0,0,999,0,0,0,6,6,6,2,12,0,0,1,1,42,19560,6,1,0,0,3,3,62,999,0,0,0,0,0,0,0,0,0,0,0,0,0,0,3,2,55,1,1,1,1,0,0,2,53,1,1,1,29,1,0
42,420995,3,4,5,30,12,15,8,12,1,1,0,42,1,49,422,49422,15,2007,5TDBT48A47S2,5,T,D,B,T,4,8,A,4,7,S,2,0,P,TOYT,SEQ,UT,7,17,5345,,0,1181,,G,,F,8,285,,,17R265,,,,,,0,0,000000000,00000000000,0,0,0,1,0,0,0,0,0,0,0,999,0,0,0,5,5,6,2,12,0,0,0,1,42,18966,6,1,0,0,3,0,64,999,0,0,0,0,0,0,0,0,0,0,0,0,0,0,3,2,55,1,1,1,1,0,0,2,53,11,1,1,98,0,0
42,420995,4,4,2,30,12,15,8,12,1,1,0,42,1,14,20,14020,4,2006,1MEHM42166G6,1,M,E,H,M,4,2,1,6,6,G,6,0,P,MERC,PRM,4D,6,17,3670,,0,1129,,G,,F,6,183,,,18R225,,,,,,0,0,000000000,00000000000,0,0,0,1,0,0,0,0,0,0,0,999,0,0,0,6,6,2,1,12,0,0,0,1,42,17602,6,1,0,0,3,1,67,999,0,0,0,1,0,6,2010,6,2010,0,0,0,0,0,3,2,55,1,1,1,1,0,0,1,98,1,1,1,98,0,0
42,420996,1,1,2,20,11,1,35,59,0,1,0,42,2,20,16,20016,2,2000,1G1JC1247Y71,1,G,1,J,C,1,2,4,7,Y,7,1,0,P,CHEV,CAV,CP,0,17,2617,,0,1041,,G,,F,4,133,,,14R195,,,,,,0,0,000000000,00000000000,0,0,0,1,0,0,0,0,0,0,0,55,0,1,3,12,12,6,2,1,0,0,0,1,24,21713,6,1,0,0,3,0,70,200,0,3,0,0,1,2,2010,10,2011,0,0,0,0,0,3,2,55,1,5,2,1,0,0,1,12,1,1,4,6,1,1
42,420997,1,1,3,27,11,4,2,35,0,1,0,42,1,7,482,7482,31,1996,1B7KF26C9TS6,1,B,7,K,F,2,6,C,9,T,S,6,0,T,DODG,250,PK,96,17,,2,0,1347,RPC,D,,,6,359,,,,C,4703,00,M,44,0,0,000000000,00000000000,0,0,0,1,0,0,0,0,0,0,0,85,0,1,5,14,13,6,2,42,0,0,0,1,42,18512,1,1,0,0,2,0,68,999,0,1,0,1,0,10,2010,9,2011,1,58,0,0,0,1,2,35,2,3,2,1,0,0,14,10,9,3,4,2,2,1