STATE,ST_CASE,VEH_NO,VE_FORMS,NUMOCCS,DAY,MONTH,HOUR,MINUTE,HARM_EV,MAN_COLL,UNITTYPE,HIT_RUN,REG_STAT,OWNER,MAKE,MODEL,MAK_MOD,BODY_TYP,MOD_YEAR,VIN,VIN_1,VIN_2,VIN_3,VIN_4,VIN_5,VIN_6,VIN_7,VIN_8,VIN_9,VIN_10,VIN_11,VIN_12,TOW_VEH,VINTYPE,VINMAKE,VINA_MOD,VIN_BT,VINMODYR,VIN_LNGT,VIN_WGT,WGTCD_TR,WHLBS_LG,WHLBS_SH,SER_TR,FUELCODE,MCYCL_DS,CARBUR,CYLINDER,DISPLACE,MCYCL_CY,MCYCL_WT,TIRE_SZE,TON_RAT,TRK_WT,TRKWTVAR,VIN_REST,WHLDRWHL,J_KNIFE,MCARR_I1,MCARR_I2,MCARR_ID,GVWR,V_CONFIG,CARGO_BT,HAZ_INV,HAZ_PLAC,HAZ_ID,HAZ_CNO,HAZ_REL,BUS_USE,SPEC_USE,EMER_USE,TRAV_SP,UNDERIDE,ROLLOVER,ROLINLOC,IMPACT1,IMPACT2,DEFORMED,TOWED,M_HARM,VEH_SC1,VEH_SC2,FIRE_EXP,DR_PRES,L_STATE,DR_ZIP,L_STATUS,L_TYPE,CDL_STAT,L_ENDORS,L_COMPL,L_RESTRI,DR_HGT,DR_WGT,PREV_ACC,PREV_SUS,PREV_DWI,PREV_SPD,PREV_OTH,FIRST_MO,FIRST_YR,LAST_MO,LAST_YR,SPEEDREL,DR_SF1,DR_SF2,DR_SF3,DR_SF4,VTRAFWAY,VNUM_LAN,VSPD_LIM,VALIGN,VPROFILE,VPAVETYP,VSURCOND,VTRAFCON,VTCONT_F,P_CRASH1,P_CRASH2,P_CRASH3,PCRASH4,PCRASH5,ACC_TYPE,DEATHS,DR_DRINK
42,421060,2,2,6,13,11,17,30,12,6,1,0,42,1,7,43,7043,4,2002,1B3EL36X72N2,1,B,3,E,L,3,6,X,7,2,N,2,0,P,DODG,SSE,4D,2,17,3114,,0,1080,,G,,F,4,148,,,15R205,,,,,,0,0,000000000,00000000000,0,0,0,1,0,0,0,0,0,0,0,999,0,0,0,12,12,6,2,12,0,0,0,1,42,15204,1,1,0,0,2,0,64,999,0,6,0,1,0,12,2008,6,2011,0,99,99,99,99,2,2,35,1,1,2,1,3,3,1,62,2,1,1,69,0,0
42,421061,1,2,1,8,11,9,45,12,6,1,0,42,1,20,16,20016,2,1994,1G1JC1446R72,1,G,1,J,C,1,4,4,6,R,7,2,0,P,CHEV,CRV,CP,94,17,2509,,0,1013,,G,,F,4,133,,,14R185,,,,,,0,0,000000000,00000000000,0,0,0,1,0,0,0,0,0,0,0,10,0,0,0,9,9,6,2,12,0,0,0,1,42,15935,6,1,0,0,3,3,61,999,0,0,0,0,0,0,0,0,0,0,38,0,0,0,1,2,25,1,1,2,1,20,3,4,17,1,1,1,89,1,0
42,421061,2,2,1,8,11,9,45,12,6,1,0,42,1,52,882,52882,61,2004,JL6CCH1G44K0,J,L,6,C,C,H,1,G,4,4,K,0,0,T,MIFU,211,TB,4,17,,5,0,0,FH2,D,,,6,358,,,,,00000,00,,42,0,57,00000009,5700000009,2,1,1,1,0,0,0,0,0,0,0,40,0,0,0,12,12,6,2,12,0,0,0,1,42,15501,6,1,0,0,3,3,68,999,0,0,0,0,0,0,0,0,0,0,0,0,0,0,1,2,55,2,1,2,1,0,0,14,66,8,1,1,88,0,0
42,421062,1,1,1,10,11,19,42,8,0,1,0,42,1,52,46,52046,4,2003,JA3AJ26E73U0,J,A,3,A,J,2,6,E,7,3,U,0,0,P,MITS,LES,4D,3,17,2646,,0,1024,,G,,F,4,122,,,14R185,,,,,,0,0,000000000,00000000000,0,0,0,1,0,0,0,0,0,0,0,35,0,0,0,12,12,6,2,8,0,0,0,1,42,19026,6,1,0,0,3,0,70,999,0,0,0,0,0,0,0,0,0,0,0,0,0,0,5,4,35,1,1,2,2,0,0,1,80,2,1,1,13,0,0
42,421063,1,1,1,14,11,0,46,8,0,1,0,36,1,52,37,52037,1,1996,4A3AX55F3TE3,4,A,3,A,X,5,5,F,3,T,E,3,0,P,MITS,SGT,CV,96,17,3530,,0,988,,G,,T,4,122,,,16R205,,,,,,0,0,000000000,00000000000,0,0,0,1,0,0,0,0,0,0,0,999,0,0,0,12,12,4,3,8,0,0,0,1,36,13120,6,1,0,0,3,0,69,999,0,6,0,0,1,12,2009,6,2011,0,99,99,99,99,2,4,45,1,6,2,1,2,3,1,80,3,2,1,13,0,0
42,421064,1,2,1,23,11,16,20,12,6,1,0,42,2,20,37,20037,4,2002,1G1ND52J62M6,1,G,1,N,D,5,2,J,6,2,M,6,0,P,CHEV,MAL,4D,2,17,3053,,0,1070,,G,,F,6,191,,,15R215,,,,,,0,0,000000000,00000000000,0,0,0,1,0,0,0,0,0,0,0,999,0,0,0,11,11,6,2,12,0,0,0,1,42,18706,6,2,0,0,3,3,71,999,0,0,0,0,0,0,0,0,0,0,38,0,0,0,1,2,25,1,1,2,1,20,3,11,15,6,1,1,82,0,0
42,421064,2,2,1,23,11,16,20,12,6,1,0,42,1,12,17,12017,4,1993,1FACP52U7PA2,1,F,A,C,P,5,2,U,7,P,A,2,0,P,FORD,TAG,4D,93,17,3117,,0,1060,,G,,F,6,182,,,14R205,,,,,,0,0,000000000,00000000000,0,0,0,1,0,0,0,0,0,0,0,999,0,0,0,12,12,6,2,12,0,0,0,1,42,18634,6,1,0,0,3,0,64,999,0,0,0,0,0,0,0,0,0,1,0,0,0,0,1,4,45,1,5,2,1,0,0,1,67,6,1,1,83,1,0
42,421065,1,1,1,6,11,9,34,33,0,1,0,42,1,7,482,7482,31,1999,3B7HC12Z0XG2,3,B,7,H,C,1,2,Z,0,X,G,2,0,T,DODG,150,PC,99,17,,2,1547,1387,RPC,G,,,8,360,,,,B,4525,02,U,42,0,0,000000000,00000000000,0,0,0,1,0,0,0,0,0,0,0,999,0,0,0,1,12,6,2,30,0,0,0,1,42,19040,6,1,0,0,3,0,66,999,0,0,0,0,0,0,0,0,0,0,99,99,99,99,1,4,35,1,6,2,1,0,0,1,13,1,1,4,1,1,1
42,421066,1,2,1,8,11,14,21,12,6,1,0,42,1,72,709,72709,80,1988,1HD1BKL1XJY0,1,H,D,1,B,K,L,1,X,J,Y,0,0,M,HD,XTC,RS,88,17,,,,,,,1340,,2,,4,618,,,,,,,0,0,000000000,00000000000,0,0,0,1,0,0,0,0,0,0,0,999,0,0,0,12,12,6,2,12,0,0,0,1,42,19061,6,1,0,0,3,0,66,999,0,0,0,0,0,0,0,0,0,0,0,0,0,0,5,4,35,2,1,1,1,0,0,14,66,6,1,1,88,1,0
42,421066,2,2,1,8,11,14,21,12,6,1,0,42,3,84,981,84981,50,1998,1HVBBABP0WH6,1,H,V,B,B,A,B,P,0,W,H,6,0,T,INTL,380,BU,98,17,,7,2760,1520,30S,D,,,8,444,,,,,00000,00,,42,0,88,888888888,88888888888,9,21,22,1,0,0,0,0,1,0,0,999,0,0,0,10,10,6,2,12,0,0,0,1,42,19015,6,1,6,1,3,0,60,999,1,0,0,0,0,3,2009,3,2009,0,38,0,0,0,1,2,25,1,1,2,1,20,3,4,17,1,1,1,89,0,0
42,421067,1,1,2,12,11,22,36,30,0,1,0,42,2,55,401,55401,14,2008,5NMSG73D78H1,5,N,M,S,G,7,3,D,7,8,H,1,0,P,HYUN,SAN,UT,8,17,3903,,0,1063,,G,,F,6,162,,,16R235,,,,,,0,0,000000000,00000000000,0,0,0,1,0,0,0,0,0,0,0,999,0,1,6,11,0,6,2,1,0,0,0,1,42,15834,6,1,0,0,3,0,74,999,0,1,0,0,0,10,2009,10,2009,1,0,0,0,0,1,2,55,2,6,2,1,0,0,14,12,7,1,4,6,1,1
42,421068,1,2,1,13,11,18,15,12,6,1,0,13,2,20,481,20481,31,2005,1GCHK29U95E1,1,G,C,H,K,2,9,U,9,5,E,1,0,T,CHEV,2KH,4C,5,17,,2,1575,1435,SIL,G,,,8,366,,,,C,5631,00,,44,0,0,000000000,00000000000,0,0,0,1,0,0,0,0,0,0,0,999,0,0,0,12,12,6,2,12,0,0,0,1,4,85621,6,1,0,0,3,0,73,221,0,0,0,0,0,0,0,0,0,1,0,0,0,0,5,4,35,1,1,2,1,3,3,1,17,99,1,1,86,0,1
42,421068,2,2,3,13,11,18,15,12,6,1,0,42,1,48,38,48038,4,2008,JF1GE61688H5,J,F,1,G,E,6,1,6,8,8,H,5,0,P,SUBA,I25,4D,8,17,3064,,0,1031,,G,,F,4,150,,,16R205,,,,,,0,0,000000000,00000000000,0,0,0,1,0,0,0,0,0,0,0,999,0,0,0,3,3,6,2,12,0,0,0,1,42,16872,6,1,0,0,3,3,60,999,0,0,0,0,0,0,0,0,0,0,39,0,0,0,1,2,35,1,1,2,1,3,3,1,66,99,1,1,87,1,0
42,421069,1,1,1,25,11,20,15,9,0,1,1,42,2,37,441,37441,20,2006,5FNRL38286B0,5,F,N,R,L,3,8,2,8,6,B,0,0,P,HOND,UDY,SV,6,17,4378,,0,1181,,G,,F,6,213,,,16R235,,,,,,0,0,000000000,00000000000,0,0,0,1,0,0,0,0,0,0,0,999,0,0,0,11,11,4,1,9,0,0,0,1,42,17073,6,1,0,0,3,0,63,999,1,0,0,0,0,5,2011,5,2011,1,28,0,0,0,1,2,40,3,5,2,1,0,0,14,10,1,1,2,13,0,0
42,421070,1,1,1,19,11,3,3,33,0,1,0,42,1,49,50,49050,3,2007,JTKDE1679701,J,T,K,D,E,1,6,7,9,7,0,1,0,P,TOYT,SXC,2H,7,17,2905,,0,1063,,G,,F,4,146,,,17R215,,,,,,0,0,000000000,00000000000,0,0,0,1,0,0,0,0,0,0,0,999,0,0,0,1,1,6,2,30,0,0,0,1,42,18040,6,1,0,0,3,0,67,999,0,0,0,1,0,9,2011,9,2011,1,36,0,0,0,1,2,35,2,5,2,1,0,0,14,6,7,3,4,2,1,1
42,421071,1,2,2,3,11,23,55,12,8,1,0,42,2,22,18,22018,2,2000,1G2NF12E2YM8,1,G,2,N,F,1,2,E,2,Y,M,8,0,P,PONT,SE1,CP,0,17,3066,,0,1070,,G,,F,6,207,,,15R215,,,,,,0,0,000000000,00000000000,0,0,0,1,0,0,0,0,0,0,0,999,0,0,0,4,4,6,2,12,0,0,0,1,42,19053,2,1,0,0,2,0,74,999,0,6,0,1,1,12,2009,9,2011,1,28,36,0,0,2,2,45,1,3,2,1,0,0,6,6,8,4,2,64,1,1
42,421071,2,2,2,3,11,23,55,12,8,1,0,39,2,12,481,12481,31,2002,2FTRX18L62CA,2,F,T,R,X,1,8,L,6,2,C,A,0,T,FORD,F15,4C,2,17,,2,1574,1388,COF,G,,,8,330,,,,B,4639,05,U,44,0,0,000000000,00000000000,0,0,0,1,0,0,0,0,0,0,0,999,0,0,0,1,1,6,2,12,0,0,0,1,34,8618,6,1,0,0,3,0,68,999,0,0,0,0,1,9,2010,9,2010,0,0,0,0,0,2,2,45,1,3,2,1,0,0,1,62,9,1,1,65,0,0
42,421072,1,2,1,7,11,6,43,12,8,1,0,42,1,52,39,52039,3,1995,JA3AM84J9SY0,J,A,3,A,M,8,4,J,9,S,Y,0,0,P,MITS,3GT,2H,95,17,3390,,0,972,,G,,F,6,181,,,16R255,,,,,,0,0,000000000,00000000000,0,0,0,1,0,0,0,0,0,0,0,55,1,0,0,11,11,6,2,12,0,0,0,1,42,16650,6,1,6,0,3,0,66,999,0,1,0,0,3,2,2011,9,2011,0,28,0,0,0,1,2,55,2,1,2,1,0,0,14,10,1,1,2,64,1,0
42,421072,2,2,1,7,11,6,43,12,8,1,0,39,3,84,881,84881,66,2006,2HSCESBR16C3,2,H,S,C,E,S,B,R,1,6,C,3,1,T,INTL,92I,TR,6,17,,8,0,0,920,D,,,6,763,,,,,00000,00,,64,1,57,00388004,5700388004,3,6,2,2,2,8888,3,1,0,0,0,55,0,0,0,11,11,6,2,12,0,0,0,1,42,15010,6,1,6,1,3,0,76,999,0,0,0,0,0,0,0,0,0,0,0,0,0,0,1,2,55,3,1,2,1,0,0,14,62,8,2,1,65,0,0
42,421073,1,1,1,15,11,6,0,42,0,1,0,42,2,2,403,2403,14,1997,1J4FY19S5VP4,1,J,4,F,Y,1,9,S,5,V,P,4,0,T,JEEP,SPW,2W,97,17,,1,0,934,W/T,G,,,6,242,,,,,3156,00,E,44,0,0,000000000,00000000000,0,0,0,1,0,0,0,0,0,0,0,999,0,0,0,10,10,6,2,42,0,0,0,1,42,18969,3,1,0,0,2,0,73,999,0,0,0,0,0,0,0,0,0,1,36,0,0,0,1,2,45,2,1,1,1,0,0,14,6,1,4,4,2,1,0
42,421074,1,1,1,9,11,9,58,26,0,1,0,42,1,23,481,23481,31,2011,1GTR2VE33BZ2,1,G,T,R,2,V,E,3,3,B,Z,2,0,T,GMC,1NK,4C,11,17,,2,1575,1435,SIE,F,,,8,323,,,,B,5286,02,S,44,0,0,000000000,00000000000,0,0,0,1,0,0,0,0,0,0,0,999,0,0,0,12,3,6,2,10,0,0,0,1,42,18635,6,1,0,0,3,3,71,999,0,0,0,0,0,0,0,0,0,0,39,0,0,0,1,2,35,1,1,2,1,65,3,1,66,1,1,1,98,1,0
42,421075,1,2,1,27,11,3,55,12,1,1,0,51,3,51,884,51884,66,2007,4V4NC9GH77N4,4,V,4,N,C,9,G,H,7,7,N,4,1,T,VOLV,VNL,TR,7,17,,8,0,0,VVN,D,,,6,732,,,,,00000,00,,64,1,57,00390745,5700390745,3,6,1,1,0,0,0,0,0,0,0,68,0,0,0,12,12,4,3,12,0,0,0,1,51,22801,6,1,6,0,3,0,70,175,0,0,0,0,0,0,0,0,0,0,0,0,0,0,3,2,65,1,1,2,1,0,0,1,51,3,2,1,24,0,0
42,421075,2,2,2,27,11,3,55,12,1,1,0,42,1,49,40,49040,4,1993,JT2SK12EXP01,J,T,2,S,K,1,2,E,X,P,0,1,0,P,TOYT,CLE,4D,93,17,3053,,0,1031,,G,,F,4,132,,,14R195,,,,,,0,0,000000000,00000000000,0,0,0,1,0,0,0,0,0,0,0,999,0,0,0,6,6,6,2,12,0,0,0,1,42,18702,6,1,0,0,3,1,65,999,0,0,0,0,2,6,2010,1,2011,0,45,0,0,0,3,2,65,1,1,2,1,0,0,1,53,1,1,1,25,2,0
42,421076,1,2,1,29,11,9,12,12,2,1,0,42,3,52,34,52034,4,2011,4A32B2FF8BE0,4,A,3,2,B,2,F,F,8,B,E,0,0,P,MITS,GFE,4D,11,17,0,,0,0,,G,,F,4,145,,,000000,,,,,,0,0,000000000,00000000000,0,0,0,1,0,0,0,0,0,0,0,999,0,0,0,12,12,6,2,12,0,0,0,1,42,19390,6,1,0,0,3,0,68,999,0,0,0,0,0,0,0,0,0,0,28,0,0,0,2,2,45,1,1,2,2,0,0,1,10,1,1,2,50,1,0
42,421076,2,2,2,29,11,9,12,12,2,1,0,34,3,84,884,84884,64,2004,1HTBBAAMX4H6,1,H,T,B,B,A,A,M,X,4,H,6,0,T,INTL,380,BU,4,17,,6,2760,1520,30S,D,,,6,466,,,,,00000,00,,42,0,88,888888888,88888888888,2,1,96,1,0,0,0,0,0,0,0,999,0,0,0,12,12,6,2,12,0,0,0,1,42,19076,6,1,0,0,3,0,71,999,0,0,0,0,0,0,0,0,0,0,0,0,0,0,2,2,45,1,1,2,2,0,0,1,62,1,1,1,51,0,0
42,421077,1,1,1,21,11,9,7,53,0,1,0,42,1,63,32,63032,4,2008,KNADE1237863,K,N,A,D,E,1,2,3,7,8,6,3,0,P,KIA,RBL,4D,8,17,2365,,0,984,,G,,F,4,098,,,14R175,,,,,,0,0,000000000,00000000000,0,0,0,1,0,0,0,0,0,0,0,999,0,1,6,6,13,6,2,1,0,0,0,1,42,17025,6,1,0,0,3,0,61,999,1,0,0,0,0,1,2009,1,2009,1,36,0,0,0,1,2,35,2,5,2,2,0,0,14,6,1,4,4,7,1,0
42,421078,1,1,1,22,11,8,11,32,0,1,0,42,1,49,40,49040,4,2005,4T1BA32K05U5,4,T,1,B,A,3,2,K,0,5,U,5,0,P,TOYT,CSE,4D,5,17,3108,,0,1071,,G,,F,6,201,,,15R205,,,,,,0,0,000000000,00000000000,0,0,0,1,0,0,0,0,0,0,0,45,0,0,0,12,12,4,3,32,0,0,0,1,42,18927,6,1,0,0,3,0,70,999,1,0,0,0,0,7,2011,7,2011,0,99,99,99,99,1,2,50,1,1,2,2,0,0,1,13,1,1,4,1,1,1
42,421079,1,1,1,26,11,19,14,23,0,1,0,42,1,20,401,20401,14,1997,1GCCS1445VK1,1,G,C,C,S,1,4,4,5,V,K,1,0,T,CHEV,S14,PK,97,17,,1,1179,1083,S,G,,,4,133,,,,B,3062,00,,42,0,0,000000000,00000000000,0,0,0,1,0,0,0,0,0,0,0,60,0,1,1,11,11,6,2,23,0,0,0,1,42,17320,6,1,0,0,3,0,71,999,0,0,0,0,0,0,0,0,0,1,0,0,0,0,1,2,35,1,1,2,1,0,0,1,6,3,4,4,2,1,1
42,421080,1,1,2,29,11,10,0,59,0,1,0,42,2,2,1,2001,6,2011,1J4NF1FB2BD2,1,J,4,N,F,1,F,B,2,B,D,2,0,T,JEEP,CSP,4W,11,17,,1,0,1037,CMP,G,,,4,146,,,,,3247,00,W,44,0,0,000000000,00000000000,0,0,0,1,0,0,0,0,0,0,0,999,0,1,1,1,12,6,2,42,0,0,0,1,42,18414,6,7,0,0,3,1,60,999,0,0,0,0,0,0,0,0,0,0,52,58,0,0,1,2,40,3,6,2,2,0,0,14,13,1,1,4,1,1,0
42,421081,1,1,1,23,11,16,13,8,0,1,0,42,1,22,20,22020,4,1999,1G2NW52E9XM9,1,G,2,N,W,5,2,E,9,X,M,9,0,P,PONT,GAG,4D,99,17,3168,,0,1071,,G,,F,6,207,,,16R205,,,,,,0,0,000000000,00000000000,0,0,0,1,0,0,0,0,0,0,0,40,0,0,0,11,11,4,3,8,0,0,0,1,42,16435,6,1,0,0,3,1,67,999,0,0,0,0,0,0,0,0,0,1,51,0,0,0,1,2,35,1,1,2,1,0,0,1,10,3,2,2,13,0,1
42,421083,1,1,1,27,11,22,11,8,0,1,0,42,1,52,402,52402,14,2010,4A4JN2AS3AE0,4,A,4,J,N,2,A,S,3,A,E,0,0,P,MITS,END,UT,10,17,3969,,0,1083,,G,,F,6,232,,,17R235,,,,,,0,0,000000000,00000000000,0,0,0,1,0,0,0,0,0,0,0,999,0,0,0,1,1,4,3,8,99,99,0,1,42,16613,6,1,0,0,3,0,65,999,0,0,0,0,0,0,0,0,0,0,99,99,99,99,2,2,30,1,5,2,1,0,0,1,80,99,1,1,13,0,0
42,421084,1,2,1,1,11,12,44,12,2,1,0,51,2,49,46,49046,5,2007,JTDKB20UX776,J,T,D,K,B,2,0,U,X,7,7,6,0,P,TOYT,PRI,4H,7,17,2932,,0,1063,,B,,F,4,091,,,15R185,,,,,,0,0,000000000,00000000000,0,0,0,1,0,0,0,0,0,0,0,999,0,0,0,12,12,6,2,12,36,0,0,1,42,18974,6,1,0,0,3,0,63,999,0,0,0,0,0,0,0,0,0,0,28,0,0,0,5,4,45,1,1,2,1,0,0,1,10,1,1,2,50,1,0
42,421084,2,2,1,1,11,12,44,12,2,1,0,42,3,82,884,82884,62,2004,1FVACWDC84HN,1,F,V,A,C,W,D,C,8,4,H,N,0,T,FRHT,16M,CC,4,17,,6,0,0,FM2,D,,,6,439,,,,,00000,00,,42,0,57,02104452,5702104452,2,1,1,1,0,0,0,0,0,0,0,999,0,0,0,12,12,6,2,12,0,0,0,1,42,17201,6,1,0,0,3,1,70,999,1,0,0,0,1,1,2009,2,2009,0,0,0,0,0,5,4,45,1,1,2,1,0,0,1,62,8,1,1,51,0,0
42,421085,1,1,3,2,11,21,44,9,0,1,0,54,1,12,24,12024,6,2012,2FMDK3KC9CBA,2,F,M,D,K,3,K,C,9,C,B,A,0,P,FORD,EDG,UT,12,17,4056,,0,1112,,G,,F,6,214,,,18R245,,,,,,0,0,000000000,00000000000,0,0,0,1,0,0,0,0,0,0,0,999,0,0,0,3,3,2,3,9,0,0,0,1,42,15401,6,1,0,0,3,0,67,999,0,0,0,1,0,4,2009,4,2009,0,0,0,0,0,3,2,35,1,1,2,1,3,3,1,83,3,1,1,13,0,1
42,421086,1,2,0,12,11,3,28,12,6,1,0,42,6,20,16,20016,4,1999,3G1JC5240XS8,3,G,1,J,C,5,2,4,0,X,S,8,0,P,CHEV,CAV,4D,99,17,2676,,0,1041,,G,,F,4,133,,,14R195,,,,,,0,0,000000000,00000000000,0,0,0,1,0,0,0,0,0,0,0,0,0,0,0,5,5,6,2,8,0,0,0,0,0,99997,7,6,97,7,6,7,998,997,998,998,998,998,998,98,9998,98,9998,8,0,0,0,0,3,2,65,1,1,2,1,0,0,0,53,0,0,0,48,0,0
42,421086,2,2,1,12,11,3,28,12,6,1,0,42,3,82,884,82884,66,2006,1FUJA6CKX6LV,1,F,U,J,A,6,C,K,X,6,L,V,1,T,FRHT,COL,TR,6,17,,8,0,0,CON,D,,,6,855,,,,,00000,00,,64,1,57,01738977,5701738977,3,6,1,1,0,0,0,0,0,0,0,65,0,0,0,1,1,2,3,12,0,0,0,1,34,8028,6,1,6,0,3,0,69,999,0,0,0,0,0,0,0,0,0,0,0,0,0,0,3,2,65,1,1,2,1,0,0,15,50,8,2,1,48,0,0
42,421087,1,1,1,2,11,18,40,8,0,1,0,42,1,7,442,7442,20,2003,2D4GP44333R2,2,D,4,G,P,4,4,3,3,3,R,2,0,T,DODG,GSP,ES,3,17,,1,0,1193,CAR,F,,,6,201,,,,,3975,01,E,42,0,0,000000000,00000000000,0,0,0,1,0,0,0,0,0,0,0,999,0,0,0,1,1,4,1,8,0,0,0,1,42,19121,6,1,0,0,3,0,63,999,0,0,0,0,0,0,0,0,0,0,99,99,99,99,1,2,99,1,1,2,1,1,3,1,80,98,1,1,13,0,0
42,421088,1,1,1,25,11,18,44,8,0,1,0,42,1,37,31,37031,4,2002,2HGES26772H5,2,H,G,E,S,2,6,7,7,2,H,5,0,P,HOND,UAX,4D,2,17,2615,,0,1031,,G,,F,4,102,,,15R185,,,,,,0,0,000000000,00000000000,0,0,0,1,0,0,0,0,0,0,0,999,0,0,0,12,12,6,2,8,0,0,0,1,42,18974,6,1,0,0,3,0,63,999,0,0,0,0,0,0,0,0,0,0,0,0,0,0,1,2,45,1,6,2,1,0,0,1,80,1,1,1,13,0,0
42,421089,1,2,1,18,11,3,34,12,1,1,0,95,3,51,884,51884,66,2007,4V4NC9GGX7N4,4,V,4,N,C,9,G,G,X,7,N,4,1,T,VOLV,VNL,TR,7,17,,8,0,0,VVN,D,,,6,732,,,,,00000,00,,64,1,57,01773278,5701773278,3,6,1,1,0,0,0,0,0,0,0,60,7,0,0,12,12,6,2,12,0,0,0,1,95,99999,9,9,99,9,9,9,999,999,99,99,99,99,99,99,9999,99,9999,0,26,0,0,0,2,2,65,1,1,2,1,98,3,1,51,2,1,1,24,0,0
42,421089,2,2,2,18,11,3,34,12,1,1,0,36,1,20,32,20032,4,1997,1Y1SK526XVZ4,1,Y,1,S,K,5,2,6,X,V,Z,4,0,P,GEO,GEP,4D,97,17,2360,,0,971,,G,,F,4,097,,,14R175,,,,,,0,0,000000000,00000000000,0,0,0,1,0,0,0,0,0,0,0,10,0,0,0,6,6,6,2,12,0,0,0,1,36,11230,6,1,0,0,3,3,999,999,0,0,0,0,0,0,0,0,0,0,45,0,0,0,2,2,65,1,1,2,1,98,3,1,53,1,1,1,25,1,0
42,421090,1,1,1,17,12,1,15,35,0,1,0,42,1,12,481,12481,31,1993,1FTEF14Y4PNA,1,F,T,E,F,1,4,Y,4,P,N,A,0,T,FORD,F15,PK,93,17,,2,1330,1170,COF,G,,,6,300,,,,B,00000,00,A,44,0,0,000000000,00000000000,0,0,0,1,0,0,0,0,0,0,0,65,0,1,5,12,0,6,2,1,0,0,0,1,42,18845,6,1,0,0,3,3,66,999,0,0,2,0,0,4,2009,4,2009,1,58,0,0,0,1,2,50,3,1,2,1,0,0,14,13,6,3,4,2,1,1
42,421091,1,1,1,24,11,17,20,8,0,1,0,42,1,7,398,7398,4,2000,2B4GP25R9YR6,2,B,4,G,P,2,5,R,9,Y,R,6,0,P,DODG,CAR,SV,0,17,3432,,0,1133,,G,,F,6,201,,,14R205,,,,,,0,0,000000000,00000000000,0,0,0,1,0,0,0,0,0,0,0,999,0,0,0,12,12,4,1,8,0,0,0,1,42,19150,6,1,0,0,3,1,75,999,0,0,0,0,0,0,0,0,0,0,99,99,99,99,1,2,25,1,1,2,1,1,3,1,80,2,1,1,13,0,0
42,421092,1,1,1,14,12,2,18,35,0,1,0,42,2,12,37,12037,4,2006,1FAFP34N36W2,1,F,A,F,P,3,4,N,3,6,W,2,0,P,FORD,ZX4,4D,6,17,2676,,0,1029,,G,,F,4,122,,,15R195,,,,,,0,0,000000000,00000000000,0,0,0,1,0,0,0,0,0,0,0,999,0,0,0,1,13,6,2,30,0,0,0,1,42,19422,6,1,0,0,3,0,70,999,0,0,0,0,0,0,0,0,0,1,58,0,0,0,1,2,45,2,5,2,1,0,0,14,6,6,3,4,2,1,1
42,421093,1,2,1,11,11,0,57,12,1,1,0,42,1,34,35,34035,4,2006,WBANF33546CS,W,B,A,N,F,3,3,5,4,6,C,S,0,P,BMW,52X,4D,6,17,3627,,0,1137,,G,,F,6,182,,,16R225,,,,,,0,0,000000000,00000000000,0,0,0,1,0,0,0,0,0,0,0,70,0,0,0,12,12,6,2,12,0,0,0,1,42,16066,6,1,0,0,3,0,66,999,0,0,0,0,0,0,0,0,0,1,26,0,0,0,2,3,55,1,6,2,1,0,0,1,51,1,1,1,24,1,1
42,421093,2,2,1,11,11,0,57,12,1,1,0,18,3,85,884,85884,66,2002,1KKVD28178L2,1,K,K,V,D,2,8,1,7,8,L,2,2,T,KW,,,2,17,,,,,,D,,,6,855,,,,,,,,,1,57,00265752,5700265752,3,7,1,1,0,0,0,0,0,0,0,55,0,0,0,6,6,4,3,12,0,0,0,1,42,17236,6,1,6,1,3,0,74,999,0,0,0,0,0,0,0,0,0,0,0,0,0,0,2,3,55,1,6,2,1,0,0,1,53,1,1,1,25,0,0
42,421094,1,1,2,10,12,18,45,42,0,1,0,42,2,7,880,7880,67,2005,3D7MS48C55G7,3,D,7,M,S,4,8,C,5,5,G,7,0,T,DODG,SQ3,CW,5,17,,3,0,1600,RPC,D,,,6,359,,,,D,6586,00,E,44,0,88,888888888,88888888888,2,1,96,1,0,0,0,0,0,0,0,65,0,1,5,4,0,6,2,1,0,0,0,1,42,17362,6,1,0,0,3,3,66,999,0,0,0,0,0,0,0,0,0,1,0,0,0,0,1,2,45,3,5,2,1,0,0,14,6,1,4,4,2,1,1
42,421095,1,2,1,11,11,21,20,12,2,1,0,42,1,2,404,2404,14,1999,1J4GW58SXXC7,1,J,4,G,W,5,8,S,X,X,C,7,0,T,JEEP,LRO,4W,99,17,,1,0,1059,GCK,G,,,6,242,,,,,3809,00,E,44,0,0,000000000,00000000000,0,0,0,1,0,0,0,0,0,0,0,45,0,0,0,12,12,6,2,12,0,0,0,1,42,17036,6,1,0,0,3,0,66,999,0,0,0,0,0,0,0,0,0,0,28,0,0,0,1,2,45,2,6,2,1,0,0,14,10,1,1,2,50,0,1