STATE,ST_CASE,VEH_NO,VE_FORMS,NUMOCCS,DAY,MONTH,HOUR,MINUTE,HARM_EV,MAN_COLL,UNITTYPE,HIT_RUN,REG_STAT,OWNER,MAKE,MODEL,MAK_MOD,BODY_TYP,MOD_YEAR,VIN,VIN_1,VIN_2,VIN_3,VIN_4,VIN_5,VIN_6,VIN_7,VIN_8,VIN_9,VIN_10,VIN_11,VIN_12,TOW_VEH,VINTYPE,VINMAKE,VINA_MOD,VIN_BT,VINMODYR,VIN_LNGT,VIN_WGT,WGTCD_TR,WHLBS_LG,WHLBS_SH,SER_TR,FUELCODE,MCYCL_DS,CARBUR,CYLINDER,DISPLACE,MCYCL_CY,MCYCL_WT,TIRE_SZE,TON_RAT,TRK_WT,TRKWTVAR,VIN_REST,WHLDRWHL,J_KNIFE,MCARR_I1,MCARR_I2,MCARR_ID,GVWR,V_CONFIG,CARGO_BT,HAZ_INV,HAZ_PLAC,HAZ_ID,HAZ_CNO,HAZ_REL,BUS_USE,SPEC_USE,EMER_USE,TRAV_SP,UNDERIDE,ROLLOVER,ROLINLOC,IMPACT1,IMPACT2,DEFORMED,TOWED,M_HARM,VEH_SC1,VEH_SC2,FIRE_EXP,DR_PRES,L_STATE,DR_ZIP,L_STATUS,L_TYPE,CDL_STAT,L_ENDORS,L_COMPL,L_RESTRI,DR_HGT,DR_WGT,PREV_ACC,PREV_SUS,PREV_DWI,PREV_SPD,PREV_OTH,FIRST_MO,FIRST_YR,LAST_MO,LAST_YR,SPEEDREL,DR_SF1,DR_SF2,DR_SF3,DR_SF4,VTRAFWAY,VNUM_LAN,VSPD_LIM,VALIGN,VPROFILE,VPAVETYP,VSURCOND,VTRAFCON,VTCONT_F,P_CRASH1,P_CRASH2,P_CRASH3,PCRASH4,PCRASH5,ACC_TYPE,DEATHS,DR_DRINK
42,421136,2,2,1,17,12,18,46,12,6,1,0,18,3,84,884,84884,66,2010,3HSCUSJR6AN2,3,H,S,C,U,S,J,R,6,A,N,2,1,T,INTL,PPR,TR,10,17,,8,0,0,PRO,D,,,6,793,,,,,00000,00,,64,1,57,00117394,5700117394,3,6,2,2,2,8888,2,1,0,0,0,35,7,0,0,11,11,6,2,12,0,0,0,1,39,43964,6,1,6,1,3,0,68,181,0,0,0,0,0,0,0,0,0,0,0,0,0,0,1,2,45,1,1,1,4,0,0,1,62,9,1,1,65,0,0
42,421137,1,1,4,21,12,4,10,42,0,1,0,42,2,12,481,12481,31,2003,1FTSW31P43ED,1,F,T,S,W,3,1,P,4,3,E,D,0,T,FORD,F3S,CW,3,17,,2,1724,1562,SRW,D,,,8,366,,,,D,6267,00,E,44,0,0,000000000,00000000000,0,0,0,1,0,0,0,0,0,0,0,50,0,0,0,3,3,6,2,42,0,0,0,1,42,16823,6,1,0,0,3,3,68,999,0,0,0,1,0,10,2009,10,2009,1,0,0,0,0,1,2,45,3,6,2,2,0,0,14,13,99,1,4,1,1,1
42,421138,1,1,1,5,12,14,41,59,0,1,0,42,1,23,481,23481,31,2008,2GTEK1901811,2,G,T,E,K,1,9,0,1,8,1,1,0,T,GMC,SK1,4C,8,17,,2,1575,1339,SIE,F,,,8,323,,,,B,5226,02,4,44,0,0,000000000,00000000000,0,0,0,1,0,0,0,0,0,0,0,60,0,0,0,12,12,6,2,42,0,0,0,1,42,19522,6,1,0,0,3,0,66,999,0,0,0,0,0,0,0,0,0,1,0,0,0,0,1,2,45,1,1,2,1,0,0,4,8,1,1,4,6,1,0
42,421139,1,2,1,2,12,11,44,12,2,1,0,42,1,22,32,22032,6,2008,5Y2SL65898Z4,5,Y,2,S,L,6,5,8,9,8,Z,4,0,P,PONT,VIB,4H,8,17,2700,,0,1024,,G,,F,4,110,,,16R205,,,,,,0,0,000000000,00000000000,0,0,0,1,0,0,0,0,0,0,0,70,0,0,0,12,12,6,2,12,0,0,0,1,42,15530,3,1,0,0,2,1,75,999,0,0,0,0,0,0,0,0,0,1,35,51,0,0,1,2,55,2,6,2,1,0,0,6,54,9,2,2,50,1,0
42,421139,2,2,1,2,12,11,44,12,2,1,0,42,1,53,404,53404,14,2010,JS3TD0D77A41,J,S,3,T,D,0,D,7,7,A,4,1,0,P,SUZI,GVT,UT,10,17,3611,,0,1039,,G,,F,4,146,,,17R225,,,,,,0,0,000000000,00000000000,0,0,0,1,0,0,0,0,0,0,0,55,0,0,0,12,12,6,2,12,0,0,0,1,42,15143,3,1,0,0,2,0,72,999,0,0,0,0,0,0,0,0,0,0,0,0,0,0,1,2,55,3,5,2,1,0,0,14,54,6,1,2,51,1,0
42,421140,1,2,3,6,12,15,0,12,6,1,0,42,2,48,38,48038,6,1997,JF1GF485XVH8,J,F,1,G,F,4,8,5,X,V,H,8,0,P,SUBA,IO4,SW,97,17,2835,,0,992,,G,,F,4,135,,,15R205,,,,,,0,0,000000000,00000000000,0,0,0,1,0,0,0,0,0,0,0,45,0,0,0,3,3,6,2,12,0,0,0,1,42,17545,6,2,0,0,3,3,71,999,0,0,0,0,0,0,0,0,0,1,52,28,58,0,1,2,45,3,1,2,2,0,0,14,6,99,4,2,64,3,0
42,421140,2,2,1,6,12,15,0,12,6,1,0,42,1,49,46,49046,5,2008,JTDKB20U0877,J,T,D,K,B,2,0,U,0,8,7,7,0,P,TOYT,PRI,4H,8,17,2932,,0,1063,,B,,F,4,091,,,15R185,,,,,,0,0,000000000,00000000000,0,0,0,1,0,0,0,0,0,0,0,40,0,0,0,12,12,6,2,12,36,0,0,1,42,17042,6,1,0,0,3,3,62,999,0,0,0,0,0,0,0,0,0,0,0,0,0,0,1,2,45,1,1,2,2,0,0,1,62,2,1,1,65,0,0
42,421141,1,1,1,14,12,17,45,38,0,1,0,42,1,49,40,49040,4,1990,4T1SV24E0LU1,4,T,1,S,V,2,4,E,0,L,U,1,0,P,TOYT,CAM,4D,90,17,0,,0,1024,,G,,F,4,122,,,14R185,,,,,,0,0,000000000,00000000000,0,0,0,1,0,0,0,0,0,0,0,35,0,0,0,12,12,6,2,38,0,0,0,1,42,18040,6,1,0,0,3,0,68,999,0,0,0,0,0,0,0,0,0,0,39,0,0,0,1,2,45,1,1,2,1,20,3,1,8,3,2,4,14,1,0
42,421142,1,1,1,22,12,22,23,42,0,1,0,42,2,20,481,20481,31,1989,1GCDK14K1KZ2,1,G,C,D,K,1,4,K,1,K,Z,2,0,T,CHEV,GK1,PK,89,17,,1,1315,1175,GM4,G,,,8,350,,,,B,4553,06,,44,0,0,000000000,00000000000,0,0,0,1,0,0,0,0,0,0,0,50,0,0,0,12,12,6,2,42,0,0,0,1,42,19330,6,1,0,0,3,0,63,999,0,0,0,0,0,0,0,0,0,1,99,99,99,99,1,2,40,1,1,2,2,0,0,1,13,1,1,4,1,1,0
42,421143,1,2,1,29,12,17,45,12,2,1,0,42,1,23,401,23401,14,2004,1GKDT13SX421,1,G,K,D,T,1,3,S,X,4,2,1,0,T,GMC,ENV,4W,4,17,,1,0,1130,ENV,G,,,6,256,,,,B,4616,00,E,44,0,0,000000000,00000000000,0,0,0,1,0,0,0,0,0,0,0,50,0,0,0,12,12,6,2,12,0,0,0,1,42,17536,6,1,0,0,3,0,64,999,0,0,0,0,0,0,0,0,0,0,28,87,0,0,1,2,55,2,5,2,4,0,0,14,5,99,1,2,50,0,0
42,421143,2,2,3,29,12,17,45,12,2,1,0,42,2,12,402,12402,14,2005,1FMYU93155KA,1,F,M,Y,U,9,3,1,5,5,K,A,0,P,FORD,SPE,UT,5,17,3464,,0,1031,,G,,F,6,183,,,16R235,,,,,,0,0,000000000,00000000000,0,0,0,1,0,0,0,0,0,0,0,50,0,0,0,12,12,6,2,12,0,0,0,1,42,17566,6,1,0,0,3,0,74,999,0,0,0,0,0,0,0,0,0,0,0,0,0,0,1,2,55,3,5,2,4,0,0,14,62,1,1,1,51,1,0
42,421144,1,2,4,12,12,14,8,12,2,1,0,42,1,23,441,23441,20,1995,1GKEL19W2SB5,1,G,K,E,L,1,9,W,2,S,B,5,0,T,GMC,SXT,ES,95,17,,2,0,1110,SAF,G,,,6,262,,,,B,00000,00,M,44,0,0,000000000,00000000000,0,0,0,1,0,0,0,0,0,0,0,55,0,0,0,12,12,6,2,12,0,0,0,1,42,16301,6,1,0,0,3,0,74,999,0,0,0,0,0,0,0,0,0,0,28,0,0,0,1,2,55,2,1,2,1,0,0,14,10,9,2,2,50,1,0
42,421144,2,2,2,12,12,14,8,12,2,1,0,42,1,12,401,12401,14,2007,1FMEU51K47UA,1,F,M,E,U,5,1,K,4,7,U,A,0,P,FORD,EPR,UT,7,17,4687,,0,1305,,G,,F,6,244,,,16R235,,,,,,0,0,000000000,00000000000,0,0,0,1,0,0,0,0,0,0,0,55,0,0,0,12,12,6,2,12,0,0,0,1,42,16735,6,1,0,0,3,0,66,999,0,0,0,0,0,0,0,0,0,0,0,0,0,0,1,2,55,3,1,2,1,0,0,14,62,8,2,2,51,0,0
42,421145,1,2,1,28,12,6,49,12,2,1,0,42,1,20,22,20022,2,2006,1G1AK15F8678,1,G,1,A,K,1,5,F,8,6,7,8,0,P,CHEV,BLS,CP,6,17,2991,,0,1033,,G,,F,4,134,,,15R195,,,,,,0,0,000000000,00000000000,0,0,0,1,0,0,0,0,0,0,0,65,2,0,0,12,12,6,2,12,0,0,0,1,42,15089,6,1,0,0,3,0,69,999,0,0,0,0,0,0,0,0,0,1,28,87,0,0,1,4,55,1,6,2,10,0,0,1,10,1,1,2,50,1,0
42,421145,2,2,1,28,12,6,49,12,2,1,0,39,2,85,881,85881,66,2012,1NKDL48X1CJ3,1,N,K,D,L,4,8,X,1,C,J,3,1,T,KW,T80,CC,12,17,,8,2600,1600,CON,D,,,6,915,,,,,00000,00,,64,1,57,00222927,5700222927,3,6,1,1,0,0,0,0,0,0,0,65,0,0,0,12,12,2,1,12,0,0,0,1,39,44287,6,1,6,0,3,0,72,225,1,0,0,0,0,7,2010,7,2010,0,0,0,0,0,1,4,55,1,5,2,10,0,0,1,62,2,1,1,51,0,0
42,421146,1,1,4,4,12,15,40,5,0,1,0,42,2,35,472,35472,30,2001,1N6MD27Y31C3,1,N,6,M,D,2,7,Y,3,1,C,3,0,T,NISS,CSC,CW,1,17,,1,0,1161,FRT,G,,,6,201,,,,B,4026,01,U,44,0,0,000000000,00000000000,0,0,0,1,0,0,0,0,0,0,0,25,0,0,0,0,0,0,1,42,0,0,0,1,42,15021,6,1,0,0,3,0,70,999,0,0,0,0,0,0,0,0,0,0,36,0,0,0,1,2,35,2,1,2,1,0,0,14,98,1,1,1,0,1,0
42,421147,1,2,1,27,12,13,15,12,6,1,0,42,2,52,46,52046,4,2004,JA3AJ26E24U0,J,A,3,A,J,2,6,E,2,4,U,0,0,P,MITS,LES,4D,4,17,2656,,0,1024,,G,,F,4,122,,,14R185,,,,,,0,0,000000000,00000000000,0,0,0,1,0,0,0,0,0,0,0,50,0,0,0,11,11,6,2,12,0,0,0,1,42,19064,6,1,0,0,3,0,71,999,0,0,0,0,3,10,2009,11,2011,0,28,0,0,0,5,2,35,1,1,2,2,0,0,1,10,99,1,2,64,1,0
42,421147,2,2,4,27,12,13,15,12,6,1,0,42,2,49,442,49442,20,2008,5TDZK23C98S2,5,T,D,Z,K,2,3,C,9,8,S,2,0,P,TOYT,SIE,SV,8,17,4177,,0,1193,,G,,F,6,214,,,16R215,,,,,,0,0,000000000,00000000000,0,0,0,1,0,0,0,0,0,0,0,40,0,0,0,11,11,6,2,12,0,0,0,1,42,19335,6,1,0,0,3,0,64,999,0,0,0,0,0,0,0,0,0,0,0,0,0,0,5,2,35,1,1,2,2,0,0,1,62,98,1,1,65,0,0
42,421148,1,2,1,24,12,18,10,12,2,1,0,42,1,20,16,20016,1,1998,4G1JF32T6WB9,4,G,1,J,F,3,2,T,6,W,B,9,0,P,CHEV,CZ2,CV,98,17,2899,,0,1041,,G,,F,4,146,,,15R195,,,,,,0,0,000000000,00000000000,0,0,0,1,0,0,0,0,0,0,0,999,0,0,0,12,12,6,2,12,0,0,0,1,42,18330,1,1,0,0,2,0,61,999,0,1,1,0,0,9,2010,9,2010,0,28,0,0,0,1,2,40,2,5,2,1,0,0,14,10,1,1,2,50,1,1
42,421148,2,2,2,24,12,18,10,12,2,1,0,42,1,12,481,12481,31,1989,1FTEX14N3KKA,1,F,T,E,X,1,4,N,3,K,K,A,0,T,FORD,F15,PC,89,17,,2,1550,1390,COF,G,,,8,302,,,,B,4108,02,A,44,0,0,000000000,00000000000,0,0,0,1,0,0,0,0,0,0,0,45,0,0,0,12,12,6,2,12,0,0,0,1,42,18360,6,1,0,0,3,0,73,999,0,0,0,0,0,0,0,0,0,0,0,0,0,0,1,2,55,1,3,2,1,0,0,1,62,1,1,1,51,0,0
42,421149,1,1,2,20,12,17,46,39,0,1,0,42,1,58,37,58037,2,2009,JNKCV64F39M6,J,N,K,C,V,6,4,F,3,9,M,6,0,P,INFI,GAW,CP,9,17,3624,,0,1122,,G,,F,6,226,,,18R225,,,,,,0,0,000000000,00000000000,0,0,0,1,0,0,0,0,0,0,0,999,0,0,0,12,12,6,2,39,0,0,0,1,42,18088,6,1,0,0,3,1,68,999,0,0,0,0,0,0,0,0,0,0,99,99,99,99,1,2,45,2,1,2,2,0,0,14,13,1,1,4,1,2,0
42,421150,1,2,1,12,12,17,55,39,0,1,0,42,1,48,38,48038,6,2011,JF1GH6A69BH8,J,F,1,G,H,6,A,6,9,B,H,8,0,P,SUBA,I25,SW,11,17,3075,,0,1031,,G,,F,4,150,,,16R205,,,,,,0,0,000000000,00000000000,0,0,0,1,0,0,0,0,0,0,0,55,0,0,0,2,2,6,2,39,0,0,0,1,42,19107,6,1,0,0,3,1,67,999,0,0,0,0,0,0,0,0,0,0,0,0,0,0,3,3,55,1,1,2,1,0,0,1,8,1,1,4,1,1,0
42,421150,2,2,4,12,12,17,55,39,0,1,0,42,1,59,401,59401,14,2000,JT6HF10UXY00,J,T,6,H,F,1,0,U,X,Y,0,0,0,P,LEXS,RX3,UT,0,17,3900,,0,1031,,G,,F,6,183,,,16R225,,,,,,0,0,000000000,00000000000,0,0,0,1,0,0,0,0,0,0,0,50,0,0,0,5,5,6,2,12,0,0,0,1,42,19104,6,1,0,0,3,3,65,999,0,1,0,0,0,5,2010,5,2010,0,0,0,0,0,3,3,55,1,1,2,1,0,0,1,61,1,1,1,98,0,0
42,421151,1,1,2,4,12,15,4,35,0,1,0,42,1,72,706,72706,80,1998,1HD1FRR46WY6,1,H,D,1,F,R,R,4,6,W,Y,6,0,M,HD,FCA,RS,98,17,,,,,,,1340,,2,,4,694,,,,,,,0,0,000000000,00000000000,0,0,0,1,0,0,0,0,0,0,0,55,0,0,0,14,14,6,2,42,0,0,0,1,42,17509,6,1,0,0,3,0,71,999,0,0,0,0,1,11,2010,11,2010,1,36,0,0,0,1,2,45,2,6,2,1,0,0,14,6,7,4,4,2,1,0
42,421152,1,1,1,14,12,6,6,25,0,1,0,42,1,9,398,9398,4,1989,1P3BA46K5KF4,1,P,3,B,A,4,6,K,5,K,F,4,0,P,PLYM,ACC,4D,89,17,2760,,0,1033,,G,,F,4,153,,,14R185,,,,,,0,0,000000000,00000000000,0,0,0,1,0,0,0,0,0,0,0,65,0,0,0,11,11,4,3,25,0,0,0,1,42,19134,6,1,0,0,3,0,66,999,0,0,0,0,0,0,0,0,0,1,0,0,0,0,3,4,55,2,1,1,1,0,0,14,6,4,4,4,7,1,0
42,421153,1,1,1,31,12,23,4,1,0,1,0,42,2,54,398,54398,3,1999,JH4DC4458XS0,J,H,4,D,C,4,4,5,8,X,S,0,0,P,ACUR,ILS,2H,99,17,2685,,0,1012,,G,,F,4,112,,,15R195,,,,,,0,0,000000000,00000000000,0,0,0,1,0,0,0,0,0,0,0,999,0,2,5,0,0,6,2,1,0,0,0,1,42,19555,0,0,0,0,0,0,62,999,0,2,0,0,2,1,2010,1,2010,1,36,0,0,0,1,2,45,2,1,2,1,0,0,14,6,1,4,4,7,1,1
42,421154,1,1,1,14,12,18,10,8,0,1,0,42,1,12,471,12471,30,1997,1FTCR14X1VTA,1,F,T,C,R,1,4,X,1,V,T,A,0,T,FORD,RNS,PC,97,17,,1,0,1250,RNG,G,,,6,245,,,,B,3300,04,E,42,0,0,000000000,00000000000,0,0,0,1,0,0,0,0,0,0,0,999,0,0,0,12,12,4,3,8,0,0,0,1,42,17331,6,1,0,0,3,0,70,999,0,0,0,1,0,12,2008,12,2008,0,0,0,0,0,1,2,45,1,1,2,1,0,0,1,80,99,1,1,13,0,0
42,421155,1,1,1,31,12,19,37,8,0,1,0,42,1,23,499,23499,15,2005,1GKDT13SX523,1,G,K,D,T,1,3,S,X,5,2,3,0,T,GMC,ENV,4W,5,17,,1,0,1130,ENV,G,,,6,256,,,,B,4594,00,E,44,0,0,000000000,00000000000,0,0,0,1,0,0,0,0,0,0,0,15,0,0,0,11,11,2,1,8,0,0,0,1,42,16915,6,1,0,0,3,0,73,999,0,0,0,0,0,0,0,0,0,0,38,0,0,0,1,2,25,1,1,2,1,1,3,11,80,1,1,1,13,0,0
42,421156,1,2,2,4,12,2,52,12,6,1,0,42,1,20,473,20473,30,2006,1GCCS1481681,1,G,C,C,S,1,4,8,1,6,8,1,0,T,CHEV,RDO,PK,6,17,,1,0,1113,CAL,G,,,4,171,,,,,3303,00,,42,0,0,000000000,00000000000,0,0,0,1,0,0,0,0,0,0,0,999,0,0,0,3,3,6,2,12,0,0,0,1,42,15961,6,1,0,0,3,0,69,999,0,1,0,0,0,3,2009,3,2009,1,28,0,0,0,1,2,45,1,5,2,1,0,0,1,10,6,4,2,64,1,1
42,421156,2,2,1,4,12,2,52,12,6,1,0,42,1,12,401,12401,14,1995,1FMDU34X2SZB,1,F,M,D,U,3,4,X,2,S,Z,B,0,P,FORD,EPR,UT,95,17,4053,,0,1115,,G,,F,6,245,,,15R225,,,,,,0,0,000000000,00000000000,0,0,0,1,0,0,0,0,0,0,0,999,0,0,0,12,12,6,2,12,0,0,0,1,42,15906,6,1,6,0,3,0,70,999,0,0,0,0,1,12,2009,12,2009,0,0,0,0,0,1,2,45,1,5,1,1,0,0,1,62,2,1,1,65,0,0
42,421157,1,2,1,29,12,19,21,8,0,1,0,42,1,22,16,22016,2,1999,1G2JB1249X75,1,G,2,J,B,1,2,4,9,X,7,5,0,P,PONT,SFS,CP,99,17,2630,,0,1041,,G,,F,4,133,,,14R195,,,,,,0,0,000000000,00000000000,0,0,0,1,0,0,0,0,0,0,0,55,0,0,0,1,1,6,2,8,0,0,0,1,42,15463,6,1,0,0,3,1,66,999,0,0,0,0,1,8,2011,8,2011,1,0,0,0,0,1,2,45,1,6,2,1,0,0,1,80,1,1,1,13,0,1
42,421157,2,2,0,29,12,19,21,8,0,1,0,42,6,12,13,12013,5,1995,1FASP14J5SW3,1,F,A,S,P,1,4,J,5,S,W,3,0,P,FORD,EST,4H,95,17,2385,,0,984,,G,,F,4,113,,,14R175,,,,,,0,0,000000000,00000000000,0,0,0,1,0,0,0,0,0,0,0,0,0,0,0,7,6,6,2,12,0,0,0,0,0,99997,7,6,97,7,6,7,998,997,998,998,998,998,998,98,9998,98,9998,8,0,0,0,0,1,2,45,1,6,2,1,0,0,0,53,0,0,0,98,0,0
42,421158,1,1,1,8,12,19,59,8,0,1,0,42,1,23,421,23421,15,2011,1GKS2EEF6BR1,1,G,K,S,2,E,E,F,6,B,R,1,0,T,GMC,NAL,4W,11,17,,2,0,1160,YUK,F,,,8,378,,,,B,5894,00,S,44,0,0,000000000,00000000000,0,0,0,1,0,0,0,0,0,0,0,999,0,0,0,9,9,2,1,8,0,0,0,1,42,15690,6,1,0,0,3,3,72,999,0,0,0,0,0,0,0,0,0,0,0,0,0,0,1,2,55,1,6,2,1,0,0,1,80,1,1,1,13,0,0
42,421159,1,1,1,4,12,16,44,9,0,1,0,42,1,48,401,48401,14,2010,JF2SH6AC7AH7,J,F,2,S,H,6,A,C,7,A,H,7,0,P,SUBA,FOR,UT,10,17,3250,,0,1030,,G,,F,4,150,,,16R215,,,,,,0,0,000000000,00000000000,0,0,0,1,0,0,0,0,0,0,0,35,0,0,0,12,12,4,3,9,0,0,0,1,42,18034,6,1,0,0,3,1,64,999,0,0,0,0,0,0,0,0,0,0,99,99,99,99,2,2,35,1,1,1,1,0,0,1,83,1,1,1,13,0,0
42,421160,1,2,1,21,12,11,30,12,6,1,0,42,2,12,37,12037,4,2001,1FAFP34P41W2,1,F,A,F,P,3,4,P,4,1,W,2,0,P,FORD,FSC,4D,1,17,2563,,0,1030,,G,,F,4,122,,,15R195,,,,,,0,0,000000000,00000000000,0,0,0,1,0,0,0,0,0,0,0,55,0,0,0,2,2,6,2,12,0,0,0,1,42,17078,1,1,0,0,2,0,75,999,1,8,1,0,8,3,2009,8,2011,1,28,0,0,0,1,2,45,1,1,2,2,0,0,1,10,7,1,2,64,1,1
42,421160,2,2,1,21,12,11,30,12,6,1,0,42,3,23,880,23880,67,2004,1GDE5C1224F5,1,G,D,E,5,C,1,2,2,4,F,5,0,T,GMC,C5C,CB,4,17,,6,2240,1280,C55,D,,,8,403,,,,,00000,00,,42,0,88,888888888,88888888888,2,1,2,1,0,0,0,0,0,0,0,35,0,0,0,11,11,6,2,12,0,0,0,1,42,17042,6,1,0,0,3,1,73,999,0,0,0,0,0,0,0,0,0,0,0,0,0,0,1,2,45,1,1,2,2,0,0,1,62,9,1,1,65,0,0
42,421161,1,1,1,7,12,17,48,8,0,1,0,42,1,63,402,63402,14,2005,KNDJC7338553,K,N,D,J,C,7,3,3,8,5,5,3,0,P,KIA,SOR,UT,5,17,4306,,0,1067,,G,,F,6,213,,,16R245,,,,,,0,0,000000000,00000000000,0,0,0,1,0,0,0,0,0,0,0,40,0,0,0,11,11,2,3,8,0,0,0,1,42,17406,6,1,0,0,3,0,62,999,0,0,0,0,0,0,0,0,0,0,0,0,0,0,1,3,35,1,1,2,2,0,0,1,80,3,1,1,13,0,0
42,421162,1,2,2,1,12,16,18,12,2,1,0,42,1,53,405,53405,14,2004,JS3TY92VX441,J,S,3,T,Y,9,2,V,X,4,4,1,0,P,SUZI,XL7,UT,4,17,3510,,0,1102,,G,,F,6,167,,,16R235,,,,,,0,0,000000000,00000000000,0,0,0,1,0,0,0,0,0,0,0,50,0,0,0,12,12,6,2,12,0,0,0,1,42,17752,6,1,0,0,3,0,63,999,0,0,0,0,0,0,0,0,0,0,28,0,0,0,1,2,45,2,1,2,1,0,0,14,10,1,1,2,50,1,0
42,421162,2,2,2,1,12,16,18,12,2,1,0,37,1,49,472,49472,30,2002,5TEHN72N72Z8,5,T,E,H,N,7,2,N,7,2,Z,8,0,T,TOYT,DCL,CW,2,17,,1,0,1219,TAC,G,,,6,206,,,,B,3705,00,E,44,0,0,000000000,00000000000,0,0,0,1,0,0,0,0,0,0,0,45,0,1,1,12,12,6,2,12,0,0,0,1,49,17758,6,1,0,0,3,0,67,125,98,0,0,0,0,0,0,0,0,0,0,0,0,0,1,2,45,3,1,2,1,0,0,14,62,1,1,1,51,0,0
42,421163,1,1,1,6,12,4,41,8,0,1,0,42,2,12,481,12481,31,2008,1FDAF56RX8EA,1,F,D,A,F,5,6,R,X,8,E,A,0,T,FORD,F5D,CB,8,17,,5,2010,1410,DRW,D,,,8,390,,,,D,6592,04,U,42,0,0,000000000,00000000000,0,0,0,1,0,0,0,0,0,0,0,999,0,0,0,9,10,2,1,8,0,0,0,1,42,19054,6,1,0,0,3,1,71,999,1,0,0,0,0,6,2010,6,2010,0,0,0,0,0,2,3,45,1,2,2,1,0,0,1,80,1,1,1,13,0,0
42,421164,1,1,1,9,12,21,35,8,0,1,1,42,2,20,20,20020,4,1995,2G1WN52M2S11,2,G,1,W,N,5,2,M,2,S,1,1,0,P,CHEV,LLS,4D,95,17,3372,,0,1075,,G,,F,6,191,,,15R205,,,,,,0,0,000000000,00000000000,0,0,0,1,0,0,0,0,0,0,0,999,0,0,0,1,1,4,3,8,0,0,0,1,42,19023,1,1,0,0,2,0,74,999,0,1,0,0,1,7,2011,10,2011,1,37,39,0,0,1,4,40,1,1,2,1,2,3,1,80,1,1,1,13,0,0
42,421165,1,1,1,17,12,20,40,8,0,1,0,42,2,37,31,37031,4,1998,2HGEJ6671WH5,2,H,G,E,J,6,6,7,1,W,H,5,0,P,HOND,UCL,4D,98,17,2426,,0,1032,,G,,F,4,097,,,14R185,,,,,,0,0,000000000,00000000000,0,0,0,1,0,0,0,0,0,0,0,999,0,0,0,12,1,4,3,8,0,0,0,1,42,16417,6,2,0,0,3,0,68,999,1,0,0,0,0,1,2011,1,2011,0,0,0,0,0,2,2,35,1,2,2,2,1,3,1,80,1,1,1,13,0,0
42,421166,1,1,2,17,12,17,21,8,0,1,0,42,1,20,404,20404,14,2010,2CNFLNEY8A63,2,C,N,F,L,N,E,Y,8,A,6,3,0,P,CHEV,EQU,UT,10,17,4101,,0,1125,,G,,F,6,183,,,17R225,,,,,,0,0,000000000,00000000000,0,0,0,1,0,0,0,0,0,0,0,35,0,0,0,3,3,2,1,8,0,0,0,1,42,17701,6,1,0,0,3,0,71,999,0,0,0,2,0,4,2009,6,2009,0,0,0,0,0,1,2,40,1,1,2,1,0,0,1,80,2,1,1,13,0,1
42,421167,1,1,1,24,12,23,34,8,0,1,0,42,1,49,40,49040,4,2000,4T1BG22K3YU7,4,T,1,B,G,2,2,K,3,Y,U,7,0,P,TOYT,UEX,4D,0,17,2998,,0,1051,,G,,F,4,132,,,14R195,,,,,,0,0,000000000,00000000000,0,0,0,1,0,0,0,0,0,0,0,999,0,0,0,11,11,4,3,8,0,0,0,1,42,16509,6,1,0,0,3,0,72,999,0,0,0,0,0,0,0,0,0,0,0,0,0,0,1,4,35,1,1,2,1,0,0,6,80,1,1,1,13,0,0
42,421168,1,1,1,5,12,7,15,8,0,1,0,42,3,12,481,12481,31,2011,1FT7X2A66BEC,1,F,T,7,X,2,A,6,6,B,E,C,0,T,FORD,F2S,4C,11,17,,2,1580,1420,SRW,F,,,8,378,,,,C,5925,01,7,42,0,0,000000000,00000000000,0,0,0,1,0,0,0,0,0,0,0,999,0,0,0,12,12,6,2,8,0,0,0,1,42,16866,6,1,0,0,3,3,71,999,0,0,0,1,0,8,2010,8,2010,0,0,0,0,0,1,2,45,1,5,2,1,0,0,1,80,99,1,1,13,0,0
42,421169,1,1,1,1,12,8,50,8,0,1,0,42,1,7,402,7402,14,1999,1B4HS28Y0XF5,1,B,4,H,S,2,8,Y,0,X,F,5,0,P,DODG,DUR,UT,99,17,4397,,0,1159,,G,,F,8,318,,,15R235,,,,,,0,0,000000000,00000000000,0,0,0,1,0,0,0,0,0,0,0,15,0,0,0,9,9,0,1,8,0,0,0,1,42,19153,6,1,0,0,3,0,67,999,0,0,0,0,0,0,0,0,0,0,0,0,0,0,1,3,25,1,1,2,1,0,0,1,80,1,1,1,13,0,0
42,421170,1,1,1,5,12,16,3,8,0,1,0,42,3,12,880,12880,67,2005,1FDAW57P85EA,1,F,D,A,W,5,7,P,8,5,E,A,0,T,FORD,F5D,CC,5,17,,5,2000,1760,DRW,D,,,8,366,,,,,00000,00,E,44,0,88,888888888,88888888888,2,1,97,1,0,0,0,0,0,0,0,999,0,0,0,6,6,0,3,8,42,0,0,1,42,19507,6,1,0,0,3,1,73,999,1,0,0,0,0,6,2010,6,2010,0,31,0,0,0,1,2,35,1,1,2,1,50,3,13,80,1,1,1,92,0,0
42,421171,1,1,1,16,12,10,10,8,0,1,0,42,1,7,26,7026,4,2008,1B3LC46K18N5,1,B,3,L,C,4,6,K,1,8,N,5,0,P,DODG,AVN,4D,8,17,3355,,0,1089,,G,,F,4,144,,,16R215,,,,,,0,0,000000000,00000000000,0,0,0,1,0,0,0,0,0,0,0,999,0,0,0,11,11,6,2,8,0,0,0,1,42,19124,6,1,0,0,3,3,69,999,0,0,0,0,0,0,0,0,0,1,0,0,0,0,5,4,30,1,1,2,1,0,0,1,80,7,1,1,13,0,0