STATE,ST_CASE,VEH_NO,VE_FORMS,NUMOCCS,DAY,MONTH,HOUR,MINUTE,HARM_EV,MAN_COLL,UNITTYPE,HIT_RUN,REG_STAT,OWNER,MAKE,MODEL,MAK_MOD,BODY_TYP,MOD_YEAR,VIN,VIN_1,VIN_2,VIN_3,VIN_4,VIN_5,VIN_6,VIN_7,VIN_8,VIN_9,VIN_10,VIN_11,VIN_12,TOW_VEH,VINTYPE,VINMAKE,VINA_MOD,VIN_BT,VINMODYR,VIN_LNGT,VIN_WGT,WGTCD_TR,WHLBS_LG,WHLBS_SH,SER_TR,FUELCODE,MCYCL_DS,CARBUR,CYLINDER,DISPLACE,MCYCL_CY,MCYCL_WT,TIRE_SZE,TON_RAT,TRK_WT,TRKWTVAR,VIN_REST,WHLDRWHL,J_KNIFE,MCARR_I1,MCARR_I2,MCARR_ID,GVWR,V_CONFIG,CARGO_BT,HAZ_INV,HAZ_PLAC,HAZ_ID,HAZ_CNO,HAZ_REL,BUS_USE,SPEC_USE,EMER_USE,TRAV_SP,UNDERIDE,ROLLOVER,ROLINLOC,IMPACT1,IMPACT2,DEFORMED,TOWED,M_HARM,VEH_SC1,VEH_SC2,FIRE_EXP,DR_PRES,L_STATE,DR_ZIP,L_STATUS,L_TYPE,CDL_STAT,L_ENDORS,L_COMPL,L_RESTRI,DR_HGT,DR_WGT,PREV_ACC,PREV_SUS,PREV_DWI,PREV_SPD,PREV_OTH,FIRST_MO,FIRST_YR,LAST_MO,LAST_YR,SPEEDREL,DR_SF1,DR_SF2,DR_SF3,DR_SF4,VTRAFWAY,VNUM_LAN,VSPD_LIM,VALIGN,VPROFILE,VPAVETYP,VSURCOND,VTRAFCON,VTCONT_F,P_CRASH1,P_CRASH2,P_CRASH3,PCRASH4,PCRASH5,ACC_TYPE,DEATHS,DR_DRINK
42,421172,1,1,1,18,12,18,40,8,0,1,0,42,1,18,3,18003,4,1999,1G4CW52K5X46,1,G,4,C,W,5,2,K,5,X,4,6,0,P,BUIC,PKA,4D,99,17,3778,,0,1138,,G,,F,6,231,,,16R225,,,,,,0,0,000000000,00000000000,0,0,0,1,0,0,0,0,0,0,0,999,0,0,0,1,1,2,1,8,0,0,0,1,42,19464,6,1,0,0,3,0,76,999,0,0,0,0,0,0,0,0,0,0,0,0,0,0,1,2,30,1,1,2,1,0,0,1,80,9,1,1,13,0,0
42,421173,1,1,2,18,12,18,25,8,0,1,1,42,2,21,441,21441,20,1999,1GHDX03E6XD2,1,G,H,D,X,0,3,E,6,X,D,2,0,T,OLDS,SIL,ES,99,17,,1,0,1200,SIL,G,,,6,207,,,,B,3948,00,K,42,0,0,000000000,00000000000,0,0,0,1,0,0,0,0,0,0,0,50,0,1,6,99,99,6,2,8,0,0,0,1,42,19144,1,1,0,0,2,0,73,999,0,5,0,0,2,3,2011,12,2011,1,51,0,0,0,1,2,35,1,1,2,1,0,0,1,6,99,9,9,13,0,1
42,421174,1,2,2,11,12,17,9,8,0,1,0,42,1,20,443,20443,20,2004,1GNDX03E14D2,1,G,N,D,X,0,3,E,1,4,D,2,0,T,CHEV,VTR,ES,4,17,,1,0,1200,VTR,G,,,6,207,,,,,3838,00,,42,0,0,000000000,00000000000,0,0,0,1,0,0,0,0,0,0,0,999,0,0,0,11,11,2,1,8,0,0,0,1,42,18360,6,1,0,0,3,0,72,999,0,0,0,0,0,0,0,0,0,0,0,0,0,0,1,2,45,1,1,2,1,0,0,1,80,7,1,1,13,0,0
42,421174,2,2,1,11,12,17,9,8,0,1,0,42,1,55,402,55402,14,2010,KM8JUCAC6AU0,K,M,8,J,U,C,A,C,6,A,U,0,0,P,HYUN,TUC,UT,10,17,3382,,0,1039,,G,,F,4,144,,,18R225,,,,,,0,0,000000000,00000000000,0,0,0,1,0,0,0,0,0,0,0,999,0,0,0,11,11,2,1,8,0,0,0,1,42,18058,6,1,0,0,3,0,65,999,0,0,0,0,0,0,0,0,0,0,0,0,0,0,1,2,45,1,1,2,1,0,0,1,80,7,1,1,98,0,0
42,421175,1,1,1,23,12,0,34,42,0,1,0,42,2,7,472,7472,30,2007,1D7HW48P77S2,1,D,7,H,W,4,8,P,7,7,S,2,0,T,DODG,DQS,CW,7,17,,2,0,1313,DAK,F,,,8,287,,,,B,4433,00,E,44,0,0,000000000,00000000000,0,0,0,1,0,0,0,0,0,0,0,999,0,1,6,2,0,6,2,1,0,0,0,1,42,15644,6,1,0,0,3,3,68,999,0,1,0,1,0,2,2009,2,2010,1,99,99,99,99,1,2,35,1,5,2,2,0,0,1,12,7,1,4,6,1,1
42,421176,1,1,5,25,12,20,15,42,0,1,0,42,1,37,31,37031,2,1999,1HGEJ8145XL0,1,H,G,E,J,8,1,4,5,X,L,0,0,P,HOND,UAX,CP,99,17,2513,,0,1032,,G,,F,4,097,,,14R185,,,,,,0,0,000000000,00000000000,0,0,0,1,0,0,0,0,0,0,0,55,0,0,0,12,12,6,2,42,0,0,0,1,42,16323,6,1,0,0,3,0,66,999,0,1,0,0,0,9,2009,9,2009,0,99,99,99,99,1,2,45,1,1,2,2,0,0,1,12,1,1,4,6,2,0
42,421177,1,2,1,11,12,1,25,12,2,1,0,42,2,20,36,20036,2,2002,2G1WX15K2293,2,G,1,W,X,1,5,K,2,2,9,3,0,P,CHEV,MSS,CP,2,17,3395,,0,1105,,G,,F,6,231,,,16R225,,,,,,0,0,000000000,00000000000,0,0,0,1,0,0,0,0,0,0,0,999,0,0,0,12,12,6,2,12,0,0,1,1,42,17038,1,1,0,0,2,0,67,999,1,15,0,2,1,4,2009,10,2011,1,51,33,36,0,5,2,45,1,1,2,1,0,0,6,54,1,1,2,52,1,1
42,421177,2,2,1,11,12,1,25,12,2,1,0,48,2,82,884,82884,66,2000,1FUPCSEB7YDB,1,F,U,P,C,S,E,B,7,Y,D,B,1,T,FRHT,FLD,TR,0,17,,8,0,0,CON,D,,,6,774,,,,,00000,00,,64,1,57,01837543,5701837543,3,6,2,1,0,0,0,0,0,0,0,40,0,0,0,12,12,6,2,12,0,0,0,1,48,76134,6,1,6,1,3,0,999,999,0,0,0,0,0,0,0,0,0,0,0,0,0,0,5,2,45,1,1,2,1,0,0,1,54,9,2,1,52,0,0
42,421178,1,2,1,7,12,19,16,12,6,1,0,42,1,20,16,20016,4,2001,1G1JC5249173,1,G,1,J,C,5,2,4,9,1,7,3,0,P,CHEV,CAC,4D,1,17,2676,,0,1041,,C,,F,4,133,,,14R195,,,,,,0,0,000000000,00000000000,0,0,0,1,0,0,0,0,0,0,0,999,0,0,0,3,3,6,2,12,0,0,0,1,42,17814,1,1,0,0,2,0,68,999,0,2,0,0,0,7,2010,6,2011,1,87,28,0,0,1,2,40,1,1,2,3,0,0,1,5,99,4,2,64,1,0
42,421178,2,2,1,7,12,19,16,12,6,1,0,42,2,7,482,7482,31,2006,3D7MX46C86G1,3,D,7,M,X,4,6,C,8,6,G,1,0,T,DODG,S35,PK,6,17,,3,0,1405,RPC,D,,,6,359,,,,D,6940,00,E,44,0,0,000000000,00000000000,0,0,0,1,0,0,0,0,0,0,0,5,0,0,0,12,12,4,3,12,0,0,0,1,42,17814,6,1,6,0,3,0,75,999,0,0,0,0,0,0,0,0,0,0,0,0,0,0,1,2,40,1,1,2,3,0,0,1,62,9,1,1,65,0,0
42,421179,1,2,4,8,12,15,0,12,6,1,0,42,3,98,898,98898,63,2006,4EN6AAA8X610,4,E,N,6,A,A,A,8,X,6,1,0,0,U,,,,6,17,,,,,,,,,,,,,,,,,,,0,88,888888888,88888888888,3,1,98,1,0,0,0,0,0,7,1,999,0,0,0,12,12,4,3,12,0,0,0,1,42,17324,6,1,0,0,3,0,70,999,0,0,0,0,0,0,0,0,0,1,39,0,0,0,1,2,45,1,1,2,1,3,3,1,17,4,1,1,88,0,0
42,421179,2,2,1,8,12,15,0,12,6,1,0,42,1,12,22,12022,6,2006,1FMZK04186GA,1,F,M,Z,K,0,4,1,8,6,G,A,0,P,FORD,FSL,UT,6,17,4112,,0,1129,,G,,F,6,183,,,17R215,,,,,,0,0,000000000,00000000000,0,0,0,1,0,0,0,0,0,0,0,999,0,0,0,10,10,6,2,12,0,0,0,1,42,99999,6,1,0,0,3,0,66,999,0,0,0,0,0,0,0,0,0,0,41,0,0,0,1,2,45,1,1,2,1,3,3,1,17,1,1,1,89,1,0
42,421180,1,2,1,12,12,21,40,12,2,1,0,42,2,52,47,52047,6,2006,JA4LZ41F86U0,J,A,4,L,Z,4,1,F,8,6,U,0,0,P,MITS,OUT,UT,6,17,3549,,0,1033,,G,,F,4,145,,,17R215,,,,,,0,0,000000000,00000000000,0,0,0,1,0,0,0,0,0,0,0,50,0,0,0,12,12,6,2,12,0,0,1,1,42,18038,6,1,0,0,3,0,72,999,0,2,0,0,4,3,2009,10,2011,0,28,0,0,0,1,4,40,2,5,2,1,0,0,14,10,1,1,2,50,1,1
42,421180,2,2,4,12,12,21,40,12,2,1,0,42,1,23,401,23401,14,2000,1GKDT13W0Y21,1,G,K,D,T,1,3,W,0,Y,2,1,0,T,GMC,J/E,4W,0,17,,1,0,1070,J/E,G,,,6,262,,,,B,4049,01,E,44,0,0,000000000,00000000000,0,0,0,1,0,0,0,0,0,0,0,50,0,0,0,12,12,6,2,12,0,0,0,1,42,18229,6,1,0,0,3,0,66,999,0,0,0,0,0,0,0,0,0,0,0,0,0,0,1,4,40,3,6,2,1,0,0,14,62,1,1,1,51,0,0
42,421181,1,2,1,23,12,14,18,12,6,1,0,42,1,48,45,48045,6,2008,4S4BP61CX873,4,S,4,B,P,6,1,C,X,8,7,3,0,P,SUBA,O2I,SW,8,17,3350,,0,1051,,G,,F,4,150,,,17R225,,,,,,0,0,000000000,00000000000,0,0,0,1,0,0,0,0,0,0,0,10,0,0,0,11,11,6,2,12,0,0,0,1,42,17837,6,1,0,0,3,0,65,999,0,0,0,0,0,0,0,0,0,0,38,0,0,0,1,2,55,1,1,2,1,20,3,11,15,1,1,1,82,1,0
42,421181,2,2,2,23,12,14,18,12,6,1,0,10,1,20,421,20421,15,2007,1GNFK13097J3,1,G,N,F,K,1,3,0,9,7,J,3,0,P,CHEV,KTA,UT,7,17,5706,,0,1160,,F,,F,8,323,,,17R265,,,,,,0,0,000000000,00000000000,0,0,0,1,0,0,0,0,0,0,0,55,0,0,0,12,12,6,2,12,0,0,0,1,10,19938,2,1,0,0,2,0,70,186,0,0,0,0,0,0,0,0,0,0,0,0,0,0,2,2,55,1,6,2,1,0,0,1,67,8,2,1,83,0,0
42,421182,1,2,1,13,12,11,50,12,6,1,0,42,1,21,21,21021,4,2000,1G3NF52E5YC4,1,G,3,N,F,5,2,E,5,Y,C,4,0,P,OLDS,AGS,4D,0,17,3022,,0,1070,,G,,F,6,207,,,16R225,,,,,,0,0,000000000,00000000000,0,0,0,1,0,0,0,0,0,0,0,55,0,0,0,12,12,6,2,12,0,0,0,1,42,15701,6,1,0,0,3,3,71,999,0,0,0,0,0,0,0,0,0,0,39,0,0,0,3,2,50,1,6,2,1,3,3,1,17,1,1,1,83,1,0
42,421182,2,2,2,13,12,11,50,12,6,1,0,42,2,12,37,12037,4,2009,1FAHP35N79W1,1,F,A,H,P,3,5,N,7,9,W,1,0,P,FORD,FSE,4D,9,17,2623,,0,1029,,G,,F,4,122,,,16R205,,,,,,0,0,000000000,00000000000,0,0,0,1,0,0,0,0,0,0,0,20,0,0,0,9,9,6,2,12,0,0,0,1,42,15943,6,1,0,0,3,0,68,999,0,0,0,1,0,9,2011,9,2011,0,0,0,0,0,1,2,25,1,5,2,1,3,3,11,66,1,1,1,82,0,0
42,421183,1,1,2,2,12,23,49,19,0,1,0,42,2,20,37,20037,4,2005,1G1ZT52845F3,1,G,1,Z,T,5,2,8,4,5,F,3,0,P,CHEV,M/L,4D,5,17,3297,,0,1063,,G,,F,6,214,,,15R205,,,,,,0,0,000000000,00000000000,0,0,0,1,0,0,0,0,0,0,0,60,0,0,0,11,11,6,2,19,0,0,0,1,42,17013,6,1,0,0,3,0,71,999,0,0,0,0,0,0,0,0,0,1,0,0,0,0,1,2,40,1,1,2,1,0,0,3,6,6,2,4,7,1,1
42,421184,1,2,1,19,12,6,22,12,6,1,0,42,1,7,442,7442,20,2004,1D4GP45R84B5,1,D,4,G,P,4,5,R,8,4,B,5,0,P,DODG,CAR,SV,4,17,3851,,0,1133,,G,,F,6,201,,,16R215,,,,,,0,0,000000000,00000000000,0,0,0,1,0,0,0,0,0,0,0,999,0,0,0,11,11,6,2,12,0,0,0,1,42,17038,6,1,0,0,3,3,67,999,0,0,0,0,0,0,0,0,0,0,38,0,0,0,1,2,40,2,1,2,1,20,3,11,15,1,1,1,82,1,0
42,421184,2,2,1,19,12,6,22,12,6,1,0,42,3,85,881,85881,62,2007,2NKMHD6XX7M1,2,N,K,M,H,D,6,X,X,7,M,1,0,T,KW,T30,CC,7,17,,6,2800,1450,CON,D,,,6,441,,,,,00000,00,,42,0,57,00384960,5700384960,2,1,98,1,0,0,0,0,0,0,0,999,0,1,6,12,12,6,2,12,0,0,0,1,42,17046,6,1,6,2,3,3,67,999,0,0,0,0,0,0,0,0,0,0,99,99,99,99,1,2,45,1,1,2,1,0,0,1,67,6,1,2,83,0,0
42,421185,1,2,5,10,12,21,49,12,6,1,0,42,2,35,43,35043,4,1994,1N4EB31P9RC7,1,N,4,E,B,3,1,P,9,R,C,7,0,P,NISS,SEL,4D,94,17,2346,,0,957,,G,,F,4,098,,,13R185,,,,,,0,0,000000000,00000000000,0,0,0,1,0,0,0,0,0,0,0,15,0,0,0,3,3,6,2,12,0,0,0,1,42,18334,6,1,0,0,3,0,72,999,0,1,0,0,0,4,2010,4,2010,0,48,0,0,0,1,2,40,1,1,2,1,0,0,11,15,1,1,1,68,1,1
42,421185,2,2,1,10,12,21,49,12,6,1,0,42,1,2,404,2404,14,2006,1J4HR48N66C2,1,J,4,H,R,4,8,N,6,6,C,2,0,T,JEEP,LCF,4W,6,17,,1,0,1095,GCK,G,,,8,287,,,,,4524,00,E,44,0,0,000000000,00000000000,0,0,0,1,0,0,0,0,0,0,0,40,0,0,0,12,12,6,2,12,0,0,0,1,42,18301,6,1,0,0,3,0,69,999,0,0,0,0,0,0,0,0,0,0,0,0,0,0,1,2,40,1,1,2,1,0,0,1,62,1,1,1,69,0,0
42,421186,1,2,1,31,12,14,40,42,0,1,0,42,3,22,22,22022,2,2007,1G2ZH17N1741,1,G,2,Z,H,1,7,N,1,7,4,1,0,P,PONT,GGT,CP,7,17,3415,,0,1123,,G,,F,6,214,,,17R225,,,,,,0,0,000000000,00000000000,0,0,0,1,0,0,0,0,0,0,0,999,0,1,5,10,10,6,2,30,0,0,0,1,42,15301,6,1,0,0,3,0,74,999,2,0,0,0,0,12,2009,10,2011,1,0,0,0,0,1,2,40,2,5,2,1,0,0,14,6,8,3,4,2,1,0
42,421186,2,2,2,31,12,14,40,42,0,1,0,42,2,12,23,12023,4,2008,3FAHP07158R2,3,F,A,H,P,0,7,1,5,8,R,2,0,P,FORD,F/E,4D,8,17,3325,,0,1074,,G,,F,6,183,,,16R205,,,,,,0,0,000000000,00000000000,0,0,0,1,0,0,0,0,0,0,0,30,0,0,0,12,2,6,2,12,0,0,0,1,42,15376,6,1,0,0,3,3,77,999,0,0,0,0,0,0,0,0,0,0,0,0,0,0,1,2,40,3,6,2,1,0,0,14,62,6,1,1,98,0,0
42,421187,1,2,2,27,12,14,3,24,0,1,0,42,2,37,31,37031,4,2009,2HGFA16309H3,2,H,G,F,A,1,6,3,0,9,H,3,0,P,HOND,CVP,4D,9,17,2648,,0,1063,,G,,F,4,110,,,15R195,,,,,,0,0,000000000,00000000000,0,0,0,1,0,0,0,0,0,0,0,60,0,1,6,12,0,6,2,1,0,0,0,1,42,16801,6,1,0,0,3,0,61,999,0,0,0,0,0,0,0,0,0,1,36,87,0,0,2,2,65,1,1,2,2,0,0,15,6,99,3,4,2,1,0
42,421187,2,2,1,27,12,14,3,24,0,1,0,39,3,85,884,85884,66,2001,1XKTDB9X91J8,1,X,K,T,D,B,9,X,9,1,J,8,1,T,KW,T20,TR,1,17,,8,2600,1900,CON,D,,,6,893,,,,,00000,00,,64,1,57,000244723,57000244723,3,6,1,1,0,0,0,0,0,0,0,50,0,0,0,12,12,4,1,12,0,0,0,1,39,44870,6,1,6,1,3,3,999,999,0,0,0,0,0,0,0,0,0,0,0,0,0,0,2,2,65,1,1,2,2,0,0,1,61,2,1,1,98,0,0
42,421188,1,2,1,23,12,10,21,12,7,1,0,42,2,14,498,14498,14,2004,4M2ZU86W44ZJ,4,M,2,Z,U,8,6,W,4,4,Z,J,0,P,MERC,MOU,UT,4,17,4433,,0,1138,,G,,F,8,281,,,16R235,,,,,,0,0,000000000,00000000000,0,0,0,1,0,0,0,0,0,0,0,70,0,1,2,1,1,6,2,1,0,0,0,1,42,19440,6,1,0,0,3,0,67,999,0,2,0,2,3,10,2010,11,2011,0,36,35,0,0,3,2,55,2,6,2,1,0,0,6,11,9,1,2,44,0,0
42,421188,2,2,1,23,12,10,21,12,7,1,0,10,1,7,482,7482,31,2001,1B7HF16Y91S1,1,B,7,H,F,1,6,Y,9,1,S,1,0,T,DODG,150,PK,1,17,,2,1347,1187,RPC,G,,,8,318,,,,B,4573,01,U,44,0,0,000000000,00000000000,0,0,0,1,0,0,0,0,0,0,0,999,0,1,1,9,9,6,2,1,0,0,0,1,10,19806,6,1,0,0,3,0,71,190,0,0,0,0,0,0,0,0,0,0,0,0,0,0,3,2,55,2,6,2,1,0,0,14,61,1,1,1,45,1,0
42,421189,1,2,1,7,12,20,59,12,2,1,0,42,1,63,32,63032,4,2005,KNADC1252563,K,N,A,D,C,1,2,5,2,5,6,3,0,P,KIA,RIO,4D,5,17,2403,,0,949,,G,,F,4,098,,,14R175,,,,,,0,0,000000000,00000000000,0,0,0,1,0,0,0,0,0,0,0,999,0,0,0,12,12,6,2,12,0,0,0,1,42,17872,6,1,0,0,3,0,62,999,0,0,0,0,0,0,0,0,0,0,99,99,99,99,1,2,55,1,5,2,3,0,0,1,5,99,1,2,50,1,0
42,421189,2,2,1,7,12,20,59,12,2,1,0,42,3,84,884,84884,72,2012,1HTGRSJT3CJ5,1,H,T,G,R,S,J,T,3,C,J,5,0,T,INTL,760,CC,12,17,,8,0,0,70S,D,,,6,793,,,,,00000,00,,64,0,99,999999999,99999999999,3,19,4,1,0,0,0,0,0,0,0,999,0,0,0,12,12,2,1,12,0,0,0,1,42,17866,6,1,6,1,3,1,74,999,0,0,0,0,0,0,0,0,0,0,0,0,0,0,1,2,55,1,6,2,3,0,0,1,62,1,1,1,51,0,1
42,421190,1,2,2,31,12,14,1,12,6,1,0,42,1,37,32,37032,4,2008,1HGCP26438A0,1,H,G,C,P,2,6,4,3,8,A,0,0,P,HOND,LXP,4D,8,17,3281,,0,1102,,G,,F,4,146,,,16R215,,,,,,0,0,000000000,00000000000,0,0,0,1,0,0,0,0,0,0,0,999,0,0,0,9,9,6,2,12,0,0,0,1,42,17016,6,1,0,0,3,0,71,999,0,0,0,0,0,0,0,0,0,0,38,0,0,0,1,2,25,1,1,2,1,20,3,1,17,1,1,1,89,2,0
42,421190,2,2,1,31,12,14,1,12,6,1,0,42,3,89,884,89884,66,1980,2TRCFHI04297,2,T,R,C,F,H,I,0,4,2,9,7,1,U,,,,,13,,,,,,,,,,,,,,,,,,,1,57,00274305,5700274305,3,6,98,1,0,0,0,0,0,0,0,55,0,0,0,12,12,4,3,12,0,0,0,1,42,18066,6,1,6,0,3,0,71,999,0,0,0,0,2,3,2010,3,2010,0,0,0,0,0,2,2,55,1,3,2,1,0,0,1,66,8,2,1,88,0,0
42,421191,1,2,1,17,12,22,40,12,2,1,0,42,2,47,34,47034,5,1995,YS3CH68M2S10,Y,S,3,C,H,6,8,M,2,S,1,0,0,P,SAA,9AO,4H,95,17,3250,,0,1052,,G,,T,4,140,,,16R205,,,,,,0,0,000000000,00000000000,0,0,0,1,0,0,0,0,0,0,0,999,0,0,0,12,12,6,2,12,0,0,0,1,42,18466,6,1,0,0,3,0,67,999,0,0,0,0,0,0,0,0,0,1,58,28,0,0,1,2,45,3,3,2,1,0,0,14,10,1,4,2,50,1,1
42,421191,2,2,1,17,12,22,40,12,2,1,0,42,1,12,401,12401,14,2000,1FMZU73E5YZC,1,F,M,Z,U,7,3,E,5,Y,Z,C,0,P,FORD,EPR,UT,0,17,4106,,0,1116,,G,,F,6,245,,,15R235,,,,,,0,0,000000000,00000000000,0,0,0,1,0,0,0,0,0,0,0,999,0,0,0,12,12,6,2,12,0,0,0,1,42,18466,6,1,0,0,3,1,63,999,0,0,0,0,0,0,0,0,0,0,0,0,0,0,1,2,45,1,3,2,1,0,0,1,62,1,1,1,51,0,0
42,421192,1,2,1,12,12,9,33,12,8,1,0,42,3,85,881,85881,66,2012,1XKWD49X6CJ3,1,X,K,W,D,4,9,X,6,C,J,3,1,T,KW,W90,TR,12,17,,8,2850,1600,CON,D,,,6,915,,,,,00000,00,,64,1,57,001102326,57001102326,3,6,3,1,0,0,0,0,0,0,0,999,0,0,0,11,11,6,2,12,0,0,0,1,42,18853,6,1,6,1,3,0,62,999,0,0,0,0,1,9,2010,9,2010,0,28,0,0,0,1,2,45,1,1,2,1,0,0,1,10,99,1,2,64,0,0
42,421192,2,2,2,12,12,9,33,12,8,1,0,42,1,18,7,18007,4,2000,2G4WY55J1Y11,2,G,4,W,Y,5,5,J,1,Y,1,1,0,P,BUIC,CL2,4D,0,17,3368,,0,1090,,G,,F,6,191,,,15R205,,,,,,0,0,000000000,00000000000,0,0,0,1,0,0,0,0,0,0,0,999,0,0,0,10,10,6,2,12,0,0,0,1,42,18629,6,1,0,0,3,0,71,999,0,0,0,0,0,0,0,0,0,0,0,0,0,0,1,2,45,1,1,2,1,0,0,1,62,7,1,1,65,1,0
42,421193,1,2,2,13,12,21,15,12,6,1,0,36,1,55,33,55033,4,2003,KMHWF35HX3A8,K,M,H,W,F,3,5,H,X,3,A,8,0,P,HYUN,SGX,4D,3,17,3254,,0,1063,,G,,F,6,162,,,16R205,,,,,,0,0,000000000,00000000000,0,0,0,1,0,0,0,0,0,0,0,50,0,0,0,12,12,6,2,12,0,0,0,1,36,11740,6,1,0,0,3,0,63,999,0,0,0,0,0,0,0,0,0,1,0,0,0,0,2,2,35,1,6,2,1,0,0,15,72,3,2,1,83,0,0
42,421193,2,2,1,13,12,21,15,12,6,1,0,42,1,12,37,12037,4,2005,1FAFP34N35W1,1,F,A,F,P,3,4,N,3,5,W,1,0,P,FORD,ZX4,4D,5,17,2677,,0,1030,,G,,F,4,122,,,15R195,,,,,,0,0,000000000,00000000000,0,0,0,1,0,0,0,0,0,0,0,10,0,0,0,9,9,6,2,12,0,0,0,1,42,17315,6,1,0,0,3,0,74,999,0,0,0,0,0,0,0,0,0,0,38,48,0,0,0,0,0,0,0,0,0,0,0,11,98,1,1,1,82,1,0
44,440001,1,1,1,4,1,22,50,24,0,1,0,44,3,23,461,23461,21,1999,1GTHG35R3X11,1,G,T,H,G,3,5,R,3,X,1,1,0,T,GMC,SA3,CG,99,17,,2,0,1350,SAV,G,,,8,350,,,,D,5336,00,E,42,0,0,000000000,00000000000,0,0,0,1,0,0,0,0,0,0,0,999,0,0,0,11,9,6,2,24,0,0,0,1,44,2920,6,1,0,0,3,0,69,220,0,0,0,1,0,9,2009,9,2009,0,28,0,0,0,3,2,50,4,5,2,1,0,0,14,13,1,2,4,2,1,0
44,440002,1,1,1,6,1,7,0,17,0,1,0,44,1,12,481,12481,31,2000,2FTRX08L6YCA,2,F,T,R,X,0,8,L,6,Y,C,A,0,T,FORD,F15,4C,0,17,,2,0,1388,COF,G,,,8,330,,,,B,4611,03,U,44,0,0,000000000,00000000000,0,0,0,1,0,0,0,0,0,0,0,57,0,1,5,12,12,6,2,1,0,0,0,1,44,2878,6,1,0,0,3,3,68,230,0,0,0,0,0,0,0,0,0,0,28,0,0,0,3,2,55,1,2,2,1,0,0,1,12,1,7,4,10,1,0
44,440003,1,2,1,14,1,5,37,12,6,1,0,9,1,30,42,30042,1,1995,WVWBB81E8SK0,W,V,W,B,B,8,1,E,8,S,K,0,0,P,VOLK,CBO,CV,95,17,2614,,0,974,,G,,F,4,121,,,14R195,,,,,,0,0,000000000,00000000000,0,0,0,1,0,0,0,0,0,0,0,998,0,0,0,12,12,6,2,12,0,0,0,1,9,6249,6,1,0,0,3,3,73,999,98,0,0,0,0,0,0,0,0,9,0,0,0,0,1,2,40,1,1,2,2,0,0,1,71,1,1,1,83,0,0
44,440003,2,2,1,14,1,5,37,12,6,1,0,44,1,12,13,12013,4,1998,3FAFP15P7WR2,3,F,A,F,P,1,5,P,7,W,R,2,0,P,FORD,ESE,SW,98,17,2531,,0,984,,G,,F,4,122,,,14R185,,,,,,0,0,000000000,00000000000,0,0,0,1,0,0,0,0,0,0,0,20,0,0,0,9,9,6,2,12,0,0,0,1,44,2822,6,1,0,0,3,3,68,130,0,0,0,0,0,0,0,0,0,0,30,0,0,0,1,2,40,1,1,2,2,0,0,11,15,1,1,7,82,1,0
44,440004,1,1,2,7,2,20,9,48,0,1,0,44,1,9,442,9442,20,1995,2P4GH253XSR3,2,P,4,G,H,2,5,3,X,S,R,3,0,P,PLYM,VOF,SV,95,17,3181,,0,1123,,G,,F,6,181,,,14R195,,,,,,0,0,000000000,00000000000,0,0,0,1,0,0,0,0,0,0,0,999,0,1,3,3,13,6,2,1,0,0,0,1,44,2882,6,1,0,0,3,0,61,150,1,0,0,0,0,12,2010,12,2010,9,28,92,0,0,2,4,50,1,1,2,1,0,0,1,10,2,3,4,7,1,1
44,440005,1,1,1,17,2,1,28,8,0,1,1,44,2,12,461,12461,21,2003,1FTNE24W43HB,1,F,T,N,E,2,4,W,4,3,H,B,0,T,FORD,25V,CG,3,17,,2,0,1380,VAN,G,,,8,281,,,,C,00000,00,E,42,0,0,000000000,00000000000,0,0,0,1,0,0,0,0,0,0,0,999,0,0,0,1,1,4,3,8,0,0,0,1,44,2865,1,1,0,0,2,0,67,120,0,1,0,0,0,8,2010,8,2010,1,36,0,0,0,1,4,25,1,5,2,1,0,0,1,80,8,7,2,13,0,1
44,440006,1,1,1,20,2,8,27,33,0,1,0,25,1,54,38,54038,3,2002,JH4DC53872C0,J,H,4,D,C,5,3,8,7,2,C,0,0,P,ACUR,RSX,2H,2,17,2694,,0,1012,,G,,F,4,122,,,16R205,,,,,,0,0,000000000,00000000000,0,0,0,1,0,0,0,0,0,0,0,65,0,0,0,62,12,6,2,30,0,0,0,1,25,2915,6,1,0,0,3,0,70,999,0,0,0,0,0,0,0,0,0,1,27,0,0,0,1,2,40,3,1,2,1,0,0,14,12,1,1,4,6,1,1
44,440007,1,3,2,26,2,2,47,12,2,1,0,44,2,49,40,49040,4,2001,JT2BG28K3105,J,T,2,B,G,2,8,K,3,1,0,5,0,P,TOYT,XLL,4D,1,17,3120,,0,1051,,G,,F,4,132,,,15R205,,,,,,0,0,000000000,00000000000,0,0,0,1,0,0,0,0,0,0,0,998,0,0,0,12,12,6,2,12,0,0,0,1,25,2703,1,1,0,0,2,2,70,999,0,3,0,0,1,3,2009,4,2010,0,74,0,0,0,3,5,55,1,1,2,1,0,0,1,78,1,1,1,52,0,0
44,440007,2,3,2,26,2,2,47,12,2,1,0,44,2,49,40,49040,4,1994,4T1SK12E8RU4,4,T,1,S,K,1,2,E,8,R,U,4,0,P,TOYT,CLE,4D,94,17,3086,,0,1031,,G,,F,4,132,,,14R195,,,,,,0,0,000000000,00000000000,0,0,0,1,0,0,0,0,0,0,0,998,0,0,0,12,12,6,2,12,0,0,0,1,44,2914,6,1,0,0,3,3,66,130,0,0,0,0,0,0,0,0,0,0,0,0,0,0,3,5,55,1,1,2,1,0,0,1,52,1,1,1,98,0,0