STATE,ST_CASE,VEH_NO,VE_FORMS,NUMOCCS,DAY,MONTH,HOUR,MINUTE,HARM_EV,MAN_COLL,UNITTYPE,HIT_RUN,REG_STAT,OWNER,MAKE,MODEL,MAK_MOD,BODY_TYP,MOD_YEAR,VIN,VIN_1,VIN_2,VIN_3,VIN_4,VIN_5,VIN_6,VIN_7,VIN_8,VIN_9,VIN_10,VIN_11,VIN_12,TOW_VEH,VINTYPE,VINMAKE,VINA_MOD,VIN_BT,VINMODYR,VIN_LNGT,VIN_WGT,WGTCD_TR,WHLBS_LG,WHLBS_SH,SER_TR,FUELCODE,MCYCL_DS,CARBUR,CYLINDER,DISPLACE,MCYCL_CY,MCYCL_WT,TIRE_SZE,TON_RAT,TRK_WT,TRKWTVAR,VIN_REST,WHLDRWHL,J_KNIFE,MCARR_I1,MCARR_I2,MCARR_ID,GVWR,V_CONFIG,CARGO_BT,HAZ_INV,HAZ_PLAC,HAZ_ID,HAZ_CNO,HAZ_REL,BUS_USE,SPEC_USE,EMER_USE,TRAV_SP,UNDERIDE,ROLLOVER,ROLINLOC,IMPACT1,IMPACT2,DEFORMED,TOWED,M_HARM,VEH_SC1,VEH_SC2,FIRE_EXP,DR_PRES,L_STATE,DR_ZIP,L_STATUS,L_TYPE,CDL_STAT,L_ENDORS,L_COMPL,L_RESTRI,DR_HGT,DR_WGT,PREV_ACC,PREV_SUS,PREV_DWI,PREV_SPD,PREV_OTH,FIRST_MO,FIRST_YR,LAST_MO,LAST_YR,SPEEDREL,DR_SF1,DR_SF2,DR_SF3,DR_SF4,VTRAFWAY,VNUM_LAN,VSPD_LIM,VALIGN,VPROFILE,VPAVETYP,VSURCOND,VTRAFCON,VTCONT_F,P_CRASH1,P_CRASH2,P_CRASH3,PCRASH4,PCRASH5,ACC_TYPE,DEATHS,DR_DRINK
44,440007,3,3,1,26,2,2,47,12,2,1,0,44,1,54,35,54035,4,1997,JH4UA2654VC0,J,H,4,U,A,2,6,5,4,V,C,0,0,P,ACUR,25T,4D,97,17,3184,,0,1118,,G,,F,5,150,,,15R205,,,,,,0,0,000000000,00000000000,0,0,0,1,0,0,0,0,0,0,0,0,0,0,0,12,12,6,2,12,0,0,0,1,44,2901,6,1,0,0,3,3,73,155,0,0,0,0,0,0,0,0,0,9,51,0,0,0,3,5,55,1,1,2,1,0,0,1,54,1,1,1,52,1,1
44,440008,1,2,1,10,3,4,16,12,2,1,0,19,1,49,40,49040,4,1996,4T1BG12K7TU8,4,T,1,B,G,1,2,K,7,T,U,8,0,P,TOYT,DLX,4D,96,17,2932,,0,1031,,G,,F,4,132,,,14R195,,,,,,0,0,000000000,00000000000,0,0,0,1,0,0,0,0,0,0,0,65,0,0,0,12,12,6,2,12,0,0,0,1,19,52627,6,1,0,0,2,3,65,125,0,0,0,1,0,7,2009,7,2009,0,51,28,0,0,3,4,50,4,1,2,1,0,0,14,54,1,1,1,52,1,1
44,440008,2,2,1,10,3,4,16,12,2,1,0,44,1,30,40,30040,4,2008,3VWRZ71K28M0,3,V,W,R,Z,7,1,K,2,8,M,0,0,P,VOLK,JSE,4D,8,17,3202,,0,1015,,G,,F,5,151,,,16R205,,,,,,0,0,000000000,00000000000,0,0,0,1,0,0,0,0,0,0,0,998,0,0,0,12,12,6,2,12,0,0,0,1,44,2906,6,1,0,0,3,3,65,155,0,0,0,0,0,0,0,0,0,0,0,0,0,0,3,4,50,4,1,2,1,0,0,14,54,1,1,1,52,0,0
44,440009,1,1,2,23,3,0,29,30,0,1,0,25,2,18,2,18002,4,1994,1G4HR52L3RH4,1,G,4,H,R,5,2,L,3,R,H,4,0,P,BUIC,LLF,4D,94,17,3449,,0,1108,,G,,F,6,231,,,15R205,,,,,,0,0,000000000,00000000000,0,0,0,1,0,0,0,0,0,0,0,999,0,0,0,9,9,6,2,30,0,0,0,1,44,2908,3,7,0,0,2,3,68,161,0,0,0,0,0,0,0,0,0,9,28,0,0,0,1,2,25,1,1,2,1,3,3,1,11,1,3,4,2,1,1
44,440010,1,2,1,24,3,15,49,12,6,1,0,44,1,12,37,12037,4,2007,1FAFP34N27W3,1,F,A,F,P,3,4,N,2,7,W,3,0,P,FORD,FMS,4D,7,17,2636,,0,1029,,G,,F,4,122,,,15R195,,,,,,0,0,000000000,00000000000,0,0,0,1,0,0,0,0,0,0,0,998,0,0,0,1,1,6,2,12,0,0,0,1,44,2822,6,1,0,0,3,3,64,125,0,0,0,0,0,0,0,0,0,0,0,0,0,0,1,3,45,1,1,2,1,3,3,11,15,1,1,1,68,1,0
44,440010,2,2,1,24,3,15,49,12,6,1,0,44,1,49,472,49472,30,2006,5TEUX42N96Z1,5,T,E,U,X,4,2,N,9,6,Z,1,0,T,TOYT,ACC,PC,6,17,,1,0,1219,TAC,G,,,4,164,,,,B,3875,00,U,44,0,0,000000000,00000000000,0,0,0,1,0,0,0,0,0,0,0,998,0,0,0,12,12,6,2,12,0,0,0,1,44,2817,6,1,0,0,3,0,67,135,0,0,0,0,0,0,0,0,0,0,0,0,0,0,1,3,45,1,1,2,1,3,3,1,62,1,1,1,69,0,0
44,440011,1,1,1,24,3,20,50,8,0,1,0,44,1,37,32,37032,4,2003,1HGCM66543A0,1,H,G,C,M,6,6,5,4,3,A,0,0,P,HOND,UEX,4D,3,17,3109,,0,1079,,G,,F,6,183,,,16R205,,,,,,0,0,000000000,00000000000,0,0,0,1,0,0,0,0,0,0,0,33,0,0,0,1,1,4,3,8,0,0,0,1,44,2886,6,1,0,0,3,0,73,190,0,0,0,0,0,0,0,0,0,0,86,0,0,0,1,4,35,1,1,2,1,0,0,1,80,1,1,1,13,0,0
44,440012,1,2,1,27,3,18,35,12,6,1,0,44,2,73,705,73705,80,2000,JKAZX4J18YA0,J,K,A,Z,X,4,J,1,8,Y,A,0,0,M,KAWK,ZXJ,RC,0,17,,,,,,,600,,4,,4,377,,,,,,,0,0,000000000,00000000000,0,0,0,1,0,0,0,0,0,0,0,35,0,0,0,10,13,6,2,12,0,0,0,1,44,2908,1,1,0,0,2,0,72,185,0,2,0,0,1,9,2008,12,2008,1,28,0,0,0,5,3,25,1,1,2,1,4,3,1,68,1,1,1,74,1,1
44,440012,2,2,1,27,3,18,35,12,6,1,0,44,1,49,32,49032,4,2000,2T1BR12E3YC2,2,T,1,B,R,1,2,E,3,Y,C,2,0,P,TOYT,UVL,4D,0,17,2403,,0,970,,G,,F,4,109,,,14R175,,,,,,0,0,000000000,00000000000,0,0,0,1,0,0,0,0,0,0,0,998,0,0,0,11,10,4,3,12,0,0,0,1,44,2905,6,1,0,0,3,0,67,170,0,0,0,0,0,0,0,0,0,0,0,0,0,0,5,3,25,1,1,2,1,4,3,11,15,1,1,2,74,0,0
44,440013,1,1,1,8,4,3,51,42,0,1,0,42,2,2,405,2405,14,2007,1J4GL48K47W6,1,J,4,G,L,4,8,K,4,7,W,6,0,T,JEEP,SPR,4W,7,17,,1,0,1043,LIB,G,,,6,226,,,,,3864,00,E,44,0,0,000000000,00000000000,0,0,0,1,0,0,0,0,0,0,0,55,0,0,0,12,12,6,2,2,0,0,1,1,44,2817,6,1,0,0,3,3,64,165,0,0,0,0,0,0,0,0,0,9,28,0,0,0,2,4,55,1,1,2,1,0,0,1,12,1,7,4,7,1,1
44,440014,1,1,2,17,4,14,54,19,0,1,0,44,1,20,8,20008,4,1968,113278W33314,1,1,3,2,7,8,W,3,3,3,1,4,0,P,CHEV,CH2,CP,68,13,2749,,0,1110,,G,,,6,,,,147.35,,,,,,0,0,000000000,00000000000,0,0,0,1,0,0,0,0,0,0,0,998,0,0,0,1,1,6,2,19,0,0,0,1,44,2882,1,1,0,0,2,0,68,185,0,0,0,0,0,0,0,0,0,1,36,58,0,0,1,1,99,1,1,2,1,0,0,1,6,1,7,4,2,1,1
44,440015,1,1,2,2,5,1,45,30,0,1,0,44,2,12,17,12017,4,1997,1FALP54N1VA1,1,F,A,L,P,5,4,N,1,V,A,1,0,P,FORD,SHO,4D,97,17,3440,,0,1085,,G,,F,8,207,,,16R225,,,,,,0,0,000000000,00000000000,0,0,0,1,0,0,0,0,0,0,0,998,0,0,0,2,2,6,2,30,0,0,0,1,44,2895,0,0,0,0,0,0,999,999,99,99,99,99,99,99,9999,99,9999,9,92,0,0,0,1,2,25,1,1,2,1,0,0,1,99,99,9,4,99,1,1
44,440016,1,1,1,8,5,23,44,30,0,1,0,44,1,37,31,37031,2,1990,JHMED9361LS0,J,H,M,E,D,9,3,6,1,L,S,0,0,P,HOND,CSI,2H,90,17,2174,,0,906,,G,,F,4,097,,,14R185,,,,,,0,0,000000000,00000000000,0,0,0,1,0,0,0,0,0,0,0,998,0,0,0,12,12,6,2,30,0,0,0,1,44,2919,6,1,0,0,3,0,72,160,0,0,0,3,1,11,2010,5,2011,1,0,0,0,0,1,2,25,1,1,2,1,0,0,1,12,4,2,4,7,1,0
44,440017,1,2,2,30,5,18,0,12,8,1,0,44,1,55,35,55035,6,2000,KMHJW35F3YU1,K,M,H,J,W,3,5,F,3,Y,U,1,0,P,HYUN,EGS,SW,0,17,2681,,0,1004,,G,,F,4,121,,,14R195,,,,,,0,0,000000000,00000000000,0,0,0,1,0,0,0,0,0,0,0,50,0,0,0,62,11,6,2,42,0,0,0,1,44,2804,6,1,6,0,3,0,67,150,0,0,0,1,0,8,2010,8,2010,1,51,0,0,0,1,2,35,2,6,2,1,0,0,14,10,1,9,3,64,1,1
44,440017,2,2,2,30,5,18,0,12,8,1,0,44,1,2,404,2404,14,1996,1J4GZ78SXTC2,1,J,4,G,Z,7,8,S,X,T,C,2,0,T,JEEP,LMT,4W,96,17,,1,0,1059,GCK,G,,,6,242,,,,,3686,00,E,44,0,0,000000000,00000000000,0,0,0,1,0,0,0,0,0,0,0,35,0,1,1,63,13,6,2,1,0,0,0,1,44,2891,6,1,0,0,3,0,66,140,0,0,0,0,0,0,0,0,0,0,0,0,0,0,1,2,35,2,5,2,1,0,0,14,62,1,7,3,65,1,0
44,440018,1,2,1,2,6,8,51,12,2,1,0,44,1,55,401,55401,14,2004,KM8SC73D54U7,K,M,8,S,C,7,3,D,5,4,U,7,0,P,HYUN,SAN,UT,4,17,3720,,0,1031,,G,,F,6,162,,,16R225,,,,,,0,0,000000000,00000000000,0,0,0,1,0,0,0,0,0,0,0,998,0,0,0,12,12,4,3,12,0,0,0,1,44,2893,6,1,0,0,3,3,67,125,0,0,0,0,0,0,0,0,0,0,0,0,0,0,1,2,25,1,1,2,1,20,3,11,15,1,1,2,68,0,0
44,440018,2,2,1,2,6,8,51,12,2,1,0,44,1,71,706,71706,80,2004,ZDM1RABP24B0,Z,D,M,1,R,A,B,P,2,4,B,0,0,M,DUCA,,,4,17,,,,,,,,,,,,,,,,,,,0,0,000000000,00000000000,0,0,0,1,0,0,0,0,0,0,0,998,0,0,0,12,12,6,2,12,0,0,0,1,44,2814,6,1,0,0,3,0,73,205,0,0,0,0,0,0,0,0,0,0,0,0,0,0,1,2,25,1,1,2,1,20,3,6,67,1,1,1,69,1,0
44,440019,1,1,1,25,6,18,36,24,0,1,0,44,1,72,706,72706,80,1999,1HD1FRW13XY6,1,H,D,1,F,R,W,1,3,X,Y,6,0,M,HD,FCI,RS,99,17,,,,,,,1450,,2,,4,710,,,,,,,0,0,000000000,00000000000,0,0,0,1,0,0,0,0,0,0,0,43,0,0,0,12,12,6,2,24,0,0,0,1,44,2814,6,1,0,0,3,3,71,215,0,0,0,0,0,0,0,0,0,9,0,0,0,0,1,4,45,1,1,2,1,0,0,1,11,1,2,4,2,1,1
44,440020,2,1,1,17,6,12,56,14,0,1,0,44,1,51,46,51046,4,2000,YV1VS2557YF4,Y,V,1,V,S,2,5,5,7,Y,F,4,0,P,VOLV,S40,4D,0,17,3030,,0,1004,,G,,T,4,119,,,000000,,,,,,0,0,000000000,00000000000,0,0,0,1,0,0,0,0,0,0,0,50,0,0,0,6,12,6,2,14,0,0,0,1,44,2920,6,1,0,0,3,3,60,174,0,0,0,0,0,0,0,0,0,0,28,0,0,0,3,3,50,4,1,2,1,0,0,14,13,1,7,4,2,1,0
44,440021,1,1,2,6,7,16,0,30,0,1,0,44,1,49,40,49040,4,2002,4T1BF32K42U5,4,T,1,B,F,3,2,K,4,2,U,5,0,P,TOYT,LXS,4D,2,17,3296,,0,1071,,G,,F,6,183,,,15R205,,,,,,0,0,000000000,00000000000,0,0,0,1,0,0,0,0,0,0,0,998,0,0,0,3,2,6,2,30,0,0,0,1,44,2915,6,1,0,0,3,3,65,160,0,0,0,0,0,0,0,0,0,9,28,31,0,0,1,2,25,1,1,2,1,0,0,13,12,1,7,4,92,1,0
44,440022,1,1,1,7,7,18,55,33,0,1,0,36,2,73,706,73706,80,2000,JKAZX9A17YA0,J,K,A,Z,X,9,A,1,7,Y,A,0,0,M,KAWK,ZXA,RC,0,17,,,,,,,1200,,4,,4,463,,,,,,,0,0,000000000,00000000000,0,0,0,1,0,0,0,0,0,0,0,999,0,0,0,3,3,6,2,33,0,0,0,1,44,2904,6,1,0,0,3,0,69,195,0,0,0,1,0,9,2009,9,2009,1,28,57,0,0,1,2,25,3,6,2,1,0,0,14,12,3,2,4,7,1,0
44,440023,1,2,1,1,5,15,41,12,2,1,0,44,1,72,706,72706,80,2011,1HD1KEM16BB6,1,H,D,1,K,E,M,1,6,B,B,6,0,M,HD,FTK,RS,11,17,,,,,,,1690,,2,,4,857,,,,,,,0,0,000000000,00000000000,0,0,0,1,0,0,0,0,0,0,0,45,0,0,0,12,12,6,2,12,0,0,0,1,44,2886,6,1,0,0,3,0,72,238,0,0,0,0,0,0,0,0,0,1,0,0,0,0,2,4,35,1,1,2,1,0,0,1,62,1,1,1,69,1,1
44,440023,2,2,1,1,5,15,41,12,2,1,0,44,1,41,52,41052,6,2009,JM1CR29L9903,J,M,1,C,R,2,9,L,9,9,0,3,0,P,MAZD,MA5,4H,9,17,3417,,0,1083,,G,,F,4,140,,,17R205,,,,,,0,0,000000000,00000000000,0,0,0,1,0,0,0,0,0,0,0,998,0,0,0,12,12,6,2,12,0,0,0,1,44,2886,6,1,0,0,3,3,60,180,0,0,0,0,0,0,0,0,0,0,48,0,0,0,2,4,35,1,1,2,1,0,0,11,15,1,1,2,68,0,0
44,440024,1,1,2,3,6,22,6,1,0,1,0,44,1,72,706,72706,80,2003,1HD1BXB163Y0,1,H,D,1,B,X,B,1,6,3,Y,0,0,M,HD,ISF,RS,3,17,,,,,,,1450,,2,,4,666,,,,,,,0,0,000000000,00000000000,0,0,0,1,0,0,0,0,0,0,0,40,0,0,0,0,12,6,2,1,0,0,0,1,44,2917,6,1,6,0,3,0,71,185,1,0,0,0,0,2,2011,2,2011,0,0,0,0,0,1,2,40,1,1,2,1,0,0,1,13,1,7,4,2,1,0
44,440025,1,1,1,3,6,15,42,8,0,1,0,44,2,12,21,12021,4,2006,1FAHP28186G1,1,F,A,H,P,2,8,1,8,6,G,1,0,P,FORD,5AM,4D,6,17,3814,,0,1129,,G,,F,6,183,,,18R225,,,,,,0,0,000000000,00000000000,0,0,0,1,0,0,0,0,0,0,0,34,0,0,0,12,12,2,3,8,0,0,0,1,44,2886,3,1,0,0,2,3,72,255,1,0,0,0,0,2,2010,2,2010,0,39,38,0,0,1,2,35,1,1,2,1,2,3,1,80,4,1,1,13,0,0
44,440026,1,1,1,9,7,1,20,33,0,1,0,44,2,42,48,42048,4,2003,WDBUF70J23A1,W,D,B,U,F,7,0,J,2,3,A,1,0,P,MERZ,E50,4D,3,17,3695,,0,1123,,G,,F,8,303,,,17R245,,,,,,0,0,000000000,00000000000,0,0,0,1,0,0,0,0,0,0,0,75,0,0,0,12,12,6,2,19,0,0,0,1,44,2907,6,1,0,0,3,0,73,155,0,9,1,1,4,12,2008,3,2010,1,28,34,0,0,1,2,25,1,1,2,2,3,3,1,6,1,9,4,2,1,1
44,440027,1,2,1,12,7,19,56,12,7,1,0,25,1,76,705,76705,80,2005,JYARJ06EX5A0,J,Y,A,R,J,0,6,E,X,5,A,0,0,M,YAMA,R6L,RC,5,17,,,,,,,599,,4,,4,357,,,,,,,0,0,000000000,00000000000,0,0,0,1,0,0,0,0,0,0,0,999,0,0,0,81,2,6,2,12,0,0,0,1,25,2703,6,1,0,0,3,0,62,999,0,0,0,1,0,6,2011,6,2011,1,36,0,0,0,4,1,25,1,1,2,1,0,0,1,6,1,2,1,48,1,0
44,440027,2,2,1,12,7,19,56,12,7,1,0,25,1,76,705,76705,80,2007,JYARJ12E57A0,J,Y,A,R,J,1,2,E,5,7,A,0,0,M,YAMA,R6L,RC,7,17,,,,,,,599,,4,,4,357,,,,,,,0,0,000000000,00000000000,0,0,0,1,0,0,0,0,0,0,0,998,0,0,0,61,10,4,3,12,0,0,0,1,25,2703,6,1,0,0,3,0,72,999,0,0,0,0,0,0,0,0,0,0,0,0,0,0,4,1,25,1,1,2,1,0,0,1,53,1,2,1,48,0,0
44,440028,1,2,1,15,7,23,31,12,6,1,0,44,1,48,401,48401,14,2005,JF1SG65605G7,J,F,1,S,G,6,5,6,0,5,G,7,0,P,SUBA,FOR,UT,5,17,3105,,0,994,,G,,F,4,152,,,16R215,,,,,,0,0,000000000,00000000000,0,0,0,1,0,0,0,0,0,0,0,999,0,0,0,12,12,6,2,12,0,0,0,1,44,2860,6,1,0,0,3,0,67,115,0,0,0,0,0,0,0,0,0,0,0,0,0,0,2,4,35,2,1,2,1,0,0,14,63,1,1,1,65,0,0
44,440028,2,2,1,15,7,23,31,12,6,1,0,9,1,37,31,37031,4,2000,2HGEJ6615YH5,2,H,G,E,J,6,6,1,5,Y,H,5,0,P,HOND,UCE,4D,0,17,2388,,0,1032,,G,,F,4,097,,,14R185,,,,,,0,0,000000000,00000000000,0,0,0,1,0,0,0,0,0,0,0,65,0,0,0,3,3,6,2,12,0,0,0,1,9,6040,9,9,99,0,9,9,999,999,99,99,99,99,99,99,9999,99,9999,1,28,51,0,0,2,4,35,2,1,2,1,0,0,14,10,1,2,2,64,1,1
44,440029,1,2,1,22,7,0,29,12,6,1,0,44,2,37,441,37441,20,2006,5FNRL38266B0,5,F,N,R,L,3,8,2,6,6,B,0,0,P,HOND,UDY,SV,6,17,4378,,0,1181,,G,,F,6,213,,,16R235,,,,,,0,0,000000000,00000000000,0,0,0,1,0,0,0,0,0,0,0,50,0,0,0,11,11,6,2,12,0,0,0,1,44,2857,6,1,0,0,3,0,65,182,0,0,0,0,0,0,0,0,0,1,28,0,0,0,1,2,50,4,2,2,1,0,0,14,11,1,7,2,64,0,0
44,440029,2,2,1,22,7,0,29,12,6,1,0,44,2,49,40,49040,4,1995,JT2SK12E8S03,J,T,2,S,K,1,2,E,8,S,0,3,0,P,TOYT,CLE,4D,95,17,3086,,0,1031,,G,,F,4,132,,,14R195,,,,,,0,0,000000000,00000000000,0,0,0,1,0,0,0,0,0,0,0,998,0,0,0,11,11,6,2,12,0,0,0,1,44,2888,6,1,0,0,3,0,70,215,0,0,0,0,0,0,0,0,0,0,0,0,0,0,1,2,50,4,2,2,1,0,0,14,63,1,1,1,65,1,0
44,440030,1,1,1,17,6,6,21,33,0,1,0,44,1,18,5,18005,2,1995,1G4GD2214S47,1,G,4,G,D,2,2,1,4,S,4,7,0,P,BUIC,RIV,CP,95,17,3742,,0,1138,,G,,Z,6,231,,,16R225,,,,,,0,0,000000000,00000000000,0,0,0,1,0,0,0,0,0,0,0,998,0,0,0,62,12,4,3,8,0,0,0,1,44,2895,6,1,0,0,3,0,70,165,0,0,0,0,0,0,0,0,0,0,51,0,0,0,2,2,35,1,1,2,1,0,0,1,3,1,7,4,7,0,0
44,440031,1,1,1,31,7,19,35,33,0,1,0,44,1,72,706,72706,80,1997,1HD1CGP16VY2,1,H,D,1,C,G,P,1,6,V,Y,2,0,M,HD,20C,RS,97,17,,,,,,,1200,,2,,4,483,,,,,,,0,0,000000000,00000000000,0,0,0,1,0,0,0,0,0,0,0,999,0,0,0,62,12,6,2,24,0,0,0,1,44,2909,1,1,0,0,2,0,69,155,0,2,0,0,0,10,2008,4,2009,9,28,0,0,0,6,1,25,2,6,2,1,98,8,14,12,1,7,4,7,1,1
44,440032,1,1,1,17,7,3,28,25,0,1,0,44,1,76,706,76706,80,2005,JYARN13E95A0,J,Y,A,R,N,1,3,E,9,5,A,0,0,M,YAMA,YFR,RC,5,17,,,,,,,998,,4,,4,379,,,,,,,0,0,000000000,00000000000,0,0,0,1,0,0,0,0,0,0,0,89,0,0,0,83,9,6,2,25,0,0,0,1,44,2908,6,1,0,0,3,0,67,175,0,0,0,1,0,8,2010,8,2010,1,28,0,0,0,3,3,45,3,1,2,1,0,0,14,13,1,4,4,2,1,1
44,440033,1,1,1,10,8,16,10,25,0,1,0,44,1,76,706,76706,80,2009,JYARN23E49A0,J,Y,A,R,N,2,3,E,4,9,A,0,0,M,YAMA,YFR,RC,9,17,,,,,,,998,,4,,4,454,,,,,,,0,0,000000000,00000000000,0,0,0,1,0,0,0,0,0,0,0,999,0,0,0,12,12,6,2,25,0,0,0,1,44,2879,6,1,0,0,3,0,71,182,0,0,0,1,2,11,2009,7,2011,1,28,0,0,0,6,1,25,2,6,2,1,0,0,14,12,1,2,4,7,1,0
44,440034,1,1,1,13,8,17,0,40,0,1,0,44,1,73,706,73706,80,2007,JKBZXNA197A0,J,K,B,Z,X,N,A,1,9,7,A,0,0,M,KAWK,X4A,RC,7,17,,,,,,,1352,,4,,4,386,,,,,,,0,0,000000000,00000000000,0,0,0,1,0,0,0,0,0,0,0,86,0,0,0,12,12,6,2,43,0,0,0,1,44,2816,6,1,0,0,3,0,66,210,0,0,0,0,0,0,0,0,0,1,28,36,0,0,1,4,35,1,1,2,1,0,0,1,6,4,2,4,2,1,0
44,440035,1,1,2,8,7,1,0,42,0,1,0,44,2,49,40,49040,6,1991,JT2SV21W0M03,J,T,2,S,V,2,1,W,0,M,0,3,0,P,TOYT,CMD,SW,91,17,2855,,0,1024,,G,,F,4,122,,,14R185,,,,,,0,0,000000000,00000000000,0,0,0,1,0,0,0,0,0,0,0,50,0,1,5,12,1,6,2,42,0,0,1,1,44,2893,6,1,0,0,3,0,75,218,0,0,0,0,0,0,0,0,0,1,28,0,0,0,1,2,25,3,2,2,1,4,3,14,11,1,7,4,2,1,1
44,440036,1,1,1,30,7,0,35,33,0,1,0,44,1,20,473,20473,30,2006,1GCCS1485682,1,G,C,C,S,1,4,8,5,6,8,2,0,T,CHEV,RDO,PK,6,17,,1,0,1113,CAL,G,,,4,171,,,,,3303,00,,42,0,0,000000000,00000000000,0,0,0,1,0,0,0,0,0,0,0,50,0,0,0,12,1,6,2,42,0,0,0,1,44,2888,6,1,0,0,3,0,66,148,1,0,0,0,0,9,2010,9,2010,1,0,0,0,0,4,2,25,2,1,2,1,20,3,14,6,1,7,4,7,1,1
44,440037,1,1,2,12,8,23,28,8,0,1,1,44,1,37,31,37031,2,1994,1HGEJ2122RL0,1,H,G,E,J,2,1,2,2,R,L,0,0,P,HOND,CID,CP,94,17,2168,,0,1032,,G,,F,4,091,,,13R175,,,,,,0,0,000000000,00000000000,0,0,0,1,0,0,0,0,0,0,0,36,0,0,0,12,12,4,3,8,0,0,0,1,44,2910,6,1,0,0,3,0,69,145,0,0,0,0,0,0,0,0,0,0,86,0,0,0,1,4,35,1,2,2,1,0,0,1,80,3,2,1,13,0,1
44,440038,1,1,1,17,8,23,30,8,0,1,0,44,2,49,32,49032,4,1999,1NXBR12E5XZ1,1,N,X,B,R,1,2,E,5,X,Z,1,0,P,TOYT,UVL,4D,99,17,2414,,0,970,,G,,F,4,109,,,14R175,,,,,,0,0,000000000,00000000000,0,0,0,1,0,0,0,0,0,0,0,998,0,0,0,12,1,2,3,8,0,0,0,1,44,2905,6,1,6,0,3,0,70,200,0,0,0,0,0,0,0,0,0,0,86,0,0,0,1,2,30,2,6,2,1,0,0,14,80,1,1,1,13,0,0
44,440039,1,1,4,31,8,21,30,1,0,1,0,44,2,35,47,35047,4,2005,1N4BL11D35C2,1,N,4,B,L,1,1,D,3,5,C,2,0,P,NISS,ASR,4D,5,17,3101,,0,1102,,G,,F,6,214,,,17R215,,,,,,0,0,000000000,00000000000,0,0,0,1,0,0,0,0,0,0,0,998,0,2,2,0,13,6,2,1,0,0,0,1,44,2886,6,2,0,0,3,3,67,145,0,0,0,0,0,0,0,0,0,9,0,0,0,0,1,2,25,4,1,2,1,0,0,14,13,1,9,4,2,2,0
44,440040,1,1,1,1,9,19,1,1,0,1,0,25,1,73,706,73706,80,2004,JKBVNCB144B5,J,K,B,V,N,C,B,1,4,4,B,5,0,M,KAWK,V8B,RS,4,17,,,,,,,800,,2,,4,516,,,,,,,0,0,000000000,00000000000,0,0,0,1,0,0,0,0,0,0,0,42,0,0,0,0,10,2,3,1,0,0,0,1,25,2723,6,1,6,3,3,3,66,999,2,0,0,0,0,4,2009,4,2011,1,0,0,0,0,1,2,25,3,5,2,1,0,0,14,6,98,2,4,98,1,1
44,440041,1,1,1,1,9,5,14,34,0,1,0,44,2,98,701,98701,81,2005,RFBBAAA2X5B1,R,F,B,B,A,A,A,2,X,5,B,1,0,U,,,,5,17,,,,,,,,,,,,,,,,,,,0,0,000000000,00000000000,0,0,0,1,0,0,0,0,0,0,0,998,0,0,0,62,12,2,3,39,0,0,0,1,44,2807,6,1,0,0,2,3,68,155,0,0,0,0,0,0,0,0,0,9,28,0,0,0,1,2,25,1,1,2,1,0,0,1,10,1,7,4,7,1,1
44,440042,1,1,2,4,9,18,54,8,0,1,0,44,2,35,421,35421,15,2005,5N1AA08B55N7,5,N,1,A,A,0,8,B,5,5,N,7,0,P,NISS,ARM,UT,5,17,5276,,0,1232,,G,,F,8,342,,,18R265,,,,,,0,0,000000000,00000000000,0,0,0,1,0,0,0,0,0,0,0,9,0,0,0,11,11,2,3,8,0,0,0,1,44,2901,1,1,0,0,2,0,71,140,0,1,0,0,1,12,2009,6,2011,0,15,86,92,0,1,2,25,1,1,2,1,0,0,1,81,1,1,1,13,0,0
44,440043,1,2,1,9,9,17,0,18,0,1,0,44,1,72,706,72706,80,2001,1HD1FDV131Y6,1,H,D,1,F,D,V,1,3,1,Y,6,0,M,HD,FHR,RS,1,17,,,,,,,1450,,2,,4,723,,,,,,,0,0,000000000,00000000000,0,0,0,1,0,0,0,0,0,0,0,998,0,0,0,12,12,6,9,12,0,0,0,1,44,2919,6,1,0,0,3,0,72,190,0,0,0,0,0,0,0,0,0,9,81,0,0,0,3,3,50,1,1,2,1,0,0,1,90,99,1,1,15,1,0
44,440043,2,2,1,9,9,17,0,18,0,1,0,44,2,49,40,49040,4,2004,4T1BE32K14U8,4,T,1,B,E,3,2,K,1,4,U,8,0,P,TOYT,UXS,4D,4,17,3086,,0,1071,,G,,F,4,144,,,15R205,,,,,,0,0,000000000,00000000000,0,0,0,1,0,0,0,0,0,0,0,998,0,0,0,12,12,4,9,12,0,0,0,1,44,2919,6,1,0,0,3,3,68,185,0,1,0,0,0,8,2010,8,2010,9,84,0,0,0,3,3,50,1,1,2,1,0,0,1,50,9,1,3,98,0,0
44,440044,1,2,2,10,9,12,59,12,6,1,0,44,1,6,14,6014,4,1991,1C3XY66R0MD1,1,C,3,X,Y,6,6,R,0,M,D,1,0,P,CHRY,NFA,4D,91,17,3345,,0,1093,,G,,F,6,201,,,14R195,,,,,,0,0,000000000,00000000000,0,0,0,1,0,0,0,0,0,0,0,999,0,1,5,12,13,6,2,12,0,0,0,1,44,2893,6,1,0,0,3,0,69,190,0,0,0,0,0,0,0,0,0,9,50,30,0,0,1,2,25,1,1,2,1,0,0,1,17,1,1,1,86,1,0