STATE,ST_CASE,VEH_NO,VE_FORMS,NUMOCCS,DAY,MONTH,HOUR,MINUTE,HARM_EV,MAN_COLL,UNITTYPE,HIT_RUN,REG_STAT,OWNER,MAKE,MODEL,MAK_MOD,BODY_TYP,MOD_YEAR,VIN,VIN_1,VIN_2,VIN_3,VIN_4,VIN_5,VIN_6,VIN_7,VIN_8,VIN_9,VIN_10,VIN_11,VIN_12,TOW_VEH,VINTYPE,VINMAKE,VINA_MOD,VIN_BT,VINMODYR,VIN_LNGT,VIN_WGT,WGTCD_TR,WHLBS_LG,WHLBS_SH,SER_TR,FUELCODE,MCYCL_DS,CARBUR,CYLINDER,DISPLACE,MCYCL_CY,MCYCL_WT,TIRE_SZE,TON_RAT,TRK_WT,TRKWTVAR,VIN_REST,WHLDRWHL,J_KNIFE,MCARR_I1,MCARR_I2,MCARR_ID,GVWR,V_CONFIG,CARGO_BT,HAZ_INV,HAZ_PLAC,HAZ_ID,HAZ_CNO,HAZ_REL,BUS_USE,SPEC_USE,EMER_USE,TRAV_SP,UNDERIDE,ROLLOVER,ROLINLOC,IMPACT1,IMPACT2,DEFORMED,TOWED,M_HARM,VEH_SC1,VEH_SC2,FIRE_EXP,DR_PRES,L_STATE,DR_ZIP,L_STATUS,L_TYPE,CDL_STAT,L_ENDORS,L_COMPL,L_RESTRI,DR_HGT,DR_WGT,PREV_ACC,PREV_SUS,PREV_DWI,PREV_SPD,PREV_OTH,FIRST_MO,FIRST_YR,LAST_MO,LAST_YR,SPEEDREL,DR_SF1,DR_SF2,DR_SF3,DR_SF4,VTRAFWAY,VNUM_LAN,VSPD_LIM,VALIGN,VPROFILE,VPAVETYP,VSURCOND,VTRAFCON,VTCONT_F,P_CRASH1,P_CRASH2,P_CRASH3,PCRASH4,PCRASH5,ACC_TYPE,DEATHS,DR_DRINK
45,450019,1,1,1,30,1,1,30,30,0,1,0,45,1,12,23,12023,4,2010,3FAHP0JA3AR4,3,F,A,H,P,0,J,A,3,A,R,4,0,P,FORD,F/L,4D,10,17,3342,,0,1074,,G,,F,4,152,,,17R225,,,,,,0,0,000000000,00000000000,0,0,0,1,0,0,0,0,0,0,0,70,0,0,0,2,1,6,2,30,0,0,0,1,45,29040,6,1,0,0,3,0,66,178,1,0,0,0,0,5,2010,5,2010,1,0,0,0,0,1,2,45,2,2,2,1,0,0,14,13,1,1,4,1,1,1
45,450020,1,2,1,1,1,0,24,12,2,1,0,48,3,12,481,12481,31,2001,1FTRW08L11KB,1,F,T,R,W,0,8,L,1,1,K,B,0,T,FORD,F1S,CW,1,17,,2,0,1388,COF,G,,,8,330,,,,B,4914,01,E,44,0,0,000000000,00000000000,0,0,0,1,0,0,0,0,0,0,0,999,0,0,0,12,12,6,2,12,0,0,0,1,28,39530,0,0,0,0,0,0,999,999,99,99,99,99,99,99,9999,99,9999,0,51,0,0,0,1,2,45,1,1,2,1,0,0,1,54,1,1,1,50,0,1
45,450020,2,2,1,1,1,0,24,12,2,1,0,45,1,12,471,12471,30,2003,1FTYR14U13TA,1,F,T,Y,R,1,4,U,1,3,T,A,0,T,FORD,RNS,PC,3,17,,1,0,1257,RNG,G,,,6,182,,,,B,3085,00,U,42,0,0,000000000,00000000000,0,0,0,1,0,0,0,0,0,0,0,999,0,1,5,12,12,6,2,12,0,0,0,1,45,29907,6,1,0,0,3,0,71,260,0,0,0,0,0,0,0,0,0,0,0,0,0,0,1,2,45,1,1,2,1,0,0,1,62,1,1,1,51,1,0
45,450021,1,2,1,1,1,13,50,12,6,1,0,45,1,20,481,20481,31,1996,1GCEC14M4TE1,1,G,C,E,C,1,4,M,4,T,E,1,0,T,CHEV,GC1,PK,96,17,,2,1315,1175,GM4,G,,,8,305,,,,B,3801,01,,42,0,0,000000000,00000000000,0,0,0,1,0,0,0,0,0,0,0,40,0,0,0,12,12,6,2,34,0,0,0,1,45,29563,6,1,0,0,3,0,70,255,1,0,0,0,0,5,2010,5,2010,0,39,0,0,0,1,2,45,1,1,2,1,20,3,1,17,1,1,1,88,0,0
45,450021,2,2,1,1,1,13,50,12,6,1,0,45,1,12,481,12481,31,2006,1FTPW12V56FA,1,F,T,P,W,1,2,V,5,6,F,A,0,T,FORD,F1S,CW,6,17,,2,0,1390,COF,F,,,8,329,,,,B,5176,01,E,42,0,0,000000000,00000000000,0,0,0,1,0,0,0,0,0,0,0,35,0,1,5,10,10,6,2,1,0,0,0,1,45,29581,6,1,0,0,3,0,71,195,0,0,0,0,0,0,0,0,0,0,0,0,0,0,1,2,45,1,1,2,1,0,0,1,66,1,1,1,89,1,0
45,450022,1,1,1,3,1,19,25,8,0,1,0,45,1,20,401,20401,14,2000,1GNEK13T1YJ1,1,G,N,E,K,1,3,T,1,Y,J,1,0,P,CHEV,KTA,UT,0,17,5333,,0,1160,,G,,F,8,325,,,16R265,,,,,,0,0,000000000,00000000000,0,0,0,1,0,0,0,0,0,0,0,55,0,0,0,12,12,2,1,8,0,0,0,1,45,29135,6,1,0,0,3,0,67,127,0,0,0,0,0,0,0,0,0,0,0,0,0,0,1,2,55,3,1,2,1,0,0,14,80,1,1,1,13,0,0
45,450023,1,2,1,7,1,21,0,12,6,1,0,37,1,49,482,49482,31,2002,5TBRT341X2S3,5,T,B,R,T,3,4,1,X,2,S,3,0,T,TOYT,TRS,4C,2,17,,2,0,1283,TUN,G,,,8,285,,,,C,4088,00,U,42,0,0,000000000,00000000000,0,0,0,1,0,0,0,0,0,0,0,45,0,0,0,12,12,6,2,12,0,0,0,1,37,28134,6,1,0,0,3,0,78,999,0,0,0,1,0,2,2010,2,2010,0,0,0,0,0,2,2,45,1,1,2,2,0,0,1,17,1,1,1,88,0,0
45,450023,2,2,2,7,1,21,0,12,6,1,0,45,1,12,442,12442,20,2002,2FMZA51422BB,2,F,M,Z,A,5,1,4,2,2,B,B,0,T,FORD,WLX,ES,2,17,,1,0,1207,WIN,G,,,6,232,,,,B,4017,00,E,42,0,0,000000000,00000000000,0,0,0,1,0,0,0,0,0,0,0,10,0,1,5,10,10,6,2,1,0,0,0,1,45,29710,6,1,0,0,3,3,67,230,0,0,0,0,0,0,0,0,0,0,38,0,0,0,2,2,45,1,1,2,2,0,0,4,17,1,1,2,89,1,0
45,450024,1,1,1,7,1,18,40,8,0,1,0,37,2,22,20,22020,4,2004,2G2WS5226411,2,G,2,W,S,5,2,2,6,4,1,1,0,P,PONT,GP2,4D,4,17,3484,,0,1105,,G,,F,6,231,,,16R225,,,,,,0,0,000000000,00000000000,0,0,0,1,0,0,0,0,0,0,0,35,0,0,0,4,4,2,1,8,0,0,0,1,37,28215,1,1,0,0,2,0,74,999,0,6,0,0,5,10,2008,12,2010,0,0,0,0,0,1,2,45,1,2,2,1,0,0,1,80,1,1,1,13,0,0
45,450025,1,1,1,12,1,10,5,1,0,1,0,45,3,84,881,84881,66,1995,2HSFMAHR7SC0,2,H,S,F,M,A,H,R,7,S,C,0,1,T,INTL,920,TR,95,17,,8,0,0,920,D,,,6,661,,,,,00000,00,,64,1,99,999999999,99999999999,3,6,9,1,0,0,0,0,0,0,0,55,0,1,5,0,0,6,2,1,0,0,0,1,45,29418,6,1,6,0,3,0,70,198,3,0,0,1,1,11,2008,12,2010,0,0,0,0,0,1,2,55,2,1,2,1,0,0,14,13,1,1,4,1,1,0
45,450026,1,1,1,16,1,2,4,32,0,1,0,45,1,48,34,48034,4,1993,4S3BC6336P96,4,S,3,B,C,6,3,3,6,P,9,6,0,P,SUBA,LGL,4D,93,17,2800,,0,1016,,G,,F,4,135,,,14R175,,,,,,0,0,000000000,00000000000,0,0,0,1,0,0,0,0,0,0,0,60,0,0,0,12,12,6,2,42,0,0,0,1,45,29072,1,1,5,0,2,0,59,95,1,0,0,1,0,5,2010,11,2010,0,0,0,0,0,1,2,35,2,2,2,1,0,0,14,13,1,1,4,1,1,1
45,450027,1,2,2,21,1,15,5,12,2,1,0,45,3,12,16,12016,4,2008,2FAFP71V48X1,2,F,A,F,P,7,1,V,4,8,X,1,0,P,FORD,CVP,4D,8,17,0,,0,1146,,F,,F,8,281,,,17R235,,,,,,0,0,000000000,00000000000,0,0,0,1,0,0,0,0,0,0,0,61,0,0,0,12,12,6,2,12,0,0,0,1,45,29154,6,1,0,0,3,0,73,300,0,0,0,0,0,0,0,0,0,0,0,0,0,0,1,2,55,1,1,2,1,0,0,1,10,1,1,1,50,1,0
45,450027,2,2,1,21,1,15,5,12,2,1,0,45,1,63,402,63402,14,2007,KNDJD736X757,K,N,D,J,D,7,3,6,X,7,5,7,0,P,KIA,SOR,UT,7,17,4083,,0,1067,,G,,F,6,232,,,16R245,,,,,,0,0,000000000,00000000000,0,0,0,1,0,0,0,0,0,0,0,55,0,0,0,12,12,6,2,12,0,0,0,1,45,29032,6,1,0,0,3,0,73,200,0,0,0,0,0,0,0,0,0,0,0,0,0,0,1,2,55,1,1,2,1,0,0,1,62,1,1,1,51,0,0
45,450028,1,2,1,22,1,12,21,12,2,1,0,45,1,35,471,35471,30,1995,1N6SD16S6SC3,1,N,6,S,D,1,6,S,6,S,C,3,0,T,NISS,KXE,PC,95,17,,1,0,1161,TRK,G,,,4,146,,,,B,2813,01,A,42,0,0,000000000,00000000000,0,0,0,1,0,0,0,0,0,0,0,55,0,0,0,12,12,6,2,12,0,0,0,1,45,29379,6,1,0,0,3,0,72,190,0,0,0,0,0,0,0,0,0,0,0,0,0,0,1,2,55,2,3,2,1,0,0,14,62,1,1,1,51,0,0
45,450028,2,2,1,22,1,12,21,12,2,1,0,45,1,12,35,12035,4,1998,1FAFP6632WK2,1,F,A,F,P,6,6,3,2,W,K,2,0,P,FORD,LSS,4D,98,17,2864,,0,1065,,G,,F,4,121,,,15R205,,,,,,0,0,000000000,00000000000,0,0,0,1,0,0,0,0,0,0,0,70,0,1,5,12,12,6,2,12,0,0,0,1,45,29180,6,1,0,0,3,0,71,260,0,0,0,2,0,9,2009,9,2010,1,51,0,0,0,1,2,55,2,3,2,1,0,0,14,54,1,1,2,50,1,1
45,450029,1,1,1,23,1,2,55,8,0,1,0,45,1,49,401,49401,14,2002,JT3GN86R7202,J,T,3,G,N,8,6,R,7,2,0,2,0,P,TOYT,RUN,UT,2,17,3740,,0,1053,,G,,F,6,206,,,15R225,,,,,,0,0,000000000,00000000000,0,0,0,1,0,0,0,0,0,0,0,42,0,0,0,12,12,2,3,8,0,0,0,1,45,29626,1,1,5,0,2,0,61,125,0,0,0,0,0,0,0,0,0,0,0,0,0,0,1,2,35,1,2,2,1,0,0,1,80,1,1,1,13,0,1
45,450030,1,1,1,23,1,7,39,42,0,1,0,45,1,35,47,35047,4,2007,1N4AL21E57C1,1,N,4,A,L,2,1,E,5,7,C,1,0,P,NISS,ATS,4D,7,17,3042,,0,1093,,G,,F,4,153,,,16R215,,,,,,0,0,000000000,00000000000,0,0,0,1,0,0,0,0,0,0,0,70,0,1,5,99,99,6,2,42,0,0,0,1,45,29550,6,1,0,0,3,3,71,260,0,0,0,0,0,0,0,0,0,1,0,0,0,0,1,2,55,3,1,2,1,0,0,14,12,1,1,4,6,1,1
45,450031,1,1,1,24,1,21,13,34,0,1,0,45,2,37,31,37031,4,2002,1HGEM22912L0,1,H,G,E,M,2,2,9,1,2,L,0,0,P,HOND,UAX,CP,2,17,2590,,0,1031,,G,,F,4,102,,,15R185,,,,,,0,0,000000000,00000000000,0,0,0,1,0,0,0,0,0,0,0,55,0,1,5,12,12,6,2,1,0,0,0,1,47,37091,1,1,0,0,2,0,68,172,0,0,0,0,0,0,0,0,0,1,0,0,0,0,1,2,35,1,1,2,1,0,0,1,12,1,1,4,6,1,1
45,450032,1,1,1,29,1,17,5,38,0,1,0,45,1,77,706,77706,80,2010,5VPAB26DXA30,5,V,P,A,B,2,6,D,X,A,3,0,0,M,VCTY,8BA,RS,10,17,,,,,,,1634,,2,,4,638,,,,,,,0,0,000000000,00000000000,0,0,0,1,0,0,0,0,0,0,0,40,0,0,0,3,3,2,3,38,0,0,0,1,45,29070,6,1,0,0,3,0,72,240,0,0,0,0,0,0,0,0,0,0,0,0,0,0,1,2,35,2,2,2,1,0,0,14,13,1,1,4,1,1,1
45,450033,1,1,3,29,1,23,30,34,0,1,0,45,1,20,32,20032,4,1991,1Y1SK5466MZ0,1,Y,1,S,K,5,4,6,6,M,Z,0,0,P,GEO,GEP,4D,91,17,2364,,0,957,,G,,F,4,097,,,13R175,,,,,,0,0,000000000,00000000000,0,0,0,1,0,0,0,0,0,0,0,45,0,1,5,12,12,6,2,34,0,0,0,1,45,29560,6,1,0,0,3,0,71,165,0,0,0,0,0,0,0,0,0,0,83,0,0,0,1,2,55,1,1,2,1,0,0,1,87,8,4,4,98,1,1
45,450034,1,1,3,30,1,18,30,8,0,1,0,45,1,7,442,7442,20,1999,2B4FP2537XR3,2,B,4,F,P,2,5,3,7,X,R,3,0,P,DODG,CAR,SV,99,17,3415,,0,1133,,G,,F,6,181,,,14R205,,,,,,0,0,000000000,00000000000,0,0,0,1,0,0,0,0,0,0,0,50,0,0,0,2,2,0,1,8,0,0,0,1,45,29565,6,1,0,0,3,0,69,160,1,0,0,1,1,11,2008,3,2010,0,0,0,0,0,1,2,55,1,1,2,1,0,0,1,80,1,1,1,13,0,0
45,450035,1,1,1,10,1,2,2,34,0,1,0,45,1,12,481,12481,31,1998,1FTZX1765WNA,1,F,T,Z,X,1,7,6,5,W,N,A,0,T,FORD,F15,3C,98,17,,1,1570,1390,COF,G,,,8,281,,,,B,4067,02,E,42,0,0,000000000,00000000000,0,0,0,1,0,0,0,0,0,0,0,999,0,0,0,2,2,0,3,34,0,0,0,1,45,29646,6,1,0,0,3,0,69,217,0,0,0,0,0,0,0,0,0,0,28,0,0,0,1,2,45,1,1,2,3,0,0,1,12,1,1,4,6,1,1
45,450036,1,1,2,1,2,5,45,8,0,1,0,45,1,12,16,12016,4,2001,2FAFP71W21X1,2,F,A,F,P,7,1,W,2,1,X,1,0,P,FORD,CVP,4D,1,17,3996,,0,1147,,G,,F,8,281,,,16R225,,,,,,0,0,000000000,00000000000,0,0,0,1,0,0,0,0,0,0,0,30,0,0,0,12,1,2,1,8,0,0,0,1,45,29203,6,1,0,0,3,3,66,149,1,1,0,1,0,12,2008,3,2010,0,0,0,0,0,1,2,30,1,2,2,1,0,0,1,80,1,1,1,13,0,0
45,450037,1,1,1,2,2,19,15,9,0,1,0,45,1,12,471,12471,30,2004,1FTYR44U84PA,1,F,T,Y,R,4,4,U,8,4,P,A,0,T,FORD,RNS,4C,4,17,,1,0,1257,RNG,G,,,6,182,,,,B,3945,00,U,42,0,0,000000000,00000000000,0,0,0,1,0,0,0,0,0,0,0,45,0,0,0,12,2,2,1,9,0,0,0,1,45,29732,6,1,0,0,3,0,74,255,0,0,0,1,1,8,2009,9,2010,1,0,0,0,0,2,2,55,3,1,2,1,0,0,14,83,1,1,1,13,0,0
45,450038,1,1,1,4,2,2,30,42,0,1,0,45,1,7,472,7472,30,2000,1B7GL22Z5YS6,1,B,7,G,L,2,2,Z,5,Y,S,6,0,T,DODG,DAK,PC,0,17,,1,0,1309,DAK,G,,,8,360,,,,B,3494,00,U,42,0,0,000000000,00000000000,0,0,0,1,0,0,0,0,0,0,0,55,0,1,5,12,1,6,2,42,0,0,0,1,45,29412,6,1,0,0,3,0,71,250,0,0,0,1,0,7,2008,7,2008,0,0,0,0,0,1,2,55,1,1,2,2,0,0,1,13,1,1,4,1,1,1
45,450039,1,1,1,4,2,1,55,42,0,1,0,45,1,37,32,37032,4,2001,1HGCG16501A0,1,H,G,C,G,1,6,5,0,1,A,0,0,P,HOND,UEX,4D,1,17,3329,,0,1069,,G,,F,6,183,,,15R205,,,,,,0,0,000000000,00000000000,0,0,0,1,0,0,0,0,0,0,0,45,0,0,0,10,10,6,2,42,0,0,0,1,45,29356,6,1,0,0,3,0,74,140,0,0,0,0,0,0,0,0,0,0,28,0,0,0,1,2,35,1,2,2,2,0,0,1,13,1,1,4,1,1,1
45,450040,1,1,2,5,2,20,52,32,0,1,0,45,1,59,32,59032,4,1997,JT8BH28F6V00,J,T,8,B,H,2,8,F,6,V,0,0,0,P,LEXS,LS4,4D,97,17,3726,,0,1122,,G,,F,8,242,,,16R225,,,,,,0,0,000000000,00000000000,0,0,0,1,0,0,0,0,0,0,0,70,0,0,0,12,12,6,2,42,0,0,0,1,45,29048,6,1,0,0,2,0,71,200,1,3,0,1,0,11,2008,1,2010,1,0,0,0,0,1,2,55,2,1,2,2,0,0,14,13,1,1,4,1,1,1
45,450041,1,1,1,5,2,22,55,42,0,1,0,45,1,12,21,12021,4,2005,1FAFP23125G1,1,F,A,F,P,2,3,1,2,5,G,1,0,P,FORD,5SE,4D,5,17,3643,,0,1129,,G,,F,6,183,,,17R215,,,,,,0,0,000000000,00000000000,0,0,0,1,0,0,0,0,0,0,0,70,0,0,0,4,10,6,2,42,0,0,0,1,45,29720,1,1,0,0,2,0,71,170,0,1,0,0,0,3,2008,3,2008,1,28,0,0,0,1,2,45,2,1,2,1,0,0,14,13,1,1,4,1,1,0
45,450042,1,1,2,6,2,4,51,35,0,1,0,45,1,12,481,12481,31,1986,1FTEF14N3GKA,1,F,T,E,F,1,4,N,3,G,K,A,0,T,FORD,F15,PK,86,17,,2,1330,1170,COF,G,,,8,302,,,,B,4013,00,A,44,0,0,000000000,00000000000,0,0,0,1,0,0,0,0,0,0,0,45,0,1,5,12,12,6,2,1,0,0,0,1,45,29016,6,1,0,0,3,0,66,156,0,0,0,0,0,0,0,0,0,0,0,0,0,0,1,2,45,1,1,2,1,0,0,1,12,1,1,4,6,1,1
45,450043,1,1,1,6,2,11,50,34,0,1,0,45,1,35,471,35471,30,1990,1N6SD11SXLC3,1,N,6,S,D,1,1,S,X,L,C,3,0,T,NISS,U2S,PK,90,17,,1,0,1043,D21,G,,,4,146,,,,C,2802,01,A,42,0,0,000000000,00000000000,0,0,0,1,0,0,0,0,0,0,0,999,0,1,5,12,12,6,2,1,0,0,0,1,45,29550,6,1,0,0,3,0,66,152,0,0,0,1,0,2,2008,2,2008,1,0,0,0,0,1,2,45,1,1,2,1,0,0,1,13,1,1,4,1,1,0
45,450044,2,2,2,7,2,19,9,14,0,1,0,45,1,20,421,20421,15,2002,1GNFK16Z42J2,1,G,N,F,K,1,6,Z,4,2,J,2,0,P,CHEV,K15,UT,2,17,5123,,0,1300,,F,,F,8,325,,,16R245,,,,,,0,0,000000000,00000000000,0,0,0,1,0,0,0,0,0,0,0,41,0,0,0,1,1,6,2,12,0,0,0,1,45,29621,6,1,0,0,3,0,70,170,1,0,0,0,0,8,2010,8,2010,0,0,0,0,0,1,2,45,1,1,2,2,0,0,1,10,1,1,4,98,0,0
45,450044,3,2,3,7,2,19,9,14,0,1,0,45,2,49,40,49040,2,1999,2T1CG22P5XC1,2,T,1,C,G,2,2,P,5,X,C,1,0,P,TOYT,CRE,CP,99,17,3120,,0,1051,,G,,F,4,132,,,15R205,,,,,,0,0,000000000,00000000000,0,0,0,1,0,0,0,0,0,0,0,45,0,0,0,10,10,6,2,12,0,0,0,1,45,29625,6,1,0,0,3,0,64,157,0,0,0,0,1,4,2008,4,2008,0,0,0,0,0,1,2,45,1,1,2,2,0,0,1,62,1,1,1,98,1,0
45,450045,1,1,2,7,2,3,30,34,0,1,0,45,1,21,1,21001,2,1986,1G3GR47Y9GP3,1,G,3,G,R,4,7,Y,9,G,P,3,0,P,OLDS,CSU,CP,86,17,3132,,0,1081,,G,,4,8,307,,,14R195,,,,,,0,0,000000000,00000000000,0,0,0,1,0,0,0,0,0,0,0,55,0,0,0,12,12,2,3,34,0,0,0,1,45,29536,6,1,0,0,3,0,65,190,1,1,1,1,1,11,2008,8,2010,0,0,0,0,0,1,2,55,1,1,2,1,0,0,1,13,1,1,4,1,1,1
45,450046,1,1,2,12,2,22,10,59,0,1,0,45,1,23,481,23481,31,2006,3GTEC14X36G2,3,G,T,E,C,1,4,X,3,6,G,2,0,T,GMC,NC1,PK,6,17,,2,1330,1190,SIE,G,,,6,262,,,,B,4211,01,4,42,0,0,000000000,00000000000,0,0,0,1,0,0,0,0,0,0,0,60,0,0,0,12,12,6,2,42,0,0,0,1,45,29164,6,1,0,0,3,0,69,190,0,0,0,0,0,0,0,0,0,0,0,0,0,0,1,2,25,1,1,2,2,0,0,1,13,1,1,5,1,1,1
45,450047,1,1,5,8,2,21,55,42,0,1,0,45,1,12,13,12013,2,1996,1FASP15J0TW1,1,F,A,S,P,1,5,J,0,T,W,1,0,P,FORD,LXE,SW,96,17,2444,,0,984,,G,,F,4,113,,,14R175,,,,,,0,0,000000000,00000000000,0,0,0,1,0,0,0,0,0,0,0,55,0,1,5,2,2,6,2,42,0,0,0,1,45,29801,1,1,0,0,2,0,70,160,0,0,0,1,0,12,2010,12,2010,1,0,0,0,0,1,2,55,1,1,2,1,0,0,1,6,1,3,4,2,2,1
45,450048,1,1,1,8,2,9,1,42,0,1,0,45,2,41,441,41441,20,2004,JM3LW28J8405,J,M,3,L,W,2,8,J,8,4,0,5,0,P,MAZD,MWG,SV,4,17,3794,,0,1118,,G,,F,6,181,,,16R215,,,,,,0,0,000000000,00000000000,0,0,0,1,0,0,0,0,0,0,0,70,0,0,0,12,12,6,2,42,0,0,0,1,45,29483,6,1,0,0,3,0,68,315,0,0,0,0,0,0,0,0,0,0,0,0,0,0,2,2,70,1,1,2,1,0,0,1,12,1,1,4,6,1,0
45,450049,1,1,1,8,2,8,0,24,0,1,0,37,2,12,421,12421,15,1995,1FMDU34X9SUA,1,F,M,D,U,3,4,X,9,S,U,A,0,P,FORD,EPR,UT,95,17,4053,,0,1115,,G,,F,6,245,,,15R225,,,,,,0,0,000000000,00000000000,0,0,0,1,0,0,0,0,0,0,0,999,0,1,5,12,12,6,2,1,0,0,0,1,37,28086,1,1,0,0,2,0,71,999,0,0,0,0,0,0,0,0,0,1,28,0,0,0,1,2,25,1,1,2,1,0,0,1,6,1,3,4,2,1,1
45,450050,1,2,1,8,2,20,35,12,1,1,0,37,3,84,881,84881,66,2007,2HSCKAPR17C3,2,H,S,C,K,A,P,R,1,7,C,3,1,T,INTL,99X,TR,7,17,,8,0,0,990,D,,,6,915,,,,,00000,00,,64,1,10,42786,1042786,3,6,3,1,0,0,0,0,0,0,0,35,0,0,0,6,6,0,1,12,0,0,0,1,37,27545,6,1,6,0,3,0,66,999,1,0,0,0,2,6,2009,12,2009,0,0,0,0,0,2,2,35,1,1,2,1,0,0,11,78,1,1,1,26,0,0
45,450050,2,2,1,8,2,20,35,12,1,1,0,45,1,20,471,20471,30,2002,1GCCS14WX282,1,G,C,C,S,1,4,W,X,2,8,2,0,T,CHEV,S14,PK,2,17,,1,0,1083,S,G,,,6,262,,,,B,3016,00,,42,0,0,000000000,00000000000,0,0,0,1,0,0,0,0,0,0,0,10,0,0,0,12,12,6,2,12,0,0,0,1,45,29061,6,1,0,0,3,3,69,250,1,0,0,0,0,12,2010,12,2010,0,39,0,0,0,2,2,35,1,1,2,1,0,0,1,19,1,2,2,24,1,0
45,450051,1,1,1,9,2,19,0,8,0,1,0,45,1,35,473,35473,31,2004,1N6AA07A84N5,1,N,6,A,A,0,7,A,8,4,N,5,0,T,NISS,TXS,CW,4,17,,2,0,1398,TTN,G,,,8,342,,,,C,4658,03,E,42,0,0,000000000,00000000000,0,0,0,1,0,0,0,0,0,0,0,40,0,0,0,2,2,2,1,8,0,0,0,1,45,29063,6,1,0,0,3,0,78,200,1,0,0,0,1,5,2010,8,2010,0,0,0,0,0,1,2,40,1,1,2,1,0,0,1,80,6,1,2,13,0,0
45,450052,1,1,2,10,2,10,40,34,0,1,0,45,1,82,881,82881,66,1994,1FUYDCYB0RH5,1,F,U,Y,D,C,Y,B,0,R,H,5,1,T,FRHT,FLD,TR,94,17,,8,0,0,CON,D,,,6,855,,,,,00000,00,,64,1,99,999999999,99999999999,3,6,10,1,0,0,0,0,0,0,0,50,0,0,0,12,12,6,2,30,0,0,0,1,45,29458,6,1,6,0,3,0,67,142,1,0,0,0,3,3,2010,10,2010,0,80,0,0,0,1,2,55,1,1,2,1,0,0,1,12,1,1,4,6,2,0
45,450053,1,1,1,10,2,19,15,8,0,1,0,45,1,12,16,12016,4,1993,2FALP74W6PX1,2,F,A,L,P,7,4,W,6,P,X,1,0,P,FORD,CVL,4D,93,17,3769,,0,1144,,G,,F,8,281,,,15R215,,,,,,0,0,000000000,00000000000,0,0,0,1,0,0,0,0,0,0,0,999,0,0,0,2,2,0,1,8,0,0,0,1,45,29512,6,1,0,0,3,3,71,190,0,0,0,0,1,2,2008,2,2008,0,0,0,0,0,1,2,55,1,1,2,1,0,0,1,80,1,1,1,13,0,0
45,450054,1,1,1,11,2,7,11,38,0,1,0,45,1,2,404,2404,14,1994,1J4GZ58SXRC2,1,J,4,G,Z,5,8,S,X,R,C,2,0,T,JEEP,LRO,4W,94,17,,1,0,1059,GCK,G,,,6,242,,,,,3552,00,B,44,0,0,000000000,00000000000,0,0,0,1,0,0,0,0,0,0,0,60,0,1,5,12,12,6,2,1,0,0,0,1,45,29640,1,1,5,0,2,0,70,160,0,1,2,3,1,6,2008,6,2009,0,0,0,0,0,1,2,50,4,2,2,1,0,0,14,13,1,1,4,1,1,1
45,450055,1,1,1,11,2,15,15,23,0,1,0,45,1,7,20,7020,4,2000,1B3ES46C6YD6,1,B,3,E,S,4,6,C,6,Y,D,6,0,P,DODG,NSE,4D,0,17,2515,,0,1050,,G,,F,4,122,,,14R185,,,,,,0,0,000000000,00000000000,0,0,0,1,0,0,0,0,0,0,0,65,0,0,0,3,12,6,2,42,0,0,0,1,45,29061,6,1,0,0,3,0,65,180,1,0,0,0,0,5,2010,5,2010,0,0,0,0,0,2,3,65,2,1,2,1,0,0,14,13,1,1,4,1,1,1
45,450056,1,1,1,12,2,2,30,30,0,1,0,45,2,35,48,35048,2,2003,JN1AZ34E73T0,J,N,1,A,Z,3,4,E,7,3,T,0,0,P,NISS,3ZC,CP,3,17,3062,,0,1083,,G,,F,6,214,,,17R225,,,,,,0,0,000000000,00000000000,0,0,0,1,0,0,0,0,0,0,0,999,0,0,0,10,10,6,2,30,0,0,0,1,45,29907,6,1,0,0,3,0,71,235,0,0,0,0,0,0,0,0,0,1,0,0,0,0,2,2,45,4,1,2,1,0,0,14,6,1,3,4,2,1,1
45,450057,1,1,1,12,2,2,55,30,0,1,0,45,1,12,401,12401,14,1998,1FMZU32P9WUD,1,F,M,Z,U,3,2,P,9,W,U,D,0,P,FORD,EPR,UT,98,17,3911,,0,1115,,G,,F,8,302,,,15R225,,,,,,0,0,000000000,00000000000,0,0,0,1,0,0,0,0,0,0,0,66,0,0,0,2,2,6,2,30,0,0,0,1,45,29801,6,1,0,0,3,0,70,270,0,0,0,0,0,0,0,0,0,1,0,0,0,0,1,2,40,2,1,2,1,0,0,14,13,1,1,4,1,1,1
45,450058,1,1,2,12,2,7,0,43,0,1,0,45,1,7,20,7020,4,2000,1B3ES46C2YD8,1,B,3,E,S,4,6,C,2,Y,D,8,0,P,DODG,NSE,4D,0,17,2515,,0,1050,,G,,F,4,122,,,14R185,,,,,,0,0,000000000,00000000000,0,0,0,1,0,0,0,0,0,0,0,59,0,0,0,12,3,6,2,43,0,0,0,1,45,29625,0,0,0,0,0,0,999,999,99,99,99,99,99,99,9999,99,9999,1,0,0,0,0,1,2,35,2,1,2,1,0,0,14,6,1,4,4,7,1,1
45,450059,1,1,1,12,2,14,58,35,0,1,0,45,2,9,38,9038,4,1997,1P3EJ46C8VN6,1,P,3,E,J,4,6,C,8,V,N,6,0,P,PLYM,BRE,4D,97,17,2909,,0,1080,,G,,F,4,122,,,14R195,,,,,,0,0,000000000,00000000000,0,0,0,1,0,0,0,0,0,0,0,999,0,1,5,12,12,6,2,31,0,0,0,1,45,29924,1,1,5,0,2,0,66,148,0,1,1,0,0,4,2010,9,2010,0,0,0,0,0,1,2,55,4,1,2,1,0,0,14,12,1,1,4,6,1,0