STATE,ST_CASE,VEH_NO,VE_FORMS,NUMOCCS,DAY,MONTH,HOUR,MINUTE,HARM_EV,MAN_COLL,UNITTYPE,HIT_RUN,REG_STAT,OWNER,MAKE,MODEL,MAK_MOD,BODY_TYP,MOD_YEAR,VIN,VIN_1,VIN_2,VIN_3,VIN_4,VIN_5,VIN_6,VIN_7,VIN_8,VIN_9,VIN_10,VIN_11,VIN_12,TOW_VEH,VINTYPE,VINMAKE,VINA_MOD,VIN_BT,VINMODYR,VIN_LNGT,VIN_WGT,WGTCD_TR,WHLBS_LG,WHLBS_SH,SER_TR,FUELCODE,MCYCL_DS,CARBUR,CYLINDER,DISPLACE,MCYCL_CY,MCYCL_WT,TIRE_SZE,TON_RAT,TRK_WT,TRKWTVAR,VIN_REST,WHLDRWHL,J_KNIFE,MCARR_I1,MCARR_I2,MCARR_ID,GVWR,V_CONFIG,CARGO_BT,HAZ_INV,HAZ_PLAC,HAZ_ID,HAZ_CNO,HAZ_REL,BUS_USE,SPEC_USE,EMER_USE,TRAV_SP,UNDERIDE,ROLLOVER,ROLINLOC,IMPACT1,IMPACT2,DEFORMED,TOWED,M_HARM,VEH_SC1,VEH_SC2,FIRE_EXP,DR_PRES,L_STATE,DR_ZIP,L_STATUS,L_TYPE,CDL_STAT,L_ENDORS,L_COMPL,L_RESTRI,DR_HGT,DR_WGT,PREV_ACC,PREV_SUS,PREV_DWI,PREV_SPD,PREV_OTH,FIRST_MO,FIRST_YR,LAST_MO,LAST_YR,SPEEDREL,DR_SF1,DR_SF2,DR_SF3,DR_SF4,VTRAFWAY,VNUM_LAN,VSPD_LIM,VALIGN,VPROFILE,VPAVETYP,VSURCOND,VTRAFCON,VTCONT_F,P_CRASH1,P_CRASH2,P_CRASH3,PCRASH4,PCRASH5,ACC_TYPE,DEATHS,DR_DRINK
45,450090,1,2,2,27,2,17,3,12,7,1,0,45,3,20,401,20401,14,2005,1GNEC16Z35J1,1,G,N,E,C,1,6,Z,3,5,J,1,0,P,CHEV,C15,UT,5,17,5268,,0,1300,,F,,F,8,325,,,16R265,,,,,,0,0,000000000,00000000000,0,0,0,1,0,0,0,0,0,0,0,999,0,0,0,10,10,6,2,12,0,0,0,1,45,29223,6,1,0,0,3,0,64,145,0,0,0,0,0,0,0,0,0,0,0,0,0,0,2,2,70,1,1,2,1,0,0,1,61,1,1,1,45,2,0
45,450090,2,2,2,27,2,17,3,12,7,1,0,10,2,12,3,12003,2,1992,1FACP44M4NF1,1,F,A,C,P,4,4,M,4,N,F,1,0,P,FORD,MLX,CV,92,17,2996,,0,1005,,G,,F,4,140,,,14R195,,,,,,0,0,000000000,00000000000,0,0,0,1,0,0,0,0,0,0,0,999,0,0,0,2,2,0,3,12,0,0,0,1,10,19977,1,1,0,0,2,0,70,131,0,0,0,0,0,0,0,0,0,0,0,0,0,0,2,2,70,1,1,2,1,0,0,15,51,1,1,2,44,0,1
45,450091,1,2,2,27,2,0,54,12,6,1,0,45,1,1,398,1398,6,1981,1JCNM15N1BT0,1,J,C,N,M,1,5,N,1,B,T,0,0,P,AMER,WAG,UT,81,17,3779,,0,1090,,G,,2,8,360,,,000000,,,,,,0,0,000000000,00000000000,0,0,0,1,0,0,0,0,0,0,0,73,0,1,5,3,3,6,2,12,0,0,0,1,45,29349,6,1,0,0,3,3,71,160,0,0,0,0,1,2,2009,2,2009,0,0,0,0,0,1,2,50,1,1,2,1,0,0,1,54,1,1,2,65,1,1
45,450091,2,2,1,27,2,0,54,12,6,1,0,45,2,20,401,20401,14,1998,1GNFK16R5WJ3,1,G,N,F,K,1,6,R,5,W,J,3,0,P,CHEV,K15,UT,98,17,4825,,0,1315,,G,,F,8,350,,,16R245,,,,,,0,0,000000000,00000000000,0,0,0,1,0,0,0,0,0,0,0,50,0,0,0,12,12,6,2,2,0,0,1,1,45,29657,6,1,0,0,3,0,68,180,1,0,0,1,0,9,2008,9,2008,0,0,0,0,0,1,2,50,1,1,2,1,0,0,1,62,1,1,1,64,0,0
45,450092,1,2,1,27,2,17,43,12,6,1,0,45,1,53,705,53705,80,2006,JS1GR7GA1621,J,S,1,G,R,7,G,A,1,6,2,1,0,M,SUZI,GX7,RC,6,17,,,,,,,750,,4,,4,465,,,,,,,0,0,000000000,00000000000,0,0,0,1,0,0,0,0,0,0,0,70,0,0,0,12,12,6,2,12,0,0,0,1,45,29388,6,1,0,0,3,0,71,180,0,0,0,3,0,11,2008,4,2010,1,8,0,0,0,2,2,25,1,2,2,1,20,3,1,55,3,1,1,83,1,0
45,450092,2,2,1,27,2,17,43,12,6,1,0,45,1,6,421,6421,15,2008,1A8HX58N78F1,1,A,8,H,X,5,8,N,7,8,F,1,0,P,CHRY,ASP,UT,8,17,4859,,0,1192,,G,,F,8,287,,,000000,,,,,,0,0,000000000,00000000000,0,0,0,1,0,0,0,0,0,0,0,5,0,0,0,9,9,2,3,12,0,0,0,1,45,29388,6,1,0,0,3,3,71,165,0,0,0,0,0,0,0,0,0,0,0,0,0,0,2,2,25,2,1,2,1,20,3,11,15,1,1,1,82,0,0
45,450093,1,1,1,28,2,0,45,24,0,1,0,45,1,14,17,14017,4,2000,1MEFM53S7YA6,1,M,E,F,M,5,3,S,7,Y,A,6,0,P,MERC,SLS,4D,0,17,3375,,0,1085,,G,,F,6,182,,,16R215,,,,,,0,0,000000000,00000000000,0,0,0,1,0,0,0,0,0,0,0,999,0,1,5,2,2,6,2,42,0,0,0,1,45,29556,1,1,5,0,2,0,63,145,0,0,0,0,0,0,0,0,0,1,0,0,0,0,1,2,55,1,2,2,1,0,0,1,13,1,1,4,1,1,0
45,450094,1,1,1,28,2,18,15,1,0,1,0,45,1,72,706,72706,80,2008,1HD1FC4168Y6,1,H,D,1,F,C,4,1,6,8,Y,6,0,M,HD,FLU,RS,8,17,,,,,,,1584,,2,,4,851,,,,,,,0,0,000000000,00000000000,0,0,0,1,0,0,0,0,0,0,0,75,0,0,0,0,99,6,2,1,0,0,0,1,45,29801,6,1,0,0,3,3,69,200,0,0,0,1,0,2,2011,2,2011,0,28,0,0,0,3,2,70,1,2,1,1,0,0,1,9,1,4,4,98,1,1
45,450095,1,1,2,1,3,9,55,21,0,1,0,45,1,20,471,20471,30,1995,1GCCS14Z4SK1,1,G,C,C,S,1,4,Z,4,S,K,1,0,T,CHEV,S14,PK,95,17,,1,1179,1083,S,G,,,6,262,,,,B,2822,01,,42,0,0,000000000,00000000000,0,0,0,1,0,0,0,0,0,0,0,50,0,1,5,2,2,6,2,1,0,0,0,1,45,29058,6,1,0,0,3,0,65,160,1,0,0,0,1,12,2009,12,2009,0,28,0,0,0,1,2,50,1,2,2,1,0,0,1,13,1,1,4,1,1,1
45,450096,1,2,1,2,3,16,37,12,2,1,0,45,1,20,481,20481,31,2006,1GCEK19B76Z1,1,G,C,E,K,1,9,B,7,6,Z,1,0,T,CHEV,SK1,4C,6,17,,2,1575,1340,SIL,G,,,8,323,,,,B,5050,00,,44,0,0,000000000,00000000000,0,0,0,1,0,0,0,0,0,0,0,40,0,1,5,12,12,6,2,12,0,0,0,1,45,29536,6,1,0,0,3,0,73,220,0,0,0,2,0,10,2009,2,2010,0,0,0,0,0,1,2,35,2,2,2,1,0,0,14,10,1,1,2,50,0,0
45,450096,2,2,2,2,3,16,37,12,2,1,0,45,1,18,2,18002,4,1997,1G4HP52K5VH5,1,G,4,H,P,5,2,K,5,V,H,5,0,P,BUIC,LCF,4D,97,17,3446,,0,1108,,G,,F,6,231,,,15R205,,,,,,0,0,000000000,00000000000,0,0,0,1,0,0,0,0,0,0,0,40,0,0,0,12,12,6,2,12,0,0,0,1,45,29565,6,1,0,0,3,3,64,230,0,0,0,0,0,0,0,0,0,0,0,0,0,0,1,2,35,2,2,2,1,0,0,14,62,1,1,1,51,1,0
45,450097,1,2,1,3,3,11,48,12,1,1,0,1,1,49,472,49472,30,2001,5TEWM72N71Z7,5,T,E,W,M,7,2,N,7,1,Z,7,0,T,TOYT,XTR,PC,1,17,,1,0,1219,TAC,G,,,4,164,,,,B,3470,00,U,44,0,0,000000000,00000000000,0,0,0,1,0,0,0,0,0,0,0,75,0,0,0,12,12,6,2,12,0,0,0,1,1,35071,6,1,0,0,3,0,73,220,0,0,0,0,0,0,0,0,0,1,0,0,0,0,3,2,60,1,1,2,1,0,0,1,50,1,1,1,20,1,1
45,450097,2,2,1,3,3,11,48,12,1,1,0,45,3,82,881,82881,66,1995,1FUYDPYB1SP5,1,F,U,Y,D,P,Y,B,1,S,P,5,1,T,FRHT,FLD,TR,95,17,,8,0,0,CON,D,,,6,677,,,,,00000,00,,64,1,3,71945,0371945,3,6,1,1,0,0,0,0,0,0,0,0,0,0,0,6,6,6,2,12,0,0,0,1,45,29654,6,1,6,0,3,3,69,170,0,0,0,1,0,2,2011,2,2011,0,0,0,0,0,3,2,60,1,1,2,1,0,0,5,78,1,1,1,21,0,0
45,450098,1,2,1,15,2,13,5,12,6,1,0,45,1,52,402,52402,14,2004,4A4MM41S24E0,4,A,4,M,M,4,1,S,2,4,E,0,0,P,MITS,END,UT,4,17,3935,,0,1083,,G,,F,6,231,,,17R235,,,,,,0,0,000000000,00000000000,0,0,0,1,0,0,0,0,0,0,0,20,0,0,0,11,11,6,2,12,0,0,0,1,45,29464,6,1,0,0,3,0,70,145,1,0,0,0,1,9,2010,9,2010,0,38,0,0,0,2,2,45,1,1,2,1,0,0,11,55,1,1,1,82,0,0
45,450098,2,2,1,15,2,13,5,12,6,1,0,45,1,7,442,7442,20,2005,2D4GP44L55R5,2,D,4,G,P,4,4,L,5,5,R,5,0,T,DODG,GSX,ES,5,17,,1,0,1193,CAR,G,,,6,230,,,,,4222,00,E,42,0,0,000000000,00000000000,0,0,0,1,0,0,0,0,0,0,0,45,0,0,0,12,12,6,2,12,0,0,0,1,45,29414,6,1,0,0,3,0,62,200,0,0,0,0,0,0,0,0,0,0,0,0,0,0,2,2,45,1,1,2,1,0,0,1,70,1,1,1,83,1,0
45,450099,1,1,1,3,3,18,50,8,0,1,0,45,1,23,401,23401,14,2005,1GKDS13S4522,1,G,K,D,S,1,3,S,4,5,2,2,0,T,GMC,ENV,4W,5,17,,1,0,1130,ENV,G,,,6,256,,,,B,4417,00,E,42,0,0,000000000,00000000000,0,0,0,1,0,0,0,0,0,0,0,40,0,0,0,2,2,0,1,8,0,0,0,1,45,29544,6,1,0,0,3,0,65,210,1,1,0,0,0,7,2008,7,2009,0,0,0,0,0,1,2,55,1,1,2,1,0,0,1,80,1,1,1,13,0,0
45,450100,1,1,1,3,3,23,25,38,0,1,0,45,1,72,706,72706,80,1992,1HD4CFM13NY2,1,H,D,4,C,F,M,1,3,N,Y,2,0,M,HD,X8D,RS,92,17,,,,,,,883,,2,,4,465,,,,,,,0,0,000000000,00000000000,0,0,0,1,0,0,0,0,0,0,0,55,0,0,0,12,12,6,2,38,0,0,0,1,45,29710,1,1,5,0,2,0,73,185,0,1,0,0,0,9,2010,9,2010,1,28,0,0,0,1,2,45,2,2,2,1,0,0,14,13,1,1,4,1,1,1
45,450101,1,1,3,3,3,22,55,1,0,1,0,45,1,30,40,30040,4,2002,3VWVH69M42M1,3,V,W,V,H,6,9,M,4,2,M,1,0,P,VOLK,ULI,4D,2,17,3093,,0,989,,G,,F,6,170,,,17R225,,,,,,0,0,000000000,00000000000,0,0,0,1,0,0,0,0,0,0,0,58,0,1,5,0,99,6,2,1,0,0,0,1,45,29323,6,1,0,0,3,0,69,140,2,0,0,0,1,4,2009,3,2010,1,28,0,0,0,1,2,99,2,1,2,1,0,0,14,12,1,1,4,6,1,1
45,450102,1,1,1,4,3,23,10,8,0,1,0,45,1,12,481,12481,31,2000,1FTRX17L0YNA,1,F,T,R,X,1,7,L,0,Y,N,A,0,T,FORD,F15,4C,0,17,,2,1571,1385,COF,G,,,8,330,,,,B,4204,05,U,42,0,0,000000000,00000000000,0,0,0,1,0,0,0,0,0,0,0,39,0,0,0,12,12,2,3,8,0,0,0,1,45,29072,6,1,0,0,3,0,70,155,0,0,0,1,0,11,2008,11,2008,0,0,0,0,0,2,2,40,1,1,2,1,0,0,1,80,1,1,1,13,0,1
45,450103,1,2,1,4,3,9,1,12,6,1,0,45,1,6,54,6054,6,2006,2A4GM68416R8,2,A,4,G,M,6,8,4,1,6,R,8,0,P,CHRY,PIF,UT,6,17,4311,,0,1160,,G,,F,6,214,,,17R235,,,,,,0,0,000000000,00000000000,0,0,0,1,0,0,0,0,0,0,0,999,0,0,0,3,3,6,2,12,0,0,0,1,45,29687,6,1,0,0,3,3,68,145,0,0,0,0,0,0,0,0,0,0,38,0,0,0,3,3,45,1,1,2,1,3,3,11,15,1,1,1,68,1,0
45,450103,2,2,1,4,3,9,1,12,6,1,0,45,3,12,16,12016,4,2007,2FAFP71W27X1,2,F,A,F,P,7,1,W,2,7,X,1,0,P,FORD,CVP,4D,7,17,4129,,0,1146,,G,,F,8,281,,,17R235,,,,,,0,0,000000000,00000000000,0,0,0,1,0,0,0,0,0,0,0,74,0,0,0,12,12,6,2,12,0,0,0,1,45,29607,6,1,0,0,3,3,71,153,1,0,0,1,0,6,2008,6,2008,1,0,0,0,0,3,3,45,1,1,2,1,3,3,1,17,1,1,1,69,0,0
45,450104,1,2,4,4,3,16,26,12,6,1,0,45,1,20,2,20002,4,2008,2G1WB55K2813,2,G,1,W,B,5,5,K,2,8,1,3,0,P,CHEV,IPL,4D,8,17,3555,,0,1105,,F,,F,6,214,,,16R225,,,,,,0,0,000000000,00000000000,0,0,0,1,0,0,0,0,0,0,0,999,0,0,0,10,10,6,2,12,0,0,0,1,45,29672,6,1,0,0,3,0,63,160,1,0,0,1,0,5,2009,4,2010,0,0,0,0,0,1,2,45,1,1,2,1,0,0,1,62,1,1,1,65,2,0
45,450104,2,2,1,4,3,16,26,12,6,1,0,45,2,23,481,23481,31,1999,1GTGK29U1XE5,1,G,T,G,K,2,9,U,1,X,E,5,0,T,GMC,NK2,3C,99,17,,2,1575,1435,SIE,G,,,8,364,,,,C,00000,00,U,44,0,0,000000000,00000000000,0,0,0,1,0,0,0,0,0,0,0,999,0,0,0,12,12,6,2,12,0,0,0,1,45,29661,6,1,0,0,3,0,67,162,1,0,0,1,1,1,2009,1,2010,0,0,0,0,0,1,2,45,1,1,2,1,0,0,1,54,1,1,2,64,0,1
45,450105,1,2,1,5,3,1,44,8,0,1,1,99,9,99,999,99999,99,9999,999999999999,9,9,9,9,9,9,9,9,9,9,9,9,0,,,,,,,,,,,,,,,,,,,,,,,,,0,0,000000000,00000000000,0,0,0,1,0,0,0,0,0,0,0,999,0,0,0,12,99,9,1,8,0,0,0,1,99,99999,9,9,99,9,9,9,999,999,99,99,99,99,99,99,9999,99,9999,0,0,0,0,0,2,2,60,1,1,2,1,0,0,1,80,1,1,1,13,0,0
45,450105,2,2,1,5,3,1,44,8,0,1,0,45,1,53,34,53034,4,2005,KL5JD56Z25K1,K,L,5,J,D,5,6,Z,2,5,K,1,0,P,SUZI,FZS,4D,5,17,2700,,0,1024,,G,,F,4,122,,,15R195,,,,,,0,0,000000000,00000000000,0,0,0,1,0,0,0,0,0,0,0,60,0,0,0,14,14,0,1,8,0,0,0,1,45,29927,6,2,0,0,3,3,66,98,0,0,0,0,0,0,0,0,0,0,0,0,0,0,2,2,60,1,1,2,1,0,0,1,80,1,1,1,98,0,0
45,450106,1,1,1,5,3,6,0,53,0,1,0,45,1,2,403,2403,14,2008,1J4GA64188L5,1,J,4,G,A,6,4,1,8,8,L,5,0,T,JEEP,RUB,2W,8,17,,1,0,954,WRA,G,,,6,230,,,,,4103,00,4,44,0,0,000000000,00000000000,0,0,0,1,0,0,0,0,0,0,0,55,0,1,5,12,12,6,2,42,0,0,0,1,45,29379,6,1,0,0,3,0,66,237,0,2,0,2,0,8,2008,11,2009,0,28,0,0,0,1,2,55,3,1,2,1,0,0,14,12,1,1,4,6,1,1
45,450107,1,1,1,6,3,19,30,8,0,1,0,45,1,62,401,62401,14,1999,SALTY1249XA2,S,A,L,T,Y,1,2,4,9,X,A,2,0,T,LNDR,DII,4W,99,17,,2,0,1000,DIS,G,,,8,241,,,,,4575,03,E,44,0,0,000000000,00000000000,0,0,0,1,0,0,0,0,0,0,0,40,0,0,0,12,12,2,3,8,0,0,0,1,45,29209,6,1,0,0,3,0,71,160,1,0,0,3,0,10,2008,2,2010,0,0,0,0,0,3,3,40,4,2,2,1,0,0,14,80,1,1,1,13,0,0
45,450108,1,2,1,6,3,0,8,12,1,1,0,45,1,34,34,34034,4,2002,WBAET37482NJ,W,B,A,E,T,3,7,4,8,2,N,J,0,P,BMW,325,4D,2,17,3219,,0,1073,,G,,F,6,152,,,16R205,,,,,,0,0,000000000,00000000000,0,0,0,1,0,0,0,0,0,0,0,999,0,0,0,12,12,6,2,12,0,0,0,1,45,29625,6,1,0,0,3,3,66,170,0,0,0,1,0,9,2010,9,2010,0,0,0,0,0,1,2,45,1,1,2,2,0,0,1,78,1,1,1,33,1,0
45,450108,2,2,1,6,3,0,8,12,1,1,0,45,1,12,481,12481,31,2004,1GCHC29UX4E2,1,G,C,H,C,2,9,U,X,4,E,2,0,T,CHEV,2CH,4C,4,17,,2,1575,1435,SIL,G,,,8,364,,,,C,5402,00,,42,0,0,000000000,00000000000,0,0,0,1,0,0,0,0,0,0,0,999,0,0,0,6,6,2,3,12,0,0,0,1,45,29691,6,1,0,0,3,0,74,180,0,0,0,1,0,10,2008,10,2008,1,0,0,0,0,1,2,45,1,1,2,2,0,0,1,59,1,1,1,33,0,0
45,450109,1,1,1,6,3,15,0,35,0,1,0,45,1,35,471,35471,30,1995,1N6HD16Y6SC3,1,N,6,H,D,1,6,Y,6,S,C,3,0,T,NISS,KSX,PC,95,17,,1,0,1161,TRK,G,,,6,181,,,,B,3771,01,A,44,0,0,000000000,00000000000,0,0,0,1,0,0,0,0,0,0,0,55,0,0,0,12,2,6,2,42,0,0,0,1,45,29596,6,1,0,0,3,0,69,180,1,0,0,0,0,1,2011,1,2011,1,28,87,0,0,1,2,55,1,2,2,2,0,0,1,13,1,1,4,1,1,1
45,450110,1,1,5,7,3,8,10,34,0,1,0,51,1,12,401,12401,14,1997,1FMFU18L7VLB,1,F,M,F,U,1,8,L,7,V,L,B,0,P,FORD,EPT,UT,97,17,4827,,0,1190,,G,,F,8,330,,,16R255,,,,,,0,0,000000000,00000000000,0,0,0,1,0,0,0,0,0,0,0,50,0,1,4,12,2,6,2,42,0,0,0,1,45,29929,6,1,0,0,3,0,999,999,0,0,0,0,0,0,0,0,0,0,28,0,0,0,1,2,50,1,1,2,1,0,0,1,13,1,1,4,1,1,0
45,450111,1,1,1,31,1,15,10,52,0,1,0,93,3,87,881,87881,66,2005,1XP7DB9X35D8,1,X,P,7,D,B,9,X,3,5,D,8,1,T,PTRB,387,TR,5,17,,8,0,0,CON,D,,,6,893,,,,,00000,00,,64,1,1,86265,0186265,3,6,1,1,0,0,0,0,0,0,0,70,0,0,0,5,1,6,2,34,0,0,0,1,1,36049,6,1,6,0,3,3,75,350,0,0,0,0,0,0,0,0,0,0,0,0,0,0,3,3,70,1,1,2,1,0,0,1,13,1,1,4,1,1,0
45,450112,1,1,1,8,3,19,13,8,0,1,0,45,1,37,441,37441,20,2002,5FNRL18062B0,5,F,N,R,L,1,8,0,6,2,B,0,0,P,HOND,UDY,SV,2,17,4376,,0,1181,,G,,F,6,212,,,16R225,,,,,,0,0,000000000,00000000000,0,0,0,1,0,0,0,0,0,0,0,40,0,0,0,12,12,2,3,8,0,0,0,1,45,29662,6,1,0,0,3,0,72,220,0,0,0,0,0,0,0,0,0,0,0,0,0,0,1,3,40,1,2,2,1,0,0,1,80,1,1,1,13,0,0
45,450113,1,1,1,9,3,13,37,1,0,1,0,45,1,35,401,35401,14,2008,5N1AR18U78C6,5,N,1,A,R,1,8,U,7,8,C,6,0,P,NISS,PFI,UT,8,17,4427,,0,1122,,G,,F,6,244,,,16R245,,,,,,0,0,000000000,00000000000,0,0,0,1,0,0,0,0,0,0,0,75,0,1,3,0,99,6,2,34,0,0,0,1,45,29510,6,1,0,0,3,3,67,155,0,0,0,1,1,5,2010,2,2011,1,0,0,0,0,2,2,70,1,1,2,1,0,0,1,12,1,1,4,6,1,0
45,450114,1,1,1,9,3,7,48,1,0,1,0,45,3,86,881,86881,66,2010,5MADS2827AC0,5,M,A,D,S,2,8,2,7,A,C,0,1,T,MACK,,,10,17,,,,,,,,,,,,,,,,,,,1,99,999999999,99999999999,3,6,8,1,0,0,0,0,0,0,0,55,0,2,1,0,0,0,3,1,0,0,0,1,45,29412,6,1,6,0,3,3,67,280,0,0,0,0,2,6,2008,1,2011,0,0,0,0,0,1,2,55,1,1,2,1,0,0,1,12,1,1,2,98,1,1
45,450115,1,1,1,9,3,2,20,1,0,1,0,45,1,14,6,14006,4,1997,2MELM75W2VX6,2,M,E,L,M,7,5,W,2,V,X,6,0,P,MERC,MGL,4D,97,17,3796,,0,1144,,G,,F,8,281,,,15R215,,,,,,0,0,000000000,00000000000,0,0,0,1,0,0,0,0,0,0,0,75,0,1,5,0,99,6,2,1,0,0,0,1,45,29527,6,1,0,0,3,0,69,173,0,0,0,2,0,9,2009,10,2010,0,0,0,0,0,2,2,55,1,1,2,1,0,0,1,13,1,1,4,1,1,1
45,450116,1,1,1,11,3,1,23,33,0,1,0,45,2,53,35,53035,4,2004,KL5VJ52L14B1,K,L,5,V,J,5,2,L,1,4,B,1,0,P,SUZI,VSL,4D,4,17,3280,,0,1063,,G,,F,6,153,,,16R205,,,,,,0,0,000000000,00000000000,0,0,0,1,0,0,0,0,0,0,0,70,0,0,0,12,98,6,2,42,0,0,0,1,37,29572,1,1,0,0,2,0,70,999,0,0,0,0,0,0,0,0,0,1,0,0,0,0,1,2,25,2,1,2,1,0,0,14,6,1,4,4,7,1,1
45,450117,1,2,1,11,3,14,10,12,2,1,0,45,1,49,40,49040,4,2001,4T1BF28K51U9,4,T,1,B,F,2,8,K,5,1,U,9,0,P,TOYT,XLL,4D,1,17,3175,,0,1051,,G,,F,6,183,,,15R205,,,,,,0,0,000000000,00000000000,0,0,0,1,0,0,0,0,0,0,0,15,0,0,0,12,12,6,2,12,0,0,0,1,45,29607,6,1,0,0,3,0,73,200,0,0,0,0,0,0,0,0,0,0,38,0,0,0,1,2,55,1,1,2,1,0,0,11,15,1,1,1,82,0,0
45,450117,2,2,1,11,3,14,10,12,2,1,0,45,2,76,705,76705,80,2007,JYARJ10E57A0,J,Y,A,R,J,1,0,E,5,7,A,0,0,M,YAMA,YZF,RC,7,17,,,,,,,599,,4,,4,417,,,,,,,0,0,000000000,00000000000,0,0,0,1,0,0,0,0,0,0,0,73,0,0,0,12,12,6,2,12,0,0,0,1,45,29651,0,0,0,0,0,0,999,999,99,99,99,99,99,99,9999,99,9999,1,0,0,0,0,1,2,55,1,1,2,1,0,0,1,17,1,1,1,83,1,0
45,450118,1,2,2,12,3,15,40,12,7,1,0,45,1,2,404,2404,14,2001,1J4GW58N21C5,1,J,4,G,W,5,8,N,2,1,C,5,0,T,JEEP,LMT,4W,1,17,,1,0,1059,GCK,G,,,8,287,,,,,3959,01,E,44,0,0,000000000,00000000000,0,0,0,1,0,0,0,0,0,0,0,67,0,0,0,9,9,0,1,12,0,0,0,1,45,29536,6,1,0,0,3,3,70,203,0,0,0,0,0,0,0,0,0,0,0,0,0,0,3,2,70,1,1,2,1,0,0,1,78,1,1,1,45,0,0
45,450118,2,2,1,12,3,15,40,12,7,1,0,12,3,20,461,20461,21,2003,1GCFG15XX312,1,G,C,F,G,1,5,X,X,3,1,2,0,T,CHEV,E15,CG,3,17,,2,0,1350,EXP,G,,,6,262,,,,B,4845,00,,42,0,0,000000000,00000000000,0,0,0,1,0,0,0,0,0,0,0,70,0,0,0,3,2,6,2,42,0,0,0,1,12,34284,6,1,0,0,3,0,69,999,0,0,0,0,0,0,0,0,0,1,0,0,0,0,3,2,70,1,1,2,1,0,0,1,53,1,1,2,44,1,0
45,450119,1,1,1,13,3,16,51,53,0,1,0,45,1,72,706,72706,80,2001,1HD4CAM151K1,1,H,D,4,C,A,M,1,5,1,K,1,0,M,HD,X88,RS,1,17,,,,,,,883,,2,,4,489,,,,,,,0,0,000000000,00000000000,0,0,0,1,0,0,0,0,0,0,0,80,0,0,0,12,9,6,2,53,0,0,0,1,45,29472,6,1,0,0,3,0,70,180,0,0,0,0,0,0,0,0,0,1,0,0,0,0,1,2,55,2,1,2,1,0,0,14,6,1,3,4,2,1,1
45,450120,1,2,1,13,3,18,13,12,6,1,0,45,1,12,481,12481,31,1995,1FTDF15Y8SLA,1,F,T,D,F,1,5,Y,8,S,L,A,0,T,FORD,F15,PK,95,17,,1,1330,1170,COF,G,,,6,300,,,,B,00000,00,M,42,0,0,000000000,00000000000,0,0,0,1,0,0,0,0,0,0,0,15,0,0,0,12,12,6,2,12,0,0,0,1,45,29607,6,1,0,0,3,3,73,300,1,0,0,0,1,4,2010,4,2010,0,38,0,0,0,2,3,40,1,1,2,1,0,0,4,71,1,1,1,90,0,0
45,450120,2,2,1,13,3,18,13,12,6,1,0,45,1,72,706,72706,80,2006,1HD1FRW186Y6,1,H,D,1,F,R,W,1,8,6,Y,6,0,M,HD,FCI,RS,6,17,,,,,,,1450,,2,,4,710,,,,,,,0,0,000000000,00000000000,0,0,0,1,0,0,0,0,0,0,0,999,0,0,0,2,2,6,2,12,0,0,0,1,45,29662,6,1,0,0,3,0,69,200,0,0,0,0,0,0,0,0,0,0,0,0,0,0,2,3,40,1,1,2,1,0,0,1,71,6,1,2,90,1,1
45,450121,1,1,2,13,3,15,40,38,0,1,0,45,1,37,31,37031,2,1998,1HGEJ7126WL1,1,H,G,E,J,7,1,2,6,W,L,1,0,P,HOND,UCH,CP,98,17,2261,,0,1032,,G,,F,4,097,,,14R185,,,,,,0,0,000000000,00000000000,0,0,0,1,0,0,0,0,0,0,0,35,0,1,5,12,12,6,2,38,0,0,0,1,45,29464,6,1,0,0,3,0,69,140,3,0,0,1,1,4,2010,12,2010,0,0,0,0,0,2,2,35,1,1,2,1,0,0,1,12,1,1,4,6,2,1
45,450122,1,2,1,14,3,6,32,12,2,1,0,37,3,84,881,84881,66,2002,2HSCNAPR42C0,2,H,S,C,N,A,P,R,4,2,C,0,1,T,INTL,94I,TR,2,17,,8,0,0,940,D,,,6,915,,,,,00000,00,,64,1,9,0882,090882,3,6,2,1,0,0,0,0,0,0,0,55,0,0,0,12,12,6,2,12,0,0,0,1,45,29624,6,1,6,0,3,0,70,165,0,0,0,1,0,1,2010,1,2010,0,0,0,0,0,1,2,55,1,1,2,1,0,0,1,62,1,1,1,51,0,0
45,450122,2,2,1,14,3,6,32,12,2,1,0,45,1,34,34,34034,4,1992,WBACB3313NFE,W,B,A,C,B,3,3,1,3,N,F,E,0,P,BMW,325,4D,92,17,3991,,0,1063,,G,,F,6,152,,,15R205,,,,,,0,0,000000000,00000000000,0,0,0,1,0,0,0,0,0,0,0,55,0,0,0,12,12,6,2,12,0,0,0,1,45,29654,6,1,0,0,3,3,70,182,0,0,0,0,0,0,0,0,0,0,51,0,0,0,1,2,55,1,1,2,1,0,0,1,9,1,4,2,50,1,0
45,450123,1,2,1,14,3,12,15,12,6,1,0,37,3,51,881,51881,66,2006,4V4NC9GH46N4,4,V,4,N,C,9,G,H,4,6,N,4,1,T,VOLV,VNL,TR,6,17,,8,0,0,VVN,D,,,6,732,,,,,00000,00,,64,1,9,4770,094770,3,6,1,1,0,0,0,0,0,0,0,40,0,0,0,9,9,0,1,12,0,0,0,1,45,29118,6,1,3,0,3,0,72,230,0,0,0,0,0,0,0,0,0,0,0,0,0,0,1,2,55,1,1,2,1,0,0,1,73,1,1,1,77,0,0