STATE,ST_CASE,VEH_NO,VE_FORMS,NUMOCCS,DAY,MONTH,HOUR,MINUTE,HARM_EV,MAN_COLL,UNITTYPE,HIT_RUN,REG_STAT,OWNER,MAKE,MODEL,MAK_MOD,BODY_TYP,MOD_YEAR,VIN,VIN_1,VIN_2,VIN_3,VIN_4,VIN_5,VIN_6,VIN_7,VIN_8,VIN_9,VIN_10,VIN_11,VIN_12,TOW_VEH,VINTYPE,VINMAKE,VINA_MOD,VIN_BT,VINMODYR,VIN_LNGT,VIN_WGT,WGTCD_TR,WHLBS_LG,WHLBS_SH,SER_TR,FUELCODE,MCYCL_DS,CARBUR,CYLINDER,DISPLACE,MCYCL_CY,MCYCL_WT,TIRE_SZE,TON_RAT,TRK_WT,TRKWTVAR,VIN_REST,WHLDRWHL,J_KNIFE,MCARR_I1,MCARR_I2,MCARR_ID,GVWR,V_CONFIG,CARGO_BT,HAZ_INV,HAZ_PLAC,HAZ_ID,HAZ_CNO,HAZ_REL,BUS_USE,SPEC_USE,EMER_USE,TRAV_SP,UNDERIDE,ROLLOVER,ROLINLOC,IMPACT1,IMPACT2,DEFORMED,TOWED,M_HARM,VEH_SC1,VEH_SC2,FIRE_EXP,DR_PRES,L_STATE,DR_ZIP,L_STATUS,L_TYPE,CDL_STAT,L_ENDORS,L_COMPL,L_RESTRI,DR_HGT,DR_WGT,PREV_ACC,PREV_SUS,PREV_DWI,PREV_SPD,PREV_OTH,FIRST_MO,FIRST_YR,LAST_MO,LAST_YR,SPEEDREL,DR_SF1,DR_SF2,DR_SF3,DR_SF4,VTRAFWAY,VNUM_LAN,VSPD_LIM,VALIGN,VPROFILE,VPAVETYP,VSURCOND,VTRAFCON,VTCONT_F,P_CRASH1,P_CRASH2,P_CRASH3,PCRASH4,PCRASH5,ACC_TYPE,DEATHS,DR_DRINK
45,450161,2,2,1,7,4,22,10,12,6,1,0,45,1,22,22,22022,4,2008,1G2ZF57B8841,1,G,2,Z,F,5,7,B,8,8,4,1,0,P,PONT,6VB,4D,8,17,3305,,0,1123,,G,,F,4,146,,,16R215,,,,,,0,0,000000000,00000000000,0,0,0,1,0,0,0,0,0,0,0,45,0,0,0,3,3,6,2,12,0,0,0,1,45,29627,1,1,5,0,2,0,69,190,0,0,0,0,0,0,0,0,0,0,0,0,0,0,1,2,45,4,1,2,1,0,0,14,54,1,1,2,64,1,1
45,450162,1,1,1,8,4,19,5,1,0,1,0,45,1,73,705,73705,80,2008,JKAKLEE1X8DA,J,K,A,K,L,E,E,1,X,8,D,A,0,M,KAWK,KLE,T,8,17,,,,,,,651,,1,,4,386,,,,,,,0,0,000000000,00000000000,0,0,0,1,0,0,0,0,0,0,0,35,0,0,0,0,9,2,3,1,0,0,0,1,45,29208,6,1,0,0,3,0,74,210,0,0,0,0,0,0,0,0,0,0,28,0,0,0,3,2,25,1,1,2,1,0,0,1,10,1,1,4,6,1,1
45,450163,1,1,1,8,4,15,30,32,0,1,0,37,2,20,499,20499,30,1964,4C144B114814,4,C,1,4,4,B,1,1,4,8,1,4,0,T,CHEV,,,64,12,,,,,,,,,,,,,,,,,,,0,0,000000000,00000000000,0,0,0,1,0,0,0,0,0,0,0,55,0,1,2,12,12,6,2,1,0,0,0,1,37,28114,6,1,0,0,3,0,70,999,1,7,5,1,1,6,2008,2,2011,0,0,0,0,0,1,2,35,1,1,2,1,0,0,1,13,1,1,4,1,1,1
45,450164,1,1,1,9,4,19,59,11,0,1,0,45,1,73,705,73705,80,2007,JKAVN2C107A0,J,K,A,V,N,2,C,1,0,7,A,0,0,M,KAWK,V9C,RS,7,17,,,,,,,903,,2,,4,549,,,,,,,0,0,000000000,00000000000,0,0,0,1,0,0,0,0,0,0,0,67,0,0,0,12,12,0,3,11,0,0,0,1,45,29568,6,1,0,0,3,0,67,170,0,0,0,2,1,6,2009,6,2010,1,83,0,0,0,1,2,40,1,1,2,1,0,0,1,87,1,1,1,13,1,1
45,450165,1,1,2,9,4,15,0,42,0,1,0,45,1,20,32,20032,4,2001,1Y1SK52841Z4,1,Y,1,S,K,5,2,8,4,1,Z,4,0,P,CHEV,P/L,4D,1,17,2403,,0,971,,G,,F,4,110,,,14R175,,,,,,0,0,000000000,00000000000,0,0,0,1,0,0,0,0,0,0,0,60,0,0,0,12,12,6,2,2,0,0,1,1,45,29617,1,1,5,0,2,0,64,151,1,1,0,0,0,3,2010,7,2010,1,0,0,0,0,1,2,30,1,2,2,1,0,0,1,13,1,1,4,1,1,1
45,450166,1,1,1,9,4,2,10,53,0,1,0,45,2,2,405,2405,14,2002,1J4GK58K82W2,1,J,4,G,K,5,8,K,8,2,W,2,0,T,JEEP,LMD,4W,2,17,,1,0,1043,LIB,G,,,6,226,,,,,3758,00,E,42,0,0,000000000,00000000000,0,0,0,1,0,0,0,0,0,0,0,70,0,1,5,12,12,6,2,1,0,0,0,1,45,29936,1,1,5,0,2,0,68,175,1,2,1,1,1,4,2008,6,2010,1,28,0,0,0,1,2,35,2,1,2,1,0,0,14,13,1,1,4,1,1,1
45,450167,1,2,1,9,4,23,45,12,2,1,0,45,1,41,51,41051,4,2005,JM1BK1230512,J,M,1,B,K,1,2,3,0,5,1,2,0,P,MAZD,M3S,4D,5,17,2762,,0,1039,,G,,F,4,140,,,16R205,,,,,,0,0,000000000,00000000000,0,0,0,1,0,0,0,0,0,0,0,55,0,0,0,12,12,6,2,12,0,0,0,1,45,29180,6,1,0,0,3,0,66,170,0,0,0,0,0,0,0,0,0,0,0,0,0,0,1,2,55,1,1,2,1,0,0,1,62,1,1,2,51,0,1
45,450167,2,2,1,9,4,23,45,12,2,1,0,45,1,49,499,49499,30,1977,RN28078947,R,N,2,8,0,7,8,9,4,7,,,0,T,TOYT,RN8,PK,77,10,,1,1100,1016,HTP,G,,,4,133,,,,,2378,01,,42,0,0,000000000,00000000000,0,0,0,1,0,0,0,0,0,0,0,55,0,0,0,12,12,6,2,12,0,0,0,1,45,29210,1,1,5,0,2,0,68,165,1,1,0,0,0,12,2009,1,2010,0,51,0,0,0,1,2,55,1,1,2,1,0,0,1,54,1,1,1,50,1,1
45,450168,1,1,1,9,4,21,3,42,0,1,0,45,1,99,705,99705,80,2008,L4YTCAK018A3,L,4,Y,T,C,A,K,0,1,8,A,3,0,U,,,,8,17,,,,,,,,,,,,,,,,,,,0,0,000000000,00000000000,0,0,0,1,0,0,0,0,0,0,0,45,0,0,0,12,12,6,2,42,0,0,0,1,45,29355,6,1,0,0,3,3,79,168,0,0,0,0,0,0,0,0,0,0,0,0,0,0,1,2,55,1,1,2,1,0,0,1,13,1,1,4,1,1,1
45,450169,1,1,1,10,4,20,0,32,0,1,0,45,1,14,6,14006,4,1997,2MELM74W2VX6,2,M,E,L,M,7,4,W,2,V,X,6,0,P,MERC,GMG,4D,97,17,3792,,0,1144,,G,,F,8,281,,,15R215,,,,,,0,0,000000000,00000000000,0,0,0,1,0,0,0,0,0,0,0,999,0,1,5,2,2,6,2,1,0,0,0,1,45,29590,6,1,0,0,3,3,62,158,0,0,0,0,0,0,0,0,0,1,0,0,0,0,1,2,45,4,2,2,1,0,0,14,13,1,1,4,1,1,0
45,450170,1,1,1,11,4,8,8,23,0,1,0,93,3,82,881,82881,66,2001,1FUJAHCG31PF,1,F,U,J,A,H,C,G,3,1,P,F,1,T,FRHT,FLD,TR,1,17,,8,0,0,CON,D,,,6,774,,,,,00000,00,,64,1,11,62977,1162977,3,6,97,1,0,0,0,0,0,0,0,45,0,1,6,12,12,6,2,1,0,0,0,1,45,29440,6,1,6,0,3,0,72,201,0,1,0,0,1,4,2009,4,2009,1,0,0,0,0,1,2,55,1,1,2,1,0,0,1,12,1,1,4,6,1,0
45,450171,1,1,1,13,4,15,11,35,0,1,0,45,3,12,461,12461,21,2008,1FTNS24W88DA,1,F,T,N,S,2,4,W,8,8,D,A,0,T,FORD,25V,EC,8,17,,2,0,1380,VAN,G,,,8,281,,,,C,00000,00,E,42,0,0,000000000,00000000000,0,0,0,1,0,0,0,0,0,0,0,70,0,0,0,12,11,6,2,42,0,0,0,1,45,29435,6,1,0,0,3,0,67,175,0,0,0,0,0,0,0,0,0,0,58,0,0,0,2,2,70,1,1,2,1,0,0,1,12,1,1,4,6,1,0
45,450172,1,3,2,13,4,16,11,12,6,1,0,45,2,55,401,55401,14,2004,KM8SC13D94U7,K,M,8,S,C,1,3,D,9,4,U,7,0,P,HYUN,SAN,UT,4,17,3720,,0,1031,,G,,F,6,162,,,16R225,,,,,,0,0,000000000,00000000000,0,0,0,1,0,0,0,0,0,0,0,45,0,0,0,12,1,6,2,12,0,0,0,1,45,29410,6,1,0,0,3,0,71,185,0,2,0,1,0,2,2009,7,2010,0,0,0,0,0,2,3,45,1,1,2,1,0,0,1,17,1,1,1,88,0,0
45,450172,2,3,1,13,4,16,11,12,6,1,0,45,1,12,471,12471,30,2004,1FTZR44E44PB,1,F,T,Z,R,4,4,E,4,4,P,B,0,T,FORD,RNS,4C,4,17,,1,0,1257,RNG,G,,,6,245,,,,B,3945,00,U,42,0,0,000000000,00000000000,0,0,0,1,0,0,0,0,0,0,0,40,0,0,0,12,12,6,2,12,0,0,0,1,45,29483,6,1,0,0,3,0,71,250,0,0,0,2,0,12,2009,4,2010,0,0,0,0,0,2,3,45,1,1,2,1,0,0,1,62,1,1,1,98,0,0
45,450172,3,3,1,13,4,16,11,12,6,1,0,45,2,37,33,37033,2,1989,JHMBA4221KC0,J,H,M,B,A,4,2,2,1,K,C,0,0,P,HOND,P20,CP,89,17,2427,,0,1010,,G,,2,4,119,,,13R185,,,,,,0,0,000000000,00000000000,0,0,0,1,0,0,0,0,0,0,0,25,0,0,0,9,9,6,2,12,0,0,0,1,45,29418,6,1,0,0,3,0,68,180,0,1,0,0,1,1,2009,3,2009,0,38,0,0,0,2,3,45,1,1,2,1,0,0,4,55,1,1,2,89,1,1
45,450173,2,1,1,14,4,9,5,45,0,1,0,45,1,52,35,52035,4,1995,JA3AA26A7SU0,J,A,3,A,A,2,6,A,7,S,U,0,0,P,MITS,MIS,4D,95,17,2225,,0,984,,G,,F,4,090,,,13R145,,,,,,0,0,000000000,00000000000,0,0,0,1,0,0,0,0,0,0,0,50,0,0,0,12,12,6,2,45,0,0,0,1,45,29574,6,1,0,0,3,0,69,190,0,0,0,0,0,0,0,0,0,1,0,0,0,0,2,2,60,1,1,2,1,98,3,1,50,1,1,1,12,1,0
45,450174,1,1,5,16,4,20,50,35,0,1,0,45,2,12,471,12471,30,1993,1FTCR10A1PUC,1,F,T,C,R,1,0,A,1,P,U,C,0,T,FORD,RNG,PK,93,17,,1,1139,1079,RNG,G,,,4,140,,,,B,2918,01,A,42,0,0,000000000,00000000000,0,0,0,1,0,0,0,0,0,0,0,999,0,1,5,12,12,6,2,1,0,0,0,1,45,29671,1,1,5,0,2,0,68,150,0,2,0,0,0,10,2009,4,2010,0,0,0,0,0,1,2,35,4,2,2,1,0,0,14,13,1,1,4,1,1,1
45,450175,1,1,1,16,4,20,15,9,0,1,0,45,1,20,2,20002,4,2007,2G1WT58K9792,2,G,1,W,T,5,8,K,9,7,9,2,0,P,CHEV,IMT,4D,7,17,3674,,0,1105,,F,,F,6,214,,,16R225,,,,,,0,0,000000000,00000000000,0,0,0,1,0,0,0,0,0,0,0,55,0,0,0,12,12,6,2,9,0,0,0,1,45,29040,6,1,0,0,3,3,63,204,0,0,0,0,0,0,0,0,0,0,0,0,0,0,2,2,60,1,1,2,1,0,0,1,83,1,1,1,13,0,0
45,450176,1,1,1,16,4,6,1,38,0,1,0,45,1,12,17,12017,4,1996,1FALP53S7TA2,1,F,A,L,P,5,3,S,7,T,A,2,0,P,FORD,TAX,4D,96,17,3355,,0,1085,,G,,F,6,182,,,15R205,,,,,,0,0,000000000,00000000000,0,0,0,1,0,0,0,0,0,0,0,55,0,1,5,12,12,6,2,42,0,0,0,1,45,29853,6,1,0,0,3,0,68,170,0,0,0,0,0,0,0,0,0,1,0,0,0,0,1,2,55,3,2,2,1,0,0,14,13,1,1,4,1,1,1
45,450177,1,1,1,16,4,2,5,35,0,1,0,45,1,12,23,12023,4,2006,3FAHP08176R1,3,F,A,H,P,0,8,1,7,6,R,1,0,P,FORD,F/L,4D,6,17,3101,,0,1074,,G,,F,6,183,,,17R225,,,,,,0,0,000000000,00000000000,0,0,0,1,0,0,0,0,0,0,0,59,0,1,5,12,12,6,2,1,0,0,0,1,45,29020,6,1,0,0,3,3,73,245,0,0,0,0,0,0,0,0,0,1,0,0,0,0,1,2,45,2,2,2,1,0,0,14,13,1,1,4,1,1,1
45,450178,1,1,1,16,4,10,37,34,0,1,0,45,1,52,37,52037,2,2003,4A3AC44G93E0,4,A,3,A,C,4,4,G,9,3,E,0,0,P,MITS,EGS,2H,3,17,2944,,0,1008,,G,,F,4,146,,,16R205,,,,,,0,0,000000000,00000000000,0,0,0,1,0,0,0,0,0,0,0,80,0,1,5,12,12,6,2,1,0,0,0,1,45,29429,1,1,5,0,2,0,71,160,0,0,0,0,0,0,0,0,0,1,28,0,0,0,2,2,60,1,1,2,99,0,0,1,6,1,4,4,7,1,1
45,450179,1,2,2,17,4,0,9,12,1,1,0,45,1,35,39,35039,4,2005,1N4BA41E65C8,1,N,4,B,A,4,1,E,6,5,C,8,0,P,NISS,MEL,4D,5,17,3321,,0,1112,,G,,F,6,214,,,17R225,,,,,,0,0,000000000,00000000000,0,0,0,1,0,0,0,0,0,0,0,65,0,0,0,6,6,6,9,12,0,0,0,1,45,29483,6,1,0,0,3,3,68,180,0,0,0,1,0,6,2010,6,2010,0,0,0,0,0,3,2,70,1,1,2,1,0,0,1,78,1,1,1,25,0,0
45,450179,2,2,1,17,4,0,9,12,1,1,0,45,1,12,401,12401,14,1998,1FMZU32E1WUA,1,F,M,Z,U,3,2,E,1,W,U,A,0,P,FORD,EPR,UT,98,17,3911,,0,1115,,G,,F,6,245,,,15R225,,,,,,0,0,000000000,00000000000,0,0,0,1,0,0,0,0,0,0,0,90,0,1,5,12,12,6,2,1,0,0,1,1,45,29418,6,1,0,0,3,3,70,150,0,0,0,2,0,10,2008,9,2009,0,8,0,0,0,3,2,70,1,1,2,1,0,0,1,18,1,1,2,24,1,0
45,450180,1,1,3,19,4,15,10,1,0,1,0,45,2,12,422,12422,15,1999,1FMRU1760XLC,1,F,M,R,U,1,7,6,0,X,L,C,0,P,FORD,EPT,UT,99,17,4808,,0,1191,,G,,F,8,281,,,16R255,,,,,,0,0,000000000,00000000000,0,0,0,1,0,0,0,0,0,0,0,65,0,1,5,0,99,6,2,1,0,0,0,1,45,29081,6,1,0,0,3,3,63,150,0,0,0,0,0,0,0,0,0,1,0,0,0,0,1,2,55,1,1,2,1,0,0,6,8,6,4,4,7,1,0
45,450181,1,2,2,29,1,0,7,12,6,1,0,45,1,20,401,20401,14,2000,1GNDT13W1YK1,1,G,N,D,T,1,3,W,1,Y,K,1,0,P,CHEV,BZR,UT,0,17,4049,,0,1070,,G,,F,6,262,,,15R205,,,,,,0,0,000000000,00000000000,0,0,0,1,0,0,0,0,0,0,0,18,0,0,0,2,2,6,2,12,0,0,0,1,45,29169,0,0,0,0,0,0,999,999,99,99,99,99,99,99,9999,99,9999,0,0,0,0,0,2,2,40,1,1,2,1,3,3,11,17,1,1,1,68,0,0
45,450181,2,2,1,29,1,0,7,12,6,1,0,45,1,12,17,12017,4,1995,1FALP53U6SA2,1,F,A,L,P,5,3,U,6,S,A,2,0,P,FORD,TAX,4D,95,17,3186,,0,1060,,G,,F,6,182,,,15R205,,,,,,0,0,000000000,00000000000,0,0,0,1,0,0,0,0,0,0,0,95,0,0,0,12,12,6,2,12,0,0,0,1,45,29054,1,1,5,0,2,0,75,170,0,2,0,2,1,11,2009,4,2010,1,8,28,0,0,2,2,40,1,1,2,1,3,3,1,17,1,1,2,69,1,1
45,450182,1,2,1,11,3,11,37,12,6,1,0,45,1,12,471,12471,30,1993,1FTCR10A0PUB,1,F,T,C,R,1,0,A,0,P,U,B,0,T,FORD,RNG,PK,93,17,,1,1139,1079,RNG,G,,,4,140,,,,B,2918,01,A,42,0,0,000000000,00000000000,0,0,0,1,0,0,0,0,0,0,0,20,0,1,5,2,2,6,2,1,0,0,0,1,45,29569,6,1,0,0,3,3,66,140,1,0,0,0,0,2,2010,2,2010,0,38,0,0,0,1,2,55,1,1,2,1,0,0,11,17,1,1,1,68,1,0
45,450182,2,2,1,11,3,11,37,12,6,1,0,45,1,7,24,7024,4,2007,2B3KA43R07H8,2,B,3,K,A,4,3,R,0,7,H,8,0,P,DODG,CTL,4D,7,17,3648,,0,1200,,G,,F,6,165,,,17R215,,,,,,0,0,000000000,00000000000,0,0,0,1,0,0,0,0,0,0,0,45,0,0,0,12,12,6,2,12,0,0,0,1,45,29526,6,1,0,0,3,3,67,152,0,0,0,0,0,0,0,0,0,0,0,0,0,0,1,2,55,1,1,2,1,0,0,1,17,1,1,2,69,0,0
45,450183,1,1,4,2,4,1,35,42,0,1,0,45,1,35,39,35039,4,2003,JN1DA31D53T5,J,N,1,D,A,3,1,D,5,3,T,5,0,P,NISS,MGS,4D,3,17,3118,,0,1083,,G,,F,6,214,,,16R225,,,,,,0,0,000000000,00000000000,0,0,0,1,0,0,0,0,0,0,0,80,0,0,0,12,12,6,2,2,0,0,1,1,45,29927,0,0,0,0,0,0,999,999,99,99,99,99,99,99,9999,99,9999,1,8,0,0,0,6,1,25,3,1,2,1,0,0,14,6,1,4,4,7,1,1
45,450184,1,1,2,4,4,20,31,8,0,1,0,45,1,20,37,20037,4,2003,1G1ND52J03M6,1,G,1,N,D,5,2,J,0,3,M,6,0,P,CHEV,MAL,4D,3,17,3106,,0,1070,,G,,F,6,191,,,15R215,,,,,,0,0,000000000,00000000000,0,0,0,1,0,0,0,0,0,0,0,45,0,0,0,12,12,2,3,8,0,0,0,1,45,29405,6,1,0,0,3,0,73,194,0,1,0,0,1,1,2009,5,2009,0,0,0,0,0,2,2,45,1,1,2,1,0,0,1,80,1,1,1,13,0,0
45,450185,1,1,1,10,4,2,15,33,0,1,0,45,1,76,705,76705,80,1984,JYA50H006EA0,J,Y,A,5,0,H,0,0,6,E,A,0,0,M,YAMA,FJ1,RS,84,17,,,,,,,1100,,4,,4,501,,,,,,,0,0,000000000,00000000000,0,0,0,1,0,0,0,0,0,0,0,55,0,0,0,12,12,6,2,33,0,0,0,1,45,29212,6,1,0,0,3,0,75,220,1,0,0,0,1,8,2010,8,2010,1,28,0,0,0,3,2,55,1,1,2,1,0,0,1,6,1,3,4,7,1,1
45,450186,1,1,1,10,4,5,59,35,0,1,0,51,1,20,481,20481,31,2010,1GCSKTE34AZ2,1,G,C,S,K,T,E,3,4,A,Z,2,0,T,CHEV,3SK,4C,10,17,,2,1575,1435,SIL,F,,,8,323,,,,B,5286,02,,44,0,0,000000000,00000000000,0,0,0,1,0,0,0,0,0,0,0,55,0,0,0,12,12,6,2,42,0,0,0,1,51,22815,6,1,0,0,3,0,74,210,0,0,0,1,0,8,2010,8,2010,0,28,0,0,0,1,2,55,1,3,2,1,0,0,1,12,1,1,4,6,1,0
45,450187,1,1,1,12,4,16,53,9,0,1,0,45,1,59,32,59032,4,1999,JT8BH28F8X01,J,T,8,B,H,2,8,F,8,X,0,1,0,P,LEXS,LS4,4D,99,17,3890,,0,1122,,G,,F,8,242,,,16R225,,,,,,0,0,000000000,00000000000,0,0,0,1,0,0,0,0,0,0,0,999,0,0,0,12,12,0,1,9,0,0,0,1,45,29860,6,1,0,0,3,0,72,240,0,0,0,0,0,0,0,0,0,0,0,0,0,0,1,2,45,1,2,2,1,20,3,1,83,1,1,1,13,0,0
45,450188,1,2,1,20,4,18,30,12,6,1,0,45,1,20,401,20401,14,1988,1GNCS18Z3J81,1,G,N,C,S,1,8,Z,3,J,8,1,0,P,CHEV,S10,UT,88,17,2867,,0,1005,,G,,F,6,262,,,000000,,,,,,0,0,000000000,00000000000,0,0,0,1,0,0,0,0,0,0,0,55,0,0,0,7,7,6,2,12,0,0,0,1,45,29461,6,1,0,0,3,0,79,195,2,0,0,0,1,2,2009,8,2010,0,0,0,0,0,1,2,55,1,1,2,1,0,0,1,17,1,1,1,77,1,0
45,450188,2,2,4,20,4,18,30,12,6,1,0,45,1,37,32,37032,4,1998,1HGCG5646WA2,1,H,G,C,G,5,6,4,6,W,A,2,0,P,HOND,ULX,4D,98,17,2952,,0,1069,,G,,F,4,138,,,15R195,,,,,,0,0,000000000,00000000000,0,0,0,1,0,0,0,0,0,0,0,10,0,0,0,12,10,6,2,12,0,0,0,1,45,29461,6,1,0,0,3,3,65,195,0,0,0,0,0,0,0,0,0,0,38,0,0,0,1,2,55,1,1,2,1,0,0,11,15,1,1,2,76,0,0
45,450189,1,2,1,19,4,20,10,12,1,1,0,45,1,98,709,98709,81,9999,999999999999,9,9,9,9,9,9,9,9,9,9,9,9,0,,,,,,,,,,,,,,,,,,,,,,,,,0,0,000000000,00000000000,0,0,0,1,0,0,0,0,0,0,0,999,0,0,0,6,6,6,2,12,0,0,0,1,45,29073,1,1,5,0,2,0,78,195,0,2,0,1,1,8,2009,12,2009,0,0,0,0,0,1,2,55,1,1,2,1,0,0,2,78,1,1,1,25,1,1
45,450189,2,2,1,19,4,20,10,12,1,1,0,45,1,54,39,54039,4,2008,JH4CL96958C0,J,H,4,C,L,9,6,9,5,8,C,0,0,P,ACUR,TSX,4D,8,17,3356,,0,1051,,G,,F,4,146,,,17R215,,,,,,0,0,000000000,00000000000,0,0,0,1,0,0,0,0,0,0,0,999,0,0,0,12,12,2,3,12,0,0,0,1,45,29072,6,1,0,0,3,0,71,195,0,0,0,2,0,4,2009,5,2010,0,0,0,0,0,1,2,55,1,1,2,1,0,0,1,59,1,1,1,24,0,0
45,450190,1,1,1,20,4,15,0,42,0,1,0,12,1,82,881,82881,66,2001,1FUJA3CGX1LG,1,F,U,J,A,3,C,G,X,1,L,G,1,T,FRHT,ST2,TR,1,17,,8,0,0,CON,D,,,6,774,,,,,00000,00,,64,1,18,91944,1891944,3,6,1,1,0,0,0,0,0,0,0,70,0,0,0,2,2,6,2,2,0,0,1,1,12,34746,6,1,6,3,3,0,67,999,0,2,0,1,0,12,2008,8,2010,0,0,0,0,0,3,2,70,1,1,2,1,0,0,1,1,1,3,4,2,1,0
45,450191,1,2,1,21,4,11,35,12,6,1,0,45,1,42,36,42036,4,1987,WDBCA39D4HA3,W,D,B,C,A,3,9,D,4,H,A,3,0,P,MERZ,56L,4D,87,17,3925,,0,1209,,G,,F,8,339,,,15R205,,,,,,0,0,000000000,00000000000,0,0,0,1,0,0,0,0,0,0,0,15,0,0,0,1,1,6,2,12,0,0,0,1,45,29115,6,1,0,0,3,3,68,225,0,0,0,0,0,0,0,0,0,0,38,0,0,0,1,2,55,1,1,2,1,20,3,1,17,1,1,1,87,1,0
45,450191,2,2,1,21,4,11,35,12,6,1,0,45,1,23,422,23422,15,2008,1GKFC13078J1,1,G,K,F,C,1,3,0,7,8,J,1,0,T,GMC,YUK,4W,8,17,,2,0,1160,YUK,F,,,8,323,,,,B,5720,00,W,42,0,0,000000000,00000000000,0,0,0,1,0,0,0,0,0,0,0,55,0,0,0,12,12,6,2,12,0,0,0,1,45,29030,6,1,0,0,3,0,72,210,0,0,0,0,0,0,0,0,0,0,0,0,0,0,1,2,55,1,1,2,1,0,0,1,17,1,1,2,86,0,0
45,450192,1,1,1,21,4,16,10,1,0,1,0,45,1,37,705,37705,80,1994,1HFSC2200RA6,1,H,F,S,C,2,2,0,0,R,A,6,0,M,HOND,G5A,RS,94,17,,,,,,,1500,,6,,4,800,,,,,,,0,0,000000000,00000000000,0,0,0,1,0,0,0,0,0,0,0,55,0,0,0,0,9,2,3,1,0,0,0,1,45,29654,6,1,0,0,3,3,71,254,1,0,0,1,1,4,2010,8,2010,1,28,0,0,0,1,2,55,1,1,2,1,0,0,1,6,1,3,4,2,1,0
45,450193,1,2,1,22,4,13,20,12,8,1,0,45,1,12,481,12481,31,1998,1FTZF1725WKA,1,F,T,Z,F,1,7,2,5,W,K,A,0,T,FORD,F15,PK,98,17,,1,1390,1200,COF,G,,,6,256,,,,B,3800,02,E,42,0,0,000000000,00000000000,0,0,0,1,0,0,0,0,0,0,0,50,0,0,0,1,1,6,2,12,0,0,0,1,45,29554,6,1,0,0,3,0,76,261,1,0,0,1,0,12,2008,9,2009,1,0,0,0,0,1,2,55,1,1,2,2,0,0,1,9,1,4,2,65,0,0
45,450193,2,2,2,22,4,13,20,12,8,1,0,45,1,12,481,12481,31,2001,1FTRW07L91KC,1,F,T,R,W,0,7,L,9,1,K,C,0,T,FORD,F1S,CW,1,17,,2,0,1385,COF,G,,,8,330,,,,B,4581,01,E,42,0,0,000000000,00000000000,0,0,0,1,0,0,0,0,0,0,0,50,0,0,0,2,2,6,2,12,0,0,0,1,45,29544,6,1,0,0,3,0,69,195,0,0,0,0,0,0,0,0,0,0,0,0,0,0,1,2,55,1,1,2,2,0,0,1,62,1,1,1,64,1,0
45,450194,1,1,4,22,4,17,30,1,0,1,0,45,1,6,52,6052,6,2001,3C8FY4BB21T6,3,C,8,F,Y,4,B,B,2,1,T,6,0,P,CHRY,PTC,SV,1,17,3109,,0,1030,,G,,F,4,148,,,15R195,,,,,,0,0,000000000,00000000000,0,0,0,1,0,0,0,0,0,0,0,999,0,1,5,0,98,6,2,1,0,0,0,1,45,29153,1,1,5,0,2,0,72,165,0,1,0,0,0,2,2009,2,2009,0,0,0,0,0,1,2,35,1,1,2,1,0,0,6,12,1,1,4,6,2,1
45,450195,1,2,1,23,4,6,50,12,2,1,0,37,1,18,401,18401,14,2002,3G5DA03E12S5,3,G,5,D,A,0,3,E,1,2,S,5,0,P,BUIC,RZV,UT,2,17,4024,,0,1122,,G,,F,6,204,,,16R215,,,,,,0,0,000000000,00000000000,0,0,0,1,0,0,0,0,0,0,0,35,0,0,0,12,12,6,2,12,0,0,0,1,37,28779,6,1,0,0,3,0,70,999,0,0,0,1,0,7,2009,7,2009,0,0,0,0,0,1,2,45,1,1,2,1,0,0,1,62,9,1,1,51,0,0
45,450195,2,2,1,23,4,6,50,12,2,1,0,45,1,20,471,20471,30,2002,1GCCS1458282,1,G,C,C,S,1,4,5,8,2,8,2,0,T,CHEV,S14,PK,2,17,,1,0,1083,S,F,,,4,133,,,,B,3016,00,,42,0,0,000000000,00000000000,0,0,0,1,0,0,0,0,0,0,0,45,0,0,0,12,12,6,2,12,0,0,0,1,45,29588,6,1,0,0,3,0,70,123,0,0,0,1,0,5,2009,5,2009,0,51,0,0,0,1,2,45,1,1,2,1,0,0,1,54,1,1,2,50,1,1
45,450196,1,2,1,23,4,2,0,8,0,1,0,45,1,20,481,20481,31,2004,2GCEC13T9413,2,G,C,E,C,1,3,T,9,4,1,3,0,T,CHEV,SC1,CW,4,17,,2,0,1435,SIL,G,,,8,323,,,,B,4946,00,,42,0,0,000000000,00000000000,0,0,0,1,0,0,0,0,0,0,0,45,0,0,0,12,12,2,1,8,0,0,0,1,45,29566,6,1,0,0,3,0,68,145,0,1,0,0,0,10,2010,10,2010,0,0,0,0,0,2,2,55,1,1,2,1,0,0,1,80,1,1,1,13,0,0
45,450196,2,2,1,23,4,2,0,8,0,1,1,99,9,99,999,99999,99,9999,999999999999,9,9,9,9,9,9,9,9,9,9,9,9,0,,,,,,,,,,,,,,,,,,,,,,,,,0,0,000000000,00000000000,0,0,0,1,0,0,0,0,0,0,0,999,0,0,0,12,98,9,1,8,0,0,0,1,99,99999,9,9,99,9,9,9,999,999,99,99,99,99,99,99,9999,99,9999,0,0,0,0,0,2,2,55,1,2,2,1,0,0,1,80,1,1,1,98,0,0