STATE,ST_CASE,VEH_NO,VE_FORMS,NUMOCCS,DAY,MONTH,HOUR,MINUTE,HARM_EV,MAN_COLL,UNITTYPE,HIT_RUN,REG_STAT,OWNER,MAKE,MODEL,MAK_MOD,BODY_TYP,MOD_YEAR,VIN,VIN_1,VIN_2,VIN_3,VIN_4,VIN_5,VIN_6,VIN_7,VIN_8,VIN_9,VIN_10,VIN_11,VIN_12,TOW_VEH,VINTYPE,VINMAKE,VINA_MOD,VIN_BT,VINMODYR,VIN_LNGT,VIN_WGT,WGTCD_TR,WHLBS_LG,WHLBS_SH,SER_TR,FUELCODE,MCYCL_DS,CARBUR,CYLINDER,DISPLACE,MCYCL_CY,MCYCL_WT,TIRE_SZE,TON_RAT,TRK_WT,TRKWTVAR,VIN_REST,WHLDRWHL,J_KNIFE,MCARR_I1,MCARR_I2,MCARR_ID,GVWR,V_CONFIG,CARGO_BT,HAZ_INV,HAZ_PLAC,HAZ_ID,HAZ_CNO,HAZ_REL,BUS_USE,SPEC_USE,EMER_USE,TRAV_SP,UNDERIDE,ROLLOVER,ROLINLOC,IMPACT1,IMPACT2,DEFORMED,TOWED,M_HARM,VEH_SC1,VEH_SC2,FIRE_EXP,DR_PRES,L_STATE,DR_ZIP,L_STATUS,L_TYPE,CDL_STAT,L_ENDORS,L_COMPL,L_RESTRI,DR_HGT,DR_WGT,PREV_ACC,PREV_SUS,PREV_DWI,PREV_SPD,PREV_OTH,FIRST_MO,FIRST_YR,LAST_MO,LAST_YR,SPEEDREL,DR_SF1,DR_SF2,DR_SF3,DR_SF4,VTRAFWAY,VNUM_LAN,VSPD_LIM,VALIGN,VPROFILE,VPAVETYP,VSURCOND,VTRAFCON,VTCONT_F,P_CRASH1,P_CRASH2,P_CRASH3,PCRASH4,PCRASH5,ACC_TYPE,DEATHS,DR_DRINK
45,450261,1,2,1,17,5,17,31,12,6,1,0,37,1,72,706,72706,80,2010,1HD1KB410AB6,1,H,D,1,K,B,4,1,0,A,B,6,0,M,HD,FHX,RS,10,17,,,,,,,1584,,2,,4,810,,,,,,,0,0,000000000,00000000000,0,0,0,1,0,0,0,0,0,0,0,35,0,0,0,12,12,6,2,12,0,0,0,1,37,28001,6,1,0,0,3,3,71,999,0,0,0,0,2,1,2010,7,2010,0,0,0,0,0,2,2,35,1,1,2,1,3,3,1,17,1,1,1,69,1,1
45,450261,2,2,1,17,5,17,31,12,6,1,0,45,1,12,481,12481,31,2000,1FTRX17L3YNA,1,F,T,R,X,1,7,L,3,Y,N,A,0,T,FORD,F15,4C,0,17,,2,1571,1385,COF,G,,,8,330,,,,B,4204,05,U,42,0,0,000000000,00000000000,0,0,0,1,0,0,0,0,0,0,0,20,0,0,0,2,2,6,2,12,0,0,0,1,45,29582,1,1,5,0,2,0,68,170,0,0,0,0,0,0,0,0,0,0,38,0,0,0,2,2,35,1,1,2,1,3,3,11,15,1,1,2,68,0,1
45,450262,1,2,2,19,5,18,50,12,2,1,0,45,1,20,481,20481,31,1999,2GCEC19V9X11,2,G,C,E,C,1,9,V,9,X,1,1,0,T,CHEV,SC1,3C,99,17,,2,1575,1435,SIL,G,,,8,293,,,,B,4235,02,,42,0,0,000000000,00000000000,0,0,0,1,0,0,0,0,0,0,0,999,0,0,0,12,12,6,2,12,0,0,0,1,45,29379,6,1,0,0,3,0,71,200,0,0,0,0,0,0,0,0,0,0,0,0,0,0,1,2,55,1,1,2,1,0,0,1,62,1,1,1,51,1,0
45,450262,2,2,1,19,5,18,50,12,2,1,0,45,1,35,472,35472,30,1999,1N6ED26Y0XC3,1,N,6,E,D,2,6,Y,0,X,C,3,0,T,NISS,KXS,PC,99,17,,1,0,1161,FRT,G,,,6,201,,,,B,3789,01,E,44,0,0,000000000,00000000000,0,0,0,1,0,0,0,0,0,0,0,999,0,0,0,12,12,6,2,12,0,0,0,1,45,29178,6,1,0,0,3,0,72,195,0,0,0,0,1,12,2009,12,2009,0,0,0,0,0,1,2,55,1,1,2,1,0,0,1,54,1,1,2,50,0,1
45,450263,1,1,1,19,5,13,57,9,0,1,0,51,1,12,461,12461,21,2002,1FTNE24232HA,1,F,T,N,E,2,4,2,3,2,H,A,0,T,FORD,25V,CG,2,17,,2,0,1380,VAN,G,,,6,256,,,,C,5270,00,E,42,0,0,000000000,00000000000,0,0,0,1,0,0,0,0,0,0,0,10,0,0,0,12,12,0,1,9,0,0,0,1,51,24148,6,1,0,0,3,3,72,200,0,0,0,0,0,0,0,0,0,0,0,0,0,0,3,2,30,1,1,2,1,3,3,4,83,1,1,1,13,0,0
45,450264,1,2,1,24,3,1,5,12,1,1,0,45,1,35,401,35401,14,1995,JN8HD17Y9SW0,J,N,8,H,D,1,7,Y,9,S,W,0,0,P,NISS,PFI,UT,95,17,3961,,0,1043,,G,,F,6,181,,,15R235,,,,,,0,0,000000000,00000000000,0,0,0,1,0,0,0,0,0,0,0,60,0,0,0,6,6,6,2,12,0,0,0,1,45,29414,6,1,0,0,3,0,69,340,0,1,0,0,0,11,2010,11,2010,0,0,0,0,0,3,2,55,1,1,2,1,0,0,1,78,1,1,2,25,1,0
45,450264,2,2,1,24,3,1,5,12,1,1,0,45,1,35,39,35039,4,2003,JN1DA31A73T4,J,N,1,D,A,3,1,A,7,3,T,4,0,P,NISS,MGL,4D,3,17,3124,,0,1083,,G,,F,6,214,,,17R215,,,,,,0,0,000000000,00000000000,0,0,0,1,0,0,0,0,0,0,0,70,0,0,0,12,12,6,2,12,0,0,0,1,45,29405,6,1,0,0,3,3,74,205,0,0,0,2,0,10,2008,10,2010,1,26,0,0,0,3,2,55,1,1,2,1,0,0,1,18,1,1,1,24,0,1
45,450265,1,1,4,31,3,18,36,42,0,1,0,45,1,54,31,54031,4,1991,JH4DA9452MS0,J,H,4,D,A,9,4,5,2,M,S,0,0,P,ACUR,ILS,2H,91,17,2491,,0,1004,,G,,F,4,112,,,15R195,,,,,,0,0,000000000,00000000000,0,0,0,1,0,0,0,0,0,0,0,999,0,1,3,10,10,6,2,42,0,0,0,1,45,29483,0,0,0,0,0,0,999,999,99,99,99,99,99,99,9999,99,9999,1,0,0,0,0,2,2,70,1,1,2,2,0,0,1,12,1,1,4,6,1,0
45,450266,1,1,1,8,5,21,45,34,0,1,0,45,1,73,705,73705,80,2008,JKAVN2C108A0,J,K,A,V,N,2,C,1,0,8,A,0,0,M,KAWK,V9C,RS,8,17,,,,,,,903,,2,,4,549,,,,,,,0,0,000000000,00000000000,0,0,0,1,0,0,0,0,0,0,0,50,0,0,0,12,12,6,2,34,0,0,0,1,45,29568,6,1,0,0,3,0,66,180,0,0,0,1,0,11,2010,11,2010,0,28,0,0,0,3,2,45,1,1,2,1,40,3,1,9,1,4,4,7,1,0
45,450267,1,1,2,15,5,19,15,5,0,1,0,45,1,37,705,37705,80,2008,JH2SC59028M0,J,H,2,S,C,5,9,0,2,8,M,0,0,M,HOND,CBS,RC,8,17,,,,,,,998,,4,,4,439,,,,,,,0,0,000000000,00000000000,0,0,0,1,0,0,0,0,0,0,0,999,0,0,0,0,0,0,1,5,0,0,0,1,45,29449,6,1,0,0,3,0,69,147,0,0,0,0,1,1,2010,1,2010,0,8,0,0,0,3,2,70,1,1,2,1,0,0,15,98,1,1,1,0,1,0
45,450268,1,1,2,2,5,3,20,8,0,1,0,45,1,20,481,20481,31,2005,2GCEC19V7511,2,G,C,E,C,1,9,V,7,5,1,1,0,T,CHEV,SC1,4C,5,17,,2,1575,1435,SIL,G,,,8,293,,,,B,4555,00,,42,0,0,000000000,00000000000,0,0,0,1,0,0,0,0,0,0,0,45,0,0,0,14,14,9,1,8,0,0,0,1,45,29569,1,1,5,0,2,0,69,228,0,0,0,0,0,0,0,0,0,1,0,0,0,0,1,2,45,1,1,2,1,0,0,1,80,1,1,1,13,0,0
45,450269,1,1,1,20,5,22,40,9,0,1,1,45,1,20,471,20471,30,2002,1GCDT19W3281,1,G,C,D,T,1,9,W,3,2,8,1,0,T,CHEV,S14,3C,2,17,,1,0,1229,S,G,,,6,262,,,,B,3761,00,,44,0,0,000000000,00000000000,0,0,0,1,0,0,0,0,0,0,0,45,0,0,0,12,12,2,1,9,0,0,0,1,45,29412,6,1,0,0,3,0,70,160,3,0,0,1,0,7,2009,1,2011,0,28,0,0,0,2,2,45,1,1,2,1,0,0,1,13,1,1,4,13,0,1
45,450270,1,2,1,20,5,21,30,12,6,1,0,45,1,98,709,98709,81,2008,999999999999,9,9,9,9,9,9,9,9,9,9,9,9,0,,,,,,,,,,,,,,,,,,,,,,,,,0,0,000000000,00000000000,0,0,0,1,0,0,0,0,0,0,0,35,0,0,0,12,12,6,2,12,0,0,0,1,45,29625,1,1,5,0,2,0,70,120,0,1,0,0,0,11,2009,11,2009,0,0,0,0,0,1,2,35,1,1,2,1,0,0,1,17,1,1,1,69,1,1
45,450270,2,2,3,20,5,21,30,12,6,1,0,45,2,12,461,12461,21,2008,1FTNS24L78DA,1,F,T,N,S,2,4,L,7,8,D,A,0,T,FORD,25V,EC,8,17,,2,0,1380,VAN,G,,,8,330,,,,C,00000,00,E,42,0,0,000000000,00000000000,0,0,0,1,0,0,0,0,0,0,0,15,0,0,0,3,3,2,1,12,0,0,0,1,45,29621,6,1,0,0,3,0,63,150,0,0,0,2,0,10,2008,3,2009,0,38,0,0,0,1,2,35,1,1,2,1,0,0,11,15,1,1,1,68,0,0
45,450271,1,2,1,20,5,0,1,12,6,1,0,45,1,37,31,37031,4,1993,JHMEG8550PS0,J,H,M,E,G,8,5,5,0,P,S,0,0,P,HOND,CLX,4D,93,17,2319,,0,1013,,G,,F,4,091,,,13R175,,,,,,0,0,000000000,00000000000,0,0,0,1,0,0,0,0,0,0,0,999,0,0,0,11,11,6,2,12,0,0,0,1,45,29137,6,1,0,0,3,0,71,198,1,1,0,3,0,4,2009,3,2011,0,0,0,0,0,1,2,98,1,2,2,1,20,3,1,17,1,1,1,89,1,0
45,450271,2,2,1,20,5,0,1,12,6,1,0,13,3,84,881,84881,66,2006,2HSCNSCR56C2,2,H,S,C,N,S,C,R,5,6,C,2,1,T,INTL,94I,TR,6,17,,8,0,0,940,D,,,6,928,,,,,00000,00,,64,1,3,27574,0327574,3,6,1,1,0,0,0,0,0,0,0,999,0,0,0,12,12,6,2,12,0,0,0,1,13,30741,6,1,6,0,3,0,67,310,98,0,0,0,0,0,0,0,0,0,0,0,0,0,1,2,98,1,1,2,1,20,3,1,17,1,1,1,88,0,0
45,450272,1,2,2,20,5,21,52,12,1,1,0,45,1,7,482,7482,31,2005,3D7KR28C25G7,3,D,7,K,R,2,8,C,2,5,G,7,0,T,DODG,SQ2,CW,5,17,,2,1605,1405,RPC,D,,,6,359,,,,C,5491,09,E,42,0,0,000000000,00000000000,0,0,0,1,0,0,0,0,0,0,0,55,0,0,0,12,12,2,3,12,0,0,0,1,45,29472,6,1,0,0,3,0,68,200,0,0,0,0,0,0,0,0,0,1,0,0,0,0,3,2,55,1,2,2,1,0,0,1,78,1,1,1,24,0,1
45,450272,2,2,1,20,5,21,52,12,1,1,0,45,1,98,709,98709,81,2009,999999999999,9,9,9,9,9,9,9,9,9,9,9,9,0,,,,,,,,,,,,,,,,,,,,,,,,,0,0,000000000,00000000000,0,0,0,1,0,0,0,0,0,0,0,25,0,0,0,6,6,6,2,12,0,0,0,1,45,29455,6,1,0,0,3,0,64,120,0,0,0,0,0,0,0,0,0,0,0,0,0,0,3,2,55,1,2,2,1,0,0,1,53,1,1,1,25,1,1
45,450273,1,1,2,21,5,17,30,32,0,1,0,45,1,12,16,12016,4,2000,2FAFP71W6YX1,2,F,A,F,P,7,1,W,6,Y,X,1,0,P,FORD,CVP,4D,0,17,3946,,0,1147,,G,,F,8,281,,,16R225,,,,,,0,0,000000000,00000000000,0,0,0,1,0,0,0,0,0,0,0,70,0,0,0,12,12,6,2,42,0,0,0,1,45,29812,6,1,0,0,3,3,74,190,0,1,0,0,0,3,2009,3,2009,1,0,0,0,0,1,2,45,2,1,2,1,0,0,14,13,1,1,4,1,1,1
45,450274,1,1,2,21,5,2,20,59,0,1,0,45,1,53,705,53705,80,2002,JS1GN7BA5221,J,S,1,G,N,7,B,A,5,2,2,1,0,M,SUZI,G60,RC,2,17,,,,,,,599,,4,,4,359,,,,,,,0,0,000000000,00000000000,0,0,0,1,0,0,0,0,0,0,0,65,0,0,0,12,12,6,2,59,0,0,0,1,45,29692,6,1,0,0,3,0,70,160,0,0,0,0,1,7,2008,7,2008,1,28,0,0,0,2,2,65,3,2,2,1,0,0,14,6,1,4,4,7,2,1
45,450275,1,1,1,21,5,6,0,30,0,1,0,45,1,20,37,20037,4,1997,1G1NE52M8VY1,1,G,1,N,E,5,2,M,8,V,Y,1,0,P,CHEV,M/L,4D,97,17,3077,,0,1070,,G,,F,6,191,,,15R215,,,,,,0,0,000000000,00000000000,0,0,0,1,0,0,0,0,0,0,0,55,0,0,0,10,10,6,2,42,0,0,0,1,45,29730,6,1,0,0,3,0,73,178,0,0,0,0,0,0,0,0,0,0,28,0,0,0,1,2,55,2,1,2,1,0,0,14,13,1,1,4,1,1,1
45,450276,1,2,1,20,5,21,23,12,2,1,0,45,1,72,706,72706,80,2008,1HD1FB4178Y6,1,H,D,1,F,B,4,1,7,8,Y,6,0,M,HD,FHR,RS,8,17,,,,,,,1584,,2,,4,777,,,,,,,0,0,000000000,00000000000,0,0,0,1,0,0,0,0,0,0,0,999,0,0,0,12,12,6,2,12,0,0,0,1,45,29485,6,1,0,0,3,0,72,210,0,0,0,1,1,12,2008,2,2009,0,0,0,0,0,1,2,55,1,1,2,1,0,0,1,62,1,1,1,51,1,1
45,450276,2,2,1,20,5,21,23,12,2,1,0,45,1,63,401,63401,14,2001,KNDJB7236150,K,N,D,J,B,7,2,3,6,1,5,0,0,P,KIA,SPO,UT,1,17,3186,,0,1043,,G,,F,4,122,,,15R205,,,,,,0,0,000000000,00000000000,0,0,0,1,0,0,0,0,0,0,0,999,0,0,0,12,12,6,2,12,0,0,0,1,45,29432,1,1,5,0,2,0,69,155,0,1,0,3,0,10,2008,3,2011,0,0,0,0,0,1,2,55,1,1,2,1,0,0,1,54,1,1,2,50,0,1
45,450277,1,1,2,21,5,1,30,35,0,1,0,45,1,21,20,21020,4,1997,1G3WH52M0VF3,1,G,3,W,H,5,2,M,0,V,F,3,0,P,OLDS,SUL,4D,97,17,3388,,0,1075,,G,,F,6,191,,,16R215,,,,,,0,0,000000000,00000000000,0,0,0,1,0,0,0,0,0,0,0,45,0,0,0,12,12,0,3,35,0,0,0,1,45,29642,1,1,5,0,2,0,70,150,0,1,0,1,0,6,2009,11,2010,0,0,0,0,0,1,2,45,1,2,2,1,0,0,1,13,1,1,4,1,1,1
45,450278,1,1,1,22,5,13,10,35,0,1,0,45,1,72,706,72706,80,2009,1HD1FC4169Y6,1,H,D,1,F,C,4,1,6,9,Y,6,0,M,HD,FLU,RS,9,17,,,,,,,1584,,2,,4,889,,,,,,,0,0,000000000,00000000000,0,0,0,1,0,0,0,0,0,0,0,60,0,0,0,12,12,6,2,42,0,0,0,1,45,29406,6,1,0,0,3,0,69,225,0,0,0,0,0,0,0,0,0,0,28,0,0,0,2,2,60,1,1,2,1,0,0,1,13,1,1,4,1,1,1
45,450279,1,1,2,22,5,2,30,21,0,1,0,93,3,82,881,82881,66,2010,1FUJGLDR1ASA,1,F,U,J,G,L,D,R,1,A,S,A,1,T,FRHT,125,TR,10,17,,8,0,0,CSC,D,,,6,903,,,,,00000,00,,64,1,3,27574,0327574,3,6,1,1,0,0,0,0,0,0,0,999,0,0,0,12,12,6,2,21,0,0,0,1,13,30606,6,1,6,0,3,3,78,310,98,0,0,1,0,3,2010,3,2010,0,0,0,0,0,3,2,65,1,1,2,1,0,0,1,13,1,1,4,1,2,0
45,450280,1,2,1,22,5,1,30,12,6,1,0,45,1,72,706,72706,80,1998,1HD1CHP19WY2,1,H,D,1,C,H,P,1,9,W,Y,2,0,M,HD,20S,RS,98,17,,,,,,,1200,,2,,4,501,,,,,,,0,0,000000000,00000000000,0,0,0,1,0,0,0,0,0,0,0,40,0,0,0,12,12,6,2,12,0,0,0,1,45,29453,1,1,5,0,2,0,66,135,2,0,1,2,3,4,2009,10,2010,0,0,0,0,0,2,2,45,1,1,2,1,3,3,1,17,1,1,1,69,1,0
45,450280,2,2,3,22,5,1,30,12,6,1,0,45,2,12,422,12422,15,2002,1FMRU15L32LA,1,F,M,R,U,1,5,L,3,2,L,A,0,P,FORD,EPT,UT,2,17,4891,,0,1191,,G,,F,8,330,,,16R255,,,,,,0,0,000000000,00000000000,0,0,0,1,0,0,0,0,0,0,0,15,0,0,0,3,3,6,2,12,0,0,0,1,45,29585,6,2,0,0,3,0,72,155,0,0,0,0,0,0,0,0,0,0,38,0,0,0,2,2,45,1,1,2,1,3,3,11,17,1,1,1,68,0,1
45,450281,1,2,1,24,5,7,30,12,2,1,0,45,3,86,881,86881,66,2011,1M2AV02C9BM0,1,M,2,A,V,0,2,C,9,B,M,0,1,T,MACK,MRU,TB,11,17,,8,0,0,600,D,,,6,659,,,,,00000,00,,64,1,99,999999999,99999999999,3,6,7,1,0,0,0,0,0,0,0,55,0,0,0,12,12,6,2,12,0,0,0,1,45,29203,6,1,6,0,3,0,71,185,0,0,0,1,0,11,2009,11,2009,0,0,0,0,0,1,2,55,1,1,2,1,0,0,1,62,1,1,1,51,0,0
45,450281,2,2,1,24,5,7,30,12,2,1,0,45,1,20,471,20471,30,1999,1GCCS1443X81,1,G,C,C,S,1,4,4,3,X,8,1,0,T,CHEV,S14,PK,99,17,,1,1179,1083,S,G,,,4,133,,,,B,3015,01,,42,0,0,000000000,00000000000,0,0,0,1,0,0,0,0,0,0,0,55,0,0,0,12,12,6,2,12,0,0,0,1,45,29038,6,1,0,0,3,0,67,182,0,0,0,1,0,9,2010,9,2010,0,51,0,0,0,1,2,55,1,1,2,1,0,0,1,54,1,1,1,50,1,0
45,450282,1,1,1,24,5,2,40,34,0,1,0,45,2,22,20,22020,4,2007,2G2WP5523712,2,G,2,W,P,5,5,2,3,7,1,2,0,P,PONT,GRA,4D,7,17,3477,,0,1105,,G,,F,6,232,,,16R225,,,,,,0,0,000000000,00000000000,0,0,0,1,0,0,0,0,0,0,0,65,0,1,5,12,12,6,2,30,0,0,0,1,45,29483,1,1,5,0,2,0,68,196,0,0,0,0,0,0,0,0,0,1,0,0,0,0,1,2,45,3,1,2,1,0,0,14,12,1,1,4,6,1,1
45,450283,1,1,1,24,5,21,55,1,0,1,0,45,2,12,401,12401,14,1998,1FMYU24E9WUC,1,F,M,Y,U,2,4,E,9,W,U,C,0,P,FORD,EPR,UT,98,17,3919,,0,1017,,G,,F,6,245,,,15R225,,,,,,0,0,000000000,00000000000,0,0,0,1,0,0,0,0,0,0,0,60,0,1,6,0,98,6,2,1,0,0,0,1,45,29206,1,1,5,0,2,0,62,270,1,3,1,1,0,2,2009,11,2010,0,28,0,0,0,6,1,70,1,2,2,1,0,0,1,12,1,1,4,6,1,1
45,450284,1,1,2,24,5,10,0,34,0,1,0,45,1,14,401,14401,14,1997,4M2DU55P6VUJ,4,M,2,D,U,5,5,P,6,V,U,J,0,P,MERC,MOU,UT,97,17,0,,0,1120,,G,,F,8,302,,,15R235,,,,,,0,0,000000000,00000000000,0,0,0,1,0,0,0,0,0,0,0,49,0,0,0,12,12,6,2,42,0,0,0,1,45,29745,1,1,5,0,2,3,72,260,1,1,0,0,1,2,2010,3,2011,0,0,0,0,0,1,2,35,3,3,2,1,0,0,14,12,1,1,4,6,1,0
45,450285,1,2,1,25,5,6,26,12,2,1,0,45,3,84,881,84881,66,1999,2HSFLAEN7XC0,2,H,S,F,L,A,E,N,7,X,C,0,1,T,INTL,920,TR,99,17,,7,1850,1400,920,D,,,6,855,,,,,00000,00,,42,1,99,999999999,99999999999,3,6,97,1,0,0,0,0,0,0,0,55,0,0,0,12,12,6,2,12,0,0,0,1,45,29488,6,1,6,0,3,3,71,186,0,0,0,0,1,4,2011,4,2011,0,0,0,0,0,1,2,55,1,1,2,1,0,0,1,62,1,2,1,51,0,0
45,450285,2,2,1,25,5,6,26,12,2,1,0,45,1,35,47,35047,4,1997,1N4BU31D4VC2,1,N,4,B,U,3,1,D,4,V,C,2,0,P,NISS,AGS,4D,97,17,2756,,0,1031,,G,,F,4,146,,,15R205,,,,,,0,0,000000000,00000000000,0,0,0,1,0,0,0,0,0,0,0,55,0,0,0,12,12,6,2,12,0,0,0,1,45,29456,6,1,0,0,3,0,73,170,0,0,0,0,2,6,2010,8,2010,0,51,0,0,0,1,2,55,1,1,2,1,0,0,1,54,1,1,2,50,1,0
45,450286,1,2,1,25,5,12,0,12,2,1,0,45,1,6,54,6054,6,2004,2C8GM68494R5,2,C,8,G,M,6,8,4,9,4,R,5,0,P,CHRY,PIF,UT,4,17,4334,,0,1163,,G,,F,6,214,,,17R235,,,,,,0,0,000000000,00000000000,0,0,0,1,0,0,0,0,0,0,0,35,0,0,0,12,12,6,2,12,0,0,0,1,45,29303,6,1,0,0,3,0,73,197,0,0,0,0,0,0,0,0,0,0,0,0,0,0,1,2,35,2,3,2,1,0,0,14,62,1,1,1,51,0,0
45,450286,2,2,1,25,5,12,0,12,2,1,0,45,1,52,34,52034,4,1996,4A3AJ46G5TE4,4,A,3,A,J,4,6,G,5,T,E,4,0,P,MITS,GAS,4D,96,17,2755,,0,1037,,G,,F,4,143,,,14R185,,,,,,0,0,000000000,00000000000,0,0,0,1,0,0,0,0,0,0,0,50,0,0,0,12,12,6,2,12,0,0,0,1,45,29303,6,1,0,0,3,0,73,160,0,0,0,0,0,0,0,0,0,1,0,0,0,0,1,2,35,3,3,2,1,0,0,14,6,1,2,2,50,1,1
45,450287,1,1,1,26,5,22,55,42,0,1,0,22,1,35,50,35050,4,2010,3N1BC1CP0AL4,3,N,1,B,C,1,C,P,0,A,L,4,0,P,NISS,VSL,4H,10,17,2693,,0,1024,,G,,F,4,110,,,15R185,,,,,,0,0,000000000,00000000000,0,0,0,1,0,0,0,0,0,0,0,55,0,0,0,12,12,6,2,42,0,0,1,1,45,29936,6,1,0,0,3,0,71,190,0,0,0,0,0,0,0,0,0,0,28,0,0,0,1,2,55,3,1,2,1,0,0,14,12,1,1,4,6,1,0
45,450288,1,1,1,26,5,15,50,42,0,1,0,45,1,73,706,73706,80,2007,JKAZX4P167A0,J,K,A,Z,X,4,P,1,6,7,A,0,0,M,KAWK,ZXP,RC,7,17,,,,,,,599,,4,,4,368,,,,,,,0,0,000000000,00000000000,0,0,0,1,0,0,0,0,0,0,0,999,0,0,0,99,99,6,2,42,0,0,0,1,45,29070,6,1,0,0,3,0,72,140,0,0,0,0,0,0,0,0,0,1,0,0,0,0,1,2,55,1,1,2,1,0,0,1,13,1,1,4,1,1,1
45,450289,1,1,1,26,5,23,55,1,0,1,0,45,2,76,706,76706,80,2000,JYARN05E5YA0,J,Y,A,R,N,0,5,E,5,Y,A,0,0,M,YAMA,YFR,RC,0,17,,,,,,,998,,4,,4,999,,,,,,,0,0,000000000,00000000000,0,0,0,1,0,0,0,0,0,0,0,85,0,0,0,0,3,6,2,1,0,0,0,1,45,29164,0,0,0,0,0,0,999,999,99,99,99,99,99,99,9999,99,9999,1,8,0,0,0,1,2,55,1,1,2,2,0,0,1,19,3,1,1,98,1,1
45,450290,1,2,5,26,5,20,3,12,2,1,0,45,1,20,461,20461,21,1987,1GCGG35K0H71,1,G,C,G,G,3,5,K,0,H,7,1,0,T,CHEV,G30,CG,87,17,,2,0,1250,VAN,G,,,8,350,,,,D,4270,03,,42,0,0,000000000,00000000000,0,0,0,1,0,0,0,0,0,0,0,999,0,0,0,12,12,6,2,12,0,0,0,1,45,29745,6,1,0,0,3,0,71,155,0,0,0,0,0,0,0,0,0,0,0,0,0,0,2,2,45,1,1,2,1,0,0,1,62,1,1,1,51,0,0
45,450290,2,2,3,26,5,20,3,12,2,1,0,45,2,12,402,12402,14,2010,1FMCU0DG9AKA,1,F,M,C,U,0,D,G,9,A,K,A,0,P,FORD,SPE,UT,10,17,3355,,0,1031,,F,,F,6,183,,,16R235,,,,,,0,0,000000000,00000000000,0,0,0,1,0,0,0,0,0,0,0,999,0,0,0,12,12,6,2,12,0,0,0,1,45,29745,1,1,5,0,2,0,62,140,1,3,0,1,0,7,2009,6,2010,0,0,0,0,0,2,2,45,1,1,2,1,0,0,1,54,1,1,2,50,1,1
45,450291,1,1,1,27,5,4,30,1,0,1,0,45,2,49,40,49040,4,2000,4T1BG22K1YU9,4,T,1,B,G,2,2,K,1,Y,U,9,0,P,TOYT,UEX,4D,0,17,2998,,0,1051,,G,,F,4,132,,,14R195,,,,,,0,0,000000000,00000000000,0,0,0,1,0,0,0,0,0,0,0,65,0,1,5,0,98,6,2,2,0,0,1,1,45,29001,6,1,0,0,3,0,68,170,0,1,1,2,0,5,2009,10,2010,1,0,0,0,0,1,2,55,2,1,2,1,0,0,14,13,1,1,4,1,1,1
45,450292,1,1,1,28,5,0,20,34,0,1,0,45,1,24,9,24009,4,2007,1G8ZS57N97F1,1,G,8,Z,S,5,7,N,9,7,F,1,0,P,STRN,AXE,4D,7,17,3528,,0,1123,,G,,F,6,215,,,17R225,,,,,,0,0,000000000,00000000000,0,0,0,1,0,0,0,0,0,0,0,55,0,1,5,12,98,6,2,1,0,0,0,1,45,29827,6,1,0,0,3,0,62,145,0,0,0,0,0,0,0,0,0,0,0,0,0,0,1,2,55,1,1,2,1,0,0,1,13,1,1,4,1,1,1
45,450293,1,1,1,28,5,22,15,31,0,1,0,45,1,6,441,6441,20,1997,1C4GP54LXVB2,1,C,4,G,P,5,4,L,X,V,B,2,0,T,CHRY,TLX,ES,97,17,,1,0,1193,TWC,G,,,6,230,,,,,3973,00,,42,0,0,000000000,00000000000,0,0,0,1,0,0,0,0,0,0,0,85,0,1,5,12,98,6,2,1,0,0,1,1,45,29927,6,1,0,0,3,3,69,150,2,0,0,0,0,3,2009,1,2010,1,28,0,0,0,3,2,70,1,1,2,1,0,0,1,13,1,1,4,1,1,1
45,450294,1,1,2,28,5,21,25,8,0,1,0,45,1,49,402,49402,14,2000,JT3HP10VXY02,J,T,3,H,P,1,0,V,X,Y,0,2,0,P,TOYT,RV4,UT,0,17,2844,,0,949,,G,,F,4,122,,,16R215,,,,,,0,0,000000000,00000000000,0,0,0,1,0,0,0,0,0,0,0,50,0,0,0,2,2,2,3,8,0,0,0,1,45,29038,6,1,0,0,3,0,68,185,0,0,0,1,0,3,2009,3,2009,0,0,0,0,0,1,2,55,1,1,2,2,0,0,1,80,1,1,1,13,0,1
45,450295,1,2,1,28,5,21,52,12,6,1,0,37,1,73,706,73706,80,2000,JKAZX2E15YA0,J,K,A,Z,X,2,E,1,5,Y,A,0,0,M,KAWK,Z9E,RC,0,17,,,,,,,900,,4,,4,403,,,,,,,0,0,000000000,00000000000,0,0,0,1,0,0,0,0,0,0,0,30,0,0,0,3,3,6,2,12,0,0,0,1,37,27704,6,1,0,0,3,0,69,999,0,0,0,0,0,0,0,0,0,0,38,0,0,0,2,2,45,1,1,2,1,3,3,11,15,1,1,1,68,1,1
45,450295,2,2,2,28,5,21,52,12,6,1,0,37,2,2,407,2407,14,2009,1J4FT28A99D1,1,J,4,F,T,2,8,A,9,9,D,1,0,T,JEEP,SPO,4W,9,17,,1,0,1037,PRT,G,,,4,122,,,,,3108,00,E,42,0,0,000000000,00000000000,0,0,0,1,0,0,0,0,0,0,0,50,0,0,0,12,12,6,2,12,0,0,0,1,37,27804,6,1,0,0,3,0,74,999,0,1,0,0,4,12,2008,3,2011,0,0,0,0,0,2,2,45,1,1,2,1,3,3,1,17,1,1,1,69,0,0