STATE,ST_CASE,VEH_NO,VE_FORMS,NUMOCCS,DAY,MONTH,HOUR,MINUTE,HARM_EV,MAN_COLL,UNITTYPE,HIT_RUN,REG_STAT,OWNER,MAKE,MODEL,MAK_MOD,BODY_TYP,MOD_YEAR,VIN,VIN_1,VIN_2,VIN_3,VIN_4,VIN_5,VIN_6,VIN_7,VIN_8,VIN_9,VIN_10,VIN_11,VIN_12,TOW_VEH,VINTYPE,VINMAKE,VINA_MOD,VIN_BT,VINMODYR,VIN_LNGT,VIN_WGT,WGTCD_TR,WHLBS_LG,WHLBS_SH,SER_TR,FUELCODE,MCYCL_DS,CARBUR,CYLINDER,DISPLACE,MCYCL_CY,MCYCL_WT,TIRE_SZE,TON_RAT,TRK_WT,TRKWTVAR,VIN_REST,WHLDRWHL,J_KNIFE,MCARR_I1,MCARR_I2,MCARR_ID,GVWR,V_CONFIG,CARGO_BT,HAZ_INV,HAZ_PLAC,HAZ_ID,HAZ_CNO,HAZ_REL,BUS_USE,SPEC_USE,EMER_USE,TRAV_SP,UNDERIDE,ROLLOVER,ROLINLOC,IMPACT1,IMPACT2,DEFORMED,TOWED,M_HARM,VEH_SC1,VEH_SC2,FIRE_EXP,DR_PRES,L_STATE,DR_ZIP,L_STATUS,L_TYPE,CDL_STAT,L_ENDORS,L_COMPL,L_RESTRI,DR_HGT,DR_WGT,PREV_ACC,PREV_SUS,PREV_DWI,PREV_SPD,PREV_OTH,FIRST_MO,FIRST_YR,LAST_MO,LAST_YR,SPEEDREL,DR_SF1,DR_SF2,DR_SF3,DR_SF4,VTRAFWAY,VNUM_LAN,VSPD_LIM,VALIGN,VPROFILE,VPAVETYP,VSURCOND,VTRAFCON,VTCONT_F,P_CRASH1,P_CRASH2,P_CRASH3,PCRASH4,PCRASH5,ACC_TYPE,DEATHS,DR_DRINK
45,450296,1,1,1,29,5,4,20,42,0,1,0,45,1,72,706,72706,80,2007,1HD1BX5187Y0,1,H,D,1,B,X,5,1,8,7,Y,0,0,M,HD,FLF,RS,7,17,,,,,,,1584,,2,,4,694,,,,,,,0,0,000000000,00000000000,0,0,0,1,0,0,0,0,0,0,0,55,0,0,0,12,12,6,2,42,0,0,0,1,45,29627,6,1,0,0,3,0,70,196,0,0,0,0,0,0,0,0,0,0,0,0,0,0,1,2,35,1,3,2,1,20,3,1,13,1,1,4,1,1,1
45,450297,1,2,1,30,5,11,40,33,0,1,0,45,1,35,43,35043,4,2011,3N1AB6AP6BL6,3,N,1,A,B,6,A,P,6,B,L,6,0,P,NISS,SBL,4D,11,17,2862,,0,1057,,G,,F,4,122,,,16R205,,,,,,0,0,000000000,00000000000,0,0,0,1,0,0,0,0,0,0,0,45,0,0,0,10,10,6,2,12,0,0,0,1,45,29330,6,1,0,0,3,0,60,196,0,0,0,0,0,0,0,0,0,0,0,0,0,0,3,3,45,1,1,2,1,20,3,1,17,1,1,1,98,0,0
45,450297,2,2,2,30,5,11,40,33,0,1,0,45,2,35,39,35039,4,2000,JN1CA31D8YT7,J,N,1,C,A,3,1,D,8,Y,T,7,0,P,NISS,MGS,4D,0,17,3071,,0,1083,,G,,F,6,182,,,15R205,,,,,,0,0,000000000,00000000000,0,0,0,1,0,0,0,0,0,0,0,60,0,0,0,14,10,6,2,12,0,0,0,1,45,29205,1,1,5,0,2,0,69,185,0,0,0,0,0,0,0,0,0,0,8,0,0,0,3,3,45,1,1,2,1,21,3,4,17,1,1,4,98,2,0
45,450298,1,2,1,31,5,9,0,12,6,1,0,45,1,18,2,18002,4,1992,1G4HP53L7NH4,1,G,4,H,P,5,3,L,7,N,H,4,0,P,BUIC,LCF,4D,92,17,3417,,0,1108,,G,,F,6,231,,,15R205,,,,,,0,0,000000000,00000000000,0,0,0,1,0,0,0,0,0,0,0,35,0,0,0,9,9,6,2,12,0,0,0,1,45,29611,6,1,0,0,3,3,71,250,0,0,0,0,0,0,0,0,0,0,39,0,0,0,2,2,45,1,1,2,1,20,3,1,17,1,1,1,89,1,1
45,450298,2,2,1,31,5,9,0,12,6,1,0,45,1,82,881,82881,66,2000,1FUYSSEB4YLG,1,F,U,Y,S,S,E,B,4,Y,L,G,1,T,FRHT,FC2,TR,0,17,,8,0,0,CON,D,,,6,774,,,,,00000,00,,64,1,13,96602,1396602,3,6,1,1,0,0,0,0,0,0,0,40,0,0,0,12,12,2,1,12,0,0,0,1,45,29418,6,1,6,3,3,0,69,170,0,0,0,0,0,0,0,0,0,0,0,0,0,0,2,2,45,1,1,2,1,0,0,1,17,1,1,1,88,0,0
45,450299,1,1,1,1,6,0,44,42,0,1,0,45,1,22,16,22016,4,1994,1G2JB54H2R75,1,G,2,J,B,5,4,H,2,R,7,5,0,P,PONT,SLE,4D,94,17,2502,,0,1013,,G,,F,4,121,,,14R185,,,,,,0,0,000000000,00000000000,0,0,0,1,0,0,0,0,0,0,0,30,0,1,5,1,1,6,2,1,0,0,0,1,45,29544,6,1,0,0,3,0,74,170,0,0,0,0,0,0,0,0,0,0,99,99,99,99,1,2,30,1,2,2,1,0,0,1,13,1,1,4,1,1,0
45,450300,1,1,2,2,6,5,50,8,0,1,0,45,1,49,472,49472,30,2008,3TMJU62N18M0,3,T,M,J,U,6,2,N,1,8,M,0,0,T,TOYT,DCP,CW,8,17,,1,0,1278,TAC,G,,,6,244,,,,B,3855,00,U,42,0,0,000000000,00000000000,0,0,0,1,0,0,0,0,0,0,0,55,0,0,0,1,1,6,2,8,0,0,0,1,45,29379,6,1,0,0,3,3,67,225,0,0,0,0,0,0,0,0,0,0,0,0,0,0,1,2,55,1,2,2,1,0,0,1,80,1,1,1,13,0,0
45,450301,1,1,1,2,6,16,30,53,0,1,0,45,1,22,441,22441,20,2000,1GMDX13E7YD1,1,G,M,D,X,1,3,E,7,Y,D,1,0,T,PONT,LUX,ES,0,17,,1,0,1200,MON,G,,,6,207,,,,B,3942,00,K,42,0,0,000000000,00000000000,0,0,0,1,0,0,0,0,0,0,0,35,0,0,0,12,12,6,2,42,0,0,0,1,45,29801,1,1,5,0,2,0,66,225,5,1,0,0,1,8,2008,1,2011,0,28,0,0,0,1,2,35,1,2,2,1,0,0,1,13,1,1,4,1,1,0
45,450302,1,1,2,4,6,5,50,24,0,1,0,37,2,20,481,20481,31,2002,2GCEK19T5211,2,G,C,E,K,1,9,T,5,2,1,1,0,T,CHEV,SK1,4C,2,17,,2,1575,1435,SIL,G,,,8,325,,,,B,4910,02,,44,0,0,000000000,00000000000,0,0,0,1,0,0,0,0,0,0,0,65,0,0,0,12,12,6,2,25,0,0,0,1,37,28115,6,1,0,0,3,0,65,999,0,0,0,0,0,0,0,0,0,1,0,0,0,0,3,2,65,1,1,2,1,0,0,1,10,1,1,4,6,1,0
45,450303,1,2,2,4,6,10,30,12,6,1,0,45,1,41,35,41035,4,1993,JM1BG2265P06,J,M,1,B,G,2,2,6,5,P,0,6,0,P,MAZD,PLX,4D,93,17,2487,,0,984,,G,,F,4,112,,,14R185,,,,,,0,0,000000000,00000000000,0,0,0,1,0,0,0,0,0,0,0,60,0,0,0,12,12,6,2,12,0,0,0,1,45,29483,6,1,0,0,3,0,65,157,0,0,0,0,0,0,0,0,0,0,0,0,0,0,2,2,60,1,1,2,1,0,0,1,17,1,1,1,83,1,0
45,450303,2,2,1,4,6,10,30,12,6,1,0,45,1,49,472,49472,30,2007,5TETU62N87Z4,5,T,E,T,U,6,2,N,8,7,Z,4,0,T,TOYT,ACP,PC,7,17,,1,0,1278,TAC,G,,,6,244,,,,B,3460,00,U,42,0,0,000000000,00000000000,0,0,0,1,0,0,0,0,0,0,0,30,0,0,0,10,10,6,2,12,0,0,0,1,45,29445,6,1,0,0,3,3,66,173,0,0,0,0,0,0,0,0,0,0,38,0,0,0,2,2,60,1,1,2,1,20,3,11,15,1,1,1,82,0,0
45,450304,1,2,7,5,6,22,11,12,1,1,0,12,1,7,461,7461,21,1994,2B6HB21YXRK1,2,B,6,H,B,2,1,Y,X,R,K,1,0,T,DODG,B25,CG,94,17,,2,1276,1096,RMV,G,,,8,318,,,,C,3618,03,A,42,0,0,000000000,00000000000,0,0,0,1,0,0,0,0,0,0,0,40,0,0,0,6,6,6,2,12,0,0,0,1,12,33064,3,1,0,0,2,0,67,999,0,0,0,0,0,0,0,0,0,0,0,0,0,0,2,2,70,1,1,2,1,0,0,1,78,1,1,1,25,1,0
45,450304,2,2,2,5,6,22,11,12,1,1,0,37,1,49,482,49482,31,2005,5TBDT48135S4,5,T,B,D,T,4,8,1,3,5,S,4,0,T,TOYT,DBL,CW,5,17,,2,0,1283,TUN,G,,,8,285,,,,B,4800,02,U,44,0,0,000000000,00000000000,0,0,0,1,0,0,0,0,0,0,0,70,0,0,0,12,12,6,2,12,0,0,0,1,37,28739,6,1,0,0,3,3,65,999,0,0,0,0,0,0,0,0,0,0,0,0,0,0,2,2,70,1,1,2,1,0,0,1,51,1,1,1,24,1,0
45,450305,1,2,3,7,6,19,0,12,6,1,0,45,1,7,482,7482,31,1997,1B7HC13Z4VJ6,1,B,7,H,C,1,3,Z,4,V,J,6,0,T,DODG,150,PC,97,17,,2,1547,1387,RPC,G,,,8,360,,,,B,4379,01,M,42,0,0,000000000,00000000000,0,0,0,1,0,0,0,0,0,0,0,40,0,0,0,12,12,2,1,12,0,0,0,1,45,29115,6,1,0,0,3,0,73,265,3,0,0,1,0,12,2008,3,2011,0,0,0,0,0,1,2,45,1,2,2,1,0,0,1,17,1,1,1,83,0,0
45,450305,2,2,1,7,6,19,0,12,6,1,0,48,1,37,706,37706,80,1985,JH2MC1304FK0,J,H,2,M,C,1,3,0,4,F,K,0,0,M,HOND,CMX,RS,85,17,,,,,,,250,,2,,4,293,,,,,,,0,0,000000000,00000000000,0,0,0,1,0,0,0,0,0,0,0,5,0,0,0,9,9,6,2,12,0,0,0,1,48,79106,6,1,0,0,3,0,999,999,0,0,0,0,0,0,0,0,0,0,38,0,0,0,1,2,45,1,2,2,1,20,3,11,15,1,1,1,82,1,0
45,450306,1,2,1,7,6,15,20,12,6,1,0,45,2,12,15,12015,4,1991,1FAPP35X2MK1,1,F,A,P,P,3,5,X,2,M,K,1,0,P,FORD,TPL,4D,91,17,0,,0,999,,G,,F,4,140,,,14R185,,,,,,0,0,000000000,00000000000,0,0,0,1,0,0,0,0,0,0,0,25,0,0,0,2,2,6,2,12,0,0,0,1,45,29365,6,1,0,0,3,3,63,165,0,0,0,0,0,0,0,0,0,0,39,0,0,0,1,2,25,1,1,2,1,20,3,1,17,1,1,1,88,1,0
45,450306,2,2,1,7,6,15,20,12,6,1,0,45,1,2,404,2404,14,2004,1J4GW48S44C2,1,J,4,G,W,4,8,S,4,4,C,2,0,T,JEEP,LCF,4W,4,17,,1,0,1059,GCK,G,,,6,244,,,,,3888,02,E,44,0,0,000000000,00000000000,0,0,0,1,0,0,0,0,0,0,0,25,0,0,0,11,11,6,2,12,0,0,0,1,45,29365,6,1,0,0,3,0,68,150,0,0,0,0,0,0,0,0,0,0,0,0,0,0,1,2,25,1,1,2,1,0,0,1,17,1,1,1,89,0,0
45,450307,1,1,1,8,6,5,14,33,0,1,0,45,1,2,405,2405,14,2003,1J4GL38K03W5,1,J,4,G,L,3,8,K,0,3,W,5,0,T,JEEP,RNG,4W,3,17,,1,0,1043,LIB,G,,,6,226,,,,,4049,00,E,44,0,0,000000000,00000000000,0,0,0,1,0,0,0,0,0,0,0,45,0,1,5,12,13,6,2,42,0,0,0,1,45,29708,6,1,0,0,3,0,71,140,0,0,0,1,1,9,2009,1,2010,1,28,0,0,0,2,2,45,1,1,2,1,3,3,1,13,1,1,4,1,1,1
45,450308,1,1,1,9,6,5,1,59,0,1,0,45,1,20,39,20039,4,2007,KL1TD56677B1,K,L,1,T,D,5,6,6,7,7,B,1,0,P,CHEV,ABS,4D,7,17,2531,,0,976,,G,,F,4,098,,,14R185,,,,,,0,0,000000000,00000000000,0,0,0,1,0,0,0,0,0,0,0,45,0,1,5,12,6,6,2,34,0,0,0,1,45,29690,6,1,0,0,3,0,69,123,0,0,0,0,0,0,0,0,0,0,0,0,0,0,1,2,45,1,2,2,1,0,0,1,13,1,1,4,1,1,1
45,450309,1,1,1,9,6,17,0,35,0,1,0,45,1,98,706,98706,80,2010,L37LMJFV3AZ0,L,3,7,L,M,J,F,V,3,A,Z,0,0,U,,,,10,17,,,,,,,,,,,,,,,,,,,0,0,000000000,00000000000,0,0,0,1,0,0,0,0,0,0,0,25,0,0,0,12,12,2,3,1,0,0,0,1,45,29075,6,1,0,0,3,0,72,149,0,0,0,0,0,0,0,0,0,0,28,0,0,0,1,2,55,1,1,2,1,0,0,1,13,1,1,4,1,1,0
45,450310,1,1,1,10,6,8,15,35,0,1,0,45,1,35,47,35047,4,2006,1N4AL11D46L2,1,N,4,A,L,1,1,D,4,6,L,2,0,P,NISS,ASL,4D,6,17,2915,,0,1102,,G,,F,4,153,,,16R215,,,,,,0,0,000000000,00000000000,0,0,0,1,0,0,0,0,0,0,0,55,0,0,0,12,12,6,2,42,0,0,0,1,45,29015,6,1,0,0,3,3,74,200,0,0,0,0,0,0,0,0,0,0,0,0,0,0,1,2,55,1,2,2,1,0,0,1,13,1,1,4,1,1,0
45,450311,1,1,1,10,6,23,0,34,0,1,0,45,1,20,481,20481,31,1986,1GCGC24MXGS1,1,G,C,G,C,2,4,M,X,G,S,1,0,T,CHEV,C20,PK,86,17,,2,1645,1315,C20,G,,,8,350,,,,C,3420,18,,42,0,0,000000000,00000000000,0,0,0,1,0,0,0,0,0,0,0,45,0,1,5,12,12,6,2,1,0,0,0,1,45,29201,1,1,5,0,2,0,64,160,0,1,0,1,0,12,2010,5,2011,1,0,0,0,0,1,2,45,1,1,2,1,0,0,1,6,1,3,4,2,1,1
45,450312,1,2,1,11,6,22,10,12,6,1,0,45,1,20,9,20009,2,1986,1G1FP87H8GN1,1,G,1,F,P,8,7,H,8,G,N,1,0,P,CHEV,CAM,CP,86,17,2909,,0,1010,,G,,4,8,305,,,15R215,,,,,,0,0,000000000,00000000000,0,0,0,1,0,0,0,0,0,0,0,50,0,0,0,9,9,6,2,12,0,0,0,1,45,29550,6,1,0,0,3,3,75,190,0,0,0,1,2,11,2009,1,2010,0,0,0,0,0,1,2,55,1,1,2,1,20,3,1,17,1,1,1,89,0,0
45,450312,2,2,1,11,6,22,10,12,6,1,0,45,1,12,17,12017,4,1995,1FALP52U7SA3,1,F,A,L,P,5,2,U,7,S,A,3,0,P,FORD,TGS,4D,95,17,3118,,0,1060,,G,,F,6,182,,,15R205,,,,,,0,0,000000000,00000000000,0,0,0,1,0,0,0,0,0,0,0,5,0,0,0,12,12,6,2,12,0,0,0,1,45,29532,6,1,0,0,3,3,66,170,0,0,0,0,0,0,0,0,0,0,38,0,0,0,1,2,55,1,1,2,1,20,3,1,17,1,1,2,88,1,0
45,450313,1,1,1,11,6,17,35,42,0,1,0,12,1,82,881,82881,66,1995,1FUYDDYB2SP7,1,F,U,Y,D,D,Y,B,2,S,P,7,1,T,FRHT,FLD,TR,95,17,,8,0,0,CON,D,,,6,855,,,,,00000,00,,64,1,99,999999999,99999999999,3,6,1,1,0,0,0,0,0,0,0,70,0,1,5,99,98,6,2,2,0,0,1,1,12,33612,6,1,6,0,3,0,72,999,0,0,0,0,0,0,0,0,0,0,28,0,0,0,2,2,70,4,1,2,1,0,0,14,12,1,1,4,6,1,0
45,450314,1,1,1,11,6,20,50,24,0,1,0,45,1,37,705,37705,80,1983,1HFSC100XDA0,1,H,F,S,C,1,0,0,X,D,A,0,0,M,HOND,CB0,RS,83,17,,,,,,,1000,,4,,4,584,,,,,,,0,0,000000000,00000000000,0,0,0,1,0,0,0,0,0,0,0,55,0,0,0,12,12,6,2,24,0,0,0,1,45,29593,6,1,0,0,3,3,73,200,0,0,0,0,0,0,0,0,0,1,0,0,0,0,1,2,55,2,1,2,1,0,0,14,13,1,1,4,1,1,1
45,450315,1,1,1,12,6,6,0,32,0,1,0,37,1,55,33,55033,4,2010,5NPET4AC5AH6,5,N,P,E,T,4,A,C,5,A,H,6,0,P,HYUN,SGL,4D,10,17,3292,,0,1074,,G,,F,4,144,,,16R215,,,,,,0,0,000000000,00000000000,0,0,0,1,0,0,0,0,0,0,0,45,0,0,0,12,12,6,2,42,0,0,0,1,45,29730,6,1,0,0,3,0,69,140,0,0,0,0,0,0,0,0,0,0,0,0,0,0,1,2,45,1,1,2,1,0,0,1,12,1,1,4,6,1,0
45,450316,1,1,1,12,6,0,10,53,0,1,0,45,1,73,706,73706,80,1996,JKBVNAC13TA0,J,K,B,V,N,A,C,1,3,T,A,0,0,M,KAWK,V5C,RS,96,17,,,,,,,1500,,2,,4,600,,,,,,,0,0,000000000,00000000000,0,0,0,1,0,0,0,0,0,0,0,65,0,0,0,12,12,6,2,32,0,0,0,1,45,29039,6,1,0,0,3,3,71,196,0,0,0,0,0,0,0,0,0,1,0,0,0,0,1,2,55,1,2,2,1,0,0,1,13,1,1,4,1,1,1
45,450317,1,1,1,12,6,23,40,42,0,1,0,45,1,14,17,14017,4,2002,1MEFM50U42A6,1,M,E,F,M,5,0,U,4,2,A,6,0,P,MERC,SGP,4D,2,17,3379,,0,1085,,G,,F,6,182,,,16R215,,,,,,0,0,000000000,00000000000,0,0,0,1,0,0,0,0,0,0,0,65,0,0,0,2,2,6,2,42,0,0,0,1,45,29812,6,1,0,0,3,0,71,190,0,0,0,2,0,3,2009,11,2010,1,0,0,0,0,1,2,55,1,1,2,1,0,0,1,13,1,1,4,1,1,1
45,450318,1,1,1,12,6,10,30,1,0,1,0,45,1,12,4,12004,2,1988,1FABP6045JH2,1,F,A,B,P,6,0,4,5,J,H,2,0,P,FORD,THU,2D,88,17,3215,,0,1042,,G,,F,6,232,,,14R215,,,,,,0,0,000000000,00000000000,0,0,0,1,0,0,0,0,0,0,0,55,0,1,5,0,98,6,2,1,0,0,0,1,45,29160,6,1,0,0,3,0,62,170,2,0,0,0,0,12,2008,2,2009,1,0,0,0,0,1,2,45,2,1,2,1,0,0,14,13,1,1,4,1,1,1
45,450319,1,2,1,13,6,0,35,12,2,1,0,1,2,35,43,35043,2,1995,1N4AB42DXSC5,1,N,4,A,B,4,2,D,X,S,C,5,0,P,NISS,2SE,CP,95,17,2381,,0,998,,G,,F,4,097,,,13R175,,,,,,0,0,000000000,00000000000,0,0,0,1,0,0,0,0,0,0,0,999,0,0,0,12,12,6,2,12,0,0,0,1,1,36832,6,1,0,0,3,0,70,195,0,0,0,0,0,0,0,0,0,0,0,0,0,0,2,2,40,1,1,2,1,0,0,1,62,1,1,1,51,1,0
45,450319,2,2,1,13,6,0,35,12,2,1,0,45,1,12,401,12401,14,2004,1FMZU62K94UB,1,F,M,Z,U,6,2,K,9,4,U,B,0,P,FORD,EPR,UT,4,17,4304,,0,1137,,F,,F,6,245,,,16R235,,,,,,0,0,000000000,00000000000,0,0,0,1,0,0,0,0,0,0,0,73,0,0,0,12,12,6,2,12,0,0,0,1,45,29609,0,0,0,0,0,0,999,999,99,99,99,99,99,99,9999,99,9999,0,0,0,0,0,2,2,40,1,1,2,1,0,0,1,54,1,1,2,50,0,1
45,450320,1,1,1,13,6,19,5,34,0,1,0,45,1,55,36,55036,3,1995,KMHVD14N4SU0,K,M,H,V,D,1,4,N,4,S,U,0,0,P,HYUN,ABL,2H,95,17,2163,,0,945,,G,,F,4,091,,,13R175,,,,,,0,0,000000000,00000000000,0,0,0,1,0,0,0,0,0,0,0,45,0,0,0,12,12,6,2,34,0,0,0,1,45,29661,0,0,0,0,0,0,999,999,99,99,99,99,99,99,9999,99,9999,1,0,0,0,0,1,2,35,2,2,2,2,0,0,14,6,1,3,4,2,1,1
45,450321,1,2,1,14,6,11,39,12,6,1,0,39,3,86,881,86881,66,2006,1M1AK06Y76N0,1,M,1,A,K,0,6,Y,7,6,N,0,1,T,MACK,CXN,TR,6,17,,8,0,0,600,D,,,6,728,,,,,00000,00,,64,1,9,0831,090831,3,6,2,2,2,1203,3,1,0,0,0,15,0,0,0,12,12,6,2,12,0,0,0,1,45,29691,6,1,6,3,3,3,69,265,0,0,0,1,0,11,2009,11,2009,0,0,0,0,0,1,2,55,1,1,2,1,20,3,1,17,1,1,1,88,0,0
45,450321,2,2,6,14,6,11,39,12,6,1,0,45,1,20,37,20037,4,1999,1G1NE52MXX61,1,G,1,N,E,5,2,M,X,X,6,1,0,P,CHEV,M/L,4D,99,17,3077,,0,1070,,G,,F,6,191,,,15R215,,,,,,0,0,000000000,00000000000,0,0,0,1,0,0,0,0,0,0,0,15,0,0,0,9,9,6,2,12,0,0,0,1,45,29684,6,1,0,0,3,0,64,120,0,0,0,0,0,0,0,0,0,0,38,0,0,0,1,2,35,1,1,2,1,20,3,1,17,1,1,1,89,2,0
45,450322,1,1,1,16,6,5,17,8,0,1,1,99,9,99,999,99999,99,9999,999999999999,9,9,9,9,9,9,9,9,9,9,9,9,0,,,,,,,,,,,,,,,,,,,,,,,,,0,0,000000000,00000000000,0,0,0,1,0,0,0,0,0,0,0,999,0,0,0,12,12,9,1,8,0,0,0,1,99,99999,9,9,99,9,9,9,999,999,99,99,99,99,99,99,9999,99,9999,0,0,0,0,0,1,2,35,1,1,2,2,0,0,1,80,1,1,1,13,0,0
45,450323,1,1,1,16,6,5,5,34,0,1,0,45,1,18,7,18007,4,2003,2G4WS52JX311,2,G,4,W,S,5,2,J,X,3,1,1,0,P,BUIC,CCU,4D,3,17,3368,,0,1090,,G,,F,6,191,,,15R205,,,,,,0,0,000000000,00000000000,0,0,0,1,0,0,0,0,0,0,0,40,0,1,5,2,2,6,2,34,0,0,0,1,45,29468,6,1,0,0,3,0,66,230,0,0,0,0,0,0,0,0,0,0,0,0,0,0,1,2,55,1,1,2,2,0,0,1,13,1,1,4,1,1,0
45,450324,1,2,1,17,6,13,0,12,2,1,0,45,1,14,3,14003,3,1993,6MPCT01Z8P86,6,M,P,C,T,0,1,Z,8,P,8,6,0,P,MERC,CAP,CV,93,17,2404,,0,947,,G,,F,4,098,,,14R185,,,,,,0,0,000000000,00000000000,0,0,0,1,0,0,0,0,0,0,0,40,0,0,0,12,12,6,2,12,0,0,0,1,45,29407,6,1,0,0,3,0,68,190,2,0,0,0,0,6,2009,8,2009,0,0,0,0,0,3,2,35,1,1,2,1,0,0,1,54,1,1,2,50,1,0
45,450324,2,2,1,17,6,13,0,12,2,1,0,45,1,12,401,12401,14,2003,1FMZU63K83ZA,1,F,M,Z,U,6,3,K,8,3,Z,A,0,P,FORD,EPR,UT,3,17,4094,,0,1137,,F,,F,6,245,,,16R235,,,,,,0,0,000000000,00000000000,0,0,0,1,0,0,0,0,0,0,0,35,0,0,0,12,12,6,2,12,0,0,0,1,45,29414,6,1,0,0,3,3,71,185,0,0,0,0,0,0,0,0,0,0,0,0,0,0,3,2,35,1,1,2,1,0,0,1,62,1,1,1,51,0,0
45,450325,1,2,1,17,6,17,0,12,2,1,0,45,1,18,2,18002,4,2000,1G4HR54KXYU3,1,G,4,H,R,5,4,K,X,Y,U,3,0,P,BUIC,LLF,4D,0,17,3591,,0,1122,,G,,F,6,231,,,15R215,,,,,,0,0,000000000,00000000000,0,0,0,1,0,0,0,0,0,0,0,45,0,0,0,12,12,6,2,12,0,0,0,1,45,29625,6,1,0,0,3,0,62,140,0,0,0,0,0,0,0,0,0,0,0,0,0,0,1,2,45,1,1,2,1,0,0,1,62,1,1,1,51,1,0
45,450325,2,2,1,17,6,17,0,12,2,1,0,45,1,23,471,23471,30,1991,1GTCT14Z9M85,1,G,T,C,T,1,4,Z,9,M,8,5,0,T,GMC,SON,PK,91,17,,1,1179,1083,SON,G,,,6,262,,,,B,4500,01,A,44,0,0,000000000,00000000000,0,0,0,1,0,0,0,0,0,0,0,999,0,0,0,12,12,6,2,12,0,0,0,1,45,29626,6,1,0,0,3,0,68,175,1,0,0,0,1,12,2010,12,2010,1,0,0,0,0,1,2,45,1,1,2,1,0,0,1,6,8,4,2,50,0,0
45,450326,1,1,5,19,6,17,0,1,0,1,0,45,1,23,401,23401,14,2005,1GKDS13S0521,1,G,K,D,S,1,3,S,0,5,2,1,0,T,GMC,ENV,4W,5,17,,1,0,1130,ENV,G,,,6,256,,,,B,4417,00,E,42,0,0,000000000,00000000000,0,0,0,1,0,0,0,0,0,0,0,70,0,1,3,0,98,6,2,1,0,0,0,1,45,29506,6,1,0,0,3,0,67,250,0,0,0,0,0,0,0,0,0,0,80,0,0,0,2,2,70,1,1,2,1,0,0,1,12,1,1,4,6,1,0
45,450327,1,1,1,19,6,0,20,8,0,1,0,45,1,20,401,20401,14,2002,1GNDT13S6222,1,G,N,D,T,1,3,S,6,2,2,2,0,P,CHEV,TRL,UT,2,17,4628,,0,1130,,G,,F,6,256,,,16R245,,,,,,0,0,000000000,00000000000,0,0,0,1,0,0,0,0,0,0,0,60,0,0,0,12,12,2,3,8,0,0,0,1,45,29440,6,1,0,0,3,0,66,170,0,0,0,1,0,7,2010,7,2010,0,0,0,0,0,2,2,60,1,1,2,1,0,0,1,80,1,1,1,13,0,0
45,450328,1,1,4,19,6,1,20,1,0,1,0,45,1,59,34,59034,4,2000,JT8BD68S9Y01,J,T,8,B,D,6,8,S,9,Y,0,1,0,P,LEXS,GS3,4D,0,17,3638,,0,1102,,G,,F,6,183,,,16R215,,,,,,0,0,000000000,00000000000,0,0,0,1,0,0,0,0,0,0,0,72,0,1,5,0,98,6,2,1,0,0,0,1,45,29584,6,1,0,0,3,3,69,200,0,1,0,0,0,5,2010,5,2010,0,28,0,0,0,1,2,55,1,1,2,1,0,0,1,13,1,1,4,1,1,1
45,450329,1,1,2,20,6,7,45,10,0,1,0,45,3,12,881,12881,63,1990,1FDXR72P3LVA,1,F,D,X,R,7,2,P,3,L,V,A,1,T,FORD,N7M,CC,90,17,,7,2580,1380,CON,D,,,6,401,,,,KN,00000,00,A,42,1,99,999999999,99999999999,3,4,3,1,0,0,0,0,0,0,0,5,0,1,5,3,3,6,2,10,0,0,0,1,45,29520,6,1,6,3,3,0,70,180,0,0,0,0,0,0,0,0,0,0,38,0,0,0,1,2,25,1,2,2,1,65,3,1,91,99,1,1,98,2,0
45,450330,1,1,2,20,6,4,55,1,0,1,0,42,1,62,401,62401,14,2002,SALTY15492A7,S,A,L,T,Y,1,5,4,9,2,A,7,0,T,LNDR,DSE,4W,2,17,,2,0,1000,DIS,G,,,8,241,,,,,4630,00,E,44,0,0,000000000,00000000000,0,0,0,1,0,0,0,0,0,0,0,70,0,1,5,0,98,6,2,1,0,0,0,1,42,18370,6,1,0,0,3,0,69,999,0,0,0,0,0,0,0,0,0,0,28,0,0,0,3,2,70,1,1,2,1,0,0,1,9,7,3,4,2,1,0
45,450331,1,2,5,20,6,16,4,12,1,1,0,45,1,20,16,20016,4,1999,1G1JC5244X72,1,G,1,J,C,5,2,4,4,X,7,2,0,P,CHEV,CAV,4D,99,17,2676,,0,1041,,G,,F,4,133,,,14R195,,,,,,0,0,000000000,00000000000,0,0,0,1,0,0,0,0,0,0,0,15,0,0,0,6,6,6,2,12,0,0,0,1,45,29330,0,0,0,0,0,0,999,999,99,99,99,99,99,99,9999,99,9999,0,80,0,0,0,3,3,70,1,1,2,1,0,0,1,78,1,1,1,25,1,0
45,450331,2,2,2,20,6,16,4,12,1,1,0,48,1,35,473,35473,31,2005,1N6BA07AX5N5,1,N,6,B,A,0,7,A,X,5,N,5,0,T,NISS,TXS,CW,5,17,,2,0,1398,TTN,F,,,8,342,,,,C,4875,03,E,42,0,0,000000000,00000000000,0,0,0,1,0,0,0,0,0,0,0,70,0,0,0,12,12,6,2,12,0,0,0,1,48,78801,6,1,0,0,3,0,999,999,99,99,99,99,99,99,9999,99,9999,1,0,0,0,0,3,3,70,1,1,2,1,0,0,1,51,1,1,1,24,0,0