STATE,ST_CASE,VEH_NO,VE_FORMS,NUMOCCS,DAY,MONTH,HOUR,MINUTE,HARM_EV,MAN_COLL,UNITTYPE,HIT_RUN,REG_STAT,OWNER,MAKE,MODEL,MAK_MOD,BODY_TYP,MOD_YEAR,VIN,VIN_1,VIN_2,VIN_3,VIN_4,VIN_5,VIN_6,VIN_7,VIN_8,VIN_9,VIN_10,VIN_11,VIN_12,TOW_VEH,VINTYPE,VINMAKE,VINA_MOD,VIN_BT,VINMODYR,VIN_LNGT,VIN_WGT,WGTCD_TR,WHLBS_LG,WHLBS_SH,SER_TR,FUELCODE,MCYCL_DS,CARBUR,CYLINDER,DISPLACE,MCYCL_CY,MCYCL_WT,TIRE_SZE,TON_RAT,TRK_WT,TRKWTVAR,VIN_REST,WHLDRWHL,J_KNIFE,MCARR_I1,MCARR_I2,MCARR_ID,GVWR,V_CONFIG,CARGO_BT,HAZ_INV,HAZ_PLAC,HAZ_ID,HAZ_CNO,HAZ_REL,BUS_USE,SPEC_USE,EMER_USE,TRAV_SP,UNDERIDE,ROLLOVER,ROLINLOC,IMPACT1,IMPACT2,DEFORMED,TOWED,M_HARM,VEH_SC1,VEH_SC2,FIRE_EXP,DR_PRES,L_STATE,DR_ZIP,L_STATUS,L_TYPE,CDL_STAT,L_ENDORS,L_COMPL,L_RESTRI,DR_HGT,DR_WGT,PREV_ACC,PREV_SUS,PREV_DWI,PREV_SPD,PREV_OTH,FIRST_MO,FIRST_YR,LAST_MO,LAST_YR,SPEEDREL,DR_SF1,DR_SF2,DR_SF3,DR_SF4,VTRAFWAY,VNUM_LAN,VSPD_LIM,VALIGN,VPROFILE,VPAVETYP,VSURCOND,VTRAFCON,VTCONT_F,P_CRASH1,P_CRASH2,P_CRASH3,PCRASH4,PCRASH5,ACC_TYPE,DEATHS,DR_DRINK
45,450537,1,1,1,10,9,10,48,1,0,1,0,45,1,73,705,73705,80,1996,JKBVNAD1XTA0,J,K,B,V,N,A,D,1,X,T,A,0,0,M,KAWK,V5D,RS,96,17,,,,,,,1500,,2,,4,600,,,,,,,0,0,000000000,00000000000,0,0,0,1,0,0,0,0,0,0,0,45,0,0,0,0,12,2,3,1,0,0,0,1,45,29847,6,1,0,0,3,3,69,172,0,0,0,0,0,0,0,0,0,0,99,99,99,99,2,2,55,1,1,2,1,0,0,1,9,1,1,1,98,1,0
45,450538,1,1,1,25,9,10,5,34,0,1,0,45,2,73,705,73705,80,2005,JKAZX4J165A0,J,K,A,Z,X,4,J,1,6,5,A,0,0,M,KAWK,ZXJ,RC,5,17,,,,,,,600,,4,,4,377,,,,,,,0,0,000000000,00000000000,0,0,0,1,0,0,0,0,0,0,0,70,0,0,0,12,12,6,2,53,0,0,0,1,45,29596,6,1,0,0,3,3,75,180,0,0,0,0,0,0,0,0,0,1,0,0,0,0,1,2,30,3,1,2,1,0,0,14,12,1,1,4,6,1,0
45,450539,1,1,1,25,9,20,47,8,0,1,0,37,1,49,402,49402,14,2002,JTEHH20V1260,J,T,E,H,H,2,0,V,1,2,6,0,0,P,TOYT,RV4,UT,2,17,2877,,0,980,,G,,F,4,122,,,16R215,,,,,,0,0,000000000,00000000000,0,0,0,1,0,0,0,0,0,0,0,45,0,0,0,12,12,6,2,8,0,0,0,1,37,27705,6,1,0,0,3,3,68,999,0,0,0,0,0,0,0,0,0,0,0,0,0,0,2,2,45,1,1,2,1,0,0,1,80,1,1,1,13,0,0
45,450540,1,2,1,25,9,13,55,12,6,1,0,45,1,12,37,12037,4,2005,1FAFP34N55W2,1,F,A,F,P,3,4,N,5,5,W,2,0,P,FORD,ZX4,4D,5,17,2677,,0,1030,,G,,F,4,122,,,15R195,,,,,,0,0,000000000,00000000000,0,0,0,1,0,0,0,0,0,0,0,45,0,0,0,12,12,6,2,12,0,0,0,1,45,29464,6,1,0,0,3,0,70,180,1,0,0,0,0,6,2011,6,2011,0,0,0,0,0,2,2,45,1,1,2,1,0,0,1,17,1,1,1,88,0,0
45,450540,2,2,2,25,9,13,55,12,6,1,0,45,1,6,442,6442,20,2000,1C4GJ44R1YB7,1,C,4,G,J,4,4,R,1,Y,B,7,0,T,CHRY,GSE,ES,0,17,,1,0,1193,VOV,G,,,6,201,,,,,3863,00,,42,0,0,000000000,00000000000,0,0,0,1,0,0,0,0,0,0,0,10,0,1,5,9,9,6,2,12,0,0,0,1,45,29585,6,1,0,0,3,0,78,230,0,0,0,0,0,0,0,0,0,0,38,0,0,0,2,2,45,1,1,2,1,20,3,1,17,1,1,1,89,1,0
45,450541,1,2,1,27,9,8,55,12,6,1,0,28,3,85,881,85881,66,2011,1XKWD49X0BJ2,1,X,K,W,D,4,9,X,0,B,J,2,1,T,KW,W90,TR,11,17,,8,2850,1600,CON,D,,,6,915,,,,,00000,00,,64,1,10,16910,1016910,3,6,3,1,0,0,0,0,0,0,0,60,0,0,0,12,12,6,2,12,0,0,0,1,28,39565,6,1,6,0,3,0,70,190,0,0,0,0,0,0,0,0,0,0,39,0,0,0,2,2,60,1,1,2,1,3,3,1,17,1,1,1,86,0,0
45,450541,2,2,1,27,9,8,55,12,6,1,0,45,1,7,442,7442,20,2003,1D4GP45353B2,1,D,4,G,P,4,5,3,5,3,B,2,0,P,DODG,CAR,SV,3,17,3883,,0,1133,,F,,F,6,201,,,15R215,,,,,,0,0,000000000,00000000000,0,0,0,1,0,0,0,0,0,0,0,15,0,0,0,4,4,6,2,12,0,0,0,1,45,29040,6,1,0,0,3,0,64,110,0,0,0,0,0,0,0,0,0,0,0,0,0,0,2,2,35,1,1,2,1,3,3,1,17,1,1,1,87,1,0
45,450542,1,2,2,27,9,8,17,12,2,1,0,45,1,12,481,12481,31,2001,1FTRX17LX1NA,1,F,T,R,X,1,7,L,X,1,N,A,0,T,FORD,F15,4C,1,17,,2,1571,1385,COF,G,,,8,330,,,,B,4204,05,U,42,0,0,000000000,00000000000,0,0,0,1,0,0,0,0,0,0,0,55,0,0,0,12,12,6,2,12,0,0,0,1,45,29924,6,1,0,0,3,0,69,165,0,0,0,0,0,0,0,0,0,0,51,0,0,0,1,2,55,3,2,2,1,0,0,14,54,1,1,2,50,1,0
45,450542,2,2,1,27,9,8,17,12,2,1,0,45,1,41,37,41037,4,2000,1YVGF22C1Y51,1,Y,V,G,F,2,2,C,1,Y,5,1,0,P,MAZD,U6X,4D,0,17,2864,,0,1051,,G,,F,4,122,,,15R185,,,,,,0,0,000000000,00000000000,0,0,0,1,0,0,0,0,0,0,0,50,0,0,0,12,12,6,2,12,0,0,0,1,45,29412,6,1,0,0,3,0,72,207,0,0,0,0,0,0,0,0,0,0,0,0,0,0,1,2,55,2,2,2,1,0,0,14,62,1,1,2,51,0,0
45,450543,1,1,3,29,9,19,30,8,0,1,0,37,2,7,402,7402,14,1999,1B4HS28Y6XF6,1,B,4,H,S,2,8,Y,6,X,F,6,0,P,DODG,DUR,UT,99,17,4397,,0,1159,,G,,F,8,318,,,15R235,,,,,,0,0,000000000,00000000000,0,0,0,1,0,0,0,0,0,0,0,40,0,0,0,12,12,2,3,8,0,0,0,1,37,28383,6,1,0,0,3,3,64,999,0,0,0,0,0,0,0,0,0,0,0,0,0,0,2,3,45,1,1,2,1,0,0,1,81,1,1,1,13,0,0
45,450544,1,1,1,29,9,23,0,8,0,1,0,45,1,6,54,6054,6,2004,2C4GM68404R6,2,C,4,G,M,6,8,4,0,4,R,6,0,P,CHRY,PIF,UT,4,17,4334,,0,1163,,G,,F,6,214,,,17R235,,,,,,0,0,000000000,00000000000,0,0,0,1,0,0,0,0,0,0,0,45,0,0,0,12,12,6,2,8,0,0,0,1,45,29016,6,1,0,0,3,0,65,180,1,0,0,1,1,6,2009,3,2010,0,0,0,0,0,1,2,45,2,2,2,1,0,0,14,80,6,1,2,13,0,0
45,450545,1,1,3,29,9,15,47,8,0,1,0,45,1,35,47,35047,4,2005,1N4AL11D25C3,1,N,4,A,L,1,1,D,2,5,C,3,0,P,NISS,ASL,4D,5,17,2915,,0,1102,,G,,F,4,153,,,16R215,,,,,,0,0,000000000,00000000000,0,0,0,1,0,0,0,0,0,0,0,999,0,0,0,2,2,2,1,8,0,0,0,1,45,29720,6,1,0,0,3,0,66,180,0,0,0,0,0,0,0,0,0,0,0,0,0,0,1,2,99,1,3,2,1,23,3,1,80,1,1,1,13,0,0
45,450546,1,2,2,29,9,7,40,12,6,1,0,45,2,12,35,12035,4,2000,1FAFP6635YK1,1,F,A,F,P,6,6,3,5,Y,K,1,0,P,FORD,CSE,4D,0,17,2769,,0,1065,,G,,F,4,121,,,14R185,,,,,,0,0,000000000,00000000000,0,0,0,1,0,0,0,0,0,0,0,5,0,0,0,9,9,6,2,12,0,0,0,1,45,29168,6,2,0,0,3,3,62,92,0,0,0,0,0,0,0,0,0,0,38,0,0,0,1,2,45,1,1,2,1,20,3,11,15,1,1,1,82,1,0
45,450546,2,2,1,29,9,7,40,12,6,1,0,45,1,20,401,20401,14,1996,3GNEK18RXTG1,3,G,N,E,K,1,8,R,X,T,G,1,0,P,CHEV,KTA,UT,96,17,4741,,0,1115,,G,,F,8,350,,,16R245,,,,,,0,0,000000000,00000000000,0,0,0,1,0,0,0,0,0,0,0,45,0,0,0,12,12,6,2,12,0,0,0,1,45,29154,6,1,0,0,3,0,71,170,1,0,0,0,0,2,2009,2,2009,0,0,0,0,0,2,2,45,2,1,2,1,0,0,14,54,1,1,1,83,0,0
45,450547,1,2,1,30,9,16,30,12,6,1,0,45,1,12,401,12401,14,2000,1FMDU62X1YUB,1,F,M,D,U,6,2,X,1,Y,U,B,0,P,FORD,EPR,UT,0,17,3865,,0,1116,,G,,F,6,245,,,15R235,,,,,,0,0,000000000,00000000000,0,0,0,1,0,0,0,0,0,0,0,30,0,1,5,9,9,6,2,1,0,0,0,1,45,29649,6,1,0,0,3,3,72,212,0,0,0,0,0,0,0,0,0,0,0,0,0,0,1,2,45,1,1,2,1,0,0,1,17,1,1,1,89,1,0
45,450547,2,2,1,30,9,16,30,12,6,1,0,45,1,63,33,63033,4,2009,KNAFE2218956,K,N,A,F,E,2,2,1,8,9,5,6,0,P,KIA,SXC,4D,9,17,2701,,0,1028,,G,,F,4,122,,,15R195,,,,,,0,0,000000000,00000000000,0,0,0,1,0,0,0,0,0,0,0,25,0,0,0,12,12,6,2,12,0,0,0,1,45,29646,6,1,0,0,3,0,72,180,0,0,0,1,0,12,2010,12,2010,0,39,0,0,0,1,2,45,1,1,2,1,20,3,1,17,1,1,1,88,0,0
45,450548,1,2,1,30,9,13,15,12,6,1,0,45,1,12,17,12017,4,2000,1FAFP53U7YA2,1,F,A,F,P,5,3,U,7,Y,A,2,0,P,FORD,TSE,4D,0,17,3333,,0,1085,,G,,F,6,182,,,16R215,,,,,,0,0,000000000,00000000000,0,0,0,1,0,0,0,0,0,0,0,5,0,0,0,9,9,6,2,12,0,0,0,1,45,29670,6,1,0,0,3,3,64,175,0,0,0,0,0,0,0,0,0,0,0,0,0,0,1,2,45,1,1,2,1,3,3,11,15,1,1,1,82,1,0
45,450548,2,2,2,30,9,13,15,12,6,1,0,45,1,2,405,2405,14,2008,1J8GP28K48W1,1,J,8,G,P,2,8,K,4,8,W,1,0,T,JEEP,SPR,4W,8,17,,1,0,1061,LIB,G,,,6,226,,,,,3985,00,R,42,0,0,000000000,00000000000,0,0,0,1,0,0,0,0,0,0,0,45,0,0,0,12,12,6,2,12,0,0,0,1,45,29621,6,1,0,0,3,0,64,110,0,0,0,0,0,0,0,0,0,0,39,0,0,0,2,3,45,1,1,2,1,3,3,1,17,1,1,1,83,0,0
45,450549,1,2,1,1,9,15,19,12,6,1,0,45,1,63,441,63441,20,2003,KNDUP1315364,K,N,D,U,P,1,3,1,5,3,6,4,0,P,KIA,SED,SV,3,17,4709,,0,1145,,G,,F,6,213,,,15R215,,,,,,0,0,000000000,00000000000,0,0,0,1,0,0,0,0,0,0,0,55,0,1,5,12,2,6,2,12,0,0,0,1,45,29388,6,1,0,0,3,0,73,260,0,0,0,0,0,0,0,0,0,0,0,0,0,0,2,2,55,1,1,2,1,0,0,15,50,1,1,1,98,0,0
45,450549,2,2,0,1,9,15,19,12,6,1,0,36,6,49,38,49038,4,1994,JT2EL46S0R04,J,T,2,E,L,4,6,S,0,R,0,4,0,P,TOYT,TSD,2D,94,17,1950,,0,937,,G,,F,4,089,,,13R145,,,,,,0,0,000000000,00000000000,0,0,0,1,0,0,0,0,0,0,0,0,0,0,0,8,8,6,2,12,0,0,0,0,0,99997,7,6,97,7,6,7,998,997,998,998,998,998,998,98,9998,98,9998,8,20,0,0,0,2,2,55,1,1,2,1,0,0,0,78,0,0,0,98,0,0
45,450550,1,2,1,26,9,0,35,12,7,1,0,45,2,12,481,12481,31,1981,1FTCF10E1BNA,1,F,T,C,F,1,0,E,1,B,N,A,0,T,FORD,F10,PK,81,17,,1,1330,1170,COF,G,,,6,300,,,,B,3264,01,,42,0,0,000000000,00000000000,0,0,0,1,0,0,0,0,0,0,0,65,0,1,1,2,2,6,2,12,0,0,0,1,45,29662,0,0,0,0,0,0,999,999,99,99,99,99,99,99,9999,99,9999,0,0,0,0,0,3,3,65,1,1,2,1,0,0,1,60,1,1,2,44,1,1
45,450550,2,2,1,26,9,0,35,12,7,1,0,45,1,12,422,12422,15,2002,1FMRU17W22LA,1,F,M,R,U,1,7,W,2,2,L,A,0,P,FORD,EPT,UT,2,17,4965,,0,1191,,G,,F,8,281,,,17R275,,,,,,0,0,000000000,00000000000,0,0,0,1,0,0,0,0,0,0,0,25,0,0,0,10,10,6,2,12,0,0,0,1,45,29063,6,1,0,0,3,0,63,175,1,0,0,0,0,6,2010,6,2010,0,0,0,0,0,3,3,65,1,1,2,1,0,0,16,53,1,1,2,45,0,1
45,450551,1,1,1,30,9,22,17,8,0,1,0,45,1,37,31,37031,4,1999,2HGEJ6615XH5,2,H,G,E,J,6,6,1,5,X,H,5,0,P,HOND,UCE,4D,99,17,2388,,0,1032,,G,,F,4,097,,,14R185,,,,,,0,0,000000000,00000000000,0,0,0,1,0,0,0,0,0,0,0,60,0,0,0,12,12,2,3,8,0,0,0,1,45,29621,6,1,0,0,3,0,70,160,0,0,0,1,0,10,2010,10,2010,0,0,0,0,0,1,2,99,1,3,2,1,0,0,1,80,1,1,1,13,0,1
45,450552,1,3,1,13,9,18,0,12,8,1,0,45,1,23,421,23421,15,2004,1GKEK13Z14R2,1,G,K,E,K,1,3,Z,1,4,R,2,0,T,GMC,YUK,4W,4,17,,2,0,1160,YUK,F,,,8,325,,,,B,5269,00,4,44,0,0,000000000,00000000000,0,0,0,1,0,0,0,0,0,0,0,40,0,0,0,9,9,0,1,12,0,0,0,1,45,29054,6,1,0,0,3,0,61,150,0,0,0,2,0,11,2009,12,2010,0,0,0,0,0,2,2,40,1,1,2,1,0,0,1,62,1,1,1,98,0,0
45,450552,2,3,2,13,9,18,0,12,8,1,0,45,1,49,43,49043,4,2006,4T1BK36B56U0,4,T,1,B,K,3,6,B,5,6,U,0,0,P,TOYT,UTS,4D,6,17,3490,,0,1071,,G,,F,6,213,,,15R205,,,,,,0,0,000000000,00000000000,0,0,0,1,0,0,0,0,0,0,0,40,0,0,0,12,12,6,2,12,0,0,0,1,45,29072,6,1,0,0,3,3,75,275,0,0,0,0,0,0,0,0,0,0,0,0,0,0,2,2,40,1,1,2,1,0,0,1,54,1,1,1,98,1,0
45,450552,3,3,1,13,9,18,0,12,8,1,0,45,1,23,481,23481,31,2008,1GTEK19038Z1,1,G,T,E,K,1,9,0,3,8,Z,1,0,T,GMC,SK1,4C,8,17,,2,1575,1339,SIE,F,,,8,323,,,,B,5226,02,4,44,0,0,000000000,00000000000,0,0,0,1,0,0,0,0,0,0,0,56,0,0,0,9,9,6,2,12,0,0,0,1,45,29072,6,1,0,0,3,0,73,260,0,0,0,1,0,12,2009,12,2009,0,0,0,0,0,2,2,40,1,1,2,1,0,0,1,54,1,1,2,98,0,0
45,450553,1,2,0,1,10,12,0,12,1,1,0,45,6,12,481,12481,31,2005,3FRNX65F95V1,3,F,R,N,X,6,5,F,9,5,V,1,0,T,FORD,F66,CC,5,17,,6,0,0,COF,D,,,6,359,,,,D,00000,00,,42,0,0,000000000,00000000000,0,0,0,1,0,0,0,0,0,0,0,0,0,0,0,6,6,6,2,12,0,0,0,0,0,99997,7,6,97,7,6,7,998,997,998,998,998,998,998,98,9998,98,9998,8,20,0,0,0,3,2,70,1,1,2,1,0,0,0,78,0,0,0,98,0,0
45,450553,2,2,1,1,10,12,0,12,1,1,0,12,1,23,481,23481,31,2008,3GTEC13C28G3,3,G,T,E,C,1,3,C,2,8,G,3,0,T,GMC,SC1,CW,8,17,,2,0,1435,SIE,G,,,8,293,,,,B,5148,00,4,42,0,0,000000000,00000000000,0,0,0,1,0,0,0,0,0,0,0,75,0,0,0,12,12,6,2,12,0,0,0,1,12,32937,6,1,0,0,3,3,78,999,0,0,0,0,0,0,0,0,0,1,0,0,0,0,3,2,70,1,1,2,1,0,0,1,11,1,1,4,98,0,0
45,450554,1,1,1,1,10,23,15,8,0,1,0,45,1,12,16,12016,4,1996,2FALP73W5TX2,2,F,A,L,P,7,3,W,5,T,X,2,0,P,FORD,CVI,4D,96,17,3780,,0,1144,,G,,F,8,281,,,15R215,,,,,,0,0,000000000,00000000000,0,0,0,1,0,0,0,0,0,0,0,45,0,0,0,2,2,2,1,8,0,0,0,1,45,29138,6,1,0,0,3,0,68,140,0,0,0,0,1,7,2011,7,2011,0,0,0,0,0,1,2,55,1,1,2,1,0,0,1,80,1,1,1,13,0,0
45,450555,1,1,5,1,10,7,11,57,0,1,0,13,1,23,401,23401,14,2002,1GKDS13S1224,1,G,K,D,S,1,3,S,1,2,2,4,0,T,GMC,ENV,4W,2,17,,1,0,1130,ENV,G,,,6,256,,,,B,4442,00,K,42,0,0,000000000,00000000000,0,0,0,1,0,0,0,0,0,0,0,70,0,1,3,12,12,6,2,1,0,0,0,1,13,30034,6,1,0,0,3,0,72,315,98,0,0,0,1,6,2011,6,2011,1,0,0,0,0,3,3,70,1,1,2,1,0,0,1,12,1,1,4,6,1,0
45,450556,1,3,1,6,4,10,25,12,1,1,0,45,1,18,2,18002,4,2002,1G4HP54K3241,1,G,4,H,P,5,4,K,3,2,4,1,0,P,BUIC,LCF,4D,2,17,3567,,0,1122,,G,,F,6,231,,,15R215,,,,,,0,0,000000000,00000000000,0,0,0,1,0,0,0,0,0,0,0,30,0,0,0,12,12,6,2,12,0,0,0,1,45,29204,6,1,0,0,3,0,63,151,0,0,0,0,0,0,0,0,0,0,26,0,0,0,1,2,30,1,1,2,1,0,0,1,51,1,1,1,24,0,0
45,450556,2,3,3,6,4,10,25,12,1,1,0,45,1,2,404,2404,14,1997,1J4GZ58SXVC5,1,J,4,G,Z,5,8,S,X,V,C,5,0,T,JEEP,LRT,4W,97,17,,1,0,1059,GCK,G,,,6,242,,,,,3700,02,E,44,0,0,000000000,00000000000,0,0,0,1,0,0,0,0,0,0,0,15,0,0,0,6,12,6,2,12,0,0,0,1,45,29203,6,1,0,0,3,0,66,275,0,0,0,0,0,0,0,0,0,0,0,0,0,0,1,2,30,1,1,2,1,0,0,10,16,1,1,2,27,1,0
45,450556,3,3,1,6,4,10,25,12,1,1,0,45,1,12,16,12016,4,1999,2FAFP71WXXX1,2,F,A,F,P,7,1,W,X,X,X,1,0,P,FORD,CVP,4D,99,17,3917,,0,1147,,G,,F,8,281,,,16R225,,,,,,0,0,000000000,00000000000,0,0,0,1,0,0,0,0,0,0,0,0,0,0,0,12,12,6,2,12,0,0,0,1,45,29404,6,1,0,0,3,3,73,285,0,0,0,0,0,0,0,0,0,0,0,0,0,0,1,2,60,1,1,2,1,20,3,5,78,1,1,1,98,0,0
45,450557,1,2,1,2,5,7,33,12,6,1,0,45,3,85,881,85881,66,1998,1XKDDR9X3WJ7,1,X,K,D,D,R,9,X,3,W,J,7,1,T,KW,T80,TR,98,17,,8,2600,1600,CON,D,,,6,774,,,,,00000,00,,64,1,4,58053,0458053,3,6,1,1,0,0,0,0,0,0,0,50,0,0,0,12,12,6,2,12,0,0,0,1,45,29108,6,1,6,0,3,0,70,240,0,0,0,0,1,7,2010,7,2010,1,0,0,0,0,1,2,45,4,1,2,1,0,0,14,68,1,1,1,88,0,0
45,450557,2,2,4,2,5,7,33,12,6,1,0,45,1,22,401,22401,14,2001,3G7DA03E61S5,3,G,7,D,A,0,3,E,6,1,S,5,0,P,PONT,AZT,UT,1,17,3779,,0,1083,,G,,F,6,207,,,15R215,,,,,,0,0,000000000,00000000000,0,0,0,1,0,0,0,0,0,0,0,20,0,0,0,9,9,6,2,12,0,0,0,1,45,29138,6,1,0,0,3,0,65,162,0,0,0,0,0,0,0,0,0,0,0,0,0,0,1,2,45,4,1,2,1,20,3,4,17,1,1,1,89,2,0
45,450558,1,2,1,6,6,5,0,12,6,1,0,45,1,20,20,20020,4,2000,2G1WL52J7Y12,2,G,1,W,L,5,2,J,7,Y,1,2,0,P,CHEV,LUM,4D,0,17,3330,,0,1075,,G,,F,6,191,,,15R205,,,,,,0,0,000000000,00000000000,0,0,0,1,0,0,0,0,0,0,0,24,0,0,0,10,10,6,2,12,0,0,0,1,45,29360,6,1,0,0,3,0,68,190,0,0,0,0,0,0,0,0,0,0,39,0,0,0,1,2,55,1,1,2,1,20,3,1,17,1,1,1,89,0,0
45,450558,2,2,1,6,6,5,0,12,6,1,0,45,1,49,40,49040,4,1987,JT2SV22E7H00,J,T,2,S,V,2,2,E,7,H,0,0,0,P,TOYT,CLE,4D,87,17,2810,,0,1024,,G,,F,4,122,,,14R185,,,,,,0,0,000000000,00000000000,0,0,0,1,0,0,0,0,0,0,0,44,0,0,0,12,12,6,2,12,0,0,0,1,45,29692,1,1,5,0,2,0,65,160,1,0,0,0,0,8,2009,8,2009,0,0,0,0,0,1,2,55,1,1,2,1,0,0,1,17,1,1,1,88,1,0
45,450559,1,4,1,30,7,11,24,12,6,1,0,39,3,51,881,51881,66,2003,4V4MC9UF13N3,4,V,4,M,C,9,U,F,1,3,N,3,1,T,VOLV,VNM,TR,3,17,,8,0,0,VVN,D,,,6,661,,,,,00000,00,,64,1,6,75382,0675382,3,6,1,1,0,0,0,0,0,0,0,60,0,0,0,9,9,6,2,12,0,0,0,1,13,30153,6,1,6,3,3,3,69,185,98,0,0,0,0,0,0,0,0,0,0,0,0,0,3,3,65,1,1,2,1,0,0,1,10,1,1,2,45,1,0
45,450559,2,4,2,30,7,11,24,12,6,1,0,45,1,49,401,49401,14,1998,JT3HN87R9W01,J,T,3,H,N,8,7,R,9,W,0,1,0,P,TOYT,RUN,UT,98,17,3940,,0,1053,,G,,F,6,206,,,16R265,,,,,,0,0,000000000,00000000000,0,0,0,1,0,0,0,0,0,0,0,60,0,0,0,12,12,6,2,12,0,0,0,1,45,29681,6,1,0,0,3,0,72,200,0,0,0,0,0,0,0,0,0,0,0,0,0,0,3,3,60,1,1,2,1,0,0,1,60,6,1,2,44,0,0
45,450559,3,4,1,30,7,11,24,12,6,1,0,45,1,49,482,49482,31,2011,5TFHW5F15BX1,5,T,F,H,W,5,F,1,5,B,X,1,0,T,TOYT,CRX,CW,11,17,,2,0,1457,TUN,F,,,8,348,,,,B,5645,00,7,44,0,0,000000000,00000000000,0,0,0,1,0,0,0,0,0,0,0,65,0,0,0,2,2,6,2,12,0,0,0,1,45,29702,6,1,0,0,3,0,70,180,0,0,0,1,0,6,2011,6,2011,0,0,0,0,0,3,3,60,1,1,2,1,0,0,1,60,6,1,2,98,1,0
45,450559,4,4,1,30,7,11,24,12,6,1,0,37,3,82,881,82881,66,2005,1FUJBBCG65LN,1,F,U,J,B,B,C,G,6,5,L,N,1,T,FRHT,ST2,TR,5,17,,8,0,0,CON,D,,,6,774,,,,,00000,00,,64,1,19,93795,1993795,3,6,3,1,0,0,0,0,0,0,0,65,0,0,0,12,12,6,2,12,0,0,0,1,37,28216,6,1,6,3,3,3,76,999,0,0,0,0,2,6,2011,6,2011,0,0,0,0,0,3,3,60,1,1,2,1,0,0,1,62,1,1,1,98,1,0
45,450560,1,1,2,30,7,20,40,35,0,1,0,45,2,23,421,23421,15,2001,1GKEK13T41J1,1,G,K,E,K,1,3,T,4,1,J,1,0,T,GMC,YUK,4W,1,17,,2,0,1160,YUK,G,,,8,325,,,,B,5113,00,K,44,0,0,000000000,00000000000,0,0,0,1,0,0,0,0,0,0,0,41,0,1,5,12,12,6,2,1,0,0,0,1,45,29646,6,1,0,0,3,0,71,175,1,0,0,0,1,4,2011,4,2011,0,0,0,0,0,1,2,55,1,2,2,1,0,0,1,13,7,1,4,1,1,0
45,450561,1,3,1,3,8,22,30,12,1,1,0,45,1,35,34,35034,2,1984,JN1HZ16S1EX0,J,N,1,H,Z,1,6,S,1,E,X,0,0,P,DATS,3X2,2H,84,17,0,,0,992,,G,,F,6,181,,,15R215,,,,,,0,0,000000000,00000000000,0,0,0,1,0,0,0,0,0,0,0,55,0,0,0,12,12,2,3,12,0,0,0,1,37,28227,6,1,0,0,3,0,999,999,99,99,99,99,99,99,9999,99,9999,0,0,0,0,0,1,2,45,1,1,2,1,0,0,1,52,1,1,1,24,0,1
45,450561,2,3,1,3,8,22,30,12,1,1,0,45,1,37,705,37705,80,2001,1HD1CGP101K1,1,H,D,1,C,G,P,1,0,1,K,1,0,M,HD,20C,RS,1,17,,,,,,,1200,,2,,4,491,,,,,,,0,0,000000000,00000000000,0,0,0,1,0,0,0,0,0,0,0,35,0,0,0,6,6,6,2,12,0,0,0,1,45,29456,6,1,0,0,3,0,71,175,0,0,0,0,0,0,0,0,0,0,0,0,0,0,1,2,45,1,1,2,1,0,0,2,78,1,1,1,25,1,1
45,450561,3,3,1,3,8,22,30,12,1,1,1,99,9,99,999,99999,99,9999,999999999999,9,9,9,9,9,9,9,9,9,9,9,9,0,,,,,,,,,,,,,,,,,,,,,,,,,0,0,000000000,00000000000,0,0,0,1,0,0,0,0,0,0,0,999,0,0,0,14,14,9,1,18,0,0,0,1,99,99999,9,9,99,9,9,9,999,999,99,99,99,99,99,99,9999,99,9999,0,0,0,0,0,1,2,45,1,1,2,1,0,0,1,90,1,1,1,98,0,0
45,450562,1,1,6,5,8,12,10,1,0,1,0,45,1,12,401,12401,14,1994,1FMDU32X5RUD,1,F,M,D,U,3,2,X,5,R,U,D,0,P,FORD,EPR,UT,94,17,3863,,0,1120,,G,,F,6,245,,,15R225,,,,,,0,0,000000000,00000000000,0,0,0,1,0,0,0,0,0,0,0,55,0,1,1,0,98,6,2,1,0,0,0,1,45,29113,6,1,0,0,3,0,66,229,0,2,0,0,0,7,2010,11,2010,1,0,0,0,0,1,2,55,1,1,2,1,0,0,1,1,7,1,1,98,2,0
45,450563,1,2,1,12,8,22,57,12,1,1,0,45,1,37,704,37704,80,1969,999999999999,9,9,9,9,9,9,9,9,9,9,9,9,0,,,,,,,,,,,,,,,,,,,,,,,,,0,0,000000000,00000000000,0,0,0,1,0,0,0,0,0,0,0,999,0,0,0,6,6,6,2,12,0,0,0,1,45,29335,6,1,0,0,3,3,67,160,0,0,0,0,0,0,0,0,0,0,0,0,0,0,1,2,55,1,3,1,1,0,0,2,78,1,1,1,25,1,0
45,450563,2,2,3,12,8,22,57,12,1,1,0,37,2,23,471,23471,30,1993,1GTCS19W1P05,1,G,T,C,S,1,9,W,1,P,0,5,0,T,GMC,SON,PC,93,17,,1,0,1229,SON,G,,,6,262,,,,B,00000,00,A,42,0,0,000000000,00000000000,0,0,0,1,0,0,0,0,0,0,0,999,0,0,0,12,12,6,2,12,0,0,0,1,37,28043,6,1,0,0,3,0,67,999,0,0,0,0,0,0,0,0,0,0,0,0,0,0,1,2,55,1,3,2,1,0,0,1,52,1,1,1,24,0,1