STATE,ST_CASE,VEH_NO,VE_FORMS,NUMOCCS,DAY,MONTH,HOUR,MINUTE,HARM_EV,MAN_COLL,UNITTYPE,HIT_RUN,REG_STAT,OWNER,MAKE,MODEL,MAK_MOD,BODY_TYP,MOD_YEAR,VIN,VIN_1,VIN_2,VIN_3,VIN_4,VIN_5,VIN_6,VIN_7,VIN_8,VIN_9,VIN_10,VIN_11,VIN_12,TOW_VEH,VINTYPE,VINMAKE,VINA_MOD,VIN_BT,VINMODYR,VIN_LNGT,VIN_WGT,WGTCD_TR,WHLBS_LG,WHLBS_SH,SER_TR,FUELCODE,MCYCL_DS,CARBUR,CYLINDER,DISPLACE,MCYCL_CY,MCYCL_WT,TIRE_SZE,TON_RAT,TRK_WT,TRKWTVAR,VIN_REST,WHLDRWHL,J_KNIFE,MCARR_I1,MCARR_I2,MCARR_ID,GVWR,V_CONFIG,CARGO_BT,HAZ_INV,HAZ_PLAC,HAZ_ID,HAZ_CNO,HAZ_REL,BUS_USE,SPEC_USE,EMER_USE,TRAV_SP,UNDERIDE,ROLLOVER,ROLINLOC,IMPACT1,IMPACT2,DEFORMED,TOWED,M_HARM,VEH_SC1,VEH_SC2,FIRE_EXP,DR_PRES,L_STATE,DR_ZIP,L_STATUS,L_TYPE,CDL_STAT,L_ENDORS,L_COMPL,L_RESTRI,DR_HGT,DR_WGT,PREV_ACC,PREV_SUS,PREV_DWI,PREV_SPD,PREV_OTH,FIRST_MO,FIRST_YR,LAST_MO,LAST_YR,SPEEDREL,DR_SF1,DR_SF2,DR_SF3,DR_SF4,VTRAFWAY,VNUM_LAN,VSPD_LIM,VALIGN,VPROFILE,VPAVETYP,VSURCOND,VTRAFCON,VTCONT_F,P_CRASH1,P_CRASH2,P_CRASH3,PCRASH4,PCRASH5,ACC_TYPE,DEATHS,DR_DRINK
45,450564,1,2,1,15,9,20,40,12,6,1,0,45,1,20,482,20482,31,2007,3GNFK12317G2,3,G,N,F,K,1,2,3,1,7,G,2,0,T,CHEV,KAV,CW,7,17,,2,0,1300,AVL,F,,,8,323,,,,B,5664,00,,44,0,0,000000000,00000000000,0,0,0,1,0,0,0,0,0,0,0,18,0,0,0,1,1,2,1,12,0,0,0,1,45,29073,6,1,0,0,3,3,73,165,0,0,0,4,0,2,2009,9,2011,0,38,0,0,0,2,2,45,1,2,2,2,0,0,11,15,1,1,1,68,0,0
45,450564,2,2,1,15,9,20,40,12,6,1,0,45,1,73,705,73705,80,2007,JKBZXNA117A0,J,K,B,Z,X,N,A,1,1,7,A,0,0,M,KAWK,X4A,RC,7,17,,,,,,,1352,,4,,4,386,,,,,,,0,0,000000000,00000000000,0,0,0,1,0,0,0,0,0,0,0,35,0,0,0,12,12,6,2,12,0,0,0,1,45,29072,6,1,0,0,3,0,72,190,1,0,0,0,0,10,2010,10,2010,0,0,0,0,0,2,2,45,1,2,2,2,0,0,1,62,1,1,1,69,1,1
45,450565,1,1,4,2,10,0,20,1,0,1,0,45,1,49,43,49043,4,1999,4T1BF18B3XU3,4,T,1,B,F,1,8,B,3,X,U,3,0,P,TOYT,UVS,4D,99,17,3340,,0,1071,,G,,F,6,183,,,15R205,,,,,,0,0,000000000,00000000000,0,0,0,1,0,0,0,0,0,0,0,999,0,1,5,0,98,6,2,1,0,0,0,1,45,29123,6,1,0,0,3,0,67,160,1,0,0,0,0,4,2009,4,2009,0,0,0,0,0,1,2,45,4,2,2,1,0,0,14,13,1,1,4,1,1,0
45,450566,1,1,1,2,10,14,25,1,0,1,0,45,1,72,706,72706,80,2011,1HD1GX417BC3,1,H,D,1,G,X,4,1,7,B,C,3,0,M,HD,FFB,RS,11,17,,,,,,,1584,,2,,4,634,,,,,,,0,0,000000000,00000000000,0,0,0,1,0,0,0,0,0,0,0,40,0,0,0,0,98,2,3,59,0,0,0,1,45,29720,6,1,0,0,3,0,71,170,0,0,0,0,0,0,0,0,0,1,28,0,0,0,1,2,40,2,3,2,1,0,0,14,13,1,1,4,1,1,1
45,450567,1,1,1,4,10,9,15,57,0,1,0,37,3,51,881,51881,66,2006,4V4NC9GH56N3,4,V,4,N,C,9,G,H,5,6,N,3,1,T,VOLV,VNL,TR,6,17,,8,0,0,VVN,D,,,6,732,,,,,00000,00,,64,1,54,861,54861,3,6,1,1,0,0,0,0,0,0,0,70,0,1,3,12,12,6,2,1,0,0,0,1,37,27858,6,1,6,0,3,3,68,999,0,0,0,1,1,2,2010,4,2011,0,28,0,0,0,3,2,70,1,1,2,1,0,0,1,9,6,4,4,7,1,0
45,450568,1,1,1,5,10,14,10,42,0,1,0,45,1,37,32,37032,4,1995,1HGCD5531SA0,1,H,G,C,D,5,5,3,1,S,A,0,0,P,HOND,ULE,4D,95,17,2809,,0,1069,,G,,F,4,132,,,14R185,,,,,,0,0,000000000,00000000000,0,0,0,1,0,0,0,0,0,0,0,65,0,0,0,12,12,6,2,42,0,0,0,1,45,29935,6,1,0,0,3,3,69,250,1,0,0,0,0,12,2009,12,2009,0,0,0,0,0,1,2,55,1,1,2,1,0,0,1,12,1,1,4,6,1,0
45,450569,1,1,1,5,10,14,15,35,0,1,0,45,1,35,472,35472,30,2001,1N6MD27T51C3,1,N,6,M,D,2,7,T,5,1,C,3,0,T,NISS,CSC,CW,1,17,,1,0,1161,FRT,G,,,6,201,,,,B,3770,00,U,42,0,0,000000000,00000000000,0,0,0,1,0,0,0,0,0,0,0,45,0,0,0,2,2,6,2,35,0,0,0,1,45,29160,6,1,0,0,3,3,69,155,0,0,0,1,0,7,2009,7,2009,0,28,58,0,0,1,2,45,1,1,2,1,0,0,1,13,1,1,4,1,1,1
45,450570,1,1,1,5,10,17,40,1,0,1,0,45,1,12,13,12013,4,1995,3FASP13J4SR1,3,F,A,S,P,1,3,J,4,S,R,1,0,P,FORD,EST,4D,95,17,2404,,0,984,,G,,F,4,113,,,14R175,,,,,,0,0,000000000,00000000000,0,0,0,1,0,0,0,0,0,0,0,53,0,1,5,0,13,6,2,2,0,0,1,1,45,29137,6,1,0,0,3,3,69,170,0,0,0,0,0,0,0,0,0,0,28,0,0,0,1,2,55,1,1,2,1,0,0,1,13,1,1,4,1,1,0
45,450571,1,1,2,6,10,15,20,19,0,1,0,45,1,20,16,20016,4,2000,1G1JF5241Y71,1,G,1,J,F,5,2,4,1,Y,7,1,0,P,CHEV,CAS,4D,0,17,2676,,0,1041,,G,,F,4,133,,,15R195,,,,,,0,0,000000000,00000000000,0,0,0,1,0,0,0,0,0,0,0,60,0,0,0,2,2,6,2,19,0,0,0,1,45,29532,6,1,0,0,3,0,71,278,1,1,0,0,0,2,2010,7,2010,0,0,0,0,0,2,2,45,1,1,2,1,0,0,1,8,1,3,4,2,1,0
45,450572,1,1,5,7,10,14,25,1,0,1,0,45,1,14,401,14401,14,2000,4M2ZU66E3YUJ,4,M,2,Z,U,6,6,E,3,Y,U,J,0,P,MERC,MOU,UT,0,17,3845,,0,1116,,G,,F,6,245,,,15R225,,,,,,0,0,000000000,00000000000,0,0,0,1,0,0,0,0,0,0,0,999,0,1,5,0,98,6,2,1,0,0,0,1,45,29205,6,1,0,0,3,3,72,230,0,0,0,0,0,0,0,0,0,0,0,0,0,0,3,2,70,1,2,2,1,0,0,1,13,1,1,4,1,1,0
45,450573,1,1,1,7,10,6,40,8,0,1,0,45,1,20,17,20017,4,1985,2G1AW35XXF12,2,G,1,A,W,3,5,X,X,F,1,2,0,P,CHEV,CEL,SW,85,17,2766,,0,1049,,G,,2,6,173,,,14R185,,,,,,0,0,000000000,00000000000,0,0,0,1,0,0,0,0,0,0,0,35,0,0,0,12,12,2,3,8,0,0,0,1,45,29118,6,1,0,0,3,0,71,228,0,0,0,1,0,3,2011,3,2011,0,0,0,0,0,1,2,35,1,1,2,1,0,0,1,80,1,1,1,13,0,0
45,450574,1,3,3,8,10,16,44,12,6,1,0,45,1,12,481,12481,31,2000,1FTNW21F6YED,1,F,T,N,W,2,1,F,6,Y,E,D,0,T,FORD,F2S,CW,0,17,,2,1724,1562,SRW,D,,,8,444,,,,C,5932,07,E,44,0,0,000000000,00000000000,0,0,0,1,0,0,0,0,0,0,0,35,0,0,0,12,12,6,2,12,0,0,0,1,45,29645,6,1,0,0,3,3,73,240,1,0,0,0,2,2,2010,2,2010,0,0,0,0,0,1,2,35,1,1,2,1,0,0,1,17,1,1,1,86,0,0
45,450574,2,3,1,8,10,16,44,12,6,1,0,45,1,12,481,12481,31,2000,1FTNX21F6YEA,1,F,T,N,X,2,1,F,6,Y,E,A,0,T,FORD,F2S,4C,0,17,,2,1580,1418,SRW,D,,,8,444,,,,C,5635,07,E,44,0,0,000000000,00000000000,0,0,0,1,0,0,0,0,0,0,0,60,0,1,5,3,12,6,2,12,0,0,0,1,45,29621,6,1,0,0,3,0,68,180,0,0,0,0,0,0,0,0,0,0,39,0,0,0,1,2,35,1,1,2,1,20,3,1,17,1,1,1,87,1,0
45,450574,3,3,1,8,10,16,44,12,6,1,0,45,1,35,50,35050,4,2008,3N1BC11E38L3,3,N,1,B,C,1,1,E,3,8,L,3,0,P,NISS,VSL,4D,8,17,2627,,0,1024,,G,,F,4,110,,,15R185,,,,,,0,0,000000000,00000000000,0,0,0,1,0,0,0,0,0,0,0,0,0,0,0,12,12,6,2,12,0,0,0,1,45,29620,6,1,0,0,3,0,68,225,0,0,0,0,0,0,0,0,0,0,0,0,0,0,1,2,35,1,1,2,1,20,3,5,78,1,1,1,98,0,0
45,450575,1,1,1,8,10,5,30,42,0,1,0,45,1,49,472,49472,30,2001,5TENL42N81Z8,5,T,E,N,L,4,2,N,8,1,Z,8,0,T,TOYT,REG,PK,1,17,,1,0,1033,TAC,G,,,4,149,,,,B,2750,00,U,42,0,0,000000000,00000000000,0,0,0,1,0,0,0,0,0,0,0,45,0,0,0,2,4,6,2,42,0,0,0,1,45,29568,6,1,0,0,3,0,75,198,0,0,0,0,1,9,2009,9,2009,1,0,0,0,0,1,2,45,1,1,2,1,0,0,1,12,1,1,4,6,1,1
45,450576,1,1,1,8,10,22,40,32,0,1,0,45,1,20,481,20481,31,1997,2GCEK19R4V11,2,G,C,E,K,1,9,R,4,V,1,1,0,T,CHEV,GK1,PC,97,17,,2,1555,1415,GM4,G,,,8,350,,,,B,4544,00,,44,0,0,000000000,00000000000,0,0,0,1,0,0,0,0,0,0,0,45,0,1,5,12,2,6,2,35,0,0,0,1,45,29693,6,1,0,0,3,0,70,180,0,0,0,0,0,0,0,0,0,0,0,0,0,0,1,2,30,2,1,2,1,0,0,14,13,1,1,4,1,1,1
45,450577,1,1,1,10,10,20,15,31,0,1,0,45,1,37,401,37401,14,2001,4S6DM58W2144,4,S,6,D,M,5,8,W,2,1,4,4,0,P,HOND,PAS,UT,1,17,4013,,0,1064,,G,,F,6,193,,,16R245,,,,,,0,0,000000000,00000000000,0,0,0,1,0,0,0,0,0,0,0,55,0,1,5,12,98,6,2,1,0,0,0,1,45,29853,6,1,0,0,3,0,69,145,0,1,0,1,0,5,2009,7,2010,0,28,0,0,0,1,2,55,2,1,2,2,0,0,14,13,1,1,4,1,1,1
45,450578,1,1,1,10,10,22,50,32,0,1,0,45,1,12,461,12461,21,2000,1FTNE2429YHB,1,F,T,N,E,2,4,2,9,Y,H,B,0,T,FORD,25V,CG,0,17,,2,0,1380,VAN,G,,,6,256,,,,C,5012,02,M,42,0,0,000000000,00000000000,0,0,0,1,0,0,0,0,0,0,0,55,0,1,5,12,98,6,2,1,0,0,0,1,45,29150,6,1,0,0,3,0,70,200,0,0,0,0,0,0,0,0,0,0,28,0,0,0,1,2,55,1,1,2,2,0,0,1,13,1,1,4,1,1,1
45,450579,1,1,1,10,10,14,30,42,0,1,0,45,1,12,481,12481,31,1997,1FTDX18W2VKD,1,F,T,D,X,1,8,W,2,V,K,D,0,T,FORD,F15,3C,97,17,,1,1570,1390,COF,G,,,8,281,,,,B,4480,01,E,44,0,0,000000000,00000000000,0,0,0,1,0,0,0,0,0,0,0,80,0,0,0,2,2,6,2,42,0,0,0,1,45,29003,6,1,0,0,3,0,70,212,0,0,0,1,0,7,2010,7,2010,1,0,0,0,0,1,2,55,2,1,2,2,0,0,14,13,1,1,4,1,1,1
45,450580,1,1,4,11,10,14,40,8,0,1,0,45,1,20,2,20002,4,1994,1G1BL52W7RR1,1,G,1,B,L,5,2,W,7,R,R,1,0,P,CHEV,CCL,4D,94,17,4036,,0,1159,,G,,F,8,265,,,15R215,,,,,,0,0,000000000,00000000000,0,0,0,1,0,0,0,0,0,0,0,30,0,0,0,2,2,0,1,8,0,0,0,1,45,29205,6,1,0,0,3,0,66,260,0,0,0,0,0,0,0,0,0,0,0,0,0,0,2,2,35,1,1,2,2,0,0,1,81,1,1,1,13,0,0
45,450581,1,1,1,11,10,20,55,42,0,1,0,45,1,18,401,18401,14,2002,3G5DB03E92S5,3,G,5,D,B,0,3,E,9,2,S,5,0,P,BUIC,RZV,UT,2,17,4250,,0,1122,,G,,F,6,204,,,16R215,,,,,,0,0,000000000,00000000000,0,0,0,1,0,0,0,0,0,0,0,60,0,0,0,1,1,6,2,2,0,0,1,1,45,29627,6,1,0,0,3,0,64,135,0,0,0,0,0,0,0,0,0,0,99,99,99,99,1,2,45,3,2,2,2,0,0,14,12,1,1,4,6,1,0
45,450582,1,1,2,11,10,18,55,53,0,1,0,45,1,12,17,12017,4,1995,1FALP52U2SA3,1,F,A,L,P,5,2,U,2,S,A,3,0,P,FORD,TGS,4D,95,17,3118,,0,1060,,G,,F,6,182,,,15R205,,,,,,0,0,000000000,00000000000,0,0,0,1,0,0,0,0,0,0,0,56,0,1,5,12,0,6,2,1,0,0,0,1,45,29301,6,2,0,0,3,0,67,132,0,0,0,0,0,0,0,0,0,1,87,0,0,0,1,2,35,1,1,2,2,0,0,1,13,1,1,4,1,1,0
45,450583,1,2,1,12,10,20,10,12,2,1,0,45,1,12,481,12481,31,2008,1FTRX12W18FB,1,F,T,R,X,1,2,W,1,8,F,B,0,T,FORD,F15,4C,8,17,,2,1630,1330,COF,G,,,8,281,,,,B,4881,02,E,42,0,0,000000000,00000000000,0,0,0,1,0,0,0,0,0,0,0,999,0,0,0,12,12,6,2,12,0,0,0,1,45,29934,6,1,0,0,3,0,72,155,0,0,0,0,1,6,2009,6,2009,0,38,0,0,0,1,2,55,1,1,2,2,20,3,4,17,1,1,1,50,0,1
45,450583,2,2,3,12,10,20,10,12,2,1,0,45,1,41,35,41035,4,1995,JM1BA141XS01,J,M,1,B,A,1,4,1,X,S,0,1,0,P,MAZD,PDL,4D,95,17,2449,,0,1026,,G,,F,4,091,,,13R175,,,,,,0,0,000000000,00000000000,0,0,0,1,0,0,0,0,0,0,0,999,0,0,0,12,12,6,2,12,0,0,0,1,45,29922,6,1,0,0,3,0,67,130,0,2,0,0,0,7,2009,4,2010,0,0,0,0,0,1,2,55,1,1,2,2,20,3,1,17,1,1,1,51,3,1
45,450584,1,1,2,13,10,22,0,8,0,1,0,45,3,20,881,20881,63,2005,1GBJG31U6512,1,G,B,J,G,3,1,U,6,5,1,2,0,T,CHEV,CT3,YY,5,17,,3,1770,1390,ETV,G,,,8,366,,,,D,4881,00,,42,0,99,999999999,99999999999,3,1,2,1,0,0,0,0,0,0,0,35,0,0,0,2,2,2,1,8,0,0,0,1,45,29101,6,1,6,0,3,0,73,210,0,0,0,0,0,0,0,0,0,0,0,0,0,0,1,2,35,1,1,2,1,0,0,1,81,1,1,1,13,0,0
45,450585,1,2,1,13,10,20,38,12,2,1,0,45,1,12,401,12401,14,1997,1FMDU34X4VUB,1,F,M,D,U,3,4,X,4,V,U,B,0,P,FORD,EPR,UT,97,17,4166,,0,1115,,G,,F,6,245,,,15R225,,,,,,0,0,000000000,00000000000,0,0,0,1,0,0,0,0,0,0,0,25,0,0,0,12,12,6,2,12,0,0,0,1,45,29414,6,1,0,0,3,0,61,103,2,1,0,0,0,1,2009,5,2011,0,99,99,99,99,1,2,25,1,1,2,1,0,0,1,54,1,1,2,50,1,1
45,450585,2,2,1,13,10,20,38,12,2,1,0,45,1,20,481,20481,31,1995,2GBEC19H4S12,2,G,B,E,C,1,9,H,4,S,1,2,0,T,CHEV,GC1,PC,95,17,,2,1555,1415,GM4,G,,,8,305,,,,B,4071,02,,42,0,0,000000000,00000000000,0,0,0,1,0,0,0,0,0,0,0,25,0,0,0,12,12,6,2,12,0,0,0,1,45,29414,6,1,6,3,3,0,72,215,0,0,0,1,0,6,2009,6,2009,0,0,0,0,0,1,2,25,1,1,2,1,0,0,1,62,1,1,1,51,0,0
45,450586,1,1,1,15,10,20,25,8,0,1,0,45,1,20,421,20421,15,2003,1GNEK13Z13R1,1,G,N,E,K,1,3,Z,1,3,R,1,0,P,CHEV,KTA,UT,3,17,5050,,0,1160,,F,,F,8,325,,,16R265,,,,,,0,0,000000000,00000000000,0,0,0,1,0,0,0,0,0,0,0,30,0,0,0,2,2,2,1,8,0,0,0,1,45,29501,6,1,0,0,3,0,71,163,0,0,0,2,0,3,2010,9,2011,0,0,0,0,0,2,2,45,1,1,2,1,3,3,1,80,1,1,1,13,0,0
45,450587,1,2,1,15,10,20,31,12,2,1,0,37,2,58,421,58421,15,2006,5N3AA08A06N8,5,N,3,A,A,0,8,A,0,6,N,8,0,P,INFI,QX5,UT,6,17,5186,,0,1232,,G,,F,8,339,,,18R265,,,,,,0,0,000000000,00000000000,0,0,0,1,0,0,0,0,0,0,0,45,0,0,0,12,12,6,2,12,0,0,0,1,45,29615,6,1,0,0,3,0,71,155,0,0,0,0,0,0,0,0,0,0,0,0,0,0,1,2,45,2,1,2,1,0,0,14,62,1,1,1,51,0,0
45,450587,2,2,1,15,10,20,31,12,2,1,0,45,1,37,705,37705,80,2003,JH2PC37033M0,J,H,2,P,C,3,7,0,3,3,M,0,0,M,HOND,B60,RC,3,17,,,,,,,599,,4,,4,370,,,,,,,0,0,000000000,00000000000,0,0,0,1,0,0,0,0,0,0,0,60,0,0,0,12,12,6,2,12,0,0,0,1,45,29681,1,1,5,0,2,0,71,145,1,2,1,1,0,3,2009,2,2011,1,0,0,0,0,1,2,45,3,1,2,1,0,0,14,54,1,1,2,50,1,0
45,450588,1,1,1,15,10,6,35,33,0,1,0,45,1,72,706,72706,80,2001,1HD1DDV141Y6,1,H,D,1,D,D,V,1,4,1,Y,6,0,M,HD,FHT,RS,1,17,,,,,,,1450,,2,,4,758,,,,,,,0,0,000000000,00000000000,0,0,0,1,0,0,0,0,0,0,0,65,0,0,0,12,12,6,2,1,0,0,0,1,45,29829,6,1,0,0,3,3,66,160,0,0,0,0,0,0,0,0,0,1,28,0,0,0,1,2,45,1,1,2,1,0,0,1,13,1,1,4,1,1,1
45,450589,1,1,2,15,10,2,46,53,0,1,0,45,1,20,401,20401,14,1997,1GNEK13R3VJ4,1,G,N,E,K,1,3,R,3,V,J,4,0,P,CHEV,KTA,UT,97,17,5225,,0,1175,,G,,F,8,350,,,15R235,,,,,,0,0,000000000,00000000000,0,0,0,1,0,0,0,0,0,0,0,55,0,0,0,2,2,6,2,42,0,0,0,1,45,29203,6,1,0,0,3,0,66,163,0,0,0,0,0,0,0,0,0,0,0,0,0,0,1,2,55,1,1,2,1,20,3,1,13,1,1,4,1,1,1
45,450590,1,1,1,16,10,23,50,24,0,1,0,45,2,63,38,63038,2,2010,KNAFU6A21A51,K,N,A,F,U,6,A,2,1,A,5,1,0,P,KIA,FEX,CP,10,17,2737,,0,1043,,G,,F,4,122,,,15R195,,,,,,0,0,000000000,00000000000,0,0,0,1,0,0,0,0,0,0,0,60,0,1,5,12,12,6,2,1,0,0,0,1,45,29696,6,2,0,0,3,0,66,115,0,0,0,0,0,0,0,0,0,1,0,0,0,0,1,2,45,3,1,2,1,20,3,14,12,1,1,4,6,1,1
45,450591,1,1,1,16,10,23,2,8,0,1,0,45,1,58,40,58040,6,2008,JNKAJ09EX8M3,J,N,K,A,J,0,9,E,X,8,M,3,0,P,INFI,EX5,SW,8,17,3752,,0,1102,,G,,F,6,214,,,17R225,,,,,,0,0,000000000,00000000000,0,0,0,1,0,0,0,0,0,0,0,75,0,0,0,12,12,2,1,8,0,0,0,1,45,29928,6,1,0,0,3,0,64,118,0,0,0,1,0,11,2009,11,2009,0,0,0,0,0,3,2,70,1,1,2,1,0,0,1,80,1,1,1,13,0,0
45,450592,1,1,1,17,10,16,10,59,0,1,0,45,1,37,32,37032,4,1997,1HGCE1890VA0,1,H,G,C,E,1,8,9,0,V,A,0,0,P,HOND,UEX,SW,97,17,3096,,0,1069,,G,,F,4,132,,,15R195,,,,,,0,0,000000000,00000000000,0,0,0,1,0,0,0,0,0,0,0,80,0,0,0,12,12,6,2,42,0,0,0,1,45,29058,6,1,0,0,3,0,74,290,1,0,0,0,0,9,2010,9,2010,1,28,0,0,0,2,2,45,1,1,2,1,0,0,1,12,1,1,4,6,1,0
45,450593,1,1,1,20,10,18,20,42,0,1,0,45,1,7,482,7482,31,2000,1B7HC13Y0YJ1,1,B,7,H,C,1,3,Y,0,Y,J,1,0,T,DODG,Q15,4C,0,17,,2,1547,1387,RPC,G,,,8,318,,,,B,4648,01,U,42,0,0,000000000,00000000000,0,0,0,1,0,0,0,0,0,0,0,65,0,0,0,10,10,6,2,42,0,0,0,1,45,29621,6,1,0,0,3,3,72,185,0,0,0,0,0,0,0,0,0,1,0,0,0,0,2,2,55,1,1,2,1,0,0,1,6,1,3,4,7,1,0
45,450594,1,1,1,20,10,12,19,34,0,1,0,45,1,49,43,49043,4,1995,4T1GB11E5SU0,4,T,1,G,B,1,1,E,5,S,U,0,0,P,TOYT,UAS,4D,95,17,3265,,0,1071,,G,,F,6,183,,,15R205,,,,,,0,0,000000000,00000000000,0,0,0,1,0,0,0,0,0,0,0,60,0,1,5,12,98,6,2,1,0,0,0,1,45,29655,6,1,0,0,3,0,65,150,0,0,0,2,0,8,2009,6,2010,1,0,0,0,0,1,2,45,2,1,2,1,0,0,14,6,1,3,4,2,1,0
45,450595,1,2,2,21,10,11,39,12,6,1,0,45,1,7,482,7482,31,2003,1D7HU18NX3S1,1,D,7,H,U,1,8,N,X,3,S,1,0,T,DODG,SQ1,CW,3,17,,2,1605,1405,RPC,G,,,8,287,,,,B,5005,02,E,44,0,0,000000000,00000000000,0,0,0,1,0,0,0,0,0,0,0,45,0,0,0,12,12,6,2,12,0,0,0,1,45,29801,1,1,5,0,2,0,57,165,0,0,0,0,0,0,0,0,0,0,39,0,0,0,1,2,55,1,1,2,1,20,3,1,17,1,1,1,88,0,0
45,450595,2,2,1,21,10,11,39,12,6,1,0,45,2,20,401,20401,14,2000,1GNCS13W3Y21,1,G,N,C,S,1,3,W,3,Y,2,1,0,P,CHEV,BZR,UT,0,17,3671,,0,1070,,G,,F,6,262,,,15R205,,,,,,0,0,000000000,00000000000,0,0,0,1,0,0,0,0,0,0,0,55,0,1,5,9,9,6,2,1,0,0,0,1,45,29832,6,1,0,0,3,0,67,211,0,0,0,0,0,0,0,0,0,0,0,0,0,0,1,2,55,1,1,2,1,0,0,1,17,1,1,1,89,1,0
45,450596,1,2,1,21,10,3,18,57,0,1,0,45,1,84,881,84881,66,2011,1HSCUSJR4BJ3,1,H,S,C,U,S,J,R,4,B,J,3,1,T,INTL,PPR,TR,11,17,,8,0,0,PRO,D,,,6,793,,,,,00000,00,,64,1,8,62236,0862236,3,6,3,1,0,0,0,0,0,0,0,60,0,0,0,12,12,6,2,12,0,0,0,1,45,29015,6,1,6,0,3,0,68,212,0,0,0,0,0,0,0,0,0,0,0,0,0,0,3,2,60,1,2,2,1,0,0,1,78,1,1,1,98,0,0
45,450596,2,2,1,21,10,3,18,57,0,1,0,45,1,19,14,19014,4,1991,1G6KS53B5MU8,1,G,6,K,S,5,3,B,5,M,U,8,0,P,CADI,SEV,4D,91,17,3428,,0,1080,,G,,F,8,300,,,15R205,,,,,,0,0,000000000,00000000000,0,0,0,1,0,0,0,0,0,0,0,999,0,0,0,12,3,6,2,12,0,0,0,1,45,29078,1,1,5,0,2,0,65,155,1,1,1,0,0,1,2010,7,2010,0,51,28,0,0,3,2,60,1,1,2,1,0,0,1,9,1,1,4,1,1,1
45,450597,1,1,1,23,10,2,50,34,0,1,0,45,1,7,472,7472,31,1996,1B7FL26X4TS5,1,B,7,F,L,2,6,X,4,T,S,5,0,T,DODG,DAK,PK,96,17,,1,1239,1119,DAK,G,,,6,239,,,,B,2969,01,M,42,0,0,000000000,00000000000,0,0,0,1,0,0,0,0,0,0,0,80,0,1,3,12,98,6,2,1,0,0,0,1,45,29642,6,1,0,0,3,0,73,225,0,1,0,0,0,3,2009,3,2009,1,0,0,0,0,3,2,65,1,1,2,1,0,0,1,13,1,1,4,1,1,1
45,450598,1,2,1,21,10,10,10,12,1,1,0,45,1,35,39,35039,4,1996,JN1CA21D5TT1,J,N,1,C,A,2,1,D,5,T,T,1,0,P,NISS,MGS,4D,96,17,2886,,0,1063,,G,,F,6,182,,,15R205,,,,,,0,0,000000000,00000000000,0,0,0,1,0,0,0,0,0,0,0,35,0,0,0,12,12,6,2,12,0,0,0,1,45,29670,6,1,0,0,3,0,63,160,0,0,0,0,0,0,0,0,0,1,0,0,0,0,1,2,35,1,2,2,1,0,0,1,50,1,1,1,20,1,0
45,450598,2,2,1,21,10,10,10,12,1,1,0,45,1,59,403,59403,14,2010,2T2ZK1BA8AC0,2,T,2,Z,K,1,B,A,8,A,C,0,0,P,LEXS,RX5,UT,10,17,4340,,0,1079,,G,,F,6,211,,,18R235,,,,,,0,0,000000000,00000000000,0,0,0,1,0,0,0,0,0,0,0,0,0,0,0,6,6,2,1,12,0,0,0,1,45,29626,6,1,0,0,3,0,68,170,0,0,0,0,0,0,0,0,0,0,0,0,0,0,1,2,35,1,2,2,1,0,0,5,78,1,1,1,21,0,0
45,450599,1,1,1,23,10,3,15,8,0,1,0,45,1,30,42,30042,3,2001,9BWDD61J2140,9,B,W,D,D,6,1,J,2,1,4,0,0,P,VOLK,GTS,2H,1,17,2784,,0,989,,G,,T,4,109,,,15R195,,,,,,0,0,000000000,00000000000,0,0,0,1,0,0,0,0,0,0,0,55,0,0,0,12,12,6,2,8,0,0,0,1,45,29483,6,1,0,0,3,3,70,175,0,0,0,0,0,0,0,0,0,1,0,0,0,0,2,3,50,1,1,2,1,0,0,1,81,1,1,1,13,0,1
45,450600,1,1,1,26,10,20,20,42,0,1,0,45,1,7,24,7024,4,2009,2B3KA33V89H5,2,B,3,K,A,3,3,V,8,9,H,5,0,P,DODG,CHS,4D,9,17,3820,,0,1200,,G,,F,6,214,,,17R215,,,,,,0,0,000000000,00000000000,0,0,0,1,0,0,0,0,0,0,0,85,0,0,0,4,4,6,2,42,0,0,0,1,45,29078,6,1,0,0,3,3,70,145,2,0,0,5,0,12,2008,9,2011,1,39,8,0,0,1,2,45,1,1,2,1,20,3,1,13,1,1,4,1,1,1
45,450601,1,1,1,26,10,19,42,1,0,1,0,45,1,76,706,76706,80,2009,JYAVN01E29A0,J,Y,A,V,N,0,1,E,2,9,A,0,0,M,YAMA,V95,RS,9,17,,,,,,,942,,2,,4,612,,,,,,,0,0,000000000,00000000000,0,0,0,1,0,0,0,0,0,0,0,55,0,0,0,0,3,6,2,1,0,0,0,1,45,29148,6,1,0,0,3,0,64,289,0,0,0,0,1,4,2009,4,2009,0,83,0,0,0,1,2,55,1,1,2,1,0,0,1,88,6,4,2,98,1,0
45,450602,1,2,2,28,10,19,35,12,6,1,0,45,1,12,481,12481,31,1992,1FTDF15Y3NNA,1,F,T,D,F,1,5,Y,3,N,N,A,0,T,FORD,F15,PK,92,17,,1,1330,1170,COF,G,,,6,300,,,,B,3843,04,A,42,0,0,000000000,00000000000,0,0,0,1,0,0,0,0,0,0,0,25,0,0,0,2,2,6,2,12,0,0,0,1,45,29715,6,1,0,0,3,0,73,160,2,0,0,0,1,7,2009,2,2010,0,38,0,0,0,2,4,40,1,1,2,2,3,3,11,17,1,1,1,68,1,1