STATE,ST_CASE,VEH_NO,VE_FORMS,NUMOCCS,DAY,MONTH,HOUR,MINUTE,HARM_EV,MAN_COLL,UNITTYPE,HIT_RUN,REG_STAT,OWNER,MAKE,MODEL,MAK_MOD,BODY_TYP,MOD_YEAR,VIN,VIN_1,VIN_2,VIN_3,VIN_4,VIN_5,VIN_6,VIN_7,VIN_8,VIN_9,VIN_10,VIN_11,VIN_12,TOW_VEH,VINTYPE,VINMAKE,VINA_MOD,VIN_BT,VINMODYR,VIN_LNGT,VIN_WGT,WGTCD_TR,WHLBS_LG,WHLBS_SH,SER_TR,FUELCODE,MCYCL_DS,CARBUR,CYLINDER,DISPLACE,MCYCL_CY,MCYCL_WT,TIRE_SZE,TON_RAT,TRK_WT,TRKWTVAR,VIN_REST,WHLDRWHL,J_KNIFE,MCARR_I1,MCARR_I2,MCARR_ID,GVWR,V_CONFIG,CARGO_BT,HAZ_INV,HAZ_PLAC,HAZ_ID,HAZ_CNO,HAZ_REL,BUS_USE,SPEC_USE,EMER_USE,TRAV_SP,UNDERIDE,ROLLOVER,ROLINLOC,IMPACT1,IMPACT2,DEFORMED,TOWED,M_HARM,VEH_SC1,VEH_SC2,FIRE_EXP,DR_PRES,L_STATE,DR_ZIP,L_STATUS,L_TYPE,CDL_STAT,L_ENDORS,L_COMPL,L_RESTRI,DR_HGT,DR_WGT,PREV_ACC,PREV_SUS,PREV_DWI,PREV_SPD,PREV_OTH,FIRST_MO,FIRST_YR,LAST_MO,LAST_YR,SPEEDREL,DR_SF1,DR_SF2,DR_SF3,DR_SF4,VTRAFWAY,VNUM_LAN,VSPD_LIM,VALIGN,VPROFILE,VPAVETYP,VSURCOND,VTRAFCON,VTCONT_F,P_CRASH1,P_CRASH2,P_CRASH3,PCRASH4,PCRASH5,ACC_TYPE,DEATHS,DR_DRINK
45,450602,2,2,1,28,10,19,35,12,6,1,0,45,1,34,401,34401,14,2001,WBAFA53541LM,W,B,A,F,A,5,3,5,4,1,L,M,0,P,BMW,BX5,UT,1,17,4519,,0,1110,,G,,F,6,182,,,18R235,,,,,,0,0,000000000,00000000000,0,0,0,1,0,0,0,0,0,0,0,40,0,0,0,12,12,6,2,12,0,0,0,1,45,29369,6,1,0,0,3,3,70,168,0,1,0,0,0,5,2011,5,2011,0,0,0,0,0,2,4,40,1,1,2,2,3,3,1,17,1,1,1,69,0,0
45,450603,1,2,3,29,10,0,35,12,1,1,0,45,1,12,401,12401,14,2003,2FMZA53463BA,2,F,M,Z,A,5,3,4,6,3,B,A,0,T,FORD,WSL,ES,3,17,,1,0,1207,WIN,G,,,6,232,,,,B,3762,00,E,42,0,0,000000000,00000000000,0,0,0,1,0,0,0,0,0,0,0,999,0,0,0,12,12,2,1,12,0,0,0,1,45,29678,6,1,0,0,3,0,65,160,0,0,0,0,0,0,0,0,0,1,0,0,0,0,1,2,55,1,1,2,2,0,0,1,51,1,1,1,24,0,0
45,450603,2,2,1,29,10,0,35,12,1,1,0,45,1,98,709,98709,81,9999,999999999999,9,9,9,9,9,9,9,9,9,9,9,9,0,,,,,,,,,,,,,,,,,,,,,,,,,0,0,000000000,00000000000,0,0,0,1,0,0,0,0,0,0,0,999,0,0,0,6,6,6,2,12,0,0,0,1,45,29693,1,1,5,0,2,0,64,200,0,0,0,0,0,0,0,0,0,0,0,0,0,0,1,2,55,1,1,2,2,0,0,1,78,1,1,1,25,1,0
45,450604,1,1,2,9,10,20,58,1,0,1,0,45,1,35,50,35050,4,2008,3N1BC11E78L3,3,N,1,B,C,1,1,E,7,8,L,3,0,P,NISS,VSL,4D,8,17,2627,,0,1024,,G,,F,4,110,,,15R185,,,,,,0,0,000000000,00000000000,0,0,0,1,0,0,0,0,0,0,0,60,0,1,3,0,98,6,2,1,0,0,0,1,45,29420,6,1,0,0,3,0,69,160,0,2,0,0,0,6,2009,6,2010,0,28,58,0,0,2,2,60,1,1,2,2,0,0,1,12,1,1,4,6,1,1
45,450605,1,1,1,12,10,5,20,33,0,1,0,45,1,37,32,37032,4,1990,1HGCB7656LA0,1,H,G,C,B,7,6,5,6,L,A,0,0,P,HOND,ALE,4D,90,17,2504,,0,1071,,G,,F,4,132,,,14R185,,,,,,0,0,000000000,00000000000,0,0,0,1,0,0,0,0,0,0,0,35,0,0,0,12,12,6,2,30,0,0,0,1,45,29203,6,1,0,0,3,0,74,230,0,0,0,0,0,0,0,0,0,0,28,0,0,0,3,3,35,1,2,2,2,3,3,99,13,1,1,4,1,1,0
45,450606,1,1,2,12,10,9,50,34,0,1,0,45,2,20,481,20481,31,2003,1GCHC29UX3E3,1,G,C,H,C,2,9,U,X,3,E,3,1,T,CHEV,2CH,4C,3,17,,2,1575,1435,SIL,G,,,8,364,,,,C,5393,01,,42,1,0,000000000,00000000000,0,0,0,1,0,0,0,0,0,0,0,65,0,0,0,99,4,2,1,8,0,0,0,1,45,29617,0,0,0,0,0,0,999,999,99,99,99,99,99,99,9999,99,9999,1,0,0,0,0,3,2,65,1,2,2,2,0,0,1,6,7,3,4,2,0,0
45,450607,1,2,1,14,9,11,50,12,6,1,0,45,1,12,17,12017,4,1999,1FAFP53U4XA2,1,F,A,F,P,5,3,U,4,X,A,2,0,P,FORD,TSE,4D,99,17,3353,,0,1085,,G,,F,6,182,,,15R205,,,,,,0,0,000000000,00000000000,0,0,0,1,0,0,0,0,0,0,0,35,0,0,0,2,2,6,2,19,0,0,0,1,45,29205,6,1,0,0,3,0,71,220,0,0,0,0,0,0,0,0,0,0,0,0,0,0,2,2,35,1,2,2,1,0,0,99,10,1,1,2,64,1,0
45,450607,2,2,1,14,9,11,50,12,6,1,0,45,1,23,461,23461,21,2003,1GTFG29T9311,1,G,T,F,G,2,9,T,9,3,1,1,0,T,GMC,SA2,EC,3,17,,2,0,1550,SAV,G,,,8,325,,,,C,5191,00,E,42,0,0,000000000,00000000000,0,0,0,1,0,0,0,0,0,0,0,0,0,0,0,12,12,2,1,12,0,0,0,1,45,29414,6,1,0,0,3,0,70,178,1,0,0,0,0,11,2010,11,2010,0,0,0,0,0,2,2,35,1,2,2,1,0,0,5,78,2,1,1,65,0,0
45,450608,1,1,1,11,10,11,15,24,0,1,0,13,2,23,401,23401,14,2003,1GKES16S6361,1,G,K,E,S,1,6,S,6,3,6,1,0,T,GMC,EXL,4W,3,17,,2,0,1290,ENV,G,,,6,256,,,,B,4417,00,E,42,0,0,000000000,00000000000,0,0,0,1,0,0,0,0,0,0,0,55,0,1,2,12,12,6,2,24,0,0,0,1,13,30080,0,0,0,0,0,0,999,999,98,0,0,0,0,0,0,0,0,1,28,0,0,0,2,2,45,1,1,2,2,0,0,1,13,1,1,4,1,1,1
45,450609,1,1,1,13,10,14,10,1,0,1,0,45,1,12,481,12481,31,1992,1FTDF15Y6NNB,1,F,T,D,F,1,5,Y,6,N,N,B,0,T,FORD,F15,PK,92,17,,1,1330,1170,COF,G,,,6,300,,,,B,3843,04,A,42,0,0,000000000,00000000000,0,0,0,1,0,0,0,0,0,0,0,60,0,1,2,0,98,6,2,1,0,0,0,1,45,29817,1,1,5,0,2,0,64,120,0,2,1,0,0,6,2010,11,2010,1,0,0,0,0,1,2,55,2,1,2,1,0,0,14,13,1,1,4,1,1,1
45,450610,1,3,2,19,10,16,10,12,1,1,0,45,1,18,24,18024,6,2011,5GAKRBED3BJ3,5,G,A,K,R,B,E,D,3,B,J,3,0,P,BUIC,ENC,UT,11,17,4780,,0,1189,,G,,F,6,220,,,19R255,,,,,,0,0,000000000,00000000000,0,0,0,1,0,0,0,0,0,0,0,45,0,0,0,12,12,0,3,12,0,0,0,1,45,29803,6,1,0,0,3,0,66,145,0,0,0,0,0,0,0,0,0,1,0,0,0,0,1,2,45,1,1,2,1,0,0,1,50,1,1,1,20,0,0
45,450610,2,3,1,19,10,16,10,12,1,1,0,45,1,21,441,21441,20,1995,1GHDU06L4ST3,1,G,H,D,U,0,6,L,4,S,T,3,0,P,OLDS,SIL,SV,95,17,3689,,0,1098,,G,,F,6,231,,,15R205,,,,,,0,0,000000000,00000000000,0,0,0,1,0,0,0,0,0,0,0,0,0,0,0,6,6,2,3,12,0,0,0,1,45,29512,1,1,5,0,2,0,70,218,0,1,0,0,0,9,2009,9,2009,0,0,0,0,0,1,2,45,1,1,2,1,0,0,11,78,1,1,1,21,0,0
45,450610,3,3,1,19,10,16,10,12,1,1,0,45,1,12,481,12481,31,2002,1FTRF17242NB,1,F,T,R,F,1,7,2,4,2,N,B,0,T,FORD,F15,PK,2,17,,2,1385,1199,COF,G,,,6,256,,,,B,3990,03,U,42,0,0,000000000,00000000000,0,0,0,1,0,0,0,0,0,0,0,45,0,0,0,7,7,6,2,12,0,0,0,1,45,29831,6,1,0,0,3,3,66,183,0,0,0,0,0,0,0,0,0,0,0,0,0,0,1,2,45,1,1,2,1,0,0,1,62,1,1,1,98,0,0
45,450611,1,1,2,9,7,20,53,42,0,1,0,45,2,12,401,12401,14,2002,1FMDU64E52UA,1,F,M,D,U,6,4,E,5,2,U,A,0,P,FORD,EPR,UT,2,17,4173,,0,1137,,G,,F,6,245,,,16R245,,,,,,0,0,000000000,00000000000,0,0,0,1,0,0,0,0,0,0,0,45,0,0,0,3,3,6,2,42,0,0,0,1,45,29412,6,1,0,0,3,0,70,185,0,1,1,0,1,5,2009,12,2009,1,28,0,0,0,2,2,45,1,1,2,2,0,0,1,12,1,1,4,6,2,1
45,450612,1,1,2,1,9,21,40,8,0,1,0,13,2,18,401,18401,14,2002,3G5DA03E22S5,3,G,5,D,A,0,3,E,2,2,S,5,0,P,BUIC,RZV,UT,2,17,4024,,0,1122,,G,,F,6,204,,,16R215,,,,,,0,0,000000000,00000000000,0,0,0,1,0,0,0,0,0,0,0,55,0,0,0,12,12,6,2,8,0,0,0,1,13,30815,6,1,0,0,3,0,67,200,98,0,0,0,0,0,0,0,0,1,0,0,0,0,2,2,55,1,1,2,1,0,0,1,81,1,1,1,13,0,0
45,450613,1,1,3,10,10,21,20,1,0,1,0,45,3,20,870,20870,61,2009,1GBKG3166911,1,G,B,K,G,3,1,6,6,9,1,1,0,T,CHEV,CT4,YY,9,17,,4,0,1590,ETV,D,,,8,403,,,,D,5813,00,,42,0,99,999999999,99999999999,2,1,1,1,0,0,0,0,0,6,1,999,0,1,2,0,98,6,2,1,0,0,0,1,45,29072,6,1,0,0,2,0,68,220,0,1,0,1,0,11,2010,11,2010,1,0,0,0,0,1,2,60,4,1,2,2,0,0,14,13,1,1,4,1,1,0
45,450614,1,2,3,15,10,0,13,12,1,1,0,45,1,53,705,53705,80,1979,TS250410454,T,S,2,5,0,4,1,0,4,5,4,,0,M,SUZI,TS2,RT,79,11,,,,,,,246,,1,,2,260,,,,,,,0,0,000000000,00000000000,0,0,0,1,0,0,0,0,0,0,0,999,0,0,0,6,6,6,2,12,0,0,0,1,45,29388,6,1,0,0,3,0,68,180,0,0,0,0,0,0,0,0,0,0,0,0,0,0,1,2,45,1,1,2,1,0,0,1,78,1,1,1,25,2,0
45,450614,2,2,1,15,10,0,13,12,1,1,0,45,1,35,39,35039,4,1998,JN1CA21D3WT5,J,N,1,C,A,2,1,D,3,W,T,5,0,P,NISS,MGS,4D,98,17,3026,,0,1063,,G,,F,6,182,,,15R205,,,,,,0,0,000000000,00000000000,0,0,0,1,0,0,0,0,0,0,0,999,0,0,0,12,12,6,2,12,0,0,0,1,45,29365,6,1,0,0,3,0,68,225,0,0,0,0,0,0,0,0,0,0,0,0,0,0,1,2,45,1,1,2,1,0,0,1,51,1,1,1,24,0,1
45,450615,1,1,1,21,10,2,25,34,0,1,0,45,1,12,471,12471,30,1991,1FTCR10A9MUC,1,F,T,C,R,1,0,A,9,M,U,C,0,T,FORD,RNG,PK,91,17,,1,1140,1080,RNG,G,,,4,140,,,,B,2674,01,A,42,0,0,000000000,00000000000,0,0,0,1,0,0,0,0,0,0,0,55,0,0,0,12,12,6,2,42,0,0,0,1,45,29527,6,1,0,0,3,0,66,135,0,0,0,0,0,0,0,0,0,0,39,0,0,0,1,2,55,1,1,2,1,20,3,1,12,1,1,4,6,1,0
45,450616,1,1,1,21,10,12,35,34,0,1,0,45,1,59,31,59031,4,2001,JT8BF28G4103,J,T,8,B,F,2,8,G,4,1,0,3,0,P,LEXS,ES3,4D,1,17,3373,,0,1051,,G,,F,6,183,,,15R205,,,,,,0,0,000000000,00000000000,0,0,0,1,0,0,0,0,0,0,0,65,0,0,0,12,12,6,2,42,0,0,0,1,45,29036,6,1,0,0,3,3,65,125,0,0,0,0,0,0,0,0,0,1,0,0,0,0,1,2,45,2,2,2,1,0,0,14,13,1,1,4,1,1,1
45,450617,1,1,1,22,10,11,10,35,0,1,0,45,1,52,35,52035,4,2000,JA3AY26C7YU0,J,A,3,A,Y,2,6,C,7,Y,U,0,0,P,MITS,MDE,4D,0,17,2437,,0,984,,G,,F,4,112,,,14R175,,,,,,0,0,000000000,00000000000,0,0,0,1,0,0,0,0,0,0,0,70,0,0,0,12,12,6,2,42,0,0,0,1,45,29832,1,1,5,0,2,0,70,195,1,1,0,0,0,2,2010,12,2010,1,0,0,0,0,1,2,35,1,1,2,1,0,0,1,13,1,1,4,1,1,1
45,450618,1,2,1,22,10,21,40,12,6,1,0,45,1,76,705,76705,80,2008,JYAVP27E08A0,J,Y,A,V,P,2,7,E,0,8,A,0,0,M,YAMA,9CU,RS,8,17,,,,,,,1854,,2,,4,692,,,,,,,0,0,000000000,00000000000,0,0,0,1,0,0,0,0,0,0,0,999,0,0,0,9,9,6,2,12,0,0,0,1,45,29715,6,1,0,0,3,0,71,177,0,0,0,0,0,0,0,0,0,0,0,0,0,0,2,2,45,1,1,2,1,20,3,1,17,1,1,1,69,1,0
45,450618,2,2,1,22,10,21,40,12,6,1,0,45,1,49,472,49472,30,1999,4TAWN72N8XZ4,4,T,A,W,N,7,2,N,8,X,Z,4,0,T,TOYT,XTR,PC,99,17,,1,0,1219,TAC,G,,,6,206,,,,B,3412,00,U,44,0,0,000000000,00000000000,0,0,0,1,0,0,0,0,0,0,0,999,0,0,0,12,12,6,2,12,0,0,0,1,45,29715,6,1,0,0,3,3,75,205,0,0,0,0,0,0,0,0,0,0,0,0,0,0,2,2,45,1,1,2,1,20,3,11,17,1,1,1,68,0,0
45,450619,1,1,1,26,10,6,30,8,0,1,0,45,3,93,981,93981,58,2006,1M8SDMPA26P0,1,M,8,S,D,M,P,A,2,6,P,0,0,T,MCIN,,,6,17,,,,,,,,,,,,,,,,,,,0,99,999999999,99999999999,3,21,22,1,0,0,0,0,5,3,0,55,0,0,0,12,12,6,2,8,0,0,0,1,45,29910,6,1,6,3,3,0,66,298,0,0,0,0,0,0,0,0,0,0,0,0,0,0,1,2,55,1,1,2,1,0,0,6,80,1,1,1,13,0,0
45,450620,1,2,1,27,10,13,20,12,6,1,0,51,3,82,881,82881,66,2007,1FUJA6CV47LV,1,F,U,J,A,6,C,V,4,7,L,V,1,T,FRHT,COL,TR,7,17,,8,0,0,CON,D,,,6,782,,,,,00000,00,,64,1,8,4383,084383,3,6,1,1,0,0,0,0,0,0,0,40,0,0,0,3,3,0,1,12,0,0,0,1,51,24112,6,1,6,0,3,0,80,280,0,0,0,0,0,0,0,0,0,0,35,0,0,0,1,2,55,1,1,2,1,0,0,6,10,1,1,1,73,0,0
45,450620,2,2,1,27,10,13,20,12,6,1,0,45,1,98,709,98709,81,2011,999999999999,9,9,9,9,9,9,9,9,9,9,9,9,0,,,,,,,,,,,,,,,,,,,,,,,,,0,0,000000000,00000000000,0,0,0,1,0,0,0,0,0,0,0,5,0,0,0,12,12,6,2,12,0,0,0,1,45,29568,6,1,0,0,3,3,72,185,0,0,0,0,0,0,0,0,0,0,38,0,0,0,1,2,55,1,1,2,1,0,0,11,15,1,1,1,72,1,1
45,450621,1,1,1,27,10,12,28,42,0,1,0,45,1,37,31,37031,2,2009,2HGFG12629H5,2,H,G,F,G,1,2,6,2,9,H,5,0,P,HOND,UCL,CP,9,17,2659,,0,1043,,G,,F,4,110,,,16R205,,,,,,0,0,000000000,00000000000,0,0,0,1,0,0,0,0,0,0,0,80,0,0,0,4,4,6,2,42,0,0,0,1,45,29472,6,1,0,0,3,0,65,165,1,0,0,0,0,7,2011,7,2011,0,28,0,0,0,2,2,70,1,1,2,1,0,0,1,12,1,1,4,6,1,0
45,450622,1,1,1,28,10,18,50,42,0,1,0,45,1,12,16,12016,4,1998,2FAFP71W0WX1,2,F,A,F,P,7,1,W,0,W,X,1,0,P,FORD,CVP,4D,98,17,0,,0,1144,,G,,F,8,281,,,16R225,,,,,,0,0,000000000,00000000000,0,0,0,1,0,0,0,0,0,0,0,999,0,0,0,99,98,6,2,42,0,0,0,1,45,29611,6,1,0,0,3,0,66,180,0,0,0,2,1,12,2010,3,2011,0,8,0,0,0,1,2,25,1,1,2,2,0,0,1,13,1,1,4,1,1,0
45,450623,1,1,1,29,10,10,5,30,0,1,0,45,1,37,32,37032,4,1998,1HGCG5648WA1,1,H,G,C,G,5,6,4,8,W,A,1,0,P,HOND,ULX,4D,98,17,2952,,0,1069,,G,,F,4,138,,,15R195,,,,,,0,0,000000000,00000000000,0,0,0,1,0,0,0,0,0,0,0,60,0,0,0,9,9,6,2,30,0,0,0,1,45,29067,6,1,0,0,3,0,73,220,0,0,0,0,0,0,0,0,0,1,28,83,0,0,1,2,55,1,1,2,1,0,0,1,13,7,1,4,3,1,0
45,450624,1,1,3,29,10,21,25,1,0,1,0,45,1,55,36,55036,4,2010,KMHCN4AC1AU4,K,M,H,C,N,4,A,C,1,A,U,4,0,P,HYUN,ALS,4D,10,17,2365,,0,984,,G,,F,4,098,,,14R175,,,,,,0,0,000000000,00000000000,0,0,0,1,0,0,0,0,0,0,0,999,0,1,3,0,98,6,2,1,0,0,0,1,45,29206,6,1,0,0,3,0,70,130,0,0,0,0,0,0,0,0,0,1,0,0,0,0,2,2,55,2,1,2,1,0,0,14,12,1,1,4,6,1,0
45,450625,1,1,2,29,10,12,30,42,0,1,0,45,1,37,33,37033,2,1992,JHMBA8142NC0,J,H,M,B,A,8,1,4,2,N,C,0,0,P,HOND,PRS,CP,92,17,2765,,0,1004,,G,,F,4,132,,,14R185,,,,,,0,0,000000000,00000000000,0,0,0,1,0,0,0,0,0,0,0,999,0,1,5,1,1,6,2,1,0,0,0,1,45,29706,6,1,0,0,3,3,69,150,0,0,0,0,0,0,0,0,0,0,0,0,0,0,1,2,45,4,3,2,1,0,0,14,13,1,1,4,1,1,0
45,450626,1,1,2,29,10,0,30,35,0,1,0,45,1,23,401,23401,14,1997,1GKCS13W0V25,1,G,K,C,S,1,3,W,0,V,2,5,0,T,GMC,JMY,4W,97,17,,1,0,1070,JMY,G,,,6,262,,,,B,3686,00,M,42,0,0,000000000,00000000000,0,0,0,1,0,0,0,0,0,0,0,999,0,0,0,12,12,6,2,35,0,0,0,1,45,29609,6,1,0,0,3,0,70,210,0,0,0,0,0,0,0,0,0,0,0,0,0,0,1,2,30,4,1,2,2,0,0,14,13,1,1,4,1,1,1
45,450627,1,1,1,31,10,6,55,8,0,1,0,45,1,63,441,63441,20,2005,KNDUP1325567,K,N,D,U,P,1,3,2,5,5,6,7,0,P,KIA,SED,SV,5,17,4802,,0,1145,,G,,F,6,213,,,15R215,,,,,,0,0,000000000,00000000000,0,0,0,1,0,0,0,0,0,0,0,50,0,0,0,12,12,2,1,8,0,0,0,1,45,29412,6,1,0,0,3,0,65,130,0,0,0,0,0,0,0,0,0,0,0,0,0,0,2,2,45,1,1,2,1,0,0,1,81,1,1,1,13,0,0
45,450628,1,1,1,1,11,12,0,1,0,1,0,45,3,84,881,84881,66,1998,2HSFMALR0WC0,2,H,S,F,M,A,L,R,0,W,C,0,1,T,INTL,920,TR,98,17,,8,2340,1600,920,D,,,6,677,,,,,00000,00,,64,1,77,777777777,77777777777,3,6,4,1,0,0,0,0,0,0,0,55,0,1,5,0,98,6,2,1,0,0,0,1,45,29010,6,1,6,0,3,0,71,210,1,0,0,2,0,6,2009,10,2011,0,0,0,0,0,1,2,55,1,2,2,1,0,0,1,13,1,1,4,1,1,0
45,450629,1,1,3,2,11,21,42,11,0,1,0,45,2,20,401,20401,14,2003,1GNDS13S7323,1,G,N,D,S,1,3,S,7,3,2,3,0,P,CHEV,TRL,UT,3,17,4417,,0,1130,,G,,F,6,256,,,16R245,,,,,,0,0,000000000,00000000000,0,0,0,1,0,0,0,0,0,0,0,999,0,0,0,12,98,6,2,2,0,0,1,1,45,29108,6,1,0,0,3,3,64,173,0,1,0,0,0,2,2010,2,2010,1,83,0,0,0,1,2,55,1,1,2,1,0,0,1,87,1,1,1,13,3,0
45,450630,1,2,1,4,11,7,25,12,6,1,0,45,1,34,402,34402,14,2011,5UXWX5C58BLK,5,U,X,W,X,5,C,5,8,B,L,K,0,P,BMW,BX3,UT,11,17,4068,,0,1106,,G,,F,6,183,,,17R245,,,,,,0,0,000000000,00000000000,0,0,0,1,0,0,0,0,0,0,0,35,0,0,0,1,1,6,2,12,0,0,0,1,45,29330,6,1,0,0,3,3,74,290,1,0,0,0,0,10,2010,10,2010,0,0,0,0,0,1,2,35,1,1,2,2,0,0,1,17,1,1,1,88,0,0
45,450630,2,2,2,4,11,7,25,12,6,1,0,45,1,53,34,53034,4,2005,KL5JD56Z15K1,K,L,5,J,D,5,6,Z,1,5,K,1,0,P,SUZI,FZS,4D,5,17,2700,,0,1024,,G,,F,4,122,,,15R195,,,,,,0,0,000000000,00000000000,0,0,0,1,0,0,0,0,0,0,0,20,0,1,5,9,9,6,2,12,0,0,0,1,45,29307,6,1,0,0,3,3,60,100,0,0,0,0,0,0,0,0,0,0,39,0,0,0,1,2,35,1,1,2,2,20,3,4,59,1,1,1,89,1,0
45,450631,1,1,1,4,11,1,20,42,0,1,0,12,3,13,1,13001,4,2011,2LNBL8CVXBX7,2,L,N,B,L,8,C,V,X,B,X,7,0,P,LINC,SGL,4D,11,17,4352,,0,1177,,F,,F,8,281,,,17R225,,,,,,0,0,000000000,00000000000,0,0,0,1,0,0,0,0,0,0,0,70,0,0,0,98,98,6,2,42,0,0,0,1,25,2151,6,1,0,0,3,0,65,999,0,0,0,0,0,0,0,0,0,1,0,0,0,0,2,2,70,1,1,2,2,0,0,1,12,1,1,4,6,1,0
45,450632,1,1,1,3,11,19,15,9,0,1,0,45,1,12,17,12017,4,2002,1FAFP55202G2,1,F,A,F,P,5,5,2,0,2,G,2,0,P,FORD,TSS,4D,2,17,3392,,0,1085,,F,,F,6,182,,,16R215,,,,,,0,0,000000000,00000000000,0,0,0,1,0,0,0,0,0,0,0,40,0,0,0,12,13,2,3,9,0,0,0,1,45,29303,6,1,0,0,3,0,66,199,0,0,0,0,0,0,0,0,0,0,0,0,0,0,3,3,40,1,1,2,2,0,0,1,84,1,1,1,13,0,0
45,450633,1,2,3,5,11,16,40,12,6,1,0,45,1,20,401,20401,14,1997,1GKDT13W1V25,1,G,K,D,T,1,3,W,1,V,2,5,0,T,GMC,JMY,4W,97,17,,1,0,1070,JMY,G,,,6,262,,,,B,4046,00,M,44,0,0,000000000,00000000000,0,0,0,1,0,0,0,0,0,0,0,25,0,0,0,9,9,6,2,12,0,0,0,1,45,29654,6,1,0,0,3,0,68,180,0,0,0,0,0,0,0,0,0,0,0,0,0,0,1,2,45,1,1,2,1,3,3,1,17,1,1,1,89,0,0
45,450633,2,2,1,5,11,16,40,12,6,1,0,45,1,6,41,6041,4,1995,2C3HD56T5SH5,2,C,3,H,D,5,6,T,5,S,H,5,0,P,CHRY,CND,4D,95,17,3325,,0,1130,,G,,F,6,201,,,15R205,,,,,,0,0,000000000,00000000000,0,0,0,1,0,0,0,0,0,0,0,40,0,0,0,12,12,6,2,12,0,0,0,1,45,29627,6,1,0,0,3,3,72,240,0,0,0,0,0,0,0,0,0,0,39,0,0,0,2,2,45,1,1,2,1,3,3,1,17,1,1,1,88,1,0
45,450634,1,1,3,5,11,13,35,1,0,1,0,45,1,12,401,12401,14,2005,1FMZU77K95UB,1,F,M,Z,U,7,7,K,9,5,U,B,0,P,FORD,EPR,UT,5,17,4309,,0,1259,,F,,F,6,245,,,16R235,,,,,,0,0,000000000,00000000000,0,0,0,1,0,0,0,0,0,0,0,65,0,1,5,0,98,6,2,1,0,0,0,1,45,29911,6,1,0,0,3,0,72,185,1,1,0,1,1,10,2009,12,2009,0,0,0,0,0,1,2,55,1,1,2,1,0,0,1,12,1,9,4,6,1,1
45,450635,1,1,1,5,11,21,30,1,0,1,0,45,1,12,481,12481,31,2005,1FTPW14525KC,1,F,T,P,W,1,4,5,2,5,K,C,0,T,FORD,F1S,CW,5,17,,2,1450,1260,COF,G,,,8,330,,,,B,5577,00,U,44,0,0,000000000,00000000000,0,0,0,1,0,0,0,0,0,0,0,50,0,1,5,0,10,6,2,1,0,0,0,1,45,29918,6,1,0,0,3,0,71,260,0,0,0,0,0,0,0,0,0,0,0,0,0,0,1,2,55,1,1,2,1,0,0,12,9,6,4,4,98,1,0
45,450636,1,1,1,6,11,11,10,42,0,1,0,45,1,20,404,20404,14,2006,2CNDL63F5660,2,C,N,D,L,6,3,F,5,6,6,0,0,P,CHEV,EQU,UT,6,17,3777,,0,1125,,G,,F,6,207,,,16R235,,,,,,0,0,000000000,00000000000,0,0,0,1,0,0,0,0,0,0,0,50,0,0,0,11,98,6,2,42,0,0,0,1,45,29687,6,1,0,0,3,3,68,200,0,0,0,0,0,0,0,0,0,1,0,0,0,0,1,2,45,3,2,2,1,0,0,14,12,1,9,4,6,1,0
45,450637,1,1,1,7,11,7,40,30,0,1,0,45,2,20,20,20020,4,1996,2G1WL52M2T91,2,G,1,W,L,5,2,M,2,T,9,1,0,P,CHEV,LUM,4D,96,17,3330,,0,1075,,G,,F,6,191,,,15R205,,,,,,0,0,000000000,00000000000,0,0,0,1,0,0,0,0,0,0,0,55,0,0,0,9,9,6,2,30,0,0,0,1,45,29720,6,2,0,0,3,0,63,120,0,0,0,0,0,0,0,0,0,1,58,0,0,0,1,2,55,1,1,2,1,0,0,1,6,7,9,4,2,1,0
45,450638,1,2,1,8,11,15,10,12,8,1,0,45,1,49,32,49032,4,2010,1NXBU4EEXAZ2,1,N,X,B,U,4,E,E,X,A,Z,2,0,P,TOYT,CBL,4D,10,17,2723,,0,1024,,G,,F,4,110,,,15R195,,,,,,0,0,000000000,00000000000,0,0,0,1,0,0,0,0,0,0,0,65,0,0,0,11,98,6,2,12,0,0,0,1,45,29037,6,1,0,0,3,0,67,260,1,0,0,0,0,8,2010,8,2010,1,51,0,0,0,1,2,55,2,2,2,1,0,0,14,54,1,9,2,64,1,0
45,450638,2,2,1,8,11,15,10,12,8,1,0,45,3,12,481,12481,31,2000,1FDAF57F1YEA,1,F,D,A,F,5,7,F,1,Y,E,A,0,T,FORD,F5D,CB,0,17,,5,2010,1410,DRW,D,,,8,444,,,,,6402,08,E,44,0,0,000000000,00000000000,0,0,0,1,0,0,0,0,0,0,0,55,0,0,0,11,98,6,2,12,0,0,0,1,45,29166,6,1,0,0,3,0,74,270,0,0,0,0,0,0,0,0,0,0,0,0,0,0,1,2,55,2,2,2,1,0,0,14,62,1,1,1,65,0,0
45,450639,1,2,1,9,11,23,50,8,0,1,0,45,1,35,39,35039,4,2000,JN1CA31A6YT0,J,N,1,C,A,3,1,A,6,Y,T,0,0,P,NISS,MGS,4D,0,17,3071,,0,1083,,G,,F,6,182,,,15R205,,,,,,0,0,000000000,00000000000,0,0,0,1,0,0,0,0,0,0,0,30,0,0,0,1,13,2,1,8,0,0,0,1,45,29212,6,1,0,0,3,0,71,183,0,0,0,0,0,0,0,0,0,0,0,0,0,0,2,2,40,1,1,2,1,0,0,1,80,1,1,1,13,0,0