STATE,ST_CASE,VEH_NO,VE_FORMS,NUMOCCS,DAY,MONTH,HOUR,MINUTE,HARM_EV,MAN_COLL,UNITTYPE,HIT_RUN,REG_STAT,OWNER,MAKE,MODEL,MAK_MOD,BODY_TYP,MOD_YEAR,VIN,VIN_1,VIN_2,VIN_3,VIN_4,VIN_5,VIN_6,VIN_7,VIN_8,VIN_9,VIN_10,VIN_11,VIN_12,TOW_VEH,VINTYPE,VINMAKE,VINA_MOD,VIN_BT,VINMODYR,VIN_LNGT,VIN_WGT,WGTCD_TR,WHLBS_LG,WHLBS_SH,SER_TR,FUELCODE,MCYCL_DS,CARBUR,CYLINDER,DISPLACE,MCYCL_CY,MCYCL_WT,TIRE_SZE,TON_RAT,TRK_WT,TRKWTVAR,VIN_REST,WHLDRWHL,J_KNIFE,MCARR_I1,MCARR_I2,MCARR_ID,GVWR,V_CONFIG,CARGO_BT,HAZ_INV,HAZ_PLAC,HAZ_ID,HAZ_CNO,HAZ_REL,BUS_USE,SPEC_USE,EMER_USE,TRAV_SP,UNDERIDE,ROLLOVER,ROLINLOC,IMPACT1,IMPACT2,DEFORMED,TOWED,M_HARM,VEH_SC1,VEH_SC2,FIRE_EXP,DR_PRES,L_STATE,DR_ZIP,L_STATUS,L_TYPE,CDL_STAT,L_ENDORS,L_COMPL,L_RESTRI,DR_HGT,DR_WGT,PREV_ACC,PREV_SUS,PREV_DWI,PREV_SPD,PREV_OTH,FIRST_MO,FIRST_YR,LAST_MO,LAST_YR,SPEEDREL,DR_SF1,DR_SF2,DR_SF3,DR_SF4,VTRAFWAY,VNUM_LAN,VSPD_LIM,VALIGN,VPROFILE,VPAVETYP,VSURCOND,VTRAFCON,VTCONT_F,P_CRASH1,P_CRASH2,P_CRASH3,PCRASH4,PCRASH5,ACC_TYPE,DEATHS,DR_DRINK
45,450639,2,2,1,9,11,23,50,8,0,1,0,45,1,49,43,49043,4,2006,4T1BK36B66U0,4,T,1,B,K,3,6,B,6,6,U,0,0,P,TOYT,UTS,4D,6,17,3490,,0,1071,,G,,F,6,213,,,15R205,,,,,,0,0,000000000,00000000000,0,0,0,1,0,0,0,0,0,0,0,25,0,0,0,14,14,0,1,8,0,0,0,1,45,29210,6,1,0,0,3,0,74,160,0,2,0,1,1,12,2009,3,2011,0,0,0,0,0,2,2,40,1,1,2,1,0,0,1,80,1,1,1,98,0,0
45,450640,1,1,2,25,10,15,28,23,0,1,0,45,1,20,481,20481,31,1993,1GBDC14Z9PZ1,1,G,B,D,C,1,4,Z,9,P,Z,1,0,T,CHEV,GC1,PK,93,17,,1,1315,1175,GM4,G,,,6,262,,,,B,3718,02,,42,0,0,000000000,00000000000,0,0,0,1,0,0,0,0,0,0,0,65,0,1,6,1,1,6,2,1,0,0,0,1,45,29569,1,1,5,0,2,0,62,160,0,0,0,0,0,0,0,0,0,0,99,99,99,99,1,2,55,3,1,2,1,0,0,14,13,1,9,4,1,2,0
45,450641,1,1,1,31,10,13,30,42,0,1,0,45,1,12,471,12471,30,1996,1FTCR14A5TTA,1,F,T,C,R,1,4,A,5,T,T,A,0,T,FORD,RNS,PC,96,17,,1,0,1250,RNG,G,,,4,140,,,,B,00000,00,B,42,0,0,000000000,00000000000,0,0,0,1,0,0,0,0,0,0,0,55,0,0,0,10,10,6,2,42,0,0,0,1,45,29488,6,1,0,0,3,0,73,217,0,0,0,0,0,0,0,0,0,0,0,0,0,0,1,2,55,1,1,2,1,0,0,1,12,1,1,4,6,1,0
45,450642,1,1,1,3,11,3,47,8,0,1,0,37,3,98,809,98809,66,2005,2FWJA3CV55AN,2,F,W,J,A,3,C,V,5,5,A,N,1,T,STRG,AT9,TR,5,17,,8,0,0,STE,D,,,6,782,,,,,00000,00,,64,1,37,0181069,370181069,3,6,1,1,0,0,0,0,0,0,0,55,0,0,0,14,14,0,1,8,0,0,0,1,37,28073,6,1,6,0,3,3,78,999,0,0,0,0,1,3,2009,3,2009,0,0,0,0,0,1,2,55,4,1,2,1,0,0,14,80,1,1,1,13,0,0
45,450643,1,1,1,9,11,5,30,42,0,1,0,45,2,12,23,12023,4,2008,3FAHP08178R2,3,F,A,H,P,0,8,1,7,8,R,2,0,P,FORD,F/L,4D,8,17,3325,,0,1074,,G,,F,6,183,,,17R225,,,,,,0,0,000000000,00000000000,0,0,0,1,0,0,0,0,0,0,0,70,0,1,5,2,98,6,2,42,0,0,0,1,45,29570,6,1,0,0,3,0,70,220,1,0,0,1,0,4,2010,8,2011,1,0,0,0,0,1,2,55,3,2,2,1,0,0,14,13,1,9,4,1,1,0
45,450644,1,2,1,10,11,9,20,12,1,1,0,45,1,49,32,49032,4,1996,2T1BB02E3TC1,2,T,1,B,B,0,2,E,3,T,C,1,0,P,TOYT,CRD,4D,96,17,2381,,0,970,,G,,F,4,108,,,14R185,,,,,,0,0,000000000,00000000000,0,0,0,1,0,0,0,0,0,0,0,60,0,0,0,12,12,6,2,12,0,0,0,1,45,29470,6,1,0,0,3,3,72,200,1,0,0,1,0,4,2009,4,2009,1,26,0,0,0,2,2,55,1,1,2,1,0,0,1,50,1,1,1,20,1,0
45,450644,2,2,2,10,11,9,20,12,1,1,0,17,3,84,881,84881,66,2005,2HSCEAPR15C2,2,H,S,C,E,A,P,R,1,5,C,2,1,T,INTL,92I,TR,5,17,,8,0,0,920,D,,,6,915,,,,,00000,00,,64,1,77,777777777,77777777777,3,6,1,1,0,0,0,0,0,0,0,0,0,0,0,6,6,2,1,12,0,0,0,1,13,30666,6,1,6,0,3,3,72,235,98,0,0,0,0,0,0,0,0,0,0,0,0,0,2,2,55,1,1,2,1,0,0,5,78,1,1,1,21,0,0
45,450645,1,1,1,11,11,8,20,34,0,1,0,45,3,12,481,12481,31,2006,1FTRF12226NB,1,F,T,R,F,1,2,2,2,6,N,B,0,T,FORD,F15,PK,6,17,,2,1450,1260,COF,G,,,6,256,,,,B,4615,02,E,42,0,0,000000000,00000000000,0,0,0,1,0,0,0,0,0,0,0,40,0,0,0,14,98,6,2,42,0,0,0,1,45,29650,6,1,0,0,3,0,72,190,1,1,0,0,0,1,2009,1,2009,1,0,0,0,0,1,2,40,3,1,2,1,0,0,14,13,1,9,4,1,1,1
45,450646,1,1,3,12,11,22,5,42,0,1,0,45,1,37,32,37032,4,2007,1HGCM56337A0,1,H,G,C,M,5,6,3,3,7,A,0,0,P,HOND,ASE,4D,7,17,3192,,0,1079,,G,,F,4,146,,,16R205,,,,,,0,0,000000000,00000000000,0,0,0,1,0,0,0,0,0,0,0,55,0,0,0,3,3,6,2,42,0,0,0,1,45,29335,6,2,0,0,3,0,75,285,0,0,0,0,0,0,0,0,0,1,0,0,0,0,1,2,45,1,1,2,1,0,0,1,13,1,9,4,1,1,0
45,450647,1,1,1,12,11,3,11,34,0,1,0,37,1,22,18,22018,2,1997,1G2NE12M8VM5,1,G,2,N,E,1,2,M,8,V,M,5,0,P,PONT,GAS,CP,97,17,2695,,0,1034,,G,,F,6,191,,,14R195,,,,,,0,0,000000000,00000000000,0,0,0,1,0,0,0,0,0,0,0,60,0,1,5,98,98,6,2,1,0,0,0,1,37,28345,6,1,0,0,3,0,70,999,0,2,0,0,2,10,2010,2,2011,1,58,0,0,0,1,2,55,1,1,2,1,0,0,1,13,1,1,4,1,1,1
45,450648,1,1,1,13,11,20,47,1,0,1,0,13,1,72,706,72706,80,2001,1HD1GDV111Y3,1,H,D,1,G,D,V,1,1,1,Y,3,0,M,HD,FDL,RS,1,17,,,,,,,1450,,2,,4,614,,,,,,,0,0,000000000,00000000000,0,0,0,1,0,0,0,0,0,0,0,65,0,0,0,0,81,6,2,1,0,0,0,1,13,29461,6,1,0,0,2,0,70,208,98,1,0,1,0,6,2009,8,2009,1,51,0,0,0,2,2,45,1,1,2,1,0,0,1,99,1,1,1,98,1,1
45,450649,1,1,2,13,11,15,2,32,0,1,0,45,1,12,399,12399,2,9999,999999999999,9,9,9,9,9,9,9,9,9,9,9,9,0,,,,,,,,,,,,,,,,,,,,,,,,,0,0,000000000,00000000000,0,0,0,1,0,0,0,0,0,0,0,85,0,1,5,1,98,6,2,1,0,0,0,1,45,29745,6,1,0,0,3,0,68,175,0,0,0,0,0,0,0,0,0,1,0,0,0,0,1,2,45,1,1,2,1,0,0,1,6,6,4,4,7,1,1
45,450650,1,2,1,17,11,17,35,8,0,1,0,45,1,7,402,7402,14,2001,1B4HS28N51F5,1,B,4,H,S,2,8,N,5,1,F,5,0,P,DODG,DUR,UT,1,17,4512,,0,1159,,G,,F,8,287,,,15R235,,,,,,0,0,000000000,00000000000,0,0,0,1,0,0,0,0,0,0,0,35,0,0,0,12,12,6,2,8,0,0,0,1,45,29673,6,1,0,0,3,0,64,120,0,0,0,0,0,0,0,0,0,0,0,0,0,0,1,2,40,1,1,2,1,0,0,1,81,1,1,1,13,0,0
45,450650,2,2,1,17,11,17,35,8,0,1,0,45,2,12,481,12481,31,1999,2FTZF0730XCA,2,F,T,Z,F,0,7,3,0,X,C,A,0,T,FORD,1SV,PK,99,17,,1,0,1200,COF,G,,,8,330,,,,B,4670,00,U,42,0,0,000000000,00000000000,0,0,0,1,0,0,0,0,0,0,0,35,0,0,0,11,11,2,1,8,0,0,0,1,12,29673,6,1,0,0,3,0,73,999,0,0,0,0,1,4,2011,4,2011,0,0,0,0,0,1,2,40,1,1,2,1,0,0,1,80,1,1,1,98,0,0
45,450651,1,1,1,17,11,13,50,32,0,1,0,45,1,42,48,42048,4,1999,WDBJF65H8XA8,W,D,B,J,F,6,5,H,8,X,A,8,0,P,MERZ,E32,4D,99,17,3340,,0,1115,,G,,F,6,195,,,16R215,,,,,,0,0,000000000,00000000000,0,0,0,1,0,0,0,0,0,0,0,55,0,1,6,1,98,6,2,1,0,0,0,1,45,29650,6,2,0,0,3,0,66,195,0,0,0,0,0,0,0,0,0,1,0,0,0,0,1,2,30,4,1,2,1,0,0,14,6,7,3,4,2,1,0
45,450652,1,1,1,18,11,23,0,34,0,1,0,37,1,12,399,12399,2,1964,999999999999,9,9,9,9,9,9,9,9,9,9,9,9,0,,,,,,,,,,,,,,,,,,,,,,,,,0,0,000000000,00000000000,0,0,0,1,0,0,0,0,0,0,0,50,0,0,0,1,1,6,2,34,0,0,0,1,45,29020,6,1,0,0,3,0,70,250,0,1,0,0,0,8,2011,8,2011,1,99,99,99,99,1,2,25,2,1,2,1,0,0,14,6,7,3,4,2,1,1
45,450653,1,2,1,20,11,12,43,12,6,1,0,45,2,9,20,9020,4,2001,1P3ES46C11D1,1,P,3,E,S,4,6,C,1,1,D,1,0,P,PLYM,NLX,4D,1,17,2585,,0,1050,,G,,F,4,122,,,14R185,,,,,,0,0,000000000,00000000000,0,0,0,1,0,0,0,0,0,0,0,15,0,1,3,9,9,6,2,1,0,0,0,1,45,29569,6,1,0,0,3,0,70,124,0,1,1,0,0,3,2009,5,2009,0,38,0,0,0,2,2,60,1,1,2,1,20,3,1,17,1,1,1,89,1,0
45,450653,2,2,3,20,11,12,43,12,6,1,0,45,1,2,499,2499,14,1978,999999999999,9,9,9,9,9,9,9,9,9,9,9,9,0,,,,,,,,,,,,,,,,,,,,,,,,,0,0,000000000,00000000000,0,0,0,1,0,0,0,0,0,0,0,45,0,1,1,12,12,6,2,1,0,0,0,1,45,29527,6,1,0,0,3,0,71,257,1,0,0,2,0,7,2009,7,2011,0,0,0,0,0,2,2,45,1,1,2,1,0,0,1,17,1,1,1,88,1,0
45,450654,1,2,2,21,11,20,4,12,6,1,0,45,1,42,42,42042,4,2002,WDBRF64J92F2,W,D,B,R,F,6,4,J,9,2,F,2,0,P,MERZ,C32,4D,2,17,3350,,0,1068,,F,,F,6,195,,,16R205,,,,,,0,0,000000000,00000000000,0,0,0,1,0,0,0,0,0,0,0,10,0,0,0,9,9,2,3,12,0,0,0,1,45,29575,6,1,0,0,3,3,71,160,0,0,0,1,0,1,2009,1,2009,0,38,0,0,0,2,3,45,1,1,2,1,20,3,1,17,1,1,1,89,0,0
45,450654,2,2,1,21,11,20,4,12,6,1,0,45,2,98,709,98709,81,2011,999999999999,9,9,9,9,9,9,9,9,9,9,9,9,0,,,,,,,,,,,,,,,,,,,,,,,,,0,0,000000000,00000000000,0,0,0,1,0,0,0,0,0,0,0,30,0,0,0,12,12,6,2,12,0,0,0,1,45,29526,1,1,5,0,2,0,71,142,0,1,1,0,0,9,2010,2,2011,0,0,0,0,0,2,3,45,1,1,2,1,0,0,1,17,1,1,1,88,1,1
45,450655,1,1,1,21,11,19,13,8,0,1,0,45,1,6,441,6441,20,2003,2C8GP64L73R2,2,C,8,G,P,6,4,L,7,3,R,2,0,T,CHRY,LMT,ES,3,17,,1,0,1193,TWC,G,,,6,230,,,,,4175,00,,42,0,0,000000000,00000000000,0,0,0,1,0,0,0,0,0,0,0,40,0,0,0,12,13,2,1,8,0,0,0,1,45,29532,6,1,0,0,3,3,70,154,1,0,0,0,0,10,2009,10,2009,0,0,0,0,0,2,2,40,1,1,2,1,0,0,1,81,1,1,1,13,0,0
45,450656,1,2,1,21,11,18,10,12,6,1,0,45,1,53,704,53704,80,1990,JS1VS51A3L21,J,S,1,V,S,5,1,A,3,L,2,1,0,M,SUZI,VX8,RS,90,17,,,,,,,805,,2,,4,484,,,,,,,0,0,000000000,00000000000,0,0,0,1,0,0,0,0,0,0,0,40,0,0,0,12,12,6,2,12,0,0,0,1,45,29710,6,1,0,0,3,0,72,165,0,2,0,0,2,4,2009,7,2011,0,0,0,0,0,2,2,35,1,1,2,1,0,0,1,71,1,1,1,83,1,0
45,450656,2,2,2,21,11,18,10,12,6,1,0,37,1,63,33,63033,4,2004,KNAFE1216450,K,N,A,F,E,1,2,1,6,4,5,0,0,P,KIA,SLE,4D,4,17,2701,,0,1028,,G,,F,4,122,,,15R195,,,,,,0,0,000000000,00000000000,0,0,0,1,0,0,0,0,0,0,0,10,0,0,0,10,10,6,2,12,0,0,0,1,37,28092,6,1,0,0,3,0,63,999,0,0,0,0,1,9,2009,9,2009,0,38,0,0,0,1,2,35,1,1,2,1,0,0,11,15,1,1,1,82,0,0
45,450657,1,2,1,21,11,16,10,12,6,1,0,45,2,12,471,12471,30,2000,1FTYR10VXYTB,1,F,T,Y,R,1,0,V,X,Y,T,B,0,T,FORD,RNG,PK,0,17,,1,1175,1116,RNG,F,,,6,182,,,,B,3068,02,U,42,0,0,000000000,00000000000,0,0,0,1,0,0,0,0,0,0,0,5,0,1,1,9,98,6,2,12,0,0,0,1,45,29720,6,1,0,0,3,0,67,178,1,0,0,0,0,11,2009,11,2009,0,38,0,0,0,1,2,45,1,2,2,1,20,3,4,66,1,1,1,89,0,0
45,450657,2,2,1,21,11,16,10,12,6,1,0,45,1,72,706,72706,80,2002,1HD1FLW172Y6,1,H,D,1,F,L,W,1,7,2,Y,6,0,M,HD,CUS,RS,2,17,,,,,,,1450,,2,,4,788,,,,,,,0,0,000000000,00000000000,0,0,0,1,0,0,0,0,0,0,0,45,0,0,0,12,12,6,2,12,0,0,0,1,45,29720,6,1,0,0,3,0,69,284,0,0,0,0,0,0,0,0,0,0,0,0,0,0,2,2,45,3,2,2,1,0,0,14,17,1,1,1,88,1,0
45,450658,1,2,1,22,11,8,15,12,6,1,0,45,1,2,404,2404,14,2006,1J4HS58296C2,1,J,4,H,S,5,8,2,9,6,C,2,0,T,JEEP,LMT,4W,6,17,,1,0,1095,GCK,G,,,8,348,,,,,4421,00,E,42,0,0,000000000,00000000000,0,0,0,1,0,0,0,0,0,0,0,35,0,0,0,12,12,6,2,12,0,0,0,1,45,29554,6,1,0,0,3,3,71,250,0,1,0,3,0,11,2009,9,2011,0,0,0,0,0,2,2,35,1,1,2,1,0,0,1,66,1,1,1,88,0,0
45,450658,2,2,1,22,11,8,15,12,6,1,0,45,1,20,471,20471,30,1987,1GCCT14R8H21,1,G,C,C,T,1,4,R,8,H,2,1,0,T,CHEV,S14,PK,87,17,,1,1229,1083,S,G,,,6,173,,,,B,2838,01,,44,0,0,000000000,00000000000,0,0,0,1,0,0,0,0,0,0,0,10,0,0,0,9,9,6,2,12,0,0,0,1,45,29555,6,1,0,0,3,0,66,180,0,0,0,0,0,0,0,0,0,0,38,0,0,0,1,2,35,1,1,2,1,0,0,4,78,1,1,1,89,1,0
45,450659,1,2,1,24,11,19,0,12,2,1,0,45,1,35,39,35039,4,1999,JN1CA21A5XT1,J,N,1,C,A,2,1,A,5,X,T,1,0,P,NISS,MGS,4D,99,17,2896,,0,1063,,G,,F,6,182,,,15R205,,,,,,0,0,000000000,00000000000,0,0,0,1,0,0,0,0,0,0,0,55,0,0,0,12,12,6,2,12,0,0,0,1,45,29020,6,1,0,0,3,0,62,105,0,1,0,1,0,11,2008,5,2011,0,0,0,0,0,1,2,55,3,1,2,1,0,0,14,62,1,1,1,51,0,0
45,450659,2,2,1,24,11,19,0,12,2,1,0,45,1,72,706,72706,80,2008,1HD1FC4168Y6,1,H,D,1,F,C,4,1,6,8,Y,6,0,M,HD,FLU,RS,8,17,,,,,,,1584,,2,,4,851,,,,,,,0,0,000000000,00000000000,0,0,0,1,0,0,0,0,0,0,0,55,0,0,0,12,98,6,2,12,0,0,0,1,45,29055,6,1,0,0,3,0,70,185,0,1,0,0,0,9,2011,9,2011,0,51,0,0,0,1,2,55,3,1,2,1,0,0,14,54,1,1,2,50,1,1
45,450660,1,1,1,26,11,0,45,42,0,1,0,45,1,12,401,12401,14,2005,1FMZU67K65UA,1,F,M,Z,U,6,7,K,6,5,U,A,0,P,FORD,EPR,UT,5,17,4095,,0,1259,,F,,F,6,245,,,16R235,,,,,,0,0,000000000,00000000000,0,0,0,1,0,0,0,0,0,0,0,45,0,0,0,12,12,6,2,42,0,0,0,1,45,29414,6,1,0,0,3,3,64,175,0,1,0,0,1,10,2010,10,2011,0,99,99,99,99,1,2,40,1,1,2,1,0,0,1,13,1,1,4,1,1,1
45,450661,1,1,1,18,3,5,24,8,0,1,0,45,1,6,14,6014,4,1990,1C3XY66R3LD7,1,C,3,X,Y,6,6,R,3,L,D,7,0,P,CHRY,NFA,4D,90,17,3374,,0,1093,,G,,F,6,201,,,14R195,,,,,,0,0,000000000,00000000000,0,0,0,1,0,0,0,0,0,0,0,40,0,0,0,14,14,0,1,8,0,0,0,1,45,29212,6,1,0,0,3,0,67,145,0,0,0,0,0,0,0,0,0,0,0,0,0,0,2,2,40,1,2,2,1,0,0,1,80,1,1,1,13,0,0
45,450662,1,1,1,26,11,18,56,35,0,1,0,45,2,55,33,55033,4,2011,5NPEB4AC8BH2,5,N,P,E,B,4,A,C,8,B,H,2,0,P,HYUN,SGL,4D,11,17,3161,,0,1100,,G,,F,4,144,,,16R205,,,,,,0,0,000000000,00000000000,0,0,0,1,0,0,0,0,0,0,0,65,0,0,0,98,98,6,2,42,0,0,0,1,45,29464,1,1,5,0,2,0,70,170,1,3,1,0,0,3,2011,9,2011,1,0,0,0,0,1,2,45,3,1,2,1,0,0,14,6,6,3,4,2,1,1
45,450663,3,1,3,28,11,4,0,33,0,1,0,45,1,37,32,37032,4,2001,1HGCG16421A0,1,H,G,C,G,1,6,4,2,1,A,0,0,P,HOND,ULX,4D,1,17,3274,,0,1069,,G,,F,6,183,,,15R205,,,,,,0,0,000000000,00000000000,0,0,0,1,0,0,0,0,0,0,0,70,0,0,0,98,98,6,2,14,0,0,0,1,45,29445,6,1,0,0,3,0,69,145,0,0,0,0,0,0,0,0,0,1,0,0,0,0,1,2,25,1,1,2,2,0,0,1,13,1,9,4,1,1,1
45,450664,1,2,1,8,10,1,25,12,1,1,0,45,1,37,703,37703,80,2003,JH2AF58033K0,J,H,2,A,F,5,8,0,3,3,K,0,0,M,HOND,NPS,MS,3,17,,,,,,,49,,1,,4,157,,,,,,,0,0,000000000,00000000000,0,0,0,1,0,0,0,0,0,0,0,20,0,0,0,6,98,6,2,12,0,0,0,1,45,29687,6,1,0,0,3,0,62,160,0,0,0,0,1,8,2011,8,2011,0,0,0,0,0,2,2,45,1,2,2,1,0,0,1,78,1,1,1,25,1,0
45,450664,2,2,1,8,10,1,25,12,1,1,1,45,1,35,47,35047,4,2008,1N4AL21E38C2,1,N,4,A,L,2,1,E,3,8,C,2,0,P,NISS,ATS,4D,8,17,3028,,0,1093,,G,,F,4,153,,,16R215,,,,,,0,0,000000000,00000000000,0,0,0,1,0,0,0,0,0,0,0,55,0,0,0,12,12,2,1,12,0,0,0,1,45,29651,6,1,0,0,3,0,68,175,0,2,1,1,2,9,2009,10,2010,0,92,0,0,0,2,2,45,1,2,2,1,0,0,1,51,1,1,1,24,0,1
45,450665,1,2,1,11,10,11,0,12,6,1,0,45,3,84,881,84881,66,2007,2HSCNAPR77C3,2,H,S,C,N,A,P,R,7,7,C,3,1,T,INTL,94I,TR,7,17,,8,0,0,940,D,,,6,915,,,,,00000,00,,64,1,13,0391855,130391855,3,6,1,1,0,0,0,0,0,0,0,60,0,0,0,12,12,6,2,12,0,0,0,1,13,30467,6,1,6,0,3,0,69,155,98,0,0,0,0,0,0,0,0,0,0,0,0,0,3,4,60,1,1,2,2,0,0,1,60,1,1,1,45,0,0
45,450665,2,2,1,11,10,11,0,12,6,1,0,45,3,49,472,49472,30,2008,5TENX22N88Z4,5,T,E,N,X,2,2,N,8,8,Z,4,0,T,TOYT,REG,PK,8,17,,1,0,1094,TAC,G,,,4,164,,,,B,3200,00,U,42,0,0,000000000,00000000000,0,0,0,1,0,0,0,0,0,0,0,60,0,0,0,9,9,6,2,12,0,0,0,1,45,29073,6,1,0,0,3,0,61,150,2,0,0,0,0,2,2010,8,2011,1,58,0,0,0,3,4,60,1,1,2,2,0,0,1,53,7,9,2,44,1,1
45,450666,1,1,1,24,10,14,30,1,0,1,0,45,1,98,709,98709,81,2008,999999999999,9,9,9,9,9,9,9,9,9,9,9,9,0,,,,,,,,,,,,,,,,,,,,,,,,,0,0,000000000,00000000000,0,0,0,1,0,0,0,0,0,0,0,30,0,0,0,0,0,0,3,1,0,0,0,1,45,29856,1,1,5,0,2,0,71,150,0,0,0,0,0,0,0,0,0,0,0,0,0,0,1,2,35,1,1,2,1,0,0,1,9,6,1,1,98,1,1
45,450667,1,1,1,26,10,22,15,34,0,1,0,45,1,63,34,63034,4,2004,KNAGD1281452,K,N,A,G,D,1,2,8,1,4,5,2,0,P,KIA,OLE,4D,4,17,3279,,0,1063,,G,,F,6,162,,,16R205,,,,,,0,0,000000000,00000000000,0,0,0,1,0,0,0,0,0,0,0,80,0,1,5,98,98,6,2,32,0,0,0,1,45,29303,6,1,0,0,3,0,68,150,0,1,0,2,0,7,2009,2,2010,1,0,0,0,0,1,2,45,4,2,2,1,0,0,14,12,1,9,4,6,1,1
45,450669,1,2,3,9,11,11,40,12,1,1,0,45,1,21,3,21003,4,1998,1G3HC52K2W48,1,G,3,H,C,5,2,K,2,W,4,8,0,P,OLDS,REG,4D,98,17,3501,,0,1108,,G,,F,6,231,,,15R205,,,,,,0,0,000000000,00000000000,0,0,0,1,0,0,0,0,0,0,0,0,0,0,0,6,6,6,2,12,0,0,0,1,45,29625,6,1,0,0,3,3,72,200,0,0,0,0,0,0,0,0,0,0,0,0,0,0,2,2,45,1,1,2,1,3,3,5,78,1,1,1,21,0,0
45,450669,2,2,2,9,11,11,40,12,1,1,0,45,3,2,404,2404,14,2002,1J8GW38S52C1,1,J,8,G,W,3,8,S,5,2,C,1,0,T,JEEP,GSP,4W,2,17,,1,0,1059,GCK,G,,,6,244,,,,,3872,00,K,44,0,0,000000000,00000000000,0,0,0,1,0,0,0,0,0,0,0,45,0,0,0,12,12,6,2,12,0,0,0,1,45,29630,6,1,6,0,3,3,68,185,0,0,0,0,0,0,0,0,0,0,0,0,0,0,2,2,40,1,1,2,1,3,3,1,50,1,1,1,20,1,0
45,450670,1,1,1,13,11,4,30,30,0,1,0,45,1,20,16,20016,4,2004,1G1JC52F6472,1,G,1,J,C,5,2,F,6,4,7,2,0,P,CHEV,CAV,4D,4,17,2676,,0,1041,,G,,F,4,134,,,14R195,,,,,,0,0,000000000,00000000000,0,0,0,1,0,0,0,0,0,0,0,55,0,0,0,3,3,6,2,30,0,0,0,1,45,29817,6,1,0,0,3,0,71,160,1,0,0,1,0,6,2009,11,2011,0,0,0,0,0,1,2,55,1,1,2,1,0,0,1,9,7,3,4,2,1,1
45,450671,1,1,2,18,11,10,0,59,0,1,0,13,2,2,404,2404,14,2005,1J4GR48K25C5,1,J,4,G,R,4,8,K,2,5,C,5,0,T,JEEP,LCF,4W,5,17,,1,0,1095,GCK,G,,,6,226,,,,,4335,00,E,44,0,0,000000000,00000000000,0,0,0,1,0,0,0,0,0,0,0,70,0,1,1,2,98,6,2,1,0,0,0,1,45,29547,6,1,0,0,3,0,65,120,0,0,0,0,0,0,0,0,0,0,58,0,0,0,2,2,70,1,1,2,1,0,0,1,9,7,9,4,2,1,1
45,450672,1,1,4,22,11,6,52,52,0,1,0,26,2,20,401,20401,14,2004,1GNFK16Z34J2,1,G,N,F,K,1,6,Z,3,4,J,2,0,P,CHEV,K15,UT,4,17,5219,,0,1300,,F,,F,8,325,,,16R265,,,,,,0,0,000000000,00000000000,0,0,0,1,0,0,0,0,0,0,0,70,0,1,5,12,98,6,2,52,0,0,0,1,13,31522,6,1,0,0,3,3,64,120,98,0,0,0,0,0,0,0,0,0,0,0,0,0,3,2,70,1,1,2,1,0,0,1,13,1,9,4,1,1,0
45,450673,1,3,2,3,10,19,30,12,1,1,0,45,1,35,34,35034,2,1988,JN1CZ14S7JX2,J,N,1,C,Z,1,4,S,7,J,X,2,0,P,NISS,30X,2H,88,17,3217,,0,913,,G,,T,6,181,,,16R225,,,,,,0,0,000000000,00000000000,0,0,0,1,0,0,0,0,0,0,0,65,0,0,0,12,12,6,2,12,0,0,0,1,45,29550,6,1,0,0,3,0,67,171,0,0,0,0,0,0,0,0,0,1,0,0,0,0,1,2,40,1,1,2,1,0,0,1,51,1,1,1,24,1,1
45,450673,2,3,2,3,10,19,30,12,1,1,0,45,1,12,17,12017,4,2000,1FAFP5528YG1,1,F,A,F,P,5,5,2,8,Y,G,1,0,P,FORD,TSS,4D,0,17,3333,,0,1085,,F,,F,6,182,,,16R215,,,,,,0,0,000000000,00000000000,0,0,0,1,0,0,0,0,0,0,0,40,0,0,0,6,6,6,2,12,0,0,0,1,45,29101,6,1,0,0,3,0,59,150,0,0,0,0,0,0,0,0,0,0,0,0,0,0,1,2,40,1,1,2,1,0,0,1,78,1,1,1,25,0,0
45,450673,3,3,1,3,10,19,30,12,1,1,0,45,1,19,18,19018,4,2007,1G6DP5771701,1,G,6,D,P,5,7,7,1,7,0,1,0,P,CADI,HF6,4D,7,17,3509,,0,1134,,G,,F,6,220,,,16R225,,,,,,0,0,000000000,00000000000,0,0,0,1,0,0,0,0,0,0,0,40,0,0,0,12,12,6,2,12,0,0,0,1,45,29550,6,1,0,0,3,0,72,190,0,1,0,0,0,2,2011,2,2011,0,0,0,0,0,1,2,40,1,1,2,1,0,0,1,62,1,1,1,98,0,0
45,450674,1,3,1,7,11,11,45,12,1,1,0,45,1,49,32,49032,4,2010,1NXBU4EE5AZ3,1,N,X,B,U,4,E,E,5,A,Z,3,0,P,TOYT,CBL,4D,10,17,2723,,0,1024,,G,,F,4,110,,,15R195,,,,,,0,0,000000000,00000000000,0,0,0,1,0,0,0,0,0,0,0,70,0,0,0,12,12,6,2,12,0,0,0,1,45,29078,6,1,0,0,3,3,74,250,0,0,0,2,0,5,2010,6,2011,1,0,0,0,0,3,2,70,1,1,2,1,9,3,1,50,1,1,1,20,1,0