STATE,ST_CASE,VEH_NO,VE_FORMS,NUMOCCS,DAY,MONTH,HOUR,MINUTE,HARM_EV,MAN_COLL,UNITTYPE,HIT_RUN,REG_STAT,OWNER,MAKE,MODEL,MAK_MOD,BODY_TYP,MOD_YEAR,VIN,VIN_1,VIN_2,VIN_3,VIN_4,VIN_5,VIN_6,VIN_7,VIN_8,VIN_9,VIN_10,VIN_11,VIN_12,TOW_VEH,VINTYPE,VINMAKE,VINA_MOD,VIN_BT,VINMODYR,VIN_LNGT,VIN_WGT,WGTCD_TR,WHLBS_LG,WHLBS_SH,SER_TR,FUELCODE,MCYCL_DS,CARBUR,CYLINDER,DISPLACE,MCYCL_CY,MCYCL_WT,TIRE_SZE,TON_RAT,TRK_WT,TRKWTVAR,VIN_REST,WHLDRWHL,J_KNIFE,MCARR_I1,MCARR_I2,MCARR_ID,GVWR,V_CONFIG,CARGO_BT,HAZ_INV,HAZ_PLAC,HAZ_ID,HAZ_CNO,HAZ_REL,BUS_USE,SPEC_USE,EMER_USE,TRAV_SP,UNDERIDE,ROLLOVER,ROLINLOC,IMPACT1,IMPACT2,DEFORMED,TOWED,M_HARM,VEH_SC1,VEH_SC2,FIRE_EXP,DR_PRES,L_STATE,DR_ZIP,L_STATUS,L_TYPE,CDL_STAT,L_ENDORS,L_COMPL,L_RESTRI,DR_HGT,DR_WGT,PREV_ACC,PREV_SUS,PREV_DWI,PREV_SPD,PREV_OTH,FIRST_MO,FIRST_YR,LAST_MO,LAST_YR,SPEEDREL,DR_SF1,DR_SF2,DR_SF3,DR_SF4,VTRAFWAY,VNUM_LAN,VSPD_LIM,VALIGN,VPROFILE,VPAVETYP,VSURCOND,VTRAFCON,VTCONT_F,P_CRASH1,P_CRASH2,P_CRASH3,PCRASH4,PCRASH5,ACC_TYPE,DEATHS,DR_DRINK
45,450674,2,3,4,7,11,11,45,12,1,1,0,24,2,20,421,20421,15,2011,1GNKRLED5BJ3,1,G,N,K,R,L,E,D,5,B,J,3,0,P,CHEV,TRV,UT,11,17,4790,,0,1189,,G,,F,6,220,,,20R255,,,,,,0,0,000000000,00000000000,0,0,0,1,0,0,0,0,0,0,0,0,0,0,0,6,6,6,2,12,0,0,0,1,24,21157,6,1,0,0,3,0,64,150,0,0,0,0,0,0,0,0,0,0,0,0,0,0,3,2,70,1,1,2,1,9,3,5,78,1,1,1,21,0,0
45,450674,3,3,1,7,11,11,45,12,1,1,0,45,1,82,881,82881,66,1999,1FUPCSZB7XLA,1,F,U,P,C,S,Z,B,7,X,L,A,1,T,FRHT,FLD,TR,99,17,,8,0,0,CON,D,,,6,774,,,,,00000,00,,64,1,45,0685620,450685620,3,6,1,1,0,0,0,0,0,0,0,0,0,0,0,6,6,0,1,12,0,0,0,1,45,29571,6,1,6,3,3,3,70,230,0,0,0,0,0,0,0,0,0,0,0,0,0,0,3,2,70,1,1,2,1,9,3,5,60,1,1,1,98,0,0
45,450675,1,2,1,13,11,22,50,12,6,1,0,45,3,82,881,82881,66,2000,1FUYDSZBXYLB,1,F,U,Y,D,S,Z,B,X,Y,L,B,1,T,FRHT,FLD,TR,0,17,,8,0,0,CON,D,,,6,774,,,,,00000,00,,64,1,45,1534130,451534130,3,6,1,1,0,0,0,0,0,0,0,45,0,0,0,12,12,6,2,12,0,0,0,1,45,29112,6,1,6,0,3,3,67,170,0,0,0,0,0,0,0,0,0,0,0,0,0,0,2,2,45,1,1,2,1,0,0,1,17,1,1,1,88,0,0
45,450675,2,2,2,13,11,22,50,12,6,1,0,45,1,12,401,12401,14,1997,1FMDU32X4VZB,1,F,M,D,U,3,2,X,4,V,Z,B,0,P,FORD,EPR,UT,97,17,3939,,0,1115,,G,,F,6,245,,,15R225,,,,,,0,0,000000000,00000000000,0,0,0,1,0,0,0,0,0,0,0,5,0,0,0,9,9,6,2,12,0,0,0,1,45,29829,6,1,0,0,3,0,73,155,0,0,0,0,0,0,0,0,0,0,38,0,0,0,1,2,45,1,1,2,1,20,3,4,17,1,1,1,89,1,1
45,450676,1,1,2,23,11,1,50,34,0,1,0,45,1,20,481,20481,31,2001,1GCEK19T71E1,1,G,C,E,K,1,9,T,7,1,E,1,0,T,CHEV,SK1,4C,1,17,,2,1575,1435,SIL,G,,,8,325,,,,B,4776,00,,44,0,0,000000000,00000000000,0,0,0,1,0,0,0,0,0,0,0,999,0,1,5,12,98,6,2,1,0,0,0,1,45,29536,6,2,0,0,3,0,70,201,0,0,0,0,0,0,0,0,0,1,58,0,0,0,1,2,98,1,1,2,1,0,0,1,13,1,1,4,1,1,0
45,450677,1,2,3,23,11,13,35,12,6,1,0,45,2,20,2,20002,4,2003,2G1WF52E3393,2,G,1,W,F,5,2,E,3,3,9,3,0,P,CHEV,IMP,4D,3,17,3389,,0,1105,,G,,F,6,207,,,16R225,,,,,,0,0,000000000,00000000000,0,0,0,1,0,0,0,0,0,0,0,45,0,0,0,12,12,6,2,12,0,0,0,1,45,29657,1,1,5,0,2,3,66,125,0,0,1,1,1,10,2010,11,2011,0,0,0,0,0,1,2,45,1,2,2,1,0,0,1,17,1,1,1,86,0,0
45,450677,2,2,1,23,11,13,35,12,6,1,0,45,1,98,709,98709,81,2009,999999999999,9,9,9,9,9,9,9,9,9,9,9,9,0,,,,,,,,,,,,,,,,,,,,,,,,,0,0,000000000,00000000000,0,0,0,1,0,0,0,0,0,0,0,25,0,0,0,81,81,6,2,12,0,0,0,1,45,29617,1,1,5,0,2,0,70,165,0,2,0,0,0,9,2010,11,2010,0,38,0,0,0,1,2,45,1,2,2,1,20,3,1,17,1,1,1,87,1,0
45,450678,1,2,1,16,5,20,11,12,2,1,0,45,1,35,47,35047,4,2002,1N4AL11D52C7,1,N,4,A,L,1,1,D,5,2,C,7,0,P,NISS,ABS,4D,2,17,2873,,0,1102,,G,,F,4,153,,,16R205,,,,,,0,0,000000000,00000000000,0,0,0,1,0,0,0,0,0,0,0,66,0,0,0,12,12,6,2,12,0,0,0,1,45,29205,6,1,0,0,3,0,66,125,0,0,0,0,0,0,0,0,0,0,0,0,0,0,1,2,35,1,1,2,2,0,0,1,54,1,1,1,50,0,1
45,450678,2,2,2,16,5,20,11,12,2,1,0,45,1,63,33,63033,4,2006,KNAFE1215652,K,N,A,F,E,1,2,1,5,6,5,2,0,P,KIA,SLE,4D,6,17,2701,,0,1028,,G,,F,4,122,,,15R195,,,,,,0,0,000000000,00000000000,0,0,0,1,0,0,0,0,0,0,0,35,0,0,0,12,12,6,2,12,0,0,0,1,45,29170,6,1,0,0,3,3,68,155,0,0,0,0,0,0,0,0,0,0,0,0,0,0,1,2,35,1,1,2,2,0,0,1,62,1,1,1,51,1,0
45,450679,1,1,1,5,11,5,30,33,0,1,1,45,1,20,9,20009,2,2010,2G1FK1EJ6A91,2,G,1,F,K,1,E,J,6,A,9,1,0,P,CHEV,SSM,CP,10,17,3913,,0,1123,,G,,F,8,378,,,20R245,,,,,,0,0,000000000,00000000000,0,0,0,1,0,0,0,0,0,0,0,50,0,0,0,98,98,0,1,8,0,0,0,1,45,29115,1,1,5,0,2,0,74,210,0,4,2,2,0,6,2009,1,2011,1,0,0,0,0,2,2,35,1,1,2,1,0,0,1,13,1,1,4,1,0,0
45,450680,1,1,1,21,11,6,32,8,0,1,0,45,3,84,881,84881,60,1993,1HTSCPEM2PH5,1,H,T,S,C,P,E,M,2,P,H,5,0,T,INTL,470,CC,93,17,,6,2540,1280,40S,D,,,6,360,,,,,00000,00,,42,0,77,777777777,77777777777,2,1,1,1,0,0,0,0,0,0,0,35,0,0,0,12,12,2,1,8,0,0,0,1,45,29123,6,1,0,0,2,0,71,165,1,0,0,1,1,1,2011,4,2011,0,0,0,0,0,2,2,35,1,1,2,2,0,0,1,81,4,1,1,13,0,0
45,450681,1,1,2,25,11,4,5,35,0,1,0,45,1,35,39,35039,4,2000,JN1CA31D4YT5,J,N,1,C,A,3,1,D,4,Y,T,5,0,P,NISS,MGS,4D,0,17,3071,,0,1083,,G,,F,6,182,,,15R205,,,,,,0,0,000000000,00000000000,0,0,0,1,0,0,0,0,0,0,0,70,0,1,5,1,98,6,2,1,0,0,0,1,45,29118,6,1,0,0,3,0,65,145,0,3,0,2,0,9,2010,11,2011,0,0,0,0,0,3,2,70,1,1,2,1,0,0,1,13,1,1,4,1,1,1
45,450682,1,2,1,25,11,8,20,12,2,1,0,18,1,14,443,14443,20,2002,4M2ZV12T22DJ,4,M,2,Z,V,1,2,T,2,2,D,J,0,P,MERC,VLR,SV,2,17,4050,,0,1122,,G,,F,6,201,,,16R225,,,,,,0,0,000000000,00000000000,0,0,0,1,0,0,0,0,0,0,0,45,0,0,0,12,12,6,2,12,0,0,0,1,18,46526,6,1,0,0,3,3,66,130,0,0,0,0,0,0,0,0,0,0,0,0,0,0,1,2,45,1,1,2,1,0,0,1,62,1,1,1,51,1,0
45,450682,2,2,1,25,11,8,20,12,2,1,0,45,2,2,404,2404,14,1995,1J4GZ58S8SC6,1,J,4,G,Z,5,8,S,8,S,C,6,0,T,JEEP,LRO,4W,95,17,,1,0,1059,GCK,G,,,6,242,,,,,3552,00,M,44,0,0,000000000,00000000000,0,0,0,1,0,0,0,0,0,0,0,55,0,0,0,12,12,6,2,12,0,0,0,1,45,29640,6,1,0,0,3,0,75,170,0,0,0,1,0,5,2011,5,2011,0,51,0,0,0,1,2,45,1,1,2,1,0,0,1,54,1,1,1,50,0,0
45,450683,1,2,2,26,11,15,15,12,6,1,0,45,1,12,481,12481,31,1974,F10YNU66194,F,1,0,Y,N,U,6,6,1,9,4,,0,T,FORD,F10,PK,74,11,,1,1665,1170,COF,G,,,8,360,,,,B,3452,01,,42,0,0,000000000,00000000000,0,0,0,1,0,0,0,0,0,0,0,50,0,1,1,12,14,6,2,12,0,0,0,1,45,29512,6,1,0,0,3,0,66,175,0,0,0,0,0,0,0,0,0,0,0,0,0,0,2,2,55,1,1,2,1,0,0,1,17,1,1,1,69,0,0
45,450683,2,2,2,26,11,15,15,12,6,1,0,45,1,63,441,63441,20,2002,KNDUP1314263,K,N,D,U,P,1,3,1,4,2,6,3,0,P,KIA,SED,SV,2,17,4709,,0,1145,,G,,F,6,213,,,15R215,,,,,,0,0,000000000,00000000000,0,0,0,1,0,0,0,0,0,0,0,20,0,0,0,81,81,6,2,12,0,0,0,1,45,29512,6,1,0,0,3,0,64,194,0,0,0,0,0,0,0,0,0,0,38,0,0,0,2,2,55,1,1,2,1,0,0,11,15,1,1,1,68,1,0
45,450684,1,1,1,28,11,11,44,35,0,1,0,37,2,37,403,37403,14,2004,5J6YH28534L0,5,J,6,Y,H,2,8,5,3,4,L,0,0,P,HOND,ELE,UT,4,17,3527,,0,1014,,G,,F,4,146,,,16R215,,,,,,0,0,000000000,00000000000,0,0,0,1,0,0,0,0,0,0,0,60,0,1,6,10,98,6,2,42,0,0,0,1,37,28092,6,1,0,0,3,3,62,999,1,0,0,0,0,5,2010,5,2010,1,0,0,0,0,3,2,65,1,2,2,2,0,0,1,6,7,3,4,2,1,0
45,450685,1,1,1,29,11,10,16,34,0,1,0,12,3,51,881,51881,66,2011,4V4NC9EJ8BN5,4,V,4,N,C,9,E,J,8,B,N,5,1,T,VOLV,VNL,TR,11,17,,8,0,0,VVN,D,,,6,793,,,,,00000,00,,64,1,12,0947398,120947398,3,6,1,1,0,0,0,0,0,0,0,65,0,0,0,98,98,6,2,42,0,0,0,1,12,32767,6,1,6,3,3,3,67,999,0,0,0,0,0,0,0,0,0,1,0,0,0,0,3,2,70,1,1,2,1,0,0,1,13,1,1,4,1,1,0
45,450686,1,2,1,30,11,13,45,12,6,1,0,45,2,23,481,23481,31,1984,2GTDC14HXE15,2,G,T,D,C,1,4,H,X,E,1,5,0,T,GMC,C15,PK,84,17,,1,1315,1175,C15,G,,,8,305,,,,B,3314,08,,42,0,0,000000000,00000000000,0,0,0,1,0,0,0,0,0,0,0,35,0,0,0,12,12,0,1,34,0,0,0,1,45,29073,6,1,6,0,3,0,74,215,1,2,0,1,0,3,2010,9,2011,0,0,0,0,0,1,2,35,1,1,2,1,0,0,1,73,1,1,1,98,0,0
45,450686,2,2,1,30,11,13,45,12,6,1,0,45,2,98,709,98709,81,2004,999999999999,9,9,9,9,9,9,9,9,9,9,9,9,0,,,,,,,,,,,,,,,,,,,,,,,,,0,0,000000000,00000000000,0,0,0,1,0,0,0,0,0,0,0,20,0,0,0,63,63,0,8,12,0,0,0,1,45,29172,1,1,5,0,2,0,64,130,0,1,0,0,1,1,2010,5,2010,0,0,0,0,0,1,2,35,1,1,2,1,0,0,4,8,7,1,1,98,1,1
45,450687,1,1,1,23,11,19,50,8,0,1,0,45,2,7,442,7442,20,2006,1D4GP25E16B7,1,D,4,G,P,2,5,E,1,6,B,7,0,P,DODG,CAR,SV,6,17,3821,,0,1133,,F,,F,6,201,,,15R215,,,,,,0,0,000000000,00000000000,0,0,0,1,0,0,0,0,0,0,0,35,0,0,0,12,12,9,1,8,0,0,0,1,45,29577,6,1,0,0,3,0,72,195,0,0,0,0,0,0,0,0,0,0,0,0,0,0,2,2,40,1,1,2,1,0,0,1,81,1,1,1,13,0,0
45,450688,1,1,2,23,11,12,55,24,0,1,0,34,2,14,6,14006,4,2001,2MEFM74W11X6,2,M,E,F,M,7,4,W,1,1,X,6,0,P,MERC,GMG,4D,1,17,3927,,0,1147,,G,,F,8,281,,,16R225,,,,,,0,0,000000000,00000000000,0,0,0,1,0,0,0,0,0,0,0,72,0,1,3,12,98,6,2,24,0,0,0,1,34,7061,6,1,0,0,3,0,999,999,99,99,99,99,99,99,9999,99,9999,1,0,0,0,0,3,2,70,1,1,2,1,0,0,6,6,6,4,4,7,2,0
45,450689,1,1,1,25,11,8,1,32,0,1,0,45,1,49,32,49032,4,1992,1NXAE91A4NZ3,1,N,X,A,E,9,1,A,4,N,Z,3,0,P,TOYT,COA,4D,92,17,2253,,0,957,,G,,F,4,097,,,13R155,,,,,,0,0,000000000,00000000000,0,0,0,1,0,0,0,0,0,0,0,50,0,0,0,12,12,6,2,32,0,0,0,1,45,29720,6,1,0,0,3,3,63,145,1,0,0,1,0,4,2010,4,2010,0,0,0,0,0,1,2,35,3,1,2,1,0,0,14,12,1,1,4,6,1,0
45,450690,1,1,1,1,12,2,59,31,0,1,0,45,1,59,31,59031,4,1995,JT8GK13T7S01,J,T,8,G,K,1,3,T,7,S,0,1,0,P,LEXS,ES3,4D,95,17,3374,,0,1031,,G,,F,6,183,,,15R205,,,,,,0,0,000000000,00000000000,0,0,0,1,0,0,0,0,0,0,0,55,0,1,5,3,98,6,2,1,0,0,0,1,45,29063,6,1,0,0,3,0,70,165,0,1,0,0,0,7,2010,7,2010,0,0,0,0,0,1,2,45,2,2,2,1,0,0,14,13,1,1,4,1,1,1
45,450691,1,3,2,2,12,20,45,8,0,1,0,9,2,20,20,20020,4,1997,2G1WL52M4V92,2,G,1,W,L,5,2,M,4,V,9,2,0,P,CHEV,L/S,4D,97,17,3360,,0,1075,,G,,F,6,191,,,15R205,,,,,,0,0,000000000,00000000000,0,0,0,1,0,0,0,0,0,0,0,50,0,0,0,13,13,6,2,8,0,0,0,1,45,29466,6,1,0,0,3,3,67,130,0,0,0,0,0,0,0,0,0,0,0,0,0,0,2,2,50,1,1,2,1,0,0,1,80,1,1,1,13,0,0
45,450691,2,3,4,2,12,20,45,8,0,1,0,26,1,23,401,23401,14,2002,1GKDT13S6224,1,G,K,D,T,1,3,S,6,2,2,4,0,T,GMC,ENV,4W,2,17,,1,0,1130,ENV,G,,,6,256,,,,B,4628,00,K,44,0,0,000000000,00000000000,0,0,0,1,0,0,0,0,0,0,0,45,0,0,0,14,14,0,1,8,0,0,0,1,26,48386,6,1,0,0,3,0,999,999,99,99,99,99,99,99,9999,99,9999,0,0,0,0,0,2,2,50,1,1,2,1,0,0,1,80,1,1,1,98,0,0
45,450691,3,3,6,2,12,20,45,8,0,1,0,45,2,7,442,7442,20,2008,2D8HN54P88R7,2,D,8,H,N,5,4,P,8,8,R,7,0,T,DODG,GSX,ES,8,17,,2,0,1212,CAR,G,,,6,232,,,,,4483,00,7,42,0,0,000000000,00000000000,0,0,0,1,0,0,0,0,0,0,0,45,0,0,0,14,14,0,1,8,0,0,0,1,45,29418,6,1,0,0,3,3,64,160,0,0,0,0,0,0,0,0,0,0,0,0,0,0,2,2,50,1,1,2,1,0,0,1,80,1,1,1,98,0,0
45,450692,1,1,2,3,12,0,15,34,0,1,0,12,3,20,2,20002,4,2011,2G1WC5EM7B11,2,G,1,W,C,5,E,M,7,B,1,1,0,P,CHEV,ITZ,4D,11,17,3649,,0,1105,,F,,F,6,238,,,18R235,,,,,,0,0,000000000,00000000000,0,0,0,1,0,0,0,0,0,0,0,75,0,0,0,98,98,6,2,42,0,0,0,1,45,29044,6,1,0,0,3,0,73,215,0,1,0,0,0,9,2009,9,2009,1,0,0,0,0,1,2,55,2,1,2,1,0,0,14,12,6,1,4,6,2,1
45,450693,1,1,1,5,12,10,40,8,0,1,0,45,2,37,31,37031,4,2005,2HGES16365H6,2,H,G,E,S,1,6,3,6,5,H,6,0,P,HOND,UDV,4D,5,17,2544,,0,1031,,G,,F,4,102,,,14R185,,,,,,0,0,000000000,00000000000,0,0,0,1,0,0,0,0,0,0,0,30,0,0,0,1,13,2,3,8,0,0,0,1,45,29640,6,1,0,0,3,0,71,150,0,0,0,1,0,12,2009,12,2009,0,0,0,0,0,1,2,35,1,1,2,2,0,0,1,80,1,1,1,13,0,0
45,450694,1,2,0,7,12,19,20,12,1,1,0,45,6,82,881,82881,66,1996,1FUYDXYBXTP5,1,F,U,Y,D,X,Y,B,X,T,P,5,1,T,FRHT,FLD,TR,96,17,,8,0,0,CON,D,,,6,893,,,,,00000,00,,64,1,45,125916,45125916,3,6,1,1,0,0,0,0,0,0,0,0,0,0,0,6,6,0,3,12,0,0,0,0,0,99997,7,6,97,7,6,7,998,997,998,998,998,998,998,98,9998,98,9998,8,20,0,0,0,1,2,55,1,1,2,1,98,3,0,78,0,0,0,98,0,0
45,450694,2,2,1,7,12,19,20,12,1,1,0,45,1,73,705,73705,80,2009,JKBZXNC149A0,J,K,B,Z,X,N,C,1,4,9,A,0,0,M,KAWK,X4C,RC,9,17,,,,,,,1352,,4,,4,567,,,,,,,0,0,000000000,00000000000,0,0,0,1,0,0,0,0,0,0,0,55,0,0,0,12,12,6,2,12,0,0,0,1,45,29541,6,1,0,0,3,0,73,220,0,0,0,0,1,3,2011,3,2011,1,0,0,0,0,1,2,55,1,1,2,1,0,0,1,50,1,1,1,98,1,0
45,450695,1,2,1,27,11,5,30,12,2,1,0,45,2,2,404,2404,14,2000,1J4GW58N8YC1,1,J,4,G,W,5,8,N,8,Y,C,1,0,T,JEEP,LMT,4W,0,17,,1,0,1059,GCK,G,,,8,287,,,,,3917,01,E,44,0,0,000000000,00000000000,0,0,0,1,0,0,0,0,0,0,0,70,0,0,0,12,98,6,2,12,0,0,0,1,34,8610,6,1,0,0,3,0,70,999,0,0,0,0,0,0,0,0,0,1,0,0,0,0,2,2,70,1,1,2,1,0,0,1,10,1,1,6,50,0,0
45,450695,2,2,2,27,11,5,30,12,2,1,0,12,1,7,402,7402,14,2001,1B4HS28N71F5,1,B,4,H,S,2,8,N,7,1,F,5,0,P,DODG,DUR,UT,1,17,4512,,0,1159,,G,,F,8,287,,,15R235,,,,,,0,0,000000000,00000000000,0,0,0,1,0,0,0,0,0,0,0,70,0,0,0,12,98,6,2,12,0,0,0,1,12,32826,6,1,0,0,3,0,61,999,0,0,0,0,0,0,0,0,0,0,0,0,0,0,2,2,70,1,1,2,1,0,0,1,62,1,1,1,51,1,0
45,450696,1,1,2,6,12,15,17,34,0,1,0,45,2,12,3,12003,2,2006,1ZVFT82H8651,1,Z,V,F,T,8,2,H,8,6,5,1,0,P,FORD,MGT,CP,6,17,3483,,0,1071,,G,,F,8,281,,,17R235,,,,,,0,0,000000000,00000000000,0,0,0,1,0,0,0,0,0,0,0,999,0,0,0,12,12,6,2,42,0,0,0,1,45,29550,1,1,5,0,2,0,65,132,0,0,0,0,0,0,0,0,0,0,8,0,0,0,1,2,55,1,2,2,1,0,0,1,12,1,1,4,6,1,1
45,450697,1,1,2,8,12,18,8,8,0,1,0,45,1,49,472,49472,30,2004,5TEWN72N44Z3,5,T,E,W,N,7,2,N,4,4,Z,3,0,T,TOYT,XTR,PC,4,17,,1,0,1219,TAC,G,,,6,206,,,,B,3515,00,U,44,0,0,000000000,00000000000,0,0,0,1,0,0,0,0,0,0,0,60,0,0,0,1,1,2,1,8,0,0,0,1,45,29936,6,2,0,0,3,0,70,135,1,0,0,0,0,7,2010,7,2010,0,0,0,0,0,1,2,55,1,1,2,1,0,0,1,80,1,1,1,13,0,0
45,450698,1,1,2,9,12,14,45,1,0,1,0,45,1,12,401,12401,14,1994,1FMDU34X5RUD,1,F,M,D,U,3,4,X,5,R,U,D,0,P,FORD,EPR,UT,94,17,4053,,0,1120,,G,,F,6,245,,,15R225,,,,,,0,0,000000000,00000000000,0,0,0,1,0,0,0,0,0,0,0,999,0,1,6,0,98,6,2,1,0,0,0,1,45,29464,6,1,0,0,3,0,68,140,0,2,0,0,0,2,2009,7,2010,0,0,0,0,0,1,2,15,1,1,2,1,0,0,1,12,1,1,4,6,1,1
45,450699,1,2,1,10,12,1,18,12,2,1,0,45,1,20,16,20016,4,2002,1G1JH52FX273,1,G,1,J,H,5,2,F,X,2,7,3,0,P,CHEV,CLP,4D,2,17,0,,0,1041,,G,,F,4,134,,,16R205,,,,,,0,0,000000000,00000000000,0,0,0,1,0,0,0,0,0,0,0,45,0,0,0,12,12,6,2,12,0,0,0,1,45,29642,6,1,0,0,3,3,72,135,1,1,0,0,0,2,2009,6,2010,0,0,0,0,0,1,2,45,3,1,2,1,0,0,14,62,1,1,1,51,1,0
45,450699,2,2,1,10,12,1,18,12,2,1,1,45,1,20,481,20481,31,1993,2GCEK19K1P12,2,G,C,E,K,1,9,K,1,P,1,2,0,T,CHEV,GK1,PC,93,17,,2,1555,1415,GM4,G,,,8,350,,,,B,4401,05,,44,0,0,000000000,00000000000,0,0,0,1,0,0,0,0,0,0,0,55,0,0,0,12,12,6,2,12,0,0,0,1,45,29642,1,1,5,0,2,0,70,185,1,3,1,0,1,8,2009,7,2010,0,51,0,0,0,1,2,45,2,1,2,1,0,0,14,54,1,1,2,50,0,0
45,450700,1,2,1,11,12,17,55,12,6,1,0,25,1,30,40,30040,4,2003,3VWSE69M63M1,3,V,W,S,E,6,9,M,6,3,M,1,0,P,VOLK,JGS,4D,3,17,2963,,0,989,,G,,T,4,109,,,15R195,,,,,,0,0,000000000,00000000000,0,0,0,1,0,0,0,0,0,0,0,999,0,0,0,12,12,6,2,12,0,0,0,1,25,2747,6,1,0,0,3,0,65,999,0,0,0,0,0,0,0,0,0,0,0,0,0,0,2,2,60,1,1,2,1,20,3,1,17,1,1,1,88,1,0
45,450700,2,2,1,11,12,17,55,12,6,1,0,45,3,85,881,85881,66,2006,1NKDLU9X96R1,1,N,K,D,L,U,9,X,9,6,R,1,1,T,KW,T80,CC,6,17,,8,2600,1600,CON,D,,,6,763,,,,,00000,00,,64,1,45,1766945,451766945,3,6,4,1,0,0,0,0,0,0,0,999,0,0,0,9,9,0,1,12,0,0,0,1,45,29142,6,1,6,0,3,0,69,240,0,0,0,0,0,0,0,0,0,0,38,0,0,0,2,2,60,1,1,2,1,20,3,2,17,1,1,1,89,0,0
45,450701,1,1,1,14,12,14,0,1,0,1,0,45,2,53,706,53706,80,2003,JS1GV77A0321,J,S,1,G,V,7,7,A,0,3,2,1,0,M,SUZI,G/S,RS,3,17,,,,,,,1157,,4,,4,999,,,,,,,0,0,000000000,00000000000,0,0,0,1,0,0,0,0,0,0,0,57,0,0,0,0,98,6,2,1,0,0,0,1,45,29640,1,1,5,0,2,0,71,200,0,0,0,0,0,0,0,0,0,1,8,0,0,0,1,2,25,4,1,2,1,0,0,14,6,7,1,4,98,1,0
45,450702,1,1,1,22,12,18,45,8,0,1,0,45,1,7,472,7472,30,2004,1D7GG16K94S7,1,D,7,G,G,1,6,K,9,4,S,7,0,T,DODG,SXT,PK,4,17,,1,0,1119,DAK,G,,,6,225,,,,B,3918,00,E,44,0,0,000000000,00000000000,0,0,0,1,0,0,0,0,0,0,0,50,0,0,0,11,11,2,1,8,0,0,0,1,45,29015,6,1,0,0,3,0,71,170,0,0,0,1,0,11,2010,11,2010,0,0,0,0,0,2,2,55,1,1,2,1,0,0,1,80,1,1,1,13,0,0
45,450703,1,1,1,24,12,19,45,8,0,1,0,45,1,12,401,12401,14,1998,1FMZU32P3WUB,1,F,M,Z,U,3,2,P,3,W,U,B,0,P,FORD,EPR,UT,98,17,3911,,0,1115,,G,,F,8,302,,,15R225,,,,,,0,0,000000000,00000000000,0,0,0,1,0,0,0,0,0,0,0,55,0,0,0,12,12,0,1,8,0,0,0,1,45,29536,6,1,0,0,3,0,72,210,0,0,0,0,0,0,0,0,0,0,0,0,0,0,1,2,55,1,1,2,1,0,0,1,80,8,1,1,13,0,0
45,450704,1,1,1,31,12,3,34,8,0,1,0,45,1,20,37,20037,4,1997,1G1ND52T0VY1,1,G,1,N,D,5,2,T,0,V,Y,1,0,P,CHEV,MAL,4D,97,17,2976,,0,1070,,G,,F,4,146,,,15R215,,,,,,0,0,000000000,00000000000,0,0,0,1,0,0,0,0,0,0,0,45,0,0,0,12,12,2,3,8,0,0,0,1,45,29926,6,1,0,0,3,3,71,175,0,0,0,0,0,0,0,0,0,0,0,0,0,0,2,2,45,1,1,2,1,0,0,1,80,1,1,1,13,0,0
45,450705,1,1,1,2,9,19,56,8,0,1,0,45,1,12,422,12422,15,2006,1FMFU19576LA,1,F,M,F,U,1,9,5,7,6,L,A,0,P,FORD,EPT,UT,6,17,5353,,0,1190,,G,,F,8,329,,,17R265,,,,,,0,0,000000000,00000000000,0,0,0,1,0,0,0,0,0,0,0,50,0,0,0,12,12,2,8,8,0,0,0,1,45,29455,6,1,0,0,3,3,60,152,0,1,0,0,0,1,2009,1,2009,0,0,0,0,0,2,2,55,1,1,2,1,3,3,1,80,1,1,1,13,0,0
45,450706,1,1,1,21,11,6,25,8,0,1,0,45,1,13,1,13001,4,2000,1LNHM83W1YY8,1,L,N,H,M,8,3,W,1,Y,Y,8,0,P,LINC,CAR,4D,0,17,4121,,0,1177,,G,,F,8,281,,,16R225,,,,,,0,0,000000000,00000000000,0,0,0,1,0,0,0,0,0,0,0,25,0,0,0,12,12,2,1,8,0,0,0,1,45,29180,6,1,0,0,3,0,74,265,0,0,0,0,0,0,0,0,0,0,0,0,0,0,1,2,25,1,1,2,2,0,0,1,80,1,1,1,13,0,0
45,450707,1,2,2,25,11,14,30,12,6,1,0,45,1,7,13,7013,10,1983,1B7EZ44C4DD3,1,B,7,E,Z,4,4,C,4,D,D,3,0,T,DODG,RMP,PK,83,17,,1,0,1042,RMP,G,,,4,134,,,,,2245,01,,42,0,0,000000000,00000000000,0,0,0,1,0,0,0,0,0,0,0,55,0,0,0,12,12,6,2,12,0,0,0,1,45,29697,6,1,6,0,3,0,73,320,0,0,0,0,0,0,0,0,0,0,0,0,0,0,2,2,55,1,1,2,1,0,0,1,17,1,1,1,88,0,0
45,450707,2,2,2,25,11,14,30,12,6,1,0,45,1,98,709,98709,81,2010,999999999999,9,9,9,9,9,9,9,9,9,9,9,9,0,,,,,,,,,,,,,,,,,,,,,,,,,0,0,000000000,00000000000,0,0,0,1,0,0,0,0,0,0,0,25,0,0,0,9,9,6,2,12,0,0,0,1,45,29673,1,1,5,0,2,0,68,140,0,4,3,0,0,10,2009,10,2011,0,39,0,0,0,1,2,55,1,1,2,1,20,3,1,17,1,1,1,89,1,0