STATE,ST_CASE,VEH_NO,VE_FORMS,NUMOCCS,DAY,MONTH,HOUR,MINUTE,HARM_EV,MAN_COLL,UNITTYPE,HIT_RUN,REG_STAT,OWNER,MAKE,MODEL,MAK_MOD,BODY_TYP,MOD_YEAR,VIN,VIN_1,VIN_2,VIN_3,VIN_4,VIN_5,VIN_6,VIN_7,VIN_8,VIN_9,VIN_10,VIN_11,VIN_12,TOW_VEH,VINTYPE,VINMAKE,VINA_MOD,VIN_BT,VINMODYR,VIN_LNGT,VIN_WGT,WGTCD_TR,WHLBS_LG,WHLBS_SH,SER_TR,FUELCODE,MCYCL_DS,CARBUR,CYLINDER,DISPLACE,MCYCL_CY,MCYCL_WT,TIRE_SZE,TON_RAT,TRK_WT,TRKWTVAR,VIN_REST,WHLDRWHL,J_KNIFE,MCARR_I1,MCARR_I2,MCARR_ID,GVWR,V_CONFIG,CARGO_BT,HAZ_INV,HAZ_PLAC,HAZ_ID,HAZ_CNO,HAZ_REL,BUS_USE,SPEC_USE,EMER_USE,TRAV_SP,UNDERIDE,ROLLOVER,ROLINLOC,IMPACT1,IMPACT2,DEFORMED,TOWED,M_HARM,VEH_SC1,VEH_SC2,FIRE_EXP,DR_PRES,L_STATE,DR_ZIP,L_STATUS,L_TYPE,CDL_STAT,L_ENDORS,L_COMPL,L_RESTRI,DR_HGT,DR_WGT,PREV_ACC,PREV_SUS,PREV_DWI,PREV_SPD,PREV_OTH,FIRST_MO,FIRST_YR,LAST_MO,LAST_YR,SPEEDREL,DR_SF1,DR_SF2,DR_SF3,DR_SF4,VTRAFWAY,VNUM_LAN,VSPD_LIM,VALIGN,VPROFILE,VPAVETYP,VSURCOND,VTRAFCON,VTCONT_F,P_CRASH1,P_CRASH2,P_CRASH3,PCRASH4,PCRASH5,ACC_TYPE,DEATHS,DR_DRINK
45,450766,1,2,2,30,9,7,55,12,6,1,0,93,3,84,881,84881,66,2008,2HSCEAPR88C6,2,H,S,C,E,A,P,R,8,8,C,6,1,T,INTL,92I,TR,8,17,,8,0,0,920,D,,,6,915,,,,,00000,00,,64,1,45,500579,45500579,3,6,3,1,0,0,0,0,0,0,0,40,0,0,0,12,12,2,3,12,0,0,0,1,45,29483,6,1,6,0,3,0,68,185,1,1,0,0,0,3,2010,8,2010,0,0,0,0,0,2,2,50,1,1,2,1,3,3,1,17,1,1,1,83,0,0
45,450766,2,2,1,30,9,7,55,12,6,1,0,45,1,24,1,24001,4,1999,1G8ZK5270XZ1,1,G,8,Z,K,5,2,7,0,X,Z,1,0,P,STRN,SL2,4D,99,17,2418,,0,1024,,G,,F,4,116,,,15R185,,,,,,0,0,000000000,00000000000,0,0,0,1,0,0,0,0,0,0,0,15,0,0,0,9,9,6,2,12,0,0,0,1,45,29418,6,1,0,0,3,0,64,230,0,1,0,0,0,3,2011,3,2011,0,38,0,0,0,2,2,50,1,1,2,1,3,3,11,15,1,1,1,82,1,0
45,450767,1,3,3,4,11,21,30,12,6,1,0,45,1,37,31,37031,2,2000,1HGEJ8244YL0,1,H,G,E,J,8,2,4,4,Y,L,0,0,P,HOND,UAX,CP,0,17,2560,,0,1032,,G,,F,4,097,,,14R185,,,,,,0,0,000000000,00000000000,0,0,0,1,0,0,0,0,0,0,0,24,0,0,0,4,4,6,2,12,0,0,0,1,45,29697,6,1,0,0,3,0,66,130,0,0,0,0,0,0,0,0,0,0,38,0,0,0,1,2,55,1,1,2,1,20,3,1,17,1,1,1,87,1,1
45,450767,2,3,1,4,11,21,30,12,6,1,0,45,3,85,881,85881,66,2011,1XKDDP8X0BJ2,1,X,K,D,D,P,8,X,0,B,J,2,1,T,KW,T80,TR,11,17,,8,2600,1600,CON,D,,,6,787,,,,,00000,00,,64,1,45,0917597,450917597,3,6,2,2,2,1203,3,1,0,0,0,55,0,0,0,12,12,6,2,12,0,0,0,1,45,29374,6,1,6,3,3,0,70,175,1,0,0,0,0,2,2009,2,2009,0,0,0,0,0,1,2,55,1,1,2,1,0,0,1,17,1,1,1,86,0,0
45,450767,3,3,1,4,11,21,30,12,6,1,0,45,1,12,481,12481,31,2004,1FTRX12W34NB,1,F,T,R,X,1,2,W,3,4,N,B,0,T,FORD,F15,4C,4,17,,2,1450,1260,COF,G,,,8,281,,,,B,5170,00,U,42,0,0,000000000,00000000000,0,0,0,1,0,0,0,0,0,0,0,0,0,0,0,99,99,0,1,18,0,0,0,1,45,29697,6,1,0,0,3,0,73,151,0,0,0,0,1,10,2010,10,2010,0,0,0,0,0,1,2,55,1,1,2,1,20,3,5,91,1,1,1,98,0,0
45,450768,1,1,1,6,11,0,1,8,0,1,1,99,9,99,999,99999,99,9999,999999999999,9,9,9,9,9,9,9,9,9,9,9,9,0,,,,,,,,,,,,,,,,,,,,,,,,,0,0,000000000,00000000000,0,0,0,1,0,0,0,0,0,0,0,999,0,0,0,12,99,9,1,8,0,0,0,1,99,99999,9,9,99,9,9,9,999,999,99,99,99,99,99,99,9999,99,9999,0,0,0,0,0,3,2,70,1,1,2,99,0,0,1,80,1,1,1,13,0,0
45,450769,1,3,1,19,5,17,45,12,6,1,0,45,1,12,422,12422,15,2004,1FMFU17LX4LB,1,F,M,F,U,1,7,L,X,4,L,B,0,P,FORD,EPT,UT,4,17,5339,,0,1191,,G,,F,8,330,,,17R265,,,,,,0,0,000000000,00000000000,0,0,0,1,0,0,0,0,0,0,0,45,0,0,0,12,12,6,2,12,0,0,0,1,45,29544,6,1,0,0,3,3,63,140,0,0,0,0,0,0,0,0,0,0,39,0,0,0,2,2,45,1,1,2,1,3,3,1,17,1,1,1,86,0,0
45,450769,2,3,3,19,5,17,45,12,6,1,0,45,1,6,43,6043,4,2007,1C3LC56R97N5,1,C,3,L,C,5,6,R,9,7,N,5,0,P,CHRY,STO,4D,7,17,3290,,0,1089,,G,,F,6,167,,,17R215,,,,,,0,0,000000000,00000000000,0,0,0,1,0,0,0,0,0,0,0,30,0,0,0,3,3,6,2,12,0,0,0,1,45,29527,1,1,5,0,2,0,62,218,0,0,0,1,0,11,2009,11,2009,0,0,0,0,0,2,2,45,1,1,2,1,3,3,1,17,1,1,1,87,1,0
45,450769,3,3,1,19,5,17,45,12,6,1,0,45,1,37,441,37441,20,2003,5FNRL18993B0,5,F,N,R,L,1,8,9,9,3,B,0,0,P,HOND,UDY,SV,3,17,4376,,0,1181,,G,,F,6,212,,,16R225,,,,,,0,0,000000000,00000000000,0,0,0,1,0,0,0,0,0,0,0,0,0,0,0,12,12,6,2,12,0,0,0,1,45,29526,6,1,0,0,3,0,62,135,0,0,0,0,0,0,0,0,0,0,0,0,0,0,2,2,45,1,1,2,1,3,3,5,62,1,1,1,98,0,0
45,450770,1,2,1,20,9,13,48,12,1,1,0,45,1,37,32,37032,4,2002,1HGCG56492A0,1,H,G,C,G,5,6,4,9,2,A,0,0,P,HOND,ULX,4D,2,17,3097,,0,1069,,G,,F,4,138,,,15R195,,,,,,0,0,000000000,00000000000,0,0,0,1,0,0,0,0,0,0,0,50,0,0,0,6,6,6,2,12,0,0,0,1,45,29403,6,1,0,0,3,0,69,190,0,0,0,0,0,0,0,0,0,0,0,0,0,0,3,3,50,1,2,2,1,0,0,1,61,1,1,1,25,1,0
45,450770,2,2,1,20,9,13,48,12,1,1,0,45,1,19,3,19003,4,2002,1G6KD54Y82U1,1,G,6,K,D,5,4,Y,8,2,U,1,0,P,CADI,DFW,4D,2,17,3978,,0,1153,,G,,F,8,279,,,16R225,,,,,,0,0,000000000,00000000000,0,0,0,1,0,0,0,0,0,0,0,60,0,0,0,12,12,6,2,12,0,0,0,1,45,29461,6,1,0,0,3,3,72,240,0,0,0,0,0,0,0,0,0,0,0,0,0,0,3,3,50,1,2,2,1,0,0,15,59,1,1,2,24,0,1
46,460001,1,1,1,5,1,0,1,1,0,1,0,46,1,30,42,30042,1,2000,3VWCC21V7YM8,3,V,W,C,C,2,1,V,7,Y,M,8,0,P,VOLK,UCG,CV,0,17,2787,,0,974,,G,,F,4,121,,,14R195,,,,,,0,0,000000000,00000000000,0,0,0,1,0,0,0,0,0,0,0,998,0,1,6,0,11,6,2,43,0,0,0,1,46,57783,6,1,0,0,3,1,69,140,0,0,0,0,0,0,0,0,0,0,0,0,0,0,1,2,25,1,1,2,1,0,0,1,13,1,1,4,1,1,1
46,460002,1,2,1,17,1,10,15,12,6,1,0,93,3,84,881,84881,66,2009,2HSCWAPR29C0,2,H,S,C,W,A,P,R,2,9,C,0,1,T,INTL,PLT,TR,9,17,,8,0,0,PRO,D,,,6,915,,,,,00000,00,,64,1,57,601459,57601459,3,6,1,1,0,0,0,0,0,0,0,52,0,0,0,12,12,6,2,12,0,0,0,1,27,56187,6,1,6,0,3,0,67,210,0,0,0,0,1,4,2010,4,2010,0,0,0,0,0,1,2,55,1,1,2,4,0,0,1,73,2,1,1,85,0,0
46,460002,2,2,1,17,1,10,15,12,6,1,0,46,1,21,17,21017,4,1984,1G3AM19R6ED5,1,G,3,A,M,1,9,R,6,E,D,5,0,P,OLDS,CIB,4D,84,17,2717,,0,1049,,G,,F,4,151,,,14R185,,,,,,0,0,000000000,00000000000,0,0,0,1,0,0,0,0,0,0,0,5,0,0,0,9,9,6,2,12,0,0,0,1,46,57252,6,1,0,0,3,1,72,161,0,0,0,0,0,0,0,0,0,0,38,0,0,0,1,2,55,1,1,2,4,0,0,98,98,1,1,1,85,1,0
46,460003,1,2,2,31,1,11,0,12,2,1,0,46,2,12,461,12461,21,1989,1FDEE14N4KHA,1,F,D,E,E,1,4,N,4,K,H,A,0,T,FORD,15V,CG,89,17,,2,1380,1240,VAN,G,,,8,302,,,,B,3738,01,A,42,0,0,000000000,00000000000,0,0,0,1,0,0,0,0,0,0,0,50,0,0,0,12,12,6,2,12,0,0,0,1,46,57078,6,1,0,0,3,1,67,170,0,0,0,0,0,0,0,0,0,0,0,0,0,0,1,2,65,1,3,2,4,0,0,1,5,1,7,2,50,1,0
46,460003,2,2,1,31,1,11,0,12,2,1,0,46,1,20,471,20471,30,1995,1GCDT19W8S81,1,G,C,D,T,1,9,W,8,S,8,1,0,T,CHEV,S14,PC,95,17,,1,0,1229,S,G,,,6,262,,,,B,00000,00,,44,0,0,000000000,00000000000,0,0,0,1,0,0,0,0,0,0,0,998,0,0,0,12,12,6,2,12,0,0,0,1,46,57037,6,1,0,0,3,1,68,200,0,0,0,0,0,0,0,0,0,0,0,0,0,0,1,2,65,1,3,2,4,0,0,1,62,1,1,1,51,0,0
46,460004,1,1,5,6,2,14,11,1,0,1,0,46,2,20,481,20481,31,2000,2GCEK19T0Y12,2,G,C,E,K,1,9,T,0,Y,1,2,0,T,CHEV,SK1,3C,0,17,,2,1575,1435,SIL,G,,,8,325,,,,B,4621,02,,44,0,0,000000000,00000000000,0,0,0,1,0,0,0,0,0,0,0,59,0,1,3,0,0,6,2,1,0,0,0,1,46,57548,6,1,0,0,3,0,66,160,0,0,0,1,0,11,2008,11,2008,1,92,0,0,0,2,2,75,1,1,1,10,0,0,1,6,8,2,4,7,1,0
46,460005,1,2,1,11,2,11,18,12,1,1,0,0,0,84,998,84998,93,1991,000000000000,0,0,0,0,0,0,0,0,0,0,0,0,0,,,,,,,,,,,,,,,,,,,,,,,,,0,0,000000000,00000000000,0,0,0,1,0,0,0,0,0,0,0,998,0,0,0,6,6,2,1,12,0,0,0,1,46,57366,6,1,0,0,3,1,68,240,0,0,0,0,0,0,0,0,0,0,0,0,0,0,1,2,65,1,1,2,1,0,0,1,53,1,1,1,25,0,0
46,460005,2,2,1,11,2,11,18,12,1,1,0,46,1,20,481,20481,31,1996,1GCEK19M6TE1,1,G,C,E,K,1,9,M,6,T,E,1,0,T,CHEV,GK1,PC,96,17,,2,1555,1415,GM4,G,,,8,305,,,,B,4495,08,,44,0,0,000000000,00000000000,0,0,0,1,0,0,0,0,0,0,0,998,0,0,0,12,12,6,2,12,0,0,0,1,46,57366,6,1,0,0,3,1,69,184,0,0,0,0,0,0,0,0,0,0,26,0,0,0,1,2,65,1,1,2,1,0,0,1,51,1,1,1,24,1,0
46,460006,1,2,1,16,2,20,11,12,6,1,0,46,1,18,20,18020,2,1994,2G4WB15MXR14,2,G,4,W,B,1,5,M,X,R,1,4,0,P,BUIC,RGC,CP,94,17,3240,,0,1075,,G,,F,6,191,,,15R205,,,,,,0,0,000000000,00000000000,0,0,0,1,0,0,0,0,0,0,0,998,0,1,5,12,12,6,2,1,0,0,0,1,46,57703,6,1,0,0,3,1,74,190,2,0,0,0,0,11,2010,1,2011,0,39,0,0,0,1,2,50,1,1,2,1,20,3,1,17,1,1,1,86,1,1
46,460006,2,2,2,16,2,20,11,12,6,1,0,46,1,12,481,12481,31,2003,1FTNX21F53EA,1,F,T,N,X,2,1,F,5,3,E,A,0,T,FORD,F2S,4C,3,17,,2,1580,1418,SRW,D,,,8,444,,,,C,5982,02,U,44,0,0,000000000,00000000000,0,0,0,1,0,0,0,0,0,0,0,45,0,1,5,4,4,6,2,1,0,0,0,1,46,57701,6,1,0,0,3,0,74,260,0,0,0,0,0,0,0,0,0,0,0,0,0,0,1,2,50,1,1,2,1,0,0,1,66,1,1,1,87,0,0
46,460008,1,2,1,24,2,13,30,12,2,1,0,46,2,22,20,22020,4,2002,1G2WK52J12F1,1,G,2,W,K,5,2,J,1,2,F,1,0,P,PONT,GFS,4D,2,17,3384,,0,1105,,G,,F,6,191,,,15R205,,,,,,0,0,000000000,00000000000,0,0,0,1,0,0,0,0,0,0,0,52,0,0,0,12,12,6,2,12,0,0,0,1,46,57214,6,1,0,0,3,1,67,180,1,0,0,0,0,10,2008,10,2008,0,28,0,0,0,1,2,55,1,1,2,1,0,0,1,10,1,1,2,50,1,0
46,460008,2,2,1,24,2,13,30,12,2,1,0,46,1,20,403,20403,14,2006,1GNDT13S1621,1,G,N,D,T,1,3,S,1,6,2,1,0,P,CHEV,TRL,UT,6,17,4594,,0,1130,,G,,F,6,256,,,16R235,,,,,,0,0,000000000,00000000000,0,0,0,1,0,0,0,0,0,0,0,55,0,0,0,12,12,6,2,12,0,0,0,1,46,57241,6,1,0,0,3,0,73,226,0,0,0,0,0,0,0,0,0,0,0,0,0,0,1,2,55,1,1,2,1,0,0,1,62,2,1,1,51,0,0
46,460009,1,2,5,26,2,14,39,12,6,1,0,46,2,6,441,6441,20,2005,2C4GP54LX5R2,2,C,4,G,P,5,4,L,X,5,R,2,0,T,CHRY,TOU,ES,5,17,,1,0,1193,TWC,G,,,6,230,,,,,4256,00,,42,0,0,000000000,00000000000,0,0,0,1,0,0,0,0,0,0,0,10,0,0,0,10,10,6,2,12,0,0,0,1,46,57401,6,1,0,0,3,1,66,260,0,0,0,0,0,0,0,0,0,0,0,0,0,0,1,2,20,1,1,2,4,0,0,1,66,1,1,1,89,0,0
46,460009,2,2,1,26,2,14,39,12,6,1,0,46,2,99,998,99998,91,1991,000000000000,0,0,0,0,0,0,0,0,0,0,0,0,0,,,,,,,,,,,,,,,,,,,,,,,,,0,0,000000000,00000000000,0,0,0,1,0,0,0,0,0,0,0,40,0,0,0,12,12,6,2,12,0,0,0,1,46,57401,6,1,0,0,3,0,71,190,1,0,0,0,0,11,2010,11,2010,1,38,0,0,0,1,2,20,1,1,2,4,0,0,1,17,6,1,1,88,1,1
46,460010,1,1,5,9,3,22,59,1,0,1,0,38,1,35,473,35473,31,2006,1N6BA07B46N5,1,N,6,B,A,0,7,B,4,6,N,5,0,T,NISS,TXS,CW,6,17,,2,0,1398,TTN,F,,,8,342,,,,C,4954,00,E,44,0,0,000000000,00000000000,0,0,0,1,0,0,0,0,0,0,0,65,0,1,3,0,0,6,2,1,0,0,0,1,38,58078,6,1,0,0,3,0,69,140,0,0,0,0,0,0,0,0,0,1,0,0,0,0,2,2,75,1,1,1,4,0,0,1,5,1,2,4,7,1,0
46,460011,1,1,2,20,3,16,32,33,0,1,0,19,1,22,18,22018,4,2000,1G2NV52E2YC5,1,G,2,N,V,5,2,E,2,Y,C,5,0,P,PONT,GT1,4D,0,17,3168,,0,1070,,G,,F,6,207,,,16R225,,,,,,0,0,000000000,00000000000,0,0,0,1,0,0,0,0,0,0,0,63,0,1,6,5,13,6,2,1,0,0,0,1,46,57069,6,1,0,0,3,0,71,170,0,0,0,0,0,0,0,0,0,1,0,0,0,0,1,2,25,3,2,1,1,20,3,14,13,3,4,4,98,1,1
46,460012,1,1,3,5,3,16,23,42,0,1,0,46,1,9,19,9019,4,1994,3P3AA4636RT3,3,P,3,A,A,4,6,3,6,R,T,3,0,P,PLYM,ACC,4D,94,17,2751,,0,1035,,G,,F,6,181,,,14R185,,,,,,0,0,000000000,00000000000,0,0,0,1,0,0,0,0,0,0,0,50,0,0,0,1,1,6,2,42,0,0,0,1,46,57770,0,0,0,0,0,0,999,999,0,0,0,0,0,0,0,0,0,1,92,0,0,0,1,2,15,3,2,2,11,0,0,14,13,1,1,4,1,1,1
46,460013,1,1,1,26,3,9,20,1,0,1,0,13,3,7,880,7880,67,2008,3D7ML48A58G1,3,D,7,M,L,4,8,A,5,8,G,1,1,T,DODG,SQ3,CW,8,17,,3,0,1600,RPC,D,,,6,408,,,,D,6293,00,E,42,1,57,01156800,5701156800,2,4,1,1,0,0,0,0,0,0,0,60,0,2,3,0,0,6,2,1,0,0,0,1,13,30078,6,1,0,0,3,0,74,205,98,0,0,0,0,0,0,0,0,1,0,0,0,0,2,2,75,1,1,1,10,0,0,6,5,6,2,4,7,1,0
46,460014,1,1,2,26,3,13,40,1,0,1,0,56,2,20,481,20481,31,1982,1GCGK24M4CJ1,1,G,C,G,K,2,4,M,4,C,J,1,0,T,CHEV,K20,PK,82,17,,2,0,1315,K20,G,,,8,350,,,,CD,4072,01,,44,0,0,000000000,00000000000,0,0,0,1,0,0,0,0,0,0,0,45,0,2,5,0,0,6,2,1,0,0,0,1,46,57756,0,0,0,0,0,0,72,195,0,2,0,0,0,8,2008,8,2008,0,0,0,0,0,1,2,55,1,1,2,1,0,0,1,12,1,1,4,6,1,1
46,460015,1,2,3,15,4,8,18,12,6,1,0,27,2,7,43,7043,4,2001,1B3EJ46X41N5,1,B,3,E,J,4,6,X,4,1,N,5,0,P,DODG,SSE,4D,1,17,3151,,0,1080,,G,,F,4,148,,,15R205,,,,,,0,0,000000000,00000000000,0,0,0,1,0,0,0,0,0,0,0,65,0,0,0,2,2,6,2,12,0,0,0,1,27,56265,0,0,0,0,0,0,999,999,0,0,0,0,0,0,0,0,0,1,28,0,0,0,1,2,65,1,1,2,4,0,0,1,5,1,4,2,66,2,0
46,460015,2,2,1,15,4,8,18,12,6,1,0,19,3,82,881,82881,62,2007,1FVACWDC47HX,1,F,V,A,C,W,D,C,4,7,H,X,0,T,FRHT,16M,CC,7,17,,6,0,0,FM2,D,,,6,439,,,,,00000,00,,42,0,5,7175882,057175882,2,1,1,1,0,0,0,0,0,0,0,55,0,0,0,12,12,6,2,12,0,0,0,1,46,57103,6,1,6,1,3,1,73,240,0,0,0,0,0,0,0,0,0,0,0,0,0,0,1,2,65,1,1,2,4,0,0,1,62,1,1,1,66,0,0
46,460016,1,2,1,15,4,11,6,12,6,1,0,46,3,18,2,18002,4,1998,1G4HP52K0WH4,1,G,4,H,P,5,2,K,0,W,H,4,0,P,BUIC,LCF,4D,98,17,3348,,0,1108,,G,,F,6,231,,,15R205,,,,,,0,0,000000000,00000000000,0,0,0,1,0,0,0,0,0,0,0,40,0,0,0,12,12,6,2,12,0,0,0,1,46,57640,6,1,0,0,3,1,65,200,0,0,0,3,0,8,2009,3,2011,0,0,0,0,0,1,2,65,1,1,2,4,0,0,1,62,4,1,1,66,0,0
46,460016,2,2,2,15,4,11,6,12,6,1,0,46,1,37,32,37032,4,1995,1HGCE6660SA0,1,H,G,C,E,6,6,6,0,S,A,0,0,P,HOND,AEX,4D,95,17,3184,,0,1069,,G,,F,6,163,,,15R205,,,,,,0,0,000000000,00000000000,0,0,0,1,0,0,0,0,0,0,0,40,0,0,0,3,3,6,2,12,0,0,0,1,46,57601,6,1,0,0,3,1,70,165,2,0,0,0,0,3,2009,11,2009,0,58,0,0,0,1,2,65,1,1,2,4,0,0,1,5,1,4,2,66,1,0
46,460017,1,1,2,5,4,12,7,42,0,1,0,46,1,63,34,63034,4,2010,KNAGG4A88A54,K,N,A,G,G,4,A,8,8,A,5,4,0,P,KIA,OLX,4D,10,17,3157,,0,1071,,G,,F,4,144,,,16R205,,,,,,0,0,000000000,00000000000,0,0,0,1,0,0,0,0,0,0,0,75,0,0,0,12,12,6,2,42,0,0,0,1,46,57104,6,1,0,0,3,1,67,148,0,0,0,0,0,0,0,0,0,0,0,0,0,0,2,2,75,1,1,1,1,0,0,1,13,1,1,4,1,1,0
46,460018,1,4,1,29,4,7,51,12,6,1,0,46,1,12,481,12481,31,2006,1FTPW14V56KD,1,F,T,P,W,1,4,V,5,6,K,D,0,T,FORD,F1S,CW,6,17,,2,1500,1390,COF,F,,,8,329,,,,B,5476,01,E,44,0,0,000000000,00000000000,0,0,0,1,0,0,0,0,0,0,0,998,0,0,0,11,12,6,2,12,0,0,1,1,46,57225,6,1,6,0,3,1,70,325,0,0,0,0,0,0,0,0,0,0,51,0,0,0,1,2,65,1,3,2,1,0,0,1,10,1,1,1,64,1,0
46,460018,2,4,1,29,4,7,51,12,6,1,0,46,2,12,481,12481,40,2011,1FT8W3DT2BEB,1,F,T,8,W,3,D,T,2,B,E,B,1,T,FORD,F3D,CW,11,17,,3,0,1724,DRW,D,,,8,409,,,,D,7273,00,7,44,1,0,000000000,00000000000,0,0,0,1,0,0,0,0,0,0,0,60,0,0,0,11,10,6,2,12,0,0,0,1,46,57434,6,1,0,0,3,0,72,160,0,0,0,0,0,0,0,0,0,0,0,0,0,0,1,2,65,1,3,2,1,0,0,1,62,7,1,1,65,0,0
46,460018,3,4,1,29,4,7,51,12,6,1,0,46,2,12,880,12880,67,2008,1FTWW33RX8EC,1,F,T,W,W,3,3,R,X,8,E,C,1,T,FORD,F3D,CW,8,17,,3,1720,1560,DRW,D,,,8,390,,,,D,7256,01,E,44,1,88,888888888,88888888888,2,4,97,1,0,0,0,0,0,0,0,60,0,0,0,12,12,6,2,12,0,0,1,1,46,57434,6,1,0,0,3,0,72,165,0,2,1,0,0,11,2010,11,2010,0,0,0,0,0,1,2,65,1,3,2,1,0,0,1,62,3,1,1,98,0,0
46,460018,4,4,1,29,4,7,51,12,6,1,0,46,1,12,401,12401,14,2003,1FMZU74EX3UC,1,F,M,Z,U,7,4,E,X,3,U,C,0,P,FORD,EPR,UT,3,17,4094,,0,1137,,G,,F,6,245,,,17R245,,,,,,0,0,000000000,00000000000,0,0,0,1,0,0,0,0,0,0,0,998,0,0,0,12,12,2,1,54,0,0,0,1,46,57466,6,1,0,0,3,1,60,160,0,0,0,0,0,0,0,0,0,0,0,0,0,0,1,2,65,1,3,2,1,0,0,1,98,2,1,1,98,0,0
46,460019,1,1,2,11,5,15,52,1,0,1,0,31,1,7,43,7043,4,2000,1B3EJ46X5YN1,1,B,3,E,J,4,6,X,5,Y,N,1,0,P,DODG,SSE,4D,0,17,2937,,0,1080,,G,,F,4,148,,,14R195,,,,,,0,0,000000000,00000000000,0,0,0,1,0,0,0,0,0,0,0,59,0,1,5,0,0,6,2,1,0,0,0,1,31,69337,6,1,0,0,3,1,68,170,0,0,0,0,0,0,0,0,0,0,28,0,0,0,2,2,70,1,2,1,2,0,0,1,13,9,1,4,1,1,0
46,460020,1,1,1,8,5,19,23,9,0,1,0,46,1,6,54,6054,6,2005,2C8GM48L45R5,2,C,8,G,M,4,8,L,4,5,R,5,0,P,CHRY,PIF,UT,5,17,4262,,0,1160,,G,,F,6,232,,,17R235,,,,,,0,0,000000000,00000000000,0,0,0,1,0,0,0,0,0,0,0,10,0,0,0,1,1,2,1,9,0,0,0,1,46,57103,6,1,6,0,3,1,73,185,0,0,0,1,0,3,2010,3,2010,0,91,0,0,0,5,4,30,1,2,1,1,3,3,11,83,1,1,2,13,0,0
46,460021,1,1,3,8,5,18,40,8,0,1,0,46,2,7,482,7482,31,2006,3D7LX38C66G1,3,D,7,L,X,3,8,C,6,6,G,1,0,T,DODG,SQ3,CW,6,17,,2,1605,1405,RPC,D,,,6,359,,,,D,6848,02,E,44,0,0,000000000,00000000000,0,0,0,1,0,0,0,0,0,0,0,25,0,0,0,1,1,0,1,8,0,0,0,1,46,57793,6,2,0,0,3,1,60,96,0,1,0,2,0,5,2009,5,2009,0,0,0,0,0,1,2,20,1,1,2,1,0,0,1,80,1,1,1,13,0,0
46,460022,1,4,1,12,4,9,31,12,1,1,0,46,2,7,461,7461,21,1990,2B6HB21Y6LK7,2,B,6,H,B,2,1,Y,6,L,K,7,0,T,DODG,B25,CG,90,17,,2,1276,1096,RMV,G,,,8,318,,,,C,3576,01,A,42,0,0,000000000,00000000000,0,0,0,1,0,0,0,0,0,0,0,40,0,0,0,12,12,6,2,12,0,0,0,1,46,57769,6,1,0,0,3,0,60,250,0,0,0,0,0,0,0,0,0,0,38,0,0,0,5,4,45,1,1,1,1,3,3,1,50,1,1,1,20,1,0
46,460022,2,4,2,12,4,9,31,12,1,1,0,46,3,12,481,12481,31,2005,1FTPW14595KD,1,F,T,P,W,1,4,5,9,5,K,D,0,T,FORD,F1S,CW,5,17,,2,1450,1260,COF,G,,,8,330,,,,B,5577,00,U,44,0,0,000000000,00000000000,0,0,0,1,0,0,0,0,0,5,0,0,0,0,0,6,6,6,2,12,0,0,0,1,46,57785,6,1,0,0,3,1,72,210,1,0,0,0,0,8,2010,8,2010,0,0,0,0,0,5,4,45,1,1,1,1,3,3,5,53,1,1,1,21,0,0
46,460022,3,4,2,12,4,9,31,12,1,1,0,46,2,20,498,20498,14,2010,1GNLVGED8AS1,1,G,N,L,V,G,E,D,8,A,S,1,0,P,CHEV,TRV,UT,10,17,5066,,0,1189,,G,,F,6,220,,,18R255,,,,,,0,0,000000000,00000000000,0,0,0,1,0,0,0,0,0,0,0,0,0,0,0,6,6,4,1,12,0,0,0,1,46,57701,6,1,0,0,3,1,66,115,0,0,0,0,0,0,0,0,0,0,0,0,0,0,5,4,45,1,1,1,1,3,3,5,53,1,1,1,98,0,0
46,460022,4,4,1,12,4,9,31,12,1,1,0,46,1,7,482,7482,31,2000,1B7HF16Z1YS6,1,B,7,H,F,1,6,Z,1,Y,S,6,0,T,DODG,150,PK,0,17,,2,1347,1187,RPC,G,,,8,360,,,,B,4542,01,U,44,0,0,000000000,00000000000,0,0,0,1,0,0,0,0,0,0,0,0,0,0,0,6,6,6,2,12,0,0,0,1,46,57703,6,1,0,0,3,1,72,180,0,0,0,0,0,0,0,0,0,0,0,0,0,0,5,4,45,1,1,1,1,3,3,5,53,1,1,1,98,0,0
46,460023,1,1,1,19,5,9,15,35,0,1,0,46,1,63,441,63441,20,2005,KNDUP1315566,K,N,D,U,P,1,3,1,5,5,6,6,0,P,KIA,SED,SV,5,17,4802,,0,1145,,G,,F,6,213,,,15R215,,,,,,0,0,000000000,00000000000,0,0,0,1,0,0,0,0,0,0,0,998,0,1,5,12,13,6,2,1,0,0,0,1,46,57350,6,1,0,0,3,1,69,216,0,0,0,2,0,5,2009,9,2009,0,0,0,0,0,1,2,65,2,1,2,1,0,0,14,12,1,1,4,6,1,0
46,460024,1,1,3,23,2,22,15,1,0,1,0,46,3,12,481,12481,31,2003,1FTSX31S63EB,1,F,T,S,X,3,1,S,6,3,E,B,0,T,FORD,F3S,4C,3,17,,2,1580,1418,SRW,G,,,10,415,,,,D,5976,02,U,44,0,0,000000000,00000000000,0,0,0,1,0,0,0,0,0,0,0,44,0,1,5,0,0,6,2,1,0,0,0,1,46,57658,0,0,0,0,0,0,72,165,0,0,0,0,0,0,0,0,0,1,28,0,0,0,1,2,55,1,1,2,4,0,0,1,5,1,2,4,7,1,1