STATE,ST_CASE,VEH_NO,VE_FORMS,NUMOCCS,DAY,MONTH,HOUR,MINUTE,HARM_EV,MAN_COLL,UNITTYPE,HIT_RUN,REG_STAT,OWNER,MAKE,MODEL,MAK_MOD,BODY_TYP,MOD_YEAR,VIN,VIN_1,VIN_2,VIN_3,VIN_4,VIN_5,VIN_6,VIN_7,VIN_8,VIN_9,VIN_10,VIN_11,VIN_12,TOW_VEH,VINTYPE,VINMAKE,VINA_MOD,VIN_BT,VINMODYR,VIN_LNGT,VIN_WGT,WGTCD_TR,WHLBS_LG,WHLBS_SH,SER_TR,FUELCODE,MCYCL_DS,CARBUR,CYLINDER,DISPLACE,MCYCL_CY,MCYCL_WT,TIRE_SZE,TON_RAT,TRK_WT,TRKWTVAR,VIN_REST,WHLDRWHL,J_KNIFE,MCARR_I1,MCARR_I2,MCARR_ID,GVWR,V_CONFIG,CARGO_BT,HAZ_INV,HAZ_PLAC,HAZ_ID,HAZ_CNO,HAZ_REL,BUS_USE,SPEC_USE,EMER_USE,TRAV_SP,UNDERIDE,ROLLOVER,ROLINLOC,IMPACT1,IMPACT2,DEFORMED,TOWED,M_HARM,VEH_SC1,VEH_SC2,FIRE_EXP,DR_PRES,L_STATE,DR_ZIP,L_STATUS,L_TYPE,CDL_STAT,L_ENDORS,L_COMPL,L_RESTRI,DR_HGT,DR_WGT,PREV_ACC,PREV_SUS,PREV_DWI,PREV_SPD,PREV_OTH,FIRST_MO,FIRST_YR,LAST_MO,LAST_YR,SPEEDREL,DR_SF1,DR_SF2,DR_SF3,DR_SF4,VTRAFWAY,VNUM_LAN,VSPD_LIM,VALIGN,VPROFILE,VPAVETYP,VSURCOND,VTRAFCON,VTCONT_F,P_CRASH1,P_CRASH2,P_CRASH3,PCRASH4,PCRASH5,ACC_TYPE,DEATHS,DR_DRINK
46,460025,1,1,1,1,6,10,33,1,0,1,0,31,1,76,705,76705,80,1983,JYA5K5008DA1,J,Y,A,5,K,5,0,0,8,D,A,1,0,M,YAMA,XJ5,RS,83,17,,,,,,,550,,4,,4,407,,,,,,,0,0,000000000,00000000000,0,0,0,1,0,0,0,0,0,0,0,998,0,0,0,0,12,6,2,24,0,0,0,1,31,68776,6,1,0,0,3,0,73,224,0,0,0,0,0,0,0,0,0,0,27,0,0,0,2,2,75,1,1,1,1,0,0,15,8,7,2,2,98,1,0
46,460026,1,1,1,4,6,20,19,1,0,1,0,56,2,20,431,20431,16,2003,3GNFK16Z43G1,3,G,N,F,K,1,6,Z,4,3,G,1,0,P,CHEV,K15,UT,3,17,5123,,0,1300,,F,,F,8,325,,,16R265,,,,,,0,0,000000000,00000000000,0,0,0,1,0,0,0,0,0,0,0,65,0,1,1,0,0,6,2,1,0,0,0,1,46,57501,6,1,0,0,3,1,65,170,0,0,0,1,0,6,2009,6,2009,0,28,0,0,0,1,2,65,2,1,2,1,0,0,14,12,9,1,6,98,1,0
46,460027,1,1,2,3,6,7,35,34,0,1,0,38,1,12,481,12481,31,2001,1FTNF20F71ED,1,F,T,N,F,2,0,F,7,1,E,D,0,T,FORD,F2S,PK,1,17,,2,0,1370,SRW,D,,,8,444,,,,C,4956,07,U,42,0,0,000000000,00000000000,0,0,0,1,0,0,0,0,0,0,0,77,0,1,5,12,11,6,2,1,0,0,0,1,38,58104,6,1,0,0,3,1,70,999,1,0,0,1,1,4,2009,3,2011,0,58,0,0,0,2,2,75,1,2,1,1,0,0,1,13,7,2,4,2,1,0
46,460028,1,2,2,8,6,11,25,12,6,1,0,46,2,14,6,14006,4,1989,2MEBM75F6KX6,2,M,E,B,M,7,5,F,6,K,X,6,0,P,MERC,MGL,4D,89,17,3774,,0,1143,,G,,F,8,302,,,15R215,,,,,,0,0,000000000,00000000000,0,0,0,1,0,0,0,0,0,0,0,998,0,0,0,11,11,6,2,12,0,0,0,1,46,57559,6,1,0,0,3,1,67,165,0,0,0,0,0,0,0,0,0,0,38,0,0,0,1,2,45,1,2,1,1,20,3,10,16,1,1,1,80,1,0
46,460028,2,2,1,8,6,11,25,12,6,1,0,46,3,82,881,82881,66,2007,1FUJAPAV17DY,1,F,U,J,A,P,A,V,1,7,D,Y,1,T,FRHT,FL3,TR,7,17,,8,0,0,CON,D,,,6,893,,,,,00000,00,,64,1,57,44347,5744347,3,6,1,1,0,0,0,0,0,0,0,30,0,0,0,11,11,4,1,12,0,0,0,1,46,57569,6,1,6,1,3,1,74,250,0,0,0,2,0,4,2011,6,2011,0,0,0,0,0,1,2,45,1,2,1,1,20,3,6,67,9,1,2,81,0,0
46,460029,1,2,2,10,6,18,51,12,6,1,0,46,2,24,1,24001,4,2002,1G8ZH52852Z2,1,G,8,Z,H,5,2,8,5,2,Z,2,0,P,STRN,SL1,4D,2,17,2377,,0,1024,,G,,F,4,116,,,14R185,,,,,,0,0,000000000,00000000000,0,0,0,1,0,0,0,0,0,0,0,15,0,0,0,9,9,6,2,12,0,0,0,1,46,57013,6,1,0,0,3,0,63,180,0,0,0,0,0,0,0,0,0,0,0,0,0,0,1,2,65,1,1,2,1,0,0,11,15,1,1,2,72,1,0
46,460029,2,2,1,10,6,18,51,12,6,1,0,46,1,18,2,18002,4,2000,1G4HR54K8YU1,1,G,4,H,R,5,4,K,8,Y,U,1,0,P,BUIC,LLF,4D,0,17,3591,,0,1122,,G,,F,6,231,,,15R215,,,,,,0,0,000000000,00000000000,0,0,0,1,0,0,0,0,0,0,0,82,0,0,0,1,1,6,2,12,0,0,0,1,46,57032,6,1,0,0,3,1,74,230,0,2,0,1,1,8,2010,8,2010,1,35,0,0,0,1,2,65,1,1,2,1,0,0,6,17,2,1,2,73,0,0
46,460030,1,2,1,29,6,16,2,12,2,1,0,46,1,12,15,12015,2,1993,1FAPP31X7PK1,1,F,A,P,P,3,1,X,7,P,K,1,0,P,FORD,TGL,2D,93,17,2532,,0,999,,G,,F,4,140,,,14R185,,,,,,0,0,000000000,00000000000,0,0,0,1,0,0,0,0,0,0,0,998,0,0,0,12,12,6,2,12,0,0,0,1,46,57103,6,1,0,0,3,0,71,145,0,2,1,0,0,12,2009,12,2009,0,28,0,0,0,1,2,65,1,1,1,1,0,0,1,62,1,1,2,50,1,1
46,460030,2,2,1,29,6,16,2,12,2,1,0,46,1,14,401,14401,14,2002,4M2ZU86E22ZJ,4,M,2,Z,U,8,6,E,2,2,Z,J,0,P,MERC,MOU,UT,2,17,4410,,0,1138,,G,,F,6,245,,,16R245,,,,,,0,0,000000000,00000000000,0,0,0,1,0,0,0,0,0,0,0,60,0,0,0,12,12,6,2,12,0,0,0,1,46,57103,6,1,0,0,3,0,63,115,0,0,0,0,0,0,0,0,0,0,0,0,0,0,1,2,65,1,1,1,1,0,0,1,10,1,1,1,51,0,0
46,460031,1,1,3,2,7,13,46,1,0,1,0,31,1,7,481,7481,31,1993,3B7KE23C3PM1,3,B,7,K,E,2,3,C,3,P,M,1,1,T,DODG,D20,PC,93,17,,2,1490,1330,D20,D,,,6,359,,,,C,4291,01,A,42,1,0,000000000,00000000000,0,0,0,1,0,0,0,0,0,0,0,998,0,1,5,0,12,6,2,35,0,0,0,1,31,68801,6,1,0,0,3,1,67,182,1,0,0,0,0,10,2008,10,2008,0,0,0,0,0,1,2,65,1,2,1,1,0,0,1,12,1,1,4,6,1,0
46,460032,1,3,2,3,7,15,53,12,1,1,0,46,1,53,706,53706,80,2006,JS1VY52A7621,J,S,1,V,Y,5,2,A,7,6,2,1,0,M,SUZI,C90,RS,6,17,,,,,,,1462,,2,,4,665,,,,,,,0,0,000000000,00000000000,0,0,0,1,0,0,0,0,0,0,0,45,0,0,0,12,18,6,2,12,0,0,0,1,46,57703,6,1,0,0,3,0,75,205,1,0,0,0,0,3,2009,3,2009,0,26,0,0,0,1,2,45,4,2,2,1,0,0,6,50,1,1,2,20,1,0
46,460032,2,3,3,3,7,15,53,12,1,1,0,4,1,7,442,7442,20,2006,1D4GP25B06B6,1,D,4,G,P,2,5,B,0,6,B,6,0,P,DODG,CAR,SV,6,17,3821,,0,1133,,G,,F,4,148,,,15R215,,,,,,0,0,000000000,00000000000,0,0,0,1,0,0,0,0,0,0,0,0,0,0,0,6,6,2,1,12,0,0,0,1,4,85032,6,1,0,0,3,0,67,180,0,0,0,3,0,2,2009,11,2009,0,0,0,0,0,1,2,45,4,2,2,1,0,0,5,53,1,1,1,21,0,0
46,460032,3,3,2,3,7,15,53,12,1,1,0,27,2,20,401,20401,14,1998,1GNDT13W7W22,1,G,N,D,T,1,3,W,7,W,2,2,0,P,CHEV,BZR,UT,98,17,4046,,0,1070,,G,,F,6,262,,,15R235,,,,,,0,0,000000000,00000000000,0,0,0,1,0,0,0,0,0,0,0,40,0,0,0,14,14,2,1,54,0,0,0,1,27,55372,6,1,0,0,3,0,66,280,0,0,0,0,0,0,0,0,0,0,0,0,0,0,1,2,45,4,2,2,1,0,0,14,62,9,1,1,98,0,0
46,460033,1,2,1,7,7,16,47,12,2,1,0,46,2,24,5,24005,4,2003,1G8JW54R13Y5,1,G,8,J,W,5,4,R,1,3,Y,5,0,P,STRN,L30,4D,3,17,3197,,0,1065,,G,,F,6,183,,,16R215,,,,,,0,0,000000000,00000000000,0,0,0,1,0,0,0,0,0,0,0,10,0,0,0,12,12,4,3,12,0,0,0,1,46,57104,6,1,0,0,3,1,63,230,0,0,0,0,0,0,0,0,0,0,38,0,0,0,1,2,45,1,1,2,1,3,3,11,15,1,1,1,68,0,0
46,460033,2,2,1,7,7,16,47,12,2,1,0,46,1,76,705,76705,80,2001,JYAVM01E21A0,J,Y,A,V,M,0,1,E,2,1,A,0,0,M,YAMA,V6A,RS,1,17,,,,,,,649,,2,,4,495,,,,,,,0,0,000000000,00000000000,0,0,0,1,0,0,0,0,0,0,0,998,0,0,0,12,12,6,2,12,0,0,0,1,46,57022,6,1,0,0,3,0,69,190,0,2,0,1,2,8,2008,10,2008,0,0,0,0,0,1,2,45,1,1,2,1,3,3,1,62,1,1,1,69,1,0
46,460034,1,1,1,29,6,17,55,45,0,1,0,46,1,22,20,22020,4,1999,1G2WR5219XF2,1,G,2,W,R,5,2,1,9,X,F,2,0,P,PONT,GTP,4D,99,17,3512,,0,1105,,G,,Z,6,231,,,16R225,,,,,,0,0,000000000,00000000000,0,0,0,1,0,0,0,0,0,0,0,7,5,0,0,1,1,6,2,24,0,0,0,1,46,57301,6,1,0,0,3,0,69,170,0,0,0,2,0,5,2010,8,2010,0,41,0,0,0,2,2,75,1,1,2,1,98,3,15,51,6,1,2,98,1,0
46,460035,1,1,1,17,5,3,0,1,0,1,0,46,2,20,403,20403,14,2003,1GNDT13S2322,1,G,N,D,T,1,3,S,2,3,2,2,0,P,CHEV,TRL,UT,3,17,4600,,0,1130,,G,,F,6,256,,,16R245,,,,,,0,0,000000000,00000000000,0,0,0,1,0,0,0,0,0,0,0,35,0,1,5,0,0,6,2,1,0,0,0,1,46,57702,1,2,0,0,2,0,999,999,0,4,1,0,0,1,2010,1,2010,0,58,0,0,0,1,2,10,3,1,2,1,0,0,14,13,6,1,4,6,1,1
46,460036,1,1,1,22,7,17,50,35,0,1,0,46,1,12,401,12401,14,1993,1FMDU34X9PUB,1,F,M,D,U,3,4,X,9,P,U,B,0,P,FORD,EPR,UT,93,17,3997,,0,1120,,G,,F,6,245,,,15R225,,,,,,0,0,000000000,00000000000,0,0,0,1,0,0,0,0,0,0,0,41,0,1,5,11,0,6,2,1,0,0,0,1,46,57078,6,1,0,0,3,1,69,240,0,0,0,0,0,0,0,0,0,0,58,0,0,0,1,2,55,1,3,2,1,0,0,1,12,7,1,4,6,1,1
46,460037,1,1,1,16,7,4,53,10,0,1,0,46,1,20,403,20403,14,2007,1GNDT13S1723,1,G,N,D,T,1,3,S,1,7,2,3,0,P,CHEV,TRL,UT,7,17,4523,,0,1130,,G,,F,6,256,,,17R245,,,,,,0,0,000000000,00000000000,0,0,0,1,0,0,0,0,0,0,0,998,0,0,0,12,12,6,2,10,0,0,1,1,46,57301,6,1,0,0,3,1,71,210,0,0,0,0,0,0,0,0,0,0,0,0,0,0,2,2,65,1,1,1,2,65,3,1,90,1,1,1,15,1,0
46,460038,1,1,2,29,7,5,54,52,0,1,0,30,4,20,2,20002,4,2011,2G1WG5EK7B13,2,G,1,W,G,5,E,K,7,B,1,3,0,P,CHEV,IMT,4D,11,17,3555,,0,1105,,F,,F,6,214,,,16R225,,,,,,0,0,000000000,00000000000,0,0,0,1,0,0,0,0,0,0,0,80,0,1,3,12,12,6,2,1,0,0,0,1,56,83127,6,1,0,0,3,0,69,160,0,0,0,0,1,4,2010,4,2010,0,92,0,0,0,2,2,65,1,1,2,1,0,0,1,12,1,1,4,6,1,0
46,460039,1,2,3,2,8,15,0,12,2,1,0,46,2,21,20,21020,4,1994,1G3WH55M3RD3,1,G,3,W,H,5,5,M,3,R,D,3,0,P,OLDS,SUS,4D,94,17,3137,,0,1075,,G,,F,6,191,,,15R205,,,,,,0,0,000000000,00000000000,0,0,0,1,0,0,0,0,0,0,0,45,0,0,0,12,12,6,2,12,0,0,1,1,46,57548,0,0,0,0,0,0,999,999,0,0,0,0,0,0,0,0,0,0,28,0,0,0,1,2,55,1,3,4,1,0,0,1,10,1,1,1,50,1,1
46,460039,2,2,6,2,8,15,0,12,2,1,0,46,2,49,32,49032,4,2001,2T1BR12E21C4,2,T,1,B,R,1,2,E,2,1,C,4,0,P,TOYT,UCS,4D,1,17,2410,,0,970,,G,,F,4,109,,,14R175,,,,,,0,0,000000000,00000000000,0,0,0,1,0,0,0,0,0,0,0,30,0,0,0,12,12,6,2,12,0,0,1,1,46,57548,6,7,0,0,3,1,66,170,0,0,0,0,0,0,0,0,0,0,0,0,0,0,1,2,55,1,3,4,1,0,0,1,62,1,1,1,51,4,0
46,460040,1,1,1,3,8,11,55,59,0,1,0,17,2,9,442,9442,20,1996,2P4FP2536TR8,2,P,4,F,P,2,5,3,6,T,R,8,0,P,PLYM,VOF,SV,96,17,3425,,0,1133,,G,,F,6,181,,,14R205,,,,,,0,0,000000000,00000000000,0,0,0,1,0,0,0,0,0,0,0,53,0,2,5,81,82,6,2,1,0,0,0,1,19,50140,6,1,0,0,3,0,72,150,0,0,0,0,0,0,0,0,0,1,0,0,0,0,1,2,40,3,1,2,1,40,2,14,13,6,4,4,2,1,0
46,460041,1,1,1,6,8,12,15,1,0,1,0,27,1,72,706,72706,80,2009,1HD1FB4139Y6,1,H,D,1,F,B,4,1,3,9,Y,6,0,M,HD,FHR,RS,9,17,,,,,,,1584,,2,,4,812,,,,,,,0,0,000000000,00000000000,0,0,0,1,0,0,0,0,0,0,0,998,0,0,0,0,0,6,2,1,0,0,0,1,27,55303,6,1,0,0,3,1,72,223,0,0,0,1,0,11,2010,11,2010,0,0,0,0,0,1,2,35,3,2,1,1,0,0,14,13,1,1,4,1,1,0
46,460042,1,1,1,7,8,4,16,38,0,1,0,46,2,32,42,32042,4,1998,WAUBA24B9WN1,W,A,U,B,A,2,4,B,9,W,N,1,0,P,AUDI,A6Q,4D,98,17,3603,,0,1086,,G,,F,6,169,,,15R195,,,,,,0,0,000000000,00000000000,0,0,0,1,0,0,0,0,0,0,0,998,0,1,5,12,0,6,2,1,0,0,0,1,46,57033,6,1,0,0,3,0,73,150,3,4,0,1,5,5,2009,5,2011,0,0,0,0,0,1,2,65,3,1,2,2,0,0,14,13,9,1,4,1,1,1
46,460043,1,1,1,9,8,12,6,1,0,1,0,17,2,72,706,72706,80,2003,1HD1PGE113Y9,1,H,D,1,P,G,E,1,1,3,Y,9,0,M,HD,2RS,RS,3,17,,,,,,,1690,,2,,4,745,,,,,,,0,0,000000000,00000000000,0,0,0,1,0,0,0,0,0,0,0,45,0,0,0,0,0,4,3,1,0,0,0,1,29,65079,6,1,0,0,3,0,73,210,0,0,0,0,0,0,0,0,0,1,0,0,0,0,1,2,45,2,6,2,1,0,0,14,6,3,1,1,98,1,0
46,460044,1,2,1,10,8,22,30,12,1,1,0,31,1,77,706,77706,80,2008,5VPAB26D2830,5,V,P,A,B,2,6,D,2,8,3,0,0,M,VCTY,8BA,RS,8,17,,,,,,,1634,,2,,4,652,,,,,,,0,0,000000000,00000000000,0,0,0,1,0,0,0,0,0,0,0,998,0,0,0,6,6,4,3,12,0,0,0,1,31,68506,6,1,0,0,3,1,70,180,0,0,0,0,0,0,0,0,0,0,0,0,0,0,1,2,65,1,2,2,1,0,0,1,53,1,1,1,25,1,0
46,460044,2,2,1,10,8,22,30,12,1,1,1,46,1,37,33,37033,2,1990,JHMBA4136LC0,J,H,M,B,A,4,1,3,6,L,C,0,0,P,HOND,PSI,CP,90,17,2570,,0,1010,,G,,F,4,125,,,14R195,,,,,,0,0,000000000,00000000000,0,0,0,1,0,0,0,0,0,0,0,80,0,0,0,12,12,4,1,12,0,0,0,1,46,57717,6,1,6,0,3,0,68,135,0,2,0,1,1,8,2008,9,2009,1,92,0,0,0,1,2,65,1,2,2,1,0,0,1,51,2,1,1,24,0,0
46,460045,1,1,2,11,8,21,26,38,0,1,0,46,2,22,20,22020,4,1997,1G2WP52KXVF2,1,G,2,W,P,5,2,K,X,V,F,2,0,P,PONT,GPG,4D,97,17,3414,,0,1105,,G,,F,6,231,,,16R225,,,,,,0,0,000000000,00000000000,0,0,0,1,0,0,0,0,0,0,0,106,0,1,5,12,0,6,2,1,0,0,0,1,46,57719,6,1,0,0,3,1,75,240,0,0,0,0,0,0,0,0,0,1,0,0,0,0,1,2,50,1,1,2,1,0,0,1,12,6,1,4,6,1,1
46,460046,1,2,1,12,8,14,33,1,0,1,0,46,1,12,481,12481,31,1995,1FTHX26F3SKB,1,F,T,H,X,2,6,F,3,S,K,B,0,T,FORD,F25,PC,95,17,,2,0,1550,COF,D,,,8,444,,,,C,00000,00,A,44,0,0,000000000,00000000000,0,0,0,1,0,0,0,0,0,0,0,0,0,0,0,6,6,2,1,12,0,0,0,1,46,57720,6,1,6,0,3,1,72,145,0,0,0,2,0,7,2009,7,2009,0,92,0,0,0,1,2,65,1,2,2,1,0,0,5,53,1,1,1,98,0,0
46,460046,2,2,1,12,8,14,33,1,0,1,0,27,1,72,706,72706,80,1999,1HD1FCW15XY6,1,H,D,1,F,C,W,1,5,X,Y,6,0,M,HD,FLU,RS,99,17,,,,,,,1450,,2,,4,788,,,,,,,0,0,000000000,00000000000,0,0,0,1,0,0,0,0,0,0,0,63,0,0,0,0,3,6,2,12,0,0,0,1,27,55379,6,1,0,0,3,1,70,220,0,0,0,0,0,0,0,0,0,0,0,0,0,0,1,2,65,1,2,2,1,0,0,1,50,3,1,1,98,1,0
46,460047,1,1,3,17,8,11,20,1,0,1,0,46,1,20,431,20431,16,1998,3GNFK16R8WG1,3,G,N,F,K,1,6,R,8,W,G,1,0,P,CHEV,K15,UT,98,17,4825,,0,1315,,G,,F,8,350,,,16R245,,,,,,0,0,000000000,00000000000,0,0,0,1,0,0,0,0,0,0,0,61,0,2,3,0,0,6,2,1,0,0,0,1,46,57349,6,1,6,0,3,1,73,240,0,0,0,0,0,0,0,0,0,0,58,0,0,0,2,2,75,1,1,2,1,98,3,1,12,1,1,4,6,1,0
46,460048,1,2,2,5,8,17,4,12,1,1,0,16,1,72,706,72706,80,2008,1HD1KB4158Y6,1,H,D,1,K,B,4,1,5,8,Y,6,0,M,HD,FHX,RS,8,17,,,,,,,1584,,2,,4,786,,,,,,,0,0,000000000,00000000000,0,0,0,1,0,0,0,0,0,0,0,15,0,0,0,6,6,2,3,12,0,0,0,1,16,83642,6,1,0,0,3,0,73,185,0,0,0,0,0,0,0,0,0,0,0,0,0,0,1,2,55,1,1,2,1,0,0,10,16,7,1,1,27,0,0
46,460048,2,2,1,5,8,17,4,12,1,1,0,16,2,72,706,72706,80,2002,1HD1GEV122Y3,1,H,D,1,G,E,V,1,2,2,Y,3,0,M,HD,FWG,RS,2,17,,,,,,,1450,,2,,4,614,,,,,,,0,0,000000000,00000000000,0,0,0,1,0,0,0,0,0,0,0,36,0,0,0,12,12,6,2,1,0,0,0,1,16,83704,4,1,0,0,2,0,72,190,2,2,0,0,2,8,2009,3,2010,0,26,38,0,0,1,2,55,1,1,2,1,0,0,1,51,3,2,1,24,1,0
46,460049,1,2,4,13,8,17,43,12,1,1,0,29,3,12,37,12037,4,2012,1FAHP3F21CL1,1,F,A,H,P,3,F,2,1,C,L,1,0,P,FORD,FSE,4D,12,17,2918,,0,1042,,G,,F,4,122,,,16R205,,,,,,0,0,000000000,00000000000,0,0,0,1,0,0,0,0,0,0,0,998,0,0,0,12,12,6,2,12,0,0,0,1,29,63020,6,1,0,0,3,0,64,160,1,0,0,1,0,9,2008,7,2011,0,0,0,0,0,2,2,65,1,2,1,1,0,0,1,60,8,1,1,32,0,0
46,460049,2,2,2,13,8,17,43,12,1,1,0,39,1,72,706,72706,80,2001,1HD1GDV141Y3,1,H,D,1,G,D,V,1,4,1,Y,3,0,M,HD,FDL,RS,1,17,,,,,,,1450,,2,,4,614,,,,,,,0,0,000000000,00000000000,0,0,0,1,0,0,0,0,0,0,0,65,0,0,0,6,6,6,2,1,0,0,0,1,39,45014,6,1,0,0,3,0,73,228,0,0,0,0,0,0,0,0,0,0,81,0,0,0,2,2,65,1,2,1,1,0,0,15,90,1,1,2,32,1,0
46,460050,1,2,1,22,8,18,29,12,2,1,0,46,2,41,471,41471,30,1994,4F4CR16U4RTM,4,F,4,C,R,1,6,U,4,R,T,M,0,T,MAZD,3CP,PC,94,17,,1,0,1251,B30,G,,,6,182,,,,,3275,00,A,42,0,0,000000000,00000000000,0,0,0,1,0,0,0,0,0,0,0,998,0,1,5,12,12,6,2,2,0,0,1,1,46,57252,6,1,0,0,3,0,75,185,0,0,0,0,0,0,0,0,0,0,51,0,0,0,1,2,55,1,2,2,1,0,0,1,54,99,1,1,52,1,0
46,460050,2,2,1,22,8,18,29,12,2,1,0,27,3,89,881,89881,66,1995,4V1JDBPFXSR8,4,V,1,J,D,B,P,F,X,S,R,8,1,T,WHGM,WGM,TR,95,17,,8,0,0,WCN,D,,,6,661,,,,,00000,00,,64,3,57,1452941,571452941,3,6,3,1,0,0,0,0,0,0,0,59,0,0,0,12,12,6,2,12,0,0,0,1,27,56227,6,1,0,0,2,0,72,240,1,0,0,0,0,9,2010,9,2010,0,0,0,0,0,1,2,55,1,2,2,1,0,0,1,54,4,1,1,52,0,0
46,460051,1,1,2,8,7,14,40,11,0,1,0,46,1,72,706,72706,80,2006,1HD1BZB156Y0,1,H,D,1,B,Z,B,1,5,6,Y,0,0,M,HD,XTS,RS,6,17,,,,,,,1450,,2,,4,671,,,,,,,0,0,000000000,00000000000,0,0,0,1,0,0,0,0,0,0,0,998,0,0,0,12,12,4,3,11,0,0,0,1,46,57022,6,1,0,0,3,0,70,195,0,0,0,0,1,9,2009,9,2009,0,0,0,0,0,4,2,65,1,3,2,1,0,0,1,87,1,1,1,13,1,0
46,460052,1,1,1,2,9,16,0,11,0,1,0,46,1,37,734,37734,90,2009,1HFTE3706940,1,H,F,T,E,3,7,0,6,9,4,0,1,M,HOND,T4A,AT,9,17,,,,,,,420,,1,,4,623,,,,,,,1,0,000000000,00000000000,0,0,0,1,0,0,0,0,0,0,0,998,0,0,0,2,2,2,1,11,0,0,0,1,46,57567,6,1,6,0,3,0,72,190,0,0,0,0,0,0,0,0,0,0,0,0,0,0,1,2,50,1,1,2,1,0,0,1,87,1,1,1,13,1,0
46,460053,1,2,2,3,9,2,22,12,6,1,1,19,2,7,402,7402,14,1998,1B4HS28Z7WF1,1,B,4,H,S,2,8,Z,7,W,F,1,0,P,DODG,DUR,UT,98,17,4349,,0,1159,,G,,F,8,360,,,15R235,,,,,,0,0,000000000,00000000000,0,0,0,1,0,0,0,0,0,0,0,80,0,0,0,12,12,6,2,12,0,0,0,1,19,50588,0,0,0,0,0,0,999,999,0,0,0,0,0,0,0,0,0,1,39,0,0,0,5,4,35,1,1,1,1,3,3,1,67,8,1,1,83,0,1
46,460053,2,2,1,3,9,2,22,12,6,1,0,46,2,37,33,37033,2,1999,JHMBB6144XC0,J,H,M,B,B,6,1,4,4,X,C,0,0,P,HOND,PRE,CP,99,17,2954,,0,1017,,G,,F,4,132,,,16R205,,,,,,0,0,000000000,00000000000,0,0,0,1,0,0,0,0,0,0,0,5,0,0,0,9,9,6,2,12,0,0,0,1,46,57006,6,7,0,0,3,1,68,127,1,0,0,0,2,6,2010,7,2010,0,0,0,0,0,5,4,35,1,1,1,1,3,3,11,15,1,1,1,82,1,0
46,460054,1,1,2,3,9,23,20,35,0,1,0,46,1,12,481,12481,31,1997,1FTDX18W0VKD,1,F,T,D,X,1,8,W,0,V,K,D,0,T,FORD,F15,3C,97,17,,1,1570,1390,COF,G,,,8,281,,,,B,4480,01,E,44,0,0,000000000,00000000000,0,0,0,1,0,0,0,0,0,0,0,72,0,1,5,12,0,6,2,1,0,0,0,1,46,57577,1,1,0,0,2,0,71,223,0,4,0,0,2,7,2010,3,2011,1,37,0,0,0,1,2,55,2,1,2,1,0,0,14,13,1,1,4,1,1,0
46,460055,1,1,3,4,9,21,50,1,0,1,0,46,1,12,3,12003,2,2004,1FAFP42R44F2,1,F,A,F,P,4,2,R,4,4,F,2,0,P,FORD,MM1,CP,4,17,3114,,0,1013,,G,,F,8,281,,,17R245,,,,,,0,0,000000000,00000000000,0,0,0,1,0,0,0,0,0,0,0,85,0,2,5,0,0,6,2,1,0,0,0,1,46,57013,6,1,6,0,3,1,70,215,0,0,0,0,0,0,0,0,0,1,0,0,0,0,1,2,55,1,1,2,1,0,0,1,13,3,1,4,1,1,1
46,460056,1,1,1,25,7,0,1,1,0,1,0,27,1,50,706,50706,80,2010,SMT910K13AT4,S,M,T,9,1,0,K,1,3,A,T,4,0,M,TRUM,TBN,RS,10,17,,,,,,,865,,2,,4,495,,,,,,,0,0,000000000,00000000000,0,0,0,1,0,0,0,0,0,0,0,998,0,0,0,0,0,6,2,1,0,0,0,1,27,55425,1,1,0,0,2,0,67,145,0,7,0,2,0,10,2010,7,2011,0,0,0,0,0,1,2,55,3,2,1,99,0,0,14,13,1,1,4,1,1,0
46,460057,1,1,1,13,8,20,30,1,0,1,0,48,1,72,706,72706,80,2007,1HD1BX5117Y0,1,H,D,1,B,X,5,1,1,7,Y,0,0,M,HD,FLF,RS,7,17,,,,,,,1584,,2,,4,694,,,,,,,0,0,000000000,00000000000,0,0,0,1,0,0,0,0,0,0,0,42,0,0,0,0,0,6,2,1,0,0,0,1,48,77511,6,1,0,0,3,0,999,999,0,0,0,0,0,0,0,0,0,0,0,0,0,0,1,2,45,2,2,2,1,0,0,14,87,3,1,4,8,1,1
46,460058,1,1,1,13,8,99,99,1,0,1,0,46,1,63,401,63401,14,2005,KNDJE7239570,K,N,D,J,E,7,2,3,9,5,7,0,0,P,KIA,KMS,UT,5,17,3521,,0,1035,,G,,F,6,165,,,16R235,,,,,,0,0,000000000,00000000000,0,0,0,1,0,0,0,0,0,0,0,999,0,1,5,0,0,6,2,3,0,0,0,1,46,57107,6,1,0,0,3,1,73,230,0,0,0,0,0,0,0,0,0,9,0,0,0,0,1,2,55,9,9,4,1,0,0,1,13,1,1,4,1,1,0
46,460059,1,1,1,7,9,7,19,31,0,1,0,46,1,23,401,23401,14,1996,1GKCT18W7TK5,1,G,K,C,T,1,8,W,7,T,K,5,0,T,GMC,JMY,2W,96,17,,1,0,1005,JMY,G,,,6,262,,,,B,3760,00,M,44,0,0,000000000,00000000000,0,0,0,1,0,0,0,0,0,0,0,99,0,2,5,9,0,6,2,1,0,0,0,1,46,57528,6,1,0,0,3,0,72,180,0,2,0,0,1,4,2009,11,2009,1,0,0,0,0,1,2,65,2,2,2,1,0,0,14,13,7,1,4,6,1,1
46,460060,1,1,1,11,9,9,5,1,0,1,0,38,3,12,481,12481,31,2000,1FTSW31F2YEA,1,F,T,S,W,3,1,F,2,Y,E,A,0,T,FORD,F3S,CW,0,17,,2,1724,1562,SRW,D,,,8,444,,,,D,5942,07,E,44,0,0,000000000,00000000000,0,0,0,1,0,0,0,0,0,0,0,60,0,2,5,0,0,6,2,1,0,0,0,1,38,58075,6,1,0,0,3,0,76,325,1,0,0,0,1,12,2009,3,2010,1,0,0,0,0,1,2,55,3,3,2,1,0,0,14,13,6,1,4,1,1,0