STATE,ST_CASE,VEH_NO,VE_FORMS,NUMOCCS,DAY,MONTH,HOUR,MINUTE,HARM_EV,MAN_COLL,UNITTYPE,HIT_RUN,REG_STAT,OWNER,MAKE,MODEL,MAK_MOD,BODY_TYP,MOD_YEAR,VIN,VIN_1,VIN_2,VIN_3,VIN_4,VIN_5,VIN_6,VIN_7,VIN_8,VIN_9,VIN_10,VIN_11,VIN_12,TOW_VEH,VINTYPE,VINMAKE,VINA_MOD,VIN_BT,VINMODYR,VIN_LNGT,VIN_WGT,WGTCD_TR,WHLBS_LG,WHLBS_SH,SER_TR,FUELCODE,MCYCL_DS,CARBUR,CYLINDER,DISPLACE,MCYCL_CY,MCYCL_WT,TIRE_SZE,TON_RAT,TRK_WT,TRKWTVAR,VIN_REST,WHLDRWHL,J_KNIFE,MCARR_I1,MCARR_I2,MCARR_ID,GVWR,V_CONFIG,CARGO_BT,HAZ_INV,HAZ_PLAC,HAZ_ID,HAZ_CNO,HAZ_REL,BUS_USE,SPEC_USE,EMER_USE,TRAV_SP,UNDERIDE,ROLLOVER,ROLINLOC,IMPACT1,IMPACT2,DEFORMED,TOWED,M_HARM,VEH_SC1,VEH_SC2,FIRE_EXP,DR_PRES,L_STATE,DR_ZIP,L_STATUS,L_TYPE,CDL_STAT,L_ENDORS,L_COMPL,L_RESTRI,DR_HGT,DR_WGT,PREV_ACC,PREV_SUS,PREV_DWI,PREV_SPD,PREV_OTH,FIRST_MO,FIRST_YR,LAST_MO,LAST_YR,SPEEDREL,DR_SF1,DR_SF2,DR_SF3,DR_SF4,VTRAFWAY,VNUM_LAN,VSPD_LIM,VALIGN,VPROFILE,VPAVETYP,VSURCOND,VTRAFCON,VTCONT_F,P_CRASH1,P_CRASH2,P_CRASH3,PCRASH4,PCRASH5,ACC_TYPE,DEATHS,DR_DRINK
47,470034,1,1,2,10,1,20,5,1,0,1,0,47,2,37,734,37734,90,2005,000000000000,0,0,0,0,0,0,0,0,0,0,0,0,0,,,,,,,,,,,,,,,,,,,,,,,,,0,0,000000000,00000000000,0,0,0,1,0,0,0,0,0,0,0,998,0,1,1,0,0,2,3,1,0,0,0,1,47,37345,6,1,0,0,3,0,64,175,0,0,0,0,0,0,0,0,0,0,18,36,0,0,1,2,55,1,1,2,3,0,0,10,98,7,1,1,98,1,1
47,470035,1,1,1,14,1,18,3,8,0,1,0,47,1,12,422,12422,15,1998,1FMRU18W8WLB,1,F,M,R,U,1,8,W,8,W,L,B,0,P,FORD,EPT,UT,98,17,5177,,0,1190,,G,,F,8,281,,,16R255,,,,,,0,0,000000000,00000000000,0,0,0,1,0,0,0,0,0,0,0,30,0,0,0,12,12,2,1,8,0,0,0,1,47,37207,6,1,0,0,3,0,71,255,1,0,0,1,0,2,2008,4,2009,0,0,0,0,0,5,2,40,1,2,2,1,2,3,1,80,1,1,1,13,0,0
47,470036,1,1,1,8,1,99,99,42,0,1,0,47,1,7,472,7472,30,1998,1B7GL22ZXWS6,1,B,7,G,L,2,2,Z,X,W,S,6,0,T,DODG,DAK,PC,98,17,,1,0,1309,DAK,G,,,8,360,,,,,3434,00,U,42,0,0,000000000,00000000000,0,0,0,1,0,0,0,0,0,0,0,998,0,0,0,7,98,6,2,42,0,0,0,1,47,38355,6,1,0,0,3,1,70,190,0,0,0,0,0,0,0,0,0,0,0,0,0,0,1,2,50,2,1,2,1,0,0,14,12,1,1,4,6,1,0
47,470037,1,2,1,18,1,17,0,12,6,1,0,47,1,37,32,37032,4,2007,1HGCM665X7A0,1,H,G,C,M,6,6,5,X,7,A,0,0,P,HOND,UEX,4D,7,17,3371,,0,1079,,G,,F,6,183,,,17R215,,,,,,0,0,000000000,00000000000,0,0,0,1,0,0,0,0,0,0,0,998,1,0,0,11,98,6,2,12,0,0,0,1,47,37745,6,1,0,0,3,0,74,200,0,0,0,0,1,2,2008,2,2008,0,0,0,0,0,3,2,55,1,1,2,2,0,0,1,17,1,1,1,69,1,0
47,470037,2,2,1,18,1,17,0,12,6,1,0,93,3,82,881,82881,66,2010,1FUJGLBG5ASA,1,F,U,J,G,L,B,G,5,A,S,A,1,T,FRHT,125,TR,10,17,,8,0,0,CSC,D,,,6,915,,,,,00000,00,,64,1,57,00190991,5700190991,3,6,1,1,0,0,0,0,0,0,0,998,7,0,0,5,5,2,3,12,0,0,0,1,29,65462,6,1,6,0,3,0,74,220,0,0,0,0,1,8,2008,8,2008,0,0,0,0,0,3,2,55,1,1,2,2,0,0,11,66,1,1,1,68,0,0
47,470038,1,1,1,27,1,18,45,30,0,1,0,47,2,12,23,12023,4,2007,3FAHP07Z27R2,3,F,A,H,P,0,7,Z,2,7,R,2,0,P,FORD,F/E,4D,7,17,3101,,0,1074,,G,,F,4,140,,,16R205,,,,,,0,0,000000000,00000000000,0,0,0,1,0,0,0,0,0,0,0,998,0,1,5,9,98,6,2,1,0,0,0,1,47,37766,6,1,0,0,3,0,70,185,0,0,0,0,0,0,0,0,0,1,0,0,0,0,1,2,40,1,1,2,1,0,0,1,6,1,1,4,1,1,0
47,470039,1,2,1,27,1,16,22,12,1,1,0,47,1,20,444,20444,20,2005,1GNDV23L45D2,1,G,N,D,V,2,3,L,4,5,D,2,0,P,CHEV,UPL,SV,5,17,4470,,0,1211,,G,,F,6,214,,,000000,,,,,,0,0,000000000,00000000000,0,0,0,1,0,0,0,0,0,0,0,998,2,0,0,12,98,6,2,12,0,0,0,1,47,37033,6,1,0,0,3,0,65,160,1,0,0,0,0,10,2010,10,2010,0,26,0,0,0,2,2,70,1,1,2,1,40,3,1,52,1,1,1,28,1,0
47,470039,2,2,1,27,1,16,22,12,1,1,0,48,3,51,881,51881,66,2007,4V4NC9TJ77N4,4,V,4,N,C,9,T,J,7,7,N,4,1,T,VOLV,VNL,TR,7,17,,8,0,0,VVN,D,,,6,915,,,,,00000,00,,64,1,57,00306537,5700306537,3,6,1,1,0,0,0,0,0,0,0,998,7,0,0,6,6,6,2,12,0,0,0,1,48,79927,6,1,6,1,3,0,999,999,0,0,0,0,0,0,0,0,0,0,0,0,0,0,2,2,70,1,1,2,1,40,3,2,53,1,1,1,29,0,0
47,470040,1,2,2,1,2,14,19,12,6,1,0,47,2,37,39,37039,5,2010,JHMGE8H44AS0,J,H,M,G,E,8,H,4,4,A,S,0,0,P,HOND,FIS,4H,10,17,2520,,0,984,,G,,F,4,091,,,16R205,,,,,,0,0,000000000,00000000000,0,0,0,1,0,0,0,0,0,0,0,998,0,0,0,5,98,6,2,12,0,0,0,1,47,38112,6,1,0,0,3,0,63,110,0,0,0,0,0,0,0,0,0,0,38,0,0,0,5,2,40,1,1,2,2,0,0,11,15,1,1,2,68,0,0
47,470040,2,2,1,1,2,14,19,12,6,1,0,47,1,72,706,72706,80,2006,1HD1FMW186Y6,1,H,D,1,F,M,W,1,8,6,Y,6,0,M,HD,TPI,RS,6,17,,,,,,,1450,,2,,4,758,,,,,,,0,0,000000000,00000000000,0,0,0,1,0,0,0,0,0,0,0,998,0,0,0,12,98,6,2,12,0,0,0,1,47,38011,6,1,0,0,3,0,72,278,0,0,0,0,0,0,0,0,0,0,0,0,0,0,5,2,40,1,1,2,2,0,0,1,67,1,1,1,69,1,0
47,470041,1,1,2,16,1,4,5,8,0,1,0,55,3,85,881,85881,66,2007,1XKTDB9X37J1,1,X,K,T,D,B,9,X,3,7,J,1,1,T,KW,T20,TR,7,17,,8,2600,1900,CON,D,,,6,893,,,,,00000,00,,64,1,57,00264184,5700264184,3,6,1,1,0,0,0,0,0,0,0,998,0,0,0,12,12,4,1,8,0,0,0,1,48,76137,6,1,6,1,3,1,999,999,0,0,0,0,0,0,0,0,0,0,0,0,0,0,2,2,70,1,5,2,1,0,0,1,80,1,1,1,13,0,0
47,470042,1,1,2,11,1,18,53,30,0,1,0,47,1,49,471,49471,30,1987,JT4RN50R2H02,J,T,4,R,N,5,0,R,2,H,0,2,0,T,TOYT,RN5,PK,87,17,,1,0,1029,HTP,G,,,4,144,,,,B,2657,01,A,42,0,0,000000000,00000000000,0,0,0,1,0,0,0,0,0,0,0,998,0,0,0,12,12,6,2,30,0,0,0,1,47,37938,1,1,1,0,2,0,68,225,0,2,0,1,1,3,2008,12,2010,1,28,0,0,0,1,2,30,4,3,2,4,0,0,14,12,1,1,4,6,1,0
47,470043,1,1,1,28,1,8,30,35,0,1,0,47,1,2,404,2404,14,1997,1J4FX58S4VC7,1,J,4,F,X,5,8,S,4,V,C,7,0,T,JEEP,LRT,4W,97,17,,1,0,1059,GCK,G,,,6,242,,,,,3513,02,E,42,0,0,000000000,00000000000,0,0,0,1,0,0,0,0,0,0,0,998,0,0,0,12,98,6,2,32,0,0,0,1,47,37367,6,1,0,0,3,0,65,155,0,0,0,0,0,0,0,0,0,0,28,0,0,0,1,2,30,3,1,2,1,0,0,14,13,1,1,4,1,1,0
47,470045,1,2,1,31,1,15,43,12,2,1,0,47,1,24,2,24002,2,2002,1G8ZY12792Z2,1,G,8,Z,Y,1,2,7,9,2,Z,2,0,P,STRN,SC2,3P,2,17,2465,,0,1024,,G,,F,4,116,,,15R195,,,,,,0,0,000000000,00000000000,0,0,0,1,0,0,0,0,0,0,0,998,2,0,0,12,98,6,2,12,0,0,0,1,47,38004,6,1,0,0,3,0,65,105,0,1,0,0,0,11,2009,11,2009,0,28,0,0,0,1,2,55,1,1,2,1,40,3,1,10,1,1,2,50,1,0
47,470045,2,2,1,31,1,15,43,12,2,1,0,47,1,82,881,82881,66,1999,1FUPCSEB8XLA,1,F,U,P,C,S,E,B,8,X,L,A,1,T,FRHT,FLD,TR,99,17,,8,0,0,CON,D,,,6,774,,,,,00000,00,,64,1,57,00391543,5700391543,3,6,1,1,0,0,0,0,0,0,0,998,7,0,0,12,98,6,2,12,0,0,0,1,47,38024,6,1,6,1,3,0,71,210,0,0,0,0,0,0,0,0,0,0,0,0,0,0,1,2,55,1,1,2,1,40,3,1,62,8,1,1,51,0,0
47,470046,1,2,1,3,2,5,20,12,1,1,0,93,3,84,881,84881,66,2006,2HSCEAPR76C2,2,H,S,C,E,A,P,R,7,6,C,2,1,T,INTL,92I,TR,6,17,,8,0,0,920,D,,,6,915,,,,,00000,00,,64,1,57,00280346,5700280346,3,6,1,1,0,0,0,0,0,0,0,998,0,0,0,6,6,2,1,12,0,0,0,1,47,38260,6,1,6,0,3,0,69,170,0,0,0,0,0,0,0,0,0,0,0,0,0,0,2,2,55,1,6,2,1,0,0,10,53,1,1,1,25,0,0
47,470046,2,2,1,3,2,5,20,12,1,1,0,47,1,12,3,12003,2,2006,1ZVHT80NX651,1,Z,V,H,T,8,0,N,X,6,5,1,0,P,FORD,MUS,CP,6,17,3351,,0,1071,,G,,F,6,244,,,16R215,,,,,,0,0,000000000,00000000000,0,0,0,1,0,0,0,0,0,0,0,998,1,0,0,12,12,6,2,12,0,0,0,1,47,38240,6,1,6,0,3,1,69,170,0,0,0,0,0,0,0,0,0,1,26,0,0,0,2,2,55,1,6,2,1,0,0,1,6,1,1,1,24,1,0
47,470047,1,2,1,3,2,18,50,12,2,1,0,47,1,37,705,37705,80,2006,JH2PC37006M3,J,H,2,P,C,3,7,0,0,6,M,3,0,M,HOND,B60,RC,6,17,,,,,,,599,,4,,4,361,,,,,,,0,0,000000000,00000000000,0,0,0,1,0,0,0,0,0,0,0,998,0,0,0,12,12,6,2,12,0,0,0,1,47,37663,6,1,0,0,3,0,68,214,0,0,0,0,0,0,0,0,0,0,51,0,0,0,1,2,30,1,6,2,1,0,0,1,10,1,1,2,50,1,0
47,470047,2,2,3,3,2,18,50,12,2,1,0,51,1,51,43,51043,6,1998,YV1LW5649W24,Y,V,1,L,W,5,6,4,9,W,2,4,0,P,VOLV,VGA,SW,98,17,3402,,0,1049,,G,,T,5,149,,,15R195,,,,,,0,0,000000000,00000000000,0,0,0,1,0,0,0,0,0,0,0,998,7,0,0,12,12,4,1,12,0,0,0,1,51,24521,6,1,0,0,3,0,65,160,0,0,0,2,0,5,2008,2,2009,0,0,0,0,0,1,2,30,1,5,2,1,0,0,1,54,1,1,1,51,0,0
47,470048,1,1,2,4,2,0,35,59,0,1,0,47,1,49,40,49040,2,1999,2T1CF28P4XC1,2,T,1,C,F,2,8,P,4,X,C,1,0,P,TOYT,CEE,CP,99,17,3230,,0,1051,,G,,F,6,183,,,15R205,,,,,,0,0,000000000,00000000000,0,0,0,1,0,0,0,0,0,0,0,998,0,1,5,5,98,6,2,1,0,0,0,1,47,38572,6,1,0,0,3,0,66,135,0,0,0,0,1,1,2009,1,2009,1,28,0,0,0,1,2,45,3,1,2,1,0,0,14,6,1,1,4,1,1,1
47,470049,1,1,3,5,2,20,6,8,0,1,1,47,2,12,401,12401,14,1999,1FMZU34EXXUA,1,F,M,Z,U,3,4,E,X,X,U,A,0,P,FORD,EPR,UT,99,17,4128,,0,1116,,G,,F,6,245,,,15R225,,,,,,0,0,000000000,00000000000,0,0,0,1,0,0,0,0,0,0,0,998,0,0,0,12,12,4,1,8,0,0,0,1,47,38116,1,1,0,0,2,0,76,200,0,0,0,0,0,0,0,0,0,0,36,0,0,0,5,2,40,1,1,2,1,0,0,98,10,1,1,2,13,0,1
47,470050,1,2,1,8,2,5,35,12,6,1,0,47,2,20,481,20481,31,1998,2GCEK19R0W12,2,G,C,E,K,1,9,R,0,W,1,2,0,T,CHEV,GK1,PC,98,17,,2,1555,1415,GM4,G,,,8,350,,,,B,00000,00,,44,0,0,000000000,00000000000,0,0,0,1,0,0,0,0,0,0,0,998,0,0,0,3,3,6,2,12,0,0,0,1,47,38344,6,1,0,0,3,0,75,246,1,0,0,0,0,6,2010,6,2010,0,28,87,0,0,1,2,55,1,5,2,4,0,0,1,5,1,4,2,66,1,0
47,470050,2,2,1,8,2,5,35,12,6,1,0,93,3,82,883,82883,66,2005,1FUJA6CK75LN,1,F,U,J,A,6,C,K,7,5,L,N,0,T,FRHT,COL,TR,5,17,,8,0,0,CON,D,,,6,858,,,,,00000,00,,64,0,57,00096609,5700096609,3,5,96,1,0,0,0,0,0,0,0,998,0,0,0,12,12,6,2,12,0,0,0,1,47,38251,6,1,6,0,3,1,74,265,1,0,0,1,0,11,2009,4,2010,0,0,0,0,0,1,2,55,1,6,2,1,0,0,1,62,1,1,1,66,0,0
47,470051,1,1,1,8,2,16,10,42,0,1,0,47,1,24,1,24001,4,1994,1G8ZG5599RZ2,1,G,8,Z,G,5,5,9,9,R,Z,2,0,P,STRN,SL1,4D,94,17,2222,,0,1024,,G,,F,4,116,,,14R175,,,,,,0,0,000000000,00000000000,0,0,0,1,0,0,0,0,0,0,0,998,0,0,0,12,98,6,2,42,0,0,0,1,47,37748,6,1,0,0,3,0,72,215,0,0,0,0,0,0,0,0,0,0,99,99,99,99,1,2,55,1,1,2,1,0,0,1,12,1,1,4,6,1,0
47,470052,1,1,2,9,2,13,40,42,0,1,0,93,3,84,881,84881,66,2011,3HSCTSJR7BN3,3,H,S,C,T,S,J,R,7,B,N,3,1,T,INTL,PRO,TR,11,17,,8,0,0,PRO,D,,,6,793,,,,,00000,00,,64,3,57,00011237,5700011237,3,6,1,1,0,0,0,0,0,0,0,998,0,1,5,1,98,6,2,1,0,0,0,1,47,38122,6,1,6,0,3,0,68,315,0,0,0,0,0,0,0,0,0,0,0,0,0,0,3,2,70,1,6,2,1,0,0,1,13,1,1,4,1,2,0
47,470053,1,1,1,6,2,11,50,30,0,1,0,47,2,99,709,99709,80,2010,LJ5PG10K3A10,L,J,5,P,G,1,0,K,3,A,1,0,0,U,,,,10,17,,,,,,,,,,,,,,,,,,,0,0,000000000,00000000000,0,0,0,1,0,0,0,0,0,0,0,998,0,0,0,9,98,6,2,30,0,0,0,1,47,38122,1,1,1,0,2,2,68,128,0,8,0,0,0,6,2008,10,2009,0,36,74,0,0,5,3,30,3,1,2,1,0,0,14,13,1,1,4,1,1,0
47,470054,1,3,1,18,1,6,19,12,8,1,0,47,2,12,422,12422,15,1997,1FMEU1765VLA,1,F,M,E,U,1,7,6,5,V,L,A,0,P,FORD,EPT,UT,97,17,4827,,0,1190,,G,,F,8,281,,,16R255,,,,,,0,0,000000000,00000000000,0,0,0,1,0,0,0,0,0,0,0,998,0,0,0,11,11,6,2,12,0,0,0,1,47,38111,6,1,0,0,3,0,69,180,0,0,0,0,0,0,0,0,0,0,0,0,0,0,2,6,55,1,1,2,2,0,0,1,9,1,1,2,64,0,0
47,470054,2,3,1,18,1,6,19,12,8,1,0,28,1,20,37,20037,4,2005,1G1ZT62865F3,1,G,1,Z,T,6,2,8,6,5,F,3,0,P,CHEV,XLS,4D,5,17,3476,,0,1123,,G,,F,6,214,,,16R215,,,,,,0,0,000000000,00000000000,0,0,0,1,0,0,0,0,0,0,0,998,0,0,0,11,11,6,2,12,0,0,0,1,28,38632,6,1,0,0,3,0,64,125,0,0,0,0,0,0,0,0,0,0,0,0,0,0,2,6,55,1,1,2,2,0,0,1,62,1,1,1,65,1,0
47,470054,3,3,1,18,1,6,19,12,8,1,0,18,3,82,883,82883,66,2006,1FUJA6CK86LW,1,F,U,J,A,6,C,K,8,6,L,W,1,T,FRHT,COL,TR,6,17,,8,0,0,CON,D,,,6,855,,,,,00000,00,,64,1,88,888888888,88888888888,3,6,98,1,0,0,0,0,0,0,0,998,0,0,0,9,9,2,1,12,0,0,0,1,5,72404,6,1,98,0,9,0,72,220,0,0,0,0,0,0,0,0,0,0,0,0,0,0,2,6,55,1,1,2,2,0,0,1,61,1,1,1,98,0,0
47,470055,1,1,3,10,2,16,56,35,0,1,0,47,2,14,6,14006,4,1997,2MELM75W8VX6,2,M,E,L,M,7,5,W,8,V,X,6,0,P,MERC,MGL,4D,97,17,3796,,0,1144,,G,,F,8,281,,,15R215,,,,,,0,0,000000000,00000000000,0,0,0,1,0,0,0,0,0,0,0,59,0,0,0,3,98,6,2,42,0,0,0,1,47,37379,6,1,0,0,3,0,66,160,0,0,0,0,0,0,0,0,0,1,28,36,41,58,1,2,30,2,3,2,1,0,0,14,6,1,2,4,7,2,0
47,470056,1,2,1,3,2,17,44,12,2,1,0,47,1,14,6,14006,4,2008,2MEFM75V68X6,2,M,E,F,M,7,5,V,6,8,X,6,0,P,MERC,MGL,4D,8,17,4117,,0,1146,,F,,F,8,281,,,16R225,,,,,,0,0,000000000,00000000000,0,0,0,1,0,0,0,0,0,0,0,998,0,0,0,12,12,6,2,12,0,0,0,1,47,38485,6,1,0,0,3,0,66,125,0,0,0,0,0,0,0,0,0,0,99,99,99,99,1,2,55,2,1,2,1,0,0,14,10,99,1,4,50,1,0
47,470056,2,2,1,3,2,17,44,12,2,1,0,47,1,12,481,12481,31,2001,1FTRX08L71KA,1,F,T,R,X,0,8,L,7,1,K,A,0,T,FORD,F15,4C,1,17,,2,0,1388,COF,G,,,8,330,,,,B,4611,03,U,44,0,0,000000000,00000000000,0,0,0,1,0,0,0,0,0,0,0,998,0,0,0,12,12,6,2,12,0,0,0,1,47,38485,6,1,0,0,3,0,77,300,2,0,0,0,0,2,2008,12,2008,0,99,99,99,99,1,2,55,2,1,2,1,0,0,14,54,99,1,4,51,0,0
47,470057,1,1,1,14,2,14,50,1,0,1,0,47,1,7,482,7482,31,1997,3B7KC23D1VM5,3,B,7,K,C,2,3,D,1,V,M,5,0,T,DODG,250,PC,97,17,,2,1547,1387,RPC,D,,,6,359,,,,C,4787,01,M,42,0,0,000000000,00000000000,0,0,0,1,0,0,0,0,0,0,0,998,0,1,5,0,98,6,2,1,0,0,0,1,47,37641,6,1,0,0,3,0,69,230,0,0,0,0,0,0,0,0,0,1,28,58,0,0,1,2,35,1,5,2,1,0,0,1,6,6,3,4,2,1,1
47,470058,1,1,1,14,2,4,30,42,0,1,0,37,1,20,481,20481,31,2003,1GCHK29U33E3,1,G,C,H,K,2,9,U,3,3,E,3,0,T,CHEV,2KH,4C,3,17,,2,1575,1435,SIL,G,,,8,364,,,,C,5630,01,,44,0,0,000000000,00000000000,0,0,0,1,0,0,0,0,0,0,0,998,0,1,5,13,98,6,2,42,0,0,0,1,37,28906,6,1,0,0,3,0,70,999,0,0,0,0,0,0,0,0,0,0,99,99,99,99,1,2,45,3,2,2,1,0,0,14,13,1,1,4,1,1,0
47,470059,1,3,1,13,2,18,40,12,6,1,0,47,2,48,45,48045,4,2003,4S3BH6758366,4,S,3,B,H,6,7,5,8,3,6,6,0,P,SUBA,UWP,SW,3,17,3430,,0,1043,,G,,F,4,153,,,16R225,,,,,,0,0,000000000,00000000000,0,0,0,1,0,0,0,0,0,0,0,998,0,0,0,9,9,6,2,12,0,0,0,1,47,38111,6,1,0,0,3,0,75,178,1,0,0,0,1,11,2008,5,2010,0,99,99,99,99,2,6,55,2,1,1,1,0,0,14,10,1,1,2,64,1,0
47,470059,2,3,1,13,2,18,40,12,6,1,0,47,1,20,2,20002,4,2007,2G1WT58K0791,2,G,1,W,T,5,8,K,0,7,9,1,0,P,CHEV,IMT,4D,7,17,3674,,0,1105,,F,,F,6,214,,,16R225,,,,,,0,0,000000000,00000000000,0,0,0,1,0,0,0,0,0,0,0,998,0,0,0,12,12,6,2,12,0,0,0,1,47,38016,6,1,0,0,3,0,72,190,0,0,0,0,0,0,0,0,0,0,0,0,0,0,2,6,55,3,1,1,1,0,0,14,62,1,1,1,65,0,0
47,470059,3,3,3,13,2,18,40,12,6,1,0,28,1,20,37,20037,4,2007,1G1ZS58F37F1,1,G,1,Z,S,5,8,F,3,7,F,1,0,P,CHEV,M/L,4D,7,17,3122,,0,1063,,G,,F,4,134,,,15R205,,,,,,0,0,000000000,00000000000,0,0,0,1,0,0,0,0,0,0,0,998,0,0,0,12,98,6,2,12,0,0,0,1,28,38671,6,1,0,0,3,0,65,125,0,0,0,0,0,0,0,0,0,0,0,0,0,0,2,6,55,2,1,1,1,0,0,14,62,1,1,1,98,0,0
47,470060,1,1,1,16,2,3,34,53,0,1,0,47,1,20,481,20481,31,1994,1GCDC14K3RZ1,1,G,C,D,C,1,4,K,3,R,Z,1,0,T,CHEV,GC1,PK,94,17,,1,1315,1175,GM4,G,,,8,350,,,,B,3675,02,,42,0,0,000000000,00000000000,0,0,0,1,0,0,0,0,0,0,0,998,0,1,5,12,98,6,2,1,0,0,0,1,47,38008,6,1,0,0,3,0,71,240,0,0,0,0,0,0,0,0,0,0,36,0,0,0,1,2,55,1,1,2,1,0,0,1,12,1,1,4,6,1,0
47,470061,1,2,1,8,2,17,7,12,2,1,0,47,2,23,481,23481,31,2000,1GTEK14V8YZ3,1,G,T,E,K,1,4,V,8,Y,Z,3,0,T,GMC,NK1,PK,0,17,,2,1330,1190,SIE,G,,,8,293,,,,B,4248,02,U,44,0,0,000000000,00000000000,0,0,0,1,0,0,0,0,0,0,0,998,0,0,0,12,98,6,2,12,0,0,0,1,47,37321,6,2,0,0,3,1,69,158,0,0,0,0,0,0,0,0,0,0,28,58,0,0,1,2,55,3,1,2,1,0,0,14,10,8,2,2,50,0,0
47,470061,2,2,2,8,2,17,7,12,2,1,0,47,2,12,3,12003,2,1996,1FALP42X0TF2,1,F,A,L,P,4,2,X,0,T,F,2,0,P,FORD,MGT,CP,96,17,3279,,0,1013,,G,,F,8,281,,,16R225,,,,,,0,0,000000000,00000000000,0,0,0,1,0,0,0,0,0,0,0,998,0,0,0,12,98,6,2,12,0,0,0,1,47,37332,6,1,0,0,3,0,71,145,0,0,0,1,0,1,2009,1,2009,0,0,0,0,0,1,2,55,2,1,2,1,0,0,14,54,1,1,1,51,2,0
47,470062,1,1,1,16,2,14,41,42,0,1,0,47,2,22,18,22018,2,1991,1G2NG14U4MC5,1,G,2,N,G,1,4,U,4,M,C,5,0,P,PONT,GAM,CP,91,17,2566,,0,1034,,G,,F,4,151,,,14R185,,,,,,0,0,000000000,00000000000,0,0,0,1,0,0,0,0,0,0,0,998,0,0,0,12,98,6,2,42,0,0,0,1,47,37857,6,1,0,0,3,0,74,202,1,0,0,0,0,9,2009,9,2009,0,28,0,0,0,1,2,45,3,1,1,1,0,0,14,13,1,1,4,1,1,0
47,470063,1,1,2,9,2,8,8,30,0,1,0,47,2,53,34,53034,6,2005,KL5JJ86Z65K0,K,L,5,J,J,8,6,Z,6,5,K,0,0,P,SUZI,FZX,SW,5,17,2849,,0,1024,,G,,F,4,122,,,15R195,,,,,,0,0,000000000,00000000000,0,0,0,1,0,0,0,0,0,0,0,998,0,0,0,1,98,6,2,30,0,0,0,1,47,38454,6,1,0,0,3,0,62,180,0,0,0,0,0,0,0,0,0,0,0,0,0,0,1,2,40,3,2,2,1,0,0,14,13,1,1,4,1,1,0
47,470064,1,1,3,10,2,15,5,42,0,1,0,47,1,12,401,12401,14,1993,1FMCU24X0PUB,1,F,M,C,U,2,4,X,0,P,U,B,0,P,FORD,EPR,UT,93,17,3890,,0,1020,,G,,F,6,245,,,15R225,,,,,,0,0,000000000,00000000000,0,0,0,1,0,0,0,0,0,0,0,998,0,1,5,11,98,6,2,1,0,0,0,1,47,37098,1,1,1,0,2,2,61,148,0,2,0,0,0,7,2010,9,2010,0,74,85,87,0,1,2,30,1,2,2,4,0,0,1,5,7,3,4,2,1,0
47,470065,1,2,1,3,2,11,51,12,6,1,0,47,1,12,473,12473,30,2003,1FMZU67E23UC,1,F,M,Z,U,6,7,E,2,3,U,C,0,P,FORD,EPR,UT,3,17,3761,,0,1259,,G,,F,6,245,,,16R235,,,,,,0,0,000000000,00000000000,0,0,0,1,0,0,0,0,0,0,0,998,0,0,0,12,12,6,2,12,0,0,0,1,47,37909,6,1,0,0,3,3,73,195,0,0,0,0,0,0,0,0,0,1,36,0,0,0,2,4,40,1,6,2,1,1,3,1,55,1,1,1,98,0,0
47,470065,2,2,1,3,2,11,51,12,6,1,0,47,1,41,52,41052,6,2006,JM1CR2931601,J,M,1,C,R,2,9,3,1,6,0,1,0,P,MAZD,MA5,4H,6,17,3333,,0,1080,,G,,F,4,140,,,17R205,,,,,,0,0,000000000,00000000000,0,0,0,1,0,0,0,0,0,0,0,998,0,0,0,3,98,6,2,12,0,0,0,1,47,37920,6,1,0,0,3,0,67,150,0,0,0,0,0,0,0,0,0,0,38,0,0,0,2,4,40,1,5,2,1,1,3,12,15,1,1,1,98,1,0
47,470066,1,1,1,19,2,16,0,35,0,1,0,47,1,23,481,23481,31,2001,2GTEC19T1112,2,G,T,E,C,1,9,T,1,1,1,2,0,T,GMC,NC1,PC,1,17,,2,1575,1435,SIE,G,,,8,325,,,,B,4413,00,U,42,0,0,000000000,00000000000,0,0,0,1,0,0,0,0,0,0,0,998,0,1,6,11,98,6,2,1,36,0,0,1,47,37774,6,1,0,0,3,0,69,245,1,0,0,0,0,1,2010,1,2010,1,28,0,0,0,1,2,50,1,1,2,1,0,0,6,6,1,1,4,6,1,1
47,470067,1,1,1,19,2,3,40,1,0,1,0,1,1,38,402,38402,14,2003,4S2CK58D3343,4,S,2,C,K,5,8,D,3,3,4,3,0,P,ISU,ROD,UT,3,17,3750,,0,1064,,G,,F,4,133,,,16R225,,,,,,0,0,000000000,00000000000,0,0,0,1,0,0,0,0,0,0,0,998,0,1,5,0,98,6,2,1,0,0,0,1,47,37312,6,1,0,0,3,0,64,145,0,0,0,0,0,0,0,0,0,0,0,0,0,0,1,2,30,3,5,2,1,0,0,14,13,1,1,4,1,1,1
47,470068,1,1,3,6,2,5,7,5,0,1,1,47,2,49,401,49401,14,1999,JT3HN86R9X02,J,T,3,H,N,8,6,R,9,X,0,2,0,P,TOYT,RUN,UT,99,17,3930,,0,1053,,G,,F,6,206,,,15R225,,,,,,0,0,000000000,00000000000,0,0,0,1,0,0,0,0,0,0,0,998,0,0,0,0,0,0,1,5,0,0,0,1,47,37803,6,1,0,0,3,0,68,160,1,0,0,0,0,3,2008,3,2008,0,0,0,0,0,1,2,30,1,1,2,1,0,0,1,98,1,1,1,0,1,1