STATE,ST_CASE,VEH_NO,VE_FORMS,NUMOCCS,DAY,MONTH,HOUR,MINUTE,HARM_EV,MAN_COLL,UNITTYPE,HIT_RUN,REG_STAT,OWNER,MAKE,MODEL,MAK_MOD,BODY_TYP,MOD_YEAR,VIN,VIN_1,VIN_2,VIN_3,VIN_4,VIN_5,VIN_6,VIN_7,VIN_8,VIN_9,VIN_10,VIN_11,VIN_12,TOW_VEH,VINTYPE,VINMAKE,VINA_MOD,VIN_BT,VINMODYR,VIN_LNGT,VIN_WGT,WGTCD_TR,WHLBS_LG,WHLBS_SH,SER_TR,FUELCODE,MCYCL_DS,CARBUR,CYLINDER,DISPLACE,MCYCL_CY,MCYCL_WT,TIRE_SZE,TON_RAT,TRK_WT,TRKWTVAR,VIN_REST,WHLDRWHL,J_KNIFE,MCARR_I1,MCARR_I2,MCARR_ID,GVWR,V_CONFIG,CARGO_BT,HAZ_INV,HAZ_PLAC,HAZ_ID,HAZ_CNO,HAZ_REL,BUS_USE,SPEC_USE,EMER_USE,TRAV_SP,UNDERIDE,ROLLOVER,ROLINLOC,IMPACT1,IMPACT2,DEFORMED,TOWED,M_HARM,VEH_SC1,VEH_SC2,FIRE_EXP,DR_PRES,L_STATE,DR_ZIP,L_STATUS,L_TYPE,CDL_STAT,L_ENDORS,L_COMPL,L_RESTRI,DR_HGT,DR_WGT,PREV_ACC,PREV_SUS,PREV_DWI,PREV_SPD,PREV_OTH,FIRST_MO,FIRST_YR,LAST_MO,LAST_YR,SPEEDREL,DR_SF1,DR_SF2,DR_SF3,DR_SF4,VTRAFWAY,VNUM_LAN,VSPD_LIM,VALIGN,VPROFILE,VPAVETYP,VSURCOND,VTRAFCON,VTCONT_F,P_CRASH1,P_CRASH2,P_CRASH3,PCRASH4,PCRASH5,ACC_TYPE,DEATHS,DR_DRINK
47,470069,1,1,2,11,2,16,40,1,0,1,0,47,1,37,32,37032,2,2003,1HGCM71623A0,1,H,G,C,M,7,1,6,2,3,A,0,0,P,HOND,UEX,CP,3,17,3047,,0,1051,,G,,F,4,146,,,16R205,,,,,,0,0,000000000,00000000000,0,0,0,1,0,0,0,0,0,0,0,998,0,2,5,0,98,6,2,1,0,0,0,1,47,37334,6,2,0,0,3,1,61,105,0,0,0,0,0,0,0,0,0,1,28,58,0,0,1,2,55,3,6,4,1,0,0,14,6,6,4,4,7,1,0
47,470070,1,1,1,12,2,19,0,35,0,1,0,47,1,53,401,53401,14,1992,JS4JD31CXN41,J,S,4,J,D,3,1,C,X,N,4,1,0,P,SUZI,SMR,UT,92,17,0,,0,799,,G,,F,4,079,,,000000,,,,,,0,0,000000000,00000000000,0,0,0,1,0,0,0,0,0,0,0,998,0,1,5,1,98,6,2,1,0,0,0,1,47,37770,2,1,2,0,2,0,79,225,0,0,0,0,0,0,0,0,0,0,0,0,0,0,1,2,40,3,5,2,1,0,0,14,13,1,1,4,1,1,1
47,470071,1,3,4,12,2,4,0,12,1,1,0,47,1,2,404,2404,14,2004,1J4GW48S54C3,1,J,4,G,W,4,8,S,5,4,C,3,0,T,JEEP,LCF,4W,4,17,,1,0,1059,GCK,G,,,6,244,,,,,3888,02,E,44,0,0,000000000,00000000000,0,0,0,1,0,0,0,0,0,0,0,998,0,0,0,12,12,6,2,12,0,0,0,1,47,38018,6,1,0,0,3,0,70,180,0,0,0,6,0,7,2008,4,2010,9,26,0,0,0,2,3,45,1,1,2,1,99,3,1,51,1,1,1,24,0,0
47,470071,2,3,4,12,2,4,0,12,1,1,0,28,1,14,6,14006,4,1993,2MELM75W4PX6,2,M,E,L,M,7,5,W,4,P,X,6,0,P,MERC,MGL,4D,93,17,3780,,0,1144,,G,,F,8,281,,,15R215,,,,,,0,0,000000000,00000000000,0,0,0,1,0,0,0,0,0,0,0,998,0,0,0,6,99,6,2,12,0,0,0,1,28,38701,6,1,0,0,3,0,64,140,0,0,0,0,0,0,0,0,0,0,45,0,0,0,2,3,45,1,1,2,1,99,3,2,53,1,1,1,25,1,0
47,470071,3,3,1,12,2,4,0,12,1,1,0,37,3,84,881,84881,66,2006,2HSCNAPR46C2,2,H,S,C,N,A,P,R,4,6,C,2,2,T,INTL,94I,TR,6,17,,8,0,0,940,D,,,6,915,,,,,00000,00,,64,1,57,00121018,5700121018,3,7,1,1,0,0,0,0,0,0,0,998,0,0,0,3,3,0,1,54,0,0,0,1,21,40403,6,1,6,1,3,1,77,280,0,0,0,0,0,0,0,0,0,0,0,0,0,0,3,2,45,1,1,2,1,0,0,1,92,1,1,1,98,0,0
47,470072,1,2,1,13,2,22,50,57,0,1,0,47,1,53,32,53032,4,2001,JS2GB41S3152,J,S,2,G,B,4,1,S,3,1,5,2,0,P,SUZI,ELS,4D,1,17,2271,,0,976,,G,,F,4,112,,,14R185,,,,,,0,0,000000000,00000000000,0,0,0,1,0,0,0,0,0,0,0,998,1,0,0,11,98,6,2,12,0,0,0,1,47,37854,2,1,2,0,2,0,64,180,2,4,0,0,1,3,2009,10,2010,0,0,0,0,0,3,2,70,2,1,2,1,0,0,14,12,1,2,4,7,1,1
47,470072,2,2,2,13,2,22,50,57,0,1,0,47,4,23,422,23422,15,2011,1GKS2KE30BR1,1,G,K,S,2,K,E,3,0,B,R,1,0,T,GMC,KX4,4W,11,17,,2,0,1300,YUK,F,,,8,323,,,,B,6024,00,S,44,0,0,000000000,00000000000,0,0,0,1,0,0,0,0,0,0,0,998,7,1,1,12,98,6,2,12,0,0,0,1,47,37216,6,1,0,0,3,1,74,215,0,0,0,0,0,0,0,0,0,0,0,0,0,0,3,2,70,2,1,2,1,0,0,14,8,1,1,2,98,0,0
47,470074,1,1,2,9,3,17,46,42,0,1,0,47,2,37,31,37031,2,1993,JHMEH6262PS0,J,H,M,E,H,6,2,6,2,P,S,0,0,P,HOND,DSI,CP,93,17,2396,,0,933,,G,,F,4,097,,,14R185,,,,,,0,0,000000000,00000000000,0,0,0,1,0,0,0,0,0,0,0,998,0,0,0,9,98,6,2,42,0,0,0,1,47,37774,6,1,0,0,3,0,72,200,0,1,0,1,0,12,2008,5,2010,0,28,0,0,0,1,2,35,2,6,2,2,0,0,14,12,1,2,4,7,2,0
47,470075,1,2,1,9,3,6,25,12,1,1,0,47,2,9,20,9020,4,1998,1P3ES47C1WD5,1,P,3,E,S,4,7,C,1,W,D,5,0,P,PLYM,NEH,4D,98,17,2537,,0,1040,,G,,F,4,122,,,14R185,,,,,,0,0,000000000,00000000000,0,0,0,1,0,0,0,0,0,0,0,998,1,0,0,12,98,6,2,12,0,0,0,1,47,38544,6,1,0,0,3,0,73,180,0,0,0,0,1,4,2010,4,2010,1,0,0,0,0,3,2,70,1,2,2,2,0,0,1,6,1,1,1,20,1,0
47,470075,2,2,1,9,3,6,25,12,1,1,0,93,3,87,881,87881,66,2007,1XP7DB9X37D6,1,X,P,7,D,B,9,X,3,7,D,6,1,T,PTRB,387,TR,7,17,,8,0,0,CON,D,,,6,893,,,,,00000,00,,64,1,57,00053467,5700053467,3,6,1,1,0,0,0,0,0,0,0,0,0,0,0,6,6,6,2,12,0,0,0,1,21,42301,6,1,6,0,3,0,68,250,0,0,0,0,0,0,0,0,0,0,92,0,0,0,3,2,70,1,2,2,2,0,0,5,53,1,1,1,21,0,0
47,470076,1,2,1,19,2,11,5,12,2,1,0,47,3,20,481,20481,31,2010,1GC8K0BG3AZ2,1,G,C,8,K,0,B,G,3,A,Z,2,0,T,CHEV,3K2,4C,10,17,,3,0,1575,SIL,F,,,8,366,,,,D,6521,00,,44,0,0,000000000,00000000000,0,0,0,1,0,0,0,0,0,0,0,998,0,0,0,12,12,6,2,12,0,0,0,1,47,38343,6,1,0,0,3,0,78,200,0,0,0,0,0,0,0,0,0,0,99,99,99,99,1,2,30,3,6,2,1,0,0,14,62,7,1,1,51,0,0
47,470076,2,2,1,19,2,11,5,12,2,1,0,47,1,7,20,7020,4,2001,1B3ES46C61D2,1,B,3,E,S,4,6,C,6,1,D,2,0,P,DODG,NSS,4D,1,17,2585,,0,1050,,G,,F,4,122,,,14R185,,,,,,0,0,000000000,00000000000,0,0,0,1,0,0,0,0,0,0,0,998,0,0,0,12,98,6,2,12,0,0,0,1,47,38382,6,1,0,0,3,1,70,150,0,0,0,0,0,0,0,0,0,0,28,0,0,0,1,2,30,2,2,2,1,0,0,14,10,1,1,2,50,1,0
47,470077,1,1,1,20,2,15,20,34,0,1,0,47,1,72,706,72706,80,2005,1HD1CGP105K4,1,H,D,1,C,G,P,1,0,5,K,4,0,M,HD,20C,RS,5,17,,,,,,,1199,,2,,4,554,,,,,,,0,0,000000000,00000000000,0,0,0,1,0,0,0,0,0,0,0,998,0,0,0,12,98,4,3,1,0,0,0,1,47,38237,6,1,6,0,3,0,71,165,0,0,0,1,0,11,2008,11,2008,0,0,0,0,0,1,2,55,2,2,2,1,0,0,14,12,1,1,4,6,1,1
47,470078,1,1,1,23,1,8,46,42,0,1,0,47,1,12,421,12421,15,1991,1FMEU15N0MLA,1,F,M,E,U,1,5,N,0,M,L,A,0,P,FORD,BRO,UT,91,17,4348,,0,1050,,G,,F,8,302,,,15R235,,,,,,0,0,000000000,00000000000,0,0,0,1,0,0,0,0,0,0,0,998,0,0,0,12,12,6,2,42,0,0,0,1,47,38063,6,1,0,0,3,0,72,190,0,0,0,0,0,0,0,0,0,0,0,0,0,0,1,2,99,4,2,2,2,0,0,14,13,1,2,4,2,1,0
47,470079,1,1,1,22,2,16,45,8,0,1,0,47,2,12,481,12481,31,2003,1FTRW07623KD,1,F,T,R,W,0,7,6,2,3,K,D,0,T,FORD,F1S,CW,3,17,,2,0,1385,COF,G,,,8,281,,,,B,4655,00,U,42,0,0,000000000,00000000000,0,0,0,1,0,0,0,0,0,0,0,998,0,0,0,12,98,6,2,8,0,0,0,1,47,38305,6,1,0,0,2,9,71,235,0,0,0,1,0,4,2009,4,2009,0,0,0,0,0,1,4,40,1,1,2,1,1,3,1,80,1,1,1,13,0,0
47,470080,1,1,3,23,2,11,45,53,0,1,0,47,1,20,481,20481,31,1999,2GCEK19T9X12,2,G,C,E,K,1,9,T,9,X,1,2,0,T,CHEV,SK1,3C,99,17,,2,1575,1435,SIL,G,,,8,325,,,,B,4621,00,,44,0,0,000000000,00000000000,0,0,0,1,0,0,0,0,0,0,0,998,0,0,0,12,12,6,2,35,0,0,0,1,47,37760,6,1,0,0,3,0,73,185,3,0,0,2,1,10,2008,11,2010,0,4,0,0,0,1,2,45,1,6,2,1,0,0,1,12,1,1,4,6,1,0
47,470081,1,1,1,27,2,19,48,42,0,1,0,47,1,20,20,20020,4,1998,2G1WL52MXW91,2,G,1,W,L,5,2,M,X,W,9,1,0,P,CHEV,L/S,4D,98,17,3330,,0,1075,,G,,F,6,191,,,15R205,,,,,,0,0,000000000,00000000000,0,0,0,1,0,0,0,0,0,0,0,998,0,0,0,12,98,6,2,2,0,0,1,1,47,38019,1,1,1,0,2,0,71,168,0,0,0,0,0,0,0,0,0,9,0,0,0,0,1,2,55,3,1,2,1,0,0,14,13,1,1,4,1,1,0
47,470082,1,1,1,1,3,18,56,35,0,1,0,47,1,37,32,37032,4,1995,JHMCD5630SC0,J,H,M,C,D,5,6,3,0,S,C,0,0,P,HOND,ALX,4D,95,17,2809,,0,1069,,G,,F,4,132,,,14R185,,,,,,0,0,000000000,00000000000,0,0,0,1,0,0,0,0,0,0,0,998,0,1,5,3,98,6,2,1,0,0,0,1,47,37849,6,1,0,0,3,1,63,103,3,2,0,1,0,2,2009,11,2010,0,0,0,0,0,2,3,55,1,1,2,1,0,0,1,13,1,1,4,1,1,0
47,470083,1,1,1,2,3,11,2,7,0,1,0,47,1,53,706,53706,80,2007,JS1GW71A6721,J,S,1,G,W,7,1,A,6,7,2,1,0,M,SUZI,GRZ,RC,7,17,,,,,,,1299,,4,,4,478,,,,,,,0,0,000000000,00000000000,0,0,0,1,0,0,0,0,0,0,0,998,0,0,0,0,98,6,2,57,0,0,0,1,47,37082,6,1,0,0,3,0,73,260,0,0,0,2,0,9,2008,12,2008,1,36,0,0,0,3,2,70,1,1,2,1,0,0,6,98,1,1,1,0,1,0
47,470084,1,1,3,2,3,5,58,35,0,1,0,47,1,20,36,20036,2,1999,2G1WW12M7X91,2,G,1,W,W,1,2,M,7,X,9,1,0,P,CHEV,MLS,CP,99,17,3306,,0,1075,,G,,F,6,191,,,15R205,,,,,,0,0,000000000,00000000000,0,0,0,1,0,0,0,0,0,0,0,998,0,0,0,12,12,6,2,35,0,0,0,1,47,38242,6,1,0,0,3,3,68,120,0,0,0,1,0,11,2008,11,2008,0,0,0,0,0,1,2,55,2,1,2,1,0,0,14,12,1,1,4,6,1,0
47,470086,1,1,2,6,3,16,55,42,0,1,0,47,2,41,52,41052,6,2010,JM1CR2W38A03,J,M,1,C,R,2,W,3,8,A,0,3,0,P,MAZD,MA5,4H,10,17,3422,,0,1083,,G,,F,4,140,,,17R205,,,,,,0,0,000000000,00000000000,0,0,0,1,0,0,0,0,0,0,0,998,0,1,5,12,98,6,2,42,0,0,0,1,47,38122,1,1,1,0,2,0,69,176,0,0,0,0,0,0,0,0,0,1,0,0,0,0,1,3,55,2,6,2,1,0,0,14,6,1,1,4,1,1,1
47,470087,1,1,3,6,3,4,29,30,0,1,0,47,1,18,7,18007,4,1996,1G4AG55M8T64,1,G,4,A,G,5,5,M,8,T,6,4,0,P,BUIC,CSL,4D,96,17,2951,,0,1049,,G,,F,6,191,,,14R185,,,,,,0,0,000000000,00000000000,0,0,0,1,0,0,0,0,0,0,0,998,0,0,0,12,12,6,2,30,0,0,0,1,47,38109,6,1,0,0,3,0,62,198,0,1,0,0,0,8,2010,8,2010,0,36,0,0,0,2,4,35,1,1,2,1,0,0,1,13,1,1,4,1,1,0
47,470089,1,1,1,11,3,18,40,30,0,1,0,47,2,35,34,35034,2,1984,JN1CZ14S7EX0,J,N,1,C,Z,1,4,S,7,E,X,0,0,P,DATS,30X,2H,84,17,2924,,0,913,,G,,T,6,181,,,15R215,,,,,,0,0,000000000,00000000000,0,0,0,1,0,0,0,0,0,0,0,998,0,1,5,9,9,6,2,30,0,0,0,1,47,38242,6,1,0,0,3,0,70,175,1,0,0,0,0,9,2009,9,2009,0,28,58,0,0,1,2,55,4,6,2,1,0,0,14,13,7,3,4,2,1,0
47,470090,1,1,1,14,3,21,7,8,0,1,1,47,2,2,404,2404,14,2001,1J4GX48S81C6,1,J,4,G,X,4,8,S,8,1,C,6,0,T,JEEP,LRO,4W,1,17,,1,0,1059,GCK,G,,,6,244,,,,,3675,01,E,42,0,0,000000000,00000000000,0,0,0,1,0,0,0,0,0,0,0,998,0,0,0,12,12,4,1,8,0,0,0,1,47,37343,6,1,0,0,3,0,68,125,3,0,0,0,1,2,2009,2,2011,0,99,99,99,99,1,2,35,1,1,2,1,0,0,1,80,1,1,1,13,0,0
47,470091,1,2,1,11,3,8,45,12,6,1,0,47,1,20,401,20401,14,2001,1GNCS18WX1K1,1,G,N,C,S,1,8,W,X,1,K,1,0,P,CHEV,BZR,UT,1,17,3699,,0,1005,,G,,F,6,262,,,15R235,,,,,,0,0,000000000,00000000000,0,0,0,1,0,0,0,0,0,0,0,998,0,0,0,7,98,6,2,2,0,0,1,1,47,37130,6,1,0,0,3,0,64,125,1,0,0,0,0,4,2010,4,2010,0,28,58,0,0,1,2,55,3,1,2,1,0,0,14,10,1,1,2,64,1,0
47,470091,2,2,1,11,3,8,45,12,6,1,0,47,1,7,472,7472,30,1999,1B7FL26X5XS1,1,B,7,F,L,2,6,X,5,X,S,1,0,T,DODG,DAK,PK,99,17,,1,1239,1119,DAK,G,,,6,239,,,,B,3262,01,U,42,0,0,000000000,00000000000,0,0,0,1,0,0,0,0,0,0,0,998,0,0,0,12,98,6,2,12,0,0,0,1,47,37172,6,1,0,0,3,0,67,170,0,0,0,0,0,0,0,0,0,0,0,0,0,0,1,2,55,2,1,2,1,0,0,14,62,1,1,1,65,1,0
47,470092,1,2,1,12,3,8,21,5,0,1,0,47,1,53,706,53706,80,2009,JS1GX72A5921,J,S,1,G,X,7,2,A,5,9,2,1,0,M,SUZI,GXR,RC,9,17,,,,,,,1340,,4,,4,573,,,,,,,0,0,000000000,00000000000,0,0,0,1,0,0,0,0,0,0,0,998,0,0,0,0,12,6,2,5,0,0,0,1,47,38134,6,1,0,0,3,0,70,165,0,0,0,0,0,0,0,0,0,1,26,0,0,0,3,2,60,1,1,2,1,50,3,1,98,3,1,1,0,1,0
47,470092,2,2,1,12,3,8,21,5,0,1,0,93,3,82,881,82881,66,2006,1FUJF0CV06LW,1,F,U,J,F,0,C,V,0,6,L,W,1,T,FRHT,112,TR,6,17,,8,0,0,COL,D,,,6,782,,,,,00000,00,,64,1,57,00036684,5700036684,3,6,1,1,0,0,0,0,0,0,0,998,0,0,0,6,6,0,1,54,0,0,0,1,47,38125,6,1,6,0,3,0,69,175,0,0,0,0,0,0,0,0,0,0,0,0,0,0,3,2,60,1,1,2,1,50,3,2,53,1,1,1,98,0,0
47,470093,1,2,2,12,3,21,6,12,6,1,0,47,1,12,3,12003,2,1989,1FABP42E3KF1,1,F,A,B,P,4,2,E,3,K,F,1,0,P,FORD,MCG,2H,89,17,3194,,0,1005,,G,,F,8,302,,,000000,,,,,,0,0,000000000,00000000000,0,0,0,1,0,0,0,0,0,0,0,998,1,0,0,3,98,6,2,12,0,0,0,1,47,38060,6,2,0,0,3,2,68,155,0,0,0,1,0,8,2009,8,2009,1,28,36,73,0,1,2,45,3,2,2,1,0,0,14,6,8,4,2,64,2,0
47,470093,2,2,1,12,3,21,6,12,6,1,0,47,3,20,481,20481,31,2007,1GCHK23DX7F1,1,G,C,H,K,2,3,D,X,7,F,1,0,T,CHEV,2KH,CW,7,17,,2,1670,1530,SIL,D,,,8,403,,,,C,5883,02,,44,0,0,000000000,00000000000,0,0,0,1,0,0,0,0,0,0,0,998,1,0,0,12,98,6,2,12,0,0,0,1,47,38017,6,1,0,0,3,3,68,160,0,0,0,0,0,0,0,0,0,0,0,0,0,0,1,2,45,2,2,2,1,0,0,14,62,1,1,1,65,0,0
47,470094,1,2,1,15,3,11,45,12,6,1,0,47,1,19,421,19421,15,2004,1GYEC63T74R1,1,G,Y,E,C,6,3,T,7,4,R,1,0,P,CADI,ESC,UT,4,17,5367,,0,1160,,G,,F,8,325,,,17R265,,,,,,0,0,000000000,00000000000,0,0,0,1,0,0,0,0,0,0,0,998,0,0,0,12,12,6,2,12,0,0,0,1,47,37660,6,1,6,0,3,3,63,228,0,0,0,0,0,0,0,0,0,0,0,0,0,0,3,2,45,1,1,2,1,0,0,1,66,1,1,1,88,1,0
47,470094,2,2,2,15,3,11,45,12,6,1,0,47,3,49,403,49403,14,2010,5TDDK3EH1AS0,5,T,D,D,K,3,E,H,1,A,S,0,0,P,TOYT,HIG,UT,10,17,4321,,0,1220,,G,,F,6,214,,,20R275,,,,,,0,0,000000000,00000000000,0,0,0,1,0,0,0,0,0,0,0,998,0,0,0,9,9,6,2,12,0,0,0,1,47,37663,6,1,0,0,3,3,67,138,0,0,0,1,0,11,2008,11,2008,0,38,0,0,0,1,2,45,1,1,2,2,20,3,3,17,1,1,1,89,0,0
47,470095,1,3,2,12,3,13,55,12,6,1,0,47,1,14,17,14017,4,1997,1MELM50U0VA6,1,M,E,L,M,5,0,U,0,V,A,6,0,P,MERC,SGS,4D,97,17,3388,,0,1085,,G,,F,6,182,,,15R205,,,,,,0,0,000000000,00000000000,0,0,0,1,0,0,0,0,0,0,0,998,0,0,0,9,9,6,2,12,0,0,0,1,47,37658,6,1,0,0,3,1,72,162,0,0,0,0,0,0,0,0,0,0,38,0,0,0,2,2,65,1,9,2,1,0,0,4,17,1,1,1,89,2,0
47,470095,2,3,3,12,3,13,55,12,6,1,0,47,1,12,401,12401,14,2002,1FMZU73K42UD,1,F,M,Z,U,7,3,K,4,2,U,D,0,P,FORD,EPR,UT,2,17,4378,,0,1137,,F,,F,6,245,,,16R235,,,,,,0,0,000000000,00000000000,0,0,0,1,0,0,0,0,0,0,0,998,0,0,0,12,9,6,2,12,0,0,0,1,47,37690,6,1,0,0,3,0,64,135,0,2,0,1,0,10,2009,3,2011,0,92,0,0,0,2,2,65,1,3,2,1,0,0,1,71,1,1,1,88,0,0
47,470095,3,3,2,12,3,13,55,12,6,1,0,47,1,6,43,6043,1,1996,3C3EL45H1TT2,3,C,3,E,L,4,5,H,1,T,T,2,0,P,CHRY,SJX,CV,96,17,3262,,0,1060,,G,,F,6,152,,,15R205,,,,,,0,0,000000000,00000000000,0,0,0,1,0,0,0,0,0,0,0,998,0,0,0,11,98,6,2,12,0,0,0,1,26,48629,6,1,0,0,3,0,77,285,0,0,0,1,0,12,2010,12,2010,0,0,0,0,0,2,2,65,1,3,2,1,0,0,1,71,6,1,1,98,0,0
47,470096,1,1,1,19,2,9,15,14,0,1,0,47,1,48,43,48043,10,1986,JF3AU53B8GE5,J,F,3,A,U,5,3,B,8,G,E,5,0,P,SUBA,BRT,PK,86,17,2205,,0,963,,G,,2,4,108,,,13R175,,,,,,0,0,000000000,00000000000,0,0,0,1,0,0,0,0,0,0,0,998,0,0,0,11,98,6,2,14,0,0,0,1,47,37870,6,1,0,0,3,0,70,210,1,0,0,0,0,10,2010,10,2010,0,0,0,0,0,1,2,40,2,1,2,1,0,0,14,12,1,1,4,11,1,0
47,470097,1,1,1,10,3,4,11,53,0,1,0,47,1,49,471,49471,30,1993,4TARN01P9PZ0,4,T,A,R,N,0,1,P,9,P,Z,0,0,T,TOYT,SDX,PK,93,17,,1,0,1029,HTP,G,,,4,144,,,,B,3335,00,A,44,0,0,000000000,00000000000,0,0,0,1,0,0,0,0,0,0,0,998,0,1,5,12,98,6,2,1,0,0,0,1,47,37308,6,1,0,0,3,0,69,169,0,0,0,0,0,0,0,0,0,0,0,0,0,0,1,2,55,1,6,2,2,0,0,1,13,1,1,4,1,1,0
47,470098,1,2,2,5,3,12,40,12,6,1,0,47,1,20,401,20401,14,2000,1GNCS13W1Y21,1,G,N,C,S,1,3,W,1,Y,2,1,0,P,CHEV,BZR,UT,0,17,3671,,0,1070,,G,,F,6,262,,,15R205,,,,,,0,0,000000000,00000000000,0,0,0,1,0,0,0,0,0,0,0,998,0,0,0,12,12,6,2,12,0,0,0,1,47,37321,6,1,0,0,3,0,66,160,2,1,0,0,1,9,2008,1,2011,0,0,0,0,0,2,2,45,1,1,2,2,0,0,1,67,1,1,1,83,0,0
47,470098,2,2,1,5,3,12,40,12,6,1,0,47,1,20,2,20002,4,2005,1G1ND52F95M2,1,G,1,N,D,5,2,F,9,5,M,2,0,P,CHEV,CLA,4D,5,17,3106,,0,1070,,G,,F,4,134,,,15R205,,,,,,0,0,000000000,00000000000,0,0,0,1,0,0,0,0,0,0,0,998,0,1,5,9,98,6,2,12,0,0,0,1,47,37321,6,1,0,0,3,1,64,120,0,0,0,0,0,0,0,0,0,0,38,0,0,0,1,2,30,1,5,2,2,20,3,11,15,1,1,2,82,1,0
47,470099,1,2,1,28,2,12,0,12,6,1,0,47,1,12,422,12422,15,2001,1FMPU18L31LA,1,F,M,P,U,1,8,L,3,1,L,A,0,P,FORD,EPT,UT,1,17,5417,,0,1191,,G,,F,8,330,,,17R265,,,,,,0,0,000000000,00000000000,0,0,0,1,0,0,0,0,0,0,0,998,0,0,0,11,11,6,2,12,0,0,0,1,5,72364,6,1,0,0,3,0,63,242,0,0,0,0,0,0,0,0,0,0,38,0,0,0,5,3,45,1,6,2,1,2,3,11,15,1,1,2,68,0,0
47,470099,2,2,1,28,2,12,0,12,6,1,0,47,1,12,17,12017,4,1998,1FAFP52U3WA2,1,F,A,F,P,5,2,U,3,W,A,2,0,P,FORD,TLS,4D,98,17,3359,,0,1085,,G,,F,6,182,,,15R205,,,,,,0,0,000000000,00000000000,0,0,0,1,0,0,0,0,0,0,0,998,0,0,0,1,1,6,2,12,0,0,0,1,47,38109,6,1,0,0,3,0,64,230,0,0,0,0,0,0,0,0,0,0,0,0,0,0,5,3,45,1,5,2,1,2,3,1,67,1,1,1,69,1,0
47,470100,1,1,1,27,2,99,99,42,0,1,0,47,2,7,482,7482,31,1999,1B7KF2369XJ6,1,B,7,K,F,2,3,6,9,X,J,6,0,T,DODG,Q25,4C,99,17,,2,1547,1387,RPC,D,,,6,359,,,,C,5695,00,U,44,0,0,000000000,00000000000,0,0,0,1,0,0,0,0,0,0,0,998,0,1,5,11,98,6,2,42,0,0,0,1,47,37683,6,1,0,0,3,0,70,160,0,0,0,0,0,0,0,0,0,1,0,0,0,0,1,2,45,2,5,2,1,0,0,14,6,9,3,4,7,1,1
47,470101,1,2,2,8,3,12,43,12,2,1,0,47,2,37,32,37032,4,2002,JHMCG56482C0,J,H,M,C,G,5,6,4,8,2,C,0,0,P,HOND,ULX,4D,2,17,3097,,0,1069,,G,,F,4,138,,,15R195,,,,,,0,0,000000000,00000000000,0,0,0,1,0,0,0,0,0,0,0,998,0,0,0,12,98,6,2,12,0,0,0,1,47,38134,6,1,0,0,3,0,62,118,1,0,0,0,1,4,2009,6,2009,0,0,0,0,0,1,2,55,1,1,2,2,0,0,1,54,1,1,1,51,2,0
47,470101,2,2,1,8,3,12,43,12,2,1,0,47,1,22,22,22022,4,2008,1G2ZF57B8841,1,G,2,Z,F,5,7,B,8,8,4,1,0,P,PONT,6VB,4D,8,17,3305,,0,1123,,G,,F,4,146,,,16R215,,,,,,0,0,000000000,00000000000,0,0,0,1,0,0,0,0,0,0,0,998,0,0,0,12,98,6,2,12,0,0,0,1,47,38106,6,1,0,0,3,0,75,193,0,0,0,0,0,0,0,0,0,0,28,0,0,0,1,2,55,1,1,2,2,0,0,1,10,1,1,2,50,0,0
47,470102,1,1,1,10,3,23,15,11,0,1,0,47,2,13,2,13002,2,1994,1LNLM91V0RY7,1,L,N,L,M,9,1,V,0,R,Y,7,0,P,LINC,MK8,CP,94,17,3768,,0,1130,,G,,F,8,281,,,16R225,,,,,,0,0,000000000,00000000000,0,0,0,1,0,0,0,0,0,0,0,998,0,0,0,12,98,6,2,11,0,0,0,1,47,38483,6,1,0,0,3,1,74,300,0,0,0,0,0,0,0,0,0,0,83,0,0,0,1,2,55,1,5,2,1,0,0,1,87,1,1,1,13,1,0
47,470103,1,1,1,12,3,7,26,59,0,1,0,47,1,20,473,20473,30,2007,1GCCS149X781,1,G,C,C,S,1,4,9,X,7,8,1,0,T,CHEV,RDO,PK,7,17,,1,0,1113,CAL,G,,,4,177,,,,,3303,01,,42,0,0,000000000,00000000000,0,0,0,1,0,0,0,0,0,0,0,998,0,1,5,12,98,6,2,35,0,0,0,1,47,38063,6,1,0,0,3,0,69,185,0,0,0,0,0,0,0,0,0,0,58,0,0,0,1,2,55,1,2,2,1,0,0,1,13,1,1,4,1,1,0
47,470104,1,1,3,12,3,23,46,32,0,1,0,47,2,35,47,35047,4,1996,1N4BU31D7TC1,1,N,4,B,U,3,1,D,7,T,C,1,0,P,NISS,AGS,4D,96,17,2756,,0,1031,,G,,F,4,146,,,15R205,,,,,,0,0,000000000,00000000000,0,0,0,1,0,0,0,0,0,0,0,998,0,0,0,12,98,6,2,42,0,0,0,1,47,38585,6,1,0,0,3,0,70,165,0,0,0,0,0,0,0,0,0,0,0,0,0,0,1,2,45,1,1,2,1,0,0,1,12,1,1,4,6,2,1
47,470105,1,2,3,3,2,18,25,12,1,1,0,47,1,20,401,20401,14,1996,1GNCS13W2T21,1,G,N,C,S,1,3,W,2,T,2,1,0,P,CHEV,BZR,UT,96,17,3691,,0,1070,,G,,F,6,262,,,15R235,,,,,,0,0,000000000,00000000000,0,0,0,1,0,0,0,0,0,0,0,998,2,1,5,12,98,6,2,30,0,0,0,1,47,38457,6,1,0,0,3,0,63,178,0,3,0,0,0,5,2010,9,2010,1,27,28,0,0,1,4,45,1,6,2,2,0,0,15,6,1,1,1,24,1,0