STATE,ST_CASE,VEH_NO,VE_FORMS,NUMOCCS,DAY,MONTH,HOUR,MINUTE,HARM_EV,MAN_COLL,UNITTYPE,HIT_RUN,REG_STAT,OWNER,MAKE,MODEL,MAK_MOD,BODY_TYP,MOD_YEAR,VIN,VIN_1,VIN_2,VIN_3,VIN_4,VIN_5,VIN_6,VIN_7,VIN_8,VIN_9,VIN_10,VIN_11,VIN_12,TOW_VEH,VINTYPE,VINMAKE,VINA_MOD,VIN_BT,VINMODYR,VIN_LNGT,VIN_WGT,WGTCD_TR,WHLBS_LG,WHLBS_SH,SER_TR,FUELCODE,MCYCL_DS,CARBUR,CYLINDER,DISPLACE,MCYCL_CY,MCYCL_WT,TIRE_SZE,TON_RAT,TRK_WT,TRKWTVAR,VIN_REST,WHLDRWHL,J_KNIFE,MCARR_I1,MCARR_I2,MCARR_ID,GVWR,V_CONFIG,CARGO_BT,HAZ_INV,HAZ_PLAC,HAZ_ID,HAZ_CNO,HAZ_REL,BUS_USE,SPEC_USE,EMER_USE,TRAV_SP,UNDERIDE,ROLLOVER,ROLINLOC,IMPACT1,IMPACT2,DEFORMED,TOWED,M_HARM,VEH_SC1,VEH_SC2,FIRE_EXP,DR_PRES,L_STATE,DR_ZIP,L_STATUS,L_TYPE,CDL_STAT,L_ENDORS,L_COMPL,L_RESTRI,DR_HGT,DR_WGT,PREV_ACC,PREV_SUS,PREV_DWI,PREV_SPD,PREV_OTH,FIRST_MO,FIRST_YR,LAST_MO,LAST_YR,SPEEDREL,DR_SF1,DR_SF2,DR_SF3,DR_SF4,VTRAFWAY,VNUM_LAN,VSPD_LIM,VALIGN,VPROFILE,VPAVETYP,VSURCOND,VTRAFCON,VTCONT_F,P_CRASH1,P_CRASH2,P_CRASH3,PCRASH4,PCRASH5,ACC_TYPE,DEATHS,DR_DRINK
47,470105,2,2,3,3,2,18,25,12,1,1,0,47,1,12,422,12422,15,1997,1FMFU18LXVLC,1,F,M,F,U,1,8,L,X,V,L,C,0,P,FORD,EPT,UT,97,17,4827,,0,1190,,G,,F,8,330,,,16R255,,,,,,0,0,000000000,00000000000,0,0,0,1,0,0,0,0,0,0,0,998,2,0,0,6,6,4,1,12,0,0,0,1,47,38464,6,1,0,0,3,0,71,205,0,0,0,0,0,0,0,0,0,0,0,0,0,0,1,4,45,1,6,2,2,0,0,1,53,1,1,1,25,0,0
47,470106,1,3,1,25,2,7,50,12,8,1,0,93,3,82,883,82883,66,2007,1FUJA6CK57LW,1,F,U,J,A,6,C,K,5,7,L,W,1,T,FRHT,COL,TR,7,17,,8,0,0,CON,D,,,6,855,,,,,00000,00,,64,1,57,00478812,5700478812,3,6,1,1,0,0,0,0,0,0,0,998,0,0,0,11,98,6,2,12,0,0,0,1,13,30273,6,1,6,0,3,0,71,190,98,0,0,1,2,11,2009,11,2010,0,0,0,0,0,1,2,55,1,1,2,1,0,0,1,62,1,1,1,65,0,0
47,470106,2,3,1,25,2,7,50,12,8,1,0,47,1,20,443,20443,20,2000,1GNDX03E3YD2,1,G,N,D,X,0,3,E,3,Y,D,2,0,T,CHEV,VTR,ES,0,17,,1,0,1200,VTR,G,,,6,207,,,,,3838,00,,42,0,0,000000000,00000000000,0,0,0,1,0,0,0,0,0,0,0,998,0,0,0,11,98,6,2,12,0,0,0,1,47,37160,6,1,0,0,3,0,63,140,0,0,0,0,0,0,0,0,0,0,28,0,0,0,1,2,55,1,1,2,1,0,0,1,10,1,1,2,64,1,0
47,470106,3,3,1,25,2,7,50,12,8,1,0,47,2,14,36,14036,4,1993,3MAPM10J9PR6,3,M,A,P,M,1,0,J,9,P,R,6,0,P,MERC,TRA,4D,93,17,2356,,0,984,,G,,F,4,114,,,13R175,,,,,,0,0,000000000,00000000000,0,0,0,1,0,0,0,0,0,0,0,998,0,0,0,9,9,2,1,54,0,0,0,1,47,37160,6,1,0,0,3,1,67,156,1,0,0,0,0,4,2009,4,2009,0,0,0,0,0,1,2,55,1,1,2,1,0,0,1,62,7,1,1,98,0,0
47,470107,1,2,1,25,2,7,45,12,1,1,0,47,1,7,442,7442,20,1999,2B4GP44GXXR4,2,B,4,G,P,4,4,G,X,X,R,4,0,T,DODG,GSS,ES,99,17,,1,0,1193,CAR,F,,,6,201,,,,,3856,00,E,42,0,0,000000000,00000000000,0,0,0,1,0,0,0,0,0,0,0,998,1,0,0,12,12,6,2,12,0,0,0,1,47,37388,6,1,0,0,3,0,68,170,0,0,0,0,0,0,0,0,0,1,0,0,0,0,3,2,70,1,1,2,1,98,3,1,6,4,1,1,20,1,0
47,470107,2,2,1,25,2,7,45,12,1,1,0,21,3,82,881,82881,62,2000,1FV3GJAC5YHF,1,F,V,3,G,J,A,C,5,Y,H,F,0,T,FRHT,F60,CC,0,17,,6,0,0,MCV,D,,,6,439,,,,,00000,00,,42,0,57,539925,57539925,2,1,96,1,0,0,0,0,0,0,0,0,2,0,0,6,6,6,2,12,0,0,0,1,21,40220,6,1,6,0,3,0,68,160,0,0,0,0,0,0,0,0,0,0,0,0,0,0,3,2,70,1,1,2,1,98,3,5,53,1,1,1,21,0,0
47,470108,1,2,2,24,2,20,36,12,6,1,0,47,2,7,43,7043,4,2003,1B3EL36T83N5,1,B,3,E,L,3,6,T,8,3,N,5,0,P,DODG,SSE,4D,3,17,3108,,0,1080,,F,,F,6,165,,,15R205,,,,,,0,0,000000000,00000000000,0,0,0,1,0,0,0,0,0,0,0,998,0,0,0,3,98,6,2,12,0,0,0,1,47,37922,6,1,0,0,3,1,68,130,1,0,0,0,0,9,2010,9,2010,0,38,0,0,0,2,2,40,1,1,2,1,0,0,11,15,1,1,1,68,1,0
47,470108,2,2,1,24,2,20,36,12,6,1,0,47,1,54,421,54421,15,2005,2HNYD18845H5,2,H,N,Y,D,1,8,8,4,5,H,5,0,P,ACUR,MDX,UT,5,17,4515,,0,1063,,G,,F,6,212,,,17R235,,,,,,0,0,000000000,00000000000,0,0,0,1,0,0,0,0,0,0,0,998,0,0,0,12,12,6,2,12,0,0,0,1,47,37922,6,1,0,0,3,0,70,200,0,0,0,0,0,0,0,0,0,0,0,0,0,0,2,2,40,1,1,2,1,0,0,1,62,1,1,1,69,0,1
47,470109,1,2,1,28,2,10,25,12,1,1,0,1,4,82,881,82881,62,2006,1FVACWDC46HW,1,F,V,A,C,W,D,C,4,6,H,W,0,T,FRHT,16M,CC,6,17,,6,0,0,FM2,D,,,6,439,,,,,00000,00,,42,0,57,00582348,5700582348,2,1,1,1,0,0,0,0,0,0,0,998,1,0,0,12,98,6,2,12,0,0,0,1,1,35760,6,1,0,0,3,1,74,222,0,0,0,0,0,0,0,0,0,1,26,0,0,0,2,2,70,1,1,2,2,0,0,1,6,1,1,1,28,1,0
47,470109,2,2,1,28,2,10,25,12,1,1,0,93,3,87,881,87881,66,2000,1XP5DR9X1YN4,1,X,P,5,D,R,9,X,1,Y,N,4,1,T,PTRB,379,TR,0,17,,8,0,0,CON,D,,,6,774,,,,,00000,00,,64,1,57,00213582,5700213582,3,6,1,1,0,0,0,0,0,0,0,998,0,0,0,6,6,4,3,12,0,0,0,1,47,37306,6,1,6,0,3,1,71,220,0,0,0,0,0,0,0,0,0,0,0,0,0,0,2,2,70,1,1,2,2,0,0,2,53,1,1,1,29,0,0
47,470110,1,4,2,12,2,19,21,12,2,1,0,47,1,20,2,20002,4,2008,2G1WC5834892,2,G,1,W,C,5,8,3,4,8,9,2,0,P,CHEV,IMT,4D,8,17,3649,,0,1105,,F,,F,6,238,,,17R225,,,,,,0,0,000000000,00000000000,0,0,0,1,0,0,0,0,0,0,0,998,0,0,0,12,12,6,2,12,0,0,0,1,47,37013,1,1,1,0,2,0,61,128,2,2,0,1,0,10,2008,1,2011,0,36,51,0,0,2,2,55,1,1,2,1,0,0,1,19,1,1,1,50,1,1
47,470110,2,4,2,12,2,19,21,12,2,1,0,47,1,12,471,12471,30,2003,1FTYR44U83PB,1,F,T,Y,R,4,4,U,8,3,P,B,0,T,FORD,RNS,4C,3,17,,1,0,1257,RNG,G,,,6,182,,,,B,3547,00,U,42,0,0,000000000,00000000000,0,0,0,1,0,0,0,0,0,0,0,998,0,0,0,12,12,6,2,12,0,0,0,1,47,37040,6,1,0,0,3,0,65,125,0,0,0,1,0,5,2010,5,2010,0,0,0,0,0,2,2,55,1,1,2,1,0,0,1,54,9,1,1,98,0,0
47,470110,3,4,2,12,2,19,21,12,2,1,0,47,2,2,403,2403,14,1998,1J4FY19S2WP7,1,J,4,F,Y,1,9,S,2,W,P,7,0,T,JEEP,SPW,2W,98,17,,1,0,934,W/T,G,,,6,242,,,,,3174,00,E,44,0,0,000000000,00000000000,0,0,0,1,0,0,0,0,0,0,0,998,0,0,0,12,12,6,2,12,0,0,0,1,47,37035,6,1,6,0,3,1,68,198,0,0,0,0,0,0,0,0,0,0,0,0,0,0,2,2,55,1,1,2,1,0,0,1,54,1,1,1,51,0,0
47,470110,4,4,1,12,2,19,21,12,2,1,0,47,2,12,13,12013,4,1993,3FAPP13J1PR1,3,F,A,P,P,1,3,J,1,P,R,1,0,P,FORD,LXE,4D,93,17,2364,,0,984,,G,,F,4,113,,,13R175,,,,,,0,0,000000000,00000000000,0,0,0,1,0,0,0,0,0,0,0,998,0,0,0,12,12,4,1,12,0,0,0,1,47,37181,6,1,0,0,3,0,71,205,0,0,0,0,0,0,0,0,0,0,0,0,0,0,2,2,55,1,1,2,1,0,0,1,54,1,1,1,98,0,0
47,470111,1,2,1,4,1,14,40,12,2,1,0,93,3,84,881,84881,66,2007,2HSCESBR87C2,2,H,S,C,E,S,B,R,8,7,C,2,1,T,INTL,92I,TR,7,17,,8,0,0,920,D,,,6,763,,,,,00000,00,,64,1,57,63419,5763419,3,6,1,1,0,0,0,0,0,0,0,998,0,0,0,12,98,6,2,12,0,0,0,1,47,37659,6,1,6,0,3,0,73,220,0,0,0,0,0,0,0,0,0,0,0,0,0,0,1,2,55,1,2,2,1,0,0,1,54,9,1,1,51,0,0
47,470111,2,2,2,4,1,14,40,12,2,1,0,47,1,18,2,18002,4,1993,1G4HP53L8PH4,1,G,4,H,P,5,3,L,8,P,H,4,0,P,BUIC,L90,4D,93,17,3338,,0,1108,,G,,F,6,231,,,15R205,,,,,,0,0,000000000,00000000000,0,0,0,1,0,0,0,0,0,0,0,998,0,0,0,12,12,6,2,12,0,0,0,1,47,37692,6,1,0,0,3,0,63,172,0,0,0,0,0,0,0,0,0,0,28,36,0,0,1,2,55,1,2,2,1,0,0,1,10,8,1,2,50,1,0
47,470112,1,1,1,2,1,2,52,35,0,1,0,12,1,20,473,20473,30,2006,1GCCS1487681,1,G,C,C,S,1,4,8,7,6,8,1,0,T,CHEV,RDO,PK,6,17,,1,0,1113,CAL,G,,,4,171,,,,,3303,00,,42,0,0,000000000,00000000000,0,0,0,1,0,0,0,0,0,0,0,998,0,0,0,12,12,6,2,30,0,0,0,1,47,37415,6,1,0,0,3,0,66,107,0,0,0,0,0,0,0,0,0,0,99,99,99,99,1,2,25,1,5,2,1,0,0,1,13,1,1,4,1,1,1
47,470113,1,1,1,28,2,99,99,8,0,1,1,99,9,99,999,99999,99,9999,999999999999,9,9,9,9,9,9,9,9,9,9,9,9,9,,,,,,,,,,,,,,,,,,,,,,,,,0,0,000000000,00000000000,0,0,0,1,0,0,0,0,99,99,9,998,9,0,0,99,99,9,1,8,0,0,0,1,99,99999,9,9,99,9,9,9,999,999,99,99,99,99,99,99,9999,99,9999,9,99,99,99,99,1,2,40,3,1,2,1,0,0,14,80,1,1,1,13,0,0
47,470114,1,2,1,12,1,13,10,12,6,1,0,47,1,63,402,63402,14,2006,KNDJC7334655,K,N,D,J,C,7,3,3,4,6,5,5,0,P,KIA,SOR,UT,6,17,4306,,0,1067,,G,,F,6,213,,,16R245,,,,,,0,0,000000000,00000000000,0,0,0,1,0,0,0,0,0,0,0,998,0,0,0,62,98,4,3,12,0,0,0,1,47,37745,6,1,0,0,3,0,68,170,1,0,0,0,1,4,2009,7,2009,0,38,0,0,0,1,2,35,1,1,2,2,20,3,4,17,1,1,2,89,0,0
47,470114,2,2,2,12,1,13,10,12,6,1,0,47,1,20,481,20481,31,1991,1GCDK14KXMZ1,1,G,C,D,K,1,4,K,X,M,Z,1,0,T,CHEV,GK1,PK,91,17,,1,1315,1175,GM4,G,,,8,350,,,,B,00000,00,,44,0,0,000000000,00000000000,0,0,0,1,0,0,0,0,0,0,0,998,0,1,3,12,98,6,2,12,0,0,0,1,47,37743,6,1,0,0,3,0,63,125,0,0,0,0,0,0,0,0,0,0,0,0,0,0,2,2,55,1,1,2,2,0,0,1,66,1,1,1,88,1,0
47,470115,1,1,1,24,2,17,40,42,0,1,0,47,1,41,471,41471,30,1994,4F4CR16A4RTN,4,F,4,C,R,1,6,A,4,R,T,N,0,T,MAZD,2CP,PC,94,17,,1,0,1251,B23,G,,,4,140,,,,,3208,00,A,42,0,0,000000000,00000000000,0,0,0,1,0,0,0,0,0,0,0,998,0,0,0,12,98,6,2,42,0,0,0,1,47,37317,6,1,0,0,3,0,62,128,1,0,0,0,0,10,2010,10,2010,0,4,28,0,0,1,2,45,2,1,2,1,0,0,14,12,1,1,4,6,1,0
47,470116,1,3,1,2,3,15,15,12,2,1,0,47,1,20,481,20481,31,1990,1GCDK14K8LZ1,1,G,C,D,K,1,4,K,8,L,Z,1,0,T,CHEV,GK1,PK,90,17,,1,1415,1175,GM4,G,,,8,350,,,,B,4117,05,,44,0,0,000000000,00000000000,0,0,0,1,0,0,0,0,0,0,0,998,0,0,0,12,98,6,2,12,0,0,0,1,47,37821,6,1,0,0,3,0,71,200,1,0,0,0,1,3,2008,4,2010,1,28,0,0,0,1,2,45,2,6,2,1,40,3,14,10,1,1,2,50,0,0
47,470116,2,3,2,2,3,15,15,12,2,1,0,47,1,14,17,14017,4,1997,1MELM53S2VA6,1,M,E,L,M,5,3,S,2,V,A,6,0,P,MERC,SLS,4D,97,17,3360,,0,1085,,G,,F,6,182,,,15R205,,,,,,0,0,000000000,00000000000,0,0,0,1,0,0,0,0,0,0,0,998,0,0,0,12,98,6,2,12,0,0,0,1,47,37821,6,1,0,0,3,0,72,160,0,0,0,1,0,8,2010,8,2010,0,0,0,0,0,1,2,45,3,5,2,1,40,3,14,54,1,1,1,51,0,0
47,470116,3,3,1,2,3,15,15,12,2,1,0,47,2,37,32,37032,4,1995,JHMCD5637SC0,J,H,M,C,D,5,6,3,7,S,C,0,0,P,HOND,ALX,4D,95,17,2809,,0,1069,,G,,F,4,132,,,14R185,,,,,,0,0,000000000,00000000000,0,0,0,1,0,0,0,0,0,0,0,998,0,0,0,12,98,6,2,12,0,0,0,1,47,37722,6,1,0,0,3,0,68,154,0,0,0,0,0,0,0,0,0,0,0,0,0,0,1,2,45,3,5,2,1,40,3,14,54,1,1,1,98,1,0
47,470117,1,1,1,4,3,2,30,34,0,1,0,47,2,12,13,12013,2,1999,3FAKP1135XR1,3,F,A,K,P,1,1,3,5,X,R,1,0,P,FORD,ZCH,CP,99,17,2478,,0,984,,G,,F,4,121,,,14R185,,,,,,0,0,000000000,00000000000,0,0,0,1,0,0,0,0,0,0,0,998,0,0,0,12,98,6,2,34,0,0,0,1,47,37033,6,1,0,0,3,1,61,120,0,0,0,0,0,0,0,0,0,0,28,0,0,0,1,2,55,3,6,2,1,0,0,14,13,9,3,4,2,1,0
47,470118,1,2,1,3,3,9,30,12,1,1,0,47,1,49,38,49038,4,1995,JT2EL56E0S70,J,T,2,E,L,5,6,E,0,S,7,0,0,P,TOYT,TTX,4D,95,17,2005,,0,937,,G,,F,4,091,,,13R155,,,,,,0,0,000000000,00000000000,0,0,0,1,0,0,0,0,0,0,0,998,0,0,0,6,6,6,2,12,0,0,0,1,47,38111,6,1,0,0,3,0,69,230,0,0,0,0,0,0,0,0,0,0,27,0,0,0,2,4,55,1,1,2,1,0,0,15,11,1,1,2,33,1,0
47,470118,2,2,1,3,3,9,30,12,1,1,0,12,2,18,20,18020,4,1994,2G4WB55L2R14,2,G,4,W,B,5,5,L,2,R,1,4,0,P,BUIC,RGC,4D,94,17,3240,,0,1075,,G,,F,6,231,,,15R205,,,,,,0,0,000000000,00000000000,0,0,0,1,0,0,0,0,0,0,0,998,0,1,5,12,12,6,2,12,0,0,0,1,47,38122,6,1,0,0,3,0,74,185,0,0,0,1,0,5,2008,5,2008,0,8,0,0,0,2,4,55,1,1,2,1,0,0,1,61,1,1,1,33,0,0
47,470119,1,2,2,4,3,16,6,12,8,1,0,47,2,12,401,12401,14,1994,1FMDU32X6RUD,1,F,M,D,U,3,2,X,6,R,U,D,0,P,FORD,EPR,UT,94,17,3863,,0,1120,,G,,F,6,245,,,15R225,,,,,,0,0,000000000,00000000000,0,0,0,1,0,0,0,0,0,0,0,998,0,0,0,11,98,6,2,12,0,0,0,1,47,37918,2,1,2,0,2,0,70,180,0,2,0,1,0,11,2008,12,2010,0,28,0,0,0,1,2,40,1,6,2,1,0,0,1,10,1,1,2,64,1,1
47,470119,2,2,1,4,3,16,6,12,8,1,0,18,3,82,881,82881,66,2005,1FUJBBCG85LU,1,F,U,J,B,B,C,G,8,5,L,U,1,T,FRHT,ST2,TR,5,17,,8,0,0,CON,D,,,6,774,,,,,00000,00,,64,1,57,00264184,5700264184,3,6,1,1,0,0,0,0,0,0,0,998,0,0,0,11,98,6,2,12,0,0,0,1,47,37745,6,1,6,0,3,0,68,200,0,0,0,0,1,2,2011,2,2011,0,0,0,0,0,1,2,40,1,5,2,1,0,0,1,62,7,1,1,65,0,0
47,470120,1,2,1,4,3,0,15,12,6,1,0,1,3,22,2,22002,4,1992,1G2HX53L1N13,1,G,2,H,X,5,3,L,1,N,1,3,0,P,PONT,BVS,4D,92,17,3362,,0,1108,,G,,F,6,231,,,15R215,,,,,,0,0,000000000,00000000000,0,0,0,1,0,0,0,0,0,0,0,998,1,0,0,11,98,6,2,2,0,0,1,1,1,35634,6,1,0,0,3,0,71,171,0,1,1,0,1,4,2008,10,2010,0,28,36,0,0,1,2,55,2,1,2,1,0,0,14,10,1,1,2,64,1,0
47,470120,2,2,2,4,3,0,15,12,6,1,0,93,3,84,881,84881,66,1998,2HSFHAMR4WC0,2,H,S,F,H,A,M,R,4,W,C,0,1,T,INTL,940,TR,98,17,,8,2340,1600,90S,D,,,6,774,,,,,00000,00,,64,1,57,00301460,5700301460,3,6,4,1,0,0,0,0,0,0,0,998,7,0,0,12,98,6,2,12,0,0,0,1,47,38229,6,1,6,0,3,0,70,197,0,0,0,1,0,4,2009,4,2009,0,0,0,0,0,1,2,55,3,1,2,1,0,0,14,62,1,1,1,65,0,0
47,470121,1,1,2,5,3,23,46,14,0,1,0,47,2,55,33,55033,4,2003,KMHWF35H03A0,K,M,H,W,F,3,5,H,0,3,A,0,0,P,HYUN,SGX,4D,3,17,3254,,0,1063,,G,,F,6,162,,,16R205,,,,,,0,0,000000000,00000000000,0,0,0,1,0,0,0,0,0,0,0,998,0,0,0,9,98,6,2,14,0,0,0,1,47,38141,6,1,0,0,3,0,67,170,0,3,0,1,0,11,2008,11,2010,0,87,0,0,0,2,2,70,1,1,2,2,0,0,1,5,1,3,4,11,1,0
47,470122,1,1,2,8,3,17,12,42,0,1,1,47,2,20,481,20481,31,1984,1GCGK24M8EJ1,1,G,C,G,K,2,4,M,8,E,J,1,0,T,CHEV,K20,PK,84,17,,2,0,1315,K20,G,,,8,350,,,,B,4270,06,,44,0,0,000000000,00000000000,0,0,0,1,0,0,0,0,0,0,0,998,0,0,0,1,1,6,2,42,0,0,0,1,41,97101,1,1,0,0,2,0,71,175,0,2,0,0,0,7,2008,6,2010,0,92,0,0,0,1,2,55,3,2,2,2,0,0,14,13,1,1,4,1,1,1
47,470123,1,1,2,8,3,13,6,1,0,1,0,93,3,84,881,84881,63,2006,1HTWAAAN46J2,1,H,T,W,A,A,A,N,4,6,J,2,0,T,INTL,S30,CC,6,17,,7,0,0,70S,D,,,6,466,,,,,00000,00,,42,0,57,350474,57350474,3,1,96,1,0,0,0,0,0,0,0,998,0,2,5,0,98,6,2,1,0,0,0,1,47,37877,6,1,6,0,3,0,72,230,0,0,0,0,0,0,0,0,0,0,28,58,0,0,1,2,45,1,1,2,1,0,0,1,12,8,2,4,98,1,0
47,470124,1,2,1,16,3,5,0,12,6,1,0,47,1,12,401,12401,14,2006,1FMEU73E36UA,1,F,M,E,U,7,3,E,3,6,U,A,0,P,FORD,EPR,UT,6,17,4456,,0,1137,,G,,F,6,244,,,16R235,,,,,,0,0,000000000,00000000000,0,0,0,1,0,0,0,0,0,0,0,998,0,0,0,9,98,6,2,12,0,0,0,1,47,37825,6,1,0,0,3,0,71,250,0,0,0,0,0,0,0,0,0,0,38,0,0,0,1,2,35,1,5,2,1,20,3,1,17,1,1,1,89,1,0
47,470124,2,2,1,16,3,5,0,12,6,1,0,47,1,86,882,86882,63,2001,1M2K185C41M0,1,M,2,K,1,8,5,C,4,1,M,0,0,T,MACK,MR6,TB,1,17,,8,0,0,600,D,,,6,728,,,,,00000,00,,64,0,57,00687437,5700687437,3,2,7,1,0,0,0,0,0,0,0,998,0,1,5,12,98,6,2,12,0,0,0,1,47,37849,6,1,6,0,3,0,68,190,1,0,0,0,0,7,2009,7,2009,0,0,0,0,0,5,2,55,3,5,2,1,0,0,14,66,1,1,1,88,0,0
47,470125,1,1,1,16,3,99,99,8,0,1,1,47,1,2,404,2404,14,1996,1J4EZ58S7TC1,1,J,4,E,Z,5,8,S,7,T,C,1,0,T,JEEP,LRO,4W,96,17,,1,0,1059,GCK,G,,,6,242,,,,,3686,00,E,44,0,0,000000000,00000000000,0,0,0,1,0,0,0,0,0,0,0,998,0,0,0,14,14,0,3,8,0,0,0,1,47,38024,6,1,0,0,3,0,66,140,1,0,0,0,0,5,2008,5,2008,0,36,0,0,0,1,2,55,1,1,2,1,0,0,1,80,1,1,1,13,0,1
47,470126,1,4,1,13,3,12,22,12,1,1,0,47,1,49,481,49481,31,1993,JT4VD10A8P00,J,T,4,V,D,1,0,A,8,P,0,0,0,T,TOYT,T1S,PK,93,17,,1,0,1218,T10,G,,,6,180,,,,,3350,00,A,42,0,0,000000000,00000000000,0,0,0,1,0,0,0,0,0,0,0,998,0,0,0,12,98,6,2,12,0,0,0,1,47,37022,6,1,0,0,3,1,69,165,0,0,0,0,0,0,0,0,0,1,38,0,0,0,1,2,45,1,2,2,1,0,0,1,6,1,1,1,24,1,0
47,470126,2,4,2,13,3,12,22,12,1,1,0,47,1,38,402,38402,14,2001,4S2CM57W2143,4,S,2,C,M,5,7,W,2,1,4,3,0,P,ISU,ROD,UT,1,17,3877,,0,969,,G,,F,6,195,,,16R245,,,,,,0,0,000000000,00000000000,0,0,0,1,0,0,0,0,0,0,0,998,0,1,5,6,98,6,2,12,0,0,0,1,47,37031,6,1,0,0,3,0,72,240,2,0,0,1,0,9,2008,4,2010,0,0,0,0,0,1,2,45,1,2,2,1,0,0,2,53,1,1,1,25,0,0
47,470126,3,4,2,13,3,12,22,12,1,1,0,47,2,7,442,7442,20,2005,2D4GP44LX5R4,2,D,4,G,P,4,4,L,X,5,R,4,0,T,DODG,GSX,ES,5,17,,1,0,1193,CAR,G,,,6,230,,,,,4222,00,E,42,0,0,000000000,00000000000,0,0,0,1,0,0,0,0,0,0,0,0,0,0,0,6,6,6,2,12,0,0,0,1,47,37031,6,1,0,0,3,1,64,155,0,0,0,1,0,9,2010,9,2010,0,0,0,0,0,1,2,45,1,2,2,1,0,0,5,53,1,1,1,98,0,0
47,470126,4,4,2,13,3,12,22,12,1,1,0,47,1,35,47,35047,4,2009,1N4AL21E29N5,1,N,4,A,L,2,1,E,2,9,N,5,0,P,NISS,ATS,4D,9,17,3179,,0,1093,,G,,F,4,153,,,16R215,,,,,,0,0,000000000,00000000000,0,0,0,1,0,0,0,0,0,0,0,998,1,0,0,12,98,6,2,12,0,0,0,1,47,37066,6,1,6,0,3,0,73,225,0,0,0,0,0,0,0,0,0,0,0,0,0,0,1,2,45,1,2,2,1,0,0,1,54,9,1,1,98,0,0
47,470127,1,1,1,17,3,21,57,38,0,1,0,47,1,7,20,7020,4,2005,1B3ES56C85D2,1,B,3,E,S,5,6,C,8,5,D,2,0,P,DODG,NXT,4D,5,17,2634,,0,1040,,G,,F,4,122,,,15R185,,,,,,0,0,000000000,00000000000,0,0,0,1,0,0,0,0,0,0,0,998,0,0,0,12,98,6,2,2,0,0,1,1,47,38128,6,1,0,0,3,1,69,275,1,0,0,0,0,8,2010,8,2010,0,99,99,99,99,2,2,55,1,1,2,1,0,0,1,13,1,1,4,1,1,0
47,470128,1,1,1,18,3,2,28,8,0,1,0,93,3,82,881,82881,66,2000,1FUYDMDB1YPF,1,F,U,Y,D,M,D,B,1,Y,P,F,1,T,FRHT,FLD,TR,0,17,,8,0,0,CON,D,,,6,661,,,,,00000,00,,64,1,57,00086876,5700086876,3,6,1,1,0,0,0,0,0,0,0,998,0,0,0,12,98,2,3,8,0,0,0,1,47,37343,6,1,6,0,3,0,73,250,0,0,0,0,0,0,0,0,0,0,0,0,0,0,2,2,70,1,1,2,1,0,0,1,80,1,1,1,13,0,0
47,470129,1,2,1,18,3,20,44,8,0,1,0,47,2,9,20,9020,4,1997,3P3ES47Y8VT5,3,P,3,E,S,4,7,Y,8,V,T,5,0,P,PLYM,NHE,4D,97,17,2517,,0,1040,,G,,F,4,122,,,14R185,,,,,,0,0,000000000,00000000000,0,0,0,1,0,0,0,0,0,0,0,998,0,0,0,12,12,6,2,8,0,0,0,1,47,38122,6,1,0,0,3,1,69,140,0,0,0,0,0,0,0,0,0,0,0,0,0,0,1,4,35,1,1,2,1,0,0,1,80,1,1,1,13,0,0
47,470129,2,2,1,18,3,20,44,8,0,1,0,5,1,24,401,24401,14,2002,5GZCZ23D82S8,5,G,Z,C,Z,2,3,D,8,2,S,8,0,P,STRN,VUE,UT,2,17,3179,,0,1066,,G,,F,4,138,,,16R215,,,,,,0,0,000000000,00000000000,0,0,0,1,0,0,0,0,0,0,0,0,0,0,0,13,98,4,3,54,0,0,0,1,47,38122,0,0,0,0,0,0,999,999,0,0,0,0,0,0,0,0,0,0,0,0,0,0,1,4,35,1,1,2,1,0,0,5,80,1,1,1,98,0,0
47,470130,1,1,1,19,3,21,45,53,0,1,0,47,1,7,482,7482,31,2002,1D7HA16K72J1,1,D,7,H,A,1,6,K,7,2,J,1,0,T,DODG,150,PK,2,17,,2,1405,1205,RPC,G,,,6,225,,,,B,4366,01,E,42,0,0,000000000,00000000000,0,0,0,1,0,0,0,0,0,0,0,998,0,0,0,12,12,4,3,35,0,0,0,1,47,37338,6,1,0,0,3,0,72,200,0,0,0,0,0,0,0,0,0,0,0,0,0,0,1,2,35,1,6,2,1,0,0,1,13,1,1,4,1,1,1
47,470131,1,1,2,19,3,23,45,30,0,1,0,47,1,20,401,20401,14,1987,1GNCT18R4H82,1,G,N,C,T,1,8,R,4,H,8,2,0,P,CHEV,S10,UT,87,17,3074,,0,1005,,G,,F,6,173,,,000000,,,,,,0,0,000000000,00000000000,0,0,0,1,0,0,0,0,0,0,0,998,0,0,0,9,98,6,2,30,0,0,0,1,47,37301,6,1,0,0,3,0,70,180,0,1,1,0,0,10,2008,10,2008,0,0,0,0,0,1,2,30,3,1,2,1,0,0,14,13,1,2,4,2,1,1