STATE,ST_CASE,VEH_NO,VE_FORMS,NUMOCCS,DAY,MONTH,HOUR,MINUTE,HARM_EV,MAN_COLL,UNITTYPE,HIT_RUN,REG_STAT,OWNER,MAKE,MODEL,MAK_MOD,BODY_TYP,MOD_YEAR,VIN,VIN_1,VIN_2,VIN_3,VIN_4,VIN_5,VIN_6,VIN_7,VIN_8,VIN_9,VIN_10,VIN_11,VIN_12,TOW_VEH,VINTYPE,VINMAKE,VINA_MOD,VIN_BT,VINMODYR,VIN_LNGT,VIN_WGT,WGTCD_TR,WHLBS_LG,WHLBS_SH,SER_TR,FUELCODE,MCYCL_DS,CARBUR,CYLINDER,DISPLACE,MCYCL_CY,MCYCL_WT,TIRE_SZE,TON_RAT,TRK_WT,TRKWTVAR,VIN_REST,WHLDRWHL,J_KNIFE,MCARR_I1,MCARR_I2,MCARR_ID,GVWR,V_CONFIG,CARGO_BT,HAZ_INV,HAZ_PLAC,HAZ_ID,HAZ_CNO,HAZ_REL,BUS_USE,SPEC_USE,EMER_USE,TRAV_SP,UNDERIDE,ROLLOVER,ROLINLOC,IMPACT1,IMPACT2,DEFORMED,TOWED,M_HARM,VEH_SC1,VEH_SC2,FIRE_EXP,DR_PRES,L_STATE,DR_ZIP,L_STATUS,L_TYPE,CDL_STAT,L_ENDORS,L_COMPL,L_RESTRI,DR_HGT,DR_WGT,PREV_ACC,PREV_SUS,PREV_DWI,PREV_SPD,PREV_OTH,FIRST_MO,FIRST_YR,LAST_MO,LAST_YR,SPEEDREL,DR_SF1,DR_SF2,DR_SF3,DR_SF4,VTRAFWAY,VNUM_LAN,VSPD_LIM,VALIGN,VPROFILE,VPAVETYP,VSURCOND,VTRAFCON,VTCONT_F,P_CRASH1,P_CRASH2,P_CRASH3,PCRASH4,PCRASH5,ACC_TYPE,DEATHS,DR_DRINK
47,470164,1,2,1,21,4,3,10,12,1,1,0,93,3,84,881,84881,66,2005,1HSHWAHN35J1,1,H,S,H,W,A,H,N,3,5,J,1,1,T,INTL,860,TR,5,17,,7,0,0,80S,D,,,6,661,,,,,00000,00,,42,1,57,00155449,5700155449,3,6,1,1,0,0,0,0,0,0,0,998,1,0,0,12,98,6,2,12,0,0,0,1,47,37308,6,1,6,0,3,0,72,196,0,0,0,1,0,9,2008,9,2008,1,26,36,0,0,3,2,70,1,5,2,2,0,0,1,6,1,1,1,24,1,0
47,470164,2,2,1,21,4,3,10,12,1,1,0,18,3,87,881,87881,66,2006,1XP5DB9X56N8,1,X,P,5,D,B,9,X,5,6,N,8,1,T,PTRB,379,TR,6,17,,8,0,0,CON,D,,,6,893,,,,,00000,00,,64,1,57,00311072,5700311072,3,6,8,1,0,0,0,0,0,0,0,998,7,0,0,6,98,6,2,12,0,0,0,1,48,77014,6,1,6,0,3,0,999,999,0,0,0,0,2,5,2008,4,2011,0,45,92,0,0,3,2,70,1,5,2,2,0,0,1,53,1,1,1,25,0,0
47,470166,1,1,1,21,4,13,22,5,0,1,0,47,1,89,881,89881,66,1985,1WUBBBUE6FN0,1,W,U,B,B,B,U,E,6,F,N,0,1,T,WHIT,WCM,TR,85,17,,7,2150,1490,WCN,D,,,6,552,,,,,00000,00,,42,1,88,888888888,88888888888,3,6,3,1,0,0,0,0,0,0,0,998,0,0,0,0,98,6,2,5,0,0,0,1,47,37110,6,1,6,0,3,0,66,160,0,0,0,1,0,5,2008,5,2008,0,92,0,0,0,1,2,45,2,6,2,1,0,0,14,98,1,1,2,0,1,0
47,470167,1,2,1,2,5,11,27,12,8,1,0,93,3,84,881,84881,66,2000,2HSCBAMR7YC0,2,H,S,C,B,A,M,R,7,Y,C,0,1,T,INTL,91I,TR,0,17,,8,0,0,910,D,,,6,774,,,,,00000,00,,64,1,57,00929296,5700929296,3,6,3,1,0,0,0,0,0,0,0,998,0,0,0,1,98,6,2,12,0,0,0,1,47,38363,6,1,6,0,3,0,70,218,0,0,0,0,0,0,0,0,0,0,92,0,0,0,1,2,55,1,1,2,1,0,0,1,10,4,1,1,64,1,0
47,470167,2,2,1,2,5,11,27,12,8,1,0,95,3,87,881,87881,66,2007,1XP5DB9X67D6,1,X,P,5,D,B,9,X,6,7,D,6,1,T,PTRB,379,TR,7,17,,8,0,0,CON,D,,,6,893,,,,,00000,00,,64,1,57,00615672,5700615672,3,6,1,1,0,0,0,0,0,0,0,998,0,0,0,11,98,6,2,12,0,0,0,1,95,0,6,1,6,0,3,0,999,999,0,0,0,0,0,0,0,0,0,0,28,92,0,0,1,2,55,1,1,2,1,0,0,1,62,1,1,2,65,0,0
47,470168,1,2,1,6,5,15,40,12,6,1,0,47,1,20,443,20443,20,1998,1GNDU03E1WD3,1,G,N,D,U,0,3,E,1,W,D,3,0,P,CHEV,VTR,SV,98,17,3699,,0,1120,,G,,F,6,207,,,15R205,,,,,,0,0,000000000,00000000000,0,0,0,1,0,0,0,0,0,0,0,998,0,0,0,12,98,6,2,12,0,0,0,1,47,38401,6,1,0,0,3,1,64,150,1,0,0,0,0,1,2010,1,2010,0,28,0,0,0,5,2,55,1,1,2,1,0,0,1,62,1,1,2,65,1,0
47,470168,2,2,4,6,5,15,40,12,6,1,0,47,3,94,981,94981,50,2008,1T88S4E2X812,1,T,8,8,S,4,E,2,X,8,1,2,0,T,THMS,,,8,17,,,,,,,,,,,,,,,,,,,0,88,888888888,88888888888,2,21,22,1,0,0,0,0,1,0,0,998,0,0,0,11,98,6,2,12,0,0,0,1,47,38483,6,1,6,1,3,0,72,250,0,0,0,0,0,0,0,0,0,0,0,0,0,0,5,2,55,1,1,2,1,0,0,1,10,1,1,1,64,0,0
47,470169,1,1,2,12,5,9,56,42,0,1,0,47,3,20,881,20881,63,1993,1GBM7H1J1PJ1,1,G,B,M,7,H,1,J,1,P,J,1,0,T,CHEV,C7H,CB,93,17,,7,2610,1440,KOD,D,,,6,403,,,,,00000,00,,42,0,57,1128278,571128278,3,1,4,1,0,0,0,0,0,0,0,998,0,1,5,3,98,6,2,1,0,0,0,1,47,37683,6,1,6,0,3,0,75,225,1,0,0,0,0,12,2010,12,2010,0,0,0,0,0,1,2,45,3,1,2,1,0,0,14,13,1,1,4,1,1,0
47,470170,1,1,2,2,4,3,2,42,0,1,0,47,2,7,24,7024,4,2009,2B3KA33V49H5,2,B,3,K,A,3,3,V,4,9,H,5,0,P,DODG,CHS,4D,9,17,3820,,0,1200,,G,,F,6,214,,,17R215,,,,,,0,0,000000000,00000000000,0,0,0,1,0,0,0,0,0,0,0,998,0,0,0,12,98,6,2,42,0,0,0,1,1,35761,6,1,6,3,3,0,68,145,0,0,0,0,1,6,2009,6,2009,9,0,0,0,0,1,2,55,3,1,2,1,0,0,14,13,1,1,4,1,2,1
47,470171,1,5,1,15,4,8,51,57,0,1,0,47,1,20,4,20004,1,1989,1G1YY3183K51,1,G,1,Y,Y,3,1,8,3,K,5,1,0,P,CHEV,CVT,CV,89,17,3269,,0,960,,G,,F,8,350,,,17R275,,,,,,0,0,000000000,00000000000,0,0,0,1,0,0,0,0,0,0,0,998,0,0,0,11,98,6,2,12,0,0,0,1,47,37665,6,1,0,0,3,0,69,180,0,0,0,0,0,0,0,0,0,0,28,0,0,0,3,2,55,1,5,2,1,0,0,15,12,1,1,4,6,1,0
47,470171,2,5,3,15,4,8,51,57,0,1,0,47,1,22,441,22441,20,2004,1GMDX03E34D1,1,G,M,D,X,0,3,E,3,4,D,1,0,T,PONT,MON,ES,4,17,,1,0,1200,MON,G,,,6,207,,,,B,3942,00,K,42,0,0,000000000,00000000000,0,0,0,1,0,0,0,0,0,0,0,998,0,0,0,11,98,4,1,54,0,0,0,1,47,37645,6,1,0,0,3,0,58,115,0,0,0,0,0,0,0,0,0,0,0,0,0,0,3,2,55,1,5,2,1,0,0,1,60,1,1,1,98,0,0
47,470171,3,5,2,15,4,8,51,57,0,1,0,39,1,42,870,42870,61,2010,WDAPF4CC4A94,W,D,A,P,F,4,C,C,4,A,9,4,0,T,MERZ,SP3,CB,10,17,,3,0,1703,SPR,D,,,6,183,,,,,00000,00,E,42,0,88,888888888,88888888888,2,1,96,1,0,0,0,0,0,0,0,998,0,0,0,11,98,6,2,12,0,0,0,1,39,44857,6,1,0,0,3,0,77,220,0,0,0,0,0,0,0,0,0,0,0,0,0,0,3,2,55,1,6,2,1,0,0,1,62,1,1,1,98,0,0
47,470171,4,5,1,15,4,8,51,57,0,1,0,93,3,85,881,85881,66,2002,1XKWDB9XX2J8,1,X,K,W,D,B,9,X,X,2,J,8,1,T,KW,W90,TR,2,17,,8,2850,1600,CON,D,,,6,893,,,,,00000,00,,64,1,57,00209226,5700209226,3,6,2,2,2,1203,3,1,0,0,0,998,0,0,0,12,98,4,1,12,0,0,0,1,51,24281,6,1,6,1,3,0,72,275,0,0,0,0,0,0,0,0,0,0,0,0,0,0,3,2,55,1,6,2,1,0,0,1,62,1,1,1,98,0,0
47,470171,5,5,1,15,4,8,51,57,0,1,0,47,2,2,404,2404,14,2000,1J4FF48S6YL1,1,J,4,F,F,4,8,S,6,Y,L,1,0,T,JEEP,SPT,4W,0,17,,1,0,1014,CHK,G,,,6,244,,,,,3247,00,E,44,0,0,000000000,00000000000,0,0,0,1,0,0,0,0,0,0,0,998,0,0,0,83,98,2,1,54,0,0,0,1,47,37659,6,1,0,0,3,0,64,140,0,0,0,2,0,10,2008,11,2008,0,0,0,0,0,3,2,55,1,6,2,1,0,0,1,62,8,1,1,98,0,0
47,470172,1,1,2,1,4,6,15,1,0,1,0,28,1,12,401,12401,14,2000,1FMZU63E3YZC,1,F,M,Z,U,6,3,E,3,Y,Z,C,0,P,FORD,EPR,UT,0,17,3906,,0,1116,,G,,F,6,245,,,15R235,,,,,,0,0,000000000,00000000000,0,0,0,1,0,0,0,0,0,0,0,998,0,1,1,0,98,6,2,1,0,0,0,1,28,38654,6,1,0,0,3,0,999,999,0,0,0,0,0,0,0,0,0,1,58,0,0,0,2,2,70,1,1,2,1,0,0,1,6,7,1,2,98,1,0
47,470173,1,1,1,4,4,17,0,1,0,1,0,47,1,35,402,35402,14,2000,5N1ED28Y6YC5,5,N,1,E,D,2,8,Y,6,Y,C,5,0,P,NISS,XTR,UT,0,17,3811,,0,1043,,G,,F,6,201,,,15R235,,,,,,0,0,000000000,00000000000,0,0,0,1,0,0,0,0,0,0,0,998,0,1,5,0,98,6,2,1,0,0,0,1,47,37643,6,1,0,0,3,0,70,200,0,0,0,1,0,9,2009,9,2009,9,51,58,79,0,2,2,50,1,1,2,1,0,0,1,5,9,2,4,7,1,1
47,470174,1,1,1,4,4,20,38,8,0,1,0,47,1,49,40,49040,4,1992,4T1SK12E0NU0,4,T,1,S,K,1,2,E,0,N,U,0,0,P,TOYT,CLE,4D,92,17,3053,,0,1031,,G,,F,4,132,,,000000,,,,,,0,0,000000000,00000000000,0,0,0,1,0,0,0,0,0,0,0,998,0,0,0,12,12,4,3,8,0,0,0,1,47,38125,6,1,0,0,3,0,61,180,0,1,0,0,0,5,2010,5,2010,0,92,0,0,0,2,3,45,1,1,2,1,0,0,1,80,1,1,1,13,0,0
47,470175,1,4,2,6,2,18,13,5,0,1,0,47,1,35,47,35047,4,2006,1N4AL11D36C1,1,N,4,A,L,1,1,D,3,6,C,1,0,P,NISS,ASL,4D,6,17,2915,,0,1102,,G,,F,4,153,,,16R215,,,,,,0,0,000000000,00000000000,0,0,0,1,0,0,0,0,0,0,0,998,0,0,0,0,0,0,3,5,0,0,0,1,47,37211,0,0,0,0,0,0,999,999,99,99,99,99,99,99,9999,99,9999,0,92,0,0,0,3,4,70,1,1,2,1,0,0,1,98,1,1,1,0,1,0
47,470175,2,4,1,6,2,18,13,5,0,1,0,47,1,58,401,58401,14,2003,JNRAS08W83X2,J,N,R,A,S,0,8,W,8,3,X,2,0,P,INFI,IFX,UT,3,17,2084,,0,1122,,G,,F,6,213,,,18R265,,,,,,0,0,000000000,00000000000,0,0,0,1,0,0,0,0,0,0,0,998,0,0,0,12,12,2,1,54,0,0,0,1,47,37421,6,1,0,0,3,1,65,170,0,0,0,0,0,0,0,0,0,0,0,0,0,0,3,4,70,1,1,2,1,0,0,1,80,8,1,1,98,0,0
47,470175,3,4,1,6,2,18,13,5,0,1,0,47,1,35,47,35047,4,2008,1N4AL21E98C2,1,N,4,A,L,2,1,E,9,8,C,2,0,P,NISS,ATS,4D,8,17,3028,,0,1093,,G,,F,4,153,,,16R215,,,,,,0,0,000000000,00000000000,0,0,0,1,0,0,0,0,0,0,0,998,0,0,0,12,12,4,1,54,0,0,0,1,47,37128,6,1,0,0,3,0,72,240,3,0,0,0,0,2,2008,1,2010,0,0,0,0,0,3,4,70,1,1,2,1,0,0,1,80,1,1,1,98,0,0
47,470175,4,4,2,6,2,18,13,5,0,1,0,47,1,12,481,12481,31,2003,1FTRX17W93NB,1,F,T,R,X,1,7,W,9,3,N,B,0,T,FORD,F15,4C,3,17,,2,1571,1385,COF,G,,,8,281,,,,B,4060,00,U,42,0,0,000000000,00000000000,0,0,0,1,0,0,0,0,0,0,0,998,0,0,0,12,12,0,1,54,0,0,0,1,47,37160,6,1,0,0,3,0,64,160,0,0,0,0,0,0,0,0,0,0,0,0,0,0,3,4,70,1,1,2,1,0,0,1,80,1,1,1,98,0,0
47,470176,1,1,3,22,3,9,40,1,0,1,0,47,2,20,481,20481,31,1994,2GCEC19K3R12,2,G,C,E,C,1,9,K,3,R,1,2,0,T,CHEV,GC1,PC,94,17,,2,1555,1415,GM4,G,,,8,350,,,,B,4110,01,,42,0,0,000000000,00000000000,0,0,0,1,0,0,0,0,0,0,0,998,0,2,5,0,98,6,2,1,0,0,0,1,47,37664,2,1,0,0,2,0,75,185,0,0,0,0,0,0,0,0,0,0,0,0,0,0,1,2,45,1,1,2,1,0,0,1,12,8,4,4,98,1,0
47,470178,1,1,1,19,3,12,24,31,0,1,0,47,1,53,705,53705,80,2007,JS1GN7DA1721,J,S,1,G,N,7,D,A,1,7,2,1,0,M,SUZI,G60,RC,7,17,,,,,,,599,,4,,4,354,,,,,,,0,0,000000000,00000000000,0,0,0,1,0,0,0,0,0,0,0,998,0,0,0,12,98,6,2,31,0,0,0,1,47,37743,6,1,0,0,3,0,71,210,0,0,0,0,0,0,0,0,0,1,36,0,0,0,1,2,45,1,2,2,1,0,0,1,6,1,1,4,1,1,0
47,470179,1,2,2,4,4,18,35,12,6,1,0,28,2,12,17,12017,4,1991,1FACP52U1MA1,1,F,A,C,P,5,2,U,1,M,A,1,0,P,FORD,TAG,4D,91,17,3062,,0,1060,,G,,F,6,182,,,14R205,,,,,,0,0,000000000,00000000000,0,0,0,1,0,0,0,0,0,0,0,998,0,0,0,3,3,6,2,12,0,0,0,1,28,39750,6,1,0,0,3,0,69,200,0,0,0,0,0,0,0,0,0,0,38,0,0,0,1,2,30,1,1,2,2,0,0,11,15,1,1,1,82,1,0
47,470179,2,2,1,4,4,18,35,12,6,1,0,28,1,7,472,7472,30,2001,1B7HL2AX61S3,1,B,7,H,L,2,A,X,6,1,S,3,0,T,DODG,QAD,CW,1,17,,2,0,1309,DAK,G,,,6,239,,,,B,4033,00,U,42,0,0,000000000,00000000000,0,0,0,1,0,0,0,0,0,0,0,998,0,0,0,12,12,6,2,12,0,0,0,1,47,38134,6,1,0,0,3,0,68,119,0,0,0,0,0,0,0,0,0,0,92,0,0,0,1,2,30,1,1,2,2,0,0,1,62,1,1,1,83,0,0
47,470180,1,2,1,5,4,14,1,12,6,1,0,47,1,7,482,7482,31,2001,1B7HF13Z71J5,1,B,7,H,F,1,3,Z,7,1,J,5,0,T,DODG,Q15,4C,1,17,,2,1547,1387,RPC,G,,,8,360,,,,B,5008,01,U,44,0,0,000000000,00000000000,0,0,0,1,0,0,0,0,0,0,0,998,0,0,0,12,98,6,2,12,0,0,0,1,47,38061,6,1,0,0,3,0,71,220,0,0,0,0,0,0,0,0,0,0,0,0,0,0,1,2,55,1,1,2,1,0,0,1,60,3,1,1,73,0,0
47,470180,2,2,2,5,4,14,1,12,6,1,0,37,1,20,2,20002,4,2007,2G1WB58K0791,2,G,1,W,B,5,8,K,0,7,9,1,0,P,CHEV,IPL,4D,7,17,3674,,0,1105,,F,,F,6,214,,,16R225,,,,,,0,0,000000000,00000000000,0,0,0,1,0,0,0,0,0,0,0,998,0,0,0,9,9,6,2,12,0,0,0,1,37,28806,6,1,0,0,3,1,66,999,0,0,0,0,0,0,0,0,0,0,38,0,0,0,1,2,55,1,1,2,1,20,3,11,10,1,1,2,72,2,0
47,470181,1,1,1,18,3,12,11,7,0,1,0,47,1,72,706,72706,80,2009,1HD1FC4169Y6,1,H,D,1,F,C,4,1,6,9,Y,6,0,M,HD,FLU,RS,9,17,,,,,,,1584,,2,,4,889,,,,,,,0,0,000000000,00000000000,0,0,0,1,0,0,0,0,0,0,0,998,0,0,0,0,98,6,2,7,0,0,0,1,47,37015,6,1,0,0,3,0,72,235,0,0,0,1,0,6,2009,6,2009,0,0,0,0,0,1,2,50,4,2,2,1,0,0,14,98,99,1,4,0,1,1
47,470182,1,2,2,11,3,12,39,12,1,1,0,47,3,35,52,35052,6,2009,JN8AZ28R29T1,J,N,8,A,Z,2,8,R,2,9,T,1,0,P,NISS,CUB,UT,9,17,2762,,0,996,,G,,F,4,110,,,15R195,,,,,,0,0,000000000,00000000000,0,0,0,1,0,0,0,0,0,0,0,0,0,0,0,6,6,6,2,12,0,0,0,1,47,37206,6,1,0,0,3,1,72,136,1,0,0,0,0,2,2010,2,2010,0,0,0,0,0,6,2,55,1,2,2,1,0,0,7,53,1,1,1,21,1,0
47,470182,2,2,1,11,3,12,39,12,1,1,0,93,3,87,881,87881,66,2007,1XPGDU9X27N6,1,X,P,G,D,U,9,X,2,7,N,6,1,T,PTRB,385,TR,7,17,,8,0,0,CON,D,,,6,763,,,,,00000,00,,64,1,57,36784,5736784,3,6,1,1,0,0,0,0,0,0,0,998,0,0,0,12,12,4,3,12,0,0,0,1,47,37138,6,1,6,0,3,3,72,180,0,0,0,0,0,0,0,0,0,1,0,0,0,0,6,2,55,1,2,2,1,0,0,1,50,1,1,1,20,0,0
47,470183,1,2,1,2,1,17,40,12,2,1,0,47,1,37,705,37705,80,2003,JH2RC44023M7,J,H,2,R,C,4,4,0,2,3,M,7,0,M,HOND,T7D,RS,3,17,,,,,,,745,,2,,4,496,,,,,,,0,0,000000000,00000000000,0,0,0,1,0,0,0,0,0,0,0,998,0,0,0,12,12,6,2,12,0,0,0,1,47,37659,6,1,0,0,3,0,72,163,1,0,0,1,0,11,2008,9,2009,0,51,0,0,0,1,2,35,1,3,2,1,0,0,1,10,1,1,2,50,1,0
47,470183,2,2,1,2,1,17,40,12,2,1,0,47,1,20,402,20402,14,2002,2CNBJ6340269,2,C,N,B,J,6,3,4,0,2,6,9,0,P,CHEV,TKR,UT,2,17,2987,,0,976,,G,,F,6,152,,,15R215,,,,,,0,0,000000000,00000000000,0,0,0,1,0,0,0,0,0,0,0,998,0,0,0,12,12,6,2,12,0,0,0,1,47,37743,6,1,0,0,3,0,65,150,0,0,0,0,0,0,0,0,0,0,0,0,0,0,1,2,35,1,3,2,1,0,0,1,62,1,1,1,51,0,0
47,470184,1,1,2,16,4,8,32,18,0,1,0,47,1,35,43,35043,4,2011,3N1AB6AP7BL6,3,N,1,A,B,6,A,P,7,B,L,6,0,P,NISS,SBL,4D,11,17,2862,,0,1057,,G,,F,4,122,,,16R205,,,,,,0,0,000000000,00000000000,0,0,0,1,0,0,0,0,0,0,0,998,0,1,5,1,98,6,2,1,0,0,0,1,47,37066,6,1,0,0,3,1,62,190,0,0,0,0,0,0,0,0,0,0,0,0,0,0,5,2,45,1,1,2,2,0,0,1,90,8,1,1,12,1,0
47,470185,1,1,1,23,4,2,15,24,0,1,0,47,1,49,40,49040,4,2004,999999999999,9,9,9,9,9,9,9,9,9,9,9,9,0,,,,,,,,,,,,,,,,,,,,,,,,,0,0,000000000,00000000000,0,0,0,1,0,0,0,0,0,0,0,998,0,1,5,12,12,6,2,2,0,0,1,1,47,37849,6,1,0,0,3,3,67,175,0,0,0,0,0,0,0,0,0,0,99,99,99,99,3,2,50,1,5,2,1,20,3,1,14,1,1,4,14,1,1
47,470186,1,1,1,21,1,11,23,10,0,1,0,47,1,9,442,9442,20,1997,2P4GP44R3VR1,2,P,4,G,P,4,4,R,3,V,R,1,0,T,PLYM,GSR,ES,97,17,,1,0,1193,VOF,G,,,6,201,,,,,3687,00,E,42,0,0,000000000,00000000000,0,0,0,1,0,0,0,0,0,0,0,998,0,0,0,12,12,6,2,10,0,0,0,1,13,30008,6,1,0,0,3,0,65,175,98,0,0,0,0,0,0,0,0,9,38,39,41,0,2,3,45,1,2,2,2,65,3,1,90,1,1,1,15,1,0
47,470187,1,1,1,8,4,0,1,25,0,1,0,47,1,6,52,6052,6,2003,3C4FY58B03T5,3,C,4,F,Y,5,8,B,0,3,T,5,0,P,CHRY,PTC,SV,3,17,3066,,0,1030,,G,,F,4,148,,,16R205,,,,,,0,0,000000000,00000000000,0,0,0,1,0,0,0,0,0,0,0,998,0,0,0,11,98,6,2,42,0,0,0,1,47,37148,6,1,0,0,3,0,66,160,1,0,0,0,0,9,2010,9,2010,0,28,58,0,0,3,3,65,4,2,2,1,0,0,14,12,1,1,4,6,1,1
47,470188,1,1,2,8,4,1,10,1,0,1,0,47,1,2,404,2404,14,2004,1J4GX48S74C1,1,J,4,G,X,4,8,S,7,4,C,1,0,T,JEEP,LCF,4W,4,17,,1,0,1059,GCK,G,,,6,244,,,,,3683,02,E,42,0,0,000000000,00000000000,0,0,0,1,0,0,0,0,0,0,0,998,0,2,5,0,98,6,2,1,0,0,0,1,47,37174,6,1,0,0,3,1,67,135,0,0,0,0,0,0,0,0,0,0,0,0,0,0,1,2,45,1,1,2,1,0,0,1,12,8,1,4,98,1,1
47,470189,1,1,1,8,4,21,11,42,0,1,0,47,1,22,2,22002,4,2000,1G2HX54K4Y42,1,G,2,H,X,5,4,K,4,Y,4,2,0,P,PONT,BVS,4D,0,17,3633,,0,1122,,G,,F,6,231,,,16R225,,,,,,0,0,000000000,00000000000,0,0,0,1,0,0,0,0,0,0,0,998,0,0,0,12,12,6,2,42,0,0,0,1,47,37388,6,1,0,0,3,1,65,148,0,0,0,0,0,0,0,0,0,0,36,0,0,0,1,2,45,3,1,2,1,20,3,14,13,1,1,4,1,1,1
47,470190,1,1,1,1,2,17,20,8,0,1,1,99,9,35,39,35039,4,9999,999999999999,9,9,9,9,9,9,9,9,9,9,9,9,9,,,,,,,,,,,,,,,,,,,,,,,,,0,0,000000000,00000000000,0,0,0,1,0,0,0,0,99,99,9,998,9,0,0,12,12,9,1,8,99,99,0,1,99,99999,9,9,99,9,9,9,999,999,99,99,99,99,99,99,9999,99,9999,9,99,99,99,99,5,3,40,1,2,2,2,0,0,1,80,1,1,1,13,0,0
47,470191,1,1,5,6,4,18,28,59,0,1,0,47,2,20,473,20473,30,2011,1GCHTDFE4B81,1,G,C,H,T,D,F,E,4,B,8,1,0,T,CHEV,RLT,CW,11,17,,1,0,1260,CAL,G,,,5,226,,,,B,4070,00,,44,0,0,000000000,00000000000,0,0,0,1,0,0,0,0,0,0,0,998,0,0,0,1,98,6,2,42,0,0,0,1,47,38570,6,1,0,0,3,0,73,151,0,0,0,0,0,0,0,0,0,1,36,39,0,0,1,2,30,1,5,2,1,20,3,1,6,3,2,4,14,2,0
47,470192,1,2,1,6,4,20,8,12,6,1,0,47,1,18,3,18003,4,1998,1G4CW52K4W46,1,G,4,C,W,5,2,K,4,W,4,6,0,P,BUIC,PKA,4D,98,17,3645,,0,1138,,G,,F,6,231,,,16R225,,,,,,0,0,000000000,00000000000,0,0,0,1,0,0,0,0,0,0,0,998,0,0,0,9,98,6,2,12,0,0,0,1,47,38311,6,1,0,0,3,0,68,190,0,0,0,0,0,0,0,0,0,0,38,0,0,0,1,2,55,1,1,2,1,20,3,1,17,1,1,1,89,1,0
47,470192,2,2,1,6,4,20,8,12,6,1,0,47,1,41,37,41037,4,2002,1YVGF22C4252,1,Y,V,G,F,2,2,C,4,2,5,2,0,P,MAZD,U6L,4D,2,17,2864,,0,1051,,G,,F,4,122,,,15R205,,,,,,0,0,000000000,00000000000,0,0,0,1,0,0,0,0,0,0,0,998,0,0,0,12,98,6,2,12,0,0,0,1,47,38329,6,1,0,0,3,1,65,120,1,0,0,0,0,1,2011,1,2011,0,0,0,0,0,1,2,55,1,1,2,1,0,0,1,66,1,1,1,88,0,0
47,470193,1,1,1,9,4,17,35,1,0,1,0,47,1,72,706,72706,80,2003,1HD1FCW413Y6,1,H,D,1,F,C,W,4,1,3,Y,6,0,M,HD,FUA,RS,3,17,,,,,,,1450,,2,,4,788,,,,,,,0,0,000000000,00000000000,0,0,0,1,0,0,0,0,0,0,0,998,0,0,0,0,98,6,2,1,0,0,0,1,47,38544,6,1,0,0,3,0,73,300,0,0,0,1,0,1,2009,1,2009,0,28,58,0,0,1,2,45,3,1,2,1,0,0,14,13,8,1,6,98,1,1
47,470194,1,1,3,9,4,23,7,8,0,1,0,47,1,35,402,35402,14,2005,5N1AN08U95C6,5,N,1,A,N,0,8,U,9,5,C,6,0,P,NISS,XTR,UT,5,17,5200,,0,1063,,G,,F,6,244,,,16R265,,,,,,0,0,000000000,00000000000,0,0,0,1,0,0,0,0,0,0,0,998,0,0,0,12,12,6,2,8,0,0,0,1,47,37037,6,1,0,0,3,1,64,137,1,0,0,1,0,5,2008,5,2010,0,0,0,0,0,1,2,45,1,1,2,1,0,0,1,80,1,1,1,13,0,0
47,470195,1,1,1,10,4,13,45,25,0,1,0,17,2,37,706,37706,80,2006,JH2SC57026M2,J,H,2,S,C,5,7,0,2,6,M,2,0,M,HOND,CBS,RC,6,17,,,,,,,998,,4,,4,388,,,,,,,0,0,000000000,00000000000,0,0,0,1,0,0,0,0,0,0,0,998,0,0,0,3,98,6,2,25,0,0,0,1,29,63111,6,1,6,0,2,0,71,252,0,0,0,0,0,0,0,0,0,0,0,0,0,0,6,1,40,3,5,2,1,0,0,14,13,1,1,4,1,1,0
47,470196,1,1,1,10,4,16,3,1,0,1,0,0,0,76,734,76734,90,2001,000000000000,0,0,0,0,0,0,0,0,0,0,0,0,0,,,,,,,,,,,,,,,,,,,,,,,,,0,0,000000000,00000000000,0,0,0,1,0,0,0,0,0,0,0,998,0,1,5,0,98,6,2,1,0,0,0,1,47,37058,6,1,0,0,1,0,76,300,0,0,0,0,0,0,0,0,0,1,58,0,0,0,1,2,35,2,6,2,1,0,0,14,6,6,1,4,6,1,0
47,470197,1,1,1,5,4,22,0,1,0,1,0,47,2,12,481,12481,31,2002,1FTRW08L62KD,1,F,T,R,W,0,8,L,6,2,K,D,0,T,FORD,F1S,CW,2,17,,2,0,1388,COF,G,,,8,330,,,,B,5005,02,E,44,0,0,000000000,00000000000,0,0,0,1,0,0,0,0,0,0,0,998,0,1,5,0,98,6,2,1,0,0,0,1,47,38114,6,1,6,0,3,0,72,180,2,0,0,1,0,2,2009,12,2010,1,28,58,0,0,1,2,50,1,2,2,1,0,0,1,6,6,1,4,6,1,0
47,470198,1,2,2,7,4,14,9,12,2,1,0,47,2,21,401,21401,14,2000,1GHDT13W6Y21,1,G,H,D,T,1,3,W,6,Y,2,1,0,P,OLDS,BRA,UT,0,17,4068,,0,1070,,G,,F,6,262,,,15R235,,,,,,0,0,000000000,00000000000,0,0,0,1,0,0,0,0,0,0,0,998,0,0,0,12,12,6,2,12,0,0,0,1,47,38034,6,1,0,0,3,0,63,141,0,0,0,0,0,0,0,0,0,0,0,0,0,0,1,2,55,2,1,2,1,0,0,14,62,1,1,1,51,1,0