STATE,ST_CASE,VEH_NO,VE_FORMS,NUMOCCS,DAY,MONTH,HOUR,MINUTE,HARM_EV,MAN_COLL,UNITTYPE,HIT_RUN,REG_STAT,OWNER,MAKE,MODEL,MAK_MOD,BODY_TYP,MOD_YEAR,VIN,VIN_1,VIN_2,VIN_3,VIN_4,VIN_5,VIN_6,VIN_7,VIN_8,VIN_9,VIN_10,VIN_11,VIN_12,TOW_VEH,VINTYPE,VINMAKE,VINA_MOD,VIN_BT,VINMODYR,VIN_LNGT,VIN_WGT,WGTCD_TR,WHLBS_LG,WHLBS_SH,SER_TR,FUELCODE,MCYCL_DS,CARBUR,CYLINDER,DISPLACE,MCYCL_CY,MCYCL_WT,TIRE_SZE,TON_RAT,TRK_WT,TRKWTVAR,VIN_REST,WHLDRWHL,J_KNIFE,MCARR_I1,MCARR_I2,MCARR_ID,GVWR,V_CONFIG,CARGO_BT,HAZ_INV,HAZ_PLAC,HAZ_ID,HAZ_CNO,HAZ_REL,BUS_USE,SPEC_USE,EMER_USE,TRAV_SP,UNDERIDE,ROLLOVER,ROLINLOC,IMPACT1,IMPACT2,DEFORMED,TOWED,M_HARM,VEH_SC1,VEH_SC2,FIRE_EXP,DR_PRES,L_STATE,DR_ZIP,L_STATUS,L_TYPE,CDL_STAT,L_ENDORS,L_COMPL,L_RESTRI,DR_HGT,DR_WGT,PREV_ACC,PREV_SUS,PREV_DWI,PREV_SPD,PREV_OTH,FIRST_MO,FIRST_YR,LAST_MO,LAST_YR,SPEEDREL,DR_SF1,DR_SF2,DR_SF3,DR_SF4,VTRAFWAY,VNUM_LAN,VSPD_LIM,VALIGN,VPROFILE,VPAVETYP,VSURCOND,VTRAFCON,VTCONT_F,P_CRASH1,P_CRASH2,P_CRASH3,PCRASH4,PCRASH5,ACC_TYPE,DEATHS,DR_DRINK
47,470227,1,2,1,19,4,7,20,12,2,1,0,47,2,20,471,20471,30,1998,1GCCS1941W82,1,G,C,C,S,1,9,4,1,W,8,2,0,T,CHEV,S14,PC,98,17,,1,0,1229,S,G,,,4,133,,,,B,3222,00,,42,0,0,000000000,00000000000,0,0,0,1,0,0,0,0,0,0,0,998,0,0,0,12,98,6,2,12,0,0,0,1,47,38251,6,1,0,0,3,0,66,150,0,1,0,0,0,9,2009,9,2009,0,51,0,0,0,1,2,55,1,1,2,2,0,0,1,10,1,1,2,50,1,0
47,470227,2,2,1,19,4,7,20,12,2,1,0,47,1,12,481,12481,31,1982,1FTHF25Z4CRA,1,F,T,H,F,2,5,Z,4,C,R,A,0,T,FORD,F25,PK,82,17,,2,1550,1330,COF,G,,,8,400,,,,,3301,05,,42,0,0,000000000,00000000000,0,0,0,1,0,0,0,0,0,0,0,998,0,0,0,12,98,6,2,12,0,0,0,1,47,38251,6,1,0,0,3,0,72,150,0,0,0,0,0,0,0,0,0,0,0,0,0,0,1,2,55,1,1,2,2,0,0,1,62,1,1,1,51,1,0
47,470228,1,2,2,13,4,13,45,12,2,1,0,47,1,49,40,49040,4,1989,JT2VV21E7K00,J,T,2,V,V,2,1,E,7,K,0,0,0,P,TOYT,CMD,4D,89,17,2965,,0,1024,,G,,F,6,153,,,15R195,,,,,,0,0,000000000,00000000000,0,0,0,1,0,0,0,0,0,0,0,998,0,0,0,12,12,6,2,12,0,0,0,1,47,37869,6,1,0,0,3,0,72,240,0,0,0,0,0,0,0,0,0,1,51,0,0,0,1,2,35,1,2,2,1,0,0,1,6,1,1,2,50,1,0
47,470228,2,2,1,13,4,13,45,12,2,1,0,47,1,20,401,20401,14,1989,1GNCT18ZXK82,1,G,N,C,T,1,8,Z,X,K,8,2,0,P,CHEV,S10,UT,89,17,3261,,0,1005,,G,,F,6,262,,,000000,,,,,,0,0,000000000,00000000000,0,0,0,1,0,0,0,0,0,0,0,998,0,0,0,12,12,6,2,12,0,0,0,1,47,37869,6,1,0,0,3,0,63,131,0,0,0,0,0,0,0,0,0,0,0,0,0,0,1,2,30,1,2,2,1,0,0,1,54,1,1,1,51,0,0
47,470229,1,1,2,30,4,4,33,42,0,1,0,47,1,37,32,37032,4,1990,1HGCB7542LA0,1,H,G,C,B,7,5,4,2,L,A,0,0,P,HOND,ADL,4D,90,17,2392,,0,1071,,G,,F,4,132,,,14R185,,,,,,0,0,000000000,00000000000,0,0,0,1,0,0,0,0,0,0,0,998,0,1,5,12,98,6,2,2,0,0,1,1,47,37341,6,1,0,0,3,0,65,165,1,1,1,0,0,11,2010,1,2011,1,28,0,0,0,1,2,45,2,2,2,1,0,0,14,6,1,1,4,6,2,1
47,470230,1,2,2,21,4,12,50,12,2,1,0,47,1,14,444,14444,20,2004,2MRDA20224BJ,2,M,R,D,A,2,0,2,2,4,B,J,0,P,MERC,MNT,SV,4,17,4434,,0,1208,,G,,F,6,256,,,000000,,,,,,0,0,000000000,00000000000,0,0,0,1,0,0,0,0,0,0,0,998,0,0,0,12,98,6,2,12,0,0,0,1,47,38063,6,1,0,0,3,0,71,175,0,0,0,0,0,0,0,0,0,0,0,0,0,0,1,2,55,1,5,2,1,0,0,1,62,1,1,1,51,0,0
47,470230,2,2,1,21,4,12,50,12,2,1,0,47,1,30,47,30047,3,2000,3VWCA21C8YM4,3,V,W,C,A,2,1,C,8,Y,M,4,0,P,VOLK,NGS,2H,0,17,2742,,0,989,,G,,F,4,121,,,16R205,,,,,,0,0,000000000,00000000000,0,0,0,1,0,0,0,0,0,0,0,998,0,0,0,12,98,6,2,12,0,0,0,1,47,38012,6,1,0,0,3,1,62,110,0,0,0,0,0,0,0,0,0,0,28,58,0,0,1,2,55,1,6,2,1,0,0,1,10,1,1,2,50,1,0
47,470231,1,1,3,25,4,1,8,8,0,1,0,17,2,20,461,20461,21,1999,1GBFG15R2X10,1,G,B,F,G,1,5,R,2,X,1,0,0,P,CHEV,E/X,SV,99,17,0,,0,1350,,G,,F,8,350,,,000000,,,,,,0,0,000000000,00000000000,0,0,0,1,0,0,0,0,0,0,0,998,0,0,0,12,98,6,2,8,0,0,0,1,17,61702,1,1,0,0,2,0,69,125,0,0,0,2,0,1,2011,3,2011,0,0,0,0,0,3,4,70,1,1,2,1,0,0,1,80,7,1,2,13,0,0
47,470232,1,1,1,19,4,15,20,30,0,1,0,47,1,41,37,41037,4,1997,1YVGE22C4V56,1,Y,V,G,E,2,2,C,4,V,5,6,0,P,MAZD,UDL,4D,97,17,2749,,0,1028,,G,,F,4,122,,,14R195,,,,,,0,0,000000000,00000000000,0,0,0,1,0,0,0,0,0,0,0,998,0,1,5,12,98,6,2,30,0,0,0,1,47,38053,6,1,0,0,3,9,73,175,0,0,0,0,0,0,0,0,0,1,8,36,0,0,1,2,35,1,1,2,1,0,0,6,6,1,7,4,7,1,1
47,470233,1,1,1,20,4,15,32,42,0,1,0,47,1,9,20,9020,4,1999,1P3ES47C2XD1,1,P,3,E,S,4,7,C,2,X,D,1,0,P,PLYM,NEH,4D,99,17,2416,,0,1040,,G,,F,4,122,,,14R185,,,,,,0,0,000000000,00000000000,0,0,0,1,0,0,0,0,0,0,0,998,0,0,0,12,12,6,2,42,0,0,0,1,47,37013,6,1,0,0,3,0,73,210,0,0,1,0,0,3,2009,3,2009,0,28,0,0,0,2,2,70,1,1,2,2,0,0,1,13,1,1,4,1,1,0
47,470234,1,2,1,21,4,11,45,12,6,1,0,47,1,52,37,52037,2,2000,4A3AC44G5YE0,4,A,3,A,C,4,4,G,5,Y,E,0,0,P,MITS,EGS,2H,0,17,2985,,0,1008,,G,,F,4,143,,,16R205,,,,,,0,0,000000000,00000000000,0,0,0,1,0,0,0,0,0,0,0,998,0,0,0,12,12,6,2,12,0,0,0,1,47,38305,6,1,0,0,3,0,67,130,1,0,0,1,0,8,2008,3,2010,0,92,0,0,0,2,4,55,1,1,1,1,0,0,1,66,3,1,1,88,0,0
47,470234,2,2,1,21,4,11,45,12,6,1,0,47,1,18,7,18007,4,1993,1G4HR53LXPH4,1,G,4,H,R,5,3,L,X,P,H,4,0,P,BUIC,LLF,4D,93,17,3360,,0,1108,,G,,F,6,231,,,15R205,,,,,,0,0,000000000,00000000000,0,0,0,1,0,0,0,0,0,0,0,998,0,0,0,9,9,6,2,12,0,0,0,1,47,38301,6,1,0,0,3,0,66,180,0,0,0,0,0,0,0,0,0,0,99,99,99,99,1,4,30,1,1,2,1,20,3,4,17,1,1,1,89,1,0
47,470235,1,2,1,25,4,21,29,12,1,1,0,47,1,13,1,13001,4,1996,1LNLM82W4TY6,1,L,N,L,M,8,2,W,4,T,Y,6,0,P,LINC,SDJ,4D,96,17,4040,,0,1174,,G,,F,8,281,,,15R215,,,,,,0,0,000000000,00000000000,0,0,0,1,0,0,0,0,0,0,0,998,0,0,0,6,98,6,2,12,0,0,0,1,47,38583,6,1,0,0,3,1,65,150,0,0,0,0,0,0,0,0,0,0,0,0,0,0,1,2,35,1,1,2,1,0,0,1,53,1,1,1,25,0,0
47,470235,2,2,1,25,4,21,29,12,1,1,0,47,1,35,471,35471,30,1997,1N6SD11Y8VC3,1,N,6,S,D,1,1,Y,8,V,C,3,0,T,NISS,TXE,PK,97,17,,1,0,1043,TRK,G,,,4,146,,,,B,3298,00,M,44,0,0,000000000,00000000000,0,0,0,1,0,0,0,0,0,0,0,998,0,1,5,12,98,6,2,12,0,0,0,1,47,38583,6,1,0,0,3,1,68,147,0,0,0,0,0,0,0,0,0,1,0,0,0,0,1,2,35,1,1,2,1,0,0,1,51,1,1,1,24,1,1
47,470236,1,1,2,25,4,15,47,8,0,1,0,47,1,12,481,12481,31,1966,F10BL794238,F,1,0,B,L,7,9,4,2,3,8,,0,T,FORD,F10,PK,66,11,,1,1320,1150,COF,G,,,6,300,,,,BC,,,,42,0,0,000000000,00000000000,0,0,0,1,0,0,0,0,0,0,0,998,0,0,0,12,12,6,2,8,0,0,0,1,47,37743,6,1,0,0,3,0,71,186,0,0,0,0,0,0,0,0,0,0,0,0,0,0,1,2,40,1,5,2,1,0,0,1,80,9,1,2,13,0,0
47,470237,1,1,1,26,4,17,15,42,0,1,0,47,1,41,471,41471,30,2001,4F4YR16U51TM,4,F,4,Y,R,1,6,U,5,1,T,M,0,T,MAZD,3CP,PC,1,17,,1,0,1257,B30,G,,,6,182,,,,,3164,00,E,42,0,0,000000000,00000000000,0,0,0,1,0,0,0,0,0,0,0,998,0,0,0,12,12,6,2,42,0,0,0,1,47,37801,6,1,0,0,3,0,71,230,0,0,0,0,0,0,0,0,0,0,99,99,99,99,1,2,40,1,2,2,1,0,0,1,12,1,1,4,6,1,0
47,470238,1,3,1,12,4,13,10,12,6,1,0,47,3,12,471,12471,30,2008,1FTYR14U08PA,1,F,T,Y,R,1,4,U,0,8,P,A,0,T,FORD,RNS,PC,8,17,,1,0,1260,RNG,G,,,6,183,,,,B,3210,00,4,42,0,0,000000000,00000000000,0,0,0,1,0,0,0,0,0,0,0,998,0,0,0,1,1,6,2,12,0,0,0,1,47,38372,6,1,0,0,3,0,68,185,0,0,0,0,0,0,0,0,0,0,38,0,0,0,1,2,35,1,1,2,1,20,3,11,15,1,1,1,76,0,0
47,470238,2,3,1,12,4,13,10,12,6,1,0,47,2,23,472,23472,30,2004,1GKDT13S0422,1,G,K,D,T,1,3,S,0,4,2,2,0,T,GMC,ENV,4W,4,17,,1,0,1130,ENV,G,,,6,256,,,,B,4616,00,E,44,0,0,000000000,00000000000,0,0,0,1,0,0,0,0,0,0,0,998,0,0,0,7,98,6,2,12,0,0,0,1,47,38375,6,1,0,0,3,0,62,130,0,0,0,0,0,0,0,0,0,0,0,0,0,0,1,2,35,1,1,2,1,0,0,1,65,1,1,1,77,0,0
47,470238,3,3,1,12,4,13,10,12,6,1,0,47,1,30,42,30042,9,1998,3VWBA81E2WM8,3,V,W,B,A,8,1,E,2,W,M,8,0,P,VOLK,UCL,CV,98,17,2685,,0,974,,G,,F,4,121,,,14R195,,,,,,0,0,000000000,00000000000,0,0,0,1,0,0,0,0,0,0,0,998,0,0,0,9,98,6,2,12,0,0,0,1,47,38372,6,1,6,0,3,1,76,210,1,0,0,0,0,11,2009,11,2009,0,0,0,0,0,1,2,35,1,1,2,1,0,0,1,62,1,1,1,98,1,0
47,470239,1,4,1,14,4,16,44,12,1,1,0,47,1,37,402,37402,14,2005,JHLRD68575C0,J,H,L,R,D,6,8,5,7,5,C,0,0,P,HOND,CRV,UT,5,17,3318,,0,1033,,G,,F,4,146,,,15R205,,,,,,0,0,000000000,00000000000,0,0,0,1,0,0,0,0,0,0,0,998,0,0,0,12,12,6,2,12,0,0,0,1,47,37701,6,1,0,0,3,0,66,190,2,0,0,0,0,12,2009,4,2010,0,26,0,0,0,3,2,65,1,2,2,1,0,0,1,52,1,1,1,28,0,0
47,470239,2,4,1,14,4,16,44,12,1,1,0,47,1,55,33,55033,4,2007,5NPET46CX7H2,5,N,P,E,T,4,6,C,X,7,H,2,0,P,HYUN,SGL,4D,7,17,3253,,0,1074,,G,,F,4,144,,,16R215,,,,,,0,0,000000000,00000000000,0,0,0,1,0,0,0,0,0,0,0,998,0,0,0,6,98,6,2,12,0,0,0,1,47,37803,6,1,0,0,3,8,69,195,0,0,0,0,0,0,0,0,0,0,0,0,0,0,3,2,65,1,2,2,1,0,0,2,53,1,1,1,29,1,0
47,470239,3,4,4,14,4,16,44,12,1,1,0,47,2,37,441,37441,20,2007,5FNRL38797B1,5,F,N,R,L,3,8,7,9,7,B,1,0,P,HOND,UDY,SV,7,17,0,,0,1181,,G,,F,6,214,,,16R235,,,,,,0,0,000000000,00000000000,0,0,0,1,0,0,0,0,0,0,0,998,0,0,0,12,6,6,2,12,0,0,0,1,47,37803,6,1,0,0,3,1,69,145,0,0,0,0,0,0,0,0,0,0,0,0,0,0,3,2,65,1,2,2,1,0,0,2,18,1,1,1,98,0,0
47,470239,4,4,1,14,4,16,44,12,1,1,0,47,1,52,37,52037,1,2004,4A3AE55H84E1,4,A,3,A,E,5,5,H,8,4,E,1,0,P,MITS,STG,CV,4,17,3296,,0,1008,,G,,F,6,183,,,17R215,,,,,,0,0,000000000,00000000000,0,0,0,1,0,0,0,0,0,0,0,998,0,0,0,12,12,2,1,18,0,0,0,1,47,37914,6,1,0,0,3,0,66,156,0,0,0,1,0,7,2008,7,2008,0,0,0,0,0,3,2,65,1,2,2,1,0,0,1,98,1,1,1,98,0,0
47,470240,1,2,3,21,4,7,42,12,2,1,0,47,2,3,431,3431,16,2007,5GRGN23U87H1,5,G,R,G,N,2,3,U,8,7,H,1,0,T,HUMM,HH2,4W,7,17,,2,0,1228,HUM,G,,,8,364,,,,C,6400,00,U,44,0,0,000000000,00000000000,0,0,0,1,0,0,0,0,0,0,0,998,0,0,0,12,98,6,2,12,0,0,0,1,47,37069,6,1,0,0,3,0,68,123,0,0,0,1,0,3,2009,3,2009,0,0,0,0,0,1,2,50,4,1,2,1,0,0,14,62,1,1,1,51,0,0
47,470240,2,2,1,21,4,7,42,12,2,1,0,47,1,37,32,37032,2,2000,1HGCG3242YA0,1,H,G,C,G,3,2,4,2,Y,A,0,0,P,HOND,ULX,CP,0,17,3009,,0,1051,,G,,F,4,138,,,15R195,,,,,,0,0,000000000,00000000000,0,0,0,1,0,0,0,0,0,0,0,998,0,0,0,12,98,6,2,12,0,0,0,1,47,37221,6,1,0,0,3,0,61,113,0,0,0,0,0,0,0,0,0,0,28,0,0,0,1,2,50,4,1,2,1,0,0,14,1,9,1,2,50,1,0
47,470241,1,2,1,3,4,12,46,12,6,1,0,47,1,72,706,72706,80,2007,1HD1CT3107K4,1,H,D,1,C,T,3,1,0,7,K,4,0,M,HD,20C,RS,7,17,,,,,,,1199,,2,,4,562,,,,,,,0,0,000000000,00000000000,0,0,0,1,0,0,0,0,0,0,0,998,0,0,0,12,98,6,2,12,0,0,0,1,47,37075,6,1,0,0,3,1,63,140,0,0,0,0,1,2,2009,2,2009,0,0,0,0,0,1,2,40,1,1,2,1,0,0,1,67,1,1,1,69,1,0
47,470241,2,2,1,3,4,12,46,12,6,1,0,47,1,12,442,12442,20,2002,2FMZA50412BB,2,F,M,Z,A,5,0,4,1,2,B,B,0,T,FORD,WLX,ES,2,17,,1,0,1207,WIN,G,,,6,232,,,,B,4017,00,E,42,0,0,000000000,00000000000,0,0,0,1,0,0,0,0,0,0,0,998,0,0,0,3,98,6,2,12,0,0,0,1,47,37075,6,1,0,0,3,0,69,160,0,0,0,0,0,0,0,0,0,0,38,0,0,0,1,2,40,1,1,2,1,0,0,11,15,1,1,2,68,0,0
47,470242,1,2,1,7,4,15,5,12,6,1,0,47,1,35,402,35402,14,2005,5N1AN08W85C6,5,N,1,A,N,0,8,W,8,5,C,6,0,P,NISS,XTR,UT,5,17,5200,,0,1063,,G,,F,6,244,,,16R265,,,,,,0,0,000000000,00000000000,0,0,0,1,0,0,0,0,0,0,0,998,0,0,0,1,1,6,2,12,0,0,0,1,47,37047,6,1,0,0,3,1,75,305,0,0,0,0,0,0,0,0,0,0,0,0,0,0,1,2,45,1,1,2,1,0,0,1,67,1,1,1,83,0,0
47,470242,2,2,1,7,4,15,5,12,6,1,0,47,1,23,481,23481,31,1997,1GTEC14W9VZ5,1,G,T,E,C,1,4,W,9,V,Z,5,0,T,GMC,SC1,PK,97,17,,2,1315,1175,SIE,G,,,6,262,,,,B,00000,00,E,42,0,0,000000000,00000000000,0,0,0,1,0,0,0,0,0,0,0,998,0,0,0,12,12,6,2,12,0,0,0,1,47,37091,6,1,0,0,3,0,76,250,0,0,0,0,0,0,0,0,0,0,38,0,0,0,1,2,45,1,1,2,1,20,3,11,15,1,1,1,82,1,0
47,470243,1,1,2,7,4,21,25,31,0,1,0,47,1,37,706,37706,80,1985,1HFSC1424FA1,1,H,F,S,C,1,4,2,4,F,A,1,0,M,HOND,G2A,RS,85,17,,,,,,,1200,,4,,4,723,,,,,,,0,0,000000000,00000000000,0,0,0,1,0,0,0,0,0,0,0,998,0,0,0,12,12,4,3,31,0,0,0,1,47,37148,6,1,0,0,3,3,75,285,0,0,0,0,0,0,0,0,0,0,52,0,0,0,1,2,40,2,2,2,1,0,0,14,13,1,1,4,1,1,0
47,470244,1,1,1,9,4,0,20,42,0,1,0,47,2,41,44,41044,2,1993,1YVGE31A9P51,1,Y,V,G,E,3,1,A,9,P,5,1,0,P,MAZD,UM6,CP,93,17,2600,,0,1028,,G,,F,4,122,,,14R195,,,,,,0,0,000000000,00000000000,0,0,0,1,0,0,0,0,0,0,0,998,0,0,0,12,12,6,2,42,0,0,0,1,47,37743,2,1,0,0,2,3,77,186,2,0,0,0,0,12,2010,4,2011,0,28,0,0,0,1,2,55,1,2,2,1,0,0,1,12,1,1,4,6,1,0
47,470245,1,1,1,16,4,20,33,8,0,1,0,29,4,7,24,7024,4,2010,2B3CA3CVXAH2,2,B,3,C,A,3,C,V,X,A,H,2,0,P,DODG,CHS,4D,10,17,3820,,0,1200,,G,,F,6,214,,,17R215,,,,,,0,0,000000000,00000000000,0,0,0,1,0,0,0,0,0,0,0,998,0,0,0,11,98,4,3,8,0,0,0,1,47,42223,6,1,0,0,3,0,72,185,0,0,0,0,0,0,0,0,0,0,0,0,0,0,2,3,45,1,2,2,1,0,0,1,80,1,1,1,13,0,0
47,470246,1,2,1,28,4,20,0,54,11,1,0,0,0,37,703,37703,83,1991,JH2ME0307MM3,J,H,2,M,E,0,3,0,7,M,M,3,0,M,HOND,CR2,MX,91,17,,,,,,,250,,1,,2,213,,,,,,,0,0,000000000,00000000000,0,0,0,1,0,0,0,0,0,0,0,998,0,0,0,18,98,4,4,5,0,0,0,1,47,37614,6,1,0,0,1,0,69,135,0,0,0,0,0,0,0,0,0,0,0,0,0,0,1,2,20,1,1,2,1,0,0,1,98,1,1,2,98,1,0
47,470246,2,2,1,28,4,20,0,54,11,1,0,47,2,12,481,12481,31,1999,1FTNW20S3XEA,1,F,T,N,W,2,0,S,3,X,E,A,0,T,FORD,F2S,CW,99,17,,2,1724,1562,SRW,G,,,10,415,,,,C,5490,01,E,42,0,0,000000000,00000000000,0,0,0,1,0,0,0,0,0,0,0,998,0,0,0,7,0,2,1,54,0,0,0,1,47,37694,6,1,0,0,3,8,68,205,0,0,0,0,0,0,0,0,0,0,0,0,0,0,1,2,20,1,1,2,1,0,0,1,98,1,1,1,98,0,0
47,470247,1,1,1,28,4,21,56,43,0,1,0,92,0,73,705,73705,80,2004,JKBZXJB194A0,J,K,B,Z,X,J,B,1,9,4,A,0,0,M,KAWK,Z3B,RC,4,17,,,,,,,636,,4,,4,355,,,,,,,0,0,000000000,00000000000,0,0,0,1,0,0,0,0,0,0,0,998,0,0,0,12,12,6,2,42,0,0,0,1,47,38063,6,1,0,0,2,8,69,176,0,0,0,2,0,6,2008,7,2009,0,52,0,0,0,1,2,55,3,1,2,1,0,0,14,13,1,1,4,1,1,0
47,470248,1,2,1,28,4,7,12,12,7,1,0,47,2,12,471,12471,30,1999,1FTYR14V1XPB,1,F,T,Y,R,1,4,V,1,X,P,B,0,T,FORD,RNS,PC,99,17,,1,0,1257,RNG,F,,,6,182,,,,B,00000,00,U,42,0,0,000000000,00000000000,0,0,0,1,0,0,0,0,0,0,0,998,0,1,5,11,11,6,2,12,0,0,0,1,47,38111,6,2,0,0,3,2,71,220,0,0,0,0,0,0,0,0,0,0,27,73,92,0,2,3,55,1,2,2,1,0,0,15,10,1,1,2,47,1,0
47,470248,2,2,1,28,4,7,12,12,7,1,0,47,3,12,461,12461,21,2008,1FTNE14W38DA,1,F,T,N,E,1,4,W,3,8,D,A,0,T,FORD,15V,CG,8,17,,2,0,1380,VAN,G,,,8,281,,,,B,00000,00,E,42,0,0,000000000,00000000000,0,0,0,1,0,0,0,0,0,0,0,998,0,0,0,1,1,2,1,12,0,0,0,1,47,38133,6,1,0,0,3,0,74,205,1,4,0,2,0,7,2008,11,2009,0,0,0,0,0,2,3,55,1,6,2,1,0,0,1,60,1,1,1,45,0,0
47,470249,1,1,1,29,4,10,10,53,0,1,0,47,1,12,481,12481,31,1988,1FTDF15Y3JNB,1,F,T,D,F,1,5,Y,3,J,N,B,0,T,FORD,F15,PK,88,17,,1,1330,1170,COF,G,,,6,300,,,,B,00000,00,A,42,0,0,000000000,00000000000,0,0,0,1,0,0,0,0,0,0,0,998,0,0,0,12,98,6,2,42,0,0,0,1,47,38451,6,1,0,0,3,1,73,240,0,0,0,0,0,0,0,0,0,0,0,0,0,0,1,2,55,1,6,2,1,0,0,1,13,1,1,4,1,1,0
47,470250,1,1,1,4,4,5,50,38,0,1,0,47,1,20,481,20481,31,1988,1GCDC14Z6JZ2,1,G,C,D,C,1,4,Z,6,J,Z,2,0,T,CHEV,GC1,PK,88,17,,1,1315,1175,GM4,G,,,6,262,,,,B,3655,01,,42,0,0,000000000,00000000000,0,0,0,1,0,0,0,0,0,0,0,998,0,0,0,12,98,6,2,34,0,0,0,1,47,37737,6,1,0,0,3,8,74,230,0,0,0,0,0,0,0,0,0,0,58,0,0,0,1,2,35,1,2,2,1,0,0,1,12,1,1,4,6,1,0
47,470251,1,1,1,17,4,3,34,30,0,1,0,47,1,51,40,51040,4,1995,YV1JS8311S11,Y,V,1,J,S,8,3,1,1,S,1,1,0,P,VOLV,940,4D,95,17,3234,,0,1091,,G,,F,4,141,,,15R185,,,,,,0,0,000000000,00000000000,0,0,0,1,0,0,0,0,0,0,0,998,0,0,0,11,98,6,2,30,0,0,0,1,47,37914,6,1,0,0,3,0,74,175,1,0,0,0,1,10,2009,11,2009,0,28,0,0,0,1,2,40,1,1,2,1,0,0,1,12,1,1,4,6,1,0
47,470252,1,1,1,26,4,22,22,9,0,1,1,47,2,23,421,23421,15,1995,3GKEK18K4SG5,3,G,K,E,K,1,8,K,4,S,G,5,0,T,GMC,YUK,2W,95,17,,2,0,1115,YUK,G,,,8,350,,,,B,00000,00,M,44,0,0,000000000,00000000000,0,0,0,1,0,0,0,0,0,0,0,998,0,0,0,12,12,2,1,9,0,0,0,1,13,30728,1,1,0,0,2,0,71,180,98,0,0,0,0,0,0,0,0,0,36,38,48,92,1,2,35,1,1,2,1,1,3,11,83,1,1,1,13,0,1
47,470253,1,1,1,30,4,13,8,24,0,1,0,47,1,53,705,53705,80,2008,JS1CP51BX821,J,S,1,C,P,5,1,B,X,8,2,1,0,M,SUZI,A6A,MS,8,17,,,,,,,638,,2,,4,535,,,,,,,0,0,000000000,00000000000,0,0,0,1,0,0,0,0,0,0,0,998,0,0,0,12,98,6,2,24,0,0,0,1,47,37220,6,1,0,0,3,0,66,140,1,0,0,0,0,7,2010,7,2010,0,28,0,0,0,3,2,70,1,1,2,1,0,0,15,13,1,1,4,1,1,0
47,470254,1,1,1,30,4,17,7,1,0,1,0,0,0,99,999,99999,99,1998,LALMA2S22WH0,L,A,L,M,A,2,S,2,2,W,H,0,0,U,,,,98,17,,,,,,,,,,,,,,,,,,,0,0,000000000,00000000000,0,0,0,1,0,0,0,0,0,0,0,998,0,2,1,0,98,6,2,1,0,0,0,1,47,38357,6,1,0,0,1,0,69,150,0,0,0,1,0,11,2010,11,2010,0,18,0,0,0,1,2,55,1,1,2,1,0,0,1,3,1,1,2,98,1,1
47,470255,1,2,2,18,4,6,33,12,6,1,0,47,2,12,3,12003,2,1997,1FALP4047VF1,1,F,A,L,P,4,0,4,7,V,F,1,0,P,FORD,MUS,CP,97,17,3084,,0,1013,,G,,F,6,232,,,15R205,,,,,,0,0,000000000,00000000000,0,0,0,1,0,0,0,0,0,0,0,998,0,0,0,12,12,6,2,12,0,0,0,1,47,37620,6,2,0,0,3,0,62,115,0,0,0,0,0,0,0,0,0,0,38,0,0,0,2,2,35,1,1,2,1,3,3,11,15,1,1,2,68,0,0
47,470255,2,2,1,18,4,6,33,12,6,1,0,47,1,12,471,12471,30,1994,1FTCR14U1RPB,1,F,T,C,R,1,4,U,1,R,P,B,0,T,FORD,RNS,PC,94,17,,1,0,1250,RNG,G,,,6,182,,,,B,3208,00,A,42,0,0,000000000,00000000000,0,0,0,1,0,0,0,0,0,0,0,998,0,1,5,9,98,6,2,1,0,0,0,1,47,37620,6,1,0,0,3,0,70,220,0,0,0,0,0,0,0,0,0,0,0,0,0,0,2,2,35,1,1,2,1,3,3,1,67,1,1,1,69,1,0
47,470256,1,1,1,26,4,13,18,30,0,1,0,47,1,62,401,62401,14,2000,SALTY1246YA2,S,A,L,T,Y,1,2,4,6,Y,A,2,0,T,LNDR,DII,4W,0,17,,2,0,1000,DIS,G,,,8,241,,,,,4576,01,E,44,0,0,000000000,00000000000,0,0,0,1,0,0,0,0,0,0,0,998,0,1,3,12,98,6,2,1,0,0,0,1,47,38401,6,1,0,0,3,0,63,130,0,0,0,0,0,0,0,0,0,0,52,58,0,0,2,2,45,1,1,2,1,0,0,1,12,1,1,4,6,1,0
47,470257,1,2,1,23,4,18,3,12,6,1,0,47,1,35,47,35047,4,2007,1N4AL21E97N4,1,N,4,A,L,2,1,E,9,7,N,4,0,P,NISS,ATS,4D,7,17,3042,,0,1093,,G,,F,4,153,,,16R215,,,,,,0,0,000000000,00000000000,0,0,0,1,0,0,0,0,0,0,0,998,0,0,0,1,98,6,2,12,0,0,0,1,47,37012,6,1,0,0,3,0,66,168,0,0,0,0,0,0,0,0,0,0,38,0,0,0,5,2,50,1,1,2,1,1,3,11,15,1,1,2,68,0,0
47,470257,2,2,1,23,4,18,3,12,6,1,0,47,1,37,706,37706,80,2006,1HFSC52696A3,1,H,F,S,C,5,2,6,9,6,A,3,0,M,HOND,X13,RS,6,17,,,,,,,1312,,2,,4,669,,,,,,,0,0,000000000,00000000000,0,0,0,1,0,0,0,0,0,0,0,998,0,0,0,12,98,6,2,12,0,0,0,1,47,37087,6,1,0,0,3,1,70,200,0,0,0,1,0,12,2010,12,2010,0,99,99,99,99,5,2,50,1,1,2,1,1,3,1,67,1,1,1,69,1,1