STATE,ST_CASE,VEH_NO,VE_FORMS,NUMOCCS,DAY,MONTH,HOUR,MINUTE,HARM_EV,MAN_COLL,UNITTYPE,HIT_RUN,REG_STAT,OWNER,MAKE,MODEL,MAK_MOD,BODY_TYP,MOD_YEAR,VIN,VIN_1,VIN_2,VIN_3,VIN_4,VIN_5,VIN_6,VIN_7,VIN_8,VIN_9,VIN_10,VIN_11,VIN_12,TOW_VEH,VINTYPE,VINMAKE,VINA_MOD,VIN_BT,VINMODYR,VIN_LNGT,VIN_WGT,WGTCD_TR,WHLBS_LG,WHLBS_SH,SER_TR,FUELCODE,MCYCL_DS,CARBUR,CYLINDER,DISPLACE,MCYCL_CY,MCYCL_WT,TIRE_SZE,TON_RAT,TRK_WT,TRKWTVAR,VIN_REST,WHLDRWHL,J_KNIFE,MCARR_I1,MCARR_I2,MCARR_ID,GVWR,V_CONFIG,CARGO_BT,HAZ_INV,HAZ_PLAC,HAZ_ID,HAZ_CNO,HAZ_REL,BUS_USE,SPEC_USE,EMER_USE,TRAV_SP,UNDERIDE,ROLLOVER,ROLINLOC,IMPACT1,IMPACT2,DEFORMED,TOWED,M_HARM,VEH_SC1,VEH_SC2,FIRE_EXP,DR_PRES,L_STATE,DR_ZIP,L_STATUS,L_TYPE,CDL_STAT,L_ENDORS,L_COMPL,L_RESTRI,DR_HGT,DR_WGT,PREV_ACC,PREV_SUS,PREV_DWI,PREV_SPD,PREV_OTH,FIRST_MO,FIRST_YR,LAST_MO,LAST_YR,SPEEDREL,DR_SF1,DR_SF2,DR_SF3,DR_SF4,VTRAFWAY,VNUM_LAN,VSPD_LIM,VALIGN,VPROFILE,VPAVETYP,VSURCOND,VTRAFCON,VTCONT_F,P_CRASH1,P_CRASH2,P_CRASH3,PCRASH4,PCRASH5,ACC_TYPE,DEATHS,DR_DRINK
47,470258,1,3,2,29,4,14,50,12,1,1,0,22,1,20,482,20482,31,2004,3GNEK12T54G1,3,G,N,E,K,1,2,T,5,4,G,1,1,T,CHEV,KAV,CW,4,17,,2,0,1300,AVL,G,,,8,325,,,,B,5678,00,,44,1,0,000000000,00000000000,0,0,0,1,0,0,0,0,0,0,0,998,0,0,0,6,98,2,1,12,0,0,0,1,22,71253,6,1,0,0,3,0,71,160,0,1,0,0,0,5,2008,5,2008,0,0,0,0,0,3,2,70,1,1,2,1,0,0,2,18,1,1,1,29,0,0
47,470258,2,3,2,29,4,14,50,12,1,1,0,5,1,20,421,20421,15,2004,1GKEK63U74J2,1,G,K,E,K,6,3,U,7,4,J,2,0,T,GMC,NAL,4W,4,17,,2,0,1160,YUK,G,,,8,364,,,,B,5534,00,4,44,0,0,000000000,00000000000,0,0,0,1,0,0,0,0,0,0,0,998,0,0,0,6,98,6,2,12,0,0,0,1,5,71913,6,1,0,0,3,0,62,105,0,0,0,0,0,0,0,0,0,0,0,0,0,0,3,2,70,1,1,2,1,0,0,2,18,1,1,1,98,0,0
47,470258,3,3,1,29,4,14,50,12,1,1,0,47,1,20,36,20036,2,2000,2G1WX12K5Y93,2,G,1,W,X,1,2,K,5,Y,9,3,0,P,CHEV,MSS,CP,0,17,3391,,0,1075,,G,,F,6,231,,,16R225,,,,,,0,0,000000000,00000000000,0,0,0,1,0,0,0,0,0,0,0,998,0,1,1,12,98,6,2,12,0,0,0,1,47,38134,6,1,6,0,3,0,69,400,0,0,0,0,0,0,0,0,0,0,26,0,0,0,3,2,70,1,1,2,1,0,0,1,52,1,1,2,28,1,0
47,470259,1,1,1,1,5,21,4,31,0,1,0,47,1,20,9,20009,3,1999,2G1FP22G8X21,2,G,1,F,P,2,2,G,8,X,2,1,0,P,CHEV,Z28,CP,99,17,3439,,0,1011,,G,,F,8,350,,,16R215,,,,,,0,0,000000000,00000000000,0,0,0,1,0,0,0,0,0,0,0,998,0,0,0,6,98,6,2,31,0,0,0,1,47,37397,6,1,0,0,3,1,62,130,0,0,0,0,0,0,0,0,0,1,28,0,0,0,1,2,55,1,5,2,1,0,0,1,6,1,4,4,7,1,1
47,470260,1,4,1,30,4,16,5,12,2,1,0,47,1,41,51,41051,4,2010,JM1BL1SF3A13,J,M,1,B,L,1,S,F,3,A,1,3,0,P,MAZD,M3I,4D,10,17,2868,,0,1039,,G,,F,4,122,,,16R205,,,,,,0,0,000000000,00000000000,0,0,0,1,0,0,0,0,0,0,0,998,0,0,0,12,98,6,2,12,0,0,0,1,47,37801,6,1,0,0,3,0,71,235,0,0,0,1,0,12,2008,12,2008,0,28,0,0,0,5,2,55,1,6,2,1,0,0,1,10,1,1,2,50,1,0
47,470260,2,4,3,30,4,16,5,12,2,1,0,47,1,24,401,24401,14,2002,5GZCZ63B52S8,5,G,Z,C,Z,6,3,B,5,2,S,8,0,P,STRN,VUE,UT,2,17,3491,,0,1066,,G,,F,6,181,,,16R235,,,,,,0,0,000000000,00000000000,0,0,0,1,0,0,0,0,0,0,0,998,0,0,0,12,98,6,2,12,0,0,0,1,47,37803,6,1,0,0,3,0,69,258,0,0,0,0,0,0,0,0,0,0,0,0,0,0,5,2,55,1,5,2,1,0,0,1,54,1,1,1,51,0,0
47,470260,3,4,2,30,4,16,5,12,2,1,0,47,1,13,13,13013,4,2010,3LNHL2GCXAR6,3,L,N,H,L,2,G,C,X,A,R,6,0,P,LINC,MKZ,4D,10,17,3469,,0,1074,,G,,F,6,214,,,17R225,,,,,,0,0,000000000,00000000000,0,0,0,1,0,0,0,0,0,0,0,998,0,0,0,12,12,2,1,54,0,0,0,1,47,37329,6,1,0,0,3,1,69,280,0,0,0,0,0,0,0,0,0,0,0,0,0,0,5,2,55,1,5,2,1,0,0,1,54,1,1,1,98,0,0
47,470260,4,4,2,30,4,16,5,12,2,1,0,47,3,35,47,35047,4,2010,1N4AL2AP5AC1,1,N,4,A,L,2,A,P,5,A,C,1,0,P,NISS,ATS,4D,10,17,3063,,0,1093,,G,,F,4,153,,,16R215,,,,,,0,0,000000000,00000000000,0,0,0,1,0,0,0,0,0,0,0,998,0,0,0,12,12,2,1,54,0,0,0,1,47,37801,6,1,0,0,3,0,63,180,0,0,0,0,0,0,0,0,0,0,0,0,0,0,5,2,55,1,5,2,1,0,0,1,54,1,1,1,98,0,0
47,470261,1,3,1,8,4,6,43,12,1,1,0,47,1,7,482,7482,31,2002,1D7HA16K52J2,1,D,7,H,A,1,6,K,5,2,J,2,0,T,DODG,150,PK,2,17,,2,1405,1205,RPC,G,,,6,225,,,,B,4366,01,E,42,0,0,000000000,00000000000,0,0,0,1,0,0,0,0,0,0,0,998,0,0,0,12,12,6,2,8,0,0,0,1,47,37919,6,1,0,0,3,0,72,155,0,0,0,0,0,0,0,0,0,1,36,0,0,0,1,2,40,1,1,2,1,0,0,1,50,1,1,1,98,0,0
47,470261,2,3,0,8,4,6,43,12,1,1,0,47,6,12,481,12481,31,1982,1FTCF10EXCUA,1,F,T,C,F,1,0,E,X,C,U,A,1,T,FORD,F10,PK,82,17,,1,1330,1168,COF,G,,,6,300,,,,B,3064,07,,42,1,0,000000000,00000000000,0,0,0,1,0,0,0,0,0,0,0,0,0,0,0,6,98,2,3,12,0,0,0,0,0,99997,7,6,97,7,6,7,998,997,998,998,998,998,998,98,9998,98,9998,8,0,0,0,0,1,2,40,1,1,2,1,0,0,0,53,0,0,0,98,0,0
47,470261,3,3,1,8,4,6,43,12,1,1,0,47,1,34,34,34034,1,2001,WBABS53431JU,W,B,A,B,S,5,3,4,3,1,J,U,0,P,BMW,30C,CV,1,17,3627,,0,1073,,G,,F,6,182,,,17R205,,,,,,0,0,000000000,00000000000,0,0,0,1,0,0,0,0,0,0,0,998,0,0,0,12,12,6,2,12,0,0,0,1,47,37922,6,1,0,0,3,0,64,168,0,0,0,1,0,3,2010,3,2010,0,0,0,0,0,1,2,40,1,1,2,1,0,0,1,62,1,1,1,98,0,0
47,470262,1,2,4,2,5,14,15,12,2,1,0,47,1,18,7,18007,4,1991,1G4HP54C8MH4,1,G,4,H,P,5,4,C,8,M,H,4,0,P,BUIC,LCF,4D,91,17,3174,,0,1108,,G,,F,6,231,,,14R205,,,,,,0,0,000000000,00000000000,0,0,0,1,0,0,0,0,0,0,0,998,2,0,0,12,98,6,2,12,0,0,1,1,47,37397,6,1,0,0,3,0,65,140,1,0,0,0,0,3,2010,3,2010,0,28,51,0,0,1,2,45,1,6,2,1,0,0,1,10,1,1,2,50,1,0
47,470262,2,2,1,2,5,14,15,12,2,1,0,47,3,7,461,7461,21,1994,2B5WB35Z3RK5,2,B,5,W,B,3,5,Z,3,R,K,5,0,P,DODG,RMW,SV,94,17,4440,,0,1276,,G,,F,8,360,,,000000,,,,,,0,0,000000000,00000000000,0,0,0,1,0,0,0,0,0,0,0,998,2,0,0,12,98,6,2,12,0,0,0,1,47,37397,6,1,0,0,3,0,74,215,0,0,0,1,0,8,2008,8,2008,0,0,0,0,0,1,2,45,1,5,2,1,0,0,1,62,1,1,1,51,0,0
47,470263,1,2,2,5,5,7,42,12,2,1,0,47,1,37,31,37031,4,1997,JHMEJ6572VS0,J,H,M,E,J,6,5,7,2,V,S,0,0,P,HOND,UCL,4D,97,17,2375,,0,1032,,G,,F,4,097,,,14R185,,,,,,0,0,000000000,00000000000,0,0,0,1,0,0,0,0,0,0,0,998,0,0,0,12,12,6,2,12,0,0,0,1,47,38401,6,1,0,0,3,0,64,120,1,1,0,0,0,12,2009,3,2011,0,0,0,0,0,1,2,55,1,1,2,1,0,0,98,62,6,7,2,51,1,0
47,470263,2,2,1,5,5,7,42,12,2,1,0,47,2,21,20,21020,4,1995,1G3AJ55M8S64,1,G,3,A,J,5,5,M,8,S,6,4,0,P,OLDS,CRL,4D,95,17,2733,,0,1049,,G,,F,6,191,,,14R185,,,,,,0,0,000000000,00000000000,0,0,0,1,0,0,0,0,0,0,0,998,0,0,0,12,12,6,2,12,0,0,0,1,47,38401,6,1,0,0,3,0,72,160,0,0,0,0,0,0,0,0,0,0,28,0,0,0,1,2,55,1,1,2,1,0,0,98,10,1,1,2,50,0,0
47,470264,1,1,3,6,5,15,20,21,0,1,0,47,1,12,401,12401,14,1998,1FMZU32X5WUC,1,F,M,Z,U,3,2,X,5,W,U,C,0,P,FORD,EPR,UT,98,17,3911,,0,1115,,G,,F,6,245,,,15R225,,,,,,0,0,000000000,00000000000,0,0,0,1,0,0,0,0,0,0,0,998,0,1,5,1,98,6,2,1,0,0,0,1,47,37912,2,1,0,0,2,0,999,999,0,0,0,0,0,0,0,0,0,0,92,0,0,0,3,2,70,1,2,2,1,0,0,1,1,8,4,4,7,1,0
47,470265,1,1,1,7,5,11,35,18,0,1,0,47,1,12,481,12481,31,1999,1FTZF1727XNA,1,F,T,Z,F,1,7,2,7,X,N,A,0,T,FORD,F15,PK,99,17,,1,1385,1199,COF,G,,,6,256,,,,B,00000,00,U,42,0,0,000000000,00000000000,0,0,0,1,0,0,0,0,0,0,0,998,0,0,0,12,12,6,2,18,0,0,0,1,47,37872,6,1,0,0,3,0,71,210,0,0,0,0,0,0,0,0,0,0,28,0,0,0,1,2,25,1,2,2,1,40,3,1,12,1,1,4,6,1,0
47,470266,1,1,1,7,5,1,27,1,0,1,0,47,1,72,706,72706,80,1988,1HD1BJL11JY0,1,H,D,1,B,J,L,1,1,J,Y,0,0,M,HD,FST,RS,88,17,,,,,,,1340,,2,,4,650,,,,,,,0,0,000000000,00000000000,0,0,0,1,0,0,0,0,0,0,0,998,0,0,0,0,98,6,2,42,0,0,0,1,47,37129,6,1,0,0,3,0,70,200,0,0,0,1,0,8,2008,8,2008,1,0,0,0,0,1,2,40,3,1,2,1,0,0,14,6,1,1,4,1,1,1
47,470267,1,1,2,8,5,15,20,1,0,1,0,47,1,72,706,72706,80,1984,1HD1CCH38EY1,1,H,D,1,C,C,H,3,8,E,Y,1,0,M,HD,XLX,RS,84,17,,,,,,,1000,,2,,4,476,,,,,,,0,0,000000000,00000000000,0,0,0,1,0,0,0,0,0,0,0,998,0,0,0,0,98,6,2,30,0,0,0,1,47,38571,6,1,0,0,3,0,66,158,1,0,0,0,0,2,2010,2,2010,0,0,0,0,0,1,2,55,3,1,2,1,0,0,14,13,1,1,4,1,2,0
47,470268,1,1,1,8,5,16,15,1,0,1,0,47,1,76,706,76706,80,1994,JYA1TEE05RA0,J,Y,A,1,T,E,E,0,5,R,A,0,0,M,YAMA,V11,RS,94,17,,,,,,,1063,,2,,4,487,,,,,,,0,0,000000000,00000000000,0,0,0,1,0,0,0,0,0,0,0,998,0,0,0,0,0,6,2,1,0,0,0,1,1,35816,6,1,0,0,2,1,68,205,0,0,0,0,0,0,0,0,0,1,28,0,0,0,3,2,70,2,6,2,1,0,0,14,6,1,1,4,98,1,1
47,470269,1,2,1,3,5,13,45,12,1,1,1,47,2,20,401,20401,14,1997,1GNCS13W7VK2,1,G,N,C,S,1,3,W,7,V,K,2,0,P,CHEV,BZR,UT,97,17,3686,,0,1070,,G,,F,6,262,,,15R205,,,,,,0,0,000000000,00000000000,0,0,0,1,0,0,0,0,0,0,0,998,0,0,0,12,12,6,2,12,0,0,0,1,47,38112,1,1,0,0,2,0,61,115,0,0,0,0,0,0,0,0,0,1,36,0,0,0,3,2,40,1,6,2,1,98,3,1,6,1,1,1,24,0,0
47,470269,2,2,2,3,5,13,45,12,1,1,0,47,1,18,7,18007,4,1996,1G4AG55M0T64,1,G,4,A,G,5,5,M,0,T,6,4,0,P,BUIC,CSL,4D,96,17,2951,,0,1049,,G,,F,6,191,,,14R185,,,,,,0,0,000000000,00000000000,0,0,0,1,0,0,0,0,0,0,0,998,0,0,0,6,6,6,2,12,0,0,0,1,47,38107,6,1,0,0,3,8,56,101,0,0,0,0,0,0,0,0,0,0,0,0,0,0,3,2,40,1,6,2,1,98,3,1,53,1,1,1,25,1,0
47,470270,1,1,1,13,5,3,25,33,0,1,0,47,1,2,404,2404,14,1998,1J4FX58S2WC2,1,J,4,F,X,5,8,S,2,W,C,2,0,T,JEEP,LRT,4W,98,17,,1,0,1059,GCK,G,,,6,242,,,,,3531,01,E,42,0,0,000000000,00000000000,0,0,0,1,0,0,0,0,0,0,0,998,0,1,3,11,98,6,2,1,0,0,0,1,47,38134,6,1,0,0,3,0,66,170,2,0,0,0,0,4,2009,5,2009,1,0,0,0,0,3,6,45,3,5,2,1,0,0,14,6,1,1,4,6,1,0
47,470271,1,1,2,10,5,7,8,1,0,1,0,47,2,12,442,12442,20,2000,2FMZA5148YBC,2,F,M,Z,A,5,1,4,8,Y,B,C,0,T,FORD,WLX,ES,0,17,,1,0,1207,WIN,G,,,6,232,,,,B,3910,00,E,42,0,0,000000000,00000000000,0,0,0,1,0,0,0,0,0,0,0,998,0,1,1,0,0,6,2,1,0,0,0,1,47,38122,6,1,0,0,3,0,68,230,0,0,0,0,0,0,0,0,0,0,58,0,0,0,1,2,55,1,1,2,1,0,0,1,9,6,1,6,98,1,0
47,470272,1,1,1,11,5,99,99,34,0,1,0,92,0,37,32,37032,4,2003,1HGCM82643A0,1,H,G,C,M,8,2,6,4,3,A,0,0,P,HOND,UEX,CP,3,17,3047,,0,1051,,G,,F,6,183,,,16R205,,,,,,0,0,000000000,00000000000,0,0,0,1,0,0,0,0,0,0,0,998,0,1,5,12,98,6,2,1,0,0,0,1,47,37322,6,1,0,0,3,0,69,165,1,0,0,0,0,8,2008,8,2008,1,28,0,0,0,1,2,55,3,1,2,1,0,0,14,6,99,1,4,6,1,0
47,470273,1,2,1,14,5,1,26,12,2,1,0,47,1,2,403,2403,14,1999,1J4FY29P7XP4,1,J,4,F,Y,2,9,P,7,X,P,4,0,T,JEEP,SEW,2W,99,17,,1,0,934,W/T,G,,,4,150,,,,,2987,00,U,44,0,0,000000000,00000000000,0,0,0,1,0,0,0,0,0,0,0,998,7,1,1,12,98,6,2,1,0,0,0,1,47,38357,6,1,0,0,3,1,72,140,0,0,0,0,0,0,0,0,0,0,36,51,0,0,1,2,55,1,1,2,1,0,0,1,10,1,1,2,50,0,1
47,470273,2,2,2,14,5,1,26,12,2,1,0,47,1,35,47,35047,4,2003,1N4AL11D63C1,1,N,4,A,L,1,1,D,6,3,C,1,0,P,NISS,ABS,4D,3,17,2913,,0,1102,,G,,F,4,153,,,16R205,,,,,,0,0,000000000,00000000000,0,0,0,1,0,0,0,0,0,0,0,998,3,0,0,12,12,6,2,12,0,0,0,1,47,38371,6,1,0,0,3,0,64,180,0,0,0,0,0,0,0,0,0,0,0,0,0,0,1,2,55,1,1,2,1,0,0,1,54,1,1,1,51,1,0
47,470274,1,1,3,14,5,22,45,52,0,1,0,47,2,37,32,37032,2,2004,1HGCM82794A0,1,H,G,C,M,8,2,7,9,4,A,0,0,P,HOND,UEX,CP,4,17,3104,,0,1051,,G,,F,6,183,,,16R205,,,,,,0,0,000000000,00000000000,0,0,0,1,0,0,0,0,0,0,0,998,0,1,5,1,98,6,2,1,0,0,0,1,28,38863,6,1,0,0,3,0,68,155,0,0,0,0,0,0,0,0,0,1,8,27,36,0,3,3,55,1,1,2,1,0,0,1,6,1,1,4,6,1,0
47,470275,1,1,1,14,5,0,5,34,0,1,0,47,1,35,32,35032,1,1994,JN3MS37A8RW2,J,N,3,M,S,3,7,A,8,R,W,2,0,P,NISS,24S,CV,94,17,2867,,0,974,,G,,F,4,146,,,15R195,,,,,,0,0,000000000,00000000000,0,0,0,1,0,0,0,0,0,0,0,998,0,1,5,12,98,6,2,1,0,0,0,1,1,35611,6,1,0,0,3,1,68,120,0,0,0,1,1,9,2008,9,2008,0,0,0,0,0,2,2,70,1,1,2,2,0,0,1,13,1,1,4,1,1,1
47,470276,1,1,1,1,5,17,30,38,0,1,0,47,1,73,705,73705,80,2007,JKAKLEA147DA,J,K,A,K,L,E,A,1,4,7,D,A,0,M,KAWK,KL6,T,7,17,,,,,,,651,,1,,4,337,,,,,,,0,0,000000000,00000000000,0,0,0,1,0,0,0,0,0,0,0,998,0,0,0,12,98,6,2,38,0,0,0,1,47,37754,6,1,6,0,2,0,73,174,1,0,0,1,0,4,2010,2,2011,1,0,0,0,0,1,2,35,4,1,1,1,0,0,14,6,3,2,4,6,1,0
47,470277,1,1,1,9,5,4,11,33,0,1,0,47,1,72,706,72706,80,2004,1HD1BVB114Y0,1,H,D,1,B,V,B,1,1,4,Y,0,0,M,HD,FTI,RS,4,17,,,,,,,1450,,2,,4,629,,,,,,,0,0,000000000,00000000000,0,0,0,1,0,0,0,0,0,0,0,998,0,0,0,12,98,6,2,33,0,0,0,1,47,37042,1,1,0,0,2,8,68,175,0,1,0,0,0,9,2010,9,2010,9,99,99,99,99,5,2,45,3,1,2,1,0,0,14,98,99,1,4,1,1,1
47,470278,1,1,2,9,5,8,45,1,0,1,0,92,0,99,709,99709,89,2008,LFGTCKPM2810,L,F,G,T,C,K,P,M,2,8,1,0,0,U,,,,8,17,,,,,,,,,,,,,,,,,,,0,0,000000000,00000000000,0,0,0,1,0,0,0,0,0,0,0,998,0,0,0,0,98,6,2,1,0,0,0,1,47,37090,6,1,0,0,1,0,73,180,0,1,0,0,1,5,2009,5,2009,0,99,99,99,99,1,2,35,3,1,2,1,0,0,14,5,6,7,2,98,1,0
47,470279,1,2,2,10,5,8,1,12,6,1,0,51,2,49,40,49040,4,2003,4T1BF32K13U0,4,T,1,B,F,3,2,K,1,3,U,0,0,P,TOYT,UXS,4D,3,17,3203,,0,1071,,G,,F,6,183,,,15R205,,,,,,0,0,000000000,00000000000,0,0,0,1,0,0,0,0,0,0,0,998,0,0,0,1,98,6,2,12,99,99,0,1,47,38109,6,1,0,0,3,0,68,180,0,0,0,1,0,8,2009,8,2009,0,28,0,0,0,2,2,70,1,1,2,1,0,0,1,12,3,1,2,64,1,0
47,470279,2,2,1,10,5,8,1,12,6,1,0,47,1,2,404,2404,14,1997,1J4FX78SXVC7,1,J,4,F,X,7,8,S,X,V,C,7,0,T,JEEP,LMT,4W,97,17,,1,0,1059,GCK,G,,,6,242,,,,,3513,02,E,42,0,0,000000000,00000000000,0,0,0,1,0,0,0,0,0,0,0,998,0,0,0,12,12,6,2,12,0,0,0,1,47,38321,6,1,0,0,3,1,71,300,0,0,0,0,0,0,0,0,0,0,0,0,0,0,2,4,70,1,1,2,1,0,0,1,62,1,1,1,65,0,0
47,470280,1,1,7,13,5,16,5,1,0,1,0,28,2,20,421,20421,15,2002,1GNEC13Z72R1,1,G,N,E,C,1,3,Z,7,2,R,1,0,P,CHEV,CTA,UT,2,17,4828,,0,1160,,F,,F,8,325,,,16R265,,,,,,0,0,000000000,00000000000,0,0,0,1,0,0,0,0,0,0,0,998,0,1,5,0,98,6,2,1,0,0,0,1,47,38108,1,1,0,0,2,0,65,180,0,0,0,0,0,0,0,0,0,0,58,92,0,0,3,3,65,1,1,2,1,0,0,15,61,7,1,4,3,1,0
47,470281,1,1,2,22,6,5,55,35,0,1,0,93,3,51,881,51881,66,2002,4V4NC9TJ92N3,4,V,4,N,C,9,T,J,9,2,N,3,1,T,VOLV,VNL,TR,2,17,,8,0,0,VVN,D,,,6,915,,,,,00000,00,,64,1,57,00744678,5700744678,3,6,1,1,0,0,0,0,0,0,0,998,0,1,3,12,98,6,2,2,0,0,1,1,36,14043,6,1,6,0,3,0,70,999,0,2,0,0,0,8,2010,8,2010,0,0,0,0,0,2,2,70,1,6,2,1,0,0,1,12,1,1,4,6,2,0
47,470282,1,1,1,7,5,20,16,25,0,1,0,47,1,41,45,41045,1,1997,JM1NA3539V07,J,M,1,N,A,3,5,3,9,V,0,7,0,P,MAZD,MIA,CV,97,17,2293,,0,892,,G,,F,4,112,,,14R185,,,,,,0,0,000000000,00000000000,0,0,0,1,0,0,0,0,0,0,0,998,0,1,1,11,98,6,2,1,0,0,0,1,47,37922,6,1,0,0,3,1,68,140,1,0,0,0,0,5,2008,5,2008,1,28,0,0,0,3,4,55,1,1,2,1,0,0,1,12,1,1,4,6,1,1
47,470283,1,2,1,7,5,11,34,12,6,1,0,47,2,22,441,22441,20,1997,1GMDU06E8VD1,1,G,M,D,U,0,6,E,8,V,D,1,0,P,PONT,TSP,SV,97,17,3622,,0,1120,,G,,F,6,207,,,15R205,,,,,,0,0,000000000,00000000000,0,0,0,1,0,0,0,0,0,0,0,998,0,0,0,12,98,6,2,12,0,0,0,1,47,37128,6,2,0,0,3,1,68,155,0,0,0,0,0,0,0,0,0,0,92,0,0,0,1,4,45,1,1,2,1,20,3,99,17,1,1,1,75,0,0
47,470283,2,2,2,7,5,11,34,12,6,1,0,47,1,7,442,7442,20,1999,2B4GP44G2XR1,2,B,4,G,P,4,4,G,2,X,R,1,0,T,DODG,GSS,ES,99,17,,1,0,1193,CAR,F,,,6,201,,,,,3856,00,E,42,0,0,000000000,00000000000,0,0,0,1,0,0,0,0,0,0,0,998,0,0,0,9,98,6,2,12,0,0,0,1,47,37060,6,1,0,0,3,0,70,150,0,0,0,0,0,0,0,0,0,0,0,0,0,0,1,2,45,1,1,2,1,0,0,1,68,1,1,1,75,1,0
47,470284,1,2,2,14,5,6,35,12,6,1,0,47,1,23,471,23471,30,1988,1GTBS14R3J85,1,G,T,B,S,1,4,R,3,J,8,5,0,T,GMC,S10,PK,88,17,,1,1179,1083,S,G,,,6,173,,,,B,2568,03,A,42,0,0,000000000,00000000000,0,0,0,1,0,0,0,0,0,0,0,998,0,0,0,9,98,6,2,12,0,0,0,1,47,38456,6,1,0,0,3,0,69,246,0,0,0,0,0,0,0,0,0,0,38,79,0,0,1,2,65,1,5,2,2,20,3,11,15,1,1,1,82,1,0
47,470284,2,2,1,14,5,6,35,12,6,1,0,1,2,20,22,20022,4,2006,1G1AK55F2678,1,G,1,A,K,5,5,F,2,6,7,8,0,P,CHEV,BLS,4D,6,17,3216,,0,1033,,G,,F,4,134,,,15R195,,,,,,0,0,000000000,00000000000,0,0,0,1,0,0,0,0,0,0,0,998,0,0,0,12,12,6,2,12,0,0,0,1,47,38468,1,1,0,0,2,0,71,210,0,0,0,0,0,0,0,0,0,0,92,0,0,0,2,2,65,1,5,2,2,0,0,1,67,1,1,1,83,0,0
47,470285,1,2,1,22,3,13,50,12,6,1,0,47,1,20,482,20482,31,2010,3GNVKFE03AG1,3,G,N,V,K,F,E,0,3,A,G,1,0,T,CHEV,KTL,SP,10,17,,2,0,1300,AVL,F,,,8,323,,,,B,5937,00,,44,0,0,000000000,00000000000,0,0,0,1,0,0,0,0,0,0,0,998,0,0,0,12,12,6,2,12,0,0,0,1,47,37066,6,1,0,0,3,1,73,195,0,0,0,0,0,0,0,0,0,0,0,0,0,0,1,2,30,1,1,2,1,0,0,1,66,1,1,1,88,0,0
47,470285,2,2,2,22,3,13,50,12,6,1,0,47,1,55,35,55035,6,2000,KMHJW35F0YU1,K,M,H,J,W,3,5,F,0,Y,U,1,0,P,HYUN,EGS,SW,0,17,2681,,0,1004,,G,,F,4,121,,,14R195,,,,,,0,0,000000000,00000000000,0,0,0,1,0,0,0,0,0,0,0,998,0,0,0,9,9,6,2,12,0,0,0,1,47,37042,6,1,0,0,3,1,62,135,0,0,0,1,3,5,2008,3,2009,0,39,92,0,0,1,2,30,1,1,2,1,20,3,1,17,1,1,1,89,1,0
47,470286,1,2,1,16,5,11,55,12,6,1,0,47,2,20,421,20421,15,2002,1GNEK13Z52R2,1,G,N,E,K,1,3,Z,5,2,R,2,0,P,CHEV,KTA,UT,2,17,5050,,0,1160,,F,,F,8,325,,,16R265,,,,,,0,0,000000000,00000000000,0,0,0,1,0,0,0,0,0,0,0,998,0,0,0,1,98,6,2,12,0,0,0,1,47,37190,6,1,0,0,3,0,65,115,0,1,0,3,0,2,2009,4,2011,0,28,0,0,0,1,2,55,2,3,2,2,0,0,14,10,3,2,2,64,0,0
47,470286,2,2,2,16,5,11,55,12,6,1,0,47,1,2,404,2404,14,1994,1J4GZ58S7RC3,1,J,4,G,Z,5,8,S,7,R,C,3,0,T,JEEP,LRO,4W,94,17,,1,0,1059,GCK,G,,,6,242,,,,,3552,00,B,44,0,0,000000000,00000000000,0,0,0,1,0,0,0,0,0,0,0,998,0,0,0,12,98,6,2,12,0,0,0,1,47,37110,6,1,0,0,3,0,66,156,0,0,0,0,0,0,0,0,0,0,0,0,0,0,1,2,55,1,2,2,2,0,0,1,62,1,1,1,65,2,0
47,470287,1,4,2,13,5,16,25,12,6,1,0,47,2,12,481,12481,31,1997,1FTEX17L9VNB,1,F,T,E,X,1,7,L,9,V,N,B,0,T,FORD,F15,3C,97,17,,2,1570,1390,COF,G,,,8,330,,,,B,4045,03,E,42,0,0,000000000,00000000000,0,0,0,1,0,0,0,0,0,0,0,998,0,0,0,3,98,6,2,12,0,0,0,1,47,37769,6,1,0,0,3,1,69,205,0,0,0,0,0,0,0,0,0,1,28,58,92,0,1,4,50,2,6,2,2,0,0,14,6,6,2,2,64,0,0
47,470287,2,4,1,13,5,16,25,12,6,1,0,47,1,49,38,49038,2,1992,JT2EL45F1N00,J,T,2,E,L,4,5,F,1,N,0,0,0,P,TOYT,PAS,CP,92,17,2070,,0,937,,G,,F,4,091,,,14R175,,,,,,0,0,000000000,00000000000,0,0,0,1,0,0,0,0,0,0,0,998,0,0,0,12,12,6,2,12,0,0,0,1,47,37912,6,1,6,0,3,1,70,275,0,0,0,0,0,0,0,0,0,0,0,0,0,0,1,4,50,3,2,2,2,0,0,14,62,1,1,1,65,1,0
47,470287,3,4,2,13,5,16,25,12,6,1,0,47,2,12,17,12017,4,2003,1FAFP52UX3G1,1,F,A,F,P,5,2,U,X,3,G,1,0,P,FORD,TAX,4D,3,17,3336,,0,1085,,G,,F,6,182,,,16R215,,,,,,0,0,000000000,00000000000,0,0,0,1,0,0,0,0,0,0,0,998,0,0,0,11,98,6,2,12,0,0,0,1,47,37754,6,1,0,0,3,0,69,200,0,0,0,0,0,0,0,0,0,0,0,0,0,0,1,4,50,3,2,2,2,0,0,14,62,7,1,1,98,0,0