STATE,ST_CASE,VEH_NO,VE_FORMS,NUMOCCS,DAY,MONTH,HOUR,MINUTE,HARM_EV,MAN_COLL,UNITTYPE,HIT_RUN,REG_STAT,OWNER,MAKE,MODEL,MAK_MOD,BODY_TYP,MOD_YEAR,VIN,VIN_1,VIN_2,VIN_3,VIN_4,VIN_5,VIN_6,VIN_7,VIN_8,VIN_9,VIN_10,VIN_11,VIN_12,TOW_VEH,VINTYPE,VINMAKE,VINA_MOD,VIN_BT,VINMODYR,VIN_LNGT,VIN_WGT,WGTCD_TR,WHLBS_LG,WHLBS_SH,SER_TR,FUELCODE,MCYCL_DS,CARBUR,CYLINDER,DISPLACE,MCYCL_CY,MCYCL_WT,TIRE_SZE,TON_RAT,TRK_WT,TRKWTVAR,VIN_REST,WHLDRWHL,J_KNIFE,MCARR_I1,MCARR_I2,MCARR_ID,GVWR,V_CONFIG,CARGO_BT,HAZ_INV,HAZ_PLAC,HAZ_ID,HAZ_CNO,HAZ_REL,BUS_USE,SPEC_USE,EMER_USE,TRAV_SP,UNDERIDE,ROLLOVER,ROLINLOC,IMPACT1,IMPACT2,DEFORMED,TOWED,M_HARM,VEH_SC1,VEH_SC2,FIRE_EXP,DR_PRES,L_STATE,DR_ZIP,L_STATUS,L_TYPE,CDL_STAT,L_ENDORS,L_COMPL,L_RESTRI,DR_HGT,DR_WGT,PREV_ACC,PREV_SUS,PREV_DWI,PREV_SPD,PREV_OTH,FIRST_MO,FIRST_YR,LAST_MO,LAST_YR,SPEEDREL,DR_SF1,DR_SF2,DR_SF3,DR_SF4,VTRAFWAY,VNUM_LAN,VSPD_LIM,VALIGN,VPROFILE,VPAVETYP,VSURCOND,VTRAFCON,VTCONT_F,P_CRASH1,P_CRASH2,P_CRASH3,PCRASH4,PCRASH5,ACC_TYPE,DEATHS,DR_DRINK
47,470287,4,4,1,13,5,16,25,12,6,1,0,47,2,2,404,2404,14,1991,1J4FJ58S9ML5,1,J,4,F,J,5,8,S,9,M,L,5,0,T,JEEP,LAR,4W,91,17,,1,0,1014,CHK,G,,,6,242,,,,,2979,01,A,44,0,0,000000000,00000000000,0,0,0,1,0,0,0,0,0,0,0,998,0,0,0,9,98,2,1,54,0,0,0,1,47,37716,6,2,0,0,3,1,64,120,0,0,0,0,0,0,0,0,0,0,0,0,0,0,1,4,50,3,2,2,2,0,0,14,62,7,1,1,98,0,0
47,470288,1,1,1,17,5,8,12,35,0,1,0,47,1,7,422,7422,15,2007,1D8HB48P87F5,1,D,8,H,B,4,8,P,8,7,F,5,0,P,DODG,DUR,UT,7,17,5132,,0,1192,,F,,F,8,287,,,17R245,,,,,,0,0,000000000,00000000000,0,0,0,1,0,0,0,0,0,0,0,998,0,1,5,12,98,6,2,1,0,0,0,1,47,37031,6,1,0,0,3,1,63,160,1,0,0,0,0,3,2011,3,2011,0,0,0,0,0,1,2,55,1,1,2,1,0,0,1,13,1,1,4,1,1,0
47,470289,1,1,1,8,5,22,35,30,0,1,0,47,1,49,43,49043,4,1997,4T1BF12B2VU2,4,T,1,B,F,1,2,B,2,V,U,2,0,P,TOYT,UVS,4D,97,17,3263,,0,1071,,G,,F,6,183,,,15R205,,,,,,0,0,000000000,00000000000,0,0,0,1,0,0,0,0,0,0,0,998,0,1,5,12,98,6,2,30,0,0,0,1,47,38506,6,1,0,0,3,1,66,150,0,0,0,0,0,0,0,0,0,0,0,0,0,0,1,2,45,1,5,2,1,0,0,1,13,1,1,4,1,1,0
47,470290,1,2,1,18,5,18,26,12,1,1,0,47,1,12,17,12017,4,2000,1FAFP52U4YA1,1,F,A,F,P,5,2,U,4,Y,A,1,0,P,FORD,TAX,4D,0,17,3331,,0,1085,,G,,F,6,182,,,16R215,,,,,,0,0,000000000,00000000000,0,0,0,1,0,0,0,0,0,0,0,998,0,0,0,12,12,6,2,12,0,0,0,1,47,37405,6,1,0,0,3,1,64,174,0,0,0,0,0,0,0,0,0,0,99,99,99,99,5,4,40,1,6,2,1,0,0,1,8,1,1,2,20,1,0
47,470290,2,2,1,18,5,18,26,12,1,1,0,47,1,7,43,7043,4,2003,1B3EL46X43N5,1,B,3,E,L,4,6,X,4,3,N,5,0,P,DODG,STX,4D,3,17,3099,,0,1080,,G,,F,4,148,,,16R205,,,,,,0,0,000000000,00000000000,0,0,0,1,0,0,0,0,0,0,0,0,0,0,0,6,98,6,2,12,0,0,0,1,47,37411,6,1,0,0,3,0,62,185,0,0,0,0,0,0,0,0,0,0,0,0,0,0,5,4,40,1,6,2,1,0,0,11,60,1,1,2,21,0,0
47,470291,1,1,1,18,5,16,53,1,0,1,0,47,1,12,402,12402,14,2004,1FMYU931X4KB,1,F,M,Y,U,9,3,1,X,4,K,B,0,P,FORD,SPE,UT,4,17,3346,,0,1031,,G,,F,6,181,,,16R235,,,,,,0,0,000000000,00000000000,0,0,0,1,0,0,0,0,0,0,0,998,0,1,5,0,98,6,2,1,0,0,0,1,47,38332,6,1,0,0,3,0,73,290,0,0,0,0,0,0,0,0,0,0,99,99,99,99,1,2,55,3,1,2,1,0,0,14,13,1,1,4,1,1,0
47,470292,1,1,1,7,5,6,45,34,0,1,0,47,1,54,35,54035,4,1999,19UUA5650XA0,1,9,U,U,A,5,6,5,0,X,A,0,0,P,ACUR,32T,4D,99,17,3447,,0,1081,,G,,F,6,197,,,16R205,,,,,,0,0,000000000,00000000000,0,0,0,1,0,0,0,0,0,0,0,998,0,0,0,11,98,6,2,34,0,0,0,1,47,37310,6,1,0,0,3,0,72,160,1,0,0,0,0,9,2009,9,2009,0,58,0,0,0,1,2,45,1,1,2,1,0,0,1,13,1,1,4,1,1,0
47,470293,1,2,1,18,5,21,50,12,6,1,0,28,2,37,32,37032,4,2004,JHMCM56764C0,J,H,M,C,M,5,6,7,6,4,C,0,0,P,HOND,UEX,4D,4,17,3109,,0,1079,,G,,F,4,146,,,000000,,,,,,0,0,000000000,00000000000,0,0,0,1,0,0,0,0,0,0,0,998,0,0,0,1,1,6,2,12,0,0,0,1,47,38016,6,1,0,0,3,0,68,140,0,0,0,0,0,0,0,0,0,0,38,0,0,0,1,6,40,1,1,2,1,2,3,11,15,1,1,1,68,0,1
47,470293,2,2,1,18,5,21,50,12,6,1,0,47,1,72,706,72706,80,2002,1HD1DDV162Y6,1,H,D,1,D,D,V,1,6,2,Y,6,0,M,HD,FHT,RS,2,17,,,,,,,1450,,2,,4,758,,,,,,,0,0,000000000,00000000000,0,0,0,1,0,0,0,0,0,0,0,998,0,0,0,12,12,6,2,12,0,0,0,1,47,38134,6,1,0,0,3,0,71,175,1,0,0,0,0,1,2010,1,2010,0,0,0,0,0,1,6,40,1,1,2,1,2,3,1,62,1,1,1,69,1,1
47,470294,1,2,1,21,5,16,40,12,6,1,0,47,1,7,481,7481,31,1989,1B7KM268XKS0,1,B,7,K,M,2,6,8,X,K,S,0,0,T,DODG,W20,PK,89,17,,2,0,1310,W20,D,,,6,359,,,,C,00000,00,A,44,0,0,000000000,00000000000,0,0,0,1,0,0,0,0,0,0,0,998,0,0,0,9,9,6,4,12,0,0,0,1,47,37811,6,1,0,0,3,1,68,220,0,0,0,0,0,0,0,0,0,0,38,92,0,0,1,2,55,1,1,2,1,20,3,4,17,1,1,1,89,0,0
47,470294,2,2,1,21,5,16,40,12,6,1,0,47,1,37,706,37706,80,1995,1HFSC1800SA6,1,H,F,S,C,1,8,0,0,S,A,6,0,M,HOND,VT1,RS,95,17,,,,,,,1100,,2,,4,533,,,,,,,0,0,000000000,00000000000,0,0,0,1,0,0,0,0,0,0,0,998,0,0,0,12,98,6,2,12,0,0,0,1,47,37814,1,1,0,0,2,0,70,210,1,2,0,2,0,5,2008,1,2011,0,0,0,0,0,2,2,55,1,1,2,1,0,0,1,66,1,1,1,88,1,0
47,470295,1,1,1,12,5,19,50,1,0,1,0,26,0,98,734,98734,90,2003,2BVBJRB143V0,2,B,V,B,J,R,B,1,4,3,V,0,0,U,,,,3,17,,,,,,,,,,,,,,,,,,,0,0,000000000,00000000000,0,0,0,1,0,0,0,0,0,0,0,998,0,2,1,0,98,4,3,1,0,0,0,1,26,48340,1,1,0,0,1,0,74,350,0,2,1,0,0,6,2009,3,2011,0,18,28,0,0,1,2,35,1,2,2,1,0,0,11,98,1,1,2,98,1,1
47,470296,1,1,2,28,4,20,19,8,0,1,0,47,1,12,401,12401,14,1998,1FMZU34EXWZC,1,F,M,Z,U,3,4,E,X,W,Z,C,0,P,FORD,EPR,UT,98,17,4146,,0,1115,,G,,F,6,245,,,15R225,,,,,,0,0,000000000,00000000000,0,0,0,1,0,0,0,0,0,0,0,998,0,0,0,12,12,4,1,8,0,0,0,1,47,37013,6,1,0,0,3,0,71,254,0,0,0,0,0,0,0,0,0,0,0,0,0,0,5,2,35,1,1,2,1,3,2,1,80,1,1,1,13,0,0
47,470297,1,1,1,22,5,99,99,34,0,1,0,47,4,20,481,20481,31,2011,3GCPCSEAXBG1,3,G,C,P,C,S,E,A,X,B,G,1,0,T,CHEV,2SC,CW,11,17,,2,0,1435,SIL,F,,,8,293,,,,B,5110,00,,42,0,0,000000000,00000000000,0,0,0,1,0,0,0,0,0,0,0,998,0,0,0,11,98,6,2,34,0,0,0,1,47,37064,6,1,0,0,3,0,72,265,0,0,0,0,0,0,0,0,0,0,0,0,0,0,1,2,45,3,5,2,99,0,0,14,12,1,1,4,6,1,0
47,470298,1,1,1,23,5,99,99,1,0,1,0,39,3,23,481,23481,31,2003,2GTEC19T7313,2,G,T,E,C,1,9,T,7,3,1,3,0,T,GMC,NC1,4C,3,17,,2,1575,1435,SIE,G,,,8,325,,,,B,4534,03,4,42,0,0,000000000,00000000000,0,0,0,1,0,0,0,0,0,0,0,998,0,2,5,0,98,6,2,1,0,0,0,1,47,37918,6,1,0,0,3,0,74,210,0,0,0,0,0,0,0,0,0,0,0,0,0,0,3,2,55,1,1,2,1,0,0,1,13,1,1,4,1,1,0
47,470299,1,1,1,23,5,17,30,1,0,1,0,47,2,12,401,12401,14,1997,1FMDU34X2VUB,1,F,M,D,U,3,4,X,2,V,U,B,0,P,FORD,EPR,UT,97,17,4166,,0,1115,,G,,F,6,245,,,15R225,,,,,,0,0,000000000,00000000000,0,0,0,1,0,0,0,0,0,0,0,998,0,2,1,0,0,6,2,1,0,0,0,1,47,37921,2,1,0,0,2,0,69,190,1,1,0,0,1,3,2009,10,2009,0,58,0,0,0,2,2,65,1,1,2,1,0,0,1,12,9,3,6,98,1,1
47,470300,1,1,1,17,5,3,57,1,0,1,0,47,2,2,404,2404,14,1994,1J4FX58S1RC3,1,J,4,F,X,5,8,S,1,R,C,3,0,T,JEEP,LRO,4W,94,17,,1,0,1059,GCK,G,,,6,242,,,,,3408,00,B,42,0,0,000000000,00000000000,0,0,0,1,0,0,0,0,0,0,0,998,0,2,5,0,0,6,2,1,0,0,0,1,47,37115,6,1,0,0,3,0,65,238,0,0,0,0,0,0,0,0,0,1,58,0,0,0,3,2,65,2,2,2,1,0,0,17,13,7,1,4,98,1,0
47,470301,1,1,3,7,5,8,38,1,0,1,0,47,1,49,43,49043,4,1995,4T1GB11E4SU0,4,T,1,G,B,1,1,E,4,S,U,0,0,P,TOYT,UAS,4D,95,17,3265,,0,1071,,G,,F,6,183,,,15R205,,,,,,0,0,000000000,00000000000,0,0,0,1,0,0,0,0,0,0,0,998,0,2,2,0,0,6,2,1,0,0,0,1,47,42223,6,1,0,0,3,8,67,160,0,0,0,0,0,0,0,0,0,0,28,36,58,0,2,2,70,3,1,2,1,0,0,14,12,9,3,4,98,1,0
47,470302,1,1,1,25,5,16,29,42,0,1,0,47,2,53,705,53705,80,2005,JS1GN7CA0521,J,S,1,G,N,7,C,A,0,5,2,1,0,M,SUZI,GSK,RC,5,17,,,,,,,599,,4,,4,355,,,,,,,0,0,000000000,00000000000,0,0,0,1,0,0,0,0,0,0,0,998,0,0,0,12,12,6,2,42,0,0,0,1,47,37931,6,1,0,0,3,0,71,200,0,0,0,0,0,0,0,0,0,1,0,0,0,0,1,2,30,2,2,2,1,0,0,14,6,1,1,4,6,1,0
47,470303,1,1,2,20,5,4,24,42,0,1,0,47,2,7,422,7422,15,2005,1D4HB38N95F5,1,D,4,H,B,3,8,N,9,5,F,5,0,P,DODG,DUR,UT,5,17,4877,,0,1192,,G,,F,8,287,,,17R265,,,,,,0,0,000000000,00000000000,0,0,0,1,0,0,0,0,0,0,0,998,0,1,5,1,98,6,2,2,0,0,1,1,47,38242,1,1,0,0,2,0,75,260,0,0,0,0,0,0,0,0,0,1,99,99,99,99,1,2,30,1,1,2,1,0,0,1,88,7,1,4,3,1,0
47,470304,1,1,1,18,5,18,39,38,0,1,0,47,2,20,481,20481,31,1995,1GCHC39F8SE2,1,G,C,H,C,3,9,F,8,S,E,2,0,T,CHEV,GC3,PC,95,17,,2,0,1555,GM4,D,,,8,397,,,,D,5048,00,,42,0,0,000000000,00000000000,0,0,0,1,0,0,0,0,0,0,0,998,0,0,0,12,98,6,2,42,0,0,0,1,47,37184,6,1,0,0,3,1,69,145,0,0,0,0,0,0,0,0,0,0,28,0,0,0,1,2,45,3,5,2,1,0,0,14,13,7,1,4,1,1,0
47,470305,1,2,1,24,5,12,55,12,6,1,0,47,1,35,50,35050,5,2009,3N1BC13E99L4,3,N,1,B,C,1,3,E,9,9,L,4,0,P,NISS,VSL,4H,9,17,2693,,0,1024,,G,,F,4,110,,,15R185,,,,,,0,0,000000000,00000000000,0,0,0,1,0,0,0,0,0,0,0,998,0,0,0,82,98,6,2,12,0,0,0,1,47,38104,6,1,0,0,3,0,65,119,1,0,0,0,0,8,2009,8,2009,0,28,0,0,0,1,4,45,1,1,2,1,0,0,1,10,1,1,2,64,1,0
47,470305,2,2,1,24,5,12,55,12,6,1,0,47,1,20,421,20421,15,2003,1GNEC13VX3R1,1,G,N,E,C,1,3,V,X,3,R,1,1,P,CHEV,CTA,UT,3,17,4828,,0,1160,,G,,F,8,293,,,16R265,,,,,,1,0,000000000,00000000000,0,0,0,1,0,0,0,0,0,0,0,998,0,0,0,12,98,6,2,12,0,0,0,1,47,38125,6,1,0,0,3,0,68,200,0,0,0,0,0,0,0,0,0,0,0,0,0,0,1,4,45,1,1,2,1,0,0,1,62,1,1,1,65,0,0
47,470306,1,2,1,22,5,9,15,12,2,1,0,47,1,53,705,53705,80,2003,JS1GR7HA9321,J,S,1,G,R,7,H,A,9,3,2,1,0,M,SUZI,SX7,RC,3,17,,,,,,,749,,4,,4,365,,,,,,,0,0,000000000,00000000000,0,0,0,1,0,0,0,0,0,0,0,998,0,0,0,12,98,6,2,12,0,0,0,1,47,37040,6,1,0,0,3,0,73,210,1,0,0,1,0,9,2008,10,2010,0,0,0,0,0,1,2,55,1,5,2,1,0,0,1,54,3,1,1,51,1,0
47,470306,2,2,1,22,5,9,15,12,2,1,0,47,2,23,401,23401,14,2002,1GKDS13S5224,1,G,K,D,S,1,3,S,5,2,2,4,0,T,GMC,ENV,4W,2,17,,1,0,1130,ENV,G,,,6,256,,,,B,4442,00,K,42,0,0,000000000,00000000000,0,0,0,1,0,0,0,0,0,0,0,998,0,0,0,12,98,6,2,12,0,0,0,1,47,37172,0,0,0,0,0,0,999,999,99,99,99,99,99,99,9999,99,9999,0,28,36,51,92,1,2,55,1,6,2,1,0,0,1,62,1,1,2,50,0,1
47,470307,1,2,1,26,5,10,59,12,6,1,0,47,2,12,17,12017,4,2000,1FAFP56S2YA1,1,F,A,F,P,5,6,S,2,Y,A,1,0,P,FORD,TEL,4D,0,17,3333,,0,1085,,G,,F,6,182,,,16R215,,,,,,0,0,000000000,00000000000,0,0,0,1,0,0,0,0,0,0,0,998,0,0,0,12,12,6,2,12,0,0,0,1,47,38370,6,1,0,0,3,0,72,265,0,0,0,0,0,0,0,0,0,0,0,0,0,0,1,2,55,1,1,2,1,0,0,1,66,1,1,1,86,0,0
47,470307,2,2,2,26,5,10,59,12,6,1,0,47,1,20,2,20002,4,2004,2G1WF52E7492,2,G,1,W,F,5,2,E,7,4,9,2,0,P,CHEV,IMP,4D,4,17,3389,,0,1105,,G,,F,6,207,,,16R225,,,,,,0,0,000000000,00000000000,0,0,0,1,0,0,0,0,0,0,0,998,0,0,0,3,98,6,2,12,0,0,0,1,47,38057,6,1,0,0,3,0,64,130,0,0,0,1,0,7,2009,7,2009,0,36,92,0,0,1,2,55,1,1,2,1,20,3,1,17,1,1,1,87,1,0
47,470308,1,1,2,22,5,0,49,39,0,1,0,47,1,20,17,20017,4,1985,2G1AW19X2F11,2,G,1,A,W,1,9,X,2,F,1,1,0,P,CHEV,CEL,4D,85,17,2605,,0,1049,,G,,2,6,173,,,14R185,,,,,,0,0,000000000,00000000000,0,0,0,1,0,0,0,0,0,0,0,998,0,0,0,1,98,6,2,32,0,0,0,1,47,38571,6,1,0,0,3,0,62,145,0,1,1,1,0,6,2008,1,2010,0,0,0,0,0,1,2,55,1,1,2,1,0,0,1,13,1,1,4,1,1,1
47,470309,1,1,1,26,5,9,0,24,0,1,0,37,1,20,401,20401,14,1991,1GNDT13ZXM22,1,G,N,D,T,1,3,Z,X,M,2,2,0,P,CHEV,S10,UT,91,17,3617,,0,1070,,G,,F,6,262,,,15R205,,,,,,0,0,000000000,00000000000,0,0,0,1,0,0,0,0,0,0,0,998,0,0,0,12,98,6,2,30,0,0,0,1,37,28078,3,1,0,0,2,0,73,999,0,1,0,0,0,2,2009,2,2009,0,0,0,0,0,1,2,55,1,1,2,1,0,0,1,13,1,1,4,1,1,0
47,470310,1,1,1,27,5,17,25,1,0,1,0,47,1,35,401,35401,14,2000,JN8AR07YXYW4,J,N,8,A,R,0,7,Y,X,Y,W,4,0,P,NISS,PFI,UT,0,17,3977,,0,1063,,G,,F,6,201,,,16R255,,,,,,0,0,000000000,00000000000,0,0,0,1,0,0,0,0,0,0,0,998,0,2,3,0,0,6,2,1,0,0,0,1,47,37737,6,1,0,0,3,0,64,150,2,0,0,0,0,5,2008,1,2009,0,58,0,0,0,2,2,65,3,1,2,1,0,0,14,12,6,4,4,98,1,0
47,470311,1,1,1,25,5,21,19,8,0,1,0,47,1,20,471,20471,30,1993,1GCCS14R5P01,1,G,C,C,S,1,4,R,5,P,0,1,0,T,CHEV,S14,PK,93,17,,1,1179,1083,S,G,,,6,173,,,,B,2633,02,,42,0,0,000000000,00000000000,0,0,0,1,0,0,0,0,0,0,0,998,0,0,0,12,12,4,3,8,0,0,0,1,47,38115,6,1,0,0,3,0,74,235,0,0,0,0,0,0,0,0,0,0,99,99,99,99,5,3,40,1,1,2,1,0,0,1,80,1,1,1,13,0,0
47,470312,1,1,1,27,5,2,15,32,0,1,0,47,1,12,481,12481,31,1995,1FTEF15N4SNA,1,F,T,E,F,1,5,N,4,S,N,A,0,T,FORD,F15,PK,95,17,,2,1330,1170,COF,G,,,8,302,,,,B,00000,00,M,42,0,0,000000000,00000000000,0,0,0,1,0,0,0,0,0,0,0,998,0,0,0,7,98,6,2,32,0,0,0,1,47,38379,1,1,0,0,2,2,70,189,0,0,0,0,0,0,0,0,0,1,28,74,0,0,1,2,55,1,1,2,1,0,0,1,6,8,4,4,7,1,1
47,470313,1,1,1,28,5,15,10,24,0,1,0,47,2,37,705,37705,80,1995,JH2RC4306SM1,J,H,2,R,C,4,3,0,6,S,M,1,0,M,HOND,F7C,RS,95,17,,,,,,,750,,4,,4,504,,,,,,,0,0,000000000,00000000000,0,0,0,1,0,0,0,0,0,0,0,998,0,0,0,3,98,6,2,24,0,0,0,1,47,37086,6,1,0,0,3,0,67,160,0,0,0,0,0,0,0,0,0,0,52,0,0,0,3,2,70,3,6,2,1,0,0,14,13,1,1,4,1,1,1
47,470314,1,1,1,28,5,23,28,42,0,1,0,47,2,7,482,7482,31,1996,3B7HF13Z8TG1,3,B,7,H,F,1,3,Z,8,T,G,1,0,T,DODG,150,PC,96,17,,2,1547,1387,RPC,G,,,8,360,,,,B,4725,01,M,44,0,0,000000000,00000000000,0,0,0,1,0,0,0,0,0,0,0,998,0,1,5,62,62,6,2,1,0,0,0,1,47,38464,2,1,0,0,2,0,71,165,0,0,0,0,0,0,0,0,0,0,28,58,0,0,1,2,35,1,6,2,1,0,0,1,12,6,1,4,6,1,1
47,470315,1,1,1,28,5,18,57,1,0,1,0,47,1,12,881,12881,61,1994,1FDLF47KXREA,1,F,D,L,F,4,7,K,X,R,E,A,0,T,FORD,FSD,CB,94,17,,4,1850,1370,COF,D,,,8,444,,,,E,5521,00,A,42,0,88,888888888,88888888888,2,1,97,1,0,0,0,0,0,0,0,998,0,2,5,0,0,6,2,1,0,0,0,1,47,38555,6,1,0,0,3,0,68,185,0,0,0,0,0,0,0,0,0,0,0,0,0,0,1,2,45,1,1,4,1,0,0,1,13,1,1,4,1,1,0
47,470316,1,3,1,28,5,10,48,12,6,1,0,4,1,2,406,2406,14,2006,1J8HG58N96C1,1,J,8,H,G,5,8,N,9,6,C,1,1,T,JEEP,LTD,4W,6,17,,2,0,1095,CMD,G,,,8,287,,,,,4984,00,K,44,1,0,000000000,00000000000,0,0,0,1,0,0,0,0,0,0,0,998,0,0,0,5,5,2,1,12,0,0,0,1,4,85260,6,1,0,0,3,1,73,200,0,0,0,0,0,0,0,0,0,0,38,0,0,0,1,2,55,1,1,2,1,0,0,11,15,1,1,2,68,0,0
47,470316,2,3,1,28,5,10,48,12,6,1,0,47,1,37,706,37706,80,1981,1HFSC0204BA1,1,H,F,S,C,0,2,0,4,B,A,1,0,M,HOND,G10,RS,81,17,,,,,,,1085,,4,,4,588,,,,,,,0,0,000000000,00000000000,0,0,0,1,0,0,0,0,0,0,0,998,0,0,0,12,98,6,2,12,0,0,0,1,47,38572,6,1,0,0,2,1,66,165,0,0,0,0,0,0,0,0,0,0,0,0,0,0,1,2,55,1,3,2,1,0,0,1,67,4,1,1,69,1,0
47,470316,3,3,2,28,5,10,48,12,6,1,0,26,1,20,23,20023,6,2009,3GNCA53V79S6,3,G,N,C,A,5,3,V,7,9,S,6,0,P,CHEV,HHR,UT,9,17,3208,,0,1035,,F,,F,4,146,,,17R215,,,,,,0,0,000000000,00000000000,0,0,0,1,0,0,0,0,0,0,0,998,0,0,0,12,98,6,2,54,0,0,0,1,26,48051,6,1,0,0,3,0,999,999,99,99,99,99,99,99,9999,99,9999,0,0,0,0,0,1,2,55,1,1,2,1,0,0,1,67,7,1,1,98,0,0
47,470317,1,2,3,28,5,15,20,12,6,1,0,47,2,18,401,18401,14,2006,5GADT13S2622,5,G,A,D,T,1,3,S,2,6,2,2,0,P,BUIC,RNR,UT,6,17,4600,,0,1130,,G,,F,6,256,,,17R255,,,,,,0,0,000000000,00000000000,0,0,0,1,0,0,0,0,0,0,0,998,0,1,5,3,98,6,2,1,0,0,0,1,6,91101,6,1,0,0,3,0,67,170,0,0,0,0,0,0,0,0,0,0,0,0,0,0,1,2,45,1,1,2,1,0,0,1,66,1,1,1,87,1,0
47,470317,2,2,2,28,5,15,20,12,6,1,0,51,1,35,49,35049,6,2009,JN8AZ18W79W1,J,N,8,A,Z,1,8,W,7,9,W,1,0,P,NISS,MUR,UT,9,17,4009,,0,1112,,G,,F,6,214,,,18R235,,,,,,0,0,000000000,00000000000,0,0,0,1,0,0,0,0,0,0,0,998,0,0,0,12,98,6,2,12,0,0,0,1,51,23838,6,1,0,0,3,0,72,225,0,0,0,1,0,12,2009,12,2009,0,38,39,0,0,1,2,35,1,1,2,1,20,3,1,17,1,1,1,86,0,0
47,470318,1,1,1,28,5,2,20,42,0,1,0,47,1,49,472,49472,30,2009,5TEPX42N19Z6,5,T,E,P,X,4,2,N,1,9,Z,6,0,T,TOYT,REG,PK,9,17,,1,0,1100,TAC,G,,,4,164,,,,B,3315,00,W,44,0,0,000000000,00000000000,0,0,0,1,0,0,0,0,0,0,0,998,0,0,0,12,98,6,2,42,0,0,0,1,47,38450,6,1,0,0,3,0,72,200,1,0,0,4,0,6,2008,9,2010,0,0,0,0,0,1,2,55,1,1,2,1,0,0,1,12,1,1,4,6,1,1
47,470319,1,1,2,29,5,20,55,8,0,1,0,47,2,2,404,2404,14,1995,1J4FT28S8SL6,1,J,4,F,T,2,8,S,8,S,L,6,0,T,JEEP,CSE,4W,95,17,,1,0,1014,CHK,G,,,6,242,,,,,2828,00,M,42,0,0,000000000,00000000000,0,0,0,1,0,0,0,0,0,0,0,998,0,0,0,11,98,4,3,8,0,0,0,1,12,33801,6,1,0,0,3,0,71,999,0,0,0,0,0,0,0,0,0,1,0,0,0,0,1,2,35,1,1,2,1,0,0,1,80,9,1,1,13,0,0
47,470320,1,1,1,30,5,1,0,33,0,1,0,47,2,53,705,53705,80,2006,JS1GN7DA3621,J,S,1,G,N,7,D,A,3,6,2,1,0,M,SUZI,K6R,RC,6,17,,,,,,,599,,4,,4,354,,,,,,,0,0,000000000,00000000000,0,0,0,1,0,0,0,0,0,0,0,998,0,0,0,12,98,6,2,33,0,0,0,1,47,37914,6,1,0,0,3,0,69,187,1,0,0,0,1,3,2011,4,2011,1,28,36,42,47,2,2,30,3,3,2,1,1,3,14,6,1,1,4,1,1,0
47,470321,1,1,1,31,5,0,31,7,0,1,0,47,1,72,706,72706,80,1987,1HD1DAL14HY5,1,H,D,1,D,A,L,1,4,H,Y,5,0,M,HD,FHP,RS,87,17,,,,,,,1340,,2,,4,999,,,,,,,0,0,000000000,00000000000,0,0,0,1,0,0,0,0,0,0,0,998,0,0,0,0,98,6,2,7,0,0,0,1,47,38562,6,1,0,0,3,0,69,165,0,0,0,0,0,0,0,0,0,1,0,0,0,0,1,2,45,3,1,2,1,0,0,14,98,1,1,1,0,1,0
47,470322,1,2,1,20,5,8,10,12,1,1,0,47,1,58,32,58032,4,1994,JNKNG01D9RM2,J,N,K,N,G,0,1,D,9,R,M,2,0,P,INFI,Q45,4D,94,17,4039,,0,1132,,G,,F,8,274,,,15R215,,,,,,0,0,000000000,00000000000,0,0,0,1,0,0,0,0,0,0,0,998,0,0,0,12,98,6,2,12,0,0,0,1,47,37110,6,1,0,0,3,1,69,148,0,0,0,1,0,4,2011,4,2011,1,26,0,0,0,5,2,55,1,1,2,1,0,0,1,6,1,1,1,24,0,0
47,470322,2,2,1,20,5,8,10,12,1,1,0,47,1,12,471,12471,30,1999,1FTYR14V6XTB,1,F,T,Y,R,1,4,V,6,X,T,B,0,T,FORD,RNS,PC,99,17,,1,0,1257,RNG,F,,,6,182,,,,B,00000,00,U,42,0,0,000000000,00000000000,0,0,0,1,0,0,0,0,0,0,0,998,0,0,0,6,98,6,2,12,0,0,0,1,47,37357,6,1,0,0,3,1,72,207,1,0,0,0,0,4,2010,4,2010,0,0,0,0,0,5,2,55,1,1,2,1,0,0,1,53,1,1,1,25,1,0
47,470323,1,1,1,27,5,99,99,8,0,1,1,47,1,23,461,23461,21,1993,2GDEG25Z2P45,2,G,D,E,G,2,5,Z,2,P,4,5,0,T,GMC,RV2,CG,93,17,,2,1250,1100,R/V,G,,,6,262,,,,C,00000,00,A,42,0,0,000000000,00000000000,0,0,0,1,0,0,0,0,0,0,0,998,0,0,0,12,98,4,1,8,0,0,0,1,47,37058,6,1,0,0,3,0,69,140,0,0,0,0,0,0,0,0,0,0,91,0,0,0,5,2,45,1,1,2,1,0,0,1,80,1,1,1,13,0,0
47,470324,1,2,1,30,5,14,35,12,2,1,0,47,2,20,481,20481,31,1990,1GCDC14K8LZ1,1,G,C,D,C,1,4,K,8,L,Z,1,0,T,CHEV,GC1,PK,90,17,,1,1415,1175,GM4,G,,,8,350,,,,B,3717,07,,42,0,0,000000000,00000000000,0,0,0,1,0,0,0,0,0,0,0,998,0,0,0,12,12,6,2,12,0,0,0,1,47,37764,6,1,0,0,3,0,70,180,0,0,0,0,0,0,0,0,0,0,51,0,0,0,5,2,45,1,1,2,1,0,0,15,10,1,1,2,50,1,0