STATE,ST_CASE,VEH_NO,VE_FORMS,NUMOCCS,DAY,MONTH,HOUR,MINUTE,HARM_EV,MAN_COLL,UNITTYPE,HIT_RUN,REG_STAT,OWNER,MAKE,MODEL,MAK_MOD,BODY_TYP,MOD_YEAR,VIN,VIN_1,VIN_2,VIN_3,VIN_4,VIN_5,VIN_6,VIN_7,VIN_8,VIN_9,VIN_10,VIN_11,VIN_12,TOW_VEH,VINTYPE,VINMAKE,VINA_MOD,VIN_BT,VINMODYR,VIN_LNGT,VIN_WGT,WGTCD_TR,WHLBS_LG,WHLBS_SH,SER_TR,FUELCODE,MCYCL_DS,CARBUR,CYLINDER,DISPLACE,MCYCL_CY,MCYCL_WT,TIRE_SZE,TON_RAT,TRK_WT,TRKWTVAR,VIN_REST,WHLDRWHL,J_KNIFE,MCARR_I1,MCARR_I2,MCARR_ID,GVWR,V_CONFIG,CARGO_BT,HAZ_INV,HAZ_PLAC,HAZ_ID,HAZ_CNO,HAZ_REL,BUS_USE,SPEC_USE,EMER_USE,TRAV_SP,UNDERIDE,ROLLOVER,ROLINLOC,IMPACT1,IMPACT2,DEFORMED,TOWED,M_HARM,VEH_SC1,VEH_SC2,FIRE_EXP,DR_PRES,L_STATE,DR_ZIP,L_STATUS,L_TYPE,CDL_STAT,L_ENDORS,L_COMPL,L_RESTRI,DR_HGT,DR_WGT,PREV_ACC,PREV_SUS,PREV_DWI,PREV_SPD,PREV_OTH,FIRST_MO,FIRST_YR,LAST_MO,LAST_YR,SPEEDREL,DR_SF1,DR_SF2,DR_SF3,DR_SF4,VTRAFWAY,VNUM_LAN,VSPD_LIM,VALIGN,VPROFILE,VPAVETYP,VSURCOND,VTRAFCON,VTCONT_F,P_CRASH1,P_CRASH2,P_CRASH3,PCRASH4,PCRASH5,ACC_TYPE,DEATHS,DR_DRINK
47,470324,2,2,1,30,5,14,35,12,2,1,0,47,2,12,401,12401,14,2000,1FMZU63E8YZB,1,F,M,Z,U,6,3,E,8,Y,Z,B,0,P,FORD,EPR,UT,0,17,3906,,0,1116,,G,,F,6,245,,,15R235,,,,,,0,0,000000000,00000000000,0,0,0,1,0,0,0,0,0,0,0,998,0,0,0,12,12,6,2,12,0,0,0,1,47,37043,6,1,0,0,3,1,64,210,0,0,0,0,0,0,0,0,0,0,0,0,0,0,5,2,45,1,1,2,1,0,0,1,54,1,1,1,51,0,0
47,470325,1,2,1,31,5,18,35,12,6,1,0,47,1,22,9,22009,3,1996,2G2FS22K7T22,2,G,2,F,S,2,2,K,7,T,2,2,0,P,PONT,FBD,2H,96,17,3150,,0,1011,,G,,F,6,231,,,16R215,,,,,,0,0,000000000,00000000000,0,0,0,1,0,0,0,0,0,0,0,998,0,0,0,3,3,6,2,12,0,0,0,1,47,38116,6,1,0,0,3,1,74,157,0,0,0,0,0,0,0,0,0,0,31,0,0,0,5,2,40,1,1,2,1,0,0,13,10,1,1,2,92,1,0
47,470325,2,2,3,31,5,18,35,12,6,1,0,47,2,35,47,35047,4,2007,1N4AL21E47C1,1,N,4,A,L,2,1,E,4,7,C,1,0,P,NISS,ATS,4D,7,17,3042,,0,1093,,G,,F,4,153,,,16R215,,,,,,0,0,000000000,00000000000,0,0,0,1,0,0,0,0,0,0,0,998,0,0,0,12,12,6,2,12,0,0,0,1,47,38116,6,1,0,0,3,0,71,170,0,0,0,1,0,4,2011,4,2011,0,0,0,0,0,5,2,40,1,1,2,1,0,0,1,56,1,1,1,93,0,0
47,470326,1,1,1,26,5,8,0,34,0,1,0,47,1,12,422,12422,15,1999,1FMRU186XXLC,1,F,M,R,U,1,8,6,X,X,L,C,0,P,FORD,EPT,UT,99,17,5177,,0,1191,,G,,F,8,281,,,17R265,,,,,,0,0,000000000,00000000000,0,0,0,1,0,0,0,0,0,0,0,998,0,1,5,12,98,6,2,1,0,0,0,1,47,37748,6,1,0,0,3,1,74,250,0,0,0,0,0,0,0,0,0,0,0,0,0,0,2,2,55,3,1,2,2,0,0,14,13,1,1,4,1,1,1
47,470327,1,4,2,7,5,13,49,12,1,1,0,47,1,49,40,49040,4,2000,JT2BF22KXY02,J,T,2,B,F,2,2,K,X,Y,0,2,0,P,TOYT,CXL,4D,0,17,3175,,0,1051,,G,,F,6,183,,,15R205,,,,,,0,0,000000000,00000000000,0,0,0,1,0,0,0,0,0,0,0,0,0,0,0,5,5,4,1,12,0,0,0,1,47,37167,6,1,0,0,3,0,68,165,0,0,0,0,0,0,0,0,0,0,0,0,0,0,3,2,45,1,1,2,1,0,0,5,52,1,1,1,98,0,0
47,470327,2,4,1,7,5,13,49,12,1,1,0,47,1,52,37,52037,3,2004,4A3AC44G64E0,4,A,3,A,C,4,4,G,6,4,E,0,0,P,MITS,EGS,2H,4,17,2965,,0,1008,,G,,F,4,146,,,16R205,,,,,,0,0,000000000,00000000000,0,0,0,1,0,0,0,0,0,0,0,0,0,0,0,11,98,4,3,12,0,0,0,1,47,37086,6,1,0,0,3,2,69,174,1,0,0,0,0,10,2009,10,2009,0,74,92,0,0,3,2,45,1,1,2,1,0,0,5,52,1,1,1,98,0,0
47,470327,3,4,1,7,5,13,49,12,1,1,0,47,3,72,706,72706,80,2007,1HD1FMM117Y7,1,H,D,1,F,M,M,1,1,7,Y,7,0,M,HD,TPI,RS,7,17,,,,,,,1690,,2,,4,758,,,,,,,0,0,000000000,00000000000,0,0,0,1,0,0,0,0,0,5,0,998,0,0,0,6,98,6,2,12,0,0,0,1,47,37022,6,1,0,0,3,0,72,240,0,0,0,0,0,0,0,0,0,0,16,0,0,0,3,2,45,1,1,2,1,0,0,2,18,4,1,1,29,0,0
47,470327,4,4,1,7,5,13,49,12,1,1,0,47,3,72,706,72706,80,2007,1HD1FMM137Y7,1,H,D,1,F,M,M,1,3,7,Y,7,0,M,HD,TPI,RS,7,17,,,,,,,1690,,2,,4,758,,,,,,,0,0,000000000,00000000000,0,0,0,1,0,0,0,0,0,5,0,998,0,0,0,12,98,6,2,1,0,0,0,1,47,37055,6,1,0,0,3,0,73,230,0,0,0,0,0,0,0,0,0,0,16,26,0,0,3,2,45,1,1,2,1,0,0,1,52,1,1,1,28,1,0
47,470328,1,1,2,21,5,0,1,34,0,1,0,47,2,12,471,12471,30,1998,1FTZR15U5WPA,1,F,T,Z,R,1,5,U,5,W,P,A,0,T,FORD,RNS,PC,98,17,,1,0,1259,RNG,G,,,6,182,,,,B,3597,00,E,44,0,0,000000000,00000000000,0,0,0,1,0,0,0,0,0,0,0,998,0,0,0,82,98,6,2,3,0,0,0,1,47,37748,6,7,0,0,3,0,72,152,0,0,0,0,0,0,0,0,0,0,0,0,0,0,1,2,45,1,1,2,1,0,0,1,12,1,1,4,6,1,0
47,470329,1,2,1,28,5,8,51,12,1,1,0,47,1,37,705,37705,80,1985,JH2PC1306FM1,J,H,2,P,C,1,3,0,6,F,M,1,0,M,HOND,V5C,RC,85,17,,,,,,,500,,4,,4,397,,,,,,,0,0,000000000,00000000000,0,0,0,1,0,0,0,0,0,0,0,998,0,0,0,6,98,6,2,12,0,0,0,1,47,37086,6,1,0,0,3,1,69,185,0,0,0,0,0,0,0,0,0,0,27,0,0,0,5,2,40,1,1,2,1,0,0,6,10,6,1,2,25,1,0
47,470329,2,2,1,28,5,8,51,12,1,1,0,47,2,49,32,49032,4,2001,1NXBR12EX1Z5,1,N,X,B,R,1,2,E,X,1,Z,5,0,P,TOYT,UCS,4D,1,17,2410,,0,970,,G,,F,4,109,,,14R175,,,,,,0,0,000000000,00000000000,0,0,0,1,0,0,0,0,0,0,0,998,0,0,0,12,12,4,3,12,0,0,0,1,47,37086,6,1,0,0,3,0,60,105,0,0,0,0,0,0,0,0,0,0,0,0,0,0,5,2,40,1,1,2,1,0,0,1,60,1,1,1,24,0,0
47,470330,1,1,2,18,5,19,22,42,0,1,0,47,2,20,16,20016,4,2004,1G1JC52F3473,1,G,1,J,C,5,2,F,3,4,7,3,0,P,CHEV,CAV,4D,4,17,2676,,0,1041,,G,,F,4,134,,,14R195,,,,,,0,0,000000000,00000000000,0,0,0,1,0,0,0,0,0,0,0,998,0,0,0,9,9,6,2,42,0,0,0,1,47,37416,6,1,6,0,3,1,67,145,0,0,0,0,0,0,0,0,0,0,58,0,0,0,1,2,30,1,2,2,1,0,0,1,87,8,4,4,8,1,0
47,470331,1,1,1,21,5,3,40,35,0,1,0,40,1,22,18,22018,2,1998,1G2NW12M1WC7,1,G,2,N,W,1,2,M,1,W,C,7,0,P,PONT,GAG,CP,98,17,2945,,0,1034,,G,,F,6,191,,,16R205,,,,,,0,0,000000000,00000000000,0,0,0,1,0,0,0,0,0,0,0,59,0,1,5,62,98,6,2,1,0,0,0,1,47,37415,2,1,0,0,2,0,71,185,0,2,2,0,1,1,2009,1,2009,1,99,99,99,99,1,2,40,3,6,2,1,0,0,14,6,9,3,4,2,1,1
47,470332,1,1,1,26,5,17,44,1,0,1,0,47,1,37,31,37031,4,2000,2HGEJ6615YH5,2,H,G,E,J,6,6,1,5,Y,H,5,0,P,HOND,UCE,4D,0,17,2388,,0,1032,,G,,F,4,097,,,14R185,,,,,,0,0,000000000,00000000000,0,0,0,1,0,0,0,0,0,0,0,998,0,2,5,0,98,6,2,42,0,0,0,1,47,37865,6,1,0,0,3,0,65,165,0,0,0,0,0,0,0,0,0,1,0,0,0,0,1,2,45,3,1,2,2,0,0,14,5,1,3,4,2,1,0
47,470333,1,1,1,16,6,4,42,1,0,1,0,93,3,84,881,84881,66,1996,2HSFHAER2TC0,2,H,S,F,H,A,E,R,2,T,C,0,1,T,INTL,940,TR,96,17,,8,2340,1600,90S,D,,,6,855,,,,,00000,00,,64,1,57,00022078,5700022078,3,6,2,1,0,0,0,0,0,0,0,998,0,1,5,0,98,6,2,1,0,0,0,1,28,38834,6,1,6,0,3,0,70,180,0,0,0,0,0,0,0,0,0,0,0,0,0,0,1,2,45,3,5,2,1,0,0,14,13,1,1,4,1,1,0
47,470334,1,2,4,29,6,16,6,12,6,1,0,47,2,34,34,34034,4,1999,WBAAM5332XFR,W,B,A,A,M,5,3,3,2,X,F,R,0,P,BMW,8IA,4D,99,17,3197,,0,1073,,G,,F,6,170,,,15R205,,,,,,0,0,000000000,00000000000,0,0,0,1,0,0,0,0,0,0,0,998,0,0,0,9,98,6,2,12,0,0,0,1,47,38474,6,2,0,0,3,2,75,205,0,0,0,0,0,0,0,0,0,0,38,74,0,0,2,2,25,1,6,2,1,20,3,1,17,1,1,1,89,2,0
47,470334,2,2,1,29,6,16,6,12,6,1,0,17,3,82,881,82881,66,2009,1FUJA6CKX9DA,1,F,U,J,A,6,C,K,X,9,D,A,1,T,FRHT,COL,TR,9,17,,8,0,0,CON,D,,,6,855,,,,,00000,00,,64,1,57,105790,57105790,3,6,3,1,0,0,0,0,0,0,0,998,0,0,0,12,12,4,3,12,0,0,0,1,13,39827,6,1,6,0,3,0,70,211,98,0,0,0,0,0,0,0,0,0,92,0,0,0,2,2,55,1,6,2,1,4,3,1,66,6,1,1,88,0,0
47,470335,1,1,1,31,5,21,42,49,0,1,1,47,1,20,481,20481,31,1984,1GCDC14H7ES1,1,G,C,D,C,1,4,H,7,E,S,1,0,T,CHEV,C10,PK,84,17,,1,1315,1175,C10,G,,,8,305,,,,B,3314,08,,42,0,0,000000000,00000000000,0,0,0,1,0,0,0,0,0,0,0,998,0,0,0,12,12,6,2,49,0,0,0,1,47,38313,2,1,0,0,2,2,72,220,0,0,0,0,0,0,0,0,0,1,74,83,92,0,1,2,45,1,6,2,1,0,0,1,83,1,1,1,13,0,1
47,470336,1,1,1,1,6,11,48,34,0,1,0,21,2,21,17,21017,4,1992,1G3AL54N9N63,1,G,3,A,L,5,4,N,9,N,6,3,0,P,OLDS,SCI,4D,92,17,2662,,0,1049,,G,,F,6,204,,,14R185,,,,,,0,0,000000000,00000000000,0,0,0,1,0,0,0,0,0,0,0,998,0,1,6,12,0,6,2,2,0,0,1,1,47,37036,6,1,0,0,3,0,68,196,0,0,0,0,0,0,0,0,0,0,0,0,0,0,1,2,55,2,5,2,1,40,3,14,12,3,1,4,6,1,0
47,470337,1,2,1,27,5,11,34,12,7,1,0,4,1,12,471,12471,30,2005,1FTYR14UX5PA,1,F,T,Y,R,1,4,U,X,5,P,A,0,T,FORD,RNS,PC,5,17,,1,0,1257,RNG,G,,,6,182,,,,B,3179,00,U,42,0,0,000000000,00000000000,0,0,0,1,0,0,0,0,0,0,0,998,0,0,0,1,98,6,2,8,0,0,0,1,47,38018,6,1,0,0,3,0,73,190,0,0,0,0,0,0,0,0,0,0,35,0,0,0,1,2,30,2,6,2,1,0,0,6,11,1,1,2,46,0,0
47,470337,2,2,1,27,5,11,34,12,7,1,0,47,2,12,401,12401,14,2002,1FMZU74E22UB,1,F,M,Z,U,7,4,E,2,2,U,B,0,P,FORD,EPR,UT,2,17,4388,,0,1137,,G,,F,6,245,,,16R245,,,,,,0,0,000000000,00000000000,0,0,0,1,0,0,0,0,0,0,0,998,0,0,0,11,11,4,1,12,0,0,0,1,47,38016,6,1,0,0,3,0,63,145,0,0,0,0,0,0,0,0,0,0,0,0,0,0,1,2,30,2,6,2,1,0,0,14,61,1,1,1,45,0,0
47,470338,1,1,3,2,6,20,0,34,0,1,0,47,1,2,403,2403,14,1992,2J4FY29SXNJ5,2,J,4,F,Y,2,9,S,X,N,J,5,0,T,JEEP,W/Y,2W,92,17,,1,0,934,W/Y,G,,,6,242,,,,,3080,01,A,44,0,0,000000000,00000000000,0,0,0,1,0,0,0,0,0,0,0,998,0,1,5,1,98,6,2,1,0,0,0,1,47,38053,6,1,0,0,3,0,65,120,0,0,0,0,0,0,0,0,0,0,36,92,0,0,1,2,55,3,1,4,1,0,0,14,12,1,1,4,6,1,1
47,470339,1,1,3,4,6,2,45,34,0,1,0,47,1,2,404,2404,14,1988,1JCMT7891JT0,1,J,C,M,T,7,8,9,1,J,T,0,0,T,JEEP,LIM,4W,88,17,,1,0,1010,CHK,G,,,6,242,,,,,2924,01,A,44,0,0,000000000,00000000000,0,0,0,1,0,0,0,0,0,0,0,998,0,1,5,1,98,6,2,1,0,0,0,1,47,37762,6,1,0,0,3,1,74,225,0,1,1,0,0,9,2008,9,2008,0,28,0,0,0,1,2,99,3,6,4,1,0,0,14,13,1,1,4,1,1,1
47,470340,1,1,2,4,6,18,50,52,0,1,0,47,1,20,481,20481,31,1966,C1546S209789,C,1,5,4,6,S,2,0,9,7,8,9,0,T,CHEV,C10,PK,66,17,,1,1270,1150,C10,G,,,,,,,,,,,,42,0,0,000000000,00000000000,0,0,0,1,0,0,0,0,0,0,0,998,0,1,5,9,98,6,2,2,0,0,1,1,47,37187,6,1,6,0,3,0,74,165,0,0,0,3,0,1,2009,7,2009,0,36,0,0,0,1,2,55,1,6,2,1,0,0,1,13,3,2,4,2,2,1
47,470341,1,1,1,26,5,5,47,42,0,1,0,47,1,63,402,63402,14,2011,5XYKT3A19BG0,5,X,Y,K,T,3,A,1,9,B,G,0,0,P,KIA,SOR,UT,11,17,3763,,0,1063,,G,,F,4,144,,,17R235,,,,,,0,0,000000000,00000000000,0,0,0,1,0,0,0,0,0,0,0,998,0,0,0,12,12,6,2,42,0,0,0,1,47,37841,6,1,0,0,3,0,64,165,0,0,0,0,0,0,0,0,0,0,99,99,99,99,1,2,35,1,1,2,1,0,0,1,12,1,1,4,6,1,0
47,470342,1,1,1,4,6,99,99,42,0,1,0,47,1,20,2,20002,4,2007,2G1WB58K7793,2,G,1,W,B,5,8,K,7,7,9,3,0,P,CHEV,IPL,4D,7,17,3674,,0,1105,,F,,F,6,214,,,16R225,,,,,,0,0,000000000,00000000000,0,0,0,1,0,0,0,0,0,0,0,998,0,1,5,9,98,6,2,42,0,0,0,1,47,38068,6,1,0,0,3,0,67,175,0,0,0,0,1,3,2011,3,2011,1,28,0,0,0,1,2,50,3,2,2,1,0,0,14,13,9,3,4,2,1,1
47,470343,1,1,1,28,5,18,20,7,0,1,0,28,1,72,706,72706,80,2010,1HD1GP418AC3,1,H,D,1,G,P,4,1,8,A,C,3,0,M,HD,FWG,RS,10,17,,,,,,,1584,,2,,4,665,,,,,,,0,0,000000000,00000000000,0,0,0,1,0,0,0,0,0,0,0,998,0,0,0,0,98,6,2,33,0,0,0,1,28,38654,6,1,0,0,3,0,70,185,0,0,0,0,0,0,0,0,0,1,0,0,0,0,5,2,40,3,1,2,1,0,0,14,98,6,1,4,0,1,1
47,470345,1,1,1,3,6,4,13,8,0,1,0,47,1,7,482,7482,31,2007,1D7HU18P47J5,1,D,7,H,U,1,8,P,4,7,J,5,0,T,DODG,SQ1,CW,7,17,,2,1605,1405,RPC,F,,,8,287,,,,B,5114,02,E,44,0,0,000000000,00000000000,0,0,0,1,0,0,0,0,0,0,0,998,0,0,0,12,12,2,1,8,0,0,0,1,47,38058,6,1,0,0,3,1,67,170,0,0,0,0,1,2,2009,2,2009,0,0,0,0,0,3,2,40,2,5,2,1,0,0,14,80,1,1,1,13,0,0
47,470346,1,1,1,4,6,20,4,32,0,1,0,47,1,37,705,37705,80,2006,JH2PC35036M7,J,H,2,P,C,3,5,0,3,6,M,7,0,M,HOND,CF4,RC,6,17,,,,,,,599,,4,,4,370,,,,,,,0,0,000000000,00000000000,0,0,0,1,0,0,0,0,0,0,0,998,0,0,0,12,98,6,2,32,0,0,0,1,47,37341,6,1,0,0,3,0,73,210,0,0,0,0,0,0,0,0,0,0,0,0,0,0,2,4,55,2,6,2,1,0,0,14,12,1,1,4,6,1,1
47,470347,1,1,1,29,5,9,52,30,0,1,0,47,1,49,40,49040,4,1995,4T1SK12E0SU5,4,T,1,S,K,1,2,E,0,S,U,5,0,P,TOYT,CLE,4D,95,17,3086,,0,1031,,G,,F,4,132,,,14R195,,,,,,0,0,000000000,00000000000,0,0,0,1,0,0,0,0,0,0,0,998,0,0,0,9,98,6,2,30,0,0,0,1,47,37306,6,1,0,0,3,0,68,148,0,0,0,0,0,0,0,0,0,1,0,0,0,0,1,2,45,1,1,2,1,0,0,1,13,1,1,4,1,1,0
47,470348,1,1,1,5,6,2,15,42,0,1,0,47,2,20,9,20009,3,1998,2G1FP22K1W21,2,G,1,F,P,2,2,K,1,W,2,1,0,P,CHEV,CAM,CP,98,17,3331,,0,1011,,G,,F,6,231,,,16R215,,,,,,0,0,000000000,00000000000,0,0,0,1,0,0,0,0,0,0,0,998,0,1,5,12,98,6,2,42,0,0,0,1,47,38551,2,1,2,0,2,0,73,135,1,1,1,0,0,4,2011,5,2011,1,92,0,0,0,1,2,55,2,1,2,1,0,0,14,6,1,1,4,6,1,0
47,470349,1,1,1,6,6,99,99,42,0,1,0,47,1,37,705,37705,80,2001,JH2PC21371M2,J,H,2,P,C,2,1,3,7,1,M,2,0,M,HOND,VCD,RS,1,17,,,,,,,583,,2,,4,445,,,,,,,0,0,000000000,00000000000,0,0,0,1,0,0,0,0,0,0,0,998,0,0,0,12,12,2,3,42,0,0,0,1,47,37150,6,1,0,0,3,0,71,155,0,0,0,0,0,0,0,0,0,1,0,0,0,0,1,2,45,2,2,2,1,0,0,14,6,1,1,4,6,1,0
47,470350,1,2,1,13,7,8,53,12,6,1,0,93,3,87,881,87881,66,2007,1NP5DBTXX7N6,1,N,P,5,D,B,T,X,X,7,N,6,1,T,PTRB,379,TR,7,17,,8,0,0,CON,D,,,6,893,,,,,00000,00,,64,1,57,00329922,5700329922,3,6,3,1,0,0,0,0,0,0,0,998,0,0,0,11,11,4,1,12,0,0,0,1,47,37166,6,1,6,0,3,0,72,270,0,0,0,0,0,0,0,0,0,0,48,92,0,0,2,2,55,1,5,2,1,0,0,12,19,1,1,2,98,0,0
47,470350,2,2,1,13,7,8,53,12,6,1,0,47,1,76,705,76705,80,1993,JYA3JCE03PA0,J,Y,A,3,J,C,E,0,3,P,A,0,0,M,YAMA,X35,RS,93,17,,,,,,,535,,2,,4,401,,,,,,,0,0,000000000,00000000000,0,0,0,1,0,0,0,0,0,0,0,998,0,0,0,12,98,6,2,12,0,0,0,1,47,37086,6,1,0,0,3,2,73,180,0,0,0,1,0,11,2010,11,2010,0,74,0,0,0,2,2,55,1,5,2,1,0,0,6,55,1,1,1,98,1,0
47,470351,1,1,1,28,5,11,25,42,0,1,0,47,1,12,471,12471,30,2002,1FTYR10U22PB,1,F,T,Y,R,1,0,U,2,2,P,B,0,T,FORD,RNG,PK,2,17,,1,1175,1116,RNG,G,,,6,182,,,,B,3085,03,E,42,0,0,000000000,00000000000,0,0,0,1,0,0,0,0,0,0,0,998,0,0,0,12,98,4,3,42,0,0,0,1,47,37128,6,1,0,0,3,0,72,175,0,0,0,0,0,0,0,0,0,0,0,0,0,0,1,2,30,3,1,2,1,0,0,14,13,1,1,4,1,1,0
47,470352,1,1,1,6,6,12,27,53,0,1,0,47,1,51,39,51039,4,1987,YV1FX884XH11,Y,V,1,F,X,8,8,4,X,H,1,1,0,P,VOLV,74G,4D,87,17,2942,,0,1091,,G,,F,4,141,,,14R185,,,,,,0,0,000000000,00000000000,0,0,0,1,0,0,0,0,0,0,0,998,0,0,0,12,98,6,2,53,0,0,0,1,47,37110,6,1,0,0,3,1,72,160,0,0,0,0,0,0,0,0,0,0,99,99,99,99,5,2,45,1,1,2,1,0,0,1,13,1,1,4,1,1,0
47,470353,1,2,1,8,6,12,52,12,1,1,0,47,2,37,706,37706,80,2006,JH2SC57006M2,J,H,2,S,C,5,7,0,0,6,M,2,0,M,HOND,CBS,RC,6,17,,,,,,,998,,4,,4,388,,,,,,,0,0,000000000,00000000000,0,0,0,1,0,0,0,0,0,0,0,100,0,0,0,12,98,6,2,12,0,0,1,1,47,37801,6,1,0,0,2,0,73,225,1,0,0,0,0,7,2009,7,2009,1,36,0,0,0,1,2,45,1,1,2,1,0,0,2,6,3,2,1,32,1,0
47,470353,2,2,1,8,6,12,52,12,1,1,0,47,2,20,471,20471,30,1998,1GCCS1442WK2,1,G,C,C,S,1,4,4,2,W,K,2,0,T,CHEV,S14,PK,98,17,,1,1179,1083,S,G,,,4,133,,,,B,3003,00,,42,0,0,000000000,00000000000,0,0,0,1,0,0,0,0,0,0,0,998,0,0,0,6,98,6,2,12,0,0,0,1,47,37801,6,1,0,0,3,0,71,165,0,0,0,3,0,2,2009,12,2010,0,0,0,0,0,1,2,45,1,1,2,1,0,0,1,53,1,1,1,32,0,0
47,470354,1,2,1,8,6,21,48,12,6,1,0,47,1,37,706,37706,80,2004,JH2RC50094K0,J,H,2,R,C,5,0,0,9,4,K,0,0,M,HOND,T7C,RS,4,17,,,,,,,750,,2,,4,505,,,,,,,0,0,000000000,00000000000,0,0,0,1,0,0,0,0,0,0,0,998,0,0,0,12,12,6,2,12,0,0,0,1,47,37179,6,1,0,0,2,0,71,215,0,0,0,0,0,0,0,0,0,0,0,0,0,0,5,2,45,1,1,2,1,0,0,1,62,1,1,1,69,1,0
47,470354,2,2,1,8,6,21,48,12,6,1,0,47,1,20,443,20443,20,2005,1GNDV23E05D1,1,G,N,D,V,2,3,E,0,5,D,1,0,P,CHEV,VTR,SV,5,17,3838,,0,1200,,G,,F,6,207,,,000000,,,,,,0,0,000000000,00000000000,0,0,0,1,0,0,0,0,0,0,0,998,0,0,0,1,98,6,2,12,0,0,0,1,47,37174,6,1,0,0,3,1,66,175,0,0,0,0,0,0,0,0,0,0,38,0,0,0,5,2,45,1,1,2,1,0,0,11,15,1,1,1,68,0,0
47,470355,1,1,1,13,5,4,0,18,0,1,0,47,2,99,709,99709,88,2010,L5NTCBPA3A18,L,5,N,T,C,B,P,A,3,A,1,8,0,U,,,,10,17,,,,,,,,,,,,,,,,,,,0,0,000000000,00000000000,0,0,0,1,0,0,0,0,0,0,0,998,0,0,0,12,98,4,3,18,0,0,0,1,47,37207,0,0,0,0,0,0,71,275,0,0,0,0,0,0,0,0,0,1,99,99,99,99,1,2,45,1,2,2,1,0,0,1,90,1,1,1,12,1,0
47,470356,1,1,1,22,5,2,48,24,0,1,0,47,1,35,48,35048,2,2003,JN1AZ34E93T0,J,N,1,A,Z,3,4,E,9,3,T,0,0,P,NISS,3ZC,CP,3,17,3062,,0,1083,,G,,F,6,214,,,17R225,,,,,,0,0,000000000,00000000000,0,0,0,1,0,0,0,0,0,0,0,998,0,1,5,12,98,6,2,59,0,0,1,1,47,37075,6,1,0,0,3,0,70,185,0,0,0,0,0,0,0,0,0,1,0,0,0,0,3,4,55,1,2,2,1,0,0,15,6,1,2,4,2,1,1
47,470357,1,1,1,12,3,22,56,42,0,1,0,47,1,20,471,20471,30,2003,1GCCS19H5381,1,G,C,C,S,1,9,H,5,3,8,1,0,T,CHEV,S14,3C,3,17,,1,0,1229,S,G,,,4,133,,,,B,3198,00,,42,0,0,000000000,00000000000,0,0,0,1,0,0,0,0,0,0,0,89,0,0,0,12,98,6,2,42,0,0,0,1,47,37080,6,1,0,0,3,0,66,160,0,0,0,2,0,5,2010,2,2011,1,28,58,0,0,2,2,70,1,2,2,1,0,0,1,6,9,3,4,2,1,1
47,470358,1,1,1,29,5,99,99,38,0,1,0,47,2,41,50,41050,4,2004,1YVFP80D245N,1,Y,V,F,P,8,0,D,2,4,5,N,0,P,MAZD,M6S,4D,4,17,3241,,0,1053,,G,,F,6,181,,,17R215,,,,,,0,0,000000000,00000000000,0,0,0,1,0,0,0,0,0,0,0,998,0,1,5,12,98,6,2,1,0,0,0,1,47,37072,6,1,0,0,3,0,72,165,0,1,0,1,0,9,2010,11,2010,0,0,0,0,0,1,2,40,1,2,2,1,0,0,1,13,1,1,4,1,1,1
47,470359,1,2,1,3,6,11,44,12,6,1,0,47,1,12,17,12017,4,1997,1FALP52U8VA2,1,F,A,L,P,5,2,U,8,V,A,2,0,P,FORD,TAG,4D,97,17,3329,,0,1085,,G,,F,6,182,,,15R205,,,,,,0,0,000000000,00000000000,0,0,0,1,0,0,0,0,0,0,0,998,0,0,0,12,98,6,2,12,0,0,0,1,47,37083,6,1,0,0,3,0,64,160,0,0,0,0,0,0,0,0,0,1,28,0,0,0,5,2,35,1,1,2,1,0,0,1,13,1,1,6,98,1,0
47,470359,2,2,2,3,6,11,44,12,6,1,0,47,1,13,1,13001,4,1993,1LNLM81W0PY7,1,L,N,L,M,8,1,W,0,P,Y,7,0,P,LINC,EXC,4D,93,17,4024,,0,1174,,G,,F,8,281,,,15R215,,,,,,0,0,000000000,00000000000,0,0,0,1,0,0,0,0,0,0,0,0,0,0,0,1,98,6,2,12,0,0,0,1,47,37083,6,1,0,0,3,0,67,275,1,0,0,0,0,8,2008,8,2008,0,0,0,0,0,5,2,35,1,1,2,1,0,0,8,64,1,1,1,98,1,0
47,470360,1,2,2,10,6,12,25,12,6,1,0,47,1,12,481,12481,31,2001,1FTRW07W31KD,1,F,T,R,W,0,7,W,3,1,K,D,0,T,FORD,F1S,CW,1,17,,2,0,1385,COF,G,,,8,281,,,,B,4581,01,E,42,0,0,000000000,00000000000,0,0,0,1,0,0,0,0,0,0,0,998,0,0,0,11,98,6,2,12,0,0,0,1,47,37355,6,1,0,0,3,0,72,210,0,0,0,0,0,0,0,0,0,0,38,0,0,0,1,2,45,1,5,2,1,0,0,11,15,1,1,1,68,0,0
47,470360,2,2,1,10,6,12,25,12,6,1,0,47,1,12,37,12037,4,2007,1FAFP34N57W1,1,F,A,F,P,3,4,N,5,7,W,1,0,P,FORD,FMS,4D,7,17,2636,,0,1029,,G,,F,4,122,,,15R195,,,,,,0,0,000000000,00000000000,0,0,0,1,0,0,0,0,0,0,0,998,0,0,0,12,98,6,2,12,0,0,0,1,47,37339,6,1,0,0,3,0,75,175,4,0,0,0,0,8,2009,1,2010,0,0,0,0,0,1,2,45,1,6,2,1,0,0,1,62,9,1,1,69,1,0