STATE,ST_CASE,VEH_NO,VE_FORMS,NUMOCCS,DAY,MONTH,HOUR,MINUTE,HARM_EV,MAN_COLL,UNITTYPE,HIT_RUN,REG_STAT,OWNER,MAKE,MODEL,MAK_MOD,BODY_TYP,MOD_YEAR,VIN,VIN_1,VIN_2,VIN_3,VIN_4,VIN_5,VIN_6,VIN_7,VIN_8,VIN_9,VIN_10,VIN_11,VIN_12,TOW_VEH,VINTYPE,VINMAKE,VINA_MOD,VIN_BT,VINMODYR,VIN_LNGT,VIN_WGT,WGTCD_TR,WHLBS_LG,WHLBS_SH,SER_TR,FUELCODE,MCYCL_DS,CARBUR,CYLINDER,DISPLACE,MCYCL_CY,MCYCL_WT,TIRE_SZE,TON_RAT,TRK_WT,TRKWTVAR,VIN_REST,WHLDRWHL,J_KNIFE,MCARR_I1,MCARR_I2,MCARR_ID,GVWR,V_CONFIG,CARGO_BT,HAZ_INV,HAZ_PLAC,HAZ_ID,HAZ_CNO,HAZ_REL,BUS_USE,SPEC_USE,EMER_USE,TRAV_SP,UNDERIDE,ROLLOVER,ROLINLOC,IMPACT1,IMPACT2,DEFORMED,TOWED,M_HARM,VEH_SC1,VEH_SC2,FIRE_EXP,DR_PRES,L_STATE,DR_ZIP,L_STATUS,L_TYPE,CDL_STAT,L_ENDORS,L_COMPL,L_RESTRI,DR_HGT,DR_WGT,PREV_ACC,PREV_SUS,PREV_DWI,PREV_SPD,PREV_OTH,FIRST_MO,FIRST_YR,LAST_MO,LAST_YR,SPEEDREL,DR_SF1,DR_SF2,DR_SF3,DR_SF4,VTRAFWAY,VNUM_LAN,VSPD_LIM,VALIGN,VPROFILE,VPAVETYP,VSURCOND,VTRAFCON,VTCONT_F,P_CRASH1,P_CRASH2,P_CRASH3,PCRASH4,PCRASH5,ACC_TYPE,DEATHS,DR_DRINK
47,470394,1,1,1,25,6,6,10,59,0,1,0,1,1,72,706,72706,80,2008,1HD1JL5428Y0,1,H,D,1,J,L,5,4,2,8,Y,0,0,M,HD,XCA,RS,8,17,,,,,,,1584,,2,,4,703,,,,,,,0,0,000000000,00000000000,0,0,0,1,0,0,0,0,0,0,0,998,0,0,0,12,12,6,2,59,0,0,0,1,1,35650,6,1,0,0,3,0,70,230,0,0,0,0,0,0,0,0,0,0,99,99,99,99,6,1,35,3,1,2,1,0,0,14,12,1,1,4,6,1,0
47,470395,1,1,3,25,6,23,0,8,0,1,0,47,2,20,431,20431,16,2003,3GNEC16Z13G3,3,G,N,E,C,1,6,Z,1,3,G,3,0,P,CHEV,C15,UT,3,17,4914,,0,1300,,F,,F,8,325,,,16R265,,,,,,0,0,000000000,00000000000,0,0,0,1,0,0,0,0,0,0,0,998,0,0,0,12,12,6,2,8,0,0,0,1,47,38571,6,1,0,0,3,0,70,230,0,0,0,0,0,0,0,0,0,0,0,0,0,0,3,4,70,1,1,2,1,0,0,1,80,1,1,1,13,0,0
47,470396,1,1,1,26,6,12,4,44,0,1,0,92,0,76,733,76733,90,1988,JY42XKW05JC0,J,Y,4,2,X,K,W,0,5,J,C,0,0,M,YAMA,YF3,AT,88,17,,,,,,,348,,1,,4,390,,,,,,,0,0,000000000,00000000000,0,0,0,1,0,0,0,0,0,0,0,998,0,0,0,0,98,6,2,19,0,0,0,1,47,37160,6,1,0,0,3,0,68,160,0,0,0,0,0,0,0,0,0,0,18,36,58,0,1,2,30,3,6,2,1,0,0,14,98,1,1,1,0,1,0
47,470397,1,2,3,26,6,23,23,12,2,1,0,47,2,14,17,14017,4,1994,1MELM5049RA6,1,M,E,L,M,5,0,4,9,R,A,6,0,P,MERC,SGS,4D,94,17,3126,,0,1060,,G,,F,6,232,,,15R205,,,,,,0,0,000000000,00000000000,0,0,0,1,0,0,0,0,0,0,0,998,0,0,0,12,12,6,2,12,0,0,0,1,22,71037,6,1,0,0,3,1,71,189,0,1,0,0,0,2,2009,2,2009,0,0,0,0,0,2,2,55,1,1,2,1,0,0,1,54,1,1,1,51,2,0
47,470397,2,2,1,26,6,23,23,12,2,1,0,47,2,49,40,49040,4,2001,JT2BG22K8106,J,T,2,B,G,2,2,K,8,1,0,6,0,P,TOYT,CXL,4D,1,17,3120,,0,1051,,G,,F,4,132,,,15R205,,,,,,0,0,000000000,00000000000,0,0,0,1,0,0,0,0,0,0,0,998,0,0,0,12,12,6,2,12,0,0,0,1,47,37355,6,1,0,0,3,0,56,100,0,0,0,0,0,0,0,0,0,0,51,0,0,0,2,2,55,1,1,2,1,0,0,1,54,1,1,1,50,0,0
47,470398,1,1,1,26,6,21,55,53,0,1,0,47,1,24,1,24001,4,1992,1G8ZH5494NZ1,1,G,8,Z,H,5,4,9,4,N,Z,1,0,P,STRN,SL1,4D,92,17,2343,,0,1024,,G,,F,4,116,,,14R175,,,,,,0,0,000000000,00000000000,0,0,0,1,0,0,0,0,0,0,0,998,0,1,1,11,98,6,2,1,0,0,0,1,47,37731,6,1,0,0,3,3,68,126,0,0,0,0,0,0,0,0,0,0,58,0,0,0,1,2,40,1,2,2,1,0,0,1,8,6,1,4,1,1,1
47,470399,1,2,1,29,6,15,29,12,1,1,0,47,1,35,39,35039,4,2004,1N4BA41E94C8,1,N,4,B,A,4,1,E,9,4,C,8,0,P,NISS,MEL,4D,4,17,3310,,0,1112,,G,,F,6,214,,,17R225,,,,,,0,0,000000000,00000000000,0,0,0,1,0,0,0,0,0,0,0,998,0,0,0,12,98,6,2,31,0,0,0,1,47,38116,6,1,0,0,3,0,65,154,0,0,0,0,0,0,0,0,0,0,27,0,0,0,3,4,65,1,2,2,1,0,0,15,10,1,1,2,24,1,0
47,470399,2,2,2,29,6,15,29,12,1,1,0,47,1,23,422,23422,15,2005,1GKEC16Z55J2,1,G,K,E,C,1,6,Z,5,5,J,2,0,T,GMC,CX1,4W,5,17,,2,0,1300,YUK,F,,,8,325,,,,B,5268,00,4,42,0,0,000000000,00000000000,0,0,0,1,0,0,0,0,0,0,0,998,0,0,0,6,98,4,3,12,0,0,0,1,47,38135,6,1,6,0,3,0,71,190,0,0,0,0,0,0,0,0,0,0,0,0,0,0,3,4,65,1,2,2,1,0,0,15,60,1,1,2,25,0,0
47,470400,1,2,1,20,6,15,27,12,2,1,0,47,1,35,50,35050,4,2008,3N1BC11E08L4,3,N,1,B,C,1,1,E,0,8,L,4,0,P,NISS,VSL,4D,8,17,2627,,0,1024,,G,,F,4,110,,,15R185,,,,,,0,0,000000000,00000000000,0,0,0,1,0,0,0,0,0,0,0,998,0,0,0,12,98,6,2,12,0,0,0,1,47,37854,6,1,0,0,3,0,66,170,0,0,0,0,0,0,0,0,0,0,0,0,0,0,1,4,40,1,1,2,1,0,0,1,62,1,1,1,51,1,0
47,470400,2,2,1,20,6,15,27,12,2,1,0,47,2,12,17,12017,4,2003,1FAFP55U83A2,1,F,A,F,P,5,5,U,8,3,A,2,0,P,FORD,TSS,4D,3,17,3329,,0,1085,,G,,F,6,182,,,16R215,,,,,,0,0,000000000,00000000000,0,0,0,1,0,0,0,0,0,0,0,998,0,0,0,12,12,6,2,12,0,0,0,1,47,37854,6,1,0,0,3,2,71,150,0,0,0,0,0,0,0,0,0,0,51,74,0,0,1,4,40,2,6,2,1,0,0,14,10,1,1,2,50,0,0
47,470401,1,2,1,30,6,15,33,12,8,1,0,47,1,12,481,12481,31,2001,3FTNF21L61MA,3,F,T,N,F,2,1,L,6,1,M,A,0,T,FORD,F2S,PK,1,17,,2,0,1370,SRW,G,,,8,330,,,,C,5439,07,U,44,0,0,000000000,00000000000,0,0,0,1,0,0,0,0,0,0,0,998,0,1,5,11,98,6,2,1,0,0,0,1,47,37876,6,1,0,0,3,0,72,210,1,0,0,1,0,9,2008,1,2010,0,28,0,0,0,1,2,45,1,2,2,1,0,0,1,10,1,1,2,64,1,0
47,470401,2,2,3,30,6,15,33,12,8,1,0,47,1,12,481,12481,31,2010,1FTFX1CV0AKE,1,F,T,F,X,1,C,V,0,A,K,E,0,T,FORD,F15,4C,10,17,,2,1630,1330,COF,F,,,8,329,,,,B,5137,00,7,42,0,0,000000000,00000000000,0,0,0,1,0,0,0,0,0,0,0,998,0,0,0,11,11,2,1,12,0,0,0,1,47,37865,6,1,0,0,3,0,61,100,0,0,0,0,0,0,0,0,0,0,0,0,0,0,1,2,45,1,2,2,1,0,0,1,62,1,1,2,65,0,0
47,470402,1,1,1,30,6,22,24,19,0,1,0,47,1,35,472,35472,30,2001,1N6ED27Y21C3,1,N,6,E,D,2,7,Y,2,1,C,3,0,T,NISS,XSC,CW,1,17,,1,0,1161,FRT,G,,,6,201,,,,B,3947,02,U,44,0,0,000000000,00000000000,0,0,0,1,0,0,0,0,0,0,0,998,0,0,0,11,98,6,2,19,0,0,0,1,47,38351,6,1,0,0,3,0,71,150,0,0,0,0,0,0,0,0,0,0,28,0,0,0,1,2,55,2,1,2,1,0,0,14,12,1,1,4,6,1,1
47,470403,1,2,1,27,6,17,30,12,6,1,0,47,1,12,461,12461,21,2008,1FTNE24L08DA,1,F,T,N,E,2,4,L,0,8,D,A,0,T,FORD,25V,CG,8,17,,2,0,1380,VAN,G,,,8,330,,,,C,00000,00,E,42,0,0,000000000,00000000000,0,0,0,1,0,0,0,0,0,0,0,998,0,0,0,12,98,6,2,12,0,0,0,1,47,37150,6,1,0,0,3,3,78,235,0,0,0,1,0,6,2010,6,2010,0,0,0,0,0,1,2,55,1,1,2,1,0,0,1,68,1,1,1,69,0,0
47,470403,2,2,1,27,6,17,30,12,6,1,0,47,1,20,2,20002,4,1985,1G1BN69H1FY2,1,G,1,B,N,6,9,H,1,F,Y,2,0,P,CHEV,CCL,4D,85,17,3389,,0,1160,,G,,4,8,305,,,15R205,,,,,,0,0,000000000,00000000000,0,0,0,1,0,0,0,0,0,0,0,998,0,0,0,9,98,6,2,12,0,0,0,1,47,37074,1,1,0,0,2,0,70,165,0,6,0,1,0,4,2010,12,2010,0,38,39,92,0,1,2,55,1,1,2,1,20,3,98,17,1,1,2,68,1,0
47,470404,1,1,1,28,6,20,50,1,0,1,0,0,0,99,999,99999,99,1984,LLBATN4W260A,L,L,B,A,T,N,4,W,2,6,0,A,0,U,,,,84,17,,,,,,,,,,,,,,,,,,,0,0,000000000,00000000000,0,0,0,1,0,0,0,0,0,0,0,998,0,2,5,0,11,6,2,42,0,0,0,1,47,38332,2,1,0,0,1,0,70,175,0,0,0,0,0,0,0,0,0,0,41,0,0,0,1,2,55,3,1,2,1,0,0,14,12,1,1,4,6,1,1
47,470405,1,1,1,23,6,6,3,53,0,1,0,47,2,22,20,22020,4,1996,1G2WJ52M4TF2,1,G,2,W,J,5,2,M,4,T,F,2,0,P,PONT,GFS,4D,96,17,3234,,0,1075,,G,,F,6,191,,,15R205,,,,,,0,0,000000000,00000000000,0,0,0,1,0,0,0,0,0,0,0,998,0,1,5,12,98,6,2,34,0,0,0,1,47,37722,6,1,0,0,3,0,72,210,0,0,0,0,1,7,2008,7,2008,0,0,0,0,0,1,2,35,3,6,2,2,0,0,14,13,1,1,4,1,1,0
47,470406,1,1,1,14,6,23,25,42,0,1,0,47,1,20,481,20481,31,2000,1GCEC19T8YZ1,1,G,C,E,C,1,9,T,8,Y,Z,1,0,T,CHEV,SC1,3C,0,17,,2,1575,1435,SIL,G,,,8,325,,,,B,4134,03,,42,0,0,000000000,00000000000,0,0,0,1,0,0,0,0,0,0,0,998,0,0,0,11,98,6,2,42,0,0,0,1,47,38389,6,1,0,0,3,0,74,185,1,0,0,0,0,5,2009,5,2009,0,0,0,0,0,1,2,55,1,6,2,1,0,0,1,12,1,1,4,6,1,0
47,470407,1,1,1,27,6,16,43,30,0,1,0,47,1,12,401,12401,14,1997,1FMDU34E8VUC,1,F,M,D,U,3,4,E,8,V,U,C,0,P,FORD,EPR,UT,97,17,4166,,0,1115,,G,,F,6,245,,,15R225,,,,,,0,0,000000000,00000000000,0,0,0,1,0,0,0,0,0,0,0,998,0,1,2,12,12,6,2,30,0,0,0,1,47,37604,6,1,0,0,3,1,67,215,2,0,0,0,1,4,2009,6,2011,0,36,0,0,0,1,3,30,1,1,2,1,0,0,1,13,1,1,4,1,1,0
47,470408,1,2,1,5,6,0,35,12,1,1,1,47,1,20,481,20481,31,2006,3GCEC14XX6G2,3,G,C,E,C,1,4,X,X,6,G,2,0,T,CHEV,SC1,PK,6,17,,2,1330,1190,SIL,G,,,6,262,,,,B,4211,00,,42,0,0,000000000,00000000000,0,0,0,1,0,0,0,0,0,0,0,998,0,0,0,12,12,4,3,12,0,0,0,1,47,38449,6,1,0,0,3,0,73,201,0,0,0,0,0,0,0,0,0,1,36,0,0,0,1,2,35,1,1,2,1,0,0,1,6,1,1,1,24,0,1
47,470408,2,2,1,5,6,0,35,12,1,1,0,47,1,72,706,72706,80,2005,1HD1BWB115Y0,1,H,D,1,B,W,B,1,1,5,Y,0,0,M,HD,FSI,RS,5,17,,,,,,,1450,,2,,4,696,,,,,,,0,0,000000000,00000000000,0,0,0,1,0,0,0,0,0,0,0,998,0,0,0,6,98,6,2,12,0,0,0,1,47,37334,6,1,0,0,3,0,72,301,0,4,0,0,0,7,2008,7,2008,0,0,0,0,0,1,2,35,1,1,2,1,0,0,1,53,1,1,1,25,1,0
47,470409,1,1,1,26,6,3,49,8,0,1,0,47,2,55,38,55038,4,2002,KMHFU45EX2A2,K,M,H,F,U,4,5,E,X,2,A,2,0,P,HYUN,XG5,4D,2,17,3651,,0,1083,,G,,F,6,213,,,16R205,,,,,,0,0,000000000,00000000000,0,0,0,1,0,0,0,0,0,0,0,998,0,0,0,1,98,6,2,8,0,0,0,1,47,37075,3,1,0,0,2,1,65,130,1,0,0,1,1,4,2009,9,2010,0,0,0,0,0,3,2,70,1,1,2,1,0,0,1,80,1,1,1,13,0,0
47,470410,1,2,4,21,6,11,57,12,1,1,0,47,1,7,402,7402,14,1999,1B4HS28Y4XF5,1,B,4,H,S,2,8,Y,4,X,F,5,0,P,DODG,DUR,UT,99,17,4397,,0,1159,,G,,F,8,318,,,15R235,,,,,,0,0,000000000,00000000000,0,0,0,1,0,0,0,0,0,0,0,998,0,0,0,6,98,4,1,12,0,0,0,1,47,37181,2,1,0,0,2,1,66,175,0,0,0,0,0,0,0,0,0,0,0,0,0,0,1,2,55,1,6,2,2,0,0,1,53,1,1,1,25,0,0
47,470410,2,2,1,21,6,11,57,12,1,1,0,47,1,21,22,21022,4,1998,1G3GR62C2W41,1,G,3,G,R,6,2,C,2,W,4,1,0,P,OLDS,AUR,4D,98,17,3967,,0,1138,,G,,F,8,244,,,16R235,,,,,,0,0,000000000,00000000000,0,0,0,1,0,0,0,0,0,0,0,998,0,0,0,12,98,6,2,12,0,0,0,1,47,37051,6,1,0,0,3,1,68,150,1,0,0,0,0,3,2009,3,2009,0,26,28,0,0,1,2,55,1,6,2,2,0,0,1,8,1,1,1,24,1,0
47,470411,1,1,1,1,7,13,0,34,0,1,0,47,2,12,17,12017,4,2006,1FAFP53U46A2,1,F,A,F,P,5,3,U,4,6,A,2,0,P,FORD,TSE,4D,6,17,3307,,0,1085,,G,,F,6,183,,,16R215,,,,,,0,0,000000000,00000000000,0,0,0,1,0,0,0,0,0,0,0,998,0,1,6,12,98,6,2,1,0,0,0,1,47,37355,1,1,0,0,2,0,74,210,0,0,0,0,0,0,0,0,0,1,0,0,0,0,1,2,45,2,1,2,1,0,0,14,6,1,1,4,6,1,1
47,470412,1,1,1,17,7,15,21,24,0,1,0,47,1,73,705,73705,80,2008,JKAZX4P128A0,J,K,A,Z,X,4,P,1,2,8,A,0,0,M,KAWK,ZXP,RC,8,17,,,,,,,599,,4,,4,368,,,,,,,0,0,000000000,00000000000,0,0,0,1,0,0,0,0,0,0,0,998,0,0,0,81,98,6,2,58,0,0,0,1,47,37825,1,1,0,0,2,0,72,208,0,0,0,0,0,0,0,0,0,0,36,92,0,0,1,2,55,3,1,2,1,0,0,14,13,1,1,4,1,1,0
47,470413,1,2,5,29,7,19,9,12,6,1,0,47,1,2,404,2404,14,1999,1J4FF68S3XL5,1,J,4,F,F,6,8,S,3,X,L,5,0,T,JEEP,SPC,4W,99,17,,1,0,1014,CHK,G,,,6,242,,,,,3255,00,E,44,0,0,000000000,00000000000,0,0,0,1,0,0,0,0,0,0,0,998,0,0,0,12,98,6,2,12,0,0,0,1,47,38047,6,1,0,0,3,1,68,158,0,0,0,0,0,0,0,0,0,0,38,0,0,0,1,2,55,1,1,2,1,20,3,1,17,1,1,1,88,1,1
47,470413,2,2,1,29,7,19,9,12,6,1,0,47,3,87,881,87881,66,2007,1XP5DB9X87N6,1,X,P,5,D,B,9,X,8,7,N,6,1,T,PTRB,379,TR,7,17,,8,0,0,CON,D,,,6,893,,,,,00000,00,,64,1,57,02004749,5702004749,3,6,3,1,0,0,0,0,0,0,0,998,0,0,0,11,98,6,2,12,0,0,0,1,51,24258,6,1,6,0,3,0,999,999,0,0,0,0,0,0,0,0,0,0,0,0,0,0,1,2,55,1,1,2,1,0,0,1,66,1,1,1,89,0,0
47,470414,1,2,1,11,8,3,49,12,2,1,0,47,1,35,471,35471,30,1986,1N6ND01S0GC3,1,N,6,N,D,0,1,S,0,G,C,3,0,T,NISS,USS,PK,86,17,,1,1108,1014,720,G,,,4,146,,,,B,2550,01,A,42,0,0,000000000,00000000000,0,0,0,1,0,0,0,0,0,0,0,998,1,0,0,12,98,6,2,12,0,0,1,1,1,35768,6,1,0,0,3,0,73,195,0,0,0,0,0,0,0,0,0,0,50,0,0,0,6,1,35,3,5,2,1,0,0,98,98,1,1,6,50,1,1
47,470414,2,2,1,11,8,3,49,12,2,1,0,93,3,51,881,51881,66,2007,4V4NC9TH87N4,4,V,4,N,C,9,T,H,8,7,N,4,1,T,VOLV,VNL,TR,7,17,,8,0,0,VVN,D,,,6,915,,,,,00000,00,,64,1,57,00457116,5700457116,3,6,1,1,0,0,0,0,0,0,0,998,7,0,0,12,98,6,2,12,0,0,0,1,13,31217,6,1,6,0,3,0,71,210,98,0,0,0,0,0,0,0,0,0,0,0,0,0,3,2,70,1,6,2,1,0,0,1,74,8,1,1,51,0,0
47,470415,1,2,1,4,7,11,50,12,6,1,0,17,1,37,706,37706,80,2006,1HFSC55046A2,1,H,F,S,C,5,5,0,4,6,A,2,0,M,HOND,13V,RS,6,17,,,,,,,1312,,2,,4,641,,,,,,,0,0,000000000,00000000000,0,0,0,1,0,0,0,0,0,0,0,998,0,0,0,1,98,6,2,12,0,0,1,1,17,61842,6,1,0,0,3,0,69,175,0,0,0,0,0,0,0,0,0,0,38,0,0,0,1,2,55,1,1,2,1,0,0,11,15,1,1,2,68,1,0
47,470415,2,2,1,4,7,11,50,12,6,1,0,47,2,20,481,20481,31,2000,1GCEC14W1YZ2,1,G,C,E,C,1,4,W,1,Y,Z,2,0,T,CHEV,SC1,PK,0,17,,2,1330,1190,SIL,G,,,6,262,,,,B,3923,02,,42,0,0,000000000,00000000000,0,0,0,1,0,0,0,0,0,0,0,998,7,0,0,12,98,6,2,12,0,0,1,1,47,38357,6,2,0,0,3,1,71,126,0,0,0,0,0,0,0,0,0,0,0,0,0,0,1,2,55,1,1,2,1,0,0,1,62,1,1,1,69,0,0
47,470416,1,2,4,4,7,13,35,12,2,1,0,47,1,12,3,12003,2,1995,1FALP4048SF2,1,F,A,L,P,4,0,4,8,S,F,2,0,P,FORD,MUS,CP,95,17,3077,,0,1013,,G,,F,6,232,,,15R205,,,,,,0,0,000000000,00000000000,0,0,0,1,0,0,0,0,0,0,0,998,0,0,0,12,98,6,2,12,0,0,0,1,47,37110,6,1,0,0,3,0,62,140,0,1,0,0,0,4,2009,4,2009,0,24,27,28,92,1,2,45,1,6,2,1,0,0,1,10,1,1,2,50,0,0
47,470416,2,2,5,4,7,13,35,12,2,1,0,47,2,54,31,54031,4,1997,19UYA1253VL0,1,9,U,Y,A,1,2,5,3,V,L,0,0,P,ACUR,22C,CP,97,17,3018,,0,1069,,G,,F,4,132,,,16R205,,,,,,0,0,000000000,00000000000,0,0,0,1,0,0,0,0,0,0,0,998,0,0,0,12,98,6,2,12,0,0,0,1,47,38547,2,1,0,0,2,0,71,195,0,0,0,0,0,0,0,0,0,0,28,0,0,0,1,2,45,1,5,2,1,0,0,1,62,3,2,2,51,2,0
47,470417,1,2,1,4,7,16,4,12,6,1,0,47,2,49,32,49032,3,1991,JT2AE96J5M34,J,T,2,A,E,9,6,J,5,M,3,4,0,P,TOYT,CS5,CP,91,17,2740,,0,957,,G,,F,4,097,,,13R185,,,,,,0,0,000000000,00000000000,0,0,0,1,0,0,0,0,0,0,0,998,0,0,0,3,3,6,2,12,0,0,0,1,47,37363,1,1,0,0,2,0,999,999,0,1,0,0,0,12,2010,12,2010,1,28,0,0,0,1,2,45,3,1,2,2,0,0,14,6,1,2,2,64,1,1
47,470417,2,2,1,4,7,16,4,12,6,1,0,47,1,7,461,7461,21,1994,2B7HB21X2RK1,2,B,7,H,B,2,1,X,2,R,K,1,0,T,DODG,B25,CG,94,17,,2,1276,1096,RMV,G,,,6,239,,,,C,3618,03,A,42,0,0,000000000,00000000000,0,0,0,1,0,0,0,0,0,0,0,998,0,0,0,12,12,6,2,12,0,0,0,1,47,37315,6,1,0,0,3,0,73,220,0,0,0,0,0,0,0,0,0,0,0,0,0,0,1,2,45,1,6,2,2,0,0,1,62,1,1,1,65,0,0
47,470418,1,3,4,18,7,16,45,12,1,1,0,47,1,12,401,12401,14,1999,1FMZU24E6XUB,1,F,M,Z,U,2,4,E,6,X,U,B,0,P,FORD,EPR,UT,99,17,3898,,0,1017,,G,,F,6,245,,,15R235,,,,,,0,0,000000000,00000000000,0,0,0,1,0,0,0,0,0,0,0,998,0,0,0,6,6,6,2,12,0,0,0,1,47,37601,6,1,0,0,3,0,71,165,0,0,0,0,0,0,0,0,0,0,99,99,99,99,2,2,70,1,1,2,1,0,0,1,8,1,4,6,32,1,0
47,470418,2,3,4,18,7,16,45,12,1,1,0,5,2,20,37,20037,4,2005,1G1ZT52865F2,1,G,1,Z,T,5,2,8,6,5,F,2,0,P,CHEV,M/L,4D,5,17,3297,,0,1063,,G,,F,6,214,,,15R205,,,,,,0,0,000000000,00000000000,0,0,0,1,0,0,0,0,0,0,0,998,1,0,0,12,12,6,2,12,0,0,0,1,5,72802,6,1,0,0,3,0,68,135,0,0,0,0,0,0,0,0,0,0,0,0,0,0,2,2,70,1,1,2,1,0,0,1,54,9,1,1,32,0,0
47,470418,3,3,1,18,7,16,45,12,1,1,0,18,3,84,881,84881,66,2010,2HSCUAPRXAC1,2,H,S,C,U,A,P,R,X,A,C,1,1,T,INTL,PPR,TR,10,17,,8,0,0,PRO,D,,,6,915,,,,,00000,00,,64,1,57,00327574,5700327574,3,6,1,1,0,0,0,0,0,0,0,998,0,0,0,11,11,2,1,54,0,0,0,1,35,88101,6,1,6,0,3,0,71,200,98,0,0,0,0,0,0,0,0,0,0,0,0,0,2,2,70,1,1,2,1,0,0,1,54,8,1,1,98,0,0
47,470419,1,2,2,20,7,12,22,12,6,1,0,47,2,12,401,12401,14,1999,1FMZU34X3XUB,1,F,M,Z,U,3,4,X,3,X,U,B,0,P,FORD,EPR,UT,99,17,4128,,0,1116,,G,,F,6,245,,,15R225,,,,,,0,0,000000000,00000000000,0,0,0,1,0,0,0,0,0,0,0,998,0,1,5,1,98,6,2,12,0,0,0,1,47,37840,6,1,0,0,3,0,62,131,0,0,0,0,0,0,0,0,0,0,51,0,0,0,1,2,45,3,6,2,1,0,0,14,10,4,1,2,64,1,0
47,470419,2,2,1,20,7,12,22,12,6,1,0,47,3,86,881,86881,63,2011,1M2AX04C2BM0,1,M,2,A,X,0,4,C,2,B,M,0,0,T,MACK,GU7,CC,11,17,,8,0,0,700,D,,,6,659,,,,,00000,00,,64,0,88,888888888,88888888888,3,2,4,1,0,0,0,0,0,0,0,998,7,1,5,12,98,6,2,12,0,0,0,1,47,37357,6,1,6,0,3,0,75,276,0,0,0,0,0,0,0,0,0,0,0,0,0,0,1,2,45,2,5,2,1,0,0,14,62,1,1,1,65,0,0
47,470421,1,1,1,4,7,3,40,34,0,1,0,47,2,52,40,52040,4,2002,6MMAP67P72T0,6,M,M,A,P,6,7,P,7,2,T,0,0,P,MITS,DLS,4D,2,17,3549,,0,1071,,G,,F,6,213,,,16R215,,,,,,0,0,000000000,00000000000,0,0,0,1,0,0,0,0,0,0,0,998,0,1,6,12,98,6,2,30,0,0,0,1,47,37918,2,1,0,0,2,0,70,160,0,0,0,0,0,0,0,0,0,0,0,0,0,0,1,2,30,1,1,2,1,0,0,1,13,1,1,4,1,1,1
47,470422,1,1,1,5,7,15,30,30,0,1,0,47,2,55,33,55033,4,2004,KMHWF35H54A9,K,M,H,W,F,3,5,H,5,4,A,9,0,P,HYUN,SGX,4D,4,17,3212,,0,1063,,G,,F,6,162,,,16R205,,,,,,0,0,000000000,00000000000,0,0,0,1,0,0,0,0,0,0,0,998,0,1,6,1,98,6,2,30,0,0,0,1,47,37716,6,1,0,0,3,0,68,150,0,0,0,1,0,1,2010,1,2010,1,58,0,0,0,1,2,45,3,1,2,1,0,0,14,6,1,1,4,1,1,0
47,470423,1,2,2,5,7,12,47,12,6,1,0,47,1,35,50,35050,4,2008,3N1BC11E68L3,3,N,1,B,C,1,1,E,6,8,L,3,0,P,NISS,VSL,4D,8,17,2627,,0,1024,,G,,F,4,110,,,15R185,,,,,,0,0,000000000,00000000000,0,0,0,1,0,0,0,0,0,0,0,998,0,0,0,12,12,6,2,12,0,0,0,1,47,37191,6,1,0,0,3,0,62,108,0,0,0,0,0,0,0,0,0,0,38,0,0,0,5,2,45,1,1,2,1,20,3,11,15,1,2,2,68,0,0
47,470423,2,2,1,5,7,12,47,12,6,1,0,47,1,73,705,73705,80,2009,JKAEXEC129DA,J,K,A,E,X,E,C,1,2,9,D,A,0,M,KAWK,E6C,RC,9,17,,,,,,,649,,2,,4,441,,,,,,,0,0,000000000,00000000000,0,0,0,1,0,0,0,0,0,0,0,998,0,0,0,11,11,6,2,12,0,0,0,1,47,37042,6,1,0,0,3,0,74,195,0,0,0,0,0,0,0,0,0,0,0,0,0,0,5,2,45,1,1,2,1,0,0,1,67,1,1,1,69,1,0
47,470424,1,1,2,4,7,13,25,42,0,1,0,47,1,37,31,37031,4,1995,1HGEG8559SL0,1,H,G,E,G,8,5,5,9,S,L,0,0,P,HOND,CLX,4D,95,17,2313,,0,1032,,G,,F,4,091,,,14R175,,,,,,0,0,000000000,00000000000,0,0,0,1,0,0,0,0,0,0,0,998,0,0,0,11,98,6,2,35,0,0,0,1,47,37110,6,1,0,0,3,0,72,165,2,1,0,2,0,2,2010,1,2011,1,0,0,0,0,1,3,55,2,6,2,1,0,0,14,6,1,1,4,1,1,1
47,470425,1,2,1,3,8,9,30,12,6,1,0,93,3,84,881,84881,66,2002,3HSCEAPR12N0,3,H,S,C,E,A,P,R,1,2,N,0,1,T,INTL,92I,TR,2,17,,8,0,0,920,D,,,6,915,,,,,00000,00,,64,1,57,00061655,5700061655,3,6,3,1,0,0,0,0,0,0,0,998,7,0,0,7,7,2,1,12,0,0,0,1,13,31639,6,1,6,0,3,1,72,198,98,0,0,1,1,10,2009,12,2009,0,28,41,92,0,1,2,30,3,5,2,1,0,0,14,10,1,1,2,64,0,0
47,470425,2,2,1,3,8,9,30,12,6,1,0,47,1,50,706,50706,80,2001,SMT500FM61J1,S,M,T,5,0,0,F,M,6,1,J,1,0,M,TRUM,SPD,RC,1,17,,,,,,,955,,3,,4,432,,,,,,,0,0,000000000,00000000000,0,0,0,1,0,0,0,0,0,0,0,998,0,0,0,12,98,6,2,12,0,0,0,1,47,37037,6,1,0,0,3,0,71,170,0,0,0,0,0,0,0,0,0,0,0,0,0,0,1,2,30,2,6,2,1,0,0,14,62,1,1,1,65,1,0