STATE,ST_CASE,VEH_NO,VE_FORMS,NUMOCCS,DAY,MONTH,HOUR,MINUTE,HARM_EV,MAN_COLL,UNITTYPE,HIT_RUN,REG_STAT,OWNER,MAKE,MODEL,MAK_MOD,BODY_TYP,MOD_YEAR,VIN,VIN_1,VIN_2,VIN_3,VIN_4,VIN_5,VIN_6,VIN_7,VIN_8,VIN_9,VIN_10,VIN_11,VIN_12,TOW_VEH,VINTYPE,VINMAKE,VINA_MOD,VIN_BT,VINMODYR,VIN_LNGT,VIN_WGT,WGTCD_TR,WHLBS_LG,WHLBS_SH,SER_TR,FUELCODE,MCYCL_DS,CARBUR,CYLINDER,DISPLACE,MCYCL_CY,MCYCL_WT,TIRE_SZE,TON_RAT,TRK_WT,TRKWTVAR,VIN_REST,WHLDRWHL,J_KNIFE,MCARR_I1,MCARR_I2,MCARR_ID,GVWR,V_CONFIG,CARGO_BT,HAZ_INV,HAZ_PLAC,HAZ_ID,HAZ_CNO,HAZ_REL,BUS_USE,SPEC_USE,EMER_USE,TRAV_SP,UNDERIDE,ROLLOVER,ROLINLOC,IMPACT1,IMPACT2,DEFORMED,TOWED,M_HARM,VEH_SC1,VEH_SC2,FIRE_EXP,DR_PRES,L_STATE,DR_ZIP,L_STATUS,L_TYPE,CDL_STAT,L_ENDORS,L_COMPL,L_RESTRI,DR_HGT,DR_WGT,PREV_ACC,PREV_SUS,PREV_DWI,PREV_SPD,PREV_OTH,FIRST_MO,FIRST_YR,LAST_MO,LAST_YR,SPEEDREL,DR_SF1,DR_SF2,DR_SF3,DR_SF4,VTRAFWAY,VNUM_LAN,VSPD_LIM,VALIGN,VPROFILE,VPAVETYP,VSURCOND,VTRAFCON,VTCONT_F,P_CRASH1,P_CRASH2,P_CRASH3,PCRASH4,PCRASH5,ACC_TYPE,DEATHS,DR_DRINK
47,470426,1,2,1,11,8,7,50,12,2,1,0,47,3,89,882,89882,63,2009,5VCACSKF39H2,5,V,C,A,C,S,K,F,3,9,H,2,0,T,AUTC,XPD,TB,9,17,,8,0,0,XPD,D,,,6,677,,,,,00000,00,,64,0,57,00281205,5700281205,3,2,7,1,0,0,0,0,0,0,0,998,0,0,0,12,12,6,2,12,0,0,0,1,47,38342,6,1,6,0,3,0,69,221,0,0,0,0,0,0,0,0,0,0,0,0,0,0,1,2,55,2,6,2,1,0,0,14,54,1,1,1,51,0,0
47,470426,2,2,1,11,8,7,50,12,2,1,0,47,1,20,481,20481,31,2000,2GCEK19T7Y12,2,G,C,E,K,1,9,T,7,Y,1,2,0,T,CHEV,SK1,3C,0,17,,2,1575,1435,SIL,G,,,8,325,,,,B,4621,02,,44,0,0,000000000,00000000000,0,0,0,1,0,0,0,0,0,0,0,998,0,0,0,12,12,6,2,12,0,0,0,1,47,38341,6,1,0,0,3,0,77,235,1,0,0,0,0,9,2009,9,2009,0,28,0,0,0,1,2,55,3,5,2,1,0,0,14,10,1,1,2,50,1,0
47,470427,1,2,1,19,6,14,22,12,6,1,0,47,1,20,421,20421,15,2007,1GNFC13J97R1,1,G,N,F,C,1,3,J,9,7,R,1,0,P,CHEV,CTA,UT,7,17,5443,,0,1160,,G,,F,8,323,,,17R265,,,,,,0,0,000000000,00000000000,0,0,0,1,0,0,0,0,0,0,0,998,0,0,0,11,11,6,2,12,0,0,0,1,47,37221,6,1,0,0,3,0,75,225,0,0,0,1,0,10,2010,10,2010,0,38,39,0,0,5,4,40,1,1,2,1,3,3,1,54,1,1,1,69,0,0
47,470427,2,2,2,19,6,14,22,12,6,1,0,47,1,12,17,12017,4,2002,1FAFP58S22G2,1,F,A,F,P,5,8,S,2,2,G,2,0,P,FORD,TSE,SW,2,17,3502,,0,1085,,G,,F,6,182,,,16R215,,,,,,0,0,000000000,00000000000,0,0,0,1,0,0,0,0,0,0,0,998,0,0,0,12,12,6,2,12,0,0,0,1,47,37082,6,1,0,0,3,0,65,268,0,0,0,0,0,0,0,0,0,0,0,0,0,0,5,4,40,1,1,2,1,3,3,11,15,1,1,2,68,1,0
47,470428,1,2,1,23,7,11,0,12,6,1,0,47,3,92,981,92981,52,2010,15GGD2712A11,1,5,G,G,D,2,7,1,2,A,1,1,0,T,GILL,,,10,17,,,,,,,,,,,,,,,,,,,0,88,888888888,88888888888,3,21,22,1,0,0,0,0,6,0,0,998,2,0,0,5,5,4,3,12,0,0,0,1,47,38128,6,1,6,1,3,1,62,160,2,0,0,0,0,6,2010,7,2010,0,38,39,0,0,2,2,45,1,6,2,1,2,3,11,15,1,1,2,68,0,0
47,470428,2,2,1,23,7,11,0,12,6,1,0,47,2,53,706,53706,80,1999,JS1GW71A0X21,J,S,1,G,W,7,1,A,0,X,2,1,0,M,SUZI,GXR,RC,99,17,,,,,,,1299,,4,,4,474,,,,,,,0,0,000000000,00000000000,0,0,0,1,0,0,0,0,0,0,0,998,0,0,0,12,98,6,2,12,0,0,0,1,47,38128,6,1,0,0,3,0,73,160,0,0,0,0,0,0,0,0,0,1,0,0,0,0,2,2,45,1,2,2,1,2,3,1,67,1,1,1,69,1,0
47,470429,1,1,1,3,7,11,30,35,0,1,0,47,1,37,31,37031,2,1998,1HGEJ8249WL0,1,H,G,E,J,8,2,4,9,W,L,0,0,P,HOND,UAX,CP,98,17,2511,,0,1032,,G,,F,4,097,,,14R185,,,,,,0,0,000000000,00000000000,0,0,0,1,0,0,0,0,0,0,0,998,0,0,0,12,98,6,2,3,0,0,0,1,47,37312,6,1,0,0,3,3,64,170,1,0,0,0,0,11,2008,11,2008,0,0,0,0,0,2,2,45,2,1,2,1,0,0,14,11,1,1,4,1,1,0
47,470430,1,1,2,6,7,11,3,5,0,1,0,47,1,12,17,12017,4,1990,1FACP52U3LA1,1,F,A,C,P,5,2,U,3,L,A,1,0,P,FORD,TAG,4D,90,17,2979,,0,1060,,G,,F,6,182,,,14R205,,,,,,0,0,000000000,00000000000,0,0,0,1,0,0,0,0,0,0,0,998,0,0,0,0,0,0,1,5,0,0,0,1,47,37042,6,1,0,0,3,2,75,235,0,0,0,0,0,0,0,0,0,0,74,0,0,0,6,1,55,1,1,1,1,0,0,1,98,1,1,1,0,1,0
47,470431,1,1,1,22,4,14,32,19,0,1,0,47,1,12,473,12473,30,2001,1FMZU67E01UC,1,F,M,Z,U,6,7,E,0,1,U,C,0,P,FORD,EPR,UT,1,17,4117,,0,1259,,G,,F,6,245,,,15R235,,,,,,0,0,000000000,00000000000,0,0,0,1,0,0,0,0,0,0,0,998,0,0,0,1,98,6,2,19,0,0,0,1,47,37917,6,1,0,0,3,0,62,165,0,0,0,0,0,0,0,0,0,0,99,99,99,99,1,2,30,1,1,2,1,0,0,1,13,1,1,4,1,1,0
47,470432,1,1,1,26,4,20,15,53,0,1,0,47,1,20,402,20402,14,1994,2CNBE18U3R69,2,C,N,B,E,1,8,U,3,R,6,9,0,P,GEO,GEO,UT,94,17,2189,,0,866,,G,,F,4,097,,,15R195,,,,,,0,0,000000000,00000000000,0,0,0,1,0,0,0,0,0,0,0,998,0,0,0,12,98,6,2,42,0,0,0,1,47,37074,2,1,0,0,2,0,72,170,0,3,3,0,0,7,2010,1,2011,1,36,37,0,0,1,2,40,2,6,2,1,0,0,14,6,7,2,4,7,1,1
47,470433,1,2,1,1,5,12,21,12,6,1,0,47,1,20,431,20431,16,2000,3GNFK16TXYG1,3,G,N,F,K,1,6,T,X,Y,G,1,0,P,CHEV,K15,UT,0,17,5123,,0,1300,,G,,F,8,325,,,16R245,,,,,,0,0,000000000,00000000000,0,0,0,1,0,0,0,0,0,0,0,998,0,0,0,12,12,6,2,12,0,0,0,1,47,38242,6,1,0,0,3,0,71,235,0,0,0,0,0,0,0,0,0,0,0,0,0,0,2,2,65,1,1,2,2,0,0,1,55,1,1,1,69,0,0
47,470433,2,2,1,1,5,12,21,12,6,1,0,47,1,35,443,35443,20,1996,4N2DN11W0TD8,4,N,2,D,N,1,1,W,0,T,D,8,0,P,NISS,QST,SV,96,17,3745,,0,1122,,G,,F,6,181,,,15R205,,,,,,0,0,000000000,00000000000,0,0,0,1,0,0,0,0,0,0,0,998,0,0,0,1,98,6,2,12,0,0,0,1,47,38222,6,1,0,0,3,0,61,220,0,0,0,0,0,0,0,0,0,0,38,0,0,0,2,2,65,1,1,2,2,0,0,11,15,1,1,1,68,1,0
47,470434,1,1,1,22,6,15,37,8,0,1,1,47,1,12,21,12021,4,2005,1FAFP24165G1,1,F,A,F,P,2,4,1,6,5,G,1,0,P,FORD,5SL,4D,5,17,3643,,0,1129,,G,,F,6,183,,,17R215,,,,,,0,0,000000000,00000000000,0,0,0,1,0,0,0,0,0,0,0,998,0,0,0,12,98,6,2,8,0,0,0,1,47,37206,2,1,0,0,2,0,71,165,0,0,0,0,0,0,0,0,0,1,28,36,38,0,1,2,30,4,1,2,2,0,0,14,13,1,1,4,1,0,0
47,470435,1,2,1,26,2,13,10,12,6,1,0,47,1,14,6,14006,4,2003,2MEFM74W23X6,2,M,E,F,M,7,4,W,2,3,X,6,0,P,MERC,GMG,4D,3,17,3958,,0,1147,,G,,F,8,281,,,16R225,,,,,,0,0,000000000,00000000000,0,0,0,1,0,0,0,0,0,0,0,998,0,0,0,9,98,6,2,12,0,0,0,1,47,38305,6,1,0,0,3,1,71,220,1,0,0,0,0,10,2010,10,2010,0,38,0,0,0,5,2,40,1,1,2,1,0,0,11,15,1,1,7,82,1,0
47,470435,2,2,1,26,2,13,10,12,6,1,0,47,1,7,482,7482,31,2002,1D7HA18N82S6,1,D,7,H,A,1,8,N,8,2,S,6,0,T,DODG,Q15,CW,2,17,,2,1605,1405,RPC,G,,,8,287,,,,B,4747,01,E,42,0,0,000000000,00000000000,0,0,0,1,0,0,0,0,0,0,0,998,0,0,0,12,12,6,2,12,0,0,0,1,47,38305,6,1,0,0,3,0,68,196,0,0,0,0,0,0,0,0,0,0,92,0,0,0,5,2,40,1,1,2,1,0,0,1,72,1,1,1,83,0,0
47,470436,1,2,2,27,2,10,14,12,2,1,0,47,2,35,39,35039,4,1997,JN1CA21D6VT2,J,N,1,C,A,2,1,D,6,V,T,2,0,P,NISS,MGS,4D,97,17,2886,,0,1063,,G,,F,6,182,,,15R205,,,,,,0,0,000000000,00000000000,0,0,0,1,0,0,0,0,0,0,0,998,0,0,0,12,98,6,2,12,0,0,1,1,47,37620,0,0,0,0,0,0,999,999,0,0,0,0,0,0,0,0,0,1,51,87,0,0,2,4,65,1,1,2,2,0,0,1,6,99,2,2,50,0,0
47,470436,2,2,3,27,2,10,14,12,2,1,0,47,1,12,401,12401,14,1994,1FMDU34X6RUD,1,F,M,D,U,3,4,X,6,R,U,D,0,P,FORD,EPR,UT,94,17,4053,,0,1120,,G,,F,6,245,,,15R225,,,,,,0,0,000000000,00000000000,0,0,0,1,0,0,0,0,0,0,0,998,0,1,1,12,12,6,2,12,0,0,0,1,47,37871,1,1,0,0,2,0,65,120,0,4,0,1,0,4,2009,7,2010,0,12,0,0,0,2,4,65,1,1,2,2,0,0,1,54,1,1,1,51,1,0
47,470437,1,2,2,19,6,0,27,12,2,1,0,18,1,6,43,6043,1,2004,1C3EL75R64N4,1,C,3,E,L,7,5,R,6,4,N,4,0,P,CHRY,STC,CV,4,17,3311,,0,1060,,G,,F,6,167,,,16R205,,,,,,0,0,000000000,00000000000,0,0,0,1,0,0,0,0,0,0,0,998,0,0,0,12,12,6,2,12,0,0,0,1,18,46167,6,1,0,0,3,0,66,145,0,0,0,0,0,0,0,0,0,0,0,0,0,0,5,2,40,1,1,2,1,0,0,1,54,1,1,1,51,1,0
47,470437,2,2,1,19,6,0,27,12,2,1,0,47,1,12,422,12422,15,2001,1FMRU15W01LA,1,F,M,R,U,1,5,W,0,1,L,A,0,P,FORD,EPT,UT,1,17,4886,,0,1191,,G,,F,8,281,,,16R255,,,,,,0,0,000000000,00000000000,0,0,0,1,0,0,0,0,0,0,0,998,0,0,0,12,12,6,2,12,0,0,0,1,47,38242,6,1,0,0,3,8,73,195,1,0,0,0,0,8,2008,8,2008,0,51,0,0,0,5,2,40,1,1,2,1,0,0,1,10,1,1,2,50,0,1
47,470438,1,2,2,28,3,18,10,12,6,1,0,28,1,23,481,23481,31,1989,1GTDC14K4KZ5,1,G,T,D,C,1,4,K,4,K,Z,5,0,T,GMC,SC1,PK,89,17,,1,1315,1175,SIE,G,,,8,350,,,,B,4114,08,A,42,0,0,000000000,00000000000,0,0,0,1,0,0,0,0,0,0,0,998,0,0,0,12,12,6,2,12,0,0,0,1,28,38654,6,1,0,0,3,0,66,120,0,0,0,0,0,0,0,0,0,1,39,0,0,0,1,2,40,1,6,2,1,20,3,1,17,1,1,1,86,0,0
47,470438,2,2,1,28,3,18,10,12,6,1,0,47,2,35,401,35401,14,1995,1N6SD11S0SC3,1,N,6,S,D,1,1,S,0,S,C,3,0,T,NISS,EXE,PK,95,17,,1,0,1043,TRK,G,,,4,146,,,,B,2728,01,A,42,0,0,000000000,00000000000,0,0,0,1,0,0,0,0,0,0,0,998,0,0,0,3,3,6,2,12,0,0,0,1,47,38115,6,1,0,0,3,0,70,178,0,0,0,1,0,4,2009,4,2009,0,0,0,0,0,1,2,40,1,1,2,1,20,3,1,66,1,1,1,87,1,0
47,470439,1,1,1,14,4,7,45,34,0,1,0,47,1,20,481,20481,31,2003,1GCHK23143F1,1,G,C,H,K,2,3,1,4,3,F,1,0,T,CHEV,2KH,CW,3,17,,2,1670,1530,SIL,D,,,8,403,,,,C,5899,01,,44,0,0,000000000,00000000000,0,0,0,1,0,0,0,0,0,0,0,998,0,0,0,12,98,6,2,35,0,0,0,1,47,38034,6,1,0,0,3,0,68,185,0,0,0,0,0,0,0,0,0,0,0,0,0,0,1,2,55,1,2,2,1,0,0,1,12,1,1,4,6,1,0
47,470440,1,1,1,7,7,21,45,17,0,1,0,47,1,7,472,7472,30,1999,1B7GG22Y7XS2,1,B,7,G,G,2,2,Y,7,X,S,2,0,T,DODG,DAK,PC,99,17,,1,0,1309,DAK,G,,,8,318,,,,,3949,00,U,44,0,0,000000000,00000000000,0,0,0,1,0,0,0,0,0,0,0,998,0,0,0,12,12,6,2,42,0,0,0,1,47,37865,6,1,0,0,3,0,72,150,0,0,0,0,0,0,0,0,0,1,0,0,0,0,1,2,35,3,1,2,1,0,0,14,6,1,1,4,1,1,1
47,470441,1,1,1,7,7,21,20,59,0,1,0,47,2,22,22,22022,4,2006,1G2ZG558X642,1,G,2,Z,G,5,5,8,X,6,4,2,0,P,PONT,GS1,4D,6,17,3419,,0,1123,,G,,F,6,214,,,16R215,,,,,,0,0,000000000,00000000000,0,0,0,1,0,0,0,0,0,0,0,998,0,0,0,12,98,6,2,59,0,0,0,1,47,37312,6,1,0,0,3,0,63,125,0,0,0,1,0,11,2009,11,2009,1,0,0,0,0,3,2,70,1,1,2,1,0,0,6,13,1,1,4,1,1,1
47,470442,1,1,1,10,7,3,12,7,0,1,0,47,2,73,706,73706,80,1986,JKAVN2D15GA0,J,K,A,V,N,2,D,1,5,G,A,0,0,M,KAWK,,,86,17,,,,,,,,,,,,,,,,,,,0,0,000000000,00000000000,0,0,0,1,0,0,0,0,0,0,0,998,0,0,0,0,98,6,2,1,0,0,0,1,47,37920,2,1,0,0,2,0,77,250,0,0,1,0,0,12,2008,12,2008,0,79,0,0,0,1,4,45,1,6,2,1,0,0,10,98,1,1,1,0,1,1
47,470443,1,1,5,11,7,16,46,1,0,1,0,47,1,12,422,12422,15,2001,1FMPU16L81LA,1,F,M,P,U,1,6,L,8,1,L,A,0,P,FORD,EPT,UT,1,17,5250,,0,1191,,G,,F,8,330,,,16R255,,,,,,0,0,000000000,00000000000,0,0,0,1,0,0,0,0,0,0,0,998,0,2,1,0,98,6,2,1,0,0,0,1,47,37874,1,1,0,0,2,1,66,220,0,1,0,0,0,3,2011,3,2011,0,58,0,0,0,2,2,65,1,2,2,1,40,3,17,50,6,3,6,98,1,0
47,470444,1,1,1,10,7,21,39,33,0,1,0,47,1,7,402,7402,14,1998,1B4HS28Y6WF1,1,B,4,H,S,2,8,Y,6,W,F,1,0,P,DODG,DUR,UT,98,17,4349,,0,1159,,G,,F,8,318,,,15R235,,,,,,0,0,000000000,00000000000,0,0,0,1,0,0,0,0,0,0,0,998,0,1,5,14,98,6,2,1,0,0,0,1,47,37601,6,1,6,0,3,0,72,200,0,0,0,0,0,0,0,0,0,0,36,51,0,0,3,2,40,3,6,2,1,0,0,14,10,1,1,4,1,1,0
47,470445,1,1,1,12,7,21,15,9,0,1,0,47,1,23,481,23481,31,2001,1GTHK23121F2,1,G,T,H,K,2,3,1,2,1,F,2,0,T,GMC,2KH,CW,1,17,,2,1670,1530,SIE,D,,,8,403,,,,C,5792,00,E,44,0,0,000000000,00000000000,0,0,0,1,0,0,0,0,0,0,0,998,0,0,0,12,98,6,2,9,0,0,0,1,47,37755,6,1,0,0,3,2,71,208,0,0,0,0,0,0,0,0,0,0,36,74,92,0,1,2,45,1,1,2,1,0,0,1,83,1,1,1,13,0,1
47,470446,1,3,2,12,7,15,34,12,6,1,0,47,1,18,22,18022,4,2008,2G4WC5821812,2,G,4,W,C,5,8,2,1,8,1,2,0,P,BUIC,LCX,4D,8,17,3495,,0,1105,,G,,F,6,232,,,16R225,,,,,,0,0,000000000,00000000000,0,0,0,1,0,0,0,0,0,0,0,998,0,0,0,3,98,6,2,12,0,0,0,1,47,37110,1,1,0,0,2,0,68,128,0,0,0,0,0,0,0,0,0,0,38,0,0,0,5,2,35,1,1,2,1,0,0,11,15,1,1,2,68,1,0
47,470446,2,3,1,12,7,15,34,12,6,1,0,47,1,2,404,2404,14,1997,1J4GZ58S8VC7,1,J,4,G,Z,5,8,S,8,V,C,7,0,T,JEEP,LRT,4W,97,17,,1,0,1059,GCK,G,,,6,242,,,,,3700,02,E,44,0,0,000000000,00000000000,0,0,0,1,0,0,0,0,0,0,0,998,0,0,0,12,12,6,2,12,0,0,0,1,47,37110,0,0,0,0,0,0,68,140,0,0,0,0,0,0,0,0,0,0,92,0,0,0,5,2,35,1,1,2,1,0,0,1,67,1,1,1,69,0,0
47,470446,3,3,3,12,7,15,34,12,6,1,0,47,1,12,401,12401,14,2002,1FMZU63E02ZA,1,F,M,Z,U,6,3,E,0,2,Z,A,0,P,FORD,EPR,UT,2,17,4163,,0,1137,,G,,F,6,245,,,16R235,,,,,,0,0,000000000,00000000000,0,0,0,1,0,0,0,0,0,0,0,0,0,0,0,12,12,4,1,12,0,0,0,1,47,37110,6,1,0,0,3,0,69,180,0,0,0,0,0,0,0,0,0,0,0,0,0,0,1,2,30,1,1,2,1,20,3,5,67,1,1,1,98,0,0
47,470447,1,1,1,15,7,20,0,24,0,1,0,47,2,59,35,59035,4,2006,JTHBE2626620,J,T,H,B,E,2,6,2,6,6,2,0,0,P,LEXS,I35,4D,6,17,3527,,0,1074,,G,,F,6,214,,,18R225,,,,,,0,0,000000000,00000000000,0,0,0,1,0,0,0,0,0,0,0,998,0,1,5,1,98,6,2,1,0,0,0,1,47,38068,6,1,0,0,3,0,70,210,0,0,0,0,0,0,0,0,0,1,36,92,0,0,1,4,65,1,1,2,1,0,0,1,6,1,4,4,7,1,1
47,470448,1,1,1,17,7,3,10,14,0,1,1,47,2,20,481,20481,31,1999,1GCEC14V5XZ1,1,G,C,E,C,1,4,V,5,X,Z,1,0,T,CHEV,SC1,PK,99,17,,2,1330,1190,SIL,G,,,8,293,,,,B,3923,01,,42,0,0,000000000,00000000000,0,0,0,1,0,0,0,0,0,0,0,998,0,0,0,12,98,6,2,8,0,0,0,1,47,38101,0,0,0,0,0,0,999,999,99,99,99,99,99,99,9999,99,9999,1,36,92,0,0,2,5,55,1,1,2,1,0,0,1,6,1,1,4,6,0,1
47,470449,1,1,2,16,7,23,55,38,0,1,0,47,1,37,31,37031,2,1995,1HGEJ1120SL0,1,H,G,E,J,1,1,2,0,S,L,0,0,P,HOND,CEX,CP,95,17,2371,,0,1032,,G,,F,4,097,,,14R185,,,,,,0,0,000000000,00000000000,0,0,0,1,0,0,0,0,0,0,0,998,0,0,0,9,98,6,2,42,0,0,0,1,47,37311,6,1,0,0,3,0,71,140,0,0,0,1,0,12,2009,12,2009,1,0,0,0,0,1,2,45,2,1,2,1,0,0,14,6,9,3,4,2,2,1
47,470450,1,1,1,9,7,23,47,25,0,1,0,47,1,19,18,19018,4,2007,1G6DP5773701,1,G,6,D,P,5,7,7,3,7,0,1,0,P,CADI,HF6,4D,7,17,3509,,0,1134,,G,,F,6,220,,,16R225,,,,,,0,0,000000000,00000000000,0,0,0,1,0,0,0,0,0,0,0,998,0,1,3,12,98,6,2,25,0,0,0,1,47,38134,6,1,0,0,3,8,64,120,1,0,0,1,0,9,2010,12,2010,1,58,85,0,0,3,3,45,1,1,2,1,0,0,1,60,6,1,4,8,1,0
47,470451,1,2,1,11,7,12,22,12,2,1,0,47,1,24,1,24001,4,1995,1G8ZH5286SZ1,1,G,8,Z,H,5,2,8,6,S,Z,1,0,P,STRN,SL1,4D,95,17,2252,,0,1024,,G,,F,4,116,,,14R175,,,,,,0,0,000000000,00000000000,0,0,0,1,0,0,0,0,0,0,0,998,0,0,0,12,12,6,2,12,0,0,0,1,47,37912,6,1,0,0,3,1,62,135,0,0,0,0,0,0,0,0,0,0,28,0,0,0,1,2,35,1,1,2,1,0,0,1,10,1,1,2,50,1,1
47,470451,2,2,1,11,7,12,22,12,2,1,0,47,1,12,481,12481,31,1988,1FTDF15N6JNA,1,F,T,D,F,1,5,N,6,J,N,A,0,T,FORD,F15,PK,88,17,,1,1330,1170,COF,G,,,8,302,,,,B,00000,00,A,42,0,0,000000000,00000000000,0,0,0,1,0,0,0,0,0,0,0,998,0,0,0,12,12,6,2,12,0,0,0,1,47,37921,6,1,0,0,3,1,69,165,0,0,0,0,0,0,0,0,0,0,0,0,0,0,1,2,35,1,1,2,1,0,0,1,54,1,1,1,51,0,0
47,470452,1,1,1,13,7,21,36,8,0,1,0,47,2,7,41,7041,4,2004,2B3HD46R14H6,2,B,3,H,D,4,6,R,1,4,H,6,0,P,DODG,ISE,4D,4,17,3329,,0,1130,,G,,F,6,167,,,16R225,,,,,,0,0,000000000,00000000000,0,0,0,1,0,0,0,0,0,0,0,998,0,0,0,1,1,4,1,8,0,0,0,1,47,37745,2,1,0,0,2,1,71,190,0,0,0,0,0,0,0,0,0,0,92,0,0,0,1,2,45,3,1,2,1,0,0,14,80,1,1,1,13,0,0
47,470453,1,1,1,14,7,16,35,8,0,1,0,47,1,35,472,35472,30,1999,1N6DD26S5XC3,1,N,6,D,D,2,6,S,5,X,C,3,0,T,NISS,KXS,PC,99,17,,1,0,1161,FRT,G,,,4,146,,,,B,3052,01,U,42,0,0,000000000,00000000000,0,0,0,1,0,0,0,0,0,0,0,998,0,0,0,12,12,4,3,8,0,0,0,1,47,37722,6,1,0,0,3,0,68,145,1,0,0,0,0,10,2009,10,2009,0,29,0,0,0,1,2,45,1,2,2,1,0,0,6,8,1,1,4,13,0,0
47,470454,1,1,2,14,7,14,20,32,0,1,0,47,1,20,37,20037,4,2010,1G1ZB5EB5AF1,1,G,1,Z,B,5,E,B,5,A,F,1,0,P,CHEV,M/L,4D,10,17,3415,,0,1123,,G,,F,4,146,,,17R215,,,,,,0,0,000000000,00000000000,0,0,0,1,0,0,0,0,0,0,0,998,0,0,0,12,98,6,2,32,0,0,0,1,47,37872,6,1,0,0,3,0,70,270,0,0,0,0,0,0,0,0,0,0,28,0,0,0,1,2,55,1,1,2,1,0,0,1,13,1,1,4,1,2,0
47,470455,1,1,4,14,7,19,25,34,0,1,0,47,1,22,16,22016,4,1996,1G2JB5241T75,1,G,2,J,B,5,2,4,1,T,7,5,0,P,PONT,SFS,4D,96,17,2655,,0,1041,,G,,F,4,133,,,14R195,,,,,,0,0,000000000,00000000000,0,0,0,1,0,0,0,0,0,0,0,998,0,1,3,99,98,6,2,34,0,0,0,1,47,37660,6,1,0,0,3,0,62,180,0,0,0,0,0,0,0,0,0,0,79,0,0,0,3,2,55,1,6,2,2,0,0,1,5,1,4,4,7,1,0
47,470456,1,2,2,26,6,2,7,12,2,1,0,47,1,12,471,12471,30,2002,1FTYR10D82TA,1,F,T,Y,R,1,0,D,8,2,T,A,0,T,FORD,RNG,PK,2,17,,1,1175,1116,RNG,G,,,4,140,,,,B,3085,03,E,42,0,0,000000000,00000000000,0,0,0,1,0,0,0,0,0,0,0,998,0,1,5,12,12,6,2,1,0,0,0,1,47,37207,6,1,0,0,3,0,66,275,0,0,0,0,0,0,0,0,0,0,0,0,0,0,5,2,50,1,1,2,1,0,0,1,54,1,1,1,51,1,0
47,470456,2,2,1,26,6,2,7,12,2,1,0,47,1,37,32,37032,4,2006,1HGCM66356A0,1,H,G,C,M,6,6,3,5,6,A,0,0,P,HOND,ULX,4D,6,17,3349,,0,1079,,G,,F,6,183,,,16R205,,,,,,0,0,000000000,00000000000,0,0,0,1,0,0,0,0,0,0,0,998,0,0,0,12,98,6,2,12,0,0,0,1,47,37076,6,1,0,0,3,0,73,220,0,0,0,0,0,0,0,0,0,1,28,0,0,0,5,2,50,4,1,2,1,0,0,14,6,1,1,2,50,0,1
47,470457,1,2,1,1,8,0,29,12,1,1,0,22,3,84,881,84881,66,2011,3HSDCSJR9BN3,3,H,S,D,C,S,J,R,9,B,N,3,1,T,INTL,PPR,TR,11,17,,8,0,0,PRO,D,,,6,793,,,,,00000,00,,64,1,57,459762,57459762,3,6,1,1,0,0,0,0,0,0,0,998,0,0,0,6,6,2,3,12,0,0,0,1,47,38109,6,1,6,0,3,0,75,250,0,0,0,0,0,0,0,0,0,0,0,0,0,0,3,4,65,1,2,2,1,0,0,1,53,1,1,1,32,0,0
47,470457,2,2,1,1,8,0,29,12,1,1,0,47,1,12,471,12471,30,2000,1FTYR14V1YPA,1,F,T,Y,R,1,4,V,1,Y,P,A,6,T,FORD,RNS,PC,0,17,,1,0,1257,RNG,F,,,6,182,,,,B,3271,01,U,42,0,0,000000000,00000000000,0,0,0,1,0,0,0,0,0,0,0,998,0,0,0,12,12,6,2,12,0,0,0,1,47,37013,1,1,0,0,2,0,71,190,0,2,0,3,0,8,2008,4,2011,1,28,0,0,0,3,4,65,1,2,2,1,0,0,1,6,1,1,1,32,1,0
47,470458,1,2,1,29,5,17,17,12,6,1,0,47,1,53,705,53705,80,1998,JS1GR7DA4W21,J,S,1,G,R,7,D,A,4,W,2,1,0,M,SUZI,SX7,RC,98,17,,,,,,,749,,4,,4,394,,,,,,,0,0,000000000,00000000000,0,0,0,1,0,0,0,0,0,0,0,998,0,0,0,12,98,6,2,12,0,0,0,1,47,37217,6,1,0,0,3,1,72,180,0,0,0,0,0,0,0,0,0,0,0,0,0,0,1,2,35,1,1,2,1,0,0,1,62,3,1,1,69,1,0
47,470458,2,2,2,29,5,17,17,12,6,1,0,47,3,23,481,23481,31,2006,1GTEC14Z46Z2,1,G,T,E,C,1,4,Z,4,6,Z,2,0,T,GMC,NC1,PK,6,17,,2,1330,1190,SIE,F,,,8,323,,,,B,4211,01,4,42,0,0,000000000,00000000000,0,0,0,1,0,0,0,0,0,0,0,998,0,0,0,83,83,6,2,12,0,0,0,1,47,37013,6,1,0,0,3,0,69,311,0,0,0,1,0,12,2008,12,2008,0,92,0,0,0,1,2,35,1,1,2,1,0,0,11,15,1,1,1,68,0,0