STATE,ST_CASE,VEH_NO,VE_FORMS,NUMOCCS,DAY,MONTH,HOUR,MINUTE,HARM_EV,MAN_COLL,UNITTYPE,HIT_RUN,REG_STAT,OWNER,MAKE,MODEL,MAK_MOD,BODY_TYP,MOD_YEAR,VIN,VIN_1,VIN_2,VIN_3,VIN_4,VIN_5,VIN_6,VIN_7,VIN_8,VIN_9,VIN_10,VIN_11,VIN_12,TOW_VEH,VINTYPE,VINMAKE,VINA_MOD,VIN_BT,VINMODYR,VIN_LNGT,VIN_WGT,WGTCD_TR,WHLBS_LG,WHLBS_SH,SER_TR,FUELCODE,MCYCL_DS,CARBUR,CYLINDER,DISPLACE,MCYCL_CY,MCYCL_WT,TIRE_SZE,TON_RAT,TRK_WT,TRKWTVAR,VIN_REST,WHLDRWHL,J_KNIFE,MCARR_I1,MCARR_I2,MCARR_ID,GVWR,V_CONFIG,CARGO_BT,HAZ_INV,HAZ_PLAC,HAZ_ID,HAZ_CNO,HAZ_REL,BUS_USE,SPEC_USE,EMER_USE,TRAV_SP,UNDERIDE,ROLLOVER,ROLINLOC,IMPACT1,IMPACT2,DEFORMED,TOWED,M_HARM,VEH_SC1,VEH_SC2,FIRE_EXP,DR_PRES,L_STATE,DR_ZIP,L_STATUS,L_TYPE,CDL_STAT,L_ENDORS,L_COMPL,L_RESTRI,DR_HGT,DR_WGT,PREV_ACC,PREV_SUS,PREV_DWI,PREV_SPD,PREV_OTH,FIRST_MO,FIRST_YR,LAST_MO,LAST_YR,SPEEDREL,DR_SF1,DR_SF2,DR_SF3,DR_SF4,VTRAFWAY,VNUM_LAN,VSPD_LIM,VALIGN,VPROFILE,VPAVETYP,VSURCOND,VTRAFCON,VTCONT_F,P_CRASH1,P_CRASH2,P_CRASH3,PCRASH4,PCRASH5,ACC_TYPE,DEATHS,DR_DRINK
47,470459,1,1,1,17,7,14,0,35,0,1,0,47,1,12,481,12481,31,2005,1FTRX12W75NB,1,F,T,R,X,1,2,W,7,5,N,B,0,T,FORD,F15,4C,5,17,,2,1450,1260,COF,G,,,8,281,,,,B,5065,04,U,42,0,0,000000000,00000000000,0,0,0,1,0,0,0,0,0,0,0,998,0,1,5,12,98,6,2,1,0,0,0,1,47,37085,6,1,0,0,3,8,71,200,0,0,0,0,0,0,0,0,0,0,0,0,0,0,2,2,70,3,5,2,1,0,0,14,13,9,3,4,2,1,0
47,470460,1,1,1,19,7,19,45,1,0,1,0,47,1,20,16,20016,2,2000,1G1JC1249Y73,1,G,1,J,C,1,2,4,9,Y,7,3,0,P,CHEV,CAV,CP,0,17,2617,,0,1041,,G,,F,4,133,,,14R195,,,,,,0,0,000000000,00000000000,0,0,0,1,0,0,0,0,0,0,0,998,0,2,5,0,98,6,2,1,0,0,0,1,47,38401,6,1,0,0,3,0,62,115,0,1,0,0,0,5,2011,5,2011,0,58,0,0,0,1,2,35,1,5,2,1,0,0,1,12,8,4,4,98,1,0
47,470461,1,3,1,23,8,15,15,12,8,1,0,47,2,12,402,12402,14,2003,1FMYU03173KD,1,F,M,Y,U,0,3,1,7,3,K,D,0,P,FORD,SPE,UT,3,17,3252,,0,1031,,G,,F,6,181,,,15R225,,,,,,0,0,000000000,00000000000,0,0,0,1,0,0,0,0,0,0,0,998,0,0,0,9,9,2,3,12,0,0,0,1,47,38233,6,1,0,0,3,1,67,150,0,0,0,0,0,0,0,0,0,0,0,0,0,0,1,2,55,1,1,2,1,0,0,1,62,1,1,1,65,0,0
47,470461,2,3,1,23,8,15,15,12,8,1,0,93,3,85,881,85881,66,2009,1XKAD49XX9J2,1,X,K,A,D,4,9,X,X,9,J,2,1,T,KW,T60,TR,9,17,,8,2600,1600,CON,D,,,6,915,,,,,00000,00,,64,1,57,00892176,5700892176,3,6,3,1,0,0,0,0,0,0,0,998,0,0,0,12,98,6,2,12,0,0,0,1,47,38024,6,1,6,0,3,0,69,260,0,0,0,1,0,3,2011,3,2011,0,0,0,0,0,1,2,55,1,1,2,1,0,0,1,62,9,1,1,98,0,0
47,470461,3,3,3,23,8,15,15,12,8,1,0,40,1,20,401,20401,14,1998,1GNCS13W1W22,1,G,N,C,S,1,3,W,1,W,2,2,0,P,CHEV,BZR,UT,98,17,3685,,0,1070,,G,,F,6,262,,,15R235,,,,,,0,0,000000000,00000000000,0,0,0,1,0,0,0,0,0,0,0,998,0,1,5,9,98,6,2,1,0,0,0,1,40,74105,6,1,0,0,3,1,63,120,0,0,0,0,2,1,2009,1,2009,0,28,0,0,0,1,2,55,1,1,2,1,0,0,1,10,1,1,2,64,1,0
47,470462,1,3,1,23,8,19,1,12,6,1,0,93,3,38,882,38882,66,1988,4GTM9C1W6JV7,4,G,T,M,9,C,1,W,6,J,V,7,1,T,WHGM,J94,TR,88,17,,7,2400,1390,GBR,D,,,6,611,,,,,00000,00,,42,1,57,01932398,5701932398,3,6,1,1,0,0,0,0,0,0,0,998,7,0,0,12,98,6,2,12,0,0,0,1,37,28021,6,1,6,0,3,1,70,999,0,0,0,0,0,0,0,0,0,0,39,92,0,0,5,2,45,1,1,2,1,1,3,1,3,1,1,1,88,0,0
47,470462,2,3,1,23,8,19,1,12,6,1,0,47,1,59,32,59032,4,2002,JTHBN30F9200,J,T,H,B,N,3,0,F,9,2,0,0,0,P,LEXS,L43,4D,2,17,3955,,0,1152,,G,,F,8,262,,,16R225,,,,,,0,0,000000000,00000000000,0,0,0,1,0,0,0,0,0,0,0,998,0,0,0,9,98,6,2,12,0,0,0,1,47,37043,6,1,0,0,3,0,72,220,0,0,0,0,0,0,0,0,0,0,0,0,0,0,2,2,55,1,1,2,1,1,3,1,66,1,1,1,89,1,0
47,470462,3,3,1,23,8,19,1,12,6,1,0,47,1,35,47,35047,4,2009,1N4AL21EX9N4,1,N,4,A,L,2,1,E,X,9,N,4,0,P,NISS,ATS,4D,9,17,3179,,0,1093,,G,,F,4,153,,,16R215,,,,,,0,0,000000000,00000000000,0,0,0,1,0,0,0,0,0,0,0,0,0,0,0,11,98,6,2,12,0,0,0,1,47,37042,6,1,0,0,3,1,62,170,0,0,0,3,0,1,2009,6,2011,0,0,0,0,0,5,2,45,1,1,2,1,1,3,5,66,1,1,1,98,0,0
47,470463,1,2,1,6,9,15,11,12,2,1,0,47,1,35,472,35472,30,2000,1N6DD26S0YC3,1,N,6,D,D,2,6,S,0,Y,C,3,0,T,NISS,FKX,PC,0,17,,1,0,1161,FRT,G,,,4,146,,,,B,3052,01,U,42,0,0,000000000,00000000000,0,0,0,1,0,0,0,0,0,0,0,998,1,0,0,12,12,6,2,12,0,0,0,1,47,37721,6,1,0,0,3,0,69,200,0,0,0,0,0,0,0,0,0,0,28,0,0,0,1,2,45,1,1,2,2,0,0,1,10,1,1,2,50,1,1
47,470463,2,2,1,6,9,15,11,12,2,1,0,47,2,94,981,94981,50,1996,1T75U4B22T11,1,T,7,5,U,4,B,2,2,T,1,1,0,T,THMS,,,96,17,,,,,,,,,,,,,,,,,,,0,88,888888888,88888888888,2,21,22,1,0,0,0,0,1,0,0,998,7,0,0,12,12,6,2,12,0,0,0,1,47,37931,6,1,6,1,3,1,72,238,1,0,0,1,0,5,2009,11,2010,0,0,0,0,0,1,2,45,1,1,2,2,0,0,1,54,1,1,1,51,0,0
47,470464,1,2,1,5,7,6,50,12,1,1,0,47,1,7,472,7472,30,1996,1B7FL26Y8TS5,1,B,7,F,L,2,6,Y,8,T,S,5,0,T,DODG,DAK,PK,96,17,,1,1239,1119,DAK,G,,,8,318,,,,B,2969,01,M,42,0,0,000000000,00000000000,0,0,0,1,0,0,0,0,0,0,0,998,0,0,0,12,98,6,2,35,0,0,0,1,47,38230,6,1,0,0,3,0,72,180,0,0,0,0,0,0,0,0,0,1,26,28,0,0,1,2,45,1,2,2,1,0,0,1,51,1,1,1,24,1,1
47,470464,2,2,1,5,7,6,50,12,1,1,0,47,3,20,481,20481,31,2008,2GCEK19J5811,2,G,C,E,K,1,9,J,5,8,1,1,0,T,CHEV,SK1,4C,8,17,,2,1575,1339,SIL,G,,,8,323,,,,B,5226,02,,44,0,0,000000000,00000000000,0,0,0,1,0,0,0,0,0,0,0,998,0,0,0,6,98,6,2,12,0,0,0,1,47,38374,6,1,0,0,3,0,72,275,0,0,0,0,0,0,0,0,0,1,0,0,0,0,1,2,45,1,2,2,1,0,0,1,53,1,1,1,25,0,0
47,470465,1,2,2,5,7,11,18,59,0,1,0,27,1,49,40,49040,4,2004,4T1BE32K94U3,4,T,1,B,E,3,2,K,9,4,U,3,0,P,TOYT,UXS,4D,4,17,3086,,0,1071,,G,,F,4,144,,,15R205,,,,,,0,0,000000000,00000000000,0,0,0,1,0,0,0,0,0,0,0,998,0,0,0,11,98,6,2,12,0,0,0,1,21,42301,6,1,0,0,3,0,66,145,0,0,0,0,0,0,0,0,0,0,51,0,0,0,2,4,70,1,6,2,1,0,0,1,60,6,1,4,8,0,0
47,470465,2,2,2,5,7,11,18,59,0,1,0,47,2,42,42,42042,4,2000,WDBHA24GXYA8,W,D,B,H,A,2,4,G,X,Y,A,8,0,P,MERZ,C23,4D,0,17,3095,,0,1059,,G,,Z,4,140,,,15R205,,,,,,0,0,000000000,00000000000,0,0,0,1,0,0,0,0,0,0,0,998,0,0,0,11,11,6,2,12,0,0,0,1,47,37221,6,1,0,0,3,0,70,150,0,0,0,0,0,0,0,0,0,0,0,0,0,0,2,4,70,1,5,2,1,0,0,1,62,99,1,1,98,1,0
47,470466,1,2,1,20,7,16,57,12,6,1,0,28,1,20,404,20404,14,2011,2GNALDEC2B12,2,G,N,A,L,D,E,C,2,B,1,2,0,P,CHEV,EQU,UT,11,17,3779,,0,1125,,G,,F,4,146,,,17R225,,,,,,0,0,000000000,00000000000,0,0,0,1,0,0,0,0,0,0,0,998,0,0,0,9,98,6,2,12,0,0,0,1,28,38654,6,1,0,0,3,0,65,155,0,0,0,0,0,0,0,0,0,0,27,0,0,0,2,2,45,1,1,2,1,0,0,15,10,1,1,2,47,0,0
47,470466,2,2,1,20,7,16,57,12,6,1,0,47,1,72,706,72706,80,2011,1HD1GP416BC3,1,H,D,1,G,P,4,1,6,B,C,3,0,M,HD,FWG,RS,11,17,,,,,,,1584,,2,,4,647,,,,,,,0,0,000000000,00000000000,0,0,0,1,0,0,0,0,0,0,0,998,0,0,0,12,98,6,2,12,0,0,0,1,47,38115,6,1,0,0,3,0,68,200,0,0,0,0,0,0,0,0,0,0,0,0,0,0,2,2,45,1,1,2,1,0,0,6,61,1,1,1,45,1,0
47,470467,1,1,2,10,7,3,30,34,0,1,0,47,1,49,472,49472,30,2005,5TEJU62N95Z0,5,T,E,J,U,6,2,N,9,5,Z,0,0,T,TOYT,DCP,PK,5,17,,1,0,1219,TAC,G,,,6,244,,,,B,3810,00,U,42,0,0,000000000,00000000000,0,0,0,1,0,0,0,0,0,0,0,998,0,1,1,98,98,6,2,1,0,0,0,1,47,37813,6,1,0,0,3,0,66,160,0,0,0,0,0,0,0,0,0,0,58,0,0,0,1,2,35,2,1,2,1,0,0,14,13,1,1,4,1,1,1
47,470468,1,2,4,13,7,17,30,12,1,1,0,47,1,63,441,63441,20,2003,KNDUP1316364,K,N,D,U,P,1,3,1,6,3,6,4,0,P,KIA,SED,SV,3,17,4709,,0,1145,,G,,F,6,213,,,15R215,,,,,,0,0,000000000,00000000000,0,0,0,1,0,0,0,0,0,0,0,998,0,0,0,6,6,4,1,12,0,0,0,1,47,37687,6,1,0,0,3,1,69,200,0,0,0,0,0,0,0,0,0,0,0,0,0,0,5,2,45,1,1,2,1,0,0,1,53,1,1,1,25,0,0
47,470468,2,2,1,13,7,17,30,12,1,1,0,47,2,37,706,37706,80,1985,1HFSC1802FA0,1,H,F,S,C,1,8,0,2,F,A,0,0,M,HOND,VT1,RS,85,17,,,,,,,1100,,2,,4,540,,,,,,,0,0,000000000,00000000000,0,0,0,1,0,0,0,0,0,0,0,998,0,0,0,12,12,6,2,12,0,0,0,1,47,37683,2,1,0,0,2,0,71,190,0,0,0,0,0,0,0,0,0,0,36,0,0,0,5,2,45,1,1,2,1,0,0,6,51,1,1,3,24,1,1
47,470469,1,2,1,17,7,20,40,12,1,1,0,47,1,7,482,7482,31,2007,1D7HU18287S1,1,D,7,H,U,1,8,2,8,7,S,1,0,T,DODG,SQ1,CW,7,17,,2,1605,1405,RPC,G,,,8,348,,,,B,5197,02,E,44,0,0,000000000,00000000000,0,0,0,1,0,0,0,0,0,0,0,998,0,0,0,12,98,6,2,12,0,0,0,1,47,38016,6,1,6,0,3,3,69,195,0,0,0,0,0,0,0,0,0,0,36,0,0,0,6,1,65,1,1,2,1,0,0,16,50,1,1,1,20,0,1
47,470469,2,2,1,17,7,20,40,12,1,1,0,47,2,12,3,12003,1,2007,1ZVFT84N1753,1,Z,V,F,T,8,4,N,1,7,5,3,0,P,FORD,MUS,CV,7,17,3352,,0,1071,,G,,F,6,244,,,16R215,,,,,,0,0,000000000,00000000000,0,0,0,1,0,0,0,0,0,0,0,0,0,0,0,6,98,6,2,12,0,0,0,1,47,38016,6,1,0,0,3,0,71,215,1,1,0,1,0,2,2009,5,2010,0,0,0,0,0,6,1,65,1,1,2,1,0,0,7,98,1,1,1,21,1,0
47,470470,1,2,1,21,7,20,44,8,0,1,0,47,1,7,43,7043,2,2002,4B3AG52H42E1,4,B,3,A,G,5,2,H,4,2,E,1,0,P,DODG,SRS,CP,2,17,3100,,0,1037,,G,,F,6,181,,,17R215,,,,,,0,0,000000000,00000000000,0,0,0,1,0,0,0,0,0,0,0,998,0,0,0,1,1,6,2,8,0,0,0,1,47,37355,6,1,0,0,3,0,63,160,1,0,0,0,0,4,2011,4,2011,0,0,0,0,0,5,4,40,1,1,2,1,0,0,1,80,1,1,1,13,0,0
47,470470,2,2,2,21,7,20,44,8,0,1,0,47,2,20,481,20481,31,1992,1GCDC14K3NZ1,1,G,C,D,C,1,4,K,3,N,Z,1,0,T,CHEV,GC1,PK,92,17,,1,1315,1175,GM4,G,,,8,350,,,,B,3718,04,,42,0,0,000000000,00000000000,0,0,0,1,0,0,0,0,0,0,0,998,0,0,0,98,98,0,1,8,0,0,0,1,47,37355,6,1,0,0,3,0,76,180,0,0,0,0,0,0,0,0,0,0,0,0,0,0,5,4,40,1,1,2,1,0,0,1,80,1,1,1,98,0,0
47,470471,1,1,1,22,7,6,15,1,0,1,0,47,1,12,401,12401,14,1998,1FMZU34E7WUB,1,F,M,Z,U,3,4,E,7,W,U,B,0,P,FORD,EPR,UT,98,17,4146,,0,1115,,G,,F,6,245,,,15R225,,,,,,0,0,000000000,00000000000,0,0,0,1,0,0,0,0,0,0,0,998,0,2,1,0,98,6,2,1,0,0,0,1,47,37307,6,1,0,0,3,0,70,180,0,0,0,0,0,0,0,0,0,0,28,0,0,0,1,2,55,1,6,2,1,0,0,1,8,6,7,2,98,1,1
47,470472,1,2,4,30,8,18,15,12,2,1,0,47,2,12,422,12422,15,2004,1FMFU16L84LB,1,F,M,F,U,1,6,L,8,4,L,B,0,P,FORD,EPT,UT,4,17,5394,,0,1191,,G,,F,8,330,,,17R265,,,,,,0,0,000000000,00000000000,0,0,0,1,0,0,0,0,0,0,0,998,0,0,0,12,98,6,2,2,0,0,1,1,47,37748,2,1,0,0,2,0,63,160,1,0,0,0,1,5,2009,5,2011,0,28,0,0,0,1,2,55,1,1,2,1,0,0,1,10,1,1,2,50,4,0
47,470472,2,2,1,30,8,18,15,12,2,1,0,93,3,51,883,51883,66,2000,4V4ND1JJ4YN2,4,V,4,N,D,1,J,J,4,Y,N,2,1,T,VOLV,VVN,TR,0,17,,8,0,0,VVN,D,,,6,855,,,,,00000,00,,64,1,57,01545319,5701545319,3,6,1,1,0,0,0,0,0,0,0,998,0,0,0,12,98,6,2,12,0,0,1,1,47,37748,6,1,6,0,3,0,75,350,1,0,0,0,0,8,2011,8,2011,0,0,0,0,0,1,2,55,1,1,2,1,0,0,1,54,9,1,1,51,0,0
47,470473,1,2,2,30,6,21,5,12,6,1,0,47,2,37,31,37031,2,1998,2HGEJ6349WH1,2,H,G,E,J,6,3,4,9,W,H,1,0,P,HOND,UCD,2H,98,17,2253,,0,1032,,G,,F,4,097,,,14R185,,,,,,0,0,000000000,00000000000,0,0,0,1,0,0,0,0,0,0,0,44,0,0,0,9,9,6,2,12,0,0,0,1,47,37048,6,1,0,0,3,0,72,165,1,0,0,0,0,3,2011,3,2011,0,39,0,0,0,6,1,30,1,1,2,1,1,3,11,15,1,1,1,82,1,0
47,470473,2,2,1,30,6,21,5,12,6,1,0,47,1,12,881,12881,61,1988,1FDKF37G4JKB,1,F,D,K,F,3,7,G,4,J,K,B,0,T,FORD,F35,CB,88,17,,3,1610,1330,COF,G,,,8,460,,,,D,00000,00,A,42,0,88,888888888,88888888888,2,1,97,1,0,0,0,0,0,0,0,39,0,0,0,12,12,4,3,12,0,0,0,1,47,37072,6,1,0,0,3,1,71,150,0,1,0,0,0,6,2011,6,2011,0,0,0,0,0,1,2,70,1,1,2,1,1,3,1,67,4,1,1,83,0,0
47,470474,1,1,3,22,6,23,38,33,0,1,0,47,2,34,37,34037,4,1989,WBAGC8311KDC,W,B,A,G,C,8,3,1,1,K,D,C,0,P,BMW,75L,4D,89,17,4235,,0,1160,,G,,F,12,304,,,15R225,,,,,,0,0,000000000,00000000000,0,0,0,1,0,0,0,0,0,0,0,998,0,1,5,12,98,6,2,1,0,0,1,1,47,38127,1,1,0,0,2,0,70,152,1,0,0,0,0,3,2010,3,2010,1,0,0,0,0,5,2,45,3,1,2,1,0,0,14,6,1,1,4,1,1,0
47,470475,1,1,3,23,7,9,33,23,0,1,0,47,2,18,3,18003,4,1990,1G4CW54C8L16,1,G,4,C,W,5,4,C,8,L,1,6,0,P,BUIC,EPF,4D,90,17,3236,,0,1108,,G,,F,6,231,,,15R205,,,,,,0,0,000000000,00000000000,0,0,0,1,0,0,0,0,0,0,0,998,0,0,0,12,98,6,2,23,0,0,0,1,47,38024,6,1,0,0,3,1,63,119,1,1,0,0,0,9,2008,5,2009,0,28,0,0,0,1,2,30,1,4,2,1,0,0,1,10,1,1,4,15,2,0
47,470476,1,2,2,24,7,16,35,12,6,1,0,47,1,52,34,52034,4,1995,4A3AJ56G8SE2,4,A,3,A,J,5,6,G,8,S,E,2,0,P,MITS,UEL,4D,95,17,2866,,0,1037,,G,,F,4,143,,,14R185,,,,,,0,0,000000000,00000000000,0,0,0,1,0,0,0,0,0,0,0,998,0,0,0,9,98,6,2,12,0,0,0,1,47,37660,6,1,0,0,3,0,69,180,0,0,0,1,0,12,2010,12,2010,0,28,58,87,0,1,2,40,3,1,2,2,0,0,14,5,9,4,2,62,0,0
47,470476,2,2,1,24,7,16,35,12,6,1,0,51,1,72,706,72706,80,2005,1HD1FCW115Y6,1,H,D,1,F,C,W,1,1,5,Y,6,0,M,HD,FLU,RS,5,17,,,,,,,1450,,2,,4,788,,,,,,,0,0,000000000,00000000000,0,0,0,1,0,0,0,0,0,0,0,998,0,0,0,11,98,6,2,12,0,0,0,1,51,24251,6,1,0,0,3,0,75,245,0,0,0,0,0,0,0,0,0,0,0,0,0,0,1,2,40,1,1,2,2,0,0,1,62,1,1,1,62,1,0
47,470477,1,1,1,24,7,22,33,25,0,1,0,24,1,49,40,49040,4,2010,4T1BF3EK0AU0,4,T,1,B,F,3,E,K,0,A,U,0,0,P,TOYT,CBA,4D,10,17,3263,,0,1093,,G,,F,4,152,,,16R215,,,,,,0,0,000000000,00000000000,0,0,0,1,0,0,0,0,0,0,0,998,0,0,0,12,98,6,2,25,0,0,0,1,24,21208,6,1,0,0,3,0,72,185,0,0,0,0,0,0,0,0,0,0,36,41,51,0,3,4,70,1,1,2,1,0,0,1,13,1,1,4,1,1,1
47,470478,1,2,1,20,7,18,50,12,6,1,0,47,1,23,471,23471,30,2000,1GTCS19W0Y82,1,G,T,C,S,1,9,W,0,Y,8,2,0,T,GMC,SON,PC,0,17,,1,0,1229,SON,G,,,6,262,,,,B,3242,00,U,42,0,0,000000000,00000000000,0,0,0,1,0,0,0,0,0,0,0,998,0,0,0,5,5,6,2,12,0,0,0,1,47,38053,6,1,0,0,3,0,62,130,0,0,0,0,0,0,0,0,0,0,36,38,0,0,2,2,55,1,1,2,1,0,0,11,15,1,1,2,68,0,0
47,470478,2,2,4,20,7,18,50,12,6,1,0,47,1,2,404,2404,14,2001,1J4FT48S01L5,1,J,4,F,T,4,8,S,0,1,L,5,0,T,JEEP,SPT,4W,1,17,,1,0,1014,CHK,G,,,6,244,,,,,3084,00,E,42,0,0,000000000,00000000000,0,0,0,1,0,0,0,0,0,0,0,998,0,1,5,12,12,6,2,1,0,0,0,1,47,38053,6,1,0,0,3,0,62,135,0,0,0,0,0,0,0,0,0,0,0,0,0,0,2,2,55,1,5,2,1,0,0,1,55,7,1,1,69,1,0
47,470479,1,1,1,23,7,3,6,8,0,1,1,47,1,12,471,12471,30,2003,1FTYR44V83TA,1,F,T,Y,R,4,4,V,8,3,T,A,0,T,FORD,RNS,4C,3,17,,1,0,1257,RNG,F,,,6,182,,,,B,3547,00,U,42,0,0,000000000,00000000000,0,0,0,1,0,0,0,0,0,0,0,998,0,0,0,12,12,6,2,8,0,0,0,1,47,37923,6,1,0,0,3,0,68,180,1,2,0,1,2,7,2009,5,2011,0,28,0,0,0,3,5,55,1,1,2,1,0,0,1,13,1,1,4,13,0,1
47,470480,1,1,10,23,7,15,15,1,0,1,0,47,1,12,401,12401,14,2004,1FMZU73K64UA,1,F,M,Z,U,7,3,K,6,4,U,A,0,P,FORD,EPR,UT,4,17,4094,,0,1137,,F,,F,6,245,,,16R235,,,,,,0,0,000000000,00000000000,0,0,0,1,0,0,0,0,0,0,0,998,0,2,3,0,98,6,2,1,0,0,0,1,47,37013,2,1,0,0,2,0,66,127,0,0,0,0,0,0,0,0,0,1,28,58,87,92,2,2,65,3,6,2,2,0,0,14,5,8,4,4,7,1,0
47,470481,1,1,1,25,7,6,59,42,0,1,0,51,1,48,34,48034,4,2003,4S3BE6352372,4,S,3,B,E,6,3,5,2,3,7,2,0,P,SUBA,ULE,4D,3,17,3225,,0,1043,,G,,F,4,153,,,16R205,,,,,,0,0,000000000,00000000000,0,0,0,1,0,0,0,0,0,0,0,998,0,0,0,9,9,6,2,42,0,0,0,1,47,37643,6,1,0,0,3,0,73,185,0,0,0,0,0,0,0,0,0,0,28,58,0,0,1,2,55,1,6,2,1,0,0,1,13,8,4,4,2,1,0
47,470482,1,2,1,26,7,14,42,12,2,1,0,47,1,23,481,23481,31,1997,1GTEC19R8VE5,1,G,T,E,C,1,9,R,8,V,E,5,0,T,GMC,SC1,PC,97,17,,2,1555,1415,SIE,G,,,8,350,,,,B,00000,00,E,42,0,0,000000000,00000000000,0,0,0,1,0,0,0,0,0,0,0,998,0,0,0,12,12,6,2,12,0,0,0,1,47,37129,6,1,0,0,3,1,71,175,0,0,0,0,0,0,0,0,0,0,28,0,0,0,1,2,45,3,2,2,1,0,0,14,10,1,1,2,50,1,0
47,470482,2,2,3,26,7,14,42,12,2,1,0,47,1,12,481,12481,31,1999,1FTSW30F1XEE,1,F,T,S,W,3,0,F,1,X,E,E,0,T,FORD,F3S,CW,99,17,,2,1724,1562,SRW,D,,,8,444,,,,D,5500,01,E,42,0,0,000000000,00000000000,0,0,0,1,0,0,0,0,0,0,0,998,0,0,0,12,12,6,2,12,0,0,0,1,47,37129,6,1,0,0,3,0,68,175,0,0,0,0,0,0,0,0,0,0,0,0,0,0,1,2,45,3,2,2,1,0,0,14,54,9,1,1,51,0,0
47,470483,1,2,3,27,7,20,30,12,6,1,0,1,3,12,881,12881,61,2003,1FDXW46P33EB,1,F,D,X,W,4,6,P,3,3,E,B,0,T,FORD,F4D,CH,3,17,,4,0,1890,DRW,D,,,8,366,,,,,00000,00,E,42,0,88,888888888,88888888888,2,1,97,1,0,0,0,0,0,0,0,998,0,0,0,3,98,6,2,12,0,0,0,1,47,38372,6,1,0,0,3,0,74,200,0,0,0,0,0,0,0,0,0,0,0,0,0,0,1,2,55,3,1,2,1,0,0,14,62,6,1,1,65,0,0
47,470483,2,2,1,27,7,20,30,12,6,1,0,47,1,12,17,12017,4,2003,1FAFP53U23A2,1,F,A,F,P,5,3,U,2,3,A,2,0,P,FORD,TSE,4D,3,17,3336,,0,1085,,G,,F,6,182,,,16R215,,,,,,0,0,000000000,00000000000,0,0,0,1,0,0,0,0,0,0,0,998,0,1,5,1,98,6,2,1,0,0,0,1,47,38372,6,1,0,0,3,0,65,180,1,0,0,0,0,8,2010,8,2010,0,28,51,0,0,1,2,55,2,1,2,1,0,0,14,10,1,1,2,64,1,0
47,470484,1,2,1,27,7,19,15,12,1,1,0,47,1,12,481,12481,31,2006,1FTPX12556NA,1,F,T,P,X,1,2,5,5,6,N,A,0,T,FORD,F15,4C,6,17,,2,0,1450,COF,G,,,8,329,,,,B,5065,04,E,42,0,0,000000000,00000000000,0,0,0,1,0,0,0,0,0,0,0,998,0,0,0,12,12,6,2,12,0,0,0,1,47,38017,6,1,0,0,3,1,73,205,1,0,0,0,0,10,2008,10,2008,0,92,0,0,0,2,3,55,1,1,2,1,0,0,1,51,1,1,1,24,0,0
47,470484,2,2,3,27,7,19,15,12,1,1,0,47,1,37,32,37032,4,1996,1HGCD5656TA1,1,H,G,C,D,5,6,5,6,T,A,1,0,P,HOND,UER,4D,96,17,2974,,0,1069,,G,,F,4,132,,,15R195,,,,,,0,0,000000000,00000000000,0,0,0,1,0,0,0,0,0,0,0,998,0,0,0,6,6,6,2,12,0,0,0,1,47,38019,6,1,0,0,3,0,72,365,0,1,0,1,0,4,2009,5,2009,0,45,92,0,0,2,3,55,1,1,2,1,0,0,1,1,1,1,1,25,1,0
47,470485,1,1,1,28,7,22,30,30,0,1,0,92,0,37,733,37733,90,2006,1HFTE2141646,1,H,F,T,E,2,1,4,1,6,4,6,0,M,HOND,T2E,AT,6,17,,,,,,,229,,1,,4,425,,,,,,,0,0,000000000,00000000000,0,0,0,1,0,0,0,0,0,0,0,998,0,0,0,11,11,6,2,30,0,0,0,1,47,37362,0,0,0,0,0,0,999,999,0,0,0,0,0,0,0,0,0,0,18,24,28,0,1,2,35,2,6,2,1,0,0,14,12,1,1,4,6,1,0
47,470486,1,1,3,29,7,14,30,32,0,1,0,47,1,49,40,49040,4,1998,4T1BG22K0WU2,4,T,1,B,G,2,2,K,0,W,U,2,0,P,TOYT,CXL,4D,98,17,2998,,0,1051,,G,,F,4,132,,,14R195,,,,,,0,0,000000000,00000000000,0,0,0,1,0,0,0,0,0,0,0,998,0,0,0,12,12,6,2,32,0,0,0,1,47,37312,6,1,0,0,3,1,70,140,0,0,0,1,0,1,2011,1,2011,0,4,28,0,0,2,2,45,1,2,2,1,0,0,1,13,1,1,4,1,1,1
47,470487,1,1,2,29,7,4,45,8,0,1,1,47,1,12,481,12481,31,1990,1FTEF14N6LNA,1,F,T,E,F,1,4,N,6,L,N,A,0,T,FORD,F15,PK,90,17,,2,1330,1170,COF,G,,,8,302,,,,B,3800,01,A,44,0,0,000000000,00000000000,0,0,0,1,0,0,0,0,0,0,0,998,0,0,0,14,99,2,1,8,0,0,0,1,47,37891,2,1,0,0,2,2,74,175,0,1,1,0,0,10,2009,1,2010,0,36,74,92,0,1,2,35,1,2,2,1,0,0,1,80,1,1,1,13,0,1
47,470488,1,1,1,31,7,19,10,18,0,1,0,47,1,76,706,76706,80,1990,JYA1TEE05LA0,J,Y,A,1,T,E,E,0,5,L,A,0,0,M,YAMA,V11,RS,90,17,,,,,,,1063,,2,,4,487,,,,,,,0,0,000000000,00000000000,0,0,0,1,0,0,0,0,0,0,0,998,0,0,0,12,98,6,2,18,0,0,0,1,47,37209,6,1,6,0,3,9,66,140,0,0,0,0,0,0,0,0,0,0,28,0,0,0,2,4,55,4,1,2,1,0,0,14,9,1,1,4,6,1,0