STATE,ST_CASE,VEH_NO,VE_FORMS,NUMOCCS,DAY,MONTH,HOUR,MINUTE,HARM_EV,MAN_COLL,UNITTYPE,HIT_RUN,REG_STAT,OWNER,MAKE,MODEL,MAK_MOD,BODY_TYP,MOD_YEAR,VIN,VIN_1,VIN_2,VIN_3,VIN_4,VIN_5,VIN_6,VIN_7,VIN_8,VIN_9,VIN_10,VIN_11,VIN_12,TOW_VEH,VINTYPE,VINMAKE,VINA_MOD,VIN_BT,VINMODYR,VIN_LNGT,VIN_WGT,WGTCD_TR,WHLBS_LG,WHLBS_SH,SER_TR,FUELCODE,MCYCL_DS,CARBUR,CYLINDER,DISPLACE,MCYCL_CY,MCYCL_WT,TIRE_SZE,TON_RAT,TRK_WT,TRKWTVAR,VIN_REST,WHLDRWHL,J_KNIFE,MCARR_I1,MCARR_I2,MCARR_ID,GVWR,V_CONFIG,CARGO_BT,HAZ_INV,HAZ_PLAC,HAZ_ID,HAZ_CNO,HAZ_REL,BUS_USE,SPEC_USE,EMER_USE,TRAV_SP,UNDERIDE,ROLLOVER,ROLINLOC,IMPACT1,IMPACT2,DEFORMED,TOWED,M_HARM,VEH_SC1,VEH_SC2,FIRE_EXP,DR_PRES,L_STATE,DR_ZIP,L_STATUS,L_TYPE,CDL_STAT,L_ENDORS,L_COMPL,L_RESTRI,DR_HGT,DR_WGT,PREV_ACC,PREV_SUS,PREV_DWI,PREV_SPD,PREV_OTH,FIRST_MO,FIRST_YR,LAST_MO,LAST_YR,SPEEDREL,DR_SF1,DR_SF2,DR_SF3,DR_SF4,VTRAFWAY,VNUM_LAN,VSPD_LIM,VALIGN,VPROFILE,VPAVETYP,VSURCOND,VTRAFCON,VTCONT_F,P_CRASH1,P_CRASH2,P_CRASH3,PCRASH4,PCRASH5,ACC_TYPE,DEATHS,DR_DRINK
47,470489,1,1,1,29,7,23,9,8,0,1,1,1,2,12,422,12422,15,2005,1FMFU17515LA,1,F,M,F,U,1,7,5,1,5,L,A,0,P,FORD,EPT,UT,5,17,5352,,0,1191,,G,,F,8,330,,,17R265,,,,,,0,0,000000000,00000000000,0,0,0,1,0,0,0,0,0,0,0,998,0,0,0,6,6,4,1,8,0,0,0,1,47,37411,6,1,0,0,3,0,61,180,0,0,0,0,0,0,0,0,0,0,31,36,0,0,1,2,30,1,1,2,1,0,0,13,80,1,1,1,98,0,1
47,470490,1,1,1,20,7,3,48,42,0,1,0,47,1,41,441,41441,20,2001,JM3LW28Y6101,J,M,3,L,W,2,8,Y,6,1,0,1,0,P,MAZD,MWG,SV,1,17,3657,,0,1118,,G,,F,6,152,,,15R205,,,,,,0,0,000000000,00000000000,0,0,0,1,0,0,0,0,0,0,0,998,0,0,0,12,98,6,2,42,0,0,0,1,47,37876,6,1,0,0,3,0,62,150,0,3,0,1,0,11,2009,7,2010,0,0,0,0,0,1,2,30,4,1,2,1,0,0,14,12,1,1,4,6,1,1
47,470491,1,1,1,5,7,99,99,53,0,1,0,47,1,14,401,14401,14,1998,4M2ZU52E6WUJ,4,M,2,Z,U,5,2,E,6,W,U,J,0,P,MERC,MOU,UT,98,17,4139,,0,1120,,G,,F,6,245,,,15R225,,,,,,0,0,000000000,00000000000,0,0,0,1,0,0,0,0,0,0,0,998,0,1,5,12,98,6,2,1,0,0,0,1,47,38305,6,1,0,0,3,0,65,150,0,1,0,0,0,4,2010,4,2010,0,58,0,0,0,1,2,30,1,1,2,1,0,0,1,11,6,1,4,1,1,1
47,470492,1,1,3,13,7,14,46,42,0,1,0,47,1,12,471,12471,30,1984,1FTBR10A3EUD,1,F,T,B,R,1,0,A,3,E,U,D,0,T,FORD,RNG,PK,84,17,,1,1139,1079,RNG,G,,,4,140,,,,B,2451,01,,42,0,0,000000000,00000000000,0,0,0,1,0,0,0,0,0,0,0,998,0,0,0,12,12,6,2,42,0,0,0,1,47,37347,6,1,0,0,3,0,65,156,0,0,0,0,0,0,0,0,0,0,0,0,0,0,3,2,60,1,1,2,1,28,3,1,1,1,7,4,7,1,0
47,470493,1,2,1,31,7,1,32,12,2,1,0,13,2,2,403,2403,14,2002,1J4FA39S52P7,1,J,4,F,A,3,9,S,5,2,P,7,0,T,JEEP,WRX,2W,2,17,,1,0,934,W/T,G,,,6,244,,,,,3255,00,E,44,0,0,000000000,00000000000,0,0,0,1,0,0,0,0,0,0,0,998,0,0,0,12,12,6,2,12,0,0,0,1,47,37377,6,1,0,0,3,0,64,135,0,0,0,1,0,10,2010,10,2010,0,51,0,0,0,3,2,55,1,2,2,1,0,0,1,98,1,1,1,52,0,1
47,470493,2,2,1,31,7,1,32,12,2,1,0,47,1,6,442,6442,20,2000,1C4GJ44GXYB7,1,C,4,G,J,4,4,G,X,Y,B,7,0,T,CHRY,GSE,ES,0,17,,1,0,1193,VOV,F,,,6,201,,,,,3863,00,,42,0,0,000000000,00000000000,0,0,0,1,0,0,0,0,0,0,0,998,0,0,0,12,12,6,2,12,0,0,0,1,47,37412,6,1,0,0,3,0,73,175,0,1,0,0,0,2,2010,2,2010,0,0,0,0,0,3,2,55,1,2,2,1,0,0,1,54,1,1,1,52,1,0
47,470494,1,2,1,11,7,16,28,12,6,1,0,47,1,18,7,18007,4,1999,2G4WS52M6X15,2,G,4,W,S,5,2,M,6,X,1,5,0,P,BUIC,CCU,4D,99,17,3353,,0,1090,,G,,F,6,191,,,15R205,,,,,,0,0,000000000,00000000000,0,0,0,1,0,0,0,0,0,0,0,998,0,0,0,12,98,6,2,12,0,0,0,1,47,37645,6,2,0,0,3,1,75,220,0,0,0,0,0,0,0,0,0,0,0,0,0,0,2,2,55,1,1,2,1,0,0,1,68,1,1,1,88,0,0
47,470494,2,2,1,11,7,16,28,12,6,1,0,47,1,99,709,99709,88,2008,LHJLC79K78B0,L,H,J,L,C,7,9,K,7,8,B,0,0,U,,,,8,17,,,,,,,,,,,,,,,,,,,0,0,000000000,00000000000,0,0,0,1,0,0,0,0,0,0,0,998,0,0,0,62,98,6,2,12,0,0,0,1,47,37642,6,1,0,0,2,1,72,190,0,0,0,0,0,0,0,0,0,0,38,0,0,0,4,1,30,1,1,2,1,20,3,4,17,1,1,1,89,1,0
47,470495,1,2,1,5,7,5,55,12,2,1,0,47,2,20,481,20481,31,1974,CCV144A15821,C,C,V,1,4,4,A,1,5,8,2,1,0,T,CHEV,C10,PK,74,13,,1,1315,1060,C10,D,,,8,350,,,,B,3495,04,,42,0,0,000000000,00000000000,0,0,0,1,0,0,0,0,0,0,0,998,0,0,0,12,98,6,2,12,0,0,0,1,47,38551,6,1,6,0,3,0,72,165,0,0,0,0,0,0,0,0,0,0,38,0,0,0,1,2,55,1,1,2,1,0,0,11,15,1,1,1,68,1,0
47,470495,2,2,1,5,7,5,55,12,2,1,0,47,1,20,481,20481,31,1994,2GCEK19K6R11,2,G,C,E,K,1,9,K,6,R,1,1,0,T,CHEV,GK1,PC,94,17,,2,1555,1415,GM4,G,,,8,350,,,,B,4032,00,,44,0,0,000000000,00000000000,0,0,0,1,0,0,0,0,0,0,0,998,0,0,0,12,98,6,2,12,0,0,0,1,47,38501,6,1,0,0,3,0,69,160,0,0,0,0,0,0,0,0,0,0,0,0,0,0,1,2,55,1,1,2,1,0,0,1,54,7,1,1,69,0,0
47,470496,1,1,3,31,7,0,20,34,0,1,0,47,2,37,32,37032,4,2007,1HGCM56847A0,1,H,G,C,M,5,6,8,4,7,A,0,0,P,HOND,UEX,4D,7,17,3228,,0,1079,,G,,F,4,146,,,16R205,,,,,,0,0,000000000,00000000000,0,0,0,1,0,0,0,0,0,0,0,80,0,1,5,11,98,6,2,1,0,0,0,1,47,38301,6,1,0,0,3,0,66,145,0,0,0,0,0,0,0,0,0,1,36,58,0,0,3,4,55,1,1,2,1,0,0,1,6,7,2,4,2,1,1
47,470497,1,3,3,31,7,10,47,12,1,1,0,48,2,12,17,12017,4,1997,1FALP52U6VG2,1,F,A,L,P,5,2,U,6,V,G,2,0,P,FORD,TAG,4D,97,17,3329,,0,1085,,G,,F,6,182,,,15R205,,,,,,0,0,000000000,00000000000,0,0,0,1,0,0,0,0,0,0,0,998,0,0,0,12,98,6,2,12,0,0,0,1,48,75644,6,1,0,0,3,1,999,999,0,0,0,1,0,7,2009,7,2009,0,92,0,0,0,2,2,70,1,5,2,1,0,0,1,52,2,1,1,28,0,0
47,470497,2,3,1,31,7,10,47,12,1,1,0,47,1,54,39,54039,4,2007,JH4CL96837C0,J,H,4,C,L,9,6,8,3,7,C,0,0,P,ACUR,TSX,4D,7,17,3345,,0,1051,,G,,F,4,146,,,17R215,,,,,,0,0,000000000,00000000000,0,0,0,1,0,0,0,0,0,0,0,998,0,0,0,6,98,6,2,12,0,0,0,1,47,38052,6,1,0,0,3,0,66,140,1,0,0,0,1,2,2010,4,2010,0,0,0,0,0,2,2,70,1,5,2,1,0,0,2,53,1,1,1,29,1,0
47,470497,3,3,1,31,7,10,47,12,1,1,0,21,1,73,706,73706,80,2010,JKAEXEC1XADA,J,K,A,E,X,E,C,1,X,A,D,A,0,M,KAWK,E6C,RC,10,17,,,,,,,649,,2,,4,441,,,,,,,0,0,000000000,00000000000,0,0,0,1,0,0,0,0,0,0,0,998,0,0,0,6,98,6,2,12,0,0,0,1,21,40360,6,1,0,0,3,0,71,156,0,0,0,1,0,11,2008,11,2008,0,0,0,0,0,2,2,70,1,5,2,1,0,0,2,53,1,1,1,98,0,0
47,470498,1,2,4,23,7,4,3,1,0,1,0,14,2,23,401,23401,14,2005,1GKET16S0561,1,G,K,E,T,1,6,S,0,5,6,1,0,T,GMC,EXL,4W,5,17,,2,0,1290,ENV,G,,,6,256,,,,B,4954,00,E,44,0,0,000000000,00000000000,0,0,0,1,0,0,0,0,0,0,0,998,0,1,3,0,0,6,2,1,0,0,0,1,17,62263,6,1,0,0,3,1,66,200,0,0,0,0,0,0,0,0,0,0,28,58,0,0,3,2,70,1,1,2,1,0,0,17,90,6,2,4,9,1,0
47,470498,2,2,1,23,7,4,3,1,0,1,0,12,1,37,402,37402,14,2009,5J6RE38789L0,5,J,6,R,E,3,8,7,8,9,L,0,0,P,HOND,CRV,UT,9,17,3430,,0,1031,,G,,F,4,146,,,17R225,,,,,,0,0,000000000,00000000000,0,0,0,1,0,0,0,0,0,0,0,998,0,0,0,12,12,4,1,54,0,0,0,1,12,34276,6,1,0,0,3,0,60,999,0,0,0,1,0,2,2011,2,2011,0,0,0,0,0,2,2,70,1,1,2,1,0,0,1,98,1,1,1,98,0,0
47,470499,1,1,1,3,8,7,0,42,0,1,0,47,1,35,481,35481,31,2008,1N6BA06A38N3,1,N,6,B,A,0,6,A,3,8,N,3,0,T,NISS,TXS,PC,8,17,,2,0,1398,TTN,F,,,8,342,,,,B,4844,00,4,42,0,0,000000000,00000000000,0,0,0,1,0,0,0,0,0,0,0,998,0,0,0,12,12,6,2,42,0,0,0,1,47,37769,6,1,0,0,3,0,74,300,0,0,0,0,0,0,0,0,0,0,0,0,0,0,1,2,35,1,1,2,1,0,0,1,13,1,1,4,1,1,0
47,470500,1,1,1,10,4,9,40,35,0,1,0,47,1,18,7,18007,4,2004,2G4WS52J7412,2,G,4,W,S,5,2,J,7,4,1,2,0,P,BUIC,CCU,4D,4,17,3342,,0,1090,,G,,F,6,189,,,15R205,,,,,,0,0,000000000,00000000000,0,0,0,1,0,0,0,0,0,0,0,998,0,1,5,12,98,6,2,1,0,0,0,1,47,38041,6,1,0,0,3,0,67,125,0,0,0,0,0,0,0,0,0,0,0,0,0,0,1,2,55,1,1,2,1,0,0,1,13,1,1,4,1,1,0
47,470501,1,1,1,24,5,20,1,35,0,1,0,47,1,12,23,12023,4,2009,3FAHP081X9R1,3,F,A,H,P,0,8,1,X,9,R,1,0,P,FORD,F/L,4D,9,17,3325,,0,1074,,G,,F,6,183,,,17R225,,,,,,0,0,000000000,00000000000,0,0,0,1,0,0,0,0,0,0,0,998,0,0,0,12,12,6,2,35,0,0,0,1,47,37134,6,1,0,0,3,0,69,168,1,1,2,0,0,12,2008,3,2009,0,0,0,0,0,1,2,55,1,1,2,2,0,0,1,12,1,1,4,6,1,0
47,470502,1,1,1,28,5,5,42,30,0,1,0,47,1,20,22,20022,4,2006,1G1AK55FX678,1,G,1,A,K,5,5,F,X,6,7,8,0,P,CHEV,BLS,4D,6,17,3216,,0,1033,,G,,F,4,134,,,15R195,,,,,,0,0,000000000,00000000000,0,0,0,1,0,0,0,0,0,0,0,998,0,1,5,12,98,6,2,30,0,0,0,1,47,37096,6,1,0,0,3,0,74,205,0,0,0,0,0,0,0,0,0,0,0,0,0,0,1,2,55,3,1,2,1,0,0,14,13,1,1,4,1,1,0
47,470503,1,2,1,26,9,8,7,12,2,1,0,47,2,12,481,12481,31,1994,1FTEF14N8RNA,1,F,T,E,F,1,4,N,8,R,N,A,0,T,FORD,F15,PK,94,17,,2,1330,1170,COF,G,,,8,302,,,,B,3886,01,M,44,0,0,000000000,00000000000,0,0,0,1,0,0,0,0,0,0,0,998,0,0,0,12,98,6,2,12,0,0,1,1,47,37336,6,1,0,0,3,1,74,320,0,0,0,0,0,0,0,0,0,0,28,0,0,0,1,2,45,1,1,2,1,0,0,1,10,1,1,2,50,1,1
47,470503,2,2,1,26,9,8,7,12,2,1,0,47,3,84,881,84881,66,1997,2HSFHAER9VC0,2,H,S,F,H,A,E,R,9,V,C,0,1,T,INTL,940,TR,97,17,,8,2340,1600,90S,D,,,6,855,,,,,00000,00,,64,1,57,01616727,5701616727,3,6,10,1,0,0,0,0,0,0,0,998,7,0,0,12,98,6,2,12,0,0,0,1,47,37311,6,1,6,0,3,0,69,210,0,0,0,0,0,0,0,0,0,0,0,0,0,0,1,2,45,1,1,2,1,0,0,1,54,9,1,1,51,0,1
47,470504,1,1,1,27,7,22,49,8,0,1,0,47,1,12,401,12401,14,1997,1FMDU34E6VZB,1,F,M,D,U,3,4,E,6,V,Z,B,0,P,FORD,EPR,UT,97,17,4166,,0,1115,,G,,F,6,245,,,15R225,,,,,,0,0,000000000,00000000000,0,0,0,1,0,0,0,0,0,0,0,998,0,0,0,12,12,4,1,8,0,0,0,1,47,38128,6,1,0,0,3,0,69,240,1,2,0,2,0,4,2009,4,2011,0,0,0,0,0,5,3,45,1,1,2,1,0,0,1,80,1,1,1,13,0,0
47,470505,1,2,1,11,7,16,42,12,6,1,0,47,1,18,2,18002,4,2001,1G4HP54K41U1,1,G,4,H,P,5,4,K,4,1,U,1,0,P,BUIC,LCF,4D,1,17,3567,,0,1122,,G,,F,6,231,,,15R215,,,,,,0,0,000000000,00000000000,0,0,0,1,0,0,0,0,0,0,0,998,0,0,0,12,98,6,2,12,0,0,0,1,47,37336,6,1,0,0,3,0,69,170,0,0,0,0,0,0,0,0,0,0,38,39,0,0,1,2,30,1,1,2,1,20,3,1,17,1,1,1,86,1,0
47,470505,2,2,1,11,7,16,42,12,6,1,0,47,1,20,23,20023,6,2009,3GNCA13B89S5,3,G,N,C,A,1,3,B,8,9,S,5,0,P,CHEV,HHR,UT,9,17,3155,,0,1035,,F,,F,4,134,,,16R215,,,,,,0,0,000000000,00000000000,0,0,0,1,0,0,0,0,0,0,0,998,0,0,0,1,98,6,2,12,0,0,0,1,47,37310,6,1,0,0,3,0,69,205,0,0,0,0,0,0,0,0,0,0,0,0,0,0,1,2,45,1,1,2,1,0,0,1,66,1,1,1,87,0,0
47,470506,1,1,1,3,8,99,99,35,0,1,0,0,0,12,998,12998,92,1970,C9NN6015A,C,9,N,N,6,0,1,5,A,,,,0,T,FORD,C90,TB,70,9,,7,1750,900,LTC,G,,,6,855,,,,GM,,,,42,0,0,000000000,00000000000,0,0,0,1,0,0,0,0,0,0,0,998,0,2,5,98,0,6,2,1,0,0,0,1,47,37881,1,1,0,0,2,0,68,255,0,0,0,0,0,0,0,0,0,0,0,0,0,0,1,2,35,1,1,2,1,0,0,1,13,1,1,4,1,1,1
47,470507,1,2,1,3,8,12,37,12,6,1,0,37,2,9,442,9442,20,1996,2P4FP2538TR6,2,P,4,F,P,2,5,3,8,T,R,6,0,P,PLYM,VOF,SV,96,17,3425,,0,1133,,G,,F,6,181,,,14R205,,,,,,0,0,000000000,00000000000,0,0,0,1,0,0,0,0,0,0,0,998,0,1,5,3,0,6,2,12,0,0,0,1,37,28607,6,1,0,0,3,1,71,999,0,0,0,0,0,0,0,0,0,0,28,58,0,0,1,2,55,3,6,2,1,0,0,14,10,8,4,2,64,1,0
47,470507,2,2,1,3,8,12,37,12,6,1,0,47,1,20,471,20471,30,1989,1GCCT14ZXK81,1,G,C,C,T,1,4,Z,X,K,8,1,0,T,CHEV,S14,PK,89,17,,1,1179,1083,S,G,,,6,262,,,,B,2954,01,,44,0,0,000000000,00000000000,0,0,0,1,0,0,0,0,0,0,0,998,0,0,0,12,12,6,2,12,0,0,0,1,47,37691,6,1,0,0,3,1,74,224,0,0,0,0,0,0,0,0,0,0,0,0,0,0,1,2,55,2,5,2,1,0,0,14,62,9,1,1,65,0,0
47,470509,1,4,1,29,7,12,17,12,1,1,0,47,2,23,481,23481,31,1999,1GTEK19T4XZ5,1,G,T,E,K,1,9,T,4,X,Z,5,0,T,GMC,NK1,3C,99,17,,2,1575,1435,SIE,G,,,8,325,,,,B,00000,00,U,44,0,0,000000000,00000000000,0,0,0,1,0,0,0,0,0,0,0,998,0,0,0,12,98,6,2,12,0,0,0,1,47,37087,2,1,0,0,2,0,66,116,1,0,1,0,0,3,2011,4,2011,1,36,92,0,0,1,4,40,1,1,2,1,0,0,1,8,1,1,1,20,0,1
47,470509,2,4,3,29,7,12,17,12,1,1,0,47,1,24,1,24001,4,1996,1G8ZK5274TZ1,1,G,8,Z,K,5,2,7,4,T,Z,1,0,P,STRN,SL2,4D,96,17,2350,,0,1024,,G,,F,4,116,,,15R185,,,,,,0,0,000000000,00000000000,0,0,0,1,0,0,0,0,0,0,0,0,0,0,0,6,98,6,2,12,0,0,0,1,47,37087,6,1,0,0,3,1,70,175,0,0,0,0,0,0,0,0,0,0,0,0,0,0,1,4,40,1,1,2,1,0,0,5,53,1,1,1,21,2,0
47,470509,3,4,1,29,7,12,17,12,1,1,0,47,1,49,32,49032,4,2007,2T1BR32E57C7,2,T,1,B,R,3,2,E,5,7,C,7,0,P,TOYT,UCS,4D,7,17,2530,,0,1024,,G,,F,4,109,,,15R185,,,,,,0,0,000000000,00000000000,0,0,0,1,0,0,0,0,0,0,0,0,0,0,0,6,98,6,2,54,0,0,0,1,47,37030,6,1,6,0,3,1,71,200,0,0,0,0,0,0,0,0,0,0,0,0,0,0,1,4,40,1,1,2,1,0,0,5,53,1,1,1,98,0,0
47,470509,4,4,1,29,7,12,17,12,1,1,0,47,3,20,481,20481,31,2002,1GCEK14T22Z2,1,G,C,E,K,1,4,T,2,2,Z,2,0,T,CHEV,SK1,PK,2,17,,2,1330,1190,SIL,G,,,8,325,,,,B,4376,01,,44,0,0,000000000,00000000000,0,0,0,1,0,0,0,0,0,0,0,0,0,0,0,6,6,2,3,54,0,0,0,1,47,37087,6,1,6,1,3,1,71,190,1,0,0,0,0,12,2010,12,2010,0,0,0,0,0,1,4,40,1,1,2,1,0,0,5,53,1,1,1,98,0,0
47,470510,1,2,1,5,8,9,4,12,6,1,0,47,1,7,472,7472,30,2004,1D7GL12K54S6,1,D,7,G,L,1,2,K,5,4,S,6,0,T,DODG,SXT,PC,4,17,,1,0,1309,DAK,G,,,6,225,,,,B,3751,01,E,42,0,0,000000000,00000000000,0,0,0,1,0,0,0,0,0,0,0,998,0,0,0,10,9,6,2,12,0,0,0,1,28,39211,6,1,0,0,3,0,68,180,0,0,0,0,0,0,0,0,0,0,38,0,0,0,1,2,30,1,1,2,1,20,1,1,15,1,1,1,89,1,0
47,470510,2,2,2,5,8,9,4,12,6,1,0,47,3,7,482,7482,31,2010,3D7JV1ET0AG1,3,D,7,J,V,1,E,T,0,A,G,1,0,T,DODG,150,PK,10,17,,2,1400,1200,RPC,G,,,8,348,,,,B,4893,02,L,44,0,0,000000000,00000000000,0,0,0,1,0,0,0,0,0,0,0,999,0,0,0,12,12,6,2,12,0,0,0,1,47,38105,6,1,6,0,3,3,67,196,0,0,0,1,0,5,2009,5,2009,0,0,0,0,0,3,2,40,1,1,2,1,0,0,1,66,6,1,1,88,0,0
47,470511,1,1,1,5,8,22,35,8,0,1,1,47,1,22,16,22016,1,1997,1G2JB5242V75,1,G,2,J,B,5,2,4,2,V,7,5,0,P,PONT,SFS,4D,97,17,2602,,0,1041,,G,,F,4,133,,,14R195,,,,,,0,0,000000000,00000000000,0,0,0,1,0,0,0,0,0,0,0,998,0,0,0,11,11,4,1,8,0,0,0,1,47,38112,2,1,0,0,2,0,71,175,0,0,0,0,0,0,0,0,0,0,0,0,0,0,5,3,40,1,1,2,1,0,0,1,80,1,1,1,13,0,0
47,470512,1,1,1,4,8,10,15,11,0,1,0,47,1,37,705,37705,80,2002,JH2RC44082K6,J,H,2,R,C,4,4,0,8,2,K,6,0,M,HOND,T7D,RS,2,17,,,,,,,745,,2,,4,496,,,,,,,0,0,000000000,00000000000,0,0,0,1,0,0,0,0,0,0,0,998,0,0,0,12,98,6,2,11,0,0,0,1,47,37331,6,1,0,0,3,0,68,195,0,0,0,0,0,0,0,0,0,0,99,99,99,99,1,2,55,1,1,2,1,0,0,1,87,1,1,1,13,1,0
47,470513,1,1,1,4,8,11,15,35,0,1,0,47,1,20,37,20037,4,2000,1G1ND52J9Y61,1,G,1,N,D,5,2,J,9,Y,6,1,0,P,CHEV,MAL,4D,0,17,3051,,0,1070,,G,,F,6,191,,,15R215,,,,,,0,0,000000000,00000000000,0,0,0,1,0,0,0,0,0,0,0,998,0,1,5,1,98,6,2,2,0,0,1,1,47,37129,6,1,0,0,3,1,75,260,4,0,0,0,1,1,2009,2,2011,0,28,58,0,0,3,2,70,1,1,2,1,0,0,1,13,9,2,4,2,1,0
47,470514,1,2,2,4,8,16,44,12,6,1,0,47,1,7,881,7881,61,1996,1B6MC3655TJ1,1,B,6,M,C,3,6,5,5,T,J,1,0,T,DODG,350,CB,96,17,,3,1627,1387,RPC,G,,,8,360,,,,D,4816,01,M,42,0,88,888888888,88888888888,2,1,97,1,0,0,0,0,0,0,0,998,0,0,0,1,1,6,2,12,0,0,0,1,47,37886,6,1,0,0,3,0,77,235,1,0,0,0,0,7,2010,7,2010,0,38,48,92,0,1,2,35,1,1,2,1,0,0,11,15,1,1,2,68,0,0
47,470514,2,2,2,4,8,16,44,12,6,1,0,47,1,53,706,53706,80,1996,JS1VX51L4T21,J,S,1,V,X,5,1,L,4,T,2,1,0,M,SUZI,VS4,RS,96,17,,,,,,,1360,,2,,4,535,,,,,,,0,0,000000000,00000000000,0,0,0,1,0,0,0,0,0,0,0,998,0,0,0,12,12,6,2,12,0,0,0,1,47,37804,6,1,0,0,3,0,67,210,0,0,0,0,0,0,0,0,0,0,99,99,99,99,1,2,35,1,1,2,1,0,0,1,67,1,1,1,69,1,0
47,470515,1,1,2,4,8,17,25,53,0,1,0,47,1,12,16,12016,4,1997,2FALP74WXVX1,2,F,A,L,P,7,4,W,X,V,X,1,0,P,FORD,CVL,4D,97,17,0,,0,1144,,G,,F,8,281,,,15R215,,,,,,0,0,000000000,00000000000,0,0,0,1,0,0,0,0,0,0,0,998,0,0,0,12,98,6,2,46,0,0,0,1,47,37643,6,1,0,0,3,0,68,155,0,0,0,0,0,0,0,0,0,0,0,0,0,0,5,2,40,3,1,2,1,1,3,14,13,1,1,4,1,2,0
47,470516,1,2,3,4,8,6,48,12,6,1,0,47,1,7,442,7442,20,1998,1B4GP44G3WB6,1,B,4,G,P,4,4,G,3,W,B,6,0,T,DODG,GSS,ES,98,17,,1,0,1193,CAR,F,,,6,201,,,,,3675,00,E,42,0,0,000000000,00000000000,0,0,0,1,0,0,0,0,0,0,0,998,0,0,0,1,1,6,2,12,0,0,0,1,47,38571,6,1,0,0,3,0,69,200,0,0,0,0,0,0,0,0,0,0,92,0,0,0,2,2,45,1,1,2,1,0,0,11,15,1,1,2,68,0,0
47,470516,2,2,1,4,8,6,48,12,6,1,0,47,1,72,706,72706,80,2009,1HD4CR2169K4,1,H,D,4,C,R,2,1,6,9,K,4,0,M,HD,XLL,RS,9,17,,,,,,,883,,2,,4,583,,,,,,,0,0,000000000,00000000000,0,0,0,1,0,0,0,0,0,0,0,998,0,0,0,12,98,6,2,12,0,0,0,1,47,38555,6,1,6,0,3,0,66,160,0,0,0,1,0,12,2010,12,2010,0,99,99,99,99,2,2,45,1,1,2,1,0,0,1,67,1,1,1,69,1,0
47,470517,1,1,1,5,8,18,20,16,0,1,0,47,1,12,880,12880,67,2004,1FTWW33P84ED,1,F,T,W,W,3,3,P,8,4,E,D,0,T,FORD,F3D,CW,4,17,,3,1720,1560,DRW,D,,,8,366,,,,D,6635,00,E,44,0,88,888888888,88888888888,2,1,97,1,0,0,0,0,0,0,0,998,0,0,0,0,98,6,2,16,0,0,0,1,47,37757,6,1,0,0,3,0,72,286,0,0,0,0,0,0,0,0,0,0,0,0,0,0,1,2,35,1,6,2,1,0,0,1,98,1,1,1,0,1,0
47,470518,1,1,1,28,9,8,49,1,0,1,0,93,3,82,881,82881,66,2000,1FUYSSEB9YPB,1,F,U,Y,S,S,E,B,9,Y,P,B,1,T,FRHT,FC2,TR,0,17,,8,0,0,CON,D,,,6,774,,,,,00000,00,,64,3,57,00507092,5700507092,3,6,11,1,0,0,0,0,0,0,0,998,0,2,1,0,98,6,2,1,0,0,0,1,45,29059,6,1,6,0,3,0,72,220,0,0,0,1,0,5,2011,5,2011,1,28,36,0,0,3,2,50,3,6,2,1,0,0,14,6,1,1,1,98,1,0
47,470519,1,1,1,6,8,14,30,1,0,1,0,47,2,37,31,37031,2,2002,1HGEM22972L0,1,H,G,E,M,2,2,9,7,2,L,0,0,P,HOND,UAX,CP,2,17,2590,,0,1031,,G,,F,4,102,,,15R185,,,,,,0,0,000000000,00000000000,0,0,0,1,0,0,0,0,0,0,0,999,0,2,1,0,98,6,2,1,0,0,0,1,47,37327,6,1,0,0,3,0,65,165,0,0,0,0,0,0,0,0,0,0,0,0,0,0,2,4,55,3,6,2,2,0,0,14,9,1,1,6,98,1,0
47,470520,1,2,1,28,2,15,55,12,6,1,0,47,1,30,40,30040,4,1995,3VWWC81H5SM1,3,V,W,W,C,8,1,H,5,S,M,1,0,P,VOLK,J3B,4D,95,17,2570,,0,974,,G,,F,4,121,,,14R185,,,,,,0,0,000000000,00000000000,0,0,0,1,0,0,0,0,0,0,0,998,1,0,0,12,98,6,2,12,0,0,0,1,47,38040,6,1,0,0,3,0,70,230,0,0,0,0,0,0,0,0,0,0,28,38,0,0,5,2,55,1,1,2,1,0,0,1,10,1,1,2,64,1,0
47,470520,2,2,1,28,2,15,55,12,6,1,0,93,3,82,881,82881,66,1999,1FUPCSZB3XLA,1,F,U,P,C,S,Z,B,3,X,L,A,1,T,FRHT,FLD,TR,99,17,,8,0,0,CON,D,,,6,774,,,,,00000,00,,64,1,57,256282,57256282,3,6,1,1,0,0,0,0,0,0,0,998,7,0,0,63,98,6,2,12,0,0,0,1,13,31419,6,1,6,0,3,0,69,220,98,0,0,0,0,0,0,0,0,0,0,0,0,0,5,2,55,1,1,2,1,0,0,1,62,1,1,1,65,0,0
47,470521,1,1,4,7,8,22,5,42,0,1,0,99,9,6,441,6441,20,1997,1C4GP54L1VB4,1,C,4,G,P,5,4,L,1,V,B,4,0,T,CHRY,TLX,ES,97,17,,1,0,1193,TWC,G,,,6,230,,,,,3973,00,,42,0,0,000000000,00000000000,0,0,0,1,0,0,0,0,0,0,0,998,0,0,0,12,98,6,2,42,0,0,0,1,13,30518,6,1,0,0,3,3,68,170,98,3,1,0,3,4,2009,9,2010,0,99,99,99,99,2,2,70,1,1,2,1,0,0,1,12,1,1,4,6,1,1