STATE,ST_CASE,VEH_NO,VE_FORMS,NUMOCCS,DAY,MONTH,HOUR,MINUTE,HARM_EV,MAN_COLL,UNITTYPE,HIT_RUN,REG_STAT,OWNER,MAKE,MODEL,MAK_MOD,BODY_TYP,MOD_YEAR,VIN,VIN_1,VIN_2,VIN_3,VIN_4,VIN_5,VIN_6,VIN_7,VIN_8,VIN_9,VIN_10,VIN_11,VIN_12,TOW_VEH,VINTYPE,VINMAKE,VINA_MOD,VIN_BT,VINMODYR,VIN_LNGT,VIN_WGT,WGTCD_TR,WHLBS_LG,WHLBS_SH,SER_TR,FUELCODE,MCYCL_DS,CARBUR,CYLINDER,DISPLACE,MCYCL_CY,MCYCL_WT,TIRE_SZE,TON_RAT,TRK_WT,TRKWTVAR,VIN_REST,WHLDRWHL,J_KNIFE,MCARR_I1,MCARR_I2,MCARR_ID,GVWR,V_CONFIG,CARGO_BT,HAZ_INV,HAZ_PLAC,HAZ_ID,HAZ_CNO,HAZ_REL,BUS_USE,SPEC_USE,EMER_USE,TRAV_SP,UNDERIDE,ROLLOVER,ROLINLOC,IMPACT1,IMPACT2,DEFORMED,TOWED,M_HARM,VEH_SC1,VEH_SC2,FIRE_EXP,DR_PRES,L_STATE,DR_ZIP,L_STATUS,L_TYPE,CDL_STAT,L_ENDORS,L_COMPL,L_RESTRI,DR_HGT,DR_WGT,PREV_ACC,PREV_SUS,PREV_DWI,PREV_SPD,PREV_OTH,FIRST_MO,FIRST_YR,LAST_MO,LAST_YR,SPEEDREL,DR_SF1,DR_SF2,DR_SF3,DR_SF4,VTRAFWAY,VNUM_LAN,VSPD_LIM,VALIGN,VPROFILE,VPAVETYP,VSURCOND,VTRAFCON,VTCONT_F,P_CRASH1,P_CRASH2,P_CRASH3,PCRASH4,PCRASH5,ACC_TYPE,DEATHS,DR_DRINK
47,470522,1,1,1,4,8,22,14,59,0,1,0,47,1,41,51,41051,4,2006,JM1BK143X614,J,M,1,B,K,1,4,3,X,6,1,4,0,P,MAZD,M3H,4H,6,17,2826,,0,1039,,G,,F,4,140,,,17R205,,,,,,0,0,000000000,00000000000,0,0,0,1,0,0,0,0,0,0,0,998,0,0,0,13,13,6,2,59,0,0,0,1,47,37922,6,1,0,0,3,3,73,135,1,0,0,0,0,11,2010,11,2010,0,0,0,0,0,3,2,55,1,1,1,1,0,0,1,13,1,1,4,1,1,1
47,470523,1,2,1,5,8,18,7,12,2,1,0,47,1,37,706,37706,80,2011,JH2RC5379BK1,J,H,2,R,C,5,3,7,9,B,K,1,0,M,HOND,V2B,RS,11,17,,,,,,,745,,2,,4,549,,,,,,,0,0,000000000,00000000000,0,0,0,1,0,0,0,0,0,0,0,998,0,0,0,12,98,6,2,12,0,0,0,1,47,37323,6,1,0,0,3,1,67,190,1,0,0,0,1,12,2010,12,2010,1,28,0,0,0,1,2,35,3,1,2,1,0,0,14,6,1,2,2,50,1,0
47,470523,2,2,1,5,8,18,7,12,2,1,0,47,1,12,13,12013,2,2000,3FAKP1136YR1,3,F,A,K,P,1,1,3,6,Y,R,1,0,P,FORD,ZX2,CP,0,17,2478,,0,984,,G,,F,4,121,,,15R185,,,,,,0,0,000000000,00000000000,0,0,0,1,0,0,0,0,0,0,0,998,0,0,0,12,12,6,2,12,0,0,0,1,47,37311,6,1,0,0,3,1,65,112,0,0,0,1,0,7,2011,7,2011,0,0,0,0,0,1,2,35,2,1,2,1,0,0,14,62,1,1,1,51,0,0
47,470524,1,1,1,9,8,19,18,35,0,1,0,0,0,98,703,98703,83,2005,L3J5CB4385C4,L,3,J,5,C,B,4,3,8,5,C,4,0,U,,,,5,17,,,,,,,,,,,,,,,,,,,0,0,000000000,00000000000,0,0,0,1,0,0,0,0,0,0,0,998,0,0,0,12,98,6,2,35,0,0,0,1,47,37912,0,0,0,0,1,0,999,999,99,99,99,99,99,99,9999,99,9999,1,24,28,58,0,1,2,30,2,2,2,1,0,0,14,6,1,1,4,6,1,0
47,470525,1,2,1,7,8,5,0,12,2,1,0,47,1,22,20,22020,4,2002,1G2WK52J92F2,1,G,2,W,K,5,2,J,9,2,F,2,0,P,PONT,GFS,4D,2,17,3384,,0,1105,,G,,F,6,191,,,15R205,,,,,,0,0,000000000,00000000000,0,0,0,1,0,0,0,0,0,0,0,999,0,0,0,12,12,6,2,12,0,0,0,1,47,38002,6,1,0,0,3,0,64,125,0,0,0,0,0,0,0,0,0,0,28,0,0,0,1,2,55,1,2,2,1,0,0,1,10,1,1,2,50,0,0
47,470525,2,2,1,7,8,5,0,12,2,1,0,47,1,35,39,35039,4,1996,JN1CA21D4TT7,J,N,1,C,A,2,1,D,4,T,T,7,0,P,NISS,MGS,4D,96,17,2886,,0,1063,,G,,F,6,182,,,15R205,,,,,,0,0,000000000,00000000000,0,0,0,1,0,0,0,0,0,0,0,999,0,0,0,12,12,6,2,12,0,0,0,1,47,38057,6,1,0,0,3,0,61,195,0,0,0,0,0,0,0,0,0,0,0,0,0,0,1,2,55,1,2,2,1,0,0,1,62,9,1,1,51,1,0
47,470526,1,1,1,9,8,21,13,33,0,1,0,47,1,23,471,23471,30,1996,1GTCS19X7T85,1,G,T,C,S,1,9,X,7,T,8,5,0,T,GMC,SON,PC,96,17,,1,0,1229,SON,G,,,6,262,,,,B,3185,00,M,42,0,0,000000000,00000000000,0,0,0,1,0,0,0,0,0,0,0,998,0,0,0,12,12,6,2,42,0,0,0,1,47,37921,6,1,0,0,3,0,67,152,0,0,0,0,0,0,0,0,0,0,99,99,99,99,2,2,30,9,6,2,1,0,0,1,13,1,1,4,1,1,0
47,470527,1,1,1,7,8,5,12,8,0,1,0,47,1,20,481,20481,31,2007,2GCEC13J1716,2,G,C,E,C,1,3,J,1,7,1,6,0,T,CHEV,1CW,CW,7,17,,2,0,1435,SIL,G,,,8,323,,,,B,5142,00,,42,0,0,000000000,00000000000,0,0,0,1,0,0,0,0,0,0,0,999,0,0,0,12,12,6,2,8,0,0,0,1,47,38343,6,1,0,0,3,1,66,140,0,0,0,0,0,0,0,0,0,0,0,0,0,0,2,2,70,1,1,2,1,0,0,1,80,1,1,1,13,0,0
47,470528,1,2,1,10,8,6,8,12,2,1,0,47,2,7,442,7442,20,1996,2B4GP4436TR8,2,B,4,G,P,4,4,3,6,T,R,8,0,T,DODG,GCS,ES,96,17,,1,0,1193,CAR,G,,,6,181,,,,,3663,03,E,42,0,0,000000000,00000000000,0,0,0,1,0,0,0,0,0,0,0,998,0,0,0,12,98,6,2,12,0,0,0,1,47,37354,6,1,0,0,3,0,70,190,0,0,0,1,0,8,2010,8,2010,0,28,0,0,0,1,2,55,1,1,2,1,0,0,1,10,1,1,2,50,0,0
47,470528,2,2,1,10,8,6,8,12,2,1,0,47,1,72,706,72706,80,2003,1HD1FCW443Y6,1,H,D,1,F,C,W,4,4,3,Y,6,0,M,HD,FUA,RS,3,17,,,,,,,1450,,2,,4,788,,,,,,,0,0,000000000,00000000000,0,0,0,1,0,0,0,0,0,0,0,998,0,0,0,12,98,6,2,12,0,0,0,1,47,37885,6,1,0,0,3,0,71,223,0,0,0,2,0,4,2009,11,2010,0,0,0,0,0,1,2,55,1,1,2,1,0,0,1,54,2,1,1,51,1,0
47,470529,1,1,1,12,8,18,38,32,0,1,0,47,2,12,471,12471,30,1996,1FTCR14A7TPA,1,F,T,C,R,1,4,A,7,T,P,A,0,T,FORD,RNS,PC,96,17,,1,0,1250,RNG,G,,,4,140,,,,B,00000,00,B,42,0,0,000000000,00000000000,0,0,0,1,0,0,0,0,0,0,0,998,0,1,5,12,98,6,2,1,0,0,0,1,47,38041,2,1,0,0,2,0,74,180,0,1,1,0,0,4,2011,4,2011,0,99,99,99,99,1,2,55,1,1,2,1,0,0,1,12,1,1,4,6,1,1
47,470530,1,1,2,13,8,10,30,34,0,1,0,47,2,41,45,41045,1,1997,JM1NA3534V07,J,M,1,N,A,3,5,3,4,V,0,7,0,P,MAZD,MIA,CV,97,17,2293,,0,892,,G,,F,4,112,,,14R185,,,,,,0,0,000000000,00000000000,0,0,0,1,0,0,0,0,0,0,0,998,0,1,5,82,98,6,2,30,0,0,0,1,47,37217,6,1,0,0,3,0,63,202,1,0,0,0,0,12,2010,12,2010,1,28,58,87,0,1,2,55,3,1,2,2,0,0,14,5,9,4,4,7,1,0
47,470531,1,2,1,13,8,99,99,12,1,1,0,47,1,51,43,51043,4,2000,YV1LS61JXY26,Y,V,1,L,S,6,1,J,X,Y,2,6,0,P,VOLV,SSE,4D,0,17,3155,,0,1049,,G,,F,5,149,,,000000,,,,,,0,0,000000000,00000000000,0,0,0,1,0,0,0,0,0,0,0,998,0,1,3,6,98,6,2,12,0,0,0,1,47,38049,6,1,0,0,3,0,68,180,1,0,0,0,0,8,2009,8,2009,0,0,0,0,0,2,2,70,1,1,2,1,0,0,1,53,1,1,1,25,1,0
47,470531,2,2,1,13,8,99,99,12,1,1,1,47,2,37,31,37031,4,2000,JHMEJ667XYS0,J,H,M,E,J,6,6,7,X,Y,S,0,0,P,HOND,UCL,4D,0,17,2456,,0,1032,,G,,F,4,097,,,14R185,,,,,,0,0,000000000,00000000000,0,0,0,1,0,0,0,0,0,0,0,998,0,0,0,12,12,4,1,12,0,0,0,1,47,38134,6,1,0,0,3,0,71,150,0,0,0,0,0,0,0,0,0,1,26,92,0,0,2,2,70,1,6,2,1,0,0,1,6,1,1,1,24,0,1
47,470532,1,1,1,13,8,99,99,53,0,1,0,47,1,12,471,12471,30,1994,1FTCR10A8RUA,1,F,T,C,R,1,0,A,8,R,U,A,0,T,FORD,RNG,PK,94,17,,1,1140,1080,RNG,G,,,4,140,,,,B,2918,00,A,42,0,0,000000000,00000000000,0,0,0,1,0,0,0,0,0,0,0,998,0,0,0,12,12,6,2,42,0,0,0,1,47,38464,6,1,0,0,3,0,72,210,0,0,0,0,0,0,0,0,0,0,0,0,0,0,1,2,55,2,6,2,1,0,0,14,12,1,1,4,6,1,0
47,470533,1,1,1,13,8,99,99,32,0,1,0,47,2,23,401,23401,14,2003,1GKDS13S7322,1,G,K,D,S,1,3,S,7,3,2,2,0,T,GMC,ENV,4W,3,17,,1,0,1130,ENV,G,,,6,256,,,,B,4417,00,E,42,0,0,000000000,00000000000,0,0,0,1,0,0,0,0,0,0,0,998,0,1,5,1,98,6,2,2,0,0,1,1,47,38237,6,1,0,0,3,0,65,135,0,0,0,2,0,1,2011,7,2011,0,28,0,0,0,2,2,65,3,2,2,1,0,0,14,13,1,1,4,1,1,1
47,470534,1,2,2,14,8,8,19,12,2,1,0,99,9,2,403,2403,14,1998,1J4FY29P8WP7,1,J,4,F,Y,2,9,P,8,W,P,7,0,T,JEEP,SEW,2W,98,17,,1,0,934,W/T,G,,,4,150,,,,,3017,00,E,44,0,0,000000000,00000000000,0,0,0,1,0,0,0,0,0,0,0,999,0,0,0,12,12,6,2,12,0,0,0,1,1,35120,6,1,0,0,3,1,72,220,0,0,0,0,0,0,0,0,0,0,28,0,0,0,1,2,55,1,1,2,2,0,0,1,62,1,1,1,51,1,0
47,470534,2,2,1,14,8,8,19,12,2,1,0,47,2,12,3,12003,2,1997,1FALP42X5VF1,1,F,A,L,P,4,2,X,5,V,F,1,0,P,FORD,MGT,CP,97,17,3288,,0,1013,,G,,F,8,281,,,16R225,,,,,,0,0,000000000,00000000000,0,0,0,1,0,0,0,0,0,0,0,999,0,0,0,12,12,6,2,12,0,0,0,1,47,37825,6,1,0,0,3,0,64,97,0,0,0,0,0,0,0,0,0,0,28,36,0,0,2,2,55,1,1,2,2,0,0,1,10,1,1,2,50,0,0
47,470535,1,2,2,14,8,10,53,12,2,1,0,47,1,20,471,20471,30,2001,1GCCS19W9181,1,G,C,C,S,1,9,W,9,1,8,1,0,T,CHEV,S14,PC,1,17,,1,0,1229,S,G,,,6,262,,,,B,00000,00,,42,0,0,000000000,00000000000,0,0,0,1,0,0,0,0,0,0,0,999,0,0,0,12,98,6,2,12,0,0,0,1,47,37051,6,1,0,0,3,0,71,225,0,0,0,0,0,0,0,0,0,0,0,0,0,0,1,2,55,1,1,2,1,0,0,1,62,1,1,1,51,1,0
47,470535,2,2,3,14,8,10,53,12,2,1,0,47,1,12,471,12471,30,1987,1FTCR15T7HPA,1,F,T,C,R,1,5,T,7,H,P,A,0,T,FORD,RNS,PC,87,17,,1,0,1250,RNG,G,,,6,177,,,,B,3029,01,A,44,0,0,000000000,00000000000,0,0,0,1,0,0,0,0,0,0,0,998,1,1,1,12,98,6,2,12,0,0,0,1,47,37171,6,1,0,0,3,0,70,170,0,1,0,0,1,2,2009,4,2009,0,28,36,0,0,1,2,55,1,1,2,1,0,0,1,10,1,1,2,50,0,0
47,470536,1,1,1,14,8,6,20,34,0,1,0,47,1,19,17,19017,4,1997,W06VR52R5VR9,W,0,6,V,R,5,2,R,5,V,R,9,0,P,CADI,CTR,4D,97,17,3658,,0,1074,,G,,F,6,181,,,16R225,,,,,,0,0,000000000,00000000000,0,0,0,1,0,0,0,0,0,0,0,999,0,0,0,12,98,6,2,35,0,0,0,1,47,38059,2,1,0,0,2,0,70,265,1,1,1,1,0,3,2009,6,2010,1,28,58,0,0,1,2,55,3,1,2,1,0,0,14,6,1,3,4,2,1,1
47,470537,1,2,3,6,8,4,55,12,6,1,0,47,2,20,9,20009,2,2010,2G1FK1EJ3A91,2,G,1,F,K,1,E,J,3,A,9,1,0,P,CHEV,SSM,CP,10,17,3913,,0,1123,,G,,F,8,378,,,20R245,,,,,,0,0,000000000,00000000000,0,0,0,1,0,0,0,0,0,0,0,998,1,0,0,12,98,6,2,12,0,0,0,1,47,38128,6,1,0,0,3,0,70,135,0,2,0,3,0,4,2010,8,2011,1,38,39,0,0,1,2,30,1,1,2,1,20,3,1,17,1,1,1,86,0,0
47,470537,2,2,1,6,8,4,55,12,6,1,0,28,1,21,441,21441,20,1995,1GHDU06L7ST3,1,G,H,D,U,0,6,L,7,S,T,3,0,P,OLDS,SIL,SV,95,17,3689,,0,1098,,G,,F,6,231,,,15R205,,,,,,0,0,000000000,00000000000,0,0,0,1,0,0,0,0,0,0,0,998,7,1,6,3,98,6,2,12,0,0,0,1,47,38118,3,1,0,0,2,0,68,200,0,0,0,0,0,0,0,0,0,0,0,0,0,0,1,2,35,1,1,2,1,0,0,1,66,1,1,1,87,1,0
47,470538,1,1,1,11,8,23,0,9,0,1,1,99,9,99,999,99999,99,9999,999999999999,9,9,9,9,9,9,9,9,9,9,9,9,0,,,,,,,,,,,,,,,,,,,,,,,,,0,0,000000000,00000000000,0,0,0,1,0,0,0,0,0,99,9,999,0,0,0,99,99,9,1,9,0,0,0,1,99,99999,9,9,99,0,9,9,999,999,99,99,99,99,99,99,9999,99,9999,9,0,0,0,0,1,2,30,1,1,2,1,0,0,99,85,99,9,9,13,0,0
47,470539,1,1,1,14,8,2,8,8,0,1,0,47,2,49,40,49040,4,1997,4T1BF22K7VU0,4,T,1,B,F,2,2,K,7,V,U,0,0,P,TOYT,UEX,4D,97,17,3086,,0,1051,,G,,F,6,183,,,15R205,,,,,,0,0,000000000,00000000000,0,0,0,1,0,0,0,0,0,0,0,999,0,0,0,1,98,2,1,8,0,0,0,1,47,37087,6,1,0,0,3,0,67,169,0,0,0,0,0,0,0,0,0,0,0,0,0,0,1,2,40,1,5,2,1,0,0,1,80,1,1,1,13,0,0
47,470540,1,1,1,15,8,6,37,34,0,1,0,47,1,72,706,72706,80,2009,1HD1JK5149Y0,1,H,D,1,J,K,5,1,4,9,Y,0,0,M,HD,FWC,RS,9,17,,,,,,,1584,,2,,4,720,,,,,,,0,0,000000000,00000000000,0,0,0,1,0,0,0,0,0,0,0,99,9,0,0,14,98,6,2,30,0,0,0,1,47,37301,1,1,0,0,2,0,72,188,0,2,0,0,0,6,2011,6,2011,0,99,99,99,99,1,2,30,1,1,2,1,0,0,1,12,1,1,4,6,1,0
47,470541,1,2,1,17,8,20,50,12,1,1,0,92,0,99,999,99999,99,1949,000000000000,0,0,0,0,0,0,0,0,0,0,0,0,0,,,,,,,,,,,,,,,,,,,,,,,,,0,0,000000000,00000000000,0,0,0,1,0,0,0,0,0,0,0,998,0,0,0,6,98,6,2,12,0,0,0,1,47,38220,0,0,0,0,0,0,999,999,0,0,0,0,0,0,0,0,0,0,24,0,0,0,1,2,55,1,6,2,1,0,0,1,53,1,1,1,27,1,0
47,470541,2,2,2,17,8,20,50,12,1,1,0,47,2,20,2,20002,4,1986,1G1BN69Z2GY1,1,G,1,B,N,6,9,Z,2,G,Y,1,0,P,CHEV,CCL,4D,86,17,3436,,0,1160,,G,,F,6,262,,,15R205,,,,,,0,0,000000000,00000000000,0,0,0,1,0,0,0,0,0,0,0,998,0,0,0,12,98,6,2,12,0,0,0,1,47,38321,1,1,0,0,2,1,63,120,0,1,0,0,0,8,2011,8,2011,1,0,0,0,0,1,2,55,1,6,2,1,0,0,1,6,1,1,1,24,0,0
47,470542,1,2,1,21,8,17,0,34,0,1,0,47,1,2,403,2403,14,1997,1J4FY19S2VP4,1,J,4,F,Y,1,9,S,2,V,P,4,0,T,JEEP,SPW,2W,97,17,,1,0,934,W/T,G,,,6,242,,,,,3156,00,E,44,0,0,000000000,00000000000,0,0,0,1,0,0,0,0,0,0,0,998,0,1,5,12,98,6,2,12,0,0,0,1,47,37066,6,1,0,0,3,0,70,195,1,0,0,1,1,9,2008,1,2011,0,36,51,92,0,1,2,55,1,6,2,1,0,0,1,8,1,1,4,6,0,0
47,470542,2,2,1,21,8,17,0,34,0,1,0,47,1,37,706,37706,80,1997,1HFSC2239VA9,1,H,F,S,C,2,2,3,9,V,A,9,0,M,HOND,1/2,RS,97,17,,,,,,,1520,,6,,4,815,,,,,,,0,0,000000000,00000000000,0,0,0,1,0,0,0,0,0,0,0,998,0,0,0,12,98,6,2,12,0,0,0,1,47,37207,6,1,6,0,3,0,69,180,0,0,0,0,0,0,0,0,0,0,0,0,0,0,1,2,55,1,5,2,1,0,0,1,63,1,1,1,98,1,0
47,470543,1,1,2,16,8,20,24,42,0,1,0,47,1,19,18,19018,4,2005,1G6DC67A1501,1,G,6,D,C,6,7,A,1,5,0,1,0,P,CADI,CST,4D,5,17,4026,,0,1164,,G,,F,8,281,,,16R225,,,,,,0,0,000000000,00000000000,0,0,0,1,0,0,0,0,0,0,0,999,0,1,5,3,98,6,2,42,0,0,0,1,47,38068,6,1,0,0,3,0,76,164,0,0,0,0,1,1,2009,1,2009,1,36,0,0,0,1,2,55,1,1,2,1,0,0,1,6,1,1,4,6,2,1
47,470544,1,2,2,18,8,20,1,12,2,1,0,47,1,53,706,53706,80,1999,JS1VS52A3X21,J,S,1,V,S,5,2,A,3,X,2,1,0,M,SUZI,VS8,RS,99,17,,,,,,,805,,2,,4,443,,,,,,,0,0,000000000,00000000000,0,0,0,1,0,0,0,0,0,0,0,998,0,0,0,12,98,6,2,12,0,0,0,1,47,37397,6,1,6,0,3,0,71,245,0,0,0,1,1,2,2011,4,2011,0,0,0,0,0,5,2,45,1,1,2,1,0,0,1,62,1,1,1,69,1,0
47,470544,2,2,1,18,8,20,1,12,2,1,0,47,1,13,1,13001,4,1996,1LNLM82W3TY6,1,L,N,L,M,8,2,W,3,T,Y,6,0,P,LINC,SDJ,4D,96,17,4040,,0,1174,,G,,F,8,281,,,15R215,,,,,,0,0,000000000,00000000000,0,0,0,1,0,0,0,0,0,0,0,998,0,0,0,12,12,6,2,12,0,0,0,1,47,37397,6,1,0,0,3,1,78,268,0,0,0,0,0,0,0,0,0,0,38,0,0,0,5,2,45,1,1,2,1,0,0,11,15,1,1,2,68,0,0
47,470545,1,2,3,14,8,12,47,12,6,1,0,21,2,35,47,35047,4,2003,1N4AL11D93C2,1,N,4,A,L,1,1,D,9,3,C,2,0,P,NISS,ABS,4D,3,17,2913,,0,1102,,G,,F,4,153,,,16R205,,,,,,0,0,000000000,00000000000,0,0,0,1,0,0,0,0,0,0,0,998,0,0,0,9,98,6,2,12,0,0,0,1,21,40949,3,1,0,0,2,0,72,158,0,0,0,0,0,0,0,0,0,0,38,39,0,0,3,2,55,1,1,2,1,20,3,11,15,1,1,1,82,1,0
47,470545,2,2,4,14,8,12,47,12,6,1,0,47,1,49,482,49482,31,2004,5TBET38164S4,5,T,B,E,T,3,8,1,6,4,S,4,0,T,TOYT,DBL,CW,4,17,,2,0,1283,TUN,G,,,8,285,,,,B,4974,00,U,42,0,0,000000000,00000000000,0,0,0,1,0,0,0,0,0,0,0,998,0,0,0,12,12,6,2,12,0,0,0,1,47,37813,6,1,0,0,3,0,73,220,0,0,0,0,0,0,0,0,0,0,0,0,0,0,3,2,55,1,1,2,1,0,0,1,67,2,1,1,83,0,0
47,470546,1,1,1,21,8,3,53,24,0,1,0,1,2,53,706,53706,80,2006,JS1GW71A1621,J,S,1,G,W,7,1,A,1,6,2,1,0,M,SUZI,GXR,RC,6,17,,,,,,,1298,,4,,4,478,,,,,,,0,0,000000000,00000000000,0,0,0,1,0,0,0,0,0,0,0,998,0,0,0,9,98,6,2,24,0,0,0,1,1,35610,6,1,0,0,2,0,73,200,0,0,0,0,1,10,2010,10,2010,1,36,0,0,0,5,4,45,2,1,2,1,0,0,14,6,1,1,4,6,1,0
47,470547,1,2,1,14,8,21,50,12,8,1,1,47,1,49,472,49472,30,1999,4TANL42N8XZ5,4,T,A,N,L,4,2,N,8,X,Z,5,0,T,TOYT,REG,PK,99,17,,1,0,1033,TAC,G,,,4,149,,,,B,2567,00,U,42,0,0,000000000,00000000000,0,0,0,1,0,0,0,0,0,0,0,998,0,0,0,1,98,4,1,12,0,0,0,1,47,37058,2,1,0,0,2,2,72,140,0,1,1,0,0,3,2010,3,2010,0,51,74,0,0,1,2,55,1,6,2,1,0,0,1,11,1,1,2,64,1,1
47,470547,2,2,1,14,8,21,50,12,8,1,0,47,1,23,481,23481,31,1998,1GTEC14W9WZ5,1,G,T,E,C,1,4,W,9,W,Z,5,0,T,GMC,SC1,PK,98,17,,2,1315,1175,SIE,G,,,6,262,,,,B,3869,02,U,42,0,0,000000000,00000000000,0,0,0,1,0,0,0,0,0,0,0,998,0,0,0,5,98,4,1,12,0,0,0,1,47,37050,6,1,0,0,3,1,64,194,0,0,0,0,0,0,0,0,0,0,0,0,0,0,1,2,45,1,5,2,1,0,0,1,63,9,1,1,65,0,0
47,470548,1,2,1,16,8,11,52,12,6,1,0,1,1,72,706,72706,80,2003,1HD1FBW163Y7,1,H,D,1,F,B,W,1,6,3,Y,7,0,M,HD,LRI,RS,3,17,,,,,,,1450,,2,,4,723,,,,,,,0,0,000000000,00000000000,0,0,0,1,0,0,0,0,0,0,0,998,0,0,0,12,12,6,2,12,0,0,0,1,1,35630,6,1,0,0,3,0,73,200,0,0,0,0,0,0,0,0,0,0,0,0,0,0,5,2,60,1,1,2,1,0,0,1,60,1,1,1,98,1,0
47,470548,2,2,1,16,8,11,52,12,6,1,0,47,1,20,471,20471,30,1998,1GCCS1943W82,1,G,C,C,S,1,9,4,3,W,8,2,1,T,CHEV,S14,PC,98,17,,1,0,1229,S,G,,,4,133,,,,B,3222,00,,42,1,0,000000000,00000000000,0,0,0,1,0,0,0,0,0,0,0,998,0,0,0,7,7,6,2,12,0,0,0,1,47,38464,6,1,0,0,3,0,64,142,0,0,0,0,0,0,0,0,0,0,48,92,0,0,5,2,60,1,1,2,1,0,0,12,10,1,1,2,98,0,0
47,470549,1,1,1,22,8,8,15,35,0,1,0,47,1,12,17,12017,4,1996,1FALP52U0TA1,1,F,A,L,P,5,2,U,0,T,A,1,0,P,FORD,TAG,4D,96,17,3347,,0,1085,,G,,F,6,182,,,15R205,,,,,,0,0,000000000,00000000000,0,0,0,1,0,0,0,0,0,0,0,998,0,0,0,12,98,6,2,35,0,0,0,1,47,37330,6,1,0,0,3,0,66,122,0,0,0,0,0,0,0,0,0,0,0,0,0,0,1,2,55,1,6,2,1,0,0,1,13,1,1,4,1,1,0
47,470550,1,1,1,17,8,14,0,42,0,1,0,47,1,7,880,7880,67,2002,3B7MF33632M2,3,B,7,M,F,3,3,6,3,2,M,2,0,T,DODG,Q35,4C,2,17,,3,0,1547,RPC,D,,,6,359,,,,D,6116,00,E,44,0,88,888888888,88888888888,2,1,97,1,0,0,0,0,0,0,0,998,0,0,0,12,98,6,2,42,0,0,0,1,47,37620,6,1,0,0,3,1,74,340,0,1,1,1,0,4,2009,7,2010,0,0,0,0,0,1,2,35,2,6,2,1,0,0,14,12,1,1,4,6,1,0
47,470551,1,1,4,19,8,8,47,32,0,1,0,28,1,22,20,22020,2,1988,1G2WP14W1JF2,1,G,2,W,P,1,4,W,1,J,F,2,0,P,PONT,GFS,CP,88,17,3113,,0,1075,,G,,F,6,173,,,15R215,,,,,,0,0,000000000,00000000000,0,0,0,1,0,0,0,0,0,0,0,998,0,0,0,1,1,6,2,32,0,0,0,1,47,38061,6,1,0,0,3,0,74,291,0,0,0,0,0,0,0,0,0,0,0,0,0,0,1,2,55,1,1,2,1,0,0,1,13,2,1,4,1,1,0
47,470552,1,1,1,20,8,6,0,52,0,1,0,47,1,2,404,2404,14,2002,1J8GX58N82C1,1,J,8,G,X,5,8,N,8,2,C,1,0,T,JEEP,LMT,4W,2,17,,1,0,1059,GCK,G,,,8,287,,,,,3776,01,K,42,0,0,000000000,00000000000,0,0,0,1,0,0,0,0,0,0,0,998,0,1,4,12,98,6,2,52,0,0,0,1,47,38018,6,1,0,0,3,0,73,190,0,0,0,1,0,7,2009,7,2009,0,99,99,99,99,3,3,55,1,1,2,1,0,0,1,13,1,1,4,1,1,0
47,470553,1,2,1,3,10,17,30,12,6,1,0,93,3,84,881,84881,66,2007,2HSCNAPR07C3,2,H,S,C,N,A,P,R,0,7,C,3,1,T,INTL,94I,TR,7,17,,8,0,0,940,D,,,6,915,,,,,00000,00,,64,1,57,00604653,5700604653,3,6,3,1,0,0,0,0,0,0,0,998,7,0,0,3,98,6,2,12,0,0,0,1,12,32224,6,1,6,0,3,0,73,999,0,0,0,0,1,2,2009,2,2009,0,0,0,0,0,1,2,55,1,1,2,1,0,0,1,66,1,1,1,90,0,0
47,470553,2,2,1,3,10,17,30,12,6,1,0,47,1,54,35,54035,4,2005,19UUA662X5A0,1,9,U,U,A,6,6,2,X,5,A,0,0,P,ACUR,ATL,4D,5,17,3575,,0,1081,,G,,F,6,197,,,17R235,,,,,,0,0,000000000,00000000000,0,0,0,1,0,0,0,0,0,0,0,998,1,0,0,12,98,6,2,12,0,0,0,1,47,37357,6,1,0,0,3,0,68,165,1,0,0,0,0,5,2009,5,2009,0,39,0,0,0,1,2,55,1,1,2,1,20,3,1,17,1,1,1,90,1,0
47,470554,1,2,1,1,10,9,50,12,2,1,0,47,1,7,402,7402,14,1998,1B4HS28Z7WF1,1,B,4,H,S,2,8,Z,7,W,F,1,0,P,DODG,DUR,UT,98,17,4349,,0,1159,,G,,F,8,360,,,15R235,,,,,,0,0,000000000,00000000000,0,0,0,1,0,0,0,0,0,0,0,998,1,0,0,12,98,6,2,12,0,0,1,1,47,37145,6,1,0,0,3,0,70,250,1,0,0,0,0,9,2011,9,2011,0,28,0,0,0,1,2,45,1,6,2,1,0,0,1,10,1,1,2,50,1,0
47,470554,2,2,10,1,10,9,50,12,2,1,0,47,3,94,981,94981,50,2007,1T7YU4C24712,1,T,7,Y,U,4,C,2,4,7,1,2,0,T,THMS,,,7,17,,,,,,,,,,,,,,,,,,,0,88,888888888,88888888888,3,21,22,1,0,0,0,0,1,0,0,998,7,0,0,12,98,6,2,12,0,0,0,1,47,37129,6,1,6,1,3,0,67,180,0,0,0,1,0,2,2009,2,2009,0,0,0,0,0,1,2,45,1,6,2,1,0,0,1,54,1,1,1,51,0,0