STATE,ST_CASE,VEH_NO,VE_FORMS,NUMOCCS,DAY,MONTH,HOUR,MINUTE,HARM_EV,MAN_COLL,UNITTYPE,HIT_RUN,REG_STAT,OWNER,MAKE,MODEL,MAK_MOD,BODY_TYP,MOD_YEAR,VIN,VIN_1,VIN_2,VIN_3,VIN_4,VIN_5,VIN_6,VIN_7,VIN_8,VIN_9,VIN_10,VIN_11,VIN_12,TOW_VEH,VINTYPE,VINMAKE,VINA_MOD,VIN_BT,VINMODYR,VIN_LNGT,VIN_WGT,WGTCD_TR,WHLBS_LG,WHLBS_SH,SER_TR,FUELCODE,MCYCL_DS,CARBUR,CYLINDER,DISPLACE,MCYCL_CY,MCYCL_WT,TIRE_SZE,TON_RAT,TRK_WT,TRKWTVAR,VIN_REST,WHLDRWHL,J_KNIFE,MCARR_I1,MCARR_I2,MCARR_ID,GVWR,V_CONFIG,CARGO_BT,HAZ_INV,HAZ_PLAC,HAZ_ID,HAZ_CNO,HAZ_REL,BUS_USE,SPEC_USE,EMER_USE,TRAV_SP,UNDERIDE,ROLLOVER,ROLINLOC,IMPACT1,IMPACT2,DEFORMED,TOWED,M_HARM,VEH_SC1,VEH_SC2,FIRE_EXP,DR_PRES,L_STATE,DR_ZIP,L_STATUS,L_TYPE,CDL_STAT,L_ENDORS,L_COMPL,L_RESTRI,DR_HGT,DR_WGT,PREV_ACC,PREV_SUS,PREV_DWI,PREV_SPD,PREV_OTH,FIRST_MO,FIRST_YR,LAST_MO,LAST_YR,SPEEDREL,DR_SF1,DR_SF2,DR_SF3,DR_SF4,VTRAFWAY,VNUM_LAN,VSPD_LIM,VALIGN,VPROFILE,VPAVETYP,VSURCOND,VTRAFCON,VTCONT_F,P_CRASH1,P_CRASH2,P_CRASH3,PCRASH4,PCRASH5,ACC_TYPE,DEATHS,DR_DRINK
47,470591,1,2,4,2,9,22,3,12,6,1,0,47,1,20,401,20401,14,2000,1GNCS13W5Y21,1,G,N,C,S,1,3,W,5,Y,2,1,0,P,CHEV,BZR,UT,0,17,3671,,0,1070,,G,,F,6,262,,,15R205,,,,,,0,0,000000000,00000000000,0,0,0,1,0,0,0,0,0,0,0,998,0,0,0,1,98,6,2,12,0,0,0,1,47,37748,1,1,0,0,2,0,66,200,0,0,0,0,0,0,0,0,0,0,38,48,92,0,1,2,55,1,2,2,1,23,3,11,15,1,1,2,68,1,0
47,470591,2,2,4,2,9,22,3,12,6,1,0,47,1,2,403,2403,14,2007,1J4GA39167L1,1,J,4,G,A,3,9,1,6,7,L,1,1,T,JEEP,WXR,4W,7,17,,1,0,1160,WRA,G,,,6,230,,,,,4075,00,4,44,1,0,000000000,00000000000,0,0,0,1,0,0,0,0,0,0,0,998,0,0,0,12,12,6,2,12,0,0,0,1,47,37115,6,1,6,0,3,1,72,175,0,0,0,1,0,1,2011,1,2011,0,0,0,0,0,1,2,55,1,2,2,1,23,3,1,62,1,1,1,69,0,0
47,470592,1,1,1,24,8,12,49,42,0,1,0,0,0,99,999,99999,99,9999,000000000000,0,0,0,0,0,0,0,0,0,0,0,0,0,,,,,,,,,,,,,,,,,,,,,,,,,0,0,000000000,00000000000,0,0,0,1,0,0,0,0,0,0,0,998,0,0,0,12,12,6,2,42,0,0,0,1,47,37866,6,1,0,0,1,0,72,225,0,0,0,0,0,0,0,0,0,0,0,0,0,0,1,2,30,3,6,2,1,0,0,14,12,1,1,4,6,1,0
47,470593,1,1,1,31,8,15,5,42,0,1,0,47,1,12,401,12401,14,2002,1FMZU62E92ZC,1,F,M,Z,U,6,2,E,9,2,Z,C,0,P,FORD,EPR,UT,2,17,4094,,0,1137,,G,,F,6,245,,,16R235,,,,,,0,0,000000000,00000000000,0,0,0,1,0,0,0,0,0,0,0,998,0,0,0,12,12,6,2,42,0,0,0,1,47,38053,1,1,0,0,2,1,64,198,2,2,0,1,0,3,2011,8,2011,0,99,99,99,99,1,2,45,3,2,2,1,0,0,17,62,7,1,4,3,1,0
47,470594,1,1,2,6,10,5,57,42,0,1,0,47,1,12,37,12037,3,2003,3FAFP31383R1,3,F,A,F,P,3,1,3,8,3,R,1,0,P,FORD,FZX,3P,3,17,2551,,0,1030,,G,,F,4,121,,,15R195,,,,,,0,0,000000000,00000000000,0,0,0,1,0,0,0,0,0,0,0,998,0,0,0,1,98,6,2,42,0,0,0,1,47,37040,6,1,0,0,3,0,72,190,0,0,0,1,0,7,2010,7,2010,0,85,0,0,0,2,2,70,1,1,2,1,28,3,1,12,6,1,4,8,1,0
47,470595,1,2,1,7,10,9,5,12,6,1,0,47,2,20,2,20002,4,2005,2G1WH55K8592,2,G,1,W,H,5,5,K,8,5,9,2,0,P,CHEV,IPL,4D,5,17,3466,,0,1105,,G,,F,6,231,,,16R225,,,,,,0,0,000000000,00000000000,0,0,0,1,0,0,0,0,0,0,0,998,0,0,0,11,98,6,2,12,0,0,0,1,47,38401,6,1,0,0,3,0,61,170,0,0,0,0,0,0,0,0,0,0,38,0,0,0,1,2,45,1,1,2,1,0,0,16,17,1,2,1,64,1,0
47,470595,2,2,1,7,10,9,5,12,6,1,0,47,3,87,881,87881,63,1994,1XPALB0X5RN3,1,X,P,A,L,B,0,X,5,R,N,3,0,T,PTRB,357,CC,94,17,,8,0,0,CON,D,,,6,893,,,,,00000,00,,64,0,57,01870371,5701870371,3,2,4,1,0,0,0,0,0,0,0,998,0,0,0,5,98,2,1,12,0,0,0,1,47,38401,6,1,6,0,3,0,75,385,0,1,0,0,0,7,2010,7,2010,0,0,0,0,0,1,2,45,1,1,2,1,0,0,1,66,4,1,1,65,0,0
47,470596,1,2,1,8,10,23,24,12,2,1,0,48,1,20,481,20481,31,2011,1GCRKREA8BZ1,1,G,C,R,K,R,E,A,8,B,Z,1,0,T,CHEV,4SK,4C,11,17,,2,0,1435,SIL,F,,,8,293,,,,B,5286,00,,44,0,0,000000000,00000000000,0,0,0,1,0,0,0,0,0,0,0,998,0,0,0,12,12,6,2,12,0,0,0,1,48,76001,6,1,0,0,3,0,999,999,0,0,0,3,0,1,2009,7,2010,1,51,0,0,0,5,2,40,2,1,2,1,0,0,14,6,1,1,2,50,0,1
47,470596,2,2,1,8,10,23,24,12,2,1,0,47,1,35,471,35471,30,1995,1N6SD11S2SC4,1,N,6,S,D,1,1,S,2,S,C,4,0,T,NISS,EXE,PK,95,17,,1,0,1043,TRK,G,,,4,146,,,,B,2728,01,A,42,0,0,000000000,00000000000,0,0,0,1,0,0,0,0,0,0,0,998,0,0,0,12,12,6,2,12,0,0,0,1,47,37042,6,1,0,0,3,0,74,231,0,0,0,0,0,0,0,0,0,0,0,0,0,0,5,2,40,3,1,2,1,0,0,14,54,9,1,1,51,1,1
47,470597,1,1,2,8,10,5,20,35,0,1,0,47,1,7,472,7472,31,2002,1B7HL48X42S5,1,B,7,H,L,4,8,X,4,2,S,5,0,T,DODG,DQS,CW,2,17,,2,0,1309,DAK,G,,,6,239,,,,B,4117,01,E,42,0,0,000000000,00000000000,0,0,0,1,0,0,0,0,0,0,0,998,0,1,1,12,98,6,2,1,0,0,0,1,47,37097,1,1,0,0,2,0,69,155,0,2,0,1,0,5,2009,4,2011,0,36,0,0,0,1,2,55,2,2,2,1,0,0,14,13,1,1,4,1,1,1
47,470598,1,1,5,2,10,19,22,42,0,1,0,47,1,20,481,20481,31,1982,1GCCC14HXCF3,1,G,C,C,C,1,4,H,X,C,F,3,0,T,CHEV,C10,PK,82,17,,1,1315,1175,C10,G,,,8,305,,,,B,2348,02,,42,0,0,000000000,00000000000,0,0,0,1,0,0,0,0,0,0,0,998,0,0,0,12,98,6,2,42,0,0,0,1,47,37687,1,1,0,0,2,2,66,225,0,3,0,0,0,12,2009,2,2010,0,28,74,92,0,1,2,35,2,6,2,1,0,0,14,13,1,1,4,1,1,0
47,470599,1,1,1,15,10,5,17,8,0,1,0,47,1,12,481,12481,31,2011,1FTFW1ET6BFB,1,F,T,F,W,1,E,T,6,B,F,B,0,T,FORD,F1S,CW,11,17,,2,1570,1450,COF,G,,,6,214,,,,B,5577,01,7,44,0,0,000000000,00000000000,0,0,0,1,0,0,0,0,0,0,0,998,0,0,0,12,98,4,1,8,0,0,0,1,8,80401,6,1,0,0,3,1,71,165,1,0,0,0,0,12,2008,12,2008,0,0,0,0,0,5,3,45,1,1,2,1,0,0,1,80,6,1,1,13,0,0
47,470600,1,1,1,16,10,14,50,38,0,1,0,47,1,23,481,23481,31,2000,1GTGK29U7YE1,1,G,T,G,K,2,9,U,7,Y,E,1,0,T,GMC,NK2,3C,0,17,,2,1575,1435,SIE,G,,,8,364,,,,C,5288,00,U,44,0,0,000000000,00000000000,0,0,0,1,0,0,0,0,0,0,0,998,0,1,5,12,98,6,2,1,0,0,0,1,47,38460,6,1,0,0,3,1,65,130,0,0,0,0,0,0,0,0,0,0,0,0,0,0,1,2,55,3,1,2,1,0,0,14,12,6,4,4,7,1,0
47,470601,1,2,1,16,6,16,10,12,2,1,0,47,1,73,709,73709,80,2010,JKAZXCF18AA0,J,K,A,Z,X,C,F,1,8,A,A,0,0,M,KAWK,Z0F,RC,10,17,,,,,,,998,,4,,4,459,,,,,,,0,0,000000000,00000000000,0,0,0,1,0,0,0,0,0,0,0,998,0,0,0,12,98,6,2,12,0,0,0,1,12,32347,6,1,0,0,3,0,72,999,0,0,0,0,0,0,0,0,0,1,28,39,0,0,1,2,30,4,2,2,1,0,0,14,10,1,1,2,50,1,0
47,470601,2,2,6,16,6,16,10,12,2,1,0,47,2,20,850,20850,73,1999,1GBLP37J5X33,1,G,B,L,P,3,7,J,5,X,3,3,0,T,CHEV,P30,MH,99,17,,5,2280,1585,P30,G,,,8,454,,,,,00000,00,,42,0,0,000000000,00000000000,0,0,0,1,0,0,0,0,0,0,0,998,0,0,0,12,12,6,2,12,0,0,0,1,12,33952,6,1,0,0,3,0,72,999,0,0,0,0,1,12,2008,12,2008,0,0,0,0,0,1,2,30,4,2,2,1,0,0,14,54,1,1,1,51,0,0
47,470602,1,1,1,3,9,22,47,35,0,1,0,47,2,76,706,76706,80,2002,JYAVP14E02A0,J,Y,A,V,P,1,4,E,0,2,A,0,0,M,YAMA,XVP,RS,2,17,,,,,,,1670,,2,,4,606,,,,,,,0,0,000000000,00000000000,0,0,0,1,0,0,0,0,0,0,0,998,0,0,0,1,98,4,3,5,0,0,0,1,47,37601,6,1,0,0,2,0,69,160,0,0,0,1,0,5,2009,5,2009,1,28,0,0,0,1,2,55,2,5,2,1,0,0,14,6,1,1,4,6,1,1
47,470603,1,1,1,3,9,8,17,38,0,1,0,47,2,49,40,49040,4,1993,JT2SK12E6P01,J,T,2,S,K,1,2,E,6,P,0,1,0,P,TOYT,CLE,4D,93,17,3053,,0,1031,,G,,F,4,132,,,14R195,,,,,,0,0,000000000,00000000000,0,0,0,1,0,0,0,0,0,0,0,998,0,0,0,12,98,6,2,38,0,0,0,1,47,37055,1,1,0,0,2,0,74,230,0,7,0,1,0,9,2008,5,2010,0,36,58,0,0,1,2,30,1,1,2,1,0,0,98,90,7,2,4,7,1,0
47,470604,1,1,2,3,9,7,44,34,0,1,0,47,1,12,422,12422,15,2004,1FMRU17W44LB,1,F,M,R,U,1,7,W,4,4,L,B,0,P,FORD,EPT,UT,4,17,5339,,0,1191,,G,,F,8,281,,,17R265,,,,,,0,0,000000000,00000000000,0,0,0,1,0,0,0,0,0,0,0,998,0,1,5,98,98,6,2,1,0,0,0,1,47,38305,1,1,0,0,2,0,61,130,2,1,0,0,0,3,2011,6,2011,0,0,0,0,0,1,2,55,1,6,2,1,0,0,1,12,1,1,4,6,1,0
47,470605,1,1,1,12,10,16,49,42,0,1,0,47,1,76,706,76706,80,2005,JYAVP11E35A0,J,Y,A,V,P,1,1,E,3,5,A,0,0,M,YAMA,XVA,RS,5,17,,,,,,,1063,,2,,4,571,,,,,,,0,0,000000000,00000000000,0,0,0,1,0,0,0,0,0,0,0,998,0,0,0,12,98,6,2,42,0,0,0,1,47,37129,6,1,0,0,2,0,75,270,0,0,0,0,1,4,2010,4,2010,0,0,0,0,0,1,2,45,3,6,2,1,0,0,14,13,1,1,4,1,1,1
47,470606,1,3,1,15,10,2,43,12,1,1,0,47,1,72,706,72706,80,2005,1HD1BHY185Y0,1,H,D,1,B,H,Y,1,8,5,Y,0,0,M,HD,FXT,RS,5,17,,,,,,,1450,,2,,4,636,,,,,,,0,0,000000000,00000000000,0,0,0,1,0,0,0,0,0,0,0,998,0,0,0,12,98,6,2,12,0,0,0,1,47,38472,6,1,0,0,3,0,70,175,0,0,0,0,0,0,0,0,0,0,26,0,0,0,2,2,55,1,1,2,1,0,0,1,52,1,1,1,28,1,1
47,470606,2,3,1,15,10,2,43,12,1,1,0,47,1,72,706,72706,80,2010,1HD1PR813AB9,1,H,D,1,P,R,8,1,3,A,B,9,0,M,HD,SE5,RS,10,17,,,,,,,1803,,2,,4,924,,,,,,,0,0,000000000,00000000000,0,0,0,1,0,0,0,0,0,0,0,998,0,0,0,6,98,2,3,12,0,0,0,1,47,38472,6,1,0,0,3,1,72,170,0,0,0,0,0,0,0,0,0,0,0,0,0,0,2,2,55,1,1,2,1,0,0,2,18,1,1,1,29,0,1
47,470606,3,3,1,15,10,2,43,12,1,1,0,47,1,72,706,72706,80,2003,1HD1BMY113Y0,1,H,D,1,B,M,Y,1,1,3,Y,0,0,M,HD,FLF,RS,3,17,,,,,,,1450,,2,,4,666,,,,,,,0,0,000000000,00000000000,0,0,0,1,0,0,0,0,0,0,0,998,0,0,0,12,98,2,3,12,0,0,0,1,47,38472,6,1,0,0,3,0,74,250,0,0,0,1,0,1,2010,1,2010,0,0,0,0,0,2,2,55,1,1,2,1,0,0,1,52,1,1,1,98,0,1
47,470608,1,1,4,15,10,1,0,1,0,1,0,47,2,20,401,20401,14,2001,1GNDT13W91K1,1,G,N,D,T,1,3,W,9,1,K,1,0,P,CHEV,BZR,UT,1,17,4133,,0,1070,,G,,F,6,262,,,15R235,,,,,,0,0,000000000,00000000000,0,0,0,1,0,0,0,0,0,0,0,998,0,2,5,0,98,6,2,1,0,0,0,1,47,38053,6,2,0,0,3,2,69,130,0,0,0,0,0,0,0,0,0,1,73,0,0,0,1,2,35,2,1,2,1,0,0,14,6,1,1,4,98,1,0
47,470609,1,2,1,30,8,14,0,12,6,1,0,47,1,20,402,20402,14,1994,2CNBE18U6R69,2,C,N,B,E,1,8,U,6,R,6,9,0,P,GEO,GEO,UT,94,17,2189,,0,866,,G,,F,4,097,,,15R195,,,,,,0,0,000000000,00000000000,0,0,0,1,0,0,0,0,0,0,0,998,0,0,0,11,98,6,2,12,0,0,0,1,47,37766,6,1,0,0,3,0,70,180,0,0,0,0,0,0,0,0,0,0,99,99,99,99,1,2,45,1,1,2,1,0,0,1,66,1,1,1,89,1,0
47,470609,2,2,1,30,8,14,0,12,6,1,0,47,1,7,880,7880,67,1995,1B7MF36C5SS1,1,B,7,M,F,3,6,C,5,S,S,1,0,T,DODG,350,PK,95,17,,3,0,1347,RPC,D,,,6,359,,,,D,5571,00,M,44,0,88,888888888,88888888888,2,1,97,1,0,0,0,0,0,0,0,998,0,0,0,12,12,4,1,12,0,0,0,1,47,37766,6,1,0,0,3,0,73,185,0,0,0,1,0,6,2010,6,2010,0,38,39,0,0,1,2,35,1,1,2,1,20,3,1,17,1,1,1,88,0,0
47,470610,1,2,1,20,8,7,52,12,2,1,0,47,1,12,471,12471,30,1993,1FTCR10X7PUA,1,F,T,C,R,1,0,X,7,P,U,A,0,T,FORD,RNG,PK,93,17,,1,1139,1079,RNG,G,,,6,245,,,,B,2918,01,A,42,0,0,000000000,00000000000,0,0,0,1,0,0,0,0,0,0,0,998,0,0,0,12,12,6,2,12,0,0,0,1,47,37334,6,1,0,0,3,0,70,195,0,0,0,0,0,0,0,0,0,0,28,92,0,0,1,2,55,1,1,2,1,0,0,1,10,1,1,2,50,0,1
47,470610,2,2,2,20,8,7,52,12,2,1,0,47,2,14,6,14006,4,2000,1MEFM6531YK6,1,M,E,F,M,6,5,3,1,Y,K,6,0,P,MERC,MSP,4D,0,17,2805,,0,1065,,G,,F,4,121,,,14R185,,,,,,0,0,000000000,00000000000,0,0,0,1,0,0,0,0,0,0,0,998,0,0,0,12,12,6,2,12,0,0,0,1,47,38483,6,1,0,0,3,0,61,120,0,0,0,0,0,0,0,0,0,0,0,0,0,0,1,2,55,1,1,2,1,0,0,1,62,7,1,1,51,1,0
47,470611,1,2,2,28,8,12,15,12,6,1,0,47,1,18,20,18020,4,1999,2G4WB52K0X15,2,G,4,W,B,5,2,K,0,X,1,5,0,P,BUIC,RLL,4D,99,17,3439,,0,1090,,G,,F,6,231,,,15R215,,,,,,0,0,000000000,00000000000,0,0,0,1,0,0,0,0,0,0,0,998,0,0,0,9,98,6,2,12,0,0,0,1,26,49230,6,1,0,0,3,0,75,155,0,0,0,0,0,0,0,0,0,0,39,0,0,0,1,4,55,3,5,2,1,20,3,11,15,1,1,1,82,1,0
47,470611,2,2,1,28,8,12,15,12,6,1,0,47,1,7,472,7472,30,2010,1D7CE3GK7AS2,1,D,7,C,E,3,G,K,7,A,S,2,0,T,DODG,SXT,CW,10,17,,2,0,1313,DAK,G,,,6,225,,,,B,4365,00,E,42,0,0,000000000,00000000000,0,0,0,1,0,0,0,0,0,0,0,998,0,0,0,12,98,6,2,12,0,0,0,1,47,37868,6,1,0,0,3,1,69,215,0,0,0,0,0,0,0,0,0,0,0,0,0,0,1,4,55,3,5,2,1,0,0,14,67,6,1,1,83,0,0
47,470612,1,2,1,19,8,15,0,12,6,1,0,39,2,53,704,53704,80,2008,JS1CK44A5821,J,S,1,C,K,4,4,A,5,8,2,1,0,M,SUZI,SA4,MS,8,17,,,,,,,400,,1,,4,434,,,,,,,0,0,000000000,00000000000,0,0,0,1,0,0,0,0,0,0,0,998,0,0,0,12,98,6,2,12,0,0,0,1,39,45403,6,1,0,0,3,1,68,190,0,0,0,0,0,0,0,0,0,0,0,0,0,0,1,2,30,1,1,2,1,0,0,1,62,4,1,1,69,1,0
47,470612,2,2,1,19,8,15,0,12,6,1,0,47,1,18,7,18007,4,1996,1G4AG55M6T64,1,G,4,A,G,5,5,M,6,T,6,4,0,P,BUIC,CSL,4D,96,17,2951,,0,1049,,G,,F,6,191,,,14R185,,,,,,0,0,000000000,00000000000,0,0,0,1,0,0,0,0,0,0,0,998,0,0,0,5,5,4,1,12,0,0,0,1,47,37729,6,1,0,0,3,0,66,200,0,0,0,0,0,0,0,0,0,0,38,0,0,0,1,2,30,1,1,2,1,0,0,11,15,1,1,1,68,0,0
47,470613,1,1,1,25,9,99,99,32,0,1,0,47,1,59,31,59031,4,1999,JT8BF28G6X02,J,T,8,B,F,2,8,G,6,X,0,2,0,P,LEXS,ES3,4D,99,17,3351,,0,1051,,G,,F,6,183,,,15R205,,,,,,0,0,000000000,00000000000,0,0,0,1,0,0,0,0,0,0,0,998,0,1,5,12,98,6,2,1,0,0,0,1,47,38351,6,1,0,0,3,0,71,188,0,0,0,0,2,12,2009,3,2010,0,0,0,0,0,1,2,45,1,6,2,1,0,0,1,13,1,1,4,1,1,1
47,470614,1,1,1,29,9,19,47,8,0,1,0,47,1,24,5,24005,4,2002,1G8JU54FX2Y5,1,G,8,J,U,5,4,F,X,2,Y,5,0,P,STRN,L20,4D,2,17,3033,,0,1065,,G,,F,4,134,,,15R195,,,,,,0,0,000000000,00000000000,0,0,0,1,0,0,0,0,0,0,0,998,0,0,0,12,98,6,2,8,0,0,0,1,47,37849,6,1,0,0,3,1,72,240,0,0,0,0,0,0,0,0,0,0,0,0,0,0,1,2,35,1,2,2,1,0,0,1,80,1,1,1,13,0,0
47,470615,1,1,1,30,9,20,0,59,0,1,0,47,1,53,705,53705,80,2004,JS1VP53AX421,J,S,1,V,P,5,3,A,X,4,2,1,0,M,SUZI,SV6,RC,4,17,,,,,,,645,,2,,4,363,,,,,,,0,0,000000000,00000000000,0,0,0,1,0,0,0,0,0,0,0,998,0,0,0,12,98,6,2,59,0,0,0,1,47,37847,6,1,0,0,3,0,71,180,0,0,0,0,0,0,0,0,0,1,28,36,0,0,1,2,45,3,1,2,1,0,0,14,6,1,1,4,1,1,0
47,470616,1,1,2,30,9,5,20,35,0,1,0,48,1,12,402,12402,14,2008,1FMCU02Z48KB,1,F,M,C,U,0,2,Z,4,8,K,B,0,P,FORD,SPE,UT,8,17,3272,,0,1031,,G,,F,4,140,,,16R235,,,,,,0,0,000000000,00000000000,0,0,0,1,0,0,0,0,0,0,0,998,0,1,5,12,98,6,2,1,0,0,0,1,48,77578,6,1,0,0,3,0,999,999,0,0,0,1,0,3,2011,3,2011,0,58,82,0,0,1,2,55,1,2,2,1,0,0,1,5,9,2,4,2,1,0
47,470617,1,1,1,18,10,16,56,42,0,1,0,47,1,14,401,14401,14,2004,4M2ZU86K84UJ,4,M,2,Z,U,8,6,K,8,4,U,J,0,P,MERC,MOU,UT,4,17,4433,,0,1138,,F,,F,6,245,,,16R235,,,,,,0,0,000000000,00000000000,0,0,0,1,0,0,0,0,0,0,0,998,0,0,0,1,98,6,2,42,0,0,1,1,47,37186,2,1,0,0,2,2,62,149,0,1,1,0,0,5,2009,5,2009,1,74,0,0,0,1,2,50,1,1,2,2,0,0,1,6,1,1,4,1,1,1
47,470618,1,2,1,7,8,21,31,12,2,1,0,47,2,32,45,32045,2,2001,TRUTC28N2110,T,R,U,T,C,2,8,N,2,1,1,0,0,P,AUDI,ATN,RD,1,17,3057,,0,954,,G,,T,4,109,,,16R205,,,,,,0,0,000000000,00000000000,0,0,0,1,0,0,0,0,0,0,0,998,0,0,0,12,98,6,2,12,0,0,0,1,47,37931,6,1,0,0,3,0,73,180,0,0,0,0,0,0,0,0,0,0,28,51,0,0,1,2,40,1,2,2,1,0,0,1,10,1,1,2,50,0,0
47,470618,2,2,1,7,8,21,31,12,2,1,0,47,2,22,19,22019,2,2008,1G2AL18F1871,1,G,2,A,L,1,8,F,1,8,7,1,0,P,PONT,G/5,CP,8,17,2991,,0,1035,,G,,F,4,134,,,15R195,,,,,,0,0,000000000,00000000000,0,0,0,1,0,0,0,0,0,0,0,998,0,0,0,12,98,6,2,12,0,0,0,1,47,37932,6,1,0,0,3,3,66,170,0,0,0,0,0,0,0,0,0,0,0,0,0,0,1,2,40,1,2,2,1,0,0,1,62,1,1,1,51,1,0
47,470619,1,3,1,17,8,7,44,12,8,1,0,47,1,20,2,20002,4,2001,2G1WF52E1191,2,G,1,W,F,5,2,E,1,1,9,1,0,P,CHEV,IMP,4D,1,17,3389,,0,1105,,G,,F,6,207,,,16R225,,,,,,0,0,000000000,00000000000,0,0,0,1,0,0,0,0,0,0,0,998,0,0,0,11,98,6,2,12,0,0,0,1,47,37821,6,1,0,0,3,1,64,146,1,0,0,1,0,8,2010,5,2011,0,27,35,39,0,1,2,55,2,1,2,1,0,0,6,10,1,1,1,64,1,0
47,470619,2,3,1,17,8,7,44,12,8,1,0,47,2,63,33,63033,4,2009,KNAFE2218955,K,N,A,F,E,2,2,1,8,9,5,5,0,P,KIA,SXC,4D,9,17,2701,,0,1028,,G,,F,4,122,,,15R195,,,,,,0,0,000000000,00000000000,0,0,0,1,0,0,0,0,0,0,0,998,0,0,0,11,98,6,2,12,0,0,0,1,47,37876,6,2,0,0,3,1,64,114,0,0,0,0,0,0,0,0,0,0,0,0,0,0,1,2,55,3,1,2,1,0,0,14,62,7,1,1,65,0,0
47,470619,3,3,1,17,8,7,44,12,8,1,0,39,2,7,442,7442,20,2005,2D4GP44L35R2,2,D,4,G,P,4,4,L,3,5,R,2,0,T,DODG,GSX,ES,5,17,,1,0,1193,CAR,G,,,6,230,,,,,4222,00,E,42,0,0,000000000,00000000000,0,0,0,1,0,0,0,0,0,0,0,998,0,0,0,11,98,6,2,12,0,0,0,1,47,37862,6,1,0,0,3,0,65,240,1,0,0,0,0,10,2008,10,2008,0,0,0,0,0,1,2,55,3,1,2,1,0,0,14,62,7,1,1,98,0,0
47,470620,1,4,1,3,8,17,10,12,7,1,1,47,1,20,421,20421,15,2002,1GNEK13Z92R3,1,G,N,E,K,1,3,Z,9,2,R,3,0,P,CHEV,KTA,UT,2,17,5050,,0,1160,,F,,F,8,325,,,16R265,,,,,,0,0,000000000,00000000000,0,0,0,1,0,0,0,0,0,0,0,998,0,0,0,1,1,6,2,12,0,0,0,1,47,38109,6,1,0,0,3,0,72,180,0,3,0,0,0,12,2008,3,2009,0,8,0,0,0,3,3,55,1,1,2,1,0,0,15,11,1,1,2,46,0,1
47,470620,2,4,4,3,8,17,10,12,7,1,0,47,1,20,421,20421,15,1999,1GNEC13R1XJ5,1,G,N,E,C,1,3,R,1,X,J,5,0,P,CHEV,CTA,UT,99,17,4865,,0,1175,,G,,F,8,350,,,15R235,,,,,,0,0,000000000,00000000000,0,0,0,1,0,0,0,0,0,0,0,998,0,1,5,7,98,6,2,12,0,0,0,1,47,38138,6,1,0,0,3,0,63,155,0,0,0,0,0,0,0,0,0,0,0,0,0,0,3,3,55,1,1,2,1,0,0,98,61,1,1,1,45,1,0
47,470620,3,4,1,3,8,17,10,12,7,1,0,47,3,20,481,20481,31,2009,3GCEC23C29G2,3,G,C,E,C,2,3,C,2,9,G,2,0,T,CHEV,2SC,CW,9,17,,2,0,1435,SIL,G,,,8,293,,,,B,5227,00,,42,0,0,000000000,00000000000,0,0,0,1,0,0,0,0,0,0,0,998,0,0,0,1,1,4,1,12,0,0,0,1,47,38016,6,1,0,0,3,0,71,172,0,0,0,0,0,0,0,0,0,0,0,0,0,0,3,3,55,1,1,2,1,0,0,1,61,1,1,1,98,0,0
47,470620,4,4,2,3,8,17,10,12,7,1,0,28,1,19,14,19014,4,2000,1G6KS54Y8YU1,1,G,6,K,S,5,4,Y,8,Y,U,1,0,P,CADI,SLS,4D,0,17,3970,,0,1122,,G,,F,8,279,,,16R235,,,,,,0,0,000000000,00000000000,0,0,0,1,0,0,0,0,0,0,0,998,0,0,0,3,3,4,1,12,0,0,0,1,47,38109,0,0,0,0,0,0,67,135,0,0,0,0,0,0,0,0,0,0,0,0,0,0,3,3,55,1,1,2,1,0,0,1,61,1,1,1,98,0,0
47,470621,1,1,4,4,9,18,20,42,0,1,0,47,1,23,401,23401,14,2005,1GKES16S9561,1,G,K,E,S,1,6,S,9,5,6,1,0,T,GMC,EXL,4W,5,17,,2,0,1290,ENV,G,,,6,256,,,,B,4773,00,E,42,0,0,000000000,00000000000,0,0,0,1,0,0,0,0,0,0,0,998,0,1,5,12,98,6,2,42,0,0,0,1,47,37771,6,1,0,0,3,0,63,155,1,2,0,0,1,12,2009,7,2011,1,99,99,99,99,2,2,65,1,1,2,1,0,0,1,13,1,1,4,1,2,1
47,470622,1,1,1,26,8,17,26,1,0,1,0,47,1,72,706,72706,80,1997,1HD1FCR16VY6,1,H,D,1,F,C,R,1,6,V,Y,6,0,M,HD,FLU,RS,97,17,,,,,,,1340,,2,,4,765,,,,,,,0,0,000000000,00000000000,0,0,0,1,0,0,0,0,0,0,0,998,0,0,0,0,98,6,2,1,0,0,0,1,47,38012,6,1,0,0,3,0,74,220,0,0,0,0,0,0,0,0,0,0,27,28,36,0,1,2,55,2,1,2,1,0,0,14,12,1,2,6,98,1,0
47,470623,1,2,1,5,10,16,8,12,2,1,0,92,0,53,734,53734,90,2009,000000000000,0,0,0,0,0,0,0,0,0,0,0,0,0,,,,,,,,,,,,,,,,,,,,,,,,,0,0,000000000,00000000000,0,0,0,1,0,0,0,0,0,0,0,0,0,0,0,12,98,6,2,12,0,0,0,1,47,38024,6,1,0,0,3,0,73,145,1,0,0,0,0,11,2010,11,2010,0,0,0,0,0,1,2,55,1,1,2,1,0,0,5,54,1,1,1,51,0,0