STATE,ST_CASE,VEH_NO,VE_FORMS,NUMOCCS,DAY,MONTH,HOUR,MINUTE,HARM_EV,MAN_COLL,UNITTYPE,HIT_RUN,REG_STAT,OWNER,MAKE,MODEL,MAK_MOD,BODY_TYP,MOD_YEAR,VIN,VIN_1,VIN_2,VIN_3,VIN_4,VIN_5,VIN_6,VIN_7,VIN_8,VIN_9,VIN_10,VIN_11,VIN_12,TOW_VEH,VINTYPE,VINMAKE,VINA_MOD,VIN_BT,VINMODYR,VIN_LNGT,VIN_WGT,WGTCD_TR,WHLBS_LG,WHLBS_SH,SER_TR,FUELCODE,MCYCL_DS,CARBUR,CYLINDER,DISPLACE,MCYCL_CY,MCYCL_WT,TIRE_SZE,TON_RAT,TRK_WT,TRKWTVAR,VIN_REST,WHLDRWHL,J_KNIFE,MCARR_I1,MCARR_I2,MCARR_ID,GVWR,V_CONFIG,CARGO_BT,HAZ_INV,HAZ_PLAC,HAZ_ID,HAZ_CNO,HAZ_REL,BUS_USE,SPEC_USE,EMER_USE,TRAV_SP,UNDERIDE,ROLLOVER,ROLINLOC,IMPACT1,IMPACT2,DEFORMED,TOWED,M_HARM,VEH_SC1,VEH_SC2,FIRE_EXP,DR_PRES,L_STATE,DR_ZIP,L_STATUS,L_TYPE,CDL_STAT,L_ENDORS,L_COMPL,L_RESTRI,DR_HGT,DR_WGT,PREV_ACC,PREV_SUS,PREV_DWI,PREV_SPD,PREV_OTH,FIRST_MO,FIRST_YR,LAST_MO,LAST_YR,SPEEDREL,DR_SF1,DR_SF2,DR_SF3,DR_SF4,VTRAFWAY,VNUM_LAN,VSPD_LIM,VALIGN,VPROFILE,VPAVETYP,VSURCOND,VTRAFCON,VTCONT_F,P_CRASH1,P_CRASH2,P_CRASH3,PCRASH4,PCRASH5,ACC_TYPE,DEATHS,DR_DRINK
47,470725,1,1,1,12,11,12,50,1,0,1,0,47,2,22,16,22016,1,1999,1G2JB1249X75,1,G,2,J,B,1,2,4,9,X,7,5,0,P,PONT,SFS,CP,99,17,2630,,0,1041,,G,,F,4,133,,,14R195,,,,,,0,0,000000000,00000000000,0,0,0,1,0,0,0,0,0,0,0,998,0,2,5,0,0,6,2,1,0,0,1,1,47,38544,1,1,0,0,2,0,72,200,0,3,0,0,2,5,2011,10,2011,0,0,0,0,0,1,2,45,3,6,2,1,0,0,14,12,1,1,4,6,1,0
47,470726,1,1,1,13,11,3,31,42,0,1,0,47,1,24,3,24003,6,1999,1G8ZG1278XZ1,1,G,8,Z,G,1,2,7,8,X,Z,1,0,P,STRN,SC2,CP,99,17,0,,0,1024,,G,,F,4,116,,,15R195,,,,,,0,0,000000000,00000000000,0,0,0,1,0,0,0,0,0,0,0,998,0,0,0,5,98,6,2,42,0,0,0,1,47,37743,6,1,0,0,3,1,70,170,0,0,0,0,0,0,0,0,0,0,0,0,0,0,1,2,55,3,2,2,1,0,0,14,13,1,1,4,1,1,1
47,470727,1,1,1,30,9,7,8,32,0,1,0,47,1,7,472,7472,30,1991,1B7FL26X5MS3,1,B,7,F,L,2,6,X,5,M,S,3,0,T,DODG,DAK,PK,91,17,,1,1239,1119,DAK,G,,,6,239,,,,B,2895,01,A,42,0,0,000000000,00000000000,0,0,0,1,0,0,0,0,0,0,0,998,0,0,0,12,12,6,2,32,0,0,0,1,47,37772,6,1,0,0,3,0,67,245,0,0,0,0,0,0,0,0,0,0,0,0,0,0,1,2,30,2,1,2,1,0,0,14,10,1,1,4,6,1,1
47,470728,1,2,1,2,11,8,58,12,2,1,0,47,1,49,401,49401,14,2000,JT3GN86R7Y01,J,T,3,G,N,8,6,R,7,Y,0,1,0,P,TOYT,RUN,UT,0,17,3600,,0,1053,,G,,F,6,206,,,15R225,,,,,,0,0,000000000,00000000000,0,0,0,1,0,0,0,0,0,0,0,998,0,0,0,12,12,6,2,12,0,0,0,1,47,37339,6,1,0,0,3,0,68,150,0,0,0,0,0,0,0,0,0,0,51,0,0,0,1,2,45,2,2,2,1,0,0,14,10,1,1,2,50,1,0
47,470728,2,2,1,2,11,8,58,12,2,1,0,93,3,84,881,84881,66,1999,2HSFHAER3XC0,2,H,S,F,H,A,E,R,3,X,C,0,1,T,INTL,940,TR,99,17,,8,2340,1600,90S,D,,,6,855,,,,,00000,00,,64,1,57,01057091,5701057091,3,6,3,1,0,0,0,0,0,0,0,998,0,0,0,12,12,6,2,12,0,0,0,1,47,37110,6,1,6,0,3,0,71,205,0,0,0,0,0,0,0,0,0,0,0,0,0,0,1,2,45,3,2,2,1,0,0,14,54,1,1,1,51,0,0
47,470729,1,1,1,15,11,14,45,34,0,1,0,47,1,7,482,7482,31,1997,3B7HC13Y7VG7,3,B,7,H,C,1,3,Y,7,V,G,7,0,T,DODG,150,PC,97,17,,2,1547,1387,RPC,G,,,8,318,,,,B,4379,01,M,42,0,0,000000000,00000000000,0,0,0,1,0,0,0,0,0,0,0,998,0,0,0,11,98,6,2,30,0,0,0,1,47,37367,6,1,0,0,3,0,68,140,1,0,0,0,0,11,2011,11,2011,0,0,0,0,0,1,2,55,1,1,2,2,0,0,1,5,1,2,4,7,1,0
47,470730,1,2,1,9,11,9,0,12,6,1,0,47,1,49,472,49472,30,2001,5TEWM72N21Z7,5,T,E,W,M,7,2,N,2,1,Z,7,0,T,TOYT,XTR,PC,1,17,,1,0,1219,TAC,G,,,4,164,,,,B,3470,00,U,44,0,0,000000000,00000000000,0,0,0,1,0,0,0,0,0,0,0,998,0,0,0,10,98,6,2,12,0,0,0,1,47,37660,6,1,0,0,3,1,70,175,0,0,0,0,0,0,0,0,0,0,38,0,0,0,2,2,55,1,1,2,1,0,0,1,17,1,1,7,89,1,0
47,470730,2,2,1,9,11,9,0,12,6,1,0,47,2,55,33,55033,4,2001,KMHFU45D41A1,K,M,H,F,U,4,5,D,4,1,A,1,0,P,HYUN,XG3,4D,1,17,3604,,0,1083,,G,,F,6,181,,,15R195,,,,,,0,0,000000000,00000000000,0,0,0,1,0,0,0,0,0,0,0,998,0,0,0,12,12,6,2,12,0,0,0,1,47,37660,6,1,0,0,3,0,68,140,0,0,0,0,0,0,0,0,0,0,0,0,0,0,2,2,55,1,1,2,1,0,0,1,71,1,1,1,88,0,0
47,470731,1,1,1,14,11,11,5,30,0,1,0,47,1,23,481,23481,31,1989,1GTDK14K1KZ5,1,G,T,D,K,1,4,K,1,K,Z,5,0,T,GMC,SK1,PK,89,17,,1,1315,1175,SIE,G,,,8,350,,,,B,4553,06,A,44,0,0,000000000,00000000000,0,0,0,1,0,0,0,0,0,0,0,998,0,1,5,12,98,6,2,30,0,0,0,1,47,37367,6,1,0,0,3,0,72,225,0,0,0,1,0,3,2011,3,2011,0,0,0,0,0,1,2,55,1,1,2,1,0,0,1,12,1,1,4,6,1,0
47,470732,1,1,1,4,11,7,10,1,0,1,0,47,1,34,34,34034,4,1992,WBACB3316NFE,W,B,A,C,B,3,3,1,6,N,F,E,0,P,BMW,325,4D,92,17,3991,,0,1063,,G,,F,6,152,,,15R205,,,,,,0,0,000000000,00000000000,0,0,0,1,0,0,0,0,0,0,0,998,0,1,5,0,98,6,4,1,0,0,0,1,47,37091,6,1,0,0,3,0,72,250,0,0,0,0,0,0,0,0,0,0,0,0,0,0,1,2,55,2,1,2,2,0,0,14,8,1,7,4,7,1,0
47,470734,1,1,1,13,11,21,50,52,0,1,0,5,3,87,881,87881,66,2007,1XPHDB9X97N6,1,X,P,H,D,B,9,X,9,7,N,6,1,T,PTRB,386,TR,7,17,,8,0,0,CON,D,,,6,893,,,,,00000,00,,64,1,57,00260968,5700260968,3,6,1,1,0,0,0,0,0,0,0,998,0,0,0,12,98,6,2,21,0,0,0,1,39,44095,6,1,6,0,3,0,69,215,0,0,0,0,0,0,0,0,0,0,0,0,0,0,2,2,55,3,1,2,1,0,0,14,13,99,1,4,1,1,0
47,470735,1,1,1,5,11,3,32,23,0,1,0,47,2,35,39,35039,4,1999,JN1CA21D2XT2,J,N,1,C,A,2,1,D,2,X,T,2,0,P,NISS,MGS,4D,99,17,2896,,0,1063,,G,,F,6,182,,,15R205,,,,,,0,0,000000000,00000000000,0,0,0,1,0,0,0,0,0,0,0,998,0,0,0,12,12,6,2,23,0,0,0,1,47,38366,6,1,0,0,3,0,64,110,1,1,0,1,0,12,2009,10,2011,1,51,0,0,0,3,2,55,1,1,2,1,0,0,1,6,7,1,4,98,1,1
47,470736,1,1,1,18,11,2,57,42,0,1,0,47,1,22,20,22020,4,2007,2G2WR5541711,2,G,2,W,R,5,5,4,1,7,1,1,0,P,PONT,GPG,4D,7,17,3484,,0,1105,,G,,Z,6,232,,,17R225,,,,,,0,0,000000000,00000000000,0,0,0,1,0,0,0,0,0,0,0,998,0,0,0,12,98,6,2,42,0,0,1,1,47,38127,6,1,0,0,3,0,72,210,0,0,0,0,0,0,0,0,0,0,99,99,99,99,3,4,45,3,2,2,1,0,0,14,13,1,1,4,1,1,1
47,470737,1,1,1,11,11,23,10,42,0,1,0,47,1,59,31,59031,4,2007,JTHBJ46G0720,J,T,H,B,J,4,6,G,0,7,2,0,0,P,LEXS,E35,4D,7,17,3600,,0,1093,,G,,F,6,211,,,17R215,,,,,,0,0,000000000,00000000000,0,0,0,1,0,0,0,0,0,0,0,998,0,1,5,3,98,6,2,42,0,0,0,1,47,38501,6,1,0,0,3,0,65,140,1,1,0,0,0,4,2009,7,2009,1,58,0,0,0,1,2,35,4,1,2,1,0,0,14,6,8,4,4,2,1,1
47,470738,1,1,1,19,11,13,20,34,0,1,0,47,1,73,706,73706,80,2006,JKBVNKA136A0,J,K,B,V,N,K,A,1,3,6,A,0,0,M,KAWK,V6A,RS,6,17,,,,,,,1552,,2,,4,675,,,,,,,0,0,000000000,00000000000,0,0,0,1,0,0,0,0,0,0,0,998,0,0,0,12,98,6,2,34,0,0,0,1,47,38583,6,1,0,0,3,3,69,175,1,0,0,0,0,10,2011,10,2011,0,0,0,0,0,1,2,45,3,2,2,1,0,0,14,13,1,1,4,1,1,0
47,470739,1,2,1,17,6,21,44,12,6,1,0,47,1,37,705,37705,80,1998,JH2PC2504WM7,J,H,2,P,C,2,5,0,4,W,M,7,0,M,HOND,RF3,RC,98,17,,,,,,,600,,4,,4,412,,,,,,,0,0,000000000,00000000000,0,0,0,1,0,0,0,0,0,0,0,998,0,0,0,12,98,6,2,12,0,0,0,1,47,37207,6,1,0,0,3,0,63,170,0,0,0,2,0,6,2008,3,2011,0,0,0,0,0,5,2,50,1,1,2,1,0,0,1,62,1,1,1,69,1,1
47,470739,2,2,1,17,6,21,44,12,6,1,0,17,3,86,881,86881,66,1999,1M1AA13YXXW0,1,M,1,A,A,1,3,Y,X,X,W,0,2,T,MACK,CH6,TR,99,17,,8,0,0,600,D,,,6,728,,,,,00000,00,,64,1,57,00021800,5700021800,3,7,1,1,0,0,0,0,0,0,0,998,0,0,0,83,98,6,2,12,0,0,0,1,47,38318,6,1,6,1,3,0,72,200,1,0,0,0,0,5,2009,5,2009,0,38,0,0,0,5,2,50,1,1,2,1,0,0,11,15,1,1,2,68,0,0
47,470740,1,2,1,3,10,6,42,12,6,1,0,47,3,85,881,85881,63,2000,1NKDLU9X2YJ8,1,N,K,D,L,U,9,X,2,Y,J,8,0,T,KW,T80,CC,0,17,,8,2600,1600,CON,D,,,6,733,,,,,00000,00,,64,0,57,328116,57328116,3,2,4,1,0,0,0,0,0,0,0,38,0,0,0,12,12,4,3,12,0,0,0,1,47,37087,6,1,6,0,3,1,73,210,0,0,0,0,0,0,0,0,0,0,0,0,0,0,5,2,40,1,2,2,1,0,0,1,67,8,1,1,83,0,0
47,470740,2,2,2,3,10,6,42,12,6,1,0,47,1,12,23,12023,4,2012,3FAHP0JA0CR1,3,F,A,H,P,0,J,A,0,C,R,1,0,P,FORD,F/L,4D,12,17,3342,,0,1074,,G,,F,4,152,,,17R225,,,,,,0,0,000000000,00000000000,0,0,0,1,0,0,0,0,0,0,0,998,0,0,0,62,62,6,2,12,0,0,0,1,47,37013,6,1,0,0,3,0,66,130,0,0,0,0,0,0,0,0,0,0,38,0,0,0,1,2,30,1,2,2,1,20,3,11,15,1,1,1,82,1,0
47,470741,1,3,1,24,8,14,42,35,0,1,0,47,1,7,472,7472,30,2006,1D7HW48N96S7,1,D,7,H,W,4,8,N,9,6,S,7,0,T,DODG,DQS,CW,6,17,,2,0,1309,DAK,G,,,8,287,,,,B,4430,00,E,44,0,0,000000000,00000000000,0,0,0,1,0,0,0,0,0,0,0,998,0,0,0,11,98,6,2,12,0,0,0,1,47,38317,6,1,0,0,3,0,69,175,0,0,0,0,0,0,0,0,0,0,51,0,0,0,2,3,55,1,1,2,1,0,0,1,54,1,1,1,98,1,0
47,470741,2,3,1,24,8,14,42,35,0,1,0,18,3,84,881,84881,66,2009,2HSCUAPR89C0,2,H,S,C,U,A,P,R,8,9,C,0,1,T,INTL,PPR,TR,9,17,,8,0,0,PRO,D,,,6,915,,,,,00000,00,,64,1,57,606920,57606920,3,6,1,1,0,0,0,0,0,0,0,998,0,0,0,62,62,4,3,12,0,0,0,1,13,30349,6,1,6,0,3,0,69,208,98,0,0,0,1,3,2009,3,2009,0,0,0,0,0,2,3,55,1,1,2,1,0,0,15,54,1,1,1,98,0,0
47,470741,3,3,1,24,8,14,42,35,0,1,0,47,1,49,32,49032,4,2003,1NXBR32E23Z0,1,N,X,B,R,3,2,E,2,3,Z,0,0,P,TOYT,UCS,4D,3,17,2502,,0,1024,,G,,F,4,109,,,15R185,,,,,,0,0,000000000,00000000000,0,0,0,1,0,0,0,0,0,0,0,998,0,0,0,14,98,6,2,12,0,0,0,1,47,38401,6,1,0,0,3,1,64,140,1,0,0,0,0,4,2011,4,2011,0,92,0,0,0,2,3,55,1,1,2,1,0,0,1,12,1,1,4,6,0,0
47,470742,1,3,1,26,11,11,49,12,2,1,0,37,1,34,34,34034,2,1999,WBABJ8331XEM,W,B,A,B,J,8,3,3,1,X,E,M,0,P,BMW,3A3,CV,99,17,3373,,0,1063,,G,,F,6,152,,,15R205,,,,,,0,0,000000000,00000000000,0,0,0,1,0,0,0,0,0,0,0,998,0,0,0,12,98,6,2,12,0,0,0,1,37,28681,6,1,0,0,3,0,69,999,0,0,0,0,0,0,0,0,0,0,28,0,0,0,2,3,65,1,1,2,1,0,0,15,10,99,1,6,50,0,0
47,470742,2,3,2,26,11,11,49,12,2,1,0,13,1,18,23,18023,4,2008,1G4HP572X8U1,1,G,4,H,P,5,7,2,X,8,U,1,1,P,BUIC,UCX,4D,8,17,3761,,0,1156,,G,,F,6,232,,,16R225,,,,,,2,0,000000000,00000000000,0,0,0,1,0,0,0,0,0,0,0,998,0,1,1,12,98,6,2,12,0,0,0,1,13,30084,6,1,0,0,3,0,68,155,98,0,0,0,0,0,0,0,0,0,0,0,0,0,2,3,65,1,1,2,1,0,0,1,54,99,1,1,51,1,0
47,470742,3,3,1,26,11,11,49,12,2,1,0,93,3,82,881,82881,66,2006,1FUJBBAV26LU,1,F,U,J,B,B,A,V,2,6,L,U,1,T,FRHT,ST2,TR,6,17,,8,0,0,CON,D,,,6,893,,,,,00000,00,,64,1,57,1770852,571770852,3,6,1,1,0,0,0,0,0,0,0,998,0,0,0,12,12,6,2,12,0,0,0,1,6,93722,6,1,6,0,3,0,68,165,0,0,0,0,1,6,2010,6,2010,0,92,0,0,0,2,3,65,1,1,2,1,0,0,1,54,99,1,1,98,0,0
47,470743,1,1,1,19,10,99,99,31,0,1,0,47,2,24,2,24002,2,1994,1G8ZG5590RZ2,1,G,8,Z,G,5,5,9,0,R,Z,2,0,P,STRN,SL1,4D,94,17,2222,,0,1024,,G,,F,4,116,,,14R175,,,,,,0,0,000000000,00000000000,0,0,0,1,0,0,0,0,0,0,0,998,0,0,0,9,98,6,2,42,0,0,0,1,47,38560,6,1,0,0,3,1,68,132,1,0,0,0,0,5,2010,5,2010,1,0,0,0,0,1,2,55,3,1,2,2,0,0,14,6,4,2,4,2,1,0
47,470744,1,1,2,29,10,99,99,21,0,1,0,47,1,20,481,20481,31,2005,2GCEK13T8512,2,G,C,E,K,1,3,T,8,5,1,2,0,T,CHEV,SK1,CW,5,17,,2,0,1435,SIL,G,,,8,323,,,,B,5299,00,,44,0,0,000000000,00000000000,0,0,0,1,0,0,0,0,0,0,0,998,0,0,0,12,98,6,2,21,0,0,0,1,47,38040,6,1,0,0,3,0,62,130,1,0,0,0,0,9,2009,9,2009,0,91,92,0,0,1,2,55,1,1,2,1,0,0,1,12,3,1,4,6,1,1
47,470745,1,1,2,11,11,21,30,32,0,1,0,1,3,20,9,20009,2,2010,2G1FG1EV1A91,2,G,1,F,G,1,E,V,1,A,9,1,0,P,CHEV,CLT,CP,10,17,3741,,0,1123,,G,,F,6,220,,,19R245,,,,,,0,0,000000000,00000000000,0,0,0,1,0,0,0,0,0,0,0,998,0,1,5,11,98,6,2,32,0,0,0,1,47,38468,6,1,0,0,3,2,69,247,1,4,0,2,1,4,2009,7,2011,0,74,0,0,0,1,2,45,2,1,2,1,0,0,14,12,1,1,4,6,2,1
47,470746,1,2,2,11,11,12,30,12,6,1,0,47,2,22,9,22009,2,1995,2G2FS22S7S22,2,G,2,F,S,2,2,S,7,S,2,2,0,P,PONT,FBD,2H,95,17,3230,,0,1011,,G,,F,6,207,,,16R215,,,,,,0,0,000000000,00000000000,0,0,0,1,0,0,0,0,0,0,0,998,0,0,0,3,98,6,2,35,0,0,0,1,47,38583,6,1,0,0,3,0,65,110,0,0,0,0,0,0,0,0,0,0,28,36,58,0,1,2,45,1,1,2,1,0,0,1,10,6,2,2,64,2,0
47,470746,2,2,1,11,11,12,30,12,6,1,0,47,1,20,481,20481,31,1997,1GCHK39J6VF0,1,G,C,H,K,3,9,J,6,V,F,0,0,T,CHEV,GK3,PC,97,17,,2,0,1555,GM4,G,,,8,454,,,,D,00000,00,,44,0,0,000000000,00000000000,0,0,0,1,0,0,0,0,0,0,0,998,0,0,0,12,98,6,2,12,0,0,0,1,47,38583,6,1,0,0,3,0,66,144,0,0,0,0,0,0,0,0,0,0,0,0,0,0,1,2,45,1,1,2,1,0,0,1,62,1,1,1,65,0,0
47,470747,1,1,1,15,11,11,30,42,0,1,0,51,2,20,471,20471,30,1992,1GCCS14A1N81,1,G,C,C,S,1,4,A,1,N,8,1,0,T,CHEV,S14,PK,92,17,,1,1179,1083,S,G,,,4,151,,,,B,2645,01,,42,0,0,000000000,00000000000,0,0,0,1,0,0,0,0,0,0,0,998,0,0,0,12,12,6,2,42,0,0,0,1,51,24281,6,1,0,0,3,0,64,125,1,0,0,0,1,11,2009,1,2010,1,0,0,0,0,1,2,35,2,1,2,2,0,0,14,6,1,2,4,2,1,0
47,470748,1,1,1,15,11,11,45,35,0,1,0,47,1,20,4,20004,2,1974,1Z37J4S41319,1,Z,3,7,J,4,S,4,1,3,1,9,0,P,CHEV,CVT,2T,74,13,3315,,0,980,,G,,4,8,350,,,15GR70,,,,,,0,0,000000000,00000000000,0,0,0,1,0,0,0,0,0,0,0,998,0,1,5,1,98,6,2,1,0,0,0,1,47,37876,2,1,2,0,2,0,74,242,0,0,0,0,0,0,0,0,0,0,0,0,0,0,1,2,35,2,1,2,2,0,0,14,13,1,1,4,1,1,1
47,470749,1,1,1,16,11,20,0,34,0,1,0,47,3,35,49,35049,6,2006,JN8AZ08T36W4,J,N,8,A,Z,0,8,T,3,6,W,4,0,P,NISS,MUR,UT,6,17,3723,,0,1112,,G,,F,6,213,,,18R235,,,,,,0,0,000000000,00000000000,0,0,0,1,0,0,0,0,0,0,0,998,0,0,0,11,98,6,2,42,0,0,0,1,47,38225,6,2,0,0,3,1,66,117,0,0,0,0,0,0,0,0,0,0,36,0,0,0,1,2,55,1,1,2,1,0,0,1,12,1,1,4,6,1,0
47,470750,1,1,1,13,11,0,20,34,0,1,0,47,1,72,706,72706,80,2007,1HD1KB4157Y7,1,H,D,1,K,B,4,1,5,7,Y,7,0,M,HD,FHX,RS,7,17,,,,,,,1584,,2,,4,733,,,,,,,0,0,000000000,00000000000,0,0,0,1,0,0,0,0,0,0,0,998,0,0,0,12,98,6,2,30,0,0,0,1,47,37036,6,1,0,0,3,0,66,200,0,0,0,0,0,0,0,0,0,0,0,0,0,0,1,2,55,2,5,2,1,0,0,14,12,1,1,4,6,1,1
47,470751,1,1,1,21,11,15,15,1,0,1,0,47,1,20,22,20022,4,2005,1G1AK52FX575,1,G,1,A,K,5,2,F,X,5,7,5,0,P,CHEV,CBT,4D,5,17,3216,,0,1033,,G,,F,4,134,,,15R195,,,,,,0,0,000000000,00000000000,0,0,0,1,0,0,0,0,0,0,0,998,0,1,5,0,0,6,2,43,0,0,0,1,47,37716,6,1,0,0,3,0,67,250,2,0,0,0,1,4,2009,2,2011,0,0,0,0,0,1,2,35,3,6,2,2,0,0,14,5,1,1,4,1,1,0
47,470752,1,1,1,20,11,12,40,42,0,1,0,47,2,24,3,24003,6,1995,1G8ZK5276SZ1,1,G,8,Z,K,5,2,7,6,S,Z,1,0,P,STRN,SL2,4D,95,17,2338,,0,1024,,G,,F,4,116,,,15R195,,,,,,0,0,000000000,00000000000,0,0,0,1,0,0,0,0,0,0,0,998,0,0,0,11,98,6,2,42,0,0,0,1,47,38301,6,1,0,0,3,3,66,155,0,0,0,0,0,0,0,0,0,1,0,0,0,0,1,2,40,2,2,2,2,0,0,14,6,6,2,4,2,1,0
47,470753,1,1,1,21,11,8,55,42,0,1,0,47,2,7,482,7482,31,2006,1D7HA16K86J2,1,D,7,H,A,1,6,K,8,6,J,2,0,T,DODG,S1T,PK,6,17,,2,1405,1205,RPC,G,,,6,225,,,,B,4451,01,E,42,0,0,000000000,00000000000,0,0,0,1,0,0,0,0,0,0,0,998,0,0,0,5,98,6,2,42,0,0,0,1,26,48223,6,1,0,0,3,0,999,999,99,99,99,99,99,99,9999,99,9999,1,0,0,0,0,1,2,45,3,1,2,2,0,0,14,6,1,1,4,1,1,0
47,470754,1,1,1,20,11,1,49,42,0,1,0,47,1,42,44,42044,2,2000,WDBFA68F3YF1,W,D,B,F,A,6,8,F,3,Y,F,1,0,P,MERZ,SL5,RD,0,17,4000,,0,990,,G,,F,8,303,,,17R245,,,,,,0,0,000000000,00000000000,0,0,0,1,0,0,0,0,0,0,0,998,0,0,0,12,98,6,2,42,0,0,0,1,47,37725,6,1,0,0,3,0,70,225,0,0,0,0,0,0,0,0,0,0,28,0,0,0,3,6,55,1,1,2,1,0,0,1,13,1,1,4,1,1,1
47,470755,1,1,1,27,11,18,30,8,0,1,0,47,2,6,51,6051,4,2006,2C3KA53G26H3,2,C,3,K,A,5,3,G,2,6,H,3,0,P,CHRY,3TR,4D,6,17,3651,,0,1200,,G,,F,6,214,,,17R215,,,,,,0,0,000000000,00000000000,0,0,0,1,0,0,0,0,0,0,0,998,0,0,0,1,98,4,3,8,0,0,0,1,47,37921,6,1,0,0,3,0,64,131,0,0,0,0,0,0,0,0,0,0,0,0,0,0,1,4,45,1,1,2,2,0,0,1,80,1,1,1,13,0,0
47,470756,1,1,2,29,11,22,51,42,0,1,0,47,2,37,37,37037,5,2010,JHMZE2H53AS0,J,H,M,Z,E,2,H,5,3,A,S,0,0,P,HOND,ILX,4H,10,17,2723,,0,1004,,B,,F,4,079,,,15R175,,,,,,0,0,000000000,00000000000,0,0,0,1,0,0,0,0,0,0,0,998,0,0,0,9,9,6,2,42,0,0,0,1,47,38104,6,1,0,0,3,0,71,140,0,0,0,0,0,0,0,0,0,1,58,0,0,0,3,3,40,1,1,2,1,0,0,1,6,4,2,4,2,2,0
47,470757,1,1,4,25,11,99,99,11,0,1,0,47,1,23,421,23421,15,2002,1GTGK13U02F1,1,G,T,G,K,1,3,U,0,2,F,1,0,T,GMC,1KH,CW,2,17,,2,0,1530,SIE,G,,,8,364,,,,B,5763,00,K,44,0,0,000000000,00000000000,0,0,0,1,0,0,0,0,0,0,0,998,0,0,0,11,98,6,2,11,0,0,0,1,47,38305,6,1,0,0,3,0,71,300,0,1,0,0,0,11,2009,11,2009,0,0,0,0,0,1,2,45,1,1,2,1,0,0,1,87,1,1,1,13,1,1
47,470758,1,2,1,13,11,12,51,12,2,1,0,47,2,12,481,12481,31,2000,1FTNF20L4YEA,1,F,T,N,F,2,0,L,4,Y,E,A,0,T,FORD,F2S,PK,0,17,,2,0,1370,SRW,G,,,8,330,,,,C,4956,07,U,42,0,0,000000000,00000000000,0,0,0,1,0,0,0,0,0,0,0,998,0,1,1,12,98,6,2,12,0,0,0,1,47,37830,6,1,0,0,3,0,66,135,1,0,0,0,0,12,2008,12,2008,0,28,0,0,0,1,2,40,1,1,2,1,0,0,1,10,1,1,2,50,0,0
47,470758,2,2,2,13,11,12,51,12,2,1,0,47,1,49,43,49043,4,2002,4T1BF28B82U2,4,T,1,B,F,2,8,B,8,2,U,2,0,P,TOYT,UVS,4D,2,17,3417,,0,1071,,G,,F,6,183,,,15R205,,,,,,0,0,000000000,00000000000,0,0,0,1,0,0,0,0,0,0,0,998,0,0,0,12,98,6,2,12,0,0,0,1,47,37377,6,1,0,0,3,0,74,230,1,0,0,0,0,10,2010,10,2010,0,0,0,0,0,1,2,40,1,1,2,1,0,0,1,62,1,1,1,51,1,0
47,470759,1,2,1,1,12,6,56,12,1,1,0,47,3,84,883,84883,66,1995,1HSRDALR5SH6,1,H,S,R,D,A,L,R,5,S,H,6,1,T,INTL,960,TR,95,17,,8,1950,1420,90S,D,,,6,677,,,,,00000,00,,64,1,57,00661343,5700661343,3,6,1,1,0,0,0,0,0,0,0,0,0,0,0,6,98,6,2,12,0,0,0,1,47,37014,6,1,6,0,3,0,73,240,0,0,0,0,0,0,0,0,0,0,92,0,0,0,3,3,65,3,2,2,4,0,0,5,53,1,1,1,21,0,0
47,470759,2,2,1,1,12,6,56,12,1,1,0,47,1,49,32,49032,4,2009,1NXBU40EX9Z0,1,N,X,B,U,4,0,E,X,9,Z,0,0,P,TOYT,CBL,4D,9,17,2723,,0,1024,,G,,F,4,110,,,15R195,,,,,,0,0,000000000,00000000000,0,0,0,1,0,0,0,0,0,0,0,998,1,0,0,12,98,6,2,12,0,0,0,1,47,37221,6,1,0,0,3,1,71,180,0,0,0,0,0,0,0,0,0,0,87,0,0,0,3,3,65,3,2,2,4,0,0,14,50,7,1,1,20,1,0
47,470760,1,1,1,15,1,21,47,8,0,1,1,99,9,20,481,20481,31,1996,1GCEC14M6TZ1,1,G,C,E,C,1,4,M,6,T,Z,1,0,T,CHEV,GC1,PK,96,17,,2,1315,1175,GM4,G,,,8,305,,,,B,3801,01,,42,0,0,000000000,00000000000,0,0,0,1,0,0,0,0,0,0,0,55,0,0,0,12,12,4,1,8,0,0,0,1,99,99999,9,9,99,9,9,9,999,999,99,99,99,99,99,99,9999,99,9999,1,99,99,99,99,2,2,45,1,1,2,1,0,0,6,80,1,1,1,13,0,0
47,470761,1,2,2,6,12,15,54,12,6,1,0,47,1,14,6,14006,4,1997,2MELM75W3VX7,2,M,E,L,M,7,5,W,3,V,X,7,0,P,MERC,MGL,4D,97,17,3796,,0,1144,,G,,F,8,281,,,15R215,,,,,,0,0,000000000,00000000000,0,0,0,1,0,0,0,0,0,0,0,998,0,0,0,9,9,6,2,12,0,0,0,1,47,37098,6,1,0,0,3,0,67,160,0,0,0,0,0,0,0,0,0,0,99,99,99,99,5,2,35,1,2,2,2,0,0,11,15,1,1,7,82,1,0