STATE,ST_CASE,VEH_NO,VE_FORMS,NUMOCCS,DAY,MONTH,HOUR,MINUTE,HARM_EV,MAN_COLL,UNITTYPE,HIT_RUN,REG_STAT,OWNER,MAKE,MODEL,MAK_MOD,BODY_TYP,MOD_YEAR,VIN,VIN_1,VIN_2,VIN_3,VIN_4,VIN_5,VIN_6,VIN_7,VIN_8,VIN_9,VIN_10,VIN_11,VIN_12,TOW_VEH,VINTYPE,VINMAKE,VINA_MOD,VIN_BT,VINMODYR,VIN_LNGT,VIN_WGT,WGTCD_TR,WHLBS_LG,WHLBS_SH,SER_TR,FUELCODE,MCYCL_DS,CARBUR,CYLINDER,DISPLACE,MCYCL_CY,MCYCL_WT,TIRE_SZE,TON_RAT,TRK_WT,TRKWTVAR,VIN_REST,WHLDRWHL,J_KNIFE,MCARR_I1,MCARR_I2,MCARR_ID,GVWR,V_CONFIG,CARGO_BT,HAZ_INV,HAZ_PLAC,HAZ_ID,HAZ_CNO,HAZ_REL,BUS_USE,SPEC_USE,EMER_USE,TRAV_SP,UNDERIDE,ROLLOVER,ROLINLOC,IMPACT1,IMPACT2,DEFORMED,TOWED,M_HARM,VEH_SC1,VEH_SC2,FIRE_EXP,DR_PRES,L_STATE,DR_ZIP,L_STATUS,L_TYPE,CDL_STAT,L_ENDORS,L_COMPL,L_RESTRI,DR_HGT,DR_WGT,PREV_ACC,PREV_SUS,PREV_DWI,PREV_SPD,PREV_OTH,FIRST_MO,FIRST_YR,LAST_MO,LAST_YR,SPEEDREL,DR_SF1,DR_SF2,DR_SF3,DR_SF4,VTRAFWAY,VNUM_LAN,VSPD_LIM,VALIGN,VPROFILE,VPAVETYP,VSURCOND,VTRAFCON,VTCONT_F,P_CRASH1,P_CRASH2,P_CRASH3,PCRASH4,PCRASH5,ACC_TYPE,DEATHS,DR_DRINK
47,470761,2,2,1,6,12,15,54,12,6,1,0,47,3,90,981,90981,50,2004,1BABKC0A64F2,1,B,A,B,K,C,0,A,6,4,F,2,0,T,BLUI,,,4,17,,,,,,,,,,,,,,,,,,,0,88,888888888,88888888888,2,21,22,1,0,0,0,0,1,0,0,998,0,0,0,12,12,4,1,12,0,0,0,1,47,37055,6,1,6,1,3,0,76,300,0,0,0,0,0,0,0,0,0,0,0,0,0,0,5,2,35,1,2,2,2,0,0,1,72,1,1,1,83,0,0
47,470762,1,2,2,29,11,15,45,12,2,1,0,47,2,12,481,12481,31,1995,1FTDF15Y6SNA,1,F,T,D,F,1,5,Y,6,S,N,A,0,T,FORD,F15,PK,95,17,,1,1330,1170,COF,G,,,6,300,,,,B,00000,00,M,42,0,0,000000000,00000000000,0,0,0,1,0,0,0,0,0,0,0,998,0,0,0,12,98,6,2,12,0,0,0,1,47,37332,6,1,0,0,3,0,73,272,1,0,0,0,0,4,2011,4,2011,0,28,0,0,0,1,2,55,3,5,2,2,0,0,14,10,1,1,2,50,1,0
47,470762,2,2,1,29,11,15,45,12,2,1,0,47,3,82,881,82881,66,1998,1FUYSSEB6WL9,1,F,U,Y,S,S,E,B,6,W,L,9,1,T,FRHT,FC2,TR,98,17,,8,0,0,CON,D,,,6,774,,,,,00000,00,,64,3,57,01061426,5701061426,3,6,1,1,0,0,0,0,0,0,0,998,0,0,0,12,98,6,2,12,0,0,0,1,47,38571,6,1,6,0,3,0,72,167,0,1,0,0,0,9,2009,9,2009,0,0,0,0,0,1,2,55,2,6,2,2,0,0,14,54,9,1,1,51,0,0
47,470763,1,2,1,13,12,12,20,12,2,1,0,21,1,49,402,49402,14,2002,JTEGH20V0260,J,T,E,G,H,2,0,V,0,2,6,0,0,P,TOYT,RV4,UT,2,17,2711,,0,980,,G,,F,4,122,,,16R215,,,,,,0,0,000000000,00000000000,0,0,0,1,0,0,0,0,0,0,0,998,0,0,0,12,98,6,2,12,0,0,0,1,21,42211,6,1,0,0,3,0,70,200,0,1,1,0,0,11,2011,11,2011,0,28,0,0,0,1,2,55,1,1,2,2,0,0,1,10,1,1,2,50,1,1
47,470763,2,2,1,13,12,12,20,12,2,1,0,21,3,98,809,98809,62,2002,2FZAAHBW12AH,2,F,Z,A,A,H,B,W,1,2,A,H,5,T,STRG,M65,CC,2,17,,6,0,0,STE,D,,,6,359,,,,,00000,00,,42,1,57,00502753,5700502753,2,1,12,1,0,0,0,0,0,0,0,998,0,0,0,12,98,6,2,12,0,0,0,1,21,42071,6,1,6,0,3,0,72,190,1,0,0,0,0,3,2011,3,2011,0,0,0,0,0,1,2,55,1,1,2,2,0,0,1,54,1,1,1,51,0,0
47,470764,1,2,1,20,12,18,55,12,6,1,0,47,1,19,3,19003,4,1986,1G6CD6983G43,1,G,6,C,D,6,9,8,3,G,4,3,0,P,CADI,DVF,4D,86,17,3239,,0,1108,,G,,F,8,249,,,14R205,,,,,,0,0,000000000,00000000000,0,0,0,1,0,0,0,0,0,0,0,998,7,0,0,9,98,6,2,12,0,0,0,1,47,37818,6,1,6,0,3,0,76,200,1,0,0,0,0,8,2009,8,2009,0,38,39,0,0,1,2,30,1,1,2,1,20,3,11,15,1,1,1,82,1,0
47,470764,2,2,1,20,12,18,55,12,6,1,0,93,3,84,881,84881,66,1992,2HSFHDPR2NC0,2,H,S,F,H,D,P,R,2,N,C,0,1,T,INTL,940,TR,92,17,,8,2340,1600,90S,D,,,6,677,,,,,00000,00,,64,1,57,01134312,5701134312,3,6,3,1,0,0,0,0,0,0,0,998,0,0,0,12,12,6,2,12,0,0,0,1,47,37818,6,1,6,0,3,0,66,165,0,0,0,0,0,0,0,0,0,0,0,0,0,0,1,2,30,1,1,2,1,0,0,1,67,1,1,1,83,0,0
47,470765,1,2,3,14,8,7,26,12,2,1,0,47,1,2,404,2404,14,1987,1JCMR7838HT1,1,J,C,M,R,7,8,3,8,H,T,1,0,P,AMER,CHK,UT,87,17,0,,0,1010,,G,,F,6,242,,,000000,,,,,,0,0,000000000,00000000000,0,0,0,1,0,0,0,0,0,0,0,53,0,0,0,12,98,6,2,12,0,0,0,1,47,37115,6,1,0,0,3,0,66,140,0,0,0,0,0,0,0,0,0,0,0,0,0,0,5,4,45,4,2,2,1,0,0,14,62,1,1,1,51,1,0
47,470765,2,2,1,14,8,7,26,12,2,1,0,47,2,49,46,49046,5,2010,JTDKN3DU9A01,J,T,D,K,N,3,D,U,9,A,0,1,0,P,TOYT,PRI,4H,10,17,3042,,0,1063,,B,,F,4,110,,,15R195,,,,,,0,0,000000000,00000000000,0,0,0,1,0,0,0,0,0,0,0,72,0,0,0,12,98,6,2,12,0,0,1,1,47,37115,6,1,0,0,3,3,70,240,1,1,0,0,0,6,2010,9,2010,0,51,0,0,0,5,4,45,4,2,2,1,0,0,14,10,1,1,2,50,0,0
47,470766,1,2,2,22,12,9,50,12,6,1,0,47,2,12,481,12481,31,2002,1FTRX17W62NA,1,F,T,R,X,1,7,W,6,2,N,A,0,T,FORD,F15,4C,2,17,,2,1571,1385,COF,G,,,8,281,,,,B,4224,06,U,42,0,0,000000000,00000000000,0,0,0,1,0,0,0,0,0,0,0,998,0,0,0,11,98,6,2,12,0,0,0,1,47,38469,6,2,0,0,3,1,72,216,2,0,0,1,0,7,2010,8,2011,1,87,0,0,0,5,4,60,1,5,2,2,0,0,1,10,1,4,2,64,2,0
47,470766,2,2,1,22,12,9,50,12,6,1,0,18,3,84,881,84881,66,2000,2HSCHAMR8YC0,2,H,S,C,H,A,M,R,8,Y,C,0,1,T,INTL,99I,TR,0,17,,8,0,0,990,D,,,6,774,,,,,00000,00,,64,1,57,00751435,5700751435,3,6,1,1,0,0,0,0,0,0,0,998,0,0,0,12,12,6,2,12,0,0,0,1,18,46506,6,1,6,0,3,0,67,155,0,0,0,0,0,0,0,0,0,0,0,0,0,0,5,4,60,1,6,2,2,0,0,1,62,8,1,1,65,0,0
47,470767,1,1,1,15,10,23,24,8,0,1,0,47,1,7,472,7472,30,2004,1D7HG38N14S5,1,D,7,H,G,3,8,N,1,4,S,5,0,T,DODG,QSP,CW,4,17,,2,0,1309,DAK,G,,,8,287,,,,B,4331,00,E,44,0,0,000000000,00000000000,0,0,0,1,0,0,0,0,0,0,0,999,0,0,0,12,98,4,1,8,0,0,0,1,47,37138,6,1,6,0,3,1,72,185,0,0,0,0,0,0,0,0,0,0,0,0,0,0,5,4,45,1,1,2,1,0,0,1,80,1,1,1,13,0,1
47,470768,1,1,1,27,10,23,30,35,0,1,0,47,1,37,402,37402,14,1999,JHLRD1741XC0,J,H,L,R,D,1,7,4,1,X,C,0,0,P,HOND,CRV,UT,99,17,3210,,0,1032,,G,,F,4,120,,,15R205,,,,,,0,0,000000000,00000000000,0,0,0,1,0,0,0,0,0,0,0,998,0,1,3,98,98,6,2,1,0,0,0,1,47,37188,6,1,6,0,3,1,60,130,1,0,0,1,0,10,2008,9,2009,9,0,0,0,0,2,3,55,1,2,2,1,0,0,1,12,1,1,4,6,1,1
47,470769,1,1,1,16,11,9,7,42,0,1,0,47,2,12,3,12003,2,2001,1FAFP40421F1,1,F,A,F,P,4,0,4,2,1,F,1,0,P,FORD,MUS,CP,1,17,3066,,0,1013,,G,,F,6,232,,,15R205,,,,,,0,0,000000000,00000000000,0,0,0,1,0,0,0,0,0,0,0,998,0,0,0,9,9,6,2,42,0,0,0,1,47,37221,1,1,0,0,2,0,69,180,0,2,0,1,1,11,2009,10,2011,1,26,27,36,0,2,2,55,4,2,1,2,0,0,6,6,1,3,4,2,1,0
47,470770,1,2,1,2,9,8,58,12,6,1,0,47,1,13,13,13013,4,2008,3LNHM26T18R6,3,L,N,H,M,2,6,T,1,8,R,6,0,P,LINC,MKZ,4D,8,17,3469,,0,1074,,G,,F,6,214,,,17R225,,,,,,0,0,000000000,00000000000,0,0,0,1,0,0,0,0,0,0,0,998,0,0,0,9,9,6,2,12,36,0,0,1,47,38401,6,1,0,0,3,8,64,230,0,0,0,0,0,0,0,0,0,0,38,0,0,0,1,2,30,1,1,2,1,20,3,1,17,1,1,1,89,1,0
47,470770,2,2,2,2,9,8,58,12,6,1,0,47,1,12,461,12461,21,2010,1FBNE3BL7ADA,1,F,B,N,E,3,B,L,7,A,D,A,0,P,FORD,ECO,SV,10,17,6231,,0,1380,,G,,F,8,330,,,16R225,,,,,,0,0,000000000,00000000000,0,0,0,1,0,0,0,0,0,0,0,998,0,0,0,12,12,6,2,12,0,0,0,1,47,37174,6,1,0,0,3,0,66,135,0,0,0,1,0,11,2009,11,2009,0,0,0,0,0,2,4,55,1,1,2,1,0,0,1,66,7,1,1,88,0,0
47,470771,1,2,1,17,9,99,99,5,0,1,0,47,1,14,17,14017,4,1993,1MELM50UXPA6,1,M,E,L,M,5,0,U,X,P,A,6,0,P,MERC,SGS,4D,93,17,3147,,0,1060,,G,,F,6,182,,,15R205,,,,,,0,0,000000000,00000000000,0,0,0,1,0,0,0,0,0,0,0,998,0,0,0,18,18,0,3,54,0,0,0,1,47,37188,6,1,0,0,3,0,68,165,0,0,0,0,0,0,0,0,0,0,0,0,0,0,1,2,45,1,1,2,1,0,0,1,98,1,1,1,98,0,1
47,470771,2,2,4,17,9,99,99,5,0,1,1,47,1,12,15,12015,4,1994,2FAPP36X2RB1,2,F,A,P,P,3,6,X,2,R,B,1,0,P,FORD,TGL,4D,94,17,2569,,0,999,,G,,F,4,141,,,14R185,,,,,,0,0,000000000,00000000000,0,0,0,1,0,0,0,0,0,0,0,998,0,0,0,0,0,0,3,5,0,0,0,1,47,37172,6,1,0,0,3,0,68,195,1,0,0,3,0,9,2008,5,2010,0,0,0,0,0,1,2,45,1,1,2,1,0,0,1,98,1,1,1,0,1,0
47,470772,1,1,1,17,10,2,46,32,0,1,0,47,2,20,22,20022,2,2009,1G1AS18H1972,1,G,1,A,S,1,8,H,1,9,7,2,0,P,CHEV,BLS,CP,9,17,2991,,0,1033,,G,,F,4,134,,,15R195,,,,,,0,0,000000000,00000000000,0,0,0,1,0,0,0,0,0,0,0,998,0,0,0,12,12,6,2,32,0,0,0,1,47,37743,6,1,0,0,3,0,64,110,0,3,0,0,0,10,2009,6,2011,0,0,0,0,0,5,2,45,1,2,2,1,0,0,1,12,1,1,4,6,1,0
47,470773,1,1,1,30,10,2,45,53,0,1,0,47,2,12,17,12017,4,1997,1FALP52U6VA1,1,F,A,L,P,5,2,U,6,V,A,1,0,P,FORD,TAG,4D,97,17,3329,,0,1085,,G,,F,6,182,,,15R205,,,,,,0,0,000000000,00000000000,0,0,0,1,0,0,0,0,0,0,0,998,0,0,0,12,12,6,2,53,0,0,0,1,47,37013,0,0,0,0,0,0,999,999,99,99,99,99,99,99,9999,99,9999,1,36,0,0,0,1,2,30,4,2,2,1,0,0,14,13,7,1,4,1,1,1
47,470774,1,1,1,26,10,20,24,8,0,1,0,45,1,37,32,37032,4,1993,1HGCB7658PA0,1,H,G,C,B,7,6,5,8,P,A,0,0,P,HOND,ALX,4D,93,17,2504,,0,1071,,G,,F,4,132,,,14R185,,,,,,0,0,000000000,00000000000,0,0,0,1,0,0,0,0,0,0,0,998,0,0,0,12,12,6,2,8,0,0,0,1,47,37211,6,1,0,0,3,0,72,190,0,0,0,0,0,0,0,0,0,0,0,0,0,0,2,2,40,1,1,2,1,2,3,1,80,3,1,1,13,0,0
47,470775,1,2,1,17,11,23,40,12,2,1,0,47,2,35,49,35049,6,2010,JN8AZ1MUXAW0,J,N,8,A,Z,1,M,U,X,A,W,0,0,P,NISS,MUR,UT,10,17,3761,,0,1112,,G,,F,6,214,,,18R235,,,,,,0,0,000000000,00000000000,0,0,0,1,0,0,0,0,0,0,0,998,0,0,0,12,12,6,2,12,0,0,0,1,47,37865,6,1,0,0,3,0,70,130,1,0,0,2,0,9,2009,8,2011,0,28,0,0,0,1,2,45,2,6,2,1,0,0,14,10,1,1,2,50,0,0
47,470775,2,2,3,17,11,23,40,12,2,1,0,47,2,20,471,20471,30,1999,1GCCS1447XK1,1,G,C,C,S,1,4,4,7,X,K,1,0,T,CHEV,S14,PK,99,17,,1,1179,1083,S,G,,,4,133,,,,B,3015,01,,42,0,0,000000000,00000000000,0,0,0,1,0,0,0,0,0,0,0,998,0,0,0,12,98,6,2,12,0,0,0,1,47,37764,6,1,0,0,3,0,66,170,0,0,0,0,0,0,0,0,0,0,0,0,0,0,1,2,45,3,5,2,1,0,0,14,62,1,1,1,51,2,0
47,470776,1,1,1,3,11,99,99,35,0,1,0,92,0,20,2,20002,4,1994,1G1BN52P0RR1,1,G,1,B,N,5,2,P,0,R,R,1,0,P,CHEV,CCI,4D,94,17,4054,,0,1159,,G,,F,8,350,,,15R215,,,,,,0,0,000000000,00000000000,0,0,0,1,0,0,0,0,0,0,0,998,0,1,5,11,98,6,2,1,0,0,0,1,47,38017,1,1,0,0,2,0,64,135,0,4,0,0,0,11,2008,9,2011,1,58,0,0,0,1,2,45,3,1,2,99,0,0,14,6,9,9,4,1,1,0
47,470777,1,1,1,21,11,99,99,30,0,1,0,47,2,2,402,2402,14,1983,1JCBM87A7DT0,1,J,C,B,M,8,7,A,7,D,T,0,0,P,AMER,JEE,UT,83,17,0,,0,935,,G,,2,4,151,,,000000,,,,,,0,0,000000000,00000000000,0,0,0,1,0,0,0,0,0,0,0,998,0,0,0,9,98,6,2,30,0,0,0,1,47,38066,6,1,0,0,3,0,68,140,1,0,0,0,1,7,2009,4,2010,1,99,99,99,99,1,2,55,3,2,2,2,0,0,14,6,1,1,4,6,1,1
47,470778,1,1,1,1,11,22,50,17,0,1,0,22,1,18,7,18007,4,2002,2G4WS52J0212,2,G,4,W,S,5,2,J,0,2,1,2,0,P,BUIC,CCU,4D,2,17,3368,,0,1090,,G,,F,6,191,,,15R205,,,,,,0,0,000000000,00000000000,0,0,0,1,0,0,0,0,0,0,0,998,0,1,5,12,98,6,2,1,0,0,0,1,22,70053,6,1,0,0,3,0,72,200,0,0,0,0,0,0,0,0,0,0,58,0,0,0,1,2,45,2,6,2,1,0,0,14,12,7,1,4,6,1,0
47,470779,1,2,2,11,11,18,19,12,6,1,0,47,1,20,471,20471,30,1999,1GCCS1945XK1,1,G,C,C,S,1,9,4,5,X,K,1,0,T,CHEV,S14,PC,99,17,,1,0,1229,S,G,,,4,133,,,,B,3216,00,,42,0,0,000000000,00000000000,0,0,0,1,0,0,0,0,0,0,0,998,0,0,0,9,98,6,2,12,0,0,0,1,47,38344,6,1,0,0,3,0,72,150,1,0,0,0,0,9,2010,9,2010,0,38,0,0,0,1,2,45,1,1,2,1,4,3,4,17,1,1,1,89,1,0
47,470779,2,2,1,11,11,18,19,12,6,1,0,47,1,7,881,7881,61,1998,3B6MC36D2WM2,3,B,6,M,C,3,6,D,2,W,M,2,0,T,DODG,350,CB,98,17,,3,1627,1387,RPC,D,,,6,359,,,,D,5100,00,U,42,0,88,888888888,88888888888,2,1,96,1,0,0,0,0,0,0,0,998,0,0,0,12,12,6,2,12,0,0,0,1,47,38229,6,1,6,0,3,0,72,275,0,0,0,0,0,0,0,0,0,0,0,0,0,0,1,2,45,1,1,2,1,4,3,1,66,6,1,2,88,0,0
47,470780,1,1,1,25,11,0,30,1,0,1,0,47,1,72,706,72706,80,2006,1HD1FCW126Y6,1,H,D,1,F,C,W,1,2,6,Y,6,0,M,HD,FLU,RS,6,17,,,,,,,1450,,2,,4,788,,,,,,,0,0,000000000,00000000000,0,0,0,1,0,0,0,0,0,0,0,998,0,0,0,0,0,6,2,1,0,0,0,1,47,38221,6,1,0,0,3,0,73,220,1,0,0,2,0,1,2010,1,2011,0,58,0,0,0,1,2,55,1,1,2,1,0,0,1,8,6,2,6,98,1,1
47,470781,1,1,1,26,11,3,25,42,0,1,0,47,2,48,38,48038,4,2005,JF1GD66575H5,J,F,1,G,D,6,6,5,7,5,H,5,0,P,SUBA,IRP,4D,5,17,2972,,0,994,,G,,F,4,152,,,16R205,,,,,,0,0,000000000,00000000000,0,0,0,1,0,0,0,0,0,0,0,79,0,0,0,12,0,6,2,42,0,0,1,1,47,37938,6,1,0,0,3,1,69,130,1,0,0,1,1,7,2010,7,2010,1,36,37,0,0,1,2,40,3,3,2,1,0,0,14,6,1,1,4,1,1,1
47,470782,1,1,1,23,11,14,55,59,0,1,0,13,1,23,481,23481,31,2005,2GTEC13T2513,2,G,T,E,C,1,3,T,2,5,1,3,0,T,GMC,NC1,CW,5,17,,2,0,1435,SIE,G,,,8,325,,,,B,4986,00,E,42,0,0,000000000,00000000000,0,0,0,1,0,0,0,0,0,0,0,998,0,0,0,7,99,6,2,42,0,0,0,1,13,30157,6,1,0,0,3,1,72,225,98,0,0,0,0,0,0,0,0,0,58,0,0,0,2,2,65,1,1,2,1,0,0,1,12,9,1,4,6,1,0
47,470783,1,1,1,30,11,16,5,35,0,1,0,47,1,20,481,20481,31,1989,1GCDC14K4KE1,1,G,C,D,C,1,4,K,4,K,E,1,0,T,CHEV,GC1,PK,89,17,,1,1315,1175,GM4,G,,,8,350,,,,B,4114,08,,42,0,0,000000000,00000000000,0,0,0,1,0,0,0,0,0,0,0,998,0,0,0,3,98,6,2,42,0,0,0,1,47,37029,6,1,0,0,3,0,72,220,0,0,0,0,1,4,2010,4,2010,0,36,58,0,0,1,2,30,3,1,2,1,0,0,14,13,8,1,4,1,1,1
47,470784,1,1,1,19,11,99,99,1,0,1,0,47,1,76,734,76734,90,2007,JY4AM09Y07C0,J,Y,4,A,M,0,9,Y,0,7,C,0,0,M,YAMA,Y7F,AT,7,17,,,,,,,686,,1,,4,600,,,,,,,0,0,000000000,00000000000,0,0,0,1,0,0,0,0,0,0,0,998,0,2,5,0,0,2,3,1,0,0,0,1,47,38337,6,1,6,0,1,0,69,290,0,0,0,0,0,0,0,0,0,0,0,0,0,0,1,2,55,1,6,2,1,0,0,1,12,1,1,4,6,1,0
47,470785,1,1,2,21,11,3,30,32,0,1,0,47,2,12,471,12471,30,1999,1FTYR14X0XTA,1,F,T,Y,R,1,4,X,0,X,T,A,0,T,FORD,RNS,PC,99,17,,1,0,1257,RNG,G,,,6,245,,,,B,00000,00,U,42,0,0,000000000,00000000000,0,0,0,1,0,0,0,0,0,0,0,998,0,1,5,12,98,6,2,32,0,0,0,1,47,37308,2,1,0,0,2,2,67,132,0,0,0,0,0,0,0,0,0,0,74,0,0,0,1,2,35,1,5,2,1,0,0,1,13,1,1,4,1,1,1
47,470786,1,2,1,21,11,17,49,12,6,1,0,47,1,35,47,35047,4,1999,1N4DL01D2XC2,1,N,4,D,L,0,1,D,2,X,C,2,0,P,NISS,AGS,4D,99,17,2762,,0,1031,,G,,F,4,146,,,15R195,,,,,,0,0,000000000,00000000000,0,0,0,1,0,0,0,0,0,0,0,998,0,0,0,9,98,6,2,12,0,0,0,1,47,37087,6,1,0,0,3,0,64,160,0,0,0,0,0,0,0,0,0,0,38,0,0,0,1,2,30,1,5,2,2,20,3,11,15,1,1,1,82,1,0
47,470786,2,2,1,21,11,17,49,12,6,1,0,47,1,48,38,48038,4,2004,JF1GD29654H5,J,F,1,G,D,2,9,6,5,4,H,5,0,P,SUBA,IWX,4D,4,17,3085,,0,994,,G,,T,4,122,,,16R205,,,,,,0,0,000000000,00000000000,0,0,0,1,0,0,0,0,0,0,0,998,0,0,0,12,12,6,2,12,0,0,0,1,47,37049,6,1,0,0,3,0,71,165,0,0,0,0,0,0,0,0,0,0,0,0,0,0,1,2,55,1,1,2,2,0,0,1,66,1,1,1,83,0,0
47,470787,1,2,2,7,11,20,4,12,1,1,0,12,2,7,4,7004,2,2008,1B3JZ69Z38V2,1,B,3,J,Z,6,9,Z,3,8,V,2,0,P,DODG,ST1,CP,8,17,3445,,0,988,,G,,F,10,512,,,18R275,,,,,,0,0,000000000,00000000000,0,0,0,1,0,0,0,0,0,0,0,998,0,0,0,6,98,6,2,12,0,0,0,1,29,63701,6,1,6,0,3,0,66,159,0,0,0,0,0,0,0,0,0,1,36,58,0,0,5,2,45,3,2,2,1,0,0,14,6,1,3,2,98,0,1
47,470787,2,2,1,7,11,20,4,12,1,1,0,47,1,12,471,12471,30,2000,1FTYR10V3YPA,1,F,T,Y,R,1,0,V,3,Y,P,A,0,T,FORD,RNG,PK,0,17,,1,1175,1116,RNG,F,,,6,182,,,,B,3068,02,U,42,0,0,000000000,00000000000,0,0,0,1,0,0,0,0,0,0,0,998,0,0,0,12,98,6,2,12,0,0,0,1,47,38369,6,1,0,0,3,0,70,222,0,0,0,0,0,0,0,0,0,0,0,0,0,0,5,2,45,2,2,2,1,0,0,14,62,1,1,1,98,1,0
47,470788,1,2,1,18,11,21,10,24,0,1,0,47,2,12,481,12481,31,1994,1FTDF15Y6RNB,1,F,T,D,F,1,5,Y,6,R,N,B,0,T,FORD,F15,PK,94,17,,1,1330,1170,COF,G,,,6,300,,,,B,3886,01,M,42,0,0,000000000,00000000000,0,0,0,1,0,0,0,0,0,0,0,998,0,1,1,99,98,6,2,12,0,0,0,1,47,37221,2,1,0,0,2,0,68,185,0,0,0,0,0,0,0,0,0,1,36,51,0,0,3,2,65,2,5,2,1,0,0,6,6,99,4,4,98,1,1
47,470788,2,2,1,18,11,21,10,24,0,1,0,47,2,7,422,7422,15,2006,1D4HB48N96F1,1,D,4,H,B,4,8,N,9,6,F,1,0,P,DODG,DUR,UT,6,17,4859,,0,1192,,G,,F,8,287,,,17R245,,,,,,0,0,000000000,00000000000,0,0,0,1,0,0,0,0,0,0,0,998,0,0,0,13,98,6,2,12,0,0,0,1,47,37072,6,1,0,0,3,1,62,120,0,0,0,0,0,0,0,0,0,0,0,0,0,0,3,2,65,3,6,2,1,0,0,14,62,99,1,1,98,0,0
47,470789,1,2,2,22,11,17,45,12,6,1,0,47,1,20,2,20002,4,2007,2G1WB58KX793,2,G,1,W,B,5,8,K,X,7,9,3,0,P,CHEV,IPL,4D,7,17,3674,,0,1105,,F,,F,6,214,,,16R225,,,,,,0,0,000000000,00000000000,0,0,0,1,0,0,0,0,0,0,0,998,0,0,0,3,98,6,2,12,0,0,0,1,47,38330,6,1,0,0,3,0,66,170,1,0,0,0,2,8,2009,1,2011,0,38,0,0,0,3,2,55,1,1,2,2,21,3,11,15,1,1,1,76,1,0
47,470789,2,2,2,22,11,17,45,12,6,1,0,47,1,12,442,12442,20,2001,2FMDA524X1BB,2,F,M,D,A,5,2,4,X,1,B,B,0,T,FORD,WSE,ES,1,17,,1,0,1207,WIN,G,,,6,232,,,,B,4250,00,E,42,0,0,000000000,00000000000,0,0,0,1,0,0,0,0,0,0,0,998,0,0,0,12,98,6,2,12,0,0,0,1,47,38343,1,1,0,0,2,2,62,125,0,2,0,0,0,10,2009,12,2009,0,74,0,0,0,2,2,55,1,1,2,2,0,0,1,65,1,1,1,77,0,0
47,470790,1,1,1,19,5,23,45,34,0,1,0,47,1,20,481,20481,31,1997,1GCEC19M5VE2,1,G,C,E,C,1,9,M,5,V,E,2,0,T,CHEV,GC1,PC,97,17,,2,1555,1415,GM4,G,,,8,305,,,,B,4160,00,,42,0,0,000000000,00000000000,0,0,0,1,0,0,0,0,0,0,0,998,0,1,1,12,98,6,2,1,0,0,0,1,47,38305,6,1,0,0,3,0,78,170,1,0,0,1,0,10,2009,9,2010,0,0,0,0,0,1,2,40,2,1,1,1,0,0,14,12,1,1,4,6,1,0
47,470791,1,2,2,25,11,19,37,12,1,1,0,47,1,49,32,49032,4,2009,1NXBU40E89Z0,1,N,X,B,U,4,0,E,8,9,Z,0,0,P,TOYT,CBL,4D,9,17,2723,,0,1024,,G,,F,4,110,,,15R195,,,,,,0,0,000000000,00000000000,0,0,0,1,0,0,0,0,0,0,0,998,0,0,0,12,12,6,2,12,0,0,0,1,47,37355,1,1,0,0,2,1,64,180,1,0,0,1,1,2,2009,6,2011,1,36,0,0,0,1,4,40,1,1,2,1,1,3,1,50,1,1,1,20,0,1
47,470791,2,2,5,25,11,19,37,12,1,1,0,47,2,35,51,35051,6,2011,JN8AS5MT1BW1,J,N,8,A,S,5,M,T,1,B,W,1,0,P,NISS,ROG,UT,11,17,3281,,0,1059,,G,,F,4,153,,,16R215,,,,,,0,0,000000000,00000000000,0,0,0,1,0,0,0,0,0,0,0,0,0,0,0,6,6,6,2,12,0,0,0,1,47,37355,6,1,0,0,3,0,69,225,0,0,0,0,0,0,0,0,0,0,0,0,0,0,1,4,40,1,1,2,1,1,3,5,53,1,1,1,21,1,0
47,470792,1,1,1,30,5,16,40,42,0,1,0,47,2,53,706,53706,80,2004,JS1VS54A8421,J,S,1,V,S,5,4,A,8,4,2,1,0,M,SUZI,VL8,RS,4,17,,,,,,,805,,2,,4,531,,,,,,,0,0,000000000,00000000000,0,0,0,1,0,0,0,0,0,0,0,998,0,0,0,12,98,6,2,42,0,0,0,1,47,38571,6,1,0,0,2,1,73,247,1,0,0,0,1,12,2009,4,2010,0,0,0,0,0,1,2,45,2,2,2,1,0,0,14,12,1,1,4,6,1,1
47,470793,1,3,1,11,11,7,28,12,7,1,0,47,1,49,40,49040,4,1999,4T1BG28K9XU5,4,T,1,B,G,2,8,K,9,X,U,5,0,P,TOYT,UEX,4D,99,17,2998,,0,1051,,G,,F,4,132,,,14R195,,,,,,0,0,000000000,00000000000,0,0,0,1,0,0,0,0,0,0,0,998,0,1,3,7,98,6,2,1,0,0,0,1,47,37917,6,1,0,0,3,0,70,210,0,0,0,0,0,0,0,0,0,0,27,0,0,0,2,2,40,1,5,2,1,0,0,15,10,1,1,1,45,1,0
47,470793,2,3,2,11,11,7,28,12,7,1,0,47,3,12,881,12881,61,2006,1FDAF56P26EC,1,F,D,A,F,5,6,P,2,6,E,C,0,T,FORD,F5D,CB,6,17,,5,2000,1410,DRW,D,,,8,366,,,,,00000,00,U,42,0,88,888888888,88888888888,2,1,96,1,0,0,0,0,0,0,0,998,0,0,0,1,1,2,1,12,0,0,0,1,47,37801,6,1,6,0,3,0,72,212,0,0,0,0,0,0,0,0,0,0,0,0,0,0,2,2,40,1,5,2,1,0,0,1,60,6,1,2,44,0,0