STATE,ST_CASE,VEH_NO,VE_FORMS,NUMOCCS,DAY,MONTH,HOUR,MINUTE,HARM_EV,MAN_COLL,UNITTYPE,HIT_RUN,REG_STAT,OWNER,MAKE,MODEL,MAK_MOD,BODY_TYP,MOD_YEAR,VIN,VIN_1,VIN_2,VIN_3,VIN_4,VIN_5,VIN_6,VIN_7,VIN_8,VIN_9,VIN_10,VIN_11,VIN_12,TOW_VEH,VINTYPE,VINMAKE,VINA_MOD,VIN_BT,VINMODYR,VIN_LNGT,VIN_WGT,WGTCD_TR,WHLBS_LG,WHLBS_SH,SER_TR,FUELCODE,MCYCL_DS,CARBUR,CYLINDER,DISPLACE,MCYCL_CY,MCYCL_WT,TIRE_SZE,TON_RAT,TRK_WT,TRKWTVAR,VIN_REST,WHLDRWHL,J_KNIFE,MCARR_I1,MCARR_I2,MCARR_ID,GVWR,V_CONFIG,CARGO_BT,HAZ_INV,HAZ_PLAC,HAZ_ID,HAZ_CNO,HAZ_REL,BUS_USE,SPEC_USE,EMER_USE,TRAV_SP,UNDERIDE,ROLLOVER,ROLINLOC,IMPACT1,IMPACT2,DEFORMED,TOWED,M_HARM,VEH_SC1,VEH_SC2,FIRE_EXP,DR_PRES,L_STATE,DR_ZIP,L_STATUS,L_TYPE,CDL_STAT,L_ENDORS,L_COMPL,L_RESTRI,DR_HGT,DR_WGT,PREV_ACC,PREV_SUS,PREV_DWI,PREV_SPD,PREV_OTH,FIRST_MO,FIRST_YR,LAST_MO,LAST_YR,SPEEDREL,DR_SF1,DR_SF2,DR_SF3,DR_SF4,VTRAFWAY,VNUM_LAN,VSPD_LIM,VALIGN,VPROFILE,VPAVETYP,VSURCOND,VTRAFCON,VTCONT_F,P_CRASH1,P_CRASH2,P_CRASH3,PCRASH4,PCRASH5,ACC_TYPE,DEATHS,DR_DRINK
47,470857,7,26,1,1,12,6,56,12,1,1,0,47,1,37,441,37441,20,2000,2HKRL1860YH5,2,H,K,R,L,1,8,6,0,Y,H,5,0,P,HOND,UDY,SV,0,17,4288,,0,1181,,G,,F,6,212,,,16R215,,,,,,0,0,000000000,00000000000,0,0,0,1,0,0,0,0,0,0,0,998,0,0,0,99,98,6,2,12,0,0,0,1,47,37122,6,1,0,0,3,0,76,250,0,0,0,0,0,0,0,0,0,1,87,0,0,0,3,2,65,3,6,2,4,0,0,14,5,99,9,9,98,0,0
47,470857,8,26,1,1,12,6,56,12,1,1,0,47,1,21,20,21020,4,1998,1G3NB52M5W63,1,G,3,N,B,5,2,M,5,W,6,3,0,P,OLDS,CUT,4D,98,17,3102,,0,1070,,G,,F,6,191,,,15R215,,,,,,0,0,000000000,00000000000,0,0,0,1,0,0,0,0,0,0,0,998,0,0,0,6,98,6,2,12,0,0,0,1,47,37209,6,1,0,0,3,0,63,175,0,1,0,2,0,5,2009,10,2010,1,87,0,0,0,3,2,65,3,6,2,4,0,0,14,5,99,9,9,98,0,0
47,470857,9,26,1,1,12,6,56,12,1,1,0,47,1,7,482,7482,31,2011,1D7RV1GT1BS6,1,D,7,R,V,1,G,T,1,B,S,6,0,T,DODG,Q15,CW,11,17,,2,0,1400,RPC,G,,,8,348,,,,B,5200,00,K,44,0,0,000000000,00000000000,0,0,0,1,0,0,0,0,0,0,0,998,0,0,0,99,98,4,1,12,0,0,0,1,47,37031,6,1,0,0,3,0,67,155,0,0,0,0,0,0,0,0,0,1,87,0,0,0,3,2,65,3,6,2,4,0,0,14,5,99,9,9,98,0,0
47,470857,10,26,1,1,12,6,56,12,1,1,0,47,1,7,472,7472,30,2006,1D7HE22K86S6,1,D,7,H,E,2,2,K,8,6,S,6,0,T,DODG,KST,PC,6,17,,2,0,1309,DAK,G,,,6,225,,,,B,4153,00,E,42,0,0,000000000,00000000000,0,0,0,1,0,0,0,0,0,0,0,998,0,0,0,99,98,6,2,12,0,0,0,1,47,37075,6,1,0,0,3,0,71,230,0,0,0,0,0,0,0,0,0,1,87,0,0,0,3,2,65,3,6,2,4,0,0,14,5,99,9,9,98,0,0
47,470857,11,26,1,1,12,6,56,12,1,1,0,47,2,22,32,22032,6,2003,5Y2SL62873Z4,5,Y,2,S,L,6,2,8,7,3,Z,4,0,P,PONT,VIB,4H,3,17,2700,,0,1024,,G,,F,4,110,,,16R205,,,,,,0,0,000000000,00000000000,0,0,0,1,0,0,0,0,0,0,0,998,0,0,0,99,98,6,2,12,0,0,0,1,47,37208,6,1,0,0,3,0,63,128,0,0,0,0,0,0,0,0,0,1,87,0,0,0,3,2,65,3,6,2,4,0,0,99,5,99,9,9,98,0,0
47,470857,12,26,1,1,12,6,56,12,1,1,0,47,3,12,461,12461,21,2006,1FTNE24L86HB,1,F,T,N,E,2,4,L,8,6,H,B,0,T,FORD,25V,CG,6,17,,2,0,1380,VAN,G,,,8,330,,,,C,5141,00,E,42,0,0,000000000,00000000000,0,0,0,1,0,0,0,0,0,0,0,998,0,0,0,99,98,4,1,12,0,0,0,1,47,37075,6,1,0,0,3,1,66,135,1,0,0,0,0,8,2011,8,2011,1,87,0,0,0,3,2,65,3,6,2,4,0,0,14,5,99,9,9,98,0,0
47,470857,13,26,1,1,12,6,56,12,1,1,0,47,1,20,4,20004,2,2003,1G1YY22G9351,1,G,1,Y,Y,2,2,G,9,3,5,1,0,P,CHEV,CVT,CP,3,17,3214,,0,1045,,G,,F,8,350,,,17R245,,,,,,0,0,000000000,00000000000,0,0,0,1,0,0,0,0,0,0,0,998,0,0,0,6,98,6,2,12,0,0,0,1,47,37212,6,1,0,0,3,0,72,185,0,0,0,0,0,0,0,0,0,0,87,0,0,0,3,2,65,3,6,2,4,0,0,2,5,99,9,9,98,0,0
47,470857,14,26,1,1,12,6,56,12,1,1,0,47,1,20,2,20002,4,2004,2G1WH55K5492,2,G,1,W,H,5,5,K,5,4,9,2,0,P,CHEV,IPL,4D,4,17,3466,,0,1105,,G,,F,6,231,,,16R225,,,,,,0,0,000000000,00000000000,0,0,0,1,0,0,0,0,0,0,0,998,0,0,0,99,98,6,2,12,0,0,0,1,47,37115,6,1,0,0,3,0,67,180,1,0,0,1,0,5,2009,5,2009,0,87,0,0,0,3,2,65,3,6,2,4,0,0,99,5,99,9,9,98,0,0
47,470857,15,26,1,1,12,6,56,12,1,1,0,47,1,12,481,12481,31,1995,1FTEF15Y4SLA,1,F,T,E,F,1,5,Y,4,S,L,A,0,T,FORD,F15,PK,95,17,,2,1330,1170,COF,G,,,6,300,,,,B,00000,00,M,42,0,0,000000000,00000000000,0,0,0,1,0,0,0,0,0,0,0,998,0,0,0,99,98,6,2,12,0,0,0,1,47,37148,6,1,0,0,3,0,70,200,0,0,0,0,0,0,0,0,0,0,87,0,0,0,3,2,65,3,6,2,4,0,0,14,5,99,9,9,98,0,0
47,470857,16,26,1,1,12,6,56,12,1,1,0,47,1,18,7,18007,4,2001,2G4WS52J7113,2,G,4,W,S,5,2,J,7,1,1,3,0,P,BUIC,CCU,4D,1,17,3368,,0,1090,,G,,F,6,191,,,15R205,,,,,,0,0,000000000,00000000000,0,0,0,1,0,0,0,0,0,0,0,0,0,0,0,6,98,6,2,12,0,0,0,1,47,37209,6,1,0,0,3,0,67,170,3,4,0,0,0,10,2010,10,2011,0,87,0,0,0,3,2,65,3,6,2,4,0,0,5,5,1,9,9,98,0,0
47,470857,17,26,1,1,12,6,56,12,1,1,0,47,1,52,401,52401,14,2001,JA4LS21H41P0,J,A,4,L,S,2,1,H,4,1,P,0,0,P,MITS,MNS,UT,1,17,3835,,0,1073,,G,,F,6,181,,,15R235,,,,,,0,0,000000000,00000000000,0,0,0,1,0,0,0,0,0,0,0,0,0,0,0,6,98,6,2,12,0,0,0,1,47,37075,6,1,0,0,3,1,61,130,0,0,0,0,0,0,0,0,0,0,87,0,0,0,3,2,65,3,6,2,4,0,0,5,5,1,9,9,98,0,0
47,470857,18,26,1,1,12,6,56,12,1,1,0,47,1,7,43,7043,4,2003,1B3EL36X33N5,1,B,3,E,L,3,6,X,3,3,N,5,0,P,DODG,SSE,4D,3,17,3108,,0,1080,,G,,F,4,148,,,15R205,,,,,,0,0,000000000,00000000000,0,0,0,1,0,0,0,0,0,0,0,0,0,0,0,6,98,6,2,12,0,0,0,1,47,37075,6,1,0,0,3,1,77,195,0,0,0,0,0,0,0,0,0,0,87,0,0,0,3,2,65,3,6,2,4,0,0,5,5,1,9,9,98,0,0
47,470857,19,26,1,1,12,6,56,12,1,1,0,47,1,7,442,7442,20,2005,1D4GP45R95B4,1,D,4,G,P,4,5,R,9,5,B,4,0,P,DODG,CAR,SV,5,17,3845,,0,1133,,G,,F,6,201,,,16R215,,,,,,0,0,000000000,00000000000,0,0,0,1,0,0,0,0,0,0,0,0,0,0,0,1,98,6,2,12,0,0,0,1,47,37066,6,1,0,0,3,1,63,190,0,0,0,0,0,0,0,0,0,0,87,0,0,0,3,2,65,3,6,2,4,0,0,5,5,1,9,9,98,0,0
47,470857,20,26,1,1,12,6,56,12,1,1,0,47,2,37,31,37031,2,2003,1HGEM22523L0,1,H,G,E,M,2,2,5,2,3,L,0,0,P,HOND,UCL,CP,3,17,2465,,0,1031,,G,,F,4,102,,,14R185,,,,,,0,0,000000000,00000000000,0,0,0,1,0,0,0,0,0,0,0,0,0,0,0,6,98,6,2,12,0,0,0,1,47,37172,6,1,0,0,3,0,64,130,0,0,0,0,0,0,0,0,0,0,87,0,0,0,3,2,65,3,6,2,4,0,0,5,5,1,9,9,98,0,0
47,470857,21,26,1,1,12,6,56,12,1,1,0,47,1,7,482,7482,31,2003,1D7HA16N23J5,1,D,7,H,A,1,6,N,2,3,J,5,0,T,DODG,S15,PK,3,17,,2,1405,1205,RPC,G,,,8,287,,,,B,4378,03,E,42,0,0,000000000,00000000000,0,0,0,1,0,0,0,0,0,0,0,998,0,0,0,12,98,2,1,12,0,0,0,1,47,37207,6,1,0,0,3,0,69,240,0,0,0,0,0,0,0,0,0,0,87,0,0,0,3,2,65,3,6,2,4,0,0,14,5,99,9,9,98,0,0
47,470857,22,26,1,1,12,6,56,12,1,1,0,47,1,30,51,30051,1,2009,WVWBA71F09V0,W,V,W,B,A,7,1,F,0,9,V,0,0,P,VOLK,ETK,CV,9,17,3568,,0,1015,,G,,T,4,121,,,16R215,,,,,,0,0,000000000,00000000000,0,0,0,1,0,0,0,0,0,0,0,0,0,0,0,81,98,2,1,12,0,0,0,1,47,37075,6,1,0,0,3,1,67,225,0,0,0,0,0,0,0,0,0,0,87,0,0,0,3,2,65,3,6,2,4,0,0,5,5,1,9,9,98,0,0
47,470857,23,26,1,1,12,6,56,12,1,1,0,47,1,7,482,7482,31,2009,1D3HB18P79S7,1,D,3,H,B,1,8,P,7,9,S,7,0,T,DODG,Q15,CW,9,17,,2,0,1400,RPC,G,,,8,287,,,,B,4863,00,K,42,0,0,000000000,00000000000,0,0,0,1,0,0,0,0,0,0,0,998,0,0,0,12,12,6,2,12,0,0,0,1,47,37075,6,1,0,0,3,1,72,185,0,0,0,0,0,0,0,0,0,1,87,0,0,0,3,2,65,3,6,2,4,0,0,14,5,99,1,1,98,0,0
47,470857,24,26,2,1,12,6,56,12,1,1,0,47,2,12,3,12003,2,1999,1FAFP42X6XF1,1,F,A,F,P,4,2,X,6,X,F,1,0,P,FORD,MGT,CP,99,17,3273,,0,1013,,G,,F,8,281,,,16R225,,,,,,0,0,000000000,00000000000,0,0,0,1,0,0,0,0,0,0,0,998,0,0,0,12,98,6,2,12,0,0,0,1,47,37072,6,2,0,0,3,0,67,180,0,1,0,0,0,8,2010,8,2010,1,87,0,0,0,3,2,65,3,6,2,4,0,0,14,6,99,1,1,20,0,0
47,470857,25,26,1,1,12,6,56,12,1,1,0,47,1,49,32,49032,4,2010,1NXBU4EE1AZ3,1,N,X,B,U,4,E,E,1,A,Z,3,0,P,TOYT,CBL,4D,10,17,2723,,0,1024,,G,,F,4,110,,,15R195,,,,,,0,0,000000000,00000000000,0,0,0,1,0,0,0,0,0,0,0,0,0,0,0,6,98,4,1,54,0,0,0,1,47,37138,6,1,0,0,3,0,71,250,0,0,0,0,0,0,0,0,0,0,87,0,0,0,3,2,65,3,6,2,4,0,0,5,53,1,1,1,21,1,0
47,470857,26,26,1,1,12,6,56,12,1,1,0,47,1,35,42,35042,3,1993,JN1RZ24H6PX5,J,N,1,R,Z,2,4,H,6,P,X,5,0,P,NISS,30X,2H,93,17,3115,,0,965,,G,,F,6,181,,,16R225,,,,,,0,0,000000000,00000000000,0,0,0,1,0,0,0,0,0,0,0,0,0,0,0,6,6,2,1,12,0,0,0,1,13,37072,0,0,0,0,0,0,999,999,98,0,0,0,0,0,0,0,0,0,87,0,0,0,3,2,65,3,6,2,4,0,0,5,5,1,9,9,98,0,0
47,470858,1,3,1,7,12,10,50,12,8,1,0,47,1,37,32,37032,4,2003,1HGCM56613A1,1,H,G,C,M,5,6,6,1,3,A,1,0,P,HOND,UEX,4D,3,17,3109,,0,1079,,G,,F,4,146,,,16R205,,,,,,0,0,000000000,00000000000,0,0,0,1,0,0,0,0,0,0,0,998,0,0,0,83,83,4,1,12,0,0,0,1,47,38473,6,1,0,0,3,0,68,200,1,0,0,0,0,2,2011,2,2011,0,87,0,0,0,1,2,55,4,1,2,2,0,0,14,54,7,1,2,65,0,0
47,470858,2,3,1,7,12,10,50,12,8,1,0,47,1,19,3,19003,4,1999,1G6KE54Y4XU7,1,G,6,K,E,5,4,Y,4,X,U,7,0,P,CADI,DDE,4D,99,17,4052,,0,1138,,G,,F,8,279,,,16R225,,,,,,0,0,000000000,00000000000,0,0,0,1,0,0,0,0,0,0,0,998,0,0,0,9,9,6,2,12,0,0,0,1,47,38473,6,1,0,0,3,8,72,205,1,0,0,1,0,6,2010,9,2010,0,51,87,0,0,1,2,55,4,1,2,2,0,0,14,11,1,1,2,64,0,0
47,470858,3,3,2,7,12,10,50,12,8,1,0,47,2,12,17,12017,4,1995,1FALP52U1SA2,1,F,A,L,P,5,2,U,1,S,A,2,0,P,FORD,TGS,4D,95,17,3118,,0,1060,,G,,F,6,182,,,15R205,,,,,,0,0,000000000,00000000000,0,0,0,1,0,0,0,0,0,0,0,998,0,0,0,1,98,6,2,12,0,0,0,1,47,38473,6,1,0,0,3,0,70,156,2,0,1,0,0,8,2010,8,2010,0,87,0,0,0,1,2,55,4,1,2,2,0,0,14,62,6,1,2,98,1,0
47,470859,1,2,2,27,11,10,14,12,2,1,0,47,1,20,481,20481,31,1992,1GCDC14Z5NZ1,1,G,C,D,C,1,4,Z,5,N,Z,1,0,T,CHEV,GC1,PK,92,17,,1,1315,1175,GM4,G,,,6,262,,,,B,3718,04,,42,0,0,000000000,00000000000,0,0,0,1,0,0,0,0,0,0,0,998,0,0,0,12,98,6,2,12,0,0,0,1,47,38251,6,1,0,0,3,0,69,182,0,0,0,0,0,0,0,0,0,0,0,0,0,0,1,2,55,1,3,2,2,0,0,1,62,1,1,1,51,1,0
47,470859,2,2,1,27,11,10,14,12,2,1,0,47,1,22,2,22002,4,1990,1G2HX54C1L12,1,G,2,H,X,5,4,C,1,L,1,2,0,P,PONT,BLE,4D,90,17,3325,,0,1108,,G,,F,6,231,,,14R205,,,,,,0,0,000000000,00000000000,0,0,0,1,0,0,0,0,0,0,0,998,0,0,0,12,98,6,2,12,0,0,0,1,47,38242,6,1,0,0,3,1,61,190,0,0,0,0,0,0,0,0,0,0,0,0,0,0,1,2,55,1,3,2,2,0,0,1,10,1,1,2,50,0,0
47,470861,1,2,1,10,12,23,40,12,6,1,0,47,1,7,402,7402,14,2001,1B4HR28N41F5,1,B,4,H,R,2,8,N,4,1,F,5,0,P,DODG,DUR,UT,1,17,4272,,0,1159,,G,,F,8,287,,,15R235,,,,,,0,0,000000000,00000000000,0,0,0,1,0,0,0,0,0,0,0,998,0,0,0,12,12,4,3,12,0,0,0,1,47,38401,6,1,0,0,3,0,63,201,0,0,0,0,0,0,0,0,0,0,0,0,0,0,1,2,50,1,1,2,1,0,0,1,66,1,1,1,88,0,0
47,470861,2,2,1,10,12,23,40,12,6,1,0,47,2,35,47,35047,4,1995,1N4BU31D3SC1,1,N,4,B,U,3,1,D,3,S,C,1,0,P,NISS,AGS,4D,95,17,2800,,0,1031,,G,,F,4,146,,,15R205,,,,,,0,0,000000000,00000000000,0,0,0,1,0,0,0,0,0,0,0,998,0,0,0,9,9,6,2,12,0,0,0,1,47,37160,2,1,2,0,2,0,71,240,0,0,0,0,0,0,0,0,0,0,38,0,0,0,1,2,35,1,1,2,1,20,3,3,17,1,1,1,89,1,1
47,470862,1,3,1,1,8,6,49,12,1,1,0,47,1,37,32,37032,4,2001,1HGCG56441A0,1,H,G,C,G,5,6,4,4,1,A,0,0,P,HOND,ULX,4D,1,17,3031,,0,1069,,G,,F,4,138,,,15R195,,,,,,0,0,000000000,00000000000,0,0,0,1,0,0,0,0,0,0,0,998,0,0,0,12,98,6,2,12,0,0,0,1,47,37211,6,1,0,0,3,3,68,150,1,0,0,4,3,4,2010,6,2011,9,99,99,99,99,1,2,40,1,1,2,1,0,0,1,50,1,1,1,20,1,0
47,470862,2,3,1,1,8,6,49,12,1,1,0,47,1,35,401,35401,14,2005,5N1AR18W95C7,5,N,1,A,R,1,8,W,9,5,C,7,0,P,NISS,PFI,UT,5,17,4452,,0,1122,,G,,F,6,244,,,16R265,,,,,,0,0,000000000,00000000000,0,0,0,1,0,0,0,0,0,0,0,0,0,0,0,6,6,4,1,12,0,0,0,1,47,37211,6,1,0,0,3,0,69,175,0,0,0,0,0,0,0,0,0,0,0,0,0,0,1,2,40,1,1,2,1,0,0,1,53,7,1,2,21,0,0
47,470862,3,3,1,1,8,6,49,12,1,1,0,47,1,49,40,49040,4,1998,4T1BG22KXWU3,4,T,1,B,G,2,2,K,X,W,U,3,0,P,TOYT,CXL,4D,98,17,2998,,0,1051,,G,,F,4,132,,,14R195,,,,,,0,0,000000000,00000000000,0,0,0,1,0,0,0,0,0,0,0,0,0,0,0,82,82,2,1,12,0,0,0,1,47,37027,6,1,0,0,3,1,66,200,0,0,0,0,0,0,0,0,0,0,0,0,0,0,1,2,40,1,1,2,1,0,0,5,53,1,1,1,98,0,0
47,470863,1,1,2,27,11,0,42,1,0,1,0,47,2,23,401,23401,14,2004,1GKET16S1461,1,G,K,E,T,1,6,S,1,4,6,1,0,T,GMC,EXL,4W,4,17,,2,0,1290,ENV,G,,,6,256,,,,B,4968,00,E,44,0,0,000000000,00000000000,0,0,0,1,0,0,0,0,0,0,0,998,0,1,5,0,98,6,2,31,0,0,0,1,47,37211,0,0,0,0,0,8,999,999,99,99,99,99,99,99,9999,99,9999,1,99,99,99,99,5,4,40,1,2,2,2,0,0,1,6,1,1,4,6,1,0
47,470864,1,1,1,6,10,21,37,33,0,1,0,47,1,76,706,76706,80,2005,JYAVP18E15A0,J,Y,A,V,P,1,8,E,1,5,A,0,0,M,YAMA,XVT,EN,5,17,,,,,,,1294,,4,,4,999,,,,,,,0,0,000000000,00000000000,0,0,0,1,0,0,0,0,0,0,0,998,0,0,0,12,98,4,3,24,0,0,0,1,47,37207,6,1,6,0,2,0,74,220,0,1,0,0,0,6,2011,6,2011,0,0,0,0,0,1,4,40,3,2,2,1,0,0,14,13,1,1,4,1,1,0
47,470865,1,3,1,10,11,7,29,12,2,1,0,47,1,12,37,12037,4,2007,1FAFP34NX7W2,1,F,A,F,P,3,4,N,X,7,W,2,0,P,FORD,FMS,4D,7,17,2636,,0,1029,,G,,F,4,122,,,15R195,,,,,,0,0,000000000,00000000000,0,0,0,1,0,0,0,0,0,0,0,998,0,0,0,12,98,6,2,12,0,0,0,1,47,37207,6,1,0,0,3,0,66,130,1,1,0,0,0,12,2010,5,2011,0,28,0,0,0,5,2,45,1,2,2,1,0,0,1,10,1,1,2,50,1,0
47,470865,2,3,1,10,11,7,29,12,2,1,0,47,1,7,422,7422,15,2004,1D4HD48D14F1,1,D,4,H,D,4,8,D,1,4,F,1,0,P,DODG,DUR,UT,4,17,4648,,0,1192,,G,,F,8,345,,,17R245,,,,,,0,0,000000000,00000000000,0,0,0,1,0,0,0,0,0,0,0,998,0,0,0,12,98,6,2,12,0,0,0,1,47,37122,6,1,0,0,3,0,75,200,0,0,0,0,0,0,0,0,0,0,0,0,0,0,5,2,45,1,2,2,1,0,0,1,54,1,1,1,51,0,0
47,470865,3,3,1,10,11,7,29,12,2,1,0,47,1,20,39,20039,5,2008,KL1TD66628B1,K,L,1,T,D,6,6,6,2,8,B,1,0,P,CHEV,ABS,5D,8,17,2343,,0,976,,G,,F,4,098,,,14R185,,,,,,0,0,000000000,00000000000,0,0,0,1,0,0,0,0,0,0,0,998,0,0,0,11,11,4,1,12,0,0,0,1,47,37210,6,1,0,0,3,0,64,210,2,0,0,0,0,10,2009,3,2011,0,0,0,0,0,5,2,45,1,2,2,1,0,0,1,54,1,1,1,98,0,0
47,470866,1,1,4,18,12,1,34,8,0,1,0,47,2,37,403,37403,14,2009,5J6YH18329L0,5,J,6,Y,H,1,8,3,2,9,L,0,0,P,HOND,ELE,UT,9,17,3515,,0,1014,,G,,F,4,146,,,16R215,,,,,,0,0,000000000,00000000000,0,0,0,1,0,0,0,0,0,0,0,998,0,0,0,12,98,4,1,8,0,0,0,1,47,37042,6,1,0,0,3,0,67,150,0,0,0,0,0,0,0,0,0,0,0,0,0,0,2,4,55,3,1,2,1,0,0,14,80,7,1,2,13,0,0
47,470867,1,2,1,5,12,14,34,12,6,1,0,93,3,87,881,87881,66,2009,1XP7D49X39D7,1,X,P,7,D,4,9,X,3,9,D,7,1,T,PTRB,387,TR,9,17,,8,0,0,CON,D,,,6,915,,,,,00000,00,,64,1,57,286319,57286319,3,6,1,1,0,0,0,0,0,0,0,998,0,0,0,12,12,6,2,12,0,0,1,1,47,37029,6,1,6,0,3,1,75,210,1,0,0,0,0,11,2010,11,2010,0,0,0,0,0,2,2,70,2,2,2,2,0,0,14,98,1,1,1,98,0,0
47,470867,2,2,1,5,12,14,34,12,6,1,0,21,1,35,401,35401,14,2000,JN8AR07Y7YW4,J,N,8,A,R,0,7,Y,7,Y,W,4,0,P,NISS,PFI,UT,0,17,3977,,0,1063,,G,,F,6,201,,,16R255,,,,,,0,0,000000000,00000000000,0,0,0,1,0,0,0,0,0,0,0,998,0,0,0,9,98,6,2,12,0,0,1,1,21,42025,6,1,0,0,3,0,65,190,0,0,0,0,0,0,0,0,0,0,51,0,0,0,2,2,70,2,2,2,2,0,0,98,98,1,1,6,98,1,0
47,470868,1,1,2,2,1,14,51,42,0,1,0,47,2,35,47,35047,4,2005,1N4BL11D45N4,1,N,4,B,L,1,1,D,4,5,N,4,0,P,NISS,ASR,4D,5,17,3101,,0,1102,,G,,F,6,214,,,17R215,,,,,,0,0,000000000,00000000000,0,0,0,1,0,0,0,0,0,0,0,998,0,0,0,12,12,6,2,42,0,0,0,1,47,37721,6,2,0,0,3,1,71,160,0,0,0,0,0,0,0,0,0,0,52,0,0,0,1,2,40,1,2,2,1,0,0,1,11,1,1,4,1,1,0
47,470869,1,1,1,13,8,15,10,24,0,1,0,47,1,49,44,49044,2,2006,4T1CE38P76U5,4,T,1,C,E,3,8,P,7,6,U,5,0,P,TOYT,CEE,CP,6,17,3175,,0,1051,,G,,F,4,144,,,16R215,,,,,,0,0,000000000,00000000000,0,0,0,1,0,0,0,0,0,0,0,998,0,0,0,12,12,6,2,24,0,0,0,1,47,37091,6,1,0,0,3,0,63,120,0,0,0,0,0,0,0,0,0,0,28,0,0,0,2,2,65,1,1,2,1,0,0,1,9,7,9,4,2,1,0
47,470870,1,1,1,3,10,10,47,33,0,1,0,47,2,12,37,12037,4,2011,1FAHP3EN5BW2,1,F,A,H,P,3,E,N,5,B,W,2,0,P,FORD,FKS,4D,11,17,2623,,0,1029,,G,,F,4,122,,,15R195,,,,,,0,0,000000000,00000000000,0,0,0,1,0,0,0,0,0,0,0,998,0,0,0,11,12,6,2,38,0,0,0,1,28,38654,6,1,0,0,3,0,73,200,0,0,0,1,0,6,2010,6,2010,0,36,39,0,0,1,2,30,1,1,2,1,20,3,99,14,1,1,4,14,1,0
47,470871,1,1,1,22,7,0,30,57,0,1,0,47,1,72,706,72706,80,2005,1HD1FRW155Y7,1,H,D,1,F,R,W,1,5,5,Y,7,0,M,HD,FCI,RS,5,17,,,,,,,1450,,2,,4,710,,,,,,,0,0,000000000,00000000000,0,0,0,1,0,0,0,0,0,0,0,998,0,0,0,12,98,6,2,57,0,0,0,1,47,37082,2,1,0,0,2,0,74,210,0,0,0,0,0,0,0,0,0,0,0,0,0,0,3,2,70,4,8,2,1,0,0,14,12,1,1,4,6,1,0
47,470872,1,5,1,15,4,13,47,12,1,1,0,47,1,14,6,14006,4,1988,2MEBM75F6JX6,2,M,E,B,M,7,5,F,6,J,X,6,0,P,MERC,MGL,4D,88,17,3839,,0,1142,,G,,F,8,302,,,15R215,,,,,,0,0,000000000,00000000000,0,0,0,1,0,0,0,0,0,0,0,47,0,0,0,12,98,6,2,12,0,0,0,1,47,37211,6,1,0,0,3,0,61,112,1,0,0,1,0,10,2008,2,2010,1,26,36,0,0,1,4,40,1,1,2,1,1,3,1,51,1,1,2,24,1,0
47,470872,2,5,2,15,4,13,47,12,1,1,0,12,1,37,31,37031,4,1999,1HGEJ6224XL0,1,H,G,E,J,6,2,2,4,X,L,0,0,P,HOND,UCD,CP,99,17,2405,,0,1032,,G,,F,4,097,,,14R185,,,,,,0,0,000000000,00000000000,0,0,0,1,0,0,0,0,0,0,0,998,0,0,0,6,98,4,1,12,0,0,0,1,12,32110,6,1,6,0,3,0,66,999,0,0,0,0,0,0,0,0,0,0,0,0,0,0,1,4,40,1,1,2,1,1,3,1,53,1,1,1,25,0,0
47,470872,3,5,3,15,4,13,47,12,1,1,0,47,3,6,54,6054,6,2004,2C8GM68484R3,2,C,8,G,M,6,8,4,8,4,R,3,0,P,CHRY,PIF,UT,4,17,4334,,0,1163,,G,,F,6,214,,,17R235,,,,,,0,0,000000000,00000000000,0,0,0,1,0,0,0,0,0,0,0,0,0,0,0,6,98,4,1,12,0,0,0,1,47,37013,6,1,0,0,3,0,62,137,0,0,0,0,0,0,0,0,0,0,0,0,0,0,1,4,40,1,1,2,1,1,3,5,53,1,1,1,98,0,0
47,470872,4,5,1,15,4,13,47,12,1,1,0,47,1,37,32,37032,4,1990,JHMCB7668LC0,J,H,M,C,B,7,6,6,8,L,C,0,0,P,HOND,AER,4D,90,17,2923,,0,1071,,G,,F,4,132,,,15R195,,,,,,0,0,000000000,00000000000,0,0,0,1,0,0,0,0,0,0,0,0,0,0,0,12,12,4,1,12,0,0,0,1,47,37013,6,1,0,0,3,0,67,150,0,0,0,0,0,0,0,0,0,0,0,0,0,0,1,2,40,1,1,2,1,1,3,11,66,1,1,1,98,0,0
47,470872,5,5,1,15,4,13,47,12,1,1,0,47,3,23,421,23421,15,2007,1GKFK13017J1,1,G,K,F,K,1,3,0,1,7,J,1,0,T,GMC,YUK,4W,7,17,,2,0,1160,YUK,F,,,8,323,,,,B,5706,00,4,44,0,0,000000000,00000000000,0,0,0,1,0,0,0,0,0,0,0,0,0,0,0,12,98,4,1,54,0,0,0,1,47,37013,6,1,0,0,3,3,68,168,0,0,0,0,0,0,0,0,0,0,0,0,0,0,1,2,40,1,1,2,1,1,3,10,66,1,1,1,98,0,0
47,470873,1,1,2,12,1,6,0,32,0,1,0,47,2,2,405,2405,14,2002,1J4GL48K82W1,1,J,4,G,L,4,8,K,8,2,W,1,0,T,JEEP,SPR,4W,2,17,,1,0,1043,LIB,G,,,6,226,,,,,3682,02,E,44,0,0,000000000,00000000000,0,0,0,1,0,0,0,0,0,0,0,998,0,0,0,2,2,6,2,32,0,0,0,1,47,37115,6,1,0,0,3,0,64,120,0,1,0,2,0,8,2008,10,2009,0,58,87,0,0,1,2,30,1,2,2,4,0,0,1,5,6,2,4,2,1,0