STATE,ST_CASE,VEH_NO,VE_FORMS,NUMOCCS,DAY,MONTH,HOUR,MINUTE,HARM_EV,MAN_COLL,UNITTYPE,HIT_RUN,REG_STAT,OWNER,MAKE,MODEL,MAK_MOD,BODY_TYP,MOD_YEAR,VIN,VIN_1,VIN_2,VIN_3,VIN_4,VIN_5,VIN_6,VIN_7,VIN_8,VIN_9,VIN_10,VIN_11,VIN_12,TOW_VEH,VINTYPE,VINMAKE,VINA_MOD,VIN_BT,VINMODYR,VIN_LNGT,VIN_WGT,WGTCD_TR,WHLBS_LG,WHLBS_SH,SER_TR,FUELCODE,MCYCL_DS,CARBUR,CYLINDER,DISPLACE,MCYCL_CY,MCYCL_WT,TIRE_SZE,TON_RAT,TRK_WT,TRKWTVAR,VIN_REST,WHLDRWHL,J_KNIFE,MCARR_I1,MCARR_I2,MCARR_ID,GVWR,V_CONFIG,CARGO_BT,HAZ_INV,HAZ_PLAC,HAZ_ID,HAZ_CNO,HAZ_REL,BUS_USE,SPEC_USE,EMER_USE,TRAV_SP,UNDERIDE,ROLLOVER,ROLINLOC,IMPACT1,IMPACT2,DEFORMED,TOWED,M_HARM,VEH_SC1,VEH_SC2,FIRE_EXP,DR_PRES,L_STATE,DR_ZIP,L_STATUS,L_TYPE,CDL_STAT,L_ENDORS,L_COMPL,L_RESTRI,DR_HGT,DR_WGT,PREV_ACC,PREV_SUS,PREV_DWI,PREV_SPD,PREV_OTH,FIRST_MO,FIRST_YR,LAST_MO,LAST_YR,SPEEDREL,DR_SF1,DR_SF2,DR_SF3,DR_SF4,VTRAFWAY,VNUM_LAN,VSPD_LIM,VALIGN,VPROFILE,VPAVETYP,VSURCOND,VTRAFCON,VTCONT_F,P_CRASH1,P_CRASH2,P_CRASH3,PCRASH4,PCRASH5,ACC_TYPE,DEATHS,DR_DRINK
47,470874,1,1,1,22,7,12,10,35,0,1,0,42,1,49,43,49043,4,2004,4T1BF28B64U3,4,T,1,B,F,2,8,B,6,4,U,3,0,P,TOYT,UVS,4D,4,17,3417,,0,1071,,G,,F,6,183,,,15R205,,,,,,0,0,000000000,00000000000,0,0,0,1,0,0,0,0,0,0,0,998,0,0,0,12,12,6,2,42,0,0,0,1,42,18901,6,1,0,0,3,0,71,999,0,0,0,0,0,0,0,0,0,0,99,99,99,99,1,2,45,1,1,2,1,0,0,1,12,1,1,4,6,1,0
47,470875,1,1,1,19,12,17,41,8,0,1,0,47,1,37,32,37032,4,1998,1HGCG5647WA0,1,H,G,C,G,5,6,4,7,W,A,0,0,P,HOND,ULX,4D,98,17,2952,,0,1069,,G,,F,4,138,,,15R195,,,,,,0,0,000000000,00000000000,0,0,0,1,0,0,0,0,0,0,0,998,0,0,0,12,98,6,2,8,0,0,0,1,47,37620,6,1,0,0,3,0,64,118,0,0,0,0,0,0,0,0,0,0,0,0,0,0,1,2,25,1,2,2,1,0,0,1,80,1,1,1,13,0,0
47,470876,1,3,1,15,10,16,9,12,6,1,0,47,1,12,481,12481,31,2007,1FTRW12W77KC,1,F,T,R,W,1,2,W,7,7,K,C,0,T,FORD,F1S,CW,7,17,,2,0,1390,COF,G,,,8,281,,,,B,5176,01,E,42,0,0,000000000,00000000000,0,0,0,1,0,0,0,0,0,0,0,998,0,0,0,5,6,2,1,12,0,0,0,1,47,37356,6,1,0,0,3,3,69,263,0,0,0,0,0,0,0,0,0,0,38,0,0,0,1,2,35,1,1,2,1,0,0,11,15,1,1,2,68,0,0
47,470876,2,3,2,15,10,16,9,12,6,1,0,47,2,59,31,59031,4,2008,JTHBJ46G9822,J,T,H,B,J,4,6,G,9,8,2,2,0,P,LEXS,E35,4D,8,17,3580,,0,1093,,G,,F,6,211,,,17R215,,,,,,0,0,000000000,00000000000,0,0,0,1,0,0,0,0,0,0,0,998,0,0,0,1,98,6,2,12,0,0,0,1,47,37405,6,1,0,0,3,0,68,180,0,0,0,0,0,0,0,0,0,0,0,0,0,0,1,2,35,1,1,2,1,0,0,1,62,6,1,1,69,0,0
47,470876,3,3,3,15,10,16,9,12,6,1,0,47,1,18,20,18020,4,2004,2G4WB52K4411,2,G,4,W,B,5,2,K,4,4,1,1,0,P,BUIC,RLS,4D,4,17,3418,,0,1090,,G,,F,6,231,,,15R215,,,,,,0,0,000000000,00000000000,0,0,0,1,0,0,0,0,0,0,0,998,0,1,1,11,98,6,2,1,0,0,0,1,47,37387,6,1,0,0,3,0,65,146,0,0,0,0,0,0,0,0,0,0,0,0,0,0,1,2,35,1,1,2,1,0,0,1,62,1,1,1,98,2,0
47,470877,1,2,1,4,11,8,39,12,6,1,0,47,1,20,404,20404,14,2010,2CNALBEWXA63,2,C,N,A,L,B,E,W,X,A,6,3,0,P,CHEV,EQU,UT,10,17,3761,,0,1125,,G,,F,4,146,,,17R225,,,,,,0,0,000000000,00000000000,0,0,0,1,0,0,0,0,0,0,0,998,0,0,0,12,98,6,2,12,0,0,0,1,47,37221,6,1,0,0,3,0,65,130,0,0,0,1,0,4,2011,4,2011,0,0,0,0,0,5,2,45,1,1,2,2,0,0,1,61,1,1,1,45,0,0
47,470877,2,2,1,4,11,8,39,12,6,1,0,47,1,22,18,22018,4,1998,1G2NE52T8WC7,1,G,2,N,E,5,2,T,8,W,C,7,0,P,PONT,GAS,4D,98,17,2877,,0,1034,,G,,F,4,146,,,14R195,,,,,,0,0,000000000,00000000000,0,0,0,1,0,0,0,0,0,0,0,998,0,0,0,3,98,6,2,12,0,0,0,1,47,37055,6,1,0,0,3,0,62,200,0,0,0,0,0,0,0,0,0,0,99,99,99,99,5,2,45,1,1,2,2,0,0,4,10,1,1,2,44,1,0
47,470878,1,2,1,11,11,10,21,12,7,1,0,99,9,59,34,59034,4,2001,JT8BL69S5100,J,T,8,B,L,6,9,S,5,1,0,0,0,P,LEXS,G43,4D,1,17,3707,,0,1102,,G,,F,8,262,,,16R225,,,,,,0,0,000000000,00000000000,0,0,0,1,0,0,0,0,0,0,0,998,0,0,0,7,98,6,2,2,0,0,1,1,47,37086,6,8,0,0,3,0,71,200,1,0,0,0,0,11,2008,11,2008,1,0,0,0,0,5,4,50,1,1,2,1,0,0,99,9,1,9,3,49,1,0
47,470878,2,2,1,11,11,10,21,12,7,1,1,99,9,99,999,99999,99,9999,999999999999,9,9,9,9,9,9,9,9,9,9,9,9,0,,,,,,,,,,,,,,,,,,,,,,,,,0,0,000000000,00000000000,0,0,0,1,0,0,0,0,99,99,9,999,0,0,0,99,99,9,1,12,0,0,0,1,99,99999,9,9,99,9,9,9,999,999,99,99,99,99,99,99,9999,99,9999,1,99,99,99,99,5,4,50,1,1,2,1,0,0,99,99,99,9,9,49,0,0
47,470879,1,5,1,6,12,7,21,12,1,1,0,47,1,49,40,49040,4,2002,4T1BE32K52U6,4,T,1,B,E,3,2,K,5,2,U,6,0,P,TOYT,LXS,4D,2,17,3086,,0,1071,,G,,F,4,144,,,15R205,,,,,,0,0,000000000,00000000000,0,0,0,1,0,0,0,0,0,0,0,998,0,0,0,12,98,6,2,19,0,0,0,1,47,37138,6,1,0,0,3,0,67,145,0,0,0,0,0,0,0,0,0,0,28,51,0,0,5,4,40,1,2,2,2,0,0,1,8,1,1,1,20,1,0
47,470879,2,5,1,6,12,7,21,12,1,1,0,47,1,21,21,21021,4,2002,1G3NL52F62C2,1,G,3,N,L,5,2,F,6,2,C,2,0,P,OLDS,A/G,4D,2,17,3016,,0,1070,,G,,F,4,134,,,15R215,,,,,,0,0,000000000,00000000000,0,0,0,1,0,0,0,0,0,0,0,0,0,0,0,6,6,4,1,12,0,0,0,1,47,37138,6,1,0,0,3,1,69,235,0,0,0,0,0,0,0,0,0,0,0,0,0,0,5,4,40,1,2,2,2,0,0,5,53,1,1,1,21,0,0
47,470879,3,5,1,6,12,7,21,12,1,1,0,47,1,20,2,20002,4,2011,2G1WB5EK6B13,2,G,1,W,B,5,E,K,6,B,1,3,0,P,CHEV,IMT,4D,11,17,3555,,0,1105,,F,,F,6,214,,,17R225,,,,,,0,0,000000000,00000000000,0,0,0,1,0,0,0,0,0,0,0,0,0,0,0,9,9,4,1,12,0,0,0,1,47,37087,6,1,0,0,3,0,64,135,0,0,0,0,0,0,0,0,0,0,0,0,0,0,5,4,40,1,2,2,2,0,0,5,53,1,1,1,98,0,0
47,470879,4,5,2,6,12,7,21,12,1,1,0,47,1,19,20,19020,6,2004,1GYEE6370401,1,G,Y,E,E,6,3,7,0,4,0,1,0,P,CADI,SRX,UT,4,17,4320,,0,1164,,G,,,6,220,,,17R235,,,,,,0,0,000000000,00000000000,0,0,0,1,0,0,0,0,0,0,0,0,0,0,0,6,6,4,1,12,0,0,0,1,47,37138,6,1,6,0,3,1,72,320,0,0,0,0,0,0,0,0,0,0,0,0,0,0,5,4,40,1,2,2,2,0,0,5,53,1,1,1,98,0,0
47,470879,5,5,1,6,12,7,21,12,1,1,0,47,1,49,40,49040,4,2003,4T1BF32KX3U0,4,T,1,B,F,3,2,K,X,3,U,0,0,P,TOYT,UXS,4D,3,17,3203,,0,1071,,G,,F,6,183,,,15R205,,,,,,0,0,000000000,00000000000,0,0,0,1,0,0,0,0,0,0,0,0,0,0,0,6,6,4,1,12,0,0,0,1,47,37138,6,1,0,0,3,1,61,104,0,0,0,0,0,0,0,0,0,0,0,0,0,0,5,4,40,1,2,2,2,0,0,5,53,1,1,1,98,0,0
47,470880,1,2,1,11,8,8,6,12,2,1,0,47,2,55,35,55035,4,2011,5NPEB4AC4BH2,5,N,P,E,B,4,A,C,4,B,H,2,0,P,HYUN,SGL,4D,11,17,3161,,0,1100,,G,,F,4,144,,,16R205,,,,,,0,0,000000000,00000000000,0,0,0,1,0,0,0,0,0,0,0,998,0,0,0,12,98,6,2,12,0,0,0,1,47,37211,6,1,0,0,3,0,68,220,1,1,1,2,0,4,2010,7,2011,1,28,0,0,0,1,2,50,1,2,2,1,0,0,98,10,1,1,2,50,0,0
47,470880,2,2,2,11,8,8,6,12,2,1,0,47,1,20,2,20002,4,2008,2G1WB58KX891,2,G,1,W,B,5,8,K,X,8,9,1,0,P,CHEV,IPL,4D,8,17,3555,,0,1105,,F,,F,6,214,,,16R225,,,,,,0,0,000000000,00000000000,0,0,0,1,0,0,0,0,0,0,0,998,0,0,0,12,98,6,2,12,0,0,0,1,47,37079,6,1,0,0,3,0,64,150,0,0,0,0,0,0,0,0,0,0,0,0,0,0,1,2,50,1,2,2,1,0,0,1,62,1,1,1,51,1,0
47,470881,1,2,2,16,12,11,7,12,6,1,0,47,1,9,4,9004,4,1988,1P3XB26P6JW1,1,P,3,X,B,2,6,P,6,J,W,1,0,P,PLYM,G/C,4D,88,17,3491,,0,1127,,G,,2,8,318,,,15R205,,,,,,0,0,000000000,00000000000,0,0,0,1,0,0,0,0,0,0,0,49,0,0,0,3,3,6,2,12,0,0,0,1,47,37138,1,1,1,0,2,2,71,160,0,3,0,0,0,11,2009,11,2009,0,28,36,74,92,1,2,40,3,2,2,2,0,0,14,10,3,4,2,64,1,0
47,470881,2,2,1,16,12,11,7,12,6,1,0,47,1,49,40,49040,4,2007,JTNBE46K0730,J,T,N,B,E,4,6,K,0,7,3,0,0,P,TOYT,CMB,4D,7,17,3108,,0,1093,,G,,F,4,146,,,15R205,,,,,,0,0,000000000,00000000000,0,0,0,1,0,0,0,0,0,0,0,998,0,0,0,12,12,6,2,12,0,0,0,1,47,37138,6,1,0,0,3,1,62,114,0,0,0,0,0,0,0,0,0,0,0,0,0,0,1,2,40,1,2,2,2,0,0,1,62,1,1,1,65,0,0
47,470882,1,1,2,23,12,99,99,24,0,1,0,47,1,49,32,49032,4,1998,1NXBR18E7WZ0,1,N,X,B,R,1,8,E,7,W,Z,0,0,P,TOYT,UVL,4D,98,17,2414,,0,970,,G,,F,4,109,,,14R175,,,,,,0,0,000000000,00000000000,0,0,0,1,0,0,0,0,0,0,0,998,0,1,5,1,98,6,2,24,0,0,0,1,47,37208,6,1,0,0,3,0,68,175,0,0,0,0,0,0,0,0,0,1,0,0,0,0,6,2,55,2,2,2,2,0,0,14,6,1,1,4,1,1,1
47,470883,1,1,1,27,11,13,0,32,0,1,0,47,1,12,17,12017,4,2007,1FAFP53U37A1,1,F,A,F,P,5,3,U,3,7,A,1,0,P,FORD,TSE,4D,7,17,3307,,0,1085,,G,,F,6,183,,,16R215,,,,,,0,0,000000000,00000000000,0,0,0,1,0,0,0,0,0,0,0,998,0,0,0,12,98,4,3,14,0,0,0,1,47,37115,6,1,0,0,3,1,70,168,1,0,0,0,0,3,2009,3,2009,0,0,0,0,0,1,2,30,1,1,2,2,0,0,1,13,1,1,4,1,1,0
47,470884,1,6,1,4,10,8,31,12,1,1,0,1,1,35,472,35472,30,2006,1N6AD07U36C4,1,N,6,A,D,0,7,U,3,6,C,4,0,T,NISS,CEO,CW,6,17,,1,0,1259,FRT,G,,,6,244,,,,C,4245,02,K,42,0,0,000000000,00000000000,0,0,0,1,0,0,0,0,0,0,0,998,0,0,0,12,98,6,2,12,0,0,0,1,1,35757,6,1,0,0,3,1,67,145,0,0,0,0,0,0,0,0,0,1,36,0,0,0,3,5,55,1,1,2,1,0,0,1,6,1,1,2,20,0,0
47,470884,2,6,2,4,10,8,31,12,1,1,0,47,2,24,7,24007,4,2004,1G8AJ52F44Z2,1,G,8,A,J,5,2,F,4,4,Z,2,0,P,STRN,SI2,4D,4,17,2808,,0,1032,,G,,F,4,134,,,15R195,,,,,,0,0,000000000,00000000000,0,0,0,1,0,0,0,0,0,0,0,0,0,0,0,6,98,6,2,12,0,0,0,1,47,38372,6,1,0,0,3,1,68,142,0,0,0,0,0,0,0,0,0,0,0,0,0,0,3,5,55,1,1,2,1,0,0,5,53,1,1,1,21,1,0
47,470884,3,6,1,4,10,8,31,12,1,1,0,47,1,55,401,55401,14,2009,5NMSG13D89H2,5,N,M,S,G,1,3,D,8,9,H,2,0,P,HYUN,SAN,UT,9,17,3727,,0,1063,,G,,F,6,162,,,16R235,,,,,,0,0,000000000,00000000000,0,0,0,1,0,0,0,0,0,0,0,0,0,0,0,6,98,4,1,54,0,0,0,1,47,37214,6,1,0,0,3,1,64,128,0,0,0,0,0,0,0,0,0,0,0,0,0,0,3,5,55,1,1,2,1,0,0,5,53,1,1,1,98,0,0
47,470884,4,6,1,4,10,8,31,12,1,1,0,47,1,7,472,7472,30,2005,1D7HE42N75S1,1,D,7,H,E,4,2,N,7,5,S,1,0,T,DODG,DSL,PC,5,17,,2,0,1309,DAK,G,,,8,287,,,,B,4170,00,E,42,0,0,000000000,00000000000,0,0,0,1,0,0,0,0,0,0,0,0,0,0,0,6,98,4,1,54,0,0,0,1,47,37210,6,1,0,0,3,0,68,150,0,0,0,0,0,0,0,0,0,0,0,0,0,0,3,5,55,1,1,2,1,0,0,5,53,1,1,1,98,0,0
47,470884,5,6,1,4,10,8,31,12,1,1,0,47,1,7,24,7024,4,2009,2B3KA43D29H5,2,B,3,K,A,4,3,D,2,9,H,5,0,P,DODG,CHA,4D,9,17,3820,,0,1200,,G,,F,6,165,,,17R215,,,,,,0,0,000000000,00000000000,0,0,0,1,0,0,0,0,0,0,0,0,0,0,0,6,6,4,1,54,0,0,0,1,47,37167,6,1,0,0,3,0,75,190,0,0,0,0,0,0,0,0,0,0,0,0,0,0,3,5,55,1,1,2,1,0,0,5,53,1,1,1,98,0,0
47,470884,6,6,2,4,10,8,31,12,1,1,0,47,2,41,53,41053,5,2007,JM3ER2931701,J,M,3,E,R,2,9,3,1,7,0,1,0,P,MAZD,MCX,UT,7,17,3710,,0,1083,,G,,T,4,138,,,18R235,,,,,,0,0,000000000,00000000000,0,0,0,1,0,0,0,0,0,0,0,0,0,0,0,6,6,4,1,54,0,0,0,1,47,37209,6,1,0,0,3,0,64,120,0,0,0,1,0,5,2010,5,2010,0,0,0,0,0,3,5,55,1,1,2,1,0,0,5,53,1,1,1,98,0,0
47,470885,1,1,1,23,11,10,5,35,0,1,0,47,1,55,35,55035,4,2012,5NPEB4AC9CH3,5,N,P,E,B,4,A,C,9,C,H,3,0,P,HYUN,SGL,4D,12,17,3161,,0,1100,,G,,F,4,144,,,16R205,,,,,,0,0,000000000,00000000000,0,0,0,1,0,0,0,0,0,0,0,998,0,2,5,12,98,6,2,42,0,0,0,1,47,37042,6,1,0,0,3,0,74,190,1,0,0,0,0,12,2010,12,2010,0,0,0,0,0,2,2,70,1,1,2,1,0,0,1,13,1,1,4,1,1,0
47,470886,1,1,1,14,12,15,25,42,0,1,0,47,1,2,404,2404,14,2001,1J4GW58N71C6,1,J,4,G,W,5,8,N,7,1,C,6,0,T,JEEP,LMT,4W,1,17,,1,0,1059,GCK,G,,,8,287,,,,,3959,01,E,44,0,0,000000000,00000000000,0,0,0,1,0,0,0,0,0,0,0,998,0,0,0,12,98,6,2,42,0,0,0,1,47,38301,6,1,0,0,3,1,71,190,0,0,0,0,0,0,0,0,0,0,0,0,0,0,1,2,55,1,1,2,1,0,0,1,12,8,1,4,6,1,0
47,470887,1,4,1,15,11,12,4,12,1,1,0,47,1,49,40,49040,4,2009,JTNBB46K6930,J,T,N,B,B,4,6,K,6,9,3,0,0,P,TOYT,CHB,4D,9,17,3680,,0,1090,,B,,F,4,146,,,16R215,,,,,,0,0,000000000,00000000000,0,0,0,1,0,0,0,0,0,0,0,998,0,0,0,12,12,6,2,12,0,0,0,1,47,37221,6,1,0,0,3,0,76,225,0,0,0,1,0,9,2010,9,2010,0,26,0,0,0,1,2,40,1,1,2,2,0,0,1,50,1,1,1,20,0,0
47,470887,2,4,2,15,11,12,4,12,1,1,0,47,1,18,23,18023,4,2008,1G4HD572X8U1,1,G,4,H,D,5,7,2,X,8,U,1,0,P,BUIC,UXL,4D,8,17,3792,,0,1156,,G,,F,6,232,,,17R235,,,,,,0,0,000000000,00000000000,0,0,0,1,0,0,0,0,0,0,0,0,0,0,0,6,99,6,2,12,0,0,0,1,47,37209,6,1,0,0,3,0,67,130,0,0,0,0,0,0,0,0,0,0,0,0,0,0,1,2,40,1,1,2,2,0,0,5,53,1,1,1,21,1,0
47,470887,3,4,1,15,11,12,4,12,1,1,0,47,1,49,401,49401,14,2004,JTEBT14R1400,J,T,E,B,T,1,4,R,1,4,0,0,0,P,TOYT,RUN,UT,4,17,4330,,0,1098,,G,,F,8,285,,,16R265,,,,,,0,0,000000000,00000000000,0,0,0,1,0,0,0,0,0,0,0,0,0,0,0,6,99,4,1,54,0,0,0,1,47,37075,6,1,0,0,3,0,72,210,0,0,0,4,0,3,2009,2,2010,0,0,0,0,0,1,2,40,1,1,2,2,0,0,5,53,1,1,1,98,0,0
47,470887,4,4,1,15,11,12,4,12,1,1,0,47,1,54,35,54035,4,2003,19UUA56673A0,1,9,U,U,A,5,6,6,7,3,A,0,0,P,ACUR,32T,4D,3,17,3492,,0,1081,,G,,F,6,197,,,16R205,,,,,,0,0,000000000,00000000000,0,0,0,1,0,0,0,0,0,0,0,0,0,0,0,6,6,4,1,54,0,0,0,1,47,37205,6,1,0,0,3,1,61,120,0,0,0,0,0,0,0,0,0,0,0,0,0,0,1,2,40,1,1,2,2,0,0,5,50,1,1,1,98,0,0
47,470888,1,2,1,28,11,2,42,12,2,1,0,47,1,14,443,14443,20,1999,4M2XV11T2XDJ,4,M,2,X,V,1,1,T,2,X,D,J,0,P,MERC,VLR,SV,99,17,3944,,0,1122,,G,,F,6,201,,,15R215,,,,,,0,0,000000000,00000000000,0,0,0,1,0,0,0,0,0,0,0,998,0,0,0,12,12,6,2,12,0,0,0,1,47,37217,6,1,0,0,3,0,67,165,0,0,0,0,0,0,0,0,0,9,99,99,99,99,5,3,99,9,9,2,99,0,0,99,10,99,1,2,50,0,0
47,470888,2,2,1,28,11,2,42,12,2,1,0,47,1,12,37,12037,4,2001,1FAFP343X1W1,1,F,A,F,P,3,4,3,X,1,W,1,0,P,FORD,FSS,4D,1,17,2563,,0,1030,,G,,F,4,121,,,15R195,,,,,,0,0,000000000,00000000000,0,0,0,1,0,0,0,0,0,0,0,998,0,0,0,12,12,6,2,12,0,0,0,1,47,37211,6,1,0,0,3,0,66,201,0,0,0,0,0,0,0,0,0,9,99,99,99,99,5,3,99,9,9,2,99,0,0,99,54,99,1,1,51,1,0
47,470889,1,2,2,10,12,2,0,8,0,1,1,47,2,49,49,49049,6,2006,JTLKT3246640,J,T,L,K,T,3,2,4,6,6,4,0,0,P,TOYT,SXB,UT,6,17,2395,,0,984,,G,,F,4,092,,,15R185,,,,,,0,0,000000000,00000000000,0,0,0,1,0,0,0,0,0,0,0,998,0,0,0,12,12,6,2,8,0,0,0,1,47,37208,6,1,0,0,3,0,71,145,1,0,0,0,0,7,2010,7,2010,1,38,0,0,0,2,2,30,1,2,2,1,0,0,1,81,99,1,1,13,0,1
47,470889,2,2,1,10,12,2,0,8,0,1,0,47,1,20,443,20443,20,2004,1GNDX13E54D2,1,G,N,D,X,1,3,E,5,4,D,2,0,T,CHEV,LUX,ES,4,17,,1,0,1200,VTR,G,,,6,207,,,,,3838,00,,42,0,0,000000000,00000000000,0,0,0,1,0,0,0,0,0,1,0,998,0,0,0,12,12,4,3,12,0,0,0,1,47,37013,6,1,0,0,3,1,66,234,0,0,0,0,0,0,0,0,0,0,0,0,0,0,3,2,30,1,2,2,1,0,0,1,62,99,1,1,98,0,0
48,480001,1,2,2,1,1,22,55,12,6,1,0,48,1,12,401,12401,14,1997,1FMDU32P0VZB,1,F,M,D,U,3,2,P,0,V,Z,B,0,P,FORD,EPR,UT,97,17,3939,,0,1115,,G,,F,8,302,,,15R225,,,,,,0,0,000000000,00000000000,0,0,0,1,0,0,0,0,0,0,0,998,0,1,1,9,9,6,2,12,0,0,0,1,48,79764,6,1,0,0,3,3,999,999,0,0,0,0,0,0,0,0,0,0,38,39,0,0,1,2,98,8,8,8,1,20,3,11,15,1,1,1,82,2,0
48,480001,2,2,1,1,1,22,55,12,6,1,0,48,3,20,2,20002,4,2006,2G1WS5511693,2,G,1,W,S,5,5,1,1,6,9,3,0,P,CHEV,I/P,4D,6,17,3466,,0,1105,,G,,F,6,238,,,16R225,,,,,,0,0,000000000,00000000000,0,0,0,1,0,0,0,0,0,5,1,998,0,0,0,12,12,6,2,12,0,0,0,1,48,79761,6,1,6,0,3,0,999,999,0,0,0,0,0,0,0,0,0,0,16,0,0,0,2,2,55,1,1,8,1,0,0,1,67,1,1,1,83,0,0
48,480002,1,2,1,1,1,2,51,12,6,1,0,48,1,12,481,12481,31,2001,1FTNW21F51EB,1,F,T,N,W,2,1,F,5,1,E,B,0,T,FORD,F2S,CW,1,17,,2,1724,1562,SRW,D,,,8,444,,,,C,5932,07,E,44,0,0,000000000,00000000000,0,0,0,1,0,0,0,0,0,0,0,998,0,0,0,12,12,4,3,12,0,0,0,1,48,79938,6,1,0,0,3,0,999,999,0,0,0,0,0,0,0,0,0,0,38,39,91,0,3,3,55,1,1,8,1,3,3,1,17,1,1,1,88,0,1
48,480002,2,2,1,1,1,2,51,12,6,1,0,48,1,23,481,23481,31,2000,1GTEK19T7YE1,1,G,T,E,K,1,9,T,7,Y,E,1,0,T,GMC,NK1,3C,0,17,,2,1575,1435,SIE,G,,,8,325,,,,B,4621,02,U,44,0,0,000000000,00000000000,0,0,0,1,0,0,0,0,0,0,0,998,0,0,0,9,9,6,2,12,0,0,0,1,48,79905,6,1,0,0,3,3,999,999,0,0,0,0,0,0,0,0,0,0,0,0,0,0,4,2,98,8,8,8,1,3,3,1,66,1,1,1,89,1,0
48,480003,1,1,3,1,1,1,7,8,0,1,0,48,1,49,43,49043,4,1996,4T1BF12B1TU1,4,T,1,B,F,1,2,B,1,T,U,1,0,P,TOYT,UVS,4D,96,17,3263,,0,1071,,G,,F,6,183,,,15R205,,,,,,0,0,000000000,00000000000,0,0,0,1,0,0,0,0,0,0,0,998,0,0,0,12,12,2,3,8,0,0,0,1,48,77449,6,1,0,0,3,0,999,999,0,0,0,0,0,0,0,0,0,0,0,0,0,0,1,2,40,1,1,8,1,0,0,1,80,1,1,1,13,0,0
48,480004,1,1,1,1,1,2,20,1,0,1,0,48,1,52,34,52034,4,2002,JA3AJ36EX2U0,J,A,3,A,J,3,6,E,X,2,U,0,0,P,MITS,LLS,4D,2,17,2734,,0,1024,,G,,F,4,122,,,15R195,,,,,,0,0,000000000,00000000000,0,0,0,1,0,0,0,0,0,0,0,998,0,2,5,0,0,6,2,1,0,0,0,1,48,77379,6,1,0,0,3,0,999,999,0,0,0,0,0,0,0,0,0,1,28,0,0,0,1,2,45,3,1,8,1,0,0,14,13,1,1,4,1,1,1
48,480005,1,2,99,1,1,20,6,8,0,1,1,99,9,99,999,99999,99,9999,999999999999,9,9,9,9,9,9,9,9,9,9,9,9,0,,,,,,,,,,,,,,,,,,,,,,,,,0,0,000000000,00000000000,0,0,0,1,0,0,0,0,0,0,0,998,0,0,0,12,12,9,1,8,0,0,0,1,99,99999,9,9,99,0,9,9,999,999,99,99,99,99,99,99,9999,99,9999,0,0,0,0,0,4,4,45,1,1,8,1,0,0,99,80,99,1,3,13,0,0
48,480005,2,2,5,1,1,20,6,8,0,1,0,48,2,49,40,49040,4,2002,JTDBE32K7200,J,T,D,B,E,3,2,K,7,2,0,0,0,P,TOYT,LXS,4D,2,17,3086,,0,1071,,G,,F,4,144,,,15R205,,,,,,0,0,000000000,00000000000,0,0,0,1,0,0,0,0,0,0,0,998,0,0,0,14,14,0,1,8,0,0,0,1,48,77013,6,1,0,0,3,3,999,999,0,0,0,0,0,0,0,0,0,0,0,0,0,0,4,4,45,1,1,8,1,0,0,15,80,1,1,2,98,0,0
48,480006,1,1,1,1,1,21,24,8,0,1,0,48,0,12,37,12037,4,2003,3FAHP373X3R1,3,F,A,H,P,3,7,3,X,3,R,1,0,P,FORD,FX5,5D,3,17,2600,,0,1030,,G,,F,4,121,,,15R195,,,,,,0,0,000000000,00000000000,0,0,0,1,0,0,0,0,0,0,0,998,0,0,0,12,12,2,1,8,0,0,0,1,48,77489,0,0,0,0,0,0,999,999,0,0,0,0,0,0,0,0,0,0,0,0,0,0,3,4,60,1,1,8,1,0,0,1,80,1,1,1,13,0,0
48,480007,1,2,2,1,1,3,34,12,6,1,0,48,1,20,443,20443,20,2005,1GNDV23E35D1,1,G,N,D,V,2,3,E,3,5,D,1,0,P,CHEV,VTR,SV,5,17,3838,,0,1200,,G,,F,6,207,,,000000,,,,,,0,0,000000000,00000000000,0,0,0,1,0,0,0,0,0,0,0,998,0,1,1,10,10,6,2,12,0,0,0,1,48,78541,6,1,0,0,3,3,999,999,0,0,0,0,0,0,0,0,0,1,82,0,0,0,1,2,30,1,1,8,1,0,0,1,8,6,1,6,66,1,1
48,480007,2,2,3,1,1,3,34,12,6,1,0,48,2,20,481,20481,31,2002,2GCEC19W8211,2,G,C,E,C,1,9,W,8,2,1,1,0,T,CHEV,SC1,4C,2,17,,2,1575,1435,SIL,G,,,6,262,,,,B,4534,03,,42,0,0,000000000,00000000000,0,0,0,1,0,0,0,0,0,0,0,998,0,0,0,12,12,6,2,12,0,0,0,1,48,78541,0,0,0,0,0,0,999,999,0,0,0,0,0,0,0,0,0,0,92,0,0,0,1,2,30,1,1,8,1,0,0,1,64,1,1,1,66,0,0
48,480008,1,1,5,1,1,6,29,1,0,1,0,48,1,20,481,20481,31,2003,2GCEC19T2312,2,G,C,E,C,1,9,T,2,3,1,2,0,T,CHEV,SC1,4C,3,17,,2,1575,1435,SIL,G,,,8,325,,,,B,4534,03,,42,0,0,000000000,00000000000,0,0,0,1,0,0,0,0,0,0,0,998,0,2,1,0,0,6,2,1,0,0,0,1,48,77039,6,1,0,0,3,3,999,999,0,0,0,0,1,3,2010,3,2010,0,28,58,0,0,2,2,70,1,1,8,1,0,0,1,12,7,3,6,98,2,0