STATE,ST_CASE,VEH_NO,VE_FORMS,NUMOCCS,DAY,MONTH,HOUR,MINUTE,HARM_EV,MAN_COLL,UNITTYPE,HIT_RUN,REG_STAT,OWNER,MAKE,MODEL,MAK_MOD,BODY_TYP,MOD_YEAR,VIN,VIN_1,VIN_2,VIN_3,VIN_4,VIN_5,VIN_6,VIN_7,VIN_8,VIN_9,VIN_10,VIN_11,VIN_12,TOW_VEH,VINTYPE,VINMAKE,VINA_MOD,VIN_BT,VINMODYR,VIN_LNGT,VIN_WGT,WGTCD_TR,WHLBS_LG,WHLBS_SH,SER_TR,FUELCODE,MCYCL_DS,CARBUR,CYLINDER,DISPLACE,MCYCL_CY,MCYCL_WT,TIRE_SZE,TON_RAT,TRK_WT,TRKWTVAR,VIN_REST,WHLDRWHL,J_KNIFE,MCARR_I1,MCARR_I2,MCARR_ID,GVWR,V_CONFIG,CARGO_BT,HAZ_INV,HAZ_PLAC,HAZ_ID,HAZ_CNO,HAZ_REL,BUS_USE,SPEC_USE,EMER_USE,TRAV_SP,UNDERIDE,ROLLOVER,ROLINLOC,IMPACT1,IMPACT2,DEFORMED,TOWED,M_HARM,VEH_SC1,VEH_SC2,FIRE_EXP,DR_PRES,L_STATE,DR_ZIP,L_STATUS,L_TYPE,CDL_STAT,L_ENDORS,L_COMPL,L_RESTRI,DR_HGT,DR_WGT,PREV_ACC,PREV_SUS,PREV_DWI,PREV_SPD,PREV_OTH,FIRST_MO,FIRST_YR,LAST_MO,LAST_YR,SPEEDREL,DR_SF1,DR_SF2,DR_SF3,DR_SF4,VTRAFWAY,VNUM_LAN,VSPD_LIM,VALIGN,VPROFILE,VPAVETYP,VSURCOND,VTRAFCON,VTCONT_F,P_CRASH1,P_CRASH2,P_CRASH3,PCRASH4,PCRASH5,ACC_TYPE,DEATHS,DR_DRINK
48,480009,1,3,1,1,1,3,41,12,1,1,0,48,1,7,482,7482,31,2003,1D7HA18N83S1,1,D,7,H,A,1,8,N,8,3,S,1,0,T,DODG,SQ1,CW,3,17,,2,1605,1405,RPC,G,,,8,287,,,,B,4665,03,E,42,0,0,000000000,00000000000,0,0,0,1,0,0,0,0,0,0,0,0,0,0,0,6,6,6,2,12,0,0,0,1,48,75702,6,1,0,0,3,0,999,999,0,0,0,1,0,2,2010,2,2010,0,0,0,0,0,3,3,50,1,1,8,1,3,3,5,53,1,1,1,21,0,0
48,480009,2,3,1,1,1,3,41,12,1,1,0,48,2,20,401,20401,14,1997,1GNCS13W0VK2,1,G,N,C,S,1,3,W,0,V,K,2,0,P,CHEV,BZR,UT,97,17,3686,,0,1070,,G,,F,6,262,,,15R205,,,,,,0,0,000000000,00000000000,0,0,0,1,0,0,0,0,0,0,0,998,0,0,0,12,12,6,2,12,0,0,0,1,99,99999,9,9,99,0,9,9,999,999,99,99,99,99,99,99,9999,99,9999,1,38,39,0,0,3,3,50,1,1,8,1,3,3,1,50,1,1,1,20,1,1
48,480009,3,3,6,1,1,3,41,12,1,1,0,48,1,20,36,20036,2,2004,2G1WW12E8491,2,G,1,W,W,1,2,E,8,4,9,1,0,P,CHEV,MLS,CP,4,17,3340,,0,1105,,G,,F,6,207,,,16R225,,,,,,0,0,000000000,00000000000,0,0,0,1,0,0,0,0,0,0,0,0,0,0,0,7,7,4,3,12,0,0,0,1,48,75701,6,1,0,0,3,0,999,999,0,0,0,1,0,11,2010,11,2010,0,0,0,0,0,3,3,50,1,1,8,1,3,3,5,98,1,1,1,98,0,0
48,480010,1,1,2,1,1,21,25,8,0,1,0,48,1,49,482,49482,31,2001,5TBRT34151S1,5,T,B,R,T,3,4,1,5,1,S,1,0,T,TOYT,TRS,4C,1,17,,2,0,1283,TUN,G,,,8,285,,,,C,4276,00,U,42,0,0,000000000,00000000000,0,0,0,1,0,0,0,0,0,0,0,998,0,0,0,12,12,2,1,8,0,0,0,1,48,78582,6,1,0,0,3,0,999,999,0,0,0,0,0,0,0,0,0,0,0,0,0,0,2,2,60,1,3,8,1,0,0,1,80,1,1,1,13,0,0
48,480011,1,2,1,3,1,12,15,12,1,1,0,48,1,23,421,23421,15,2003,1GKEC13Z83J1,1,G,K,E,C,1,3,Z,8,3,J,1,0,T,GMC,YUK,4W,3,17,,2,0,1160,YUK,F,,,8,325,,,,B,4875,00,4,42,0,0,000000000,00000000000,0,0,0,1,0,0,0,0,0,0,0,0,0,0,0,6,6,2,3,12,0,0,0,1,48,78248,6,1,0,0,3,3,999,999,0,0,0,0,0,0,0,0,0,0,0,0,0,0,1,4,40,1,1,8,1,3,3,5,53,1,1,1,21,0,0
48,480011,2,2,1,3,1,12,15,12,1,1,0,48,1,72,706,72706,80,2006,1HD1KBW186Y7,1,H,D,1,K,B,W,1,8,6,Y,7,0,M,HD,FHI,RS,6,17,,,,,,,1450,,2,,4,745,,,,,,,0,0,000000000,00000000000,0,0,0,1,0,0,0,0,0,0,0,998,0,0,0,12,12,2,3,12,0,0,0,1,48,78247,6,1,6,0,3,3,999,999,0,0,0,0,0,0,0,0,0,1,0,0,0,0,1,4,40,1,1,8,1,3,3,1,50,9,2,1,20,1,1
48,480012,1,1,1,3,1,8,37,30,0,1,0,48,1,12,481,12481,31,1992,2FTHF25M6NCB,2,F,T,H,F,2,5,M,6,N,C,B,0,T,FORD,F25,PK,92,17,,2,0,1330,COF,D,,,8,444,,,,C,4214,02,A,42,0,0,000000000,00000000000,0,0,0,1,0,0,0,0,0,0,0,998,0,0,0,12,12,6,2,30,0,0,0,1,48,78636,6,1,0,0,3,3,999,999,0,1,0,0,0,1,2008,1,2008,1,0,0,0,0,1,4,55,1,1,8,1,0,0,1,13,1,1,4,1,1,0
48,480013,1,1,1,3,1,16,57,42,0,1,0,48,1,2,404,2404,14,2003,1J8GW58N33C5,1,J,8,G,W,5,8,N,3,3,C,5,0,T,JEEP,LMT,4W,3,17,,1,0,1059,GCK,G,,,8,287,,,,,3972,01,K,44,0,0,000000000,00000000000,0,0,0,1,0,0,0,0,0,0,0,998,0,1,5,5,5,4,3,42,0,0,0,1,48,78643,6,1,0,0,3,0,999,999,0,0,0,0,0,0,0,0,0,0,99,99,99,99,1,2,50,1,2,8,1,0,0,1,13,7,4,4,1,1,0
48,480014,1,1,1,3,1,2,36,8,0,1,1,48,0,42,42,42042,4,1995,WDBHA28E1SF1,W,D,B,H,A,2,8,E,1,S,F,1,0,P,MERZ,C28,4D,95,17,3250,,0,1059,,G,,F,6,171,,,15R195,,,,,,0,0,000000000,00000000000,0,0,0,1,0,0,0,0,0,0,0,998,0,0,0,12,12,4,1,8,0,0,0,1,48,75241,1,1,0,0,2,0,999,999,0,7,0,0,0,3,2008,8,2010,0,91,0,0,0,3,2,60,1,1,8,1,0,0,1,80,1,1,1,13,0,0
48,480015,1,1,1,3,1,17,46,1,0,1,0,48,2,49,472,49472,30,2001,5TEGN92NX1Z8,5,T,E,G,N,9,2,N,X,1,Z,8,0,T,TOYT,DCP,CW,1,17,,1,0,1219,TAC,G,,,6,206,,,,B,3475,00,E,42,0,0,000000000,00000000000,0,0,0,1,0,0,0,0,0,0,0,998,0,2,1,0,0,4,3,1,0,0,0,1,48,75855,6,1,0,0,3,0,999,999,0,0,0,0,0,0,0,0,0,1,58,39,0,0,1,2,65,3,2,8,1,0,0,14,12,7,3,6,98,1,1
48,480016,1,1,2,3,1,14,40,42,0,1,0,48,1,12,17,12017,4,2006,1FAFP56UX6A2,1,F,A,F,P,5,6,U,X,6,A,2,0,P,FORD,TEL,4D,6,17,3314,,0,1085,,G,,F,6,183,,,16R215,,,,,,0,0,000000000,00000000000,0,0,0,1,0,0,0,0,0,0,0,998,0,0,0,99,2,4,3,43,0,0,0,1,48,75401,6,1,0,0,3,3,999,999,2,0,0,0,0,1,2008,5,2008,1,58,0,0,0,0,0,0,0,0,0,0,0,0,3,13,7,1,4,1,2,0
48,480018,1,1,1,4,1,13,26,8,0,1,0,48,4,84,881,84881,63,2008,1HTMKAANX8H6,1,H,T,M,K,A,A,N,X,8,H,6,0,T,INTL,440,CC,8,17,,7,0,0,40S,D,,,6,466,,,,,00000,00,,42,0,57,1111245,571111245,3,1,1,1,0,0,0,0,0,0,0,998,0,0,0,12,12,0,1,8,0,0,0,1,48,75002,6,1,6,0,3,0,999,999,0,0,0,1,1,12,2008,4,2010,0,0,0,0,0,1,2,99,1,9,9,99,3,3,11,80,1,1,1,13,0,0
48,480019,1,2,1,4,1,6,25,12,6,1,0,48,1,12,461,12461,21,2001,1FBSS31L41HB,1,F,B,S,S,3,1,L,4,1,H,B,0,T,FORD,WSD,ES,1,17,,2,0,1380,ECO,G,,,8,330,,,,D,6127,00,E,42,0,0,000000000,00000000000,0,0,0,1,0,0,0,0,0,0,0,998,0,0,0,12,12,2,3,12,0,0,0,1,48,77088,6,1,7,0,3,0,999,999,0,0,0,0,0,0,0,0,0,0,0,0,0,0,2,2,35,1,1,1,2,0,0,1,68,7,1,1,88,0,0
48,480019,2,2,2,4,1,6,25,12,6,1,0,48,1,12,16,12016,4,1999,2FAFP73W7XX1,2,F,A,F,P,7,3,W,7,X,X,1,0,P,FORD,CVI,4D,99,17,3917,,0,1147,,G,,F,8,281,,,16R225,,,,,,0,0,000000000,00000000000,0,0,0,1,0,0,0,0,0,0,0,998,0,0,0,9,9,4,3,12,0,0,0,1,48,77026,6,1,0,0,3,3,999,999,0,0,0,0,0,0,0,0,0,0,38,0,0,0,1,2,99,1,9,9,99,20,3,4,17,1,1,1,89,1,0
48,480020,1,3,1,4,1,11,21,12,6,1,0,48,2,12,21,12021,4,2006,1FAHP23116G1,1,F,A,H,P,2,3,1,1,6,G,1,0,P,FORD,5SE,4D,6,17,3664,,0,1129,,G,,F,6,183,,,17R215,,,,,,0,0,000000000,00000000000,0,0,0,1,0,0,0,0,0,0,0,998,0,0,0,4,4,4,3,12,0,0,0,1,48,77095,6,1,0,0,3,0,999,999,0,0,0,1,0,6,2008,6,2008,0,28,0,0,0,1,4,50,1,1,2,1,0,0,1,9,99,4,2,64,1,0
48,480020,2,3,1,4,1,11,21,12,6,1,0,48,2,35,472,35472,30,2002,1N6ED27T12C3,1,N,6,E,D,2,7,T,1,2,C,3,0,T,NISS,XSC,CW,2,17,,1,0,1161,FRT,G,,,6,201,,,,B,3658,01,E,42,0,0,000000000,00000000000,0,0,0,1,0,0,0,0,0,0,0,998,0,0,0,12,12,4,3,12,0,0,0,1,48,77084,6,1,0,0,3,3,999,999,0,0,0,0,0,0,0,0,0,0,0,0,0,0,1,4,50,1,1,2,1,0,0,1,62,1,1,1,65,0,0
48,480020,3,3,1,4,1,11,21,12,6,1,0,48,2,20,481,20481,31,2007,1GCHK23D27F1,1,G,C,H,K,2,3,D,2,7,F,1,0,T,CHEV,2KH,CW,7,17,,2,1670,1530,SIL,D,,,8,403,,,,C,5883,02,,44,0,0,000000000,00000000000,0,0,0,1,0,0,0,0,0,0,0,998,0,0,0,12,12,4,3,12,0,0,0,1,48,77450,6,1,0,0,3,0,999,999,0,0,0,0,0,0,0,0,0,0,0,0,0,0,1,4,50,1,1,2,1,0,0,1,62,7,1,1,98,0,0
48,480021,1,1,1,4,1,10,37,1,0,1,0,48,1,49,401,49401,14,2000,JT3GN86R7Y01,J,T,3,G,N,8,6,R,7,Y,0,1,0,P,TOYT,RUN,UT,0,17,3600,,0,1053,,G,,F,6,206,,,15R225,,,,,,0,0,000000000,00000000000,0,0,0,1,0,0,0,0,0,0,0,998,0,2,5,0,0,6,2,1,0,0,0,1,48,77957,6,1,0,0,3,0,999,999,0,0,0,0,0,0,0,0,0,0,58,0,0,0,1,2,99,1,1,8,1,0,0,1,13,6,3,4,7,1,0
48,480022,1,1,1,4,1,20,58,8,0,1,0,48,2,12,481,12481,31,2005,1FTRF02245KC,1,F,T,R,F,0,2,2,4,5,K,C,0,T,FORD,F15,PK,5,17,,2,1450,1260,COF,G,,,6,256,,,,B,4708,00,U,42,0,0,000000000,00000000000,0,0,0,1,0,0,0,0,0,0,0,998,0,0,0,12,12,2,1,8,0,0,0,1,48,78336,6,1,0,0,3,0,999,999,0,1,0,0,0,10,2008,10,2008,0,0,0,0,0,2,4,60,1,1,8,1,0,0,1,80,1,1,1,13,0,0
48,480023,1,1,1,4,1,6,8,8,0,1,0,48,3,12,402,12402,14,2010,1FMCU5K39AKC,1,F,M,C,U,5,K,3,9,A,K,C,0,P,FORD,SPE,UT,10,17,3794,,0,1031,,B,,F,4,153,,,16R235,,,,,,0,0,000000000,00000000000,0,0,0,1,0,0,0,0,0,0,0,998,0,0,0,1,1,4,9,8,0,0,0,1,48,79022,6,1,0,0,3,0,999,999,0,0,0,0,0,0,0,0,0,0,0,0,0,0,2,4,55,1,3,8,1,0,0,15,80,1,1,2,13,0,0
48,480024,1,2,1,4,1,5,10,12,6,1,0,48,2,82,881,82881,66,2000,1FUYDDYB8YMF,1,F,U,Y,D,D,Y,B,8,Y,M,F,1,T,FRHT,FLD,TR,0,17,,8,0,0,CON,D,,,6,855,,,,,00000,00,,64,1,57,1989892,571989892,3,6,4,1,0,0,0,0,0,0,0,998,0,0,0,12,12,8,3,12,0,0,0,1,48,75229,6,1,6,0,3,0,64,222,0,0,0,0,2,3,2010,3,2010,0,0,0,0,0,2,4,65,1,1,8,1,0,0,1,65,1,1,1,77,1,0
48,480024,2,2,1,4,1,5,10,12,6,1,0,48,3,86,881,86881,66,2001,1M1AA18Y81W1,1,M,1,A,A,1,8,Y,8,1,W,1,0,T,MACK,CH6,TR,1,17,,8,0,0,600,D,,,6,728,,,,,00000,00,,64,0,57,488422,57488422,3,5,96,2,2,1993,3,2,0,0,0,998,0,1,5,5,5,4,3,1,0,0,0,1,48,76078,6,1,6,1,3,3,999,999,0,0,0,0,0,0,0,0,0,0,38,39,0,0,2,2,99,8,8,8,1,20,3,11,15,1,1,1,76,0,0
48,480025,1,2,3,5,1,16,55,12,6,1,0,48,1,12,471,12471,30,1998,1FTYR10C0WUD,1,F,T,Y,R,1,0,C,0,W,U,D,0,T,FORD,RNG,PK,98,17,,1,1175,1116,RNG,G,,,4,153,,,,B,3030,01,E,42,0,0,000000000,00000000000,0,0,0,1,0,0,0,0,0,0,0,998,0,1,1,9,9,6,2,1,0,0,0,1,48,78225,6,1,6,0,3,3,999,999,0,0,0,0,0,0,0,0,0,1,39,0,0,0,2,6,45,1,1,8,1,3,3,1,17,1,1,1,89,1,0
48,480025,2,2,3,5,1,16,55,12,6,1,0,48,1,7,25,7025,5,2008,1B3HB28C48D7,1,B,3,H,B,2,8,C,4,8,D,7,0,P,DODG,CLB,4D,8,17,2966,,0,1037,,G,,F,4,110,,,15R205,,,,,,0,0,000000000,00000000000,0,0,0,1,0,0,0,0,0,0,0,998,0,0,0,12,12,4,3,12,0,0,0,1,48,78269,6,1,0,0,3,0,999,999,0,0,0,0,0,0,0,0,0,0,0,0,0,0,2,4,99,8,8,8,10,3,3,1,66,1,1,1,88,0,0
48,480026,1,1,1,5,1,18,45,38,0,1,0,48,2,23,471,23471,30,1995,1GTCS1944SK5,1,G,T,C,S,1,9,4,4,S,K,5,0,T,GMC,SON,PC,95,17,,1,0,1229,SON,G,,,4,133,,,,B,00000,00,M,42,0,0,000000000,00000000000,0,0,0,1,0,0,0,0,0,0,0,998,0,0,0,12,12,6,2,42,0,0,0,1,48,78611,0,0,0,0,0,0,999,999,0,0,0,0,0,0,0,0,0,0,0,0,0,0,1,2,55,3,2,8,1,0,0,14,13,1,1,4,1,1,1
48,480027,1,1,1,5,1,1,17,30,0,1,0,48,2,22,18,22018,2,1999,1G2NW12E7XM8,1,G,2,N,W,1,2,E,7,X,M,8,0,P,PONT,GAG,CP,99,17,3091,,0,1071,,G,,F,6,207,,,16R205,,,,,,0,0,000000000,00000000000,0,0,0,1,0,0,0,0,0,0,0,998,0,0,0,12,12,6,2,30,0,0,0,1,48,78521,1,1,0,0,2,0,999,999,0,5,0,1,2,2,2008,7,2010,0,0,0,0,0,1,2,30,1,1,8,1,0,0,1,13,1,1,4,1,1,0
48,480028,1,1,1,5,1,8,33,43,0,1,0,48,1,37,32,37032,4,1993,1HGCB7695PA1,1,H,G,C,B,7,6,9,5,P,A,1,0,P,HOND,UA1,4D,93,17,2955,,0,1071,,G,,F,4,132,,,15R195,,,,,,0,0,000000000,00000000000,0,0,0,1,0,0,0,0,0,0,0,998,0,0,0,14,12,6,2,42,0,0,0,1,48,79838,6,1,0,0,3,3,999,999,0,0,0,0,0,0,0,0,0,0,0,0,0,0,1,2,55,1,1,8,1,0,0,1,12,1,1,4,6,1,0
48,480029,1,3,1,5,1,17,5,12,1,1,0,48,1,35,473,35473,31,2005,1N6BA07A85N5,1,N,6,B,A,0,7,A,8,5,N,5,0,T,NISS,TXS,CW,5,17,,2,0,1398,TTN,F,,,8,342,,,,C,4875,03,E,42,0,0,000000000,00000000000,0,0,0,1,0,0,0,0,0,0,0,998,0,0,0,12,12,4,3,12,0,0,0,1,48,77068,6,1,0,0,3,0,999,999,1,0,0,0,1,10,2008,2,2010,1,0,0,0,0,2,6,45,1,1,1,1,0,0,1,50,1,1,1,20,0,0
48,480029,2,3,1,5,1,17,5,12,1,1,0,49,1,20,421,20421,15,2000,1GNCS13W5Y22,1,G,N,C,S,1,3,W,5,Y,2,2,0,P,CHEV,BZR,UT,0,17,3671,,0,1070,,G,,F,6,262,,,15R205,,,,,,0,0,000000000,00000000000,0,0,0,1,0,0,0,0,0,0,0,0,0,1,1,6,6,2,3,12,0,0,0,1,49,84305,6,1,0,0,3,0,66,130,98,0,0,0,1,8,2008,8,2008,0,0,0,0,0,2,6,45,1,1,1,1,0,0,5,53,1,1,1,22,1,0
48,480029,3,3,3,5,1,17,5,12,1,1,0,48,1,21,21,21021,4,2000,1G3NL52T6YC3,1,G,3,N,L,5,2,T,6,Y,C,3,0,P,OLDS,A/G,4D,0,17,3022,,0,1070,,G,,F,4,146,,,15R215,,,,,,0,0,000000000,00000000000,0,0,0,1,0,0,0,0,0,0,0,998,0,0,0,12,12,0,3,12,0,0,0,1,48,77083,6,1,0,0,3,0,999,999,0,0,0,0,0,0,0,0,0,0,0,0,0,0,2,6,45,1,1,1,1,0,0,1,62,99,1,1,98,0,0
48,480030,1,2,1,5,1,11,58,12,6,1,0,48,3,85,881,85881,66,2007,1XKDPBTX87J1,1,X,K,D,P,B,T,X,8,7,J,1,2,T,KW,T80,TR,7,17,,8,2600,1600,CON,D,,,6,893,,,,,00000,00,,,1,57,1973508,571973508,3,7,3,1,0,0,0,0,0,0,0,998,0,0,0,12,12,2,3,12,0,0,0,1,48,75684,6,1,6,2,3,0,999,999,1,0,0,0,2,10,2008,1,2009,1,0,0,0,0,1,4,70,1,3,8,1,0,0,1,52,6,1,2,74,0,0
48,480030,2,2,2,5,1,11,58,12,6,1,0,48,1,2,405,2405,14,2008,1J8FT28W38D6,1,J,8,F,T,2,8,W,3,8,D,6,0,T,JEEP,SPO,4W,8,17,,1,0,1037,PRT,G,,,4,144,,,,,3108,00,L,42,0,0,000000000,00000000000,0,0,0,1,0,0,0,0,0,0,0,998,0,0,0,8,8,6,2,12,0,0,0,1,48,75946,6,1,0,0,3,0,999,999,0,0,0,0,0,0,0,0,0,0,0,0,0,0,1,4,70,1,3,8,1,0,0,11,53,1,1,1,74,1,1
48,480031,1,1,1,5,1,18,59,8,0,1,0,48,3,98,981,98981,52,2003,1Z9B5DTS63W2,1,Z,9,B,5,D,T,S,6,3,W,2,0,U,,,,3,17,,,,,,,,,,,,,,,,,,,0,88,888888888,88888888888,3,21,22,1,0,0,0,0,6,0,0,998,0,0,0,12,12,2,3,8,0,0,0,1,48,78410,6,1,6,1,3,3,999,999,0,0,0,0,0,0,0,0,0,0,0,0,0,0,5,4,35,1,1,8,1,0,0,1,80,2,1,1,13,0,0
48,480032,1,3,1,5,1,14,10,12,6,1,0,48,1,20,481,20481,31,2003,1GCGK13U03F1,1,G,C,G,K,1,3,U,0,3,F,1,0,T,CHEV,1KH,CW,3,17,,2,0,1530,SIL,G,,,8,364,,,,B,5763,00,,44,0,0,000000000,00000000000,0,0,0,1,0,0,0,0,0,0,0,998,0,0,0,9,9,4,3,12,0,0,0,1,48,75974,6,1,0,0,3,3,999,999,0,0,0,0,0,0,0,0,0,0,38,0,0,0,0,0,0,0,0,0,0,0,0,11,98,1,1,7,82,1,0
48,480032,2,3,1,5,1,14,10,12,6,1,0,93,3,85,881,85881,66,1998,1XKDDU9X4WR7,1,X,K,D,D,U,9,X,4,W,R,7,0,T,KW,T80,TR,98,17,,8,2600,1600,CON,D,,,6,733,,,,,00000,00,,64,0,57,853312,57853312,3,5,96,1,0,0,0,0,0,0,0,998,0,0,0,12,12,2,3,12,0,0,0,1,48,75633,6,1,6,0,3,0,999,999,0,0,0,0,0,0,0,0,0,0,0,0,0,0,1,4,55,2,1,8,1,0,0,14,72,3,2,1,83,0,0
48,480032,3,3,1,5,1,14,10,12,6,1,0,48,1,12,422,12422,15,2001,1FMRU15L31LA,1,F,M,R,U,1,5,L,3,1,L,A,0,P,FORD,EPT,UT,1,17,4886,,0,1191,,G,,F,8,330,,,16R255,,,,,,0,0,000000000,00000000000,0,0,0,1,0,0,0,0,0,0,0,998,0,0,0,2,2,2,1,12,0,0,0,1,48,75643,6,1,0,0,3,3,999,999,0,0,0,0,0,0,0,0,0,0,0,0,0,0,1,4,55,2,1,8,1,0,0,14,61,3,2,1,98,0,0
48,480033,1,2,1,5,1,8,38,12,6,1,0,48,1,7,482,7482,31,2008,1D7HA18N08S5,1,D,7,H,A,1,8,N,0,8,S,5,0,T,DODG,SQ1,CW,8,17,,2,1605,1405,RPC,G,,,8,287,,,,B,4889,00,E,42,0,0,000000000,00000000000,0,0,0,1,0,0,0,0,0,0,0,998,0,0,0,11,11,6,2,12,0,0,0,1,48,78653,6,1,0,0,3,0,999,999,0,0,0,1,0,11,2008,11,2008,1,51,0,0,0,1,2,50,2,1,8,2,0,0,14,10,1,1,2,64,1,0
48,480033,2,2,1,5,1,8,38,12,6,1,0,48,1,82,881,82881,63,1997,1FUYDDYB9VL7,1,F,U,Y,D,D,Y,B,9,V,L,7,0,T,FRHT,FLD,TR,97,17,,8,0,0,CON,D,,,6,855,,,,,00000,00,,64,0,57,2038927,572038927,3,2,4,1,0,0,0,0,0,0,0,998,0,0,0,11,11,6,2,12,0,0,0,1,48,78660,6,1,6,0,3,0,999,999,0,2,0,0,2,10,2008,3,2010,0,0,0,0,0,1,2,50,1,1,8,2,0,0,1,62,9,2,1,65,0,0
48,480034,1,1,1,6,1,6,2,8,0,1,0,48,3,84,881,84881,62,2000,1HTSCABM7YH3,1,H,T,S,C,A,B,M,7,Y,H,3,0,T,INTL,470,CC,0,17,,6,2540,1280,40S,D,,,8,444,,,,,00000,00,,42,0,88,888888888,88888888888,2,1,1,1,0,0,0,0,0,0,0,998,0,0,0,10,10,2,1,8,0,0,0,1,48,78405,6,1,0,0,3,3,999,999,0,0,0,0,0,0,0,0,0,0,0,0,0,0,1,2,45,1,1,8,1,0,0,1,80,1,1,1,13,0,0
48,480035,1,1,1,6,1,13,54,1,0,1,0,48,1,12,471,12471,30,1988,1FTCR14T3JPC,1,F,T,C,R,1,4,T,3,J,P,C,0,T,FORD,RNS,PC,88,17,,1,0,1250,RNG,G,,,6,177,,,,B,2988,00,A,42,0,0,000000000,00000000000,0,0,0,1,0,0,0,0,0,0,0,998,0,2,5,0,0,6,2,1,0,0,0,1,48,76940,6,1,0,0,3,0,999,999,0,0,0,0,0,0,0,0,0,1,58,0,0,0,1,2,70,3,1,8,1,0,0,6,13,6,1,4,6,1,1
48,480036,1,1,1,7,1,20,39,42,0,1,0,48,2,35,43,35043,4,2006,3N1CB51D16L5,3,N,1,C,B,5,1,D,1,6,L,5,0,P,NISS,S18,4D,6,17,2509,,0,998,,G,,F,4,108,,,15R195,,,,,,0,0,000000000,00000000000,0,0,0,1,0,0,0,0,0,0,0,998,0,0,0,9,9,6,2,42,0,0,0,1,48,78589,6,1,0,0,3,3,999,999,0,0,0,0,0,0,0,0,0,1,58,0,0,0,2,2,65,1,1,8,1,0,0,1,12,6,9,4,6,1,0
48,480037,1,2,1,7,1,15,18,12,6,1,0,48,1,18,20,18020,4,1994,2G4WB55L0R14,2,G,4,W,B,5,5,L,0,R,1,4,0,P,BUIC,RGC,4D,94,17,3240,,0,1075,,G,,F,6,231,,,15R205,,,,,,0,0,000000000,00000000000,0,0,0,1,0,0,0,0,0,0,0,998,0,0,0,10,10,6,2,12,0,0,0,1,48,76801,6,1,0,0,3,3,999,999,0,0,0,0,0,0,0,0,0,0,48,0,0,0,1,2,98,8,8,8,1,20,3,12,15,1,1,2,98,1,0
48,480037,2,2,2,7,1,15,18,12,6,1,0,48,2,2,403,2403,14,2005,1J4FA49S25P3,1,J,4,F,A,4,9,S,2,5,P,3,0,T,JEEP,SPW,2W,5,17,,1,0,934,W/T,G,,,6,244,,,,,3366,00,E,44,0,0,000000000,00000000000,0,0,0,1,0,0,0,0,0,0,0,998,0,0,0,12,12,4,3,12,0,0,0,1,48,76857,6,1,0,0,3,3,999,999,1,1,0,0,0,11,2008,2,2009,0,0,0,0,0,2,4,70,1,1,8,1,0,0,1,67,1,1,1,98,0,0
48,480038,1,1,1,7,1,9,5,8,0,1,1,48,2,35,471,35471,30,1996,1N6SD11S0TC3,1,N,6,S,D,1,1,S,0,T,C,3,0,T,NISS,XES,PK,96,17,,1,0,1043,TRK,G,,,4,146,,,,B,00000,00,M,42,0,0,000000000,00000000000,0,0,0,1,0,0,0,0,0,0,0,998,0,0,0,12,12,4,3,8,0,0,0,1,48,75243,0,0,0,0,0,0,999,999,0,0,0,0,0,0,0,0,0,0,92,0,0,0,3,4,60,1,1,8,1,0,0,1,80,3,2,1,13,0,0
48,480039,1,1,2,7,1,23,25,8,0,1,0,48,2,49,40,49040,4,2005,4T1BE32K55U9,4,T,1,B,E,3,2,K,5,5,U,9,0,P,TOYT,XLL,4D,5,17,3108,,0,1071,,G,,F,4,144,,,15R205,,,,,,0,0,000000000,00000000000,0,0,0,1,0,0,0,0,0,0,0,998,0,0,0,12,12,2,3,8,0,0,0,1,48,77479,6,1,0,0,3,0,999,999,0,0,0,0,1,1,2009,1,2009,0,0,0,0,0,5,6,50,1,1,8,1,0,0,1,80,1,1,1,13,0,0
48,480040,1,2,1,7,1,17,42,12,6,1,0,22,1,12,481,12481,31,2005,1FTSW21P15ED,1,F,T,S,W,2,1,P,1,5,E,D,0,T,FORD,F2S,CW,5,17,,2,1724,1562,SRW,D,,,8,366,,,,C,6538,00,E,44,0,0,000000000,00000000000,0,0,0,1,0,0,0,0,0,0,0,998,0,0,0,12,12,6,2,12,0,0,0,1,22,71404,6,1,6,0,3,0,73,230,0,2,0,0,0,1,2009,2,2009,0,38,39,0,0,2,2,98,3,8,8,1,20,3,14,17,1,1,1,88,0,0
48,480040,2,2,2,7,1,17,42,12,6,1,0,48,2,20,431,20431,16,1993,1GNEC16K4PJ3,1,G,N,E,C,1,6,K,4,P,J,3,0,P,CHEV,C15,UT,93,17,4677,,0,1315,,G,,F,8,350,,,15R235,,,,,,0,0,000000000,00000000000,0,0,0,1,0,0,0,0,0,0,0,998,0,0,0,9,9,6,2,12,0,0,0,1,48,75951,6,1,0,0,3,0,999,999,0,0,0,0,0,0,0,0,0,0,0,0,0,0,2,1,50,1,2,8,1,0,0,1,66,1,1,1,89,1,0