STATE,ST_CASE,VEH_NO,VE_FORMS,NUMOCCS,DAY,MONTH,HOUR,MINUTE,HARM_EV,MAN_COLL,UNITTYPE,HIT_RUN,REG_STAT,OWNER,MAKE,MODEL,MAK_MOD,BODY_TYP,MOD_YEAR,VIN,VIN_1,VIN_2,VIN_3,VIN_4,VIN_5,VIN_6,VIN_7,VIN_8,VIN_9,VIN_10,VIN_11,VIN_12,TOW_VEH,VINTYPE,VINMAKE,VINA_MOD,VIN_BT,VINMODYR,VIN_LNGT,VIN_WGT,WGTCD_TR,WHLBS_LG,WHLBS_SH,SER_TR,FUELCODE,MCYCL_DS,CARBUR,CYLINDER,DISPLACE,MCYCL_CY,MCYCL_WT,TIRE_SZE,TON_RAT,TRK_WT,TRKWTVAR,VIN_REST,WHLDRWHL,J_KNIFE,MCARR_I1,MCARR_I2,MCARR_ID,GVWR,V_CONFIG,CARGO_BT,HAZ_INV,HAZ_PLAC,HAZ_ID,HAZ_CNO,HAZ_REL,BUS_USE,SPEC_USE,EMER_USE,TRAV_SP,UNDERIDE,ROLLOVER,ROLINLOC,IMPACT1,IMPACT2,DEFORMED,TOWED,M_HARM,VEH_SC1,VEH_SC2,FIRE_EXP,DR_PRES,L_STATE,DR_ZIP,L_STATUS,L_TYPE,CDL_STAT,L_ENDORS,L_COMPL,L_RESTRI,DR_HGT,DR_WGT,PREV_ACC,PREV_SUS,PREV_DWI,PREV_SPD,PREV_OTH,FIRST_MO,FIRST_YR,LAST_MO,LAST_YR,SPEEDREL,DR_SF1,DR_SF2,DR_SF3,DR_SF4,VTRAFWAY,VNUM_LAN,VSPD_LIM,VALIGN,VPROFILE,VPAVETYP,VSURCOND,VTRAFCON,VTCONT_F,P_CRASH1,P_CRASH2,P_CRASH3,PCRASH4,PCRASH5,ACC_TYPE,DEATHS,DR_DRINK
48,480041,1,1,1,7,1,13,54,59,0,1,0,48,1,54,32,54032,4,1992,JH4KA7664NC0,J,H,4,K,A,7,6,6,4,N,C,0,0,P,ACUR,LEL,4D,92,17,3170,,0,1146,,G,,F,6,196,,,15R205,,,,,,0,0,000000000,00000000000,0,0,0,1,0,0,0,0,0,0,0,998,0,1,5,10,10,6,2,59,0,0,0,1,48,78405,6,1,0,0,3,0,999,999,0,0,0,0,0,0,0,0,0,0,0,0,0,0,2,2,70,1,2,8,1,0,0,1,13,1,1,4,1,1,0
48,480042,1,2,1,7,1,21,7,12,2,1,0,48,1,20,481,20481,31,1991,2GCEC19K4M12,2,G,C,E,C,1,9,K,4,M,1,2,0,T,CHEV,GC1,PC,91,17,,2,1555,1415,GM4,G,,,8,350,,,,B,00000,00,,42,0,0,000000000,00000000000,0,0,0,1,0,0,0,0,0,0,0,998,0,1,5,12,12,6,2,12,0,0,0,1,48,76550,6,1,0,0,3,0,999,999,0,0,0,0,0,0,0,0,0,0,51,0,0,0,1,4,65,1,1,8,1,0,0,1,10,1,1,2,50,1,1
48,480042,2,2,1,7,1,21,7,12,2,1,0,48,1,20,421,20421,15,2005,1GNEC13T95R1,1,G,N,E,C,1,3,T,9,5,R,1,0,P,CHEV,CTA,UT,5,17,4975,,0,1160,,G,,F,8,325,,,16R265,,,,,,0,0,000000000,00000000000,0,0,0,1,0,0,0,0,0,0,0,998,0,0,0,12,12,6,2,12,0,0,0,1,48,76527,6,1,0,0,3,0,999,999,0,0,0,0,1,8,2009,8,2009,0,0,0,0,0,1,4,65,1,1,8,1,0,0,1,62,1,1,1,51,0,0
48,480043,1,2,2,8,1,15,15,12,6,1,1,48,1,7,43,7043,2,2004,4B3AG42G34E1,4,B,3,A,G,4,2,G,3,4,E,1,0,P,DODG,SRX,CP,4,17,2950,,0,1037,,G,,F,4,146,,,16R205,,,,,,0,0,000000000,00000000000,0,0,0,1,0,0,0,0,0,0,0,998,0,0,0,9,9,2,1,12,0,0,0,1,48,77078,0,0,0,0,0,0,999,999,0,6,1,0,0,3,2009,9,2010,0,35,92,0,0,1,2,30,1,1,1,1,0,0,6,10,1,1,2,48,0,0
48,480043,2,2,1,8,1,15,15,12,6,1,0,48,0,37,705,37705,80,2003,JH2PC37063M0,J,H,2,P,C,3,7,0,6,3,M,0,0,M,HOND,B60,RC,3,17,,,,,,,599,,4,,4,370,,,,,,,0,0,000000000,00000000000,0,0,0,1,0,0,0,0,0,0,0,998,0,0,0,12,12,4,3,12,0,0,0,1,48,77078,6,1,0,0,3,0,999,999,0,0,0,2,0,6,2008,9,2008,0,0,0,0,0,1,2,30,1,1,1,1,0,0,6,60,1,1,2,48,1,0
48,480044,1,1,2,8,1,19,10,8,0,1,0,48,1,49,40,49040,4,2010,1NXBU4EE3AZ2,1,N,X,B,U,4,E,E,3,A,Z,2,0,P,TOYT,CBL,4D,10,17,2723,,0,1024,,G,,F,4,110,,,15R195,,,,,,0,0,000000000,00000000000,0,0,0,1,0,0,0,0,0,0,0,998,0,0,0,12,12,4,3,8,0,0,0,1,48,76701,6,1,0,0,3,3,999,999,0,0,0,0,0,0,0,0,0,0,0,0,0,0,2,3,65,1,1,8,1,0,0,1,80,1,1,1,13,0,0
48,480045,1,2,1,8,1,2,11,12,2,1,0,48,2,53,40,53040,5,2008,JS2YC4159851,J,S,2,Y,C,4,1,5,9,8,5,1,0,P,SUZI,SX2,4D,8,17,2668,,0,984,,G,,F,4,122,,,17R205,,,,,,0,0,000000000,00000000000,0,0,0,1,0,0,0,0,0,0,0,998,0,0,0,12,12,6,2,12,0,0,0,1,48,78016,6,1,0,0,3,3,999,999,0,0,0,0,0,0,0,0,0,0,51,0,0,0,2,2,65,1,1,8,1,0,0,1,54,1,1,1,52,1,1
48,480045,2,2,2,8,1,2,11,12,2,1,0,48,1,20,16,20016,2,2005,1G1JH12F4571,1,G,1,J,H,1,2,F,4,5,7,1,0,P,CHEV,CLP,CP,5,17,2749,,0,1041,,G,,F,4,134,,,16R205,,,,,,0,0,000000000,00000000000,0,0,0,1,0,0,0,0,0,0,0,998,0,0,0,12,12,6,2,12,0,0,0,1,48,78258,6,1,0,0,3,0,999,999,0,0,0,0,0,0,0,0,0,0,0,0,0,0,2,2,65,1,1,8,1,0,0,1,54,1,1,1,52,0,0
48,480046,1,3,1,8,1,11,49,12,1,1,0,48,2,20,481,20481,31,2000,2GCEC19T8Y14,2,G,C,E,C,1,9,T,8,Y,1,4,0,T,CHEV,SC1,3C,0,17,,2,1575,1435,SIL,G,,,8,325,,,,B,4134,03,,42,0,0,000000000,00000000000,0,0,0,1,0,0,0,0,0,0,0,998,0,0,0,12,12,4,3,12,0,0,0,1,48,77493,6,1,0,0,3,3,999,999,0,0,0,0,0,0,0,0,0,1,0,0,0,0,1,2,70,1,1,8,1,0,0,1,50,1,1,1,20,0,0
48,480046,2,3,1,8,1,11,49,12,1,1,0,48,1,21,2,21002,4,1990,1G3HN54C9L18,1,G,3,H,N,5,4,C,9,L,1,8,0,P,OLDS,DRF,4D,90,17,3105,,0,1108,,G,,F,6,231,,,14R205,,,,,,0,0,000000000,00000000000,0,0,0,1,0,0,0,0,0,0,0,0,0,0,0,6,6,6,2,12,0,0,0,1,48,75935,6,1,0,0,3,0,999,999,0,0,0,0,0,0,0,0,0,0,0,0,0,0,1,2,70,1,1,8,1,0,0,5,53,1,1,1,22,1,0
48,480046,3,3,3,8,1,11,49,12,1,1,0,48,1,20,481,20481,31,1994,1GCDC14Z7RZ2,1,G,C,D,C,1,4,Z,7,R,Z,2,0,T,CHEV,GC1,PK,94,17,,1,1315,1175,GM4,G,,,6,262,,,,B,3675,02,,42,0,0,000000000,00000000000,0,0,0,1,0,0,0,0,0,0,0,998,0,0,0,12,12,4,3,12,0,0,0,1,48,75973,6,1,0,0,3,0,999,999,0,0,0,0,1,11,2010,11,2010,0,0,0,0,0,1,2,70,1,1,8,1,0,0,1,62,1,1,1,98,0,0
48,480047,1,1,1,9,1,12,29,42,0,1,0,48,1,37,32,37032,2,1999,1HGCG2250XA0,1,H,G,C,G,2,2,5,0,X,A,0,0,P,HOND,UEX,CP,99,17,3241,,0,1051,,G,,F,6,183,,,16R205,,,,,,0,0,000000000,00000000000,0,0,0,1,0,0,0,0,0,0,0,998,0,0,0,9,9,6,2,42,0,0,0,1,48,75766,6,1,0,0,3,3,999,999,0,0,0,0,0,0,0,0,0,1,87,0,0,0,2,2,55,1,2,8,10,0,0,1,5,7,3,4,2,1,0
48,480048,1,2,2,9,1,18,21,8,0,1,0,48,1,12,481,12481,31,2007,1FTRW12WX7KD,1,F,T,R,W,1,2,W,X,7,K,D,0,T,FORD,F1S,CW,7,17,,2,0,1390,COF,G,,,8,281,,,,B,5176,01,E,42,0,0,000000000,00000000000,0,0,0,1,0,0,0,0,0,0,0,998,0,0,0,11,11,2,3,8,0,0,0,1,48,79936,6,1,0,0,3,0,999,999,0,0,0,0,0,0,0,0,0,0,0,0,0,0,5,4,50,1,2,8,1,0,0,1,80,1,1,1,13,0,0
48,480048,2,2,99,9,1,18,21,8,0,1,1,99,9,99,999,99999,99,9999,999999999999,9,9,9,9,9,9,9,9,9,9,9,9,0,,,,,,,,,,,,,,,,,,,,,,,,,0,0,000000000,00000000000,0,0,0,1,0,0,0,0,0,0,0,998,0,0,0,14,14,9,1,8,0,0,0,1,99,99999,9,9,99,0,9,9,999,999,99,99,99,99,99,99,9999,99,9999,0,0,0,0,0,5,4,50,1,2,8,1,0,0,1,80,99,1,1,98,0,0
48,480049,1,2,1,9,1,14,22,12,6,1,0,48,2,12,401,12401,14,1995,1FMCU22X7SUC,1,F,M,C,U,2,2,X,7,S,U,C,0,P,FORD,EPR,UT,95,17,3646,,0,1017,,G,,F,6,245,,,15R225,,,,,,0,0,000000000,00000000000,0,0,0,1,0,0,0,0,0,0,0,998,0,0,0,12,12,4,3,12,0,0,0,1,48,77031,6,1,0,0,3,3,999,999,0,0,0,0,0,0,0,0,0,0,0,0,0,0,4,3,35,1,2,1,1,3,3,1,66,1,1,1,88,0,0
48,480049,2,2,2,9,1,14,22,12,6,1,0,48,1,12,3,12003,1,2006,1ZVFT84N8652,1,Z,V,F,T,8,4,N,8,6,5,2,0,P,FORD,MUS,CV,6,17,3477,,0,1071,,G,,F,6,244,,,16R215,,,,,,0,0,000000000,00000000000,0,0,0,1,0,0,0,0,0,0,0,998,0,0,0,9,9,4,3,12,0,0,0,1,48,77459,6,1,0,0,3,3,999,999,0,0,0,0,0,0,0,0,0,0,38,39,0,0,4,3,98,8,8,1,1,3,3,1,17,1,1,1,89,1,0
48,480050,1,2,2,9,1,16,10,12,6,1,0,1,2,12,481,12481,31,2003,1FTNX20P33EC,1,F,T,N,X,2,0,P,3,3,E,C,0,T,FORD,F2S,4C,3,17,,2,1580,1418,SRW,D,,,8,366,,,,C,5585,02,U,42,0,0,000000000,00000000000,0,0,0,1,0,0,0,0,0,0,0,998,0,0,0,12,12,4,3,12,0,0,0,1,48,77479,0,0,0,0,0,0,999,999,0,0,0,0,0,0,0,0,0,0,38,39,91,0,4,3,98,8,8,1,1,3,3,1,17,1,1,1,86,0,0
48,480050,2,2,2,9,1,16,10,12,6,1,0,48,2,24,1,24001,4,1999,1G8ZK5274XZ3,1,G,8,Z,K,5,2,7,4,X,Z,3,0,P,STRN,SL2,4D,99,17,2418,,0,1024,,G,,F,4,116,,,15R185,,,,,,0,0,000000000,00000000000,0,0,0,1,0,0,0,0,0,0,0,998,0,0,0,3,3,6,2,12,0,0,0,1,48,77459,6,1,0,0,3,0,999,999,0,0,0,1,0,7,2009,7,2009,0,0,0,0,0,2,2,35,1,1,1,1,3,3,1,66,1,1,1,87,1,0
48,480051,1,2,1,9,1,1,55,12,6,1,0,48,1,7,24,7024,4,2007,2B3KA43G37H7,2,B,3,K,A,4,3,G,3,7,H,7,0,P,DODG,CTL,4D,7,17,3720,,0,1200,,G,,F,6,214,,,17R215,,,,,,0,0,000000000,00000000000,0,0,0,1,0,0,0,0,0,0,0,998,0,0,0,7,4,4,3,12,0,0,0,1,48,77489,6,1,0,0,3,3,999,999,0,0,0,0,0,0,0,0,0,0,38,0,0,0,0,0,0,0,0,0,0,0,0,10,16,1,1,1,78,0,0
48,480051,2,2,1,9,1,1,55,12,6,1,0,48,1,35,43,35043,4,2008,3N1AB61E78L7,3,N,1,A,B,6,1,E,7,8,L,7,0,P,NISS,SL2,4D,8,17,2804,,0,1057,,G,,F,4,122,,,15R205,,,,,,0,0,000000000,00000000000,0,0,0,1,0,0,0,0,0,0,0,998,0,1,3,1,1,6,2,1,0,0,0,1,48,77550,6,1,0,0,3,0,999,999,1,0,0,0,0,8,2008,8,2008,0,0,0,0,0,4,2,45,1,1,8,1,0,0,1,70,1,1,1,79,1,1
48,480052,1,1,1,10,1,3,15,32,0,1,0,48,2,12,481,12481,31,2002,1FTSW31F12EA,1,F,T,S,W,3,1,F,1,2,E,A,0,T,FORD,F3S,CW,2,17,,2,1724,1562,SRW,D,,,8,444,,,,D,6228,04,E,44,0,0,000000000,00000000000,0,0,0,1,0,0,0,0,0,0,0,998,0,1,5,12,82,6,2,42,0,0,0,1,96,78245,9,9,99,9,9,9,999,999,99,99,99,99,99,99,9999,99,9999,1,0,0,0,0,1,2,35,3,1,8,1,0,0,14,13,1,1,4,1,1,1
48,480053,1,1,1,10,1,7,45,35,0,1,0,48,1,12,13,12013,4,1997,1FALP10P6VW3,1,F,A,L,P,1,0,P,6,V,W,3,0,P,FORD,ESC,4D,97,17,2457,,0,984,,G,,F,4,122,,,14R185,,,,,,0,0,000000000,00000000000,0,0,0,1,0,0,0,0,0,0,0,998,0,0,0,12,12,4,3,35,0,0,0,1,48,77026,6,1,0,0,3,3,999,999,0,0,0,0,0,0,0,0,0,1,41,0,0,0,2,4,35,1,1,1,1,98,3,1,14,11,1,4,14,1,0
48,480055,1,1,1,10,1,15,30,42,0,1,0,48,1,12,481,12481,31,2003,1FTRW07L43KD,1,F,T,R,W,0,7,L,4,3,K,D,0,T,FORD,F1S,CW,3,17,,2,0,1385,COF,G,,,8,330,,,,B,4655,00,U,42,0,0,000000000,00000000000,0,0,0,1,0,0,0,0,0,0,0,70,0,0,0,12,12,6,2,42,0,0,0,1,48,77302,6,1,0,0,3,0,999,999,0,3,0,1,0,11,2008,6,2010,1,0,0,0,0,1,2,40,3,1,8,1,0,0,14,13,6,1,4,6,1,0
48,480056,1,1,3,10,1,1,5,1,0,1,0,48,1,20,403,20403,14,2006,1GNET13H6623,1,G,N,E,T,1,3,H,6,6,2,3,0,P,CHEV,TRL,UT,6,17,4594,,0,1130,,G,,F,8,366,,,16R245,,,,,,0,0,000000000,00000000000,0,0,0,1,0,0,0,0,0,0,0,998,0,1,3,0,0,6,2,1,0,0,0,1,48,78724,6,1,0,0,3,0,999,999,0,0,0,0,0,0,0,0,0,1,0,0,0,0,2,6,40,1,1,8,1,0,0,3,6,1,7,4,7,1,1
48,480057,1,1,1,11,1,5,37,8,0,1,0,48,2,35,471,35471,30,1997,1N6SD11S8VC3,1,N,6,S,D,1,1,S,8,V,C,3,0,T,NISS,XES,PK,97,17,,1,0,1043,TRK,G,,,4,146,,,,B,2718,01,M,42,0,0,000000000,00000000000,0,0,0,1,0,0,0,0,0,0,0,998,0,0,0,12,12,4,1,8,0,0,0,1,48,76501,6,1,0,0,3,0,999,999,0,3,0,0,0,1,2008,2,2008,0,0,0,0,0,1,4,30,1,2,2,1,0,0,1,80,1,1,1,13,0,0
48,480058,1,2,2,11,1,7,58,12,6,1,0,48,2,37,32,37032,4,2005,JHMCN36415C0,J,H,M,C,N,3,6,4,1,5,C,0,0,P,HOND,AHB,4D,5,17,3501,,0,1079,,B,,F,6,183,,,16R215,,,,,,0,0,000000000,00000000000,0,0,0,1,0,0,0,0,0,0,0,998,0,0,0,12,12,6,2,12,0,0,0,1,48,79936,6,1,0,0,3,3,999,999,0,0,0,0,0,0,0,0,0,0,39,0,0,0,1,4,99,1,1,8,1,3,3,1,17,1,1,1,86,2,0
48,480058,2,2,1,11,1,7,58,12,6,1,0,48,3,90,981,90981,50,2002,1GBM7T1E62J5,1,G,B,M,7,T,1,E,6,2,J,5,0,T,CHEV,B7T,BU,2,17,,7,2737,1567,BSR,G,,,8,494,,,,,00000,00,,42,0,88,888888888,88888888888,3,21,22,1,0,0,0,0,1,0,0,998,0,0,0,4,9,2,3,12,0,0,0,1,48,79927,6,1,6,1,3,0,999,999,0,0,0,0,0,0,0,0,0,0,0,0,0,0,2,4,35,1,1,8,1,3,3,1,66,1,1,1,87,0,0
48,480059,1,1,1,11,1,16,36,8,0,1,0,48,3,12,881,12881,61,2003,1FDAF57P03EC,1,F,D,A,F,5,7,P,0,3,E,C,0,T,FORD,F5D,CB,3,17,,5,2010,1410,DRW,D,,,8,366,,,,,00000,00,E,44,0,57,1428233,571428233,2,1,96,1,0,0,0,0,0,0,0,998,0,0,0,12,12,2,1,8,0,0,0,1,48,78133,6,1,6,0,3,0,999,999,0,1,0,0,0,7,2010,7,2010,0,38,0,0,0,1,9,30,9,9,8,99,99,9,11,15,1,1,1,13,0,0
48,480060,1,1,1,11,1,16,4,30,0,1,0,48,1,2,405,2405,14,2004,1J4GL48KX4W1,1,J,4,G,L,4,8,K,X,4,W,1,0,T,JEEP,SPR,4W,4,17,,1,0,1043,LIB,G,,,6,226,,,,,3656,01,E,44,0,0,000000000,00000000000,0,0,0,1,0,0,0,0,0,0,0,998,0,0,0,12,12,4,3,30,0,0,0,1,48,78572,6,1,0,0,3,0,999,999,0,0,0,0,0,0,0,0,0,1,0,0,0,0,5,4,55,1,1,8,1,0,0,1,13,1,1,4,1,1,0
48,480061,1,1,1,11,1,1,45,30,0,1,0,48,2,7,482,7482,31,2007,1D7HA18297S1,1,D,7,H,A,1,8,2,9,7,S,1,0,T,DODG,SQ1,CW,7,17,,2,1605,1405,RPC,G,,,8,348,,,,B,4954,02,E,42,0,0,000000000,00000000000,0,0,0,1,0,0,0,0,0,0,0,998,0,1,3,9,0,6,2,1,0,0,0,1,48,79606,6,1,0,0,3,3,999,999,0,0,0,0,0,0,0,0,0,0,58,0,0,0,2,4,65,2,1,8,1,0,0,14,12,7,3,4,7,1,1
48,480062,1,1,2,12,1,18,44,42,0,1,0,48,2,12,3,12003,2,2011,1ZVBP8CF1B51,1,Z,V,B,P,8,C,F,1,B,5,1,0,P,FORD,MGT,CP,11,17,3533,,0,1071,,G,,F,8,305,,,18R235,,,,,,0,0,000000000,00000000000,0,0,0,1,0,0,0,0,0,0,0,998,0,0,0,13,13,6,2,42,0,0,0,1,48,77632,6,7,0,0,3,2,67,130,0,0,0,0,0,0,0,0,0,1,73,0,0,0,1,2,40,3,1,8,1,0,0,14,13,1,1,4,1,1,0
48,480063,1,1,1,13,1,0,51,14,0,1,0,48,2,37,31,37031,2,2005,1HGEM220X5L0,1,H,G,E,M,2,2,0,X,5,L,0,0,P,HOND,UAX,CP,5,17,2657,,0,1031,,G,,F,4,102,,,15R195,,,,,,0,0,000000000,00000000000,0,0,0,1,0,0,0,0,0,0,0,998,0,0,0,11,12,4,3,23,0,0,0,1,48,78240,6,1,0,0,3,0,999,999,1,0,0,0,0,6,2008,6,2008,1,0,0,0,0,1,2,30,1,1,8,1,0,0,1,12,1,1,4,11,1,1
48,480064,1,1,1,14,1,14,53,32,0,1,0,48,1,20,481,20481,31,2004,1GBJK33274F1,1,G,B,J,K,3,3,2,7,4,F,1,0,T,CHEV,SK3,CW,4,17,,3,0,1670,SIL,D,,,8,403,,,,D,6459,00,,44,0,0,000000000,00000000000,0,0,0,1,0,0,0,0,0,0,0,998,0,0,0,12,12,6,2,32,0,0,0,1,48,76455,6,1,0,0,3,0,999,999,0,0,0,0,0,0,0,0,0,0,0,0,0,0,1,2,70,1,1,8,1,0,0,1,13,1,1,4,1,1,0
48,480065,1,1,1,14,1,1,0,39,0,1,0,48,3,20,481,20481,31,2006,1GCEK19T46Z1,1,G,C,E,K,1,9,T,4,6,Z,1,0,T,CHEV,SK1,4C,6,17,,2,1575,1340,SIL,G,,,8,323,,,,B,5050,00,,44,0,0,000000000,00000000000,0,0,0,1,0,0,0,0,0,0,0,998,0,0,0,12,12,9,8,39,0,0,0,1,48,77074,1,1,0,0,2,0,999,999,0,9,0,0,0,8,2008,6,2010,0,50,0,0,0,6,3,45,2,2,1,1,0,0,14,12,1,1,4,6,1,1
48,480066,1,1,99,14,1,2,47,8,0,1,1,99,9,99,999,99999,99,9999,999999999999,9,9,9,9,9,9,9,9,9,9,9,9,0,,,,,,,,,,,,,,,,,,,,,,,,,0,0,000000000,00000000000,0,0,0,1,0,0,0,0,0,0,0,998,9,0,0,12,98,9,8,8,0,0,0,1,99,99999,9,9,99,9,9,9,999,999,99,99,99,99,99,99,9999,99,9999,0,0,0,0,0,4,2,55,1,1,8,1,0,0,1,80,1,1,1,13,0,0
48,480067,1,1,1,15,1,5,7,42,0,1,0,48,2,20,401,20401,14,2000,1GNDT13W4Y21,1,G,N,D,T,1,3,W,4,Y,2,1,0,P,CHEV,BZR,UT,0,17,4049,,0,1070,,G,,F,6,262,,,15R205,,,,,,0,0,000000000,00000000000,0,0,0,1,0,0,0,0,0,0,0,998,0,0,0,10,10,4,3,42,0,0,0,1,48,78223,1,1,0,0,2,0,999,999,0,3,0,0,0,8,2010,8,2010,1,0,0,0,0,1,4,35,1,1,8,2,0,0,1,13,1,1,4,1,1,1
48,480068,1,1,2,15,1,4,29,35,0,1,0,48,2,35,47,35047,4,2006,1N4AL11D56C2,1,N,4,A,L,1,1,D,5,6,C,2,0,P,NISS,ASL,4D,6,17,2915,,0,1102,,G,,F,4,153,,,16R215,,,,,,0,0,000000000,00000000000,0,0,0,1,0,0,0,0,0,0,0,998,0,0,0,14,12,6,2,32,0,0,0,1,51,22802,6,1,0,0,3,0,71,167,0,0,0,0,0,0,0,0,0,1,91,0,0,0,5,4,40,3,1,8,2,0,0,14,12,1,1,4,6,1,1
48,480069,1,4,1,15,1,2,30,12,1,1,0,48,1,12,481,12481,31,2006,1FTRW12W26KD,1,F,T,R,W,1,2,W,2,6,K,D,0,T,FORD,F1S,CW,6,17,,2,0,1390,COF,G,,,8,281,,,,B,5176,01,E,42,0,0,000000000,00000000000,0,0,0,1,0,0,0,0,0,0,0,998,0,0,0,12,12,6,2,12,0,0,0,1,48,77064,6,1,0,0,3,0,999,999,0,0,0,1,0,10,2008,10,2008,1,0,0,0,0,5,6,40,1,1,8,1,3,3,1,50,1,1,1,20,1,1
48,480069,2,4,2,15,1,2,30,12,1,1,0,48,2,12,481,12481,31,2004,1FTRW12W74KB,1,F,T,R,W,1,2,W,7,4,K,B,0,T,FORD,F1S,CW,4,17,,2,1450,1260,COF,G,,,8,281,,,,B,5270,00,U,42,0,0,000000000,00000000000,0,0,0,1,0,0,0,0,0,0,0,0,0,0,0,6,6,6,2,12,0,0,0,1,48,77706,6,1,0,0,3,3,999,999,0,0,0,0,0,0,0,0,0,0,0,0,0,0,5,6,40,1,1,8,1,3,3,5,53,1,1,1,21,1,0
48,480069,3,4,1,15,1,2,30,12,1,1,0,48,2,20,36,20036,2,2007,2G1WK15N4792,2,G,1,W,K,1,5,N,4,7,9,2,0,P,CHEV,M/T,CP,7,17,3461,,0,1105,,G,,F,6,214,,,17R225,,,,,,0,0,000000000,00000000000,0,0,0,1,0,0,0,0,0,0,0,0,0,0,0,6,6,4,3,12,0,0,0,1,48,77065,6,1,0,0,3,0,999,999,0,0,0,0,0,0,0,0,0,0,0,0,0,0,5,6,40,1,1,8,1,3,3,5,53,1,1,1,98,0,0
48,480069,4,4,1,15,1,2,30,12,1,1,0,48,1,49,40,49040,4,1995,4T1SK12E6SU6,4,T,1,S,K,1,2,E,6,S,U,6,0,P,TOYT,CLE,4D,95,17,3086,,0,1031,,G,,F,4,132,,,14R195,,,,,,0,0,000000000,00000000000,0,0,0,1,0,0,0,0,0,0,0,0,0,0,0,81,81,2,1,12,0,0,0,1,48,77086,6,1,0,0,3,0,999,999,0,0,0,0,0,0,0,0,0,0,0,0,0,0,5,6,40,1,1,8,1,3,3,5,61,1,1,1,98,0,0
48,480070,1,2,1,15,1,14,18,12,6,1,0,48,2,35,401,35401,14,2006,5N1AR18U96C6,5,N,1,A,R,1,8,U,9,6,C,6,0,P,NISS,PFI,UT,6,17,4373,,0,1122,,G,,F,6,244,,,16R265,,,,,,0,0,000000000,00000000000,0,0,0,1,0,0,0,0,0,0,0,998,0,0,0,12,12,4,3,12,0,0,0,1,48,77356,6,1,0,0,3,3,999,999,0,0,0,0,0,0,0,0,0,0,0,0,0,0,1,4,40,1,1,8,1,0,0,1,72,6,1,2,83,0,0
48,480070,2,2,1,15,1,14,18,12,6,1,0,48,1,22,20,22020,4,2000,1G2WJ52J8YF2,1,G,2,W,J,5,2,J,8,Y,F,2,0,P,PONT,GFS,4D,0,17,3373,,0,1105,,G,,F,6,191,,,15R205,,,,,,0,0,000000000,00000000000,0,0,0,1,0,0,0,0,0,0,0,998,0,0,0,10,10,4,3,12,0,0,0,1,48,77358,6,1,0,0,3,3,999,999,0,0,0,0,0,0,0,0,0,0,38,0,0,0,1,4,99,1,1,8,1,99,9,11,15,1,1,1,82,1,0
48,480071,1,2,3,16,1,13,20,12,2,1,0,48,1,49,44,49044,2,2001,2T1CG22PX1C5,2,T,1,C,G,2,2,P,X,1,C,5,0,P,TOYT,CRE,CP,1,17,3120,,0,1051,,G,,F,4,132,,,15R205,,,,,,0,0,000000000,00000000000,0,0,0,1,0,0,0,0,0,0,0,998,0,0,0,12,12,6,2,12,0,0,0,1,48,77875,6,1,0,0,3,0,999,999,0,0,0,0,0,0,0,0,0,0,0,0,0,0,5,4,70,1,1,8,6,0,0,1,62,1,1,1,51,1,0
48,480071,2,2,1,16,1,13,20,12,2,1,0,48,1,7,482,7482,31,2005,1D7HA18D65J5,1,D,7,H,A,1,8,D,6,5,J,5,0,T,DODG,SQ1,CW,5,17,,2,1605,1405,RPC,G,,,8,348,,,,B,4620,03,E,42,0,0,000000000,00000000000,0,0,0,1,0,0,0,0,0,0,0,998,0,1,1,12,12,6,2,12,0,0,0,1,48,77861,6,1,6,0,3,3,999,999,0,0,0,0,0,0,0,0,0,1,0,0,0,0,5,4,70,1,1,8,6,0,0,1,6,1,2,2,50,0,0
48,480072,1,1,1,16,1,1,20,8,0,1,1,48,1,35,39,35039,4,2004,1N4BA41E44C8,1,N,4,B,A,4,1,E,4,4,C,8,0,P,NISS,MEL,4D,4,17,3310,,0,1112,,G,,F,6,214,,,17R225,,,,,,0,0,000000000,00000000000,0,0,0,1,0,0,0,0,0,0,0,998,0,0,0,12,12,2,1,8,0,0,0,1,48,75235,6,1,0,0,3,0,999,999,0,0,0,0,0,0,0,0,0,0,0,0,0,0,1,2,40,1,1,8,1,0,0,1,13,99,9,4,1,0,1
48,480073,1,1,1,16,1,2,35,8,0,1,0,93,3,85,881,85881,66,2006,1XKWDB9X06R1,1,X,K,W,D,B,9,X,0,6,R,1,1,T,KW,W90,TR,6,17,,8,2850,1600,CON,D,,,6,893,,,,,00000,00,,64,1,57,270179,57270179,3,6,28,1,0,0,0,0,0,0,0,998,0,0,0,12,12,2,1,8,0,0,0,1,35,88030,6,1,6,1,3,1,67,190,98,0,0,0,2,6,2009,1,2010,0,0,0,0,0,3,3,60,1,1,8,1,0,0,1,80,1,1,1,13,0,0
48,480074,1,1,1,16,1,5,49,1,0,1,0,48,2,14,401,14401,14,1997,4M2DU52P6VUJ,4,M,2,D,U,5,2,P,6,V,U,J,0,P,MERC,MOU,UT,97,17,3930,,0,1120,,G,,F,8,302,,,15R235,,,,,,0,0,000000000,00000000000,0,0,0,1,0,0,0,0,0,0,0,100,0,2,5,0,9,4,3,3,0,0,0,1,48,77521,0,0,0,0,0,0,999,999,0,0,0,0,0,0,0,0,0,1,37,0,0,0,1,2,99,2,1,8,2,0,0,14,6,1,3,4,7,1,0