STATE,ST_CASE,VEH_NO,VE_FORMS,NUMOCCS,DAY,MONTH,HOUR,MINUTE,HARM_EV,MAN_COLL,UNITTYPE,HIT_RUN,REG_STAT,OWNER,MAKE,MODEL,MAK_MOD,BODY_TYP,MOD_YEAR,VIN,VIN_1,VIN_2,VIN_3,VIN_4,VIN_5,VIN_6,VIN_7,VIN_8,VIN_9,VIN_10,VIN_11,VIN_12,TOW_VEH,VINTYPE,VINMAKE,VINA_MOD,VIN_BT,VINMODYR,VIN_LNGT,VIN_WGT,WGTCD_TR,WHLBS_LG,WHLBS_SH,SER_TR,FUELCODE,MCYCL_DS,CARBUR,CYLINDER,DISPLACE,MCYCL_CY,MCYCL_WT,TIRE_SZE,TON_RAT,TRK_WT,TRKWTVAR,VIN_REST,WHLDRWHL,J_KNIFE,MCARR_I1,MCARR_I2,MCARR_ID,GVWR,V_CONFIG,CARGO_BT,HAZ_INV,HAZ_PLAC,HAZ_ID,HAZ_CNO,HAZ_REL,BUS_USE,SPEC_USE,EMER_USE,TRAV_SP,UNDERIDE,ROLLOVER,ROLINLOC,IMPACT1,IMPACT2,DEFORMED,TOWED,M_HARM,VEH_SC1,VEH_SC2,FIRE_EXP,DR_PRES,L_STATE,DR_ZIP,L_STATUS,L_TYPE,CDL_STAT,L_ENDORS,L_COMPL,L_RESTRI,DR_HGT,DR_WGT,PREV_ACC,PREV_SUS,PREV_DWI,PREV_SPD,PREV_OTH,FIRST_MO,FIRST_YR,LAST_MO,LAST_YR,SPEEDREL,DR_SF1,DR_SF2,DR_SF3,DR_SF4,VTRAFWAY,VNUM_LAN,VSPD_LIM,VALIGN,VPROFILE,VPAVETYP,VSURCOND,VTRAFCON,VTCONT_F,P_CRASH1,P_CRASH2,P_CRASH3,PCRASH4,PCRASH5,ACC_TYPE,DEATHS,DR_DRINK
48,480075,1,2,1,16,1,6,15,12,6,1,1,48,1,12,481,12481,31,2004,1FTRX12W74NB,1,F,T,R,X,1,2,W,7,4,N,B,0,T,FORD,F15,4C,4,17,,2,1450,1260,COF,G,,,8,281,,,,B,5170,00,U,42,0,0,000000000,00000000000,0,0,0,1,0,0,0,0,0,0,0,998,0,0,0,12,12,6,2,12,0,0,0,1,48,77659,0,0,0,0,0,0,999,999,0,0,0,0,0,0,0,0,0,0,51,0,0,0,2,4,65,1,1,8,2,0,0,1,54,7,1,2,64,0,1
48,480075,2,2,2,16,1,6,15,12,6,1,0,48,1,20,421,20421,15,2004,1GNDS13S2422,1,G,N,D,S,1,3,S,2,4,2,2,0,P,CHEV,TRL,UT,4,17,4425,,0,1130,,G,,F,6,256,,,16R245,,,,,,0,0,000000000,00000000000,0,0,0,1,0,0,0,0,0,0,0,998,0,1,3,3,3,6,2,1,0,0,0,1,48,77706,6,1,0,0,3,0,999,999,0,0,0,0,0,0,0,0,0,0,0,0,0,0,2,4,65,1,1,8,2,0,0,1,54,6,1,2,65,2,0
48,480076,1,1,1,17,1,6,50,31,0,1,0,48,2,53,706,53706,80,2002,JS1GV77A4221,J,S,1,G,V,7,7,A,4,2,2,1,0,M,SUZI,G/S,RS,2,17,,,,,,,1157,,4,,4,999,,,,,,,0,0,000000000,00000000000,0,0,0,1,0,0,0,0,0,0,0,100,0,0,0,10,10,6,2,31,0,0,0,1,48,78223,6,1,0,0,3,0,999,999,0,0,0,0,0,0,0,0,0,1,0,0,0,0,3,2,70,1,1,8,2,0,0,1,6,1,1,4,6,1,1
48,480077,1,1,1,17,1,19,28,8,0,1,0,48,1,6,441,6441,20,2006,2A8GP64L66R8,2,A,8,G,P,6,4,L,6,6,R,8,0,T,CHRY,LMT,ES,6,17,,1,0,1193,TWC,G,,,6,230,,,,,4378,00,,42,0,0,000000000,00000000000,0,0,0,1,0,0,0,0,0,0,0,998,0,0,0,12,12,4,3,8,0,0,0,1,48,78232,6,1,0,0,3,3,999,999,0,0,0,0,0,0,0,0,0,0,0,0,0,0,3,3,65,1,2,8,1,0,0,1,80,1,1,1,13,0,1
48,480078,1,1,1,17,1,5,30,9,0,1,0,48,2,23,481,23481,31,1996,2GTEC19R7T15,2,G,T,E,C,1,9,R,7,T,1,5,0,T,GMC,SC1,PC,96,17,,2,1555,1415,SIE,G,,,8,350,,,,B,4068,02,M,42,0,0,000000000,00000000000,0,0,0,1,0,0,0,0,0,0,0,998,0,0,0,12,12,2,3,9,0,0,0,1,48,77050,0,0,0,0,0,0,999,999,0,0,0,0,0,0,0,0,0,0,0,0,0,0,1,2,35,1,1,8,1,0,0,1,83,1,1,1,13,0,0
48,480079,1,2,1,17,1,15,10,12,6,1,0,48,1,82,881,82881,66,1998,1FUYSSEB9WP9,1,F,U,Y,S,S,E,B,9,W,P,9,1,T,FRHT,FC2,TR,98,17,,8,0,0,CON,D,,,6,774,,,,,00000,00,,64,1,57,2069996,572069996,3,6,4,1,0,0,0,0,0,0,0,998,0,0,0,12,12,4,3,12,0,0,0,1,48,77095,6,1,6,0,3,0,999,999,0,0,0,0,2,4,2008,10,2010,0,0,0,0,0,5,4,55,1,2,8,2,0,0,1,67,6,1,1,83,0,0
48,480079,2,2,1,17,1,15,10,12,6,1,0,48,1,20,482,20482,31,2005,3GNEK12Z05G2,3,G,N,E,K,1,2,Z,0,5,G,2,0,T,CHEV,KAV,CW,5,17,,2,0,1300,AVL,F,,,8,323,,,,B,5678,00,,44,0,0,000000000,00000000000,0,0,0,1,0,0,0,0,0,0,0,998,0,0,0,10,10,6,2,12,0,0,0,1,48,75644,6,1,0,0,3,0,999,999,0,0,0,0,0,0,0,0,0,0,39,48,0,0,1,2,99,8,8,8,1,21,3,11,15,1,1,2,82,1,0
48,480080,1,2,1,17,1,22,27,12,2,1,0,48,3,82,881,82881,66,2005,1FUJA6CK65LN,1,F,U,J,A,6,C,K,6,5,L,N,1,T,FRHT,COL,TR,5,17,,8,0,0,CON,D,,,6,858,,,,,00000,00,,64,3,57,1844117,571844117,3,6,2,1,0,0,0,0,0,0,0,998,0,0,0,12,12,6,2,12,0,0,0,1,48,77545,6,1,6,0,3,0,999,999,0,0,0,1,1,6,2008,4,2010,0,0,0,0,0,2,4,65,1,1,8,1,0,0,1,54,6,1,1,52,0,0
48,480080,2,2,1,17,1,22,27,12,2,1,0,48,1,7,472,7472,30,1994,1B7GL23Y4RW1,1,B,7,G,L,2,3,Y,4,R,W,1,0,T,DODG,DAK,PC,94,17,,1,0,1309,DAK,G,,,8,318,,,,B,3472,00,B,42,0,0,000000000,00000000000,0,0,0,1,0,0,0,0,0,0,0,998,0,0,0,12,12,6,2,12,0,0,0,1,48,77327,6,1,0,0,3,0,999,999,1,0,0,0,1,1,2008,1,2008,0,51,0,0,0,2,4,65,1,1,8,1,0,0,1,54,7,1,2,52,1,1
48,480081,1,1,99,18,1,5,43,8,0,1,1,99,9,99,999,99999,99,9999,999999999999,9,9,9,9,9,9,9,9,9,9,9,9,0,,,,,,,,,,,,,,,,,,,,,,,,,0,99,999999999,99999999999,9,99,99,1,0,0,0,0,99,99,9,998,0,0,0,12,12,9,1,8,0,0,0,1,99,99999,9,9,99,9,9,9,999,999,99,99,99,99,99,99,9999,99,9999,9,99,99,99,99,1,2,30,1,1,1,1,2,3,1,80,1,1,1,13,0,0
48,480082,1,2,1,18,1,15,0,12,6,1,0,48,2,21,23,21023,4,2000,1G3WH52H3YF1,1,G,3,W,H,5,2,H,3,Y,F,1,0,P,OLDS,IGX,4D,0,17,3455,,0,1090,,G,,F,6,211,,,16R225,,,,,,0,0,000000000,00000000000,0,0,0,1,0,0,0,0,0,0,0,998,0,0,0,9,9,6,2,12,0,0,0,1,48,76550,6,1,0,0,3,0,999,999,0,0,0,0,0,0,0,0,0,0,48,0,0,0,5,4,60,3,2,8,1,0,0,12,10,1,1,2,98,1,0
48,480082,2,2,1,18,1,15,0,12,6,1,0,48,1,84,881,84881,66,1993,2HSFBMZRXPC0,2,H,S,F,B,M,Z,R,X,P,C,0,1,T,INTL,930,TR,93,17,,8,1850,1540,90S,D,,,6,893,,,,,00000,00,,64,1,57,1960575,571960575,3,6,4,1,0,0,0,0,0,0,0,998,7,0,0,12,12,4,3,12,0,0,0,1,48,76513,6,1,6,0,3,0,999,999,1,0,0,2,3,6,2008,7,2010,0,0,0,0,0,5,4,60,3,2,8,1,0,0,14,61,8,1,1,98,0,0
48,480083,1,2,3,18,1,19,40,12,1,1,0,48,1,12,481,12481,31,2002,1FTNW20F92EA,1,F,T,N,W,2,0,F,9,2,E,A,1,T,FORD,F2S,CW,2,17,,2,1724,1562,SRW,D,,,8,444,,,,C,5846,04,E,42,1,0,000000000,00000000000,0,0,0,1,0,0,0,0,0,0,0,998,0,0,0,6,6,2,1,12,0,0,0,1,48,78112,6,1,6,0,3,0,999,999,0,0,0,1,0,9,2009,9,2009,0,92,0,0,0,2,2,65,1,1,8,1,0,0,1,53,1,1,1,25,0,0
48,480083,2,2,3,18,1,19,40,12,1,1,0,48,2,6,43,6043,4,2004,1C3EL46X54N3,1,C,3,E,L,4,6,X,5,4,N,3,0,P,CHRY,SLX,4D,4,17,3106,,0,1080,,G,,F,4,148,,,15R205,,,,,,0,0,000000000,00000000000,0,0,0,1,0,0,0,0,0,0,0,998,0,0,0,12,12,4,3,12,0,0,0,1,48,78006,6,1,0,0,3,3,999,999,0,0,0,1,0,10,2010,10,2010,1,0,0,0,0,2,2,65,1,1,8,1,0,0,1,51,1,1,1,24,1,1
48,480084,1,3,1,19,1,18,30,12,2,1,0,48,1,20,481,20481,31,2006,3GCEC14XX6G2,3,G,C,E,C,1,4,X,X,6,G,2,0,T,CHEV,SC1,PK,6,17,,2,1330,1190,SIL,G,,,6,262,,,,B,4211,00,,42,0,0,000000000,00000000000,0,0,0,1,0,0,0,0,0,0,0,998,0,0,0,12,12,6,2,12,0,0,1,1,48,79235,6,1,0,0,3,3,999,999,0,0,0,0,0,0,0,0,0,0,35,0,0,0,1,2,65,2,1,8,1,0,0,6,10,1,1,2,50,1,0
48,480084,2,3,1,19,1,18,30,12,2,1,0,93,3,82,883,82883,63,2001,1FVHAHAV41PG,1,F,V,H,A,H,A,V,4,1,P,G,1,T,FRHT,FLD,CC,1,17,,8,0,0,CON,D,,,6,893,,,,,00000,00,,64,1,57,774803,57774803,3,4,6,1,0,0,0,0,0,0,0,998,0,0,0,12,12,6,2,12,0,0,0,1,8,80909,6,1,6,0,3,0,75,240,0,0,0,0,0,0,0,0,0,0,0,0,0,0,1,2,65,2,1,8,1,0,0,14,54,1,1,1,51,0,0
48,480084,3,3,1,19,1,18,30,12,2,1,0,93,3,87,881,87881,66,1999,1XP5DB9X7XN4,1,X,P,5,D,B,9,X,7,X,N,4,1,T,PTRB,379,TR,99,17,,8,0,0,CON,D,,,6,893,,,,,00000,00,,64,1,57,1473471,571473471,3,6,97,1,0,0,0,0,0,0,0,998,0,0,0,11,11,2,1,12,0,0,0,1,48,79423,6,1,6,0,3,3,999,999,1,0,0,0,0,10,2008,10,2008,0,0,0,0,0,1,2,65,2,1,8,1,0,0,14,60,1,1,1,98,0,0
48,480085,1,2,1,19,1,17,23,33,0,1,0,48,1,20,9,20009,2,2010,2G1FB1EV4A91,2,G,1,F,B,1,E,V,4,A,9,1,0,P,CHEV,CLT,CP,10,17,3750,,0,1123,,G,,F,6,220,,,18R245,,,,,,0,0,000000000,00000000000,0,0,0,1,0,0,0,0,0,0,0,998,0,0,0,14,9,4,3,12,0,0,0,1,48,75115,6,1,0,0,3,0,69,214,0,0,0,0,0,0,0,0,0,1,28,0,0,0,3,3,40,1,1,8,1,0,0,1,12,1,1,4,6,1,0
48,480085,2,2,1,19,1,17,23,33,0,1,0,48,3,13,421,13421,15,1999,5LMPU28A5XLJ,5,L,M,P,U,2,8,A,5,X,L,J,0,P,LINC,NAV,UT,99,17,5557,,0,1190,,G,,F,8,330,,,16R245,,,,,,0,0,000000000,00000000000,0,0,0,1,0,0,0,0,0,0,0,0,0,0,0,12,12,4,3,12,0,0,0,1,48,75232,6,1,0,0,3,0,999,999,0,0,0,0,0,0,0,0,0,0,0,0,0,0,3,2,40,1,1,8,1,0,0,5,63,1,1,1,98,0,0
48,480086,1,2,2,19,1,7,10,12,6,1,0,48,1,20,481,20481,31,1992,2GCGC29KXN12,2,G,C,G,C,2,9,K,X,N,1,2,0,T,CHEV,GC2,PC,92,17,,2,1555,1415,GM4,G,,,8,350,,,,C,4131,03,,42,0,0,000000000,00000000000,0,0,0,1,0,0,0,0,0,0,0,998,0,0,0,9,9,4,3,12,0,0,0,1,48,75215,6,1,6,0,3,0,999,999,0,3,0,1,1,2,2008,4,2009,0,38,91,0,0,4,1,99,3,1,8,1,20,3,4,17,1,1,1,89,0,0
48,480086,2,2,1,19,1,7,10,12,6,1,0,48,0,53,706,53706,80,1998,JS1VS53A9W21,J,S,1,V,S,5,3,A,9,W,2,1,0,M,SUZI,VZ8,RS,98,17,,,,,,,805,,2,,4,456,,,,,,,0,0,000000000,00000000000,0,0,0,1,0,0,0,0,0,0,0,998,0,0,0,12,12,4,3,12,0,0,0,1,48,75142,6,1,6,0,3,0,71,197,0,0,0,0,0,0,0,0,0,0,0,0,0,0,2,3,55,3,1,8,1,28,3,14,66,1,1,1,88,1,0
48,480087,1,1,3,20,1,14,7,35,0,1,0,48,2,20,481,20481,31,2003,1GCHC231X3F1,1,G,C,H,C,2,3,1,X,3,F,1,0,T,CHEV,2CH,CW,3,17,,2,1670,1530,SIL,D,,,8,403,,,,C,5605,01,,42,0,0,000000000,00000000000,0,0,0,1,0,0,0,0,0,0,0,998,0,1,5,12,12,6,2,1,0,0,0,1,48,75125,1,1,0,0,2,0,999,999,0,6,1,1,0,4,2008,5,2010,1,91,0,0,0,6,2,60,1,3,8,1,0,0,1,13,99,9,4,1,1,1
48,480088,1,3,1,20,1,7,21,12,6,1,0,48,1,22,22,22022,4,2006,1G2ZG558X642,1,G,2,Z,G,5,5,8,X,6,4,2,0,P,PONT,GS1,4D,6,17,3419,,0,1123,,G,,F,6,214,,,16R215,,,,,,0,0,000000000,00000000000,0,0,0,1,0,0,0,0,0,0,0,998,0,0,0,10,9,4,3,12,0,0,0,1,48,75169,6,1,0,0,3,0,72,240,0,0,0,0,0,0,0,0,0,0,28,0,0,0,3,3,60,1,1,8,2,0,0,1,3,99,7,2,48,1,0
48,480088,2,3,1,20,1,7,21,12,6,1,0,48,1,35,472,35472,30,2000,1N6ED27Y7YC3,1,N,6,E,D,2,7,Y,7,Y,C,3,0,T,NISS,XSC,CW,0,17,,1,0,1161,FRT,G,,,6,201,,,,,3912,01,U,44,0,0,000000000,00000000000,0,0,0,1,0,0,0,0,0,0,0,998,0,0,0,12,12,2,3,12,0,0,0,1,48,75060,0,0,0,0,0,0,999,999,0,5,0,0,0,3,2008,3,2010,0,92,0,0,0,3,3,60,1,1,8,2,0,0,1,60,1,1,1,48,0,0
48,480088,3,3,1,20,1,7,21,12,6,1,0,48,2,12,481,12481,31,2000,3FTSW31FXYMA,3,F,T,S,W,3,1,F,X,Y,M,A,0,T,FORD,F3S,CW,0,17,,2,1724,1562,SRW,D,,,8,444,,,,D,5942,07,E,44,0,0,000000000,00000000000,0,0,0,1,0,0,0,0,0,0,0,998,0,0,0,11,11,4,3,12,0,0,0,1,48,76180,6,1,0,0,3,3,999,999,0,0,0,0,0,0,0,0,0,0,0,0,0,0,3,3,60,1,1,8,2,0,0,1,61,6,1,2,98,0,0
48,480089,1,2,5,20,1,2,14,12,6,1,0,48,2,20,39,20039,4,2007,KL1TD56627B1,K,L,1,T,D,5,6,6,2,7,B,1,0,P,CHEV,ABS,4D,7,17,2531,,0,976,,G,,F,4,098,,,14R185,,,,,,0,0,000000000,00000000000,0,0,0,1,0,0,0,0,0,0,0,998,0,0,0,9,9,4,3,12,0,0,0,1,48,79936,6,1,0,0,3,3,999,999,0,0,0,1,0,10,2009,10,2009,0,38,0,0,0,1,2,99,1,8,8,1,20,3,1,17,1,1,1,89,2,1
48,480089,2,2,2,20,1,2,14,12,6,1,0,48,2,7,24,7024,4,2009,2B3KA43DX9H5,2,B,3,K,A,4,3,D,X,9,H,5,0,P,DODG,CHA,4D,9,17,3820,,0,1200,,G,,F,6,165,,,17R215,,,,,,0,0,000000000,00000000000,0,0,0,1,0,0,0,0,0,0,0,998,0,0,0,12,12,4,3,12,0,0,0,1,48,79938,1,1,0,0,2,0,999,999,0,2,1,1,4,1,2009,10,2010,0,0,0,0,0,5,4,30,1,1,8,1,0,0,1,66,1,1,1,88,0,1
48,480090,1,1,1,21,1,7,57,8,0,1,1,48,1,49,46,49046,4,2005,JTDKB22U7570,J,T,D,K,B,2,2,U,7,5,7,0,0,P,TOYT,PRI,4H,5,17,2890,,0,1063,,B,,F,4,091,,,14R175,,,,,,0,0,000000000,00000000000,0,0,0,1,0,0,0,0,0,0,0,998,0,0,0,12,12,2,1,8,36,0,0,1,48,75042,6,1,0,0,3,0,999,999,0,0,0,0,0,0,0,0,0,0,91,0,0,0,3,3,45,1,1,8,1,3,3,11,80,1,1,1,13,0,0
48,480091,1,1,1,21,1,4,3,8,0,1,0,48,1,12,481,12481,31,2000,1FTRF17W6YKB,1,F,T,R,F,1,7,W,6,Y,K,B,0,T,FORD,F15,PK,0,17,,2,1385,1199,COF,G,,,8,281,,,,B,3923,04,U,42,0,0,000000000,00000000000,0,0,0,1,0,0,0,0,0,0,0,998,0,0,0,12,12,2,3,8,0,0,0,1,48,75061,6,1,0,0,3,3,999,999,0,0,0,0,0,0,0,0,0,0,92,0,0,0,2,6,40,1,1,8,1,3,3,1,80,1,1,1,13,0,0
48,480092,1,3,1,21,1,7,4,23,0,1,0,48,1,6,52,6052,6,2004,3C4FY48B74T3,3,C,4,F,Y,4,8,B,7,4,T,3,0,P,CHRY,PTC,SV,4,17,3026,,0,1030,,G,,F,4,148,,,15R195,,,,,,0,0,000000000,00000000000,0,0,0,1,0,0,0,0,0,0,0,998,0,0,0,82,61,4,3,12,0,0,0,1,48,75241,6,1,0,0,3,0,999,999,0,0,0,0,0,0,0,0,0,1,0,0,0,0,6,2,60,3,2,8,99,0,0,14,9,6,1,4,1,0,0
48,480092,2,3,1,21,1,7,4,23,0,1,0,48,3,38,882,38882,62,2005,4GTJ7F1345F7,4,G,T,J,7,F,1,3,4,5,F,7,0,T,ISU,FVR,TB,5,17,,6,2600,1280,T7F,D,,,6,476,,,,,00000,00,,42,0,57,1803684,571803684,2,1,1,1,0,0,0,0,0,0,0,998,0,1,3,81,0,6,2,1,0,0,0,1,48,75227,6,1,0,0,3,0,999,999,0,0,0,0,0,0,0,0,0,0,21,58,0,0,6,2,60,3,2,8,99,0,0,14,61,1,1,1,98,1,0
48,480092,3,3,1,21,1,7,4,23,0,1,0,48,1,12,23,12023,4,2010,3FAHP0JG0AR2,3,F,A,H,P,0,J,G,0,A,R,2,0,P,FORD,F/L,4D,10,17,3591,,0,1074,,F,,F,6,183,,,17R225,,,,,,0,0,000000000,00000000000,0,0,0,1,0,0,0,0,0,0,0,998,0,0,0,1,1,2,1,54,0,0,0,1,48,76001,6,1,0,0,3,0,999,999,0,0,0,0,0,0,0,0,0,0,0,0,0,0,3,6,60,1,1,8,1,0,0,1,90,1,1,1,98,0,0
48,480093,1,2,5,22,1,3,40,12,6,1,0,48,2,49,40,49040,4,2000,JT2BG22K3Y04,J,T,2,B,G,2,2,K,3,Y,0,4,0,P,TOYT,CXL,4D,0,17,3120,,0,1051,,G,,F,4,132,,,14R195,,,,,,0,0,000000000,00000000000,0,0,0,1,0,0,0,0,0,0,0,998,0,0,0,12,12,4,3,31,0,0,0,1,48,79907,6,1,6,0,3,0,999,999,0,0,0,0,0,0,0,0,0,0,39,0,0,0,5,4,50,1,2,8,1,3,3,1,17,1,1,1,86,1,1
48,480093,2,2,1,22,1,3,40,12,6,1,0,48,1,22,16,22016,2,1996,1G2JB1240T75,1,G,2,J,B,1,2,4,0,T,7,5,0,P,PONT,SFS,CP,96,17,2611,,0,1041,,G,,F,4,133,,,14R195,,,,,,0,0,000000000,00000000000,0,0,0,1,0,0,0,0,0,0,0,998,0,0,0,1,1,2,1,12,0,0,0,1,48,79936,1,1,0,0,2,0,999,999,0,2,0,0,0,3,2010,3,2010,0,0,0,0,0,9,9,99,9,9,9,1,3,3,1,68,1,1,1,87,0,0
48,480094,1,3,1,22,1,16,15,12,7,1,0,48,2,72,706,72706,80,2010,1HD1FR410AB6,1,H,D,1,F,R,4,1,0,A,B,6,0,M,HD,FKC,RS,10,17,,,,,,,1584,,2,,4,810,,,,,,,0,0,000000000,00000000000,0,0,0,1,0,0,0,0,0,0,0,998,0,0,0,61,61,4,3,12,0,0,0,1,48,77072,4,1,0,0,2,3,999,999,0,5,0,0,0,11,2008,12,2010,1,39,0,0,0,1,2,50,1,1,8,1,20,3,1,52,1,1,1,45,1,1
48,480094,2,3,2,22,1,16,15,12,7,1,0,48,1,72,706,72706,80,2008,1HD1GX4118K3,1,H,D,1,G,X,4,1,1,8,K,3,0,M,HD,FXI,RS,8,17,,,,,,,1584,,2,,4,667,,,,,,,0,0,000000000,00000000000,0,0,0,1,0,0,0,0,0,0,0,998,0,0,0,81,81,2,3,12,0,0,0,1,48,77449,6,1,6,0,3,0,999,999,1,0,0,1,0,5,2008,2,2009,0,0,0,0,0,1,2,50,1,1,8,1,20,3,2,53,1,1,1,44,0,0
48,480094,3,3,2,22,1,16,15,12,7,1,0,42,1,7,482,7482,31,2007,1D7HU18217S2,1,D,7,H,U,1,8,2,1,7,S,2,0,T,DODG,SQ1,CW,7,17,,2,1605,1405,RPC,G,,,8,348,,,,B,5197,02,E,44,0,0,000000000,00000000000,0,0,0,1,0,0,0,0,0,0,0,0,0,0,0,11,11,2,3,12,0,0,0,1,48,77008,6,1,0,0,3,0,999,999,0,0,0,0,0,0,0,0,0,0,0,0,0,0,6,1,99,1,1,8,1,0,0,5,63,1,1,1,98,0,0
48,480095,1,3,1,22,1,19,26,12,2,1,0,48,1,72,706,72706,80,2011,1HD4CR213BC4,1,H,D,4,C,R,2,1,3,B,C,4,0,M,HD,XLL,RS,11,17,,,,,,,883,,2,,4,536,,,,,,,0,0,000000000,00000000000,0,0,0,1,0,0,0,0,0,0,0,998,0,0,0,12,12,2,3,12,0,0,0,1,48,77429,6,1,0,0,2,3,999,999,0,0,0,0,0,0,0,0,0,0,28,0,0,0,1,2,40,2,1,8,1,0,0,14,10,1,1,2,50,1,1
48,480095,2,3,2,22,1,19,26,12,2,1,0,48,1,7,482,7482,31,2004,1D7HA18D74S5,1,D,7,H,A,1,8,D,7,4,S,5,0,T,DODG,SQ1,CW,4,17,,2,1605,1405,RPC,G,,,8,345,,,,B,4820,01,E,42,0,0,000000000,00000000000,0,0,0,1,0,0,0,0,0,0,0,998,0,0,0,12,12,4,3,12,0,0,0,1,48,77429,6,1,0,0,3,0,999,999,0,0,0,1,0,7,2009,7,2009,0,0,0,0,0,1,2,40,3,1,8,1,0,0,14,62,1,1,1,51,0,0
48,480095,3,3,1,22,1,19,26,12,2,1,0,48,1,72,706,72706,80,2007,1HD4CR2167K4,1,H,D,4,C,R,2,1,6,7,K,4,0,M,HD,XLL,RS,7,17,,,,,,,883,,2,,4,563,,,,,,,0,0,000000000,00000000000,0,0,0,1,0,0,0,0,0,0,0,998,0,0,0,0,0,2,9,1,0,0,0,1,48,77429,6,1,0,0,2,0,999,999,0,0,0,0,0,0,0,0,0,0,0,0,0,0,1,2,40,2,1,8,1,0,0,14,8,2,1,1,98,0,0
48,480096,1,2,1,22,1,9,14,12,7,1,0,48,1,20,2,20002,4,2001,2G1WF55K9191,2,G,1,W,F,5,5,K,9,1,9,1,0,P,CHEV,IMP,4D,1,17,3389,,0,1105,,G,,F,6,231,,,16R225,,,,,,0,0,000000000,00000000000,0,0,0,1,0,0,0,0,0,0,0,998,0,0,0,10,12,6,2,42,32,0,0,1,48,77502,6,1,0,0,3,0,999,999,0,0,0,0,0,0,0,0,0,0,28,0,0,0,1,4,35,3,1,8,1,0,0,15,10,1,1,2,47,1,0
48,480096,2,2,2,22,1,9,14,12,7,1,0,48,2,12,481,12481,31,1997,1FTDF1729VNB,1,F,T,D,F,1,7,2,9,V,N,B,0,T,FORD,F15,PK,97,17,,1,1390,1200,COF,G,,,6,256,,,,B,3850,01,E,42,0,0,000000000,00000000000,0,0,0,1,0,0,0,0,0,0,0,998,0,0,0,4,4,2,1,12,0,0,0,1,48,77502,6,1,0,0,3,3,999,999,0,0,0,7,0,4,2008,1,2011,0,0,0,0,0,1,4,35,3,1,8,1,0,0,14,61,1,1,1,45,0,0
48,480097,1,1,1,22,1,8,10,35,0,1,0,48,1,22,22,22022,4,2007,1G2ZH58N6741,1,G,2,Z,H,5,8,N,6,7,4,1,0,P,PONT,GGT,4D,7,17,3457,,0,1123,,G,,F,6,214,,,17R225,,,,,,0,0,000000000,00000000000,0,0,0,1,0,0,0,0,0,0,0,998,0,1,5,1,0,6,2,1,0,0,0,1,48,79029,6,1,6,0,3,0,999,999,0,0,0,0,2,5,2008,11,2008,1,39,0,0,0,1,2,55,1,1,8,1,20,3,1,6,1,2,4,2,1,1
48,480098,1,1,1,22,1,22,18,8,0,1,0,48,1,35,472,35472,30,2005,1N6AD06U75C4,1,N,6,A,D,0,6,U,7,5,C,4,0,T,NISS,KEO,PC,5,17,,1,0,1259,FRT,G,,,6,244,,,,C,4020,00,K,42,0,0,000000000,00000000000,0,0,0,1,0,0,0,0,0,0,0,998,0,0,0,12,12,4,3,8,0,0,0,1,48,77630,6,1,0,0,3,0,999,999,1,0,0,0,1,7,2008,5,2010,0,0,0,0,0,5,2,98,1,1,8,1,0,0,1,80,1,1,1,13,0,0
48,480099,1,2,1,22,1,17,42,1,0,1,0,48,1,53,706,53706,80,2001,JS1VT52A1121,J,S,1,V,T,5,2,A,1,1,2,1,0,M,SUZI,TLR,RC,1,17,,,,,,,996,,2,,4,434,,,,,,,0,0,000000000,00000000000,0,0,0,1,0,0,0,0,0,0,0,998,0,0,0,0,99,9,3,12,0,0,0,1,48,76013,6,1,0,0,3,0,999,999,0,0,0,0,0,0,0,0,0,1,0,0,0,0,5,4,30,1,1,8,1,0,0,1,66,4,1,1,98,1,0
48,480099,2,2,1,22,1,17,42,1,0,1,0,48,2,18,2,18002,4,2003,1G4HP54K4341,1,G,4,H,P,5,4,K,4,3,4,1,0,P,BUIC,LCF,4D,3,17,3567,,0,1122,,G,,F,6,231,,,15R215,,,,,,0,0,000000000,00000000000,0,0,0,1,0,0,0,0,0,0,0,998,0,0,0,81,81,4,3,12,32,0,0,1,48,76012,6,1,0,0,3,3,999,999,0,0,0,0,0,0,0,0,0,0,0,0,0,0,1,2,99,1,1,8,1,20,3,1,17,1,1,1,98,0,0
48,480100,1,1,1,22,1,2,13,52,0,1,0,48,1,20,481,20481,31,2007,2GCEK13M6715,2,G,C,E,K,1,3,M,6,7,1,5,0,T,CHEV,1KW,CW,7,17,,2,0,1435,SIL,G,,,8,323,,,,B,5371,00,,44,0,0,000000000,00000000000,0,0,0,1,0,0,0,0,0,0,0,998,0,1,3,12,12,6,2,52,0,0,0,1,48,76904,6,1,0,0,3,0,999,999,1,2,0,4,1,6,2008,11,2010,1,0,0,0,0,2,4,65,1,1,8,1,0,0,1,12,1,1,4,6,1,1
48,480101,1,1,1,23,1,13,24,33,0,1,0,48,2,76,705,76705,80,2008,JYARJ16E98A0,J,Y,A,R,J,1,6,E,9,8,A,0,0,M,YAMA,R6L,RC,8,17,,,,,,,599,,4,,4,366,,,,,,,0,0,000000000,00000000000,0,0,0,1,0,0,0,0,0,0,0,998,0,0,0,14,99,9,3,1,0,0,0,1,48,75002,6,1,0,0,3,0,67,150,0,1,0,1,0,4,2009,9,2010,1,36,77,0,0,2,4,70,1,1,8,1,0,0,1,6,1,9,4,7,1,0