STATE,ST_CASE,VEH_NO,VE_FORMS,NUMOCCS,DAY,MONTH,HOUR,MINUTE,HARM_EV,MAN_COLL,UNITTYPE,HIT_RUN,REG_STAT,OWNER,MAKE,MODEL,MAK_MOD,BODY_TYP,MOD_YEAR,VIN,VIN_1,VIN_2,VIN_3,VIN_4,VIN_5,VIN_6,VIN_7,VIN_8,VIN_9,VIN_10,VIN_11,VIN_12,TOW_VEH,VINTYPE,VINMAKE,VINA_MOD,VIN_BT,VINMODYR,VIN_LNGT,VIN_WGT,WGTCD_TR,WHLBS_LG,WHLBS_SH,SER_TR,FUELCODE,MCYCL_DS,CARBUR,CYLINDER,DISPLACE,MCYCL_CY,MCYCL_WT,TIRE_SZE,TON_RAT,TRK_WT,TRKWTVAR,VIN_REST,WHLDRWHL,J_KNIFE,MCARR_I1,MCARR_I2,MCARR_ID,GVWR,V_CONFIG,CARGO_BT,HAZ_INV,HAZ_PLAC,HAZ_ID,HAZ_CNO,HAZ_REL,BUS_USE,SPEC_USE,EMER_USE,TRAV_SP,UNDERIDE,ROLLOVER,ROLINLOC,IMPACT1,IMPACT2,DEFORMED,TOWED,M_HARM,VEH_SC1,VEH_SC2,FIRE_EXP,DR_PRES,L_STATE,DR_ZIP,L_STATUS,L_TYPE,CDL_STAT,L_ENDORS,L_COMPL,L_RESTRI,DR_HGT,DR_WGT,PREV_ACC,PREV_SUS,PREV_DWI,PREV_SPD,PREV_OTH,FIRST_MO,FIRST_YR,LAST_MO,LAST_YR,SPEEDREL,DR_SF1,DR_SF2,DR_SF3,DR_SF4,VTRAFWAY,VNUM_LAN,VSPD_LIM,VALIGN,VPROFILE,VPAVETYP,VSURCOND,VTRAFCON,VTCONT_F,P_CRASH1,P_CRASH2,P_CRASH3,PCRASH4,PCRASH5,ACC_TYPE,DEATHS,DR_DRINK
48,480137,2,2,1,6,1,19,53,12,2,1,0,48,1,37,32,37032,4,1996,1HGCD5669TA0,1,H,G,C,D,5,6,6,9,T,A,0,0,P,HOND,UEX,4D,96,17,2985,,0,1069,,G,,F,4,132,,,15R195,,,,,,0,0,000000000,00000000000,0,0,0,1,0,0,0,0,0,0,0,998,0,0,0,12,12,6,2,12,0,0,0,1,48,77469,1,1,0,0,2,3,999,999,0,0,0,1,0,10,2010,10,2010,0,51,0,0,0,1,2,65,1,1,8,1,0,0,1,10,1,1,2,50,1,0
48,480138,1,1,1,6,1,7,34,38,0,1,0,48,2,49,482,49482,31,2000,5TBRT3812YS0,5,T,B,R,T,3,8,1,2,Y,S,0,0,T,TOYT,TXL,4C,0,17,,2,0,1283,TUN,G,,,8,285,,,,C,4402,00,U,42,0,0,000000000,00000000000,0,0,0,1,0,0,0,0,0,0,0,998,0,0,0,1,1,6,2,38,0,0,0,1,48,75402,6,1,0,0,3,3,999,999,0,0,0,1,0,8,2008,8,2008,0,58,0,0,0,1,2,55,3,1,8,1,0,0,14,13,6,4,4,7,1,0
48,480139,1,1,1,7,1,2,20,42,0,1,0,48,2,37,31,37031,2,2000,1HGEJ6229YL0,1,H,G,E,J,6,2,2,9,Y,L,0,0,P,HOND,UCD,CP,0,17,2405,,0,1032,,G,,F,4,097,,,14R185,,,,,,0,0,000000000,00000000000,0,0,0,1,0,0,0,0,0,0,0,998,0,0,0,9,9,4,3,42,0,0,0,1,48,77385,6,1,0,0,3,3,65,168,0,0,0,1,0,11,2008,11,2008,1,58,0,0,0,2,2,50,1,1,8,1,0,0,1,12,7,3,4,2,1,1
48,480140,1,2,2,9,1,10,8,12,6,1,0,48,1,14,17,14017,4,2001,1MEFM53U21A6,1,M,E,F,M,5,3,U,2,1,A,6,0,P,MERC,SLS,4D,1,17,3353,,0,1085,,G,,F,6,182,,,16R215,,,,,,0,0,000000000,00000000000,0,0,0,1,0,0,0,0,0,0,0,998,0,0,0,2,2,6,2,12,0,0,0,1,48,75452,6,1,0,0,3,0,999,999,0,0,0,0,0,0,0,0,0,1,87,0,0,0,1,2,65,1,1,8,2,0,0,1,6,6,9,2,64,1,0
48,480140,2,2,1,9,1,10,8,12,6,1,0,48,1,23,461,23461,21,1988,1GDEG25H4J75,1,G,D,E,G,2,5,H,4,J,7,5,0,T,GMC,RV2,CG,88,17,,2,1250,1100,R/V,G,,,8,305,,,,C,3626,12,A,42,0,0,000000000,00000000000,0,0,0,1,0,0,0,0,0,0,0,998,0,0,0,12,12,4,3,12,0,0,0,1,48,75023,6,1,0,0,3,3,999,999,0,0,0,0,0,0,0,0,0,0,0,0,0,0,1,2,65,1,1,8,2,0,0,1,62,1,1,1,65,0,0
48,480141,1,2,1,9,1,11,30,12,6,1,0,48,1,7,472,7472,30,2005,1D7HE58N75S1,1,D,7,H,E,5,8,N,7,5,S,1,0,T,DODG,QLR,CW,5,17,,2,0,1309,DAK,G,,,8,287,,,,B,4267,00,E,42,0,0,000000000,00000000000,0,0,0,1,0,0,0,0,0,0,0,998,0,1,1,2,2,4,3,12,0,0,0,1,48,75189,6,1,0,0,3,0,999,999,0,0,0,0,0,0,0,0,0,1,87,79,0,0,1,2,70,1,1,8,4,0,0,1,6,1,4,2,64,0,0
48,480141,2,2,2,9,1,11,30,12,6,1,0,48,2,7,20,7020,4,2003,1B3ES56C83D1,1,B,3,E,S,5,6,C,8,3,D,1,0,P,DODG,NXT,4D,3,17,2639,,0,1040,,G,,F,4,122,,,15R185,,,,,,0,0,000000000,00000000000,0,0,0,1,0,0,0,0,0,0,0,998,0,0,0,12,12,6,2,12,0,0,0,1,48,75087,6,1,0,0,3,3,68,232,0,2,0,0,0,2,2010,5,2010,0,0,0,0,0,1,2,70,1,1,8,4,0,0,1,62,1,1,1,65,2,0
48,480142,1,2,1,10,1,14,15,12,8,1,0,48,1,20,16,20016,2,1990,1G1JC14G2LJ2,1,G,1,J,C,1,4,G,2,L,J,2,0,P,CHEV,CVL,CP,90,17,2436,,0,1012,,G,,F,4,133,,,13R185,,,,,,0,0,000000000,00000000000,0,0,0,1,0,0,0,0,0,0,0,998,0,0,0,11,11,4,3,12,0,0,0,1,48,76110,6,1,0,0,3,0,999,999,0,0,0,0,0,0,0,0,0,1,28,0,0,0,1,2,35,1,1,8,1,0,0,1,6,1,1,2,64,1,1
48,480142,2,2,1,10,1,14,15,12,8,1,0,48,1,12,481,12481,31,1998,1FTZX1768WKA,1,F,T,Z,X,1,7,6,8,W,K,A,0,T,FORD,F15,3C,98,17,,1,1570,1390,COF,G,,,8,281,,,,B,4067,02,E,42,0,0,000000000,00000000000,0,0,0,1,0,0,0,0,0,0,0,998,0,1,1,61,61,4,3,12,0,0,0,1,48,76133,6,1,0,0,3,3,999,999,0,0,0,0,0,0,0,0,0,0,0,0,0,0,1,2,35,1,1,8,1,0,0,1,62,1,1,1,65,0,0
48,480143,1,1,99,11,1,23,5,8,0,1,1,99,9,99,999,99999,99,9999,999999999999,9,9,9,9,9,9,9,9,9,9,9,9,0,,,,,,,,,,,,,,,,,,,,,,,,,0,0,000000000,00000000000,0,0,0,1,0,0,0,0,0,0,0,998,0,0,0,12,12,2,1,8,0,0,0,1,99,99999,9,9,99,9,9,9,999,999,99,99,99,99,99,99,9999,99,9999,0,0,0,0,0,1,2,30,2,1,8,1,0,0,14,80,3,1,1,13,0,0
48,480144,1,1,3,12,1,21,30,42,0,1,0,48,2,12,402,12402,14,2003,1FMYU02103KD,1,F,M,Y,U,0,2,1,0,3,K,D,0,P,FORD,SPE,UT,3,17,3019,,0,1031,,G,,F,6,181,,,15R225,,,,,,0,0,000000000,00000000000,0,0,0,1,0,0,0,0,0,0,0,120,0,1,5,12,12,6,2,42,0,0,0,1,48,75401,0,0,0,0,0,0,64,178,0,0,0,0,0,0,0,0,0,1,0,0,0,0,1,2,55,2,1,8,1,0,0,14,12,1,1,4,6,1,1
48,480145,1,3,1,12,1,6,59,12,2,1,0,48,1,20,481,20481,31,2005,2GCEC13T7513,2,G,C,E,C,1,3,T,7,5,1,3,0,T,CHEV,SC1,CW,5,17,,2,0,1435,SIL,G,,,8,323,,,,B,4986,00,,42,0,0,000000000,00000000000,0,0,0,1,0,0,0,0,0,0,0,998,0,1,1,12,12,6,2,12,0,0,0,1,48,78745,6,1,0,0,3,3,999,999,1,0,0,0,0,9,2008,9,2008,1,51,0,0,0,1,4,60,1,2,8,1,0,0,1,10,1,1,2,50,1,0
48,480145,2,3,1,12,1,6,59,12,2,1,0,48,1,54,421,54421,15,2004,2HNYD18624H5,2,H,N,Y,D,1,8,6,2,4,H,5,0,P,ACUR,MDX,UT,4,17,4510,,0,1063,,G,,F,6,212,,,17R235,,,,,,0,0,000000000,00000000000,0,0,0,1,0,0,0,0,0,0,0,998,0,0,0,12,12,6,2,12,0,0,0,1,48,78745,6,1,0,0,3,3,999,999,0,0,0,0,0,0,0,0,0,0,0,0,0,0,1,4,60,1,2,8,1,0,0,1,62,1,1,1,51,1,0
48,480145,3,3,1,12,1,6,59,12,2,1,0,48,1,12,481,12481,31,1997,1FTEX18LXVNC,1,F,T,E,X,1,8,L,X,V,N,C,0,T,FORD,F15,3C,97,17,,2,1570,1390,COF,G,,,8,330,,,,B,4480,01,E,44,0,0,000000000,00000000000,0,0,0,1,0,0,0,0,0,0,0,998,0,0,0,12,12,6,2,12,0,0,0,1,48,78745,6,1,0,0,3,3,999,999,0,0,0,0,0,0,0,0,0,0,0,0,0,0,1,4,60,1,2,8,1,0,0,1,62,1,1,1,98,0,0
48,480146,1,1,1,13,1,18,55,33,0,1,0,48,2,20,22,20022,4,2008,1G1AK58F9871,1,G,1,A,K,5,8,F,9,8,7,1,0,P,CHEV,BLS,4D,8,17,3216,,0,1033,,G,,F,4,134,,,15R195,,,,,,0,0,000000000,00000000000,0,0,0,1,0,0,0,0,0,0,0,998,0,0,0,12,12,4,3,35,0,0,0,1,48,77493,6,1,0,0,3,0,999,999,1,3,0,0,0,11,2008,2,2010,0,39,0,0,0,1,2,30,1,1,8,1,20,3,1,14,1,1,4,14,1,0
48,480147,1,1,1,15,1,7,15,38,0,1,0,48,2,2,405,2405,14,2005,1J4GK58KX5W5,1,J,4,G,K,5,8,K,X,5,W,5,0,T,JEEP,LMD,4W,5,17,,1,0,1043,LIB,G,,,6,226,,,,,3695,00,E,42,0,0,000000000,00000000000,0,0,0,1,0,0,0,0,0,0,0,998,0,0,0,81,81,2,3,38,0,0,0,1,48,77345,6,2,0,0,3,3,73,140,0,0,0,0,0,0,0,0,0,1,0,0,0,0,1,2,40,1,1,8,2,0,0,1,13,1,1,4,1,1,0
48,480148,1,2,1,15,1,12,43,12,6,1,0,48,1,20,37,20037,4,2001,1G1ND52J2162,1,G,1,N,D,5,2,J,2,1,6,2,0,P,CHEV,MAL,4D,1,17,3051,,0,1070,,G,,F,6,191,,,15R215,,,,,,0,0,000000000,00000000000,0,0,0,1,0,0,0,0,0,0,0,998,0,0,0,61,61,4,3,12,0,0,0,1,48,76117,6,1,0,0,3,3,999,999,0,0,0,0,0,0,0,0,0,0,38,0,0,0,1,2,99,1,1,8,1,0,0,3,17,1,1,1,89,1,0
48,480148,2,2,1,15,1,12,43,12,6,1,0,13,0,12,481,12481,31,2000,2FTRF07L7YCA,2,F,T,R,F,0,7,L,7,Y,C,A,0,T,FORD,F15,PK,0,17,,2,0,1195,COF,G,,,8,330,,,,B,3923,03,U,42,0,0,000000000,00000000000,0,0,0,1,0,0,0,0,0,0,0,998,0,0,0,12,12,4,3,12,0,0,0,1,48,76111,0,0,0,0,0,0,999,999,0,0,0,0,0,0,0,0,0,0,0,0,0,0,5,4,40,1,1,8,1,0,0,1,71,3,9,2,88,0,0
48,480149,1,1,1,16,1,0,10,30,0,1,0,1,3,6,52,6052,6,2006,3A4FY48B96T3,3,A,4,F,Y,4,8,B,9,6,T,3,0,P,CHRY,PTC,SV,6,17,3018,,0,1030,,G,,F,4,148,,,17R205,,,,,,0,0,000000000,00000000000,0,0,0,1,0,0,0,0,0,0,0,998,0,0,0,9,9,6,2,30,0,0,0,1,1,35242,6,1,0,0,3,0,63,110,0,0,0,0,0,0,0,0,0,1,0,0,0,0,3,4,65,1,1,8,2,0,0,1,6,1,4,4,2,1,0
48,480150,1,1,1,18,1,19,40,24,0,1,0,48,2,20,403,20403,14,2003,1GNDS13S5321,1,G,N,D,S,1,3,S,5,3,2,1,0,P,CHEV,TRL,UT,3,17,4417,,0,1130,,G,,F,6,256,,,16R245,,,,,,0,0,000000000,00000000000,0,0,0,1,0,0,0,0,0,0,0,998,0,1,5,12,0,4,3,1,0,0,0,1,48,77484,1,1,0,0,2,0,999,999,0,5,0,0,0,7,2008,1,2011,1,8,0,0,0,1,2,55,1,1,8,1,0,0,6,12,1,1,4,6,1,0
48,480151,1,3,1,19,1,7,10,12,7,1,0,48,1,7,472,7472,30,2000,1B7GL2AN2YS7,1,B,7,G,L,2,A,N,2,Y,S,7,0,T,DODG,QAD,CW,0,17,,1,0,1309,DAK,G,,,8,287,,,,B,3995,00,U,42,0,0,000000000,00000000000,0,0,0,1,0,0,0,0,0,0,0,998,0,0,0,11,7,6,2,12,0,0,0,1,48,77465,6,1,0,0,3,0,999,999,0,2,1,1,1,1,2008,12,2010,0,58,0,0,0,1,2,70,1,1,8,1,0,0,1,11,6,1,6,48,0,0
48,480151,2,3,1,19,1,7,10,12,7,1,0,48,1,20,481,20481,31,2005,1GCEK19B05E1,1,G,C,E,K,1,9,B,0,5,E,1,0,T,CHEV,SK1,4C,5,17,,2,1575,1435,SIL,G,,,8,325,,,,B,4661,00,,44,0,0,000000000,00000000000,0,0,0,1,0,0,0,0,0,0,0,998,0,0,0,5,7,6,2,12,0,0,0,1,48,77465,6,1,0,0,3,0,999,999,1,0,0,0,0,6,2008,6,2008,0,0,0,0,0,1,2,70,1,1,8,1,0,0,1,61,1,1,1,48,1,0
48,480151,3,3,1,19,1,7,10,12,7,1,0,22,1,12,461,12461,21,2006,1FBSS31L96HA,1,F,B,S,S,3,1,L,9,6,H,A,0,T,FORD,WSD,ES,6,17,,2,0,1380,ECO,G,,,8,330,,,,D,6231,00,K,42,0,0,000000000,00000000000,0,0,0,1,0,0,0,0,0,0,0,998,0,0,0,12,12,6,2,12,0,0,0,1,22,70560,6,1,6,1,3,1,72,250,1,2,0,1,1,4,2009,6,2010,0,0,0,0,0,1,2,70,1,1,8,1,0,0,1,62,1,1,1,98,0,0
48,480152,1,2,1,20,1,4,10,12,2,1,1,48,1,12,880,12880,67,1999,1FTWW33F5XEA,1,F,T,W,W,3,3,F,5,X,E,A,0,T,FORD,F3D,CW,99,17,,3,1720,1560,DRW,D,,,8,444,,,,D,6200,01,E,44,0,88,888888888,88888888888,2,1,97,1,0,0,0,0,0,0,0,998,0,0,0,12,12,6,2,12,0,0,0,1,48,77371,6,1,0,0,3,0,999,999,0,0,0,0,0,0,0,0,0,0,27,0,0,0,5,2,40,1,1,8,1,3,3,15,10,1,1,2,50,0,1
48,480152,2,2,2,20,1,4,10,12,2,1,0,48,1,49,33,49033,2,2001,JTDDR32T0100,J,T,D,D,R,3,2,T,0,1,0,0,0,P,TOYT,CGF,2H,1,17,2425,,0,1023,,G,,F,4,109,,,15R195,,,,,,0,0,000000000,00000000000,0,0,0,1,0,0,0,0,0,0,0,0,0,0,0,12,12,6,2,12,0,0,0,1,48,77371,6,1,0,0,3,3,999,999,1,0,0,0,0,11,2008,11,2008,0,0,0,0,0,5,2,40,1,1,8,1,3,3,1,62,1,1,1,51,1,0
48,480153,1,1,1,20,1,22,23,59,0,1,0,48,1,37,31,37031,4,2004,2HGES16344H6,2,H,G,E,S,1,6,3,4,4,H,6,0,P,HOND,UDV,4D,4,17,2544,,0,1031,,G,,F,4,102,,,14R185,,,,,,0,0,000000000,00000000000,0,0,0,1,0,0,0,0,0,0,0,998,0,0,0,7,9,4,3,42,0,0,0,1,48,75643,6,1,0,0,3,3,999,999,0,0,0,0,0,0,0,0,0,1,0,0,0,0,1,2,55,2,1,8,1,0,0,14,12,1,3,4,6,1,0
48,480154,1,1,1,21,1,7,20,1,0,1,0,48,2,20,421,20421,15,2002,1GNCS13W52K1,1,G,N,C,S,1,3,W,5,2,K,1,0,P,CHEV,BZR,UT,2,17,3718,,0,1070,,G,,F,6,262,,,000000,,,,,,0,0,000000000,00000000000,0,0,0,1,0,0,0,0,0,0,0,998,0,2,5,0,3,4,3,1,0,0,0,1,48,77340,6,1,0,0,3,0,999,999,0,0,0,0,0,0,0,0,0,0,58,0,0,0,1,2,70,1,2,8,1,0,0,1,13,6,4,4,7,1,0
48,480155,1,2,4,22,1,4,32,12,6,1,0,48,1,34,37,34037,4,2003,WBAGN63453DR,W,B,A,G,N,6,3,4,5,3,D,R,0,P,BMW,45L,4D,3,17,4464,,0,1232,,G,,F,8,268,,,18R245,,,,,,0,0,000000000,00000000000,0,0,0,1,0,0,0,0,0,0,0,998,0,0,0,12,7,2,3,42,0,0,0,1,48,75661,6,1,0,0,3,0,999,999,1,0,0,1,0,9,2008,1,2009,0,39,0,0,0,1,4,35,1,1,2,1,3,3,1,17,1,1,1,88,1,1
48,480155,2,2,1,22,1,4,32,12,6,1,0,48,1,7,25,7025,5,2007,1B3HB48B97D4,1,B,3,H,B,4,8,B,9,7,D,4,0,P,DODG,CXT,4D,7,17,3038,,0,1037,,G,,F,4,122,,,17R215,,,,,,0,0,000000000,00000000000,0,0,0,1,0,0,0,0,0,0,0,998,0,0,0,11,11,4,3,12,0,0,0,1,48,77090,6,1,7,0,3,3,999,999,0,0,0,0,0,0,0,0,0,0,0,0,0,0,1,4,99,8,8,8,1,3,3,1,66,1,1,1,89,0,0
48,480156,1,1,1,23,1,1,33,26,0,1,0,48,1,20,421,20421,15,2008,1GNES13H0822,1,G,N,E,S,1,3,H,0,8,2,2,0,P,CHEV,TRL,UT,8,17,4496,,0,1130,,G,,F,8,366,,,20R255,,,,,,0,0,000000000,00000000000,0,0,0,1,0,0,0,0,0,0,0,998,0,2,5,12,12,4,3,1,0,0,0,1,48,77386,6,1,0,0,3,0,59,140,0,0,0,0,0,0,0,0,0,1,0,0,0,0,2,4,35,3,2,8,1,65,3,14,6,1,1,4,6,1,1
48,480157,1,2,1,27,1,16,44,12,6,1,0,48,3,87,881,87881,66,2008,1XPXD49XX8D7,1,X,P,X,D,4,9,X,X,8,D,7,1,T,PTRB,389,TR,8,17,,8,0,0,CON,D,,,6,915,,,,,00000,00,,64,1,57,1331300,571331300,3,6,2,1,0,0,0,0,0,0,0,998,0,0,0,12,12,4,3,12,0,0,0,1,48,75760,2,1,2,1,2,0,999,999,0,1,0,0,0,1,2011,1,2011,0,92,0,0,0,1,2,65,3,1,8,1,0,0,14,62,6,1,1,65,0,0
48,480157,2,2,1,27,1,16,44,12,6,1,0,26,1,23,471,23471,30,2000,1GTCT19W0Y81,1,G,T,C,T,1,9,W,0,Y,8,1,0,T,GMC,SON,PC,0,17,,1,0,1229,SON,G,,,6,262,,,,B,3759,00,U,44,0,0,000000000,00000000000,0,0,0,1,0,0,0,0,0,0,0,998,0,0,0,9,9,6,2,12,0,0,0,1,48,77538,6,1,0,0,3,3,999,999,0,0,0,0,0,0,0,0,0,0,51,0,0,0,1,2,65,2,1,8,1,0,0,14,12,7,2,6,64,1,0
48,480158,1,2,1,27,1,19,35,12,6,1,0,48,1,7,880,7880,67,1993,3B7MM33C1PM1,3,B,7,M,M,3,3,C,1,P,M,1,0,T,DODG,W30,PC,93,17,,3,0,1490,W30,D,,,6,359,,,,D,5843,01,A,44,0,88,888888888,88888888888,2,1,97,1,0,0,0,0,0,0,0,998,0,0,0,12,12,4,3,12,0,0,0,1,48,75455,6,1,6,0,3,0,999,999,0,0,0,0,0,0,0,0,0,0,0,0,0,0,1,2,65,1,1,8,1,0,0,1,66,1,1,1,88,0,0
48,480158,2,2,2,27,1,19,35,12,6,1,0,48,2,18,2,18002,4,2004,1G4HR54K14U1,1,G,4,H,R,5,4,K,1,4,U,1,0,P,BUIC,LLF,4D,4,17,3591,,0,1122,,G,,F,6,231,,,15R215,,,,,,0,0,000000000,00000000000,0,0,0,1,0,0,0,0,0,0,0,998,0,0,0,9,9,4,3,12,0,0,0,1,48,75686,6,1,0,0,3,3,999,999,0,0,0,0,0,0,0,0,0,0,38,39,0,0,1,2,99,8,8,8,1,20,3,1,19,1,1,1,89,1,0
48,480159,1,2,1,28,1,18,20,12,6,1,0,48,1,20,2,20002,4,2006,2G1WT58K4691,2,G,1,W,T,5,8,K,4,6,9,1,0,P,CHEV,IMT,4D,6,17,3477,,0,1105,,F,,F,6,214,,,16R225,,,,,,0,0,000000000,00000000000,0,0,0,1,0,0,0,0,0,0,0,998,0,1,3,10,10,6,2,12,0,0,0,1,48,78664,6,1,0,0,3,0,999,999,0,0,0,0,0,0,0,0,0,0,51,37,0,0,2,4,65,1,1,8,1,0,0,1,54,7,1,1,64,1,1
48,480159,2,2,1,28,1,18,20,12,6,1,0,48,3,20,481,20481,31,2004,1GCHC23U54F1,1,G,C,H,C,2,3,U,5,4,F,1,0,T,CHEV,2CH,CW,4,17,,2,1670,1530,SIL,G,,,8,364,,,,C,5615,00,,42,0,0,000000000,00000000000,0,0,0,1,0,0,0,0,0,0,0,998,0,0,0,12,12,4,3,12,0,0,0,1,48,77836,6,1,0,0,3,3,999,999,0,0,0,0,0,0,0,0,0,0,0,0,0,0,2,4,65,1,1,8,1,0,0,1,54,6,1,1,65,0,0
48,480160,1,2,1,28,1,17,39,12,1,1,0,48,1,20,481,20481,31,2001,2GCEC19T2112,2,G,C,E,C,1,9,T,2,1,1,2,0,T,CHEV,SC1,4C,1,17,,2,1575,1435,SIL,G,,,8,325,,,,B,4413,00,,42,0,0,000000000,00000000000,0,0,0,1,0,0,0,0,0,0,0,998,0,0,0,12,12,6,2,12,0,0,0,1,48,79045,6,1,0,0,3,0,999,999,0,0,0,0,0,0,0,0,0,1,0,0,0,0,1,2,60,1,1,8,1,0,0,1,51,1,1,1,33,1,0
48,480160,2,2,1,28,1,17,39,12,1,1,0,48,1,20,481,20481,31,2005,1GCHK23285F9,1,G,C,H,K,2,3,2,8,5,F,9,0,T,CHEV,2KH,CW,5,17,,2,1670,1530,SIL,D,,,8,403,,,,C,6056,03,,44,0,0,000000000,00000000000,0,0,0,1,0,0,0,0,0,0,0,998,0,1,5,6,6,6,2,12,0,0,0,1,48,79119,6,1,0,0,3,3,999,999,0,0,0,0,0,0,0,0,0,0,0,0,0,0,1,2,60,1,1,8,1,0,0,99,53,1,1,1,33,0,0
48,480161,1,2,2,29,1,21,34,12,6,1,0,48,2,12,37,12037,4,2002,1FAFP34P42W2,1,F,A,F,P,3,4,P,4,2,W,2,0,P,FORD,FSC,4D,2,17,2604,,0,1030,,G,,F,4,122,,,15R195,,,,,,0,0,000000000,00000000000,0,0,0,1,0,0,0,0,0,0,0,998,0,0,0,12,12,4,3,12,0,0,0,1,48,75901,0,0,0,0,0,0,999,999,0,0,0,0,0,0,0,0,0,0,39,0,0,0,2,4,55,1,1,8,1,3,3,1,17,1,1,1,88,0,1
48,480161,2,2,2,29,1,21,34,12,6,1,0,48,1,49,48,49048,5,2005,JTKKT6244500,J,T,K,K,T,6,2,4,4,5,0,0,0,P,TOYT,SXA,4H,5,17,2340,,0,933,,G,,F,4,092,,,15R185,,,,,,0,0,000000000,00000000000,0,0,0,1,0,0,0,0,0,0,0,998,0,1,3,61,61,6,2,12,0,0,0,1,48,75904,6,1,0,0,3,3,999,999,0,0,0,0,0,0,0,0,0,0,0,0,0,0,5,2,99,1,1,8,1,3,3,1,66,1,1,1,89,1,0
48,480162,1,1,1,29,1,2,30,30,0,1,0,48,2,12,471,12471,30,1996,1FTCR14X9TPA,1,F,T,C,R,1,4,X,9,T,P,A,0,T,FORD,RNS,PC,96,17,,1,0,1250,RNG,G,,,6,245,,,,B,00000,00,B,42,0,0,000000000,00000000000,0,0,0,1,0,0,0,0,0,0,0,998,0,0,0,12,12,4,3,30,0,0,0,1,48,76110,1,1,0,0,2,0,63,186,0,14,0,4,1,1,2008,1,2011,1,0,0,0,0,3,4,65,3,3,8,1,0,0,14,13,1,1,4,1,1,1
48,480163,1,1,1,29,1,3,30,18,0,1,0,48,1,20,2,20002,4,2000,2G1WF55E5Y91,2,G,1,W,F,5,5,E,5,Y,9,1,0,P,CHEV,IMP,4D,0,17,3389,,0,1110,,G,,F,6,207,,,16R225,,,,,,0,0,000000000,00000000000,0,0,0,1,0,0,0,0,0,0,0,998,0,0,0,12,12,6,2,18,0,0,1,1,48,77450,6,1,0,0,3,0,999,999,0,0,0,0,1,5,2010,5,2010,0,50,0,0,0,3,4,65,1,2,8,1,98,3,1,13,1,1,4,1,1,1
48,480164,1,1,1,29,1,2,44,8,0,1,1,48,2,20,39,20039,4,2008,KL1TG56618B0,K,L,1,T,G,5,6,6,1,8,B,0,0,P,CHEV,LTA,4D,8,17,2343,,0,976,,G,,F,4,098,,,15R185,,,,,,0,0,000000000,00000000000,0,0,0,1,0,0,0,0,0,0,0,998,0,0,0,12,12,2,1,8,0,0,0,1,48,77091,6,1,6,0,3,0,999,999,0,0,0,0,0,0,0,0,0,0,92,0,0,0,2,4,35,1,1,1,1,0,0,1,80,1,1,1,13,0,1
48,480165,1,1,3,29,1,16,0,1,0,1,0,48,2,49,40,49040,4,1993,4T1SK12E6PU1,4,T,1,S,K,1,2,E,6,P,U,1,0,P,TOYT,CLE,4D,93,17,3053,,0,1031,,G,,F,4,132,,,000000,,,,,,0,0,000000000,00000000000,0,0,0,1,0,0,0,0,0,0,0,998,0,1,5,0,0,4,3,1,0,0,0,1,48,79107,6,2,0,0,3,2,999,999,0,0,0,0,0,0,0,0,0,0,73,91,0,0,2,4,70,1,1,8,1,0,0,1,12,7,3,4,2,1,1
48,480166,1,1,1,30,1,20,1,33,0,1,0,29,1,72,706,72706,80,2007,1HD1FC4187Y6,1,H,D,1,F,C,4,1,8,7,Y,6,0,M,HD,FLU,RS,7,17,,,,,,,1584,,2,,4,808,,,,,,,0,0,000000000,00000000000,0,0,0,1,0,0,0,0,0,0,0,998,0,0,0,99,99,9,3,33,0,0,0,1,29,64801,6,1,6,0,3,0,70,210,0,0,0,0,0,0,0,0,0,0,48,0,0,0,2,6,35,3,1,8,1,0,0,14,13,1,1,4,1,1,0
48,480167,1,1,1,30,1,1,50,8,0,1,1,48,1,20,481,20481,31,1997,1GCGC29R6VE2,1,G,C,G,C,2,9,R,6,V,E,2,0,T,CHEV,GC2,PC,97,17,,2,1555,1415,GM4,G,,,8,350,,,,C,4445,10,,42,0,0,000000000,00000000000,0,0,0,1,0,0,0,0,0,0,0,998,0,0,0,12,12,2,3,8,0,0,0,1,48,75457,6,1,6,0,3,0,999,999,0,0,0,1,0,11,2008,11,2008,0,92,0,0,0,1,2,65,1,2,8,1,0,0,1,80,1,1,1,13,0,0
48,480168,1,1,1,30,1,20,35,38,0,1,0,48,1,35,473,35473,31,2004,1N6AA07A44N5,1,N,6,A,A,0,7,A,4,4,N,5,0,T,NISS,TXS,CW,4,17,,2,0,1398,TTN,G,,,8,342,,,,C,4658,03,E,42,0,0,000000000,00000000000,0,0,0,1,0,0,0,0,0,0,0,998,0,0,0,99,12,6,2,42,0,0,0,1,48,75103,0,0,0,0,0,0,999,999,0,0,0,0,0,0,0,0,0,1,0,0,0,0,1,2,55,2,1,8,1,0,0,14,12,1,3,4,7,1,1