STATE,ST_CASE,VEH_NO,VE_FORMS,NUMOCCS,DAY,MONTH,HOUR,MINUTE,HARM_EV,MAN_COLL,UNITTYPE,HIT_RUN,REG_STAT,OWNER,MAKE,MODEL,MAK_MOD,BODY_TYP,MOD_YEAR,VIN,VIN_1,VIN_2,VIN_3,VIN_4,VIN_5,VIN_6,VIN_7,VIN_8,VIN_9,VIN_10,VIN_11,VIN_12,TOW_VEH,VINTYPE,VINMAKE,VINA_MOD,VIN_BT,VINMODYR,VIN_LNGT,VIN_WGT,WGTCD_TR,WHLBS_LG,WHLBS_SH,SER_TR,FUELCODE,MCYCL_DS,CARBUR,CYLINDER,DISPLACE,MCYCL_CY,MCYCL_WT,TIRE_SZE,TON_RAT,TRK_WT,TRKWTVAR,VIN_REST,WHLDRWHL,J_KNIFE,MCARR_I1,MCARR_I2,MCARR_ID,GVWR,V_CONFIG,CARGO_BT,HAZ_INV,HAZ_PLAC,HAZ_ID,HAZ_CNO,HAZ_REL,BUS_USE,SPEC_USE,EMER_USE,TRAV_SP,UNDERIDE,ROLLOVER,ROLINLOC,IMPACT1,IMPACT2,DEFORMED,TOWED,M_HARM,VEH_SC1,VEH_SC2,FIRE_EXP,DR_PRES,L_STATE,DR_ZIP,L_STATUS,L_TYPE,CDL_STAT,L_ENDORS,L_COMPL,L_RESTRI,DR_HGT,DR_WGT,PREV_ACC,PREV_SUS,PREV_DWI,PREV_SPD,PREV_OTH,FIRST_MO,FIRST_YR,LAST_MO,LAST_YR,SPEEDREL,DR_SF1,DR_SF2,DR_SF3,DR_SF4,VTRAFWAY,VNUM_LAN,VSPD_LIM,VALIGN,VPROFILE,VPAVETYP,VSURCOND,VTRAFCON,VTCONT_F,P_CRASH1,P_CRASH2,P_CRASH3,PCRASH4,PCRASH5,ACC_TYPE,DEATHS,DR_DRINK
48,480233,3,3,1,19,2,0,5,12,7,1,0,48,1,12,880,12880,67,2008,1FTXW43R38EA,1,F,T,X,W,4,3,R,3,8,E,A,0,T,FORD,F4D,CW,8,17,,4,2000,1760,DRW,D,,,8,390,,,,D,8687,00,E,44,0,88,888888888,88888888888,2,1,97,1,0,0,0,0,0,0,0,998,0,0,0,4,4,9,1,12,0,0,0,1,48,78201,6,1,0,0,3,0,999,999,0,0,0,0,2,4,2008,5,2009,0,0,0,0,0,3,9,60,1,1,8,1,0,0,1,60,1,1,1,98,0,0
48,480234,1,2,1,20,2,3,28,8,0,1,0,48,1,12,481,12481,31,2003,1FTRW07L93KA,1,F,T,R,W,0,7,L,9,3,K,A,0,T,FORD,F1S,CW,3,17,,2,0,1385,COF,G,,,8,330,,,,B,4655,00,U,42,0,0,000000000,00000000000,0,0,0,1,0,0,0,0,0,0,0,998,0,0,0,12,12,2,1,8,0,0,0,1,48,77014,6,1,0,0,3,3,999,999,0,0,0,3,0,4,2008,3,2010,0,0,0,0,0,2,2,45,1,1,8,1,0,0,1,80,1,1,1,13,0,0
48,480234,2,2,99,20,2,3,28,8,0,1,1,99,9,99,999,99999,99,9999,999999999999,9,9,9,9,9,9,9,9,9,9,9,9,0,,,,,,,,,,,,,,,,,,,,,,,,,0,0,000000000,00000000000,0,0,0,1,0,0,0,0,0,0,0,998,0,0,0,99,99,9,1,8,0,0,0,1,99,99999,9,9,99,9,9,9,999,999,99,99,99,99,99,99,9999,99,9999,0,0,0,0,0,2,2,45,1,1,8,1,0,0,1,90,1,1,1,98,0,0
48,480235,1,1,1,21,2,20,19,53,0,1,0,48,1,23,471,23471,30,2001,1GTCS14511K1,1,G,T,C,S,1,4,5,1,1,K,1,0,T,GMC,SON,PK,1,17,,1,0,1083,SON,F,,,4,133,,,,B,00000,00,U,42,0,0,000000000,00000000000,0,0,0,1,0,0,0,0,0,0,0,998,0,1,5,99,0,4,3,1,0,0,0,1,48,78383,6,1,0,0,3,3,999,999,1,3,0,0,0,8,2008,6,2010,1,58,0,0,0,1,2,65,3,1,8,1,0,0,14,13,6,4,4,7,1,1
48,480236,1,1,1,21,2,1,53,38,0,1,0,48,1,53,705,53705,80,2007,JS1GN7DA7721,J,S,1,G,N,7,D,A,7,7,2,1,0,M,SUZI,G60,RC,7,17,,,,,,,599,,4,,4,354,,,,,,,0,0,000000000,00000000000,0,0,0,1,0,0,0,0,0,0,0,998,0,0,0,99,99,9,2,38,0,0,0,1,48,79603,6,1,0,0,3,0,999,999,0,0,0,1,0,4,2009,4,2009,1,0,0,0,0,2,2,65,3,2,8,1,0,0,14,13,1,1,4,1,1,1
48,480237,1,1,1,24,2,17,1,8,0,1,0,48,2,20,16,20016,4,1997,1G1JF52TXV72,1,G,1,J,F,5,2,T,X,V,7,2,0,P,CHEV,CAS,4D,97,17,2729,,0,1041,,G,,F,4,146,,,15R195,,,,,,0,0,000000000,00000000000,0,0,0,1,0,0,0,0,0,0,0,998,0,0,0,12,12,4,3,8,0,0,0,1,48,78202,6,1,0,0,3,0,999,999,0,0,0,2,0,4,2010,1,2011,0,92,0,0,0,1,3,35,1,1,8,1,3,3,1,80,4,1,1,13,0,0
48,480238,1,2,1,25,2,7,40,25,0,1,0,48,1,49,472,49472,30,1999,4TANL42N6XZ4,4,T,A,N,L,4,2,N,6,X,Z,4,0,T,TOYT,REG,PK,99,17,,1,0,1033,TAC,G,,,4,149,,,,B,2567,00,U,42,0,0,000000000,00000000000,0,0,0,1,0,0,0,0,0,0,0,998,0,1,5,10,0,6,2,1,0,0,0,1,48,78212,6,1,0,0,3,3,999,999,0,0,0,0,0,0,0,0,0,0,0,0,0,0,3,4,60,3,2,8,1,0,0,14,9,99,4,4,7,1,0
48,480238,2,2,1,25,2,7,40,25,0,1,0,48,1,20,431,20431,16,2002,3GNEC16Z72G1,3,G,N,E,C,1,6,Z,7,2,G,1,0,P,CHEV,C15,UT,2,17,4914,,0,1300,,F,,F,8,325,,,16R265,,,,,,0,0,000000000,00000000000,0,0,0,1,0,0,0,0,0,0,0,998,0,0,0,10,2,4,3,24,0,0,0,1,48,78213,6,1,0,0,3,0,999,999,0,0,0,0,0,0,0,0,0,0,0,0,0,0,3,4,60,3,2,8,1,0,0,14,60,1,1,1,98,0,0
48,480239,1,2,1,25,2,2,26,12,2,1,0,48,1,12,481,12481,31,2002,1FTRF17282NB,1,F,T,R,F,1,7,2,8,2,N,B,0,T,FORD,F15,PK,2,17,,2,1385,1199,COF,G,,,6,256,,,,B,3990,03,U,42,0,0,000000000,00000000000,0,0,0,1,0,0,0,0,0,0,0,998,0,0,0,12,12,4,3,12,0,0,0,1,48,75227,4,1,0,0,2,0,999,999,0,1,0,0,0,9,2009,9,2009,0,50,91,0,0,3,3,60,1,1,8,1,0,0,1,54,1,1,1,52,0,1
48,480239,2,2,3,25,2,2,26,12,2,1,0,48,1,35,472,35472,30,2001,1N6ED27T61C3,1,N,6,E,D,2,7,T,6,1,C,3,0,T,NISS,XSC,CW,1,17,,1,0,1161,FRT,G,,,6,201,,,,B,3695,01,U,42,0,0,000000000,00000000000,0,0,0,1,0,0,0,0,0,0,0,998,0,1,1,12,12,6,2,12,0,0,0,1,48,76208,6,1,0,0,3,0,65,213,0,0,0,0,0,0,0,0,0,0,0,0,0,0,3,3,60,1,1,8,1,0,0,1,54,1,1,1,52,2,0
48,480240,1,1,1,25,2,18,20,42,0,1,0,48,2,22,18,22018,4,2000,1G2NW52EXYM7,1,G,2,N,W,5,2,E,X,Y,M,7,0,P,PONT,GAG,4D,0,17,3168,,0,1070,,G,,F,6,207,,,16R225,,,,,,0,0,000000000,00000000000,0,0,0,1,0,0,0,0,0,0,0,998,0,0,0,9,9,6,2,42,0,0,0,1,48,75928,6,1,0,0,3,3,999,999,0,0,0,0,0,0,0,0,0,1,51,0,0,0,1,2,60,3,1,8,1,0,0,14,12,7,3,4,7,1,0
48,480241,1,2,1,26,2,18,55,12,2,1,0,48,1,55,39,55039,4,2008,KMHFC46F48A2,K,M,H,F,C,4,6,F,4,8,A,2,0,P,HYUN,AZL,4D,8,17,3629,,0,1094,,G,,F,6,230,,,17R235,,,,,,0,0,000000000,00000000000,0,0,0,1,0,0,0,0,0,0,0,998,0,0,0,12,12,6,2,12,0,0,0,1,48,77625,6,1,0,0,3,3,999,999,0,0,0,1,0,1,2010,1,2010,0,28,0,0,0,1,2,65,1,1,8,1,0,0,1,10,1,1,2,50,1,0
48,480241,2,2,1,26,2,18,55,12,2,1,0,48,1,23,431,23431,16,2003,1GKEC16Z93J1,1,G,K,E,C,1,6,Z,9,3,J,1,0,T,GMC,CX1,4W,3,17,,2,0,1300,YUK,F,,,8,325,,,,B,4947,00,4,42,0,0,000000000,00000000000,0,0,0,1,0,0,0,0,0,0,0,998,0,1,5,12,12,6,2,12,0,0,0,1,48,77303,6,1,0,0,3,0,999,999,0,0,0,0,0,0,0,0,0,0,0,0,0,0,1,2,65,1,1,8,1,0,0,1,62,7,1,1,51,0,0
48,480242,1,3,2,27,2,17,33,12,6,1,0,48,1,20,37,20037,4,2005,1G1ZT548X5F1,1,G,1,Z,T,5,4,8,X,5,F,1,0,P,CHEV,M/L,4D,5,17,3297,,0,1063,,G,,F,6,214,,,15R205,,,,,,0,0,000000000,00000000000,0,0,0,1,0,0,0,0,0,0,0,998,0,0,0,7,7,4,3,12,0,0,0,1,48,75211,6,1,0,0,3,3,65,210,0,0,0,0,0,0,0,0,0,0,39,0,0,0,2,6,40,1,1,8,1,3,3,1,17,1,1,1,89,1,0
48,480242,2,3,2,27,2,17,33,12,6,1,0,48,1,63,33,63033,4,2006,KNAFE1214653,K,N,A,F,E,1,2,1,4,6,5,3,0,P,KIA,SLE,4D,6,17,2701,,0,1028,,G,,F,4,122,,,15R195,,,,,,0,0,000000000,00000000000,0,0,0,1,0,0,0,0,0,0,0,998,0,0,0,12,12,2,1,12,0,0,0,1,48,75116,1,1,0,0,2,3,999,999,0,1,0,1,0,10,2009,4,2010,0,0,0,0,0,4,2,99,8,8,8,1,3,3,1,66,1,1,1,88,0,0
48,480242,3,3,1,27,2,17,33,12,6,1,0,18,3,85,881,85881,66,2007,1XKTDB9X67J1,1,X,K,T,D,B,9,X,6,7,J,1,1,T,KW,T20,TR,7,17,,8,2600,1900,CON,D,,,6,893,,,,,00000,00,,64,1,57,264184,57264184,3,6,98,1,0,0,0,0,0,0,0,998,0,0,0,9,9,2,1,12,0,0,0,1,47,37601,6,1,6,0,3,0,71,260,0,0,0,0,0,0,0,0,0,0,0,0,0,0,2,6,40,1,1,8,1,3,3,2,62,1,1,1,98,0,0
48,480243,1,2,1,9,1,3,50,12,6,1,0,48,3,51,881,51881,66,2000,4V4ND2GG5YN2,4,V,4,N,D,2,G,G,5,Y,N,2,1,T,VOLV,VVN,TR,0,17,,8,0,0,VVN,D,,,6,732,,,,,00000,00,,64,1,57,36647,5736647,3,6,2,2,2,1203,3,1,0,0,0,998,0,0,0,12,12,4,3,12,0,0,0,1,48,77539,6,1,6,1,3,3,999,999,0,0,0,0,0,0,0,0,0,0,0,0,0,0,3,3,60,1,1,1,2,0,0,1,64,1,1,1,48,0,0
48,480243,2,2,4,9,1,3,50,12,6,1,0,48,1,2,404,2404,14,1997,1J4FX58S3VC7,1,J,4,F,X,5,8,S,3,V,C,7,0,T,JEEP,LRT,4W,97,17,,1,0,1059,GCK,G,,,6,242,,,,,3513,02,E,42,0,0,000000000,00000000000,0,0,0,1,0,0,0,0,0,0,0,998,0,0,0,9,9,4,3,12,0,0,0,1,48,77045,6,1,0,0,3,0,999,999,0,8,1,0,0,1,2008,12,2009,0,58,0,0,0,3,3,60,1,1,1,2,0,0,1,11,6,4,6,48,1,1
48,480244,1,2,1,18,1,16,50,12,2,1,0,22,1,2,404,2404,14,2004,1J4GX48S44C2,1,J,4,G,X,4,8,S,4,4,C,2,0,T,JEEP,LCF,4W,4,17,,1,0,1059,GCK,G,,,6,244,,,,,3683,02,E,42,0,0,000000000,00000000000,0,0,0,1,0,0,0,0,0,0,0,998,0,0,0,12,12,6,2,12,0,0,0,1,48,75652,6,1,0,0,3,0,999,999,0,3,0,0,0,4,2008,6,2008,0,38,0,0,0,1,2,40,1,1,2,1,0,0,11,10,1,1,1,68,0,0
48,480244,2,2,2,18,1,16,50,12,2,1,0,48,2,12,481,12481,31,2002,1FTRX17202NA,1,F,T,R,X,1,7,2,0,2,N,A,0,T,FORD,F15,4C,2,17,,2,1571,1385,COF,G,,,6,256,,,,B,4224,06,U,42,0,0,000000000,00000000000,0,0,0,1,0,0,0,0,0,0,0,998,0,0,0,12,12,6,2,12,0,0,0,1,48,75633,6,1,6,0,3,0,999,999,0,0,0,0,0,0,0,0,0,0,0,0,0,0,1,2,40,1,1,2,1,0,0,1,62,1,1,1,69,1,0
48,480245,1,1,1,1,2,15,59,8,0,1,1,48,2,6,442,6442,20,2000,2C4FJ25B4YR7,2,C,4,F,J,2,5,B,4,Y,R,7,0,P,CHRY,VOV,SV,0,17,3432,,0,1133,,G,,F,4,148,,,14R205,,,,,,0,0,000000000,00000000000,0,0,0,1,0,0,0,0,0,0,0,998,0,0,0,12,12,4,3,8,0,0,0,1,48,78751,6,1,0,0,3,0,999,999,1,1,0,0,0,10,2008,12,2008,0,92,0,0,0,1,4,99,1,1,8,1,0,0,1,80,1,1,1,13,0,0
48,480246,1,1,1,20,1,17,46,35,0,1,0,48,2,20,481,20481,31,1995,1GCEC14Z0SZ1,1,G,C,E,C,1,4,Z,0,S,Z,1,0,T,CHEV,GC1,PK,95,17,,2,1315,1175,GM4,G,,,6,262,,,,B,3742,02,,42,0,0,000000000,00000000000,0,0,0,1,0,0,0,0,0,0,0,998,0,1,5,99,13,4,3,42,0,0,0,1,48,76637,0,0,0,0,0,0,999,999,0,0,0,0,0,0,0,0,0,1,58,0,0,0,1,2,60,3,2,8,1,40,3,14,13,6,4,4,7,1,0
48,480247,1,1,1,3,2,19,23,42,0,1,0,48,1,20,471,20471,30,2001,1GCCS1452182,1,G,C,C,S,1,4,5,2,1,8,2,0,T,CHEV,S14,PK,1,17,,1,1179,1083,S,F,,,4,133,,,,B,00000,00,,42,0,0,000000000,00000000000,0,0,0,1,0,0,0,0,0,0,0,998,0,1,5,12,99,4,3,1,0,0,0,1,48,76058,6,1,0,0,3,0,999,999,0,5,1,0,1,6,2008,5,2010,1,87,0,0,0,1,2,40,1,3,8,4,0,0,1,6,7,4,4,7,1,1
48,480248,1,1,2,4,2,17,15,42,0,1,0,48,1,30,46,30046,4,2003,WVWKK63B03P3,W,V,W,K,K,6,3,B,0,3,P,3,0,P,VOLK,PW8,4D,3,17,3732,,0,1064,,G,,F,8,244,,,16R215,,,,,,0,0,000000000,00000000000,0,0,0,1,0,0,0,0,0,0,0,998,0,0,0,9,9,4,3,42,0,0,0,1,48,76108,6,1,0,0,3,0,999,999,0,0,0,0,0,0,0,0,0,1,51,0,0,0,1,2,40,1,1,8,4,0,0,6,6,1,3,4,2,1,1
48,480250,1,2,2,5,2,13,40,12,6,1,0,48,2,12,3,12003,2,2000,1FAFP4042YF1,1,F,A,F,P,4,0,4,2,Y,F,1,0,P,FORD,MUS,CP,0,17,3066,,0,1013,,G,,F,6,232,,,15R205,,,,,,0,0,000000000,00000000000,0,0,0,1,0,0,0,0,0,0,0,998,0,0,0,12,12,6,2,12,0,0,0,1,48,78723,0,0,0,0,0,0,999,999,0,0,0,0,0,0,0,0,0,1,8,0,0,0,2,6,55,1,1,8,1,0,0,1,65,1,1,1,77,1,0
48,480250,2,2,1,5,2,13,40,12,6,1,0,48,1,2,405,2405,14,2007,1J4GK58K97W5,1,J,4,G,K,5,8,K,9,7,W,5,0,T,JEEP,LMD,4W,7,17,,1,0,1043,LIB,G,,,6,226,,,,,3672,00,E,42,0,0,000000000,00000000000,0,0,0,1,0,0,0,0,0,0,0,998,0,0,0,1,1,6,2,12,0,0,0,1,48,78640,6,1,0,0,3,3,999,999,0,0,0,0,0,0,0,0,0,0,38,0,0,0,2,6,55,1,1,8,1,0,0,11,15,1,1,1,76,0,0
48,480251,1,1,1,6,2,4,30,42,0,1,0,48,2,20,421,20421,15,2001,1GNEK13T31J2,1,G,N,E,K,1,3,T,3,1,J,2,0,P,CHEV,KTA,UT,1,17,5050,,0,1160,,G,,F,8,325,,,16R245,,,,,,0,0,000000000,00000000000,0,0,0,1,0,0,0,0,0,0,0,998,0,0,0,12,12,6,2,42,0,0,1,1,48,76049,0,0,0,0,0,0,999,999,0,5,0,0,0,2,2009,10,2010,1,0,0,0,0,1,2,55,1,1,8,1,0,0,1,13,1,1,4,1,1,0
48,480252,1,3,2,8,2,11,11,12,2,1,0,48,3,18,24,18024,6,2010,5GALRBEDXAJ1,5,G,A,L,R,B,E,D,X,A,J,1,0,P,BUIC,ENC,UT,10,17,4780,,0,1189,,G,,F,6,220,,,19R255,,,,,,0,0,000000000,00000000000,0,0,0,1,0,0,0,0,0,0,0,998,0,0,0,12,12,4,3,12,0,0,0,1,48,79040,6,1,0,0,3,0,999,999,0,0,0,0,0,0,0,0,0,0,28,0,0,0,1,2,70,1,1,8,3,0,0,1,10,1,1,2,50,1,0
48,480252,2,3,1,8,2,11,11,12,2,1,0,48,1,12,880,12880,67,2005,1FTWW31P15EC,1,F,T,W,W,3,1,P,1,5,E,C,0,T,FORD,F3S,CW,5,17,,3,1724,1562,SRW,D,,,8,366,,,,D,6347,00,E,44,0,88,888888888,88888888888,2,1,96,1,0,0,0,0,0,0,0,998,0,0,0,12,12,4,3,12,0,0,0,1,48,79040,6,1,6,0,3,3,999,999,0,0,0,0,0,0,0,0,0,0,0,0,0,0,1,2,70,1,1,8,3,0,0,1,62,1,1,1,51,0,0
48,480252,3,3,1,8,2,11,11,12,2,1,0,93,3,87,881,87881,66,2007,1XPHDB9X27D6,1,X,P,H,D,B,9,X,2,7,D,6,1,T,PTRB,386,TR,7,17,,8,0,0,CON,D,,,6,893,,,,,00000,00,,64,1,57,729054,57729054,3,6,3,1,0,0,0,0,0,0,0,998,0,0,0,12,12,2,1,12,0,0,0,1,20,67051,6,1,6,0,3,0,74,230,0,0,0,0,0,0,0,0,0,0,0,0,0,0,1,2,70,1,1,8,3,0,0,1,98,1,1,1,98,0,0
48,480253,1,2,1,11,2,13,31,12,2,1,0,48,3,2,404,2404,14,2011,1J4RS4GG5BC6,1,J,4,R,S,4,G,G,5,B,C,6,0,T,JEEP,LRO,4W,11,17,,2,0,1148,GCK,F,,,6,220,,,,,4470,00,W,42,0,0,000000000,00000000000,0,0,0,1,0,0,0,0,0,0,0,998,0,0,0,12,12,6,9,12,0,0,0,1,48,78723,1,1,0,0,2,0,999,999,0,13,0,0,0,6,2008,11,2010,1,37,28,0,0,1,2,30,2,1,8,1,0,0,14,10,1,1,2,50,1,1
48,480253,2,2,12,11,2,13,31,12,2,1,0,48,3,98,981,98981,52,2008,5FYD5FV078C0,5,F,Y,D,5,F,V,0,7,8,C,0,0,U,,,,8,17,,,,,,,,,,,,,,,,,,,0,88,888888888,88888888888,3,21,22,1,0,0,0,0,6,0,0,998,0,0,0,12,12,6,9,12,0,0,0,1,48,78640,6,1,6,1,3,3,999,999,0,0,0,0,0,0,0,0,0,0,0,0,0,0,1,2,30,3,1,8,1,0,0,14,62,1,1,1,51,0,0
48,480254,1,1,1,12,2,6,57,34,0,1,0,48,1,12,401,12401,14,2000,1FMDU85P8YZA,1,F,M,D,U,8,5,P,8,Y,Z,A,0,P,FORD,EPR,UT,0,17,4321,,0,1116,,G,,F,8,302,,,16R255,,,,,,0,0,000000000,00000000000,0,0,0,1,0,0,0,0,0,0,0,998,0,1,5,12,12,4,3,34,0,0,0,1,48,77530,3,1,0,0,2,0,999,999,0,0,0,0,0,0,0,0,0,0,0,0,0,0,1,2,30,2,1,8,1,0,0,14,12,1,1,4,6,1,1
48,480255,1,2,3,14,2,17,0,12,6,1,0,48,2,20,481,20481,31,2004,1GCHC29U04E2,1,G,C,H,C,2,9,U,0,4,E,2,0,T,CHEV,2CH,4C,4,17,,2,1575,1435,SIL,G,,,8,364,,,,C,5402,00,,42,0,0,000000000,00000000000,0,0,0,1,0,0,0,0,0,0,0,998,0,0,0,12,12,4,3,12,0,0,0,1,48,77033,0,0,0,0,0,0,999,999,0,0,0,0,0,0,0,0,0,0,0,0,0,0,1,2,45,1,1,2,1,0,0,1,68,1,1,1,88,0,1
48,480255,2,2,1,14,2,17,0,12,6,1,0,48,0,12,17,12017,4,1997,1FALP52U0VG2,1,F,A,L,P,5,2,U,0,V,G,2,0,P,FORD,TAG,4D,97,17,3329,,0,1085,,G,,F,6,182,,,15R205,,,,,,0,0,000000000,00000000000,0,0,0,1,0,0,0,0,0,0,0,998,0,0,0,9,9,6,2,12,0,0,0,1,48,77048,6,1,0,0,3,0,999,999,0,0,0,0,0,0,0,0,0,0,38,0,0,0,1,2,99,1,9,2,1,20,3,4,19,1,1,1,89,1,0
48,480256,1,1,2,15,2,12,35,32,0,1,0,48,1,49,43,49043,4,2005,4T1BK36B75U0,4,T,1,B,K,3,6,B,7,5,U,0,0,P,TOYT,UTS,4D,5,17,3417,,0,1071,,G,,F,6,213,,,15R205,,,,,,0,0,000000000,00000000000,0,0,0,1,0,0,0,0,0,0,0,998,0,1,5,12,12,9,2,32,0,0,0,1,48,77536,6,1,0,0,3,3,999,999,0,0,0,0,0,0,0,0,0,0,28,0,0,0,2,2,70,1,2,8,1,0,0,1,13,1,1,4,1,1,0
48,480257,1,1,1,15,2,17,42,1,0,1,0,92,0,37,706,37706,80,1997,1HFSC3237VA2,1,H,F,S,C,3,2,3,7,V,A,2,0,M,HOND,VAC,RS,97,17,,,,,,,1099,,2,,4,573,,,,,,,0,0,000000000,00000000000,0,0,0,1,0,0,0,0,0,0,0,998,0,0,0,0,0,9,2,1,0,0,0,1,48,75633,1,1,0,0,2,0,999,999,0,2,0,0,0,7,2010,8,2010,1,92,0,0,0,1,2,70,2,1,8,1,0,0,14,10,99,1,2,98,1,0
48,480258,1,2,4,15,2,11,39,12,6,1,0,48,3,84,881,84881,62,2010,1HTMRAAL3AH1,1,H,T,M,R,A,A,L,3,A,H,1,0,T,INTL,4LP,CC,10,17,,6,0,0,40S,D,,,6,466,,,,,00000,00,,42,0,88,888888888,88888888888,2,1,1,1,0,0,0,0,0,6,1,998,0,0,0,12,12,4,3,12,0,0,0,1,48,78669,6,1,0,0,3,0,999,999,0,0,0,0,0,0,0,0,0,0,0,0,0,0,1,4,98,1,8,8,98,3,3,1,66,1,1,1,88,0,0
48,480258,2,2,1,15,2,11,39,12,6,1,0,48,1,49,51,49051,3,2007,JTDJT9235750,J,T,D,J,T,9,2,3,5,7,5,0,0,P,TOYT,YAR,2H,7,17,2290,,0,969,,G,,F,4,092,,,14R175,,,,,,0,0,000000000,00000000000,0,0,0,1,0,0,0,0,0,0,0,998,0,0,0,9,9,4,3,12,0,0,0,1,48,78741,6,1,6,0,3,3,999,999,0,0,0,1,0,6,2008,6,2008,0,38,0,0,0,4,3,35,1,1,8,1,3,3,1,17,1,1,1,89,1,0
48,480260,1,2,1,17,2,10,32,12,6,1,0,48,1,53,402,53402,14,2001,2S3TC52C3161,2,S,3,T,C,5,2,C,3,1,6,1,0,P,SUZI,VIT,UT,1,17,2690,,0,866,,G,,F,4,122,,,16R215,,,,,,0,0,000000000,00000000000,0,0,0,1,0,0,0,0,0,0,0,998,0,0,0,3,3,6,2,12,0,0,0,1,48,75756,6,1,0,0,3,3,999,999,0,0,0,0,0,0,0,0,0,0,80,0,0,0,1,2,70,1,1,8,1,0,0,1,1,99,4,2,64,1,0
48,480260,2,2,1,17,2,10,32,12,6,1,0,48,1,34,35,34035,5,2010,WBASN2C52AC2,W,B,A,S,N,2,C,5,2,A,C,2,0,P,BMW,53G,4H,10,17,0,,0,1207,,G,,T,6,183,,,18R245,,,,,,0,0,000000000,00000000000,0,0,0,1,0,0,0,0,0,0,0,998,0,0,0,12,12,6,2,12,0,0,0,1,48,75035,6,1,0,0,3,0,999,999,0,0,0,0,0,0,0,0,0,0,0,0,0,0,1,2,70,1,1,8,1,0,0,1,62,7,1,1,65,0,0
48,480261,1,1,7,17,2,14,32,1,0,1,0,48,2,20,422,20422,15,2007,1GNFC16J47J4,1,G,N,F,C,1,6,J,4,7,J,4,0,P,CHEV,C15,UT,7,17,5613,,0,1300,,G,,F,8,323,,,17R265,,,,,,0,0,000000000,00000000000,0,0,0,1,0,0,0,0,0,0,0,998,0,2,1,0,0,4,3,1,0,0,0,1,48,75783,6,1,0,0,3,3,999,999,0,0,0,0,0,0,0,0,0,0,58,91,0,0,1,2,55,1,2,8,1,0,0,1,13,6,3,6,98,1,0
48,480262,1,1,2,18,2,23,58,8,0,1,0,48,2,41,402,41402,14,2004,4F2CZ04134KM,4,F,2,C,Z,0,4,1,3,4,K,M,0,P,MAZD,TRI,UT,4,17,3321,,0,1031,,G,,F,6,181,,,16R235,,,,,,0,0,000000000,00000000000,0,0,0,1,0,0,0,0,0,0,0,998,0,0,0,10,10,2,1,8,0,0,0,1,48,76543,6,1,0,0,3,0,999,999,0,0,0,0,0,0,0,0,0,0,0,0,0,0,1,2,55,1,1,8,1,0,0,15,80,6,1,2,13,0,0
48,480263,1,1,1,19,2,23,31,59,0,1,0,48,2,37,32,37032,4,1993,1HGCB7671PA0,1,H,G,C,B,7,6,7,1,P,A,0,0,P,HOND,AEX,4D,93,17,2987,,0,1071,,G,,F,4,132,,,15R195,,,,,,0,0,000000000,00000000000,0,0,0,1,0,0,0,0,0,0,0,998,0,1,5,99,0,4,3,1,0,0,0,1,48,75961,6,1,0,0,3,0,999,999,0,0,0,0,0,0,0,0,0,1,0,0,0,0,1,2,99,3,1,8,1,0,0,14,13,1,1,4,1,1,1
48,480264,1,1,1,19,2,17,37,1,0,1,0,48,2,77,706,77706,80,2001,5VPCB15D0130,5,V,P,C,B,1,5,D,0,1,3,0,0,M,VCTY,V92,RS,1,17,,,,,,,1507,,2,,,999,,,,,,,0,0,000000000,00000000000,0,0,0,1,0,0,0,0,0,0,0,94,0,0,0,0,0,9,2,1,0,0,0,1,48,75662,6,1,0,0,2,0,999,999,0,0,0,1,0,8,2010,8,2010,1,0,0,0,0,1,2,55,1,2,8,1,0,0,1,4,1,7,1,98,1,1
48,480265,1,3,1,19,2,10,40,12,6,1,0,48,2,20,481,20481,31,1993,2GBEK19K3P11,2,G,B,E,K,1,9,K,3,P,1,1,0,T,CHEV,GK1,PC,93,17,,2,1555,1415,GM4,G,,,8,350,,,,B,4401,05,,44,0,0,000000000,00000000000,0,0,0,1,0,0,0,0,0,0,0,998,0,0,0,12,12,2,1,12,0,0,0,1,48,77355,6,1,0,0,3,0,999,999,0,0,0,1,0,2,2008,2,2008,0,0,0,0,0,4,4,99,1,1,8,1,3,3,1,66,1,1,1,88,0,0
48,480265,2,3,1,19,2,10,40,12,6,1,0,35,1,19,3,19003,2,1992,1G6CD13BXN43,1,G,6,C,D,1,3,B,X,N,4,3,0,P,CADI,DFW,CP,92,17,3591,,0,1108,,G,,F,8,300,,,15R205,,,,,,0,0,000000000,00000000000,0,0,0,1,0,0,0,0,0,0,0,998,0,0,0,9,9,4,3,12,0,0,0,1,48,77070,6,1,0,0,3,3,999,999,0,0,0,0,0,0,0,0,0,0,39,0,0,0,1,4,50,1,1,1,1,3,3,4,17,1,1,1,89,1,0