STATE,ST_CASE,VEH_NO,VE_FORMS,NUMOCCS,DAY,MONTH,HOUR,MINUTE,HARM_EV,MAN_COLL,UNITTYPE,HIT_RUN,REG_STAT,OWNER,MAKE,MODEL,MAK_MOD,BODY_TYP,MOD_YEAR,VIN,VIN_1,VIN_2,VIN_3,VIN_4,VIN_5,VIN_6,VIN_7,VIN_8,VIN_9,VIN_10,VIN_11,VIN_12,TOW_VEH,VINTYPE,VINMAKE,VINA_MOD,VIN_BT,VINMODYR,VIN_LNGT,VIN_WGT,WGTCD_TR,WHLBS_LG,WHLBS_SH,SER_TR,FUELCODE,MCYCL_DS,CARBUR,CYLINDER,DISPLACE,MCYCL_CY,MCYCL_WT,TIRE_SZE,TON_RAT,TRK_WT,TRKWTVAR,VIN_REST,WHLDRWHL,J_KNIFE,MCARR_I1,MCARR_I2,MCARR_ID,GVWR,V_CONFIG,CARGO_BT,HAZ_INV,HAZ_PLAC,HAZ_ID,HAZ_CNO,HAZ_REL,BUS_USE,SPEC_USE,EMER_USE,TRAV_SP,UNDERIDE,ROLLOVER,ROLINLOC,IMPACT1,IMPACT2,DEFORMED,TOWED,M_HARM,VEH_SC1,VEH_SC2,FIRE_EXP,DR_PRES,L_STATE,DR_ZIP,L_STATUS,L_TYPE,CDL_STAT,L_ENDORS,L_COMPL,L_RESTRI,DR_HGT,DR_WGT,PREV_ACC,PREV_SUS,PREV_DWI,PREV_SPD,PREV_OTH,FIRST_MO,FIRST_YR,LAST_MO,LAST_YR,SPEEDREL,DR_SF1,DR_SF2,DR_SF3,DR_SF4,VTRAFWAY,VNUM_LAN,VSPD_LIM,VALIGN,VPROFILE,VPAVETYP,VSURCOND,VTRAFCON,VTCONT_F,P_CRASH1,P_CRASH2,P_CRASH3,PCRASH4,PCRASH5,ACC_TYPE,DEATHS,DR_DRINK
48,480372,1,2,3,3,3,21,20,12,6,1,0,48,2,12,481,12481,31,2006,1FTPW12V56KD,1,F,T,P,W,1,2,V,5,6,K,D,0,T,FORD,F1S,CW,6,17,,2,0,1390,COF,F,,,8,329,,,,B,5176,01,E,42,0,0,000000000,00000000000,0,0,0,1,0,0,0,0,0,0,0,998,0,0,0,12,12,4,3,8,0,0,0,1,48,76123,6,1,0,0,3,0,999,999,1,0,0,0,0,3,2008,3,2008,0,0,0,0,0,1,2,65,1,3,8,1,4,3,1,80,1,1,1,98,0,0
48,480372,2,2,0,3,3,21,20,12,6,1,0,48,6,76,706,76706,80,2008,JYAVP11E78A1,J,Y,A,V,P,1,1,E,7,8,A,1,0,M,YAMA,XVS,RS,8,17,,,,,,,1063,,2,,4,600,,,,,,,0,0,000000000,00000000000,0,0,0,1,0,0,0,0,0,0,0,0,0,0,0,9,99,9,8,12,33,0,0,0,0,99997,7,6,97,7,6,7,998,997,998,998,998,998,998,98,9998,98,9998,8,0,0,0,0,1,2,65,1,3,8,1,4,3,0,53,0,0,0,98,0,0
48,480373,1,1,1,3,3,21,25,8,0,1,1,48,1,55,37,55037,2,2003,KMHHN65F63U0,K,M,H,H,N,6,5,F,6,3,U,0,0,P,HYUN,TGT,CP,3,17,3015,,0,996,,G,,F,6,162,,,17R215,,,,,,0,0,000000000,00000000000,0,0,0,1,0,0,0,0,0,0,0,998,0,0,0,12,12,2,3,8,0,0,0,1,48,77078,6,1,0,0,3,0,999,999,0,0,0,1,0,4,2009,4,2009,0,0,0,0,0,3,2,65,1,2,8,1,0,0,1,80,1,1,1,13,0,0
48,480374,1,3,1,4,3,20,53,52,0,1,0,93,3,51,881,51881,66,2007,4V4MC9GF57N3,4,V,4,M,C,9,G,F,5,7,N,3,1,T,VOLV,VNM,TR,7,17,,8,0,0,VVN,D,,,6,732,,,,,00000,00,,64,1,57,36684,5736684,3,6,1,2,2,2222,8,2,0,0,0,998,0,0,0,12,12,6,2,2,0,0,1,1,48,78233,6,1,6,1,3,3,999,999,0,0,0,0,0,0,0,0,0,0,0,0,0,0,3,3,65,1,1,8,1,0,0,1,13,1,1,4,1,1,1
48,480374,2,3,1,4,3,20,53,52,0,1,0,18,3,51,881,51881,66,2010,4V4N19TG9AN2,4,V,4,N,1,9,T,G,9,A,N,2,1,T,VOLV,VNL,TR,10,17,,7,0,0,VVN,D,,,6,915,,,,,00000,00,,42,3,99,999999999,99999999999,3,6,1,2,2,9999,3,1,0,0,0,998,0,0,0,12,12,6,2,25,0,0,0,1,48,78114,6,1,6,1,3,1,999,999,1,0,0,0,0,4,2009,4,2009,0,0,0,0,0,3,3,65,1,1,8,1,0,0,1,90,1,1,1,98,0,0
48,480374,3,3,2,4,3,20,53,52,0,1,0,48,2,12,481,12481,31,2007,1FTPW14V17KC,1,F,T,P,W,1,4,V,1,7,K,C,0,T,FORD,F1S,CW,7,17,,2,0,1390,COF,F,,,8,329,,,,B,5476,01,E,44,0,0,000000000,00000000000,0,0,0,1,0,0,0,0,0,0,0,998,0,0,0,12,12,4,3,54,0,0,0,1,48,77493,6,1,0,0,3,0,999,999,0,0,0,0,0,0,0,0,0,0,0,0,0,0,3,3,65,1,1,8,1,0,0,1,90,1,1,1,98,0,0
48,480375,1,1,1,4,3,22,5,1,0,1,0,48,2,20,481,20481,31,1999,1GCHC33J1XF0,1,G,C,H,C,3,3,J,1,X,F,0,0,T,CHEV,GC3,CW,99,17,,2,1685,1545,GM4,G,,,8,454,,,,D,00000,00,,42,0,0,000000000,00000000000,0,0,0,1,0,0,0,0,0,0,0,998,0,2,1,0,3,6,2,1,0,0,0,1,48,75124,6,1,0,0,3,0,63,200,0,0,0,0,0,0,0,0,0,1,0,0,0,0,1,2,55,3,2,8,1,0,0,14,13,6,4,6,98,1,1
48,480376,1,1,2,5,3,7,28,32,0,1,0,48,2,37,32,37032,4,2007,3HGCM56407G7,3,H,G,C,M,5,6,4,0,7,G,7,0,P,HOND,ULX,4D,7,17,3197,,0,1079,,G,,F,4,146,,,15R205,,,,,,0,0,000000000,00000000000,0,0,0,1,0,0,0,0,0,0,0,998,0,1,5,3,3,6,2,1,0,0,0,1,48,75068,6,1,0,0,3,0,999,999,0,0,0,1,0,7,2009,7,2009,1,0,0,0,0,1,2,40,3,1,2,1,0,0,6,6,1,4,4,2,1,1
48,480377,1,3,2,5,3,16,18,12,1,1,0,48,1,20,2,20002,4,2004,2G1WH52K0493,2,G,1,W,H,5,2,K,0,4,9,3,0,P,CHEV,IPL,4D,4,17,3466,,0,1105,,G,,F,6,231,,,16R225,,,,,,0,0,000000000,00000000000,0,0,0,1,0,0,0,0,0,0,0,0,0,0,0,6,6,4,3,12,0,0,0,1,48,77575,6,1,0,0,3,0,999,999,0,0,0,1,0,8,2009,8,2009,0,54,0,0,0,3,3,65,1,1,8,1,0,0,5,53,1,1,1,21,0,0
48,480377,2,3,1,5,3,16,18,12,1,1,0,48,1,20,16,20016,4,1993,1G1JC5447P73,1,G,1,J,C,5,4,4,7,P,7,3,0,P,CHEV,CRV,4D,93,17,2509,,0,1013,,G,,F,4,133,,,14R185,,,,,,0,0,000000000,00000000000,0,0,0,1,0,0,0,0,0,0,0,998,0,0,0,12,12,6,2,12,0,0,0,1,48,77018,6,1,0,0,3,0,999,999,0,0,0,1,0,8,2009,8,2009,0,0,0,0,0,3,3,65,1,1,8,1,0,0,1,50,1,1,1,20,1,0
48,480377,3,3,2,5,3,16,18,12,1,1,0,48,1,42,401,42401,14,1998,4JGAB54E2WA0,4,J,G,A,B,5,4,E,2,W,A,0,0,P,MERZ,ML3,UT,98,17,4210,,0,1110,,G,,F,6,195,,,16R255,,,,,,0,0,000000000,00000000000,0,0,0,1,0,0,0,0,0,0,0,998,0,0,0,12,12,4,3,12,0,0,0,1,48,77521,6,1,0,0,3,0,999,999,0,3,0,0,0,5,2008,5,2009,0,0,0,0,0,3,3,65,1,1,8,1,0,0,1,50,1,1,1,98,0,0
48,480378,1,2,1,5,3,10,41,12,6,1,0,48,2,53,40,53040,4,2009,JS2YC4145962,J,S,2,Y,C,4,1,4,5,9,6,2,0,P,SUZI,SXS,4D,9,17,2668,,0,984,,G,,F,4,122,,,17R205,,,,,,0,0,000000000,00000000000,0,0,0,1,0,0,0,0,0,0,0,998,0,0,0,3,3,4,3,12,0,0,0,1,48,78729,6,1,0,0,3,3,999,999,1,0,0,1,1,3,2008,5,2008,1,58,0,0,0,1,4,55,3,3,8,1,0,0,14,6,6,4,6,64,1,0
48,480378,2,2,1,5,3,10,41,12,6,1,0,48,1,37,421,37421,15,2003,2HKYF18663H5,2,H,K,Y,F,1,8,6,6,3,H,5,0,P,HOND,PIL,UT,3,17,4439,,0,1063,,G,,F,6,212,,,16R235,,,,,,0,0,000000000,00000000000,0,0,0,1,0,0,0,0,0,0,0,998,0,0,0,12,12,4,3,12,0,0,0,1,48,78641,6,1,0,0,3,3,999,999,0,0,0,0,0,0,0,0,0,0,0,0,0,0,1,4,55,1,3,8,1,0,0,1,62,1,1,1,65,0,0
48,480379,1,2,4,6,3,17,13,12,6,1,0,48,2,7,482,7482,31,2008,1D7HA18228S5,1,D,7,H,A,1,8,2,2,8,S,5,0,T,DODG,SQ1,CW,8,17,,2,1605,1405,RPC,G,,,8,348,,,,B,4889,00,E,42,0,0,000000000,00000000000,0,0,0,1,0,0,0,0,0,0,0,998,0,0,0,12,12,2,1,12,0,0,0,1,48,75460,6,1,6,0,3,3,999,999,0,0,0,0,0,0,0,0,0,0,0,0,0,0,1,2,70,1,1,8,1,0,0,1,64,8,1,2,98,0,0
48,480379,2,2,2,6,3,17,13,12,6,1,0,48,2,76,706,76706,80,2008,JYAVP28EX8A0,J,Y,A,V,P,2,8,E,X,8,A,0,0,M,YAMA,X17,RS,8,17,,,,,,,1670,,2,,4,694,,,,,,,0,0,000000000,00000000000,0,0,0,1,0,0,0,0,0,0,0,998,0,0,0,7,7,9,3,12,0,0,0,1,48,75835,6,1,0,0,3,0,999,999,1,0,0,0,0,7,2008,7,2008,0,48,0,0,0,1,2,70,1,1,8,1,0,0,12,98,1,1,7,98,1,0
48,480380,1,1,2,6,3,18,35,25,0,1,0,48,2,22,19,22019,2,2007,1G2AL15F8772,1,G,2,A,L,1,5,F,8,7,7,2,0,P,PONT,G/5,CP,7,17,2991,,0,1035,,G,,F,4,134,,,15R195,,,,,,0,0,000000000,00000000000,0,0,0,1,0,0,0,0,0,0,0,998,0,1,1,1,1,6,2,25,0,0,0,1,48,79912,6,1,0,0,3,0,999,999,0,0,0,0,0,0,0,0,0,0,58,0,0,0,3,2,65,1,1,8,1,0,0,1,13,99,1,4,1,1,0
48,480382,1,3,1,8,3,7,40,12,6,1,0,48,1,23,401,23401,14,2004,1GKDT13S4422,1,G,K,D,T,1,3,S,4,4,2,2,0,T,GMC,ENV,4W,4,17,,1,0,1130,ENV,G,,,6,256,,,,B,4616,00,E,44,0,0,000000000,00000000000,0,0,0,1,0,0,0,0,0,0,0,998,0,1,1,3,3,4,3,12,0,0,0,1,48,77377,6,1,0,0,3,3,999,999,0,0,0,0,0,0,0,0,0,0,51,0,0,0,1,6,40,1,1,8,2,0,0,1,5,6,4,2,64,0,0
48,480382,2,3,1,8,3,7,40,12,6,1,0,48,1,34,34,34034,1,1997,4USCH7322VLB,4,U,S,C,H,7,3,2,2,V,L,B,0,P,BMW,UZ9,CV,97,17,2701,,0,963,,G,,F,4,116,,,16R225,,,,,,0,0,000000000,00000000000,0,0,0,1,0,0,0,0,0,0,0,998,0,0,0,12,12,4,3,12,0,0,0,1,48,77429,6,1,0,0,3,3,999,999,0,0,0,0,0,0,0,0,0,0,0,0,0,0,1,6,40,1,1,8,2,0,0,1,62,1,1,1,65,1,0
48,480382,3,3,1,8,3,7,40,12,6,1,0,48,1,13,482,13482,31,2007,5LTPW16587FJ,5,L,T,P,W,1,6,5,8,7,F,J,0,T,LINC,MLT,CW,7,17,,2,1500,1390,MRK,G,,,8,329,,,,,5316,00,E,42,0,0,000000000,00000000000,0,0,0,1,0,0,0,0,0,0,0,998,0,0,0,62,62,4,3,12,0,0,0,1,48,77377,6,1,0,0,3,3,999,999,0,0,0,0,1,6,2009,6,2009,0,0,0,0,0,1,6,40,1,1,8,2,0,0,1,60,1,1,1,98,0,0
48,480383,1,2,1,8,3,15,52,12,6,1,1,99,9,12,481,12481,31,1998,1FTZX1726WNB,1,F,T,Z,X,1,7,2,6,W,N,B,0,T,FORD,F15,3C,98,17,,1,1570,1390,COF,G,,,6,256,,,,B,4067,02,E,42,0,0,000000000,00000000000,0,0,0,1,0,0,0,0,0,0,0,998,0,0,0,12,12,2,3,12,0,0,0,1,47,77597,1,1,0,0,2,0,68,210,0,0,0,0,0,0,0,0,0,0,91,0,0,0,5,4,40,1,1,8,2,0,0,1,62,1,1,1,69,0,0
48,480383,2,2,3,8,3,15,52,12,6,1,0,48,1,21,21,21021,4,2000,1G3NL52T8YC4,1,G,3,N,L,5,2,T,8,Y,C,4,0,P,OLDS,A/G,4D,0,17,3022,,0,1070,,G,,F,4,146,,,15R215,,,,,,0,0,000000000,00000000000,0,0,0,1,0,0,0,0,0,0,0,998,0,0,0,3,3,2,3,12,0,0,0,1,48,77521,6,1,0,0,3,3,999,999,0,0,0,1,0,12,2010,12,2010,0,48,0,0,0,5,4,40,1,1,8,2,0,0,11,15,1,1,1,68,1,0
48,480384,1,2,1,8,3,5,57,12,6,1,0,48,1,82,881,82881,66,1999,1FUYSSEB5XL9,1,F,U,Y,S,S,E,B,5,X,L,9,1,T,FRHT,FC2,TR,99,17,,8,0,0,CON,D,,,6,774,,,,,00000,00,,64,1,57,1962714,571962714,3,6,4,1,0,0,0,0,0,0,0,998,0,1,5,83,83,9,2,12,0,0,0,1,48,75074,6,1,6,0,3,0,999,999,1,1,0,2,7,5,2008,1,2010,0,38,0,0,0,5,5,55,1,1,8,1,0,0,11,15,1,1,1,68,0,0
48,480384,2,2,1,8,3,5,57,12,6,1,0,99,9,85,881,85881,66,2004,3WKDA48X64F0,3,W,K,D,A,4,8,X,6,4,F,0,3,T,KW,T80,TR,4,17,,8,2600,1600,CON,D,,,6,915,,,,,00000,00,,42,1,57,239039,57239039,3,8,98,1,0,0,0,0,0,0,0,998,0,0,0,12,12,6,2,12,0,0,0,1,48,79764,6,1,6,1,3,0,999,999,2,0,0,0,0,6,2008,9,2008,0,0,0,0,0,5,4,55,1,1,8,1,0,0,1,62,1,1,1,69,1,0
48,480385,1,2,1,9,3,16,17,12,6,1,0,48,1,12,401,12401,14,1996,1FMDU32P0TZA,1,F,M,D,U,3,2,P,0,T,Z,A,0,P,FORD,EPR,UT,96,17,3952,,0,1115,,G,,F,8,302,,,15R225,,,,,,0,0,000000000,00000000000,0,0,0,1,0,0,0,0,0,0,0,998,0,1,1,4,4,6,2,2,0,0,1,1,48,75703,6,1,0,0,3,2,999,999,0,0,0,0,0,0,0,0,0,0,48,74,0,0,5,4,45,1,2,8,1,0,0,10,11,1,1,2,70,1,0
48,480385,2,2,3,9,3,16,17,12,6,1,0,48,2,23,421,23421,15,2008,1GKFC16J48R2,1,G,K,F,C,1,6,J,4,8,R,2,0,T,GMC,CX1,4W,8,17,,2,0,1300,YUK,G,,,8,323,,,,B,5608,00,W,42,0,0,000000000,00000000000,0,0,0,1,0,0,0,0,0,0,0,998,0,0,0,12,12,4,3,12,0,0,0,1,48,75684,6,1,0,0,3,3,999,999,0,0,0,0,0,0,0,0,0,0,0,0,0,0,5,4,45,1,2,8,1,0,0,1,60,1,1,1,71,0,0
48,480386,1,1,1,10,3,17,0,1,0,1,0,48,1,20,481,20481,31,1990,2GCEC19K8L11,2,G,C,E,C,1,9,K,8,L,1,1,0,T,CHEV,GC1,PC,90,17,,2,1555,1415,GM4,G,,,8,350,,,,B,4042,06,,42,0,0,000000000,00000000000,0,0,0,1,0,0,0,0,0,0,0,998,0,2,1,0,0,6,2,1,0,0,0,1,48,76520,6,1,0,0,3,0,999,999,1,0,0,0,1,5,2009,9,2010,0,58,0,0,0,1,2,70,1,1,8,1,0,0,1,13,6,9,6,98,1,0
48,480387,1,2,2,10,3,14,30,12,6,1,0,19,1,20,481,20481,31,2005,1GCHK23255F8,1,G,C,H,K,2,3,2,5,5,F,8,0,T,CHEV,2KH,CW,5,17,,2,1670,1530,SIL,D,,,8,403,,,,C,6056,03,,44,0,0,000000000,00000000000,0,0,0,1,0,0,0,0,0,0,0,998,0,0,0,12,12,2,3,12,0,0,0,1,19,50538,6,1,0,0,3,3,71,174,0,0,0,0,0,0,0,0,0,0,38,39,91,0,4,3,55,1,1,8,1,20,3,1,17,1,1,1,86,0,0
48,480387,2,2,1,10,3,14,30,12,6,1,0,48,2,20,16,20016,2,1997,1G1JF12T8V72,1,G,1,J,F,1,2,T,8,V,7,2,0,P,CHEV,CZ2,CP,97,17,2749,,0,1041,,G,,F,4,146,,,16R205,,,,,,0,0,000000000,00000000000,0,0,0,1,0,0,0,0,0,0,0,998,0,0,0,3,3,6,2,12,0,0,0,1,48,78559,6,1,0,0,3,3,999,999,0,0,0,0,0,0,0,0,0,0,0,0,0,0,1,2,98,8,8,8,1,20,3,4,66,1,1,1,87,1,0
48,480388,1,1,1,10,3,17,6,42,0,1,0,48,2,7,442,7442,20,1999,2B4FP25B9XR2,2,B,4,F,P,2,5,B,9,X,R,2,0,P,DODG,CAR,SV,99,17,3415,,0,1133,,G,,F,4,148,,,14R205,,,,,,0,0,000000000,00000000000,0,0,0,1,0,0,0,0,0,0,0,998,0,0,0,12,12,6,2,42,0,0,0,1,48,75670,6,1,0,0,3,0,999,999,0,0,0,0,0,0,0,0,0,1,24,0,0,0,2,2,65,1,2,8,1,0,0,6,6,1,9,4,7,1,0
48,480389,1,1,1,11,3,20,2,8,0,1,0,48,1,2,403,2403,14,2004,1J4FA49S94P7,1,J,4,F,A,4,9,S,9,4,P,7,0,T,JEEP,SPW,2W,4,17,,1,0,934,W/T,G,,,6,244,,,,,3343,00,E,44,0,0,000000000,00000000000,0,0,0,1,0,0,0,0,0,0,0,998,0,0,0,12,12,2,3,8,0,0,0,1,48,77041,6,1,0,0,3,3,999,999,0,0,0,0,2,12,2009,10,2010,0,0,0,0,0,6,1,45,1,1,8,1,0,0,1,80,1,1,1,13,0,0
48,480390,1,2,1,11,3,16,45,1,0,1,0,48,1,37,32,37032,4,2000,1HGCG5661YA0,1,H,G,C,G,5,6,6,1,Y,A,0,0,P,HOND,UEX,4D,0,17,3086,,0,1069,,G,,F,4,138,,,15R195,,,,,,0,0,000000000,00000000000,0,0,0,1,0,0,0,0,0,0,0,998,0,2,3,0,99,6,2,1,0,0,0,1,48,78216,6,1,0,0,3,0,999,999,0,0,0,0,0,0,0,0,0,1,58,0,0,0,2,4,55,1,1,8,1,0,0,1,13,99,9,4,1,1,0
48,480390,2,2,2,11,3,16,45,1,0,1,0,48,1,7,422,7422,15,2009,1D8HD48P99F7,1,D,8,H,D,4,8,P,9,9,F,7,0,P,DODG,DUR,UT,9,17,4536,,0,1192,,G,,F,8,287,,,000000,,,,,,0,0,000000000,00000000000,0,0,0,1,0,0,0,0,0,0,0,998,0,0,0,13,13,6,2,12,0,0,0,1,48,78640,6,1,0,0,3,3,999,999,0,0,0,0,0,0,0,0,0,0,0,0,0,0,4,2,98,8,8,8,1,0,0,1,64,1,1,1,98,0,0
48,480391,1,1,3,12,3,2,50,1,0,1,0,48,1,63,36,63036,6,2007,KNAFG5265771,K,N,A,F,G,5,2,6,5,7,7,1,0,P,KIA,ROE,SW,7,17,3443,,0,1063,,G,,F,6,162,,,16R205,,,,,,0,0,000000000,00000000000,0,0,0,1,0,0,0,0,0,0,0,998,0,9,5,0,0,4,3,1,0,0,0,1,48,76550,6,1,0,0,3,3,999,999,0,2,0,0,0,8,2008,8,2009,0,58,0,0,0,1,4,65,1,1,8,1,0,0,1,13,6,4,4,1,1,0
48,480392,1,1,1,12,3,0,8,1,0,1,0,48,2,20,481,20481,31,1996,2GCEC19W3T11,2,G,C,E,C,1,9,W,3,T,1,1,0,T,CHEV,GC1,PC,96,17,,2,1555,1415,GM4,G,,,6,262,,,,B,4068,02,,42,0,0,000000000,00000000000,0,0,0,1,0,0,0,0,0,0,0,97,0,9,3,0,0,4,3,1,0,0,0,1,48,76117,0,0,0,0,0,0,999,999,0,15,0,0,0,3,2008,1,2011,1,37,0,0,0,3,2,65,4,1,8,1,0,0,6,12,7,4,4,7,1,1
48,480393,1,1,3,12,3,16,55,1,0,1,0,48,0,20,481,20481,31,1999,1GCGK23R2XF0,1,G,C,G,K,2,3,R,2,X,F,0,0,T,CHEV,GK2,CW,99,17,,2,0,1545,GM4,G,,,8,350,,,,C,00000,00,,44,0,0,000000000,00000000000,0,0,0,1,0,0,0,0,0,0,0,998,0,2,1,0,0,6,2,1,0,0,0,1,48,76401,6,1,0,0,3,0,999,999,0,0,0,0,0,0,0,0,0,1,0,0,0,0,1,2,60,2,2,8,1,0,0,14,6,3,9,3,98,1,1
48,480394,1,1,1,12,3,14,45,33,0,1,0,48,1,53,706,53706,80,2005,JS1GW71A6521,J,S,1,G,W,7,1,A,6,5,2,1,0,M,SUZI,G13,RC,5,17,,,,,,,1298,,4,,4,478,,,,,,,0,0,000000000,00000000000,0,0,0,1,0,0,0,0,0,0,0,998,0,0,0,99,99,9,2,42,0,0,0,1,48,77073,6,1,6,0,3,0,999,999,1,1,0,0,0,12,2008,1,2010,1,0,0,0,0,2,2,35,1,1,8,1,0,0,1,12,1,1,4,6,1,1
48,480395,1,2,3,12,3,22,25,12,6,1,0,48,1,54,38,54038,3,2006,JH4DC54816S0,J,H,4,D,C,5,4,8,1,6,S,0,0,P,ACUR,RSX,2H,6,17,2809,,0,1012,,G,,F,4,122,,,16R205,,,,,,0,0,000000000,00000000000,0,0,0,1,0,0,0,0,0,0,0,998,0,0,0,7,7,4,3,12,0,0,0,1,48,77009,6,1,0,0,3,0,999,999,0,0,0,0,0,0,0,0,0,0,38,0,0,0,1,2,99,1,9,8,1,20,3,11,15,1,1,1,82,1,0
48,480395,2,2,1,12,3,22,25,12,6,1,0,48,1,37,33,37033,2,2001,JHMBB62421C0,J,H,M,B,B,6,2,4,2,1,C,0,0,P,HOND,PRE,CP,1,17,3009,,0,1017,,G,,F,4,132,,,16R205,,,,,,0,0,000000000,00000000000,0,0,0,1,0,0,0,0,0,0,0,998,0,0,0,12,12,4,3,12,0,0,0,1,48,77088,6,1,0,0,3,0,999,999,0,0,0,0,0,0,0,0,0,0,0,0,0,0,2,3,40,1,1,8,1,0,0,1,67,99,1,1,83,0,1
48,480396,1,3,1,12,3,12,33,12,1,1,0,48,2,73,706,73706,80,2001,JKBVNCB161B5,J,K,B,V,N,C,B,1,6,1,B,5,0,M,KAWK,V8B,RS,1,17,,,,,,,800,,2,,4,516,,,,,,,0,0,000000000,00000000000,0,0,0,1,0,0,0,0,0,0,0,998,0,0,0,12,12,9,2,12,0,0,0,1,48,76059,6,1,0,0,3,0,999,999,0,0,0,0,0,0,0,0,0,1,26,0,0,0,1,2,55,1,1,8,1,3,3,1,50,99,1,1,20,1,0
48,480396,2,3,2,12,3,12,33,12,1,1,0,48,0,20,37,20037,4,2001,1G1NE52J5161,1,G,1,N,E,5,2,J,5,1,6,1,0,P,CHEV,M/L,4D,1,17,3051,,0,1070,,G,,F,6,191,,,15R215,,,,,,0,0,000000000,00000000000,0,0,0,1,0,0,0,0,0,0,0,0,0,0,0,6,6,4,3,12,0,0,0,1,48,76059,0,0,0,0,0,0,999,999,0,0,0,0,0,0,0,0,0,0,92,0,0,0,1,2,55,1,1,8,1,3,3,5,53,1,1,1,21,0,0
48,480396,3,3,1,12,3,12,33,12,1,1,0,48,3,7,482,7482,31,2008,3D7KS29A48G1,3,D,7,K,S,2,9,A,4,8,G,1,0,T,DODG,ME2,CW,8,17,,2,0,1605,RPC,D,,,6,408,,,,C,6473,00,E,44,0,0,000000000,00000000000,0,0,0,1,0,0,0,0,0,0,0,0,0,0,0,2,2,2,1,54,0,0,0,1,48,76225,6,1,0,0,3,0,999,999,0,2,0,0,0,12,2008,3,2009,0,0,0,0,0,1,2,55,1,1,8,1,3,3,5,98,1,1,1,98,0,0
48,480397,1,2,2,12,3,17,41,12,6,1,0,48,1,20,481,20481,31,1971,CE141F811146,C,E,1,4,1,F,8,1,1,1,4,6,0,T,CHEV,C10,PK,71,12,,1,1270,1040,C10,G,,,8,,,,,B,,,,42,0,0,000000000,00000000000,0,0,0,1,0,0,0,0,0,0,0,998,0,0,0,4,4,2,3,12,0,0,0,1,48,75702,6,1,0,0,3,0,999,999,0,0,0,0,0,0,0,0,0,0,91,38,0,0,5,4,35,1,1,8,1,3,3,11,15,1,1,1,68,0,1
48,480397,2,2,1,12,3,17,41,12,6,1,0,48,2,76,705,76705,80,2004,JYARJ06E34A0,J,Y,A,R,J,0,6,E,3,4,A,0,0,M,YAMA,R6L,RC,4,17,,,,,,,599,,4,,4,412,,,,,,,0,0,000000000,00000000000,0,0,0,1,0,0,0,0,0,0,0,998,0,0,0,12,12,9,2,12,0,0,0,1,48,75706,6,1,0,0,2,0,78,148,0,0,0,1,1,1,2009,1,2009,0,0,0,0,0,5,4,35,1,1,8,1,3,3,1,62,1,1,1,69,1,0
48,480398,1,2,2,12,3,16,6,12,6,1,0,48,2,20,36,20036,2,2005,2G1WX12K0591,2,G,1,W,X,1,2,K,0,5,9,1,0,P,CHEV,M/T,CP,5,17,3395,,0,1105,,G,,F,6,231,,,16R225,,,,,,0,0,000000000,00000000000,0,0,0,1,0,0,0,0,0,0,0,998,0,0,0,3,3,6,2,12,0,0,0,1,48,76117,6,1,6,0,3,3,999,999,0,0,0,0,0,0,0,0,0,1,91,28,0,0,1,4,40,1,1,8,1,0,0,1,10,99,4,2,64,1,1
48,480398,2,2,3,12,3,16,6,12,6,1,0,48,1,20,481,20481,31,1983,1GCDC14H8DJ1,1,G,C,D,C,1,4,H,8,D,J,1,0,T,CHEV,C10,PK,83,17,,1,1315,1175,C10,G,,,8,305,,,,B,3258,03,,42,0,0,000000000,00000000000,0,0,0,1,0,0,0,0,0,0,0,998,0,0,0,12,12,6,2,12,0,0,0,1,48,76164,6,1,0,0,3,3,999,999,0,0,0,0,1,2,2010,2,2010,0,0,0,0,0,1,4,40,1,1,8,1,0,0,1,62,7,1,2,65,0,0
48,480399,1,2,25,13,3,19,0,12,6,1,0,48,3,98,981,98981,52,2003,5FYD2LL103U0,5,F,Y,D,2,L,L,1,0,3,U,0,0,U,,,,3,17,,,,,,,,,,,,,,,,,,,0,88,888888888,88888888888,3,21,22,1,0,0,0,0,6,0,0,998,0,0,0,12,12,4,9,12,0,0,0,1,48,78230,6,1,6,1,3,0,999,999,0,0,0,0,0,0,0,0,0,0,39,0,0,0,1,4,35,1,1,8,1,3,3,1,17,1,1,1,88,0,0
48,480399,2,2,1,13,3,19,0,12,6,1,0,48,1,59,36,59036,1,2002,JTHFN48Y6200,J,T,H,F,N,4,8,Y,6,2,0,0,0,P,LEXS,S43,CV,2,17,3840,,0,1031,,G,,F,8,262,,,18R245,,,,,,0,0,000000000,00000000000,0,0,0,1,0,0,0,0,0,0,0,998,0,0,0,9,9,6,2,12,0,0,0,1,48,78258,6,1,0,0,3,0,999,999,0,0,0,0,0,0,0,0,0,0,0,0,0,0,1,4,99,1,1,8,98,3,3,1,66,1,1,1,89,1,0
48,480400,1,1,1,13,3,15,53,42,0,1,0,48,1,12,422,12422,15,1997,1FMFU18L1VLB,1,F,M,F,U,1,8,L,1,V,L,B,0,P,FORD,EPT,UT,97,17,4827,,0,1190,,G,,F,8,330,,,16R255,,,,,,0,0,000000000,00000000000,0,0,0,1,0,0,0,0,0,0,0,998,0,0,0,11,11,6,2,42,0,0,0,1,48,78247,6,1,0,0,3,3,999,999,0,0,0,0,0,0,0,0,0,1,58,0,0,0,1,2,60,2,2,8,1,0,0,14,13,6,1,4,6,1,1