STATE,ST_CASE,VEH_NO,VE_FORMS,NUMOCCS,DAY,MONTH,HOUR,MINUTE,HARM_EV,MAN_COLL,UNITTYPE,HIT_RUN,REG_STAT,OWNER,MAKE,MODEL,MAK_MOD,BODY_TYP,MOD_YEAR,VIN,VIN_1,VIN_2,VIN_3,VIN_4,VIN_5,VIN_6,VIN_7,VIN_8,VIN_9,VIN_10,VIN_11,VIN_12,TOW_VEH,VINTYPE,VINMAKE,VINA_MOD,VIN_BT,VINMODYR,VIN_LNGT,VIN_WGT,WGTCD_TR,WHLBS_LG,WHLBS_SH,SER_TR,FUELCODE,MCYCL_DS,CARBUR,CYLINDER,DISPLACE,MCYCL_CY,MCYCL_WT,TIRE_SZE,TON_RAT,TRK_WT,TRKWTVAR,VIN_REST,WHLDRWHL,J_KNIFE,MCARR_I1,MCARR_I2,MCARR_ID,GVWR,V_CONFIG,CARGO_BT,HAZ_INV,HAZ_PLAC,HAZ_ID,HAZ_CNO,HAZ_REL,BUS_USE,SPEC_USE,EMER_USE,TRAV_SP,UNDERIDE,ROLLOVER,ROLINLOC,IMPACT1,IMPACT2,DEFORMED,TOWED,M_HARM,VEH_SC1,VEH_SC2,FIRE_EXP,DR_PRES,L_STATE,DR_ZIP,L_STATUS,L_TYPE,CDL_STAT,L_ENDORS,L_COMPL,L_RESTRI,DR_HGT,DR_WGT,PREV_ACC,PREV_SUS,PREV_DWI,PREV_SPD,PREV_OTH,FIRST_MO,FIRST_YR,LAST_MO,LAST_YR,SPEEDREL,DR_SF1,DR_SF2,DR_SF3,DR_SF4,VTRAFWAY,VNUM_LAN,VSPD_LIM,VALIGN,VPROFILE,VPAVETYP,VSURCOND,VTRAFCON,VTCONT_F,P_CRASH1,P_CRASH2,P_CRASH3,PCRASH4,PCRASH5,ACC_TYPE,DEATHS,DR_DRINK
48,480502,1,2,1,8,4,16,9,12,6,1,0,48,1,76,705,76705,80,2001,JYARJ04E31A0,J,Y,A,R,J,0,4,E,3,1,A,0,0,M,YAMA,R6L,RC,1,17,,,,,,,599,,4,,4,365,,,,,,,0,0,000000000,00000000000,0,0,0,1,0,0,0,0,0,0,0,998,0,0,0,12,12,4,3,12,0,0,0,1,48,78073,6,1,0,0,2,0,999,999,0,0,0,0,0,0,0,0,0,0,0,0,0,0,2,2,35,1,1,8,1,0,0,1,62,1,1,1,69,1,0
48,480502,2,2,2,8,4,16,9,12,6,1,0,48,1,12,422,12422,15,2000,1FMRU15L0YLA,1,F,M,R,U,1,5,L,0,Y,L,A,0,P,FORD,EPT,UT,0,17,4886,,0,1191,,G,,F,8,330,,,16R255,,,,,,0,0,000000000,00000000000,0,0,0,1,0,0,0,0,0,0,0,998,0,0,0,3,3,4,1,12,0,0,0,1,48,78222,6,1,0,0,3,0,999,999,0,0,0,0,0,0,0,0,0,0,38,0,0,0,2,2,98,1,1,8,1,0,0,11,15,1,1,1,68,0,0
48,480503,1,1,2,14,1,2,14,30,0,1,0,48,2,35,39,35039,4,2002,JN1DA31D02T4,J,N,1,D,A,3,1,D,0,2,T,4,0,P,NISS,MGS,4D,2,17,3103,,0,1083,,G,,F,6,214,,,16R215,,,,,,0,0,000000000,00000000000,0,0,0,1,0,0,0,0,0,0,0,998,0,1,5,9,9,6,2,30,0,0,0,1,48,78224,6,1,0,0,3,0,999,999,0,0,0,0,0,0,0,0,0,1,36,58,0,0,1,2,30,1,1,8,1,0,0,10,6,99,3,4,2,1,1
48,480504,1,3,1,18,1,19,2,12,6,1,0,48,2,76,706,76706,80,2003,JYARN10E43A0,J,Y,A,R,N,1,0,E,4,3,A,0,0,M,YAMA,YFR,RC,3,17,,,,,,,998,,4,,4,382,,,,,,,0,0,000000000,00000000000,0,0,0,1,0,0,0,0,0,0,0,998,0,0,0,12,12,4,3,12,0,0,0,1,48,79904,6,1,0,0,3,0,999,999,1,0,0,1,0,3,2009,6,2010,0,38,39,0,0,2,2,45,1,1,2,1,3,3,3,17,1,1,1,69,1,0
48,480504,2,3,2,18,1,19,2,12,6,1,0,48,1,20,39,20039,5,2009,KL1TD66E09B6,K,L,1,T,D,6,6,E,0,9,B,6,0,P,CHEV,LTS,5D,9,17,2547,,0,976,,G,,F,4,098,,,14R185,,,,,,0,0,000000000,00000000000,0,0,0,1,0,0,0,0,0,0,0,998,0,0,0,3,3,4,3,12,0,0,0,1,48,79936,6,1,0,0,3,0,999,999,0,0,0,0,0,0,0,0,0,0,0,0,0,0,2,2,45,1,1,2,1,3,3,11,98,1,1,1,68,0,0
48,480504,3,3,2,18,1,19,2,12,6,1,0,48,1,12,481,12481,31,2010,1FTFW1CV8AKA,1,F,T,F,W,1,C,V,8,A,K,A,0,T,FORD,F1S,CW,10,17,,2,1570,1450,COF,F,,,8,329,,,,B,5048,00,7,42,0,0,000000000,00000000000,0,0,0,1,0,0,0,0,0,0,0,998,0,0,0,1,1,2,1,12,0,0,0,1,48,79936,6,1,6,0,3,0,999,999,0,0,0,0,1,1,2008,1,2008,0,0,0,0,0,2,2,45,1,1,2,1,3,3,1,62,1,1,1,98,0,0
48,480505,1,1,3,20,1,16,21,8,0,1,0,48,1,20,2,20002,4,2001,2G1WH55K4191,2,G,1,W,H,5,5,K,4,1,9,1,0,P,CHEV,IPL,4D,1,17,3466,,0,1105,,G,,F,6,231,,,16R225,,,,,,0,0,000000000,00000000000,0,0,0,1,0,0,0,0,0,0,0,998,0,0,0,12,12,2,1,8,0,0,0,1,48,76707,6,1,0,0,3,0,999,999,0,0,0,0,1,1,2009,1,2009,0,0,0,0,0,1,2,30,1,1,8,1,0,0,1,80,1,1,1,13,0,0
48,480507,1,2,1,29,1,9,38,12,6,1,0,93,2,84,881,84881,66,2002,2HSCNASR42C0,2,H,S,C,N,A,S,R,4,2,C,0,1,T,INTL,94I,TR,2,17,,8,0,0,940,D,,,6,893,,,,,00000,00,,64,1,57,00940854,5700940854,3,6,3,1,0,0,0,0,0,0,0,998,0,0,0,3,3,2,1,12,0,0,0,1,26,49448,6,1,6,1,3,0,71,140,0,0,0,1,0,2,2008,2,2008,0,0,0,0,0,2,2,60,1,1,8,1,0,0,1,72,7,1,1,83,0,0
48,480507,2,2,1,29,1,9,38,12,6,1,0,48,1,37,706,37706,80,1988,1HFSC2205JA0,1,H,F,S,C,2,2,0,5,J,A,0,0,M,HOND,G15,RS,88,17,,,,,,,1500,,6,,4,793,,,,,,,0,0,000000000,00000000000,0,0,0,1,0,0,0,0,0,0,0,998,0,0,0,12,12,9,2,12,0,0,0,1,48,75639,6,1,0,0,3,0,999,999,0,0,0,0,0,0,0,0,0,0,38,0,0,0,0,0,0,0,0,0,0,0,0,98,98,1,1,7,82,1,0
48,480508,1,1,3,20,3,1,59,34,0,1,0,48,1,20,481,20481,31,2000,1GCGK29U1YE3,1,G,C,G,K,2,9,U,1,Y,E,3,0,T,CHEV,SK2,3C,0,17,,2,1575,1435,SIL,G,,,8,364,,,,C,5485,00,,44,0,0,000000000,00000000000,0,0,0,1,0,0,0,0,0,0,0,998,0,1,5,12,12,4,3,34,0,0,0,1,48,77563,1,1,0,0,2,0,999,999,0,5,0,4,1,4,2008,3,2011,1,58,0,0,0,1,2,25,3,2,8,1,0,0,14,13,6,4,4,7,1,1
48,480509,1,1,1,20,3,19,10,42,0,1,0,48,0,49,401,49401,14,1997,JT3GN86R3V00,J,T,3,G,N,8,6,R,3,V,0,0,0,P,TOYT,RUN,UT,97,17,3565,,0,1053,,G,,F,6,206,,,15R225,,,,,,0,0,000000000,00000000000,0,0,0,1,0,0,0,0,0,0,0,998,0,0,0,12,12,6,2,42,0,0,0,1,48,77067,0,0,0,0,0,0,999,999,0,0,0,0,0,0,0,0,0,0,0,0,0,0,1,2,45,1,1,8,1,0,0,1,12,1,1,4,6,1,1
48,480510,1,1,3,20,3,2,46,1,0,1,0,48,0,22,22,22022,4,2008,1G2ZH57N7841,1,G,2,Z,H,5,7,N,7,8,4,1,0,P,PONT,GGT,4D,8,17,3457,,0,1123,,G,,F,6,214,,,17R225,,,,,,0,0,000000000,00000000000,0,0,0,1,0,0,0,0,0,0,0,998,0,2,5,0,0,6,2,1,0,0,0,1,48,78343,4,1,0,0,2,0,999,999,1,0,0,0,0,3,2008,3,2008,1,58,92,0,0,1,2,55,1,1,8,1,0,0,1,13,6,4,4,7,1,1
48,480511,1,2,4,21,3,13,21,12,6,1,0,48,2,35,47,35047,4,1995,1N4BU31D9SC1,1,N,4,B,U,3,1,D,9,S,C,1,0,P,NISS,AGS,4D,95,17,2800,,0,1031,,G,,F,4,146,,,15R205,,,,,,0,0,000000000,00000000000,0,0,0,1,0,0,0,0,0,0,0,998,0,0,0,8,8,4,3,12,0,0,0,1,48,75227,0,0,0,0,0,0,999,999,0,0,0,0,0,0,0,0,0,0,48,0,0,0,4,6,35,1,1,2,1,3,3,11,15,1,1,1,72,1,0
48,480511,2,2,1,21,3,13,21,12,6,1,0,48,1,59,32,59032,4,2007,JTHBL46F1750,J,T,H,B,L,4,6,F,1,7,5,0,0,P,LEXS,L46,4D,7,17,4244,,0,1169,,G,,F,8,281,,,18R235,,,,,,0,0,000000000,00000000000,0,0,0,1,0,0,0,0,0,0,0,998,0,0,0,12,12,4,3,12,0,0,0,1,48,75013,6,1,0,0,3,3,999,999,0,0,0,0,0,0,0,0,0,0,0,0,0,0,4,6,35,1,1,2,1,3,3,1,61,1,1,1,73,0,0
48,480512,1,1,1,21,3,12,40,1,0,1,0,48,1,76,706,76706,80,2006,JYAVP04E96A0,J,Y,A,V,P,0,4,E,9,6,A,0,0,M,YAMA,ZTF,RS,6,17,,,,,,,1294,,4,,4,807,,,,,,,0,0,000000000,00000000000,0,0,0,1,0,0,0,0,0,0,0,998,0,0,0,0,0,9,2,1,0,0,0,1,48,77612,6,1,0,0,3,0,999,999,0,0,0,0,0,0,0,0,0,0,0,0,0,0,1,2,65,1,1,8,1,0,0,1,8,1,1,1,98,1,0
48,480513,1,2,1,21,3,15,25,12,2,1,0,22,1,41,402,41402,14,2006,4F2YZ041X6KM,4,F,2,Y,Z,0,4,1,X,6,K,M,0,P,MAZD,TRI,UT,6,17,3271,,0,1031,,G,,F,6,181,,,16R235,,,,,,0,0,000000000,00000000000,0,0,0,1,0,0,0,0,0,0,0,998,0,0,0,12,12,4,3,12,0,0,0,1,22,71409,6,1,0,0,3,3,65,135,0,0,0,0,1,8,2010,8,2010,0,51,0,0,0,1,4,70,1,2,8,1,0,0,1,10,1,1,2,50,1,0
48,480513,2,2,1,21,3,15,25,12,2,1,0,48,3,20,881,20881,63,2002,1GBT7H4CX2J5,1,G,B,T,7,H,4,C,X,2,J,5,0,T,CHEV,7H6,CB,2,17,,8,2810,1570,CSR,D,,,6,439,,,,,00000,00,,64,0,57,97235,5797235,3,2,3,1,0,0,0,0,0,0,0,998,0,0,0,12,12,4,3,12,0,0,0,1,48,75951,6,1,6,0,3,0,999,999,1,0,0,0,1,6,2008,6,2008,0,0,0,0,0,1,4,70,1,2,8,1,0,0,1,62,1,1,1,51,0,0
48,480514,1,1,1,22,3,19,53,39,0,1,0,48,2,18,7,18007,4,1999,2G4WS52M3X15,2,G,4,W,S,5,2,M,3,X,1,5,0,P,BUIC,CCU,4D,99,17,3353,,0,1090,,G,,F,6,191,,,15R205,,,,,,0,0,000000000,00000000000,0,0,0,1,0,0,0,0,0,0,0,998,0,0,0,3,3,6,2,39,0,0,0,1,48,75052,6,1,0,0,3,3,65,162,2,5,0,1,1,3,2008,2,2011,1,0,0,0,0,4,3,45,3,1,8,1,98,3,14,6,1,4,4,2,1,1
48,480515,1,2,1,23,3,23,35,8,0,1,0,93,3,85,881,85881,66,2012,1XKDDP9X2CJ2,1,X,K,D,D,P,9,X,2,C,J,2,1,T,KW,T80,TR,12,17,,8,2600,1600,CON,D,,,6,787,,,,,00000,00,,64,1,57,341492,57341492,3,6,97,1,0,0,0,0,0,0,0,998,0,0,0,12,12,4,3,8,0,0,0,1,48,76661,6,1,6,0,3,3,999,999,1,0,0,0,1,5,2009,11,2010,0,91,0,0,0,2,4,65,1,2,8,1,0,0,1,80,1,1,1,13,0,0
48,480515,3,2,0,23,3,23,35,8,0,1,0,40,6,7,482,7482,31,1997,3B7HF13Z2VG7,3,B,7,H,F,1,3,Z,2,V,G,7,0,T,DODG,150,PC,97,17,,2,1547,1387,RPC,G,,,8,360,,,,B,4764,01,M,44,0,0,000000000,00000000000,0,0,0,1,0,0,0,0,0,0,0,0,0,0,0,1,1,4,3,12,0,0,0,0,0,99997,7,6,97,7,6,7,998,997,998,998,998,998,998,98,9998,98,9998,8,54,0,0,0,2,4,65,1,2,8,1,0,0,0,98,0,0,0,98,0,0
48,480516,1,1,1,23,3,7,50,32,0,1,0,48,2,76,705,76705,80,2003,JYARJ06E33A0,J,Y,A,R,J,0,6,E,3,3,A,0,0,M,YAMA,R6L,RC,3,17,,,,,,,599,,4,,4,357,,,,,,,0,0,000000000,00000000000,0,0,0,1,0,0,0,0,0,0,0,998,0,0,0,12,12,6,2,32,0,0,0,1,48,77327,6,1,0,0,2,3,999,999,0,0,0,1,0,6,2010,6,2010,1,0,0,0,0,1,2,60,2,1,2,1,0,0,14,12,1,2,4,7,1,0
48,480517,1,2,2,24,3,11,17,12,6,1,0,48,2,7,482,7482,31,2007,1D7HA18247S2,1,D,7,H,A,1,8,2,4,7,S,2,0,T,DODG,SQ1,CW,7,17,,2,1605,1405,RPC,G,,,8,348,,,,B,4954,02,E,42,0,0,000000000,00000000000,0,0,0,1,0,0,0,0,0,0,0,998,0,0,0,12,12,4,3,12,32,0,0,1,48,78583,6,1,6,0,3,0,999,999,1,0,0,2,1,8,2008,7,2009,1,37,39,91,0,2,2,45,1,1,8,1,3,3,1,17,1,1,1,86,0,0
48,480517,2,2,2,24,3,11,17,12,6,1,0,48,1,35,47,35047,4,2005,1N4BL11DX5N4,1,N,4,B,L,1,1,D,X,5,N,4,0,P,NISS,ASR,4D,5,17,3101,,0,1102,,G,,F,6,214,,,17R215,,,,,,0,0,000000000,00000000000,0,0,0,1,0,0,0,0,0,0,0,998,0,0,0,3,0,6,2,12,0,0,0,1,48,78552,6,1,0,0,3,0,999,999,1,0,0,0,0,5,2008,5,2008,0,0,0,0,0,4,2,99,1,1,8,1,3,3,1,66,1,1,1,87,1,0
48,480518,1,1,1,4,3,12,13,35,0,1,0,48,1,12,37,12037,4,2007,1FAFP34NX7W3,1,F,A,F,P,3,4,N,X,7,W,3,0,P,FORD,FMS,4D,7,17,2636,,0,1029,,G,,F,4,122,,,15R195,,,,,,0,0,000000000,00000000000,0,0,0,1,0,0,0,0,0,0,0,998,0,1,5,12,12,4,3,35,0,0,0,1,48,75076,6,1,0,0,3,3,62,216,0,0,0,0,0,0,0,0,0,0,0,0,0,0,1,2,35,1,1,8,1,0,0,1,13,1,1,4,1,1,0
48,480519,1,2,1,5,3,10,0,12,6,1,0,40,1,37,441,37441,20,2008,5FNRL38788B0,5,F,N,R,L,3,8,7,8,8,B,0,0,P,HOND,UDY,SV,8,17,4550,,0,1181,,G,,F,6,214,,,16R235,,,,,,0,0,000000000,00000000000,0,0,0,1,0,0,0,0,0,0,0,998,0,0,0,12,12,4,3,12,0,0,0,1,40,73170,6,1,0,0,3,3,70,165,0,0,0,0,0,0,0,0,0,0,0,0,0,0,4,4,50,1,1,1,1,3,3,1,66,1,1,1,88,0,0
48,480519,2,2,1,5,3,10,0,12,6,1,0,48,1,41,45,41045,1,2000,JM1NB3536Y01,J,M,1,N,B,3,5,3,6,Y,0,1,0,P,MAZD,MIS,CV,0,17,2332,,0,892,,G,,F,4,112,,,14R185,,,,,,0,0,000000000,00000000000,0,0,0,1,0,0,0,0,0,0,0,998,0,0,0,9,9,4,3,12,0,0,0,1,48,77477,0,0,0,0,0,0,999,999,0,0,0,0,0,0,0,0,0,0,39,0,0,0,2,4,99,1,1,1,1,3,3,1,17,1,1,1,89,1,0
48,480520,1,1,1,7,3,18,55,11,0,1,0,48,2,52,34,52034,4,2000,4A3AA46G3YE0,4,A,3,A,A,4,6,G,3,Y,E,0,0,P,MITS,GES,4D,0,17,3075,,0,1037,,G,,F,4,143,,,15R195,,,,,,0,0,000000000,00000000000,0,0,0,1,0,0,0,0,0,0,0,998,0,0,0,12,12,4,3,11,0,0,0,1,48,75790,1,1,0,0,2,0,999,999,0,7,0,1,1,5,2008,2,2011,0,0,0,0,0,1,2,60,1,1,8,1,0,0,1,87,1,1,1,13,1,0
48,480521,1,1,1,10,3,13,5,1,0,1,0,48,1,20,422,20422,15,2004,1GNEC16Z04J1,1,G,N,E,C,1,6,Z,0,4,J,1,0,P,CHEV,C15,UT,4,17,4947,,0,1300,,F,,F,8,325,,,16R265,,,,,,0,0,000000000,00000000000,0,0,0,1,0,0,0,0,0,0,0,998,0,2,1,0,3,4,3,1,0,0,0,1,48,75852,6,1,0,0,3,3,999,999,1,0,0,0,0,12,2008,12,2008,1,58,0,0,0,1,2,65,3,1,8,1,0,0,14,6,6,4,6,98,1,1
48,480522,1,1,1,11,3,0,50,11,0,1,0,48,2,49,40,49040,4,2004,4T1BE32K94U8,4,T,1,B,E,3,2,K,9,4,U,8,0,P,TOYT,UXS,4D,4,17,3086,,0,1071,,G,,F,4,144,,,15R205,,,,,,0,0,000000000,00000000000,0,0,0,1,0,0,0,0,0,0,0,998,0,0,0,12,12,6,2,11,0,0,0,1,48,78681,6,1,0,0,3,3,999,999,0,0,0,0,0,0,0,0,0,0,83,0,0,0,1,2,60,1,2,8,1,0,0,1,87,1,1,1,13,1,0
48,480523,1,1,1,12,3,6,10,11,0,1,0,48,1,73,706,73706,80,2003,JKBVNAR153A0,J,K,B,V,N,A,R,1,5,3,A,0,0,M,KAWK,V5R,RS,3,17,,,,,,,1500,,2,,4,670,,,,,,,0,0,000000000,00000000000,0,0,0,1,0,0,0,0,0,0,0,998,0,0,0,12,12,9,3,1,0,0,0,1,48,78644,6,1,6,0,3,0,999,999,0,0,0,0,0,0,0,0,0,0,83,0,0,0,1,2,60,1,1,8,2,0,0,1,87,7,1,1,13,1,0
48,480524,1,1,1,12,3,19,20,1,0,1,0,48,1,14,443,14443,20,1996,4M2DV11W3TDJ,4,M,2,D,V,1,1,W,3,T,D,J,0,P,MERC,VLR,SV,96,17,0,,0,1122,,G,,F,6,182,,,15R205,,,,,,0,0,000000000,00000000000,0,0,0,1,0,0,0,0,0,0,0,998,0,2,5,0,3,6,2,1,0,0,0,1,48,78946,6,1,0,0,3,3,999,999,1,0,0,1,0,4,2008,9,2009,0,58,0,0,0,1,2,60,1,2,8,1,0,0,1,12,7,4,4,7,1,0
48,480525,1,1,1,12,3,20,45,32,0,1,0,48,2,20,481,20481,31,2006,1GCHK23D66F2,1,G,C,H,K,2,3,D,6,6,F,2,0,T,CHEV,2KH,CW,6,17,,2,1670,1530,SIL,D,,,8,403,,,,C,5883,02,,44,0,0,000000000,00000000000,0,0,0,1,0,0,0,0,0,0,0,998,0,1,5,12,9,6,2,1,0,0,0,1,48,76531,6,1,0,0,3,3,999,999,0,0,0,1,0,4,2009,4,2009,1,0,0,0,0,1,3,65,3,1,8,1,0,0,14,6,1,1,4,1,1,0
48,480526,1,2,2,13,3,4,45,12,1,1,0,48,1,51,881,51881,66,2000,4V4ND3RJ5YN2,4,V,4,N,D,3,R,J,5,Y,N,2,1,T,VOLV,VVN,TR,0,17,,8,0,0,VVN,D,,,6,774,,,,,00000,00,,64,1,57,136555,57136555,3,6,1,1,0,0,0,0,0,0,0,998,0,0,0,12,12,6,2,12,0,0,0,1,48,78574,6,1,6,0,3,0,999,999,0,0,0,0,0,0,0,0,0,0,0,0,0,0,3,4,60,1,2,8,1,0,0,1,60,1,1,1,32,0,0
48,480526,2,2,3,13,3,4,45,12,1,1,0,48,1,2,404,2404,14,1999,1J4GW58S6XC5,1,J,4,G,W,5,8,S,6,X,C,5,0,T,JEEP,LRO,4W,99,17,,1,0,1059,GCK,G,,,6,242,,,,,3809,00,E,44,0,0,000000000,00000000000,0,0,0,1,0,0,0,0,0,0,0,998,0,0,0,6,6,6,2,12,0,0,0,1,22,75228,6,1,0,0,3,0,71,210,0,0,0,1,0,5,2009,5,2009,0,27,0,0,0,3,4,60,1,2,8,1,0,0,15,11,1,1,2,32,2,0
48,480527,1,1,99,13,3,6,30,8,0,1,1,99,9,7,24,7024,4,9999,999999999999,9,9,9,9,9,9,9,9,9,9,9,9,0,,,,,,,,,,,,,,,,,,,,,,,,,0,0,000000000,00000000000,0,0,0,1,0,0,0,0,0,0,0,998,0,0,0,12,12,9,1,8,0,0,0,1,99,99999,9,9,99,9,9,9,999,999,99,99,99,99,99,99,9999,99,9999,0,0,0,0,0,2,6,50,1,1,8,1,0,0,1,80,1,1,1,13,0,0
48,480528,1,1,2,13,3,7,20,42,0,1,0,48,2,20,481,20481,31,1998,2GCEK19R7W11,2,G,C,E,K,1,9,R,7,W,1,1,0,T,CHEV,GK1,PC,98,17,,2,1555,1415,GM4,G,,,8,350,,,,B,00000,00,,44,0,0,000000000,00000000000,0,0,0,1,0,0,0,0,0,0,0,998,0,0,0,12,12,6,2,42,0,0,0,1,48,75633,1,1,6,0,2,0,999,999,0,5,0,1,1,7,2008,11,2010,0,0,0,0,0,2,4,65,1,1,8,1,0,0,1,13,1,1,4,1,1,1
48,480529,1,1,2,13,3,21,6,38,0,1,0,48,2,52,472,52472,31,2007,1Z7HC22K17S2,1,Z,7,H,C,2,2,K,1,7,S,2,0,T,MITS,RLS,4C,7,17,,2,0,1313,RAI,G,,,6,226,,,,,4317,00,U,42,0,0,000000000,00000000000,0,0,0,1,0,0,0,0,0,0,0,998,0,1,6,99,99,6,2,1,0,0,0,1,48,78644,6,1,0,0,3,0,999,999,0,0,0,2,0,6,2008,12,2009,1,0,0,0,0,1,2,45,1,1,8,8,0,0,1,6,1,9,4,7,1,0
48,480530,1,1,1,14,3,7,44,8,0,1,0,48,1,37,402,37402,14,2006,JHLRD77876C0,J,H,L,R,D,7,7,8,7,6,C,0,0,P,HOND,CRV,UT,6,17,3406,,0,1033,,G,,F,4,146,,,16R215,,,,,,0,0,000000000,00000000000,0,0,0,1,0,0,0,0,0,0,0,998,0,0,0,12,12,4,9,8,0,0,0,1,48,79907,6,1,0,0,3,0,999,999,0,0,0,1,0,10,2008,10,2008,0,0,0,0,0,5,4,35,1,1,8,1,0,0,1,80,1,1,1,13,0,0
48,480531,1,2,1,14,3,0,28,9,0,1,0,48,1,7,482,7482,31,2002,3B7MC33C32M3,3,B,7,M,C,3,3,C,3,2,M,3,0,T,DODG,Q35,4C,2,17,,3,0,1547,RPC,D,,,6,359,,,,D,5701,00,E,42,0,0,000000000,00000000000,0,0,0,1,0,0,0,0,0,0,0,998,0,0,0,9,9,2,1,9,0,0,0,1,48,77373,6,1,6,0,3,0,999,999,1,0,0,0,0,8,2009,8,2009,0,0,0,0,0,3,4,60,1,1,8,1,0,0,1,83,1,1,1,13,0,0
48,480531,2,2,99,14,3,0,28,9,0,1,1,37,9,12,401,12401,14,1997,1FMDU35P7VUC,1,F,M,D,U,3,5,P,7,V,U,C,0,P,FORD,EPR,UT,97,17,4166,,0,1115,,G,,F,8,302,,,15R225,,,,,,0,0,000000000,00000000000,0,0,0,1,0,0,0,0,0,0,0,998,0,0,0,14,14,2,4,9,0,0,0,1,99,99999,9,9,99,0,9,9,999,999,99,99,99,99,99,99,9999,99,9999,1,0,0,0,0,3,4,60,1,1,8,1,0,0,1,80,99,1,1,98,0,0
48,480532,1,2,2,14,3,15,20,12,6,1,0,22,3,6,43,6043,4,2010,1C3CC4FBXAN2,1,C,3,C,C,4,F,B,X,A,N,2,0,P,CHRY,STO,4D,10,17,3310,,0,1089,,G,,F,4,146,,,16R215,,,,,,0,0,000000000,00000000000,0,0,0,1,0,0,0,0,0,0,0,998,0,0,0,12,12,2,3,12,0,0,0,1,48,75670,6,1,0,0,3,0,999,999,0,0,0,0,0,0,0,0,0,0,0,0,0,0,1,2,60,1,1,8,1,0,0,1,71,1,1,1,98,0,0
48,480532,2,2,2,14,3,15,20,12,6,1,0,0,0,98,998,98998,97,9999,000000000000,0,0,0,0,0,0,0,0,0,0,0,0,0,,,,,,,,,,,,,,,,,,,,,,,,,0,0,000000000,00000000000,0,0,0,1,0,0,0,0,0,0,0,998,0,0,0,61,61,9,3,12,0,0,0,1,48,75670,0,0,0,0,0,0,999,999,0,0,0,0,0,0,0,0,0,0,38,0,0,0,0,0,0,0,0,0,0,0,0,98,98,1,1,7,98,1,0
48,480533,1,1,1,16,3,3,45,38,0,1,0,48,1,7,482,7482,31,2004,1D7HA18N54J2,1,D,7,H,A,1,8,N,5,4,J,2,0,T,DODG,SQ1,CW,4,17,,2,1605,1405,RPC,G,,,8,287,,,,B,4820,01,E,42,0,0,000000000,00000000000,0,0,0,1,0,0,0,0,0,0,0,998,0,0,0,12,12,6,2,38,0,0,0,1,48,77476,6,1,0,0,3,3,73,306,0,2,1,2,0,10,2008,4,2010,1,0,0,0,0,1,2,55,2,1,8,1,0,0,14,12,1,1,4,6,1,1
48,480534,1,1,1,16,3,15,37,31,0,1,0,48,2,12,471,12471,30,2000,1FTYR10C6YPB,1,F,T,Y,R,1,0,C,6,Y,P,B,0,T,FORD,RNG,PK,0,17,,1,1175,1116,RNG,G,,,4,153,,,,B,3068,02,U,42,0,0,000000000,00000000000,0,0,0,1,0,0,0,0,0,0,0,998,0,0,0,12,12,6,2,31,0,0,0,1,48,77853,6,1,0,0,3,0,999,999,0,0,0,1,0,10,2010,10,2010,0,0,0,0,0,1,2,60,1,1,8,1,0,0,1,13,1,1,4,1,1,0
48,480535,1,1,3,16,3,18,6,24,0,1,0,48,1,53,34,53034,4,2006,KL5JD56Z16K3,K,L,5,J,D,5,6,Z,1,6,K,3,0,P,SUZI,FZB,4D,6,17,2701,,0,1024,,G,,F,4,122,,,15R195,,,,,,0,0,000000000,00000000000,0,0,0,1,0,0,0,0,0,0,0,998,0,1,3,9,9,6,2,24,0,0,0,1,48,76135,6,1,0,0,3,0,999,999,0,7,0,0,0,6,2008,12,2010,1,24,36,0,0,3,3,60,1,2,8,1,0,0,1,6,99,9,4,2,1,1
48,480536,1,1,2,17,3,20,15,1,0,1,0,48,5,55,33,55033,4,2010,5NPET4ACXAH5,5,N,P,E,T,4,A,C,X,A,H,5,0,P,HYUN,SGL,4D,10,17,3292,,0,1074,,G,,F,4,144,,,16R215,,,,,,0,0,000000000,00000000000,0,0,0,1,0,0,0,0,0,0,0,998,0,2,5,0,3,6,2,1,0,0,0,1,99,99999,9,9,99,0,9,9,999,999,99,99,99,99,99,99,9999,99,9999,1,0,0,0,0,1,2,60,1,1,8,1,0,0,1,12,7,3,4,6,2,1
48,480537,1,1,1,18,3,1,41,59,0,1,0,48,2,37,706,37706,80,2006,JH2RC50046M2,J,H,2,R,C,5,0,0,4,6,M,2,0,M,HOND,T7C,RS,6,17,,,,,,,750,,2,,4,519,,,,,,,0,0,000000000,00000000000,0,0,0,1,0,0,0,0,0,0,0,998,0,0,0,2,2,4,3,59,0,0,0,1,48,77536,6,1,0,0,3,0,999,999,0,0,0,0,0,0,0,0,0,1,0,0,0,0,4,2,55,1,2,8,1,0,0,1,12,1,1,4,6,1,1
48,480538,1,1,1,18,3,22,31,8,0,1,0,48,2,12,481,12481,31,2000,1FTZF1723YNB,1,F,T,Z,F,1,7,2,3,Y,N,B,0,T,FORD,F15,PK,0,17,,1,1385,1199,COF,G,,,6,256,,,,B,3923,04,U,42,0,0,000000000,00000000000,0,0,0,1,0,0,0,0,0,0,0,998,0,0,0,12,12,2,3,8,0,0,0,1,48,77840,6,1,0,0,3,0,999,999,0,0,0,1,0,12,2010,12,2010,0,0,0,0,0,1,2,55,1,1,8,1,0,0,1,80,9,1,1,13,0,0