STATE,ST_CASE,VEH_NO,VE_FORMS,NUMOCCS,DAY,MONTH,HOUR,MINUTE,HARM_EV,MAN_COLL,UNITTYPE,HIT_RUN,REG_STAT,OWNER,MAKE,MODEL,MAK_MOD,BODY_TYP,MOD_YEAR,VIN,VIN_1,VIN_2,VIN_3,VIN_4,VIN_5,VIN_6,VIN_7,VIN_8,VIN_9,VIN_10,VIN_11,VIN_12,TOW_VEH,VINTYPE,VINMAKE,VINA_MOD,VIN_BT,VINMODYR,VIN_LNGT,VIN_WGT,WGTCD_TR,WHLBS_LG,WHLBS_SH,SER_TR,FUELCODE,MCYCL_DS,CARBUR,CYLINDER,DISPLACE,MCYCL_CY,MCYCL_WT,TIRE_SZE,TON_RAT,TRK_WT,TRKWTVAR,VIN_REST,WHLDRWHL,J_KNIFE,MCARR_I1,MCARR_I2,MCARR_ID,GVWR,V_CONFIG,CARGO_BT,HAZ_INV,HAZ_PLAC,HAZ_ID,HAZ_CNO,HAZ_REL,BUS_USE,SPEC_USE,EMER_USE,TRAV_SP,UNDERIDE,ROLLOVER,ROLINLOC,IMPACT1,IMPACT2,DEFORMED,TOWED,M_HARM,VEH_SC1,VEH_SC2,FIRE_EXP,DR_PRES,L_STATE,DR_ZIP,L_STATUS,L_TYPE,CDL_STAT,L_ENDORS,L_COMPL,L_RESTRI,DR_HGT,DR_WGT,PREV_ACC,PREV_SUS,PREV_DWI,PREV_SPD,PREV_OTH,FIRST_MO,FIRST_YR,LAST_MO,LAST_YR,SPEEDREL,DR_SF1,DR_SF2,DR_SF3,DR_SF4,VTRAFWAY,VNUM_LAN,VSPD_LIM,VALIGN,VPROFILE,VPAVETYP,VSURCOND,VTRAFCON,VTCONT_F,P_CRASH1,P_CRASH2,P_CRASH3,PCRASH4,PCRASH5,ACC_TYPE,DEATHS,DR_DRINK
48,480539,1,1,1,18,3,20,15,42,0,1,0,48,1,7,20,7020,4,2003,1B3ES26C53D1,1,B,3,E,S,2,6,C,5,3,D,1,0,P,DODG,SEN,4D,3,17,2587,,0,1040,,G,,F,4,122,,,14R175,,,,,,0,0,000000000,00000000000,0,0,0,1,0,0,0,0,0,0,0,75,0,1,5,3,3,6,2,42,0,0,0,1,48,75686,6,1,0,0,3,3,999,999,0,0,0,0,1,10,2010,10,2010,1,58,0,0,0,1,2,65,3,1,8,1,0,0,14,13,6,4,4,7,1,0
48,480540,1,1,1,18,3,14,58,1,0,1,0,48,1,18,401,18401,14,2002,3G5DA03E42S5,3,G,5,D,A,0,3,E,4,2,S,5,0,P,BUIC,RZV,UT,2,17,4024,,0,1122,,G,,F,6,204,,,16R215,,,,,,0,0,000000000,00000000000,0,0,0,1,0,0,0,0,0,0,0,998,0,2,5,0,0,6,2,1,0,0,0,1,48,76706,6,1,0,0,3,0,66,226,0,0,0,0,0,0,0,0,0,0,84,58,0,0,3,2,65,1,1,8,1,0,0,17,50,7,9,4,2,1,0
48,480541,1,1,1,18,3,4,30,1,0,1,0,17,3,84,881,84881,66,2005,3HSCNAPR05N1,3,H,S,C,N,A,P,R,0,5,N,1,1,T,INTL,94I,TR,5,17,,8,0,0,940,D,,,6,915,,,,,00000,00,,64,1,57,115179,57115179,3,6,2,1,0,0,0,0,0,0,0,998,0,1,3,0,0,4,3,1,0,0,0,1,48,77590,6,1,6,1,3,0,999,999,0,0,0,0,0,0,0,0,0,0,58,0,0,0,2,2,65,1,1,8,1,0,0,1,12,7,3,4,7,1,0
48,480543,1,2,1,19,3,17,8,12,6,1,0,12,1,12,461,12461,21,1994,1FMEE11N4RHA,1,F,M,E,E,1,1,N,4,R,H,A,0,P,FORD,CLU,SV,94,17,5022,,0,1380,,G,,F,8,302,,,15R235,,,,,,0,0,000000000,00000000000,0,0,0,1,0,0,0,0,0,0,0,998,0,0,0,3,3,4,3,12,0,0,0,1,12,77474,6,1,0,0,3,0,68,999,0,0,0,0,0,0,0,0,0,0,38,0,0,0,1,4,35,1,1,8,1,0,0,11,15,1,1,1,68,0,0
48,480543,2,2,1,19,3,17,8,12,6,1,0,48,1,72,706,72706,80,2008,1HD1FR4198Y6,1,H,D,1,F,R,4,1,9,8,Y,6,0,M,HD,FKC,RS,8,17,,,,,,,1584,,2,,4,775,,,,,,,0,0,000000000,00000000000,0,0,0,1,0,0,0,0,0,0,0,998,0,0,0,12,12,9,2,12,0,0,0,1,48,77979,6,1,0,0,3,0,999,999,0,0,0,0,0,0,0,0,0,0,0,0,0,0,1,4,35,1,1,8,1,0,0,1,62,1,1,1,69,1,0
48,480544,1,1,1,19,3,20,30,38,0,1,0,40,2,53,704,53704,80,2007,JS1SK43A0721,J,S,1,S,K,4,3,A,0,7,2,1,0,M,SUZI,DRS,T,7,17,,,,,,,398,,1,,4,291,,,,,,,0,0,000000000,00000000000,0,0,0,1,0,0,0,0,0,0,0,998,0,0,0,99,99,9,2,38,0,0,0,1,36,14467,2,1,0,0,2,0,68,999,0,3,0,0,0,9,2009,7,2010,1,0,0,0,0,1,2,30,2,1,8,1,0,0,14,12,1,1,4,6,1,1
48,480545,1,1,4,19,3,9,5,1,0,1,0,48,1,22,20,22020,4,2008,2G2WP582X811,2,G,2,W,P,5,8,2,X,8,1,1,0,P,PONT,GRA,4D,8,17,3477,,0,1105,,G,,F,6,232,,,16R225,,,,,,0,0,000000000,00000000000,0,0,0,1,0,0,0,0,0,0,0,998,0,1,3,0,0,4,3,1,0,0,0,1,48,76448,6,1,0,0,3,3,999,999,0,0,0,0,0,0,0,0,0,1,58,0,0,0,2,2,70,1,1,8,1,0,0,1,12,99,4,4,7,1,0
48,480546,1,2,3,20,3,1,30,12,1,1,0,48,2,7,482,7482,31,2006,3D3KS29D16G2,3,D,3,K,S,2,9,D,1,6,G,2,1,T,DODG,ME2,CW,6,17,,2,0,1605,RPC,G,,,8,348,,,,C,6700,00,K,44,1,0,000000000,00000000000,0,0,0,1,0,0,0,0,0,0,0,998,0,0,0,6,6,2,1,12,0,0,0,1,48,76020,6,1,0,0,3,3,999,999,0,0,0,0,0,0,0,0,0,0,0,0,0,0,2,4,60,1,2,8,1,0,0,1,53,1,1,1,25,0,0
48,480546,2,2,1,20,3,1,30,12,1,1,0,48,1,53,706,53706,80,2002,JS1GW71A5221,J,S,1,G,W,7,1,A,5,2,2,1,0,M,SUZI,GXR,RC,2,17,,,,,,,1299,,4,,4,478,,,,,,,0,0,000000000,00000000000,0,0,0,1,0,0,0,0,0,0,0,998,0,0,0,12,99,9,2,42,0,0,0,1,48,75041,6,1,0,0,3,0,66,153,0,0,0,1,2,3,2010,10,2010,1,0,0,0,0,2,4,60,1,2,8,1,0,0,15,51,7,1,1,24,1,1
48,480547,1,1,4,20,3,17,23,1,0,1,0,48,1,20,16,20016,4,2004,1G1JC52F5472,1,G,1,J,C,5,2,F,5,4,7,2,0,P,CHEV,CAV,4D,4,17,2676,,0,1041,,G,,F,4,134,,,14R195,,,,,,0,0,000000000,00000000000,0,0,0,1,0,0,0,0,0,0,0,94,0,1,3,0,0,6,2,1,0,0,0,1,48,79902,6,1,0,0,3,3,999,999,0,0,0,0,0,0,0,0,0,1,91,0,0,0,2,2,70,1,1,8,1,0,0,1,12,7,4,4,7,1,0
48,480548,1,1,2,20,3,2,59,1,0,1,0,99,9,73,709,73709,80,1998,999999999999,9,9,9,9,9,9,9,9,9,9,9,9,0,,,,,,,,,,,,,,,,,,,,,,,,,0,0,000000000,00000000000,0,0,0,1,0,0,0,0,0,0,0,998,0,0,0,0,99,6,2,1,0,0,0,1,48,76020,4,1,0,0,2,0,999,999,0,1,0,0,0,4,2009,4,2009,1,0,0,0,0,1,2,45,1,1,8,1,0,0,3,6,1,2,1,98,1,0
48,480549,1,2,5,20,3,3,28,12,7,1,0,48,2,19,18,19018,4,2003,1G6DM57N1301,1,G,6,D,M,5,7,N,1,3,0,1,0,P,CADI,C/T,4D,3,17,3509,,0,1134,,G,,F,6,194,,,16R225,,,,,,0,0,000000000,00000000000,0,0,0,1,0,0,0,0,0,0,0,998,0,0,0,4,99,6,2,12,0,0,0,1,48,75220,0,0,0,0,0,0,999,999,0,0,0,0,0,0,0,0,0,1,27,0,0,0,2,3,60,1,1,8,1,0,0,15,11,1,1,2,46,1,0
48,480549,2,2,2,20,3,3,28,12,7,1,1,48,9,20,481,20481,31,2003,2GCEK19T4313,2,G,C,E,K,1,9,T,4,3,1,3,0,T,CHEV,SK1,4C,3,17,,2,1575,1435,SIL,G,,,8,325,,,,B,4910,02,,44,0,0,000000000,00000000000,0,0,0,1,0,0,0,0,0,0,0,998,0,0,0,11,5,6,2,24,0,0,0,1,99,99999,9,9,99,9,9,9,999,999,99,99,99,99,99,99,9999,99,9999,1,8,0,0,0,2,3,60,1,1,8,1,0,0,1,60,1,1,1,45,0,0
48,480550,1,2,1,22,3,8,11,12,6,1,0,48,1,7,20,7020,4,2002,1B3ES26C12D5,1,B,3,E,S,2,6,C,1,2,D,5,0,P,DODG,NEO,4D,2,17,2604,,0,1050,,G,,F,4,122,,,14R185,,,,,,0,0,000000000,00000000000,0,0,0,1,0,0,0,0,0,0,0,998,0,0,0,62,62,4,3,12,0,0,0,1,48,75093,6,1,0,0,3,3,999,999,0,0,0,1,0,12,2008,12,2008,0,39,0,0,0,4,3,50,1,1,8,1,3,3,1,17,1,1,1,89,1,0
48,480550,2,2,1,22,3,8,11,12,6,1,0,48,2,49,442,49442,20,2008,5TDZK22CX8S2,5,T,D,Z,K,2,2,C,X,8,S,2,0,P,TOYT,SIE,SV,8,17,4266,,0,1193,,G,,F,6,214,,,16R215,,,,,,0,0,000000000,00000000000,0,0,0,1,0,0,0,0,0,0,0,998,0,0,0,12,12,4,3,12,0,0,0,1,48,75082,6,1,0,0,3,3,999,999,0,0,0,0,0,0,0,0,0,0,0,0,0,0,2,3,99,3,1,8,1,3,3,14,66,1,1,1,88,0,0
48,480551,1,2,1,22,3,20,46,12,6,1,0,48,1,12,481,12481,31,2004,1FTPW12594KD,1,F,T,P,W,1,2,5,9,4,K,D,0,T,FORD,F1S,CW,4,17,,2,1450,1260,COF,G,,,8,330,,,,B,5270,00,U,42,0,0,000000000,00000000000,0,0,0,1,0,0,0,0,0,0,0,998,0,0,0,1,1,4,3,25,0,0,0,1,48,79924,6,1,0,0,3,0,999,999,0,0,0,0,0,0,0,0,0,1,28,0,0,0,3,3,50,1,1,8,1,0,0,1,11,1,1,2,44,1,1
48,480551,2,2,1,22,3,20,46,12,6,1,0,48,1,30,40,30040,4,1996,3VWRA81H7TM0,3,V,W,R,A,8,1,H,7,T,M,0,0,P,VOLK,UJG,4D,96,17,2573,,0,974,,G,,F,4,121,,,14R185,,,,,,0,0,000000000,00000000000,0,0,0,1,0,0,0,0,0,0,0,998,0,0,0,11,99,2,3,12,0,0,0,1,48,79904,6,1,0,0,3,0,999,999,0,0,0,1,0,9,2008,9,2008,0,0,0,0,0,3,3,50,1,1,8,1,0,0,1,60,1,1,1,45,0,1
48,480552,1,2,1,22,3,22,50,12,6,1,0,48,1,13,13,13013,4,2009,3LNHM26T89R6,3,L,N,H,M,2,6,T,8,9,R,6,0,P,LINC,MKZ,4D,9,17,3469,,0,1074,,G,,F,6,214,,,17R225,,,,,,0,0,000000000,00000000000,0,0,0,1,0,0,0,0,0,0,0,998,0,0,0,12,12,4,3,12,0,0,0,1,48,77365,6,1,0,0,3,3,999,999,0,0,0,0,0,0,0,0,0,0,0,0,0,0,4,2,45,1,1,1,1,3,3,1,66,1,1,1,88,0,0
48,480552,2,2,1,22,3,22,50,12,6,1,0,48,2,12,17,12017,4,1998,1FAFP52SXWG2,1,F,A,F,P,5,2,S,X,W,G,2,0,P,FORD,TLS,4D,98,17,3359,,0,1085,,G,,F,6,182,,,15R205,,,,,,0,0,000000000,00000000000,0,0,0,1,0,0,0,0,0,0,0,998,0,0,0,9,9,9,3,12,0,0,0,1,47,37058,6,1,0,0,3,0,79,250,0,1,0,1,1,6,2009,6,2009,0,39,0,0,0,2,4,99,1,8,1,1,3,3,1,17,1,1,1,89,1,0
48,480553,1,1,8,23,3,8,3,1,0,1,0,48,3,23,431,23431,16,1999,3GKEC16R8XG5,3,G,K,E,C,1,6,R,8,X,G,5,1,T,GMC,SUB,4W,99,17,,2,0,1315,C15,G,,,8,350,,,,B,4825,00,E,42,1,0,000000000,00000000000,0,0,0,1,0,0,0,0,0,0,0,998,0,2,3,0,9,4,3,1,0,0,0,1,48,75455,6,1,0,0,3,3,999,999,0,0,0,0,0,0,0,0,0,0,0,0,0,0,2,4,70,1,1,8,1,0,0,1,1,1,3,4,7,1,0
48,480554,1,1,99,23,3,21,39,8,0,1,1,99,9,12,17,12017,9,9999,999999999999,9,9,9,9,9,9,9,9,9,9,9,9,0,,,,,,,,,,,,,,,,,,,,,,,,,0,0,000000000,00000000000,0,0,0,1,0,0,0,0,0,0,0,998,0,0,0,99,99,9,1,8,0,0,0,1,99,99999,9,9,99,9,9,9,999,999,99,99,99,99,99,99,9999,99,9999,0,92,0,0,0,1,2,40,1,2,8,1,0,0,99,80,99,9,9,13,0,0
48,480555,1,1,2,23,3,16,4,42,0,1,0,4,1,49,472,49472,30,2010,3TMJU4GN7AM0,3,T,M,J,U,4,G,N,7,A,M,0,0,T,TOYT,DCP,CW,10,17,,1,0,1278,TAC,G,,,6,244,,,,B,3810,00,W,42,0,0,000000000,00000000000,0,0,0,1,0,0,0,0,0,0,0,998,0,0,0,12,12,4,3,42,0,0,0,1,4,86401,6,1,0,0,3,3,70,195,0,0,0,0,0,0,0,0,0,0,0,0,0,0,1,2,55,1,1,8,1,0,0,1,12,1,1,4,6,1,0
48,480557,1,2,1,24,3,6,20,12,6,1,0,48,1,73,706,73706,80,2007,JKAZXCD187A0,J,K,A,Z,X,C,D,1,8,7,A,0,0,M,KAWK,Z1D,RC,7,17,,,,,,,998,,4,,4,386,,,,,,,0,0,000000000,00000000000,0,0,0,1,0,0,0,0,0,0,0,998,0,0,0,11,99,9,3,12,0,0,0,1,48,77573,6,1,0,0,3,0,999,999,0,0,0,0,1,9,2010,9,2010,0,0,0,0,0,3,2,35,3,1,1,1,0,0,14,10,1,1,2,45,1,0
48,480557,2,2,1,24,3,6,20,12,6,1,0,48,3,82,881,82881,66,1998,2FUPCSZB5WA8,2,F,U,P,C,S,Z,B,5,W,A,8,1,T,FRHT,FLD,TR,98,17,,8,0,0,CON,D,,,6,774,,,,,00000,00,,64,1,57,1394496,571394496,3,6,3,1,0,0,0,0,0,0,0,998,0,0,0,3,3,2,1,12,0,0,0,1,48,77017,6,1,6,0,3,0,999,999,0,0,0,0,1,7,2008,7,2008,0,0,0,0,0,3,2,35,3,1,1,1,0,0,14,61,1,1,1,44,0,0
48,480558,1,1,99,24,3,22,40,8,0,1,1,99,9,99,999,99999,99,9999,999999999999,9,9,9,9,9,9,9,9,9,9,9,9,0,,,,,,,,,,,,,,,,,,,,,,,,,0,0,000000000,00000000000,0,0,0,1,0,0,0,0,99,99,9,998,0,0,0,12,12,9,1,8,0,0,0,1,99,99999,9,9,99,9,9,9,999,999,99,99,99,99,99,99,9999,99,9999,0,0,0,0,0,3,2,40,1,1,8,1,0,0,99,80,99,9,9,13,0,0
48,480559,1,2,5,24,3,16,14,12,6,1,0,48,3,12,870,12870,55,2008,1FD4E45S38DB,1,F,D,4,E,4,5,S,3,8,D,B,0,T,FORD,4DC,YY,8,17,,4,1760,1580,CTV,G,,,10,415,,,,D,00000,00,M,42,0,88,888888888,88888888888,2,20,22,1,0,0,0,0,6,0,0,998,0,0,0,12,12,4,3,12,0,0,0,1,48,75418,6,1,6,0,3,3,999,999,0,0,0,0,0,0,0,0,0,0,39,0,0,0,1,2,99,8,8,8,1,20,3,1,17,1,1,1,88,0,0
48,480559,2,2,1,24,3,16,14,12,6,1,0,48,1,12,471,12471,30,1991,1FTCR10AXMUB,1,F,T,C,R,1,0,A,X,M,U,B,0,T,FORD,RNG,PK,91,17,,1,1140,1080,RNG,G,,,4,140,,,,B,2674,01,A,42,0,0,000000000,00000000000,0,0,0,1,0,0,0,0,0,0,0,998,0,0,0,10,10,4,3,12,0,0,0,1,48,75090,6,1,6,0,3,3,74,182,0,0,0,0,0,0,0,0,0,0,0,0,0,0,4,2,50,3,1,8,1,0,0,14,66,1,1,1,89,1,0
48,480560,1,3,2,25,3,11,5,12,6,1,0,48,2,12,481,12481,31,2001,1FTRW08L21KB,1,F,T,R,W,0,8,L,2,1,K,B,0,T,FORD,F1S,CW,1,17,,2,0,1388,COF,G,,,8,330,,,,B,4914,01,E,44,0,0,000000000,00000000000,0,0,0,1,0,0,0,0,0,0,0,998,0,0,0,3,3,4,3,12,0,0,0,1,48,79761,6,1,0,0,3,0,999,999,0,0,0,0,0,0,0,0,0,0,38,0,0,0,1,2,99,8,8,8,1,20,3,11,15,1,1,1,76,1,0
48,480560,2,3,1,25,3,11,5,12,6,1,0,48,3,7,482,7482,31,2008,3D7KR28A28G1,3,D,7,K,R,2,8,A,2,8,G,1,0,T,DODG,SQ2,CW,8,17,,2,1605,1405,RPC,D,,,6,408,,,,C,5593,00,E,42,0,0,000000000,00000000000,0,0,0,1,0,0,0,0,0,0,0,998,0,0,0,12,12,4,3,12,0,0,0,1,48,79772,6,1,7,0,3,0,999,999,0,0,0,1,0,6,2009,6,2009,0,0,0,0,0,5,4,40,1,1,8,1,0,0,1,65,1,1,1,77,0,0
48,480560,3,3,1,25,3,11,5,12,6,1,0,48,2,7,482,7482,31,2005,1D7HA18D25S3,1,D,7,H,A,1,8,D,2,5,S,3,0,T,DODG,SQ1,CW,5,17,,2,1605,1405,RPC,G,,,8,348,,,,B,4620,03,E,42,0,0,000000000,00000000000,0,0,0,1,0,0,0,0,0,0,0,0,0,0,0,12,12,4,3,12,0,0,0,1,48,79731,6,1,0,0,3,3,999,999,0,0,0,0,0,0,0,0,0,0,0,0,0,0,0,0,0,0,0,0,0,0,0,98,98,1,1,5,98,0,0
48,480561,1,2,1,26,3,11,55,1,0,1,0,48,1,37,705,37705,80,2009,JH2PC40039K2,J,H,2,P,C,4,0,0,3,9,K,2,0,M,HOND,B60,RC,9,17,,,,,,,599,,4,,4,410,,,,,,,0,0,000000000,00000000000,0,0,0,1,0,0,0,0,0,0,0,80,0,0,0,0,99,4,3,12,0,0,0,1,48,76542,6,1,0,0,3,0,69,236,0,0,0,0,0,0,0,0,0,1,0,0,0,0,5,4,40,1,3,8,1,0,0,6,62,3,2,1,98,1,1
48,480561,2,2,1,26,3,11,55,1,0,1,0,48,1,35,472,35472,30,1999,1N6DD21S0XC3,1,N,6,D,D,2,1,S,0,X,C,3,0,T,NISS,FXE,PK,99,17,,1,0,1043,FRT,G,,,4,146,,,,B,2902,00,U,42,0,0,000000000,00000000000,0,0,0,1,0,0,0,0,0,0,0,998,0,0,0,5,5,4,3,12,0,0,0,1,48,76548,6,1,0,0,3,0,999,999,0,0,0,0,0,0,0,0,0,0,0,0,0,0,5,4,40,1,3,8,1,21,3,11,15,1,1,1,98,0,0
48,480562,1,1,1,26,3,22,34,18,0,1,0,48,2,22,16,22016,2,1996,1G2JB1248T75,1,G,2,J,B,1,2,4,8,T,7,5,0,P,PONT,SFS,CP,96,17,2611,,0,1041,,G,,F,4,133,,,14R195,,,,,,0,0,000000000,00000000000,0,0,0,1,0,0,0,0,0,0,0,998,0,0,0,5,5,4,3,18,0,0,0,1,48,75766,6,1,0,0,3,0,999,999,0,0,0,1,0,8,2008,8,2008,1,58,0,0,0,1,2,55,3,1,8,1,0,0,14,13,6,4,4,7,1,1
48,480563,1,2,2,26,3,6,43,12,2,1,0,48,1,12,471,12471,30,2000,1FTYR14V7YPB,1,F,T,Y,R,1,4,V,7,Y,P,B,0,T,FORD,RNS,PC,0,17,,1,0,1257,RNG,F,,,6,182,,,,B,3271,01,U,42,0,0,000000000,00000000000,0,0,0,1,0,0,0,0,0,0,0,998,0,0,0,12,12,6,2,12,0,0,0,1,48,79936,6,1,0,0,3,3,999,999,0,0,0,0,0,0,0,0,0,0,28,51,0,0,1,4,35,1,1,8,1,0,0,1,10,1,1,2,50,1,0
48,480563,2,2,2,26,3,6,43,12,2,1,0,48,3,6,43,6043,2,2010,1C3BC5ED8AN1,1,C,3,B,C,5,E,D,8,A,N,1,0,P,CHRY,STO,CV,10,17,3847,,0,1089,,G,,F,6,165,,,17R215,,,,,,0,0,000000000,00000000000,0,0,0,1,0,0,0,0,0,0,0,41,0,0,0,12,12,6,2,12,0,0,0,1,48,79938,6,1,0,0,3,0,999,999,0,0,0,1,0,10,2010,10,2010,0,0,0,0,0,1,4,35,1,1,8,1,0,0,1,62,1,1,1,51,0,0
48,480564,1,1,1,26,3,10,30,52,0,1,0,1,1,42,45,42045,1,2005,WDBWK56F65F0,W,D,B,W,K,5,6,F,6,5,F,0,0,P,MERZ,SL0,CV,5,17,3231,,0,957,,G,,F,6,213,,,17R225,,,,,,0,0,000000000,00000000000,0,0,0,1,0,0,0,0,0,0,0,998,0,0,0,12,12,6,2,52,0,0,0,1,1,36522,6,1,0,0,3,0,65,155,1,0,0,0,0,5,2008,5,2008,0,0,0,0,0,3,2,80,1,1,8,1,0,0,1,13,1,1,4,1,1,0
48,480565,1,1,1,26,3,16,30,1,0,1,0,48,1,72,706,72706,80,2002,1HD1DDV152Y6,1,H,D,1,D,D,V,1,5,2,Y,6,0,M,HD,FHT,RS,2,17,,,,,,,1450,,2,,4,758,,,,,,,0,0,000000000,00000000000,0,0,0,1,0,0,0,0,0,0,0,998,0,0,0,0,99,9,3,1,0,0,0,1,48,78543,6,1,0,0,3,0,999,999,0,0,0,0,0,0,0,0,0,0,39,0,0,0,1,2,55,3,2,8,1,40,3,14,13,8,4,4,2,1,0
48,480566,1,1,2,26,3,15,56,35,0,1,0,48,1,12,471,12471,30,2002,1FTYR44V42PB,1,F,T,Y,R,4,4,V,4,2,P,B,0,T,FORD,RNS,4C,2,17,,1,0,1257,RNG,F,,,6,182,,,,B,3394,04,E,42,0,0,000000000,00000000000,0,0,0,1,0,0,0,0,0,0,0,998,0,0,0,12,12,4,3,35,0,0,0,1,48,75140,6,1,0,0,3,0,999,999,0,0,0,0,0,0,0,0,0,1,0,0,0,0,1,2,55,3,2,8,1,0,0,14,13,1,1,4,6,1,0
48,480567,1,1,1,27,3,22,6,1,0,1,0,48,2,12,471,12471,30,2005,1FTYR10U85PB,1,F,T,Y,R,1,0,U,8,5,P,B,0,T,FORD,RNG,PK,5,17,,1,1175,1116,RNG,G,,,6,182,,,,B,3010,00,U,42,0,0,000000000,00000000000,0,0,0,1,0,0,0,0,0,0,0,998,0,2,1,0,9,4,3,1,0,0,0,1,48,75631,6,1,6,0,3,0,999,999,0,0,0,0,0,0,0,0,0,0,58,0,0,0,1,2,65,1,2,8,1,0,0,1,13,6,3,6,98,1,1
48,480568,1,1,1,27,3,2,40,38,0,1,0,48,1,7,482,7482,31,2004,3D7KU28C14G1,3,D,7,K,U,2,8,C,1,4,G,1,0,T,DODG,SQ2,CW,4,17,,2,1605,1405,RPC,D,,,6,359,,,,C,5438,13,E,44,0,0,000000000,00000000000,0,0,0,1,0,0,0,0,0,0,0,998,0,0,0,11,12,4,3,19,0,0,0,1,48,75662,6,1,0,0,3,0,999,999,0,0,0,1,0,7,2008,7,2008,0,0,0,0,0,1,2,60,1,2,8,1,0,0,1,12,1,1,4,6,1,1
48,480569,1,1,1,27,3,16,11,1,0,1,0,48,2,12,481,12481,31,1998,1FTZX1762WNA,1,F,T,Z,X,1,7,6,2,W,N,A,0,T,FORD,F15,3C,98,17,,1,1570,1390,COF,G,,,8,281,,,,B,4067,02,E,42,0,0,000000000,00000000000,0,0,0,1,0,0,0,0,0,0,0,998,0,2,5,0,9,4,3,42,0,0,0,1,48,75652,6,1,0,0,3,3,999,999,0,0,0,1,0,1,2011,1,2011,0,58,0,0,0,1,3,70,1,1,8,1,0,0,1,11,6,3,4,2,1,0
48,480570,1,1,1,28,3,19,50,8,0,1,1,48,2,49,40,49040,4,1998,4T1BG22K8WU2,4,T,1,B,G,2,2,K,8,W,U,2,0,P,TOYT,CXL,4D,98,17,2998,,0,1051,,G,,F,4,132,,,14R195,,,,,,0,0,000000000,00000000000,0,0,0,1,0,0,0,0,0,0,0,998,0,0,0,12,12,2,1,8,0,0,0,1,37,75604,6,1,0,0,3,0,65,999,0,0,0,0,0,0,0,0,0,0,0,0,0,0,2,6,50,3,1,8,1,0,0,14,80,1,1,1,13,0,0
48,480571,1,2,1,28,3,17,8,12,11,1,0,48,2,72,706,72706,80,2009,1HD1BW5139Y0,1,H,D,1,B,W,5,1,3,9,Y,0,0,M,HD,STC,RS,9,17,,,,,,,1584,,2,,4,765,,,,,,,0,0,000000000,00000000000,0,0,0,1,0,0,0,0,0,0,0,998,0,0,0,81,81,4,3,12,0,0,0,1,48,79545,6,1,6,0,3,3,999,999,0,0,0,0,0,0,0,0,0,1,0,0,0,0,1,2,70,1,1,8,1,0,0,1,51,3,4,3,73,1,0
48,480571,2,2,4,28,3,17,8,12,11,1,0,48,1,12,37,12037,4,2001,1FAFP33P81W1,1,F,A,F,P,3,3,P,8,1,W,1,0,P,FORD,FOX,4D,1,17,2563,,0,1030,,G,,F,4,122,,,14R185,,,,,,0,0,000000000,00000000000,0,0,0,1,0,0,0,0,0,0,0,998,0,0,0,61,61,4,3,12,0,0,0,1,48,79556,6,1,0,0,3,3,999,999,0,0,0,0,0,0,0,0,0,0,0,0,0,0,1,2,70,1,1,8,1,0,0,11,53,1,1,1,72,0,0
48,480572,1,1,1,29,3,13,50,31,0,1,0,48,3,20,37,20037,4,2001,1G1ND52J51M6,1,G,1,N,D,5,2,J,5,1,M,6,0,P,CHEV,MAL,4D,1,17,3051,,0,1070,,G,,F,6,191,,,15R215,,,,,,0,0,000000000,00000000000,0,0,0,1,0,0,0,0,0,0,0,998,0,0,0,12,12,4,3,38,0,0,0,1,48,79072,6,1,0,0,3,3,999,999,0,0,0,0,0,0,0,0,0,0,0,0,0,0,1,2,70,3,2,8,1,0,0,14,13,6,1,4,1,1,0
48,480573,1,1,1,29,3,23,12,9,0,1,0,18,3,51,881,51881,66,2006,4V4N19TG66N4,4,V,4,N,1,9,T,G,6,6,N,4,2,T,VOLV,VNL,TR,6,17,,7,0,0,VVN,D,,,6,915,,,,,00000,00,,42,1,57,239039,57239039,3,7,1,1,0,0,0,0,0,0,0,998,0,0,0,1,1,2,1,9,0,0,0,1,48,78664,6,1,6,0,3,0,999,999,0,0,0,0,0,0,0,0,0,0,0,0,0,0,5,4,55,1,1,8,2,0,0,1,83,1,1,1,13,0,0
48,480574,1,2,1,30,3,1,50,12,1,1,0,48,2,37,32,37032,4,2004,1HGCM66504A0,1,H,G,C,M,6,6,5,0,4,A,0,0,P,HOND,UEX,4D,4,17,3384,,0,1079,,G,,F,6,183,,,000000,,,,,,0,0,000000000,00000000000,0,0,0,1,0,0,0,0,0,0,0,998,0,0,0,12,12,6,2,12,0,0,0,1,48,77093,4,1,0,0,2,0,999,999,0,0,0,0,0,0,0,0,0,1,91,0,0,0,3,5,60,1,1,8,2,0,0,1,51,1,1,1,24,0,1
48,480574,2,2,1,30,3,1,50,12,1,1,0,48,2,20,481,20481,31,1995,2GCEC19K5S12,2,G,C,E,C,1,9,K,5,S,1,2,0,T,CHEV,GC1,PC,95,17,,2,1555,1415,GM4,G,,,8,350,,,,B,4071,02,,42,0,0,000000000,00000000000,0,0,0,1,0,0,0,0,0,0,0,998,0,0,0,6,6,6,2,12,0,0,0,1,48,77302,6,1,0,0,3,0,999,999,0,0,0,0,0,0,0,0,0,0,0,0,0,0,3,5,60,1,1,8,2,0,0,1,53,1,1,1,25,1,0