STATE,ST_CASE,VEH_NO,VE_FORMS,NUMOCCS,DAY,MONTH,HOUR,MINUTE,HARM_EV,MAN_COLL,UNITTYPE,HIT_RUN,REG_STAT,OWNER,MAKE,MODEL,MAK_MOD,BODY_TYP,MOD_YEAR,VIN,VIN_1,VIN_2,VIN_3,VIN_4,VIN_5,VIN_6,VIN_7,VIN_8,VIN_9,VIN_10,VIN_11,VIN_12,TOW_VEH,VINTYPE,VINMAKE,VINA_MOD,VIN_BT,VINMODYR,VIN_LNGT,VIN_WGT,WGTCD_TR,WHLBS_LG,WHLBS_SH,SER_TR,FUELCODE,MCYCL_DS,CARBUR,CYLINDER,DISPLACE,MCYCL_CY,MCYCL_WT,TIRE_SZE,TON_RAT,TRK_WT,TRKWTVAR,VIN_REST,WHLDRWHL,J_KNIFE,MCARR_I1,MCARR_I2,MCARR_ID,GVWR,V_CONFIG,CARGO_BT,HAZ_INV,HAZ_PLAC,HAZ_ID,HAZ_CNO,HAZ_REL,BUS_USE,SPEC_USE,EMER_USE,TRAV_SP,UNDERIDE,ROLLOVER,ROLINLOC,IMPACT1,IMPACT2,DEFORMED,TOWED,M_HARM,VEH_SC1,VEH_SC2,FIRE_EXP,DR_PRES,L_STATE,DR_ZIP,L_STATUS,L_TYPE,CDL_STAT,L_ENDORS,L_COMPL,L_RESTRI,DR_HGT,DR_WGT,PREV_ACC,PREV_SUS,PREV_DWI,PREV_SPD,PREV_OTH,FIRST_MO,FIRST_YR,LAST_MO,LAST_YR,SPEEDREL,DR_SF1,DR_SF2,DR_SF3,DR_SF4,VTRAFWAY,VNUM_LAN,VSPD_LIM,VALIGN,VPROFILE,VPAVETYP,VSURCOND,VTRAFCON,VTCONT_F,P_CRASH1,P_CRASH2,P_CRASH3,PCRASH4,PCRASH5,ACC_TYPE,DEATHS,DR_DRINK
48,480575,1,1,1,30,3,17,47,9,0,1,0,48,0,20,421,20421,15,1999,1GNEK13R7XJ5,1,G,N,E,K,1,3,R,7,X,J,5,0,P,CHEV,KTA,UT,99,17,5268,,0,1175,,G,,F,8,350,,,16R245,,,,,,0,0,000000000,00000000000,0,0,0,1,0,0,0,0,0,0,0,998,0,0,0,12,12,0,1,9,0,0,0,1,48,78557,0,0,0,0,0,0,999,999,0,0,0,0,0,0,0,0,0,0,92,0,0,0,1,2,30,1,1,8,1,0,0,1,83,6,1,2,13,0,0
48,480576,1,2,1,30,3,6,24,12,6,1,0,48,1,12,17,12017,4,1999,1FAFP53U0XA2,1,F,A,F,P,5,3,U,0,X,A,2,0,P,FORD,TSE,4D,99,17,3353,,0,1085,,G,,F,6,182,,,15R205,,,,,,0,0,000000000,00000000000,0,0,0,1,0,0,0,0,0,0,0,998,0,0,0,82,82,4,3,12,0,0,0,1,48,75477,6,1,0,0,3,3,999,999,0,0,0,0,0,0,0,0,0,0,38,0,0,0,1,2,99,1,1,8,2,20,3,4,17,1,1,1,87,1,0
48,480576,2,2,1,30,3,6,24,12,6,1,0,93,3,84,883,84883,66,1999,2HSFMAMR0XC0,2,H,S,F,M,A,M,R,0,X,C,0,1,T,INTL,920,TR,99,17,,8,2340,1600,920,D,,,6,774,,,,,00000,00,,64,1,57,1216891,571216891,3,6,1,1,0,0,0,0,0,0,0,998,0,0,0,12,12,4,3,12,0,0,0,1,48,75488,6,1,6,0,3,3,999,999,0,0,0,0,0,0,0,0,0,0,0,0,0,0,1,4,60,1,1,8,2,4,3,1,66,1,1,1,86,0,0
48,480577,1,1,1,30,3,2,32,42,0,1,0,48,2,12,471,12471,30,1999,1FTZR15V8XPB,1,F,T,Z,R,1,5,V,8,X,P,B,0,T,FORD,RNS,PC,99,17,,1,0,1259,RNG,F,,,6,182,,,,B,00000,00,U,44,0,0,000000000,00000000000,0,0,0,1,0,0,0,0,0,0,0,998,0,1,5,12,0,6,2,2,0,0,1,1,48,77340,6,1,0,0,3,0,999,999,1,0,0,0,0,7,2009,7,2009,0,0,0,0,0,1,2,65,1,2,8,1,0,0,1,12,1,1,4,6,1,1
48,480578,1,1,2,30,3,5,52,38,0,1,0,48,1,6,43,6043,2,1998,3C3EL55H2WT2,3,C,3,E,L,5,5,H,2,W,T,2,0,P,CHRY,SJI,CV,98,17,3329,,0,1060,,G,,F,6,152,,,16R215,,,,,,0,0,000000000,00000000000,0,0,0,1,0,0,0,0,0,0,0,998,0,0,0,99,99,4,3,38,0,0,0,1,48,78633,6,1,0,0,3,0,999,999,0,0,0,0,0,0,0,0,0,1,33,58,0,0,1,2,40,2,1,8,1,0,0,6,6,99,4,4,7,1,1
48,480579,1,1,2,31,3,18,45,42,0,1,0,48,1,12,481,12481,31,2001,1FTZF17291NB,1,F,T,Z,F,1,7,2,9,1,N,B,0,T,FORD,F15,PK,1,17,,1,1385,1199,COF,G,,,6,256,,,,B,3923,04,U,42,0,0,000000000,00000000000,0,0,0,1,0,0,0,0,0,0,0,998,0,1,5,10,10,4,3,1,0,0,0,1,48,75976,6,1,0,0,3,0,999,999,0,0,0,0,0,0,0,0,0,1,0,0,0,0,1,2,60,3,2,8,8,0,0,14,6,99,3,4,2,1,1
48,480580,1,2,1,31,3,1,49,1,0,1,0,48,1,34,706,34706,80,2000,WB10495A7YZE,W,B,1,0,4,9,5,A,7,Y,Z,E,0,M,BMW,R5G,T,0,17,,,,,,,1150,,2,,4,480,,,,,,,0,0,000000000,00000000000,0,0,0,1,0,0,0,0,0,0,0,998,0,0,0,0,12,6,2,1,0,0,0,1,48,78640,4,1,0,0,2,0,999,99,0,4,0,0,0,7,2008,8,2010,0,38,39,0,0,3,3,65,1,1,8,1,98,3,1,50,3,2,1,98,1,1
48,480580,2,2,0,31,3,1,49,1,0,1,0,48,6,12,16,12016,4,2008,2FAFP71V98X1,2,F,A,F,P,7,1,V,9,8,X,1,0,P,FORD,CVP,4D,8,17,0,,0,1146,,F,,F,8,281,,,17R235,,,,,,0,0,000000000,00000000000,0,0,0,1,0,0,0,0,0,0,0,0,0,0,0,6,6,4,3,12,0,0,0,0,0,99997,7,6,97,7,6,7,998,997,998,998,998,998,998,98,9998,98,9998,8,0,0,0,0,3,3,65,1,1,8,1,98,3,0,53,0,0,0,98,0,0
48,480581,1,1,1,31,3,17,59,35,0,1,0,48,2,20,481,20481,31,2008,1GCHK23668F2,1,G,C,H,K,2,3,6,6,8,F,2,0,T,CHEV,2KH,CW,8,17,,2,1670,1530,SIL,D,,,8,403,,,,C,5883,02,,44,0,0,000000000,00000000000,0,0,0,1,0,0,0,0,0,0,0,998,0,1,1,11,0,4,3,1,0,0,0,1,48,79364,6,1,6,0,3,0,999,999,0,0,0,1,0,8,2010,8,2010,0,58,0,0,0,1,2,60,1,1,8,11,0,0,1,13,6,3,4,2,1,1
48,480582,1,1,1,31,3,6,9,8,0,1,1,17,3,86,881,86881,66,2004,1M1AE02Y54N0,1,M,1,A,E,0,2,Y,5,4,N,0,1,T,MACK,CX6,TR,4,17,,8,0,0,600,D,,,6,728,,,,,00000,00,,64,1,57,21800,5721800,3,6,1,1,0,0,0,0,0,0,0,998,0,0,0,2,2,0,1,8,0,0,0,1,48,77449,6,1,6,0,3,3,999,999,1,0,0,0,1,10,2008,11,2008,0,92,0,0,0,2,2,65,1,1,8,1,0,0,1,80,1,1,1,13,0,0
48,480583,1,1,1,1,4,17,15,42,0,1,0,48,2,53,704,53704,80,2006,JS1CK43A7621,J,S,1,C,K,4,3,A,7,6,2,1,0,M,SUZI,A4K,MS,6,17,,,,,,,385,,1,,4,405,,,,,,,0,0,000000000,00000000000,0,0,0,1,0,0,0,0,0,0,0,998,0,0,0,12,12,9,2,42,0,0,0,1,48,77662,6,1,0,0,3,3,999,999,0,0,0,0,0,0,0,0,0,0,0,0,0,0,1,2,55,3,1,8,1,0,0,14,13,1,1,4,1,1,0
48,480584,1,1,1,1,4,20,0,42,0,1,0,48,1,23,481,23481,31,2002,1GTEC14W72Z2,1,G,T,E,C,1,4,W,7,2,Z,2,0,T,GMC,NC1,PK,2,17,,2,1330,1190,SIE,G,,,6,262,,,,B,4073,01,U,42,0,0,000000000,00000000000,0,0,0,1,0,0,0,0,0,0,0,998,0,1,5,12,12,4,3,42,0,0,0,1,48,75631,6,1,6,0,3,0,65,184,0,4,0,0,1,8,2008,7,2009,0,0,0,0,0,1,2,40,1,2,8,1,0,0,1,12,1,1,4,6,1,1
48,480585,1,1,6,2,4,2,3,33,0,1,0,48,2,12,481,12481,31,2007,1FTSW20P47EA,1,F,T,S,W,2,0,P,4,7,E,A,0,T,FORD,F2S,CW,7,17,,2,1720,1560,SRW,D,,,8,366,,,,C,6059,02,E,42,0,0,000000000,00000000000,0,0,0,1,0,0,0,0,0,0,0,998,0,1,5,99,99,4,3,43,0,0,0,1,48,77515,1,1,0,0,2,0,999,999,0,1,0,2,0,6,2010,10,2010,0,91,0,0,0,2,2,35,2,1,1,1,0,0,14,12,1,1,4,6,1,0
48,480586,1,2,1,2,4,6,5,8,0,1,0,48,1,20,481,20481,31,2003,1GCHC29U13E1,1,G,C,H,C,2,9,U,1,3,E,1,0,T,CHEV,2CH,4C,3,17,,2,1575,1435,SIL,G,,,8,364,,,,C,5393,01,,42,0,0,000000000,00000000000,0,0,0,1,0,0,0,0,0,0,0,998,0,0,0,12,12,2,1,8,0,0,0,1,48,75227,6,1,0,0,3,0,999,999,0,0,0,0,0,0,0,0,0,0,91,0,0,0,3,3,55,1,1,8,1,0,0,1,80,1,1,1,13,0,0
48,480586,2,2,1,2,4,6,5,8,0,1,0,48,1,35,47,35047,4,2005,1N4AL11D95N4,1,N,4,A,L,1,1,D,9,5,N,4,0,P,NISS,ASL,4D,5,17,2915,,0,1102,,G,,F,4,153,,,16R215,,,,,,0,0,000000000,00000000000,0,0,0,1,0,0,0,0,0,0,0,998,0,0,0,99,99,2,1,8,0,0,0,1,48,75251,6,1,0,0,3,0,999,999,0,0,0,0,0,0,0,0,0,0,0,0,0,0,3,3,55,1,1,8,1,0,0,1,80,1,1,1,98,0,0
48,480587,1,2,1,2,4,1,41,12,6,1,0,48,2,7,482,7482,31,2000,3B7HF13Z3YG1,3,B,7,H,F,1,3,Z,3,Y,G,1,0,T,DODG,Q15,4C,0,17,,2,1547,1387,RPC,G,,,8,360,,,,B,4983,01,U,44,0,0,000000000,00000000000,0,0,0,1,0,0,0,0,0,0,0,998,0,0,0,12,12,4,3,12,0,0,0,1,48,75238,6,1,0,0,3,0,999,999,0,0,0,0,0,0,0,0,0,0,39,0,0,0,2,2,99,1,1,8,1,3,3,1,17,1,1,1,86,0,0
48,480587,2,2,2,2,4,1,41,12,6,1,0,48,1,41,35,41035,4,1998,JM1BC1415W02,J,M,1,B,C,1,4,1,5,W,0,2,0,P,MAZD,PDS,4D,98,17,2385,,0,1026,,G,,F,4,091,,,13R175,,,,,,0,0,000000000,00000000000,0,0,0,1,0,0,0,0,0,0,0,998,0,0,0,3,3,6,2,12,0,0,0,1,48,75042,6,1,0,0,3,3,999,999,0,0,0,0,0,0,0,0,0,0,0,0,0,0,2,2,35,1,1,8,1,3,3,1,66,1,1,1,87,1,0
48,480588,1,1,1,2,4,2,22,30,0,1,0,48,3,34,401,34401,14,2011,5UXZV8C52BL4,5,U,X,Z,V,8,C,5,2,B,L,4,0,P,BMW,BX5,UT,11,17,5379,,0,1155,,G,,T,8,268,,,18R255,,,,,,0,0,000000000,00000000000,0,0,0,1,0,0,0,0,0,0,0,998,0,1,5,11,11,4,3,30,0,0,0,1,48,77389,6,1,0,0,3,3,71,200,0,0,0,0,0,0,0,0,0,1,0,0,0,0,3,4,65,1,1,8,1,0,0,3,13,1,1,4,1,1,0
48,480589,1,1,1,2,4,22,20,32,0,1,0,48,3,84,881,84881,66,1990,2HSFBX2R5LC0,2,H,S,F,B,X,2,R,5,L,C,0,1,T,INTL,930,TR,90,17,,8,0,0,90S,D,,,6,893,,,,,00000,00,,64,1,57,935038,57935038,3,6,2,1,0,0,0,0,0,0,0,998,0,1,5,63,0,6,2,1,0,0,0,1,22,71049,6,1,6,0,3,0,66,126,0,1,0,1,0,10,2009,11,2010,1,0,0,0,0,1,2,55,2,2,8,1,0,0,14,12,1,2,4,7,1,0
48,480590,1,1,1,2,4,2,5,33,0,1,0,48,2,54,35,54035,4,2003,19UUA56603A0,1,9,U,U,A,5,6,6,0,3,A,0,0,P,ACUR,32T,4D,3,17,3492,,0,1081,,G,,F,6,197,,,16R205,,,,,,0,0,000000000,00000000000,0,0,0,1,0,0,0,0,0,0,0,998,0,0,0,99,3,6,2,30,0,0,0,1,48,78748,1,1,0,0,2,0,999,999,1,3,0,2,2,11,2008,11,2010,1,0,0,0,0,5,4,45,2,2,8,1,0,0,14,6,1,4,4,7,1,1
48,480592,1,2,1,3,4,9,10,12,6,1,0,48,0,85,881,85881,66,1995,1XKWDB9X2SR6,1,X,K,W,D,B,9,X,2,S,R,6,1,T,KW,W90,TR,95,17,,8,0,1600,CON,D,,,6,893,,,,,00000,00,,64,1,57,2149895,572149895,3,6,8,1,0,0,0,0,0,0,0,998,0,0,0,8,8,2,1,12,0,0,0,1,48,77868,6,1,6,0,3,0,999,999,0,0,0,0,1,10,2010,10,2010,0,0,0,0,0,1,2,60,3,1,8,1,40,3,14,62,1,1,1,65,0,0
48,480592,2,2,1,3,4,9,10,12,6,1,0,48,1,73,703,73703,80,2002,JKAEXMF192A0,J,K,A,E,X,M,F,1,9,2,A,0,0,M,KAWK,EXF,RC,2,17,,,,,,,250,,2,,4,304,,,,,,,0,0,000000000,00000000000,0,0,0,1,0,0,0,0,0,0,0,998,0,0,0,12,12,9,2,12,0,0,0,1,48,77845,6,1,0,0,3,3,999,999,0,0,0,0,0,0,0,0,0,0,28,0,0,0,1,2,60,2,1,8,1,40,3,14,10,7,1,2,64,1,0
48,480593,1,1,1,3,4,2,10,8,0,1,0,48,3,12,16,12016,4,2008,2FAFP71V28X1,2,F,A,F,P,7,1,V,2,8,X,1,0,P,FORD,CVP,4D,8,17,0,,0,1146,,F,,F,8,281,,,17R235,,,,,,0,0,000000000,00000000000,0,0,0,1,0,0,0,0,0,0,0,998,0,0,0,12,12,2,9,8,0,0,0,1,48,77015,6,1,0,0,3,3,999,999,0,0,0,0,0,0,0,0,0,0,0,0,0,0,3,4,65,1,1,8,1,0,0,15,80,1,1,2,13,0,0
48,480594,1,2,1,3,4,2,14,12,6,1,0,48,1,52,46,52046,4,2009,JA3AU26UX9U0,J,A,3,A,U,2,6,U,X,9,U,0,0,P,MITS,LST,4D,9,17,2944,,0,1037,,G,,F,4,122,,,16R205,,,,,,0,0,000000000,00000000000,0,0,0,1,0,0,0,0,0,0,0,998,0,0,0,12,12,4,3,12,0,0,0,1,48,77040,6,1,0,0,3,0,999,999,1,0,0,0,1,6,2008,1,2009,1,0,0,0,0,3,2,35,1,1,1,1,3,3,1,62,1,1,1,69,1,1
48,480594,2,2,1,3,4,2,14,12,6,1,0,48,1,41,37,41037,4,1998,1YVGF22D9W57,1,Y,V,G,F,2,2,D,9,W,5,7,0,P,MAZD,U6X,4D,98,17,2994,,0,1051,,G,,F,6,152,,,15R205,,,,,,0,0,000000000,00000000000,0,0,0,1,0,0,0,0,0,0,0,998,0,0,0,2,2,4,3,12,0,0,0,1,48,77080,0,0,0,0,0,0,999,999,0,0,0,0,0,0,0,0,0,0,0,0,0,0,3,2,35,1,1,1,1,3,3,11,15,1,1,1,68,0,1
48,480596,1,1,2,4,4,1,17,30,0,1,0,48,2,59,32,59032,4,1992,JT8UF11E6N01,J,T,8,U,F,1,1,E,6,N,0,1,0,P,LEXS,LS4,4D,92,17,3759,,0,1108,,G,,F,8,242,,,15R205,,,,,,0,0,000000000,00000000000,0,0,0,1,0,0,0,0,0,0,0,998,0,0,0,61,61,4,3,30,0,0,0,1,48,79936,0,0,0,0,0,0,999,999,0,2,0,0,0,4,2010,4,2010,0,99,99,99,99,2,2,70,2,1,8,1,0,0,14,13,3,3,4,2,1,0
48,480597,1,1,1,4,4,19,23,38,0,1,0,48,1,72,706,72706,80,2000,1HD4CAM13YK1,1,H,D,4,C,A,M,1,3,Y,K,1,0,M,HD,X88,RS,0,17,,,,,,,883,,2,,4,489,,,,,,,0,0,000000000,00000000000,0,0,0,1,0,0,0,0,0,0,0,998,0,0,0,12,12,9,2,38,0,0,0,1,48,78676,6,1,0,0,3,0,999,999,0,4,0,1,1,6,2008,8,2010,1,0,0,0,0,1,2,35,3,1,8,1,0,0,14,13,1,1,4,1,1,1
48,480598,1,1,1,4,4,4,17,42,0,1,0,48,2,12,3,12003,1,2002,1FAFP44452F1,1,F,A,F,P,4,4,4,5,2,F,1,0,P,FORD,MUS,CV,2,17,3208,,0,1013,,G,,F,6,232,,,16R225,,,,,,0,0,000000000,00000000000,0,0,0,1,0,0,0,0,0,0,0,998,0,0,0,11,11,4,3,42,0,0,0,1,48,76642,1,1,0,0,2,0,999,999,0,12,0,0,0,2,2009,3,2011,0,0,0,0,0,1,2,65,1,1,8,1,0,0,1,12,7,1,4,6,1,0
48,480599,1,2,1,4,4,14,0,12,1,1,0,18,3,84,881,84881,66,1999,1HSHBAHN4XH6,1,H,S,H,B,A,H,N,4,X,H,6,1,T,INTL,810,TR,99,17,,7,2560,1360,80S,D,,,6,661,,,,,00000,00,,42,1,57,121058,57121058,3,6,1,1,0,0,0,0,0,0,0,998,0,0,0,6,6,2,1,12,0,0,0,1,48,75703,6,1,6,0,3,3,999,999,0,0,0,1,0,11,2010,11,2010,0,0,0,0,0,2,2,70,1,2,8,1,21,3,16,61,1,1,2,26,0,0
48,480599,2,2,1,4,4,14,0,12,1,1,0,48,1,20,441,20441,20,2004,1GCDM19X94B1,1,G,C,D,M,1,9,X,9,4,B,1,0,T,CHEV,AST,EC,4,17,,1,0,1112,AST,G,,,6,262,,,,B,3964,00,,42,0,0,000000000,00000000000,0,0,0,1,0,0,0,0,0,0,0,998,0,0,0,12,12,4,3,12,0,0,0,1,48,75180,6,1,0,0,3,0,999,999,0,7,0,1,0,8,2008,5,2010,1,28,0,0,0,2,2,70,1,2,8,1,0,0,1,10,1,1,2,24,1,0
48,480600,1,1,1,4,4,9,20,59,0,1,0,48,1,12,37,12037,4,2005,1FAFP34N55W2,1,F,A,F,P,3,4,N,5,5,W,2,0,P,FORD,ZX4,4D,5,17,2677,,0,1030,,G,,F,4,122,,,15R195,,,,,,0,0,000000000,00000000000,0,0,0,1,0,0,0,0,0,0,0,998,0,0,0,12,12,4,3,30,0,0,0,1,48,76063,6,1,0,0,3,3,999,999,0,1,0,0,0,12,2009,12,2009,0,28,0,0,0,2,2,40,1,2,8,1,0,0,1,13,1,1,4,1,1,0
48,480601,1,2,2,4,4,19,53,12,2,1,0,48,2,20,481,20481,31,2010,1GCSCSE00AZ2,1,G,C,S,C,S,E,0,0,A,Z,2,0,T,CHEV,2SC,4C,10,17,,2,1575,1435,SIL,F,,,8,323,,,,B,4924,03,,42,0,0,000000000,00000000000,0,0,0,1,0,0,0,0,0,0,0,998,0,0,0,12,12,6,2,12,0,0,0,1,48,75845,6,1,6,0,3,2,999,999,0,0,0,1,0,6,2010,6,2010,0,33,35,74,0,1,2,70,1,3,8,1,0,0,6,54,6,1,4,50,0,0
48,480601,2,2,1,4,4,19,53,12,2,1,0,48,1,20,481,20481,31,1997,1GCEC19R4VE2,1,G,C,E,C,1,9,R,4,V,E,2,0,T,CHEV,GC1,PC,97,17,,2,1555,1415,GM4,G,,,8,350,,,,B,4160,00,,42,0,0,000000000,00000000000,0,0,0,1,0,0,0,0,0,0,0,998,0,0,0,12,12,6,2,12,0,0,0,1,48,75901,6,1,0,0,3,0,999,999,0,0,0,0,0,0,0,0,0,0,0,0,0,0,1,2,70,1,3,8,1,0,0,1,62,7,1,4,51,1,0
48,480602,1,1,1,5,4,1,0,30,0,1,0,48,2,20,481,20481,31,1996,1GCEC14W7TZ1,1,G,C,E,C,1,4,W,7,T,Z,1,0,T,CHEV,GC1,PK,96,17,,2,1315,1175,GM4,G,,,6,262,,,,B,3801,01,,42,0,0,000000000,00000000000,0,0,0,1,0,0,0,0,0,0,0,998,0,0,0,11,11,4,3,30,0,0,0,1,48,78521,1,1,0,0,2,0,999,999,0,2,0,0,0,7,2010,3,2011,0,0,0,0,0,1,2,55,1,1,8,1,0,0,1,12,1,3,4,6,1,0
48,480603,1,2,2,5,4,6,40,12,6,1,0,48,1,23,481,23481,31,2002,1GTEC19T82Z2,1,G,T,E,C,1,9,T,8,2,Z,2,0,T,GMC,NC1,4C,2,17,,2,1575,1435,SIE,G,,,8,325,,,,B,4534,03,U,42,0,0,000000000,00000000000,0,0,0,1,0,0,0,0,0,0,0,998,0,0,0,12,12,2,3,12,0,0,0,1,6,77067,6,1,0,0,3,0,67,165,0,0,0,0,0,0,0,0,0,0,38,0,0,0,1,4,99,8,8,1,1,20,3,11,15,1,1,1,82,0,0
48,480603,2,2,1,5,4,6,40,12,6,1,0,48,2,73,706,73706,80,2006,JKAVN2D126A0,J,K,A,V,N,2,D,1,2,6,A,0,0,M,KAWK,VD9,RS,6,17,,,,,,,903,,2,,4,595,,,,,,,0,0,000000000,00000000000,0,0,0,1,0,0,0,0,0,0,0,998,0,0,0,3,3,9,3,12,0,0,0,1,48,77095,6,1,0,0,3,3,999,999,0,0,0,0,0,0,0,0,0,0,0,0,0,0,2,4,35,1,1,8,1,0,0,1,67,1,1,1,83,1,0
48,480604,1,2,4,5,4,23,45,12,1,1,0,48,2,20,39,20039,4,2007,KL1TD56697B1,K,L,1,T,D,5,6,6,9,7,B,1,0,P,CHEV,ABS,4D,7,17,2531,,0,976,,G,,F,4,098,,,14R185,,,,,,0,0,000000000,00000000000,0,0,0,1,0,0,0,0,0,0,0,998,0,0,0,12,12,6,2,12,0,0,0,1,48,77066,6,1,0,0,3,0,999,999,0,0,0,0,0,0,0,0,0,1,0,0,0,0,3,5,60,1,1,1,1,0,0,1,51,99,1,1,24,1,0
48,480604,2,2,1,5,4,23,45,12,1,1,0,93,3,85,881,85881,66,2007,1XKDD49X87J1,1,X,K,D,D,4,9,X,8,7,J,1,1,T,KW,T80,TR,7,17,,8,2600,1600,CON,D,,,6,915,,,,,00000,00,,64,1,57,1211253,571211253,3,6,1,1,0,0,0,0,0,0,0,998,0,0,0,6,6,2,1,12,0,0,0,1,48,75074,6,1,6,0,3,0,999,999,0,0,0,0,0,0,0,0,0,0,0,0,0,0,3,5,60,1,1,1,1,0,0,1,53,1,1,1,25,0,0
48,480605,1,1,1,5,4,20,15,8,0,1,0,38,2,7,482,7482,31,2009,1D3HB13T79S7,1,D,3,H,B,1,3,T,7,9,S,7,0,T,DODG,150,CW,9,17,,2,0,1400,RPC,G,,,8,348,,,,B,5064,00,K,42,0,0,000000000,00000000000,0,0,0,1,0,0,0,0,0,0,0,998,0,0,0,12,12,2,3,8,0,0,0,1,48,78640,0,0,0,0,0,0,999,999,0,0,0,1,0,3,2011,3,2011,0,0,0,0,0,1,2,55,1,1,8,1,0,0,1,80,1,1,1,13,0,0
48,480606,1,3,1,5,4,9,0,12,1,1,0,48,2,49,33,49033,2,1996,JT2DG02T9T00,J,T,2,D,G,0,2,T,9,T,0,0,0,P,TOYT,CGF,2H,96,17,2580,,0,999,,G,,F,4,132,,,15R205,,,,,,0,0,000000000,00000000000,0,0,0,1,0,0,0,0,0,0,0,998,0,0,0,12,12,4,3,12,0,0,0,1,48,76689,0,0,0,0,0,0,999,999,0,0,0,0,0,0,0,0,0,1,0,0,0,0,1,2,70,1,2,8,1,0,0,1,50,1,1,1,20,0,0
48,480606,2,3,1,5,4,9,0,12,1,1,0,48,2,49,32,49032,4,2006,1NXBR32E16Z5,1,N,X,B,R,3,2,E,1,6,Z,5,0,P,TOYT,UCS,4D,6,17,2530,,0,1024,,G,,F,4,109,,,15R185,,,,,,0,0,000000000,00000000000,0,0,0,1,0,0,0,0,0,0,0,0,0,1,5,6,13,6,2,12,0,0,0,1,48,76638,6,1,0,0,3,2,58,118,0,0,0,0,0,0,0,0,0,0,74,0,0,0,1,2,70,1,2,8,1,0,0,5,53,1,1,1,22,1,0
48,480606,3,3,1,5,4,9,0,12,1,1,0,29,3,82,881,82881,66,2003,1FUJA6AV43LK,1,F,U,J,A,6,A,V,4,3,L,K,1,T,FRHT,COL,TR,3,17,,8,0,0,CON,D,,,6,893,,,,,00000,00,,64,1,57,1490474,571490474,3,6,2,1,0,0,0,0,0,0,0,998,0,0,0,12,12,4,3,12,0,0,0,1,48,76401,6,1,6,1,3,0,999,999,0,0,0,0,0,0,0,0,0,0,0,0,0,0,1,2,70,1,2,8,1,0,0,1,62,1,1,1,98,0,0
48,480607,1,1,3,6,4,10,12,1,0,1,0,17,1,20,431,20431,16,2000,3GNFK16TXYG2,3,G,N,F,K,1,6,T,X,Y,G,2,0,P,CHEV,K15,UT,0,17,5123,,0,1300,,G,,F,8,325,,,16R245,,,,,,0,0,000000000,00000000000,0,0,0,1,0,0,0,0,0,0,0,998,0,2,3,0,13,6,2,1,0,0,0,1,48,75104,6,1,0,0,3,0,999,999,0,0,0,0,0,0,0,0,0,0,58,85,0,0,3,2,60,1,1,8,1,0,0,1,61,6,4,4,7,1,0
48,480608,1,2,26,6,4,15,54,12,1,1,0,48,3,84,981,84981,50,2000,1HVBBAAL0YH2,1,H,V,B,B,A,A,L,0,Y,H,2,0,T,INTL,380,BU,0,17,,6,2760,1520,30S,D,,,6,466,,,,,00000,00,,42,0,88,888888888,88888888888,3,21,22,1,0,0,0,0,1,0,0,0,0,0,0,6,6,4,3,12,0,0,0,1,48,76861,6,1,7,1,3,3,999,999,0,0,0,0,0,0,0,0,0,0,0,0,0,0,2,4,70,1,3,8,1,0,0,5,53,1,1,1,21,0,0
48,480608,2,2,1,6,4,15,54,12,1,1,0,48,1,20,422,20422,15,2008,3GNFC16J78G1,3,G,N,F,C,1,6,J,7,8,G,1,0,P,CHEV,C15,UT,8,17,5607,,0,1300,,G,,F,8,323,,,17R265,,,,,,0,0,000000000,00000000000,0,0,0,1,0,0,0,0,0,0,0,998,0,0,0,12,12,6,2,12,0,0,0,1,48,76937,6,1,0,0,3,0,999,999,0,0,0,0,0,0,0,0,0,1,41,0,0,0,2,4,70,1,3,8,1,0,0,1,50,1,1,1,20,1,0
48,480609,1,2,2,6,4,12,20,12,6,1,0,48,1,6,43,6043,2,1997,3C3EL55H3VT5,3,C,3,E,L,5,5,H,3,V,T,5,0,P,CHRY,SJI,CV,97,17,3376,,0,1060,,G,,F,6,152,,,16R215,,,,,,0,0,000000000,00000000000,0,0,0,1,0,0,0,0,0,0,0,998,0,0,0,12,12,4,3,12,0,0,0,1,48,76048,6,1,0,0,3,3,999,999,0,0,0,0,0,0,0,0,0,0,0,0,0,0,1,2,70,1,1,8,1,0,0,1,72,6,1,2,83,1,0
48,480609,2,2,2,6,4,12,20,12,6,1,0,48,1,12,481,12481,31,2003,1FTRX17L93NA,1,F,T,R,X,1,7,L,9,3,N,A,0,T,FORD,F15,4C,3,17,,2,1571,1385,COF,G,,,8,330,,,,B,4060,00,U,42,0,0,000000000,00000000000,0,0,0,1,0,0,0,0,0,0,0,998,0,0,0,11,11,2,3,12,0,0,0,1,48,76048,6,1,0,0,3,3,999,999,1,0,0,0,0,8,2009,8,2009,0,38,0,0,0,0,0,0,0,0,0,0,0,0,11,15,1,1,1,82,0,0