STATE,ST_CASE,VEH_NO,VE_FORMS,NUMOCCS,DAY,MONTH,HOUR,MINUTE,HARM_EV,MAN_COLL,UNITTYPE,HIT_RUN,REG_STAT,OWNER,MAKE,MODEL,MAK_MOD,BODY_TYP,MOD_YEAR,VIN,VIN_1,VIN_2,VIN_3,VIN_4,VIN_5,VIN_6,VIN_7,VIN_8,VIN_9,VIN_10,VIN_11,VIN_12,TOW_VEH,VINTYPE,VINMAKE,VINA_MOD,VIN_BT,VINMODYR,VIN_LNGT,VIN_WGT,WGTCD_TR,WHLBS_LG,WHLBS_SH,SER_TR,FUELCODE,MCYCL_DS,CARBUR,CYLINDER,DISPLACE,MCYCL_CY,MCYCL_WT,TIRE_SZE,TON_RAT,TRK_WT,TRKWTVAR,VIN_REST,WHLDRWHL,J_KNIFE,MCARR_I1,MCARR_I2,MCARR_ID,GVWR,V_CONFIG,CARGO_BT,HAZ_INV,HAZ_PLAC,HAZ_ID,HAZ_CNO,HAZ_REL,BUS_USE,SPEC_USE,EMER_USE,TRAV_SP,UNDERIDE,ROLLOVER,ROLINLOC,IMPACT1,IMPACT2,DEFORMED,TOWED,M_HARM,VEH_SC1,VEH_SC2,FIRE_EXP,DR_PRES,L_STATE,DR_ZIP,L_STATUS,L_TYPE,CDL_STAT,L_ENDORS,L_COMPL,L_RESTRI,DR_HGT,DR_WGT,PREV_ACC,PREV_SUS,PREV_DWI,PREV_SPD,PREV_OTH,FIRST_MO,FIRST_YR,LAST_MO,LAST_YR,SPEEDREL,DR_SF1,DR_SF2,DR_SF3,DR_SF4,VTRAFWAY,VNUM_LAN,VSPD_LIM,VALIGN,VPROFILE,VPAVETYP,VSURCOND,VTRAFCON,VTCONT_F,P_CRASH1,P_CRASH2,P_CRASH3,PCRASH4,PCRASH5,ACC_TYPE,DEATHS,DR_DRINK
48,480610,1,1,1,6,4,8,34,21,0,1,0,48,1,41,51,41051,4,2008,JM1BK32F0811,J,M,1,B,K,3,2,F,0,8,1,1,0,P,MAZD,M3I,4D,8,17,2780,,0,1039,,G,,F,4,122,,,15R195,,,,,,0,0,000000000,00000000000,0,0,0,1,0,0,0,0,0,0,0,998,0,0,0,12,12,6,2,21,0,0,0,1,48,78731,6,1,0,0,3,0,999,999,0,0,0,0,0,0,0,0,0,0,0,0,0,0,3,2,65,1,2,8,1,0,0,1,13,1,1,4,1,1,0
48,480611,1,1,1,6,4,3,1,8,0,1,0,99,9,84,881,84881,66,2009,2HSCUAPR99C0,2,H,S,C,U,A,P,R,9,9,C,0,1,T,INTL,PPR,TR,9,17,,8,0,0,PRO,D,,,6,915,,,,,00000,00,,64,1,57,54283,5754283,3,6,1,1,0,0,0,0,0,0,0,998,0,0,0,10,10,2,1,8,0,0,0,1,48,76117,6,1,6,0,3,0,999,999,0,0,0,0,0,0,0,0,0,0,0,0,0,0,2,2,65,1,2,8,1,0,0,1,80,7,1,1,13,0,0
48,480612,1,2,1,7,4,18,30,12,6,1,0,48,1,20,481,20481,31,2002,2GCEC19V2212,2,G,C,E,C,1,9,V,2,2,1,2,0,T,CHEV,SC1,4C,2,17,,2,1575,1435,SIL,G,,,8,293,,,,B,4534,03,,42,0,0,000000000,00000000000,0,0,0,1,0,0,0,0,0,0,0,998,0,0,0,9,9,4,3,12,0,0,0,1,48,75223,6,1,0,0,3,3,70,162,0,0,0,0,0,0,0,0,0,0,0,0,0,0,1,2,99,1,9,9,99,20,3,4,17,1,1,1,89,1,0
48,480612,2,2,2,7,4,18,30,12,6,1,0,48,1,12,481,12481,31,2009,1FTRW12829KC,1,F,T,R,W,1,2,8,2,9,K,C,0,T,FORD,F1S,CW,9,17,,2,1570,1450,COF,G,,,8,281,,,,B,5156,01,L,42,0,0,000000000,00000000000,0,0,0,1,0,0,0,0,0,0,0,998,0,0,0,12,12,4,3,12,0,0,0,1,48,75204,6,1,6,0,3,3,999,999,0,0,0,1,0,1,2011,1,2011,1,0,0,0,0,3,3,35,1,1,8,1,0,0,1,66,8,2,2,88,0,0
48,480613,1,2,1,7,4,22,11,12,1,1,0,48,1,12,32,12032,5,2011,3FADP4EJ3BM1,3,F,A,D,P,4,E,J,3,B,M,1,0,P,FORD,FEE,4H,11,17,2537,,0,980,,G,,F,4,098,,,15R185,,,,,,0,0,000000000,00000000000,0,0,0,1,0,0,0,0,0,0,0,998,0,0,0,12,12,6,2,12,0,0,0,1,48,75092,6,1,0,0,3,0,999,999,0,0,0,0,0,0,0,0,0,1,0,0,0,0,1,2,55,1,2,8,1,0,0,1,52,1,1,1,28,1,1
48,480613,2,2,1,7,4,22,11,12,1,1,0,17,3,84,881,84881,66,2007,2HSCNAPR47C3,2,H,S,C,N,A,P,R,4,7,C,3,1,T,INTL,94I,TR,7,17,,8,0,0,940,D,,,6,915,,,,,00000,00,,64,1,57,370419,57370419,3,6,1,1,0,0,0,0,0,0,0,998,0,0,0,6,6,4,1,12,0,0,0,1,29,64150,6,1,6,0,3,3,68,200,0,0,0,0,1,5,2010,5,2010,0,0,0,0,0,1,2,55,1,2,8,1,0,0,2,53,1,1,1,29,0,0
48,480614,1,2,1,7,4,8,5,12,6,1,0,4,3,84,881,84881,66,2002,2HSCEAMR72C0,2,H,S,C,E,A,M,R,7,2,C,0,1,T,INTL,92I,TR,2,17,,8,0,0,920,D,,,6,774,,,,,00000,00,,64,1,57,1678805,571678805,3,6,3,1,0,0,0,0,0,0,0,998,0,0,0,12,12,4,3,12,0,0,0,1,4,85326,6,1,6,0,3,0,66,180,0,0,0,1,0,9,2008,9,2008,1,39,91,0,0,4,1,99,1,1,9,99,20,3,1,17,1,1,1,86,0,0
48,480614,2,2,2,7,4,8,5,12,6,1,0,48,1,14,6,14006,4,2004,2MEFM74W34X6,2,M,E,F,M,7,4,W,3,4,X,6,0,P,MERC,GMG,4D,4,17,4038,,0,1147,,G,,F,8,281,,,16R225,,,,,,0,0,000000000,00000000000,0,0,0,1,0,0,0,0,0,0,0,998,0,0,0,3,3,6,2,12,0,0,0,1,48,79124,6,1,0,0,3,3,999,999,0,0,0,0,0,0,0,0,0,0,0,0,0,0,5,2,60,1,1,8,1,0,0,1,66,1,1,1,87,1,0
48,480615,1,2,1,7,4,15,5,12,6,1,0,48,1,19,3,19003,4,2003,1G6KD54Y63U1,1,G,6,K,D,5,4,Y,6,3,U,1,0,P,CADI,DFW,4D,3,17,3978,,0,1153,,G,,F,8,279,,,16R225,,,,,,0,0,000000000,00000000000,0,0,0,1,0,0,0,0,0,0,0,998,0,0,0,9,9,4,3,12,0,0,0,1,48,75790,6,1,0,0,3,3,999,999,1,0,0,0,0,9,2008,9,2008,0,38,0,0,0,1,2,99,1,9,8,1,20,3,4,17,1,1,1,89,1,0
48,480615,2,2,3,7,4,15,5,12,6,1,0,48,1,20,421,20421,15,2003,1GNEC13Z73R2,1,G,N,E,C,1,3,Z,7,3,R,2,0,P,CHEV,CTA,UT,3,17,4828,,0,1160,,F,,F,8,325,,,16R265,,,,,,0,0,000000000,00000000000,0,0,0,1,0,0,0,0,0,0,0,998,0,0,0,12,12,2,3,12,0,0,0,1,48,75754,6,1,0,0,3,3,999,999,0,0,0,0,0,0,0,0,0,0,0,0,0,0,1,2,40,1,1,8,1,0,0,1,66,1,1,1,88,0,0
48,480616,1,2,1,7,4,7,0,8,0,1,0,48,1,12,3,12003,2,2003,1FAFP42R33F4,1,F,A,F,P,4,2,R,3,3,F,4,0,P,FORD,MM1,CP,3,17,3114,,0,1013,,G,,F,8,281,,,17R245,,,,,,0,0,000000000,00000000000,0,0,0,1,0,0,0,0,0,0,0,998,0,0,0,61,61,2,3,8,0,0,0,1,48,76539,6,1,0,0,3,0,999,999,0,0,0,0,0,0,0,0,0,0,0,0,0,0,5,4,50,1,1,8,1,0,0,1,80,1,1,1,13,0,0
48,480616,2,2,1,7,4,7,0,8,0,1,0,48,1,85,881,85881,66,1998,1XKWDR9X7WR7,1,X,K,W,D,R,9,X,7,W,R,7,1,T,KW,W90,TR,98,17,,8,2850,1600,CON,D,,,6,774,,,,,00000,00,,64,1,57,1941898,571941898,3,6,3,1,0,0,0,0,0,0,0,998,0,0,0,81,81,0,1,8,0,0,0,1,48,78504,6,1,6,0,3,3,999,999,0,2,0,1,1,9,2009,9,2010,0,0,0,0,0,5,4,50,1,1,8,1,0,0,1,80,1,1,1,98,0,0
48,480617,1,1,1,8,4,2,32,8,0,1,0,48,1,12,481,12481,31,2002,1FTNX21F22EB,1,F,T,N,X,2,1,F,2,2,E,B,0,T,FORD,F2S,4C,2,17,,2,1580,1418,SRW,D,,,8,444,,,,C,5949,05,U,44,0,0,000000000,00000000000,0,0,0,1,0,0,0,0,0,0,0,998,0,0,0,12,12,2,1,8,0,0,0,1,48,78659,6,1,0,0,3,3,999,999,0,0,0,0,0,0,0,0,0,0,0,0,0,0,1,4,65,1,1,8,1,0,0,1,80,1,1,1,13,0,0
48,480618,1,2,1,8,4,12,31,12,1,1,0,48,2,20,481,20481,31,2004,2GCEC19V3412,2,G,C,E,C,1,9,V,3,4,1,2,0,T,CHEV,SC1,4C,4,17,,2,1575,1435,SIL,G,,,8,293,,,,B,4555,00,,42,0,0,000000000,00000000000,0,0,0,1,0,0,0,0,0,0,0,998,0,0,0,12,12,4,3,12,0,0,0,1,48,78363,6,1,0,0,3,3,999,999,0,0,0,0,0,0,0,0,0,0,0,0,0,0,3,3,60,1,1,8,1,0,0,1,52,3,2,1,28,0,0
48,480618,2,2,2,8,4,12,31,12,1,1,0,48,2,12,17,12017,4,1999,1FAFP53U6XG1,1,F,A,F,P,5,3,U,6,X,G,1,0,P,FORD,TSE,4D,99,17,3353,,0,1085,,G,,F,6,182,,,15R205,,,,,,0,0,000000000,00000000000,0,0,0,1,0,0,0,0,0,0,0,998,0,0,0,6,6,6,2,12,0,0,0,1,48,78521,6,1,0,0,3,0,999,999,0,1,0,0,0,2,2011,2,2011,0,0,0,0,0,3,3,60,1,1,8,1,0,0,2,98,4,1,1,29,1,0
48,480619,1,3,1,8,4,11,51,12,1,1,0,48,1,3,402,3402,14,2006,5GTDN1369683,5,G,T,D,N,1,3,6,9,6,8,3,0,T,HUMM,HH3,4W,6,17,,1,0,1119,HUM,G,,,5,214,,,,,4700,00,R,44,0,0,000000000,00000000000,0,0,0,1,0,0,0,0,0,0,0,998,0,0,0,12,12,4,3,12,0,0,0,1,48,75104,1,1,0,0,2,0,999,999,0,2,0,3,1,8,2008,12,2010,1,92,0,0,0,2,2,60,1,1,8,1,3,3,1,50,6,1,1,20,0,0
48,480619,2,3,2,8,4,11,51,12,1,1,0,48,1,20,481,20481,31,1997,1GCEC14W1VZ1,1,G,C,E,C,1,4,W,1,V,Z,1,0,T,CHEV,GC1,PK,97,17,,2,1315,1175,GM4,G,,,6,262,,,,B,3869,02,,42,0,0,000000000,00000000000,0,0,0,1,0,0,0,0,0,0,0,0,0,0,0,6,6,4,3,12,0,0,0,1,48,78123,3,1,0,0,2,3,68,254,0,0,0,0,0,0,0,0,0,0,0,0,0,0,2,2,60,1,1,8,1,3,3,5,53,1,1,1,21,1,0
48,480619,3,3,1,8,4,11,51,12,1,1,0,48,1,41,54,41054,6,2008,JM3TB28V2801,J,M,3,T,B,2,8,V,2,8,0,1,0,P,MAZD,CX9,UT,8,17,4312,,0,1132,,G,,F,6,226,,,18R245,,,,,,0,0,000000000,00000000000,0,0,0,1,0,0,0,0,0,0,0,0,0,0,0,5,5,2,3,12,0,0,0,1,48,75249,6,1,0,0,3,0,999,999,0,0,0,0,0,0,0,0,0,0,0,0,0,0,2,2,60,1,1,8,1,3,3,5,60,1,1,1,98,0,0
48,480620,1,1,3,8,4,21,30,49,0,1,1,48,2,12,481,12481,31,1997,1FTDX1765VNA,1,F,T,D,X,1,7,6,5,V,N,A,0,T,FORD,F15,3C,97,17,,1,1570,1390,COF,G,,,8,281,,,,B,4045,03,E,42,0,0,000000000,00000000000,0,0,0,1,0,0,0,0,0,0,0,998,0,0,0,12,12,4,3,49,0,0,0,1,48,75052,0,0,0,0,0,0,999,999,0,0,0,0,0,0,0,0,0,1,91,92,33,0,1,2,40,1,1,8,1,0,0,6,10,1,1,2,13,0,1
48,480621,1,2,1,8,4,17,31,12,6,1,0,5,2,87,881,87881,66,2004,1XP5DB9X74D8,1,X,P,5,D,B,9,X,7,4,D,8,1,T,PTRB,379,TR,4,17,,8,0,0,CON,D,,,6,893,,,,,00000,00,,64,1,57,702122,57702122,3,6,1,1,0,0,0,0,0,0,0,998,0,0,0,12,12,4,3,12,0,0,0,1,5,71832,6,1,6,0,3,3,72,185,0,0,0,0,0,0,0,0,0,0,0,0,0,0,2,2,70,1,1,8,1,0,0,1,66,9,1,1,86,0,0
48,480621,2,2,3,8,4,17,31,12,6,1,0,48,2,12,17,12017,4,1995,1FALP52U9SG2,1,F,A,L,P,5,2,U,9,S,G,2,0,P,FORD,TGS,4D,95,17,3118,,0,1060,,G,,F,6,182,,,15R205,,,,,,0,0,000000000,00000000000,0,0,0,1,0,0,0,0,0,0,0,998,0,0,0,3,3,6,2,12,0,0,0,1,48,75633,0,0,0,0,0,0,65,144,0,0,0,0,0,0,0,0,0,0,38,0,0,0,1,2,99,1,1,8,1,21,3,1,17,1,1,1,87,3,0
48,480622,1,1,1,8,4,23,35,8,0,1,0,48,2,20,37,20037,4,2007,1G1ZS58F57F1,1,G,1,Z,S,5,8,F,5,7,F,1,0,P,CHEV,M/L,4D,7,17,3122,,0,1063,,G,,F,4,134,,,15R205,,,,,,0,0,000000000,00000000000,0,0,0,1,0,0,0,0,0,0,0,998,0,0,0,12,12,2,4,8,0,0,0,1,48,78877,6,1,0,0,3,3,999,999,0,0,0,0,0,0,0,0,0,0,0,0,0,0,1,4,40,1,1,8,1,0,0,1,80,1,1,1,13,0,0
48,480623,1,1,1,9,4,13,23,8,0,1,0,93,3,87,881,87881,66,2009,1XP7D49X79D7,1,X,P,7,D,4,9,X,7,9,D,7,0,T,PTRB,387,TR,9,17,,8,0,0,CON,D,,,6,915,,,,,00000,00,,64,0,57,3706,573706,3,5,96,1,0,0,0,0,0,0,0,998,0,0,0,12,12,2,3,8,0,0,0,1,48,78229,6,1,6,0,3,3,999,999,0,0,0,0,0,0,0,0,0,0,0,0,0,0,3,2,70,1,2,8,1,0,0,1,80,4,1,1,13,0,0
48,480624,1,2,1,9,4,16,30,12,1,1,0,93,3,51,881,51881,66,2007,4V4NC9TJ57N4,4,V,4,N,C,9,T,J,5,7,N,4,1,T,VOLV,VNL,TR,7,17,,8,0,0,VVN,D,,,6,915,,,,,00000,00,,64,1,57,1703726,571703726,3,6,1,1,0,0,0,0,0,0,0,998,0,0,0,12,12,6,2,12,0,0,0,1,26,49546,6,1,6,0,3,0,68,170,0,0,0,1,1,11,2008,11,2009,1,0,0,0,0,2,2,70,1,1,8,1,0,0,1,50,7,1,1,20,1,0
48,480624,2,2,2,9,4,16,30,12,1,1,0,18,3,51,881,51881,66,2007,4V4N19TG27N4,4,V,4,N,1,9,T,G,2,7,N,4,2,T,VOLV,VNL,TR,7,17,,7,0,0,VVN,D,,,6,915,,,,,00000,00,,42,1,57,121058,57121058,3,7,1,1,0,0,0,0,0,0,0,0,0,0,0,6,6,6,2,12,0,0,0,1,48,75038,6,1,6,1,3,0,999,999,0,0,0,0,2,3,2009,1,2011,0,0,0,0,0,2,2,70,1,1,8,1,0,0,5,53,1,1,1,21,0,0
48,480625,1,1,1,9,4,17,58,53,0,1,0,48,1,76,706,76706,80,1987,JYA1NL009HA0,J,Y,A,1,N,L,0,0,9,H,A,0,0,M,YAMA,XZ3,RS,87,17,,,,,,,1294,,4,,4,732,,,,,,,0,0,000000000,00000000000,0,0,0,1,0,0,0,0,0,0,0,998,0,0,0,99,99,9,2,53,0,0,0,1,48,76901,6,1,0,0,2,0,999,999,0,0,0,0,0,0,0,0,0,0,52,0,0,0,1,4,65,1,2,8,1,0,0,1,13,1,1,4,1,1,0
48,480626,1,1,1,9,4,0,20,8,0,1,0,48,1,49,403,49403,14,2003,JTEGD21A9300,J,T,E,G,D,2,1,A,9,3,0,0,0,P,TOYT,HIG,UT,3,17,3485,,0,1069,,G,,F,4,144,,,16R225,,,,,,0,0,000000000,00000000000,0,0,0,1,0,0,0,0,0,0,0,998,0,0,0,12,12,4,3,8,0,0,0,1,48,77521,6,1,0,0,3,0,999,999,0,0,0,0,0,0,0,0,0,0,0,0,0,0,5,4,60,1,1,8,1,0,0,15,80,1,1,1,13,0,0
48,480627,1,2,1,9,4,10,4,1,0,1,0,48,1,72,706,72706,80,2009,1HD1GM4139K3,1,H,D,1,G,M,4,1,3,9,K,3,0,M,HD,FXD,RS,9,17,,,,,,,1584,,2,,4,676,,,,,,,0,0,000000000,00000000000,0,0,0,1,0,0,0,0,0,0,0,998,0,0,0,0,99,9,2,12,0,0,0,1,48,77011,6,1,0,0,2,0,999,999,0,0,0,0,0,0,0,0,0,0,0,0,0,0,2,2,35,1,1,1,1,0,0,1,62,98,1,1,98,1,0
48,480627,2,2,1,9,4,10,4,1,0,1,0,48,1,7,482,7482,31,2002,3D7HA18Z42G1,3,D,7,H,A,1,8,Z,4,2,G,1,0,T,DODG,Q15,CW,2,17,,2,1605,1405,RPC,G,,,8,360,,,,B,4747,01,E,42,0,0,000000000,00000000000,0,0,0,1,0,0,0,0,0,0,0,998,0,0,0,83,83,0,8,12,0,0,0,1,48,77011,6,1,0,0,3,0,999,999,0,0,0,0,0,0,0,0,0,0,38,0,0,0,2,2,35,1,1,1,1,0,0,11,15,1,1,1,98,0,0
48,480628,1,1,1,9,4,4,10,20,0,1,0,48,1,53,706,53706,80,1991,JS1GV74G0M21,J,S,1,G,V,7,4,G,0,M,2,1,0,M,SUZI,GX1,RC,91,17,,,,,,,1127,,4,,4,562,,,,,,,0,0,000000000,00000000000,0,0,0,1,0,0,0,0,0,0,0,998,0,0,0,99,99,9,2,20,0,0,0,1,48,76137,6,1,0,0,3,0,73,234,0,0,0,0,0,0,0,0,0,1,0,0,0,0,3,2,99,3,1,8,1,0,0,14,13,1,1,4,1,1,1
48,480629,1,2,1,9,4,0,45,12,2,1,0,22,1,2,404,2404,14,1998,1J4FX78S0WC2,1,J,4,F,X,7,8,S,0,W,C,2,0,T,JEEP,LMT,4W,98,17,,1,0,1059,GCK,G,,,6,242,,,,,3531,01,E,42,0,0,000000000,00000000000,0,0,0,1,0,0,0,0,0,0,0,998,0,0,0,12,12,6,2,12,0,0,0,1,22,71112,6,1,0,0,3,0,72,175,0,2,0,0,0,12,2009,2,2010,0,51,0,0,0,1,2,65,1,3,8,1,0,0,1,10,1,1,2,50,1,1
48,480629,2,2,1,9,4,0,45,12,2,1,0,48,1,7,472,7472,30,2003,1D7HL38N93S1,1,D,7,H,L,3,8,N,9,3,S,1,0,T,DODG,QSP,CW,3,17,,2,0,1309,DAK,G,,,8,287,,,,B,4115,00,E,42,0,0,000000000,00000000000,0,0,0,1,0,0,0,0,0,0,0,998,0,0,0,12,12,6,2,12,0,0,0,1,48,75951,6,1,0,0,3,3,999,999,0,0,0,0,0,0,0,0,0,0,0,0,0,0,1,2,65,1,3,8,1,0,0,1,62,1,1,1,51,0,1
48,480630,1,1,1,9,4,4,15,34,0,1,0,48,2,7,422,7422,15,2006,1D4HD48N86F1,1,D,4,H,D,4,8,N,8,6,F,1,0,P,DODG,DUR,UT,6,17,4549,,0,1192,,G,,F,8,287,,,17R245,,,,,,0,0,000000000,00000000000,0,0,0,1,0,0,0,0,0,0,0,998,0,1,4,12,0,6,2,1,0,0,0,1,48,79331,1,1,0,0,2,0,999,999,0,5,0,1,1,3,2010,8,2010,0,58,0,0,0,1,2,65,1,1,8,1,0,0,1,13,6,2,4,7,1,1
48,480631,1,1,1,10,1,6,58,1,0,1,0,48,1,12,401,12401,14,2001,1FMZU77E01UC,1,F,M,Z,U,7,7,E,0,1,U,C,0,P,FORD,EPR,UT,1,17,4332,,0,1259,,G,,F,6,245,,,15R235,,,,,,0,0,000000000,00000000000,0,0,0,1,0,0,0,0,0,0,0,998,0,9,1,0,0,6,2,1,0,0,0,1,48,78055,6,1,6,0,3,0,999,999,0,0,0,1,0,9,2010,9,2010,1,58,0,0,0,1,2,65,3,1,8,1,0,0,14,11,6,9,6,98,1,0
48,480632,1,3,1,11,1,13,5,12,6,1,0,48,2,7,482,7482,31,2002,1D7HA16N02J2,1,D,7,H,A,1,6,N,0,2,J,2,0,T,DODG,150,PK,2,17,,2,1405,1205,RPC,G,,,8,287,,,,B,4366,01,E,42,0,0,000000000,00000000000,0,0,0,1,0,0,0,0,0,0,0,998,0,0,0,3,3,4,3,12,0,0,0,1,48,75708,6,1,0,0,3,0,999,999,0,0,0,0,0,0,0,0,0,0,38,0,0,0,1,2,99,1,9,8,1,20,3,4,17,1,1,1,87,1,0
48,480632,2,3,2,11,1,13,5,12,6,1,0,48,2,7,482,7482,31,2004,1D7HA18D14J2,1,D,7,H,A,1,8,D,1,4,J,2,0,T,DODG,SQ1,CW,4,17,,2,1605,1405,RPC,G,,,8,345,,,,B,4820,01,E,42,0,0,000000000,00000000000,0,0,0,1,0,0,0,0,0,0,0,0,0,0,0,11,11,4,3,12,0,0,0,1,48,75708,6,1,0,0,3,0,999,999,0,0,0,0,0,0,0,0,0,0,0,0,0,0,1,2,99,1,9,8,1,20,3,5,62,1,1,1,98,0,0
48,480632,3,3,1,11,1,13,5,12,6,1,0,93,3,84,881,84881,66,2009,1HSHWAHN89J1,1,H,S,H,W,A,H,N,8,9,J,1,1,T,INTL,860,TR,9,17,,7,0,0,80S,D,,,6,661,,,,,00000,00,,42,1,57,358597,57358597,3,6,1,1,0,0,0,0,0,0,0,998,0,0,0,12,12,4,3,12,0,0,0,1,48,75124,6,1,6,0,3,0,999,999,2,0,0,0,0,1,2009,3,2009,0,0,0,0,0,2,2,55,1,2,8,1,0,0,1,66,6,1,1,86,0,0
48,480633,1,1,1,28,1,15,50,30,0,1,0,48,1,12,16,12016,4,2002,2FAFP73W02X1,2,F,A,F,P,7,3,W,0,2,X,1,0,P,FORD,CVI,4D,2,17,3942,,0,1147,,G,,F,8,281,,,16R225,,,,,,0,0,000000000,00000000000,0,0,0,1,0,0,0,0,0,0,0,998,0,0,0,12,12,4,3,30,0,0,0,1,48,78654,6,1,0,0,3,3,999,999,0,0,0,1,0,12,2008,12,2008,1,0,0,0,0,1,2,45,2,1,8,1,40,3,14,12,1,1,4,6,1,0
48,480634,1,2,2,12,2,22,42,12,6,1,0,48,2,13,1,13001,4,1997,1LNLM83W1VY6,1,L,N,L,M,8,3,W,1,V,Y,6,0,P,LINC,CAR,4D,97,17,3977,,0,1174,,G,,F,8,281,,,16R225,,,,,,0,0,000000000,00000000000,0,0,0,1,0,0,0,0,0,0,0,998,0,0,0,12,2,9,3,12,0,0,0,1,48,76133,6,1,0,0,3,0,999,999,0,6,0,1,0,7,2008,1,2011,0,38,0,0,0,1,2,99,1,9,9,1,20,3,11,15,1,1,1,76,0,1
48,480634,2,2,3,12,2,22,42,12,6,1,0,48,1,37,401,37401,14,1998,4S6CK58WXW44,4,S,6,C,K,5,8,W,X,W,4,4,0,P,HOND,PAS,UT,98,17,3469,,0,1064,,G,,F,6,193,,,15R215,,,,,,0,0,000000000,00000000000,0,0,0,1,0,0,0,0,0,0,0,998,0,0,0,5,5,4,3,12,0,0,0,1,48,76110,3,1,0,0,2,0,999,999,0,0,0,1,0,8,2009,8,2009,1,0,0,0,0,2,3,40,1,3,8,1,0,0,1,65,99,1,3,77,1,0
48,480635,1,2,1,13,2,16,20,12,7,1,0,48,0,53,705,53705,80,2005,JS1VP53A3521,J,S,1,V,P,5,3,A,3,5,2,1,0,M,SUZI,SV6,RC,5,17,,,,,,,645,,2,,4,363,,,,,,,0,0,000000000,00000000000,0,0,0,1,0,0,0,0,0,0,0,998,0,0,0,1,1,9,2,59,0,0,0,1,48,77023,1,1,0,0,2,3,999,999,0,3,0,0,0,1,2010,8,2010,1,27,0,0,0,3,5,60,2,2,1,1,40,3,6,61,99,1,2,46,1,0
48,480635,2,2,1,13,2,16,20,12,7,1,0,48,1,12,23,12023,4,2010,3FAHP0JA3AR3,3,F,A,H,P,0,J,A,3,A,R,3,0,P,FORD,F/L,4D,10,17,3342,,0,1074,,G,,F,4,152,,,17R225,,,,,,0,0,000000000,00000000000,0,0,0,1,0,0,0,0,0,0,0,998,0,0,0,7,7,2,1,12,0,0,0,1,48,77008,6,1,0,0,3,0,999,999,0,0,0,0,0,0,0,0,0,0,0,0,0,0,3,5,60,2,2,1,1,40,3,15,53,1,1,2,47,0,0
48,480636,1,1,99,13,2,5,20,8,0,1,1,99,9,99,999,99999,99,9999,999999999999,9,9,9,9,9,9,9,9,9,9,9,9,9,,,,,,,,,,,,,,,,,,,,,,,,,0,99,999999999,99999999999,9,99,99,1,0,0,0,0,99,99,9,998,0,0,0,99,99,9,1,8,0,0,0,1,99,99999,9,9,99,9,9,9,999,999,99,99,99,99,99,99,9999,99,9999,1,99,99,99,99,1,2,50,1,1,8,3,0,0,99,80,99,9,3,13,0,0
48,480637,1,1,1,18,2,2,29,30,0,1,0,48,2,41,47,41047,4,2001,JM1TA2223117,J,M,1,T,A,2,2,2,3,1,1,7,0,P,MAZD,MLS,4D,1,17,3488,,0,1083,,G,,Z,6,138,,,17R215,,,,,,0,0,000000000,00000000000,0,0,0,1,0,0,0,0,0,0,0,998,0,0,0,12,12,6,2,30,0,0,0,1,48,79912,3,1,0,0,2,0,999,999,0,0,0,1,0,12,2010,12,2010,1,0,0,0,0,2,3,30,1,1,2,1,3,3,1,13,99,9,4,1,1,1
48,480638,1,2,1,19,2,12,55,12,6,1,0,48,1,14,6,14006,4,1999,2MEFM75W0XX7,2,M,E,F,M,7,5,W,0,X,X,7,0,P,MERC,MGL,4D,99,17,3922,,0,1147,,G,,F,8,281,,,16R225,,,,,,0,0,000000000,00000000000,0,0,0,1,0,0,0,0,0,0,0,998,0,0,0,9,9,6,2,12,0,0,0,1,48,77423,0,0,0,0,0,0,64,157,0,0,0,0,0,0,0,0,0,0,38,0,0,0,2,1,35,1,1,1,1,20,3,11,15,1,1,1,82,1,0
48,480638,2,2,2,19,2,12,55,12,6,1,0,48,2,2,404,2404,14,2008,1J8GS48K78C1,1,J,8,G,S,4,8,K,7,8,C,1,0,T,JEEP,LRO,4W,8,17,,1,0,1095,GCK,G,,,6,226,,,,,4316,00,7,42,0,0,000000000,00000000000,0,0,0,1,0,0,0,0,0,0,0,998,0,0,0,12,12,4,3,12,0,0,0,1,48,77406,6,1,0,0,3,0,999,999,0,0,0,1,0,1,2011,1,2011,0,0,0,0,0,2,2,55,1,1,8,1,0,0,1,67,6,1,1,83,0,0
48,480639,1,1,1,25,2,2,50,46,0,1,0,48,1,20,421,20421,15,2003,1GNEC13V73J3,1,G,N,E,C,1,3,V,7,3,J,3,0,P,CHEV,CTA,UT,3,17,4828,,0,1160,,G,,F,8,293,,,16R265,,,,,,0,0,000000000,00000000000,0,0,0,1,0,0,0,0,0,0,0,998,0,1,5,81,81,4,3,1,0,0,0,1,48,76244,1,1,0,0,2,0,999,999,1,8,2,0,1,4,2009,2,2011,0,28,0,0,0,2,3,55,1,2,8,1,0,0,1,12,99,9,4,6,1,1
48,480640,1,2,1,27,2,23,9,12,2,1,0,48,2,23,472,23472,30,2005,1GTDS1360582,1,G,T,D,S,1,3,6,0,5,8,2,0,T,GMC,CAN,CW,5,17,,1,0,1260,CAN,G,,,5,214,,,,B,3604,00,U,42,0,0,000000000,00000000000,0,0,0,1,0,0,0,0,0,0,0,998,0,0,0,12,12,6,2,12,0,0,0,1,48,78582,6,1,0,0,3,0,999,999,0,1,0,0,0,1,2009,1,2009,0,91,28,0,0,1,2,65,4,2,8,1,0,0,14,13,6,1,2,50,0,1