STATE,ST_CASE,VEH_NO,VE_FORMS,NUMOCCS,DAY,MONTH,HOUR,MINUTE,HARM_EV,MAN_COLL,UNITTYPE,HIT_RUN,REG_STAT,OWNER,MAKE,MODEL,MAK_MOD,BODY_TYP,MOD_YEAR,VIN,VIN_1,VIN_2,VIN_3,VIN_4,VIN_5,VIN_6,VIN_7,VIN_8,VIN_9,VIN_10,VIN_11,VIN_12,TOW_VEH,VINTYPE,VINMAKE,VINA_MOD,VIN_BT,VINMODYR,VIN_LNGT,VIN_WGT,WGTCD_TR,WHLBS_LG,WHLBS_SH,SER_TR,FUELCODE,MCYCL_DS,CARBUR,CYLINDER,DISPLACE,MCYCL_CY,MCYCL_WT,TIRE_SZE,TON_RAT,TRK_WT,TRKWTVAR,VIN_REST,WHLDRWHL,J_KNIFE,MCARR_I1,MCARR_I2,MCARR_ID,GVWR,V_CONFIG,CARGO_BT,HAZ_INV,HAZ_PLAC,HAZ_ID,HAZ_CNO,HAZ_REL,BUS_USE,SPEC_USE,EMER_USE,TRAV_SP,UNDERIDE,ROLLOVER,ROLINLOC,IMPACT1,IMPACT2,DEFORMED,TOWED,M_HARM,VEH_SC1,VEH_SC2,FIRE_EXP,DR_PRES,L_STATE,DR_ZIP,L_STATUS,L_TYPE,CDL_STAT,L_ENDORS,L_COMPL,L_RESTRI,DR_HGT,DR_WGT,PREV_ACC,PREV_SUS,PREV_DWI,PREV_SPD,PREV_OTH,FIRST_MO,FIRST_YR,LAST_MO,LAST_YR,SPEEDREL,DR_SF1,DR_SF2,DR_SF3,DR_SF4,VTRAFWAY,VNUM_LAN,VSPD_LIM,VALIGN,VPROFILE,VPAVETYP,VSURCOND,VTRAFCON,VTCONT_F,P_CRASH1,P_CRASH2,P_CRASH3,PCRASH4,PCRASH5,ACC_TYPE,DEATHS,DR_DRINK
48,480640,2,2,2,27,2,23,9,12,2,1,0,48,2,20,481,20481,31,2008,1GCEC140X8Z1,1,G,C,E,C,1,4,0,X,8,Z,1,0,T,CHEV,SC1,PK,8,17,,2,1330,1190,SIL,F,,,8,323,,,,B,4453,01,,42,0,0,000000000,00000000000,0,0,0,1,0,0,0,0,0,0,0,998,0,0,0,12,12,6,2,12,0,0,0,1,48,78572,6,1,0,0,3,3,999,999,0,0,0,1,0,1,2010,1,2010,0,0,0,0,0,1,2,65,4,2,8,1,0,0,14,62,7,1,2,51,1,0
48,480641,1,1,4,5,3,18,15,58,0,1,0,48,2,20,431,20431,16,1995,1GNFK16K3SJ3,1,G,N,F,K,1,6,K,3,S,J,3,0,P,CHEV,K15,UT,95,17,0,,0,1315,,G,,F,8,350,,,16R245,,,,,,0,0,000000000,00000000000,0,0,0,1,0,0,0,0,0,0,0,998,0,1,1,99,0,6,2,1,0,0,0,1,48,79227,6,2,0,0,3,0,999,999,0,0,0,0,0,0,0,0,0,1,52,0,0,0,1,2,55,1,2,4,1,0,0,1,6,1,4,6,98,2,0
48,480642,1,1,1,5,3,2,4,8,0,1,1,48,1,14,443,14443,20,1999,4M2XV11T2XDJ,4,M,2,X,V,1,1,T,2,X,D,J,0,P,MERC,VLR,SV,99,17,3944,,0,1122,,G,,F,6,201,,,15R215,,,,,,0,0,000000000,00000000000,0,0,0,1,0,0,0,0,0,0,0,998,0,0,0,12,12,0,1,8,0,0,0,1,48,77032,6,1,0,0,3,0,999,999,0,0,0,0,0,0,0,0,0,0,0,0,0,0,1,2,35,1,1,8,1,0,0,1,80,1,1,1,13,0,0
48,480643,1,1,2,6,3,1,54,39,0,1,0,48,2,41,49,41049,4,2009,JM1FE1743904,J,M,1,F,E,1,7,4,3,9,0,4,0,P,MAZD,RX8,C4,9,17,3064,,0,1064,,G,,F,R,080,,,18R225,,,,,,0,0,000000000,00000000000,0,0,0,1,0,0,0,0,0,0,0,998,0,1,5,11,0,6,2,1,0,0,0,1,48,75254,6,1,0,0,3,0,999,999,0,0,0,0,0,0,0,0,0,1,0,0,0,0,6,1,99,2,2,8,1,0,0,14,12,1,1,4,6,2,1
48,480644,1,1,1,6,3,5,35,38,0,1,0,48,1,20,2,20002,4,2008,2G1WT58K5891,2,G,1,W,T,5,8,K,5,8,9,1,0,P,CHEV,IMT,4D,8,17,3555,,0,1105,,F,,F,6,214,,,16R225,,,,,,0,0,000000000,00000000000,0,0,0,1,0,0,0,0,0,0,0,998,0,0,0,11,11,4,3,38,0,0,0,1,48,76033,6,1,0,0,3,3,999,999,0,0,0,0,0,0,0,0,0,0,0,0,0,0,1,2,65,1,1,8,1,0,0,1,12,1,1,4,6,1,0
48,480645,1,2,1,9,3,5,19,12,1,1,0,0,0,98,998,98998,92,2002,999999999999,9,9,9,9,9,9,9,9,9,9,9,9,1,,,,,,,,,,,,,,,,,,,,,,,,,1,0,000000000,00000000000,0,0,0,1,0,0,0,0,0,0,0,998,0,0,0,6,6,4,1,12,0,0,0,1,48,77662,0,0,0,0,1,0,999,999,0,0,0,0,0,0,0,0,0,0,0,0,0,0,1,2,65,1,1,8,1,0,0,1,53,1,1,1,25,0,0
48,480645,2,2,1,9,3,5,19,12,1,1,0,40,3,12,481,12481,31,2010,1FTSX2BR4AEB,1,F,T,S,X,2,B,R,4,A,E,B,0,T,FORD,F2S,4C,10,17,,2,1580,1418,SRW,D,,,8,390,,,,B,6267,00,E,44,0,0,000000000,00000000000,0,0,0,1,0,0,0,0,0,0,0,998,0,0,0,12,12,4,3,12,0,0,0,1,40,73624,6,1,0,0,3,0,74,270,0,0,0,0,0,0,0,0,0,1,0,0,0,0,1,2,65,1,1,8,1,0,0,1,51,1,1,1,24,1,0
48,480646,1,2,1,10,3,6,28,12,1,1,0,48,1,49,44,49044,2,1999,4T1BF18B1XU3,4,T,1,B,F,1,8,B,1,X,U,3,0,P,TOYT,UVS,4D,99,17,3340,,0,1071,,G,,F,6,183,,,15R205,,,,,,0,0,000000000,00000000000,0,0,0,1,0,0,0,0,0,0,0,998,0,0,0,12,12,4,3,12,0,0,0,1,48,78250,6,1,0,0,3,0,999,999,1,0,0,0,0,10,2008,10,2008,0,0,0,0,0,5,7,45,1,1,8,1,0,0,1,61,1,1,1,42,0,0
48,480646,2,2,1,10,3,6,28,12,1,1,0,48,1,37,705,37705,80,2000,JH2RC4332YM5,J,H,2,R,C,4,3,3,2,Y,M,5,0,M,HOND,VF2,RS,0,17,,,,,,,748,,4,,4,505,,,,,,,0,0,000000000,00000000000,0,0,0,1,0,0,0,0,0,0,0,998,0,0,0,6,6,4,3,12,0,0,0,1,48,78238,6,1,0,0,3,0,999,999,0,0,0,0,0,0,0,0,0,0,27,0,0,0,5,7,45,1,1,8,1,0,0,15,10,1,1,2,42,1,0
48,480647,1,1,2,11,3,22,55,1,0,1,0,48,2,12,423,12423,15,2003,1FMSU45F53EA,1,F,M,S,U,4,5,F,5,3,E,A,0,P,FORD,EXC,UT,3,17,6650,,0,1371,,D,,T,8,444,,,16R265,,,,,,0,0,000000000,00000000000,0,0,0,1,0,0,0,0,0,0,0,998,0,1,5,0,0,4,3,1,0,0,0,1,48,75002,6,2,0,0,3,3,999,999,0,0,0,0,0,0,0,0,0,1,0,0,0,0,1,2,55,1,1,8,1,0,0,1,6,1,4,4,2,1,1
48,480648,1,1,1,16,3,19,41,23,0,1,0,48,1,20,401,20401,14,2001,1GNCS13W8122,1,G,N,C,S,1,3,W,8,1,2,2,0,P,CHEV,BZR,UT,1,17,3887,,0,1070,,G,,F,6,262,,,15R235,,,,,,0,0,000000000,00000000000,0,0,0,1,0,0,0,0,0,0,0,998,0,1,5,12,12,4,3,23,0,0,0,1,48,75668,6,1,0,0,3,0,999,999,0,0,0,0,0,0,0,0,0,1,0,0,0,0,1,2,70,1,1,8,1,0,0,1,13,1,1,4,1,1,0
48,480649,1,1,1,18,3,14,36,42,0,1,0,48,2,37,706,37706,80,2004,JH2SC45354M4,J,H,2,S,C,4,5,3,5,4,M,4,0,M,HOND,RV1,RC,4,17,,,,,,,999,,2,,4,999,,,,,,,0,0,000000000,00000000000,0,0,0,1,0,0,0,0,0,0,0,998,0,0,0,99,99,9,2,42,0,0,0,1,40,73162,6,1,0,0,3,0,71,248,0,0,0,0,0,0,0,0,0,1,0,0,0,0,1,2,55,3,2,8,1,0,0,14,13,1,1,4,1,1,1
48,480650,1,1,99,19,3,20,30,8,0,1,1,99,9,99,999,99999,99,9999,999999999999,9,9,9,9,9,9,9,9,9,9,9,9,9,,,,,,,,,,,,,,,,,,,,,,,,,0,0,000000000,00000000000,0,0,0,1,0,0,0,0,0,0,0,998,0,0,0,12,12,2,1,8,0,0,0,1,99,99999,9,9,99,9,9,9,999,999,99,99,99,99,99,99,9999,99,9999,0,0,0,0,0,1,2,55,1,1,8,1,0,0,1,13,1,1,4,13,0,0
48,480651,1,1,5,24,3,12,25,24,0,1,0,48,0,20,37,20037,4,1998,1G1NE52M9W62,1,G,1,N,E,5,2,M,9,W,6,2,0,P,CHEV,M/L,4D,98,17,3100,,0,1070,,G,,F,6,191,,,15R215,,,,,,0,0,000000000,00000000000,0,0,0,1,0,0,0,0,0,0,0,998,0,1,4,99,99,4,3,1,0,0,0,1,48,76116,6,1,0,0,3,3,999,999,0,0,0,0,0,0,0,0,0,1,85,58,0,0,3,3,60,1,2,8,1,0,0,17,6,9,3,4,3,1,0
48,480652,1,1,1,25,3,17,55,24,0,1,0,48,3,82,881,82881,66,2010,1FUJC5CVXADA,1,F,U,J,C,5,C,V,X,A,D,A,2,T,FRHT,11M,TR,10,17,,8,0,0,FM2,D,,,6,782,,,,,00000,00,,64,3,57,115479,57115479,3,7,1,1,0,0,0,0,0,0,0,998,0,1,3,12,12,6,2,24,0,0,0,1,48,79602,6,1,6,1,3,3,999,999,0,0,0,0,0,0,0,0,0,0,0,0,0,0,2,2,70,1,1,8,1,50,3,1,13,1,1,4,1,1,0
48,480653,1,1,1,25,3,4,28,8,0,1,0,48,3,12,870,12870,61,2000,1FDWE35L0YHA,1,F,D,W,E,3,5,L,0,Y,H,A,0,T,FORD,3DC,YY,0,17,,3,1760,1380,CTV,G,,,8,330,,,,,4825,08,M,42,0,77,777777777,77777777777,2,1,1,1,0,0,0,0,0,0,0,998,0,0,0,12,12,9,1,8,0,0,0,1,48,75482,6,1,6,0,3,0,999,999,0,0,0,0,0,0,0,0,0,0,0,0,0,0,1,2,55,1,1,8,1,0,0,1,80,1,1,1,13,0,0
48,480654,1,1,1,26,3,22,19,59,0,1,0,48,2,76,705,76705,80,2010,JYARJ16EXAA0,J,Y,A,R,J,1,6,E,X,A,A,0,0,M,YAMA,R6L,RC,10,17,,,,,,,599,,4,,4,414,,,,,,,0,0,000000000,00000000000,0,0,0,1,0,0,0,0,0,0,0,998,0,0,0,99,99,9,2,59,0,0,0,1,48,75757,1,1,0,0,2,0,999,999,0,2,0,0,0,11,2008,4,2009,1,0,0,0,0,1,4,35,1,1,8,1,0,0,1,12,1,1,4,6,1,1
48,480655,1,1,1,27,3,1,50,1,0,1,0,48,2,23,481,23481,31,1995,1GTFC24H0SZ5,1,G,T,F,C,2,4,H,0,S,Z,5,0,T,GMC,SC2,PK,95,17,,2,0,1315,SIE,G,,,8,305,,,,C,4068,00,M,42,0,0,000000000,00000000000,0,0,0,1,0,0,0,0,0,0,0,998,0,2,5,0,0,6,2,1,0,0,0,1,48,77650,6,1,0,0,3,0,999,999,0,0,0,0,0,0,0,0,0,1,58,0,0,0,5,2,55,1,1,8,1,0,0,1,13,6,4,4,7,1,0
48,480656,1,1,99,6,2,3,28,8,0,1,1,99,9,99,999,99999,99,9999,999999999999,9,9,9,9,9,9,9,9,9,9,9,9,0,,,,,,,,,,,,,,,,,,,,,,,,,0,0,000000000,00000000000,0,0,0,1,0,0,0,0,0,0,0,998,0,0,0,12,12,9,1,8,0,0,0,1,99,99999,9,9,99,0,9,9,999,999,99,99,99,99,99,99,9999,99,9999,1,38,0,0,0,2,6,45,1,1,2,1,0,0,99,82,99,9,9,13,0,0
48,480657,1,2,1,23,3,20,59,12,8,1,0,48,1,12,881,12881,61,1996,2FDKF37H5TCA,2,F,D,K,F,3,7,H,5,T,C,A,0,T,FORD,F35,CB,96,17,,3,1608,1370,COF,G,,,8,351,,,,D,00000,00,A,42,0,77,777777777,77777777777,2,1,3,1,0,0,0,0,0,0,0,998,0,1,5,11,11,6,2,12,0,0,0,1,48,78263,6,1,0,0,3,0,999,999,0,0,1,0,0,2,2011,2,2011,0,0,0,0,0,1,2,60,2,1,8,1,0,0,14,10,1,1,2,64,1,1
48,480657,2,2,2,23,3,20,59,12,8,1,0,48,2,23,401,23401,14,2001,1GKCS18W71K2,1,G,K,C,S,1,8,W,7,1,K,2,0,T,GMC,JMY,2W,1,17,,1,0,1005,JMY,G,,,6,262,,,,B,3699,00,E,42,0,0,000000000,00000000000,0,0,0,1,0,0,0,0,0,0,0,998,0,0,0,11,11,6,2,12,0,0,0,1,48,78114,6,1,0,0,3,0,999,999,0,0,0,0,0,0,0,0,0,0,0,0,0,0,1,2,60,3,1,8,1,0,0,14,62,1,1,1,65,0,0
48,480658,1,1,1,24,3,22,0,1,0,1,0,48,1,72,706,72706,80,2004,1HD1JBB144Y0,1,H,D,1,J,B,B,1,4,4,Y,0,0,M,HD,XDI,RS,4,17,,,,,,,1450,,2,,4,645,,,,,,,0,0,000000000,00000000000,0,0,0,1,0,0,0,0,0,0,0,998,0,0,0,0,0,9,2,1,0,0,0,1,48,78130,6,1,0,0,3,0,999,999,0,0,0,0,0,0,0,0,0,1,58,0,0,0,1,2,55,2,1,8,1,0,0,14,12,99,9,4,6,1,1
48,480659,1,1,4,14,4,0,5,59,0,1,0,92,0,38,401,38401,14,2002,JACDS58X627J,J,A,C,D,S,5,8,X,6,2,7,J,0,P,ISU,TRO,UT,2,17,0,,0,1087,,G,,F,6,213,,,000000,,,,,,0,0,000000000,00000000000,0,0,0,1,0,0,0,0,0,0,0,998,0,1,5,12,12,6,2,1,0,0,0,1,48,78861,0,0,0,0,0,0,999,999,0,0,0,0,0,0,0,0,0,1,39,0,0,0,1,2,30,1,1,8,1,0,0,1,12,99,9,4,6,1,1
48,480660,1,1,1,14,4,12,34,25,0,1,0,48,1,37,32,37032,4,1996,1HGCD5665TA2,1,H,G,C,D,5,6,6,5,T,A,2,0,P,HOND,UEX,4D,96,17,2985,,0,1069,,G,,F,4,132,,,15R195,,,,,,0,0,000000000,00000000000,0,0,0,1,0,0,0,0,0,0,0,998,0,1,3,12,12,6,2,1,0,0,0,1,48,79104,6,1,0,0,3,0,999,999,0,0,0,0,0,0,0,0,0,0,0,0,0,0,3,2,60,1,1,8,1,0,0,1,12,99,9,4,6,1,0
48,480661,1,1,1,14,4,22,1,24,0,1,0,48,1,53,34,53034,4,2005,KL5JD56Z75K0,K,L,5,J,D,5,6,Z,7,5,K,0,0,P,SUZI,FZS,4D,5,17,2700,,0,1024,,G,,F,4,122,,,15R195,,,,,,0,0,000000000,00000000000,0,0,0,1,0,0,0,0,0,0,0,80,0,1,5,1,0,4,3,1,0,0,0,1,48,76011,0,0,0,0,0,0,999,999,0,0,0,0,0,0,0,0,0,1,27,0,0,0,3,3,60,1,1,8,1,0,0,15,13,1,1,4,1,1,0
48,480662,1,1,1,15,4,13,39,42,0,1,0,48,1,73,705,73705,80,2002,JKAZX9B1X2A0,J,K,A,Z,X,9,B,1,X,2,A,0,0,M,KAWK,Z1B,RC,2,17,,,,,,,1200,,4,,4,463,,,,,,,0,0,000000000,00000000000,0,0,0,1,0,0,0,0,0,0,0,998,0,0,0,99,99,9,2,42,0,0,0,1,48,75563,6,1,0,0,2,0,75,340,0,2,0,4,2,12,2008,9,2010,1,31,0,0,0,1,2,55,1,1,8,1,0,0,1,13,1,1,4,1,1,0
48,480663,1,2,1,15,4,23,33,12,6,1,0,48,2,76,709,76709,80,2005,LB2TAB15751E,L,B,2,T,A,B,1,5,7,5,1,E,0,M,YAMA,,,5,17,,,,,,,,,,,,,,,,,,,0,0,000000000,00000000000,0,0,0,1,0,0,0,0,0,0,0,998,0,0,0,12,12,6,2,12,0,0,0,1,48,76543,6,1,0,0,2,0,999,999,0,8,0,0,0,5,2008,6,2010,0,24,0,0,0,1,2,40,1,1,8,1,0,0,1,62,1,1,1,69,1,1
48,480663,2,2,1,15,4,23,33,12,6,1,0,48,1,20,16,20016,4,2004,1G1JC52F1472,1,G,1,J,C,5,2,F,1,4,7,2,0,P,CHEV,CAV,4D,4,17,2676,,0,1041,,G,,F,4,134,,,14R195,,,,,,0,0,000000000,00000000000,0,0,0,1,0,0,0,0,0,0,0,998,0,0,0,3,3,2,1,12,0,0,0,1,48,76522,6,1,0,0,3,0,999,999,0,0,0,0,0,0,0,0,0,0,0,0,0,0,1,2,40,1,1,8,1,0,0,11,15,1,1,1,68,0,0
48,480664,1,1,1,15,4,18,10,38,0,1,0,48,1,58,33,58033,4,2001,JNKCP11A11T4,J,N,K,C,P,1,1,A,1,1,T,4,0,P,INFI,G20,4D,1,17,2826,,0,1024,,G,,F,4,122,,,15R195,,,,,,0,0,000000000,00000000000,0,0,0,1,0,0,0,0,0,0,0,998,0,0,0,10,10,6,2,38,0,0,0,1,48,78941,6,1,0,0,3,3,999,999,0,0,0,0,0,0,0,0,0,1,58,0,0,0,1,2,60,3,1,8,1,0,0,14,13,6,3,4,7,1,1
48,480665,1,1,1,15,4,0,10,23,0,1,0,48,2,72,706,72706,80,2011,1HD1FRM12BB6,1,H,D,1,F,R,M,1,2,B,B,6,0,M,HD,FKC,RS,11,17,,,,,,,1690,,2,,4,773,,,,,,,0,0,000000000,00000000000,0,0,0,1,0,0,0,0,0,0,0,998,0,0,0,99,99,9,2,23,0,0,0,1,48,77373,4,1,0,0,2,0,999,999,0,1,0,0,0,1,2011,1,2011,0,0,0,0,0,1,2,65,1,1,8,1,0,0,1,13,1,1,4,1,1,1
48,480666,1,2,1,15,4,10,30,12,7,1,0,48,3,49,32,49032,4,2010,2T1BU4EE2AC3,2,T,1,B,U,4,E,E,2,A,C,3,0,P,TOYT,CBL,4D,10,17,2723,,0,1024,,G,,F,4,110,,,15R195,,,,,,0,0,000000000,00000000000,0,0,0,1,0,0,0,0,0,0,0,998,0,0,0,81,11,4,3,42,0,0,0,1,48,77479,6,1,0,0,3,3,999,999,0,0,0,0,0,0,0,0,0,0,27,0,0,0,2,2,45,1,1,1,1,0,0,15,11,1,1,2,46,1,0
48,480666,2,2,1,15,4,10,30,12,7,1,0,48,2,49,43,49043,4,1997,4T1BF12B9VU1,4,T,1,B,F,1,2,B,9,V,U,1,0,P,TOYT,UVS,4D,97,17,3263,,0,1071,,G,,F,6,183,,,15R205,,,,,,0,0,000000000,00000000000,0,0,0,1,0,0,0,0,0,0,0,998,0,0,0,10,10,2,1,12,0,0,0,1,48,77069,1,1,0,0,2,0,999,999,0,3,0,0,0,6,2009,2,2011,0,0,0,0,0,4,2,45,1,1,1,1,0,0,1,60,1,1,1,45,0,0
48,480667,1,1,4,15,4,2,0,30,0,1,0,48,1,12,481,12481,31,2005,1FTPW14555KE,1,F,T,P,W,1,4,5,5,5,K,E,0,T,FORD,F1S,CW,5,17,,2,1450,1260,COF,G,,,8,330,,,,B,5577,00,U,44,0,0,000000000,00000000000,0,0,0,1,0,0,0,0,0,0,0,998,0,1,5,10,0,4,3,1,0,0,0,1,48,77614,6,1,0,0,3,0,999,999,0,0,0,1,1,11,2008,5,2009,0,0,0,0,0,1,2,65,1,1,8,1,0,0,1,12,1,1,4,6,1,1
48,480668,1,3,4,15,4,18,51,12,9,1,0,40,3,23,481,23481,31,2001,1GTHK29G61E2,1,G,T,H,K,2,9,G,6,1,E,2,0,T,GMC,2KH,PC,1,17,,2,1575,1430,SIE,G,,,8,496,,,,C,00000,00,U,44,0,0,000000000,00000000000,0,0,0,1,0,0,0,0,0,0,0,0,0,0,0,6,7,2,3,12,0,0,0,1,40,74959,6,1,0,0,3,3,71,198,0,0,0,0,0,0,0,0,0,0,0,0,0,0,1,2,70,1,3,8,1,0,0,5,53,1,1,1,48,0,0
48,480668,2,3,1,15,4,18,51,12,9,1,0,8,3,12,481,12481,31,2003,2FTPX18Z33CA,2,F,T,P,X,1,8,Z,3,3,C,A,0,T,FORD,F15,4C,3,17,,2,1574,1388,COF,F,,,8,330,,,,B,4640,00,U,44,0,0,000000000,00000000000,0,0,0,1,0,0,0,0,0,0,0,998,0,0,0,81,12,4,3,12,0,0,0,1,8,81137,6,1,6,0,3,0,67,200,0,0,0,1,0,12,2009,12,2009,1,0,0,0,0,1,2,70,1,3,8,1,0,0,1,50,6,1,2,48,0,0
48,480668,3,3,1,15,4,18,51,12,9,1,0,48,1,52,47,52047,6,2009,JA4LS31W89Z0,J,A,4,L,S,3,1,W,8,9,Z,0,0,P,MITS,OUT,UT,9,17,3404,,0,1051,,G,,F,4,146,,,16R215,,,,,,0,0,000000000,00000000000,0,0,0,1,0,0,0,0,0,0,0,998,0,0,0,12,12,4,3,12,0,0,0,1,48,76533,6,1,0,0,3,0,66,183,0,0,0,0,0,0,0,0,0,0,0,0,0,0,1,2,70,1,3,8,1,0,0,1,62,1,1,1,98,1,0
48,480669,1,1,1,15,4,22,17,33,0,1,1,48,2,49,442,49442,20,2007,5TDZK23C77S0,5,T,D,Z,K,2,3,C,7,7,S,0,0,P,TOYT,SIE,SV,7,17,4177,,0,1193,,G,,F,6,214,,,16R215,,,,,,0,0,000000000,00000000000,0,0,0,1,0,0,0,0,0,0,0,998,0,0,0,99,61,6,2,8,0,0,0,1,48,78745,1,1,0,0,2,0,999,999,0,9,1,1,0,5,2008,3,2011,1,37,91,0,0,1,4,45,1,1,8,1,2,3,3,6,99,3,4,2,0,0
48,480670,1,1,1,16,4,2,9,9,0,1,0,48,2,20,481,20481,31,1994,2GCEC19K8R11,2,G,C,E,C,1,9,K,8,R,1,1,0,T,CHEV,GC1,PC,94,17,,2,1555,1415,GM4,G,,,8,350,,,,B,4110,01,,42,0,0,000000000,00000000000,0,0,0,1,0,0,0,0,0,0,0,998,0,0,0,12,12,2,1,9,0,0,0,1,48,78550,1,1,0,0,2,0,999,999,1,1,0,2,0,5,2009,3,2011,0,91,0,0,0,1,2,30,1,1,8,1,0,0,1,83,1,1,1,13,0,1
48,480671,1,1,3,16,4,22,55,8,0,1,0,48,1,63,402,63402,14,2008,KNDJD7353857,K,N,D,J,D,7,3,5,3,8,5,7,0,P,KIA,SOR,UT,8,17,4068,,0,1067,,G,,F,6,201,,,16R245,,,,,,0,0,000000000,00000000000,0,0,0,1,0,0,0,0,0,0,0,998,0,0,0,12,12,4,1,8,0,0,0,1,48,75210,6,1,6,0,3,0,999,999,1,0,0,1,0,8,2008,10,2010,0,0,0,0,0,2,4,40,1,1,8,1,0,0,1,80,1,1,1,13,0,0
48,480672,1,2,2,16,4,13,30,12,1,1,0,48,1,12,401,12401,14,2007,1FMEU64E57UB,1,F,M,E,U,6,4,E,5,7,U,B,0,P,FORD,EPR,UT,7,17,4440,,0,1137,,G,,F,6,244,,,17R245,,,,,,0,0,000000000,00000000000,0,0,0,1,0,0,0,0,0,0,0,998,0,0,0,6,6,2,1,12,0,0,0,1,48,77009,6,1,0,0,3,3,999,999,0,0,0,0,0,0,0,0,0,0,0,0,0,0,4,3,45,1,1,8,1,0,0,2,53,1,1,1,29,0,0
48,480672,2,2,1,16,4,13,30,12,1,1,0,48,1,53,706,53706,80,2001,JS1VY51A9121,J,S,1,V,Y,5,1,A,9,1,2,1,0,M,SUZI,VL1,RS,1,17,,,,,,,1462,,2,,4,652,,,,,,,0,0,000000000,00000000000,0,0,0,1,0,0,0,0,0,0,0,998,0,0,0,12,12,2,3,12,0,0,0,1,48,77469,6,1,0,0,3,3,999,999,0,0,0,0,0,0,0,0,0,1,0,0,0,0,4,3,45,1,1,8,1,0,0,1,52,3,2,1,28,1,0
48,480673,1,2,1,16,4,20,42,12,2,1,0,48,2,12,16,12016,4,1994,2FALP71WXRX2,2,F,A,L,P,7,1,W,X,R,X,2,0,P,FORD,CVP,4D,94,17,0,,0,1144,,G,,F,8,281,,,15R225,,,,,,0,0,000000000,00000000000,0,0,0,1,0,0,0,0,0,0,0,998,0,0,0,12,12,6,2,12,0,0,0,1,48,78140,0,0,0,0,0,0,999,999,0,0,0,0,0,0,0,0,0,0,51,0,0,0,1,2,65,1,3,8,1,0,0,1,10,1,1,2,50,1,1
48,480673,2,2,1,16,4,20,42,12,2,1,0,48,1,37,402,37402,14,2004,JHLRD788X4C0,J,H,L,R,D,7,8,8,X,4,C,0,0,P,HOND,CRV,UT,4,17,3347,,0,1031,,G,,F,4,146,,,15R205,,,,,,0,0,000000000,00000000000,0,0,0,1,0,0,0,0,0,0,0,998,0,1,5,12,12,6,2,12,0,0,0,1,48,78159,6,1,0,0,3,3,999,999,0,0,0,0,0,0,0,0,0,0,0,0,0,0,1,2,65,1,3,8,1,0,0,1,62,1,1,1,51,1,0
48,480674,1,1,1,16,4,21,15,25,0,1,0,48,1,72,706,72706,80,2009,1HD1CZ3189K4,1,H,D,1,C,Z,3,1,8,9,K,4,0,M,HD,XLN,RS,9,17,,,,,,,1202,,2,,4,562,,,,,,,0,0,000000000,00000000000,0,0,0,1,0,0,0,0,0,0,0,998,0,0,0,99,99,4,3,20,0,0,0,1,48,77018,6,1,0,0,3,3,999,999,0,0,0,0,0,0,0,0,0,1,0,0,0,0,6,1,60,1,2,8,1,0,0,1,13,1,1,4,1,1,1
48,480675,1,1,2,16,4,19,22,43,0,1,0,48,2,72,706,72706,80,1998,1HD1BKL1XWY0,1,H,D,1,B,K,L,1,X,W,Y,0,0,M,HD,XTC,RS,98,17,,,,,,,1340,,2,,4,613,,,,,,,0,0,000000000,00000000000,0,0,0,1,0,0,0,0,0,0,0,998,0,0,0,12,12,9,3,43,0,0,0,1,48,79070,1,1,0,0,2,0,999,999,0,9,1,1,0,5,2008,1,2011,1,0,0,0,0,1,2,55,3,1,8,1,0,0,14,13,1,1,4,1,1,0
48,480676,1,1,1,16,4,0,50,24,0,1,0,48,1,72,706,72706,80,2004,1HD1BTY104Y0,1,H,D,1,B,T,Y,1,0,4,Y,0,0,M,HD,XTB,RS,4,17,,,,,,,1450,,2,,4,630,,,,,,,0,0,000000000,00000000000,0,0,0,1,0,0,0,0,0,0,0,80,0,0,0,12,12,4,3,24,0,0,0,1,48,76067,6,1,0,0,3,2,999,999,0,0,0,0,0,0,0,0,0,1,74,0,0,0,3,4,40,2,1,8,1,0,0,14,6,1,4,4,7,1,1
48,480677,1,2,1,16,4,13,55,1,0,1,0,48,1,34,706,34706,80,1994,WB1046907R62,W,B,1,0,4,6,9,0,7,R,6,2,0,M,BMW,RRT,RS,94,17,,,,,,,1000,,2,,4,472,,,,,,,0,0,000000000,00000000000,0,0,0,1,0,0,0,0,0,0,0,998,0,0,0,0,99,9,3,12,0,0,0,1,48,76049,6,1,0,0,3,3,999,999,0,0,0,0,0,0,0,0,0,1,39,0,0,0,1,2,55,2,2,8,1,0,0,14,6,3,2,2,98,1,0
48,480677,2,2,3,16,4,13,55,1,0,1,0,48,1,20,481,20481,31,2006,2GCEC13T5611,2,G,C,E,C,1,3,T,5,6,1,1,0,T,CHEV,SC1,CW,6,17,,2,0,1435,SIL,G,,,8,323,,,,B,4987,00,,42,0,0,000000000,00000000000,0,0,0,1,0,0,0,0,0,0,0,998,0,0,0,12,12,2,1,12,0,0,0,1,48,78357,6,1,0,0,3,0,999,999,0,0,0,0,0,0,0,0,0,0,0,0,0,0,1,2,55,3,2,8,1,0,0,14,62,4,1,1,98,0,0