STATE,ST_CASE,VEH_NO,VE_FORMS,NUMOCCS,DAY,MONTH,HOUR,MINUTE,HARM_EV,MAN_COLL,UNITTYPE,HIT_RUN,REG_STAT,OWNER,MAKE,MODEL,MAK_MOD,BODY_TYP,MOD_YEAR,VIN,VIN_1,VIN_2,VIN_3,VIN_4,VIN_5,VIN_6,VIN_7,VIN_8,VIN_9,VIN_10,VIN_11,VIN_12,TOW_VEH,VINTYPE,VINMAKE,VINA_MOD,VIN_BT,VINMODYR,VIN_LNGT,VIN_WGT,WGTCD_TR,WHLBS_LG,WHLBS_SH,SER_TR,FUELCODE,MCYCL_DS,CARBUR,CYLINDER,DISPLACE,MCYCL_CY,MCYCL_WT,TIRE_SZE,TON_RAT,TRK_WT,TRKWTVAR,VIN_REST,WHLDRWHL,J_KNIFE,MCARR_I1,MCARR_I2,MCARR_ID,GVWR,V_CONFIG,CARGO_BT,HAZ_INV,HAZ_PLAC,HAZ_ID,HAZ_CNO,HAZ_REL,BUS_USE,SPEC_USE,EMER_USE,TRAV_SP,UNDERIDE,ROLLOVER,ROLINLOC,IMPACT1,IMPACT2,DEFORMED,TOWED,M_HARM,VEH_SC1,VEH_SC2,FIRE_EXP,DR_PRES,L_STATE,DR_ZIP,L_STATUS,L_TYPE,CDL_STAT,L_ENDORS,L_COMPL,L_RESTRI,DR_HGT,DR_WGT,PREV_ACC,PREV_SUS,PREV_DWI,PREV_SPD,PREV_OTH,FIRST_MO,FIRST_YR,LAST_MO,LAST_YR,SPEEDREL,DR_SF1,DR_SF2,DR_SF3,DR_SF4,VTRAFWAY,VNUM_LAN,VSPD_LIM,VALIGN,VPROFILE,VPAVETYP,VSURCOND,VTRAFCON,VTCONT_F,P_CRASH1,P_CRASH2,P_CRASH3,PCRASH4,PCRASH5,ACC_TYPE,DEATHS,DR_DRINK
48,480773,1,1,1,13,4,19,27,32,0,1,0,48,1,72,709,72709,80,1996,TEX205271,T,E,X,2,0,5,2,7,1,,,,0,M,HD,,,96,9,,,,,,,,,,,,,,,,,,,0,0,000000000,00000000000,0,0,0,1,0,0,0,0,0,0,0,90,0,0,0,12,12,9,2,32,0,0,0,1,48,75217,6,1,0,0,3,0,67,210,0,0,0,1,0,5,2009,5,2009,1,24,0,0,0,1,2,30,1,1,1,1,0,0,1,8,99,9,4,7,1,1
48,480774,1,2,1,13,4,23,55,12,1,1,0,48,1,35,51,35051,6,2010,JN8AS5MT3AW5,J,N,8,A,S,5,M,T,3,A,W,5,0,P,NISS,ROG,UT,10,17,3281,,0,1059,,G,,F,4,153,,,16R215,,,,,,0,0,000000000,00000000000,0,0,0,1,0,0,0,0,0,0,0,998,0,1,1,12,12,6,2,12,0,0,0,1,48,75019,6,1,0,0,3,0,999,999,0,0,0,0,0,0,0,0,0,1,0,0,0,0,3,4,60,1,1,8,1,0,0,1,51,1,1,1,24,1,1
48,480774,2,2,1,13,4,23,55,12,1,1,1,48,9,37,32,37032,4,2007,1HGCM568X7A1,1,H,G,C,M,5,6,8,X,7,A,1,0,P,HOND,UEX,4D,7,17,3228,,0,1079,,G,,F,4,146,,,16R205,,,,,,0,0,000000000,00000000000,0,0,0,1,0,0,0,0,0,0,0,998,0,0,0,6,6,6,4,12,0,0,0,1,99,99999,9,9,99,0,9,9,999,999,99,99,99,99,99,99,9999,99,9999,0,45,0,0,0,3,4,60,1,1,8,1,0,0,1,53,1,1,1,25,0,0
48,480775,1,1,1,14,4,23,15,8,0,1,0,48,0,22,16,22016,4,1993,1G2JC54H4P75,1,G,2,J,C,5,4,H,4,P,7,5,0,P,PONT,SLE,4D,93,17,0,,0,1013,,G,,F,4,121,,,14R185,,,,,,0,0,000000000,00000000000,0,0,0,1,0,0,0,0,0,0,0,998,0,0,0,12,12,2,3,8,0,0,0,1,48,75217,6,1,0,0,3,0,999,999,0,1,0,0,0,7,2009,7,2009,1,92,0,0,0,2,3,35,1,1,8,2,0,0,15,6,99,9,4,7,0,0
48,480776,1,2,1,14,4,16,40,1,0,1,0,48,2,12,17,12017,4,1996,1FALP52U3TA2,1,F,A,L,P,5,2,U,3,T,A,2,0,P,FORD,TAG,4D,96,17,3347,,0,1085,,G,,F,6,182,,,15R205,,,,,,0,0,000000000,00000000000,0,0,0,1,0,0,0,0,0,0,0,998,0,0,0,3,3,2,3,12,0,0,0,1,48,75068,6,1,0,0,3,0,999,999,0,0,0,0,1,3,2009,3,2009,0,38,0,0,0,2,1,50,1,1,8,1,0,0,11,15,1,1,1,98,0,0
48,480776,2,2,1,14,4,16,40,1,0,1,0,48,0,76,705,76705,80,2003,JYARJ06E93A0,J,Y,A,R,J,0,6,E,9,3,A,0,0,M,YAMA,R6L,RC,3,17,,,,,,,599,,4,,4,357,,,,,,,0,0,000000000,00000000000,0,0,0,1,0,0,0,0,0,0,0,998,0,0,0,0,99,9,2,1,0,0,0,1,48,75068,6,1,0,0,2,0,999,999,0,0,0,1,0,2,2010,2,2010,1,58,0,0,0,2,1,50,1,1,8,1,0,0,1,62,4,7,1,98,1,0
48,480777,1,1,1,14,4,10,5,35,0,1,0,48,1,72,706,72706,80,2002,1HD1BJY152Y0,1,H,D,1,B,J,Y,1,5,2,Y,0,0,M,HD,STC,RS,2,17,,,,,,,1450,,2,,4,696,,,,,,,0,0,000000000,00000000000,0,0,0,1,0,0,0,0,0,0,0,998,0,0,0,12,12,4,8,35,0,0,0,1,48,78734,6,1,0,0,3,0,999,999,0,0,0,0,0,0,0,0,0,1,24,0,0,0,1,2,98,3,2,8,1,0,0,14,13,1,1,4,1,1,0
48,480778,1,2,1,14,4,20,50,12,6,1,0,48,2,55,35,55035,4,2003,KMHDN45D13U5,K,M,H,D,N,4,5,D,1,3,U,5,0,P,HYUN,EST,4D,3,17,2635,,0,1027,,G,,F,4,121,,,15R205,,,,,,0,0,000000000,00000000000,0,0,0,1,0,0,0,0,0,0,0,998,1,0,0,12,12,4,3,12,0,0,0,1,48,77044,6,1,0,0,3,3,999,999,0,0,0,0,0,0,0,0,0,1,38,39,0,0,2,4,45,1,1,1,1,3,3,1,17,3,2,1,69,1,0
48,480778,2,2,2,14,4,20,50,12,6,1,0,93,3,84,881,84881,66,2007,2HSCNAPR87C3,2,H,S,C,N,A,P,R,8,7,C,3,1,T,INTL,94I,TR,7,17,,8,0,0,940,D,,,6,915,,,,,00000,00,,64,1,57,277356,57277356,3,6,1,1,0,0,0,0,0,0,0,998,0,0,0,3,3,2,1,12,0,0,0,1,47,37743,6,1,6,0,3,0,70,168,0,0,0,0,0,0,0,0,0,0,0,0,0,0,2,3,45,1,1,1,1,3,3,11,66,1,1,1,68,0,0
48,480779,1,1,1,14,4,22,10,8,0,1,0,48,2,7,24,7024,4,2006,2B3KA43G56H4,2,B,3,K,A,4,3,G,5,6,H,4,0,P,DODG,CTL,4D,6,17,3718,,0,1200,,G,,F,6,214,,,17R215,,,,,,0,0,000000000,00000000000,0,0,0,1,0,0,0,0,0,0,0,998,0,0,0,12,12,2,3,8,0,0,0,1,48,76708,1,1,0,0,2,0,999,999,0,3,0,0,0,4,2010,10,2010,0,0,0,0,0,2,2,40,1,1,8,1,0,0,1,80,1,1,1,13,0,0
48,480780,1,2,2,14,4,8,15,12,6,1,0,48,1,7,482,7482,31,2000,3B7HC13Z3YG1,3,B,7,H,C,1,3,Z,3,Y,G,1,0,T,DODG,Q15,4C,0,17,,2,1547,1387,RPC,G,,,8,360,,,,B,4648,01,U,42,0,0,000000000,00000000000,0,0,0,1,0,0,0,0,0,0,0,998,0,0,0,12,12,6,2,12,0,0,0,1,48,77833,6,1,0,0,3,3,999,999,0,0,0,0,0,0,0,0,0,0,0,0,0,0,5,4,70,1,1,8,1,0,0,1,67,4,1,1,83,0,0
48,480780,2,2,2,14,4,8,15,12,6,1,0,48,1,20,403,20403,14,2005,1GNDS13S9521,1,G,N,D,S,1,3,S,9,5,2,1,0,P,CHEV,TRL,UT,5,17,4425,,0,1130,,G,,F,6,256,,,16R245,,,,,,0,0,000000000,00000000000,0,0,0,1,0,0,0,0,0,0,0,998,0,0,0,11,11,6,2,12,0,0,0,1,48,78932,6,1,0,0,3,3,999,999,0,0,0,0,0,0,0,0,0,0,38,0,0,0,1,2,98,8,8,8,1,4,3,11,15,1,1,1,82,1,0
48,480781,1,2,1,1,4,16,20,12,6,1,0,48,3,20,22,20022,4,2010,1G1AD5F5XA72,1,G,1,A,D,5,F,5,X,A,7,2,0,P,CHEV,BLT,4D,10,17,3216,,0,1033,,G,,F,4,134,,,15R195,,,,,,0,0,000000000,00000000000,0,0,0,1,0,0,0,0,0,0,0,998,0,0,0,3,3,6,2,12,0,0,0,1,48,77840,6,8,0,0,3,3,999,999,0,0,0,0,0,0,0,0,0,0,51,0,0,0,1,2,70,1,1,8,1,0,0,1,10,6,4,4,66,1,0
48,480781,2,2,1,1,4,16,20,12,6,1,0,48,2,20,421,20421,15,2009,1GNFC23J99R1,1,G,N,F,C,2,3,J,9,9,R,1,0,P,CHEV,CTA,UT,9,17,5265,,0,1160,,G,,F,8,323,,,17R265,,,,,,0,0,000000000,00000000000,0,0,0,1,0,0,0,0,0,0,0,998,0,0,0,12,12,4,3,12,0,0,0,1,48,77868,6,1,0,0,3,3,999,999,0,0,0,0,0,0,0,0,0,0,51,0,0,0,1,2,70,1,1,8,1,0,0,1,62,7,1,4,66,0,0
48,480782,1,1,1,4,4,11,53,52,0,1,0,48,2,82,881,82881,66,2004,1FUJA9CV04PM,1,F,U,J,A,9,C,V,0,4,P,M,1,T,FRHT,ST1,TR,4,17,,8,0,0,CON,D,,,6,782,,,,,00000,00,,64,1,57,439576,57439576,3,6,4,1,0,0,0,0,0,0,0,998,0,1,1,12,0,4,3,1,0,0,0,1,48,76239,6,1,6,0,3,0,66,204,0,2,0,0,0,4,2008,11,2008,0,0,0,0,0,3,2,70,1,1,8,1,0,0,1,13,1,1,4,1,1,0
48,480783,1,2,1,5,4,22,17,8,0,1,0,48,1,12,422,12422,15,2001,1FMRU17L11LB,1,F,M,R,U,1,7,L,1,1,L,B,0,P,FORD,EPT,UT,1,17,4886,,0,1191,,G,,F,8,330,,,17R275,,,,,,0,0,000000000,00000000000,0,0,0,1,0,0,0,0,0,0,0,998,0,0,0,12,12,2,3,8,0,0,0,1,48,77086,6,1,0,0,3,3,999,999,0,0,0,0,0,0,0,0,0,0,0,0,0,0,3,5,60,1,1,8,1,0,0,1,80,1,1,1,13,0,0
48,480783,2,2,1,5,4,22,17,8,0,1,0,48,1,30,47,30047,3,2003,3VWBK21C83M4,3,V,W,B,K,2,1,C,8,3,M,4,0,P,VOLK,NGL,2H,3,17,3001,,0,989,,G,,F,4,121,,,16R205,,,,,,0,0,000000000,00000000000,0,0,0,1,0,0,0,0,0,0,0,998,0,0,0,61,61,2,1,8,0,0,0,1,48,77066,6,1,6,0,3,0,999,999,1,0,0,2,2,4,2008,4,2009,0,0,0,0,0,3,5,60,1,1,8,1,0,0,1,80,1,1,1,98,0,0
48,480784,1,1,2,6,4,22,2,26,0,1,0,48,2,2,404,2404,14,1998,1J4FX58S4WC1,1,J,4,F,X,5,8,S,4,W,C,1,0,T,JEEP,LRT,4W,98,17,,1,0,1059,GCK,G,,,6,242,,,,,3531,01,E,42,0,0,000000000,00000000000,0,0,0,1,0,0,0,0,0,0,0,998,0,1,3,99,0,6,2,1,0,0,0,1,48,76227,6,1,0,0,3,0,61,166,0,9,0,0,0,5,2008,1,2010,1,58,0,0,0,3,2,65,1,1,8,1,0,0,1,12,99,4,4,7,2,1
48,480785,1,2,1,8,4,20,50,12,1,1,0,48,2,20,471,20471,30,1998,1GCCS1947W82,1,G,C,C,S,1,9,4,7,W,8,2,0,T,CHEV,S14,PC,98,17,,1,0,1229,S,G,,,4,133,,,,B,3222,00,,42,0,0,000000000,00000000000,0,0,0,1,0,0,0,0,0,0,0,998,0,0,0,12,12,6,2,12,0,0,0,1,48,77072,1,1,0,0,2,0,999,999,0,2,0,0,0,9,2008,8,2009,1,0,0,0,0,5,5,40,1,1,8,1,3,3,1,50,1,1,1,20,1,0
48,480785,2,2,2,8,4,20,50,12,1,1,0,48,3,98,981,98981,52,2000,5FYD2LP08YU0,5,F,Y,D,2,L,P,0,8,Y,U,0,0,U,,,,0,17,,,,,,,,,,,,,,,,,,,0,88,888888888,88888888888,3,21,22,1,0,0,0,0,6,0,0,0,0,0,0,6,6,4,3,12,0,0,0,1,48,77088,6,1,6,1,3,3,999,999,1,0,0,0,0,9,2009,9,2009,1,0,0,0,0,5,5,40,1,1,8,1,3,3,5,53,1,1,1,21,0,0
48,480786,1,1,1,9,4,0,41,26,0,1,0,48,2,41,50,41050,4,2003,1YVFP80CX35M,1,Y,V,F,P,8,0,C,X,3,5,M,0,P,MAZD,M6I,4D,3,17,3042,,0,1053,,G,,F,4,138,,,16R205,,,,,,0,0,000000000,00000000000,0,0,0,1,0,0,0,0,0,0,0,998,0,1,1,12,12,4,3,26,0,0,0,1,48,77064,0,0,0,0,0,0,999,999,0,4,0,0,1,6,2009,1,2011,0,0,0,0,0,3,3,60,1,1,8,1,0,0,1,9,1,2,4,7,1,0
48,480787,1,1,1,9,4,5,9,24,0,1,0,48,2,13,421,13421,15,2002,5LMEU27R82LJ,5,L,M,E,U,2,7,R,8,2,L,J,0,P,LINC,NAV,UT,2,17,5396,,0,1190,,G,,F,8,330,,,17R275,,,,,,0,0,000000000,00000000000,0,0,0,1,0,0,0,0,0,0,0,998,0,1,5,99,99,9,2,24,0,0,0,1,48,78721,1,1,0,0,2,0,999,999,0,8,0,1,0,6,2008,9,2010,1,0,0,0,0,2,2,55,1,2,8,1,0,0,15,13,1,1,4,1,1,1
48,480788,1,1,1,9,4,18,15,1,0,1,0,35,1,76,705,76705,80,2006,JYAVM01E86A0,J,Y,A,V,M,0,1,E,8,6,A,0,0,M,YAMA,V6A,RS,6,17,,,,,,,649,,2,,4,474,,,,,,,0,0,000000000,00000000000,0,0,0,1,0,0,0,0,0,0,0,998,0,0,0,0,0,9,2,1,0,0,0,1,35,88252,6,1,0,0,3,0,72,150,98,0,0,0,0,0,0,0,0,1,0,0,0,0,1,2,70,3,1,8,1,0,0,14,13,1,1,4,1,1,1
48,480789,1,1,1,10,4,0,56,1,0,1,0,48,2,12,422,12422,15,2005,1FMFU19575LA,1,F,M,F,U,1,9,5,7,5,L,A,0,P,FORD,EPT,UT,5,17,5352,,0,1191,,G,,F,8,330,,,17R265,,,,,,0,0,000000000,00000000000,0,0,0,1,0,0,0,0,0,0,0,998,0,1,5,0,0,6,2,1,0,0,0,1,48,77450,6,1,0,0,3,0,999,999,0,0,0,2,0,6,2008,6,2008,1,58,0,0,0,1,2,45,3,1,8,1,0,0,14,13,8,4,4,7,1,1
48,480790,1,1,1,10,4,15,53,1,0,1,0,48,1,72,706,72706,80,1997,1HD1BRL10VY0,1,H,D,1,B,R,L,1,0,V,Y,0,0,M,HD,LTS,RS,97,17,,,,,,,1340,,2,,4,690,,,,,,,0,0,000000000,00000000000,0,0,0,1,0,0,0,0,0,0,0,998,0,0,0,0,0,9,2,1,0,0,0,1,48,77066,6,1,0,0,3,0,999,999,0,0,0,0,1,8,2008,8,2008,1,0,0,0,0,1,2,60,2,2,8,1,0,0,14,6,1,1,1,98,1,0
48,480791,1,1,1,10,4,18,11,8,0,1,0,40,0,12,481,12481,31,2003,1FTRF17233NB,1,F,T,R,F,1,7,2,3,3,N,B,0,T,FORD,F15,PK,3,17,,2,1385,1199,COF,G,,,6,256,,,,B,4060,00,U,42,0,0,000000000,00000000000,0,0,0,1,0,0,0,0,0,0,0,998,0,0,0,12,12,4,3,8,0,0,0,1,40,73401,6,1,0,0,3,0,68,220,0,2,0,0,0,9,2010,10,2010,0,0,0,0,0,3,2,70,1,1,8,1,0,0,1,80,1,1,1,13,0,0
48,480792,1,3,3,10,4,14,20,12,8,1,0,48,2,12,422,12422,15,2003,1FMRU15W73LB,1,F,M,R,U,1,5,W,7,3,L,B,0,P,FORD,EPT,UT,3,17,5416,,0,1191,,G,,F,8,281,,,17R265,,,,,,0,0,000000000,00000000000,0,0,0,1,0,0,0,0,0,0,0,998,0,0,0,1,1,4,3,12,0,0,0,1,48,77064,6,1,0,0,3,3,999,999,1,0,0,0,0,10,2009,10,2009,0,0,0,0,0,5,4,70,1,3,8,1,0,0,1,62,6,1,1,66,0,0
48,480792,2,3,1,10,4,14,20,12,8,1,0,48,2,21,3,21003,4,1989,1G3CW54C1K13,1,G,3,C,W,5,4,C,1,K,1,3,0,P,OLDS,RBF,4D,89,17,3253,,0,1108,,G,,F,6,231,,,14R205,,,,,,0,0,000000000,00000000000,0,0,0,1,0,0,0,0,0,0,0,998,0,0,0,1,12,6,2,12,0,0,0,1,48,77859,6,1,0,0,3,0,999,999,0,0,0,0,0,0,0,0,0,0,51,0,0,0,5,4,70,1,3,8,1,0,0,1,10,1,1,1,66,1,0
48,480792,3,3,1,10,4,14,20,12,8,1,0,48,1,35,47,35047,4,2010,1N4AL2AP6AN5,1,N,4,A,L,2,A,P,6,A,N,5,0,P,NISS,ATS,4D,10,17,3063,,0,1093,,G,,F,4,153,,,16R215,,,,,,0,0,000000000,00000000000,0,0,0,1,0,0,0,0,0,0,0,998,0,0,0,12,12,6,2,12,0,0,0,1,48,77840,6,1,0,0,3,3,999,999,0,0,0,0,1,12,2010,12,2010,0,0,0,0,0,5,4,70,1,3,8,1,0,0,1,54,1,1,1,98,1,0
48,480793,1,2,1,11,4,2,15,12,1,1,0,48,1,49,402,49402,14,1996,JT3GP10V0T00,J,T,3,G,P,1,0,V,0,T,0,0,0,P,TOYT,RV4,UT,96,17,0,,0,949,,G,,F,4,122,,,16R215,,,,,,0,0,000000000,00000000000,0,0,0,1,0,0,0,0,0,0,0,998,0,0,0,12,12,6,2,12,0,0,0,1,48,77447,1,1,0,0,2,0,999,999,1,5,0,2,0,1,2009,1,2011,0,0,0,0,0,3,3,65,1,2,1,1,0,0,1,50,1,1,1,20,1,1
48,480793,2,2,2,11,4,2,15,12,1,1,0,48,2,20,481,20481,31,1993,1GCDC14Z3PZ1,1,G,C,D,C,1,4,Z,3,P,Z,1,0,T,CHEV,GC1,PK,93,17,,1,1315,1175,GM4,G,,,6,262,,,,B,3718,02,,42,0,0,000000000,00000000000,0,0,0,1,0,0,0,0,0,0,0,0,0,0,0,6,6,6,2,12,0,0,0,1,48,77484,6,1,0,0,3,0,999,999,0,0,0,1,0,2,2009,2,2009,0,54,0,0,0,3,3,65,1,2,1,1,0,0,5,53,1,1,1,21,0,1
48,480794,1,1,1,15,4,13,18,8,0,1,1,99,9,99,999,99999,99,9999,999999999999,9,9,9,9,9,9,9,9,9,9,9,9,9,,,,,,,,,,,,,,,,,,,,,,,,,0,99,999999999,99999999999,9,99,99,1,0,0,0,0,0,0,0,998,0,0,0,99,99,9,1,8,0,0,0,1,99,99999,9,9,99,9,9,9,999,999,99,99,99,99,99,99,9999,99,9999,0,0,0,0,0,1,2,60,1,1,8,1,0,0,99,80,99,9,9,13,0,0
48,480796,1,1,2,16,4,20,27,8,0,1,0,48,2,49,32,49032,4,2009,1NXBU40E19Z0,1,N,X,B,U,4,0,E,1,9,Z,0,0,P,TOYT,CBL,4D,9,17,2723,,0,1024,,G,,F,4,110,,,15R195,,,,,,0,0,000000000,00000000000,0,0,0,1,0,0,0,0,0,0,0,998,0,0,0,12,12,4,1,8,0,0,0,1,48,76502,6,1,0,0,3,3,999,999,0,0,0,0,0,0,0,0,0,0,0,0,0,0,1,2,65,1,2,8,1,0,0,1,80,2,1,1,13,0,0
48,480797,1,1,1,16,4,4,43,57,0,1,0,48,2,7,24,7024,4,2006,2B3KA53H96H4,2,B,3,K,A,5,3,H,9,6,H,4,0,P,DODG,CHR,4D,6,17,3995,,0,1200,,G,,F,8,348,,,18R225,,,,,,0,0,000000000,00000000000,0,0,0,1,0,0,0,0,0,0,0,998,0,1,3,61,0,6,2,1,0,0,1,1,48,77530,6,1,0,0,3,0,999,999,1,0,0,1,0,5,2008,3,2009,1,0,0,0,0,3,2,65,2,1,8,1,0,0,14,12,1,1,4,6,1,0
48,480799,1,1,2,16,4,8,10,8,0,1,1,48,2,55,35,55035,4,2009,5NPET46C49H4,5,N,P,E,T,4,6,C,4,9,H,4,0,P,HYUN,SGL,4D,9,17,3292,,0,1074,,G,,F,4,144,,,16R215,,,,,,0,0,000000000,00000000000,0,0,0,1,0,0,0,0,0,0,0,998,0,0,0,12,12,4,3,8,0,0,0,1,48,77535,1,1,0,0,2,0,999,999,0,14,0,0,0,5,2008,4,2011,0,0,0,0,0,1,2,35,1,1,8,1,0,0,1,13,1,1,4,13,0,1
48,480800,1,2,1,17,4,12,57,12,6,1,0,48,1,12,3,12003,2,1991,1FACP40E0MF1,1,F,A,C,P,4,0,E,0,M,F,1,0,P,FORD,MLX,2D,91,17,2759,,0,1005,,G,,F,8,302,,,14R195,,,,,,0,0,000000000,00000000000,0,0,0,1,0,0,0,0,0,0,0,998,0,0,0,12,12,4,3,12,0,0,0,1,48,79714,6,1,0,0,3,0,999,999,0,0,0,1,0,7,2009,7,2009,1,0,0,0,0,5,4,45,1,1,8,1,20,3,1,17,1,1,1,69,0,0
48,480800,2,2,1,17,4,12,57,12,6,1,0,48,1,22,18,22018,4,2005,1G2NE52E85M1,1,G,2,N,E,5,2,E,8,5,M,1,0,P,PONT,GAS,4D,5,17,3066,,0,1070,,G,,F,6,207,,,15R215,,,,,,0,0,000000000,00000000000,0,0,0,1,0,0,0,0,0,0,0,998,0,0,0,3,3,6,2,12,0,0,0,1,48,79714,6,1,0,0,3,3,999,999,0,4,0,1,0,4,2009,9,2010,0,38,0,0,0,5,4,45,1,1,8,1,20,3,11,15,1,1,1,68,1,0
48,480801,1,2,1,17,4,1,54,12,2,1,0,48,0,73,706,73706,80,1981,JKAKZCJ14BA0,J,K,A,K,Z,C,J,1,4,B,A,0,0,M,KAWK,K1J,RS,81,17,,,,,,,1000,,4,,4,512,,,,,,,0,0,000000000,00000000000,0,0,0,1,0,0,0,0,0,0,0,998,0,0,0,12,12,9,2,12,0,0,0,1,48,78133,1,1,0,0,2,0,999,999,1,7,0,0,0,6,2009,3,2011,0,51,0,0,0,1,2,35,2,1,8,1,0,0,14,54,1,1,1,52,1,0
48,480801,2,2,2,17,4,1,54,12,2,1,0,48,0,20,481,20481,31,1994,1GCDC14Z5RZ1,1,G,C,D,C,1,4,Z,5,R,Z,1,0,T,CHEV,GC1,PK,94,17,,1,1315,1175,GM4,G,,,6,262,,,,B,3675,02,,42,0,0,000000000,00000000000,0,0,0,1,0,0,0,0,0,0,0,998,0,0,0,12,12,6,2,12,0,0,0,1,48,78133,6,1,0,0,3,0,999,999,0,0,0,0,0,0,0,0,0,0,0,0,0,0,1,2,35,1,1,8,1,0,0,1,54,1,1,1,52,0,0
48,480802,1,1,2,17,4,3,45,1,0,1,0,48,2,37,31,37031,4,1998,1HGEJ6579WL0,1,H,G,E,J,6,5,7,9,W,L,0,0,P,HOND,UCL,4D,98,17,2375,,0,1032,,G,,F,4,097,,,14R185,,,,,,0,0,000000000,00000000000,0,0,0,1,0,0,0,0,0,0,0,998,0,2,5,0,13,6,2,1,0,0,0,1,48,78617,0,0,0,0,0,0,999,999,0,13,0,1,0,7,2009,3,2011,1,82,58,0,0,1,2,45,1,2,8,1,0,0,1,5,6,4,4,7,2,0
48,480803,1,1,1,18,4,1,0,32,0,1,0,48,1,12,17,12017,4,1996,1FALP52U7TG2,1,F,A,L,P,5,2,U,7,T,G,2,0,P,FORD,TAG,4D,96,17,3347,,0,1085,,G,,F,6,182,,,15R205,,,,,,0,0,000000000,00000000000,0,0,0,1,0,0,0,0,0,0,0,998,0,0,0,12,12,6,2,32,0,0,0,1,48,77043,1,1,0,0,2,0,999,999,0,4,0,0,1,10,2010,4,2011,1,0,0,0,0,1,2,30,1,1,8,1,0,0,1,12,1,1,4,6,1,1
48,480805,1,2,1,18,4,6,31,12,6,1,0,99,9,12,471,12471,30,2008,1FTZR45E88PA,1,F,T,Z,R,4,5,E,8,8,P,A,0,T,FORD,RNS,4C,8,17,,1,0,1260,RNG,G,,,6,244,,,,B,3606,00,4,44,0,0,000000000,00000000000,0,0,0,1,0,0,0,0,0,0,0,998,0,0,0,9,9,6,2,12,0,0,0,1,49,84532,3,1,0,0,2,0,999,999,0,0,0,0,0,0,0,0,0,0,38,39,0,0,1,2,98,8,8,8,1,20,3,1,17,1,1,1,89,1,0
48,480805,2,2,2,18,4,6,31,12,6,1,0,93,3,87,881,87881,63,2009,1NPTL0TXX9D7,1,N,P,T,L,0,T,X,X,9,D,7,0,T,PTRB,367,CC,9,17,,8,0,0,CON,D,,,6,659,,,,,00000,00,,64,0,57,878535,57878535,3,2,3,1,0,0,0,0,0,0,0,998,0,0,0,12,12,2,3,12,0,0,0,1,48,79764,6,1,6,0,3,0,999,999,0,0,0,0,1,8,2009,8,2009,0,0,0,0,0,1,4,65,1,1,8,1,0,0,1,66,7,1,2,88,0,0
48,480806,1,2,1,19,4,20,53,12,1,1,0,48,2,55,401,55401,14,2001,KM8SC83D81U0,K,M,8,S,C,8,3,D,8,1,U,0,0,P,HYUN,SAN,UT,1,17,3549,,0,1031,,G,,F,6,162,,,16R225,,,,,,0,0,000000000,00000000000,0,0,0,1,0,0,0,0,0,0,0,998,0,0,0,12,12,4,3,12,0,0,0,1,48,77033,6,1,0,0,3,0,999,999,0,0,0,0,1,1,2011,1,2011,1,0,0,0,0,3,3,60,1,1,1,1,0,0,1,50,1,1,1,98,0,0
48,480806,2,2,2,19,4,20,53,12,1,1,0,48,6,12,481,12481,31,1996,1FTEF15YXTLA,1,F,T,E,F,1,5,Y,X,T,L,A,0,T,FORD,F15,PK,96,17,,2,1330,1170,COF,G,,,6,300,,,,B,00000,00,M,42,0,0,000000000,00000000000,0,0,0,1,0,0,0,0,0,0,0,0,0,0,0,6,6,4,3,12,0,0,0,0,0,99997,7,6,97,7,6,7,998,997,998,998,998,998,998,98,9998,98,9998,8,20,0,0,0,3,3,60,1,1,1,1,0,0,0,98,0,0,0,98,0,0
48,480807,1,2,1,19,4,14,59,12,6,1,0,93,3,82,881,82881,66,2001,1FUJAPAVX1LH,1,F,U,J,A,P,A,V,X,1,L,H,1,T,FRHT,FL3,TR,1,17,,8,0,0,CON,D,,,6,893,,,,,00000,00,,64,1,57,1384408,571384408,3,6,3,1,0,0,0,0,0,0,0,998,0,0,0,12,12,4,3,12,0,0,0,1,48,77530,6,1,6,0,3,0,999,999,0,0,0,0,0,0,0,0,0,0,0,0,0,0,2,1,70,1,1,8,1,0,0,1,67,6,1,1,83,0,0
48,480807,2,2,1,19,4,14,59,12,6,1,0,48,1,7,402,7402,14,2002,1B4HR38N62F1,1,B,4,H,R,3,8,N,6,2,F,1,0,P,DODG,DUR,UT,2,17,4222,,0,1160,,G,,F,8,287,,,16R255,,,,,,0,0,000000000,00000000000,0,0,0,1,0,0,0,0,0,0,0,998,0,1,1,9,9,6,2,12,0,0,0,1,48,77833,6,1,0,0,3,3,999,999,0,0,0,0,0,0,0,0,0,0,38,0,0,0,1,2,98,8,8,8,1,20,3,11,15,1,1,1,82,1,0
48,480808,1,2,1,19,4,19,20,12,6,1,0,48,3,86,881,86881,66,2006,1M1AJ06Y36N0,1,M,1,A,J,0,6,Y,3,6,N,0,1,T,MACK,CHN,TR,6,17,,8,0,0,600,D,,,6,728,,,,,00000,00,,64,1,48,006266506,48006266506,3,6,2,1,0,0,0,0,0,0,0,998,0,0,0,12,12,2,1,12,0,0,0,1,48,79014,6,1,6,1,3,0,999,999,0,0,0,1,0,7,2009,7,2009,0,0,0,0,0,1,2,40,3,1,8,1,0,0,14,66,1,1,1,83,0,0