STATE,ST_CASE,VEH_NO,VE_FORMS,NUMOCCS,DAY,MONTH,HOUR,MINUTE,HARM_EV,MAN_COLL,UNITTYPE,HIT_RUN,REG_STAT,OWNER,MAKE,MODEL,MAK_MOD,BODY_TYP,MOD_YEAR,VIN,VIN_1,VIN_2,VIN_3,VIN_4,VIN_5,VIN_6,VIN_7,VIN_8,VIN_9,VIN_10,VIN_11,VIN_12,TOW_VEH,VINTYPE,VINMAKE,VINA_MOD,VIN_BT,VINMODYR,VIN_LNGT,VIN_WGT,WGTCD_TR,WHLBS_LG,WHLBS_SH,SER_TR,FUELCODE,MCYCL_DS,CARBUR,CYLINDER,DISPLACE,MCYCL_CY,MCYCL_WT,TIRE_SZE,TON_RAT,TRK_WT,TRKWTVAR,VIN_REST,WHLDRWHL,J_KNIFE,MCARR_I1,MCARR_I2,MCARR_ID,GVWR,V_CONFIG,CARGO_BT,HAZ_INV,HAZ_PLAC,HAZ_ID,HAZ_CNO,HAZ_REL,BUS_USE,SPEC_USE,EMER_USE,TRAV_SP,UNDERIDE,ROLLOVER,ROLINLOC,IMPACT1,IMPACT2,DEFORMED,TOWED,M_HARM,VEH_SC1,VEH_SC2,FIRE_EXP,DR_PRES,L_STATE,DR_ZIP,L_STATUS,L_TYPE,CDL_STAT,L_ENDORS,L_COMPL,L_RESTRI,DR_HGT,DR_WGT,PREV_ACC,PREV_SUS,PREV_DWI,PREV_SPD,PREV_OTH,FIRST_MO,FIRST_YR,LAST_MO,LAST_YR,SPEEDREL,DR_SF1,DR_SF2,DR_SF3,DR_SF4,VTRAFWAY,VNUM_LAN,VSPD_LIM,VALIGN,VPROFILE,VPAVETYP,VSURCOND,VTRAFCON,VTCONT_F,P_CRASH1,P_CRASH2,P_CRASH3,PCRASH4,PCRASH5,ACC_TYPE,DEATHS,DR_DRINK
48,480880,2,2,4,7,5,15,38,12,8,1,0,48,2,20,37,20037,4,2000,1G1ND52J3Y63,1,G,1,N,D,5,2,J,3,Y,6,3,0,P,CHEV,MAL,4D,0,17,3051,,0,1070,,G,,F,6,191,,,15R215,,,,,,0,0,000000000,00000000000,0,0,0,1,0,0,0,0,0,0,0,998,0,0,0,61,61,4,3,12,0,0,0,1,48,75755,6,1,0,0,3,0,999,999,0,0,0,0,1,8,2010,8,2010,0,0,0,0,0,1,2,60,1,1,8,1,0,0,1,62,1,1,1,65,1,0
48,480881,1,1,1,8,5,20,30,42,0,1,0,48,2,41,44,41044,2,1993,1YVGE31B8P52,1,Y,V,G,E,3,1,B,8,P,5,2,0,P,MAZD,UML,CP,93,17,2700,,0,1028,,G,,F,6,152,,,15R205,,,,,,0,0,000000000,00000000000,0,0,0,1,0,0,0,0,0,0,0,100,0,1,5,6,6,6,2,1,0,0,0,1,48,78662,6,1,0,0,3,0,999,999,0,1,0,0,0,2,2009,2,2009,1,0,0,0,0,1,4,65,1,2,8,1,0,0,6,6,1,3,4,2,1,1
48,480882,1,1,1,8,5,5,10,33,0,1,0,48,1,72,706,72706,80,2003,1HD1JBB413Y0,1,H,D,1,J,B,B,4,1,3,Y,0,0,M,HD,ADI,RS,3,17,,,,,,,1450,,2,,4,653,,,,,,,0,0,000000000,00000000000,0,0,0,1,0,0,0,0,0,0,0,998,0,0,0,12,99,9,3,42,0,0,0,1,48,76513,6,1,0,0,3,0,999,999,1,1,0,2,0,6,2008,3,2010,1,0,0,0,0,5,4,55,3,1,8,1,0,0,14,6,1,1,4,1,1,1
48,480883,1,2,1,8,5,4,8,12,2,1,0,48,2,2,405,2405,14,2008,1J8GP28K08W1,1,J,8,G,P,2,8,K,0,8,W,1,0,T,JEEP,SPR,4W,8,17,,1,0,1061,LIB,G,,,6,226,,,,,3985,00,R,42,0,0,000000000,00000000000,0,0,0,1,0,0,0,0,0,0,0,998,0,0,0,12,12,6,2,12,0,0,0,1,48,78250,6,1,0,0,3,0,999,999,0,0,0,2,0,11,2010,12,2010,0,51,27,0,0,3,5,65,1,1,8,1,0,0,15,54,1,1,1,50,0,1
48,480883,2,2,2,8,5,4,8,12,2,1,0,48,2,12,37,12037,2,2000,3FAFP3133YR1,3,F,A,F,P,3,1,3,3,Y,R,1,0,P,FORD,FZX,3P,0,17,2551,,0,1030,,G,,F,4,121,,,15R195,,,,,,0,0,000000000,00000000000,0,0,0,1,0,0,0,0,0,0,0,998,0,0,0,12,12,6,2,2,0,0,1,1,48,78065,6,1,0,0,3,0,999,999,0,0,0,0,0,0,0,0,0,0,0,0,0,0,3,5,65,1,1,8,1,0,0,1,54,1,1,1,51,2,0
48,480884,1,1,2,8,5,1,6,8,0,1,0,48,1,20,481,20481,31,1999,2GCEC19VXX12,2,G,C,E,C,1,9,V,X,X,1,2,0,T,CHEV,SC1,3C,99,17,,2,1575,1435,SIL,G,,,8,293,,,,B,4235,02,,42,0,0,000000000,00000000000,0,0,0,1,0,0,0,0,0,0,0,998,0,0,0,12,12,2,3,8,0,0,0,1,48,79915,6,1,0,0,3,3,999,999,0,0,0,0,0,0,0,0,0,0,0,0,0,0,3,4,35,1,1,8,1,3,3,1,80,1,1,1,13,0,0
48,480885,1,2,3,8,5,12,36,12,6,1,0,48,1,52,34,52034,4,2001,4A3AA46G11E0,4,A,3,A,A,4,6,G,1,1,E,0,0,P,MITS,GES,4D,1,17,3075,,0,1037,,G,,F,4,143,,,15R195,,,,,,0,0,000000000,00000000000,0,0,0,1,0,0,0,0,0,0,0,998,0,0,0,4,4,4,3,12,0,0,0,1,48,78559,0,0,0,0,0,0,999,999,0,0,0,0,0,0,0,0,0,0,38,0,0,0,1,4,40,1,1,8,1,3,3,11,15,1,1,1,68,1,0
48,480885,2,2,3,8,5,12,36,12,6,1,0,48,1,13,1,13001,4,2003,1LNHM82W23Y6,1,L,N,H,M,8,2,W,2,3,Y,6,0,P,LINC,SIG,4D,3,17,4156,,0,1177,,G,,F,8,281,,,17R225,,,,,,0,0,000000000,00000000000,0,0,0,1,0,0,0,0,0,0,0,998,0,0,0,12,12,4,3,12,0,0,0,1,48,78501,6,1,0,0,3,0,999,999,0,0,0,0,0,0,0,0,0,0,0,0,0,0,1,4,40,1,1,8,1,3,3,1,62,1,1,1,69,0,0
48,480886,1,1,1,8,5,2,36,59,0,1,0,48,2,12,481,12481,31,2004,1FTPX04504KD,1,F,T,P,X,0,4,5,0,4,K,D,0,T,FORD,F15,4C,4,17,,2,1450,1260,COF,G,,,8,330,,,,B,5490,00,U,44,0,0,000000000,00000000000,0,0,0,1,0,0,0,0,0,0,0,998,0,1,5,1,3,6,2,1,0,0,0,1,48,79407,6,1,0,0,3,0,999,999,0,0,0,0,0,0,0,0,0,0,0,0,0,0,1,2,55,1,1,8,1,0,0,1,13,6,4,4,7,1,1
48,480887,1,2,1,8,5,15,50,12,6,1,0,48,1,20,481,20481,31,2003,1GCHK23103F1,1,G,C,H,K,2,3,1,0,3,F,1,0,T,CHEV,2KH,CW,3,17,,2,1670,1530,SIL,D,,,8,403,,,,C,5899,01,,44,0,0,000000000,00000000000,0,0,0,1,0,0,0,0,0,0,0,998,0,0,0,12,12,4,3,12,0,0,0,1,48,75939,1,1,0,0,2,0,999,999,1,3,0,0,0,6,2008,1,2011,0,38,0,0,0,0,0,0,0,0,0,0,0,0,4,19,1,1,1,86,0,0
48,480887,2,2,2,8,5,15,50,12,6,1,0,48,1,72,706,72706,80,2010,1HD1PR815AB9,1,H,D,1,P,R,8,1,5,A,B,9,0,M,HD,SE5,RS,10,17,,,,,,,1803,,2,,4,924,,,,,,,0,0,000000000,00000000000,0,0,0,1,0,0,0,0,0,0,0,998,0,0,0,2,2,6,2,12,0,0,0,1,48,77318,6,1,0,0,3,3,999,999,0,0,0,0,0,0,0,0,0,1,0,0,0,0,1,2,50,1,2,8,1,0,0,6,73,1,1,1,87,2,0
48,480888,1,2,1,8,5,18,34,12,2,1,0,48,1,7,482,7482,31,2006,3D7KS26CX6G2,3,D,7,K,S,2,6,C,X,6,G,2,0,T,DODG,S25,PK,6,17,,2,0,1405,RPC,D,,,6,359,,,,C,6446,00,E,44,0,0,000000000,00000000000,0,0,0,1,0,0,0,0,0,0,0,67,7,0,0,12,12,4,3,12,0,0,0,1,48,77331,2,1,0,0,2,0,999,999,0,3,0,2,2,10,2008,6,2010,1,51,0,0,0,1,2,55,2,1,8,1,0,0,14,10,7,1,2,50,0,0
48,480888,2,2,2,8,5,18,34,12,2,1,0,48,1,24,1,24001,4,2001,1G8ZG52821Z2,1,G,8,Z,G,5,2,8,2,1,Z,2,0,P,STRN,SL1,4D,1,17,2332,,0,1024,,G,,F,4,116,,,14R185,,,,,,0,0,000000000,00000000000,0,0,0,1,0,0,0,0,0,0,0,998,0,1,1,12,12,6,2,12,0,0,0,1,48,77378,6,1,0,0,3,3,999,999,0,0,0,0,0,0,0,0,0,0,0,0,0,0,1,2,55,3,1,8,1,0,0,14,62,6,1,2,51,1,0
48,480889,1,2,2,8,5,9,28,12,6,1,0,48,2,6,421,6421,15,2007,1A8HX58P17F5,1,A,8,H,X,5,8,P,1,7,F,5,0,P,CHRY,ASP,UT,7,17,4719,,0,1191,,F,,F,8,287,,,18R265,,,,,,0,0,000000000,00000000000,0,0,0,1,0,0,0,0,0,0,0,998,0,1,5,12,12,4,3,12,0,0,0,1,48,75762,6,1,0,0,3,0,999,999,0,0,0,0,0,0,0,0,0,0,0,0,0,0,5,4,70,1,1,8,1,0,0,1,13,6,4,6,65,0,0
48,480889,2,2,1,8,5,9,28,12,6,1,0,48,1,23,431,23431,16,2001,1GKEC16T41J3,1,G,K,E,C,1,6,T,4,1,J,3,0,T,GMC,CX1,4W,1,17,,2,0,1300,YUK,G,,,8,325,,,,B,4947,00,E,42,0,0,000000000,00000000000,0,0,0,1,0,0,0,0,0,0,0,998,0,1,5,3,3,4,3,12,0,0,0,1,48,75762,1,1,0,0,2,3,999,999,2,6,1,2,0,10,2008,2,2011,1,58,0,0,0,5,4,70,1,1,8,1,0,0,1,62,1,1,1,64,1,1
48,480890,1,1,1,8,5,19,50,1,0,1,0,48,1,20,403,20403,14,2003,1GNDS13SX324,1,G,N,D,S,1,3,S,X,3,2,4,0,P,CHEV,TRL,UT,3,17,4417,,0,1130,,G,,F,6,256,,,16R245,,,,,,0,0,000000000,00000000000,0,0,0,1,0,0,0,0,0,0,0,998,0,2,5,0,9,6,2,1,0,0,0,1,48,78332,0,0,0,0,0,0,999,999,0,2,0,1,0,2,2009,3,2011,1,58,0,0,0,1,2,60,3,1,8,1,0,0,14,6,6,4,4,7,1,0
48,480891,1,1,1,9,5,3,45,1,0,1,0,48,1,53,705,53705,80,1998,JS1GR7DA1W21,J,S,1,G,R,7,D,A,1,W,2,1,0,M,SUZI,SX7,RC,98,17,,,,,,,749,,4,,4,394,,,,,,,0,0,000000000,00000000000,0,0,0,1,0,0,0,0,0,0,0,998,0,0,0,0,0,9,2,1,0,0,0,1,48,75146,6,1,0,0,2,0,66,229,0,0,0,0,0,0,0,0,0,1,0,0,0,0,1,2,30,2,1,8,1,0,0,14,12,1,1,4,6,1,1
48,480892,1,1,1,9,5,3,20,33,0,1,0,48,1,12,401,12401,14,2000,1FMYU60X6YUA,1,F,M,Y,U,6,0,X,6,Y,U,A,0,P,FORD,EPR,UT,0,17,3670,,0,1017,,G,,F,6,245,,,15R235,,,,,,0,0,000000000,00000000000,0,0,0,1,0,0,0,0,0,0,0,998,0,0,0,12,12,4,3,25,0,0,0,1,48,77018,6,1,0,0,3,3,999,999,0,0,0,0,0,0,0,0,0,1,0,0,0,0,4,3,45,1,1,1,1,99,9,1,12,1,1,4,6,1,1
48,480893,1,1,1,9,5,11,50,24,0,1,0,48,3,98,809,98809,63,2006,2FZHATDA86AU,2,F,Z,H,A,T,D,A,8,6,A,U,0,T,STRG,LT0,CC,6,17,,8,0,0,STE,D,,,6,537,,,,,00000,00,,64,0,57,140721,57140721,3,2,1,1,0,0,0,0,0,0,0,998,0,0,0,12,12,6,2,24,0,0,0,1,48,77705,6,1,6,0,3,0,999,999,0,0,0,0,0,0,0,0,0,0,0,0,0,0,2,2,70,3,1,8,1,0,0,14,13,1,1,4,1,1,0
48,480894,1,2,2,9,5,3,39,12,2,1,0,22,3,51,881,51881,66,2009,4V4NC9TG79N2,4,V,4,N,C,9,T,G,7,9,N,2,2,T,VOLV,VNL,TR,9,17,,8,0,0,VVN,D,,,6,915,,,,,00000,00,,64,1,57,29124,5729124,3,7,1,2,2,3077,9,2,0,0,0,998,0,0,0,12,12,4,3,12,0,0,0,1,47,37421,6,1,6,1,3,0,66,140,0,0,0,0,0,0,0,0,0,0,0,0,0,0,2,2,65,1,1,8,1,0,0,1,54,6,1,2,50,0,0
48,480894,2,2,1,9,5,3,39,12,2,1,0,48,2,12,481,12481,31,2000,1FTRX17W1YNC,1,F,T,R,X,1,7,W,1,Y,N,C,0,T,FORD,F15,4C,0,17,,2,1571,1385,COF,G,,,8,281,,,,B,4204,05,U,42,0,0,000000000,00000000000,0,0,0,1,0,0,0,0,0,0,0,998,0,0,0,12,12,6,2,12,0,0,0,1,48,79068,6,1,0,0,3,0,999,999,0,0,0,0,1,11,2010,11,2010,0,51,0,0,0,2,2,65,1,1,8,1,0,0,1,54,7,1,2,51,1,1
48,480895,1,2,2,10,5,8,3,12,2,1,0,48,3,12,481,12481,31,2007,1FTRF12207NA,1,F,T,R,F,1,2,2,0,7,N,A,0,T,FORD,F15,PK,7,17,,2,1450,1260,COF,G,,,6,256,,,,B,4615,01,E,42,0,0,000000000,00000000000,0,0,0,1,0,0,0,0,0,0,0,998,0,0,0,12,12,6,2,12,0,0,0,1,48,77474,1,1,0,0,2,0,999,999,0,6,0,0,0,7,2008,5,2011,0,28,0,0,0,1,2,70,1,1,8,1,0,0,1,10,1,1,2,50,1,1
48,480895,2,2,1,10,5,8,3,12,2,1,0,48,1,98,808,98808,63,2000,JNAPC33L3YAM,J,N,A,P,C,3,3,L,3,Y,A,M,0,T,UD,UD3,TB,0,17,,7,0,0,UDS,D,,,6,423,,,,,00000,00,,42,0,57,1948095,571948095,3,2,3,1,0,0,0,0,0,0,0,998,0,0,0,12,12,6,2,12,0,0,0,1,48,77478,6,1,6,0,3,0,999,999,0,0,0,0,0,0,0,0,0,0,0,0,0,0,1,2,70,1,1,8,1,0,0,1,62,1,1,1,51,0,0
48,480896,1,2,2,11,5,3,40,12,6,1,0,48,2,34,34,34034,4,2006,WBAVB13566KX,W,B,A,V,B,1,3,5,6,6,K,X,0,P,BMW,325,4D,6,17,3285,,0,1087,,G,,F,6,182,,,16R205,,,,,,0,0,000000000,00000000000,0,0,0,1,0,0,0,0,0,0,0,998,0,1,3,12,12,6,2,1,0,0,0,1,48,78065,6,1,0,0,3,0,999,999,0,0,0,0,0,0,0,0,0,0,28,58,0,0,2,2,65,1,2,8,1,0,0,1,11,1,1,2,44,1,0
48,480896,2,2,12,11,5,3,40,12,6,1,0,48,3,12,461,12461,21,2011,1FBSS3BL8BDA,1,F,B,S,S,3,B,L,8,B,D,A,0,T,FORD,WSD,ES,11,17,,2,0,1380,ECO,G,,,8,330,,,,D,6425,00,E,42,0,57,1660674,571660674,1,20,22,1,0,0,0,0,7,0,0,998,0,0,0,7,7,2,1,12,0,0,0,1,48,76065,2,1,2,0,2,3,999,999,0,1,0,1,0,3,2010,6,2010,0,0,0,0,0,2,2,65,1,2,8,1,0,0,1,60,1,1,1,45,0,0
48,480897,1,1,1,11,5,15,37,1,0,1,0,48,1,7,25,7025,5,2007,1B3HB48B67D1,1,B,3,H,B,4,8,B,6,7,D,1,0,P,DODG,CXT,4D,7,17,3038,,0,1037,,G,,F,4,122,,,17R215,,,,,,0,0,000000000,00000000000,0,0,0,1,0,0,0,0,0,0,0,998,0,9,3,0,0,6,2,1,0,0,0,1,48,78247,6,1,0,0,3,3,999,999,0,0,0,0,0,0,0,0,0,0,58,0,0,0,2,2,70,2,2,8,1,0,0,14,12,7,4,4,7,1,0
48,480898,1,1,1,11,5,9,14,38,0,1,0,48,0,22,401,22401,14,2004,3G7DA03E94S5,3,G,7,D,A,0,3,E,9,4,S,5,0,P,PONT,AZT,UT,4,17,3779,,0,1083,,G,,F,6,207,,,16R215,,,,,,0,0,000000000,00000000000,0,0,0,1,0,0,0,0,0,0,0,998,0,0,0,12,6,6,2,42,0,0,0,1,48,75935,6,1,0,0,3,0,999,999,0,0,0,0,0,0,0,0,0,1,28,0,0,0,1,2,70,3,1,8,1,0,0,14,13,3,2,4,2,1,0
48,480899,1,3,1,11,5,16,12,12,6,1,0,48,2,23,481,23481,31,2007,3GTEK13M47G5,3,G,T,E,K,1,3,M,4,7,G,5,0,T,GMC,NK1,CW,7,17,,2,0,1435,SIE,G,,,8,323,,,,B,5371,00,4,44,0,0,000000000,00000000000,0,0,0,1,0,0,0,0,0,0,0,998,0,0,0,12,12,6,2,12,0,0,0,1,48,75633,6,1,0,0,3,3,62,138,0,0,0,0,0,0,0,0,0,0,28,0,0,0,1,2,70,1,2,8,1,0,0,1,10,1,1,2,64,1,0
48,480899,2,3,1,11,5,16,12,12,6,1,0,93,3,87,881,87881,66,2001,1XPFDB9X31D5,1,X,P,F,D,B,9,X,3,1,D,5,1,T,PTRB,378,TR,1,17,,8,0,0,CON,D,,,6,893,,,,,00000,00,,64,1,57,333719,57333719,3,6,2,2,2,1267,3,2,0,0,0,998,0,0,0,7,7,4,1,12,0,0,0,1,48,75707,6,1,6,1,3,1,999,999,0,0,0,0,0,0,0,0,0,0,0,0,0,0,1,2,70,1,2,8,1,0,0,1,62,7,1,1,65,0,0
48,480899,3,3,1,11,5,16,12,12,6,1,0,93,3,87,881,87881,66,2005,1XP5DB9XX5D8,1,X,P,5,D,B,9,X,X,5,D,8,1,T,PTRB,379,TR,5,17,,8,0,0,CON,D,,,6,893,,,,,00000,00,,64,1,57,2039939,572039939,3,6,2,1,0,0,0,0,0,0,0,998,0,1,5,11,11,2,3,12,0,0,0,1,48,75574,6,1,6,1,3,0,999,999,0,0,0,0,1,11,2009,11,2009,0,0,0,0,0,1,2,70,1,2,8,1,0,0,1,54,1,1,1,98,0,0
48,480900,1,1,2,11,5,13,5,52,0,1,0,48,2,18,2,18002,4,1997,1G4HP52K7VH5,1,G,4,H,P,5,2,K,7,V,H,5,0,P,BUIC,LCF,4D,97,17,3446,,0,1108,,G,,F,6,231,,,15R205,,,,,,0,0,000000000,00000000000,0,0,0,1,0,0,0,0,0,0,0,998,0,1,3,12,12,6,2,1,32,0,0,1,48,75146,6,1,0,0,3,3,999,999,0,0,0,0,0,0,0,0,0,1,0,0,0,0,3,9,65,3,1,8,2,0,0,14,12,1,1,4,6,1,0
48,480901,1,2,2,11,5,20,58,12,6,1,0,22,1,20,471,20471,30,1986,1GCCS14R3G81,1,G,C,C,S,1,4,R,3,G,8,1,0,T,CHEV,S14,PK,86,17,,1,1229,1083,S,G,,,6,173,,,,B,2307,02,,42,0,0,000000000,00000000000,0,0,0,1,0,0,0,0,0,0,0,998,0,0,0,12,12,4,4,12,0,0,0,1,22,70668,6,1,0,0,3,0,70,165,0,1,0,3,1,3,2009,4,2010,0,38,0,0,0,1,2,99,8,8,8,1,20,3,4,15,1,1,1,86,0,0
48,480901,2,2,26,11,5,20,58,12,6,1,0,48,3,98,908,98908,52,2002,YE2CC22B2220,Y,E,2,C,C,2,2,B,2,2,2,0,0,U,,,,2,17,,,,,,,,,,,,,,,,,,,0,57,136567,57136567,3,21,22,1,0,0,0,0,6,0,0,998,0,0,0,1,12,6,2,12,0,0,0,1,48,78542,6,1,6,0,3,3,999,999,1,0,0,0,0,6,2008,6,2008,0,0,0,0,0,2,4,65,1,1,8,1,4,3,1,66,6,1,1,87,1,0
48,480902,1,1,2,12,5,2,0,33,0,1,0,48,2,7,482,7482,31,2006,1D7HA18N26S6,1,D,7,H,A,1,8,N,2,6,S,6,0,T,DODG,SQ1,CW,6,17,,2,1405,1205,RPC,G,,,8,287,,,,B,4833,02,E,42,0,0,000000000,00000000000,0,0,0,1,0,0,0,0,0,0,0,998,0,1,5,99,9,6,2,1,0,0,0,1,48,78223,6,1,0,0,3,0,999,999,1,0,0,1,0,7,2009,12,2009,1,0,0,0,0,1,2,30,1,1,8,2,0,0,1,9,1,9,4,7,1,1
48,480903,1,1,1,12,5,21,39,8,0,1,0,48,2,20,482,20482,31,2003,3GNEK13T63G2,3,G,N,E,K,1,3,T,6,3,G,2,0,T,CHEV,KAV,CW,3,17,,2,0,1300,AVL,G,,,8,325,,,,B,5652,00,,44,0,0,000000000,00000000000,0,0,0,1,0,0,0,0,0,0,0,998,0,0,0,12,12,0,1,8,0,0,0,1,48,78852,6,1,0,0,3,0,999,999,0,0,0,1,0,9,2009,9,2009,0,0,0,0,0,1,2,30,1,1,8,1,0,0,10,80,1,1,1,13,0,0
48,480904,1,1,1,12,5,0,10,35,0,1,0,48,1,49,44,49044,2,1999,2T1CF22PXXC1,2,T,1,C,F,2,2,P,X,X,C,1,0,P,TOYT,CEE,CP,99,17,3230,,0,1051,,G,,F,6,183,,,15R205,,,,,,0,0,000000000,00000000000,0,0,0,1,0,0,0,0,0,0,0,998,0,1,5,9,9,4,3,1,0,0,0,1,48,79088,6,1,0,0,3,0,999,999,0,0,0,0,0,0,0,0,0,1,58,0,0,0,1,2,65,1,1,8,1,0,0,1,13,6,3,4,2,1,0
48,480905,1,1,3,12,5,18,40,1,0,1,0,48,2,12,481,12481,31,2003,1FTRW08L23KA,1,F,T,R,W,0,8,L,2,3,K,A,0,T,FORD,F1S,CW,3,17,,2,0,1388,COF,G,,,8,330,,,,B,5005,00,U,44,0,0,000000000,00000000000,0,0,0,1,0,0,0,0,0,0,0,998,0,2,3,0,3,6,2,1,0,0,0,1,20,76306,6,1,0,0,3,0,66,160,1,1,0,3,0,7,2009,9,2010,1,0,0,0,0,2,4,70,1,1,8,2,0,0,1,6,1,4,4,7,1,0
48,480906,1,2,2,13,5,12,20,12,6,1,0,48,1,37,32,37032,4,2004,3HGCM563X4G7,3,H,G,C,M,5,6,3,X,4,G,7,0,P,HOND,ULX,4D,4,17,3113,,0,1079,,G,,F,4,146,,,15R205,,,,,,0,0,000000000,00000000000,0,0,0,1,0,0,0,0,0,0,0,998,0,0,0,3,3,4,3,12,0,0,0,1,48,77083,6,1,0,0,3,3,999,999,0,0,0,0,0,0,0,0,0,0,0,0,0,0,1,2,70,2,1,8,2,0,0,14,13,6,4,4,64,1,0
48,480906,2,2,3,13,5,12,20,12,6,1,0,48,1,20,481,20481,31,2000,1GCEK14T9YZ1,1,G,C,E,K,1,4,T,9,Y,Z,1,0,T,CHEV,SK1,PK,0,17,,2,1330,1190,SIL,G,,,8,325,,,,B,4248,02,,44,0,0,000000000,00000000000,0,0,0,1,0,0,0,0,0,0,0,998,0,0,0,12,12,4,3,12,0,0,0,1,48,76570,6,1,0,0,3,0,999,999,0,0,0,0,0,0,0,0,0,0,0,0,0,0,1,2,70,1,1,8,2,0,0,1,62,7,1,4,65,0,0
48,480907,1,2,2,13,5,19,34,12,6,1,0,48,2,37,31,37031,4,1999,2HGEJ8541XH5,2,H,G,E,J,8,5,4,1,X,H,5,0,P,HOND,UAX,4D,99,17,2513,,0,1032,,G,,F,4,097,,,14R185,,,,,,0,0,000000000,00000000000,0,0,0,1,0,0,0,0,0,0,0,998,0,1,5,3,3,6,2,1,0,0,0,1,48,76710,1,1,0,0,2,0,999,999,0,4,1,0,0,2,2010,4,2011,0,39,0,0,0,1,2,99,1,8,8,1,20,3,1,17,3,2,1,87,2,1
48,480907,2,2,1,13,5,19,34,12,6,1,0,48,2,7,403,7403,14,2007,1D8GT28K67W7,1,D,8,G,T,2,8,K,6,7,W,7,0,P,DODG,NIT,UT,7,17,3931,,0,1088,,G,,F,6,225,,,16R225,,,,,,0,0,000000000,00000000000,0,0,0,1,0,0,0,0,0,0,0,998,0,1,5,12,12,4,3,1,0,0,0,1,48,76634,6,1,0,0,3,3,999,999,0,0,0,0,0,0,0,0,0,0,0,0,0,0,1,2,60,1,1,8,1,0,0,1,66,1,1,1,86,0,0
48,480908,1,2,1,13,5,18,20,12,6,1,0,48,1,20,481,20481,31,2001,1GCEC19TX1E1,1,G,C,E,C,1,9,T,X,1,E,1,0,T,CHEV,SC1,4C,1,17,,2,1575,1435,SIL,G,,,8,325,,,,B,4413,00,,42,0,0,000000000,00000000000,0,0,0,1,0,0,0,0,0,0,0,998,0,0,0,12,12,6,2,12,0,0,0,1,48,79229,6,1,6,0,3,0,999,999,0,0,0,0,0,0,0,0,0,0,39,0,0,0,1,2,99,1,8,8,1,20,3,1,17,1,1,1,86,1,0
48,480908,2,2,1,13,5,18,20,12,6,1,0,48,1,20,431,20431,16,2002,3GNFK16Z82G2,3,G,N,F,K,1,6,Z,8,2,G,2,0,P,CHEV,K15,UT,2,17,5123,,0,1300,,F,,F,8,325,,,16R245,,,,,,0,0,000000000,00000000000,0,0,0,1,0,0,0,0,0,0,0,998,0,0,0,1,1,4,3,12,0,0,0,1,48,79027,6,1,0,0,3,0,999,999,1,0,0,0,0,10,2008,10,2008,0,0,0,0,0,1,2,70,1,1,8,1,0,0,1,66,1,1,1,87,0,0
48,480909,1,2,1,13,5,22,50,12,2,1,0,48,1,20,16,20016,4,2003,1G1JC52F7373,1,G,1,J,C,5,2,F,7,3,7,3,0,P,CHEV,CAV,4D,3,17,2971,,0,1041,,G,,F,4,134,,,14R195,,,,,,0,0,000000000,00000000000,0,0,0,1,0,0,0,0,0,0,0,998,0,0,0,12,12,6,2,12,0,0,0,1,48,75766,3,1,0,0,2,3,999,999,0,5,0,0,0,8,2009,3,2011,0,28,51,0,0,1,2,55,2,1,8,1,0,0,14,10,1,1,2,50,1,0
48,480909,2,2,2,13,5,22,50,12,2,1,0,40,0,20,481,20481,31,1974,CCV144S12138,C,C,V,1,4,4,S,1,2,1,3,8,0,T,CHEV,C10,PK,74,13,,1,1315,1060,C10,D,,,8,350,,,,B,3495,04,,42,0,0,000000000,00000000000,0,0,0,1,0,0,0,0,0,0,0,998,0,0,0,12,12,6,2,12,0,0,0,1,48,75766,6,1,0,0,3,0,999,999,0,0,0,0,0,0,0,0,0,0,0,0,0,0,1,2,55,3,1,8,1,0,0,14,62,1,1,1,51,0,0
48,480910,1,1,2,13,5,2,20,42,0,1,0,48,1,38,402,38402,14,2002,4S2CK58W3243,4,S,2,C,K,5,8,W,3,2,4,3,0,P,ISU,ROD,UT,2,17,0,,0,1064,,G,,F,6,195,,,16R245,,,,,,0,0,000000000,00000000000,0,0,0,1,0,0,0,0,0,0,0,998,0,1,4,12,12,4,3,1,0,0,0,1,48,75104,6,1,0,0,3,0,71,152,0,0,0,0,1,11,2008,11,2008,0,0,0,0,0,6,1,60,2,2,8,1,0,0,14,12,1,1,4,6,1,1
48,480911,1,1,2,11,2,5,40,1,0,1,0,48,2,23,481,23481,31,2000,1GTEC19T4YZ3,1,G,T,E,C,1,9,T,4,Y,Z,3,0,T,GMC,NC1,3C,0,17,,2,1575,1435,SIE,G,,,8,325,,,,B,4134,03,U,42,0,0,000000000,00000000000,0,0,0,1,0,0,0,0,0,0,0,998,0,1,5,0,0,4,3,1,0,0,0,1,48,76063,1,1,0,0,2,0,999,999,1,8,0,2,3,6,2008,12,2010,1,37,91,0,0,1,2,35,3,2,8,1,0,0,14,6,1,4,4,2,1,0
48,480912,1,2,2,8,3,11,42,33,0,1,0,48,3,12,17,12017,4,2005,1FAHP53UX5A1,1,F,A,H,P,5,3,U,X,5,A,1,0,P,FORD,TSE,4D,5,17,3306,,0,1085,,G,,F,6,182,,,16R215,,,,,,0,0,000000000,00000000000,0,0,0,1,0,0,0,0,0,0,0,998,0,1,1,99,81,4,3,8,0,0,0,1,48,75165,1,1,0,0,2,0,69,151,0,23,0,1,1,12,2008,2,2011,0,0,0,0,0,3,4,60,1,1,8,1,0,0,15,13,1,1,4,1,1,0