STATE,ST_CASE,VEH_NO,VE_FORMS,NUMOCCS,DAY,MONTH,HOUR,MINUTE,HARM_EV,MAN_COLL,UNITTYPE,HIT_RUN,REG_STAT,OWNER,MAKE,MODEL,MAK_MOD,BODY_TYP,MOD_YEAR,VIN,VIN_1,VIN_2,VIN_3,VIN_4,VIN_5,VIN_6,VIN_7,VIN_8,VIN_9,VIN_10,VIN_11,VIN_12,TOW_VEH,VINTYPE,VINMAKE,VINA_MOD,VIN_BT,VINMODYR,VIN_LNGT,VIN_WGT,WGTCD_TR,WHLBS_LG,WHLBS_SH,SER_TR,FUELCODE,MCYCL_DS,CARBUR,CYLINDER,DISPLACE,MCYCL_CY,MCYCL_WT,TIRE_SZE,TON_RAT,TRK_WT,TRKWTVAR,VIN_REST,WHLDRWHL,J_KNIFE,MCARR_I1,MCARR_I2,MCARR_ID,GVWR,V_CONFIG,CARGO_BT,HAZ_INV,HAZ_PLAC,HAZ_ID,HAZ_CNO,HAZ_REL,BUS_USE,SPEC_USE,EMER_USE,TRAV_SP,UNDERIDE,ROLLOVER,ROLINLOC,IMPACT1,IMPACT2,DEFORMED,TOWED,M_HARM,VEH_SC1,VEH_SC2,FIRE_EXP,DR_PRES,L_STATE,DR_ZIP,L_STATUS,L_TYPE,CDL_STAT,L_ENDORS,L_COMPL,L_RESTRI,DR_HGT,DR_WGT,PREV_ACC,PREV_SUS,PREV_DWI,PREV_SPD,PREV_OTH,FIRST_MO,FIRST_YR,LAST_MO,LAST_YR,SPEEDREL,DR_SF1,DR_SF2,DR_SF3,DR_SF4,VTRAFWAY,VNUM_LAN,VSPD_LIM,VALIGN,VPROFILE,VPAVETYP,VSURCOND,VTRAFCON,VTCONT_F,P_CRASH1,P_CRASH2,P_CRASH3,PCRASH4,PCRASH5,ACC_TYPE,DEATHS,DR_DRINK
48,481050,1,1,1,29,5,3,40,35,0,1,0,48,2,12,481,12481,31,2002,1FTRF172X2NB,1,F,T,R,F,1,7,2,X,2,N,B,0,T,FORD,F15,PK,2,17,,2,1385,1199,COF,G,,,6,256,,,,B,3990,03,U,42,0,0,000000000,00000000000,0,0,0,1,0,0,0,0,0,0,0,998,0,1,5,1,9,4,3,1,0,0,0,1,48,78643,6,1,0,0,3,0,999,999,0,0,0,0,0,0,0,0,0,1,58,0,0,0,1,2,65,3,2,8,1,0,0,14,6,6,4,4,7,1,1
48,481051,1,1,1,29,5,19,54,42,0,1,0,48,2,37,31,37031,2,2008,2HGFG11638H5,2,H,G,F,G,1,1,6,3,8,H,5,0,P,HOND,UCL,CP,8,17,2657,,0,1043,,G,,F,4,110,,,16R205,,,,,,0,0,000000000,00000000000,0,0,0,1,0,0,0,0,0,0,0,998,0,1,5,11,0,4,3,1,0,0,0,1,48,77864,1,1,0,0,2,0,999,999,0,4,0,1,0,6,2008,5,2011,1,0,0,0,0,1,2,70,1,2,8,1,0,0,1,10,7,3,4,2,1,1
48,481052,1,1,2,29,5,19,30,38,0,1,0,48,2,20,481,20481,31,1999,1GCEC14T4XE1,1,G,C,E,C,1,4,T,4,X,E,1,0,T,CHEV,SC1,PK,99,17,,2,1330,1190,SIL,G,,,8,325,,,,B,3923,01,,42,0,0,000000000,00000000000,0,0,0,1,0,0,0,0,0,0,0,998,0,0,0,12,12,4,3,38,0,0,0,1,48,77414,0,0,0,0,0,0,999,999,0,0,0,0,0,0,0,0,0,0,51,91,0,0,1,2,60,1,1,8,1,0,0,1,12,1,1,4,6,1,1
48,481053,1,1,4,29,5,0,50,42,0,1,1,48,1,23,481,23481,31,1995,2GTEK19K9S15,2,G,T,E,K,1,9,K,9,S,1,5,0,T,GMC,SK1,PC,95,17,,2,1555,1415,SIE,G,,,8,350,,,,B,4068,00,M,44,0,0,000000000,00000000000,0,0,0,1,0,0,0,0,0,0,0,998,0,0,0,12,12,6,2,42,0,0,0,1,48,75758,1,1,0,0,2,0,999,999,1,4,0,4,0,7,2008,4,2011,1,92,0,0,0,1,2,35,2,3,8,1,0,0,14,12,3,2,4,7,1,1
48,481054,1,3,4,30,5,13,12,12,7,1,0,48,1,35,47,35047,4,2005,1N4AL11D15N4,1,N,4,A,L,1,1,D,1,5,N,4,0,P,NISS,ASL,4D,5,17,2915,,0,1102,,G,,F,4,153,,,16R215,,,,,,0,0,000000000,00000000000,0,0,0,1,0,0,0,0,0,0,0,998,0,0,0,83,83,2,1,12,0,0,0,1,48,77546,6,1,0,0,3,0,999,999,0,0,0,0,0,0,0,0,0,0,27,0,0,0,3,3,65,1,1,8,1,0,0,15,11,1,1,2,46,0,0
48,481054,2,3,4,30,5,13,12,12,7,1,0,48,2,12,401,12401,14,1998,1FMZU32X2WZC,1,F,M,Z,U,3,2,X,2,W,Z,C,0,P,FORD,EPR,UT,98,17,3911,,0,1115,,G,,F,6,245,,,15R225,,,,,,0,0,000000000,00000000000,0,0,0,1,0,0,0,0,0,0,0,998,0,1,5,62,0,2,3,1,0,0,0,1,48,77357,6,1,0,0,3,0,999,999,0,0,0,0,0,0,0,0,0,0,0,0,0,0,3,3,65,1,1,8,1,0,0,1,60,1,1,1,45,1,0
48,481054,3,3,2,30,5,13,12,12,7,1,0,48,1,37,402,37402,14,2007,JHLRE38777C0,J,H,L,R,E,3,8,7,7,7,C,0,0,P,HOND,CRV,UT,7,17,3415,,0,1031,,G,,F,4,146,,,17R225,,,,,,0,0,000000000,00000000000,0,0,0,1,0,0,0,0,0,0,0,998,0,0,0,62,62,2,1,12,0,0,0,1,48,77598,6,1,0,0,3,0,999,999,0,0,0,2,0,11,2009,3,2011,0,0,0,0,0,3,3,65,1,1,8,1,0,0,1,61,1,1,1,98,0,0
48,481055,1,1,3,30,5,13,29,1,0,1,0,48,1,20,403,20403,14,2003,1GNDS13S9323,1,G,N,D,S,1,3,S,9,3,2,3,1,P,CHEV,TRL,UT,3,17,4417,,0,1130,,G,,F,6,256,,,16R245,,,,,,2,0,000000000,00000000000,0,0,0,1,0,0,0,0,0,0,0,998,0,2,1,0,0,4,3,1,32,0,0,1,48,76903,6,1,0,0,3,0,999,999,0,0,0,0,0,0,0,0,0,0,28,58,0,0,1,2,70,1,1,8,1,0,0,1,13,6,3,6,98,1,0
48,481056,1,1,1,30,5,6,3,30,0,1,0,48,2,20,16,20016,4,2003,1G1JC52F4372,1,G,1,J,C,5,2,F,4,3,7,2,0,P,CHEV,CAV,4D,3,17,2971,,0,1041,,G,,F,4,134,,,14R195,,,,,,0,0,000000000,00000000000,0,0,0,1,0,0,0,0,0,0,0,998,0,0,0,99,99,6,2,2,0,0,1,1,48,78045,1,1,0,0,2,0,999,999,1,8,0,1,0,2,2009,3,2011,1,0,0,0,0,3,3,65,1,1,8,1,0,0,1,13,1,1,4,1,1,0
48,481057,1,2,1,31,5,11,45,12,2,1,0,48,2,20,2,20002,4,2003,2G1WF52E5391,2,G,1,W,F,5,2,E,5,3,9,1,0,P,CHEV,IMP,4D,3,17,3389,,0,1105,,G,,F,6,207,,,16R225,,,,,,0,0,000000000,00000000000,0,0,0,1,0,0,0,0,0,0,0,998,0,0,0,12,12,6,2,12,0,0,0,1,48,78114,1,1,0,0,2,0,999,999,0,5,0,0,0,8,2008,5,2010,0,0,0,0,0,1,2,60,2,1,8,1,0,0,14,10,2,2,2,50,0,0
48,481057,2,2,1,31,5,11,45,12,2,1,0,48,2,72,706,72706,80,1995,1HD1GEL17SY3,1,H,D,1,G,E,L,1,7,S,Y,3,0,M,HD,FWG,RS,95,17,,,,,,,1340,,2,,4,598,,,,,,,0,0,000000000,00000000000,0,0,0,1,0,0,0,0,0,0,0,998,0,0,0,12,12,6,2,12,0,0,0,1,48,78114,6,1,0,0,2,0,999,999,0,0,0,0,0,0,0,0,0,0,0,0,0,0,1,2,60,3,1,8,1,0,0,14,62,1,1,1,51,1,0
48,481058,1,2,1,31,5,21,36,12,6,1,0,48,2,30,47,30047,3,2009,3VWRW31C19M5,3,V,W,R,W,3,1,C,1,9,M,5,0,P,VOLK,BSS,2H,9,17,2997,,0,989,,G,,F,5,151,,,000000,,,,,,0,0,000000000,00000000000,0,0,0,1,0,0,0,0,0,0,0,998,0,0,0,62,62,2,3,12,0,0,0,1,48,76210,6,1,0,0,3,3,999,999,1,0,0,1,0,2,2009,4,2010,0,38,0,0,0,1,2,99,1,1,8,1,0,0,10,16,1,1,1,78,0,0
48,481058,2,2,1,31,5,21,36,12,6,1,0,48,1,72,706,72706,80,2009,1HD1CT3199K4,1,H,D,1,C,T,3,1,9,9,K,4,0,M,HD,20C,RS,9,17,,,,,,,1202,,2,,4,589,,,,,,,0,0,000000000,00000000000,0,0,0,1,0,0,0,0,0,0,0,998,0,0,0,12,12,9,2,12,0,0,0,1,48,75028,6,1,6,0,3,0,999,999,0,0,0,0,0,0,0,0,0,0,0,0,0,0,2,3,45,3,1,8,1,0,0,14,70,1,1,1,79,1,0
48,481059,1,1,1,1,6,21,36,38,0,1,0,48,1,12,481,12481,31,2004,2FTRX17234CA,2,F,T,R,X,1,7,2,3,4,C,A,0,T,FORD,HER,4C,4,17,,2,1570,1390,COF,G,,,6,256,,,,B,4290,00,U,42,0,0,000000000,00000000000,0,0,0,1,0,0,0,0,0,0,0,998,0,1,5,12,12,6,2,38,0,0,0,1,48,76210,6,1,0,0,3,3,999,999,0,0,0,2,0,8,2009,7,2010,1,58,0,0,0,1,2,55,4,1,8,1,0,0,14,10,7,3,4,2,1,1
48,481060,1,1,1,1,6,2,30,42,0,1,0,48,1,76,705,76705,80,2005,JYA5AHE025A0,J,Y,A,5,A,H,E,0,2,5,A,0,0,M,YAMA,YZF,RC,5,17,,,,,,,599,,4,,4,412,,,,,,,0,0,000000000,00000000000,0,0,0,1,0,0,0,0,0,0,0,998,0,0,0,99,99,9,2,42,0,0,0,1,48,76088,6,1,0,0,3,0,999,999,0,0,0,1,0,9,2008,9,2008,0,0,0,0,0,1,2,60,3,2,8,1,0,0,14,13,1,1,4,1,1,1
48,481061,1,2,3,1,6,17,20,12,6,1,0,48,1,7,442,7442,20,1997,1B4GP44R1VB4,1,B,4,G,P,4,4,R,1,V,B,4,0,T,DODG,GSS,ES,97,17,,1,0,1193,CAR,G,,,6,201,,,,,3748,00,E,42,0,0,000000000,00000000000,0,0,0,1,0,0,0,0,0,0,0,998,0,0,0,1,1,6,2,12,0,0,0,1,48,76522,6,1,0,0,3,0,999,999,0,0,0,0,0,0,0,0,0,0,0,0,0,0,5,4,70,1,2,8,1,0,0,1,62,6,1,1,65,1,0
48,481061,2,2,3,1,6,17,20,12,6,1,0,6,1,20,421,20421,15,2006,1GNEC13Z66R1,1,G,N,E,C,1,3,Z,6,6,R,1,0,P,CHEV,CTA,UT,6,17,4978,,0,1160,,F,,F,8,323,,,16R265,,,,,,0,0,000000000,00000000000,0,0,0,1,0,0,0,0,0,0,0,998,0,0,0,12,12,6,2,12,0,0,0,1,6,92057,0,0,0,0,0,0,999,999,1,3,0,0,0,12,2010,5,2011,0,51,0,0,0,5,4,70,1,2,8,1,0,0,1,10,1,1,2,64,0,0
48,481062,1,2,2,1,6,10,48,12,2,1,0,1,1,63,32,63032,4,2011,KNADH4A32B69,K,N,A,D,H,4,A,3,2,B,6,9,0,P,KIA,RBL,4D,11,17,2365,,0,0,,G,,F,4,098,,,000000,,,,,,0,0,000000000,00000000000,0,0,0,1,0,0,0,0,0,0,0,998,0,0,0,12,12,4,3,12,0,0,0,1,1,76010,6,1,0,0,3,0,999,999,0,0,0,0,0,0,0,0,0,0,0,0,0,0,1,6,35,1,1,8,1,3,3,1,62,1,1,1,69,1,0
48,481062,2,2,1,1,6,10,48,12,2,1,0,48,1,2,405,2405,14,2004,1J4GK48K74W1,1,J,4,G,K,4,8,K,7,4,W,1,0,T,JEEP,SPR,4W,4,17,,1,0,1043,LIB,G,,,6,226,,,,,3462,01,E,42,0,0,000000000,00000000000,0,0,0,1,0,0,0,0,0,0,0,998,0,0,0,12,12,4,3,12,0,0,0,1,48,76010,0,0,0,0,0,0,999,999,0,0,0,0,0,0,0,0,0,0,38,39,92,0,1,6,35,1,1,8,1,3,3,11,10,1,1,1,68,0,0
48,481063,1,1,3,2,6,16,26,32,0,1,0,18,3,23,881,23881,62,2006,1GDJ6C1G56F4,1,G,D,J,6,C,1,G,5,6,F,4,1,T,GMC,C6C,CB,6,17,,6,2960,1280,C65,G,,,8,496,,,,,00000,00,,42,1,57,101328,57101328,2,4,97,1,0,0,0,0,0,0,0,998,0,1,5,99,99,6,2,2,0,0,1,1,48,78602,6,1,0,0,3,0,999,999,0,0,0,0,0,0,0,0,0,0,58,0,0,0,1,4,70,1,1,8,1,0,0,1,13,6,9,4,2,1,0
48,481064,1,1,1,2,6,17,52,1,0,1,0,48,2,73,709,73709,80,2010,JKBZXNC11AA0,J,K,B,Z,X,N,C,1,1,A,A,0,0,M,KAWK,X4C,RC,10,17,,,,,,,1352,,4,,4,567,,,,,,,0,0,000000000,00000000000,0,0,0,1,0,0,0,0,0,0,0,88,0,0,0,0,0,9,2,1,0,0,0,1,48,76549,6,1,0,0,3,0,999,999,0,1,0,1,0,1,2009,8,2010,1,58,0,0,0,1,2,55,3,1,8,1,0,0,14,13,1,1,4,1,1,0
48,481065,1,3,1,2,6,21,6,12,6,1,0,93,3,82,881,82881,66,2005,1FUJA6CK85LV,1,F,U,J,A,6,C,K,8,5,L,V,1,T,FRHT,COL,TR,5,17,,8,0,0,CON,D,,,6,858,,,,,00000,00,,64,1,57,20543,5720543,3,6,11,1,0,0,0,0,0,0,0,998,0,0,0,11,11,4,1,12,0,0,0,1,48,77331,6,1,6,0,3,3,999,999,0,0,0,0,0,0,0,0,0,0,0,0,0,0,1,2,45,2,3,8,1,0,0,14,62,1,1,1,81,0,0
48,481065,2,3,1,2,6,21,6,12,6,1,0,48,2,20,19,20019,2,1995,1G1LV1547SY2,1,G,1,L,V,1,5,4,7,S,Y,2,0,P,CHEV,BER,CP,95,17,2756,,0,1034,,G,,F,4,133,,,14R195,,,,,,0,0,000000000,00000000000,0,0,0,1,0,0,0,0,0,0,0,998,0,0,0,12,4,6,2,12,0,0,0,1,48,77575,6,1,0,0,3,0,999,999,0,0,0,0,0,0,0,0,0,0,48,58,0,0,1,2,98,8,8,8,1,20,3,10,10,1,1,2,80,1,1
48,481065,3,3,1,2,6,21,6,12,6,1,0,48,2,41,471,41471,30,1999,4F4YR12C8XTM,4,F,4,Y,R,1,2,C,8,X,T,M,0,T,MAZD,5RC,PK,99,17,,1,0,1116,B25,G,,,4,152,,,,,00000,00,U,42,0,0,000000000,00000000000,0,0,0,1,0,0,0,0,0,0,0,998,0,0,0,12,12,4,3,12,0,0,0,1,48,77331,6,1,0,0,3,3,999,999,0,0,0,0,0,0,0,0,0,0,0,0,0,0,1,2,45,2,3,8,1,0,0,14,98,1,1,1,98,0,0
48,481066,1,1,1,2,6,2,34,1,0,1,0,48,2,12,401,12401,14,1999,1FMDU32P9XUC,1,F,M,D,U,3,2,P,9,X,U,C,0,P,FORD,EPR,UT,99,17,3891,,0,1116,,G,,F,8,302,,,15R225,,,,,,0,0,000000000,00000000000,0,0,0,1,0,0,0,0,0,0,0,998,0,2,5,0,0,6,2,1,0,0,0,1,48,76051,0,0,0,0,0,0,999,999,0,0,0,0,0,0,0,0,0,1,24,0,0,0,4,2,50,2,2,8,1,0,0,14,13,7,3,4,2,1,0
48,481067,1,1,1,2,6,20,45,38,0,1,0,48,0,72,706,72706,80,2007,1HD1JD5337Y0,1,H,D,1,J,D,5,3,3,7,Y,0,0,M,HD,FLN,RS,7,17,,,,,,,1584,,2,,4,695,,,,,,,0,0,000000000,00000000000,0,0,0,1,0,0,0,0,0,0,0,998,0,0,0,12,12,9,2,38,0,0,0,1,48,76092,6,1,0,0,3,0,999,999,0,0,0,0,0,0,0,0,0,1,0,0,0,0,1,2,98,8,8,8,1,20,3,10,12,1,1,4,6,1,0
48,481068,1,2,1,2,6,13,0,12,1,1,0,48,2,72,706,72706,80,2005,1HD1FHW165Y6,1,H,D,1,F,H,W,1,6,5,Y,6,0,M,HD,HPI,RS,5,17,,,,,,,1450,,2,,4,710,,,,,,,0,0,000000000,00000000000,0,0,0,1,0,0,0,0,0,0,0,998,0,0,0,12,12,9,2,12,0,0,0,1,48,75117,0,0,0,0,0,0,999,999,0,0,0,0,0,0,0,0,0,1,0,0,0,0,2,2,40,1,1,8,1,0,0,6,50,1,1,1,20,1,0
48,481068,2,2,1,2,6,13,0,12,1,1,0,48,1,12,481,12481,31,1999,1FTNX20F2XEE,1,F,T,N,X,2,0,F,2,X,E,E,0,T,FORD,F2S,4C,99,17,,2,1580,1418,SRW,D,,,8,444,,,,C,5190,01,E,42,0,0,000000000,00000000000,0,0,0,1,0,0,0,0,0,0,0,0,0,0,0,6,6,4,1,12,0,0,0,1,48,75117,6,1,6,0,3,3,999,999,0,0,0,0,0,0,0,0,0,0,0,0,0,0,2,2,40,1,1,8,1,0,0,5,53,1,1,1,22,0,0
48,481069,1,2,1,3,6,5,30,12,6,1,0,48,3,20,481,20481,40,1997,1GBGC24R8VZ2,1,G,B,G,C,2,4,R,8,V,Z,2,0,T,CHEV,GC2,CB,97,17,,2,0,1315,GM4,G,,,8,350,,,,C,00000,00,,42,0,0,000000000,00000000000,0,0,0,1,0,0,0,0,0,0,0,998,0,1,5,12,12,4,3,12,0,0,0,1,48,78602,6,1,6,0,3,3,999,999,1,8,0,0,0,8,2008,1,2011,0,38,39,24,0,2,2,65,1,1,8,1,3,3,1,17,1,1,1,88,1,1
48,481069,2,2,1,3,6,5,30,12,6,1,0,48,0,12,402,12402,14,2005,1FMYU03165DA,1,F,M,Y,U,0,3,1,6,5,D,A,0,P,FORD,SPE,UT,5,17,3304,,0,1031,,G,,F,6,183,,,16R235,,,,,,0,0,000000000,00000000000,0,0,0,1,0,0,0,0,0,0,0,998,0,0,0,9,9,6,2,2,0,0,1,1,48,78602,1,1,0,0,2,0,999,999,0,7,0,2,0,8,2008,5,2011,0,0,0,0,0,1,2,98,8,8,8,1,3,3,1,66,1,1,1,89,0,0
48,481070,1,3,1,3,6,23,34,12,1,1,0,48,2,12,471,12471,30,1993,1FTCR14U7PPA,1,F,T,C,R,1,4,U,7,P,P,A,0,T,FORD,RNS,PC,93,17,,1,0,1250,RNG,G,,,6,182,,,,B,3208,01,A,42,0,0,000000000,00000000000,0,0,0,1,0,0,0,0,0,0,0,998,0,0,0,12,12,4,3,12,0,0,0,1,48,76010,0,0,0,0,0,0,999,999,0,4,1,0,0,7,2010,10,2010,1,91,0,0,0,3,3,60,1,1,8,1,0,0,1,50,1,1,1,20,0,1
48,481070,2,3,3,3,6,23,34,12,1,1,0,48,1,35,43,35043,4,2005,3N1CB51D05L4,3,N,1,C,B,5,1,D,0,5,L,4,0,P,NISS,S18,4D,5,17,2387,,0,998,,G,,F,4,108,,,15R195,,,,,,0,0,000000000,00000000000,0,0,0,1,0,0,0,0,0,0,0,0,0,0,0,6,6,6,9,12,0,0,0,1,48,76011,6,1,0,0,3,0,999,999,0,0,0,0,0,0,0,0,0,0,0,0,0,0,3,3,60,1,1,8,1,0,0,5,53,1,1,1,21,1,0
48,481070,3,3,4,3,6,23,34,12,1,1,0,48,2,23,421,23421,15,2003,1GKEC13V23R2,1,G,K,E,C,1,3,V,2,3,R,2,0,T,GMC,YUK,4W,3,17,,2,0,1160,YUK,G,,,8,293,,,,B,4875,00,4,42,0,0,000000000,00000000000,0,0,0,1,0,0,0,0,0,0,0,0,0,0,0,6,6,2,3,12,0,0,0,1,48,76063,6,1,0,0,3,0,999,999,0,0,0,0,0,0,0,0,0,0,0,0,0,0,3,3,60,1,1,8,1,0,0,5,53,1,1,1,98,0,0
48,481071,1,1,1,3,6,1,10,21,0,1,0,48,1,12,481,12481,31,2006,1FTRW12W36KB,1,F,T,R,W,1,2,W,3,6,K,B,0,T,FORD,F1S,CW,6,17,,2,0,1390,COF,G,,,8,281,,,,B,5176,01,E,42,0,0,000000000,00000000000,0,0,0,1,0,0,0,0,0,0,0,998,0,0,0,12,12,6,2,21,0,0,0,1,48,79904,6,1,6,0,3,0,999,999,0,0,0,0,0,0,0,0,0,1,0,0,0,0,6,1,60,2,6,8,1,40,3,16,6,1,3,4,2,1,1
48,481072,1,2,1,3,6,0,45,12,2,1,0,48,2,20,37,20037,4,2001,1G1ND52J7162,1,G,1,N,D,5,2,J,7,1,6,2,0,P,CHEV,MAL,4D,1,17,3051,,0,1070,,G,,F,6,191,,,15R215,,,,,,0,0,000000000,00000000000,0,0,0,1,0,0,0,0,0,0,0,998,0,0,0,12,12,6,2,2,0,0,1,1,48,77709,0,0,0,0,0,0,999,999,0,11,0,1,1,11,2008,3,2011,0,51,0,0,0,3,2,65,1,1,8,1,0,0,1,54,1,1,1,50,1,1
48,481072,2,2,1,3,6,0,45,12,2,1,0,48,1,55,402,55402,14,2006,KM8JN12D56U4,K,M,8,J,N,1,2,D,5,6,U,4,0,P,HYUN,TUC,UT,6,17,3548,,0,1035,,G,,F,6,162,,,16R235,,,,,,0,0,000000000,00000000000,0,0,0,1,0,0,0,0,0,0,0,998,0,0,0,12,12,6,2,12,0,0,0,1,48,77657,6,1,0,0,3,0,999,999,0,0,0,0,0,0,0,0,0,0,0,0,0,0,3,2,65,1,1,8,1,0,0,1,54,1,1,1,51,0,0
48,481073,1,3,1,3,6,17,7,12,7,1,0,48,2,76,706,76706,80,2003,JYARN10E03A0,J,Y,A,R,N,1,0,E,0,3,A,0,0,M,YAMA,YFR,RC,3,17,,,,,,,998,,4,,4,382,,,,,,,0,0,000000000,00000000000,0,0,0,1,0,0,0,0,0,0,0,998,0,0,0,2,12,9,3,12,0,0,0,1,48,75709,6,1,0,0,3,0,999,999,0,1,0,2,1,8,2008,12,2010,0,0,0,0,0,3,3,45,2,1,8,1,0,0,14,61,1,1,1,45,1,0
48,481073,2,3,1,3,6,17,7,12,7,1,0,48,2,63,401,63401,14,2007,KNDJF7244773,K,N,D,J,F,7,2,4,4,7,7,3,0,P,KIA,SPO,UT,7,17,3230,,0,1035,,G,,F,4,122,,,16R215,,,,,,0,0,000000000,00000000000,0,0,0,1,0,0,0,0,0,0,0,998,0,0,0,9,9,4,3,12,0,0,0,1,48,75703,6,1,0,0,3,0,999,999,0,0,0,0,0,0,0,0,0,0,27,38,0,0,3,3,45,2,1,8,1,0,0,15,10,1,1,2,47,0,0
48,481073,3,3,1,3,6,17,7,12,7,1,0,22,1,12,481,12481,31,2009,1FTPW14V99FB,1,F,T,P,W,1,4,V,9,9,F,B,0,T,FORD,F1S,CW,9,17,,2,1570,1450,COF,F,,,8,329,,,,B,5546,01,L,44,0,0,000000000,00000000000,0,0,0,1,0,0,0,0,0,0,0,0,0,0,0,11,11,4,3,12,0,0,0,1,22,71055,6,1,0,0,3,3,69,185,0,0,0,2,0,12,2008,3,2010,0,0,0,0,0,3,3,45,3,1,8,1,0,0,5,64,1,1,1,98,0,0
48,481074,1,2,1,4,6,21,7,8,0,1,0,48,3,12,16,12016,4,2008,2FAFP71V68X1,2,F,A,F,P,7,1,V,6,8,X,1,0,P,FORD,CVP,4D,8,17,0,,0,1146,,F,,F,8,281,,,17R235,,,,,,0,0,000000000,00000000000,0,0,0,1,0,0,0,0,0,5,0,998,0,0,0,12,12,0,3,8,0,0,0,1,48,78238,6,1,0,0,3,3,999,999,1,0,0,0,0,3,2009,3,2009,0,16,0,0,0,5,4,40,1,1,8,1,0,0,1,80,1,1,1,13,0,0
48,481074,2,2,2,4,6,21,7,8,0,1,0,48,1,6,51,6051,4,2007,2C3LA43R77H7,2,C,3,L,A,4,3,R,7,7,H,7,0,P,CHRY,C30,4D,7,17,3632,,0,1200,,G,,F,6,165,,,17R215,,,,,,0,0,000000000,00000000000,0,0,0,1,0,0,0,0,0,0,0,998,0,0,0,12,12,0,8,8,0,0,0,1,48,78237,6,1,0,0,3,3,999,999,0,0,0,0,0,0,0,0,0,0,0,0,0,0,5,4,40,1,1,8,1,0,0,1,80,1,1,1,98,0,0
48,481076,1,1,5,4,6,21,18,9,0,1,0,48,1,37,421,37421,15,2004,2HKYF18534H6,2,H,K,Y,F,1,8,5,3,4,H,6,0,P,HOND,PIL,UT,4,17,4400,,0,1063,,G,,F,6,212,,,16R235,,,,,,0,0,000000000,00000000000,0,0,0,1,0,0,0,0,0,0,0,998,0,0,0,12,12,4,3,9,0,0,0,1,48,77514,6,1,0,0,3,3,999,999,0,0,0,0,0,0,0,0,0,0,0,0,0,0,1,2,60,1,1,8,1,0,0,1,83,1,1,1,13,0,0
48,481077,1,1,1,4,6,3,35,1,0,1,0,48,2,35,472,35472,30,2001,1N6ED27T91C3,1,N,6,E,D,2,7,T,9,1,C,3,0,T,NISS,XSC,CW,1,17,,1,0,1161,FRT,G,,,6,201,,,,B,3695,01,U,42,0,0,000000000,00000000000,0,0,0,1,0,0,0,0,0,0,0,998,0,2,3,0,3,6,2,1,0,0,0,1,48,75050,6,1,0,0,3,0,69,131,0,0,0,0,0,0,0,0,0,0,0,0,0,0,3,4,55,1,1,8,1,0,0,1,13,1,1,4,1,1,1
48,481078,1,1,1,4,6,22,22,8,0,1,0,48,1,85,881,85881,66,1998,1XKTDR9X9WJ7,1,X,K,T,D,R,9,X,9,W,J,7,0,T,KW,T20,TR,98,17,,8,2600,1900,CON,D,,,6,774,,,,,00000,00,,64,0,57,1162977,571162977,3,5,96,1,0,0,0,0,0,0,0,998,0,0,0,12,12,0,3,8,0,0,0,1,48,75241,6,1,6,0,3,0,999,999,0,0,0,0,0,0,0,0,0,0,0,0,0,0,1,2,30,1,1,8,1,3,3,4,80,1,1,1,13,0,0
48,481079,1,3,1,4,6,17,8,12,1,1,0,48,2,20,481,20481,31,2004,1GCEC14X64Z2,1,G,C,E,C,1,4,X,6,4,Z,2,0,T,CHEV,SC1,PK,4,17,,2,1330,1190,SIL,G,,,6,262,,,,B,4142,00,,42,0,0,000000000,00000000000,0,0,0,1,0,0,0,0,0,0,0,998,0,1,1,12,12,6,2,1,0,0,0,1,48,76270,6,1,0,0,3,0,999,999,0,0,0,0,0,0,0,0,0,1,0,0,0,0,1,2,65,1,1,8,1,0,0,1,51,1,1,1,24,1,0
48,481079,2,3,1,4,6,17,8,12,1,1,0,48,2,12,401,12401,14,2007,1FMEU33837UA,1,F,M,E,U,3,3,8,3,7,U,A,0,P,FORD,EPR,UT,7,17,4516,,0,1305,,G,,F,8,281,,,18R235,,,,,,0,0,000000000,00000000000,0,0,0,1,0,0,0,0,0,0,0,998,0,0,0,6,6,2,1,12,0,0,0,1,48,76249,6,1,0,0,3,0,999,999,0,0,0,1,0,9,2008,9,2008,0,0,0,0,0,1,2,65,1,1,8,1,0,0,1,53,1,1,1,25,0,0
48,481079,3,3,2,4,6,17,8,12,1,1,0,48,2,7,482,7482,31,2005,1D7HU18D45J6,1,D,7,H,U,1,8,D,4,5,J,6,0,T,DODG,SQ1,CW,5,17,,2,1605,1405,RPC,G,,,8,348,,,,B,4979,03,E,44,0,0,000000000,00000000000,0,0,0,1,0,0,0,0,0,0,0,998,0,0,0,12,12,6,2,2,0,0,1,1,48,75217,6,1,0,0,3,0,999,999,0,0,0,0,0,0,0,0,0,0,0,0,0,0,1,2,65,1,1,8,1,0,0,1,62,1,1,1,98,0,0
48,481080,1,2,1,4,6,21,9,42,0,1,0,35,3,12,481,12481,31,2003,1FTNW21P83EB,1,F,T,N,W,2,1,P,8,3,E,B,0,T,FORD,F2S,CW,3,17,,2,1724,1562,SRW,D,,,8,366,,,,C,5870,04,E,44,0,0,000000000,00000000000,0,0,0,1,0,0,0,0,0,0,0,998,0,0,0,12,12,4,3,39,0,0,0,1,48,79932,6,1,0,0,3,0,999,999,0,0,0,1,0,2,2011,2,2011,1,0,0,0,0,1,2,35,1,1,8,1,0,0,6,9,1,9,4,7,1,0