STATE,ST_CASE,VEH_NO,VE_FORMS,NUMOCCS,DAY,MONTH,HOUR,MINUTE,HARM_EV,MAN_COLL,UNITTYPE,HIT_RUN,REG_STAT,OWNER,MAKE,MODEL,MAK_MOD,BODY_TYP,MOD_YEAR,VIN,VIN_1,VIN_2,VIN_3,VIN_4,VIN_5,VIN_6,VIN_7,VIN_8,VIN_9,VIN_10,VIN_11,VIN_12,TOW_VEH,VINTYPE,VINMAKE,VINA_MOD,VIN_BT,VINMODYR,VIN_LNGT,VIN_WGT,WGTCD_TR,WHLBS_LG,WHLBS_SH,SER_TR,FUELCODE,MCYCL_DS,CARBUR,CYLINDER,DISPLACE,MCYCL_CY,MCYCL_WT,TIRE_SZE,TON_RAT,TRK_WT,TRKWTVAR,VIN_REST,WHLDRWHL,J_KNIFE,MCARR_I1,MCARR_I2,MCARR_ID,GVWR,V_CONFIG,CARGO_BT,HAZ_INV,HAZ_PLAC,HAZ_ID,HAZ_CNO,HAZ_REL,BUS_USE,SPEC_USE,EMER_USE,TRAV_SP,UNDERIDE,ROLLOVER,ROLINLOC,IMPACT1,IMPACT2,DEFORMED,TOWED,M_HARM,VEH_SC1,VEH_SC2,FIRE_EXP,DR_PRES,L_STATE,DR_ZIP,L_STATUS,L_TYPE,CDL_STAT,L_ENDORS,L_COMPL,L_RESTRI,DR_HGT,DR_WGT,PREV_ACC,PREV_SUS,PREV_DWI,PREV_SPD,PREV_OTH,FIRST_MO,FIRST_YR,LAST_MO,LAST_YR,SPEEDREL,DR_SF1,DR_SF2,DR_SF3,DR_SF4,VTRAFWAY,VNUM_LAN,VSPD_LIM,VALIGN,VPROFILE,VPAVETYP,VSURCOND,VTRAFCON,VTCONT_F,P_CRASH1,P_CRASH2,P_CRASH3,PCRASH4,PCRASH5,ACC_TYPE,DEATHS,DR_DRINK
48,481142,1,3,1,13,6,12,35,24,0,1,0,48,2,12,37,12037,4,2005,1FAFP34NX5W2,1,F,A,F,P,3,4,N,X,5,W,2,0,P,FORD,ZX4,4D,5,17,2677,,0,1030,,G,,F,4,122,,,15R195,,,,,,0,0,000000000,00000000000,0,0,0,1,0,0,0,0,0,0,0,998,0,0,0,99,81,6,2,12,0,0,0,1,48,77954,0,0,0,0,0,0,999,999,0,0,0,0,0,0,0,0,0,0,0,0,0,0,2,2,65,1,1,8,1,0,0,1,13,6,1,4,1,1,0
48,481142,2,3,1,13,6,12,35,24,0,1,0,22,2,21,20,21020,4,1998,1G3NB52M1W63,1,G,3,N,B,5,2,M,1,W,6,3,0,P,OLDS,CUT,4D,98,17,3102,,0,1070,,G,,F,6,191,,,15R215,,,,,,0,0,000000000,00000000000,0,0,0,1,0,0,0,0,0,0,0,998,0,0,0,12,12,6,2,12,0,0,0,1,48,77532,6,1,0,0,3,3,999,999,1,0,0,0,1,2,2010,3,2010,0,0,0,0,0,2,2,65,1,1,8,1,0,0,1,64,3,2,1,98,0,0
48,481142,3,3,1,13,6,12,35,24,0,1,0,48,1,20,481,20481,31,1989,2GCEC19K7K11,2,G,C,E,C,1,9,K,7,K,1,1,0,T,CHEV,GC1,PC,89,17,,2,1555,1415,GM4,G,,,8,350,,,,B,4542,05,,42,0,0,000000000,00000000000,0,0,0,1,0,0,0,0,0,0,0,998,0,0,0,12,12,2,1,12,0,0,0,1,48,77532,6,1,0,0,3,0,999,999,0,0,0,0,0,0,0,0,0,0,0,0,0,0,2,2,65,1,1,8,1,0,0,1,60,3,2,1,98,0,0
48,481143,1,1,1,13,6,17,19,21,0,1,0,48,1,20,481,20481,31,2009,1GCEC29J39Z1,1,G,C,E,C,2,9,J,3,9,Z,1,0,T,CHEV,2SC,4C,9,17,,2,1575,1339,SIL,G,,,8,323,,,,B,4986,02,,42,0,0,000000000,00000000000,0,0,0,1,0,0,0,0,0,0,0,998,0,0,0,12,12,6,2,21,0,0,0,1,48,77520,6,1,0,0,3,0,999,999,0,0,0,0,0,0,0,0,0,0,0,0,0,0,2,3,40,1,1,8,1,0,0,1,12,1,1,4,6,1,0
48,481144,1,1,1,13,6,15,7,42,0,1,0,48,1,19,18,19018,4,2011,1G6DE5EY2B01,1,G,6,D,E,5,E,Y,2,B,0,1,0,P,CADI,CLC,4D,11,17,3861,,0,1134,,G,,F,6,183,,,17R235,,,,,,0,0,000000000,00000000000,0,0,0,1,0,0,0,0,0,0,0,998,0,0,0,12,12,6,2,42,0,0,0,1,48,79424,6,1,0,0,3,3,999,999,0,0,0,1,0,3,2010,3,2010,0,0,0,0,0,2,2,70,1,1,8,1,0,0,1,12,1,1,4,6,1,0
48,481145,1,1,2,13,6,21,56,8,0,1,0,48,1,35,47,35047,4,2005,1N4AL11D15C9,1,N,4,A,L,1,1,D,1,5,C,9,0,P,NISS,ASL,4D,5,17,2915,,0,1102,,G,,F,4,153,,,16R215,,,,,,0,0,000000000,00000000000,0,0,0,1,0,0,0,0,0,0,0,998,0,0,0,12,12,2,1,8,0,0,0,1,48,75705,1,1,0,0,2,0,999,999,0,4,0,0,0,10,2008,10,2010,0,0,0,0,0,1,2,65,1,1,8,1,0,0,17,50,7,1,4,13,0,0
48,481146,1,1,2,13,6,8,55,8,0,1,0,6,0,7,402,7402,14,1998,1B4HS28YXWF1,1,B,4,H,S,2,8,Y,X,W,F,1,0,P,DODG,DUR,UT,98,17,4349,,0,1159,,G,,F,8,318,,,15R235,,,,,,0,0,000000000,00000000000,0,0,0,1,0,0,0,0,0,0,0,998,0,0,0,2,2,2,3,8,0,0,0,1,48,78726,1,1,0,0,2,0,999,999,0,2,0,0,0,12,2008,12,2009,0,92,0,0,0,5,4,60,1,1,8,1,3,3,1,80,1,1,1,13,0,0
48,481147,1,1,1,14,6,6,8,25,0,1,1,48,9,21,21,21021,4,2004,1G3NL52F34C1,1,G,3,N,L,5,2,F,3,4,C,1,0,P,OLDS,A/G,4D,4,17,2950,,0,1070,,G,,F,4,134,,,15R215,,,,,,0,0,000000000,00000000000,0,0,0,1,0,0,0,0,0,0,0,998,0,0,0,61,12,4,3,14,0,0,0,1,99,99999,9,9,99,9,9,9,999,999,99,99,99,99,99,99,9999,99,9999,1,0,0,0,0,3,5,60,1,1,8,1,0,0,1,51,6,1,4,6,0,0
48,481148,1,4,1,14,6,17,45,12,6,1,0,48,3,7,482,7482,31,2003,3D7KA26C43G7,3,D,7,K,A,2,6,C,4,3,G,7,0,T,DODG,S25,PK,3,17,,2,0,1405,RPC,D,,,6,359,,,,C,5147,05,E,42,0,0,000000000,00000000000,0,0,0,1,0,0,0,0,0,0,0,998,0,0,0,61,61,4,3,12,0,0,0,1,48,75969,6,1,0,0,3,3,999,999,2,0,0,0,0,2,2009,8,2009,0,0,0,0,0,2,4,55,1,2,8,1,0,0,1,12,1,3,6,98,0,0
48,481148,2,4,1,14,6,17,45,12,6,1,0,48,1,20,20,20020,4,1997,2G1WL52M6V91,2,G,1,W,L,5,2,M,6,V,9,1,0,P,CHEV,L/S,4D,97,17,3360,,0,1075,,G,,F,6,191,,,15R205,,,,,,0,0,000000000,00000000000,0,0,0,1,0,0,0,0,0,0,0,998,0,0,0,11,11,4,3,12,0,0,0,1,48,75964,6,1,0,0,3,0,999,999,0,0,0,0,0,0,0,0,0,0,0,0,0,0,2,4,55,1,2,8,1,0,0,1,64,1,1,1,98,1,0
48,481148,3,4,1,14,6,17,45,12,6,1,0,93,3,82,881,82881,66,1999,1FUYDSEB4XDA,1,F,U,Y,D,S,E,B,4,X,D,A,1,T,FRHT,FLD,TR,99,17,,8,0,0,CON,D,,,6,774,,,,,00000,00,,64,1,57,1991045,571991045,3,6,10,1,0,0,0,0,0,0,0,998,0,0,0,11,11,4,3,12,0,0,0,1,48,75961,6,1,6,0,3,0,999,999,2,0,0,0,2,3,2010,10,2010,0,0,0,0,0,2,4,55,1,2,8,1,0,0,1,61,1,1,1,98,0,0
48,481148,4,4,1,14,6,17,45,12,6,1,0,21,3,87,881,87881,66,2009,1XPHD49X09D7,1,X,P,H,D,4,9,X,0,9,D,7,1,T,PTRB,386,TR,9,17,,8,0,0,CON,D,,,6,915,,,,,00000,00,,64,1,57,312282,57312282,3,6,1,1,0,0,0,0,0,0,0,998,0,0,0,11,11,2,1,12,0,0,0,1,21,40165,6,1,6,0,3,3,70,145,0,0,0,0,0,0,0,0,0,0,0,0,0,0,2,4,55,1,2,8,1,0,0,1,64,1,1,1,98,0,0
48,481149,1,1,1,14,6,21,50,8,0,1,0,48,1,2,404,2404,14,2001,1J4FT48S31L6,1,J,4,F,T,4,8,S,3,1,L,6,0,T,JEEP,SPT,4W,1,17,,1,0,1014,CHK,G,,,6,244,,,,,3084,00,E,42,0,0,000000000,00000000000,0,0,0,1,0,0,0,0,0,0,0,998,0,0,0,12,12,9,9,8,0,0,0,1,48,79106,6,1,6,0,3,3,999,999,0,0,0,0,0,0,0,0,0,0,0,0,0,0,1,2,30,1,1,8,1,0,0,1,80,1,1,1,13,0,0
48,481150,1,1,1,14,6,16,38,14,0,1,0,48,1,20,421,20421,15,2001,1GNEC13T41J2,1,G,N,E,C,1,3,T,4,1,J,2,0,P,CHEV,CTA,UT,1,17,4828,,0,1160,,G,,F,8,325,,,16R245,,,,,,0,0,000000000,00000000000,0,0,0,1,0,0,0,0,0,0,0,998,0,0,0,7,7,2,4,5,0,0,0,1,98,76039,9,9,99,9,9,9,999,999,99,99,99,99,99,99,9999,99,9999,0,0,0,0,0,1,2,30,1,2,8,1,0,0,98,82,1,1,5,92,1,0
48,481151,1,2,1,16,6,18,48,12,6,1,0,48,1,51,47,51047,4,2004,YV1RS61T5423,Y,V,1,R,S,6,1,T,5,4,2,3,0,P,VOLV,S60,4D,4,17,3286,,0,1070,,G,,F,5,149,,,16R215,,,,,,0,0,000000000,00000000000,0,0,0,1,0,0,0,0,0,0,0,998,0,0,0,62,62,4,3,12,0,0,0,1,48,75211,6,1,0,0,3,3,999,999,0,0,0,0,0,0,0,0,0,0,38,0,0,0,1,2,99,1,1,8,1,20,3,11,15,1,1,1,82,0,0
48,481151,2,2,1,16,6,18,48,12,6,1,0,48,2,76,706,76706,80,2005,JYARN13E45A0,J,Y,A,R,N,1,3,E,4,5,A,0,0,M,YAMA,YFR,RC,5,17,,,,,,,998,,4,,4,379,,,,,,,0,0,000000000,00000000000,0,0,0,1,0,0,0,0,0,0,0,48,0,0,0,12,12,9,2,12,0,0,0,1,48,75224,0,0,0,0,0,0,68,197,0,0,0,0,0,0,0,0,0,1,0,0,0,0,2,3,35,1,3,8,1,0,0,1,67,1,1,1,83,1,0
48,481152,1,1,1,16,6,1,40,34,0,1,0,48,2,20,431,20431,16,1997,1GNEC16R9VJ3,1,G,N,E,C,1,6,R,9,V,J,3,0,P,CHEV,C15,UT,97,17,4802,,0,1315,,G,,F,8,350,,,15R235,,,,,,0,0,000000000,00000000000,0,0,0,1,0,0,0,0,0,0,0,998,0,1,5,12,12,4,3,34,0,0,0,1,48,77088,4,1,0,0,2,0,999,999,0,0,0,0,0,0,0,0,0,1,39,0,0,0,1,2,30,1,1,1,1,20,3,1,12,1,1,4,6,1,0
48,481153,1,2,1,16,6,18,24,12,11,1,0,48,3,53,705,53705,80,1993,JS1GR78A8P21,J,S,1,G,R,7,8,A,8,P,2,1,0,M,SUZI,GX7,RC,93,17,,,,,,,748,,4,,4,461,,,,,,,0,0,000000000,00000000000,0,0,0,1,0,0,0,0,0,0,0,998,0,0,0,81,99,9,2,12,0,0,0,1,48,77028,6,1,0,0,2,0,999,999,0,0,0,0,0,0,0,0,0,1,0,0,0,0,1,4,35,4,1,8,1,0,0,14,67,8,4,2,83,1,0
48,481153,2,2,1,16,6,18,24,12,11,1,0,48,2,63,32,63032,4,2008,KNADE1234863,K,N,A,D,E,1,2,3,4,8,6,3,0,P,KIA,RBL,4D,8,17,2365,,0,984,,G,,F,4,098,,,14R175,,,,,,0,0,000000000,00000000000,0,0,0,1,0,0,0,0,0,0,0,998,0,0,0,9,9,2,3,12,0,0,0,1,48,77379,6,1,0,0,3,3,999,999,0,0,0,0,0,0,0,0,0,0,38,0,0,0,1,2,99,1,1,8,1,20,3,11,15,1,1,1,82,0,0
48,481154,1,2,2,16,6,1,23,12,6,1,0,27,3,82,881,82881,66,2005,1FUJA6CK15LN,1,F,U,J,A,6,C,K,1,5,L,N,1,T,FRHT,COL,TR,5,17,,8,0,0,CON,D,,,6,858,,,,,00000,00,,64,3,57,1437230,571437230,3,6,3,1,0,0,0,0,0,0,0,998,0,0,0,12,12,4,3,12,0,0,0,1,48,79763,6,1,6,0,3,0,999,999,0,0,0,0,0,0,0,0,0,0,0,0,0,0,1,2,65,1,1,8,1,0,0,1,62,1,1,1,69,0,0
48,481154,2,2,1,16,6,1,23,12,6,1,0,48,1,49,482,49482,31,2001,5TBRT34131S1,5,T,B,R,T,3,4,1,3,1,S,1,0,T,TOYT,TRS,4C,1,17,,2,0,1283,TUN,G,,,8,285,,,,C,4276,00,U,42,0,0,000000000,00000000000,0,0,0,1,0,0,0,0,0,0,0,998,0,0,0,82,82,6,2,12,0,0,0,1,48,79714,6,1,0,0,3,0,999,999,0,0,0,0,1,12,2009,12,2009,0,38,0,0,0,1,2,65,1,1,8,1,0,0,11,15,1,1,1,68,1,1
48,481155,1,1,1,17,6,17,44,1,0,1,0,48,2,12,471,12471,30,2000,1FTYR10C8YPA,1,F,T,Y,R,1,0,C,8,Y,P,A,0,T,FORD,RNG,PK,0,17,,1,1175,1116,RNG,G,,,4,153,,,,B,3068,02,U,42,0,0,000000000,00000000000,0,0,0,1,0,0,0,0,0,0,0,998,0,1,5,0,0,4,3,1,0,0,0,1,48,79714,6,1,6,0,3,3,999,999,0,0,0,0,0,0,0,0,0,0,0,0,0,0,1,2,75,1,1,8,1,0,0,1,1,1,3,4,2,1,0
48,481156,1,1,2,17,6,11,29,9,0,1,0,48,1,20,404,20404,14,2011,2CNALDECXB62,2,C,N,A,L,D,E,C,X,B,6,2,0,P,CHEV,EQU,UT,11,17,3779,,0,1125,,G,,F,4,146,,,17R225,,,,,,0,0,000000000,00000000000,0,0,0,1,0,0,0,0,0,0,0,998,0,0,0,12,12,4,3,9,32,0,0,1,48,76502,6,1,0,0,3,3,999,999,0,0,0,0,0,0,0,0,0,0,51,0,0,0,1,2,50,2,1,8,1,0,0,14,10,1,1,2,13,0,0
48,481157,1,1,1,17,6,18,50,33,0,1,0,48,1,73,705,73705,80,2008,JKAZX4J138A0,J,K,A,Z,X,4,J,1,3,8,A,0,0,M,KAWK,ZXJ,RC,8,17,,,,,,,599,,4,,4,377,,,,,,,0,0,000000000,00000000000,0,0,0,1,0,0,0,0,0,0,0,998,0,0,0,99,99,4,3,33,0,0,0,1,48,78230,6,1,0,0,3,3,999,999,0,0,0,0,0,0,0,0,0,0,0,0,0,0,2,2,30,2,2,8,1,0,0,14,12,1,1,4,6,1,0
48,481158,1,2,2,17,6,21,4,12,6,1,0,48,1,72,706,72706,80,2011,1HD1KB415BB6,1,H,D,1,K,B,4,1,5,B,B,6,0,M,HD,FHX,RS,11,17,,,,,,,1584,,2,,4,785,,,,,,,0,0,000000000,00000000000,0,0,0,1,0,0,0,0,0,0,0,998,0,0,0,12,12,9,2,12,0,0,0,1,48,77573,6,1,0,0,3,3,999,999,0,0,0,0,0,0,0,0,0,0,0,0,0,0,5,4,60,1,1,8,1,3,3,1,62,1,1,1,69,1,0
48,481158,2,2,1,17,6,21,4,12,6,1,1,48,2,20,431,20431,16,1997,3GNEC16R7VG1,3,G,N,E,C,1,6,R,7,V,G,1,0,P,CHEV,C15,UT,97,17,4802,,0,1315,,G,,F,8,350,,,15R235,,,,,,0,0,000000000,00000000000,0,0,0,1,0,0,0,0,0,0,0,998,0,0,0,3,3,4,3,12,0,0,0,1,48,77836,1,1,0,0,2,0,999,999,0,6,0,0,0,10,2009,12,2010,0,91,0,0,0,5,4,60,1,1,8,1,3,3,11,15,1,1,1,68,0,1
48,481159,1,1,2,17,6,5,30,52,0,1,0,40,3,82,881,82881,66,2010,1FUJGLDR3ASA,1,F,U,J,G,L,D,R,3,A,S,A,1,T,FRHT,125,TR,10,17,,8,0,0,CSC,D,,,6,903,,,,,00000,00,,64,3,57,179752,57179752,3,6,1,1,0,0,0,0,0,0,0,998,0,1,3,14,61,6,2,21,0,0,0,1,39,44484,6,1,6,0,3,0,68,210,0,0,0,0,0,0,0,0,0,0,0,0,0,0,2,3,65,1,1,8,1,98,3,1,12,1,1,4,6,1,0
48,481160,1,1,1,17,6,21,40,33,0,1,0,48,2,2,405,2405,14,2004,1J4GL48K84W2,1,J,4,G,L,4,8,K,8,4,W,2,0,T,JEEP,SPR,4W,4,17,,1,0,1043,LIB,G,,,6,226,,,,,3656,01,E,44,0,0,000000000,00000000000,0,0,0,1,0,0,0,0,0,0,0,998,0,0,0,62,61,6,2,42,0,0,0,1,48,78220,1,1,0,0,2,0,63,118,0,12,0,0,2,8,2008,4,2011,1,0,0,0,0,2,3,35,3,1,8,1,0,0,14,12,1,1,4,6,1,1
48,481161,1,1,1,17,6,11,15,8,0,1,0,48,1,35,401,35401,14,2008,5N1AR18U28C6,5,N,1,A,R,1,8,U,2,8,C,6,0,P,NISS,PFI,UT,8,17,4427,,0,1122,,G,,F,6,244,,,16R245,,,,,,0,0,000000000,00000000000,0,0,0,1,0,0,0,0,0,0,0,998,0,0,0,12,12,4,3,8,0,0,0,1,48,77009,6,1,0,0,3,0,999,999,0,0,0,0,0,0,0,0,0,0,58,0,0,0,3,3,65,3,1,8,1,0,0,15,60,7,1,4,3,0,0
48,481162,1,1,1,17,6,1,48,1,0,1,0,48,2,37,402,37402,14,2001,JHLRD18661C0,J,H,L,R,D,1,8,6,6,1,C,0,0,P,HOND,CRV,UT,1,17,3245,,0,1032,,G,,F,4,120,,,15R205,,,,,,0,0,000000000,00000000000,0,0,0,1,0,0,0,0,0,0,0,998,0,2,5,0,9,6,2,1,0,0,0,1,48,77901,6,1,0,0,3,0,999,999,1,0,0,0,0,8,2009,8,2009,0,58,0,0,0,2,4,65,1,1,8,1,0,0,1,12,7,3,4,2,1,1
48,481163,1,1,1,18,6,19,40,8,0,1,1,48,2,12,481,12481,31,1997,1FTHX25HXVEC,1,F,T,H,X,2,5,H,X,V,E,C,0,T,FORD,F25,PC,97,17,,2,1550,1390,COF,G,,,8,351,,,,C,4775,00,A,42,0,0,000000000,00000000000,0,0,0,1,0,0,0,0,0,0,0,998,0,0,0,12,12,4,3,8,0,0,0,1,48,75080,6,1,0,0,3,3,999,999,0,0,0,0,0,0,0,0,0,1,0,0,0,0,2,3,40,3,1,8,1,0,0,14,6,1,1,4,1,0,1
48,481164,1,2,1,19,6,5,5,12,6,1,0,18,3,84,881,84881,66,2011,3HSCUAPR3BN2,3,H,S,C,U,A,P,R,3,B,N,2,1,T,INTL,PPR,TR,11,17,,8,0,0,PRO,D,,,6,915,,,,,00000,00,,64,1,57,54283,5754283,3,6,1,1,0,0,0,0,0,0,0,998,0,0,0,9,9,4,1,12,0,0,0,1,48,79907,6,1,6,0,3,3,999,999,0,0,0,1,0,8,2009,8,2009,0,0,0,0,0,2,2,99,8,8,8,1,3,3,11,66,1,1,1,82,0,0
48,481164,2,2,1,19,6,5,5,12,6,1,0,1,2,12,422,12422,15,2000,1FMRU17L0YLB,1,F,M,R,U,1,7,L,0,Y,L,B,0,P,FORD,EPT,UT,0,17,4833,,0,1191,,G,,F,8,330,,,16R255,,,,,,0,0,000000000,00000000000,0,0,0,1,0,0,0,0,0,0,0,998,0,0,0,12,12,6,2,12,0,0,0,1,48,75146,6,1,0,0,3,3,75,185,0,0,0,0,0,0,0,0,0,0,39,0,0,0,2,6,50,1,2,8,1,3,3,1,17,1,1,1,83,1,1
48,481165,1,1,2,19,6,18,35,24,0,1,0,48,2,12,401,12401,14,2000,1FMZU85P1YUB,1,F,M,Z,U,8,5,P,1,Y,U,B,0,P,FORD,EPR,UT,0,17,4321,,0,1116,,G,,F,8,302,,,16R255,,,,,,0,0,000000000,00000000000,0,0,0,1,0,0,0,0,0,0,0,998,0,1,1,9,3,4,3,1,0,0,0,1,48,75241,0,0,0,0,0,0,999,999,0,3,0,0,2,12,2008,12,2010,0,8,85,0,0,6,1,60,1,2,8,1,0,0,16,53,6,1,4,8,1,0
48,481166,1,2,1,19,6,1,20,12,6,1,0,29,0,87,881,87881,66,2000,1XPCDU9X5YD5,1,X,P,C,D,U,9,X,5,Y,D,5,1,T,PTRB,377,TR,0,17,,8,0,0,CON,D,,,6,733,,,,,00000,00,,64,1,57,1490474,571490474,3,6,2,1,0,0,0,0,0,0,0,998,0,0,0,12,12,4,3,12,0,0,0,1,35,88101,6,1,0,0,2,0,63,185,98,0,0,0,0,0,0,0,0,0,0,0,0,0,1,2,65,1,1,8,1,0,0,1,67,1,1,1,83,0,0
48,481166,2,2,4,19,6,1,20,12,6,1,0,48,1,13,1,13001,4,1998,1LNFM81W7WY6,1,L,N,F,M,8,1,W,7,W,Y,6,0,P,LINC,EXC,4D,98,17,3860,,0,1177,,G,,F,8,281,,,16R225,,,,,,0,0,000000000,00000000000,0,0,0,1,0,0,0,0,0,0,0,998,0,0,0,9,9,6,2,12,0,0,0,1,48,79045,6,1,0,0,3,0,999,999,1,1,0,0,1,5,2010,7,2010,0,39,0,0,0,1,2,99,8,8,8,1,20,3,11,15,1,1,1,82,3,0
48,481167,1,1,1,19,6,6,38,1,0,1,0,48,2,12,471,12471,30,2002,1FTYR44E62PA,1,F,T,Y,R,4,4,E,6,2,P,A,0,T,FORD,RNS,4C,2,17,,1,0,1257,RNG,G,,,6,245,,,,B,3394,04,E,42,0,0,000000000,00000000000,0,0,0,1,0,0,0,0,0,0,0,998,0,1,5,0,3,4,3,1,0,0,0,1,48,79360,6,1,6,0,3,0,999,999,0,0,0,0,0,0,0,0,0,0,58,0,0,0,1,2,55,1,1,8,1,0,0,1,13,6,4,4,7,1,1
48,481168,1,1,2,19,6,12,31,33,0,1,0,48,3,20,16,20016,2,2004,1G1JH12F7471,1,G,1,J,H,1,2,F,7,4,7,1,0,P,CHEV,CLP,CP,4,17,2749,,0,1041,,G,,F,4,134,,,16R205,,,,,,0,0,000000000,00000000000,0,0,0,1,0,0,0,0,0,0,0,80,0,1,3,99,13,4,3,1,0,0,0,1,48,76706,0,0,0,0,0,0,999,999,0,0,0,0,0,0,0,0,0,1,0,0,0,0,2,4,40,2,1,8,1,0,0,14,6,1,4,4,7,1,0
48,481169,1,3,1,20,6,15,43,12,1,1,0,48,1,12,17,12017,4,2001,1FAFP55201A2,1,F,A,F,P,5,5,2,0,1,A,2,0,P,FORD,TSS,4D,1,17,3343,,0,1085,,F,,F,6,182,,,16R215,,,,,,0,0,000000000,00000000000,0,0,0,1,0,0,0,0,0,0,0,998,0,0,0,6,6,6,2,12,0,0,0,1,48,75803,6,1,0,0,3,0,999,999,0,0,0,0,0,0,0,0,0,0,0,0,0,0,1,2,70,1,1,8,1,0,0,2,53,1,1,1,30,1,0
48,481169,2,3,2,20,6,15,43,12,1,1,0,48,1,2,404,2404,14,2002,1J4GX38SX2C1,1,J,4,G,X,3,8,S,X,2,C,1,0,T,JEEP,GSP,4W,2,17,,1,0,1059,GCK,G,,,6,244,,,,,3689,00,E,42,0,0,000000000,00000000000,0,0,0,1,0,0,0,0,0,0,0,998,0,0,0,12,12,4,3,12,0,0,0,1,48,75803,6,1,0,0,3,0,999,999,0,0,0,0,0,0,0,0,0,1,0,0,0,0,1,2,70,1,1,8,1,0,0,1,52,1,1,1,28,0,0
48,481169,3,3,1,20,6,15,43,12,1,1,0,48,1,20,431,20431,16,2003,3GNEC16Z93G2,3,G,N,E,C,1,6,Z,9,3,G,2,0,P,CHEV,C15,UT,3,17,4914,,0,1300,,F,,F,8,325,,,16R265,,,,,,0,0,000000000,00000000000,0,0,0,1,0,0,0,0,0,0,0,998,0,0,0,12,12,4,3,12,0,0,0,1,48,75801,6,1,0,0,3,0,999,999,0,0,0,0,0,0,0,0,0,0,0,0,0,0,1,2,70,1,1,8,1,0,0,1,62,1,1,1,98,0,0
48,481170,1,1,1,20,6,20,3,24,0,1,0,48,2,73,706,73706,80,2007,JKAZXCD167A0,J,K,A,Z,X,C,D,1,6,7,A,0,0,M,KAWK,Z1D,RC,7,17,,,,,,,998,,4,,4,386,,,,,,,0,0,000000000,00000000000,0,0,0,1,0,0,0,0,0,0,0,998,0,0,0,1,1,9,3,24,0,0,0,1,48,78223,0,0,0,0,0,0,999,999,0,0,0,0,0,0,0,0,0,1,0,0,0,0,6,1,35,3,2,8,1,0,0,14,9,1,2,4,2,1,0
48,481171,1,1,1,20,6,12,2,1,0,1,0,48,1,52,401,52401,14,2000,JA4MR51R7YJ0,J,A,4,M,R,5,1,R,7,Y,J,0,0,P,MITS,MON,UT,0,17,4520,,0,1073,,G,,F,6,213,,,15R265,,,,,,0,0,000000000,00000000000,0,0,0,1,0,0,0,0,0,0,0,998,0,2,5,0,3,4,3,1,0,0,0,1,48,78209,6,1,0,0,3,0,999,999,0,0,0,0,0,0,0,0,0,0,58,0,0,0,1,2,75,1,1,8,1,0,0,1,13,6,4,4,7,1,0
48,481172,1,2,1,20,6,4,5,12,1,1,1,48,1,23,421,23421,15,2007,1GKFK63887J3,1,G,K,F,K,6,3,8,8,7,J,3,0,T,GMC,NAL,4W,7,17,,2,0,1160,YUK,G,,,8,378,,,,B,5687,00,S,44,0,0,000000000,00000000000,0,0,0,1,0,0,0,0,0,0,0,998,0,0,0,12,12,6,2,12,0,0,0,1,48,77093,0,0,0,0,0,0,999,999,0,16,0,0,0,12,2008,3,2011,1,0,0,0,0,4,4,50,1,1,8,1,0,0,1,51,1,1,1,24,0,1
48,481172,2,2,2,20,6,4,5,12,1,1,0,48,1,21,22,21022,4,1998,1G3GR62C0W41,1,G,3,G,R,6,2,C,0,W,4,1,0,P,OLDS,AUR,4D,98,17,3967,,0,1138,,G,,F,8,244,,,16R235,,,,,,0,0,000000000,00000000000,0,0,0,1,0,0,0,0,0,0,0,998,0,0,0,6,6,6,2,2,0,0,1,1,48,77039,6,1,6,0,3,0,999,999,1,0,0,0,0,3,2009,3,2009,0,0,0,0,0,4,4,50,1,1,8,1,0,0,1,53,1,1,1,25,1,0
48,481174,1,1,1,20,6,0,34,8,0,1,1,99,9,99,999,99999,99,9999,999999999999,9,9,9,9,9,9,9,9,9,9,9,9,0,,,,,,,,,,,,,,,,,,,,,,,,,0,0,000000000,00000000000,0,0,0,1,0,0,0,0,0,0,0,998,0,0,0,99,99,9,1,8,0,0,0,1,99,99999,9,9,99,9,9,9,999,999,99,99,99,99,99,99,9999,99,9999,0,0,0,0,0,3,4,99,1,1,8,1,0,0,1,80,99,9,9,13,0,0
48,481175,1,1,6,21,6,15,23,1,0,1,0,12,1,12,401,12401,14,1998,1FMZU32X8WZC,1,F,M,Z,U,3,2,X,8,W,Z,C,0,P,FORD,EPR,UT,98,17,3911,,0,1115,,G,,F,6,245,,,15R225,,,,,,0,0,000000000,00000000000,0,0,0,1,0,0,0,0,0,0,0,998,0,2,3,0,3,6,2,1,0,0,0,1,12,33322,6,1,0,0,3,0,67,999,0,0,0,0,1,3,2009,3,2009,0,58,0,0,0,2,4,70,1,1,8,1,0,0,1,51,6,4,4,7,1,0
48,481176,1,1,1,21,6,21,46,8,0,1,0,48,1,63,33,63033,4,2005,KNAFE1219551,K,N,A,F,E,1,2,1,9,5,5,1,0,P,KIA,SLE,4D,5,17,2701,,0,1028,,G,,F,4,122,,,15R195,,,,,,0,0,000000000,00000000000,0,0,0,1,0,0,0,0,0,0,0,998,0,0,0,3,3,2,1,8,0,0,0,1,48,78163,6,1,0,0,3,0,999,999,0,0,0,0,0,0,0,0,0,0,0,0,0,0,3,3,65,1,1,8,1,0,0,1,80,6,1,1,13,0,0