STATE,ST_CASE,VEH_NO,VE_FORMS,NUMOCCS,DAY,MONTH,HOUR,MINUTE,HARM_EV,MAN_COLL,UNITTYPE,HIT_RUN,REG_STAT,OWNER,MAKE,MODEL,MAK_MOD,BODY_TYP,MOD_YEAR,VIN,VIN_1,VIN_2,VIN_3,VIN_4,VIN_5,VIN_6,VIN_7,VIN_8,VIN_9,VIN_10,VIN_11,VIN_12,TOW_VEH,VINTYPE,VINMAKE,VINA_MOD,VIN_BT,VINMODYR,VIN_LNGT,VIN_WGT,WGTCD_TR,WHLBS_LG,WHLBS_SH,SER_TR,FUELCODE,MCYCL_DS,CARBUR,CYLINDER,DISPLACE,MCYCL_CY,MCYCL_WT,TIRE_SZE,TON_RAT,TRK_WT,TRKWTVAR,VIN_REST,WHLDRWHL,J_KNIFE,MCARR_I1,MCARR_I2,MCARR_ID,GVWR,V_CONFIG,CARGO_BT,HAZ_INV,HAZ_PLAC,HAZ_ID,HAZ_CNO,HAZ_REL,BUS_USE,SPEC_USE,EMER_USE,TRAV_SP,UNDERIDE,ROLLOVER,ROLINLOC,IMPACT1,IMPACT2,DEFORMED,TOWED,M_HARM,VEH_SC1,VEH_SC2,FIRE_EXP,DR_PRES,L_STATE,DR_ZIP,L_STATUS,L_TYPE,CDL_STAT,L_ENDORS,L_COMPL,L_RESTRI,DR_HGT,DR_WGT,PREV_ACC,PREV_SUS,PREV_DWI,PREV_SPD,PREV_OTH,FIRST_MO,FIRST_YR,LAST_MO,LAST_YR,SPEEDREL,DR_SF1,DR_SF2,DR_SF3,DR_SF4,VTRAFWAY,VNUM_LAN,VSPD_LIM,VALIGN,VPROFILE,VPAVETYP,VSURCOND,VTRAFCON,VTCONT_F,P_CRASH1,P_CRASH2,P_CRASH3,PCRASH4,PCRASH5,ACC_TYPE,DEATHS,DR_DRINK
48,481301,1,1,3,2,7,21,35,8,0,1,0,48,2,12,481,12481,31,2000,1FTZF1729YKA,1,F,T,Z,F,1,7,2,9,Y,K,A,0,T,FORD,F15,PK,0,17,,1,1385,1199,COF,G,,,6,256,,,,B,3923,04,U,42,0,0,000000000,00000000000,0,0,0,1,0,0,0,0,0,0,0,998,0,0,0,12,12,4,3,8,0,0,0,1,48,77493,0,0,0,0,0,0,999,999,0,0,0,0,0,0,0,0,0,0,0,0,0,0,3,3,65,1,1,8,1,0,0,1,80,1,1,1,13,0,0
48,481302,1,2,3,2,7,23,42,12,2,1,0,4,1,49,401,49401,14,2003,JTEZT14RX380,J,T,E,Z,T,1,4,R,X,3,8,0,0,P,TOYT,RUN,UT,3,17,4025,,0,1098,,G,,F,8,285,,,16R265,,,,,,0,0,000000000,00000000000,0,0,0,1,0,0,0,0,0,0,0,998,0,0,0,12,12,6,2,12,0,0,0,1,4,85023,6,1,0,0,3,0,67,150,0,0,0,0,0,0,0,0,0,0,51,0,0,0,1,2,65,1,1,8,1,0,0,1,10,1,1,2,50,1,0
48,481302,2,2,5,2,7,23,42,12,2,1,0,48,2,6,441,6441,20,2003,2C8GP54L73R2,2,C,8,G,P,5,4,L,7,3,R,2,0,T,CHRY,LXI,ES,3,17,,1,0,1193,TWC,G,,,6,230,,,,,4172,00,,42,0,0,000000000,00000000000,0,0,0,1,0,0,0,0,0,0,0,998,0,0,0,12,12,6,2,12,0,0,0,1,48,77057,6,1,0,0,3,0,999,999,0,0,0,0,0,0,0,0,0,0,0,0,0,0,1,2,65,1,1,8,1,0,0,1,62,1,1,1,51,2,0
48,481303,1,1,1,2,7,5,20,8,0,1,0,48,1,7,482,7482,31,2002,3D7HA18N02G1,3,D,7,H,A,1,8,N,0,2,G,1,0,T,DODG,Q15,CW,2,17,,2,1605,1405,RPC,G,,,8,287,,,,B,4747,01,E,42,0,0,000000000,00000000000,0,0,0,1,0,0,0,0,0,0,0,998,0,0,0,12,12,2,1,8,0,0,0,1,48,76053,6,1,0,0,3,0,999,999,0,0,0,0,0,0,0,0,0,0,0,0,0,0,5,2,30,1,1,8,1,0,0,1,80,1,1,1,13,0,0
48,481304,1,1,3,3,7,6,18,59,0,1,0,48,1,20,2,20002,4,2007,2G1WD58C7794,2,G,1,W,D,5,8,C,7,7,9,4,0,P,CHEV,ISS,4D,7,17,3790,,0,1105,,G,,F,8,323,,,18R235,,,,,,0,0,000000000,00000000000,0,0,0,1,0,0,0,0,0,0,0,998,0,0,0,9,9,6,2,59,0,0,0,1,18,76544,1,1,0,0,2,3,68,140,0,1,0,0,0,1,2010,1,2010,1,8,58,0,0,1,4,40,1,1,8,1,0,0,3,10,7,3,4,2,2,0
48,481305,1,2,4,3,7,18,26,25,0,1,0,48,2,12,481,12481,31,2004,1FTPW12514KB,1,F,T,P,W,1,2,5,1,4,K,B,0,T,FORD,F1S,CW,4,17,,2,1450,1260,COF,G,,,8,330,,,,B,5270,00,U,42,0,0,000000000,00000000000,0,0,0,1,0,0,0,0,0,0,0,998,0,0,0,10,9,4,3,12,0,0,0,1,48,75069,0,0,0,0,0,0,999,999,0,0,0,0,0,0,0,0,0,0,27,0,0,0,3,3,60,1,1,8,1,0,0,15,9,1,2,4,7,1,0
48,481305,2,2,2,3,7,18,26,25,0,1,0,48,1,72,706,72706,80,2004,1HD1BXB124Y0,1,H,D,1,B,X,B,1,2,4,Y,0,0,M,HD,ISF,RS,4,17,,,,,,,1450,,2,,4,666,,,,,,,0,0,000000000,00000000000,0,0,0,1,0,0,0,0,0,0,0,998,0,0,0,0,12,4,3,1,0,0,0,1,48,77568,6,1,0,0,3,3,999,999,0,1,0,1,1,10,2008,7,2010,0,0,0,0,0,3,3,60,1,1,8,1,0,0,1,61,1,9,2,98,0,0
48,481306,1,1,3,3,7,5,40,32,0,1,0,48,2,35,401,35401,14,1999,JN8AR07S1XW3,J,N,8,A,R,0,7,S,1,X,W,3,0,P,NISS,PFI,UT,99,17,0,,0,1063,,G,,F,6,201,,,16R245,,,,,,0,0,000000000,00000000000,0,0,0,1,0,0,0,0,0,0,0,998,0,1,5,12,99,9,3,1,0,0,0,1,48,78130,6,1,0,0,3,0,999,999,0,0,0,0,0,0,0,0,0,0,51,0,0,0,5,4,60,1,1,8,1,0,0,1,9,1,4,4,7,1,0
48,481307,1,1,2,3,7,2,10,33,0,1,0,48,1,20,481,20481,31,2001,2GCEC19TX114,2,G,C,E,C,1,9,T,X,1,1,4,0,T,CHEV,SC1,4C,1,17,,2,1575,1435,SIL,G,,,8,325,,,,B,4413,00,,42,0,0,000000000,00000000000,0,0,0,1,0,0,0,0,0,0,0,998,0,1,1,12,3,4,3,1,0,0,0,1,48,77007,6,1,0,0,3,0,999,999,0,0,0,1,1,12,2010,6,2011,1,0,0,0,0,3,5,60,1,1,8,1,0,0,1,6,1,2,4,2,2,1
48,481308,1,1,2,3,7,16,46,1,0,1,0,48,1,41,471,41471,30,2004,4F4YR12UX4TM,4,F,4,Y,R,1,2,U,X,4,T,M,0,T,MAZD,3RC,PK,4,17,,1,0,1116,B30,G,,,6,182,,,,,3244,00,E,42,0,0,000000000,00000000000,0,0,0,1,0,0,0,0,0,0,0,998,0,2,5,0,13,6,2,30,0,0,0,1,48,77502,6,1,0,0,3,0,999,999,0,0,0,0,2,7,2008,1,2009,0,0,0,0,0,2,6,55,1,1,8,1,0,0,1,9,1,4,4,2,2,0
48,481309,1,2,2,3,7,17,10,12,6,1,0,48,2,52,35,52035,2,1999,JA3AY11A0XU0,J,A,3,A,Y,1,1,A,0,X,U,0,0,P,MITS,MDE,2D,99,17,2150,,0,951,,G,,F,4,090,,,13R175,,,,,,0,0,000000000,00000000000,0,0,0,1,0,0,0,0,0,0,0,998,0,0,0,3,3,4,3,12,0,0,0,1,48,77030,6,1,0,0,3,0,999,999,0,0,0,0,0,0,0,0,0,1,28,0,0,0,1,2,55,1,2,8,2,0,0,2,52,3,2,2,64,1,0
48,481309,2,2,1,3,7,17,10,12,6,1,0,48,1,23,401,23401,14,2007,1GKDS13S6721,1,G,K,D,S,1,3,S,6,7,2,1,0,T,GMC,ENV,4W,7,17,,1,0,1130,ENV,G,,,6,256,,,,B,4404,00,4,42,0,0,000000000,00000000000,0,0,0,1,0,0,0,0,0,0,0,998,0,0,0,12,12,4,3,12,0,0,0,1,48,77318,6,1,0,0,3,0,999,999,0,0,0,1,0,10,2010,10,2010,0,0,0,0,0,1,2,55,1,2,8,2,0,0,1,62,3,2,1,65,0,0
48,481310,1,1,2,3,7,6,5,14,0,1,0,32,2,37,39,37039,5,2007,JHMGD38677S0,J,H,M,G,D,3,8,6,7,7,S,0,0,P,HOND,FIS,4H,7,17,2551,,0,965,,G,,F,4,091,,,15R195,,,,,,0,0,000000000,00000000000,0,0,0,1,0,0,0,0,0,0,0,998,0,0,0,12,12,6,2,14,0,0,0,1,32,89032,6,1,0,0,3,0,66,130,0,0,0,0,0,0,0,0,0,0,0,0,0,0,2,4,65,2,1,8,1,0,0,14,11,1,1,4,1,2,1
48,481311,1,1,2,3,7,7,30,42,0,1,0,48,2,49,44,49044,2,2000,2T1CF22P9YC3,2,T,1,C,F,2,2,P,9,Y,C,3,0,P,TOYT,CEE,CP,0,17,3230,,0,1051,,G,,F,6,183,,,15R205,,,,,,0,0,000000000,00000000000,0,0,0,1,0,0,0,0,0,0,0,998,0,0,0,12,12,6,2,42,0,0,0,1,48,77351,6,1,0,0,3,0,999,999,0,0,0,0,0,0,0,0,0,1,0,0,0,0,1,2,55,3,1,8,1,0,0,14,13,1,1,4,1,2,1
48,481312,1,1,2,3,7,8,9,1,0,1,0,48,1,35,401,35401,14,1994,JN8HD17S5RW2,J,N,8,H,D,1,7,S,5,R,W,2,0,P,NISS,PFI,UT,94,17,3497,,0,1043,,G,,F,6,181,,,15R235,,,,,,0,0,000000000,00000000000,0,0,0,1,0,0,0,0,0,0,0,998,0,1,3,0,0,4,3,1,0,0,0,1,48,77979,6,1,0,0,3,3,999,999,0,0,0,0,1,5,2011,5,2011,0,58,0,0,0,2,2,70,1,1,8,1,0,0,1,12,7,4,4,7,2,0
48,481313,1,3,3,3,7,14,37,12,2,1,0,48,2,12,3,12003,2,2006,1ZVHT82H7651,1,Z,V,H,T,8,2,H,7,6,5,1,0,P,FORD,MGT,CP,6,17,3483,,0,1071,,G,,F,8,281,,,17R235,,,,,,0,0,000000000,00000000000,0,0,0,1,0,0,0,0,0,0,0,998,0,0,0,12,12,6,2,12,0,0,1,1,48,77583,6,1,0,0,3,0,999,999,0,0,0,0,0,0,0,0,0,0,51,0,0,0,1,2,70,1,2,8,1,0,0,1,10,1,1,2,51,0,0
48,481313,2,3,2,3,7,14,37,12,2,1,0,48,1,77,706,77706,80,2011,5VPSW36N9B30,5,V,P,S,W,3,6,N,9,B,3,0,0,M,VCTY,VST,RS,11,17,,,,,,,1731,,2,,4,869,,,,,,,0,0,000000000,00000000000,0,0,0,1,0,0,0,0,0,0,0,998,0,0,0,12,12,9,2,12,0,0,0,1,48,75017,6,1,0,0,3,0,999,999,0,0,0,0,0,0,0,0,0,0,0,0,0,0,1,2,70,1,2,8,1,0,0,1,62,1,1,1,50,2,0
48,481313,3,3,2,3,7,14,37,12,2,1,0,48,1,77,706,77706,80,2008,5VPSD36D4830,5,V,P,S,D,3,6,D,4,8,3,0,0,M,VCTY,VIS,RS,8,17,,,,,,,1731,,2,,4,804,,,,,,,0,0,000000000,00000000000,0,0,0,1,0,0,0,0,0,0,0,998,0,0,0,12,12,9,2,12,0,0,1,1,48,75088,6,1,0,0,3,3,999,999,0,0,0,0,0,0,0,0,0,0,0,0,0,0,1,2,70,1,2,8,1,0,0,1,62,1,1,1,98,2,0
48,481314,1,2,2,4,7,15,20,9,0,1,0,48,1,12,481,12481,31,2001,1FTNX20S01EA,1,F,T,N,X,2,0,S,0,1,E,A,0,T,FORD,F2S,4C,1,17,,2,1580,1418,SRW,G,,,10,415,,,,C,5189,07,U,42,0,0,000000000,00000000000,0,0,0,1,0,0,0,0,0,0,0,998,0,0,0,12,12,2,1,9,0,0,0,1,48,75041,6,1,0,0,3,0,999,999,0,0,0,0,0,0,0,0,0,0,0,0,0,0,2,3,35,1,1,8,1,98,3,1,83,1,1,1,13,0,0
48,481314,2,2,1,4,7,15,20,9,0,1,0,48,1,20,401,20401,14,2002,1GNDS13S6221,1,G,N,D,S,1,3,S,6,2,2,1,0,P,CHEV,TRL,UT,2,17,4442,,0,1130,,G,,F,6,256,,,16R245,,,,,,0,0,000000000,00000000000,0,0,0,1,0,0,0,0,0,0,0,998,0,0,0,12,12,2,1,12,0,0,0,1,48,75218,1,1,0,0,2,0,999,999,0,0,0,0,0,0,0,0,0,1,0,0,0,0,2,3,35,1,1,8,1,98,3,1,51,1,1,1,98,0,0
48,481315,1,2,1,4,7,15,59,12,6,1,0,92,0,37,706,37706,80,1982,JH2SC0101CM1,J,H,2,S,C,0,1,0,1,C,M,1,0,M,HOND,CB9,RS,82,17,,,,,,,900,,4,,4,534,,,,,,,0,0,000000000,00000000000,0,0,0,1,0,0,0,0,0,0,0,998,0,0,0,12,12,9,2,12,0,0,0,1,48,75210,1,1,0,0,2,0,65,143,0,1,0,0,0,6,2011,6,2011,1,0,0,0,0,1,2,30,1,1,8,1,0,0,1,67,1,1,1,83,1,1
48,481315,2,2,1,4,7,15,59,12,6,1,0,48,2,12,401,12401,14,1998,1FMYU22X9WUD,1,F,M,Y,U,2,2,X,9,W,U,D,0,P,FORD,EPR,UT,98,17,3692,,0,1017,,G,,F,6,245,,,15R225,,,,,,0,0,000000000,00000000000,0,0,0,1,0,0,0,0,0,0,0,998,0,0,0,9,9,4,3,12,0,0,0,1,48,76001,6,1,0,0,3,0,999,999,0,0,0,1,0,5,2011,5,2011,0,38,0,0,0,1,2,30,1,1,8,1,20,3,11,15,1,1,1,82,0,0
48,481316,1,1,1,4,7,19,17,1,0,1,0,48,2,37,706,37706,80,2007,JH2SC57137M3,J,H,2,S,C,5,7,1,3,7,M,3,0,M,HOND,CBS,RC,7,17,,,,,,,998,,4,,4,388,,,,,,,0,0,000000000,00000000000,0,0,0,1,0,0,0,0,0,0,0,998,0,0,0,0,0,9,2,1,0,0,0,1,48,75089,6,1,0,0,2,0,71,212,0,0,0,1,0,1,2010,1,2010,1,0,0,0,0,1,2,30,2,3,8,1,0,0,98,8,1,1,1,98,1,0
48,481317,1,2,1,4,7,1,40,12,6,1,0,48,1,23,481,23481,31,2009,1GTEC29J39Z2,1,G,T,E,C,2,9,J,3,9,Z,2,0,T,GMC,1NC,4C,9,17,,2,1575,1339,SIE,G,,,8,323,,,,B,4986,02,4,42,0,0,000000000,00000000000,0,0,0,1,0,0,0,0,0,0,0,998,0,0,0,12,12,6,2,12,0,0,0,1,48,79925,6,1,0,0,3,0,999,999,0,0,0,0,0,0,0,0,0,0,50,0,0,0,3,2,60,1,2,8,1,0,0,1,54,1,1,1,64,0,1
48,481317,2,2,1,4,7,1,40,12,6,1,0,48,3,9,19,9019,4,1994,1P3AA46K6RF2,1,P,3,A,A,4,6,K,6,R,F,2,0,P,PLYM,ACC,4D,94,17,2751,,0,1035,,G,,F,4,153,,,14R185,,,,,,0,0,000000000,00000000000,0,0,0,1,0,0,0,0,0,0,0,998,0,0,0,61,61,6,2,12,0,0,0,1,48,79924,6,1,0,0,3,0,999,999,0,2,0,0,1,11,2008,2,2011,0,0,0,0,0,3,2,60,1,2,8,1,0,0,1,54,7,1,1,65,1,0
48,481318,1,1,1,4,7,7,21,38,0,1,0,48,2,20,39,20039,4,2004,KL1TD626X4B2,K,L,1,T,D,6,2,6,X,4,B,2,0,P,CHEV,AVO,5D,4,17,2365,,0,976,,G,,F,4,098,,,14R185,,,,,,0,0,000000000,00000000000,0,0,0,1,0,0,0,0,0,0,0,998,0,0,0,12,11,6,2,30,0,0,0,1,48,77351,6,1,0,0,3,0,999,999,0,0,0,1,0,5,2011,5,2011,0,0,0,0,0,1,4,55,1,1,8,1,0,0,1,13,1,1,4,1,1,0
48,481319,1,1,4,4,7,20,27,1,0,1,0,48,1,2,404,2404,14,2003,1J4GX48S93C5,1,J,4,G,X,4,8,S,9,3,C,5,0,T,JEEP,LRO,4W,3,17,,1,0,1059,GCK,G,,,6,244,,,,,3704,01,E,42,0,0,000000000,00000000000,0,0,0,1,0,0,0,0,0,0,0,998,0,1,5,0,9,4,3,30,0,0,0,1,48,77331,6,1,0,0,3,0,999,999,0,0,0,0,0,0,0,0,0,1,58,0,0,0,1,2,55,3,1,8,1,0,0,14,13,6,3,4,2,1,0
48,481320,1,1,1,4,7,0,23,8,0,1,1,48,2,22,22,22022,4,2008,1G2ZG57B2842,1,G,2,Z,G,5,7,B,2,8,4,2,0,P,PONT,6BS,4D,8,17,3305,,0,1123,,G,,F,4,146,,,17R225,,,,,,0,0,000000000,00000000000,0,0,0,1,0,0,0,0,0,0,0,998,0,0,0,12,12,2,3,8,0,0,0,1,48,78801,1,1,0,0,2,0,999,999,0,0,0,0,0,0,0,0,0,0,91,0,0,0,1,2,50,1,2,8,1,0,0,1,13,1,1,4,13,0,1
48,481321,1,2,1,4,7,22,15,12,1,1,0,48,2,37,31,37031,4,2000,JHMEJ6671YS0,J,H,M,E,J,6,6,7,1,Y,S,0,0,P,HOND,UCL,4D,0,17,2456,,0,1032,,G,,F,4,097,,,14R185,,,,,,0,0,000000000,00000000000,0,0,0,1,0,0,0,0,0,0,0,998,0,0,0,12,12,2,9,12,0,0,0,1,48,79605,6,1,0,0,3,3,999,999,1,0,0,1,1,3,2009,8,2009,1,27,0,0,0,2,4,40,1,1,8,1,3,3,15,11,1,1,2,24,1,0
48,481321,2,2,3,4,7,22,15,12,1,1,0,48,2,63,32,63032,4,2009,KNADE223X965,K,N,A,D,E,2,2,3,X,9,6,5,0,P,KIA,RBL,4D,9,17,2365,,0,984,,G,,F,4,098,,,14R185,,,,,,0,0,000000000,00000000000,0,0,0,1,0,0,0,0,0,0,0,998,0,0,0,6,6,2,9,12,0,0,0,1,48,75103,6,1,0,0,3,0,999,999,0,0,0,0,1,8,2009,8,2009,0,0,0,0,0,2,4,40,1,1,8,1,3,3,1,60,1,1,1,25,0,0
48,481322,1,2,2,5,7,22,10,12,6,1,0,93,3,82,881,82881,66,2011,1FUJGHDV5BSB,1,F,U,J,G,H,D,V,5,B,S,B,1,T,FRHT,113,TR,11,17,,8,0,0,CSC,D,,,6,781,,,,,00000,00,,64,1,57,511553,57511553,3,6,3,1,0,0,0,0,0,0,0,998,0,0,0,12,12,2,3,12,0,0,0,1,48,77355,6,1,6,0,3,3,999,999,1,0,0,1,0,4,2009,6,2010,0,0,0,0,0,2,2,65,1,1,8,1,0,0,1,66,8,2,1,88,0,0
48,481322,2,2,2,5,7,22,10,12,6,1,0,48,1,6,52,6052,6,2003,3C4FY48B23T5,3,C,4,F,Y,4,8,B,2,3,T,5,0,P,CHRY,PTC,SV,3,17,3049,,0,1030,,G,,F,4,148,,,15R195,,,,,,0,0,000000000,00000000000,0,0,0,1,0,0,0,0,0,0,0,998,0,1,3,9,9,6,2,12,0,0,0,1,48,77382,6,1,0,0,3,3,999,999,0,0,0,0,0,0,0,0,0,0,38,0,0,0,1,2,98,8,8,8,1,20,3,4,17,1,1,1,89,2,0
48,481323,1,2,1,6,7,17,35,12,2,1,0,48,2,49,472,49472,30,1999,4TAPM62N9XZ4,4,T,A,P,M,6,2,N,9,X,Z,4,0,T,TOYT,REG,PK,99,17,,1,0,1033,TAC,G,,,4,164,,,,B,3202,00,U,44,0,0,000000000,00000000000,0,0,0,1,0,0,0,0,0,0,0,998,0,0,0,12,12,6,2,12,0,0,0,1,48,76058,6,1,0,0,3,0,999,999,0,0,0,0,0,0,0,0,0,0,51,0,0,0,1,2,50,1,1,8,1,0,0,1,10,1,1,2,50,0,0
48,481323,2,2,2,6,7,17,35,12,2,1,0,48,2,12,481,12481,31,1991,1FTDF15N0MLA,1,F,T,D,F,1,5,N,0,M,L,A,0,T,FORD,F15,PK,91,17,,1,1330,1170,COF,G,,,8,302,,,,B,3535,01,A,42,0,0,000000000,00000000000,0,0,0,1,0,0,0,0,0,0,0,998,0,0,0,12,12,6,2,12,0,0,0,1,48,76033,6,1,0,0,3,0,999,999,0,0,0,0,0,0,0,0,0,0,0,0,0,0,1,2,50,3,1,8,1,0,0,14,62,1,1,1,51,1,0
48,481324,1,1,1,6,7,0,40,52,0,1,0,48,1,20,481,20481,31,1991,1GCCS19Z6M82,1,G,C,C,S,1,9,Z,6,M,8,2,0,T,CHEV,S14,PC,91,17,,1,0,1229,S,G,,,6,262,,,,B,2689,01,,42,0,0,000000000,00000000000,0,0,0,1,0,0,0,0,0,0,0,998,0,1,3,12,12,4,3,52,0,0,0,1,48,79118,6,1,0,0,3,3,999,999,0,7,0,1,0,9,2008,6,2011,1,0,0,0,0,2,2,60,1,1,8,1,0,0,1,13,1,1,4,1,1,0
48,481326,1,1,1,6,7,15,13,21,0,1,0,48,1,18,7,18007,4,1995,1G4AG55M5S64,1,G,4,A,G,5,5,M,5,S,6,4,0,P,BUIC,CSP,4D,95,17,2986,,0,1049,,G,,F,6,191,,,14R185,,,,,,0,0,000000000,00000000000,0,0,0,1,0,0,0,0,0,0,0,998,0,0,0,12,12,6,2,21,0,0,0,1,48,79602,6,1,0,0,3,3,999,999,0,0,0,0,0,0,0,0,0,0,0,0,0,0,2,2,55,1,1,8,1,0,0,1,13,1,1,4,1,1,1
48,481327,1,2,1,7,7,13,31,12,2,1,0,48,1,20,421,20421,15,2005,1GNEC13T05J1,1,G,N,E,C,1,3,T,0,5,J,1,0,P,CHEV,CTA,UT,5,17,4975,,0,1160,,G,,F,8,325,,,16R265,,,,,,0,0,000000000,00000000000,0,0,0,1,0,0,0,0,0,0,0,998,0,1,3,12,12,6,2,12,0,0,1,1,48,76542,6,1,0,0,3,0,999,999,0,0,0,0,0,0,0,0,0,0,51,0,0,0,2,2,70,1,1,8,1,0,0,1,54,1,1,1,50,1,1
48,481327,2,2,2,7,7,13,31,12,2,1,0,48,1,49,401,49401,14,1996,JT3HN87R2T00,J,T,3,H,N,8,7,R,2,T,0,0,0,P,TOYT,RUN,UT,96,17,0,,0,1053,,G,,F,6,206,,,16R265,,,,,,0,0,000000000,00000000000,0,0,0,1,0,0,0,0,0,0,0,998,0,0,0,12,12,6,2,12,0,0,0,1,48,78201,6,1,0,0,3,0,999,999,0,0,0,0,0,0,0,0,0,0,0,0,0,0,2,2,70,1,1,8,1,0,0,1,54,1,1,1,51,1,1
48,481328,1,2,1,7,7,6,36,12,1,1,0,48,0,37,31,37031,3,1991,JHMED9364MS0,J,H,M,E,D,9,3,6,4,M,S,0,0,P,HOND,CSS,2H,91,17,2174,,0,906,,G,,F,4,097,,,14R185,,,,,,0,0,000000000,00000000000,0,0,0,1,0,0,0,0,0,0,0,998,0,1,1,12,12,4,3,12,0,0,0,1,48,76040,6,1,0,0,3,0,67,170,0,4,0,0,1,12,2008,4,2011,1,0,0,0,0,3,5,60,1,1,8,1,0,0,1,51,1,1,1,24,1,0
48,481328,2,2,5,7,7,6,36,12,1,1,0,48,3,12,870,12870,61,2001,1FDWE35F11HB,1,F,D,W,E,3,5,F,1,1,H,B,1,T,FORD,3DC,YY,1,17,,3,1760,1380,CTV,D,,,8,444,,,,,4825,08,E,42,1,77,777777777,77777777777,2,4,1,1,0,0,0,0,0,0,0,998,0,0,0,6,6,2,1,12,0,0,0,1,8,75051,6,1,0,0,3,0,999,999,0,0,0,0,1,11,2009,11,2009,0,0,0,0,0,3,5,60,1,1,8,1,0,0,1,53,1,1,1,25,0,0
48,481330,1,1,2,8,7,19,1,42,0,1,0,48,2,49,32,49032,4,2009,1NXBU40EX9Z0,1,N,X,B,U,4,0,E,X,9,Z,0,0,P,TOYT,CBL,4D,9,17,2723,,0,1024,,G,,F,4,110,,,15R195,,,,,,0,0,000000000,00000000000,0,0,0,1,0,0,0,0,0,0,0,998,0,1,5,12,12,6,2,42,0,0,0,1,48,78109,6,1,0,0,3,0,999,999,0,0,0,0,0,0,0,0,0,0,0,0,0,0,2,2,70,3,2,8,1,0,0,14,13,1,1,4,1,1,0
48,481331,1,1,1,8,7,23,30,14,0,1,0,48,1,49,482,49482,31,2007,5TFRT54177X0,5,T,F,R,T,5,4,1,7,7,X,0,0,T,TOYT,DBS,CW,7,17,,2,0,1457,TUN,G,,,8,287,,,,B,5090,00,S,42,0,0,000000000,00000000000,0,0,0,1,0,0,0,0,0,0,0,998,0,0,0,12,12,6,2,14,0,0,0,1,48,79915,6,1,0,0,3,0,999,999,0,4,0,1,0,9,2008,3,2009,0,91,0,0,0,3,2,65,1,1,8,1,0,0,1,13,1,1,4,1,0,1
48,481332,1,2,1,8,7,0,1,12,1,1,0,48,1,35,49,35049,6,2007,JN8AZ08W47W6,J,N,8,A,Z,0,8,W,4,7,W,6,0,P,NISS,MUR,UT,7,17,3855,,0,1112,,G,,F,6,213,,,000000,,,,,,0,0,000000000,00000000000,0,0,0,1,0,0,0,0,0,0,0,998,0,0,0,12,12,2,3,12,0,0,0,1,48,79109,6,1,0,0,3,0,999,999,0,0,0,0,0,0,0,0,0,1,0,0,0,0,3,2,65,1,1,8,1,0,0,1,51,1,1,1,24,0,1
48,481332,2,2,1,8,7,0,1,12,1,1,0,48,1,53,706,53706,80,2003,JS1VS54A8321,J,S,1,V,S,5,4,A,8,3,2,1,0,M,SUZI,VL8,RS,3,17,,,,,,,805,,2,,4,531,,,,,,,0,0,000000000,00000000000,0,0,0,1,0,0,0,0,0,0,0,998,0,0,0,6,6,9,2,12,0,0,0,1,35,88201,6,1,0,0,3,0,69,155,98,0,0,0,0,0,0,0,0,0,0,0,0,0,3,2,65,1,1,8,1,0,0,1,53,1,1,1,25,1,0
48,481333,1,1,1,9,7,23,56,42,0,1,0,48,1,72,706,72706,80,2009,1HD4CR2149K4,1,H,D,4,C,R,2,1,4,9,K,4,0,M,HD,XLL,RS,9,17,,,,,,,883,,2,,4,583,,,,,,,0,0,000000000,00000000000,0,0,0,1,0,0,0,0,0,0,0,998,0,0,0,99,99,9,2,14,0,0,0,1,48,78228,1,1,0,0,2,0,999,999,0,0,0,0,0,0,0,0,0,0,0,0,0,0,1,2,30,1,1,8,1,0,0,1,12,1,1,4,6,1,1
48,481334,1,1,7,9,7,12,14,52,0,1,0,48,1,20,431,20431,16,1999,3GNFK16R1XG1,3,G,N,F,K,1,6,R,1,X,G,1,0,P,CHEV,K15,UT,99,17,5297,,0,1315,,G,,F,8,350,,,16R245,,,,,,0,0,000000000,00000000000,0,0,0,1,0,0,0,0,0,0,0,998,0,0,0,12,12,4,3,52,0,0,0,1,48,78363,6,1,0,0,3,0,999,999,0,0,0,0,0,0,0,0,0,0,0,0,0,0,3,2,70,1,1,8,1,0,0,1,13,1,1,4,1,1,0
48,481335,1,1,5,9,7,15,0,1,0,1,0,12,2,38,403,38403,14,1999,4S2CK57WXX43,4,S,2,C,K,5,7,W,X,X,4,3,0,P,ISU,AMI,UT,99,17,3349,,0,969,,G,,F,6,195,,,15R235,,,,,,0,0,000000000,00000000000,0,0,0,1,0,0,0,0,0,0,0,998,0,1,3,0,0,6,2,1,0,0,0,1,12,32505,6,1,0,0,3,0,65,999,0,0,0,0,1,4,2011,4,2011,0,58,0,0,0,2,2,80,2,2,8,1,0,0,14,1,6,2,4,7,1,0
48,481336,1,1,1,9,7,23,2,8,0,1,0,48,1,35,39,35039,4,2000,JN1CA31D8YT7,J,N,1,C,A,3,1,D,8,Y,T,7,0,P,NISS,MGS,4D,0,17,3071,,0,1083,,G,,F,6,182,,,15R205,,,,,,0,0,000000000,00000000000,0,0,0,1,0,0,0,0,0,0,0,998,0,0,0,12,12,4,3,8,0,0,0,1,48,78133,6,1,0,0,3,3,999,999,0,0,0,0,0,0,0,0,0,0,0,0,0,0,3,4,55,1,2,8,1,0,0,1,80,1,1,1,13,0,0