STATE,ST_CASE,VEH_NO,VE_FORMS,NUMOCCS,DAY,MONTH,HOUR,MINUTE,HARM_EV,MAN_COLL,UNITTYPE,HIT_RUN,REG_STAT,OWNER,MAKE,MODEL,MAK_MOD,BODY_TYP,MOD_YEAR,VIN,VIN_1,VIN_2,VIN_3,VIN_4,VIN_5,VIN_6,VIN_7,VIN_8,VIN_9,VIN_10,VIN_11,VIN_12,TOW_VEH,VINTYPE,VINMAKE,VINA_MOD,VIN_BT,VINMODYR,VIN_LNGT,VIN_WGT,WGTCD_TR,WHLBS_LG,WHLBS_SH,SER_TR,FUELCODE,MCYCL_DS,CARBUR,CYLINDER,DISPLACE,MCYCL_CY,MCYCL_WT,TIRE_SZE,TON_RAT,TRK_WT,TRKWTVAR,VIN_REST,WHLDRWHL,J_KNIFE,MCARR_I1,MCARR_I2,MCARR_ID,GVWR,V_CONFIG,CARGO_BT,HAZ_INV,HAZ_PLAC,HAZ_ID,HAZ_CNO,HAZ_REL,BUS_USE,SPEC_USE,EMER_USE,TRAV_SP,UNDERIDE,ROLLOVER,ROLINLOC,IMPACT1,IMPACT2,DEFORMED,TOWED,M_HARM,VEH_SC1,VEH_SC2,FIRE_EXP,DR_PRES,L_STATE,DR_ZIP,L_STATUS,L_TYPE,CDL_STAT,L_ENDORS,L_COMPL,L_RESTRI,DR_HGT,DR_WGT,PREV_ACC,PREV_SUS,PREV_DWI,PREV_SPD,PREV_OTH,FIRST_MO,FIRST_YR,LAST_MO,LAST_YR,SPEEDREL,DR_SF1,DR_SF2,DR_SF3,DR_SF4,VTRAFWAY,VNUM_LAN,VSPD_LIM,VALIGN,VPROFILE,VPAVETYP,VSURCOND,VTRAFCON,VTCONT_F,P_CRASH1,P_CRASH2,P_CRASH3,PCRASH4,PCRASH5,ACC_TYPE,DEATHS,DR_DRINK
48,481337,1,2,1,10,7,2,13,12,6,1,0,48,1,20,481,20481,31,2000,2GCEC19V6Y12,2,G,C,E,C,1,9,V,6,Y,1,2,0,T,CHEV,SC1,3C,0,17,,2,1575,1435,SIL,G,,,8,293,,,,B,4134,03,,42,0,0,000000000,00000000000,0,0,0,1,0,0,0,0,0,0,0,83,0,0,0,12,12,4,3,12,0,0,0,1,48,77060,0,0,0,0,0,0,999,999,0,0,0,0,0,0,0,0,0,1,39,0,0,0,2,2,45,1,1,8,1,3,3,1,17,1,1,1,88,0,1
48,481337,2,2,2,10,7,2,13,12,6,1,0,48,1,20,401,20401,14,1995,1GNDT13WXS21,1,G,N,D,T,1,3,W,X,S,2,1,0,P,CHEV,BZR,UT,95,17,4071,,0,1070,,G,,F,6,262,,,15R205,,,,,,0,0,000000000,00000000000,0,0,0,1,0,0,0,0,0,0,0,16,0,0,0,10,10,6,2,12,0,0,0,1,48,77038,0,0,0,0,0,0,999,999,0,0,0,0,0,0,0,0,0,0,0,0,0,0,2,2,99,1,1,8,1,3,3,4,66,1,1,1,89,1,1
48,481338,1,2,1,10,7,23,52,12,7,1,0,48,1,49,482,49482,31,2006,5TBET381X6S5,5,T,B,E,T,3,8,1,X,6,S,5,0,T,TOYT,DBL,CW,6,17,,2,0,1283,TUN,G,,,8,285,,,,B,4800,00,U,42,0,0,000000000,00000000000,0,0,0,1,0,0,0,0,0,0,0,998,0,0,0,61,61,2,3,12,0,0,0,1,48,77048,6,1,6,0,3,0,999,999,1,0,0,0,0,5,2010,5,2010,0,28,0,0,0,2,3,65,1,1,8,1,0,0,15,10,1,1,2,47,1,0
48,481338,2,2,1,10,7,23,52,12,7,1,0,48,1,37,32,37032,2,2003,1HGCM72203A0,1,H,G,C,M,7,2,2,0,3,A,0,0,P,HOND,ULX,CP,3,17,2994,,0,1051,,G,,F,4,146,,,15R205,,,,,,0,0,000000000,00000000000,0,0,0,1,0,0,0,0,0,0,0,998,0,0,0,81,81,4,3,12,0,0,0,1,48,77584,6,1,0,0,3,0,999,999,0,0,0,0,0,0,0,0,0,0,0,0,0,0,2,3,65,1,1,8,1,0,0,1,61,1,1,1,45,0,0
48,481339,1,1,1,11,7,9,23,1,0,1,0,48,2,2,405,2405,14,2005,1J4GL48585W6,1,J,4,G,L,4,8,5,8,5,W,6,0,T,JEEP,SPR,4W,5,17,,1,0,1043,LIB,D,,,4,171,,,,,3731,00,E,44,0,0,000000000,00000000000,0,0,0,1,0,0,0,0,0,0,0,998,0,1,5,0,0,4,3,1,0,0,0,1,48,78063,6,1,0,0,3,3,999,999,0,0,0,0,0,0,0,0,0,0,58,0,0,0,1,2,70,3,2,8,1,0,0,14,13,8,3,4,2,1,0
48,481340,1,1,2,12,7,13,12,52,0,1,0,48,2,59,35,59035,4,2002,JTHBD1925200,J,T,H,B,D,1,9,2,5,2,0,0,0,P,LEXS,IS3,4D,2,17,3255,,0,1051,,G,,F,6,183,,,17R215,,,,,,0,0,000000000,00000000000,0,0,0,1,0,0,0,0,0,0,0,998,0,0,0,61,61,6,2,52,0,0,0,1,48,76310,6,1,0,0,3,3,999,999,0,0,0,0,0,0,0,0,0,0,0,0,0,0,3,2,60,3,2,8,1,0,0,14,13,1,1,4,1,1,0
48,481341,1,1,2,13,7,3,5,59,0,1,0,48,2,35,43,35043,4,1997,1N4AB41D2VC7,1,N,4,A,B,4,1,D,2,V,C,7,0,P,NISS,XGU,4D,97,17,2237,,0,998,,G,,F,4,097,,,13R155,,,,,,0,0,000000000,00000000000,0,0,0,1,0,0,0,0,0,0,0,998,0,0,0,12,12,6,2,24,0,0,0,1,48,75231,0,0,0,0,0,0,71,271,0,0,0,0,0,0,0,0,0,1,28,0,0,0,4,3,35,1,1,8,1,0,0,1,12,1,1,4,6,1,1
48,481342,1,2,99,13,7,20,7,12,6,1,1,99,9,12,481,12481,31,9999,999999999999,9,9,9,9,9,9,9,9,9,9,9,9,0,,,,,,,,,,,,,,,,,,,,,,,,,0,0,000000000,00000000000,0,0,0,1,0,0,0,0,0,99,0,998,0,0,0,12,12,9,1,12,0,0,0,1,99,99999,9,9,99,0,9,9,999,999,99,99,99,99,99,99,9999,99,9999,0,99,99,99,99,2,3,35,1,2,8,1,3,1,1,17,1,1,1,88,0,0
48,481342,2,2,2,13,7,20,7,12,6,1,0,48,1,52,34,52034,4,1997,4A3AJ56GXVE0,4,A,3,A,J,5,6,G,X,V,E,0,0,P,MITS,UEL,4D,97,17,2943,,0,1037,,G,,F,4,143,,,14R185,,,,,,0,0,000000000,00000000000,0,0,0,1,0,0,0,0,0,0,0,998,0,0,0,10,10,4,3,12,0,0,0,1,48,75218,0,0,0,0,0,0,67,292,0,0,0,0,0,0,0,0,0,0,0,0,0,0,1,2,98,1,8,8,98,3,1,1,17,1,1,1,89,2,0
48,481343,1,2,1,13,7,17,0,12,6,1,0,48,2,20,421,20421,15,2002,1GNEC13Z32R1,1,G,N,E,C,1,3,Z,3,2,R,1,0,P,CHEV,CTA,UT,2,17,4828,,0,1160,,F,,F,8,325,,,16R265,,,,,,0,0,000000000,00000000000,0,0,0,1,0,0,0,0,0,0,0,998,0,0,0,12,12,6,2,12,0,0,1,1,48,79252,6,1,0,0,3,3,999,999,0,2,0,0,0,4,2009,3,2011,0,51,0,0,0,2,2,98,3,2,8,1,0,0,14,12,1,1,7,64,1,0
48,481343,2,2,1,13,7,17,0,12,6,1,0,93,3,84,881,84881,66,2005,3HSCNAPR65N0,3,H,S,C,N,A,P,R,6,5,N,0,1,T,INTL,94I,TR,5,17,,8,0,0,940,D,,,6,915,,,,,00000,00,,64,1,57,1336603,571336603,3,6,1,1,0,0,0,0,0,0,0,998,0,1,3,11,11,6,2,12,0,0,1,1,1,36340,6,1,6,0,3,0,70,200,0,0,0,1,0,10,2008,10,2008,0,0,0,0,0,2,2,98,2,2,8,1,0,0,14,62,7,1,1,65,1,0
48,481344,1,2,3,14,7,3,15,12,2,1,0,20,1,82,881,82881,66,1998,1FUYDSEB4WL8,1,F,U,Y,D,S,E,B,4,W,L,8,1,T,FRHT,FLD,TR,98,17,,8,0,0,CON,D,,,6,774,,,,,00000,00,,64,1,57,1939554,571939554,3,6,1,1,0,0,0,0,0,0,0,998,0,0,0,12,12,6,2,12,0,0,0,1,20,67801,6,1,6,0,3,0,68,220,0,0,0,0,0,0,0,0,0,0,0,0,0,0,1,2,65,1,2,8,1,0,0,1,62,6,1,1,50,0,0
48,481344,2,2,1,14,7,3,15,12,2,1,0,48,2,12,481,12481,31,2002,1FTRW08L92KD,1,F,T,R,W,0,8,L,9,2,K,D,0,T,FORD,F1S,CW,2,17,,2,0,1388,COF,G,,,8,330,,,,B,5005,02,E,44,0,0,000000000,00000000000,0,0,0,1,0,0,0,0,0,0,0,998,0,0,0,12,12,6,2,2,0,0,1,1,48,79084,6,1,6,0,3,0,999,999,0,0,0,0,0,0,0,0,0,0,28,0,0,0,1,2,65,1,2,8,1,0,0,1,10,1,1,2,51,1,1
48,481345,1,3,1,14,7,0,45,12,6,1,0,48,0,37,706,37706,80,1997,1HFSC1801VA1,1,H,F,S,C,1,8,0,1,V,A,1,0,M,HOND,VC1,RS,97,17,,,,,,,1099,,2,,4,573,,,,,,,0,0,000000000,00000000000,0,0,0,1,0,0,0,0,0,0,0,998,0,0,0,12,12,9,2,12,0,0,0,1,48,77065,1,1,0,0,2,0,999,999,1,1,0,0,2,2,2010,4,2011,0,0,0,0,0,1,2,35,1,1,8,1,0,0,1,98,1,1,1,98,1,1
48,481345,2,3,1,14,7,0,45,12,6,1,0,48,1,72,706,72706,80,2004,1HD1FRW124Y7,1,H,D,1,F,R,W,1,2,4,Y,7,0,M,HD,FCI,RS,4,17,,,,,,,1450,,2,,4,999,,,,,,,0,0,000000000,00000000000,0,0,0,1,0,0,0,0,0,0,0,998,0,0,0,12,12,9,2,12,0,0,0,1,48,77064,6,1,0,0,2,3,999,999,0,0,0,0,0,0,0,0,0,0,0,0,0,0,1,2,35,1,1,8,1,0,0,1,98,1,1,1,98,0,1
48,481345,3,3,2,14,7,0,45,12,6,1,0,48,1,19,14,19014,4,1996,1G6KS52Y4TU8,1,G,6,K,S,5,2,Y,4,T,U,8,0,P,CADI,SLS,4D,96,17,3832,,0,1110,,G,,F,8,279,,,16R225,,,,,,0,0,000000000,00000000000,0,0,0,1,0,0,0,0,0,0,0,998,0,0,0,9,9,2,3,12,0,0,0,1,48,77086,6,1,0,0,3,3,999,999,0,0,0,0,0,0,0,0,0,0,48,0,0,0,1,2,35,1,1,8,1,0,0,12,10,1,1,6,98,0,0
48,481346,1,2,1,15,7,17,55,12,6,1,0,93,3,51,881,51881,66,2005,4V4NC9TG15N3,4,V,4,N,C,9,T,G,1,5,N,3,1,T,VOLV,VNL,TR,5,17,,8,0,0,VVN,D,,,6,915,,,,,00000,00,,64,1,57,1714043,571714043,3,6,1,1,0,0,0,0,0,0,0,998,0,0,0,3,3,4,3,12,0,0,1,1,29,63026,6,1,6,0,3,3,74,274,0,0,0,0,2,2,2009,2,2011,0,27,0,0,0,2,3,60,2,2,8,1,0,0,15,51,1,1,2,46,0,0
48,481346,2,2,6,15,7,17,55,12,6,1,0,48,2,37,32,37032,4,1991,1HGCB7256MA0,1,H,G,C,B,7,2,5,6,M,A,0,0,P,HOND,ALX,CP,91,17,2822,,0,1071,,G,,F,4,132,,,14R185,,,,,,0,0,000000000,00000000000,0,0,0,1,0,0,0,0,0,0,0,998,3,0,0,12,12,6,2,12,0,0,1,1,48,78251,0,0,0,0,0,0,999,999,0,0,0,0,0,0,0,0,0,0,0,0,0,0,2,3,60,2,2,8,1,0,0,14,60,1,1,1,45,1,0
48,481347,1,2,1,15,7,3,49,12,2,1,0,48,1,20,481,20481,31,2001,1GCHK23191F1,1,G,C,H,K,2,3,1,9,1,F,1,0,T,CHEV,2KH,CW,1,17,,2,1670,1530,SIL,D,,,8,403,,,,C,5766,00,,44,0,0,000000000,00000000000,0,0,0,1,0,0,0,0,0,0,0,998,0,0,0,12,12,6,2,12,0,0,0,1,48,75762,6,1,7,0,3,0,999,999,0,0,0,1,0,11,2010,11,2010,0,28,0,0,0,5,4,45,1,1,2,1,0,0,1,10,1,1,2,50,1,0
48,481347,2,2,1,15,7,3,49,12,2,1,0,93,3,85,881,85881,66,2008,1XKDD49X18R2,1,X,K,D,D,4,9,X,1,8,R,2,1,T,KW,T80,TR,8,17,,8,2600,1600,CON,D,,,6,915,,,,,00000,00,,64,1,57,1465539,571465539,3,6,2,1,0,0,0,0,0,0,0,998,0,0,0,12,12,6,2,12,0,0,0,1,48,75691,6,1,6,1,3,0,999,999,0,0,0,0,0,0,0,0,0,0,0,0,0,0,5,4,45,1,1,2,1,0,0,1,62,1,1,1,51,0,0
48,481348,1,4,1,15,7,17,50,12,1,1,1,48,3,20,481,20481,31,2006,1GCHC23D36F1,1,G,C,H,C,2,3,D,3,6,F,1,0,T,CHEV,2CH,CW,6,17,,2,1670,1530,SIL,D,,,8,403,,,,C,5594,02,,42,0,0,000000000,00000000000,0,0,0,1,0,0,0,0,0,0,0,998,0,0,0,12,12,4,3,12,0,0,0,1,48,78155,6,1,0,0,3,0,999,999,1,0,0,2,0,11,2008,6,2010,1,91,0,0,0,1,4,40,1,1,8,1,0,0,1,50,1,1,1,20,0,1
48,481348,2,4,2,15,7,17,50,12,1,1,0,48,2,19,5,19005,2,1990,1G6EL1332LU6,1,G,6,E,L,1,3,3,2,L,U,6,0,P,CADI,ELD,CP,90,17,3341,,0,1080,,G,,F,8,275,,,15R205,,,,,,0,0,000000000,00000000000,0,0,0,1,0,0,0,0,0,0,0,0,0,0,0,6,6,6,2,12,0,0,1,1,48,78644,6,1,0,0,3,0,999,999,0,0,0,0,0,0,0,0,0,0,0,0,0,0,1,4,40,1,1,8,1,0,0,5,53,1,1,1,21,1,0
48,481348,3,4,2,15,7,17,50,12,1,1,0,48,2,23,471,23471,30,1994,1GTCS19Z5RK5,1,G,T,C,S,1,9,Z,5,R,K,5,0,T,GMC,SON,PC,94,17,,1,0,1229,SON,G,,,6,262,,,,B,3088,00,A,42,0,0,000000000,00000000000,0,0,0,1,0,0,0,0,0,0,0,998,0,0,0,12,12,4,3,12,0,0,0,1,48,78666,6,1,0,0,3,0,999,999,0,0,0,0,0,0,0,0,0,0,0,0,0,0,1,4,40,1,1,8,1,0,0,1,62,6,1,2,98,0,0
48,481348,4,4,3,15,7,17,50,12,1,1,0,48,1,3,402,3402,14,2007,5GTDN13E0782,5,G,T,D,N,1,3,E,0,7,8,2,0,T,HUMM,HH3,4W,7,17,,1,0,1119,HUM,G,,,5,226,,,,,4700,00,4,44,0,0,000000000,00000000000,0,0,0,1,0,0,0,0,0,0,0,998,0,0,0,11,11,4,3,12,0,0,0,1,48,78666,6,1,0,0,3,0,999,999,0,0,0,0,0,0,0,0,0,0,0,0,0,0,1,4,40,1,1,8,1,0,0,17,62,7,1,1,98,0,0
48,481349,1,1,1,15,7,8,36,43,0,1,0,48,1,20,404,20404,14,2008,2CNDL33F4862,2,C,N,D,L,3,3,F,4,8,6,2,0,P,CHEV,EQU,UT,8,17,3699,,0,1125,,G,,F,6,207,,,17R235,,,,,,0,0,000000000,00000000000,0,0,0,1,0,0,0,0,0,0,0,998,0,0,0,12,12,6,2,14,0,0,0,1,48,78605,6,1,0,0,3,3,999,999,0,0,0,0,0,0,0,0,0,0,0,0,0,0,1,2,55,1,1,8,1,0,0,1,8,1,1,4,1,1,0
48,481350,1,2,1,16,7,1,41,8,0,1,0,48,2,37,32,37032,4,1995,JHMCD5653SC0,J,H,M,C,D,5,6,5,3,S,C,0,0,P,HOND,AEX,4D,95,17,2908,,0,1069,,G,,F,4,132,,,15R195,,,,,,0,0,000000000,00000000000,0,0,0,1,0,0,0,0,0,0,0,998,0,0,0,12,12,4,9,8,0,0,0,1,48,78244,1,1,0,0,2,3,999,999,1,1,0,0,0,5,2009,6,2011,0,92,0,0,0,3,4,60,1,1,8,1,0,0,1,80,1,1,1,13,0,1
48,481350,2,2,2,16,7,1,41,8,0,1,0,48,3,49,46,49046,4,2009,JTDKB20U9935,J,T,D,K,B,2,0,U,9,9,3,5,0,P,TOYT,PRI,4H,9,17,2932,,0,1063,,B,,F,4,091,,,15R185,,,,,,0,0,000000000,00000000000,0,0,0,1,0,0,0,0,0,0,0,998,0,0,0,2,2,2,9,8,36,0,0,1,48,78238,6,1,6,0,3,0,999,999,1,0,0,0,0,9,2009,9,2009,0,0,0,0,0,3,4,60,1,1,8,1,0,0,1,80,1,1,1,98,0,0
48,481351,1,1,1,16,7,21,45,8,0,1,0,48,1,20,481,20481,31,2005,2GCEC19T0512,2,G,C,E,C,1,9,T,0,5,1,2,0,T,CHEV,SC1,4C,5,17,,2,1575,1435,SIL,G,,,8,323,,,,B,4555,00,,42,0,0,000000000,00000000000,0,0,0,1,0,0,0,0,0,0,0,998,0,0,0,12,12,2,3,8,0,0,0,1,48,78412,6,1,0,0,3,3,999,999,0,0,0,0,0,0,0,0,0,0,0,0,0,0,3,3,60,1,1,8,1,0,0,1,80,6,1,1,13,0,0
48,481352,1,2,2,17,7,13,58,12,6,1,0,48,2,6,441,6441,20,2002,2C4GP54L82R7,2,C,4,G,P,5,4,L,8,2,R,7,0,T,CHRY,LXI,ES,2,17,,1,0,1193,TWC,G,,,6,230,,,,,4160,00,,42,0,0,000000000,00000000000,0,0,0,1,0,0,0,0,0,0,0,998,0,0,0,11,11,4,3,12,0,0,0,1,48,75939,6,1,0,0,3,3,999,999,0,0,0,0,0,0,0,0,0,0,48,0,0,0,1,2,70,1,2,8,1,0,0,12,10,1,1,2,98,0,0
48,481352,2,2,1,17,7,13,58,12,6,1,0,48,2,53,705,53705,80,2007,JS1GR7KA9721,J,S,1,G,R,7,K,A,9,7,2,1,0,M,SUZI,SX7,RC,7,17,,,,,,,749,,4,,4,359,,,,,,,0,0,000000000,00000000000,0,0,0,1,0,0,0,0,0,0,0,998,0,0,0,12,12,2,3,12,0,0,0,1,48,75939,3,1,0,0,2,0,999,999,0,24,0,1,0,9,2008,5,2011,0,0,0,0,0,1,2,70,1,2,8,1,0,0,1,64,6,1,2,98,1,0
48,481353,1,1,3,17,7,1,20,32,0,1,0,48,2,23,481,23481,31,2008,2GTEK6387811,2,G,T,E,K,6,3,8,7,8,1,1,0,T,GMC,LND,CW,8,17,,2,1670,1530,SIE,G,,,8,378,,,,C,5983,02,W,44,0,0,000000000,00000000000,0,0,0,1,0,0,0,0,0,0,0,998,0,1,5,12,12,4,3,1,0,0,0,1,48,77520,6,1,0,0,3,0,999,999,0,0,0,1,0,9,2008,9,2008,1,39,0,0,0,1,2,40,3,1,1,1,0,0,14,13,1,1,4,1,1,1
48,481354,1,2,3,17,7,23,19,1,0,1,0,48,1,20,37,20037,4,2005,1G1ND52F45M1,1,G,1,N,D,5,2,F,4,5,M,1,0,P,CHEV,CLA,4D,5,17,3106,,0,1070,,G,,F,4,134,,,15R205,,,,,,0,0,000000000,00000000000,0,0,0,1,0,0,0,0,0,0,0,998,0,0,0,7,7,2,1,12,0,0,0,1,48,75208,6,1,0,0,3,0,999,999,0,0,0,0,0,0,0,0,0,0,0,0,0,0,3,2,60,1,1,8,1,0,0,1,60,1,1,1,98,0,0
48,481354,2,2,1,17,7,23,19,1,0,1,0,48,2,53,706,53706,80,2008,JS1GT77A7821,J,S,1,G,T,7,7,A,7,8,2,1,0,M,SUZI,XR1,RC,8,17,,,,,,,999,,4,,4,379,,,,,,,0,0,000000000,00000000000,0,0,0,1,0,0,0,0,0,0,0,998,0,0,0,0,98,9,3,12,0,0,0,1,48,75104,6,1,0,0,3,0,999,999,0,0,0,0,0,0,0,0,0,1,0,0,0,0,3,2,60,1,1,8,1,0,0,1,6,1,1,1,98,1,0
48,481355,1,1,1,19,7,3,9,8,0,1,1,99,9,37,999,37999,99,9999,999999999999,9,9,9,9,9,9,9,9,9,9,9,9,0,,,,,,,,,,,,,,,,,,,,,,,,,0,0,000000000,00000000000,0,0,0,1,0,0,0,0,0,0,0,998,0,0,0,12,12,9,1,8,0,0,0,1,99,99999,9,9,99,9,9,9,999,999,99,99,99,99,99,99,9999,99,9999,0,38,23,0,0,5,4,35,1,1,8,1,0,0,1,80,1,1,1,13,0,1
48,481356,1,7,1,19,7,17,34,12,1,1,0,40,3,85,881,85881,66,2006,1XKAD09X46J1,1,X,K,A,D,0,9,X,4,6,J,1,1,T,KW,T60,TR,6,17,,8,2600,1600,CON,D,,,6,659,,,,,00000,00,,64,1,57,613084,57613084,3,6,2,1,0,0,0,0,0,0,0,998,0,0,0,12,12,6,2,2,0,0,1,1,48,78409,6,1,6,1,3,3,999,999,0,0,0,0,1,1,2011,1,2011,1,0,0,0,0,3,4,65,1,2,8,1,0,0,1,50,1,1,1,20,0,0
48,481356,2,7,1,19,7,17,34,12,1,1,0,48,1,13,1,13001,4,2005,1LNHM81W65Y6,1,L,N,H,M,8,1,W,6,5,Y,6,0,P,LINC,SIG,4D,5,17,4359,,0,1177,,G,,F,8,281,,,17R225,,,,,,0,0,000000000,00000000000,0,0,0,1,0,0,0,0,0,0,0,0,0,0,0,6,99,6,2,12,0,0,1,1,48,77504,6,1,0,0,3,3,999,999,0,0,0,0,0,0,0,0,0,0,0,0,0,0,3,4,65,1,2,8,1,0,0,5,53,1,1,1,21,1,0
48,481356,3,7,1,19,7,17,34,12,1,1,0,48,1,49,482,49482,31,2010,5TFFY5F16AX0,5,T,F,F,Y,5,F,1,6,A,X,0,0,T,TOYT,CRX,CW,10,17,,2,0,1457,TUN,G,,,8,348,,,,B,5355,00,7,42,0,0,000000000,00000000000,0,0,0,1,0,0,0,0,0,0,0,0,0,0,0,6,98,6,2,2,0,0,1,1,48,77471,6,1,0,0,3,0,999,999,0,0,0,0,0,0,0,0,0,0,0,0,0,0,3,4,65,1,2,8,1,0,0,5,53,1,1,1,98,0,0
48,481356,4,7,1,19,7,17,34,12,1,1,0,48,2,37,31,37031,4,2004,JHMES96664S0,J,H,M,E,S,9,6,6,6,4,S,0,0,P,HOND,CHY,4D,4,17,2732,,0,1032,,B,,F,4,082,,,14R185,,,,,,0,0,000000000,00000000000,0,0,0,1,0,0,0,0,0,0,0,0,0,0,0,6,98,6,2,2,0,0,1,1,48,77471,6,1,0,0,3,3,999,999,0,0,0,0,0,0,0,0,0,0,0,0,0,0,3,4,65,1,2,8,1,0,0,5,53,1,1,1,98,0,0
48,481356,5,7,1,19,7,17,34,12,1,1,0,48,1,49,403,49403,14,2006,JTEDP21A5601,J,T,E,D,P,2,1,A,5,6,0,1,0,P,TOYT,HIG,UT,6,17,3704,,0,1069,,G,,F,6,202,,,16R225,,,,,,0,0,000000000,00000000000,0,0,0,1,0,0,0,0,0,0,0,0,0,0,0,6,6,4,3,12,0,0,0,1,48,77469,6,1,0,0,3,3,999,999,0,0,0,0,0,0,0,0,0,0,0,0,0,0,3,4,65,1,2,8,1,0,0,5,53,1,1,1,98,0,0
48,481356,6,7,1,19,7,17,34,12,1,1,0,48,1,12,481,12481,31,2006,1FTPX12516KB,1,F,T,P,X,1,2,5,1,6,K,B,0,T,FORD,F15,4C,6,17,,2,0,1450,COF,G,,,8,329,,,,B,5065,04,E,42,0,0,000000000,00000000000,0,0,0,1,0,0,0,0,0,0,0,0,0,0,0,6,6,4,3,12,0,0,0,1,48,77479,6,1,0,0,3,3,999,999,0,0,0,0,0,0,0,0,0,0,0,0,0,0,3,4,65,1,2,8,1,0,0,5,53,1,1,1,98,0,0
48,481356,7,7,1,19,7,17,34,12,1,1,0,48,3,20,461,20461,21,2006,1GCEG15X4612,1,G,C,E,G,1,5,X,4,6,1,2,0,T,CHEV,E15,CG,6,17,,2,0,1350,EXP,G,,,6,262,,,,B,4894,00,,42,0,0,000000000,00000000000,0,0,0,1,0,0,0,0,0,0,0,0,0,0,0,6,6,2,1,12,0,0,0,1,48,77471,6,1,0,0,3,3,999,999,0,0,0,0,0,0,0,0,0,0,0,0,0,0,3,4,65,1,2,8,1,0,0,5,53,1,1,1,98,0,0
48,481357,1,2,2,20,7,20,55,12,6,1,0,48,1,52,47,52047,6,2007,JA4MS41XX7U0,J,A,4,M,S,4,1,X,X,7,U,0,0,P,MITS,OUT,UT,7,17,3635,,0,1051,,G,,F,6,183,,,18R225,,,,,,0,0,000000000,00000000000,0,0,0,1,0,0,0,0,0,0,0,998,0,0,0,12,12,4,3,12,0,0,0,1,48,77379,6,1,0,0,3,3,999,999,0,0,0,0,0,0,0,0,0,0,0,0,0,0,5,4,45,2,1,8,1,0,0,14,62,1,1,1,65,0,0
48,481357,2,2,1,20,7,20,55,12,6,1,0,48,1,24,7,24007,4,2006,1G8AL55F56Z1,1,G,8,A,L,5,5,F,5,6,Z,1,0,P,STRN,SI3,4D,6,17,2831,,0,1035,,G,,F,4,134,,,16R205,,,,,,0,0,000000000,00000000000,0,0,0,1,0,0,0,0,0,0,0,998,0,0,0,9,9,6,2,12,0,0,0,1,48,77388,6,1,0,0,3,3,999,999,0,0,0,0,0,0,0,0,0,1,58,0,0,0,5,4,45,3,1,8,1,0,0,14,52,6,3,2,64,1,0
48,481358,1,1,1,20,7,8,30,32,0,1,0,40,0,72,706,72706,80,1984,1HD1ECL27EY2,1,H,D,1,E,C,L,2,7,E,Y,2,0,M,HD,FRT,RS,84,17,,,,,,,1340,,2,,4,640,,,,,,,0,0,000000000,00000000000,0,0,0,1,0,0,0,0,0,0,0,998,0,0,0,12,12,2,3,32,0,0,0,1,48,75755,6,1,0,0,3,0,999,999,0,0,0,0,0,0,0,0,0,1,0,0,0,0,1,2,45,2,1,8,1,0,0,14,6,1,1,4,6,1,0
48,481359,1,2,2,21,7,21,41,12,1,1,0,48,3,87,881,87881,66,1998,1XP5DB9X9WD4,1,X,P,5,D,B,9,X,9,W,D,4,1,T,PTRB,379,TR,98,17,,8,0,0,CON,D,,,6,893,,,,,00000,00,,64,1,57,1962117,571962117,3,6,28,1,0,0,0,0,0,0,0,998,0,0,0,6,6,2,1,12,0,0,0,1,48,78211,6,1,6,0,3,0,999,999,0,0,0,0,1,12,2010,12,2010,0,0,0,0,0,3,4,65,1,2,8,1,0,0,1,53,1,1,1,25,0,0
48,481359,2,2,1,21,7,21,41,12,1,1,0,40,1,53,706,53706,80,1994,JS1GU75A7R21,J,S,1,G,U,7,5,A,7,R,2,1,0,M,SUZI,SXW,RC,94,17,,,,,,,1074,,4,,4,509,,,,,,,0,0,000000000,00000000000,0,0,0,1,0,0,0,0,0,0,0,998,0,0,0,12,12,4,3,12,0,0,0,1,48,78239,0,0,0,0,0,0,999,999,0,0,0,0,0,0,0,0,0,1,0,0,0,0,3,4,65,1,2,8,1,0,0,1,51,1,1,1,24,1,1
48,481360,1,1,1,23,7,3,45,8,0,1,0,48,1,86,881,86881,66,2006,1M1AJ06Y56N0,1,M,1,A,J,0,6,Y,5,6,N,0,1,T,MACK,CHN,TR,6,17,,8,0,0,600,D,,,6,728,,,,,00000,00,,64,1,57,1373423,571373423,3,6,3,1,0,0,0,0,0,0,0,998,0,0,0,12,12,2,1,8,0,0,0,1,48,76009,6,1,6,0,3,0,999,999,0,0,0,1,0,5,2009,5,2009,0,0,0,0,0,5,4,55,1,1,8,1,0,0,1,80,1,1,1,13,0,0
48,481361,1,2,1,23,7,0,9,12,6,1,0,92,0,73,706,73706,80,2007,JKAZXCD167A0,J,K,A,Z,X,C,D,1,6,7,A,0,0,M,KAWK,Z1D,RC,7,17,,,,,,,998,,4,,4,386,,,,,,,0,0,000000000,00000000000,0,0,0,1,0,0,0,0,0,0,0,100,0,0,0,12,12,9,2,12,0,0,0,1,48,79106,0,0,0,0,0,0,999,999,0,0,0,0,0,0,0,0,0,1,0,0,0,0,5,5,45,1,1,8,1,0,0,1,72,2,1,1,83,1,0