STATE,ST_CASE,VEH_NO,VE_FORMS,NUMOCCS,DAY,MONTH,HOUR,MINUTE,HARM_EV,MAN_COLL,UNITTYPE,HIT_RUN,REG_STAT,OWNER,MAKE,MODEL,MAK_MOD,BODY_TYP,MOD_YEAR,VIN,VIN_1,VIN_2,VIN_3,VIN_4,VIN_5,VIN_6,VIN_7,VIN_8,VIN_9,VIN_10,VIN_11,VIN_12,TOW_VEH,VINTYPE,VINMAKE,VINA_MOD,VIN_BT,VINMODYR,VIN_LNGT,VIN_WGT,WGTCD_TR,WHLBS_LG,WHLBS_SH,SER_TR,FUELCODE,MCYCL_DS,CARBUR,CYLINDER,DISPLACE,MCYCL_CY,MCYCL_WT,TIRE_SZE,TON_RAT,TRK_WT,TRKWTVAR,VIN_REST,WHLDRWHL,J_KNIFE,MCARR_I1,MCARR_I2,MCARR_ID,GVWR,V_CONFIG,CARGO_BT,HAZ_INV,HAZ_PLAC,HAZ_ID,HAZ_CNO,HAZ_REL,BUS_USE,SPEC_USE,EMER_USE,TRAV_SP,UNDERIDE,ROLLOVER,ROLINLOC,IMPACT1,IMPACT2,DEFORMED,TOWED,M_HARM,VEH_SC1,VEH_SC2,FIRE_EXP,DR_PRES,L_STATE,DR_ZIP,L_STATUS,L_TYPE,CDL_STAT,L_ENDORS,L_COMPL,L_RESTRI,DR_HGT,DR_WGT,PREV_ACC,PREV_SUS,PREV_DWI,PREV_SPD,PREV_OTH,FIRST_MO,FIRST_YR,LAST_MO,LAST_YR,SPEEDREL,DR_SF1,DR_SF2,DR_SF3,DR_SF4,VTRAFWAY,VNUM_LAN,VSPD_LIM,VALIGN,VPROFILE,VPAVETYP,VSURCOND,VTRAFCON,VTCONT_F,P_CRASH1,P_CRASH2,P_CRASH3,PCRASH4,PCRASH5,ACC_TYPE,DEATHS,DR_DRINK
48,481392,4,4,1,11,7,7,50,12,1,1,0,48,1,72,706,72706,80,2002,1HD1BJY162Y0,1,H,D,1,B,J,Y,1,6,2,Y,0,0,M,HD,STC,RS,2,17,,,,,,,1450,,2,,4,696,,,,,,,0,0,000000000,00000000000,0,0,0,1,0,0,0,0,0,0,0,998,0,0,0,12,12,2,3,12,0,0,0,1,48,75468,6,1,0,0,3,0,999,999,0,0,0,0,0,0,0,0,0,0,0,0,0,0,1,3,60,1,1,8,1,98,3,1,62,1,1,1,98,0,0
48,481393,1,2,1,12,7,11,1,8,0,1,0,48,1,20,421,20421,15,1999,3GNEK18R3XG2,3,G,N,E,K,1,8,R,3,X,G,2,0,P,CHEV,KTA,UT,99,17,4858,,0,1115,,G,,F,8,350,,,16R245,,,,,,0,0,000000000,00000000000,0,0,0,1,0,0,0,0,0,0,0,998,0,0,0,12,12,2,3,8,0,0,0,1,48,78747,6,1,0,0,3,0,999,999,0,0,0,0,0,0,0,0,0,0,84,0,0,0,2,6,45,2,2,8,1,0,0,14,80,1,1,1,13,0,0
48,481393,2,2,0,12,7,11,1,8,0,1,0,48,6,49,38,49038,2,1996,JT2AC52L6T01,J,T,2,A,C,5,2,L,6,T,0,1,0,P,TOYT,TTD,2D,96,17,1950,,0,937,,G,,F,4,091,,,13R155,,,,,,0,0,000000000,00000000000,0,0,0,1,0,0,0,0,0,0,0,0,0,0,0,6,6,6,2,12,0,0,0,0,0,99997,7,6,97,7,6,7,998,997,998,998,998,998,998,98,9998,98,9998,8,0,0,0,0,2,6,45,2,2,8,1,0,0,0,53,0,0,0,98,0,0
48,481394,1,2,1,13,7,7,43,12,6,1,0,48,1,55,36,55036,4,2008,KMHCN46C28U2,K,M,H,C,N,4,6,C,2,8,U,2,0,P,HYUN,ALS,4D,8,17,2365,,0,984,,G,,F,4,098,,,14R185,,,,,,0,0,000000000,00000000000,0,0,0,1,0,0,0,0,0,0,0,998,0,0,0,3,3,6,2,12,0,0,0,1,48,78655,6,1,0,0,3,3,999,999,0,0,0,0,0,0,0,0,0,1,58,0,0,0,1,2,55,3,2,8,1,0,0,14,13,6,4,6,64,1,0
48,481394,2,2,1,13,7,7,43,12,6,1,0,48,2,35,43,35043,4,2007,3N1AB61E37L7,3,N,1,A,B,6,1,E,3,7,L,7,0,P,NISS,SL2,4D,7,17,2853,,0,1057,,G,,F,4,122,,,15R205,,,,,,0,0,000000000,00000000000,0,0,0,1,0,0,0,0,0,0,0,998,0,0,0,12,12,4,3,12,0,0,0,1,48,78655,6,1,0,0,3,3,999,999,0,0,0,0,0,0,0,0,0,0,0,0,0,0,1,2,55,2,2,8,1,0,0,14,62,1,1,1,65,0,0
48,481395,1,2,1,13,7,17,35,12,2,1,0,48,1,6,441,6441,20,1998,1C4GP64L9WB5,1,C,4,G,P,6,4,L,9,W,B,5,0,T,CHRY,LXI,ES,98,17,,1,0,1193,TWC,G,,,6,230,,,,,4090,00,,42,0,0,000000000,00000000000,0,0,0,1,0,0,0,0,0,0,0,998,0,0,0,12,12,4,3,12,0,0,0,1,48,76642,6,1,0,0,3,3,999,999,1,0,0,0,0,12,2008,12,2008,0,38,0,0,0,1,2,70,2,2,8,1,0,0,11,15,1,1,1,68,0,0
48,481395,2,2,1,13,7,17,35,12,2,1,0,48,2,12,3,12003,2,2002,1FAFP40452F1,1,F,A,F,P,4,0,4,5,2,F,1,0,P,FORD,MUS,CP,2,17,3066,,0,1013,,G,,F,6,232,,,16R225,,,,,,0,0,000000000,00000000000,0,0,0,1,0,0,0,0,0,0,0,998,0,0,0,12,12,4,3,12,0,0,0,1,48,76693,6,1,0,0,3,3,999,999,0,0,0,0,0,0,0,0,0,0,0,0,0,0,1,2,70,3,2,8,1,0,0,14,62,7,1,1,69,1,0
48,481396,1,2,4,14,7,22,2,12,6,1,0,48,2,7,41,7041,4,2004,2B3HD46R34H6,2,B,3,H,D,4,6,R,3,4,H,6,0,P,DODG,ISE,4D,4,17,3329,,0,1130,,G,,F,6,167,,,16R225,,,,,,0,0,000000000,00000000000,0,0,0,1,0,0,0,0,0,0,0,998,0,0,0,4,4,6,2,12,0,0,0,1,48,75020,6,2,0,0,3,0,999,999,0,0,0,0,0,0,0,0,0,0,38,0,0,0,5,2,55,1,1,8,1,3,3,11,15,1,1,1,68,1,0
48,481396,2,2,1,14,7,22,2,12,6,1,0,48,1,20,481,20481,31,2007,1GCHK236X7F5,1,G,C,H,K,2,3,6,X,7,F,5,0,T,CHEV,2KH,CW,7,17,,2,1670,1530,SIL,D,,,8,403,,,,C,5883,02,,44,0,0,000000000,00000000000,0,0,0,1,0,0,0,0,0,0,0,998,0,0,0,12,12,4,3,12,0,0,0,1,48,75092,6,1,0,0,3,3,999,999,0,0,0,0,0,0,0,0,0,0,0,0,0,0,5,2,55,1,1,8,1,3,3,1,62,1,1,1,69,0,0
48,481397,1,1,1,14,7,12,34,1,0,1,0,48,1,37,32,37032,4,2006,JHMCM56836C0,J,H,M,C,M,5,6,8,3,6,C,0,0,P,HOND,UEX,4D,6,17,3239,,0,1079,,G,,F,4,146,,,16R205,,,,,,0,0,000000000,00000000000,0,0,0,1,0,0,0,0,0,0,0,998,0,2,5,0,9,6,2,1,0,0,0,1,48,75904,6,1,0,0,3,3,999,999,1,0,0,0,0,6,2009,6,2009,0,58,0,0,0,1,4,70,2,1,8,1,0,0,14,13,6,4,4,7,1,0
48,481398,1,1,2,15,7,5,0,38,0,1,0,48,2,98,734,98734,90,2006,4XABG50A0648,4,X,A,B,G,5,0,A,0,6,4,8,0,M,POLS,S54,AT,6,17,,,,,,,499,,1,,4,571,,,,,,,0,0,000000000,00000000000,0,0,0,1,0,0,0,0,0,0,0,998,0,1,5,12,12,4,3,1,0,0,0,1,48,75401,1,1,0,0,2,0,63,233,0,10,0,3,1,8,2008,7,2011,1,39,0,0,0,1,2,55,1,1,8,1,20,3,11,6,1,2,4,2,1,1
48,481399,1,2,1,15,7,19,9,1,0,1,0,48,2,37,706,37706,80,2007,JH2SC57097M3,J,H,2,S,C,5,7,0,9,7,M,3,0,M,HOND,CBS,RC,7,17,,,,,,,998,,4,,4,388,,,,,,,0,0,000000000,00000000000,0,0,0,1,0,0,0,0,0,0,0,998,0,0,0,0,1,2,3,12,0,0,0,1,48,76148,6,1,0,0,3,0,999,999,0,0,0,0,0,0,0,0,0,1,36,0,0,0,1,2,30,1,1,8,1,0,0,1,8,1,7,1,98,1,0
48,481399,2,2,1,15,7,19,9,1,0,1,0,48,1,49,49,49049,6,2008,JTLKE50EX810,J,T,L,K,E,5,0,E,X,8,1,0,0,P,TOYT,SXB,UT,8,17,3020,,0,1024,,G,,F,4,146,,,16R205,,,,,,0,0,000000000,00000000000,0,0,0,1,0,0,0,0,0,0,0,998,0,0,0,11,11,2,1,12,0,0,0,1,48,76148,6,1,0,0,3,0,999,999,1,0,0,0,0,1,2009,1,2009,0,0,0,0,0,1,2,30,1,1,8,1,0,0,1,62,4,1,1,98,0,0
48,481400,1,1,2,16,7,1,59,14,0,1,0,48,2,72,706,72706,80,2006,1HD1GX1156K3,1,H,D,1,G,X,1,1,5,6,K,3,0,M,HD,FXI,RS,6,17,,,,,,,1450,,2,,4,634,,,,,,,0,0,000000000,00000000000,0,0,0,1,0,0,0,0,0,0,0,998,0,0,0,3,3,9,3,14,0,0,0,1,48,75243,6,1,0,0,3,0,999,999,0,2,0,1,0,7,2008,1,2011,1,0,0,0,0,1,2,25,3,1,8,1,0,0,14,6,1,1,4,1,1,1
48,481401,1,1,6,16,7,19,45,7,0,1,0,48,2,12,481,12481,31,1999,1FTZX1722XKA,1,F,T,Z,X,1,7,2,2,X,K,A,1,T,FORD,F15,4C,99,17,,1,1571,1385,COF,G,,,6,256,,,,B,00000,00,U,42,2,0,000000000,00000000000,0,0,0,1,0,0,0,0,0,0,0,998,0,1,5,0,0,4,3,7,0,0,0,1,48,75939,6,1,0,0,3,0,999,999,1,0,0,0,1,12,2008,12,2008,0,88,58,91,0,1,4,70,1,3,8,1,0,0,1,98,9,3,2,0,1,1
48,481402,1,1,1,17,7,20,28,42,0,1,0,48,1,63,34,63034,4,2008,KNAGE1246852,K,N,A,G,E,1,2,4,6,8,5,2,0,P,KIA,OLE,4D,8,17,3287,,0,1071,,G,,F,6,165,,,16R205,,,,,,0,0,000000000,00000000000,0,0,0,1,0,0,0,0,0,0,0,998,0,1,5,12,12,6,2,42,0,0,0,1,48,76692,6,1,6,0,3,3,999,999,0,2,0,0,0,2,2009,2,2009,1,0,0,0,0,1,2,70,1,2,8,1,0,0,6,6,6,4,4,7,1,1
48,481403,1,1,1,17,7,22,58,1,0,1,0,48,2,53,705,53705,80,2005,JS1GN7CA5521,J,S,1,G,N,7,C,A,5,5,2,1,0,M,SUZI,GSK,RC,5,17,,,,,,,599,,4,,4,355,,,,,,,0,0,000000000,00000000000,0,0,0,1,0,0,0,0,0,0,0,998,0,0,0,0,99,9,2,53,0,0,0,1,48,75208,6,1,0,0,2,3,999,999,0,0,0,0,0,0,0,0,0,1,37,0,0,0,1,2,60,3,1,8,1,0,0,14,6,6,4,4,2,1,0
48,481404,1,2,1,18,7,18,13,12,2,1,0,48,1,18,2,18002,4,2005,1G4HP54K15U1,1,G,4,H,P,5,4,K,1,5,U,1,0,P,BUIC,LCF,4D,5,17,3567,,0,1122,,G,,F,6,232,,,15R215,,,,,,0,0,000000000,00000000000,0,0,0,1,0,0,0,0,0,0,0,998,0,0,0,12,12,6,2,12,0,0,0,1,48,76528,6,1,0,0,3,0,999,999,0,0,0,0,0,0,0,0,0,0,38,0,0,0,1,2,70,1,2,8,1,0,0,11,15,1,1,1,68,0,0
48,481404,2,2,1,18,7,18,13,12,2,1,0,48,1,53,709,53709,80,2009,JS1VS55A9921,J,S,1,V,S,5,5,A,9,9,2,1,0,M,SUZI,VL8,RS,9,17,,,,,,,805,,2,,4,542,,,,,,,0,0,000000000,00000000000,0,0,0,1,0,0,0,0,0,0,0,998,0,0,0,12,12,9,3,12,0,0,0,1,48,76657,6,1,0,0,3,0,999,999,0,0,0,0,0,0,0,0,0,0,0,0,0,0,1,2,70,1,2,8,1,0,0,1,62,1,1,1,69,1,0
48,481405,1,1,1,18,7,23,28,1,0,1,0,48,1,20,481,20481,31,2002,2GCEC19T9212,2,G,C,E,C,1,9,T,9,2,1,2,0,T,CHEV,SC1,4C,2,17,,2,1575,1435,SIL,G,,,8,325,,,,B,4534,03,,42,0,0,000000000,00000000000,0,0,0,1,0,0,0,0,0,0,0,998,0,2,5,0,0,6,2,1,0,0,0,1,48,79118,6,1,6,0,3,3,999,999,0,1,0,0,1,3,2009,1,2011,1,58,0,0,0,1,2,55,3,1,8,1,0,0,14,13,6,4,4,7,1,1
48,481406,1,1,1,19,7,17,46,1,0,1,0,22,3,86,881,86881,66,2007,1M2AG11Y07M0,1,M,2,A,G,1,1,Y,0,7,M,0,1,T,MACK,CV7,TR,7,17,,8,0,0,700,D,,,6,728,,,,,00000,00,,64,1,57,300737,57300737,3,6,3,1,0,0,0,0,0,0,0,998,0,2,5,0,99,6,2,1,0,0,0,1,22,71109,6,1,6,0,3,0,74,210,0,2,0,0,0,1,2009,5,2009,1,0,0,0,0,1,2,60,1,1,8,1,40,3,1,13,8,2,4,2,1,0
48,481407,1,1,1,19,7,9,24,42,0,1,0,48,1,63,401,63401,14,2010,KNDKG3A45A76,K,N,D,K,G,3,A,4,5,A,7,6,0,P,KIA,SPO,UT,10,17,3230,,0,1035,,G,,F,4,122,,,16R235,,,,,,0,0,000000000,00000000000,0,0,0,1,0,0,0,0,0,0,0,998,0,0,0,12,12,6,2,42,0,0,0,1,48,78416,6,1,0,0,3,0,999,999,0,0,0,0,0,0,0,0,0,1,0,0,0,0,1,2,55,1,2,8,1,40,3,1,1,1,1,4,1,1,0
48,481408,1,1,2,20,7,20,5,1,0,1,0,48,2,7,482,7482,31,2002,1D7HA18N82S7,1,D,7,H,A,1,8,N,8,2,S,7,0,T,DODG,Q15,CW,2,17,,2,1605,1405,RPC,G,,,8,287,,,,B,4747,01,E,42,0,0,000000000,00000000000,0,0,0,1,0,0,0,0,0,0,0,998,0,1,5,0,0,6,2,1,0,0,0,1,48,79035,0,0,0,0,0,0,999,999,0,0,0,0,0,0,0,0,0,0,58,0,0,0,1,2,70,1,1,8,1,0,0,1,13,6,3,4,2,1,1
48,481409,1,1,1,20,7,15,50,1,0,1,0,48,1,72,706,72706,80,2011,1HD1KEM11BB6,1,H,D,1,K,E,M,1,1,B,B,6,0,M,HD,FTK,RS,11,17,,,,,,,1690,,2,,4,857,,,,,,,0,0,000000000,00000000000,0,0,0,1,0,0,0,0,0,0,0,998,0,0,0,0,0,9,2,1,0,0,0,1,48,79118,3,1,0,0,2,3,999,999,0,0,0,1,0,9,2010,9,2010,1,24,0,0,0,1,2,60,3,2,8,1,0,0,14,13,1,1,4,1,1,0
48,481410,1,1,1,20,7,21,12,8,0,1,0,48,1,12,17,12017,4,2006,1FAFP53U36A1,1,F,A,F,P,5,3,U,3,6,A,1,0,P,FORD,TSE,4D,6,17,3307,,0,1085,,G,,F,6,183,,,16R215,,,,,,0,0,000000000,00000000000,0,0,0,1,0,0,0,0,0,0,0,998,0,0,0,12,12,2,3,8,0,0,0,1,48,76014,6,1,0,0,3,0,999,999,0,0,0,0,0,0,0,0,0,0,0,0,0,0,2,2,40,1,1,8,1,2,3,1,80,1,1,1,13,0,0
48,481411,1,2,1,21,7,18,0,12,6,1,0,48,1,12,880,12880,67,2008,1FTWW33RX8EC,1,F,T,W,W,3,3,R,X,8,E,C,0,T,FORD,F3D,CW,8,17,,3,1720,1560,DRW,D,,,8,390,,,,D,7256,01,E,44,0,99,999999999,99999999999,2,1,97,1,0,0,0,0,0,0,0,998,0,0,0,11,11,4,3,12,0,0,0,1,48,77665,1,1,0,0,2,0,999,999,1,3,0,0,0,4,2009,3,2011,0,0,0,0,0,4,2,55,1,1,8,1,0,0,1,66,1,1,1,86,0,0
48,481411,2,2,1,21,7,18,0,12,6,1,0,48,1,20,481,20481,31,1991,2GCEC19K3M11,2,G,C,E,C,1,9,K,3,M,1,1,0,T,CHEV,GC1,PC,91,17,,2,1555,1415,GM4,G,,,8,350,,,,B,00000,00,,42,0,0,000000000,00000000000,0,0,0,1,0,0,0,0,0,0,0,998,0,0,0,1,1,4,3,12,0,0,0,1,48,77665,1,1,0,0,2,0,999,999,0,1,0,0,0,7,2010,7,2010,0,38,0,0,0,1,2,99,1,1,8,1,20,3,1,17,1,1,1,87,1,0
48,481412,1,2,1,21,7,9,5,12,8,1,0,48,1,20,481,20481,31,2004,2GCEK13T8413,2,G,C,E,K,1,3,T,8,4,1,3,0,T,CHEV,SK1,CW,4,17,,2,0,1435,SIL,G,,,8,323,,,,B,5244,00,,44,0,0,000000000,00000000000,0,0,0,1,0,0,0,0,0,0,0,998,0,0,0,11,11,6,2,12,0,0,0,1,48,79065,6,1,0,0,3,0,999,999,0,2,0,0,0,7,2009,2,2011,0,28,0,0,0,1,2,70,2,2,8,1,0,0,14,10,1,1,2,64,1,1
48,481412,2,2,1,21,7,9,5,12,8,1,0,48,3,86,881,86881,66,2009,1M1AX09Y79M0,1,M,1,A,X,0,9,Y,7,9,M,0,1,T,MACK,GU7,TR,9,17,,8,0,0,700,D,,,6,783,,,,,00000,00,,64,1,57,1487083,571487083,3,6,98,1,0,0,0,0,0,0,0,998,0,0,0,11,11,4,1,12,0,0,0,1,48,79065,6,1,6,9,3,3,999,999,0,0,0,0,0,0,0,0,0,0,0,0,0,0,1,2,70,3,2,8,1,0,0,14,62,1,1,1,65,0,0
48,481413,1,1,1,22,7,21,40,8,0,1,0,22,1,23,880,23880,67,2008,1GTJC336X8F2,1,G,T,J,C,3,3,6,X,8,F,2,0,T,GMC,SC3,CW,8,17,,3,0,1670,SIE,D,,,8,403,,,,D,6279,00,4,42,0,99,999999999,99999999999,2,1,97,1,0,0,0,0,0,0,0,998,0,0,0,12,12,2,3,8,0,0,0,1,22,70656,6,1,6,0,3,0,72,259,0,1,0,2,1,4,2009,3,2011,0,0,0,0,0,2,2,65,1,1,8,1,0,0,1,80,1,1,1,13,0,0
48,481414,1,1,2,23,7,18,25,11,0,1,0,48,2,76,706,76706,80,2007,JYAVP11EX7A0,J,Y,A,V,P,1,1,E,X,7,A,0,0,M,YAMA,XVS,RS,7,17,,,,,,,1063,,2,,4,571,,,,,,,0,0,000000000,00000000000,0,0,0,1,0,0,0,0,0,0,0,998,0,0,0,12,12,9,2,11,0,0,0,1,48,78010,6,1,0,0,2,0,999,999,0,1,0,0,0,9,2008,9,2008,0,0,0,0,0,1,2,70,1,1,8,1,0,0,1,87,3,2,1,13,1,1
48,481415,1,2,1,24,7,4,39,12,1,1,0,48,1,35,401,35401,14,1993,JN8HD17SXPW1,J,N,8,H,D,1,7,S,X,P,W,1,0,P,NISS,PFI,UT,93,17,3582,,0,1043,,G,,F,6,181,,,000000,,,,,,0,0,000000000,00000000000,0,0,0,1,0,0,0,0,0,0,0,998,0,0,0,12,12,2,3,12,0,0,0,1,48,75217,6,1,0,0,3,0,999,999,0,0,0,0,1,5,2010,5,2010,1,0,0,0,0,3,5,60,1,2,8,1,0,0,1,51,1,1,1,28,0,0
48,481415,2,2,2,24,7,4,39,12,1,1,0,48,2,12,401,12401,14,1999,1FMZU24E3XUA,1,F,M,Z,U,2,4,E,3,X,U,A,0,P,FORD,EPR,UT,99,17,3898,,0,1017,,G,,F,6,245,,,15R235,,,,,,0,0,000000000,00000000000,0,0,0,1,0,0,0,0,0,0,0,998,0,1,5,6,0,6,2,1,0,0,0,1,48,75082,0,0,0,0,0,0,999,999,0,0,0,0,0,0,0,0,0,0,0,0,0,0,3,5,60,1,2,8,1,0,0,2,53,1,1,1,29,1,0
48,481416,1,3,5,24,7,14,46,12,1,1,0,48,1,23,431,23431,16,2002,3GKEC16Z02G2,3,G,K,E,C,1,6,Z,0,2,G,2,0,T,GMC,CX1,4W,2,17,,2,0,1300,YUK,F,,,8,325,,,,B,4947,00,K,42,0,0,000000000,00000000000,0,0,0,1,0,0,0,0,0,0,0,62,0,0,0,12,12,6,2,12,0,0,0,1,48,77340,6,1,0,0,3,3,999,999,0,0,0,0,0,0,0,0,0,1,0,0,0,0,1,2,55,1,1,8,1,0,0,1,50,1,1,1,20,1,0
48,481416,2,3,3,24,7,14,46,12,1,1,0,48,1,12,481,12481,31,2009,1FTPW12V99FB,1,F,T,P,W,1,2,V,9,9,F,B,0,T,FORD,F1S,CW,9,17,,2,1570,1450,COF,F,,,8,329,,,,B,5156,01,L,42,0,0,000000000,00000000000,0,0,0,1,0,0,0,0,0,0,0,0,0,0,0,6,6,6,2,12,0,0,0,1,48,77382,6,1,0,0,3,3,999,999,0,0,0,0,0,0,0,0,0,0,0,0,0,0,1,2,55,1,1,8,1,0,0,5,53,1,1,1,21,0,0
48,481416,3,3,1,24,7,14,46,12,1,1,0,48,1,20,481,20481,31,2008,2GCEC13J4813,2,G,C,E,C,1,3,J,4,8,1,3,0,T,CHEV,SC1,CW,8,17,,2,0,1435,SIL,G,,,8,323,,,,B,5148,00,,42,0,0,000000000,00000000000,0,0,0,1,0,0,0,0,0,0,0,998,0,0,0,12,12,6,2,12,0,0,0,1,48,77584,6,1,0,0,3,0,999,999,1,0,0,0,0,9,2008,9,2008,0,0,0,0,0,1,2,55,1,1,8,1,0,0,1,62,7,1,1,98,0,0
48,481417,1,1,1,25,7,20,11,52,0,1,0,48,2,20,431,20431,16,1998,3GNEC16R8WG1,3,G,N,E,C,1,6,R,8,W,G,1,0,P,CHEV,C15,UT,98,17,4825,,0,1315,,G,,F,8,350,,,15R235,,,,,,0,0,000000000,00000000000,0,0,0,1,0,0,0,0,0,0,0,998,0,1,5,12,12,6,2,42,0,0,0,1,48,78642,6,1,0,0,3,0,999,999,0,0,0,0,1,2,2011,2,2011,0,0,0,0,0,5,4,65,2,2,8,1,0,0,14,12,1,1,4,6,1,0
48,481418,1,3,1,27,7,16,5,12,6,1,0,48,1,73,705,73705,80,2005,JKAVNDA115B5,J,K,A,V,N,D,A,1,1,5,B,5,0,M,KAWK,V75,RS,5,17,,,,,,,749,,2,,4,487,,,,,,,0,0,000000000,00000000000,0,0,0,1,0,0,0,0,0,0,0,998,0,0,0,12,99,9,2,12,0,0,0,1,48,78229,0,0,0,0,0,0,999,999,0,0,0,0,0,0,0,0,0,0,31,38,0,0,0,0,0,0,0,0,0,0,0,10,16,1,1,1,78,1,1
48,481418,2,3,1,27,7,16,5,12,6,1,0,48,2,20,22,20022,2,2007,1G1AK15F3773,1,G,1,A,K,1,5,F,3,7,7,3,0,P,CHEV,BLS,CP,7,17,2991,,0,1033,,G,,F,4,134,,,15R195,,,,,,0,0,000000000,00000000000,0,0,0,1,0,0,0,0,0,0,0,998,0,0,0,83,83,2,1,12,0,0,0,1,48,76522,6,1,0,0,3,3,999,999,0,0,0,1,0,8,2008,8,2008,0,0,0,0,0,4,3,50,1,1,8,1,0,0,1,70,1,1,1,79,0,0
48,481418,3,3,1,27,7,16,5,12,6,1,0,48,1,18,7,18007,4,1989,1G4AH51N6KT4,1,G,4,A,H,5,1,N,6,K,T,4,0,P,BUIC,CCU,4D,89,17,2725,,0,1049,,G,,F,6,204,,,14R185,,,,,,0,0,000000000,00000000000,0,0,0,1,0,0,0,0,0,0,0,998,0,0,0,99,99,2,1,12,0,0,0,1,48,78213,6,1,0,0,3,0,999,999,0,7,0,0,0,1,2009,4,2009,0,0,0,0,0,4,3,50,1,1,8,1,0,0,1,61,1,1,1,98,0,0
48,481419,1,2,1,27,7,7,8,12,8,1,0,48,3,12,481,12481,31,1998,1FTRX17L9WKB,1,F,T,R,X,1,7,L,9,W,K,B,0,T,FORD,F15,3C,98,17,,2,1570,1390,COF,G,,,8,330,,,,B,4067,02,E,42,0,0,000000000,00000000000,0,0,0,1,0,0,0,0,0,0,0,998,0,0,0,11,11,6,2,12,0,0,0,1,48,76903,6,1,0,0,3,3,999,999,0,0,0,0,0,0,0,0,0,0,51,0,0,0,1,2,70,1,1,8,1,0,0,1,10,1,1,2,64,1,0
48,481419,2,2,2,27,7,7,8,12,8,1,0,48,3,86,881,86881,66,2007,1M2AT04Y47M0,1,M,2,A,T,0,4,Y,4,7,M,0,0,T,MACK,CTP,TR,7,17,,8,0,0,700,D,,,6,659,,,,,00000,00,,64,0,57,1796950,571796950,3,5,96,1,0,0,0,0,0,0,0,998,0,0,0,61,61,2,3,12,0,0,0,1,48,76950,6,1,6,0,3,0,999,999,0,0,0,0,1,3,2011,3,2011,0,0,0,0,0,1,2,70,1,1,8,1,0,0,1,62,7,1,1,65,0,0
48,481420,1,1,3,27,7,16,11,1,0,1,0,48,3,12,481,12481,31,2006,1FTPX14586KA,1,F,T,P,X,1,4,5,8,6,K,A,0,T,FORD,F15,4C,6,17,,2,0,1450,COF,G,,,8,329,,,,B,4297,16,E,44,0,0,000000000,00000000000,0,0,0,1,0,0,0,0,0,0,0,998,0,1,5,0,0,4,3,1,0,0,0,1,48,79070,6,1,0,0,3,0,999,999,0,0,0,0,0,0,0,0,0,1,58,0,0,0,1,2,60,1,1,8,1,98,3,1,13,6,2,4,2,2,0
48,481421,1,2,1,28,7,5,49,12,6,1,0,48,1,72,706,72706,80,1998,1HD1GDL10WY3,1,H,D,1,G,D,L,1,0,W,Y,3,0,M,HD,FDL,RS,98,17,,,,,,,1340,,2,,4,598,,,,,,,0,0,000000000,00000000000,0,0,0,1,0,0,0,0,0,0,0,998,0,0,0,12,12,6,2,12,0,0,0,1,48,76528,6,1,6,0,3,0,999,999,0,0,0,0,0,0,0,0,0,0,38,0,0,0,1,2,99,1,8,8,1,20,3,4,17,1,1,1,86,1,0
48,481421,2,2,1,28,7,5,49,12,6,1,0,48,3,87,881,87881,66,1999,1XP5DB9X1XD4,1,X,P,5,D,B,9,X,1,X,D,4,1,T,PTRB,379,TR,99,17,,8,0,0,CON,D,,,6,893,,,,,00000,00,,64,1,57,1053147,571053147,3,6,4,1,0,0,0,0,0,0,0,998,0,0,0,2,2,2,1,12,0,0,0,1,48,76531,6,1,6,0,3,0,999,999,1,0,0,0,4,1,2010,5,2011,0,0,0,0,0,2,4,60,1,1,8,1,0,0,1,66,1,1,1,87,0,0
48,481422,1,3,1,28,7,8,56,12,1,1,0,48,3,87,881,87881,66,1995,1XP5D69X4SD3,1,X,P,5,D,6,9,X,4,S,D,3,1,T,PTRB,379,TR,95,17,,8,0,0,CON,D,,,6,855,,,,,00000,00,,64,1,57,2080667,572080667,3,6,4,1,0,0,0,0,0,0,0,0,0,0,0,6,6,2,1,12,0,0,0,1,48,79014,6,1,6,0,3,3,999,999,0,0,0,1,0,12,2009,12,2009,0,0,0,0,0,1,2,55,1,1,8,1,50,3,5,53,1,1,1,98,0,0
48,481422,2,3,1,28,7,8,56,12,1,1,0,48,1,7,482,7482,31,2011,3D6WU6CL3BG5,3,D,6,W,U,6,C,L,3,B,G,5,0,T,DODG,L4T,CH,11,17,,4,1974,1734,RPC,D,,,6,408,,,,E,8600,00,K,44,0,0,000000000,00000000000,0,0,0,1,0,0,0,0,0,0,0,0,0,0,0,6,6,4,3,12,0,0,0,1,48,79097,6,1,6,0,3,0,999,999,0,0,0,0,0,0,0,0,0,0,0,0,0,0,1,2,55,1,1,8,1,50,3,5,53,1,1,1,21,0,0