STATE,ST_CASE,VEH_NO,VE_FORMS,NUMOCCS,DAY,MONTH,HOUR,MINUTE,HARM_EV,MAN_COLL,UNITTYPE,HIT_RUN,REG_STAT,OWNER,MAKE,MODEL,MAK_MOD,BODY_TYP,MOD_YEAR,VIN,VIN_1,VIN_2,VIN_3,VIN_4,VIN_5,VIN_6,VIN_7,VIN_8,VIN_9,VIN_10,VIN_11,VIN_12,TOW_VEH,VINTYPE,VINMAKE,VINA_MOD,VIN_BT,VINMODYR,VIN_LNGT,VIN_WGT,WGTCD_TR,WHLBS_LG,WHLBS_SH,SER_TR,FUELCODE,MCYCL_DS,CARBUR,CYLINDER,DISPLACE,MCYCL_CY,MCYCL_WT,TIRE_SZE,TON_RAT,TRK_WT,TRKWTVAR,VIN_REST,WHLDRWHL,J_KNIFE,MCARR_I1,MCARR_I2,MCARR_ID,GVWR,V_CONFIG,CARGO_BT,HAZ_INV,HAZ_PLAC,HAZ_ID,HAZ_CNO,HAZ_REL,BUS_USE,SPEC_USE,EMER_USE,TRAV_SP,UNDERIDE,ROLLOVER,ROLINLOC,IMPACT1,IMPACT2,DEFORMED,TOWED,M_HARM,VEH_SC1,VEH_SC2,FIRE_EXP,DR_PRES,L_STATE,DR_ZIP,L_STATUS,L_TYPE,CDL_STAT,L_ENDORS,L_COMPL,L_RESTRI,DR_HGT,DR_WGT,PREV_ACC,PREV_SUS,PREV_DWI,PREV_SPD,PREV_OTH,FIRST_MO,FIRST_YR,LAST_MO,LAST_YR,SPEEDREL,DR_SF1,DR_SF2,DR_SF3,DR_SF4,VTRAFWAY,VNUM_LAN,VSPD_LIM,VALIGN,VPROFILE,VPAVETYP,VSURCOND,VTRAFCON,VTCONT_F,P_CRASH1,P_CRASH2,P_CRASH3,PCRASH4,PCRASH5,ACC_TYPE,DEATHS,DR_DRINK
48,481485,4,4,1,17,7,17,59,12,1,1,0,48,2,98,709,98709,80,2011,2BXJAWA16BV0,2,B,X,J,A,W,A,1,6,B,V,0,0,U,,,,11,17,,,,,,,,,,,,,,,,,,,0,0,000000000,00000000000,0,0,0,1,0,0,0,0,0,0,0,998,0,0,0,99,99,9,2,42,0,0,0,1,48,78660,6,1,0,0,2,3,999,999,1,0,0,0,0,4,2009,4,2009,0,0,0,0,0,1,2,70,1,2,8,1,0,0,1,13,1,1,4,98,0,0
48,481486,1,1,5,17,7,1,50,1,0,1,0,48,2,37,32,37032,4,2004,1HGCM56834A0,1,H,G,C,M,5,6,8,3,4,A,0,0,P,HOND,UEX,4D,4,17,3109,,0,1079,,G,,F,4,146,,,000000,,,,,,0,0,000000000,00000000000,0,0,0,1,0,0,0,0,0,0,0,46,0,1,5,0,0,4,3,1,0,0,0,1,48,79549,0,0,0,0,0,0,999,999,0,0,0,0,0,0,0,0,0,1,91,0,0,0,1,2,15,2,1,7,1,0,0,14,12,1,1,4,6,1,1
48,481487,1,2,1,21,7,23,28,12,6,1,0,48,2,23,421,23421,15,2003,3GKEC16Z33G1,3,G,K,E,C,1,6,Z,3,3,G,1,0,T,GMC,CX1,4W,3,17,,2,0,1300,YUK,F,,,8,325,,,,B,4947,00,4,42,0,0,000000000,00000000000,0,0,0,1,0,0,0,0,0,0,0,998,0,0,0,9,9,6,2,12,0,0,0,1,48,77498,6,1,0,0,3,0,999,999,0,0,0,0,0,0,0,0,0,0,38,0,0,0,1,2,99,1,1,8,1,0,0,1,17,1,1,1,89,0,0
48,481487,2,2,2,21,7,23,28,12,6,1,0,48,1,53,706,53706,80,2008,JS1GX72A5821,J,S,1,G,X,7,2,A,5,8,2,1,0,M,SUZI,GXR,RC,8,17,,,,,,,1340,,4,,4,485,,,,,,,0,0,000000000,00000000000,0,0,0,1,0,0,0,0,0,0,0,998,0,0,0,12,12,9,2,12,0,0,0,1,48,77478,6,1,0,0,3,0,999,999,0,0,0,1,0,6,2010,6,2010,0,0,0,0,0,5,6,50,1,1,8,1,98,3,1,71,1,1,1,88,1,1
48,481488,1,1,1,22,7,17,17,9,0,1,1,99,9,99,999,99999,99,9999,999999999999,9,9,9,9,9,9,9,9,9,9,9,9,0,,,,,,,,,,,,,,,,,,,,,,,,,0,0,000000000,00000000000,0,0,0,1,0,0,0,0,99,99,9,998,0,0,0,99,99,9,1,9,0,0,0,1,48,75032,1,1,0,0,2,0,999,999,0,8,0,0,1,10,2008,3,2011,0,91,0,0,0,1,2,25,1,2,8,1,0,0,1,83,1,1,1,13,0,0
48,481489,1,1,2,23,7,1,22,38,0,1,0,48,2,12,37,12037,4,2008,1FAHP35NX8W2,1,F,A,H,P,3,5,N,X,8,W,2,0,P,FORD,FMS,4D,8,17,2623,,0,1029,,G,,F,4,122,,,16R205,,,,,,0,0,000000000,00000000000,0,0,0,1,0,0,0,0,0,0,0,998,0,0,0,99,10,6,2,42,0,0,0,1,48,77836,6,1,0,0,3,0,999,999,0,0,0,0,0,0,0,0,0,1,58,0,0,0,1,2,65,1,1,8,1,0,0,1,10,7,1,4,1,1,1
48,481490,1,1,1,25,7,4,15,31,0,1,0,48,2,35,39,35039,4,2002,JN1DA31D32T4,J,N,1,D,A,3,1,D,3,2,T,4,0,P,NISS,MGS,4D,2,17,3103,,0,1083,,G,,F,6,214,,,16R215,,,,,,0,0,000000000,00000000000,0,0,0,1,0,0,0,0,0,0,0,998,0,1,5,1,0,6,2,1,0,0,0,1,48,77414,1,1,0,0,2,0,70,192,0,8,1,0,0,8,2008,4,2011,1,58,0,0,0,1,2,45,3,1,8,1,0,0,14,13,6,4,4,2,1,1
48,481491,1,2,1,25,7,23,50,12,6,1,0,48,1,20,482,20482,31,2004,3GNEC12T64G2,3,G,N,E,C,1,2,T,6,4,G,2,0,T,CHEV,CAV,CW,4,17,,2,0,1300,AVL,G,,,8,325,,,,B,5437,00,,42,0,0,000000000,00000000000,0,0,0,1,0,0,0,0,0,0,0,998,0,0,0,12,12,6,2,12,0,0,0,1,48,78617,0,0,0,0,0,0,999,999,0,0,0,0,0,0,0,0,0,0,33,0,0,0,1,2,45,1,1,8,1,0,0,6,10,1,1,2,73,0,1
48,481491,2,2,1,25,7,23,50,12,6,1,0,48,2,23,471,23471,30,1998,1GTCS19X7W85,1,G,T,C,S,1,9,X,7,W,8,5,0,T,GMC,SON,PC,98,17,,1,0,1229,SON,G,,,6,262,,,,B,3232,00,U,42,0,0,000000000,00000000000,0,0,0,1,0,0,0,0,0,0,0,998,0,0,0,10,10,6,2,12,0,0,0,1,48,78723,0,0,0,0,0,0,999,999,0,0,0,0,0,0,0,0,0,0,0,0,0,0,1,2,45,1,1,8,1,0,0,11,60,1,1,1,72,1,0
48,481492,1,2,1,26,7,14,10,12,6,1,0,48,3,85,881,85881,66,2005,1XKDDB9X95J0,1,X,K,D,D,B,9,X,9,5,J,0,1,T,KW,T80,TR,5,17,,8,2600,1600,CON,D,,,6,893,,,,,00000,00,,64,1,57,1991772,571991772,3,6,2,1,0,0,0,0,0,0,0,998,0,0,0,12,12,2,3,12,0,0,0,1,48,78332,6,1,6,1,3,0,999,999,0,0,0,0,0,0,0,0,0,0,0,0,0,0,2,1,70,1,1,8,1,4,3,1,62,1,1,1,69,0,0
48,481492,2,2,1,26,7,14,10,12,6,1,0,48,2,13,1,13001,4,2004,1LNHM83W14Y6,1,L,N,H,M,8,3,W,1,4,Y,6,0,P,LINC,UTC,4D,4,17,4413,,0,1177,,G,,F,8,281,,,17R225,,,,,,0,0,000000000,00000000000,0,0,0,1,0,0,0,0,0,0,0,998,0,0,0,2,2,6,2,12,0,0,0,1,48,77456,6,1,0,0,3,0,999,999,0,0,0,0,0,0,0,0,0,0,38,48,0,0,2,1,70,1,1,8,1,4,3,11,15,1,1,1,68,1,0
48,481493,1,1,1,28,7,11,5,33,0,1,0,48,1,37,31,37031,2,2002,1HGEM22902L0,1,H,G,E,M,2,2,9,0,2,L,0,0,P,HOND,UAX,CP,2,17,2590,,0,1031,,G,,F,4,102,,,15R185,,,,,,0,0,000000000,00000000000,0,0,0,1,0,0,0,0,0,0,0,998,0,0,0,12,12,4,3,42,0,0,0,1,48,75062,6,1,0,0,3,0,999,999,0,0,0,0,0,0,0,0,0,0,0,0,0,0,1,2,30,1,1,8,1,0,0,1,13,1,1,4,1,1,0
48,481494,1,2,1,28,7,7,0,12,6,1,0,48,2,7,472,7472,30,2001,1B7GL2AX11S2,1,B,7,G,L,2,A,X,1,1,S,2,0,T,DODG,QAD,CW,1,17,,1,0,1309,DAK,G,,,6,239,,,,B,4033,00,U,42,0,0,000000000,00000000000,0,0,0,1,0,0,0,0,0,0,0,998,0,0,0,3,3,6,2,12,0,0,0,1,48,75771,6,1,0,0,3,0,999,999,1,0,0,0,0,6,2009,6,2009,0,38,39,0,0,1,2,98,8,8,8,1,20,3,4,17,1,1,1,87,0,0
48,481494,2,2,1,28,7,7,0,12,6,1,0,48,2,85,881,85881,63,1989,1XKAD29X3KS5,1,X,K,A,D,2,9,X,3,K,S,5,0,T,KW,T60,TR,89,17,,8,0,0,CON,D,,,6,855,,,,,00000,00,,64,0,57,02020926,5702020926,3,2,4,1,0,0,0,0,0,0,0,998,0,0,0,12,12,6,2,12,0,0,0,1,48,75765,6,1,6,0,3,0,999,999,0,0,0,0,0,0,0,0,0,0,0,0,0,0,1,2,60,1,3,8,1,0,0,1,66,1,1,1,86,1,0
48,481495,1,1,1,29,7,7,34,8,0,1,0,48,1,12,481,12481,31,2010,1FTMF1CW8AKE,1,F,T,M,F,1,C,W,8,A,K,E,0,T,FORD,F15,PK,10,17,,2,1450,1260,COF,G,,,8,281,,,,B,4823,00,L,42,0,0,000000000,00000000000,0,0,0,1,0,0,0,0,0,0,0,998,0,0,0,12,12,2,3,8,0,0,0,1,48,75159,6,1,0,0,3,3,999,999,0,0,0,0,0,0,0,0,0,0,0,0,0,0,3,4,60,2,1,8,1,0,0,14,81,1,1,1,13,0,0
48,481496,1,2,2,29,7,15,15,12,6,1,0,48,5,12,3,12003,2,2009,1ZVHT88S0951,1,Z,V,H,T,8,8,S,0,9,5,1,0,P,FORD,SGT,CP,9,17,3920,,0,1071,,G,,Z,8,329,,,18R255,,,,,,0,0,000000000,00000000000,0,0,0,1,0,0,0,0,0,0,0,998,0,0,0,4,4,6,2,12,0,0,0,1,48,77565,1,1,0,0,2,0,999,999,1,3,0,2,0,11,2009,6,2011,1,58,0,0,0,5,4,55,1,1,8,2,0,0,3,8,6,3,2,64,1,0
48,481496,2,2,1,29,7,15,15,12,6,1,0,48,1,12,24,12024,6,2008,2FMDK39C98BA,2,F,M,D,K,3,9,C,9,8,B,A,0,P,FORD,EDG,UT,8,17,4073,,0,1112,,G,,F,6,214,,,17R235,,,,,,0,0,000000000,00000000000,0,0,0,1,0,0,0,0,0,0,0,998,0,0,0,12,12,6,2,12,0,0,0,1,48,77565,6,1,0,0,3,0,999,999,0,0,0,0,0,0,0,0,0,0,0,0,0,0,5,4,55,1,1,8,2,0,0,1,62,7,1,1,65,0,0
48,481497,1,1,1,1,8,14,40,52,0,1,0,48,1,19,20,19020,6,2010,3GYFNAEY3AS6,3,G,Y,F,N,A,E,Y,3,A,S,6,0,P,CADI,SRX,UT,10,17,4224,,0,1105,,G,,F,6,183,,,18R235,,,,,,0,0,000000000,00000000000,0,0,0,1,0,0,0,0,0,0,0,998,0,1,5,99,99,6,2,1,0,0,0,1,48,75751,6,1,0,0,3,3,999,999,0,0,0,0,0,0,0,0,0,0,0,0,0,0,1,2,70,1,2,8,1,0,0,1,13,1,1,4,1,1,0
48,481499,1,2,1,2,8,14,45,25,0,1,0,93,3,82,881,82881,66,2004,1FUJBBCG84LM,1,F,U,J,B,B,C,G,8,4,L,M,1,T,FRHT,ST2,TR,4,17,,8,0,0,CON,D,,,6,774,,,,,00000,00,,64,1,57,148974,57148974,3,6,1,1,0,0,0,0,0,0,0,998,0,1,3,99,99,6,2,1,0,0,0,1,48,75249,6,1,6,0,3,0,64,148,0,0,0,0,2,5,2010,5,2010,0,80,0,0,0,3,4,60,1,1,8,1,0,0,1,1,99,4,4,7,1,0
48,481499,2,2,5,2,8,14,45,25,0,1,0,48,2,20,422,20422,15,2007,1GNFC16077J2,1,G,N,F,C,1,6,0,7,7,J,2,0,P,CHEV,C15,UT,7,17,5613,,0,1300,,F,,F,8,323,,,17R265,,,,,,0,0,000000000,00000000000,0,0,0,1,0,0,0,0,0,0,0,998,0,0,0,12,12,4,3,12,0,0,0,1,48,76657,6,1,0,0,3,0,999,999,0,0,0,0,0,0,0,0,0,0,0,0,0,0,3,4,60,1,1,8,1,0,0,1,62,7,1,2,98,0,0
48,481500,1,2,2,2,8,1,45,12,2,1,0,48,2,12,481,12481,31,1999,1FTRX17WXXKC,1,F,T,R,X,1,7,W,X,X,K,C,0,T,FORD,F15,4C,99,17,,2,1571,1385,COF,G,,,8,281,,,,B,00000,00,U,42,0,0,000000000,00000000000,0,0,0,1,0,0,0,0,0,0,0,998,0,0,0,12,12,6,2,12,0,0,0,1,48,77039,1,1,0,0,2,3,999,999,0,0,0,0,0,0,0,0,0,1,51,91,0,0,1,2,35,1,1,8,1,0,0,1,54,1,1,1,52,0,1
48,481500,2,2,1,2,8,1,45,12,2,1,0,48,2,12,4,12004,2,1995,1FALP62WXSH1,1,F,A,L,P,6,2,W,X,S,H,1,0,P,FORD,THL,2D,95,17,3536,,0,1130,,G,,F,8,281,,,15R205,,,,,,0,0,000000000,00000000000,0,0,0,1,0,0,0,0,0,0,0,998,0,0,0,12,12,6,2,12,0,0,0,1,6,77039,6,1,0,0,3,0,999,999,0,0,0,0,0,0,0,0,0,0,0,0,0,0,1,2,35,1,1,8,1,0,0,1,54,1,1,1,52,1,1
48,481501,1,2,2,3,8,10,54,12,6,1,0,48,2,35,47,35047,4,2008,1N4AL24E28C1,1,N,4,A,L,2,4,E,2,8,C,1,0,P,NISS,A5S,CP,8,17,3052,,0,1053,,G,,F,4,153,,,16R215,,,,,,0,0,000000000,00000000000,0,0,0,1,0,0,0,0,0,0,0,998,0,0,0,3,3,6,2,12,0,0,0,1,48,76550,6,2,0,0,3,0,999,999,0,0,0,0,0,0,0,0,0,0,38,0,0,0,1,2,60,1,1,8,1,3,3,11,15,1,1,1,68,1,0
48,481501,2,2,3,3,8,10,54,12,6,1,0,48,2,51,401,51401,14,2008,YV4CZ8520814,Y,V,4,C,Z,8,5,2,0,8,1,4,0,P,VOLV,XC9,UT,8,17,4826,,0,1126,,G,,F,8,269,,,18R235,,,,,,0,0,000000000,00000000000,0,0,0,1,0,0,0,0,0,0,0,998,0,0,0,12,12,4,3,12,0,0,0,1,48,76522,6,1,0,0,3,0,999,999,0,0,0,0,0,0,0,0,0,0,0,0,0,0,1,2,60,1,1,8,1,3,3,1,62,1,1,1,69,0,0
48,481503,1,2,1,3,8,3,40,12,2,1,0,48,1,37,31,37031,4,2011,19XFA1F85BE0,1,9,X,F,A,1,F,8,5,B,E,0,0,P,HOND,UAX,4D,11,17,2818,,0,1063,,G,,F,4,110,,,16R205,,,,,,0,0,000000000,00000000000,0,0,0,1,0,0,0,0,0,0,0,998,0,0,0,12,12,4,3,12,0,0,0,1,48,77616,6,1,0,0,3,3,999,999,0,0,0,0,0,0,0,0,0,0,50,0,0,0,3,3,65,2,1,8,1,0,0,14,54,1,1,1,52,1,1
48,481503,2,2,1,3,8,3,40,12,2,1,0,18,3,51,881,51881,66,2010,4V4NC9TG1AN2,4,V,4,N,C,9,T,G,1,A,N,2,2,T,VOLV,VNL,TR,10,17,,8,0,0,VVN,D,,,6,915,,,,,00000,00,,64,1,57,428823,57428823,3,7,1,1,0,0,0,0,0,0,0,998,0,0,0,12,12,4,3,12,0,0,0,1,48,78744,6,1,6,1,3,0,999,999,0,0,0,1,0,8,2009,8,2009,0,0,0,0,0,3,3,65,3,1,8,1,0,0,14,54,1,1,1,52,0,0
48,481504,1,1,4,4,8,14,40,21,0,1,0,48,2,35,47,35047,4,2003,1N4BL11D13C3,1,N,4,B,L,1,1,D,1,3,C,3,0,P,NISS,ABE,4D,3,17,3071,,0,1102,,G,,F,6,214,,,17R215,,,,,,0,0,000000000,00000000000,0,0,0,1,0,0,0,0,0,0,0,998,0,0,0,61,61,6,2,21,0,0,0,1,48,75050,6,1,0,0,3,3,999,999,0,0,0,0,0,0,0,0,0,0,58,91,0,0,6,2,40,3,2,8,1,0,0,14,9,7,3,4,2,1,0
48,481505,1,1,1,4,8,4,35,11,0,1,0,48,1,53,706,53706,80,2008,JS1VS55A5821,J,S,1,V,S,5,5,A,5,8,2,1,0,M,SUZI,VL8,RS,8,17,,,,,,,819,,2,,4,542,,,,,,,0,0,000000000,00000000000,0,0,0,1,0,0,0,0,0,0,0,998,0,0,0,12,12,9,2,11,0,0,0,1,48,76567,6,1,0,0,3,3,999,999,0,0,0,0,0,0,0,0,0,0,0,0,0,0,1,2,60,1,2,8,1,0,0,1,87,1,1,1,13,1,0
48,481506,1,2,1,4,8,6,8,12,6,1,0,48,1,82,881,82881,66,2002,1FUJBBCGX2LF,1,F,U,J,B,B,C,G,X,2,L,F,1,T,FRHT,ST2,TR,2,17,,8,0,0,CON,D,,,6,774,,,,,00000,00,,64,1,57,2091338,572091338,3,6,1,1,0,0,0,0,0,0,0,998,0,0,0,9,9,2,3,12,0,0,0,1,48,75234,6,1,6,0,3,1,999,999,1,0,0,0,4,1,2009,1,2011,0,38,0,0,0,1,2,99,1,1,8,1,0,0,11,15,1,1,1,82,0,0
48,481506,2,2,1,4,8,6,8,12,6,1,0,48,3,49,482,49482,31,2010,5TFRY5F1XAX0,5,T,F,R,Y,5,F,1,X,A,X,0,0,T,TOYT,DBS,CW,10,17,,2,0,1457,TUN,G,,,8,348,,,,B,5155,00,7,42,0,0,000000000,00000000000,0,0,0,1,0,0,0,0,0,0,0,998,0,0,0,12,12,4,3,12,0,0,0,1,48,75605,6,1,0,0,3,0,999,999,0,0,0,0,0,0,0,0,0,0,0,0,0,0,2,2,60,1,1,8,1,0,0,1,72,1,1,1,83,1,0
48,481507,1,1,1,4,8,0,25,33,0,1,0,48,2,7,20,7020,4,2005,1B3ES56C05D2,1,B,3,E,S,5,6,C,0,5,D,2,0,P,DODG,NXT,4D,5,17,2634,,0,1040,,G,,F,4,122,,,15R185,,,,,,0,0,000000000,00000000000,0,0,0,1,0,0,0,0,0,0,0,998,0,0,0,14,81,6,2,30,0,0,0,1,48,79772,0,0,0,0,0,0,999,999,0,0,0,0,0,0,0,0,0,1,0,0,0,0,1,2,30,3,1,8,1,0,0,14,13,1,1,4,1,1,1
48,481508,1,4,1,4,8,12,40,12,8,1,0,48,1,12,481,12481,31,2006,1FTRF02286KB,1,F,T,R,F,0,2,2,8,6,K,B,0,T,FORD,F15,PK,6,17,,2,0,1260,COF,G,,,6,256,,,,B,4708,00,E,42,0,0,000000000,00000000000,0,0,0,1,0,0,0,0,0,0,0,998,0,0,0,61,61,6,2,12,0,0,0,1,48,75972,6,1,0,0,3,3,999,999,0,0,0,0,1,9,2010,9,2010,0,51,0,0,0,1,2,70,1,1,8,1,0,0,1,10,1,1,2,64,0,0
48,481508,2,4,2,4,8,12,40,12,8,1,0,93,3,98,808,98808,62,2009,JNAPA81H59AN,J,N,A,P,A,8,1,H,5,9,A,N,0,T,UD,UD6,TB,9,17,,6,0,0,UDS,D,,,6,469,,,,,00000,00,,42,0,57,1869405,571869405,2,1,1,1,0,0,0,0,0,0,0,998,0,1,1,61,61,4,3,12,0,0,0,1,6,91754,6,1,0,0,3,0,69,150,0,0,0,0,0,0,0,0,0,0,0,0,0,0,1,2,70,1,1,8,1,0,0,1,62,1,1,1,65,0,0
48,481508,3,4,1,4,8,12,40,12,8,1,0,48,2,7,403,7403,14,2007,1D8GT28K17W6,1,D,8,G,T,2,8,K,1,7,W,6,0,P,DODG,NIT,UT,7,17,3931,,0,1088,,G,,F,6,225,,,16R225,,,,,,0,0,000000000,00000000000,0,0,0,1,0,0,0,0,0,0,0,998,0,0,0,12,12,6,2,12,0,0,0,1,48,75972,6,1,0,0,3,0,999,999,0,0,0,0,0,0,0,0,0,0,0,0,0,0,1,2,70,1,1,8,1,0,0,1,62,1,1,1,98,1,0
48,481508,4,4,1,4,8,12,40,12,8,1,0,48,2,18,401,18401,14,2003,3G5DA03E43S5,3,G,5,D,A,0,3,E,4,3,S,5,0,P,BUIC,RZV,UT,3,17,4024,,0,1122,,G,,F,6,204,,,16R215,,,,,,0,0,000000000,00000000000,0,0,0,1,0,0,0,0,0,0,0,998,0,0,0,1,1,2,1,53,0,0,0,1,48,75601,6,1,0,0,3,3,999,999,0,0,0,0,0,0,0,0,0,0,0,0,0,0,1,2,70,1,1,8,1,0,0,1,62,7,3,4,98,0,0
48,481509,1,1,1,5,8,21,29,8,0,1,0,22,1,37,31,37031,2,1991,JHMED835XMS0,J,H,M,E,D,8,3,5,X,M,S,0,0,P,HOND,CRX,2H,91,17,0,,0,906,,G,,F,4,091,,,13R175,,,,,,0,0,000000000,00000000000,0,0,0,1,0,0,0,0,0,0,0,48,0,0,0,11,11,2,3,8,0,0,0,1,48,75060,0,0,0,0,0,0,999,999,0,0,0,0,0,0,0,0,0,1,24,92,0,0,1,2,35,1,1,8,1,0,0,1,80,1,1,1,13,0,0
48,481510,1,2,1,5,8,9,4,12,6,1,0,48,2,14,6,14006,4,1995,2MELM75W0SX6,2,M,E,L,M,7,5,W,0,S,X,6,0,P,MERC,MGL,4D,95,17,3796,,0,1144,,G,,F,8,281,,,15R215,,,,,,0,0,000000000,00000000000,0,0,0,1,0,0,0,0,0,0,0,998,0,0,0,83,83,4,3,12,0,0,0,1,48,76259,6,1,0,0,3,3,999,999,0,0,0,0,0,0,0,0,0,0,58,0,0,0,1,2,55,1,1,8,1,0,0,1,13,6,4,6,64,0,0
48,481510,2,2,1,5,8,9,4,12,6,1,0,48,1,72,706,72706,80,2008,1HD1KB4138Y6,1,H,D,1,K,B,4,1,3,8,Y,6,0,M,HD,FHX,RS,8,17,,,,,,,1584,,2,,4,786,,,,,,,0,0,000000000,00000000000,0,0,0,1,0,0,0,0,0,0,0,998,0,0,0,12,12,9,2,12,0,0,0,1,48,76259,6,1,0,0,3,0,999,999,0,0,0,0,1,1,2010,1,2010,0,0,0,0,0,1,2,55,1,1,8,1,0,0,1,62,1,1,1,65,1,0
48,481511,1,1,1,5,8,23,48,38,0,1,0,48,1,53,40,53040,5,2008,JS2YA4133851,J,S,2,Y,A,4,1,3,3,8,5,1,0,P,SUZI,SXC,4H,8,17,2701,,0,0,,G,,F,4,122,,,000000,,,,,,0,0,000000000,00000000000,0,0,0,1,0,0,0,0,0,0,0,68,0,1,5,99,0,4,3,1,0,0,0,1,48,75067,6,1,0,0,3,0,999,999,0,1,0,0,0,9,2008,9,2008,1,37,0,0,0,1,2,60,1,1,5,1,0,0,1,6,1,4,4,7,1,0
48,481512,1,1,1,6,8,1,15,8,0,1,0,48,2,37,32,37032,4,1997,JHMCD5630VC0,J,H,M,C,D,5,6,3,0,V,C,0,0,P,HOND,ULE,4D,97,17,2864,,0,1069,,G,,F,4,132,,,15R185,,,,,,0,0,000000000,00000000000,0,0,0,1,0,0,0,0,0,0,0,998,0,0,0,12,12,4,3,8,0,0,0,1,48,76689,6,1,6,0,3,0,999,999,0,0,0,2,0,10,2008,8,2010,0,0,0,0,0,1,2,65,1,1,8,1,0,0,1,80,1,1,1,13,0,0
48,481513,1,1,1,6,8,21,37,8,0,1,0,48,2,20,37,20037,4,2001,1G1NE52J9161,1,G,1,N,E,5,2,J,9,1,6,1,0,P,CHEV,M/L,4D,1,17,3051,,0,1070,,G,,F,6,191,,,15R215,,,,,,0,0,000000000,00000000000,0,0,0,1,0,0,0,0,0,0,0,998,0,0,0,12,12,2,3,8,0,0,0,1,48,77563,3,2,0,0,2,3,999,999,0,0,0,0,0,0,0,0,0,0,92,0,0,0,1,2,55,1,1,8,1,0,0,1,80,1,1,1,13,0,0
48,481514,1,1,1,7,8,2,33,59,0,1,0,28,2,53,709,53709,80,2008,JKAZXCE188A0,J,K,A,Z,X,C,E,1,8,8,A,0,0,M,KAWK,Z0E,RC,8,17,,,,,,,998,,4,,4,394,,,,,,,0,0,000000000,00000000000,0,0,0,1,0,0,0,0,0,0,0,998,0,0,0,99,99,9,2,59,0,0,0,1,48,76108,1,1,0,0,2,0,999,999,1,17,1,1,0,11,2008,6,2011,0,0,0,0,0,5,6,45,1,1,8,1,0,0,98,9,1,9,4,2,1,0
48,481515,1,2,1,7,8,1,58,26,0,1,0,48,1,72,706,72706,80,2000,1HD1BMY15YY0,1,H,D,1,B,M,Y,1,5,Y,Y,0,0,M,HD,FLF,RS,0,17,,,,,,,1450,,2,,4,666,,,,,,,0,0,000000000,00000000000,0,0,0,1,0,0,0,0,0,0,0,998,0,0,0,99,99,9,2,26,0,0,0,1,48,79104,6,1,0,0,2,3,999,999,0,0,0,1,0,12,2009,12,2009,0,0,0,0,0,3,3,60,1,1,8,2,0,0,1,9,1,9,4,6,1,0
48,481515,2,2,1,7,8,1,58,26,0,1,0,48,2,20,37,20037,4,2001,1G1ND52J7161,1,G,1,N,D,5,2,J,7,1,6,1,0,P,CHEV,MAL,4D,1,17,3051,,0,1070,,G,,F,6,191,,,15R215,,,,,,0,0,000000000,00000000000,0,0,0,1,0,0,0,0,0,0,0,998,0,0,0,12,12,4,3,12,0,0,0,1,48,75254,0,0,0,0,0,0,999,999,0,3,0,0,0,3,2009,3,2011,0,0,0,0,0,3,3,60,1,1,8,2,0,0,1,60,1,1,1,98,0,0
48,481516,1,1,3,7,8,16,13,1,0,1,0,48,2,49,48,49048,5,2005,JTKKT6242500,J,T,K,K,T,6,2,4,2,5,0,0,0,P,TOYT,SXA,4H,5,17,2340,,0,933,,G,,F,4,092,,,15R185,,,,,,0,0,000000000,00000000000,0,0,0,1,0,0,0,0,0,0,0,998,0,1,3,0,0,4,3,1,0,0,0,1,36,13601,6,1,0,0,3,0,67,999,0,2,0,1,0,10,2008,3,2009,0,0,0,0,0,2,2,65,1,1,8,1,0,0,1,9,1,9,4,7,1,0
48,481517,1,2,1,8,8,13,40,12,6,1,0,48,1,7,482,7482,31,2001,3B7HC13Y11G2,3,B,7,H,C,1,3,Y,1,1,G,2,0,T,DODG,Q15,4C,1,17,,2,1547,1387,RPC,G,,,8,318,,,,B,4688,01,U,42,0,0,000000000,00000000000,0,0,0,1,0,0,0,0,0,0,0,998,0,0,0,62,62,6,2,12,0,0,0,1,48,77088,6,1,0,0,3,3,999,999,1,0,0,0,0,8,2010,8,2010,0,0,0,0,0,1,2,99,1,1,8,1,20,3,4,17,1,1,1,89,1,0
48,481517,2,2,1,8,8,13,40,12,6,1,0,48,2,23,481,23481,31,2002,1GTEC14T42Z1,1,G,T,E,C,1,4,T,4,2,Z,1,0,T,GMC,NC1,PK,2,17,,2,1330,1190,SIE,G,,,8,325,,,,B,4073,01,U,42,0,0,000000000,00000000000,0,0,0,1,0,0,0,0,0,0,0,72,0,0,0,12,12,4,3,12,0,0,0,1,48,77076,0,0,0,0,0,0,999,999,0,0,0,0,0,0,0,0,0,1,92,0,0,0,5,4,35,1,1,8,1,0,0,1,68,1,1,1,88,0,0
48,481518,1,4,1,8,8,18,12,12,1,1,0,48,2,20,441,20441,20,1994,1GNDM19Z8RB1,1,G,N,D,M,1,9,Z,8,R,B,1,0,T,CHEV,AST,ES,94,17,,1,0,1110,AST,G,,,6,262,,,,B,4064,00,,42,0,0,000000000,00000000000,0,0,0,1,0,0,0,0,0,0,0,998,0,0,0,12,12,6,2,12,0,0,0,1,48,77545,6,1,0,0,3,0,999,999,0,0,0,0,0,0,0,0,0,1,0,0,0,0,3,5,60,1,1,8,1,0,0,1,52,1,1,1,28,0,0