STATE,ST_CASE,VEH_NO,VE_FORMS,NUMOCCS,DAY,MONTH,HOUR,MINUTE,HARM_EV,MAN_COLL,UNITTYPE,HIT_RUN,REG_STAT,OWNER,MAKE,MODEL,MAK_MOD,BODY_TYP,MOD_YEAR,VIN,VIN_1,VIN_2,VIN_3,VIN_4,VIN_5,VIN_6,VIN_7,VIN_8,VIN_9,VIN_10,VIN_11,VIN_12,TOW_VEH,VINTYPE,VINMAKE,VINA_MOD,VIN_BT,VINMODYR,VIN_LNGT,VIN_WGT,WGTCD_TR,WHLBS_LG,WHLBS_SH,SER_TR,FUELCODE,MCYCL_DS,CARBUR,CYLINDER,DISPLACE,MCYCL_CY,MCYCL_WT,TIRE_SZE,TON_RAT,TRK_WT,TRKWTVAR,VIN_REST,WHLDRWHL,J_KNIFE,MCARR_I1,MCARR_I2,MCARR_ID,GVWR,V_CONFIG,CARGO_BT,HAZ_INV,HAZ_PLAC,HAZ_ID,HAZ_CNO,HAZ_REL,BUS_USE,SPEC_USE,EMER_USE,TRAV_SP,UNDERIDE,ROLLOVER,ROLINLOC,IMPACT1,IMPACT2,DEFORMED,TOWED,M_HARM,VEH_SC1,VEH_SC2,FIRE_EXP,DR_PRES,L_STATE,DR_ZIP,L_STATUS,L_TYPE,CDL_STAT,L_ENDORS,L_COMPL,L_RESTRI,DR_HGT,DR_WGT,PREV_ACC,PREV_SUS,PREV_DWI,PREV_SPD,PREV_OTH,FIRST_MO,FIRST_YR,LAST_MO,LAST_YR,SPEEDREL,DR_SF1,DR_SF2,DR_SF3,DR_SF4,VTRAFWAY,VNUM_LAN,VSPD_LIM,VALIGN,VPROFILE,VPAVETYP,VSURCOND,VTRAFCON,VTCONT_F,P_CRASH1,P_CRASH2,P_CRASH3,PCRASH4,PCRASH5,ACC_TYPE,DEATHS,DR_DRINK
48,481518,2,4,3,8,8,18,12,12,1,1,0,6,1,18,22,18022,4,2006,2G4WC582X611,2,G,4,W,C,5,8,2,X,6,1,1,0,P,BUIC,LCX,4D,6,17,3495,,0,1105,,G,,F,6,232,,,16R225,,,,,,0,0,000000000,00000000000,0,0,0,1,0,0,0,0,0,0,0,998,0,0,0,6,6,6,2,12,0,0,0,1,6,90058,6,1,0,0,3,3,62,110,0,0,0,0,0,0,0,0,0,0,0,0,0,0,3,5,60,1,1,8,1,0,0,2,53,1,1,1,29,1,0
48,481518,3,4,1,8,8,18,12,12,1,1,0,48,2,49,38,49038,2,1997,JT2AC52L3V02,J,T,2,A,C,5,2,L,3,V,0,2,0,P,TOYT,TCE,2D,97,17,2010,,0,937,,G,,F,4,091,,,14R175,,,,,,0,0,000000000,00000000000,0,0,0,1,0,0,0,0,0,0,0,998,0,0,0,61,61,2,1,12,0,0,0,1,48,77099,1,1,0,0,2,0,999,999,0,4,0,0,0,1,2009,6,2011,0,0,0,0,0,3,5,60,1,1,8,1,0,0,1,60,1,1,1,98,0,0
48,481518,4,4,1,8,8,18,12,12,1,1,0,48,1,2,404,2404,14,2008,1J8GS48K58C1,1,J,8,G,S,4,8,K,5,8,C,1,0,T,JEEP,LRO,4W,8,17,,1,0,1095,GCK,G,,,6,226,,,,,4316,00,7,42,0,0,000000000,00000000000,0,0,0,1,0,0,0,0,0,0,0,998,0,0,0,6,6,2,3,12,0,0,0,1,48,77459,6,1,0,0,3,3,999,999,0,0,0,0,0,0,0,0,0,0,0,0,0,0,3,5,60,1,1,8,1,0,0,1,60,1,1,1,98,0,0
48,481519,1,1,1,10,8,21,45,8,0,1,1,48,9,63,31,63031,4,1997,KNAFA1256V53,K,N,A,F,A,1,2,5,6,V,5,3,0,P,KIA,RLG,4D,97,17,2476,,0,984,,G,,F,4,112,,,13R175,,,,,,0,0,000000000,00000000000,0,0,0,1,0,0,0,0,0,0,0,998,0,0,0,99,99,9,1,8,0,0,0,1,99,99999,9,9,99,9,9,9,999,999,99,99,99,99,99,99,9999,99,9999,0,0,0,0,0,3,2,50,1,1,8,1,0,0,1,80,1,1,1,13,0,0
48,481520,1,1,2,10,8,10,30,1,0,1,0,48,2,12,481,12481,31,1999,1FTNW20F6XEF,1,F,T,N,W,2,0,F,6,X,E,F,0,T,FORD,F2S,CW,99,17,,2,1724,1562,SRW,D,,,8,444,,,,C,5490,01,E,42,0,0,000000000,00000000000,0,0,0,1,0,0,0,0,0,0,0,998,0,1,5,0,0,6,2,1,0,0,0,1,48,77328,6,1,0,0,3,0,999,999,2,0,0,0,0,10,2010,11,2010,1,0,0,0,0,1,2,65,2,1,8,1,0,0,14,12,1,3,4,7,1,0
48,481521,1,2,3,12,8,21,55,12,6,1,0,48,2,54,421,54421,15,2010,2HNYD2H40AH5,2,H,N,Y,D,2,H,4,0,A,H,5,0,P,ACUR,MDX,UT,10,17,4550,,0,1083,,G,,F,6,226,,,18R255,,,,,,0,0,000000000,00000000000,0,0,0,1,0,0,0,0,0,0,0,998,0,0,0,9,9,4,3,12,0,0,0,1,48,75160,6,1,0,0,3,3,999,999,1,0,0,0,0,3,2010,3,2010,0,48,0,0,0,1,2,60,1,2,8,1,0,0,12,10,1,1,6,98,0,0
48,481521,2,2,1,12,8,21,55,12,6,1,0,48,2,72,706,72706,80,1998,1HD1FCR10WY6,1,H,D,1,F,C,R,1,0,W,Y,6,0,M,HD,FLU,RS,98,17,,,,,,,1340,,2,,4,772,,,,,,,0,0,000000000,00000000000,0,0,0,1,0,0,0,0,0,0,0,998,0,0,0,12,12,2,3,12,0,0,0,1,48,75189,6,1,0,0,3,3,999,999,0,0,0,0,0,0,0,0,0,0,0,0,0,0,1,2,60,1,2,8,1,0,0,1,64,1,1,1,98,1,0
48,481522,1,3,1,13,8,18,36,12,6,1,0,48,1,53,706,53706,80,2008,JS1VY53A9821,J,S,1,V,Y,5,3,A,9,8,2,1,0,M,SUZI,ZR8,RS,8,17,,,,,,,1783,,2,,4,703,,,,,,,0,0,000000000,00000000000,0,0,0,1,0,0,0,0,0,0,0,998,0,0,0,3,98,4,3,12,0,0,0,1,48,77571,6,1,0,0,3,0,999,999,1,0,0,1,1,7,2009,4,2010,1,39,27,0,0,3,2,45,1,1,8,1,0,0,15,17,1,1,2,87,1,0
48,481522,2,3,1,13,8,18,36,12,6,1,0,48,1,37,32,37032,4,2005,1HGCM568X5A1,1,H,G,C,M,5,6,8,X,5,A,1,0,P,HOND,UEX,4D,5,17,3203,,0,1079,,G,,F,4,146,,,16R205,,,,,,0,0,000000000,00000000000,0,0,0,1,0,0,0,0,0,0,0,998,0,0,0,12,12,4,3,12,0,0,0,1,48,77502,6,1,0,0,3,3,999,999,2,0,0,0,0,10,2009,3,2011,0,0,0,0,0,3,2,45,1,8,8,1,3,3,1,66,1,1,1,86,0,0
48,481522,3,3,1,13,8,18,36,12,6,1,0,48,1,12,401,12401,14,2002,1FMZU62E12ZB,1,F,M,Z,U,6,2,E,1,2,Z,B,0,P,FORD,EPR,UT,2,17,4094,,0,1137,,G,,F,6,245,,,16R235,,,,,,0,0,000000000,00000000000,0,0,0,1,0,0,0,0,0,0,0,998,0,0,0,12,12,2,1,12,0,0,0,1,48,77338,6,1,0,0,3,0,999,999,0,0,0,0,0,0,0,0,0,0,0,0,0,0,3,2,45,1,8,8,1,3,3,1,66,1,1,1,98,0,0
48,481523,1,2,2,13,8,13,15,12,2,1,0,48,1,7,482,7482,31,2001,1B7HC13Z21J6,1,B,7,H,C,1,3,Z,2,1,J,6,0,T,DODG,Q15,4C,1,17,,2,1547,1387,RPC,G,,,8,360,,,,B,4688,01,U,42,0,0,000000000,00000000000,0,0,0,1,0,0,0,0,0,0,0,998,0,0,0,12,12,4,3,12,0,0,0,1,48,77306,6,1,6,0,3,1,999,999,0,14,0,0,0,12,2008,3,2011,1,35,0,0,0,1,2,55,3,2,8,1,0,0,6,54,6,1,4,50,0,0
48,481523,2,2,4,13,8,13,15,12,2,1,0,48,1,35,47,35047,4,2011,1N4AL2AP8BN4,1,N,4,A,L,2,A,P,8,B,N,4,0,P,NISS,ATS,4D,11,17,3180,,0,1093,,G,,F,4,153,,,16R215,,,,,,0,0,000000000,00000000000,0,0,0,1,0,0,0,0,0,0,0,998,0,0,0,12,12,4,3,12,0,0,0,1,48,77389,6,1,0,0,3,0,999,999,0,0,0,0,0,0,0,0,0,0,0,0,0,0,1,2,55,2,2,8,1,0,0,14,62,9,2,4,51,2,0
48,481524,1,1,1,14,8,2,20,52,0,1,0,48,2,53,706,53706,80,2007,JS1GT77A2721,J,S,1,G,T,7,7,A,2,7,2,1,0,M,SUZI,XR1,RC,7,17,,,,,,,999,,4,,4,379,,,,,,,0,0,000000000,00000000000,0,0,0,1,0,0,0,0,0,0,0,998,0,0,0,12,12,6,2,52,0,0,0,1,48,78108,6,1,0,0,3,0,999,999,0,0,0,0,0,0,0,0,0,1,0,0,0,0,3,4,65,3,2,8,2,0,0,14,13,1,1,4,1,1,1
48,481525,1,1,1,14,8,13,15,42,0,1,0,48,2,76,703,76703,80,2000,JYA3NVE0XYA0,J,Y,A,3,N,V,E,0,X,Y,A,0,0,M,YAMA,XT3,T,0,17,,,,,,,346,,1,,4,262,,,,,,,0,0,000000000,00000000000,0,0,0,1,0,0,0,0,0,0,0,998,0,0,0,12,12,4,3,42,0,0,0,1,48,78155,6,1,0,0,3,3,999,999,0,0,0,1,1,7,2009,11,2009,0,0,0,0,0,1,2,45,1,2,8,1,0,0,1,13,1,1,4,1,1,1
48,481526,1,1,1,14,8,0,37,20,0,1,0,48,1,73,705,73705,80,2001,JKAZX4J111A0,J,K,A,Z,X,4,J,1,1,1,A,0,0,M,KAWK,ZXJ,RC,1,17,,,,,,,600,,4,,4,377,,,,,,,0,0,000000000,00000000000,0,0,0,1,0,0,0,0,0,0,0,998,0,0,0,12,12,6,2,20,0,0,0,1,8,76549,6,1,0,0,3,0,999,999,0,0,0,0,0,0,0,0,0,1,0,0,0,0,6,2,65,2,3,8,1,0,0,14,6,1,1,4,6,1,1
48,481527,1,3,0,14,8,4,11,12,6,1,0,48,6,37,32,37032,2,2000,1HGCG2255YA0,1,H,G,C,G,2,2,5,5,Y,A,0,0,P,HOND,UEX,CP,0,17,3241,,0,1051,,G,,F,6,183,,,16R205,,,,,,0,0,000000000,00000000000,0,0,0,1,0,0,0,0,0,0,0,0,0,0,0,9,9,4,3,12,0,0,0,0,0,99997,7,6,97,7,6,7,998,997,998,998,998,998,998,98,9998,98,9998,8,0,0,0,0,3,4,65,1,1,8,1,0,0,0,53,0,0,0,48,0,0
48,481527,2,3,2,14,8,4,11,12,6,1,0,48,1,2,404,2404,14,1993,1J4FT78S0PL5,1,J,4,F,T,7,8,S,0,P,L,5,0,T,JEEP,CTY,4W,93,17,,1,0,1014,CHK,G,,,6,242,,,,,2985,01,A,42,0,0,000000000,00000000000,0,0,0,1,0,0,0,0,0,0,0,998,0,0,0,12,12,4,3,8,0,0,0,1,48,76010,6,1,0,0,3,0,999,999,0,0,0,0,0,0,0,0,0,0,0,0,0,0,3,4,65,1,1,8,1,0,0,1,50,1,1,1,48,0,0
48,481527,3,3,1,14,8,4,11,12,6,1,0,48,2,12,481,12481,31,1993,1FTEF15Y1PLA,1,F,T,E,F,1,5,Y,1,P,L,A,0,T,FORD,F15,PK,93,17,,2,1330,1170,COF,G,,,6,300,,,,B,00000,00,A,42,0,0,000000000,00000000000,0,0,0,1,0,0,0,0,0,0,0,998,0,0,0,11,11,2,1,12,0,0,0,1,48,76010,6,1,0,0,3,3,999,999,0,0,0,0,0,0,0,0,0,0,0,0,0,0,3,4,65,1,1,8,1,0,0,1,50,7,1,1,98,0,0
48,481528,1,1,1,15,8,1,30,1,0,1,0,48,2,12,471,12471,30,1995,1FTCR14A2SPA,1,F,T,C,R,1,4,A,2,S,P,A,0,T,FORD,RNS,PC,95,17,,1,0,1250,RNG,G,,,4,140,,,,B,00000,00,M,42,0,0,000000000,00000000000,0,0,0,1,0,0,0,0,0,0,0,998,0,2,3,0,13,6,2,1,0,0,0,1,48,78249,0,0,0,0,0,0,999,999,0,0,0,0,0,0,0,0,0,0,0,0,0,0,3,2,65,1,3,8,1,0,0,1,13,1,1,4,1,1,1
48,481529,1,2,1,16,8,12,30,12,1,1,0,48,2,98,809,98809,66,2004,2FWJA3DEX4AM,2,F,W,J,A,3,D,E,X,4,A,M,1,T,STRG,AT9,TR,4,17,,8,0,0,STE,D,,,6,763,,,,,00000,00,,64,1,88,888888888,88888888888,3,6,4,1,0,0,0,0,0,0,0,998,0,0,0,6,6,2,3,12,0,0,0,1,48,78050,6,1,6,0,3,0,999,999,0,0,0,0,0,0,0,0,0,0,0,0,0,0,2,4,60,1,1,8,1,0,0,1,53,6,1,1,25,0,0
48,481529,2,2,2,16,8,12,30,12,1,1,0,48,3,87,881,87881,66,1999,1XP5DB9X4XD5,1,X,P,5,D,B,9,X,4,X,D,5,1,T,PTRB,379,TR,99,17,,8,0,0,CON,D,,,6,893,,,,,00000,00,,64,1,57,2028251,572028251,3,6,4,1,0,0,0,0,0,0,0,998,0,0,0,12,12,6,2,12,0,0,0,1,48,78050,6,1,6,0,3,0,999,999,0,0,0,0,1,2,2011,2,2011,0,0,0,0,0,2,4,60,1,1,8,1,0,0,1,51,1,1,1,24,1,0
48,481530,1,2,1,16,8,8,30,12,1,1,0,48,1,2,406,2406,14,2006,1J8HH48N66C3,1,J,8,H,H,4,8,N,6,6,C,3,0,T,JEEP,BSE,4W,6,17,,2,0,1095,CMD,G,,,8,287,,,,,4595,00,K,42,0,0,000000000,00000000000,0,0,0,1,0,0,0,0,0,0,0,998,0,0,0,12,12,4,3,12,0,0,0,1,48,75208,6,1,0,0,3,3,999,999,0,0,0,0,0,0,0,0,0,0,27,0,0,0,3,2,60,1,1,8,1,0,0,15,10,1,1,2,20,0,0
48,481530,2,2,3,16,8,8,30,12,1,1,0,48,2,12,442,12442,20,2001,2FMZA51451BB,2,F,M,Z,A,5,1,4,5,1,B,B,0,T,FORD,WLX,ES,1,17,,1,0,1207,WIN,G,,,6,232,,,,B,3963,00,E,42,0,0,000000000,00000000000,0,0,0,1,0,0,0,0,0,0,0,0,0,0,0,6,6,4,3,12,0,0,0,1,48,75247,3,1,0,0,2,3,999,999,0,0,0,0,0,0,0,0,0,0,54,0,0,0,3,2,60,1,1,8,1,0,0,7,61,1,1,1,21,1,0
48,481531,1,1,1,17,8,2,28,5,0,1,0,48,1,72,706,72706,80,2004,1HD1GMW154K3,1,H,D,1,G,M,W,1,5,4,K,3,0,M,HD,FDI,RS,4,17,,,,,,,1450,,2,,4,622,,,,,,,0,0,000000000,00000000000,0,0,0,1,0,0,0,0,0,0,0,998,0,0,0,0,0,9,2,5,0,0,0,1,48,78228,6,1,0,0,2,3,999,999,0,0,0,0,0,0,0,0,0,1,0,0,0,0,1,2,30,1,2,8,1,3,3,1,6,99,9,3,0,1,1
48,481532,1,2,1,19,8,1,25,12,2,1,0,48,2,72,706,72706,80,1998,1HD1CGP45WY2,1,H,D,1,C,G,P,4,5,W,Y,2,0,M,HD,20A,RS,98,17,,,,,,,1200,,2,,4,491,,,,,,,0,0,000000000,00000000000,0,0,0,1,0,0,0,0,0,0,0,998,0,0,0,12,12,9,2,12,0,0,0,1,48,78387,6,1,0,0,3,0,999,999,0,1,0,0,0,10,2008,10,2008,0,51,0,0,0,1,2,40,1,1,8,1,0,0,1,54,1,1,1,50,1,0
48,481532,2,2,2,19,8,1,25,12,2,1,0,48,2,20,481,20481,31,2008,1GCHC23698F2,1,G,C,H,C,2,3,6,9,8,F,2,0,T,CHEV,2CH,CW,8,17,,2,1670,1530,SIL,D,,,8,403,,,,C,5742,00,,42,0,0,000000000,00000000000,0,0,0,1,0,0,0,0,0,0,0,998,0,0,0,12,12,2,1,12,0,0,0,1,48,78332,1,1,0,0,2,0,999,999,0,8,0,0,2,10,2008,8,2011,0,0,0,0,0,1,2,40,1,1,8,1,0,0,1,54,4,1,1,51,0,0
48,481533,1,3,1,19,8,11,38,12,6,1,0,48,1,76,705,76705,80,2009,JYARJ16EX9A0,J,Y,A,R,J,1,6,E,X,9,A,0,0,M,YAMA,R6L,RC,9,17,,,,,,,599,,4,,4,414,,,,,,,0,0,000000000,00000000000,0,0,0,1,0,0,0,0,0,0,0,998,0,0,0,12,12,9,2,12,0,0,0,1,48,79603,6,1,0,0,3,0,999,999,1,1,0,7,1,6,2009,12,2010,1,0,0,0,0,5,2,50,1,1,8,1,0,0,1,62,9,2,2,69,1,0
48,481533,2,3,4,19,8,11,38,12,6,1,0,48,2,23,8,23008,6,2011,1GKKRNED5BJ1,1,G,K,K,R,N,E,D,5,B,J,1,0,T,GMC,SLF,4W,11,17,,2,0,1189,ACA,G,,,6,220,,,,B,4656,00,S,42,0,0,000000000,00000000000,0,0,0,1,0,0,0,0,0,0,0,998,0,0,0,4,4,4,3,12,0,0,0,1,48,79529,6,1,0,0,3,3,999,999,0,0,0,0,0,0,0,0,0,0,0,0,0,0,5,2,50,1,1,8,1,0,0,11,15,1,1,1,68,0,0
48,481533,3,3,1,19,8,11,38,12,6,1,0,48,1,23,8,23008,6,2008,1GKER23728J2,1,G,K,E,R,2,3,7,2,8,J,2,0,T,GMC,S1F,4W,8,17,,2,0,1189,ACA,G,,,6,220,,,,B,4722,00,W,42,0,0,000000000,00000000000,0,0,0,1,0,0,0,0,0,0,0,0,0,0,0,7,7,2,1,12,0,0,0,1,48,79602,6,1,0,0,3,3,999,999,0,0,0,0,0,0,0,0,0,0,0,0,0,0,0,0,0,0,0,0,0,0,0,5,67,1,1,1,98,0,0
48,481534,1,2,2,20,8,0,6,12,2,1,0,48,2,7,43,7043,4,1996,1B3EJ46X7TN1,1,B,3,E,J,4,6,X,7,T,N,1,0,P,DODG,STR,4D,96,17,2859,,0,1080,,G,,F,4,148,,,14R195,,,,,,0,0,000000000,00000000000,0,0,0,1,0,0,0,0,0,0,0,998,0,0,0,12,12,6,2,12,0,0,0,1,48,76541,0,0,0,0,0,0,999,999,0,0,0,0,0,0,0,0,0,0,51,0,0,0,2,2,60,1,1,8,1,0,0,1,54,1,1,1,52,1,1
48,481534,2,2,1,20,8,0,6,12,2,1,0,48,1,35,39,35039,4,1996,JN1CA21D6TT1,J,N,1,C,A,2,1,D,6,T,T,1,0,P,NISS,MGS,4D,96,17,2886,,0,1063,,G,,F,6,182,,,15R205,,,,,,0,0,000000000,00000000000,0,0,0,1,0,0,0,0,0,0,0,998,0,0,0,12,12,6,2,12,0,0,0,1,48,78201,6,1,0,0,3,0,999,999,0,0,0,1,0,10,2009,10,2009,0,0,0,0,0,2,2,60,1,1,8,1,0,0,1,54,1,1,1,52,0,0
48,481535,1,1,1,20,8,4,16,30,0,1,0,48,2,2,405,2405,14,2003,1J4GK48KX3W7,1,J,4,G,K,4,8,K,X,3,W,7,0,T,JEEP,LSF,4W,3,17,,1,0,1043,LIB,G,,,6,226,,,,,3463,02,E,42,0,0,000000000,00000000000,0,0,0,1,0,0,0,0,0,0,0,998,0,1,6,98,98,6,2,30,0,0,0,1,48,78228,0,0,0,0,0,0,999,999,0,0,0,0,0,0,0,0,0,1,0,0,0,0,1,2,30,1,2,8,1,0,0,1,13,99,9,4,1,1,1
48,481536,1,2,8,20,8,9,27,12,6,1,0,48,4,20,422,20422,15,2010,1GNMCAE37AR1,1,G,N,M,C,A,E,3,7,A,R,1,0,P,CHEV,CTA,UT,10,17,5265,,0,1160,,F,,F,8,323,,,18R265,,,,,,0,0,000000000,00000000000,0,0,0,1,0,0,0,0,0,0,0,998,0,1,3,12,12,4,3,1,0,0,0,1,48,78503,6,1,0,0,3,0,999,999,0,0,0,0,0,0,0,0,0,0,0,0,0,0,2,2,70,1,3,8,1,0,0,1,61,1,1,1,48,1,0
48,481536,2,2,1,20,8,9,27,12,6,1,0,48,2,37,33,37033,2,2001,JHMBB61431C0,J,H,M,B,B,6,1,4,3,1,C,0,0,P,HOND,PRE,CP,1,17,2954,,0,1017,,G,,F,4,132,,,16R205,,,,,,0,0,000000000,00000000000,0,0,0,1,0,0,0,0,0,0,0,998,0,0,0,11,11,2,3,12,0,0,0,1,48,78223,0,0,0,0,0,0,999,999,0,0,0,0,0,0,0,0,0,0,81,28,0,0,2,2,70,1,3,8,1,0,0,17,13,6,1,6,48,0,0
48,481537,1,2,1,20,8,15,11,12,2,1,0,48,1,35,43,35043,4,2004,3N1CB51D34L4,3,N,1,C,B,5,1,D,3,4,L,4,0,P,NISS,S18,4D,4,17,2387,,0,998,,G,,F,4,108,,,15R195,,,,,,0,0,000000000,00000000000,0,0,0,1,0,0,0,0,0,0,0,998,0,0,0,12,12,6,2,12,0,0,0,1,48,78240,6,1,0,0,3,3,999,999,0,0,0,0,0,0,0,0,0,0,28,0,0,0,5,4,35,1,1,8,1,0,0,1,10,1,1,2,50,1,1
48,481537,2,2,2,20,8,15,11,12,2,1,0,48,2,35,401,35401,14,2006,5N1AR18U16C6,5,N,1,A,R,1,8,U,1,6,C,6,0,P,NISS,PFI,UT,6,17,4373,,0,1122,,G,,F,6,244,,,16R265,,,,,,0,0,000000000,00000000000,0,0,0,1,0,0,0,0,0,0,0,998,0,0,0,12,12,4,3,12,0,0,0,1,48,78114,6,1,0,0,3,3,999,999,0,0,0,0,0,0,0,0,0,0,0,0,0,0,5,4,35,1,1,8,1,0,0,1,62,1,1,1,51,0,0
48,481538,1,2,2,20,8,12,15,12,6,1,0,48,2,63,34,63034,4,2007,KNAGE124X751,K,N,A,G,E,1,2,4,X,7,5,1,0,P,KIA,OLE,4D,7,17,3287,,0,1071,,G,,F,6,164,,,16R205,,,,,,0,0,000000000,00000000000,0,0,0,1,0,0,0,0,0,0,0,998,0,0,0,12,12,4,3,12,0,0,0,1,48,75180,6,1,0,0,3,0,999,999,0,0,0,1,0,2,2010,2,2010,1,39,0,0,0,2,2,35,1,1,8,1,20,3,1,17,1,1,1,88,0,1
48,481538,2,2,3,20,8,12,15,12,6,1,0,48,1,20,37,20037,4,2004,1G1ZU64814F1,1,G,1,Z,U,6,4,8,1,4,F,1,0,P,CHEV,XLT,4D,4,17,3476,,0,1123,,G,,F,6,214,,,16R215,,,,,,0,0,000000000,00000000000,0,0,0,1,0,0,0,0,0,0,0,998,0,0,0,9,9,6,2,12,0,0,0,1,48,75150,6,1,0,0,3,3,68,287,0,0,0,0,0,0,0,0,0,0,0,0,0,0,1,2,98,1,8,8,98,20,3,4,66,1,1,1,89,1,0
48,481539,1,2,1,20,8,14,48,12,1,1,0,48,1,20,461,20461,21,1997,1GBFG15R2V10,1,G,B,F,G,1,5,R,2,V,1,0,0,P,CHEV,S/V,SV,97,17,0,,0,1350,,G,,F,8,350,,,000000,,,,,,0,0,000000000,00000000000,0,0,0,1,0,0,0,0,0,0,0,998,0,0,0,12,0,6,2,12,0,0,1,1,48,75209,1,1,0,0,2,0,69,225,0,6,0,1,0,3,2009,4,2011,1,0,0,0,0,3,5,60,1,1,8,1,0,0,15,51,1,1,2,24,1,0
48,481539,2,2,2,20,8,14,48,12,1,1,0,48,3,7,482,7482,31,2005,1D7HA18N95S2,1,D,7,H,A,1,8,N,9,5,S,2,0,T,DODG,SQ1,CW,5,17,,2,1605,1405,RPC,G,,,8,287,,,,B,4620,03,E,42,0,0,000000000,00000000000,0,0,0,1,0,0,0,0,0,0,0,998,0,0,0,6,6,4,3,12,0,0,0,1,48,76022,6,1,0,0,3,0,999,999,0,0,0,0,0,0,0,0,0,0,0,0,0,0,3,5,60,1,1,8,1,0,0,1,53,1,1,1,25,0,0
48,481540,1,2,1,20,8,20,55,1,0,1,0,48,1,98,709,98709,80,2009,4MZHL04DX93B,4,M,Z,H,L,0,4,D,X,9,3,B,0,U,,,,9,17,,,,,,,,,,,,,,,,,,,0,0,000000000,00000000000,0,0,0,1,0,0,0,0,0,0,0,998,0,0,0,0,0,9,2,1,0,0,0,1,48,77090,6,1,0,0,2,3,999,999,1,0,0,0,0,11,2008,11,2008,1,27,0,0,0,2,4,40,1,1,8,1,0,0,15,6,1,9,2,98,1,0
48,481540,2,2,99,20,8,20,55,1,0,1,1,99,9,99,999,99999,99,9999,999999999999,9,9,9,9,9,9,9,9,9,9,9,9,0,,,,,,,,,,,,,,,,,,,,,,,,,0,0,000000000,00000000000,0,0,0,1,0,0,0,0,0,99,9,998,0,0,0,6,6,9,1,12,0,0,0,1,99,99999,9,9,99,0,9,9,999,999,99,99,99,99,99,99,9999,99,9999,0,99,99,99,99,2,4,40,1,1,8,1,0,0,1,53,1,1,1,98,0,0
48,481541,1,1,2,13,2,3,25,42,0,1,0,48,2,22,20,22020,4,2000,1G2WJ52J6YF2,1,G,2,W,J,5,2,J,6,Y,F,2,0,P,PONT,GFS,4D,0,17,3373,,0,1105,,G,,F,6,191,,,15R205,,,,,,0,0,000000000,00000000000,0,0,0,1,0,0,0,0,0,0,0,998,0,0,0,9,9,4,3,42,0,0,0,1,48,77011,6,1,0,0,3,3,999,999,0,0,0,0,0,0,0,0,0,1,91,0,0,0,2,2,45,1,1,1,1,0,0,1,6,1,3,4,2,1,1
48,481542,1,1,2,4,4,18,39,42,0,1,0,48,2,37,706,37706,80,1993,1HFSC220XPA5,1,H,F,S,C,2,2,0,X,P,A,5,0,M,HOND,G5A,RS,93,17,,,,,,,1500,,6,,4,800,,,,,,,0,0,000000000,00000000000,0,0,0,1,0,0,0,0,0,0,0,998,0,0,0,12,12,9,2,42,0,0,0,1,48,75929,6,1,0,0,2,0,999,999,0,0,0,0,0,0,0,0,0,0,0,0,0,0,1,2,70,1,1,8,1,0,0,1,3,1,4,4,7,1,0
48,481543,1,1,1,30,4,1,21,33,0,1,0,48,1,72,706,72706,80,2006,1HD1GX1126K3,1,H,D,1,G,X,1,1,2,6,K,3,0,M,HD,FXI,RS,6,17,,,,,,,1450,,2,,4,634,,,,,,,0,0,000000000,00000000000,0,0,0,1,0,0,0,0,0,0,0,998,0,0,0,99,99,9,2,33,0,0,0,1,48,77433,6,1,0,0,3,0,999,999,0,0,0,3,0,5,2008,1,2009,0,0,0,0,0,2,2,30,1,1,1,1,0,0,1,12,1,1,4,6,1,1
48,481544,1,2,1,14,5,1,20,12,1,1,1,48,1,58,37,58037,4,2005,JNKCV51E45M2,J,N,K,C,V,5,1,E,4,5,M,2,0,P,INFI,G35,4D,5,17,3309,,0,1122,,G,,F,6,214,,,17R215,,,,,,0,0,000000000,00000000000,0,0,0,1,0,0,0,0,0,0,0,998,0,0,0,12,12,4,3,12,0,0,0,1,48,77020,6,1,0,0,3,0,999,999,0,0,0,0,0,0,0,0,0,1,91,0,0,0,3,5,60,1,2,8,1,0,0,1,51,1,1,1,24,0,0
48,481544,2,2,2,14,5,1,20,12,1,1,0,48,1,20,2,20002,4,2005,2G1WF55E4593,2,G,1,W,F,5,5,E,4,5,9,3,0,P,CHEV,IMP,4D,5,17,3389,,0,1105,,G,,F,6,207,,,16R225,,,,,,0,0,000000000,00000000000,0,0,0,1,0,0,0,0,0,0,0,998,0,0,0,6,6,4,3,12,0,0,1,1,48,77036,6,1,0,0,3,3,999,999,1,0,0,0,0,11,2009,11,2009,0,0,0,0,0,3,5,60,1,2,8,1,0,0,1,53,1,1,1,25,1,0
48,481545,1,1,2,25,5,8,52,1,0,1,0,48,2,37,705,37705,80,2006,JH2PC37026M3,J,H,2,P,C,3,7,0,2,6,M,3,0,M,HOND,B60,RC,6,17,,,,,,,599,,4,,4,361,,,,,,,0,0,000000000,00000000000,0,0,0,1,0,0,0,0,0,0,0,998,0,0,0,0,0,6,2,1,0,0,0,1,48,78645,1,1,1,0,2,0,999,999,0,7,0,0,1,10,2008,1,2011,1,0,0,0,0,1,2,30,4,3,8,99,20,3,14,6,3,2,1,98,2,1