STATE,ST_CASE,VEH_NO,VE_FORMS,NUMOCCS,DAY,MONTH,HOUR,MINUTE,HARM_EV,MAN_COLL,UNITTYPE,HIT_RUN,REG_STAT,OWNER,MAKE,MODEL,MAK_MOD,BODY_TYP,MOD_YEAR,VIN,VIN_1,VIN_2,VIN_3,VIN_4,VIN_5,VIN_6,VIN_7,VIN_8,VIN_9,VIN_10,VIN_11,VIN_12,TOW_VEH,VINTYPE,VINMAKE,VINA_MOD,VIN_BT,VINMODYR,VIN_LNGT,VIN_WGT,WGTCD_TR,WHLBS_LG,WHLBS_SH,SER_TR,FUELCODE,MCYCL_DS,CARBUR,CYLINDER,DISPLACE,MCYCL_CY,MCYCL_WT,TIRE_SZE,TON_RAT,TRK_WT,TRKWTVAR,VIN_REST,WHLDRWHL,J_KNIFE,MCARR_I1,MCARR_I2,MCARR_ID,GVWR,V_CONFIG,CARGO_BT,HAZ_INV,HAZ_PLAC,HAZ_ID,HAZ_CNO,HAZ_REL,BUS_USE,SPEC_USE,EMER_USE,TRAV_SP,UNDERIDE,ROLLOVER,ROLINLOC,IMPACT1,IMPACT2,DEFORMED,TOWED,M_HARM,VEH_SC1,VEH_SC2,FIRE_EXP,DR_PRES,L_STATE,DR_ZIP,L_STATUS,L_TYPE,CDL_STAT,L_ENDORS,L_COMPL,L_RESTRI,DR_HGT,DR_WGT,PREV_ACC,PREV_SUS,PREV_DWI,PREV_SPD,PREV_OTH,FIRST_MO,FIRST_YR,LAST_MO,LAST_YR,SPEEDREL,DR_SF1,DR_SF2,DR_SF3,DR_SF4,VTRAFWAY,VNUM_LAN,VSPD_LIM,VALIGN,VPROFILE,VPAVETYP,VSURCOND,VTRAFCON,VTCONT_F,P_CRASH1,P_CRASH2,P_CRASH3,PCRASH4,PCRASH5,ACC_TYPE,DEATHS,DR_DRINK
48,481579,1,1,6,3,8,8,23,1,0,1,0,48,2,12,481,12481,31,2001,1FTNX21F81EC,1,F,T,N,X,2,1,F,8,1,E,C,0,T,FORD,F2S,4C,1,17,,2,1580,1418,SRW,D,,,8,444,,,,C,5635,07,U,44,0,0,000000000,00000000000,0,0,0,1,0,0,0,0,0,0,0,57,0,1,3,0,0,6,2,1,0,0,0,1,48,79907,6,1,0,0,3,0,999,999,0,0,0,0,0,0,0,0,0,0,89,0,0,0,2,2,70,1,2,8,1,0,0,1,13,6,4,4,7,1,0
48,481580,1,1,3,3,8,21,19,59,0,1,0,48,1,20,481,20481,31,2000,1GCEC14W1YZ2,1,G,C,E,C,1,4,W,1,Y,Z,2,0,T,CHEV,SC1,PK,0,17,,2,1330,1190,SIL,G,,,6,262,,,,B,3923,02,,42,0,0,000000000,00000000000,0,0,0,1,0,0,0,0,0,0,0,998,0,0,0,12,1,4,3,30,0,0,0,1,48,78408,6,1,0,0,3,0,999,999,0,0,0,0,0,0,0,0,0,0,91,92,0,0,1,2,55,1,1,8,1,0,0,6,13,1,1,4,1,1,0
48,481581,1,2,1,3,8,13,48,1,0,1,0,17,3,84,881,84881,66,2007,2HSCEAHR97C4,2,H,S,C,E,A,H,R,9,7,C,4,1,T,INTL,92I,TR,7,17,,8,0,0,920,D,,,6,661,,,,,00000,00,,64,1,57,84338,5784338,3,6,2,1,0,0,0,0,0,0,0,998,0,0,0,12,12,4,3,12,0,0,0,1,45,29651,6,1,6,0,3,0,66,175,0,0,0,0,0,0,0,0,0,0,0,0,0,0,2,4,70,1,1,8,1,0,0,1,64,1,1,1,98,0,0
48,481581,2,2,2,3,8,13,48,1,0,1,0,48,2,12,17,12017,4,2006,1FAFP53U36A2,1,F,A,F,P,5,3,U,3,6,A,2,0,P,FORD,TSE,4D,6,17,3307,,0,1085,,G,,F,6,183,,,16R215,,,,,,0,0,000000000,00000000000,0,0,0,1,0,0,0,0,0,0,0,998,0,2,1,0,13,6,2,1,0,0,0,1,48,75220,6,1,0,0,3,0,999,999,0,0,0,0,0,0,0,0,0,1,0,0,0,0,2,4,70,1,1,8,1,0,0,1,51,6,4,2,7,2,0
48,481582,1,2,1,4,8,22,21,12,6,1,0,48,2,12,17,12017,4,2004,1FAFP55U44A1,1,F,A,F,P,5,5,U,4,4,A,1,0,P,FORD,TSS,4D,4,17,3306,,0,1085,,G,,F,6,182,,,16R215,,,,,,0,0,000000000,00000000000,0,0,0,1,0,0,0,0,0,0,0,998,0,0,0,12,12,4,3,12,0,0,0,1,48,77590,6,1,0,0,3,3,999,999,0,0,0,0,0,0,0,0,0,0,38,0,0,0,5,4,40,1,1,8,1,0,0,11,15,1,1,1,68,0,0
48,481582,2,2,1,4,8,22,21,12,6,1,0,48,2,72,706,72706,80,1992,1HD1BKL10NY0,1,H,D,1,B,K,L,1,0,N,Y,0,0,M,HD,XTC,RS,92,17,,,,,,,1340,,2,,4,710,,,,,,,0,0,000000000,00000000000,0,0,0,1,0,0,0,0,0,0,0,998,0,0,0,9,9,4,3,31,0,0,0,1,48,77568,6,1,0,0,3,0,66,181,0,4,0,1,0,11,2008,5,2010,0,0,0,0,0,5,4,40,1,1,8,1,0,0,1,62,1,1,1,69,1,1
48,481583,1,1,1,4,8,7,35,1,0,1,0,48,1,76,706,76706,80,2001,JYAVP02E41A0,J,Y,A,V,P,0,2,E,4,1,A,0,0,M,YAMA,XAL,RS,1,17,,,,,,,1602,,2,,4,677,,,,,,,0,0,000000000,00000000000,0,0,0,1,0,0,0,0,0,0,0,998,0,0,0,0,99,2,3,1,0,0,0,1,48,77479,6,1,6,0,3,0,999,999,0,0,0,0,0,0,0,0,0,1,0,0,0,0,3,6,60,2,1,1,1,0,0,14,6,1,9,6,98,1,0
48,481584,1,1,1,5,8,22,25,8,0,1,0,48,1,52,401,52401,14,1997,JA4MR41R8VJ0,J,A,4,M,R,4,1,R,8,V,J,0,0,P,MITS,MON,UT,97,17,4385,,0,1073,,G,,F,6,213,,,15R235,,,,,,0,0,000000000,00000000000,0,0,0,1,0,0,0,0,0,0,0,998,0,0,0,12,12,2,3,8,0,0,0,1,48,78256,6,1,0,0,3,0,999,999,0,0,0,0,0,0,0,0,0,0,0,0,0,0,3,6,65,1,1,8,1,0,0,1,80,1,1,1,13,0,0
48,481585,1,2,1,6,8,11,59,12,6,1,0,48,1,14,17,14017,4,2001,1MEFM53U01A6,1,M,E,F,M,5,3,U,0,1,A,6,0,P,MERC,SLS,4D,1,17,3353,,0,1085,,G,,F,6,182,,,16R215,,,,,,0,0,000000000,00000000000,0,0,0,1,0,0,0,0,0,0,0,998,0,0,0,1,1,4,3,12,0,0,0,1,48,76227,6,1,0,0,3,3,999,999,0,0,0,0,0,0,0,0,0,0,38,0,0,0,5,6,60,1,1,8,1,0,0,15,11,1,1,2,46,1,0
48,481585,2,2,3,6,8,11,59,12,6,1,0,48,1,20,482,20482,31,2003,3GNEC13T23G1,3,G,N,E,C,1,3,T,2,3,G,1,0,T,CHEV,CAV,CW,3,17,,2,0,1300,AVL,G,,,8,325,,,,B,5400,00,,42,0,0,000000000,00000000000,0,0,0,1,0,0,0,0,0,0,0,998,0,0,0,11,11,4,3,12,0,0,0,1,48,75034,6,7,0,0,3,3,999,999,0,0,0,0,0,0,0,0,0,0,0,0,0,0,5,6,60,1,1,8,1,0,0,1,60,1,1,1,45,0,0
48,481586,1,1,1,6,8,22,6,8,0,1,0,48,1,20,481,20481,31,2001,2GCEC19V4111,2,G,C,E,C,1,9,V,4,1,1,1,0,T,CHEV,SC1,4C,1,17,,2,1575,1435,SIL,G,,,8,293,,,,B,4413,00,,42,0,0,000000000,00000000000,0,0,0,1,0,0,0,0,0,0,0,998,0,0,0,12,12,4,3,8,0,0,0,1,48,77381,6,1,0,0,3,0,999,999,0,0,0,0,0,0,0,0,0,0,0,0,0,0,2,6,35,1,1,8,1,3,3,1,80,1,1,1,13,0,0
48,481588,1,1,3,7,8,5,50,8,0,1,1,48,2,22,20,22020,4,2004,2G2WR5245413,2,G,2,W,R,5,2,4,5,4,1,3,0,P,PONT,GTP,4D,4,17,3583,,0,1105,,G,,Z,6,231,,,17R225,,,,,,0,0,000000000,00000000000,0,0,0,1,0,0,0,0,0,0,0,998,0,0,0,12,12,2,1,8,0,0,0,1,48,75602,6,1,0,0,3,3,999,999,0,0,0,0,0,0,0,0,0,0,51,8,0,0,1,2,35,1,2,8,1,0,0,1,10,1,1,2,13,0,0
48,481589,1,1,2,8,8,0,45,1,0,1,0,5,1,12,401,12401,14,1996,1FMCU22X3TUD,1,F,M,C,U,2,2,X,3,T,U,D,0,P,FORD,EPR,UT,96,17,3733,,0,1017,,G,,F,6,245,,,15R225,,,,,,0,0,000000000,00000000000,0,0,0,1,0,0,0,0,0,0,0,998,0,2,3,0,3,4,3,1,0,0,0,1,5,71854,1,1,0,0,2,3,71,177,0,2,0,0,0,10,2009,10,2009,0,58,0,0,0,3,4,65,1,1,8,1,0,0,1,1,6,4,4,2,1,1
48,481590,1,2,1,8,8,2,20,12,11,1,0,48,1,41,471,41471,30,1996,4F4CR12A6TTM,4,F,4,C,R,1,2,A,6,T,T,M,0,T,MAZD,RGC,PK,96,17,,1,1139,1079,B23,G,,,4,140,,,,,2927,01,B,42,0,0,000000000,00000000000,0,0,0,1,0,0,0,0,0,0,0,998,0,0,0,9,9,4,3,12,0,0,0,1,48,75602,6,1,0,0,3,0,999,999,0,0,0,0,0,0,0,0,0,1,0,0,0,0,3,2,65,1,2,8,1,0,0,1,50,99,3,1,98,1,0
48,481590,2,2,0,8,8,2,20,12,11,1,0,48,6,86,881,86881,66,1996,1M2AA18Y5TW0,1,M,2,A,A,1,8,Y,5,T,W,0,1,T,MACK,CH6,TR,96,17,,8,0,0,600,D,,,6,728,,,,,00000,00,,64,1,57,962805,57962805,3,6,3,2,8,1824,88,8,0,0,0,0,0,0,0,13,99,8,3,12,0,0,0,0,0,99997,7,6,97,7,6,7,998,997,998,998,998,998,998,98,9998,98,9998,8,0,0,0,0,3,2,65,1,2,8,1,0,0,0,53,0,0,0,98,0,0
48,481591,1,1,1,9,8,22,50,35,0,1,0,48,1,7,482,7482,31,1998,3B7KF2663WM2,3,B,7,K,F,2,6,6,3,W,M,2,0,T,DODG,250,PK,98,17,,2,0,1347,RPC,D,,,6,359,,,,C,5142,00,U,44,0,0,000000000,00000000000,0,0,0,1,0,0,0,0,0,0,0,998,0,1,5,99,0,4,3,1,0,0,0,1,48,75785,6,1,0,0,3,0,999,999,0,1,0,2,1,5,2009,4,2011,1,58,0,0,0,1,2,35,2,2,8,1,0,0,14,12,7,3,4,2,1,1
48,481592,1,2,1,10,8,21,30,12,6,1,1,48,1,23,481,23481,31,2002,1GTGC13UX2F1,1,G,T,G,C,1,3,U,X,2,F,1,0,T,GMC,1CH,CW,2,17,,2,0,1530,SIE,G,,,8,364,,,,B,5461,00,K,42,0,0,000000000,00000000000,0,0,0,1,0,0,0,0,0,0,0,998,0,0,0,9,6,4,3,12,0,0,0,1,48,79118,6,1,0,0,3,0,999,999,0,0,0,0,0,0,0,0,0,0,38,0,0,0,1,2,99,1,1,8,1,20,3,4,17,1,1,1,89,0,0
48,481592,2,2,2,10,8,21,30,12,6,1,0,48,2,72,706,72706,80,2003,1HD1BJY423Y0,1,H,D,1,B,J,Y,4,2,3,Y,0,0,M,HD,ATC,RS,3,17,,,,,,,1450,,2,,4,696,,,,,,,0,0,000000000,00000000000,0,0,0,1,0,0,0,0,0,0,0,998,0,0,0,12,12,9,2,12,0,0,0,1,48,79106,6,1,0,0,2,3,999,999,0,0,0,0,0,0,0,0,0,0,0,0,0,0,1,2,65,1,1,8,1,0,0,1,66,1,1,1,88,1,0
48,481593,1,1,1,10,8,22,30,1,0,1,0,48,2,58,35,58035,4,1998,JNKCA21A1WT6,J,N,K,C,A,2,1,A,1,W,T,6,0,P,INFI,I30,4D,98,17,3164,,0,1063,,G,,F,6,182,,,16R215,,,,,,0,0,000000000,00000000000,0,0,0,1,0,0,0,0,0,0,0,998,0,1,5,0,0,4,3,1,0,0,0,1,48,76017,6,1,0,0,3,0,999,999,0,0,0,0,0,0,0,0,0,1,0,0,0,0,1,2,35,2,1,8,1,0,0,14,6,7,3,4,2,1,0
48,481594,1,2,1,11,8,18,20,12,6,1,0,48,1,24,7,24007,4,2003,1G8AZ52F03Z1,1,G,8,A,Z,5,2,F,0,3,Z,1,0,P,STRN,SI2,4D,3,17,2760,,0,1032,,G,,F,4,134,,,15R195,,,,,,0,0,000000000,00000000000,0,0,0,1,0,0,0,0,0,0,0,998,0,0,0,3,3,4,3,12,0,0,0,1,48,79364,6,1,0,0,3,3,999,999,0,0,0,2,0,4,2009,5,2010,0,38,0,0,0,2,2,70,1,1,8,1,0,0,11,15,1,1,1,68,0,0
48,481594,2,2,1,11,8,18,20,12,6,1,0,48,2,72,706,72706,80,2009,1HD1GN4169K3,1,H,D,1,G,N,4,1,6,9,K,3,0,M,HD,FDL,RS,9,17,,,,,,,1584,,2,,4,672,,,,,,,0,0,000000000,00000000000,0,0,0,1,0,0,0,0,0,0,0,998,0,0,0,12,12,9,2,12,0,0,0,1,48,79412,6,1,0,0,3,0,999,999,0,0,0,0,0,0,0,0,0,0,0,0,0,0,2,2,70,1,1,8,1,0,0,1,62,1,1,1,69,1,0
48,481595,1,2,1,11,8,10,10,12,6,1,0,48,2,55,35,55035,4,2002,KMHDN45D72U3,K,M,H,D,N,4,5,D,7,2,U,3,0,P,HYUN,EST,4D,2,17,2635,,0,1027,,G,,F,4,121,,,15R195,,,,,,0,0,000000000,00000000000,0,0,0,1,0,0,0,0,0,0,0,998,0,1,1,82,82,4,3,12,0,0,0,1,48,77375,6,1,0,0,3,0,999,999,0,0,0,0,0,0,0,0,0,0,39,0,0,0,1,2,99,1,1,8,1,20,3,1,17,1,1,1,87,0,0
48,481595,2,2,4,11,8,10,10,12,6,1,0,48,1,20,481,20481,31,1996,2GCEC19R0T12,2,G,C,E,C,1,9,R,0,T,1,2,1,T,CHEV,GC1,PC,96,17,,2,1555,1415,GM4,G,,,8,350,,,,B,4068,02,,42,1,0,000000000,00000000000,0,0,0,1,0,0,0,0,0,0,0,998,0,0,0,12,12,4,3,12,0,0,0,1,48,77389,6,1,0,0,3,0,999,999,0,0,0,0,0,0,0,0,0,0,0,0,0,0,1,2,45,1,1,8,1,0,0,1,66,1,1,1,86,1,0
48,481596,1,1,1,11,8,15,59,24,0,1,0,26,2,37,441,37441,20,2005,5FNRL38645B0,5,F,N,R,L,3,8,6,4,5,B,0,0,P,HOND,UDY,SV,5,17,4537,,0,1181,,G,,F,6,212,,,16R225,,,,,,0,0,000000000,00000000000,0,0,0,1,0,0,0,0,0,0,0,82,0,0,0,12,12,6,2,24,0,0,0,1,4,85032,6,1,0,0,3,0,67,120,0,0,0,0,0,0,0,0,0,0,0,0,0,0,3,2,70,1,2,8,1,0,0,1,12,1,1,4,6,1,0
48,481597,1,2,1,11,8,1,19,12,1,1,1,48,2,35,401,35401,14,2006,5N1AR18U56C6,5,N,1,A,R,1,8,U,5,6,C,6,0,P,NISS,PFI,UT,6,17,4373,,0,1122,,G,,F,6,244,,,16R265,,,,,,0,0,000000000,00000000000,0,0,0,1,0,0,0,0,0,0,0,998,0,0,0,12,12,2,1,12,0,0,0,1,48,75050,6,1,0,0,3,0,999,999,0,4,0,0,0,3,2009,3,2010,1,91,0,0,0,3,4,60,1,3,8,1,0,0,1,51,1,1,1,24,0,0
48,481597,2,2,2,11,8,1,19,12,1,1,0,48,2,38,499,38499,30,1990,JAACL11EXL72,J,A,A,C,L,1,1,E,X,L,7,2,0,T,ISU,RSB,PK,90,17,,1,0,1056,CON,G,,,4,156,,,,B,2625,01,A,42,0,0,000000000,00000000000,0,0,0,1,0,0,0,0,0,0,0,998,0,0,0,6,6,6,2,12,0,0,0,1,48,76132,6,1,0,0,3,0,999,999,1,2,0,4,0,11,2008,2,2011,0,0,0,0,0,3,4,60,1,3,8,1,0,0,1,53,1,1,1,25,1,0
48,481598,1,1,1,12,8,0,25,33,0,1,0,48,2,41,50,41050,4,2004,1YVHP80D145N,1,Y,V,H,P,8,0,D,1,4,5,N,0,P,MAZD,M6S,4D,4,17,3241,,0,1053,,G,,F,6,181,,,17R215,,,,,,0,0,000000000,00000000000,0,0,0,1,0,0,0,0,0,0,0,998,0,0,0,99,61,4,3,30,0,0,0,1,48,77706,0,0,0,0,0,0,999,999,0,0,0,0,0,0,0,0,0,1,24,91,0,0,4,3,40,1,1,1,1,0,0,1,13,1,1,4,1,1,1
48,481599,1,2,2,12,8,18,10,12,1,1,0,48,2,6,43,6043,4,2006,1C3EL46X86N1,1,C,3,E,L,4,6,X,8,6,N,1,0,P,CHRY,SEB,4D,6,17,3041,,0,1060,,G,,F,4,146,,,16R205,,,,,,0,0,000000000,00000000000,0,0,0,1,0,0,0,0,0,0,0,998,0,0,0,6,6,6,2,12,0,0,0,1,48,76449,6,1,0,0,3,3,999,999,0,0,0,1,0,5,2011,5,2011,1,58,0,0,0,1,2,70,1,2,8,1,0,0,1,13,6,4,6,98,2,0
48,481599,2,2,4,12,8,18,10,12,1,1,0,48,2,23,421,23421,15,2010,1GKUCHE09AR2,1,G,K,U,C,H,E,0,9,A,R,2,0,T,GMC,CX3,4W,10,17,,2,0,1300,YUK,F,,,8,323,,,,B,5687,00,S,42,0,0,000000000,00000000000,0,0,0,1,0,0,0,0,0,0,0,998,0,0,0,12,12,6,2,12,0,0,0,1,48,75165,6,1,0,0,3,0,999,999,0,0,0,0,0,0,0,0,0,0,0,0,0,0,1,2,70,1,2,8,1,0,0,1,62,1,1,1,98,0,0
48,481600,1,1,1,13,8,15,6,53,0,1,0,48,1,7,402,7402,14,1999,1B4HS28Y7XF6,1,B,4,H,S,2,8,Y,7,X,F,6,0,P,DODG,DUR,UT,99,17,4397,,0,1159,,G,,F,8,318,,,15R235,,,,,,0,0,000000000,00000000000,0,0,0,1,0,0,0,0,0,0,0,998,0,0,0,12,12,4,3,53,0,0,0,1,48,75020,1,1,0,0,2,0,999,999,0,2,0,1,0,7,2009,8,2011,1,0,0,0,0,1,2,65,3,2,8,1,0,0,14,13,1,1,4,1,1,1
48,481601,1,1,1,13,8,0,1,1,0,1,0,48,1,49,482,49482,31,2001,5TBRN34111S1,5,T,B,R,N,3,4,1,1,1,S,1,0,T,TOYT,TT5,4C,1,17,,1,0,1283,TUN,G,,,6,206,,,,B,4088,00,U,42,0,0,000000000,00000000000,0,0,0,1,0,0,0,0,0,0,0,998,0,1,3,0,0,4,3,1,0,0,0,1,48,77379,6,1,0,0,3,0,999,999,0,0,0,0,0,0,0,0,0,0,24,0,0,0,2,2,45,3,1,8,1,0,0,14,12,1,1,4,6,1,1
48,481602,1,1,1,14,8,22,5,8,0,1,0,48,1,14,6,14006,4,2005,2MEFM74W05X6,2,M,E,F,M,7,4,W,0,5,X,6,0,P,MERC,GMG,4D,5,17,4038,,0,1147,,G,,F,8,281,,,16R225,,,,,,0,0,000000000,00000000000,0,0,0,1,0,0,0,0,0,0,0,998,0,0,0,12,12,2,3,8,0,0,0,1,48,75051,6,1,0,0,3,3,999,999,0,0,0,0,1,9,2008,9,2008,0,0,0,0,0,2,3,40,1,2,8,1,0,0,1,80,1,1,1,13,0,0
48,481603,1,1,1,14,8,2,4,8,0,1,1,48,1,7,28,7028,2,2010,2B3CJ4DV7AH1,2,B,3,C,J,4,D,V,7,A,H,1,0,P,DODG,CHE,CP,10,17,3720,,0,1160,,G,,F,6,214,,,17R215,,,,,,0,0,000000000,00000000000,0,0,0,1,0,0,0,0,0,0,0,998,0,0,0,12,12,2,1,8,0,0,0,1,48,76209,6,1,0,0,3,0,999,999,0,0,0,0,0,0,0,0,0,0,91,0,0,0,4,2,35,1,1,8,1,0,0,1,80,1,1,1,13,0,0
48,481604,1,1,1,14,8,8,54,1,0,1,0,48,2,45,421,45421,15,2006,WP1AB29P26LA,W,P,1,A,B,2,9,P,2,6,L,A,0,P,PORS,POR,UT,6,17,5688,,0,1124,,G,,F,8,275,,,18R255,,,,,,0,0,000000000,00000000000,0,0,0,1,0,0,0,0,0,0,0,998,0,2,3,0,0,6,2,1,0,0,1,1,96,75063,9,9,99,0,9,9,65,132,99,99,99,99,99,99,9999,99,9999,1,27,24,0,0,3,3,60,1,2,8,1,0,0,15,6,1,3,4,2,1,1
48,481605,1,1,1,14,8,2,42,53,0,1,0,48,1,7,482,7482,31,2002,1D7HA16ZX2J2,1,D,7,H,A,1,6,Z,X,2,J,2,0,T,DODG,150,PK,2,17,,2,1405,1205,RPC,G,,,8,360,,,,B,4366,01,E,42,0,0,000000000,00000000000,0,0,0,1,0,0,0,0,0,0,0,998,0,0,0,1,1,2,3,53,0,0,0,1,48,78414,6,1,0,0,3,0,999,999,2,1,0,0,0,1,2009,5,2011,0,48,0,0,0,1,2,30,1,1,8,1,0,0,1,9,99,4,4,2,1,0
48,481606,1,2,1,14,8,16,13,12,6,1,0,48,1,12,37,12037,4,2007,1FAFP34N27W2,1,F,A,F,P,3,4,N,2,7,W,2,0,P,FORD,FMS,4D,7,17,2636,,0,1029,,G,,F,4,122,,,15R195,,,,,,0,0,000000000,00000000000,0,0,0,1,0,0,0,0,0,0,0,998,0,0,0,61,61,6,2,12,0,0,0,1,48,76011,0,0,0,0,0,0,999,999,0,0,0,0,0,0,0,0,0,0,38,0,0,0,0,0,0,0,0,0,0,0,0,98,15,1,1,1,82,0,0
48,481606,2,2,2,14,8,16,13,12,6,1,0,48,2,7,20,7020,4,2003,1B3ES26C33D1,1,B,3,E,S,2,6,C,3,3,D,1,0,P,DODG,SEN,4D,3,17,2587,,0,1040,,G,,F,4,122,,,14R175,,,,,,0,0,000000000,00000000000,0,0,0,1,0,0,0,0,0,0,0,998,0,0,0,12,12,6,2,12,0,0,0,1,48,76010,3,1,0,0,2,0,999,999,0,2,0,0,0,6,2009,6,2009,1,0,0,0,0,5,4,35,1,2,8,1,0,0,1,72,8,2,1,83,1,1
48,481607,1,2,1,15,8,14,24,12,6,1,0,99,9,87,881,87881,66,2009,1XPWD49X99D7,1,X,P,W,D,4,9,X,9,9,D,7,1,T,PTRB,388,TR,9,17,,8,0,0,CON,D,,,6,915,,,,,00000,00,,64,1,57,739905,57739905,3,6,3,1,0,0,0,0,0,0,0,998,0,0,0,4,4,2,1,12,0,0,0,1,95,99999,9,9,99,9,9,9,999,999,99,99,99,99,99,99,9999,99,9999,0,38,91,0,0,2,2,70,1,1,8,1,0,0,11,15,1,1,1,68,0,0
48,481607,2,2,1,15,8,14,24,12,6,1,0,48,1,37,706,37706,80,1980,SC042005641,S,C,0,4,2,0,0,5,6,4,1,,0,M,HOND,CB9,RS,80,11,,,,,,,901,,4,,4,560,,,,,,,0,0,000000000,00000000000,0,0,0,1,0,0,0,0,0,0,0,998,0,0,0,12,12,9,2,12,0,0,0,1,48,77371,6,1,0,0,3,3,999,999,0,0,0,1,0,3,2010,3,2010,0,0,0,0,0,2,2,70,1,1,8,1,0,0,1,62,6,1,1,69,1,0
48,481608,1,1,1,15,8,12,12,32,0,1,0,48,1,23,481,23481,31,2006,1GTEC19Z26Z2,1,G,T,E,C,1,9,Z,2,6,Z,2,0,T,GMC,NC1,4C,6,17,,2,1575,1340,SIE,F,,,8,323,,,,B,4760,01,4,42,0,0,000000000,00000000000,0,0,0,1,0,0,0,0,0,0,0,998,0,1,5,81,81,6,2,1,0,0,0,1,48,76078,6,1,0,0,3,0,999,999,0,0,0,0,0,0,0,0,0,1,36,0,0,0,2,2,55,1,1,8,1,0,0,1,13,7,4,4,1,1,0
48,481609,1,1,1,16,8,14,13,42,0,1,0,48,1,20,481,20481,31,2008,1GCEC14C48Z2,1,G,C,E,C,1,4,C,4,8,Z,2,0,T,CHEV,SC1,PK,8,17,,2,1330,1190,SIL,G,,,8,293,,,,B,4453,01,,42,0,0,000000000,00000000000,0,0,0,1,0,0,0,0,0,0,0,998,0,0,0,12,12,6,2,42,0,0,0,1,48,77477,6,1,0,0,3,3,999,999,0,0,0,0,0,0,0,0,0,0,0,0,0,0,2,2,40,1,1,8,1,0,0,1,12,1,1,4,6,1,0
48,481610,1,2,1,16,8,17,0,12,6,1,0,48,1,63,402,63402,14,2008,KNDJD7357857,K,N,D,J,D,7,3,5,7,8,5,7,0,P,KIA,SOR,UT,8,17,4068,,0,1067,,G,,F,6,201,,,16R245,,,,,,0,0,000000000,00000000000,0,0,0,1,0,0,0,0,0,0,0,998,0,0,0,12,12,6,2,12,0,0,0,1,48,77388,6,1,0,0,3,0,999,999,1,0,0,0,0,2,2009,2,2009,0,0,0,0,0,5,4,45,1,1,8,1,0,0,1,62,7,1,1,65,0,0
48,481610,2,2,4,16,8,17,0,12,6,1,0,48,1,20,37,20037,4,2005,1G1ZT52825F3,1,G,1,Z,T,5,2,8,2,5,F,3,0,P,CHEV,M/L,4D,5,17,3297,,0,1063,,G,,F,6,214,,,15R205,,,,,,0,0,000000000,00000000000,0,0,0,1,0,0,0,0,0,0,0,998,0,0,0,81,81,6,2,12,0,0,0,1,48,77379,6,1,0,0,3,3,999,999,0,0,0,2,0,11,2008,10,2010,0,0,0,0,0,5,4,45,1,1,8,1,0,0,1,10,99,4,2,64,2,0
48,481611,1,1,1,17,8,4,45,8,0,1,0,48,1,12,3,12003,2,1989,1FABP40AXKF2,1,F,A,B,P,4,0,A,X,K,F,2,0,P,FORD,MLX,2D,89,17,2754,,0,1005,,G,,F,4,140,,,000000,,,,,,0,0,000000000,00000000000,0,0,0,1,0,0,0,0,0,0,0,998,0,0,0,12,12,2,8,8,0,0,0,1,48,77535,6,1,6,0,3,0,999,999,0,0,0,0,1,1,2010,1,2010,0,0,0,0,0,6,1,65,1,1,8,1,0,0,1,80,1,1,1,13,0,0
48,481612,1,1,1,17,8,8,4,8,0,1,0,48,1,12,401,12401,14,2004,1FMZU73K04ZA,1,F,M,Z,U,7,3,K,0,4,Z,A,0,P,FORD,EPR,UT,4,17,4094,,0,1137,,F,,F,6,245,,,16R235,,,,,,0,0,000000000,00000000000,0,0,0,1,0,0,0,0,0,0,0,998,0,0,0,12,12,2,3,8,0,0,0,1,48,77612,6,1,0,0,3,0,999,999,0,0,0,1,0,12,2010,12,2010,1,39,0,0,0,1,2,65,1,1,8,1,50,3,1,50,7,1,4,3,0,0
48,481613,1,2,1,18,8,14,10,12,6,1,0,48,3,12,481,12481,31,2007,1FTPX14V27KD,1,F,T,P,X,1,4,V,2,7,K,D,0,T,FORD,F15,4C,7,17,,2,1630,1330,COF,F,,,8,329,,,,B,4297,16,E,44,0,0,000000000,00000000000,0,0,0,1,0,0,0,0,0,0,0,998,0,1,5,3,3,6,2,1,0,0,0,1,48,79059,6,1,0,0,3,3,999,999,0,0,0,0,0,0,0,0,0,0,38,39,0,0,1,2,99,8,8,8,1,20,3,1,17,1,1,1,87,1,0
48,481613,2,2,2,18,8,14,10,12,6,1,0,48,3,86,881,86881,66,2001,1M1AE07Y41W0,1,M,1,A,E,0,7,Y,4,1,W,0,1,T,MACK,CX6,TR,1,17,,8,0,0,600,D,,,6,728,,,,,00000,00,,64,1,57,322143,57322143,3,6,3,1,0,0,0,0,0,0,0,998,0,0,0,12,12,4,3,12,0,0,0,1,48,79070,6,1,6,0,3,0,999,999,0,3,0,2,0,8,2008,3,2011,0,0,0,0,0,2,4,70,1,2,8,1,3,3,1,66,9,2,1,86,0,0
48,481614,1,1,2,18,8,22,4,33,0,1,0,48,2,72,706,72706,80,2008,1HD1CT3118K4,1,H,D,1,C,T,3,1,1,8,K,4,0,M,HD,20C,RS,8,17,,,,,,,1202,,2,,4,589,,,,,,,0,0,000000000,00000000000,0,0,0,1,0,0,0,0,0,0,0,998,0,0,0,9,98,2,3,1,0,0,0,1,48,76039,6,1,0,0,3,0,999,999,0,0,0,1,0,9,2008,9,2008,1,0,0,0,0,2,4,45,1,1,8,1,0,0,1,10,1,1,4,6,1,1