STATE,ST_CASE,VEH_NO,VE_FORMS,NUMOCCS,DAY,MONTH,HOUR,MINUTE,HARM_EV,MAN_COLL,UNITTYPE,HIT_RUN,REG_STAT,OWNER,MAKE,MODEL,MAK_MOD,BODY_TYP,MOD_YEAR,VIN,VIN_1,VIN_2,VIN_3,VIN_4,VIN_5,VIN_6,VIN_7,VIN_8,VIN_9,VIN_10,VIN_11,VIN_12,TOW_VEH,VINTYPE,VINMAKE,VINA_MOD,VIN_BT,VINMODYR,VIN_LNGT,VIN_WGT,WGTCD_TR,WHLBS_LG,WHLBS_SH,SER_TR,FUELCODE,MCYCL_DS,CARBUR,CYLINDER,DISPLACE,MCYCL_CY,MCYCL_WT,TIRE_SZE,TON_RAT,TRK_WT,TRKWTVAR,VIN_REST,WHLDRWHL,J_KNIFE,MCARR_I1,MCARR_I2,MCARR_ID,GVWR,V_CONFIG,CARGO_BT,HAZ_INV,HAZ_PLAC,HAZ_ID,HAZ_CNO,HAZ_REL,BUS_USE,SPEC_USE,EMER_USE,TRAV_SP,UNDERIDE,ROLLOVER,ROLINLOC,IMPACT1,IMPACT2,DEFORMED,TOWED,M_HARM,VEH_SC1,VEH_SC2,FIRE_EXP,DR_PRES,L_STATE,DR_ZIP,L_STATUS,L_TYPE,CDL_STAT,L_ENDORS,L_COMPL,L_RESTRI,DR_HGT,DR_WGT,PREV_ACC,PREV_SUS,PREV_DWI,PREV_SPD,PREV_OTH,FIRST_MO,FIRST_YR,LAST_MO,LAST_YR,SPEEDREL,DR_SF1,DR_SF2,DR_SF3,DR_SF4,VTRAFWAY,VNUM_LAN,VSPD_LIM,VALIGN,VPROFILE,VPAVETYP,VSURCOND,VTRAFCON,VTCONT_F,P_CRASH1,P_CRASH2,P_CRASH3,PCRASH4,PCRASH5,ACC_TYPE,DEATHS,DR_DRINK
48,481615,1,2,2,19,8,23,16,12,1,1,0,48,2,37,705,37705,80,2005,JH2PC37005M2,J,H,2,P,C,3,7,0,0,5,M,2,0,M,HOND,B60,RC,5,17,,,,,,,599,,4,,4,361,,,,,,,0,0,000000000,00000000000,0,0,0,1,0,0,0,0,0,0,0,998,0,0,0,12,12,6,2,12,0,0,0,1,48,78214,6,1,0,0,2,0,999,999,0,0,0,2,0,11,2009,11,2009,1,26,0,0,0,3,6,60,2,2,8,1,0,0,14,51,1,1,1,24,1,0
48,481615,2,2,2,19,8,23,16,12,1,1,0,48,2,49,32,49032,4,2009,1NXBU40E79Z0,1,N,X,B,U,4,0,E,7,9,Z,0,0,P,TOYT,CBL,4D,9,17,2723,,0,1024,,G,,F,4,110,,,15R195,,,,,,0,0,000000000,00000000000,0,0,0,1,0,0,0,0,0,0,0,998,0,0,0,6,6,2,3,12,0,0,0,1,48,78240,6,1,0,0,3,0,999,999,0,0,0,0,0,0,0,0,0,0,0,0,0,0,3,6,60,2,2,8,1,0,0,14,53,1,1,1,25,0,0
48,481616,1,1,2,20,8,21,32,31,0,1,0,48,2,22,9,22009,2,1997,2G2FV22P3V22,2,G,2,F,V,2,2,P,3,V,2,2,0,P,PONT,FTA,2H,97,17,3350,,0,1011,,G,,F,8,350,,,16R235,,,,,,0,0,000000000,00000000000,0,0,0,1,0,0,0,0,0,0,0,998,0,0,0,9,9,6,2,31,0,0,0,1,48,77066,1,1,0,0,2,0,999,999,0,4,0,0,0,2,2009,4,2011,1,27,0,0,0,3,2,40,3,1,8,1,0,0,15,6,1,3,4,2,1,0
48,481617,1,1,2,21,8,23,50,31,0,1,0,48,2,52,35,52035,4,1994,JA3EA26A6RU0,J,A,3,E,A,2,6,A,6,R,U,0,0,P,MITS,MIS,4D,94,17,2225,,0,984,,G,,F,4,090,,,13R175,,,,,,0,0,000000000,00000000000,0,0,0,1,0,0,0,0,0,0,0,998,0,0,0,3,3,6,2,31,0,0,0,1,99,99999,9,9,99,9,9,9,999,999,99,99,99,99,99,99,9999,99,9999,1,0,0,0,0,5,2,30,1,1,8,1,0,0,1,6,1,4,4,2,1,1
48,481618,1,1,1,21,8,2,29,8,0,1,0,48,1,7,482,7482,31,2003,1D7KU28D93J6,1,D,7,K,U,2,8,D,9,3,J,6,0,T,DODG,SQ2,CW,3,17,,2,1605,1405,RPC,G,,,8,345,,,,C,5837,07,E,44,0,0,000000000,00000000000,0,0,0,1,0,0,0,0,0,0,0,998,0,0,0,12,12,2,1,8,0,0,0,1,48,79110,6,1,0,0,3,0,999,999,0,0,0,0,0,0,0,0,0,0,0,0,0,0,1,2,35,1,1,8,1,0,0,1,80,1,1,1,13,0,0
48,481619,1,1,1,22,8,13,21,24,0,1,0,17,3,51,881,51881,66,2009,4V4NC9EH09N2,4,V,4,N,C,9,E,H,0,9,N,2,1,T,VOLV,VNL,TR,9,17,,8,0,0,VVN,D,,,6,793,,,,,00000,00,,64,1,57,76483,5776483,3,6,2,2,2,1247,3,1,0,0,0,998,0,0,0,99,99,6,2,2,0,0,1,1,22,70757,9,9,99,9,9,9,999,999,99,99,99,99,99,99,9999,99,9999,0,0,0,0,0,3,2,65,1,1,8,1,0,0,1,13,1,1,4,1,1,0
48,481620,1,2,1,22,8,23,25,12,1,1,0,37,3,51,881,51881,66,2012,4V4N19TH5CN5,4,V,4,N,1,9,T,H,5,C,N,5,2,T,VOLV,VNL,TR,12,17,,7,0,0,VVN,D,,,6,915,,,,,00000,00,,42,1,57,90849,5790849,3,7,1,1,0,0,0,0,0,0,0,998,0,0,0,6,6,2,1,12,0,0,0,1,48,75104,6,1,6,1,3,0,999,999,0,0,0,1,0,10,2008,10,2008,0,0,0,0,0,3,5,60,3,1,8,1,0,0,14,53,1,1,1,25,0,0
48,481620,2,2,1,22,8,23,25,12,1,1,0,48,2,12,422,12422,15,2001,1FMRU15WX1LB,1,F,M,R,U,1,5,W,X,1,L,B,0,P,FORD,EPT,UT,1,17,4886,,0,1191,,G,,F,8,281,,,16R255,,,,,,0,0,000000000,00000000000,0,0,0,1,0,0,0,0,0,0,0,998,0,0,0,12,12,4,3,12,0,0,0,1,48,75211,6,1,0,0,3,3,68,127,0,0,0,2,0,11,2009,3,2010,1,26,0,0,0,3,5,60,3,1,8,1,0,0,14,51,1,1,1,24,1,0
48,481621,1,1,1,23,8,21,2,8,0,1,0,48,1,22,16,22016,2,2000,1G2JB1243Y71,1,G,2,J,B,1,2,4,3,Y,7,1,0,P,PONT,SFS,CP,0,17,2606,,0,1041,,G,,F,4,133,,,14R195,,,,,,0,0,000000000,00000000000,0,0,0,1,0,0,0,0,0,0,0,998,0,0,0,12,12,2,3,8,0,0,0,1,48,76579,0,0,0,0,0,0,999,999,0,0,0,0,0,0,0,0,0,0,0,0,0,0,1,2,50,1,1,8,1,0,0,1,80,1,1,1,13,0,0
48,481622,1,1,0,23,8,8,35,8,0,1,0,48,6,49,441,49441,20,1994,JT3AC12R3R11,J,T,3,A,C,1,2,R,3,R,1,1,0,P,TOYT,PRE,SV,94,17,3730,,0,1128,,G,,Z,4,149,,,15R215,,,,,,0,0,000000000,00000000000,0,0,0,1,0,0,0,0,0,0,0,998,0,0,0,61,61,0,4,8,0,0,0,0,0,99997,7,6,97,7,6,7,998,997,998,998,998,998,998,98,9998,98,9998,8,0,0,0,0,0,0,0,0,0,0,0,0,0,0,98,0,0,0,98,0,0
48,481623,1,3,1,23,8,10,41,12,2,1,0,48,3,87,881,87881,66,2001,1XPFDU9X21D5,1,X,P,F,D,U,9,X,2,1,D,5,1,T,PTRB,378,TR,1,17,,8,0,0,CON,D,,,6,733,,,,,00000,00,,64,1,57,1827421,571827421,3,6,4,1,0,0,0,0,0,0,0,998,0,0,0,12,12,6,2,12,0,0,0,1,48,78642,6,1,6,0,3,0,999,999,0,0,0,0,0,0,0,0,0,0,0,0,0,0,1,4,50,1,2,8,1,0,0,1,62,9,1,1,51,0,0
48,481623,2,3,1,23,8,10,41,12,2,1,0,48,1,7,482,7482,31,1999,1B7HF13Y6XJ5,1,B,7,H,F,1,3,Y,6,X,J,5,0,T,DODG,Q15,4C,99,17,,2,1547,1387,RPC,G,,,8,318,,,,B,4956,01,U,44,0,0,000000000,00000000000,0,0,0,1,0,0,0,0,0,0,0,998,0,0,0,12,12,6,2,12,0,0,0,1,48,78664,6,1,6,0,3,0,999,999,0,0,0,0,0,0,0,0,0,0,51,0,0,0,1,4,50,1,2,8,1,0,0,1,10,1,1,2,50,1,0
48,481623,3,3,1,23,8,10,41,12,2,1,0,48,1,12,401,12401,14,2008,1FMEU64EX8UA,1,F,M,E,U,6,4,E,X,8,U,A,0,P,FORD,EPR,UT,8,17,4436,,0,1137,,G,,F,6,244,,,17R245,,,,,,0,0,000000000,00000000000,0,0,0,1,0,0,0,0,0,0,0,998,0,0,0,62,62,4,1,12,32,0,0,1,48,78641,6,1,0,0,3,0,999,999,0,0,0,0,0,0,0,0,0,0,0,0,0,0,1,4,50,1,2,8,1,0,0,1,60,1,1,1,98,0,0
48,481624,1,1,1,25,8,0,50,8,0,1,0,48,1,20,481,20481,31,2001,1GCGC13U11F1,1,G,C,G,C,1,3,U,1,1,F,1,0,T,CHEV,1CH,CW,1,17,,2,0,1530,SIL,G,,,8,364,,,,B,4413,00,,42,0,0,000000000,00000000000,0,0,0,1,0,0,0,0,0,0,0,998,0,0,0,14,14,2,9,8,0,0,0,1,48,77355,6,1,0,0,3,3,999,999,1,0,0,0,0,11,2009,11,2009,0,0,0,0,0,1,2,45,1,1,8,2,0,0,1,80,1,1,1,13,0,0
48,481625,1,1,2,26,8,23,19,8,0,1,0,48,2,37,32,37032,4,1993,1HGCB7653PA0,1,H,G,C,B,7,6,5,3,P,A,0,0,P,HOND,ALX,4D,93,17,2504,,0,1071,,G,,F,4,132,,,14R185,,,,,,0,0,000000000,00000000000,0,0,0,1,0,0,0,0,0,0,0,998,0,0,0,12,12,4,3,8,0,0,0,1,48,76513,6,1,0,0,3,0,999,999,0,0,0,1,0,5,2011,5,2011,0,0,0,0,0,1,2,55,1,3,8,1,0,0,1,80,1,1,1,13,0,0
48,481626,1,2,1,27,8,11,12,12,11,1,0,4,3,51,881,51881,66,2007,4V4NC9TG27N4,4,V,4,N,C,9,T,G,2,7,N,4,1,T,VOLV,VNL,TR,7,17,,8,0,0,VVN,D,,,6,915,,,,,00000,00,,64,1,57,54283,5754283,3,6,1,1,0,0,0,0,0,0,0,998,0,0,0,14,14,0,9,12,0,0,0,1,8,80227,6,1,6,1,3,0,999,999,0,0,0,1,2,11,2008,6,2011,0,38,0,0,0,0,0,0,0,0,0,0,0,0,11,98,1,1,7,82,0,0
48,481626,2,2,2,27,8,11,12,12,11,1,0,48,0,37,706,37706,80,2008,1HFSC47H98A7,1,H,F,S,C,4,7,H,9,8,A,7,1,M,HOND,GL8,RS,8,17,,,,,,,1832,,6,,4,822,,,,,,,1,0,000000000,00000000000,0,0,0,1,0,0,0,0,0,0,0,998,0,0,0,13,13,9,2,12,0,0,0,1,48,75462,6,1,0,0,3,0,999,999,0,0,0,0,0,0,0,0,0,0,0,0,0,0,5,4,45,1,1,8,1,0,0,1,72,1,1,1,83,2,0
48,481627,1,1,1,28,8,20,54,8,0,1,0,48,1,53,706,53706,80,2005,JS1GT76A5521,J,S,1,G,T,7,6,A,5,5,2,1,0,M,SUZI,XR1,RC,5,17,,,,,,,999,,4,,4,365,,,,,,,0,0,000000000,00000000000,0,0,0,1,0,0,0,0,0,0,0,998,0,0,0,12,12,9,2,8,0,0,0,1,48,75243,6,1,0,0,3,3,999,999,0,0,0,0,0,0,0,0,0,0,91,0,0,0,6,1,40,1,1,8,1,0,0,1,80,1,1,1,13,0,1
48,481628,1,2,1,30,8,11,20,12,6,1,0,48,0,7,20,7020,4,2003,1B3AS56C93D1,1,B,3,A,S,5,6,C,9,3,D,1,0,P,DODG,NXT,4D,3,17,2639,,0,1040,,G,,F,4,122,,,15R185,,,,,,0,0,000000000,00000000000,0,0,0,1,0,0,0,0,0,0,0,998,0,0,0,9,9,6,2,12,0,0,0,1,48,79065,6,1,0,0,3,0,999,999,0,0,0,0,0,0,0,0,0,0,38,39,0,0,1,2,98,8,8,8,1,20,3,11,15,1,1,1,82,1,0
48,481628,2,2,1,30,8,11,20,12,6,1,0,48,3,82,881,82881,66,1992,2FUYDSEBXNV4,2,F,U,Y,D,S,E,B,X,N,V,4,1,T,FRHT,FLD,TR,92,17,,8,0,0,CON,D,,,6,774,,,,,00000,00,,64,1,57,1287913,571287913,3,6,8,1,0,0,0,0,0,0,0,998,0,0,0,12,12,4,3,12,0,0,0,1,48,79065,6,1,6,0,3,3,999,999,0,0,0,0,0,0,0,0,0,0,0,0,0,0,1,4,60,1,1,8,1,0,0,1,67,1,1,1,83,0,0
48,481629,1,1,1,30,8,1,50,43,0,1,0,48,1,52,37,52037,2,2006,4A3AK24F26E0,4,A,3,A,K,2,4,F,2,6,E,0,0,P,MITS,EGS,2H,6,17,3274,,0,1014,,G,,F,4,145,,,17R225,,,,,,0,0,000000000,00000000000,0,0,0,1,0,0,0,0,0,0,0,998,0,1,5,12,13,6,2,43,0,0,0,1,48,77375,0,0,0,0,0,0,999,999,0,0,0,0,0,0,0,0,0,0,0,0,0,0,5,4,50,1,1,8,1,0,0,1,13,1,1,4,1,1,0
48,481630,1,2,1,30,8,21,21,12,1,1,0,48,1,21,441,21441,20,2000,1GHDX13EXYD1,1,G,H,D,X,1,3,E,X,Y,D,1,0,T,OLDS,LUX,ES,0,17,,1,0,1200,SIL,G,,,6,207,,,,B,3948,00,K,42,0,0,000000000,00000000000,0,0,0,1,0,0,0,0,0,0,0,998,0,0,0,12,12,6,2,12,0,0,0,1,48,78227,6,1,0,0,3,3,999,999,0,0,0,0,0,0,0,0,0,1,23,0,0,0,3,2,65,1,1,8,1,97,8,1,50,1,1,1,20,1,0
48,481630,2,2,2,30,8,21,21,12,1,1,0,99,9,98,806,98806,62,2007,999999999999,9,9,9,9,9,9,9,9,9,9,9,9,0,,,,,,,,,,,,,,,,,,,,,,,,,0,57,86876,5786876,2,1,96,1,0,0,0,0,0,0,0,0,0,0,0,6,6,4,9,12,0,0,0,1,12,32438,6,1,6,0,3,3,71,999,0,0,0,0,0,0,0,0,0,0,0,0,0,0,3,2,35,1,1,8,1,97,8,5,53,1,1,1,21,0,0
48,481631,1,2,2,18,2,7,13,12,2,1,0,48,3,7,472,7472,30,2006,1D7HE48N26S5,1,D,7,H,E,4,8,N,2,6,S,5,0,T,DODG,DQS,CW,6,17,,2,0,1309,DAK,G,,,8,287,,,,B,4259,00,E,42,0,0,000000000,00000000000,0,0,0,1,0,0,0,0,0,0,0,998,0,0,0,12,12,4,3,12,0,0,0,1,48,78729,6,1,0,0,3,3,999,999,0,0,0,0,0,0,0,0,0,0,51,0,0,0,1,4,65,2,1,8,2,0,0,14,10,1,1,2,50,0,0
48,481631,2,2,1,18,2,7,13,12,2,1,0,48,1,72,706,72706,80,2005,1HD1FRW1X5Y6,1,H,D,1,F,R,W,1,X,5,Y,6,0,M,HD,FCI,RS,5,17,,,,,,,1450,,2,,4,710,,,,,,,0,0,000000000,00000000000,0,0,0,1,0,0,0,0,0,0,0,998,0,0,0,12,12,9,2,12,0,0,1,1,48,78605,6,1,0,0,3,3,999,999,0,0,0,0,0,0,0,0,0,0,0,0,0,0,1,4,65,3,1,8,2,0,0,14,62,1,1,1,51,1,0
48,481632,1,1,1,18,4,22,12,8,0,1,0,48,2,22,20,22020,4,2005,2G2WP5225513,2,G,2,W,P,5,2,2,5,5,1,3,0,P,PONT,GRA,4D,5,17,3477,,0,1105,,G,,F,6,231,,,16R225,,,,,,0,0,000000000,00000000000,0,0,0,1,0,0,0,0,0,0,0,998,0,0,0,99,99,8,8,8,0,0,0,1,48,78076,6,1,0,0,3,0,999,999,1,0,0,0,0,2,2011,2,2011,0,0,0,0,0,1,2,30,1,1,8,1,0,0,1,80,1,1,1,13,0,0
48,481633,1,1,1,9,5,6,15,8,0,1,0,48,1,2,403,2403,14,2010,1J4GA2D16AL2,1,J,4,G,A,2,D,1,6,A,L,2,0,T,JEEP,WRS,2W,10,17,,1,0,954,WRA,G,,,6,230,,,,,3760,00,3,44,0,0,000000000,00000000000,0,0,0,1,0,0,0,0,0,0,0,998,0,0,0,12,12,4,1,8,0,0,0,1,48,78041,6,1,0,0,3,0,999,999,0,0,0,0,0,0,0,0,0,0,0,0,0,0,5,6,45,3,1,8,1,0,0,14,80,1,1,2,13,0,0
48,481634,1,1,1,20,5,3,45,33,0,1,0,48,1,35,39,35039,4,2004,1N4BA41E54C9,1,N,4,B,A,4,1,E,5,4,C,9,0,P,NISS,MEL,4D,4,17,3310,,0,1112,,G,,F,6,214,,,17R225,,,,,,0,0,000000000,00000000000,0,0,0,1,0,0,0,0,0,0,0,998,0,0,0,99,9,6,2,42,0,0,0,1,48,77076,6,1,0,0,3,0,999,999,0,2,0,0,0,9,2008,3,2009,1,0,0,0,0,1,2,35,1,1,8,1,0,0,1,12,7,1,4,6,1,1
48,481635,1,2,1,21,5,17,28,12,1,1,0,48,1,20,481,20481,31,2010,3GCRCTE09AG2,3,G,C,R,C,T,E,0,9,A,G,2,0,T,CHEV,3SC,CW,10,17,,2,0,1435,SIL,F,,,8,323,,,,B,5110,00,,42,0,0,000000000,00000000000,0,0,0,1,0,0,0,0,0,0,0,998,0,0,0,12,12,4,3,12,0,0,0,1,48,78873,6,1,0,0,3,0,999,999,0,0,0,0,0,0,0,0,0,1,0,0,0,0,1,2,70,1,1,8,1,0,0,1,52,1,1,1,28,0,0
48,481635,2,2,2,21,5,17,28,12,1,1,0,48,1,22,20,22020,4,1994,1G2WJ52M5RF3,1,G,2,W,J,5,2,M,5,R,F,3,0,P,PONT,GFS,4D,94,17,3370,,0,1075,,G,,F,6,191,,,15R205,,,,,,0,0,000000000,00000000000,0,0,0,1,0,0,0,0,0,0,0,998,0,0,0,6,6,6,2,12,0,0,0,1,16,83854,6,1,0,0,3,0,64,115,0,0,0,0,0,0,0,0,0,0,0,0,0,0,1,2,70,1,1,8,1,0,0,2,53,1,1,1,29,1,0
48,481636,1,2,1,4,6,0,5,11,0,1,0,48,1,72,706,72706,80,2000,1HD1BSY22YY0,1,H,D,1,B,S,Y,2,2,Y,Y,0,0,M,HD,XTD,RS,0,17,,,,,,,1450,,2,,4,644,,,,,,,0,0,000000000,00000000000,0,0,0,1,0,0,0,0,0,0,0,998,0,0,0,12,12,4,3,11,0,0,0,1,48,75156,6,1,0,0,3,3,999,999,0,0,0,0,0,0,0,0,0,0,0,0,0,0,3,2,65,3,2,8,1,0,0,14,87,1,1,1,13,1,0
48,481636,2,2,1,4,6,0,5,11,0,1,0,93,3,84,881,84881,66,2010,2HSCUAPR9AC1,2,H,S,C,U,A,P,R,9,A,C,1,1,T,INTL,PPR,TR,10,17,,8,0,0,PRO,D,,,6,915,,,,,00000,00,,64,1,57,327574,57327574,3,6,1,1,0,0,0,0,0,0,0,998,0,0,0,12,12,2,3,12,0,0,0,1,48,75644,6,1,6,0,3,0,999,999,0,0,0,0,1,6,2011,6,2011,0,0,0,0,0,3,2,65,3,2,8,1,0,0,14,90,6,1,2,98,0,0
48,481637,1,1,2,18,6,1,43,1,0,1,0,48,1,76,709,76709,80,2008,JYAVP28EX8A0,J,Y,A,V,P,2,8,E,X,8,A,0,0,M,YAMA,X17,RS,8,17,,,,,,,1670,,2,,4,694,,,,,,,0,0,000000000,00000000000,0,0,0,1,0,0,0,0,0,0,0,998,0,0,0,0,99,9,2,1,0,0,0,1,48,79703,6,1,0,0,3,0,999,999,1,0,0,0,0,12,2010,12,2010,0,0,0,0,0,6,1,99,1,2,8,1,0,0,1,13,1,1,4,1,1,1
48,481638,1,1,2,15,7,2,54,1,0,1,0,35,2,2,404,2404,14,1998,1J4FX58S1WC1,1,J,4,F,X,5,8,S,1,W,C,1,0,T,JEEP,LRT,4W,98,17,,1,0,1059,GCK,G,,,6,242,,,,,3531,01,E,42,0,0,000000000,00000000000,0,0,0,1,0,0,0,0,0,0,0,998,0,1,1,0,0,4,3,1,0,0,0,1,35,88220,6,1,0,0,3,3,69,170,98,0,0,0,0,0,0,0,0,1,39,58,91,0,1,2,40,1,1,8,1,20,3,98,6,6,4,1,98,1,0
48,481639,1,1,2,18,7,11,40,38,0,1,0,48,2,12,401,12401,14,1998,1FMZU34E6WZA,1,F,M,Z,U,3,4,E,6,W,Z,A,0,P,FORD,EPR,UT,98,17,4146,,0,1115,,G,,F,6,245,,,15R225,,,,,,0,0,000000000,00000000000,0,0,0,1,0,0,0,0,0,0,0,998,0,0,0,12,3,4,3,31,0,0,0,1,48,79360,6,1,0,0,3,3,999,999,0,0,0,0,0,0,0,0,0,0,58,0,0,0,1,2,70,1,1,8,1,0,0,1,13,6,2,4,7,1,0
48,481640,1,1,2,24,7,2,20,1,0,1,0,48,2,20,403,20403,14,2003,1GNDS13S3322,1,G,N,D,S,1,3,S,3,3,2,2,0,P,CHEV,TRL,UT,3,17,4417,,0,1130,,G,,F,6,256,,,16R245,,,,,,0,0,000000000,00000000000,0,0,0,1,0,0,0,0,0,0,0,998,0,9,5,0,9,4,8,1,0,0,0,1,48,77504,1,1,0,0,2,0,999,999,0,23,0,3,0,6,2009,5,2011,0,0,0,0,0,4,2,50,1,1,2,1,0,0,1,13,1,3,4,2,1,1
48,481642,1,1,7,25,7,18,26,1,0,1,0,48,2,20,401,20401,14,1999,1GNCS13W4X21,1,G,N,C,S,1,3,W,4,X,2,1,0,P,CHEV,BZR,UT,99,17,3692,,0,1070,,G,,F,6,262,,,15R205,,,,,,0,0,000000000,00000000000,0,0,0,1,0,0,0,0,0,0,0,998,0,9,1,0,0,4,3,1,0,0,0,1,48,76105,0,0,0,0,0,0,999,999,0,0,0,0,0,0,0,0,0,0,85,28,0,0,2,2,70,1,1,8,1,0,0,1,60,6,9,6,98,1,0
48,481644,1,2,1,28,7,5,14,12,2,1,0,48,3,87,881,87881,66,2003,1XP5DB9X73D5,1,X,P,5,D,B,9,X,7,3,D,5,1,T,PTRB,379,TR,3,17,,8,0,0,CON,D,,,6,893,,,,,00000,00,,64,1,57,604045,57604045,3,6,4,1,0,0,0,0,0,0,0,998,0,9,6,12,12,4,3,12,0,0,0,1,48,76708,6,1,6,0,3,3,999,999,0,0,0,1,0,6,2009,6,2009,0,0,0,0,0,1,2,65,3,3,8,1,0,0,14,62,6,1,1,51,0,0
48,481644,2,2,2,28,7,5,14,12,2,1,0,48,3,20,23,20023,6,2011,3GNBABFW6BS6,3,G,N,B,A,B,F,W,6,B,S,6,0,P,CHEV,HHR,UT,11,17,3208,,0,1035,,F,,F,4,134,,,16R215,,,,,,0,0,000000000,00000000000,0,0,0,1,0,0,0,0,0,0,0,998,0,1,1,12,0,6,2,1,0,0,0,1,48,75763,6,1,0,0,3,0,999,999,1,0,0,1,0,9,2009,7,2010,1,28,0,0,0,1,2,65,2,3,8,1,0,0,14,10,1,1,2,50,2,0
48,481645,1,1,1,30,7,3,18,30,0,1,0,48,2,52,37,52037,2,2007,4A3AK24F17E0,4,A,3,A,K,2,4,F,1,7,E,0,0,P,MITS,EGS,2H,7,17,3274,,0,1014,,G,,F,4,145,,,17R225,,,,,,0,0,000000000,00000000000,0,0,0,1,0,0,0,0,0,0,0,998,0,1,5,9,9,4,3,30,0,0,0,1,48,77084,6,1,0,0,3,0,999,999,1,5,0,0,1,3,2009,10,2010,1,0,0,0,0,5,4,45,3,1,8,1,0,0,14,13,6,4,4,2,1,1
48,481646,1,3,2,30,7,3,59,12,8,1,0,48,2,12,481,12481,31,2006,1FTRW12W06KD,1,F,T,R,W,1,2,W,0,6,K,D,0,T,FORD,F1S,CW,6,17,,2,0,1390,COF,G,,,8,281,,,,B,5176,01,E,42,0,0,000000000,00000000000,0,0,0,1,0,0,0,0,0,0,0,998,0,0,0,11,11,2,3,12,0,0,0,1,48,76634,6,1,0,0,3,0,999,999,1,0,0,0,0,3,2011,3,2011,0,28,0,0,0,1,2,65,1,1,8,1,0,0,1,10,1,1,2,64,0,0
48,481646,2,3,3,30,7,3,59,12,8,1,0,48,2,35,472,35472,30,2005,1N6AD07U95C4,1,N,6,A,D,0,7,U,9,5,C,4,0,T,NISS,CEO,CW,5,17,,1,0,1259,FRT,G,,,6,244,,,,C,4108,00,K,42,0,0,000000000,00000000000,0,0,0,1,0,0,0,0,0,0,0,998,0,0,0,11,11,6,2,12,0,0,0,1,48,76692,6,1,0,0,3,0,999,999,0,1,0,1,1,3,2010,8,2010,0,0,0,0,0,1,2,65,1,1,8,1,0,0,1,62,1,1,1,65,2,0
48,481646,3,3,2,30,7,3,59,12,8,1,0,48,2,12,471,12471,30,1992,1FTCR15X5NPA,1,F,T,C,R,1,5,X,5,N,P,A,0,T,FORD,RNS,PC,92,17,,1,0,1250,RNG,G,,,6,245,,,,B,3174,09,A,44,0,0,000000000,00000000000,0,0,0,1,0,0,0,0,0,0,0,998,0,0,0,12,12,4,3,12,0,0,0,1,48,76692,6,1,0,0,3,0,999,999,0,0,0,0,0,0,0,0,0,0,0,0,0,0,1,2,65,1,1,8,1,0,0,1,62,1,1,1,98,0,0
48,481647,1,1,1,31,7,6,29,1,0,1,0,48,1,12,481,12481,31,2008,1FTRF14V48KB,1,F,T,R,F,1,4,V,4,8,K,B,0,T,FORD,F15,PK,8,17,,2,1450,1260,COF,F,,,8,329,,,,B,4904,01,E,44,0,0,000000000,00000000000,0,0,0,1,0,0,0,0,0,0,0,998,0,1,5,0,0,6,2,1,0,0,1,1,48,77868,1,1,0,0,2,0,999,999,0,14,0,2,2,1,2009,6,2011,1,0,0,0,0,1,2,60,1,3,8,1,0,0,1,6,99,9,4,7,1,1
48,481648,1,1,1,31,7,23,40,8,0,1,1,93,3,84,881,84881,66,2000,2HSCEAHR0YC0,2,H,S,C,E,A,H,R,0,Y,C,0,1,T,INTL,92I,TR,0,17,,8,0,0,920,D,,,6,661,,,,,00000,00,,64,1,58,2157828,582157828,3,6,2,1,0,0,0,0,0,0,0,998,0,0,0,1,1,2,3,8,0,0,0,1,48,77365,6,1,6,1,3,3,999,999,0,0,0,0,0,0,0,0,0,0,28,0,0,0,3,2,65,1,1,8,1,0,0,1,13,1,1,4,1,0,0
48,481649,1,1,3,3,8,4,58,8,0,1,0,48,1,12,37,12037,4,2007,1FAFP34N77W1,1,F,A,F,P,3,4,N,7,7,W,1,0,P,FORD,FMS,4D,7,17,2636,,0,1029,,G,,F,4,122,,,15R195,,,,,,0,0,000000000,00000000000,0,0,0,1,0,0,0,0,0,0,0,998,0,0,0,12,12,4,3,8,0,0,0,1,48,79763,6,1,0,0,3,3,999,999,0,0,0,0,0,0,0,0,0,0,0,0,0,0,2,2,65,1,1,8,1,0,0,1,80,1,1,1,13,0,1
48,481650,1,2,1,3,8,20,44,12,6,1,0,48,1,30,47,30047,3,2001,3VWCB21C91M4,3,V,W,C,B,2,1,C,9,1,M,4,0,P,VOLK,NGS,2H,1,17,2783,,0,989,,G,,F,4,121,,,16R205,,,,,,0,0,000000000,00000000000,0,0,0,1,0,0,0,0,0,0,0,998,0,0,0,2,2,6,2,12,0,0,0,1,48,77373,6,1,0,0,3,3,999,999,0,0,0,0,0,0,0,0,0,0,28,0,0,0,1,2,35,1,1,8,1,0,0,1,10,1,1,2,64,1,1
48,481650,2,2,4,3,8,20,44,12,6,1,0,48,1,12,422,12422,15,2008,1FMFU155X8LA,1,F,M,F,U,1,5,5,X,8,L,A,0,P,FORD,EPT,UT,8,17,5578,,0,1190,,G,,F,8,329,,,17R265,,,,,,0,0,000000000,00000000000,0,0,0,1,0,0,0,0,0,0,0,998,0,0,0,12,12,6,2,12,0,0,0,1,48,77389,6,1,0,0,3,3,999,999,0,0,0,0,0,0,0,0,0,0,0,0,0,0,1,2,35,1,1,8,1,0,0,1,62,1,1,1,65,0,0