STATE,ST_CASE,VEH_NO,VE_FORMS,NUMOCCS,DAY,MONTH,HOUR,MINUTE,HARM_EV,MAN_COLL,UNITTYPE,HIT_RUN,REG_STAT,OWNER,MAKE,MODEL,MAK_MOD,BODY_TYP,MOD_YEAR,VIN,VIN_1,VIN_2,VIN_3,VIN_4,VIN_5,VIN_6,VIN_7,VIN_8,VIN_9,VIN_10,VIN_11,VIN_12,TOW_VEH,VINTYPE,VINMAKE,VINA_MOD,VIN_BT,VINMODYR,VIN_LNGT,VIN_WGT,WGTCD_TR,WHLBS_LG,WHLBS_SH,SER_TR,FUELCODE,MCYCL_DS,CARBUR,CYLINDER,DISPLACE,MCYCL_CY,MCYCL_WT,TIRE_SZE,TON_RAT,TRK_WT,TRKWTVAR,VIN_REST,WHLDRWHL,J_KNIFE,MCARR_I1,MCARR_I2,MCARR_ID,GVWR,V_CONFIG,CARGO_BT,HAZ_INV,HAZ_PLAC,HAZ_ID,HAZ_CNO,HAZ_REL,BUS_USE,SPEC_USE,EMER_USE,TRAV_SP,UNDERIDE,ROLLOVER,ROLINLOC,IMPACT1,IMPACT2,DEFORMED,TOWED,M_HARM,VEH_SC1,VEH_SC2,FIRE_EXP,DR_PRES,L_STATE,DR_ZIP,L_STATUS,L_TYPE,CDL_STAT,L_ENDORS,L_COMPL,L_RESTRI,DR_HGT,DR_WGT,PREV_ACC,PREV_SUS,PREV_DWI,PREV_SPD,PREV_OTH,FIRST_MO,FIRST_YR,LAST_MO,LAST_YR,SPEEDREL,DR_SF1,DR_SF2,DR_SF3,DR_SF4,VTRAFWAY,VNUM_LAN,VSPD_LIM,VALIGN,VPROFILE,VPAVETYP,VSURCOND,VTRAFCON,VTCONT_F,P_CRASH1,P_CRASH2,P_CRASH3,PCRASH4,PCRASH5,ACC_TYPE,DEATHS,DR_DRINK
48,481682,1,2,1,21,8,1,34,12,6,1,0,48,2,7,482,7482,31,2005,1D7HA16K65J5,1,D,7,H,A,1,6,K,6,5,J,5,0,T,DODG,S1T,PK,5,17,,2,1405,1205,RPC,G,,,6,225,,,,B,4318,03,E,42,0,0,000000000,00000000000,0,0,0,1,0,0,0,0,0,0,0,998,0,0,0,12,12,4,3,12,0,0,0,1,48,77833,0,0,0,0,0,0,999,999,0,0,0,0,0,0,0,0,0,0,0,0,0,0,5,4,55,1,1,8,1,0,0,1,71,1,1,1,88,0,1
48,481682,2,2,4,21,8,1,34,12,6,1,0,48,2,12,3,12003,2,1998,1FAFP4041WF2,1,F,A,F,P,4,0,4,1,W,F,2,0,P,FORD,MUS,CP,98,17,3065,,0,1013,,G,,F,6,232,,,15R205,,,,,,0,0,000000000,00000000000,0,0,0,1,0,0,0,0,0,0,0,998,0,0,0,9,9,6,2,12,0,0,0,1,48,77833,6,1,0,0,3,0,999,999,1,3,0,0,4,3,2009,4,2010,0,23,38,0,0,1,2,99,1,1,8,1,0,0,3,17,1,1,1,89,4,1
48,481683,1,2,1,22,8,18,7,12,6,1,0,48,2,37,705,37705,80,1990,JH2PC2307LM0,J,H,2,P,C,2,3,0,7,L,M,0,0,M,HOND,BR6,RC,90,17,,,,,,,600,,4,,4,414,,,,,,,0,0,000000000,00000000000,0,0,0,1,0,0,0,0,0,0,0,998,0,0,0,12,12,9,2,12,0,0,0,1,48,78254,1,1,0,0,2,3,999,999,1,9,0,4,1,1,2009,7,2011,0,0,0,0,0,1,4,35,3,2,8,1,0,0,14,71,1,1,1,86,1,0
48,481683,2,2,1,22,8,18,7,12,6,1,0,48,1,20,9,20009,2,2010,2G1FT1EW3A91,2,G,1,F,T,1,E,W,3,A,9,1,0,P,CHEV,SSM,CP,10,17,3860,,0,1123,,G,,F,8,378,,,20R245,,,,,,0,0,000000000,00000000000,0,0,0,1,0,0,0,0,0,0,0,998,0,0,0,3,3,4,3,12,0,0,0,1,48,78108,6,1,0,0,3,3,999,999,0,0,0,0,0,0,0,0,0,0,38,0,0,0,1,2,99,1,1,8,1,0,0,1,17,1,1,1,87,0,0
48,481684,1,2,3,22,8,15,16,12,2,1,0,48,2,35,47,35047,4,2010,1N4AL2AP2AN4,1,N,4,A,L,2,A,P,2,A,N,4,0,P,NISS,ATS,4D,10,17,3063,,0,1093,,G,,F,4,153,,,16R215,,,,,,0,0,000000000,00000000000,0,0,0,1,0,0,0,0,0,0,0,998,0,0,0,12,12,6,2,12,0,0,0,1,48,78045,6,1,0,0,3,3,999,999,0,0,0,0,0,0,0,0,0,0,35,0,0,0,1,2,70,1,1,8,1,98,3,6,10,1,1,2,50,2,0
48,481684,2,2,1,22,8,15,16,12,2,1,0,93,3,82,881,82881,66,2012,1FUJGLBG6CSB,1,F,U,J,G,L,B,G,6,C,S,B,1,T,FRHT,125,TR,12,17,,8,0,0,CSC,D,,,6,915,,,,,00000,00,,64,3,57,279865,57279865,3,6,1,1,0,0,0,0,0,0,0,998,0,0,0,12,12,6,2,12,0,0,0,1,48,78595,6,1,6,0,3,0,999,999,0,0,0,1,1,2,2009,11,2009,0,0,0,0,0,1,2,70,1,1,8,1,98,3,1,54,6,1,1,51,0,0
48,481685,1,1,1,23,8,15,30,32,0,1,0,48,2,20,481,20481,31,1998,1GCEC14M9WZ1,1,G,C,E,C,1,4,M,9,W,Z,1,0,T,CHEV,GC1,PK,98,17,,2,1315,1175,GM4,G,,,8,305,,,,B,3876,03,,42,0,0,000000000,00000000000,0,0,0,1,0,0,0,0,0,0,0,56,0,1,5,3,0,4,3,1,0,0,0,1,48,75442,6,1,0,0,3,3,999,999,0,0,0,0,0,0,0,0,0,1,58,0,0,0,1,2,45,1,1,8,1,0,0,1,13,6,4,4,7,1,0
48,481686,1,1,1,23,8,17,37,1,0,1,0,35,2,76,706,76706,80,2007,JYARN20E57A0,J,Y,A,R,N,2,0,E,5,7,A,0,0,M,YAMA,YFR,RC,7,17,,,,,,,998,,4,,4,381,,,,,,,0,0,000000000,00000000000,0,0,0,1,0,0,0,0,0,0,0,998,0,0,0,0,0,9,2,1,0,0,0,1,48,79928,0,0,0,0,0,0,999,999,0,0,0,0,0,0,0,0,0,1,52,0,0,0,4,2,45,1,1,8,1,0,0,1,9,1,4,4,2,1,0
48,481687,1,2,1,24,8,11,10,12,6,1,0,17,3,82,881,82881,66,2006,1FUJBBAV36LU,1,F,U,J,B,B,A,V,3,6,L,U,1,T,FRHT,ST2,TR,6,17,,8,0,0,CON,D,,,6,893,,,,,00000,00,,64,1,57,2061224,572061224,3,6,1,1,0,0,0,0,0,0,0,998,0,0,0,1,1,6,2,12,0,0,0,1,17,60646,6,1,6,0,3,0,73,210,0,0,0,1,0,11,2010,11,2010,0,91,0,0,0,2,2,70,1,1,8,1,0,0,1,9,1,4,6,64,0,0
48,481687,2,2,2,24,8,11,10,12,6,1,0,17,1,34,34,34034,4,2006,WBAVB13586KX,W,B,A,V,B,1,3,5,8,6,K,X,0,P,BMW,325,4D,6,17,3285,,0,1087,,G,,F,6,182,,,16R205,,,,,,0,0,000000000,00000000000,0,0,0,1,0,0,0,0,0,0,0,998,0,0,0,12,12,6,2,12,0,0,0,1,17,60016,6,1,0,0,3,0,72,210,0,0,0,0,0,0,0,0,0,0,0,0,0,0,2,2,70,1,1,8,1,0,0,1,64,1,1,1,65,1,0
48,481688,1,2,1,25,8,17,30,12,1,1,0,48,2,7,472,7472,30,2000,1B7FL26X5YS7,1,B,7,F,L,2,6,X,5,Y,S,7,0,T,DODG,DAK,PK,0,17,,1,0,1119,DAK,G,,,6,239,,,,B,3262,00,U,42,0,0,000000000,00000000000,0,0,0,1,0,0,0,0,0,0,0,80,0,0,0,12,12,6,2,12,0,0,0,1,48,75844,6,1,0,0,3,0,999,999,1,0,0,1,1,10,2008,7,2009,1,0,0,0,0,2,2,70,1,1,8,1,0,0,1,52,7,1,1,28,1,0
48,481688,2,2,1,25,8,17,30,12,1,1,0,48,3,87,881,87881,66,1990,1XP5DB9X9LD2,1,X,P,5,D,B,9,X,9,L,D,2,1,T,PTRB,379,TR,90,17,,8,0,0,CON,D,,,6,893,,,,,00000,00,,64,1,57,815972,57815972,3,6,3,1,0,0,0,0,0,0,0,998,0,0,0,6,6,2,1,12,0,0,0,1,48,75835,6,1,6,0,3,0,999,999,0,8,0,0,1,4,2009,4,2010,0,0,0,0,0,2,2,70,1,1,8,1,0,0,2,53,1,1,1,29,0,0
48,481689,1,3,1,26,8,8,30,12,6,1,0,48,1,87,881,87881,66,1997,1XP5DR9X4VD4,1,X,P,5,D,R,9,X,4,V,D,4,1,T,PTRB,379,TR,97,17,,8,0,0,CON,D,,,6,774,,,,,00000,00,,64,1,48,06025047C,4806025047C,3,6,4,1,0,0,0,0,0,0,0,998,0,1,1,12,12,4,3,12,0,0,0,1,48,77087,6,1,6,0,3,3,999,999,0,0,0,0,0,0,0,0,0,0,0,0,0,0,1,2,60,1,1,8,1,3,3,1,62,1,1,1,69,0,0
48,481689,2,3,2,26,8,8,30,12,6,1,0,48,1,20,471,20471,30,2002,1GCCS1953281,1,G,C,C,S,1,9,5,3,2,8,1,0,T,CHEV,S14,3C,2,17,,1,0,1229,S,F,,,4,133,,,,B,3198,00,,42,0,0,000000000,00000000000,0,0,0,1,0,0,0,0,0,0,0,998,0,0,0,81,81,6,2,12,0,0,0,1,48,77665,6,1,0,0,3,3,999,999,0,0,0,0,0,0,0,0,0,0,38,0,0,0,1,2,60,1,1,8,1,3,3,11,15,1,1,1,68,2,0
48,481689,3,3,1,26,8,8,30,12,6,1,0,48,2,84,883,84883,63,1995,1HSGGAHR8SH6,1,H,S,G,G,A,H,R,8,S,H,6,0,T,INTL,257,TR,95,17,,8,2520,1800,20S,D,,,6,661,,,,,00000,00,,64,0,57,1996182,571996182,3,2,4,1,0,0,0,0,0,0,0,998,0,0,0,12,12,6,2,12,0,0,0,1,48,77520,6,1,6,0,3,3,999,999,0,0,0,0,0,0,0,0,0,0,0,0,0,0,1,2,60,1,1,8,1,3,3,1,99,1,1,1,98,0,0
48,481690,1,5,1,26,8,20,50,12,6,1,0,48,2,6,43,6043,2,1998,4C3AU52N3WE0,4,C,3,A,U,5,2,N,3,W,E,0,0,P,CHRY,SLI,CP,98,17,3093,,0,1037,,G,,F,6,152,,,17R215,,,,,,0,0,000000000,00000000000,0,0,0,1,0,0,0,0,0,0,0,998,0,0,0,61,61,4,3,12,0,0,0,1,48,75756,0,0,0,0,0,0,999,999,0,0,0,0,0,0,0,0,0,1,35,58,0,0,1,2,60,1,1,8,1,0,0,6,54,7,3,2,64,1,1
48,481690,2,5,1,26,8,20,50,12,6,1,0,48,1,20,481,20481,31,1997,2GBEK19RXV11,2,G,B,E,K,1,9,R,X,V,1,1,0,T,CHEV,GK1,PC,97,17,,2,1555,1415,GM4,G,,,8,350,,,,B,4544,00,,44,0,0,000000000,00000000000,0,0,0,1,0,0,0,0,0,0,0,998,0,0,0,11,11,2,1,12,0,0,0,1,48,75704,6,1,6,0,3,0,999,999,0,0,0,0,0,0,0,0,0,0,0,0,0,0,1,2,60,1,1,8,1,0,0,1,60,1,1,1,98,0,0
48,481690,3,5,1,26,8,20,50,12,6,1,0,48,1,20,37,20037,4,2004,1G1ZT548X4F1,1,G,1,Z,T,5,4,8,X,4,F,1,0,P,CHEV,M/L,4D,4,17,3297,,0,1063,,G,,F,6,214,,,15R205,,,,,,0,0,000000000,00000000000,0,0,0,1,0,0,0,0,0,0,0,998,0,0,0,12,12,4,3,12,0,0,0,1,48,75062,6,1,0,0,3,3,999,999,0,0,0,0,0,0,0,0,0,0,0,0,0,0,1,2,60,1,1,8,1,0,0,1,62,1,1,1,65,0,0
48,481690,4,5,1,26,8,20,50,12,6,1,0,48,1,12,24,12024,6,2009,2FMDK38CX9BA,2,F,M,D,K,3,8,C,X,9,B,A,0,P,FORD,EDG,UT,9,17,4078,,0,1112,,G,,F,6,214,,,18R245,,,,,,0,0,000000000,00000000000,0,0,0,1,0,0,0,0,0,0,0,998,0,0,0,99,99,9,1,12,0,0,0,1,48,75706,6,1,0,0,3,0,999,999,0,0,0,0,0,0,0,0,0,0,0,0,0,0,1,2,60,1,1,8,1,0,0,1,92,1,1,1,98,0,0
48,481690,5,5,1,26,8,20,50,12,6,1,0,48,1,20,473,20473,30,2009,1GCCS1494981,1,G,C,C,S,1,4,9,4,9,8,1,0,T,CHEV,RDO,PK,9,17,,1,0,1113,CAL,G,,,4,177,,,,B,3366,00,,42,0,0,000000000,00000000000,0,0,0,1,0,0,0,0,0,0,0,998,0,0,0,99,99,2,1,12,0,0,0,1,48,75766,6,1,0,0,3,3,999,999,0,1,0,2,0,8,2009,2,2011,0,0,0,0,0,1,2,60,1,1,8,1,0,0,1,92,1,1,1,98,0,0
48,481691,1,1,2,27,8,2,14,1,0,1,0,48,2,35,47,35047,2,2008,1N4AL24E28C2,1,N,4,A,L,2,4,E,2,8,C,2,0,P,NISS,A5S,CP,8,17,3052,,0,1053,,G,,F,4,153,,,16R215,,,,,,0,0,000000000,00000000000,0,0,0,1,0,0,0,0,0,0,0,998,0,1,5,0,3,6,2,1,0,0,0,1,48,79904,6,1,0,0,3,0,999,999,2,5,0,8,0,10,2008,5,2011,1,58,0,0,0,1,2,40,1,1,8,1,0,0,1,6,6,4,4,7,1,1
48,481692,1,1,1,27,8,21,55,38,0,1,0,48,1,12,481,12481,31,2002,1FTNW21S82EB,1,F,T,N,W,2,1,S,8,2,E,B,0,T,FORD,F2S,CW,2,17,,2,1724,1562,SRW,G,,,10,415,,,,C,6234,04,E,44,0,0,000000000,00000000000,0,0,0,1,0,0,0,0,0,0,0,998,0,0,0,12,10,6,2,42,0,0,0,1,48,78624,6,1,0,0,3,0,999,999,0,0,0,0,0,0,0,0,0,0,0,0,0,0,1,2,65,3,1,8,1,0,0,14,13,1,1,4,1,1,0
48,481693,1,1,1,27,8,0,15,42,0,1,0,48,1,23,481,23481,31,1988,1GTHR33N5JJ5,1,G,T,H,R,3,3,N,5,J,J,5,0,T,GMC,R35,CW,88,17,,2,0,1645,R35,G,,,8,454,,,,D,4679,09,A,42,0,0,000000000,00000000000,0,0,0,1,0,0,0,0,0,0,0,998,0,0,0,3,3,4,3,42,0,0,0,1,48,75789,6,1,6,0,3,0,999,999,0,0,0,0,1,5,2011,5,2011,1,58,0,0,0,1,2,45,1,1,8,1,0,0,1,13,6,4,4,7,1,1
48,481694,1,1,2,27,8,15,42,43,0,1,0,48,2,12,471,12471,30,2000,1FTZR15X9YTB,1,F,T,Z,R,1,5,X,9,Y,T,B,0,T,FORD,RNS,PC,0,17,,1,0,1259,RNG,G,,,6,245,,,,B,3599,01,U,44,0,0,000000000,00000000000,0,0,0,1,0,0,0,0,0,0,0,998,0,2,1,99,3,6,2,1,0,0,0,1,48,76904,1,1,0,0,2,0,999,999,1,1,0,0,0,7,2009,6,2011,0,0,0,0,0,1,2,70,1,2,8,1,0,0,1,13,1,1,4,1,1,0
48,481695,1,2,1,28,8,13,17,12,6,1,0,48,2,87,881,87881,66,2007,1XPHDB9X27N7,1,X,P,H,D,B,9,X,2,7,N,7,1,T,PTRB,386,TR,7,17,,8,0,0,CON,D,,,6,893,,,,,00000,00,,64,1,57,1487445,571487445,3,6,1,1,0,0,0,0,0,0,0,998,0,0,0,9,9,2,3,12,0,0,0,1,48,75116,6,1,6,0,3,0,999,999,0,0,0,0,0,0,0,0,0,0,0,0,0,0,2,6,50,1,1,8,1,3,3,1,66,1,1,1,89,0,0
48,481695,2,2,2,28,8,13,17,12,6,1,0,48,1,35,39,35039,4,1999,JN1CA21DXXT8,J,N,1,C,A,2,1,D,X,X,T,8,0,P,NISS,MGS,4D,99,17,2896,,0,1063,,G,,F,6,182,,,15R205,,,,,,0,0,000000000,00000000000,0,0,0,1,0,0,0,0,0,0,0,998,0,0,0,12,12,6,2,12,0,0,0,1,48,75052,6,1,0,0,3,0,999,999,0,0,0,0,0,0,0,0,0,0,39,0,0,0,2,4,99,1,8,8,1,3,3,1,17,1,1,1,88,1,0
48,481696,1,3,2,28,8,3,21,12,2,1,0,48,2,20,481,20481,31,2005,1GTEC19T75Z1,1,G,T,E,C,1,9,T,7,5,Z,1,0,T,GMC,NC1,4C,5,17,,2,1575,1435,SIE,G,,,8,325,,,,B,4617,03,4,42,0,0,000000000,00000000000,0,0,0,1,0,0,0,0,0,0,0,998,0,0,0,12,12,6,2,12,0,0,0,1,48,76020,6,1,6,0,3,0,999,999,0,5,0,0,0,9,2010,7,2011,0,51,0,0,0,3,2,65,1,3,8,1,0,0,1,54,1,1,1,50,1,1
48,481696,2,3,4,28,8,3,21,12,2,1,0,48,1,12,461,12461,21,2005,1FDNE24L55HB,1,F,D,N,E,2,4,L,5,5,H,B,0,T,FORD,25V,CG,5,17,,2,0,1380,VAN,G,,,8,330,,,,C,00000,00,E,42,0,0,000000000,00000000000,0,0,0,1,0,0,0,0,0,0,0,998,0,0,0,12,12,6,2,12,0,0,0,1,48,76137,6,1,0,0,3,3,999,999,0,0,0,0,0,0,0,0,0,0,0,0,0,0,3,2,65,1,3,8,1,0,0,1,54,1,1,1,51,0,0
48,481696,3,3,3,28,8,3,21,12,2,1,0,48,1,35,47,35047,2,2009,1N4AL24E19C1,1,N,4,A,L,2,4,E,1,9,C,1,0,P,NISS,A5S,CP,9,17,3076,,0,1053,,G,,F,4,153,,,16R215,,,,,,0,0,000000000,00000000000,0,0,0,1,0,0,0,0,0,0,0,998,0,0,0,12,12,6,2,12,0,0,0,1,48,75052,0,0,0,0,0,0,999,999,0,0,0,0,0,0,0,0,0,0,0,0,0,0,3,2,65,1,3,8,1,0,0,1,54,1,1,1,98,0,0
48,481697,1,2,1,31,8,19,0,12,2,1,0,48,1,23,421,23421,15,2007,1GKFK63817J2,1,G,K,F,K,6,3,8,1,7,J,2,0,T,GMC,NAL,4W,7,17,,2,0,1160,YUK,G,,,8,378,,,,B,5687,00,S,44,0,0,000000000,00000000000,0,0,0,1,0,0,0,0,0,0,0,998,0,0,0,12,12,2,3,12,0,0,0,1,48,78370,6,1,0,0,3,3,999,999,1,0,0,1,0,12,2008,4,2011,0,38,0,0,0,1,4,50,1,1,8,1,0,0,11,15,1,1,1,68,0,0
48,481697,2,2,1,31,8,19,0,12,2,1,0,48,1,72,706,72706,80,2009,1HD1HPH179K8,1,H,D,1,H,P,H,1,7,9,K,8,0,M,HD,VRF,RS,9,17,,,,,,,1250,,2,,4,673,,,,,,,0,0,000000000,00000000000,0,0,0,1,0,0,0,0,0,0,0,998,0,0,0,12,12,4,3,12,0,0,0,1,48,78368,6,1,0,0,3,0,999,999,0,0,0,0,0,0,0,0,0,0,0,0,0,0,1,4,50,1,1,8,1,0,0,1,62,1,1,1,69,1,0
48,481698,1,1,1,24,8,11,55,38,0,1,0,48,2,18,2,18002,4,2005,1G4HP52KX5U2,1,G,4,H,P,5,2,K,X,5,U,2,0,P,BUIC,LCF,4D,5,17,3567,,0,1122,,G,,F,6,232,,,15R215,,,,,,0,0,000000000,00000000000,0,0,0,1,0,0,0,0,0,0,0,998,0,0,0,12,12,6,2,42,0,0,0,1,48,76645,6,1,0,0,3,3,999,999,0,0,0,0,0,0,0,0,0,0,0,0,0,0,1,2,60,1,1,8,1,0,0,1,13,1,1,4,1,1,0
48,481699,1,1,2,28,8,7,6,57,0,1,0,48,2,82,881,82881,66,2002,1FUJBBCG62LJ,1,F,U,J,B,B,C,G,6,2,L,J,1,T,FRHT,ST2,TR,2,17,,8,0,0,CON,D,,,6,774,,,,,00000,00,,64,1,57,2051120,572051120,3,6,3,1,0,0,0,0,0,0,0,998,0,0,0,12,12,6,2,35,0,0,0,1,48,75227,6,1,6,0,3,0,65,168,0,0,0,0,0,0,0,0,0,0,92,0,0,0,3,2,65,1,1,8,1,0,0,1,12,1,1,4,6,2,0
48,481700,1,4,1,31,8,17,3,12,1,1,0,48,1,7,482,7482,31,2002,3B7KC23672M2,3,B,7,K,C,2,3,6,7,2,M,2,0,T,DODG,Q25,4C,2,17,,2,1547,1387,RPC,D,,,6,359,,,,C,5169,01,E,42,0,0,000000000,00000000000,0,0,0,1,0,0,0,0,0,0,0,998,0,0,0,12,12,4,3,8,0,0,0,1,48,77564,6,1,0,0,3,0,999,999,0,0,0,0,0,0,0,0,0,0,84,0,0,0,3,4,65,1,1,8,1,0,0,1,50,1,1,1,32,0,0
48,481700,2,4,0,31,8,17,3,12,1,1,0,48,6,49,32,49032,4,1991,1NXAE91A2MZ1,1,N,X,A,E,9,1,A,2,M,Z,1,0,P,TOYT,COA,4D,91,17,2390,,0,957,,G,,F,4,097,,,13R155,,,,,,0,0,000000000,00000000000,0,0,0,1,0,0,0,0,0,0,0,0,0,0,0,6,6,6,2,12,0,0,0,0,0,99997,7,6,97,7,6,7,998,997,998,998,998,998,998,98,9998,98,9998,8,0,0,0,0,3,4,65,1,1,8,1,0,0,0,53,0,0,0,32,0,0
48,481700,3,4,1,31,8,17,3,12,1,1,0,48,1,23,481,23481,31,2010,3GTRKVE33AG1,3,G,T,R,K,V,E,3,3,A,G,1,0,T,GMC,1NK,CW,10,17,,2,0,1435,SIE,F,,,8,323,,,,B,5346,00,S,44,0,0,000000000,00000000000,0,0,0,1,0,0,0,0,0,0,0,998,0,0,0,13,12,2,1,54,0,0,0,1,48,77713,6,1,0,0,3,0,999,999,0,0,0,0,0,0,0,0,0,0,0,0,0,0,3,4,65,1,1,8,1,0,0,1,90,1,1,1,98,0,0
48,481700,4,4,1,31,8,17,3,12,1,1,1,99,9,99,999,99999,99,9999,999999999999,9,9,9,9,9,9,9,9,9,9,9,9,0,,,,,,,,,,,,,,,,,,,,,,,,,0,0,000000000,00000000000,0,0,0,1,0,0,0,0,0,0,0,998,0,0,0,12,12,9,1,8,0,0,0,1,99,99999,9,9,99,9,9,9,999,999,99,99,99,99,99,99,9999,99,9999,0,0,0,0,0,3,4,65,1,1,8,1,0,0,1,80,1,1,1,98,0,0
48,481701,1,1,3,16,4,2,33,33,0,1,0,48,2,54,39,54039,4,2007,JH4CL96827C0,J,H,4,C,L,9,6,8,2,7,C,0,0,P,ACUR,TSX,4D,7,17,3345,,0,1051,,G,,F,4,146,,,17R215,,,,,,0,0,000000000,00000000000,0,0,0,1,0,0,0,0,0,0,0,998,0,1,3,99,0,4,3,1,0,0,0,1,48,76014,6,1,0,0,3,0,999,999,0,0,0,1,0,2,2010,2,2010,1,0,0,0,0,2,2,60,3,1,8,1,0,0,14,6,1,4,4,7,1,1
48,481702,1,1,2,22,4,17,53,1,0,1,0,48,1,6,54,6054,6,2006,2A8GM68466R6,2,A,8,G,M,6,8,4,6,6,R,6,0,P,CHRY,PIF,UT,6,17,4311,,0,1160,,G,,F,6,214,,,17R235,,,,,,0,0,000000000,00000000000,0,0,0,1,0,0,0,0,0,0,0,998,0,1,1,0,0,4,3,1,0,0,0,1,48,79849,6,1,0,0,3,0,999,999,0,0,0,0,1,10,2008,10,2008,1,33,0,0,0,2,2,70,1,1,8,1,0,0,6,6,1,7,6,98,1,0
48,481703,1,1,1,15,5,15,40,33,0,1,0,28,2,72,706,72706,80,2003,1HD1FDV163Y7,1,H,D,1,F,D,V,1,6,3,Y,7,0,M,HD,FHR,RS,3,17,,,,,,,1450,,2,,4,723,,,,,,,0,0,000000000,00000000000,0,0,0,1,0,0,0,0,0,0,0,998,0,0,0,99,99,9,2,33,0,0,0,1,48,77379,6,1,6,0,3,3,999,999,0,0,0,0,0,0,0,0,0,1,0,0,0,0,1,2,20,3,1,8,1,0,0,14,13,1,1,4,1,1,0
48,481704,1,1,2,18,6,21,32,8,0,1,0,48,2,37,32,37032,4,2011,1HGCP2F84BA0,1,H,G,C,P,2,F,8,4,B,A,0,0,P,HOND,AXL,4D,11,17,3421,,0,1102,,G,,F,4,146,,,17R225,,,,,,0,0,000000000,00000000000,0,0,0,1,0,0,0,0,0,0,0,998,0,0,0,61,61,2,1,8,0,0,0,1,47,37040,6,1,0,0,3,0,67,210,0,0,0,0,0,0,0,0,0,0,0,0,0,0,2,2,45,1,1,8,1,0,0,1,80,1,1,1,13,0,0
48,481706,1,1,2,17,7,1,37,33,0,1,0,48,1,50,709,50709,80,2010,SMTB00TL9AJ4,S,M,T,B,0,0,T,L,9,A,J,4,0,M,TRUM,THU,RS,10,17,,,,,,,1597,,2,,4,746,,,,,,,0,0,000000000,00000000000,0,0,0,1,0,0,0,0,0,0,0,998,0,0,0,12,12,4,3,33,0,0,0,1,48,77530,6,1,0,0,3,3,999,999,0,0,0,0,0,0,0,0,0,1,0,0,0,0,4,3,50,4,1,1,1,0,0,14,12,1,1,4,6,1,1
48,481707,1,1,1,27,7,7,40,9,0,1,0,48,2,54,32,54032,4,1993,JH4KA7669PC0,J,H,4,K,A,7,6,6,9,P,C,0,0,P,ACUR,LEL,4D,93,17,3170,,0,1146,,G,,F,6,196,,,15R205,,,,,,0,0,000000000,00000000000,0,0,0,1,0,0,0,0,0,0,0,998,0,0,0,12,12,4,3,9,0,0,0,1,48,76053,1,1,0,0,2,0,999,999,0,7,0,4,0,10,2008,7,2011,0,0,0,0,0,1,2,30,1,1,8,1,0,0,1,83,1,1,1,13,0,0
48,481708,1,2,1,29,7,1,15,8,0,1,0,48,1,23,441,23441,20,1998,1GDDM19W9WB5,1,G,D,D,M,1,9,W,9,W,B,5,0,T,GMC,SXT,EC,98,17,,1,0,1112,SAF,G,,,6,262,,,,B,00000,00,E,42,0,0,000000000,00000000000,0,0,0,1,0,0,0,0,0,0,0,998,0,0,0,12,12,6,2,8,0,0,0,1,48,76063,6,1,0,0,3,0,999,999,0,0,0,0,0,0,0,0,0,0,28,91,0,0,3,9,60,1,1,8,1,0,0,1,13,1,1,4,13,0,1
48,481708,3,2,1,29,7,1,15,8,0,1,1,99,9,99,999,99999,99,9999,999999999999,9,9,9,9,9,9,9,9,9,9,9,9,0,,,,,,,,,,,,,,,,,,,,,,,,,0,0,000000000,00000000000,0,0,0,1,0,0,0,0,99,99,9,998,0,0,0,99,99,9,1,8,0,0,0,1,99,99999,9,9,99,9,9,9,999,999,99,99,99,99,99,99,9999,99,9999,0,0,0,0,0,3,9,60,1,1,8,1,0,0,1,80,1,1,1,98,0,0
48,481709,1,2,1,8,8,19,21,12,6,1,0,99,9,98,709,98709,80,2007,LHJLC79UX7B0,L,H,J,L,C,7,9,U,X,7,B,0,0,U,,,,7,17,,,,,,,,,,,,,,,,,,,0,0,000000000,00000000000,0,0,0,1,0,0,0,0,0,0,0,998,0,0,0,99,99,9,2,12,0,0,0,1,5,71854,6,1,0,0,3,0,72,228,0,0,0,0,0,0,0,0,0,0,0,0,0,0,5,6,45,1,2,8,1,3,3,1,62,1,1,1,69,1,0
48,481709,2,2,1,8,8,19,21,12,6,1,1,99,9,7,24,7024,4,2008,2B3KA43R68H1,2,B,3,K,A,4,3,R,6,8,H,1,0,P,DODG,CHA,4D,8,17,3727,,0,1200,,G,,F,6,165,,,17R215,,,,,,0,0,000000000,00000000000,0,0,0,1,0,0,0,0,0,0,0,998,0,0,0,12,12,4,1,12,0,0,0,1,48,78155,1,1,0,0,2,0,999,999,0,4,0,0,0,8,2008,10,2009,0,38,91,0,0,5,6,45,1,2,8,1,3,3,11,15,1,1,1,68,0,0
48,481710,1,1,1,16,8,3,50,1,0,1,0,48,2,7,880,7880,67,2009,3D7MX49L49G5,3,D,7,M,X,4,9,L,4,9,G,5,0,T,DODG,ME3,CW,9,17,,3,0,1605,RPC,D,,,6,408,,,,D,7801,00,E,44,0,88,888888888,88888888888,2,1,97,1,0,0,0,0,0,0,0,83,0,1,5,0,0,4,3,1,0,0,0,1,12,32506,0,0,0,0,0,0,70,999,0,0,0,0,0,0,0,0,0,1,58,0,0,0,1,2,65,3,1,8,1,0,0,14,13,6,4,4,2,1,1