STATE,ST_CASE,VEH_NO,VE_FORMS,NUMOCCS,DAY,MONTH,HOUR,MINUTE,HARM_EV,MAN_COLL,UNITTYPE,HIT_RUN,REG_STAT,OWNER,MAKE,MODEL,MAK_MOD,BODY_TYP,MOD_YEAR,VIN,VIN_1,VIN_2,VIN_3,VIN_4,VIN_5,VIN_6,VIN_7,VIN_8,VIN_9,VIN_10,VIN_11,VIN_12,TOW_VEH,VINTYPE,VINMAKE,VINA_MOD,VIN_BT,VINMODYR,VIN_LNGT,VIN_WGT,WGTCD_TR,WHLBS_LG,WHLBS_SH,SER_TR,FUELCODE,MCYCL_DS,CARBUR,CYLINDER,DISPLACE,MCYCL_CY,MCYCL_WT,TIRE_SZE,TON_RAT,TRK_WT,TRKWTVAR,VIN_REST,WHLDRWHL,J_KNIFE,MCARR_I1,MCARR_I2,MCARR_ID,GVWR,V_CONFIG,CARGO_BT,HAZ_INV,HAZ_PLAC,HAZ_ID,HAZ_CNO,HAZ_REL,BUS_USE,SPEC_USE,EMER_USE,TRAV_SP,UNDERIDE,ROLLOVER,ROLINLOC,IMPACT1,IMPACT2,DEFORMED,TOWED,M_HARM,VEH_SC1,VEH_SC2,FIRE_EXP,DR_PRES,L_STATE,DR_ZIP,L_STATUS,L_TYPE,CDL_STAT,L_ENDORS,L_COMPL,L_RESTRI,DR_HGT,DR_WGT,PREV_ACC,PREV_SUS,PREV_DWI,PREV_SPD,PREV_OTH,FIRST_MO,FIRST_YR,LAST_MO,LAST_YR,SPEEDREL,DR_SF1,DR_SF2,DR_SF3,DR_SF4,VTRAFWAY,VNUM_LAN,VSPD_LIM,VALIGN,VPROFILE,VPAVETYP,VSURCOND,VTRAFCON,VTCONT_F,P_CRASH1,P_CRASH2,P_CRASH3,PCRASH4,PCRASH5,ACC_TYPE,DEATHS,DR_DRINK
48,481711,1,3,2,18,8,19,29,12,6,1,0,48,1,7,482,7482,31,2009,3D7KS28L09G5,3,D,7,K,S,2,8,L,0,9,G,5,0,T,DODG,SQ2,CW,9,17,,2,1605,1405,RPC,D,,,6,408,,,,C,5984,00,E,44,0,0,000000000,00000000000,0,0,0,1,0,0,0,0,0,0,0,998,0,0,0,12,12,2,1,12,0,0,0,1,48,79549,6,1,6,0,3,0,999,999,0,0,0,2,0,2,2010,9,2010,0,38,0,0,0,1,2,70,1,1,8,1,0,0,11,15,1,1,2,68,0,1
48,481711,2,3,2,18,8,19,29,12,6,1,0,48,1,76,706,76706,80,2004,JYAVP11EX4A0,J,Y,A,V,P,1,1,E,X,4,A,0,0,M,YAMA,XVA,RS,4,17,,,,,,,1063,,2,,4,571,,,,,,,0,0,000000000,00000000000,0,0,0,1,0,0,0,0,0,0,0,998,0,0,0,99,99,9,2,12,0,0,0,1,48,79512,6,1,0,0,3,0,999,999,0,0,0,0,0,0,0,0,0,0,0,0,0,0,1,2,70,1,1,8,1,0,0,1,62,1,1,1,69,2,0
48,481711,3,3,1,18,8,19,29,12,6,1,0,48,1,76,706,76706,80,2005,JYARP07E85A0,J,Y,A,R,P,0,7,E,8,5,A,0,0,M,YAMA,F13,RC,5,17,,,,,,,1298,,4,,4,537,,,,,,,0,0,000000000,00000000000,0,0,0,1,0,0,0,0,0,0,0,998,0,0,0,99,99,9,1,12,0,0,0,1,48,79720,6,1,0,0,3,3,999,999,0,0,0,0,0,0,0,0,0,0,0,0,0,0,1,2,70,1,1,8,1,0,0,1,98,1,1,1,98,0,0
48,481712,1,1,2,18,8,6,58,1,0,1,0,48,2,7,482,7482,31,1997,3B7HC13Y7VG8,3,B,7,H,C,1,3,Y,7,V,G,8,0,T,DODG,150,PC,97,17,,2,1547,1387,RPC,G,,,8,318,,,,B,4379,01,M,42,0,0,000000000,00000000000,0,0,0,1,0,0,0,0,0,0,0,59,0,1,5,0,0,4,3,1,0,0,0,1,48,79536,6,1,0,0,3,0,999,999,0,0,0,0,0,0,0,0,0,1,39,58,0,0,1,2,70,3,1,8,1,40,3,14,13,6,4,4,2,1,0
48,481713,1,2,1,26,8,13,5,12,6,1,0,12,3,85,881,85881,66,2011,1XKAD49X9BJ2,1,X,K,A,D,4,9,X,9,B,J,2,1,T,KW,T60,TR,11,17,,8,2600,1600,CON,D,,,6,915,,,,,00000,00,,64,1,57,29653,5729653,3,6,1,1,0,0,0,0,0,0,0,998,0,0,0,12,12,4,3,12,0,0,0,1,12,32724,6,1,0,0,3,3,66,999,0,0,0,0,0,0,0,0,0,0,0,0,0,0,2,2,60,3,2,8,1,0,0,14,67,6,1,2,88,0,0
48,481713,2,2,1,26,8,13,5,12,6,1,0,48,3,12,481,12481,31,2001,1FTRX17W71NB,1,F,T,R,X,1,7,W,7,1,N,B,0,T,FORD,F15,4C,1,17,,2,1571,1385,COF,G,,,8,281,,,,B,4204,05,U,42,0,0,000000000,00000000000,0,0,0,1,0,0,0,0,0,0,0,998,0,0,0,9,9,6,2,12,0,0,0,1,48,77044,6,1,0,0,3,3,66,134,0,0,0,0,0,0,0,0,0,0,39,0,0,0,1,2,99,1,1,8,1,20,3,4,15,1,1,1,89,1,1
48,481714,1,1,4,26,8,16,40,21,0,1,0,48,1,49,422,49422,15,2002,5TDZT34A52S1,5,T,D,Z,T,3,4,A,5,2,S,1,0,P,TOYT,SEQ,UT,2,17,5070,,0,1181,,G,,F,8,285,,,16R245,,,,,,0,0,000000000,00000000000,0,0,0,1,0,0,0,0,0,0,0,998,0,0,0,12,12,6,2,21,0,0,0,1,48,79013,6,2,0,0,3,2,999,999,0,0,0,0,0,0,0,0,0,0,73,0,0,0,2,2,70,1,1,8,1,0,0,1,12,1,4,4,7,1,0
48,481715,1,2,2,28,8,15,11,12,99,1,0,48,3,12,481,12481,31,2011,1FTFW1EF9BKD,1,F,T,F,W,1,E,F,9,B,K,D,0,T,FORD,F1S,CW,11,17,,2,1570,1450,COF,F,,,8,305,,,,B,5577,01,7,44,0,0,000000000,00000000000,0,0,0,1,0,0,0,0,0,8,0,998,0,0,0,10,10,4,3,12,42,0,0,1,48,75931,6,1,0,0,3,0,999,999,0,0,0,0,0,0,0,0,0,0,16,0,0,0,1,2,60,1,1,8,1,0,0,1,68,7,1,1,89,0,0
48,481715,2,2,1,28,8,15,11,12,99,1,0,0,0,37,733,37733,90,2000,478TE210UY40,4,7,8,T,E,2,1,0,U,Y,4,0,0,M,HOND,TX5,AT,0,17,,,,,,,229,,1,,4,397,,,,,,,0,0,000000000,00000000000,0,0,0,1,0,0,0,0,0,8,0,998,0,0,0,99,99,9,2,12,42,0,0,1,48,75951,6,1,6,0,1,0,999,999,0,0,0,0,0,0,0,0,0,1,16,38,0,0,1,2,99,1,1,8,1,0,0,1,6,1,9,1,88,1,0
48,481716,1,1,1,28,8,0,18,33,0,1,0,48,1,72,706,72706,80,1999,1HD1CHP12XK1,1,H,D,1,C,H,P,1,2,X,K,1,0,M,HD,20S,RS,99,17,,,,,,,1200,,2,,4,501,,,,,,,0,0,000000000,00000000000,0,0,0,1,0,0,0,0,0,0,0,998,0,0,0,99,99,9,2,33,0,0,0,1,48,75704,6,1,6,0,3,0,999,999,1,0,0,0,0,8,2009,8,2009,1,0,0,0,0,5,4,40,1,1,8,1,0,0,6,6,1,1,4,1,1,1
48,481717,1,1,1,30,8,6,2,8,0,1,0,48,2,35,47,35047,4,1994,1N4BU31D3RC1,1,N,4,B,U,3,1,D,3,R,C,1,0,P,NISS,AGS,4D,94,17,2729,,0,1031,,G,,F,4,146,,,15R205,,,,,,0,0,000000000,00000000000,0,0,0,1,0,0,0,0,0,0,0,998,0,0,0,1,1,2,3,8,0,0,0,1,48,75471,1,1,0,0,2,3,999,999,0,5,0,0,0,11,2008,8,2011,1,92,0,0,0,1,2,55,2,1,8,1,0,0,14,80,1,1,1,13,0,0
48,481718,1,1,2,30,8,15,29,1,0,1,0,48,1,23,401,23401,14,2005,1GKES16S2561,1,G,K,E,S,1,6,S,2,5,6,1,0,T,GMC,EXL,4W,5,17,,2,0,1290,ENV,G,,,6,256,,,,B,4773,00,E,42,0,0,000000000,00000000000,0,0,0,1,0,0,0,0,0,0,0,998,0,1,3,0,0,4,3,1,0,0,0,1,48,76849,6,1,0,0,3,0,999,999,0,0,0,0,0,0,0,0,0,0,58,0,0,0,2,2,80,1,2,8,1,0,0,1,1,6,4,4,7,1,0
48,481719,1,1,1,31,8,16,28,38,0,1,0,48,1,12,422,12422,15,2003,1FMEU15L73LA,1,F,M,E,U,1,5,L,7,3,L,A,0,P,FORD,EPT,UT,3,17,5416,,0,1191,,G,,F,8,330,,,17R265,,,,,,0,0,000000000,00000000000,0,0,0,1,0,0,0,0,0,0,0,998,0,1,5,11,0,6,2,1,0,0,0,1,48,78073,6,1,0,0,3,3,999,999,0,0,0,0,0,0,0,0,0,0,0,0,0,0,1,2,60,1,1,8,1,0,0,1,12,1,1,4,6,1,0
48,481720,1,2,2,31,8,20,35,12,6,1,0,48,2,12,481,12481,31,2000,1FTRF18L6YNA,1,F,T,R,F,1,8,L,6,Y,N,A,0,T,FORD,F15,PK,0,17,,2,1388,1202,COF,G,,,8,330,,,,B,4299,04,U,44,0,0,000000000,00000000000,0,0,0,1,0,0,0,0,0,0,0,998,0,0,0,11,11,4,3,12,0,0,0,1,48,78133,6,1,0,0,3,3,999,999,0,0,0,0,0,0,0,0,0,0,58,83,0,0,1,2,55,1,1,8,1,0,0,1,87,7,3,6,64,1,1
48,481720,2,2,1,31,8,20,35,12,6,1,0,48,3,98,808,98808,61,2002,JNAUXU1J42A4,J,N,A,U,X,U,1,J,4,2,A,4,0,T,UD,U12,TB,2,17,,3,0,0,UDS,D,,,4,281,,,,,00000,00,,42,0,58,5725407C,585725407C,2,1,1,1,0,0,0,0,0,0,0,998,0,0,0,12,12,6,2,12,0,0,0,1,48,78133,6,1,6,0,3,0,999,999,0,0,0,0,1,5,2010,5,2010,0,0,0,0,0,1,2,55,1,1,8,1,0,0,1,62,1,1,1,65,0,0
48,481721,1,4,1,3,2,19,46,12,6,1,0,48,1,49,51,49051,4,2007,JTDBT9233711,J,T,D,B,T,9,2,3,3,7,1,1,0,P,TOYT,YAR,4D,7,17,2288,,0,969,,G,,F,4,092,,,14R175,,,,,,0,0,000000000,00000000000,0,0,0,1,0,0,0,0,0,0,0,0,0,0,0,9,9,4,3,12,0,0,0,1,48,77611,6,1,0,0,3,0,999,999,0,0,0,0,0,0,0,0,0,0,87,0,0,0,3,2,50,1,3,8,4,0,0,5,53,1,1,1,48,1,0
48,481721,2,4,3,3,2,19,46,12,6,1,0,48,1,20,481,20481,31,1995,2GCEC19K8S11,2,G,C,E,C,1,9,K,8,S,1,1,0,T,CHEV,GC1,PC,95,17,,2,1555,1415,GM4,G,,,8,350,,,,B,4071,02,,42,0,0,000000000,00000000000,0,0,0,1,0,0,0,0,0,0,0,998,0,0,0,12,12,4,3,12,0,0,0,1,48,77619,6,1,0,0,3,3,999,999,0,0,0,0,0,0,0,0,0,0,87,0,0,0,3,2,50,1,3,8,4,0,0,1,50,4,7,1,48,0,0
48,481721,3,4,1,3,2,19,46,12,6,1,0,48,1,35,43,35043,4,2007,3N1AB61E97L6,3,N,1,A,B,6,1,E,9,7,L,6,0,P,NISS,SL2,4D,7,17,2853,,0,1057,,G,,F,4,122,,,15R205,,,,,,0,0,000000000,00000000000,0,0,0,1,0,0,0,0,0,0,0,998,0,0,0,12,12,4,3,12,0,0,0,1,48,77642,6,1,0,0,3,3,999,999,0,0,0,0,0,0,0,0,0,0,87,0,0,0,3,2,50,1,3,8,4,0,0,1,52,1,1,1,98,0,0
48,481721,4,4,1,3,2,19,46,12,6,1,0,48,1,37,31,37031,2,1996,1HGEJ8246TL0,1,H,G,E,J,8,2,4,6,T,L,0,0,P,HOND,UAX,CP,96,17,2448,,0,1032,,G,,F,4,097,,,14R185,,,,,,0,0,000000000,00000000000,0,0,0,1,0,0,0,0,0,0,0,998,0,0,0,12,12,4,3,12,0,0,0,1,48,77640,6,1,0,0,3,0,999,999,1,0,0,0,0,11,2009,11,2009,0,87,0,0,0,3,2,50,1,3,8,4,0,0,1,52,1,2,1,98,0,0
48,481722,1,1,1,18,3,20,47,8,0,1,1,99,9,99,999,99999,99,9999,999999999999,9,9,9,9,9,9,9,9,9,9,9,9,0,,,,,,,,,,,,,,,,,,,,,,,,,0,0,000000000,00000000000,0,0,0,1,0,0,0,0,0,0,0,998,0,0,0,99,99,9,1,8,0,0,0,1,99,99999,9,9,99,9,9,9,999,999,99,99,99,99,99,99,9999,99,9999,0,0,0,0,0,3,4,99,1,8,8,98,0,0,99,80,99,9,9,13,0,0
48,481723,1,2,1,23,3,0,16,12,2,1,0,48,2,20,37,20037,4,2002,1G1NE52J22M7,1,G,1,N,E,5,2,J,2,2,M,7,0,P,CHEV,M/L,4D,2,17,3053,,0,1070,,G,,F,6,191,,,15R215,,,,,,0,0,000000000,00000000000,0,0,0,1,0,0,0,0,0,0,0,998,0,0,0,12,12,6,2,12,0,0,0,1,48,78043,0,0,0,0,0,0,999,999,0,0,0,0,0,0,0,0,0,1,0,0,0,0,5,6,45,1,1,8,1,0,0,1,10,1,1,2,50,1,0
48,481723,2,2,5,23,3,0,16,12,2,1,0,48,2,20,421,20421,15,1996,1GNEC13R6TJ3,1,G,N,E,C,1,3,R,6,T,J,3,0,P,CHEV,CTA,UT,96,17,5134,,0,1175,,G,,F,8,350,,,15R235,,,,,,0,0,000000000,00000000000,0,0,0,1,0,0,0,0,0,0,0,998,0,0,0,12,12,6,2,12,0,0,0,1,48,78046,1,1,6,0,2,3,999,999,2,6,0,0,3,6,2008,3,2011,0,0,0,0,0,5,6,45,1,1,8,1,0,0,1,62,1,1,1,51,0,0
48,481724,1,3,1,31,3,17,33,12,1,1,0,48,2,41,471,41471,30,1996,4F4DR17X6TTM,4,F,4,D,R,1,7,X,6,T,T,M,0,T,MAZD,4CP,PC,96,17,,1,0,1254,B40,G,,,6,245,,,,,3829,01,B,44,0,0,000000000,00000000000,0,0,0,1,0,0,0,0,0,0,0,998,0,0,0,12,12,2,1,12,0,0,0,1,48,78954,6,1,0,0,3,0,999,999,1,0,0,0,0,12,2010,12,2010,1,0,0,0,0,1,2,45,3,2,8,1,0,0,14,52,1,1,1,28,0,0
48,481724,2,3,1,31,3,17,33,12,1,1,0,48,1,37,32,37032,4,2009,1HGCP26349A1,1,H,G,C,P,2,6,3,4,9,A,1,0,P,HOND,ULX,4D,9,17,3230,,0,1102,,G,,F,4,146,,,16R215,,,,,,0,0,000000000,00000000000,0,0,0,1,0,0,0,0,0,0,0,998,0,0,0,6,6,4,3,12,0,0,0,1,48,77363,6,1,0,0,3,3,999,999,0,0,0,0,0,0,0,0,0,0,0,0,0,0,1,2,45,3,2,8,1,0,0,2,53,1,1,1,29,1,0
48,481724,3,3,1,31,3,17,33,12,1,1,0,48,1,59,403,59403,14,2005,2T2GA31U65C0,2,T,2,G,A,3,1,U,6,5,C,0,0,P,LEXS,R33,UT,5,17,3860,,0,1069,,G,,F,6,202,,,18R235,,,,,,0,0,000000000,00000000000,0,0,0,1,0,0,0,0,0,0,0,998,0,0,0,12,12,4,3,12,0,0,0,1,48,78006,6,1,0,0,3,3,999,999,0,0,0,0,0,0,0,0,0,0,0,0,0,0,1,2,45,2,2,8,1,0,0,14,62,1,1,1,98,0,0
48,481725,1,1,2,9,4,20,45,24,0,1,0,48,1,49,442,49442,20,2003,4T3ZF19C53U5,4,T,3,Z,F,1,9,C,5,3,U,5,0,P,TOYT,SIE,SV,3,17,3919,,0,1142,,G,,F,6,183,,,15R205,,,,,,0,0,000000000,00000000000,0,0,0,1,0,0,0,0,0,0,0,998,0,0,0,3,3,4,3,58,0,0,0,1,48,77384,6,1,0,0,3,0,999,999,0,5,1,0,0,6,2008,2,2010,1,58,0,0,0,1,2,50,3,1,8,1,0,0,14,6,6,4,4,7,2,1
48,481726,1,1,2,18,4,2,43,30,0,1,0,48,3,53,706,53706,80,2006,JS1GW71A6621,J,S,1,G,W,7,1,A,6,6,2,1,0,M,SUZI,GXR,RC,6,17,,,,,,,1298,,4,,4,478,,,,,,,0,0,000000000,00000000000,0,0,0,1,0,0,0,0,0,0,0,998,0,0,0,12,12,2,3,30,0,0,0,1,48,79412,3,1,0,0,2,0,999,999,1,0,0,0,0,5,2008,5,2008,1,0,0,0,0,2,4,45,3,1,8,1,0,0,14,13,1,1,4,1,2,1
48,481727,1,1,1,12,5,13,18,1,0,1,0,48,1,12,13,12013,4,1997,3FALP15P4VR1,3,F,A,L,P,1,5,P,4,V,R,1,0,P,FORD,LXE,SW,97,17,2571,,0,984,,G,,F,4,122,,,14R185,,,,,,0,0,000000000,00000000000,0,0,0,1,0,0,0,0,0,0,0,998,0,2,5,0,9,4,3,1,0,0,0,1,48,75416,6,1,0,0,3,0,999,999,0,0,0,0,0,0,0,0,0,0,58,0,0,0,1,2,60,3,1,8,1,0,0,14,13,6,3,4,2,1,1
48,481728,1,1,1,18,5,0,29,8,0,1,0,48,1,7,21,7021,6,2006,2D4FV47V56H1,2,D,4,F,V,4,7,V,5,6,H,1,0,P,DODG,MGN,UT,6,17,3770,,0,1200,,G,,F,6,214,,,18R225,,,,,,0,0,000000000,00000000000,0,0,0,1,0,0,0,0,0,0,0,998,0,0,0,12,12,4,3,8,0,0,0,1,48,75088,6,1,0,0,3,0,999,999,0,0,0,0,0,0,0,0,0,0,0,0,0,0,3,4,60,1,1,8,1,0,0,1,80,1,1,1,13,0,0
48,481729,1,1,2,21,5,4,40,42,0,1,0,48,2,14,6,14006,4,1996,2MELM75W6TX6,2,M,E,L,M,7,5,W,6,T,X,6,0,P,MERC,GLB,4D,96,17,3796,,0,1144,,G,,F,8,281,,,15R215,,,,,,0,0,000000000,00000000000,0,0,0,1,0,0,0,0,0,0,0,998,0,0,0,12,12,6,2,42,0,0,1,1,48,75755,0,0,0,0,0,0,68,192,0,0,0,0,0,0,0,0,0,1,0,0,0,0,1,2,55,3,1,8,2,0,0,14,6,1,4,4,7,1,1
48,481730,1,3,2,9,6,17,55,12,6,1,0,48,1,37,31,37031,4,2000,1HGEJ6674YL0,1,H,G,E,J,6,6,7,4,Y,L,0,0,P,HOND,UCL,4D,0,17,2456,,0,1032,,G,,F,4,097,,,14R185,,,,,,0,0,000000000,00000000000,0,0,0,1,0,0,0,0,0,0,0,998,0,0,0,9,9,4,3,12,0,0,0,1,48,76133,6,1,0,0,3,3,999,999,0,0,0,0,0,0,0,0,0,0,38,0,0,0,1,2,99,8,8,8,1,20,3,4,17,1,1,1,89,1,0
48,481730,2,3,1,9,6,17,55,12,6,1,0,48,2,22,22,22022,4,2005,1G2ZG5282541,1,G,2,Z,G,5,2,8,2,5,4,1,0,P,PONT,G/6,4D,5,17,3420,,0,1123,,G,,F,6,214,,,16R215,,,,,,0,0,000000000,00000000000,0,0,0,1,0,0,0,0,0,0,0,998,0,0,0,12,12,4,3,12,0,0,0,1,48,76123,6,1,0,0,3,0,999,999,0,0,0,0,0,0,0,0,0,0,0,0,0,0,1,4,35,3,2,8,1,0,0,14,66,1,1,1,88,0,0
48,481730,3,3,1,9,6,17,55,12,6,1,0,48,1,20,421,20421,15,1997,1GNCS13WXVK2,1,G,N,C,S,1,3,W,X,V,K,2,0,P,CHEV,BZR,UT,97,17,3686,,0,1070,,G,,F,6,262,,,15R205,,,,,,0,0,000000000,00000000000,0,0,0,1,0,0,0,0,0,0,0,998,0,0,0,12,12,4,3,12,0,0,0,1,48,76109,0,0,0,0,0,0,999,999,0,3,0,0,0,3,2010,3,2011,0,0,0,0,0,1,4,35,2,2,8,1,0,0,14,62,1,1,1,98,0,0
48,481731,1,2,2,13,6,17,3,12,6,1,0,48,1,7,20,7020,4,2004,1B3ES56C74D5,1,B,3,E,S,5,6,C,7,4,D,5,0,P,DODG,NXT,4D,4,17,2634,,0,1040,,G,,F,4,122,,,15R185,,,,,,0,0,000000000,00000000000,0,0,0,1,0,0,0,0,0,0,0,998,0,1,1,81,81,4,3,12,0,0,0,1,48,75234,6,1,0,0,3,0,999,999,0,0,0,0,0,0,0,0,0,0,38,0,0,0,2,3,40,1,1,8,1,3,3,11,15,1,1,1,68,1,0
48,481731,2,2,1,13,6,17,3,12,6,1,0,48,3,7,402,7402,14,1999,1B4HS28Z0XF6,1,B,4,H,S,2,8,Z,0,X,F,6,0,P,DODG,DUR,UT,99,17,4397,,0,1159,,G,,F,8,360,,,15R235,,,,,,0,0,000000000,00000000000,0,0,0,1,0,0,0,0,0,0,0,998,0,1,1,12,12,4,3,12,0,0,0,1,48,75040,6,1,0,0,3,3,999,999,0,0,0,0,0,0,0,0,0,0,0,0,0,0,2,3,40,1,1,8,1,3,3,1,62,1,1,1,69,0,0
48,481732,1,1,1,19,6,6,30,1,0,1,0,93,3,82,881,82881,66,2007,1FUJALDE07DX,1,F,U,J,A,L,D,E,0,7,D,X,1,T,FRHT,FLD,TR,7,17,,8,0,0,CON,D,,,6,763,,,,,00000,00,,64,1,57,879345,57879345,3,6,2,2,2,1267,3,1,0,0,0,998,0,1,5,0,0,4,3,1,0,0,0,1,48,79936,6,1,6,1,3,1,999,999,0,0,0,1,0,6,2008,6,2008,0,0,0,0,0,1,2,35,1,1,4,1,0,0,1,12,7,1,4,6,1,0
48,481733,1,1,3,9,7,9,28,42,0,1,0,48,2,20,37,20037,4,2004,1G1ZU64804F2,1,G,1,Z,U,6,4,8,0,4,F,2,0,P,CHEV,XLT,4D,4,17,3476,,0,1123,,G,,F,6,214,,,16R215,,,,,,0,0,000000000,00000000000,0,0,0,1,0,0,0,0,0,0,0,103,0,1,5,81,81,6,2,42,0,0,0,1,48,78361,4,1,0,0,2,3,999,999,0,1,0,0,0,4,2009,4,2009,1,58,0,0,0,1,2,70,3,1,8,1,0,0,14,13,6,4,4,7,1,1
48,481734,1,1,3,15,7,4,13,8,0,1,0,40,1,34,34,34034,4,2006,WBAVB13516KR,W,B,A,V,B,1,3,5,1,6,K,R,0,P,BMW,325,4D,6,17,3285,,0,1087,,G,,F,6,182,,,16R205,,,,,,0,0,000000000,00000000000,0,0,0,1,0,0,0,0,0,0,0,998,0,0,0,14,14,0,1,8,0,0,0,1,48,76544,6,1,0,0,3,0,999,999,1,0,0,0,0,8,2008,8,2008,0,0,0,0,0,2,2,45,1,1,8,1,0,0,1,80,1,1,1,13,0,0
48,481735,1,1,1,22,7,23,20,8,0,1,0,48,1,63,441,63441,20,2007,KNDMB2333761,K,N,D,M,B,2,3,3,3,7,6,1,0,P,KIA,SED,SV,7,17,4387,,0,1189,,G,,F,6,232,,,16R225,,,,,,0,0,000000000,00000000000,0,0,0,1,0,0,0,0,0,0,0,998,0,0,0,14,14,0,3,8,0,0,0,1,48,77422,6,1,0,0,3,0,999,999,0,0,0,0,1,12,2010,12,2010,0,0,0,0,0,1,2,65,1,1,8,1,0,0,1,80,1,1,1,13,0,0
48,481737,1,2,2,4,8,1,20,24,0,1,0,93,1,84,881,84881,66,2006,2HSCEAPR26C2,2,H,S,C,E,A,P,R,2,6,C,2,1,T,INTL,92I,TR,6,17,,8,0,0,920,D,,,6,915,,,,,00000,00,,64,3,57,59898,5759898,3,6,3,1,0,0,0,0,0,0,0,998,0,0,0,82,12,6,2,24,0,0,0,1,48,75069,6,1,6,0,3,0,999,999,0,0,0,1,0,10,2008,10,2008,0,27,0,0,0,3,3,60,1,2,8,1,0,0,15,13,1,1,4,1,1,0
48,481737,2,2,1,4,8,1,20,24,0,1,0,48,1,51,47,51047,4,2006,YV1RH5926625,Y,V,1,R,H,5,9,2,6,6,2,5,0,P,VOLV,S6A,4D,6,17,3603,,0,1069,,G,,T,5,154,,,16R205,,,,,,0,0,000000000,00000000000,0,0,0,1,0,0,0,0,0,0,0,998,0,0,0,14,14,9,3,43,0,0,0,1,48,76108,6,1,0,0,3,0,999,999,0,0,0,0,0,0,0,0,0,0,0,0,0,0,4,2,99,1,1,8,1,0,0,1,64,6,1,4,98,0,0
48,481738,1,1,1,5,8,14,40,31,0,1,0,48,1,7,472,7472,30,2001,1B7GL2AX01S2,1,B,7,G,L,2,A,X,0,1,S,2,0,T,DODG,QAD,CW,1,17,,1,0,1309,DAK,G,,,6,239,,,,B,4033,00,U,42,0,0,000000000,00000000000,0,0,0,1,0,0,0,0,0,0,0,998,0,0,0,82,3,6,2,30,0,0,0,1,48,77984,6,1,0,0,3,3,999,999,0,0,0,0,0,0,0,0,0,0,0,0,0,0,1,2,70,1,1,8,1,0,0,1,13,6,4,4,2,1,0
48,481739,1,1,1,7,8,9,15,24,0,1,0,48,2,12,481,12481,31,2003,1FTRX17283NA,1,F,T,R,X,1,7,2,8,3,N,A,0,T,FORD,F15,4C,3,17,,2,1571,1385,COF,G,,,6,256,,,,B,4060,00,U,42,0,0,000000000,00000000000,0,0,0,1,0,0,0,0,0,0,0,998,0,1,1,1,11,2,3,24,0,0,0,1,48,77389,6,1,0,0,3,3,999,999,1,0,0,0,0,10,2010,10,2010,0,0,0,0,0,1,2,55,1,1,8,1,0,0,1,1,1,2,4,2,1,0
48,481740,1,1,1,12,8,20,55,8,0,1,0,48,1,20,880,20880,67,2007,1GCJK33687F5,1,G,C,J,K,3,3,6,8,7,F,5,0,T,CHEV,SK3,CW,7,17,,3,0,1670,SIL,D,,,8,403,,,,D,6552,00,,44,0,88,888888888,88888888888,2,1,97,1,0,0,0,0,0,0,0,998,0,0,0,12,12,4,1,8,0,0,0,1,48,76935,6,1,0,0,3,0,999,999,0,0,0,0,0,0,0,0,0,0,85,0,0,0,1,2,55,1,3,8,1,0,0,1,80,1,1,1,13,0,0
48,481741,1,2,1,13,8,3,55,8,0,1,1,99,9,99,999,99999,99,9999,999999999999,9,9,9,9,9,9,9,9,9,9,9,9,1,,,,,,,,,,,,,,,,,,,,,,,,,1,99,999999999,99999999999,3,99,99,1,0,0,0,0,0,0,0,998,0,0,0,12,12,9,1,8,0,0,0,1,99,99999,9,9,99,9,9,9,999,999,99,99,99,99,99,99,9999,99,9999,0,0,0,0,0,3,2,65,1,1,8,1,0,0,1,80,99,1,1,13,0,0
48,481741,2,2,3,13,8,3,55,8,0,1,0,4,3,23,881,23881,62,2006,1GDG5C1G16F9,1,G,D,G,5,C,1,G,1,6,F,9,0,T,GMC,C5C,CB,6,17,,6,2240,1280,C55,G,,,8,496,,,,,00000,00,,42,0,57,428480,57428480,2,1,96,1,0,0,0,0,0,0,0,998,0,0,0,10,10,4,1,8,0,0,0,1,48,75216,6,1,0,0,3,0,999,999,0,0,0,0,0,0,0,0,0,0,0,0,0,0,3,2,65,1,1,8,1,0,0,1,80,1,1,1,98,0,0
48,481742,1,1,2,13,8,1,30,1,0,1,0,48,2,41,50,41050,4,2006,1YVHP80D165M,1,Y,V,H,P,8,0,D,1,6,5,M,0,P,MAZD,M6S,4D,6,17,3320,,0,1053,,G,,F,6,181,,,17R215,,,,,,0,0,000000000,00000000000,0,0,0,1,0,0,0,0,0,0,0,998,0,1,1,0,0,6,2,1,0,0,0,1,48,75052,6,1,0,0,3,3,999,999,0,0,0,0,0,0,0,0,0,0,0,0,0,0,3,2,40,1,1,8,2,0,0,1,8,1,1,1,98,1,1
48,481743,1,1,1,17,8,13,54,42,0,1,0,48,2,24,401,24401,14,2004,5GZCZ23D34S8,5,G,Z,C,Z,2,3,D,3,4,S,8,0,P,STRN,VUE,UT,4,17,3246,,0,1066,,G,,F,4,134,,,16R215,,,,,,0,0,000000000,00000000000,0,0,0,1,0,0,0,0,0,0,0,998,0,0,0,12,12,4,3,42,0,0,0,1,48,75040,6,1,0,0,3,0,71,250,0,0,0,0,1,9,2010,9,2010,0,0,0,0,0,2,4,40,1,1,8,1,0,0,1,13,1,1,4,1,1,0