STATE,ST_CASE,VEH_NO,VE_FORMS,NUMOCCS,DAY,MONTH,HOUR,MINUTE,HARM_EV,MAN_COLL,UNITTYPE,HIT_RUN,REG_STAT,OWNER,MAKE,MODEL,MAK_MOD,BODY_TYP,MOD_YEAR,VIN,VIN_1,VIN_2,VIN_3,VIN_4,VIN_5,VIN_6,VIN_7,VIN_8,VIN_9,VIN_10,VIN_11,VIN_12,TOW_VEH,VINTYPE,VINMAKE,VINA_MOD,VIN_BT,VINMODYR,VIN_LNGT,VIN_WGT,WGTCD_TR,WHLBS_LG,WHLBS_SH,SER_TR,FUELCODE,MCYCL_DS,CARBUR,CYLINDER,DISPLACE,MCYCL_CY,MCYCL_WT,TIRE_SZE,TON_RAT,TRK_WT,TRKWTVAR,VIN_REST,WHLDRWHL,J_KNIFE,MCARR_I1,MCARR_I2,MCARR_ID,GVWR,V_CONFIG,CARGO_BT,HAZ_INV,HAZ_PLAC,HAZ_ID,HAZ_CNO,HAZ_REL,BUS_USE,SPEC_USE,EMER_USE,TRAV_SP,UNDERIDE,ROLLOVER,ROLINLOC,IMPACT1,IMPACT2,DEFORMED,TOWED,M_HARM,VEH_SC1,VEH_SC2,FIRE_EXP,DR_PRES,L_STATE,DR_ZIP,L_STATUS,L_TYPE,CDL_STAT,L_ENDORS,L_COMPL,L_RESTRI,DR_HGT,DR_WGT,PREV_ACC,PREV_SUS,PREV_DWI,PREV_SPD,PREV_OTH,FIRST_MO,FIRST_YR,LAST_MO,LAST_YR,SPEEDREL,DR_SF1,DR_SF2,DR_SF3,DR_SF4,VTRAFWAY,VNUM_LAN,VSPD_LIM,VALIGN,VPROFILE,VPAVETYP,VSURCOND,VTRAFCON,VTCONT_F,P_CRASH1,P_CRASH2,P_CRASH3,PCRASH4,PCRASH5,ACC_TYPE,DEATHS,DR_DRINK
48,481807,2,2,1,17,9,9,50,12,6,1,0,48,1,20,37,20037,4,2009,1G1ZH57B89F2,1,G,1,Z,H,5,7,B,8,9,F,2,0,P,CHEV,ML1,4D,9,17,3436,,0,1123,,G,,F,4,146,,,17R215,,,,,,0,0,000000000,00000000000,0,0,0,1,0,0,0,0,0,0,0,998,0,0,0,12,12,4,3,12,0,0,0,1,48,77429,6,1,0,0,3,3,999,999,0,0,0,1,0,8,2010,8,2010,0,0,0,0,0,2,4,40,1,1,8,1,0,0,11,15,1,1,1,68,0,0
48,481808,1,1,2,17,9,8,10,8,0,1,0,48,1,2,406,2406,14,2006,1J8HH48K26C2,1,J,8,H,H,4,8,K,2,6,C,2,0,T,JEEP,BSE,4W,6,17,,2,0,1095,CMD,G,,,6,226,,,,,4484,00,K,42,0,0,000000000,00000000000,0,0,0,1,0,0,0,0,0,0,0,998,0,0,0,12,12,2,1,8,0,0,0,1,48,75189,6,1,0,0,3,3,999,999,0,0,0,1,0,4,2011,4,2011,0,0,0,0,0,2,2,55,1,1,8,1,0,0,1,11,1,1,4,1,0,0
48,481809,1,1,1,18,9,17,35,42,0,1,0,48,2,73,705,73705,80,2006,JKBZXJC126A0,J,K,B,Z,X,J,C,1,2,6,A,0,0,M,KAWK,X63,RC,6,17,,,,,,,636,,4,,4,362,,,,,,,0,0,000000000,00000000000,0,0,0,1,0,0,0,0,0,0,0,998,0,0,0,12,12,4,3,42,0,0,0,1,48,78245,6,1,0,0,3,0,999,999,0,0,0,0,0,0,0,0,0,0,0,0,0,0,6,1,50,2,1,8,1,0,0,14,12,1,1,4,6,1,0
48,481810,1,2,2,20,9,6,45,12,6,1,1,48,2,12,481,12481,31,1999,1FTRX17WXXKB,1,F,T,R,X,1,7,W,X,X,K,B,0,T,FORD,F15,4C,99,17,,2,1571,1385,COF,G,,,8,281,,,,B,00000,00,U,42,0,0,000000000,00000000000,0,0,0,1,0,0,0,0,0,0,0,998,0,0,0,12,12,4,3,12,0,0,0,1,48,78959,0,0,0,0,0,0,999,999,0,0,0,0,0,0,0,0,0,0,38,0,0,0,1,2,65,1,1,8,1,0,0,11,15,1,1,1,68,0,0
48,481810,2,2,1,20,9,6,45,12,6,1,0,48,1,72,706,72706,80,2003,1HD1BTY143Y0,1,H,D,1,B,T,Y,1,4,3,Y,0,0,M,HD,XTB,RS,3,17,,,,,,,1450,,2,,4,630,,,,,,,0,0,000000000,00000000000,0,0,0,1,0,0,0,0,0,0,0,998,0,0,0,11,11,6,2,12,0,0,0,1,48,78941,6,1,0,0,3,3,999,999,0,0,0,0,0,0,0,0,0,0,0,0,0,0,1,2,65,1,1,8,1,0,0,1,62,3,2,1,69,1,0
48,481811,1,2,1,26,3,17,28,12,6,1,0,48,2,42,48,42048,4,2007,WDBUF56X67B0,W,D,B,U,F,5,6,X,6,7,B,0,0,P,MERZ,ESD,4D,7,17,3740,,0,1124,,G,,F,6,213,,,17R245,,,,,,0,0,000000000,00000000000,0,0,0,1,0,0,0,0,0,0,0,998,0,0,0,9,9,6,2,12,0,0,0,1,48,75074,6,1,0,0,3,3,62,132,0,0,0,0,0,0,0,0,0,1,38,39,0,0,1,2,98,8,8,8,1,20,3,1,17,1,1,1,89,1,0
48,481811,2,2,1,26,3,17,28,12,6,1,0,48,1,20,2,20002,4,2005,2G1WF52E6591,2,G,1,W,F,5,2,E,6,5,9,1,0,P,CHEV,IMP,4D,5,17,3389,,0,1105,,G,,F,6,207,,,16R225,,,,,,0,0,000000000,00000000000,0,0,0,1,0,0,0,0,0,0,0,998,0,0,0,12,12,6,2,12,0,0,0,1,48,75246,6,1,0,0,3,0,999,999,0,0,0,0,0,0,0,0,0,0,0,0,0,0,2,2,65,1,1,8,1,0,0,1,66,3,2,1,88,0,0
48,481812,1,1,2,7,5,14,30,1,0,1,0,48,1,72,706,72706,80,2003,1HD1FWW1X3Y7,1,H,D,1,F,W,W,1,X,3,Y,7,0,M,HD,SRI,RS,3,17,,,,,,,1450,,2,,4,723,,,,,,,0,0,000000000,00000000000,0,0,0,1,0,0,0,0,0,0,0,998,0,0,0,0,0,9,2,1,0,0,0,1,48,75074,6,1,6,0,3,0,999,999,0,0,0,0,0,0,0,0,0,0,26,84,58,0,3,4,60,1,2,8,1,0,0,1,52,9,2,1,98,1,0
48,481813,1,1,1,8,5,2,21,33,0,1,0,48,0,73,706,73706,80,2000,JKBVNCB10YB5,J,K,B,V,N,C,B,1,0,Y,B,5,0,M,KAWK,V8B,RS,0,17,,,,,,,800,,2,,4,516,,,,,,,0,0,000000000,00000000000,0,0,0,1,0,0,0,0,0,0,0,998,0,0,0,12,12,9,2,33,0,0,0,1,48,79339,3,1,0,0,2,3,999,999,0,0,0,0,0,0,0,0,0,0,0,0,0,0,2,2,40,1,1,8,1,0,0,1,12,1,1,4,6,1,1
48,481814,1,3,2,23,5,11,3,12,6,1,0,48,2,20,2,20002,4,2007,2G1WB58K4791,2,G,1,W,B,5,8,K,4,7,9,1,0,P,CHEV,IPL,4D,7,17,3674,,0,1105,,F,,F,6,214,,,16R225,,,,,,0,0,000000000,00000000000,0,0,0,1,0,0,0,0,0,0,0,998,0,0,0,3,3,6,2,12,0,0,0,1,48,79424,6,1,0,0,3,3,999,999,0,0,0,0,0,0,0,0,0,0,38,39,0,0,1,6,40,1,1,8,1,3,3,1,17,1,1,1,87,1,0
48,481814,2,3,1,23,5,11,3,12,6,1,0,48,2,12,471,12471,30,1998,1FTYR11XXWPA,1,F,T,Y,R,1,1,X,X,W,P,A,0,T,FORD,RNG,PK,98,17,,1,1176,1116,RNG,G,,,6,245,,,,B,3437,01,E,44,0,0,000000000,00000000000,0,0,0,1,0,0,0,0,0,0,0,998,0,0,0,12,12,4,3,12,0,0,0,1,48,79423,6,1,0,0,3,0,999,999,0,0,0,0,0,0,0,0,0,0,0,0,0,0,1,6,98,8,8,8,1,3,3,1,66,1,1,1,86,0,0
48,481814,3,3,1,23,5,11,3,12,6,1,0,48,1,23,870,23870,55,2009,1GDKG31KX911,1,G,D,K,G,3,1,K,X,9,1,1,0,T,GMC,SC4,YY,9,17,,4,0,1590,STV,G,,,8,366,,,,D,5150,00,U,42,0,88,888888888,88888888888,2,98,28,1,0,0,0,0,99,0,0,998,0,0,0,12,12,2,3,12,0,0,0,1,48,79423,6,1,0,0,3,0,999,999,0,0,0,0,0,0,0,0,0,0,0,0,0,0,1,6,40,1,1,8,1,3,3,1,62,1,1,1,98,0,0
48,481815,1,1,1,25,6,8,48,24,0,1,0,48,2,7,25,7025,5,2008,1B3HE78K28D6,1,B,3,H,E,7,8,K,2,8,D,6,0,P,DODG,LRT,4D,8,17,3308,,0,1037,,G,,F,4,146,,,18R215,,,,,,0,0,000000000,00000000000,0,0,0,1,0,0,0,0,0,0,0,998,0,1,5,12,12,6,2,24,0,0,0,1,48,76140,1,1,0,0,2,0,999,999,0,13,0,0,0,7,2008,12,2010,1,0,0,0,0,3,3,60,1,1,8,1,0,0,1,9,99,9,4,2,1,1
48,481816,1,2,1,8,7,20,23,12,2,1,0,48,1,55,33,55033,4,2010,5NPEU4AF7AH6,5,N,P,E,U,4,A,F,7,A,H,6,0,P,HYUN,SLI,4D,10,17,3494,,0,1074,,G,,F,6,204,,,17R215,,,,,,0,0,000000000,00000000000,0,0,0,1,0,0,0,0,0,0,0,998,0,0,0,12,12,6,2,12,0,0,0,1,48,75117,6,1,0,0,3,0,999,999,0,0,0,0,0,0,0,0,0,0,33,0,0,0,1,2,70,1,5,8,1,0,0,6,10,1,1,2,50,1,1
48,481816,2,2,2,8,7,20,23,12,2,1,0,48,3,84,881,84881,63,2005,1HTMKAAN55H6,1,H,T,M,K,A,A,N,5,5,H,6,0,T,INTL,440,CC,5,17,,7,0,0,40S,D,,,6,466,,,,,00000,00,,42,0,77,777777777,77777777777,3,1,96,1,0,0,0,0,0,0,0,998,0,0,0,12,12,4,3,12,0,0,0,1,48,75453,6,1,6,0,3,0,999,999,2,0,0,0,1,3,2010,8,2010,0,0,0,0,0,1,2,70,1,6,8,1,0,0,1,62,1,1,1,51,0,0
48,481817,1,2,1,11,8,18,30,12,6,1,0,48,2,42,401,42401,14,2002,4JGAB54E82A2,4,J,G,A,B,5,4,E,8,2,A,2,0,P,MERZ,ML3,UT,2,17,4786,,0,1110,,G,,F,6,195,,,17R275,,,,,,0,0,000000000,00000000000,0,0,0,1,0,0,0,0,0,0,0,998,0,0,0,3,3,4,3,12,0,0,0,1,48,75074,6,1,0,0,3,3,999,999,0,0,0,0,0,0,0,0,0,0,38,0,0,0,2,3,40,1,1,8,1,0,0,11,15,1,1,1,68,0,1
48,481817,2,2,1,11,8,18,30,12,6,1,0,48,1,19,22,19022,4,2006,1G6KD57Y96U1,1,G,6,K,D,5,7,Y,9,6,U,1,0,P,CADI,TDS,4D,6,17,4009,,0,1156,,G,,F,8,281,,,17R225,,,,,,0,0,000000000,00000000000,0,0,0,1,0,0,0,0,0,0,0,998,0,0,0,12,12,4,3,12,32,0,0,1,48,75074,6,1,0,0,3,3,999,999,0,0,0,0,0,0,0,0,0,0,0,0,0,0,2,3,40,1,1,8,1,0,0,1,62,1,1,1,69,1,0
48,481818,1,2,1,14,8,5,5,12,1,1,0,48,1,22,18,22018,2,2002,1G2NF12E92C2,1,G,2,N,F,1,2,E,9,2,C,2,0,P,PONT,SE1,CP,2,17,3066,,0,1070,,G,,F,6,207,,,15R215,,,,,,0,0,000000000,00000000000,0,0,0,1,0,0,0,0,0,0,0,998,0,0,0,12,12,6,2,12,0,0,0,1,48,76164,0,0,0,0,0,0,999,999,0,0,0,0,0,0,0,0,0,1,91,0,0,0,1,4,30,1,1,8,1,0,0,1,51,1,1,1,24,0,1
48,481818,2,2,1,14,8,5,5,12,1,1,0,48,0,76,705,76705,80,2008,JYARJ16E68A0,J,Y,A,R,J,1,6,E,6,8,A,0,0,M,YAMA,R6L,RC,8,17,,,,,,,599,,4,,4,366,,,,,,,0,0,000000000,00000000000,0,0,0,1,0,0,0,0,0,0,0,998,0,0,0,6,6,6,2,12,0,0,0,1,48,76164,1,1,0,0,2,0,999,999,1,5,0,1,0,5,2010,8,2011,0,0,0,0,0,1,4,30,1,1,8,1,0,0,1,53,1,1,1,25,1,0
48,481819,1,1,1,23,8,8,18,1,0,1,0,48,0,73,706,73706,80,2006,JKBVNKA196A0,J,K,B,V,N,K,A,1,9,6,A,0,0,M,KAWK,V6A,RS,6,17,,,,,,,1552,,2,,4,675,,,,,,,0,0,000000000,00000000000,0,0,0,1,0,0,0,0,0,0,0,998,0,0,0,0,0,9,2,1,0,0,0,1,40,78833,6,1,0,0,3,3,70,180,0,0,0,0,0,0,0,0,0,1,0,0,0,0,1,2,60,1,1,8,1,0,0,1,13,1,1,4,1,1,0
48,481820,1,1,2,27,8,8,45,11,0,1,0,48,1,37,706,37706,80,1982,1HFSC0227CA2,1,H,F,S,C,0,2,2,7,C,A,2,0,M,HOND,G1A,RS,82,17,,,,,,,1085,,4,,4,702,,,,,,,0,0,000000000,00000000000,0,0,0,1,0,0,0,0,0,0,0,998,0,0,0,12,12,9,2,11,0,0,0,1,48,79201,6,1,0,0,2,0,999,999,0,0,0,0,0,0,0,0,0,0,0,0,0,0,1,2,70,1,3,8,1,0,0,1,87,1,1,1,13,1,0
48,481821,1,1,1,28,8,2,35,35,0,1,0,48,1,23,481,23481,31,1993,1GTDC14Z7PZ5,1,G,T,D,C,1,4,Z,7,P,Z,5,0,T,GMC,SC1,PK,93,17,,1,1315,1175,SIE,G,,,6,262,,,,B,00000,00,A,42,0,0,000000000,00000000000,0,0,0,1,0,0,0,0,0,0,0,998,0,1,5,99,9,4,3,1,0,0,0,1,48,76082,6,1,0,0,3,0,999,999,0,0,0,0,0,0,0,0,0,1,87,0,0,0,1,2,35,1,2,8,1,0,0,1,6,7,9,4,2,1,0
48,481822,1,2,2,31,8,19,10,12,2,1,0,48,2,52,37,52037,2,2008,4A3AK24F68E0,4,A,3,A,K,2,4,F,6,8,E,0,0,P,MITS,EGS,2H,8,17,3274,,0,1014,,G,,F,4,145,,,17R225,,,,,,0,0,000000000,00000000000,0,0,0,1,0,0,0,0,0,0,0,998,0,1,5,12,12,6,2,2,0,0,1,1,48,76088,0,0,0,0,0,0,999,999,0,0,0,0,0,0,0,0,0,0,33,0,0,0,1,2,60,1,2,8,1,0,0,6,54,6,1,4,50,2,0
48,481822,2,2,1,31,8,19,10,12,2,1,0,22,3,7,482,7482,31,2011,3D7TP2CT7BG5,3,D,7,T,P,2,C,T,7,B,G,5,0,T,DODG,250,CW,11,17,,2,1690,1490,RPC,G,,,8,348,,,,C,5839,03,K,42,0,0,000000000,00000000000,0,0,0,1,0,0,0,0,0,0,0,998,0,0,0,12,12,6,2,2,0,0,1,1,48,76086,6,1,0,0,3,0,68,165,0,0,0,0,0,0,0,0,0,0,0,0,0,0,1,2,60,1,2,8,1,0,0,1,62,7,1,4,51,1,1
48,481823,1,1,1,2,9,23,18,33,0,1,0,48,1,23,481,23481,31,2008,2GTEK638X812,2,G,T,E,K,6,3,8,X,8,1,2,0,T,GMC,LND,CW,8,17,,2,1670,1530,SIE,G,,,8,378,,,,C,5983,02,W,44,0,0,000000000,00000000000,0,0,0,1,0,0,0,0,0,0,0,998,0,1,3,99,9,6,2,1,0,0,0,1,48,77521,0,0,0,0,0,0,999,999,0,0,0,0,0,0,0,0,0,1,0,0,0,0,4,3,40,2,1,8,1,0,0,14,12,1,1,4,6,1,0
48,481824,1,2,1,3,9,2,18,12,6,1,0,48,1,98,706,98706,80,2004,4MZSX14J1435,4,M,Z,S,X,1,4,J,1,4,3,5,0,U,,,,4,17,,,,,,,,,,,,,,,,,,,0,0,000000000,00000000000,0,0,0,1,0,0,0,0,0,0,0,998,0,0,0,12,12,4,3,12,0,0,0,1,48,79936,6,1,0,0,3,3,999,999,1,0,0,2,0,6,2009,4,2011,1,39,0,0,0,4,3,99,1,8,8,1,3,3,1,17,1,1,1,86,1,1
48,481824,2,2,1,3,9,2,18,12,6,1,0,48,1,13,1,13001,4,1990,1LNCM81F7LY7,1,L,N,C,M,8,1,F,7,L,Y,7,0,P,LINC,TNC,4D,90,17,4028,,0,1174,,G,,F,8,302,,,15R215,,,,,,0,0,000000000,00000000000,0,0,0,1,0,0,0,0,0,0,0,998,0,0,0,5,5,4,3,12,0,0,0,1,48,79936,3,1,0,0,2,0,999,999,0,0,0,0,0,0,0,0,0,0,0,0,0,0,2,4,45,1,1,8,1,3,3,1,66,1,1,1,87,0,1
48,481825,1,2,1,3,9,13,42,12,11,1,0,48,1,49,40,49040,4,2004,4T1BE32K04U8,4,T,1,B,E,3,2,K,0,4,U,8,0,P,TOYT,UXS,4D,4,17,3086,,0,1071,,G,,F,4,144,,,15R205,,,,,,0,0,000000000,00000000000,0,0,0,1,0,0,0,0,0,0,0,998,0,1,1,5,5,4,3,12,0,0,0,1,48,75231,6,1,0,0,3,0,999,999,0,0,0,0,0,0,0,0,0,0,58,0,0,0,2,4,70,2,1,8,1,0,0,14,12,7,2,7,64,0,0
48,481825,2,2,4,3,9,13,42,12,11,1,0,48,1,20,481,20481,31,2007,2GCEC13JX716,2,G,C,E,C,1,3,J,X,7,1,6,0,T,CHEV,1CW,CW,7,17,,2,0,1435,SIL,G,,,8,323,,,,B,5142,00,,42,0,0,000000000,00000000000,0,0,0,1,0,0,0,0,0,0,0,998,0,0,0,13,13,4,3,12,0,0,0,1,48,76111,6,1,0,0,3,0,999,999,0,0,0,1,0,3,2011,3,2011,0,0,0,0,0,2,4,70,2,1,8,1,0,0,14,64,1,1,1,65,1,0
48,481826,1,2,1,3,9,8,17,12,1,1,0,48,1,72,706,72706,80,2007,1HD4CP2177K4,1,H,D,4,C,P,2,1,7,7,K,4,0,M,HD,L8C,RS,7,17,,,,,,,883,,2,,4,565,,,,,,,0,0,000000000,00000000000,0,0,0,1,0,0,0,0,0,0,0,998,0,0,0,12,12,4,3,12,0,0,0,1,48,76543,6,1,0,0,3,0,999,999,1,0,0,0,0,11,2010,11,2010,1,0,0,0,0,3,2,60,1,1,8,1,0,0,1,51,1,1,1,24,1,0
48,481826,2,2,1,3,9,8,17,12,1,1,0,48,1,12,401,12401,14,2002,1FMDU63W52ZC,1,F,M,D,U,6,3,W,5,2,Z,C,0,P,FORD,EPR,UT,2,17,4163,,0,1137,,G,,F,8,281,,,16R235,,,,,,0,0,000000000,00000000000,0,0,0,1,0,0,0,0,0,0,0,998,0,0,0,6,6,4,3,12,0,0,0,1,48,76008,6,1,6,0,3,3,999,999,1,0,0,0,1,6,2009,5,2011,0,0,0,0,0,3,2,60,1,1,8,1,0,0,1,53,1,1,1,25,0,0
48,481827,1,2,1,4,9,1,5,12,2,1,0,48,2,20,37,20037,4,2006,1G1ZT51F76F1,1,G,1,Z,T,5,1,F,7,6,F,1,0,P,CHEV,MLT,4D,6,17,3316,,0,1063,,G,,F,4,134,,,16R215,,,,,,0,0,000000000,00000000000,0,0,0,1,0,0,0,0,0,0,0,998,0,0,0,12,12,4,3,8,0,0,0,1,48,78413,6,1,0,0,3,0,999,999,0,0,0,0,0,0,0,0,0,0,84,0,0,0,3,3,60,1,2,8,1,0,0,1,50,7,1,1,98,0,0
48,481827,2,2,1,4,9,1,5,12,2,1,0,48,6,49,40,49040,4,1998,JT2BG22K3W01,J,T,2,B,G,2,2,K,3,W,0,1,0,P,TOYT,CXL,4D,98,17,3120,,0,1051,,G,,F,4,132,,,14R195,,,,,,0,0,000000000,00000000000,0,0,0,1,0,0,0,0,0,0,0,998,0,0,0,12,12,4,3,12,0,0,0,0,0,99997,7,6,97,7,6,7,998,997,998,998,998,998,998,98,9998,98,9998,8,54,0,0,0,3,3,60,1,2,8,1,0,0,0,54,0,0,0,98,1,0
48,481828,1,1,1,5,9,18,0,59,0,1,0,48,2,6,52,6052,6,2004,3C4FY48B34T3,3,C,4,F,Y,4,8,B,3,4,T,3,0,P,CHRY,PTC,SV,4,17,3026,,0,1030,,G,,F,4,148,,,15R195,,,,,,0,0,000000000,00000000000,0,0,0,1,0,0,0,0,0,0,0,998,0,1,5,9,9,6,2,1,0,0,0,1,48,77044,6,1,0,0,3,0,999,999,0,0,0,0,1,3,2011,3,2011,0,99,99,99,99,1,2,45,1,1,8,1,0,0,1,12,1,3,4,7,1,0
48,481829,1,1,1,6,9,17,33,1,0,1,0,48,1,20,421,20421,15,2004,1GNEK13Z34R2,1,G,N,E,K,1,3,Z,3,4,R,2,0,P,CHEV,KTA,UT,4,17,5050,,0,1160,,F,,F,8,325,,,16R265,,,,,,0,0,000000000,00000000000,0,0,0,1,0,0,0,0,0,0,0,998,0,2,5,0,9,6,2,1,0,0,0,1,48,79316,6,1,0,0,3,3,999,999,0,0,0,0,0,0,0,0,0,1,58,0,0,0,1,2,70,3,1,8,1,0,0,14,6,6,3,4,2,1,1
48,481830,1,1,1,8,9,10,25,8,0,1,0,48,3,84,881,84881,66,2012,1HSDJSJR1CJ6,1,H,S,D,J,S,J,R,1,C,J,6,1,T,INTL,PRO,TR,12,17,,8,0,0,PRO,D,,,6,793,,,,,00000,00,,64,1,57,336890,57336890,3,6,2,1,0,0,0,0,0,0,0,998,0,0,0,3,3,0,1,8,0,0,0,1,48,76131,6,1,6,1,3,3,999,999,0,0,0,1,0,3,2009,3,2009,0,0,0,0,0,2,6,35,1,1,8,1,0,0,4,80,1,1,1,13,0,0
48,481831,1,2,1,10,9,21,15,12,1,1,0,48,1,20,481,20481,31,2004,1GCEC19T54Z3,1,G,C,E,C,1,9,T,5,4,Z,3,0,T,CHEV,SC1,4C,4,17,,2,1575,1435,SIL,G,,,8,325,,,,B,4555,00,,42,0,0,000000000,00000000000,0,0,0,1,0,0,0,0,0,0,0,998,0,0,0,12,12,4,3,12,0,0,0,1,48,77536,6,1,0,0,3,0,999,999,0,0,0,0,1,4,2010,4,2010,1,0,0,0,0,2,2,65,2,1,8,1,0,0,14,51,1,1,1,24,0,0
48,481831,2,2,3,10,9,21,15,12,1,1,0,48,1,22,22,22022,4,2009,1G2ZH57N7941,1,G,2,Z,H,5,7,N,7,9,4,1,0,P,PONT,GGT,4D,9,17,3457,,0,1123,,G,,F,6,214,,,17R225,,,,,,0,0,000000000,00000000000,0,0,0,1,0,0,0,0,0,0,0,998,0,1,3,6,6,6,2,12,0,0,0,1,48,77566,6,1,0,0,3,3,71,205,0,0,0,0,0,0,0,0,0,0,0,0,0,0,2,2,65,2,1,8,1,0,0,14,53,1,1,1,25,1,0
48,481832,1,2,1,12,9,4,56,12,6,1,1,48,3,84,881,84881,63,2007,1HTXHAHT27J4,1,H,T,X,H,A,H,T,2,7,J,4,0,T,INTL,56I,CC,7,17,,8,0,0,560,D,,,6,661,,,,,00000,00,,64,0,57,1990202,571990202,3,2,5,1,0,0,0,0,0,0,0,998,0,0,0,12,12,2,1,12,0,0,0,1,48,77539,6,1,6,0,3,3,999,999,0,0,0,0,0,0,0,0,0,0,38,0,0,0,1,2,40,1,1,8,1,3,3,11,15,1,1,1,68,0,0
48,481832,2,2,1,12,9,4,56,12,6,1,0,48,1,76,706,76706,80,2000,JYAVP02EXYA0,J,Y,A,V,P,0,2,E,X,Y,A,0,0,M,YAMA,XAL,RS,0,17,,,,,,,1602,,2,,4,710,,,,,,,0,0,000000000,00000000000,0,0,0,1,0,0,0,0,0,0,0,998,0,0,0,99,99,9,2,12,0,0,0,1,48,77510,6,1,0,0,3,0,999,999,1,0,0,0,0,5,2010,5,2010,0,0,0,0,0,1,2,40,1,1,8,1,3,3,1,62,98,2,1,69,1,0
48,481834,1,2,1,13,9,12,10,12,11,1,0,48,2,82,881,82881,66,2001,1FUPCSZB91PF,1,F,U,P,C,S,Z,B,9,1,P,F,1,T,FRHT,FLD,TR,1,17,,8,0,0,CON,D,,,6,774,,,,,00000,00,,64,1,57,1940544,571940544,3,6,4,1,0,0,0,0,0,0,0,998,0,1,1,10,0,4,3,1,0,0,0,1,48,78542,6,1,6,0,3,0,999,999,0,0,0,0,4,2,2009,3,2011,0,0,0,0,0,1,2,60,1,1,8,1,0,0,1,62,1,1,1,66,0,0
48,481834,2,2,2,13,9,12,10,12,11,1,0,48,2,20,431,20431,16,2001,3GNEC16T51G2,3,G,N,E,C,1,6,T,5,1,G,2,0,P,CHEV,C15,UT,1,17,4914,,0,1300,,G,,F,8,325,,,16R245,,,,,,0,0,000000000,00000000000,0,0,0,1,0,0,0,0,0,0,0,94,0,0,0,2,5,4,3,12,0,0,0,1,48,78516,6,1,0,0,3,0,999,999,1,0,0,0,0,3,2010,3,2010,1,35,0,0,0,1,2,60,1,1,8,1,0,0,6,54,7,4,6,66,1,0
48,481835,1,1,2,16,9,13,20,7,0,1,0,48,1,12,481,12481,31,2002,1FTRF17W12KB,1,F,T,R,F,1,7,W,1,2,K,B,0,T,FORD,F15,PK,2,17,,2,1385,1199,COF,G,,,8,281,,,,B,3990,03,U,42,0,0,000000000,00000000000,0,0,0,1,0,0,0,0,0,0,0,998,0,1,1,0,0,9,2,1,0,0,0,1,48,77521,6,1,0,0,3,0,999,999,2,0,0,0,1,4,2009,2,2010,0,0,0,0,0,3,4,65,1,1,8,1,0,0,1,98,1,1,1,0,1,0
48,481836,1,1,1,17,9,19,46,8,0,1,0,48,1,52,402,52402,14,2008,4A4MM21S08E0,4,A,4,M,M,2,1,S,0,8,E,0,0,P,MITS,END,UT,8,17,3902,,0,1083,,G,,F,6,234,,,17R235,,,,,,0,0,000000000,00000000000,0,0,0,1,0,0,0,0,0,0,0,998,0,0,0,12,12,4,3,8,0,0,0,1,48,79904,6,1,0,0,3,3,999,999,1,0,0,1,0,2,2010,3,2010,0,0,0,0,0,2,2,40,1,1,8,1,0,0,1,80,1,1,1,13,0,0
48,481837,1,2,1,17,9,1,10,12,1,1,0,48,2,73,705,73705,80,1996,JKAZX4E10TB5,J,K,A,Z,X,4,E,1,0,T,B,5,0,M,KAWK,ZXE,RC,96,17,,,,,,,600,,4,,4,431,,,,,,,0,0,000000000,00000000000,0,0,0,1,0,0,0,0,0,0,0,998,0,0,0,12,12,9,2,12,0,0,0,1,48,77626,6,1,6,0,3,0,999,999,0,0,0,0,0,0,0,0,0,1,0,0,0,0,1,2,70,1,1,8,1,0,0,1,51,1,1,1,24,1,1
48,481837,2,2,1,17,9,1,10,12,1,1,0,48,2,37,32,37032,4,1997,1HGCE6645VA0,1,H,G,C,E,6,6,4,5,V,A,0,0,P,HOND,ULX,4D,97,17,3118,,0,1069,,G,,F,6,163,,,15R205,,,,,,0,0,000000000,00000000000,0,0,0,1,0,0,0,0,0,0,0,998,0,0,0,6,6,4,3,12,0,0,0,1,48,77632,0,0,0,0,0,0,999,999,0,0,0,0,0,0,0,0,0,0,92,0,0,0,1,2,70,1,1,8,1,0,0,1,53,1,1,1,25,0,0
48,481838,1,1,1,18,9,3,30,8,0,1,1,48,9,99,999,99999,99,9999,999999999999,9,9,9,9,9,9,9,9,9,9,9,9,0,,,,,,,,,,,,,,,,,,,,,,,,,0,0,000000000,00000000000,0,0,0,1,0,0,0,0,0,0,0,998,0,0,0,2,2,2,1,8,0,0,0,1,99,99999,9,9,99,9,9,9,999,999,99,99,99,99,99,99,9999,99,9999,0,91,0,0,0,4,3,45,1,1,8,1,0,0,1,80,1,1,1,13,0,0
48,481839,1,2,3,18,9,14,47,12,2,1,0,48,2,7,27,7027,6,2010,3D4PG4FB4AT2,3,D,4,P,G,4,F,B,4,A,T,2,0,P,DODG,JOU,UT,10,17,3796,,0,1138,,G,,F,4,146,,,16R225,,,,,,0,0,000000000,00000000000,0,0,0,1,0,0,0,0,0,0,0,998,0,0,0,12,12,4,3,12,0,0,0,1,48,75644,6,1,0,0,3,0,999,999,0,0,0,0,0,0,0,0,0,0,0,0,0,0,1,2,40,1,1,8,1,0,0,1,62,1,1,1,51,1,0
48,481839,2,2,6,18,9,14,47,12,2,1,0,48,1,12,422,12422,15,2000,1FMRU1562YLC,1,F,M,R,U,1,5,6,2,Y,L,C,0,P,FORD,EPT,UT,0,17,4886,,0,1191,,G,,F,8,281,,,16R255,,,,,,0,0,000000000,00000000000,0,0,0,1,0,0,0,0,0,0,0,998,0,0,0,12,12,6,2,12,0,0,0,1,48,75604,6,1,0,0,3,0,999,999,1,3,0,2,0,6,2009,8,2011,1,51,0,0,0,1,2,40,1,1,8,1,0,0,1,50,6,2,2,50,0,0