STATE,ST_CASE,VEH_NO,VE_FORMS,NUMOCCS,DAY,MONTH,HOUR,MINUTE,HARM_EV,MAN_COLL,UNITTYPE,HIT_RUN,REG_STAT,OWNER,MAKE,MODEL,MAK_MOD,BODY_TYP,MOD_YEAR,VIN,VIN_1,VIN_2,VIN_3,VIN_4,VIN_5,VIN_6,VIN_7,VIN_8,VIN_9,VIN_10,VIN_11,VIN_12,TOW_VEH,VINTYPE,VINMAKE,VINA_MOD,VIN_BT,VINMODYR,VIN_LNGT,VIN_WGT,WGTCD_TR,WHLBS_LG,WHLBS_SH,SER_TR,FUELCODE,MCYCL_DS,CARBUR,CYLINDER,DISPLACE,MCYCL_CY,MCYCL_WT,TIRE_SZE,TON_RAT,TRK_WT,TRKWTVAR,VIN_REST,WHLDRWHL,J_KNIFE,MCARR_I1,MCARR_I2,MCARR_ID,GVWR,V_CONFIG,CARGO_BT,HAZ_INV,HAZ_PLAC,HAZ_ID,HAZ_CNO,HAZ_REL,BUS_USE,SPEC_USE,EMER_USE,TRAV_SP,UNDERIDE,ROLLOVER,ROLINLOC,IMPACT1,IMPACT2,DEFORMED,TOWED,M_HARM,VEH_SC1,VEH_SC2,FIRE_EXP,DR_PRES,L_STATE,DR_ZIP,L_STATUS,L_TYPE,CDL_STAT,L_ENDORS,L_COMPL,L_RESTRI,DR_HGT,DR_WGT,PREV_ACC,PREV_SUS,PREV_DWI,PREV_SPD,PREV_OTH,FIRST_MO,FIRST_YR,LAST_MO,LAST_YR,SPEEDREL,DR_SF1,DR_SF2,DR_SF3,DR_SF4,VTRAFWAY,VNUM_LAN,VSPD_LIM,VALIGN,VPROFILE,VPAVETYP,VSURCOND,VTRAFCON,VTCONT_F,P_CRASH1,P_CRASH2,P_CRASH3,PCRASH4,PCRASH5,ACC_TYPE,DEATHS,DR_DRINK
48,481840,1,2,1,18,9,1,52,12,1,1,0,40,2,73,709,73709,80,2007,JKAZX4P137A0,J,K,A,Z,X,4,P,1,3,7,A,0,0,M,KAWK,ZXP,RC,7,17,,,,,,,599,,4,,4,368,,,,,,,0,0,000000000,00000000000,0,0,0,1,0,0,0,0,0,0,0,998,0,0,0,12,12,6,2,12,0,0,0,1,48,76310,6,1,0,0,2,0,999,999,1,2,0,4,1,1,2009,7,2011,1,0,0,0,0,1,2,35,1,1,8,1,0,0,1,51,3,2,1,24,1,0
48,481840,2,2,2,18,9,1,52,12,1,1,0,48,1,18,2,18002,4,2003,1G4HP52K5341,1,G,4,H,P,5,2,K,5,3,4,1,0,P,BUIC,LCF,4D,3,17,3567,,0,1122,,G,,F,6,231,,,15R215,,,,,,0,0,000000000,00000000000,0,0,0,1,0,0,0,0,0,0,0,998,0,0,0,6,6,4,3,12,0,0,0,1,48,76310,1,1,0,0,2,0,999,999,0,0,0,0,0,0,0,0,0,0,0,0,0,0,1,2,35,1,1,8,1,0,0,1,53,1,1,1,25,0,0
48,481841,1,2,1,19,9,7,4,12,6,1,0,48,3,12,881,12881,63,2007,3FRWF65X97V4,3,F,R,W,F,6,5,X,9,7,V,4,1,T,FORD,F66,CC,7,17,,6,2600,1460,COF,D,,,6,439,,,,D,00000,00,A,42,1,77,777777777,77777777777,3,4,3,1,0,0,0,0,0,0,0,998,0,0,0,11,11,6,2,12,0,0,0,1,48,78415,6,1,6,0,3,0,999,999,0,0,0,0,0,0,0,0,0,0,0,0,0,0,1,2,70,1,1,8,1,0,0,1,62,7,1,1,65,0,0
48,481841,2,2,2,19,9,7,4,12,6,1,0,48,3,12,16,12016,4,2001,2FAFP73W01X1,2,F,A,F,P,7,3,W,0,1,X,1,0,P,FORD,CVI,4D,1,17,3913,,0,1147,,G,,F,8,281,,,16R225,,,,,,0,0,000000000,00000000000,0,0,0,1,0,0,0,0,0,0,0,998,0,0,0,12,12,6,2,12,0,0,0,1,48,78357,6,1,0,0,3,3,999,999,2,0,0,0,0,11,2010,3,2011,0,28,0,0,0,1,2,70,1,1,8,1,0,0,1,10,1,1,2,64,2,0
48,481842,1,2,3,21,9,14,25,12,1,1,0,48,2,18,401,18401,14,2005,3G5DA03E15S5,3,G,5,D,A,0,3,E,1,5,S,5,0,P,BUIC,RZV,UT,5,17,4096,,0,1122,,G,,F,6,207,,,16R215,,,,,,0,0,000000000,00000000000,0,0,0,1,0,0,0,0,0,0,0,998,0,0,0,12,12,6,2,12,0,0,0,1,48,77515,0,0,0,0,0,0,999,999,0,1,0,0,0,4,2009,4,2009,1,0,0,0,0,2,3,50,1,2,8,1,0,0,15,51,1,1,2,24,1,0
48,481842,2,2,1,21,9,14,25,12,1,1,0,48,3,94,981,94981,50,2007,1T88S3E26712,1,T,8,8,S,3,E,2,6,7,1,2,0,T,THMS,,,7,17,,,,,,,,,,,,,,,,,,,0,88,888888888,88888888888,3,21,22,1,0,0,0,0,1,0,0,998,0,0,0,6,6,4,3,12,0,0,0,1,48,77083,6,1,6,1,3,3,999,999,1,0,0,0,0,6,2011,6,2011,0,0,0,0,0,2,3,50,1,2,8,1,0,0,1,61,1,1,1,25,0,0
48,481843,1,1,3,21,9,20,50,1,0,1,0,48,2,12,481,12481,31,2001,1FTNX20L71EC,1,F,T,N,X,2,0,L,7,1,E,C,0,T,FORD,F2S,4C,1,17,,2,1580,1418,SRW,G,,,8,330,,,,C,5189,07,U,42,0,0,000000000,00000000000,0,0,0,1,0,0,0,0,0,0,0,998,0,9,1,0,0,6,2,1,0,0,0,1,48,75189,6,2,0,0,3,2,999,999,0,0,0,0,0,0,0,0,0,1,73,58,83,0,1,2,30,1,1,4,1,0,0,1,12,7,3,6,98,1,0
48,481844,1,1,1,22,9,19,40,20,0,1,0,48,2,21,21,21021,2,1994,1G3NL1534RM0,1,G,3,N,L,1,5,3,4,R,M,0,0,P,OLDS,ACS,CP,94,17,2726,,0,1034,,G,,F,4,140,,,14R185,,,,,,0,0,000000000,00000000000,0,0,0,1,0,0,0,0,0,0,0,998,0,1,1,12,12,6,2,20,0,0,0,1,48,78852,6,1,0,0,3,0,999,999,0,0,0,0,0,0,0,0,0,0,27,0,0,0,3,4,60,1,1,8,1,0,0,15,13,1,1,4,1,1,0
48,481845,1,1,1,22,9,19,40,24,0,1,0,48,0,37,705,37705,80,2000,JH2PC3506YM1,J,H,2,P,C,3,5,0,6,Y,M,1,0,M,HOND,CF4,RC,0,17,,,,,,,599,,4,,4,374,,,,,,,0,0,000000000,00000000000,0,0,0,1,0,0,0,0,0,0,0,998,0,0,0,81,81,6,2,58,0,0,0,1,48,75050,6,1,0,0,2,0,999,999,0,0,0,0,0,0,0,0,0,1,37,0,0,0,6,1,60,3,2,8,1,0,0,14,6,99,9,4,2,1,0
48,481846,1,2,1,22,9,16,3,12,6,1,0,48,2,20,2,20002,4,2004,2G1WF52E6492,2,G,1,W,F,5,2,E,6,4,9,2,0,P,CHEV,IMP,4D,4,17,3389,,0,1105,,G,,F,6,207,,,16R225,,,,,,0,0,000000000,00000000000,0,0,0,1,0,0,0,0,0,0,0,998,0,0,0,10,10,6,2,12,0,0,0,1,48,79412,6,1,0,0,3,3,999,999,0,0,0,0,0,0,0,0,0,0,38,0,0,0,1,2,35,1,1,8,1,20,3,4,17,1,1,1,89,0,0
48,481846,2,2,2,22,9,16,3,12,6,1,0,48,2,12,13,12013,4,1998,1FAFP10P2WW1,1,F,A,F,P,1,0,P,2,W,W,1,0,P,FORD,LXE,4D,98,17,2457,,0,984,,G,,F,4,122,,,14R185,,,,,,0,0,000000000,00000000000,0,0,0,1,0,0,0,0,0,0,0,998,0,0,0,12,12,6,2,12,0,0,0,1,48,79364,6,1,0,0,3,3,999,999,1,0,0,0,0,5,2010,5,2010,0,0,0,0,0,1,2,98,1,8,8,98,0,0,1,66,1,1,1,88,1,0
48,481847,1,2,2,22,9,13,45,12,6,1,0,48,2,22,18,22018,4,1990,1G2NE54DXLC3,1,G,2,N,E,5,4,D,X,L,C,3,0,P,PONT,GAL,4D,90,17,2508,,0,1034,,G,,F,4,138,,,14R185,,,,,,0,0,000000000,00000000000,0,0,0,1,0,0,0,0,0,0,0,998,0,0,0,3,3,6,2,12,0,0,0,1,48,76020,0,0,0,0,0,0,999,999,0,0,0,0,0,0,0,0,0,0,48,0,0,0,5,4,50,1,1,8,2,0,0,11,15,1,1,1,68,1,0
48,481847,2,2,1,22,9,13,45,12,6,1,0,48,2,12,481,12481,31,1999,1FTNW20F4XEA,1,F,T,N,W,2,0,F,4,X,E,A,0,T,FORD,F2S,CW,99,17,,2,1724,1562,SRW,D,,,8,444,,,,C,5490,01,E,42,0,0,000000000,00000000000,0,0,0,1,0,0,0,0,0,0,0,998,0,0,0,12,12,6,2,12,0,0,0,1,48,76052,6,1,0,0,3,0,999,999,0,0,0,0,0,0,0,0,0,0,0,0,0,0,5,4,50,1,1,8,2,0,0,1,62,9,2,1,69,0,0
48,481848,1,2,2,22,9,7,50,12,1,1,0,48,2,20,481,20481,31,1996,1GCEC19R8TE2,1,G,C,E,C,1,9,R,8,T,E,2,0,T,CHEV,GC1,PC,96,17,,2,1555,1415,GM4,G,,,8,350,,,,B,4068,02,,42,0,0,000000000,00000000000,0,0,0,1,0,0,0,0,0,0,0,998,0,0,0,12,12,6,2,12,0,0,0,1,48,77660,6,1,0,0,3,3,999,999,0,0,0,0,0,0,0,0,0,1,0,0,0,0,1,2,55,1,1,8,1,40,3,1,50,1,1,1,20,1,0
48,481848,2,2,2,22,9,7,50,12,1,1,0,48,3,7,881,7881,61,2001,3B6MC36731M5,3,B,6,M,C,3,6,7,3,1,M,5,0,T,DODG,350,CB,1,17,,3,1627,1387,RPC,D,,,6,359,,,,D,5070,01,U,42,0,57,2130327,572130327,2,1,96,1,0,0,0,0,0,0,0,0,0,0,0,6,6,4,3,12,0,0,0,1,48,76031,6,1,6,0,3,0,999,999,0,0,0,0,0,0,0,0,0,0,0,0,0,0,1,2,55,1,1,8,1,40,3,5,53,1,1,1,23,0,0
48,481849,1,1,1,23,9,5,50,1,0,1,0,48,1,7,482,7482,31,2004,3D7KA28D14G2,3,D,7,K,A,2,8,D,1,4,G,2,0,T,DODG,SQ2,CW,4,17,,2,1605,1405,RPC,G,,,8,345,,,,C,5040,13,E,42,0,0,000000000,00000000000,0,0,0,1,0,0,0,0,0,0,0,998,0,9,5,0,0,4,3,1,0,0,0,1,48,75791,6,1,0,0,3,0,73,165,0,1,0,1,0,12,2009,3,2011,0,28,58,0,0,4,2,45,1,3,8,1,0,0,1,13,6,4,4,7,1,1
48,481850,1,1,2,25,9,4,15,8,0,1,0,48,1,20,22,20022,4,2005,1G1AK12F8576,1,G,1,A,K,1,2,F,8,5,7,6,0,P,CHEV,CBT,CP,5,17,2991,,0,1033,,G,,F,4,134,,,15R195,,,,,,0,0,000000000,00000000000,0,0,0,1,0,0,0,0,0,0,0,998,0,0,0,1,1,2,1,8,0,0,0,1,48,75050,6,1,6,0,3,3,999,999,1,0,0,2,0,12,2008,7,2009,0,0,0,0,0,6,1,60,1,1,8,1,0,0,16,80,1,1,1,13,0,0
48,481851,1,2,2,25,9,20,52,12,1,1,0,48,2,37,31,37031,4,2008,1HGFA165X8L0,1,H,G,F,A,1,6,5,X,8,L,0,0,P,HOND,UCL,4D,8,17,2751,,0,1063,,G,,F,4,110,,,16R205,,,,,,0,0,000000000,00000000000,0,0,0,1,0,0,0,0,0,0,0,998,0,0,0,6,6,4,3,12,0,0,0,1,48,75086,6,1,0,0,3,3,999,999,0,0,0,0,0,0,0,0,0,0,0,0,0,0,3,3,55,1,1,8,1,3,3,12,53,1,1,1,98,0,0
48,481851,2,2,1,25,9,20,52,12,1,1,0,48,2,72,706,72706,80,2008,1HD4CP21X8K4,1,H,D,4,C,P,2,1,X,8,K,4,0,M,HD,L8C,RS,8,17,,,,,,,883,,2,,4,591,,,,,,,0,0,000000000,00000000000,0,0,0,1,0,0,0,0,0,0,0,998,0,0,0,12,12,9,2,12,0,0,0,1,48,75048,6,1,0,0,2,3,999,999,1,0,0,0,1,8,2009,10,2009,1,0,0,0,0,3,3,55,1,1,8,1,3,3,1,51,1,1,1,98,1,1
48,481852,1,1,1,29,9,17,5,8,0,1,1,48,2,20,421,20421,15,2005,1GNEC13T95R2,1,G,N,E,C,1,3,T,9,5,R,2,0,P,CHEV,CTA,UT,5,17,4975,,0,1160,,G,,F,8,325,,,16R265,,,,,,0,0,000000000,00000000000,0,0,0,1,0,0,0,0,0,0,0,41,0,0,0,12,12,2,1,8,0,0,0,1,48,77379,6,1,0,0,3,0,999,999,0,4,1,0,0,10,2009,2,2011,0,0,0,0,0,3,8,65,1,1,8,2,0,0,1,81,1,1,4,13,0,0
48,481853,1,1,1,25,9,2,25,1,0,1,0,48,2,35,473,35473,31,2005,1N6BA06A55N5,1,N,6,B,A,0,6,A,5,5,N,5,0,T,NISS,TXS,PC,5,17,,2,0,1398,TTN,F,,,8,342,,,,C,4828,02,E,42,0,0,000000000,00000000000,0,0,0,1,0,0,0,0,0,0,0,998,0,2,5,0,12,6,2,2,0,0,1,1,48,77346,6,1,0,0,3,0,999,999,0,1,0,0,1,2,2009,5,2010,1,0,0,0,0,1,2,60,3,2,8,1,0,0,14,13,6,9,4,7,1,1
48,481854,1,1,1,26,9,16,12,32,0,1,0,95,9,87,881,87881,66,2008,1XPXD49X48N7,1,X,P,X,D,4,9,X,4,8,N,7,1,T,PTRB,389,TR,8,17,,8,0,0,CON,D,,,6,915,,,,,00000,00,,64,1,57,00890462,5700890462,3,6,3,1,0,0,0,0,0,0,0,998,0,0,0,12,12,6,2,32,0,0,0,1,95,0,9,9,99,9,9,9,999,999,99,99,99,99,99,99,9999,99,9999,0,0,0,0,0,3,3,60,1,1,8,1,0,0,1,13,1,1,4,1,1,0
48,481855,1,1,1,24,9,1,29,1,0,1,0,48,2,20,481,20481,31,2004,1GCEC14V34E1,1,G,C,E,C,1,4,V,3,4,E,1,0,T,CHEV,SC1,PK,4,17,,2,1330,1190,SIL,G,,,8,293,,,,B,4142,00,,42,0,0,000000000,00000000000,0,0,0,1,0,0,0,0,0,0,0,998,0,2,5,0,98,6,2,1,0,0,0,1,48,77437,6,1,0,0,3,3,999,999,0,0,0,0,0,0,0,0,0,0,58,51,0,0,1,2,70,1,1,8,1,0,0,1,13,6,9,4,7,1,0
48,481856,1,2,1,24,9,7,15,12,2,1,0,48,1,12,481,12481,31,2007,1FTPW14V77KC,1,F,T,P,W,1,4,V,7,7,K,C,0,T,FORD,F1S,CW,7,17,,2,0,1390,COF,F,,,8,329,,,,B,5476,01,E,44,0,0,000000000,00000000000,0,0,0,1,0,0,0,0,0,0,0,998,0,0,0,12,12,6,2,12,0,0,1,1,48,77575,6,1,0,0,3,0,999,999,0,1,0,0,0,12,2010,12,2010,0,51,0,0,0,1,2,65,1,1,8,1,0,0,1,10,1,1,2,50,1,1
48,481856,2,2,1,24,9,7,15,12,2,1,0,48,3,85,881,85881,63,2008,1NKDL00X28J2,1,N,K,D,L,0,0,X,2,8,J,2,0,T,KW,T80,CC,8,17,,8,2600,1600,CON,D,,,6,659,,,,,00000,00,,64,0,57,816566,57816566,3,2,5,1,0,0,0,0,0,0,0,998,0,0,0,12,12,6,2,12,0,0,0,1,48,77708,6,1,6,0,3,3,999,999,1,0,0,1,0,5,2011,5,2011,0,0,0,0,0,1,2,65,1,1,8,1,0,0,1,62,1,1,1,51,0,0
48,481857,1,1,1,27,9,21,24,33,0,1,0,22,1,53,706,53706,80,2005,JS1GW71AX521,J,S,1,G,W,7,1,A,X,5,2,1,0,M,SUZI,G13,RC,5,17,,,,,,,1298,,4,,4,478,,,,,,,0,0,000000000,00000000000,0,0,0,1,0,0,0,0,0,0,0,998,0,0,0,12,12,9,2,33,0,0,0,1,48,77706,6,1,0,0,3,0,999,999,0,0,0,2,0,11,2009,2,2010,1,24,0,0,0,4,2,55,1,3,8,1,0,0,1,12,1,1,4,6,1,0
48,481858,1,1,1,27,9,15,14,10,0,1,0,48,2,12,3,12003,2,2007,1ZVHT88S3753,1,Z,V,H,T,8,8,S,3,7,5,3,0,P,FORD,SGT,CP,7,17,3920,,0,1071,,G,,Z,8,329,,,18R255,,,,,,0,0,000000000,00000000000,0,0,0,1,0,0,0,0,0,0,0,0,0,0,0,9,9,6,2,10,0,0,0,1,48,79603,6,1,0,0,3,3,999,999,0,0,0,3,1,6,2009,6,2011,0,39,0,0,0,1,4,35,1,2,8,1,65,3,5,91,1,1,1,15,1,0
48,481859,1,4,2,30,9,15,11,12,6,1,0,48,1,63,402,63402,14,2005,KNDJD7332553,K,N,D,J,D,7,3,3,2,5,5,3,0,P,KIA,SOR,UT,5,17,4112,,0,1067,,G,,F,6,213,,,16R245,,,,,,0,0,000000000,00000000000,0,0,0,1,0,0,0,0,0,0,0,998,0,0,0,83,83,2,3,12,0,0,0,1,48,75025,6,1,0,0,3,0,999,999,0,0,0,0,0,0,0,0,0,0,47,38,0,0,6,1,98,8,8,8,1,0,0,10,98,1,1,1,98,0,0
48,481859,2,4,1,30,9,15,11,12,6,1,0,48,2,53,706,53706,80,2007,JS1GT77A5721,J,S,1,G,T,7,7,A,5,7,2,1,0,M,SUZI,XR1,RC,7,17,,,,,,,999,,4,,4,379,,,,,,,0,0,000000000,00000000000,0,0,0,1,0,0,0,0,0,0,0,998,0,0,0,98,98,9,2,12,0,0,0,1,48,75081,0,0,0,0,0,0,999,999,0,0,0,0,0,0,0,0,0,1,0,0,0,0,4,2,45,1,1,8,1,0,0,1,74,4,2,1,98,1,0
48,481859,3,4,1,30,9,15,11,12,6,1,0,48,1,55,35,55035,4,2008,KMHDU46D58U3,K,M,H,D,U,4,6,D,5,8,U,3,0,P,HYUN,GST,4D,8,17,2723,,0,1043,,G,,F,4,121,,,15R195,,,,,,0,0,000000000,00000000000,0,0,0,1,0,0,0,0,0,0,0,998,0,0,0,82,82,2,1,54,0,0,0,1,48,75074,6,1,0,0,3,3,999,999,0,0,0,0,0,0,0,0,0,0,0,0,0,0,4,2,45,1,1,8,1,0,0,1,98,1,1,1,98,0,0
48,481859,4,4,5,30,9,15,11,12,6,1,0,48,2,41,51,41051,4,2008,JM1BK12F4817,J,M,1,B,K,1,2,F,4,8,1,7,0,P,MAZD,M3I,4D,8,17,2780,,0,1039,,G,,F,4,122,,,15R195,,,,,,0,0,000000000,00000000000,0,0,0,1,0,0,0,0,0,0,0,998,0,0,0,62,62,2,1,54,0,0,0,1,48,75075,6,1,0,0,3,3,999,999,1,0,0,0,0,12,2008,12,2008,0,0,0,0,0,6,1,98,8,8,8,1,0,0,1,98,1,1,1,98,0,0
48,481860,1,2,1,30,9,22,26,12,2,1,0,48,1,7,20,7020,4,2000,1B3ES46C5YD5,1,B,3,E,S,4,6,C,5,Y,D,5,0,P,DODG,NSE,4D,0,17,2515,,0,1050,,G,,F,4,122,,,14R185,,,,,,0,0,000000000,00000000000,0,0,0,1,0,0,0,0,0,0,0,998,0,0,0,12,12,4,3,12,0,0,0,1,48,77532,3,1,0,0,2,3,999,999,0,3,0,0,0,7,2009,6,2010,0,51,91,0,0,5,2,50,1,1,8,1,0,0,1,54,1,1,1,52,0,1
48,481860,2,2,1,30,9,22,26,12,2,1,0,48,1,72,706,72706,80,2005,1HD1BWB185Y1,1,H,D,1,B,W,B,1,8,5,Y,1,0,M,HD,FSI,RS,5,17,,,,,,,1450,,2,,4,696,,,,,,,0,0,000000000,00000000000,0,0,0,1,0,0,0,0,0,0,0,998,0,0,0,12,12,9,2,12,0,0,0,1,48,77336,6,1,0,0,3,3,999,999,0,0,0,0,0,0,0,0,0,0,0,0,0,0,5,2,50,1,1,8,1,0,0,1,54,1,1,1,52,1,1
48,481861,1,1,1,15,5,0,37,8,0,1,0,48,1,49,40,49040,4,1997,4T1BG22K8VU1,4,T,1,B,G,2,2,K,8,V,U,1,0,P,TOYT,UEX,4D,97,17,2976,,0,1051,,G,,F,4,132,,,14R195,,,,,,0,0,000000000,00000000000,0,0,0,1,0,0,0,0,0,0,0,998,0,0,0,12,12,2,3,8,0,0,0,1,48,76105,1,1,0,0,2,0,999,999,0,3,0,0,0,2,2009,3,2011,0,91,0,0,0,2,3,45,1,1,8,1,0,0,1,80,1,1,1,13,0,1
48,481863,1,1,2,30,7,2,48,38,0,1,0,48,1,12,17,12017,4,2000,1FAFP5525YA2,1,F,A,F,P,5,5,2,5,Y,A,2,0,P,FORD,TSS,4D,0,17,3333,,0,1085,,F,,F,6,182,,,16R215,,,,,,0,0,000000000,00000000000,0,0,0,1,0,0,0,0,0,0,0,998,0,0,0,12,12,6,2,42,0,0,0,1,48,79762,6,1,0,0,3,0,999,999,1,5,0,0,1,8,2008,10,2009,1,23,37,0,0,1,2,35,3,1,8,1,0,0,14,13,1,1,4,1,1,1
48,481864,1,2,1,1,8,2,15,12,1,1,0,51,1,85,881,85881,66,1999,1XKWDB9X1XJ8,1,X,K,W,D,B,9,X,1,X,J,8,1,T,KW,W90,TR,99,17,,8,2850,1600,CON,D,,,6,893,,,,,00000,00,,64,1,57,32658,5732658,3,6,1,1,0,0,0,0,0,0,0,998,0,0,0,6,6,4,1,12,0,0,0,1,51,20148,6,1,6,0,3,0,71,220,0,0,0,0,1,12,2008,12,2008,0,0,0,0,0,3,4,60,1,1,8,1,0,0,4,53,1,1,1,25,0,0
48,481864,2,2,2,1,8,2,15,12,1,1,0,48,2,53,34,53034,4,2006,KL5JD56Z86K4,K,L,5,J,D,5,6,Z,8,6,K,4,0,P,SUZI,FZB,4D,6,17,2701,,0,1024,,G,,F,4,122,,,15R195,,,,,,0,0,000000000,00000000000,0,0,0,1,0,0,0,0,0,0,0,998,3,0,0,12,12,6,2,12,0,0,0,1,48,76108,0,0,0,0,0,0,999,999,0,0,0,0,0,0,0,0,0,1,26,0,0,0,3,4,60,1,1,8,1,0,0,1,51,1,1,1,24,2,1
48,481865,1,1,1,2,8,2,0,42,0,1,0,48,1,51,46,51046,4,2006,YV1MS382X621,Y,V,1,M,S,3,8,2,X,6,2,1,0,P,VOLV,S42,4D,6,17,3225,,0,1039,,G,,F,5,149,,,16R205,,,,,,0,0,000000000,00000000000,0,0,0,1,0,0,0,0,0,0,0,998,0,0,0,3,3,6,2,42,0,0,0,1,48,77077,6,1,0,0,3,0,999,999,0,0,0,0,0,0,0,0,0,1,0,0,0,0,2,2,40,2,1,1,2,0,0,14,6,1,4,4,7,1,1
48,481866,1,1,1,5,8,6,30,53,0,1,0,48,2,20,37,20037,4,2003,1G1ND52J93M6,1,G,1,N,D,5,2,J,9,3,M,6,0,P,CHEV,MAL,4D,3,17,3106,,0,1070,,G,,F,6,191,,,15R215,,,,,,0,0,000000000,00000000000,0,0,0,1,0,0,0,0,0,0,0,998,0,0,0,12,12,6,2,53,0,0,0,1,48,78221,0,0,0,0,0,0,999,999,0,1,0,0,0,2,2010,2,2010,0,0,0,0,0,1,2,30,1,1,8,1,0,0,1,12,1,1,4,6,1,1
48,481867,1,1,1,11,8,13,10,8,0,1,0,48,2,7,482,7482,31,2005,3D7KS28C35G7,3,D,7,K,S,2,8,C,3,5,G,7,0,T,DODG,SQ2,CW,5,17,,2,1605,1405,RPC,D,,,6,359,,,,C,5886,12,E,44,0,0,000000000,00000000000,0,0,0,1,0,0,0,0,0,0,0,998,0,0,0,12,12,0,1,8,0,0,0,1,48,77345,6,1,6,0,3,0,999,999,1,0,0,1,0,10,2009,9,2010,0,0,0,0,0,5,4,40,1,1,1,1,2,3,11,80,1,1,1,13,0,0
48,481868,1,1,1,15,8,1,45,1,0,1,0,48,3,87,881,87881,66,2006,1XP5DB9X46D6,1,X,P,5,D,B,9,X,4,6,D,6,1,T,PTRB,379,TR,6,17,,8,0,0,CON,D,,,6,893,,,,,00000,00,,64,1,57,1941338,571941338,3,6,2,1,0,0,0,0,0,0,0,998,0,9,5,0,0,4,3,1,0,0,0,1,29,65711,6,1,6,1,3,0,72,236,0,2,0,0,1,12,2009,2,2011,0,0,0,0,0,1,2,65,1,1,8,1,0,0,1,13,6,1,4,1,1,0
48,481869,1,1,1,16,8,6,48,38,0,1,0,48,2,20,20,20020,4,1998,2G1WL52M8W93,2,G,1,W,L,5,2,M,8,W,9,3,0,P,CHEV,L/S,4D,98,17,3330,,0,1075,,G,,F,6,191,,,15R205,,,,,,0,0,000000000,00000000000,0,0,0,1,0,0,0,0,0,0,0,998,0,1,5,10,0,6,2,38,0,0,0,1,48,75672,0,0,0,0,0,0,999,999,0,0,0,0,0,0,0,0,0,1,58,0,0,0,1,2,60,3,3,8,1,0,0,14,13,6,7,4,7,1,1
48,481870,1,1,1,18,8,2,11,8,0,1,1,99,9,99,999,99999,99,9999,999999999999,9,9,9,9,9,9,9,9,9,9,9,9,0,,,,,,,,,,,,,,,,,,,,,,,,,0,0,000000000,00000000000,0,0,0,1,0,0,0,0,0,0,0,998,0,0,0,99,99,9,1,8,0,0,0,1,99,99999,9,9,99,9,9,9,999,999,99,99,99,99,99,99,9999,99,9999,0,0,0,0,0,2,2,65,1,1,8,1,0,0,1,80,1,1,1,13,0,0
48,481871,1,1,1,21,8,2,43,42,0,1,0,48,1,37,31,37031,4,2009,2HGFA16379H3,2,H,G,F,A,1,6,3,7,9,H,3,0,P,HOND,CVP,4D,9,17,2648,,0,1063,,G,,F,4,110,,,15R195,,,,,,0,0,000000000,00000000000,0,0,0,1,0,0,0,0,0,0,0,998,0,0,0,12,12,4,3,42,0,0,0,1,48,77055,6,1,0,0,3,3,999,999,0,0,0,0,0,0,0,0,0,0,0,0,0,0,2,2,35,1,1,1,1,0,0,1,13,1,1,4,1,1,1
48,481872,1,1,1,21,8,18,0,25,0,1,0,48,1,37,706,37706,80,1999,1HFSC3909XA1,1,H,F,S,C,3,9,0,9,X,A,1,0,M,HOND,V3W,RS,99,17,,,,,,,1099,,2,,4,615,,,,,,,0,0,000000000,00000000000,0,0,0,1,0,0,0,0,0,0,0,998,0,0,0,99,99,9,2,25,0,0,0,1,48,77043,6,1,0,0,2,0,999,999,0,0,0,1,0,6,2011,6,2011,1,0,0,0,0,6,1,55,3,2,1,1,0,0,14,12,1,1,4,6,1,0
48,481873,1,2,1,23,8,15,0,12,2,1,0,48,1,35,50,35050,4,2010,3N1CC1AP7AL4,3,N,1,C,C,1,A,P,7,A,L,4,0,P,NISS,VSL,4D,10,17,2516,,0,1024,,G,,F,4,098,,,14R185,,,,,,0,0,000000000,00000000000,0,0,0,1,0,0,0,0,0,0,0,998,0,0,0,12,12,6,2,12,0,0,0,1,48,77532,6,1,0,0,3,3,999,999,0,0,0,1,1,8,2009,9,2009,0,51,58,0,0,1,2,60,3,1,8,1,0,0,14,13,6,1,6,50,1,0
48,481873,2,2,1,23,8,15,0,12,2,1,0,48,1,41,35,41035,4,2003,JM1BJ2254301,J,M,1,B,J,2,2,5,4,3,0,1,0,P,MAZD,PDS,4D,3,17,2634,,0,1028,,G,,F,4,122,,,000000,,,,,,0,0,000000000,00000000000,0,0,0,1,0,0,0,0,0,0,0,998,0,0,0,12,12,6,2,12,0,0,0,1,48,77530,6,1,0,0,3,0,999,999,0,0,0,1,1,6,2010,5,2011,0,0,0,0,0,1,2,60,2,1,8,1,0,0,14,62,1,1,1,51,0,0