STATE,ST_CASE,VEH_NO,VE_FORMS,NUMOCCS,DAY,MONTH,HOUR,MINUTE,HARM_EV,MAN_COLL,UNITTYPE,HIT_RUN,REG_STAT,OWNER,MAKE,MODEL,MAK_MOD,BODY_TYP,MOD_YEAR,VIN,VIN_1,VIN_2,VIN_3,VIN_4,VIN_5,VIN_6,VIN_7,VIN_8,VIN_9,VIN_10,VIN_11,VIN_12,TOW_VEH,VINTYPE,VINMAKE,VINA_MOD,VIN_BT,VINMODYR,VIN_LNGT,VIN_WGT,WGTCD_TR,WHLBS_LG,WHLBS_SH,SER_TR,FUELCODE,MCYCL_DS,CARBUR,CYLINDER,DISPLACE,MCYCL_CY,MCYCL_WT,TIRE_SZE,TON_RAT,TRK_WT,TRKWTVAR,VIN_REST,WHLDRWHL,J_KNIFE,MCARR_I1,MCARR_I2,MCARR_ID,GVWR,V_CONFIG,CARGO_BT,HAZ_INV,HAZ_PLAC,HAZ_ID,HAZ_CNO,HAZ_REL,BUS_USE,SPEC_USE,EMER_USE,TRAV_SP,UNDERIDE,ROLLOVER,ROLINLOC,IMPACT1,IMPACT2,DEFORMED,TOWED,M_HARM,VEH_SC1,VEH_SC2,FIRE_EXP,DR_PRES,L_STATE,DR_ZIP,L_STATUS,L_TYPE,CDL_STAT,L_ENDORS,L_COMPL,L_RESTRI,DR_HGT,DR_WGT,PREV_ACC,PREV_SUS,PREV_DWI,PREV_SPD,PREV_OTH,FIRST_MO,FIRST_YR,LAST_MO,LAST_YR,SPEEDREL,DR_SF1,DR_SF2,DR_SF3,DR_SF4,VTRAFWAY,VNUM_LAN,VSPD_LIM,VALIGN,VPROFILE,VPAVETYP,VSURCOND,VTRAFCON,VTCONT_F,P_CRASH1,P_CRASH2,P_CRASH3,PCRASH4,PCRASH5,ACC_TYPE,DEATHS,DR_DRINK
48,481874,1,1,1,23,8,20,2,1,0,1,0,48,2,72,706,72706,80,2002,1HD4CAM172K1,1,H,D,4,C,A,M,1,7,2,K,1,0,M,HD,X88,RS,2,17,,,,,,,883,,2,,4,486,,,,,,,0,0,000000000,00000000000,0,0,0,1,0,0,0,0,0,0,0,998,0,0,0,0,0,9,2,1,0,0,0,1,48,75494,6,1,0,0,2,0,66,150,0,0,0,0,0,0,0,0,0,1,0,0,0,0,1,2,60,3,1,8,1,0,0,14,13,1,1,4,1,1,0
48,481875,1,2,1,24,8,8,17,12,6,1,0,48,2,82,881,82881,66,2012,1FUJGNDRXCDB,1,F,U,J,G,N,D,R,X,C,D,B,1,T,FRHT,122,TR,12,17,,8,0,0,CON,D,,,6,903,,,,,00000,00,,64,1,57,2079047,572079047,3,6,8,1,0,0,0,0,0,0,0,998,0,1,5,12,12,4,3,12,0,0,0,1,48,78634,6,1,6,0,3,0,999,999,0,0,0,0,3,3,2009,4,2011,0,0,0,0,0,1,2,65,1,1,8,1,0,0,1,62,7,1,1,65,0,0
48,481875,2,2,1,24,8,8,17,12,6,1,0,48,2,37,31,37031,2,1996,1HGEJ8245TL0,1,H,G,E,J,8,2,4,5,T,L,0,0,P,HOND,UAX,CP,96,17,2448,,0,1032,,G,,F,4,097,,,14R185,,,,,,0,0,000000000,00000000000,0,0,0,1,0,0,0,0,0,0,0,998,0,0,0,2,2,6,2,12,0,0,1,1,48,78602,6,1,0,0,3,0,999,999,0,0,0,0,0,0,0,0,0,0,0,0,0,0,1,2,65,1,1,8,1,0,0,1,13,6,4,6,64,1,0
48,481876,1,2,3,25,8,9,3,12,2,1,0,48,2,20,421,20421,15,2007,1GNEC13J97R1,1,G,N,E,C,1,3,J,9,7,R,1,0,P,CHEV,CTA,UT,7,17,5443,,0,1160,,G,,F,8,323,,,17R265,,,,,,0,0,000000000,00000000000,0,0,0,1,0,0,0,0,0,0,0,998,0,0,0,12,12,4,3,12,0,0,0,1,48,77665,6,1,0,0,3,0,999,999,0,0,0,0,0,0,0,0,0,1,0,0,0,0,1,2,65,1,1,8,2,0,0,1,10,1,1,2,50,1,0
48,481876,2,2,1,25,8,9,3,12,2,1,0,48,2,12,422,12422,15,1999,1FMRU17L7XLB,1,F,M,R,U,1,7,L,7,X,L,B,0,P,FORD,EPT,UT,99,17,4808,,0,1191,,G,,F,8,330,,,16R255,,,,,,0,0,000000000,00000000000,0,0,0,1,0,0,0,0,0,0,0,998,0,1,1,12,12,6,2,12,0,0,0,1,48,77665,0,0,0,0,0,0,999,999,0,0,0,0,0,0,0,0,0,0,0,0,0,0,1,2,65,1,1,8,2,0,0,1,62,1,1,1,51,0,0
48,481877,1,1,1,25,8,14,20,32,0,1,0,48,2,20,481,20481,31,1995,1GCEC14Z9SZ2,1,G,C,E,C,1,4,Z,9,S,Z,2,0,T,CHEV,GC1,PK,95,17,,2,1315,1175,GM4,G,,,6,262,,,,B,3742,02,,42,0,0,000000000,00000000000,0,0,0,1,0,0,0,0,0,0,0,998,0,1,5,99,1,4,3,32,0,0,0,1,48,75670,6,2,0,0,3,0,999,999,0,0,0,0,0,0,0,0,0,1,0,0,0,0,1,2,55,2,1,8,1,0,0,14,13,1,1,4,1,1,0
48,481878,1,1,3,26,8,23,57,1,0,1,0,48,2,20,401,20401,14,2002,1GNDS13S7223,1,G,N,D,S,1,3,S,7,2,2,3,0,P,CHEV,TRL,UT,2,17,4442,,0,1130,,G,,F,6,256,,,16R245,,,,,,0,0,000000000,00000000000,0,0,0,1,0,0,0,0,0,0,0,998,0,1,1,0,0,6,2,1,0,0,0,1,48,78945,6,1,0,0,3,3,999,999,0,0,0,0,0,0,0,0,0,0,58,0,0,0,1,2,60,1,1,8,1,0,0,1,13,6,4,6,98,3,1
48,481879,1,2,2,28,8,14,3,12,2,1,0,48,2,55,401,55401,14,2004,KM8SC13D24U7,K,M,8,S,C,1,3,D,2,4,U,7,0,P,HYUN,SAN,UT,4,17,3720,,0,1031,,G,,F,6,162,,,16R225,,,,,,0,0,000000000,00000000000,0,0,0,1,0,0,0,0,0,0,0,998,0,0,0,12,12,4,3,12,0,0,0,1,48,77090,0,0,0,0,0,0,999,999,0,0,0,0,0,0,0,0,0,0,28,0,0,0,1,2,45,1,1,8,1,0,0,1,10,1,1,2,50,0,0
48,481879,2,2,1,28,8,14,3,12,2,1,0,48,1,18,20,18020,4,2002,2G4WB52K1211,2,G,4,W,B,5,2,K,1,2,1,1,0,P,BUIC,RLS,4D,2,17,3438,,0,1090,,G,,F,6,231,,,15R215,,,,,,0,0,000000000,00000000000,0,0,0,1,0,0,0,0,0,0,0,998,0,0,0,12,12,4,3,12,0,0,0,1,48,77090,6,1,0,0,3,3,999,999,0,0,0,0,0,0,0,0,0,0,0,0,0,0,1,2,45,1,1,8,1,0,0,1,62,1,1,1,51,1,0
48,481880,1,1,4,28,8,10,0,1,0,1,0,96,9,20,421,20421,15,2002,1GNEC13R92J1,1,G,N,E,C,1,3,R,9,2,J,1,0,T,CHEV,,,2,17,,,,,,G,,,8,350,,,,,,,,,0,0,000000000,00000000000,0,0,0,1,0,0,0,0,0,0,0,998,0,1,5,0,0,6,2,1,0,0,0,1,48,79924,0,0,0,0,0,0,999,999,0,0,0,0,0,0,0,0,0,0,58,92,0,0,2,2,80,1,1,8,1,0,0,1,1,7,3,4,2,2,0
48,481881,1,2,1,29,8,12,15,12,6,1,0,48,1,2,1,2001,6,2011,1J4NT1FB7BD1,1,J,4,N,T,1,F,B,7,B,D,1,0,T,JEEP,CSP,4W,11,17,,1,0,1037,CMP,G,,,4,146,,,,,3082,00,W,42,0,0,000000000,00000000000,0,0,0,1,0,0,0,0,0,0,0,998,0,1,1,11,11,6,2,12,0,0,0,1,48,75802,6,1,0,0,3,3,999,999,0,0,0,1,0,8,2009,8,2009,0,51,0,0,0,1,2,60,1,1,8,1,0,0,1,13,6,4,6,64,1,0
48,481881,2,2,1,29,8,12,15,12,6,1,0,47,3,87,881,87881,66,2008,1XP7D49X98D7,1,X,P,7,D,4,9,X,9,8,D,7,1,T,PTRB,387,TR,8,17,,8,0,0,CON,D,,,6,915,,,,,00000,00,,64,1,57,845505,57845505,3,6,1,1,0,0,0,0,0,0,0,998,0,0,0,61,61,6,2,12,0,0,0,1,47,38012,6,1,6,0,3,3,71,175,0,1,0,0,0,7,2011,7,2011,0,92,0,0,0,1,2,60,1,1,8,1,0,0,1,62,7,1,1,65,0,0
48,481882,1,1,1,30,8,9,22,1,0,1,0,48,2,23,481,23481,31,1998,1GTEK19R8WR5,1,G,T,E,K,1,9,R,8,W,R,5,0,T,GMC,SK1,PC,98,17,,2,1555,1415,SIE,G,,,8,350,,,,B,4561,00,U,44,0,0,000000000,00000000000,0,0,0,1,0,0,0,0,0,0,0,998,0,1,5,0,0,6,2,1,0,0,0,1,48,79706,6,1,0,0,3,0,999,999,1,0,0,0,0,8,2010,8,2010,0,58,0,0,0,1,2,55,1,1,8,1,0,0,1,9,7,3,4,2,1,0
48,481883,1,2,1,1,9,22,23,12,6,1,0,48,2,35,47,35047,4,2002,1N4AL11D82C2,1,N,4,A,L,1,1,D,8,2,C,2,0,P,NISS,ABS,4D,2,17,2873,,0,1102,,G,,F,4,153,,,16R205,,,,,,0,0,000000000,00000000000,0,0,0,1,0,0,0,0,0,0,0,998,0,0,0,4,4,4,3,12,0,0,0,1,48,75789,0,0,0,0,0,0,999,999,0,8,1,0,0,2,2009,5,2011,1,58,0,0,0,1,2,55,3,2,8,1,0,0,14,13,6,4,6,64,1,0
48,481883,2,2,1,1,9,22,23,12,6,1,0,48,2,12,481,12481,31,2003,1FTRW086X3KA,1,F,T,R,W,0,8,6,X,3,K,A,0,T,FORD,F1S,CW,3,17,,2,0,1388,COF,G,,,8,281,,,,B,5005,00,U,44,0,0,000000000,00000000000,0,0,0,1,0,0,0,0,0,0,0,998,0,0,0,12,12,4,3,12,0,0,0,1,48,75789,6,1,0,0,3,0,999,999,0,1,0,1,0,4,2009,3,2010,0,0,0,0,0,1,2,55,2,2,8,1,0,0,14,62,1,1,1,65,0,1
48,481884,1,1,3,1,9,0,36,1,0,1,0,48,2,7,482,7482,31,1996,1B7HF13Z7TJ1,1,B,7,H,F,1,3,Z,7,T,J,1,0,T,DODG,150,PC,96,17,,2,1547,1387,RPC,G,,,8,360,,,,B,4725,01,M,44,0,0,000000000,00000000000,0,0,0,1,0,0,0,0,0,0,0,998,0,1,5,0,0,6,2,1,0,0,0,1,48,78612,0,0,0,0,0,0,999,999,0,0,0,0,0,0,0,0,0,1,27,58,0,0,2,2,65,3,2,8,1,0,0,14,13,6,4,4,7,1,1
48,481885,1,2,1,1,9,7,13,12,6,1,0,48,2,12,481,12481,31,1999,1FTZF172XXKA,1,F,T,Z,F,1,7,2,X,X,K,A,0,T,FORD,F15,PK,99,17,,1,1385,1199,COF,G,,,6,256,,,,B,00000,00,U,42,0,0,000000000,00000000000,0,0,0,1,0,0,0,0,0,0,0,998,0,0,0,10,10,6,2,12,0,0,0,1,48,78747,0,0,0,0,0,0,999,999,0,1,0,0,0,8,2011,8,2011,0,38,0,0,0,1,2,99,1,1,8,1,0,0,11,15,1,1,1,82,1,0
48,481885,2,2,1,1,9,7,13,12,6,1,0,48,1,12,481,12481,31,2004,1FTRX12W14NA,1,F,T,R,X,1,2,W,1,4,N,A,0,T,FORD,F15,4C,4,17,,2,1450,1260,COF,G,,,8,281,,,,B,5170,00,U,42,0,0,000000000,00000000000,0,0,0,1,0,0,0,0,0,0,0,998,0,0,0,12,12,6,2,12,0,0,0,1,48,78610,1,1,0,0,2,2,999,999,0,7,0,5,1,4,2009,6,2011,0,74,0,0,0,1,2,45,1,1,8,1,0,0,1,72,6,1,2,83,0,0
48,481886,1,2,4,3,9,23,13,12,2,1,0,48,2,41,44,41044,2,1988,1YVGD31A5J51,1,Y,V,G,D,3,1,A,5,J,5,1,0,P,MAZD,MX6,CP,88,17,0,,0,990,,G,,F,4,133,,,14R185,,,,,,0,0,000000000,00000000000,0,0,0,1,0,0,0,0,0,0,0,998,0,0,0,12,12,6,2,12,0,0,0,1,48,77484,6,1,0,0,3,3,999,999,0,0,0,0,0,0,0,0,0,0,0,0,0,0,1,2,55,1,1,8,2,98,3,6,10,7,1,2,50,1,0
48,481886,2,2,1,3,9,23,13,12,2,1,0,48,2,49,40,49040,4,1996,JT2BG12K0T03,J,T,2,B,G,1,2,K,0,T,0,3,0,P,TOYT,DLX,4D,96,17,2932,,0,1031,,G,,F,4,132,,,14R195,,,,,,0,0,000000000,00000000000,0,0,0,1,0,0,0,0,0,0,0,998,0,0,0,12,12,6,2,12,0,0,0,1,48,77535,6,1,0,0,3,0,999,999,0,0,0,0,0,0,0,0,0,0,0,0,0,0,1,2,55,1,1,8,2,98,3,1,54,7,1,1,51,0,0
48,481887,1,1,2,3,9,22,20,52,0,1,0,48,2,72,706,72706,80,2001,1HD1BXB1X1Y0,1,H,D,1,B,X,B,1,X,1,Y,0,0,M,HD,ISF,RS,1,17,,,,,,,1450,,2,,4,666,,,,,,,0,0,000000000,00000000000,0,0,0,1,0,0,0,0,0,0,0,998,0,0,0,99,99,9,2,52,0,0,0,1,48,78748,6,1,0,0,2,0,999,999,0,0,0,1,0,11,2009,11,2009,1,0,0,0,0,1,2,45,3,1,8,1,0,0,14,13,1,1,4,1,1,0
48,481888,1,4,1,4,9,0,20,12,1,1,0,48,1,12,481,12481,31,1999,1FTRX17L0XKB,1,F,T,R,X,1,7,L,0,X,K,B,0,T,FORD,F15,4C,99,17,,2,1571,1385,COF,G,,,8,330,,,,B,00000,00,U,42,0,0,000000000,00000000000,0,0,0,1,0,0,0,0,0,0,0,998,0,0,0,12,12,6,2,12,0,0,0,1,48,77002,0,0,0,0,0,0,999,999,0,0,0,0,0,0,0,0,0,1,0,0,0,0,3,4,40,1,1,8,2,3,3,1,50,1,1,1,20,1,0
48,481888,2,4,4,4,9,0,20,12,1,1,0,48,1,13,482,13482,31,2007,5LTPW16527FJ,5,L,T,P,W,1,6,5,2,7,F,J,0,T,LINC,MLT,CW,7,17,,2,1500,1390,MRK,G,,,8,329,,,,,5316,00,E,42,0,0,000000000,00000000000,0,0,0,1,0,0,0,0,0,0,0,0,0,0,0,6,6,4,3,12,0,0,0,1,48,77064,6,1,0,0,3,0,999,999,0,0,0,0,0,0,0,0,0,0,0,0,0,0,3,4,40,1,1,8,2,3,3,5,53,1,1,1,21,0,0
48,481888,3,4,2,4,9,0,20,12,1,1,0,48,2,49,422,49422,15,2002,5TDZT34A92S0,5,T,D,Z,T,3,4,A,9,2,S,0,0,P,TOYT,SEQ,UT,2,17,5070,,0,1181,,G,,F,8,285,,,16R245,,,,,,0,0,000000000,00000000000,0,0,0,1,0,0,0,0,0,0,0,0,0,0,0,7,7,4,3,12,0,0,0,1,48,77478,6,1,0,0,3,0,999,999,0,0,0,0,0,0,0,0,0,0,0,0,0,0,3,4,40,1,1,8,2,3,3,5,53,1,1,1,98,0,0
48,481888,4,4,3,4,9,0,20,12,1,1,0,48,2,49,32,49032,4,2001,1NXBR12E11Z4,1,N,X,B,R,1,2,E,1,1,Z,4,0,P,TOYT,UCS,4D,1,17,2410,,0,970,,G,,F,4,109,,,14R175,,,,,,0,0,000000000,00000000000,0,0,0,1,0,0,0,0,0,0,0,0,0,0,0,6,6,2,1,12,0,0,0,1,48,77031,6,1,0,0,3,0,999,999,0,0,0,0,0,0,0,0,0,0,0,0,0,0,3,4,40,1,1,8,2,3,3,5,53,1,1,1,98,0,0
48,481889,1,4,1,5,9,18,22,12,1,1,0,48,2,7,26,7026,4,2008,1B3LC56K88N1,1,B,3,L,C,5,6,K,8,8,N,1,0,P,DODG,AXT,4D,8,17,3465,,0,1089,,G,,F,4,144,,,17R215,,,,,,0,0,000000000,00000000000,0,0,0,1,0,0,0,0,0,0,0,81,0,0,0,12,12,6,2,12,0,0,0,1,48,76877,6,1,0,0,3,0,999,999,1,0,0,0,1,3,2010,4,2010,1,0,0,0,0,1,4,70,1,1,8,1,0,0,1,51,1,1,1,24,0,0
48,481889,2,4,2,5,9,18,22,12,1,1,0,48,2,42,42,42042,4,1999,WDBHA29G9XA7,W,D,B,H,A,2,9,G,9,X,A,7,0,P,MERZ,C28,4D,99,17,3316,,0,1059,,G,,F,6,171,,,15R205,,,,,,0,0,000000000,00000000000,0,0,0,1,0,0,0,0,0,0,0,998,0,0,0,6,6,6,2,12,0,0,0,1,48,78654,6,1,0,0,3,3,999,999,0,7,0,1,1,10,2008,3,2010,0,0,0,0,0,1,4,70,1,1,8,1,0,0,1,53,1,1,1,25,0,0
48,481889,3,4,4,5,9,18,22,12,1,1,0,48,3,51,41,51041,4,1996,YV1KS9609T10,Y,V,1,K,S,9,6,0,9,T,1,0,0,P,VOLV,960,4D,96,17,3530,,0,1091,,G,,F,6,178,,,16R205,,,,,,0,0,000000000,00000000000,0,0,0,1,0,0,0,0,0,0,0,998,0,1,1,12,12,6,2,12,0,0,0,1,48,78645,1,1,0,0,2,0,999,999,0,1,0,0,0,8,2011,8,2011,0,0,0,0,0,1,4,70,1,1,8,1,0,0,1,62,7,1,1,98,1,1
48,481889,4,4,1,5,9,18,22,12,1,1,0,48,1,37,32,37032,4,1992,1HGCB7540NA2,1,H,G,C,B,7,5,4,0,N,A,2,0,P,HOND,ADX,4D,92,17,2392,,0,1071,,G,,F,4,132,,,14R185,,,,,,0,0,000000000,00000000000,0,0,0,1,0,0,0,0,0,0,0,998,0,0,0,12,12,2,3,12,0,0,0,1,48,78620,6,1,0,0,3,0,999,999,0,0,0,0,0,0,0,0,0,0,0,0,0,0,1,4,70,1,1,8,1,0,0,1,60,7,1,1,98,0,0
48,481890,1,1,2,5,9,21,45,8,0,1,0,48,1,12,880,12880,67,2006,1FTWW33P56EA,1,F,T,W,W,3,3,P,5,6,E,A,0,T,FORD,F3D,CW,6,17,,3,1720,1560,DRW,D,,,8,366,,,,D,6989,01,E,44,0,88,888888888,88888888888,2,1,97,1,0,0,0,0,0,0,0,998,0,0,0,12,12,4,1,8,0,0,0,1,48,77302,6,1,0,0,3,0,999,999,0,0,0,1,0,10,2009,10,2009,0,0,0,0,0,3,2,70,1,1,8,1,0,0,1,80,9,1,1,13,0,0
48,481891,1,1,1,5,9,23,3,38,0,1,0,48,2,53,705,53705,80,2003,JS1GR7HA1321,J,S,1,G,R,7,H,A,1,3,2,1,0,M,SUZI,SX7,RC,3,17,,,,,,,749,,4,,4,365,,,,,,,0,0,000000000,00000000000,0,0,0,1,0,0,0,0,0,0,0,998,0,0,0,99,99,2,3,38,0,0,0,1,48,75602,6,1,0,0,3,3,999,999,0,0,0,0,0,0,0,0,0,1,37,0,0,0,1,2,70,2,1,8,1,0,0,14,13,1,1,4,1,1,0
48,481892,1,1,1,6,9,7,0,9,0,1,1,99,9,99,999,99999,99,9999,999999999999,9,9,9,9,9,9,9,9,9,9,9,9,0,,,,,,,,,,,,,,,,,,,,,,,,,0,0,000000000,00000000000,0,0,0,1,0,0,0,0,99,99,9,998,0,0,0,12,12,9,1,9,0,0,0,1,99,99999,9,9,99,9,9,9,999,999,99,99,99,99,99,99,9999,99,9999,1,0,0,0,0,1,2,60,1,1,8,1,0,0,1,83,1,1,1,13,0,0
48,481893,1,1,1,6,9,21,19,8,0,1,0,48,1,12,13,12013,4,2001,3FAFP113X1R2,3,F,A,F,P,1,1,3,X,1,R,2,0,P,FORD,ZX2,CP,1,17,2462,,0,984,,G,,F,4,121,,,15R185,,,,,,0,0,000000000,00000000000,0,0,0,1,0,0,0,0,0,0,0,998,0,0,0,12,12,2,3,8,0,0,0,1,48,77338,6,1,0,0,3,0,999,999,1,0,0,0,0,4,2011,4,2011,0,0,0,0,0,2,6,50,1,1,8,1,3,3,1,80,1,1,1,13,0,0
48,481894,1,1,1,7,9,13,23,32,0,1,0,48,1,63,402,63402,14,2008,KNDJD7356857,K,N,D,J,D,7,3,5,6,8,5,7,0,P,KIA,SOR,UT,8,17,4068,,0,1067,,G,,F,6,201,,,16R245,,,,,,0,0,000000000,00000000000,0,0,0,1,0,0,0,0,0,0,0,998,0,1,5,12,3,4,3,1,0,0,0,1,48,77327,6,1,6,0,3,0,999,999,1,0,0,0,0,9,2010,9,2010,0,0,0,0,0,1,2,65,1,1,8,1,0,0,1,13,1,1,4,1,1,0
48,481895,1,3,1,7,9,0,2,12,1,1,0,48,1,7,880,7880,67,2002,3B7MC33652M2,3,B,7,M,C,3,3,6,5,2,M,2,0,T,DODG,Q35,4C,2,17,,3,0,1547,RPC,D,,,6,359,,,,D,5701,00,E,42,0,88,888888888,88888888888,2,1,96,1,0,0,0,0,0,0,0,998,0,0,0,12,12,6,2,12,0,0,0,1,48,76044,6,1,0,0,3,0,999,999,0,0,0,1,0,8,2009,8,2009,1,39,0,0,0,3,1,65,1,1,8,1,0,0,1,50,1,1,1,20,0,0
48,481895,2,3,1,7,9,0,2,12,1,1,0,48,2,12,3,12003,2,2002,1FAFP40452F1,1,F,A,F,P,4,0,4,5,2,F,1,0,P,FORD,MUS,CP,2,17,3066,,0,1013,,G,,F,6,232,,,16R225,,,,,,0,0,000000000,00000000000,0,0,0,1,0,0,0,0,0,0,0,0,0,0,0,6,6,6,2,12,0,0,0,1,48,78634,6,1,0,0,3,0,67,230,0,0,0,1,0,6,2009,6,2009,0,0,0,0,0,3,1,65,1,1,8,1,0,0,5,53,1,1,1,21,1,0
48,481895,3,3,1,7,9,0,2,12,1,1,0,48,3,82,881,82881,66,2012,1FUJGEDV9CSB,1,F,U,J,G,E,D,V,9,C,S,B,1,T,FRHT,125,TR,12,17,,8,0,0,CSC,D,,,6,781,,,,,00000,00,,64,1,57,149350,57149350,3,6,1,1,0,0,0,0,0,0,0,0,0,0,0,6,6,4,1,12,0,0,0,1,48,78664,6,1,6,0,3,0,999,999,0,0,0,0,0,0,0,0,0,0,0,0,0,0,3,1,65,1,1,8,1,0,0,5,53,1,1,1,98,0,0
48,481896,1,2,1,8,9,15,52,12,1,1,0,48,1,35,47,35047,4,2005,1N4AL11D25C1,1,N,4,A,L,1,1,D,2,5,C,1,0,P,NISS,ASL,4D,5,17,2915,,0,1102,,G,,F,4,153,,,16R215,,,,,,0,0,000000000,00000000000,0,0,0,1,0,0,0,0,0,0,0,998,0,1,1,12,3,6,2,1,0,0,0,1,48,77551,6,1,0,0,3,0,999,999,0,0,0,0,0,0,0,0,0,1,27,0,0,0,3,3,65,1,1,8,1,0,0,15,11,3,2,2,24,1,0
48,481896,2,2,1,8,9,15,52,12,1,1,0,48,1,12,3,12003,2,2002,1FAFP40422F1,1,F,A,F,P,4,0,4,2,2,F,1,0,P,FORD,MUS,CP,2,17,3066,,0,1013,,G,,F,6,232,,,16R225,,,,,,0,0,000000000,00000000000,0,0,0,1,0,0,0,0,0,0,0,998,0,0,0,6,6,2,3,12,0,0,0,1,48,77568,6,1,0,0,3,0,999,999,0,4,0,0,0,12,2008,11,2010,0,0,0,0,0,3,3,65,1,1,8,1,0,0,1,60,1,1,1,25,0,0
48,481897,1,2,1,8,9,14,30,12,6,1,0,48,1,37,31,37031,2,2008,2HGFG12998H5,2,H,G,F,G,1,2,9,9,8,H,5,0,P,HOND,CVL,CP,8,17,2769,,0,1043,,G,,F,4,110,,,16R205,,,,,,0,0,000000000,00000000000,0,0,0,1,0,0,0,0,0,0,0,998,0,0,0,12,12,6,2,12,0,0,0,1,48,76401,6,1,0,0,3,3,999,999,0,0,0,0,0,0,0,0,0,0,0,0,0,0,1,2,70,1,1,8,1,0,0,1,62,9,2,1,69,0,0
48,481897,2,2,2,8,9,14,30,12,6,1,0,48,2,12,471,12471,30,2003,1FTYR10U63PB,1,F,T,Y,R,1,0,U,6,3,P,B,0,T,FORD,RNG,PK,3,17,,1,1175,1116,RNG,G,,,6,182,,,,B,3085,03,U,42,0,0,000000000,00000000000,0,0,0,1,0,0,0,0,0,0,0,998,0,0,0,3,3,6,2,12,0,0,0,1,48,76049,6,1,0,0,3,0,999,999,0,0,0,0,0,0,0,0,0,0,38,0,0,0,1,2,70,1,1,8,1,0,0,11,15,1,1,1,68,1,0
48,481898,1,1,4,8,9,17,9,38,0,1,0,48,2,52,37,52037,2,1997,4A3AX55F1VE1,4,A,3,A,X,5,5,F,1,V,E,1,0,P,MITS,SGT,CV,97,17,3053,,0,988,,G,,T,4,122,,,16R205,,,,,,0,0,000000000,00000000000,0,0,0,1,0,0,0,0,0,0,0,998,0,1,5,99,3,6,2,1,0,0,0,1,48,76527,6,1,0,0,3,0,999,999,0,0,0,0,0,0,0,0,0,1,58,0,0,0,1,2,45,3,2,8,1,0,0,14,13,6,4,4,7,1,0
48,481899,1,1,1,9,9,18,15,1,0,1,0,48,1,72,706,72706,80,2003,1HD1FRW463Y7,1,H,D,1,F,R,W,4,6,3,Y,7,0,M,HD,FCA,RS,3,17,,,,,,,1450,,2,,4,710,,,,,,,0,0,000000000,00000000000,0,0,0,1,0,0,0,0,0,0,0,998,0,0,0,0,99,2,3,1,0,0,0,1,48,75092,6,1,6,0,2,0,999,999,0,0,0,0,0,0,0,0,0,1,0,0,0,0,1,2,55,3,1,8,1,0,0,14,6,1,1,4,1,1,1
48,481900,1,2,1,9,9,14,0,12,2,1,0,48,2,12,481,12481,31,1989,1FTHX25H2KKB,1,F,T,H,X,2,5,H,2,K,K,B,0,T,FORD,F25,PC,89,17,,2,0,1550,COF,G,,,8,351,,,,C,4463,01,A,42,0,0,000000000,00000000000,0,0,0,1,0,0,0,0,0,0,0,998,0,1,1,12,3,6,2,12,0,0,0,1,48,76561,0,0,0,0,0,0,66,175,0,0,0,0,0,0,0,0,0,0,0,0,0,0,1,2,70,1,1,8,1,0,0,1,1,1,1,2,50,1,1
48,481900,2,2,2,9,9,14,0,12,2,1,0,48,2,7,482,7482,31,2011,1D7RB1GP6BS5,1,D,7,R,B,1,G,P,6,B,S,5,0,T,DODG,Q15,CW,11,17,,2,0,1400,RPC,G,,,8,287,,,,B,4863,00,K,42,0,0,000000000,00000000000,0,0,0,1,0,0,0,0,0,0,0,998,0,0,0,12,12,6,2,12,0,0,0,1,48,76548,6,1,0,0,3,3,999,999,0,0,0,0,0,0,0,0,0,0,0,0,0,0,1,2,70,1,1,8,1,0,0,1,62,1,1,1,51,0,0
48,481901,1,1,1,9,9,8,12,8,0,1,0,48,1,14,4,14004,2,1993,1MEPM6243PH6,1,M,E,P,M,6,2,4,3,P,H,6,0,P,MERC,XR7,2D,93,17,3800,,0,1130,,G,,F,6,232,,,16R225,,,,,,0,0,000000000,00000000000,0,0,0,1,0,0,0,0,0,0,0,998,0,0,0,3,3,0,1,8,0,0,0,1,48,78721,6,1,0,0,3,0,999,999,0,0,0,0,0,0,0,0,0,0,0,0,0,0,1,2,30,1,1,8,1,0,0,17,80,7,1,1,13,0,0
48,481902,1,2,2,10,9,13,16,12,6,1,0,48,1,35,481,35481,31,2008,1N6BA07D58N3,1,N,6,B,A,0,7,D,5,8,N,3,0,T,NISS,TXS,CW,8,17,,2,0,1398,TTN,F,,,8,342,,,,B,4908,00,4,42,0,0,000000000,00000000000,0,0,0,1,0,0,0,0,0,0,0,998,0,0,0,12,12,6,2,12,0,0,0,1,48,75501,6,1,6,0,3,3,999,999,0,0,0,0,0,0,0,0,0,0,0,0,0,0,2,2,45,1,1,8,1,0,0,1,67,1,1,1,83,0,0
48,481902,2,2,1,10,9,13,16,12,6,1,0,5,1,14,6,14006,4,2000,2MEFM74W6YX6,2,M,E,F,M,7,4,W,6,Y,X,6,0,P,MERC,GMG,4D,0,17,3958,,0,1147,,G,,F,8,281,,,16R225,,,,,,0,0,000000000,00000000000,0,0,0,1,0,0,0,0,0,0,0,998,0,0,0,9,9,6,2,12,0,0,0,1,5,71834,6,1,0,0,3,3,72,185,0,0,0,0,0,0,0,0,0,0,38,0,0,0,1,2,98,8,8,8,1,20,3,11,15,1,1,1,82,1,0