STATE,ST_CASE,VEH_NO,VE_FORMS,NUMOCCS,DAY,MONTH,HOUR,MINUTE,HARM_EV,MAN_COLL,UNITTYPE,HIT_RUN,REG_STAT,OWNER,MAKE,MODEL,MAK_MOD,BODY_TYP,MOD_YEAR,VIN,VIN_1,VIN_2,VIN_3,VIN_4,VIN_5,VIN_6,VIN_7,VIN_8,VIN_9,VIN_10,VIN_11,VIN_12,TOW_VEH,VINTYPE,VINMAKE,VINA_MOD,VIN_BT,VINMODYR,VIN_LNGT,VIN_WGT,WGTCD_TR,WHLBS_LG,WHLBS_SH,SER_TR,FUELCODE,MCYCL_DS,CARBUR,CYLINDER,DISPLACE,MCYCL_CY,MCYCL_WT,TIRE_SZE,TON_RAT,TRK_WT,TRKWTVAR,VIN_REST,WHLDRWHL,J_KNIFE,MCARR_I1,MCARR_I2,MCARR_ID,GVWR,V_CONFIG,CARGO_BT,HAZ_INV,HAZ_PLAC,HAZ_ID,HAZ_CNO,HAZ_REL,BUS_USE,SPEC_USE,EMER_USE,TRAV_SP,UNDERIDE,ROLLOVER,ROLINLOC,IMPACT1,IMPACT2,DEFORMED,TOWED,M_HARM,VEH_SC1,VEH_SC2,FIRE_EXP,DR_PRES,L_STATE,DR_ZIP,L_STATUS,L_TYPE,CDL_STAT,L_ENDORS,L_COMPL,L_RESTRI,DR_HGT,DR_WGT,PREV_ACC,PREV_SUS,PREV_DWI,PREV_SPD,PREV_OTH,FIRST_MO,FIRST_YR,LAST_MO,LAST_YR,SPEEDREL,DR_SF1,DR_SF2,DR_SF3,DR_SF4,VTRAFWAY,VNUM_LAN,VSPD_LIM,VALIGN,VPROFILE,VPAVETYP,VSURCOND,VTRAFCON,VTCONT_F,P_CRASH1,P_CRASH2,P_CRASH3,PCRASH4,PCRASH5,ACC_TYPE,DEATHS,DR_DRINK
48,482004,1,2,1,2,10,2,40,12,2,1,0,48,1,35,47,35047,4,1999,1N4DL01D0XC2,1,N,4,D,L,0,1,D,0,X,C,2,0,P,NISS,AGS,4D,99,17,2762,,0,1031,,G,,F,4,146,,,15R195,,,,,,0,0,000000000,00000000000,0,0,0,1,0,0,0,0,0,0,0,998,0,0,0,12,12,4,3,12,0,0,1,1,48,77084,1,1,0,0,2,0,999,999,0,4,0,0,0,2,2009,6,2010,0,0,0,0,0,2,2,35,1,1,8,1,0,0,1,10,1,1,7,50,1,1
48,482004,2,2,1,2,10,2,40,12,2,1,0,48,2,12,401,12401,14,1994,1FMDU32X7RUC,1,F,M,D,U,3,2,X,7,R,U,C,0,P,FORD,EPR,UT,94,17,3863,,0,1120,,G,,F,6,245,,,15R225,,,,,,0,0,000000000,00000000000,0,0,0,1,0,0,0,0,0,0,0,998,0,0,0,12,0,6,2,2,0,0,1,1,48,77084,0,0,0,0,0,0,999,999,0,0,0,0,0,0,0,0,0,0,0,0,0,0,2,2,35,1,1,1,1,0,0,1,64,1,1,1,51,0,0
48,482005,1,1,1,2,10,18,45,8,0,1,0,48,2,35,402,35402,14,2004,5N1ED28T24C6,5,N,1,E,D,2,8,T,2,4,C,6,0,P,NISS,XTR,UT,4,17,3638,,0,1043,,G,,F,6,201,,,16R265,,,,,,0,0,000000000,00000000000,0,0,0,1,0,0,0,0,0,0,0,998,0,0,0,11,11,2,1,8,0,0,0,1,48,77545,1,1,0,0,2,0,999,999,0,1,0,0,0,3,2011,3,2011,0,0,0,0,0,2,2,35,1,1,1,1,3,3,1,80,1,1,1,13,0,0
48,482006,1,1,1,2,10,17,30,58,0,1,0,48,1,18,2,18002,4,2003,1G4HP52KX3U2,1,G,4,H,P,5,2,K,X,3,U,2,0,P,BUIC,LCF,4D,3,17,3567,,0,1122,,G,,F,6,231,,,15R215,,,,,,0,0,000000000,00000000000,0,0,0,1,0,0,0,0,0,0,0,998,0,0,0,12,12,4,3,58,0,0,0,1,48,75401,6,1,0,0,3,3,999,999,1,0,0,0,0,4,2009,4,2009,0,0,0,0,0,1,2,70,1,1,8,1,0,0,1,13,1,1,4,1,1,1
48,482007,1,1,2,3,10,18,23,1,0,1,0,48,1,76,706,76706,80,2005,JYAVP17E65A0,J,Y,A,V,P,1,7,E,6,5,A,0,0,M,YAMA,X17,RS,5,17,,,,,,,1670,,2,,4,679,,,,,,,0,0,000000000,00000000000,0,0,0,1,0,0,0,0,0,0,0,998,0,0,0,0,0,9,2,1,0,0,0,1,48,75167,6,1,0,0,3,0,999,999,0,0,0,0,0,0,0,0,0,0,0,0,0,0,3,2,65,1,2,8,1,0,0,1,52,3,1,1,98,1,0
48,482008,1,1,1,3,10,2,30,8,0,1,1,99,9,99,999,99999,99,9999,999999999999,9,9,9,9,9,9,9,9,9,9,9,9,0,,,,,,,,,,,,,,,,,,,,,,,,,0,0,000000000,00000000000,0,0,0,1,0,0,0,0,0,0,0,998,0,0,0,99,99,9,1,8,0,0,0,1,99,99999,9,9,99,9,9,9,999,999,99,99,99,99,99,99,9999,99,9999,0,0,0,0,0,4,3,50,1,1,8,1,0,0,1,80,1,1,1,13,0,0
48,482009,1,2,1,3,10,7,53,12,6,1,0,48,1,48,34,48034,6,1990,JF1BJ6320LK9,J,F,1,B,J,6,3,2,0,L,K,9,0,P,SUBA,LGX,SW,90,17,2780,,0,1016,,G,,F,4,135,,,14R175,,,,,,0,0,000000000,00000000000,0,0,0,1,0,0,0,0,0,0,0,998,0,0,0,9,9,4,3,12,0,0,0,1,48,78737,6,1,0,0,3,0,999,999,0,0,0,0,0,0,0,0,0,0,38,0,0,0,1,2,99,1,1,8,1,20,3,11,15,1,1,1,82,1,0
48,482009,2,2,2,3,10,7,53,12,6,1,0,48,1,14,4,14004,2,1996,1MELM62W3TH6,1,M,E,L,M,6,2,W,3,T,H,6,0,P,MERC,XR7,2D,96,17,3559,,0,1130,,G,,F,8,281,,,15R205,,,,,,0,0,000000000,00000000000,0,0,0,1,0,0,0,0,0,0,0,998,0,0,0,12,12,2,3,12,0,0,0,1,48,78620,6,2,0,0,3,2,999,999,0,0,0,0,0,0,0,0,0,0,73,0,0,0,1,2,55,2,1,8,1,0,0,14,67,1,1,1,83,0,0
48,482010,1,1,1,3,10,22,19,1,0,1,0,48,1,12,481,12481,31,2001,1FTRX18LX1NA,1,F,T,R,X,1,8,L,X,1,N,A,0,T,FORD,F15,4C,1,17,,2,1574,1388,COF,G,,,8,330,,,,B,4611,04,U,44,0,0,000000000,00000000000,0,0,0,1,0,0,0,0,0,0,0,998,0,1,1,0,0,4,3,1,0,0,0,1,48,75973,1,1,0,0,2,0,999,999,1,12,1,2,4,7,2009,6,2011,1,58,0,0,0,1,2,35,3,1,5,11,0,0,14,13,6,3,6,98,1,0
48,482012,1,1,1,4,10,15,45,8,0,1,0,48,3,20,481,20481,31,2011,1GC1KXCGXBF1,1,G,C,1,K,X,C,G,X,B,F,1,0,T,CHEV,2K2,CW,11,17,,2,1677,1537,SIL,F,,,8,366,,,,C,6377,01,,44,0,0,000000000,00000000000,0,0,0,1,0,0,0,0,0,0,0,998,0,0,0,82,82,2,1,8,0,0,0,1,48,79706,6,1,0,0,3,3,999,999,0,0,0,0,0,0,0,0,0,0,0,0,0,0,2,2,70,1,3,8,1,0,0,1,80,6,1,1,13,0,0
48,482013,1,1,1,4,10,20,20,1,0,1,0,48,1,7,482,7482,31,2001,1B7HC16X11S3,1,B,7,H,C,1,6,X,1,1,S,3,0,T,DODG,150,PK,1,17,,2,1347,1187,RPC,G,,,6,239,,,,B,4010,02,U,42,0,0,000000000,00000000000,0,0,0,1,0,0,0,0,0,0,0,998,0,9,5,0,0,4,3,1,0,0,0,1,47,37042,6,1,0,0,3,0,70,160,0,0,0,0,0,0,0,0,0,0,0,0,0,0,2,2,45,2,1,8,1,0,0,14,9,1,7,4,2,1,0
48,482014,1,1,1,4,10,20,17,8,0,1,1,48,1,20,482,20482,31,2009,3GNEC22009G1,3,G,N,E,C,2,2,0,0,9,G,1,0,T,CHEV,CTL,SP,9,17,,2,0,1300,AVL,F,,,8,323,,,,B,5667,00,,42,0,0,000000000,00000000000,0,0,0,1,0,0,0,0,0,0,0,998,0,0,0,99,99,9,1,8,0,0,0,1,48,75444,6,1,0,0,3,0,999,999,0,0,0,0,0,0,0,0,0,0,0,0,0,0,1,2,55,1,2,8,1,0,0,1,11,1,1,4,13,0,0
48,482015,1,1,1,5,10,20,49,8,0,1,0,48,1,37,31,37031,2,1998,1HGEJ8243WL0,1,H,G,E,J,8,2,4,3,W,L,0,0,P,HOND,UAX,CP,98,17,2511,,0,1032,,G,,F,4,097,,,14R185,,,,,,0,0,000000000,00000000000,0,0,0,1,0,0,0,0,0,0,0,998,0,0,0,12,12,2,9,8,0,0,0,1,48,78240,6,1,0,0,3,3,999,999,0,0,0,0,0,0,0,0,0,0,0,0,0,0,5,4,40,1,1,8,1,0,0,1,80,1,1,1,13,0,0
48,482016,1,1,2,5,10,20,44,8,0,1,0,48,1,41,35,41035,4,1998,JM1BC1415W02,J,M,1,B,C,1,4,1,5,W,0,2,0,P,MAZD,PDS,4D,98,17,2385,,0,1026,,G,,F,4,091,,,13R175,,,,,,0,0,000000000,00000000000,0,0,0,1,0,0,0,0,0,0,0,998,0,0,0,12,12,2,3,8,0,0,0,1,48,77521,6,1,0,0,3,3,999,999,0,0,0,0,0,0,0,0,0,0,0,0,0,0,1,2,45,1,1,8,1,0,0,1,80,1,1,1,13,0,0
48,482017,1,1,1,5,10,11,10,8,0,1,0,48,1,7,18,7018,4,1993,1B3XC56R1PD1,1,B,3,X,C,5,6,R,1,P,D,1,0,P,DODG,DLE,4D,93,17,2940,,0,1045,,G,,F,6,201,,,14R195,,,,,,0,0,000000000,00000000000,0,0,0,1,0,0,0,0,0,0,0,998,0,0,0,12,12,2,3,8,0,0,0,1,48,75966,6,1,0,0,3,3,999,999,0,0,0,0,0,0,0,0,0,0,0,0,0,0,1,2,70,1,2,8,1,0,0,1,81,6,1,1,13,0,0
48,482018,1,3,1,5,10,0,50,12,6,1,0,48,1,53,706,53706,80,2001,JS1GW71A0121,J,S,1,G,W,7,1,A,0,1,2,1,0,M,SUZI,GXR,RC,1,17,,,,,,,1299,,4,,4,474,,,,,,,0,0,000000000,00000000000,0,0,0,1,0,0,0,0,0,0,0,998,0,0,0,12,99,4,3,12,0,0,0,1,48,79108,6,1,0,0,3,0,999,999,0,0,0,1,0,5,2009,5,2009,1,39,0,0,0,1,4,99,1,1,8,1,3,3,1,17,1,1,1,88,1,1
48,482018,2,3,1,5,10,0,50,12,6,1,0,48,1,20,2,20002,4,1987,1G1BU51H1HX1,1,G,1,B,U,5,1,H,1,H,X,1,0,P,CHEV,CCB,4D,87,17,3576,,0,1160,,G,,4,8,305,,,15R205,,,,,,0,0,000000000,00000000000,0,0,0,1,0,0,0,0,0,0,0,998,0,0,0,62,62,4,3,12,0,0,0,1,48,79109,1,1,0,0,2,0,999,999,0,1,0,1,0,2,2010,8,2011,0,0,0,0,0,4,3,35,1,1,8,1,3,3,1,66,1,1,1,89,0,0
48,482018,3,3,1,5,10,0,50,12,6,1,0,48,1,18,20,18020,4,1992,2G4WB54T0N14,2,G,4,W,B,5,4,T,0,N,1,4,0,P,BUIC,RGC,4D,92,17,3236,,0,1075,,G,,F,6,191,,,14R205,,,,,,0,0,000000000,00000000000,0,0,0,1,0,0,0,0,0,0,0,998,0,0,0,13,13,2,3,12,0,0,0,1,48,79107,6,1,0,0,3,0,999,999,0,0,0,0,0,0,0,0,0,0,0,0,0,0,4,3,35,1,1,8,1,3,3,1,66,1,1,1,98,0,0
48,482019,1,1,1,6,10,6,30,8,0,1,0,48,1,7,27,7027,6,2009,3D4GG67VX9T2,3,D,4,G,G,6,7,V,X,9,T,2,0,P,DODG,JOU,UT,9,17,4064,,0,1138,,G,,F,6,214,,,19R225,,,,,,0,0,000000000,00000000000,0,0,0,1,0,0,0,0,0,0,0,998,0,0,0,12,12,2,1,8,0,0,0,1,48,78242,6,1,0,0,3,0,999,999,0,0,0,0,0,0,0,0,0,0,0,0,0,0,4,3,45,1,1,8,1,0,0,1,80,1,1,1,13,0,0
48,482021,1,2,2,6,10,2,53,12,1,1,0,48,1,23,401,23401,14,2005,1GKDS13SX522,1,G,K,D,S,1,3,S,X,5,2,2,0,T,GMC,ENV,4W,5,17,,1,0,1130,ENV,G,,,6,256,,,,B,4417,00,E,42,0,0,000000000,00000000000,0,0,0,1,0,0,0,0,0,0,0,998,0,0,0,12,12,6,2,12,0,0,0,1,48,79912,6,1,0,0,3,3,999,999,0,0,0,1,0,6,2011,6,2011,0,27,0,0,0,3,2,45,1,1,8,1,0,0,15,10,1,1,2,24,2,0
48,482021,2,2,1,6,10,2,53,12,1,1,0,92,0,98,998,98998,92,2004,DW672CH59509,D,W,6,7,2,C,H,5,9,5,0,9,0,U,,,,4,13,,,,,,,,,,,,,,,,,,,0,0,000000000,00000000000,0,0,0,1,0,0,0,0,0,0,0,998,0,0,0,6,6,8,8,12,0,0,0,1,99,99999,9,9,99,9,9,9,999,999,99,99,99,99,99,99,9999,99,9999,0,0,0,0,0,3,2,45,1,1,8,1,0,0,1,61,1,1,1,25,0,0
48,482022,1,2,1,6,10,21,0,12,1,1,0,48,2,72,706,72706,80,2011,1HD1GY416BC3,1,H,D,1,G,Y,4,1,6,B,C,3,0,M,HD,FTB,RS,11,17,,,,,,,1584,,2,,4,670,,,,,,,0,0,000000000,00000000000,0,0,0,1,0,0,0,0,0,0,0,998,0,0,0,12,12,2,3,12,0,0,0,1,48,77049,6,1,0,0,3,3,999,999,1,0,0,2,0,10,2008,3,2011,1,0,0,0,0,1,4,55,1,1,8,1,0,0,1,51,1,1,1,24,1,0
48,482022,2,2,1,6,10,21,0,12,1,1,0,48,2,20,9,20009,2,1987,1G1FP21S9HL1,1,G,1,F,P,2,1,S,9,H,L,1,0,P,CHEV,CAM,CP,87,17,3062,,0,1010,,G,,F,6,173,,,15R215,,,,,,0,0,000000000,00000000000,0,0,0,1,0,0,0,0,0,0,0,998,0,0,0,6,6,4,3,12,0,0,0,1,54,77009,3,1,0,0,2,3,67,150,0,0,0,0,0,0,0,0,0,0,0,0,0,0,1,4,55,1,1,8,1,0,0,1,53,1,1,1,25,0,0
48,482023,1,1,1,6,10,22,10,35,0,1,0,48,1,98,709,98709,80,2008,5RYMC05428S0,5,R,Y,M,C,0,5,4,2,8,S,0,0,U,,,,8,17,,,,,,,,,,,,,,,,,,,0,0,000000000,00000000000,0,0,0,1,0,0,0,0,0,0,0,998,0,0,0,99,99,2,3,35,0,0,0,1,48,77532,6,1,6,0,3,3,999,999,0,0,0,0,0,0,0,0,0,0,0,0,0,0,1,2,40,3,1,8,2,0,0,14,13,1,1,4,1,1,0
48,482024,1,1,1,6,10,20,0,42,0,1,0,48,1,12,471,12471,30,2001,1FTYR10D91PB,1,F,T,Y,R,1,0,D,9,1,P,B,0,T,FORD,RNG,PK,1,17,,1,1175,1116,RNG,G,,,4,140,,,,B,3068,01,U,42,0,0,000000000,00000000000,0,0,0,1,0,0,0,0,0,0,0,998,0,0,0,3,3,4,3,42,0,0,0,1,48,78363,6,1,0,0,3,0,999,999,0,0,0,0,0,0,0,0,0,1,58,0,0,0,1,2,45,1,1,8,1,0,0,1,13,6,4,4,7,1,0
48,482025,1,1,1,6,10,20,48,8,0,1,0,48,1,42,31,42031,4,1995,WDBHA22E1SF1,W,D,B,H,A,2,2,E,1,S,F,1,0,P,MERZ,C22,4D,95,17,3055,,0,1059,,G,,F,4,134,,,15R195,,,,,,0,0,000000000,00000000000,0,0,0,1,0,0,0,0,0,0,0,998,0,0,0,12,12,2,8,8,0,0,0,1,48,76112,6,1,0,0,3,0,999,999,0,0,0,0,0,0,0,0,0,0,0,0,0,0,2,3,35,1,1,8,1,0,0,1,80,1,1,1,13,0,0
48,482026,1,1,1,7,10,23,31,32,0,1,0,48,3,82,881,82881,66,2006,1FUJALDE16DV,1,F,U,J,A,L,D,E,1,6,D,V,1,T,FRHT,FLD,TR,6,17,,8,0,0,CON,D,,,6,763,,,,,00000,00,,64,1,57,879345,57879345,3,6,2,2,8,1267,3,2,0,0,0,998,0,1,5,9,9,4,3,1,0,0,0,1,48,78368,6,1,6,1,3,3,999,999,0,0,0,0,0,0,0,0,0,0,0,0,0,0,1,2,70,3,1,8,1,0,0,14,12,7,1,4,6,1,0
48,482027,1,2,1,7,10,2,22,1,0,1,0,48,1,37,705,37705,80,2009,JH2RC50019K5,J,H,2,R,C,5,0,0,1,9,K,5,0,M,HOND,T7C,RS,9,17,,,,,,,745,,2,,4,553,,,,,,,0,0,000000000,00000000000,0,0,0,1,0,0,0,0,0,0,0,998,0,0,0,0,98,6,2,12,0,0,1,1,48,76706,6,1,0,0,3,0,999,999,0,0,0,1,0,6,2011,6,2011,1,0,0,0,0,1,2,99,8,8,8,1,97,8,10,6,1,2,7,98,1,1
48,482027,2,2,2,7,10,2,22,1,0,1,0,17,3,84,881,84881,66,1999,2HSFHAMR3XC0,2,H,S,F,H,A,M,R,3,X,C,0,1,T,INTL,940,TR,99,17,,8,2340,1600,90S,D,,,6,774,,,,,00000,00,,64,1,57,2212928,572212928,3,6,1,1,0,0,0,0,0,0,0,998,0,0,0,12,12,6,2,12,0,0,1,1,48,78045,6,1,6,0,3,3,999,999,0,0,0,0,0,0,0,0,0,0,0,0,0,0,3,3,65,1,1,8,1,0,0,1,64,1,1,1,98,0,0
48,482028,1,2,2,7,10,5,25,12,7,1,0,48,2,54,37,54037,2,2001,19UYA42411A0,1,9,U,Y,A,4,2,4,1,1,A,0,0,P,ACUR,32C,CP,1,17,3470,,0,1069,,G,,F,6,197,,,16R205,,,,,,0,0,000000000,00000000000,0,0,0,1,0,0,0,0,0,0,0,998,0,1,5,11,13,4,3,1,0,0,0,1,48,75224,6,1,0,0,3,0,999,999,1,2,0,2,0,10,2008,1,2010,1,0,0,0,0,3,3,55,1,1,8,1,0,0,1,60,1,1,1,45,0,0
48,482028,2,2,2,7,10,5,25,12,7,1,0,48,2,37,32,37032,2,1996,1HGCD7130TA0,1,H,G,C,D,7,1,3,0,T,A,0,0,P,HOND,ULX,CP,96,17,2754,,0,1069,,G,,F,4,132,,,15R185,,,,,,0,0,000000000,00000000000,0,0,0,1,0,0,0,0,0,0,0,998,0,1,5,5,13,4,3,3,0,0,0,1,48,76010,0,0,0,0,0,0,999,999,0,0,0,0,0,0,0,0,0,0,27,0,0,0,3,3,55,1,1,8,1,0,0,15,11,1,1,1,46,1,0
48,482029,1,1,1,8,10,2,54,25,0,1,0,48,2,52,37,52037,2,2000,4A3AC44G2YE0,4,A,3,A,C,4,4,G,2,Y,E,0,0,P,MITS,EGS,2H,0,17,2985,,0,1008,,G,,F,4,143,,,16R205,,,,,,0,0,000000000,00000000000,0,0,0,1,0,0,0,0,0,0,0,998,0,1,5,12,13,4,3,1,0,0,0,1,48,78247,1,1,0,0,2,0,999,999,0,5,0,0,0,11,2010,9,2011,1,0,0,0,0,1,2,35,2,1,8,1,0,0,14,10,1,1,4,6,1,1
48,482030,1,1,1,8,10,22,12,1,0,1,0,22,3,19,20,19020,6,2011,3GYFNAEY7BS5,3,G,Y,F,N,A,E,Y,7,B,S,5,0,P,CADI,SRX,UT,11,17,4224,,0,1105,,G,,F,6,183,,,18R235,,,,,,0,0,000000000,00000000000,0,0,0,1,0,0,0,0,0,0,0,998,0,2,3,0,12,6,2,1,0,0,0,1,48,78217,2,1,0,0,2,3,999,999,0,0,0,1,0,9,2010,9,2010,1,27,0,0,0,3,2,65,1,1,8,1,0,0,15,6,1,3,4,2,1,1
48,482031,1,2,1,8,10,13,29,12,6,1,0,48,2,49,482,49482,31,2002,5TBRT34112S3,5,T,B,R,T,3,4,1,1,2,S,3,1,T,TOYT,TRS,4C,2,17,,2,0,1283,TUN,G,,,8,285,,,,C,4088,00,U,42,1,0,000000000,00000000000,0,0,0,1,0,0,0,0,0,0,0,998,0,1,1,12,12,4,3,12,0,0,0,1,48,75670,6,1,0,0,3,0,999,999,1,0,0,0,1,10,2010,3,2011,0,0,0,0,0,5,4,45,1,1,8,1,0,0,1,66,1,1,1,86,0,0
48,482031,2,2,2,8,10,13,29,12,6,1,0,48,1,22,16,22016,2,2001,1G2JB1247171,1,G,2,J,B,1,2,4,7,1,7,1,0,P,PONT,SFS,CP,1,17,2606,,0,1041,,G,,F,4,133,,,14R195,,,,,,0,0,000000000,00000000000,0,0,0,1,0,0,0,0,0,0,0,998,0,0,0,82,82,4,3,12,0,0,0,1,48,75563,6,1,0,0,3,0,999,999,0,0,0,0,0,0,0,0,0,0,0,0,0,0,1,2,99,1,1,8,1,20,3,1,17,1,1,1,87,1,0
48,482032,1,2,1,8,10,16,0,12,6,1,0,48,1,12,443,12443,20,2004,2FMZA51624BA,2,F,M,Z,A,5,1,6,2,4,B,A,0,P,FORD,FRE,SV,4,17,4275,,0,1208,,G,,F,6,238,,,16R225,,,,,,0,0,000000000,00000000000,0,0,0,1,0,0,0,0,0,0,0,998,0,1,5,3,3,6,2,12,0,0,0,1,48,75956,6,1,0,0,3,3,999,999,0,0,0,0,0,0,0,0,0,0,38,0,0,0,2,2,70,1,1,8,1,21,3,11,17,1,1,1,68,1,0
48,482032,2,2,3,8,10,16,0,12,6,1,0,48,1,7,482,7482,31,2009,3D7KS28L09G5,3,D,7,K,S,2,8,L,0,9,G,5,0,T,DODG,SQ2,CW,9,17,,2,1605,1405,RPC,D,,,6,408,,,,C,5984,00,E,44,0,0,000000000,00000000000,0,0,0,1,0,0,0,0,0,0,0,998,0,0,0,12,12,4,3,12,0,0,0,1,48,75956,6,1,0,0,3,0,999,999,0,4,0,0,2,5,2010,3,2011,0,0,0,0,0,2,2,70,1,1,8,1,0,0,1,62,1,1,1,69,0,0
48,482033,1,1,1,8,10,1,19,30,0,1,0,48,1,49,43,49043,4,1995,4T1GB11E2SU0,4,T,1,G,B,1,1,E,2,S,U,0,0,P,TOYT,UAS,4D,95,17,3265,,0,1071,,G,,F,6,183,,,15R205,,,,,,0,0,000000000,00000000000,0,0,0,1,0,0,0,0,0,0,0,998,0,0,0,9,9,6,2,30,0,0,0,1,48,75961,6,1,0,0,3,0,999,999,0,0,0,1,0,11,2010,11,2010,1,58,0,0,0,1,2,55,2,1,8,1,0,0,14,12,7,3,4,7,1,1
48,482034,1,2,2,8,10,17,5,12,6,1,0,48,1,55,33,55033,4,2005,KMHWF35H35A1,K,M,H,W,F,3,5,H,3,5,A,1,0,P,HYUN,SGX,4D,5,17,3254,,0,1063,,G,,F,6,162,,,16R205,,,,,,0,0,000000000,00000000000,0,0,0,1,0,0,0,0,0,0,0,998,0,0,0,9,9,6,2,12,0,0,0,1,48,76071,6,1,0,0,3,3,999,999,0,0,0,0,0,0,0,0,0,0,38,0,0,0,1,2,99,1,1,8,2,20,3,4,17,1,1,1,89,1,0
48,482034,2,2,1,8,10,17,5,12,6,1,0,48,2,41,471,41471,30,1994,4F4CR12XXRTM,4,F,4,C,R,1,2,X,X,R,T,M,0,T,MAZD,4RC,PK,94,17,,1,0,1079,B40,G,,,6,245,,,,,00000,00,A,42,0,0,000000000,00000000000,0,0,0,1,0,0,0,0,0,0,0,998,0,0,0,12,12,4,3,12,0,0,0,1,48,76225,6,1,0,0,3,0,999,999,1,1,0,0,0,10,2008,4,2009,0,0,0,0,0,1,2,40,1,1,8,2,0,0,1,66,8,1,1,88,0,0
48,482035,1,1,1,9,10,2,25,33,0,1,0,48,2,72,706,72706,80,2011,1HD1JN519BB0,1,H,D,1,J,N,5,1,9,B,B,0,0,M,HD,FBL,RS,11,17,,,,,,,1584,,2,,4,700,,,,,,,0,0,000000000,00000000000,0,0,0,1,0,0,0,0,0,0,0,998,0,0,0,12,12,9,2,1,0,0,0,1,48,77535,6,1,6,0,3,0,999,999,0,0,0,0,0,0,0,0,0,0,0,0,0,0,2,3,45,1,1,8,1,0,0,1,12,1,1,4,6,1,0
48,482036,1,1,5,9,10,2,51,52,0,1,0,48,1,35,473,35473,31,2006,1N6BA07AX6N5,1,N,6,B,A,0,7,A,X,6,N,5,0,T,NISS,TXS,CW,6,17,,2,0,1398,TTN,F,,,8,342,,,,C,4713,00,E,42,0,0,000000000,00000000000,0,0,0,1,0,0,0,0,0,0,0,998,0,1,5,9,9,4,3,52,0,0,0,1,48,75062,6,1,0,0,3,0,64,136,0,0,0,0,0,0,0,0,0,1,0,0,0,0,3,2,60,1,1,8,2,0,0,1,6,1,3,4,2,1,1
48,482037,1,1,2,9,10,4,10,32,0,1,0,48,2,30,42,30042,1,2001,3VWDC21V81M8,3,V,W,D,C,2,1,V,8,1,M,8,0,P,VOLK,UGX,CV,1,17,2781,,0,974,,G,,F,4,121,,,14R195,,,,,,0,0,000000000,00000000000,0,0,0,1,0,0,0,0,0,0,0,998,0,0,0,12,12,6,2,32,0,0,0,1,48,77562,6,2,0,0,3,0,999,999,0,0,0,0,0,0,0,0,0,0,0,0,0,0,1,2,30,1,1,8,1,0,0,1,12,1,1,4,6,1,0
48,482038,1,1,1,9,10,2,56,1,0,1,0,48,2,20,22,20022,2,2007,1G1AL15F6774,1,G,1,A,L,1,5,F,6,7,7,4,0,P,CHEV,BLT,CP,7,17,2991,,0,1033,,G,,F,4,134,,,15R195,,,,,,0,0,000000000,00000000000,0,0,0,1,0,0,0,0,0,0,0,998,0,1,5,0,0,4,3,1,0,0,0,1,48,75482,6,1,0,0,3,3,999,999,0,0,0,0,0,0,0,0,0,1,58,0,0,0,4,2,50,1,1,8,1,0,0,1,13,6,3,4,2,1,0
48,482039,1,1,1,9,10,23,16,1,0,1,0,48,2,12,481,12481,31,1999,1FTRX17W5XKB,1,F,T,R,X,1,7,W,5,X,K,B,0,T,FORD,F15,4C,99,17,,2,1571,1385,COF,G,,,8,281,,,,B,00000,00,U,42,0,0,000000000,00000000000,0,0,0,1,0,0,0,0,0,0,0,998,0,9,5,0,0,4,3,1,0,0,0,1,48,77619,1,1,0,0,2,0,999,999,1,6,0,0,0,11,2008,7,2011,1,0,0,0,0,1,2,55,3,1,8,2,0,0,14,13,1,1,4,1,1,0
48,482040,1,1,1,10,10,13,5,39,0,1,0,48,1,37,705,37705,80,2004,JH2PC37054M1,J,H,2,P,C,3,7,0,5,4,M,1,0,M,HOND,B60,RC,4,17,,,,,,,599,,4,,4,370,,,,,,,0,0,000000000,00000000000,0,0,0,1,0,0,0,0,0,0,0,80,0,0,0,99,99,9,2,39,0,0,0,1,48,75243,6,1,0,0,2,0,65,154,1,0,0,0,0,8,2009,8,2009,1,0,0,0,0,6,1,99,2,2,8,1,0,0,14,12,1,9,4,6,1,0
48,482041,1,3,1,10,10,10,30,12,6,1,0,48,2,7,880,7880,67,1999,1B7MC3368XJ5,1,B,7,M,C,3,3,6,8,X,J,5,0,T,DODG,Q35,4C,99,17,,3,0,1547,RPC,D,,,6,359,,,,D,5546,00,U,42,0,88,888888888,88888888888,2,1,96,1,0,0,0,0,0,0,0,998,0,0,0,12,12,6,2,12,0,0,0,1,48,79102,1,1,0,0,2,0,999,999,0,7,0,0,0,7,2009,3,2011,0,51,91,92,0,1,3,70,3,2,8,1,0,0,14,10,7,1,2,64,0,0