STATE,ST_CASE,VEH_NO,VE_FORMS,NUMOCCS,DAY,MONTH,HOUR,MINUTE,HARM_EV,MAN_COLL,UNITTYPE,HIT_RUN,REG_STAT,OWNER,MAKE,MODEL,MAK_MOD,BODY_TYP,MOD_YEAR,VIN,VIN_1,VIN_2,VIN_3,VIN_4,VIN_5,VIN_6,VIN_7,VIN_8,VIN_9,VIN_10,VIN_11,VIN_12,TOW_VEH,VINTYPE,VINMAKE,VINA_MOD,VIN_BT,VINMODYR,VIN_LNGT,VIN_WGT,WGTCD_TR,WHLBS_LG,WHLBS_SH,SER_TR,FUELCODE,MCYCL_DS,CARBUR,CYLINDER,DISPLACE,MCYCL_CY,MCYCL_WT,TIRE_SZE,TON_RAT,TRK_WT,TRKWTVAR,VIN_REST,WHLDRWHL,J_KNIFE,MCARR_I1,MCARR_I2,MCARR_ID,GVWR,V_CONFIG,CARGO_BT,HAZ_INV,HAZ_PLAC,HAZ_ID,HAZ_CNO,HAZ_REL,BUS_USE,SPEC_USE,EMER_USE,TRAV_SP,UNDERIDE,ROLLOVER,ROLINLOC,IMPACT1,IMPACT2,DEFORMED,TOWED,M_HARM,VEH_SC1,VEH_SC2,FIRE_EXP,DR_PRES,L_STATE,DR_ZIP,L_STATUS,L_TYPE,CDL_STAT,L_ENDORS,L_COMPL,L_RESTRI,DR_HGT,DR_WGT,PREV_ACC,PREV_SUS,PREV_DWI,PREV_SPD,PREV_OTH,FIRST_MO,FIRST_YR,LAST_MO,LAST_YR,SPEEDREL,DR_SF1,DR_SF2,DR_SF3,DR_SF4,VTRAFWAY,VNUM_LAN,VSPD_LIM,VALIGN,VPROFILE,VPAVETYP,VSURCOND,VTRAFCON,VTCONT_F,P_CRASH1,P_CRASH2,P_CRASH3,PCRASH4,PCRASH5,ACC_TYPE,DEATHS,DR_DRINK
48,482041,2,3,1,10,10,10,30,12,6,1,0,48,1,12,401,12401,14,2010,1FMEU7EE3AUA,1,F,M,E,U,7,E,E,3,A,U,A,0,P,FORD,EPR,UT,10,17,4628,,0,1137,,G,,F,6,244,,,17R245,,,,,,0,0,000000000,00000000000,0,0,0,1,0,0,0,0,0,0,0,998,0,0,0,12,12,6,2,12,0,0,0,1,48,79014,6,1,0,0,3,3,999,999,0,0,0,0,0,0,0,0,0,0,0,0,0,0,1,3,70,2,2,8,1,0,0,14,54,1,1,1,98,1,0
48,482041,3,3,1,10,10,10,30,12,6,1,0,48,1,20,481,20481,31,2010,3GCRKSE2XAG2,3,G,C,R,K,S,E,2,X,A,G,2,1,T,CHEV,2SK,CW,10,17,,2,0,1435,SIL,F,,,8,378,,,,B,5346,00,,44,1,0,000000000,00000000000,0,0,0,1,0,0,0,0,0,0,0,998,0,1,1,1,1,6,2,12,0,0,0,1,48,79065,6,1,0,0,3,3,999,999,0,0,0,0,0,0,0,0,0,0,0,0,0,0,1,3,70,2,2,8,1,0,0,14,62,6,1,2,65,0,0
48,482042,1,1,5,10,10,3,2,42,0,1,0,48,2,37,32,37032,4,2005,1HGCM56445A0,1,H,G,C,M,5,6,4,4,5,A,0,0,P,HOND,ULX,4D,5,17,3177,,0,1079,,G,,F,4,146,,,15R205,,,,,,0,0,000000000,00000000000,0,0,0,1,0,0,0,0,0,0,0,998,0,0,0,81,81,6,2,42,0,0,0,1,48,76018,6,1,0,0,3,0,999,999,0,0,0,1,0,11,2010,11,2010,1,0,0,0,0,2,2,45,1,1,8,1,0,0,1,8,99,4,4,7,4,0
48,482043,1,2,1,11,10,5,0,12,1,1,0,48,3,84,881,84881,62,1998,1HTSCAAM5WH5,1,H,T,S,C,A,A,M,5,W,H,5,0,T,INTL,470,CC,98,17,,6,2540,1280,40S,D,,,6,466,,,,,00000,00,,42,0,57,1532031,571532031,2,1,3,1,0,0,0,0,0,0,0,0,0,0,0,6,6,2,3,12,0,0,0,1,48,76103,6,1,0,0,3,0,999,999,0,0,0,0,0,0,0,0,0,0,54,0,0,0,3,3,60,1,2,8,1,0,0,5,53,1,1,1,21,0,0
48,482043,2,2,1,11,10,5,0,12,1,1,0,48,2,12,423,12423,15,2001,1FMNU40L11EC,1,F,M,N,U,4,0,L,1,1,E,C,0,P,FORD,EXC,UT,1,17,6536,,0,1371,,G,,F,8,330,,,16R265,,,,,,0,0,000000000,00000000000,0,0,0,1,0,0,0,0,0,0,0,998,0,0,0,12,12,6,2,12,0,0,0,1,48,78233,6,1,0,0,3,0,999,999,0,0,0,2,0,10,2010,2,2011,0,0,0,0,0,3,3,60,1,2,8,1,40,3,1,50,7,1,1,20,1,0
48,482044,1,2,2,12,10,13,35,12,7,1,0,48,2,12,461,12461,21,2002,1FBSS31LX2HB,1,F,B,S,S,3,1,L,X,2,H,B,0,T,FORD,WSD,ES,2,17,,2,0,1380,ECO,G,,,8,330,,,,D,6425,01,E,42,0,0,000000000,00000000000,0,0,0,1,0,0,0,0,0,0,0,998,0,0,0,83,83,2,3,12,0,0,0,1,48,75217,0,0,0,0,0,0,999,999,0,0,0,0,0,0,0,0,0,0,92,0,0,0,3,3,50,2,3,8,1,0,0,14,61,1,1,1,45,0,0
48,482044,2,2,1,12,10,13,35,12,7,1,0,48,2,76,705,76705,80,2007,JYARJ13E27A0,J,Y,A,R,J,1,3,E,2,7,A,0,0,M,YAMA,FHG,RC,7,17,,,,,,,600,,4,,4,410,,,,,,,0,0,000000000,00000000000,0,0,0,1,0,0,0,0,0,0,0,998,0,0,0,61,61,9,2,12,0,0,0,1,48,75217,6,1,0,0,3,0,67,143,0,5,1,0,0,10,2008,2,2011,1,28,0,0,0,3,3,50,2,3,8,1,0,0,15,6,99,1,2,47,1,0
48,482045,1,1,5,12,10,5,10,30,0,1,0,48,2,20,421,20421,15,1997,1GNEK13R5VJ3,1,G,N,E,K,1,3,R,5,V,J,3,0,P,CHEV,KTA,UT,97,17,5225,,0,1175,,G,,F,8,350,,,15R235,,,,,,0,0,000000000,00000000000,0,0,0,1,0,0,0,0,0,0,0,998,0,0,0,12,12,6,2,30,0,0,0,1,48,75069,0,0,0,0,0,0,999,999,0,2,0,0,1,6,2011,9,2011,1,91,24,0,0,3,4,60,1,1,8,2,0,0,1,6,99,1,4,1,1,1
48,482046,1,1,2,12,10,3,20,35,0,1,0,48,1,87,881,87881,66,2009,1XP7DB9X09D7,1,X,P,7,D,B,9,X,0,9,D,7,1,T,PTRB,387,TR,9,17,,8,0,0,CON,D,,,6,893,,,,,00000,00,,64,1,57,1390531,571390531,3,6,1,1,0,0,0,0,0,0,0,998,0,1,6,98,98,6,8,1,0,0,0,1,48,78043,6,1,6,0,3,0,999,999,0,0,0,0,1,1,2009,1,2009,0,0,0,0,0,2,2,75,1,1,8,1,0,0,1,13,1,1,4,1,1,0
48,482047,1,1,1,14,10,21,47,26,0,1,0,48,0,43,31,43031,1,1977,GAN6UH18861G,G,A,N,6,U,H,1,8,8,6,1,G,0,P,MG,MID,CV,77,12,1849,,0,800,,G,,1,4,091,,,13.145,,,,,,0,0,000000000,00000000000,0,0,0,1,0,0,0,0,0,0,0,998,0,1,3,12,12,6,2,26,0,0,0,1,48,76549,0,0,0,0,0,0,999,999,0,3,0,0,0,3,2009,3,2011,1,58,0,0,0,3,2,65,1,1,8,1,0,0,1,13,99,1,4,1,1,1
48,482048,1,1,99,15,10,2,45,8,0,1,1,99,9,99,999,99999,99,9999,999999999999,9,9,9,9,9,9,9,9,9,9,9,9,0,,,,,,,,,,,,,,,,,,,,,,,,,0,0,000000000,00000000000,0,0,0,1,0,0,0,0,0,0,0,998,0,0,0,12,12,9,1,8,0,0,0,1,99,99999,9,9,99,0,9,9,999,999,99,99,99,99,99,99,9999,99,9999,0,0,0,0,0,3,3,60,1,1,8,1,0,0,1,80,99,1,1,13,0,0
48,482049,1,1,1,15,10,6,55,32,0,1,0,48,1,37,706,37706,80,2001,1HFSC47071A0,1,H,F,S,C,4,7,0,7,1,A,0,0,M,HOND,GL8,RS,1,17,,,,,,,1832,,6,,4,792,,,,,,,0,0,000000000,00000000000,0,0,0,1,0,0,0,0,0,0,0,998,0,0,0,12,12,9,2,32,0,0,0,1,48,75944,6,1,0,0,3,3,999,999,0,0,0,0,0,0,0,0,0,0,0,0,0,0,1,2,55,1,1,8,1,0,0,1,13,1,1,4,1,1,0
48,482050,1,2,1,23,10,7,30,12,2,1,0,48,2,6,54,6054,6,2004,2C8GF68444R1,2,C,8,G,F,6,8,4,4,4,R,1,0,P,CHRY,PIF,UT,4,17,4546,,0,1163,,G,,F,6,214,,,17R235,,,,,,0,0,000000000,00000000000,0,0,0,1,0,0,0,0,0,0,0,998,0,0,0,12,12,4,3,12,0,0,0,1,48,76522,6,1,0,0,3,3,999,999,0,0,0,0,0,0,0,0,0,0,38,0,0,0,5,4,40,1,1,8,1,3,3,11,15,1,1,1,68,0,0
48,482050,2,2,1,23,10,7,30,12,2,1,0,48,1,72,706,72706,80,2003,1HD1FCW133Y6,1,H,D,1,F,C,W,1,3,3,Y,6,0,M,HD,FLU,RS,3,17,,,,,,,1450,,2,,4,788,,,,,,,0,0,000000000,00000000000,0,0,0,1,0,0,0,0,0,0,0,998,0,0,0,12,12,9,2,12,0,0,0,1,48,76550,6,1,6,0,3,3,999,999,0,0,0,1,0,3,2009,3,2009,0,0,0,0,0,5,4,40,1,1,8,1,3,3,1,62,1,1,1,69,1,0
48,482051,1,2,99,7,5,22,20,8,0,1,1,99,9,99,999,99999,99,9999,999999999999,9,9,9,9,9,9,9,9,9,9,9,9,0,,,,,,,,,,,,,,,,,,,,,,,,,0,0,000000000,00000000000,0,0,0,1,0,0,0,0,0,0,0,998,0,0,0,99,99,9,1,8,0,0,0,1,99,99999,9,9,99,9,9,9,999,999,99,99,99,99,99,99,9999,99,9999,0,99,99,99,99,3,5,60,1,1,8,1,0,0,1,80,1,1,3,13,0,0
48,482051,2,2,4,7,5,22,20,8,0,1,0,22,1,42,43,42043,4,2001,WDBNG70J91A1,W,D,B,N,G,7,0,J,9,1,A,1,0,P,MERZ,S43,4D,1,17,3915,,0,1215,,G,,F,8,260,,,16R225,,,,,,0,0,000000000,00000000000,0,0,0,1,0,0,0,0,0,0,0,998,0,0,0,62,62,2,9,12,0,0,0,1,22,71417,6,1,6,0,3,0,71,188,0,0,0,0,0,0,0,0,0,0,0,0,0,0,3,5,60,1,1,8,1,0,0,1,98,1,1,3,98,0,0
48,482052,1,1,3,8,5,2,10,8,0,1,0,48,1,7,482,7482,31,1998,3B7KC22D2WG1,3,B,7,K,C,2,2,D,2,W,G,1,0,T,DODG,250,PC,98,17,,2,1547,1387,RPC,D,,,6,359,,,,C,4952,01,U,42,0,0,000000000,00000000000,0,0,0,1,0,0,0,0,0,0,0,998,0,0,0,12,12,2,8,8,0,0,0,1,48,76009,6,1,0,0,3,0,999,999,2,0,0,0,0,10,2009,12,2010,0,0,0,0,0,2,3,40,1,1,8,1,0,0,1,80,3,2,2,13,0,0
48,482053,1,1,1,20,6,13,9,43,0,1,0,48,1,20,16,20016,4,2002,1G1JH12F0273,1,G,1,J,H,1,2,F,0,2,7,3,0,P,CHEV,CLP,CP,2,17,2749,,0,1041,,G,,F,4,134,,,16R205,,,,,,0,0,000000000,00000000000,0,0,0,1,0,0,0,0,0,0,0,998,0,1,5,99,11,6,2,46,0,0,0,1,48,76705,6,1,0,0,3,0,999,999,0,0,0,0,0,0,0,0,0,0,0,0,0,0,3,2,70,1,1,8,1,0,0,1,13,1,1,4,1,1,0
48,482054,1,2,1,1,7,14,30,12,6,1,0,48,1,49,472,49472,30,2004,5TESN92N54Z3,5,T,E,S,N,9,2,N,5,4,Z,3,0,T,TOYT,XPR,PC,4,17,,1,0,1219,TAC,G,,,6,206,,,,B,3355,00,U,42,0,0,000000000,00000000000,0,0,0,1,0,0,0,0,0,0,0,998,0,0,0,12,12,4,3,12,0,0,0,1,48,76179,6,1,0,0,3,0,999,999,0,0,0,0,0,0,0,0,0,0,0,0,0,0,2,2,40,1,1,8,1,0,0,1,68,3,2,3,88,0,0
48,482054,2,2,1,1,7,14,30,12,6,1,0,48,0,20,22,20022,4,2009,1G1AS58H8971,1,G,1,A,S,5,8,H,8,9,7,1,0,P,CHEV,BLS,4D,9,17,3216,,0,1033,,G,,F,4,134,,,15R195,,,,,,0,0,000000000,00000000000,0,0,0,1,0,0,0,0,0,0,0,998,0,0,0,10,10,6,2,12,0,0,0,1,48,76114,6,1,0,0,3,3,999,999,0,0,0,0,0,0,0,0,0,0,38,0,0,0,1,2,98,1,8,8,98,20,3,4,17,1,1,1,89,1,0
48,482055,1,2,1,2,7,12,7,12,6,1,0,48,1,30,40,30040,4,2005,3VWRK69MX5M0,3,V,W,R,K,6,9,M,X,5,M,0,0,P,VOLK,UJG,4D,5,17,2818,,0,989,,G,,F,4,121,,,15R195,,,,,,0,0,000000000,00000000000,0,0,0,1,0,0,0,0,0,0,0,998,0,0,0,9,9,6,2,12,0,0,0,1,48,75025,6,1,0,0,3,3,999,999,0,0,0,0,0,0,0,0,0,0,39,0,0,0,1,2,98,1,8,8,98,20,3,4,17,1,1,1,89,1,0
48,482055,2,2,1,2,7,12,7,12,6,1,0,48,2,12,422,12422,15,2003,1FMRU15W83LA,1,F,M,R,U,1,5,W,8,3,L,A,0,P,FORD,EPT,UT,3,17,5416,,0,1191,,G,,F,8,281,,,17R265,,,,,,0,0,000000000,00000000000,0,0,0,1,0,0,0,0,0,0,0,998,0,0,0,12,12,4,3,12,0,0,0,1,48,75025,6,1,0,0,3,0,999,999,0,0,0,0,0,0,0,0,0,0,0,0,0,0,2,3,45,1,1,8,1,0,0,1,66,1,1,1,88,0,0
48,482056,1,2,8,9,7,22,10,5,0,1,0,48,2,20,481,20481,31,2004,1GCGC23U24F1,1,G,C,G,C,2,3,U,2,4,F,1,0,T,CHEV,SC2,CW,4,17,,2,0,1530,SIL,G,,,8,364,,,,C,5506,00,,42,0,0,000000000,00000000000,0,0,0,1,0,0,0,0,0,0,0,998,0,0,0,0,0,0,1,5,0,0,0,1,48,76001,6,1,0,0,3,3,999,999,0,0,0,0,0,0,0,0,0,0,0,0,0,0,2,3,60,1,8,8,98,97,8,1,98,1,1,1,0,1,0
48,482056,2,2,1,9,7,22,10,5,0,1,0,48,1,19,3,19003,4,1999,1G6KD54Y7XU7,1,G,6,K,D,5,4,Y,7,X,U,7,0,P,CADI,DFW,4D,99,17,4012,,0,1138,,G,,F,8,279,,,16R225,,,,,,0,0,000000000,00000000000,0,0,0,1,0,0,0,0,0,0,0,998,0,0,0,12,12,2,1,54,0,0,0,1,48,76117,6,1,0,0,3,0,999,999,0,0,0,0,0,0,0,0,0,0,0,0,0,0,2,3,60,1,8,8,98,0,0,1,98,1,1,1,98,0,0
48,482057,1,2,99,15,8,2,50,8,0,1,1,99,9,99,999,99999,99,9999,999999999999,9,9,9,9,9,9,9,9,9,9,9,9,0,,,,,,,,,,,,,,,,,,,,,,,,,0,0,000000000,00000000000,0,0,0,1,0,0,0,0,0,99,9,998,0,0,0,12,12,2,1,8,0,0,0,1,99,99999,9,9,99,0,9,9,999,999,99,99,99,99,99,99,9999,99,9999,0,0,0,0,0,2,3,60,1,1,1,1,0,0,1,80,1,1,1,13,0,0
48,482057,2,2,1,15,8,2,50,8,0,1,0,47,3,82,881,82881,66,2012,1FUJGLBG2CLB,1,F,U,J,G,L,B,G,2,C,L,B,1,T,FRHT,125,TR,12,17,,8,0,0,CSC,D,,,6,915,,,,,00000,00,,64,1,57,36684,5736684,3,6,1,1,0,0,0,0,0,0,0,998,0,0,0,12,12,2,1,8,0,0,0,1,48,75043,6,1,6,0,3,3,999,999,0,0,0,0,1,3,2011,3,2011,0,0,0,0,0,2,3,60,1,1,1,1,0,0,1,80,1,1,1,98,0,0
48,482058,1,1,1,20,8,20,45,1,0,1,0,48,1,49,422,49422,15,2003,5TDZT38A53S1,5,T,D,Z,T,3,8,A,5,3,S,1,0,P,TOYT,SEQ,UT,3,17,5100,,0,1181,,G,,F,8,285,,,16R245,,,,,,0,0,000000000,00000000000,0,0,0,1,0,0,0,0,0,0,0,998,0,9,3,0,0,4,3,1,0,0,0,1,48,77062,6,1,0,0,3,3,999,999,0,0,0,0,0,0,0,0,0,0,0,0,0,0,2,2,40,1,1,8,1,0,0,1,13,6,1,4,6,1,1
48,482059,1,1,1,28,8,3,30,30,0,1,0,48,1,42,45,42045,1,2001,WDBKK65F81F1,W,D,B,K,K,6,5,F,8,1,F,1,0,P,MERZ,SK3,CV,1,17,3040,,0,946,,G,,F,6,195,,,16R205,,,,,,0,0,000000000,00000000000,0,0,0,1,0,0,0,0,0,0,0,998,0,0,0,12,2,6,2,30,0,0,0,1,48,77093,6,1,0,0,3,0,999,999,0,6,0,0,0,10,2008,6,2011,0,0,0,0,0,4,2,40,1,1,1,1,0,0,1,12,1,1,4,6,1,1
48,482060,1,2,1,8,9,7,19,12,2,1,0,48,1,20,481,20481,31,2001,2GCEC19T4111,2,G,C,E,C,1,9,T,4,1,1,1,0,T,CHEV,SC1,4C,1,17,,2,1575,1435,SIL,G,,,8,325,,,,B,4413,00,,42,0,0,000000000,00000000000,0,0,0,1,0,0,0,0,0,0,0,998,0,0,0,12,12,6,2,12,0,0,0,1,48,75159,6,1,0,0,3,3,59,147,1,0,0,0,0,1,2010,1,2010,0,51,0,0,0,1,2,55,2,1,8,1,0,0,14,54,1,1,1,50,1,0
48,482060,2,2,1,8,9,7,19,12,2,1,0,48,1,7,482,7482,31,2002,3D7HA18N22G1,3,D,7,H,A,1,8,N,2,2,G,1,0,T,DODG,Q15,CW,2,17,,2,1605,1405,RPC,G,,,8,287,,,,B,4747,01,E,42,0,0,000000000,00000000000,0,0,0,1,0,0,0,0,0,0,0,998,0,0,0,12,12,6,2,12,0,0,0,1,48,75142,6,1,0,0,3,0,63,293,0,0,0,0,0,0,0,0,0,0,0,0,0,0,1,2,55,3,1,8,1,0,0,14,54,1,1,1,51,1,1
48,482061,1,1,1,9,9,15,0,59,0,1,0,48,1,53,706,53706,80,2006,JS1VS55AX621,J,S,1,V,S,5,5,A,X,6,2,1,0,M,SUZI,C50,RS,6,17,,,,,,,805,,2,,4,542,,,,,,,0,0,000000000,00000000000,0,0,0,1,0,0,0,0,0,0,0,58,0,0,0,12,99,9,2,59,0,0,0,1,48,79560,6,1,0,0,3,3,999,999,0,0,0,0,0,0,0,0,0,0,41,0,0,0,1,2,70,2,1,8,1,40,3,14,12,1,1,4,6,1,0
48,482062,1,1,3,10,9,22,0,1,0,1,0,48,2,12,481,12481,31,2004,2FTRF17204CA,2,F,T,R,F,1,7,2,0,4,C,A,0,T,FORD,HER,PK,4,17,,2,0,1200,COF,G,,,6,256,,,,B,4050,00,U,42,0,0,000000000,00000000000,0,0,0,1,0,0,0,0,0,0,0,998,0,1,5,0,0,4,3,1,0,0,0,1,48,78393,6,1,0,0,3,3,999,999,0,0,0,0,0,0,0,0,0,0,58,91,0,0,1,2,70,1,1,8,1,0,0,17,12,7,4,4,7,1,1
48,482063,1,1,1,12,9,14,12,59,0,1,0,48,1,72,706,72706,80,2005,1HD1FCW135Y6,1,H,D,1,F,C,W,1,3,5,Y,6,0,M,HD,FLU,RS,5,17,,,,,,,1450,,2,,4,788,,,,,,,0,0,000000000,00000000000,0,0,0,1,0,0,0,0,0,0,0,998,0,0,0,12,12,9,2,59,0,0,0,1,48,77430,6,1,0,0,3,0,69,173,0,0,0,0,0,0,0,0,0,1,0,0,0,0,1,2,55,2,1,8,1,0,0,14,12,1,1,4,6,1,1
48,482064,1,2,4,13,9,7,27,12,6,1,0,6,2,34,34,34034,4,1992,WBACB3319NFE,W,B,A,C,B,3,3,1,9,N,F,E,0,P,BMW,325,4D,92,17,3991,,0,1063,,G,,F,6,152,,,15R205,,,,,,0,0,000000000,00000000000,0,0,0,1,0,0,0,0,0,0,0,998,0,1,5,9,9,4,3,12,0,0,0,1,6,93611,6,1,0,0,3,0,74,200,1,0,0,0,0,2,2011,2,2011,0,39,0,0,0,2,2,35,1,1,8,1,3,3,1,17,1,1,1,89,1,0
48,482064,2,2,1,13,9,7,27,12,6,1,0,48,2,37,32,37032,4,2009,JHMCP263X9C0,J,H,M,C,P,2,6,3,X,9,C,0,0,P,HOND,ULX,4D,9,17,3230,,0,1102,,G,,F,4,146,,,16R215,,,,,,0,0,000000000,00000000000,0,0,0,1,0,0,0,0,0,0,0,998,0,0,0,12,12,4,3,12,0,0,0,1,48,77089,6,1,0,0,3,3,999,999,0,0,0,0,0,0,0,0,0,0,0,0,0,0,1,4,99,1,1,8,1,3,3,1,66,1,1,1,88,0,0
48,482065,1,1,1,24,9,22,10,38,0,1,0,48,1,12,481,12481,31,2004,1FTRW12W54KC,1,F,T,R,W,1,2,W,5,4,K,C,0,T,FORD,F1S,CW,4,17,,2,1450,1260,COF,G,,,8,281,,,,B,5270,00,U,42,0,0,000000000,00000000000,0,0,0,1,0,0,0,0,0,0,0,998,0,1,5,99,0,6,2,1,0,0,0,1,48,78002,0,0,0,0,0,0,999,999,0,0,0,0,0,0,0,0,0,1,0,0,0,0,1,2,40,1,1,8,1,0,0,1,6,1,4,4,2,1,1
48,482066,1,1,1,18,9,17,38,41,0,1,0,48,1,34,398,34398,2,2008,WBAUP73598VF,W,B,A,U,P,7,3,5,9,8,V,F,0,P,BMW,12I,CP,8,17,3252,,0,1047,,G,,F,6,183,,,17R205,,,,,,0,0,000000000,00000000000,0,0,0,1,0,0,0,0,0,0,0,998,0,0,0,12,12,2,3,30,0,0,0,1,48,77706,6,1,0,0,3,0,999,999,0,0,0,0,0,0,0,0,0,0,0,0,0,0,1,2,35,4,1,8,2,0,0,14,12,1,1,4,6,1,0
48,482067,1,1,3,18,9,3,5,8,0,1,0,48,2,12,23,12023,4,2009,3FAHP07Z69R1,3,F,A,H,P,0,7,Z,6,9,R,1,0,P,FORD,F/E,4D,9,17,3181,,0,1074,,G,,F,4,140,,,16R205,,,,,,0,0,000000000,00000000000,0,0,0,1,0,0,0,0,0,0,0,998,0,0,0,12,12,4,3,8,0,0,0,1,48,78584,6,1,0,0,3,0,999,999,0,0,0,0,0,0,0,0,0,0,0,0,0,0,5,4,60,1,1,8,2,0,0,1,80,99,1,1,13,0,1
48,482068,1,1,1,18,9,22,0,52,0,1,0,48,2,7,482,7482,31,2007,1D7KS28A87J6,1,D,7,K,S,2,8,A,8,7,J,6,0,T,DODG,SQ2,CW,7,17,,2,1605,1405,RPC,D,,,6,408,,,,C,6424,06,E,44,0,0,000000000,00000000000,0,0,0,1,0,0,0,0,0,0,0,998,0,1,5,12,12,6,2,52,0,0,0,1,48,78597,6,1,0,0,3,0,999,999,0,0,0,0,0,0,0,0,0,1,0,0,0,0,1,2,70,1,1,8,1,0,0,1,13,1,1,4,1,1,1
48,482069,1,1,1,21,9,3,27,8,0,1,0,48,1,49,32,49032,4,2010,1NXBU4EEXAZ2,1,N,X,B,U,4,E,E,X,A,Z,2,0,P,TOYT,CBL,4D,10,17,2723,,0,1024,,G,,F,4,110,,,15R195,,,,,,0,0,000000000,00000000000,0,0,0,1,0,0,0,0,0,0,0,998,0,0,0,12,12,4,3,8,0,0,0,1,48,77048,1,1,0,0,2,3,999,999,0,3,0,1,0,6,2009,1,2011,0,39,0,0,0,2,2,35,1,1,1,1,3,3,1,83,1,1,1,13,0,1
48,482070,1,4,1,23,9,14,18,5,0,1,0,48,1,72,706,72706,80,2003,1HD1FRW4X3Y7,1,H,D,1,F,R,W,4,X,3,Y,7,0,M,HD,FCA,RS,3,17,,,,,,,1450,,2,,4,710,,,,,,,0,0,000000000,00000000000,0,0,0,1,0,0,0,0,0,0,0,998,0,0,0,0,99,9,2,12,0,0,0,1,48,79062,6,1,0,0,3,3,999,999,0,0,0,0,0,0,0,0,0,1,0,0,0,0,3,2,65,1,1,8,1,98,3,2,98,3,4,3,0,1,0
48,482070,2,4,1,23,9,14,18,5,0,1,0,48,2,72,706,72706,80,2003,1HD1FFW1X3Y6,1,H,D,1,F,F,W,1,X,3,Y,6,0,M,HD,TCI,RS,3,17,,,,,,,1450,,2,,4,776,,,,,,,0,0,000000000,00000000000,0,0,0,1,0,0,0,0,0,0,0,998,0,0,0,0,99,9,2,12,0,0,0,1,48,79714,6,1,0,0,2,3,999,999,0,0,0,0,0,0,0,0,0,1,0,0,0,0,3,2,65,1,1,8,1,98,3,2,50,3,4,3,98,0,0
48,482070,3,4,1,23,9,14,18,5,0,1,0,48,1,72,706,72706,80,2007,1HD1FB4187Y6,1,H,D,1,F,B,4,1,8,7,Y,6,0,M,HD,FHR,RS,7,17,,,,,,,1584,,2,,4,737,,,,,,,0,0,000000000,00000000000,0,0,0,1,0,0,0,0,0,0,0,998,0,0,0,99,99,9,1,12,0,0,0,1,48,79763,6,1,0,0,3,3,999,999,0,0,0,0,0,0,0,0,0,0,0,0,0,0,3,2,65,1,1,8,1,98,3,1,50,4,1,1,98,0,0
48,482070,4,4,2,23,9,14,18,5,0,1,0,48,1,49,403,49403,14,2008,JTEEW41A1820,J,T,E,E,W,4,1,A,1,8,2,0,0,P,TOYT,HIG,UT,8,17,4508,,0,1098,,B,,F,6,201,,,17R245,,,,,,0,0,000000000,00000000000,0,0,0,1,0,0,0,0,0,0,0,0,0,0,0,6,6,4,1,12,0,0,0,1,48,79606,6,1,0,0,3,0,999,999,0,0,0,3,0,8,2009,2,2011,0,0,0,0,0,3,2,65,1,1,8,1,98,3,5,52,1,1,1,98,0,0
48,482071,1,2,1,24,9,16,14,12,6,1,0,48,2,7,880,7880,67,2010,3D73M4EL9AG1,3,D,7,3,M,4,E,L,9,A,G,1,0,T,DODG,350,PK,10,17,,3,0,1600,RPC,D,,,6,408,,,,D,6847,00,E,42,0,88,888888888,88888888888,2,1,97,1,0,0,0,0,0,0,0,998,0,0,0,12,12,4,3,12,0,0,0,1,48,77377,6,1,0,0,3,0,999,999,0,0,0,0,0,0,0,0,0,0,0,0,0,0,5,4,50,1,1,8,1,0,0,1,62,7,1,2,69,0,0
48,482071,2,2,2,24,9,16,14,12,6,1,0,48,2,54,35,54035,4,2008,19UUA66288A0,1,9,U,U,A,6,6,2,8,8,A,0,0,P,ACUR,ATL,4D,8,17,3623,,0,1079,,G,,F,6,195,,,17R235,,,,,,0,0,000000000,00000000000,0,0,0,1,0,0,0,0,0,0,0,998,0,1,5,3,3,4,3,12,0,0,0,1,48,77375,6,1,0,0,3,0,999,999,0,0,0,1,2,5,2009,11,2009,0,38,0,0,0,5,4,50,1,1,8,1,0,0,11,15,1,1,1,68,1,0
48,482072,1,1,1,24,9,2,35,18,0,1,0,48,1,12,16,12016,4,2000,2FAFP71W6YX1,2,F,A,F,P,7,1,W,6,Y,X,1,0,P,FORD,CVP,4D,0,17,3946,,0,1147,,G,,F,8,281,,,16R225,,,,,,0,0,000000000,00000000000,0,0,0,1,0,0,0,0,0,0,0,998,0,0,0,12,12,6,2,2,0,0,1,1,48,78389,1,1,0,0,2,0,999,999,0,4,1,0,0,1,2009,9,2011,1,0,0,0,0,1,2,45,1,1,8,1,99,3,1,90,1,1,1,12,1,1
48,482073,1,1,2,25,9,5,10,14,0,1,0,48,1,20,481,20481,31,1993,1GCEK14ZXPZ2,1,G,C,E,K,1,4,Z,X,P,Z,2,0,T,CHEV,GK1,PK,93,17,,2,1315,1175,GM4,G,,,6,262,,,,B,4111,02,,44,0,0,000000000,00000000000,0,0,0,1,0,0,0,0,0,0,0,998,0,0,0,12,12,6,2,14,0,0,1,1,48,79415,1,1,0,0,2,3,999,999,0,2,0,1,0,11,2010,6,2011,1,51,0,0,0,1,2,55,1,1,8,1,0,0,1,12,1,1,4,6,2,1
48,482074,1,1,1,26,9,21,33,35,0,1,0,48,1,63,34,63034,4,2004,KNAGD1260452,K,N,A,G,D,1,2,6,0,4,5,2,0,P,KIA,OLE,4D,4,17,3281,,0,1063,,G,,F,4,144,,,15R205,,,,,,0,0,000000000,00000000000,0,0,0,1,0,0,0,0,0,0,0,998,0,1,5,12,0,6,2,1,0,0,0,1,48,76401,1,1,1,0,2,0,999,999,0,13,0,2,1,11,2008,6,2011,1,0,0,0,0,1,2,60,3,3,8,1,0,0,14,12,1,1,4,6,1,0