STATE,ST_CASE,VEH_NO,VE_FORMS,NUMOCCS,DAY,MONTH,HOUR,MINUTE,HARM_EV,MAN_COLL,UNITTYPE,HIT_RUN,REG_STAT,OWNER,MAKE,MODEL,MAK_MOD,BODY_TYP,MOD_YEAR,VIN,VIN_1,VIN_2,VIN_3,VIN_4,VIN_5,VIN_6,VIN_7,VIN_8,VIN_9,VIN_10,VIN_11,VIN_12,TOW_VEH,VINTYPE,VINMAKE,VINA_MOD,VIN_BT,VINMODYR,VIN_LNGT,VIN_WGT,WGTCD_TR,WHLBS_LG,WHLBS_SH,SER_TR,FUELCODE,MCYCL_DS,CARBUR,CYLINDER,DISPLACE,MCYCL_CY,MCYCL_WT,TIRE_SZE,TON_RAT,TRK_WT,TRKWTVAR,VIN_REST,WHLDRWHL,J_KNIFE,MCARR_I1,MCARR_I2,MCARR_ID,GVWR,V_CONFIG,CARGO_BT,HAZ_INV,HAZ_PLAC,HAZ_ID,HAZ_CNO,HAZ_REL,BUS_USE,SPEC_USE,EMER_USE,TRAV_SP,UNDERIDE,ROLLOVER,ROLINLOC,IMPACT1,IMPACT2,DEFORMED,TOWED,M_HARM,VEH_SC1,VEH_SC2,FIRE_EXP,DR_PRES,L_STATE,DR_ZIP,L_STATUS,L_TYPE,CDL_STAT,L_ENDORS,L_COMPL,L_RESTRI,DR_HGT,DR_WGT,PREV_ACC,PREV_SUS,PREV_DWI,PREV_SPD,PREV_OTH,FIRST_MO,FIRST_YR,LAST_MO,LAST_YR,SPEEDREL,DR_SF1,DR_SF2,DR_SF3,DR_SF4,VTRAFWAY,VNUM_LAN,VSPD_LIM,VALIGN,VPROFILE,VPAVETYP,VSURCOND,VTRAFCON,VTCONT_F,P_CRASH1,P_CRASH2,P_CRASH3,PCRASH4,PCRASH5,ACC_TYPE,DEATHS,DR_DRINK
48,482107,1,3,1,23,10,2,30,12,1,1,1,99,9,99,999,99999,99,9999,999999999999,9,9,9,9,9,9,9,9,9,9,9,9,0,,,,,,,,,,,,,,,,,,,,,,,,,0,0,000000000,00000000000,0,0,0,1,0,0,0,0,0,0,0,998,0,0,0,12,12,9,1,12,0,0,0,1,99,99999,9,9,99,9,9,9,999,999,99,99,99,99,99,99,9999,99,9999,1,91,0,0,0,3,5,60,1,2,8,1,0,0,1,51,1,1,1,24,0,0
48,482107,2,3,1,23,10,2,30,12,1,1,0,48,1,76,706,76706,80,2005,JYAVP11E05A0,J,Y,A,V,P,1,1,E,0,5,A,0,0,M,YAMA,XVA,RS,5,17,,,,,,,1063,,2,,4,571,,,,,,,0,0,000000000,00000000000,0,0,0,1,0,0,0,0,0,0,0,998,0,0,0,6,6,4,3,12,0,0,0,1,48,78680,6,1,0,0,2,3,999,999,0,6,0,1,0,10,2009,2,2010,0,0,0,0,0,3,5,60,1,2,8,1,0,0,1,53,1,1,1,25,1,0
48,482107,3,3,1,23,10,2,30,12,1,1,0,48,1,37,31,37031,2,1996,1HGEJ6128TL0,1,H,G,E,J,6,1,2,8,T,L,0,0,P,HOND,UCD,CP,96,17,2208,,0,1032,,G,,F,4,097,,,13R175,,,,,,0,0,000000000,00000000000,0,0,0,1,0,0,0,0,0,0,0,998,0,0,0,12,12,4,3,12,0,0,0,1,48,78130,6,1,0,0,3,3,999,999,0,1,0,0,0,2,2009,2,2009,0,0,0,0,0,3,5,60,1,2,8,1,0,0,1,61,1,1,1,98,0,1
48,482108,1,2,1,24,10,19,40,12,6,1,0,48,1,12,481,12481,31,1999,1FTRX18L3XKA,1,F,T,R,X,1,8,L,3,X,K,A,0,T,FORD,F15,4C,99,17,,2,1574,1388,COF,G,,,8,330,,,,B,00000,00,U,44,0,0,000000000,00000000000,0,0,0,1,0,0,0,0,0,0,0,998,0,0,0,12,12,2,3,12,0,0,0,1,28,38668,6,1,0,0,3,0,70,185,0,0,0,0,0,0,0,0,0,0,38,92,0,0,1,2,99,1,1,8,1,20,3,11,15,1,1,1,82,0,0
48,482108,2,2,1,24,10,19,40,12,6,1,0,48,1,72,706,72706,80,2001,1HD1CGP171K1,1,H,D,1,C,G,P,1,7,1,K,1,0,M,HD,20C,RS,1,17,,,,,,,1200,,2,,4,491,,,,,,,0,0,000000000,00000000000,0,0,0,1,0,0,0,0,0,0,0,998,0,0,0,81,81,9,2,12,0,0,0,1,48,79735,6,1,6,0,2,0,999,999,0,1,0,0,0,3,2010,3,2010,0,0,0,0,0,5,4,50,1,1,8,1,0,0,6,72,1,1,2,83,1,0
48,482109,1,1,4,26,10,17,27,8,0,1,0,48,2,20,431,20431,16,1994,1GNEC16K7RJ4,1,G,N,E,C,1,6,K,7,R,J,4,0,P,CHEV,C15,UT,94,17,4672,,0,1315,,G,,F,8,350,,,000000,,,,,,0,0,000000000,00000000000,0,0,0,1,0,0,0,0,0,0,0,998,0,0,0,12,12,0,1,8,32,0,0,1,48,78221,6,1,0,0,3,0,999,999,0,0,0,0,0,0,0,0,0,0,0,0,0,0,1,2,99,1,1,8,1,3,3,11,80,4,1,1,13,0,0
48,482110,1,2,1,26,10,7,23,12,6,1,0,22,3,12,481,12481,31,2001,1FTSW31F81ED,1,F,T,S,W,3,1,F,8,1,E,D,0,T,FORD,F3S,CW,1,17,,2,1724,1562,SRW,D,,,8,444,,,,D,5942,07,E,44,0,0,000000000,00000000000,0,0,0,1,0,0,0,0,0,0,0,998,0,0,0,10,10,2,3,12,0,0,0,1,48,77535,6,1,0,0,3,0,999,999,0,0,0,0,0,0,0,0,0,0,38,0,0,0,1,2,99,1,1,8,1,20,3,1,17,1,1,1,89,0,0
48,482110,2,2,1,26,10,7,23,12,6,1,0,48,1,72,706,72706,80,2008,1HD1GY4438K3,1,H,D,1,G,Y,4,4,3,8,K,3,0,M,HD,FTB,RS,8,17,,,,,,,1584,,2,,4,703,,,,,,,0,0,000000000,00000000000,0,0,0,1,0,0,0,0,0,0,0,998,0,0,0,12,12,9,2,12,0,0,0,1,48,77535,6,1,0,0,3,0,999,999,0,0,0,2,0,5,2010,3,2011,0,0,0,0,0,2,2,65,1,1,8,1,0,0,1,66,1,1,1,88,1,0
48,482111,1,2,1,16,5,16,45,1,0,1,0,48,0,37,706,37706,80,2001,JH2SC44021M1,J,H,2,S,C,4,4,0,2,1,M,1,0,M,HOND,CR9,RC,1,17,,,,,,,929,,4,,4,379,,,,,,,0,0,000000000,00000000000,0,0,0,1,0,0,0,0,0,0,0,998,0,0,0,0,12,9,2,1,0,0,0,1,22,70665,6,1,0,0,3,0,71,140,0,0,0,0,0,0,0,0,0,0,0,0,0,0,1,4,45,1,1,8,1,0,0,1,61,98,2,1,98,1,0
48,482111,2,2,1,16,5,16,45,1,0,1,0,48,1,23,481,23481,31,2008,2GTEC19J8811,2,G,T,E,C,1,9,J,8,8,1,1,0,T,GMC,SC1,4C,8,17,,2,1575,1339,SIE,G,,,8,323,,,,B,4870,03,4,42,0,0,000000000,00000000000,0,0,0,1,0,0,0,0,0,0,0,998,0,0,0,83,83,2,8,12,0,0,0,1,48,77373,6,1,0,0,3,0,999,999,0,0,0,0,0,0,0,0,0,0,48,0,0,0,1,4,45,1,1,8,1,0,0,10,16,1,1,2,98,0,0
48,482112,1,1,1,15,6,2,59,8,0,1,0,48,1,7,482,7482,31,2006,1D7HA18N06S5,1,D,7,H,A,1,8,N,0,6,S,5,0,T,DODG,SQ1,CW,6,17,,2,1405,1205,RPC,G,,,8,287,,,,B,4833,02,E,42,0,0,000000000,00000000000,0,0,0,1,0,0,0,0,0,0,0,998,0,0,0,12,12,2,8,8,0,0,0,1,48,76039,6,1,0,0,3,3,999,999,0,0,0,0,0,0,0,0,0,0,0,0,0,0,3,3,65,3,2,8,1,0,0,14,80,1,1,1,13,0,0
48,482113,1,1,1,20,7,18,50,38,0,1,0,48,1,9,38,9038,4,1998,1P3EJ46C3WN1,1,P,3,E,J,4,6,C,3,W,N,1,0,P,PLYM,BEE,4D,98,17,2848,,0,1080,,G,,F,4,122,,,14R195,,,,,,0,0,000000000,00000000000,0,0,0,1,0,0,0,0,0,0,0,998,0,0,0,12,12,6,2,38,0,0,0,1,48,76821,6,1,0,0,3,0,999,999,0,0,0,0,0,0,0,0,0,0,0,0,0,0,1,2,70,1,1,8,1,0,0,1,13,1,1,4,1,1,0
48,482114,1,1,1,27,7,21,30,8,0,1,1,48,1,7,21,7021,6,2005,2D4GZ48V55H5,2,D,4,G,Z,4,8,V,5,5,H,5,0,P,DODG,MGN,UT,5,17,3811,,0,1200,,G,,F,6,214,,,17R215,,,,,,0,0,000000000,00000000000,0,0,0,1,0,0,0,0,0,0,0,998,0,0,0,12,12,2,1,8,0,0,0,1,48,77045,6,1,6,0,3,0,999,999,0,0,0,0,0,0,0,0,0,0,91,0,0,0,1,4,35,1,1,1,1,0,0,1,80,1,1,1,13,0,0
48,482115,1,1,1,17,8,1,30,1,0,1,0,48,2,37,32,37032,2,2003,1HGCM82693A0,1,H,G,C,M,8,2,6,9,3,A,0,0,P,HOND,UEX,CP,3,17,3047,,0,1051,,G,,F,6,183,,,16R205,,,,,,0,0,000000000,00000000000,0,0,0,1,0,0,0,0,0,0,0,998,0,2,5,0,0,6,2,1,0,0,0,1,48,77379,6,1,0,0,3,0,999,999,0,2,0,3,1,3,2009,1,2011,1,58,0,0,0,3,2,50,3,6,2,1,0,0,14,13,7,3,4,1,1,0
48,482116,1,1,1,23,8,21,28,33,0,1,0,48,1,72,706,72706,80,1998,1HD1CGP18WY2,1,H,D,1,C,G,P,1,8,W,Y,2,0,M,HD,20C,RS,98,17,,,,,,,1200,,2,,4,491,,,,,,,0,0,000000000,00000000000,0,0,0,1,0,0,0,0,0,0,0,998,0,0,0,12,12,2,3,33,0,0,0,1,48,77022,6,1,0,0,3,0,999,999,0,0,0,0,0,0,0,0,0,0,27,24,0,0,6,4,60,2,1,1,1,0,0,15,12,1,1,4,14,1,1
48,482117,1,1,4,27,8,16,31,1,0,1,0,48,2,20,421,20421,15,2003,1GNEC13V63R2,1,G,N,E,C,1,3,V,6,3,R,2,0,P,CHEV,CTA,UT,3,17,4828,,0,1160,,G,,F,8,293,,,16R265,,,,,,0,0,000000000,00000000000,0,0,0,1,0,0,0,0,0,0,0,998,0,2,3,0,0,4,3,1,0,0,0,1,48,78022,6,1,0,0,3,0,999,999,0,0,0,0,0,0,0,0,0,0,58,0,0,0,2,2,70,1,1,8,1,0,0,1,8,7,3,4,7,3,1
48,482118,1,1,1,1,9,21,52,43,0,1,0,48,0,37,705,37705,80,2006,JH2PC37046M3,J,H,2,P,C,3,7,0,4,6,M,3,0,M,HOND,B60,RC,6,17,,,,,,,599,,4,,4,361,,,,,,,0,0,000000000,00000000000,0,0,0,1,0,0,0,0,0,0,0,998,0,0,0,98,98,9,2,43,0,0,0,1,48,75043,1,1,0,0,2,3,999,999,0,7,0,1,0,1,2009,3,2011,1,85,58,0,0,3,3,70,1,1,8,1,0,0,1,51,7,1,4,1,1,0
48,482119,1,1,1,13,9,6,16,11,0,1,0,48,1,76,706,76706,80,2005,JYAVP11E05A0,J,Y,A,V,P,1,1,E,0,5,A,0,0,M,YAMA,XVA,RS,5,17,,,,,,,1063,,2,,4,571,,,,,,,0,0,000000000,00000000000,0,0,0,1,0,0,0,0,0,0,0,998,0,0,0,12,12,9,2,11,0,0,0,1,48,75417,6,1,6,0,3,3,999,999,0,0,0,0,0,0,0,0,0,0,0,0,0,0,1,2,65,1,1,8,1,0,0,1,87,1,1,1,13,1,0
48,482120,1,2,1,13,9,8,24,12,2,1,0,48,2,7,24,7024,4,2010,2B3CA3CV2AH2,2,B,3,C,A,3,C,V,2,A,H,2,0,P,DODG,CHS,4D,10,17,3820,,0,1200,,G,,F,6,214,,,17R215,,,,,,0,0,000000000,00000000000,0,0,0,1,0,0,0,0,0,0,0,998,0,0,0,12,12,4,3,8,0,0,0,1,48,79109,6,1,0,0,3,0,999,999,0,0,0,0,0,0,0,0,0,0,0,0,0,0,5,5,60,1,1,8,1,0,0,1,10,1,1,2,52,0,0
48,482120,2,2,0,13,9,8,24,12,2,1,0,93,6,86,881,86881,66,2000,1M1AE07YXYW0,1,M,1,A,E,0,7,Y,X,Y,W,0,1,T,MACK,CX6,TR,0,17,,8,0,0,600,D,,,6,728,,,,,00000,00,,64,1,57,620419,57620419,3,6,8,1,0,0,0,0,0,0,0,0,0,0,0,12,12,2,1,12,0,0,0,0,0,99997,7,6,97,7,6,7,998,997,998,998,998,998,998,98,9998,98,9998,8,20,0,0,0,5,5,60,1,1,8,1,0,0,0,62,0,0,0,52,0,0
48,482121,1,1,2,14,9,1,2,38,0,1,0,48,2,49,402,49402,14,1997,JT3HP10VXV01,J,T,3,H,P,1,0,V,X,V,0,1,0,P,TOYT,RV4,UT,97,17,2789,,0,949,,G,,F,4,122,,,16R215,,,,,,0,0,000000000,00000000000,0,0,0,1,0,0,0,0,0,0,0,998,0,1,6,3,3,4,3,1,0,0,0,1,48,75566,6,1,0,0,3,0,66,170,0,0,0,0,0,0,0,0,0,1,58,0,0,0,1,2,70,1,1,8,1,0,0,1,13,6,4,4,7,1,1
48,482122,1,1,4,17,9,10,8,15,0,1,0,48,2,37,32,37032,4,2001,1HGCG56461A0,1,H,G,C,G,5,6,4,6,1,A,0,0,P,HOND,ULX,4D,1,17,3031,,0,1069,,G,,F,4,138,,,15R195,,,,,,0,0,000000000,00000000000,0,0,0,1,0,0,0,0,0,0,0,998,0,0,0,12,12,2,3,15,0,0,0,1,5,75501,6,1,0,0,3,0,63,170,0,0,0,0,0,0,0,0,0,0,0,0,0,0,1,2,60,2,1,8,1,0,0,14,80,6,1,2,13,0,0
48,482123,1,1,2,17,9,12,46,1,0,1,1,48,2,7,482,7482,31,2003,1D7HA18N33S1,1,D,7,H,A,1,8,N,3,3,S,1,0,T,DODG,SQ1,CW,3,17,,2,1605,1405,RPC,G,,,8,287,,,,B,4665,03,E,42,0,0,000000000,00000000000,0,0,0,1,0,0,0,0,0,0,0,998,0,2,1,0,9,6,2,1,0,0,0,1,48,78228,1,1,0,0,2,0,999,999,1,1,0,1,0,1,2010,3,2011,1,37,27,0,0,1,2,98,1,1,8,1,0,0,1,6,1,3,7,1,1,1
48,482124,1,1,1,18,9,0,19,1,0,1,0,48,2,23,401,23401,14,2003,1GKDS13S2322,1,G,K,D,S,1,3,S,2,3,2,2,0,T,GMC,ENV,4W,3,17,,1,0,1130,ENV,G,,,6,256,,,,B,4417,00,E,42,0,0,000000000,00000000000,0,0,0,1,0,0,0,0,0,0,0,998,0,2,5,0,3,6,2,1,0,0,0,1,48,75630,3,1,0,0,2,0,68,219,0,0,0,0,0,0,0,0,0,1,0,0,0,0,1,2,70,2,1,8,1,0,0,14,13,1,9,4,1,1,1
48,482125,1,3,1,18,9,22,5,12,1,1,1,48,2,12,481,12481,31,2009,1FTSW21R29EA,1,F,T,S,W,2,1,R,2,9,E,A,0,T,FORD,F2S,CW,9,17,,2,1720,1560,SRW,D,,,8,390,,,,B,6523,01,E,44,0,0,000000000,00000000000,0,0,0,1,0,0,0,0,0,0,0,998,0,0,0,12,12,4,3,8,0,0,0,1,48,78589,6,1,0,0,3,0,999,999,0,0,0,0,0,0,0,0,0,0,0,0,0,0,2,4,55,1,1,8,2,0,0,1,50,1,1,1,32,0,1
48,482125,2,3,0,18,9,22,5,12,1,1,0,48,6,35,39,35039,4,1998,JN1CA21D1WT6,J,N,1,C,A,2,1,D,1,W,T,6,0,P,NISS,MGS,4D,98,17,3026,,0,1063,,G,,F,6,182,,,15R205,,,,,,0,0,000000000,00000000000,0,0,0,1,0,0,0,0,0,0,0,0,0,0,0,6,6,6,2,12,0,0,0,0,0,99997,7,6,97,7,6,7,998,997,998,998,998,998,998,98,9998,98,9998,8,54,23,0,0,2,4,55,1,1,8,2,0,0,0,53,0,0,0,32,0,0
48,482125,3,3,1,18,9,22,5,12,1,1,0,48,6,35,39,35039,4,1989,JN1HJ01P4KT2,J,N,1,H,J,0,1,P,4,K,T,2,0,P,NISS,MAX,4D,89,17,3086,,0,1043,,G,,F,6,181,,,15R205,,,,,,0,0,000000000,00000000000,0,0,0,1,0,0,0,0,0,0,0,0,0,0,0,6,6,4,3,12,0,0,0,0,0,99997,7,6,97,7,6,7,998,997,998,998,998,998,998,98,9998,98,9998,8,0,0,0,0,2,4,55,1,1,8,2,0,0,0,53,0,0,0,98,0,0
48,482126,1,1,5,18,9,22,30,32,0,1,0,48,2,52,37,52037,2,1995,4A3AK44Y9SE1,4,A,3,A,K,4,4,Y,9,S,E,1,0,P,MITS,EGS,2H,95,17,2899,,0,988,,G,,F,4,122,,,16R205,,,,,,0,0,000000000,00000000000,0,0,0,1,0,0,0,0,0,0,0,998,0,0,0,12,12,6,2,38,0,0,0,1,48,78610,1,1,0,0,2,0,999,999,0,7,0,1,0,9,2010,9,2011,1,0,0,0,0,1,2,45,1,3,8,1,0,0,1,6,1,4,4,7,1,1
48,482127,1,1,1,19,9,4,30,53,0,1,0,48,1,20,471,20471,30,1999,1GCCS1448X82,1,G,C,C,S,1,4,4,8,X,8,2,0,T,CHEV,S14,PK,99,17,,1,1179,1083,S,G,,,4,133,,,,B,3015,01,,42,0,0,000000000,00000000000,0,0,0,1,0,0,0,0,0,0,0,998,0,2,5,12,3,4,3,1,0,0,0,1,48,75440,6,1,0,0,3,0,65,180,0,0,0,2,0,9,2009,8,2011,0,0,0,0,0,1,2,55,1,1,8,1,0,0,1,13,1,1,4,1,1,1
48,482128,1,1,2,22,9,20,23,8,0,1,0,48,2,12,17,12017,4,2005,1FAHP53U15A1,1,F,A,H,P,5,3,U,1,5,A,1,0,P,FORD,TSE,4D,5,17,3306,,0,1085,,G,,F,6,182,,,16R215,,,,,,0,0,000000000,00000000000,0,0,0,1,0,0,0,0,0,0,0,998,0,0,0,12,12,2,3,8,0,0,0,1,48,76705,0,0,0,0,0,0,999,999,0,0,0,0,0,0,0,0,0,0,91,0,0,0,1,2,40,1,1,8,1,0,0,1,80,1,9,9,13,0,0
48,482129,1,2,2,23,9,9,33,12,6,1,0,4,1,98,850,98850,73,2007,1GBG5U1237F4,1,G,B,G,5,U,1,2,3,7,F,4,1,T,CHEV,C5U,MH,7,17,,6,2390,1660,C55,D,,,8,403,,,,,00000,00,,42,3,0,000000000,00000000000,0,0,0,1,0,0,0,0,0,0,0,998,0,0,0,12,12,4,3,12,0,0,0,1,4,85622,6,1,0,0,3,3,71,200,0,0,0,1,0,3,2010,3,2010,0,27,0,0,0,2,4,80,3,1,8,1,0,0,15,10,1,1,2,48,0,0
48,482129,2,2,2,23,9,9,33,12,6,1,0,48,1,12,481,12481,31,2008,1FTRW12W28FB,1,F,T,R,W,1,2,W,2,8,F,B,0,T,FORD,F1S,CW,8,17,,2,1500,1390,COF,G,,,8,281,,,,B,5025,02,E,42,0,0,000000000,00000000000,0,0,0,1,0,0,0,0,0,0,0,998,0,1,5,3,13,6,2,12,0,0,0,1,48,79855,6,1,0,0,3,0,999,999,0,0,0,0,0,0,0,0,0,0,58,0,0,0,2,4,80,3,1,8,1,0,0,14,61,6,3,6,48,1,0
48,482130,1,3,4,24,9,9,0,12,8,1,0,48,1,49,32,49032,4,1996,1NXBB02E4TZ4,1,N,X,B,B,0,2,E,4,T,Z,4,0,P,TOYT,CRD,4D,96,17,2381,,0,970,,G,,F,4,108,,,14R185,,,,,,0,0,000000000,00000000000,0,0,0,1,0,0,0,0,0,0,0,998,0,0,0,11,3,6,2,12,0,0,0,1,48,75428,6,1,0,0,3,0,67,156,0,0,0,0,0,0,0,0,0,0,51,0,0,0,3,2,70,1,2,8,1,0,0,1,54,1,1,1,64,1,0
48,482130,2,3,1,24,9,9,0,12,8,1,0,48,1,19,18,19018,4,2003,1G6DM57N4301,1,G,6,D,M,5,7,N,4,3,0,1,0,P,CADI,C/T,4D,3,17,3509,,0,1134,,G,,F,6,194,,,16R225,,,,,,0,0,000000000,00000000000,0,0,0,1,0,0,0,0,0,0,0,998,0,0,0,12,12,6,2,12,0,0,0,1,48,75482,6,1,0,0,3,3,999,999,0,0,0,0,0,0,0,0,0,0,0,0,0,0,3,2,70,1,2,8,1,0,0,1,54,1,1,1,98,0,0
48,482130,3,3,2,24,9,9,0,12,8,1,0,48,2,7,482,7482,31,2005,3D7MS48C35G8,3,D,7,M,S,4,8,C,3,5,G,8,1,T,DODG,SQ3,CW,5,17,,3,0,1600,RPC,D,,,6,359,,,,D,6586,00,E,44,1,88,888888888,88888888888,2,4,1,1,0,0,0,0,0,0,0,998,0,0,0,9,9,2,1,12,0,0,0,1,48,75571,6,1,0,0,3,3,999,999,0,0,0,0,0,0,0,0,0,0,0,0,0,0,3,2,70,1,2,8,1,0,0,1,54,7,1,2,65,0,0
48,482131,1,1,3,25,9,8,15,30,0,1,0,48,2,12,481,12481,31,2001,1FTRW07W51KD,1,F,T,R,W,0,7,W,5,1,K,D,0,T,FORD,F1S,CW,1,17,,2,0,1385,COF,G,,,8,281,,,,B,4581,01,E,42,0,0,000000000,00000000000,0,0,0,1,0,0,0,0,0,0,0,998,0,0,0,61,61,4,3,30,0,0,0,1,48,78566,6,1,0,0,3,0,999,999,0,0,0,0,0,0,0,0,0,0,91,0,0,0,1,2,55,1,1,8,1,0,0,1,12,7,1,4,6,1,0
48,482132,1,1,1,25,9,4,27,25,0,1,0,48,2,12,23,12023,4,2010,3FAHP0HA9AR4,3,F,A,H,P,0,H,A,9,A,R,4,0,P,FORD,F/E,4D,10,17,3285,,0,1074,,G,,F,4,152,,,16R205,,,,,,0,0,000000000,00000000000,0,0,0,1,0,0,0,0,0,0,0,998,0,0,0,61,12,4,3,25,0,0,0,1,48,78028,6,1,0,0,3,3,999,999,0,1,0,1,0,11,2008,7,2009,0,58,0,0,0,3,3,70,2,2,8,1,0,0,14,12,1,1,4,6,1,1
48,482133,1,1,1,25,9,8,31,38,0,1,0,48,2,7,482,7482,31,1996,1B6MC36C7TS5,1,B,6,M,C,3,6,C,7,T,S,5,0,T,DODG,350,CB,96,17,,3,1627,1387,RPC,D,,,6,359,,,,D,4816,01,M,42,0,0,000000000,00000000000,0,0,0,1,0,0,0,0,0,0,0,998,0,1,5,1,0,6,2,1,0,0,0,1,48,77856,6,1,0,0,3,0,999,999,0,0,0,0,0,0,0,0,0,1,58,0,0,0,1,2,35,1,2,8,1,0,0,1,13,6,1,4,1,1,1
48,482134,1,1,1,26,9,23,56,42,0,1,0,48,1,7,472,7472,30,2003,1D7HL48N73S3,1,D,7,H,L,4,8,N,7,3,S,3,0,T,DODG,DQS,CW,3,17,,2,0,1309,DAK,G,,,8,287,,,,B,4110,00,E,42,0,0,000000000,00000000000,0,0,0,1,0,0,0,0,0,0,0,998,0,0,0,10,10,4,3,42,0,0,0,1,48,75474,6,1,0,0,3,3,70,207,0,0,0,0,1,2,2010,2,2010,1,0,0,0,0,1,2,55,1,1,8,1,0,0,1,13,6,4,4,7,1,1
48,482135,1,1,1,27,9,6,45,9,0,1,0,48,1,12,17,12017,4,2005,1FAFP56S45A1,1,F,A,F,P,5,6,S,4,5,A,1,0,P,FORD,TEL,4D,5,17,3313,,0,1085,,G,,F,6,182,,,16R215,,,,,,0,0,000000000,00000000000,0,0,0,1,0,0,0,0,0,0,0,998,0,0,0,12,12,4,3,9,0,0,0,1,48,76642,6,1,0,0,3,3,999,999,0,0,0,1,0,4,2010,4,2010,0,0,0,0,0,5,4,40,1,1,8,1,0,0,15,83,1,1,2,13,0,0
48,482136,1,1,1,1,10,22,30,8,0,1,0,48,1,35,47,35047,4,2012,1N4AL2AP8CN4,1,N,4,A,L,2,A,P,8,C,N,4,0,P,NISS,ATS,4D,12,17,3180,,0,1093,,G,,F,4,153,,,16R215,,,,,,0,0,000000000,00000000000,0,0,0,1,0,0,0,0,0,0,0,998,0,0,0,11,11,2,1,8,0,0,0,1,48,78570,6,1,0,0,3,0,999,999,1,0,0,1,0,8,2009,8,2009,0,0,0,0,0,5,4,45,1,1,8,1,0,0,1,80,7,1,1,13,0,0
48,482137,1,1,4,2,10,17,59,33,0,1,0,48,1,12,3,12003,2,2000,1FAFP42XXYF1,1,F,A,F,P,4,2,X,X,Y,F,1,0,P,FORD,MGT,CP,0,17,3241,,0,1013,,G,,F,8,281,,,16R225,,,,,,0,0,000000000,00000000000,0,0,0,1,0,0,0,0,0,0,0,998,0,1,5,1,0,4,3,1,0,0,0,1,48,77590,6,1,0,0,3,0,999,999,0,0,0,2,0,12,2010,6,2011,0,58,0,0,0,4,2,55,1,1,8,1,0,0,1,13,6,3,4,2,1,0
48,482138,1,3,1,2,10,3,19,12,1,1,0,48,1,53,706,53706,80,2007,JS1GT77A1721,J,S,1,G,T,7,7,A,1,7,2,1,0,M,SUZI,XR1,RC,7,17,,,,,,,999,,4,,4,379,,,,,,,0,0,000000000,00000000000,0,0,0,1,0,0,0,0,0,0,0,998,0,0,0,12,12,9,2,12,0,0,1,1,48,77547,6,1,0,0,3,0,999,999,0,0,0,0,0,0,0,0,0,1,0,0,0,0,3,3,60,1,2,8,1,0,0,1,51,1,1,1,24,1,0
48,482138,2,3,1,2,10,3,19,12,1,1,0,48,2,35,39,35039,4,1996,JN1CA21D9TT1,J,N,1,C,A,2,1,D,9,T,T,1,0,P,NISS,MGS,4D,96,17,2886,,0,1063,,G,,F,6,182,,,15R205,,,,,,0,0,000000000,00000000000,0,0,0,1,0,0,0,0,0,0,0,998,0,0,0,6,6,4,3,12,0,0,0,1,48,77025,6,1,0,0,3,3,999,999,0,0,0,0,0,0,0,0,0,0,0,0,0,0,3,3,60,1,2,8,1,0,0,1,53,1,1,1,25,0,0
48,482138,3,3,1,2,10,3,19,12,1,1,0,48,2,34,42,34042,1,2004,4USBT33524LS,4,U,S,B,T,3,3,5,2,4,L,S,0,P,BMW,Z25,CV,4,17,2932,,0,982,,G,,F,6,152,,,16R225,,,,,,0,0,000000000,00000000000,0,0,0,1,0,0,0,0,0,0,0,998,0,0,0,12,12,2,1,12,0,0,0,1,48,77546,6,1,0,0,3,0,999,999,0,0,0,0,0,0,0,0,0,0,0,0,0,0,3,3,60,1,2,8,1,0,0,1,60,1,1,1,98,0,0
48,482139,1,1,1,5,10,18,37,43,0,1,0,40,0,14,38,14038,2,1999,1ZWFT61L9X56,1,Z,W,F,T,6,1,L,9,X,5,6,0,P,MERC,CU6,2H,99,17,2941,,0,1064,,G,,F,6,155,,,16R215,,,,,,0,0,000000000,00000000000,0,0,0,1,0,0,0,0,0,0,0,998,0,0,0,12,12,6,2,43,0,0,0,1,40,73562,6,1,0,0,3,0,74,240,0,0,0,0,1,1,2011,1,2011,1,0,0,0,0,3,2,99,1,1,8,1,0,0,1,12,1,1,4,6,1,0
48,482140,1,2,1,6,10,18,55,30,0,1,0,48,2,12,422,12422,15,2003,1FMPU15L33LB,1,F,M,P,U,1,5,L,3,3,L,B,0,P,FORD,EPT,UT,3,17,5416,,0,1191,,G,,F,8,330,,,17R265,,,,,,0,0,000000000,00000000000,0,0,0,1,0,0,0,0,0,0,0,998,0,0,0,12,12,6,2,30,0,0,0,1,48,77590,6,1,0,0,3,0,999,999,0,1,0,0,0,11,2008,11,2008,1,91,0,0,0,5,4,40,1,1,8,1,0,0,1,12,1,1,4,6,0,1
48,482140,2,2,3,6,10,18,55,30,0,1,0,22,3,20,39,20039,5,2011,KL1TG6DE7BB1,K,L,1,T,G,6,D,E,7,B,B,1,0,P,CHEV,LTA,5D,11,17,2568,,0,976,,G,,F,4,098,,,15R185,,,,,,0,0,000000000,00000000000,0,0,0,1,0,0,0,0,0,0,0,998,0,1,1,1,1,6,2,12,0,0,0,1,48,77568,6,1,0,0,3,0,999,999,0,0,0,0,0,0,0,0,0,0,0,0,0,0,5,4,40,1,1,8,1,0,0,1,64,1,1,1,98,1,0