STATE,ST_CASE,VEH_NO,VE_FORMS,NUMOCCS,DAY,MONTH,HOUR,MINUTE,HARM_EV,MAN_COLL,UNITTYPE,HIT_RUN,REG_STAT,OWNER,MAKE,MODEL,MAK_MOD,BODY_TYP,MOD_YEAR,VIN,VIN_1,VIN_2,VIN_3,VIN_4,VIN_5,VIN_6,VIN_7,VIN_8,VIN_9,VIN_10,VIN_11,VIN_12,TOW_VEH,VINTYPE,VINMAKE,VINA_MOD,VIN_BT,VINMODYR,VIN_LNGT,VIN_WGT,WGTCD_TR,WHLBS_LG,WHLBS_SH,SER_TR,FUELCODE,MCYCL_DS,CARBUR,CYLINDER,DISPLACE,MCYCL_CY,MCYCL_WT,TIRE_SZE,TON_RAT,TRK_WT,TRKWTVAR,VIN_REST,WHLDRWHL,J_KNIFE,MCARR_I1,MCARR_I2,MCARR_ID,GVWR,V_CONFIG,CARGO_BT,HAZ_INV,HAZ_PLAC,HAZ_ID,HAZ_CNO,HAZ_REL,BUS_USE,SPEC_USE,EMER_USE,TRAV_SP,UNDERIDE,ROLLOVER,ROLINLOC,IMPACT1,IMPACT2,DEFORMED,TOWED,M_HARM,VEH_SC1,VEH_SC2,FIRE_EXP,DR_PRES,L_STATE,DR_ZIP,L_STATUS,L_TYPE,CDL_STAT,L_ENDORS,L_COMPL,L_RESTRI,DR_HGT,DR_WGT,PREV_ACC,PREV_SUS,PREV_DWI,PREV_SPD,PREV_OTH,FIRST_MO,FIRST_YR,LAST_MO,LAST_YR,SPEEDREL,DR_SF1,DR_SF2,DR_SF3,DR_SF4,VTRAFWAY,VNUM_LAN,VSPD_LIM,VALIGN,VPROFILE,VPAVETYP,VSURCOND,VTRAFCON,VTCONT_F,P_CRASH1,P_CRASH2,P_CRASH3,PCRASH4,PCRASH5,ACC_TYPE,DEATHS,DR_DRINK
48,482204,2,2,1,30,10,21,45,1,0,1,0,48,2,12,401,12401,14,1999,1FMDU32P8XZB,1,F,M,D,U,3,2,P,8,X,Z,B,0,P,FORD,EPR,UT,99,17,3891,,0,1116,,G,,F,8,302,,,15R225,,,,,,0,0,000000000,00000000000,0,0,0,1,0,0,0,0,0,0,0,998,0,0,0,3,3,2,8,12,0,0,0,1,22,71202,3,1,0,0,2,0,70,150,0,0,0,0,0,0,0,0,0,0,0,0,0,0,2,2,45,1,1,8,1,3,3,11,66,1,1,1,98,0,0
48,482205,1,2,2,30,10,2,11,12,1,1,0,48,0,41,53,41053,5,2008,JM3ER2933801,J,M,3,E,R,2,9,3,3,8,0,1,0,P,MAZD,MCX,UT,8,17,3710,,0,1083,,G,,T,4,140,,,18R235,,,,,,0,0,000000000,00000000000,0,0,0,1,0,0,0,0,0,0,0,998,0,1,5,12,12,4,3,12,0,0,0,1,48,78596,6,1,0,0,3,0,999,999,0,0,0,1,0,1,2009,1,2009,1,91,0,0,0,2,3,65,1,3,2,1,0,0,15,51,1,1,2,24,0,1
48,482205,2,2,1,30,10,2,11,12,1,1,0,48,1,20,421,20421,15,2003,1GNEC13Z63R2,1,G,N,E,C,1,3,Z,6,3,R,2,0,P,CHEV,CTA,UT,3,17,4828,,0,1160,,F,,F,8,325,,,16R265,,,,,,0,0,000000000,00000000000,0,0,0,1,0,0,0,0,0,0,0,998,0,1,3,6,6,6,2,12,0,0,0,1,48,78586,6,1,0,0,3,0,999,999,0,0,0,0,0,0,0,0,0,0,0,0,0,0,2,3,65,1,3,2,1,0,0,1,53,1,1,1,25,1,0
48,482206,1,1,1,30,10,6,30,59,0,1,0,48,2,12,422,12422,15,1999,1FMRU17LXXLC,1,F,M,R,U,1,7,L,X,X,L,C,0,P,FORD,EPT,UT,99,17,4808,,0,1191,,G,,F,8,330,,,16R255,,,,,,0,0,000000000,00000000000,0,0,0,1,0,0,0,0,0,0,0,998,0,1,5,9,9,6,2,1,0,0,0,1,48,79347,6,1,0,0,3,0,999,999,0,0,0,0,0,0,0,0,0,0,58,0,0,0,1,2,70,1,1,8,1,0,0,1,13,6,3,4,7,1,1
48,482207,1,1,2,30,10,6,3,43,0,1,0,48,2,14,6,14006,4,1994,2MELM75W8RX6,2,M,E,L,M,7,5,W,8,R,X,6,0,P,MERC,MGL,4D,94,17,3796,,0,1144,,G,,F,8,281,,,15R215,,,,,,0,0,000000000,00000000000,0,0,0,1,0,0,0,0,0,0,0,998,0,1,5,12,12,6,2,1,0,0,0,1,48,75948,6,1,0,0,3,3,999,999,0,0,0,0,0,0,0,0,0,0,0,0,0,0,1,2,70,1,1,8,1,0,0,1,13,1,1,4,1,1,1
48,482208,1,1,3,31,10,21,51,8,0,1,0,48,2,12,37,12037,4,2005,1FAFP34N15W2,1,F,A,F,P,3,4,N,1,5,W,2,0,P,FORD,ZX4,4D,5,17,2677,,0,1030,,G,,F,4,122,,,15R195,,,,,,0,0,000000000,00000000000,0,0,0,1,0,0,0,0,0,0,0,998,0,0,0,12,12,4,3,8,0,0,0,1,48,78219,6,1,0,0,3,3,999,999,0,0,0,1,0,2,2011,2,2011,0,0,0,0,0,3,6,60,1,2,8,1,0,0,1,80,1,1,1,13,0,0
48,482209,1,1,1,31,10,23,17,46,0,1,0,48,1,20,31,20031,4,1986,1G1BN69H5GX1,1,G,1,B,N,6,9,H,5,G,X,1,0,P,CHEV,CCL,4D,86,17,3436,,0,1160,,G,,4,8,305,,,15R205,,,,,,0,0,000000000,00000000000,0,0,0,1,0,0,0,0,0,0,0,998,0,0,0,12,12,6,2,46,0,0,0,1,48,78535,6,1,6,0,3,0,999,999,0,2,0,0,1,5,2010,7,2011,0,0,0,0,0,3,2,55,1,1,8,1,3,3,10,13,99,1,4,1,1,0
48,482210,1,2,1,31,10,7,0,12,2,1,0,27,3,20,481,20481,31,2008,3GCEK13J98G2,3,G,C,E,K,1,3,J,9,8,G,2,0,T,CHEV,SK1,CW,8,17,,2,0,1435,SIL,G,,,8,323,,,,B,5326,00,,44,0,0,000000000,00000000000,0,0,0,1,0,0,0,0,0,0,0,998,0,1,1,12,12,6,2,12,0,0,0,1,48,78542,6,1,0,0,3,3,999,999,0,2,0,1,0,8,2009,5,2010,0,51,0,0,0,1,2,75,1,1,8,1,0,0,1,10,1,1,2,50,1,0
48,482210,2,2,2,31,10,7,0,12,2,1,0,48,1,49,472,49472,30,2003,5TEWN72N03Z1,5,T,E,W,N,7,2,N,0,3,Z,1,0,T,TOYT,XTR,PC,3,17,,1,0,1219,TAC,G,,,6,206,,,,B,3502,00,U,44,0,0,000000000,00000000000,0,0,0,1,0,0,0,0,0,0,0,998,0,0,0,12,12,6,2,12,0,0,1,1,48,78570,6,1,0,0,3,3,999,999,0,0,0,0,0,0,0,0,0,0,0,0,0,0,1,2,75,1,1,8,1,0,0,1,62,1,1,1,51,2,0
48,482211,1,2,3,1,2,18,27,12,6,1,0,48,2,20,37,20037,4,2005,1G1ZS52F85F2,1,G,1,Z,S,5,2,F,8,5,F,2,0,P,CHEV,MAL,4D,5,17,3174,,0,1063,,G,,F,4,134,,,15R205,,,,,,0,0,000000000,00000000000,0,0,0,1,0,0,0,0,0,0,0,998,1,0,0,9,9,6,2,12,0,0,0,1,48,76028,6,1,6,0,3,3,999,999,1,0,0,0,1,4,2008,4,2008,1,28,0,0,0,1,2,40,1,3,8,4,0,0,1,6,1,3,2,64,1,1
48,482211,2,2,1,1,2,18,27,12,6,1,1,48,2,38,402,38402,14,1997,4S2CK58E2V43,4,S,2,C,K,5,8,E,2,V,4,3,0,P,ISU,ROD,UT,97,17,0,,0,1087,,G,,F,4,156,,,16R225,,,,,,0,0,000000000,00000000000,0,0,0,1,0,0,0,0,0,0,0,998,0,0,0,12,12,4,3,12,0,0,0,1,48,76102,0,0,0,0,0,0,999,999,0,1,0,0,0,11,2008,11,2008,0,0,0,0,0,1,2,40,1,3,8,4,0,0,1,62,1,1,1,65,0,0
48,482212,1,1,1,20,2,3,44,32,0,1,0,48,1,20,481,20481,31,1994,1GCDC14Z2RZ1,1,G,C,D,C,1,4,Z,2,R,Z,1,0,T,CHEV,GC1,PK,94,17,,1,1315,1175,GM4,G,,,6,262,,,,B,3675,02,,42,0,0,000000000,00000000000,0,0,0,1,0,0,0,0,0,0,0,998,0,1,5,12,12,4,3,2,0,0,1,1,48,75462,0,0,0,0,0,0,999,999,0,0,0,0,0,0,0,0,0,1,0,0,0,0,1,2,45,2,2,8,1,0,0,14,6,1,3,4,7,1,1
48,482213,1,1,2,6,3,10,51,42,0,1,0,48,1,37,31,37031,2,1994,2HGEH3386RH5,2,H,G,E,H,3,3,8,6,R,H,5,0,P,HOND,UCS,2H,94,17,2327,,0,1013,,G,,F,4,097,,,14R185,,,,,,0,0,000000000,00000000000,0,0,0,1,0,0,0,0,0,0,0,998,0,0,0,9,9,6,2,42,0,0,0,1,48,76017,0,0,0,0,0,0,999,999,0,9,0,0,0,7,2008,3,2011,1,0,0,0,0,1,2,35,1,1,8,1,0,0,1,6,1,3,4,2,1,0
48,482214,1,1,1,24,3,10,29,1,0,1,0,40,1,7,482,7482,31,1999,3B7HC12Y5XG1,3,B,7,H,C,1,2,Y,5,X,G,1,0,T,DODG,150,PC,99,17,,2,1547,1387,RPC,G,,,8,318,,,,B,4525,02,U,42,0,0,000000000,00000000000,0,0,0,1,0,0,0,0,0,0,0,998,0,2,3,0,9,4,3,1,0,0,0,1,40,32570,6,1,0,0,3,0,73,166,0,0,0,0,0,0,0,0,0,0,80,0,0,0,2,4,65,1,1,8,1,0,0,1,1,99,3,4,2,1,0
48,482215,1,1,1,6,5,20,8,24,0,1,0,48,1,72,706,72706,80,2005,1HD1BSY145Y0,1,H,D,1,B,S,Y,1,4,5,Y,0,0,M,HD,XTD,RS,5,17,,,,,,,1450,,2,,4,661,,,,,,,0,0,000000000,00000000000,0,0,0,1,0,0,0,0,0,0,0,998,0,0,0,12,12,2,3,24,0,0,0,1,48,76036,6,1,0,0,3,0,999,999,0,0,0,0,0,0,0,0,0,1,0,0,0,0,1,2,45,2,2,8,1,0,0,14,3,1,2,4,7,1,1
48,482216,1,1,1,2,7,0,28,1,0,1,0,48,2,12,481,12481,31,1999,1FTZF0728XKA,1,F,T,Z,F,0,7,2,8,X,K,A,0,T,FORD,F15,PK,99,17,,1,0,1195,COF,G,,,6,256,,,,B,00000,00,U,42,0,0,000000000,00000000000,0,0,0,1,0,0,0,0,0,0,0,998,0,2,3,0,3,4,3,1,0,0,0,1,48,76106,1,1,0,0,2,0,999,999,0,3,0,0,0,11,2008,11,2009,1,0,0,0,0,6,1,60,1,1,8,1,0,0,1,13,99,3,4,2,1,1
48,482217,1,2,1,5,9,15,16,12,2,1,0,48,1,20,481,20481,31,2001,1GCHK23U91F1,1,G,C,H,K,2,3,U,9,1,F,1,0,T,CHEV,2KH,CW,1,17,,2,1670,1530,SIL,G,,,8,364,,,,C,5766,00,,44,0,0,000000000,00000000000,0,0,0,1,0,0,0,0,0,0,0,998,0,0,0,12,12,6,2,12,0,0,0,1,48,75149,6,1,6,0,3,0,69,260,2,0,0,0,0,3,2009,8,2010,0,28,0,0,0,1,2,45,3,1,8,1,0,0,14,10,1,1,2,50,1,0
48,482217,2,2,1,5,9,15,16,12,2,1,0,48,2,20,461,20461,21,1989,1GCEG25H6K71,1,G,C,E,G,2,5,H,6,K,7,1,0,T,CHEV,G20,CG,89,17,,2,1250,1100,VAN,G,,,8,305,,,,C,5003,07,,42,0,0,000000000,00000000000,0,0,0,1,0,0,0,0,0,0,0,998,0,1,5,12,12,6,2,12,0,0,0,1,48,75160,6,1,0,0,3,0,69,199,0,12,0,0,0,11,2008,10,2010,0,0,0,0,0,1,2,45,2,1,8,1,0,0,14,62,1,1,1,51,1,0
48,482218,1,1,1,13,9,13,22,24,0,1,0,6,1,49,40,49040,4,1994,JT2SK12E8R02,J,T,2,S,K,1,2,E,8,R,0,2,0,P,TOYT,CLE,4D,94,17,3086,,0,1031,,G,,F,4,132,,,14R195,,,,,,0,0,000000000,00000000000,0,0,0,1,0,0,0,0,0,0,0,998,0,0,0,12,6,6,2,24,0,0,0,1,6,91722,6,1,0,0,3,3,67,145,0,0,0,0,0,0,0,0,0,0,0,0,0,0,3,2,70,3,1,8,1,0,0,14,13,1,1,4,1,1,0
48,482219,1,1,4,4,10,8,3,9,0,1,0,48,2,12,481,12481,31,2009,1FTSW21R79EA,1,F,T,S,W,2,1,R,7,9,E,A,0,T,FORD,F2S,CW,9,17,,2,1720,1560,SRW,D,,,8,390,,,,B,6523,01,E,44,0,0,000000000,00000000000,0,0,0,1,0,0,0,0,0,0,0,998,0,0,0,12,12,2,1,9,0,0,0,1,48,77093,6,1,0,0,3,0,999,999,0,0,0,1,0,10,2008,10,2008,0,0,0,0,0,1,2,60,1,1,8,1,0,0,1,83,1,1,1,13,0,0
48,482220,1,1,1,5,10,7,1,8,0,1,0,48,1,7,482,7482,31,2000,3B7HC13Z8YM2,3,B,7,H,C,1,3,Z,8,Y,M,2,0,T,DODG,Q15,4C,0,17,,2,1547,1387,RPC,G,,,8,360,,,,B,4648,01,U,42,0,0,000000000,00000000000,0,0,0,1,0,0,0,0,0,0,0,998,0,0,0,12,12,6,2,8,0,0,0,1,48,78114,6,1,0,0,3,3,999,999,0,0,0,0,0,0,0,0,0,0,0,0,0,0,2,4,65,1,2,8,1,3,3,1,80,1,1,1,13,0,0
48,482221,1,1,1,5,10,21,15,42,0,1,0,48,1,54,35,54035,4,2008,19UUA66238A0,1,9,U,U,A,6,6,2,3,8,A,0,0,P,ACUR,ATL,4D,8,17,3623,,0,1079,,G,,F,6,195,,,17R235,,,,,,0,0,000000000,00000000000,0,0,0,1,0,0,0,0,0,0,0,998,0,0,0,12,12,4,3,42,0,0,0,1,48,75956,6,1,0,0,3,0,999,999,0,0,0,0,0,0,0,0,0,0,0,0,0,0,1,2,35,1,1,8,1,0,0,1,14,1,1,4,14,1,0
48,482222,1,1,1,5,10,17,45,1,0,1,0,48,1,49,471,49471,30,1986,JT4RN55R7G01,J,T,4,R,N,5,5,R,7,G,0,1,0,T,TOYT,55R,PK,86,17,,1,0,1122,HTP,G,,,4,144,,,,B,2631,01,A,42,0,0,000000000,00000000000,0,0,0,1,0,0,0,0,0,0,0,998,0,1,5,0,0,4,3,1,0,0,0,1,48,75684,6,1,0,0,3,3,999,999,3,7,0,0,3,10,2008,8,2011,1,58,0,0,0,1,2,50,2,3,8,1,0,0,14,10,7,1,4,1,1,0
48,482223,1,1,1,5,10,1,14,8,0,1,0,48,1,7,24,7024,4,2008,2B3KA43G28H2,2,B,3,K,A,4,3,G,2,8,H,2,0,P,DODG,CHA,4D,8,17,3727,,0,1200,,G,,F,6,214,,,17R215,,,,,,0,0,000000000,00000000000,0,0,0,1,0,0,0,0,0,0,0,998,0,0,0,14,14,9,1,8,0,0,0,1,48,75043,6,1,0,0,3,0,999,999,0,0,0,0,0,0,0,0,0,0,0,0,0,0,3,2,70,1,1,8,1,0,0,1,80,1,1,1,13,0,0
48,482224,1,1,1,8,10,2,19,30,0,1,0,48,1,12,471,12471,30,2004,1FTYR11U44TA,1,F,T,Y,R,1,1,U,4,4,T,A,0,T,FORD,RNG,PK,4,17,,1,1176,1116,RNG,G,,,6,182,,,,B,3524,00,U,44,0,0,000000000,00000000000,0,0,0,1,0,0,0,0,0,0,0,998,0,1,5,1,14,6,2,30,0,0,0,1,48,78253,6,1,0,0,3,3,999,999,0,0,0,0,0,0,0,0,0,1,0,0,0,0,1,2,60,3,2,8,1,0,0,14,13,1,1,4,1,1,1
48,482225,1,1,1,8,10,22,15,8,0,1,1,48,2,20,37,20037,4,2004,1G1ND52FX4M6,1,G,1,N,D,5,2,F,X,4,M,6,0,P,CHEV,CLA,4D,4,17,3106,,0,1070,,G,,F,4,134,,,15R215,,,,,,0,0,000000000,00000000000,0,0,0,1,0,0,0,0,0,0,0,998,0,0,0,12,12,2,1,8,0,0,0,1,48,75754,6,1,0,0,3,0,999,999,0,0,0,0,0,0,0,0,0,0,0,0,0,0,1,2,55,1,1,8,2,0,0,1,80,1,1,1,13,0,0
48,482226,1,1,3,9,10,2,9,30,0,1,0,48,2,20,421,20421,15,2001,1GNEC13T01J1,1,G,N,E,C,1,3,T,0,1,J,1,0,P,CHEV,CTA,UT,1,17,4828,,0,1160,,G,,F,8,325,,,16R245,,,,,,0,0,000000000,00000000000,0,0,0,1,0,0,0,0,0,0,0,998,0,0,0,10,10,6,2,30,0,0,0,1,48,79403,0,0,0,0,0,0,999,999,0,1,0,1,0,3,2011,7,2011,1,0,0,0,0,5,6,50,1,2,8,1,0,0,1,6,1,3,4,2,1,1
48,482227,1,3,2,17,10,18,56,12,6,1,0,48,1,20,16,20016,4,1987,1G1JC5111HJ1,1,G,1,J,C,5,1,1,1,H,J,1,0,P,CHEV,CAV,4D,87,17,2300,,0,1012,,G,,F,4,121,,,13R175,,,,,,0,0,000000000,00000000000,0,0,0,1,0,0,0,0,0,0,0,998,0,0,0,3,3,6,2,12,0,0,0,1,48,75241,6,1,0,0,3,3,999,999,0,0,0,0,0,0,0,0,0,0,38,0,0,0,2,3,55,1,1,8,1,3,3,11,15,1,1,1,68,1,0
48,482227,2,3,2,17,10,18,56,12,6,1,0,48,3,58,37,58037,4,2011,JN1CV6APXBM3,J,N,1,C,V,6,A,P,X,B,M,3,0,P,INFI,GBS,4D,11,17,3501,,0,1122,,G,,F,6,226,,,17R225,,,,,,0,0,000000000,00000000000,0,0,0,1,0,0,0,0,0,0,0,998,0,0,0,12,12,6,2,12,0,0,0,1,48,75134,6,1,0,0,3,0,999,999,0,0,0,0,0,0,0,0,0,0,0,0,0,0,2,3,55,1,1,8,1,3,3,1,62,1,1,1,69,0,0
48,482227,3,3,2,17,10,18,56,12,6,1,0,48,1,20,481,20481,31,2000,2GCEC19TXY11,2,G,C,E,C,1,9,T,X,Y,1,1,0,T,CHEV,SC1,3C,0,17,,2,1575,1435,SIL,G,,,8,325,,,,B,4134,03,,42,0,0,000000000,00000000000,0,0,0,1,0,0,0,0,0,0,0,0,0,0,0,12,12,4,9,12,0,0,0,1,48,75224,6,1,6,0,3,0,999,999,0,0,0,0,0,0,0,0,0,0,0,0,0,0,1,2,99,1,1,8,1,3,3,5,67,1,1,1,98,0,0
48,482228,1,1,1,17,10,22,14,59,0,1,0,22,2,37,705,37705,80,2002,JH2PC35072M3,J,H,2,P,C,3,5,0,7,2,M,3,0,M,HOND,CF4,RC,2,17,,,,,,,599,,4,,4,370,,,,,,,0,0,000000000,00000000000,0,0,0,1,0,0,0,0,0,0,0,998,0,0,0,99,99,9,2,59,0,0,0,1,48,75633,6,1,0,0,3,0,999,999,0,0,0,0,0,0,0,0,0,1,37,0,0,0,1,2,70,2,1,8,1,0,0,6,6,1,9,4,6,1,0
48,482229,1,2,1,22,10,6,20,12,6,1,0,48,1,2,405,2405,14,2004,1J4GK48K94W2,1,J,4,G,K,4,8,K,9,4,W,2,0,T,JEEP,SPR,4W,4,17,,1,0,1043,LIB,G,,,6,226,,,,,3462,01,E,42,0,0,000000000,00000000000,0,0,0,1,0,0,0,0,0,0,0,998,0,1,1,9,9,4,3,12,0,0,0,1,48,79925,1,1,0,0,2,0,999,999,0,5,0,5,1,1,2009,5,2011,0,38,39,0,0,1,2,99,1,1,8,1,20,3,1,17,1,1,1,89,1,1
48,482229,2,2,1,22,10,6,20,12,6,1,0,48,1,9,20,9020,4,2000,1P3ES46C9YD7,1,P,3,E,S,4,6,C,9,Y,D,7,0,P,PLYM,NLX,4D,0,17,2515,,0,1050,,G,,F,4,122,,,14R185,,,,,,0,0,000000000,00000000000,0,0,0,1,0,0,0,0,0,0,0,998,0,0,0,12,12,4,3,12,0,0,0,1,48,79938,6,1,0,0,3,0,999,999,0,0,0,0,0,0,0,0,0,0,0,0,0,0,3,2,55,1,1,8,1,0,0,1,66,1,1,1,88,0,0
48,482230,1,1,1,23,10,20,40,42,0,1,0,48,2,2,404,2404,14,1995,1J4FT68S3SL6,1,J,4,F,T,6,8,S,3,S,L,6,0,T,JEEP,SPT,4W,95,17,,1,0,1014,CHK,G,,,6,242,,,,,2828,00,M,42,0,0,000000000,00000000000,0,0,0,1,0,0,0,0,0,0,0,998,0,0,0,9,9,6,2,42,0,0,0,1,48,75681,6,1,0,0,3,0,999,999,0,0,0,0,0,0,0,0,0,0,58,0,0,0,1,2,60,1,2,8,1,0,0,1,13,6,4,4,7,1,1
48,482231,1,1,1,25,10,15,16,1,0,1,0,48,1,52,401,52401,14,2000,JA4MT31H5YP0,J,A,4,M,T,3,1,H,5,Y,P,0,0,P,MITS,MNS,UT,0,17,4075,,0,1073,,G,,F,6,181,,,16R255,,,,,,0,0,000000000,00000000000,0,0,0,1,0,0,0,0,0,0,0,998,0,9,1,0,0,4,3,1,0,0,0,1,48,78410,6,1,0,0,3,3,999,999,0,0,0,0,0,0,0,0,0,0,58,0,0,0,2,3,70,1,1,8,1,0,0,1,13,6,3,4,2,1,0
48,482232,1,1,1,25,10,8,43,14,0,1,0,48,2,12,402,12402,14,2003,1FMYU02103KC,1,F,M,Y,U,0,2,1,0,3,K,C,0,P,FORD,SPE,UT,3,17,3019,,0,1031,,G,,F,6,181,,,15R225,,,,,,0,0,000000000,00000000000,0,0,0,1,0,0,0,0,0,0,0,998,0,1,5,12,0,6,2,1,0,0,0,1,48,75691,6,1,0,0,3,0,999,999,0,0,0,0,0,0,0,0,0,1,26,0,0,0,1,2,70,1,1,8,1,0,0,17,50,7,1,4,1,1,0
48,482233,1,3,1,26,10,6,14,12,2,1,0,48,2,23,421,23421,15,2001,1GKEC13T51J2,1,G,K,E,C,1,3,T,5,1,J,2,0,T,GMC,YUK,4W,1,17,,2,0,1160,YUK,G,,,8,325,,,,B,4878,00,K,42,0,0,000000000,00000000000,0,0,0,1,0,0,0,0,0,0,0,998,0,0,0,12,12,6,2,12,0,0,1,1,48,78574,1,1,0,0,2,0,999,999,0,1,0,3,0,12,2008,8,2011,1,35,0,0,0,1,2,70,1,2,8,1,0,0,6,54,6,1,4,50,0,0
48,482233,2,3,1,26,10,6,14,12,2,1,0,48,0,22,16,22016,2,2000,1G2JB124XY74,1,G,2,J,B,1,2,4,X,Y,7,4,0,P,PONT,SFS,CP,0,17,2606,,0,1041,,G,,F,4,133,,,14R195,,,,,,0,0,000000000,00000000000,0,0,0,1,0,0,0,0,0,0,0,998,0,0,0,12,12,6,2,12,0,0,0,1,48,77983,6,1,0,0,3,3,999,999,0,0,0,0,1,3,2010,3,2010,0,0,0,0,0,1,2,70,1,2,8,1,0,0,1,62,7,1,4,51,1,0
48,482233,3,3,2,26,10,6,14,12,2,1,0,48,1,49,51,49051,4,2007,JTDBT923X710,J,T,D,B,T,9,2,3,X,7,1,0,0,P,TOYT,YAR,4D,7,17,2288,,0,969,,G,,F,4,092,,,14R175,,,,,,0,0,000000000,00000000000,0,0,0,1,0,0,0,0,0,0,0,998,0,0,0,12,12,4,3,12,0,0,0,1,48,77983,6,1,0,0,3,3,999,999,0,0,0,0,0,0,0,0,0,0,0,0,0,0,1,2,70,1,2,8,1,0,0,1,54,1,1,1,98,0,0
48,482234,1,1,1,26,10,1,20,42,0,1,0,48,2,24,7,24007,4,2005,1G8AN12FX5Z1,1,G,8,A,N,1,2,F,X,5,Z,1,0,P,STRN,SI2,C4,5,17,2843,,0,1032,,G,,F,4,134,,,15R195,,,,,,0,0,000000000,00000000000,0,0,0,1,0,0,0,0,0,0,0,998,0,0,0,12,12,6,2,42,0,0,0,1,48,79905,1,1,0,0,2,3,999,999,0,10,0,3,0,12,2008,8,2011,1,0,0,0,0,2,2,35,1,1,8,1,0,0,1,13,99,9,4,1,1,1
48,482235,1,1,1,26,10,8,54,8,0,1,0,48,2,20,403,20403,14,2005,1GNDS13S6522,1,G,N,D,S,1,3,S,6,5,2,2,0,P,CHEV,TRL,UT,5,17,4425,,0,1130,,G,,F,6,256,,,16R245,,,,,,0,0,000000000,00000000000,0,0,0,1,0,0,0,0,0,0,0,998,0,0,0,12,12,0,3,8,0,0,0,1,48,79901,6,1,0,0,3,0,999,999,0,0,0,0,2,10,2009,10,2009,0,38,0,0,0,1,4,30,1,2,8,1,0,0,11,80,1,1,1,13,0,0
48,482236,1,1,1,26,10,20,24,57,0,1,0,48,1,53,706,53706,80,2011,JS1GX72A8B21,J,S,1,G,X,7,2,A,8,B,2,1,0,M,SUZI,GXR,RC,11,17,,,,,,,1340,,4,,4,573,,,,,,,0,0,000000000,00000000000,0,0,0,1,0,0,0,0,0,0,0,85,0,0,0,12,12,9,2,57,0,0,0,1,48,79928,6,1,0,0,3,0,999,999,0,0,0,0,0,0,0,0,0,1,29,0,0,0,3,2,65,1,1,8,1,0,0,6,12,3,2,4,7,1,0
48,482237,1,1,1,26,10,2,0,32,0,1,0,48,1,45,35,45035,2,1984,WP0JB0924ES8,W,P,0,J,B,0,9,2,4,E,S,8,0,P,PORS,92S,CP,84,17,3351,,0,984,,G,,F,8,285,,,16R255,,,,,,0,0,000000000,00000000000,0,0,0,1,0,0,0,0,0,0,0,998,0,1,6,4,4,4,3,32,0,0,0,1,48,75206,1,1,0,0,2,3,69,186,1,3,0,0,0,11,2008,8,2011,0,58,0,0,0,1,2,55,1,2,8,1,0,0,1,13,6,4,4,7,1,1
48,482238,1,1,1,27,10,20,24,8,0,1,0,48,1,20,481,20481,31,1998,1GCGC33R5WF0,1,G,C,G,C,3,3,R,5,W,F,0,0,T,CHEV,GC3,CW,98,17,,2,0,1685,GM4,G,,,8,350,,,,D,5488,00,,42,0,0,000000000,00000000000,0,0,0,1,0,0,0,0,0,0,0,998,0,0,0,12,12,2,3,8,0,0,0,1,48,78408,6,1,6,0,3,3,999,999,1,2,0,0,0,6,2009,8,2009,0,91,0,0,0,1,4,35,1,1,8,1,0,0,1,80,1,1,1,13,0,1
48,482239,1,1,2,29,10,11,25,8,0,1,0,48,2,49,32,49032,4,2010,1NXBU4EE2AZ1,1,N,X,B,U,4,E,E,2,A,Z,1,0,P,TOYT,CBL,4D,10,17,2723,,0,1024,,G,,F,4,110,,,15R195,,,,,,0,0,000000000,00000000000,0,0,0,1,0,0,0,0,0,0,0,998,0,0,0,12,12,2,1,8,0,0,0,1,48,75801,6,1,0,0,3,3,999,999,0,1,0,0,0,11,2009,11,2009,0,0,0,0,0,1,2,55,1,2,8,1,0,0,1,80,1,1,1,13,0,0
48,482240,1,1,1,29,10,2,58,59,0,1,0,48,1,23,481,23481,31,2007,1GTEK19T77Z1,1,G,T,E,K,1,9,T,7,7,Z,1,0,T,GMC,NK1,4C,7,17,,2,1575,1340,SIE,G,,,8,323,,,,B,5050,01,4,44,0,0,000000000,00000000000,0,0,0,1,0,0,0,0,0,0,0,998,0,1,6,12,12,4,3,1,0,0,0,1,48,75692,0,0,0,0,0,0,999,999,0,0,0,0,0,0,0,0,0,0,0,0,0,0,1,2,65,1,2,8,1,28,3,1,12,1,1,4,6,1,1
48,482241,1,1,1,30,10,16,45,43,0,1,0,48,1,76,702,76702,81,2009,LPRSE13Y19A5,L,P,R,S,E,1,3,Y,1,9,A,5,0,M,YAMA,YJV,MS,9,17,,,,,,,124,,1,,4,240,,,,,,,0,0,000000000,00000000000,0,0,0,1,0,0,0,0,0,0,0,998,0,0,0,12,12,9,2,43,0,0,0,1,48,78133,6,1,0,0,2,3,999,999,0,0,0,0,0,0,0,0,0,1,0,0,0,0,1,2,30,3,4,8,1,0,0,14,13,99,1,4,1,1,0
48,482242,1,1,1,30,10,3,19,53,0,1,0,48,1,53,705,53705,80,1999,JS1GN77A1X21,J,S,1,G,N,7,7,A,1,X,2,1,0,M,SUZI,GF6,RS,99,17,,,,,,,599,,4,,4,445,,,,,,,0,0,000000000,00000000000,0,0,0,1,0,0,0,0,0,0,0,998,0,0,0,12,12,9,2,53,0,0,0,1,48,78415,6,1,0,0,2,0,999,999,1,0,0,0,0,7,2009,7,2009,1,0,0,0,0,1,2,40,3,1,8,1,0,0,1,13,1,1,4,1,1,0