STATE,ST_CASE,VEH_NO,VE_FORMS,NUMOCCS,DAY,MONTH,HOUR,MINUTE,HARM_EV,MAN_COLL,UNITTYPE,HIT_RUN,REG_STAT,OWNER,MAKE,MODEL,MAK_MOD,BODY_TYP,MOD_YEAR,VIN,VIN_1,VIN_2,VIN_3,VIN_4,VIN_5,VIN_6,VIN_7,VIN_8,VIN_9,VIN_10,VIN_11,VIN_12,TOW_VEH,VINTYPE,VINMAKE,VINA_MOD,VIN_BT,VINMODYR,VIN_LNGT,VIN_WGT,WGTCD_TR,WHLBS_LG,WHLBS_SH,SER_TR,FUELCODE,MCYCL_DS,CARBUR,CYLINDER,DISPLACE,MCYCL_CY,MCYCL_WT,TIRE_SZE,TON_RAT,TRK_WT,TRKWTVAR,VIN_REST,WHLDRWHL,J_KNIFE,MCARR_I1,MCARR_I2,MCARR_ID,GVWR,V_CONFIG,CARGO_BT,HAZ_INV,HAZ_PLAC,HAZ_ID,HAZ_CNO,HAZ_REL,BUS_USE,SPEC_USE,EMER_USE,TRAV_SP,UNDERIDE,ROLLOVER,ROLINLOC,IMPACT1,IMPACT2,DEFORMED,TOWED,M_HARM,VEH_SC1,VEH_SC2,FIRE_EXP,DR_PRES,L_STATE,DR_ZIP,L_STATUS,L_TYPE,CDL_STAT,L_ENDORS,L_COMPL,L_RESTRI,DR_HGT,DR_WGT,PREV_ACC,PREV_SUS,PREV_DWI,PREV_SPD,PREV_OTH,FIRST_MO,FIRST_YR,LAST_MO,LAST_YR,SPEEDREL,DR_SF1,DR_SF2,DR_SF3,DR_SF4,VTRAFWAY,VNUM_LAN,VSPD_LIM,VALIGN,VPROFILE,VPAVETYP,VSURCOND,VTRAFCON,VTCONT_F,P_CRASH1,P_CRASH2,P_CRASH3,PCRASH4,PCRASH5,ACC_TYPE,DEATHS,DR_DRINK
48,482243,1,1,2,31,10,20,13,8,0,1,0,48,1,49,482,49482,31,2008,5TFEV54118X0,5,T,F,E,V,5,4,1,1,8,X,0,0,T,TOYT,CRM,CW,8,17,,2,0,1457,TUN,G,,,8,348,,,,B,5320,00,7,42,0,0,000000000,00000000000,0,0,0,1,0,0,0,0,0,0,0,998,0,0,0,12,12,4,3,8,0,0,0,1,48,77705,6,1,0,0,3,0,999,999,0,0,0,0,0,0,0,0,0,0,0,0,0,0,1,2,55,1,1,2,1,0,0,2,80,1,1,1,13,0,0
48,482244,1,1,1,1,11,11,53,33,0,1,0,48,0,7,28,7028,2,2009,2B3LJ44VX9H5,2,B,3,L,J,4,4,V,X,9,H,5,0,P,DODG,CHE,CP,9,17,3720,,0,1160,,G,,F,6,214,,,17R215,,,,,,0,0,000000000,00000000000,0,0,0,1,0,0,0,0,0,0,0,998,0,1,4,12,12,6,2,1,0,0,0,1,48,75227,1,1,0,0,2,0,63,221,0,6,0,0,0,12,2008,11,2010,1,27,58,0,0,6,2,40,1,5,8,1,0,0,15,12,1,1,4,6,1,1
48,482245,1,1,1,1,11,6,37,1,0,1,0,48,2,2,404,2404,14,1992,1J4FT58S7NL1,1,J,4,F,T,5,8,S,7,N,L,1,0,T,JEEP,LAR,4W,92,17,,1,0,1014,CHK,G,,,6,242,,,,,00000,00,A,42,0,0,000000000,00000000000,0,0,0,1,0,0,0,0,0,0,0,998,0,1,5,0,13,6,2,1,0,0,0,1,48,77396,6,1,0,0,3,0,999,999,0,0,0,0,0,0,0,0,0,0,0,0,0,0,1,4,35,1,1,8,1,0,0,1,12,1,1,4,6,1,0
48,482246,1,1,1,1,11,3,45,1,0,1,0,48,1,12,481,12481,31,2006,1FTNF20566ED,1,F,T,N,F,2,0,5,6,6,E,D,0,T,FORD,F2S,PK,6,17,,2,0,1370,SRW,G,,,8,329,,,,C,5504,00,U,42,0,0,000000000,00000000000,0,0,0,1,0,0,0,0,0,0,0,998,0,2,5,0,0,6,2,1,0,0,0,1,48,75762,6,1,0,0,3,3,999,999,0,0,0,0,0,0,0,0,0,0,0,0,0,0,1,4,70,3,1,8,1,0,0,14,13,1,4,4,1,1,0
48,482247,1,1,2,1,11,11,45,30,0,1,0,48,2,20,2,20002,4,2011,2G1WG5EK5B11,2,G,1,W,G,5,E,K,5,B,1,1,0,P,CHEV,IMT,4D,11,17,3555,,0,1105,,F,,F,6,214,,,16R225,,,,,,0,0,000000000,00000000000,0,0,0,1,0,0,0,0,0,0,0,39,0,0,0,12,12,6,2,30,0,0,0,1,48,78413,0,0,0,0,0,0,999,999,0,0,0,0,0,0,0,0,0,1,92,0,0,0,1,2,35,1,1,8,1,50,3,1,12,1,1,4,6,1,0
48,482248,1,2,1,1,11,7,24,12,2,1,0,93,3,87,881,87881,66,2001,1XPFDB9X11D5,1,X,P,F,D,B,9,X,1,1,D,5,1,T,PTRB,378,TR,1,17,,8,0,0,CON,D,,,6,893,,,,,00000,00,,64,1,57,333719,57333719,3,6,2,2,2,1267,3,2,0,0,0,998,0,0,0,12,12,6,2,2,0,0,1,1,48,79065,6,1,6,1,3,3,999,999,0,0,0,0,2,4,2009,4,2009,0,0,0,0,0,1,2,70,1,2,8,1,0,0,1,54,7,1,1,52,0,0
48,482248,2,2,1,1,11,7,24,12,2,1,0,12,2,13,421,13421,15,2001,5LMFU28R01LJ,5,L,M,F,U,2,8,R,0,1,L,J,0,P,LINC,NAV,UT,1,17,5720,,0,1190,,G,,F,8,330,,,17R255,,,,,,0,0,000000000,00000000000,0,0,0,1,0,0,0,0,0,0,0,998,0,0,0,12,12,6,2,12,0,0,0,1,48,79065,6,1,0,0,3,3,999,999,1,0,0,2,0,2,2010,1,2011,0,51,0,0,0,1,2,70,1,2,8,1,0,0,1,54,7,1,1,52,1,0
48,482249,1,3,1,1,11,22,7,12,1,1,0,48,1,20,461,20461,21,1993,1GBEG25K7PF3,1,G,B,E,G,2,5,K,7,P,F,3,0,T,CHEV,SV2,CG,93,17,,2,1250,1100,S/V,G,,,8,350,,,,C,00000,00,,42,0,0,000000000,00000000000,0,0,0,1,0,0,0,0,0,0,0,998,0,0,0,12,12,6,2,8,0,0,0,1,48,78756,6,1,0,0,3,0,999,999,0,0,0,1,0,3,2010,3,2010,1,0,0,0,0,2,3,40,1,1,8,1,0,0,1,50,3,2,1,32,0,0
48,482249,2,3,0,1,11,22,7,12,1,1,0,48,6,12,471,12471,30,1996,1FTCR10AXTPA,1,F,T,C,R,1,0,A,X,T,P,A,0,T,FORD,RNG,PK,96,17,,1,1140,1080,RNG,G,,,4,140,,,,B,2961,00,B,42,0,0,000000000,00000000000,0,0,0,1,0,0,0,0,0,0,0,0,0,0,0,6,6,6,2,12,0,0,0,0,0,99997,7,6,97,7,6,7,998,997,998,998,998,998,998,98,9998,98,9998,8,0,0,0,0,2,3,40,1,1,8,1,0,0,0,53,0,0,0,32,0,0
48,482249,3,3,1,1,11,22,7,12,1,1,0,93,3,82,881,82881,63,2004,1FVABTAKX4HM,1,F,V,A,B,T,A,K,X,4,H,M,0,T,FRHT,F70,CC,4,17,,7,0,0,MCV,D,,,6,439,,,,,00000,00,,42,0,57,216039,57216039,3,2,3,1,0,0,0,0,0,0,0,0,0,0,0,6,6,2,1,12,0,0,0,1,48,76140,6,1,6,0,3,3,999,999,0,0,0,0,0,0,0,0,0,0,54,0,0,0,2,3,40,1,1,8,1,0,0,5,53,1,1,1,98,0,0
48,482250,1,2,2,1,11,14,0,12,6,1,0,48,2,12,37,12037,4,2005,1FAFP34N75W1,1,F,A,F,P,3,4,N,7,5,W,1,0,P,FORD,ZX4,4D,5,17,2677,,0,1030,,G,,F,4,122,,,15R195,,,,,,0,0,000000000,00000000000,0,0,0,1,0,0,0,0,0,0,0,998,0,1,1,9,9,6,2,12,0,0,0,1,48,78745,6,1,0,0,3,0,999,999,0,0,0,0,0,0,0,0,0,0,38,0,0,0,0,0,0,0,0,0,0,0,0,11,15,1,1,1,82,1,0
48,482250,2,2,2,1,11,14,0,12,6,1,0,48,1,59,401,59401,14,2000,JT6HF10U0Y00,J,T,6,H,F,1,0,U,0,Y,0,0,0,P,LEXS,RX3,UT,0,17,3900,,0,1031,,G,,F,6,183,,,16R225,,,,,,0,0,000000000,00000000000,0,0,0,1,0,0,0,0,0,0,0,998,0,0,0,12,12,2,3,12,0,0,0,1,48,78676,6,1,0,0,3,3,999,999,0,0,0,0,0,0,0,0,0,0,0,0,0,0,2,3,40,3,1,8,1,0,0,14,72,1,1,1,83,0,0
48,482251,1,1,2,1,11,23,55,30,0,1,0,48,1,20,481,20481,31,1994,1GCDC14K9RZ1,1,G,C,D,C,1,4,K,9,R,Z,1,0,T,CHEV,GC1,PK,94,17,,1,1315,1175,GM4,G,,,8,350,,,,B,3675,02,,42,0,0,000000000,00000000000,0,0,0,1,0,0,0,0,0,0,0,998,0,0,0,9,9,6,2,30,0,0,0,1,48,78225,1,1,0,0,2,0,999,999,0,1,0,0,0,12,2008,12,2008,1,35,0,0,0,1,4,30,1,1,8,1,0,0,6,13,1,3,4,2,1,1
48,482252,1,2,1,2,11,21,48,8,0,1,0,48,1,13,1,13001,4,1993,1LNLM82W1PY6,1,L,N,L,M,8,2,W,1,P,Y,6,0,P,LINC,SJN,4D,93,17,4025,,0,1174,,G,,F,8,281,,,15R215,,,,,,0,0,000000000,00000000000,0,0,0,1,0,0,0,0,0,0,0,998,0,0,0,12,12,4,3,8,0,0,0,1,48,75160,6,1,0,0,3,0,999,999,0,0,0,0,0,0,0,0,0,0,0,0,0,0,3,4,60,1,1,8,1,0,0,1,80,1,1,1,13,0,0
48,482252,2,2,1,2,11,21,48,8,0,1,0,48,6,18,3,18003,4,1993,1G4CW53L2P16,1,G,4,C,W,5,3,L,2,P,1,6,0,P,BUIC,PKA,4D,93,17,3441,,0,1108,,G,,F,6,231,,,15R205,,,,,,0,0,000000000,00000000000,0,0,0,1,0,0,0,0,0,0,0,998,0,0,0,6,6,6,2,12,0,0,0,0,0,99997,7,6,97,7,6,7,998,997,998,998,998,998,998,98,9998,98,9998,8,54,0,0,0,3,4,60,1,1,8,1,0,0,0,53,0,0,0,98,0,0
48,482253,1,2,1,2,11,15,27,12,6,1,0,48,1,19,421,19421,15,2006,1GYEC63N16R1,1,G,Y,E,C,6,3,N,1,6,R,1,0,P,CADI,ESC,UT,6,17,5352,,0,1160,,G,,F,8,366,,,17R265,,,,,,0,0,000000000,00000000000,0,0,0,1,0,0,0,0,0,0,0,998,0,0,0,3,3,2,9,12,0,0,0,1,48,77049,6,1,0,0,3,0,999,999,1,0,0,0,0,5,2009,5,2009,0,48,0,0,0,4,3,50,1,1,8,1,0,0,10,11,1,1,2,70,0,0
48,482253,2,2,1,2,11,15,27,12,6,1,0,48,1,76,706,76706,80,1993,JYA2WEE08PA0,J,Y,A,2,W,E,E,0,8,P,A,0,0,M,YAMA,VMX,RS,93,17,,,,,,,1198,,4,,4,580,,,,,,,0,0,000000000,00000000000,0,0,0,1,0,0,0,0,0,0,0,998,0,0,0,12,12,9,2,12,0,0,0,1,48,77536,6,1,0,0,3,0,999,999,1,0,0,0,1,5,2009,8,2010,0,0,0,0,0,4,3,50,1,1,8,1,0,0,1,60,3,2,1,71,1,0
48,482254,1,2,1,2,11,6,5,11,0,1,0,48,1,37,32,37032,4,1989,JHMCA563XKC0,J,H,M,C,A,5,6,3,X,K,C,0,0,P,HOND,ALX,4D,89,17,2504,,0,1024,,G,,2,4,119,,,13R185,,,,,,0,0,000000000,00000000000,0,0,0,1,0,0,0,0,0,0,0,998,0,0,0,12,3,6,2,12,0,0,0,1,48,79007,6,1,0,0,3,0,999,999,0,0,0,0,0,0,0,0,0,0,0,0,0,0,1,4,70,1,1,8,1,0,0,1,87,1,1,1,13,1,0
48,482254,2,2,1,2,11,6,5,11,0,1,0,48,3,49,482,49482,31,2011,5TFUW5F16BX1,5,T,F,U,W,5,F,1,6,B,X,1,0,T,TOYT,DBS,CW,11,17,,2,0,1457,TUN,F,,,8,348,,,,B,5460,00,7,44,0,0,000000000,00000000000,0,0,0,1,0,0,0,0,0,0,0,998,0,0,0,12,12,4,3,12,0,0,0,1,48,79062,6,1,0,0,3,0,999,999,0,0,0,0,0,0,0,0,0,0,0,0,0,0,1,4,70,1,1,8,1,0,0,1,62,4,1,1,98,0,0
48,482255,1,2,1,2,11,18,23,12,6,1,0,48,1,20,9,20009,2,2010,2G1FK1EJ7A91,2,G,1,F,K,1,E,J,7,A,9,1,0,P,CHEV,SSM,CP,10,17,3913,,0,1123,,G,,F,8,378,,,20R245,,,,,,0,0,000000000,00000000000,0,0,0,1,0,0,0,0,0,0,0,998,0,0,0,12,12,4,3,12,0,0,0,1,48,79065,6,1,0,0,3,3,999,999,0,0,0,0,0,0,0,0,0,0,28,0,0,0,1,2,70,2,1,8,1,0,0,14,10,1,1,2,64,0,0
48,482255,2,2,1,2,11,18,23,12,6,1,0,48,2,55,35,55035,4,2007,KMHDU46D77U1,K,M,H,D,U,4,6,D,7,7,U,1,0,P,HYUN,GST,4D,7,17,2723,,0,1043,,G,,F,4,121,,,15R195,,,,,,0,0,000000000,00000000000,0,0,0,1,0,0,0,0,0,0,0,998,0,0,0,10,10,6,2,12,0,0,0,1,48,79109,6,1,0,0,3,0,999,999,0,0,0,0,0,0,0,0,0,0,0,0,0,0,1,2,70,3,1,8,1,0,0,14,62,1,1,1,65,1,0
48,482256,1,2,2,3,11,2,26,12,1,1,0,48,2,7,442,7442,20,1999,1B4GP44G6XB9,1,B,4,G,P,4,4,G,6,X,B,9,0,T,DODG,GSS,ES,99,17,,1,0,1193,CAR,F,,,6,201,,,,,3856,00,E,42,0,0,000000000,00000000000,0,0,0,1,0,0,0,0,0,0,0,998,0,1,3,6,12,6,2,1,0,0,0,1,48,78227,6,1,0,0,3,3,999,999,0,0,0,0,0,0,0,0,0,0,0,0,0,0,3,5,65,1,1,8,1,0,0,1,53,1,1,1,25,1,1
48,482256,2,2,2,3,11,2,26,12,1,1,1,48,2,59,31,59031,4,1996,JT8BF12G2T01,J,T,8,B,F,1,2,G,2,T,0,1,0,P,LEXS,ES3,4D,96,17,3374,,0,1031,,G,,F,6,183,,,15R205,,,,,,0,0,000000000,00000000000,0,0,0,1,0,0,0,0,0,0,0,998,0,0,0,12,12,6,2,12,0,0,0,1,48,78238,0,0,0,0,0,0,999,999,0,0,0,0,0,0,0,0,0,0,91,26,0,0,3,5,65,1,1,8,1,0,0,1,51,1,1,1,24,0,1
48,482257,1,1,2,3,11,0,6,1,0,1,0,48,1,49,482,49482,31,2006,3TMLU42N36M0,3,T,M,L,U,4,2,N,3,6,M,0,0,T,TOYT,DCL,CW,6,17,,1,0,1219,TAC,G,,,6,244,,,,B,4055,00,U,44,0,0,000000000,00000000000,0,0,0,1,0,0,0,0,0,0,0,998,0,9,5,0,0,8,2,1,0,0,0,1,48,77346,6,1,0,0,3,0,999,999,0,5,0,0,0,7,2009,4,2010,1,0,0,0,0,3,3,45,3,1,8,1,0,0,14,13,1,1,4,1,1,1
48,482258,1,2,4,3,11,9,3,12,6,1,0,94,3,98,881,98881,63,2010,10TBTAX32AS1,1,0,T,B,T,A,X,3,2,A,S,1,0,T,OSHK,T,FT,10,17,,8,0,0,LT,D,,,6,963,,,,,00000,00,,44,0,88,888888888,88888888888,3,98,28,1,0,0,0,0,0,4,0,998,0,0,0,12,12,2,9,12,0,0,0,1,40,79916,6,1,0,0,2,0,77,180,0,0,0,0,0,0,0,0,0,0,38,0,0,0,1,2,98,1,8,8,98,20,3,4,17,1,1,1,86,0,0
48,482258,2,2,8,3,11,9,3,12,6,1,0,48,3,12,461,12461,21,2010,1FBSS3BL9ADA,1,F,B,S,S,3,B,L,9,A,D,A,0,T,FORD,WSD,ES,10,17,,2,0,1380,ECO,G,,,8,330,,,,D,6425,00,E,42,0,88,888888888,88888888888,1,20,22,1,0,0,0,0,0,0,0,998,0,0,0,1,1,4,3,12,0,0,0,1,48,79938,6,1,6,1,3,3,999,999,0,0,0,0,0,0,0,0,0,0,0,0,0,0,3,2,65,1,1,8,1,0,0,1,66,1,1,1,87,1,0
48,482259,1,2,1,3,11,18,15,12,2,1,0,48,1,7,482,7482,31,2005,3D7MS48C15G7,3,D,7,M,S,4,8,C,1,5,G,7,0,T,DODG,SQ3,CW,5,17,,3,0,1600,RPC,D,,,6,359,,,,D,6586,00,E,44,0,0,000000000,00000000000,0,0,0,1,0,0,0,0,0,0,0,998,0,0,0,12,12,4,3,12,0,0,0,1,48,75938,6,1,0,0,3,0,999,999,0,0,0,0,0,0,0,0,0,0,51,0,0,0,4,1,98,1,8,8,98,97,8,1,17,1,1,1,90,0,0
48,482259,2,2,1,3,11,18,15,12,2,1,0,48,0,37,32,37032,4,1990,JHMCB7640LC0,J,H,M,C,B,7,6,4,0,L,C,0,0,P,HOND,ADL,4D,90,17,2733,,0,1071,,G,,F,4,132,,,14R185,,,,,,0,0,000000000,00000000000,0,0,0,1,0,0,0,0,0,0,0,998,0,0,0,12,12,6,2,12,0,0,0,1,48,77573,0,0,0,0,0,0,999,999,0,0,0,0,0,0,0,0,0,0,0,0,0,0,1,4,35,1,1,8,1,0,0,1,66,1,1,1,90,1,0
48,482260,1,1,1,3,11,10,48,59,0,1,0,48,3,12,481,12481,31,2001,3FTSW30L71MA,3,F,T,S,W,3,0,L,7,1,M,A,0,T,FORD,F3S,CW,1,17,,2,1724,1562,SRW,G,,,8,330,,,,D,5497,07,E,42,0,0,000000000,00000000000,0,0,0,1,0,0,0,0,0,0,0,998,0,1,5,12,12,6,2,42,0,0,0,1,48,78557,3,1,0,0,2,3,999,999,0,0,0,1,0,2,2011,2,2011,0,0,0,0,0,6,1,98,1,1,8,1,0,0,16,13,1,1,4,1,1,0
48,482261,1,1,1,3,11,0,17,1,0,1,0,48,1,12,3,12003,2,2004,1FAFP40614F1,1,F,A,F,P,4,0,6,1,4,F,1,0,P,FORD,MUS,CP,4,17,3114,,0,1013,,G,,F,6,238,,,16R225,,,,,,0,0,000000000,00000000000,0,0,0,1,0,0,0,0,0,0,0,998,0,1,5,0,0,6,2,1,0,0,0,1,48,79015,6,1,0,0,3,0,999,999,0,0,0,1,0,7,2010,7,2010,0,0,0,0,0,2,2,70,1,1,8,1,0,0,1,12,7,3,4,2,1,1
48,482262,1,1,1,4,11,20,24,18,0,1,0,48,2,7,402,7402,14,2000,1B4HR28Y4YF1,1,B,4,H,R,2,8,Y,4,Y,F,1,0,P,DODG,DUR,UT,0,17,4225,,0,1159,,G,,F,8,318,,,15R235,,,,,,0,0,000000000,00000000000,0,0,0,1,0,0,0,0,0,0,0,998,0,0,0,12,9,6,2,42,0,0,0,1,48,76801,0,0,0,0,0,0,999,999,0,0,0,0,0,0,0,0,0,1,0,0,0,0,1,2,30,3,1,2,1,0,0,14,13,1,1,4,1,1,1
48,482263,1,1,2,4,11,22,7,43,0,1,0,48,2,72,706,72706,80,2011,1HD1GP413BC3,1,H,D,1,G,P,4,1,3,B,C,3,0,M,HD,FWG,RS,11,17,,,,,,,1584,,2,,4,647,,,,,,,0,0,000000000,00000000000,0,0,0,1,0,0,0,0,0,0,0,998,0,0,0,99,99,9,8,43,0,0,0,1,48,77068,6,1,0,0,2,0,68,188,0,1,0,0,0,2,2009,2,2009,1,0,0,0,0,4,2,45,2,1,8,1,0,0,14,12,1,1,4,6,2,1
48,482264,1,1,1,4,11,7,2,10,0,1,0,48,1,23,481,23481,31,2000,1GTEC19T9YZ3,1,G,T,E,C,1,9,T,9,Y,Z,3,0,T,GMC,NC1,3C,0,17,,2,1575,1435,SIE,G,,,8,325,,,,B,4134,03,U,42,0,0,000000000,00000000000,0,0,0,1,0,0,0,0,0,0,0,998,0,0,0,61,61,6,2,10,0,0,0,1,48,76044,6,1,0,0,3,0,999,999,0,0,0,0,0,0,0,0,0,0,39,0,0,0,1,2,30,1,3,8,1,65,3,1,90,1,1,1,15,1,0
48,482265,1,2,1,5,11,20,15,12,2,1,0,48,1,76,705,76705,80,1994,JYA4DUE04RA0,J,Y,A,4,D,U,E,0,4,R,A,0,0,M,YAMA,J60,RS,94,17,,,,,,,599,,4,,4,408,,,,,,,0,0,000000000,00000000000,0,0,0,1,0,0,0,0,0,0,0,998,0,0,0,12,12,6,2,12,0,0,0,1,48,77082,1,1,0,0,2,0,67,140,0,3,1,0,0,10,2011,10,2011,1,33,0,0,0,1,4,45,1,1,8,1,3,3,6,10,1,1,2,50,1,1
48,482265,2,2,1,5,11,20,15,12,2,1,0,48,1,23,481,23481,31,1985,1GTDC14H0FJ5,1,G,T,D,C,1,4,H,0,F,J,5,0,T,GMC,C15,PK,85,17,,1,1315,1175,C15,G,,,8,305,,,,B,3319,07,A,42,0,0,000000000,00000000000,0,0,0,1,0,0,0,0,0,0,0,998,0,0,0,12,12,6,2,12,0,0,0,1,48,77518,1,1,0,0,2,0,999,999,0,4,0,0,0,7,2009,8,2011,0,92,0,0,0,1,4,45,1,1,8,1,3,3,1,62,1,1,1,51,0,0
48,482266,1,2,1,6,11,17,45,12,6,1,0,48,1,49,472,49472,30,2001,5TENL42N91Z8,5,T,E,N,L,4,2,N,9,1,Z,8,0,T,TOYT,REG,PK,1,17,,1,0,1033,TAC,G,,,4,149,,,,B,2750,00,U,42,0,0,000000000,00000000000,0,0,0,1,0,0,0,0,0,0,0,998,0,0,0,2,2,4,3,12,0,0,0,1,48,75238,6,1,0,0,3,3,999,999,0,0,0,0,0,0,0,0,0,0,38,0,0,0,1,2,99,1,1,8,1,20,3,1,17,1,1,1,87,1,0
48,482266,2,2,1,6,11,17,45,12,6,1,0,48,1,7,482,7482,31,1998,1B7HC13ZXWJ1,1,B,7,H,C,1,3,Z,X,W,J,1,0,T,DODG,Q15,4C,98,17,,2,1547,1387,RPC,G,,,8,360,,,,B,4617,01,U,42,0,0,000000000,00000000000,0,0,0,1,0,0,0,0,0,0,0,998,0,0,0,12,12,4,3,12,0,0,0,1,48,75217,1,1,0,0,2,0,999,999,0,11,0,0,0,1,2009,5,2011,0,92,0,0,0,2,2,40,1,1,8,1,0,0,1,66,1,1,1,86,0,0
48,482267,1,1,1,6,11,1,28,42,0,1,0,48,2,76,709,76709,80,2006,JYARJ12E66A0,J,Y,A,R,J,1,2,E,6,6,A,0,0,M,YAMA,R6L,RC,6,17,,,,,,,599,,4,,4,357,,,,,,,0,0,000000000,00000000000,0,0,0,1,0,0,0,0,0,0,0,998,0,0,0,99,99,9,1,42,0,0,0,1,48,79763,6,1,0,0,3,0,999,999,0,0,0,1,0,9,2010,9,2010,1,0,0,0,0,1,2,30,1,1,8,1,0,0,1,14,1,1,4,14,1,1
48,482268,1,1,1,6,11,10,35,1,0,1,0,48,2,37,31,37031,2,1998,1HGEJ6228WL1,1,H,G,E,J,6,2,2,8,W,L,1,0,P,HOND,UCD,CP,98,17,2274,,0,1032,,G,,F,4,097,,,14R185,,,,,,0,0,000000000,00000000000,0,0,0,1,0,0,0,0,0,0,0,998,0,1,5,0,0,4,3,1,0,0,0,1,48,79015,6,1,0,0,3,0,999,999,1,0,0,0,0,7,2010,7,2010,0,58,0,0,0,1,2,70,1,2,8,1,0,0,1,13,6,4,4,7,1,0
48,482269,1,1,1,7,11,7,50,38,0,1,0,48,2,49,43,49043,4,1997,4T1BF12B7VU1,4,T,1,B,F,1,2,B,7,V,U,1,0,P,TOYT,UVS,4D,97,17,3263,,0,1071,,G,,F,6,183,,,15R205,,,,,,0,0,000000000,00000000000,0,0,0,1,0,0,0,0,0,0,0,998,0,1,5,12,0,4,3,1,0,0,0,1,48,75901,1,1,0,0,2,0,999,999,0,1,0,0,0,4,2009,4,2009,1,0,0,0,0,1,2,35,1,1,8,1,0,0,1,6,1,4,4,7,1,0
48,482270,1,2,1,7,11,17,21,12,6,1,0,48,2,49,401,49401,14,2007,JTEZU14RX780,J,T,E,Z,U,1,4,R,X,7,8,0,0,P,TOYT,RUN,UT,7,17,4045,,0,1098,,G,,F,6,244,,,16R265,,,,,,0,0,000000000,00000000000,0,0,0,1,0,0,0,0,0,0,0,998,0,1,5,9,9,4,3,12,0,0,0,1,48,79039,6,1,0,0,3,0,999,999,0,0,0,1,0,1,2011,1,2011,1,58,0,0,0,2,2,70,3,1,8,2,0,0,14,6,1,3,4,64,1,0
48,482270,2,2,3,7,11,17,21,12,6,1,0,48,1,24,401,24401,14,2004,5GZCZ53404S8,5,G,Z,C,Z,5,3,4,0,4,S,8,0,P,STRN,VUE,UT,4,17,3478,,0,1066,,G,,F,6,214,,,16R215,,,,,,0,0,000000000,00000000000,0,0,0,1,0,0,0,0,0,0,0,998,0,0,0,12,12,4,3,12,0,0,0,1,48,79106,6,1,0,0,3,3,999,999,1,0,0,2,2,4,2009,11,2009,0,0,0,0,0,2,2,70,2,1,8,2,0,0,14,64,1,1,1,65,0,0
48,482271,1,1,1,7,11,23,17,59,0,1,0,48,3,49,472,49472,30,2008,5TENX22N28Z5,5,T,E,N,X,2,2,N,2,8,Z,5,0,T,TOYT,REG,PK,8,17,,1,0,1094,TAC,G,,,4,164,,,,B,3200,00,U,42,0,0,000000000,00000000000,0,0,0,1,0,0,0,0,0,0,0,998,0,0,0,99,2,6,2,42,0,0,0,1,48,77351,6,1,6,0,3,0,999,999,0,4,0,0,0,12,2008,12,2009,1,0,0,0,0,1,2,55,3,1,8,1,0,0,14,13,1,4,4,2,1,0
48,482272,1,1,1,7,11,18,13,8,0,1,0,48,1,20,9,20009,2,1999,2G1FP22GXX21,2,G,1,F,P,2,2,G,X,X,2,1,0,P,CHEV,Z28,CP,99,17,3439,,0,1011,,G,,F,8,350,,,16R215,,,,,,0,0,000000000,00000000000,0,0,0,1,0,0,0,0,0,0,0,998,0,0,0,12,12,0,1,8,0,0,0,1,48,76036,6,1,0,0,3,3,999,999,0,0,0,0,0,0,0,0,0,0,0,0,0,0,1,2,30,1,1,8,2,98,3,1,80,1,1,1,13,0,0
48,482273,1,2,1,8,11,11,55,12,2,1,0,48,1,20,9,20009,2,2010,2G1FB1EV4A91,2,G,1,F,B,1,E,V,4,A,9,1,0,P,CHEV,CLT,CP,10,17,3750,,0,1123,,G,,F,6,220,,,18R245,,,,,,0,0,000000000,00000000000,0,0,0,1,0,0,0,0,0,0,0,998,0,0,0,12,12,6,2,12,0,0,0,1,48,75452,6,1,0,0,3,0,999,999,0,0,0,0,1,12,2010,12,2010,1,0,0,0,0,1,2,65,1,2,8,2,0,0,1,10,1,1,2,50,1,0
48,482273,2,2,3,8,11,11,55,12,2,1,0,48,2,20,431,20431,16,2000,3GNEC16T2YG1,3,G,N,E,C,1,6,T,2,Y,G,1,0,P,CHEV,C15,UT,0,17,4914,,0,1300,,G,,F,8,325,,,16R245,,,,,,0,0,000000000,00000000000,0,0,0,1,0,0,0,0,0,0,0,998,0,0,0,12,12,6,2,12,0,0,0,1,48,75409,6,1,0,0,3,0,999,999,0,0,0,0,0,0,0,0,0,0,0,0,0,0,1,2,65,1,2,8,2,0,0,1,62,1,1,1,51,0,0
48,482274,1,4,1,8,11,6,15,12,7,1,0,48,1,7,442,7442,20,2003,1D4GP25R93B3,1,D,4,G,P,2,5,R,9,3,B,3,0,P,DODG,CAR,SV,3,17,3758,,0,1133,,G,,F,6,201,,,16R215,,,,,,0,0,000000000,00000000000,0,0,0,1,0,0,0,0,0,0,0,998,0,0,0,81,9,6,2,12,0,0,0,1,48,77335,6,1,0,0,3,0,999,999,1,0,0,0,0,3,2010,3,2010,0,0,0,0,0,1,2,60,1,1,8,2,0,0,1,64,1,1,1,45,1,0