STATE,ST_CASE,VEH_NO,VE_FORMS,NUMOCCS,DAY,MONTH,HOUR,MINUTE,HARM_EV,MAN_COLL,UNITTYPE,HIT_RUN,REG_STAT,OWNER,MAKE,MODEL,MAK_MOD,BODY_TYP,MOD_YEAR,VIN,VIN_1,VIN_2,VIN_3,VIN_4,VIN_5,VIN_6,VIN_7,VIN_8,VIN_9,VIN_10,VIN_11,VIN_12,TOW_VEH,VINTYPE,VINMAKE,VINA_MOD,VIN_BT,VINMODYR,VIN_LNGT,VIN_WGT,WGTCD_TR,WHLBS_LG,WHLBS_SH,SER_TR,FUELCODE,MCYCL_DS,CARBUR,CYLINDER,DISPLACE,MCYCL_CY,MCYCL_WT,TIRE_SZE,TON_RAT,TRK_WT,TRKWTVAR,VIN_REST,WHLDRWHL,J_KNIFE,MCARR_I1,MCARR_I2,MCARR_ID,GVWR,V_CONFIG,CARGO_BT,HAZ_INV,HAZ_PLAC,HAZ_ID,HAZ_CNO,HAZ_REL,BUS_USE,SPEC_USE,EMER_USE,TRAV_SP,UNDERIDE,ROLLOVER,ROLINLOC,IMPACT1,IMPACT2,DEFORMED,TOWED,M_HARM,VEH_SC1,VEH_SC2,FIRE_EXP,DR_PRES,L_STATE,DR_ZIP,L_STATUS,L_TYPE,CDL_STAT,L_ENDORS,L_COMPL,L_RESTRI,DR_HGT,DR_WGT,PREV_ACC,PREV_SUS,PREV_DWI,PREV_SPD,PREV_OTH,FIRST_MO,FIRST_YR,LAST_MO,LAST_YR,SPEEDREL,DR_SF1,DR_SF2,DR_SF3,DR_SF4,VTRAFWAY,VNUM_LAN,VSPD_LIM,VALIGN,VPROFILE,VPAVETYP,VSURCOND,VTRAFCON,VTCONT_F,P_CRASH1,P_CRASH2,P_CRASH3,PCRASH4,PCRASH5,ACC_TYPE,DEATHS,DR_DRINK
48,482274,2,4,1,8,11,6,15,12,7,1,0,48,2,20,481,20481,31,1986,1GCDC14H7GJ1,1,G,C,D,C,1,4,H,7,G,J,1,0,T,CHEV,C10,PK,86,17,,1,1315,1175,C10,G,,,8,305,,,,B,3282,06,,42,0,0,000000000,00000000000,0,0,0,1,0,0,0,0,0,0,0,998,0,0,0,12,12,4,3,12,0,0,0,1,48,77351,6,1,0,0,3,0,999,999,0,0,0,1,0,11,2009,11,2009,0,0,0,0,0,1,2,60,1,1,8,2,0,0,1,62,1,1,1,98,0,0
48,482274,3,4,1,8,11,6,15,12,7,1,0,93,2,82,881,82881,66,1999,1FUPCSZB3XPA,1,F,U,P,C,S,Z,B,3,X,P,A,1,T,FRHT,FLD,TR,99,17,,8,0,0,CON,D,,,6,774,,,,,00000,00,,64,1,57,2093399,572093399,3,6,9,1,0,0,0,0,0,0,0,998,0,0,0,61,61,4,1,12,0,0,0,1,48,77320,6,1,6,0,3,0,999,999,0,0,0,0,0,0,0,0,0,0,48,0,0,0,1,2,60,1,1,8,2,0,0,16,98,1,1,7,47,0,0
48,482274,4,4,1,8,11,6,15,12,7,1,0,48,2,12,3,12003,2,2007,1ZVFT80NX752,1,Z,V,F,T,8,0,N,X,7,5,2,0,P,FORD,MUS,CP,7,17,3352,,0,1071,,G,,F,6,244,,,16R215,,,,,,0,0,000000000,00000000000,0,0,0,1,0,0,0,0,0,0,0,998,0,0,0,14,14,9,2,18,0,0,0,1,48,77360,6,1,0,0,3,3,999,999,0,0,0,0,0,0,0,0,0,0,0,0,0,0,1,2,60,1,1,8,2,0,0,1,98,1,1,1,98,0,0
48,482275,1,2,1,8,11,22,46,8,0,1,1,99,9,99,999,99999,99,9999,999999999999,9,9,9,9,9,9,9,9,9,9,9,9,0,,,,,,,,,,,,,,,,,,,,,,,,,0,0,000000000,00000000000,0,0,0,1,0,0,0,0,0,0,0,998,0,0,0,99,99,9,1,8,0,0,0,1,99,99999,9,9,99,9,9,9,999,999,99,99,99,99,99,99,9999,99,9999,0,0,0,0,0,3,4,60,1,1,8,1,0,0,1,80,1,1,1,13,0,0
48,482275,2,2,1,8,11,22,46,8,0,1,0,93,3,84,881,84881,66,2005,2HSCDSBN15C0,2,H,S,C,D,S,B,N,1,5,C,0,1,T,INTL,92I,TR,5,17,,7,0,0,920,D,,,6,763,,,,,00000,00,,42,1,57,1587006,571587006,3,6,3,1,0,0,0,0,0,0,0,998,0,0,0,99,99,0,1,8,0,0,0,1,48,76487,6,1,6,0,3,0,999,999,0,0,0,0,0,0,0,0,0,0,0,0,0,0,3,4,60,1,1,8,1,0,0,1,80,1,1,1,98,0,0
48,482276,1,2,2,9,11,13,33,12,6,1,0,55,1,49,46,49046,5,2011,JTDKN3DU0B03,J,T,D,K,N,3,D,U,0,B,0,3,0,P,TOYT,PRI,4H,11,17,3042,,0,1063,,B,,F,4,110,,,15R195,,,,,,0,0,000000000,00000000000,0,0,0,1,0,0,0,0,0,0,0,998,0,0,0,3,3,4,3,12,36,0,0,1,55,54665,6,1,0,0,3,0,73,237,0,0,0,0,0,0,0,0,0,0,39,0,0,0,2,2,65,1,1,8,1,3,3,11,15,1,1,1,68,1,0
48,482276,2,2,1,9,11,13,33,12,6,1,0,48,2,7,482,7482,31,2004,1D7HA18D94S5,1,D,7,H,A,1,8,D,9,4,S,5,0,T,DODG,SQ1,CW,4,17,,2,1605,1405,RPC,G,,,8,345,,,,B,4820,01,E,42,0,0,000000000,00000000000,0,0,0,1,0,0,0,0,0,0,0,998,0,0,0,12,12,4,3,12,0,0,0,1,48,75409,6,1,0,0,3,0,999,999,0,0,0,0,0,0,0,0,0,0,0,0,0,0,2,2,65,1,1,8,1,3,3,1,62,1,1,1,69,0,0
48,482277,1,2,2,9,11,3,15,12,2,1,0,37,3,84,881,84881,66,2012,3HSDJSJR1CN5,3,H,S,D,J,S,J,R,1,C,N,5,1,T,INTL,PRO,TR,12,17,,8,0,0,PRO,D,,,6,793,,,,,00000,00,,64,1,57,383914,57383914,3,6,1,1,0,0,0,0,0,0,0,998,0,0,0,12,12,4,3,12,0,0,0,1,37,27320,6,1,6,0,3,3,69,999,1,0,0,2,0,4,2009,5,2011,0,0,0,0,0,3,2,70,1,1,8,1,0,0,1,54,7,1,1,52,0,0
48,482277,2,2,1,9,11,3,15,12,2,1,0,48,1,37,31,37031,4,2003,JHMES966X3S0,J,H,M,E,S,9,6,6,X,3,S,0,0,P,HOND,CHY,4D,3,17,2698,,0,1032,,B,,F,4,082,,,14R185,,,,,,0,0,000000000,00000000000,0,0,0,1,0,0,0,0,0,0,0,998,0,0,0,12,12,6,2,12,36,0,0,1,48,79109,6,1,0,0,3,3,999,999,0,0,0,0,0,0,0,0,0,0,50,0,0,0,3,2,70,1,1,8,1,0,0,1,54,1,1,1,52,1,1
48,482278,1,2,1,10,11,0,5,12,6,1,0,48,2,21,2,21002,4,1995,1G3HN52K6S48,1,G,3,H,N,5,2,K,6,S,4,8,0,P,OLDS,88R,4D,95,17,3439,,0,1108,,G,,F,6,231,,,15R205,,,,,,0,0,000000000,00000000000,0,0,0,1,0,0,0,0,0,0,0,998,0,0,0,3,3,6,2,12,32,0,0,1,48,76513,6,1,0,0,3,0,999,999,0,0,0,1,0,8,2009,8,2009,0,24,38,0,0,1,2,65,1,1,8,1,0,0,11,10,1,1,2,68,1,0
48,482278,2,2,1,10,11,0,5,12,6,1,0,93,3,82,881,82881,63,2008,1FVACXBSX8HZ,1,F,V,A,C,X,B,S,X,8,H,Z,0,T,FRHT,16M,CC,8,17,,7,0,0,FM2,D,,,6,505,,,,,00000,00,,42,0,57,3774,573774,3,2,1,1,0,0,0,0,0,0,0,998,0,0,0,12,12,4,8,12,0,0,0,1,48,75149,6,1,6,0,3,3,999,999,0,0,0,1,0,9,2010,9,2010,0,0,0,0,0,1,2,65,1,1,8,1,0,0,1,62,7,1,1,69,0,0
48,482279,1,1,1,10,11,20,35,38,0,1,0,48,1,49,482,49482,31,2005,5TBRT341X5S4,5,T,B,R,T,3,4,1,X,5,S,4,0,T,TOYT,TT5,4C,5,17,,2,0,1283,TUN,G,,,8,285,,,,C,4215,00,U,42,0,0,000000000,00000000000,0,0,0,1,0,0,0,0,0,0,0,998,0,1,5,12,12,6,2,38,0,0,0,1,48,78247,6,1,0,0,3,0,999,999,0,0,0,0,0,0,0,0,0,1,0,0,0,0,5,4,40,1,1,8,1,0,0,1,6,1,1,4,1,1,1
48,482280,1,1,1,10,11,21,32,1,0,1,0,48,2,20,481,20481,31,2001,2GCEC19V2112,2,G,C,E,C,1,9,V,2,1,1,2,0,T,CHEV,SC1,4C,1,17,,2,1575,1435,SIL,G,,,8,293,,,,B,4413,00,,42,0,0,000000000,00000000000,0,0,0,1,0,0,0,0,0,0,0,998,0,1,1,0,0,6,2,1,0,0,0,1,48,78758,0,0,0,0,0,0,999,999,0,0,0,0,0,0,0,0,0,1,0,0,0,0,2,2,50,2,1,8,1,98,3,14,12,7,9,6,98,1,1
48,482281,1,1,1,11,11,15,15,32,0,1,0,48,2,37,706,37706,80,1999,JH2SC3309XM3,J,H,2,S,C,3,3,0,9,X,M,3,0,M,HOND,CR9,RC,99,17,,,,,,,919,,4,,4,397,,,,,,,0,0,000000000,00000000000,0,0,0,1,0,0,0,0,0,0,0,998,0,0,0,12,12,4,3,32,0,0,0,1,48,76705,1,1,0,0,2,0,999,999,1,15,1,0,2,1,2010,11,2011,1,0,0,0,0,1,2,30,1,1,8,1,20,3,3,14,1,1,4,14,1,0
48,482282,1,1,4,12,11,22,55,1,0,1,0,48,2,12,481,12481,31,1999,1FTRX17W6XKB,1,F,T,R,X,1,7,W,6,X,K,B,0,T,FORD,F15,4C,99,17,,2,1571,1385,COF,G,,,8,281,,,,B,00000,00,U,42,0,0,000000000,00000000000,0,0,0,1,0,0,0,0,0,0,0,998,0,1,5,0,13,6,2,1,0,0,0,1,48,77662,6,1,0,0,3,0,999,999,0,0,0,0,0,0,0,0,0,1,58,0,0,0,1,2,30,1,1,7,1,0,0,1,13,6,9,4,2,2,0
48,482283,1,1,1,13,11,17,54,8,0,1,0,48,2,7,482,7482,31,2006,1D7HA18N66S6,1,D,7,H,A,1,8,N,6,6,S,6,0,T,DODG,SQ1,CW,6,17,,2,1405,1205,RPC,G,,,8,287,,,,B,4833,02,E,42,0,0,000000000,00000000000,0,0,0,1,0,0,0,0,0,0,0,998,0,0,0,12,12,2,1,8,0,0,0,1,48,75244,0,0,0,0,0,0,999,999,0,0,0,0,0,0,0,0,0,0,92,0,0,0,2,3,35,3,1,8,1,0,0,14,80,1,1,1,13,0,0
48,482284,1,1,1,13,11,4,24,42,0,1,0,48,0,12,401,12401,14,2003,1FMZU63K73ZA,1,F,M,Z,U,6,3,K,7,3,Z,A,0,P,FORD,EPR,UT,3,17,4094,,0,1137,,F,,F,6,245,,,16R235,,,,,,0,0,000000000,00000000000,0,0,0,1,0,0,0,0,0,0,0,998,0,1,5,12,12,6,2,42,0,0,0,1,48,76114,1,1,0,0,2,0,999,999,0,1,1,0,0,7,2010,9,2010,1,0,0,0,0,1,2,45,1,2,8,1,0,0,1,12,1,1,4,6,1,1
48,482285,1,2,3,13,11,12,57,12,6,1,0,48,1,49,401,49401,14,2005,JTEZU14R7500,J,T,E,Z,U,1,4,R,7,5,0,0,0,P,TOYT,RUN,UT,5,17,4070,,0,1098,,G,,F,6,244,,,17R265,,,,,,0,0,000000000,00000000000,0,0,0,1,0,0,0,0,0,0,0,998,0,1,1,10,10,6,2,12,0,0,0,1,48,76633,6,1,0,0,3,3,999,999,0,0,0,0,0,0,0,0,0,0,0,0,0,0,4,2,98,8,8,8,1,0,0,1,66,1,1,1,89,1,0
48,482285,2,2,2,13,11,12,57,12,6,1,0,48,2,14,6,14006,4,1999,2MEFM75W3XX6,2,M,E,F,M,7,5,W,3,X,X,6,0,P,MERC,MGL,4D,99,17,3922,,0,1147,,G,,F,8,281,,,16R225,,,,,,0,0,000000000,00000000000,0,0,0,1,0,0,0,0,0,0,0,998,0,0,0,12,12,6,2,12,0,0,0,1,48,76712,6,1,0,0,3,3,999,999,0,0,0,0,0,0,0,0,0,0,38,39,0,0,4,2,40,1,1,8,1,20,3,1,17,1,1,1,88,0,0
48,482286,1,2,2,20,11,12,20,12,6,1,0,48,1,55,35,55035,4,2008,KMHDU46D78U4,K,M,H,D,U,4,6,D,7,8,U,4,0,P,HYUN,GST,4D,8,17,2723,,0,1043,,G,,F,4,121,,,15R195,,,,,,0,0,000000000,00000000000,0,0,0,1,0,0,0,0,0,0,0,998,0,0,0,12,12,4,3,12,0,0,0,1,48,78224,6,1,0,0,3,3,999,999,0,0,0,0,0,0,0,0,0,1,58,0,0,0,3,2,65,1,2,8,1,0,0,1,10,7,4,6,48,0,0
48,482286,2,2,4,20,11,12,20,12,6,1,0,48,1,23,421,23421,15,2003,3GKFK16Z43G3,3,G,K,F,K,1,6,Z,4,3,G,3,0,T,GMC,KX1,4W,3,17,,2,0,1300,YUK,F,,,8,325,,,,B,5224,00,4,44,0,0,000000000,00000000000,0,0,0,1,0,0,0,0,0,0,0,998,0,1,1,83,83,4,3,12,0,0,0,1,48,78130,6,1,0,0,3,0,999,999,0,0,0,1,0,11,2010,11,2010,0,24,0,0,0,3,2,65,1,2,8,1,0,0,1,61,1,1,1,48,2,1
48,482287,1,1,1,20,11,19,10,8,0,1,0,48,2,41,471,41471,30,1994,4F4CR16X9RTN,4,F,4,C,R,1,6,X,9,R,T,N,0,T,MAZD,4CP,PC,94,17,,1,0,1251,B40,G,,,6,245,,,,,3418,00,A,42,0,0,000000000,00000000000,0,0,0,1,0,0,0,0,0,0,0,998,0,0,0,12,12,4,1,8,0,0,0,1,48,78250,0,0,0,0,0,0,999,999,0,0,0,1,0,10,2011,10,2011,0,92,0,0,0,5,6,45,1,3,8,1,3,3,1,80,2,1,1,13,0,0
48,482288,1,1,1,26,11,1,7,1,0,1,0,48,1,72,706,72706,80,2001,1HD4CAM331K1,1,H,D,4,C,A,M,3,3,1,K,1,0,M,HD,X88,RS,1,17,,,,,,,883,,2,,4,489,,,,,,,0,0,000000000,00000000000,0,0,0,1,0,0,0,0,0,0,0,998,0,0,0,0,13,9,9,1,0,0,0,1,48,76208,6,1,6,0,3,3,999,999,0,0,0,0,0,0,0,0,0,0,0,0,0,0,4,2,45,3,2,8,2,40,3,14,98,99,1,4,1,1,1
48,482289,1,2,1,28,11,17,7,12,6,1,0,48,1,12,471,12471,30,2004,1FTYR10U94PB,1,F,T,Y,R,1,0,U,9,4,P,B,0,T,FORD,RNG,PK,4,17,,1,1175,1116,RNG,G,,,6,182,,,,B,3085,00,U,42,0,0,000000000,00000000000,0,0,0,1,0,0,0,0,0,0,0,998,0,0,0,12,12,2,9,12,0,0,0,1,48,79601,6,1,6,0,3,3,999,999,0,0,0,0,0,0,0,0,0,0,38,0,0,0,2,2,45,1,1,8,1,0,0,11,15,1,1,1,68,0,0
48,482289,2,2,1,28,11,17,7,12,6,1,0,48,1,98,709,98709,80,2010,2BXJBKC11AV0,2,B,X,J,B,K,C,1,1,A,V,0,0,U,,,,10,17,,,,,,,,,,,,,,,,,,,0,0,000000000,00000000000,0,0,0,1,0,0,0,0,0,0,0,998,0,0,0,9,9,9,2,12,0,0,0,1,48,76424,6,1,0,0,3,3,999,999,0,0,0,0,0,0,0,0,0,0,0,0,0,0,2,2,45,1,1,8,1,0,0,1,62,1,1,1,69,1,0
48,482290,1,2,2,29,11,15,2,12,6,1,0,48,2,12,481,12481,31,2005,1FTSW20P45EB,1,F,T,S,W,2,0,P,4,5,E,B,0,T,FORD,F2S,CW,5,17,,2,1724,1562,SRW,D,,,8,366,,,,C,6059,00,E,42,0,0,000000000,00000000000,0,0,0,1,0,0,0,0,0,0,0,998,0,0,0,12,12,6,2,12,0,0,0,1,48,77447,6,1,0,0,3,0,999,999,0,0,0,0,0,0,0,0,0,0,38,39,0,0,2,2,98,8,8,8,1,3,3,1,17,1,1,1,88,1,0
48,482290,2,2,1,29,11,15,2,12,6,1,0,48,1,87,881,87881,66,1998,1XP5DR9X6WN4,1,X,P,5,D,R,9,X,6,W,N,4,1,T,PTRB,379,TR,98,17,,8,0,0,CON,D,,,6,774,,,,,00000,00,,64,1,57,2191399,572191399,3,6,4,1,0,0,0,0,0,0,0,998,0,0,0,9,9,4,3,12,0,0,0,1,48,77449,6,1,6,0,3,0,999,999,0,0,0,0,0,0,0,0,0,0,0,0,0,0,4,3,45,2,2,8,1,3,3,14,66,1,1,1,89,0,0
48,482291,1,2,1,22,7,12,25,14,0,1,0,48,3,85,881,85881,66,2001,1XKADR9X31J8,1,X,K,A,D,R,9,X,3,1,J,8,1,T,KW,T60,TR,1,17,,8,2600,1600,CON,D,,,6,774,,,,,00000,00,,64,1,57,71943795,5771943795,3,6,3,1,0,0,0,0,0,0,0,998,0,0,0,12,12,4,3,14,0,0,0,1,48,77014,6,1,6,0,3,0,999,999,0,3,0,1,0,4,2009,2,2011,1,27,0,0,0,3,3,60,1,1,8,1,0,0,1,51,7,1,4,1,0,0
48,482291,4,2,1,22,7,12,25,14,0,1,0,99,9,84,881,84881,62,2007,1HTMMAAM97H3,1,H,T,M,M,A,A,M,9,7,H,3,0,T,INTL,430,CC,7,17,,6,0,0,40S,D,,,6,466,,,,,00000,00,,42,0,99,999999999,99999999999,2,2,98,1,0,0,0,0,0,0,0,998,0,0,0,5,5,2,1,12,0,0,0,1,48,78754,6,1,0,0,3,0,999,999,0,0,0,0,1,10,2009,10,2009,0,0,0,0,0,3,3,60,1,1,8,1,0,0,1,64,1,1,1,98,0,0
48,482292,1,2,1,11,8,11,30,12,1,1,0,48,1,63,34,63034,4,2009,KNAGE2288952,K,N,A,G,E,2,2,8,8,9,5,2,0,P,KIA,OLE,4D,9,17,3157,,0,1071,,G,,F,4,146,,,16R205,,,,,,0,0,000000000,00000000000,0,0,0,1,0,0,0,0,0,0,0,0,0,0,0,6,6,2,1,12,0,0,0,1,48,76123,6,1,0,0,3,0,999,999,0,0,0,0,0,0,0,0,0,0,0,0,0,0,2,3,40,1,1,8,1,99,9,5,53,1,1,1,21,1,0
48,482292,2,2,1,11,8,11,30,12,1,1,0,48,1,12,481,12481,31,2005,1FTRF12W25KC,1,F,T,R,F,1,2,W,2,5,K,C,0,T,FORD,F15,PK,5,17,,2,1450,1260,COF,G,,,8,281,,,,B,4615,02,U,42,0,0,000000000,00000000000,0,0,0,1,0,0,0,0,0,0,0,998,0,0,0,12,12,2,1,12,0,0,0,1,48,75231,6,1,0,0,3,0,999,999,0,2,0,0,2,2,2010,7,2011,1,0,0,0,0,2,3,40,1,1,8,1,99,9,3,50,1,1,1,20,0,0
48,482293,1,2,1,26,8,15,57,23,0,1,0,48,2,53,705,53705,80,2009,JS1GR7LA2921,J,S,1,G,R,7,L,A,2,9,2,1,0,M,SUZI,SX7,RC,9,17,,,,,,,750,,4,,4,437,,,,,,,0,0,000000000,00000000000,0,0,0,1,0,0,0,0,0,0,0,998,0,0,0,99,99,9,2,23,0,0,0,1,22,71106,6,1,0,0,3,0,67,180,0,0,0,0,0,0,0,0,0,0,0,0,0,0,4,1,55,3,2,1,1,0,0,14,13,1,1,4,1,1,1
48,482293,2,2,1,26,8,15,57,23,0,1,0,48,1,49,40,49040,4,2005,4T1BE32K15U1,4,T,1,B,E,3,2,K,1,5,U,1,0,P,TOYT,XLL,4D,5,17,3108,,0,1071,,G,,F,4,144,,,15R205,,,,,,0,0,000000000,00000000000,0,0,0,1,0,0,0,0,0,0,0,998,0,0,0,13,13,6,2,12,0,0,0,1,48,77545,6,1,0,0,3,0,999,999,1,0,0,0,1,5,2009,1,2011,0,0,0,0,0,3,4,55,1,1,1,1,0,0,1,98,1,1,1,98,0,0
48,482294,1,1,1,4,9,20,45,8,0,1,0,48,1,12,481,12481,31,2008,1FTRX12W78FA,1,F,T,R,X,1,2,W,7,8,F,A,0,T,FORD,F15,4C,8,17,,2,1630,1330,COF,G,,,8,281,,,,B,4881,02,E,42,0,0,000000000,00000000000,0,0,0,1,0,0,0,0,0,0,0,998,0,0,0,12,12,2,3,8,0,0,0,1,48,77365,6,1,0,0,3,3,999,999,1,0,0,0,0,12,2010,12,2010,0,0,0,0,0,1,2,60,2,1,8,1,0,0,14,80,4,1,1,13,0,1
48,482295,1,1,1,13,9,19,35,1,0,1,0,48,2,12,422,12422,15,1998,1FMRU1767WLA,1,F,M,R,U,1,7,6,7,W,L,A,0,P,FORD,EPT,UT,98,17,4808,,0,1190,,G,,F,8,281,,,16R255,,,,,,0,0,000000000,00000000000,0,0,0,1,0,0,0,0,0,0,0,998,0,1,5,0,0,2,3,1,0,0,0,1,48,77033,6,1,0,0,3,0,999,999,0,0,0,0,1,8,2011,8,2011,0,0,0,0,0,2,2,35,1,1,2,1,0,0,1,13,1,1,4,1,1,1
48,482296,1,2,2,14,9,22,4,12,6,1,0,48,1,20,481,20481,31,2001,1GCDT13W61K2,1,G,C,D,T,1,3,W,6,1,K,2,0,P,CHEV,S,UT,1,17,4133,,0,1227,,G,,F,6,262,,,000000,,,,,,0,0,000000000,00000000000,0,0,0,1,0,0,0,0,0,0,0,998,0,0,0,4,4,2,8,12,0,0,0,1,48,75211,0,0,0,0,0,0,999,999,0,0,0,0,0,0,0,0,0,0,38,92,0,0,1,4,40,1,1,8,1,0,0,11,15,1,1,1,68,0,0
48,482296,2,2,1,14,9,22,4,12,6,1,0,48,1,37,705,37705,80,1986,JH2RC2104GM2,J,H,2,R,C,2,1,0,4,G,M,2,0,M,HOND,F70,RS,86,17,,,,,,,700,,4,,4,503,,,,,,,0,0,000000000,00000000000,0,0,0,1,0,0,0,0,0,0,0,998,0,0,0,12,12,4,9,12,0,0,0,1,48,76116,6,1,0,0,3,0,999,999,0,0,0,0,0,0,0,0,0,0,0,0,0,0,1,4,40,1,1,8,1,0,0,1,62,2,1,1,69,1,0
48,482297,1,2,1,15,9,18,11,12,7,1,0,93,3,87,881,87881,66,2006,1XP5DB9X86D8,1,X,P,5,D,B,9,X,8,6,D,8,1,T,PTRB,379,TR,6,17,,8,0,0,CON,D,,,6,893,,,,,00000,00,,64,1,57,1286321,571286321,3,6,1,1,0,0,0,0,0,0,0,998,0,1,5,5,81,4,3,12,0,0,0,1,48,78264,6,1,6,0,3,0,999,999,2,0,0,1,5,12,2008,6,2011,1,33,35,0,0,2,2,65,3,1,8,1,0,0,6,11,1,1,4,46,0,0
48,482297,2,2,1,15,9,18,11,12,7,1,0,48,1,12,481,12481,31,2003,1FTRW07613KA,1,F,T,R,W,0,7,6,1,3,K,A,0,T,FORD,F1S,CW,3,17,,2,0,1385,COF,G,,,8,281,,,,B,4655,00,U,42,0,0,000000000,00000000000,0,0,0,1,0,0,0,0,0,0,0,998,0,0,0,61,61,6,2,12,0,0,0,1,48,76140,6,1,6,0,3,3,999,999,0,0,0,0,0,0,0,0,0,0,0,0,0,0,2,2,65,3,1,8,1,0,0,14,53,7,1,4,45,1,0
48,482298,1,1,1,15,9,17,40,33,0,1,0,48,1,72,706,72706,80,2007,1HD1GN4157K3,1,H,D,1,G,N,4,1,5,7,K,3,0,M,HD,FDL,RS,7,17,,,,,,,1584,,2,,4,641,,,,,,,0,0,000000000,00000000000,0,0,0,1,0,0,0,0,0,0,0,998,0,0,0,99,99,6,2,24,32,0,0,1,48,78260,6,1,0,0,2,0,999,999,0,0,0,0,0,0,0,0,0,1,0,0,0,0,1,2,40,3,3,8,1,0,0,14,6,1,7,4,2,1,1
48,482299,1,1,2,16,9,22,19,8,0,1,1,48,2,13,421,13421,15,2000,5LMRU27A0YLJ,5,L,M,R,U,2,7,A,0,Y,L,J,0,P,LINC,NAV,UT,0,17,5393,,0,1190,,G,,F,8,330,,,17R275,,,,,,0,0,000000000,00000000000,0,0,0,1,0,0,0,0,0,0,0,998,0,0,0,3,3,0,1,8,0,0,0,1,48,77031,0,0,0,0,0,0,999,999,0,0,0,0,0,0,0,0,0,0,91,0,0,0,1,2,30,1,1,1,99,0,0,1,80,1,1,1,13,0,0
48,482300,1,1,2,30,9,22,11,8,0,1,0,48,1,41,402,41402,14,2010,JM3ER2W55A03,J,M,3,E,R,2,W,5,5,A,0,3,0,P,MAZD,MCX,UT,10,17,3496,,0,1083,,G,,F,4,152,,,17R215,,,,,,0,0,000000000,00000000000,0,0,0,1,0,0,0,0,0,0,0,998,0,0,0,12,12,4,3,8,32,0,0,1,48,78043,6,1,0,0,3,3,999,999,1,0,0,0,0,12,2009,12,2009,0,0,0,0,0,3,2,70,1,1,8,1,0,0,1,80,1,1,1,13,0,0
48,482301,1,2,3,1,10,18,54,12,2,1,0,48,2,55,35,55035,4,2008,KMHDU46D88U5,K,M,H,D,U,4,6,D,8,8,U,5,0,P,HYUN,GST,4D,8,17,2723,,0,1043,,G,,F,4,121,,,15R195,,,,,,0,0,000000000,00000000000,0,0,0,1,0,0,0,0,0,0,0,998,0,0,0,12,12,6,2,12,0,0,0,1,48,76903,0,0,0,0,0,0,999,999,0,0,0,0,0,0,0,0,0,0,28,51,0,0,1,2,70,1,1,8,1,0,0,1,10,1,1,2,50,3,0
48,482301,2,2,1,1,10,18,54,12,2,1,0,48,2,23,481,23481,31,2004,2GTEC19V5412,2,G,T,E,C,1,9,V,5,4,1,2,0,T,GMC,NC1,4C,4,17,,2,1575,1435,SIE,G,,,8,293,,,,B,4548,00,4,42,0,0,000000000,00000000000,0,0,0,1,0,0,0,0,0,0,0,998,0,0,0,12,12,6,2,12,0,0,0,1,48,76903,6,1,0,0,3,0,999,999,0,0,0,0,0,0,0,0,0,0,0,0,0,0,1,2,70,1,1,8,1,0,0,1,62,1,1,1,51,0,0
48,482302,1,1,1,3,10,13,40,42,0,1,0,48,1,49,32,49032,4,1998,JT2BG22K7W02,J,T,2,B,G,2,2,K,7,W,0,2,0,P,TOYT,CXL,4D,98,17,3120,,0,1051,,G,,F,4,132,,,14R195,,,,,,0,0,000000000,00000000000,0,0,0,1,0,0,0,0,0,0,0,998,0,0,0,10,10,4,3,42,0,0,0,1,48,75574,6,1,0,0,3,0,64,124,0,0,0,0,0,0,0,0,0,0,58,0,0,0,2,4,70,1,1,8,1,0,0,1,12,7,3,4,2,1,0
48,482303,1,1,1,5,10,6,30,8,0,1,0,48,1,20,37,20037,4,2005,1G1ND52F85M1,1,G,1,N,D,5,2,F,8,5,M,1,0,P,CHEV,CLA,4D,5,17,3106,,0,1070,,G,,F,4,134,,,15R205,,,,,,0,0,000000000,00000000000,0,0,0,1,0,0,0,0,0,0,0,998,0,0,0,12,12,2,1,8,0,0,0,1,48,77009,6,1,0,0,3,0,999,999,0,0,0,0,0,0,0,0,0,0,0,0,0,0,1,4,30,1,1,8,1,0,0,1,80,1,1,1,13,0,0
48,482304,1,1,1,7,10,23,0,31,0,1,0,48,1,76,705,76705,80,2005,JYAVM01E15A0,J,Y,A,V,M,0,1,E,1,5,A,0,0,M,YAMA,V6A,RS,5,17,,,,,,,649,,2,,4,474,,,,,,,0,0,000000000,00000000000,0,0,0,1,0,0,0,0,0,0,0,998,0,0,0,7,7,2,3,57,0,0,0,1,48,75432,6,1,0,0,3,0,67,176,0,0,0,0,0,0,0,0,0,0,83,0,0,0,1,2,45,2,1,8,1,0,0,14,12,1,3,4,6,1,1
48,482305,1,1,1,10,10,22,34,8,0,1,0,48,1,23,401,23401,14,2003,1GKDS13S9322,1,G,K,D,S,1,3,S,9,3,2,2,0,T,GMC,ENV,4W,3,17,,1,0,1130,ENV,G,,,6,256,,,,B,4417,00,E,42,0,0,000000000,00000000000,0,0,0,1,0,0,0,0,0,0,0,998,0,0,0,12,12,2,3,8,0,0,0,1,48,77062,6,1,0,0,3,0,999,999,0,0,0,0,0,0,0,0,0,0,0,0,0,0,2,6,35,1,1,8,1,0,0,1,80,1,1,1,13,0,0