STATE,ST_CASE,VEH_NO,VE_FORMS,NUMOCCS,DAY,MONTH,HOUR,MINUTE,HARM_EV,MAN_COLL,UNITTYPE,HIT_RUN,REG_STAT,OWNER,MAKE,MODEL,MAK_MOD,BODY_TYP,MOD_YEAR,VIN,VIN_1,VIN_2,VIN_3,VIN_4,VIN_5,VIN_6,VIN_7,VIN_8,VIN_9,VIN_10,VIN_11,VIN_12,TOW_VEH,VINTYPE,VINMAKE,VINA_MOD,VIN_BT,VINMODYR,VIN_LNGT,VIN_WGT,WGTCD_TR,WHLBS_LG,WHLBS_SH,SER_TR,FUELCODE,MCYCL_DS,CARBUR,CYLINDER,DISPLACE,MCYCL_CY,MCYCL_WT,TIRE_SZE,TON_RAT,TRK_WT,TRKWTVAR,VIN_REST,WHLDRWHL,J_KNIFE,MCARR_I1,MCARR_I2,MCARR_ID,GVWR,V_CONFIG,CARGO_BT,HAZ_INV,HAZ_PLAC,HAZ_ID,HAZ_CNO,HAZ_REL,BUS_USE,SPEC_USE,EMER_USE,TRAV_SP,UNDERIDE,ROLLOVER,ROLINLOC,IMPACT1,IMPACT2,DEFORMED,TOWED,M_HARM,VEH_SC1,VEH_SC2,FIRE_EXP,DR_PRES,L_STATE,DR_ZIP,L_STATUS,L_TYPE,CDL_STAT,L_ENDORS,L_COMPL,L_RESTRI,DR_HGT,DR_WGT,PREV_ACC,PREV_SUS,PREV_DWI,PREV_SPD,PREV_OTH,FIRST_MO,FIRST_YR,LAST_MO,LAST_YR,SPEEDREL,DR_SF1,DR_SF2,DR_SF3,DR_SF4,VTRAFWAY,VNUM_LAN,VSPD_LIM,VALIGN,VPROFILE,VPAVETYP,VSURCOND,VTRAFCON,VTCONT_F,P_CRASH1,P_CRASH2,P_CRASH3,PCRASH4,PCRASH5,ACC_TYPE,DEATHS,DR_DRINK
48,482455,2,2,2,5,8,3,11,12,2,1,0,48,1,23,481,23481,31,2008,2GTEK1334811,2,G,T,E,K,1,3,3,4,8,1,1,0,T,GMC,SK1,CW,8,17,,2,0,1435,SIE,F,,,8,323,,,,B,5326,00,4,44,0,0,000000000,00000000000,0,0,0,1,0,0,0,0,0,0,0,998,0,0,0,12,12,6,2,12,0,0,0,1,48,77077,6,1,0,0,3,3,999,999,2,0,0,0,0,9,2008,4,2010,0,50,0,0,0,2,2,65,1,2,8,1,0,0,1,54,1,1,1,52,2,1
48,482456,1,1,1,14,8,4,4,1,0,1,0,48,1,20,481,20481,31,2007,1GCEC19C27Z5,1,G,C,E,C,1,9,C,2,7,Z,5,0,T,CHEV,SC1,4C,7,17,,2,1575,1339,SIL,G,,,8,293,,,,B,4743,05,,42,0,0,000000000,00000000000,0,0,0,1,0,0,0,0,0,0,0,998,0,1,3,0,0,6,2,1,0,0,0,1,48,78264,6,1,0,0,3,0,999,999,1,0,0,2,0,3,2009,3,2011,0,0,0,0,0,2,2,60,1,1,8,1,0,0,1,12,7,4,4,7,1,1
48,482457,1,1,1,27,8,22,27,59,0,1,0,48,3,7,24,7024,4,2007,2B3KA43H37H8,2,B,3,K,A,4,3,H,3,7,H,8,0,P,DODG,CTL,4D,7,17,4028,,0,1200,,G,,F,8,348,,,17R215,,,,,,0,0,000000000,00000000000,0,0,0,1,0,0,0,0,0,0,0,998,0,0,0,12,12,6,2,59,0,0,1,1,48,78217,6,1,0,0,3,3,999,999,0,0,0,0,0,0,0,0,0,1,16,0,0,0,2,2,45,1,1,8,1,2,3,1,9,1,9,4,2,1,0
48,482458,1,1,1,28,8,7,0,1,0,1,0,48,2,12,481,12481,31,2004,1FTRX12W34NC,1,F,T,R,X,1,2,W,3,4,N,C,0,T,FORD,F15,4C,4,17,,2,1450,1260,COF,G,,,8,281,,,,B,5170,00,U,42,0,0,000000000,00000000000,0,0,0,1,0,0,0,0,0,0,0,998,0,1,5,0,13,6,2,30,0,0,0,1,48,78537,6,1,0,0,3,3,999,999,0,0,0,0,0,0,0,0,0,1,0,0,0,0,2,2,70,1,1,8,1,0,0,1,9,1,4,5,7,1,0
48,482459,1,1,1,10,9,14,1,38,0,1,0,48,1,12,471,12471,30,2000,1FTYR14V2YTA,1,F,T,Y,R,1,4,V,2,Y,T,A,0,T,FORD,RNS,PC,0,17,,1,0,1257,RNG,F,,,6,182,,,,B,3271,01,U,42,0,0,000000000,00000000000,0,0,0,1,0,0,0,0,0,0,0,998,0,1,5,99,0,6,2,1,0,0,0,1,48,78046,6,1,6,0,3,3,999,999,0,0,0,1,0,3,2009,3,2009,1,58,0,0,0,1,2,70,2,3,8,1,0,0,14,13,6,4,4,7,1,0
48,482460,1,1,1,24,9,1,50,8,0,1,1,99,9,99,999,99999,99,9999,999999999999,9,9,9,9,9,9,9,9,9,9,9,9,0,,,,,,,,,,,,,,,,,,,,,,,,,0,0,000000000,00000000000,0,0,0,1,0,0,0,0,0,0,0,998,0,0,0,12,12,0,1,8,0,0,0,1,99,99999,9,9,99,9,9,9,999,999,99,99,99,99,99,99,9999,99,9999,0,0,0,0,0,5,6,50,1,1,8,1,0,0,1,80,1,1,1,13,0,0
48,482461,1,1,3,5,10,7,57,8,0,1,0,48,1,35,421,35421,15,2006,5N1AA08A56N7,5,N,1,A,A,0,8,A,5,6,N,7,0,P,NISS,ARM,UT,6,17,5069,,0,1232,,G,,F,8,342,,,17R285,,,,,,0,0,000000000,00000000000,0,0,0,1,0,0,0,0,0,0,0,998,0,0,0,12,12,2,1,8,0,0,0,1,48,77043,6,1,0,0,3,0,999,999,0,1,0,0,0,9,2011,9,2011,1,0,0,0,0,1,2,99,1,1,8,1,0,0,1,80,1,1,1,13,0,0
48,482462,1,3,1,18,10,12,52,12,8,1,0,48,1,49,32,49032,4,1990,1NXAE91A2LZ1,1,N,X,A,E,9,1,A,2,L,Z,1,0,P,TOYT,COA,4D,90,17,2390,,0,957,,G,,F,4,097,,,000000,,,,,,0,0,000000000,00000000000,0,0,0,1,0,0,0,0,0,0,0,998,0,0,0,10,11,6,2,12,0,0,0,1,48,77091,6,1,0,0,3,0,999,999,0,0,0,0,0,0,0,0,0,0,28,0,0,0,2,2,35,3,1,1,1,0,0,14,12,1,1,2,64,1,0
48,482462,2,3,1,18,10,12,52,12,8,1,0,48,1,20,2,20002,4,2005,2G1WF52E4593,2,G,1,W,F,5,2,E,4,5,9,3,0,P,CHEV,IMP,4D,5,17,3389,,0,1105,,G,,F,6,207,,,16R225,,,,,,0,0,000000000,00000000000,0,0,0,1,0,0,0,0,0,0,0,998,0,0,0,10,10,2,1,12,0,0,0,1,48,77009,6,1,0,0,3,0,999,999,0,0,0,0,1,4,2010,4,2010,0,0,0,0,0,2,2,35,2,1,1,1,0,0,14,64,1,1,1,65,0,0
48,482462,3,3,1,18,10,12,52,12,8,1,0,48,1,12,880,12880,67,2008,1FTWW32R88EA,1,F,T,W,W,3,2,R,8,8,E,A,0,T,FORD,F3D,CW,8,17,,3,1720,1560,DRW,D,,,8,390,,,,D,6753,01,E,42,0,88,888888888,88888888888,2,1,97,1,0,0,0,0,0,0,0,998,0,0,0,11,11,4,3,12,0,0,0,1,48,77445,6,1,0,0,3,0,999,999,0,0,0,0,0,0,0,0,0,0,0,0,0,0,2,2,35,2,1,1,1,0,0,14,64,7,1,1,98,0,0
48,482463,1,2,7,29,10,9,5,12,6,1,0,48,1,35,401,35401,14,2008,5N1AR18U98C6,5,N,1,A,R,1,8,U,9,8,C,6,0,P,NISS,PFI,UT,8,17,4427,,0,1122,,G,,F,6,244,,,16R245,,,,,,0,0,000000000,00000000000,0,0,0,1,0,0,0,0,0,0,0,998,0,1,5,5,0,6,2,1,0,0,0,1,48,77469,6,1,0,0,3,0,999,999,0,0,0,0,0,0,0,0,0,0,39,0,0,0,2,2,60,1,1,8,1,3,3,1,17,1,1,1,87,1,0
48,482463,2,2,3,29,10,9,5,12,6,1,0,48,2,23,8,23008,6,2011,1GKKRTED7BJ2,1,G,K,K,R,T,E,D,7,B,J,2,0,T,GMC,ADN,4W,11,17,,2,0,1189,ACA,G,,,6,220,,,,B,4656,00,S,42,0,0,000000000,00000000000,0,0,0,1,0,0,0,0,0,0,0,998,0,0,0,12,12,4,3,12,0,0,0,1,48,77450,6,1,0,0,3,0,999,999,0,0,0,1,0,9,2009,9,2009,0,0,0,0,0,2,2,99,1,1,8,1,3,3,4,66,1,1,1,86,0,0
48,482464,1,6,2,30,10,15,35,12,98,1,0,48,1,72,706,72706,80,2008,1HD1KB41X8Y6,1,H,D,1,K,B,4,1,X,8,Y,6,0,M,HD,FHX,RS,8,17,,,,,,,1584,,2,,4,786,,,,,,,0,0,000000000,00000000000,0,0,0,1,0,0,0,0,0,0,0,998,0,0,0,99,99,9,1,12,0,0,0,1,48,76549,6,1,6,0,3,0,999,999,0,0,0,1,0,8,2009,8,2009,0,26,0,0,0,3,2,70,1,1,8,1,0,0,1,52,2,1,1,99,0,0
48,482464,2,6,1,30,10,15,35,12,98,1,0,48,1,72,706,72706,80,2012,1HD1KBM18CB6,1,H,D,1,K,B,M,1,8,C,B,6,0,M,HD,FHX,RS,12,17,,,,,,,1690,,2,,4,785,,,,,,,0,0,000000000,00000000000,0,0,0,1,0,0,0,0,0,0,0,998,0,0,0,99,99,9,1,12,0,0,0,1,48,76542,6,1,0,0,3,0,999,999,0,0,0,1,0,6,2009,6,2009,0,26,0,0,0,3,2,70,1,1,8,1,0,0,1,52,2,1,1,99,0,0
48,482464,3,6,1,30,10,15,35,12,98,1,0,41,1,72,706,72706,80,1998,1HD1BKL15WY0,1,H,D,1,B,K,L,1,5,W,Y,0,0,M,HD,XTC,RS,98,17,,,,,,,1340,,2,,4,613,,,,,,,0,0,000000000,00000000000,0,0,0,1,0,0,0,0,0,0,0,998,0,0,0,99,99,9,1,12,0,0,0,1,48,76548,6,1,0,0,3,0,999,999,0,0,0,0,1,6,2010,6,2010,0,26,0,0,0,3,2,70,1,1,8,1,0,0,1,52,2,1,1,98,1,0
48,482464,4,6,1,30,10,15,35,12,98,1,0,48,1,50,706,50706,80,2008,SMTC05LR08J3,S,M,T,C,0,5,L,R,0,8,J,3,0,M,TRUM,RCT,RS,8,17,,,,,,,2294,,3,,4,788,,,,,,,0,0,000000000,00000000000,0,0,0,1,0,0,0,0,0,0,0,998,0,0,0,99,99,9,1,12,0,0,0,1,48,76543,6,1,0,0,3,0,999,999,0,0,0,0,0,0,0,0,0,0,26,0,0,0,3,2,70,1,1,8,1,0,0,1,52,2,1,1,98,0,0
48,482464,5,6,2,30,10,15,35,12,98,1,0,48,2,72,706,72706,80,2008,1HD1KB4198Y7,1,H,D,1,K,B,4,1,9,8,Y,7,0,M,HD,FHX,RS,8,17,,,,,,,1584,,2,,4,786,,,,,,,0,0,000000000,00000000000,0,0,0,1,0,0,0,0,0,0,0,998,0,0,0,99,99,9,1,12,0,0,0,1,48,76543,6,1,0,0,3,0,999,999,0,0,0,0,0,0,0,0,0,0,26,0,0,0,3,2,70,1,1,8,1,0,0,1,52,2,1,1,98,0,0
48,482464,6,6,1,30,10,15,35,12,98,1,0,48,1,72,706,72706,80,2005,1HD1FFW105Y6,1,H,D,1,F,F,W,1,0,5,Y,6,0,M,HD,TCI,RS,5,17,,,,,,,1450,,2,,4,776,,,,,,,0,0,000000000,00000000000,0,0,0,1,0,0,0,0,0,0,0,998,0,0,0,99,99,9,1,12,0,0,0,1,48,76549,6,1,6,0,3,0,999,999,0,0,0,0,0,0,0,0,0,0,0,0,0,0,3,2,70,1,1,8,1,0,0,2,52,2,1,1,98,0,0
48,482465,1,1,2,30,10,3,36,8,0,1,0,48,1,12,481,12481,31,2000,1FTNX20S5YEE,1,F,T,N,X,2,0,S,5,Y,E,E,0,T,FORD,F2S,4C,0,17,,2,1580,1418,SRW,G,,,10,415,,,,C,5189,07,E,42,0,0,000000000,00000000000,0,0,0,1,0,0,0,0,0,0,0,998,0,0,0,14,14,0,1,8,0,0,0,1,48,79382,6,1,0,0,3,3,999,999,0,0,0,0,0,0,0,0,0,0,0,0,0,0,1,2,55,1,1,8,1,0,0,1,80,98,1,1,13,0,0
48,482466,1,1,1,2,11,1,10,18,0,1,0,30,3,87,881,87881,66,2007,1XP5DB9X47N6,1,X,P,5,D,B,9,X,4,7,N,6,1,T,PTRB,379,TR,7,17,,8,0,0,CON,D,,,6,893,,,,,00000,00,,64,1,57,30150,5730150,3,6,1,1,0,0,0,0,0,0,0,998,0,0,0,99,99,9,2,8,0,0,0,1,48,79252,6,1,6,0,3,3,999,999,0,0,0,0,1,2,2009,2,2009,0,0,0,0,0,2,2,70,3,1,8,1,0,0,14,80,7,1,1,15,0,0
48,482467,1,1,1,5,11,3,0,8,0,1,1,99,9,99,999,99999,99,9999,999999999999,9,9,9,9,9,9,9,9,9,9,9,9,0,,,,,,,,,,,,,,,,,,,,,,,,,0,0,000000000,00000000000,0,0,0,1,0,0,0,0,0,0,0,998,0,0,0,99,99,9,1,8,0,0,0,1,99,99999,9,9,99,9,9,9,999,999,99,99,99,99,99,99,9999,99,9999,0,0,0,0,0,3,4,60,1,1,8,1,0,0,1,80,1,1,1,13,0,0
48,482468,1,1,1,5,11,5,2,11,0,1,0,48,1,55,36,55036,3,2009,KMHCM36C69U1,K,M,H,C,M,3,6,C,6,9,U,1,0,P,HYUN,AGS,2H,9,17,2467,,0,984,,G,,F,4,098,,,14R175,,,,,,0,0,000000000,00000000000,0,0,0,1,0,0,0,0,0,0,0,998,0,1,5,12,12,9,2,11,0,0,0,1,48,77378,6,1,0,0,3,3,999,999,0,0,0,3,0,3,2009,2,2010,0,0,0,0,0,1,2,70,1,2,8,1,0,0,1,87,1,1,1,13,1,0
48,482469,1,1,3,8,11,18,0,1,0,1,0,48,1,12,481,12481,31,1998,1FTZF172XWKA,1,F,T,Z,F,1,7,2,X,W,K,A,0,T,FORD,F15,PK,98,17,,1,1390,1200,COF,G,,,6,256,,,,B,3800,02,E,42,0,0,000000000,00000000000,0,0,0,1,0,0,0,0,0,0,0,998,0,1,5,0,0,2,3,1,0,0,0,1,48,77020,6,1,0,0,3,0,999,999,0,0,0,1,1,3,2009,7,2011,0,0,0,0,0,3,5,60,1,1,1,6,0,0,1,5,1,1,4,1,1,0
48,482470,1,1,1,14,11,2,0,24,0,1,0,48,1,59,31,59031,4,1998,JT8BF28G3W50,J,T,8,B,F,2,8,G,3,W,5,0,0,P,LEXS,ES3,4D,98,17,3378,,0,1051,,G,,F,6,183,,,15R205,,,,,,0,0,000000000,00000000000,0,0,0,1,0,0,0,0,0,0,0,998,0,1,1,12,12,9,1,24,0,0,0,1,48,77498,6,1,0,0,3,3,64,156,0,0,0,0,0,0,0,0,0,0,0,0,0,0,2,9,35,1,1,8,1,0,0,1,12,1,1,4,6,1,1
48,482471,1,2,1,15,11,16,25,24,0,1,0,48,0,24,8,24008,1,2007,1G8MB35B57Y1,1,G,8,M,B,3,5,B,5,7,Y,1,0,P,STRN,SKY,RD,7,17,2860,,0,951,,G,,F,4,146,,,18R245,,,,,,0,0,000000000,00000000000,0,0,0,1,0,0,0,0,0,0,0,998,0,0,0,82,82,6,2,24,0,0,0,1,48,77338,6,1,0,0,3,0,999,999,0,0,0,0,0,0,0,0,0,1,34,0,0,0,1,2,55,3,1,8,2,0,0,6,13,1,1,4,1,0,0
48,482471,2,2,1,15,11,16,25,24,0,1,0,48,2,35,472,35472,30,1999,1N6DD26S5XC3,1,N,6,D,D,2,6,S,5,X,C,3,0,T,NISS,KXS,PC,99,17,,1,0,1161,FRT,G,,,4,146,,,,B,3052,01,U,42,0,0,000000000,00000000000,0,0,0,1,0,0,0,0,0,0,0,998,0,1,5,12,12,6,2,12,0,0,0,1,48,77357,6,1,0,0,3,0,999,999,1,0,0,0,0,1,2009,1,2009,0,0,0,0,0,1,2,55,1,1,8,2,0,0,1,62,7,1,1,98,1,0
48,482472,1,2,2,17,11,0,59,8,0,1,0,37,3,85,881,85881,66,2008,1XKAD49X98J1,1,X,K,A,D,4,9,X,9,8,J,1,1,T,KW,T60,TR,8,17,,8,2600,1600,CON,D,,,6,915,,,,,00000,00,,64,1,57,1078557,571078557,3,6,1,1,0,0,0,0,0,0,0,998,0,0,0,12,12,0,1,8,0,0,0,1,37,28470,6,1,6,0,3,3,68,999,0,0,0,0,1,3,2009,3,2009,0,0,0,0,0,3,4,65,1,1,8,1,0,0,1,80,3,2,1,13,0,0
48,482472,2,2,1,17,11,0,59,8,0,1,0,48,3,63,401,63401,14,2000,KNDJB7237Y56,K,N,D,J,B,7,2,3,7,Y,5,6,0,P,KIA,SPO,UT,0,17,3186,,0,1043,,G,,F,4,122,,,15R205,,,,,,0,0,000000000,00000000000,0,0,0,1,0,0,0,0,0,0,0,998,0,0,0,12,12,2,3,8,0,0,0,1,48,76040,6,1,0,0,3,0,999,999,0,0,0,0,0,0,0,0,0,0,0,0,0,0,3,4,65,1,1,8,1,0,0,1,80,1,1,1,98,0,0
48,482473,1,1,2,18,11,2,20,1,0,1,0,48,2,13,421,13421,15,2001,5LMEU27R21LJ,5,L,M,E,U,2,7,R,2,1,L,J,0,P,LINC,NAV,UT,1,17,5390,,0,1190,,G,,F,8,330,,,17R275,,,,,,0,0,000000000,00000000000,0,0,0,1,0,0,0,0,0,0,0,998,0,2,5,0,98,4,3,1,0,0,0,1,48,77471,0,0,0,0,0,0,65,205,0,22,0,0,0,6,2009,6,2011,1,85,0,0,0,2,2,65,1,1,8,1,0,0,17,6,7,3,4,2,1,1
48,482474,1,1,1,19,11,15,0,25,0,1,0,48,0,37,706,37706,80,2008,JH2SC59418M0,J,H,2,S,C,5,9,4,1,8,M,0,0,M,HOND,CBS,RC,8,17,,,,,,,998,,4,,4,439,,,,,,,0,0,000000000,00000000000,0,0,0,1,0,0,0,0,0,0,0,100,0,0,0,12,12,9,2,25,0,0,0,1,48,76017,6,1,0,0,3,0,999,999,0,0,0,0,0,0,0,0,0,1,37,0,0,0,3,2,65,3,2,8,1,40,3,14,13,1,1,4,1,1,0
48,482475,1,2,1,19,11,17,19,12,2,1,0,48,3,87,881,87881,66,1999,1XP5DB9X9XD4,1,X,P,5,D,B,9,X,9,X,D,4,1,T,PTRB,379,TR,99,17,,8,0,0,CON,D,,,6,893,,,,,00000,00,,64,1,57,428014,57428014,3,6,2,1,0,0,0,0,0,0,0,998,0,0,0,12,12,6,2,12,0,0,0,1,48,76049,6,1,6,0,3,3,999,999,1,1,0,0,3,11,2009,12,2010,0,0,0,0,0,1,2,65,1,1,8,1,0,0,1,62,1,1,1,51,0,0
48,482475,2,2,1,19,11,17,19,12,2,1,0,48,1,49,46,49046,5,2008,JTDKB20U0834,J,T,D,K,B,2,0,U,0,8,3,4,0,P,TOYT,PRI,4H,8,17,2932,,0,1063,,B,,F,4,091,,,15R185,,,,,,0,0,000000000,00000000000,0,0,0,1,0,0,0,0,0,0,0,998,0,0,0,12,12,6,2,12,36,0,0,1,48,76031,6,1,0,0,3,0,999,999,0,0,0,0,0,0,0,0,0,0,51,0,0,0,1,2,65,1,1,8,1,0,0,1,10,1,1,2,50,1,0
48,482476,1,1,1,19,11,19,58,42,0,1,0,48,1,72,706,72706,80,2009,1HD1GX4189K3,1,H,D,1,G,X,4,1,8,9,K,3,0,M,HD,FXI,RS,9,17,,,,,,,1584,,2,,4,667,,,,,,,0,0,000000000,00000000000,0,0,0,1,0,0,0,0,0,0,0,998,0,0,0,12,12,9,2,42,0,0,0,1,48,77535,6,1,0,0,3,0,999,999,0,0,0,0,0,0,0,0,0,1,0,0,0,0,1,2,30,3,1,8,1,0,0,1,13,1,1,4,1,1,1
48,482477,1,2,1,20,11,20,45,52,0,1,0,48,1,12,481,12481,31,2002,1FTNX20LX2ED,1,F,T,N,X,2,0,L,X,2,E,D,0,T,FORD,F2S,4C,2,17,,2,1580,1418,SRW,G,,,8,330,,,,C,5562,04,U,42,0,0,000000000,00000000000,0,0,0,1,0,0,0,0,0,0,0,998,0,0,0,12,12,6,2,52,0,0,0,1,48,76471,6,1,0,0,3,3,999,999,0,0,0,0,0,0,0,0,0,0,24,0,0,0,3,2,65,1,1,8,2,40,3,1,12,1,1,4,6,1,0
48,482477,2,2,1,20,11,20,45,52,0,1,0,6,1,82,881,82881,66,1998,1FUYSZYB4WL9,1,F,U,Y,S,Z,Y,B,4,W,L,9,1,T,FRHT,FC2,TR,98,17,,8,0,0,CON,D,,,6,774,,,,,00000,00,,64,1,57,1448492,571448492,3,6,1,1,0,0,0,0,0,0,0,998,0,0,0,12,12,6,2,12,0,0,0,1,6,90280,6,1,6,0,3,0,68,163,0,0,0,0,0,0,0,0,0,0,0,0,0,0,1,2,65,1,1,8,2,40,3,1,64,1,1,1,98,0,0
48,482478,1,2,1,26,11,12,35,12,1,1,0,48,2,7,402,7402,14,1999,1B4HR28Y1XF6,1,B,4,H,R,2,8,Y,1,X,F,6,0,P,DODG,DUR,UT,99,17,4144,,0,1159,,G,,F,8,318,,,15R235,,,,,,0,0,000000000,00000000000,0,0,0,1,0,0,0,0,0,0,0,998,0,0,0,12,12,4,3,12,0,0,0,1,48,79415,6,1,0,0,3,0,999,999,0,0,0,0,0,0,0,0,0,1,0,0,0,0,2,2,70,1,1,8,1,3,3,1,50,3,2,1,20,0,1
48,482478,2,2,1,26,11,12,35,12,1,1,0,48,2,7,20,7020,4,2004,1B3ES56C24D5,1,B,3,E,S,5,6,C,2,4,D,5,0,P,DODG,NXT,4D,4,17,2634,,0,1040,,G,,F,4,122,,,15R185,,,,,,0,0,000000000,00000000000,0,0,0,1,0,0,0,0,0,0,0,0,0,0,0,6,6,6,2,12,0,0,0,1,48,79313,6,1,0,0,3,3,999,999,0,2,1,0,0,3,2009,1,2010,0,0,0,0,0,2,2,70,1,1,8,1,3,3,5,53,1,1,1,21,1,0
48,482479,1,3,1,1,12,16,14,12,6,1,0,48,2,22,20,22020,4,2005,2G2WP522X512,2,G,2,W,P,5,2,2,X,5,1,2,0,P,PONT,GRA,4D,5,17,3477,,0,1105,,G,,F,6,231,,,16R225,,,,,,0,0,000000000,00000000000,0,0,0,1,0,0,0,0,0,0,0,998,0,0,0,82,82,6,2,12,0,0,0,1,48,76501,1,1,0,0,2,3,999,999,0,11,0,1,0,3,2009,11,2011,1,0,0,0,0,1,2,40,1,2,8,1,0,0,98,6,99,4,2,64,0,0
48,482479,2,3,4,1,12,16,14,12,6,1,0,48,2,49,44,49044,2,1999,2T1CG22P7XC2,2,T,1,C,G,2,2,P,7,X,C,2,0,P,TOYT,CRE,CP,99,17,3120,,0,1051,,G,,F,4,132,,,15R205,,,,,,0,0,000000000,00000000000,0,0,0,1,0,0,0,0,0,0,0,998,0,0,0,12,12,6,2,12,0,0,0,1,48,76554,0,0,0,0,0,0,999,999,0,0,0,0,0,0,0,0,0,0,0,0,0,0,1,2,40,1,2,8,1,0,0,1,62,1,1,1,65,1,0
48,482479,3,3,2,1,12,16,14,12,6,1,0,48,2,22,9,22009,2,1995,2G2FS22S3S22,2,G,2,F,S,2,2,S,3,S,2,2,0,P,PONT,FBD,2H,95,17,3230,,0,1011,,G,,F,6,207,,,16R215,,,,,,0,0,000000000,00000000000,0,0,0,1,0,0,0,0,0,0,0,998,0,0,0,14,14,2,3,43,0,0,0,1,48,76501,6,1,0,0,3,0,999,999,0,1,0,1,0,12,2008,2,2010,0,84,0,0,0,1,2,40,1,2,8,1,0,0,17,62,7,1,4,98,0,0
48,482480,1,2,1,1,12,23,1,12,6,1,0,48,2,41,45,41045,1,2004,JM1NB3546404,J,M,1,N,B,3,5,4,6,4,0,4,0,P,MAZD,MSP,CV,4,17,2529,,0,892,,G,,T,4,112,,,17R205,,,,,,0,0,000000000,00000000000,0,0,0,1,0,0,0,0,0,0,0,998,0,0,0,63,63,6,2,12,0,0,0,1,48,75089,6,1,0,0,3,3,71,200,0,1,0,2,0,8,2009,6,2010,1,0,0,0,0,2,3,45,2,2,8,2,0,0,14,6,99,3,4,64,1,0
48,482480,2,2,2,1,12,23,1,12,6,1,0,48,2,51,46,51046,4,2007,YV1MS3829722,Y,V,1,M,S,3,8,2,9,7,2,2,0,P,VOLV,S42,4D,7,17,3223,,0,1039,,G,,F,5,149,,,16R205,,,,,,0,0,000000000,00000000000,0,0,0,1,0,0,0,0,0,0,0,998,0,0,0,12,12,4,3,12,0,0,0,1,48,75089,6,1,0,0,3,0,999,999,0,0,0,3,0,8,2009,9,2011,0,0,0,0,0,2,3,45,3,2,8,2,0,0,14,62,1,1,1,65,0,0
48,482481,1,2,1,1,12,22,23,12,6,1,0,48,1,49,482,49482,31,2002,5TBRT34192S2,5,T,B,R,T,3,4,1,9,2,S,2,0,T,TOYT,TRS,4C,2,17,,2,0,1283,TUN,G,,,8,285,,,,C,4088,00,U,42,0,0,000000000,00000000000,0,0,0,1,0,0,0,0,0,0,0,998,0,0,0,9,9,6,2,12,0,0,1,1,48,75662,6,1,0,0,3,3,999,999,1,0,0,1,0,1,2009,3,2009,0,0,0,0,0,5,4,98,8,8,8,1,3,3,11,66,1,1,1,82,1,0
48,482481,2,2,1,1,12,22,23,12,6,1,0,22,1,12,481,12481,31,2005,1FTSW20P75EA,1,F,T,S,W,2,0,P,7,5,E,A,0,T,FORD,F2S,CW,5,17,,2,1724,1562,SRW,D,,,8,366,,,,C,6059,00,E,42,0,0,000000000,00000000000,0,0,0,1,0,0,0,0,0,0,0,998,0,0,0,12,12,4,3,12,0,0,0,1,22,71101,6,1,0,0,3,0,70,175,0,0,0,0,0,0,0,0,0,1,39,0,0,0,5,4,40,1,1,8,1,3,3,1,17,1,1,1,83,0,0
48,482482,1,2,1,1,12,7,19,12,6,1,0,48,1,35,402,35402,14,2010,5N1AN0NU0AC5,5,N,1,A,N,0,N,U,0,A,C,5,0,P,NISS,XTR,UT,10,17,4150,,0,1063,,G,,F,6,244,,,16R265,,,,,,0,0,000000000,00000000000,0,0,0,1,0,0,0,0,0,0,0,998,0,0,0,12,12,4,3,12,0,0,0,1,48,77089,6,1,0,0,3,3,999,999,1,0,0,0,0,7,2009,7,2009,0,0,0,0,0,2,4,40,1,1,8,1,0,0,1,66,1,1,1,88,0,0
48,482482,2,2,1,1,12,7,19,12,6,1,0,48,1,49,472,49472,30,2000,4TAVL52N6YZ6,4,T,A,V,L,5,2,N,6,Y,Z,6,0,T,TOYT,XTR,PC,0,17,,1,0,1219,TAC,G,,,4,149,,,,B,2760,00,U,42,0,0,000000000,00000000000,0,0,0,1,0,0,0,0,0,0,0,998,0,0,0,9,9,4,3,12,0,0,0,1,48,77062,6,1,0,0,3,3,999,999,0,0,0,0,0,0,0,0,0,0,38,0,0,0,1,4,98,8,8,8,1,20,3,1,17,1,1,1,89,1,0
48,482483,1,2,2,2,12,16,30,12,2,1,0,48,3,84,881,84881,66,2002,1HSMMAAN72H4,1,H,S,M,M,A,A,N,7,2,H,4,1,T,INTL,430,TR,2,17,,7,0,0,40S,D,,,6,466,,,,,00000,00,,42,1,57,2172735,572172735,3,6,1,1,0,0,0,0,0,0,0,998,0,0,0,12,12,6,2,12,0,0,0,1,48,78251,6,1,6,0,3,0,999,999,0,0,0,0,0,0,0,0,0,0,0,0,0,0,1,2,65,1,2,8,2,0,0,1,62,1,1,1,51,0,0
48,482483,2,2,1,2,12,16,30,12,2,1,0,48,1,20,2,20002,4,1995,1G1BL52W7SR1,1,G,1,B,L,5,2,W,7,S,R,1,0,P,CHEV,CCL,4D,95,17,4061,,0,1159,,G,,F,8,265,,,15R215,,,,,,0,0,000000000,00000000000,0,0,0,1,0,0,0,0,0,0,0,998,0,0,0,12,12,6,2,12,0,0,0,1,48,76549,6,1,0,0,3,0,999,999,0,1,0,2,0,3,2009,11,2011,0,0,0,0,0,1,2,65,1,2,8,2,0,0,1,10,1,1,2,50,1,0