STATE,ST_CASE,VEH_NO,VE_FORMS,NUMOCCS,DAY,MONTH,HOUR,MINUTE,HARM_EV,MAN_COLL,UNITTYPE,HIT_RUN,REG_STAT,OWNER,MAKE,MODEL,MAK_MOD,BODY_TYP,MOD_YEAR,VIN,VIN_1,VIN_2,VIN_3,VIN_4,VIN_5,VIN_6,VIN_7,VIN_8,VIN_9,VIN_10,VIN_11,VIN_12,TOW_VEH,VINTYPE,VINMAKE,VINA_MOD,VIN_BT,VINMODYR,VIN_LNGT,VIN_WGT,WGTCD_TR,WHLBS_LG,WHLBS_SH,SER_TR,FUELCODE,MCYCL_DS,CARBUR,CYLINDER,DISPLACE,MCYCL_CY,MCYCL_WT,TIRE_SZE,TON_RAT,TRK_WT,TRKWTVAR,VIN_REST,WHLDRWHL,J_KNIFE,MCARR_I1,MCARR_I2,MCARR_ID,GVWR,V_CONFIG,CARGO_BT,HAZ_INV,HAZ_PLAC,HAZ_ID,HAZ_CNO,HAZ_REL,BUS_USE,SPEC_USE,EMER_USE,TRAV_SP,UNDERIDE,ROLLOVER,ROLINLOC,IMPACT1,IMPACT2,DEFORMED,TOWED,M_HARM,VEH_SC1,VEH_SC2,FIRE_EXP,DR_PRES,L_STATE,DR_ZIP,L_STATUS,L_TYPE,CDL_STAT,L_ENDORS,L_COMPL,L_RESTRI,DR_HGT,DR_WGT,PREV_ACC,PREV_SUS,PREV_DWI,PREV_SPD,PREV_OTH,FIRST_MO,FIRST_YR,LAST_MO,LAST_YR,SPEEDREL,DR_SF1,DR_SF2,DR_SF3,DR_SF4,VTRAFWAY,VNUM_LAN,VSPD_LIM,VALIGN,VPROFILE,VPAVETYP,VSURCOND,VTRAFCON,VTCONT_F,P_CRASH1,P_CRASH2,P_CRASH3,PCRASH4,PCRASH5,ACC_TYPE,DEATHS,DR_DRINK
48,482484,1,2,2,2,12,4,25,12,2,1,0,40,1,2,404,2404,14,1997,1J4FT68SXVL5,1,J,4,F,T,6,8,S,X,V,L,5,0,T,JEEP,SPT,4W,97,17,,1,0,1014,CHK,G,,,6,242,,,,,3078,00,E,42,0,0,000000000,00000000000,0,0,0,1,0,0,0,0,0,0,0,998,0,1,1,12,12,6,2,12,0,0,0,1,40,74701,1,1,0,0,2,0,65,150,0,1,0,0,0,11,2011,11,2011,0,51,0,0,0,2,4,70,1,1,8,1,0,0,1,54,1,1,1,50,0,1
48,482484,2,2,3,2,12,4,25,12,2,1,0,48,2,35,47,35047,4,2003,1N4AL11D63C2,1,N,4,A,L,1,1,D,6,3,C,2,0,P,NISS,ABS,4D,3,17,2913,,0,1102,,G,,F,4,153,,,16R205,,,,,,0,0,000000000,00000000000,0,0,0,1,0,0,0,0,0,0,0,998,0,0,0,12,12,6,2,12,0,0,0,1,35,75240,6,1,0,0,3,0,63,150,98,0,0,0,1,11,2010,11,2010,0,0,0,0,0,2,4,70,1,1,8,1,0,0,1,54,6,1,1,51,1,0
48,482485,1,2,1,3,12,19,0,12,6,1,0,48,3,14,17,14017,4,1998,1MEFM50UXWA6,1,M,E,F,M,5,0,U,X,W,A,6,0,P,MERC,SGL,4D,98,17,3299,,0,1085,,G,,F,6,182,,,15R205,,,,,,0,0,000000000,00000000000,0,0,0,1,0,0,0,0,0,0,0,998,0,0,0,5,5,4,3,12,0,0,0,1,48,75149,6,1,0,0,3,3,63,200,1,5,0,0,0,6,2010,9,2011,0,48,0,0,0,3,3,60,1,1,8,2,0,0,10,11,1,3,2,70,1,0
48,482485,2,2,2,3,12,19,0,12,6,1,0,48,1,7,482,7482,31,2008,3D7KS28A38G1,3,D,7,K,S,2,8,A,3,8,G,1,0,T,DODG,SQ2,CW,8,17,,2,1605,1405,RPC,D,,,6,408,,,,C,6034,00,E,44,0,0,000000000,00000000000,0,0,0,1,0,0,0,0,0,0,0,998,0,0,0,12,12,2,1,12,0,0,0,1,48,76009,6,1,0,0,3,0,999,999,0,0,0,0,0,0,0,0,0,0,0,0,0,0,3,3,60,1,1,8,2,0,0,1,60,1,1,1,71,0,0
48,482486,1,1,2,3,12,18,49,8,0,1,0,48,1,12,481,12481,31,2005,1FTSX20P15EA,1,F,T,S,X,2,0,P,1,5,E,A,0,T,FORD,F2S,4C,5,17,,2,1580,1418,SRW,D,,,8,366,,,,C,5841,00,U,42,0,0,000000000,00000000000,0,0,0,1,0,0,0,0,0,0,0,998,0,0,0,12,12,2,8,8,0,0,0,1,48,77044,6,1,0,0,3,0,999,999,0,0,0,0,2,9,2009,6,2011,0,0,0,0,0,2,4,55,1,1,8,1,0,0,1,80,1,1,1,13,0,0
48,482487,1,1,1,3,12,19,0,8,0,1,1,48,1,20,481,20481,31,2000,1GCEC14T7YZ2,1,G,C,E,C,1,4,T,7,Y,Z,2,0,T,CHEV,SC1,PK,0,17,,2,1330,1190,SIL,G,,,8,325,,,,B,3923,02,,42,0,0,000000000,00000000000,0,0,0,1,0,0,0,0,0,0,0,998,0,0,0,12,12,2,3,8,0,0,0,1,48,77008,6,1,0,0,3,3,999,999,0,0,0,0,0,0,0,0,0,0,27,0,0,0,1,4,55,1,1,8,1,0,0,15,11,1,1,2,13,0,1
48,482488,1,1,1,3,12,20,30,8,0,1,1,48,3,20,471,20471,30,1988,1GNCT18R5J81,1,G,N,C,T,1,8,R,5,J,8,1,0,P,CHEV,S10,UT,88,17,3217,,0,1005,,G,,F,6,173,,,000000,,,,,,0,0,000000000,00000000000,0,0,0,1,0,0,0,0,0,0,0,998,0,0,0,12,12,2,3,8,0,0,0,1,48,77414,6,1,0,0,3,3,999,999,0,0,0,0,0,0,0,0,0,0,0,0,0,0,1,2,55,1,1,8,1,0,0,6,12,1,1,4,6,0,1
48,482489,1,2,1,3,12,21,20,12,6,1,0,48,1,35,48,35048,2,2006,JN1AZ34D26M3,J,N,1,A,Z,3,4,D,2,6,M,3,0,P,NISS,3ZC,CP,6,17,3339,,0,1043,,G,,F,6,214,,,18R225,,,,,,0,0,000000000,00000000000,0,0,0,1,0,0,0,0,0,0,0,998,0,0,0,3,3,6,2,12,0,0,1,1,48,76131,6,1,0,0,3,0,999,999,1,0,0,1,0,9,2009,11,2009,1,35,0,0,0,1,2,45,1,1,8,2,0,0,6,6,1,3,2,46,1,0
48,482489,2,2,1,3,12,21,20,12,6,1,0,48,3,87,881,87881,66,2008,1XPXD49XX8D7,1,X,P,X,D,4,9,X,X,8,D,7,1,T,PTRB,389,TR,8,17,,8,0,0,CON,D,,,6,915,,,,,00000,00,,64,1,57,1947408,571947408,3,6,2,1,0,0,0,0,0,0,0,998,0,0,0,12,12,6,2,2,0,0,1,1,48,76135,6,1,6,0,3,0,999,999,0,0,0,0,0,0,0,0,0,0,0,0,0,0,1,2,45,1,1,8,2,0,0,1,60,1,1,1,45,0,0
48,482490,1,2,2,4,12,4,31,30,0,1,0,48,1,37,39,37039,5,2010,JHMGE8H2XAS0,J,H,M,G,E,8,H,2,X,A,S,0,0,P,HOND,FIT,4H,10,17,2489,,0,984,,G,,F,4,091,,,15R175,,,,,,0,0,000000000,00000000000,0,0,0,1,0,0,0,0,0,0,0,998,0,0,0,1,6,6,2,12,0,0,0,1,48,76123,6,1,0,0,3,3,66,166,0,0,0,0,0,0,0,0,0,1,0,0,0,0,2,6,70,1,1,8,2,0,0,1,13,6,4,4,7,1,1
48,482490,2,2,1,4,12,4,31,30,0,1,0,99,9,87,881,87881,66,2009,1XPHDB9X89D7,1,X,P,H,D,B,9,X,8,9,D,7,1,T,PTRB,386,TR,9,17,,8,0,0,CON,D,,,6,893,,,,,00000,00,,64,1,57,148192,57148192,3,6,2,1,0,0,0,0,0,0,0,998,0,0,0,12,12,6,2,12,0,0,0,1,48,75254,6,1,6,0,3,0,999,999,0,0,0,0,0,0,0,0,0,0,0,0,0,0,2,6,70,1,1,8,2,0,0,1,64,9,2,2,98,0,0
48,482492,1,2,2,5,12,3,15,12,6,1,0,48,2,35,32,35032,2,1996,JN1AS44D0TW0,J,N,1,A,S,4,4,D,0,T,W,0,0,P,NISS,2/S,CP,96,17,2647,,0,994,,G,,F,4,146,,,15R195,,,,,,0,0,000000000,00000000000,0,0,0,1,0,0,0,0,0,0,0,998,0,0,0,3,3,4,3,12,0,0,0,1,48,78727,6,1,0,0,3,0,999,999,0,1,0,0,0,8,2009,8,2009,1,28,0,0,0,3,4,55,1,2,8,2,0,0,1,6,1,3,2,45,2,1
48,482492,2,2,1,5,12,3,15,12,6,1,0,48,3,82,881,82881,66,2005,1FUJA6CK75LU,1,F,U,J,A,6,C,K,7,5,L,U,1,T,FRHT,COL,TR,5,17,,8,0,0,CON,D,,,6,858,,,,,00000,00,,64,1,57,251923,57251923,3,6,1,1,0,0,0,0,0,0,0,998,0,0,0,12,12,4,3,12,0,0,0,1,48,77373,6,1,6,0,3,0,999,999,0,0,0,0,0,0,0,0,0,0,0,0,0,0,3,4,55,1,2,8,2,0,0,1,61,1,1,1,44,0,0
48,482493,1,2,1,6,12,17,52,12,6,1,0,48,2,12,481,12481,31,2010,1FTEW1E8XAFD,1,F,T,E,W,1,E,8,X,A,F,D,0,T,FORD,F1S,CW,10,17,,2,1570,1450,COF,G,,,8,281,,,,B,5345,00,7,44,0,0,000000000,00000000000,0,0,0,1,0,0,0,0,0,0,0,998,0,0,0,9,9,4,3,12,0,0,0,1,48,75949,6,1,0,0,3,0,999,999,0,1,0,0,0,8,2010,8,2010,0,38,0,0,0,1,2,98,8,8,8,1,20,3,4,19,1,1,1,89,0,0
48,482493,2,2,1,6,12,17,52,12,6,1,0,48,1,76,705,76705,80,2001,JYAVM01E21A0,J,Y,A,V,M,0,1,E,2,1,A,0,0,M,YAMA,V6A,RS,1,17,,,,,,,649,,2,,4,495,,,,,,,0,0,000000000,00000000000,0,0,0,1,0,0,0,0,0,0,0,998,0,0,0,12,12,2,3,12,0,0,0,1,48,75980,6,1,0,0,3,3,999,999,1,0,0,0,0,11,2009,11,2009,0,0,0,0,0,1,2,65,1,1,8,1,0,0,1,68,1,1,1,88,1,0
48,482494,1,2,2,6,12,15,26,12,6,1,0,48,1,7,442,7442,20,2010,2D4RN4DE4AR1,2,D,4,R,N,4,D,E,4,A,R,1,0,P,DODG,CAR,SV,10,17,4321,,0,1212,,F,,F,6,201,,,16R225,,,,,,0,0,000000000,00000000000,0,0,0,1,0,0,0,0,0,0,0,998,0,0,0,3,3,6,2,12,0,0,0,1,48,76126,6,1,0,0,3,3,999,999,1,0,0,0,1,9,2010,9,2010,0,38,0,0,0,1,2,98,8,8,8,1,20,3,4,17,1,1,1,87,2,0
48,482494,2,2,1,6,12,15,26,12,6,1,0,48,1,82,881,82881,66,1999,1FUPCSZB6XL9,1,F,U,P,C,S,Z,B,6,X,L,9,1,T,FRHT,FLD,TR,99,17,,8,0,0,CON,D,,,6,774,,,,,00000,00,,64,1,57,1668688,571668688,3,6,3,1,0,0,0,0,0,0,0,998,0,0,0,12,12,4,3,12,0,0,0,1,48,77581,6,1,6,0,3,0,999,999,0,0,0,0,0,0,0,0,0,0,0,0,0,0,2,2,60,1,1,8,1,4,3,1,66,1,1,1,86,0,0
48,482495,1,1,1,6,12,6,32,8,0,1,0,48,1,22,16,22016,2,2002,1G2JB12F9273,1,G,2,J,B,1,2,F,9,2,7,3,0,P,PONT,SFS,CP,2,17,2606,,0,1041,,G,,F,4,134,,,14R195,,,,,,0,0,000000000,00000000000,0,0,0,1,0,0,0,0,0,0,0,998,0,0,0,12,12,2,3,8,0,0,0,1,48,75060,6,1,0,0,3,3,999,999,0,0,0,0,0,0,0,0,0,0,0,0,0,0,1,4,35,1,1,8,1,0,0,1,80,1,1,1,13,0,0
48,482497,1,1,1,7,12,7,12,8,0,1,0,48,1,20,481,20481,31,1989,1GCDC14H9KE2,1,G,C,D,C,1,4,H,9,K,E,2,0,T,CHEV,GC1,PK,89,17,,1,1315,1175,GM4,G,,,8,305,,,,B,4114,08,,42,0,0,000000000,00000000000,0,0,0,1,0,0,0,0,0,0,0,998,0,0,0,12,12,2,3,8,0,0,0,1,48,78223,6,1,0,0,3,0,999,999,0,0,0,0,0,0,0,0,0,1,0,0,0,0,2,4,40,1,1,8,1,0,0,1,80,1,1,1,13,0,0
48,482498,1,1,1,7,12,0,44,1,0,1,0,48,1,7,482,7482,31,2011,3D7UT2CL3BG5,3,D,7,U,T,2,C,L,3,B,G,5,0,T,DODG,250,CW,11,17,,2,1690,1490,RPC,D,,,6,408,,,,C,6232,02,K,44,0,0,000000000,00000000000,0,0,0,1,0,0,0,0,0,0,0,998,0,2,1,0,9,6,2,1,0,0,0,1,48,75494,6,1,0,0,3,0,999,999,0,0,0,0,0,0,0,0,0,1,58,0,0,0,1,2,60,3,1,8,1,0,0,14,13,6,3,6,98,1,0
48,482499,1,1,1,8,12,20,0,1,0,1,0,48,2,20,421,20421,15,2004,1GNEC13Z24R1,1,G,N,E,C,1,3,Z,2,4,R,1,0,P,CHEV,CTA,UT,4,17,4828,,0,1160,,F,,F,8,325,,,16R265,,,,,,0,0,000000000,00000000000,0,0,0,1,0,0,0,0,0,0,0,998,0,2,1,0,9,4,3,1,0,0,0,1,48,76039,6,1,0,0,3,3,999,999,0,0,0,0,0,0,0,0,0,0,58,0,0,0,3,2,55,1,2,8,1,0,0,1,99,6,3,6,98,1,0
48,482500,1,1,1,9,12,2,22,30,0,1,0,48,1,20,482,20482,31,2003,3GNEC13T23G2,3,G,N,E,C,1,3,T,2,3,G,2,0,T,CHEV,CAV,CW,3,17,,2,0,1300,AVL,G,,,8,325,,,,B,5400,00,,42,0,0,000000000,00000000000,0,0,0,1,0,0,0,0,0,0,0,998,0,0,0,10,10,6,2,30,0,0,0,1,48,78249,6,1,0,0,3,0,999,999,0,0,0,0,0,0,0,0,0,1,0,0,0,0,2,4,35,2,1,8,1,0,0,14,6,1,3,4,2,1,1
48,482501,1,2,2,9,12,12,30,12,6,1,0,48,1,20,37,20037,4,2006,1G1ZT61826F1,1,G,1,Z,T,6,1,8,2,6,F,1,0,P,CHEV,XLT,4D,6,17,3459,,0,1063,,G,,F,6,214,,,16R215,,,,,,0,0,000000000,00000000000,0,0,0,1,0,0,0,0,0,0,0,998,0,0,0,9,9,6,2,12,0,0,0,1,48,78873,6,1,0,0,3,0,999,999,0,0,0,0,0,0,0,0,0,0,39,0,0,0,1,2,99,1,1,8,1,20,3,11,15,1,1,1,82,2,0
48,482501,2,2,1,9,12,12,30,12,6,1,0,48,3,82,881,82881,66,1998,1FUPFSZB8WP9,1,F,U,P,F,S,Z,B,8,W,P,9,0,T,FRHT,FLD,TR,98,17,,8,0,0,CON,D,,,6,774,,,,,00000,00,,64,0,48,06418380C,4806418380C,3,5,96,1,0,0,0,0,0,0,0,998,0,0,0,12,12,4,3,12,0,0,0,1,48,78631,6,1,6,0,3,0,999,999,0,0,0,1,0,11,2010,11,2010,0,0,0,0,0,1,2,55,3,2,8,1,0,0,14,67,1,1,1,83,0,0
48,482502,1,2,2,10,12,4,15,12,2,1,0,48,1,6,52,6052,6,2003,3C4FY58B63T6,3,C,4,F,Y,5,8,B,6,3,T,6,0,P,CHRY,PTC,SV,3,17,3066,,0,1030,,G,,F,4,148,,,16R205,,,,,,0,0,000000000,00000000000,0,0,0,1,0,0,0,0,0,0,0,998,0,0,0,12,12,6,2,12,0,0,0,1,48,78210,1,1,0,0,2,0,999,999,0,5,0,0,0,7,2009,10,2011,0,0,0,0,0,3,4,60,2,1,8,1,0,0,14,54,1,1,1,52,1,0
48,482502,2,2,1,10,12,4,15,12,2,1,0,48,1,20,16,20016,2,2003,1G1JC12F9373,1,G,1,J,C,1,2,F,9,3,7,3,0,P,CHEV,CAV,CP,3,17,2617,,0,1041,,G,,F,4,134,,,14R195,,,,,,0,0,000000000,00000000000,0,0,0,1,0,0,0,0,0,0,0,998,0,0,0,12,12,6,2,12,0,0,0,1,48,78729,6,1,0,0,3,0,999,999,0,0,0,0,0,0,0,0,0,0,50,91,0,0,3,4,60,3,1,8,1,0,0,14,54,1,1,1,52,0,1
48,482503,1,1,1,10,12,2,38,8,0,1,1,99,9,99,999,99999,99,9999,999999999999,9,9,9,9,9,9,9,9,9,9,9,9,0,,,,,,,,,,,,,,,,,,,,,,,,,0,0,000000000,00000000000,0,0,0,1,0,0,0,0,0,0,0,998,0,0,0,99,99,9,1,8,0,0,0,1,99,99999,9,9,99,9,9,9,999,999,99,99,99,99,99,99,9999,99,9999,0,0,0,0,0,1,2,99,1,1,8,1,0,0,1,80,1,1,1,13,0,0
48,482504,1,1,6,11,12,1,0,14,0,1,0,48,2,23,481,23481,31,2001,2GTEC19V7112,2,G,T,E,C,1,9,V,7,1,1,2,0,T,GMC,NC1,PC,1,17,,2,1575,1435,SIE,G,,,8,293,,,,B,4413,00,U,42,0,0,000000000,00000000000,0,0,0,1,0,0,0,0,0,0,0,998,0,1,1,12,0,2,3,1,0,0,0,1,48,76706,0,0,0,0,0,0,999,999,0,0,0,0,0,0,0,0,0,1,91,0,0,0,1,2,30,1,1,8,1,0,0,11,13,1,1,4,1,1,0
48,482505,1,1,1,11,12,19,42,18,0,1,0,48,2,37,32,37032,2,2001,999999999999,9,9,9,9,9,9,9,9,9,9,9,9,0,,,,,,,,,,,,,,,,,,,,,,,,,0,0,000000000,00000000000,0,0,0,1,0,0,0,0,0,0,0,998,0,0,0,12,12,9,2,18,0,0,0,1,17,60629,2,1,0,0,2,0,999,999,0,0,0,0,0,0,0,0,0,1,0,0,0,0,1,2,30,1,2,8,1,98,3,1,13,1,9,4,1,1,1
48,482506,1,1,6,11,12,1,58,25,0,1,0,48,2,12,481,12481,31,2004,1FTNW21P44EC,1,F,T,N,W,2,1,P,4,4,E,C,0,T,FORD,F2S,CW,4,17,,2,1724,1562,SRW,D,,,8,366,,,,C,6234,00,E,44,0,0,000000000,00000000000,0,0,0,1,0,0,0,0,0,0,0,998,0,1,3,11,0,6,2,1,0,0,0,1,48,76483,6,1,0,0,3,0,999,999,0,0,0,0,0,0,0,0,0,1,91,0,0,0,3,2,60,1,3,8,2,0,0,1,12,1,1,4,6,1,1
48,482507,1,2,1,12,12,15,55,12,7,1,0,48,2,12,3,12003,2,2004,1FAFP40654F2,1,F,A,F,P,4,0,6,5,4,F,2,0,P,FORD,MUS,CP,4,17,3114,,0,1013,,G,,F,6,238,,,16R225,,,,,,0,0,000000000,00000000000,0,0,0,1,0,0,0,0,0,0,0,998,0,1,5,5,0,6,2,1,0,0,0,1,48,75901,0,0,0,0,0,0,999,999,0,0,0,0,0,0,0,0,0,1,58,0,0,0,2,2,70,4,1,8,1,0,0,14,12,7,1,6,44,1,0
48,482507,2,2,1,12,12,15,55,12,7,1,0,48,2,49,402,49402,14,2001,JTEGH20V1100,J,T,E,G,H,2,0,V,1,1,0,0,0,P,TOYT,RV4,UT,1,17,2877,,0,980,,G,,F,4,122,,,16R215,,,,,,0,0,000000000,00000000000,0,0,0,1,0,0,0,0,0,0,0,998,0,1,5,11,11,2,1,12,0,0,0,1,48,75964,6,1,0,0,3,3,999,999,0,0,0,0,0,0,0,0,0,0,0,0,0,0,2,2,70,4,1,8,1,0,0,14,60,1,1,1,45,0,0
48,482508,1,2,2,12,12,5,51,12,6,1,0,48,1,12,471,12471,30,1992,1FTCR14U5NPA,1,F,T,C,R,1,4,U,5,N,P,A,0,T,FORD,RNS,PC,92,17,,1,0,1250,RNG,G,,,6,182,,,,B,3174,09,A,42,0,0,000000000,00000000000,0,0,0,1,0,0,0,0,0,0,0,998,0,0,0,3,3,4,3,12,0,0,0,1,48,78201,0,0,0,0,0,0,999,999,0,0,0,0,0,0,0,0,0,0,39,0,0,0,1,2,99,1,1,8,2,3,3,1,17,1,1,1,87,0,0
48,482508,2,2,1,12,12,5,51,12,6,1,0,48,1,20,22,20022,4,2006,1G1AL55F6676,1,G,1,A,L,5,5,F,6,6,7,6,0,P,CHEV,BLT,4D,6,17,3216,,0,1033,,G,,F,4,134,,,15R195,,,,,,0,0,000000000,00000000000,0,0,0,1,0,0,0,0,0,0,0,998,0,0,0,12,12,4,3,12,0,0,0,1,48,78201,6,1,0,0,3,3,999,999,0,0,0,0,0,0,0,0,0,0,0,0,0,0,9,2,35,1,1,8,2,3,3,1,66,1,1,1,86,0,0
48,482509,1,2,1,13,12,19,18,12,2,1,0,48,1,3,431,3431,16,2007,5GRGN22U47H1,5,G,R,G,N,2,2,U,4,7,H,1,0,T,HUMM,SUT,4W,7,17,,2,0,1227,HUM,G,,,8,364,,,,C,6400,00,U,44,0,0,000000000,00000000000,0,0,0,1,0,0,0,0,0,0,0,998,0,1,1,12,0,4,3,12,0,0,0,1,48,76712,6,1,0,0,3,3,999,999,0,0,0,0,0,0,0,0,0,0,0,0,0,0,1,2,40,3,2,8,2,98,3,14,8,1,2,2,50,0,0
48,482509,2,2,2,13,12,19,18,12,2,1,0,48,1,59,999,59999,49,2010,2T2ZK1BA7AC0,2,T,2,Z,K,1,B,A,7,A,C,0,0,P,LEXS,RX5,UT,10,17,4340,,0,1079,,G,,F,6,211,,,18R235,,,,,,0,0,000000000,00000000000,0,0,0,1,0,0,0,0,0,0,0,998,0,0,0,12,12,6,2,12,0,0,0,1,48,76710,6,1,0,0,3,0,999,999,0,0,0,0,0,0,0,0,0,0,0,0,0,0,1,2,40,2,2,8,2,98,3,14,62,1,1,1,51,1,0
48,482511,1,1,1,26,12,5,45,8,0,1,0,48,1,52,47,52047,6,2011,JA4AP4AU3BZ0,J,A,4,A,P,4,A,U,3,B,Z,0,0,P,MITS,OSP,UT,11,17,3120,,0,1051,,G,,F,4,122,,,18R225,,,,,,0,0,000000000,00000000000,0,0,0,1,0,0,0,0,0,0,0,998,0,0,0,12,12,4,3,8,0,0,0,1,48,78216,6,1,0,0,3,3,999,999,0,0,0,0,0,0,0,0,0,0,0,0,0,0,3,4,60,1,1,8,2,0,0,1,80,1,1,1,13,0,0
48,482512,1,1,8,10,12,23,54,25,0,1,0,48,2,12,401,12401,14,2002,1FMZU63EX2ZB,1,F,M,Z,U,6,3,E,X,2,Z,B,0,P,FORD,EPR,UT,2,17,4163,,0,1137,,G,,F,6,245,,,16R235,,,,,,0,0,000000000,00000000000,0,0,0,1,0,0,0,0,0,0,0,998,0,1,3,12,12,4,3,25,0,0,0,1,48,77040,0,0,0,0,0,0,999,999,0,0,0,0,0,0,0,0,0,1,91,0,0,0,3,4,60,1,3,1,1,0,0,1,12,1,1,4,6,1,1
48,482513,1,1,1,12,12,6,41,8,0,1,0,48,1,51,401,51401,14,2003,YV1CZ91H6310,Y,V,1,C,Z,9,1,H,6,3,1,0,0,P,VOLV,XC9,UT,3,17,4697,,0,1126,,G,,T,6,177,,,16R225,,,,,,0,0,000000000,00000000000,0,0,0,1,0,0,0,0,0,0,0,998,0,0,0,12,12,4,1,8,0,0,0,1,48,78753,6,1,0,0,3,3,999,999,0,0,0,0,0,0,0,0,0,0,0,0,0,0,2,3,50,2,2,8,1,0,0,14,80,1,1,1,13,0,0
48,482514,1,1,1,14,12,18,45,8,0,1,1,99,9,20,481,20481,31,9999,999999999999,9,9,9,9,9,9,9,9,9,9,9,9,0,,,,,,,,,,,,,,,,,,,,,,,,,0,0,000000000,00000000000,0,0,0,1,0,0,0,0,0,0,0,998,0,0,0,12,12,0,1,8,0,0,0,1,99,99999,9,9,99,9,9,9,999,999,99,99,99,99,99,99,9999,99,9999,1,0,0,0,0,2,3,35,1,1,8,1,0,0,1,80,1,1,1,13,0,0
48,482515,1,2,1,14,12,23,33,12,6,1,0,48,2,7,472,7472,30,1998,1B7FL26X2WS6,1,B,7,F,L,2,6,X,2,W,S,6,0,T,DODG,DAK,PK,98,17,,1,1239,1119,DAK,G,,,6,239,,,,B,3230,01,U,42,0,0,000000000,00000000000,0,0,0,1,0,0,0,0,0,0,0,998,0,0,0,12,12,4,3,12,0,0,0,1,48,76112,6,1,0,0,3,3,999,999,0,0,0,0,0,0,0,0,0,0,39,0,0,0,1,2,99,1,1,8,1,20,3,1,17,1,1,1,86,0,1
48,482515,2,2,3,14,12,23,33,12,6,1,0,48,2,20,481,20481,31,1996,2GCEC19W3T11,2,G,C,E,C,1,9,W,3,T,1,1,0,T,CHEV,GC1,PC,96,17,,2,1555,1415,GM4,G,,,6,262,,,,B,4068,02,,42,0,0,000000000,00000000000,0,0,0,1,0,0,0,0,0,0,0,998,0,0,0,3,3,4,3,12,0,0,0,1,48,76106,6,1,0,0,3,3,999,999,0,0,0,0,0,0,0,0,0,0,0,0,0,0,1,2,30,1,1,8,1,0,0,1,66,1,1,1,87,1,0
48,482516,1,1,4,17,12,8,20,14,0,1,0,48,1,20,431,20431,16,2002,3GNEC16Z62G2,3,G,N,E,C,1,6,Z,6,2,G,2,0,P,CHEV,C15,UT,2,17,4914,,0,1300,,F,,F,8,325,,,16R265,,,,,,0,0,000000000,00000000000,0,0,0,1,0,0,0,0,0,0,0,998,0,1,1,12,12,6,2,14,0,0,0,1,48,78948,6,1,6,0,3,0,999,999,0,0,0,0,0,0,0,0,0,0,0,0,0,0,3,2,65,1,1,8,1,0,0,1,13,1,1,4,1,1,0
48,482517,1,1,1,17,12,17,25,42,0,1,0,48,1,49,40,49040,4,1996,4T1BG12K8TU8,4,T,1,B,G,1,2,K,8,T,U,8,0,P,TOYT,DLX,4D,96,17,2932,,0,1031,,G,,F,4,132,,,14R195,,,,,,0,0,000000000,00000000000,0,0,0,1,0,0,0,0,0,0,0,998,0,0,0,12,12,4,3,42,0,0,0,1,48,77423,6,1,0,0,3,3,999,999,0,0,0,0,0,0,0,0,0,0,39,0,0,0,2,2,40,1,1,8,1,3,3,1,12,1,1,4,6,1,0
48,482518,1,1,1,18,12,19,55,1,0,1,0,48,2,20,481,20481,31,2003,2GCEC19V8313,2,G,C,E,C,1,9,V,8,3,1,3,0,T,CHEV,SC1,4C,3,17,,2,1575,1435,SIL,G,,,8,293,,,,B,4534,03,,42,0,0,000000000,00000000000,0,0,0,1,0,0,0,0,0,0,0,998,0,1,3,0,0,6,2,1,0,0,1,1,48,78880,6,1,6,0,3,0,999,999,0,0,0,0,0,0,0,0,0,1,0,0,0,0,2,2,80,1,1,8,2,0,0,1,6,99,3,4,2,1,1
48,482519,1,1,2,18,12,4,46,1,0,1,0,31,1,20,401,20401,14,1992,1GNDT13Z7N21,1,G,N,D,T,1,3,Z,7,N,2,1,0,P,CHEV,S10,UT,92,17,3697,,0,1070,,G,,F,6,262,,,15R205,,,,,,0,0,000000000,00000000000,0,0,0,1,0,0,0,0,0,0,0,998,0,1,5,0,0,2,3,1,0,0,0,1,48,79731,0,0,0,0,0,0,999,999,0,0,0,0,0,0,0,0,0,1,0,0,0,0,1,2,30,2,1,8,1,0,0,14,12,1,1,4,6,1,0
48,482520,1,2,3,23,12,15,37,12,6,1,0,48,1,20,401,20401,14,1999,1GNCS13W6X21,1,G,N,C,S,1,3,W,6,X,2,1,0,P,CHEV,BZR,UT,99,17,3692,,0,1070,,G,,F,6,262,,,15R205,,,,,,0,0,000000000,00000000000,0,0,0,1,0,0,0,0,0,0,0,998,0,1,5,9,3,4,3,46,0,0,0,1,48,75056,6,1,0,0,3,0,999,999,0,0,0,0,0,0,0,0,0,0,39,0,0,0,2,3,45,1,1,8,1,3,3,1,62,1,1,1,69,1,0
48,482520,2,2,1,23,12,15,37,12,6,1,0,48,3,7,26,7026,4,2010,1B3CC5FB5AN2,1,B,3,C,C,5,F,B,5,A,N,2,0,P,DODG,ART,4D,10,17,3568,,0,1089,,G,,F,4,146,,,17R215,,,,,,0,0,000000000,00000000000,0,0,0,1,0,0,0,0,0,0,0,998,0,0,0,12,12,4,3,12,0,0,0,1,34,8312,6,1,6,0,3,0,74,999,0,0,0,0,1,2,2010,2,2010,0,48,0,0,0,2,3,45,1,1,8,1,3,3,11,15,1,1,1,68,0,0