STATE,ST_CASE,VEH_NO,VE_FORMS,NUMOCCS,DAY,MONTH,HOUR,MINUTE,HARM_EV,MAN_COLL,UNITTYPE,HIT_RUN,REG_STAT,OWNER,MAKE,MODEL,MAK_MOD,BODY_TYP,MOD_YEAR,VIN,VIN_1,VIN_2,VIN_3,VIN_4,VIN_5,VIN_6,VIN_7,VIN_8,VIN_9,VIN_10,VIN_11,VIN_12,TOW_VEH,VINTYPE,VINMAKE,VINA_MOD,VIN_BT,VINMODYR,VIN_LNGT,VIN_WGT,WGTCD_TR,WHLBS_LG,WHLBS_SH,SER_TR,FUELCODE,MCYCL_DS,CARBUR,CYLINDER,DISPLACE,MCYCL_CY,MCYCL_WT,TIRE_SZE,TON_RAT,TRK_WT,TRKWTVAR,VIN_REST,WHLDRWHL,J_KNIFE,MCARR_I1,MCARR_I2,MCARR_ID,GVWR,V_CONFIG,CARGO_BT,HAZ_INV,HAZ_PLAC,HAZ_ID,HAZ_CNO,HAZ_REL,BUS_USE,SPEC_USE,EMER_USE,TRAV_SP,UNDERIDE,ROLLOVER,ROLINLOC,IMPACT1,IMPACT2,DEFORMED,TOWED,M_HARM,VEH_SC1,VEH_SC2,FIRE_EXP,DR_PRES,L_STATE,DR_ZIP,L_STATUS,L_TYPE,CDL_STAT,L_ENDORS,L_COMPL,L_RESTRI,DR_HGT,DR_WGT,PREV_ACC,PREV_SUS,PREV_DWI,PREV_SPD,PREV_OTH,FIRST_MO,FIRST_YR,LAST_MO,LAST_YR,SPEEDREL,DR_SF1,DR_SF2,DR_SF3,DR_SF4,VTRAFWAY,VNUM_LAN,VSPD_LIM,VALIGN,VPROFILE,VPAVETYP,VSURCOND,VTRAFCON,VTCONT_F,P_CRASH1,P_CRASH2,P_CRASH3,PCRASH4,PCRASH5,ACC_TYPE,DEATHS,DR_DRINK
48,482551,1,1,1,1,12,22,21,38,0,1,0,48,1,20,481,20481,31,2003,2GCEC19X1313,2,G,C,E,C,1,9,X,1,3,1,3,0,T,CHEV,SC1,4C,3,17,,2,1575,1435,SIL,G,,,6,262,,,,B,4534,03,,42,0,0,000000000,00000000000,0,0,0,1,0,0,0,0,0,0,0,998,0,1,5,3,3,4,3,1,0,0,0,1,48,75605,6,1,0,0,3,3,999,999,0,0,0,0,0,0,0,0,0,0,58,0,0,0,1,2,60,1,3,8,1,0,0,1,13,6,4,4,7,1,1
48,482552,1,1,1,3,12,13,34,1,0,1,0,32,1,38,402,38402,14,1992,4S2CY58Z3N43,4,S,2,C,Y,5,8,Z,3,N,4,3,0,P,ISU,ROD,UT,92,17,3605,,0,1087,,G,,F,6,192,,,000000,,,,,,0,0,000000000,00000000000,0,0,0,1,0,0,0,0,0,0,0,998,0,2,3,0,3,6,2,1,0,0,0,1,32,89101,6,1,0,0,3,3,73,217,0,0,0,0,0,0,0,0,0,0,58,0,0,0,2,4,80,1,1,8,1,0,0,1,12,9,4,4,7,1,0
48,482553,1,3,2,3,12,23,40,12,6,1,0,48,1,35,39,35039,4,2001,JN1CA31D01T6,J,N,1,C,A,3,1,D,0,1,T,6,0,P,NISS,M20,4D,1,17,3071,,0,1083,,G,,F,6,182,,,15R205,,,,,,0,0,000000000,00000000000,0,0,0,1,0,0,0,0,0,0,0,998,0,0,0,3,3,6,2,12,0,0,0,1,48,76065,6,1,0,0,3,0,999,999,0,0,0,1,1,5,2009,4,2011,0,39,0,0,0,2,4,98,8,8,8,2,4,3,1,17,1,1,1,87,1,0
48,482553,2,3,1,3,12,23,40,12,6,1,0,48,1,12,481,12481,31,2010,1FTEX1C86AKA,1,F,T,E,X,1,C,8,6,A,K,A,0,T,FORD,F15,4C,10,17,,2,1630,1330,COF,G,,,8,281,,,,B,5137,00,7,42,0,0,000000000,00000000000,0,0,0,1,0,0,0,0,0,0,0,998,0,0,0,12,12,6,2,12,0,0,0,1,48,76065,6,1,6,0,3,0,999,999,0,0,0,0,0,0,0,0,0,0,0,0,0,0,2,4,55,1,1,8,2,4,3,1,66,1,1,1,86,0,0
48,482553,3,3,4,3,12,23,40,12,6,1,0,48,1,49,472,49472,30,2007,3TMJU62N27M0,3,T,M,J,U,6,2,N,2,7,M,0,0,T,TOYT,DCP,CW,7,17,,1,0,1278,TAC,G,,,6,244,,,,B,3845,00,E,42,0,0,000000000,00000000000,0,0,0,1,0,0,0,0,0,0,0,0,0,0,0,9,9,4,1,12,0,0,0,1,48,76065,6,1,0,0,3,0,999,999,0,0,0,1,0,2,2009,2,2009,0,0,0,0,0,2,4,98,8,8,8,2,4,3,5,62,1,1,1,98,0,0
48,482554,1,1,1,4,12,6,30,1,0,1,0,48,2,7,482,7482,31,1999,3B7KF23Z0XG2,3,B,7,K,F,2,3,Z,0,X,G,2,0,T,DODG,Q25,4C,99,17,,2,1547,1387,RPC,G,,,8,360,,,,C,5695,00,U,44,0,0,000000000,00000000000,0,0,0,1,0,0,0,0,0,0,0,998,0,2,5,0,3,6,2,1,0,0,0,1,48,77414,6,1,0,0,3,0,71,203,0,0,0,1,0,3,2010,3,2010,1,58,0,0,0,1,2,65,3,1,8,1,0,0,14,13,6,4,4,7,1,1
48,482555,1,2,1,6,12,13,49,12,6,1,0,48,1,20,441,20441,20,2000,1GBDM19W5YB1,1,G,B,D,M,1,9,W,5,Y,B,1,1,T,CHEV,AST,EC,0,17,,1,0,1112,AST,G,,,6,262,,,,B,00000,00,,42,1,0,000000000,00000000000,0,0,0,1,0,0,0,0,0,0,0,998,0,0,0,12,12,4,3,12,0,0,0,1,48,77331,6,1,0,0,3,3,999,999,0,0,0,0,0,0,0,0,0,0,0,0,0,0,1,2,45,2,1,8,1,0,0,14,62,1,1,1,65,0,0
48,482555,2,2,1,6,12,13,49,12,6,1,0,48,1,19,3,19003,4,1993,1G6CD53B2P42,1,G,6,C,D,5,3,B,2,P,4,2,0,P,CADI,DFW,4D,93,17,3424,,0,1138,,G,,F,8,300,,,15R205,,,,,,0,0,000000000,00000000000,0,0,0,1,0,0,0,0,0,0,0,998,0,0,0,3,3,6,2,12,0,0,0,1,48,77351,6,1,0,0,3,3,999,999,0,0,0,0,0,0,0,0,0,0,58,0,0,0,1,2,45,3,1,8,1,0,0,14,13,6,4,6,64,1,0
48,482556,1,1,1,6,12,21,15,42,0,1,0,48,2,21,21,21021,2,2000,1G3NK12T3YC3,1,G,3,N,K,1,2,T,3,Y,C,3,0,P,OLDS,AGX,CP,0,17,2958,,0,1070,,G,,F,4,146,,,15R215,,,,,,0,0,000000000,00000000000,0,0,0,1,0,0,0,0,0,0,0,998,0,0,0,3,3,6,2,42,0,0,0,1,48,75771,6,1,0,0,3,0,999,999,1,0,0,0,0,5,2010,5,2010,1,58,0,0,0,1,2,55,2,2,8,1,0,0,14,12,7,4,4,7,1,1
48,482557,1,2,1,7,12,5,45,12,2,1,0,48,1,55,401,55401,14,2004,KM8SC13D04U6,K,M,8,S,C,1,3,D,0,4,U,6,0,P,HYUN,SAN,UT,4,17,3720,,0,1031,,G,,F,6,162,,,16R225,,,,,,0,0,000000000,00000000000,0,0,0,1,0,0,0,0,0,0,0,998,0,0,0,12,12,4,3,12,0,0,0,1,48,76827,6,1,0,0,3,0,999,999,0,0,0,0,0,0,0,0,0,0,38,0,0,0,1,2,98,8,8,8,1,20,3,11,15,1,1,1,82,1,0
48,482557,2,2,1,7,12,5,45,12,2,1,0,48,1,7,482,7482,31,2004,3D7KA28C54G1,3,D,7,K,A,2,8,C,5,4,G,1,0,T,DODG,SQ2,CW,4,17,,2,1605,1405,RPC,D,,,6,359,,,,C,5040,13,E,42,0,0,000000000,00000000000,0,0,0,1,0,0,0,0,0,0,0,998,0,0,0,12,12,4,3,12,0,0,0,1,48,76801,6,1,0,0,3,0,999,999,0,0,0,0,0,0,0,0,0,0,0,0,0,0,1,2,70,1,1,8,1,0,0,1,66,1,1,1,83,0,0
48,482558,1,2,1,7,12,6,59,12,6,1,0,48,2,52,34,52034,4,1990,JA3CR56V1LZ0,J,A,3,C,R,5,6,V,1,L,Z,0,0,P,MITS,GLL,4D,90,17,2680,,0,1024,,G,,F,4,122,,,14R185,,,,,,0,0,000000000,00000000000,0,0,0,1,0,0,0,0,0,0,0,998,0,0,0,9,9,4,3,12,0,0,0,1,48,77437,6,1,0,0,3,3,999,999,0,0,0,0,0,0,0,0,0,0,39,0,0,0,1,2,70,8,8,8,1,20,3,1,17,1,1,1,89,1,0
48,482558,2,2,1,7,12,6,59,12,6,1,0,48,2,20,422,20422,15,2007,1GNFC16057J3,1,G,N,F,C,1,6,0,5,7,J,3,0,P,CHEV,C15,UT,7,17,5613,,0,1300,,F,,F,8,323,,,17R265,,,,,,0,0,000000000,00000000000,0,0,0,1,0,0,0,0,0,0,0,998,0,0,0,12,12,4,3,12,0,0,0,1,48,77029,6,1,0,0,3,0,999,999,0,2,0,0,0,9,2009,9,2009,0,0,0,0,0,3,2,70,3,1,8,1,0,0,14,66,6,1,2,88,0,0
48,482559,1,2,3,9,12,9,10,12,6,1,0,48,2,37,33,37033,2,1992,JHMBB2258NC0,J,H,M,B,B,2,2,5,8,N,C,0,0,P,HOND,SIR,CP,92,17,2866,,0,1004,,G,,F,4,138,,,15R205,,,,,,0,0,000000000,00000000000,0,0,0,1,0,0,0,0,0,0,0,998,0,0,0,9,9,6,2,12,0,0,0,1,48,75098,0,0,0,0,0,0,999,999,0,0,0,0,0,0,0,0,0,0,38,0,0,0,0,0,0,0,0,0,0,20,3,1,17,1,1,1,89,2,0
48,482559,2,2,1,9,12,9,10,12,6,1,0,48,1,49,482,49482,31,2010,5TFEY5F18AX0,5,T,F,E,Y,5,F,1,8,A,X,0,0,T,TOYT,CRW,CW,10,17,,2,0,1457,TUN,G,,,8,348,,,,B,5335,00,7,42,0,0,000000000,00000000000,0,0,0,1,0,0,0,0,0,0,0,998,0,0,0,12,12,4,3,12,0,0,0,1,48,75098,6,1,0,0,3,3,999,999,0,0,0,0,0,0,0,0,0,1,0,0,0,0,3,3,50,2,1,8,1,0,0,14,66,1,1,1,88,0,0
48,482560,1,1,1,9,12,20,45,38,0,1,0,48,1,23,481,23481,31,1984,1GTGC24M9EJ5,1,G,T,G,C,2,4,M,9,E,J,5,0,T,GMC,C25,PK,84,17,,2,1645,1315,C25,G,,,8,350,,,,C,3467,17,,42,0,0,000000000,00000000000,0,0,0,1,0,0,0,0,0,0,0,998,0,1,6,12,3,6,2,1,0,0,0,1,48,75009,6,1,0,0,3,0,999,999,0,0,0,0,0,0,0,0,0,0,0,0,0,0,1,2,45,1,1,8,1,0,0,1,12,1,1,4,6,1,1
48,482561,1,2,1,9,12,15,36,12,1,1,0,48,2,14,6,14006,4,2003,2MEFM75W53X6,2,M,E,F,M,7,5,W,5,3,X,6,0,P,MERC,MGL,4D,3,17,3958,,0,1147,,G,,F,8,281,,,16R225,,,,,,0,0,000000000,00000000000,0,0,0,1,0,0,0,0,0,0,0,998,0,0,0,12,12,6,2,32,0,0,0,1,48,75402,6,1,0,0,3,0,68,139,0,1,0,1,1,1,2011,3,2011,1,0,0,0,0,2,2,45,1,1,8,1,3,3,1,50,1,1,1,20,1,1
48,482561,2,2,1,9,12,15,36,12,1,1,0,48,2,12,471,12471,30,2003,1FTYR10U63PA,1,F,T,Y,R,1,0,U,6,3,P,A,0,T,FORD,RNG,PK,3,17,,1,1175,1116,RNG,G,,,6,182,,,,B,3085,03,U,42,0,0,000000000,00000000000,0,0,0,1,0,0,0,0,0,0,0,0,0,1,1,6,6,4,3,12,0,0,0,1,48,75227,6,1,0,0,3,0,999,999,0,1,0,0,0,3,2011,3,2011,0,0,0,0,0,2,2,45,1,1,8,1,3,3,5,53,1,1,1,21,0,0
48,482562,1,2,1,10,12,2,32,12,2,1,0,48,2,72,706,72706,80,2006,1HD1BVB196Y0,1,H,D,1,B,V,B,1,9,6,Y,0,0,M,HD,FTI,RS,6,17,,,,,,,1450,,2,,4,651,,,,,,,0,0,000000000,00000000000,0,0,0,1,0,0,0,0,0,0,0,998,0,0,0,12,12,4,3,12,0,0,0,1,48,77471,6,1,0,0,3,0,71,245,1,0,0,0,0,12,2009,12,2009,0,51,0,0,0,1,2,35,1,1,8,1,0,0,1,11,1,1,7,50,1,1
48,482562,2,2,2,10,12,2,32,12,2,1,0,48,1,35,39,35039,4,1996,JN1CA21D4TT1,J,N,1,C,A,2,1,D,4,T,T,1,0,P,NISS,MGS,4D,96,17,2886,,0,1063,,G,,F,6,182,,,15R205,,,,,,0,0,000000000,00000000000,0,0,0,1,0,0,0,0,0,0,0,998,0,0,0,12,12,4,3,12,0,0,0,1,48,77447,6,1,6,0,3,0,999,999,0,0,0,1,2,11,2009,11,2009,0,0,0,0,0,1,2,35,1,1,8,1,0,0,1,63,3,2,1,51,0,0
48,482563,1,1,1,11,12,0,54,23,0,1,0,48,1,72,706,72706,80,2006,1HD1FFW126Y6,1,H,D,1,F,F,W,1,2,6,Y,6,0,M,HD,TCI,RS,6,17,,,,,,,1450,,2,,4,776,,,,,,,0,0,000000000,00000000000,0,0,0,1,0,0,0,0,0,0,0,998,0,0,0,61,61,9,2,23,0,0,0,1,48,75142,6,1,0,0,3,0,65,200,1,0,0,0,0,9,2009,9,2009,0,82,0,0,0,6,1,30,2,2,8,1,0,0,14,5,3,2,4,7,1,1
48,482564,1,2,2,11,12,8,6,12,6,1,0,5,1,7,472,7472,30,1997,1B7GL23XXVS2,1,B,7,G,L,2,3,X,X,V,S,2,0,T,DODG,DAK,PC,97,17,,1,0,1309,DAK,G,,,6,239,,,,B,3683,00,E,42,0,0,000000000,00000000000,0,0,0,1,0,0,0,0,0,0,0,998,0,0,0,9,9,6,2,12,0,0,0,1,48,79220,6,1,0,0,3,3,999,999,0,0,0,0,0,0,0,0,0,0,39,0,0,0,1,2,98,1,1,8,2,20,3,1,17,1,1,1,89,2,0
48,482564,2,2,2,11,12,8,6,12,6,1,0,93,3,87,881,87881,66,2010,1XP7D49XXAD7,1,X,P,7,D,4,9,X,X,A,D,7,1,T,PTRB,387,TR,10,17,,8,0,0,CON,D,,,6,915,,,,,00000,00,,64,1,57,53467,5753467,3,6,1,1,0,0,0,0,0,0,0,998,0,0,0,12,12,4,3,12,0,0,0,1,12,32720,6,1,6,0,3,3,69,999,0,0,0,0,0,0,0,0,0,0,0,0,0,0,2,2,70,1,1,8,2,0,0,1,66,1,1,1,88,0,0
48,482565,1,5,1,11,12,16,32,12,8,1,0,35,1,23,481,23481,31,2001,2GTEK19T3112,2,G,T,E,K,1,9,T,3,1,1,2,0,T,GMC,NK1,PC,1,17,,2,1575,1435,SIE,G,,,8,325,,,,B,4776,00,U,44,0,0,000000000,00000000000,0,0,0,1,0,0,0,0,0,0,0,998,0,0,0,81,12,6,2,12,0,0,0,1,35,88021,6,1,0,0,3,0,67,185,98,0,0,0,0,0,0,0,0,0,51,0,0,0,3,3,60,1,1,8,1,0,0,1,54,1,1,1,64,1,1
48,482565,2,5,2,11,12,16,32,12,8,1,0,35,2,20,37,20037,4,2005,1G1ZT64885F3,1,G,1,Z,T,6,4,8,8,5,F,3,0,P,CHEV,XLS,4D,5,17,3476,,0,1123,,G,,F,6,214,,,16R215,,,,,,0,0,000000000,00000000000,0,0,0,1,0,0,0,0,0,0,0,998,0,0,0,81,81,4,3,12,0,0,0,1,35,88081,6,1,0,0,3,0,61,180,98,0,0,0,0,0,0,0,0,0,0,0,0,0,3,3,60,1,1,8,1,0,0,1,54,1,1,1,65,0,0
48,482565,3,5,1,11,12,16,32,12,8,1,0,35,1,7,24,7024,4,2010,2B3CA3CV2AH1,2,B,3,C,A,3,C,V,2,A,H,1,0,P,DODG,CHS,4D,10,17,3820,,0,1200,,G,,F,6,214,,,17R215,,,,,,0,0,000000000,00000000000,0,0,0,1,0,0,0,0,0,0,0,998,0,0,0,12,12,6,2,12,0,0,0,1,35,88001,6,1,0,0,3,0,67,145,98,0,0,1,0,6,2011,6,2011,0,0,0,0,0,3,3,60,1,1,8,1,0,0,1,63,1,1,1,98,1,0
48,482565,4,5,1,11,12,16,32,12,8,1,0,48,1,37,32,37032,4,2004,1HGCM665X4A0,1,H,G,C,M,6,6,5,X,4,A,0,0,P,HOND,UEX,4D,4,17,3384,,0,1079,,G,,F,6,183,,,000000,,,,,,0,0,000000000,00000000000,0,0,0,1,0,0,0,0,0,0,0,998,0,0,0,12,12,4,3,12,0,0,0,1,48,79912,6,1,0,0,3,3,999,999,0,0,0,0,0,0,0,0,0,0,0,0,0,0,3,3,60,1,1,8,1,0,0,1,54,1,1,1,98,0,0
48,482565,5,5,2,11,12,16,32,12,8,1,0,48,2,30,42,30042,3,2008,WVWBA71F68V0,W,V,W,B,A,7,1,F,6,8,V,0,0,P,VOLK,ETK,CV,8,17,3568,,0,1015,,G,,T,4,,,,16R215,,,,,,0,0,000000000,00000000000,0,0,0,1,0,0,0,0,0,0,0,998,3,0,0,12,12,4,3,12,0,0,0,1,48,79912,0,0,0,0,0,0,999,999,0,0,0,0,0,0,0,0,0,0,0,0,0,0,3,3,60,1,1,8,1,0,0,1,51,1,1,1,98,0,0
48,482566,1,1,1,12,12,6,2,8,0,1,0,48,1,55,36,55036,4,2004,KMHCG45C84U5,K,M,H,C,G,4,5,C,8,4,U,5,0,P,HYUN,AGL,4D,4,17,2290,,0,961,,G,,F,4,098,,,13R175,,,,,,0,0,000000000,00000000000,0,0,0,1,0,0,0,0,0,0,0,998,0,0,0,12,12,2,3,8,0,0,0,1,48,79930,6,1,0,0,3,0,999,999,0,0,0,0,0,0,0,0,0,0,0,0,0,0,1,4,35,1,2,8,1,3,3,1,80,8,2,1,13,0,0
48,482567,1,2,1,12,12,12,58,12,1,1,0,48,2,12,401,12401,14,1994,1FMDU32X6RUD,1,F,M,D,U,3,2,X,6,R,U,D,0,P,FORD,EPR,UT,94,17,3863,,0,1120,,G,,F,6,245,,,15R225,,,,,,0,0,000000000,00000000000,0,0,0,1,0,0,0,0,0,0,0,998,0,0,0,12,12,4,3,12,0,0,0,1,48,77488,1,1,0,0,2,0,999,999,0,0,0,0,0,0,0,0,0,0,99,99,99,99,5,4,35,1,1,8,1,0,0,1,51,1,1,1,24,1,1
48,482567,2,2,1,12,12,12,58,12,1,1,0,48,3,84,881,84881,63,1999,1HTSCAAN8XH6,1,H,T,S,C,A,A,N,8,X,H,6,0,T,INTL,470,CC,99,17,,7,2540,1280,40S,D,,,6,466,,,,,00000,00,,42,0,57,341253,57341253,3,1,1,1,0,0,0,0,0,0,0,998,0,0,0,6,6,2,3,12,0,0,0,1,48,77506,6,1,6,0,3,0,999,999,0,0,0,0,0,0,0,0,0,0,0,0,0,0,5,4,35,1,1,8,1,0,0,1,53,1,1,1,25,0,0
48,482568,1,1,1,13,12,16,57,31,0,1,0,48,1,55,33,55033,4,2011,5NPEC4AB6BH3,5,N,P,E,C,4,A,B,6,B,H,3,0,P,HYUN,SLI,4D,11,17,3338,,0,1100,,G,,T,4,121,,,17R215,,,,,,0,0,000000000,00000000000,0,0,0,1,0,0,0,0,0,0,0,998,0,0,0,12,12,6,2,31,0,0,0,1,48,78572,1,1,0,0,2,3,999,999,0,4,0,0,1,3,2009,4,2011,0,99,99,99,99,3,3,65,1,1,8,2,0,0,1,13,1,1,4,1,1,0
48,482569,1,2,1,14,12,22,59,12,1,1,0,48,1,59,34,59034,4,2006,JTHCH96S2600,J,T,H,C,H,9,6,S,2,6,0,0,0,P,LEXS,AS3,4D,6,17,3759,,0,1122,,G,,F,6,183,,,17R225,,,,,,0,0,000000000,00000000000,0,0,0,1,0,0,0,0,0,0,0,998,0,0,0,12,12,6,2,12,0,0,0,1,48,77081,6,1,0,0,3,0,999,999,0,0,0,0,0,0,0,0,0,0,0,0,0,0,3,5,60,1,2,8,1,0,0,1,50,1,1,1,20,0,0
48,482569,2,2,1,14,12,22,59,12,1,1,0,48,1,21,20,21020,4,1995,1G3AJ5542S63,1,G,3,A,J,5,5,4,2,S,6,3,0,P,OLDS,CRL,4D,95,17,2733,,0,1049,,G,,F,4,133,,,14R185,,,,,,0,0,000000000,00000000000,0,0,0,1,0,0,0,0,0,0,0,0,0,1,1,6,6,6,2,12,0,0,0,1,48,77025,1,1,0,0,2,0,999,999,0,2,0,1,0,10,2009,5,2011,0,54,0,0,0,3,5,60,1,2,8,1,0,0,5,53,1,1,1,21,1,0
48,482570,1,8,3,14,12,13,41,12,1,1,0,28,0,20,421,20421,15,2001,1GNEC13TX1R1,1,G,N,E,C,1,3,T,X,1,R,1,0,P,CHEV,CTA,UT,1,17,4828,,0,1160,,G,,F,8,325,,,16R245,,,,,,0,0,000000000,00000000000,0,0,0,1,0,0,0,0,0,0,0,998,0,0,0,12,12,6,2,12,0,0,0,1,48,76006,6,1,0,0,3,0,999,999,0,0,0,0,0,0,0,0,0,1,91,0,0,0,5,4,35,1,2,8,2,3,3,1,50,1,1,1,20,0,0
48,482570,2,8,1,14,12,13,41,12,1,1,0,39,1,7,472,7472,30,2005,1D7HW28K65S2,1,D,7,H,W,2,8,K,6,5,S,2,0,T,DODG,QST,CW,5,17,,2,0,1309,DAK,G,,,6,225,,,,B,4411,00,E,44,0,0,000000000,00000000000,0,0,0,1,0,0,0,0,0,0,0,0,0,0,0,6,6,6,2,12,0,0,0,1,39,76006,1,1,0,0,2,3,66,210,0,1,0,0,1,6,2009,7,2009,0,0,0,0,0,5,4,35,1,2,8,2,3,3,5,53,1,1,1,21,1,0
48,482570,3,8,1,14,12,13,41,12,1,1,0,48,1,20,421,20421,15,2007,1GNFC13007J4,1,G,N,F,C,1,3,0,0,7,J,4,0,P,CHEV,CTA,UT,7,17,5443,,0,1160,,F,,F,8,323,,,17R265,,,,,,0,0,000000000,00000000000,0,0,0,1,0,0,0,0,0,0,0,0,0,0,0,6,6,4,3,12,0,0,0,1,48,76006,6,1,0,0,3,0,999,999,0,0,0,0,0,0,0,0,0,0,0,0,0,0,5,4,35,1,2,8,2,3,3,5,98,1,1,1,98,0,0
48,482570,4,8,1,14,12,13,41,12,1,1,0,48,2,52,46,52046,4,2003,JA3AJ86E03U0,J,A,3,A,J,8,6,E,0,3,U,0,0,P,MITS,LZR,4D,3,17,2701,,0,1024,,G,,F,4,122,,,15R195,,,,,,0,0,000000000,00000000000,0,0,0,1,0,0,0,0,0,0,0,0,0,0,0,6,6,6,2,12,0,0,0,1,48,79936,0,0,0,0,0,0,999,999,0,0,0,0,0,0,0,0,0,0,92,0,0,0,5,4,35,1,2,8,2,3,3,5,98,1,1,1,98,0,0
48,482570,5,8,1,14,12,13,41,12,1,1,0,48,4,13,14,13014,6,2009,2LMDU68C09BJ,2,L,M,D,U,6,8,C,0,9,B,J,0,P,LINC,MKX,UT,9,17,4220,,0,1112,,G,,F,6,214,,,18R245,,,,,,0,0,000000000,00000000000,0,0,0,1,0,0,0,0,0,0,0,0,0,0,0,6,6,4,3,12,0,0,0,1,48,76013,1,1,0,0,2,0,999,999,0,5,0,0,0,4,2009,3,2011,0,92,0,0,0,5,4,35,1,2,8,2,3,3,5,98,1,1,1,98,0,0
48,482570,6,8,1,14,12,13,41,12,1,1,0,48,3,12,481,12481,31,2008,1FDSF34588ED,1,F,D,S,F,3,4,5,8,8,E,D,0,T,FORD,F3S,CB,8,17,,2,0,1410,SRW,G,,,8,329,,,,D,5399,00,U,42,0,0,000000000,00000000000,0,0,0,1,0,0,0,0,0,0,0,0,0,0,0,6,6,2,1,12,0,0,0,1,48,76016,6,1,0,0,3,0,999,999,0,0,0,0,0,0,0,0,0,0,0,0,0,0,5,4,35,1,2,8,2,3,3,5,98,1,1,1,98,0,0
48,482570,7,8,1,14,12,13,41,12,1,1,0,48,2,41,402,41402,14,2003,4F2CZ06113KM,4,F,2,C,Z,0,6,1,1,3,K,M,1,P,MAZD,TRI,UT,3,17,3292,,0,1031,,G,,F,6,181,,,000000,,,,,,1,0,000000000,00000000000,0,0,0,1,0,0,0,0,0,0,0,0,0,0,0,6,6,2,3,12,0,0,0,1,48,76006,6,1,0,0,3,3,999,999,0,0,0,0,0,0,0,0,0,0,0,0,0,0,5,4,35,1,2,8,2,3,3,5,98,1,1,1,98,0,0
48,482570,8,8,1,14,12,13,41,12,1,1,0,48,1,35,47,35047,4,2006,1N4AL11E26C1,1,N,4,A,L,1,1,E,2,6,C,1,0,P,NISS,ASL,4D,6,17,2915,,0,1102,,G,,F,4,153,,,16R215,,,,,,0,0,000000000,00000000000,0,0,0,1,0,0,0,0,0,0,0,0,0,0,0,61,61,4,3,12,0,0,0,1,48,76006,6,1,0,0,3,0,999,999,0,0,0,0,0,0,0,0,0,0,0,0,0,0,5,4,35,1,2,8,2,3,3,5,98,1,1,1,98,0,0
48,482571,1,1,2,20,12,21,25,33,0,1,0,48,2,24,8,24008,1,2008,1G8MF35X18Y1,1,G,8,M,F,3,5,X,1,8,Y,1,0,P,STRN,RSK,RD,8,17,2990,,0,951,,G,,T,4,122,,,18R245,,,,,,0,0,000000000,00000000000,0,0,0,1,0,0,0,0,0,0,0,998,0,0,0,99,1,4,3,39,0,0,0,1,48,78639,6,1,6,0,3,0,999,999,0,2,0,0,0,10,2009,5,2010,1,0,0,0,0,2,2,40,1,1,8,8,40,3,1,6,1,1,4,1,1,1
48,482572,1,2,1,5,7,7,0,12,6,1,0,48,2,41,52,41052,6,2006,JM1CR2938601,J,M,1,C,R,2,9,3,8,6,0,1,0,P,MAZD,MA5,4H,6,17,3333,,0,1080,,G,,F,4,140,,,17R205,,,,,,0,0,000000000,00000000000,0,0,0,1,0,0,0,0,0,0,0,998,0,0,0,12,12,4,3,12,0,0,0,1,48,77584,6,1,0,0,3,0,999,999,0,0,0,0,0,0,0,0,0,0,38,0,0,0,2,2,40,1,1,1,1,0,0,11,15,1,1,1,68,0,0
48,482572,2,2,1,5,7,7,0,12,6,1,0,48,2,37,32,37032,4,2005,3HGCM56495G7,3,H,G,C,M,5,6,4,9,5,G,7,0,P,HOND,ULX,4D,5,17,3177,,0,1079,,G,,F,4,146,,,15R205,,,,,,0,0,000000000,00000000000,0,0,0,1,0,0,0,0,0,0,0,998,0,0,0,10,1,2,3,8,0,0,0,1,48,77023,6,1,0,0,3,3,999,999,0,0,0,1,0,2,2009,2,2009,0,0,0,0,0,2,2,40,1,1,1,1,0,0,1,62,1,1,1,69,0,0
48,482573,1,2,1,19,8,15,50,12,6,1,0,48,1,24,401,24401,14,2006,5GZCZ53476S8,5,G,Z,C,Z,5,3,4,7,6,S,8,0,P,STRN,VUE,UT,6,17,3478,,0,1066,,G,,F,6,214,,,16R215,,,,,,0,0,000000000,00000000000,0,0,0,1,0,0,0,0,0,0,0,998,0,1,2,3,0,6,2,1,0,0,0,1,48,75704,6,1,0,0,3,0,999,999,0,0,0,4,0,4,2010,8,2011,0,33,0,0,0,1,2,70,1,1,8,1,98,3,6,12,7,4,6,48,1,0
48,482573,2,2,2,19,8,15,50,12,6,1,0,48,3,38,882,38882,61,2007,JALB4W163774,J,A,L,B,4,W,1,6,3,7,7,4,0,T,ISU,NPR,CB,7,17,,3,1760,1090,NPR,D,,,4,317,,,,,00000,00,,42,0,57,363,57363,2,1,1,1,0,0,0,0,0,0,0,998,0,0,0,12,12,4,3,12,0,0,0,1,48,75839,6,1,0,0,3,0,999,999,2,1,0,0,1,9,2008,11,2009,0,0,0,0,0,1,2,70,1,1,8,1,0,0,1,64,7,1,1,48,0,0
48,482575,1,3,1,11,9,8,18,12,99,1,0,48,1,45,37,45037,2,1986,WP0AA0955GN1,W,P,0,A,A,0,9,5,5,G,N,1,0,P,PORS,944,CP,86,17,2778,,0,945,,G,,T,4,151,,,15R215,,,,,,0,0,000000000,00000000000,0,0,0,1,0,0,0,0,0,0,0,998,0,0,0,12,0,6,2,2,0,0,1,1,48,76112,6,1,0,0,3,0,999,999,0,0,0,0,0,0,0,0,0,0,0,0,0,0,3,4,40,1,1,8,1,0,0,1,10,1,1,2,53,1,0