STATE,ST_CASE,VEH_NO,VE_FORMS,NUMOCCS,DAY,MONTH,HOUR,MINUTE,HARM_EV,MAN_COLL,UNITTYPE,HIT_RUN,REG_STAT,OWNER,MAKE,MODEL,MAK_MOD,BODY_TYP,MOD_YEAR,VIN,VIN_1,VIN_2,VIN_3,VIN_4,VIN_5,VIN_6,VIN_7,VIN_8,VIN_9,VIN_10,VIN_11,VIN_12,TOW_VEH,VINTYPE,VINMAKE,VINA_MOD,VIN_BT,VINMODYR,VIN_LNGT,VIN_WGT,WGTCD_TR,WHLBS_LG,WHLBS_SH,SER_TR,FUELCODE,MCYCL_DS,CARBUR,CYLINDER,DISPLACE,MCYCL_CY,MCYCL_WT,TIRE_SZE,TON_RAT,TRK_WT,TRKWTVAR,VIN_REST,WHLDRWHL,J_KNIFE,MCARR_I1,MCARR_I2,MCARR_ID,GVWR,V_CONFIG,CARGO_BT,HAZ_INV,HAZ_PLAC,HAZ_ID,HAZ_CNO,HAZ_REL,BUS_USE,SPEC_USE,EMER_USE,TRAV_SP,UNDERIDE,ROLLOVER,ROLINLOC,IMPACT1,IMPACT2,DEFORMED,TOWED,M_HARM,VEH_SC1,VEH_SC2,FIRE_EXP,DR_PRES,L_STATE,DR_ZIP,L_STATUS,L_TYPE,CDL_STAT,L_ENDORS,L_COMPL,L_RESTRI,DR_HGT,DR_WGT,PREV_ACC,PREV_SUS,PREV_DWI,PREV_SPD,PREV_OTH,FIRST_MO,FIRST_YR,LAST_MO,LAST_YR,SPEEDREL,DR_SF1,DR_SF2,DR_SF3,DR_SF4,VTRAFWAY,VNUM_LAN,VSPD_LIM,VALIGN,VPROFILE,VPAVETYP,VSURCOND,VTRAFCON,VTCONT_F,P_CRASH1,P_CRASH2,P_CRASH3,PCRASH4,PCRASH5,ACC_TYPE,DEATHS,DR_DRINK
48,482575,2,3,1,11,9,8,18,12,99,1,0,48,1,19,3,19003,4,2005,1G6KD54Y75U2,1,G,6,K,D,5,4,Y,7,5,U,2,0,P,CADI,DFW,4D,5,17,3978,,0,1153,,G,,F,8,279,,,16R225,,,,,,0,0,000000000,00000000000,0,0,0,1,0,0,0,0,0,0,0,998,0,0,0,12,12,4,3,12,0,0,0,1,48,76112,6,1,0,0,3,3,999,999,0,0,0,0,0,0,0,0,0,0,0,0,0,0,1,4,40,1,1,8,1,0,0,1,59,1,1,1,98,0,0
48,482575,3,3,1,11,9,8,18,12,99,1,0,48,1,65,399,65399,2,2010,WMEEJ3BA6AK3,W,M,E,E,J,3,B,A,6,A,K,3,0,P,SMRT,SMP,CP,10,17,1808,,0,0,,G,,F,3,061,,,000000,,,,,,0,0,000000000,00000000000,0,0,0,1,0,0,0,0,0,0,0,998,0,0,0,12,12,4,3,12,0,0,0,1,48,76134,6,1,0,0,3,0,999,999,0,0,0,0,0,0,0,0,0,0,0,0,0,0,1,4,40,1,1,8,1,0,0,1,62,1,1,1,53,0,0
48,482576,1,2,1,30,9,8,4,12,6,1,0,48,2,2,406,2406,14,2009,1J8HH48K69C5,1,J,8,H,H,4,8,K,6,9,C,5,0,T,JEEP,SPT,4W,9,17,,2,0,1095,CMD,G,,,6,225,,,,,4422,00,3,42,0,0,000000000,00000000000,0,0,0,1,0,0,0,0,0,0,0,998,0,0,0,12,12,2,3,12,0,0,0,1,48,79416,6,2,0,0,3,3,999,999,0,0,0,0,0,0,0,0,0,0,38,0,0,0,1,2,99,1,1,8,1,21,3,1,17,1,1,1,88,0,0
48,482576,2,2,1,30,9,8,4,12,6,1,0,48,1,73,706,73706,80,2009,JKAVN2D179A0,J,K,A,V,N,2,D,1,7,9,A,0,0,M,KAWK,VD9,RS,9,17,,,,,,,903,,2,,4,657,,,,,,,0,0,000000000,00000000000,0,0,0,1,0,0,0,0,0,0,0,998,0,0,0,61,61,9,2,12,0,0,0,1,48,79416,6,1,0,0,3,0,999,999,0,0,0,0,0,0,0,0,0,0,0,0,0,0,1,2,30,1,1,8,1,0,0,1,66,1,1,1,89,1,0
48,482577,1,1,1,16,10,17,16,8,0,1,0,48,2,35,47,35047,4,2007,1N4AL21E37N4,1,N,4,A,L,2,1,E,3,7,N,4,0,P,NISS,ATS,4D,7,17,3042,,0,1093,,G,,F,4,153,,,16R215,,,,,,0,0,000000000,00000000000,0,0,0,1,0,0,0,0,0,0,0,998,0,0,0,12,12,0,4,8,0,0,0,1,48,78380,6,1,0,0,3,0,999,999,2,0,0,0,1,4,2009,4,2011,0,0,0,0,0,1,2,99,1,1,8,1,0,0,11,81,1,1,1,13,0,0
48,482578,1,1,1,9,11,12,40,33,0,1,0,48,1,37,706,37706,80,1999,1HFSC3238XA4,1,H,F,S,C,3,2,3,8,X,A,4,0,M,HOND,VTD,RS,99,17,,,,,,,1099,,2,,4,573,,,,,,,0,0,000000000,00000000000,0,0,0,1,0,0,0,0,0,0,0,998,0,0,0,99,99,9,9,33,0,0,0,1,48,77072,6,1,0,0,3,3,999,999,0,0,0,0,0,0,0,0,0,0,0,0,0,0,2,2,45,1,1,1,1,0,0,1,13,1,1,4,1,1,0
48,482579,1,3,1,21,11,1,30,8,0,1,1,99,9,99,999,99999,99,9999,999999999999,9,9,9,9,9,9,9,9,9,9,9,9,0,,,,,,,,,,,,,,,,,,,,,,,,,0,0,000000000,00000000000,0,0,0,1,0,0,0,0,0,0,0,998,0,0,0,12,12,2,1,8,0,0,0,1,99,99999,9,9,99,9,9,9,999,999,99,99,99,99,99,99,9999,99,9999,0,0,0,0,0,3,3,60,1,1,8,1,0,0,1,80,1,1,1,13,0,0
48,482579,2,3,1,21,11,1,30,8,0,1,0,48,1,54,39,54039,4,2004,JH4CL95834C0,J,H,4,C,L,9,5,8,3,4,C,0,0,P,ACUR,TSX,4D,4,17,3230,,0,1051,,G,,F,4,146,,,17R215,,,,,,0,0,000000000,00000000000,0,0,0,1,0,0,0,0,0,0,0,998,0,0,0,14,14,0,1,8,0,0,0,1,48,78726,1,1,0,0,2,0,999,999,1,16,0,5,0,12,2008,7,2011,0,0,0,0,0,3,3,60,1,1,8,1,0,0,1,80,1,1,1,98,0,0
48,482579,3,3,1,21,11,1,30,8,0,1,0,48,2,58,34,58034,4,1997,JNKAY21D6VM4,J,N,K,A,Y,2,1,D,6,V,M,4,0,P,INFI,J30,4D,97,17,3408,,0,1087,,G,,F,6,181,,,15R215,,,,,,0,0,000000000,00000000000,0,0,0,1,0,0,0,0,0,0,0,998,0,0,0,14,14,0,1,8,0,0,0,1,48,77484,6,1,6,0,3,0,999,999,0,0,0,0,1,7,2010,7,2010,0,0,0,0,0,3,3,60,1,1,8,1,0,0,1,80,1,1,1,98,0,0
48,482580,1,2,1,25,11,21,20,12,6,1,0,48,1,41,37,41037,4,2000,1YVGF22C1Y51,1,Y,V,G,F,2,2,C,1,Y,5,1,0,P,MAZD,U6X,4D,0,17,2864,,0,1051,,G,,F,4,122,,,15R185,,,,,,0,0,000000000,00000000000,0,0,0,1,0,0,0,0,0,0,0,998,0,0,0,3,3,6,2,12,0,0,0,1,48,78640,6,1,0,0,3,3,999,999,0,0,0,0,0,0,0,0,0,1,51,0,0,0,1,2,60,1,1,8,1,0,0,1,6,1,4,2,66,1,1
48,482580,2,2,2,25,11,21,20,12,6,1,0,48,2,37,441,37441,20,1997,JHMRA1862VC0,J,H,M,R,A,1,8,6,2,V,C,0,0,P,HOND,ODY,SV,97,17,3371,,0,1114,,G,,F,4,132,,,15R205,,,,,,0,0,000000000,00000000000,0,0,0,1,0,0,0,0,0,0,0,998,0,0,0,12,12,4,3,12,0,0,0,1,48,78752,0,0,0,0,0,0,999,999,0,0,0,0,0,0,0,0,0,0,0,0,0,0,1,2,60,1,1,8,1,0,0,1,62,1,1,1,66,0,0
48,482581,1,2,1,27,11,18,15,12,2,1,0,48,1,20,421,20421,15,1997,1GNEC13R7VJ4,1,G,N,E,C,1,3,R,7,V,J,4,0,P,CHEV,CTA,UT,97,17,4816,,0,1175,,G,,F,8,350,,,15R235,,,,,,0,0,000000000,00000000000,0,0,0,1,0,0,0,0,0,0,0,998,0,0,0,12,12,6,2,12,0,0,0,1,48,78616,6,1,0,0,3,0,999,999,0,0,0,0,0,0,0,0,0,0,0,0,0,0,5,2,65,1,1,8,1,0,0,1,62,1,1,1,51,1,0
48,482581,2,2,1,27,11,18,15,12,2,1,0,48,1,20,481,20481,31,2011,1GCRCREAXBZ4,1,G,C,R,C,R,E,A,X,B,Z,4,0,T,CHEV,4SC,4C,11,17,,2,0,1435,SIL,F,,,8,293,,,,B,4924,00,,42,0,0,000000000,00000000000,0,0,0,1,0,0,0,0,0,0,0,998,0,0,0,12,12,6,2,12,0,0,0,1,48,78616,3,1,0,0,2,3,999,999,4,0,0,1,0,4,2009,5,2011,0,33,0,0,0,5,2,65,1,1,8,1,0,0,6,10,1,1,2,50,0,0
48,482582,1,2,1,29,11,21,12,12,2,1,0,48,2,49,404,49404,14,2008,JTEZU11F78K0,J,T,E,Z,U,1,1,F,7,8,K,0,0,P,TOYT,FJC,UT,8,17,4050,,0,1059,,G,,F,6,244,,,17R265,,,,,,0,0,000000000,00000000000,0,0,0,1,0,0,0,0,0,0,0,998,0,0,0,12,12,4,3,12,0,0,0,1,48,78676,6,1,0,0,3,0,999,999,0,0,0,0,0,0,0,0,0,0,51,0,0,0,5,2,50,1,2,8,1,0,0,1,10,1,1,2,50,0,1
48,482582,2,2,2,29,11,21,12,12,2,1,0,48,1,37,441,37441,20,2000,2HKRL1853YH5,2,H,K,R,L,1,8,5,3,Y,H,5,0,P,HOND,UDY,SV,0,17,4233,,0,1181,,G,,F,6,212,,,16R215,,,,,,0,0,000000000,00000000000,0,0,0,1,0,0,0,0,0,0,0,998,0,0,0,12,12,4,3,12,0,0,0,1,48,78704,6,1,0,0,3,3,999,999,0,0,0,0,0,0,0,0,0,0,0,0,0,0,5,2,50,1,2,8,1,0,0,1,62,1,1,1,51,2,0
48,482583,1,3,1,9,12,18,30,12,6,1,0,48,2,49,32,49032,4,2010,1NXBU4EEXAZ3,1,N,X,B,U,4,E,E,X,A,Z,3,0,P,TOYT,CBL,4D,10,17,2723,,0,1024,,G,,F,4,110,,,15R195,,,,,,0,0,000000000,00000000000,0,0,0,1,0,0,0,0,0,0,0,998,0,0,0,12,12,4,3,12,0,0,0,1,48,77845,6,1,0,0,3,0,999,999,0,0,0,0,0,0,0,0,0,1,0,0,0,0,3,2,55,3,1,8,1,0,0,14,67,1,1,1,83,0,0
48,482583,2,3,2,9,12,18,30,12,6,1,0,48,2,12,481,12481,31,2006,1FTPW12VX6KD,1,F,T,P,W,1,2,V,X,6,K,D,0,T,FORD,F1S,CW,6,17,,2,0,1390,COF,F,,,8,329,,,,B,5176,01,E,42,0,0,000000000,00000000000,0,0,0,1,0,0,0,0,0,0,0,998,0,0,0,9,9,4,3,12,0,0,0,1,48,77866,6,1,0,0,3,3,999,999,0,0,0,0,0,0,0,0,0,0,0,0,0,0,1,2,98,8,8,8,1,20,3,11,15,1,1,1,82,1,0
48,482583,3,3,3,9,12,18,30,12,6,1,0,48,1,35,50,35050,4,2008,3N1BC11EX8L4,3,N,1,B,C,1,1,E,X,8,L,4,0,P,NISS,VSL,4D,8,17,2627,,0,1024,,G,,F,4,110,,,15R185,,,,,,0,0,000000000,00000000000,0,0,0,1,0,0,0,0,0,0,0,0,0,0,0,11,11,2,1,12,0,0,0,1,48,77845,6,1,0,0,3,0,999,999,0,0,0,0,0,0,0,0,0,0,0,0,0,0,3,2,55,3,1,8,1,0,0,5,62,1,1,1,98,0,0
48,482584,1,1,1,9,12,2,37,33,0,1,0,48,2,12,3,12003,2,2002,1FAFP42X82F1,1,F,A,F,P,4,2,X,8,2,F,1,0,P,FORD,MGT,CP,2,17,3241,,0,1013,,G,,F,8,281,,,17R245,,,,,,0,0,000000000,00000000000,0,0,0,1,0,0,0,0,0,0,0,998,0,1,1,99,12,6,2,39,0,0,0,1,8,80443,6,2,0,0,3,0,72,170,0,0,0,0,0,0,0,0,0,0,0,0,0,0,2,4,55,3,1,1,1,3,3,14,13,1,1,4,1,1,0
48,482585,1,1,2,9,12,3,20,30,0,1,0,48,2,12,17,12017,4,1999,1FAFP53U2XG2,1,F,A,F,P,5,3,U,2,X,G,2,0,P,FORD,TSE,4D,99,17,3353,,0,1085,,G,,F,6,182,,,15R205,,,,,,0,0,000000000,00000000000,0,0,0,1,0,0,0,0,0,0,0,998,0,0,0,9,9,6,2,2,0,0,1,1,48,77389,6,1,0,0,3,3,999,999,0,1,0,0,0,10,2010,10,2010,0,0,0,0,0,1,2,45,1,1,8,1,0,0,1,13,1,3,4,1,1,1
48,482586,1,2,1,14,12,13,54,12,6,1,0,48,1,49,43,49043,4,2009,4T1BK36B39U3,4,T,1,B,K,3,6,B,3,9,U,3,0,P,TOYT,ULT,4D,9,17,3490,,0,1110,,G,,F,6,214,,,16R215,,,,,,0,0,000000000,00000000000,0,0,0,1,0,0,0,0,0,0,0,998,0,0,0,3,3,6,2,12,0,0,0,1,48,76484,6,1,0,0,3,3,51,208,0,0,0,0,0,0,0,0,0,1,51,0,0,0,1,2,70,1,1,8,2,0,0,1,6,1,2,4,65,1,0
48,482586,2,2,1,14,12,13,54,12,6,1,0,48,1,35,472,35472,30,2000,1N6DD26S8YC3,1,N,6,D,D,2,6,S,8,Y,C,3,0,T,NISS,FKX,PC,0,17,,1,0,1161,FRT,G,,,4,146,,,,B,3052,01,U,42,0,0,000000000,00000000000,0,0,0,1,0,0,0,0,0,0,0,998,0,0,0,12,12,6,2,12,0,0,0,1,48,76484,6,1,0,0,3,0,999,999,0,0,0,0,0,0,0,0,0,0,0,0,0,0,1,2,70,1,1,8,2,0,0,1,62,7,1,4,64,0,0
48,482587,1,1,1,15,12,1,0,24,0,1,0,48,2,53,705,53705,80,2000,JS1GR7HA9Y21,J,S,1,G,R,7,H,A,9,Y,2,1,0,M,SUZI,SX7,RC,0,17,,,,,,,749,,4,,4,366,,,,,,,0,0,000000000,00000000000,0,0,0,1,0,0,0,0,0,0,0,998,0,0,0,99,99,2,3,24,0,0,0,1,48,77076,0,0,0,0,0,0,999,999,0,0,0,0,0,0,0,0,0,1,0,0,0,0,4,2,45,1,1,1,2,0,0,1,6,1,9,4,7,1,0
48,482588,1,1,1,16,12,2,45,8,0,1,1,48,1,35,47,35047,4,2010,1N4BL2AP9AN4,1,N,4,B,L,2,A,P,9,A,N,4,0,P,NISS,ATR,4D,10,17,3240,,0,1093,,G,,F,6,214,,,16R215,,,,,,0,0,000000000,00000000000,0,0,0,1,0,0,0,0,0,0,0,998,0,0,0,12,12,2,3,8,0,0,0,1,48,75063,6,1,0,0,3,0,999,999,0,0,0,1,0,3,2011,3,2011,0,0,0,0,0,4,2,98,2,1,8,2,0,0,14,80,1,1,1,13,0,0
48,482589,1,2,1,17,12,2,46,12,6,1,0,48,3,12,881,12881,61,2011,1FD0X4GT9BEC,1,F,D,0,X,4,G,T,9,B,E,C,0,T,FORD,F4D,CB,11,17,,5,1858,1618,DRW,D,,,8,409,,,,D,7063,01,7,42,0,88,888888888,88888888888,2,1,96,1,0,0,0,0,0,0,0,64,0,0,0,12,12,4,3,12,0,0,0,1,48,77429,6,1,0,0,3,3,999,999,1,0,0,0,0,5,2009,5,2009,1,0,0,0,0,5,6,40,2,1,8,1,0,0,14,68,1,1,1,88,0,0
48,482589,2,2,1,17,12,2,46,12,6,1,0,48,2,18,20,18020,4,2000,2G4WB55K7Y11,2,G,4,W,B,5,5,K,7,Y,1,1,0,P,BUIC,RLS,4D,0,17,3438,,0,1090,,G,,F,6,231,,,15R215,,,,,,0,0,000000000,00000000000,0,0,0,1,0,0,0,0,0,0,0,33,0,0,0,9,9,6,2,12,0,0,0,1,48,77429,6,1,0,0,3,3,999,999,0,0,0,0,0,0,0,0,0,0,39,0,0,0,1,4,98,8,8,8,1,20,3,1,19,1,1,1,89,1,1
48,482590,1,2,2,17,12,11,21,12,6,1,0,48,1,63,402,63402,14,2012,5XYKT3A11CG2,5,X,Y,K,T,3,A,1,1,C,G,2,0,P,KIA,SOR,UT,12,17,3763,,0,1063,,G,,F,4,144,,,17R235,,,,,,0,0,000000000,00000000000,0,0,0,1,0,0,0,0,0,0,0,998,0,0,0,2,2,6,2,12,0,0,0,1,48,79108,6,1,0,0,3,3,999,999,0,0,0,0,0,0,0,0,0,0,38,0,0,0,2,2,70,1,2,8,1,0,0,11,15,1,1,1,68,2,0
48,482590,2,2,1,17,12,11,21,12,6,1,0,48,3,12,481,12481,31,2008,1FTSX21R18EB,1,F,T,S,X,2,1,R,1,8,E,B,0,T,FORD,F2S,4C,8,17,,2,1580,1420,SRW,D,,,8,390,,,,C,6346,01,U,44,0,0,000000000,00000000000,0,0,0,1,0,0,0,0,0,0,0,998,0,0,0,12,12,4,3,12,0,0,0,1,48,79124,6,1,0,0,3,3,999,999,0,0,0,0,0,0,0,0,0,0,0,0,0,0,2,2,70,1,2,8,1,0,0,1,62,1,1,1,69,0,0
48,482591,1,1,1,18,12,3,10,32,0,1,0,48,2,20,2,20002,4,2004,2G1WF52EX493,2,G,1,W,F,5,2,E,X,4,9,3,0,P,CHEV,IMP,4D,4,17,3389,,0,1105,,G,,F,6,207,,,16R225,,,,,,0,0,000000000,00000000000,0,0,0,1,0,0,0,0,0,0,0,998,0,1,5,12,12,4,3,1,0,0,0,1,48,78064,0,0,0,0,0,0,999,999,0,0,0,0,0,0,0,0,0,0,0,0,0,0,1,2,70,1,1,8,1,0,0,1,12,1,1,4,6,1,1
48,482592,1,1,1,18,12,0,29,43,0,1,0,48,2,19,18,19018,4,2006,1G6DM57T1601,1,G,6,D,M,5,7,T,1,6,0,1,0,P,CADI,C/T,4D,6,17,3509,,0,1134,,G,,F,6,171,,,16R225,,,,,,0,0,000000000,00000000000,0,0,0,1,0,0,0,0,0,0,0,998,0,1,5,10,10,4,3,1,0,0,0,1,48,76541,0,0,0,0,0,0,69,188,0,0,0,0,0,0,0,0,0,0,0,0,0,0,1,2,30,1,1,8,1,0,0,1,87,7,3,4,3,1,1
48,482593,1,1,1,18,12,6,20,1,0,1,0,48,2,20,481,20481,31,1996,2GCEC19W6T12,2,G,C,E,C,1,9,W,6,T,1,2,0,T,CHEV,GC1,PC,96,17,,2,1555,1415,GM4,G,,,6,262,,,,B,4068,02,,42,0,0,000000000,00000000000,0,0,0,1,0,0,0,0,0,0,0,998,0,2,5,0,7,2,3,1,0,0,0,1,48,77076,6,1,6,0,3,0,999,999,0,1,0,0,0,8,2009,8,2009,0,0,0,0,0,1,2,30,1,1,2,1,0,0,1,13,1,1,4,1,1,1
48,482594,1,1,5,18,12,1,10,1,0,1,0,48,1,12,481,12481,31,2004,1FTRW12W74KC,1,F,T,R,W,1,2,W,7,4,K,C,0,T,FORD,F1S,CW,4,17,,2,1450,1260,COF,G,,,8,281,,,,B,5270,00,U,42,0,0,000000000,00000000000,0,0,0,1,0,0,0,0,0,0,0,998,0,2,5,0,3,4,3,1,0,0,0,1,48,75631,0,0,0,0,0,0,999,999,0,0,0,0,0,0,0,0,0,1,0,0,0,0,1,2,55,3,3,8,1,0,0,14,6,99,4,4,1,2,0
48,482595,1,1,1,19,12,1,29,46,0,1,0,48,2,63,31,63031,4,2001,KNAFB1211150,K,N,A,F,B,1,2,1,1,1,5,0,0,P,KIA,SPL,4D,1,17,2478,,0,1008,,G,,F,4,109,,,14R185,,,,,,0,0,000000000,00000000000,0,0,0,1,0,0,0,0,0,0,0,998,0,0,0,12,12,4,3,46,0,0,0,1,48,78254,6,1,0,0,3,3,999,999,0,0,0,0,0,0,0,0,0,0,0,0,0,0,4,1,55,2,1,8,2,3,3,14,13,1,1,4,1,1,1
48,482596,1,2,1,19,12,17,29,12,6,1,0,48,1,23,421,23421,15,2011,1GKW2REG8BR1,1,G,K,W,2,R,E,G,8,B,R,1,0,T,GMC,KX6,4W,11,17,,2,0,1300,YUK,F,,,8,366,,,,C,6551,00,S,44,0,0,000000000,00000000000,0,0,0,1,0,0,0,0,0,0,0,998,0,0,0,12,12,4,3,12,0,0,0,1,48,76665,6,1,0,0,3,0,999,999,0,0,0,0,0,0,0,0,0,0,38,0,0,0,5,4,35,1,1,8,2,0,0,11,15,1,1,1,68,1,1
48,482596,2,2,1,19,12,17,29,12,6,1,0,48,2,12,401,12401,14,2002,1FMZU63E72ZB,1,F,M,Z,U,6,3,E,7,2,Z,B,0,P,FORD,EPR,UT,2,17,4163,,0,1137,,G,,F,6,245,,,16R235,,,,,,0,0,000000000,00000000000,0,0,0,1,0,0,0,0,0,0,0,998,0,0,0,11,11,4,3,12,0,0,0,1,48,78611,6,1,0,0,3,0,999,999,0,3,0,0,0,3,2009,10,2009,0,0,0,0,0,5,4,35,1,1,8,2,0,0,1,62,1,1,1,69,0,0
48,482597,1,2,2,19,12,13,57,12,6,1,0,48,2,49,40,49040,4,2006,1NXBR32E06Z7,1,N,X,B,R,3,2,E,0,6,Z,7,0,P,TOYT,UCS,4D,6,17,2530,,0,1024,,G,,F,4,109,,,15R185,,,,,,0,0,000000000,00000000000,0,0,0,1,0,0,0,0,0,0,0,998,0,0,0,10,10,4,3,12,0,0,0,1,48,75180,6,1,0,0,3,3,63,156,0,0,0,0,0,0,0,0,0,0,0,0,0,0,1,2,98,3,8,8,2,20,3,4,19,1,1,1,89,1,0
48,482597,2,2,1,19,12,13,57,12,6,1,0,48,3,82,881,82881,62,2007,1FVACWCS97HY,1,F,V,A,C,W,C,S,9,7,H,Y,0,T,FRHT,16M,CC,7,17,,6,0,0,FM2,D,,,6,391,,,,,00000,00,,42,0,57,1046027,571046027,2,1,1,1,0,0,0,0,0,0,0,998,0,0,0,12,12,2,3,12,0,0,0,1,48,75180,6,1,0,0,3,0,999,999,0,0,0,1,0,8,2009,8,2009,0,0,0,0,0,2,6,45,1,1,8,2,0,0,1,68,1,1,1,88,0,0
48,482598,1,1,1,19,12,1,4,32,0,1,0,48,2,49,32,49032,6,1993,JT2AE09W2P00,J,T,2,A,E,0,9,W,2,P,0,0,0,P,TOYT,COX,SW,93,17,2392,,0,957,,G,,F,4,108,,,13R155,,,,,,0,0,000000000,00000000000,0,0,0,1,0,0,0,0,0,0,0,998,0,1,5,12,9,6,2,1,0,0,0,1,48,77554,6,1,0,0,3,0,999,999,0,1,0,1,0,7,2009,4,2010,0,0,0,0,0,1,4,55,1,1,8,1,0,0,1,13,1,1,4,1,1,0
48,482599,1,2,1,20,12,23,10,12,1,1,0,48,3,82,881,82881,66,2001,1FUYPSZB11LH,1,F,U,Y,P,S,Z,B,1,1,L,H,1,T,FRHT,COL,TR,1,17,,8,0,0,CON,D,,,6,774,,,,,00000,00,,64,1,57,2010525,572010525,3,6,3,1,0,0,0,0,0,0,0,998,0,0,0,6,6,2,3,12,0,0,0,1,96,0,9,9,99,9,9,9,999,999,99,99,99,99,99,99,9999,99,9999,0,0,0,0,0,3,2,60,1,2,8,1,0,0,1,53,1,1,1,25,0,0
48,482599,2,2,3,20,12,23,10,12,1,1,0,48,1,49,40,49040,4,2005,4T1BE32K0545,4,T,1,B,E,3,2,K,0,5,4,5,0,P,TOYT,XLL,4D,5,17,3108,,0,1071,,G,,F,4,144,,,15R205,,,,,,0,0,000000000,00000000000,0,0,0,1,0,0,0,0,0,0,0,998,0,0,0,12,12,4,3,12,0,0,0,1,48,76571,6,1,0,0,3,3,999,999,0,0,0,0,0,0,0,0,0,1,0,0,0,0,3,2,60,1,2,8,1,0,0,1,51,1,1,1,24,1,1
48,482600,1,2,2,20,12,15,28,12,6,1,0,48,1,85,881,85881,66,2004,1XKWDB9X64J0,1,X,K,W,D,B,9,X,6,4,J,0,1,T,KW,W90,TR,4,17,,8,2850,1600,CON,D,,,6,893,,,,,00000,00,,64,1,57,1970842,571970842,3,6,3,1,0,0,0,0,0,0,0,998,0,0,0,12,12,2,3,12,0,0,0,1,48,77434,6,1,6,0,3,0,999,999,1,0,0,0,0,2,2010,2,2010,0,0,0,0,0,1,2,70,1,1,8,1,20,3,1,66,6,1,2,88,0,0
48,482600,2,2,2,20,12,15,28,12,6,1,0,48,1,35,39,35039,4,2009,1N4AA51E99C8,1,N,4,A,A,5,1,E,9,9,C,8,0,P,NISS,MSV,4D,9,17,3556,,0,1093,,G,,F,6,214,,,18R245,,,,,,0,0,000000000,00000000000,0,0,0,1,0,0,0,0,0,0,0,998,0,0,0,9,9,6,2,12,0,0,0,1,48,77434,6,1,0,0,3,3,999,999,0,0,0,0,0,0,0,0,0,0,0,0,0,0,1,2,70,1,1,8,1,0,0,4,17,1,1,1,89,1,0
48,482601,1,2,1,22,6,6,17,11,0,1,0,48,1,14,17,14017,4,2003,1MEFM55S13G6,1,M,E,F,M,5,5,S,1,3,G,6,0,P,MERC,SLP,4D,3,17,3369,,0,1085,,G,,F,6,182,,,16R215,,,,,,0,0,000000000,00000000000,0,0,0,1,0,0,0,0,0,0,0,998,0,0,0,12,10,6,2,12,0,0,0,1,48,78643,6,1,0,0,3,0,999,999,0,0,0,0,0,0,0,0,0,0,83,28,0,0,1,2,70,1,1,8,2,0,0,1,87,7,1,1,13,1,0
48,482601,2,2,2,22,6,6,17,11,0,1,0,48,2,49,32,49032,4,2009,JTDBL40E0990,J,T,D,B,L,4,0,E,0,9,9,0,0,P,TOYT,CLB,4D,9,17,2723,,0,1024,,G,,F,4,110,,,15R195,,,,,,0,0,000000000,00000000000,0,0,0,1,0,0,0,0,0,0,0,998,0,0,0,12,12,4,3,12,0,0,0,1,48,78704,6,1,0,0,3,3,999,999,0,0,0,0,0,0,0,0,0,0,0,0,0,0,1,2,70,1,1,8,2,0,0,1,62,7,1,1,98,0,0
48,482603,1,2,1,21,12,7,53,12,6,1,0,48,1,18,20,18020,4,1995,2G4WB52L6S14,2,G,4,W,B,5,2,L,6,S,1,4,0,P,BUIC,RGC,4D,95,17,3335,,0,1075,,G,,F,6,231,,,15R205,,,,,,0,0,000000000,00000000000,0,0,0,1,0,0,0,0,0,0,0,998,0,0,0,1,1,4,3,12,0,0,0,1,48,75605,6,1,0,0,3,0,999,999,0,0,0,0,0,0,0,0,0,0,38,0,0,0,1,4,60,1,1,8,1,0,0,11,15,1,1,1,68,1,0
48,482603,2,2,1,21,12,7,53,12,6,1,0,48,1,7,482,7482,31,2011,3D73Y4CL1BG5,3,D,7,3,Y,4,C,L,1,B,G,5,0,T,DODG,350,CW,11,17,,3,1690,1490,RPC,D,,,6,408,,,,D,6948,07,K,44,0,0,000000000,00000000000,0,0,0,1,0,0,0,0,0,0,0,998,0,0,0,12,12,4,3,12,0,0,0,1,48,75670,6,1,6,0,3,0,999,999,0,0,0,0,0,0,0,0,0,0,0,0,0,0,1,4,60,1,1,8,1,0,0,1,62,1,1,1,69,0,0
48,482604,1,1,1,21,12,12,20,42,0,1,0,0,0,73,739,73739,90,2003,000000000000,0,0,0,0,0,0,0,0,0,0,0,0,0,,,,,,,,,,,,,,,,,,,,,,,,,0,0,000000000,00000000000,0,0,0,1,0,0,0,0,0,0,0,998,0,0,0,12,12,9,2,42,0,0,0,1,48,77016,6,1,6,0,1,0,999,999,0,0,0,0,0,0,0,0,0,1,0,0,0,0,1,2,35,1,1,8,1,0,0,1,13,1,1,4,1,1,0