STATE,ST_CASE,VEH_NO,VE_FORMS,NUMOCCS,DAY,MONTH,HOUR,MINUTE,HARM_EV,MAN_COLL,UNITTYPE,HIT_RUN,REG_STAT,OWNER,MAKE,MODEL,MAK_MOD,BODY_TYP,MOD_YEAR,VIN,VIN_1,VIN_2,VIN_3,VIN_4,VIN_5,VIN_6,VIN_7,VIN_8,VIN_9,VIN_10,VIN_11,VIN_12,TOW_VEH,VINTYPE,VINMAKE,VINA_MOD,VIN_BT,VINMODYR,VIN_LNGT,VIN_WGT,WGTCD_TR,WHLBS_LG,WHLBS_SH,SER_TR,FUELCODE,MCYCL_DS,CARBUR,CYLINDER,DISPLACE,MCYCL_CY,MCYCL_WT,TIRE_SZE,TON_RAT,TRK_WT,TRKWTVAR,VIN_REST,WHLDRWHL,J_KNIFE,MCARR_I1,MCARR_I2,MCARR_ID,GVWR,V_CONFIG,CARGO_BT,HAZ_INV,HAZ_PLAC,HAZ_ID,HAZ_CNO,HAZ_REL,BUS_USE,SPEC_USE,EMER_USE,TRAV_SP,UNDERIDE,ROLLOVER,ROLINLOC,IMPACT1,IMPACT2,DEFORMED,TOWED,M_HARM,VEH_SC1,VEH_SC2,FIRE_EXP,DR_PRES,L_STATE,DR_ZIP,L_STATUS,L_TYPE,CDL_STAT,L_ENDORS,L_COMPL,L_RESTRI,DR_HGT,DR_WGT,PREV_ACC,PREV_SUS,PREV_DWI,PREV_SPD,PREV_OTH,FIRST_MO,FIRST_YR,LAST_MO,LAST_YR,SPEEDREL,DR_SF1,DR_SF2,DR_SF3,DR_SF4,VTRAFWAY,VNUM_LAN,VSPD_LIM,VALIGN,VPROFILE,VPAVETYP,VSURCOND,VTRAFCON,VTCONT_F,P_CRASH1,P_CRASH2,P_CRASH3,PCRASH4,PCRASH5,ACC_TYPE,DEATHS,DR_DRINK
48,482605,1,2,1,22,12,23,0,12,6,1,0,48,1,22,22,22022,4,2007,1G2ZG58N8742,1,G,2,Z,G,5,8,N,8,7,4,2,0,P,PONT,6BS,4D,7,17,3305,,0,1123,,G,,F,6,214,,,17R225,,,,,,0,0,000000000,00000000000,0,0,0,1,0,0,0,0,0,0,0,998,0,0,0,12,12,4,3,12,0,0,0,1,48,77064,6,1,6,0,3,3,999,999,0,0,0,0,0,0,0,0,0,0,38,0,0,0,2,2,45,1,1,8,1,3,3,11,15,1,1,1,68,0,1
48,482605,2,2,1,22,12,23,0,12,6,1,0,48,2,18,2,18002,4,2001,1G4HP54K1141,1,G,4,H,P,5,4,K,1,1,4,1,0,P,BUIC,LCF,4D,1,17,3567,,0,1122,,G,,F,6,231,,,15R215,,,,,,0,0,000000000,00000000000,0,0,0,1,0,0,0,0,0,0,0,998,0,0,0,9,9,4,3,8,0,0,0,1,48,77338,1,1,0,0,2,0,999,999,0,0,0,0,0,0,0,0,0,0,0,0,0,0,2,2,45,1,1,8,1,3,3,1,62,7,1,1,69,0,0
48,482607,1,5,2,23,12,23,45,12,1,1,0,48,2,12,422,12422,15,1999,1FMRU1761XLB,1,F,M,R,U,1,7,6,1,X,L,B,0,P,FORD,EPT,UT,99,17,4808,,0,1191,,G,,F,8,281,,,16R255,,,,,,0,0,000000000,00000000000,0,0,0,1,0,0,0,0,0,0,0,998,0,0,0,6,6,2,8,12,0,0,0,1,48,78220,0,0,0,0,0,0,999,999,0,0,0,0,0,0,0,0,0,0,92,0,0,0,3,2,70,1,1,8,1,0,0,1,53,1,1,1,98,0,0
48,482607,2,5,5,23,12,23,45,12,1,1,0,48,1,35,47,35047,4,2003,1N4BL11D13C1,1,N,4,B,L,1,1,D,1,3,C,1,0,P,NISS,ABE,4D,3,17,3071,,0,1102,,G,,F,6,214,,,17R215,,,,,,0,0,000000000,00000000000,0,0,0,1,0,0,0,0,0,0,0,998,0,0,0,6,6,4,3,12,0,0,0,1,48,78244,6,1,0,0,3,3,999,999,0,0,0,0,0,0,0,0,0,0,0,0,0,0,3,2,70,1,1,8,1,0,0,1,53,1,1,1,98,0,0
48,482607,3,5,1,23,12,23,45,12,1,1,0,48,1,20,16,20016,4,1999,1G1JC5244X71,1,G,1,J,C,5,2,4,4,X,7,1,0,P,CHEV,CAV,4D,99,17,2676,,0,1041,,G,,F,4,133,,,14R195,,,,,,0,0,000000000,00000000000,0,0,0,1,0,0,0,0,0,0,0,998,0,0,0,6,6,4,3,12,0,0,0,1,48,78264,6,1,0,0,3,3,999,999,0,0,0,0,0,0,0,0,0,0,0,0,0,0,3,2,70,1,1,8,1,0,0,1,53,1,1,1,98,0,0
48,482607,4,5,1,23,12,23,45,12,1,1,0,35,9,37,32,37032,4,2005,1HGCM66565A0,1,H,G,C,M,6,6,5,6,5,A,0,0,P,HOND,UEX,4D,5,17,3384,,0,1079,,G,,F,6,183,,,16R205,,,,,,0,0,000000000,00000000000,0,0,0,1,0,0,0,0,0,0,0,998,0,0,0,6,6,6,2,2,0,0,1,1,99,99999,9,9,99,0,9,9,999,999,99,99,99,99,99,99,9999,99,9999,0,0,0,0,0,3,2,70,1,1,8,1,0,0,1,53,1,1,1,25,1,0
48,482607,5,5,1,23,12,23,45,12,1,1,0,93,3,7,880,7880,67,2007,3D7ML48C47G7,3,D,7,M,L,4,8,C,4,7,G,7,0,T,DODG,SQ3,CW,7,17,,3,0,1600,RPC,D,,,6,359,,,,D,6282,07,E,42,0,88,888888888,88888888888,2,1,97,1,0,0,0,0,0,0,0,998,0,0,0,12,12,4,3,12,0,0,1,1,48,78108,6,1,6,0,3,3,999,999,0,0,0,0,0,0,0,0,0,1,0,0,0,0,3,2,70,1,1,8,1,0,0,1,51,1,1,1,24,0,0
48,482608,1,1,2,24,12,2,33,30,0,1,0,48,9,12,3,12003,2,1993,1FACP42E1PF1,1,F,A,C,P,4,2,E,1,P,F,1,0,P,FORD,MCG,2H,93,17,3144,,0,1005,,G,,F,8,302,,,16R225,,,,,,0,0,000000000,00000000000,0,0,0,1,0,0,0,0,0,0,0,998,0,0,0,3,3,4,3,30,0,0,0,1,99,99999,9,9,99,0,9,9,999,999,99,99,99,99,99,99,9999,99,9999,1,0,0,0,0,4,2,45,1,3,8,1,0,0,1,12,1,1,4,6,1,1
48,482609,1,1,3,23,12,7,52,1,0,1,0,48,1,20,481,20481,31,2001,1GCEK19T21E1,1,G,C,E,K,1,9,T,2,1,E,1,0,T,CHEV,SK1,4C,1,17,,2,1575,1435,SIL,G,,,8,325,,,,B,4776,00,,44,0,0,000000000,00000000000,0,0,0,1,0,0,0,0,0,0,0,998,0,9,3,0,0,6,2,1,0,0,0,1,48,76111,6,1,0,0,3,0,999,999,0,0,0,0,0,0,0,0,0,0,80,0,0,0,2,2,75,1,1,8,1,0,0,1,1,99,9,4,7,1,0
48,482610,1,1,1,24,12,2,16,41,0,1,0,48,0,12,481,12481,31,1995,1FTDF15Y9SLB,1,F,T,D,F,1,5,Y,9,S,L,B,0,T,FORD,F15,PK,95,17,,1,1330,1170,COF,G,,,6,300,,,,B,00000,00,M,42,0,0,000000000,00000000000,0,0,0,1,0,0,0,0,0,0,0,998,0,1,5,99,12,6,2,1,0,0,0,1,48,79925,1,1,0,0,2,0,999,999,0,0,0,0,0,0,0,0,0,0,0,0,0,0,2,3,35,1,1,8,2,0,0,1,13,99,9,4,2,1,0
48,482611,1,2,2,24,12,6,34,12,6,1,0,48,2,37,32,37032,4,2001,1HGCG16541A0,1,H,G,C,G,1,6,5,4,1,A,0,0,P,HOND,UEX,4D,1,17,3329,,0,1069,,G,,F,6,183,,,15R205,,,,,,0,0,000000000,00000000000,0,0,0,1,0,0,0,0,0,0,0,998,0,0,0,12,12,4,3,8,0,0,0,1,48,75103,0,0,0,0,0,0,999,999,0,0,0,0,0,0,0,0,0,0,0,0,0,0,3,2,70,1,1,8,1,0,0,1,50,6,1,1,98,0,0
48,482611,2,2,0,24,12,6,34,12,6,1,0,92,6,12,401,12401,14,2003,1FMYU60E13UB,1,F,M,Y,U,6,0,E,1,3,U,B,0,P,FORD,EPR,UT,3,17,3828,,0,1018,,G,,F,6,245,,,16R235,,,,,,0,0,000000000,00000000000,0,0,0,1,0,0,0,0,0,0,0,0,0,0,0,4,4,2,3,8,0,0,0,0,0,99997,7,6,97,7,6,7,998,997,998,998,998,998,998,98,9998,98,9998,8,20,0,0,0,3,2,70,1,1,8,1,0,0,0,98,0,0,0,98,0,0
48,482612,1,1,2,24,12,23,34,42,0,1,0,48,2,52,37,52037,2,2005,4A3AC44G15E0,4,A,3,A,C,4,4,G,1,5,E,0,0,P,MITS,EGS,2H,5,17,2965,,0,1008,,G,,F,4,146,,,16R205,,,,,,0,0,000000000,00000000000,0,0,0,1,0,0,0,0,0,0,0,998,0,0,0,8,8,6,2,42,0,0,0,1,48,76384,6,1,0,0,3,0,999,999,0,0,0,0,0,0,0,0,0,1,0,0,0,0,1,2,30,1,1,2,1,0,0,1,8,99,3,4,2,1,1
48,482613,1,1,2,25,12,15,36,43,0,1,0,48,1,63,33,63033,4,2009,KNAFE2214955,K,N,A,F,E,2,2,1,4,9,5,5,0,P,KIA,SXC,4D,9,17,2701,,0,1028,,G,,F,4,122,,,15R195,,,,,,0,0,000000000,00000000000,0,0,0,1,0,0,0,0,0,0,0,998,0,0,0,12,12,6,2,43,0,0,0,1,48,76014,6,1,0,0,3,3,999,999,0,0,0,0,0,0,0,0,0,0,0,0,0,0,0,0,0,0,0,0,0,0,0,98,8,1,1,5,98,1,0
48,482614,1,1,1,26,12,12,42,42,0,1,0,48,2,35,47,35047,4,2009,1N4AL21E19N4,1,N,4,A,L,2,1,E,1,9,N,4,0,P,NISS,ATS,4D,9,17,3179,,0,1093,,G,,F,4,153,,,16R215,,,,,,0,0,000000000,00000000000,0,0,0,1,0,0,0,0,0,0,0,998,0,0,0,9,9,6,2,42,0,0,0,1,48,75964,6,1,0,0,3,3,999,999,0,0,0,2,3,12,2009,1,2010,1,24,0,0,0,2,2,70,1,1,8,1,0,0,1,6,99,3,4,2,1,0
48,482615,1,1,3,27,12,15,32,21,0,1,0,48,1,12,443,12443,20,2005,2FMZA57635BA,2,F,M,Z,A,5,7,6,3,5,B,A,0,P,FORD,FRE,SV,5,17,4275,,0,1208,,G,,F,6,238,,,16R235,,,,,,0,0,000000000,00000000000,0,0,0,1,0,0,0,0,0,0,0,998,0,1,5,12,12,6,2,21,0,0,0,1,48,78412,6,1,0,0,3,0,999,999,1,0,0,0,0,3,2010,3,2010,0,0,0,0,0,3,3,60,1,1,8,1,0,0,1,13,1,1,4,1,1,0
48,482616,1,1,1,28,12,1,7,52,0,1,0,48,2,37,31,37031,4,1996,1HGEJ6672TL0,1,H,G,E,J,6,6,7,2,T,L,0,0,P,HOND,UCL,4D,96,17,2426,,0,1032,,G,,F,4,097,,,14R185,,,,,,0,0,000000000,00000000000,0,0,0,1,0,0,0,0,0,0,0,998,0,0,0,12,12,6,2,52,0,0,0,1,48,76117,6,1,6,0,3,0,999,999,0,0,0,0,0,0,0,0,0,1,58,0,0,0,3,4,60,1,2,8,1,0,0,1,13,1,1,4,1,1,0
48,482617,1,2,2,28,12,21,10,12,6,1,0,48,0,6,43,6043,4,1999,3C3EL55HXXT6,3,C,3,E,L,5,5,H,X,X,T,6,0,P,CHRY,SJI,CV,99,17,3351,,0,1060,,G,,F,6,152,,,16R215,,,,,,0,0,000000000,00000000000,0,0,0,1,0,0,0,0,0,0,0,998,0,1,1,9,9,6,2,12,0,0,0,1,48,78043,0,0,0,0,0,0,999,999,0,0,0,0,0,0,0,0,0,1,0,0,0,0,1,4,45,1,2,8,1,0,0,1,13,6,3,6,64,1,0
48,482617,2,2,2,28,12,21,10,12,6,1,0,48,2,12,17,12017,4,1998,1FAFP52U4WA1,1,F,A,F,P,5,2,U,4,W,A,1,0,P,FORD,TLS,4D,98,17,3359,,0,1085,,G,,F,6,182,,,15R205,,,,,,0,0,000000000,00000000000,0,0,0,1,0,0,0,0,0,0,0,998,0,0,0,12,12,6,2,12,0,0,0,1,48,78046,0,0,0,0,0,0,999,999,0,0,0,0,0,0,0,0,0,0,92,0,0,0,1,4,45,1,2,8,1,0,0,1,62,1,1,1,65,0,0
48,482618,1,2,3,29,12,18,51,12,6,1,0,40,2,35,39,35039,4,1985,JN1HU11S3FT0,J,N,1,H,U,1,1,S,3,F,T,0,0,P,NISS,MAX,4D,85,17,2974,,0,1004,,G,,F,6,181,,,15R195,,,,,,0,0,000000000,00000000000,0,0,0,1,0,0,0,0,0,0,0,998,0,0,0,2,2,6,2,12,0,0,0,1,40,73433,6,1,0,0,3,3,69,175,0,0,0,0,1,11,2009,11,2009,0,38,39,0,0,2,3,45,1,1,8,1,3,3,11,15,1,1,1,68,1,0
48,482618,2,2,3,29,12,18,51,12,6,1,0,48,1,23,421,23421,15,2003,1GTHK23183F1,1,G,T,H,K,2,3,1,8,3,F,1,1,T,GMC,2KH,CW,3,17,,2,1670,1530,SIE,D,,,8,403,,,,C,5899,01,U,44,1,0,000000000,00000000000,0,0,0,1,0,0,0,0,0,0,0,998,0,0,0,12,12,4,3,12,0,0,0,1,48,75437,6,1,0,0,3,0,999,999,0,0,0,0,0,0,0,0,0,0,0,0,0,0,2,3,45,1,1,8,1,3,3,1,62,1,1,1,69,0,0
48,482619,1,1,4,29,12,11,21,1,0,1,0,8,2,20,443,20443,20,2005,1GNDV03E25D1,1,G,N,D,V,0,3,E,2,5,D,1,0,T,CHEV,VTR,ES,5,17,,1,0,1200,VTR,G,,,6,207,,,,,3838,00,,42,0,0,000000000,00000000000,0,0,0,1,0,0,0,0,0,0,0,998,0,2,1,0,0,6,2,1,0,0,0,1,35,87056,6,1,0,0,3,0,61,120,98,0,0,0,0,0,0,0,0,0,58,0,0,0,2,2,70,1,1,8,1,0,0,1,12,7,4,6,98,2,0
48,482620,1,1,3,30,12,18,7,8,0,1,0,48,1,14,6,14006,4,2000,2MEFM74W7YX6,2,M,E,F,M,7,4,W,7,Y,X,6,0,P,MERC,GMG,4D,0,17,3958,,0,1147,,G,,F,8,281,,,16R225,,,,,,0,0,000000000,00000000000,0,0,0,1,0,0,0,0,0,0,0,998,0,0,0,12,12,2,1,8,0,0,0,1,48,75670,6,1,0,0,3,3,999,999,0,8,0,1,0,8,2009,5,2011,0,0,0,0,0,1,4,55,1,1,8,1,0,0,15,80,1,1,1,13,0,0
48,482621,1,2,2,17,7,11,28,12,6,1,0,48,2,41,402,41402,14,2002,4F2YU09122KM,4,F,2,Y,U,0,9,1,2,2,K,M,0,P,MAZD,TRI,UT,2,17,3292,,0,1031,,G,,F,6,181,,,16R235,,,,,,0,0,000000000,00000000000,0,0,0,1,0,0,0,0,0,0,0,998,0,1,5,5,0,6,2,1,0,0,0,1,35,88008,6,1,0,0,3,0,64,152,98,0,0,0,0,0,0,0,0,0,27,26,0,0,3,3,60,1,1,8,1,0,0,15,11,1,1,2,46,2,0
48,482621,2,2,1,17,7,11,28,12,6,1,0,48,1,20,20,20020,4,1997,2G1WL52M0V92,2,G,1,W,L,5,2,M,0,V,9,2,0,P,CHEV,L/S,4D,97,17,3360,,0,1075,,G,,F,6,191,,,15R205,,,,,,0,0,000000000,00000000000,0,0,0,1,0,0,0,0,0,0,0,998,0,0,0,11,11,2,4,12,0,0,0,1,48,79938,6,1,6,0,3,0,999,999,1,0,0,1,0,10,2008,1,2010,0,0,0,0,0,3,3,60,1,1,8,1,0,0,1,60,1,1,1,45,0,0
48,482622,1,3,1,31,7,2,41,12,1,1,0,48,1,35,50,35050,4,2007,3N1BC13E27L3,3,N,1,B,C,1,3,E,2,7,L,3,0,P,NISS,VSL,4H,7,17,2649,,0,1024,,G,,F,4,110,,,15R185,,,,,,0,0,000000000,00000000000,0,0,0,1,0,0,0,0,0,0,0,998,0,0,0,6,6,6,2,12,0,0,0,1,48,79905,6,1,0,0,3,3,999,999,0,0,0,0,0,0,0,0,0,0,31,0,0,0,3,4,60,1,3,8,1,0,0,13,53,1,1,1,92,1,1
48,482622,2,3,3,31,7,2,41,12,1,1,0,48,1,30,47,30047,3,2006,3VWRW31C16M4,3,V,W,R,W,3,1,C,1,6,M,4,0,P,VOLK,BW1,2H,6,17,2842,,0,989,,G,,F,5,151,,,16R205,,,,,,0,0,000000000,00000000000,0,0,0,1,0,0,0,0,0,0,0,998,0,0,0,12,12,4,3,12,0,0,0,1,48,79924,6,1,0,0,3,0,999,999,1,0,0,0,0,8,2010,8,2010,0,0,0,0,0,3,4,60,1,3,8,1,0,0,1,56,1,1,1,93,0,0
48,482622,3,3,1,31,7,2,41,12,1,1,0,48,2,52,402,52402,14,2004,4A4MM31S24E0,4,A,4,M,M,3,1,S,2,4,E,0,0,P,MITS,END,UT,4,17,3902,,0,1083,,G,,F,6,231,,,17R235,,,,,,0,0,000000000,00000000000,0,0,0,1,0,0,0,0,0,0,0,998,0,0,0,2,2,4,3,12,0,0,0,1,48,79930,6,1,0,0,3,0,999,999,0,0,0,0,0,0,0,0,0,0,0,0,0,0,3,4,60,1,3,8,1,0,0,1,61,1,1,1,98,0,0
48,482623,1,1,1,25,9,17,15,32,0,1,0,48,1,12,473,12473,30,2002,1FMZU67E82UB,1,F,M,Z,U,6,7,E,8,2,U,B,0,P,FORD,EPR,UT,2,17,4120,,0,1259,,G,,F,6,245,,,16R235,,,,,,0,0,000000000,00000000000,0,0,0,1,0,0,0,0,0,0,0,998,0,1,5,14,0,6,2,1,0,0,0,1,48,78584,6,1,0,0,3,0,999,999,0,0,0,0,0,0,0,0,0,0,58,0,0,0,1,2,65,1,1,8,1,0,0,1,13,6,9,4,7,1,0
48,482624,1,1,1,11,10,20,12,8,0,1,1,48,2,12,481,12481,31,1986,1FTHX26L7GKA,1,F,T,H,X,2,6,L,7,G,K,A,0,T,FORD,F25,PC,86,17,,2,0,1550,COF,G,,,8,460,,,,C,00000,00,A,44,0,0,000000000,00000000000,0,0,0,1,0,0,0,0,0,0,0,998,0,0,0,12,12,9,3,8,0,0,0,1,48,78572,9,9,99,0,9,9,999,999,99,99,99,99,99,99,9999,99,9999,0,27,91,0,0,1,2,98,1,1,8,1,0,0,6,80,1,1,2,13,0,0
48,482625,1,2,1,26,10,7,0,12,6,1,0,93,3,84,881,84881,66,2002,2HSCEAMR32C0,2,H,S,C,E,A,M,R,3,2,C,0,1,T,INTL,92I,TR,2,17,,8,0,0,920,D,,,6,774,,,,,00000,00,,64,1,57,1187543,571187543,3,6,2,1,0,0,0,0,0,0,0,998,0,0,0,4,4,4,1,12,0,0,0,1,4,85240,6,1,6,1,3,0,71,180,0,0,0,0,0,0,0,0,0,0,48,0,0,0,1,2,70,1,1,8,1,0,0,12,10,1,1,4,98,0,0
48,482625,2,2,1,26,10,7,0,12,6,1,0,48,3,20,481,20481,31,2011,1GC2CXCGXBZ3,1,G,C,2,C,X,C,G,X,B,Z,3,0,T,CHEV,2C2,4C,11,17,,2,1582,1442,SIL,F,,,8,366,,,,C,5995,01,,42,0,0,000000000,00000000000,0,0,0,1,0,0,0,0,0,0,0,998,0,0,0,12,12,6,2,12,0,0,0,1,48,79762,6,1,0,0,3,0,999,999,0,0,0,1,0,7,2010,7,2010,0,0,0,0,0,1,2,70,1,1,8,1,0,0,1,62,9,2,4,98,1,0
48,482626,1,1,1,29,10,5,57,43,0,1,0,48,3,12,481,12481,31,2011,1FT7W2B63BEC,1,F,T,7,W,2,B,6,3,B,E,C,0,T,FORD,F2S,CW,11,17,,2,1724,1562,SRW,F,,,8,378,,,,C,6560,01,7,44,0,0,000000000,00000000000,0,0,0,1,0,0,0,0,0,0,0,998,0,0,0,12,12,6,2,10,0,0,0,1,48,79764,6,1,0,0,3,3,999,999,0,0,0,1,0,7,2010,7,2010,0,0,0,0,0,1,2,55,1,2,8,1,65,3,1,13,1,1,4,1,1,1
48,482627,1,1,1,10,11,18,5,1,0,1,0,48,3,35,472,35472,30,2004,1N6ED27T64C4,1,N,6,E,D,2,7,T,6,4,C,4,0,T,NISS,FCX,CW,4,17,,1,0,1161,FRT,G,,,6,201,,,,B,3699,00,E,42,0,0,000000000,00000000000,0,0,0,1,0,0,0,0,0,0,0,998,0,9,5,0,0,4,3,1,0,0,0,1,48,79360,6,1,0,0,3,3,999,999,0,0,0,0,0,0,0,0,0,0,58,84,0,0,2,2,70,1,1,8,1,0,0,17,52,9,9,4,2,1,0
48,482628,1,1,1,11,11,5,25,1,0,1,0,48,2,63,401,63401,14,2000,KNDJA6230Y56,K,N,D,J,A,6,2,3,0,Y,5,6,0,P,KIA,SPO,UT,0,17,3230,,0,929,,G,,F,4,122,,,15R205,,,,,,0,0,000000000,00000000000,0,0,0,1,0,0,0,0,0,0,0,998,0,9,1,0,0,6,2,1,0,0,0,1,48,79351,6,1,0,0,3,0,999,999,0,0,0,0,0,0,0,0,0,0,58,0,0,0,2,2,98,1,1,8,1,0,0,1,13,6,3,6,98,1,1
48,482629,1,1,1,10,11,20,50,8,0,1,0,48,3,58,37,58037,2,2005,JNKCV54E25M4,J,N,K,C,V,5,4,E,2,5,M,4,0,P,INFI,G35,CP,5,17,3360,,0,1122,,G,,F,6,214,,,17R225,,,,,,0,0,000000000,00000000000,0,0,0,1,0,0,0,0,0,0,0,998,0,0,0,14,14,0,1,8,0,0,0,1,28,77386,6,1,0,0,3,0,72,160,0,0,0,0,0,0,0,0,0,0,0,0,0,0,4,2,98,1,1,8,1,0,0,1,80,1,1,1,13,0,0
48,482630,1,1,1,15,11,6,55,1,0,1,0,6,1,49,401,49401,14,1993,JT3VN29V0P00,J,T,3,V,N,2,9,V,0,P,0,0,0,P,TOYT,RUN,UT,93,17,3740,,0,1033,,G,,F,6,180,,,000000,,,,,,0,0,000000000,00000000000,0,0,0,1,0,0,0,0,0,0,0,998,0,9,1,0,0,4,3,1,0,0,0,1,48,79701,0,0,0,0,0,0,999,999,0,0,0,0,0,0,0,0,0,1,0,0,0,0,1,2,40,1,1,8,1,0,0,1,13,6,9,6,98,1,0
48,482631,1,1,1,18,11,19,8,8,0,1,0,48,1,20,22,20022,4,2008,1G1AL58F8872,1,G,1,A,L,5,8,F,8,8,7,2,0,P,CHEV,BLT,4D,8,17,3216,,0,1033,,G,,F,4,134,,,15R195,,,,,,0,0,000000000,00000000000,0,0,0,1,0,0,0,0,0,0,0,998,0,0,0,12,12,2,3,8,0,0,0,1,48,78584,6,1,0,0,3,0,999,999,0,0,0,1,0,4,2009,4,2009,0,92,0,0,0,5,4,50,1,1,8,1,98,3,15,80,1,1,1,13,0,0
48,482632,1,1,1,19,11,20,50,34,0,1,0,48,1,76,706,76706,80,2004,JYAVP11E84A0,J,Y,A,V,P,1,1,E,8,4,A,0,0,M,YAMA,XVA,RS,4,17,,,,,,,1063,,2,,4,571,,,,,,,0,0,000000000,00000000000,0,0,0,1,0,0,0,0,0,0,0,998,0,0,0,5,5,6,2,34,0,0,0,1,48,77627,6,1,0,0,2,3,999,999,0,0,0,0,0,0,0,0,0,1,0,0,0,0,1,2,35,2,1,8,1,0,0,14,12,1,1,4,6,1,1
48,482633,1,3,2,20,11,7,13,12,6,1,0,48,2,20,36,20036,2,2001,2G1WW12E2192,2,G,1,W,W,1,2,E,2,1,9,2,0,P,CHEV,MLS,CP,1,17,3340,,0,1075,,G,,F,6,207,,,16R225,,,,,,0,0,000000000,00000000000,0,0,0,1,0,0,0,0,0,0,0,998,0,0,0,12,12,4,3,12,0,0,0,1,48,77498,0,0,0,0,0,0,999,999,0,16,0,0,3,12,2009,9,2011,1,39,91,0,0,2,3,50,1,1,2,2,3,3,1,17,1,1,1,88,1,1
48,482633,2,3,1,20,11,7,13,12,6,1,0,48,1,37,32,37032,4,2010,1HGCP3F84AA0,1,H,G,C,P,3,F,8,4,A,A,0,0,P,HOND,AXL,4D,10,17,3583,,0,1102,,G,,F,6,214,,,17R255,,,,,,0,0,000000000,00000000000,0,0,0,1,0,0,0,0,0,0,0,998,0,0,0,10,9,6,2,12,0,0,0,1,48,77433,6,1,0,0,3,3,999,999,0,0,0,0,0,0,0,0,0,0,0,0,0,0,1,2,99,1,1,2,2,3,3,1,66,1,1,1,89,1,0
48,482633,3,3,2,20,11,7,13,12,6,1,0,48,1,35,43,35043,4,2010,3N1AB6AP4AL7,3,N,1,A,B,6,A,P,4,A,L,7,0,P,NISS,SBL,4D,10,17,2862,,0,1057,,G,,F,4,122,,,15R205,,,,,,0,0,000000000,00000000000,0,0,0,1,0,0,0,0,0,0,0,998,0,0,0,12,12,4,3,12,0,0,0,1,48,77084,1,1,0,0,2,3,999,999,0,1,0,0,0,11,2011,11,2011,0,0,0,0,0,2,3,50,1,1,2,2,3,3,1,62,1,1,1,98,0,0
48,482634,1,3,1,26,11,15,20,12,8,1,0,48,2,7,442,7442,20,2003,2D4GP44L23R1,2,D,4,G,P,4,4,L,2,3,R,1,0,T,DODG,GSP,ES,3,17,,1,0,1193,CAR,G,,,6,230,,,,,3975,01,E,42,0,0,000000000,00000000000,0,0,0,1,0,0,0,0,0,0,0,998,0,0,0,10,12,4,3,12,0,0,0,1,48,75701,6,1,0,0,3,0,999,999,0,0,0,0,0,0,0,0,0,0,51,0,0,0,1,2,70,1,1,8,1,0,0,1,10,1,1,2,64,1,0
48,482634,2,3,2,26,11,15,20,12,8,1,0,48,2,35,50,35050,4,2007,3N1BC13E17L4,3,N,1,B,C,1,3,E,1,7,L,4,0,P,NISS,VSL,4H,7,17,2649,,0,1024,,G,,F,4,110,,,15R185,,,,,,0,0,000000000,00000000000,0,0,0,1,0,0,0,0,0,0,0,998,0,0,0,12,12,4,3,12,0,0,0,1,48,78752,6,1,0,0,3,0,999,999,0,0,0,1,0,3,2009,3,2009,0,0,0,0,0,1,2,70,1,1,8,1,0,0,1,62,1,1,1,98,0,0
48,482634,3,3,2,26,11,15,20,12,8,1,0,48,2,30,46,30046,4,2004,WVWMD63B94P1,W,V,W,M,D,6,3,B,9,4,P,1,0,P,VOLK,PGL,4D,4,17,3113,,0,1064,,G,,T,4,109,,,15R195,,,,,,0,0,000000000,00000000000,0,0,0,1,0,0,0,0,0,0,0,998,0,0,0,7,7,4,3,12,0,0,0,1,48,78748,6,1,0,0,3,0,999,999,1,0,0,0,0,2,2010,2,2010,0,0,0,0,0,1,2,70,1,1,8,1,0,0,1,62,1,1,1,65,0,0
48,482635,1,2,3,27,11,18,45,12,1,1,0,48,1,12,481,12481,31,2002,1FTRX17232NA,1,F,T,R,X,1,7,2,3,2,N,A,0,T,FORD,F15,4C,2,17,,2,1571,1385,COF,G,,,6,256,,,,B,4224,06,U,42,0,0,000000000,00000000000,0,0,0,1,0,0,0,0,0,0,0,998,0,0,0,12,12,6,2,12,0,0,0,1,48,75060,6,1,0,0,3,3,999,999,0,1,0,0,1,6,2011,6,2011,1,0,0,0,0,2,2,70,1,1,8,1,0,0,1,51,1,1,1,28,1,0
48,482635,2,2,1,27,11,18,45,12,1,1,0,93,3,82,881,82881,66,2009,1FUJGLCK69LA,1,F,U,J,G,L,C,K,6,9,L,A,1,T,FRHT,125,TR,9,17,,8,0,0,CSC,D,,,6,855,,,,,00000,00,,64,1,57,1841176,571841176,3,6,1,1,0,0,0,0,0,0,0,998,0,0,0,6,6,4,1,12,0,0,0,1,29,64050,6,1,6,0,3,3,72,215,0,0,0,0,1,8,2009,8,2009,0,0,0,0,0,2,2,70,1,1,8,1,0,0,2,53,1,1,1,29,0,0
48,482636,1,1,1,29,11,18,18,59,0,1,0,48,1,52,47,52047,6,2004,JA4LX41F34U0,J,A,4,L,X,4,1,F,3,4,U,0,0,P,MITS,OUT,UT,4,17,3240,,0,1033,,G,,F,4,146,,,16R225,,,,,,0,0,000000000,00000000000,0,0,0,1,0,0,0,0,0,0,0,998,0,0,0,12,12,4,3,42,0,0,0,1,48,75070,6,1,0,0,3,3,999,999,1,0,0,0,0,2,2009,2,2009,0,0,0,0,0,2,3,45,3,3,8,1,0,0,14,13,1,1,4,1,1,0