STATE,ST_CASE,VEH_NO,VE_FORMS,NUMOCCS,DAY,MONTH,HOUR,MINUTE,HARM_EV,MAN_COLL,UNITTYPE,HIT_RUN,REG_STAT,OWNER,MAKE,MODEL,MAK_MOD,BODY_TYP,MOD_YEAR,VIN,VIN_1,VIN_2,VIN_3,VIN_4,VIN_5,VIN_6,VIN_7,VIN_8,VIN_9,VIN_10,VIN_11,VIN_12,TOW_VEH,VINTYPE,VINMAKE,VINA_MOD,VIN_BT,VINMODYR,VIN_LNGT,VIN_WGT,WGTCD_TR,WHLBS_LG,WHLBS_SH,SER_TR,FUELCODE,MCYCL_DS,CARBUR,CYLINDER,DISPLACE,MCYCL_CY,MCYCL_WT,TIRE_SZE,TON_RAT,TRK_WT,TRKWTVAR,VIN_REST,WHLDRWHL,J_KNIFE,MCARR_I1,MCARR_I2,MCARR_ID,GVWR,V_CONFIG,CARGO_BT,HAZ_INV,HAZ_PLAC,HAZ_ID,HAZ_CNO,HAZ_REL,BUS_USE,SPEC_USE,EMER_USE,TRAV_SP,UNDERIDE,ROLLOVER,ROLINLOC,IMPACT1,IMPACT2,DEFORMED,TOWED,M_HARM,VEH_SC1,VEH_SC2,FIRE_EXP,DR_PRES,L_STATE,DR_ZIP,L_STATUS,L_TYPE,CDL_STAT,L_ENDORS,L_COMPL,L_RESTRI,DR_HGT,DR_WGT,PREV_ACC,PREV_SUS,PREV_DWI,PREV_SPD,PREV_OTH,FIRST_MO,FIRST_YR,LAST_MO,LAST_YR,SPEEDREL,DR_SF1,DR_SF2,DR_SF3,DR_SF4,VTRAFWAY,VNUM_LAN,VSPD_LIM,VALIGN,VPROFILE,VPAVETYP,VSURCOND,VTRAFCON,VTCONT_F,P_CRASH1,P_CRASH2,P_CRASH3,PCRASH4,PCRASH5,ACC_TYPE,DEATHS,DR_DRINK
48,482740,1,1,1,30,12,22,7,46,0,1,0,48,1,37,31,37031,3,2002,SHHEP335X2U3,S,H,H,E,P,3,3,5,X,2,U,3,0,P,HOND,CVS,2H,2,17,2744,,0,1012,,G,,F,4,122,,,15R195,,,,,,0,0,000000000,00000000000,0,0,0,1,0,0,0,0,0,0,0,998,0,0,0,12,12,4,3,46,0,0,0,1,48,79706,6,1,0,0,3,3,999,999,0,0,0,0,0,0,0,0,0,0,0,0,0,0,1,2,30,1,1,8,1,3,3,1,14,1,1,4,14,1,1
48,482741,1,2,4,30,12,11,20,12,2,1,0,48,2,6,51,6051,4,2006,2C3KA53G36H1,2,C,3,K,A,5,3,G,3,6,H,1,0,P,CHRY,3TR,4D,6,17,3651,,0,1200,,G,,F,6,214,,,17R215,,,,,,0,0,000000000,00000000000,0,0,0,1,0,0,0,0,0,0,0,998,0,0,0,12,12,6,2,12,0,0,1,1,48,75550,0,0,0,0,0,0,999,999,0,0,0,0,0,0,0,0,0,0,0,0,0,0,1,2,70,2,2,8,1,0,0,14,62,7,1,1,51,4,0
48,482741,2,2,4,30,12,11,20,12,2,1,0,6,4,20,37,20037,4,2012,1G1ZA5E08CF2,1,G,1,Z,A,5,E,0,8,C,F,2,0,P,CHEV,M/L,4D,12,17,3415,,0,1123,,G,,F,4,146,,,17R215,,,,,,0,0,000000000,00000000000,0,0,0,1,0,0,0,0,0,0,0,998,0,1,5,12,12,6,2,12,0,0,1,1,6,90221,6,1,0,0,3,0,70,165,0,0,0,0,2,11,2010,2,2011,1,28,0,0,0,1,2,70,3,2,8,1,0,0,14,10,1,1,2,50,4,0
48,482742,1,1,3,30,12,20,17,1,0,1,0,48,0,12,481,12481,31,2003,1FTNW20P83ED,1,F,T,N,W,2,0,P,8,3,E,D,0,T,FORD,F2S,CW,3,17,,2,1724,1562,SRW,D,,,8,366,,,,C,5870,00,E,42,0,0,000000000,00000000000,0,0,0,1,0,0,0,0,0,0,0,80,0,9,5,0,0,4,3,1,0,0,0,1,48,75645,6,1,0,0,3,0,999,999,1,0,0,0,0,4,2011,4,2011,1,33,58,8,0,1,2,55,1,3,8,1,0,0,6,8,6,2,4,7,1,0
48,482743,1,1,3,31,12,23,53,38,0,1,0,48,1,52,37,52037,2,2002,4A3AC34G22E0,4,A,3,A,C,3,4,G,2,2,E,0,0,P,MITS,ERS,2H,2,17,2855,,0,1008,,G,,F,4,143,,,15R195,,,,,,0,0,000000000,00000000000,0,0,0,1,0,0,0,0,0,0,0,998,0,1,6,12,0,6,2,1,0,0,0,1,48,78644,4,1,0,0,2,3,999,999,0,0,0,1,0,5,2011,5,2011,1,0,0,0,0,1,2,60,1,1,8,1,0,0,1,12,99,4,4,6,1,1
48,482744,1,1,2,31,12,14,30,1,0,1,0,48,1,20,441,20441,20,1990,1GBDM15Z0LB2,1,G,B,D,M,1,5,Z,0,L,B,2,0,T,CHEV,AST,CG,90,17,,1,0,1110,AST,G,,,6,262,,,,B,3307,03,,42,0,0,000000000,00000000000,0,0,0,1,0,0,0,0,0,0,0,998,0,1,5,0,0,4,3,1,0,0,0,1,48,76301,0,0,0,0,0,0,999,999,0,0,0,0,0,0,0,0,0,0,58,0,0,0,1,2,60,1,1,8,1,0,0,1,13,6,3,4,2,1,1
48,482745,1,2,1,31,12,14,50,12,1,1,0,48,2,72,706,72706,80,2006,1HD1BWB116Y0,1,H,D,1,B,W,B,1,1,6,Y,0,0,M,HD,FSI,RS,6,17,,,,,,,1450,,2,,4,719,,,,,,,0,0,000000000,00000000000,0,0,0,1,0,0,0,0,0,0,0,998,0,0,0,12,12,9,2,12,0,0,0,1,48,78133,6,1,0,0,3,3,999,999,0,1,0,0,0,4,2009,4,2009,1,0,0,0,0,1,2,45,1,1,8,1,0,0,1,50,1,1,1,20,1,0
48,482745,2,2,1,31,12,14,50,12,1,1,0,48,1,41,402,41402,14,2005,4F2CZ96195KM,4,F,2,C,Z,9,6,1,9,5,K,M,0,P,MAZD,TRI,UT,5,17,3482,,0,1031,,G,,F,6,181,,,16R235,,,,,,0,0,000000000,00000000000,0,0,0,1,0,0,0,0,0,0,0,0,0,0,0,6,6,2,3,12,0,0,0,1,48,78133,6,1,0,0,3,0,999,999,0,0,0,0,0,0,0,0,0,0,0,0,0,0,1,2,45,1,1,8,1,0,0,5,53,1,1,1,21,0,0
48,482746,1,2,1,31,12,13,10,12,1,1,0,48,2,18,7,18007,4,2001,2G4WS52J8112,2,G,4,W,S,5,2,J,8,1,1,2,0,P,BUIC,CCU,4D,1,17,3368,,0,1090,,G,,F,6,191,,,15R205,,,,,,0,0,000000000,00000000000,0,0,0,1,0,0,0,0,0,0,0,998,0,0,0,12,12,4,3,12,0,0,0,1,48,75115,6,1,0,0,3,0,999,999,0,0,0,0,0,0,0,0,0,0,28,0,0,0,2,2,50,1,1,8,1,0,0,1,10,1,1,2,20,0,0
48,482746,2,2,5,31,12,13,10,12,1,1,0,48,2,7,442,7442,20,1998,2B4GP4437WR6,2,B,4,G,P,4,4,3,7,W,R,6,0,T,DODG,GCS,ES,98,17,,1,0,1193,CAR,G,,,6,181,,,,,3675,00,E,42,0,0,000000000,00000000000,0,0,0,1,0,0,0,0,0,0,0,0,0,0,0,6,6,4,3,12,0,0,0,1,48,76011,0,0,0,0,0,0,999,999,0,2,0,0,0,3,2010,3,2011,0,0,0,0,0,2,2,50,1,1,8,1,20,3,5,61,1,1,1,21,1,0
48,482747,1,1,1,16,10,20,6,8,0,1,1,48,1,20,481,20481,31,1988,1GCDC14H7JZ3,1,G,C,D,C,1,4,H,7,J,Z,3,0,T,CHEV,GC1,PK,88,17,,1,1315,1175,GM4,G,,,8,305,,,,B,3655,01,,42,0,0,000000000,00000000000,0,0,0,1,0,0,0,0,0,0,0,998,0,0,0,12,12,2,1,8,0,0,0,1,48,76557,6,1,0,0,3,0,999,999,0,0,0,0,0,0,0,0,0,1,91,0,0,0,5,4,45,1,2,8,1,0,0,1,80,1,1,1,13,0,0
48,482748,1,2,3,2,12,9,6,12,6,1,0,48,1,7,442,7442,20,1999,2B4FP25B2XR2,2,B,4,F,P,2,5,B,2,X,R,2,0,P,DODG,CAR,SV,99,17,3415,,0,1133,,G,,F,4,148,,,14R205,,,,,,0,0,000000000,00000000000,0,0,0,1,0,0,0,0,0,0,0,998,0,0,0,9,9,2,3,12,0,0,0,1,48,78041,0,0,0,0,0,0,999,999,0,0,0,0,0,0,0,0,0,0,38,0,0,0,0,0,0,0,0,0,0,0,0,11,15,1,1,1,74,1,0
48,482748,2,2,1,2,12,9,6,12,6,1,0,48,2,7,482,7482,31,2008,1D7HA18K58J1,1,D,7,H,A,1,8,K,5,8,J,1,0,T,DODG,QS1,CW,8,17,,2,1605,1405,RPC,G,,,6,225,,,,B,4889,00,E,42,0,0,000000000,00000000000,0,0,0,1,0,0,0,0,0,0,0,998,0,0,0,12,12,4,3,12,0,0,0,1,48,78043,6,1,0,0,3,0,999,999,0,0,0,0,0,0,0,0,0,0,0,0,0,0,5,4,65,1,1,8,1,0,0,1,72,3,2,1,74,0,0
48,482749,1,3,1,5,12,7,10,12,6,1,0,48,0,37,32,37032,4,2000,1HGCG1655YA1,1,H,G,C,G,1,6,5,5,Y,A,1,0,P,HOND,UEX,4D,0,17,3285,,0,1069,,G,,F,6,183,,,15R205,,,,,,0,0,000000000,00000000000,0,0,0,1,0,0,0,0,0,0,0,998,0,0,0,11,7,6,2,12,0,0,0,1,48,78758,6,1,0,0,3,0,999,999,0,0,0,0,0,0,0,0,0,0,35,0,0,0,1,4,70,1,1,8,1,40,3,6,10,1,1,2,47,1,0
48,482749,2,3,3,5,12,7,10,12,6,1,0,48,3,23,481,23481,31,2011,1GTR2TE3XBZ3,1,G,T,R,2,T,E,3,X,B,Z,3,0,T,GMC,SK1,4C,11,17,,2,1575,1435,SIE,F,,,8,323,,,,B,5286,02,S,44,0,0,000000000,00000000000,0,0,0,1,0,0,0,0,0,0,0,998,0,0,0,12,11,4,3,12,0,0,0,1,5,72744,6,1,0,0,3,0,66,179,0,0,0,0,0,0,0,0,0,0,0,0,0,0,1,4,70,1,1,8,1,40,3,1,62,1,1,1,98,0,0
48,482749,3,3,1,5,12,7,10,12,6,1,0,48,3,84,981,84981,50,2002,1HVBRABN52A9,1,H,V,B,R,A,B,N,5,2,A,9,0,T,INTL,300,BU,2,17,,7,0,0,30S,D,,,8,444,,,,,00000,00,,42,0,88,888888888,88888888888,3,21,22,1,0,0,0,0,1,0,0,998,0,0,0,1,12,4,3,12,0,0,0,1,48,78026,6,1,6,1,3,0,999,999,0,0,0,0,0,0,0,0,0,0,0,0,0,0,1,4,70,1,1,8,1,40,3,1,61,1,1,1,45,0,0
48,482750,1,2,1,7,12,15,16,12,6,1,0,48,2,6,441,6441,20,2007,2A4GP44R27R1,2,A,4,G,P,4,4,R,2,7,R,1,0,T,CHRY,TLX,ES,7,17,,1,0,1193,TWC,G,,,6,201,,,,B,4163,00,,42,0,0,000000000,00000000000,0,0,0,1,0,0,0,0,0,0,0,998,0,0,0,9,9,6,2,12,0,0,0,1,48,76020,6,1,0,0,3,3,999,999,0,0,0,0,0,0,0,0,0,0,38,0,0,0,1,2,98,1,8,8,98,20,3,1,17,1,1,1,89,1,0
48,482750,2,2,1,7,12,15,16,12,6,1,0,48,0,7,880,7880,67,1998,1B7MC33D4WJ1,1,B,7,M,C,3,3,D,4,W,J,1,0,T,DODG,Q35,4C,98,17,,3,0,1547,RPC,D,,,6,359,,,,D,5708,00,U,42,0,88,888888888,88888888888,2,1,97,1,0,0,0,0,0,0,0,998,0,0,0,12,12,4,3,12,0,0,0,1,48,76023,6,1,0,0,3,0,999,999,1,0,0,0,0,7,2009,7,2009,0,0,0,0,0,1,2,60,1,2,8,1,0,0,1,66,1,1,1,88,0,0
48,482751,1,2,2,10,12,6,22,12,2,1,0,96,2,52,34,52034,4,2002,4A3AA46G22E1,4,A,3,A,A,4,6,G,2,2,E,1,0,P,MITS,UEL,4D,2,17,3075,,0,1037,,G,,F,4,143,,,15R195,,,,,,0,0,000000000,00000000000,0,0,0,1,0,0,0,0,0,0,0,998,0,0,0,12,12,4,3,12,0,0,0,1,48,78574,0,0,0,0,0,0,999,999,0,0,0,0,0,0,0,0,0,1,51,0,0,0,1,2,45,1,1,8,2,0,0,1,10,1,1,2,50,1,1
48,482751,2,2,1,10,12,6,22,12,2,1,0,48,1,12,401,12401,14,2002,1FMZU62E42ZA,1,F,M,Z,U,6,2,E,4,2,Z,A,0,P,FORD,EPR,UT,2,17,4094,,0,1137,,G,,F,6,245,,,16R235,,,,,,0,0,000000000,00000000000,0,0,0,1,0,0,0,0,0,0,0,998,0,0,0,12,12,4,3,12,0,0,0,1,48,78573,6,1,0,0,3,0,999,999,0,0,0,2,1,9,2009,8,2011,0,0,0,0,0,1,2,45,1,1,8,2,0,0,1,62,1,1,1,51,0,0
48,482752,1,2,2,10,12,8,4,12,6,1,0,48,1,7,24,7024,4,2007,2B3KA43R17H8,2,B,3,K,A,4,3,R,1,7,H,8,0,P,DODG,CTL,4D,7,17,3648,,0,1200,,G,,F,6,165,,,17R215,,,,,,0,0,000000000,00000000000,0,0,0,1,0,0,0,0,0,0,0,998,0,0,0,12,12,4,3,12,0,0,0,1,48,78570,6,1,0,0,3,0,999,999,0,0,0,0,0,0,0,0,0,1,0,0,0,0,1,2,55,1,1,8,6,0,0,1,6,6,2,4,64,0,0
48,482752,2,2,1,10,12,8,4,12,6,1,0,48,1,7,472,7472,30,1992,1B7FL26G4NS5,1,B,7,F,L,2,6,G,4,N,S,5,0,T,DODG,DAK,PK,92,17,,1,1239,1119,DAK,G,,,4,153,,,,B,2890,01,A,42,0,0,000000000,00000000000,0,0,0,1,0,0,0,0,0,0,0,998,0,0,0,9,9,4,3,12,0,0,0,1,48,78552,6,1,0,0,3,0,999,999,0,0,0,0,0,0,0,0,0,0,0,0,0,0,1,2,55,1,1,8,6,0,0,1,62,7,1,4,65,1,0
48,482753,1,2,2,14,12,20,34,24,0,1,0,48,1,12,401,12401,14,1998,1FMZU34EXWUA,1,F,M,Z,U,3,4,E,X,W,U,A,0,P,FORD,EPR,UT,98,17,4146,,0,1115,,G,,F,6,245,,,15R225,,,,,,0,0,000000000,00000000000,0,0,0,1,0,0,0,0,0,0,0,998,0,1,1,6,9,6,2,1,0,0,0,1,48,76116,0,0,0,0,0,0,999,999,0,0,0,0,0,0,0,0,0,0,58,0,0,0,3,2,65,1,1,8,2,0,0,1,1,6,4,4,7,1,0
48,482753,2,2,1,14,12,20,34,24,0,1,0,28,3,87,881,87881,66,2007,1NP5DB9X77D7,1,N,P,5,D,B,9,X,7,7,D,7,1,T,PTRB,379,TR,7,17,,8,0,0,CON,D,,,6,893,,,,,00000,00,,64,1,57,757025,57757025,3,6,6,1,0,0,0,0,0,0,0,998,0,0,0,12,12,4,3,12,0,0,0,1,28,39059,6,1,6,0,3,0,70,250,0,0,0,0,0,0,0,0,0,0,0,0,0,0,3,2,65,1,1,8,2,0,0,1,51,1,1,1,98,0,0
48,482754,1,2,1,15,12,18,56,12,9,1,0,19,3,85,881,85881,66,2003,1XKWD69X13R3,1,X,K,W,D,6,9,X,1,3,R,3,1,T,KW,W90,TR,3,17,,8,2850,1600,CON,D,,,6,855,,,,,00000,00,,64,1,57,20180,5720180,3,6,8,1,0,0,0,0,0,0,0,998,0,0,0,11,11,6,2,12,0,0,0,1,29,64671,6,1,6,0,3,0,68,200,0,0,0,0,0,0,0,0,0,0,0,0,0,0,2,4,70,2,2,8,2,0,0,14,64,1,4,7,65,0,0
48,482754,2,2,3,15,12,18,56,12,9,1,0,48,2,37,31,37031,2,2005,1HGEM22935L0,1,H,G,E,M,2,2,9,3,5,L,0,0,P,HOND,UAX,CP,5,17,2657,,0,1031,,G,,F,4,102,,,15R195,,,,,,0,0,000000000,00000000000,0,0,0,1,0,0,0,0,0,0,0,998,0,0,0,6,6,6,2,12,0,0,0,1,48,75551,6,1,0,0,3,3,999,999,1,0,0,2,0,1,2010,12,2011,1,51,0,0,0,2,4,70,3,2,8,2,0,0,14,6,1,4,7,64,1,0
48,482755,1,1,1,16,12,1,55,9,0,1,1,99,9,99,999,99999,99,9999,999999999999,9,9,9,9,9,9,9,9,9,9,9,9,0,,,,,,,,,,,,,,,,,,,,,,,,,0,0,000000000,00000000000,0,0,0,1,0,0,0,0,0,0,0,998,0,0,0,12,99,9,1,9,0,0,0,1,99,99999,9,9,99,9,9,9,999,999,99,99,99,99,99,99,9999,99,9999,1,0,0,0,0,4,3,45,1,1,8,2,0,0,1,83,1,1,1,13,0,0
48,482756,1,1,1,17,12,1,55,1,0,1,0,48,1,7,482,7482,31,2006,1D7HA18N86J1,1,D,7,H,A,1,8,N,8,6,J,1,0,T,DODG,SQ1,CW,6,17,,2,1405,1205,RPC,G,,,8,287,,,,B,4833,02,E,42,0,0,000000000,00000000000,0,0,0,1,0,0,0,0,0,0,0,998,0,2,1,0,3,4,3,1,0,0,0,1,48,77365,6,1,0,0,3,0,999,999,0,0,0,0,1,1,2009,1,2009,0,0,0,0,0,1,2,55,1,1,8,1,0,0,1,13,6,4,6,98,1,0
48,482758,1,1,3,19,12,21,10,8,0,1,0,48,1,20,22,20022,4,2006,1G1AK55F0676,1,G,1,A,K,5,5,F,0,6,7,6,0,P,CHEV,BLS,4D,6,17,3216,,0,1033,,G,,F,4,134,,,15R195,,,,,,0,0,000000000,00000000000,0,0,0,1,0,0,0,0,0,0,0,998,0,0,0,12,12,2,3,8,0,0,0,1,48,77373,6,1,0,0,3,0,999,999,0,3,0,1,0,3,2009,8,2011,0,0,0,0,0,5,4,45,1,1,8,2,3,3,1,17,1,1,1,13,0,0
48,482759,1,2,4,22,12,17,40,12,6,1,0,48,2,52,37,52037,2,2000,4A3AC44G5YE1,4,A,3,A,C,4,4,G,5,Y,E,1,0,P,MITS,EGS,2H,0,17,2985,,0,1008,,G,,F,4,143,,,16R205,,,,,,0,0,000000000,00000000000,0,0,0,1,0,0,0,0,0,0,0,998,0,0,0,2,2,6,2,12,0,0,0,1,48,78753,0,0,0,0,0,0,999,999,0,0,0,0,0,0,0,0,0,0,38,0,0,0,1,2,55,1,1,8,1,0,0,11,15,1,1,1,68,1,0
48,482759,2,2,1,22,12,17,40,12,6,1,0,48,1,7,482,7482,31,2004,3D7KU28C84G1,3,D,7,K,U,2,8,C,8,4,G,1,0,T,DODG,SQ2,CW,4,17,,2,1605,1405,RPC,D,,,6,359,,,,C,5438,13,E,44,0,0,000000000,00000000000,0,0,0,1,0,0,0,0,0,0,0,998,0,0,0,12,12,2,3,12,0,0,0,1,48,78748,6,1,0,0,3,0,999,999,0,0,0,0,1,8,2011,8,2011,0,0,0,0,0,1,2,55,1,1,8,1,0,0,1,62,1,1,1,69,0,0
48,482760,1,1,2,24,12,18,2,38,0,1,0,48,1,23,481,23481,31,1997,2GTEK19R5V15,2,G,T,E,K,1,9,R,5,V,1,5,0,T,GMC,SK1,PC,97,17,,2,1555,1415,SIE,G,,,8,350,,,,B,00000,00,E,44,0,0,000000000,00000000000,0,0,0,1,0,0,0,0,0,0,0,998,0,1,5,12,1,6,2,8,0,0,0,1,48,77039,6,1,0,0,3,3,999,999,0,0,0,0,0,0,0,0,0,0,0,0,0,0,1,2,30,1,1,8,2,0,0,1,10,7,2,4,2,0,1
48,482761,1,2,1,27,12,14,12,12,6,1,0,48,2,20,481,20481,31,1990,1GCDC14KXLE1,1,G,C,D,C,1,4,K,X,L,E,1,1,T,CHEV,GC1,PK,90,17,,1,1415,1175,GM4,G,,,8,350,,,,B,3717,07,,42,1,0,000000000,00000000000,0,0,0,1,0,0,0,0,0,0,0,998,0,0,0,3,3,2,1,12,0,0,0,1,48,75501,6,1,0,0,3,3,999,999,0,0,0,0,0,0,0,0,0,0,38,0,0,0,1,4,55,1,1,8,1,0,0,11,10,1,1,1,68,0,0
48,482761,2,2,1,27,12,14,12,12,6,1,0,48,1,72,706,72706,80,1982,1HD1EAK19CY1,1,H,D,1,E,A,K,1,9,C,Y,1,0,M,HD,FXR,RS,82,17,,,,,,,1340,,2,,4,581,,,,,,,0,0,000000000,00000000000,0,0,0,1,0,0,0,0,0,0,0,998,0,0,0,12,12,9,2,12,0,0,0,1,48,75501,6,1,0,0,2,0,999,999,0,0,0,0,0,0,0,0,0,0,0,0,0,0,1,4,55,1,1,8,1,0,0,1,62,1,1,1,69,1,0
48,482762,1,2,1,28,12,9,20,12,2,1,0,5,3,86,881,86881,66,2001,1M2AA18Y81W1,1,M,2,A,A,1,8,Y,8,1,W,1,1,T,MACK,CH6,TR,1,17,,8,0,0,600,D,,,6,728,,,,,00000,00,,64,1,57,399214,57399214,3,6,10,1,0,0,0,0,0,0,0,998,0,0,0,12,12,4,3,12,0,0,0,1,5,71846,6,1,6,0,3,0,68,211,0,0,0,0,0,0,0,0,0,0,0,0,0,0,1,2,70,2,1,8,1,0,0,14,62,7,1,4,51,0,0
48,482762,2,2,1,28,12,9,20,12,2,1,0,5,1,49,32,49032,4,2007,JTDBR32E6701,J,T,D,B,R,3,2,E,6,7,0,1,0,P,TOYT,UCS,4D,7,17,2530,,0,1024,,G,,F,4,109,,,15R185,,,,,,0,0,000000000,00000000000,0,0,0,1,0,0,0,0,0,0,0,998,0,0,0,12,12,6,2,12,0,0,0,1,5,71836,6,1,0,0,3,0,69,290,0,0,0,0,0,0,0,0,0,0,51,0,0,0,1,2,70,3,1,8,1,0,0,14,10,1,1,4,50,1,0
48,482763,1,2,2,29,12,7,40,12,8,1,0,48,3,20,481,20481,31,2005,1GCHC24U45E3,1,G,C,H,C,2,4,U,4,5,E,3,0,T,CHEV,2CH,PK,5,17,,2,0,1330,SIL,G,,,8,366,,,,C,5153,00,,42,0,0,000000000,00000000000,0,0,0,1,0,0,0,0,0,0,0,998,0,0,0,11,11,6,2,12,0,0,0,1,48,78852,6,1,6,0,3,0,999,999,1,3,0,2,0,7,2009,11,2011,0,51,0,0,0,1,2,70,1,1,8,1,0,0,1,10,1,1,2,64,1,0
48,482763,2,2,1,29,12,7,40,12,8,1,0,48,3,82,881,82881,66,2007,1FUJA6DE77LY,1,F,U,J,A,6,D,E,7,7,L,Y,1,T,FRHT,COL,TR,7,17,,8,0,0,CON,D,,,6,763,,,,,00000,00,,64,1,57,2210169,572210169,3,6,8,1,0,0,0,0,0,0,0,998,0,0,0,11,11,4,3,12,0,0,0,1,48,78220,6,1,6,0,3,0,999,999,0,0,0,0,0,0,0,0,0,0,0,0,0,0,1,2,70,1,1,8,1,0,0,1,62,7,1,1,65,0,0
48,482764,1,2,1,29,12,21,57,12,6,1,0,48,2,7,482,7482,31,1997,3B7KC23DXVG7,3,B,7,K,C,2,3,D,X,V,G,7,0,T,DODG,250,PC,97,17,,2,1547,1387,RPC,D,,,6,359,,,,C,4787,01,M,42,0,0,000000000,00000000000,0,0,0,1,0,0,0,0,0,0,0,998,0,0,0,12,12,6,2,12,0,0,0,1,48,78155,1,1,0,0,2,0,999,999,0,12,1,1,0,4,2009,6,2011,0,39,0,0,0,1,4,45,1,1,8,1,3,3,1,17,1,1,1,88,0,1
48,482764,2,2,1,29,12,21,57,12,6,1,0,48,2,20,403,20403,14,2003,1GNDT13S8322,1,G,N,D,T,1,3,S,8,3,2,2,0,P,CHEV,TRL,UT,3,17,4600,,0,1130,,G,,F,6,256,,,16R245,,,,,,0,0,000000000,00000000000,0,0,0,1,0,0,0,0,0,0,0,998,0,1,1,8,8,6,2,12,0,0,0,1,48,78644,6,1,0,0,3,3,999,999,0,0,0,0,0,0,0,0,0,0,0,0,0,0,2,2,99,1,1,8,1,3,3,1,17,1,1,1,89,1,0
48,482765,1,1,1,29,12,22,19,8,0,1,0,48,1,20,481,20481,31,2010,1GCPCSE06AZ2,1,G,C,P,C,S,E,0,6,A,Z,2,0,T,CHEV,2SC,PK,10,17,,2,1330,1190,SIL,F,,,8,323,,,,B,4443,01,,42,0,0,000000000,00000000000,0,0,0,1,0,0,0,0,0,0,0,998,0,0,0,12,12,2,1,8,0,0,0,1,48,78504,6,1,0,0,3,0,999,999,0,0,0,0,0,0,0,0,0,0,0,0,0,0,1,4,30,1,1,8,1,0,0,1,80,1,1,1,13,0,0
48,482766,1,1,1,30,12,23,0,35,0,1,0,48,1,19,3,19003,4,1991,1G6CD53B5M42,1,G,6,C,D,5,3,B,5,M,4,2,0,P,CADI,DFW,4D,91,17,3382,,0,1138,,G,,F,8,300,,,15R205,,,,,,0,0,000000000,00000000000,0,0,0,1,0,0,0,0,0,0,0,998,0,0,0,12,12,6,2,35,0,0,0,1,48,79423,6,1,0,0,3,3,999,999,0,0,0,0,0,0,0,0,0,0,0,0,0,0,2,2,70,1,3,8,1,0,0,1,13,1,1,4,1,1,0
48,482767,1,1,1,15,12,4,30,42,0,1,0,48,2,55,399,55399,4,2000,KMHWF35V8YA2,K,M,H,W,F,3,5,V,8,Y,A,2,0,P,HYUN,SGL,4D,0,17,3069,,0,1063,,G,,F,6,152,,,15R205,,,,,,0,0,000000000,00000000000,0,0,0,1,0,0,0,0,0,0,0,998,0,0,0,2,2,4,3,42,0,0,0,1,48,77340,6,1,0,0,3,3,999,999,0,0,0,0,0,0,0,0,0,1,58,0,0,0,1,2,70,3,1,8,2,0,0,14,13,6,4,4,7,1,0
48,482768,1,1,1,20,12,19,9,8,0,1,0,48,1,41,398,41398,9,2006,JM1GG12L9611,J,M,1,G,G,1,2,L,9,6,1,1,0,P,MAZD,MZA,4D,6,17,3589,,0,1053,,G,,T,4,140,,,18R215,,,,,,0,0,000000000,00000000000,0,0,0,1,0,0,0,0,0,0,0,998,0,0,0,1,1,2,3,8,0,0,0,1,48,76148,6,1,0,0,3,0,999,999,0,0,0,0,0,0,0,0,0,0,0,0,0,0,2,2,40,1,1,8,1,0,0,1,80,4,1,1,13,0,0
48,482769,1,1,2,29,12,15,20,1,0,1,0,48,1,23,401,23401,14,2002,1GKDT13S2223,1,G,K,D,T,1,3,S,2,2,2,3,0,T,GMC,ENV,4W,2,17,,1,0,1130,ENV,G,,,6,256,,,,B,4628,00,K,44,0,0,000000000,00000000000,0,0,0,1,0,0,0,0,0,0,0,998,0,2,3,0,0,6,2,1,0,0,0,1,48,79936,6,1,0,0,3,3,999,999,0,0,0,0,0,0,0,0,0,0,0,0,0,0,2,2,80,1,1,8,1,0,0,1,1,4,4,4,7,1,0
48,482770,1,1,4,31,12,2,20,1,0,1,0,48,2,14,401,14401,14,1999,4M2ZU52E0XUJ,4,M,2,Z,U,5,2,E,0,X,U,J,0,P,MERC,MOU,UT,99,17,3876,,0,1120,,G,,F,6,245,,,15R225,,,,,,0,0,000000000,00000000000,0,0,0,1,0,0,0,0,0,0,0,998,0,2,5,0,0,6,2,1,0,0,0,1,48,75217,1,1,1,0,2,0,64,190,0,11,0,1,0,12,2009,7,2011,0,58,0,0,0,1,2,99,1,1,8,1,98,3,1,12,7,4,4,2,1,1
48,482771,1,1,1,28,1,18,58,8,0,1,0,48,1,52,46,52046,4,2003,JA3AJ26E43U1,J,A,3,A,J,2,6,E,4,3,U,1,0,P,MITS,LES,4D,3,17,2646,,0,1024,,G,,F,4,122,,,14R185,,,,,,0,0,000000000,00000000000,0,0,0,1,0,0,0,0,0,0,0,998,0,0,0,12,12,2,8,8,0,0,0,1,48,78201,6,1,0,0,3,3,999,999,5,0,0,0,0,10,2008,1,2011,0,0,0,0,0,4,3,35,1,1,8,1,3,3,1,80,1,1,1,13,0,0