STATE,ST_CASE,VEH_NO,VE_FORMS,NUMOCCS,DAY,MONTH,HOUR,MINUTE,HARM_EV,MAN_COLL,UNITTYPE,HIT_RUN,REG_STAT,OWNER,MAKE,MODEL,MAK_MOD,BODY_TYP,MOD_YEAR,VIN,VIN_1,VIN_2,VIN_3,VIN_4,VIN_5,VIN_6,VIN_7,VIN_8,VIN_9,VIN_10,VIN_11,VIN_12,TOW_VEH,VINTYPE,VINMAKE,VINA_MOD,VIN_BT,VINMODYR,VIN_LNGT,VIN_WGT,WGTCD_TR,WHLBS_LG,WHLBS_SH,SER_TR,FUELCODE,MCYCL_DS,CARBUR,CYLINDER,DISPLACE,MCYCL_CY,MCYCL_WT,TIRE_SZE,TON_RAT,TRK_WT,TRKWTVAR,VIN_REST,WHLDRWHL,J_KNIFE,MCARR_I1,MCARR_I2,MCARR_ID,GVWR,V_CONFIG,CARGO_BT,HAZ_INV,HAZ_PLAC,HAZ_ID,HAZ_CNO,HAZ_REL,BUS_USE,SPEC_USE,EMER_USE,TRAV_SP,UNDERIDE,ROLLOVER,ROLINLOC,IMPACT1,IMPACT2,DEFORMED,TOWED,M_HARM,VEH_SC1,VEH_SC2,FIRE_EXP,DR_PRES,L_STATE,DR_ZIP,L_STATUS,L_TYPE,CDL_STAT,L_ENDORS,L_COMPL,L_RESTRI,DR_HGT,DR_WGT,PREV_ACC,PREV_SUS,PREV_DWI,PREV_SPD,PREV_OTH,FIRST_MO,FIRST_YR,LAST_MO,LAST_YR,SPEEDREL,DR_SF1,DR_SF2,DR_SF3,DR_SF4,VTRAFWAY,VNUM_LAN,VSPD_LIM,VALIGN,VPROFILE,VPAVETYP,VSURCOND,VTRAFCON,VTCONT_F,P_CRASH1,P_CRASH2,P_CRASH3,PCRASH4,PCRASH5,ACC_TYPE,DEATHS,DR_DRINK
48,482868,3,3,1,22,12,9,27,12,7,1,0,48,3,20,481,20481,31,2006,1GCHC24U76E1,1,G,C,H,C,2,4,U,7,6,E,1,0,T,CHEV,2CH,PK,6,17,,2,0,1330,SIL,G,,,8,366,,,,C,5142,00,,42,0,0,000000000,00000000000,0,0,0,1,0,0,0,0,0,0,0,998,0,0,0,12,12,4,3,12,0,0,0,1,48,77656,9,9,99,9,9,9,999,999,99,99,99,99,99,99,9999,99,9999,0,0,0,0,0,2,5,65,2,2,8,2,0,0,14,64,1,1,1,98,0,0
48,482869,1,1,2,29,10,18,37,1,0,1,0,48,2,12,401,12401,14,1999,JFMYU22E4XUA,J,F,M,Y,U,2,2,E,4,X,U,A,0,T,FORD,,2W,99,17,,1,,,,G,,,6,245,,,,B,,,E,42,0,0,000000000,00000000000,0,0,0,1,0,0,0,0,0,0,0,998,0,1,5,0,3,4,3,1,0,0,0,1,48,77012,9,9,99,9,9,9,999,999,99,99,99,99,99,99,9999,99,9999,0,0,0,0,0,2,4,65,1,1,8,1,0,0,1,9,1,3,4,2,1,0
48,482870,1,1,1,12,12,4,25,21,0,1,0,48,1,13,421,13421,15,1998,5LMRU27L8WLJ,5,L,M,R,U,2,7,L,8,W,L,J,0,P,LINC,NAV,UT,98,17,5150,,0,1190,,G,,F,8,330,,,16R245,,,,,,0,0,000000000,00000000000,0,0,0,1,0,0,0,0,0,0,0,998,0,1,1,12,12,4,3,1,0,0,0,1,48,75208,9,9,99,9,9,9,61,140,99,99,99,99,99,99,9999,99,9999,1,0,0,0,0,3,3,35,3,1,8,1,0,0,14,6,6,3,4,2,1,1
48,482871,1,1,2,26,12,23,24,26,0,1,0,48,2,20,421,20421,15,2003,1GNEC13Z33R2,1,G,N,E,C,1,3,Z,3,3,R,2,0,P,CHEV,CTA,UT,3,17,4828,,0,1160,,F,,F,8,325,,,16R265,,,,,,0,0,000000000,00000000000,0,0,0,1,0,0,0,0,0,0,0,998,0,1,1,12,9,6,2,1,0,0,0,1,48,75243,9,9,99,9,9,9,62,209,99,99,99,99,99,99,9999,99,9999,0,0,0,0,0,3,3,60,1,1,8,1,0,0,1,13,1,1,4,1,1,1
49,490001,1,2,1,1,1,11,30,12,2,1,0,49,2,35,43,35043,4,1998,1N4AB41D2WC7,1,N,4,A,B,4,1,D,2,W,C,7,0,P,NISS,EXE,4D,98,17,2353,,0,998,,G,,F,4,097,,,13R155,,,,,,0,0,000000000,00000000000,0,0,0,1,0,0,0,0,0,0,0,50,0,0,0,12,12,6,2,12,0,0,0,1,49,84401,6,1,0,0,3,0,62,210,98,0,0,0,0,0,0,0,0,0,51,0,0,0,2,2,50,1,1,2,1,0,0,1,10,1,1,2,50,1,0
49,490001,2,2,2,1,1,11,30,12,2,1,0,49,1,2,404,2404,14,2007,1J8GR48K57C5,1,J,8,G,R,4,8,K,5,7,C,5,0,T,JEEP,LCF,4W,7,17,,1,0,1095,GCK,G,,,6,226,,,,,4376,00,7,44,0,0,000000000,00000000000,0,0,0,1,0,0,0,0,0,0,0,50,0,0,0,12,12,6,2,12,0,0,0,1,12,84015,6,1,0,0,3,0,66,999,0,0,0,1,0,4,2010,4,2010,0,0,0,0,0,2,2,50,1,1,2,1,0,0,1,62,1,1,1,51,0,0
49,490002,1,1,1,8,1,14,9,35,0,1,0,49,1,41,402,41402,14,2001,4F2YU06191KM,4,F,2,Y,U,0,6,1,9,1,K,M,0,P,MAZD,TRI,UT,1,17,3245,,0,1031,,G,,F,6,181,,,16R215,,,,,,0,0,000000000,00000000000,0,0,0,1,0,0,0,0,0,0,0,65,0,1,6,12,12,6,2,1,0,0,0,1,49,84102,6,1,0,0,3,3,65,242,98,0,0,0,0,0,0,0,0,0,28,0,0,0,3,4,65,1,1,2,1,0,0,1,13,1,1,4,1,1,0
49,490003,1,2,1,1,1,10,29,12,2,1,0,49,1,20,421,20421,15,2004,1GNFK16Z84J1,1,G,N,F,K,1,6,Z,8,4,J,1,0,P,CHEV,K15,UT,4,17,5219,,0,1300,,F,,F,8,325,,,16R265,,,,,,0,0,000000000,00000000000,0,0,0,1,0,0,0,0,0,0,0,55,0,0,0,12,12,6,2,12,0,0,0,1,49,84770,6,1,0,0,3,0,66,170,98,0,0,0,0,0,0,0,0,0,51,0,0,0,1,2,50,2,2,2,1,0,0,14,10,6,1,2,50,1,0
49,490003,2,2,1,1,1,10,29,12,2,1,0,49,1,12,481,12481,31,2006,1FTSW21P26EB,1,F,T,S,W,2,1,P,2,6,E,B,0,T,FORD,F2S,CW,6,17,,2,1720,1560,SRW,D,,,8,366,,,,C,6395,01,E,44,0,0,000000000,00000000000,0,0,0,1,0,0,0,0,0,0,0,55,0,0,0,12,12,6,2,12,0,0,0,1,49,84770,6,1,0,0,3,0,73,200,98,0,0,0,0,0,0,0,0,0,0,0,0,0,1,2,50,3,2,2,1,0,0,14,62,1,1,1,51,0,0
49,490004,1,2,1,22,1,4,27,12,8,1,0,49,1,7,482,7482,31,2001,1B7HF13Z71J2,1,B,7,H,F,1,3,Z,7,1,J,2,0,T,DODG,Q15,4C,1,17,,2,1547,1387,RPC,G,,,8,360,,,,B,5008,01,U,44,0,0,000000000,00000000000,0,0,0,1,0,0,0,0,0,0,0,65,0,0,0,11,11,6,2,12,0,0,0,1,49,84078,6,1,0,0,3,3,67,185,98,0,0,0,0,0,0,0,0,0,28,0,0,0,2,2,65,2,1,2,1,0,0,14,10,1,1,2,64,1,0
49,490004,2,2,2,22,1,4,27,12,8,1,0,49,3,12,461,12461,21,2008,1FBSS31L68DB,1,F,B,S,S,3,1,L,6,8,D,B,0,T,FORD,WSD,ES,8,17,,2,0,1380,ECO,G,,,8,330,,,,D,00000,00,E,42,0,0,000000000,00000000000,0,0,0,1,0,0,0,0,0,0,0,65,0,0,0,11,11,6,2,12,0,0,0,1,49,84008,6,1,0,0,3,3,72,240,98,0,0,0,0,0,0,0,0,0,0,0,0,0,1,2,65,3,1,2,1,0,0,14,62,1,1,1,65,1,0
49,490005,1,2,1,8,2,13,11,12,6,1,0,49,1,24,1,24001,4,2002,1G8ZH54882Z1,1,G,8,Z,H,5,4,8,8,2,Z,1,0,P,STRN,SL1,4D,2,17,2377,,0,1024,,G,,F,4,116,,,14R185,,,,,,0,0,000000000,00000000000,0,0,0,1,0,0,0,0,0,0,0,35,0,0,0,12,12,6,2,12,0,0,0,1,49,84121,6,1,0,0,3,3,68,130,98,0,0,0,1,2,2011,2,2011,0,39,0,0,0,3,3,35,1,1,2,1,2,3,1,17,1,1,1,88,0,0
49,490005,2,2,1,8,2,13,11,12,6,1,0,49,1,12,37,12037,4,2006,1FAHP34N76W1,1,F,A,H,P,3,4,N,7,6,W,1,0,P,FORD,ZX4,4D,6,17,2676,,0,1029,,G,,F,4,122,,,15R195,,,,,,0,0,000000000,00000000000,0,0,0,1,0,0,0,0,0,0,0,50,0,0,0,9,9,6,2,42,0,0,0,1,49,84093,6,1,0,0,3,3,70,160,98,0,0,0,0,0,0,0,0,0,0,0,0,0,3,3,50,1,1,2,1,2,3,1,17,1,1,1,89,1,0
49,490006,1,1,1,12,2,3,0,38,0,1,0,49,1,49,49,49049,6,2005,JTLKT3345501,J,T,L,K,T,3,3,4,5,5,0,1,0,P,TOYT,SXB,UT,5,17,2395,,0,984,,G,,F,4,092,,,15R185,,,,,,0,0,000000000,00000000000,0,0,0,1,0,0,0,0,0,0,0,75,0,1,6,9,9,6,2,1,0,0,0,1,49,84311,6,1,0,0,3,0,72,230,98,0,0,2,0,2,2010,11,2010,0,28,0,0,0,2,2,75,1,1,1,1,0,0,1,12,1,1,4,6,1,0
49,490007,1,1,6,3,1,9,15,48,0,1,0,49,2,7,482,7482,31,2006,1D7KS28D96J1,1,D,7,K,S,2,8,D,9,6,J,1,0,T,DODG,SQ2,CW,6,17,,2,1605,1405,RPC,G,,,8,348,,,,C,6078,01,E,44,0,0,000000000,00000000000,0,0,0,1,0,0,0,0,0,0,0,55,0,0,0,5,3,4,3,38,0,0,0,1,49,84088,6,2,0,0,3,0,70,165,98,0,0,0,0,0,0,0,0,1,28,87,0,0,5,2,35,2,1,2,2,0,0,14,6,99,2,4,2,1,0
49,490008,1,1,1,10,1,21,34,14,0,1,0,16,1,12,471,12471,30,1983,1FTBR10A4DUB,1,F,T,B,R,1,0,A,4,D,U,B,0,T,FORD,RNG,PK,83,17,,1,1140,1080,RNG,G,,,4,140,,,,B,2456,02,,42,0,0,000000000,00000000000,0,0,0,1,0,0,0,0,0,0,0,40,0,0,0,2,9,6,2,30,0,0,0,1,49,84095,6,1,0,0,3,0,69,200,98,0,0,0,0,0,0,0,0,0,28,58,0,0,2,4,45,1,1,2,1,0,0,1,11,1,1,4,1,1,1
49,490009,1,1,1,28,1,3,0,25,0,1,0,49,2,13,5,13005,4,2000,1LNHM97V2YY8,1,L,N,H,M,9,7,V,2,Y,Y,8,0,P,LINC,CON,4D,0,17,3848,,0,1090,,G,,F,8,281,,,16R225,,,,,,0,0,000000000,00000000000,0,0,0,1,0,0,0,0,0,0,0,90,0,0,0,11,99,6,2,35,0,0,0,1,49,84116,6,1,0,0,3,3,61,92,98,0,0,0,1,11,2010,11,2010,1,28,0,0,0,6,2,60,2,2,1,1,28,3,14,6,99,1,4,6,1,1
49,490010,1,1,1,30,1,5,48,8,0,1,1,99,9,99,999,99999,99,9999,999999999999,9,9,9,9,9,9,9,9,9,9,9,9,9,,,,,,,,,,,,,,,,,,,,,,,,,0,99,999999999,99999999999,9,99,99,1,0,0,0,0,99,99,9,999,0,0,0,99,99,9,1,8,99,99,0,1,99,99999,9,9,99,9,9,9,999,999,99,99,99,99,99,99,9999,99,9999,9,99,99,99,99,6,2,99,1,2,1,1,0,0,99,80,99,9,9,13,0,0
49,490011,1,1,1,12,2,3,30,38,0,1,0,49,1,22,22,22022,4,2006,1G2ZH5581642,1,G,2,Z,H,5,5,8,1,6,4,2,0,P,PONT,GGT,4D,6,17,3426,,0,1123,,G,,F,6,214,,,17R225,,,,,,0,0,000000000,00000000000,0,0,0,1,0,0,0,0,0,0,0,75,0,1,6,10,10,6,2,1,0,0,0,1,49,84701,6,1,0,0,3,0,64,130,98,0,0,1,0,10,2010,10,2010,0,28,58,0,0,2,2,75,3,2,1,1,0,0,14,13,6,1,4,1,1,0
49,490012,1,2,1,15,2,15,49,12,6,1,0,49,1,7,482,7482,31,2007,1D7HA18NX7S1,1,D,7,H,A,1,8,N,X,7,S,1,0,T,DODG,SQ1,CW,7,17,,2,1605,1405,RPC,G,,,8,287,,,,B,4833,02,E,42,0,0,000000000,00000000000,0,0,0,1,0,0,0,0,0,0,0,15,0,0,0,9,9,2,1,12,0,0,0,1,49,84015,6,1,0,0,3,0,70,219,98,0,0,0,0,0,0,0,0,0,38,0,0,0,1,2,40,1,1,2,1,20,3,4,17,1,1,1,89,0,0
49,490012,2,2,1,15,2,15,49,12,6,1,0,49,1,37,709,37709,80,2007,1HFSC18017A1,1,H,F,S,C,1,8,0,1,7,A,1,0,M,HOND,VT1,RS,7,17,,,,,,,1099,,2,,4,556,,,,,,,0,0,000000000,00000000000,0,0,0,1,0,0,0,0,0,0,0,50,0,0,0,12,12,6,2,12,0,0,0,1,49,84315,6,1,0,0,3,0,999,999,98,0,0,0,0,0,0,0,0,0,0,0,0,0,1,2,50,1,1,2,1,0,0,1,66,1,1,1,88,1,0
49,490013,1,1,1,18,1,18,57,15,0,1,0,49,2,37,31,37031,4,2002,1HGEM22542L1,1,H,G,E,M,2,2,5,4,2,L,1,0,P,HOND,UCL,CP,2,17,2496,,0,1031,,G,,F,4,102,,,14R185,,,,,,0,0,000000000,00000000000,0,0,0,1,0,0,0,0,0,0,0,40,0,0,0,12,12,6,2,15,0,0,0,1,49,84041,6,2,0,0,3,0,60,115,98,0,0,1,1,10,2009,1,2011,0,0,0,0,0,1,2,40,1,1,2,1,0,0,1,80,6,1,1,13,0,0
49,490014,1,1,1,4,1,7,44,25,0,1,0,49,1,20,421,20421,15,2003,1GNEK13Z93R3,1,G,N,E,K,1,3,Z,9,3,R,3,0,P,CHEV,KTA,UT,3,17,5050,,0,1160,,F,,F,8,325,,,16R265,,,,,,0,0,000000000,00000000000,0,0,0,1,0,0,0,0,0,0,0,40,0,1,6,1,13,6,2,1,0,0,0,1,49,84117,6,1,0,0,3,0,66,125,98,0,0,0,0,0,0,0,0,1,30,58,0,0,6,1,65,2,1,1,3,0,0,14,10,7,3,4,2,1,0
49,490015,1,1,3,27,1,18,32,8,0,1,0,49,1,23,481,23481,31,2005,2GTEK13T3513,2,G,T,E,K,1,3,T,3,5,1,3,0,T,GMC,NK1,CW,5,17,,2,0,1435,SIE,G,,,8,325,,,,B,5299,00,E,44,0,0,000000000,00000000000,0,0,0,1,0,0,0,0,0,0,0,40,0,0,0,12,12,6,2,8,0,0,0,1,49,84065,6,1,0,0,3,0,72,170,98,0,0,0,0,0,0,0,0,0,0,0,0,0,5,3,40,1,1,2,1,0,0,1,80,1,1,1,13,0,0
49,490016,1,1,4,22,3,20,15,11,0,1,0,49,1,12,442,12442,20,1995,2FTDA5447SBD,2,F,T,D,A,5,4,4,7,S,B,D,0,T,FORD,WVN,EC,95,17,,1,0,1207,WIN,G,,,6,232,,,,B,3545,00,E,42,0,0,000000000,00000000000,0,0,0,1,0,0,0,0,0,0,0,999,0,0,0,12,12,2,3,11,0,0,0,1,49,84627,1,1,0,0,2,0,63,120,98,8,2,0,0,6,2008,2,2011,0,92,0,0,0,1,2,60,1,1,2,1,0,0,1,87,99,1,1,13,1,0
49,490017,1,2,1,6,1,5,15,12,1,1,0,49,2,23,481,23481,31,1980,TCL44AF71256,T,C,L,4,4,A,F,7,1,2,5,6,0,T,GMC,C15,PK,80,13,,2,1315,1065,C15,G,,,8,350,,,,,,,,42,0,0,000000000,00000000000,0,0,0,1,0,0,0,0,0,0,0,70,0,0,0,12,12,6,2,12,0,0,0,1,49,84074,6,1,0,0,3,0,72,165,98,0,0,0,2,5,2008,8,2008,1,26,39,0,0,4,3,30,1,1,2,1,3,3,1,19,1,1,1,20,0,0
49,490017,2,2,1,6,1,5,15,12,1,1,0,49,2,41,51,41051,4,2006,JM1BK1232614,J,M,1,B,K,1,2,3,2,6,1,4,0,P,MAZD,M3S,4D,6,17,2762,,0,1039,,G,,F,4,140,,,16R205,,,,,,0,0,000000000,00000000000,0,0,0,1,0,0,0,0,0,0,0,0,0,0,0,6,6,6,2,12,0,0,1,1,49,84102,6,1,0,0,3,0,68,134,98,0,0,1,0,8,2010,8,2010,0,0,0,0,0,4,3,30,1,1,2,1,3,3,5,53,1,1,1,21,1,0
49,490018,1,2,1,5,3,12,54,12,6,1,0,49,0,35,47,35047,4,1998,1N4DL01D5WC1,1,N,4,D,L,0,1,D,5,W,C,1,0,P,NISS,AGS,4D,98,17,2766,,0,1031,,G,,F,4,146,,,15R195,,,,,,0,0,000000000,00000000000,0,0,0,1,0,0,0,0,0,0,0,20,0,0,0,9,9,6,2,12,0,0,0,1,49,84037,6,1,0,0,3,0,63,125,98,0,0,0,0,0,0,0,0,0,38,0,0,0,1,2,30,4,1,2,1,20,3,11,15,1,1,1,68,1,0
49,490018,2,2,1,5,3,12,54,12,6,1,0,49,1,7,422,7422,15,2004,1D8HB48N44F1,1,D,8,H,B,4,8,N,4,4,F,1,0,P,DODG,DUR,UT,4,17,4958,,0,1192,,G,,F,8,287,,,17R245,,,,,,0,0,000000000,00000000000,0,0,0,1,0,0,0,0,0,0,0,30,0,0,0,12,12,6,2,12,0,0,0,1,49,84025,6,1,0,0,3,0,65,160,98,0,0,0,0,0,0,0,0,0,0,0,0,0,1,2,30,1,1,2,1,0,0,1,54,1,1,1,69,0,0
49,490019,1,1,1,30,3,10,50,31,0,1,0,53,1,49,404,49404,14,2007,JTEBU11F7700,J,T,E,B,U,1,1,F,7,7,0,0,0,P,TOYT,FJC,UT,7,17,4290,,0,1063,,G,,F,6,244,,,17R265,,,,,,0,0,000000000,00000000000,0,0,0,1,0,0,0,0,0,0,0,75,0,1,1,9,9,6,2,2,0,0,1,1,53,98296,6,1,0,0,3,0,72,230,0,0,0,1,0,10,2010,10,2010,0,28,58,0,0,2,2,75,2,3,2,1,0,0,14,13,7,1,4,6,1,0
49,490020,1,1,3,12,3,8,0,31,0,1,0,49,2,49,51,49051,5,2008,JTDBT9234840,J,T,D,B,T,9,2,3,4,8,4,0,0,P,TOYT,YAR,4D,8,17,2293,,0,969,,G,,F,4,091,,,14R175,,,,,,0,0,000000000,00000000000,0,0,0,1,0,0,0,0,0,0,0,60,0,1,6,6,13,6,2,1,0,0,0,1,49,84015,1,1,0,0,2,3,69,130,98,1,1,0,0,6,2010,6,2010,0,28,58,0,0,2,2,75,2,2,1,2,0,0,14,10,7,4,4,2,1,0
49,490021,1,2,1,30,1,3,39,12,8,1,0,49,1,23,481,23481,31,2002,1GTHK29U92E2,1,G,T,H,K,2,9,U,9,2,E,2,0,T,GMC,2KH,4C,2,17,,2,1575,1430,SIE,G,,,8,364,,,,C,5497,03,U,44,0,0,000000000,00000000000,0,0,0,1,0,0,0,0,0,0,0,46,0,0,0,10,10,6,2,12,0,0,0,1,49,84084,6,1,0,0,3,0,69,150,98,0,0,2,0,3,2010,9,2010,1,28,0,0,0,2,2,40,1,2,2,1,0,0,1,10,1,1,2,64,0,0
49,490021,2,2,1,30,1,3,39,12,8,1,0,49,1,49,399,49399,4,1996,4TANL42N7TZ1,4,T,A,N,L,4,2,N,7,T,Z,1,0,T,TOYT,REG,PK,96,17,,1,0,1033,TAC,G,,,4,149,,,,B,2560,00,M,42,0,0,000000000,00000000000,0,0,0,1,0,0,0,0,0,0,0,17,0,0,0,10,10,6,2,12,0,0,0,1,49,84317,6,1,0,0,3,3,71,180,98,0,0,0,0,0,0,0,0,0,0,0,0,0,1,2,40,1,2,2,1,0,0,1,54,1,1,1,65,1,0
49,490022,1,1,1,25,3,3,0,33,0,1,0,49,1,20,16,20016,2,1996,1G1JC1248T71,1,G,1,J,C,1,2,4,8,T,7,1,0,P,CHEV,CAV,CP,96,17,2617,,0,1041,,G,,F,4,133,,,14R195,,,,,,0,0,000000000,00000000000,0,0,0,1,0,0,0,0,0,0,0,999,0,0,0,11,12,6,2,30,0,0,0,1,49,84118,6,1,0,0,3,0,68,160,98,0,0,0,0,0,0,0,0,0,28,0,0,0,5,4,45,1,1,2,1,0,0,1,12,1,1,4,6,1,0
49,490023,1,3,1,12,2,20,29,12,2,1,0,49,2,23,481,23481,31,2003,1GTHK23103F1,1,G,T,H,K,2,3,1,0,3,F,1,0,T,GMC,2KH,CW,3,17,,2,1670,1530,SIE,D,,,8,403,,,,C,5899,01,U,44,0,0,000000000,00000000000,0,0,0,1,0,0,0,0,0,0,0,65,7,1,1,12,12,4,3,12,0,0,0,1,49,84058,2,1,0,0,2,3,69,160,98,5,2,0,0,3,2008,1,2011,0,28,0,0,0,1,3,65,3,5,2,1,0,0,14,10,99,1,2,50,1,1
49,490023,2,3,1,12,2,20,29,12,2,1,0,49,2,35,39,35039,4,2000,JN1CA31A9YT0,J,N,1,C,A,3,1,A,9,Y,T,0,0,P,NISS,MGS,4D,0,17,3071,,0,1083,,G,,F,6,182,,,15R205,,,,,,0,0,000000000,00000000000,0,0,0,1,0,0,0,0,0,0,0,65,0,0,0,12,12,4,3,12,0,0,0,1,49,84036,6,1,0,0,3,0,65,195,98,0,0,0,0,0,0,0,0,0,0,0,0,0,1,3,65,2,6,2,1,0,0,14,54,99,1,1,51,1,1
49,490023,3,3,1,12,2,20,29,12,2,1,0,49,2,37,31,37031,4,1994,2HGEJ1124RH5,2,H,G,E,J,1,1,2,4,R,H,5,0,P,HOND,CEX,CP,94,17,2371,,0,1032,,G,,F,4,097,,,14R185,,,,,,0,0,000000000,00000000000,0,0,0,1,0,0,0,0,0,0,0,65,0,0,0,11,11,4,3,12,0,0,0,1,49,84036,0,0,0,0,0,0,999,999,99,99,99,99,99,99,9999,99,9999,0,0,0,0,0,1,3,65,2,6,2,1,0,0,14,54,99,1,1,98,0,0
49,490024,1,1,2,23,2,14,38,18,0,1,0,49,1,9,20,9020,4,2000,1P3ES46C1YD7,1,P,3,E,S,4,6,C,1,Y,D,7,0,P,PLYM,NLX,4D,0,17,2515,,0,1050,,G,,F,4,122,,,14R185,,,,,,0,0,000000000,00000000000,0,0,0,1,0,0,0,0,0,0,0,50,0,0,0,12,12,6,2,18,0,0,0,1,49,84404,6,1,0,0,3,0,67,120,98,0,0,1,0,9,2009,9,2009,0,28,0,0,0,5,4,55,1,1,2,1,0,0,1,13,99,1,4,1,1,1
49,490025,1,4,1,7,3,18,14,12,6,1,0,49,1,12,481,12481,31,1997,2FTDX18W3VCA,2,F,T,D,X,1,8,W,3,V,C,A,0,T,FORD,F15,3C,97,17,,1,1570,1390,COF,G,,,8,281,,,,B,4480,01,E,44,0,0,000000000,00000000000,0,0,0,1,0,0,0,0,0,0,0,45,0,0,0,12,12,6,2,12,0,0,0,1,49,84118,6,1,0,0,3,3,72,190,98,0,0,0,0,0,0,0,0,1,28,58,87,0,1,3,60,1,4,2,10,0,0,1,5,99,4,2,64,0,0
49,490025,2,4,2,7,3,18,14,12,6,1,0,49,2,37,31,37031,4,2004,2HGES26724H5,2,H,G,E,S,2,6,7,2,4,H,5,0,P,HOND,UAX,4D,4,17,2668,,0,1031,,G,,F,4,102,,,15R190,,,,,,0,0,000000000,00000000000,0,0,0,1,0,0,0,0,0,0,0,50,0,0,0,10,12,6,2,12,0,0,0,1,49,84084,6,1,6,0,3,0,69,220,98,0,0,0,0,0,0,0,0,0,0,0,0,0,1,3,60,1,4,2,10,0,0,1,65,99,1,1,65,1,0
49,490025,3,4,1,7,3,18,14,12,6,1,0,49,1,41,53,41053,5,2008,JM3ER293X802,J,M,3,E,R,2,9,3,X,8,0,2,0,P,MAZD,MCX,UT,8,17,3710,,0,1083,,G,,T,4,140,,,18R235,,,,,,0,0,000000000,00000000000,0,0,0,1,0,0,0,0,0,0,0,50,0,0,0,12,12,4,3,12,0,0,0,1,49,84084,6,1,0,0,3,3,63,132,98,0,0,0,1,5,2009,5,2009,0,0,0,0,0,1,3,60,1,4,2,10,0,0,1,52,7,1,4,98,0,0
49,490025,4,4,1,7,3,18,14,12,6,1,0,49,1,37,32,37032,4,2000,1HGCG1656YA0,1,H,G,C,G,1,6,5,6,Y,A,0,0,P,HOND,UEX,4D,0,17,3285,,0,1069,,G,,F,6,183,,,15R205,,,,,,0,0,000000000,00000000000,0,0,0,1,0,0,0,0,0,0,0,50,0,0,0,2,2,2,1,12,0,0,0,1,49,84084,6,1,0,0,3,0,66,145,98,0,0,1,0,7,2008,7,2008,0,0,0,0,0,1,3,60,1,4,2,10,0,0,1,52,6,1,2,98,0,0
49,490026,1,1,2,21,3,8,13,38,0,1,0,4,1,30,47,30047,3,2000,3VWDD21C6YM4,3,V,W,D,D,2,1,C,6,Y,M,4,0,P,VOLK,NGX,2H,0,17,2915,,0,989,,G,,T,4,109,,,16R205,,,,,,0,0,000000000,00000000000,0,0,0,1,0,0,0,0,0,0,0,70,0,1,6,9,13,6,2,1,0,0,0,1,4,86021,6,1,0,0,3,0,62,130,0,0,0,0,0,0,0,0,0,0,28,58,84,0,1,2,65,1,1,2,1,0,0,1,62,7,1,4,3,1,0
49,490027,1,1,1,28,3,7,0,18,0,1,0,49,2,12,423,12423,16,2002,1FMSU43F02EA,1,F,M,S,U,4,3,F,0,2,E,A,0,P,FORD,EXC,UT,2,17,7127,,0,1371,,D,,T,8,444,,,16R265,,,,,,0,0,000000000,00000000000,0,0,0,1,0,0,0,0,0,0,0,75,0,1,3,12,13,6,2,1,0,0,0,1,41,97477,6,1,0,0,3,3,74,275,0,0,0,1,0,1,2011,1,2011,0,28,58,0,0,3,2,75,1,1,1,1,0,0,1,12,1,1,4,6,1,0
49,490028,1,2,1,1,3,5,48,1,0,1,0,49,1,49,472,49472,30,2003,5TEWN72NX3Z2,5,T,E,W,N,7,2,N,X,3,Z,2,0,T,TOYT,XTR,PC,3,17,,1,0,1219,TAC,G,,,6,206,,,,B,3502,00,U,44,0,0,000000000,00000000000,0,0,0,1,0,0,0,0,0,0,0,70,0,2,3,0,0,6,2,1,0,0,0,1,56,82930,1,1,0,0,2,0,72,195,0,1,1,0,0,10,2010,2,2011,0,28,0,0,0,2,2,70,3,1,2,1,0,0,14,12,1,1,4,6,1,0
49,490028,2,2,1,1,3,5,48,1,0,1,0,49,3,87,881,87881,66,2010,1XPHD49X7AD7,1,X,P,H,D,4,9,X,7,A,D,7,1,T,PTRB,386,TR,10,17,,8,0,0,CON,D,,,6,915,,,,,00000,00,,64,1,57,0021331,570021331,3,6,1,1,0,0,0,0,0,0,0,65,0,0,0,11,11,2,1,12,0,0,0,1,26,48706,6,1,6,0,3,3,73,220,0,0,0,0,0,0,0,0,0,0,0,0,0,0,2,2,70,3,1,2,1,0,0,14,54,9,1,1,98,0,0
49,490029,1,1,2,23,3,0,12,31,0,1,0,49,2,22,32,22032,6,2004,5Y2SL62844Z4,5,Y,2,S,L,6,2,8,4,4,Z,4,0,P,PONT,VIB,4H,4,17,2700,,0,1024,,G,,F,4,110,,,16R205,,,,,,0,0,000000000,00000000000,0,0,0,1,0,0,0,0,0,0,0,75,0,2,6,6,0,6,2,1,0,0,0,1,49,84040,6,1,0,0,3,0,68,135,98,0,0,1,1,2,2009,5,2009,1,28,36,58,0,6,2,65,1,1,2,1,0,0,1,10,7,1,4,6,1,1
49,490030,1,1,1,29,3,21,51,8,0,1,0,49,1,63,402,63402,14,2011,5XYKTDA2XBG1,5,X,Y,K,T,D,A,2,X,B,G,1,0,P,KIA,SOR,UT,11,17,3737,,0,0,,G,,F,6,213,,,000000,,,,,,0,0,000000000,00000000000,0,0,0,1,0,0,0,0,0,0,0,50,0,0,0,12,12,6,2,8,0,0,0,1,18,47362,6,1,0,0,3,0,65,165,0,0,0,0,1,11,2008,11,2008,0,0,0,0,0,5,4,50,1,1,2,1,0,0,1,80,1,1,1,13,0,0