STATE,ST_CASE,VEH_NO,VE_FORMS,NUMOCCS,DAY,MONTH,HOUR,MINUTE,HARM_EV,MAN_COLL,UNITTYPE,HIT_RUN,REG_STAT,OWNER,MAKE,MODEL,MAK_MOD,BODY_TYP,MOD_YEAR,VIN,VIN_1,VIN_2,VIN_3,VIN_4,VIN_5,VIN_6,VIN_7,VIN_8,VIN_9,VIN_10,VIN_11,VIN_12,TOW_VEH,VINTYPE,VINMAKE,VINA_MOD,VIN_BT,VINMODYR,VIN_LNGT,VIN_WGT,WGTCD_TR,WHLBS_LG,WHLBS_SH,SER_TR,FUELCODE,MCYCL_DS,CARBUR,CYLINDER,DISPLACE,MCYCL_CY,MCYCL_WT,TIRE_SZE,TON_RAT,TRK_WT,TRKWTVAR,VIN_REST,WHLDRWHL,J_KNIFE,MCARR_I1,MCARR_I2,MCARR_ID,GVWR,V_CONFIG,CARGO_BT,HAZ_INV,HAZ_PLAC,HAZ_ID,HAZ_CNO,HAZ_REL,BUS_USE,SPEC_USE,EMER_USE,TRAV_SP,UNDERIDE,ROLLOVER,ROLINLOC,IMPACT1,IMPACT2,DEFORMED,TOWED,M_HARM,VEH_SC1,VEH_SC2,FIRE_EXP,DR_PRES,L_STATE,DR_ZIP,L_STATUS,L_TYPE,CDL_STAT,L_ENDORS,L_COMPL,L_RESTRI,DR_HGT,DR_WGT,PREV_ACC,PREV_SUS,PREV_DWI,PREV_SPD,PREV_OTH,FIRST_MO,FIRST_YR,LAST_MO,LAST_YR,SPEEDREL,DR_SF1,DR_SF2,DR_SF3,DR_SF4,VTRAFWAY,VNUM_LAN,VSPD_LIM,VALIGN,VPROFILE,VPAVETYP,VSURCOND,VTRAFCON,VTCONT_F,P_CRASH1,P_CRASH2,P_CRASH3,PCRASH4,PCRASH5,ACC_TYPE,DEATHS,DR_DRINK
49,490031,1,1,1,9,4,18,24,31,0,1,0,49,1,20,401,20401,14,1999,3GNFK16RXXG2,3,G,N,F,K,1,6,R,X,X,G,2,0,P,CHEV,K15,UT,99,17,5297,,0,1315,,G,,F,8,350,,,16R245,,,,,,0,0,000000000,00000000000,0,0,0,1,0,0,0,0,0,0,0,90,0,0,0,12,12,6,2,31,0,0,0,1,49,84107,6,1,0,0,3,0,68,145,98,0,0,0,0,0,0,0,0,1,28,0,0,0,3,3,65,1,1,1,2,0,0,1,11,1,1,4,1,1,0
49,490032,1,1,1,9,4,5,32,33,0,1,0,49,2,39,34,39034,4,2000,SAJDA01C3YFL,S,A,J,D,A,0,1,C,3,Y,F,L,0,P,JAGU,STP,4D,0,17,3650,,0,1145,,G,,F,6,181,,,16R225,,,,,,0,0,000000000,00000000000,0,0,0,1,0,0,0,0,0,0,0,60,0,0,0,12,12,6,2,42,0,0,0,1,49,84084,6,1,0,0,3,0,68,128,98,0,0,0,1,8,2010,8,2010,1,28,0,0,0,5,2,30,4,2,2,2,3,3,14,14,1,1,4,14,1,1
49,490033,1,1,1,21,4,17,0,1,0,1,0,49,3,7,482,7482,31,2007,1D7KS28C27J5,1,D,7,K,S,2,8,C,2,7,J,5,0,T,DODG,SQ2,CW,7,17,,2,1605,1405,RPC,D,,,6,359,,,,C,6271,07,E,44,0,0,000000000,00000000000,0,0,0,1,0,0,0,0,0,0,0,999,0,2,6,0,0,6,2,1,0,0,0,1,49,84526,6,1,0,0,3,3,73,200,98,0,0,0,0,0,0,0,0,1,28,0,0,0,1,2,99,3,2,4,1,0,0,14,15,1,1,1,6,1,1
49,490034,1,1,2,23,4,13,52,1,0,1,0,6,2,12,401,12401,14,1997,1FMDU35P3VUA,1,F,M,D,U,3,5,P,3,V,U,A,0,P,FORD,EPR,UT,97,17,4166,,0,1115,,G,,F,8,302,,,15R225,,,,,,0,0,000000000,00000000000,0,0,0,1,0,0,0,0,0,0,0,75,0,2,3,0,0,6,2,1,0,0,0,1,6,92677,6,1,0,0,3,3,72,155,0,0,0,2,0,1,2011,1,2011,0,36,28,0,0,2,2,75,1,2,2,2,0,0,1,12,1,1,4,6,1,0
49,490035,1,1,1,29,3,21,49,39,0,1,0,49,2,2,404,2404,14,1992,1J4FJ58S6NL1,1,J,4,F,J,5,8,S,6,N,L,1,0,T,JEEP,LAR,4W,92,17,,1,0,1014,CHK,G,,,6,242,,,,,00000,00,A,44,0,0,000000000,00000000000,0,0,0,1,0,0,0,0,0,0,0,55,0,0,0,12,12,6,2,39,0,0,0,1,49,84065,6,1,0,0,3,0,74,155,98,0,0,1,0,11,2008,11,2008,1,0,0,0,0,2,2,25,2,1,2,1,0,0,14,19,1,1,4,14,1,0
49,490036,1,1,3,12,4,16,10,1,0,1,0,32,1,49,401,49401,14,1997,JT3HN86RXV00,J,T,3,H,N,8,6,R,X,V,0,0,0,P,TOYT,RUN,UT,97,17,3850,,0,1053,,G,,F,6,206,,,15R225,,,,,,0,0,000000000,00000000000,0,0,0,1,0,0,0,0,0,0,0,65,0,1,2,0,0,6,2,1,0,0,0,1,32,89103,1,1,0,0,2,0,67,190,0,1,0,0,0,3,2010,3,2010,0,28,58,0,0,2,2,65,2,2,2,1,0,0,14,13,6,1,4,1,1,1
49,490037,1,1,4,26,3,22,15,1,0,1,0,49,2,20,481,20481,31,2008,3GCEK13378G1,3,G,C,E,K,1,3,3,7,8,G,1,0,T,CHEV,SK1,CW,8,17,,2,0,1435,SIL,F,,,8,323,,,,B,5326,00,,44,0,0,000000000,00000000000,0,0,0,1,0,0,0,0,0,0,0,60,0,2,6,0,0,6,2,1,0,0,0,1,49,84058,0,0,0,0,0,0,999,999,99,99,99,99,99,99,9999,99,9999,0,28,0,0,0,1,2,60,4,1,2,1,0,0,14,13,8,4,4,2,2,1
49,490038,1,1,2,3,5,7,11,31,0,1,0,49,2,51,42,51042,6,1996,YV1LW5726T21,Y,V,1,L,W,5,7,2,6,T,2,1,0,P,VOLV,850,SW,96,17,3391,,0,1049,,G,,T,5,142,,,16R205,,,,,,0,0,000000000,00000000000,0,0,0,1,0,0,0,0,0,0,0,85,0,1,6,9,13,6,2,1,0,0,0,1,49,84746,6,1,0,0,3,0,62,100,98,0,0,0,0,0,0,0,0,1,28,58,0,0,2,2,75,2,1,2,1,0,0,14,13,6,1,4,6,1,0
49,490039,1,1,3,22,4,6,30,34,0,1,0,49,2,12,37,12037,4,2007,1FAHP34N97W2,1,F,A,H,P,3,4,N,9,7,W,2,0,P,FORD,FMS,4D,7,17,2636,,0,1029,,G,,F,4,122,,,15R195,,,,,,0,0,000000000,00000000000,0,0,0,1,0,0,0,0,0,0,0,998,0,1,6,1,13,6,2,1,0,0,0,1,49,84511,0,0,0,0,0,0,999,999,99,99,99,99,99,99,9999,99,9999,9,28,0,0,0,1,2,99,1,3,2,1,0,0,1,13,6,1,4,1,1,0
49,490040,1,1,4,5,5,19,50,1,0,1,0,49,2,35,472,35472,30,2003,1N6MD29Y73C4,1,N,6,M,D,2,9,Y,7,3,C,4,0,T,NISS,CSC,CW,3,17,,1,0,1311,FRT,G,,,6,201,,,,B,4201,00,E,44,0,0,000000000,00000000000,0,0,0,1,0,0,0,0,0,0,0,70,0,1,3,0,0,6,2,1,0,0,0,1,6,92019,6,1,0,0,3,3,68,150,0,0,0,0,0,0,0,0,0,0,85,0,0,0,2,2,70,1,2,2,1,0,0,1,62,6,1,4,8,1,0
49,490041,1,1,1,13,2,14,43,1,0,1,0,35,1,63,441,63441,20,2004,KNDUP1316466,K,N,D,U,P,1,3,1,6,4,6,6,0,P,KIA,SED,SV,4,17,4802,,0,1145,,G,,F,6,213,,,15R215,,,,,,0,0,000000000,00000000000,0,0,0,1,0,0,0,0,0,0,0,999,0,1,6,0,0,6,2,1,0,0,0,1,35,87401,6,1,0,0,3,3,69,215,98,0,0,0,0,0,0,0,0,1,36,0,0,0,1,2,50,1,1,2,1,0,0,6,6,1,4,4,7,1,1
49,490042,1,1,3,11,3,19,45,8,0,1,0,49,1,55,33,55033,4,2007,5NPEU46F17H1,5,N,P,E,U,4,6,F,1,7,H,1,0,P,HYUN,SLI,4D,7,17,3458,,0,1074,,G,,F,6,204,,,17R225,,,,,,0,0,000000000,00000000000,0,0,0,1,0,0,0,0,0,0,0,47,0,0,0,12,12,6,2,8,0,0,0,1,49,84335,6,1,0,0,3,3,68,150,98,0,0,0,0,0,0,0,0,0,38,0,0,0,2,4,45,1,2,2,1,0,0,1,80,1,1,1,13,0,0
49,490043,1,2,1,30,1,16,30,12,6,1,0,49,1,20,32,20032,4,1995,1Y1SK5283SZ0,1,Y,1,S,K,5,2,8,3,S,Z,0,0,P,GEO,PRL,4D,95,17,2348,,0,971,,G,,F,4,110,,,14R175,,,,,,0,0,000000000,00000000000,0,0,0,1,0,0,0,0,0,0,0,999,0,0,0,9,9,6,2,12,0,0,0,1,49,84088,6,1,0,0,3,3,65,115,98,0,0,0,0,0,0,0,0,0,38,0,0,0,5,2,35,1,1,2,1,20,3,11,15,1,1,1,68,1,0
49,490043,2,2,3,30,1,16,30,12,6,1,0,49,2,12,481,12481,31,2010,1FTWW3BR8AEA,1,F,T,W,W,3,B,R,8,A,E,A,0,T,FORD,F3S,CW,10,17,,3,1724,1562,SRW,D,,,8,390,,,,D,6973,00,E,44,0,0,000000000,00000000000,0,0,0,1,0,0,0,0,0,0,0,35,0,0,0,12,12,6,2,12,0,0,0,1,49,84088,6,2,0,0,3,3,70,140,98,0,0,1,1,9,2009,1,2011,1,0,0,0,0,5,2,35,1,1,2,1,0,0,1,66,1,1,1,69,0,0
49,490044,1,2,1,1,4,5,55,12,2,1,0,49,2,6,52,6052,6,2009,3A8FY58929T5,3,A,8,F,Y,5,8,9,2,9,T,5,0,P,CHRY,PTC,SV,9,17,3165,,0,1030,,G,,F,4,148,,,16R205,,,,,,0,0,000000000,00000000000,0,0,0,1,0,0,0,0,0,0,0,60,0,0,0,12,12,6,2,12,0,0,0,1,49,84053,6,1,0,0,3,0,64,130,98,0,0,0,0,0,0,0,0,0,35,0,0,0,1,2,60,1,2,2,1,0,0,6,10,1,1,2,50,1,0
49,490044,2,2,1,1,4,5,55,12,2,1,0,49,3,51,881,51881,66,2006,4V5KC9GH36N4,4,V,5,K,C,9,G,H,3,6,N,4,1,T,VOLV,VHD,CC,6,17,,8,0,0,VHD,D,,,6,732,,,,,00000,00,,64,1,88,888888888,88888888888,3,6,1,1,0,0,0,0,0,0,0,50,0,0,0,12,12,6,2,12,0,0,0,1,49,84085,6,1,6,3,3,3,79,250,98,0,0,0,0,0,0,0,0,0,0,0,0,0,2,2,60,1,2,2,1,0,0,1,54,1,1,1,51,0,0
49,490045,1,2,2,1,3,2,1,1,0,1,0,49,1,54,32,54032,4,1991,JH4KA7663MC0,J,H,4,K,A,7,6,6,3,M,C,0,0,P,ACUR,LEL,4D,91,17,3170,,0,1146,,G,,F,6,196,,,15R205,,,,,,0,0,000000000,00000000000,0,0,0,1,0,0,0,0,0,0,0,998,0,1,3,0,12,6,2,1,0,0,0,1,49,84116,6,1,0,0,3,0,67,172,98,0,0,0,0,0,0,0,0,0,28,58,0,0,2,2,75,2,1,2,1,0,0,14,12,6,1,4,6,1,1
49,490045,2,2,1,1,3,2,1,1,0,1,0,49,1,41,471,41471,30,1994,4F4CR12A4RTM,4,F,4,C,R,1,2,A,4,R,T,M,0,T,MAZD,RGC,PK,94,17,,1,0,1079,B23,G,,,4,140,,,,,2918,00,A,42,0,0,000000000,00000000000,0,0,0,1,0,0,0,0,0,0,0,65,0,0,0,12,12,2,1,12,0,0,0,1,49,84088,6,1,0,0,3,0,71,140,98,0,0,0,0,0,0,0,0,0,0,0,0,0,2,2,75,3,1,2,1,0,0,14,62,7,1,1,98,0,0
49,490046,1,1,1,2,6,17,40,35,0,1,0,49,1,76,709,76709,80,1987,JYA1NL001HA0,J,Y,A,1,N,L,0,0,1,H,A,0,0,M,YAMA,XZ3,RS,87,17,,,,,,,1294,,4,,4,732,,,,,,,0,0,000000000,00000000000,0,0,0,1,0,0,0,0,0,0,0,999,0,0,0,12,12,6,2,35,0,0,0,1,49,84037,6,1,0,0,3,0,73,170,98,0,0,0,0,0,0,0,0,0,28,0,0,0,1,2,55,2,1,2,1,0,0,14,10,1,1,4,6,1,0
49,490047,1,1,1,1,6,17,56,17,0,1,0,49,1,76,709,76709,80,2002,JYARN10Y12A0,J,Y,A,R,N,1,0,Y,1,2,A,0,0,M,YAMA,YFR,RC,2,17,,,,,,,998,,4,,4,385,,,,,,,0,0,000000000,00000000000,0,0,0,1,0,0,0,0,0,0,0,60,0,0,0,12,12,6,2,35,0,0,0,1,49,84403,6,1,0,0,3,0,68,145,98,0,0,0,0,0,0,0,0,1,28,0,0,0,1,2,40,3,1,2,1,0,0,14,13,1,1,4,1,1,0
49,490048,1,1,1,12,6,23,37,25,0,1,0,34,1,53,709,53709,80,2007,JS1VP54A1721,J,S,1,V,P,5,4,A,1,7,2,1,0,M,SUZI,SDL,RS,7,17,,,,,,,645,,2,,4,427,,,,,,,0,0,000000000,00000000000,0,0,0,1,0,0,0,0,0,0,0,60,0,0,0,12,12,6,2,25,0,0,0,1,34,8844,6,1,6,0,3,0,70,999,1,0,0,0,0,11,2009,11,2009,0,35,0,0,0,3,4,65,1,1,1,1,0,0,6,13,7,1,4,1,1,0
49,490049,1,2,1,2,3,17,29,1,0,1,0,56,1,2,405,2405,14,2002,1J4GL48K62W1,1,J,4,G,L,4,8,K,6,2,W,1,0,T,JEEP,SPR,4W,2,17,,1,0,1043,LIB,G,,,6,226,,,,,3682,02,E,44,0,0,000000000,00000000000,0,0,0,1,0,0,0,0,0,0,0,70,0,2,3,0,3,6,2,1,0,0,0,1,6,82930,6,1,0,0,3,0,65,120,0,0,0,0,0,0,0,0,0,0,28,58,0,0,2,2,70,1,1,2,1,0,0,1,12,1,4,4,7,1,0
49,490049,2,2,2,2,3,17,29,1,0,1,0,49,2,49,40,49040,4,2008,4T1BE46K78U2,4,T,1,B,E,4,6,K,7,8,U,2,0,P,TOYT,XSL,4D,8,17,3263,,0,1093,,G,,F,4,146,,,16R215,,,,,,0,0,000000000,00000000000,0,0,0,1,0,0,0,0,0,0,0,75,0,0,0,12,12,6,2,12,0,0,0,1,49,84050,6,1,0,0,3,3,69,175,98,0,0,0,1,1,2010,1,2010,0,0,0,0,0,2,2,70,1,1,2,1,0,0,1,62,1,1,1,98,0,0
49,490050,1,2,2,13,3,10,47,33,0,1,0,49,2,14,6,14006,4,1998,2MEFM75W2WX6,2,M,E,F,M,7,5,W,2,W,X,6,0,P,MERC,MLL,4D,98,17,3922,,0,1144,,G,,F,8,281,,,16R225,,,,,,0,0,000000000,00000000000,0,0,0,1,0,0,0,0,0,0,0,75,0,0,0,12,12,6,2,12,0,0,0,1,49,84128,6,1,0,0,3,0,71,210,98,0,0,0,0,0,0,0,0,1,8,27,0,0,2,3,40,1,1,2,1,0,0,6,13,6,1,4,1,2,1
49,490050,2,2,1,13,3,10,47,33,0,1,0,49,3,89,982,89982,52,2009,15GGD2113910,1,5,G,G,D,2,1,1,3,9,1,0,0,U,,,,9,17,,,,,,,,,,,,,,,,,,,0,88,888888888,88888888888,3,21,22,1,0,0,0,0,6,0,0,0,0,0,0,6,6,6,2,12,0,0,0,1,49,84118,6,1,6,1,3,3,67,182,98,0,0,0,0,0,0,0,0,0,0,0,0,0,1,3,40,1,1,2,1,0,0,5,98,1,1,1,98,0,0
49,490051,1,2,1,30,3,14,43,12,6,1,0,49,1,20,481,20481,31,2004,1GCHK23U94F1,1,G,C,H,K,2,3,U,9,4,F,1,0,T,CHEV,2KH,CW,4,17,,2,1670,1530,SIL,G,,,8,364,,,,C,6056,03,,44,0,0,000000000,00000000000,0,0,0,1,0,0,0,0,0,0,0,90,0,0,0,2,2,6,2,12,0,0,1,1,49,84029,6,1,0,0,3,0,75,300,98,0,0,0,0,0,0,0,0,1,28,0,0,0,1,2,65,3,2,2,1,0,0,14,10,4,4,2,64,1,1
49,490051,2,2,1,30,3,14,43,12,6,1,0,49,1,12,481,12481,31,1999,1FTNW21F0XED,1,F,T,N,W,2,1,F,0,X,E,D,0,T,FORD,F2S,CW,99,17,,2,1724,1562,SRW,D,,,8,444,,,,C,5935,01,E,44,0,0,000000000,00000000000,0,0,0,1,0,0,0,0,0,0,0,65,0,0,0,12,12,6,2,12,0,0,1,1,49,84029,6,1,6,0,3,0,74,180,98,0,0,0,0,0,0,0,0,0,0,0,0,0,1,2,65,2,2,2,1,0,0,14,62,1,1,1,65,0,0
49,490052,1,2,2,28,4,7,21,12,1,1,0,49,2,54,31,54031,5,1990,JH4DB165XLS0,J,H,4,D,B,1,6,5,X,L,S,0,0,P,ACUR,ILS,4D,90,17,2513,,0,1024,,G,,F,4,112,,,14R195,,,,,,0,0,000000000,00000000000,0,0,0,1,0,0,0,0,0,0,0,55,0,0,0,12,12,6,2,12,0,0,0,1,49,84651,6,1,0,0,3,0,74,170,98,0,0,0,0,0,0,0,0,0,39,26,0,0,1,2,55,1,1,2,1,8,3,1,18,1,1,1,20,1,0
49,490052,2,2,1,28,4,7,21,12,1,1,0,49,3,90,983,90983,50,2002,1BABNBXA72F2,1,B,A,B,N,B,X,A,7,2,F,2,0,T,BLUI,,,2,17,,,,,,,,,,,,,,,,,,,0,88,888888888,88888888888,3,21,22,1,0,0,0,0,1,0,0,0,0,0,0,6,6,6,2,12,0,0,0,1,49,84651,6,1,6,1,3,3,62,165,98,0,0,0,0,0,0,0,0,0,0,0,0,0,1,2,55,1,1,2,1,0,0,5,98,1,1,1,21,0,0
49,490053,1,2,1,9,4,9,12,12,6,1,0,49,3,20,32,20032,5,1998,1Y1SK528XWZ4,1,Y,1,S,K,5,2,8,X,W,Z,4,0,P,CHEV,P/L,4D,98,17,0,,0,971,,G,,F,4,110,,,14R175,,,,,,0,0,000000000,00000000000,0,0,0,1,0,0,0,0,0,0,0,45,0,0,0,12,12,6,2,12,0,0,0,1,6,84401,6,1,0,0,3,3,68,160,0,0,0,0,0,0,0,0,0,0,39,0,0,0,1,2,50,1,1,2,3,3,3,1,17,1,1,1,88,1,0
49,490053,2,2,1,9,4,9,12,12,6,1,0,49,1,20,481,20481,31,1979,UTR02086,U,T,R,0,2,0,8,6,,,,,0,T,CHEV,,,79,8,,,,,,,,,,,,,,,,,,,0,0,000000000,00000000000,0,0,0,1,0,0,0,0,0,0,0,50,0,0,0,9,9,6,2,12,0,0,0,1,49,84315,6,1,0,0,3,0,77,285,98,0,0,0,0,0,0,0,0,0,0,0,0,0,1,2,50,1,1,2,3,3,3,1,17,1,1,1,89,0,0
49,490054,1,1,5,30,5,16,34,1,0,1,0,49,2,2,404,2404,14,1998,1J4GZ48Y6WC2,1,J,4,G,Z,4,8,Y,6,W,C,2,1,T,JEEP,LSE,4W,98,17,,1,0,1059,GCK,G,,,8,318,,,,,3708,01,E,44,2,0,000000000,00000000000,0,0,0,1,0,0,0,0,0,0,0,50,0,1,5,0,13,6,2,1,0,0,0,1,49,84311,6,1,0,0,3,0,73,200,98,0,0,1,0,11,2008,11,2008,0,88,0,0,0,1,2,50,1,2,2,1,0,0,1,13,1,3,4,2,1,0
49,490055,1,1,1,30,6,22,20,5,0,1,0,49,1,73,734,73734,90,2003,JKAVFEA163B5,J,K,A,V,F,E,A,1,6,3,B,5,0,M,KAWK,KV6,AT,3,17,,,,,,,650,,2,,4,604,,,,,,,0,0,000000000,00000000000,0,0,0,1,0,0,0,0,0,0,0,999,0,0,0,0,0,2,3,5,0,0,0,1,49,84005,6,1,0,0,3,0,70,230,98,0,0,0,0,0,0,0,0,9,99,99,99,99,1,2,99,1,1,5,1,0,0,1,9,99,7,1,0,1,0
49,490056,1,1,4,26,6,16,36,57,0,1,0,6,1,49,401,49401,14,1999,JT3HN86R0X02,J,T,3,H,N,8,6,R,0,X,0,2,0,P,TOYT,RUN,UT,99,17,3930,,0,1053,,G,,F,6,206,,,15R225,,,,,,0,0,000000000,00000000000,0,0,0,1,0,0,0,0,0,0,0,75,0,2,6,7,13,6,2,1,0,0,0,1,6,91768,0,0,0,0,0,0,999,999,99,99,99,99,99,99,9999,99,9999,0,80,58,0,0,3,2,75,3,2,1,2,0,0,14,1,9,3,4,2,1,1
49,490057,1,1,2,25,6,13,30,9,0,1,0,49,1,12,422,12422,15,1998,1FMPU18LXWLA,1,F,M,P,U,1,8,L,X,W,L,A,0,P,FORD,EPT,UT,98,17,5177,,0,1190,,G,,F,8,330,,,16R255,,,,,,0,0,000000000,00000000000,0,0,0,1,0,0,0,0,0,0,0,30,0,0,0,12,12,6,2,9,0,0,0,1,49,84738,6,1,0,0,3,3,64,135,98,0,0,0,0,0,0,0,0,0,99,99,99,99,2,2,30,2,2,2,1,0,0,14,83,1,1,1,13,0,0
49,490058,1,2,2,31,5,20,0,12,6,1,0,49,1,12,398,12398,2,1965,AA9BMAAHV71C,A,A,9,B,M,A,A,H,V,7,1,C,0,P,FORD,,,65,17,,,,,,,,,,,,,,,,,,,0,0,000000000,00000000000,0,0,0,1,0,0,0,0,0,0,0,55,0,0,0,3,3,6,2,12,35,0,0,1,49,84062,6,1,0,0,3,0,71,210,98,0,0,1,0,12,2010,12,2010,1,51,0,0,0,2,2,35,2,2,2,1,0,0,14,10,6,4,2,64,2,0
49,490058,2,2,1,31,5,20,0,12,6,1,0,49,2,49,471,49471,30,1995,JT4RN13P9S60,J,T,4,R,N,1,3,P,9,S,6,0,0,T,TOYT,XLX,PC,95,17,,1,0,1219,HTP,G,,,4,144,,,,B,3540,00,A,44,0,0,000000000,00000000000,0,0,0,1,0,0,0,0,0,0,0,45,0,0,0,12,12,6,2,12,0,0,0,1,49,84653,6,1,0,0,3,0,64,148,98,0,0,0,0,0,0,0,0,0,0,0,0,0,2,2,35,3,2,2,1,0,0,14,62,1,1,1,65,0,0
49,490059,1,1,3,25,6,12,20,8,0,1,0,49,1,49,442,49442,20,2006,5TDZA23C36S4,5,T,D,Z,A,2,3,C,3,6,S,4,0,P,TOYT,SIE,SV,6,17,4120,,0,1193,,G,,F,6,201,,,15R205,,,,,,0,0,000000000,00000000000,0,0,0,1,0,0,0,0,0,0,0,999,0,0,0,12,12,2,1,8,0,0,0,1,49,84120,6,1,0,0,3,3,73,255,98,0,0,0,0,0,0,0,0,0,38,0,0,0,5,6,45,1,1,2,1,2,2,4,80,1,1,1,13,0,0
49,490060,1,1,1,1,7,14,50,5,0,1,0,26,1,72,706,72706,80,2008,1HD1FC41X8Y6,1,H,D,1,F,C,4,1,X,8,Y,6,0,M,HD,FLU,RS,8,17,,,,,,,1584,,2,,4,851,,,,,,,0,0,000000000,00000000000,0,0,0,1,0,0,0,0,0,0,0,63,0,0,0,0,0,6,2,5,0,0,0,1,26,48327,6,1,0,0,3,0,74,250,0,0,0,1,0,2,2009,2,2009,0,28,0,0,0,2,2,65,2,3,1,1,0,0,14,12,1,1,4,0,1,0
49,490061,1,1,1,1,7,11,30,34,0,1,0,49,1,98,705,98705,80,2010,VBKEXAF00AM4,V,B,K,E,X,A,F,0,0,A,M,4,0,U,,,,10,17,,,,,,,,,,,,,,,,,,,0,0,000000000,00000000000,0,0,0,1,0,0,0,0,0,0,0,999,0,0,0,12,12,6,2,34,0,0,0,1,49,84093,6,1,0,0,2,0,70,175,98,0,0,0,0,0,0,0,0,1,0,0,0,0,4,2,99,1,1,5,1,0,0,1,5,4,1,4,15,1,0
49,490062,1,1,1,24,7,10,45,33,0,1,0,49,1,48,401,48401,14,1999,JF1SF6359XH7,J,F,1,S,F,6,3,5,9,X,H,7,0,P,SUBA,FOR,UT,99,17,3125,,0,994,,G,,F,4,150,,,15R205,,,,,,0,0,000000000,00000000000,0,0,0,1,0,0,0,0,0,0,0,65,0,0,0,12,12,6,2,42,0,0,0,1,49,84404,6,1,0,0,3,3,66,230,98,0,0,0,0,0,0,0,0,1,28,0,0,0,1,2,25,1,1,2,1,0,0,1,12,1,1,4,6,1,0
49,490063,1,1,1,8,7,20,47,50,0,1,0,32,1,62,421,62421,15,2006,SALMF13416A2,S,A,L,M,F,1,3,4,1,6,A,2,0,T,LNDR,RHS,4W,6,17,,2,0,1134,RRV,G,,,8,256,,,,,5474,00,S,44,0,0,000000000,00000000000,0,0,0,1,0,0,0,0,0,0,0,90,0,0,0,12,12,6,2,50,0,0,1,1,32,89015,6,1,0,0,3,0,74,185,0,5,0,0,1,12,2008,9,2010,1,8,0,0,0,2,2,80,1,1,2,1,0,0,1,12,1,1,4,6,1,0
49,490064,1,1,3,25,6,0,15,1,0,1,0,49,2,12,481,12481,31,1995,2FTHF36F0SCA,2,F,T,H,F,3,6,F,0,S,C,A,0,T,FORD,F35,PK,95,17,,2,0,1330,COF,D,,,8,444,,,,D,00000,00,A,44,0,0,000000000,00000000000,0,0,0,1,0,0,0,0,0,0,0,25,0,2,6,0,13,6,2,1,0,0,0,1,49,84021,0,0,0,0,0,0,999,999,99,99,99,99,99,99,9999,99,9999,0,28,0,0,0,1,2,35,1,2,5,1,0,0,3,12,1,4,4,7,1,1
49,490065,1,3,1,19,4,16,41,12,1,1,0,49,1,20,32,20032,4,1991,1Y1SK5468MZ0,1,Y,1,S,K,5,4,6,8,M,Z,0,0,P,GEO,GEP,4D,91,17,2364,,0,957,,G,,F,4,097,,,13R175,,,,,,0,0,000000000,00000000000,0,0,0,1,0,0,0,0,0,0,0,999,0,0,0,12,12,6,2,12,0,0,0,1,49,84121,6,1,0,0,3,3,69,110,98,0,0,0,0,0,0,0,0,0,26,0,0,0,2,3,40,1,1,2,1,0,0,1,50,1,1,1,20,1,0
49,490065,2,3,1,19,4,16,41,12,1,1,0,49,1,42,401,42401,14,1999,4JGAB72E1XA1,4,J,G,A,B,7,2,E,1,X,A,1,0,P,MERZ,ML4,UT,99,17,4552,,0,1110,,G,,F,8,260,,,17R275,,,,,,0,0,000000000,00000000000,0,0,0,1,0,0,0,0,0,0,0,0,0,0,0,6,12,6,2,12,0,0,0,1,49,84093,6,1,0,0,3,0,70,200,98,0,0,1,0,6,2010,6,2010,0,0,0,0,0,2,3,40,1,1,2,1,0,0,5,53,2,1,1,21,0,0
49,490065,3,3,1,19,4,16,41,12,1,1,0,49,1,49,403,49403,14,2003,JTEHF21AX301,J,T,E,H,F,2,1,A,X,3,0,1,0,P,TOYT,HIG,UT,3,17,3880,,0,1069,,G,,F,6,183,,,16R225,,,,,,0,0,000000000,00000000000,0,0,0,1,0,0,0,0,0,0,0,0,0,0,0,6,6,2,1,12,0,0,0,1,49,84093,6,1,0,0,3,0,70,150,98,0,0,0,0,0,0,0,0,0,0,0,0,0,2,3,40,1,1,2,1,0,0,5,50,2,1,1,98,0,0
49,490066,1,2,2,12,5,21,25,12,6,1,0,18,4,84,882,84882,62,2005,1HTMMAAM2AH1,1,H,T,M,M,A,A,M,2,A,H,1,0,T,INTL,430,CC,10,17,,6,0,0,40S,D,,,6,466,,,,,00000,00,,42,0,88,888888888,88888888888,2,2,1,1,0,0,0,0,0,0,0,5,0,0,0,12,12,2,1,12,0,0,0,1,41,92270,6,1,0,0,3,3,72,230,0,0,0,0,0,0,0,0,0,0,38,0,0,0,2,3,40,1,1,2,1,0,0,11,17,1,1,1,68,0,0
49,490066,2,2,1,12,5,21,25,12,6,1,0,49,1,72,706,72706,80,2007,1HD1BY5127Y0,1,H,D,1,B,Y,5,1,2,7,Y,0,0,M,HD,LTC,RS,7,17,,,,,,,1584,,2,,4,708,,,,,,,0,0,000000000,00000000000,0,0,0,1,0,0,0,0,0,0,0,999,0,0,0,3,3,6,2,12,0,0,0,1,49,84790,6,1,0,0,3,0,75,235,98,0,0,0,0,0,0,0,0,0,0,0,0,0,2,3,40,1,1,2,1,0,0,1,62,1,1,1,69,1,0