STATE,ST_CASE,VEH_NO,VE_FORMS,NUMOCCS,DAY,MONTH,HOUR,MINUTE,HARM_EV,MAN_COLL,UNITTYPE,HIT_RUN,REG_STAT,OWNER,MAKE,MODEL,MAK_MOD,BODY_TYP,MOD_YEAR,VIN,VIN_1,VIN_2,VIN_3,VIN_4,VIN_5,VIN_6,VIN_7,VIN_8,VIN_9,VIN_10,VIN_11,VIN_12,TOW_VEH,VINTYPE,VINMAKE,VINA_MOD,VIN_BT,VINMODYR,VIN_LNGT,VIN_WGT,WGTCD_TR,WHLBS_LG,WHLBS_SH,SER_TR,FUELCODE,MCYCL_DS,CARBUR,CYLINDER,DISPLACE,MCYCL_CY,MCYCL_WT,TIRE_SZE,TON_RAT,TRK_WT,TRKWTVAR,VIN_REST,WHLDRWHL,J_KNIFE,MCARR_I1,MCARR_I2,MCARR_ID,GVWR,V_CONFIG,CARGO_BT,HAZ_INV,HAZ_PLAC,HAZ_ID,HAZ_CNO,HAZ_REL,BUS_USE,SPEC_USE,EMER_USE,TRAV_SP,UNDERIDE,ROLLOVER,ROLINLOC,IMPACT1,IMPACT2,DEFORMED,TOWED,M_HARM,VEH_SC1,VEH_SC2,FIRE_EXP,DR_PRES,L_STATE,DR_ZIP,L_STATUS,L_TYPE,CDL_STAT,L_ENDORS,L_COMPL,L_RESTRI,DR_HGT,DR_WGT,PREV_ACC,PREV_SUS,PREV_DWI,PREV_SPD,PREV_OTH,FIRST_MO,FIRST_YR,LAST_MO,LAST_YR,SPEEDREL,DR_SF1,DR_SF2,DR_SF3,DR_SF4,VTRAFWAY,VNUM_LAN,VSPD_LIM,VALIGN,VPROFILE,VPAVETYP,VSURCOND,VTRAFCON,VTCONT_F,P_CRASH1,P_CRASH2,P_CRASH3,PCRASH4,PCRASH5,ACC_TYPE,DEATHS,DR_DRINK
49,490101,2,3,2,28,4,13,45,12,6,1,0,49,2,23,422,23422,15,2007,1GKFK16357J2,1,G,K,F,K,1,6,3,5,7,J,2,0,T,GMC,KX1,4W,7,17,,2,0,1300,YUK,F,,,8,323,,,,B,5745,00,S,44,0,0,000000000,00000000000,0,0,0,1,0,0,0,0,0,0,0,40,0,0,0,12,12,4,3,12,0,0,0,1,49,84084,6,1,0,0,3,0,66,150,98,0,0,0,0,0,0,0,0,0,0,0,0,0,5,4,40,1,1,2,1,0,0,1,61,99,1,1,73,0,0
49,490101,3,3,2,28,4,13,45,12,6,1,0,49,2,12,37,12037,4,2005,1FAFP34N15W1,1,F,A,F,P,3,4,N,1,5,W,1,0,P,FORD,ZX4,4D,5,17,2677,,0,1030,,G,,F,4,122,,,15R195,,,,,,0,0,000000000,00000000000,0,0,0,1,0,0,0,0,0,0,0,38,0,0,0,11,10,6,2,12,0,0,0,1,49,84084,6,1,0,0,3,0,59,140,98,0,0,1,0,3,2009,3,2009,0,0,0,0,0,5,4,40,1,1,2,1,0,0,1,62,99,1,1,98,0,0
49,490102,1,5,1,22,5,6,6,12,7,1,1,49,2,48,38,48038,4,2004,JF1GD29634G5,J,F,1,G,D,2,9,6,3,4,G,5,0,P,SUBA,IWX,4D,4,17,3085,,0,994,,G,,T,4,122,,,16R205,,,,,,0,0,000000000,00000000000,0,0,0,1,0,0,0,0,0,0,0,75,0,0,0,11,12,6,2,12,0,0,0,1,49,84104,1,1,0,0,2,0,68,120,98,2,0,0,0,10,2008,8,2010,1,26,28,0,0,5,3,40,1,1,2,2,3,3,1,10,1,1,2,45,0,1
49,490102,2,5,1,22,5,6,6,12,7,1,0,49,1,20,32,20032,4,1990,1Y1SK5161LZ0,1,Y,1,S,K,5,1,6,1,L,Z,0,0,P,GEO,GEP,4D,90,17,2321,,0,957,,G,,F,4,097,,,13R175,,,,,,0,0,000000000,00000000000,0,0,0,1,0,0,0,0,0,0,0,998,0,0,0,2,2,2,1,12,0,0,0,1,49,84118,6,1,0,0,3,0,74,250,98,0,0,1,0,2,2011,2,2011,0,0,0,0,0,5,3,40,1,1,2,2,3,3,1,61,1,1,1,44,0,0
49,490102,3,5,1,22,5,6,6,12,7,1,0,49,1,12,37,12037,4,2003,1FAFP33P63W2,1,F,A,F,P,3,3,P,6,3,W,2,0,P,FORD,FOX,4D,3,17,2564,,0,1030,,G,,F,4,122,,,14R185,,,,,,0,0,000000000,00000000000,0,0,0,1,0,0,0,0,0,0,0,0,0,0,0,6,6,6,2,12,0,0,0,1,49,84084,6,1,0,0,3,0,77,220,98,0,0,0,0,0,0,0,0,0,0,0,0,0,5,3,40,1,1,2,2,3,3,5,53,1,1,1,98,1,0
49,490102,4,5,1,22,5,6,6,12,7,1,0,49,2,22,18,22018,4,1996,1G2NE52M7TM5,1,G,2,N,E,5,2,M,7,T,M,5,0,P,PONT,GAS,4D,96,17,2719,,0,1034,,G,,F,6,191,,,14R195,,,,,,0,0,000000000,00000000000,0,0,0,1,0,0,0,0,0,0,0,0,0,0,0,6,6,6,2,12,0,0,0,1,49,84118,0,0,0,0,0,0,999,999,99,99,99,99,99,99,9999,99,9999,0,0,0,0,0,5,3,40,1,1,2,2,3,3,5,50,1,1,1,98,0,0
49,490102,5,5,1,22,5,6,6,12,7,1,0,49,1,7,24,7024,4,2009,2B3KK53T89H5,2,B,3,K,K,5,3,T,8,9,H,5,0,P,DODG,C/A,4D,9,17,4268,,0,1200,,G,,F,8,348,,,18R225,,,,,,0,0,000000000,00000000000,0,0,0,1,0,0,0,0,0,0,0,0,0,0,0,1,1,4,3,12,0,0,0,1,49,84084,6,1,0,0,3,0,72,210,98,0,0,0,0,0,0,0,0,0,0,0,0,0,5,3,40,1,1,2,2,3,3,5,61,1,1,1,98,0,0
49,490103,1,5,1,30,6,15,52,12,6,1,0,49,1,55,35,55035,4,2003,KMHDN45D83U5,K,M,H,D,N,4,5,D,8,3,U,5,0,P,HYUN,EST,4D,3,17,2635,,0,1027,,G,,F,4,121,,,15R205,,,,,,0,0,000000000,00000000000,0,0,0,1,0,0,0,0,0,0,0,998,0,0,0,12,12,6,2,12,0,0,0,1,49,84118,6,1,0,0,3,3,75,250,98,0,0,1,0,4,2011,4,2011,1,39,0,0,0,5,6,45,1,1,2,1,3,3,1,17,1,1,1,86,0,1
49,490103,2,5,1,30,6,15,52,12,6,1,0,49,3,41,51,41051,4,2009,JM1BK32F4912,J,M,1,B,K,3,2,F,4,9,1,2,0,P,MAZD,M3I,4D,9,17,2780,,0,1039,,G,,F,4,122,,,15R195,,,,,,0,0,000000000,00000000000,0,0,0,1,0,0,0,0,0,0,0,998,0,0,0,1,1,6,2,12,0,0,0,1,49,84084,6,1,0,0,3,0,71,240,98,0,0,0,0,0,0,0,0,0,0,0,0,0,5,3,40,1,1,2,1,3,3,1,17,99,1,1,87,0,0
49,490103,3,5,1,30,6,15,52,12,6,1,0,49,1,21,2,21002,4,1987,1G3HN5435H18,1,G,3,H,N,5,4,3,5,H,1,8,0,P,OLDS,DRF,4D,87,17,3176,,0,1108,,G,,F,6,231,,,14R205,,,,,,0,0,000000000,00000000000,0,0,0,1,0,0,0,0,0,0,0,998,0,0,0,9,9,6,2,12,0,0,0,1,49,84119,6,1,0,0,3,0,67,165,98,0,0,0,0,0,0,0,0,0,0,0,0,0,5,3,40,1,1,2,1,3,3,1,17,99,1,1,98,1,0
49,490103,4,5,1,30,6,15,52,12,6,1,0,49,2,12,3,12003,1,2004,1FAFP40684F1,1,F,A,F,P,4,0,6,8,4,F,1,0,P,FORD,MUS,CP,4,17,3114,,0,1013,,G,,F,6,238,,,16R225,,,,,,0,0,000000000,00000000000,0,0,0,1,0,0,0,0,0,0,0,0,0,0,0,12,12,6,2,12,0,0,0,1,49,84118,6,1,0,0,3,3,69,185,98,0,0,0,1,4,2011,4,2011,0,0,0,0,0,5,6,45,1,1,2,1,3,3,5,98,1,1,1,98,0,0
49,490103,5,5,2,30,6,15,52,12,6,1,0,49,2,20,37,20037,4,2005,1G1ZS52F85F1,1,G,1,Z,S,5,2,F,8,5,F,1,0,P,CHEV,MAL,4D,5,17,3174,,0,1063,,G,,F,4,134,,,15R205,,,,,,0,0,000000000,00000000000,0,0,0,1,0,0,0,0,0,0,0,998,0,0,0,13,13,2,1,54,0,0,0,1,49,84123,6,1,0,0,3,0,65,130,98,0,0,0,0,0,0,0,0,0,0,0,0,0,5,3,40,1,1,2,1,3,3,10,98,1,1,1,98,0,0
49,490104,1,1,1,30,7,23,30,38,0,1,0,49,1,76,709,76709,80,2007,JYARJ06E37A0,J,Y,A,R,J,0,6,E,3,7,A,0,0,M,YAMA,F6S,RC,7,17,,,,,,,600,,4,,4,357,,,,,,,0,0,000000000,00000000000,0,0,0,1,0,0,0,0,0,0,0,120,0,0,0,12,12,6,2,38,0,0,0,1,49,84404,6,1,0,0,3,0,73,130,98,0,0,1,0,5,2009,5,2009,1,28,0,0,0,2,4,50,2,1,1,1,0,0,14,6,99,9,4,1,1,1
49,490105,1,3,1,1,7,12,30,12,1,1,0,38,3,87,881,87881,66,2009,1XPHD49X59N7,1,X,P,H,D,4,9,X,5,9,N,7,1,T,PTRB,386,TR,9,17,,8,0,0,CON,D,,,6,915,,,,,00000,00,,64,1,57,00147598,5700147598,3,6,1,1,0,0,0,0,0,0,0,75,0,0,0,12,12,4,3,12,0,0,0,1,27,57201,6,1,6,1,3,0,65,180,0,0,0,0,0,0,0,0,0,1,26,0,0,0,2,2,80,1,1,2,1,0,0,1,51,7,1,1,24,0,0
49,490105,2,3,1,1,7,12,30,12,1,1,0,92,0,3,884,3884,61,1994,NSN232001383,N,S,N,2,3,2,0,0,1,3,8,3,0,T,AMGN,,,94,13,,,,,,,,,,,,,,,,,,,0,88,888888888,88888888888,2,2,97,1,0,0,0,0,0,0,0,60,0,1,3,6,13,4,3,1,0,0,0,1,49,84770,6,1,6,0,3,0,70,180,98,0,0,0,0,0,0,0,0,0,0,0,0,0,2,2,80,1,1,2,1,0,0,1,53,1,1,1,25,1,0
49,490105,3,3,4,1,7,12,30,12,1,1,0,49,1,7,422,7422,15,2007,1D8HB48PX7F5,1,D,8,H,B,4,8,P,X,7,F,5,0,P,DODG,DUR,UT,7,17,5132,,0,1192,,F,,F,8,287,,,17R245,,,,,,0,0,000000000,00000000000,0,0,0,1,0,0,0,0,0,0,0,80,0,0,0,1,1,4,3,12,0,0,0,1,49,84648,6,1,0,0,3,0,62,112,98,0,0,0,0,0,0,0,0,0,0,0,0,0,2,2,80,1,1,2,1,0,0,6,61,99,1,1,98,0,0
49,490106,1,4,1,6,7,18,9,12,8,1,0,49,1,53,705,53705,80,2003,JS1VP53A9321,J,S,1,V,P,5,3,A,9,3,2,1,0,M,SUZI,SV6,RC,3,17,,,,,,,645,,2,,4,645,,,,,,,0,0,000000000,00000000000,0,0,0,1,0,0,0,0,0,0,0,50,0,0,0,11,11,4,3,12,0,0,0,1,49,84321,6,1,0,0,3,3,72,220,98,0,0,0,0,0,0,0,0,1,58,0,0,0,5,4,40,1,1,2,1,0,0,6,10,99,7,2,64,1,0
49,490106,2,4,2,6,7,18,9,12,8,1,0,49,1,18,20,18020,4,1999,2G4WB52K4X15,2,G,4,W,B,5,2,K,4,X,1,5,0,P,BUIC,RLL,4D,99,17,3439,,0,1090,,G,,F,6,231,,,15R215,,,,,,0,0,000000000,00000000000,0,0,0,1,0,0,0,0,0,0,0,0,0,0,0,10,10,4,1,12,0,0,0,1,49,84041,6,1,0,0,3,0,62,180,98,0,0,0,0,0,0,0,0,0,0,0,0,0,5,4,40,1,1,2,1,3,3,5,62,1,1,1,65,0,0
49,490106,3,4,3,6,7,18,9,12,8,1,0,41,1,35,49,35049,6,2006,JN8AZ08W26W5,J,N,8,A,Z,0,8,W,2,6,W,5,0,P,NISS,MUR,UT,6,17,3855,,0,1112,,G,,F,6,213,,,18R235,,,,,,0,0,000000000,00000000000,0,0,0,1,0,0,0,0,0,0,0,5,0,0,0,12,12,4,1,54,0,0,0,1,41,97202,6,1,0,0,3,3,68,140,1,0,0,0,0,5,2010,5,2010,0,0,0,0,0,5,4,40,1,1,2,1,3,3,2,62,1,1,1,98,0,0
49,490106,4,4,2,6,7,18,9,12,8,1,0,49,2,37,32,37032,4,2002,1HGCG65872A0,1,H,G,C,G,6,5,8,7,2,A,0,0,P,HOND,UEX,4D,2,17,3075,,0,1069,,G,,F,4,138,,,15R195,,,,,,0,0,000000000,00000000000,0,0,0,1,0,0,0,0,0,0,0,20,0,0,0,14,14,0,1,54,0,0,0,1,49,84067,6,1,0,0,3,0,71,195,98,0,0,0,0,0,0,0,0,0,0,0,0,0,5,4,40,1,1,2,1,0,0,1,62,4,1,1,98,0,0
49,490107,1,1,2,4,3,1,50,41,0,1,0,49,1,20,22,20022,4,2005,1G1AK12F4575,1,G,1,A,K,1,2,F,4,5,7,5,0,P,CHEV,CBT,CP,5,17,2991,,0,1033,,G,,F,4,134,,,15R195,,,,,,0,0,000000000,00000000000,0,0,0,1,0,0,0,0,0,0,0,80,0,1,6,12,12,6,2,1,0,0,0,1,49,84532,4,1,0,0,2,0,71,170,98,0,0,1,0,4,2010,4,2010,1,0,0,0,0,1,2,50,2,1,2,1,0,0,14,6,1,1,4,1,1,1
49,490108,1,1,1,9,4,12,10,34,0,1,0,49,2,37,734,37734,90,2004,478TE2203445,4,7,8,T,E,2,2,0,3,4,4,5,0,M,HOND,T4M,AT,4,17,,,,,,,433,,1,,4,582,,,,,,,0,0,000000000,00000000000,0,0,0,1,0,0,0,0,0,0,0,10,0,1,5,12,12,6,2,1,0,0,0,1,49,84066,0,0,0,0,1,0,999,999,98,0,0,0,0,0,0,0,0,0,52,0,0,0,1,2,25,1,2,5,1,0,0,1,13,99,1,4,1,1,0
49,490109,1,1,2,7,9,12,43,25,0,1,0,48,1,49,43,49043,4,2006,4T1BK36B26U0,4,T,1,B,K,3,6,B,2,6,U,0,0,P,TOYT,UTS,4D,6,17,3490,,0,1071,,G,,F,6,213,,,15R205,,,,,,0,0,000000000,00000000000,0,0,0,1,0,0,0,0,0,0,0,75,0,2,6,12,13,6,2,1,0,0,0,1,48,76226,9,1,99,0,9,3,999,999,99,99,99,99,99,99,9999,99,9999,0,28,58,0,0,3,2,75,2,1,2,1,0,0,14,12,7,1,4,6,1,0
49,490110,1,1,1,11,9,14,27,34,0,1,0,49,1,55,401,55401,14,2007,5NMSH73E47H1,5,N,M,S,H,7,3,E,4,7,H,1,0,P,HYUN,SAN,UT,7,17,4022,,0,1063,,G,,F,6,204,,,18R235,,,,,,0,0,000000000,00000000000,0,0,0,1,0,0,0,0,0,0,0,999,0,1,6,12,12,6,2,1,0,0,0,1,49,84015,6,1,0,0,3,0,64,135,98,0,0,0,0,0,0,0,0,1,28,0,0,0,1,2,55,2,6,2,1,0,0,14,12,1,1,4,6,1,0
49,490111,1,1,2,11,9,18,9,41,0,1,0,49,1,49,32,49032,4,2009,1NXBU40E69Z1,1,N,X,B,U,4,0,E,6,9,Z,1,0,P,TOYT,CBL,4D,9,17,2723,,0,1024,,G,,F,4,110,,,15R195,,,,,,0,0,000000000,00000000000,0,0,0,1,0,0,0,0,0,0,0,75,0,1,3,9,12,6,2,1,0,0,0,1,49,84120,6,1,0,0,3,0,67,152,98,0,0,0,0,0,0,0,0,1,58,87,0,0,2,2,75,1,2,2,6,0,0,1,6,7,3,4,7,1,0
49,490112,1,1,1,11,4,15,39,39,0,1,0,49,1,23,471,23471,30,1991,1GKDT13Z5M25,1,G,K,D,T,1,3,Z,5,M,2,5,0,T,GMC,SJI,4W,91,17,,1,0,1070,S15,G,,,6,262,,,,B,00000,00,A,44,0,0,000000000,00000000000,0,0,0,1,0,0,0,0,0,0,0,20,0,0,0,6,6,6,2,8,0,0,0,1,49,84036,1,1,0,0,2,0,72,160,98,1,1,0,1,6,2010,1,2011,0,31,0,0,0,1,2,25,1,1,2,1,0,0,13,98,1,1,5,92,0,1
49,490113,1,1,3,17,9,19,30,35,0,1,0,49,1,7,482,7482,31,2003,1D7HU18D43S3,1,D,7,H,U,1,8,D,4,3,S,3,0,T,DODG,SQ1,CW,3,17,,2,1605,1405,RPC,G,,,8,345,,,,B,5005,02,E,44,0,0,000000000,00000000000,0,0,0,1,0,0,0,0,0,0,0,40,0,1,6,2,13,6,2,1,0,0,0,1,49,84321,6,1,6,0,3,3,74,210,98,0,0,0,0,0,0,0,0,1,36,79,0,0,1,2,99,1,1,5,11,0,0,1,6,7,2,4,7,1,1
49,490114,1,1,1,9,9,13,18,30,0,1,0,49,1,7,442,7442,20,1999,1B4GP44R5XB8,1,B,4,G,P,4,4,R,5,X,B,8,0,T,DODG,GSS,ES,99,17,,1,0,1193,CAR,G,,,6,201,,,,,3856,00,E,42,0,0,000000000,00000000000,0,0,0,1,0,0,0,0,0,0,0,45,0,0,0,12,12,6,2,30,0,0,0,1,49,84015,6,1,0,0,3,3,62,125,98,0,0,0,0,0,0,0,0,0,28,0,0,0,1,2,45,1,1,2,1,0,0,1,12,99,1,4,6,1,0
49,490115,1,1,1,19,9,15,19,31,0,1,0,49,1,20,481,20481,31,2005,2GCEC19T8513,2,G,C,E,C,1,9,T,8,5,1,3,0,T,CHEV,SC1,4C,5,17,,2,1575,1435,SIL,G,,,8,323,,,,B,4555,00,,42,0,0,000000000,00000000000,0,0,0,1,0,0,0,0,0,0,0,60,0,1,6,12,1,6,2,1,0,0,0,1,49,84624,6,1,0,0,3,0,70,240,98,0,0,1,0,7,2010,7,2010,1,28,0,0,0,1,2,35,1,2,2,1,0,0,1,11,99,1,4,1,1,0
49,490116,1,1,1,16,9,9,32,42,0,1,0,49,2,42,42,42042,4,1998,WDBHA23GXWA6,W,D,B,H,A,2,3,G,X,W,A,6,0,P,MERZ,C23,4D,98,17,3095,,0,1059,,G,,F,4,140,,,15R205,,,,,,0,0,000000000,00000000000,0,0,0,1,0,0,0,0,0,0,0,75,0,0,0,12,12,6,2,42,0,0,0,1,32,84721,2,1,0,0,2,3,70,180,0,1,0,0,0,8,2011,8,2011,0,28,0,0,0,2,2,75,1,2,2,1,0,0,1,13,1,1,4,1,1,1
49,490117,1,1,2,22,9,15,6,1,0,1,0,49,2,2,403,2403,14,1998,1J4FYZAP7WP7,1,J,4,F,Y,Z,A,P,7,W,P,7,0,T,JEEP,,2W,98,17,,1,,,,G,,,4,150,,,,,,,,44,0,0,000000000,00000000000,0,0,0,1,0,0,0,0,0,0,0,35,0,1,6,0,3,6,2,1,0,0,0,1,49,84123,6,1,0,0,3,0,65,205,98,0,0,5,1,5,2009,6,2010,0,28,0,0,0,1,2,35,3,6,2,1,0,0,14,12,1,1,4,6,1,0
49,490118,1,1,1,15,9,13,40,1,0,1,0,49,3,87,884,87884,66,2005,1XP5DB0X15D8,1,X,P,5,D,B,0,X,1,5,D,8,2,T,PTRB,379,TR,5,17,,8,0,0,CON,D,,,6,893,,,,,00000,00,,64,1,57,227927,57227927,3,7,2,2,2,1267,88,8,0,0,0,65,0,2,1,0,0,6,2,2,0,0,1,1,49,84007,6,1,6,1,3,0,71,250,98,0,0,0,0,0,0,0,0,1,0,0,0,0,1,2,50,2,2,2,1,0,0,14,6,1,1,2,98,1,0
49,490119,1,1,2,29,9,19,10,1,0,1,0,16,1,7,482,7482,31,1996,1B7KC26C3TS7,1,B,7,K,C,2,6,C,3,T,S,7,0,T,DODG,250,PK,96,17,,2,0,1347,RPC,D,,,6,359,,,,C,4416,00,M,42,0,0,000000000,00000000000,0,0,0,1,0,0,0,0,0,0,0,65,0,1,3,0,0,6,2,1,0,0,0,1,49,84015,6,1,0,0,3,3,71,250,98,0,0,0,0,0,0,0,0,0,0,0,0,0,2,2,75,1,2,1,1,0,0,1,1,99,3,4,7,1,0
49,490120,1,1,1,5,10,10,44,1,0,1,0,49,1,55,401,55401,14,2005,KM8SC73D95U0,K,M,8,S,C,7,3,D,9,5,U,0,0,P,HYUN,SAN,UT,5,17,3752,,0,1031,,G,,F,6,162,,,16R225,,,,,,0,0,000000000,00000000000,0,0,0,1,0,0,0,0,0,0,0,999,0,1,1,0,13,6,2,1,0,0,0,1,49,84622,6,1,0,0,3,3,71,225,98,0,0,0,0,0,0,0,0,9,28,58,0,0,1,2,55,3,1,2,1,0,0,14,11,7,7,6,98,1,0
49,490121,1,1,1,6,10,21,38,41,0,1,0,49,1,12,422,12422,15,1999,1FMPU18L2XLA,1,F,M,P,U,1,8,L,2,X,L,A,0,P,FORD,EPT,UT,99,17,5177,,0,1191,,G,,F,8,330,,,17R265,,,,,,0,0,000000000,00000000000,0,0,0,1,0,0,0,0,0,0,0,65,0,9,6,12,13,4,3,1,0,0,0,1,49,84119,6,1,0,0,3,0,61,170,98,0,0,1,0,9,2010,9,2010,0,28,58,0,0,1,2,65,3,1,2,1,0,0,14,11,6,1,4,1,1,1
49,490122,1,2,2,11,7,11,19,12,6,1,0,49,1,49,40,49040,4,1999,4T1BG22K5XU4,4,T,1,B,G,2,2,K,5,X,U,4,0,P,TOYT,UEX,4D,99,17,2998,,0,1051,,G,,F,4,132,,,14R195,,,,,,0,0,000000000,00000000000,0,0,0,1,0,0,0,0,0,0,0,999,0,0,0,10,10,6,2,12,0,0,0,1,49,84044,3,1,0,0,2,3,64,190,98,0,0,0,0,0,0,0,0,0,39,0,0,0,1,2,40,1,2,1,1,3,3,1,17,1,1,1,89,1,0
49,490122,2,2,1,11,7,11,19,12,6,1,0,49,1,58,37,58037,4,2003,JNKCV51E03M3,J,N,K,C,V,5,1,E,0,3,M,3,0,P,INFI,G35,4D,3,17,3336,,0,1122,,G,,F,6,214,,,16R205,,,,,,0,0,000000000,00000000000,0,0,0,1,0,0,0,0,0,0,0,999,0,0,0,12,12,6,2,12,0,0,0,1,49,84084,6,1,0,0,3,3,70,195,98,0,0,1,0,1,2010,1,2010,0,0,0,0,0,1,2,50,1,2,1,1,3,3,1,17,1,1,1,88,0,0
49,490123,1,2,1,22,8,13,55,12,6,1,0,49,2,20,401,20401,14,2004,1GNDT13S6421,1,G,N,D,T,1,3,S,6,4,2,1,0,P,CHEV,TRL,UT,4,17,4612,,0,1130,,G,,F,6,256,,,16R245,,,,,,0,0,000000000,00000000000,0,0,0,1,0,0,0,0,0,0,0,15,0,0,0,12,12,6,2,12,0,0,0,1,49,84087,6,1,0,0,3,3,70,185,98,0,0,1,0,2,2011,2,2011,0,38,0,0,0,1,2,40,1,1,2,1,20,3,11,15,1,1,1,82,0,0
49,490123,2,2,2,22,8,13,55,12,6,1,0,49,1,19,3,19003,4,1992,1G6CD53B1N42,1,G,6,C,D,5,3,B,1,N,4,2,0,P,CADI,DFW,4D,92,17,3591,,0,1138,,G,,F,8,300,,,15R205,,,,,,0,0,000000000,00000000000,0,0,0,1,0,0,0,0,0,0,0,45,0,0,0,2,2,6,2,12,0,0,0,1,49,84010,6,1,0,0,3,0,68,200,98,0,0,0,0,0,0,0,0,0,0,0,0,0,5,4,40,1,1,2,1,0,0,1,17,1,1,1,83,1,0
49,490124,1,2,3,1,8,18,20,12,2,1,0,18,3,12,461,12461,21,2008,1FDWE35L68DA,1,F,D,W,E,3,5,L,6,8,D,A,0,T,FORD,3DC,YY,8,17,,3,1760,1380,CTV,G,,,8,330,,,,D,00000,00,E,42,0,0,000000000,00000000000,0,0,0,1,0,0,0,0,0,0,0,70,0,0,0,12,12,6,2,12,0,0,0,1,8,81504,2,1,0,0,2,0,67,200,0,6,0,0,1,10,2008,1,2011,0,51,0,0,0,1,3,65,1,6,2,1,0,0,1,10,99,1,2,50,0,0
49,490124,2,2,2,1,8,18,20,12,2,1,0,49,1,18,2,18002,4,1995,1G4HR52L0SH5,1,G,4,H,R,5,2,L,0,S,H,5,0,P,BUIC,LLF,4D,95,17,3442,,0,1108,,G,,F,6,231,,,15R205,,,,,,0,0,000000000,00000000000,0,0,0,1,0,0,0,0,0,0,0,50,0,0,0,12,12,6,2,12,0,0,0,1,49,84511,6,1,0,0,3,0,63,110,98,0,0,0,0,0,0,0,0,0,0,0,0,0,1,3,65,1,5,2,1,0,0,1,54,7,1,2,51,2,0
49,490125,1,1,1,4,8,8,20,8,0,1,0,49,2,22,22,22022,4,2008,1G2ZM577X842,1,G,2,Z,M,5,7,7,X,8,4,2,0,P,PONT,6XP,4D,8,17,3545,,0,1123,,G,,F,6,220,,,18R225,,,,,,0,0,000000000,00000000000,0,0,0,1,0,0,0,0,0,0,0,50,0,0,0,12,12,6,2,8,0,0,0,1,49,84501,6,1,0,0,3,0,67,105,98,0,0,1,0,5,2011,5,2011,0,28,0,0,0,1,2,50,1,1,2,1,0,0,1,12,1,1,4,6,0,0
49,490126,1,1,1,30,8,17,19,1,0,1,0,49,3,2,404,2404,14,1998,1J4GZ58S3WC3,1,J,4,G,Z,5,8,S,3,W,C,3,0,T,JEEP,LRT,4W,98,17,,1,0,1059,GCK,G,,,6,242,,,,,3708,01,E,44,0,0,000000000,00000000000,0,0,0,1,0,0,0,0,0,0,0,65,0,1,6,0,0,6,2,1,0,0,0,1,49,84341,2,1,0,0,2,0,70,160,98,3,1,0,1,10,2009,4,2011,1,28,0,0,0,1,2,55,2,1,2,1,0,0,14,12,1,1,4,6,1,1
49,490127,1,2,3,17,8,14,12,12,6,1,0,49,2,49,442,49442,20,2001,4T3ZF13C41U3,4,T,3,Z,F,1,3,C,4,1,U,3,0,P,TOYT,SIE,SV,1,17,3932,,0,1142,,G,,F,6,183,,,15R205,,,,,,0,0,000000000,00000000000,0,0,0,1,0,0,0,0,0,0,0,20,0,0,0,3,3,6,2,12,0,0,0,1,49,84761,6,1,0,0,3,0,60,155,98,0,0,0,0,0,0,0,0,0,38,0,0,0,1,2,45,1,1,2,1,3,3,11,15,1,1,1,68,1,0
49,490127,2,2,8,17,8,14,12,12,6,1,0,49,1,20,431,20431,16,2001,3GNGK26U51G2,3,G,N,G,K,2,6,U,5,1,G,2,0,P,CHEV,K25,UT,1,17,5760,,0,1300,,G,,F,8,364,,,16R245,,,,,,0,0,000000000,00000000000,0,0,0,1,0,0,0,0,0,0,0,45,0,0,0,12,12,6,2,12,0,0,0,1,49,84757,6,1,0,0,3,0,69,205,98,0,0,1,0,10,2010,10,2010,0,0,0,0,0,2,2,45,1,1,2,1,3,3,1,17,1,1,1,69,0,0
49,490128,1,1,1,6,8,1,23,8,0,1,1,49,1,23,481,23481,31,2000,1GTGK29U7YE4,1,G,T,G,K,2,9,U,7,Y,E,4,0,T,GMC,NK2,3C,0,17,,2,1575,1435,SIE,G,,,8,364,,,,C,5288,00,U,44,0,0,000000000,00000000000,0,0,0,1,0,0,0,0,0,0,0,65,0,0,0,12,12,2,1,8,0,0,0,1,31,68979,6,1,0,0,3,3,71,160,0,0,0,1,0,7,2010,7,2010,1,39,0,0,0,2,2,65,1,2,2,1,50,3,1,80,1,1,1,13,0,1
49,490129,1,1,6,6,8,18,18,9,0,1,0,49,1,49,43,49043,4,2007,4T1BK36B47U1,4,T,1,B,K,3,6,B,4,7,U,1,0,P,TOYT,UTS,4D,7,17,3495,,0,1071,,G,,F,6,214,,,16R215,,,,,,0,0,000000000,00000000000,0,0,0,1,0,0,0,0,0,0,0,50,0,0,0,12,12,2,1,9,0,0,0,1,49,84518,6,1,0,0,3,0,69,250,98,0,0,2,0,3,2009,1,2010,0,0,0,0,0,2,2,55,1,1,2,1,0,0,1,83,1,1,1,13,0,0
49,490130,1,1,1,20,10,6,4,1,0,1,0,49,1,12,3,12003,2,1995,1FALP45T8SF1,1,F,A,L,P,4,5,T,8,S,F,1,0,P,FORD,MGG,CV,95,17,3451,,0,1013,,G,,F,8,302,,,16R225,,,,,,0,0,000000000,00000000000,0,0,0,1,0,0,0,0,0,0,0,65,0,1,5,0,0,6,2,1,0,0,0,1,49,84404,1,1,0,0,2,0,66,165,98,1,0,2,0,1,2010,2,2011,1,35,0,0,0,1,2,40,2,2,2,1,0,0,6,12,1,1,4,6,1,0