STATE,ST_CASE,VEH_NO,VE_FORMS,NUMOCCS,DAY,MONTH,HOUR,MINUTE,HARM_EV,MAN_COLL,UNITTYPE,HIT_RUN,REG_STAT,OWNER,MAKE,MODEL,MAK_MOD,BODY_TYP,MOD_YEAR,VIN,VIN_1,VIN_2,VIN_3,VIN_4,VIN_5,VIN_6,VIN_7,VIN_8,VIN_9,VIN_10,VIN_11,VIN_12,TOW_VEH,VINTYPE,VINMAKE,VINA_MOD,VIN_BT,VINMODYR,VIN_LNGT,VIN_WGT,WGTCD_TR,WHLBS_LG,WHLBS_SH,SER_TR,FUELCODE,MCYCL_DS,CARBUR,CYLINDER,DISPLACE,MCYCL_CY,MCYCL_WT,TIRE_SZE,TON_RAT,TRK_WT,TRKWTVAR,VIN_REST,WHLDRWHL,J_KNIFE,MCARR_I1,MCARR_I2,MCARR_ID,GVWR,V_CONFIG,CARGO_BT,HAZ_INV,HAZ_PLAC,HAZ_ID,HAZ_CNO,HAZ_REL,BUS_USE,SPEC_USE,EMER_USE,TRAV_SP,UNDERIDE,ROLLOVER,ROLINLOC,IMPACT1,IMPACT2,DEFORMED,TOWED,M_HARM,VEH_SC1,VEH_SC2,FIRE_EXP,DR_PRES,L_STATE,DR_ZIP,L_STATUS,L_TYPE,CDL_STAT,L_ENDORS,L_COMPL,L_RESTRI,DR_HGT,DR_WGT,PREV_ACC,PREV_SUS,PREV_DWI,PREV_SPD,PREV_OTH,FIRST_MO,FIRST_YR,LAST_MO,LAST_YR,SPEEDREL,DR_SF1,DR_SF2,DR_SF3,DR_SF4,VTRAFWAY,VNUM_LAN,VSPD_LIM,VALIGN,VPROFILE,VPAVETYP,VSURCOND,VTRAFCON,VTCONT_F,P_CRASH1,P_CRASH2,P_CRASH3,PCRASH4,PCRASH5,ACC_TYPE,DEATHS,DR_DRINK
49,490131,1,1,3,4,10,13,19,5,0,1,0,49,1,38,402,38402,14,1999,4S2CM58W0X43,4,S,2,C,M,5,8,W,0,X,4,3,0,P,ISU,ROD,UT,99,17,3528,,0,1064,,G,,F,6,195,,,15R235,,,,,,0,0,000000000,00000000000,0,0,0,1,0,0,0,0,0,0,0,30,0,0,0,0,0,0,1,5,0,0,0,1,49,84403,6,1,0,0,3,3,68,200,98,0,0,0,0,0,0,0,0,0,24,0,0,0,1,2,35,1,1,2,1,3,3,1,98,1,1,1,0,1,0
49,490132,1,1,1,27,10,0,5,31,0,1,0,49,1,35,473,35473,31,2006,1N6AA07B36N5,1,N,6,A,A,0,7,B,3,6,N,5,0,T,NISS,TXS,CW,6,17,,2,0,1398,TTN,G,,,8,342,,,,C,4952,00,E,44,0,0,000000000,00000000000,0,0,0,1,0,0,0,0,0,0,0,999,0,1,6,12,12,6,2,1,0,0,0,1,49,84542,6,1,0,0,3,0,74,260,98,1,0,1,0,4,2009,12,2010,1,0,0,0,0,1,2,45,3,2,2,1,0,0,14,17,1,1,4,15,1,1
49,490133,1,1,1,26,10,10,29,1,0,1,0,49,3,84,883,84883,66,2007,2HSCNAPR07C3,2,H,S,C,N,A,P,R,0,7,C,3,2,T,INTL,94I,TR,7,17,,8,0,0,940,D,,,6,915,,,,,00000,00,,64,1,57,00154273,5700154273,3,7,2,2,2,16,88,8,0,0,0,45,0,2,1,0,12,6,2,25,0,0,0,1,49,84074,6,1,6,1,3,0,67,230,98,0,0,0,0,0,0,0,0,1,0,0,0,0,6,1,65,2,2,2,1,0,0,2,6,4,1,1,98,1,0
49,490134,1,1,1,15,2,2,38,14,0,1,0,49,2,9,442,9442,20,1999,2P4GP44R8XR2,2,P,4,G,P,4,4,R,8,X,R,2,0,T,PLYM,GSX,ES,99,17,,1,0,1193,VOF,G,,,6,201,,,,,3856,00,E,42,0,0,000000000,00000000000,0,0,0,1,0,0,0,0,0,0,0,998,0,0,0,12,12,6,2,2,0,0,1,1,49,84043,6,1,0,0,3,0,73,185,98,0,0,0,0,0,0,0,0,9,28,0,0,0,5,4,50,1,1,2,1,0,0,1,11,99,1,4,11,1,0
49,490135,1,1,1,7,6,22,26,9,0,1,1,99,9,30,46,30046,9,9999,999999999999,9,9,9,9,9,9,9,9,9,9,9,9,0,,,,,,,,,,,,,,,,,,,,,,,,,0,0,000000000,00000000000,0,0,0,1,0,0,0,0,0,0,0,999,0,0,0,12,12,9,1,9,99,99,0,1,99,99999,9,9,99,9,9,9,999,999,99,99,99,99,99,99,9999,99,9999,9,99,99,99,99,3,3,40,1,1,2,1,0,0,1,83,99,1,9,13,0,0
49,490136,1,1,1,22,6,23,36,8,0,1,1,99,9,99,999,99999,49,9999,999999999999,9,9,9,9,9,9,9,9,9,9,9,9,0,,,,,,,,,,,,,,,,,,,,,,,,,0,0,000000000,00000000000,0,0,0,1,0,0,0,0,0,0,0,999,0,0,0,99,99,9,1,8,99,99,0,1,99,99999,9,9,99,9,9,9,999,999,99,99,99,99,99,99,9999,99,9999,9,99,99,99,99,3,4,98,1,1,2,1,3,3,1,80,99,1,1,13,0,0
49,490137,1,1,2,24,6,23,29,53,0,1,0,49,2,22,18,22018,4,2005,1G2NE52E95M1,1,G,2,N,E,5,2,E,9,5,M,1,0,P,PONT,GAS,4D,5,17,3066,,0,1070,,G,,F,6,207,,,15R215,,,,,,0,0,000000000,00000000000,0,0,0,1,0,0,0,0,0,0,0,103,0,0,0,9,9,6,2,14,0,0,0,1,49,84025,6,1,0,0,3,0,70,165,98,0,1,0,0,1,2009,1,2009,1,28,0,0,0,1,2,45,1,1,2,1,0,0,1,6,99,2,4,2,1,0
49,490138,1,2,1,16,6,13,52,12,7,1,0,49,1,53,706,53706,80,2007,JS1VY52A0721,J,S,1,V,Y,5,2,A,0,7,2,1,0,M,SUZI,VL1,RS,7,17,,,,,,,1475,,2,,4,665,,,,,,,0,0,000000000,00000000000,0,0,0,1,0,0,0,0,0,0,0,40,0,0,0,9,9,4,3,12,0,0,0,1,49,84119,6,1,6,0,3,0,70,220,98,0,0,0,0,0,0,0,0,0,27,0,0,0,3,5,65,1,1,1,1,0,0,15,10,99,1,2,47,1,0
49,490138,2,2,1,16,6,13,52,12,7,1,0,17,3,85,881,85881,66,2006,1XKDDU8X96J0,1,X,K,D,D,U,8,X,9,6,J,0,2,T,KW,T80,TR,6,17,,8,2600,1600,CON,D,,,6,763,,,,,00000,00,,64,1,57,284570,57284570,3,7,97,1,0,0,0,0,0,0,0,65,0,0,0,3,14,2,1,12,0,0,0,1,49,84104,6,1,6,1,3,3,74,211,98,0,0,1,0,12,2010,12,2010,0,0,0,0,0,3,5,65,1,1,1,1,0,0,1,61,99,1,1,45,0,0
49,490139,1,2,1,29,6,16,40,12,1,1,0,49,1,73,706,73706,80,2007,JKBZXNA157A0,J,K,B,Z,X,N,A,1,5,7,A,0,0,M,KAWK,X4A,RC,7,17,,,,,,,1352,,4,,4,386,,,,,,,0,0,000000000,00000000000,0,0,0,1,0,0,0,0,0,0,0,998,0,0,0,12,12,6,2,12,0,0,0,1,49,84055,6,1,0,0,3,0,72,220,98,0,0,0,0,0,0,0,0,1,36,34,0,0,2,2,40,1,1,2,1,0,0,6,72,99,1,2,83,1,0
49,490139,2,2,1,29,6,16,40,12,1,1,0,49,3,85,881,85881,66,2003,1XKDDB9XX3J7,1,X,K,D,D,B,9,X,X,3,J,7,1,T,KW,T80,TR,3,17,,8,2600,1600,CON,D,,,6,893,,,,,00000,00,,64,1,49,11OH0006,4911OH0006,3,6,98,1,0,0,0,0,0,0,0,998,0,0,0,6,6,2,1,12,0,0,0,1,49,84714,6,1,6,1,3,0,72,240,98,0,0,0,0,0,0,0,0,0,0,0,0,0,2,2,40,1,1,2,1,0,0,11,15,1,1,1,82,0,0
49,490140,1,2,2,5,6,17,46,12,6,1,0,49,1,49,40,49040,4,2002,4T1BE32K22U6,4,T,1,B,E,3,2,K,2,2,U,6,0,P,TOYT,LXS,4D,2,17,3086,,0,1071,,G,,F,4,144,,,15R205,,,,,,0,0,000000000,00000000000,0,0,0,1,0,0,0,0,0,0,0,75,3,1,1,12,99,6,2,2,0,0,1,1,49,84116,6,1,0,0,3,0,60,120,98,0,0,0,0,0,0,0,0,0,28,58,0,0,2,2,75,1,1,2,1,0,0,6,9,99,3,2,46,2,0
49,490140,2,2,1,5,6,17,46,12,6,1,0,6,3,51,881,51881,66,2009,4V4NC9KH99N2,4,V,4,N,C,9,K,H,9,9,N,2,1,T,VOLV,VNL,TR,9,17,,8,0,0,VVN,D,,,6,984,,,,,00000,00,,64,1,57,607265,57607265,3,6,1,1,0,0,0,0,0,0,0,65,0,0,0,8,8,4,1,12,0,0,0,1,6,91730,9,1,99,9,9,9,999,999,99,99,99,99,99,99,9999,99,9999,0,0,0,0,0,2,2,75,1,1,2,1,0,0,1,60,7,1,1,45,0,0
49,490141,1,1,10,9,7,7,50,21,0,1,0,32,2,20,421,20421,15,2003,1GNEC13V43J1,1,G,N,E,C,1,3,V,4,3,J,1,1,P,CHEV,CTA,UT,3,17,4828,,0,1160,,G,,F,8,293,,,16R265,,,,,,1,0,000000000,00000000000,0,0,0,1,0,0,0,0,0,0,0,65,0,1,5,5,13,6,2,1,0,0,0,1,32,89030,6,1,0,0,3,0,63,236,0,0,0,0,0,0,0,0,0,0,85,88,0,0,3,6,65,1,1,1,1,0,0,17,4,8,4,4,2,1,0
49,490142,1,1,1,18,11,18,47,8,0,1,0,49,1,42,42,42042,2,2005,WDBRF76J25F6,W,D,B,R,F,7,6,J,2,5,F,6,0,P,MERZ,C5A,4D,5,17,3540,,0,1069,,G,,F,8,336,,,18R225,,,,,,0,0,000000000,00000000000,0,0,0,1,0,0,0,0,0,0,0,35,0,0,0,1,1,4,3,8,0,0,0,1,49,84037,6,1,0,0,3,0,72,210,98,0,0,0,0,0,0,0,0,0,84,0,0,0,1,2,35,1,1,2,2,0,0,1,80,1,1,1,13,0,0
49,490143,1,2,1,6,8,15,0,12,2,1,0,49,2,59,31,59031,4,1997,JT8BF22G7V00,J,T,8,B,F,2,2,G,7,V,0,0,0,P,LEXS,ES3,4D,97,17,3296,,0,1051,,G,,F,6,183,,,15R205,,,,,,0,0,000000000,00000000000,0,0,0,1,0,0,0,0,0,0,0,75,0,0,0,12,12,6,2,12,0,0,0,1,49,84094,6,1,0,0,3,0,71,150,98,0,0,4,0,2,2010,5,2011,1,51,0,0,0,1,2,65,1,1,2,1,0,0,1,10,7,1,2,50,1,1
49,490143,2,2,5,6,8,15,0,12,2,1,0,49,3,7,482,7482,31,2009,1D3HV18T09S7,1,D,3,H,V,1,8,T,0,9,S,7,1,T,DODG,Q15,CW,9,17,,2,0,1400,RPC,G,,,8,348,,,,B,5200,00,K,44,1,0,000000000,00000000000,0,0,0,1,0,0,0,0,0,0,0,65,0,1,1,12,12,6,2,12,0,0,0,1,49,84701,6,1,0,0,3,0,69,185,98,0,0,1,0,1,2009,1,2009,0,0,0,0,0,1,2,65,1,1,2,1,0,0,1,54,7,1,1,51,0,0
49,490144,1,2,2,6,8,0,46,12,6,1,0,49,2,37,31,37031,2,1999,1HGEM1158XL0,1,H,G,E,M,1,1,5,8,X,L,0,0,P,HOND,USS,CP,99,17,2612,,0,1032,,G,,F,4,097,,,15R195,,,,,,0,0,000000000,00000000000,0,0,0,1,0,0,0,0,0,0,0,998,0,0,0,10,10,4,3,12,0,0,0,1,49,84120,1,1,0,0,2,0,69,187,98,3,0,0,1,7,2009,3,2011,1,37,39,0,0,3,4,35,1,1,1,1,3,3,1,17,1,1,1,89,1,0
49,490144,2,2,2,6,8,0,46,12,6,1,0,49,1,37,31,37031,2,1995,1HGEJ1223SL0,1,H,G,E,J,1,2,2,3,S,L,0,0,P,HOND,CEX,CP,95,17,2371,,0,1032,,G,,F,4,097,,,14R185,,,,,,0,0,000000000,00000000000,0,0,0,1,0,0,0,0,0,0,0,998,0,0,0,12,12,4,3,12,0,0,0,1,49,84340,6,1,0,0,3,3,71,180,98,1,0,1,3,12,2008,6,2011,0,0,0,0,0,3,4,40,1,1,1,1,3,3,1,17,3,1,1,88,0,0
49,490145,1,2,1,24,8,20,25,12,2,1,0,49,1,73,705,73705,80,2006,JKBZXJD176A0,J,K,B,Z,X,J,D,1,7,6,A,0,0,M,KAWK,X63,RC,6,17,,,,,,,636,,4,,4,362,,,,,,,0,0,000000000,00000000000,0,0,0,1,0,0,0,0,0,0,0,75,0,0,0,12,12,6,2,12,0,0,0,1,49,84121,6,1,0,0,3,0,70,135,98,0,0,0,0,0,0,0,0,1,35,0,0,0,1,2,98,2,2,2,1,0,0,6,10,1,1,2,50,1,0
49,490145,2,2,2,24,8,20,25,12,2,1,0,49,1,12,422,12422,15,2000,1FMPU16L4YLB,1,F,M,P,U,1,6,L,4,Y,L,B,0,P,FORD,EPT,UT,0,17,5275,,0,1191,,G,,F,8,330,,,16R255,,,,,,0,0,000000000,00000000000,0,0,0,1,0,0,0,0,0,0,0,998,0,0,0,12,12,6,2,12,0,0,0,1,49,84092,6,1,0,0,3,3,71,190,98,0,0,0,0,0,0,0,0,0,0,0,0,0,1,2,98,3,2,2,1,0,0,14,54,1,1,1,51,0,0
49,490146,1,2,1,26,8,5,17,12,6,1,0,49,1,2,404,2404,14,1997,1J4FT68S9VL5,1,J,4,F,T,6,8,S,9,V,L,5,0,T,JEEP,SPT,4W,97,17,,1,0,1014,CHK,G,,,6,242,,,,,3078,00,E,42,0,0,000000000,00000000000,0,0,0,1,0,0,0,0,0,0,0,100,0,0,0,12,12,6,2,12,0,0,0,1,49,84076,6,1,0,0,3,0,73,210,98,0,0,0,1,3,2010,3,2010,1,39,0,0,0,1,4,30,1,1,2,1,3,3,1,17,1,1,1,86,1,0
49,490146,2,2,1,26,8,5,17,12,6,1,0,49,3,90,981,90981,50,2009,1BABNBXA59F2,1,B,A,B,N,B,X,A,5,9,F,2,0,T,BLUI,,,9,17,,,,,,,,,,,,,,,,,,,0,88,888888888,88888888888,2,21,22,1,0,0,0,0,1,0,0,998,0,0,0,5,5,6,2,12,0,0,0,1,49,84078,6,1,6,1,3,3,64,280,98,0,0,0,0,0,0,0,0,0,0,0,0,0,1,4,25,1,1,2,1,3,3,1,17,1,1,1,87,0,0
49,490147,1,3,1,3,9,17,43,12,2,1,0,49,2,21,5,21005,2,1992,1G3EV13L5NU3,1,G,3,E,V,1,3,L,5,N,U,3,0,P,OLDS,TOT,CP,92,17,3354,,0,1079,,G,,F,6,231,,,16R215,,,,,,0,0,000000000,00000000000,0,0,0,1,0,0,0,0,0,0,0,60,0,0,0,12,12,6,2,12,0,0,0,1,49,84337,6,1,0,0,3,0,70,175,98,0,0,0,0,0,0,0,0,0,51,0,0,0,1,3,60,1,2,2,1,0,0,1,10,1,1,2,50,1,0
49,490147,2,3,1,3,9,17,43,12,2,1,0,49,1,20,401,20401,14,2002,1GNDT13W72K2,1,G,N,D,T,1,3,W,7,2,K,2,0,P,CHEV,BZR,UT,2,17,4114,,0,1070,,G,,F,6,262,,,000000,,,,,,0,0,000000000,00000000000,0,0,0,1,0,0,0,0,0,0,0,60,0,0,0,12,12,6,2,12,0,0,0,1,49,84321,6,1,0,0,3,0,71,225,98,0,0,0,0,0,0,0,0,0,0,0,0,0,1,3,60,1,2,2,1,0,0,6,54,1,1,1,51,0,0
49,490147,3,3,4,3,9,17,43,12,2,1,0,49,1,12,481,12481,31,2009,1FTWW31R59EB,1,F,T,W,W,3,1,R,5,9,E,B,1,T,FORD,F3S,CW,9,17,,3,1720,1560,SRW,D,,,8,390,,,,D,6593,02,E,44,1,0,000000000,00000000000,0,0,0,1,0,0,0,0,0,0,0,50,0,0,0,11,11,4,1,12,0,0,0,1,49,84315,6,1,0,0,3,0,70,240,98,0,0,0,0,0,0,0,0,0,0,0,0,0,1,3,60,1,2,2,1,0,0,1,54,1,1,1,98,0,0
49,490148,1,4,1,21,9,13,53,12,1,1,0,49,1,82,881,82881,66,2009,1FVXFB00X9DA,1,F,V,X,F,B,0,0,X,9,D,A,1,T,FRHT,COR,GL,9,17,,8,0,0,CON,,,,,,,,,,00000,00,,,1,57,1710684,571710684,3,6,4,1,0,0,0,0,0,0,0,75,0,0,0,12,12,6,2,12,0,0,0,1,49,84319,6,1,6,1,3,3,69,195,98,0,0,0,1,8,2009,8,2009,1,26,0,0,0,3,2,75,1,1,2,1,0,0,1,50,4,1,1,20,1,0
49,490148,2,4,1,21,9,13,53,12,1,1,0,6,1,82,881,82881,66,2002,1FUJA6CG72LK,1,F,U,J,A,6,C,G,7,2,L,K,1,T,FRHT,COL,TR,2,17,,8,0,0,CON,D,,,6,774,,,,,00000,00,,64,1,57,1275545,571275545,3,6,1,1,0,0,0,0,0,0,0,0,0,0,0,6,6,4,3,12,0,0,0,1,6,91351,6,1,6,1,3,0,69,205,0,0,0,0,1,3,2010,3,2010,0,0,0,0,0,3,2,75,1,1,2,1,0,0,5,53,1,1,1,21,0,0
49,490148,3,4,1,21,9,13,53,12,1,1,0,27,3,51,881,51881,66,2007,4V4NC9KJ97N4,4,V,4,N,C,9,K,J,9,7,N,4,1,T,VOLV,VNL,TR,7,17,,8,0,0,VVN,D,,,6,984,,,,,00000,00,,64,1,57,00678543,5700678543,3,6,1,1,0,0,0,0,0,0,0,0,0,0,0,6,12,2,1,12,0,0,0,1,27,56352,6,1,6,1,3,0,73,205,0,0,0,0,1,8,2010,8,2010,0,0,0,0,0,3,2,75,1,1,2,1,0,0,5,53,1,1,1,98,0,0
49,490148,4,4,1,21,9,13,53,12,1,1,0,22,3,51,881,51881,66,2002,4V4MC9JHX2N3,4,V,4,M,C,9,J,H,X,2,N,3,1,T,VOLV,VNM,TR,2,17,,8,0,0,VVN,D,,,6,855,,,,,00000,00,,64,1,57,0029124,570029124,3,6,1,1,0,0,0,0,0,0,0,0,0,0,0,6,6,2,1,12,0,0,0,1,49,84118,6,1,6,1,3,3,72,217,98,0,0,0,0,0,0,0,0,0,0,0,0,0,3,2,75,1,1,2,1,0,0,5,53,1,1,1,98,0,0
49,490149,1,3,1,23,9,12,18,12,6,1,0,49,2,20,16,20016,2,1995,1G1JC1240SM1,1,G,1,J,C,1,2,4,0,S,M,1,0,P,CHEV,CAV,CP,95,17,2617,,0,1041,,G,,F,4,133,,,14R195,,,,,,0,0,000000000,00000000000,0,0,0,1,0,0,0,0,0,0,0,80,0,0,0,2,2,6,2,12,0,0,0,1,49,84520,6,1,5,0,3,0,72,195,98,1,1,2,1,4,2009,4,2011,1,28,58,0,0,1,3,65,3,6,2,1,0,0,14,6,99,4,2,64,0,0
49,490149,2,3,4,23,9,12,18,12,6,1,0,49,1,55,401,55401,14,2007,5NMSH13E97H0,5,N,M,S,H,1,3,E,9,7,H,0,0,P,HYUN,SAN,UT,7,17,3846,,0,1063,,G,,F,6,204,,,18R235,,,,,,0,0,000000000,00000000000,0,0,0,1,0,0,0,0,0,0,0,65,0,0,0,12,12,6,2,12,0,0,0,1,49,84092,6,1,0,0,3,3,70,245,98,0,0,1,0,5,2011,5,2011,0,0,0,0,0,1,3,65,2,5,2,1,0,0,14,62,99,1,1,65,2,0
49,490149,3,3,1,23,9,12,18,12,6,1,0,49,3,87,881,87881,66,2003,1XP5DB9X83N5,1,X,P,5,D,B,9,X,8,3,N,5,1,T,PTRB,379,TR,3,17,,8,0,0,CON,D,,,6,893,,,,,00000,00,,64,1,57,00808753,5700808753,3,6,3,1,0,0,0,0,0,0,0,45,0,0,0,12,12,4,3,12,0,0,0,1,49,84501,6,1,6,1,3,3,66,170,98,0,0,0,0,0,0,0,0,0,0,0,0,0,1,3,65,2,5,2,1,0,0,14,60,7,1,1,98,0,0
49,490150,1,1,1,21,7,2,24,39,0,1,0,49,1,99,709,99709,88,2006,LL8SZN4W760E,L,L,8,S,Z,N,4,W,7,6,0,E,0,U,,,,6,17,,,,,,,,,,,,,,,,,,,0,0,000000000,00000000000,0,0,0,1,0,0,0,0,0,0,0,35,0,0,0,12,12,6,2,39,0,0,0,1,49,84721,6,1,0,0,2,0,72,175,98,1,1,0,0,10,2010,10,2010,1,28,0,0,0,1,2,25,2,2,2,1,0,0,14,12,1,1,4,6,1,1
49,490151,1,1,7,30,7,18,43,1,0,1,0,49,2,12,401,12401,14,1998,1FMZU34E7WZA,1,F,M,Z,U,3,4,E,7,W,Z,A,0,P,FORD,EPR,UT,98,17,4146,,0,1115,,G,,F,6,245,,,15R225,,,,,,0,0,000000000,00000000000,0,0,0,1,0,0,0,0,0,0,0,65,0,1,1,0,0,6,2,1,0,0,0,1,49,84025,6,1,0,0,3,3,67,180,98,0,0,0,0,0,0,0,0,1,58,82,0,0,1,2,30,1,1,5,1,0,0,1,5,6,3,3,98,1,1
49,490152,1,1,1,29,7,5,32,8,0,1,0,49,3,87,884,87884,66,2011,1XPXP49XXBD1,1,X,P,X,P,4,9,X,X,B,D,1,1,T,PTRB,389,TR,11,17,,8,0,0,CON,D,,,6,915,,,,,00000,00,,,1,57,0227927,570227927,3,6,1,1,0,0,0,0,0,0,0,65,0,0,0,12,12,4,3,8,0,0,0,1,49,84028,6,1,6,1,3,3,67,220,98,0,0,0,0,0,0,0,0,0,92,0,0,0,2,2,75,1,1,1,1,0,0,1,80,1,1,1,13,0,0
49,490153,1,2,1,11,10,16,9,12,1,1,0,49,2,41,46,41046,2,1994,JM1EC4352R03,J,M,1,E,C,4,3,5,2,R,0,3,0,P,MAZD,MX3,CP,94,17,2507,,0,963,,G,,F,4,097,,,14R185,,,,,,0,0,000000000,00000000000,0,0,0,1,0,0,0,0,0,0,0,100,0,0,0,12,99,6,2,30,0,0,0,1,49,84337,6,1,0,0,3,0,66,145,98,0,1,0,0,11,2008,11,2008,1,58,0,0,0,2,3,65,4,6,2,1,0,0,14,51,1,1,1,24,1,1
49,490153,2,2,1,11,10,16,9,12,1,1,0,49,3,48,34,48034,4,2010,4S3BMBB6XA32,4,S,3,B,M,B,B,6,X,A,3,2,0,P,SUBA,2IP,4D,10,17,3275,,0,1083,,G,,F,4,150,,,16R205,,,,,,0,0,000000000,00000000000,0,0,0,1,0,0,0,0,0,0,0,65,0,0,0,6,6,4,3,12,0,0,0,1,49,84098,6,1,0,0,3,0,68,135,98,0,0,0,0,0,0,0,0,0,0,0,0,0,2,3,65,4,6,2,1,0,0,14,53,1,1,1,25,0,0
49,490154,1,1,2,8,8,20,51,8,0,1,0,49,1,12,17,12017,4,2002,1FAHP56S32A2,1,F,A,H,P,5,6,S,3,2,A,2,0,P,FORD,TEL,4D,2,17,3408,,0,1085,,G,,F,6,182,,,16R215,,,,,,0,0,000000000,00000000000,0,0,0,1,0,0,0,0,0,0,0,27,0,0,0,12,12,6,2,8,0,0,0,1,49,84043,6,1,0,0,3,0,68,115,98,0,0,1,0,5,2011,5,2011,0,38,0,0,0,5,2,40,1,1,2,1,0,0,1,80,1,1,1,13,0,0
49,490155,1,3,1,14,10,20,18,12,2,1,0,8,1,35,401,35401,14,1993,JN8HD17Y0PW1,J,N,8,H,D,1,7,Y,0,P,W,1,0,P,NISS,PFI,UT,93,17,3912,,0,1043,,G,,F,6,181,,,000000,,,,,,0,0,000000000,00000000000,0,0,0,1,0,0,0,0,0,0,0,65,0,0,0,12,12,6,2,12,0,0,1,1,8,80014,6,1,0,0,3,3,62,150,1,0,0,1,0,9,2009,9,2009,0,51,0,0,0,1,2,65,1,2,2,1,0,0,1,10,1,1,2,50,1,0
49,490155,2,3,2,14,10,20,18,12,2,1,0,6,4,12,37,12037,4,2010,1FAHP3FN8AW2,1,F,A,H,P,3,F,N,8,A,W,2,0,P,FORD,FSE,4D,10,17,2623,,0,1029,,G,,F,4,122,,,15R195,,,,,,0,0,000000000,00000000000,0,0,0,1,0,0,0,0,0,0,0,60,0,0,0,12,12,6,2,12,0,0,0,1,36,10510,6,1,0,0,3,3,68,999,0,0,0,0,0,0,0,0,0,0,0,0,0,0,1,2,65,1,2,2,1,0,0,1,62,1,1,2,51,2,0
49,490155,3,3,2,14,10,20,18,12,2,1,0,49,1,30,40,30040,4,2007,3VWEF71K77M1,3,V,W,E,F,7,1,K,7,7,M,1,0,P,VOLK,JWE,4D,7,17,3290,,0,1015,,G,,F,5,151,,,16R205,,,,,,0,0,000000000,00000000000,0,0,0,1,0,0,0,0,0,0,0,60,0,0,0,12,12,4,3,12,0,0,0,1,49,84097,6,1,0,0,3,3,71,215,98,0,0,0,1,1,2009,1,2009,0,0,0,0,0,1,2,65,1,2,2,1,0,0,1,50,99,1,1,98,0,0
49,490156,1,2,1,30,8,19,1,12,6,1,0,49,1,35,43,35043,4,1996,1N4AB41D4TC7,1,N,4,A,B,4,1,D,4,T,C,7,0,P,NISS,EXE,4D,96,17,2237,,0,998,,G,,F,4,097,,,13R155,,,,,,0,0,000000000,00000000000,0,0,0,1,0,0,0,0,0,0,0,998,0,0,0,5,5,2,3,12,0,0,0,1,49,84111,6,1,0,0,3,0,72,210,98,0,0,0,0,0,0,0,0,0,38,0,0,0,1,6,98,1,1,2,1,3,3,11,15,1,1,1,68,0,0
49,490156,2,2,1,30,8,19,1,12,6,1,0,49,1,72,706,72706,80,2000,1HD1FRW18YY6,1,H,D,1,F,R,W,1,8,Y,Y,6,0,M,HD,FCI,RS,0,17,,,,,,,1450,,2,,4,710,,,,,,,0,0,000000000,00000000000,0,0,0,1,0,0,0,0,0,0,0,998,0,0,0,12,12,2,3,12,0,0,0,1,49,84109,6,1,0,0,3,3,71,210,98,0,0,0,0,0,0,0,0,0,0,0,0,0,1,6,98,1,1,2,1,3,3,1,17,99,1,1,69,1,0
49,490157,1,3,3,20,7,13,34,12,6,1,0,49,1,12,401,12401,14,2005,1FMZU73K95UB,1,F,M,Z,U,7,3,K,9,5,U,B,0,P,FORD,EPR,UT,5,17,4094,,0,1137,,F,,F,6,245,,,16R235,,,,,,0,0,000000000,00000000000,0,0,0,1,0,0,0,0,0,0,0,45,0,1,1,3,13,6,2,12,0,0,0,1,49,84770,6,1,0,0,3,0,70,170,98,0,0,0,0,0,0,0,0,0,39,0,0,0,3,3,45,1,1,2,1,3,3,1,17,1,1,1,87,1,0
49,490157,2,3,1,20,7,13,34,12,6,1,0,49,1,37,441,37441,20,2003,5FNRL18623B1,5,F,N,R,L,1,8,6,2,3,B,1,0,P,HOND,UDY,SV,3,17,4354,,0,1181,,G,,F,6,212,,,16R225,,,,,,0,0,000000000,00000000000,0,0,0,1,0,0,0,0,0,0,0,25,0,0,0,12,12,6,2,12,0,0,0,1,29,84097,6,1,0,0,3,3,71,168,0,0,0,0,0,0,0,0,0,0,0,0,0,0,5,2,35,1,1,2,1,3,3,1,17,1,1,1,86,0,0
49,490157,3,3,1,20,7,13,34,12,6,1,0,49,1,37,402,37402,14,2011,5J6RE4H75BL0,5,J,6,R,E,4,H,7,5,B,L,0,0,P,HOND,CRV,UT,11,17,3554,,0,1031,,G,,F,4,146,,,17R225,,,,,,0,0,000000000,00000000000,0,0,0,1,0,0,0,0,0,0,0,0,0,0,0,12,12,6,2,12,0,0,0,1,49,84062,6,1,0,0,3,3,65,300,98,0,0,0,0,0,0,0,0,0,0,0,0,0,3,3,45,1,1,2,1,3,3,11,54,1,1,1,98,0,0
49,490158,1,2,2,5,8,21,13,12,6,1,0,49,1,48,401,48401,14,2009,JF2SH61639H7,J,F,2,S,H,6,1,6,3,9,H,7,0,P,SUBA,FOR,UT,9,17,3250,,0,1030,,G,,F,4,150,,,16R215,,,,,,0,0,000000000,00000000000,0,0,0,1,0,0,0,0,0,0,0,10,0,0,0,5,5,4,3,12,0,0,0,1,49,84057,6,1,0,0,3,0,70,185,98,0,0,0,0,0,0,0,0,0,38,0,0,0,5,4,50,1,1,2,1,3,3,11,15,1,1,1,68,0,0