STATE,ST_CASE,VEH_NO,VE_FORMS,NUMOCCS,DAY,MONTH,HOUR,MINUTE,HARM_EV,MAN_COLL,UNITTYPE,HIT_RUN,REG_STAT,OWNER,MAKE,MODEL,MAK_MOD,BODY_TYP,MOD_YEAR,VIN,VIN_1,VIN_2,VIN_3,VIN_4,VIN_5,VIN_6,VIN_7,VIN_8,VIN_9,VIN_10,VIN_11,VIN_12,TOW_VEH,VINTYPE,VINMAKE,VINA_MOD,VIN_BT,VINMODYR,VIN_LNGT,VIN_WGT,WGTCD_TR,WHLBS_LG,WHLBS_SH,SER_TR,FUELCODE,MCYCL_DS,CARBUR,CYLINDER,DISPLACE,MCYCL_CY,MCYCL_WT,TIRE_SZE,TON_RAT,TRK_WT,TRKWTVAR,VIN_REST,WHLDRWHL,J_KNIFE,MCARR_I1,MCARR_I2,MCARR_ID,GVWR,V_CONFIG,CARGO_BT,HAZ_INV,HAZ_PLAC,HAZ_ID,HAZ_CNO,HAZ_REL,BUS_USE,SPEC_USE,EMER_USE,TRAV_SP,UNDERIDE,ROLLOVER,ROLINLOC,IMPACT1,IMPACT2,DEFORMED,TOWED,M_HARM,VEH_SC1,VEH_SC2,FIRE_EXP,DR_PRES,L_STATE,DR_ZIP,L_STATUS,L_TYPE,CDL_STAT,L_ENDORS,L_COMPL,L_RESTRI,DR_HGT,DR_WGT,PREV_ACC,PREV_SUS,PREV_DWI,PREV_SPD,PREV_OTH,FIRST_MO,FIRST_YR,LAST_MO,LAST_YR,SPEEDREL,DR_SF1,DR_SF2,DR_SF3,DR_SF4,VTRAFWAY,VNUM_LAN,VSPD_LIM,VALIGN,VPROFILE,VPAVETYP,VSURCOND,VTRAFCON,VTCONT_F,P_CRASH1,P_CRASH2,P_CRASH3,PCRASH4,PCRASH5,ACC_TYPE,DEATHS,DR_DRINK
49,490158,2,2,1,5,8,21,13,12,6,1,0,49,1,72,706,72706,80,1951,51WL2367,5,1,W,L,2,3,6,7,,,,,0,M,HD,,,51,8,,,,,,,,,,,,,,,,,,,0,0,000000000,00000000000,0,0,0,1,0,0,0,0,0,0,0,50,0,0,0,12,12,4,3,12,0,0,0,1,49,84042,6,1,6,0,3,0,69,190,98,0,0,1,0,10,2009,10,2009,0,0,0,0,0,5,4,50,1,1,2,1,3,3,1,17,1,1,1,69,1,1
49,490159,1,1,1,31,8,20,44,35,0,1,0,49,1,22,18,22018,4,2003,1G2NF52F33C2,1,G,2,N,F,5,2,F,3,3,C,2,0,P,PONT,SE1,4D,3,17,3116,,0,1070,,G,,F,4,134,,,15R215,,,,,,0,0,000000000,00000000000,0,0,0,1,0,0,0,0,0,0,0,80,0,1,6,12,12,6,2,1,0,0,0,1,49,84025,6,1,6,0,3,0,72,220,98,0,0,0,0,0,0,0,0,1,0,0,0,0,1,2,35,2,1,2,1,0,0,14,12,1,1,4,6,1,1
49,490160,1,2,1,26,8,18,7,12,7,1,0,8,1,51,42,51042,4,1997,YV1LS5640V14,Y,V,1,L,S,5,6,4,0,V,1,4,0,P,VOLV,GLT,4D,97,17,3267,,0,1049,,G,,T,5,149,,,15R195,,,,,,0,0,000000000,00000000000,0,0,0,1,0,0,0,0,0,0,0,90,0,1,5,5,8,6,2,1,0,0,0,1,8,80120,6,2,0,0,3,0,66,101,0,0,0,1,2,5,2011,8,2011,1,28,58,0,0,3,2,70,2,2,2,1,0,0,6,6,1,1,2,44,1,0
49,490160,2,2,2,26,8,18,7,12,7,1,0,49,1,49,482,49482,31,2011,5TFHY5F10BX1,5,T,F,H,Y,5,F,1,0,B,X,1,0,T,TOYT,CRX,CW,11,17,,2,0,1457,TUN,G,,,8,348,,,,B,5645,00,7,44,0,0,000000000,00000000000,0,0,0,1,0,0,0,0,0,0,0,78,0,1,5,11,1,4,3,1,0,0,0,1,49,84535,6,1,0,0,3,0,71,175,98,0,0,0,0,0,0,0,0,1,0,0,0,0,3,2,70,2,2,2,1,0,0,14,60,1,1,1,45,0,0
49,490161,1,2,1,24,5,16,44,12,1,1,0,49,2,7,482,7482,31,2000,1B7HF16Z3YS5,1,B,7,H,F,1,6,Z,3,Y,S,5,0,T,DODG,150,PK,0,17,,2,1347,1187,RPC,G,,,8,360,,,,B,4542,01,U,44,0,0,000000000,00000000000,0,0,0,1,0,0,0,0,0,0,0,50,0,0,0,12,12,4,3,12,0,0,0,1,49,84004,6,1,0,0,3,0,74,185,98,0,0,0,1,9,2010,9,2010,1,26,36,0,0,1,4,45,1,1,2,1,3,3,1,52,2,1,1,28,0,0
49,490161,2,2,1,24,5,16,44,12,1,1,0,53,2,12,35,12035,4,1998,1FAFP65Z3WK2,1,F,A,F,P,6,5,Z,3,W,K,2,0,P,FORD,LSG,4D,98,17,2769,,0,1065,,C,,F,4,121,,,14R185,,,,,,0,0,000000000,00000000000,0,0,0,1,0,0,0,0,0,0,0,25,0,0,0,6,6,6,2,12,0,0,0,1,53,84062,6,1,0,0,3,3,69,240,0,0,0,1,0,12,2009,12,2009,0,0,0,0,0,1,4,45,1,1,2,1,3,3,2,18,1,1,1,29,1,0
49,490162,1,1,1,19,7,15,53,25,0,1,0,49,1,12,471,12471,30,2002,1FTYR14UX2PA,1,F,T,Y,R,1,4,U,X,2,P,A,0,T,FORD,RNS,PC,2,17,,1,0,1257,RNG,G,,,6,182,,,,B,3394,04,E,42,0,0,000000000,00000000000,0,0,0,1,0,0,0,0,0,0,0,998,0,1,3,11,3,6,2,1,0,0,0,1,49,84116,6,1,0,0,3,0,72,155,98,0,0,2,0,6,2011,7,2011,9,28,0,0,0,3,3,65,3,6,2,2,0,0,14,9,99,4,4,7,1,0
49,490163,1,2,1,13,10,16,50,12,2,1,0,49,1,12,481,12481,31,1996,1FTJW36F5TEA,1,F,T,J,W,3,6,F,5,T,E,A,1,T,FORD,F35,CW,96,17,,2,0,1680,COF,D,,,8,444,,,,D,5635,00,A,44,1,0,000000000,00000000000,0,0,0,1,0,0,0,0,0,0,0,45,0,0,0,12,12,6,2,12,0,0,0,1,49,84337,6,1,0,0,3,3,69,160,98,0,0,1,0,6,2010,6,2010,0,51,0,0,0,1,2,50,3,2,2,1,0,0,14,10,1,1,2,50,0,0
49,490163,2,2,3,13,10,16,50,12,2,1,0,49,1,49,44,49044,2,2005,4T1FA38P55U0,4,T,1,F,A,3,8,P,5,5,U,0,0,P,TOYT,CEE,CV,5,17,3470,,0,1071,,G,,F,6,201,,,16R205,,,,,,0,0,000000000,00000000000,0,0,0,1,0,0,0,0,0,0,0,50,0,0,0,12,12,6,2,12,0,0,0,1,49,84328,6,1,0,0,3,0,72,220,98,0,0,0,0,0,0,0,0,0,0,0,0,0,1,2,50,2,2,2,1,0,0,14,54,1,1,1,51,1,0
49,490164,1,3,1,17,10,15,15,12,6,1,0,49,2,9,20,9020,4,1995,3P3ES67CXST5,3,P,3,E,S,6,7,C,X,S,T,5,0,P,PLYM,NES,4D,95,17,2493,,0,1040,,G,,F,4,122,,,14R185,,,,,,0,0,000000000,00000000000,0,0,0,1,0,0,0,0,0,0,0,998,0,0,0,9,9,6,2,12,0,0,0,1,49,84088,6,1,0,0,3,3,67,125,98,0,0,0,1,7,2011,7,2011,0,38,0,0,0,1,2,25,1,1,2,1,20,3,11,15,1,1,1,68,1,0
49,490164,2,3,2,17,10,15,15,12,6,1,0,49,1,12,481,12481,31,2001,1FTNX21S51EA,1,F,T,N,X,2,1,S,5,1,E,A,0,T,FORD,F2S,4C,1,17,,2,1580,1418,SRW,G,,,10,415,,,,C,5635,07,U,44,0,0,000000000,00000000000,0,0,0,1,0,0,0,0,0,0,0,998,0,1,1,12,12,4,3,12,0,0,0,1,49,84118,6,1,0,0,3,0,68,170,98,0,0,0,0,0,0,0,0,0,0,0,0,0,5,4,50,1,1,2,1,0,0,1,17,1,1,1,69,0,0
49,490164,3,3,2,17,10,15,15,12,6,1,0,49,2,37,421,37421,15,2003,2HKYF18563H5,2,H,K,Y,F,1,8,5,6,3,H,5,0,P,HOND,PIL,UT,3,17,4439,,0,1063,,G,,F,6,212,,,16R235,,,,,,0,0,000000000,00000000000,0,0,0,1,0,0,0,0,0,0,0,998,0,0,0,12,12,2,1,12,0,0,0,1,49,84088,6,1,0,0,3,3,59,170,98,0,0,0,0,0,0,0,0,0,0,0,0,0,5,4,50,1,1,2,1,0,0,2,54,1,1,1,98,0,0
49,490165,1,2,4,21,10,18,10,12,6,1,0,49,1,22,22,22022,4,2006,1G2ZG5788641,1,G,2,Z,G,5,7,8,8,6,4,1,0,P,PONT,GS1,4D,6,17,3419,,0,1123,,G,,F,6,214,,,16R215,,,,,,0,0,000000000,00000000000,0,0,0,1,0,0,0,0,0,0,0,998,0,0,0,11,11,4,3,12,0,0,0,1,49,84790,6,1,0,0,3,3,70,200,98,0,0,0,0,0,0,0,0,0,38,0,0,0,1,2,25,1,1,2,1,20,3,11,15,1,1,1,68,0,0
49,490165,2,2,2,21,10,18,10,12,6,1,0,49,1,2,404,2404,14,2002,1J4GW58N72C1,1,J,4,G,W,5,8,N,7,2,C,1,0,T,JEEP,LMT,4W,2,17,,1,0,1059,GCK,G,,,8,287,,,,,3980,01,E,44,0,0,000000000,00000000000,0,0,0,1,0,0,0,0,0,0,0,998,0,1,6,2,13,6,2,1,0,0,0,1,49,84770,6,1,0,0,3,3,72,200,98,0,0,0,0,0,0,0,0,0,0,0,0,0,3,4,35,1,1,2,1,0,0,1,17,1,1,1,69,1,0
49,490166,1,1,1,24,10,20,24,8,0,1,0,49,3,12,23,12023,4,2010,3FAHP0HA8AR2,3,F,A,H,P,0,H,A,8,A,R,2,0,P,FORD,F/E,4D,10,17,3285,,0,1074,,G,,F,4,152,,,16R205,,,,,,0,0,000000000,00000000000,0,0,0,1,0,0,0,0,0,0,0,40,0,0,0,12,12,2,3,8,0,0,0,1,49,84404,6,1,6,0,3,3,71,265,98,0,0,0,0,0,0,0,0,0,0,0,0,0,1,5,40,1,1,2,1,0,0,1,80,1,1,1,13,0,0
49,490167,1,1,1,31,10,9,29,18,0,1,0,49,2,54,37,54037,2,2001,19UYA42471A0,1,9,U,Y,A,4,2,4,7,1,A,0,0,P,ACUR,32C,CP,1,17,3470,,0,1069,,G,,F,6,197,,,16R205,,,,,,0,0,000000000,00000000000,0,0,0,1,0,0,0,0,0,0,0,998,0,0,0,11,12,6,2,18,0,0,0,1,49,84088,1,1,0,0,2,0,68,295,98,4,1,0,0,6,2009,10,2011,9,28,0,0,0,1,4,98,1,1,2,1,0,0,1,10,1,1,4,6,1,0
49,490168,1,3,1,31,10,13,56,12,6,1,0,49,1,49,401,49401,14,1998,JT3HN86R6W01,J,T,3,H,N,8,6,R,6,W,0,1,0,P,TOYT,RUN,UT,98,17,3850,,0,1053,,G,,F,6,206,,,15R225,,,,,,0,0,000000000,00000000000,0,0,0,1,0,0,0,0,0,0,0,998,0,0,0,12,12,6,2,12,0,0,0,1,49,84104,6,1,0,0,3,0,69,190,98,0,0,0,0,0,0,0,0,0,39,84,0,0,6,2,45,3,6,1,1,3,3,2,8,7,1,6,69,1,0
49,490168,2,3,1,31,10,13,56,12,6,1,0,49,1,35,481,35481,31,2007,1N6AA07B47N2,1,N,6,A,A,0,7,B,4,7,N,2,0,T,NISS,TXS,CW,7,17,,2,0,1398,TTN,G,,,8,342,,,,,4985,00,E,44,0,0,000000000,00000000000,0,0,0,1,0,0,0,0,0,0,0,998,0,0,0,7,9,6,2,12,0,0,0,1,49,84120,6,1,0,0,3,0,71,155,98,0,0,0,0,0,0,0,0,0,0,0,0,0,1,6,40,1,1,1,1,3,3,11,15,1,1,1,68,0,0
49,490168,3,3,1,31,10,13,56,12,6,1,0,49,1,54,36,54036,4,2005,JH4KB16535C0,J,H,4,K,B,1,6,5,3,5,C,0,0,P,ACUR,ARL,4D,5,17,3984,,0,1146,,G,,F,6,212,,,16R225,,,,,,0,0,000000000,00000000000,0,0,0,1,0,0,0,0,0,0,0,998,0,0,0,1,1,4,3,12,0,0,0,1,49,84109,6,1,0,0,3,3,73,200,98,0,0,0,0,0,0,0,0,0,0,0,0,0,1,6,40,1,1,1,1,3,3,11,68,1,1,1,98,0,0
49,490169,1,1,3,12,11,14,30,38,0,1,0,49,1,7,442,7442,20,2005,1D4GP24R15B2,1,D,4,G,P,2,4,R,1,5,B,2,0,T,DODG,GCS,ES,5,17,,1,0,1193,CAR,G,,,6,201,,,,,3867,00,E,42,0,0,000000000,00000000000,0,0,0,1,0,0,0,0,0,0,0,55,0,1,5,12,99,6,2,3,0,0,0,1,49,84005,6,1,0,0,3,0,69,120,98,0,0,1,0,10,2011,10,2011,1,87,0,0,0,3,2,75,1,1,2,10,0,0,1,5,99,3,4,2,3,0
49,490170,1,4,4,18,11,21,50,12,6,1,0,49,1,20,16,20016,4,1995,1G1JF5244S71,1,G,1,J,F,5,2,4,4,S,7,1,0,P,CHEV,CAS,4D,95,17,2736,,0,1041,,G,,F,4,133,,,15R195,,,,,,0,0,000000000,00000000000,0,0,0,1,0,0,0,0,0,0,0,50,0,0,0,4,4,6,2,12,0,0,0,1,49,84105,1,1,0,0,2,3,67,160,98,6,0,9,1,5,2009,10,2011,1,58,87,0,0,3,4,65,1,1,2,2,0,0,1,5,99,3,2,44,1,0
49,490170,2,4,2,18,11,21,50,12,6,1,0,49,3,12,24,12024,6,2011,2FMDK4JC9BBA,2,F,M,D,K,4,J,C,9,B,B,A,0,P,FORD,EDG,UT,11,17,4265,,0,1112,,G,,F,6,214,,,18R245,,,,,,0,0,000000000,00000000000,0,0,0,1,0,0,0,0,0,0,0,60,0,0,0,12,12,6,2,12,0,0,0,1,49,84015,6,1,0,0,3,0,65,165,98,0,0,0,0,0,0,0,0,0,0,0,0,0,3,4,65,1,1,2,2,0,0,1,60,6,1,1,45,0,0
49,490170,3,4,3,18,11,21,50,12,6,1,0,49,1,12,37,12037,4,2012,1FAHP3F23CL1,1,F,A,H,P,3,F,2,3,C,L,1,0,P,FORD,FSE,4D,12,17,2918,,0,1042,,G,,F,4,122,,,16R205,,,,,,0,0,000000000,00000000000,0,0,0,1,0,0,0,0,0,0,0,55,0,0,0,14,14,2,1,54,0,0,0,1,49,84770,6,1,0,0,3,3,75,195,98,0,0,0,0,0,0,0,0,0,0,0,0,0,3,4,65,1,1,2,2,0,0,1,90,1,1,1,98,0,0
49,490170,4,4,2,18,11,21,50,12,6,1,0,49,3,20,401,20401,14,1999,1GNDT13W3X21,1,G,N,D,T,1,3,W,3,X,2,1,0,P,CHEV,BZR,UT,99,17,4023,,0,1070,,G,,F,6,262,,,15R205,,,,,,0,0,000000000,00000000000,0,0,0,1,0,0,0,0,0,0,0,55,0,0,0,11,11,2,1,54,0,0,0,1,49,84315,6,1,0,0,3,3,68,150,98,0,0,0,1,6,2011,6,2011,0,0,0,0,0,3,4,65,1,1,2,2,0,0,1,90,1,1,1,98,0,0
49,490171,1,1,3,8,12,8,57,15,0,1,0,49,1,20,444,20444,20,2008,1GNDV23W38D1,1,G,N,D,V,2,3,W,3,8,D,1,0,T,CHEV,DLS,ES,8,17,,1,0,1211,UPL,F,,,6,238,,,,B,4233,00,,42,0,0,000000000,00000000000,0,0,0,1,0,0,0,0,0,0,0,998,0,0,0,12,12,2,1,15,0,0,0,1,49,84116,6,1,0,0,3,0,63,180,98,0,0,0,0,0,0,0,0,0,38,0,0,0,1,4,45,1,1,2,1,3,3,11,80,1,1,1,13,0,0
49,490172,1,1,1,25,9,9,14,9,0,1,0,49,2,23,481,23481,31,1998,1GCGC24R8WE2,1,G,C,G,C,2,4,R,8,W,E,2,0,T,CHEV,GC2,PK,98,17,,2,0,1315,GM4,G,,,8,350,,,,C,4292,08,,42,0,0,000000000,00000000000,0,0,0,1,0,0,0,0,0,0,0,55,0,0,0,12,12,6,2,9,0,0,0,1,49,84041,6,1,0,0,3,0,59,140,98,0,0,0,0,0,0,0,0,0,35,36,0,0,1,2,55,1,2,2,1,0,0,6,83,1,1,1,13,0,0
49,490173,1,1,1,24,9,14,10,5,0,1,0,49,1,76,709,76709,80,2002,JYAVP11E72A0,J,Y,A,V,P,1,1,E,7,2,A,0,0,M,YAMA,XVA,RS,2,17,,,,,,,1063,,2,,4,600,,,,,,,0,0,000000000,00000000000,0,0,0,1,0,0,0,0,0,0,0,60,0,0,0,0,0,6,2,5,0,0,0,1,49,84094,6,1,0,0,3,0,63,140,98,0,0,0,0,0,0,0,0,1,26,83,0,0,1,2,55,1,1,2,1,0,0,1,98,3,2,2,0,1,0
49,490174,1,2,1,12,12,17,6,12,6,1,0,49,2,72,706,72706,80,1988,1HD1BKL13JY0,1,H,D,1,B,K,L,1,3,J,Y,0,0,M,HD,XTC,RS,88,17,,,,,,,1340,,2,,4,618,,,,,,,0,0,000000000,00000000000,0,0,0,1,0,0,0,0,0,0,0,10,0,0,0,12,12,2,3,12,0,0,0,1,49,84015,6,1,0,0,2,0,70,200,98,0,0,0,0,0,0,0,0,0,38,0,0,0,1,4,55,1,1,2,1,0,0,11,15,1,1,1,84,1,0
49,490174,2,2,1,12,12,17,6,12,6,1,0,49,3,12,481,12481,31,1997,1FTHF36F6VED,1,F,T,H,F,3,6,F,6,V,E,D,0,T,FORD,F35,PK,97,17,,2,0,1330,COF,D,,,8,444,,,,D,4970,03,A,44,0,0,000000000,00000000000,0,0,0,1,0,0,0,0,0,0,0,10,0,0,0,7,7,2,1,12,0,0,0,1,49,84401,6,1,0,0,3,0,68,146,98,0,0,1,0,2,2010,2,2010,0,0,0,0,0,1,4,55,1,1,2,1,0,0,11,70,10,1,1,84,0,0
49,490175,1,1,1,16,9,17,48,8,0,1,0,49,1,41,54,41054,6,2007,JM3TB38Y6701,J,M,3,T,B,3,8,Y,6,7,0,1,0,P,MAZD,CX9,UT,7,17,4546,,0,1132,,G,,F,6,213,,,18R245,,,,,,0,0,000000000,00000000000,0,0,0,1,0,0,0,0,0,0,0,35,0,0,0,12,12,2,1,8,0,0,0,1,49,84120,6,1,0,0,3,3,64,270,98,0,0,0,1,10,2009,10,2009,0,38,0,0,0,1,2,35,1,1,2,2,98,3,1,80,1,1,1,13,0,0
49,490176,1,1,2,25,9,3,48,33,0,1,0,49,1,76,709,76709,80,2004,JYARJ06E44A0,J,Y,A,R,J,0,6,E,4,4,A,0,0,M,YAMA,R6L,RC,4,17,,,,,,,599,,4,,4,412,,,,,,,0,0,000000000,00000000000,0,0,0,1,0,0,0,0,0,0,0,999,0,0,0,12,12,6,2,43,0,0,0,1,49,84651,3,1,0,0,2,0,71,185,98,1,1,0,0,11,2008,3,2009,1,0,0,0,0,1,2,25,3,1,2,1,0,0,14,13,2,1,4,1,1,1
49,490177,1,3,1,1,9,22,26,12,6,1,0,49,1,2,404,2404,14,1996,1J4GZ58Y4TC3,1,J,4,G,Z,5,8,Y,4,T,C,3,0,T,JEEP,LRO,4W,96,17,,1,0,1059,GCK,G,,,8,318,,,,,3686,00,E,44,0,0,000000000,00000000000,0,0,0,1,0,0,0,0,0,0,0,75,0,1,1,12,12,6,2,12,0,0,0,1,49,84115,6,1,0,0,3,3,73,190,98,0,0,0,1,8,2010,8,2010,1,35,39,0,0,5,2,35,1,1,2,1,3,3,6,17,1,1,1,88,1,1
49,490177,2,3,1,1,9,22,26,12,6,1,0,49,1,52,34,52034,4,2006,4A3AB36FX6E0,4,A,3,A,B,3,6,F,X,6,E,0,0,P,MITS,ELM,4D,6,17,3351,,0,1083,,G,,F,4,145,,,16R215,,,,,,0,0,000000000,00000000000,0,0,0,1,0,0,0,0,0,0,0,35,0,0,0,9,9,6,2,12,0,0,0,1,49,84070,6,1,0,0,3,0,66,170,98,0,0,1,0,7,2009,7,2009,0,0,0,0,0,5,2,35,1,1,2,1,3,3,1,66,1,1,1,89,1,0
49,490177,3,3,1,1,9,22,26,12,6,1,0,49,3,12,401,12401,14,2004,1FMZU72K04ZA,1,F,M,Z,U,7,2,K,0,4,Z,A,0,P,FORD,EPR,UT,4,17,4469,,0,1137,,F,,F,6,245,,,16R235,,,,,,0,0,000000000,00000000000,0,0,0,1,0,0,0,0,0,0,0,0,0,0,0,11,11,6,2,12,0,0,0,1,49,84120,6,1,0,0,3,0,73,265,98,0,0,0,0,0,0,0,0,0,0,0,0,0,5,2,35,1,1,2,1,3,3,5,66,1,1,1,98,0,0
49,490178,1,1,1,29,9,3,38,8,0,1,0,49,3,85,881,85881,62,1995,1XKWDB9X9SR6,1,X,K,W,D,B,9,X,9,S,R,6,0,T,KW,W90,TR,95,17,,8,0,1600,CON,D,,,6,893,,,,,00000,00,,64,0,57,01125681,5701125681,2,1,4,1,0,0,0,0,0,0,0,50,0,0,0,12,12,0,1,8,0,0,0,1,49,84043,6,1,6,3,3,0,71,230,98,0,0,1,0,2,2011,2,2011,0,38,0,0,0,3,4,65,3,2,1,1,98,3,14,80,1,1,1,13,0,0
49,490179,1,1,1,11,9,18,40,35,0,1,0,49,2,7,482,7482,31,2002,1B7HU18Z42J1,1,B,7,H,U,1,8,Z,4,2,J,1,0,T,DODG,Q15,CW,2,17,,2,1605,1405,RPC,G,,,8,360,,,,B,5000,02,E,44,0,0,000000000,00000000000,0,0,0,1,0,0,0,0,0,0,0,40,0,1,6,12,12,6,2,35,0,0,0,1,49,84123,1,1,0,0,2,0,70,195,98,1,0,0,1,9,2010,9,2010,1,37,0,0,0,1,2,35,3,2,2,1,0,0,14,13,1,1,4,1,1,1
49,490180,1,1,3,1,10,19,5,8,0,1,0,8,1,35,473,35473,31,2004,1N6AA07B94N5,1,N,6,A,A,0,7,B,9,4,N,5,0,T,NISS,TXS,CW,4,17,,2,0,1398,TTN,G,,,8,342,,,,C,4889,03,E,44,0,0,000000000,00000000000,0,0,0,1,0,0,0,0,0,0,0,50,0,0,0,12,12,6,2,8,0,0,0,1,8,80239,0,0,0,0,0,0,999,999,99,99,99,99,99,99,9999,99,9999,0,0,0,0,0,1,2,65,1,1,2,1,0,0,1,80,1,1,1,13,0,0
49,490181,1,1,1,8,10,1,1,8,0,1,0,49,3,84,884,84884,66,2006,2HSCHAPR86C2,2,H,S,C,H,A,P,R,8,6,C,2,1,T,INTL,99I,TR,6,17,,8,0,0,990,D,,,6,915,,,,,00000,00,,64,1,58,267735,58267735,3,6,2,2,2,1075,88,8,0,0,0,70,0,0,0,12,12,2,3,8,0,0,0,1,49,84015,6,1,6,1,3,0,71,210,98,0,0,0,0,0,0,0,0,0,0,0,0,0,3,2,75,1,1,1,2,0,0,1,80,1,1,1,13,0,0
49,490182,1,1,1,2,11,19,30,8,0,1,0,49,1,6,52,6052,1,2005,3C4FY48B45T5,3,C,4,F,Y,4,8,B,4,5,T,5,0,P,CHRY,PTC,SV,5,17,3018,,0,1030,,G,,F,4,148,,,15R195,,,,,,0,0,000000000,00000000000,0,0,0,1,0,0,0,0,0,0,0,999,0,0,0,12,12,6,2,8,0,0,0,1,49,84639,6,1,0,0,3,0,67,220,98,0,0,0,0,0,0,0,0,0,0,0,0,0,2,2,45,1,1,2,1,0,0,1,80,1,1,1,13,0,0
49,490183,1,1,1,8,11,8,21,8,0,1,0,49,1,54,31,54031,3,1998,JH4DC4350WS0,J,H,4,D,C,4,3,5,0,W,S,0,0,P,ACUR,ILS,2H,98,17,2568,,0,1012,,G,,F,4,112,,,14R195,,,,,,0,0,000000000,00000000000,0,0,0,1,0,0,0,0,0,0,0,35,0,0,0,12,12,6,2,8,0,0,0,1,49,84025,6,1,0,0,3,0,62,125,98,0,0,1,0,6,2011,6,2011,0,0,0,0,0,3,3,40,1,1,2,1,0,0,1,80,1,1,1,13,0,0
49,490184,1,1,1,9,11,18,40,31,0,1,0,49,2,21,21,21021,4,2001,1G3NL52E91C2,1,G,3,N,L,5,2,E,9,1,C,2,0,P,OLDS,A/G,4D,1,17,3022,,0,1070,,G,,F,6,207,,,15R215,,,,,,0,0,000000000,00000000000,0,0,0,1,0,0,0,0,0,0,0,65,0,1,6,12,13,6,2,1,0,0,0,1,49,84770,3,1,0,0,2,0,72,190,98,1,1,0,1,11,2009,4,2011,0,28,58,0,0,1,2,65,1,1,2,1,0,0,1,13,6,1,4,1,1,0
49,490185,1,1,1,15,11,4,47,8,0,1,0,49,3,12,32,12032,3,2011,3FADP4EJ3BM1,3,F,A,D,P,4,E,J,3,B,M,1,0,P,FORD,FEE,4H,11,17,2537,,0,980,,G,,F,4,098,,,15R185,,,,,,0,0,000000000,00000000000,0,0,0,1,0,0,0,0,0,0,0,30,0,0,0,12,12,2,3,8,0,0,0,1,49,84047,6,1,0,0,3,0,68,170,98,0,0,0,0,0,0,0,0,0,0,0,0,0,1,4,30,1,1,2,1,3,3,1,80,1,1,1,13,0,0
49,490186,1,1,6,6,11,8,29,1,0,1,0,48,1,19,421,19421,15,2002,1GYEK63N02R1,1,G,Y,E,K,6,3,N,0,2,R,1,0,P,CADI,ESC,UT,2,17,5554,,0,1160,,G,,F,8,364,,,17R265,,,,,,0,0,000000000,00000000000,0,0,0,1,0,0,0,0,0,0,0,65,0,2,3,0,0,6,2,1,0,0,0,1,48,78207,0,0,0,0,0,0,999,999,99,99,99,99,99,99,9999,99,9999,0,58,87,0,0,3,3,75,1,3,2,4,0,0,1,5,7,7,4,7,1,0
49,490187,1,1,1,12,11,23,40,42,0,1,0,49,1,63,34,63034,4,2007,KNAGE1235751,K,N,A,G,E,1,2,3,5,7,5,1,0,P,KIA,OLE,4D,7,17,3142,,0,1071,,G,,F,4,146,,,16R205,,,,,,0,0,000000000,00000000000,0,0,0,1,0,0,0,0,0,0,0,50,0,0,0,12,12,6,2,42,0,0,0,1,49,84074,6,1,0,0,3,3,70,249,98,0,0,0,0,0,0,0,0,1,28,0,0,0,2,2,25,2,1,3,1,0,0,14,12,1,1,4,6,1,1
49,490188,1,1,1,22,11,10,55,1,0,1,0,48,1,7,471,7471,30,1993,3B7KM23C5PM1,3,B,7,K,M,2,3,C,5,P,M,1,0,T,DODG,W20,PC,93,17,,2,0,1490,W20,D,,,6,359,,,,B,4647,01,A,44,0,0,000000000,00000000000,0,0,0,1,0,0,0,0,0,0,0,999,0,2,6,0,0,6,2,1,0,0,0,1,48,79734,0,0,0,0,0,0,999,999,0,0,0,0,0,0,0,0,0,9,99,99,99,99,1,3,60,3,2,2,2,0,0,14,9,7,3,4,2,1,0
49,490189,1,1,1,29,11,1,0,1,0,1,0,49,3,7,472,7472,31,2007,1D7HW28K47S1,1,D,7,H,W,2,8,K,4,7,S,1,0,T,DODG,QST,CW,7,17,,2,0,1313,DAK,G,,,6,225,,,,B,4457,00,E,44,0,0,000000000,00000000000,0,0,0,1,0,0,0,0,0,0,0,70,0,2,6,0,0,6,2,1,0,0,0,1,4,84039,6,1,0,0,3,0,70,220,0,0,0,2,0,7,2011,8,2011,1,28,58,0,0,1,2,60,3,2,2,1,0,0,14,13,1,1,4,1,1,1
49,490190,1,2,1,7,9,14,30,12,6,1,0,49,1,7,461,7461,21,1985,2B6FK13C1FR3,2,B,6,F,K,1,3,C,1,F,R,3,0,P,DODG,MRM,SV,85,17,2704,,0,1120,,G,,2,4,135,,,000000,,,,,,0,0,000000000,00000000000,0,0,0,1,0,0,0,0,0,0,0,10,0,0,0,3,3,6,2,12,0,0,0,1,49,84511,6,1,0,0,3,0,62,120,98,0,0,0,0,0,0,0,0,0,38,0,0,0,1,2,65,1,1,2,1,0,0,11,15,1,1,1,68,1,0
49,490190,2,2,1,7,9,14,30,12,6,1,0,49,1,87,881,87881,66,2007,1XP5DB9X57D7,1,X,P,5,D,B,9,X,5,7,D,7,1,T,PTRB,379,TR,7,17,,8,0,0,CON,D,,,6,893,,,,,00000,00,,64,1,57,00306411,5700306411,3,6,2,1,0,0,0,0,0,0,0,60,0,1,5,12,12,6,2,12,0,0,0,1,8,81323,6,1,6,1,3,0,71,180,0,0,0,0,1,8,2011,8,2011,0,0,0,0,0,1,2,65,1,1,2,1,0,0,1,17,1,1,1,69,0,0