STATE,ST_CASE,VEH_NO,VE_FORMS,NUMOCCS,DAY,MONTH,HOUR,MINUTE,HARM_EV,MAN_COLL,UNITTYPE,HIT_RUN,REG_STAT,OWNER,MAKE,MODEL,MAK_MOD,BODY_TYP,MOD_YEAR,VIN,VIN_1,VIN_2,VIN_3,VIN_4,VIN_5,VIN_6,VIN_7,VIN_8,VIN_9,VIN_10,VIN_11,VIN_12,TOW_VEH,VINTYPE,VINMAKE,VINA_MOD,VIN_BT,VINMODYR,VIN_LNGT,VIN_WGT,WGTCD_TR,WHLBS_LG,WHLBS_SH,SER_TR,FUELCODE,MCYCL_DS,CARBUR,CYLINDER,DISPLACE,MCYCL_CY,MCYCL_WT,TIRE_SZE,TON_RAT,TRK_WT,TRKWTVAR,VIN_REST,WHLDRWHL,J_KNIFE,MCARR_I1,MCARR_I2,MCARR_ID,GVWR,V_CONFIG,CARGO_BT,HAZ_INV,HAZ_PLAC,HAZ_ID,HAZ_CNO,HAZ_REL,BUS_USE,SPEC_USE,EMER_USE,TRAV_SP,UNDERIDE,ROLLOVER,ROLINLOC,IMPACT1,IMPACT2,DEFORMED,TOWED,M_HARM,VEH_SC1,VEH_SC2,FIRE_EXP,DR_PRES,L_STATE,DR_ZIP,L_STATUS,L_TYPE,CDL_STAT,L_ENDORS,L_COMPL,L_RESTRI,DR_HGT,DR_WGT,PREV_ACC,PREV_SUS,PREV_DWI,PREV_SPD,PREV_OTH,FIRST_MO,FIRST_YR,LAST_MO,LAST_YR,SPEEDREL,DR_SF1,DR_SF2,DR_SF3,DR_SF4,VTRAFWAY,VNUM_LAN,VSPD_LIM,VALIGN,VPROFILE,VPAVETYP,VSURCOND,VTRAFCON,VTCONT_F,P_CRASH1,P_CRASH2,P_CRASH3,PCRASH4,PCRASH5,ACC_TYPE,DEATHS,DR_DRINK
49,490191,1,2,1,11,9,2,50,12,1,1,0,4,2,34,37,34037,4,2000,WBAGJ0343YDD,W,B,A,G,J,0,3,4,3,Y,D,D,0,P,BMW,75L,4D,0,17,4597,,0,1209,,G,,F,12,328,,,16R235,,,,,,0,0,000000000,00000000000,0,0,0,1,0,0,0,0,0,0,0,75,0,0,0,12,12,6,2,12,0,0,0,1,6,89123,6,1,0,0,3,0,69,220,0,0,0,0,1,10,2009,10,2009,1,26,0,0,0,3,2,75,4,2,2,1,0,0,14,51,1,1,1,24,1,0
49,490191,2,2,1,11,9,2,50,12,1,1,0,49,3,85,881,85881,66,1989,1XKDDB9X4KS5,1,X,K,D,D,B,9,X,4,K,S,5,1,T,KW,T80,TR,89,17,,8,0,0,CON,D,,,6,893,,,,,00000,00,,64,1,57,1345462,571345462,3,6,8,1,0,0,0,0,0,0,0,35,0,0,0,6,6,4,3,12,0,0,0,1,49,84770,6,1,6,1,3,0,68,175,98,0,0,1,0,12,2010,12,2010,0,92,0,0,0,3,2,75,4,2,2,1,0,0,14,53,1,1,1,25,0,0
49,490192,1,2,2,18,9,20,6,12,2,1,0,49,1,20,461,20461,21,2010,1GCZGFDA7A11,1,G,C,Z,G,F,D,A,7,A,1,1,0,T,CHEV,E25,CG,10,17,,2,0,1350,EXP,F,,,8,293,,,,C,5338,00,,42,0,0,000000000,00000000000,0,0,0,1,0,0,0,0,0,0,0,25,0,0,0,12,12,4,3,12,0,0,0,1,49,84058,6,1,0,0,3,0,69,215,98,0,0,1,0,6,2010,6,2010,0,38,0,0,0,5,4,55,1,1,2,1,0,0,11,15,1,1,1,68,0,0
49,490192,2,2,1,18,9,20,6,12,2,1,0,49,1,72,706,72706,80,1999,ID07443,I,D,0,7,4,4,3,,,,,,0,M,HD,,,99,7,,,,,,,,,,,,,,,,,,,0,0,000000000,00000000000,0,0,0,1,0,0,0,0,0,0,0,50,0,0,0,12,12,6,2,12,0,0,0,1,49,84052,6,1,0,0,3,0,71,220,98,1,0,1,0,1,2010,7,2011,0,0,0,0,0,5,4,55,1,1,2,1,0,0,1,17,99,1,1,69,1,0
49,490193,1,2,1,23,9,10,33,12,6,1,0,49,1,37,31,37031,4,2001,1HGES15581L0,1,H,G,E,S,1,5,5,8,1,L,0,0,P,HOND,UCL,4D,1,17,2465,,0,1031,,G,,F,4,102,,,14R185,,,,,,0,0,000000000,00000000000,0,0,0,1,0,0,0,0,0,0,0,15,0,0,0,3,3,6,2,12,0,0,0,1,49,84117,6,1,0,0,3,0,63,130,98,0,0,0,0,0,0,0,0,0,38,0,0,0,1,6,40,1,1,2,1,3,3,11,15,1,1,1,68,1,0
49,490193,2,2,1,23,9,10,33,12,6,1,0,49,3,23,421,23421,15,1999,1GKEK13R9XJ7,1,G,K,E,K,1,3,R,9,X,J,7,0,T,GMC,YUK,4W,99,17,,2,0,1175,YUK,G,,,8,350,,,,B,5268,00,E,44,0,0,000000000,00000000000,0,0,0,1,0,0,0,0,0,0,0,40,0,0,0,12,12,6,2,12,0,0,0,1,49,84092,6,1,0,0,3,3,72,200,98,0,0,0,0,0,0,0,0,0,0,0,0,0,1,6,40,1,1,2,1,3,3,1,17,1,1,1,69,0,0
49,490194,1,1,1,15,12,12,34,1,0,1,0,16,1,23,481,23481,31,1984,1GTCS14B3E85,1,G,T,C,S,1,4,B,3,E,8,5,0,T,GMC,S10,PK,84,17,,1,1229,1083,S,G,,,6,173,,,,B,2461,04,,42,0,0,000000000,00000000000,0,0,0,1,0,0,0,0,0,0,0,57,0,2,6,0,0,6,2,1,0,0,0,1,16,83318,6,1,0,0,3,3,72,270,0,0,0,0,0,0,0,0,0,0,28,58,0,0,6,1,75,2,2,2,1,0,0,14,13,6,1,4,1,1,0
49,490195,1,2,1,24,9,23,27,8,0,1,0,49,2,48,34,48034,6,2001,4S3BH8067176,4,S,3,B,H,8,0,6,7,1,7,6,0,P,SUBA,ULB,SW,1,17,3715,,0,1043,,G,,F,6,183,,,16R225,,,,,,0,0,000000000,00000000000,0,0,0,1,0,0,0,0,0,0,0,40,0,0,0,12,12,4,3,8,0,0,0,1,49,84414,6,1,8,0,3,0,77,200,98,0,0,0,0,0,0,0,0,0,0,0,0,0,5,4,40,1,1,2,1,0,0,1,80,1,1,1,13,0,0
49,490195,2,2,1,24,9,23,27,8,0,1,0,49,3,22,9,22009,2,1997,2G2FV22P4V22,2,G,2,F,V,2,2,P,4,V,2,2,0,P,PONT,FTA,2H,97,17,3350,,0,1011,,G,,F,8,350,,,16R235,,,,,,0,0,000000000,00000000000,0,0,0,1,0,0,0,0,0,0,0,40,0,0,0,12,12,2,1,8,0,0,0,1,49,84405,6,1,6,0,3,0,69,195,98,0,0,0,0,0,0,0,0,0,0,0,0,0,5,4,40,1,1,2,1,0,0,1,80,1,1,1,98,0,0
49,490196,1,1,5,3,12,5,25,59,0,1,0,49,1,37,441,37441,20,2001,2HKRL18641H5,2,H,K,R,L,1,8,6,4,1,H,5,0,P,HOND,UDY,SV,1,17,4288,,0,1181,,G,,F,6,212,,,16R215,,,,,,0,0,000000000,00000000000,0,0,0,1,0,0,0,0,0,0,0,70,0,0,0,12,9,6,2,30,0,0,0,1,49,84128,6,1,0,0,3,0,67,170,98,0,0,0,0,0,0,0,0,1,0,0,0,0,3,2,75,1,1,2,3,0,0,1,13,1,2,4,2,1,0
49,490197,1,1,1,2,9,11,3,1,0,1,0,6,1,12,481,12481,31,1999,1FTRX18W1XKB,1,F,T,R,X,1,8,W,1,X,K,B,0,T,FORD,F15,4C,99,17,,2,1574,1388,COF,G,,,8,281,,,,B,00000,00,U,44,0,0,000000000,00000000000,0,0,0,1,0,0,0,0,0,0,0,75,0,2,3,0,0,6,2,1,0,0,0,1,6,95125,6,1,0,0,3,0,64,180,0,1,0,0,0,1,2010,1,2010,0,80,0,0,0,2,2,75,3,1,2,1,0,0,14,1,99,7,4,7,1,0
49,490198,1,1,2,18,11,4,35,1,0,1,0,49,2,20,37,20037,4,2001,1G1ND52J31M6,1,G,1,N,D,5,2,J,3,1,M,6,0,P,CHEV,MAL,4D,1,17,3051,,0,1070,,G,,F,6,191,,,15R215,,,,,,0,0,000000000,00000000000,0,0,0,1,0,0,0,0,0,0,0,100,0,2,1,0,13,6,2,2,0,0,1,1,49,84107,6,1,0,0,3,0,63,115,98,0,0,0,0,0,0,0,0,1,58,0,0,0,1,2,50,4,1,2,1,0,0,14,6,6,3,2,98,1,0
49,490199,1,1,1,3,9,18,48,34,0,1,0,32,2,98,739,98739,90,2007,4UF07ATV37T2,4,U,F,0,7,A,T,V,3,7,T,2,0,U,,,,7,17,,,,,,,,,,,,,,,,,,,0,0,000000000,00000000000,0,0,0,1,0,0,0,0,0,0,0,999,0,1,6,12,12,6,2,1,0,0,0,1,32,89145,0,0,0,0,1,0,999,999,99,99,99,99,99,99,9999,99,9999,0,52,0,0,0,1,2,20,3,2,5,1,0,0,14,12,1,1,4,6,1,0
49,490200,1,4,1,1,12,17,28,8,0,1,0,49,3,42,401,42401,14,2008,4JGBB86E18A3,4,J,G,B,B,8,6,E,1,8,A,3,0,P,MERZ,M35,UT,8,17,4725,,0,1148,,G,,F,6,213,,,19R255,,,,,,0,0,000000000,00000000000,0,0,0,1,0,0,0,0,0,0,0,998,0,0,0,12,12,2,3,8,0,0,0,1,49,84121,6,1,0,0,3,0,67,140,98,0,0,0,0,0,0,0,0,0,0,0,0,0,5,2,35,1,1,2,1,0,0,1,80,1,1,1,13,0,0
49,490200,2,4,1,1,12,17,28,8,0,1,0,49,1,52,34,52034,4,1998,4A3AJ56G5WE0,4,A,3,A,J,5,6,G,5,W,E,0,0,P,MITS,UEL,4D,98,17,2877,,0,1037,,G,,F,4,143,,,14R185,,,,,,0,0,000000000,00000000000,0,0,0,1,0,0,0,0,0,0,0,998,0,0,0,11,11,2,3,8,0,0,0,1,49,84096,6,1,0,0,3,0,62,116,98,0,0,1,0,9,2011,9,2011,0,81,84,0,0,5,2,35,1,1,2,1,0,0,1,80,6,1,1,98,0,0
49,490200,3,4,1,1,12,17,28,8,0,1,0,49,2,49,402,49402,14,2003,JTEHH20V2302,J,T,E,H,H,2,0,V,2,3,0,2,0,P,TOYT,RV4,UT,3,17,2877,,0,980,,G,,F,4,122,,,16R215,,,,,,0,0,000000000,00000000000,0,0,0,1,0,0,0,0,0,0,0,0,0,0,0,6,6,2,1,12,0,0,0,1,49,84123,0,0,0,0,0,0,999,999,99,99,99,99,99,99,9999,99,9999,0,0,0,0,0,5,2,35,1,1,2,1,0,0,5,53,1,1,1,98,0,0
49,490200,4,4,1,1,12,17,28,8,0,1,0,49,1,63,32,63032,4,2010,KNADH4A34A66,K,N,A,D,H,4,A,3,4,A,6,6,0,P,KIA,RBL,4D,10,17,2365,,0,0,,G,,F,4,098,,,000000,,,,,,0,0,000000000,00000000000,0,0,0,1,0,0,0,0,0,0,0,998,0,0,0,12,12,4,1,12,0,0,0,1,49,84106,6,1,0,0,3,3,59,103,98,0,0,0,0,0,0,0,0,0,26,0,0,0,5,2,35,1,1,2,1,0,0,1,50,2,1,1,98,0,0
49,490201,1,1,1,3,12,6,14,8,0,1,0,49,2,24,1,24001,4,1996,1G8ZG5285TZ3,1,G,8,Z,G,5,2,8,5,T,Z,3,0,P,STRN,SL1,4D,96,17,2247,,0,1024,,G,,F,4,116,,,14R175,,,,,,0,0,000000000,00000000000,0,0,0,1,0,0,0,0,0,0,0,50,0,0,0,12,12,4,3,8,0,0,0,1,49,84663,6,1,0,0,3,0,69,165,98,0,0,0,0,0,0,0,0,0,86,0,0,0,3,3,55,1,1,1,4,28,3,1,80,6,1,1,13,0,0
49,490202,1,1,3,3,12,16,4,39,0,1,0,49,1,49,50,49050,3,2008,JTKDE1671802,J,T,K,D,E,1,6,7,1,8,0,2,0,P,TOYT,SXC,2H,8,17,2905,,0,1063,,G,,F,4,146,,,17R215,,,,,,0,0,000000000,00000000000,0,0,0,1,0,0,0,0,0,0,0,90,0,0,0,4,4,6,2,19,35,0,0,1,49,84118,6,1,0,0,3,0,69,195,98,0,0,0,0,0,0,0,0,1,36,0,0,0,5,4,45,1,2,2,1,3,3,1,6,99,4,4,7,2,1
49,490203,1,2,2,10,12,17,38,8,0,1,0,49,2,30,40,30040,4,2005,3VWSE69M05M0,3,V,W,S,E,6,9,M,0,5,M,0,0,P,VOLK,ULI,4D,5,17,3032,,0,989,,G,,T,4,109,,,18R225,,,,,,0,0,000000000,00000000000,0,0,0,1,0,0,0,0,0,0,0,30,0,0,0,12,12,2,1,8,0,0,0,1,49,84060,6,1,0,0,3,0,64,148,98,0,0,0,0,0,0,0,0,0,0,0,0,0,3,4,45,3,1,2,1,3,3,14,80,7,1,1,13,0,0
49,490203,2,2,1,10,12,17,38,8,0,1,0,49,1,41,53,41053,5,2007,JM3ER29L7701,J,M,3,E,R,2,9,L,7,7,0,1,0,P,MAZD,MCX,UT,7,17,3710,,0,1083,,G,,T,4,138,,,18R235,,,,,,0,0,000000000,00000000000,0,0,0,1,0,0,0,0,0,0,0,15,0,0,0,12,12,2,1,8,0,0,0,1,49,84098,6,1,0,0,3,0,70,165,98,0,0,0,0,0,0,0,0,0,0,0,0,0,3,4,45,2,1,2,1,3,3,11,80,1,1,1,98,0,0
49,490204,1,1,1,12,12,1,50,8,0,1,1,49,1,37,32,37032,2,1995,1HGCD7160SA0,1,H,G,C,D,7,1,6,0,S,A,0,0,P,HOND,AEX,CP,95,17,2853,,0,1069,,G,,F,4,132,,,15R195,,,,,,0,0,000000000,00000000000,0,0,0,1,0,0,0,0,0,0,0,999,0,0,0,12,12,4,1,8,0,0,0,1,49,84104,0,0,0,0,0,0,999,999,99,99,99,99,99,99,9999,99,9999,9,38,0,0,0,5,4,40,1,1,2,1,3,3,1,80,99,1,1,13,0,0
49,490205,1,1,1,20,12,12,30,8,0,1,0,49,3,52,882,52882,62,1993,JW6DML1E9PL0,J,W,6,D,M,L,1,E,9,P,L,0,0,T,MIFU,417,TB,93,17,,6,2185,1449,FK4,D,,,6,460,,,,,00000,00,,42,0,57,571618,57571618,2,2,1,1,0,0,0,0,0,0,0,60,0,0,0,1,1,4,1,8,0,0,0,1,49,84062,6,1,0,0,3,3,68,165,98,0,0,0,1,5,2011,5,2011,1,27,0,0,0,3,3,65,1,2,1,1,0,0,15,11,1,1,4,13,0,0
49,490206,1,1,1,16,12,10,25,35,0,1,0,49,1,49,482,49482,31,2000,5TBBT4819YS0,5,T,B,B,T,4,8,1,9,Y,S,0,0,T,TOYT,TXL,4C,0,17,,2,0,1283,TUN,G,,,8,285,,,,B,4644,00,U,44,0,0,000000000,00000000000,0,0,0,1,0,0,0,0,0,0,0,75,0,1,6,12,13,6,2,1,0,0,0,1,49,84640,6,1,0,0,3,3,67,190,98,0,0,0,0,0,0,0,0,0,28,0,0,0,3,2,75,1,2,2,2,0,0,1,13,1,1,4,1,1,0
49,490207,1,1,3,17,12,8,47,1,0,1,0,49,2,20,421,20421,15,2001,1GNEK13TX1R1,1,G,N,E,K,1,3,T,X,1,R,1,0,P,CHEV,KTA,UT,1,17,5050,,0,1160,,G,,F,8,325,,,16R245,,,,,,0,0,000000000,00000000000,0,0,0,1,0,0,0,0,0,0,0,70,0,2,1,0,0,6,2,1,0,0,0,1,49,84655,6,1,0,0,3,0,72,170,98,0,0,0,0,0,0,0,0,0,27,58,0,0,2,2,65,1,2,2,1,0,0,15,8,7,7,6,98,1,0
49,490208,1,1,1,29,12,14,45,38,0,1,0,49,1,23,481,23481,31,2007,1GTHK23677F5,1,G,T,H,K,2,3,6,7,7,F,5,0,T,GMC,2KH,CW,7,17,,2,1670,1530,SIE,D,,,8,403,,,,C,5883,02,E,44,0,0,000000000,00000000000,0,0,0,1,0,0,0,0,0,0,0,999,0,0,0,12,12,6,2,42,0,0,0,1,49,84780,6,1,0,0,3,0,66,290,98,0,0,1,0,6,2010,6,2010,9,28,0,0,0,1,2,30,1,1,2,1,0,0,1,12,1,1,4,6,1,0
49,490209,1,2,1,31,10,7,47,8,0,1,0,49,1,20,22,20022,4,2009,1G1AT58H7972,1,G,1,A,T,5,8,H,7,9,7,2,0,P,CHEV,BLT,4D,9,17,3216,,0,1033,,G,,F,4,134,,,15R195,,,,,,0,0,000000000,00000000000,0,0,0,1,0,0,0,0,0,0,0,35,0,0,0,12,12,2,1,8,0,0,0,1,49,84003,6,1,0,0,3,1,64,160,98,0,0,0,0,0,0,0,0,0,0,0,0,0,1,4,40,1,1,2,1,3,3,1,80,1,1,1,13,0,0
49,490209,2,2,1,31,10,7,47,8,0,1,0,49,2,49,403,49403,14,2005,JTEGP21A8500,J,T,E,G,P,2,1,A,8,5,0,0,0,P,TOYT,HIG,UT,5,17,3520,,0,1069,,G,,F,6,202,,,16R225,,,,,,0,0,000000000,00000000000,0,0,0,1,0,0,0,0,0,0,0,35,0,0,0,12,12,0,1,8,0,0,0,1,49,84062,6,1,0,0,3,0,63,150,98,0,0,0,0,0,0,0,0,0,0,0,0,0,1,2,40,1,1,2,1,3,3,1,80,1,1,1,98,0,0
49,490210,1,4,1,30,12,23,34,12,2,1,0,49,1,48,31,48031,6,1987,JF2AN53B6HE4,J,F,2,A,N,5,3,B,6,H,E,4,0,P,SUBA,G4D,SW,87,17,2560,,0,970,,G,,F,4,108,,,13R185,,,,,,0,0,000000000,00000000000,0,0,0,1,0,0,0,0,0,0,0,75,0,0,0,12,3,6,2,12,0,0,0,1,49,84404,1,1,0,0,2,3,67,155,98,1,0,0,0,12,2010,12,2010,0,51,0,0,0,3,2,75,1,1,2,1,0,0,1,54,1,1,1,50,1,1
49,490210,2,4,1,30,12,23,34,12,2,1,0,49,1,35,402,35402,14,2006,5N1AN08W66C5,5,N,1,A,N,0,8,W,6,6,C,5,0,P,NISS,XTR,UT,6,17,4165,,0,1063,,G,,F,6,244,,,16R265,,,,,,0,0,000000000,00000000000,0,0,0,1,0,0,0,0,0,0,0,75,0,0,0,12,12,4,3,12,0,0,0,1,49,84340,6,1,0,0,3,3,61,140,98,0,0,0,0,0,0,0,0,0,0,0,0,0,3,2,75,1,1,2,1,0,0,1,54,7,1,1,51,0,0
49,490210,3,4,1,30,12,23,34,12,2,1,0,49,1,20,22,20022,4,2008,1G1AL18F9872,1,G,1,A,L,1,8,F,9,8,7,2,0,P,CHEV,BLT,CP,8,17,2991,,0,1033,,G,,F,4,134,,,15R195,,,,,,0,0,000000000,00000000000,0,0,0,1,0,0,0,0,0,0,0,75,0,0,0,12,12,4,3,12,0,0,0,1,49,84321,6,1,0,0,3,0,70,170,98,0,0,1,1,4,2011,12,2011,0,0,0,0,0,3,2,75,1,1,2,1,0,0,1,54,7,1,2,98,0,0
49,490210,4,4,1,30,12,23,34,12,2,1,0,32,2,6,51,6051,4,2000,2C3HE66GXYH3,2,C,3,H,E,6,6,G,X,Y,H,3,0,P,CHRY,30M,4D,0,17,3499,,0,1130,,G,,F,6,215,,,17R225,,,,,,0,0,000000000,00000000000,0,0,0,1,0,0,0,0,0,0,0,75,0,0,0,12,12,4,3,12,0,0,0,1,49,84302,6,1,0,0,3,3,68,160,98,0,0,0,0,0,0,0,0,0,0,0,0,0,3,2,75,1,1,2,1,0,0,1,54,7,1,2,98,0,0
49,490211,1,4,1,24,12,18,7,12,6,1,0,49,1,20,431,20431,16,1999,3GNGK26JXXG1,3,G,N,G,K,2,6,J,X,X,G,1,0,P,CHEV,K25,UT,99,17,5574,,0,1315,,G,,F,8,454,,,16R245,,,,,,0,0,000000000,00000000000,0,0,0,1,0,0,0,0,0,0,0,50,0,0,0,11,12,6,2,12,0,0,0,1,49,84084,6,1,0,0,3,0,69,180,98,0,0,0,0,0,0,0,0,0,51,0,0,0,3,2,50,1,1,2,1,0,0,1,10,1,1,2,64,0,1
49,490211,2,4,2,24,12,18,7,12,6,1,0,49,2,35,47,35047,4,2009,1N4AL21E99N4,1,N,4,A,L,2,1,E,9,9,N,4,0,P,NISS,ATS,4D,9,17,3179,,0,1093,,G,,F,4,153,,,16R215,,,,,,0,0,000000000,00000000000,0,0,0,1,0,0,0,0,0,0,0,50,0,0,0,7,7,2,1,12,0,0,0,1,49,84088,0,0,0,0,0,0,999,999,99,99,99,99,99,99,9999,99,9999,0,0,0,0,0,3,2,50,1,1,2,1,0,0,1,62,1,1,1,65,0,0
49,490211,3,4,4,24,12,18,7,12,6,1,0,49,1,48,45,48045,6,2008,4S4BP60C5873,4,S,4,B,P,6,0,C,5,8,7,3,0,P,SUBA,OBK,SW,8,17,3350,,0,1051,,G,,F,4,150,,,16R225,,,,,,0,0,000000000,00000000000,0,0,0,1,0,0,0,0,0,0,0,50,0,0,0,12,12,6,2,12,0,0,0,1,49,84003,6,1,0,0,3,0,68,180,98,0,0,1,1,12,2009,9,2011,0,0,0,0,0,3,2,50,1,1,2,1,0,0,1,54,1,1,1,98,1,0
49,490211,4,4,1,24,12,18,7,12,6,1,0,49,1,49,32,49032,4,2007,1NXBR32E37Z8,1,N,X,B,R,3,2,E,3,7,Z,8,0,P,TOYT,UCS,4D,7,17,2530,,0,1024,,G,,F,4,109,,,15R185,,,,,,0,0,000000000,00000000000,0,0,0,1,0,0,0,0,0,0,0,50,0,0,0,99,12,6,2,12,0,0,0,1,49,84095,6,1,0,0,3,0,66,125,98,0,0,0,1,3,2011,3,2011,0,0,0,0,0,3,2,50,1,1,2,1,0,0,1,51,7,1,2,98,0,0
49,490212,1,3,1,28,12,5,49,12,6,1,0,49,2,12,15,12015,4,1992,2FAPP36X0NB1,2,F,A,P,P,3,6,X,0,N,B,1,0,P,FORD,TGL,4D,92,17,2600,,0,999,,G,,F,4,140,,,14R185,,,,,,0,0,000000000,00000000000,0,0,0,1,0,0,0,0,0,0,0,998,0,0,0,3,3,6,2,12,0,0,0,1,49,84123,6,1,0,0,3,0,71,200,98,0,0,0,1,5,2009,5,2009,0,38,0,0,0,5,4,40,1,1,2,1,3,3,11,15,1,1,1,68,1,0
49,490212,2,3,1,28,12,5,49,12,6,1,0,49,2,52,37,52037,2,1995,4A3AK44Y9SE1,4,A,3,A,K,4,4,Y,9,S,E,1,0,P,MITS,EGS,2H,95,17,2899,,0,988,,G,,F,4,122,,,16R205,,,,,,0,0,000000000,00000000000,0,0,0,1,0,0,0,0,0,0,0,50,0,0,0,12,12,6,2,12,0,0,0,1,49,84118,6,1,0,0,3,0,68,150,98,0,0,1,0,12,2011,12,2011,0,0,0,0,0,5,4,40,1,1,2,1,3,3,1,17,1,1,1,69,0,0
49,490212,3,3,1,28,12,5,49,12,6,1,0,49,1,20,421,20421,15,2008,1GNFK13038J1,1,G,N,F,K,1,3,0,3,8,J,1,0,P,CHEV,KTA,UT,8,17,5524,,0,1160,,F,,F,8,323,,,17R265,,,,,,0,0,000000000,00000000000,0,0,0,1,0,0,0,0,0,0,0,0,0,0,0,12,12,2,1,12,0,0,0,1,49,84095,6,1,0,0,3,0,68,140,98,0,0,0,0,0,0,0,0,0,0,0,0,0,5,2,35,1,1,2,1,3,3,10,16,1,1,1,98,0,0
49,490213,1,1,2,31,10,21,19,8,0,1,0,49,1,41,50,41050,4,2008,1YVHP80C185M,1,Y,V,H,P,8,0,C,1,8,5,M,0,P,MAZD,M6I,4D,8,17,3093,,0,1053,,G,,F,4,140,,,17R215,,,,,,0,0,000000000,00000000000,0,0,0,1,0,0,0,0,0,0,0,35,0,0,0,12,12,2,1,8,0,0,0,1,49,84405,6,1,0,0,3,0,65,162,98,0,0,0,0,0,0,0,0,0,0,0,0,0,1,2,40,1,1,2,1,0,0,1,80,1,1,1,13,0,0
49,490214,1,1,1,2,11,7,29,8,0,1,0,49,2,14,6,14006,4,2011,2MEBM7FV9BX6,2,M,E,B,M,7,F,V,9,B,X,6,0,P,MERC,MGL,4D,11,17,4118,,0,1146,,F,,F,8,281,,,17R225,,,,,,0,0,000000000,00000000000,0,0,0,1,0,0,0,0,0,0,0,35,0,0,0,12,12,6,2,8,0,0,0,1,49,84084,6,1,0,0,3,0,66,215,98,0,0,1,0,3,2010,3,2010,0,0,0,0,0,5,4,35,1,1,2,1,0,0,1,17,1,1,1,13,0,0
49,490215,1,1,1,29,12,5,54,1,0,1,0,56,2,12,481,12481,31,1994,1FTHX26G5RKB,1,F,T,H,X,2,6,G,5,R,K,B,0,T,FORD,F25,PC,94,17,,2,0,1550,COF,G,,,8,460,,,,C,00000,00,M,44,0,0,000000000,00000000000,0,0,0,1,0,0,0,0,0,0,0,65,0,2,3,0,0,6,2,1,0,0,0,1,42,15004,6,1,0,0,3,0,72,999,0,0,0,0,0,0,0,0,0,1,87,0,0,0,2,2,65,1,1,2,4,0,0,1,5,1,4,4,7,1,0
49,490216,1,1,2,14,12,21,33,35,0,1,0,49,1,30,40,30040,4,2004,3VWSE69M14M1,3,V,W,S,E,6,9,M,1,4,M,1,0,P,VOLK,JGS,4D,4,17,2964,,0,989,,G,,T,4,109,,,15R195,,,,,,0,0,000000000,00000000000,0,0,0,1,0,0,0,0,0,0,0,117,0,1,6,12,12,6,2,1,0,0,0,1,49,84404,4,1,0,0,2,0,71,181,98,2,0,0,1,1,2009,12,2009,1,0,0,0,0,3,2,70,3,1,2,1,0,0,14,13,4,1,4,1,2,1
49,490217,1,2,1,9,12,6,15,12,1,1,0,49,1,20,481,20481,31,1994,2GCEK19K5R12,2,G,C,E,K,1,9,K,5,R,1,2,0,T,CHEV,GK1,PC,94,17,,2,1555,1415,GM4,G,,,8,350,,,,B,4032,00,,44,0,0,000000000,00000000000,0,0,0,1,0,0,0,0,0,0,0,77,0,0,0,12,12,6,2,12,0,0,0,1,49,84095,6,1,0,0,3,0,69,195,98,0,0,0,0,0,0,0,0,1,38,0,0,0,5,2,50,1,2,2,1,3,3,1,50,1,1,1,20,0,0
49,490217,2,2,1,9,12,6,15,12,1,1,0,49,1,63,32,63032,4,2009,KNADE2239964,K,N,A,D,E,2,2,3,9,9,6,4,0,P,KIA,RBL,4D,9,17,2365,,0,984,,G,,F,4,098,,,14R185,,,,,,0,0,000000000,00000000000,0,0,0,1,0,0,0,0,0,0,0,0,0,0,0,6,6,6,2,12,0,0,0,1,49,84084,6,1,0,0,3,0,69,160,98,0,0,0,0,0,0,0,0,0,0,0,0,0,5,2,50,1,2,2,1,3,3,5,53,1,1,1,21,1,0
49,490218,1,3,2,28,10,23,16,12,1,1,0,49,2,2,406,2406,14,2008,1J8HG58N58C2,1,J,8,H,G,5,8,N,5,8,C,2,0,T,JEEP,LTD,4W,8,17,,2,0,1095,CMD,G,,,8,287,,,,,5119,00,L,44,0,0,000000000,00000000000,0,0,0,1,0,0,0,0,0,0,0,45,0,0,0,12,12,6,2,12,0,0,0,1,49,84047,6,1,0,0,3,3,62,127,98,0,0,0,1,11,2010,11,2010,0,39,26,0,0,1,8,45,1,1,2,1,3,3,1,50,1,1,1,20,0,1
49,490218,2,3,5,28,10,23,16,12,1,1,0,49,1,55,35,55035,4,2002,KMHDN45D82U2,K,M,H,D,N,4,5,D,8,2,U,2,0,P,HYUN,EST,4D,2,17,2635,,0,1027,,G,,F,4,121,,,15R195,,,,,,0,0,000000000,00000000000,0,0,0,1,0,0,0,0,0,0,0,0,0,0,0,6,6,6,2,12,0,0,0,1,49,84111,6,1,0,0,3,0,70,150,98,0,0,0,0,0,0,0,0,0,0,0,0,0,1,8,45,1,1,2,1,3,3,5,53,1,1,1,21,1,1
49,490218,3,3,1,28,10,23,16,12,1,1,0,16,1,49,40,49040,4,1996,4T1BF12KXTU1,4,T,1,B,F,1,2,K,X,T,U,1,0,P,TOYT,LXS,4D,96,17,3241,,0,1031,,G,,F,6,183,,,15R205,,,,,,0,0,000000000,00000000000,0,0,0,1,0,0,0,0,0,0,0,0,0,0,0,6,6,4,3,12,0,0,0,1,16,84102,6,1,0,0,3,0,67,160,0,0,0,0,1,4,2010,4,2010,0,0,0,0,0,1,8,45,1,1,2,1,3,3,5,53,1,1,1,98,0,0