STATE,ST_CASE,VEH_NO,VE_FORMS,NUMOCCS,DAY,MONTH,HOUR,MINUTE,HARM_EV,MAN_COLL,UNITTYPE,HIT_RUN,REG_STAT,OWNER,MAKE,MODEL,MAK_MOD,BODY_TYP,MOD_YEAR,VIN,VIN_1,VIN_2,VIN_3,VIN_4,VIN_5,VIN_6,VIN_7,VIN_8,VIN_9,VIN_10,VIN_11,VIN_12,TOW_VEH,VINTYPE,VINMAKE,VINA_MOD,VIN_BT,VINMODYR,VIN_LNGT,VIN_WGT,WGTCD_TR,WHLBS_LG,WHLBS_SH,SER_TR,FUELCODE,MCYCL_DS,CARBUR,CYLINDER,DISPLACE,MCYCL_CY,MCYCL_WT,TIRE_SZE,TON_RAT,TRK_WT,TRKWTVAR,VIN_REST,WHLDRWHL,J_KNIFE,MCARR_I1,MCARR_I2,MCARR_ID,GVWR,V_CONFIG,CARGO_BT,HAZ_INV,HAZ_PLAC,HAZ_ID,HAZ_CNO,HAZ_REL,BUS_USE,SPEC_USE,EMER_USE,TRAV_SP,UNDERIDE,ROLLOVER,ROLINLOC,IMPACT1,IMPACT2,DEFORMED,TOWED,M_HARM,VEH_SC1,VEH_SC2,FIRE_EXP,DR_PRES,L_STATE,DR_ZIP,L_STATUS,L_TYPE,CDL_STAT,L_ENDORS,L_COMPL,L_RESTRI,DR_HGT,DR_WGT,PREV_ACC,PREV_SUS,PREV_DWI,PREV_SPD,PREV_OTH,FIRST_MO,FIRST_YR,LAST_MO,LAST_YR,SPEEDREL,DR_SF1,DR_SF2,DR_SF3,DR_SF4,VTRAFWAY,VNUM_LAN,VSPD_LIM,VALIGN,VPROFILE,VPAVETYP,VSURCOND,VTRAFCON,VTCONT_F,P_CRASH1,P_CRASH2,P_CRASH3,PCRASH4,PCRASH5,ACC_TYPE,DEATHS,DR_DRINK
50,500028,1,1,1,21,8,17,40,42,0,1,0,33,1,12,481,12481,31,2003,2FTRX172X3CA,2,F,T,R,X,1,7,2,X,3,C,A,0,T,FORD,F15,4C,3,17,,2,1571,1385,COF,G,,,6,256,,,,B,4060,00,U,42,0,0,000000000,00000000000,0,0,0,1,0,0,0,0,0,0,0,999,0,0,0,11,62,6,2,42,0,0,0,1,33,3882,6,1,0,0,3,0,74,300,0,0,0,0,0,0,0,0,0,0,28,0,0,0,2,2,65,1,5,2,1,0,0,1,13,1,1,4,1,1,0
50,500029,1,1,1,26,8,20,15,1,0,1,0,50,1,20,9,20009,3,2002,2G1FP22G9221,2,G,1,F,P,2,2,G,9,2,2,1,0,P,CHEV,Z28,CP,2,17,3433,,0,1011,,G,,F,8,350,,,16R245,,,,,,0,0,000000000,00000000000,0,0,0,1,0,0,0,0,0,0,0,999,0,1,5,0,13,6,2,1,0,0,0,1,50,5602,6,1,0,0,3,3,75,190,0,0,0,0,2,10,2008,1,2011,1,28,36,0,0,1,2,50,2,1,2,1,0,0,14,6,99,3,4,2,1,0
50,500030,1,1,1,10,8,15,35,8,0,1,0,50,3,12,870,12870,55,2006,1FDXE45P56DA,1,F,D,X,E,4,5,P,5,6,D,A,0,T,FORD,4DC,YY,6,17,,4,1760,1580,CTV,D,,,8,366,,,,,00000,00,K,42,0,57,1889932,571889932,2,21,22,1,0,0,0,0,6,0,0,5,0,0,0,1,1,0,1,8,0,0,0,1,50,5753,6,1,6,1,3,3,70,240,0,0,0,0,1,8,2011,8,2011,0,0,0,0,0,1,2,25,1,1,2,1,20,3,11,80,1,1,1,13,0,0
50,500031,1,1,1,7,9,0,25,34,0,1,0,50,2,23,481,23481,31,2002,2GTEK19T0214,2,G,T,E,K,1,9,T,0,2,1,4,0,T,GMC,NK1,4C,2,17,,2,1575,1435,SIE,G,,,8,325,,,,B,4910,02,U,44,0,0,000000000,00000000000,0,0,0,1,0,0,0,0,0,0,0,999,0,1,5,61,13,6,2,1,0,0,0,1,50,5872,6,1,0,0,3,0,72,185,0,0,0,0,0,0,0,0,0,0,28,0,0,0,1,2,50,3,6,4,1,0,0,14,13,1,1,4,1,1,1
50,500032,1,1,1,10,9,21,57,42,0,1,0,50,1,2,404,2404,14,1996,1J4GZ58S9TC2,1,J,4,G,Z,5,8,S,9,T,C,2,0,T,JEEP,LRO,4W,96,17,,1,0,1059,GCK,G,,,6,242,,,,,3686,00,E,44,0,0,000000000,00000000000,0,0,0,1,0,0,0,0,0,0,0,87,0,1,5,12,13,6,2,42,0,0,0,1,50,5401,1,1,0,0,2,0,66,127,0,2,2,0,0,5,2011,6,2011,1,28,0,0,0,1,2,50,2,8,2,1,0,0,14,12,3,2,4,7,1,1
50,500033,1,2,1,24,9,18,47,12,8,1,0,33,1,72,706,72706,80,2011,1HD1KHM15BB6,1,H,D,1,K,H,M,1,5,B,B,6,0,M,HD,LRX,RS,11,17,,,,,,,1690,,2,,4,772,,,,,,,0,0,000000000,00000000000,0,0,0,1,0,0,0,0,0,0,0,999,0,0,0,11,14,6,2,12,0,0,0,1,50,5039,6,1,0,0,3,0,75,280,0,0,0,1,0,7,2010,7,2010,1,28,0,0,0,1,2,25,2,6,2,1,0,0,14,10,1,1,2,64,1,1
50,500033,2,2,1,24,9,18,47,12,8,1,0,50,1,7,27,7027,6,2009,3D4GG57V29T5,3,D,4,G,G,5,7,V,2,9,T,5,0,P,DODG,JOU,UT,9,17,4229,,0,1138,,G,,F,6,214,,,17R225,,,,,,0,0,000000000,00000000000,0,0,0,1,0,0,0,0,0,0,0,25,0,0,0,11,61,6,2,12,0,0,0,1,50,5040,6,1,0,0,3,3,63,150,0,0,0,0,0,0,0,0,0,1,0,0,0,0,1,2,25,3,5,2,1,0,0,14,62,9,1,1,65,0,0
50,500035,1,1,8,2,10,1,8,42,0,1,0,24,2,54,39,54039,4,2004,JH4CL96914C0,J,H,4,C,L,9,6,9,1,4,C,0,0,P,ACUR,TSX,4D,4,17,3329,,0,1051,,G,,F,4,146,,,17R215,,,,,,0,0,000000000,00000000000,0,0,0,1,0,0,0,0,0,0,0,999,0,0,0,2,82,6,2,42,0,0,0,1,36,20878,6,1,0,0,3,3,70,999,0,0,0,0,0,0,0,0,0,1,36,0,0,0,1,2,35,3,6,2,2,0,0,14,6,8,4,4,2,1,1
50,500036,1,1,1,3,10,8,40,8,0,1,0,50,1,7,880,7880,67,2004,3D7MU48C14G2,3,D,7,M,U,4,8,C,1,4,G,2,0,T,DODG,SQ3,CW,4,17,,3,0,1600,RPC,D,,,6,359,,,,D,6751,00,E,44,0,88,888888888,88888888888,2,1,97,1,0,0,0,0,0,0,0,25,0,0,0,12,12,2,1,8,0,0,0,1,50,5035,6,1,0,0,3,0,71,181,0,0,0,0,0,0,0,0,0,0,0,0,0,0,1,2,25,2,1,2,2,0,0,14,80,1,1,1,13,0,0
50,500037,1,1,1,3,10,20,7,17,0,1,0,50,1,20,481,20481,31,2004,1GCEK14T34E2,1,G,C,E,K,1,4,T,3,4,E,2,0,T,CHEV,SK1,PK,4,17,,2,1330,1190,SIL,G,,,8,325,,,,B,4436,00,,44,0,0,000000000,00000000000,0,0,0,1,0,0,0,0,0,0,0,999,0,0,0,1,4,6,2,17,0,0,0,1,50,5046,6,1,0,0,3,0,68,223,0,0,0,0,0,0,0,0,0,0,28,0,0,0,1,2,40,2,5,2,2,0,0,14,12,1,4,4,7,1,1
50,500038,1,1,1,4,10,22,28,1,0,1,0,50,1,18,20,18020,8,1990,2G4WB14LXL14,2,G,4,W,B,1,4,L,X,L,1,4,0,P,BUIC,RGC,CP,90,17,3102,,0,1075,,G,,F,6,231,,,14R205,,,,,,0,0,000000000,00000000000,0,0,0,1,0,0,0,0,0,0,0,50,0,2,5,0,81,6,2,42,0,0,0,1,50,5843,6,1,0,0,3,0,62,129,0,0,0,0,0,0,0,0,0,0,80,0,0,0,1,2,50,3,6,2,1,0,0,14,1,99,4,4,2,1,1
50,500039,1,2,1,13,10,18,19,12,2,1,0,50,1,30,47,30047,3,2001,3VWDD21C41M4,3,V,W,D,D,2,1,C,4,1,M,4,0,P,VOLK,NGX,2H,1,17,2889,,0,989,,G,,T,4,109,,,16R205,,,,,,0,0,000000000,00000000000,0,0,0,1,0,0,0,0,0,0,0,60,0,0,0,12,12,6,2,12,0,0,0,1,4,5065,0,0,0,0,0,0,69,155,0,0,0,0,0,0,0,0,0,1,35,36,0,0,1,2,40,1,1,2,2,0,0,6,10,1,1,2,50,0,1
50,500039,2,2,2,13,10,18,19,12,2,1,0,25,3,35,47,35047,4,2012,1N4AL2AP5CC1,1,N,4,A,L,2,A,P,5,C,C,1,0,P,NISS,ATS,4D,12,17,3180,,0,1093,,G,,F,4,153,,,16R215,,,,,,0,0,000000000,00000000000,0,0,0,1,0,0,0,0,0,0,0,35,0,0,0,12,12,6,2,12,0,0,0,1,48,78213,6,1,0,0,3,0,999,999,0,0,0,0,0,0,0,0,0,0,0,0,0,0,1,2,40,1,5,2,2,0,0,1,54,1,1,1,51,1,0
50,500040,1,1,4,16,10,12,32,42,0,1,0,50,1,20,444,20444,20,2005,1GNDV03L35D2,1,G,N,D,V,0,3,L,3,5,D,2,0,P,CHEV,UPL,SV,5,17,4470,,0,1211,,G,,F,6,214,,,000000,,,,,,0,0,000000000,00000000000,0,0,0,1,0,0,0,0,0,0,0,40,0,1,5,1,81,6,2,1,0,0,0,1,50,5676,6,1,0,0,3,0,70,229,0,0,0,0,0,0,0,0,0,0,28,0,0,0,1,2,40,1,1,2,1,0,0,1,62,7,1,4,1,1,0
50,500041,1,1,1,20,10,22,0,42,0,1,0,50,1,2,403,2403,14,2003,1J4FA49S33P3,1,J,4,F,A,4,9,S,3,3,P,3,0,T,JEEP,SPW,2W,3,17,,1,0,934,W/T,G,,,6,244,,,,,3361,00,E,44,0,0,000000000,00000000000,0,0,0,1,0,0,0,0,0,0,0,999,0,1,5,81,8,6,2,1,0,0,0,1,50,5060,6,1,0,0,3,3,71,216,0,0,0,0,0,0,0,0,0,9,28,0,0,0,1,2,50,3,5,2,99,0,0,14,13,1,1,4,1,1,1
50,500042,1,2,1,31,10,11,6,12,2,1,0,50,2,48,34,48034,6,2001,4S3BH686X176,4,S,3,B,H,6,8,6,X,1,7,6,0,P,SUBA,UBK,SW,1,17,3510,,0,1043,,G,,F,4,153,,,16R225,,,,,,0,0,000000000,00000000000,0,0,0,1,0,0,0,0,0,0,0,999,1,0,0,12,12,6,2,12,0,0,0,1,50,5142,6,2,0,0,3,0,73,142,0,0,0,0,0,0,0,0,0,9,28,0,0,0,1,2,50,2,1,2,1,0,0,14,10,7,1,2,50,1,0
50,500042,2,2,1,31,10,11,6,12,2,1,0,50,1,98,804,98804,66,2006,5KJJAEAV96PX,5,K,J,J,A,E,A,V,9,6,P,X,1,T,WSTR,49F,TR,6,17,,8,0,0,CNV,D,,,6,893,,,,,00000,00,,64,1,57,839779,57839779,3,6,1,1,0,0,0,0,0,0,0,50,0,0,0,12,11,6,2,12,0,0,0,1,50,5770,6,1,6,0,3,0,71,190,0,0,0,1,0,10,2009,10,2009,0,0,0,0,0,1,2,50,3,1,2,1,0,0,14,62,9,2,1,51,0,0
50,500043,1,1,4,14,11,0,37,21,0,1,0,36,4,49,40,49040,4,2010,4T1BF3EK2AU5,4,T,1,B,F,3,E,K,2,A,U,5,0,P,TOYT,CBA,4D,10,17,3263,,0,1093,,G,,F,4,152,,,16R215,,,,,,0,0,000000000,00000000000,0,0,0,1,0,0,0,0,0,0,0,999,0,0,0,12,12,6,2,21,0,0,1,1,36,11216,6,1,0,0,3,3,69,999,0,2,0,0,0,2,2009,5,2009,9,0,0,0,0,2,2,65,1,1,2,1,0,0,1,12,1,1,4,6,3,0
50,500044,1,1,1,18,11,23,40,1,0,1,0,33,1,23,421,23421,15,2006,2GTEK13Z0613,2,G,T,E,K,1,3,Z,0,6,1,3,0,T,GMC,NK1,CW,6,17,,2,0,1435,SIE,F,,,8,323,,,,B,5284,00,4,44,0,0,000000000,00000000000,0,0,0,1,0,0,0,0,0,0,0,999,0,2,3,0,98,6,2,1,0,0,0,1,33,3470,6,1,0,0,3,0,70,210,0,0,0,1,0,5,2011,5,2011,9,0,0,0,0,3,2,65,2,1,2,1,0,0,14,12,3,1,4,6,1,1
50,500045,1,1,1,20,11,14,14,23,0,1,0,50,2,48,38,48038,6,1999,JF1GF4857XG8,J,F,1,G,F,4,8,5,7,X,G,8,0,P,SUBA,ISP,SW,99,17,2860,,0,992,,G,,F,4,135,,,15R205,,,,,,0,0,000000000,00000000000,0,0,0,1,0,0,0,0,0,0,0,999,0,1,2,82,13,6,2,3,0,0,0,1,50,5075,6,2,0,0,3,3,69,120,0,0,0,0,0,0,0,0,0,9,0,0,0,0,3,2,65,1,6,2,1,0,0,1,9,99,2,4,2,1,0
50,500046,1,2,1,3,12,9,50,12,2,1,0,50,2,12,481,12481,31,2004,1FTRX14W84NB,1,F,T,R,X,1,4,W,8,4,N,B,0,T,FORD,F15,4C,4,17,,2,1450,1260,COF,G,,,8,281,,,,B,5480,00,U,44,0,0,000000000,00000000000,0,0,0,1,0,0,0,0,0,0,0,999,0,0,0,12,12,6,2,12,0,0,0,1,50,5478,6,1,0,0,3,0,70,220,0,0,0,0,0,0,0,0,0,0,28,0,0,0,1,2,50,2,5,2,1,0,0,14,10,1,1,2,50,1,0
50,500046,2,2,1,3,12,9,50,12,2,1,0,50,1,37,32,37032,4,2003,1HGCM563X3A0,1,H,G,C,M,5,6,3,X,3,A,0,0,P,HOND,ULX,4D,3,17,3053,,0,1079,,G,,F,4,146,,,15R205,,,,,,0,0,000000000,00000000000,0,0,0,1,0,0,0,0,0,0,0,999,0,0,0,12,12,6,2,12,0,0,0,1,50,5446,6,1,0,0,3,0,60,150,0,0,0,0,0,0,0,0,0,0,0,0,0,0,1,2,50,3,6,2,1,0,0,14,62,1,1,1,51,0,0
50,500047,1,2,3,8,12,12,40,12,2,1,0,50,1,6,441,6441,20,2010,2A4RR5D19AR4,2,A,4,R,R,5,D,1,9,A,R,4,0,P,CHRY,TWC,SV,10,17,4507,,0,1212,,G,,F,6,232,,,16R225,,,,,,0,0,000000000,00000000000,0,0,0,1,0,0,0,0,0,0,0,55,0,0,0,12,12,6,2,12,0,0,0,1,50,5660,6,1,0,0,3,0,64,190,0,0,0,1,0,10,2009,10,2009,0,28,0,0,0,1,2,50,2,3,2,8,0,0,14,10,1,1,2,50,3,0
50,500047,2,2,1,8,12,12,40,12,2,1,0,33,3,98,999,98999,99,2007,2FZHAZDA67AX,2,F,Z,H,A,Z,D,A,6,7,A,X,0,T,STRG,LT9,CC,7,17,,8,0,0,STE,D,,,6,537,,,,,00000,00,,64,0,57,317883,57317883,3,2,2,2,2,1075,2,2,0,0,0,50,0,0,0,12,12,6,2,12,0,0,0,1,50,5641,6,1,6,1,2,3,74,370,0,0,0,0,0,0,0,0,0,0,0,0,0,0,1,2,50,3,3,2,2,0,0,14,62,7,1,1,51,0,0
50,500048,1,1,1,25,12,21,54,42,0,1,0,50,1,20,2,20002,4,2008,2G1WT55K2891,2,G,1,W,T,5,5,K,2,8,9,1,0,P,CHEV,IMT,4D,8,17,3555,,0,1105,,F,,F,6,214,,,16R225,,,,,,0,0,000000000,00000000000,0,0,0,1,0,0,0,0,0,0,0,50,0,0,0,12,12,6,2,42,0,0,0,1,50,5476,6,1,0,0,3,0,70,230,0,0,0,0,0,0,0,0,0,1,0,0,0,0,1,2,50,1,1,2,3,0,0,1,13,1,1,4,1,1,1
50,500049,1,2,1,16,9,15,31,12,6,1,0,50,1,35,47,35047,4,2002,1N4AL11D42C2,1,N,4,A,L,1,1,D,4,2,C,2,0,P,NISS,ABS,4D,2,17,2873,,0,1102,,G,,F,4,153,,,16R205,,,,,,0,0,000000000,00000000000,0,0,0,1,0,0,0,0,0,0,0,999,0,0,0,62,62,6,2,12,0,0,0,1,50,5495,6,1,0,0,3,3,62,140,0,0,0,0,0,0,0,0,0,0,0,0,0,0,1,4,35,1,1,2,1,0,0,11,15,1,1,1,82,1,0
50,500049,2,2,1,16,9,15,31,12,6,1,0,24,1,59,35,59035,4,2006,JTHCK2625620,J,T,H,C,K,2,6,2,5,6,2,0,0,P,LEXS,A25,4D,6,17,3651,,0,1074,,G,,F,6,153,,,18R225,,,,,,0,0,000000000,00000000000,0,0,0,1,0,0,0,0,0,0,0,35,0,0,0,12,12,6,2,12,0,0,0,1,24,5403,6,1,0,0,3,0,66,125,0,0,0,3,0,5,2010,6,2011,0,0,0,0,0,1,4,35,1,1,2,1,0,0,1,72,8,1,1,83,0,0
51,510001,1,1,1,1,1,12,9,42,0,1,0,51,1,37,31,37031,4,2003,1HGCM82693A0,1,H,G,C,M,8,2,6,9,3,A,0,0,P,HOND,UEX,CP,3,17,3047,,0,1051,,G,,F,6,183,,,16R205,,,,,,0,0,000000000,00000000000,0,0,0,1,0,0,0,0,0,0,0,999,0,0,0,9,9,6,2,42,0,0,0,1,51,22947,6,1,0,0,3,0,66,140,1,0,0,1,1,9,2008,5,2010,0,29,58,0,0,1,2,45,1,1,2,2,0,0,1,13,9,2,4,2,1,1
51,510002,1,1,1,6,1,10,13,14,0,1,0,51,1,51,34,51034,4,1992,YV1AS8203N14,Y,V,1,A,S,8,2,0,3,N,1,4,0,P,VOLV,24G,4D,92,17,2954,,0,1043,,G,,F,4,141,,,14R185,,,,,,0,0,000000000,00000000000,0,0,0,1,0,0,0,0,0,0,0,45,0,0,0,1,2,6,2,8,0,0,0,1,51,23188,6,1,0,0,3,0,61,185,0,0,0,0,0,0,0,0,0,0,29,0,0,0,1,2,45,1,1,1,1,0,0,1,13,1,1,4,11,0,0
51,510003,1,1,1,1,1,6,0,35,0,1,0,51,2,53,401,53401,14,1988,JS3JC51V7J41,J,S,3,J,C,5,1,V,7,J,4,1,0,P,SUZI,SMR,UT,88,17,0,,0,799,,G,,2,4,081,,,000000,,,,,,0,0,000000000,00000000000,0,0,0,1,0,0,0,0,0,0,0,999,0,0,0,1,1,6,2,34,0,0,0,1,51,23185,6,1,0,0,3,0,69,180,1,0,0,0,1,11,2008,12,2008,0,29,0,0,0,1,2,45,2,1,2,1,0,0,14,12,1,1,4,6,1,1
51,510004,1,1,1,8,1,7,0,35,0,1,0,51,1,35,472,35472,30,2000,1N6ED27YXYC3,1,N,6,E,D,2,7,Y,X,Y,C,3,0,T,NISS,XSC,CW,0,17,,1,0,1161,FRT,G,,,6,201,,,,,3912,01,U,44,0,0,000000000,00000000000,0,0,0,1,0,0,0,0,0,0,0,60,0,1,5,1,1,6,2,1,0,0,0,1,51,23437,6,1,0,0,3,0,68,185,0,0,0,1,0,5,2009,5,2009,1,29,0,0,0,1,2,55,1,1,2,4,0,0,1,12,8,7,4,7,1,0
51,510005,1,1,1,4,1,21,17,8,0,1,0,51,1,49,32,49032,4,2010,2T1BU4EE0AC2,2,T,1,B,U,4,E,E,0,A,C,2,0,P,TOYT,CBL,4D,10,17,2723,,0,1024,,G,,F,4,110,,,15R195,,,,,,0,0,000000000,00000000000,0,0,0,1,0,0,0,0,0,0,0,999,0,0,0,12,12,6,2,8,0,0,0,1,51,23220,6,1,0,0,3,0,71,165,0,1,0,1,0,3,2008,10,2010,0,0,0,0,0,3,4,25,1,1,2,1,0,0,1,80,1,1,1,13,0,0
51,510006,1,1,1,3,1,0,30,42,0,1,0,51,2,48,34,48034,4,1998,4S3BG6853W76,4,S,3,B,G,6,8,5,3,W,7,6,0,P,SUBA,UK3,SW,98,17,3155,,0,1035,,G,,F,4,150,,,15R205,,,,,,0,0,000000000,00000000000,0,0,0,1,0,0,0,0,0,0,0,45,0,1,5,12,12,6,2,42,0,0,0,1,51,22949,0,0,0,0,0,0,999,999,0,0,0,0,0,0,0,0,0,0,29,0,0,0,1,2,45,2,2,2,1,0,0,14,12,1,1,4,6,1,1
51,510007,1,1,1,10,1,22,1,34,0,1,0,51,1,23,481,23481,31,2008,1GTHK23638F1,1,G,T,H,K,2,3,6,3,8,F,1,0,T,GMC,2KH,CW,8,17,,2,1670,1530,SIE,D,,,8,403,,,,C,5983,00,4,44,0,0,000000000,00000000000,0,0,0,1,0,0,0,0,0,0,0,999,0,2,1,12,12,9,2,1,0,0,0,1,51,20187,6,1,0,0,3,0,70,200,0,1,0,0,0,10,2008,10,2008,0,0,0,0,0,1,2,99,3,2,2,1,0,0,14,13,2,1,4,1,1,1
51,510008,1,1,2,11,1,21,5,42,0,1,0,51,2,51,42,51042,4,1997,YV1LS5641V13,Y,V,1,L,S,5,6,4,1,V,1,3,0,P,VOLV,GLT,4D,97,17,3267,,0,1049,,G,,T,5,149,,,15R195,,,,,,0,0,000000000,00000000000,0,0,0,1,0,0,0,0,0,0,0,65,0,1,5,11,11,6,2,42,0,0,0,1,51,24401,1,1,0,0,2,0,75,285,0,6,0,1,2,5,2009,10,2010,1,29,0,0,0,1,2,55,3,2,2,2,0,0,14,12,4,1,4,6,1,1
51,510009,1,1,2,11,1,8,42,35,0,1,0,51,1,12,481,12481,31,2004,1FTSW31P34EC,1,F,T,S,W,3,1,P,3,4,E,C,0,T,FORD,F3S,CW,4,17,,2,1724,1562,SRW,D,,,8,366,,,,D,6267,00,E,44,0,0,000000000,00000000000,0,0,0,1,0,0,0,0,0,0,0,40,0,0,0,12,12,6,2,35,0,0,0,1,51,24281,6,1,0,0,3,3,72,175,0,0,0,0,0,0,0,0,0,0,29,0,0,0,1,2,55,1,1,2,3,0,0,1,12,2,1,4,6,1,0
51,510010,1,1,1,14,1,0,15,18,0,1,0,51,1,20,481,20481,31,2007,1GCEK190X7Z5,1,G,C,E,K,1,9,0,X,7,Z,5,0,T,CHEV,SK1,4C,7,17,,2,1575,1339,SIL,F,,,8,323,,,,B,5236,02,,44,0,0,000000000,00000000000,0,0,0,1,0,0,0,0,0,0,0,999,0,0,0,12,12,6,2,18,0,0,0,1,51,23824,6,1,0,0,3,0,66,175,1,0,0,0,1,11,2008,1,2009,0,29,0,0,0,1,2,55,2,1,2,1,0,0,14,12,1,1,4,6,1,1
51,510011,1,1,4,14,1,15,45,35,0,1,0,51,1,48,38,48038,6,2002,JF1GG68572G8,J,F,1,G,G,6,8,5,7,2,G,8,0,P,SUBA,ISP,SW,2,17,3050,,0,994,,G,,F,4,150,,,16R205,,,,,,0,0,000000000,00000000000,0,0,0,1,0,0,0,0,0,0,0,999,0,0,0,12,12,6,2,42,0,0,0,1,51,24521,6,1,0,0,3,0,61,138,0,0,0,2,0,1,2008,2,2008,0,29,0,0,0,3,4,55,1,1,2,1,0,0,1,12,1,1,4,6,1,0
51,510012,1,2,1,14,1,7,35,12,1,1,0,51,2,20,471,20471,30,2002,1GCCS1450281,1,G,C,C,S,1,4,5,0,2,8,1,0,T,CHEV,S14,PK,2,17,,1,0,1083,S,F,,,4,133,,,,B,3016,00,,42,0,0,000000000,00000000000,0,0,0,1,0,0,0,0,0,0,0,70,0,0,0,12,12,6,2,12,0,0,0,1,51,24019,6,1,6,0,3,0,74,325,0,0,0,0,0,0,0,0,0,1,0,0,0,0,3,4,70,1,2,2,1,0,0,1,51,1,1,1,24,1,0
51,510012,2,2,1,14,1,7,35,12,1,1,0,26,3,82,881,82881,66,2002,1FUJBBCG92LF,1,F,U,J,B,B,C,G,9,2,L,F,1,T,FRHT,ST2,TR,2,17,,8,0,0,CON,D,,,6,774,,,,,00000,00,,64,1,26,01879090,2601879090,3,6,1,1,0,0,0,0,0,0,0,50,0,0,0,6,6,6,2,12,0,0,0,1,4,85008,6,1,6,0,3,0,70,160,0,2,0,0,1,1,2010,9,2010,1,45,0,0,0,3,4,70,1,2,2,1,0,0,1,53,1,1,1,26,0,0
51,510013,1,1,1,16,1,11,0,42,0,1,0,51,1,37,32,37032,4,2001,1HGCG22541A0,1,H,G,C,G,2,2,5,4,1,A,0,0,P,HOND,UEX,CP,1,17,3283,,0,1051,,G,,F,6,183,,,16R205,,,,,,0,0,000000000,00000000000,0,0,0,1,0,0,0,0,0,0,0,50,0,1,5,12,12,6,2,42,0,0,0,1,51,22630,6,1,0,0,3,0,72,165,0,0,0,1,1,10,2008,10,2010,1,29,58,0,0,1,2,45,1,2,1,1,0,0,1,12,3,7,4,7,1,0
51,510014,1,1,3,18,1,0,8,42,0,1,0,51,3,20,481,20481,31,1998,1GCEK19M6WE1,1,G,C,E,K,1,9,M,6,W,E,1,0,T,CHEV,GK1,PC,98,17,,2,1555,1415,GM4,G,,,8,305,,,,B,00000,00,,44,0,0,000000000,00000000000,0,0,0,1,0,0,0,0,0,0,0,998,0,0,0,11,11,6,2,42,0,0,0,1,51,22534,6,1,0,0,3,0,70,200,0,5,0,4,1,4,2008,6,2009,0,29,0,0,0,1,2,40,2,1,2,4,0,0,14,5,4,4,4,2,1,1
51,510015,1,1,1,19,1,20,0,53,0,1,0,51,2,12,481,12481,31,2001,1FTRW07671KC,1,F,T,R,W,0,7,6,7,1,K,C,0,T,FORD,F1S,CW,1,17,,2,0,1385,COF,G,,,8,281,,,,B,4581,01,E,42,0,0,000000000,00000000000,0,0,0,1,0,0,0,0,0,0,0,999,0,1,5,9,13,6,2,1,0,0,0,1,51,23128,6,1,0,0,3,0,65,220,0,1,0,3,1,12,2009,12,2010,0,29,58,0,0,1,2,35,3,1,2,1,0,0,14,12,4,7,4,7,1,1
51,510016,1,1,1,3,1,11,0,8,0,1,0,51,1,23,471,23471,30,1996,1GTCT19W2T85,1,G,T,C,T,1,9,W,2,T,8,5,0,T,GMC,SON,PC,96,17,,1,0,1229,SON,G,,,6,262,,,,B,3723,00,M,44,0,0,000000000,00000000000,0,0,0,1,0,0,0,0,0,0,0,30,0,0,0,12,12,6,8,8,0,0,0,1,51,24441,6,1,0,0,3,0,69,155,2,0,0,0,1,7,2009,10,2010,0,41,0,0,0,1,2,55,1,1,2,1,50,3,1,80,1,1,1,13,0,0
51,510017,1,2,1,21,1,8,29,12,6,1,0,51,1,20,482,20482,31,2009,3GNFK22329G1,3,G,N,F,K,2,2,3,2,9,G,1,0,T,CHEV,KTL,SP,9,17,,2,0,1300,AVL,F,,,8,323,,,,B,5767,00,,44,0,0,000000000,00000000000,0,0,0,1,0,0,0,0,0,0,0,25,0,0,0,9,9,6,2,12,0,0,0,1,51,23139,6,1,6,0,3,0,72,250,0,0,0,1,0,5,2009,5,2009,0,39,0,0,0,2,2,55,1,2,2,1,20,3,1,17,1,1,1,89,0,0
51,510017,2,2,1,21,1,8,29,12,6,1,0,51,1,20,481,20481,31,1990,1GCDK14K7LZ2,1,G,C,D,K,1,4,K,7,L,Z,2,0,T,CHEV,GK1,PK,90,17,,1,1415,1175,GM4,G,,,8,350,,,,B,4117,05,,44,0,0,000000000,00000000000,0,0,0,1,0,0,0,0,0,0,0,55,0,0,0,12,12,6,2,12,0,0,0,1,51,23139,6,1,0,0,3,0,71,205,0,0,0,0,0,0,0,0,0,0,0,0,0,0,2,2,60,1,2,2,1,0,0,1,54,3,1,2,88,1,0
51,510018,1,1,1,10,1,22,32,24,0,1,0,51,1,2,404,2404,14,1999,1J4GW58S4XC5,1,J,4,G,W,5,8,S,4,X,C,5,0,T,JEEP,LRO,4W,99,17,,1,0,1059,GCK,G,,,6,242,,,,,3809,00,E,44,0,0,000000000,00000000000,0,0,0,1,0,0,0,0,0,0,0,999,0,2,5,12,12,6,2,1,0,0,0,1,51,22724,6,1,0,0,3,0,67,150,1,0,0,0,1,9,2009,9,2009,0,29,0,0,0,2,4,55,1,2,2,1,0,0,1,12,8,1,4,6,1,1
51,510019,1,1,2,23,1,2,10,25,0,1,0,51,2,20,2,20002,4,2008,2G1WT58K4813,2,G,1,W,T,5,8,K,4,8,1,3,0,P,CHEV,IMT,4D,8,17,3555,,0,1105,,F,,F,6,214,,,16R225,,,,,,0,0,000000000,00000000000,0,0,0,1,0,0,0,0,0,0,0,75,0,1,1,12,12,6,2,1,0,0,0,1,51,23804,6,1,0,0,3,0,66,153,0,17,0,3,2,2,2009,9,2010,1,0,0,0,0,3,6,60,1,1,2,1,0,0,1,12,1,1,4,6,2,1