STATE,ST_CASE,VEH_NO,VE_FORMS,NUMOCCS,DAY,MONTH,HOUR,MINUTE,HARM_EV,MAN_COLL,UNITTYPE,HIT_RUN,REG_STAT,OWNER,MAKE,MODEL,MAK_MOD,BODY_TYP,MOD_YEAR,VIN,VIN_1,VIN_2,VIN_3,VIN_4,VIN_5,VIN_6,VIN_7,VIN_8,VIN_9,VIN_10,VIN_11,VIN_12,TOW_VEH,VINTYPE,VINMAKE,VINA_MOD,VIN_BT,VINMODYR,VIN_LNGT,VIN_WGT,WGTCD_TR,WHLBS_LG,WHLBS_SH,SER_TR,FUELCODE,MCYCL_DS,CARBUR,CYLINDER,DISPLACE,MCYCL_CY,MCYCL_WT,TIRE_SZE,TON_RAT,TRK_WT,TRKWTVAR,VIN_REST,WHLDRWHL,J_KNIFE,MCARR_I1,MCARR_I2,MCARR_ID,GVWR,V_CONFIG,CARGO_BT,HAZ_INV,HAZ_PLAC,HAZ_ID,HAZ_CNO,HAZ_REL,BUS_USE,SPEC_USE,EMER_USE,TRAV_SP,UNDERIDE,ROLLOVER,ROLINLOC,IMPACT1,IMPACT2,DEFORMED,TOWED,M_HARM,VEH_SC1,VEH_SC2,FIRE_EXP,DR_PRES,L_STATE,DR_ZIP,L_STATUS,L_TYPE,CDL_STAT,L_ENDORS,L_COMPL,L_RESTRI,DR_HGT,DR_WGT,PREV_ACC,PREV_SUS,PREV_DWI,PREV_SPD,PREV_OTH,FIRST_MO,FIRST_YR,LAST_MO,LAST_YR,SPEEDREL,DR_SF1,DR_SF2,DR_SF3,DR_SF4,VTRAFWAY,VNUM_LAN,VSPD_LIM,VALIGN,VPROFILE,VPAVETYP,VSURCOND,VTRAFCON,VTCONT_F,P_CRASH1,P_CRASH2,P_CRASH3,PCRASH4,PCRASH5,ACC_TYPE,DEATHS,DR_DRINK
51,510020,1,1,1,1,1,2,14,8,0,1,0,24,1,2,404,2404,14,1997,1J4GZ78Y8VC5,1,J,4,G,Z,7,8,Y,8,V,C,5,0,T,JEEP,L/O,4W,97,17,,1,0,1059,GCK,G,,,8,318,,,,,3700,02,E,44,0,0,000000000,00000000000,0,0,0,1,0,0,0,0,0,0,0,40,0,0,0,12,12,6,8,8,0,0,0,1,24,20613,6,1,0,0,3,0,72,999,0,0,0,1,2,2,2010,2,2010,0,0,0,0,0,2,4,45,1,1,2,2,0,0,1,80,1,1,1,13,0,0
51,510021,1,1,2,23,1,2,4,42,0,1,0,51,1,34,34,34034,4,2003,WBSBL934X3JR,W,B,S,B,L,9,3,4,X,3,J,R,0,P,BMW,M3S,CP,3,17,3415,,0,1075,,G,,F,6,198,,,18R225,,,,,,0,0,000000000,00000000000,0,0,0,1,0,0,0,0,0,0,0,999,0,2,5,99,99,6,2,1,0,0,0,1,51,22911,6,1,0,0,3,3,69,170,1,0,0,3,1,1,2009,12,2010,0,29,0,0,0,1,2,45,4,2,2,1,0,0,14,12,99,1,4,6,1,1
51,510022,1,3,1,17,1,19,47,52,0,1,0,51,4,82,883,82883,66,2007,1FUJA6CK77LZ,1,F,U,J,A,6,C,K,7,7,L,Z,1,T,FRHT,COL,TR,7,17,,8,0,0,CON,D,,,6,855,,,,,00000,00,,64,1,51,01483020,5101483020,3,6,1,1,0,0,0,0,0,0,0,60,0,0,0,4,4,6,2,12,0,0,0,1,51,24354,6,1,6,0,3,0,67,268,0,0,0,0,0,0,0,0,0,0,29,0,0,0,3,4,60,1,2,2,1,0,0,1,12,1,1,4,98,0,0
51,510022,2,3,3,17,1,19,47,52,0,1,0,51,1,34,34,34034,4,2006,WBABW334X6PX,W,B,A,B,W,3,3,4,X,6,P,X,0,P,BMW,5CI,CV,6,17,3560,,0,1073,,G,,F,6,153,,,16R205,,,,,,0,0,000000000,00000000000,0,0,0,1,0,0,0,0,0,0,0,60,0,0,0,12,12,6,2,12,0,0,0,1,51,24141,6,1,0,0,3,0,62,236,0,0,0,1,1,1,2009,9,2009,0,0,0,0,0,3,4,60,1,2,2,1,0,0,1,64,1,1,1,98,1,0
51,510022,3,3,2,17,1,19,47,52,0,1,0,13,3,82,883,82883,66,2003,1FUJA6BD43LL,1,F,U,J,A,6,B,D,4,3,L,L,1,T,FRHT,COL,TR,3,17,,8,0,0,CON,D,,,6,855,,,,,00000,00,,64,1,17,00773524,1700773524,3,6,1,1,0,0,0,0,0,0,0,45,0,0,0,12,12,6,2,12,0,0,0,1,13,31909,6,1,6,0,3,0,72,270,98,0,0,1,2,6,2009,2,2010,0,0,0,0,0,3,4,60,1,2,2,1,0,0,2,62,1,1,1,98,1,0
51,510023,1,1,1,20,1,16,55,38,0,1,0,51,3,12,481,12481,31,2004,2FTRX17W04CA,2,F,T,R,X,1,7,W,0,4,C,A,0,T,FORD,HER,4C,4,17,,2,1570,1390,COF,G,,,8,281,,,,B,4290,00,U,42,0,0,000000000,00000000000,0,0,0,1,0,0,0,0,0,0,0,60,0,0,0,12,12,6,2,2,0,0,1,1,51,24313,6,1,0,0,3,0,76,180,0,0,0,1,1,5,2010,8,2010,1,29,0,0,0,1,2,55,1,1,2,1,0,0,1,12,1,1,4,6,1,0
51,510024,1,1,1,27,1,6,7,34,0,1,0,51,2,7,482,7482,31,2003,1D7HU16D03J6,1,D,7,H,U,1,6,D,0,3,J,6,0,T,DODG,S15,PK,3,17,,2,1405,1205,RPC,G,,,8,345,,,,B,4697,02,E,44,0,0,000000000,00000000000,0,0,0,1,0,0,0,0,0,0,0,55,0,1,5,12,12,6,2,42,0,0,0,1,51,23072,6,1,0,0,3,0,67,245,0,0,0,0,0,0,0,0,0,0,29,0,0,0,1,2,55,1,1,2,4,0,0,1,13,1,1,4,1,1,0
51,510025,1,2,2,27,1,16,35,12,6,1,0,17,3,12,481,12481,31,2008,1FTSX21558EC,1,F,T,S,X,2,1,5,5,8,E,C,0,T,FORD,F2S,4C,8,17,,2,1580,1420,SRW,G,,,8,329,,,,C,6346,01,U,44,0,0,000000000,00000000000,0,0,0,1,0,0,0,0,0,0,0,55,0,0,0,12,12,6,2,24,0,0,0,1,51,22815,6,1,0,0,3,0,76,187,0,0,0,1,0,2,2008,2,2008,0,0,0,0,0,3,4,55,1,2,2,1,0,0,1,66,2,1,1,88,0,0
51,510025,2,2,1,27,1,16,35,12,6,1,0,51,3,12,401,12401,14,2005,1FMDU72K15ZA,1,F,M,D,U,7,2,K,1,5,Z,A,0,P,FORD,EPR,UT,5,17,4094,,0,1137,,F,,F,6,245,,,16R235,,,,,,0,0,000000000,00000000000,0,0,0,1,0,0,0,0,0,0,0,10,0,1,3,9,9,6,2,12,0,0,1,1,51,23847,6,1,0,0,3,0,60,125,0,0,0,0,0,0,0,0,0,0,39,0,0,0,3,4,55,1,2,2,1,20,3,1,17,4,1,1,89,1,0
51,510026,1,1,1,28,1,7,47,8,0,1,0,51,2,37,31,37031,4,1998,2HGEJ6677WH6,2,H,G,E,J,6,6,7,7,W,H,6,0,P,HOND,UCL,4D,98,17,2426,,0,1032,,G,,F,4,097,,,14R185,,,,,,0,0,000000000,00000000000,0,0,0,1,0,0,0,0,0,0,0,45,0,0,0,1,1,2,9,8,0,0,0,1,51,22432,6,2,0,0,3,0,63,155,0,0,0,0,0,0,0,0,0,0,0,0,0,0,1,3,45,2,1,2,1,0,0,14,80,3,1,1,13,0,0
51,510027,1,1,1,29,1,6,9,48,0,1,0,51,2,37,31,37031,4,1992,1HGEG8640NL0,1,H,G,E,G,8,6,4,0,N,L,0,0,P,HOND,CID,4D,92,17,2275,,0,1031,,G,,F,4,091,,,13R175,,,,,,0,0,000000000,00000000000,0,0,0,1,0,0,0,0,0,0,0,55,0,0,0,1,1,6,2,23,0,0,0,1,51,22204,6,1,0,0,3,0,65,220,0,0,0,0,0,0,0,0,0,0,29,0,0,0,2,6,55,3,1,1,4,0,0,14,13,4,7,4,2,1,1
51,510028,1,2,1,19,1,9,46,12,8,1,0,51,3,20,470,20470,29,2004,1GBJG31U5411,1,G,B,J,G,3,1,U,5,4,1,1,0,T,CHEV,CT3,YY,4,17,,3,1770,1390,ETV,G,,,8,364,,,,D,4881,06,,42,0,0,000000000,00000000000,0,0,0,1,0,0,0,0,0,0,0,55,0,0,0,11,11,6,2,12,0,0,0,1,51,24557,6,1,0,0,3,0,71,160,0,0,0,0,0,0,0,0,0,0,51,0,0,0,1,2,55,1,2,2,1,0,0,1,10,3,1,2,64,0,0
51,510028,2,2,1,19,1,9,46,12,8,1,0,51,3,85,881,85881,66,1990,2XKDD29X2LM5,2,X,K,D,D,2,9,X,2,L,M,5,1,T,KW,T80,TR,90,17,,8,0,0,CON,D,,,6,855,,,,,00000,00,,64,1,51,1244002,511244002,3,6,10,1,0,0,0,0,0,0,0,55,0,1,1,11,12,6,2,1,0,0,0,1,51,24112,6,1,6,0,3,0,66,156,2,0,0,0,0,10,2010,12,2010,0,0,0,0,0,1,2,55,1,2,2,1,0,0,1,62,3,1,1,65,1,0
51,510029,1,2,2,28,1,16,56,12,6,1,0,51,1,23,481,23481,31,1999,1GTHK34R6XF0,1,G,T,H,K,3,4,R,6,X,F,0,0,T,GMC,SK3,PK,99,17,,2,0,1315,SIE,G,,,8,350,,,,D,00000,00,A,44,0,0,000000000,00000000000,0,0,0,1,0,0,0,0,0,0,0,20,0,0,0,9,9,6,2,12,0,0,0,1,51,24368,6,1,0,0,3,0,74,190,0,0,0,0,0,0,0,0,0,0,47,0,0,0,2,4,65,1,1,2,1,0,0,1,10,1,1,2,44,1,0
51,510029,2,2,1,28,1,16,56,12,6,1,0,27,3,84,881,84881,66,1999,2HSFBASR8XC0,2,H,S,F,B,A,S,R,8,X,C,0,1,T,INTL,930,TR,99,17,,8,2400,1600,90S,D,,,6,893,,,,,00000,00,,64,1,27,10786230,2710786230,3,6,1,1,0,0,0,0,0,0,0,60,0,0,0,1,1,6,2,12,0,0,0,1,27,56011,6,1,6,9,3,0,73,325,0,0,0,0,0,0,0,0,0,0,0,0,0,0,2,4,65,1,1,2,1,0,0,1,61,1,1,1,45,0,0
51,510030,1,1,1,18,1,22,5,42,0,1,0,51,1,24,1,24001,4,1995,1G8ZG5289SZ2,1,G,8,Z,G,5,2,8,9,S,Z,2,0,P,STRN,SL1,4D,95,17,2222,,0,1024,,G,,F,4,116,,,14R175,,,,,,0,0,000000000,00000000000,0,0,0,1,0,0,0,0,0,0,0,45,0,0,0,12,12,6,2,42,0,0,0,1,51,24354,6,1,0,0,3,0,63,125,0,0,0,2,0,3,2010,5,2010,1,29,0,0,0,1,2,25,1,1,2,2,0,0,1,12,1,1,4,6,1,1
51,510031,1,2,3,30,1,11,34,12,6,1,0,51,1,20,36,20036,2,2003,2G1WX12K2392,2,G,1,W,X,1,2,K,2,3,9,2,0,P,CHEV,MSS,CP,3,17,3395,,0,1105,,G,,F,6,231,,,16R225,,,,,,0,0,000000000,00000000000,0,0,0,1,0,0,0,0,0,0,0,70,0,0,0,9,9,6,2,12,0,0,0,1,51,22534,6,1,0,0,3,0,65,105,0,0,0,0,0,0,0,0,0,0,0,0,0,0,3,6,70,1,1,2,1,0,0,1,61,8,1,2,48,1,0
51,510031,2,2,1,30,1,11,34,12,6,1,0,51,1,7,482,7482,31,2003,3D7KA28643G7,3,D,7,K,A,2,8,6,4,3,G,7,0,T,DODG,SQ2,CW,3,17,,2,1605,1405,RPC,D,,,6,359,,,,C,5352,07,E,42,0,0,000000000,00000000000,0,0,0,1,0,0,0,0,0,0,0,40,0,0,0,12,12,6,2,12,0,0,0,1,51,23455,6,1,0,0,3,3,70,190,0,0,0,0,0,0,0,0,0,0,0,0,0,0,3,6,70,1,1,2,1,0,0,1,61,1,1,1,48,0,0
51,510032,1,1,1,30,1,14,4,58,0,1,0,51,2,37,706,37706,80,1995,1HFSC2209SA7,1,H,F,S,C,2,2,0,9,S,A,7,0,M,HOND,G/2,RS,95,17,,,,,,,1500,,6,,4,800,,,,,,,0,0,000000000,00000000000,0,0,0,1,0,0,0,0,0,0,0,40,0,0,0,10,10,6,2,58,0,0,0,1,51,24265,6,1,0,0,3,0,65,147,0,0,0,0,0,0,0,0,0,0,29,79,0,0,1,2,55,4,1,2,1,20,3,10,5,3,7,4,7,1,0
51,510033,1,2,1,31,1,3,16,12,2,1,0,51,1,37,32,37032,4,1994,1HGCD5654RA0,1,H,G,C,D,5,6,5,4,R,A,0,0,P,HOND,UER,4D,94,17,2908,,0,1069,,G,,F,4,132,,,15R195,,,,,,0,0,000000000,00000000000,0,0,0,1,0,0,0,0,0,0,0,999,0,0,0,12,12,6,2,12,0,0,0,1,51,23150,6,1,0,0,3,0,62,175,0,0,0,0,0,0,0,0,0,0,51,0,0,0,1,2,35,1,1,2,1,0,0,1,10,1,1,2,50,1,1
51,510033,2,2,1,31,1,3,16,12,2,1,0,48,1,34,34,34034,9,2008,WBAWB735X8P0,W,B,A,W,B,7,3,5,X,8,P,0,0,P,BMW,35I,CP,8,17,3583,,0,1087,,G,,T,6,183,,,17R225,,,,,,0,0,000000000,00000000000,0,0,0,1,0,0,0,0,0,0,0,35,0,0,0,12,12,6,2,12,0,0,0,1,51,23150,6,1,0,0,3,0,71,166,0,0,0,2,0,2,2009,2,2009,0,0,0,0,0,1,2,35,1,1,2,1,0,0,1,62,1,1,1,51,0,1
51,510034,1,1,1,31,1,18,55,1,0,1,0,51,1,49,482,49482,31,2000,5TBBT4411YS0,5,T,B,B,T,4,4,1,1,Y,S,0,0,T,TOYT,TRS,4C,0,17,,2,0,1283,TUN,G,,,8,285,,,,B,4320,00,U,44,0,0,000000000,00000000000,0,0,0,1,0,0,0,0,0,0,0,90,0,2,5,0,98,6,2,1,0,0,0,1,51,24520,6,1,0,0,3,3,70,205,0,0,0,0,0,0,0,0,0,1,29,0,0,0,1,2,55,1,1,2,1,0,0,1,13,1,9,4,1,1,1
51,510035,1,2,1,29,1,3,49,12,6,1,0,12,6,82,883,82883,66,2007,1FUJA6CK77LX,1,F,U,J,A,6,C,K,7,7,L,X,1,T,FRHT,COL,TR,7,17,,8,0,0,CON,D,,,6,855,,,,,00000,00,,64,1,12,0074494,120074494,3,6,1,1,0,0,0,0,0,0,0,0,0,0,0,3,3,6,2,12,0,0,0,0,0,99997,7,6,97,7,6,7,998,997,998,998,998,998,998,98,9998,98,9998,8,20,0,0,0,3,4,70,3,1,1,1,0,0,0,98,0,0,0,48,0,0
51,510035,2,2,1,29,1,3,49,12,6,1,0,95,3,85,881,85881,66,2000,1XKDDU9X2YJ9,1,X,K,D,D,U,9,X,2,Y,J,9,1,T,KW,T80,TR,0,17,,8,2600,1600,CON,D,,,6,733,,,,,00000,00,,64,1,95,00888033,9500888033,3,6,1,1,0,0,0,0,0,0,0,999,0,0,0,12,12,6,2,8,0,0,0,1,95,0,9,1,99,9,9,9,999,999,99,99,99,99,99,99,9999,99,9999,0,0,0,0,0,3,4,70,3,1,1,1,0,0,14,50,1,7,2,48,0,0
51,510036,1,2,1,31,1,19,0,12,2,1,0,51,1,98,809,98809,66,2006,2FWJA3CV56AV,2,F,W,J,A,3,C,V,5,6,A,V,1,T,STRG,AT9,TR,6,17,,8,0,0,STE,D,,,6,782,,,,,00000,00,,64,1,51,19018000,5119018000,3,6,1,1,0,0,0,0,0,0,0,55,0,0,0,12,12,6,2,12,0,0,0,1,51,24070,6,1,6,0,3,3,68,190,0,0,0,0,0,0,0,0,0,0,29,0,0,0,2,4,55,1,2,2,1,0,0,1,10,1,1,2,50,1,0
51,510036,2,2,1,31,1,19,0,12,2,1,0,37,3,86,881,86881,66,1997,1M1AA18Y5VW0,1,M,1,A,A,1,8,Y,5,V,W,0,1,T,MACK,CH6,TR,97,17,,8,0,0,600,D,,,6,728,,,,,00000,00,,64,1,37,51593800,3751593800,3,6,1,1,0,0,0,0,0,0,0,55,0,0,0,12,12,6,2,12,0,0,0,1,99,99999,9,9,99,9,9,9,999,999,99,99,99,99,99,99,9999,99,9999,0,0,0,0,0,2,4,55,1,2,2,1,0,0,1,62,1,1,1,51,1,0
51,510037,1,1,1,6,1,13,15,31,0,1,0,51,1,48,34,48034,4,2002,4S3BE6861272,4,S,3,B,E,6,8,6,1,2,7,2,0,P,SUBA,UBK,4D,2,17,3495,,0,1043,,G,,F,4,153,,,16R225,,,,,,0,0,000000000,00000000000,0,0,0,1,0,0,0,0,0,0,0,45,0,1,5,4,4,6,2,35,0,0,0,1,51,22602,6,1,0,0,3,0,62,110,0,0,0,0,0,0,0,0,0,0,29,0,0,0,1,2,45,1,2,2,1,0,0,1,12,4,1,4,6,1,0
51,510039,1,1,1,22,1,1,30,53,0,1,0,51,1,49,472,49472,30,2010,5TEUU4EN2AZ7,5,T,E,U,U,4,E,N,2,A,Z,7,0,T,TOYT,ACC,PC,10,17,,1,0,1278,TAC,G,,,6,244,,,,B,3950,00,W,44,0,0,000000000,00000000000,0,0,0,1,0,0,0,0,0,0,0,999,0,1,5,1,1,6,2,42,0,0,1,1,51,23322,6,1,0,0,3,0,72,180,0,0,0,1,1,6,2010,11,2010,0,29,0,0,0,1,2,45,3,1,1,1,0,0,14,13,1,1,4,1,1,1
51,510040,1,1,1,4,1,14,59,8,0,1,1,51,2,30,46,30046,4,1998,WVWMA63B9WE2,W,V,W,M,A,6,3,B,9,W,E,2,0,P,VOLK,PGS,4D,98,17,3025,,0,1033,,G,,T,4,109,,,14R195,,,,,,0,0,000000000,00000000000,0,0,0,1,0,0,0,0,0,0,0,999,0,0,0,12,12,8,2,8,0,0,0,1,51,23320,1,1,0,0,2,0,70,180,0,3,1,2,0,12,2008,8,2010,0,92,0,0,0,3,4,35,1,1,2,1,0,0,1,80,4,1,2,13,0,0
51,510041,1,1,2,31,1,23,12,34,0,1,0,51,1,12,401,12401,14,1998,1FMYU24E5WUB,1,F,M,Y,U,2,4,E,5,W,U,B,0,P,FORD,EPR,UT,98,17,3919,,0,1017,,G,,F,6,245,,,15R225,,,,,,0,0,000000000,00000000000,0,0,0,1,0,0,0,0,0,0,0,60,0,1,5,1,12,6,2,1,0,0,0,1,51,23061,6,1,0,0,3,0,72,155,2,0,0,2,2,1,2009,9,2010,1,29,0,0,0,2,4,55,3,1,2,1,0,0,14,13,3,1,4,1,1,1
51,510042,1,1,6,29,1,22,20,1,0,1,0,51,2,12,401,12401,14,2003,1FMFU16L53LA,1,F,M,F,U,1,6,L,5,3,L,A,0,P,FORD,EPT,UT,3,17,5686,,0,1191,,G,,F,8,330,,,17R265,,,,,,0,0,000000000,00000000000,0,0,0,1,0,0,0,0,0,0,0,60,0,1,2,0,3,6,2,1,0,0,0,1,51,23464,6,2,0,0,3,0,69,125,0,0,0,0,0,0,0,0,0,1,0,0,0,0,3,2,25,1,1,2,1,0,0,1,13,1,1,4,1,1,1
51,510043,1,1,2,3,2,15,52,33,0,1,0,51,1,21,18,21018,4,1987,1G3NF51UXHM2,1,G,3,N,F,5,1,U,X,H,M,2,0,P,OLDS,CAL,4D,87,17,2481,,0,1034,,G,,F,4,151,,,13R185,,,,,,0,0,000000000,00000000000,0,0,0,1,0,0,0,0,0,0,0,30,0,0,0,12,12,6,2,30,0,0,0,1,51,22812,6,1,0,0,3,0,62,115,0,0,0,0,0,0,0,0,0,1,29,0,0,0,1,2,25,1,1,2,1,20,3,3,12,1,7,4,7,2,0
51,510044,1,1,2,5,2,1,10,42,0,1,0,51,1,12,401,12401,14,2000,1FMDU73E3YZB,1,F,M,D,U,7,3,E,3,Y,Z,B,0,P,FORD,EPR,UT,0,17,4106,,0,1116,,G,,F,6,245,,,15R235,,,,,,0,0,000000000,00000000000,0,0,0,1,0,0,0,0,0,0,0,65,0,0,0,12,12,6,2,42,0,0,0,1,51,22435,0,0,0,0,0,0,999,999,0,0,0,0,0,0,0,0,0,1,29,0,0,0,2,2,50,3,1,2,1,0,0,14,13,1,1,4,1,1,1
51,510045,1,2,1,7,2,16,42,12,6,1,0,51,2,20,481,20481,31,1997,2GCEK19R5V11,2,G,C,E,K,1,9,R,5,V,1,1,0,T,CHEV,GK1,PC,97,17,,2,1555,1415,GM4,G,,,8,350,,,,B,4544,00,,44,0,0,000000000,00000000000,0,0,0,1,0,0,0,0,0,0,0,40,0,0,0,12,12,6,2,12,0,0,0,1,51,23434,6,1,0,0,3,0,74,148,2,0,0,0,0,3,2008,11,2008,0,39,0,0,0,3,6,45,1,1,2,1,3,3,1,17,2,1,1,83,0,0
51,510045,2,2,2,7,2,16,42,12,6,1,0,51,1,7,43,7043,4,2006,1B3AL46T06N2,1,B,3,A,L,4,6,T,0,6,N,2,0,P,DODG,SRX,4D,6,17,3106,,0,1080,,F,,F,6,165,,,16R205,,,,,,0,0,000000000,00000000000,0,0,0,1,0,0,0,0,0,0,0,10,0,0,0,9,9,6,2,12,0,0,0,1,51,23321,6,1,0,0,3,0,69,135,0,0,0,0,0,0,0,0,0,0,0,0,0,0,3,6,45,1,1,2,1,3,3,11,66,1,1,1,82,1,0
51,510046,1,1,2,10,2,7,55,42,0,1,0,36,3,38,882,38882,61,2010,JALC4W169A70,J,A,L,C,4,W,1,6,9,A,7,0,0,T,ISU,NPR,TB,10,17,,4,1760,1090,NPR,D,,,4,317,,,,,00000,00,,42,0,88,888888888,88888888888,2,1,1,1,0,0,0,0,0,0,0,65,0,0,0,1,1,6,2,42,0,0,0,1,36,11564,6,1,0,0,3,3,72,999,0,0,0,0,0,0,0,0,0,0,29,0,0,0,3,4,70,1,1,2,1,0,0,1,13,1,1,4,1,1,0
51,510047,1,2,1,9,2,10,14,12,6,1,0,51,2,7,472,7472,31,2006,1D7HE48N16S6,1,D,7,H,E,4,8,N,1,6,S,6,0,T,DODG,DQS,CW,6,17,,2,0,1309,DAK,G,,,8,287,,,,B,4259,00,E,42,0,0,000000000,00000000000,0,0,0,1,0,0,0,0,0,0,0,50,0,1,5,8,8,6,2,12,0,0,0,1,51,23238,6,1,0,0,3,0,75,170,1,3,0,2,0,8,2009,9,2010,0,39,0,0,0,1,2,55,1,1,2,1,20,3,1,17,4,1,1,89,1,0
51,510047,2,2,1,9,2,10,14,12,6,1,0,51,3,12,461,12461,21,2003,1FTNE24213HC,1,F,T,N,E,2,4,2,1,3,H,C,0,T,FORD,25V,CG,3,17,,2,0,1380,VAN,G,,,6,256,,,,C,00000,00,E,42,0,0,000000000,00000000000,0,0,0,1,0,0,0,0,0,0,0,55,0,0,0,12,12,6,2,2,0,0,1,1,51,23002,6,1,0,0,3,0,67,170,1,0,0,2,0,1,2009,6,2010,0,0,0,0,0,1,2,55,1,1,2,1,0,0,1,66,4,1,2,88,0,0
51,510048,1,2,1,10,2,8,0,12,8,1,0,51,1,22,20,22020,4,2001,1G2WK52J21F1,1,G,2,W,K,5,2,J,2,1,F,1,0,P,PONT,GFS,4D,1,17,3384,,0,1105,,G,,F,6,191,,,15R205,,,,,,0,0,000000000,00000000000,0,0,0,1,0,0,0,0,0,0,0,55,0,1,5,11,11,6,2,42,0,0,0,1,51,24055,6,1,0,0,3,0,64,125,1,0,0,0,0,7,2009,7,2009,0,29,0,0,0,1,2,55,2,2,2,1,0,0,14,10,1,1,2,64,1,0
51,510048,2,2,1,10,2,8,0,12,8,1,0,51,1,12,481,12481,31,1991,1FTJX35G6MKA,1,F,T,J,X,3,5,G,6,M,K,A,0,T,FORD,F35,PC,91,17,,2,0,1550,COF,G,,,8,460,,,,D,4962,01,A,42,0,0,000000000,00000000000,0,0,0,1,0,0,0,0,0,0,0,40,0,0,0,11,11,6,2,12,0,0,0,1,51,24102,6,1,0,0,3,3,66,180,0,0,0,0,0,0,0,0,0,0,0,0,0,0,1,2,55,3,2,2,1,0,0,14,62,1,1,1,65,0,0
51,510049,1,2,1,11,2,7,35,12,2,1,0,51,1,12,3,12003,2,1998,1FAFP4041WF2,1,F,A,F,P,4,0,4,1,W,F,2,0,P,FORD,MUS,CP,98,17,3065,,0,1013,,G,,F,6,232,,,15R205,,,,,,0,0,000000000,00000000000,0,0,0,1,0,0,0,0,0,0,0,70,0,0,0,12,12,6,2,12,0,0,0,1,51,24148,6,1,0,0,3,0,66,130,0,1,0,1,1,9,2008,8,2009,1,51,0,0,0,1,2,55,1,2,2,1,0,0,1,10,1,1,2,50,1,1
51,510049,2,2,4,11,2,7,35,12,2,1,0,51,2,20,401,20401,14,2002,1GNDS13S6224,1,G,N,D,S,1,3,S,6,2,2,4,0,P,CHEV,TRL,UT,2,17,4442,,0,1130,,G,,F,6,256,,,16R245,,,,,,0,0,000000000,00000000000,0,0,0,1,0,0,0,0,0,0,0,50,0,0,0,12,12,6,2,12,0,0,0,1,51,24112,6,1,0,0,3,0,65,250,0,0,0,1,0,1,2010,1,2010,0,0,0,0,0,1,2,55,1,2,2,1,0,0,1,54,1,1,1,51,0,0
51,510050,1,2,1,4,2,10,48,12,6,1,0,51,1,49,32,49032,4,1996,2T1BB02E2TC1,2,T,1,B,B,0,2,E,2,T,C,1,0,P,TOYT,CRD,4D,96,17,2381,,0,970,,G,,F,4,108,,,14R185,,,,,,0,0,000000000,00000000000,0,0,0,1,0,0,0,0,0,0,0,30,0,0,0,9,9,6,2,12,0,0,0,1,51,22150,6,1,0,0,3,0,67,165,0,0,0,0,0,0,0,0,0,0,27,0,0,0,2,4,50,4,2,2,1,0,0,15,10,99,1,2,89,1,0
51,510050,2,2,1,4,2,10,48,12,6,1,0,33,4,63,33,63033,4,2009,KNAFE2221956,K,N,A,F,E,2,2,2,1,9,5,6,0,P,KIA,SXC,4D,9,17,2701,,0,1028,,G,,F,4,122,,,15R195,,,,,,0,0,000000000,00000000000,0,0,0,1,0,0,0,0,0,0,0,50,0,0,0,12,12,6,2,12,0,0,0,1,51,22153,6,1,0,0,3,0,68,172,0,1,0,1,0,8,2010,1,2011,0,0,0,0,0,2,4,50,4,2,2,1,0,0,14,60,3,1,1,88,0,0
51,510051,1,1,2,12,2,8,58,34,0,1,0,51,2,49,40,49040,4,1994,JT2GK13E3R00,J,T,2,G,K,1,3,E,3,R,0,0,0,P,TOYT,XLE,4D,94,17,3131,,0,1031,,G,,F,6,183,,,15R205,,,,,,0,0,000000000,00000000000,0,0,0,1,0,0,0,0,0,0,0,55,0,0,0,1,1,6,2,34,0,0,0,1,51,23690,2,1,0,0,2,0,76,195,0,1,0,0,0,1,2009,1,2009,0,29,0,0,0,2,2,55,1,1,2,1,0,0,1,13,4,1,4,1,1,1
51,510052,1,1,3,12,2,3,15,32,0,1,0,37,2,18,7,18007,4,1998,2G4WY52M2W15,2,G,4,W,Y,5,2,M,2,W,1,5,0,P,BUIC,CLM,4D,98,17,3274,,0,1090,,G,,F,6,191,,,15R205,,,,,,0,0,000000000,00000000000,0,0,0,1,0,0,0,0,0,0,0,55,0,0,0,1,1,6,2,32,0,0,0,1,37,28314,6,1,0,0,3,0,61,999,0,0,0,0,0,0,0,0,0,0,29,0,0,0,3,4,55,4,2,2,1,0,0,14,13,1,1,4,1,2,0
51,510053,1,1,1,13,2,8,20,42,0,1,0,51,1,12,37,12037,4,2000,1FAFP3432YW2,1,F,A,F,P,3,4,3,2,Y,W,2,0,P,FORD,FSS,4D,0,17,2564,,0,1030,,G,,F,4,121,,,15R195,,,,,,0,0,000000000,00000000000,0,0,0,1,0,0,0,0,0,0,0,50,0,0,0,12,12,6,2,42,0,0,0,1,51,24557,6,1,0,0,3,0,69,170,0,0,0,0,0,0,0,0,0,0,29,0,0,0,1,2,55,3,1,2,1,0,0,14,13,1,1,4,1,1,0