STATE,ST_CASE,VEH_NO,VE_FORMS,NUMOCCS,DAY,MONTH,HOUR,MINUTE,HARM_EV,MAN_COLL,UNITTYPE,HIT_RUN,REG_STAT,OWNER,MAKE,MODEL,MAK_MOD,BODY_TYP,MOD_YEAR,VIN,VIN_1,VIN_2,VIN_3,VIN_4,VIN_5,VIN_6,VIN_7,VIN_8,VIN_9,VIN_10,VIN_11,VIN_12,TOW_VEH,VINTYPE,VINMAKE,VINA_MOD,VIN_BT,VINMODYR,VIN_LNGT,VIN_WGT,WGTCD_TR,WHLBS_LG,WHLBS_SH,SER_TR,FUELCODE,MCYCL_DS,CARBUR,CYLINDER,DISPLACE,MCYCL_CY,MCYCL_WT,TIRE_SZE,TON_RAT,TRK_WT,TRKWTVAR,VIN_REST,WHLDRWHL,J_KNIFE,MCARR_I1,MCARR_I2,MCARR_ID,GVWR,V_CONFIG,CARGO_BT,HAZ_INV,HAZ_PLAC,HAZ_ID,HAZ_CNO,HAZ_REL,BUS_USE,SPEC_USE,EMER_USE,TRAV_SP,UNDERIDE,ROLLOVER,ROLINLOC,IMPACT1,IMPACT2,DEFORMED,TOWED,M_HARM,VEH_SC1,VEH_SC2,FIRE_EXP,DR_PRES,L_STATE,DR_ZIP,L_STATUS,L_TYPE,CDL_STAT,L_ENDORS,L_COMPL,L_RESTRI,DR_HGT,DR_WGT,PREV_ACC,PREV_SUS,PREV_DWI,PREV_SPD,PREV_OTH,FIRST_MO,FIRST_YR,LAST_MO,LAST_YR,SPEEDREL,DR_SF1,DR_SF2,DR_SF3,DR_SF4,VTRAFWAY,VNUM_LAN,VSPD_LIM,VALIGN,VPROFILE,VPAVETYP,VSURCOND,VTRAFCON,VTCONT_F,P_CRASH1,P_CRASH2,P_CRASH3,PCRASH4,PCRASH5,ACC_TYPE,DEATHS,DR_DRINK
51,510154,1,2,1,19,4,22,6,12,2,1,0,51,1,54,31,54031,4,1997,JH4DC4358VS0,J,H,4,D,C,4,3,5,8,V,S,0,0,P,ACUR,ILS,2H,97,17,2572,,0,1012,,G,,F,4,112,,,14R195,,,,,,0,0,000000000,00000000000,0,0,0,1,0,0,0,0,0,0,0,75,0,0,0,12,12,6,2,12,0,0,0,1,51,23185,6,1,0,0,3,0,67,145,0,0,0,1,0,1,2010,1,2010,1,28,0,0,0,3,4,55,9,2,2,1,0,0,1,10,2,1,2,50,1,1
51,510154,2,2,1,19,4,22,6,12,2,1,0,51,1,37,32,37032,4,1994,1HGCD5635RA1,1,H,G,C,D,5,6,3,5,R,A,1,0,P,HOND,ULE,4D,94,17,2809,,0,1069,,G,,F,4,132,,,14R185,,,,,,0,0,000000000,00000000000,0,0,0,1,0,0,0,0,0,0,0,45,0,0,0,12,12,6,2,12,0,0,0,1,51,23185,6,1,0,0,3,3,71,215,0,1,0,0,1,5,2008,6,2008,0,0,0,0,0,1,2,45,3,1,2,1,0,0,14,62,7,1,1,51,0,0
51,510155,1,1,5,20,4,0,2,11,0,1,0,51,2,7,21,7021,6,2005,2D4FV48T05H5,2,D,4,F,V,4,8,T,0,5,H,5,0,P,DODG,MGN,UT,5,17,3763,,0,1200,,G,,F,6,165,,,17R215,,,,,,0,0,000000000,00000000000,0,0,0,1,0,0,0,0,0,0,0,68,0,0,0,12,12,6,2,42,0,0,0,1,51,20155,6,1,0,0,3,0,70,133,0,0,0,0,0,0,0,0,0,1,36,0,0,0,1,2,40,1,3,2,1,0,0,1,87,2,1,1,13,2,0
51,510156,1,1,1,21,4,0,44,1,0,1,0,51,2,2,404,2404,14,2004,1J4GW48S44C1,1,J,4,G,W,4,8,S,4,4,C,1,0,T,JEEP,LCF,4W,4,17,,1,0,1059,GCK,G,,,6,244,,,,,3888,02,E,44,0,0,000000000,00000000000,0,0,0,1,0,0,0,0,0,0,0,80,0,2,2,0,1,6,2,1,0,0,0,1,51,24592,2,1,0,0,2,0,73,140,1,13,2,0,0,7,2009,3,2011,1,0,0,0,0,1,2,55,3,1,2,1,0,0,14,13,3,1,4,1,1,1
51,510157,1,2,1,22,4,15,45,12,2,1,0,51,1,49,40,49040,4,1996,4T1BG12K2TU7,4,T,1,B,G,1,2,K,2,T,U,7,0,P,TOYT,DLX,4D,96,17,2932,,0,1031,,G,,F,4,132,,,14R195,,,,,,0,0,000000000,00000000000,0,0,0,1,0,0,0,0,0,0,0,55,0,0,0,12,12,6,2,12,0,0,0,1,51,24553,6,1,0,0,3,0,66,250,0,0,0,0,0,0,0,0,0,0,51,0,0,0,1,2,55,2,3,2,2,0,0,14,10,1,1,1,50,1,0
51,510157,2,2,2,22,4,15,45,12,2,1,0,51,1,49,401,49401,14,2005,JTEBU17R3580,J,T,E,B,U,1,7,R,3,5,8,0,0,P,TOYT,RUN,UT,5,17,4090,,0,1098,,G,,F,6,244,,,17R265,,,,,,0,0,000000000,00000000000,0,0,0,1,0,0,0,0,0,0,0,55,0,0,0,12,12,6,2,12,0,0,0,1,51,23225,6,1,0,0,3,0,62,175,0,0,0,2,0,12,2009,8,2010,0,0,0,0,0,1,2,55,3,3,2,2,0,0,14,62,1,1,1,51,0,0
51,510158,1,1,2,22,4,11,48,1,0,1,0,37,1,12,3,12003,2,2008,1ZVHT84N7851,1,Z,V,H,T,8,4,N,7,8,5,1,0,P,FORD,MUS,CV,8,17,3352,,0,1071,,G,,F,6,244,,,16R215,,,,,,0,0,000000000,00000000000,0,0,0,1,0,0,0,0,0,0,0,70,0,2,3,0,3,6,2,1,0,0,0,1,37,27858,6,1,0,0,3,0,62,999,0,0,0,0,0,0,0,0,0,0,0,0,0,0,3,6,70,1,1,1,1,0,0,1,12,1,1,4,6,1,0
51,510159,1,2,2,23,4,14,8,12,1,1,0,51,1,12,401,12401,14,1990,1FMEU15H8LLA,1,F,M,E,U,1,5,H,8,L,L,A,0,P,FORD,BRO,UT,90,17,4348,,0,1050,,G,,F,8,351,,,15R235,,,,,,0,0,000000000,00000000000,0,0,0,1,0,0,0,0,0,0,0,55,0,1,5,12,12,6,2,1,0,0,0,1,51,23220,6,1,0,0,3,0,69,200,0,1,0,0,0,9,2010,9,2010,1,0,0,0,0,1,2,45,1,2,2,2,0,0,1,51,1,1,1,24,1,1
51,510159,2,2,1,23,4,14,8,12,1,1,0,24,1,63,402,63402,14,2006,KNDJC7330655,K,N,D,J,C,7,3,3,0,6,5,5,0,P,KIA,SOR,UT,6,17,4306,,0,1067,,G,,F,6,213,,,16R245,,,,,,0,0,000000000,00000000000,0,0,0,1,0,0,0,0,0,0,0,30,0,0,0,6,6,6,2,12,0,0,0,1,24,21702,6,1,0,0,3,3,67,194,0,0,0,0,0,0,0,0,0,0,0,0,0,0,1,2,45,1,2,2,2,0,0,3,53,1,1,1,25,0,0
51,510160,1,2,7,24,4,14,12,12,2,1,0,51,1,14,6,14006,4,2002,2MEFM74W72X6,2,M,E,F,M,7,4,W,7,2,X,6,0,P,MERC,GMG,4D,2,17,3957,,0,1147,,G,,F,8,281,,,16R225,,,,,,0,0,000000000,00000000000,0,0,0,1,0,0,0,0,0,0,0,998,0,0,0,12,12,6,2,12,0,0,0,1,51,23838,6,1,0,0,3,0,66,270,0,0,0,0,0,0,0,0,0,0,28,51,0,0,1,2,45,1,1,2,1,0,0,1,10,1,1,2,50,1,0
51,510160,2,2,4,24,4,14,12,12,2,1,0,51,1,49,482,49482,31,2011,5TFEY5F12BX0,5,T,F,E,Y,5,F,1,2,B,X,0,0,T,TOYT,CRW,CW,11,17,,2,0,1457,TUN,G,,,8,348,,,,B,5335,00,7,42,0,0,000000000,00000000000,0,0,0,1,0,0,0,0,0,0,0,45,0,0,0,12,12,6,2,12,0,0,0,1,51,23875,6,1,0,0,3,0,68,280,0,0,0,0,0,0,0,0,0,0,0,0,0,0,1,2,45,1,1,2,1,0,0,1,62,1,1,1,51,0,0
51,510161,1,3,1,25,4,11,58,12,6,1,0,12,1,20,461,20461,21,1986,1GBEG25H2G71,1,G,B,E,G,2,5,H,2,G,7,1,0,T,CHEV,SV2,CG,86,17,,2,1250,1100,S/V,G,,,8,305,,,,C,3621,11,,42,0,0,000000000,00000000000,0,0,0,1,0,0,0,0,0,0,0,65,0,1,3,11,11,6,2,1,0,0,0,1,12,33714,6,1,0,0,3,0,65,999,0,0,0,0,0,0,0,0,0,0,27,0,0,0,2,4,65,2,1,2,1,0,0,15,10,2,1,1,45,1,0
51,510161,2,3,2,25,4,11,58,12,6,1,0,54,1,63,441,63441,20,2003,KNDUP1312364,K,N,D,U,P,1,3,1,2,3,6,4,0,P,KIA,SED,SV,3,17,4709,,0,1145,,G,,F,6,213,,,15R215,,,,,,0,0,000000000,00000000000,0,0,0,1,0,0,0,0,0,0,0,65,0,0,0,3,3,6,2,12,0,0,0,1,54,26101,6,1,99,0,3,0,72,210,0,0,0,0,1,3,2009,3,2009,0,0,0,0,0,2,4,65,2,1,2,1,0,0,14,61,3,1,1,44,0,0
51,510161,3,3,1,25,4,11,58,12,6,1,0,37,1,12,402,12402,14,2008,1FMCU04168KE,1,F,M,C,U,0,4,1,6,8,K,E,0,P,FORD,SPE,UT,8,17,3387,,0,1031,,G,,F,6,183,,,16R235,,,,,,0,0,000000000,00000000000,0,0,0,1,0,0,0,0,0,0,0,65,0,0,0,11,11,6,2,12,0,0,0,1,37,27850,6,1,0,0,3,0,62,999,0,0,0,0,0,0,0,0,0,0,0,0,0,0,2,4,65,2,1,2,1,0,0,14,64,4,1,1,98,0,0
51,510162,1,2,3,21,4,1,55,12,1,1,0,51,2,12,481,12481,31,1998,1FTZF1724WNC,1,F,T,Z,F,1,7,2,4,W,N,C,0,T,FORD,F15,PK,98,17,,1,1390,1200,COF,G,,,6,256,,,,B,3800,02,E,42,0,0,000000000,00000000000,0,0,0,1,0,0,0,0,0,0,0,999,0,1,1,12,12,6,2,12,0,0,0,1,51,23320,6,1,0,0,3,0,74,175,1,1,0,4,1,7,2009,9,2010,0,39,0,0,0,2,4,45,1,1,2,1,3,3,1,50,1,1,1,20,1,1
51,510162,2,2,2,21,4,1,55,12,1,1,0,51,1,12,17,12017,4,2004,1FAFP55U84A1,1,F,A,F,P,5,5,U,8,4,A,1,0,P,FORD,TSS,4D,4,17,3306,,0,1085,,G,,F,6,182,,,16R215,,,,,,0,0,000000000,00000000000,0,0,0,1,0,0,0,0,0,0,0,0,0,0,0,6,6,6,2,12,0,0,0,1,36,12572,6,1,0,0,3,0,74,999,0,0,0,0,0,0,0,0,0,0,0,0,0,0,2,4,45,1,1,2,1,3,3,5,53,98,1,1,21,0,0
51,510163,1,1,1,3,4,3,5,8,0,1,1,11,1,12,16,12016,4,2004,2FAFP71W94X1,2,F,A,F,P,7,1,W,9,4,X,1,0,P,FORD,CVP,4D,4,17,0,,0,1147,,G,,F,8,281,,,000000,,,,,,0,0,000000000,00000000000,0,0,0,1,0,0,0,0,0,0,0,55,0,0,0,12,12,2,9,8,0,0,0,1,11,20011,6,1,0,0,3,0,66,145,0,0,0,0,2,1,2009,8,2010,0,0,0,0,0,3,2,55,1,1,2,1,0,0,1,80,2,1,1,13,0,0
51,510164,1,1,2,3,4,4,35,30,0,1,0,51,1,35,34,35034,2,1986,JN1CZ14S0GX1,J,N,1,C,Z,1,4,S,0,G,X,1,0,P,NISS,30X,2H,86,17,3034,,0,913,,G,,T,6,181,,,16R225,,,,,,0,0,000000000,00000000000,0,0,0,1,0,0,0,0,0,0,0,65,0,0,0,12,12,6,2,30,0,0,0,1,51,24293,6,1,0,0,3,0,73,250,0,0,0,0,0,0,0,0,0,1,29,91,0,0,1,2,35,1,1,2,1,0,0,1,13,4,1,4,1,1,1
51,510165,1,1,1,21,4,16,6,8,0,1,0,51,1,37,31,37031,4,2009,2HGFA16859H5,2,H,G,F,A,1,6,8,5,9,H,5,0,P,HOND,UAX,4D,9,17,2747,,0,1063,,G,,F,4,110,,,16R205,,,,,,0,0,000000000,00000000000,0,0,0,1,0,0,0,0,0,0,0,40,0,0,0,12,12,2,3,8,0,0,0,1,51,23464,6,1,0,0,3,3,60,140,0,0,0,0,0,0,0,0,0,0,0,0,0,0,2,4,45,1,1,2,1,0,0,1,81,1,1,1,13,0,0
51,510166,1,1,1,16,4,21,37,8,0,1,0,51,2,9,442,9442,20,1995,2P4GH4533SR3,2,P,4,G,H,4,5,3,3,S,R,3,0,P,PLYM,VOF,SV,95,17,3333,,0,1123,,G,,F,6,181,,,14R195,,,,,,0,0,000000000,00000000000,0,0,0,1,0,0,0,0,0,0,0,35,0,0,0,12,12,2,8,8,0,0,0,1,51,23666,6,1,0,0,3,0,69,164,0,0,0,0,0,0,0,0,0,0,79,0,0,0,2,4,40,1,1,2,2,0,0,1,80,4,1,1,13,0,0
51,510167,1,1,1,11,4,6,36,8,0,1,0,51,1,20,481,20481,31,2005,1GCEC14X15Z3,1,G,C,E,C,1,4,X,1,5,Z,3,0,T,CHEV,SC1,PK,5,17,,2,1330,1190,SIL,G,,,6,262,,,,B,4225,00,,42,0,0,000000000,00000000000,0,0,0,1,0,0,0,0,0,0,0,30,0,0,0,12,12,2,3,8,0,0,0,1,51,22207,6,1,0,0,3,0,73,195,0,0,0,0,0,0,0,0,0,1,29,0,0,0,1,2,25,1,1,2,1,0,0,1,13,2,1,4,98,0,0
51,510168,1,2,1,21,4,17,2,12,1,1,0,51,1,84,881,84881,66,2009,2HSCTAPR89C6,2,H,S,C,T,A,P,R,8,9,C,6,1,T,INTL,PRO,TR,9,17,,8,0,0,PRO,D,,,6,915,,,,,00000,00,,64,1,57,21375400,5721375400,3,6,1,1,0,0,0,0,0,0,0,75,0,0,0,6,6,4,9,12,0,0,0,1,99,99999,9,1,99,9,9,9,999,999,99,99,99,99,99,99,9999,99,9999,0,0,0,0,0,2,4,70,1,2,2,1,0,0,1,53,1,1,1,25,0,0
51,510168,2,2,1,21,4,17,2,12,1,1,0,51,1,30,40,30040,4,2009,3VWRJ71K89M0,3,V,W,R,J,7,1,K,8,9,M,0,0,P,VOLK,JWE,4D,9,17,0,,0,0,,G,,T,4,121,,,000000,,,,,,0,0,000000000,00000000000,0,0,0,1,0,0,0,0,0,0,0,75,0,0,0,12,12,6,2,12,0,0,0,1,51,23236,6,1,0,0,3,0,70,155,0,0,0,0,0,0,0,0,0,0,0,0,0,0,2,4,70,1,2,2,1,0,0,1,51,2,1,1,24,1,1
51,510169,1,1,1,28,4,3,20,25,0,1,0,40,4,35,50,35050,4,2011,3N1BC1CP4BL4,3,N,1,B,C,1,C,P,4,B,L,4,0,P,NISS,VSL,4H,11,17,2693,,0,1024,,G,,F,4,110,,,15R185,,,,,,0,0,000000000,00000000000,0,0,0,1,0,0,0,0,0,0,0,70,0,1,5,11,11,6,2,25,0,0,0,1,51,23456,6,1,0,0,3,0,68,204,0,0,0,1,0,2,2010,2,2010,1,29,0,0,0,3,4,55,1,1,1,1,0,0,1,13,4,1,4,1,1,1
51,510170,1,2,1,28,4,10,40,12,1,1,0,51,1,37,32,37032,4,2002,1HGCG56692A0,1,H,G,C,G,5,6,6,9,2,A,0,0,P,HOND,UEX,4D,2,17,3142,,0,1069,,G,,F,4,138,,,15R195,,,,,,0,0,000000000,00000000000,0,0,0,1,0,0,0,0,0,0,0,70,0,0,0,12,12,6,2,12,0,0,0,1,51,24211,6,1,0,0,3,0,66,155,0,0,0,1,0,5,2008,5,2008,0,26,0,0,0,2,2,70,1,1,2,1,0,0,1,50,1,1,1,20,1,0
51,510170,2,2,1,28,4,10,40,12,1,1,0,17,3,20,881,20881,63,1999,1GBM7H1C4XJ1,1,G,B,M,7,H,1,C,4,X,J,1,1,T,CHEV,7H4,CB,99,17,,7,2810,1450,CSR,D,,,6,439,,,,,00000,00,,42,1,17,15128800,1715128800,3,4,1,1,0,0,0,0,0,0,0,0,0,0,0,6,6,6,2,12,0,0,0,1,47,37620,6,1,6,0,3,0,70,175,0,0,0,0,0,0,0,0,0,0,0,0,0,0,2,2,70,1,1,2,1,0,0,5,53,1,1,1,21,0,0
51,510171,1,1,2,29,4,21,40,34,0,1,0,51,1,12,17,12017,4,1997,1FALP52U2VA1,1,F,A,L,P,5,2,U,2,V,A,1,0,P,FORD,TAG,4D,97,17,3329,,0,1085,,G,,F,6,182,,,15R205,,,,,,0,0,000000000,00000000000,0,0,0,1,0,0,0,0,0,0,0,998,0,1,1,12,12,6,2,1,0,0,0,1,51,24641,6,1,0,0,3,0,63,115,0,0,0,0,0,0,0,0,0,0,29,0,0,0,3,4,45,3,1,2,1,0,0,14,13,2,1,4,1,1,1
51,510172,1,1,2,30,4,21,25,35,0,1,0,51,2,23,481,23481,31,2001,2GTEK19V2113,2,G,T,E,K,1,9,V,2,1,1,3,0,T,GMC,NK1,PC,1,17,,2,1575,1435,SIE,G,,,8,293,,,,B,4776,00,U,44,0,0,000000000,00000000000,0,0,0,1,0,0,0,0,0,0,0,55,0,1,1,11,11,6,2,1,0,0,1,1,51,24293,1,1,0,0,2,0,74,185,0,5,1,0,0,1,2010,5,2010,0,29,0,0,0,2,4,55,3,2,2,1,0,0,14,12,1,1,4,6,1,1
51,510173,1,1,1,30,4,13,29,1,0,1,0,51,1,37,706,37706,80,2007,JH2PC40057M0,J,H,2,P,C,4,0,0,5,7,M,0,0,M,HOND,B60,RC,7,17,,,,,,,599,,4,,4,345,,,,,,,0,0,000000000,00000000000,0,0,0,1,0,0,0,0,0,0,0,999,0,0,0,0,9,6,2,1,0,0,0,1,51,23322,6,1,0,0,3,0,69,175,0,0,0,0,0,0,0,0,0,9,29,0,0,0,1,2,55,3,2,2,1,40,3,14,13,5,1,4,98,1,0
51,510174,1,2,1,30,4,2,45,12,2,1,0,51,1,49,40,49040,4,2002,4T1BE30K42U0,4,T,1,B,E,3,0,K,4,2,U,0,0,P,TOYT,LXS,4D,2,17,3086,,0,1071,,G,,F,4,144,,,15R205,,,,,,0,0,000000000,00000000000,0,0,0,1,0,0,0,0,0,0,0,55,0,0,0,12,12,6,2,12,0,0,1,1,51,23150,6,1,0,0,3,0,66,225,0,0,0,0,0,0,0,0,0,0,51,0,0,0,3,6,55,1,1,2,1,0,0,1,54,1,1,1,50,1,1
51,510174,2,2,1,30,4,2,45,12,2,1,0,51,1,23,421,23421,15,1994,1GKDT13W5R25,1,G,K,D,T,1,3,W,5,R,2,5,0,T,GMC,SJI,4W,94,17,,1,0,1070,S15,G,,,6,262,,,,B,00000,00,A,44,0,0,000000000,00000000000,0,0,0,1,0,0,0,0,0,0,0,55,0,1,1,12,12,6,2,12,0,0,0,1,51,23231,6,1,0,0,3,0,68,165,1,0,0,1,0,10,2008,9,2009,0,0,0,0,0,3,6,55,1,1,2,1,0,0,1,54,1,1,1,51,0,0
51,510175,1,3,1,29,4,0,35,12,8,1,0,51,1,12,481,12481,31,1993,1FTEX14N2PKA,1,F,T,E,X,1,4,N,2,P,K,A,0,T,FORD,F15,PC,93,17,,2,1550,1390,COF,G,,,8,302,,,,B,00000,00,A,44,0,0,000000000,00000000000,0,0,0,1,0,0,0,0,0,0,0,999,0,0,0,11,11,6,2,42,0,0,0,1,51,23322,6,1,0,0,3,0,73,210,0,0,0,0,0,0,0,0,0,0,0,0,0,0,1,2,55,1,1,2,1,0,0,1,62,4,1,1,65,1,1
51,510175,2,3,1,29,4,0,35,12,8,1,0,45,1,72,706,72706,80,2005,1HD1CGP135K4,1,H,D,1,C,G,P,1,3,5,K,4,0,M,HD,20C,RS,5,17,,,,,,,1199,,2,,4,554,,,,,,,0,0,000000000,00000000000,0,0,0,1,0,0,0,0,0,0,0,999,0,0,0,11,11,6,2,12,0,0,0,1,45,29576,6,1,0,0,3,0,67,180,0,0,0,0,0,0,0,0,0,0,0,0,0,0,1,2,55,1,1,2,1,0,0,1,10,4,1,1,64,1,0
51,510175,3,3,1,29,4,0,35,12,8,1,0,45,2,72,709,72709,80,2000,1HD1BJY17YY0,1,H,D,1,B,J,Y,1,7,Y,Y,0,0,M,HD,STC,RS,0,17,,,,,,,1450,,2,,4,696,,,,,,,0,0,000000000,00000000000,0,0,0,1,0,0,0,0,0,0,0,999,0,0,0,9,9,6,2,12,0,0,0,1,56,82301,6,1,0,0,3,0,73,178,1,0,0,1,1,4,2009,2,2011,0,0,0,0,0,1,2,55,1,1,2,1,0,0,1,60,5,1,1,98,0,0
51,510176,1,1,3,13,4,6,55,52,0,1,0,51,3,12,881,12881,61,2008,1FDWW36R28EC,1,F,D,W,W,3,6,R,2,8,E,C,0,T,FORD,F3D,CH,8,17,,3,2000,1760,DRW,D,,,8,390,,,,D,6777,00,E,42,0,51,208053,51208053,2,1,97,1,0,0,0,0,0,0,0,60,0,1,5,12,12,6,2,1,0,0,0,1,51,24522,6,1,0,0,3,0,65,165,0,0,0,1,0,12,2010,12,2010,0,29,0,0,0,2,4,60,1,2,2,1,0,0,1,13,2,1,4,1,1,0
51,510177,1,1,1,30,4,17,45,35,0,1,0,51,1,7,482,7482,31,2004,1D7HA16D44J1,1,D,7,H,A,1,6,D,4,4,J,1,0,T,DODG,S15,PK,4,17,,2,1405,1205,RPC,G,,,8,345,,,,B,4445,01,E,42,0,0,000000000,00000000000,0,0,0,1,0,0,0,0,0,0,0,60,0,1,5,12,12,6,2,1,0,0,0,1,51,24251,6,1,0,0,3,0,71,255,0,0,0,0,0,0,0,0,0,1,29,0,0,0,1,2,55,4,1,2,1,0,0,14,13,1,1,4,1,1,0
51,510178,1,2,1,21,4,13,40,12,1,1,0,51,1,12,17,12017,4,1987,1FABP52U5HA1,1,F,A,B,P,5,2,U,5,H,A,1,0,P,FORD,TAG,4D,87,17,2935,,0,1060,,G,,F,6,182,,,14R195,,,,,,0,0,000000000,00000000000,0,0,0,1,0,0,0,0,0,0,0,35,0,0,0,12,12,6,2,12,0,0,0,1,51,24557,6,1,0,0,3,0,64,133,0,0,0,0,0,0,0,0,0,0,28,0,0,0,1,4,45,1,1,2,1,3,3,1,50,1,1,1,20,1,0
51,510178,2,2,1,21,4,13,40,12,1,1,0,51,3,86,881,86881,63,2007,1M2AG11C97M0,1,M,2,A,G,1,1,C,9,7,M,0,0,T,MACK,CV7,CC,7,17,,8,0,0,700,D,,,6,728,,,,,00000,00,,64,0,51,162134,51162134,3,2,7,1,0,0,0,0,0,0,0,0,0,0,0,6,6,2,8,12,0,0,0,1,51,24538,6,1,6,0,3,0,73,228,1,0,0,0,0,2,2010,2,2010,0,0,0,0,0,1,4,45,1,1,2,1,3,3,5,53,1,1,1,21,0,0
51,510179,1,1,1,1,4,18,5,33,0,1,0,51,1,20,421,20421,15,1997,1GNCS13W1V21,1,G,N,C,S,1,3,W,1,V,2,1,0,P,CHEV,BZR,UT,97,17,3686,,0,1070,,G,,F,6,262,,,15R205,,,,,,0,0,000000000,00000000000,0,0,0,1,0,0,0,0,0,0,0,999,0,1,5,11,11,6,2,30,0,0,0,1,51,23505,6,1,0,0,3,0,71,155,0,0,0,0,0,0,0,0,0,0,29,0,0,0,1,2,25,1,1,1,1,20,3,1,12,1,1,4,6,1,1
51,510180,1,1,2,24,4,1,54,34,0,1,0,51,1,21,401,21401,14,1998,1GHDT13WXW27,1,G,H,D,T,1,3,W,X,W,2,7,0,P,OLDS,BRA,UT,98,17,4023,,0,1070,,G,,F,6,262,,,15R235,,,,,,0,0,000000000,00000000000,0,0,0,1,0,0,0,0,0,0,0,65,0,1,5,3,3,6,2,1,0,0,0,1,51,20191,0,0,0,0,0,0,999,999,99,99,99,99,99,99,9999,99,9999,1,39,0,0,0,2,4,50,2,2,2,1,0,0,14,12,4,4,4,7,1,1
51,510181,1,5,1,3,4,16,12,12,1,1,0,51,1,49,43,49043,4,1999,4T1BF18B5XU3,4,T,1,B,F,1,8,B,5,X,U,3,0,P,TOYT,UVS,4D,99,17,3340,,0,1071,,G,,F,6,183,,,15R205,,,,,,0,0,000000000,00000000000,0,0,0,1,0,0,0,0,0,0,0,45,0,0,0,12,12,6,2,12,0,0,0,1,51,22031,6,1,0,0,3,0,69,198,0,0,0,1,0,3,2011,3,2011,0,26,0,0,0,3,6,45,1,1,2,1,3,3,1,50,4,1,1,20,0,0
51,510181,2,5,2,3,4,16,12,12,1,1,0,51,1,18,22,18022,4,2005,2G4WD5328511,2,G,4,W,D,5,3,2,8,5,1,1,0,P,BUIC,LAL,4D,5,17,3502,,0,1138,,G,,F,6,232,,,16R225,,,,,,0,0,000000000,00000000000,0,0,0,1,0,0,0,0,0,0,0,0,0,0,0,6,6,6,2,12,0,0,0,1,51,22032,6,1,0,0,3,0,67,145,0,0,0,0,0,0,0,0,0,0,0,0,0,0,3,6,45,1,1,2,1,3,3,5,53,1,1,1,22,1,0
51,510181,3,5,1,3,4,16,12,12,1,1,0,51,1,55,33,55033,4,2008,5NPET46C48H3,5,N,P,E,T,4,6,C,4,8,H,3,0,P,HYUN,SGL,4D,8,17,3253,,0,1074,,G,,F,4,144,,,16R215,,,,,,0,0,000000000,00000000000,0,0,0,1,0,0,0,0,0,0,0,0,0,0,0,6,6,6,2,12,0,0,0,1,51,22312,6,1,0,0,3,0,68,140,0,0,0,1,0,11,2010,11,2010,0,0,0,0,0,3,6,45,1,1,2,1,3,3,5,53,1,1,1,98,0,0
51,510181,4,5,1,3,4,16,12,12,1,1,0,51,1,24,7,24007,4,2007,1G8AJ55F87Z1,1,G,8,A,J,5,5,F,8,7,Z,1,0,P,STRN,SI2,4D,7,17,2805,,0,1032,,G,,F,4,134,,,15R195,,,,,,0,0,000000000,00000000000,0,0,0,1,0,0,0,0,0,0,0,0,0,0,0,6,6,6,2,12,0,0,0,1,51,22304,6,1,0,0,3,0,66,180,0,0,0,0,0,0,0,0,0,0,0,0,0,0,3,6,45,1,1,2,1,3,3,5,53,1,1,1,98,0,0
51,510181,5,5,1,3,4,16,12,12,1,1,0,51,1,41,402,41402,14,2005,4F2YZ06105KM,4,F,2,Y,Z,0,6,1,0,5,K,M,0,P,MAZD,TRI,UT,5,17,3322,,0,1031,,G,,F,6,181,,,16R235,,,,,,0,0,000000000,00000000000,0,0,0,1,0,0,0,0,0,0,0,0,0,0,0,6,6,2,8,12,0,0,0,1,51,22031,6,1,0,0,3,0,67,130,0,0,0,1,0,11,2008,11,2008,0,0,0,0,0,3,6,45,1,1,2,1,3,3,5,53,1,1,1,98,0,0
51,510182,1,1,1,11,4,11,28,33,0,1,0,51,1,37,31,37031,4,2007,1HGFA16587L0,1,H,G,F,A,1,6,5,8,7,L,0,0,P,HOND,UCL,4D,7,17,2751,,0,1063,,G,,F,4,110,,,16R205,,,,,,0,0,000000000,00000000000,0,0,0,1,0,0,0,0,0,0,0,30,0,0,0,12,12,6,2,19,0,0,0,1,51,23503,6,1,0,0,3,0,59,95,1,0,0,0,0,3,2010,3,2010,0,29,0,0,0,2,8,45,1,1,2,1,3,3,10,16,1,1,4,1,1,0
51,510183,1,1,1,21,1,0,9,8,0,1,0,51,2,13,12,13012,4,2005,1LNHM85W25Y6,1,L,N,H,M,8,5,W,2,5,Y,6,0,P,LINC,SLW,4D,5,17,4359,,0,1237,,G,,F,8,281,,,17R225,,,,,,0,0,000000000,00000000000,0,0,0,1,0,0,0,0,0,0,0,35,0,0,0,12,12,0,1,8,0,0,0,1,51,22401,6,1,0,0,3,0,71,210,0,0,0,1,0,7,2009,7,2009,0,0,0,0,0,3,4,35,1,1,2,1,3,3,1,80,1,1,1,13,0,0
51,510184,1,1,1,29,3,16,36,42,0,1,0,51,1,19,3,19003,4,2005,1G6KF57955U1,1,G,6,K,F,5,7,9,5,5,U,1,0,P,CADI,D/T,4D,5,17,4047,,0,1153,,G,,F,8,279,,,17R235,,,,,,0,0,000000000,00000000000,0,0,0,1,0,0,0,0,0,0,0,66,0,0,0,10,10,6,2,2,0,0,1,1,51,22310,6,1,0,0,3,0,72,250,1,0,0,1,5,7,2008,10,2010,1,35,0,0,0,1,2,25,3,2,2,1,0,0,14,13,2,1,4,1,1,0