STATE,ST_CASE,VEH_NO,VE_FORMS,NUMOCCS,DAY,MONTH,HOUR,MINUTE,HARM_EV,MAN_COLL,UNITTYPE,HIT_RUN,REG_STAT,OWNER,MAKE,MODEL,MAK_MOD,BODY_TYP,MOD_YEAR,VIN,VIN_1,VIN_2,VIN_3,VIN_4,VIN_5,VIN_6,VIN_7,VIN_8,VIN_9,VIN_10,VIN_11,VIN_12,TOW_VEH,VINTYPE,VINMAKE,VINA_MOD,VIN_BT,VINMODYR,VIN_LNGT,VIN_WGT,WGTCD_TR,WHLBS_LG,WHLBS_SH,SER_TR,FUELCODE,MCYCL_DS,CARBUR,CYLINDER,DISPLACE,MCYCL_CY,MCYCL_WT,TIRE_SZE,TON_RAT,TRK_WT,TRKWTVAR,VIN_REST,WHLDRWHL,J_KNIFE,MCARR_I1,MCARR_I2,MCARR_ID,GVWR,V_CONFIG,CARGO_BT,HAZ_INV,HAZ_PLAC,HAZ_ID,HAZ_CNO,HAZ_REL,BUS_USE,SPEC_USE,EMER_USE,TRAV_SP,UNDERIDE,ROLLOVER,ROLINLOC,IMPACT1,IMPACT2,DEFORMED,TOWED,M_HARM,VEH_SC1,VEH_SC2,FIRE_EXP,DR_PRES,L_STATE,DR_ZIP,L_STATUS,L_TYPE,CDL_STAT,L_ENDORS,L_COMPL,L_RESTRI,DR_HGT,DR_WGT,PREV_ACC,PREV_SUS,PREV_DWI,PREV_SPD,PREV_OTH,FIRST_MO,FIRST_YR,LAST_MO,LAST_YR,SPEEDREL,DR_SF1,DR_SF2,DR_SF3,DR_SF4,VTRAFWAY,VNUM_LAN,VSPD_LIM,VALIGN,VPROFILE,VPAVETYP,VSURCOND,VTRAFCON,VTCONT_F,P_CRASH1,P_CRASH2,P_CRASH3,PCRASH4,PCRASH5,ACC_TYPE,DEATHS,DR_DRINK
51,510185,1,1,6,1,5,12,20,1,0,1,0,34,1,21,441,21441,20,2002,1GHDX23E92D1,1,G,H,D,X,2,3,E,9,2,D,1,0,T,OLDS,ECO,ES,2,17,,1,0,1200,SIL,G,,,6,207,,,,B,3948,00,K,42,0,0,000000000,00000000000,0,0,0,1,0,0,0,0,0,0,0,66,0,2,3,0,0,6,2,1,0,0,0,1,34,8054,6,1,0,0,3,0,62,999,0,4,0,0,1,7,2008,2,2010,0,29,0,0,0,3,2,70,1,1,2,1,0,0,15,12,9,1,4,6,1,0
51,510186,1,1,6,1,5,11,15,34,0,1,0,51,2,20,403,20403,14,2005,1GNDS13S3523,1,G,N,D,S,1,3,S,3,5,2,3,0,P,CHEV,TRL,UT,5,17,4425,,0,1130,,G,,F,6,256,,,16R245,,,,,,0,0,000000000,00000000000,0,0,0,1,0,0,0,0,0,0,0,60,0,1,5,1,1,6,2,1,0,0,0,1,51,23120,6,1,0,0,3,0,68,120,0,0,0,0,0,0,0,0,0,0,29,58,0,0,2,4,60,4,2,2,1,0,0,14,12,2,1,4,6,1,0
51,510187,1,2,1,3,5,6,0,12,2,1,0,51,1,22,22,22022,4,2005,1G2ZH5284541,1,G,2,Z,H,5,2,8,4,5,4,1,0,P,PONT,GGT,4D,5,17,3425,,0,1123,,G,,F,6,214,,,17R225,,,,,,0,0,000000000,00000000000,0,0,0,1,0,0,0,0,0,0,0,55,0,0,0,12,12,6,2,12,0,0,0,1,51,22556,6,1,0,0,3,0,70,160,0,0,0,2,0,2,2009,6,2009,1,51,0,0,0,1,2,45,1,3,2,1,0,0,1,10,1,1,1,50,0,0
51,510187,2,2,1,3,5,6,0,12,2,1,0,51,1,20,402,20402,14,1993,2CNBJ18U3P69,2,C,N,B,J,1,8,U,3,P,6,9,0,P,GEO,GEO,UT,93,17,2365,,0,866,,G,,F,4,097,,,15R205,,,,,,0,0,000000000,00000000000,0,0,0,1,0,0,0,0,0,0,0,45,0,0,0,12,12,6,2,12,0,0,0,1,51,20187,6,1,0,0,3,0,69,155,0,0,0,1,0,9,2009,9,2009,0,0,0,0,0,1,2,45,1,3,2,1,0,0,1,62,1,1,1,51,1,0
51,510188,1,1,1,3,5,16,45,42,0,1,0,51,3,20,481,20481,31,2011,1GCRKSEA0BZ3,1,G,C,R,K,S,E,A,0,B,Z,3,0,T,CHEV,2SK,4C,11,17,,2,1575,1435,SIL,F,,,8,293,,,,B,5286,02,,44,0,0,000000000,00000000000,0,0,0,1,0,0,0,0,0,0,0,55,0,0,0,12,12,6,2,42,0,0,0,1,45,29693,6,1,0,0,3,0,65,160,0,0,0,0,0,0,0,0,0,0,0,0,0,0,1,2,55,1,1,2,1,0,0,1,13,1,1,4,1,1,0
51,510189,1,1,1,4,5,0,10,34,0,1,0,51,1,22,18,22018,4,2004,1G2NF52E34M5,1,G,2,N,F,5,2,E,3,4,M,5,0,P,PONT,SE1,4D,4,17,3066,,0,1070,,G,,F,6,207,,,15R215,,,,,,0,0,000000000,00000000000,0,0,0,1,0,0,0,0,0,0,0,55,0,1,5,9,9,6,2,1,0,0,0,1,51,23974,6,1,0,0,3,0,70,215,0,0,0,0,0,0,0,0,0,0,29,0,0,0,1,2,55,1,1,2,1,0,0,1,13,3,1,4,1,1,1
51,510190,1,1,58,31,5,4,55,57,0,1,0,37,3,98,988,98988,51,2000,WKK138VC6Y10,W,K,K,1,3,8,V,C,6,Y,1,0,0,U,,,,0,17,,,,,,,,,,,,,,,,,,,0,37,01361588,3701361588,3,21,22,1,0,0,0,0,5,0,0,70,0,2,2,1,1,6,2,1,0,0,0,1,36,13502,6,1,6,1,3,0,66,999,0,0,0,0,0,0,0,0,0,0,58,29,0,0,3,6,70,1,1,2,1,0,0,1,13,6,1,4,1,4,0
51,510191,1,2,1,5,5,14,40,12,6,1,0,51,1,12,471,12471,30,2006,1FTYR10D16PA,1,F,T,Y,R,1,0,D,1,6,P,A,0,T,FORD,RNG,PK,6,17,,1,1180,1120,RNG,G,,,4,140,,,,B,3009,00,U,42,0,0,000000000,00000000000,0,0,0,1,0,0,0,0,0,0,0,5,0,0,0,9,9,6,2,12,0,0,0,1,51,24224,6,1,0,0,3,0,71,165,1,0,0,0,1,8,2010,10,2010,0,38,0,0,0,2,4,55,1,2,2,1,0,0,1,54,1,1,1,89,1,0
51,510191,2,2,1,5,5,14,40,12,6,1,0,51,2,12,481,12481,31,2009,1FTRF14W99KB,1,F,T,R,F,1,4,W,9,9,K,B,0,T,FORD,F15,PK,9,17,,2,1450,1260,COF,G,,,8,281,,,,B,4971,01,L,44,0,0,000000000,00000000000,0,0,0,1,0,0,0,0,0,0,0,55,0,0,0,12,12,6,2,12,0,0,0,1,51,24266,6,1,0,0,3,0,74,230,1,0,0,0,0,12,2010,12,2010,0,0,0,0,0,2,4,55,1,2,2,1,0,0,1,71,1,1,1,88,0,0
51,510192,1,1,3,6,5,8,0,42,0,1,0,51,1,12,3,12003,2,2006,1ZVFT82HX651,1,Z,V,F,T,8,2,H,X,6,5,1,0,P,FORD,MGT,CP,6,17,3483,,0,1071,,G,,F,8,281,,,17R235,,,,,,0,0,000000000,00000000000,0,0,0,1,0,0,0,0,0,0,0,55,0,0,0,2,2,6,2,42,0,0,0,1,51,24430,6,1,0,0,3,0,76,208,0,0,0,0,0,0,0,0,0,0,85,29,0,0,1,2,55,3,2,2,1,0,0,14,62,3,7,4,3,1,0
51,510193,1,1,1,7,5,4,8,25,0,1,0,51,2,49,401,49401,14,1997,JT3GN86R0V00,J,T,3,G,N,8,6,R,0,V,0,0,0,P,TOYT,RUN,UT,97,17,3565,,0,1053,,G,,F,6,206,,,15R225,,,,,,0,0,000000000,00000000000,0,0,0,1,0,0,0,0,0,0,0,75,0,0,0,1,1,6,2,25,0,0,0,1,51,23669,6,1,0,0,3,0,64,140,0,2,0,1,0,6,2010,4,2011,1,29,0,0,0,3,4,65,1,1,1,1,0,0,1,13,2,1,4,1,1,1
51,510194,1,2,1,6,5,11,5,12,6,1,0,51,1,20,20,20020,4,1995,2G1WN52M1S11,2,G,1,W,N,5,2,M,1,S,1,1,0,P,CHEV,LLS,4D,95,17,3372,,0,1075,,G,,F,6,191,,,15R205,,,,,,0,0,000000000,00000000000,0,0,0,1,0,0,0,0,0,0,0,10,0,0,0,3,3,6,2,12,0,0,0,1,51,22731,6,1,0,0,3,0,61,149,1,0,0,2,1,3,2009,12,2010,0,38,0,0,0,2,4,60,1,1,2,1,21,3,1,17,1,1,1,87,1,0
51,510194,2,2,1,6,5,11,5,12,6,1,0,51,1,20,481,20481,31,1997,2GCEK19R7V11,2,G,C,E,K,1,9,R,7,V,1,1,0,T,CHEV,GK1,PC,97,17,,2,1555,1415,GM4,G,,,8,350,,,,B,4544,00,,44,0,0,000000000,00000000000,0,0,0,1,0,0,0,0,0,0,0,60,0,0,0,12,12,6,2,12,0,0,0,1,51,22911,6,1,0,0,3,0,66,144,1,0,0,0,0,9,2009,9,2009,0,0,0,0,0,2,4,60,1,1,2,1,0,0,1,66,4,1,1,86,0,0
51,510195,1,2,1,9,5,17,35,52,0,1,0,51,1,12,441,12441,20,1996,1FMDA31X2TZA,1,F,M,D,A,3,1,X,2,T,Z,A,0,T,FORD,ARO,ES,96,17,,1,0,1190,ARO,G,,,6,245,,,,B,3824,00,M,42,0,0,000000000,00000000000,0,0,0,1,0,0,0,0,0,0,0,70,0,0,0,4,12,6,2,12,0,0,0,1,51,22554,6,1,0,0,3,0,68,205,0,0,0,0,0,0,0,0,0,1,29,58,0,0,1,4,45,1,1,2,1,0,0,1,10,3,7,4,98,1,1
51,510195,2,2,2,9,5,17,35,52,0,1,0,51,2,12,422,12422,15,2011,1FMJK1J55BEF,1,F,M,J,K,1,J,5,5,B,E,F,0,P,FORD,EPT,UT,11,17,6155,,0,1310,,F,,F,8,329,,,18R275,,,,,,0,0,000000000,00000000000,0,0,0,1,0,0,0,0,0,0,0,45,0,0,0,12,12,6,2,12,0,0,0,1,13,30022,6,1,0,0,3,0,65,200,98,0,0,0,0,0,0,0,0,0,0,0,0,0,1,4,45,1,1,2,1,0,0,1,54,2,1,1,98,0,0
51,510196,1,3,1,9,5,10,40,12,2,1,0,51,3,18,22,18022,4,2006,2G4WC5528611,2,G,4,W,C,5,5,2,8,6,1,1,0,P,BUIC,LCX,4D,6,17,3495,,0,1105,,G,,F,6,232,,,16R225,,,,,,0,0,000000000,00000000000,0,0,0,1,0,0,0,0,0,0,0,55,0,0,0,12,12,6,2,12,0,0,0,1,51,22960,6,1,0,0,3,0,66,199,0,0,0,0,1,3,2011,3,2011,0,0,0,0,0,1,2,55,1,1,2,1,0,0,1,54,1,1,1,51,0,0
51,510196,2,3,1,9,5,10,40,12,2,1,0,51,3,20,37,20037,4,2011,1G1ZA5EU9BF2,1,G,1,Z,A,5,E,U,9,B,F,2,0,P,CHEV,M/L,4D,11,17,3415,,0,1123,,F,,F,4,146,,,17R225,,,,,,0,0,000000000,00000000000,0,0,0,1,0,0,0,0,0,0,0,55,0,0,0,12,12,6,2,12,0,0,0,1,51,22911,6,1,0,0,3,3,67,165,0,0,0,0,0,0,0,0,0,0,0,0,0,0,1,2,55,1,1,2,1,0,0,1,54,1,1,1,98,0,0
51,510196,3,3,1,9,5,10,40,12,2,1,0,51,1,34,34,34034,4,2006,WBSBR93446PK,W,B,S,B,R,9,3,4,4,6,P,K,0,P,BMW,M3S,CV,6,17,3781,,0,1075,,G,,F,6,195,,,18R225,,,,,,0,0,000000000,00000000000,0,0,0,1,0,0,0,0,0,0,0,55,0,0,0,12,11,6,2,12,0,0,0,1,51,22923,1,1,2,0,2,0,71,165,0,0,0,0,0,0,0,0,0,0,51,28,0,0,1,2,55,1,1,2,1,0,0,1,10,1,1,2,50,1,1
51,510197,1,2,1,9,5,22,25,12,6,1,0,51,2,21,20,21020,4,1998,1G3NB52M2W63,1,G,3,N,B,5,2,M,2,W,6,3,0,P,OLDS,CUT,4D,98,17,3102,,0,1070,,G,,F,6,191,,,15R215,,,,,,0,0,000000000,00000000000,0,0,0,1,0,0,0,0,0,0,0,62,0,0,0,10,10,6,2,12,0,0,0,1,51,24112,0,0,0,0,0,0,999,999,0,0,0,1,0,3,2011,3,2011,1,51,58,0,0,1,2,40,3,2,2,1,0,0,14,12,4,2,1,64,1,1
51,510197,2,2,1,9,5,22,25,12,6,1,0,51,2,37,32,37032,4,2002,1HGCG16552A0,1,H,G,C,G,1,6,5,5,2,A,0,0,P,HOND,UEX,4D,2,17,3329,,0,1069,,G,,F,6,183,,,15R205,,,,,,0,0,000000000,00000000000,0,0,0,1,0,0,0,0,0,0,0,30,0,0,0,12,12,6,2,12,0,0,0,1,51,24112,6,1,0,0,3,0,68,130,0,0,0,0,0,0,0,0,0,0,0,0,0,0,1,2,40,3,2,2,1,0,0,14,64,1,1,1,65,0,0
51,510198,1,1,1,9,5,14,25,5,0,1,0,51,1,38,401,38401,14,1988,JAACH18E8J78,J,A,A,C,H,1,8,E,8,J,7,8,0,P,ISU,TRO,UT,88,17,3549,,0,1043,,G,,F,4,156,,,000000,,,,,,0,0,000000000,00000000000,0,0,0,1,0,0,0,0,0,0,0,0,0,0,0,0,9,2,3,5,0,0,0,1,51,24260,6,1,0,0,3,0,72,170,0,0,0,0,0,0,0,0,0,0,0,0,0,0,1,2,55,2,1,4,1,0,0,7,98,1,1,1,0,1,1
51,510199,1,1,1,9,5,21,15,8,0,1,0,51,1,49,40,49040,4,2004,4T1BE30K44U8,4,T,1,B,E,3,0,K,4,4,U,8,0,P,TOYT,UXS,4D,4,17,3086,,0,1071,,G,,F,4,144,,,15R205,,,,,,0,0,000000000,00000000000,0,0,0,1,0,0,0,0,0,0,0,37,0,0,0,12,12,2,3,8,0,0,0,1,51,20147,6,1,0,0,3,0,69,165,1,0,0,1,1,9,2008,1,2010,0,0,0,0,0,2,4,40,1,1,2,1,2,3,1,80,1,1,1,13,0,0
51,510200,1,2,1,11,5,19,0,12,2,1,0,51,1,7,41,7041,4,2000,2B3HD46R8YH1,2,B,3,H,D,4,6,R,8,Y,H,1,0,P,DODG,INT,4D,0,17,3385,,0,1130,,G,,F,6,167,,,16R225,,,,,,0,0,000000000,00000000000,0,0,0,1,0,0,0,0,0,0,0,60,0,0,0,12,12,6,2,12,0,0,0,1,51,24572,6,1,0,0,3,0,66,200,0,0,0,0,0,0,0,0,0,1,28,0,0,0,1,2,55,1,1,2,1,0,0,1,10,1,1,1,50,1,0
51,510200,2,2,2,11,5,19,0,12,2,1,0,51,1,38,402,38402,14,1998,4S2CM58WXW43,4,S,2,C,M,5,8,W,X,W,4,3,0,P,ISU,ROD,UT,98,17,3990,,0,1087,,G,,F,6,195,,,16R225,,,,,,0,0,000000000,00000000000,0,0,0,1,0,0,0,0,0,0,0,55,0,0,0,12,12,6,2,12,0,0,0,1,51,24574,6,1,0,0,3,0,65,170,0,0,0,1,0,3,2009,3,2009,0,0,0,0,0,1,2,55,1,1,2,1,0,0,1,62,4,1,1,51,0,0
51,510201,1,1,1,12,5,12,25,34,0,1,0,51,1,53,705,53705,80,2006,JS1CP51AX621,J,S,1,C,P,5,1,A,X,6,2,1,0,M,SUZI,A6K,MS,6,17,,,,,,,638,,2,,4,524,,,,,,,0,0,000000000,00000000000,0,0,0,1,0,0,0,0,0,0,0,35,0,0,0,12,12,6,2,34,0,0,0,1,51,22644,6,1,6,0,3,0,71,270,0,0,0,0,0,0,0,0,0,0,29,0,0,0,1,2,35,3,2,2,1,0,0,14,13,4,1,4,1,1,0
51,510202,1,2,1,2,5,14,43,12,7,1,0,51,2,34,34,34034,4,1997,WBACD3323VAV,W,B,A,C,D,3,3,2,3,V,A,V,0,P,BMW,28I,4D,97,17,3120,,0,1063,,G,,F,6,170,,,15R205,,,,,,0,0,000000000,00000000000,0,0,0,1,0,0,0,0,0,0,0,60,0,0,0,7,7,6,2,12,0,0,0,1,51,20155,6,1,0,0,3,0,73,175,0,1,0,0,0,7,2010,7,2010,1,29,58,0,0,3,8,55,1,1,1,1,0,0,1,13,3,2,1,45,0,0
51,510202,2,2,1,2,5,14,43,12,7,1,0,45,2,12,422,12422,15,1999,1FMRU1762XLA,1,F,M,R,U,1,7,6,2,X,L,A,0,P,FORD,EPT,UT,99,17,4808,,0,1191,,G,,F,8,281,,,16R255,,,,,,0,0,000000000,00000000000,0,0,0,1,0,0,0,0,0,0,0,55,0,1,1,4,4,6,2,12,0,0,0,1,45,29860,6,1,0,0,3,0,73,193,0,0,0,0,0,0,0,0,0,0,0,0,0,0,3,8,55,1,1,1,1,0,0,1,64,3,1,1,44,1,0
51,510203,1,2,1,10,5,15,33,12,6,1,0,94,3,84,981,84981,50,2004,4DRBRABN04A9,4,D,R,B,R,A,B,N,0,4,A,9,0,T,INTL,,BU,4,17,,7,,,,D,,,8,444,,,,,,,,42,0,88,888888888,88888888888,3,21,22,1,0,0,0,0,1,0,0,999,0,0,0,1,1,2,3,12,0,0,0,1,51,23225,6,1,6,3,3,3,69,200,0,0,0,1,0,3,2010,3,2010,0,38,0,0,0,3,4,25,1,1,2,1,20,3,1,51,1,1,2,44,0,0
51,510203,2,2,6,10,5,15,33,12,6,1,0,51,2,20,401,20401,14,2002,1GNDT13S1221,1,G,N,D,T,1,3,S,1,2,2,1,0,P,CHEV,TRL,UT,2,17,4628,,0,1130,,G,,F,6,256,,,16R245,,,,,,0,0,000000000,00000000000,0,0,0,1,0,0,0,0,0,0,0,999,0,1,1,4,4,6,2,12,0,0,0,1,51,23222,1,1,0,0,2,0,68,130,0,1,0,0,1,5,2010,3,2011,0,0,0,0,0,3,4,25,1,1,2,1,20,3,1,53,1,1,1,45,1,0
51,510204,1,1,1,12,5,23,36,35,0,1,0,51,2,52,34,52034,4,1997,4A3AJ56G9VE0,4,A,3,A,J,5,6,G,9,V,E,0,0,P,MITS,UEL,4D,97,17,2943,,0,1037,,G,,F,4,143,,,14R185,,,,,,0,0,000000000,00000000000,0,0,0,1,0,0,0,0,0,0,0,80,0,1,5,12,12,6,2,1,0,0,0,1,51,22853,1,1,0,0,2,0,66,145,0,7,0,0,0,6,2010,4,2011,1,29,0,0,0,1,2,55,2,2,2,1,0,0,14,12,2,1,4,6,1,1
51,510205,1,1,1,12,5,23,51,35,0,1,0,51,2,35,50,35050,4,2009,3N1BC11E19L5,3,N,1,B,C,1,1,E,1,9,L,5,0,P,NISS,VSL,4D,9,17,2671,,0,1024,,G,,F,4,110,,,15R185,,,,,,0,0,000000000,00000000000,0,0,0,1,0,0,0,0,0,0,0,45,0,1,2,11,11,6,2,42,0,0,0,1,51,23168,6,1,0,0,3,0,67,155,0,3,0,1,0,7,2008,9,2008,0,29,0,0,0,1,2,45,4,2,2,1,0,0,14,13,4,1,4,1,1,1
51,510206,1,1,1,14,5,4,58,42,0,1,0,51,1,54,35,54035,4,2000,JH4KA9660YC0,J,H,4,K,A,9,6,6,0,Y,C,0,0,P,ACUR,35R,4D,0,17,3858,,0,1146,,G,,F,6,212,,,16R215,,,,,,0,0,000000000,00000000000,0,0,0,1,0,0,0,0,0,0,0,80,0,0,0,11,11,6,2,42,0,0,0,1,51,23434,6,1,0,0,3,0,66,135,1,2,0,2,0,2,2009,12,2010,1,0,0,0,0,3,6,60,1,1,2,2,0,0,1,13,1,1,4,1,1,1
51,510207,1,2,1,13,5,21,16,12,2,1,0,51,1,98,709,98709,80,2001,ZD4PAC0071S1,Z,D,4,P,A,C,0,0,7,1,S,1,0,U,,,,1,17,,,,,,,,,,,,,,,,,,,0,0,000000000,00000000000,0,0,0,1,0,0,0,0,0,0,0,999,0,0,0,12,12,6,2,12,0,0,0,1,51,22960,6,1,0,0,3,0,72,245,0,1,0,1,5,6,2009,4,2011,0,28,0,0,0,1,2,55,2,3,2,2,0,0,14,10,1,1,2,50,1,1
51,510207,2,2,1,13,5,21,16,12,2,1,0,51,1,24,401,24401,14,2007,5GZCZ63487S8,5,G,Z,C,Z,6,3,4,8,7,S,8,0,P,STRN,VUE,UT,7,17,3668,,0,1066,,G,,F,6,214,,,16R235,,,,,,0,0,000000000,00000000000,0,0,0,1,0,0,0,0,0,0,0,55,0,0,0,12,11,6,2,12,0,0,0,1,51,22903,6,1,0,0,3,3,68,260,0,0,0,1,0,5,2009,5,2009,0,0,0,0,0,1,2,55,2,3,2,2,0,0,14,62,1,1,1,51,0,0
51,510208,1,1,3,15,5,1,45,1,0,1,0,51,2,12,3,12003,2,2007,1ZVFT80N4752,1,Z,V,F,T,8,0,N,4,7,5,2,0,P,FORD,MUS,CP,7,17,3352,,0,1071,,G,,F,6,244,,,16R215,,,,,,0,0,000000000,00000000000,0,0,0,1,0,0,0,0,0,0,0,50,0,2,5,0,1,6,2,1,0,0,0,1,51,23875,6,1,0,0,3,0,64,120,0,0,0,0,0,0,0,0,0,0,58,0,0,0,1,2,55,2,3,4,1,0,0,14,13,1,1,4,1,1,0
51,510209,1,2,1,14,5,23,50,8,0,1,1,99,9,99,999,99999,99,9999,999999999999,9,9,9,9,9,9,9,9,9,9,9,9,0,,,,,,,,,,,,,,,,,,,,,,,,,0,0,000000000,00000000000,0,0,0,1,0,0,0,0,0,0,0,999,0,0,0,12,12,6,2,8,0,0,0,1,99,99999,9,9,99,9,9,9,999,999,99,99,99,99,99,99,9999,99,9999,9,0,0,0,0,3,6,55,1,1,2,2,3,3,1,80,2,1,1,13,0,0
51,510209,2,2,1,14,5,23,50,8,0,1,0,51,1,12,481,12481,31,2008,1FTRF14W98KD,1,F,T,R,F,1,4,W,9,8,K,D,0,T,FORD,F15,PK,8,17,,2,1450,1260,COF,G,,,8,281,,,,B,4904,01,E,44,0,0,000000000,00000000000,0,0,0,1,0,0,0,0,0,0,0,40,0,0,0,12,12,2,8,8,0,0,0,1,51,23060,6,1,0,0,3,3,67,240,0,0,0,0,0,0,0,0,0,0,0,0,0,0,3,6,55,1,1,2,2,3,3,1,80,1,1,1,98,0,0
51,510210,1,2,3,11,5,12,30,12,6,1,0,51,1,20,404,20404,14,2005,2CNDL23F6561,2,C,N,D,L,2,3,F,6,5,6,1,0,P,CHEV,EQU,UT,5,17,3776,,0,1125,,G,,F,6,208,,,16R235,,,,,,0,0,000000000,00000000000,0,0,0,1,0,0,0,0,0,0,0,30,0,0,0,3,3,6,2,12,0,0,0,1,51,24658,6,1,0,0,3,0,63,185,0,0,0,0,0,0,0,0,0,0,38,0,0,0,2,4,45,1,1,2,1,0,0,11,15,1,1,1,68,1,0
51,510210,2,2,1,11,5,12,30,12,6,1,0,51,3,86,881,86881,63,1998,1M2P264C3WM0,1,M,2,P,2,6,4,C,3,W,M,0,0,T,MACK,RD6,CC,98,17,,8,0,0,600,D,,,6,728,,,,,00000,00,,64,0,51,00300668,5100300668,3,2,4,1,0,0,0,0,0,0,0,40,0,0,0,12,12,6,2,12,0,0,0,1,51,24370,6,1,6,0,3,0,69,262,0,0,0,0,0,0,0,0,0,0,0,0,0,0,2,4,45,1,1,2,1,0,0,1,62,1,1,1,69,0,0
51,510211,1,1,1,15,5,19,43,34,0,1,0,51,1,12,3,12003,2,1987,1FABP45E2HF1,1,F,A,B,P,4,5,E,2,H,F,1,0,P,FORD,MGT,CV,87,17,3214,,0,1005,,G,,F,8,302,,,15R225,,,,,,0,0,000000000,00000000000,0,0,0,1,0,0,0,0,0,0,0,55,0,0,0,10,10,6,2,42,0,0,0,1,51,23437,6,1,0,0,3,0,69,200,0,0,0,0,0,0,0,0,0,0,0,0,0,0,1,2,55,3,1,2,1,0,0,14,13,9,1,4,1,1,1
51,510212,1,2,1,17,5,10,15,1,0,1,0,51,1,7,472,7472,30,2003,1D7HG32X73S3,1,D,7,H,G,3,2,X,7,3,S,3,0,T,DODG,SPT,PC,3,17,,2,0,1309,DAK,G,,,6,239,,,,B,4142,00,E,44,0,0,000000000,00000000000,0,0,0,1,0,0,0,0,0,0,0,998,0,2,3,0,12,6,2,12,0,0,0,1,51,24630,6,1,0,0,3,0,71,140,3,1,0,0,0,3,2009,3,2011,1,58,0,0,0,2,4,55,4,2,2,2,0,0,14,13,8,4,4,98,1,0
51,510212,2,2,1,17,5,10,15,1,0,1,0,18,3,82,881,82881,66,2007,1FUJA6CVX7LZ,1,F,U,J,A,6,C,V,X,7,L,Z,1,T,FRHT,COL,TR,7,17,,8,0,0,CON,D,,,6,782,,,,,00000,00,,64,1,18,97639700,1897639700,3,6,6,1,0,0,0,0,0,0,0,55,0,0,0,12,12,6,2,12,0,0,0,1,18,46961,6,1,6,0,3,0,72,249,0,0,0,0,2,10,2008,6,2009,0,0,0,0,0,2,4,55,4,2,2,2,0,0,14,64,4,1,1,98,0,0
51,510213,1,2,1,5,5,14,7,12,6,1,0,51,1,12,17,12017,4,2002,1FAHP59S02A1,1,F,A,H,P,5,9,S,0,2,A,1,0,P,FORD,TEL,SW,2,17,3502,,0,1085,,G,,F,6,182,,,16R215,,,,,,0,0,000000000,00000000000,0,0,0,1,0,0,0,0,0,0,0,35,0,0,0,12,12,6,2,12,0,0,0,1,51,23321,6,1,0,0,3,0,72,205,1,0,0,0,1,12,2008,2,2009,0,0,0,0,0,2,4,35,1,2,2,1,3,3,1,66,1,1,1,83,0,0
51,510213,2,2,1,5,5,14,7,12,6,1,0,51,1,21,20,21020,4,1995,1G3AJ55M4S63,1,G,3,A,J,5,5,M,4,S,6,3,0,P,OLDS,CRL,4D,95,17,2733,,0,1049,,G,,F,6,191,,,14R185,,,,,,0,0,000000000,00000000000,0,0,0,1,0,0,0,0,0,0,0,5,0,0,0,9,9,6,2,12,0,0,0,1,51,23703,6,1,0,0,3,0,68,185,0,0,0,0,0,0,0,0,0,0,0,0,0,0,2,4,35,1,2,2,1,3,3,11,54,1,1,1,82,1,0
51,510214,1,1,3,14,5,0,10,53,0,1,0,51,1,7,482,7482,31,2006,3D7KS29C76G1,3,D,7,K,S,2,9,C,7,6,G,1,0,T,DODG,ME2,CW,6,17,,2,0,1605,RPC,D,,,6,359,,,,C,7450,00,E,44,0,0,000000000,00000000000,0,0,0,1,0,0,0,0,0,0,0,998,0,2,2,3,3,6,2,42,0,0,0,1,51,23116,6,1,0,0,3,0,74,185,2,0,0,0,5,11,2008,2,2011,0,58,0,0,0,1,2,35,3,1,2,1,0,0,14,13,2,1,4,1,1,1
51,510215,1,2,1,18,5,0,15,12,8,1,0,51,1,20,471,20471,30,2001,1GCCS1451182,1,G,C,C,S,1,4,5,1,1,8,2,0,T,CHEV,S14,PK,1,17,,1,1179,1083,S,F,,,4,133,,,,B,00000,00,,42,0,0,000000000,00000000000,0,0,0,1,0,0,0,0,0,0,0,50,0,0,0,11,11,6,2,12,0,0,0,1,51,22851,6,1,0,0,3,0,73,188,0,0,0,0,0,0,0,0,0,0,29,0,0,0,1,2,55,1,1,2,2,0,0,1,10,1,1,1,64,1,0
51,510215,2,2,1,18,5,0,15,12,8,1,0,26,3,82,881,82881,66,2008,FUJA6CK38L20,F,U,J,A,6,C,K,3,8,L,2,0,1,T,FRHT,,,8,16,,,,,,,,,,,,,,,,,,,1,26,00054283,2600054283,3,6,1,1,0,0,0,0,0,0,0,1,0,0,0,8,8,6,2,12,0,0,0,1,26,48179,9,9,99,9,9,9,999,999,99,99,99,99,99,99,9999,99,9999,0,0,0,0,0,1,2,55,1,1,2,2,0,0,2,62,2,1,1,65,0,0
51,510216,1,1,1,5,5,10,0,24,0,1,0,51,1,12,481,12481,31,1988,1FTDF15N0JNA,1,F,T,D,F,1,5,N,0,J,N,A,0,T,FORD,F15,PK,88,17,,1,1330,1170,COF,G,,,8,302,,,,B,00000,00,A,42,0,0,000000000,00000000000,0,0,0,1,0,0,0,0,0,0,0,60,0,0,0,12,12,6,2,24,0,0,0,1,51,24019,6,1,0,0,3,3,70,170,0,0,0,0,0,0,0,0,0,0,29,0,0,0,3,4,65,1,2,2,1,0,0,1,13,1,1,4,1,1,0