STATE,ST_CASE,VEH_NO,VE_FORMS,NUMOCCS,DAY,MONTH,HOUR,MINUTE,HARM_EV,MAN_COLL,UNITTYPE,HIT_RUN,REG_STAT,OWNER,MAKE,MODEL,MAK_MOD,BODY_TYP,MOD_YEAR,VIN,VIN_1,VIN_2,VIN_3,VIN_4,VIN_5,VIN_6,VIN_7,VIN_8,VIN_9,VIN_10,VIN_11,VIN_12,TOW_VEH,VINTYPE,VINMAKE,VINA_MOD,VIN_BT,VINMODYR,VIN_LNGT,VIN_WGT,WGTCD_TR,WHLBS_LG,WHLBS_SH,SER_TR,FUELCODE,MCYCL_DS,CARBUR,CYLINDER,DISPLACE,MCYCL_CY,MCYCL_WT,TIRE_SZE,TON_RAT,TRK_WT,TRKWTVAR,VIN_REST,WHLDRWHL,J_KNIFE,MCARR_I1,MCARR_I2,MCARR_ID,GVWR,V_CONFIG,CARGO_BT,HAZ_INV,HAZ_PLAC,HAZ_ID,HAZ_CNO,HAZ_REL,BUS_USE,SPEC_USE,EMER_USE,TRAV_SP,UNDERIDE,ROLLOVER,ROLINLOC,IMPACT1,IMPACT2,DEFORMED,TOWED,M_HARM,VEH_SC1,VEH_SC2,FIRE_EXP,DR_PRES,L_STATE,DR_ZIP,L_STATUS,L_TYPE,CDL_STAT,L_ENDORS,L_COMPL,L_RESTRI,DR_HGT,DR_WGT,PREV_ACC,PREV_SUS,PREV_DWI,PREV_SPD,PREV_OTH,FIRST_MO,FIRST_YR,LAST_MO,LAST_YR,SPEEDREL,DR_SF1,DR_SF2,DR_SF3,DR_SF4,VTRAFWAY,VNUM_LAN,VSPD_LIM,VALIGN,VPROFILE,VPAVETYP,VSURCOND,VTRAFCON,VTCONT_F,P_CRASH1,P_CRASH2,P_CRASH3,PCRASH4,PCRASH5,ACC_TYPE,DEATHS,DR_DRINK
51,510340,4,6,1,17,7,16,52,12,1,1,0,51,1,37,441,37441,20,2005,5FNRL38765B1,5,F,N,R,L,3,8,7,6,5,B,1,0,P,HOND,UDY,SV,5,17,4537,,0,1181,,G,,F,6,212,,,16R225,,,,,,0,0,000000000,00000000000,0,0,0,1,0,0,0,0,0,0,0,15,0,0,0,6,6,2,1,12,0,0,0,1,51,22903,6,1,0,0,3,0,71,215,1,0,0,0,0,12,2008,12,2008,0,0,0,0,0,2,4,70,1,1,2,1,0,0,2,53,1,1,1,98,0,0
51,510340,5,6,1,17,7,16,52,12,1,1,0,51,2,37,403,37403,14,2004,5J6YH27644L0,5,J,6,Y,H,2,7,6,4,4,L,0,0,P,HOND,ELE,UT,4,17,3527,,0,1014,,G,,F,4,146,,,16R215,,,,,,0,0,000000000,00000000000,0,0,0,1,0,0,0,0,0,0,0,70,0,0,0,6,6,2,1,12,0,0,0,1,51,23220,6,1,0,0,3,0,69,160,0,0,0,0,0,0,0,0,0,0,0,0,0,0,2,4,70,1,1,2,1,0,0,1,99,1,1,1,98,0,0
51,510340,6,6,1,17,7,16,52,12,1,1,0,12,2,23,421,23421,15,2008,1GKFK66848J1,1,G,K,F,K,6,6,8,4,8,J,1,0,T,GMC,DXL,4W,8,17,,2,0,1300,YUK,G,,,8,378,,,,C,5914,00,W,44,0,0,000000000,00000000000,0,0,0,1,0,0,0,0,0,0,0,35,0,0,0,6,6,2,1,12,0,0,0,1,12,33442,6,1,0,0,3,0,71,999,0,0,0,0,0,0,0,0,0,0,0,0,0,0,2,4,70,1,1,2,1,0,0,1,50,8,1,4,98,0,0
51,510341,1,1,1,11,7,19,39,53,0,1,0,51,1,20,481,20481,31,1974,CCV144A10535,C,C,V,1,4,4,A,1,0,5,3,5,0,T,CHEV,C10,PK,74,13,,1,1315,1060,C10,D,,,8,350,,,,B,3495,04,,42,0,0,000000000,00000000000,0,0,0,1,0,0,0,0,0,0,0,48,0,2,1,3,3,6,2,1,0,0,0,1,51,23236,6,1,0,0,3,0,74,200,0,0,0,0,0,0,0,0,0,1,58,0,0,0,2,4,45,3,1,2,1,0,0,14,13,3,1,4,1,1,1
51,510342,1,1,3,9,7,0,55,52,0,1,0,51,2,49,32,49032,4,1992,1NXAE91A1NZ3,1,N,X,A,E,9,1,A,1,N,Z,3,0,P,TOYT,COA,4D,92,17,2253,,0,957,,G,,F,4,097,,,13R155,,,,,,0,0,000000000,00000000000,0,0,0,1,0,0,0,0,0,0,0,100,0,1,5,1,1,6,2,52,0,0,0,1,51,23844,6,1,0,0,3,0,64,165,0,0,0,0,0,0,0,0,0,1,0,0,0,0,3,4,55,3,2,2,1,0,0,14,12,3,1,4,6,2,0
51,510343,1,1,1,17,7,23,32,35,0,1,0,51,1,37,705,37705,80,1995,JH2PC2501SM4,J,H,2,P,C,2,5,0,1,S,M,4,0,M,HOND,RF3,RC,95,17,,,,,,,600,,4,,4,407,,,,,,,0,0,000000000,00000000000,0,0,0,1,0,0,0,0,0,0,0,999,0,0,0,12,12,6,2,35,0,0,0,1,51,22969,6,1,0,0,2,0,76,280,0,0,0,0,0,0,0,0,0,0,29,0,0,0,1,2,55,2,1,2,1,0,0,14,12,1,1,4,6,1,1
51,510344,1,1,1,18,7,19,40,53,0,1,0,37,1,12,421,12421,15,1990,1FMEU15N7LLA,1,F,M,E,U,1,5,N,7,L,L,A,0,P,FORD,BRO,UT,90,17,4348,,0,1050,,G,,F,8,302,,,15R235,,,,,,0,0,000000000,00000000000,0,0,0,1,0,0,0,0,0,0,0,50,0,1,5,2,2,6,2,42,0,0,0,1,37,27950,6,1,0,0,3,0,65,999,1,0,0,1,0,7,2010,1,2011,1,0,0,0,0,1,2,35,3,1,2,1,0,0,14,13,8,7,4,2,1,1
51,510345,1,1,1,15,7,21,22,15,0,1,0,51,1,30,40,30040,4,1992,3VWRA21G9NM0,3,V,W,R,A,2,1,G,9,N,M,0,0,P,VOLK,JTG,4D,92,17,2282,,0,973,,G,,F,4,109,,,14R185,,,,,,0,0,000000000,00000000000,0,0,0,1,0,0,0,0,0,0,0,40,0,0,0,12,12,6,2,15,0,0,0,1,51,22902,6,1,0,0,3,0,72,175,0,0,0,0,2,6,2010,6,2011,0,0,0,0,0,1,2,45,1,1,2,1,0,0,1,80,1,1,1,13,0,0
51,510346,1,2,1,21,7,9,59,5,0,1,0,51,1,20,22,20022,4,2006,1G1AK15F5676,1,G,1,A,K,1,5,F,5,6,7,6,0,P,CHEV,BLS,CP,6,17,2991,,0,1033,,G,,F,4,134,,,15R195,,,,,,0,0,000000000,00000000000,0,0,0,1,0,0,0,0,0,0,0,0,0,0,0,11,11,0,1,54,0,0,0,1,51,23860,6,1,0,0,3,0,61,120,0,0,0,2,0,5,2009,1,2010,0,38,0,0,0,1,4,35,1,1,2,1,3,3,5,10,1,1,1,98,0,0
51,510346,2,2,1,21,7,9,59,5,0,1,0,51,1,72,706,72706,80,2009,1HD1GY4159K3,1,H,D,1,G,Y,4,1,5,9,K,3,0,M,HD,FTB,RS,9,17,,,,,,,1584,,2,,4,703,,,,,,,0,0,000000000,00000000000,0,0,0,1,0,0,0,0,0,0,0,26,0,0,0,0,10,6,2,5,0,0,0,1,51,23089,6,1,0,0,3,0,70,220,1,0,0,1,0,5,2009,5,2011,0,0,0,0,0,1,4,35,1,1,2,1,3,3,1,98,3,2,1,0,1,0
51,510347,1,2,1,22,7,7,39,12,2,1,0,51,1,12,401,12401,14,1997,1FMDU34X8VUA,1,F,M,D,U,3,4,X,8,V,U,A,0,P,FORD,EPR,UT,97,17,4166,,0,1115,,G,,F,6,245,,,15R225,,,,,,0,0,000000000,00000000000,0,0,0,1,0,0,0,0,0,0,0,45,0,1,1,12,12,6,2,12,0,0,0,1,51,22630,1,1,0,0,2,0,72,215,2,6,0,0,5,10,2008,7,2011,0,28,0,0,0,1,2,45,1,1,2,1,0,0,1,10,1,1,2,50,1,1
51,510347,2,2,1,22,7,7,39,12,2,1,0,51,1,85,881,85881,63,1997,1NKDLB0X0VJ7,1,N,K,D,L,B,0,X,0,V,J,7,1,T,KW,T80,CC,97,17,,8,0,0,CON,D,,,6,893,,,,,00000,00,,64,1,51,56476800,5156476800,3,4,4,1,0,0,0,0,0,0,0,30,0,0,0,12,12,6,2,12,0,0,0,1,51,22645,6,1,6,0,3,3,70,200,0,0,0,0,0,0,0,0,0,0,0,0,0,0,1,2,45,1,1,2,1,0,0,1,62,1,1,1,51,0,0
51,510348,1,1,1,21,7,10,27,8,0,1,0,51,2,49,40,49040,4,2000,4T1BG22K9YU6,4,T,1,B,G,2,2,K,9,Y,U,6,0,P,TOYT,UEX,4D,0,17,2998,,0,1051,,G,,F,4,132,,,14R195,,,,,,0,0,000000000,00000000000,0,0,0,1,0,0,0,0,0,0,0,45,0,0,0,12,12,6,2,8,0,0,0,1,51,22309,6,1,0,0,3,0,62,132,1,0,0,0,0,10,2009,10,2009,0,0,0,0,0,1,3,45,1,2,2,1,0,0,1,80,1,1,1,13,0,0
51,510349,1,1,6,23,7,7,11,43,0,1,0,95,3,12,481,12481,31,2010,1FTSW2B50AEB,1,F,T,S,W,2,B,5,0,A,E,B,0,T,FORD,F2S,CW,10,17,,2,1724,1562,SRW,G,,,8,329,,,,B,6483,00,E,44,0,0,000000000,00000000000,0,0,0,1,0,0,0,0,0,0,0,70,0,1,5,1,12,6,2,42,0,0,0,1,97,0,9,9,99,9,9,9,999,999,99,99,99,99,99,99,9999,99,9999,0,29,58,0,0,3,4,70,1,1,2,1,0,0,1,13,8,2,4,2,1,0
51,510350,1,2,1,23,7,10,12,12,6,1,0,51,1,49,32,49032,4,2005,2T1BR32E95C3,2,T,1,B,R,3,2,E,9,5,C,3,0,P,TOYT,UCS,4D,5,17,2530,,0,1024,,G,,F,4,109,,,15R185,,,,,,0,0,000000000,00000000000,0,0,0,1,0,0,0,0,0,0,0,55,0,0,0,12,12,6,2,12,0,0,0,1,51,22952,6,1,0,0,3,0,65,150,0,0,0,0,0,0,0,0,0,1,28,0,0,0,1,2,35,3,1,2,1,0,0,14,6,4,1,2,64,1,1
51,510350,2,2,4,23,7,10,12,12,6,1,0,51,1,7,442,7442,20,2008,2D8HN54P18R8,2,D,8,H,N,5,4,P,1,8,R,8,0,T,DODG,GSX,ES,8,17,,2,0,1212,CAR,G,,,6,232,,,,,4483,00,7,42,0,0,000000000,00000000000,0,0,0,1,0,0,0,0,0,0,0,40,0,0,0,9,9,6,2,12,0,0,0,1,51,22980,6,1,0,0,3,0,69,150,1,0,0,0,0,8,2008,8,2008,1,0,0,0,0,1,2,35,3,1,2,1,0,0,14,62,1,1,1,65,0,0
51,510351,1,1,1,22,7,23,42,35,0,1,0,51,1,20,421,20421,15,2001,1GNEK13T21J1,1,G,N,E,K,1,3,T,2,1,J,1,0,P,CHEV,KTA,UT,1,17,5050,,0,1160,,G,,F,8,325,,,16R245,,,,,,0,0,000000000,00000000000,0,0,0,1,0,0,0,0,0,0,0,55,0,1,5,12,12,6,2,1,0,0,0,1,51,23123,6,1,0,0,3,0,73,150,0,0,0,0,1,8,2009,8,2009,1,29,0,0,0,1,2,45,3,1,2,1,0,0,14,13,4,1,4,1,1,1
51,510352,1,1,2,23,7,0,18,34,0,1,0,51,1,54,38,54038,2,2003,JH4DC53043C0,J,H,4,D,C,5,3,0,4,3,C,0,0,P,ACUR,RST,2H,3,17,2767,,0,1012,,G,,F,4,122,,,16R205,,,,,,0,0,000000000,00000000000,0,0,0,1,0,0,0,0,0,0,0,60,0,1,5,12,12,6,2,14,0,0,0,1,51,22655,6,1,0,0,3,0,66,130,0,0,0,0,0,0,0,0,0,1,29,0,0,0,1,2,25,1,1,2,1,0,0,1,12,4,1,4,6,1,1
51,510353,1,2,2,22,7,13,19,12,6,1,0,51,1,19,3,19003,4,1989,1G6CB5156K43,1,G,6,C,B,5,1,5,6,K,4,3,0,P,CADI,FFL,4D,89,17,3364,,0,1138,,G,,F,8,276,,,15R205,,,,,,0,0,000000000,00000000000,0,0,0,1,0,0,0,0,0,0,0,10,0,0,0,3,3,6,2,12,0,0,0,1,51,23917,6,1,0,0,3,3,69,150,0,0,0,0,0,0,0,0,0,0,38,0,0,0,2,4,55,1,2,2,1,4,3,1,66,1,1,1,87,1,0
51,510353,2,2,2,22,7,13,19,12,6,1,0,51,1,7,21,7021,6,2005,2D4GV58205H5,2,D,4,G,V,5,8,2,0,5,H,5,0,P,DODG,MGN,UT,5,17,4161,,0,1200,,G,,F,8,348,,,18R225,,,,,,0,0,000000000,00000000000,0,0,0,1,0,0,0,0,0,0,0,57,0,0,0,12,12,6,2,12,0,0,0,1,51,24333,6,1,0,0,3,3,62,150,0,0,0,0,0,0,0,0,0,0,0,0,0,0,2,4,55,1,2,2,1,4,3,1,66,1,1,1,86,0,0
51,510354,1,1,2,24,7,13,55,35,0,1,0,51,1,20,401,20401,14,1994,1GNCT18W0R01,1,G,N,C,T,1,8,W,0,R,0,1,0,P,CHEV,S10,UT,94,17,3506,,0,1005,,G,,F,6,262,,,000000,,,,,,0,0,000000000,00000000000,0,0,0,1,0,0,0,0,0,0,0,70,0,1,5,12,12,6,2,42,0,0,0,1,51,22835,6,1,0,0,3,0,73,180,0,0,0,0,0,0,0,0,0,1,58,0,0,0,1,2,45,3,1,2,1,0,0,14,13,9,1,4,1,2,1
51,510355,1,1,1,24,7,18,14,14,0,1,0,51,1,53,709,53709,80,2006,JS1GT76A5621,J,S,1,G,T,7,6,A,5,6,2,1,0,M,SUZI,XR1,RC,6,17,,,,,,,999,,4,,4,365,,,,,,,0,0,000000000,00000000000,0,0,0,1,0,0,0,0,0,0,0,40,0,0,0,12,12,6,2,14,0,0,0,1,51,20110,6,1,0,0,3,0,69,180,1,3,0,1,2,9,2009,1,2011,1,29,0,0,0,1,2,25,1,1,2,1,0,0,1,13,1,1,4,98,1,1
51,510356,1,1,2,14,7,11,47,42,0,1,0,51,2,37,32,37032,4,1998,1HGCG5641WA1,1,H,G,C,G,5,6,4,1,W,A,1,0,P,HOND,ULX,4D,98,17,2952,,0,1069,,G,,F,4,138,,,15R195,,,,,,0,0,000000000,00000000000,0,0,0,1,0,0,0,0,0,0,0,999,0,2,6,1,1,6,2,42,0,0,0,1,51,23185,6,7,0,0,3,0,61,110,0,0,0,0,0,0,0,0,0,9,29,0,0,0,1,2,25,1,1,2,1,0,0,1,12,1,1,4,6,1,0
51,510357,1,2,1,24,7,13,52,12,2,1,0,51,1,37,705,37705,80,1986,JH2RC1900GM2,J,H,2,R,C,1,9,0,0,G,M,2,0,M,HOND,V70,RS,86,17,,,,,,,700,,2,,4,496,,,,,,,0,0,000000000,00000000000,0,0,0,1,0,0,0,0,0,0,0,998,0,0,0,12,12,6,2,12,0,0,0,1,51,23002,6,1,6,0,3,0,65,160,0,0,0,0,0,0,0,0,0,0,51,0,0,0,1,2,45,2,1,2,1,0,0,14,10,1,1,1,50,1,0
51,510357,2,2,1,24,7,13,52,12,2,1,0,51,3,20,461,20461,21,2002,1GCFG15W3211,1,G,C,F,G,1,5,W,3,2,1,1,0,T,CHEV,E15,CG,2,17,,2,0,1350,EXP,G,,,6,262,,,,B,4596,00,,42,0,0,000000000,00000000000,0,0,0,1,0,0,0,0,0,0,0,35,0,0,0,12,12,6,2,12,0,0,0,1,51,23112,6,1,0,0,3,0,70,215,0,0,0,0,0,0,0,0,0,0,0,0,0,0,1,2,45,3,1,2,1,40,3,14,62,4,1,1,51,0,0
51,510358,1,2,1,24,7,2,24,12,2,1,0,51,1,35,47,35047,4,2000,1N4DL01D4YC2,1,N,4,D,L,0,1,D,4,Y,C,2,0,P,NISS,AGS,4D,0,17,2754,,0,1031,,G,,F,4,146,,,15R195,,,,,,0,0,000000000,00000000000,0,0,0,1,0,0,0,0,0,0,0,999,0,0,0,12,12,6,2,12,0,0,0,1,51,23851,6,1,0,0,3,3,65,270,0,0,0,1,0,2,2009,2,2009,0,28,0,0,0,3,4,35,1,1,2,1,0,0,1,10,1,1,2,50,1,1
51,510358,2,2,2,24,7,2,24,12,2,1,0,51,1,7,461,7461,21,2003,1D4GP25333B2,1,D,4,G,P,2,5,3,3,3,B,2,0,P,DODG,CAR,SV,3,17,3758,,0,1133,,F,,F,6,201,,,16R215,,,,,,0,0,000000000,00000000000,0,0,0,1,0,0,0,0,0,0,0,999,0,0,0,12,12,6,2,12,0,0,0,1,51,23669,1,1,0,0,2,0,68,130,0,3,0,0,0,4,2009,6,2011,0,0,0,0,0,3,4,35,1,1,2,1,0,0,1,62,1,1,1,51,0,0
51,510359,1,2,1,25,7,19,30,12,1,1,0,51,1,2,404,2404,14,2004,1J4GL58K94W2,1,J,4,G,L,5,8,K,9,4,W,2,0,T,JEEP,LMD,4W,4,17,,1,0,1043,LIB,G,,,6,226,,,,,3892,00,E,44,0,0,000000000,00000000000,0,0,0,1,0,0,0,0,0,0,0,70,0,1,2,12,12,6,2,1,0,0,0,1,51,23114,6,1,0,0,3,0,71,165,1,0,0,0,2,10,2008,6,2009,1,0,0,0,0,2,4,65,1,1,2,1,0,0,1,51,1,1,1,24,1,1
51,510359,2,2,2,25,7,19,30,12,1,1,0,51,1,52,47,52047,6,2008,JA4LS21W08Z0,J,A,4,L,S,2,1,W,0,8,Z,0,0,P,MITS,OUT,UT,8,17,3395,,0,1051,,G,,F,4,146,,,16R215,,,,,,0,0,000000000,00000000000,0,0,0,1,0,0,0,0,0,0,0,60,0,0,0,6,6,6,2,12,0,0,0,1,51,23832,6,1,0,0,3,3,66,160,0,3,1,0,1,9,2008,3,2011,0,0,0,0,0,2,4,65,1,1,2,1,0,0,1,53,1,1,1,25,0,0
51,510360,1,1,2,26,7,3,25,42,0,1,0,51,2,24,401,24401,14,2005,5GZCZ63455S8,5,G,Z,C,Z,6,3,4,5,5,S,8,0,P,STRN,VUE,UT,5,17,3631,,0,1066,,G,,F,6,214,,,17R235,,,,,,0,0,000000000,00000000000,0,0,0,1,0,0,0,0,0,0,0,40,0,0,0,12,12,6,2,42,0,0,0,1,51,22625,6,1,0,0,3,0,72,170,0,1,0,0,1,2,2009,2,2009,0,29,0,0,0,1,2,45,1,2,2,1,0,0,1,13,1,1,4,1,1,0
51,510361,1,1,1,15,3,7,34,33,0,1,0,51,1,49,43,49043,4,2007,4T1BK36B07U1,4,T,1,B,K,3,6,B,0,7,U,1,0,P,TOYT,UTS,4D,7,17,3495,,0,1071,,G,,F,6,214,,,16R215,,,,,,0,0,000000000,00000000000,0,0,0,1,0,0,0,0,0,0,0,55,0,0,0,12,12,6,2,3,0,0,0,1,51,23456,6,1,0,0,3,0,67,250,0,0,0,0,0,0,0,0,0,0,29,0,0,0,1,2,55,1,1,2,1,0,0,1,12,4,1,4,6,1,0
51,510362,1,2,4,27,7,13,10,12,6,1,0,51,2,9,442,9442,20,1992,1P4GH54R4NX2,1,P,4,G,H,5,4,R,4,N,X,2,0,T,PLYM,GVL,ES,92,17,,1,0,1193,VOF,G,,,6,201,,,,,3638,01,M,42,0,0,000000000,00000000000,0,0,0,1,0,0,0,0,0,0,0,10,0,0,0,9,9,6,2,12,0,0,0,1,51,23964,6,1,0,0,3,0,61,162,0,0,0,1,1,5,2009,5,2009,0,38,0,0,0,1,2,55,1,1,2,1,0,0,11,10,1,1,1,72,1,0
51,510362,2,2,1,27,7,13,10,12,6,1,0,51,1,85,881,85881,66,2004,1XKWDB9X64J0,1,X,K,W,D,B,9,X,6,4,J,0,1,T,KW,W90,TR,4,17,,8,2850,1600,CON,D,,,6,893,,,,,00000,00,,64,1,51,97872600,5197872600,3,6,97,1,0,0,0,0,0,0,0,50,0,0,0,1,1,6,2,12,0,0,0,1,51,23959,6,1,6,0,3,0,69,200,1,0,0,0,0,5,2011,5,2011,0,0,0,0,0,1,2,55,1,1,2,1,0,0,1,60,4,1,1,73,0,0
51,510363,1,1,1,26,7,22,58,8,0,1,0,51,2,20,37,20037,4,2006,1G1ZT51FX6F1,1,G,1,Z,T,5,1,F,X,6,F,1,0,P,CHEV,MLT,4D,6,17,3316,,0,1063,,G,,F,4,134,,,16R215,,,,,,0,0,000000000,00000000000,0,0,0,1,0,0,0,0,0,0,0,45,0,0,0,11,11,6,2,8,0,0,0,1,51,23076,6,1,0,0,3,0,75,225,0,0,0,0,1,8,2010,8,2010,0,0,0,0,0,3,4,45,1,3,2,1,0,0,1,80,4,1,1,13,0,0
51,510364,1,2,1,21,7,15,42,12,6,1,0,51,3,20,441,20441,20,2004,1GCDM19XX4B1,1,G,C,D,M,1,9,X,X,4,B,1,0,T,CHEV,AST,EC,4,17,,1,0,1112,AST,G,,,6,262,,,,B,3964,00,,42,0,0,000000000,00000000000,0,0,0,1,0,0,0,0,0,0,0,999,0,0,0,12,12,6,2,12,0,0,0,1,51,23141,6,1,0,0,3,0,73,180,0,0,0,0,0,0,0,0,0,1,39,0,0,0,3,4,35,1,1,2,1,3,3,1,17,1,1,1,88,0,0
51,510364,2,2,1,21,7,15,42,12,6,1,0,51,1,49,32,49032,4,2007,2T1BR32EX7C7,2,T,1,B,R,3,2,E,X,7,C,7,0,P,TOYT,UCS,4D,7,17,2530,,0,1024,,G,,F,4,109,,,15R185,,,,,,0,0,000000000,00000000000,0,0,0,1,0,0,0,0,0,0,0,999,0,0,0,9,9,6,2,12,0,0,0,1,51,23237,6,1,0,0,3,0,70,165,0,0,0,0,0,0,0,0,0,0,0,0,0,0,3,4,35,1,1,2,1,3,3,1,62,1,1,1,89,1,0
51,510365,1,1,1,27,7,13,0,24,0,1,0,45,1,72,706,72706,80,2011,1HD1FB410BB6,1,H,D,1,F,B,4,1,0,B,B,6,0,M,HD,FHR,RS,11,17,,,,,,,1584,,2,,4,775,,,,,,,0,0,000000000,00000000000,0,0,0,1,0,0,0,0,0,0,0,40,0,0,0,12,12,6,2,24,0,0,0,1,45,29582,6,1,0,0,3,0,68,175,0,0,0,0,0,0,0,0,0,0,29,0,0,0,1,2,55,3,2,2,1,0,0,14,13,4,1,4,1,1,0
51,510366,1,1,1,27,7,9,13,32,0,1,0,51,1,7,442,7442,20,1996,2B4FP25B2TR7,2,B,4,F,P,2,5,B,2,T,R,7,0,P,DODG,CAR,SV,96,17,3425,,0,1133,,G,,F,4,148,,,14R205,,,,,,0,0,000000000,00000000000,0,0,0,1,0,0,0,0,0,0,0,998,0,1,5,12,12,6,2,32,0,0,0,1,51,23234,0,0,0,0,0,0,999,999,0,0,0,0,0,0,0,0,0,0,29,0,0,0,1,2,45,1,2,2,1,0,0,1,13,1,1,4,1,1,1
51,510367,1,1,1,28,7,19,0,35,0,1,0,51,1,72,706,72706,80,2011,1HD1GX41XBC3,1,H,D,1,G,X,4,1,X,B,C,3,0,M,HD,FFB,RS,11,17,,,,,,,1584,,2,,4,634,,,,,,,0,0,000000000,00000000000,0,0,0,1,0,0,0,0,0,0,0,60,0,0,0,11,11,6,2,35,0,0,0,1,51,23936,6,1,0,0,3,0,74,206,0,0,0,0,0,0,0,0,0,1,29,0,0,0,1,2,55,2,1,2,1,0,0,14,12,1,1,4,6,1,0
51,510368,1,1,2,27,7,0,9,42,0,1,0,51,1,35,471,35471,30,1996,1N6SD11Y0TC3,1,N,6,S,D,1,1,Y,0,T,C,3,0,T,NISS,TXE,PK,96,17,,1,0,1043,TRK,G,,,4,146,,,,B,00000,00,M,44,0,0,000000000,00000000000,0,0,0,1,0,0,0,0,0,0,0,55,0,1,5,1,1,6,2,42,0,0,0,1,51,24091,6,1,0,0,3,0,72,200,1,0,0,1,0,3,2009,8,2009,0,0,0,0,0,1,2,55,1,1,2,1,0,0,1,13,1,1,4,1,1,1
51,510369,1,1,1,27,7,21,10,42,0,1,0,37,3,51,881,51881,66,2006,4V4NC9TH96N4,4,V,4,N,C,9,T,H,9,6,N,4,1,T,VOLV,VNL,TR,6,17,,8,0,0,VVN,D,,,6,915,,,,,00000,00,,64,1,37,01987194,3701987194,3,6,1,1,0,0,0,0,0,0,0,50,0,1,5,1,1,6,2,1,0,0,0,1,37,27511,6,1,6,0,3,0,71,999,1,0,0,0,1,4,2011,6,2011,0,29,0,0,0,1,2,55,3,2,2,1,0,0,14,13,4,1,4,1,1,0
51,510370,1,2,1,28,7,12,10,12,2,1,0,51,1,21,17,21017,4,1996,1G3AJ55MXT63,1,G,3,A,J,5,5,M,X,T,6,3,0,P,OLDS,CRL,4D,96,17,2924,,0,1049,,G,,F,6,191,,,14R185,,,,,,0,0,000000000,00000000000,0,0,0,1,0,0,0,0,0,0,0,60,0,0,0,12,12,6,2,12,0,0,0,1,51,24460,6,1,0,0,3,0,63,168,0,0,0,1,0,5,2009,5,2009,1,51,0,0,0,1,2,55,2,3,2,1,0,0,14,10,1,1,1,50,1,0
51,510370,2,2,1,28,7,12,10,12,2,1,0,51,4,19,20,19020,6,2011,3GYFNDEYXBS6,3,G,Y,F,N,D,E,Y,X,B,S,6,0,P,CADI,SRX,UT,11,17,4387,,0,1105,,G,,F,6,183,,,18R235,,,,,,0,0,000000000,00000000000,0,0,0,1,0,0,0,0,0,0,0,50,0,0,0,12,12,6,2,12,0,0,0,1,99,99999,9,9,99,9,9,9,999,999,99,99,99,99,99,99,9999,99,9999,0,0,0,0,0,1,2,55,3,3,2,1,0,0,14,62,2,1,1,51,0,0
51,510371,1,1,3,29,7,16,57,16,0,1,0,51,2,41,35,41035,4,2002,JM1BJ225X216,J,M,1,B,J,2,2,5,X,2,1,6,0,P,MAZD,PDS,4D,2,17,2493,,0,1028,,G,,F,4,122,,,15R195,,,,,,0,0,000000000,00000000000,0,0,0,1,0,0,0,0,0,0,0,55,0,0,0,0,13,6,2,16,0,0,0,1,51,22974,6,1,0,0,3,0,71,135,0,0,0,0,0,0,0,0,0,0,0,0,0,0,1,4,55,1,1,2,1,0,0,1,98,1,1,1,0,1,0
51,510372,1,1,1,29,7,18,52,42,0,1,0,51,1,12,481,12481,31,2009,1FTRX14W19FA,1,F,T,R,X,1,4,W,1,9,F,A,0,T,FORD,F15,4C,9,17,,2,1630,1330,COF,G,,,8,281,,,,B,5317,05,L,44,0,0,000000000,00000000000,0,0,0,1,0,0,0,0,0,0,0,50,0,0,0,12,12,6,2,42,0,0,0,1,51,23237,6,1,0,0,3,0,69,155,0,0,0,0,0,0,0,0,0,1,29,0,0,0,1,2,45,1,2,2,1,0,0,1,13,8,1,4,1,1,1
51,510373,1,1,1,18,7,21,55,35,0,1,0,51,1,6,43,6043,4,1997,3C3EL55H9VT5,3,C,3,E,L,5,5,H,9,V,T,5,0,P,CHRY,SJI,CV,97,17,3376,,0,1060,,G,,F,6,152,,,16R215,,,,,,0,0,000000000,00000000000,0,0,0,1,0,0,0,0,0,0,0,80,0,1,1,11,11,6,2,1,0,0,0,1,51,24085,6,1,0,0,3,0,72,150,0,2,1,1,0,2,2009,5,2011,1,29,0,0,0,1,2,55,2,2,2,1,0,0,14,13,2,1,4,1,1,1
51,510374,1,1,2,28,7,15,22,24,0,1,0,51,1,54,31,54031,3,1992,JH4DA9373NS0,J,H,4,D,A,9,3,7,3,N,S,0,0,P,ACUR,IGS,2H,92,17,2535,,0,1004,,G,,F,4,112,,,15R195,,,,,,0,0,000000000,00000000000,0,0,0,1,0,0,0,0,0,0,0,66,0,2,5,12,12,6,2,1,0,0,0,1,51,24012,6,1,0,0,3,3,72,230,0,0,0,0,0,0,0,0,0,1,29,0,0,0,1,2,35,2,1,2,1,0,0,14,12,1,1,4,6,1,1
51,510375,1,1,2,30,7,6,22,1,0,1,0,45,1,2,404,2404,14,2001,1J4FF48S11L5,1,J,4,F,F,4,8,S,1,1,L,5,0,T,JEEP,SPT,4W,1,17,,1,0,1014,CHK,G,,,6,244,,,,,3249,00,E,44,0,0,000000000,00000000000,0,0,0,1,0,0,0,0,0,0,0,70,0,2,5,0,11,6,2,1,0,0,0,1,45,29226,6,1,0,0,3,0,70,245,0,0,0,0,2,3,2010,10,2010,0,29,0,0,0,3,4,70,1,1,2,1,0,0,1,13,2,1,4,1,2,0