STATE,ST_CASE,VEH_NO,VE_FORMS,NUMOCCS,DAY,MONTH,HOUR,MINUTE,HARM_EV,MAN_COLL,UNITTYPE,HIT_RUN,REG_STAT,OWNER,MAKE,MODEL,MAK_MOD,BODY_TYP,MOD_YEAR,VIN,VIN_1,VIN_2,VIN_3,VIN_4,VIN_5,VIN_6,VIN_7,VIN_8,VIN_9,VIN_10,VIN_11,VIN_12,TOW_VEH,VINTYPE,VINMAKE,VINA_MOD,VIN_BT,VINMODYR,VIN_LNGT,VIN_WGT,WGTCD_TR,WHLBS_LG,WHLBS_SH,SER_TR,FUELCODE,MCYCL_DS,CARBUR,CYLINDER,DISPLACE,MCYCL_CY,MCYCL_WT,TIRE_SZE,TON_RAT,TRK_WT,TRKWTVAR,VIN_REST,WHLDRWHL,J_KNIFE,MCARR_I1,MCARR_I2,MCARR_ID,GVWR,V_CONFIG,CARGO_BT,HAZ_INV,HAZ_PLAC,HAZ_ID,HAZ_CNO,HAZ_REL,BUS_USE,SPEC_USE,EMER_USE,TRAV_SP,UNDERIDE,ROLLOVER,ROLINLOC,IMPACT1,IMPACT2,DEFORMED,TOWED,M_HARM,VEH_SC1,VEH_SC2,FIRE_EXP,DR_PRES,L_STATE,DR_ZIP,L_STATUS,L_TYPE,CDL_STAT,L_ENDORS,L_COMPL,L_RESTRI,DR_HGT,DR_WGT,PREV_ACC,PREV_SUS,PREV_DWI,PREV_SPD,PREV_OTH,FIRST_MO,FIRST_YR,LAST_MO,LAST_YR,SPEEDREL,DR_SF1,DR_SF2,DR_SF3,DR_SF4,VTRAFWAY,VNUM_LAN,VSPD_LIM,VALIGN,VPROFILE,VPAVETYP,VSURCOND,VTRAFCON,VTCONT_F,P_CRASH1,P_CRASH2,P_CRASH3,PCRASH4,PCRASH5,ACC_TYPE,DEATHS,DR_DRINK
51,510376,1,1,1,29,7,22,0,35,0,1,0,24,1,12,401,12401,14,1999,1FMDU34E5XZA,1,F,M,D,U,3,4,E,5,X,Z,A,0,P,FORD,EPR,UT,99,17,4128,,0,1116,,G,,F,6,245,,,15R225,,,,,,0,0,000000000,00000000000,0,0,0,1,0,0,0,0,0,0,0,70,0,1,3,11,11,6,2,1,0,0,0,1,24,20706,1,1,1,0,2,0,65,275,0,2,0,0,0,3,2009,6,2009,0,29,0,0,0,3,6,70,1,1,2,1,0,0,1,12,4,1,4,6,1,1
51,510378,1,1,2,4,7,3,39,33,0,1,0,51,1,52,37,52037,2,2009,4A3AK24F29E0,4,A,3,A,K,2,4,F,2,9,E,0,0,P,MITS,EGS,2H,9,17,3263,,0,1014,,G,,F,4,145,,,17R225,,,,,,0,0,000000000,00000000000,0,0,0,1,0,0,0,0,0,0,0,45,0,1,5,11,11,6,2,42,0,0,0,1,51,22015,6,1,0,0,3,0,70,225,0,0,0,1,0,10,2008,10,2008,0,29,0,0,0,2,4,45,1,1,2,1,0,0,1,10,2,1,4,6,1,1
51,510379,1,1,1,6,7,23,37,9,0,1,0,51,1,19,18,19018,4,2005,1G6DN56S9501,1,G,6,D,N,5,6,S,9,5,0,1,0,P,CADI,CTV,4D,5,17,3850,,0,1134,,G,,F,8,348,,,18R245,,,,,,0,0,000000000,00000000000,0,0,0,1,0,0,0,0,0,0,0,55,0,0,0,12,12,6,2,9,0,0,0,1,51,20105,6,1,0,0,3,0,70,175,0,0,0,1,0,6,2010,6,2010,0,0,0,0,0,2,4,55,1,1,2,1,0,0,1,83,1,1,1,13,0,0
51,510380,1,2,1,29,7,10,50,12,6,1,0,37,1,37,402,37402,14,2007,JHLRE48557C0,J,H,L,R,E,4,8,5,5,7,C,0,0,P,HOND,CRV,UT,7,17,3532,,0,1031,,G,,F,4,146,,,17R225,,,,,,0,0,000000000,00000000000,0,0,0,1,0,0,0,0,0,0,0,25,0,0,0,12,12,6,2,12,0,0,0,1,37,27320,6,1,0,0,3,0,69,999,0,0,0,0,0,0,0,0,0,0,39,0,0,0,1,4,35,1,1,2,1,3,3,1,17,1,1,1,88,0,0
51,510380,2,2,1,29,7,10,50,12,6,1,0,51,1,14,6,14006,4,1999,2MEFM75W1XX6,2,M,E,F,M,7,5,W,1,X,X,6,0,P,MERC,MGL,4D,99,17,3922,,0,1147,,G,,F,8,281,,,16R225,,,,,,0,0,000000000,00000000000,0,0,0,1,0,0,0,0,0,0,0,4,0,0,0,9,9,6,2,12,0,0,0,1,51,24054,6,1,0,0,3,0,71,250,0,0,0,1,0,4,2009,4,2009,0,0,0,0,0,1,4,35,1,1,2,1,3,3,4,66,1,1,1,89,1,0
51,510381,1,1,3,14,7,16,55,42,0,1,0,51,2,20,22,20022,4,2005,1G1AL52F6575,1,G,1,A,L,5,2,F,6,5,7,5,0,P,CHEV,BLS,4D,5,17,3216,,0,1033,,G,,F,4,134,,,15R195,,,,,,0,0,000000000,00000000000,0,0,0,1,0,0,0,0,0,0,0,50,0,0,0,12,12,6,2,42,0,0,0,1,51,24120,6,7,0,0,3,1,69,158,0,0,0,0,0,0,0,0,0,0,83,0,0,0,1,2,55,1,2,2,1,0,0,1,87,7,1,4,3,1,0
51,510382,1,1,2,3,7,23,30,35,0,1,0,51,1,12,481,12481,31,1986,2FTEF14YXGCB,2,F,T,E,F,1,4,Y,X,G,C,B,0,T,FORD,F15,PK,86,17,,2,1330,1170,COF,G,,,6,300,,,,B,4013,00,A,44,0,0,000000000,00000000000,0,0,0,1,0,0,0,0,0,0,0,20,0,1,5,12,12,6,2,1,0,0,0,1,51,24426,6,1,0,0,3,3,71,155,1,1,0,0,0,5,2010,11,2010,0,29,0,0,0,1,2,35,2,2,5,1,0,0,14,12,1,1,4,6,1,1
51,510383,1,2,1,31,7,22,17,12,2,1,0,51,2,38,402,38402,14,2000,4S2DM58W4Y43,4,S,2,D,M,5,8,W,4,Y,4,3,0,P,ISU,ROD,UT,0,17,4104,,0,1064,,G,,F,6,195,,,16R245,,,,,,0,0,000000000,00000000000,0,0,0,1,0,0,0,0,0,0,0,45,0,0,0,12,12,6,2,12,0,0,0,1,51,22701,0,0,0,0,0,0,67,155,0,0,0,0,0,0,0,0,0,0,51,0,0,0,1,2,45,2,2,2,1,0,0,14,10,1,1,1,50,0,1
51,510383,2,2,4,31,7,22,17,12,2,1,0,51,2,13,5,13005,4,1995,1LNLM81W6SY6,1,L,N,L,M,8,1,W,6,S,Y,6,0,P,LINC,EXC,4D,95,17,4031,,0,1174,,G,,F,8,281,,,15R215,,,,,,0,0,000000000,00000000000,0,0,0,1,0,0,0,0,0,0,0,45,0,0,0,12,12,6,2,12,0,0,0,1,51,20119,6,1,0,0,3,0,70,155,0,0,0,2,0,2,2010,9,2010,0,0,0,0,0,1,2,45,3,2,2,1,0,0,14,54,1,1,1,51,1,0
51,510384,1,3,1,15,5,22,30,12,1,1,0,6,1,63,35,63035,4,2005,KNALD1248550,K,N,A,L,D,1,2,4,8,5,5,0,0,P,KIA,AV6,4D,5,17,4021,,0,1102,,G,,F,6,213,,,16R225,,,,,,0,0,000000000,00000000000,0,0,0,1,0,0,0,0,0,0,0,55,0,1,5,12,12,6,2,8,0,0,0,1,51,22312,0,0,0,0,0,0,999,999,99,99,99,99,99,99,9999,99,9999,0,84,0,0,0,2,6,55,1,1,2,1,3,3,1,50,1,1,1,98,0,0
51,510384,2,3,1,15,5,22,30,12,1,1,1,99,9,99,999,99999,99,9999,999999999999,9,9,9,9,9,9,9,9,9,9,9,9,9,,,,,,,,,,,,,,,,,,,,,,,,,0,99,999999999,99999999999,9,99,99,1,0,0,0,0,0,0,0,999,9,0,0,12,12,9,1,8,0,0,0,1,99,99999,9,9,99,9,9,9,999,999,99,99,99,99,99,99,9999,99,9999,0,85,0,0,0,2,6,55,1,1,2,1,3,3,1,80,1,1,1,98,0,0
51,510384,3,3,0,15,5,22,30,12,1,1,0,51,6,41,35,41035,4,1999,JM1BJ2229X01,J,M,1,B,J,2,2,2,9,X,0,1,0,P,MAZD,PDL,4D,99,17,2449,,0,1028,,G,,F,4,097,,,14R185,,,,,,0,0,000000000,00000000000,0,0,0,1,0,0,0,0,0,0,0,0,0,0,0,6,6,6,2,12,0,0,0,0,0,99997,7,6,97,7,6,7,998,997,998,998,998,998,998,98,9998,98,9998,8,54,0,0,0,2,6,55,1,1,2,1,0,0,0,98,0,0,0,98,0,0
51,510385,1,2,1,1,8,17,8,12,6,1,0,51,3,12,481,12481,31,2007,1FTPW14V07KB,1,F,T,P,W,1,4,V,0,7,K,B,0,T,FORD,F1S,CW,7,17,,2,0,1390,COF,F,,,8,329,,,,B,5476,01,E,44,0,0,000000000,00000000000,0,0,0,1,0,0,0,0,0,0,0,998,0,0,0,9,9,6,2,12,0,0,0,1,51,22655,6,1,0,0,3,0,73,250,0,0,0,0,1,3,2010,3,2010,0,38,0,0,0,1,4,35,1,1,2,2,20,3,1,17,1,1,1,89,0,0
51,510385,2,2,1,1,8,17,8,12,6,1,0,51,1,72,706,72706,80,1998,1HD1BKL12WY0,1,H,D,1,B,K,L,1,2,W,Y,0,0,M,HD,XTC,RS,98,17,,,,,,,1340,,2,,4,613,,,,,,,0,0,000000000,00000000000,0,0,0,1,0,0,0,0,0,0,0,35,0,0,0,12,12,6,2,12,0,0,0,1,51,20175,6,1,0,0,3,0,75,260,0,0,0,0,0,0,0,0,0,0,0,0,0,0,1,4,35,1,1,2,2,0,0,1,66,4,1,1,88,1,0
51,510386,1,1,4,1,8,22,14,34,0,1,0,51,1,18,7,18007,4,1996,1G4AG55M6T64,1,G,4,A,G,5,5,M,6,T,6,4,0,P,BUIC,CSL,4D,96,17,2951,,0,1049,,G,,F,6,191,,,14R185,,,,,,0,0,000000000,00000000000,0,0,0,1,0,0,0,0,0,0,0,65,0,1,5,12,12,6,2,1,0,0,0,1,51,23341,6,1,0,0,3,0,65,130,0,0,0,0,0,0,0,0,0,1,29,0,0,0,1,2,35,3,1,2,1,0,0,14,13,1,1,4,1,2,1
51,510387,1,1,1,1,8,21,15,42,0,1,0,51,1,12,481,12481,31,2004,2FTRX18W44CA,2,F,T,R,X,1,8,W,4,4,C,A,0,T,FORD,HER,4C,4,17,,2,1570,1390,COF,G,,,8,281,,,,B,4740,00,U,44,0,0,000000000,00000000000,0,0,0,1,0,0,0,0,0,0,0,60,0,0,0,12,12,6,2,42,0,0,0,1,51,24538,6,1,0,0,3,0,74,200,0,0,0,0,0,0,0,0,0,1,29,0,0,0,1,2,55,1,2,2,1,0,0,1,12,1,1,4,6,1,1
51,510388,1,1,1,3,8,17,3,42,0,1,0,51,1,20,481,20481,31,1994,1GCGK24K9RE2,1,G,C,G,K,2,4,K,9,R,E,2,0,T,CHEV,GK2,PK,94,17,,2,0,1315,GM4,G,,,8,350,,,,C,4021,00,,44,0,0,000000000,00000000000,0,0,0,1,0,0,0,0,0,0,0,40,0,0,0,11,12,6,2,42,0,0,0,1,51,24521,6,1,6,0,3,0,70,175,0,0,0,0,0,0,0,0,0,0,29,0,0,0,1,2,55,2,2,2,1,0,0,14,12,2,1,4,6,1,0
51,510389,1,1,3,3,8,18,10,1,0,1,0,51,1,12,401,12401,14,1997,1FMDU34E0VZA,1,F,M,D,U,3,4,E,0,V,Z,A,0,P,FORD,EPR,UT,97,17,4166,,0,1115,,G,,F,6,245,,,15R225,,,,,,0,0,000000000,00000000000,0,0,0,1,0,0,0,0,0,0,0,60,0,2,5,0,13,6,2,1,0,0,0,1,51,24541,6,1,6,0,3,0,66,165,0,0,0,1,0,6,2011,6,2011,0,29,58,0,0,2,4,60,1,2,2,1,0,0,1,13,8,1,4,1,1,0
51,510390,1,1,1,4,8,23,40,1,0,1,0,51,1,18,18,18018,4,1995,1G4NV55M3SC4,1,G,4,N,V,5,5,M,3,S,C,4,0,P,BUIC,SLG,4D,95,17,2941,,0,1034,,G,,F,6,191,,,14R195,,,,,,0,0,000000000,00000000000,0,0,0,1,0,0,0,0,0,0,0,70,0,2,5,0,3,6,2,1,0,0,0,1,51,23851,6,1,0,0,3,0,71,235,0,0,0,0,0,0,0,0,0,1,58,0,0,0,1,2,55,2,1,2,1,0,0,14,13,9,1,4,1,1,1
51,510391,1,1,1,4,8,6,35,8,0,1,0,51,2,86,899,86899,66,1999,1M1AA14Y7XW1,1,M,1,A,A,1,4,Y,7,X,W,1,1,T,MACK,CH6,TR,99,17,,8,0,0,600,D,,,6,728,,,,,00000,00,,64,1,57,00300522,5700300522,3,6,1,1,0,0,0,0,0,0,0,35,0,0,0,12,12,6,2,8,0,0,0,1,51,24087,6,1,6,0,3,0,71,210,0,0,0,0,0,0,0,0,0,0,29,0,0,0,3,6,45,1,1,2,1,0,0,1,80,4,1,1,13,0,0
51,510392,1,1,2,6,8,1,5,11,0,1,0,51,1,72,709,72709,80,1977,3A10288H7,3,A,1,0,2,8,8,H,7,,,,0,M,HD,XLH,RS,77,9,,,,,,,1000,,2,,4,504,,,,,,,0,0,000000000,00000000000,0,0,0,1,0,0,0,0,0,0,0,65,0,0,0,12,12,6,2,42,0,0,0,1,51,22824,6,1,0,0,3,0,60,110,0,0,0,1,0,2,2010,2,2010,1,29,0,0,0,1,2,55,1,1,2,1,0,0,1,87,1,1,1,13,1,1
51,510393,1,1,1,6,8,17,30,32,0,1,0,51,2,49,32,49032,4,2006,2T1BR32E86C6,2,T,1,B,R,3,2,E,8,6,C,6,0,P,TOYT,UCS,4D,6,17,2530,,0,1024,,G,,F,4,109,,,15R185,,,,,,0,0,000000000,00000000000,0,0,0,1,0,0,0,0,0,0,0,60,0,2,5,5,5,6,2,1,0,0,0,1,51,23842,6,1,0,0,3,0,69,220,0,0,0,0,0,0,0,0,0,1,29,0,0,0,1,2,45,2,2,2,1,0,0,14,13,1,1,4,1,1,0
51,510394,1,1,1,27,6,10,10,1,0,1,0,51,1,72,706,72706,80,1993,1HD1FAL15PY5,1,H,D,1,F,A,L,1,5,P,Y,5,0,M,HD,FHS,RS,93,17,,,,,,,1340,,2,,4,692,,,,,,,0,0,000000000,00000000000,0,0,0,1,0,0,0,0,0,0,0,30,0,0,0,0,1,6,2,1,0,0,0,1,51,24236,6,1,0,0,3,0,68,150,1,0,0,1,1,7,2010,11,2010,0,29,0,0,0,1,2,40,3,2,2,1,0,0,14,13,4,1,4,1,1,0
51,510395,1,1,1,24,8,2,50,8,0,1,1,99,9,99,999,99999,99,9999,999999999999,9,9,9,9,9,9,9,9,9,9,9,9,0,,,,,,,,,,,,,,,,,,,,,,,,,0,0,000000000,00000000000,0,0,0,1,0,0,0,0,0,0,0,999,0,0,0,98,98,8,1,8,0,0,0,1,99,99999,9,9,99,9,9,9,999,999,99,99,99,99,99,99,9999,99,9999,9,86,0,0,0,3,8,55,1,1,2,1,0,0,1,80,1,1,1,13,0,0
51,510396,1,1,2,8,7,18,12,42,0,1,0,51,2,48,45,48045,4,2008,4S4BP61C8873,4,S,4,B,P,6,1,C,8,8,7,3,0,P,SUBA,O2I,SW,8,17,3350,,0,1051,,G,,F,4,150,,,17R225,,,,,,0,0,000000000,00000000000,0,0,0,1,0,0,0,0,0,0,0,55,0,0,0,9,9,6,2,42,0,0,0,1,51,23185,6,2,0,0,3,0,63,110,0,0,0,0,0,0,0,0,0,0,58,0,0,0,1,2,55,1,1,2,1,0,0,1,13,9,7,4,2,1,0
51,510397,1,2,1,6,8,21,50,12,7,1,0,47,3,41,37,41037,4,2002,1YVGF22CX252,1,Y,V,G,F,2,2,C,X,2,5,2,0,P,MAZD,U6L,4D,2,17,2864,,0,1051,,G,,F,4,122,,,15R205,,,,,,0,0,000000000,00000000000,0,0,0,1,0,0,0,0,0,0,0,10,0,0,0,2,2,8,8,12,0,0,0,1,47,37620,6,1,0,0,3,0,67,210,0,0,0,0,0,0,0,0,0,0,0,0,0,0,3,3,25,1,1,2,1,3,3,1,53,1,1,1,44,1,0
51,510397,2,2,1,6,8,21,50,12,7,1,0,47,1,18,2,18002,4,2001,1G4HP54K0141,1,G,4,H,P,5,4,K,0,1,4,1,0,P,BUIC,LCF,4D,1,17,3567,,0,1122,,G,,F,6,231,,,15R215,,,,,,0,0,000000000,00000000000,0,0,0,1,0,0,0,0,0,0,0,5,0,0,0,7,7,4,8,12,0,0,0,1,47,37743,0,0,0,0,0,0,999,999,99,99,99,99,99,99,9999,99,9999,0,26,0,0,0,3,3,25,1,1,2,1,3,3,2,60,1,1,1,45,0,0
51,510398,1,2,1,8,8,5,35,12,6,1,0,51,3,12,870,12870,61,2002,1FDWE35F52HB,1,F,D,W,E,3,5,F,5,2,H,B,0,T,FORD,3DC,YY,2,17,,3,1760,1380,CTV,D,,,8,444,,,,,00000,00,E,42,0,51,1431695,511431695,2,1,1,1,0,0,0,0,0,0,0,55,0,0,0,12,12,6,2,12,0,0,0,1,51,23061,1,1,1,0,2,0,71,130,1,2,0,1,1,12,2009,8,2011,1,39,0,0,0,2,4,50,1,1,2,1,3,3,1,17,4,1,1,88,0,0
51,510398,2,2,1,8,8,5,35,12,6,1,0,22,1,55,37,55037,2,2006,KMHHM65D26U2,K,M,H,H,M,6,5,D,2,6,U,2,0,P,HYUN,TGS,CP,6,17,2898,,0,996,,G,,F,4,121,,,16R205,,,,,,0,0,000000000,00000000000,0,0,0,1,0,0,0,0,0,0,0,20,0,0,0,9,9,6,2,12,0,0,0,1,42,16820,6,1,0,0,3,0,70,999,0,0,0,0,0,0,0,0,0,0,0,0,0,0,2,4,50,1,1,2,1,3,3,3,62,1,1,1,89,1,1
51,510399,1,2,1,8,8,19,21,5,0,1,0,51,1,76,709,76709,80,2003,JH2PC37033M0,J,H,2,P,C,3,7,0,3,3,M,0,0,M,HOND,B60,RC,3,17,,,,,,,599,,4,,4,370,,,,,,,0,0,000000000,00000000000,0,0,0,1,0,0,0,0,0,0,0,57,0,0,0,0,12,6,2,5,0,0,0,1,51,24012,6,1,0,0,3,0,68,135,0,0,0,0,2,6,2011,6,2011,1,29,0,0,0,1,2,30,2,2,2,1,0,0,6,9,1,1,2,0,1,0
51,510399,2,2,1,8,8,19,21,5,0,1,0,51,1,35,402,35402,14,2000,5N1ED28Y9YC6,5,N,1,E,D,2,8,Y,9,Y,C,6,0,P,NISS,XTR,UT,0,17,3811,,0,1043,,G,,F,6,201,,,15R235,,,,,,0,0,000000000,00000000000,0,0,0,1,0,0,0,0,0,0,0,25,0,0,0,12,12,8,8,54,0,0,0,1,51,24179,6,1,0,0,3,0,69,160,0,0,0,0,0,0,0,0,0,1,0,0,0,0,1,2,30,3,2,2,1,0,0,14,62,1,1,1,98,0,0
51,510400,1,2,1,10,8,13,0,12,1,1,0,51,3,82,881,82881,66,2000,1FUPCDZB6YLF,1,F,U,P,C,D,Z,B,6,Y,L,F,1,T,FRHT,FLD,TR,0,17,,8,0,0,CON,D,,,6,855,,,,,00000,00,,64,1,51,11322500,5111322500,3,6,97,1,0,0,0,0,0,0,0,50,0,0,0,12,12,6,2,12,0,0,0,1,51,24224,6,1,6,0,3,0,72,229,0,0,0,0,0,0,0,0,0,0,29,0,0,0,2,4,55,1,1,2,1,0,0,1,51,2,1,1,24,0,0
51,510400,2,2,1,10,8,13,0,12,1,1,0,0,0,99,998,99998,92,1996,999999999999,9,9,9,9,9,9,9,9,9,9,9,9,0,,,,,,,,,,,,,,,,,,,,,,,,,0,0,000000000,00000000000,0,0,0,1,0,0,0,0,0,0,0,5,0,1,5,6,6,6,2,12,42,0,0,1,51,24271,6,1,6,0,3,0,76,280,0,0,0,2,0,11,2009,8,2011,0,0,0,0,0,2,4,55,1,1,2,1,0,0,1,53,99,1,1,25,1,0
51,510401,1,2,7,8,8,20,5,1,0,1,0,51,2,12,442,12442,20,1997,2FMDA5142VBC,2,F,M,D,A,5,1,4,2,V,B,C,0,T,FORD,WWG,ES,97,17,,1,0,1207,WIN,G,,,6,232,,,,B,3710,02,E,42,0,0,000000000,00000000000,0,0,0,1,0,0,0,0,0,0,0,50,0,2,1,0,6,6,2,1,0,0,0,1,51,23663,6,1,0,0,3,0,70,165,0,2,0,0,0,2,2010,2,2010,0,58,0,0,0,1,2,55,3,1,2,1,0,0,14,13,1,1,1,98,1,0
51,510401,2,2,1,8,8,20,5,1,0,1,0,51,1,84,881,84881,63,1999,1HTSHADR3XH6,1,H,T,S,H,A,D,R,3,X,H,6,0,T,INTL,490,CC,99,17,,8,2540,1520,40S,D,,,6,530,,,,,00000,00,,64,0,99,999999999,99999999999,3,2,4,1,0,0,0,0,0,0,0,40,0,0,0,1,1,6,2,12,0,0,0,1,51,23188,6,1,6,0,3,0,71,218,0,0,0,0,0,0,0,0,0,0,0,0,0,0,1,2,55,2,1,2,1,0,0,14,54,3,1,1,98,0,0
51,510402,1,1,1,6,8,19,29,43,0,1,0,24,1,37,709,37709,80,2003,1HFSC46083A1,1,H,F,S,C,4,6,0,8,3,A,1,0,M,HOND,XT8,RS,3,17,,,,,,,1795,,2,,4,705,,,,,,,0,0,000000000,00000000000,0,0,0,1,0,0,0,0,0,0,0,60,0,0,0,1,1,6,2,1,0,0,0,1,24,20882,6,1,6,0,3,0,73,160,0,0,0,0,0,0,0,0,0,1,29,0,0,0,1,2,55,3,1,2,1,0,0,14,13,1,1,4,1,1,1
51,510403,1,2,1,11,8,10,40,12,7,1,0,51,3,86,899,86899,66,2002,R62080407200,R,6,2,0,8,0,4,0,7,2,0,0,1,T,MACK,,,2,17,,,,,,,,,,,,,,,,,,,1,51,76082900,5176082900,3,6,1,1,0,0,0,0,0,0,0,70,0,1,3,4,4,6,2,1,0,0,0,1,51,22812,6,1,6,1,3,0,69,302,0,0,0,0,0,0,0,0,0,0,28,0,0,0,2,4,70,1,1,2,1,0,0,1,8,2,1,2,44,0,0
51,510403,2,2,4,11,8,10,40,12,7,1,0,51,2,20,37,20037,4,2010,1G1ZB5EB6AF2,1,G,1,Z,B,5,E,B,6,A,F,2,0,P,CHEV,M/L,4D,10,17,3415,,0,1123,,G,,F,4,146,,,17R215,,,,,,0,0,000000000,00000000000,0,0,0,1,0,0,0,0,0,0,0,70,0,1,3,9,9,6,2,1,0,0,0,1,51,22802,6,7,0,0,3,3,68,275,0,0,0,0,0,0,0,0,0,0,0,0,0,0,2,4,70,1,1,2,1,0,0,1,60,1,1,1,45,1,0
51,510404,1,1,1,12,8,0,25,30,0,1,0,54,1,20,481,20481,31,2000,2GCEK19TXY13,2,G,C,E,K,1,9,T,X,Y,1,3,0,T,CHEV,SK1,3C,0,17,,2,1575,1435,SIL,G,,,8,325,,,,B,4621,02,,44,0,0,000000000,00000000000,0,0,0,1,0,0,0,0,0,0,0,70,0,1,5,11,11,6,2,1,0,0,0,1,51,22603,6,1,0,0,3,0,70,185,0,0,0,0,0,0,0,0,0,1,29,0,0,0,1,4,55,3,3,2,1,0,0,14,13,3,1,4,1,1,1
51,510405,1,2,1,4,8,10,18,12,6,1,0,51,1,49,401,49401,14,2002,JT3HN86R4290,J,T,3,H,N,8,6,R,4,2,9,0,0,P,TOYT,RUN,UT,2,17,4070,,0,1053,,G,,F,6,206,,,15R225,,,,,,0,0,000000000,00000000000,0,0,0,1,0,0,0,0,0,0,0,35,0,0,0,12,12,6,2,12,0,0,0,1,51,23453,6,1,0,0,3,0,59,120,0,0,0,0,0,0,0,0,0,0,39,0,0,0,1,4,35,1,1,2,1,3,3,1,16,1,1,1,88,0,0
51,510405,2,2,2,4,8,10,18,12,6,1,0,51,1,12,35,12035,4,1998,1FAFP66L3WK3,1,F,A,F,P,6,6,L,3,W,K,3,0,P,FORD,LSS,4D,98,17,2864,,0,1065,,G,,F,6,155,,,15R205,,,,,,0,0,000000000,00000000000,0,0,0,1,0,0,0,0,0,0,0,15,0,0,0,9,9,6,2,12,0,0,0,1,51,23455,6,1,0,0,3,0,66,150,0,0,0,0,0,0,0,0,0,0,0,0,0,0,1,4,35,1,1,2,1,3,3,4,66,1,1,1,89,1,0
51,510406,1,1,1,12,8,21,16,8,0,1,0,51,1,37,31,37031,4,1997,1HGEJ6225VL0,1,H,G,E,J,6,2,2,5,V,L,0,0,P,HOND,UCD,CP,97,17,2337,,0,1032,,G,,F,4,097,,,14R185,,,,,,0,0,000000000,00000000000,0,0,0,1,0,0,0,0,0,0,0,45,0,0,0,12,12,2,3,8,0,0,0,1,51,23462,6,1,0,0,3,3,65,125,1,3,1,0,1,3,2010,7,2011,0,0,0,0,0,3,4,45,1,1,2,1,0,0,1,80,1,1,1,13,0,0
51,510407,1,2,1,12,8,16,50,12,2,1,0,51,1,73,703,73703,80,2004,JKAEXMF154DA,J,K,A,E,X,M,F,1,5,4,D,A,0,M,KAWK,EXF,RC,4,17,,,,,,,250,,2,,4,304,,,,,,,0,0,000000000,00000000000,0,0,0,1,0,0,0,0,0,0,0,55,0,0,0,12,12,6,2,12,0,0,0,1,51,22610,6,1,0,0,2,0,64,125,0,0,0,0,1,9,2009,9,2009,0,51,0,0,0,1,2,55,2,1,2,1,0,0,14,10,1,1,1,50,1,0
51,510407,2,2,1,12,8,16,50,12,2,1,0,51,1,12,471,12471,30,1997,1FTCR10A2VTA,1,F,T,C,R,1,0,A,2,V,T,A,0,T,FORD,RNG,PK,97,17,,1,1140,1080,RNG,G,,,4,140,,,,B,2970,01,E,42,0,0,000000000,00000000000,0,0,0,1,0,0,0,0,0,0,0,45,0,0,0,12,12,6,2,12,0,0,0,1,51,22650,6,1,0,0,3,0,74,135,0,0,0,1,0,6,2009,6,2009,0,0,0,0,0,1,2,55,3,1,2,1,0,0,14,54,4,1,1,51,0,0
51,510408,1,1,1,14,8,18,50,1,0,1,0,51,3,98,882,98882,63,1985,1CYDCG286FT0,1,C,Y,D,C,G,2,8,6,F,T,0,0,U,,,,85,17,,,,,,,,,,,,,,,,,,,0,88,888888888,88888888888,3,2,96,1,0,0,0,0,0,0,0,45,0,2,5,0,3,6,2,1,42,0,0,1,51,24577,6,1,6,0,3,0,67,264,1,0,0,0,1,7,2009,7,2010,0,29,0,0,0,1,2,55,1,2,2,1,0,0,1,13,1,1,4,1,1,0
51,510409,1,1,4,13,8,23,48,14,0,1,0,54,2,37,32,37032,2,1997,1HGCD7253VA0,1,H,G,C,D,7,2,5,3,V,A,0,0,P,HOND,UEX,CP,97,17,2930,,0,1069,,G,,F,4,132,,,15R195,,,,,,0,0,000000000,00000000000,0,0,0,1,0,0,0,0,0,0,0,998,0,1,5,11,1,6,2,1,0,0,0,1,54,24701,6,1,0,0,3,0,67,170,0,0,0,0,0,0,0,0,0,0,58,0,0,0,1,2,45,2,2,2,2,0,0,14,13,3,1,4,4,2,1
51,510410,1,1,4,12,8,23,15,1,0,1,0,4,3,23,461,23461,21,2008,1GDGG31C0819,1,G,D,G,G,3,1,C,0,8,1,9,0,T,GMC,SCT,YY,8,17,,2,1770,1390,STV,G,,,8,293,,,,D,4528,04,E,42,0,0,000000000,00000000000,0,0,0,1,0,0,0,0,0,0,0,70,0,2,1,0,0,6,2,1,0,0,0,1,47,37160,6,1,0,0,3,0,68,140,0,0,0,0,0,0,0,0,0,1,29,0,0,0,3,5,65,3,1,2,1,0,0,14,12,2,7,2,98,1,0
51,510411,1,1,1,12,8,17,17,34,0,1,0,51,2,12,16,12016,4,1992,2FACP74W9NX1,2,F,A,C,P,7,4,W,9,N,X,1,0,P,FORD,CVL,4D,92,17,3769,,0,1144,,G,,F,8,281,,,15R215,,,,,,0,0,000000000,00000000000,0,0,0,1,0,0,0,0,0,0,0,100,0,1,5,11,11,6,2,42,0,0,0,1,51,23821,1,1,0,0,2,0,999,999,0,3,0,0,0,11,2008,5,2011,1,37,0,0,0,1,2,55,2,3,2,1,0,0,14,13,2,1,4,1,1,0