STATE,ST_CASE,VEH_NO,VE_FORMS,NUMOCCS,DAY,MONTH,HOUR,MINUTE,HARM_EV,MAN_COLL,UNITTYPE,HIT_RUN,REG_STAT,OWNER,MAKE,MODEL,MAK_MOD,BODY_TYP,MOD_YEAR,VIN,VIN_1,VIN_2,VIN_3,VIN_4,VIN_5,VIN_6,VIN_7,VIN_8,VIN_9,VIN_10,VIN_11,VIN_12,TOW_VEH,VINTYPE,VINMAKE,VINA_MOD,VIN_BT,VINMODYR,VIN_LNGT,VIN_WGT,WGTCD_TR,WHLBS_LG,WHLBS_SH,SER_TR,FUELCODE,MCYCL_DS,CARBUR,CYLINDER,DISPLACE,MCYCL_CY,MCYCL_WT,TIRE_SZE,TON_RAT,TRK_WT,TRKWTVAR,VIN_REST,WHLDRWHL,J_KNIFE,MCARR_I1,MCARR_I2,MCARR_ID,GVWR,V_CONFIG,CARGO_BT,HAZ_INV,HAZ_PLAC,HAZ_ID,HAZ_CNO,HAZ_REL,BUS_USE,SPEC_USE,EMER_USE,TRAV_SP,UNDERIDE,ROLLOVER,ROLINLOC,IMPACT1,IMPACT2,DEFORMED,TOWED,M_HARM,VEH_SC1,VEH_SC2,FIRE_EXP,DR_PRES,L_STATE,DR_ZIP,L_STATUS,L_TYPE,CDL_STAT,L_ENDORS,L_COMPL,L_RESTRI,DR_HGT,DR_WGT,PREV_ACC,PREV_SUS,PREV_DWI,PREV_SPD,PREV_OTH,FIRST_MO,FIRST_YR,LAST_MO,LAST_YR,SPEEDREL,DR_SF1,DR_SF2,DR_SF3,DR_SF4,VTRAFWAY,VNUM_LAN,VSPD_LIM,VALIGN,VPROFILE,VPAVETYP,VSURCOND,VTRAFCON,VTCONT_F,P_CRASH1,P_CRASH2,P_CRASH3,PCRASH4,PCRASH5,ACC_TYPE,DEATHS,DR_DRINK
51,510446,1,1,1,23,8,17,31,8,0,1,0,24,2,52,882,52882,62,2000,JW6DEM1E3YM0,J,W,6,D,E,M,1,E,3,Y,M,0,0,T,MIFU,M17,TB,0,17,,6,0,0,FM6,D,,,6,460,,,,,00000,00,,42,0,24,00254513,2400254513,2,2,1,1,0,0,0,0,0,0,0,20,0,0,0,12,12,6,2,8,0,0,0,1,24,20878,6,1,0,0,3,0,69,200,0,0,0,0,0,0,0,0,0,0,0,0,0,0,3,6,35,1,1,2,1,0,0,1,81,2,1,1,13,0,0
51,510447,1,1,1,24,8,19,54,11,0,1,0,51,1,72,706,72706,80,1994,1HD1BJL47RY0,1,H,D,1,B,J,L,4,7,R,Y,0,0,M,HD,STC,RS,94,17,,,,,,,1340,,2,,4,710,,,,,,,0,0,000000000,00000000000,0,0,0,1,0,0,0,0,0,0,0,53,0,0,0,12,10,6,2,5,0,0,0,1,51,22204,6,1,0,0,3,0,67,152,1,0,0,0,2,4,2010,6,2010,1,39,0,0,0,1,2,30,1,2,2,1,0,0,1,87,3,1,1,13,1,0
51,510448,1,1,2,25,8,12,10,42,0,1,0,51,1,20,39,20039,4,2010,KL1TD5DE3AB1,K,L,1,T,D,5,D,E,3,A,B,1,0,P,CHEV,LTS,4D,10,17,2568,,0,976,,G,,F,4,098,,,14R185,,,,,,0,0,000000000,00000000000,0,0,0,1,0,0,0,0,0,0,0,60,0,0,0,3,3,6,2,42,0,0,0,1,51,24439,6,1,0,0,3,3,62,135,0,0,0,0,0,0,0,0,0,1,29,0,0,0,1,2,55,3,1,2,1,0,0,14,13,1,1,4,1,1,0
51,510449,1,1,2,25,8,23,52,25,0,1,0,51,1,35,401,35401,14,1993,JN8HD17Y1PW1,J,N,8,H,D,1,7,Y,1,P,W,1,0,P,NISS,PFI,UT,93,17,3912,,0,1043,,G,,F,6,181,,,000000,,,,,,0,0,000000000,00000000000,0,0,0,1,0,0,0,0,0,0,0,60,0,1,2,11,11,6,2,1,0,0,0,1,51,23606,0,0,0,0,0,0,999,999,99,99,99,99,99,99,9999,99,9999,1,29,0,0,0,3,4,55,1,2,2,2,0,0,1,12,1,1,4,6,1,0
51,510450,1,2,1,26,8,20,0,12,2,1,0,51,2,12,401,12401,14,1999,1FMDU34E3XUB,1,F,M,D,U,3,4,E,3,X,U,B,0,P,FORD,EPR,UT,99,17,4128,,0,1116,,G,,F,6,245,,,15R225,,,,,,0,0,000000000,00000000000,0,0,0,1,0,0,0,0,0,0,0,65,0,0,0,12,12,6,2,12,0,0,0,1,51,24504,1,1,0,0,2,0,66,147,0,2,0,0,0,4,2009,3,2010,1,51,0,0,0,1,2,55,2,1,2,1,0,0,14,10,2,1,1,50,1,0
51,510450,2,2,1,26,8,20,0,12,2,1,0,33,1,7,482,7482,31,1999,1B7HF13Y2XJ6,1,B,7,H,F,1,3,Y,2,X,J,6,0,T,DODG,Q15,4C,99,17,,2,1547,1387,RPC,G,,,8,318,,,,B,4956,01,U,44,0,0,000000000,00000000000,0,0,0,1,0,0,0,0,0,0,0,55,0,0,0,12,12,6,2,12,0,0,0,1,51,24586,6,1,0,0,3,0,70,140,0,0,0,0,0,0,0,0,0,0,0,0,0,0,1,2,55,3,1,2,1,0,0,14,62,1,1,1,51,1,0
51,510451,1,1,1,27,8,4,35,42,0,1,0,51,2,49,40,49040,4,1999,JT2BF22K9X01,J,T,2,B,F,2,2,K,9,X,0,1,0,P,TOYT,XLL,4D,99,17,3175,,0,1051,,G,,F,6,183,,,15R205,,,,,,0,0,000000000,00000000000,0,0,0,1,0,0,0,0,0,0,0,45,0,0,0,11,11,6,2,42,0,0,0,1,51,22407,6,1,0,0,3,0,71,210,0,1,0,0,0,9,2010,9,2010,0,29,0,0,0,1,2,45,2,1,2,1,0,0,14,12,1,1,4,6,1,0
51,510452,1,1,3,28,8,10,34,25,0,1,0,51,2,37,31,37031,4,1993,2HGEJ224XPH5,2,H,G,E,J,2,2,4,X,P,H,5,0,P,HOND,CID,CP,93,17,2224,,0,1013,,G,,F,4,091,,,13R175,,,,,,0,0,000000000,00000000000,0,0,0,1,0,0,0,0,0,0,0,60,0,1,3,1,1,6,2,1,0,0,0,1,51,23223,6,1,0,0,3,0,65,120,0,0,0,1,0,10,2010,10,2010,0,58,85,0,0,3,3,60,2,2,2,1,0,0,14,61,8,7,4,2,1,0
51,510453,1,1,1,29,8,9,30,1,0,1,0,51,1,2,404,2404,14,2002,1J4GW58S32C1,1,J,4,G,W,5,8,S,3,2,C,1,0,T,JEEP,LMT,4W,2,17,,1,0,1059,GCK,G,,,6,244,,,,,3980,01,E,44,0,0,000000000,00000000000,0,0,0,1,0,0,0,0,0,0,0,999,0,2,1,0,0,6,2,1,0,0,0,1,51,24283,6,1,0,0,3,0,75,205,0,0,0,0,0,0,0,0,0,1,28,0,0,0,1,4,55,1,2,2,1,28,3,6,53,6,7,2,98,1,0
51,510454,1,2,1,31,8,20,37,12,6,1,1,51,1,51,43,51043,4,1998,YV1LS5578W14,Y,V,1,L,S,5,5,7,8,W,1,4,0,P,VOLV,S70,4D,98,17,3152,,0,1049,,G,,F,5,149,,,15R195,,,,,,0,0,000000000,00000000000,0,0,0,1,0,0,0,0,0,0,0,15,0,0,0,5,5,6,2,12,0,0,0,1,51,23518,6,1,0,0,3,0,67,157,0,0,0,0,0,0,0,0,0,0,38,0,0,0,3,4,35,1,1,2,1,0,0,11,15,1,1,1,68,0,1
51,510454,2,2,1,31,8,20,37,12,6,1,0,51,1,72,706,72706,80,2011,1HD4CR210BC4,1,H,D,4,C,R,2,1,0,B,C,4,0,M,HD,XLL,RS,11,17,,,,,,,883,,2,,4,536,,,,,,,0,0,000000000,00000000000,0,0,0,1,0,0,0,0,0,0,0,999,0,0,0,12,3,6,2,12,0,0,0,1,51,23510,0,0,0,0,0,0,67,175,0,0,0,0,0,0,0,0,0,0,0,0,0,0,3,4,35,1,1,2,1,0,0,1,67,3,2,1,69,1,1
51,510455,1,1,1,25,8,18,31,9,0,1,0,51,1,35,471,35471,30,1990,1N6HD16Y1LC3,1,N,6,H,D,1,6,Y,1,L,C,3,0,T,NISS,U4K,PC,90,17,,1,0,1161,D21,G,,,6,181,,,,B,3740,01,A,44,0,0,000000000,00000000000,0,0,0,1,0,0,0,0,0,0,0,30,0,0,0,2,2,2,1,9,0,0,0,1,51,23103,6,1,0,0,3,0,68,170,0,0,0,0,0,0,0,0,0,0,38,0,0,0,1,2,45,1,1,2,2,0,0,11,83,1,1,1,13,0,0
51,510456,1,1,1,29,8,21,12,31,0,1,0,51,2,37,706,37706,80,1996,JH2SC3300TM0,J,H,2,S,C,3,3,0,0,T,M,0,0,M,HOND,CR9,RC,96,17,,,,,,,919,,4,,4,407,,,,,,,0,0,000000000,00000000000,0,0,0,1,0,0,0,0,0,0,0,50,0,0,0,12,12,6,2,31,0,0,0,1,51,22407,6,1,0,0,3,0,68,318,0,1,0,0,2,10,2010,7,2011,1,29,0,0,0,1,2,25,3,2,2,1,0,0,6,8,3,2,4,2,1,1
51,510457,1,1,1,8,8,13,13,1,0,1,0,1,1,72,706,72706,80,2003,1HD1FVW113Y7,1,H,D,1,F,V,W,1,1,3,Y,7,0,M,HD,IUA,RS,3,17,,,,,,,1450,,2,,4,758,,,,,,,0,0,000000000,00000000000,0,0,0,1,0,0,0,0,0,0,0,60,0,0,0,0,1,6,2,5,0,0,0,1,1,35111,6,1,0,0,3,0,73,235,0,0,0,0,0,0,0,0,0,0,29,0,0,0,3,6,65,1,1,2,1,0,0,1,8,3,2,4,2,1,0
51,510458,1,1,1,11,8,12,25,9,0,1,0,51,1,20,481,20481,31,2004,1GCEC19T24E3,1,G,C,E,C,1,9,T,2,4,E,3,0,T,CHEV,SC1,4C,4,17,,2,1575,1435,SIL,G,,,8,325,,,,B,4555,00,,42,0,0,000000000,00000000000,0,0,0,1,0,0,0,0,0,0,0,55,0,0,0,12,12,6,2,9,0,0,0,1,51,22580,6,1,0,0,3,0,69,165,0,0,0,1,1,8,2009,2,2010,0,0,0,0,0,1,4,55,1,2,2,1,0,0,1,83,1,1,1,13,0,0
51,510459,1,2,1,29,8,16,10,12,7,1,0,39,3,82,881,82881,66,1996,1FUPCSZB1TH6,1,F,U,P,C,S,Z,B,1,T,H,6,1,T,FRHT,FLD,TR,96,17,,8,0,0,CON,D,,,6,774,,,,,00000,00,,64,1,39,00081363,3900081363,3,6,3,1,0,0,0,0,0,0,0,70,0,0,0,10,10,2,1,12,0,0,0,1,99,99999,9,9,99,9,9,9,999,999,99,99,99,99,99,99,9999,99,9999,0,0,0,0,0,2,4,70,1,1,2,1,0,0,1,60,1,1,1,44,0,0
51,510459,2,2,2,29,8,16,10,12,7,1,0,51,2,58,35,58035,4,1998,JNKCA21A6WT6,J,N,K,C,A,2,1,A,6,W,T,6,0,P,INFI,I30,4D,98,17,3164,,0,1063,,G,,F,6,182,,,16R215,,,,,,0,0,000000000,00000000000,0,0,0,1,0,0,0,0,0,0,0,75,0,1,3,1,1,6,2,1,0,0,0,1,51,22649,6,2,0,0,3,0,60,98,0,0,0,0,0,0,0,0,0,0,29,0,0,0,2,4,70,1,1,2,1,0,0,1,13,3,1,6,45,1,0
51,510460,1,3,1,31,8,6,21,12,2,1,0,51,2,20,481,20481,31,2008,2GCEC19C9813,2,G,C,E,C,1,9,C,9,8,1,3,0,T,CHEV,SC1,4C,8,17,,2,1575,1339,SIL,G,,,8,293,,,,B,4870,03,,42,0,0,000000000,00000000000,0,0,0,1,0,0,0,0,0,0,0,40,0,0,0,12,12,6,2,12,0,0,0,1,51,20147,6,1,0,0,3,0,66,290,0,0,0,1,2,2,2009,7,2011,0,51,0,0,0,1,2,55,3,2,2,1,0,0,14,10,2,1,1,50,1,0
51,510460,2,3,1,31,8,6,21,12,2,1,0,24,1,35,471,35471,30,1997,1N6SD11S7VC3,1,N,6,S,D,1,1,S,7,V,C,3,0,T,NISS,XES,PK,97,17,,1,0,1043,TRK,G,,,4,146,,,,B,2718,01,M,42,0,0,000000000,00000000000,0,0,0,1,0,0,0,0,0,0,0,45,0,0,0,12,12,6,2,12,0,0,0,1,24,21716,6,1,0,0,3,0,70,125,0,0,0,0,0,0,0,0,0,0,0,0,0,0,1,2,55,2,2,2,1,0,0,14,62,1,1,1,98,0,0
51,510460,3,3,1,31,8,6,21,12,2,1,0,24,2,12,461,12461,21,2004,1FTSE34L14HA,1,F,T,S,E,3,4,L,1,4,H,A,0,T,FORD,3SD,CG,4,17,,2,0,1380,VAN,G,,,8,330,,,,D,00000,00,E,42,0,0,000000000,00000000000,0,0,0,1,0,0,0,0,0,0,0,45,0,1,1,12,12,6,2,1,0,0,0,1,24,21157,9,9,99,9,9,9,999,999,99,99,99,99,99,99,9999,99,9999,0,0,0,0,0,1,2,55,2,2,2,1,0,0,14,62,2,1,1,51,0,0
51,510461,1,2,1,30,8,18,41,59,0,1,0,51,1,38,882,38882,61,1999,J8DC4B14XX70,J,8,D,C,4,B,1,4,X,X,7,0,0,T,GMC,W45,TB,99,17,,4,0,0,4/5,D,,,4,290,,,,,00000,00,,42,0,57,429276,57429276,2,1,1,1,0,0,0,0,0,0,0,999,0,0,0,12,12,6,2,12,0,0,0,1,51,23112,1,1,0,0,2,0,65,170,0,3,0,0,0,11,2009,11,2009,0,29,0,0,0,3,4,45,1,2,2,1,0,0,1,12,1,1,4,6,1,0
51,510461,2,2,2,30,8,18,41,59,0,1,0,51,3,23,422,23422,15,2007,1GKFK16377J1,1,G,K,F,K,1,6,3,7,7,J,1,0,T,GMC,KX1,4W,7,17,,2,0,1300,YUK,F,,,8,323,,,,B,5745,00,S,44,0,0,000000000,00000000000,0,0,0,1,0,0,0,0,0,0,0,45,0,0,0,99,99,9,9,12,0,0,0,1,51,23235,6,1,0,0,3,0,79,280,0,0,0,1,0,9,2009,9,2009,0,0,0,0,0,3,4,45,1,2,2,1,0,0,1,62,1,1,2,98,0,0
51,510462,1,2,1,19,8,9,55,12,6,1,0,51,1,7,482,7482,31,1998,2B5WB35Z1WK1,2,B,5,W,B,3,5,Z,1,W,K,1,0,P,DODG,RMW,SV,98,17,5379,,0,1272,,G,,F,8,360,,,000000,,,,,,0,0,000000000,00000000000,0,0,0,1,0,0,0,0,0,0,0,30,0,0,0,12,12,6,2,12,0,0,0,1,51,22546,6,1,6,0,3,0,73,195,0,0,0,0,0,0,0,0,0,0,39,0,0,0,1,2,45,1,1,2,1,20,3,1,17,4,1,1,88,0,0
51,510462,2,2,1,19,8,9,55,12,6,1,0,51,1,13,401,13401,14,2004,5LMEU88H94ZJ,5,L,M,E,U,8,8,H,9,4,Z,J,0,P,LINC,AVI,UT,4,17,4975,,0,1137,,G,,F,8,281,,,17R245,,,,,,0,0,000000000,00000000000,0,0,0,1,0,0,0,0,0,0,0,45,0,0,0,10,10,6,2,12,0,0,0,1,51,23117,6,1,0,0,3,0,64,150,0,0,0,0,0,0,0,0,0,0,0,0,0,0,1,2,45,1,1,2,1,0,0,1,66,4,1,1,89,1,0
51,510463,1,2,1,14,8,12,20,12,2,1,0,51,1,50,705,50705,80,2006,SMTDOONS16J2,S,M,T,D,O,O,N,S,1,6,J,2,0,M,TRUM,,,6,17,,,,,,,,,,,,,,,,,,,0,0,000000000,00000000000,0,0,0,1,0,0,0,0,0,0,0,65,0,0,0,12,12,6,2,12,0,0,0,1,51,24179,6,1,0,0,3,0,73,145,0,0,0,0,0,0,0,0,0,1,51,0,0,0,1,3,55,3,2,2,1,0,0,14,10,1,1,1,50,1,0
51,510463,2,2,2,14,8,12,20,12,2,1,0,51,2,12,3,12003,2,1996,1FALP45X6TF1,1,F,A,L,P,4,5,X,6,T,F,1,0,P,FORD,MGT,CV,96,17,3468,,0,1013,,G,,F,8,281,,,16R225,,,,,,0,0,000000000,00000000000,0,0,0,1,0,0,0,0,0,0,0,45,0,0,0,12,12,6,2,12,0,0,0,1,51,24179,6,1,6,0,3,0,70,175,0,0,0,0,0,0,0,0,0,0,0,0,0,0,1,3,55,2,2,2,1,0,0,14,62,1,1,1,51,0,0
51,510464,1,1,1,23,8,12,3,42,0,1,0,51,1,23,401,23401,14,2005,1GKET12S8561,1,G,K,E,T,1,2,S,8,5,6,1,0,T,GMC,XUV,4W,5,17,,2,0,1290,ENV,G,,,6,256,,,,B,5097,00,U,44,0,0,000000000,00000000000,0,0,0,1,0,0,0,0,0,0,0,999,0,0,0,12,12,6,2,42,0,0,0,1,51,23322,6,1,0,0,3,0,70,222,0,0,0,2,0,10,2010,7,2011,0,0,0,0,0,2,2,35,1,1,2,1,0,0,1,12,1,1,4,6,1,0
51,510465,1,1,1,8,8,8,40,8,0,1,1,51,2,18,3,18003,4,2000,1G4CU5418Y42,1,G,4,C,U,5,4,1,8,Y,4,2,0,P,BUIC,PAU,4D,0,17,3884,,0,1138,,G,,Z,6,231,,,16R225,,,,,,0,0,000000000,00000000000,0,0,0,1,0,0,0,0,0,0,0,45,0,0,0,12,12,6,2,8,0,0,0,1,51,23661,1,1,0,0,2,0,71,190,0,2,1,0,0,3,2010,4,2010,0,86,0,0,0,2,2,45,1,1,2,1,0,0,1,80,1,1,1,13,0,0
51,510466,1,1,1,1,8,8,49,33,0,1,0,51,1,49,40,49040,4,1988,JT2SV21W3J01,J,T,2,S,V,2,1,W,3,J,0,1,0,P,TOYT,CMD,SW,88,17,2855,,0,1024,,G,,F,4,122,,,000000,,,,,,0,0,000000000,00000000000,0,0,0,1,0,0,0,0,0,0,0,999,0,0,0,1,12,6,2,42,0,0,0,1,51,23518,6,1,0,0,3,0,62,150,0,0,0,0,0,0,0,0,0,0,0,0,0,0,1,4,25,1,1,2,1,0,0,1,13,1,1,4,1,1,0
51,510467,1,1,1,8,8,2,10,45,0,1,0,31,3,82,881,82881,66,2010,1FVMC7CV1ADA,1,F,V,M,C,7,C,V,1,A,D,A,1,T,FRHT,11H,CC,10,17,,8,0,0,FM2,D,,,6,782,,,,,00000,00,,84,1,31,62364700,3162364700,3,6,98,1,0,0,0,0,0,0,0,55,0,0,0,12,12,6,2,45,39,0,1,1,51,23831,6,1,6,0,3,0,66,150,0,1,0,1,0,11,2010,2,2011,0,92,0,0,0,3,4,55,1,1,2,1,4,3,1,50,3,1,1,15,1,0
51,510468,1,3,0,1,9,20,22,12,1,1,0,51,6,35,32,35032,2,1988,JN1HZ14S8JX2,J,N,1,H,Z,1,4,S,8,J,X,2,0,P,NISS,30X,2H,88,17,3118,,0,913,,G,,F,6,181,,,16R225,,,,,,0,0,000000000,00000000000,0,0,0,1,0,0,0,0,0,0,0,0,0,0,0,6,6,6,2,12,0,0,0,0,0,99997,7,6,97,7,6,7,998,997,998,998,998,998,998,98,9998,98,9998,8,0,0,0,0,3,4,55,1,2,1,1,0,0,0,98,0,0,0,98,0,0
51,510468,2,3,1,1,9,20,22,12,1,1,0,51,1,7,482,7482,31,2000,1B7HC13Y8YJ1,1,B,7,H,C,1,3,Y,8,Y,J,1,0,T,DODG,Q15,4C,0,17,,2,1547,1387,RPC,G,,,8,318,,,,B,4648,01,U,42,0,0,000000000,00000000000,0,0,0,1,0,0,0,0,0,0,0,70,0,0,0,12,12,6,2,8,0,0,0,1,51,23702,6,1,0,0,3,0,74,550,0,0,0,0,1,5,2010,5,2010,1,84,0,0,0,3,4,55,1,2,2,1,0,0,15,50,6,1,2,98,0,0
51,510468,3,3,1,1,9,20,22,12,1,1,0,51,1,24,401,24401,14,2008,3GSCL33P88S6,3,G,S,C,L,3,3,P,8,8,S,6,0,P,STRN,VUE,UT,8,17,3825,,0,1066,,G,,F,4,146,,,16R235,,,,,,0,0,000000000,00000000000,0,0,0,1,0,0,0,0,0,0,0,65,0,0,0,5,12,6,2,12,0,0,0,1,51,23320,1,1,0,0,2,0,70,230,0,3,0,4,1,12,2008,7,2011,0,0,0,0,0,3,4,55,1,2,2,1,0,0,1,50,2,1,1,98,0,0
51,510469,1,1,3,3,9,14,21,42,0,1,0,51,2,52,47,52047,6,2006,JA4LZ31F26U0,J,A,4,L,Z,3,1,F,2,6,U,0,0,P,MITS,OUT,UT,6,17,3461,,0,1033,,G,,F,4,145,,,16R225,,,,,,0,0,000000000,00000000000,0,0,0,1,0,0,0,0,0,0,0,70,0,1,3,11,11,6,2,1,0,0,0,1,51,22180,6,1,0,0,3,0,62,132,0,0,0,0,0,0,0,0,0,0,0,0,0,0,3,4,70,2,1,2,1,0,0,14,61,8,1,4,8,1,0
51,510470,1,1,1,3,9,7,14,8,0,1,0,51,1,20,401,20401,14,2004,1GNDT13S5423,1,G,N,D,T,1,3,S,5,4,2,3,0,P,CHEV,TRL,UT,4,17,4612,,0,1130,,G,,F,6,256,,,16R245,,,,,,0,0,000000000,00000000000,0,0,0,1,0,0,0,0,0,0,0,999,0,0,0,1,1,6,2,8,0,0,0,1,51,23503,6,1,0,0,3,0,66,170,0,0,0,0,0,0,0,0,0,0,29,0,0,0,3,4,35,3,1,2,1,0,0,14,13,1,1,4,98,0,0
51,510471,1,2,1,3,9,8,20,12,2,1,0,51,1,49,472,49472,30,2005,5TEMU52N05Z0,5,T,E,M,U,5,2,N,0,5,Z,0,0,T,TOYT,DBD,CW,5,17,,1,0,1409,TAC,G,,,6,244,,,,B,3810,00,U,44,0,0,000000000,00000000000,0,0,0,1,0,0,0,0,0,0,0,999,0,0,0,12,12,6,2,12,0,0,0,1,51,20111,6,1,0,0,3,0,66,180,0,0,0,0,0,0,0,0,0,0,28,0,0,0,1,2,55,2,2,2,1,0,0,14,54,1,1,2,50,0,0
51,510471,2,2,3,3,9,8,20,12,2,1,0,51,1,49,43,49043,4,2003,4T1BF28B03U3,4,T,1,B,F,2,8,B,0,3,U,3,0,P,TOYT,UVS,4D,3,17,3417,,0,1071,,G,,F,6,183,,,15R205,,,,,,0,0,000000000,00000000000,0,0,0,1,0,0,0,0,0,0,0,50,0,0,0,12,12,6,2,12,0,0,0,1,51,20169,6,1,0,0,3,3,75,290,0,0,0,0,0,0,0,0,0,1,0,0,0,0,1,2,55,3,2,2,1,0,0,14,62,2,1,1,51,2,0
51,510472,1,1,1,3,9,0,45,1,0,1,0,35,1,37,706,37706,80,1994,1HFSC1815RA8,1,H,F,S,C,1,8,1,5,R,A,8,0,M,HOND,VT1,RS,94,17,,,,,,,1100,,2,,4,533,,,,,,,0,0,000000000,00000000000,0,0,0,1,0,0,0,0,0,0,0,70,0,0,0,0,11,6,2,1,0,0,0,1,35,88330,6,1,0,0,3,0,69,180,98,0,0,0,0,0,0,0,0,1,0,0,0,0,2,4,45,1,2,2,1,0,0,1,13,4,1,4,1,1,1
51,510473,1,1,4,15,8,7,31,25,0,1,0,51,1,12,461,12461,21,2007,1FBSS31L87DA,1,F,B,S,S,3,1,L,8,7,D,A,0,T,FORD,WSD,ES,7,17,,2,0,1380,ECO,G,,,8,330,,,,D,6231,00,K,42,0,0,000000000,00000000000,0,0,0,1,0,0,0,0,0,0,0,60,0,0,0,11,11,6,2,25,0,0,0,1,51,22191,6,1,0,0,3,3,62,190,0,0,0,0,2,10,2009,3,2011,1,29,58,0,0,3,2,55,1,2,2,1,0,0,1,13,8,1,4,1,1,0
51,510474,1,1,1,4,9,9,11,42,0,1,0,51,1,13,5,13005,4,1994,1LNLM81W1RY6,1,L,N,L,M,8,1,W,1,R,Y,6,0,P,LINC,EXC,4D,94,17,4039,,0,1174,,G,,F,8,281,,,15R215,,,,,,0,0,000000000,00000000000,0,0,0,1,0,0,0,0,0,0,0,15,0,0,0,6,6,6,2,42,0,0,0,1,51,23234,6,1,0,0,3,0,62,197,0,0,0,0,0,0,0,0,0,0,29,0,0,0,1,2,25,1,1,2,1,0,0,13,12,2,1,4,98,1,0
51,510475,1,2,2,4,9,15,43,12,6,1,0,51,1,35,43,35043,4,1993,1N4EB32HXPC7,1,N,4,E,B,3,2,H,X,P,C,7,0,P,NISS,UES,2D,93,17,2246,,0,956,,G,,F,4,098,,,000000,,,,,,0,0,000000000,00000000000,0,0,0,1,0,0,0,0,0,0,0,25,0,0,0,3,3,6,2,12,0,0,0,1,51,22041,6,1,0,0,3,0,75,162,1,0,0,0,0,10,2008,10,2008,0,38,0,0,0,2,6,45,3,2,2,1,3,3,11,17,1,1,1,68,2,0
51,510475,2,2,1,4,9,15,43,12,6,1,0,24,2,7,472,7472,31,1995,1B7GL2A98S16,1,B,7,G,L,2,A,9,8,S,1,6,0,T,DODG,,,95,17,,,,,,,,,,,,,,,,,,,0,0,000000000,00000000000,0,0,0,1,0,0,0,0,0,0,0,35,0,0,0,12,12,6,2,12,0,0,0,1,24,20851,6,1,0,0,3,0,69,195,0,0,0,0,4,6,2010,6,2010,0,0,0,0,0,2,6,45,1,2,2,1,3,3,1,67,4,1,1,69,0,0
51,510476,1,1,3,5,9,1,30,35,0,1,0,24,1,23,422,23422,15,2012,1GKS2CE08CR1,1,G,K,S,2,C,E,0,8,C,R,1,0,T,GMC,YLT,4W,12,17,,2,0,1160,YUK,F,,,8,323,,,,B,5567,00,S,44,0,0,000000000,00000000000,0,0,0,1,0,0,0,0,0,0,0,95,0,0,0,12,12,6,2,42,0,0,0,1,24,21229,6,1,6,0,3,0,66,195,0,0,0,0,0,0,0,0,0,1,0,0,0,0,1,2,55,3,1,2,1,0,0,14,13,2,1,4,1,2,1
51,510477,1,1,1,6,9,15,20,33,0,1,0,0,0,98,701,98701,81,2011,RFVPMP2P0XC1,R,F,V,P,M,P,2,P,0,X,C,1,0,U,,,,11,17,,,,,,,,,,,,,,,,,,,0,0,000000000,00000000000,0,0,0,1,0,0,0,0,0,0,0,999,0,0,0,2,2,6,2,30,0,0,0,1,51,23503,0,0,0,0,0,0,70,180,0,4,0,0,0,11,2009,5,2010,0,29,0,0,0,2,2,40,4,1,2,1,0,0,14,13,1,1,4,1,1,0
51,510478,1,1,1,6,9,7,10,24,0,1,0,37,3,82,881,82881,66,2006,1FUJA6DE86LU,1,F,U,J,A,6,D,E,8,6,L,U,1,T,FRHT,COL,TR,6,17,,8,0,0,CON,D,,,6,763,,,,,00000,00,,64,1,37,00048104,3700048104,3,6,1,1,0,0,0,0,0,0,0,998,0,1,5,1,1,6,2,1,0,0,0,1,99,99999,9,9,99,9,9,9,999,999,99,99,99,99,99,99,9999,99,9999,0,29,0,0,0,2,4,65,2,4,2,2,0,0,14,13,1,1,4,1,1,0
51,510479,1,1,2,5,9,11,32,34,0,1,0,51,2,41,45,41045,1,1992,JM1NA3515N03,J,M,1,N,A,3,5,1,5,N,0,3,0,P,MAZD,MIA,CV,92,17,2093,,0,892,,G,,F,4,098,,,14R185,,,,,,0,0,000000000,00000000000,0,0,0,1,0,0,0,0,0,0,0,65,0,0,0,99,99,6,2,42,0,0,0,1,51,22172,1,1,0,0,2,0,67,180,1,5,2,0,2,9,2008,10,2010,1,29,58,0,0,1,2,45,3,2,2,1,0,0,14,6,8,2,4,7,1,1
51,510480,1,1,1,6,9,11,40,31,0,1,0,51,3,86,881,86881,63,2006,1M2AG11C76M0,1,M,2,A,G,1,1,C,7,6,M,0,0,T,MACK,CV7,CC,6,17,,8,0,0,700,D,,,6,728,,,,,00000,00,,64,0,51,962089,51962089,3,2,7,1,0,0,0,0,0,0,0,55,0,1,5,1,12,6,2,1,0,0,0,1,51,22408,6,1,6,0,3,0,67,210,0,0,0,0,0,0,0,0,0,1,0,0,0,0,2,4,45,3,2,2,2,0,0,14,13,2,1,4,1,1,0