STATE,ST_CASE,VEH_NO,VE_FORMS,NUMOCCS,DAY,MONTH,HOUR,MINUTE,HARM_EV,MAN_COLL,UNITTYPE,HIT_RUN,REG_STAT,OWNER,MAKE,MODEL,MAK_MOD,BODY_TYP,MOD_YEAR,VIN,VIN_1,VIN_2,VIN_3,VIN_4,VIN_5,VIN_6,VIN_7,VIN_8,VIN_9,VIN_10,VIN_11,VIN_12,TOW_VEH,VINTYPE,VINMAKE,VINA_MOD,VIN_BT,VINMODYR,VIN_LNGT,VIN_WGT,WGTCD_TR,WHLBS_LG,WHLBS_SH,SER_TR,FUELCODE,MCYCL_DS,CARBUR,CYLINDER,DISPLACE,MCYCL_CY,MCYCL_WT,TIRE_SZE,TON_RAT,TRK_WT,TRKWTVAR,VIN_REST,WHLDRWHL,J_KNIFE,MCARR_I1,MCARR_I2,MCARR_ID,GVWR,V_CONFIG,CARGO_BT,HAZ_INV,HAZ_PLAC,HAZ_ID,HAZ_CNO,HAZ_REL,BUS_USE,SPEC_USE,EMER_USE,TRAV_SP,UNDERIDE,ROLLOVER,ROLINLOC,IMPACT1,IMPACT2,DEFORMED,TOWED,M_HARM,VEH_SC1,VEH_SC2,FIRE_EXP,DR_PRES,L_STATE,DR_ZIP,L_STATUS,L_TYPE,CDL_STAT,L_ENDORS,L_COMPL,L_RESTRI,DR_HGT,DR_WGT,PREV_ACC,PREV_SUS,PREV_DWI,PREV_SPD,PREV_OTH,FIRST_MO,FIRST_YR,LAST_MO,LAST_YR,SPEEDREL,DR_SF1,DR_SF2,DR_SF3,DR_SF4,VTRAFWAY,VNUM_LAN,VSPD_LIM,VALIGN,VPROFILE,VPAVETYP,VSURCOND,VTRAFCON,VTCONT_F,P_CRASH1,P_CRASH2,P_CRASH3,PCRASH4,PCRASH5,ACC_TYPE,DEATHS,DR_DRINK
51,510518,2,2,1,29,9,9,35,12,2,1,0,51,1,37,31,37031,6,1995,1HGCE182XSA0,1,H,G,C,E,1,8,2,X,S,A,0,0,P,HOND,ALX,SW,95,17,2975,,0,1069,,G,,F,4,132,,,15R195,,,,,,0,0,000000000,00000000000,0,0,0,1,0,0,0,0,0,0,0,55,0,0,0,12,12,6,2,12,0,0,0,1,51,24565,0,0,0,0,0,0,72,200,2,0,0,1,0,1,2011,8,2011,0,92,0,0,0,1,2,55,1,1,2,1,0,0,1,62,2,1,1,51,0,0
51,510519,1,2,1,21,9,14,45,12,6,1,0,51,1,24,1,24001,4,2000,1G8ZH5282YZ1,1,G,8,Z,H,5,2,8,2,Y,Z,1,0,P,STRN,SL1,4D,0,17,2332,,0,1024,,G,,F,4,116,,,14R185,,,,,,0,0,000000000,00000000000,0,0,0,1,0,0,0,0,0,0,0,55,0,0,0,3,3,6,2,12,0,0,0,1,51,23139,6,1,0,0,3,0,68,188,0,0,0,1,0,10,2010,10,2010,0,28,0,0,0,1,2,55,3,2,2,2,40,3,14,10,1,1,1,64,1,0
51,510519,2,2,2,21,9,14,45,12,6,1,0,51,1,12,401,12401,14,1996,1FMDU34X0TUD,1,F,M,D,U,3,4,X,0,T,U,D,0,P,FORD,EPR,UT,96,17,4189,,0,1115,,G,,F,6,245,,,15R225,,,,,,0,0,000000000,00000000000,0,0,0,1,0,0,0,0,0,0,0,40,0,0,0,12,12,6,2,12,0,0,0,1,51,23139,6,1,0,0,3,0,63,145,0,0,0,0,0,0,0,0,0,0,0,0,0,0,1,2,55,2,2,2,2,40,3,14,62,1,1,1,65,0,0
51,510520,1,2,1,30,9,7,35,33,0,1,0,51,3,94,981,94981,50,2002,1T88N3B25211,1,T,8,8,N,3,B,2,5,2,1,1,0,T,THMS,,,2,17,,,,,,,,,,,,,,,,,,,0,88,888888888,88888888888,2,21,22,1,0,0,0,0,1,0,0,0,0,0,0,5,5,6,2,12,0,0,0,1,51,23607,6,1,6,0,3,0,63,205,0,0,0,0,0,0,0,0,0,0,0,0,0,0,2,4,45,1,1,2,1,0,0,5,61,1,1,1,98,0,0
51,510520,2,2,1,30,9,7,35,33,0,1,0,51,1,23,481,23481,31,1998,1GTGK29R8WE5,1,G,T,G,K,2,9,R,8,W,E,5,0,T,GMC,SK2,PC,98,17,,2,1555,1415,SIE,G,,,8,350,,,,C,00000,00,A,44,0,0,000000000,00000000000,0,0,0,1,0,0,0,0,0,0,0,45,0,0,0,2,2,6,2,12,0,0,0,1,51,23663,6,1,0,0,3,0,67,280,0,0,0,0,0,0,0,0,0,0,92,0,0,0,2,4,45,1,1,2,1,0,0,98,10,4,7,4,98,1,0
51,510521,1,3,2,10,8,18,4,12,2,1,0,45,2,49,471,49471,30,1993,4TARN81P8PZ0,4,T,A,R,N,8,1,P,8,P,Z,0,0,T,TOYT,SDX,PK,93,17,,1,0,1033,HTP,G,,,4,144,,,,B,2655,00,A,42,0,0,000000000,00000000000,0,0,0,1,0,0,0,0,0,0,0,60,0,1,1,12,12,6,2,12,0,0,0,1,51,22193,2,1,0,0,2,0,73,240,3,30,1,4,3,10,2009,6,2011,1,0,0,0,0,2,4,45,1,1,2,1,0,0,1,10,1,7,7,50,2,0
51,510521,2,3,1,10,8,18,4,12,2,1,0,51,2,2,404,2404,14,1999,1J4FF68S0XL5,1,J,4,F,F,6,8,S,0,X,L,5,0,T,JEEP,SPC,4W,99,17,,1,0,1014,CHK,G,,,6,242,,,,,3255,00,E,44,0,0,000000000,00000000000,0,0,0,1,0,0,0,0,0,0,0,40,0,0,0,12,12,6,2,12,0,0,0,1,51,22150,6,1,0,0,3,0,65,115,0,0,0,2,0,9,2008,8,2010,0,0,0,0,0,2,4,45,1,1,2,1,0,0,1,64,1,1,1,51,1,0
51,510521,3,3,1,10,8,18,4,12,2,1,0,51,1,21,17,21017,4,1996,1G3AJ55M6T63,1,G,3,A,J,5,5,M,6,T,6,3,0,P,OLDS,CRL,4D,96,17,2924,,0,1049,,G,,F,6,191,,,14R185,,,,,,0,0,000000000,00000000000,0,0,0,1,0,0,0,0,0,0,0,35,0,0,0,10,10,6,2,12,0,0,0,1,51,22153,6,1,0,0,3,0,70,190,1,0,0,0,0,8,2011,8,2011,0,0,0,0,0,2,4,45,1,1,2,1,0,0,1,62,1,1,1,98,0,0
51,510522,1,1,1,29,9,9,49,24,0,1,0,51,1,19,3,19003,4,1996,1G6KD52Y7TU2,1,G,6,K,D,5,2,Y,7,T,U,2,0,P,CADI,DFW,4D,96,17,3758,,0,1138,,G,,F,8,279,,,15R225,,,,,,0,0,000000000,00000000000,0,0,0,1,0,0,0,0,0,0,0,999,0,0,0,12,12,6,2,21,0,0,0,1,51,23223,6,1,0,0,3,0,67,250,0,0,0,0,0,0,0,0,0,0,0,0,0,0,2,4,25,3,1,2,1,0,0,14,13,1,1,4,1,1,0
51,510523,1,2,1,24,9,8,9,12,1,1,0,51,1,35,43,35043,4,2004,3N1CB51D94L9,3,N,1,C,B,5,1,D,9,4,L,9,0,P,NISS,S18,4D,4,17,2387,,0,998,,G,,F,4,108,,,15R195,,,,,,0,0,000000000,00000000000,0,0,0,1,0,0,0,0,0,0,0,50,0,0,0,12,12,6,2,12,0,0,0,1,51,22407,6,1,0,0,3,0,63,160,0,0,0,0,0,0,0,0,0,1,0,0,0,0,2,2,45,1,1,2,1,0,0,1,11,1,1,4,20,1,0
51,510523,2,2,1,24,9,8,9,12,1,1,0,19,3,84,881,84881,66,2012,3HSDJSJR7CN3,3,H,S,D,J,S,J,R,7,C,N,3,1,T,INTL,PRO,TR,12,17,,8,0,0,PRO,D,,,6,793,,,,,00000,00,,64,1,19,00134697,1900134697,3,6,1,1,0,0,0,0,0,0,0,0,0,0,0,6,6,2,1,12,0,0,0,1,51,24354,6,1,6,0,3,0,71,180,0,0,0,0,0,0,0,0,0,0,0,0,0,0,2,2,45,1,1,2,1,0,0,5,60,1,1,4,21,0,0
51,510524,1,1,1,8,9,2,30,18,0,1,0,51,1,34,34,34034,4,2007,WBAVA37517ND,W,B,A,V,A,3,7,5,1,7,N,D,0,P,BMW,28I,4D,7,17,3406,,0,1087,,G,,F,6,183,,,17R225,,,,,,0,0,000000000,00000000000,0,0,0,1,0,0,0,0,0,0,0,55,0,0,0,12,12,6,2,18,0,0,0,1,51,22947,6,1,0,0,3,0,71,200,0,0,0,1,0,6,2009,6,2009,0,81,0,0,0,1,2,55,1,2,2,1,0,0,1,90,1,1,1,12,1,0
51,510525,1,2,3,10,9,18,35,12,6,1,0,51,1,48,34,48034,6,2000,4S3BH6354Y73,4,S,3,B,H,6,3,5,4,Y,7,3,0,P,SUBA,ULW,SW,0,17,3335,,0,1043,,G,,F,4,153,,,15R205,,,,,,0,0,000000000,00000000000,0,0,0,1,0,0,0,0,0,0,0,50,0,0,0,12,12,6,2,12,0,0,0,1,51,24557,6,1,0,0,3,0,64,140,0,2,0,0,0,1,2010,3,2011,0,0,0,0,0,1,2,55,1,1,2,1,0,0,1,66,1,1,1,86,0,0
51,510525,2,2,2,10,9,18,35,12,6,1,0,47,1,12,36,12036,3,1996,KNJLT05H3T61,K,N,J,L,T,0,5,H,3,T,6,1,0,P,FORD,ASP,2H,96,17,2004,,0,907,,G,,F,4,081,,,13R165,,,,,,0,0,000000000,00000000000,0,0,0,1,0,0,0,0,0,0,0,10,0,0,0,3,3,6,2,12,0,0,0,1,47,37620,6,1,0,0,3,0,70,220,0,0,0,0,0,0,0,0,0,0,38,0,0,0,1,2,55,1,1,2,1,20,3,1,17,1,1,1,87,1,0
51,510526,1,1,1,4,10,16,10,8,0,1,0,24,1,58,37,58037,4,2005,JNKCV51F45M3,J,N,K,C,V,5,1,F,4,5,M,3,0,P,INFI,AWD,4D,5,17,3524,,0,1122,,G,,F,6,214,,,17R215,,,,,,0,0,000000000,00000000000,0,0,0,1,0,0,0,0,0,0,0,50,0,0,0,12,12,2,1,8,0,0,0,1,24,21045,6,1,0,0,3,0,64,130,0,0,0,0,0,0,0,0,0,0,0,0,0,0,3,5,55,1,1,2,1,0,0,1,80,1,1,1,13,0,0
51,510527,1,2,1,3,10,21,30,12,6,1,0,51,1,49,33,49033,2,1994,JT2AT00F0R00,J,T,2,A,T,0,0,F,0,R,0,0,0,P,TOYT,CSF,CP,94,17,2475,,0,999,,G,,F,4,108,,,14R185,,,,,,0,0,000000000,00000000000,0,0,0,1,0,0,0,0,0,0,0,55,0,1,5,9,9,6,2,35,0,0,0,1,51,24426,6,1,0,0,3,0,63,155,0,2,1,0,1,4,2009,12,2010,0,28,0,0,0,1,2,55,3,3,2,1,0,0,14,10,3,7,2,64,1,1
51,510527,2,2,2,3,10,21,30,12,6,1,0,51,1,7,43,7043,4,2002,1B3EL36X52N1,1,B,3,E,L,3,6,X,5,2,N,1,0,P,DODG,SSE,4D,2,17,3114,,0,1080,,G,,F,4,148,,,15R205,,,,,,0,0,000000000,00000000000,0,0,0,1,0,0,0,0,0,0,0,55,0,0,0,12,12,6,2,12,0,0,0,1,51,24426,6,1,0,0,3,0,63,130,0,0,0,0,0,0,0,0,0,0,0,0,0,0,1,2,55,2,3,2,1,0,0,14,62,1,1,1,65,0,0
51,510528,1,2,1,2,10,22,25,12,1,1,0,51,3,51,881,51881,66,2007,4V4NC9TJ67N4,4,V,4,N,C,9,T,J,6,7,N,4,1,T,VOLV,VNL,TR,7,17,,8,0,0,VVN,D,,,6,915,,,,,00000,00,,64,1,51,00676603,5100676603,3,6,1,1,0,0,0,0,0,0,0,75,0,0,0,12,12,6,2,12,0,0,1,1,51,23434,6,1,6,0,3,0,75,245,0,0,0,0,1,11,2010,11,2010,0,0,0,0,0,2,4,70,1,1,2,1,0,0,1,60,2,1,1,24,0,0
51,510528,2,2,2,2,10,22,25,12,1,1,0,51,2,37,31,37031,4,1995,JHMEG8651SS0,J,H,M,E,G,8,6,5,1,S,S,0,0,P,HOND,CLX,4D,95,17,2313,,0,1032,,G,,F,4,091,,,14R175,,,,,,0,0,000000000,00000000000,0,0,0,1,0,0,0,0,0,0,0,52,0,0,0,6,6,6,2,12,0,0,1,1,51,22572,6,2,0,0,3,0,68,149,0,0,0,0,0,0,0,0,0,0,27,0,0,0,2,4,70,1,1,2,1,0,0,15,11,4,1,1,25,1,0
51,510529,1,2,1,3,10,16,30,12,2,1,0,51,1,7,442,7442,20,1991,2B4GK4539MR2,2,B,4,G,K,4,5,3,9,M,R,2,0,P,DODG,CAR,SV,91,17,3289,,0,1120,,G,,F,6,181,,,14R195,,,,,,0,0,000000000,00000000000,0,0,0,1,0,0,0,0,0,0,0,35,0,0,0,12,12,6,2,12,0,0,0,1,51,23606,6,1,0,0,3,0,63,335,0,0,0,0,0,0,0,0,0,0,51,0,0,0,1,4,35,1,1,2,1,0,0,1,10,1,1,2,50,1,0
51,510529,2,2,2,3,10,16,30,12,2,1,0,51,1,23,401,23401,14,2002,1GKDT13S2224,1,G,K,D,T,1,3,S,2,2,2,4,0,T,GMC,ENV,4W,2,17,,1,0,1130,ENV,G,,,6,256,,,,B,4628,00,K,44,0,0,000000000,00000000000,0,0,0,1,0,0,0,0,0,0,0,35,0,0,0,12,12,6,2,12,0,0,0,1,51,23608,6,1,0,0,3,0,68,190,0,0,0,0,0,0,0,0,0,0,0,0,0,0,1,4,35,1,1,2,1,0,0,1,62,1,1,1,51,0,0
51,510530,1,1,4,1,10,1,10,34,0,1,0,51,2,35,402,35402,14,2000,5N1ED28T9YC5,5,N,1,E,D,2,8,T,9,Y,C,5,0,P,NISS,XTR,UT,0,17,3546,,0,1043,,G,,F,6,201,,,15R235,,,,,,0,0,000000000,00000000000,0,0,0,1,0,0,0,0,0,0,0,40,0,0,0,3,3,6,2,42,0,0,0,1,51,23453,6,1,0,0,3,0,70,135,0,0,0,0,0,0,0,0,0,1,0,0,0,0,1,2,35,3,1,2,2,40,3,14,13,2,7,4,2,1,1
51,510531,1,1,1,4,10,4,8,42,0,1,0,51,1,6,14,6014,4,1987,1C3BF66P9HX7,1,C,3,B,F,6,6,P,9,H,X,7,0,P,CHRY,FAV,4D,87,17,3651,,0,1127,,G,,2,8,318,,,15R205,,,,,,0,0,000000000,00000000000,0,0,0,1,0,0,0,0,0,0,0,998,0,0,0,12,12,6,2,42,0,0,0,1,51,22460,1,1,0,0,2,0,70,250,0,17,0,1,0,1,2009,6,2010,0,0,0,0,0,1,2,35,1,1,2,1,0,0,1,13,1,1,4,1,1,0
51,510532,1,2,1,5,10,15,20,12,6,1,0,51,3,84,981,84981,50,2002,1HVBJABN42A9,1,H,V,B,J,A,B,N,4,2,A,9,0,T,INTL,300,BU,2,17,,7,0,0,30S,D,,,8,444,,,,,00000,00,,42,0,88,888888888,88888888888,3,21,22,1,0,0,0,0,1,0,0,999,0,0,0,4,4,6,2,12,0,0,0,1,51,23234,6,1,6,0,3,0,71,169,1,0,0,0,0,3,2009,3,2009,0,38,0,0,0,1,2,35,1,1,2,1,20,3,11,17,1,1,1,68,0,0
51,510532,2,2,1,5,10,15,20,12,6,1,0,51,1,53,706,53706,80,2001,JS1GW71A1121,J,S,1,G,W,7,1,A,1,1,2,1,0,M,SUZI,GXR,RC,1,17,,,,,,,1299,,4,,4,474,,,,,,,0,0,000000000,00000000000,0,0,0,1,0,0,0,0,0,0,0,999,0,0,0,12,12,6,2,12,0,0,0,1,51,23234,6,1,0,0,3,0,70,225,0,0,0,0,0,0,0,0,0,0,0,0,0,0,1,2,35,1,1,2,1,0,0,1,67,4,1,1,69,1,1
51,510533,1,3,1,3,10,13,33,12,1,1,0,37,3,87,881,87881,66,2010,1XPTDB9X1AD7,1,X,P,T,D,B,9,X,1,A,D,7,1,T,PTRB,367,TR,10,17,,8,0,0,CON,D,,,6,893,,,,,00000,00,,64,1,37,428130,37428130,3,6,1,1,0,0,0,0,0,0,0,56,0,0,0,12,12,6,2,12,0,0,0,1,37,27866,6,1,6,0,3,0,69,999,1,0,0,0,1,11,2008,7,2009,0,0,0,0,0,1,4,55,1,1,2,1,0,0,1,51,1,1,1,24,0,0
51,510533,2,3,1,3,10,13,33,12,1,1,0,51,2,12,461,12461,21,2008,1FDWE35L28DA,1,F,D,W,E,3,5,L,2,8,D,A,0,T,FORD,3DC,YY,8,17,,3,1760,1380,CTV,G,,,8,330,,,,D,00000,00,E,42,0,0,000000000,00000000000,0,0,0,1,0,0,0,0,0,0,0,45,0,0,0,6,6,6,2,12,0,0,0,1,51,23702,6,1,0,0,3,0,71,330,0,0,0,0,0,0,0,0,0,0,0,0,0,0,1,4,55,1,1,2,1,0,0,10,53,1,1,1,26,1,0
51,510533,3,3,1,3,10,13,33,12,1,1,0,51,1,12,401,12401,14,2004,1FMYU92154KA,1,F,M,Y,U,9,2,1,5,4,K,A,0,P,FORD,SPE,UT,4,17,3346,,0,1031,,G,,F,6,181,,,15R225,,,,,,0,0,000000000,00000000000,0,0,0,1,0,0,0,0,0,0,0,45,0,0,0,6,6,6,2,12,0,0,0,1,51,24378,6,1,0,0,3,3,63,160,0,0,0,0,0,0,0,0,0,0,0,0,0,0,8,8,98,8,8,8,98,0,0,1,65,1,1,1,98,0,0
51,510534,1,1,1,6,10,23,46,8,0,1,0,51,1,35,50,35050,4,2010,3N1BC1CP6AL4,3,N,1,B,C,1,C,P,6,A,L,4,0,P,NISS,VSL,4H,10,17,2693,,0,1024,,G,,F,4,110,,,15R185,,,,,,0,0,000000000,00000000000,0,0,0,1,0,0,0,0,0,0,0,45,0,0,0,12,12,2,1,8,0,0,0,1,51,23601,6,1,0,0,3,0,67,205,0,3,0,4,0,2,2010,8,2011,0,0,0,0,0,1,3,45,1,1,2,1,0,0,1,80,1,1,1,13,0,0
51,510535,1,1,5,7,10,1,3,42,0,1,0,51,1,49,482,49482,31,2008,5TBBV54128S5,5,T,B,B,V,5,4,1,2,8,S,5,0,T,TOYT,DLS,CW,8,17,,2,0,1457,TUN,G,,,8,348,,,,B,5445,00,7,44,0,0,000000000,00000000000,0,0,0,1,0,0,0,0,0,0,0,55,0,0,0,9,9,6,2,42,0,0,0,1,51,24055,6,1,6,0,3,0,71,210,0,0,0,1,4,10,2008,8,2011,0,0,0,0,0,1,2,55,2,2,2,1,0,0,14,12,1,1,4,6,1,1
51,510536,1,1,2,8,10,4,17,35,0,1,0,13,2,41,50,41050,4,2008,1YVHP80C385M,1,Y,V,H,P,8,0,C,3,8,5,M,0,P,MAZD,M6I,4D,8,17,3093,,0,1053,,G,,F,4,140,,,17R215,,,,,,0,0,000000000,00000000000,0,0,0,1,0,0,0,0,0,0,0,70,0,1,1,12,12,6,2,1,0,0,0,1,51,24078,1,1,0,0,2,0,75,200,1,11,0,0,0,3,2009,9,2011,1,0,0,0,0,1,2,45,3,1,2,1,0,0,14,12,2,7,4,7,1,1
51,510537,1,1,2,8,10,5,30,17,0,1,0,51,2,20,481,20481,31,1999,2GCEK19T1X11,2,G,C,E,K,1,9,T,1,X,1,1,0,T,CHEV,SK1,3C,99,17,,2,1575,1435,SIL,G,,,8,325,,,,B,4621,00,,44,0,0,000000000,00000000000,0,0,0,1,0,0,0,0,0,0,0,53,0,1,5,1,1,6,2,42,0,0,0,1,51,24445,6,2,0,0,3,0,73,170,0,0,0,0,0,0,0,0,0,0,36,0,0,0,1,2,55,1,1,2,1,0,0,1,13,1,1,4,1,1,0
51,510538,1,1,1,9,10,1,20,24,0,1,0,51,1,54,35,54035,4,2000,19UUA5666YA0,1,9,U,U,A,5,6,6,6,Y,A,0,0,P,ACUR,32T,4D,0,17,3483,,0,1081,,G,,F,6,197,,,16R205,,,,,,0,0,000000000,00000000000,0,0,0,1,0,0,0,0,0,0,0,95,0,0,0,9,9,6,2,24,0,0,0,1,51,23664,6,1,0,0,3,0,69,185,0,3,0,3,1,1,2009,9,2011,1,58,0,0,0,2,2,65,1,1,1,1,0,0,1,12,4,7,4,7,1,1
51,510539,1,2,1,9,10,13,31,12,6,1,0,51,1,58,33,58033,4,2001,JNKCP11A11T4,J,N,K,C,P,1,1,A,1,1,T,4,0,P,INFI,G20,4D,1,17,2826,,0,1024,,G,,F,4,122,,,15R195,,,,,,0,0,000000000,00000000000,0,0,0,1,0,0,0,0,0,0,0,55,0,0,0,12,12,6,2,12,0,0,0,1,51,23398,6,1,0,0,3,0,68,230,0,0,0,0,0,0,0,0,0,0,0,0,0,0,2,4,55,1,1,2,1,3,3,1,66,1,1,1,69,1,0
51,510539,2,2,1,9,10,13,31,12,6,1,0,51,2,7,442,7442,20,2010,2D4RN3D16AR4,2,D,4,R,N,3,D,1,6,A,R,4,0,P,DODG,CAR,SV,10,17,4321,,0,1212,,G,,F,6,232,,,16R225,,,,,,0,0,000000000,00000000000,0,0,0,1,0,0,0,0,0,0,0,35,0,0,0,3,3,6,2,12,0,0,0,1,51,23415,6,1,0,0,3,0,70,180,1,0,0,2,2,3,2009,9,2011,0,39,0,0,0,2,4,55,1,1,2,1,3,3,11,15,1,1,1,68,0,0
51,510540,1,1,1,10,10,15,59,35,0,1,0,51,1,35,50,35050,4,2009,3N1CC11E89L4,3,N,1,C,C,1,1,E,8,9,L,4,0,P,NISS,VSL,4D,9,17,2671,,0,1024,,G,,F,4,098,,,14R185,,,,,,0,0,000000000,00000000000,0,0,0,1,0,0,0,0,0,0,0,65,0,1,3,7,7,6,2,1,0,0,0,1,51,24112,6,1,0,0,3,0,67,238,0,0,0,0,0,0,0,0,0,0,0,0,0,0,2,2,65,1,1,2,1,0,0,1,12,2,1,4,6,1,0
51,510541,1,1,1,8,10,9,21,30,0,1,0,47,2,18,2,18002,4,2000,1G4HP54K8Y41,1,G,4,H,P,5,4,K,8,Y,4,1,0,P,BUIC,LCF,4D,0,17,3567,,0,1122,,G,,F,6,231,,,15R215,,,,,,0,0,000000000,00000000000,0,0,0,1,0,0,0,0,0,0,0,70,0,0,0,12,9,6,2,30,0,0,0,1,99,24201,9,9,99,0,9,8,999,999,99,99,99,99,99,99,9999,99,9999,1,0,0,0,0,1,2,35,3,1,2,1,0,0,14,12,8,1,4,6,1,1
51,510542,1,1,1,3,10,7,37,8,0,1,0,51,1,49,482,49482,31,2011,5TFUY5F13BX1,5,T,F,U,Y,5,F,1,3,B,X,1,0,T,TOYT,DBS,CW,11,17,,2,0,1457,TUN,G,,,8,348,,,,B,5460,00,7,44,0,0,000000000,00000000000,0,0,0,1,0,0,0,0,0,0,0,999,0,0,0,12,12,2,1,8,0,0,0,1,51,23321,6,1,0,0,3,0,59,120,0,0,0,0,0,0,0,0,0,0,92,0,0,0,1,2,25,1,1,1,1,50,3,1,80,1,1,1,13,0,0
51,510543,1,2,1,3,10,21,35,12,6,1,0,51,1,12,401,12401,14,1998,1FMZU34E9WZB,1,F,M,Z,U,3,4,E,9,W,Z,B,0,P,FORD,EPR,UT,98,17,4146,,0,1115,,G,,F,6,245,,,15R225,,,,,,0,0,000000000,00000000000,0,0,0,1,0,0,0,0,0,0,0,20,0,0,0,12,1,6,2,12,0,0,0,1,51,23111,6,1,7,0,3,0,70,170,0,1,0,1,0,12,2008,3,2011,0,38,0,0,0,3,3,35,1,1,2,1,3,3,11,17,1,1,1,76,0,0
51,510543,2,2,1,3,10,21,35,12,6,1,0,51,1,72,706,72706,80,2011,1HD1KB411BB6,1,H,D,1,K,B,4,1,1,B,B,6,0,M,HD,FHX,RS,11,17,,,,,,,1584,,2,,4,785,,,,,,,0,0,000000000,00000000000,0,0,0,1,0,0,0,0,0,0,0,30,0,0,0,9,9,6,2,12,0,0,0,1,51,23024,6,1,0,0,3,0,72,220,0,1,0,0,0,5,2010,5,2010,0,0,0,0,0,3,3,35,1,1,2,1,3,3,1,66,1,1,1,77,1,0
51,510544,1,2,2,3,10,22,19,12,2,1,0,51,1,37,31,37031,4,1993,1HGCB7694PA1,1,H,G,C,B,7,6,9,4,P,A,1,0,P,HOND,UA1,4D,93,17,2955,,0,1071,,G,,F,4,132,,,15R195,,,,,,0,0,000000000,00000000000,0,0,0,1,0,0,0,0,0,0,0,55,0,0,0,12,12,6,2,12,0,0,0,1,51,22727,6,1,0,0,3,0,70,175,1,0,0,0,1,6,2010,7,2010,1,51,0,0,0,1,2,40,2,3,2,1,0,0,14,10,1,1,2,50,0,0
51,510544,2,2,4,3,10,22,19,12,2,1,0,51,1,37,32,37032,4,1990,1HGCB7541LA0,1,H,G,C,B,7,5,4,1,L,A,0,0,P,HOND,ADL,4D,90,17,2392,,0,1071,,G,,F,4,132,,,14R185,,,,,,0,0,000000000,00000000000,0,0,0,1,0,0,0,0,0,0,0,999,0,0,0,12,12,6,2,12,0,0,0,1,51,22902,6,1,0,0,3,0,65,160,0,2,0,0,0,1,2009,9,2009,0,0,0,0,0,1,2,40,3,3,2,1,0,0,14,62,1,1,1,51,1,0
51,510545,1,2,1,11,10,9,45,12,6,1,0,51,1,12,401,12401,14,2002,3FAFP13P62R1,3,F,A,F,P,1,3,P,6,2,R,1,0,P,FORD,ESC,4D,2,17,2468,,0,984,,G,,F,4,122,,,14R185,,,,,,0,0,000000000,00000000000,0,0,0,1,0,0,0,0,0,0,0,47,0,0,0,9,9,6,2,12,0,0,0,1,51,24553,6,1,0,0,3,3,64,169,0,0,0,1,0,10,2010,10,2010,0,38,39,0,0,1,2,99,9,9,2,2,20,3,1,17,1,1,1,89,1,0
51,510545,2,2,1,11,10,9,45,12,6,1,0,51,3,86,881,86881,66,2005,1M1AJ07Y35N0,1,M,1,A,J,0,7,Y,3,5,N,0,1,T,MACK,CHN,TR,5,17,,8,0,0,600,D,,,6,728,,,,,00000,00,,64,1,51,00537074,5100537074,3,6,9,1,0,0,0,0,0,0,0,47,0,0,0,12,12,6,2,12,0,0,0,1,51,23040,6,1,6,0,3,0,68,160,0,0,0,0,0,0,0,0,0,0,0,0,0,0,1,2,45,1,1,2,2,0,0,1,17,2,1,1,88,0,0
51,510546,1,2,1,8,10,15,12,12,2,1,0,51,1,76,709,76709,80,2011,1HD1CT320BC4,1,H,D,1,C,T,3,2,0,B,C,4,0,M,HD,20C,RS,11,17,,,,,,,1200,,2,,4,553,,,,,,,0,0,000000000,00000000000,0,0,0,1,0,0,0,0,0,0,0,70,0,0,0,12,12,6,2,12,0,0,0,1,51,23464,6,1,0,0,3,0,72,210,0,0,0,0,0,0,0,0,0,1,0,0,0,0,1,2,35,2,1,2,1,0,0,14,62,1,1,1,50,1,1
51,510546,2,2,1,8,10,15,12,12,2,1,0,51,1,7,482,7482,31,2002,1D7HU16N22J1,1,D,7,H,U,1,6,N,2,2,J,1,0,T,DODG,150,PK,2,17,,2,1405,1205,RPC,G,,,8,287,,,,B,4676,01,E,44,0,0,000000000,00000000000,0,0,0,1,0,0,0,0,0,0,0,35,0,0,0,12,12,6,2,12,0,0,0,1,51,23454,6,1,0,0,3,0,71,160,0,0,0,1,0,12,2009,12,2009,0,0,0,0,0,1,2,35,3,1,2,1,0,0,14,62,2,1,1,51,0,0
51,510547,1,1,1,6,10,19,28,8,0,1,0,51,2,30,40,30040,4,1995,3VWSC81H0SM0,3,V,W,S,C,8,1,H,0,S,M,0,0,P,VOLK,J3S,4D,95,17,2672,,0,974,,G,,F,4,121,,,14R185,,,,,,0,0,000000000,00000000000,0,0,0,1,0,0,0,0,0,0,0,50,0,0,0,12,12,6,2,8,0,0,0,1,51,23235,6,2,0,0,3,0,74,180,0,0,0,0,0,0,0,0,0,0,0,0,0,0,2,2,45,1,1,2,1,0,0,1,80,2,1,1,13,0,0