STATE,ST_CASE,VEH_NO,VE_FORMS,NUMOCCS,DAY,MONTH,HOUR,MINUTE,HARM_EV,MAN_COLL,UNITTYPE,HIT_RUN,REG_STAT,OWNER,MAKE,MODEL,MAK_MOD,BODY_TYP,MOD_YEAR,VIN,VIN_1,VIN_2,VIN_3,VIN_4,VIN_5,VIN_6,VIN_7,VIN_8,VIN_9,VIN_10,VIN_11,VIN_12,TOW_VEH,VINTYPE,VINMAKE,VINA_MOD,VIN_BT,VINMODYR,VIN_LNGT,VIN_WGT,WGTCD_TR,WHLBS_LG,WHLBS_SH,SER_TR,FUELCODE,MCYCL_DS,CARBUR,CYLINDER,DISPLACE,MCYCL_CY,MCYCL_WT,TIRE_SZE,TON_RAT,TRK_WT,TRKWTVAR,VIN_REST,WHLDRWHL,J_KNIFE,MCARR_I1,MCARR_I2,MCARR_ID,GVWR,V_CONFIG,CARGO_BT,HAZ_INV,HAZ_PLAC,HAZ_ID,HAZ_CNO,HAZ_REL,BUS_USE,SPEC_USE,EMER_USE,TRAV_SP,UNDERIDE,ROLLOVER,ROLINLOC,IMPACT1,IMPACT2,DEFORMED,TOWED,M_HARM,VEH_SC1,VEH_SC2,FIRE_EXP,DR_PRES,L_STATE,DR_ZIP,L_STATUS,L_TYPE,CDL_STAT,L_ENDORS,L_COMPL,L_RESTRI,DR_HGT,DR_WGT,PREV_ACC,PREV_SUS,PREV_DWI,PREV_SPD,PREV_OTH,FIRST_MO,FIRST_YR,LAST_MO,LAST_YR,SPEEDREL,DR_SF1,DR_SF2,DR_SF3,DR_SF4,VTRAFWAY,VNUM_LAN,VSPD_LIM,VALIGN,VPROFILE,VPAVETYP,VSURCOND,VTRAFCON,VTCONT_F,P_CRASH1,P_CRASH2,P_CRASH3,PCRASH4,PCRASH5,ACC_TYPE,DEATHS,DR_DRINK
51,510548,1,1,1,12,10,1,0,35,0,1,0,51,1,12,401,12401,14,2002,1FMZU73EX2UB,1,F,M,Z,U,7,3,E,X,2,U,B,0,P,FORD,EPR,UT,2,17,4378,,0,1137,,G,,F,6,245,,,16R235,,,,,,0,0,000000000,00000000000,0,0,0,1,0,0,0,0,0,0,0,998,0,0,0,12,12,6,2,35,0,0,0,1,51,24641,6,1,0,0,3,0,73,225,1,0,0,1,0,1,2010,8,2011,0,0,0,0,0,1,2,45,2,1,2,2,0,0,14,12,1,1,4,6,1,1
51,510549,1,1,1,12,10,6,3,1,0,1,0,51,1,49,46,49046,4,2007,JTDKB20U4775,J,T,D,K,B,2,0,U,4,7,7,5,0,P,TOYT,PRI,4H,7,17,2932,,0,1063,,B,,F,4,091,,,15R185,,,,,,0,0,000000000,00000000000,0,0,0,1,0,0,0,0,0,0,0,55,0,2,5,0,13,6,2,1,36,0,0,1,51,24401,6,1,0,0,3,0,66,280,0,1,1,0,0,12,2009,2,2010,0,0,0,0,0,1,2,55,1,2,2,2,0,0,1,11,1,1,4,1,1,1
51,510550,1,3,1,12,10,7,50,12,2,1,0,51,1,49,472,49472,30,2000,4TAWN72N8YZ6,4,T,A,W,N,7,2,N,8,Y,Z,6,0,T,TOYT,XTR,PC,0,17,,1,0,1219,TAC,G,,,6,206,,,,B,3425,00,U,44,0,0,000000000,00000000000,0,0,0,1,0,0,0,0,0,0,0,50,0,0,0,12,12,6,2,12,0,0,0,1,51,24251,6,1,0,0,3,0,72,210,0,0,0,0,0,0,0,0,0,0,51,0,0,0,1,2,55,1,2,2,1,0,0,1,10,2,1,1,50,1,0
51,510550,2,3,1,12,10,7,50,12,2,1,0,51,1,85,881,85881,63,1994,1NKDL59XXRJ6,1,N,K,D,L,5,9,X,X,R,J,6,0,T,KW,T80,CC,94,17,,8,0,1600,CON,D,,,6,611,,,,,00000,00,,64,0,99,999999999,99999999999,3,2,4,1,0,0,0,0,0,0,0,50,0,0,0,12,12,6,2,12,0,0,0,1,51,24244,6,1,6,0,3,0,76,210,1,0,0,0,0,12,2008,12,2008,0,0,0,0,0,1,2,55,1,2,2,1,0,0,1,62,1,1,1,51,0,0
51,510550,3,3,1,12,10,7,50,12,2,1,0,51,1,41,471,41471,30,1987,JM2UF3118H05,J,M,2,U,F,3,1,1,8,H,0,5,0,T,MAZD,CBP,PC,87,17,,1,0,1175,B20,G,,,4,122,,,,,00000,00,A,42,0,0,000000000,00000000000,0,0,0,1,0,0,0,0,0,0,0,40,0,0,0,12,12,6,2,12,0,0,0,1,51,24251,6,1,0,0,3,3,69,175,0,0,0,0,0,0,0,0,0,0,0,0,0,0,1,2,55,1,2,2,1,0,0,1,52,2,1,1,98,0,0
51,510551,1,1,1,12,10,21,0,1,0,1,0,51,2,12,401,12401,14,2000,1FMZU72X5YZB,1,F,M,Z,U,7,2,X,5,Y,Z,B,0,P,FORD,EPR,UT,0,17,4065,,0,1116,,G,,F,6,245,,,15R235,,,,,,0,0,000000000,00000000000,0,0,0,1,0,0,0,0,0,0,0,55,0,2,1,0,13,6,2,1,0,0,0,1,51,24558,6,1,0,0,3,0,72,165,0,0,0,0,0,0,0,0,0,1,58,0,0,0,1,2,45,1,1,2,2,0,0,4,8,8,7,6,98,1,0
51,510552,1,2,1,14,8,1,3,12,1,1,0,51,1,72,706,72706,80,1981,1HD1AKK26BY0,1,H,D,1,A,K,K,2,6,B,Y,0,0,M,HD,FHS,RS,81,17,,,,,,,1340,,2,,4,583,,,,,,,0,0,000000000,00000000000,0,0,0,1,0,0,0,0,0,0,0,90,0,0,0,12,12,6,2,12,0,0,0,1,51,22043,6,1,0,0,3,0,76,255,0,0,0,0,0,0,0,0,0,1,0,0,0,0,3,3,45,1,1,2,1,0,0,1,51,1,1,1,24,1,0
51,510552,2,2,1,14,8,1,3,12,1,1,0,51,2,49,40,49040,4,2008,4T1BE46K08U7,4,T,1,B,E,4,6,K,0,8,U,7,0,P,TOYT,XSL,4D,8,17,3263,,0,1093,,G,,F,4,146,,,16R215,,,,,,0,0,000000000,00000000000,0,0,0,1,0,0,0,0,0,0,0,25,0,0,0,6,6,6,2,12,0,0,0,1,51,20120,6,2,0,0,3,0,61,117,0,0,0,0,0,0,0,0,0,0,0,0,0,0,3,3,45,1,1,2,1,0,0,1,53,1,1,1,25,0,0
51,510553,1,1,1,5,10,21,40,8,0,1,1,51,1,20,37,20037,4,2005,1G1ND52F45M1,1,G,1,N,D,5,2,F,4,5,M,1,0,P,CHEV,CLA,4D,5,17,3106,,0,1070,,G,,F,4,134,,,15R205,,,,,,0,0,000000000,00000000000,0,0,0,1,0,0,0,0,0,0,0,999,0,0,0,12,12,4,1,8,0,0,0,1,51,23224,6,1,0,0,3,0,74,200,0,0,0,0,0,0,0,0,0,0,86,0,0,0,1,2,35,1,2,2,1,0,0,1,80,1,1,1,13,0,0
51,510554,1,2,2,13,10,20,8,12,6,1,0,51,2,35,48,35048,2,2003,JN1AZ34E93T0,J,N,1,A,Z,3,4,E,9,3,T,0,0,P,NISS,3ZC,CP,3,17,3062,,0,1083,,G,,F,6,214,,,17R225,,,,,,0,0,000000000,00000000000,0,0,0,1,0,0,0,0,0,0,0,60,0,0,0,9,9,6,2,12,0,0,0,1,51,23112,6,2,0,0,3,0,72,170,0,0,0,0,0,0,0,0,0,1,58,0,0,0,1,2,45,1,2,2,2,0,0,1,12,9,7,6,64,1,1
51,510554,2,2,2,13,10,20,8,12,6,1,0,51,1,30,42,30042,3,2001,3VWCC21V11M8,3,V,W,C,C,2,1,V,1,1,M,8,0,P,VOLK,UCL,CV,1,17,2756,,0,974,,G,,F,4,121,,,14R195,,,,,,0,0,000000000,00000000000,0,0,0,1,0,0,0,0,0,0,0,40,0,0,0,12,12,6,2,12,0,0,0,1,51,23838,6,1,0,0,3,0,71,195,0,0,0,0,0,0,0,0,0,0,0,0,0,0,1,2,45,1,2,2,2,0,0,1,64,1,1,1,65,0,0
51,510555,1,1,1,13,10,20,5,34,0,1,0,51,1,18,2,18002,4,1994,1G4HR52L6RH4,1,G,4,H,R,5,2,L,6,R,H,4,0,P,BUIC,LLF,4D,94,17,3449,,0,1108,,G,,F,6,231,,,15R205,,,,,,0,0,000000000,00000000000,0,0,0,1,0,0,0,0,0,0,0,80,0,1,1,1,1,6,2,1,0,0,0,1,51,23359,6,1,0,0,3,0,68,210,0,1,0,0,0,5,2010,5,2010,1,0,0,0,0,1,2,55,1,1,2,1,0,0,1,11,2,1,4,1,1,1
51,510556,1,1,1,15,10,4,38,8,0,1,1,51,1,37,32,37032,4,1999,1HGCG5651XA0,1,H,G,C,G,5,6,5,1,X,A,0,0,P,HOND,UEX,4D,99,17,3086,,0,1069,,G,,F,4,138,,,15R195,,,,,,0,0,000000000,00000000000,0,0,0,1,0,0,0,0,0,0,0,45,0,0,0,12,12,2,1,8,0,0,0,1,51,24551,6,1,0,0,3,0,70,165,0,0,0,0,0,0,0,0,0,0,91,0,0,0,1,4,45,1,2,2,1,0,0,1,80,1,1,1,13,0,0
51,510557,1,1,1,14,10,21,10,42,0,1,0,51,1,53,709,53709,80,2000,JS1GN78A8Y21,J,S,1,G,N,7,8,A,8,Y,2,1,0,M,SUZI,G60,RC,0,17,,,,,,,600,,4,,4,383,,,,,,,0,0,000000000,00000000000,0,0,0,1,0,0,0,0,0,0,0,999,0,0,0,12,12,6,2,42,0,0,0,1,51,23235,6,1,0,0,3,3,78,200,0,0,0,0,0,0,0,0,0,0,0,0,0,0,1,4,35,3,2,2,1,0,0,14,13,1,1,4,1,1,0
51,510558,1,3,1,15,10,11,9,12,2,1,0,51,3,86,881,86881,62,1973,U685T6232,U,6,8,5,T,6,2,3,2,,,,0,T,MACK,,,73,9,,,,,,,,,,,,,,,,,,,0,77,777777777,77777777777,2,1,4,1,0,0,0,0,0,0,0,50,0,0,0,12,12,6,2,12,0,0,0,1,51,24224,6,1,6,0,3,0,73,230,0,2,0,0,1,6,2010,10,2011,0,51,0,0,0,1,2,55,3,2,1,1,0,0,14,10,1,1,1,50,0,1
51,510558,2,3,1,15,10,11,9,12,2,1,0,51,1,73,706,73706,80,2008,JKAVN2D178A0,J,K,A,V,N,2,D,1,7,8,A,0,0,M,KAWK,VD9,RS,8,17,,,,,,,903,,2,,4,595,,,,,,,0,0,000000000,00000000000,0,0,0,1,0,0,0,0,0,0,0,35,0,0,0,12,12,6,2,12,0,0,0,1,51,24293,6,1,0,0,3,0,74,250,0,0,0,0,0,0,0,0,0,0,51,0,0,0,1,2,55,2,2,1,1,0,0,14,62,1,1,1,51,0,0
51,510558,3,3,1,15,10,11,9,12,2,1,0,51,1,72,706,72706,80,2007,1HD1BW51X7Y0,1,H,D,1,B,W,5,1,X,7,Y,0,0,M,HD,STC,RS,7,17,,,,,,,1584,,2,,4,725,,,,,,,0,0,000000000,00000000000,0,0,0,1,0,0,0,0,0,0,0,35,0,0,0,12,12,6,2,12,0,0,0,1,51,24246,6,1,0,0,3,0,68,165,0,0,0,0,0,0,0,0,0,0,0,0,0,0,1,2,55,2,2,1,1,0,0,14,62,1,1,1,98,1,0
51,510559,1,2,1,14,10,15,47,12,6,1,0,51,1,49,40,49040,4,1987,JT2SV22E1H31,J,T,2,S,V,2,2,E,1,H,3,1,0,P,TOYT,CLE,4D,87,17,2810,,0,1024,,G,,F,4,122,,,14R185,,,,,,0,0,000000000,00000000000,0,0,0,1,0,0,0,0,0,0,0,10,0,0,0,12,12,6,2,12,0,0,0,1,51,24015,6,1,0,0,3,3,69,200,0,0,0,0,1,2,2011,2,2011,0,0,0,0,0,1,4,35,1,1,2,1,20,3,1,17,1,1,1,69,1,0
51,510559,2,2,1,14,10,15,47,12,6,1,0,37,1,85,881,85881,66,1997,1XKWD29X8VR7,1,X,K,W,D,2,9,X,8,V,R,7,1,T,KW,W90,TR,97,17,,8,0,0,CON,D,,,6,855,,,,,00000,00,,64,1,37,00509048,3700509048,3,6,1,1,0,0,0,0,0,0,0,10,0,0,0,9,9,6,2,12,0,0,0,1,37,27295,6,1,6,0,3,0,72,999,0,1,1,0,2,10,2008,6,2011,0,0,0,0,0,3,4,35,1,2,2,1,0,0,11,15,1,1,1,68,0,0
51,510560,1,1,1,14,10,20,18,34,0,1,0,51,1,20,22,20022,4,2007,1G1AK15F8773,1,G,1,A,K,1,5,F,8,7,7,3,0,P,CHEV,BLS,CP,7,17,2991,,0,1033,,G,,F,4,134,,,15R195,,,,,,0,0,000000000,00000000000,0,0,0,1,0,0,0,0,0,0,0,70,0,1,5,12,12,6,2,1,0,0,0,1,51,22560,6,1,0,0,3,0,73,250,0,0,0,1,0,2,2009,2,2009,1,0,0,0,0,1,2,55,1,1,2,1,0,0,1,13,9,1,4,1,1,1
51,510561,1,1,1,14,10,20,15,42,0,1,0,51,2,23,481,23481,31,1993,2GTEC19K3P15,2,G,T,E,C,1,9,K,3,P,1,5,0,T,GMC,SC1,PC,93,17,,2,1555,1415,SIE,G,,,8,350,,,,B,00000,00,A,42,0,0,000000000,00000000000,0,0,0,1,0,0,0,0,0,0,0,85,0,0,0,11,11,6,2,42,0,0,0,1,51,23824,0,0,0,0,0,0,72,145,0,0,0,0,0,0,0,0,0,1,37,0,0,0,1,2,55,2,2,2,1,0,0,14,12,1,1,4,6,1,0
51,510562,1,2,4,16,10,14,56,12,6,1,0,51,1,35,43,35043,4,1994,1N4EB31P5RC7,1,N,4,E,B,3,1,P,5,R,C,7,0,P,NISS,SEL,4D,94,17,2346,,0,957,,G,,F,4,098,,,13R185,,,,,,0,0,000000000,00000000000,0,0,0,1,0,0,0,0,0,0,0,30,0,0,0,3,3,6,2,12,0,0,0,1,51,23927,6,1,7,0,3,0,74,170,0,0,0,0,0,0,0,0,0,0,38,0,0,0,2,4,60,1,1,2,1,0,0,1,17,4,1,1,87,2,0
51,510562,2,2,3,16,10,14,56,12,6,1,0,51,1,12,481,12481,31,2007,1FTRF14W37KD,1,F,T,R,F,1,4,W,3,7,K,D,0,T,FORD,F15,PK,7,17,,2,1450,1260,COF,G,,,8,281,,,,B,5004,01,E,44,0,0,000000000,00000000000,0,0,0,1,0,0,0,0,0,0,0,55,0,0,0,12,12,6,2,12,0,0,0,1,51,23847,6,1,6,0,3,0,72,250,0,0,0,0,0,0,0,0,0,0,0,0,0,0,2,4,60,1,1,2,1,0,0,1,66,4,1,1,86,0,0
51,510563,1,1,1,16,10,14,8,5,0,1,0,51,1,37,706,37706,80,2003,1HFSC47043A2,1,H,F,S,C,4,7,0,4,3,A,2,0,M,HOND,GL8,RS,3,17,,,,,,,1832,,6,,4,816,,,,,,,0,0,000000000,00000000000,0,0,0,1,0,0,0,0,0,0,0,55,0,0,0,0,0,6,2,5,0,0,0,1,51,24175,6,1,6,0,3,0,67,220,1,0,0,0,0,3,2009,3,2009,0,0,0,0,0,2,4,55,1,2,2,1,0,0,1,13,1,1,4,0,1,0
51,510564,1,1,1,14,10,23,18,8,0,1,0,51,1,37,31,37031,4,1988,JHMED6358JS0,J,H,M,E,D,6,3,5,8,J,S,0,0,P,HOND,1.5,2H,88,17,1973,,0,984,,G,,F,4,091,,,13R165,,,,,,0,0,000000000,00000000000,0,0,0,1,0,0,0,0,0,0,0,30,0,0,0,12,12,2,3,8,0,0,0,1,51,23069,6,1,0,0,3,3,72,150,0,0,0,0,0,0,0,0,0,0,0,0,0,0,1,2,45,1,1,2,1,3,3,1,80,1,1,1,13,0,0
51,510565,1,2,1,18,10,17,30,12,2,1,0,51,1,12,481,12481,31,2006,1FTSW20546EA,1,F,T,S,W,2,0,5,4,6,E,A,0,T,FORD,F2S,CW,6,17,,2,1720,1560,SRW,G,,,8,329,,,,C,5927,03,E,42,0,0,000000000,00000000000,0,0,0,1,0,0,0,0,0,0,0,40,0,0,0,12,12,6,2,12,0,0,0,1,51,23464,6,1,0,0,3,0,72,185,1,0,0,1,2,1,2010,8,2010,1,0,0,0,0,1,4,35,1,1,2,1,0,0,1,62,2,1,1,51,0,0
51,510565,2,2,1,18,10,17,30,12,2,1,0,51,2,72,709,72709,80,2006,1HD1HDZ166K8,1,H,D,1,H,D,Z,1,6,6,K,8,0,M,HD,VRD,RS,6,17,,,,,,,1130,,2,,4,607,,,,,,,0,0,000000000,00000000000,0,0,0,1,0,0,0,0,0,0,0,999,0,0,0,12,12,6,2,12,0,0,0,1,51,23456,6,1,0,0,3,0,67,150,0,0,0,0,0,0,0,0,0,0,0,0,0,0,1,4,35,1,1,2,1,3,3,1,10,1,1,2,50,1,0
51,510566,1,1,1,18,10,13,55,24,0,1,0,51,2,53,705,53705,80,2007,JS1GN7DA7721,J,S,1,G,N,7,D,A,7,7,2,1,0,M,SUZI,G60,RC,7,17,,,,,,,599,,4,,4,354,,,,,,,0,0,000000000,00000000000,0,0,0,1,0,0,0,0,0,0,0,70,0,0,0,12,12,6,2,24,0,0,0,1,51,23666,6,1,6,0,3,0,69,213,0,2,0,0,0,3,2009,7,2009,1,0,0,0,0,3,4,45,3,2,1,1,0,0,14,13,1,1,4,1,1,1
51,510567,1,2,1,12,10,23,54,12,6,1,0,51,1,7,482,7482,31,2004,1D7HU18N54S7,1,D,7,H,U,1,8,N,5,4,S,7,0,T,DODG,SQ1,CW,4,17,,2,1605,1405,RPC,G,,,8,287,,,,B,5043,02,E,44,0,0,000000000,00000000000,0,0,0,1,0,0,0,0,0,0,0,998,0,0,0,12,12,6,2,12,0,0,0,1,51,23111,6,1,0,0,3,0,73,220,0,0,0,0,0,0,0,0,0,0,48,0,0,0,3,4,35,1,1,2,2,1,3,98,17,1,1,7,78,1,0
51,510567,2,2,1,12,10,23,54,12,6,1,0,51,2,20,422,20422,15,2005,3GNFK16Z55G1,3,G,N,F,K,1,6,Z,5,5,G,1,0,P,CHEV,K15,UT,5,17,5474,,0,1300,,F,,F,8,325,,,16R265,,,,,,0,0,000000000,00000000000,0,0,0,1,0,0,0,0,0,0,0,40,0,0,0,4,4,6,2,12,0,0,0,1,51,23222,6,1,0,0,3,0,74,170,0,0,0,0,0,0,0,0,0,0,0,0,0,0,3,4,35,1,1,2,2,1,3,1,64,1,1,1,79,0,0
51,510568,1,1,1,9,10,19,53,8,0,1,0,51,1,19,3,19003,4,1987,1G6CD5183H42,1,G,6,C,D,5,1,8,3,H,4,2,0,P,CADI,DFW,4D,87,17,3312,,0,1108,,G,,F,8,249,,,14R205,,,,,,0,0,000000000,00000000000,0,0,0,1,0,0,0,0,0,0,0,45,0,0,0,12,12,6,2,8,0,0,0,1,51,23518,6,1,0,0,3,0,64,180,1,0,0,0,2,2,2009,3,2011,0,0,0,0,0,1,4,50,1,1,2,1,0,0,1,80,1,1,1,13,0,0
51,510569,1,1,1,20,10,2,32,32,0,1,0,51,2,12,402,12402,14,2003,1FMYU93113KD,1,F,M,Y,U,9,3,1,1,3,K,D,0,P,FORD,SPE,UT,3,17,3458,,0,1031,,G,,F,6,181,,,16R235,,,,,,0,0,000000000,00000000000,0,0,0,1,0,0,0,0,0,0,0,60,0,1,1,12,12,6,2,59,0,0,0,1,51,24523,6,1,0,0,3,0,68,155,0,5,0,1,0,6,2009,8,2010,1,0,0,0,0,1,2,45,2,2,2,1,0,0,14,13,2,7,4,2,1,1
51,510570,1,1,2,20,10,1,0,17,0,1,0,51,1,2,404,2404,14,1994,1J4GZ78S1RC1,1,J,4,G,Z,7,8,S,1,R,C,1,0,T,JEEP,LMT,4W,94,17,,1,0,1059,GCK,G,,,6,242,,,,,3674,00,B,44,0,0,000000000,00000000000,0,0,0,1,0,0,0,0,0,0,0,55,0,1,5,1,1,6,2,1,0,0,0,1,51,24263,6,1,0,0,3,0,71,215,0,0,0,1,0,5,2011,5,2011,1,39,0,0,0,1,2,25,3,1,2,2,40,3,14,13,1,1,4,1,1,0
51,510571,1,1,1,21,10,4,25,53,0,1,0,51,3,7,24,7024,4,2010,2B3CA3CV0AH2,2,B,3,C,A,3,C,V,0,A,H,2,0,P,DODG,CHS,4D,10,17,3820,,0,1200,,G,,F,6,214,,,17R215,,,,,,0,0,000000000,00000000000,0,0,0,1,0,0,0,0,0,0,0,50,0,0,0,12,12,6,2,34,0,0,0,1,51,23327,6,1,0,0,3,0,70,240,0,0,0,0,0,0,0,0,0,1,83,0,0,0,1,2,35,3,1,2,1,0,0,14,87,9,7,4,3,1,1
51,510572,1,1,1,22,10,13,27,21,0,1,0,51,1,7,482,7482,31,2006,1D7HA16K46J1,1,D,7,H,A,1,6,K,4,6,J,1,0,T,DODG,S1T,PK,6,17,,2,1405,1205,RPC,G,,,6,225,,,,B,4451,01,E,42,0,0,000000000,00000000000,0,0,0,1,0,0,0,0,0,0,0,80,0,0,0,12,12,6,2,21,0,0,0,1,51,24354,6,1,0,0,3,3,71,220,0,0,0,0,0,0,0,0,0,1,0,0,0,0,2,4,70,1,1,2,1,0,0,1,12,1,1,4,6,1,0
51,510573,1,2,1,23,10,10,50,12,1,1,0,37,1,49,472,49472,30,2011,5TFUX4EN1BX0,5,T,F,U,X,4,E,N,1,B,X,0,0,T,TOYT,ACC,PC,11,17,,1,0,1278,TAC,G,,,4,164,,,,B,3870,00,W,44,0,0,000000000,00000000000,0,0,0,1,0,0,0,0,0,0,0,45,0,0,0,12,12,6,2,12,0,0,0,1,51,24541,6,1,0,0,3,0,63,143,0,0,0,0,0,0,0,0,0,1,26,0,0,0,1,5,40,1,2,2,1,3,3,1,50,1,1,1,20,0,0
51,510573,2,2,4,23,10,10,50,12,1,1,0,51,1,58,34,58034,4,1995,JNKAY21D7SM2,J,N,K,A,Y,2,1,D,7,S,M,2,0,P,INFI,J30,4D,95,17,3527,,0,1087,,G,,F,6,181,,,15R215,,,,,,0,0,000000000,00000000000,0,0,0,1,0,0,0,0,0,0,0,0,0,0,0,6,6,6,2,12,0,0,0,1,51,24540,6,1,0,0,3,3,65,150,0,0,0,0,0,0,0,0,0,0,0,0,0,0,1,5,40,1,2,2,1,3,3,5,53,1,1,1,21,1,0
51,510574,1,1,1,23,10,16,0,1,0,1,0,51,1,73,734,73734,90,2007,000000000000,0,0,0,0,0,0,0,0,0,0,0,0,0,,,,,,,,,,,,,,,,,,,,,,,,,0,0,000000000,00000000000,0,0,0,1,0,0,0,0,0,0,0,15,0,2,5,0,9,6,2,1,0,0,0,1,51,23083,6,1,0,0,3,0,64,135,0,0,0,0,0,0,0,0,0,0,0,0,0,0,1,2,55,2,2,2,1,0,0,14,13,1,1,4,1,1,0
51,510575,1,1,1,25,10,8,9,8,0,1,0,51,1,12,481,12481,31,1980,F26GNHD0392,F,2,6,G,N,H,D,0,3,9,2,,0,T,FORD,F25,PK,80,11,,2,1610,1170,COF,G,,,8,351,,,,BC,4078,01,,44,0,0,000000000,00000000000,0,0,0,1,0,0,0,0,0,0,0,20,0,0,0,12,12,2,1,8,0,0,0,1,51,24401,6,1,0,0,3,0,74,190,0,0,0,0,0,0,0,0,0,0,0,0,0,0,1,3,25,1,1,2,1,3,3,1,80,1,1,1,13,0,0
51,510576,1,1,1,21,10,20,54,9,0,1,0,51,1,49,422,49422,15,2006,5TDBT48A06S2,5,T,D,B,T,4,8,A,0,6,S,2,0,P,TOYT,SEQ,UT,6,17,5330,,0,1181,,G,,F,8,285,,,16R245,,,,,,0,0,000000000,00000000000,0,0,0,1,0,0,0,0,0,0,0,999,0,0,0,12,12,6,2,9,0,0,0,1,51,23832,6,1,0,0,3,0,64,155,0,0,0,0,0,0,0,0,0,0,0,0,0,0,2,4,35,1,1,2,1,0,0,1,83,1,1,1,13,0,0
51,510577,1,1,1,22,10,20,17,8,0,1,0,37,2,12,481,12481,31,2001,1FTRW08L01KE,1,F,T,R,W,0,8,L,0,1,K,E,0,T,FORD,F1S,CW,1,17,,2,0,1388,COF,G,,,8,330,,,,B,4914,01,E,44,0,0,000000000,00000000000,0,0,0,1,0,0,0,0,0,0,0,30,0,0,0,12,12,2,8,8,0,0,0,1,37,27979,6,1,6,0,3,0,67,999,0,0,0,0,0,0,0,0,0,0,0,0,0,0,1,4,35,1,1,2,1,0,0,1,80,1,1,1,13,0,0
51,510578,1,2,2,25,10,20,55,12,2,1,0,51,1,20,4,20004,2,2005,1G1YY24UX551,1,G,1,Y,Y,2,4,U,X,5,5,1,0,P,CHEV,CVT,CP,5,17,3179,,0,1057,,G,,F,8,366,,,18R245,,,,,,0,0,000000000,00000000000,0,0,0,1,0,0,0,0,0,0,0,92,0,0,0,12,12,6,2,12,0,0,0,1,51,22655,6,1,0,0,3,0,69,135,1,0,0,0,0,2,2010,2,2010,1,0,0,0,0,1,2,55,1,1,2,1,0,0,1,10,2,1,2,50,1,0
51,510578,2,2,2,25,10,20,55,12,2,1,0,51,2,35,402,35402,14,2003,5N1ED28Y73C7,5,N,1,E,D,2,8,Y,7,3,C,7,0,P,NISS,XTR,UT,3,17,3924,,0,1043,,G,,F,6,201,,,16R265,,,,,,0,0,000000000,00000000000,0,0,0,1,0,0,0,0,0,0,0,45,0,0,0,12,12,6,2,12,0,0,0,1,51,22630,1,1,0,0,2,0,69,165,0,3,0,0,0,9,2010,10,2011,0,0,0,0,0,1,2,55,1,1,2,1,0,0,1,62,1,1,1,51,0,0
51,510579,1,1,1,6,10,21,44,59,0,1,0,51,2,12,481,12481,31,1997,1FTDX18W5VNB,1,F,T,D,X,1,8,W,5,V,N,B,0,T,FORD,F15,3C,97,17,,1,1570,1390,COF,G,,,8,281,,,,B,4480,01,E,44,0,0,000000000,00000000000,0,0,0,1,0,0,0,0,0,0,0,62,0,0,0,12,12,6,2,35,0,0,0,1,51,24637,6,1,0,0,3,0,70,185,0,0,0,0,0,0,0,0,0,1,0,0,0,0,2,2,55,3,1,2,1,0,0,14,13,1,1,4,1,1,1
51,510580,1,2,1,27,10,7,9,12,6,1,0,51,1,7,472,7472,30,1994,1B7GG23X7RS6,1,B,7,G,G,2,3,X,7,R,S,6,0,T,DODG,DAK,PC,94,17,,1,0,1309,DAK,G,,,6,239,,,,B,3863,00,B,44,0,0,000000000,00000000000,0,0,0,1,0,0,0,0,0,0,0,10,0,0,0,12,12,6,2,12,0,0,0,1,51,23024,6,1,0,0,3,0,68,178,1,0,0,1,2,11,2009,6,2010,0,38,0,0,0,2,2,35,1,1,2,1,0,0,11,66,1,1,1,68,0,0
51,510580,2,2,1,27,10,7,9,12,6,1,0,0,0,99,709,99709,81,2005,000000000000,0,0,0,0,0,0,0,0,0,0,0,0,0,,,,,,,,,,,,,,,,,,,,,,,,,0,0,000000000,00000000000,0,0,0,1,0,0,0,0,0,0,0,30,0,0,0,9,9,6,2,12,0,0,0,1,51,22192,1,1,0,0,2,0,68,165,0,5,0,0,1,11,2008,12,2010,0,0,0,0,0,2,2,35,1,1,2,1,0,0,1,66,1,1,1,69,1,0
51,510581,1,1,1,16,10,14,2,33,0,1,0,51,1,37,705,37705,80,2006,1HFSC47H06A5,1,H,F,S,C,4,7,H,0,6,A,5,0,M,HOND,GL8,RS,6,17,,,,,,,1832,,6,,4,822,,,,,,,0,0,000000000,00000000000,0,0,0,1,0,0,0,0,0,0,0,25,0,0,0,1,1,6,2,5,0,0,0,1,51,23464,6,1,0,0,3,0,70,245,0,0,0,1,0,5,2011,5,2011,0,83,0,0,0,1,2,25,3,1,2,1,0,0,14,87,7,1,4,3,1,1
51,510582,1,1,1,28,10,21,59,8,0,1,0,37,2,34,34,34034,2,2007,WBAWB73567P0,W,B,A,W,B,7,3,5,6,7,P,0,0,P,BMW,35I,CP,7,17,3571,,0,1087,,G,,T,6,183,,,17R225,,,,,,0,0,000000000,00000000000,0,0,0,1,0,0,0,0,0,0,0,999,0,0,0,12,12,0,1,8,0,0,0,1,51,23838,6,1,0,0,3,0,69,182,0,2,1,2,0,2,2009,6,2011,0,0,0,0,0,4,2,25,1,1,2,2,0,0,15,12,1,1,4,98,0,0
51,510583,1,1,1,29,10,3,40,8,0,1,0,51,1,23,471,23471,30,1999,1GTEK14V4XE5,1,G,T,E,K,1,4,V,4,X,E,5,0,T,GMC,NK1,PK,99,17,,2,1330,1190,SIE,G,,,8,293,,,,B,00000,00,U,44,0,0,000000000,00000000000,0,0,0,1,0,0,0,0,0,0,0,45,0,0,0,12,12,2,3,8,0,0,0,1,51,22958,6,1,0,0,3,0,66,170,0,0,0,0,0,0,0,0,0,0,0,0,0,0,1,2,45,1,1,2,2,0,0,1,80,1,1,1,13,0,0