STATE,ST_CASE,VEH_NO,VE_FORMS,NUMOCCS,DAY,MONTH,HOUR,MINUTE,HARM_EV,MAN_COLL,UNITTYPE,HIT_RUN,REG_STAT,OWNER,MAKE,MODEL,MAK_MOD,BODY_TYP,MOD_YEAR,VIN,VIN_1,VIN_2,VIN_3,VIN_4,VIN_5,VIN_6,VIN_7,VIN_8,VIN_9,VIN_10,VIN_11,VIN_12,TOW_VEH,VINTYPE,VINMAKE,VINA_MOD,VIN_BT,VINMODYR,VIN_LNGT,VIN_WGT,WGTCD_TR,WHLBS_LG,WHLBS_SH,SER_TR,FUELCODE,MCYCL_DS,CARBUR,CYLINDER,DISPLACE,MCYCL_CY,MCYCL_WT,TIRE_SZE,TON_RAT,TRK_WT,TRKWTVAR,VIN_REST,WHLDRWHL,J_KNIFE,MCARR_I1,MCARR_I2,MCARR_ID,GVWR,V_CONFIG,CARGO_BT,HAZ_INV,HAZ_PLAC,HAZ_ID,HAZ_CNO,HAZ_REL,BUS_USE,SPEC_USE,EMER_USE,TRAV_SP,UNDERIDE,ROLLOVER,ROLINLOC,IMPACT1,IMPACT2,DEFORMED,TOWED,M_HARM,VEH_SC1,VEH_SC2,FIRE_EXP,DR_PRES,L_STATE,DR_ZIP,L_STATUS,L_TYPE,CDL_STAT,L_ENDORS,L_COMPL,L_RESTRI,DR_HGT,DR_WGT,PREV_ACC,PREV_SUS,PREV_DWI,PREV_SPD,PREV_OTH,FIRST_MO,FIRST_YR,LAST_MO,LAST_YR,SPEEDREL,DR_SF1,DR_SF2,DR_SF3,DR_SF4,VTRAFWAY,VNUM_LAN,VSPD_LIM,VALIGN,VPROFILE,VPAVETYP,VSURCOND,VTRAFCON,VTCONT_F,P_CRASH1,P_CRASH2,P_CRASH3,PCRASH4,PCRASH5,ACC_TYPE,DEATHS,DR_DRINK
51,510584,1,1,1,30,10,14,25,59,0,1,0,51,1,20,471,20471,30,1995,1GCDT14Z4SK2,1,G,C,D,T,1,4,Z,4,S,K,2,0,T,CHEV,S14,PK,95,17,,1,1179,1083,S,G,,,6,262,,,,B,00000,00,,44,0,0,000000000,00000000000,0,0,0,1,0,0,0,0,0,0,0,55,0,1,5,8,8,6,2,59,0,0,0,1,51,24171,6,1,0,0,3,0,73,201,1,0,0,0,0,8,2011,8,2011,0,58,0,0,0,1,2,55,2,2,2,1,0,0,14,13,8,7,4,2,1,0
51,510585,1,2,1,29,10,8,12,12,6,1,0,51,1,49,442,49442,20,2010,5TDKK4CC8AS3,5,T,D,K,K,4,C,C,8,A,S,3,0,P,TOYT,SIE,SV,10,17,4270,,0,1193,,G,,F,6,214,,,16R215,,,,,,0,0,000000000,00000000000,0,0,0,1,0,0,0,0,0,0,0,999,0,0,0,11,11,6,2,12,0,0,0,1,51,23454,6,1,0,0,3,0,66,135,0,0,0,0,0,0,0,0,0,0,38,39,0,0,8,8,35,8,8,8,98,0,0,4,66,1,1,1,69,1,0
51,510585,2,2,1,29,10,8,12,12,6,1,0,51,1,7,472,7472,30,2004,1D7HG38N54S7,1,D,7,H,G,3,8,N,5,4,S,7,0,T,DODG,QSP,CW,4,17,,2,0,1309,DAK,G,,,8,287,,,,B,4331,00,E,44,0,0,000000000,00000000000,0,0,0,1,0,0,0,0,0,0,0,50,0,0,0,12,12,6,2,12,0,0,0,1,51,23454,1,1,0,0,2,0,71,200,0,1,0,0,0,8,2011,8,2011,0,0,0,0,0,1,8,45,1,1,2,1,0,0,11,17,4,1,1,68,0,0
51,510586,1,1,3,30,10,14,38,34,0,1,0,51,2,7,43,7043,4,1996,1B3EJ46X1TN1,1,B,3,E,J,4,6,X,1,T,N,1,0,P,DODG,STR,4D,96,17,2859,,0,1080,,G,,F,4,148,,,14R195,,,,,,0,0,000000000,00000000000,0,0,0,1,0,0,0,0,0,0,0,45,0,0,0,12,12,6,2,43,0,0,0,1,51,23930,6,1,0,0,3,3,69,220,0,0,0,0,0,0,0,0,0,0,0,0,0,0,1,2,45,1,1,2,1,0,0,1,12,1,1,4,6,1,0
51,510587,1,1,1,31,10,23,55,1,0,1,0,51,1,37,32,37032,4,1992,1HGCB7550NA0,1,H,G,C,B,7,5,5,0,N,A,0,0,P,HOND,ALX,4D,92,17,2504,,0,1071,,G,,F,4,132,,,14R185,,,,,,0,0,000000000,00000000000,0,0,0,1,0,0,0,0,0,0,0,75,0,2,5,0,13,6,2,42,0,0,1,1,51,23093,6,1,0,0,3,0,65,149,0,1,0,4,1,4,2009,1,2011,1,0,0,0,0,1,2,55,3,2,2,1,0,0,14,13,1,1,4,1,1,1
51,510588,1,1,1,10,10,20,0,8,0,1,0,51,2,63,31,63031,4,2001,KNAFB1212150,K,N,A,F,B,1,2,1,2,1,5,0,0,P,KIA,SPL,4D,1,17,2478,,0,1008,,G,,F,4,109,,,14R185,,,,,,0,0,000000000,00000000000,0,0,0,1,0,0,0,0,0,0,0,45,0,0,0,11,11,6,2,8,0,0,0,1,51,23061,6,1,0,0,3,0,70,280,0,0,0,1,0,12,2010,12,2010,0,0,0,0,0,1,2,45,1,1,2,1,0,0,1,80,3,1,1,13,0,0
51,510589,1,1,2,16,10,19,30,11,0,1,0,51,1,72,706,72706,80,2007,1HD1FC4197Y6,1,H,D,1,F,C,4,1,9,7,Y,6,0,M,HD,FLU,RS,7,17,,,,,,,1584,,2,,4,808,,,,,,,0,0,000000000,00000000000,0,0,0,1,0,0,0,0,0,0,0,55,0,0,0,11,11,6,2,11,0,0,0,1,51,24066,6,1,0,0,3,0,72,220,0,0,0,1,0,9,2011,9,2011,0,83,0,0,0,1,4,55,1,1,2,1,0,0,1,88,1,1,1,13,1,0
51,510590,1,2,1,22,10,13,41,12,6,1,0,51,1,72,706,72706,80,1982,1HD1CAH15CY1,1,H,D,1,C,A,H,1,5,C,Y,1,0,M,HD,XLH,RS,82,17,,,,,,,1000,,2,,4,516,,,,,,,0,0,000000000,00000000000,0,0,0,1,0,0,0,0,0,0,0,50,0,0,0,12,12,6,2,12,0,0,0,1,51,23112,6,1,0,0,3,0,70,180,0,0,0,1,4,10,2008,9,2011,1,0,0,0,0,3,4,45,1,1,2,1,0,0,1,66,11,1,1,88,1,1
51,510590,2,2,1,22,10,13,41,12,6,1,0,51,1,55,401,55401,14,2004,KM8SB12B34U6,K,M,8,S,B,1,2,B,3,4,U,6,0,P,HYUN,SAN,UT,4,17,3494,,0,1031,,G,,F,4,143,,,16R225,,,,,,0,0,000000000,00000000000,0,0,0,1,0,0,0,0,0,0,0,10,0,0,0,10,10,6,2,12,0,0,0,1,51,23803,6,1,0,0,3,3,63,130,0,0,0,0,0,0,0,0,0,0,38,0,0,0,1,2,98,8,8,2,1,20,3,1,66,1,1,1,89,0,0
51,510591,1,1,1,1,11,4,30,1,0,1,0,51,1,37,734,37734,90,2008,000000000000,0,0,0,0,0,0,0,0,0,0,0,0,0,,,,,,,,,,,,,,,,,,,,,,,,,0,0,000000000,00000000000,0,0,0,1,0,0,0,0,0,0,0,30,0,2,5,0,3,6,2,1,0,0,0,1,51,24620,1,1,0,0,1,0,69,195,0,6,1,0,0,11,2009,3,2011,1,0,0,0,0,1,2,25,3,1,2,1,0,0,14,13,1,1,4,1,1,0
51,510592,1,2,1,1,11,5,47,12,1,1,0,51,1,7,442,7442,20,2008,2D8HN44H98R1,2,D,8,H,N,4,4,H,9,8,R,1,0,T,DODG,GCS,ES,8,17,,2,0,1212,CAR,F,,,6,201,,,,,4321,00,7,42,0,0,000000000,00000000000,0,0,0,1,0,0,0,0,0,0,0,70,0,0,0,12,10,6,2,12,0,0,0,1,51,23111,6,1,0,0,3,0,73,280,0,0,0,0,0,0,0,0,0,0,28,0,0,0,3,3,70,1,1,2,1,0,0,1,50,1,1,1,98,0,0
51,510592,2,2,1,1,11,5,47,12,1,1,0,13,6,37,31,37031,4,2003,1HGEM21223L0,1,H,G,E,M,2,1,2,2,3,L,0,0,P,HOND,UCD,CP,3,17,2403,,0,1031,,G,,F,4,102,,,14R185,,,,,,0,0,000000000,00000000000,0,0,0,1,0,0,0,0,0,0,0,70,0,0,0,6,6,6,2,12,0,0,0,0,0,99997,7,6,97,7,6,7,998,997,998,998,998,998,998,98,9998,98,9998,8,20,0,0,0,3,3,70,1,1,2,1,0,0,0,98,0,0,0,98,1,0
51,510593,1,3,1,4,11,14,15,12,2,1,0,37,2,20,471,20471,30,1999,1GCCS1446X81,1,G,C,C,S,1,4,4,6,X,8,1,0,T,CHEV,S14,PK,99,17,,1,1179,1083,S,G,,,4,133,,,,B,3015,01,,42,0,0,000000000,00000000000,0,0,0,1,0,0,0,0,0,0,0,999,0,0,0,12,12,6,2,12,0,0,0,1,51,23434,1,1,0,0,2,0,72,170,0,9,0,3,0,7,2010,1,2011,0,0,0,0,0,1,4,45,1,1,2,1,0,0,1,50,6,1,1,50,0,0
51,510593,2,3,2,4,11,14,15,12,2,1,0,51,1,7,442,7442,20,2000,2B4GP25G2YR8,2,B,4,G,P,2,5,G,2,Y,R,8,0,P,DODG,CAR,SV,0,17,3432,,0,1133,,F,,F,6,201,,,14R205,,,,,,0,0,000000000,00000000000,0,0,0,1,0,0,0,0,0,0,0,40,0,0,0,12,12,6,2,12,0,0,0,1,51,23666,6,1,0,0,3,0,69,240,1,0,0,0,0,8,2009,8,2009,0,0,0,0,0,1,4,45,1,1,2,1,0,0,1,62,1,1,1,51,1,0
51,510593,3,3,1,4,11,14,15,12,2,1,0,51,2,12,17,12017,4,2000,1FAFP55S4YA2,1,F,A,F,P,5,5,S,4,Y,A,2,0,P,FORD,TSS,4D,0,17,3333,,0,1085,,G,,F,6,182,,,16R215,,,,,,0,0,000000000,00000000000,0,0,0,1,0,0,0,0,0,0,0,0,0,0,0,8,8,2,1,12,0,0,0,1,51,23663,0,0,0,0,0,0,67,320,0,0,0,0,0,0,0,0,0,0,0,0,0,0,1,4,45,1,1,2,1,0,0,5,53,1,1,1,98,0,0
51,510594,1,2,1,4,11,13,4,12,1,1,0,17,3,51,881,51881,66,2005,4V4NC9TJ45N3,4,V,4,N,C,9,T,J,4,5,N,3,1,T,VOLV,VNL,TR,5,17,,8,0,0,VVN,D,,,6,915,,,,,00000,00,,64,1,17,00241572,1700241572,3,6,1,1,0,0,0,0,0,0,0,45,0,0,0,12,12,6,2,12,0,0,0,1,45,29406,6,1,6,0,3,0,67,220,0,0,0,0,0,0,0,0,0,0,33,0,0,0,1,2,45,1,1,2,1,0,0,15,52,4,1,1,24,0,0
51,510594,2,2,1,4,11,13,4,12,1,1,0,51,3,20,471,20471,30,1993,1GBCS10A4P29,1,G,B,C,S,1,0,A,4,P,2,9,0,P,CHEV,S10,UT,93,17,0,,0,0,,G,,F,4,151,,,000000,,,,,,0,0,000000000,00000000000,0,0,0,1,0,0,0,0,0,0,0,998,0,1,5,6,6,6,2,1,0,0,0,1,51,22602,6,1,0,0,3,0,70,180,0,0,0,1,1,9,2009,10,2011,0,0,0,0,0,1,2,45,1,1,2,1,0,0,11,53,1,1,1,26,1,0
51,510595,1,1,2,3,11,19,45,42,0,1,0,51,2,12,471,12471,30,1987,1FTCR11T5HUC,1,F,T,C,R,1,1,T,5,H,U,C,0,T,FORD,RNG,PK,87,17,,1,1140,1080,RNG,G,,,6,177,,,,B,2719,01,A,44,0,0,000000000,00000000000,0,0,0,1,0,0,0,0,0,0,0,65,0,0,0,11,11,6,2,2,0,0,1,1,51,24239,1,1,0,0,2,0,70,150,2,4,1,0,1,8,2009,12,2010,1,0,0,0,0,1,2,55,1,1,2,2,0,0,1,12,1,1,4,6,1,0
51,510596,1,2,1,4,11,16,54,12,2,1,0,51,1,12,37,12037,4,2003,1FAFP34P93W1,1,F,A,F,P,3,4,P,9,3,W,1,0,P,FORD,FCS,4D,3,17,2564,,0,1030,,G,,F,4,122,,,15R195,,,,,,0,0,000000000,00000000000,0,0,0,1,0,0,0,0,0,0,0,998,0,0,0,12,12,6,2,12,0,0,0,1,51,23453,6,1,0,0,3,0,68,122,1,0,0,0,0,4,2011,4,2011,0,28,0,0,0,1,2,25,3,1,2,1,0,0,14,10,1,1,1,50,1,0
51,510596,2,2,1,4,11,16,54,12,2,1,0,51,2,37,441,37441,20,2007,5FNRL38787B0,5,F,N,R,L,3,8,7,8,7,B,0,0,P,HOND,UDY,SV,7,17,0,,0,1181,,G,,F,6,214,,,16R235,,,,,,0,0,000000000,00000000000,0,0,0,1,0,0,0,0,0,0,0,25,0,0,0,12,12,6,2,12,0,0,0,1,51,23454,6,1,0,0,3,0,64,130,0,0,0,0,0,0,0,0,0,0,0,0,0,0,1,2,25,2,1,2,1,0,0,14,62,1,1,1,51,0,0
51,510597,1,2,2,4,11,16,28,12,2,1,0,51,1,37,399,37399,4,2012,5J6TF2H59CL0,5,J,6,T,F,2,H,5,9,C,L,0,0,P,HOND,CRS,UT,12,17,4070,,0,1101,,G,,F,6,213,,,18R225,,,,,,0,0,000000000,00000000000,0,0,0,1,0,0,0,0,0,0,0,55,0,0,0,12,12,6,2,12,0,0,0,1,51,22473,6,1,0,0,3,0,70,270,2,0,0,2,0,3,2009,9,2011,0,51,0,0,0,1,2,45,4,2,2,1,0,0,14,10,1,1,1,50,2,1
51,510597,2,2,1,4,11,16,28,12,2,1,0,51,3,82,981,82981,50,2005,4UZAAXDG05CU,4,U,Z,A,A,X,D,G,0,5,C,U,0,T,FRHT,FS6,BU,5,17,,7,0,0,CHA,D,,,4,292,,,,,00000,00,,42,0,88,888888888,88888888888,3,21,22,1,0,0,0,0,1,0,0,45,0,0,0,12,12,6,2,12,0,0,0,1,51,22520,6,1,6,0,3,0,61,190,0,0,0,0,0,0,0,0,0,0,0,0,0,0,1,2,45,4,2,2,1,0,0,14,62,1,1,1,51,0,0
51,510598,1,2,4,5,11,13,30,12,2,1,0,51,1,2,404,2404,14,1994,1J4FJ68S3RL2,1,J,4,F,J,6,8,S,3,R,L,2,0,T,JEEP,SPT,4W,94,17,,1,0,1014,CHK,G,,,6,242,,,,,3090,00,A,44,0,0,000000000,00000000000,0,0,0,1,0,0,0,0,0,0,0,65,0,0,0,12,12,6,2,12,0,0,0,1,51,24095,6,1,0,0,3,0,70,184,0,0,0,0,0,0,0,0,0,1,0,0,0,0,1,2,55,2,1,2,1,0,0,14,54,1,1,2,50,2,1
51,510598,2,2,3,5,11,13,30,12,2,1,0,51,1,9,442,9442,20,1998,2P4FP2536WR5,2,P,4,F,P,2,5,3,6,W,R,5,0,P,PLYM,VOF,SV,98,17,3428,,0,1133,,G,,F,6,181,,,14R205,,,,,,0,0,000000000,00000000000,0,0,0,1,0,0,0,0,0,0,0,45,0,1,1,12,12,6,2,12,0,0,0,1,51,24523,6,1,0,0,3,3,73,223,0,0,0,1,0,7,2011,7,2011,0,0,0,0,0,1,2,55,3,1,2,1,0,0,14,62,1,1,1,51,1,0
51,510599,1,1,1,6,11,18,0,35,0,1,0,51,1,35,472,35472,30,2011,1N6AD0CW7BC4,1,N,6,A,D,0,C,W,7,B,C,4,0,T,NISS,FLP,4C,11,17,,1,0,0,FRT,G,,,6,244,,,,,4185,00,7,44,0,0,000000000,00000000000,0,0,0,1,0,0,0,0,0,0,0,50,0,1,5,12,12,6,2,1,0,0,0,1,51,24360,6,1,0,0,3,0,71,150,2,0,0,0,0,12,2008,6,2011,1,58,0,0,0,1,2,45,3,2,2,1,0,0,14,13,8,1,4,1,1,1
51,510600,1,2,1,7,11,14,30,12,2,1,0,51,1,18,20,18020,4,1994,2G4WB55L7R14,2,G,4,W,B,5,5,L,7,R,1,4,0,P,BUIC,RGC,4D,94,17,3240,,0,1075,,G,,F,6,231,,,15R205,,,,,,0,0,000000000,00000000000,0,0,0,1,0,0,0,0,0,0,0,50,0,0,0,12,12,6,2,12,0,0,0,1,51,24066,6,1,0,0,3,3,68,170,0,0,0,0,0,0,0,0,0,0,0,0,0,0,1,2,55,2,1,2,1,0,0,14,10,1,1,2,50,1,0
51,510600,2,2,1,7,11,14,30,12,2,1,0,51,3,84,881,84881,61,2006,1HTWXAHT46J3,1,H,T,W,X,A,H,T,4,6,J,3,0,T,INTL,760,CC,6,17,,8,0,0,70S,D,,,6,661,,,,,00000,00,,64,0,88,888888888,88888888888,2,1,4,1,0,0,0,0,0,0,0,50,0,0,0,12,12,6,2,12,0,0,0,1,51,24550,6,1,0,0,3,0,71,210,0,0,0,0,2,6,2009,10,2009,0,0,0,0,0,1,2,55,3,1,2,1,0,0,14,62,1,1,1,51,0,0
51,510601,1,1,2,8,11,1,35,35,0,1,0,51,1,12,18,12018,3,1993,1ZVCT22B9P51,1,Z,V,C,T,2,2,B,9,P,5,1,0,P,FORD,PGT,2H,93,17,0,,0,1029,,G,,F,6,152,,,16R225,,,,,,0,0,000000000,00000000000,0,0,0,1,0,0,0,0,0,0,0,70,0,1,5,12,12,6,2,1,0,0,0,1,51,22657,6,1,0,0,3,0,72,175,0,0,0,0,0,0,0,0,0,1,0,0,0,0,1,2,35,1,2,2,1,0,0,1,12,1,1,4,6,1,1
51,510602,1,1,1,7,11,18,48,8,0,1,0,51,1,49,442,49442,20,2004,5TDZA23C04S2,5,T,D,Z,A,2,3,C,0,4,S,2,0,P,TOYT,SIE,SV,4,17,4120,,0,1193,,G,,F,6,201,,,16R215,,,,,,0,0,000000000,00000000000,0,0,0,1,0,0,0,0,0,0,0,55,0,0,0,12,12,6,2,8,0,0,0,1,51,22310,6,1,0,0,3,3,72,180,0,0,0,0,0,0,0,0,0,0,0,0,0,0,3,4,55,1,1,2,1,0,0,1,80,1,1,1,13,0,0
51,510603,1,1,1,10,11,1,40,24,0,1,0,37,3,84,881,84881,66,2006,1HSHXAHR66J0,1,H,S,H,X,A,H,R,6,6,J,0,1,T,INTL,860,TR,6,17,,8,0,0,80S,D,,,6,661,,,,,00000,00,,64,1,37,00121018,3700121018,3,6,1,2,2,2794,8,2,0,0,0,65,0,1,1,12,11,6,2,1,0,0,0,1,37,27560,6,1,6,2,3,0,74,999,1,0,0,1,1,2,2010,4,2010,0,0,0,0,0,3,4,70,1,2,2,1,0,0,1,12,1,1,4,6,1,0
51,510604,1,1,3,10,11,19,51,42,0,1,0,51,1,63,34,63034,4,2011,KNAGM4A73B50,K,N,A,G,M,4,A,7,3,B,5,0,0,P,KIA,OLX,4D,11,17,3206,,0,1071,,G,,F,4,144,,,16R205,,,,,,0,0,000000000,00000000000,0,0,0,1,0,0,0,0,0,0,0,80,0,0,0,12,12,6,2,42,0,0,0,1,51,24431,6,1,6,0,3,0,66,165,1,0,0,1,0,9,2010,3,2011,1,0,0,0,0,1,2,35,1,2,2,1,0,0,1,13,2,7,4,2,2,1
51,510605,1,1,1,5,10,23,27,33,0,1,0,51,1,76,706,76706,80,2007,JYARN20E77A0,J,Y,A,R,N,2,0,E,7,7,A,0,0,M,YAMA,YFR,RC,7,17,,,,,,,998,,4,,4,381,,,,,,,0,0,000000000,00000000000,0,0,0,1,0,0,0,0,0,0,0,26,0,0,0,4,12,6,2,19,0,0,0,1,51,23323,6,1,6,0,3,0,72,220,0,0,0,2,2,6,2009,5,2010,1,0,0,0,0,1,2,25,1,1,2,1,0,0,1,13,4,7,4,2,1,0
51,510606,1,1,1,9,11,11,11,42,0,1,0,51,1,20,2,20002,4,2005,2G1WF55E3593,2,G,1,W,F,5,5,E,3,5,9,3,0,P,CHEV,IMP,4D,5,17,3389,,0,1105,,G,,F,6,207,,,16R225,,,,,,0,0,000000000,00000000000,0,0,0,1,0,0,0,0,0,0,0,60,0,0,0,9,9,6,2,42,0,0,0,1,51,23185,1,1,0,0,2,0,74,210,1,5,1,5,0,1,2009,7,2011,1,58,0,0,0,1,2,55,1,1,2,1,0,0,1,8,9,7,4,2,1,1
51,510607,1,4,1,8,3,20,0,8,0,1,0,51,1,20,401,20401,14,2005,1GNDT13S9523,1,G,N,D,T,1,3,S,9,5,2,3,0,P,CHEV,TRL,UT,5,17,4612,,0,1130,,G,,F,6,256,,,16R245,,,,,,0,0,000000000,00000000000,0,0,0,1,0,0,0,0,0,0,0,70,0,0,0,12,12,6,2,8,0,0,0,1,51,23434,6,1,0,0,3,3,64,135,0,0,0,0,1,7,2009,7,2009,0,0,0,0,0,2,8,70,1,1,2,1,0,0,1,80,1,1,1,13,0,0
51,510607,2,4,1,8,3,20,0,8,0,1,0,51,1,6,43,6043,1,2005,1C3EL55R05N6,1,C,3,E,L,5,5,R,0,5,N,6,0,P,CHRY,STO,CV,5,17,3276,,0,1060,,G,,F,6,165,,,16R205,,,,,,0,0,000000000,00000000000,0,0,0,1,0,0,0,0,0,0,0,70,0,0,0,11,11,6,2,8,0,0,0,1,51,23111,6,1,0,0,3,3,71,185,0,0,0,1,0,11,2009,11,2009,0,0,0,0,0,2,8,70,1,1,2,1,0,0,1,80,8,1,1,98,0,0
51,510607,3,4,1,8,3,20,0,8,0,1,0,51,1,35,472,35472,30,2001,1N6ED26T11C3,1,N,6,E,D,2,6,T,1,1,C,3,0,T,NISS,KXS,PC,1,17,,1,0,1161,FRT,G,,,6,201,,,,B,3526,01,U,42,0,0,000000000,00000000000,0,0,0,1,0,0,0,0,0,0,0,70,0,0,0,2,2,6,2,12,0,0,0,1,51,23005,6,1,0,0,3,0,72,240,0,0,0,0,0,0,0,0,0,0,0,0,0,0,2,8,70,1,1,2,1,0,0,1,60,1,1,1,98,0,0
51,510607,4,4,1,8,3,20,0,8,0,1,0,51,2,37,31,37031,4,1995,1HGEJ1124SL0,1,H,G,E,J,1,1,2,4,S,L,0,0,P,HOND,CEX,CP,95,17,2371,,0,1032,,G,,F,4,097,,,14R185,,,,,,0,0,000000000,00000000000,0,0,0,1,0,0,0,0,0,0,0,70,0,0,0,99,99,6,2,8,0,0,0,1,51,23228,6,1,0,0,3,0,70,130,0,0,0,0,0,0,0,0,0,0,0,0,0,0,2,8,70,1,1,2,1,0,0,1,80,1,1,1,98,0,0
51,510608,1,2,1,11,11,10,25,12,7,1,0,51,1,37,31,37031,2,1997,2HGEJ6345VH1,2,H,G,E,J,6,3,4,5,V,H,1,0,P,HOND,UCD,2H,97,17,2253,,0,1032,,G,,F,4,097,,,14R185,,,,,,0,0,000000000,00000000000,0,0,0,1,0,0,0,0,0,0,0,60,0,0,0,10,10,6,2,12,0,0,0,1,51,22902,6,1,0,0,3,0,74,185,1,1,0,2,3,5,2009,10,2010,0,27,0,0,0,3,2,65,1,1,2,1,0,0,15,10,2,1,1,45,0,0
51,510608,2,2,1,11,11,10,25,12,7,1,0,51,1,12,471,12471,30,1985,1FTBR11S7FUB,1,F,T,B,R,1,1,S,7,F,U,B,0,T,FORD,RNG,PK,85,17,,1,1140,1080,RNG,G,,,6,171,,,,B,2691,03,A,44,0,0,000000000,00000000000,0,0,0,1,0,0,0,0,0,0,0,65,0,1,1,4,4,6,2,1,0,0,0,1,51,23093,6,1,0,0,3,0,69,180,1,0,0,0,0,4,2010,4,2010,0,0,0,0,0,3,2,65,1,1,2,1,0,0,1,61,4,1,1,44,1,0
51,510609,1,1,1,11,11,21,51,35,0,1,0,51,2,12,401,12401,14,1996,1FMDU34X3TZB,1,F,M,D,U,3,4,X,3,T,Z,B,0,P,FORD,EPR,UT,96,17,4189,,0,1115,,G,,F,6,245,,,15R225,,,,,,0,0,000000000,00000000000,0,0,0,1,0,0,0,0,0,0,0,70,0,1,5,1,12,6,2,35,0,0,0,1,51,23832,6,1,0,0,3,0,68,150,0,2,0,0,0,5,2010,2,2011,1,37,0,0,0,1,2,25,3,1,2,1,7,3,14,13,2,1,4,1,1,1
51,510610,1,2,1,13,11,15,3,12,6,1,0,51,1,76,705,76705,80,1994,JYA3HHE01RA0,J,Y,A,3,H,H,E,0,1,R,A,0,0,M,YAMA,F6R,RC,94,17,,,,,,,599,,4,,4,395,,,,,,,0,0,000000000,00000000000,0,0,0,1,0,0,0,0,0,0,0,55,0,0,0,12,12,6,2,12,0,0,0,1,51,23453,6,1,0,0,2,0,67,225,0,1,0,0,0,3,2010,3,2010,1,0,0,0,0,2,6,45,1,1,2,1,0,0,1,54,4,1,1,88,1,0
51,510610,2,2,1,13,11,15,3,12,6,1,0,51,1,12,422,12422,15,2008,1FMFU16538LA,1,F,M,F,U,1,6,5,3,8,L,A,0,P,FORD,EPT,UT,8,17,5805,,0,1190,,G,,F,8,329,,,17R265,,,,,,0,0,000000000,00000000000,0,0,0,1,0,0,0,0,0,0,0,15,0,0,0,7,7,2,1,12,0,0,0,1,51,23453,6,1,0,0,3,0,74,229,0,0,0,0,0,0,0,0,0,0,0,0,0,0,2,6,45,1,1,2,1,0,0,4,54,4,1,1,89,0,0
51,510611,1,1,2,12,11,2,9,33,0,1,0,35,2,35,47,35047,4,2001,1N4DL01DX1C1,1,N,4,D,L,0,1,D,X,1,C,1,0,P,NISS,AXE,4D,1,17,2754,,0,1031,,G,,F,4,146,,,15R195,,,,,,0,0,000000000,00000000000,0,0,0,1,0,0,0,0,0,0,0,999,0,0,0,99,99,9,2,42,0,0,0,1,99,99999,9,9,99,9,9,9,999,999,99,99,99,99,99,99,9999,99,9999,0,0,0,0,0,1,4,25,4,2,2,1,0,0,14,12,1,1,4,6,2,1
51,510612,1,1,1,13,11,2,15,42,0,1,0,51,2,19,399,19399,4,1994,1G6KS52Y6RU8,1,G,6,K,S,5,2,Y,6,R,U,8,0,P,CADI,SLS,4D,94,17,3738,,0,1110,,G,,F,8,279,,,16R225,,,,,,0,0,000000000,00000000000,0,0,0,1,0,0,0,0,0,0,0,45,0,0,0,11,11,6,2,2,0,0,1,1,51,24540,6,1,0,0,3,0,69,280,1,2,1,0,1,6,2009,2,2010,0,0,0,0,0,1,2,55,1,2,2,1,0,0,1,12,2,1,4,6,1,1
51,510613,1,1,1,13,11,1,28,1,0,1,0,51,2,7,20,7020,4,2000,1B3ES46C5YD6,1,B,3,E,S,4,6,C,5,Y,D,6,0,P,DODG,NSE,4D,0,17,2515,,0,1050,,G,,F,4,122,,,14R185,,,,,,0,0,000000000,00000000000,0,0,0,1,0,0,0,0,0,0,0,65,0,2,3,0,3,6,2,1,0,0,0,1,51,22923,6,1,0,0,3,0,74,210,0,2,0,3,0,7,2010,9,2010,0,0,0,0,0,2,2,65,3,2,2,1,0,0,14,12,4,1,4,6,1,1
51,510614,1,3,1,15,11,14,36,24,0,1,0,51,3,85,881,85881,63,2006,1NKDX0EX96J1,1,N,K,D,X,0,E,X,9,6,J,1,0,T,KW,T80,CC,6,17,,8,2600,1600,CON,D,,,6,659,,,,,00000,00,,,0,51,257688,51257688,3,2,4,1,0,0,0,0,0,0,0,53,0,0,0,11,11,6,2,12,0,0,0,1,51,22306,6,1,6,0,3,0,73,259,0,0,0,0,0,0,0,0,0,1,51,0,0,0,2,2,50,1,1,2,1,0,0,1,10,1,1,4,98,0,0
51,510614,2,3,1,15,11,14,36,24,0,1,0,51,3,12,481,12481,31,2002,1FTSX31L92EB,1,F,T,S,X,3,1,L,9,2,E,B,0,T,FORD,F3S,4C,2,17,,2,1580,1418,SRW,G,,,8,330,,,,D,5943,05,U,44,0,0,000000000,00000000000,0,0,0,1,0,0,0,0,0,0,0,10,0,0,0,4,4,6,2,12,0,0,0,1,51,20105,6,1,0,0,3,0,65,116,0,0,0,0,0,0,0,0,0,0,0,0,0,0,2,2,50,1,1,2,1,0,0,1,62,9,7,4,98,0,0