STATE,ST_CASE,VEH_NO,VE_FORMS,NUMOCCS,DAY,MONTH,HOUR,MINUTE,HARM_EV,MAN_COLL,UNITTYPE,HIT_RUN,REG_STAT,OWNER,MAKE,MODEL,MAK_MOD,BODY_TYP,MOD_YEAR,VIN,VIN_1,VIN_2,VIN_3,VIN_4,VIN_5,VIN_6,VIN_7,VIN_8,VIN_9,VIN_10,VIN_11,VIN_12,TOW_VEH,VINTYPE,VINMAKE,VINA_MOD,VIN_BT,VINMODYR,VIN_LNGT,VIN_WGT,WGTCD_TR,WHLBS_LG,WHLBS_SH,SER_TR,FUELCODE,MCYCL_DS,CARBUR,CYLINDER,DISPLACE,MCYCL_CY,MCYCL_WT,TIRE_SZE,TON_RAT,TRK_WT,TRKWTVAR,VIN_REST,WHLDRWHL,J_KNIFE,MCARR_I1,MCARR_I2,MCARR_ID,GVWR,V_CONFIG,CARGO_BT,HAZ_INV,HAZ_PLAC,HAZ_ID,HAZ_CNO,HAZ_REL,BUS_USE,SPEC_USE,EMER_USE,TRAV_SP,UNDERIDE,ROLLOVER,ROLINLOC,IMPACT1,IMPACT2,DEFORMED,TOWED,M_HARM,VEH_SC1,VEH_SC2,FIRE_EXP,DR_PRES,L_STATE,DR_ZIP,L_STATUS,L_TYPE,CDL_STAT,L_ENDORS,L_COMPL,L_RESTRI,DR_HGT,DR_WGT,PREV_ACC,PREV_SUS,PREV_DWI,PREV_SPD,PREV_OTH,FIRST_MO,FIRST_YR,LAST_MO,LAST_YR,SPEEDREL,DR_SF1,DR_SF2,DR_SF3,DR_SF4,VTRAFWAY,VNUM_LAN,VSPD_LIM,VALIGN,VPROFILE,VPAVETYP,VSURCOND,VTRAFCON,VTCONT_F,P_CRASH1,P_CRASH2,P_CRASH3,PCRASH4,PCRASH5,ACC_TYPE,DEATHS,DR_DRINK
51,510614,3,3,1,15,11,14,36,24,0,1,0,51,1,37,402,37402,14,2004,SHSRD78814U2,S,H,S,R,D,7,8,8,1,4,U,2,0,P,HOND,CRV,UT,4,17,3347,,0,1031,,G,,F,4,146,,,15R205,,,,,,0,0,000000000,00000000000,0,0,0,1,0,0,0,0,0,0,0,10,0,0,0,12,12,6,2,12,0,0,0,1,51,20152,6,1,0,0,3,0,70,175,0,0,0,1,0,12,2009,12,2009,0,0,0,0,0,2,2,50,1,1,2,1,0,0,1,64,1,1,1,98,1,0
51,510615,1,3,1,11,11,11,29,12,1,1,0,51,3,85,881,85881,66,1999,1XKDDU9X3XJ8,1,X,K,D,D,U,9,X,3,X,J,8,1,T,KW,T80,TR,99,17,,8,2600,1600,CON,D,,,6,733,,,,,00000,00,,64,1,51,00485791,5100485791,3,6,10,1,0,0,0,0,0,0,0,40,0,0,0,6,6,8,8,12,0,0,0,1,51,23950,6,1,6,0,3,0,69,270,0,0,0,1,0,7,2011,7,2011,0,0,0,0,0,3,4,70,1,1,2,1,0,0,2,53,1,1,1,98,0,0
51,510615,2,3,4,11,11,11,29,12,1,1,0,45,2,49,482,49482,31,2007,5TBBV54137S4,5,T,B,B,V,5,4,1,3,7,S,4,0,T,TOYT,DBS,CW,7,17,,2,0,1457,TUN,G,,,8,348,,,,B,5445,00,S,44,0,0,000000000,00000000000,0,0,0,1,0,0,0,0,0,0,0,40,0,0,0,6,12,6,2,12,0,0,0,1,45,29644,6,1,0,0,3,0,68,240,0,0,0,1,0,4,2009,4,2009,0,0,0,0,0,3,4,70,1,1,2,1,0,0,2,53,1,1,1,25,3,0
51,510615,3,3,1,11,11,11,29,12,1,1,0,56,3,93,981,93981,51,2003,1M83JMPA33P0,1,M,8,3,J,M,P,A,3,3,P,0,0,T,MCIN,,,3,17,,,,,,,,,,,,,,,,,,,0,56,00191032,5600191032,3,21,22,1,0,0,0,0,5,0,0,55,0,0,0,12,12,6,2,12,0,0,0,1,37,27407,6,1,6,3,3,0,66,999,0,0,0,0,0,0,0,0,0,0,92,0,0,0,3,4,70,1,1,2,1,0,0,1,51,4,1,1,24,0,0
51,510616,1,1,1,15,11,13,15,32,0,1,0,51,1,14,401,14401,14,2004,4M2DU86W04UJ,4,M,2,D,U,8,6,W,0,4,U,J,0,P,MERC,MOU,UT,4,17,4433,,0,1138,,G,,F,8,281,,,16R235,,,,,,0,0,000000000,00000000000,0,0,0,1,0,0,0,0,0,0,0,65,0,1,5,1,1,6,2,1,0,0,0,1,51,22460,6,1,0,0,3,0,67,188,0,0,0,0,0,0,0,0,0,1,0,0,0,0,2,4,45,1,1,2,1,0,0,1,13,1,1,4,1,1,0
51,510617,1,2,1,14,11,11,45,12,1,1,0,54,3,87,881,87881,66,2003,1XP5DB9X03N5,1,X,P,5,D,B,9,X,0,3,N,5,1,T,PTRB,379,TR,3,17,,8,0,0,CON,D,,,6,893,,,,,00000,00,,64,1,54,00968308,5400968308,3,6,10,1,0,0,0,0,0,0,0,70,0,1,5,12,12,6,2,1,0,0,1,1,54,26818,6,1,6,0,3,0,75,240,1,0,0,1,2,4,2010,3,2011,1,39,0,0,0,3,4,45,1,2,2,1,0,0,1,51,1,1,1,24,1,0
51,510617,2,2,2,14,11,11,45,12,1,1,0,31,3,82,881,82881,66,2009,1FUJGLCK09LA,1,F,U,J,G,L,C,K,0,9,L,A,1,T,FRHT,125,TR,9,17,,8,0,0,CSC,D,,,6,855,,,,,00000,00,,64,1,31,00053467,3100053467,3,6,1,1,0,0,0,0,0,0,0,45,0,0,0,6,6,6,2,12,0,0,0,1,13,30043,6,1,6,0,3,0,64,206,98,0,0,0,0,0,0,0,0,0,0,0,0,0,3,4,45,1,2,2,1,0,0,1,53,3,1,1,25,0,0
51,510618,1,3,1,15,11,10,16,12,6,1,0,51,1,12,17,12017,4,1995,1FALP52U5SG1,1,F,A,L,P,5,2,U,5,S,G,1,0,P,FORD,TGS,4D,95,17,3118,,0,1060,,G,,F,6,182,,,15R205,,,,,,0,0,000000000,00000000000,0,0,0,1,0,0,0,0,0,0,0,45,0,0,0,12,12,6,2,12,0,0,0,1,51,22485,6,1,0,0,3,0,71,180,0,1,0,0,1,3,2011,5,2011,1,51,0,0,0,1,2,35,3,1,2,1,0,0,14,10,1,1,1,64,1,0
51,510618,2,3,1,15,11,10,16,12,6,1,0,51,1,41,402,41402,14,2006,4F2CZ94186KM,4,F,2,C,Z,9,4,1,8,6,K,M,0,P,MAZD,TRI,UT,6,17,3271,,0,1031,,G,,F,6,181,,,16R235,,,,,,0,0,000000000,00000000000,0,0,0,1,0,0,0,0,0,0,0,35,0,0,0,8,8,2,1,12,0,0,0,1,51,22485,6,1,0,0,3,0,64,240,0,0,0,0,0,0,0,0,0,0,0,0,0,0,1,2,35,1,1,2,1,0,0,1,62,1,1,1,65,0,0
51,510618,3,3,1,15,11,10,16,12,6,1,0,51,3,84,881,84881,63,2009,1HTMKAAN39H1,1,H,T,M,K,A,A,N,3,9,H,1,0,T,INTL,440,CC,9,17,,7,0,0,40S,D,,,6,466,,,,,00000,00,,42,0,51,00840361,5100840361,3,1,1,1,0,0,0,0,0,0,0,35,0,0,0,12,12,6,2,12,0,0,0,1,51,23111,6,1,6,0,3,0,76,215,1,0,0,0,0,12,2009,12,2009,0,0,0,0,0,1,2,35,1,1,2,1,0,0,1,62,1,1,1,98,0,0
51,510619,1,1,1,13,11,9,10,43,0,1,0,51,1,34,706,34706,80,2006,WB10317A06ZL,W,B,1,0,3,1,7,A,0,6,Z,L,0,M,BMW,12G,EN,6,17,,,,,,,1170,,2,,4,439,,,,,,,0,0,000000000,00000000000,0,0,0,1,0,0,0,0,0,0,0,45,0,0,0,12,12,6,2,42,0,0,0,1,51,22066,6,1,0,0,3,0,76,230,1,1,1,2,3,7,2009,3,2011,1,0,0,0,0,1,2,40,3,2,2,1,0,0,14,13,1,1,4,1,1,0
51,510620,1,1,1,8,11,18,50,42,0,1,0,51,1,49,40,49040,4,2001,4T1BG22K11U0,4,T,1,B,G,2,2,K,1,1,U,0,0,P,TOYT,CXL,4D,1,17,2998,,0,1051,,G,,F,4,132,,,15R205,,,,,,0,0,000000000,00000000000,0,0,0,1,0,0,0,0,0,0,0,999,0,0,0,12,12,6,2,42,0,0,0,1,51,22963,6,1,0,0,3,0,62,130,0,0,0,0,0,0,0,0,0,0,0,0,0,0,1,2,55,3,1,2,1,0,0,14,12,1,1,4,6,1,0
51,510621,1,1,2,17,11,16,0,42,0,1,0,51,2,12,481,12481,31,1993,2FTEF14N4PCA,2,F,T,E,F,1,4,N,4,P,C,A,0,T,FORD,F15,PK,93,17,,2,1330,1170,COF,G,,,8,302,,,,B,00000,00,A,44,0,0,000000000,00000000000,0,0,0,1,0,0,0,0,0,0,0,45,0,0,0,3,3,6,2,42,0,0,0,1,51,22646,6,1,0,0,3,0,71,250,0,4,0,0,0,11,2009,8,2011,1,58,0,0,0,1,2,35,2,1,2,1,0,0,14,12,9,1,4,6,1,1
51,510622,1,2,1,16,11,22,3,12,6,1,0,51,1,35,43,35043,4,2006,3N1CB51D06L5,3,N,1,C,B,5,1,D,0,6,L,5,0,P,NISS,S18,4D,6,17,2509,,0,998,,G,,F,4,108,,,15R195,,,,,,0,0,000000000,00000000000,0,0,0,1,0,0,0,0,0,0,0,999,0,0,0,3,3,6,2,12,0,0,0,1,51,22902,6,1,0,0,3,0,65,135,2,0,0,1,0,9,2010,7,2011,0,92,0,0,0,1,2,55,1,1,2,2,40,3,1,10,1,1,1,64,1,1
51,510622,2,2,2,16,11,22,3,12,6,1,0,51,2,12,402,12402,14,2011,1FMCU9DG3BKC,1,F,M,C,U,9,D,G,3,B,K,C,0,P,FORD,SPE,UT,11,17,3504,,0,1031,,F,,F,6,183,,,16R235,,,,,,0,0,000000000,00000000000,0,0,0,1,0,0,0,0,0,0,0,45,0,0,0,12,12,6,2,12,0,0,0,1,51,24562,6,1,0,0,3,0,64,155,0,0,0,0,0,0,0,0,0,0,0,0,0,0,1,2,55,1,1,2,2,40,3,1,62,1,1,1,65,0,0
51,510623,1,1,1,18,11,19,1,30,0,1,0,51,1,20,481,20481,31,1994,1GCEK19K4RE2,1,G,C,E,K,1,9,K,4,R,E,2,0,T,CHEV,GK1,PC,94,17,,2,1555,1415,GM4,G,,,8,350,,,,B,4032,00,,44,0,0,000000000,00000000000,0,0,0,1,0,0,0,0,0,0,0,55,0,1,5,10,10,6,2,1,0,0,0,1,51,24530,6,1,0,0,3,0,74,190,0,0,0,0,0,0,0,0,0,0,85,0,0,0,1,2,55,1,1,2,1,0,0,1,59,8,7,4,7,1,1
51,510624,1,1,1,9,11,9,20,5,0,1,0,51,1,76,706,76706,80,2001,JYARN05EX1A0,J,Y,A,R,N,0,5,E,X,1,A,0,0,M,YAMA,YFR,RC,1,17,,,,,,,998,,4,,4,385,,,,,,,0,0,000000000,00000000000,0,0,0,1,0,0,0,0,0,0,0,999,0,0,0,0,0,6,2,5,0,0,0,1,51,23451,6,1,0,0,3,3,71,190,0,1,0,1,0,7,2009,5,2011,0,0,0,0,0,1,2,55,1,1,2,1,0,0,1,98,4,1,4,0,1,0
51,510625,1,2,4,18,11,16,30,12,2,1,0,51,1,12,481,12481,31,2006,1FTWW31P26EC,1,F,T,W,W,3,1,P,2,6,E,C,0,T,FORD,F3S,CW,6,17,,3,1720,1560,SRW,D,,,8,366,,,,D,6585,01,U,44,0,0,000000000,00000000000,0,0,0,1,0,0,0,0,0,0,0,50,0,1,5,12,12,6,2,12,0,0,0,1,51,24431,6,1,0,0,3,3,71,205,0,0,0,2,0,7,2009,5,2011,0,0,0,0,0,1,2,55,1,2,2,1,0,0,1,62,1,1,1,50,0,0
51,510625,2,2,1,18,11,16,30,12,2,1,0,51,1,49,482,49482,31,2006,5TBBT44196S4,5,T,B,B,T,4,4,1,9,6,S,4,0,T,TOYT,TT5,4C,6,17,,2,0,1283,TUN,G,,,8,285,,,,B,4800,00,U,44,0,0,000000000,00000000000,0,0,0,1,0,0,0,0,0,0,0,60,0,0,0,12,12,6,2,12,0,0,0,1,51,24441,6,1,0,0,3,3,67,172,0,0,0,2,0,3,2009,4,2010,1,51,0,0,0,1,2,55,1,2,2,1,0,0,1,10,1,1,2,51,1,0
51,510626,1,1,2,22,11,9,35,31,0,1,0,51,1,2,404,2404,14,1994,1J4FJ68S4RL2,1,J,4,F,J,6,8,S,4,R,L,2,0,T,JEEP,SPT,4W,94,17,,1,0,1014,CHK,G,,,6,242,,,,,3090,00,A,44,0,0,000000000,00000000000,0,0,0,1,0,0,0,0,0,0,0,55,0,0,0,2,2,6,2,19,0,0,0,1,51,23002,6,1,0,0,3,0,66,138,1,1,0,1,1,4,2009,8,2011,0,0,0,0,0,1,2,55,1,1,2,1,0,0,1,13,1,1,4,6,1,0
51,510627,1,1,1,24,11,5,49,42,0,1,0,51,1,63,402,63402,14,2005,KNDJC7337554,K,N,D,J,C,7,3,3,7,5,5,4,0,P,KIA,SOR,UT,5,17,4306,,0,1067,,G,,F,6,213,,,16R245,,,,,,0,0,000000000,00000000000,0,0,0,1,0,0,0,0,0,0,0,35,0,0,0,12,12,6,2,42,0,0,0,1,51,23047,6,1,6,0,3,3,70,275,0,0,0,0,0,0,0,0,0,0,0,0,0,0,1,2,35,3,1,2,1,0,0,14,13,1,1,4,1,1,0
51,510628,1,1,4,26,11,2,54,53,0,1,1,51,2,12,17,12017,4,2000,1FAFP5521YG1,1,F,A,F,P,5,5,2,1,Y,G,1,0,P,FORD,TSS,4D,0,17,3333,,0,1085,,F,,F,6,182,,,16R215,,,,,,0,0,000000000,00000000000,0,0,0,1,0,0,0,0,0,0,0,998,0,2,5,12,12,6,2,1,0,0,0,1,51,23235,0,0,0,0,0,0,999,999,0,0,0,0,0,0,0,0,0,0,92,0,0,0,1,2,35,1,1,2,1,20,3,1,13,1,1,4,1,1,1
51,510629,1,1,1,25,11,17,12,8,0,1,0,51,1,20,471,20471,30,2003,1GCCS14X8381,1,G,C,C,S,1,4,X,8,3,8,1,0,T,CHEV,S14,PK,3,17,,1,0,1083,S,G,,,6,262,,,,B,3016,01,,42,0,0,000000000,00000000000,0,0,0,1,0,0,0,0,0,0,0,45,0,0,0,12,12,2,3,8,0,0,0,1,51,23831,6,1,0,0,3,0,71,170,1,1,0,2,2,1,2009,8,2011,0,0,0,0,0,2,6,45,1,1,2,1,0,0,1,81,1,1,1,13,0,0
51,510630,1,1,2,25,11,19,20,42,0,1,0,51,1,6,51,6051,4,2000,2C3HE66G3YH3,2,C,3,H,E,6,6,G,3,Y,H,3,0,P,CHRY,30M,4D,0,17,3499,,0,1130,,G,,F,6,215,,,17R225,,,,,,0,0,000000000,00000000000,0,0,0,1,0,0,0,0,0,0,0,40,0,1,5,12,12,6,2,1,0,0,0,1,51,24592,1,1,0,0,2,0,72,245,0,5,0,0,2,12,2008,4,2011,0,0,0,0,0,1,2,35,2,2,2,1,28,3,14,12,1,1,4,6,1,1
51,510631,1,1,1,25,11,23,13,35,0,1,0,51,1,12,3,12003,2,1987,1FABP42E3HF1,1,F,A,B,P,4,2,E,3,H,F,1,0,P,FORD,MGT,2H,87,17,3080,,0,1005,,G,,F,8,302,,,15R225,,,,,,0,0,000000000,00000000000,0,0,0,1,0,0,0,0,0,0,0,100,0,2,2,12,12,6,2,1,0,0,0,1,51,24354,6,1,6,0,3,3,70,170,0,0,0,0,1,11,2011,11,2011,1,37,0,0,0,3,4,70,4,2,2,1,0,0,6,13,1,1,4,1,1,1
51,510632,1,2,1,26,11,20,36,12,2,1,0,51,1,12,17,12017,4,1997,1FALP52U0VA1,1,F,A,L,P,5,2,U,0,V,A,1,0,P,FORD,TAG,4D,97,17,3329,,0,1085,,G,,F,6,182,,,15R205,,,,,,0,0,000000000,00000000000,0,0,0,1,0,0,0,0,0,0,0,55,0,0,0,12,12,6,2,12,0,0,0,1,51,23229,6,1,0,0,3,0,62,100,0,0,0,1,0,6,2010,6,2010,0,51,0,0,0,2,4,60,1,1,2,1,0,0,1,54,1,1,2,50,0,0
51,510632,2,2,1,26,11,20,36,12,2,1,0,51,1,22,20,22020,2,2001,1G2WK52JX1F1,1,G,2,W,K,5,2,J,X,1,F,1,0,P,PONT,GFS,4D,1,17,3384,,0,1105,,G,,F,6,191,,,15R205,,,,,,0,0,000000000,00000000000,0,0,0,1,0,0,0,0,0,0,0,55,0,0,0,12,12,6,2,12,0,0,0,1,51,23924,6,1,0,0,3,0,71,220,0,0,0,0,2,4,2010,8,2011,0,0,0,0,0,2,4,60,1,1,2,1,0,0,1,62,1,1,1,51,1,0
51,510633,1,1,1,23,11,11,42,16,0,1,0,54,1,35,47,35047,4,2007,1N4AL21E17N4,1,N,4,A,L,2,1,E,1,7,N,4,0,P,NISS,ATS,4D,7,17,3042,,0,1093,,G,,F,4,153,,,16R215,,,,,,0,0,000000000,00000000000,0,0,0,1,0,0,0,0,0,0,0,998,0,0,0,0,0,6,2,16,0,0,0,1,54,25414,6,1,0,0,3,0,71,200,0,0,0,0,0,0,0,0,0,0,0,0,0,0,1,2,45,2,2,2,1,0,0,14,8,1,1,1,0,1,0
51,510634,1,1,1,27,11,10,52,7,0,1,0,25,1,34,706,34706,80,2005,WB10432A65ZB,W,B,1,0,4,3,2,A,6,5,Z,B,0,M,BMW,RBC,RS,5,17,,,,,,,1085,,2,,4,459,,,,,,,0,0,000000000,00000000000,0,0,0,1,0,0,0,0,0,0,0,998,0,0,0,0,9,6,2,7,0,0,0,1,25,1521,6,1,0,0,3,3,75,999,0,0,0,0,0,0,0,0,0,1,0,0,0,0,1,2,45,2,1,2,1,0,0,14,8,1,2,4,0,1,0
51,510635,1,2,1,29,11,16,30,12,2,1,0,51,3,20,37,20037,4,2011,1G1ZA5EU8BF2,1,G,1,Z,A,5,E,U,8,B,F,2,0,P,CHEV,M/L,4D,11,17,3415,,0,1123,,F,,F,4,146,,,17R225,,,,,,0,0,000000000,00000000000,0,0,0,1,0,0,0,0,0,0,0,50,0,0,0,12,12,6,2,12,0,0,0,1,51,23235,6,1,0,0,3,0,71,185,0,0,0,0,0,0,0,0,0,1,51,0,0,0,1,2,45,1,2,2,2,0,0,1,10,1,1,1,50,0,0
51,510635,2,2,1,29,11,16,30,12,2,1,0,51,1,49,471,49471,30,1994,4TARN81P8RZ2,4,T,A,R,N,8,1,P,8,R,Z,2,0,T,TOYT,SDX,PK,94,17,,1,0,1030,HTP,G,,,4,144,,,,B,2730,00,A,42,0,0,000000000,00000000000,0,0,0,1,0,0,0,0,0,0,0,45,0,0,0,12,12,6,2,12,0,0,0,1,51,22473,6,1,0,0,3,0,73,190,0,0,0,0,0,0,0,0,0,0,0,0,0,0,1,2,45,1,2,2,2,0,0,1,62,1,1,1,51,1,0
51,510636,1,2,2,29,11,17,8,12,6,1,0,51,1,18,2,18002,4,2004,1G4HP54KX441,1,G,4,H,P,5,4,K,X,4,4,1,0,P,BUIC,LCF,4D,4,17,3567,,0,1122,,G,,F,6,231,,,15R215,,,,,,0,0,000000000,00000000000,0,0,0,1,0,0,0,0,0,0,0,25,0,0,0,9,9,6,2,12,0,0,0,1,51,22712,6,1,0,0,3,3,73,180,1,0,0,0,0,7,2010,7,2010,0,38,0,0,0,1,2,55,1,1,2,1,20,3,1,17,1,1,1,89,1,0
51,510636,2,2,1,29,11,17,8,12,6,1,0,51,2,38,402,38402,14,2001,4S2CK58WX143,4,S,2,C,K,5,8,W,X,1,4,3,0,P,ISU,ROD,UT,1,17,3856,,0,1064,,G,,F,6,195,,,16R245,,,,,,0,0,000000000,00000000000,0,0,0,1,0,0,0,0,0,0,0,45,0,0,0,12,12,6,2,12,0,0,0,1,51,22701,6,1,0,0,3,0,73,330,1,0,0,0,0,10,2011,10,2011,0,0,0,0,0,1,2,55,1,1,2,1,20,3,1,66,2,1,1,88,0,0
51,510637,1,1,2,20,11,1,36,35,0,1,0,51,1,7,20,7020,4,2004,1B3ES66SX4D5,1,B,3,E,S,6,6,S,X,4,D,5,0,P,DODG,NR4,4D,4,17,2869,,0,1040,,G,,T,4,146,,,17R205,,,,,,0,0,000000000,00000000000,0,0,0,1,0,0,0,0,0,0,0,68,0,1,5,12,12,6,2,1,0,0,0,1,51,22802,6,1,0,0,3,0,74,161,1,0,0,2,0,6,2010,8,2010,1,0,0,0,0,1,2,55,1,2,2,1,0,0,1,13,2,1,4,1,1,0
51,510638,1,1,1,30,11,18,18,8,0,1,0,51,1,7,402,7402,14,2003,1D4HR58N23F6,1,D,4,H,R,5,8,N,2,3,F,6,0,P,DODG,DUR,UT,3,17,4431,,0,1160,,G,,F,8,287,,,16R245,,,,,,0,0,000000000,00000000000,0,0,0,1,0,0,0,0,0,0,0,999,0,0,0,12,12,4,3,8,0,0,0,1,51,23059,6,1,0,0,3,3,67,140,0,0,0,0,1,8,2009,8,2009,0,0,0,0,0,2,2,45,1,1,2,1,0,0,1,80,1,1,1,13,0,0
51,510639,1,3,1,27,11,17,40,12,2,1,0,51,2,12,471,12471,30,1994,1FTCR10A0RUA,1,F,T,C,R,1,0,A,0,R,U,A,0,T,FORD,RNG,PK,94,17,,1,1140,1080,RNG,G,,,4,140,,,,B,2918,00,A,42,0,0,000000000,00000000000,0,0,0,1,0,0,0,0,0,0,0,55,0,0,0,12,12,6,2,12,0,0,0,1,51,24171,0,0,0,0,0,0,999,999,0,0,0,0,0,0,0,0,0,0,28,0,0,0,1,2,55,1,1,2,1,0,0,1,54,1,1,2,50,1,1
51,510639,2,3,1,27,11,17,40,12,2,1,0,51,1,20,401,20401,14,1991,1GNCT18Z3M82,1,G,N,C,T,1,8,Z,3,M,8,2,0,P,CHEV,S10,UT,91,17,3377,,0,1005,,G,,F,6,262,,,15R205,,,,,,0,0,000000000,00000000000,0,0,0,1,0,0,0,0,0,0,0,43,0,0,0,12,12,6,2,12,0,0,0,1,51,24171,6,1,0,0,3,0,71,199,0,0,0,0,0,0,0,0,0,0,0,0,0,0,1,2,55,1,1,2,1,0,0,1,62,1,1,1,51,1,0
51,510639,3,3,1,27,11,17,40,12,2,1,0,37,1,49,40,49040,4,2009,4T1BE46K59U8,4,T,1,B,E,4,6,K,5,9,U,8,0,P,TOYT,CBA,4D,9,17,3263,,0,1090,,G,,F,4,144,,,16R215,,,,,,0,0,000000000,00000000000,0,0,0,1,0,0,0,0,0,0,0,50,0,0,0,1,1,6,2,12,0,0,0,1,37,27022,6,1,0,0,3,3,76,999,0,0,0,0,0,0,0,0,0,0,0,0,0,0,1,2,55,1,1,2,1,0,0,1,60,1,1,2,98,0,0
51,510640,1,1,1,14,11,16,22,8,0,1,0,51,1,2,405,2405,14,2002,1J4GL48K12W1,1,J,4,G,L,4,8,K,1,2,W,1,0,T,JEEP,SPR,4W,2,17,,1,0,1043,LIB,G,,,6,226,,,,,3682,02,E,44,0,0,000000000,00000000000,0,0,0,1,0,0,0,0,0,0,0,48,0,0,0,12,12,6,2,8,0,0,0,1,51,24065,6,1,0,0,3,0,67,139,0,0,0,0,0,0,0,0,0,0,0,0,0,0,1,4,45,2,1,2,1,0,0,14,80,1,1,1,13,0,0
51,510641,1,1,1,15,11,21,52,8,0,1,0,51,3,92,981,92981,52,2004,15GGB2915410,1,5,G,G,B,2,9,1,5,4,1,0,0,T,GILL,,,4,17,,,,,,,,,,,,,,,,,,,0,88,888888888,88888888888,2,21,22,1,0,0,0,0,6,0,0,5,0,0,0,10,10,0,1,8,0,0,0,1,51,22831,6,1,6,0,3,0,68,180,0,0,0,0,0,0,0,0,0,0,0,0,0,0,1,3,25,2,2,2,2,2,3,11,80,1,1,1,13,0,0
51,510642,1,1,1,18,11,15,50,51,0,1,0,51,3,85,899,85899,66,2005,1XKDDB9X85J0,1,X,K,D,D,B,9,X,8,5,J,0,1,T,KW,T80,TR,5,17,,8,2600,1600,CON,D,,,6,893,,,,,00000,00,,64,2,57,00271629,5700271629,3,6,2,2,2,1203,88,8,0,0,0,80,0,1,3,0,99,6,2,2,0,0,1,1,51,24251,6,1,6,1,3,0,66,215,0,0,0,1,0,6,2009,6,2009,1,0,0,0,0,2,2,55,2,1,2,1,0,0,14,4,1,7,4,0,1,0
51,510643,1,2,3,19,11,10,30,12,1,1,0,51,2,59,401,59401,14,2000,JT6HF10U8Y01,J,T,6,H,F,1,0,U,8,Y,0,1,0,P,LEXS,RX3,UT,0,17,3900,,0,1031,,G,,F,6,183,,,16R225,,,,,,0,0,000000000,00000000000,0,0,0,1,0,0,0,0,0,0,0,60,0,0,0,12,12,6,2,12,0,0,0,1,51,23234,1,1,0,0,2,0,67,155,1,15,0,1,0,1,2009,4,2011,1,0,0,0,0,3,4,60,1,2,2,1,0,0,1,51,1,1,1,24,2,0
51,510643,2,2,1,19,11,10,30,12,1,1,0,51,3,98,808,98808,62,2009,JNAPA81H79AS,J,N,A,P,A,8,1,H,7,9,A,S,0,T,UD,UD6,TB,9,17,,6,0,0,UDS,D,,,6,469,,,,,00000,00,,42,0,57,02165657,5702165657,2,1,1,1,0,0,0,0,0,0,0,30,0,0,0,6,6,4,8,12,0,0,0,1,42,19104,1,1,0,0,2,0,63,999,0,3,0,0,1,4,2010,3,2011,0,0,0,0,0,3,4,60,1,2,2,1,0,0,2,53,1,1,1,25,0,0
51,510644,1,1,1,12,11,19,57,1,0,1,0,51,1,12,421,12421,15,1993,1FMDU32X2PUD,1,F,M,D,U,3,2,X,2,P,U,D,0,P,FORD,EPR,UT,93,17,3858,,0,1120,,G,,F,6,245,,,15R225,,,,,,0,0,000000000,00000000000,0,0,0,1,0,0,0,0,0,0,0,75,0,2,3,0,3,6,2,1,0,0,0,1,51,23666,6,1,0,0,3,0,67,125,0,1,0,0,0,5,2010,5,2010,1,0,0,0,0,3,4,55,1,3,2,1,0,0,1,12,3,7,4,7,1,1
51,510645,1,1,1,25,11,0,0,8,0,1,1,99,9,2,404,2404,14,9999,999999999999,9,9,9,9,9,9,9,9,9,9,9,9,0,,,,,,,,,,,,,,,,,,,,,,,,,0,0,000000000,00000000000,0,0,0,1,0,0,0,0,0,0,0,45,0,0,0,12,12,9,1,8,0,0,0,1,99,99999,9,9,99,9,9,9,999,999,99,99,99,99,99,99,9999,99,9999,0,0,0,0,0,2,4,45,1,1,2,1,3,3,1,80,1,1,1,13,0,0
51,510646,1,2,1,8,11,14,21,12,6,1,0,51,1,22,20,22020,4,1995,1G2WJ12X2SF2,1,G,2,W,J,1,2,X,2,S,F,2,0,P,PONT,GTP,CP,95,17,3275,,0,1075,,G,,F,6,207,,,16R225,,,,,,0,0,000000000,00000000000,0,0,0,1,0,0,0,0,0,0,0,15,0,0,0,10,10,2,1,12,0,0,0,1,51,22124,6,1,0,0,3,0,68,185,0,0,0,0,0,0,0,0,0,0,38,0,0,0,2,3,25,1,2,2,1,0,0,11,15,1,1,1,82,0,0
51,510646,2,2,1,8,11,14,21,12,6,1,0,51,1,37,706,37706,80,2005,JH2SC57085M1,J,H,2,S,C,5,7,0,8,5,M,1,0,M,HOND,CBS,RC,5,17,,,,,,,998,,4,,4,396,,,,,,,0,0,000000000,00000000000,0,0,0,1,0,0,0,0,0,0,0,35,0,0,0,12,12,6,2,12,0,0,0,1,51,22124,6,1,0,0,3,0,71,220,0,3,0,3,2,6,2009,12,2010,0,0,0,0,0,2,3,35,1,2,2,1,0,0,1,66,1,1,1,83,1,0
51,510647,1,2,1,1,12,17,55,12,2,1,0,51,1,42,48,42048,6,1998,WDBJH82F3WX0,W,D,B,J,H,8,2,F,3,W,X,0,0,P,MERZ,E3M,SW,98,17,3750,,0,1115,,G,,F,6,195,,,16R215,,,,,,0,0,000000000,00000000000,0,0,0,1,0,0,0,0,0,0,0,55,0,0,0,12,12,6,2,12,0,0,0,1,51,20118,6,1,0,0,3,0,67,200,0,0,0,0,1,12,2009,12,2009,1,51,0,0,0,1,2,50,1,1,2,1,0,0,1,10,1,1,1,50,1,1