STATE,ST_CASE,VEH_NO,VE_FORMS,NUMOCCS,DAY,MONTH,HOUR,MINUTE,HARM_EV,MAN_COLL,UNITTYPE,HIT_RUN,REG_STAT,OWNER,MAKE,MODEL,MAK_MOD,BODY_TYP,MOD_YEAR,VIN,VIN_1,VIN_2,VIN_3,VIN_4,VIN_5,VIN_6,VIN_7,VIN_8,VIN_9,VIN_10,VIN_11,VIN_12,TOW_VEH,VINTYPE,VINMAKE,VINA_MOD,VIN_BT,VINMODYR,VIN_LNGT,VIN_WGT,WGTCD_TR,WHLBS_LG,WHLBS_SH,SER_TR,FUELCODE,MCYCL_DS,CARBUR,CYLINDER,DISPLACE,MCYCL_CY,MCYCL_WT,TIRE_SZE,TON_RAT,TRK_WT,TRKWTVAR,VIN_REST,WHLDRWHL,J_KNIFE,MCARR_I1,MCARR_I2,MCARR_ID,GVWR,V_CONFIG,CARGO_BT,HAZ_INV,HAZ_PLAC,HAZ_ID,HAZ_CNO,HAZ_REL,BUS_USE,SPEC_USE,EMER_USE,TRAV_SP,UNDERIDE,ROLLOVER,ROLINLOC,IMPACT1,IMPACT2,DEFORMED,TOWED,M_HARM,VEH_SC1,VEH_SC2,FIRE_EXP,DR_PRES,L_STATE,DR_ZIP,L_STATUS,L_TYPE,CDL_STAT,L_ENDORS,L_COMPL,L_RESTRI,DR_HGT,DR_WGT,PREV_ACC,PREV_SUS,PREV_DWI,PREV_SPD,PREV_OTH,FIRST_MO,FIRST_YR,LAST_MO,LAST_YR,SPEEDREL,DR_SF1,DR_SF2,DR_SF3,DR_SF4,VTRAFWAY,VNUM_LAN,VSPD_LIM,VALIGN,VPROFILE,VPAVETYP,VSURCOND,VTRAFCON,VTCONT_F,P_CRASH1,P_CRASH2,P_CRASH3,PCRASH4,PCRASH5,ACC_TYPE,DEATHS,DR_DRINK
51,510647,2,2,1,1,12,17,55,12,2,1,0,51,1,7,402,7402,14,2003,1D4HS38N53F5,1,D,4,H,S,3,8,N,5,3,F,5,0,P,DODG,DUR,UT,3,17,4497,,0,1160,,G,,F,8,287,,,16R245,,,,,,0,0,000000000,00000000000,0,0,0,1,0,0,0,0,0,0,0,55,0,0,0,12,12,6,2,12,0,0,0,1,51,22602,6,1,0,0,3,0,68,175,0,0,0,0,2,7,2009,7,2009,0,0,0,0,0,1,2,50,1,1,2,1,0,0,1,62,4,1,1,51,0,0
51,510648,1,1,2,1,12,18,10,35,0,1,0,51,1,20,16,20016,4,2003,1G1JC52F1371,1,G,1,J,C,5,2,F,1,3,7,1,0,P,CHEV,CAV,4D,3,17,2971,,0,1041,,G,,F,4,134,,,14R195,,,,,,0,0,000000000,00000000000,0,0,0,1,0,0,0,0,0,0,0,20,0,1,5,11,11,6,2,1,0,0,0,1,51,24614,6,1,0,0,3,0,65,155,0,0,0,0,0,0,0,0,0,0,0,0,0,0,1,2,25,1,1,2,1,0,0,1,12,1,1,4,6,2,0
51,510649,1,1,4,3,12,4,50,42,0,1,0,34,2,6,441,6441,20,2001,2C4GP54371R3,2,C,4,G,P,5,4,3,7,1,R,3,0,T,CHRY,LXI,ES,1,17,,1,0,1193,TWC,F,,,6,201,,,,,4183,00,,42,0,0,000000000,00000000000,0,0,0,1,0,0,0,0,0,0,0,65,0,0,0,11,11,6,2,42,0,0,0,1,34,7632,6,1,0,0,3,0,66,999,1,0,0,0,0,8,2010,8,2010,0,92,0,0,0,3,6,65,1,1,2,1,0,0,1,12,1,1,4,6,3,0
51,510650,1,1,3,13,8,0,0,30,0,1,0,99,9,51,46,51046,4,2005,YV1MS6826520,Y,V,1,M,S,6,8,2,6,5,2,0,0,P,VOLV,S45,4D,5,17,3278,,0,1039,,G,,T,5,154,,,15R195,,,,,,0,0,000000000,00000000000,0,0,0,1,0,0,0,0,0,0,0,999,0,1,5,12,12,6,2,42,0,0,0,9,0,99997,7,6,97,7,6,7,998,997,998,998,998,998,998,98,9998,98,9998,8,99,99,99,99,1,2,35,3,1,2,1,0,0,0,13,0,0,0,1,2,0
51,510651,1,2,5,4,12,2,49,12,2,1,0,51,2,12,17,12017,4,2004,1FAFP53264G1,1,F,A,F,P,5,3,2,6,4,G,1,0,P,FORD,TSE,4D,4,17,3306,,0,1085,,F,,F,6,182,,,16R215,,,,,,0,0,000000000,00000000000,0,0,0,1,0,0,0,0,0,0,0,39,0,0,0,12,12,6,2,12,0,0,0,1,51,23185,6,1,0,0,3,0,70,195,0,0,0,0,0,0,0,0,0,0,0,0,0,0,3,4,60,1,1,1,1,0,0,1,54,1,1,1,98,2,1
51,510651,2,2,1,4,12,2,49,12,2,1,0,15,1,20,421,20421,15,2011,1GNSCAE06BR2,1,G,N,S,C,A,E,0,6,B,R,2,0,P,CHEV,CTA,UT,11,17,5636,,0,1160,,F,,F,8,323,,,18R265,,,,,,0,0,000000000,00000000000,0,0,0,1,0,0,0,0,0,0,0,32,0,0,0,12,12,6,2,12,0,0,0,1,15,96797,6,1,0,0,3,0,70,175,0,0,0,0,0,0,0,0,0,0,50,0,0,0,3,4,60,1,1,1,1,0,0,98,19,1,1,1,98,0,1
51,510652,1,2,1,5,12,11,2,12,2,1,0,51,1,12,37,12037,4,2002,1FAFP34342W1,1,F,A,F,P,3,4,3,4,2,W,1,0,P,FORD,FCS,4D,2,17,2604,,0,1030,,G,,F,4,121,,,15R195,,,,,,0,0,000000000,00000000000,0,0,0,1,0,0,0,0,0,0,0,70,0,0,0,12,12,6,2,12,0,0,0,1,51,24091,6,1,0,0,3,0,79,310,0,2,0,0,0,9,2010,8,2011,1,27,33,0,0,1,2,55,2,1,2,1,0,0,6,10,1,1,1,50,1,0
51,510652,2,2,1,5,12,11,2,12,2,1,0,37,3,82,881,82881,66,2007,1FUJA6AV87LW,1,F,U,J,A,6,A,V,8,7,L,W,1,T,FRHT,COL,TR,7,17,,8,0,0,CON,D,,,6,893,,,,,00000,00,,64,1,37,3214500,373214500,3,6,97,1,0,0,0,0,0,0,0,50,0,0,0,12,12,6,2,12,0,0,0,1,37,27410,6,1,6,0,3,0,68,999,0,0,0,1,0,1,2010,1,2010,0,0,0,0,0,1,2,55,3,1,2,1,0,0,14,62,4,1,1,51,0,0
51,510653,1,1,2,4,12,0,0,21,0,1,0,51,1,49,401,49401,14,2008,JTEBU17R68K0,J,T,E,B,U,1,7,R,6,8,K,0,0,P,TOYT,RUN,UT,8,17,4320,,0,1098,,G,,F,6,244,,,18R265,,,,,,0,0,000000000,00000000000,0,0,0,1,0,0,0,0,0,0,0,70,0,0,0,10,10,6,2,21,0,0,0,1,51,22193,6,1,0,0,3,0,69,184,0,0,0,0,0,0,0,0,0,0,0,0,0,0,2,4,70,1,1,1,1,0,0,1,12,2,1,4,6,1,0
51,510654,1,1,2,6,12,17,59,42,0,1,0,51,1,37,31,37031,2,1996,1HGEJ8241TL0,1,H,G,E,J,8,2,4,1,T,L,0,0,P,HOND,UAX,CP,96,17,2448,,0,1032,,G,,F,4,097,,,14R185,,,,,,0,0,000000000,00000000000,0,0,0,1,0,0,0,0,0,0,0,998,0,0,0,11,11,6,2,42,0,0,0,1,51,23116,6,1,0,0,3,0,69,145,0,1,0,0,0,2,2011,2,2011,0,92,0,0,0,1,2,45,3,1,2,2,0,0,14,13,1,1,4,1,1,1
51,510655,1,2,1,7,12,20,38,12,6,1,0,51,2,12,17,12017,4,2003,1FAFP53253G2,1,F,A,F,P,5,3,2,5,3,G,2,0,P,FORD,TSE,4D,3,17,3336,,0,1085,,F,,F,6,182,,,16R215,,,,,,0,0,000000000,00000000000,0,0,0,1,0,0,0,0,0,0,0,999,0,0,0,3,3,6,2,12,0,0,0,1,51,23015,6,1,0,0,3,0,72,160,1,3,0,1,1,1,2009,12,2011,0,28,0,0,0,1,2,55,3,2,2,2,0,0,14,54,1,1,2,64,1,1
51,510655,2,2,5,7,12,20,38,12,6,1,0,51,2,23,431,23431,16,2001,1GKFK66U41J2,1,G,K,F,K,6,6,U,4,1,J,2,0,T,GMC,XL1,4W,1,17,,2,0,1300,DEN,G,,,8,364,,,,B,5690,00,K,44,0,0,000000000,00000000000,0,0,0,1,0,0,0,0,0,0,0,45,0,0,0,12,12,6,2,12,0,0,0,1,51,23015,1,1,0,0,2,0,60,95,0,1,0,1,0,4,2009,11,2009,0,0,0,0,0,1,2,55,2,2,2,2,0,0,14,62,1,1,1,65,0,0
51,510656,1,1,3,8,12,14,50,21,0,1,0,51,1,20,471,20471,30,1995,1GCDT14Z1SK1,1,G,C,D,T,1,4,Z,1,S,K,1,0,T,CHEV,S14,PK,95,17,,1,1179,1083,S,G,,,6,262,,,,B,00000,00,,44,0,0,000000000,00000000000,0,0,0,1,0,0,0,0,0,0,0,40,0,1,5,12,12,6,2,21,0,0,0,1,51,24450,6,1,0,0,3,0,71,150,0,1,0,2,3,4,2010,5,2011,0,0,0,0,0,1,2,45,1,1,2,1,0,0,1,12,1,1,4,6,1,0
51,510657,1,1,1,6,12,22,42,24,0,1,0,51,1,18,2,18002,4,2000,1G4HR54K6YU2,1,G,4,H,R,5,4,K,6,Y,U,2,0,P,BUIC,LLF,4D,0,17,3591,,0,1122,,G,,F,6,231,,,15R215,,,,,,0,0,000000000,00000000000,0,0,0,1,0,0,0,0,0,0,0,55,0,0,0,12,12,6,2,24,0,0,0,1,51,24112,6,1,0,0,3,0,71,200,0,0,0,0,0,0,0,0,0,0,0,0,0,0,3,2,55,3,1,2,2,0,0,14,12,1,1,4,6,1,0
51,510658,1,1,1,9,12,23,54,8,0,1,1,51,1,12,401,12401,14,2004,1FMYU03114KA,1,F,M,Y,U,0,3,1,1,4,K,A,0,P,FORD,SPE,UT,4,17,3346,,0,1031,,G,,F,6,181,,,16R235,,,,,,0,0,000000000,00000000000,0,0,0,1,0,0,0,0,0,0,0,45,0,0,0,12,12,9,2,8,0,0,0,1,51,23237,6,1,0,0,3,0,63,120,0,0,0,0,0,0,0,0,0,0,0,0,0,0,2,3,45,1,1,2,1,0,0,1,80,1,1,1,13,0,0
51,510659,1,1,1,11,12,21,17,8,0,1,0,51,2,23,401,23401,14,2003,1GKET16S8361,1,G,K,E,T,1,6,S,8,3,6,1,0,T,GMC,EXL,4W,3,17,,2,0,1290,ENV,G,,,6,256,,,,B,5020,00,E,44,0,0,000000000,00000000000,0,0,0,1,0,0,0,0,0,0,0,50,0,0,0,12,12,2,1,8,0,0,0,1,51,22405,6,1,6,0,3,0,60,149,0,0,0,0,0,0,0,0,0,0,0,0,0,0,3,3,50,1,2,2,1,2,3,1,80,3,1,1,13,0,0
51,510660,1,1,1,7,12,17,40,8,0,1,0,51,1,20,2,20002,4,1996,1G1BL52P4TR1,1,G,1,B,L,5,2,P,4,T,R,1,0,P,CHEV,CIS,4D,96,17,4061,,0,1159,,G,,Z,8,350,,,15R215,,,,,,0,0,000000000,00000000000,0,0,0,1,0,0,0,0,0,0,0,45,0,0,0,12,12,6,2,8,0,0,0,1,51,23327,6,1,0,0,3,0,72,185,1,0,0,2,0,2,2011,4,2011,0,0,0,0,0,2,3,55,1,1,2,1,0,0,1,80,1,1,1,13,0,0
51,510661,1,1,1,11,12,3,30,42,0,1,0,51,3,20,481,20481,31,2005,2GCEC13T6511,2,G,C,E,C,1,3,T,6,5,1,1,0,T,CHEV,SC1,CW,5,17,,2,0,1435,SIL,G,,,8,323,,,,B,4986,00,,42,0,0,000000000,00000000000,0,0,0,1,0,0,0,0,0,0,0,55,0,0,0,1,1,6,2,42,0,0,0,1,51,23225,6,1,0,0,3,0,72,260,0,11,0,0,0,4,2009,10,2011,0,58,0,0,0,1,2,55,1,1,2,1,0,0,1,13,8,7,4,2,1,0
51,510662,1,1,1,12,12,4,0,38,0,1,0,51,1,12,481,12481,31,2006,1FTWW31P16EA,1,F,T,W,W,3,1,P,1,6,E,A,0,T,FORD,F3S,CW,6,17,,3,1720,1560,SRW,D,,,8,366,,,,D,6585,01,U,44,0,0,000000000,00000000000,0,0,0,1,0,0,0,0,0,0,0,75,0,2,5,12,12,6,2,1,0,0,0,1,51,22810,6,1,0,0,3,0,72,215,0,0,0,0,0,0,0,0,0,1,0,0,0,0,1,2,55,1,1,2,1,0,0,1,12,1,1,4,6,1,0
51,510663,1,1,1,10,12,14,29,33,0,1,0,51,1,49,40,49040,4,2001,4T1BG22K31U8,4,T,1,B,G,2,2,K,3,1,U,8,0,P,TOYT,CXL,4D,1,17,2998,,0,1051,,G,,F,4,132,,,15R205,,,,,,0,0,000000000,00000000000,0,0,0,1,0,0,0,0,0,0,0,35,0,0,0,12,12,6,2,30,0,0,0,1,51,22315,6,1,0,0,3,0,65,133,0,0,0,0,3,2,2009,10,2011,1,0,0,0,0,1,2,55,1,1,2,1,0,0,1,11,1,1,4,1,1,0
51,510664,1,1,3,14,12,14,35,35,0,1,0,52,2,12,37,12037,4,2005,1FAFP34N25W1,1,F,A,F,P,3,4,N,2,5,W,1,0,P,FORD,ZX4,4D,5,17,2677,,0,1030,,G,,F,4,122,,,15R195,,,,,,0,0,000000000,00000000000,0,0,0,1,0,0,0,0,0,0,0,65,0,0,0,1,12,6,2,42,0,0,0,1,51,23434,6,1,0,0,3,0,65,109,0,5,0,0,0,5,2011,12,2011,1,39,0,0,0,3,2,55,1,2,2,1,0,0,1,13,2,1,4,1,1,0
51,510665,1,1,1,6,10,18,6,35,0,1,0,51,1,12,37,12037,3,2002,3FAFP31332R2,3,F,A,F,P,3,1,3,3,2,R,2,0,P,FORD,FZX,3P,2,17,2598,,0,1030,,G,,F,4,121,,,15R195,,,,,,0,0,000000000,00000000000,0,0,0,1,0,0,0,0,0,0,0,60,0,0,0,1,1,6,2,42,0,0,0,1,51,24260,1,1,0,0,2,0,70,240,1,1,1,0,0,5,2009,2,2010,0,0,0,0,0,1,2,55,2,1,2,1,0,0,14,11,1,1,4,1,1,1
51,510666,1,3,2,20,8,17,27,12,1,1,0,24,1,12,35,12035,4,1998,3FAFP6631WM1,3,F,A,F,P,6,6,3,1,W,M,1,0,P,FORD,LSS,4D,98,17,2864,,0,1065,,G,,F,4,121,,,15R205,,,,,,0,0,000000000,00000000000,0,0,0,1,0,0,0,0,0,0,0,35,0,0,0,12,12,6,2,12,0,0,0,1,24,20901,6,1,0,0,3,3,66,150,0,0,0,0,0,0,0,0,0,1,0,0,0,0,2,5,55,1,1,2,1,0,0,1,50,1,1,1,98,1,0
51,510666,2,3,1,20,8,17,27,12,1,1,0,24,1,34,35,34035,6,2002,WBADS43472GD,W,B,A,D,S,4,3,4,7,2,G,D,0,P,BMW,5TI,SW,2,17,3736,,0,1114,,G,,F,6,152,,,16R225,,,,,,0,0,000000000,00000000000,0,0,0,1,0,0,0,0,0,0,0,0,0,0,0,6,6,6,2,12,0,0,0,1,24,20878,6,1,0,0,3,0,71,225,0,0,0,0,0,0,0,0,0,0,0,0,0,0,2,5,55,1,1,2,1,0,0,5,50,1,1,1,98,0,0
51,510666,3,3,1,20,8,17,27,12,1,1,0,24,1,54,402,54402,14,2011,5J8TB1H57BA0,5,J,8,T,B,1,H,5,7,B,A,0,0,P,ACUR,RDX,UT,11,17,3942,,0,1043,,G,,T,4,140,,,18R235,,,,,,0,0,000000000,00000000000,0,0,0,1,0,0,0,0,0,0,0,0,0,0,0,6,6,6,2,12,0,0,0,1,24,20878,6,1,0,0,3,0,71,225,0,0,0,0,0,0,0,0,0,0,0,0,0,0,2,5,55,1,1,2,1,0,0,5,50,1,1,1,98,0,0
51,510667,1,3,1,14,12,10,9,12,6,1,0,51,1,14,443,14443,20,1995,4M2DV11W2SDJ,4,M,2,D,V,1,1,W,2,S,D,J,0,P,MERC,VLR,SV,95,17,3870,,0,1122,,G,,F,6,182,,,15R205,,,,,,0,0,000000000,00000000000,0,0,0,1,0,0,0,0,0,0,0,60,0,0,0,1,1,6,2,12,0,0,0,1,51,23607,6,1,0,0,3,3,71,170,0,0,0,0,1,2,2010,2,2010,1,38,0,0,0,3,6,45,1,1,2,1,3,3,1,66,1,1,1,86,1,0
51,510667,2,3,1,14,12,10,9,12,6,1,0,51,1,19,3,19003,4,1996,1G6KD52Y8TU2,1,G,6,K,D,5,2,Y,8,T,U,2,0,P,CADI,DFW,4D,96,17,3758,,0,1138,,G,,F,8,279,,,15R225,,,,,,0,0,000000000,00000000000,0,0,0,1,0,0,0,0,0,0,0,0,0,0,0,1,1,9,2,12,0,0,0,1,51,23601,6,1,0,0,3,0,70,165,0,0,0,0,0,0,0,0,0,0,0,0,0,0,3,6,45,1,1,2,1,3,3,5,66,1,1,1,87,0,0
51,510667,3,3,1,14,12,10,9,12,6,1,0,37,1,35,402,35402,14,2011,5N1AN0NWXBC5,5,N,1,A,N,0,N,W,X,B,C,5,0,P,NISS,XTR,UT,11,17,4365,,0,1063,,G,,F,6,244,,,16R265,,,,,,0,0,000000000,00000000000,0,0,0,1,0,0,0,0,0,0,0,999,0,0,0,11,11,6,2,12,0,0,0,1,37,27949,6,1,0,0,3,0,67,999,0,0,0,0,0,0,0,0,0,0,0,0,0,0,3,6,45,1,1,2,1,3,3,1,91,1,1,1,98,0,0
51,510668,1,3,2,14,12,10,49,12,1,1,0,51,1,54,35,54035,4,2003,19UUA56693A0,1,9,U,U,A,5,6,6,9,3,A,0,0,P,ACUR,32T,4D,3,17,3492,,0,1081,,G,,F,6,197,,,16R205,,,,,,0,0,000000000,00000000000,0,0,0,1,0,0,0,0,0,0,0,999,0,0,0,12,12,6,2,12,0,0,0,1,51,23192,6,1,0,0,3,0,68,125,0,1,0,4,2,4,2009,11,2011,0,0,0,0,0,1,2,55,1,1,2,1,0,0,1,52,1,1,1,24,0,0
51,510668,2,3,1,14,12,10,49,12,1,1,0,51,3,7,462,7462,21,2004,WD2PD6447456,W,D,2,P,D,6,4,4,7,4,5,6,0,T,SPNR,SPR,CG,4,17,,2,0,1400,SPR,D,,,5,165,,,,,4627,00,E,42,0,0,000000000,00000000000,0,0,0,1,0,0,0,0,0,0,0,999,0,0,0,6,6,6,2,12,0,0,0,1,51,23117,6,1,0,0,3,0,70,210,0,1,0,2,1,1,2010,9,2011,0,0,0,0,0,1,2,55,1,1,2,1,0,0,2,53,1,1,2,25,0,0
51,510668,3,3,2,14,12,10,49,12,1,1,0,51,2,2,404,2404,14,1995,1J4GZ58S5SC5,1,J,4,G,Z,5,8,S,5,S,C,5,0,T,JEEP,LRO,4W,95,17,,1,0,1059,GCK,G,,,6,242,,,,,3552,00,M,44,0,0,000000000,00000000000,0,0,0,1,0,0,0,0,0,0,0,999,0,1,1,12,12,6,2,1,0,0,1,1,51,23015,6,1,0,0,3,3,64,160,0,0,0,0,0,0,0,0,0,0,0,0,0,0,1,2,55,1,1,2,1,0,0,1,62,1,1,1,98,1,0
51,510669,1,1,1,16,12,13,5,35,0,1,0,51,1,20,4,20004,1,1985,1G1YY0787F51,1,G,1,Y,Y,0,7,8,7,F,5,1,0,P,CHEV,CVT,CP,85,17,3111,,0,960,,G,,F,8,350,,,16R255,,,,,,0,0,000000000,00000000000,0,0,0,1,0,0,0,0,0,0,0,75,0,0,0,12,12,6,2,42,0,0,0,1,51,20176,1,1,0,0,2,0,76,204,0,3,0,0,0,12,2009,2,2010,1,0,0,0,0,1,2,55,3,1,2,1,0,0,14,12,1,1,4,6,1,1
51,510670,1,3,1,15,12,17,54,12,2,1,0,51,1,35,471,35471,30,1990,1N6HD16Y9LC3,1,N,6,H,D,1,6,Y,9,L,C,3,0,T,NISS,U4K,PC,90,17,,1,0,1161,D21,G,,,6,181,,,,B,3740,01,A,44,0,0,000000000,00000000000,0,0,0,1,0,0,0,0,0,0,0,55,0,1,1,12,12,6,2,12,0,0,0,1,51,24092,6,1,0,0,3,3,73,195,1,0,0,2,0,8,2009,6,2011,0,51,0,0,0,1,2,55,3,2,2,1,0,0,14,10,1,1,2,50,0,0
51,510670,2,3,3,15,12,17,54,12,2,1,0,51,1,30,40,30040,2,2002,3VWSP69M92M0,3,V,W,S,P,6,9,M,9,2,M,0,0,P,VOLK,JSI,4D,2,17,2910,,0,989,,D,,T,4,116,,,15R195,,,,,,0,0,000000000,00000000000,0,0,0,1,0,0,0,0,0,0,0,55,0,0,0,12,12,6,2,12,0,0,0,1,51,24592,6,1,0,0,3,3,68,195,0,0,0,0,0,0,0,0,0,0,0,0,0,0,1,2,55,2,2,2,1,0,0,14,62,1,1,1,51,1,0
51,510670,3,3,1,15,12,17,54,12,2,1,0,51,1,35,47,35047,4,2003,1N4AL11D33C1,1,N,4,A,L,1,1,D,3,3,C,1,0,P,NISS,ABS,4D,3,17,2913,,0,1102,,G,,F,4,153,,,16R205,,,,,,0,0,000000000,00000000000,0,0,0,1,0,0,0,0,0,0,0,53,0,0,0,12,12,6,2,12,0,0,0,1,51,24521,6,1,0,0,3,3,73,210,0,0,0,0,0,0,0,0,0,0,0,0,0,0,1,2,55,2,2,2,1,0,0,14,54,1,1,2,98,0,0
51,510671,1,1,2,15,12,20,45,1,0,1,0,99,9,35,39,35039,4,2006,1N4BA41E06C8,1,N,4,B,A,4,1,E,0,6,C,8,0,P,NISS,MEL,4D,6,17,3359,,0,1112,,G,,F,6,214,,,000000,,,,,,0,0,000000000,00000000000,0,0,0,1,0,0,0,0,0,0,0,68,0,2,5,0,1,6,2,1,0,0,0,1,99,99999,9,1,99,9,9,9,999,999,99,99,99,99,99,99,9999,99,9999,1,58,0,0,0,1,2,55,3,1,2,1,0,0,14,12,8,1,4,6,1,0
51,510672,1,1,1,16,12,1,20,35,0,1,0,51,2,35,39,35039,4,2008,1N4BA41E88C8,1,N,4,B,A,4,1,E,8,8,C,8,0,P,NISS,MEL,4D,8,17,3462,,0,1112,,G,,F,6,214,,,18R245,,,,,,0,0,000000000,00000000000,0,0,0,1,0,0,0,0,0,0,0,999,0,0,0,12,12,6,2,35,0,0,0,1,51,24501,1,1,0,0,2,0,73,225,0,0,0,0,0,0,0,0,0,0,0,0,0,0,3,2,55,3,2,2,1,0,0,14,13,1,1,4,1,1,1
51,510673,1,1,1,16,12,14,45,24,0,1,0,51,1,23,471,23471,30,1995,1GTDT19Z9S85,1,G,T,D,T,1,9,Z,9,S,8,5,0,T,GMC,SON,PC,95,17,,1,0,1229,SON,G,,,6,262,,,,B,00000,00,M,44,0,0,000000000,00000000000,0,0,0,1,0,0,0,0,0,0,0,50,0,0,0,1,1,6,2,24,0,0,0,1,51,22811,6,1,0,0,3,3,65,180,1,0,0,0,0,5,2011,5,2011,0,0,0,0,0,2,2,55,1,1,2,1,0,0,1,13,1,1,4,1,1,0
51,510674,1,1,2,18,12,1,35,35,0,1,0,51,2,18,401,18401,14,2005,3G5DA03E75S5,3,G,5,D,A,0,3,E,7,5,S,5,0,P,BUIC,RZV,UT,5,17,4096,,0,1122,,G,,F,6,207,,,16R215,,,,,,0,0,000000000,00000000000,0,0,0,1,0,0,0,0,0,0,0,70,0,1,5,12,12,6,2,1,0,0,0,1,51,24589,6,1,0,0,3,3,60,115,0,1,0,0,0,10,2009,10,2009,1,0,0,0,0,2,2,60,1,2,2,1,0,0,1,13,2,1,4,1,2,0
51,510675,1,1,1,2,12,23,9,8,0,1,0,17,3,49,40,49040,4,2011,4T1BF3EK2BU7,4,T,1,B,F,3,E,K,2,B,U,7,0,P,TOYT,CBA,4D,11,17,3263,,0,1093,,G,,F,4,152,,,16R215,,,,,,0,0,000000000,00000000000,0,0,0,1,0,0,0,0,0,0,0,30,0,0,0,12,12,6,2,8,0,0,0,1,99,99999,9,9,99,9,9,9,999,999,99,99,99,99,99,99,9999,99,9999,0,0,0,0,0,3,2,30,1,1,2,1,0,0,1,80,1,1,1,13,0,1
51,510676,1,1,1,19,12,19,30,11,0,1,0,51,1,76,709,76709,80,1983,JYA3A300XDA1,J,Y,A,3,A,3,0,0,X,D,A,1,0,M,YAMA,DT1,EN,83,17,,,,,,,100,,1,,2,176,,,,,,,0,0,000000000,00000000000,0,0,0,1,0,0,0,0,0,0,0,45,0,0,0,12,12,6,2,11,0,0,0,1,51,24244,6,1,0,0,3,3,73,230,0,0,0,1,1,3,2010,9,2011,0,23,0,0,0,1,2,55,1,1,2,1,0,0,1,87,2,1,1,13,1,0
51,510677,1,2,1,17,12,17,51,8,0,1,0,51,1,23,8,23008,6,2011,1GKKVSED9BJ4,1,G,K,K,V,S,E,D,9,B,J,4,0,T,GMC,S2A,4W,11,17,,2,0,1189,ACA,G,,,6,220,,,,B,4857,00,S,44,0,0,000000000,00000000000,0,0,0,1,0,0,0,0,0,0,0,35,0,0,0,12,12,6,2,8,0,0,0,1,51,23453,6,1,0,0,3,0,70,195,0,0,0,1,0,3,2009,3,2009,0,0,0,0,0,3,2,35,1,2,2,1,0,0,1,80,1,1,1,13,0,0
51,510677,2,2,1,17,12,17,51,8,0,1,0,51,1,6,441,6441,20,2005,2C4GP54LX5R2,2,C,4,G,P,5,4,L,X,5,R,2,0,T,CHRY,TOU,ES,5,17,,1,0,1193,TWC,G,,,6,230,,,,,4256,00,,42,0,0,000000000,00000000000,0,0,0,1,0,0,0,0,0,0,0,35,0,0,0,12,12,2,1,8,0,0,0,1,51,22039,6,1,0,0,3,0,62,160,0,0,0,0,0,0,0,0,0,0,0,0,0,0,3,2,35,1,2,2,1,0,0,1,80,1,1,1,98,0,0
51,510679,1,3,1,20,12,18,31,12,1,1,0,51,1,7,482,7482,31,2008,1D7HA18298S5,1,D,7,H,A,1,8,2,9,8,S,5,0,T,DODG,SQ1,CW,8,17,,2,1605,1405,RPC,G,,,8,348,,,,B,4889,00,E,42,0,0,000000000,00000000000,0,0,0,1,0,0,0,0,0,0,0,45,0,0,0,12,12,6,2,12,0,0,0,1,51,22407,6,1,0,0,3,3,74,165,0,0,0,0,0,0,0,0,0,0,0,0,0,0,2,4,45,1,1,2,10,0,0,1,50,1,1,1,98,0,0
51,510679,2,3,0,20,12,18,31,12,1,1,0,51,6,35,43,35043,4,1999,1N4AB41D1XC7,1,N,4,A,B,4,1,D,1,X,C,7,0,P,NISS,SXG,4D,99,17,2308,,0,998,,G,,F,4,097,,,13R155,,,,,,0,0,000000000,00000000000,0,0,0,1,0,0,0,0,0,0,0,0,0,0,0,6,0,6,2,8,0,0,0,0,0,99997,7,6,97,7,6,7,998,997,998,998,998,998,998,98,9998,98,9998,8,0,0,0,0,2,4,45,1,1,2,10,0,0,0,98,0,0,0,98,0,0
51,510679,3,3,0,20,12,18,31,12,1,1,0,51,3,35,47,35047,4,1994,1N4BU31D9RC2,1,N,4,B,U,3,1,D,9,R,C,2,0,P,NISS,AGS,4D,94,17,2729,,0,1031,,G,,F,4,146,,,15R205,,,,,,0,0,000000000,00000000000,0,0,0,1,0,0,0,0,0,0,0,0,0,0,0,6,6,6,2,12,0,0,0,0,0,99997,7,6,97,7,6,7,998,997,998,998,998,998,998,98,9998,98,9998,8,0,0,0,0,2,4,45,1,1,2,10,0,0,0,98,0,0,0,98,0,0
51,510680,1,2,2,20,12,18,57,12,6,1,0,51,1,20,404,20404,14,2008,2CNDL33F6863,2,C,N,D,L,3,3,F,6,8,6,3,0,P,CHEV,EQU,UT,8,17,3699,,0,1125,,G,,F,6,207,,,17R235,,,,,,0,0,000000000,00000000000,0,0,0,1,0,0,0,0,0,0,0,999,0,1,1,9,9,6,2,1,0,0,0,1,51,23140,6,1,0,0,3,0,71,310,0,0,0,0,0,0,0,0,0,0,38,0,0,0,2,4,55,1,1,2,1,20,3,11,66,2,1,1,68,1,0
51,510680,2,2,1,20,12,18,57,12,6,1,0,51,1,12,24,12024,6,2007,2FMDK36C57BB,2,F,M,D,K,3,6,C,5,7,B,B,0,P,FORD,EDG,UT,7,17,4073,,0,1112,,G,,F,6,214,,,17R235,,,,,,0,0,000000000,00000000000,0,0,0,1,0,0,0,0,0,0,0,999,0,0,0,12,12,6,2,12,0,0,0,1,51,23059,6,1,0,0,3,0,71,315,1,0,0,0,0,4,2010,4,2010,0,0,0,0,0,2,4,55,1,1,2,1,0,0,1,54,2,1,1,69,0,0