STATE,ST_CASE,VEH_NO,VE_FORMS,NUMOCCS,DAY,MONTH,HOUR,MINUTE,HARM_EV,MAN_COLL,UNITTYPE,HIT_RUN,REG_STAT,OWNER,MAKE,MODEL,MAK_MOD,BODY_TYP,MOD_YEAR,VIN,VIN_1,VIN_2,VIN_3,VIN_4,VIN_5,VIN_6,VIN_7,VIN_8,VIN_9,VIN_10,VIN_11,VIN_12,TOW_VEH,VINTYPE,VINMAKE,VINA_MOD,VIN_BT,VINMODYR,VIN_LNGT,VIN_WGT,WGTCD_TR,WHLBS_LG,WHLBS_SH,SER_TR,FUELCODE,MCYCL_DS,CARBUR,CYLINDER,DISPLACE,MCYCL_CY,MCYCL_WT,TIRE_SZE,TON_RAT,TRK_WT,TRKWTVAR,VIN_REST,WHLDRWHL,J_KNIFE,MCARR_I1,MCARR_I2,MCARR_ID,GVWR,V_CONFIG,CARGO_BT,HAZ_INV,HAZ_PLAC,HAZ_ID,HAZ_CNO,HAZ_REL,BUS_USE,SPEC_USE,EMER_USE,TRAV_SP,UNDERIDE,ROLLOVER,ROLINLOC,IMPACT1,IMPACT2,DEFORMED,TOWED,M_HARM,VEH_SC1,VEH_SC2,FIRE_EXP,DR_PRES,L_STATE,DR_ZIP,L_STATUS,L_TYPE,CDL_STAT,L_ENDORS,L_COMPL,L_RESTRI,DR_HGT,DR_WGT,PREV_ACC,PREV_SUS,PREV_DWI,PREV_SPD,PREV_OTH,FIRST_MO,FIRST_YR,LAST_MO,LAST_YR,SPEEDREL,DR_SF1,DR_SF2,DR_SF3,DR_SF4,VTRAFWAY,VNUM_LAN,VSPD_LIM,VALIGN,VPROFILE,VPAVETYP,VSURCOND,VTRAFCON,VTCONT_F,P_CRASH1,P_CRASH2,P_CRASH3,PCRASH4,PCRASH5,ACC_TYPE,DEATHS,DR_DRINK
51,510681,1,2,1,21,12,17,0,12,6,1,0,51,1,53,31,53031,3,1993,JS2AC35S2P51,J,S,2,A,C,3,5,S,2,P,5,1,0,P,SUZI,SGA,2H,93,17,1779,,0,929,,G,,F,4,079,,,13R155,,,,,,0,0,000000000,00000000000,0,0,0,1,0,0,0,0,0,0,0,70,0,0,0,9,9,6,2,12,0,0,0,1,51,24333,6,1,0,0,3,3,64,180,0,0,0,0,0,0,0,0,0,0,0,0,0,0,3,2,70,1,2,2,1,0,0,1,11,4,1,2,44,1,0
51,510681,2,2,1,21,12,17,0,12,6,1,0,39,2,82,881,82881,66,2006,1FUJA6CK46LU,1,F,U,J,A,6,C,K,4,6,L,U,1,T,FRHT,COL,TR,6,17,,8,0,0,CON,D,,,6,855,,,,,00000,00,,64,1,57,84651000,5784651000,3,6,1,1,0,0,0,0,0,0,0,60,0,0,0,12,12,6,2,12,0,0,0,1,39,45331,6,1,6,1,3,3,65,170,0,0,0,1,1,1,2010,4,2010,0,0,0,0,0,3,2,70,1,2,2,1,0,0,1,61,1,1,1,45,0,0
51,510682,1,2,1,21,12,11,0,12,6,1,0,51,1,7,15,7015,3,1992,1B3XW24K8NN1,1,B,3,X,W,2,4,K,8,N,N,1,0,P,DODG,DAY,2H,92,17,2711,,0,970,,G,,F,4,153,,,14R185,,,,,,0,0,000000000,00000000000,0,0,0,1,0,0,0,0,0,0,0,5,0,0,0,9,9,6,2,12,0,0,0,1,51,22831,6,1,0,0,3,0,72,180,0,0,0,1,1,9,2010,3,2011,0,38,0,0,0,2,2,98,1,2,2,1,20,3,1,66,1,1,1,89,1,0
51,510682,2,2,1,21,12,11,0,12,6,1,0,51,1,12,21,12021,4,2007,1FAFP241X7G1,1,F,A,F,P,2,4,1,X,7,G,1,0,P,FORD,5SL,4D,7,17,3649,,0,1129,,G,,F,6,183,,,17R215,,,,,,0,0,000000000,00000000000,0,0,0,1,0,0,0,0,0,0,0,55,0,0,0,12,12,6,2,12,0,0,0,1,51,22820,6,1,0,0,3,3,63,114,0,0,0,0,0,0,0,0,0,0,0,0,0,0,1,2,55,1,2,2,1,0,0,1,66,2,1,1,88,0,0
51,510683,1,2,1,21,12,5,22,12,2,1,0,51,1,20,481,20481,31,2008,2GCEC19C6811,2,G,C,E,C,1,9,C,6,8,1,1,0,T,CHEV,SC1,4C,8,17,,2,1575,1339,SIL,G,,,8,293,,,,B,4870,03,,42,0,0,000000000,00000000000,0,0,0,1,0,0,0,0,0,0,0,15,0,0,0,12,12,6,2,12,0,0,0,1,51,23666,1,1,0,0,2,0,76,235,0,1,0,1,0,10,2009,11,2009,0,38,39,0,0,2,9,55,1,1,1,1,3,3,11,15,2,1,1,68,0,0
51,510683,2,2,1,21,12,5,22,12,2,1,0,51,1,54,31,54031,4,1992,JH4DA9357NS0,J,H,4,D,A,9,3,5,7,N,S,0,0,P,ACUR,ILS,2H,92,17,2491,,0,1004,,G,,F,4,112,,,15R195,,,,,,0,0,000000000,00000000000,0,0,0,1,0,0,0,0,0,0,0,55,0,0,0,12,12,6,2,12,0,0,0,1,51,23693,6,1,0,0,3,3,69,190,0,0,0,0,1,5,2010,5,2010,0,0,0,0,0,2,4,55,1,1,1,1,0,0,1,66,2,1,1,69,1,0
51,510684,1,2,2,11,12,16,0,18,0,1,0,51,1,49,472,49472,30,2006,5TELU42N26Z1,5,T,E,L,U,4,2,N,2,6,Z,1,0,T,TOYT,DCL,CW,6,17,,1,0,1219,TAC,G,,,6,244,,,,B,4055,00,U,44,0,0,000000000,00000000000,0,0,0,1,0,0,0,0,0,0,0,0,0,0,0,6,0,6,2,12,0,0,0,1,51,22902,6,1,0,0,3,0,68,175,0,0,0,0,0,0,0,0,0,0,21,0,0,0,3,2,65,1,2,2,1,0,0,7,61,1,1,4,98,0,0
51,510684,2,2,5,11,12,16,0,18,0,1,0,51,1,24,441,24441,20,2006,5GZDV03L16D1,5,G,Z,D,V,0,3,L,1,6,D,1,0,P,STRN,RLY,SV,6,17,4272,,0,1211,,G,,F,6,214,,,17R225,,,,,,0,0,000000000,00000000000,0,0,0,1,0,0,0,0,0,0,0,70,0,1,2,1,1,6,2,1,0,0,0,1,99,99999,9,1,99,9,9,9,999,999,99,99,99,99,99,99,9999,99,9999,1,0,0,0,0,3,2,65,1,2,2,1,0,0,1,90,6,1,1,12,1,0
51,510685,1,1,1,19,12,20,6,8,0,1,0,51,0,20,404,20404,14,2007,2CNDL63F7760,2,C,N,D,L,6,3,F,7,7,6,0,0,P,CHEV,EQU,UT,7,17,3668,,0,1125,,G,,F,6,207,,,17R235,,,,,,0,0,000000000,00000000000,0,0,0,1,0,0,0,0,0,0,0,35,0,0,0,12,12,2,1,8,0,0,0,1,51,23661,6,1,0,0,3,3,65,245,0,0,0,1,0,4,2009,4,2009,0,0,0,0,0,1,2,35,1,1,2,1,0,0,1,81,1,1,1,13,0,0
51,510686,1,1,1,19,12,21,40,24,0,1,0,51,2,55,35,55035,4,2002,KMHDN55DX2U0,K,M,H,D,N,5,5,D,X,2,U,0,0,P,HYUN,EST,4H,2,17,2635,,0,1027,,G,,F,4,121,,,15R195,,,,,,0,0,000000000,00000000000,0,0,0,1,0,0,0,0,0,0,0,70,0,0,0,12,12,6,2,42,0,0,0,1,51,22560,6,1,0,0,3,0,60,190,0,0,0,0,0,0,0,0,0,1,0,0,0,0,2,2,60,1,1,2,1,0,0,1,13,1,1,4,1,1,0
51,510687,1,1,1,21,12,16,25,38,0,1,0,51,3,12,481,12481,31,1994,1FTDF15Y6RNB,1,F,T,D,F,1,5,Y,6,R,N,B,0,T,FORD,F15,PK,94,17,,1,1330,1170,COF,G,,,6,300,,,,B,3886,01,M,42,0,0,000000000,00000000000,0,0,0,1,0,0,0,0,0,0,0,999,0,0,0,12,12,6,2,38,0,0,0,1,51,23701,6,1,0,0,3,3,68,170,0,0,0,0,0,0,0,0,0,0,0,0,0,0,1,3,30,1,1,2,1,0,0,1,12,1,1,4,6,1,0
51,510688,1,1,1,22,12,0,57,42,0,1,0,51,1,51,43,51043,4,2001,YV1SZ58D9110,Y,V,1,S,Z,5,8,D,9,1,1,0,0,P,VOLV,VXC,SW,1,17,3759,,0,1088,,G,,T,5,149,,,16R215,,,,,,0,0,000000000,00000000000,0,0,0,1,0,0,0,0,0,0,0,75,0,1,3,12,12,6,2,42,0,0,0,1,51,22560,6,1,0,0,3,3,63,250,0,0,0,0,1,5,2009,5,2009,1,0,0,0,0,2,2,55,1,1,2,1,0,0,1,10,1,1,4,6,1,1
51,510689,1,1,2,23,12,14,3,42,0,1,0,51,1,49,46,49046,4,2010,JTDKN3DU4A02,J,T,D,K,N,3,D,U,4,A,0,2,0,P,TOYT,PRI,4H,10,17,3042,,0,1063,,B,,F,4,110,,,15R195,,,,,,0,0,000000000,00000000000,0,0,0,1,0,0,0,0,0,0,0,45,0,0,0,12,12,6,2,42,0,0,0,1,51,23024,6,1,0,0,3,3,74,320,0,0,0,0,0,0,0,0,0,0,0,0,0,0,1,2,45,1,2,2,1,0,0,1,13,1,1,4,1,1,0
51,510690,1,1,1,23,12,3,29,8,0,1,1,51,1,2,404,2404,14,1998,1J4GZ78Y8WC1,1,J,4,G,Z,7,8,Y,8,W,C,1,0,T,JEEP,LMT,4W,98,17,,1,0,1059,GCK,G,,,8,318,,,,,3708,01,E,44,0,0,000000000,00000000000,0,0,0,1,0,0,0,0,0,0,0,25,0,0,0,12,12,0,1,8,0,0,0,1,51,24503,6,1,0,0,3,0,67,145,0,1,0,4,4,2,2009,12,2011,0,86,23,0,0,1,2,25,1,2,2,1,0,0,1,80,1,1,1,13,0,0
51,510691,1,1,1,23,12,19,50,35,0,1,0,51,1,49,471,49471,30,1989,JT4RN81RXK00,J,T,4,R,N,8,1,R,X,K,0,0,0,T,TOYT,SWS,PK,89,17,,1,0,1030,HTP,G,,,4,144,,,,B,00000,00,A,42,0,0,000000000,00000000000,0,0,0,1,0,0,0,0,0,0,0,55,0,1,5,12,12,6,2,1,0,0,0,1,51,23947,6,1,0,0,3,3,73,320,0,0,0,0,0,0,0,0,0,0,0,0,0,0,2,2,55,2,2,2,1,0,0,14,13,2,1,4,1,1,0
51,510692,1,1,1,17,12,23,52,42,0,1,0,51,1,37,32,37032,4,2000,JHMCG6699YC0,J,H,M,C,G,6,6,9,9,Y,C,0,0,P,HOND,USE,4D,0,17,3086,,0,1069,,G,,F,4,138,,,15R195,,,,,,0,0,000000000,00000000000,0,0,0,1,0,0,0,0,0,0,0,62,0,0,0,12,12,6,2,42,0,0,0,1,51,23321,1,1,0,0,2,3,71,150,0,1,0,1,1,5,2009,8,2011,1,0,0,0,0,1,2,25,3,1,2,1,0,0,14,13,1,1,4,1,1,1
51,510693,1,1,1,23,12,2,13,8,0,1,0,51,2,14,21,14021,4,2006,3MEHM08116R6,3,M,E,H,M,0,8,1,1,6,R,6,0,P,MERC,MPR,4D,6,17,3303,,0,1074,,G,,F,6,183,,,17R225,,,,,,0,0,000000000,00000000000,0,0,0,1,0,0,0,0,0,0,0,999,0,0,0,12,12,9,2,8,0,0,0,1,51,23223,6,1,0,0,3,0,71,178,0,0,0,0,4,4,2010,11,2010,1,0,0,0,0,1,2,25,1,1,2,2,0,0,1,80,1,1,1,13,0,1
51,510694,1,1,1,25,12,2,15,42,0,1,0,51,1,12,461,12461,21,1989,1FMEE11N6KHA,1,F,M,E,E,1,1,N,6,K,H,A,0,P,FORD,CLU,SV,89,17,4241,,0,1380,,G,,F,8,302,,,000000,,,,,,0,0,000000000,00000000000,0,0,0,1,0,0,0,0,0,0,0,40,0,0,0,10,10,6,2,42,0,0,0,1,51,24095,1,1,0,0,2,0,76,251,0,1,0,0,0,2,2010,2,2010,1,0,0,0,0,1,2,25,2,2,2,1,0,0,14,12,2,1,4,6,1,1
51,510695,1,1,1,26,12,12,9,35,0,1,0,51,2,7,471,7471,30,1987,1B7GN14M7HS3,1,B,7,G,N,1,4,M,7,H,S,3,0,T,DODG,DAK,PK,87,17,,1,1239,1119,DAK,G,,,6,238,,,,B,2784,07,A,42,0,0,000000000,00000000000,0,0,0,1,0,0,0,0,0,0,0,50,0,2,5,12,12,6,2,1,0,0,0,1,51,22630,0,0,0,0,0,0,67,210,0,0,0,0,0,0,0,0,0,0,0,0,0,0,1,2,55,3,1,2,1,0,0,14,13,1,1,4,1,1,0
51,510696,1,1,1,27,12,16,55,1,0,1,0,51,2,20,401,20401,14,1996,1GNCT18W8TK1,1,G,N,C,T,1,8,W,8,T,K,1,0,P,CHEV,BZR,UT,96,17,3814,,0,1005,,G,,F,6,262,,,15R235,,,,,,0,0,000000000,00000000000,0,0,0,1,0,0,0,0,0,0,0,65,0,2,5,0,0,6,2,1,0,0,0,1,51,24226,6,1,0,0,3,0,80,230,0,1,1,0,1,8,2010,11,2010,1,58,0,0,0,1,2,35,3,1,2,2,0,0,14,12,7,1,4,6,1,1
51,510697,1,2,1,28,12,9,45,12,6,1,0,51,1,20,19,20019,4,1996,1G1LD55M9TY1,1,G,1,L,D,5,5,M,9,T,Y,1,0,P,CHEV,CSA,4D,96,17,2745,,0,1034,,G,,F,6,191,,,14R195,,,,,,0,0,000000000,00000000000,0,0,0,1,0,0,0,0,0,0,0,3,0,0,0,9,9,6,2,12,0,0,0,1,51,20110,6,1,0,0,3,0,64,145,0,0,0,0,0,0,0,0,0,0,47,0,0,0,3,4,60,1,1,2,1,0,0,11,15,1,1,2,72,1,0
51,510697,2,2,2,28,12,9,45,12,6,1,0,51,1,12,471,12471,30,1996,1FTCR14A5TPB,1,F,T,C,R,1,4,A,5,T,P,B,0,T,FORD,RNS,PC,96,17,,1,0,1250,RNG,G,,,4,140,,,,B,00000,00,B,42,0,0,000000000,00000000000,0,0,0,1,0,0,0,0,0,0,0,3,0,0,0,12,12,6,2,12,0,0,0,1,51,22150,6,1,0,0,3,0,71,140,0,0,0,0,0,0,0,0,0,0,0,0,0,0,3,4,60,1,1,2,1,0,0,1,61,2,1,1,73,0,0
51,510698,1,1,1,23,12,17,17,8,0,1,0,51,1,37,31,37031,4,2012,2HGFB2F85CH3,2,H,G,F,B,2,F,8,5,C,H,3,0,P,HOND,UAX,4D,12,17,2765,,0,1051,,G,,F,4,110,,,16R205,,,,,,0,0,000000000,00000000000,0,0,0,1,0,0,0,0,0,0,0,15,0,0,0,12,12,0,1,8,0,0,0,1,51,22030,6,1,0,0,3,0,63,108,1,0,0,1,0,3,2010,7,2010,0,38,0,0,0,1,2,25,1,1,2,1,2,3,1,80,1,1,1,13,0,0
51,510699,1,1,1,23,12,1,43,42,0,1,0,37,1,7,442,7442,20,1999,2B4FP25B2XR1,2,B,4,F,P,2,5,B,2,X,R,1,0,P,DODG,CAR,SV,99,17,3415,,0,1133,,G,,F,4,148,,,14R205,,,,,,0,0,000000000,00000000000,0,0,0,1,0,0,0,0,0,0,0,57,0,0,0,1,1,6,2,42,0,0,0,1,37,27950,6,1,0,0,3,3,71,999,0,0,0,0,0,0,0,0,0,1,0,0,0,0,1,2,45,4,1,2,2,0,0,14,12,1,1,4,6,1,1
51,510700,1,1,1,30,12,5,32,34,0,1,0,51,1,20,9,20009,2,2002,2G1FP22K1221,2,G,1,F,P,2,2,K,1,2,2,1,0,P,CHEV,CAM,CP,2,17,3323,,0,1011,,G,,F,6,231,,,16R235,,,,,,0,0,000000000,00000000000,0,0,0,1,0,0,0,0,0,0,0,999,0,1,2,9,9,6,2,1,0,0,0,1,51,23437,6,1,0,0,3,3,68,169,0,0,0,0,1,4,2011,4,2011,0,0,0,0,0,1,2,45,1,1,2,1,0,0,1,13,2,1,4,1,1,0
51,510701,1,1,1,30,12,21,30,44,0,1,0,37,1,49,32,49032,4,2007,1NXBR32E57Z8,1,N,X,B,R,3,2,E,5,7,Z,8,0,P,TOYT,UCS,4D,7,17,2530,,0,1024,,G,,F,4,109,,,15R185,,,,,,0,0,000000000,00000000000,0,0,0,1,0,0,0,0,0,0,0,70,0,0,0,0,0,6,2,42,0,0,0,1,37,27560,6,1,0,0,3,0,69,999,0,0,0,3,0,5,2009,7,2010,0,58,0,0,0,3,2,70,1,1,2,1,0,0,1,98,2,1,4,0,1,0
51,510702,1,2,1,30,12,18,55,12,7,1,0,24,2,54,35,54035,4,2001,19UUA56681A0,1,9,U,U,A,5,6,6,8,1,A,0,0,P,ACUR,32T,4D,1,17,3483,,0,1081,,G,,F,6,197,,,16R205,,,,,,0,0,000000000,00000000000,0,0,0,1,0,0,0,0,0,0,0,999,0,0,0,9,9,6,2,42,0,0,0,1,51,22204,6,1,0,0,3,0,64,130,0,0,0,1,0,4,2011,4,2011,0,0,0,0,0,3,4,70,1,1,2,1,0,0,1,61,1,1,1,44,1,0
51,510702,2,2,1,30,12,18,55,12,7,1,1,99,9,99,999,99999,99,9999,999999999999,9,9,9,9,9,9,9,9,9,9,9,9,0,,,,,,,,,,,,,,,,,,,,,,,,,0,0,000000000,00000000000,0,0,0,1,0,0,0,0,0,0,0,999,0,0,0,7,7,9,1,12,0,0,0,1,99,99999,9,9,99,9,9,9,999,999,99,99,99,99,99,99,9999,99,9999,0,0,0,0,0,3,4,70,1,1,2,1,0,0,1,10,1,1,2,45,0,0
51,510703,1,1,3,9,12,23,55,42,0,1,0,51,2,63,402,63402,14,2012,5XYKWDA2XCG2,5,X,Y,K,W,D,A,2,X,C,G,2,0,P,KIA,SOR,UT,12,17,3935,,0,1063,,G,,F,6,213,,,18R235,,,,,,0,0,000000000,00000000000,0,0,0,1,0,0,0,0,0,0,0,55,0,0,0,11,11,6,2,42,0,0,0,1,51,24101,6,1,0,0,3,3,67,135,0,0,0,0,0,0,0,0,0,0,0,0,0,0,1,2,55,2,1,2,1,0,0,14,12,1,1,4,6,1,0
51,510704,1,2,1,28,12,6,35,12,6,1,0,51,1,82,881,82881,66,2000,1FUPCSEB9YDB,1,F,U,P,C,S,E,B,9,Y,D,B,1,T,FRHT,FLD,TR,0,17,,8,0,0,CON,D,,,6,774,,,,,00000,00,,64,1,51,0569966,510569966,3,6,1,1,0,0,0,0,0,0,0,5,0,0,0,7,7,4,1,12,0,0,0,1,51,23093,6,1,6,0,3,3,68,245,2,0,0,0,1,8,2009,10,2010,0,38,0,0,0,1,2,45,1,1,2,1,0,0,11,71,1,1,7,68,0,0
51,510704,2,2,3,28,12,6,35,12,6,1,0,51,1,35,51,35051,6,2011,JN8AS5MV7BW3,J,N,8,A,S,5,M,V,7,B,W,3,0,P,NISS,ROG,UT,11,17,3435,,0,1059,,G,,F,4,153,,,16R215,,,,,,0,0,000000000,00000000000,0,0,0,1,0,0,0,0,0,0,0,45,0,0,0,12,12,6,2,12,0,0,0,1,51,24019,6,1,0,0,3,3,74,220,1,0,0,1,0,3,2009,12,2009,0,0,0,0,0,1,2,45,1,1,2,1,0,0,1,54,1,1,1,69,1,0
51,510705,1,2,1,5,12,13,4,8,0,1,0,24,3,12,481,12481,31,1997,1FDZW86E6VVA,1,F,D,Z,W,8,6,E,6,V,V,A,0,T,FORD,L0T,CC,97,17,,8,2610,1530,COH,D,,,6,505,,,,,00000,00,A,64,0,0,000000000,00000000000,0,0,0,1,0,0,0,0,0,0,0,10,0,0,0,12,12,2,3,8,0,0,0,1,99,99999,9,9,99,9,9,9,999,999,99,99,99,99,99,99,9999,99,9999,0,0,0,0,0,3,3,35,1,1,2,1,0,0,1,80,1,1,1,13,0,0
51,510705,2,2,0,5,12,13,4,8,0,1,0,51,6,54,35,54035,4,2006,19UUA66236A0,1,9,U,U,A,6,6,2,3,6,A,0,0,P,ACUR,32T,4D,6,17,3580,,0,1079,,G,,F,6,195,,,17R235,,,,,,0,0,000000000,00000000000,0,0,0,1,0,0,0,0,0,0,0,0,0,0,0,9,9,4,3,12,0,0,0,0,0,99997,7,6,97,7,6,7,998,997,998,998,998,998,998,98,9998,98,9998,8,0,0,0,0,3,3,35,1,1,2,1,0,0,0,71,0,0,0,98,0,0
51,510706,1,1,1,13,12,8,26,1,0,1,0,51,1,55,36,55036,4,2010,KMHCN4AC1AU4,K,M,H,C,N,4,A,C,1,A,U,4,0,P,HYUN,ALS,4D,10,17,2365,,0,984,,G,,F,4,098,,,14R175,,,,,,0,0,000000000,00000000000,0,0,0,1,0,0,0,0,0,0,0,999,0,2,5,0,0,6,2,1,0,0,0,1,51,22630,6,1,0,0,3,0,71,205,1,0,0,0,1,4,2011,6,2011,1,0,0,0,0,1,2,35,3,3,2,1,0,0,14,13,6,1,4,1,1,0
51,510707,1,1,2,10,12,19,20,42,0,1,0,51,1,32,43,32043,4,2000,WAUDC28D1YA1,W,A,U,D,C,2,8,D,1,Y,A,1,0,P,AUDI,41Q,4D,0,17,3153,,0,1026,,G,,T,4,109,,,15R205,,,,,,0,0,000000000,00000000000,0,0,0,1,0,0,0,0,0,0,0,95,0,0,0,3,3,6,2,42,0,0,0,1,51,23451,6,1,0,0,3,0,65,125,0,7,0,2,14,1,2010,11,2011,1,37,58,0,0,1,2,55,4,2,2,1,0,0,14,12,9,2,4,7,1,1
53,530001,1,1,2,1,1,5,20,14,0,1,0,53,1,54,37,54037,2,1998,19UYA225XWL0,1,9,U,Y,A,2,2,5,X,W,L,0,0,P,ACUR,30C,CP,98,17,3186,,0,1069,,G,,F,6,183,,,16R205,,,,,,0,0,000000000,00000000000,0,0,0,1,0,0,0,0,0,0,0,998,0,0,0,63,13,6,2,14,0,0,0,1,53,98092,6,1,0,0,3,0,68,142,0,0,0,1,1,2,2010,10,2010,1,0,0,0,0,1,2,35,1,2,2,8,0,0,1,9,1,3,4,2,1,1
53,530002,1,1,1,2,1,20,45,1,0,1,0,53,1,63,33,63033,4,2007,KNAFE1614750,K,N,A,F,E,1,6,1,4,7,5,0,0,P,KIA,SX5,4H,7,17,2950,,0,1028,,G,,F,4,122,,,16R205,,,,,,0,0,000000000,00000000000,0,0,0,1,0,0,0,0,0,0,0,60,0,1,6,0,3,6,2,1,0,0,0,1,53,98584,6,1,0,0,3,0,71,155,0,0,0,1,0,9,2009,9,2009,1,58,0,0,0,1,2,45,3,2,7,8,0,0,14,6,6,4,4,7,1,0
53,530003,1,2,1,11,1,20,22,12,2,1,0,53,1,35,47,35047,4,2005,1N4AL11D85C2,1,N,4,A,L,1,1,D,8,5,C,2,0,P,NISS,ASL,4D,5,17,2915,,0,1102,,G,,F,4,153,,,16R215,,,,,,0,0,000000000,00000000000,0,0,0,1,0,0,0,0,0,0,0,998,0,0,0,12,12,6,2,12,0,0,0,1,53,98022,6,1,0,0,3,3,78,320,0,0,0,0,0,0,0,0,0,0,38,87,0,0,1,2,40,1,1,2,3,0,0,11,15,1,1,2,68,1,0
53,530003,2,2,4,11,1,20,22,12,2,1,0,53,1,20,481,20481,31,2007,1GCHK23657F5,1,G,C,H,K,2,3,6,5,7,F,5,0,T,CHEV,2KH,CW,7,17,,2,1670,1530,SIL,D,,,8,403,,,,C,5883,02,,44,0,0,000000000,00000000000,0,0,0,1,0,0,0,0,0,0,0,998,0,0,0,12,12,6,2,12,0,0,0,1,53,98321,6,1,0,0,3,0,67,168,0,0,0,0,0,0,0,0,0,0,87,0,0,0,1,2,40,1,1,2,3,0,0,1,62,4,2,3,69,0,1
53,530004,1,1,4,15,1,8,0,48,0,1,0,53,1,20,431,20431,16,1991,1GNEV16K9MF1,1,G,N,E,V,1,6,K,9,M,F,1,0,P,CHEV,V15,UT,91,17,5378,,0,1295,,G,,F,8,350,,,15R235,,,,,,0,0,000000000,00000000000,0,0,0,1,0,0,0,0,0,0,0,998,0,1,6,98,13,6,2,1,0,0,0,1,53,98026,6,1,0,0,3,3,70,190,0,0,0,0,0,0,0,0,0,1,87,0,0,0,1,2,60,3,1,2,4,0,0,14,6,1,9,4,1,1,0
53,530005,1,1,1,19,1,18,48,8,0,1,0,53,1,55,35,55035,4,2006,KMHDN46D56U2,K,M,H,D,N,4,6,D,5,6,U,2,0,P,HYUN,GTL,4D,6,17,2784,,0,1027,,G,,F,4,121,,,15R195,,,,,,0,0,000000000,00000000000,0,0,0,1,0,0,0,0,0,0,0,998,0,0,0,12,98,2,1,8,0,0,0,1,53,98686,6,1,0,0,3,3,71,240,0,0,0,0,0,0,0,0,0,0,0,0,0,0,3,3,50,1,2,2,1,0,0,1,80,8,2,1,13,0,0
53,530006,1,1,1,19,1,7,40,1,0,1,0,53,1,14,17,14017,4,2001,1MEFM50U11G6,1,M,E,F,M,5,0,U,1,1,G,6,0,P,MERC,SGS,4D,1,17,3366,,0,1085,,G,,F,6,182,,,16R215,,,,,,0,0,000000000,00000000000,0,0,0,1,0,0,0,0,0,0,0,998,0,9,6,0,98,6,2,1,0,0,0,1,53,98527,6,1,0,0,3,3,56,90,0,0,0,0,0,0,0,0,0,1,87,0,0,0,1,2,45,3,1,2,4,0,0,14,6,1,4,4,2,1,0
53,530007,1,1,4,19,1,9,0,8,0,1,0,16,1,12,481,12481,31,2006,1FTPX14V76FB,1,F,T,P,X,1,4,V,7,6,F,B,0,T,FORD,F15,4C,6,17,,2,0,1450,COF,F,,,8,329,,,,B,4297,16,E,44,0,0,000000000,00000000000,0,0,0,1,0,0,0,0,0,0,0,998,0,0,0,12,82,2,1,8,0,0,0,1,16,83501,6,1,0,0,3,3,70,240,0,0,0,0,0,0,0,0,0,0,0,0,0,0,1,2,60,1,1,2,2,0,0,1,80,1,1,1,13,0,0
53,530008,1,1,2,21,1,8,44,31,0,1,0,53,1,34,34,34034,4,1992,WBACB4315NFF,W,B,A,C,B,4,3,1,5,N,F,F,0,P,BMW,25I,4D,92,17,4068,,0,1063,,G,,F,6,152,,,15R205,,,,,,0,0,000000000,00000000000,0,0,0,1,0,0,0,0,0,0,0,998,0,0,0,12,12,6,2,31,0,0,0,1,53,98947,6,1,0,0,3,0,69,280,0,2,0,2,3,1,2009,10,2010,1,35,87,0,0,1,2,35,1,1,2,4,0,0,6,5,99,9,4,7,1,0
53,530009,1,1,2,22,1,17,45,14,0,1,0,53,1,30,40,30040,4,2003,3VWVH69MX3M1,3,V,W,V,H,6,9,M,X,3,M,1,0,P,VOLK,ULI,4D,3,17,3104,,0,989,,G,,F,6,170,,,17R225,,,,,,0,0,000000000,00000000000,0,0,0,1,0,0,0,0,0,0,0,0,4,0,0,12,12,6,2,14,0,0,0,1,53,98801,6,1,0,0,3,3,68,150,0,0,0,1,0,6,2010,6,2010,0,91,0,0,0,1,2,60,1,2,2,1,0,0,1,13,1,1,4,1,1,0
53,530010,1,2,1,23,1,2,5,12,6,1,0,53,1,37,31,37031,4,1998,2HGEJ6671WH5,2,H,G,E,J,6,6,7,1,W,H,5,0,P,HOND,UCL,4D,98,17,2426,,0,1032,,G,,F,4,097,,,14R185,,,,,,0,0,000000000,00000000000,0,0,0,1,0,0,0,0,0,0,0,998,0,0,0,9,9,6,2,12,0,0,0,1,53,98092,6,1,0,0,3,0,61,134,0,0,0,1,0,10,2008,10,2008,1,28,0,0,0,1,2,35,2,6,2,2,0,0,14,10,99,2,1,64,1,1
53,530010,2,2,1,23,1,2,5,12,6,1,0,53,1,20,461,20461,21,2004,1GCGG25V2412,1,G,C,G,G,2,5,V,2,4,1,2,0,T,CHEV,E25,CG,4,17,,2,0,1350,EXP,G,,,8,293,,,,C,5002,00,,42,0,0,000000000,00000000000,0,0,0,1,0,0,0,0,0,0,0,998,0,0,0,12,12,6,2,12,0,0,0,1,53,98390,6,1,0,0,3,0,72,212,0,0,0,0,0,0,0,0,0,0,91,0,0,0,1,2,35,3,5,2,2,0,0,14,62,1,1,1,65,0,1