STATE,ST_CASE,VEH_NO,VE_FORMS,NUMOCCS,DAY,MONTH,HOUR,MINUTE,HARM_EV,MAN_COLL,UNITTYPE,HIT_RUN,REG_STAT,OWNER,MAKE,MODEL,MAK_MOD,BODY_TYP,MOD_YEAR,VIN,VIN_1,VIN_2,VIN_3,VIN_4,VIN_5,VIN_6,VIN_7,VIN_8,VIN_9,VIN_10,VIN_11,VIN_12,TOW_VEH,VINTYPE,VINMAKE,VINA_MOD,VIN_BT,VINMODYR,VIN_LNGT,VIN_WGT,WGTCD_TR,WHLBS_LG,WHLBS_SH,SER_TR,FUELCODE,MCYCL_DS,CARBUR,CYLINDER,DISPLACE,MCYCL_CY,MCYCL_WT,TIRE_SZE,TON_RAT,TRK_WT,TRKWTVAR,VIN_REST,WHLDRWHL,J_KNIFE,MCARR_I1,MCARR_I2,MCARR_ID,GVWR,V_CONFIG,CARGO_BT,HAZ_INV,HAZ_PLAC,HAZ_ID,HAZ_CNO,HAZ_REL,BUS_USE,SPEC_USE,EMER_USE,TRAV_SP,UNDERIDE,ROLLOVER,ROLINLOC,IMPACT1,IMPACT2,DEFORMED,TOWED,M_HARM,VEH_SC1,VEH_SC2,FIRE_EXP,DR_PRES,L_STATE,DR_ZIP,L_STATUS,L_TYPE,CDL_STAT,L_ENDORS,L_COMPL,L_RESTRI,DR_HGT,DR_WGT,PREV_ACC,PREV_SUS,PREV_DWI,PREV_SPD,PREV_OTH,FIRST_MO,FIRST_YR,LAST_MO,LAST_YR,SPEEDREL,DR_SF1,DR_SF2,DR_SF3,DR_SF4,VTRAFWAY,VNUM_LAN,VSPD_LIM,VALIGN,VPROFILE,VPAVETYP,VSURCOND,VTRAFCON,VTCONT_F,P_CRASH1,P_CRASH2,P_CRASH3,PCRASH4,PCRASH5,ACC_TYPE,DEATHS,DR_DRINK
53,530079,3,3,1,25,3,3,10,12,2,1,0,16,1,41,50,41050,4,2009,1YVHP80A195M,1,Y,V,H,P,8,0,A,1,9,5,M,0,P,MAZD,M6I,4D,9,17,3258,,0,1098,,G,,F,4,152,,,16R205,,,,,,0,0,000000000,00000000000,0,0,0,1,0,0,0,0,0,0,0,998,0,0,0,12,12,6,2,12,0,0,0,1,16,83835,6,1,0,0,3,0,71,190,0,0,0,1,0,8,2010,8,2010,0,0,0,0,0,3,4,70,1,1,2,1,0,0,1,50,6,1,2,98,0,0
53,530080,1,1,1,25,3,2,0,30,0,1,0,53,1,51,40,51040,4,1993,YV1JS8700P11,Y,V,1,J,S,8,7,0,0,P,1,1,0,P,VOLV,940,4D,93,17,3067,,0,1091,,G,,T,4,141,,,15R195,,,,,,0,0,000000000,00000000000,0,0,0,1,0,0,0,0,0,0,0,998,0,9,6,99,99,6,2,2,0,0,1,1,53,99207,6,1,0,0,3,3,74,230,1,0,0,3,1,12,2009,1,2011,1,0,0,0,0,1,2,50,2,1,2,1,0,0,14,6,2,1,4,6,1,1
53,530081,1,1,1,25,3,20,22,8,0,1,1,53,1,13,1,13001,4,2005,1LNHM82WX5Y6,1,L,N,H,M,8,2,W,X,5,Y,6,0,P,LINC,SGL,4D,5,17,4359,,0,1177,,G,,F,8,281,,,17R225,,,,,,0,0,000000000,00000000000,0,0,0,1,0,0,0,0,0,0,0,998,0,0,0,12,12,2,1,8,0,0,0,1,53,98008,6,1,0,0,3,0,69,220,1,0,0,0,1,6,2009,9,2009,0,0,0,0,0,5,2,30,1,1,2,2,0,0,1,80,1,1,1,13,0,0
53,530082,1,2,1,10,2,20,56,12,2,1,0,53,1,20,32,20032,4,2001,1Y1SK52801Z4,1,Y,1,S,K,5,2,8,0,1,Z,4,0,P,CHEV,P/L,4D,1,17,2403,,0,971,,G,,F,4,110,,,14R175,,,,,,0,0,000000000,00000000000,0,0,0,1,0,0,0,0,0,0,0,998,0,0,0,12,12,6,2,12,0,0,0,1,53,98201,6,1,0,0,3,3,64,110,0,0,0,0,0,0,0,0,0,0,51,0,0,0,3,2,40,1,2,2,1,0,0,1,54,1,1,1,50,1,0
53,530082,2,2,1,10,2,20,56,12,2,1,0,53,1,12,3,12003,2,2007,1ZVFT80N5752,1,Z,V,F,T,8,0,N,5,7,5,2,0,P,FORD,MUS,CP,7,17,3352,,0,1071,,G,,F,6,244,,,16R215,,,,,,0,0,000000000,00000000000,0,0,0,1,0,0,0,0,0,0,0,998,0,0,0,12,12,6,2,12,0,0,0,1,53,98292,6,1,0,0,3,3,69,201,0,0,0,2,0,9,2008,5,2010,0,0,0,0,0,3,2,40,1,2,2,1,0,0,1,54,1,1,1,51,0,0
53,530083,1,1,3,26,3,3,5,8,0,1,0,53,2,48,38,48038,4,2010,JF1GE7G6XAG5,J,F,1,G,E,7,G,6,X,A,G,5,0,P,SUBA,IWL,4D,10,17,3142,,0,1031,,G,,T,4,150,,,17R225,,,,,,0,0,000000000,00000000000,0,0,0,1,0,0,0,0,0,0,0,998,0,0,0,12,12,6,2,8,0,0,0,1,53,99208,1,1,0,0,2,0,72,170,0,12,0,0,19,6,2008,11,2010,0,91,92,0,0,5,2,60,1,1,2,2,0,0,1,80,1,1,1,13,0,1
53,530084,1,2,1,1,4,10,55,12,6,1,0,53,2,37,31,37031,4,1993,JHMEG864XPS0,J,H,M,E,G,8,6,4,X,P,S,0,0,P,HOND,CID,4D,93,17,2275,,0,1013,,G,,F,4,091,,,13R175,,,,,,0,0,000000000,00000000000,0,0,0,1,0,0,0,0,0,0,0,998,0,0,0,81,81,6,2,12,0,0,0,1,53,98520,6,1,0,0,3,0,63,145,0,0,0,0,0,0,0,0,0,0,28,0,0,0,1,2,55,1,1,2,2,0,0,1,54,1,9,2,64,1,0
53,530084,2,2,2,1,4,10,55,12,6,1,0,53,1,55,33,55033,4,2006,5NPEU46F76H0,5,N,P,E,U,4,6,F,7,6,H,0,0,P,HYUN,SGX,4D,6,17,3458,,0,1074,,G,,F,6,204,,,17R225,,,,,,0,0,000000000,00000000000,0,0,0,1,0,0,0,0,0,0,0,998,0,0,0,12,12,6,2,12,0,0,0,1,53,98595,6,1,0,0,3,0,73,215,0,0,0,0,0,0,0,0,0,0,0,0,0,0,1,2,55,1,1,2,2,0,0,1,62,1,1,1,65,0,0
53,530085,1,1,2,2,4,20,40,1,0,1,0,53,1,7,28,7028,2,2009,2B3LJ74W29H5,2,B,3,L,J,7,4,W,2,9,H,5,0,P,DODG,CS8,CP,9,17,4170,,0,1160,,G,,F,8,372,,,20R245,,,,,,0,0,000000000,00000000000,0,0,0,1,0,0,0,0,0,0,0,998,0,2,6,0,61,6,2,30,0,0,0,1,53,98682,6,1,0,0,3,3,68,175,0,0,0,0,5,3,2009,3,2010,1,0,0,0,0,1,4,50,3,2,2,2,0,0,14,6,1,1,4,1,1,1
53,530086,1,1,1,7,4,8,5,1,0,1,0,53,1,48,34,48034,6,2000,4S3BH665XY66,4,S,3,B,H,6,6,5,X,Y,6,6,0,P,SUBA,ULK,SW,0,17,3415,,0,1043,,G,,F,4,153,,,16R225,,,,,,0,0,000000000,00000000000,0,0,0,1,0,0,0,0,0,0,0,998,0,1,2,0,0,6,2,1,0,0,1,1,30,99999,6,1,0,0,3,0,70,125,1,2,0,6,2,5,2009,3,2011,0,58,0,0,0,3,2,70,1,1,2,1,0,0,1,13,6,3,4,1,1,0
53,530087,1,2,1,9,4,12,16,12,2,1,0,53,1,53,706,53706,80,2009,JS1GT78A4921,J,S,1,G,T,7,8,A,4,9,2,1,0,M,SUZI,XR1,RC,9,17,,,,,,,999,,4,,4,448,,,,,,,0,0,000000000,00000000000,0,0,0,1,0,0,0,0,0,0,0,998,0,0,0,12,12,6,2,12,0,0,0,1,53,98445,6,1,0,0,3,3,72,160,0,0,0,0,0,0,0,0,0,1,0,0,0,0,1,4,50,1,1,2,1,0,0,1,62,1,1,1,69,1,0
53,530087,2,2,1,9,4,12,16,12,2,1,0,53,2,20,20,20020,2,1993,2G1WL14T0P91,2,G,1,W,L,1,4,T,0,P,9,1,0,P,CHEV,LUM,CP,93,17,3169,,0,1075,,G,,F,6,191,,,14R195,,,,,,0,0,000000000,00000000000,0,0,0,1,0,0,0,0,0,0,0,998,0,0,0,12,12,6,2,12,0,0,0,1,53,98371,6,2,0,0,3,0,71,217,0,0,0,0,0,0,0,0,0,0,0,0,0,0,1,4,50,1,1,2,1,0,0,11,15,1,1,1,68,0,0
53,530088,1,1,2,9,4,20,35,8,0,1,0,53,1,12,21,12021,4,2006,1FAFP24196G1,1,F,A,F,P,2,4,1,9,6,G,1,0,P,FORD,5SL,4D,6,17,3664,,0,1129,,G,,F,6,183,,,17R215,,,,,,0,0,000000000,00000000000,0,0,0,1,0,0,0,0,0,0,0,998,0,0,0,12,12,6,2,8,0,0,0,1,53,98270,6,1,6,0,3,3,72,240,0,0,0,0,0,0,0,0,0,0,0,0,0,0,2,2,45,2,1,2,1,0,0,14,80,1,1,1,13,0,1
53,530089,1,1,1,10,4,6,29,31,0,1,0,53,2,53,705,53705,80,2008,JS1VP53A1821,J,S,1,V,P,5,3,A,1,8,2,1,0,M,SUZI,SV6,RC,8,17,,,,,,,645,,2,,4,363,,,,,,,0,0,000000000,00000000000,0,0,0,1,0,0,0,0,0,0,0,998,0,0,0,12,12,6,2,31,0,0,0,1,53,98828,6,1,0,0,2,0,75,240,0,0,0,0,0,0,0,0,0,0,0,0,0,0,1,2,45,3,1,2,1,0,0,14,13,1,1,4,1,1,1
53,530090,1,2,1,21,4,12,53,12,6,1,0,53,1,2,404,2404,14,1986,1JCWB7835GT1,1,J,C,W,B,7,8,3,5,G,T,1,0,P,AMER,CHK,UT,86,17,2711,,0,1010,,G,,2,6,173,,,000000,,,,,,0,0,000000000,00000000000,0,0,0,1,0,0,0,0,0,0,0,998,0,1,1,3,81,6,2,12,0,0,0,1,53,99114,6,1,8,0,3,3,75,173,0,0,0,0,0,0,0,0,0,1,0,0,0,0,5,2,60,1,1,2,10,0,0,1,6,1,4,2,64,1,0
53,530090,2,2,3,21,4,12,53,12,6,1,0,53,2,30,40,30040,4,2001,3VWSP29M61M0,3,V,W,S,P,2,9,M,6,1,M,0,0,P,VOLK,JSI,4D,1,17,2910,,0,989,,D,,T,4,116,,,15R195,,,,,,0,0,000000000,00000000000,0,0,0,1,0,0,0,0,0,0,0,998,0,0,0,12,12,6,2,12,0,0,0,1,53,99101,6,2,0,0,3,0,68,130,0,0,0,0,0,0,0,0,0,0,92,0,0,0,5,2,60,1,1,2,10,0,0,1,62,1,1,1,65,0,0
53,530091,1,2,1,19,4,11,7,12,6,1,0,53,2,20,481,20481,31,1998,2GCEC19M9W12,2,G,C,E,C,1,9,M,9,W,1,2,0,T,CHEV,GC1,PC,98,17,,2,1555,1415,GM4,G,,,8,305,,,,B,4145,03,,42,0,0,000000000,00000000000,0,0,0,1,0,0,0,0,0,0,0,998,0,0,0,12,12,6,2,12,0,0,0,1,53,98366,6,1,0,0,3,0,68,135,0,0,0,0,0,0,0,0,0,0,0,0,0,0,1,2,45,3,2,2,1,0,0,14,67,1,1,1,83,0,0
53,530091,2,2,1,19,4,11,7,12,6,1,0,53,1,49,49,49049,6,2005,JTLKT3244502,J,T,L,K,T,3,2,4,4,5,0,2,0,P,TOYT,SXB,UT,5,17,2395,,0,984,,G,,F,4,092,,,15R185,,,,,,0,0,000000000,00000000000,0,0,0,1,0,0,0,0,0,0,0,998,0,0,0,9,9,6,2,12,0,0,0,1,53,98366,6,1,0,0,3,3,69,200,0,0,0,0,0,0,0,0,0,0,38,0,0,0,1,2,45,2,2,2,1,0,0,11,15,1,1,1,82,1,0
53,530092,1,3,1,23,4,17,0,12,2,1,0,53,1,49,33,49033,2,1992,JT2ST85NXN01,J,T,2,S,T,8,5,N,X,N,0,1,0,P,TOYT,GTF,2H,92,17,2756,,0,994,,G,,F,4,132,,,14R205,,,,,,0,0,000000000,00000000000,0,0,0,1,0,0,0,0,0,0,0,998,1,0,0,12,12,6,2,12,0,0,0,1,53,99163,6,1,0,0,3,0,70,220,0,0,0,0,0,0,0,0,0,1,34,0,0,0,1,3,55,1,2,2,1,0,0,6,54,1,1,2,50,0,0
53,530092,2,3,2,23,4,17,0,12,2,1,0,53,1,37,421,37421,15,2004,2HKYF18504H5,2,H,K,Y,F,1,8,5,0,4,H,5,0,P,HOND,PIL,UT,4,17,4400,,0,1063,,G,,F,6,212,,,16R235,,,,,,0,0,000000000,00000000000,0,0,0,1,0,0,0,0,0,0,0,998,7,0,0,12,12,6,2,12,0,0,0,1,53,98042,6,1,0,0,3,0,70,170,0,0,0,1,0,1,2010,1,2010,0,0,0,0,0,1,3,55,1,2,2,1,0,0,1,62,1,1,1,51,1,0
53,530092,3,3,2,23,4,17,0,12,2,1,0,53,1,12,18,12018,3,1994,1ZVLT22B5R51,1,Z,V,L,T,2,2,B,5,R,5,1,0,P,FORD,PGT,2H,94,17,2921,,0,1028,,G,,F,6,152,,,16R225,,,,,,0,0,000000000,00000000000,0,0,0,1,0,0,0,0,0,0,0,998,0,9,6,0,13,6,2,1,0,0,0,1,53,98409,6,1,0,0,3,0,69,200,1,0,0,1,1,10,2008,3,2011,1,35,0,0,0,1,3,55,1,2,2,1,0,0,1,6,99,9,4,98,0,0
53,530093,1,1,1,18,3,0,5,42,0,1,0,53,1,7,15,7015,3,1992,1B3XW7433NN2,1,B,3,X,W,7,4,3,3,N,N,2,0,P,DODG,DIR,2H,92,17,2882,,0,970,,G,,F,6,181,,,16R205,,,,,,0,0,000000000,00000000000,0,0,0,1,0,0,0,0,0,0,0,998,0,0,0,12,12,6,2,42,0,0,0,1,53,98902,1,1,0,0,2,3,70,200,1,5,1,0,6,6,2008,8,2010,0,92,0,0,0,1,2,98,1,1,2,1,0,0,1,12,1,1,4,6,1,1
53,530094,1,1,1,9,4,0,54,25,0,1,0,53,1,54,37,54037,2,2003,19UYA42603A0,1,9,U,Y,A,4,2,6,0,3,A,0,0,P,ACUR,32S,CP,3,17,3510,,0,1069,,G,,F,6,197,,,17R215,,,,,,0,0,000000000,00000000000,0,0,0,1,0,0,0,0,0,0,0,998,0,0,0,12,12,6,2,25,0,0,0,1,53,98166,6,1,0,0,3,3,67,155,1,0,0,1,0,11,2009,9,2010,0,0,0,0,0,4,1,60,1,1,2,1,0,0,1,17,1,1,4,14,1,1
53,530095,1,2,1,13,4,21,39,12,6,1,0,53,2,53,705,53705,80,1992,JS1SP44A9N21,J,S,1,S,P,4,4,A,9,N,2,1,0,M,SUZI,D6S,T,92,17,,,,,,,641,,1,,4,347,,,,,,,0,0,000000000,00000000000,0,0,0,1,0,0,0,0,0,0,0,998,0,0,0,12,12,6,2,12,0,0,0,1,53,98106,6,1,0,0,3,0,72,170,0,0,0,0,0,0,0,0,0,1,0,0,0,0,1,4,35,1,1,2,1,0,0,1,15,1,1,1,69,1,1
53,530095,2,2,1,13,4,21,39,12,6,1,0,53,1,6,51,6051,4,2006,2C3KA43R36H2,2,C,3,K,A,4,3,R,3,6,H,2,0,P,CHRY,C30,4D,6,17,3623,,0,1200,,G,,F,6,165,,,17R215,,,,,,0,0,000000000,00000000000,0,0,0,1,0,0,0,0,0,0,0,998,0,0,0,83,83,6,2,12,0,0,0,1,53,98126,6,1,0,0,3,3,70,145,0,0,0,0,0,0,0,0,0,0,0,0,0,0,1,4,35,1,1,2,1,0,0,11,17,1,1,2,68,0,0
53,530096,1,1,1,16,4,21,38,17,0,1,0,53,1,76,706,76706,80,2009,JYARN23E79A0,J,Y,A,R,N,2,3,E,7,9,A,0,0,M,YAMA,YFR,RC,9,17,,,,,,,998,,4,,4,454,,,,,,,0,0,000000000,00000000000,0,0,0,1,0,0,0,0,0,0,0,998,0,0,0,12,98,6,2,17,0,0,0,1,53,99208,6,1,0,0,3,0,71,175,0,0,0,1,1,3,2011,3,2011,1,0,0,0,0,1,2,35,3,2,2,1,0,0,14,13,1,1,4,1,1,1
53,530098,1,1,1,23,4,11,30,31,0,1,0,53,1,20,421,20421,15,1998,1GNDT13W0W22,1,G,N,D,T,1,3,W,0,W,2,2,0,P,CHEV,BZR,UT,98,17,4046,,0,1070,,G,,F,6,262,,,15R235,,,,,,0,0,000000000,00000000000,0,0,0,1,0,0,0,0,0,0,0,998,0,1,6,12,13,6,2,1,0,0,0,1,53,99353,6,1,0,0,3,3,72,210,0,0,0,2,2,3,2009,12,2010,0,0,0,0,0,6,1,35,2,1,1,1,0,0,14,12,1,1,4,6,1,1
53,530099,1,2,1,22,4,21,9,12,2,1,0,16,2,2,404,2404,14,1996,1J4GZ78Y7TC2,1,J,4,G,Z,7,8,Y,7,T,C,2,0,T,JEEP,LMT,4W,96,17,,1,0,1059,GCK,G,,,8,318,,,,,3686,00,E,44,0,0,000000000,00000000000,0,0,0,1,0,0,0,0,0,0,0,998,0,0,0,12,12,6,2,12,0,0,0,1,16,83501,6,1,0,0,3,0,71,196,0,0,0,1,0,7,2010,7,2010,0,35,0,0,0,1,2,60,2,1,2,1,0,0,6,54,1,1,2,50,1,0
53,530099,2,2,1,22,4,21,9,12,2,1,0,53,2,14,6,14006,4,1992,2MECM75W2NX6,2,M,E,C,M,7,5,W,2,N,X,6,0,P,MERC,MGL,4D,92,17,3780,,0,1144,,G,,F,8,281,,,15R215,,,,,,0,0,000000000,00000000000,0,0,0,1,0,0,0,0,0,0,0,998,0,0,0,12,12,6,2,12,0,0,0,1,53,99347,6,1,0,0,3,0,64,180,0,0,0,0,1,9,2010,9,2010,0,0,0,0,0,1,2,60,3,1,2,1,0,0,14,62,1,1,1,51,1,0
53,530100,1,1,2,23,4,17,57,25,0,1,0,53,1,53,705,53705,80,2005,JS1GN79AX521,J,S,1,G,N,7,9,A,X,5,2,1,0,M,SUZI,GX6,RC,5,17,,,,,,,600,,4,,4,458,,,,,,,0,0,000000000,00000000000,0,0,0,1,0,0,0,0,0,0,0,998,0,0,0,98,98,6,2,25,0,0,0,1,53,98315,6,1,0,0,3,0,68,170,0,0,0,2,0,1,2009,8,2010,1,0,0,0,0,3,3,60,3,2,1,1,0,0,14,6,1,4,4,2,1,0
53,530101,1,1,4,23,4,22,25,1,0,1,0,53,1,37,32,37032,4,1994,1HGCD554XRA0,1,H,G,C,D,5,5,4,X,R,A,0,0,P,HOND,ULE,4D,94,17,2842,,0,1069,,G,,F,4,132,,,14R185,,,,,,0,0,000000000,00000000000,0,0,0,1,0,0,0,0,0,0,0,998,0,9,3,0,13,6,2,1,0,0,0,1,53,99301,6,1,0,0,3,0,69,140,0,0,0,0,1,1,2011,1,2011,0,0,0,0,0,2,2,70,1,2,1,1,0,0,1,9,6,1,4,6,1,1
53,530102,1,1,2,25,4,14,35,30,0,1,0,53,1,20,2,20002,4,2001,2G1WH55K3191,2,G,1,W,H,5,5,K,3,1,9,1,0,P,CHEV,IPL,4D,1,17,3466,,0,1105,,G,,F,6,231,,,16R225,,,,,,0,0,000000000,00000000000,0,0,0,1,0,0,0,0,0,0,0,998,0,0,0,81,81,6,2,30,0,0,0,1,53,98532,6,1,0,0,3,0,66,180,0,0,0,0,0,0,0,0,0,1,0,0,0,0,1,2,55,1,1,2,2,0,0,1,6,99,4,4,7,1,0
53,530103,1,1,1,4,5,16,20,38,0,1,0,53,1,12,401,12401,14,1989,1FMCU12T9KUC,1,F,M,C,U,1,2,T,9,K,U,C,0,P,FORD,BII,UT,89,17,2997,,0,940,,G,,F,6,177,,,15R205,,,,,,0,0,000000000,00000000000,0,0,0,1,0,0,0,0,0,0,0,998,0,1,5,61,13,6,2,1,0,0,0,1,53,98532,6,1,0,0,3,3,69,160,0,0,0,0,2,3,2009,11,2010,0,0,0,0,0,1,2,50,1,1,2,1,0,0,1,12,1,1,4,6,1,1
53,530104,1,1,1,4,5,19,55,42,0,1,0,53,2,49,472,49472,30,1996,4TANL42N9TZ1,4,T,A,N,L,4,2,N,9,T,Z,1,0,T,TOYT,REG,PK,96,17,,1,0,1033,TAC,G,,,4,149,,,,B,2560,00,M,42,0,0,000000000,00000000000,0,0,0,1,0,0,0,0,0,0,0,998,0,0,0,12,12,6,2,42,0,0,0,1,53,98632,6,1,0,0,3,0,65,312,0,0,0,0,0,0,0,0,0,0,0,0,0,0,1,4,50,3,2,2,1,0,0,14,13,1,1,4,1,1,0
53,530105,1,3,1,24,4,20,54,12,2,1,0,53,1,13,1,13001,4,1994,1LNLM81W2RY6,1,L,N,L,M,8,1,W,2,R,Y,6,0,P,LINC,EXC,4D,94,17,4039,,0,1174,,G,,F,8,281,,,15R215,,,,,,0,0,000000000,00000000000,0,0,0,1,0,0,0,0,0,0,0,998,0,0,0,12,12,6,2,12,0,0,0,1,53,98572,6,1,0,0,3,3,74,300,0,0,0,0,0,0,0,0,0,0,51,0,0,0,2,4,70,1,1,2,1,0,0,1,54,1,1,1,50,1,0
53,530105,2,3,1,24,4,20,54,12,2,1,0,53,2,55,35,55035,4,2000,KMHJF35F3YU9,K,M,H,J,F,3,5,F,3,Y,U,9,0,P,HYUN,EGS,4D,0,17,2626,,0,1004,,G,,F,4,121,,,14R195,,,,,,0,0,000000000,00000000000,0,0,0,1,0,0,0,0,0,0,0,998,0,0,0,12,12,6,2,12,0,0,0,1,53,99019,6,1,0,0,3,3,66,190,0,0,0,2,1,10,2008,12,2010,0,0,0,0,0,2,4,70,1,1,2,1,0,0,1,54,1,1,1,51,0,0
53,530105,3,3,2,24,4,20,54,12,2,1,0,53,1,49,40,49040,4,2011,4T4BF3EK1BR1,4,T,4,B,F,3,E,K,1,B,R,1,0,P,TOYT,CBA,4D,11,17,3263,,0,1093,,G,,F,4,152,,,16R215,,,,,,0,0,000000000,00000000000,0,0,0,1,0,0,0,0,0,0,0,998,0,0,0,12,12,6,2,12,0,0,0,1,53,98837,6,1,0,0,3,0,67,170,0,0,0,0,0,0,0,0,0,0,0,0,0,0,2,4,70,1,1,2,1,0,0,1,51,1,1,1,98,0,0
53,530106,1,2,1,30,4,10,47,12,6,1,0,53,1,35,401,35401,14,1997,JN8AR05Y8VW1,J,N,8,A,R,0,5,Y,8,V,W,1,0,P,NISS,PFI,UT,97,17,3934,,0,1063,,G,,F,6,201,,,15R235,,,,,,0,0,000000000,00000000000,0,0,0,1,0,0,0,0,0,0,0,998,0,0,0,9,9,6,2,12,0,0,0,1,53,98407,6,1,0,0,3,0,69,190,0,0,0,0,0,0,0,0,0,0,39,0,0,0,5,3,30,1,2,2,1,3,2,1,17,1,1,1,89,0,0
53,530106,2,2,1,30,4,10,47,12,6,1,0,53,1,71,706,71706,80,2008,ZDM1XBEW58B0,Z,D,M,1,X,B,E,W,5,8,B,0,0,M,DUCA,,,8,17,,,,,,,,,,,,,,,,,,,0,0,000000000,00000000000,0,0,0,1,0,0,0,0,0,0,0,998,0,0,0,12,12,6,2,12,0,0,0,1,53,98406,6,1,0,0,3,3,72,220,0,0,0,1,0,4,2010,4,2010,0,0,0,0,0,5,4,30,1,2,2,1,3,3,1,66,1,1,1,88,1,0
53,530107,1,1,1,7,5,18,15,1,0,1,0,53,2,37,734,37734,90,2005,1HFTE30085A1,1,H,F,T,E,3,0,0,8,5,A,1,0,M,HOND,T50,AT,5,17,,,,,,,450,,1,,4,350,,,,,,,0,0,000000000,00000000000,0,0,0,1,0,0,0,0,0,0,0,998,0,9,6,0,13,2,9,1,0,0,0,1,53,98513,6,1,0,0,1,0,75,195,0,1,0,0,0,10,2008,10,2008,1,0,0,0,0,1,2,50,1,1,2,1,0,0,1,13,1,1,4,1,1,1
53,530108,1,3,1,18,1,18,57,8,0,1,1,53,1,37,32,37032,4,1992,1HGCB7656NA0,1,H,G,C,B,7,6,5,6,N,A,0,0,P,HOND,ALX,4D,92,17,2504,,0,1071,,G,,F,4,132,,,14R185,,,,,,0,0,000000000,00000000000,0,0,0,1,0,0,0,0,0,0,0,998,0,0,0,12,12,2,1,8,0,0,0,1,53,98223,6,1,0,0,3,3,80,212,0,0,0,0,0,0,0,0,0,0,0,0,0,0,3,3,60,1,1,2,1,0,0,1,80,1,1,1,13,0,0
53,530108,2,3,1,18,1,18,57,8,0,1,1,53,2,54,421,54421,15,2008,2HNYD28468H5,2,H,N,Y,D,2,8,4,6,8,H,5,0,P,ACUR,MDX,UT,8,17,4588,,0,1083,,G,,F,6,226,,,18R255,,,,,,0,0,000000000,00000000000,0,0,0,1,0,0,0,0,0,0,0,998,0,0,0,12,12,2,1,8,0,0,0,1,53,98258,6,1,0,0,3,3,62,110,0,0,0,2,0,9,2008,11,2008,0,0,0,0,0,3,3,60,1,1,2,1,0,0,1,80,1,1,1,98,0,0
53,530108,3,3,1,18,1,18,57,8,0,1,1,53,1,37,401,37401,14,2001,4S6DM58W9144,4,S,6,D,M,5,8,W,9,1,4,4,0,P,HOND,PAS,UT,1,17,4013,,0,1064,,G,,F,6,193,,,16R245,,,,,,0,0,000000000,00000000000,0,0,0,1,0,0,0,0,0,0,0,998,0,0,0,13,13,2,1,8,0,0,0,1,53,98282,6,1,0,0,3,3,67,135,0,0,0,0,0,0,0,0,0,0,0,0,0,0,3,3,60,1,1,2,1,0,0,1,80,1,1,1,98,0,0
53,530109,1,2,1,25,2,13,9,12,6,1,0,53,1,48,34,48034,6,1990,JF2BJ63C2LH9,J,F,2,B,J,6,3,C,2,L,H,9,0,P,SUBA,LH4,SW,90,17,2960,,0,1016,,G,,F,4,135,,,14R185,,,,,,0,0,000000000,00000000000,0,0,0,1,0,0,0,0,0,0,0,998,0,0,0,9,9,6,2,12,0,0,0,1,53,99205,6,1,0,0,3,0,64,180,0,0,0,0,0,0,0,0,0,0,31,0,0,0,5,4,35,1,1,2,2,0,0,13,98,1,1,1,98,1,0
53,530109,2,2,1,25,2,13,9,12,6,1,0,30,2,19,5,19005,2,2002,1G6ET12912B1,1,G,6,E,T,1,2,9,1,2,B,1,0,P,CADI,ETC,CP,2,17,3865,,0,1080,,G,,F,8,279,,,16R235,,,,,,0,0,000000000,00000000000,0,0,0,1,0,0,0,0,0,0,0,998,0,0,0,12,12,6,2,12,0,0,0,1,53,99205,6,1,0,0,3,0,69,170,0,0,0,0,3,10,2010,10,2010,0,0,0,0,0,5,4,35,1,1,2,2,0,0,1,98,1,1,1,98,0,0
53,530110,1,3,1,17,3,7,11,12,6,1,0,53,2,37,32,37032,4,2006,1HGCM66576A0,1,H,G,C,M,6,6,5,7,6,A,0,0,P,HOND,UEX,4D,6,17,3437,,0,1079,,G,,F,6,183,,,17R215,,,,,,0,0,000000000,00000000000,0,0,0,1,0,0,0,0,0,0,0,998,0,0,0,12,12,6,2,12,0,0,0,1,53,98021,1,1,0,0,2,0,71,170,0,3,0,1,4,5,2008,11,2010,0,28,91,0,0,5,4,45,1,1,2,1,0,0,1,54,1,1,2,64,0,0
53,530110,2,3,1,17,3,7,11,12,6,1,0,53,1,18,2,18002,4,1991,1G4HR54C1MH4,1,G,4,H,R,5,4,C,1,M,H,4,0,P,BUIC,LLF,4D,91,17,3169,,0,1108,,G,,F,6,231,,,14R205,,,,,,0,0,000000000,00000000000,0,0,0,1,0,0,0,0,0,0,0,998,0,0,0,61,61,6,2,12,0,0,0,1,53,98204,6,1,0,0,3,3,73,126,0,0,0,0,0,0,0,0,0,0,0,0,0,0,5,4,45,1,1,2,1,0,0,1,62,1,1,1,65,1,0
53,530110,3,3,1,17,3,7,11,12,6,1,0,53,1,41,50,41050,6,2007,1YVHP82D375M,1,Y,V,H,P,8,2,D,3,7,5,M,0,P,MAZD,M6S,SW,7,17,3483,,0,1053,,G,,F,6,181,,,17R215,,,,,,0,0,000000000,00000000000,0,0,0,1,0,0,0,0,0,0,0,998,0,0,0,81,81,2,1,12,0,0,0,1,53,98012,6,1,0,0,3,0,66,155,0,0,0,0,0,0,0,0,0,0,0,0,0,0,5,4,45,1,1,2,1,0,0,1,62,6,1,2,98,0,0