STATE,ST_CASE,VEH_NO,VE_FORMS,NUMOCCS,DAY,MONTH,HOUR,MINUTE,HARM_EV,MAN_COLL,UNITTYPE,HIT_RUN,REG_STAT,OWNER,MAKE,MODEL,MAK_MOD,BODY_TYP,MOD_YEAR,VIN,VIN_1,VIN_2,VIN_3,VIN_4,VIN_5,VIN_6,VIN_7,VIN_8,VIN_9,VIN_10,VIN_11,VIN_12,TOW_VEH,VINTYPE,VINMAKE,VINA_MOD,VIN_BT,VINMODYR,VIN_LNGT,VIN_WGT,WGTCD_TR,WHLBS_LG,WHLBS_SH,SER_TR,FUELCODE,MCYCL_DS,CARBUR,CYLINDER,DISPLACE,MCYCL_CY,MCYCL_WT,TIRE_SZE,TON_RAT,TRK_WT,TRKWTVAR,VIN_REST,WHLDRWHL,J_KNIFE,MCARR_I1,MCARR_I2,MCARR_ID,GVWR,V_CONFIG,CARGO_BT,HAZ_INV,HAZ_PLAC,HAZ_ID,HAZ_CNO,HAZ_REL,BUS_USE,SPEC_USE,EMER_USE,TRAV_SP,UNDERIDE,ROLLOVER,ROLINLOC,IMPACT1,IMPACT2,DEFORMED,TOWED,M_HARM,VEH_SC1,VEH_SC2,FIRE_EXP,DR_PRES,L_STATE,DR_ZIP,L_STATUS,L_TYPE,CDL_STAT,L_ENDORS,L_COMPL,L_RESTRI,DR_HGT,DR_WGT,PREV_ACC,PREV_SUS,PREV_DWI,PREV_SPD,PREV_OTH,FIRST_MO,FIRST_YR,LAST_MO,LAST_YR,SPEEDREL,DR_SF1,DR_SF2,DR_SF3,DR_SF4,VTRAFWAY,VNUM_LAN,VSPD_LIM,VALIGN,VPROFILE,VPAVETYP,VSURCOND,VTRAFCON,VTCONT_F,P_CRASH1,P_CRASH2,P_CRASH3,PCRASH4,PCRASH5,ACC_TYPE,DEATHS,DR_DRINK
53,530214,1,1,1,21,7,23,59,18,0,1,0,53,1,53,706,53706,80,2006,JS1GT76A7621,J,S,1,G,T,7,6,A,7,6,2,1,0,M,SUZI,XR1,RC,6,17,,,,,,,999,,4,,4,365,,,,,,,0,0,000000000,00000000000,0,0,0,1,0,0,0,0,0,0,0,998,0,0,0,6,6,6,2,18,0,0,0,1,53,98596,0,0,0,0,0,0,70,160,0,0,0,1,0,6,2011,6,2011,1,0,0,0,0,1,2,25,3,2,2,1,0,0,14,13,3,1,4,1,1,1
53,530215,1,1,3,23,7,11,35,1,0,1,0,53,2,7,26,7026,4,2008,1B3LC46K38N1,1,B,3,L,C,4,6,K,3,8,N,1,0,P,DODG,AVN,4D,8,17,3355,,0,1089,,G,,F,4,144,,,16R215,,,,,,0,0,000000000,00000000000,0,0,0,1,0,0,0,0,0,0,0,998,0,9,1,0,13,6,2,1,0,0,0,1,53,99301,6,1,0,0,3,0,66,135,0,0,0,0,0,0,0,0,0,1,0,0,0,0,1,8,98,1,2,5,1,0,0,1,6,1,9,3,98,1,0
53,530216,1,2,1,24,7,14,50,25,0,1,0,95,9,73,706,73706,80,2009,JKBVNRA139A0,J,K,B,V,N,R,A,1,3,9,A,0,0,M,KAWK,V7A,RS,9,17,,,,,,,1700,,2,,4,822,,,,,,,0,0,000000000,00000000000,0,0,0,1,0,0,0,0,0,0,0,998,0,0,0,12,12,6,2,25,0,0,0,1,95,0,9,9,99,9,9,9,999,999,99,99,99,99,99,99,9999,99,9999,0,0,0,0,0,2,4,60,4,2,2,1,0,0,14,8,1,1,4,6,1,0
53,530216,2,2,2,24,7,14,50,25,0,1,0,53,1,30,40,30040,4,2003,3VWSE69MX3M0,3,V,W,S,E,6,9,M,X,3,M,0,0,P,VOLK,JGS,4D,3,17,2963,,0,989,,G,,T,4,109,,,15R195,,,,,,0,0,000000000,00000000000,0,0,0,1,0,0,0,0,0,0,0,998,0,0,0,12,12,6,2,12,0,0,0,1,53,98284,6,1,0,0,3,0,65,150,0,0,0,0,0,0,0,0,0,0,0,0,0,0,1,4,60,4,2,2,1,0,0,14,62,1,1,1,98,0,0
53,530217,1,1,1,24,7,8,40,59,0,1,0,53,1,20,481,20481,31,1973,CCY243F32597,C,C,Y,2,4,3,F,3,2,5,9,7,0,T,CHEV,C20,PK,73,12,,2,1645,1295,C20,G,,,8,350,,,,C,,,,42,0,0,000000000,00000000000,0,0,0,1,0,0,0,0,0,0,0,998,0,0,0,12,12,6,2,42,0,0,0,1,53,98058,6,1,0,0,3,0,72,163,1,0,0,0,0,5,2009,5,2009,1,0,0,0,0,1,2,25,1,2,2,1,20,3,1,8,1,1,4,1,1,0
53,530218,1,1,1,24,7,2,18,1,0,1,0,53,9,37,32,37032,4,1995,JHMCD5550SC0,J,H,M,C,D,5,5,5,0,S,C,0,0,P,HOND,AEX,4D,95,17,2908,,0,1069,,G,,F,4,132,,,15R195,,,,,,0,0,000000000,00000000000,0,0,0,1,0,0,0,0,0,0,0,998,0,1,6,0,13,6,2,1,0,0,0,1,53,98824,6,1,0,0,3,0,64,130,0,0,0,0,1,12,2008,12,2008,1,0,0,0,0,1,2,50,2,1,2,1,0,0,14,6,2,1,4,6,1,0
53,530219,1,1,1,29,7,22,0,1,0,1,0,53,1,53,706,53706,80,2003,JS1VX51L3321,J,S,1,V,X,5,1,L,3,3,2,1,0,M,SUZI,VS4,RS,3,17,,,,,,,1360,,2,,4,535,,,,,,,0,0,000000000,00000000000,0,0,0,1,0,0,0,0,0,0,0,998,0,0,0,0,61,6,2,31,0,0,0,1,53,98349,6,1,0,0,3,0,67,180,0,2,0,0,0,8,2008,8,2008,1,0,0,0,0,1,2,35,3,1,2,1,0,0,14,6,1,9,2,98,1,0
53,530220,1,1,4,23,7,3,50,39,0,1,0,53,2,7,21,7021,6,2005,2D4FV48V75H1,2,D,4,F,V,4,8,V,7,5,H,1,0,P,DODG,MGN,UT,5,17,3811,,0,1200,,G,,F,6,214,,,17R215,,,,,,0,0,000000000,00000000000,0,0,0,1,0,0,0,0,0,0,0,998,0,1,1,12,13,6,2,39,0,0,0,1,53,98059,1,1,0,0,2,0,71,215,0,0,0,0,1,4,2011,4,2011,1,0,0,0,0,6,1,98,2,1,1,1,0,0,14,12,1,1,4,6,1,1
53,530221,1,2,1,24,7,13,58,59,0,1,0,53,1,55,401,55401,14,2003,KM8SC73E83U5,K,M,8,S,C,7,3,E,8,3,U,5,0,P,HYUN,SAN,UT,3,17,3720,,0,1031,,G,,F,6,213,,,16R225,,,,,,0,0,000000000,00000000000,0,0,0,1,0,0,0,0,0,0,0,998,0,0,0,12,12,6,2,12,0,0,0,1,53,98296,6,1,0,0,3,3,70,265,0,0,0,2,0,5,2009,6,2010,0,91,0,0,0,6,1,35,2,2,2,1,21,3,14,10,3,1,4,6,0,1
53,530221,2,2,1,24,7,13,58,59,0,1,0,53,1,34,34,34034,2,2004,WBSBL93444PN,W,B,S,B,L,9,3,4,4,4,P,N,0,P,BMW,M3S,CP,4,17,3415,,0,1075,,G,,F,6,198,,,18R225,,,,,,0,0,000000000,00000000000,0,0,0,1,0,0,0,0,0,0,0,998,0,0,0,61,61,6,2,12,0,0,0,1,53,98033,6,1,0,0,3,3,72,220,0,0,0,1,0,5,2011,5,2011,0,0,0,0,0,1,4,35,1,1,2,1,0,0,1,68,1,1,1,98,1,0
53,530222,1,1,1,28,7,15,44,9,0,1,1,99,9,99,999,99999,99,9999,999999999999,9,9,9,9,9,9,9,9,9,9,9,9,0,,,,,,,,,,,,,,,,,,,,,,,,,0,0,000000000,00000000000,0,0,0,1,0,0,0,0,0,0,0,998,0,0,0,99,99,2,1,9,0,0,0,1,99,99999,9,9,99,9,9,9,999,999,99,99,99,99,99,99,9999,99,9999,9,99,99,99,99,1,4,35,1,1,1,1,0,0,11,80,1,1,1,13,0,0
53,530223,1,1,1,1,8,16,50,38,0,1,0,53,1,12,24,12024,6,2010,2FMDK4JC3ABA,2,F,M,D,K,4,J,C,3,A,B,A,0,P,FORD,EDG,UT,10,17,4288,,0,1112,,G,,F,6,214,,,18R245,,,,,,0,0,000000000,00000000000,0,0,0,1,0,0,0,0,0,0,0,998,0,1,6,99,99,6,2,1,0,0,0,1,53,99337,6,1,0,0,3,3,67,130,0,0,0,0,0,0,0,0,0,0,0,0,0,0,1,2,35,1,1,2,1,20,3,1,14,1,1,4,14,1,0
53,530224,1,1,1,1,8,0,5,1,0,1,0,16,2,20,471,20471,30,2001,1GCDT13W01K1,1,G,C,D,T,1,3,W,0,1,K,1,0,P,CHEV,S,UT,1,17,4133,,0,1227,,G,,F,6,262,,,000000,,,,,,0,0,000000000,00000000000,0,0,0,1,0,0,0,0,0,0,0,998,0,1,6,0,13,6,2,1,0,0,0,1,16,83815,6,1,0,0,3,0,69,170,0,1,1,1,0,4,2009,4,2010,0,0,0,0,0,3,2,70,3,1,2,1,0,0,14,13,6,9,4,2,1,1
53,530225,1,1,1,2,8,0,27,42,0,1,0,53,1,73,705,73705,80,2000,JKAZX4J13YA0,J,K,A,Z,X,4,J,1,3,Y,A,0,0,M,KAWK,ZXJ,RC,0,17,,,,,,,600,,4,,4,377,,,,,,,0,0,000000000,00000000000,0,0,0,1,0,0,0,0,0,0,0,998,0,0,0,12,12,6,2,42,0,0,0,1,41,97030,6,1,0,0,3,0,68,150,0,0,0,0,0,0,0,0,0,1,33,51,0,0,1,2,50,2,1,2,1,0,0,6,6,1,2,4,7,1,0
53,530226,1,1,1,2,8,12,52,15,0,1,0,53,2,7,482,7482,31,2001,3B7KF23681G8,3,B,7,K,F,2,3,6,8,1,G,8,0,T,DODG,Q25,4C,1,17,,2,1547,1387,RPC,D,,,6,359,,,,C,5586,01,U,44,0,0,000000000,00000000000,0,0,0,1,0,0,0,0,0,0,0,998,0,0,0,12,12,2,3,15,0,0,0,1,53,98375,1,1,0,0,2,0,69,220,0,4,0,1,4,9,2008,7,2011,0,92,0,0,0,1,2,25,1,1,2,1,20,3,4,83,1,1,1,13,0,0
53,530227,1,1,1,2,8,5,10,8,0,1,0,53,1,49,38,49038,4,1997,JT2BC52L4V02,J,T,2,B,C,5,2,L,4,V,0,2,0,P,TOYT,TCE,4D,97,17,2035,,0,937,,G,,F,4,091,,,14R175,,,,,,0,0,000000000,00000000000,0,0,0,1,0,0,0,0,0,0,0,998,0,0,0,12,12,6,2,8,0,0,0,1,53,98665,6,1,0,0,3,0,68,180,0,0,0,0,0,0,0,0,0,0,0,0,0,0,2,3,35,1,2,2,2,0,0,1,80,1,1,1,13,0,0
53,530228,1,1,1,3,8,17,30,42,0,1,0,53,1,7,482,7482,31,2002,1D7HU18Z22J2,1,D,7,H,U,1,8,Z,2,2,J,2,0,T,DODG,Q15,CW,2,17,,2,1605,1405,RPC,G,,,8,360,,,,B,5000,02,E,44,0,0,000000000,00000000000,0,0,0,1,0,0,0,0,0,0,0,998,0,0,0,12,12,6,2,42,0,0,0,1,53,98513,6,1,0,0,3,0,67,147,0,0,0,0,0,0,0,0,0,0,0,0,0,0,1,2,50,2,1,2,1,0,0,14,12,1,1,4,6,1,1
53,530229,1,1,2,3,8,1,14,42,0,1,1,53,2,22,22,22022,4,2009,1G2ZH57N1941,1,G,2,Z,H,5,7,N,1,9,4,1,0,P,PONT,GGT,4D,9,17,3457,,0,1123,,G,,F,6,214,,,17R225,,,,,,0,0,000000000,00000000000,0,0,0,1,0,0,0,0,0,0,0,998,0,0,0,12,12,6,2,42,0,0,0,1,53,98321,6,1,0,0,3,0,75,185,0,0,0,2,0,12,2009,3,2011,1,0,0,0,0,1,2,35,3,1,2,1,0,0,14,6,99,4,4,2,1,1
53,530230,1,1,1,5,8,23,55,1,0,1,0,53,1,72,706,72706,80,2001,1HD1GEV191Y3,1,H,D,1,G,E,V,1,9,1,Y,3,0,M,HD,FWG,RS,1,17,,,,,,,1450,,2,,4,612,,,,,,,0,0,000000000,00000000000,0,0,0,1,0,0,0,0,0,0,0,998,0,0,0,0,61,6,2,1,0,0,0,1,53,98263,6,1,0,0,3,0,70,150,0,0,0,0,0,0,0,0,0,1,0,0,0,0,6,1,70,1,2,2,1,0,0,1,12,1,1,4,6,1,1
53,530231,1,1,1,6,8,10,18,24,0,1,0,53,1,37,706,37706,80,2005,1HFSC47015A4,1,H,F,S,C,4,7,0,1,5,A,4,0,M,HOND,GL8,RS,5,17,,,,,,,1832,,6,,4,792,,,,,,,0,0,000000000,00000000000,0,0,0,1,0,0,0,0,0,0,0,998,0,0,0,3,61,6,2,24,0,0,0,1,53,98133,6,1,0,0,3,3,69,155,1,0,0,1,0,8,2009,8,2009,1,0,0,0,0,1,2,20,2,2,2,1,0,0,14,6,99,3,4,7,1,0
53,530232,1,1,2,6,8,2,22,1,0,1,0,53,1,48,45,48045,6,2005,4S4BP61C2573,4,S,4,B,P,6,1,C,2,5,7,3,0,P,SUBA,LOI,SW,5,17,3310,,0,1051,,G,,F,4,152,,,16R225,,,,,,0,0,000000000,00000000000,0,0,0,1,0,0,0,0,0,0,0,998,0,1,6,0,13,6,2,1,0,0,0,1,53,99004,6,1,0,0,3,0,71,175,0,0,0,0,0,0,0,0,0,0,83,0,0,0,1,2,45,1,1,2,1,0,0,1,87,6,1,4,6,1,1
53,530233,1,1,1,7,8,19,0,34,0,1,0,53,1,37,706,37706,80,1997,1HFSC3207VA2,1,H,F,S,C,3,2,0,7,V,A,2,0,M,HOND,VAB,RS,97,17,,,,,,,1099,,2,,4,573,,,,,,,0,0,000000000,00000000000,0,0,0,1,0,0,0,0,0,0,0,998,0,0,0,12,12,6,2,34,0,0,0,1,53,98229,6,1,0,0,2,0,67,230,1,0,0,1,0,6,2010,7,2011,0,0,0,0,0,1,2,35,3,1,2,1,0,0,14,13,1,1,4,1,1,1
53,530234,1,1,1,7,8,17,27,24,0,1,0,53,1,37,706,37706,80,1995,1HD1CAP18SY2,1,H,D,1,C,A,P,1,8,S,Y,2,0,M,HD,L12,RS,95,17,,,,,,,1200,,2,,4,470,,,,,,,0,0,000000000,00000000000,0,0,0,1,0,0,0,0,0,0,0,998,0,0,0,12,12,6,2,24,0,0,0,1,53,98387,6,1,0,0,3,3,67,180,0,0,0,0,0,0,0,0,0,1,0,0,0,0,1,2,25,3,2,2,1,0,0,14,13,1,1,4,1,1,0
53,530235,1,1,1,9,8,10,54,42,0,1,0,53,2,20,481,20481,31,1994,2GCEK19K4R12,2,G,C,E,K,1,9,K,4,R,1,2,0,T,CHEV,GK1,PC,94,17,,2,1555,1415,GM4,G,,,8,350,,,,B,4032,00,,44,0,0,000000000,00000000000,0,0,0,1,0,0,0,0,0,0,0,998,0,9,6,12,13,6,2,1,0,0,0,1,53,98528,6,1,0,0,3,0,71,220,0,1,0,1,0,9,2008,12,2009,0,0,0,0,0,1,2,40,3,1,2,1,0,0,14,13,1,1,4,1,1,1
53,530237,1,2,1,12,8,15,54,12,6,1,0,53,2,53,706,53706,80,2007,JS1GR7KA6721,J,S,1,G,R,7,K,A,6,7,2,1,0,M,SUZI,SX7,RC,7,17,,,,,,,749,,4,,4,359,,,,,,,0,0,000000000,00000000000,0,0,0,1,0,0,0,0,0,0,0,998,0,0,0,12,12,6,2,12,0,0,0,1,53,98021,1,1,0,0,2,0,72,190,0,3,0,0,1,9,2008,1,2010,1,0,0,0,0,5,4,25,1,1,2,1,3,3,1,17,1,1,1,69,1,0
53,530237,2,2,1,12,8,15,54,12,6,1,0,53,2,49,38,49038,4,1994,JT2EL43T7R03,J,T,2,E,L,4,3,T,7,R,0,3,0,P,TOYT,TTX,4D,94,17,2055,,0,937,,G,,F,4,089,,,13R155,,,,,,0,0,000000000,00000000000,0,0,0,1,0,0,0,0,0,0,0,998,0,0,0,81,81,6,2,12,0,0,0,1,53,98155,6,1,0,0,3,3,64,107,0,0,0,0,1,5,2010,5,2010,0,0,0,0,0,5,4,25,1,2,2,1,3,3,11,15,1,1,2,68,0,0
53,530238,1,1,1,13,8,19,16,59,0,1,0,53,1,49,33,49033,3,2002,JTDDR32TX201,J,T,D,D,R,3,2,T,X,2,0,1,0,P,TOYT,CGF,2H,2,17,2425,,0,1023,,G,,F,4,109,,,15R195,,,,,,0,0,000000000,00000000000,0,0,0,1,0,0,0,0,0,0,0,998,0,1,6,61,13,6,2,1,0,0,0,1,53,98042,6,1,0,0,3,0,66,300,0,0,0,0,0,0,0,0,0,1,0,0,0,0,1,2,35,2,2,2,1,0,0,14,6,99,3,4,2,1,1
53,530239,1,1,1,19,8,1,40,1,0,1,0,18,3,51,881,51881,66,2009,4V4NC9TG59N4,4,V,4,N,C,9,T,G,5,9,N,4,1,T,VOLV,VNL,TR,9,17,,8,0,0,VVN,D,,,6,915,,,,,00000,00,,64,1,57,1252905,571252905,3,6,1,1,0,0,0,0,0,0,0,998,0,9,3,0,61,6,2,1,0,0,0,1,16,83705,6,1,6,0,3,0,72,240,0,0,0,0,0,0,0,0,0,0,0,0,0,0,3,2,60,1,1,1,1,40,3,1,12,1,1,4,6,1,0
53,530240,1,2,1,23,8,5,15,12,6,1,0,53,1,12,402,12402,14,2009,1FMCU94G29KD,1,F,M,C,U,9,4,G,2,9,K,D,0,P,FORD,SPE,UT,9,17,3578,,0,1031,,G,,F,6,183,,,16R235,,,,,,0,0,000000000,00000000000,0,0,0,1,0,0,0,0,0,0,0,998,0,0,0,61,61,6,2,12,0,0,0,1,53,98250,6,1,0,0,3,3,73,190,0,0,0,0,0,0,0,0,0,0,38,0,0,0,1,2,55,1,1,2,1,20,3,12,98,1,1,2,98,1,1
53,530240,2,2,1,23,8,5,15,12,6,1,0,53,3,98,806,98806,62,2005,JHBNE8JT451S,J,H,B,N,E,8,J,T,4,5,1,S,0,T,HINO,268,CC,5,17,,6,0,0,HIN,D,,,6,469,,,,,00000,00,,42,0,57,0004393,570004393,2,1,1,1,0,0,0,0,0,0,0,998,0,0,0,12,12,6,2,12,0,0,0,1,53,98837,6,1,0,0,3,3,68,200,0,0,0,0,0,0,0,0,0,0,0,0,0,0,1,2,60,1,1,2,1,0,0,1,66,1,1,1,98,0,0
53,530241,1,1,1,24,8,0,45,42,0,1,0,53,9,37,401,37401,14,1999,4S6CM58W6X44,4,S,6,C,M,5,8,W,6,X,4,4,0,P,HOND,PAS,UT,99,17,3860,,0,1064,,G,,F,6,193,,,15R235,,,,,,0,0,000000000,00000000000,0,0,0,1,0,0,0,0,0,0,0,998,0,0,0,12,12,6,2,42,0,0,0,1,53,98226,1,1,0,0,2,0,70,180,0,5,1,1,10,8,2008,3,2011,1,0,0,0,0,1,2,40,3,2,2,1,0,0,14,13,1,1,4,1,1,1
53,530242,1,1,1,27,8,1,54,14,0,1,0,53,2,20,9,20009,2,1997,2G1FP22K9V21,2,G,1,F,P,2,2,K,9,V,2,1,0,P,CHEV,C/R,CP,97,17,3294,,0,1011,,G,,F,6,231,,,16R215,,,,,,0,0,000000000,00000000000,0,0,0,1,0,0,0,0,0,0,0,998,0,0,0,61,61,6,2,14,0,0,0,1,53,98118,1,1,0,0,2,0,70,180,1,10,0,0,16,10,2008,1,2011,1,0,0,0,0,3,6,60,2,1,1,1,0,0,14,6,99,3,4,98,1,1
53,530243,1,1,6,28,8,14,39,1,0,1,0,53,3,12,461,12461,21,1996,1FMEE11H2THB,1,F,M,E,E,1,1,H,2,T,H,B,0,P,FORD,CLU,SV,96,17,5121,,0,1380,,G,,F,8,351,,,15R235,,,,,,0,0,000000000,00000000000,0,0,0,1,0,0,0,0,0,0,0,998,0,9,6,0,99,6,2,1,0,0,0,1,53,98092,6,1,0,0,3,0,70,130,1,0,0,0,0,2,2009,2,2009,0,0,0,0,0,2,2,70,1,1,2,1,0,0,1,3,99,3,4,2,1,0
53,530244,1,1,1,28,8,3,30,42,0,1,0,53,1,54,31,54031,3,1991,JH4DA9358MS0,J,H,4,D,A,9,3,5,8,M,S,0,0,P,ACUR,ILS,2H,91,17,2491,,0,1004,,G,,F,4,112,,,15R195,,,,,,0,0,000000000,00000000000,0,0,0,1,0,0,0,0,0,0,0,998,0,0,0,12,12,6,2,42,0,0,0,1,53,98225,6,1,0,0,3,3,68,165,0,2,0,1,1,3,2009,6,2010,1,0,0,0,0,1,2,25,2,1,2,1,0,0,14,6,1,1,4,6,1,1
53,530245,1,1,2,31,8,18,57,25,0,1,0,53,1,98,706,98706,80,2004,ZD4RRC0014S0,Z,D,4,R,R,C,0,0,1,4,S,0,0,U,,,,4,17,,,,,,,,,,,,,,,,,,,0,0,000000000,00000000000,0,0,0,1,0,0,0,0,0,0,0,998,0,0,0,12,12,6,2,25,0,0,0,1,53,98012,6,1,0,0,3,3,69,160,0,0,0,1,2,4,2009,5,2009,0,0,0,0,0,6,1,60,2,4,1,1,0,0,14,9,1,1,4,6,1,0
53,530246,1,1,1,31,8,8,50,25,0,1,0,53,1,71,706,71706,80,2011,ZDM1RANN1BB0,Z,D,M,1,R,A,N,N,1,B,B,0,0,M,DUCA,,,11,17,,,,,,,,,,,,,,,,,,,0,0,000000000,00000000000,0,0,0,1,0,0,0,0,0,0,0,998,0,0,0,61,61,6,2,25,0,0,0,1,53,98118,6,1,0,0,3,3,70,175,1,0,0,1,0,5,2009,6,2009,1,0,0,0,0,3,6,60,2,1,1,1,0,0,15,12,1,1,4,6,1,0
53,530247,1,1,5,11,9,8,55,34,0,1,0,53,1,12,422,12422,15,2002,1FMDU74W62ZB,1,F,M,D,U,7,4,W,6,2,Z,B,0,P,FORD,EPR,UT,2,17,4388,,0,1137,,G,,F,8,281,,,16R245,,,,,,0,0,000000000,00000000000,0,0,0,1,0,0,0,0,0,0,0,998,0,1,6,12,99,6,2,1,0,0,0,1,53,98606,6,1,0,0,3,0,68,160,0,0,0,0,0,0,0,0,0,0,58,0,0,0,2,2,70,1,1,1,1,0,0,1,13,7,1,4,1,1,0
53,530248,1,1,2,19,4,21,56,5,0,1,1,53,9,7,41,7041,4,1996,1B3HD46F9TF1,1,B,3,H,D,4,6,F,9,T,F,1,0,P,DODG,INT,4D,96,17,3311,,0,1130,,G,,F,6,215,,,16R225,,,,,,0,0,000000000,00000000000,0,0,0,1,0,0,0,0,0,0,0,998,0,0,0,0,0,0,1,5,0,0,0,1,99,99999,9,9,99,9,9,9,999,999,99,99,99,99,99,99,9999,99,9999,9,99,99,99,99,1,2,25,9,9,9,1,0,0,99,98,99,9,9,0,1,0
53,530249,1,1,2,24,5,18,9,43,0,1,0,53,1,30,42,30042,3,1985,WVWCA0151FK0,W,V,W,C,A,0,1,5,1,F,K,0,0,P,VOLK,GLD,CV,85,17,2254,,0,973,,G,,F,4,109,,,13R175,,,,,,0,0,000000000,00000000000,0,0,0,1,0,0,0,0,0,0,0,998,0,0,0,3,3,6,2,43,0,0,0,1,53,98272,6,1,0,0,3,0,67,195,1,0,0,2,0,11,2009,5,2011,1,58,0,0,0,1,2,35,1,9,2,1,0,0,1,62,7,4,4,8,1,0
53,530250,1,1,1,24,7,17,6,8,0,1,0,53,1,76,705,76705,80,2007,JYAVM01EX7A1,J,Y,A,V,M,0,1,E,X,7,A,1,0,M,YAMA,VS6,RS,7,17,,,,,,,649,,2,,4,474,,,,,,,0,0,000000000,00000000000,0,0,0,1,0,0,0,0,0,0,0,998,0,0,0,12,12,6,2,8,0,0,0,1,53,98052,6,1,0,0,3,0,67,150,0,0,0,0,0,0,0,0,0,0,0,0,0,0,1,2,35,1,1,2,1,0,0,1,87,99,2,2,13,0,0
53,530251,1,1,2,9,8,5,52,17,0,1,0,53,1,14,17,14017,4,2002,1MEFM50U72G6,1,M,E,F,M,5,0,U,7,2,G,6,0,P,MERC,SGP,4D,2,17,3379,,0,1085,,G,,F,6,182,,,16R215,,,,,,0,0,000000000,00000000000,0,0,0,1,0,0,0,0,0,0,0,998,0,1,6,12,13,6,2,1,0,0,0,1,53,99206,6,1,0,0,3,3,68,205,0,0,0,4,1,1,2009,6,2011,1,91,0,0,0,1,4,35,3,1,2,1,0,0,14,6,99,4,4,2,1,1
53,530252,1,1,1,11,8,17,16,1,0,1,0,53,1,54,31,54031,3,2001,JH4DC23971S0,J,H,4,D,C,2,3,9,7,1,S,0,0,P,ACUR,GSR,2H,1,17,2672,,0,1012,,G,,F,4,110,,,15R195,,,,,,0,0,000000000,00000000000,0,0,0,1,0,0,0,0,0,0,0,998,0,1,5,0,13,6,2,1,0,0,0,1,53,99349,6,1,0,0,3,0,65,189,0,0,0,0,4,10,2008,7,2011,1,0,0,0,0,1,2,25,3,2,2,1,0,0,14,6,99,4,4,7,1,1
53,530253,1,2,1,11,8,18,30,12,2,1,0,53,3,12,461,12461,21,2007,1FTSS34LX7DB,1,F,T,S,S,3,4,L,X,7,D,B,0,T,FORD,3SD,EC,7,17,,2,0,1380,VAN,G,,,8,330,,,,D,00000,00,E,42,0,0,000000000,00000000000,0,0,0,1,0,0,0,0,0,0,0,998,0,0,0,12,12,6,2,12,0,0,0,1,53,98042,6,1,6,3,3,0,77,300,0,0,0,1,4,4,2011,6,2011,0,38,0,0,0,1,2,35,1,1,2,1,0,0,11,15,1,1,1,68,0,0
53,530253,2,2,1,11,8,18,30,12,2,1,0,53,1,76,706,76706,80,2006,JYAVP17E26A0,J,Y,A,V,P,1,7,E,2,6,A,0,0,M,YAMA,X17,RS,6,17,,,,,,,1670,,2,,4,679,,,,,,,0,0,000000000,00000000000,0,0,0,1,0,0,0,0,0,0,0,998,0,0,0,12,12,6,2,12,0,0,0,1,53,98042,6,1,6,0,3,0,71,180,1,0,0,0,1,5,2009,12,2009,0,0,0,0,0,1,2,35,1,1,2,1,0,0,1,67,1,1,1,69,1,0
53,530254,1,1,2,13,8,23,58,8,0,1,0,53,1,23,421,23421,15,1999,1GKEK13R3XJ7,1,G,K,E,K,1,3,R,3,X,J,7,0,T,GMC,YUK,4W,99,17,,2,0,1175,YUK,G,,,8,350,,,,B,5268,00,E,44,0,0,000000000,00000000000,0,0,0,1,0,0,0,0,0,0,0,998,0,0,0,12,12,6,2,8,0,0,0,1,53,98930,6,1,0,0,3,0,67,220,0,0,0,0,0,0,0,0,0,0,0,0,0,0,1,2,55,1,1,2,1,0,0,1,80,1,1,1,13,0,0
53,530256,1,1,2,24,6,99,99,1,0,1,0,53,2,20,36,20036,2,1996,2G1WW12M0T92,2,G,1,W,W,1,2,M,0,T,9,2,0,P,CHEV,MLS,CP,96,17,3306,,0,1075,,G,,F,6,191,,,15R205,,,,,,0,0,000000000,00000000000,0,0,0,1,0,0,0,0,0,0,0,998,0,2,6,0,81,6,2,3,0,0,0,1,53,98944,1,1,0,0,2,0,999,999,0,0,0,0,0,0,0,0,0,0,0,0,0,0,8,8,0,1,1,5,1,0,0,13,98,1,1,4,98,1,1
53,530257,1,1,1,13,8,1,53,1,0,1,0,53,2,2,404,2404,14,2004,1J4GW48S44C4,1,J,4,G,W,4,8,S,4,4,C,4,0,T,JEEP,LCF,4W,4,17,,1,0,1059,GCK,G,,,6,244,,,,,3888,02,E,44,0,0,000000000,00000000000,0,0,0,1,0,0,0,0,0,0,0,64,0,9,1,0,12,6,2,1,0,0,0,1,53,99353,1,1,0,0,2,0,62,152,0,0,0,0,0,0,0,0,0,1,0,0,0,0,1,2,25,1,2,4,1,0,0,1,12,7,4,6,98,1,1
53,530258,1,1,1,14,8,18,25,1,0,1,0,53,1,98,709,98709,80,2000,ULT6891W5T00,U,L,T,6,8,9,1,W,5,T,0,0,0,U,,,,0,17,,,,,,,,,,,,,,,,,,,0,0,000000000,00000000000,0,0,0,1,0,0,0,0,0,0,0,998,0,0,0,0,99,6,2,1,0,0,0,1,53,98328,6,1,6,0,3,0,70,165,0,0,0,0,0,0,0,0,0,0,33,0,0,0,1,2,60,4,1,2,1,0,0,6,9,99,2,1,98,1,1