STATE,ST_CASE,VEH_NO,VE_FORMS,NUMOCCS,DAY,MONTH,HOUR,MINUTE,HARM_EV,MAN_COLL,UNITTYPE,HIT_RUN,REG_STAT,OWNER,MAKE,MODEL,MAK_MOD,BODY_TYP,MOD_YEAR,VIN,VIN_1,VIN_2,VIN_3,VIN_4,VIN_5,VIN_6,VIN_7,VIN_8,VIN_9,VIN_10,VIN_11,VIN_12,TOW_VEH,VINTYPE,VINMAKE,VINA_MOD,VIN_BT,VINMODYR,VIN_LNGT,VIN_WGT,WGTCD_TR,WHLBS_LG,WHLBS_SH,SER_TR,FUELCODE,MCYCL_DS,CARBUR,CYLINDER,DISPLACE,MCYCL_CY,MCYCL_WT,TIRE_SZE,TON_RAT,TRK_WT,TRKWTVAR,VIN_REST,WHLDRWHL,J_KNIFE,MCARR_I1,MCARR_I2,MCARR_ID,GVWR,V_CONFIG,CARGO_BT,HAZ_INV,HAZ_PLAC,HAZ_ID,HAZ_CNO,HAZ_REL,BUS_USE,SPEC_USE,EMER_USE,TRAV_SP,UNDERIDE,ROLLOVER,ROLINLOC,IMPACT1,IMPACT2,DEFORMED,TOWED,M_HARM,VEH_SC1,VEH_SC2,FIRE_EXP,DR_PRES,L_STATE,DR_ZIP,L_STATUS,L_TYPE,CDL_STAT,L_ENDORS,L_COMPL,L_RESTRI,DR_HGT,DR_WGT,PREV_ACC,PREV_SUS,PREV_DWI,PREV_SPD,PREV_OTH,FIRST_MO,FIRST_YR,LAST_MO,LAST_YR,SPEEDREL,DR_SF1,DR_SF2,DR_SF3,DR_SF4,VTRAFWAY,VNUM_LAN,VSPD_LIM,VALIGN,VPROFILE,VPAVETYP,VSURCOND,VTRAFCON,VTCONT_F,P_CRASH1,P_CRASH2,P_CRASH3,PCRASH4,PCRASH5,ACC_TYPE,DEATHS,DR_DRINK
53,530420,1,1,1,2,12,11,28,8,0,1,0,53,3,92,981,92981,52,2010,15GGD3010A11,1,5,G,G,D,3,0,1,0,A,1,1,0,T,GILL,,,10,17,,,,,,,,,,,,,,,,,,,0,77,777777777,77777777777,3,21,22,1,0,0,0,0,6,0,0,998,0,0,0,12,12,0,3,8,0,0,0,1,53,98661,6,1,6,3,3,3,73,212,0,0,0,0,0,0,0,0,0,0,38,0,0,0,1,2,25,1,2,2,1,2,3,11,80,1,1,1,13,0,0
53,530421,1,2,3,2,9,18,42,12,6,1,0,53,2,20,421,20421,15,2002,1GNDT13W42K2,1,G,N,D,T,1,3,W,4,2,K,2,0,P,CHEV,BZR,UT,2,17,4114,,0,1070,,G,,F,6,262,,,000000,,,,,,0,0,000000000,00000000000,0,0,0,1,0,0,0,0,0,0,0,998,0,0,0,12,12,2,1,12,0,0,0,1,53,98296,6,2,0,0,3,0,69,190,0,0,0,0,0,0,0,0,0,0,38,0,0,0,1,2,25,1,1,2,1,20,3,4,17,1,1,1,88,0,0
53,530421,2,2,5,2,9,18,42,12,6,1,0,53,1,20,421,20421,15,2003,1GNEK13Z43J2,1,G,N,E,K,1,3,Z,4,3,J,2,0,P,CHEV,KTA,UT,3,17,5050,,0,1160,,F,,F,8,325,,,16R265,,,,,,0,0,000000000,00000000000,0,0,0,1,0,0,0,0,0,0,0,998,0,0,0,63,63,6,2,12,0,0,0,1,53,98296,6,1,0,0,3,0,78,240,0,0,0,0,0,0,0,0,0,0,0,0,0,0,1,2,35,1,1,2,1,0,0,1,66,1,1,1,89,1,0
53,530422,1,1,1,20,10,18,39,8,0,1,0,53,1,49,32,49032,4,1989,JT2AE92E4K32,J,T,2,A,E,9,2,E,4,K,3,2,0,P,TOYT,CDF,4D,89,17,2207,,0,957,,G,,F,4,097,,,13R155,,,,,,0,0,000000000,00000000000,0,0,0,1,0,0,0,0,0,0,0,998,0,0,0,12,12,2,3,8,0,0,0,1,53,99353,6,1,6,0,3,3,72,175,0,0,0,1,0,8,2009,8,2009,0,0,0,0,0,1,2,30,1,1,2,1,0,0,1,80,1,1,1,13,0,0
53,530423,1,1,1,11,11,8,30,38,0,1,0,53,1,48,401,48401,14,2002,JF1SF65692H7,J,F,1,S,F,6,5,6,9,2,H,7,0,P,SUBA,FOR,UT,2,17,3200,,0,994,,G,,F,4,150,,,16R215,,,,,,0,0,000000000,00000000000,0,0,0,1,0,0,0,0,0,0,0,998,0,0,0,12,12,6,2,42,0,0,0,1,53,99004,6,1,0,0,3,3,66,180,0,0,0,0,1,2,2009,2,2009,0,92,0,0,0,4,2,30,1,1,2,1,0,0,1,12,1,1,4,6,1,0
53,530424,1,1,3,17,12,21,0,42,0,1,0,53,2,20,401,20401,14,1997,1GNCT18W3VK2,1,G,N,C,T,1,8,W,3,V,K,2,0,P,CHEV,BZR,UT,97,17,3880,,0,1005,,G,,F,6,262,,,15R205,,,,,,0,0,000000000,00000000000,0,0,0,1,0,0,0,0,0,0,0,70,0,0,0,12,12,6,2,42,0,0,0,1,53,98252,6,1,0,0,3,3,65,145,0,3,0,2,1,7,2010,2,2011,1,0,0,0,0,1,2,40,2,1,2,2,0,0,14,6,99,2,4,2,1,1
53,530425,1,2,4,12,11,22,45,12,2,1,0,53,2,41,37,41037,4,1997,1YVGE22C8V56,1,Y,V,G,E,2,2,C,8,V,5,6,0,P,MAZD,UDL,4D,97,17,2749,,0,1028,,G,,F,4,122,,,14R195,,,,,,0,0,000000000,00000000000,0,0,0,1,0,0,0,0,0,0,0,998,0,0,0,12,12,6,2,12,0,0,0,1,96,98948,0,0,0,0,0,0,999,999,99,99,99,99,99,99,9999,99,9999,0,28,0,0,0,1,2,50,1,1,2,1,0,0,1,10,1,1,2,50,1,1
53,530425,2,2,3,12,11,22,45,12,2,1,0,53,2,32,43,32043,4,2004,WAULC68E84A1,W,A,U,L,C,6,8,E,8,4,A,1,0,P,AUDI,41Q,4D,4,17,3340,,0,1043,,G,,T,4,109,,,16R215,,,,,,0,0,000000000,00000000000,0,0,0,1,0,0,0,0,0,0,0,998,0,0,0,12,12,6,2,12,0,0,0,1,53,98948,1,1,0,0,2,0,71,180,0,3,0,1,6,1,2009,8,2011,0,0,0,0,0,1,2,50,1,1,2,1,0,0,1,62,1,1,1,51,0,0
53,530426,1,1,1,2,10,0,35,15,0,1,1,53,2,37,31,37031,4,2005,2HGES16525H6,2,H,G,E,S,1,6,5,2,5,H,6,0,P,HOND,UCL,4D,5,17,2606,,0,1031,,G,,F,4,102,,,15R195,,,,,,0,0,000000000,00000000000,0,0,0,1,0,0,0,0,0,0,0,998,0,0,0,12,12,6,2,15,0,0,0,1,53,98103,1,1,0,0,2,0,76,200,0,1,0,0,4,11,2008,2,2010,0,38,39,0,0,1,6,35,2,1,2,1,2,3,14,83,1,1,1,13,0,1
53,530427,1,1,1,11,12,17,49,8,0,1,0,1,1,49,472,49472,30,1996,4TAWN72N3TZ1,4,T,A,W,N,7,2,N,3,T,Z,1,0,T,TOYT,XTR,PC,96,17,,1,0,1219,TAC,G,,,6,206,,,,B,3405,00,M,44,0,0,000000000,00000000000,0,0,0,1,0,0,0,0,0,0,0,998,0,0,0,12,12,2,1,8,0,0,0,1,1,36832,6,1,0,0,3,0,67,106,2,0,0,1,0,12,2008,9,2010,1,0,0,0,0,1,2,35,1,1,1,1,0,0,1,80,3,2,1,13,0,0
53,530428,1,2,3,13,11,15,38,12,1,1,0,53,1,12,401,12401,14,2005,1FMZU73E85UB,1,F,M,Z,U,7,3,E,8,5,U,B,0,P,FORD,EPR,UT,5,17,4094,,0,1137,,G,,F,6,245,,,16R235,,,,,,0,0,000000000,00000000000,0,0,0,1,0,0,0,0,0,0,0,998,7,0,0,12,12,6,2,12,0,0,1,1,53,98117,1,1,0,0,2,3,70,190,1,1,0,0,1,4,2009,9,2010,1,0,0,0,0,1,2,35,3,1,2,1,3,3,14,50,1,1,1,20,0,0
53,530428,2,2,2,13,11,15,38,12,1,1,0,53,1,55,35,55035,4,2007,KMHDU46D67U0,K,M,H,D,U,4,6,D,6,7,U,0,0,P,HYUN,GST,4D,7,17,2723,,0,1043,,G,,F,4,121,,,15R195,,,,,,0,0,000000000,00000000000,0,0,0,1,0,0,0,0,0,0,0,0,3,0,0,6,6,6,2,2,0,0,1,1,53,98119,6,1,0,0,3,0,76,195,0,0,0,0,0,0,0,0,0,0,0,0,0,0,1,2,35,3,1,2,1,3,3,5,53,1,1,1,21,2,0
53,530429,1,1,1,29,7,23,20,14,0,1,0,53,2,7,482,7482,31,1996,3B7HF13Z5TG1,3,B,7,H,F,1,3,Z,5,T,G,1,0,T,DODG,150,PC,96,17,,2,1547,1387,RPC,G,,,8,360,,,,B,4725,01,M,44,0,0,000000000,00000000000,0,0,0,1,0,0,0,0,0,0,0,998,8,0,0,12,12,6,2,14,0,0,0,1,53,99223,1,1,0,0,2,3,70,185,0,0,0,0,0,0,0,0,0,1,37,51,91,0,1,2,98,4,1,2,1,0,0,14,12,99,9,4,10,0,1
53,530430,1,1,2,22,12,17,3,8,0,1,0,53,1,19,14,19014,4,1998,1G6KY549XWU9,1,G,6,K,Y,5,4,9,X,W,U,9,0,P,CADI,STS,4D,98,17,3922,,0,1122,,G,,F,8,279,,,16R235,,,,,,0,0,000000000,00000000000,0,0,0,1,0,0,0,0,0,0,0,998,0,0,0,3,3,2,1,8,0,0,0,1,53,98040,6,1,0,0,3,3,71,170,0,0,0,0,0,0,0,0,0,0,0,0,0,0,1,4,35,1,1,2,1,0,0,1,80,1,1,1,13,0,0
53,530431,1,1,1,16,6,9,12,30,0,1,0,53,1,12,481,12481,31,1995,1FTHX26H2SKB,1,F,T,H,X,2,6,H,2,S,K,B,0,T,FORD,F25,PC,95,17,,2,0,1550,COF,G,,,8,351,,,,C,00000,00,A,44,0,0,000000000,00000000000,0,0,0,1,0,0,0,0,0,0,0,998,0,0,0,12,12,6,2,30,0,0,0,1,53,98328,6,1,6,0,3,0,72,310,0,0,0,0,0,0,0,0,0,0,0,0,0,0,1,2,55,1,1,2,1,0,0,1,13,1,1,4,1,1,1
53,530432,1,1,3,1,9,6,43,42,0,1,0,99,9,97,997,97997,98,9998,888888888888,8,8,8,8,8,8,8,8,8,8,8,8,0,,,,,,,,,,,,,,,,,,,,,,,,,0,0,000000000,00000000000,0,0,0,1,0,0,0,0,0,0,0,998,0,0,0,12,12,6,2,42,0,0,0,1,53,98951,1,1,0,0,2,0,66,160,0,1,0,0,2,9,2009,3,2010,1,0,0,0,0,9,9,99,9,9,9,99,99,9,1,12,99,9,9,7,2,1
53,530433,1,2,1,9,9,15,58,12,2,1,0,53,2,12,481,12481,31,2008,1FTWW31R68EE,1,F,T,W,W,3,1,R,6,8,E,E,0,T,FORD,F3S,CW,8,17,,3,1720,1560,SRW,D,,,8,390,,,,D,6556,02,E,44,0,0,000000000,00000000000,0,0,0,1,0,0,0,0,0,0,0,16,0,0,0,12,12,6,2,12,0,0,0,1,53,98077,6,1,0,0,3,0,69,165,1,1,0,3,4,2,2009,8,2011,0,38,0,0,0,1,2,35,1,1,2,1,0,0,11,15,1,1,1,68,0,0
53,530433,2,2,1,9,9,15,58,12,2,1,0,53,1,73,703,73703,80,2003,JKAKLMD143A1,J,K,A,K,L,M,D,1,4,3,A,1,0,M,KAWK,K2D,T,3,17,,,,,,,250,,1,,4,249,,,,,,,0,0,000000000,00000000000,0,0,0,1,0,0,0,0,0,0,0,35,0,0,0,12,12,6,2,12,0,0,0,1,53,98031,6,1,0,0,3,0,67,135,0,0,0,0,0,0,0,0,0,0,0,0,0,0,1,2,35,1,1,2,1,4,3,1,62,2,1,1,69,1,0
53,530434,1,1,2,4,8,17,6,9,0,1,0,53,2,23,421,23421,15,2005,1GKEK63U65J1,1,G,K,E,K,6,3,U,6,5,J,1,0,T,GMC,NAL,4W,5,17,,2,0,1160,YUK,G,,,8,366,,,,B,5543,00,4,44,0,0,000000000,00000000000,0,0,0,1,0,0,0,0,0,0,0,998,0,0,0,12,12,2,3,9,0,0,0,1,53,98056,1,1,0,0,2,0,71,220,0,18,0,2,11,9,2008,5,2011,0,92,0,0,0,5,4,35,1,1,2,1,0,0,1,83,1,1,1,13,0,0
54,540001,1,1,1,1,1,19,3,1,0,1,0,54,2,12,481,12481,31,1998,1GCEK14W4WZ1,1,G,C,E,K,1,4,W,4,W,Z,1,0,T,CHEV,GK1,PK,98,17,,2,1315,1175,GM4,G,,,6,262,,,,B,00000,00,,44,0,0,000000000,00000000000,0,0,0,1,0,0,0,0,0,0,0,998,0,1,5,0,13,6,2,1,0,0,0,1,54,25608,6,1,0,0,3,0,63,125,0,0,0,0,0,0,0,0,0,0,0,0,0,0,1,2,45,2,1,2,2,0,0,14,12,1,1,4,6,1,0
54,540002,1,1,3,3,1,15,28,24,0,1,0,54,2,20,22,20022,4,2007,1G1AL55F3773,1,G,1,A,L,5,5,F,3,7,7,3,0,P,CHEV,BLT,4D,7,17,3216,,0,1033,,G,,F,4,134,,,15R195,,,,,,0,0,000000000,00000000000,0,0,0,1,0,0,0,0,0,0,0,998,0,0,0,3,3,6,2,24,0,0,0,1,54,25670,6,1,0,0,3,0,65,160,0,0,0,0,0,0,0,0,0,1,58,0,0,0,1,2,45,3,1,2,4,0,0,14,6,3,1,4,6,1,0
54,540003,1,1,1,3,1,20,8,10,0,1,0,54,2,20,421,20421,15,2000,1GNDT13W4Y23,1,G,N,D,T,1,3,W,4,Y,2,3,0,P,CHEV,BZR,UT,0,17,4049,,0,1070,,G,,F,6,262,,,15R205,,,,,,0,0,000000000,00000000000,0,0,0,1,0,0,0,0,0,0,0,998,0,0,0,10,10,6,2,10,0,0,0,1,54,25506,0,0,0,0,0,0,999,999,99,99,99,99,99,99,9999,99,9999,0,36,38,0,0,1,2,35,1,1,2,1,65,3,1,90,1,1,1,12,1,0
54,540004,1,2,2,6,1,9,37,12,6,1,0,54,1,20,20,20020,4,1996,2G1WL52M5T92,2,G,1,W,L,5,2,M,5,T,9,2,0,P,CHEV,LUM,4D,96,17,3330,,0,1075,,G,,F,6,191,,,15R205,,,,,,0,0,000000000,00000000000,0,0,0,1,0,0,0,0,0,0,0,50,0,0,0,11,11,6,2,12,0,0,0,1,54,24724,6,1,0,0,3,1,71,224,0,0,0,0,0,0,0,0,0,0,0,0,0,0,1,2,55,2,1,2,1,0,0,14,67,2,1,1,83,0,0
54,540004,2,2,1,6,1,9,37,12,6,1,0,54,2,22,18,22018,4,2003,1G2NE52F43C1,1,G,2,N,E,5,2,F,4,3,C,1,0,P,PONT,GAS,4D,3,17,3066,,0,1070,,G,,F,4,134,,,15R215,,,,,,0,0,000000000,00000000000,0,0,0,1,0,0,0,0,0,0,0,5,0,0,0,9,9,6,2,12,0,0,0,1,51,24124,6,1,0,0,3,0,62,180,1,0,0,0,0,4,2009,4,2009,0,38,0,0,0,1,2,55,2,1,2,1,0,0,11,15,1,1,2,82,1,0
54,540005,1,1,2,6,1,22,40,35,0,1,0,54,2,22,9,22009,2,1980,2V87WAN10595,2,V,8,7,W,A,N,1,0,5,9,5,0,P,PONT,FFM,CP,80,13,3410,,0,1082,,G,,4,8,301,,,15R225,,,,,,0,0,000000000,00000000000,0,0,0,1,0,0,0,0,0,0,0,998,0,1,6,12,3,6,2,35,0,0,0,1,54,25428,2,1,0,0,2,0,72,230,0,1,0,0,1,9,2008,9,2010,1,0,0,0,0,1,2,35,3,1,2,1,0,0,14,6,1,1,4,1,1,1
54,540006,1,2,1,8,1,9,13,12,7,1,0,37,3,51,881,51881,63,2004,4V4NC9GH74N3,4,V,4,N,C,9,G,H,7,4,N,3,1,T,VOLV,VNL,TR,4,17,,8,0,0,VVN,D,,,6,732,,,,,00000,00,,64,1,57,106377,57106377,3,4,1,1,0,0,0,0,0,0,0,998,0,0,0,4,4,6,2,12,0,0,0,1,51,24148,6,1,6,0,3,0,72,163,0,0,0,0,0,0,0,0,0,0,0,0,0,0,3,3,70,1,1,2,3,0,0,1,60,1,1,1,45,0,0
54,540006,2,2,2,8,1,9,13,12,7,1,0,54,1,20,16,20016,4,1997,1G1JC1244V71,1,G,1,J,C,1,2,4,4,V,7,1,0,P,CHEV,C/S,CP,97,17,2584,,0,1041,,G,,F,4,133,,,14R195,,,,,,0,0,000000000,00000000000,0,0,0,1,0,0,0,0,0,0,0,998,1,0,0,10,10,6,2,12,0,0,0,1,54,25405,6,1,0,0,3,1,64,165,0,0,0,0,0,0,0,0,0,1,0,0,0,0,3,3,70,1,1,2,3,0,0,16,6,1,1,2,47,1,0
54,540007,1,1,1,9,1,9,50,42,0,1,0,54,1,7,482,7482,31,2006,1D7HU18286S6,1,D,7,H,U,1,8,2,8,6,S,6,0,T,DODG,SQ1,CW,6,17,,2,1605,1405,RPC,G,,,8,348,,,,B,5233,02,E,44,0,0,000000000,00000000000,0,0,0,1,0,0,0,0,0,0,0,998,0,1,6,2,13,6,2,34,0,0,0,1,54,25501,6,1,0,0,3,0,72,195,0,0,0,0,0,0,0,0,0,1,87,0,0,0,1,2,25,1,1,2,3,0,0,1,6,3,1,4,1,1,0
54,540008,1,1,3,10,1,6,8,1,0,1,0,54,1,18,24,18024,6,2009,5GAEV23D49J2,5,G,A,E,V,2,3,D,4,9,J,2,0,P,BUIC,ENC,UT,9,17,4980,,0,1189,,G,,F,6,220,,,19R255,,,,,,0,0,000000000,00000000000,0,0,0,1,0,0,0,0,0,0,0,70,0,1,5,0,13,6,2,1,0,0,0,1,54,25312,6,1,0,0,3,0,64,140,0,0,0,1,1,5,2009,11,2010,1,0,0,0,0,3,2,70,1,6,2,1,0,0,1,13,6,1,4,1,1,0
54,540009,1,2,1,10,1,9,30,12,2,1,0,54,2,20,39,20039,4,2008,KL1TD566X8B2,K,L,1,T,D,5,6,6,X,8,B,2,0,P,CHEV,ABS,4D,8,17,2343,,0,976,,G,,F,4,098,,,14R185,,,,,,0,0,000000000,00000000000,0,0,0,1,0,0,0,0,0,0,0,998,1,0,0,12,13,6,2,12,0,0,0,1,54,25154,2,1,1,0,2,0,71,155,0,1,0,0,1,4,2009,5,2009,0,28,0,0,0,1,2,55,3,1,2,2,0,0,14,10,1,1,2,50,1,0
54,540009,2,2,2,10,1,9,30,12,2,1,0,21,3,98,804,98804,66,2000,2WKRDDJJXYK9,2,W,K,R,D,D,J,J,X,Y,K,9,1,T,WSTR,590,TR,0,17,,8,0,0,CNV,D,,,6,855,,,,,00000,00,,64,1,57,1242633,571242633,3,6,4,1,0,0,0,0,0,0,0,998,0,0,0,12,14,6,2,12,0,0,0,1,54,25661,6,1,1,1,2,1,71,115,0,0,0,0,0,0,0,0,0,0,0,0,0,0,1,2,55,2,1,2,2,0,0,14,62,2,1,1,51,0,0
54,540010,1,1,1,11,1,16,10,30,0,1,0,54,1,12,402,12402,14,2006,1FMYU94116KD,1,F,M,Y,U,9,4,1,1,6,K,D,0,P,FORD,SPE,UT,6,17,3492,,0,1031,,G,,F,6,183,,,16R235,,,,,,0,0,000000000,00000000000,0,0,0,1,0,0,0,0,0,0,0,998,0,0,0,62,62,6,2,30,0,0,0,1,54,26070,6,1,0,0,3,0,69,165,0,0,0,1,0,9,2010,9,2010,1,0,0,0,0,1,2,55,1,1,2,3,0,0,1,6,1,1,4,1,1,0
54,540011,1,1,1,31,1,12,0,52,0,1,0,26,3,51,881,51881,63,2005,4V4NC9TJ45N3,4,V,4,N,C,9,T,J,4,5,N,3,1,T,VOLV,VNL,TR,5,17,,8,0,0,VVN,D,,,6,915,,,,,00000,00,,64,1,57,676152,57676152,3,4,1,1,0,0,0,0,0,0,0,998,0,1,5,1,1,6,2,1,0,0,0,1,12,32703,6,1,6,0,3,0,72,999,0,0,0,3,0,9,2008,12,2009,0,0,0,0,0,1,2,45,3,6,2,1,0,0,14,13,1,1,4,1,1,0
54,540012,1,1,2,11,1,18,20,24,0,1,0,54,1,37,704,37704,83,1991,JH2NE030TM00,J,H,2,N,E,0,3,0,T,M,0,0,0,M,HOND,,,91,16,,,,,,,,,,,,,,,,,,,0,0,000000000,00000000000,0,0,0,1,0,0,0,0,0,0,0,998,0,0,0,98,98,2,3,24,0,0,0,1,54,24874,6,1,0,0,2,0,73,230,0,0,0,0,0,0,0,0,0,1,36,0,0,0,2,2,55,1,6,2,3,0,0,1,6,1,1,4,1,1,0
54,540013,1,2,1,19,1,6,59,12,6,1,0,54,1,6,44,6044,4,2000,1C3EJ56H4YN2,1,C,3,E,J,5,6,H,4,Y,N,2,0,P,CHRY,CLI,4D,0,17,3115,,0,1080,,G,,F,6,152,,,15R195,,,,,,0,0,000000000,00000000000,0,0,0,1,0,0,0,0,0,0,0,998,0,0,0,1,1,6,2,12,0,0,0,1,54,26431,6,1,0,0,3,0,60,180,0,0,0,0,0,0,0,0,0,0,0,0,0,0,1,2,35,1,1,2,2,0,0,1,67,9,1,1,83,0,0
54,540013,2,2,2,19,1,6,59,12,6,1,0,54,1,20,34,20034,3,1994,2C1MR2463R67,2,C,1,M,R,2,4,6,3,R,6,7,0,P,GEO,GEM,2H,94,17,1650,,0,892,,G,,F,3,061,,,12R145,,,,,,0,0,000000000,00000000000,0,0,0,1,0,0,0,0,0,0,0,998,0,0,0,11,11,6,2,12,0,0,0,1,54,26554,6,1,0,0,3,0,72,300,0,0,0,0,0,0,0,0,0,0,38,0,0,0,1,2,35,1,1,2,2,20,3,11,15,1,1,2,82,1,0
54,540014,1,2,2,21,1,14,50,12,2,1,0,54,1,12,471,12471,30,1998,1FTZR15X6WTA,1,F,T,Z,R,1,5,X,6,W,T,A,0,T,FORD,RNS,PC,98,17,,1,0,1259,RNG,G,,,6,245,,,,B,3597,00,E,44,0,0,000000000,00000000000,0,0,0,1,0,0,0,0,0,0,0,998,0,0,0,12,12,6,2,12,0,0,0,1,54,26405,6,1,0,0,3,0,70,170,0,0,0,0,0,0,0,0,0,0,0,0,0,0,1,2,55,3,1,2,10,0,0,14,62,9,1,1,51,0,0
54,540014,2,2,4,21,1,14,50,12,2,1,0,54,2,12,13,12013,4,1997,1FALP13P3VW1,1,F,A,L,P,1,3,P,3,V,W,1,0,P,FORD,EST,4D,97,17,2503,,0,984,,G,,F,4,122,,,14R185,,,,,,0,0,000000000,00000000000,0,0,0,1,0,0,0,0,0,0,0,998,0,0,0,12,12,6,2,12,0,0,0,1,54,26416,1,1,1,0,2,0,75,160,0,0,0,0,0,0,0,0,0,0,28,0,0,0,1,2,55,2,1,1,3,0,0,14,10,1,1,2,50,2,0
54,540015,1,1,2,22,1,20,33,35,0,1,0,54,0,76,734,76734,90,2006,5Y4AJ22Y36A0,5,Y,4,A,J,2,2,Y,3,6,A,0,0,M,YAMA,R45,AT,6,17,,,,,,,421,,1,,4,1031,,,,,,,0,0,000000000,00000000000,0,0,0,1,0,0,0,0,0,0,0,998,0,1,5,12,12,2,3,1,0,0,0,1,54,25271,6,1,0,0,1,0,72,200,0,0,0,0,0,0,0,0,0,1,0,0,0,0,1,2,15,1,6,4,3,0,0,1,6,8,1,4,1,1,1
54,540016,1,1,1,25,1,23,5,42,0,1,0,54,1,49,40,49040,4,2009,4T1BE46K49U2,4,T,1,B,E,4,6,K,4,9,U,2,0,P,TOYT,CBA,4D,9,17,3263,,0,1090,,G,,F,4,144,,,16R215,,,,,,0,0,000000000,00000000000,0,0,0,1,0,0,0,0,0,0,0,998,0,0,0,1,12,6,2,42,0,0,0,1,54,26301,6,1,0,0,3,0,67,130,0,0,0,0,1,4,2009,4,2009,1,58,0,0,0,2,2,70,1,6,2,2,0,0,1,6,1,1,4,1,1,1
54,540017,1,2,1,27,1,17,33,12,1,1,0,54,1,18,2,18002,4,1991,1G4HP54C4MH4,1,G,4,H,P,5,4,C,4,M,H,4,0,P,BUIC,LCF,4D,91,17,3174,,0,1108,,G,,F,6,231,,,14R205,,,,,,0,0,000000000,00000000000,0,0,0,1,0,0,0,0,0,0,0,0,0,0,0,6,6,6,2,2,0,0,1,1,54,26041,6,1,0,0,3,0,65,127,0,0,0,0,1,8,2010,8,2010,0,0,0,0,0,3,2,55,1,1,2,2,0,0,5,53,1,1,1,21,1,0
54,540017,2,2,1,27,1,17,33,12,1,1,0,39,3,12,881,12881,63,1987,1FDZW80U7HVA,1,F,D,Z,W,8,0,U,7,H,V,A,0,T,FORD,LN8,CC,87,17,,8,2220,1500,CON,D,,,8,636,,,,,11146,05,A,64,0,57,3300232,573300232,3,2,3,1,0,0,0,0,0,0,0,998,7,0,0,12,1,6,2,12,0,0,0,1,54,26060,6,1,6,0,3,1,75,230,0,0,0,1,2,3,2010,10,2010,0,0,0,0,0,3,2,55,1,1,2,2,0,0,1,50,8,1,1,20,0,0
54,540018,1,1,1,28,1,20,20,52,0,1,0,54,2,12,421,12421,15,1992,1FMEU15H4NLA,1,F,M,E,U,1,5,H,4,N,L,A,0,P,FORD,BRO,UT,92,17,4566,,0,1050,,G,,4,8,351,,,15R235,,,,,,0,0,000000000,00000000000,0,0,0,1,0,0,0,0,0,0,0,998,0,1,5,12,9,6,2,52,0,0,0,1,54,24853,6,1,0,0,3,0,65,200,0,1,0,0,0,4,2010,4,2010,1,0,0,0,0,1,2,55,2,5,2,4,0,0,14,6,1,1,4,1,1,0
54,540019,1,1,3,3,2,20,11,42,0,1,0,21,1,20,9,20009,2,1995,2G1FP22S4S21,2,G,1,F,P,2,2,S,4,S,2,1,0,P,CHEV,CAM,CP,95,17,3251,,0,1011,,G,,F,6,207,,,16R215,,,,,,0,0,000000000,00000000000,0,0,0,1,0,0,0,0,0,0,0,998,0,0,0,4,4,6,2,42,0,0,0,1,54,24925,1,1,1,0,2,0,69,210,0,4,0,0,1,10,2008,1,2011,1,36,0,0,0,1,2,55,3,5,2,1,0,0,11,6,1,1,4,1,1,0
54,540021,1,1,1,5,2,12,20,24,0,1,0,54,1,20,481,20481,31,1993,1GCEK14K2PE1,1,G,C,E,K,1,4,K,2,P,E,1,0,T,CHEV,GK1,PK,93,17,,2,1315,1175,GM4,G,,,8,350,,,,B,4111,02,,44,0,0,000000000,00000000000,0,0,0,1,0,0,0,0,0,0,0,998,0,1,5,12,12,6,2,24,0,0,0,1,54,26452,6,1,0,0,3,0,71,142,0,0,0,0,0,0,0,0,0,1,87,0,0,0,1,2,55,1,1,2,2,0,0,1,13,1,1,4,1,1,0
54,540022,1,1,1,7,2,19,45,8,0,1,0,54,2,22,20,22020,4,1999,1G2WP12K1XF2,1,G,2,W,P,1,2,K,1,X,F,2,0,P,PONT,GPG,CP,99,17,3396,,0,1105,,G,,F,6,231,,,16R225,,,,,,0,0,000000000,00000000000,0,0,0,1,0,0,0,0,0,0,0,45,0,0,0,12,13,6,2,8,0,0,0,1,54,26035,6,1,0,0,3,0,68,130,0,0,0,1,0,4,2008,4,2008,0,87,0,0,0,3,2,60,1,1,1,2,0,0,1,80,2,1,1,13,0,1
54,540023,1,2,1,7,2,15,19,24,0,1,0,24,1,42,402,42402,14,2011,WDCGG8HBXBF5,W,D,C,G,G,8,H,B,X,B,F,5,0,P,MERZ,GK3,UT,11,17,4079,,0,1085,,G,,F,6,213,,,19R235,,,,,,0,0,000000000,00000000000,0,0,0,1,0,0,0,0,0,0,0,998,0,0,0,1,12,6,2,24,0,0,0,1,24,21861,6,1,0,0,3,0,64,150,0,0,0,0,0,0,0,0,0,1,0,0,0,0,2,2,70,1,1,2,1,0,0,1,13,1,1,4,1,1,0
54,540023,2,2,1,7,2,15,19,24,0,1,0,39,3,82,883,82883,66,2006,1FUJA6CK56LW,1,F,U,J,A,6,C,K,5,6,L,W,1,T,FRHT,COL,TR,6,17,,8,0,0,CON,D,,,6,855,,,,,00000,00,,64,1,57,360121,57360121,3,6,9,1,0,0,0,0,0,0,0,998,0,0,0,12,12,6,2,12,0,0,0,1,39,44669,6,1,6,0,3,0,71,225,0,0,0,0,0,0,0,0,0,0,0,0,0,0,2,2,70,1,1,2,1,0,0,1,64,9,1,1,98,0,0