STATE,ST_CASE,VEH_NO,VE_FORMS,NUMOCCS,DAY,MONTH,HOUR,MINUTE,HARM_EV,MAN_COLL,UNITTYPE,HIT_RUN,REG_STAT,OWNER,MAKE,MODEL,MAK_MOD,BODY_TYP,MOD_YEAR,VIN,VIN_1,VIN_2,VIN_3,VIN_4,VIN_5,VIN_6,VIN_7,VIN_8,VIN_9,VIN_10,VIN_11,VIN_12,TOW_VEH,VINTYPE,VINMAKE,VINA_MOD,VIN_BT,VINMODYR,VIN_LNGT,VIN_WGT,WGTCD_TR,WHLBS_LG,WHLBS_SH,SER_TR,FUELCODE,MCYCL_DS,CARBUR,CYLINDER,DISPLACE,MCYCL_CY,MCYCL_WT,TIRE_SZE,TON_RAT,TRK_WT,TRKWTVAR,VIN_REST,WHLDRWHL,J_KNIFE,MCARR_I1,MCARR_I2,MCARR_ID,GVWR,V_CONFIG,CARGO_BT,HAZ_INV,HAZ_PLAC,HAZ_ID,HAZ_CNO,HAZ_REL,BUS_USE,SPEC_USE,EMER_USE,TRAV_SP,UNDERIDE,ROLLOVER,ROLINLOC,IMPACT1,IMPACT2,DEFORMED,TOWED,M_HARM,VEH_SC1,VEH_SC2,FIRE_EXP,DR_PRES,L_STATE,DR_ZIP,L_STATUS,L_TYPE,CDL_STAT,L_ENDORS,L_COMPL,L_RESTRI,DR_HGT,DR_WGT,PREV_ACC,PREV_SUS,PREV_DWI,PREV_SPD,PREV_OTH,FIRST_MO,FIRST_YR,LAST_MO,LAST_YR,SPEEDREL,DR_SF1,DR_SF2,DR_SF3,DR_SF4,VTRAFWAY,VNUM_LAN,VSPD_LIM,VALIGN,VPROFILE,VPAVETYP,VSURCOND,VTRAFCON,VTCONT_F,P_CRASH1,P_CRASH2,P_CRASH3,PCRASH4,PCRASH5,ACC_TYPE,DEATHS,DR_DRINK
54,540024,1,1,1,7,2,14,45,1,0,1,0,54,1,12,481,12481,31,2007,1FTPW14577FA,1,F,T,P,W,1,4,5,7,7,F,A,0,T,FORD,F1S,CW,7,17,,2,0,1390,COF,G,,,8,329,,,,B,5476,01,E,44,0,0,000000000,00000000000,0,0,0,1,0,0,0,0,0,0,0,998,0,1,6,0,98,6,2,1,0,0,0,1,54,25671,6,1,0,0,3,1,69,150,0,0,0,0,0,0,0,0,0,0,0,0,0,0,1,2,35,3,1,2,1,0,0,14,13,1,1,4,98,1,1
54,540025,1,1,2,8,2,16,0,43,0,1,0,54,2,23,471,23471,30,1997,1GTCS1448V85,1,G,T,C,S,1,4,4,8,V,8,5,0,T,GMC,SON,PK,97,17,,1,1179,1083,SON,G,,,4,133,,,,B,2930,01,M,42,0,0,000000000,00000000000,0,0,0,1,0,0,0,0,0,0,0,998,0,1,1,1,13,6,2,42,0,0,0,1,54,25555,6,2,0,0,3,1,70,145,0,0,0,0,0,0,0,0,0,1,58,0,0,0,1,2,35,2,1,2,1,0,0,14,6,8,1,4,6,1,0
54,540026,1,1,1,10,2,21,3,35,0,1,0,54,3,12,481,12481,31,2003,1FTRF17SX3NB,1,F,T,R,F,1,7,S,X,3,N,B,0,T,FORD,,PK,3,17,,2,,,,G,,,10,415,,,,B,,,U,42,0,0,000000000,00000000000,0,0,0,1,0,0,0,0,0,0,0,998,0,1,5,12,13,6,2,1,0,0,0,1,54,26508,6,1,0,0,3,0,66,140,0,0,0,0,0,0,0,0,0,1,58,0,0,0,3,2,70,1,1,2,1,0,0,1,13,9,1,4,1,1,1
54,540027,1,2,1,11,2,15,3,12,1,1,0,42,3,86,881,86881,63,2006,1M2AG11C46M0,1,M,2,A,G,1,1,C,4,6,M,0,0,T,MACK,CV7,CC,6,17,,8,0,0,700,D,,,6,728,,,,,00000,00,,64,0,57,00913448,5700913448,3,2,1,1,0,0,0,0,0,0,0,0,0,0,0,6,6,6,2,12,0,0,0,1,54,26554,6,1,6,0,3,0,71,250,0,0,0,0,3,2,2010,12,2010,0,0,0,0,0,1,2,40,1,5,2,1,0,0,5,53,1,1,1,21,0,0
54,540027,2,2,1,11,2,15,3,12,1,1,0,54,1,20,471,20471,30,1993,1GCCT14Z4P81,1,G,C,C,T,1,4,Z,4,P,8,1,0,T,CHEV,S14,PK,93,17,,1,1179,1083,S,G,,,6,262,,,,B,3229,01,,44,0,0,000000000,00000000000,0,0,0,1,0,0,0,0,0,0,0,998,1,0,0,12,12,6,2,12,0,0,0,1,54,26541,6,1,0,0,3,0,71,237,0,0,0,0,0,0,0,0,0,1,0,0,0,0,1,2,40,1,5,2,1,0,0,1,50,3,1,1,20,1,0
54,540028,1,2,1,24,2,20,44,26,0,1,0,54,2,37,32,37032,4,1995,1HGCD5651SA1,1,H,G,C,D,5,6,5,1,S,A,1,0,P,HOND,AEX,4D,95,17,2908,,0,1069,,G,,F,4,132,,,15R195,,,,,,0,0,000000000,00000000000,0,0,0,1,0,0,0,0,0,0,0,998,0,0,0,12,12,6,2,12,0,0,0,1,39,45344,6,1,0,0,3,0,74,175,0,0,0,0,0,0,0,0,0,0,0,0,0,0,1,2,70,3,5,2,2,0,0,14,64,1,1,1,98,0,0
54,540028,2,2,2,24,2,20,44,26,0,1,0,39,1,18,7,18007,4,1993,1G4AG55N0P64,1,G,4,A,G,5,5,N,0,P,6,4,0,P,BUIC,CSP,4D,93,17,2870,,0,1047,,G,,F,6,204,,,14R185,,,,,,0,0,000000000,00000000000,0,0,0,1,0,0,0,0,0,0,0,998,0,0,0,12,12,6,2,26,0,0,0,1,39,45237,6,1,0,0,3,0,73,245,0,0,0,0,0,0,0,0,0,0,28,0,0,0,2,2,70,2,6,2,2,0,0,14,12,1,1,4,6,2,0
54,540029,1,1,1,13,2,3,4,59,0,1,0,54,1,12,4,12004,2,1996,1FALP6242TH1,1,F,A,L,P,6,2,4,2,T,H,1,0,P,FORD,THL,2D,96,17,3561,,0,1130,,G,,F,6,232,,,15R205,,,,,,0,0,000000000,00000000000,0,0,0,1,0,0,0,0,0,0,0,998,0,1,6,12,98,6,2,42,0,0,0,1,54,25143,6,1,0,0,3,0,73,260,0,0,0,0,0,0,0,0,0,1,0,0,0,0,3,3,70,1,1,2,1,0,0,1,13,1,1,4,1,1,1
54,540030,1,1,3,13,2,7,10,30,0,1,0,54,1,37,32,37032,2,2002,1HGCG31592A0,1,H,G,C,G,3,1,5,9,2,A,0,0,P,HOND,UEX,CP,2,17,3014,,0,1051,,G,,F,4,138,,,15R195,,,,,,0,0,000000000,00000000000,0,0,0,1,0,0,0,0,0,0,0,998,0,0,0,12,1,6,2,30,0,0,0,1,54,24701,6,1,0,0,3,0,68,205,0,4,0,3,1,3,2008,10,2008,1,36,0,0,0,1,2,25,1,1,2,1,0,0,1,13,1,1,4,1,1,1
54,540031,1,1,4,18,2,23,45,24,0,1,0,54,1,20,481,20481,31,2002,1GCEK14W62Z2,1,G,C,E,K,1,4,W,6,2,Z,2,0,T,CHEV,SK1,PK,2,17,,2,1330,1190,SIL,G,,,6,262,,,,B,4376,01,,44,0,0,000000000,00000000000,0,0,0,1,0,0,0,0,0,0,0,998,0,1,5,1,1,6,2,24,0,0,0,1,54,25026,1,1,0,0,2,0,71,220,0,4,0,1,0,5,2008,2,2011,1,91,0,0,0,2,2,45,1,1,2,1,0,0,1,13,1,1,4,1,1,1
54,540032,1,1,1,16,2,0,21,1,0,1,0,54,1,12,3,12003,1,2008,1ZVHT85H3851,1,Z,V,H,T,8,5,H,3,8,5,1,0,P,FORD,MGT,CV,8,17,3352,,0,1071,,G,,F,8,281,,,17R235,,,,,,0,0,000000000,00000000000,0,0,0,1,0,0,0,0,0,0,0,998,0,1,2,0,98,6,2,1,0,0,0,1,54,25617,6,1,0,0,3,0,70,195,0,0,0,0,1,2,2009,2,2009,0,0,0,0,0,1,2,35,1,1,2,1,0,0,1,13,1,1,4,1,1,1
54,540033,1,1,1,19,2,18,39,8,0,1,0,54,2,30,40,30040,4,2006,3VWSF71K36M7,3,V,W,S,F,7,1,K,3,6,M,7,0,P,VOLK,JOP,4D,6,17,3118,,0,1015,,G,,F,5,151,,,16R205,,,,,,0,0,000000000,00000000000,0,0,0,1,0,0,0,0,0,0,0,998,0,0,0,12,12,6,2,8,0,0,0,1,54,25314,6,1,0,0,3,0,69,115,0,0,0,1,0,6,2010,6,2010,0,0,0,0,0,1,2,45,2,1,2,1,0,0,14,80,1,1,1,13,0,0
54,540034,1,1,1,15,2,9,48,1,0,1,0,54,3,20,481,20481,31,2001,1GCHK291X1E2,1,G,C,H,K,2,9,1,X,1,E,2,0,T,CHEV,2KH,4C,1,17,,2,1575,1435,SIL,D,,,8,403,,,,C,5342,00,,44,0,0,000000000,00000000000,0,0,0,1,0,0,0,0,0,0,0,998,0,1,2,0,13,6,2,1,0,0,0,1,54,24857,6,1,6,0,3,0,70,195,0,0,0,0,1,2,2009,2,2009,0,0,0,0,0,4,1,45,1,1,4,1,0,0,1,12,1,1,4,6,1,0
54,540035,1,2,1,25,2,8,9,12,8,1,0,54,2,7,402,7402,14,1998,1B4HS28Y7WF2,1,B,4,H,S,2,8,Y,7,W,F,2,0,P,DODG,DUR,UT,98,17,4349,,0,1159,,G,,F,8,318,,,15R235,,,,,,0,0,000000000,00000000000,0,0,0,1,0,0,0,0,0,0,0,998,0,0,0,11,11,6,2,12,0,0,0,1,54,26155,6,1,0,0,3,0,72,150,0,0,0,0,0,0,0,0,0,0,28,0,0,0,2,2,55,1,1,2,1,0,0,1,10,1,1,2,64,0,0
54,540035,2,2,1,25,2,8,9,12,8,1,0,54,3,84,883,84883,63,1999,1HTGGAETXXH2,1,H,T,G,G,A,E,T,X,X,H,2,0,T,INTL,257,CC,99,17,,8,2520,1800,20S,D,,,6,855,,,,,00000,00,,64,0,57,00444530,5700444530,3,2,4,1,0,0,0,0,0,0,0,998,0,1,1,11,13,6,2,42,0,0,0,1,54,26170,6,1,6,0,3,0,65,125,0,0,0,0,0,0,0,0,0,0,0,0,0,0,2,2,55,1,1,2,1,0,0,1,62,7,1,1,65,1,0
54,540036,1,2,3,23,2,17,23,38,0,1,0,54,2,12,402,12402,14,2001,1FMCU04171KF,1,F,M,C,U,0,4,1,7,1,K,F,0,P,FORD,SPE,UT,1,17,3186,,0,1031,,G,,F,6,181,,,15R225,,,,,,0,0,000000000,00000000000,0,0,0,1,0,0,0,0,0,0,0,998,1,0,0,12,11,6,2,12,0,0,0,1,54,25678,0,0,0,0,0,0,67,145,99,99,99,99,99,99,9999,99,9999,0,36,92,0,0,1,2,40,1,1,2,2,0,0,1,70,7,1,4,1,1,1
54,540036,2,2,1,23,2,17,23,38,0,1,0,54,3,84,981,84981,50,2002,1HVBRAAN42A9,1,H,V,B,R,A,A,N,4,2,A,9,0,T,INTL,300,BU,2,17,,7,0,0,30S,D,,,6,466,,,,,00000,00,,42,0,88,888888888,88888888888,3,21,22,1,0,0,0,0,1,0,0,998,0,0,0,7,7,6,2,12,0,0,0,1,54,25682,6,1,6,1,3,0,74,300,0,0,0,0,0,0,0,0,0,0,0,0,0,0,1,2,40,1,1,2,2,0,0,10,16,1,1,7,98,0,0
54,540038,1,1,1,26,2,1,24,42,0,1,0,54,1,23,481,23481,31,2005,1GTEK14TX5Z2,1,G,T,E,K,1,4,T,X,5,Z,2,0,T,GMC,NK1,PK,5,17,,2,1330,1190,SIE,G,,,8,325,,,,B,4523,01,4,44,0,0,000000000,00000000000,0,0,0,1,0,0,0,0,0,0,0,998,0,0,0,2,2,6,2,42,0,0,0,1,54,25571,6,1,0,0,3,0,74,182,0,0,0,0,0,0,0,0,0,1,28,0,0,0,1,2,30,3,1,2,1,0,0,14,12,9,1,4,6,1,1
54,540039,1,1,1,27,2,14,44,38,0,1,0,54,1,6,43,6043,4,2002,4C3AG52H12E0,4,C,3,A,G,5,2,H,1,2,E,0,0,P,CHRY,SLI,CP,2,17,3089,,0,1037,,G,,F,6,181,,,17R215,,,,,,0,0,000000000,00000000000,0,0,0,1,0,0,0,0,0,0,0,998,0,0,0,1,12,6,2,42,0,0,1,1,54,25419,6,1,6,0,3,0,68,180,0,0,0,0,0,0,0,0,0,1,0,0,0,0,1,2,45,1,1,2,1,0,0,1,13,1,1,4,1,1,0
54,540040,1,1,1,27,2,7,55,43,0,1,0,54,1,23,481,23481,31,2011,1GTR2VE25BZ1,1,G,T,R,2,V,E,2,5,B,Z,1,0,T,GMC,1NK,4C,11,17,,2,1575,1435,SIE,F,,,8,378,,,,B,5286,02,S,44,0,0,000000000,00000000000,0,0,0,1,0,0,0,0,0,0,0,998,0,0,0,12,13,6,2,43,0,0,0,1,54,26570,6,1,0,0,3,0,75,250,0,0,0,0,0,0,0,0,0,1,28,0,0,0,1,2,30,2,1,2,2,0,0,14,6,1,1,4,6,1,0
54,540041,1,1,3,4,3,14,35,32,0,1,0,54,2,20,9,20009,2,1996,2G1FP22KXT21,2,G,1,F,P,2,2,K,X,T,2,1,0,P,CHEV,C/R,CP,96,17,3306,,0,1011,,G,,F,6,231,,,16R215,,,,,,0,0,000000000,00000000000,0,0,0,1,0,0,0,0,0,0,0,998,0,1,2,10,13,6,2,1,0,0,1,1,54,25524,3,1,0,0,2,0,70,175,0,0,0,0,0,0,0,0,0,1,36,92,0,0,1,2,55,1,1,2,1,0,0,1,12,1,1,4,6,1,0
54,540042,1,1,1,5,3,1,39,32,0,1,0,54,1,12,421,12421,15,1989,1FMCU14T7KUC,1,F,M,C,U,1,4,T,7,K,U,C,0,P,FORD,BII,UT,89,17,3050,,0,940,,G,,F,6,177,,,15R205,,,,,,0,0,000000000,00000000000,0,0,0,1,0,0,0,0,0,0,0,998,0,1,5,98,98,6,2,1,0,0,0,1,54,25951,6,1,0,0,3,0,73,170,0,0,0,0,0,0,0,0,0,0,28,0,0,0,1,2,35,2,1,2,1,0,0,14,12,7,1,4,6,1,1
54,540043,1,2,2,6,3,10,0,12,9,1,0,54,3,12,481,12481,31,2008,1FTSW20558ED,1,F,T,S,W,2,0,5,5,8,E,D,0,T,FORD,F2S,CW,8,17,,2,1720,1560,SRW,G,,,8,329,,,,C,6051,01,E,42,0,0,000000000,00000000000,0,0,0,1,0,0,0,0,0,0,0,998,0,0,0,6,7,6,2,12,0,0,0,1,54,26335,6,1,6,0,3,0,70,182,0,0,0,0,0,0,0,0,0,0,0,0,0,0,2,2,70,2,1,2,10,0,0,2,11,1,1,2,98,0,0
54,540043,2,2,3,6,3,10,0,12,9,1,0,42,2,49,40,49040,4,1994,4T1SK12E4RU4,4,T,1,S,K,1,2,E,4,R,U,4,0,P,TOYT,CLE,4D,94,17,3086,,0,1031,,G,,F,4,132,,,14R195,,,,,,0,0,000000000,00000000000,0,0,0,1,0,0,0,0,0,0,0,998,0,0,0,9,9,6,2,12,0,0,0,1,42,15215,6,1,0,0,3,0,67,999,0,0,0,0,0,0,0,0,0,1,87,0,0,0,2,2,70,2,1,2,3,0,0,14,6,1,1,2,98,1,0
54,540044,1,2,1,9,3,21,19,12,1,1,0,54,1,37,31,37031,4,1999,2HGEJ6615XH5,2,H,G,E,J,6,6,1,5,X,H,5,0,P,HOND,UCE,4D,99,17,2388,,0,1032,,G,,F,4,097,,,14R185,,,,,,0,0,000000000,00000000000,0,0,0,1,0,0,0,0,0,0,0,998,0,0,0,12,12,6,2,12,0,0,0,1,54,25705,6,1,0,0,3,0,68,165,0,0,0,0,0,0,0,0,0,1,0,0,0,0,5,4,45,1,6,2,2,3,3,1,50,1,1,1,20,1,0
54,540044,2,2,2,9,3,21,19,12,1,1,0,54,2,30,421,30421,15,2009,WVGFM77L79D0,W,V,G,F,M,7,7,L,7,9,D,0,0,P,VOLK,TO2,UT,9,17,5304,,0,1124,,D,,T,6,183,,,17R255,,,,,,0,0,000000000,00000000000,0,0,0,1,0,0,0,0,0,0,0,0,0,0,0,6,6,6,4,12,0,0,0,1,54,25701,6,1,0,0,3,0,69,220,1,0,0,0,0,7,2008,7,2008,0,0,0,0,0,5,4,45,1,6,2,2,3,3,5,53,1,1,1,21,0,0
54,540045,1,2,1,9,3,16,13,12,6,1,0,54,1,20,36,20036,2,2000,2G1WX12K8Y93,2,G,1,W,X,1,2,K,8,Y,9,3,0,P,CHEV,MSS,CP,0,17,3391,,0,1075,,G,,F,6,231,,,16R225,,,,,,0,0,000000000,00000000000,0,0,0,1,0,0,0,0,0,0,0,998,0,0,0,1,1,6,2,12,0,0,0,1,54,25550,6,1,0,0,3,0,68,140,1,0,0,0,0,10,2009,10,2009,0,58,0,0,0,1,2,55,3,6,2,2,0,0,14,10,7,1,2,64,0,0
54,540045,2,2,1,9,3,16,13,12,6,1,0,54,2,20,37,20037,4,2009,1G1ZJ57B5942,1,G,1,Z,J,5,7,B,5,9,4,2,0,P,CHEV,ML2,4D,9,17,3436,,0,1123,,G,,F,4,146,,,17R215,,,,,,0,0,000000000,00000000000,0,0,0,1,0,0,0,0,0,0,0,998,0,0,0,11,11,6,2,12,0,0,0,1,54,25550,6,1,6,0,3,1,64,121,0,0,0,0,0,0,0,0,0,0,0,0,0,0,1,2,55,2,5,2,2,0,0,14,62,1,1,1,65,1,0
54,540046,1,1,1,14,3,6,0,1,0,1,0,24,2,12,401,12401,14,1998,1FMZU35P3WUC,1,F,M,Z,U,3,5,P,3,W,U,C,0,P,FORD,EPR,UT,98,17,4374,,0,1115,,G,,F,8,302,,,15R225,,,,,,0,0,000000000,00000000000,0,0,0,1,0,0,0,0,0,0,0,998,0,1,1,0,98,6,2,1,0,0,0,1,24,20616,6,1,0,0,3,0,71,180,0,3,0,1,0,5,2009,2,2011,0,0,0,0,0,2,2,70,2,6,2,1,0,0,14,10,7,1,6,98,1,0
54,540047,1,1,2,14,3,3,0,23,0,1,0,54,2,20,22,20022,2,2006,1G1AL15F1676,1,G,1,A,L,1,5,F,1,6,7,6,0,P,CHEV,BLT,CP,6,17,2991,,0,1033,,G,,F,4,134,,,15R195,,,,,,0,0,000000000,00000000000,0,0,0,1,0,0,0,0,0,0,0,998,0,0,0,1,13,6,2,42,0,0,0,1,54,24870,6,1,0,0,3,0,61,125,0,0,0,0,0,0,0,0,0,1,0,0,0,0,1,2,45,1,1,2,2,0,0,1,13,1,1,4,1,2,1
54,540048,1,2,1,18,3,18,15,24,0,1,0,54,1,23,401,23401,14,1996,1GKDT13W7T25,1,G,K,D,T,1,3,W,7,T,2,5,0,T,GMC,JMY,4W,96,17,,1,0,1070,JMY,G,,,6,262,,,,B,4007,00,M,44,0,0,000000000,00000000000,0,0,0,1,0,0,0,0,0,0,0,998,0,0,0,12,12,6,2,12,0,0,0,1,54,24984,6,1,0,0,3,3,63,130,1,1,0,2,1,8,2009,2,2011,1,36,0,0,0,1,2,55,1,1,2,1,0,0,1,10,1,1,4,98,0,1
54,540048,2,2,2,18,3,18,15,24,0,1,0,54,1,20,20,20020,2,1992,2G1WL54T4N11,2,G,1,W,L,5,4,T,4,N,1,1,0,P,CHEV,LUM,4D,92,17,3115,,0,1075,,G,,F,6,191,,,14R195,,,,,,0,0,000000000,00000000000,0,0,0,1,0,0,0,0,0,0,0,998,0,0,0,12,12,6,2,12,0,0,0,1,54,24941,6,1,0,0,3,0,70,195,0,0,0,0,0,0,0,0,0,0,0,0,0,0,1,2,55,1,1,2,1,0,0,1,62,9,1,4,98,1,0
54,540049,1,1,1,11,3,21,0,8,0,1,0,54,1,12,401,12401,14,2008,1FMEU73E78UA,1,F,M,E,U,7,3,E,7,8,U,A,0,P,FORD,EPR,UT,8,17,4606,,0,1137,,G,,F,6,244,,,16R235,,,,,,0,0,000000000,00000000000,0,0,0,1,0,0,0,0,0,0,0,998,0,0,0,12,12,2,1,8,0,0,0,1,54,25405,6,1,0,0,3,0,72,230,1,0,0,0,0,4,2010,4,2010,0,0,0,0,0,3,2,25,3,6,2,1,0,0,14,16,1,1,2,13,0,0
54,540050,1,1,2,26,3,14,50,1,0,1,0,54,1,20,421,20421,15,2002,1GNDT13W62K1,1,G,N,D,T,1,3,W,6,2,K,1,0,P,CHEV,BZR,UT,2,17,4114,,0,1070,,G,,F,6,262,,,000000,,,,,,0,0,000000000,00000000000,0,0,0,1,0,0,0,0,0,0,0,998,0,2,1,0,98,6,2,1,0,0,0,1,54,24850,6,1,0,0,3,0,64,200,0,0,0,0,0,0,0,0,0,0,58,0,0,0,1,2,55,1,1,2,1,0,0,1,12,6,1,2,98,1,0
54,540051,1,1,1,26,3,1,30,38,0,1,0,54,1,37,32,37032,4,1998,1HGCG5652WA0,1,H,G,C,G,5,6,5,2,W,A,0,0,P,HOND,UEX,4D,98,17,2985,,0,1069,,G,,F,4,138,,,15R195,,,,,,0,0,000000000,00000000000,0,0,0,1,0,0,0,0,0,0,0,998,0,0,0,1,12,6,2,38,0,0,0,1,24,25403,6,1,0,0,3,0,71,300,0,0,0,3,0,5,2009,3,2011,0,0,0,0,0,1,2,35,1,6,2,1,0,0,1,13,1,1,4,1,1,0
54,540052,1,1,1,26,3,2,45,52,0,1,0,54,1,20,481,20481,31,1998,1GCEK19R2WE1,1,G,C,E,K,1,9,R,2,W,E,1,0,T,CHEV,GK1,PC,98,17,,2,1555,1415,GM4,G,,,8,350,,,,B,00000,00,,44,0,0,000000000,00000000000,0,0,0,1,0,0,0,0,0,0,0,998,0,1,5,12,10,6,2,1,0,0,0,1,54,25704,6,1,0,0,3,0,72,230,0,0,0,1,0,3,2009,3,2009,1,0,0,0,0,1,2,35,3,1,2,1,0,0,14,13,1,1,4,1,1,1
54,540053,1,2,1,31,3,7,0,12,2,1,0,24,1,48,34,48034,6,2011,4S4BRBAC6B33,4,S,4,B,R,B,A,C,6,B,3,3,0,P,SUBA,O2I,SW,11,17,3386,,0,1079,,G,,F,4,150,,,16R215,,,,,,0,0,000000000,00000000000,0,0,0,1,0,0,0,0,0,0,0,998,0,0,0,12,12,6,2,12,0,0,0,1,24,20905,6,1,0,0,3,0,68,190,0,0,0,0,0,0,0,0,0,1,28,0,0,0,1,2,55,1,6,2,2,0,0,1,10,1,1,2,50,0,0
54,540053,2,2,1,31,3,7,0,12,2,1,0,54,2,7,20,7020,4,2002,1B3ES56C42D5,1,B,3,E,S,5,6,C,4,2,D,5,0,P,DODG,ESN,4D,2,17,2662,,0,1050,,G,,F,4,122,,,15R185,,,,,,0,0,000000000,00000000000,0,0,0,1,0,0,0,0,0,0,0,998,0,0,0,12,12,6,2,12,0,0,0,1,54,26704,6,1,0,0,3,0,68,200,0,0,0,0,0,0,0,0,0,0,0,0,0,0,1,2,55,1,5,2,2,0,0,1,62,7,1,1,51,1,0
54,540054,1,1,1,28,3,22,20,5,0,1,0,0,0,98,733,98733,90,2000,4XACH33A1YA3,4,X,A,C,H,3,3,A,1,Y,A,3,0,M,POLS,SP3,AT,0,17,,,,,,,334,,1,,4,999,,,,,,,0,0,000000000,00000000000,0,0,0,1,0,0,0,0,0,0,0,998,0,1,6,0,98,6,2,42,0,0,0,1,54,26164,2,1,1,0,1,0,70,135,0,3,1,0,1,8,2008,1,2011,1,0,0,0,0,1,2,55,1,6,2,1,0,0,1,98,6,1,4,0,1,1
54,540055,1,2,3,13,3,8,45,12,2,1,0,54,1,20,22,20022,4,2008,1G1AL58F6872,1,G,1,A,L,5,8,F,6,8,7,2,0,P,CHEV,BLT,4D,8,17,3216,,0,1033,,G,,F,4,134,,,15R195,,,,,,0,0,000000000,00000000000,0,0,0,1,0,0,0,0,0,0,0,998,0,0,0,12,11,6,2,12,0,0,0,1,54,26059,6,1,6,0,3,0,65,227,0,0,0,0,0,0,0,0,0,0,0,0,0,0,1,2,25,3,5,2,1,0,0,14,62,7,1,1,51,1,0
54,540055,2,2,1,13,3,8,45,12,2,1,0,54,1,55,33,55033,4,2011,5NPEB4ACXBH1,5,N,P,E,B,4,A,C,X,B,H,1,0,P,HYUN,SGL,4D,11,17,3161,,0,1100,,G,,F,4,144,,,16R205,,,,,,0,0,000000000,00000000000,0,0,0,1,0,0,0,0,0,0,0,998,0,0,0,12,12,6,2,12,0,0,0,1,54,26003,6,1,0,0,3,1,66,153,0,0,0,1,0,8,2009,8,2009,0,28,0,0,0,1,2,25,2,6,2,1,0,0,14,10,1,1,2,50,0,0
54,540056,1,2,2,17,1,13,10,12,2,1,0,54,1,22,20,22020,4,2002,1G2WK52J12F1,1,G,2,W,K,5,2,J,1,2,F,1,0,P,PONT,GFS,4D,2,17,3384,,0,1105,,G,,F,6,191,,,15R205,,,,,,0,0,000000000,00000000000,0,0,0,1,0,0,0,0,0,0,0,998,1,0,0,12,10,6,2,12,0,0,0,1,54,26537,6,1,0,0,3,0,62,128,1,0,0,0,0,7,2009,7,2009,0,28,0,0,0,1,2,55,3,5,2,1,0,0,14,10,1,1,2,50,1,0
54,540056,2,2,1,17,1,13,10,12,2,1,0,54,0,86,884,86884,63,2003,1M2AG10C13M0,1,M,2,A,G,1,0,C,1,3,M,0,1,T,MACK,CV7,CC,3,17,,8,0,0,700,D,,,6,728,,,,,00000,00,,64,1,57,277328,57277328,3,4,4,1,0,0,0,0,0,0,0,998,0,0,0,12,14,6,2,12,0,0,0,1,54,26354,6,1,6,1,3,0,71,255,0,0,0,0,0,0,0,0,0,0,0,0,0,0,1,2,55,3,6,2,1,0,0,14,62,9,1,1,51,0,0
54,540057,1,2,1,1,4,21,40,12,2,1,0,54,0,6,441,6441,20,2001,2C4GP44301R3,2,C,4,G,P,4,4,3,0,1,R,3,0,T,CHRY,TLX,ES,1,17,,1,0,1193,TWC,F,,,6,201,,,,,3993,00,,42,0,0,000000000,00000000000,0,0,0,1,0,0,0,0,0,0,0,998,0,0,0,12,12,6,2,12,0,0,0,1,54,25817,4,1,0,0,2,0,71,162,0,0,0,0,0,0,0,0,0,0,92,0,0,0,1,2,35,1,5,2,1,0,0,1,62,7,1,1,51,1,0
54,540057,2,2,1,1,4,21,40,12,2,1,0,54,1,20,481,20481,31,2007,1GCHK29U07E1,1,G,C,H,K,2,9,U,0,7,E,1,0,T,CHEV,2KH,4C,7,17,,2,1575,1435,SIL,G,,,8,366,,,,C,5659,02,,44,0,0,000000000,00000000000,0,0,0,1,0,0,0,0,0,0,0,998,7,1,1,12,12,6,2,12,0,0,0,1,54,25140,6,1,0,0,3,0,73,135,0,0,0,0,2,12,2010,1,2011,1,28,0,0,0,1,2,55,2,6,2,1,0,0,14,6,1,1,2,50,0,1
54,540058,1,1,4,2,4,11,15,1,0,1,0,39,1,18,23,18023,4,2006,1G4HD57236U2,1,G,4,H,D,5,7,2,3,6,U,2,0,P,BUIC,UXL,4D,6,17,3969,,0,1156,,G,,F,6,232,,,17R235,,,,,,0,0,000000000,00000000000,0,0,0,1,0,0,0,0,0,0,0,998,0,1,3,0,13,6,2,1,0,0,0,1,39,43773,6,1,0,0,3,1,61,200,0,0,0,1,0,8,2010,8,2010,0,58,0,0,0,2,2,70,3,5,2,1,0,0,14,61,9,1,4,6,1,0
54,540059,1,1,1,4,4,23,21,42,0,1,0,54,1,21,21,21021,4,1997,1G3NL52T8VM3,1,G,3,N,L,5,2,T,8,V,M,3,0,P,OLDS,ASL,4D,97,17,2813,,0,1034,,G,,F,4,146,,,15R195,,,,,,0,0,000000000,00000000000,0,0,0,1,0,0,0,0,0,0,0,998,0,0,0,12,12,6,2,42,0,0,0,1,54,26726,6,1,0,0,3,0,66,230,0,0,0,0,0,0,0,0,0,0,28,0,0,0,1,2,55,2,1,2,1,0,0,14,12,1,1,4,6,1,0
54,540060,1,2,1,4,4,13,0,12,7,1,0,54,1,48,401,48401,14,2004,JF1SG63694H7,J,F,1,S,G,6,3,6,9,4,H,7,0,P,SUBA,FOR,UT,4,17,3090,,0,994,,G,,F,4,150,,,16R215,,,,,,0,0,000000000,00000000000,0,0,0,1,0,0,0,0,0,0,0,998,0,0,0,10,10,6,2,12,0,0,0,1,54,26508,6,1,0,0,3,0,61,97,0,0,0,0,0,0,0,0,0,0,35,28,0,0,3,2,70,1,6,2,1,0,0,15,10,1,1,2,47,1,0