STATE,ST_CASE,VEH_NO,VE_FORMS,NUMOCCS,DAY,MONTH,HOUR,MINUTE,HARM_EV,MAN_COLL,UNITTYPE,HIT_RUN,REG_STAT,OWNER,MAKE,MODEL,MAK_MOD,BODY_TYP,MOD_YEAR,VIN,VIN_1,VIN_2,VIN_3,VIN_4,VIN_5,VIN_6,VIN_7,VIN_8,VIN_9,VIN_10,VIN_11,VIN_12,TOW_VEH,VINTYPE,VINMAKE,VINA_MOD,VIN_BT,VINMODYR,VIN_LNGT,VIN_WGT,WGTCD_TR,WHLBS_LG,WHLBS_SH,SER_TR,FUELCODE,MCYCL_DS,CARBUR,CYLINDER,DISPLACE,MCYCL_CY,MCYCL_WT,TIRE_SZE,TON_RAT,TRK_WT,TRKWTVAR,VIN_REST,WHLDRWHL,J_KNIFE,MCARR_I1,MCARR_I2,MCARR_ID,GVWR,V_CONFIG,CARGO_BT,HAZ_INV,HAZ_PLAC,HAZ_ID,HAZ_CNO,HAZ_REL,BUS_USE,SPEC_USE,EMER_USE,TRAV_SP,UNDERIDE,ROLLOVER,ROLINLOC,IMPACT1,IMPACT2,DEFORMED,TOWED,M_HARM,VEH_SC1,VEH_SC2,FIRE_EXP,DR_PRES,L_STATE,DR_ZIP,L_STATUS,L_TYPE,CDL_STAT,L_ENDORS,L_COMPL,L_RESTRI,DR_HGT,DR_WGT,PREV_ACC,PREV_SUS,PREV_DWI,PREV_SPD,PREV_OTH,FIRST_MO,FIRST_YR,LAST_MO,LAST_YR,SPEEDREL,DR_SF1,DR_SF2,DR_SF3,DR_SF4,VTRAFWAY,VNUM_LAN,VSPD_LIM,VALIGN,VPROFILE,VPAVETYP,VSURCOND,VTRAFCON,VTCONT_F,P_CRASH1,P_CRASH2,P_CRASH3,PCRASH4,PCRASH5,ACC_TYPE,DEATHS,DR_DRINK
54,540119,1,1,1,1,6,6,20,38,0,1,0,45,2,41,51,41051,5,2005,JM1BK3432512,J,M,1,B,K,3,4,3,2,5,1,2,0,P,MAZD,M3H,4H,5,17,2826,,0,1039,,G,,F,4,140,,,17R205,,,,,,0,0,000000000,00000000000,0,0,0,1,0,0,0,0,0,0,0,998,0,0,0,12,12,6,2,43,0,0,0,1,24,21701,6,1,0,0,3,0,71,200,0,0,0,0,0,0,0,0,0,0,0,0,0,0,1,2,35,2,1,2,1,0,0,14,12,1,1,4,6,1,0
54,540120,1,1,1,3,6,15,30,21,0,1,0,54,1,49,32,49032,4,1994,1NXAE09B4RZ2,1,N,X,A,E,0,9,B,4,R,Z,2,0,P,TOYT,LED,4D,94,17,2458,,0,970,,G,,F,4,108,,,14R185,,,,,,0,0,000000000,00000000000,0,0,0,1,0,0,0,0,0,0,0,998,0,0,0,12,12,6,2,21,0,0,0,1,54,26104,6,1,0,0,3,0,67,180,0,2,0,0,1,8,2008,10,2008,1,8,36,0,0,4,3,55,1,1,2,1,0,0,1,10,3,1,4,6,1,0
54,540121,1,1,2,3,6,13,12,1,0,1,0,54,1,72,706,72706,80,2009,1HD1CX3129K4,1,H,D,1,C,X,3,1,2,9,K,4,0,M,HD,C1U,RS,9,17,,,,,,,1202,,2,,4,581,,,,,,,0,0,000000000,00000000000,0,0,0,1,0,0,0,0,0,0,0,998,0,0,0,0,12,6,2,1,0,0,0,1,54,25832,6,1,0,0,3,0,65,180,0,0,0,0,0,0,0,0,0,0,0,0,0,0,2,3,70,1,5,1,1,0,0,1,13,1,1,4,98,2,0
54,540122,1,2,1,4,6,6,50,12,8,1,0,54,1,63,34,63034,4,2001,KNAGD1249150,K,N,A,G,D,1,2,4,9,1,5,0,0,P,KIA,OLS,4D,1,17,3190,,0,1063,,G,,F,6,152,,,15R205,,,,,,0,0,000000000,00000000000,0,0,0,1,0,0,0,0,0,0,0,998,0,0,0,2,2,4,3,12,0,0,0,1,54,25601,6,1,0,0,3,1,63,150,0,0,0,0,0,0,0,0,0,0,0,0,0,0,1,2,35,1,1,2,1,0,0,1,62,8,1,1,65,0,0
54,540122,2,2,1,4,6,6,50,12,8,1,0,54,1,72,706,72706,80,1981,1HD1CAH12BY0,1,H,D,1,C,A,H,1,2,B,Y,0,0,M,HD,XLH,RS,81,17,,,,,,,1000,,2,,4,665,,,,,,,0,0,000000000,00000000000,0,0,0,1,0,0,0,0,0,0,0,998,0,0,0,2,2,6,2,12,0,0,0,1,54,25649,2,1,0,0,2,0,67,155,0,7,0,0,0,2,2010,1,2011,0,28,33,0,0,1,2,35,1,1,2,1,0,0,1,10,7,1,2,64,1,1
54,540123,1,1,1,4,6,0,30,1,0,1,0,54,2,20,398,20398,4,1985,2GBJG31M6F41,2,G,B,J,G,3,1,M,6,F,4,1,0,T,CHEV,CUT,YY,85,17,,3,1460,1250,CTV,G,,,8,350,,,,D,3566,14,,42,0,0,000000000,00000000000,0,0,0,1,0,0,0,0,0,0,0,998,0,1,2,0,98,6,2,32,0,0,0,1,54,26301,1,1,1,0,2,0,69,160,0,0,0,0,2,2,2011,2,2011,0,28,0,0,0,1,2,45,3,3,2,1,0,0,14,12,3,1,4,98,1,1
54,540124,1,1,1,5,6,17,18,1,0,1,0,54,2,48,34,48034,4,1996,4S3BD4350T72,4,S,3,B,D,4,3,5,0,T,7,2,0,P,SUBA,ULW,4D,96,17,2825,,0,1035,,G,,F,4,135,,,14R185,,,,,,0,0,000000000,00000000000,0,0,0,1,0,0,0,0,0,0,0,998,0,1,5,0,10,6,2,1,0,0,0,1,54,26280,2,1,0,0,2,0,64,160,0,3,0,0,2,11,2008,7,2009,0,58,28,0,0,1,2,45,2,6,2,1,0,0,14,13,6,1,4,1,1,1
54,540125,1,2,1,5,6,17,5,12,7,1,0,45,1,20,32,20032,4,1995,1Y1SK5284SZ0,1,Y,1,S,K,5,2,8,4,S,Z,0,0,P,GEO,PRL,4D,95,17,2348,,0,971,,G,,F,4,110,,,14R175,,,,,,0,0,000000000,00000000000,0,0,0,1,0,0,0,0,0,0,0,998,0,0,0,1,1,2,3,12,0,0,0,1,45,29687,6,1,0,0,3,0,67,160,0,0,0,1,0,5,2010,5,2010,0,0,0,0,0,2,2,70,2,6,2,1,0,0,14,61,1,1,1,45,0,0
54,540125,2,2,3,5,6,17,5,12,7,1,0,37,2,7,403,7403,14,2007,1D8GT28K87W5,1,D,8,G,T,2,8,K,8,7,W,5,0,P,DODG,NIT,UT,7,17,3931,,0,1088,,G,,F,6,225,,,16R225,,,,,,0,0,000000000,00000000000,0,0,0,1,0,0,0,0,0,0,0,998,0,1,3,7,13,6,2,1,0,0,0,1,36,14744,6,1,0,0,3,0,61,999,0,0,0,0,0,0,0,0,0,0,35,0,0,0,2,2,70,2,6,2,1,0,0,15,10,1,1,2,47,1,0
54,540126,1,1,1,6,6,19,37,1,0,1,0,54,1,72,706,72706,80,2008,1HD1KB4168Y7,1,H,D,1,K,B,4,1,6,8,Y,7,0,M,HD,FHX,RS,8,17,,,,,,,1584,,2,,4,786,,,,,,,0,0,000000000,00000000000,0,0,0,1,0,0,0,0,0,0,0,998,0,0,0,0,4,6,2,1,0,0,0,1,54,26187,6,1,0,0,3,1,70,225,0,0,0,1,0,12,2009,12,2009,0,28,58,0,0,1,2,55,2,1,2,1,0,0,14,98,1,1,2,98,1,0
54,540127,1,2,1,6,6,20,0,12,2,1,0,54,1,12,402,12402,14,2010,1FMCU9D77AKC,1,F,M,C,U,9,D,7,7,A,K,C,0,P,FORD,SPE,UT,10,17,3504,,0,1031,,G,,F,4,153,,,16R235,,,,,,0,0,000000000,00000000000,0,0,0,1,0,0,0,0,0,0,0,998,0,0,0,12,12,6,2,12,0,0,0,1,54,25526,6,1,0,0,3,0,62,135,0,0,0,0,1,7,2009,7,2009,1,28,0,0,0,1,2,55,2,5,2,1,0,0,14,10,1,1,2,50,0,1
54,540127,2,2,1,6,6,20,0,12,2,1,0,54,1,37,706,37706,80,2004,1HFSC43074A4,1,H,F,S,C,4,3,0,7,4,A,4,0,M,HOND,VT2,RS,4,17,,,,,,,1099,,2,,4,573,,,,,,,0,0,000000000,00000000000,0,0,0,1,0,0,0,0,0,0,0,998,0,0,0,12,11,6,2,12,0,0,0,1,54,25177,6,1,0,0,3,0,73,225,0,0,0,0,0,0,0,0,0,0,0,0,0,0,1,2,55,3,5,2,1,0,0,14,62,1,1,1,51,1,0
54,540128,1,1,1,7,6,5,54,8,0,1,0,51,1,12,401,12401,14,2010,1FMEU7DE6AUA,1,F,M,E,U,7,D,E,6,A,U,A,0,P,FORD,EPR,UT,10,17,4628,,0,1137,,G,,F,6,244,,,16R235,,,,,,0,0,000000000,00000000000,0,0,0,1,0,0,0,0,0,0,0,998,0,0,0,12,12,2,3,8,0,0,0,1,54,25030,6,1,0,0,3,0,60,180,0,1,0,0,2,3,2010,4,2010,0,0,0,0,0,1,2,40,1,1,2,1,0,0,1,82,3,1,1,13,0,0
54,540129,1,1,2,8,6,19,5,8,0,1,0,54,1,22,16,22016,2,1991,1G2JB14T4M75,1,G,2,J,B,1,4,T,4,M,7,5,0,P,PONT,SLE,CP,91,17,2402,,0,1012,,G,,F,6,191,,,14R185,,,,,,0,0,000000000,00000000000,0,0,0,1,0,0,0,0,0,0,0,998,0,0,0,12,12,6,2,8,0,0,0,1,54,24818,1,1,0,0,2,0,72,190,0,5,0,0,2,8,2009,6,2011,0,92,0,0,0,1,2,55,1,1,2,1,0,0,1,13,1,1,4,13,0,0
54,540130,1,2,1,8,6,13,40,12,1,1,0,54,3,20,470,20470,28,2007,1GCGG25V2711,1,G,C,G,G,2,5,V,2,7,1,1,0,T,CHEV,E25,CG,7,17,,2,0,1350,EXP,G,,,8,293,,,,C,5338,00,,42,0,0,000000000,00000000000,0,0,0,1,0,0,0,0,0,0,0,998,0,0,0,12,12,6,2,12,0,0,0,1,54,26347,6,1,0,0,3,0,72,285,0,0,0,0,0,0,0,0,0,0,26,0,0,0,2,2,65,1,5,2,1,0,0,1,51,1,1,1,24,1,0
54,540130,2,2,1,8,6,13,40,12,1,1,0,39,1,87,881,87881,66,1998,1XP5DR9X5WD4,1,X,P,5,D,R,9,X,5,W,D,4,1,T,PTRB,379,TR,98,17,,8,0,0,CON,D,,,6,774,,,,,00000,00,,64,1,57,01188584,5701188584,3,6,10,1,0,0,0,0,0,0,0,998,0,0,0,6,6,6,4,12,0,0,0,1,39,43724,6,1,7,0,3,0,73,170,0,0,0,2,6,12,2008,4,2011,0,0,0,0,0,2,2,65,1,5,2,1,0,0,1,53,1,1,1,25,0,0
54,540131,1,2,1,9,6,8,30,12,6,1,0,54,1,63,32,63032,4,2004,KNADC1252463,K,N,A,D,C,1,2,5,2,4,6,3,0,P,KIA,RIO,4D,4,17,2403,,0,949,,G,,F,4,098,,,14R175,,,,,,0,0,000000000,00000000000,0,0,0,1,0,0,0,0,0,0,0,998,0,0,0,9,9,6,2,12,0,0,0,1,54,25075,6,1,0,0,3,0,65,149,0,0,0,0,0,0,0,0,0,0,38,0,0,0,1,2,55,1,1,2,1,0,0,11,15,1,1,2,68,1,0
54,540131,2,2,1,9,6,8,30,12,6,1,0,54,3,85,881,85881,66,1999,1XKWDB0X2XJ7,1,X,K,W,D,B,0,X,2,X,J,7,1,T,KW,W90,TR,99,17,,8,2850,1600,CON,D,,,6,893,,,,,00000,00,,64,1,57,831290,57831290,3,6,4,1,0,0,0,0,0,0,0,998,0,0,0,12,11,4,4,12,0,0,0,1,54,25515,6,1,6,0,3,0,76,290,0,0,0,0,2,5,2009,5,2010,0,0,0,0,0,1,2,55,1,1,2,1,0,0,1,72,3,1,1,69,0,0
54,540132,1,1,1,10,6,19,13,43,0,1,0,54,2,72,706,72706,80,2003,1HD1BLY193Y0,1,H,D,1,B,L,Y,1,9,3,Y,0,0,M,HD,XST,RS,3,17,,,,,,,1450,,2,,4,645,,,,,,,0,0,000000000,00000000000,0,0,0,1,0,0,0,0,0,0,0,998,0,0,0,12,13,6,2,43,0,0,0,1,54,25053,6,1,0,0,3,0,73,235,0,0,0,0,1,10,2008,10,2008,1,28,0,0,0,1,2,25,2,1,2,1,0,0,14,12,1,1,4,6,1,1
54,540133,1,1,2,13,6,19,50,34,0,1,0,54,1,20,471,20471,30,1993,1GCCS14R1P01,1,G,C,C,S,1,4,R,1,P,0,1,0,T,CHEV,S14,PK,93,17,,1,1179,1083,S,G,,,6,173,,,,B,2633,02,,42,0,0,000000000,00000000000,0,0,0,1,0,0,0,0,0,0,0,998,0,1,5,12,12,6,2,34,0,0,0,1,54,24867,6,1,0,0,3,0,70,165,0,0,0,0,0,0,0,0,0,0,0,0,0,0,1,2,35,3,1,2,1,0,0,14,13,1,1,4,1,1,1
54,540134,1,1,3,14,6,2,30,1,0,1,0,39,2,2,404,2404,14,1998,1J4FJ68S4WL1,1,J,4,F,J,6,8,S,4,W,L,1,0,T,JEEP,SCL,4W,98,17,,1,0,1014,CHK,G,,,6,242,,,,,3249,00,E,44,0,0,000000000,00000000000,0,0,0,1,0,0,0,0,0,0,0,998,0,1,5,0,13,6,2,1,0,0,0,1,54,25571,2,1,0,0,2,0,65,185,0,5,0,0,1,2,2009,1,2011,0,36,92,0,0,1,2,35,1,1,2,1,0,0,1,13,1,1,4,1,1,1
54,540135,1,1,1,15,6,4,15,31,0,1,0,47,1,20,22,20022,2,2007,1G1AK15F1772,1,G,1,A,K,1,5,F,1,7,7,2,0,P,CHEV,BLS,CP,7,17,2991,,0,1033,,G,,F,4,134,,,15R195,,,,,,0,0,000000000,00000000000,0,0,0,1,0,0,0,0,0,0,0,998,0,0,0,1,2,6,2,31,0,0,0,1,47,37072,6,1,0,0,3,1,63,152,0,0,0,0,0,0,0,0,0,0,0,0,0,0,1,2,55,2,1,2,1,0,0,14,13,2,1,4,1,1,1
54,540136,1,1,1,14,6,8,47,1,0,1,0,54,1,20,471,20471,30,1999,1GCCS1448XK1,1,G,C,C,S,1,4,4,8,X,K,1,0,T,CHEV,S14,PK,99,17,,1,1179,1083,S,G,,,4,133,,,,B,3015,01,,42,0,0,000000000,00000000000,0,0,0,1,0,0,0,0,0,0,0,998,0,9,1,0,98,6,2,1,0,0,0,1,54,25130,6,1,0,0,3,0,63,130,0,0,0,0,0,0,0,0,0,1,0,0,0,0,1,2,65,1,1,2,1,0,0,1,98,1,1,1,98,1,0
54,540137,1,2,1,15,6,10,6,12,6,1,0,54,3,84,881,84881,63,1988,1HTLDTVN2JH6,1,H,T,L,D,T,V,N,2,J,H,6,1,T,INTL,9V4,CC,88,17,,7,2540,1400,SS,D,,,6,466,,,,,00000,00,,42,1,57,382789,57382789,3,4,3,1,0,0,0,0,0,0,0,998,0,0,0,12,12,6,2,12,0,0,0,1,39,45710,6,1,6,0,3,0,68,140,0,1,0,0,1,12,2008,2,2011,0,0,0,0,0,1,2,65,1,6,2,1,0,0,1,67,2,1,1,69,0,0
54,540137,2,2,1,15,6,10,6,12,6,1,0,54,1,14,402,14402,14,2010,4M2CN9B70AKJ,4,M,2,C,N,9,B,7,0,A,K,J,0,P,MERC,MRN,UT,10,17,3533,,0,1031,,G,,F,4,153,,,16R235,,,,,,0,0,000000000,00000000000,0,0,0,1,0,0,0,0,0,0,0,998,0,0,0,10,10,6,2,12,0,0,0,1,54,25506,6,1,0,0,3,0,64,150,0,0,0,0,0,0,0,0,0,0,38,0,0,0,1,2,35,1,1,2,1,0,0,11,15,1,1,2,68,1,0
54,540138,1,3,1,15,6,2,45,12,8,1,0,39,2,49,422,49422,15,2004,5TDBT44A44S2,5,T,D,B,T,4,4,A,4,4,S,2,0,P,TOYT,SEQ,UT,4,17,5270,,0,1181,,G,,F,8,285,,,16R245,,,,,,0,0,000000000,00000000000,0,0,0,1,0,0,0,0,0,0,0,998,0,1,1,11,11,6,2,12,0,0,0,1,11,20001,1,1,0,0,2,0,72,176,0,2,0,0,0,6,2009,10,2010,1,28,0,0,0,1,2,55,2,6,2,1,0,0,14,10,7,1,2,64,0,0
54,540138,2,3,3,15,6,2,45,12,8,1,0,51,2,22,401,22401,14,2001,3G7DA03E21S5,3,G,7,D,A,0,3,E,2,1,S,5,0,P,PONT,AZT,UT,1,17,3779,,0,1083,,G,,F,6,207,,,15R215,,,,,,0,0,000000000,00000000000,0,0,0,1,0,0,0,0,0,0,0,998,0,0,0,11,11,6,2,12,0,0,0,1,51,22032,6,1,0,0,3,0,67,145,0,0,0,0,1,1,2011,1,2011,0,0,0,0,0,1,2,55,3,5,2,1,0,0,14,62,1,1,1,65,1,0
54,540138,3,3,2,15,6,2,45,12,8,1,0,51,1,23,441,23441,20,2000,1GKEL19W7YB5,1,G,K,E,L,1,9,W,7,Y,B,5,0,T,GMC,SXT,ES,0,17,,2,0,1112,SAF,G,,,6,262,,,,B,4432,02,E,44,0,0,000000000,00000000000,0,0,0,1,0,0,0,0,0,0,0,998,1,0,0,12,11,6,2,12,0,0,0,1,51,20109,6,1,0,0,3,0,64,170,1,0,0,0,2,2,2009,6,2010,0,0,0,0,0,1,2,55,3,5,2,1,0,0,14,62,1,1,1,98,0,0
54,540139,1,2,1,16,6,11,13,12,1,1,0,51,3,85,881,85881,63,2006,2NKDLU0X16M1,2,N,K,D,L,U,0,X,1,6,M,1,0,T,KW,T80,CC,6,17,,8,2600,1600,CON,D,,,6,763,,,,,00000,00,,64,0,57,229390,57229390,3,2,2,1,0,0,0,0,0,0,0,998,7,0,0,12,12,6,2,12,0,0,0,1,51,24656,6,1,6,1,3,0,69,195,1,0,0,0,0,1,2010,1,2010,0,0,0,0,0,2,2,65,1,1,2,1,0,0,1,65,8,1,1,24,0,0
54,540139,2,2,1,16,6,11,13,12,1,1,0,54,1,20,16,20016,4,2004,1G1JC52F6472,1,G,1,J,C,5,2,F,6,4,7,2,0,P,CHEV,CAV,4D,4,17,2676,,0,1041,,G,,F,4,134,,,14R195,,,,,,0,0,000000000,00000000000,0,0,0,1,0,0,0,0,0,0,0,998,0,0,0,6,6,6,2,12,0,0,0,1,54,25638,6,1,0,0,3,0,63,125,0,0,0,0,0,0,0,0,0,0,38,0,0,0,2,2,65,1,1,2,1,0,0,10,16,1,1,2,25,1,0
54,540140,1,1,1,14,5,23,30,8,0,1,1,54,1,12,481,12481,31,2003,2FTRF18233CA,2,F,T,R,F,1,8,2,3,3,C,A,0,T,FORD,F15,PK,3,17,,2,1388,1202,COF,G,,,6,256,,,,B,4400,00,U,44,0,0,000000000,00000000000,0,0,0,1,0,0,0,0,0,0,0,998,0,0,0,98,98,0,1,8,0,0,0,1,54,26505,6,1,0,0,3,0,66,170,0,0,0,0,0,0,0,0,0,0,0,0,0,0,1,2,55,1,1,4,1,0,0,1,80,1,1,1,13,0,0
54,540141,1,1,2,17,6,23,36,24,0,1,0,17,2,7,442,7442,20,2000,2B4GP2534YR6,2,B,4,G,P,2,5,3,4,Y,R,6,0,P,DODG,CAR,SV,0,17,3432,,0,1133,,G,,F,6,181,,,14R205,,,,,,0,0,000000000,00000000000,0,0,0,1,0,0,0,0,0,0,0,998,0,1,5,2,2,6,2,1,0,0,0,1,17,62856,6,1,0,0,3,0,69,210,0,0,0,0,0,0,0,0,0,0,0,0,0,0,1,2,45,3,6,2,1,0,0,14,13,1,1,4,1,1,0
54,540142,1,2,1,20,6,10,39,12,2,1,0,54,3,98,881,98881,63,2005,5MADA35365C0,5,M,A,D,A,3,5,3,6,5,C,0,1,U,,,,5,17,,,,,,,,,,,,,,,,,,,1,57,209293,57209293,3,4,8,1,0,0,0,0,0,0,0,35,0,0,0,12,98,6,2,12,0,0,0,1,54,25653,6,1,6,0,3,1,72,240,0,0,0,0,0,0,0,0,0,0,0,0,0,0,1,2,35,1,1,2,1,0,0,1,62,3,1,1,51,0,0
54,540142,2,2,4,20,6,10,39,12,2,1,0,54,1,22,18,22018,4,1995,1G2NE55D1SM5,1,G,2,N,E,5,5,D,1,S,M,5,0,P,PONT,GAS,4D,95,17,2945,,0,1034,,G,,F,4,138,,,14R195,,,,,,0,0,000000000,00000000000,0,0,0,1,0,0,0,0,0,0,0,35,0,0,0,12,98,6,2,12,0,0,0,1,54,25671,6,1,0,0,3,0,67,188,0,0,0,0,0,0,0,0,0,0,28,0,0,0,1,2,35,1,1,2,1,0,0,1,10,1,1,2,50,1,0
54,540143,1,2,1,20,6,15,16,12,6,1,0,54,1,12,481,12481,31,2008,1FTSW21R68EA,1,F,T,S,W,2,1,R,6,8,E,A,0,T,FORD,F2S,CW,8,17,,2,1720,1560,SRW,D,,,8,390,,,,C,6523,01,E,44,0,0,000000000,00000000000,0,0,0,1,0,0,0,0,0,0,0,998,0,0,0,12,12,6,2,12,0,0,0,1,54,25508,6,1,0,0,3,0,71,175,0,0,0,0,0,0,0,0,0,0,0,0,0,0,1,2,65,3,6,2,2,0,0,14,66,8,1,1,69,0,0
54,540143,2,2,6,20,6,15,16,12,6,1,0,54,1,53,402,53402,14,2002,JS3TX92V4241,J,S,3,T,X,9,2,V,4,2,4,1,0,P,SUZI,XL7,UT,2,17,3682,,0,1102,,G,,F,6,167,,,16R235,,,,,,0,0,000000000,00000000000,0,0,0,1,0,0,0,0,0,0,0,998,0,0,0,62,62,6,2,12,0,0,0,1,54,25601,6,1,0,0,3,1,68,180,0,0,0,0,0,0,0,0,0,0,38,0,0,0,1,2,45,1,6,2,2,0,0,11,15,1,1,2,68,1,0
54,540144,1,2,1,20,6,15,5,12,2,1,0,54,2,20,421,20421,15,2002,1GNDT13W92K1,1,G,N,D,T,1,3,W,9,2,K,1,0,P,CHEV,BZR,UT,2,17,4114,,0,1070,,G,,F,6,262,,,000000,,,,,,0,0,000000000,00000000000,0,0,0,1,0,0,0,0,0,0,0,998,0,0,0,12,12,6,2,12,0,0,1,1,54,25253,2,1,0,0,2,0,72,175,1,2,1,0,0,6,2010,1,2011,1,28,0,0,0,1,2,45,1,6,2,2,0,0,1,6,1,1,2,50,1,0
54,540144,2,2,1,20,6,15,5,12,2,1,0,54,1,20,498,20498,31,1979,CCU149F45483,C,C,U,1,4,9,F,4,5,4,8,3,0,T,CHEV,C10,PK,79,13,,1,1315,1065,C10,G,,,8,305,,,,B,3484,06,,42,0,0,000000000,00000000000,0,0,0,1,0,0,0,0,0,0,0,998,0,0,0,12,12,6,2,12,0,0,1,1,54,25253,6,1,0,0,3,0,70,196,0,0,0,0,0,0,0,0,0,0,0,0,0,0,1,2,45,1,5,2,2,0,0,1,62,4,1,1,51,1,0
54,540145,1,1,1,21,6,6,34,35,0,1,0,54,1,20,481,20481,31,2004,1GCEK19VX4E2,1,G,C,E,K,1,9,V,X,4,E,2,0,T,CHEV,SK1,4C,4,17,,2,1575,1435,SIL,G,,,8,293,,,,B,4925,00,,44,0,0,000000000,00000000000,0,0,0,1,0,0,0,0,0,0,0,998,0,0,0,11,11,6,2,43,0,0,0,1,54,26101,6,1,0,0,3,0,67,220,0,0,0,0,0,0,0,0,0,0,0,0,0,0,1,2,35,3,6,2,1,0,0,14,12,1,1,4,6,1,0
54,540146,1,1,3,22,6,11,36,42,0,1,0,54,2,37,32,37032,4,2002,1HGCG16592A0,1,H,G,C,G,1,6,5,9,2,A,0,0,P,HOND,UEX,4D,2,17,3329,,0,1069,,G,,F,6,183,,,15R205,,,,,,0,0,000000000,00000000000,0,0,0,1,0,0,0,0,0,0,0,998,0,0,0,8,13,6,2,42,0,0,0,1,39,45239,6,1,0,0,3,0,73,210,0,1,0,2,2,7,2008,6,2011,0,0,0,0,0,1,2,55,3,5,2,1,0,0,14,13,6,1,4,6,1,0
54,540147,1,1,1,22,6,21,14,30,0,1,0,54,2,20,16,20016,4,2005,1G1JC52F0571,1,G,1,J,C,5,2,F,0,5,7,1,0,P,CHEV,CAV,4D,5,17,2676,,0,1041,,G,,F,4,134,,,14R195,,,,,,0,0,000000000,00000000000,0,0,0,1,0,0,0,0,0,0,0,998,0,0,0,12,12,6,2,30,0,0,0,1,54,25530,6,1,0,0,3,0,72,180,0,0,0,0,0,0,0,0,0,0,28,0,0,0,1,2,55,3,6,2,1,0,0,14,12,1,1,4,6,1,0
54,540148,1,1,1,24,6,20,55,1,0,1,0,54,1,20,16,20016,2,2000,1G1JC1245Y73,1,G,1,J,C,1,2,4,5,Y,7,3,0,P,CHEV,CAV,CP,0,17,2617,,0,1041,,G,,F,4,133,,,14R195,,,,,,0,0,000000000,00000000000,0,0,0,1,0,0,0,0,0,0,0,998,0,1,5,0,13,6,2,1,0,0,0,1,54,26444,6,1,0,0,3,0,68,137,0,0,0,1,0,3,2011,3,2011,1,0,0,0,0,1,2,55,1,6,2,2,0,0,1,13,1,1,4,1,1,1
54,540149,1,2,1,25,6,3,58,12,2,1,0,21,2,12,13,12013,4,2002,3FAFP13P32R1,3,F,A,F,P,1,3,P,3,2,R,1,0,P,FORD,ESC,4D,2,17,2468,,0,984,,G,,F,4,122,,,14R185,,,,,,0,0,000000000,00000000000,0,0,0,1,0,0,0,0,0,0,0,998,0,0,0,12,10,6,2,12,0,0,0,1,21,41224,6,1,0,0,3,0,73,209,0,0,0,0,0,0,0,0,0,0,0,0,0,0,1,2,55,1,1,2,1,0,0,1,62,1,1,1,51,1,0
54,540149,2,2,2,25,6,3,58,12,2,1,0,39,2,22,16,22016,2,1992,1G2JB14T1N75,1,G,2,J,B,1,4,T,1,N,7,5,0,P,PONT,SSE,CP,92,17,2484,,0,1013,,G,,F,6,191,,,14R185,,,,,,0,0,000000000,00000000000,0,0,0,1,0,0,0,0,0,0,0,998,0,0,0,12,10,6,2,12,0,0,0,1,54,25674,1,1,0,0,2,0,65,125,0,2,0,0,0,9,2009,1,2010,0,28,0,0,0,1,2,55,1,1,2,1,0,0,1,10,1,1,2,50,0,1
54,540150,1,2,1,25,6,5,47,12,1,1,0,54,1,20,481,20481,31,2008,2GCEK19J1812,2,G,C,E,K,1,9,J,1,8,1,2,0,T,CHEV,SK1,4C,8,17,,2,1575,1339,SIL,G,,,8,323,,,,B,5226,02,,44,0,0,000000000,00000000000,0,0,0,1,0,0,0,0,0,0,0,998,0,0,0,12,12,6,2,12,0,0,0,1,54,24872,6,1,0,0,3,0,72,205,0,0,0,0,0,0,0,0,0,0,0,0,0,0,1,2,35,1,1,2,1,0,0,1,78,3,1,1,24,0,0
54,540150,2,2,1,25,6,5,47,12,1,1,0,0,0,98,739,98739,90,2004,4UF04ATV14T2,4,U,F,0,4,A,T,V,1,4,T,2,0,U,,,,4,17,,,,,,,,,,,,,,,,,,,0,0,000000000,00000000000,0,0,0,1,0,0,0,0,0,0,0,998,0,0,0,6,6,6,2,12,0,0,0,1,51,24620,6,1,0,0,3,0,70,138,0,0,0,0,0,0,0,0,0,0,38,0,0,0,1,2,35,1,6,2,1,0,0,6,53,1,1,2,25,1,1
54,540151,1,1,4,26,6,23,55,38,0,1,0,54,2,48,38,48038,4,2000,JF1GC6751YH5,J,F,1,G,C,6,7,5,1,Y,H,5,0,P,SUBA,IR4,4D,0,17,2825,,0,992,,G,,F,4,150,,,16R205,,,,,,0,0,000000000,00000000000,0,0,0,1,0,0,0,0,0,0,0,998,0,0,0,11,12,6,2,38,0,0,0,1,54,25446,6,1,0,0,3,0,74,155,0,0,0,0,0,0,0,0,0,1,28,58,36,0,1,2,35,1,1,2,1,0,0,1,12,9,1,4,6,1,0
54,540152,1,1,1,28,6,3,30,18,0,1,0,54,1,82,881,82881,66,2000,1FUYSDYB1YLH,1,F,U,Y,S,D,Y,B,1,Y,L,H,1,T,FRHT,FC2,TR,0,17,,8,0,0,CON,D,,,6,855,,,,,00000,00,,64,1,57,01375756,5701375756,3,6,1,1,0,0,0,0,0,0,0,998,0,0,0,12,12,6,2,2,0,0,1,1,17,60090,6,1,6,0,3,0,68,220,0,0,0,0,0,0,0,0,0,0,0,0,0,0,3,3,70,3,5,1,1,0,0,14,90,1,1,1,12,1,0