STATE,ST_CASE,VEH_NO,VE_FORMS,NUMOCCS,DAY,MONTH,HOUR,MINUTE,HARM_EV,MAN_COLL,UNITTYPE,HIT_RUN,REG_STAT,OWNER,MAKE,MODEL,MAK_MOD,BODY_TYP,MOD_YEAR,VIN,VIN_1,VIN_2,VIN_3,VIN_4,VIN_5,VIN_6,VIN_7,VIN_8,VIN_9,VIN_10,VIN_11,VIN_12,TOW_VEH,VINTYPE,VINMAKE,VINA_MOD,VIN_BT,VINMODYR,VIN_LNGT,VIN_WGT,WGTCD_TR,WHLBS_LG,WHLBS_SH,SER_TR,FUELCODE,MCYCL_DS,CARBUR,CYLINDER,DISPLACE,MCYCL_CY,MCYCL_WT,TIRE_SZE,TON_RAT,TRK_WT,TRKWTVAR,VIN_REST,WHLDRWHL,J_KNIFE,MCARR_I1,MCARR_I2,MCARR_ID,GVWR,V_CONFIG,CARGO_BT,HAZ_INV,HAZ_PLAC,HAZ_ID,HAZ_CNO,HAZ_REL,BUS_USE,SPEC_USE,EMER_USE,TRAV_SP,UNDERIDE,ROLLOVER,ROLINLOC,IMPACT1,IMPACT2,DEFORMED,TOWED,M_HARM,VEH_SC1,VEH_SC2,FIRE_EXP,DR_PRES,L_STATE,DR_ZIP,L_STATUS,L_TYPE,CDL_STAT,L_ENDORS,L_COMPL,L_RESTRI,DR_HGT,DR_WGT,PREV_ACC,PREV_SUS,PREV_DWI,PREV_SPD,PREV_OTH,FIRST_MO,FIRST_YR,LAST_MO,LAST_YR,SPEEDREL,DR_SF1,DR_SF2,DR_SF3,DR_SF4,VTRAFWAY,VNUM_LAN,VSPD_LIM,VALIGN,VPROFILE,VPAVETYP,VSURCOND,VTRAFCON,VTCONT_F,P_CRASH1,P_CRASH2,P_CRASH3,PCRASH4,PCRASH5,ACC_TYPE,DEATHS,DR_DRINK
54,540153,1,3,3,30,6,5,0,12,1,1,0,54,2,55,35,55035,4,2009,KMHDU46D29U6,K,M,H,D,U,4,6,D,2,9,U,6,0,P,HYUN,HEL,4D,9,17,2723,,0,1043,,G,,F,4,121,,,15R195,,,,,,0,0,000000000,00000000000,0,0,0,1,0,0,0,0,0,0,0,998,1,0,0,12,12,6,2,12,0,0,0,1,54,25704,6,1,0,0,3,0,71,225,2,0,0,0,1,5,2009,9,2010,0,91,0,0,0,2,2,70,3,6,2,1,0,0,14,51,9,1,1,24,1,0
54,540153,2,3,2,30,6,5,0,12,1,1,0,54,3,12,481,12481,31,2011,1FT7X2A6XBEC,1,F,T,7,X,2,A,6,X,B,E,C,0,T,FORD,F2S,4C,11,17,,2,1580,1420,SRW,F,,,8,378,,,,C,5925,01,7,42,0,0,000000000,00000000000,0,0,0,1,0,0,0,0,0,0,0,998,0,0,0,6,6,4,1,12,0,0,0,1,54,24740,6,1,0,0,3,0,69,185,0,0,0,0,0,0,0,0,0,0,0,0,0,0,2,2,70,3,6,2,1,0,0,14,53,1,1,1,25,0,0
54,540153,3,3,1,30,6,5,0,12,1,1,0,18,3,82,881,82881,66,2003,1FUJA6CGX3LK,1,F,U,J,A,6,C,G,X,3,L,K,1,T,FRHT,COL,TR,3,17,,8,0,0,CON,D,,,6,774,,,,,00000,00,,64,1,57,041208,57041208,3,6,1,1,0,0,0,0,0,0,0,998,0,0,0,1,1,6,2,12,0,0,0,1,47,37664,6,1,6,0,3,0,71,190,0,0,0,0,1,4,2011,4,2011,0,0,0,0,0,2,2,70,3,6,2,1,0,0,14,50,8,1,1,98,0,0
54,540154,1,1,3,10,6,15,13,23,0,1,0,54,2,2,404,2404,14,1996,1J4FJ68SXTL1,1,J,4,F,J,6,8,S,X,T,L,1,0,T,JEEP,SPC,4W,96,17,,1,0,1014,CHK,G,,,6,242,,,,,3008,00,M,44,0,0,000000000,00000000000,0,0,0,1,0,0,0,0,0,0,0,998,0,1,6,14,13,6,2,35,0,0,0,1,12,33569,6,1,0,0,3,0,63,999,0,0,0,0,0,0,0,0,0,0,36,0,0,0,1,2,35,3,1,2,1,0,0,14,13,1,1,4,1,1,0
54,540155,1,2,3,2,7,10,36,12,6,1,0,54,2,13,5,13005,4,1997,1LNLM97V0VY7,1,L,N,L,M,9,7,V,0,V,Y,7,0,P,LINC,CON,4D,97,17,3884,,0,1090,,G,,F,8,281,,,16R225,,,,,,0,0,000000000,00000000000,0,0,0,1,0,0,0,0,0,0,0,998,0,0,0,11,11,6,2,12,0,0,0,1,54,24740,6,1,0,0,3,0,67,150,0,0,0,0,0,0,0,0,0,0,38,0,0,0,2,2,55,1,1,2,1,20,3,1,17,1,1,2,89,0,0
54,540155,2,2,1,2,7,10,36,12,6,1,0,47,1,37,706,37706,80,1999,1HFSC2230XA1,1,H,F,S,C,2,2,3,0,X,A,1,0,M,HOND,1/2,RS,99,17,,,,,,,1520,,6,,4,816,,,,,,,0,0,000000000,00000000000,0,0,0,1,0,0,0,0,0,0,0,998,0,0,0,12,12,6,2,12,0,0,0,1,18,47126,6,1,0,0,3,0,71,190,0,0,0,0,0,0,0,0,0,0,0,0,0,0,2,2,55,1,1,2,1,0,0,1,66,3,1,1,88,1,0
54,540156,1,2,3,4,7,16,5,12,2,1,0,42,1,22,18,22018,4,2001,1G2NE52TX1M6,1,G,2,N,E,5,2,T,X,1,M,6,0,P,PONT,GAS,4D,1,17,3116,,0,1070,,G,,F,4,146,,,15R215,,,,,,0,0,000000000,00000000000,0,0,0,1,0,0,0,0,0,0,0,998,0,0,0,12,9,6,2,12,0,0,0,1,42,15478,6,1,0,0,3,0,63,999,0,0,0,0,0,0,0,0,0,1,87,0,0,0,2,2,70,2,6,2,2,0,0,14,5,2,1,2,50,1,0
54,540156,2,2,2,4,7,16,5,12,2,1,0,26,3,20,22,20022,4,2010,1G1AD5F58A72,1,G,1,A,D,5,F,5,8,A,7,2,0,P,CHEV,BLT,4D,10,17,3216,,0,1033,,G,,F,4,134,,,15R195,,,,,,0,0,000000000,00000000000,0,0,0,1,0,0,0,0,0,0,0,998,0,0,0,12,12,6,2,12,0,0,0,1,40,74117,6,1,0,0,3,0,999,999,99,99,99,99,99,99,9999,99,9999,0,0,0,0,0,2,2,70,3,5,2,2,0,0,14,64,9,1,1,51,0,0
54,540157,1,1,2,6,7,21,59,24,0,1,0,54,1,7,482,7482,31,2011,1D7RV1CT5BS5,1,D,7,R,V,1,C,T,5,B,S,5,0,T,DODG,150,CW,11,17,,2,0,1400,RPC,G,,,8,348,,,,B,5308,00,K,44,0,0,000000000,00000000000,0,0,0,1,0,0,0,0,0,0,0,998,0,0,0,98,98,6,2,24,0,0,0,1,54,26104,6,1,0,0,3,0,72,165,0,0,0,0,2,1,2009,8,2010,1,0,0,0,0,1,2,35,3,6,2,1,0,0,14,13,6,1,4,1,1,1
54,540158,1,1,1,7,7,11,33,35,0,1,0,54,1,20,471,20471,30,1996,1GCCS144XTK1,1,G,C,C,S,1,4,4,X,T,K,1,0,T,CHEV,S14,PK,96,17,,1,1179,1083,S,G,,,4,133,,,,B,2822,01,,42,0,0,000000000,00000000000,0,0,0,1,0,0,0,0,0,0,0,998,0,1,5,12,12,6,2,35,0,0,0,1,54,24701,6,1,0,0,3,1,71,145,0,1,0,0,1,5,2009,11,2010,0,0,0,0,0,2,2,70,2,1,2,1,0,0,14,12,7,1,4,1,1,1
54,540159,1,2,2,8,7,18,30,12,2,1,0,51,1,63,35,63035,4,2005,KNALD124X550,K,N,A,L,D,1,2,4,X,5,5,0,0,P,KIA,AV6,4D,5,17,4021,,0,1102,,G,,F,6,213,,,16R225,,,,,,0,0,000000000,00000000000,0,0,0,1,0,0,0,0,0,0,0,998,0,0,0,12,12,6,2,12,0,0,0,1,51,22601,6,2,0,0,3,0,66,160,0,0,0,0,0,0,0,0,0,0,28,0,0,0,1,2,55,2,1,2,1,0,0,14,10,1,1,2,50,0,0
54,540159,2,2,2,8,7,18,30,12,2,1,0,54,1,49,471,49471,30,1994,4TARN81A4RZ2,4,T,A,R,N,8,1,A,4,R,Z,2,0,T,TOYT,USS,PK,94,17,,1,0,1030,UHT,G,,,4,144,,,,B,2690,00,A,42,0,0,000000000,00000000000,0,0,0,1,0,0,0,0,0,0,0,998,0,0,0,12,12,6,2,12,0,0,0,1,54,25441,6,1,0,0,3,0,69,200,0,0,0,0,1,11,2010,11,2010,0,0,0,0,0,1,2,55,3,1,2,1,0,0,14,62,1,1,1,51,1,0
54,540160,1,2,1,8,7,18,38,12,6,1,0,54,1,2,405,2405,14,2008,1J8GN28K98W2,1,J,8,G,N,2,8,K,9,8,W,2,0,T,JEEP,SPR,4W,8,17,,1,0,1061,LIB,G,,,6,226,,,,,4278,00,R,44,0,0,000000000,00000000000,0,0,0,1,0,0,0,0,0,0,0,998,0,0,0,12,12,6,2,12,0,0,0,1,54,24966,6,1,0,0,3,0,66,148,0,0,0,0,1,8,2008,8,2008,0,0,0,0,0,1,2,55,1,1,2,2,0,0,1,67,1,1,1,83,0,0
54,540160,2,2,1,8,7,18,38,12,6,1,0,50,1,41,35,41035,3,1983,JM1BD2313D07,J,M,1,B,D,2,3,1,3,D,0,7,0,P,MAZD,GLC,2H,83,17,1890,,0,931,,G,,2,4,091,,,000000,,,,,,0,0,000000000,00000000000,0,0,0,1,0,0,0,0,0,0,0,998,0,0,0,9,9,6,2,12,0,0,0,1,54,24983,6,1,0,0,3,1,61,104,0,0,0,0,0,0,0,0,0,0,38,0,0,0,1,2,55,3,1,2,2,0,0,11,15,1,1,2,82,1,1
54,540161,1,1,1,9,7,3,6,1,0,1,0,51,2,12,37,12037,2,2001,3FAFP313X1R1,3,F,A,F,P,3,1,3,X,1,R,1,0,P,FORD,FZX,3P,1,17,2550,,0,1030,,G,,F,4,121,,,15R195,,,,,,0,0,000000000,00000000000,0,0,0,1,0,0,0,0,0,0,0,998,0,1,5,0,9,6,2,1,0,0,0,1,51,22655,1,1,0,0,2,0,61,170,0,2,0,0,0,3,2010,6,2011,1,8,0,0,0,2,2,70,1,1,2,1,0,0,1,10,1,1,4,98,1,0
54,540162,1,1,1,14,7,22,30,1,0,1,0,54,1,21,23,21023,4,1998,1G3WS52K3WF4,1,G,3,W,S,5,2,K,3,W,F,4,0,P,OLDS,IGL,4D,98,17,3455,,0,1090,,G,,F,6,231,,,16R225,,,,,,0,0,000000000,00000000000,0,0,0,1,0,0,0,0,0,0,0,998,0,1,5,0,81,6,2,1,0,0,0,1,54,26601,1,1,6,0,2,0,63,135,0,1,0,0,1,10,2009,10,2010,0,58,0,0,0,1,2,55,2,1,2,1,0,0,14,12,7,1,4,6,1,1
54,540163,1,1,2,1,7,18,39,35,0,1,0,51,2,2,482,2482,31,1987,1JTMP6517HT0,1,J,T,M,P,6,5,1,7,H,T,0,0,T,AMER,CMH,PK,87,17,,1,1200,1130,COM,G,,,6,242,,,,,3032,01,A,44,0,0,000000000,00000000000,0,0,0,1,0,0,0,0,0,0,0,998,0,1,5,11,13,6,2,1,0,0,0,1,51,23419,6,1,0,0,3,0,70,175,0,0,0,0,0,0,0,0,0,1,28,8,0,0,1,2,55,2,5,4,1,0,0,14,6,1,1,4,6,1,1
54,540164,1,1,1,16,7,13,40,34,0,1,0,54,1,76,705,76705,80,2009,JYAVM01E59A1,J,Y,A,V,M,0,1,E,5,9,A,1,0,M,YAMA,VS6,RS,9,17,,,,,,,649,,2,,4,474,,,,,,,0,0,000000000,00000000000,0,0,0,1,0,0,0,0,0,0,0,998,0,0,0,11,11,6,2,34,0,0,0,1,54,25053,6,1,0,0,3,0,70,190,0,0,0,0,0,0,0,0,0,0,0,0,0,0,1,2,55,2,5,2,1,0,0,14,13,1,1,4,1,1,0
54,540165,1,1,1,15,7,7,30,34,0,1,0,54,3,12,481,12481,31,2007,1FTRF14V67NA,1,F,T,R,F,1,4,V,6,7,N,A,0,T,FORD,F15,PK,7,17,,2,1450,1260,COF,F,,,8,329,,,,B,5004,01,E,44,0,0,000000000,00000000000,0,0,0,1,0,0,0,0,0,0,0,998,0,1,6,12,10,6,2,1,0,0,0,1,54,26241,6,1,0,0,3,0,71,245,0,0,0,0,0,0,0,0,0,0,28,0,0,0,1,2,55,1,6,2,1,0,0,1,12,1,1,4,6,1,0
54,540166,1,1,2,17,7,3,0,35,0,1,0,29,3,20,880,20880,67,2008,1GCJK33068F1,1,G,C,J,K,3,3,0,6,8,F,1,0,T,CHEV,SK3,CW,8,17,,3,0,1670,SIL,,,,,,,,,D,6400,00,,44,0,77,777777777,77777777777,2,1,97,1,0,0,0,0,0,0,0,998,0,1,5,12,12,6,2,35,0,0,0,1,99,99999,9,9,99,9,9,9,999,999,99,99,99,99,99,99,9999,99,9999,0,58,0,0,0,3,2,70,1,3,2,1,0,0,1,12,7,1,4,1,1,0
54,540167,1,1,2,5,6,19,35,1,0,1,0,54,1,2,404,2404,14,2001,1J4FA49S41P3,1,J,4,F,A,4,9,S,4,1,P,3,0,T,JEEP,SPW,2W,1,17,,1,0,934,W/T,G,,,6,244,,,,,3207,00,E,44,0,0,000000000,00000000000,0,0,0,1,0,0,0,0,0,0,0,998,0,1,5,0,13,6,2,1,0,0,0,1,54,24818,6,1,0,0,3,0,68,200,0,0,0,0,0,0,0,0,0,0,58,0,0,0,1,2,55,1,1,2,1,0,0,1,12,8,1,4,98,1,1
54,540168,1,1,3,19,7,3,17,38,0,1,0,54,2,58,33,58033,4,1999,JNKCP11A8XT0,J,N,K,C,P,1,1,A,8,X,T,0,0,P,INFI,G20,4D,99,17,2816,,0,1024,,G,,F,4,122,,,15R195,,,,,,0,0,000000000,00000000000,0,0,0,1,0,0,0,0,0,0,0,998,0,0,0,1,12,6,2,18,0,0,0,1,54,25309,1,1,1,0,2,0,70,185,0,2,0,0,0,9,2009,9,2009,1,0,0,0,0,1,2,35,3,1,2,1,0,0,14,6,1,1,4,1,1,0
54,540169,1,1,1,25,7,9,58,1,0,1,0,54,2,12,471,12471,30,2004,1FTYR10D34TA,1,F,T,Y,R,1,0,D,3,4,T,A,0,T,FORD,RNG,PK,4,17,,1,1175,1116,RNG,G,,,4,140,,,,B,3085,00,U,42,0,0,000000000,00000000000,0,0,0,1,0,0,0,0,0,0,0,998,0,1,1,0,10,6,2,1,0,0,0,1,54,26426,6,1,0,0,3,0,68,160,1,0,0,0,0,6,2009,6,2009,0,58,0,0,0,2,2,70,1,6,2,1,0,0,1,13,6,1,2,98,1,0
54,540170,1,1,2,19,7,22,12,1,0,1,0,51,1,2,404,2404,14,1998,1J4GZ58S6WC1,1,J,4,G,Z,5,8,S,6,W,C,1,0,T,JEEP,LRT,4W,98,17,,1,0,1059,GCK,G,,,6,242,,,,,3708,01,E,44,0,0,000000000,00000000000,0,0,0,1,0,0,0,0,0,0,0,998,0,1,1,0,9,6,2,30,0,0,0,1,54,25425,6,1,6,0,3,0,70,200,0,0,0,0,3,5,2009,7,2010,1,28,58,0,0,1,2,45,1,6,2,1,0,0,1,6,1,1,6,98,1,1
54,540171,1,1,1,19,7,18,49,1,0,1,0,54,1,72,706,72706,80,2003,1HD1FLW123Y6,1,H,D,1,F,L,W,1,2,3,Y,6,0,M,HD,CUS,RS,3,17,,,,,,,1450,,2,,4,788,,,,,,,0,0,000000000,00000000000,0,0,0,1,0,0,0,0,0,0,0,998,0,0,0,0,98,6,2,30,0,0,0,1,54,26621,6,1,0,0,3,0,74,215,0,0,0,0,0,0,0,0,0,1,36,0,0,0,1,2,55,3,1,2,1,0,0,14,6,1,1,4,1,1,1
54,540172,1,1,2,20,7,15,52,35,0,1,0,54,1,12,471,12471,30,1990,1FTCR11X8LUB,1,F,T,C,R,1,1,X,8,L,U,B,0,T,FORD,RNG,PK,90,17,,1,1140,1080,RNG,G,,,6,245,,,,B,2978,01,A,44,0,0,000000000,00000000000,0,0,0,1,0,0,0,0,0,0,0,998,0,1,6,1,13,6,2,1,0,0,0,1,54,26201,6,2,0,0,3,0,72,150,0,0,0,0,0,0,0,0,0,0,36,0,0,0,1,2,55,3,6,2,1,0,0,14,13,6,1,4,1,1,1
54,540173,1,1,1,22,7,16,15,42,0,1,0,54,1,20,401,20401,14,2002,1GNDT13W52K1,1,G,N,D,T,1,3,W,5,2,K,1,0,P,CHEV,BZR,UT,2,17,4114,,0,1070,,G,,F,6,262,,,000000,,,,,,0,0,000000000,00000000000,0,0,0,1,0,0,0,0,0,0,0,998,0,0,0,12,12,6,2,42,0,0,0,1,54,26143,1,1,1,0,2,1,63,110,0,1,0,0,2,10,2010,5,2011,0,58,0,0,0,1,2,55,1,6,2,1,0,0,1,13,8,1,4,1,1,0
54,540174,1,1,1,24,7,0,20,8,0,1,0,54,1,20,2,20002,4,2004,2G1WF52E4492,2,G,1,W,F,5,2,E,4,4,9,2,0,P,CHEV,IMP,4D,4,17,3389,,0,1105,,G,,F,6,207,,,16R225,,,,,,0,0,000000000,00000000000,0,0,0,1,0,0,0,0,0,0,0,998,0,0,0,12,12,6,2,8,0,0,0,1,54,25311,6,1,0,0,3,0,59,145,0,0,0,0,0,0,0,0,0,0,0,0,0,0,3,2,40,1,1,2,1,0,0,1,80,1,1,1,13,0,0
54,540175,1,1,1,27,7,16,29,1,0,1,0,54,2,2,404,2404,14,2006,1J4HR58296C3,1,J,4,H,R,5,8,2,9,6,C,3,0,T,JEEP,LMT,4W,6,17,,1,0,1095,GCK,G,,,8,348,,,,,4697,00,E,44,0,0,000000000,00000000000,0,0,0,1,0,0,0,0,0,0,0,998,0,1,1,0,98,6,2,1,0,0,0,1,54,26678,6,1,0,0,3,0,65,120,0,0,0,0,2,12,2009,12,2009,0,58,0,0,0,2,2,55,1,1,2,1,0,0,1,12,7,1,6,98,1,0
54,540176,1,1,1,30,7,22,0,5,0,1,0,0,0,53,733,53733,90,2009,JSAAK4AA5921,J,S,A,A,K,4,A,A,5,9,2,1,0,M,SUZI,LTZ,AT,9,17,,,,,,,398,,1,,4,425,,,,,,,0,0,000000000,00000000000,0,0,0,1,0,0,0,0,0,0,0,998,0,0,0,0,0,0,1,5,0,0,0,1,37,28645,0,0,0,0,0,0,999,999,99,99,99,99,99,99,9999,99,9999,0,0,0,0,0,1,2,35,2,6,2,1,0,0,14,98,1,1,1,0,1,0
54,540177,1,1,1,31,7,19,20,8,0,1,1,54,2,37,706,37706,80,2010,JH2SC6108AK0,J,H,2,S,C,6,1,0,8,A,K,0,0,M,HOND,XCX,RS,10,17,,,,,,,1312,,2,,4,663,,,,,,,0,0,000000000,00000000000,0,0,0,1,0,0,0,0,0,0,0,998,0,0,0,1,10,4,1,8,0,0,0,1,54,26525,1,1,0,0,2,0,69,160,0,2,0,0,1,9,2008,8,2010,0,92,0,0,0,1,2,55,1,1,2,1,0,0,1,13,1,1,4,13,0,0
54,540178,1,1,4,30,7,1,45,31,0,1,0,54,3,12,481,12481,31,2011,1FT7W2B64BEC,1,F,T,7,W,2,B,6,4,B,E,C,0,T,FORD,F2S,CW,11,17,,2,1724,1562,SRW,F,,,8,378,,,,C,6560,01,7,44,0,0,000000000,00000000000,0,0,0,1,0,0,0,0,0,0,0,998,0,0,0,98,61,6,2,57,0,0,0,1,54,26301,6,1,6,0,3,0,72,180,0,3,0,1,0,1,2009,7,2009,0,87,0,0,0,3,2,70,1,1,2,2,40,8,1,12,1,1,4,6,1,0
54,540179,1,2,1,4,7,16,43,12,6,1,0,54,1,20,16,20016,4,2001,1G1JF12T9173,1,G,1,J,F,1,2,T,9,1,7,3,0,P,CHEV,CZ2,CP,1,17,2749,,0,1041,,G,,F,4,146,,,16R205,,,,,,0,0,000000000,00000000000,0,0,0,1,0,0,0,0,0,0,0,998,0,0,0,81,81,6,2,12,0,0,0,1,54,26241,6,1,6,0,3,0,66,130,0,0,0,0,1,9,2008,9,2008,1,28,0,0,0,2,2,70,1,1,2,1,0,0,1,10,1,1,2,64,1,0
54,540179,2,2,1,4,7,16,43,12,6,1,0,40,1,85,881,85881,66,2000,1FUPCSZB8YLF,1,F,U,P,C,S,Z,B,8,Y,L,F,1,T,FRHT,FLD,TR,0,17,,8,0,0,CON,D,,,6,774,,,,,00000,00,,64,1,57,882319,57882319,3,6,97,1,0,0,0,0,0,0,0,998,0,0,0,12,12,6,2,12,0,0,0,1,40,74010,6,1,6,0,2,1,68,250,0,0,0,0,0,0,0,0,0,0,0,0,0,0,2,2,70,1,1,2,1,0,0,1,62,2,1,1,65,0,0
54,540180,1,2,1,9,7,14,7,12,2,1,0,54,1,7,472,7472,30,1989,1B7GL26X7KS1,1,B,7,G,L,2,6,X,7,K,S,1,0,T,DODG,DAK,PK,89,17,,1,1239,1119,DAK,G,,,6,238,,,,B,2833,01,A,42,0,0,000000000,00000000000,0,0,0,1,0,0,0,0,0,0,0,998,0,0,0,12,12,6,2,12,0,0,0,1,54,26205,6,1,0,0,3,0,72,175,1,1,1,1,1,6,2010,7,2011,0,28,0,0,0,1,2,55,1,1,2,1,0,0,1,10,1,1,2,50,1,0
54,540180,2,2,2,9,7,14,7,12,2,1,0,54,1,20,481,20481,31,1995,2GCEK19K5S12,2,G,C,E,K,1,9,K,5,S,1,2,0,T,CHEV,GK1,PC,95,17,,2,1555,1415,GM4,G,,,8,350,,,,B,4514,00,,44,0,0,000000000,00000000000,0,0,0,1,0,0,0,0,0,0,0,998,0,0,0,12,12,6,2,12,0,0,0,1,54,25177,6,1,0,0,3,0,67,175,0,0,0,0,0,0,0,0,0,0,0,0,0,0,1,2,55,1,1,2,1,0,0,1,62,1,1,1,51,0,0
54,540181,1,2,1,12,7,5,0,12,6,1,0,54,3,84,881,84881,66,1996,1HTGD0009TH2,1,H,T,G,D,0,0,0,9,T,H,2,0,T,INTL,G04,GL,96,17,,8,0,0,20S,,,,,,,,,,00000,00,,,0,57,435800,57435800,3,5,96,1,0,0,0,0,0,0,0,998,7,0,0,12,12,6,2,12,0,0,0,1,54,26452,6,1,6,1,3,0,76,300,0,0,0,0,0,0,0,0,0,0,0,0,0,0,2,2,65,1,5,1,1,0,0,1,67,3,1,1,83,0,0
54,540181,2,2,1,12,7,5,0,12,6,1,0,54,1,55,398,55398,4,2002,KMHFU45E32A2,K,M,H,F,U,4,5,E,3,2,A,2,0,P,HYUN,XG5,4D,2,17,3651,,0,1083,,G,,F,6,213,,,16R205,,,,,,0,0,000000000,00000000000,0,0,0,1,0,0,0,0,0,0,0,998,0,0,0,9,9,6,2,12,0,0,0,1,54,26378,6,1,0,0,3,0,74,185,0,0,0,0,0,0,0,0,0,0,38,39,0,0,2,2,65,1,1,1,1,20,3,11,15,1,1,2,82,1,0
54,540182,1,3,1,13,7,9,58,12,6,1,0,39,4,12,23,12023,4,2009,3FAHP01159R1,3,F,A,H,P,0,1,1,5,9,R,1,0,P,FORD,FAE,4D,9,17,3325,,0,1074,,G,,F,6,183,,,16R205,,,,,,0,0,000000000,00000000000,0,0,0,1,0,0,0,0,0,0,0,998,0,0,0,12,12,6,2,12,0,0,0,1,39,45750,6,1,0,0,3,0,67,224,0,0,0,0,0,0,0,0,0,0,0,0,0,0,1,2,45,1,1,2,1,0,0,1,62,1,1,1,98,0,0
54,540182,2,3,1,13,7,9,58,12,6,1,0,54,1,49,40,49040,4,2001,4T1BF22K51U1,4,T,1,B,F,2,2,K,5,1,U,1,0,P,TOYT,XLL,4D,1,17,3175,,0,1051,,G,,F,6,183,,,15R205,,,,,,0,0,000000000,00000000000,0,0,0,1,0,0,0,0,0,0,0,998,0,0,0,12,12,6,2,12,0,0,0,1,54,26105,6,1,0,0,3,1,63,125,0,0,0,0,0,0,0,0,0,0,28,0,0,0,1,2,45,1,1,2,1,0,0,1,10,1,1,2,64,1,0
54,540182,3,3,1,13,7,9,58,12,6,1,0,39,2,49,403,49403,14,2006,JTEGD21A8601,J,T,E,G,D,2,1,A,8,6,0,1,0,P,TOYT,HIG,UT,6,17,3516,,0,1069,,G,,F,4,144,,,16R225,,,,,,0,0,000000000,00000000000,0,0,0,1,0,0,0,0,0,0,0,998,0,0,0,7,7,2,1,12,0,0,0,1,39,45750,6,1,0,0,3,0,67,224,0,0,0,0,0,0,0,0,0,0,0,0,0,0,1,2,45,1,1,2,1,0,0,1,62,7,1,1,65,0,0
54,540183,1,1,1,23,7,17,37,24,0,1,1,51,4,7,472,7472,30,2011,1D7RW3GK5BS6,1,D,7,R,W,3,G,K,5,B,S,6,0,T,DODG,DSL,CW,11,17,,2,0,1313,DAK,G,,,6,225,,,,,4569,00,7,44,0,0,000000000,00000000000,0,0,0,1,0,0,0,0,0,0,0,998,0,0,0,12,12,4,1,8,0,0,0,1,54,25438,2,1,1,0,2,0,74,220,3,9,1,1,2,1,2009,6,2011,1,36,0,0,0,1,2,45,1,1,2,1,0,0,1,13,1,1,4,1,0,0
54,540184,1,2,2,31,7,16,37,12,6,1,0,54,2,20,498,20498,31,1981,2GCEK14D7B11,2,G,C,E,K,1,4,D,7,B,1,1,0,T,CHEV,K10,PK,81,17,,2,1315,1175,K10,G,,,6,250,,,,B,3857,01,,44,0,0,000000000,00000000000,0,0,0,1,0,0,0,0,0,0,0,998,0,0,0,98,98,6,2,12,0,0,0,1,54,25901,6,1,0,0,3,1,68,295,1,0,0,0,0,5,2011,5,2011,0,36,0,0,0,2,2,55,3,1,2,1,0,0,14,13,1,1,2,88,1,0
54,540184,4,2,1,31,7,16,37,12,6,1,0,54,1,55,401,55401,14,2004,KM8SC73D94U6,K,M,8,S,C,7,3,D,9,4,U,6,0,P,HYUN,SAN,UT,4,17,3720,,0,1031,,G,,F,6,162,,,16R225,,,,,,0,0,000000000,00000000000,0,0,0,1,0,0,0,0,0,0,0,0,0,0,0,11,12,4,3,12,0,0,0,1,54,25855,6,1,0,0,3,1,67,210,0,0,0,0,0,0,0,0,0,0,0,0,0,0,1,2,55,1,1,2,1,20,3,5,68,1,1,1,89,0,0
54,540185,1,1,2,18,6,18,40,35,0,1,0,42,2,20,32,20032,4,2001,1Y1SK52841Z4,1,Y,1,S,K,5,2,8,4,1,Z,4,0,P,CHEV,P/L,4D,1,17,2403,,0,971,,G,,F,4,110,,,14R175,,,,,,0,0,000000000,00000000000,0,0,0,1,0,0,0,0,0,0,0,998,0,1,5,12,83,6,2,1,0,0,0,1,42,15478,6,1,0,0,3,0,61,999,0,1,0,0,1,12,2008,12,2009,1,36,0,0,0,1,2,55,3,1,2,1,0,0,14,13,1,1,4,6,1,1
54,540186,1,3,1,27,7,17,33,12,8,1,0,54,1,20,471,20471,30,2004,1GCDT13X94K1,1,G,C,D,T,1,3,X,9,4,K,1,0,T,CHEV,S14,CW,4,17,,1,0,1229,S,G,,,6,262,,,,B,4083,00,,44,0,0,000000000,00000000000,0,0,0,1,0,0,0,0,0,0,0,998,0,0,0,11,12,6,2,12,0,0,0,1,54,25181,6,1,0,0,3,1,67,160,0,0,0,0,0,0,0,0,0,1,28,0,0,0,1,2,55,2,1,2,1,0,0,14,10,1,1,2,64,1,0
54,540186,2,3,3,27,7,17,33,12,8,1,0,54,3,12,461,12461,21,2006,1FDWE35PX6HB,1,F,D,W,E,3,5,P,X,6,H,B,0,T,FORD,3DC,YY,6,17,,3,1760,1380,CTV,D,,,8,366,,,,,00000,00,K,42,0,0,000000000,00000000000,0,0,0,1,0,0,0,0,0,0,0,998,0,0,0,9,9,6,2,12,0,0,0,1,54,25501,6,1,0,0,3,1,66,230,0,0,0,0,0,0,0,0,0,0,0,0,0,0,1,2,55,3,1,2,1,0,0,14,62,7,1,1,65,0,0