STATE,ST_CASE,VEH_NO,VE_FORMS,NUMOCCS,DAY,MONTH,HOUR,MINUTE,HARM_EV,MAN_COLL,UNITTYPE,HIT_RUN,REG_STAT,OWNER,MAKE,MODEL,MAK_MOD,BODY_TYP,MOD_YEAR,VIN,VIN_1,VIN_2,VIN_3,VIN_4,VIN_5,VIN_6,VIN_7,VIN_8,VIN_9,VIN_10,VIN_11,VIN_12,TOW_VEH,VINTYPE,VINMAKE,VINA_MOD,VIN_BT,VINMODYR,VIN_LNGT,VIN_WGT,WGTCD_TR,WHLBS_LG,WHLBS_SH,SER_TR,FUELCODE,MCYCL_DS,CARBUR,CYLINDER,DISPLACE,MCYCL_CY,MCYCL_WT,TIRE_SZE,TON_RAT,TRK_WT,TRKWTVAR,VIN_REST,WHLDRWHL,J_KNIFE,MCARR_I1,MCARR_I2,MCARR_ID,GVWR,V_CONFIG,CARGO_BT,HAZ_INV,HAZ_PLAC,HAZ_ID,HAZ_CNO,HAZ_REL,BUS_USE,SPEC_USE,EMER_USE,TRAV_SP,UNDERIDE,ROLLOVER,ROLINLOC,IMPACT1,IMPACT2,DEFORMED,TOWED,M_HARM,VEH_SC1,VEH_SC2,FIRE_EXP,DR_PRES,L_STATE,DR_ZIP,L_STATUS,L_TYPE,CDL_STAT,L_ENDORS,L_COMPL,L_RESTRI,DR_HGT,DR_WGT,PREV_ACC,PREV_SUS,PREV_DWI,PREV_SPD,PREV_OTH,FIRST_MO,FIRST_YR,LAST_MO,LAST_YR,SPEEDREL,DR_SF1,DR_SF2,DR_SF3,DR_SF4,VTRAFWAY,VNUM_LAN,VSPD_LIM,VALIGN,VPROFILE,VPAVETYP,VSURCOND,VTRAFCON,VTCONT_F,P_CRASH1,P_CRASH2,P_CRASH3,PCRASH4,PCRASH5,ACC_TYPE,DEATHS,DR_DRINK
54,540186,3,3,1,27,7,17,33,12,8,1,0,54,1,20,481,20481,31,2002,1GCHK29U72E2,1,G,C,H,K,2,9,U,7,2,E,2,0,T,CHEV,2KH,4C,2,17,,2,1575,1435,SIL,G,,,8,364,,,,C,5630,00,,44,0,0,000000000,00000000000,0,0,0,1,0,0,0,0,0,0,0,998,0,0,0,12,12,6,2,12,0,0,0,1,54,25049,6,1,6,0,3,0,72,220,0,0,0,0,0,0,0,0,0,0,0,0,0,0,1,2,55,3,1,2,1,0,0,14,62,7,1,1,98,0,0
54,540187,1,2,1,1,8,12,45,12,2,1,0,54,2,2,404,2404,14,2000,1J4FF48S6YL2,1,J,4,F,F,4,8,S,6,Y,L,2,0,T,JEEP,SPT,4W,0,17,,1,0,1014,CHK,G,,,6,244,,,,,3247,00,E,44,0,0,000000000,00000000000,0,0,0,1,0,0,0,0,0,0,0,998,0,0,0,12,12,6,2,12,0,0,0,1,54,25286,6,1,0,0,3,0,71,150,1,1,0,0,1,10,2008,10,2009,0,28,0,0,0,1,2,55,2,1,2,1,0,0,14,10,1,1,2,50,1,0
54,540187,2,2,4,1,8,12,45,12,2,1,0,54,3,23,481,23481,31,2009,1GDHK43KX9F1,1,G,D,H,K,4,3,K,X,9,F,1,0,T,GMC,SK2,CW,9,17,,2,1670,1530,SIE,G,,,8,366,,,,C,5960,02,E,44,0,0,000000000,00000000000,0,0,0,1,0,0,0,0,0,0,0,998,0,0,0,12,12,6,2,12,0,0,0,1,54,25267,6,1,0,0,3,0,72,180,0,0,0,0,0,0,0,0,0,0,0,0,0,0,1,2,55,3,1,2,1,0,0,14,62,9,1,2,51,0,0
54,540188,1,1,1,1,8,2,47,30,0,1,0,54,2,19,3,19003,4,1989,1G6DW51Y9K97,1,G,6,D,W,5,1,Y,9,K,9,7,0,P,CADI,BRO,4D,89,17,4076,,0,1215,,G,,4,8,307,,,15R225,,,,,,0,0,000000000,00000000000,0,0,0,1,0,0,0,0,0,0,0,998,0,0,0,12,12,6,2,30,0,0,0,1,54,25306,6,1,0,0,3,0,67,198,0,0,0,0,1,7,2011,7,2011,0,28,0,0,0,4,2,50,1,1,2,1,0,0,1,13,1,1,4,1,1,1
54,540189,1,1,1,1,8,15,54,35,0,1,0,54,1,9,17,9017,5,1994,1P3AP28K6RN1,1,P,3,A,P,2,8,K,6,R,N,1,0,P,PLYM,SUN,4H,94,17,2597,,0,972,,G,,F,4,153,,,14R185,,,,,,0,0,000000000,00000000000,0,0,0,1,0,0,0,0,0,0,0,998,0,1,5,11,13,6,2,35,0,0,0,1,54,26554,1,1,1,0,2,0,68,175,0,1,0,1,0,6,2011,7,2011,0,0,0,0,0,2,2,65,1,5,2,1,0,0,1,12,1,1,4,6,1,0
54,540190,1,1,1,3,8,7,15,35,0,1,0,54,1,20,461,20461,21,1991,2GBEG25Z0M41,2,G,B,E,G,2,5,Z,0,M,4,1,0,T,CHEV,SV2,CG,91,17,,2,1250,1110,S/V,G,,,6,262,,,,C,3278,10,,42,0,0,000000000,00000000000,0,0,0,1,0,0,0,0,0,0,0,998,0,1,6,1,1,6,2,1,0,0,0,1,54,25524,6,1,1,0,2,0,62,110,0,0,0,0,1,3,2010,3,2010,0,0,0,0,0,1,2,55,1,1,2,1,0,0,1,13,1,1,4,1,1,1
54,540191,1,1,2,4,8,16,1,42,0,1,0,54,2,20,22,20022,4,2007,1G1AK55F7771,1,G,1,A,K,5,5,F,7,7,7,1,0,P,CHEV,BLS,4D,7,17,3216,,0,1033,,G,,F,4,134,,,15R195,,,,,,0,0,000000000,00000000000,0,0,0,1,0,0,0,0,0,0,0,998,0,0,0,1,2,6,2,42,0,0,0,1,54,25239,6,1,0,0,3,0,65,157,0,0,0,0,0,0,0,0,0,1,0,0,0,0,1,2,55,3,1,2,1,0,0,14,13,1,1,4,1,1,0
54,540192,1,1,1,5,8,22,12,30,0,1,0,54,2,20,401,20401,14,1994,1GNDT13W7R21,1,G,N,D,T,1,3,W,7,R,2,1,0,P,CHEV,S10,UT,94,17,3811,,0,1070,,G,,F,6,262,,,000000,,,,,,0,0,000000000,00000000000,0,0,0,1,0,0,0,0,0,0,0,998,0,0,0,12,12,6,2,30,0,0,0,1,54,25427,2,1,0,0,2,0,72,150,1,0,0,0,1,9,2010,12,2010,1,36,37,0,0,5,3,35,1,1,2,1,0,0,8,6,1,1,4,1,1,1
54,540193,1,1,1,5,8,19,0,52,0,1,0,54,1,20,471,20471,30,1983,1GCCS14B2D11,1,G,C,C,S,1,4,B,2,D,1,1,0,T,CHEV,S14,PK,83,17,,1,1229,1083,S,G,,,6,173,,,,B,2382,02,,42,0,0,000000000,00000000000,0,0,0,1,0,0,0,0,0,0,0,998,0,0,0,11,12,6,2,42,0,0,0,1,54,25140,2,1,1,0,2,0,71,248,0,1,0,0,0,2,2009,2,2009,0,33,0,0,0,1,2,35,3,5,2,1,0,0,14,12,1,1,4,6,1,1
54,540194,1,1,5,2,6,22,29,35,0,1,0,54,2,20,20,20020,4,1990,2G1WN54TXL91,2,G,1,W,N,5,4,T,X,L,9,1,0,P,CHEV,EUR,4D,90,17,3042,,0,1075,,G,,F,6,191,,,15R195,,,,,,0,0,000000000,00000000000,0,0,0,1,0,0,0,0,0,0,0,998,0,0,0,12,12,6,2,35,0,0,0,1,54,26354,6,1,0,0,3,1,68,135,0,0,0,0,0,0,0,0,0,1,28,92,0,0,1,2,55,2,5,4,1,0,0,14,6,3,1,4,6,1,0
54,540195,1,1,1,10,7,99,99,8,0,1,1,99,9,99,999,99999,99,9999,999999999999,9,9,9,9,9,9,9,9,9,9,9,9,9,,,,,,,,,,,,,,,,,,,,,,,,,0,99,999999999,99999999999,9,99,99,1,0,0,0,0,99,99,9,999,9,0,0,99,99,9,9,8,99,99,0,1,99,99999,9,9,99,9,9,9,999,999,99,99,99,99,99,99,9999,99,9999,9,99,99,99,99,2,2,55,1,1,2,1,0,0,99,99,99,9,9,13,0,0
54,540196,1,2,1,7,8,20,47,12,2,1,0,0,0,37,733,37733,90,9999,999999999999,9,9,9,9,9,9,9,9,9,9,9,9,0,,,,,,,,,,,,,,,,,,,,,,,,,0,0,000000000,00000000000,0,0,0,1,0,0,0,0,0,0,0,998,0,0,0,12,12,6,2,12,0,0,0,1,54,25688,2,1,1,0,1,0,68,130,0,0,0,0,0,0,0,0,0,0,28,36,8,0,1,2,55,3,1,2,2,0,0,14,10,1,1,2,50,1,1
54,540196,2,2,2,7,8,20,47,12,2,1,0,54,2,20,481,20481,31,1997,2GCEK19RXV12,2,G,C,E,K,1,9,R,X,V,1,2,0,T,CHEV,GK1,PC,97,17,,2,1555,1415,GM4,G,,,8,350,,,,B,4544,00,,44,0,0,000000000,00000000000,0,0,0,1,0,0,0,0,0,0,0,998,0,0,0,12,12,6,2,12,0,0,0,1,54,25696,6,1,0,0,3,0,68,131,0,0,0,0,0,0,0,0,0,0,0,0,0,0,1,2,55,1,1,2,2,0,0,1,62,3,1,1,51,0,0
54,540197,1,2,1,8,8,16,44,24,0,1,0,54,1,72,706,72706,80,2003,1HD4CAM103K4,1,H,D,4,C,A,M,1,0,3,K,4,0,M,HD,X88,RS,3,17,,,,,,,883,,2,,4,486,,,,,,,0,0,000000000,00000000000,0,0,0,1,0,0,0,0,0,0,0,998,0,0,0,12,12,6,2,12,0,0,0,1,54,25508,6,1,6,0,2,1,71,160,3,0,0,1,0,8,2008,5,2011,0,0,0,0,0,1,2,45,1,6,2,1,0,0,1,62,3,1,1,98,1,0
54,540197,2,2,2,8,8,16,44,24,0,1,0,54,1,7,20,7020,4,1999,3P3ES42Y2XT5,3,P,3,E,S,4,2,Y,2,X,T,5,0,P,PLYM,NHE,CP,99,17,2379,,0,1040,,G,,F,4,122,,,14R175,,,,,,0,0,000000000,00000000000,0,0,0,1,0,0,0,0,0,0,0,998,0,0,0,12,81,6,2,12,0,0,0,1,54,25508,6,1,0,0,3,0,73,145,0,0,0,0,0,0,0,0,0,1,28,36,92,0,1,2,45,1,5,2,1,0,0,1,10,8,1,4,6,0,0
54,540198,1,2,1,8,8,11,18,12,8,1,0,54,3,12,881,12881,63,1994,1FDZY90X0RVA,1,F,D,Z,Y,9,0,X,0,R,V,A,0,T,FORD,S9M,CC,94,17,,8,2390,1430,COL,D,,,6,893,,,,,00000,00,,64,0,57,2115207,572115207,3,2,1,1,0,0,0,0,0,0,0,998,0,0,0,62,98,6,2,12,0,0,0,1,39,43953,6,1,6,0,3,0,72,190,0,0,0,0,0,0,0,0,0,0,28,0,0,0,2,2,25,3,6,2,1,0,0,14,12,6,1,2,64,1,0
54,540198,2,2,1,8,8,11,18,12,8,1,0,54,1,12,3,12003,2,2006,1ZVFT84N2652,1,Z,V,F,T,8,4,N,2,6,5,2,0,P,FORD,MUS,CV,6,17,3477,,0,1071,,G,,F,6,244,,,16R215,,,,,,0,0,000000000,00000000000,0,0,0,1,0,0,0,0,0,0,0,998,0,0,0,7,7,2,1,12,0,0,0,1,54,26041,6,1,0,0,3,0,62,125,0,0,0,0,0,0,0,0,0,0,0,0,0,0,2,2,25,2,5,2,1,0,0,14,62,1,1,1,65,0,0
54,540199,1,1,2,9,8,0,42,1,0,1,0,54,1,20,19,20019,4,1996,1G1LD5544TY2,1,G,1,L,D,5,5,4,4,T,Y,2,0,P,CHEV,CSA,4D,96,17,2745,,0,1034,,G,,F,4,133,,,14R195,,,,,,0,0,000000000,00000000000,0,0,0,1,0,0,0,0,0,0,0,998,0,1,1,0,98,6,2,35,0,0,0,1,54,25868,6,1,0,0,3,0,68,170,0,0,0,0,0,0,0,0,0,0,0,0,0,0,2,2,55,1,1,2,1,0,0,1,12,3,1,2,98,2,0
54,540200,1,1,1,10,8,16,15,42,0,1,0,54,1,7,482,7482,32,2006,1D7KS28C66J2,1,D,7,K,S,2,8,C,6,6,J,2,0,T,DODG,SQ2,CW,6,17,,2,1605,1405,RPC,D,,,6,359,,,,C,6218,01,E,44,0,0,000000000,00000000000,0,0,0,1,0,0,0,0,0,0,0,998,0,0,0,1,1,6,2,42,0,0,0,1,54,26452,6,1,0,0,3,0,67,240,0,0,0,0,0,0,0,0,0,1,58,0,0,0,1,2,55,3,1,2,1,0,0,14,6,7,1,4,1,1,0
54,540201,1,1,2,14,8,14,45,35,0,1,0,54,1,12,481,12481,31,1997,1FTDF1824VND,1,F,T,D,F,1,8,2,4,V,N,D,0,T,FORD,F15,PK,97,17,,1,1390,1200,COF,G,,,6,256,,,,B,4235,02,E,44,0,0,000000000,00000000000,0,0,0,1,0,0,0,0,0,0,0,998,0,1,5,11,13,6,2,35,0,0,0,1,54,24970,6,2,0,0,3,0,73,155,0,0,0,0,0,0,0,0,0,0,0,0,0,0,1,2,55,3,1,2,1,0,0,14,13,1,1,4,1,1,0
54,540202,1,1,2,14,8,1,37,35,0,1,0,54,1,7,472,7472,30,1999,1B7GG22Y0XS1,1,B,7,G,G,2,2,Y,0,X,S,1,0,T,DODG,DAK,PC,99,17,,1,0,1309,DAK,G,,,8,318,,,,,3949,00,U,44,0,0,000000000,00000000000,0,0,0,1,0,0,0,0,0,0,0,998,0,1,5,12,3,6,2,1,0,0,0,1,54,25275,6,1,1,0,2,1,72,175,0,0,0,1,0,7,2010,7,2010,0,0,0,0,0,1,2,55,3,5,2,1,0,0,14,13,1,1,4,1,1,1
54,540203,1,4,1,16,8,21,35,12,2,1,0,54,2,37,31,37031,3,1992,2HGEH2359NH5,2,H,G,E,H,2,3,5,9,N,H,5,0,P,HOND,UCD,2H,92,17,2178,,0,1013,,G,,F,4,091,,,13R175,,,,,,0,0,000000000,00000000000,0,0,0,1,0,0,0,0,0,0,0,998,0,0,0,12,12,6,2,12,0,0,0,1,54,25404,0,0,0,0,0,0,999,999,99,99,99,99,99,99,9999,99,9999,0,28,35,36,33,2,2,60,1,1,1,1,0,0,1,10,1,1,2,50,1,1
54,540203,2,4,2,16,8,21,35,12,2,1,0,36,2,54,36,54036,4,1998,JH4KA9656WC0,J,H,4,K,A,9,6,5,6,W,C,0,0,P,ACUR,35R,4D,98,17,3673,,0,1146,,G,,F,6,212,,,16R215,,,,,,0,0,000000000,00000000000,0,0,0,1,0,0,0,0,0,0,0,998,0,0,0,12,12,6,2,12,0,0,0,1,54,25425,6,1,0,0,3,0,74,190,0,0,0,1,0,12,2010,12,2010,0,0,0,0,0,2,2,60,1,1,1,1,0,0,1,62,2,1,1,98,0,0
54,540203,3,4,4,16,8,21,35,12,2,1,0,54,2,20,401,20401,14,1988,1GNCT18R4J01,1,G,N,C,T,1,8,R,4,J,0,1,0,P,CHEV,S10,UT,88,17,3217,,0,1005,,G,,F,6,173,,,000000,,,,,,0,0,000000000,00000000000,0,0,0,1,0,0,0,0,0,0,0,998,0,0,0,12,12,6,2,12,0,0,0,1,54,25425,6,1,0,0,3,1,64,122,0,0,0,2,1,10,2008,5,2010,0,0,0,0,0,2,2,60,1,1,1,1,0,0,1,62,1,1,1,51,1,0
54,540203,4,4,4,16,8,21,35,12,2,1,0,54,1,20,481,20481,31,2004,1GCHK23U64F1,1,G,C,H,K,2,3,U,6,4,F,1,0,T,CHEV,2KH,CW,4,17,,2,1670,1530,SIL,G,,,8,364,,,,C,6056,03,,44,0,0,000000000,00000000000,0,0,0,1,0,0,0,0,0,0,0,998,0,0,0,61,61,2,1,54,0,0,0,1,54,25414,6,1,0,0,3,0,69,170,0,0,0,0,0,0,0,0,0,0,0,0,0,0,2,2,60,1,1,1,1,0,0,1,51,1,1,1,98,0,0
54,540204,1,2,1,10,1,13,34,39,0,1,0,54,1,12,471,12471,30,1998,1FTZR15X7WTA,1,F,T,Z,R,1,5,X,7,W,T,A,0,T,FORD,RNS,PC,98,17,,1,0,1259,RNG,G,,,6,245,,,,B,3597,00,E,44,0,0,000000000,00000000000,0,0,0,1,0,0,0,0,0,0,0,998,0,0,0,1,12,6,2,12,0,0,0,1,54,26619,6,1,0,0,3,0,64,155,0,0,0,0,0,0,0,0,0,0,28,0,0,0,1,2,35,1,1,2,1,0,0,1,13,1,1,4,1,1,0
54,540204,2,2,1,10,1,13,34,39,0,1,0,51,3,20,471,20471,30,1999,1GCCS1443X82,1,G,C,C,S,1,4,4,3,X,8,2,0,T,CHEV,S14,PK,99,17,,1,1179,1083,S,G,,,4,133,,,,B,3015,01,,42,0,0,000000000,00000000000,0,0,0,1,0,0,0,0,0,0,0,998,0,0,0,10,10,6,2,12,0,0,0,1,54,26378,6,1,6,0,3,0,75,205,0,0,0,0,0,0,0,0,0,0,0,0,0,0,1,2,35,1,1,2,1,0,0,1,62,7,1,1,98,0,0
54,540205,1,1,3,1,8,21,27,5,0,1,0,39,2,12,471,12471,30,1986,1FTCR15T5GPA,1,F,T,C,R,1,5,T,5,G,P,A,0,T,FORD,RNS,PC,86,17,,1,0,1250,RNG,G,,,6,177,,,,B,00000,00,A,44,0,0,000000000,00000000000,0,0,0,1,0,0,0,0,0,0,0,998,0,0,0,0,0,0,1,5,0,0,0,1,99,99999,9,9,99,9,9,9,999,999,99,99,99,99,99,99,9999,99,9999,9,99,99,99,99,1,2,45,1,1,2,1,0,0,1,98,1,1,1,0,1,0
54,540206,1,1,1,13,8,3,25,1,0,1,0,54,1,7,482,7482,31,2001,3B7HF13Z21G7,3,B,7,H,F,1,3,Z,2,1,G,7,0,T,DODG,Q15,4C,1,17,,2,1547,1387,RPC,G,,,8,360,,,,B,5008,01,U,44,0,0,000000000,00000000000,0,0,0,1,0,0,0,0,0,0,0,998,0,1,2,0,13,6,2,1,0,0,0,1,54,24874,6,1,0,0,3,0,71,192,0,0,0,0,0,0,0,0,0,0,0,0,0,0,1,2,45,3,1,2,1,0,0,14,13,1,1,4,98,1,1
54,540207,1,1,1,17,8,17,35,1,0,1,0,54,1,37,703,37703,80,2005,1HFSC52345A2,1,H,F,S,C,5,2,3,4,5,A,2,0,M,HOND,X13,RS,5,17,,,,,,,1312,,2,,4,669,,,,,,,0,0,000000000,00000000000,0,0,0,1,0,0,0,0,0,0,0,998,0,0,0,0,10,4,3,1,0,0,0,1,54,24851,6,1,0,0,3,0,71,130,0,0,0,0,0,0,0,0,0,1,28,27,0,0,1,2,55,3,1,2,1,0,0,14,6,1,1,2,98,1,0
54,540208,1,1,1,22,8,19,27,35,0,1,0,54,1,7,472,7472,30,2003,1D7GG36N23S1,1,D,7,G,G,3,6,N,2,3,S,1,0,T,DODG,SPT,PK,3,17,,1,0,1119,DAK,G,,,8,287,,,,B,3930,00,E,44,0,0,000000000,00000000000,0,0,0,1,0,0,0,0,0,0,0,998,0,1,2,81,81,6,2,1,0,0,0,1,54,25979,6,1,0,0,3,1,70,190,0,0,0,0,0,0,0,0,0,0,0,0,0,0,1,2,55,3,1,2,1,0,0,14,13,1,1,4,1,1,0
54,540209,1,2,1,24,8,18,10,12,6,1,0,54,1,2,404,2404,14,2005,1J4GR48K75C7,1,J,4,G,R,4,8,K,7,5,C,7,0,T,JEEP,LCF,4W,5,17,,1,0,1095,GCK,G,,,6,226,,,,,4335,00,E,44,0,0,000000000,00000000000,0,0,0,1,0,0,0,0,0,0,0,998,0,0,0,1,12,4,1,12,0,0,0,1,54,26301,6,1,0,0,3,0,61,165,0,0,0,0,0,0,0,0,0,0,28,38,0,0,1,2,45,1,1,2,1,0,0,11,10,1,1,2,68,0,0
54,540209,2,2,1,24,8,18,10,12,6,1,0,54,1,72,706,72706,80,2005,1HD1BNY175Y0,1,H,D,1,B,N,Y,1,7,5,Y,0,0,M,HD,FLN,RS,5,17,,,,,,,1450,,2,,4,682,,,,,,,0,0,000000000,00000000000,0,0,0,1,0,0,0,0,0,0,0,998,0,0,0,12,12,6,2,12,0,0,0,1,54,26301,6,1,0,0,3,1,71,289,0,0,0,0,1,1,2009,1,2009,0,0,0,0,0,1,2,45,1,1,2,1,0,0,1,62,3,1,1,69,1,0
54,540210,1,2,1,25,8,14,0,12,6,1,0,54,1,37,31,37031,3,2000,2HGEJ6446YH1,2,H,G,E,J,6,4,4,6,Y,H,1,0,P,HOND,UCD,2H,0,17,2434,,0,1032,,G,,F,4,097,,,14R185,,,,,,0,0,000000000,00000000000,0,0,0,1,0,0,0,0,0,0,0,998,0,0,0,9,9,6,2,12,0,0,0,1,54,25801,6,1,0,0,3,0,66,140,0,0,0,0,0,0,0,0,0,0,58,0,0,0,3,2,60,1,1,2,2,0,0,6,11,1,1,2,47,1,0
54,540210,2,2,2,25,8,14,0,12,6,1,0,39,3,98,850,98850,65,1995,1F97D5362SN0,1,F,9,7,D,5,3,6,2,S,N,0,0,U,,,,95,17,,,,,,,,,,,,,,,,,,,0,0,000000000,00000000000,0,0,0,1,0,0,0,0,0,0,0,998,0,0,0,12,12,4,1,12,0,0,0,1,39,45744,6,1,0,0,3,1,70,190,0,0,0,2,2,7,2009,10,2010,0,0,0,0,0,3,2,60,1,1,2,2,0,0,1,61,2,1,1,45,0,0
54,540211,1,1,4,26,8,20,5,42,0,1,0,54,2,20,481,20481,31,2009,3GCEK23339G2,3,G,C,E,K,2,3,3,3,9,G,2,0,T,CHEV,2SK,CW,9,17,,2,0,1435,SIL,F,,,8,323,,,,B,5348,00,,44,0,0,000000000,00000000000,0,0,0,1,0,0,0,0,0,0,0,998,0,0,0,11,10,6,2,42,0,0,0,1,54,25802,1,1,0,0,2,0,72,270,2,1,0,0,0,10,2010,3,2011,0,8,36,0,0,1,2,55,3,1,2,1,0,0,14,13,1,1,4,1,1,0
54,540212,1,1,1,27,8,0,45,35,0,1,0,54,1,6,52,6052,6,2003,3C8FY68B43T5,3,C,8,F,Y,6,8,B,4,3,T,5,0,P,CHRY,PTC,SV,3,17,3121,,0,1030,,G,,F,4,148,,,16R205,,,,,,0,0,000000000,00000000000,0,0,0,1,0,0,0,0,0,0,0,55,0,1,6,1,11,6,2,1,0,0,0,1,54,26160,6,1,0,0,3,0,72,270,0,0,0,0,0,0,0,0,0,0,0,0,0,0,1,2,55,1,6,2,1,0,0,1,13,1,1,4,1,1,1
54,540213,1,2,2,30,8,23,35,12,6,1,0,54,2,20,16,20016,2,2000,1G1JC1247Y72,1,G,1,J,C,1,2,4,7,Y,7,2,0,P,CHEV,CAV,CP,0,17,2617,,0,1041,,G,,F,4,133,,,14R195,,,,,,0,0,000000000,00000000000,0,0,0,1,0,0,0,0,0,0,0,998,0,0,0,9,9,6,2,12,0,0,0,1,54,25071,0,0,0,0,0,0,76,162,99,99,99,99,99,99,9999,99,9999,0,92,0,0,0,1,2,45,1,5,2,1,20,3,11,15,1,1,2,82,1,0
54,540213,2,2,1,30,8,23,35,12,6,1,0,54,1,7,482,7482,31,1997,3B7HF13Y1VG7,3,B,7,H,F,1,3,Y,1,V,G,7,0,T,DODG,150,PC,97,17,,2,1547,1387,RPC,G,,,8,318,,,,B,4764,01,M,44,0,0,000000000,00000000000,0,0,0,1,0,0,0,0,0,0,0,998,0,0,0,11,11,6,2,12,0,0,0,1,54,25088,6,1,0,0,3,0,65,132,0,0,0,0,0,0,0,0,0,0,0,0,0,0,3,2,45,1,1,2,1,0,0,1,67,7,1,1,83,0,0
54,540214,1,1,1,1,9,20,14,35,0,1,0,0,0,76,733,76733,90,1989,000000000000,0,0,0,0,0,0,0,0,0,0,0,0,0,,,,,,,,,,,,,,,,,,,,,,,,,0,0,000000000,00000000000,0,0,0,1,0,0,0,0,0,0,0,998,0,1,5,98,12,4,4,1,0,0,0,1,54,24808,3,1,0,0,1,0,71,210,0,0,0,0,1,5,2011,5,2011,1,0,0,0,0,1,2,55,3,6,2,1,0,0,14,6,1,1,4,1,1,1
54,540215,1,2,1,1,9,21,13,12,2,1,0,54,2,49,40,49040,4,1996,4T1BG12K9TU9,4,T,1,B,G,1,2,K,9,T,U,9,0,P,TOYT,DLX,4D,96,17,2932,,0,1031,,G,,F,4,132,,,14R195,,,,,,0,0,000000000,00000000000,0,0,0,1,0,0,0,0,0,0,0,998,0,0,0,12,12,6,2,12,0,0,0,1,54,25510,6,2,0,0,3,1,65,123,1,0,0,0,0,10,2009,10,2009,0,28,0,0,0,1,2,55,1,1,2,1,0,0,1,10,1,1,2,50,1,0
54,540215,2,2,1,1,9,21,13,12,2,1,0,54,2,20,481,20481,31,2007,1GCEC19JX7E5,1,G,C,E,C,1,9,J,X,7,E,5,0,T,CHEV,SC1,4C,7,17,,2,1575,1339,SIL,G,,,8,323,,,,B,4743,05,,42,0,0,000000000,00000000000,0,0,0,1,0,0,0,0,0,0,0,998,0,0,0,12,12,6,2,12,0,0,0,1,54,25213,6,1,0,0,3,0,67,150,0,0,0,0,0,0,0,0,0,0,0,0,0,0,1,2,55,1,1,2,1,0,0,1,62,1,1,1,51,0,0
54,540216,1,2,2,2,9,13,4,12,2,1,0,54,1,23,481,23481,31,2008,1GTEK190X8Z1,1,G,T,E,K,1,9,0,X,8,Z,1,0,T,GMC,SK1,4C,8,17,,2,1575,1339,SIE,F,,,8,323,,,,B,5226,02,4,44,0,0,000000000,00000000000,0,0,0,1,0,0,0,0,0,0,0,998,0,0,0,12,12,6,2,12,0,0,0,1,54,25123,6,1,0,0,3,0,69,187,0,0,0,0,0,0,0,0,0,0,0,0,0,0,1,2,55,1,1,2,1,0,0,1,62,2,1,1,51,0,0
54,540216,2,2,1,2,9,13,4,12,2,1,0,54,1,12,471,12471,30,2005,1FTYR14U45PA,1,F,T,Y,R,1,4,U,4,5,P,A,0,T,FORD,RNS,PC,5,17,,1,0,1257,RNG,G,,,6,182,,,,B,3179,00,U,42,0,0,000000000,00000000000,0,0,0,1,0,0,0,0,0,0,0,998,0,0,0,12,12,6,2,12,0,0,0,1,54,25701,6,1,0,0,3,0,69,187,0,0,0,0,0,0,0,0,0,0,28,0,0,0,1,2,55,1,1,2,1,0,0,1,10,1,1,2,50,1,0
54,540217,1,1,1,3,9,15,6,42,0,1,0,0,0,98,734,98734,90,2006,999999999999,9,9,9,9,9,9,9,9,9,9,9,9,0,,,,,,,,,,,,,,,,,,,,,,,,,0,0,000000000,00000000000,0,0,0,1,0,0,0,0,0,0,0,998,0,0,0,98,98,6,2,42,0,0,0,1,54,25601,6,1,6,0,2,0,73,175,0,0,0,0,0,0,0,0,0,0,28,0,0,0,1,2,55,2,6,2,1,0,0,14,12,1,1,4,6,1,1
54,540218,1,1,1,4,9,9,30,1,0,1,0,0,0,76,734,76734,90,2003,JY4AM01Y03C0,J,Y,4,A,M,0,1,Y,0,3,C,0,0,M,YAMA,Y6N,AT,3,17,,,,,,,660,,1,,4,398,,,,,,,0,0,000000000,00000000000,0,0,0,1,0,0,0,0,0,0,0,998,0,1,5,0,12,6,2,1,0,0,0,1,54,26621,6,1,0,0,1,0,70,195,0,0,0,0,0,0,0,0,0,1,0,0,0,0,1,2,55,3,5,2,1,0,0,14,6,3,1,4,1,1,1
54,540219,1,2,2,8,9,17,49,12,1,1,0,54,2,22,22,22022,4,2010,1G2ZA5EK2A41,1,G,2,Z,A,5,E,K,2,A,4,1,0,P,PONT,G/6,4D,10,17,3305,,0,1123,,F,,F,6,214,,,17R215,,,,,,0,0,000000000,00000000000,0,0,0,1,0,0,0,0,0,0,0,998,0,0,0,12,12,6,2,12,0,0,0,1,54,25840,6,2,0,0,3,0,72,170,0,0,0,0,0,0,0,0,0,0,0,0,0,0,2,2,65,1,1,2,1,0,0,1,65,6,1,1,77,0,0
54,540219,2,2,2,8,9,17,49,12,1,1,0,54,2,20,16,20016,2,2001,1G1JC5243173,1,G,1,J,C,5,2,4,3,1,7,3,0,P,CHEV,CAC,4D,1,17,2676,,0,1041,,C,,F,4,133,,,14R195,,,,,,0,0,000000000,00000000000,0,0,0,1,0,0,0,0,0,0,0,998,0,0,0,6,6,6,2,12,0,0,0,1,54,25917,6,1,0,0,3,0,63,175,0,0,0,0,0,0,0,0,0,0,0,0,0,0,2,2,65,1,1,2,1,0,0,11,15,1,1,2,76,1,0