STATE,ST_CASE,VEH_NO,VE_FORMS,NUMOCCS,DAY,MONTH,HOUR,MINUTE,HARM_EV,MAN_COLL,UNITTYPE,HIT_RUN,REG_STAT,OWNER,MAKE,MODEL,MAK_MOD,BODY_TYP,MOD_YEAR,VIN,VIN_1,VIN_2,VIN_3,VIN_4,VIN_5,VIN_6,VIN_7,VIN_8,VIN_9,VIN_10,VIN_11,VIN_12,TOW_VEH,VINTYPE,VINMAKE,VINA_MOD,VIN_BT,VINMODYR,VIN_LNGT,VIN_WGT,WGTCD_TR,WHLBS_LG,WHLBS_SH,SER_TR,FUELCODE,MCYCL_DS,CARBUR,CYLINDER,DISPLACE,MCYCL_CY,MCYCL_WT,TIRE_SZE,TON_RAT,TRK_WT,TRKWTVAR,VIN_REST,WHLDRWHL,J_KNIFE,MCARR_I1,MCARR_I2,MCARR_ID,GVWR,V_CONFIG,CARGO_BT,HAZ_INV,HAZ_PLAC,HAZ_ID,HAZ_CNO,HAZ_REL,BUS_USE,SPEC_USE,EMER_USE,TRAV_SP,UNDERIDE,ROLLOVER,ROLINLOC,IMPACT1,IMPACT2,DEFORMED,TOWED,M_HARM,VEH_SC1,VEH_SC2,FIRE_EXP,DR_PRES,L_STATE,DR_ZIP,L_STATUS,L_TYPE,CDL_STAT,L_ENDORS,L_COMPL,L_RESTRI,DR_HGT,DR_WGT,PREV_ACC,PREV_SUS,PREV_DWI,PREV_SPD,PREV_OTH,FIRST_MO,FIRST_YR,LAST_MO,LAST_YR,SPEEDREL,DR_SF1,DR_SF2,DR_SF3,DR_SF4,VTRAFWAY,VNUM_LAN,VSPD_LIM,VALIGN,VPROFILE,VPAVETYP,VSURCOND,VTRAFCON,VTCONT_F,P_CRASH1,P_CRASH2,P_CRASH3,PCRASH4,PCRASH5,ACC_TYPE,DEATHS,DR_DRINK
54,540286,1,1,2,17,11,7,27,14,0,1,0,54,1,49,33,49033,2,2001,JTDDR32T8100,J,T,D,D,R,3,2,T,8,1,0,0,0,P,TOYT,CGF,2H,1,17,2425,,0,1023,,G,,F,4,109,,,15R195,,,,,,0,0,000000000,00000000000,0,0,0,1,0,0,0,0,0,0,0,998,4,0,0,12,1,6,2,14,0,0,0,1,54,24740,6,1,0,0,3,0,66,155,1,2,0,1,1,4,2009,3,2011,1,28,0,0,0,2,2,65,1,1,2,2,0,0,1,13,1,1,4,11,1,0
54,540287,1,2,1,18,11,21,0,12,2,1,0,92,0,20,471,20471,30,1992,1GCCS14Z0N01,1,G,C,C,S,1,4,Z,0,N,0,1,0,T,CHEV,S14,PK,92,17,,1,1179,1083,S,G,,,6,262,,,,B,2645,01,,42,0,0,000000000,00000000000,0,0,0,1,0,0,0,0,0,0,0,998,0,0,0,12,12,6,2,12,0,0,0,1,54,25705,2,1,1,0,2,1,70,185,0,0,0,0,0,0,0,0,0,0,28,36,92,0,1,2,35,1,1,2,1,0,0,1,10,1,1,2,50,1,1
54,540287,2,2,3,18,11,21,0,12,2,1,0,39,1,49,32,49032,4,2006,1NXBR32E96Z5,1,N,X,B,R,3,2,E,9,6,Z,5,0,P,TOYT,UCS,4D,6,17,2530,,0,1024,,G,,F,4,109,,,15R185,,,,,,0,0,000000000,00000000000,0,0,0,1,0,0,0,0,0,0,0,998,0,0,0,12,12,6,2,12,0,0,0,1,39,45631,6,1,0,0,3,0,70,200,0,0,0,0,0,0,0,0,0,0,0,0,0,0,1,2,35,1,1,2,1,0,0,1,62,1,1,1,51,1,0
54,540288,1,1,1,20,7,19,49,35,0,1,0,54,1,12,471,12471,30,1983,1FTBR10S6DUC,1,F,T,B,R,1,0,S,6,D,U,C,0,T,FORD,RNG,PK,83,17,,1,1140,1080,RNG,G,,,6,170,,,,B,2456,02,,42,0,0,000000000,00000000000,0,0,0,1,0,0,0,0,0,0,0,998,0,0,0,12,12,6,2,35,0,0,0,1,54,26416,6,1,6,0,3,0,68,180,0,0,0,0,0,0,0,0,0,0,58,0,0,0,1,2,55,3,6,2,1,0,0,14,12,6,1,4,6,1,1
54,540289,1,1,1,4,8,14,5,31,0,1,0,54,1,21,2,21002,4,1992,1G3HN53L9NH3,1,G,3,H,N,5,3,L,9,N,H,3,0,P,OLDS,88R,4D,92,17,3342,,0,1108,,G,,F,6,231,,,15R205,,,,,,0,0,000000000,00000000000,0,0,0,1,0,0,0,0,0,0,0,998,0,1,5,98,98,6,2,43,0,0,0,1,54,26576,6,1,0,0,3,0,71,120,0,0,0,0,0,0,0,0,0,0,0,0,0,0,1,2,55,3,6,2,1,0,0,14,13,1,1,4,1,1,0
54,540290,1,2,3,13,10,21,3,8,0,1,0,54,1,12,422,12422,15,2007,1FMFU18557LA,1,F,M,F,U,1,8,5,5,7,L,A,0,P,FORD,EPT,UT,7,17,5803,,0,1190,,G,,F,8,329,,,17R265,,,,,,0,0,000000000,00000000000,0,0,0,1,0,0,0,0,0,0,0,998,0,0,0,11,11,2,1,8,0,0,0,1,54,26847,6,1,0,0,3,0,69,130,0,0,0,0,0,0,0,0,0,0,0,0,0,0,5,2,30,1,1,2,2,0,0,1,80,2,1,1,13,0,0
54,540290,2,2,1,13,10,21,3,8,0,1,0,54,1,23,471,23471,30,1991,1GTDT14Z2M25,1,G,T,D,T,1,4,Z,2,M,2,5,0,T,GMC,SON,PK,91,17,,1,1179,1083,SON,G,,,6,262,,,,B,4500,01,A,44,0,0,000000000,00000000000,0,0,0,1,0,0,0,0,0,0,0,998,0,0,0,98,98,0,1,8,0,0,0,1,54,26704,6,1,0,0,3,0,68,150,0,0,0,0,1,7,2010,7,2010,0,0,0,0,0,5,2,30,1,1,2,2,0,0,1,80,2,1,1,98,0,0
54,540291,1,1,5,8,11,1,52,43,0,1,0,54,1,20,22,20022,2,2005,1G1AK12F8575,1,G,1,A,K,1,2,F,8,5,7,5,0,P,CHEV,CBT,CP,5,17,2991,,0,1033,,G,,F,4,134,,,15R195,,,,,,0,0,000000000,00000000000,0,0,0,1,0,0,0,0,0,0,0,998,0,0,0,12,13,6,2,43,0,0,0,1,54,26167,6,1,0,0,3,0,70,180,0,0,0,0,0,0,0,0,0,1,36,0,0,0,1,2,35,2,5,2,1,0,0,14,6,2,1,4,6,1,1
54,540292,1,1,1,19,11,13,43,53,0,1,0,0,0,76,734,76734,90,2002,000000000000,0,0,0,0,0,0,0,0,0,0,0,0,0,,,,,,,,,,,,,,,,,,,,,,,,,0,0,000000000,00000000000,0,0,0,1,0,0,0,0,0,0,0,998,0,0,0,12,12,6,2,5,0,0,0,1,54,25524,6,1,0,0,1,0,66,200,0,0,0,0,0,0,0,0,0,0,0,0,0,0,1,2,55,3,6,4,11,0,0,14,13,3,1,4,1,1,0
54,540293,1,1,3,19,11,21,0,35,0,1,0,54,1,37,402,37402,14,2004,SHSRD78894U2,S,H,S,R,D,7,8,8,9,4,U,2,0,P,HOND,CRV,UT,4,17,3347,,0,1031,,G,,F,4,146,,,15R205,,,,,,0,0,000000000,00000000000,0,0,0,1,0,0,0,0,0,0,0,998,0,1,6,1,1,6,2,35,0,0,0,1,54,24966,6,1,0,0,3,0,69,198,1,0,0,0,0,6,2009,6,2009,0,0,0,0,0,1,2,55,3,5,2,1,0,0,14,87,9,1,4,1,1,0
54,540294,1,2,1,20,11,9,54,12,2,1,0,51,1,12,481,12481,31,1997,1FTHF26F3VEA,1,F,T,H,F,2,6,F,3,V,E,A,0,T,FORD,F25,PK,97,17,,2,0,1330,COF,D,,,8,444,,,,C,4870,00,A,44,0,0,000000000,00000000000,0,0,0,1,0,0,0,0,0,0,0,998,0,0,0,12,12,6,2,12,0,0,0,1,51,24613,6,1,0,0,3,0,999,999,99,99,99,99,99,99,9999,99,9999,0,28,0,0,0,1,2,55,1,1,2,1,0,0,6,52,6,1,2,50,0,0
54,540294,2,2,2,20,11,9,54,12,2,1,0,54,2,20,481,20481,31,1985,2GCDC14H0F11,2,G,C,D,C,1,4,H,0,F,1,1,0,T,CHEV,C10,PK,85,17,,1,1315,1175,C10,G,,,8,305,,,,B,3319,07,,42,0,0,000000000,00000000000,0,0,0,1,0,0,0,0,0,0,0,998,0,0,0,12,12,6,2,12,0,0,0,1,54,24701,6,1,0,0,3,0,74,220,0,0,0,0,0,0,0,0,0,0,0,0,0,0,1,2,55,1,1,2,1,0,0,1,62,9,1,1,51,1,0
54,540295,1,2,3,20,11,15,51,12,2,1,0,21,1,12,442,12442,20,2003,2FMZA50423BB,2,F,M,Z,A,5,0,4,2,3,B,B,0,T,FORD,WWG,ES,3,17,,1,0,1207,WIN,G,,,6,232,,,,B,3762,00,E,42,0,0,000000000,00000000000,0,0,0,1,0,0,0,0,0,0,0,998,0,0,0,12,12,6,2,12,0,0,0,1,54,25530,6,1,0,0,3,0,66,170,0,0,0,0,0,0,0,0,0,0,0,0,0,0,2,2,55,1,6,2,2,0,0,1,62,1,1,1,51,0,0
54,540295,2,2,4,20,11,15,51,12,2,1,0,54,1,7,20,7020,4,2004,1B3ES56C74D5,1,B,3,E,S,5,6,C,7,4,D,5,0,P,DODG,NXT,4D,4,17,2634,,0,1040,,G,,F,4,122,,,15R185,,,,,,0,0,000000000,00000000000,0,0,0,1,0,0,0,0,0,0,0,998,0,0,0,12,12,6,2,12,0,0,0,1,54,25705,6,1,0,0,3,1,64,220,0,0,0,0,0,0,0,0,0,0,28,0,0,0,1,2,55,1,5,2,2,0,0,1,10,1,1,2,50,1,0
54,540296,1,1,1,21,11,13,55,32,0,1,0,54,3,20,461,20461,21,2009,1GCFG15X9911,1,G,C,F,G,1,5,X,9,9,1,1,0,T,CHEV,E15,CG,9,17,,2,0,1350,EXP,G,,,6,262,,,,B,4894,00,,42,0,0,000000000,00000000000,0,0,0,1,0,0,0,0,0,0,0,998,0,1,5,12,12,6,2,1,0,0,0,1,54,25143,6,1,0,0,3,1,71,200,1,0,0,1,0,6,2009,2,2010,0,0,0,0,0,1,2,55,2,1,2,2,0,0,14,12,1,2,4,7,1,0
54,540297,1,1,2,23,11,13,52,1,0,1,0,54,1,12,481,12481,31,1996,1FTEF14N7TNA,1,F,T,E,F,1,4,N,7,T,N,A,1,T,FORD,F15,PK,96,17,,2,1330,1170,COF,G,,,8,302,,,,B,00000,00,M,44,1,0,000000000,00000000000,0,0,0,1,0,0,0,0,0,0,0,998,0,1,1,0,98,6,2,1,0,0,0,1,54,26554,6,1,0,0,3,1,67,240,0,0,0,0,0,0,0,0,0,0,0,0,0,0,3,2,70,1,6,2,1,0,0,1,98,1,1,1,98,1,1
54,540298,1,1,1,23,11,23,13,8,0,1,0,54,2,12,471,12471,32,2002,1FTZR45E02TA,1,F,T,Z,R,4,5,E,0,2,T,A,0,T,FORD,RNS,4C,2,17,,1,0,1259,RNG,G,,,6,245,,,,B,3760,03,E,44,0,0,000000000,00000000000,0,0,0,1,0,0,0,0,0,0,0,998,0,0,0,12,12,2,4,8,0,0,0,1,54,26105,6,1,0,0,3,1,74,190,0,0,0,0,0,0,0,0,0,0,0,0,0,0,1,2,45,1,5,2,1,0,0,1,80,9,1,1,13,0,0
54,540299,1,1,2,24,11,21,37,1,0,1,0,54,1,20,481,20481,31,2001,1GCHK23U01F1,1,G,C,H,K,2,3,U,0,1,F,1,0,T,CHEV,2KH,CW,1,17,,2,1670,1530,SIL,G,,,8,364,,,,C,5766,00,,44,0,0,000000000,00000000000,0,0,0,1,0,0,0,0,0,0,0,998,0,1,6,0,13,6,2,1,0,0,0,1,54,26582,6,1,0,0,3,0,63,150,0,0,0,0,0,0,0,0,0,0,0,0,0,0,1,2,55,1,1,4,1,0,0,1,13,1,1,4,98,2,1
54,540300,1,2,2,24,11,20,6,12,6,1,0,54,1,12,481,12481,31,2009,1FTWW31R69EA,1,F,T,W,W,3,1,R,6,9,E,A,0,T,FORD,F3S,CW,9,17,,3,1720,1560,SRW,D,,,8,390,,,,D,6593,02,E,44,0,0,000000000,00000000000,0,0,0,1,0,0,0,0,0,0,0,998,0,0,0,11,11,6,2,12,0,0,0,1,54,26508,6,1,0,0,3,1,68,180,1,0,0,0,1,4,2011,4,2011,0,0,0,0,0,1,2,45,1,5,2,1,0,0,1,62,9,1,1,65,0,0
54,540300,2,2,1,24,11,20,6,12,6,1,0,54,1,7,472,7472,30,2005,1D7HW48N35S2,1,D,7,H,W,4,8,N,3,5,S,2,0,T,DODG,DQS,CW,5,17,,2,0,1309,DAK,G,,,8,287,,,,B,4430,00,E,44,0,0,000000000,00000000000,0,0,0,1,0,0,0,0,0,0,0,998,0,0,0,3,3,6,2,12,0,0,0,1,54,26508,6,1,0,0,3,0,73,145,0,0,0,0,0,0,0,0,0,1,28,58,36,0,1,2,45,1,6,2,1,0,0,1,10,8,1,2,64,1,0
54,540301,1,2,1,27,11,14,29,12,6,1,0,54,1,20,37,20037,4,2003,1G1ND52J13M5,1,G,1,N,D,5,2,J,1,3,M,5,0,P,CHEV,MAL,4D,3,17,3106,,0,1070,,G,,F,6,191,,,15R215,,,,,,0,0,000000000,00000000000,0,0,0,1,0,0,0,0,0,0,0,998,0,0,0,12,12,6,2,12,0,0,0,1,54,25177,6,1,0,0,3,0,66,135,0,0,0,0,0,0,0,0,0,0,0,0,0,0,1,2,30,1,1,2,2,20,3,1,67,1,1,1,83,0,0
54,540301,2,2,2,27,11,14,29,12,6,1,0,54,1,49,43,49043,4,2001,4T1BF28B51U1,4,T,1,B,F,2,8,B,5,1,U,1,0,P,TOYT,UVS,4D,1,17,3428,,0,1071,,G,,F,6,183,,,15R205,,,,,,0,0,000000000,00000000000,0,0,0,1,0,0,0,0,0,0,0,998,0,0,0,9,9,6,2,12,0,0,0,1,54,25312,6,1,0,0,3,1,70,160,0,0,0,0,0,0,0,0,0,0,38,0,0,0,1,2,30,1,1,2,2,20,3,11,15,1,1,2,82,1,0
54,540302,1,1,2,28,11,18,18,34,0,1,0,54,1,19,431,19431,16,2003,1GYEK63N13R2,1,G,Y,E,K,6,3,N,1,3,R,2,0,P,CADI,ESC,UT,3,17,5560,,0,1160,,G,,F,8,364,,,17R265,,,,,,0,0,000000000,00000000000,0,0,0,1,0,0,0,0,0,0,0,998,0,1,5,14,13,6,2,1,0,0,0,1,54,25203,6,1,0,0,3,0,66,140,0,0,0,0,0,0,0,0,0,1,58,0,0,0,1,2,40,3,5,2,2,0,0,14,12,6,1,4,6,1,1
54,540303,1,2,4,2,12,19,2,12,6,1,0,54,1,20,431,20431,16,2000,3GNFK16T1YG1,3,G,N,F,K,1,6,T,1,Y,G,1,0,P,CHEV,K15,UT,0,17,5123,,0,1300,,G,,F,8,325,,,16R245,,,,,,0,0,000000000,00000000000,0,0,0,1,0,0,0,0,0,0,0,998,0,0,0,12,12,6,2,12,0,0,0,1,54,26554,6,1,0,0,3,1,74,250,0,0,0,0,0,0,0,0,0,0,0,0,0,0,3,2,70,1,1,2,1,0,0,1,50,3,1,1,44,0,0
54,540303,2,2,1,2,12,19,2,12,6,1,0,54,2,22,20,22020,2,2000,1G2WP52K4YF2,1,G,2,W,P,5,2,K,4,Y,F,2,0,P,PONT,GPG,4D,0,17,3455,,0,1105,,G,,F,6,231,,,16R225,,,,,,0,0,000000000,00000000000,0,0,0,1,0,0,0,0,0,0,0,0,0,0,0,10,10,6,2,12,0,0,1,1,54,26101,6,1,0,0,3,0,62,100,0,0,0,0,0,0,0,0,0,0,54,0,0,0,8,2,70,1,1,2,1,0,0,5,53,1,1,1,45,1,0
54,540304,1,1,2,2,12,21,15,24,0,1,0,37,1,12,481,12481,31,2006,1FTRF14W86NB,1,F,T,R,F,1,4,W,8,6,N,B,0,T,FORD,F15,PK,6,17,,2,1450,1260,COF,G,,,8,281,,,,B,5004,01,E,44,0,0,000000000,00000000000,0,0,0,1,0,0,0,0,0,0,0,998,0,1,6,12,12,6,2,1,0,0,0,1,37,28217,6,1,0,0,3,0,70,999,0,0,0,0,0,0,0,0,0,1,36,0,0,0,2,2,70,2,6,2,1,0,0,14,6,1,1,4,6,1,1
54,540305,1,1,1,2,12,13,20,1,0,1,0,54,2,22,18,22018,4,2000,1G2NF52T7YC5,1,G,2,N,F,5,2,T,7,Y,C,5,0,P,PONT,SE1,4D,0,17,3116,,0,1070,,G,,F,4,146,,,15R215,,,,,,0,0,000000000,00000000000,0,0,0,1,0,0,0,0,0,0,0,998,0,1,6,0,13,6,2,3,0,0,0,1,54,24828,6,1,0,0,3,1,67,150,0,0,0,0,0,0,0,0,0,0,0,0,0,0,1,2,40,1,1,2,4,0,0,1,13,1,1,4,1,1,0
54,540306,1,1,1,3,12,16,0,35,0,1,0,54,1,7,472,7472,30,1999,1B7GG26XXXS1,1,B,7,G,G,2,6,X,X,X,S,1,0,T,DODG,DAK,PK,99,17,,1,0,1119,DAK,G,,,6,239,,,,B,3735,00,U,44,0,0,000000000,00000000000,0,0,0,1,0,0,0,0,0,0,0,998,0,1,5,12,12,6,2,35,0,0,0,1,54,25512,6,1,0,0,3,0,72,260,0,0,0,0,0,0,0,0,0,0,0,0,0,0,1,2,55,1,6,2,1,0,0,1,12,1,1,4,6,1,1
54,540307,1,1,1,4,12,23,5,42,0,1,0,0,0,76,734,76734,90,2003,JY4AM01Y03C0,J,Y,4,A,M,0,1,Y,0,3,C,0,0,M,YAMA,Y6N,AT,3,17,,,,,,,660,,1,,4,398,,,,,,,0,0,000000000,00000000000,0,0,0,1,0,0,0,0,0,0,0,998,0,0,0,98,98,6,2,42,0,0,0,1,51,26201,1,1,0,0,1,0,73,180,0,0,0,1,0,11,2011,11,2011,1,0,0,0,0,1,2,55,3,1,2,1,0,0,14,13,8,1,4,1,1,0
54,540308,1,1,1,4,12,3,0,30,0,1,0,54,1,34,34,34034,4,1992,WBACB3310NFE,W,B,A,C,B,3,3,1,0,N,F,E,0,P,BMW,325,4D,92,17,3991,,0,1063,,G,,F,6,152,,,15R205,,,,,,0,0,000000000,00000000000,0,0,0,1,0,0,0,0,0,0,0,998,0,0,0,98,98,6,2,42,0,0,0,1,54,25443,6,1,0,0,3,0,67,145,0,0,0,0,0,0,0,0,0,0,0,0,0,0,1,2,55,1,1,2,1,0,0,1,12,1,1,4,6,1,1
54,540309,1,1,2,6,12,11,42,42,0,1,0,54,1,7,20,7020,2,1998,3B3ES47C4WT3,3,B,3,E,S,4,7,C,4,W,T,3,0,P,DODG,NSL,4D,98,17,2537,,0,1040,,G,,F,4,122,,,14R185,,,,,,0,0,000000000,00000000000,0,0,0,1,0,0,0,0,0,0,0,998,0,0,0,83,81,6,2,42,0,0,0,1,54,26288,6,1,0,0,3,0,66,285,1,0,0,0,0,4,2011,4,2011,0,0,0,0,0,1,2,55,2,6,2,2,0,0,14,12,3,1,4,6,2,0
54,540310,1,1,1,6,12,8,26,38,0,1,0,54,2,23,401,23401,14,2000,1GKCT18W4YK2,1,G,K,C,T,1,8,W,4,Y,K,2,0,T,GMC,JMY,2W,0,17,,1,0,1005,JMY,G,,,6,262,,,,B,3869,00,E,44,0,0,000000000,00000000000,0,0,0,1,0,0,0,0,0,0,0,998,0,0,0,98,98,6,2,42,0,0,0,1,54,26378,6,1,0,0,3,0,72,190,1,0,0,0,0,1,2010,1,2010,0,0,0,0,0,1,2,55,3,6,2,2,0,0,14,13,1,1,4,1,1,0
54,540311,1,1,2,6,12,8,39,42,0,1,0,54,2,21,21,21021,2,2002,1G3NL12F62C2,1,G,3,N,L,1,2,F,6,2,C,2,0,P,OLDS,A/G,CP,2,17,2961,,0,1070,,G,,F,4,134,,,15R215,,,,,,0,0,000000000,00000000000,0,0,0,1,0,0,0,0,0,0,0,998,0,0,0,12,13,6,2,3,0,0,0,1,54,25523,2,1,1,0,2,0,63,175,0,0,0,0,0,0,0,0,0,1,0,0,0,0,1,2,55,3,1,2,2,0,0,14,6,1,1,4,6,2,0
54,540312,1,4,1,1,12,5,32,12,1,1,0,39,2,22,16,22016,2,1999,1G2JB1248X75,1,G,2,J,B,1,2,4,8,X,7,5,0,P,PONT,SFS,CP,99,17,2630,,0,1041,,G,,F,4,133,,,14R195,,,,,,0,0,000000000,00000000000,0,0,0,1,0,0,0,0,0,0,0,0,0,1,3,6,98,6,2,2,0,0,1,1,39,43938,6,1,0,0,3,0,69,150,0,0,0,0,0,0,0,0,0,0,38,0,0,0,2,3,55,1,5,1,1,0,0,5,53,1,1,1,21,1,0
54,540312,2,4,1,1,12,5,32,12,1,1,0,54,1,20,481,20481,31,2002,1GCGC24U42Z2,1,G,C,G,C,2,4,U,4,2,Z,2,0,T,CHEV,SC2,PK,2,17,,2,0,1330,SIL,G,,,8,364,,,,C,4995,00,,42,0,0,000000000,00000000000,0,0,0,1,0,0,0,0,0,0,0,0,0,0,0,6,12,6,2,12,0,0,0,1,54,26062,6,1,0,0,3,0,71,165,0,0,0,0,0,0,0,0,0,0,0,0,0,0,2,3,55,1,5,1,1,0,0,5,50,1,1,1,98,0,0
54,540312,3,4,1,1,12,5,32,12,1,1,0,39,3,20,481,20481,31,2006,1GBC4C1286F4,1,G,B,C,4,C,1,2,8,6,F,4,0,T,CHEV,C4C,CB,6,17,,4,1880,1280,C45,D,,,8,403,,,,,00000,00,,42,0,0,000000000,00000000000,0,0,0,1,0,0,0,0,0,0,0,998,0,0,0,12,6,2,1,12,0,0,0,1,39,43944,6,1,6,0,3,0,71,227,0,0,0,2,0,6,2010,7,2010,0,0,0,0,0,2,3,55,1,5,1,1,0,0,1,50,1,1,1,20,0,0
54,540312,4,4,1,1,12,5,32,12,1,1,0,39,3,86,881,86881,66,2011,1M1AN07Y5BM0,1,M,1,A,N,0,7,Y,5,B,M,0,1,T,MACK,CHU,TR,11,17,,8,0,0,600,D,,,6,783,,,,,00000,00,,64,1,57,255968,57255968,3,6,8,1,0,0,0,0,0,0,0,998,0,0,0,10,10,2,1,12,0,0,0,1,54,26150,6,1,6,0,3,0,72,230,0,0,0,0,0,0,0,0,0,0,0,0,0,0,2,3,55,1,5,1,1,0,0,1,60,1,1,1,98,0,0
54,540313,1,2,1,7,12,14,50,12,2,1,0,54,1,7,482,7482,31,2001,3B7HF13Z91G7,3,B,7,H,F,1,3,Z,9,1,G,7,0,T,DODG,Q15,4C,1,17,,2,1547,1387,RPC,G,,,8,360,,,,B,5008,01,U,44,0,0,000000000,00000000000,0,0,0,1,0,0,0,0,0,0,0,998,1,0,0,12,12,6,2,12,0,0,0,1,54,26330,6,1,0,0,3,1,72,185,0,0,0,0,0,0,0,0,0,0,28,0,0,0,1,2,55,1,6,2,3,0,0,1,10,1,1,2,50,1,0
54,540313,2,2,1,7,12,14,50,12,2,1,0,54,1,84,881,84881,63,2001,2HSCHASR21C0,2,H,S,C,H,A,S,R,2,1,C,0,1,T,INTL,99I,TR,1,17,,8,0,0,990,D,,,6,893,,,,,00000,00,,64,1,57,958321,57958321,3,4,8,1,0,0,0,0,0,0,0,998,0,0,0,12,12,6,2,12,0,0,0,1,54,26293,6,1,6,0,3,1,68,240,1,0,0,0,1,4,2011,7,2011,0,0,0,0,0,1,2,55,1,5,2,3,0,0,1,62,9,1,2,51,0,0
54,540314,1,1,2,13,12,2,30,35,0,1,0,51,1,37,32,37032,4,1995,1HGCD5659SA0,1,H,G,C,D,5,6,5,9,S,A,0,0,P,HOND,AEX,4D,95,17,2908,,0,1069,,G,,F,4,132,,,15R195,,,,,,0,0,000000000,00000000000,0,0,0,1,0,0,0,0,0,0,0,998,0,1,5,11,13,6,2,35,0,0,0,1,54,26865,6,1,0,0,3,0,69,188,0,0,0,2,1,11,2011,11,2011,0,0,0,0,0,1,2,45,3,5,2,1,0,0,14,12,9,1,4,6,1,0
54,540315,1,1,2,14,12,1,26,8,0,1,0,54,1,12,481,12481,31,2010,1FTEX1E68AFD,1,F,T,E,X,1,E,6,8,A,F,D,0,T,FORD,F15,4C,10,17,,2,1630,1330,COF,G,,,8,378,,,,B,5522,00,7,44,0,0,000000000,00000000000,0,0,0,1,0,0,0,0,0,0,0,998,0,0,0,1,1,6,2,8,0,0,0,1,54,25086,6,1,0,0,3,0,70,245,1,0,0,0,0,6,2011,6,2011,0,0,0,0,0,1,2,55,1,2,2,2,0,0,1,80,7,1,1,13,0,0
54,540316,1,2,2,15,12,10,30,12,2,1,0,54,1,12,17,12017,4,2008,1FAHP28W08G1,1,F,A,H,P,2,8,W,0,8,G,1,0,P,FORD,TLA,4D,8,17,3814,,0,1129,,G,,F,6,214,,,18R225,,,,,,0,0,000000000,00000000000,0,0,0,1,0,0,0,0,0,0,0,998,0,0,0,12,12,6,2,12,0,0,0,1,54,25651,6,1,0,0,3,1,63,135,0,0,0,0,0,0,0,0,0,0,28,0,0,0,1,2,55,1,1,2,2,0,0,1,10,1,1,2,50,1,0
54,540316,2,2,1,15,12,10,30,12,2,1,0,54,1,7,39,7039,2,1993,JB3BM44H4PY0,J,B,3,B,M,4,4,H,4,P,Y,0,0,P,DODG,STL,2H,93,17,2976,,0,972,,G,,F,6,181,,,16R225,,,,,,0,0,000000000,00000000000,0,0,0,1,0,0,0,0,0,0,0,998,0,0,0,12,12,6,2,12,0,0,0,1,54,25506,2,1,1,0,2,1,66,210,0,0,0,0,1,9,2011,9,2011,0,0,0,0,0,1,2,55,1,1,2,2,0,0,1,62,1,1,1,51,0,0
54,540317,1,2,1,16,12,19,3,8,0,1,0,54,3,85,881,85881,66,2005,1XKWDB0XX5J1,1,X,K,W,D,B,0,X,X,5,J,1,1,T,KW,W90,TR,5,17,,8,2850,1600,CON,D,,,6,893,,,,,00000,00,,64,2,57,985308,57985308,3,6,97,1,0,0,0,0,0,0,0,998,0,0,0,98,14,2,1,8,0,0,0,1,54,25637,6,1,6,1,3,0,73,230,0,0,0,0,0,0,0,0,0,0,0,0,0,0,2,2,65,1,1,2,2,0,0,1,80,8,1,1,13,0,0
54,540317,2,2,1,16,12,19,3,8,0,1,0,54,1,20,473,20473,30,2006,1GCDT1481682,1,G,C,D,T,1,4,8,1,6,8,2,0,T,CHEV,RDO,PK,6,17,,1,0,1113,CAL,G,,,4,171,,,,,3303,00,,44,0,0,000000000,00000000000,0,0,0,1,0,0,0,0,0,0,0,998,0,0,0,12,12,6,2,12,0,0,0,1,54,25508,6,1,0,0,3,1,72,160,1,0,0,0,0,12,2009,12,2009,0,0,0,0,0,2,2,65,1,1,2,2,0,0,1,50,1,1,1,98,0,0
54,540318,1,1,2,18,12,15,46,35,0,1,0,54,1,23,481,23481,31,2002,1GTEK14T22Z1,1,G,T,E,K,1,4,T,2,2,Z,1,0,T,GMC,NK1,PK,2,17,,2,1330,1190,SIE,G,,,8,325,,,,B,4376,01,U,44,0,0,000000000,00000000000,0,0,0,1,0,0,0,0,0,0,0,998,0,0,0,12,12,6,2,35,0,0,0,1,54,25083,1,1,1,0,2,1,66,135,1,2,0,0,0,4,2011,11,2011,1,0,0,0,0,1,2,45,1,1,2,1,0,0,1,6,1,1,4,1,1,1
54,540319,1,1,1,19,12,10,32,24,0,1,0,54,1,12,481,12481,31,2004,1FDAF57P74ED,1,F,D,A,F,5,7,P,7,4,E,D,0,T,FORD,F5D,CB,4,17,,5,2010,1410,DRW,D,,,8,366,,,,,00000,00,E,44,0,0,000000000,00000000000,0,0,0,1,0,0,0,0,0,0,0,998,0,1,6,12,12,6,2,24,0,0,0,1,54,26330,6,1,0,0,3,0,67,140,0,0,0,0,0,0,0,0,0,0,28,0,0,0,2,2,65,3,1,2,1,0,0,14,12,1,1,4,6,1,0
54,540320,1,2,2,22,12,13,0,12,2,1,0,54,1,6,441,6441,20,2006,2A4GP54L56R6,2,A,4,G,P,5,4,L,5,6,R,6,0,T,CHRY,TOU,ES,6,17,,1,0,1193,TWC,G,,,6,230,,,,,4267,00,,42,0,0,000000000,00000000000,0,0,0,1,0,0,0,0,0,0,0,998,0,0,0,12,12,6,2,12,0,0,0,1,54,25306,6,1,0,0,3,1,60,140,0,0,0,0,0,0,0,0,0,0,28,0,0,0,1,2,40,2,1,2,2,0,0,14,62,3,1,2,50,1,0