STATE,ST_CASE,VEH_NO,VE_FORMS,NUMOCCS,DAY,MONTH,HOUR,MINUTE,HARM_EV,MAN_COLL,UNITTYPE,HIT_RUN,REG_STAT,OWNER,MAKE,MODEL,MAK_MOD,BODY_TYP,MOD_YEAR,VIN,VIN_1,VIN_2,VIN_3,VIN_4,VIN_5,VIN_6,VIN_7,VIN_8,VIN_9,VIN_10,VIN_11,VIN_12,TOW_VEH,VINTYPE,VINMAKE,VINA_MOD,VIN_BT,VINMODYR,VIN_LNGT,VIN_WGT,WGTCD_TR,WHLBS_LG,WHLBS_SH,SER_TR,FUELCODE,MCYCL_DS,CARBUR,CYLINDER,DISPLACE,MCYCL_CY,MCYCL_WT,TIRE_SZE,TON_RAT,TRK_WT,TRKWTVAR,VIN_REST,WHLDRWHL,J_KNIFE,MCARR_I1,MCARR_I2,MCARR_ID,GVWR,V_CONFIG,CARGO_BT,HAZ_INV,HAZ_PLAC,HAZ_ID,HAZ_CNO,HAZ_REL,BUS_USE,SPEC_USE,EMER_USE,TRAV_SP,UNDERIDE,ROLLOVER,ROLINLOC,IMPACT1,IMPACT2,DEFORMED,TOWED,M_HARM,VEH_SC1,VEH_SC2,FIRE_EXP,DR_PRES,L_STATE,DR_ZIP,L_STATUS,L_TYPE,CDL_STAT,L_ENDORS,L_COMPL,L_RESTRI,DR_HGT,DR_WGT,PREV_ACC,PREV_SUS,PREV_DWI,PREV_SPD,PREV_OTH,FIRST_MO,FIRST_YR,LAST_MO,LAST_YR,SPEEDREL,DR_SF1,DR_SF2,DR_SF3,DR_SF4,VTRAFWAY,VNUM_LAN,VSPD_LIM,VALIGN,VPROFILE,VPAVETYP,VSURCOND,VTRAFCON,VTCONT_F,P_CRASH1,P_CRASH2,P_CRASH3,PCRASH4,PCRASH5,ACC_TYPE,DEATHS,DR_DRINK
55,550090,1,2,1,4,4,21,50,12,2,1,0,55,1,22,2,22002,4,1999,1G2HX52K0XH2,1,G,2,H,X,5,2,K,0,X,H,2,0,P,PONT,BVS,4D,99,17,3446,,0,1108,,G,,F,6,231,,,15R215,,,,,,0,0,000000000,00000000000,0,0,0,1,0,0,0,0,0,0,0,999,9,0,0,12,12,6,2,12,0,0,0,1,55,54984,6,1,0,0,3,3,66,135,0,6,1,0,0,8,2008,12,2009,0,28,0,0,0,1,2,55,2,1,2,1,0,0,14,10,99,1,2,50,1,1
55,550090,2,2,1,4,4,21,50,12,2,1,0,93,1,84,881,84881,66,2004,2HSCNASR74C0,2,H,S,C,N,A,S,R,7,4,C,0,1,T,INTL,94I,TR,4,17,,8,0,0,940,D,,,6,893,,,,,00000,00,,64,1,57,1561552,571561552,3,6,1,1,0,0,0,0,0,0,0,999,0,0,0,12,12,6,2,12,0,0,0,1,55,54603,6,1,6,0,3,3,67,190,0,0,0,0,0,0,0,0,0,0,0,0,0,0,1,2,55,3,1,2,1,0,0,14,54,7,1,1,51,0,0
55,550091,1,1,1,4,4,23,7,1,0,1,0,55,2,20,443,20443,20,1997,1GNDX06E1VD2,1,G,N,D,X,0,6,E,1,V,D,2,0,T,CHEV,VTR,ES,97,17,,1,0,1200,VTR,G,,,6,207,,,,,00000,00,,42,0,0,000000000,00000000000,0,0,0,1,0,0,0,0,0,0,0,55,0,2,5,0,0,6,2,3,0,0,0,1,55,54732,6,1,0,0,3,3,70,230,0,3,0,1,3,9,2008,3,2011,1,58,0,0,0,1,2,45,3,1,2,1,0,0,14,6,8,4,4,7,1,1
55,550092,1,1,2,9,4,2,5,1,0,1,0,55,1,12,13,12013,4,1997,1FALP13P2VW3,1,F,A,L,P,1,3,P,2,V,W,3,0,P,FORD,EST,4D,97,17,2503,,0,984,,G,,F,4,122,,,14R185,,,,,,0,0,000000000,00000000000,0,0,0,1,0,0,0,0,0,0,0,85,0,2,3,0,0,6,2,1,0,0,0,1,55,53081,6,1,0,0,3,0,70,150,0,0,0,0,1,4,2010,4,2010,1,0,0,0,0,2,2,65,2,6,1,1,0,0,14,6,3,4,4,7,1,1
55,550093,1,1,1,9,4,15,37,33,0,1,0,55,1,37,32,37032,4,1999,1HGCG5645XA1,1,H,G,C,G,5,6,4,5,X,A,1,0,P,HOND,ULX,4D,99,17,3053,,0,1069,,G,,F,4,138,,,15R195,,,,,,0,0,000000000,00000000000,0,0,0,1,0,0,0,0,0,0,0,999,0,0,0,14,61,6,2,25,0,0,0,1,55,53209,2,1,0,0,2,0,68,145,2,3,2,2,1,6,2008,2,2011,0,92,0,0,0,1,2,35,1,1,2,1,0,0,1,11,99,1,4,1,1,0
55,550094,1,1,1,9,4,16,19,14,0,1,0,18,3,84,881,84881,66,2010,3HSCTAPR6AN2,3,H,S,C,T,A,P,R,6,A,N,2,1,T,INTL,PRO,TR,10,17,,8,0,0,PRO,D,,,6,915,,,,,00000,00,,64,1,57,342630,57342630,3,6,1,1,0,0,0,0,0,0,0,999,0,0,0,12,12,6,2,14,0,0,1,1,18,46158,6,1,6,0,3,0,70,190,0,0,0,2,1,6,2008,9,2010,0,28,84,0,0,2,2,65,1,1,2,1,0,0,15,13,99,1,4,11,1,0
55,550095,1,2,1,9,4,16,45,23,0,1,0,55,1,72,706,72706,80,2000,1HD1GHV14YY3,1,H,D,1,G,H,V,1,4,Y,Y,3,0,M,HD,FDX,RS,0,17,,,,,,,1450,,2,,4,612,,,,,,,0,0,000000000,00000000000,0,0,0,1,0,0,0,0,0,0,0,999,0,0,0,99,0,6,2,12,0,0,0,1,55,53128,6,1,6,0,3,3,71,280,0,0,0,1,1,1,2009,9,2009,1,79,0,0,0,1,2,25,3,1,2,1,0,0,14,13,99,1,4,1,1,1
55,550095,2,2,1,9,4,16,45,23,0,1,0,17,1,72,706,72706,80,2011,1HD1PY914BB9,1,H,D,1,P,Y,9,1,4,B,B,9,0,M,HD,LT2,RS,11,17,,,,,,,1800,,2,,4,754,,,,,,,0,0,000000000,00000000000,0,0,0,1,0,0,0,0,0,0,0,999,0,0,0,61,61,4,3,12,0,0,0,1,17,61020,6,1,0,0,3,0,999,999,0,0,0,0,0,0,0,0,0,0,79,0,0,0,1,2,25,3,1,2,1,0,0,14,51,8,1,3,98,0,0
55,550096,1,1,2,9,4,19,46,24,0,1,0,55,2,6,441,6441,20,2002,2C8GP74LX2R6,2,C,8,G,P,7,4,L,X,2,R,6,0,P,CHRY,TWC,SV,2,17,4171,,0,1193,,G,,F,6,230,,,16R215,,,,,,0,0,000000000,00000000000,0,0,0,1,0,0,0,0,0,0,0,999,0,1,5,82,3,6,2,1,0,0,0,1,55,54660,6,7,0,0,3,3,65,150,0,0,0,0,0,0,0,0,0,0,28,58,0,0,1,2,55,3,1,2,1,0,0,14,13,6,1,4,1,1,0
55,550097,1,1,1,10,4,18,46,1,0,1,0,55,1,53,705,53705,80,1998,JS1SP46A0W21,J,S,1,S,P,4,6,A,0,W,2,1,0,M,SUZI,D6E,T,98,17,,,,,,,644,,1,,4,324,,,,,,,0,0,000000000,00000000000,0,0,0,1,0,0,0,0,0,0,0,999,0,0,0,0,61,4,3,24,0,0,0,1,55,53121,6,1,0,0,2,0,68,145,0,1,0,1,0,10,2010,2,2011,1,92,0,0,0,3,2,45,1,1,2,1,0,0,1,6,3,4,4,7,1,1
55,550098,1,1,2,14,4,23,30,42,0,1,0,55,1,20,403,20403,14,2005,1GNET16M0561,1,G,N,E,T,1,6,M,0,5,6,1,0,P,CHEV,TRL,UT,5,17,4954,,0,1290,,G,,F,8,323,,,17R245,,,,,,0,0,000000000,00000000000,0,0,0,1,0,0,0,0,0,0,0,999,0,0,0,12,12,6,2,42,0,0,0,1,55,53593,6,1,0,0,3,3,73,180,0,0,0,0,0,0,0,0,0,0,39,91,0,0,1,2,40,1,1,2,1,20,3,1,14,99,1,4,14,1,1
55,550099,1,2,3,4,4,17,42,12,1,1,0,55,1,7,442,7442,20,1997,1B4GP54R8VB3,1,B,4,G,P,5,4,R,8,V,B,3,0,T,DODG,GEL,ES,97,17,,1,0,1193,CAR,G,,,6,201,,,,,3938,00,E,42,0,0,000000000,00000000000,0,0,0,1,0,0,0,0,0,0,0,999,0,0,0,12,12,6,2,12,32,44,0,1,55,54481,6,1,0,0,3,3,70,195,0,0,0,0,0,0,0,0,0,0,0,0,0,0,2,2,40,1,6,1,1,0,0,1,8,2,1,1,24,1,0
55,550099,2,2,1,4,4,17,42,12,1,1,0,55,2,24,1,24001,4,2002,1G8ZK52722Z2,1,G,8,Z,K,5,2,7,2,2,Z,2,0,P,STRN,SL2,4D,2,17,2431,,0,1024,,G,,F,4,116,,,15R185,,,,,,0,0,000000000,00000000000,0,0,0,1,0,0,0,0,0,0,0,35,0,0,0,6,9,4,3,12,0,0,0,1,55,54481,6,1,0,0,3,0,64,140,0,0,0,0,0,0,0,0,0,0,0,0,0,0,2,2,40,1,6,1,1,0,0,1,53,2,1,1,25,0,0
55,550100,1,1,2,16,4,20,37,1,0,1,0,55,2,7,25,7025,5,2007,1B3HB48B47D3,1,B,3,H,B,4,8,B,4,7,D,3,0,P,DODG,CXT,4D,7,17,3038,,0,1037,,G,,F,4,122,,,17R215,,,,,,0,0,000000000,00000000000,0,0,0,1,0,0,0,0,0,0,0,999,0,2,5,0,9,6,2,42,0,0,0,1,55,54853,6,1,0,0,3,3,72,200,0,0,0,0,0,0,0,0,0,1,0,0,0,0,1,2,55,2,1,2,1,0,0,14,6,99,1,4,6,2,1
55,550101,1,1,1,14,4,21,55,42,0,1,0,55,1,22,16,22016,2,2005,3G2JB12F25S1,3,G,2,J,B,1,2,F,2,5,S,1,0,P,PONT,SFR,CP,5,17,2771,,0,1041,,G,,F,4,134,,,15R195,,,,,,0,0,000000000,00000000000,0,0,0,1,0,0,0,0,0,0,0,80,0,0,0,12,12,6,2,42,0,0,0,1,55,53179,6,2,0,0,3,1,66,165,0,0,0,0,0,0,0,0,0,1,0,0,0,0,1,2,55,1,1,2,1,0,0,1,6,99,1,4,1,1,0
55,550102,1,1,1,15,4,23,6,30,0,1,0,55,1,20,37,20037,4,2008,1G1ZT58N88F1,1,G,1,Z,T,5,8,N,8,8,F,1,0,P,CHEV,MLT,4D,8,17,3297,,0,1063,,G,,F,6,214,,,16R215,,,,,,0,0,000000000,00000000000,0,0,0,1,0,0,0,0,0,0,0,999,0,1,5,99,0,6,2,1,0,0,0,1,55,54114,6,1,0,0,3,3,70,140,0,0,0,0,0,0,0,0,0,0,0,0,0,0,1,2,55,1,1,2,2,0,0,1,13,99,1,4,1,1,1
55,550103,1,1,1,14,4,3,51,14,0,1,0,0,0,99,998,99998,92,1959,6306378,6,3,0,6,3,7,8,,,,,,0,U,,,,59,7,,,,,,,,,,,,,,,,,,,0,0,000000000,00000000000,0,0,0,1,0,0,0,0,0,0,0,999,0,1,5,82,0,6,2,1,0,0,0,1,55,53520,2,1,0,0,1,0,66,280,0,1,1,0,2,8,2008,3,2011,0,92,0,0,0,1,2,25,1,1,1,1,0,0,1,13,99,1,4,11,1,1
55,550104,1,2,1,11,4,9,30,12,1,1,0,27,1,6,44,6044,4,1998,1C3EJ56H1WN3,1,C,3,E,J,5,6,H,1,W,N,3,0,P,CHRY,CLI,4D,98,17,3117,,0,1080,,G,,F,6,152,,,15R195,,,,,,0,0,000000000,00000000000,0,0,0,1,0,0,0,0,0,0,0,999,0,0,0,6,6,6,2,12,0,0,0,1,27,55921,6,1,0,0,3,3,62,140,0,0,0,0,0,0,0,0,0,0,27,28,39,0,2,3,65,1,1,2,1,28,3,2,18,4,2,1,30,1,0
55,550104,2,2,1,11,4,9,30,12,1,1,0,17,3,85,881,85881,66,2003,1XKTD49X43J7,1,X,K,T,D,4,9,X,4,3,J,7,1,T,KW,T20,TR,3,17,,8,2600,1900,CON,D,,,6,915,,,,,00000,00,,64,1,57,209893,57209893,3,6,2,2,2,3266,4,1,0,0,0,65,0,0,0,12,12,4,3,12,0,0,0,1,55,53147,6,1,6,1,3,0,67,240,0,0,0,2,1,10,2009,10,2010,0,0,0,0,0,2,3,65,1,1,2,1,0,0,1,52,4,2,1,28,0,0
55,550105,1,3,1,12,4,6,48,12,8,1,0,55,1,20,481,20481,31,2009,1GCEK29099Z2,1,G,C,E,K,2,9,0,9,9,Z,2,0,T,CHEV,2SK,4C,9,17,,2,1575,1339,SIL,F,,,8,323,,,,B,5263,02,,44,0,0,000000000,00000000000,0,0,0,1,0,0,0,0,0,0,0,45,0,0,0,61,12,6,2,12,0,0,0,1,55,54130,6,1,0,0,3,0,73,210,0,0,0,0,1,9,2009,9,2009,0,0,0,0,0,1,2,45,2,1,2,1,0,0,14,10,1,1,2,64,1,0
55,550105,2,3,1,12,4,6,48,12,8,1,0,55,1,12,401,12401,14,1997,1FMDU34X3VZC,1,F,M,D,U,3,4,X,3,V,Z,C,0,P,FORD,EPR,UT,97,17,4166,,0,1115,,G,,F,6,245,,,15R225,,,,,,0,0,000000000,00000000000,0,0,0,1,0,0,0,0,0,0,0,45,0,0,0,61,61,2,1,12,0,0,0,1,55,54230,6,2,0,0,3,0,69,205,0,0,0,0,0,0,0,0,0,0,0,0,0,0,1,2,45,2,1,2,1,0,0,14,62,1,1,1,65,0,0
55,550105,3,3,1,12,4,6,48,12,8,1,0,55,1,12,481,12481,31,2000,1FTSW31F1YEC,1,F,T,S,W,3,1,F,1,Y,E,C,0,T,FORD,F3S,CW,0,17,,2,1724,1562,SRW,D,,,8,444,,,,D,5942,07,E,44,0,0,000000000,00000000000,0,0,0,1,0,0,0,0,0,0,0,45,0,0,0,12,12,6,2,12,0,0,0,1,55,54110,6,1,6,0,3,3,71,250,0,0,0,0,1,8,2008,8,2008,0,0,0,0,0,1,2,45,3,1,2,1,0,0,14,62,1,1,1,98,0,0
55,550106,1,2,1,12,4,15,19,12,6,1,0,55,1,7,482,7482,31,1994,1B7HF16Z7RS7,1,B,7,H,F,1,6,Z,7,R,S,7,0,T,DODG,150,PK,94,17,,2,1347,1187,RPC,G,,,8,360,,,,B,4444,01,B,44,0,0,000000000,00000000000,0,0,0,1,0,0,0,0,0,0,0,30,0,0,0,9,9,6,2,12,0,0,0,1,55,53069,6,1,0,0,3,3,68,145,2,2,2,3,4,5,2008,3,2011,0,38,0,0,0,1,2,55,1,1,1,1,20,3,1,17,1,1,1,89,0,0
55,550106,2,2,2,12,4,15,19,12,6,1,0,55,1,73,706,73706,80,2007,JKBVNAN1X7A0,J,K,B,V,N,A,N,1,X,7,A,0,0,M,KAWK,V5N,RS,7,17,,,,,,,1470,,2,,4,660,,,,,,,0,0,000000000,00000000000,0,0,0,1,0,0,0,0,0,0,0,55,0,0,0,12,12,6,2,12,0,0,0,1,55,53090,6,1,0,0,3,0,69,200,0,0,0,1,0,7,2009,7,2009,0,0,0,0,0,1,2,55,1,1,1,1,0,0,1,66,3,2,1,88,1,0
55,550107,1,1,1,14,4,19,49,52,0,1,0,55,1,49,50,49050,3,2006,JTKDE1772600,J,T,K,D,E,1,7,7,2,6,0,0,0,P,TOYT,SXC,2H,6,17,2905,,0,1063,,G,,F,4,144,,,17R215,,,,,,0,0,000000000,00000000000,0,0,0,1,0,0,0,0,0,0,0,999,0,0,0,12,12,6,2,52,0,0,0,1,55,53598,6,1,0,0,3,1,68,180,1,0,0,0,3,7,2008,11,2010,1,0,0,0,0,1,2,55,1,1,2,1,0,0,1,13,1,1,4,1,1,1
55,550108,1,1,1,18,4,7,52,42,0,1,0,55,1,6,52,6052,6,2009,3A8FY48999T5,3,A,8,F,Y,4,8,9,9,9,T,5,0,P,CHRY,PTC,SV,9,17,3147,,0,1030,,G,,F,4,148,,,15R195,,,,,,0,0,000000000,00000000000,0,0,0,1,0,0,0,0,0,0,0,55,0,0,0,12,12,6,2,42,0,0,0,1,55,54755,6,1,6,0,3,3,73,270,0,0,0,0,3,12,2008,2,2011,0,0,0,0,0,1,2,55,1,1,2,1,0,0,1,13,1,1,4,1,1,0
55,550109,1,2,1,19,4,14,27,14,0,1,0,55,2,2,404,2404,14,1995,1J4GZ58S6SC6,1,J,4,G,Z,5,8,S,6,S,C,6,0,T,JEEP,LRO,4W,95,17,,1,0,1059,GCK,G,,,6,242,,,,,3552,00,M,44,0,0,000000000,00000000000,0,0,0,1,0,0,0,0,0,0,0,65,0,0,0,81,12,6,2,8,0,0,0,1,55,53220,6,1,0,0,3,0,69,200,0,0,0,0,0,0,0,0,0,1,87,0,0,0,3,2,65,1,6,2,4,40,3,1,80,99,9,4,98,0,0
55,550109,4,2,1,19,4,14,27,14,0,1,0,12,3,98,804,98804,66,2000,2WKEDDXJ8YK9,2,W,K,E,D,D,X,J,8,Y,K,9,1,T,WSTR,49E,TR,0,17,,8,0,0,CNV,D,,,6,774,,,,,00000,00,,64,1,57,1738236,571738236,3,6,1,1,0,0,0,0,0,0,0,60,0,0,0,99,99,0,3,8,0,0,0,1,12,32446,6,1,6,0,3,3,71,999,0,0,0,2,0,1,2010,6,2010,0,0,0,0,0,3,2,65,1,6,2,4,40,3,1,80,1,1,1,98,0,0
55,550110,1,2,3,20,4,15,30,12,2,1,0,55,2,9,38,9038,4,1998,1P3EJ46C7WN2,1,P,3,E,J,4,6,C,7,W,N,2,0,P,PLYM,BEE,4D,98,17,2848,,0,1080,,G,,F,4,122,,,14R195,,,,,,0,0,000000000,00000000000,0,0,0,1,0,0,0,0,0,0,0,65,0,0,0,12,12,6,2,12,0,0,1,1,55,54626,6,2,0,0,3,2,73,170,0,0,0,0,0,0,0,0,0,0,73,0,0,0,1,2,55,1,1,2,1,0,0,1,10,7,1,2,50,2,0
55,550110,2,2,1,20,4,15,30,12,2,1,0,55,3,7,462,7462,21,2009,WD0PE7450953,W,D,0,P,E,7,4,5,0,9,5,3,0,T,DODG,SNR,CG,9,17,,2,0,1440,SNR,D,,,6,183,,,,C,4784,00,E,42,0,0,000000000,00000000000,0,0,0,1,0,0,0,0,0,0,0,55,0,0,0,12,12,6,2,12,0,0,0,1,55,54636,6,1,0,0,3,0,73,200,0,0,0,0,0,0,0,0,0,0,0,0,0,0,1,2,55,1,1,2,1,0,0,1,62,8,4,2,51,0,0
55,550111,1,2,4,22,4,2,27,12,1,1,0,27,2,20,431,20431,16,1993,1GNFK16K5PJ4,1,G,N,F,K,1,6,K,5,P,J,4,0,P,CHEV,K15,UT,93,17,5148,,0,1315,,G,,F,8,350,,,16R225,,,,,,0,0,000000000,00000000000,0,0,0,1,0,0,0,0,0,0,0,65,0,0,0,12,12,6,2,12,0,0,0,1,18,46407,6,1,0,0,3,3,74,300,0,0,0,0,0,0,0,0,0,0,87,0,0,0,3,3,65,1,1,1,2,0,0,1,50,1,1,1,20,1,0
55,550111,2,2,2,22,4,2,27,12,1,1,0,55,2,20,2,20002,4,2003,2G1WH52K8391,2,G,1,W,H,5,2,K,8,3,9,1,0,P,CHEV,IPL,4D,3,17,3466,,0,1105,,G,,F,6,231,,,16R225,,,,,,0,0,000000000,00000000000,0,0,0,1,0,0,0,0,0,0,0,0,0,0,0,6,6,6,2,12,0,0,0,1,55,53404,6,1,0,0,3,0,61,125,0,0,0,0,0,0,0,0,0,0,54,0,0,0,3,3,65,1,1,1,2,0,0,7,98,1,1,1,21,0,0
55,550112,1,2,2,24,4,2,49,12,6,1,0,55,1,20,443,20443,20,1999,1GNDX03E1XD1,1,G,N,D,X,0,3,E,1,X,D,1,0,T,CHEV,VTR,ES,99,17,,1,0,1200,VTR,G,,,6,207,,,,,3792,00,,42,0,0,000000000,00000000000,0,0,0,1,0,0,0,0,0,0,0,999,0,1,1,3,99,6,2,1,0,0,0,1,55,53548,6,1,0,0,3,0,61,165,0,0,0,0,1,8,2010,8,2010,0,0,0,0,0,1,2,30,1,6,2,1,4,3,11,15,1,1,2,68,2,0
55,550112,2,2,2,24,4,2,49,12,6,1,0,55,2,20,37,20037,4,2001,1G1ND52J4162,1,G,1,N,D,5,2,J,4,1,6,2,0,P,CHEV,MAL,4D,1,17,3051,,0,1070,,G,,F,6,191,,,15R215,,,,,,0,0,000000000,00000000000,0,0,0,1,0,0,0,0,0,0,0,80,0,0,0,12,12,6,2,12,0,0,0,1,55,53546,0,0,0,0,0,0,72,150,0,1,0,0,0,3,2010,3,2010,1,92,0,0,0,1,2,30,1,5,2,1,4,3,1,62,3,2,1,69,0,1
55,550113,1,2,1,25,4,15,50,12,6,1,0,55,1,12,481,12481,31,2004,1FTSW31P94EB,1,F,T,S,W,3,1,P,9,4,E,B,0,T,FORD,F3S,CW,4,17,,2,1724,1562,SRW,D,,,8,366,,,,D,6267,00,E,44,0,0,000000000,00000000000,0,0,0,1,0,0,0,0,0,0,0,5,0,0,0,8,8,4,3,12,0,0,0,1,55,54170,6,1,0,0,3,0,70,155,0,0,0,1,0,4,2010,4,2010,0,0,0,0,0,1,2,55,1,1,2,1,0,0,98,15,1,1,2,48,0,0
55,550113,2,2,1,25,4,15,50,12,6,1,0,55,1,53,706,53706,80,2005,JS1GT76A9521,J,S,1,G,T,7,6,A,9,5,2,1,0,M,SUZI,XR1,RC,5,17,,,,,,,999,,4,,4,365,,,,,,,0,0,000000000,00000000000,0,0,0,1,0,0,0,0,0,0,0,999,0,0,0,12,12,6,2,12,0,0,0,1,55,54170,6,2,0,0,3,0,73,190,0,0,0,0,0,0,0,0,0,0,35,0,0,0,1,2,55,1,1,2,1,0,0,6,60,3,2,1,48,1,0
55,550114,1,2,1,21,4,2,10,12,6,1,1,55,1,20,482,20482,31,2002,3GNGK23G92G1,3,G,N,G,K,2,3,G,9,2,G,1,0,T,CHEV,K2V,CW,2,17,,2,0,1300,AVL,G,,,8,496,,,,B,6642,00,,44,0,0,000000000,00000000000,0,0,0,1,0,0,0,0,0,0,0,999,0,0,0,12,12,6,2,12,0,0,0,1,55,53215,0,0,0,0,0,0,999,999,0,0,0,0,0,0,0,0,0,1,39,92,0,0,1,2,25,1,1,2,1,20,3,1,66,3,2,1,86,0,0
55,550114,2,2,2,21,4,2,10,12,6,1,0,55,2,49,32,49032,4,1994,1NXAE09B9RZ1,1,N,X,A,E,0,9,B,9,R,Z,1,0,P,TOYT,LED,4D,94,17,2458,,0,970,,G,,F,4,108,,,14R185,,,,,,0,0,000000000,00000000000,0,0,0,1,0,0,0,0,0,0,0,999,0,0,0,3,3,6,2,12,0,0,0,1,55,53204,0,0,0,0,0,0,65,160,0,0,0,0,1,3,2011,3,2011,0,0,0,0,0,1,2,25,1,1,2,1,0,0,1,17,1,1,1,87,2,1
55,550115,1,1,1,27,4,2,23,42,0,1,0,55,1,19,21,19021,4,2005,1G6DW6778501,1,G,6,D,W,6,7,7,8,5,0,1,0,P,CADI,CST,4D,5,17,3960,,0,1164,,G,,F,6,220,,,17R235,,,,,,0,0,000000000,00000000000,0,0,0,1,0,0,0,0,0,0,0,999,0,0,0,9,9,6,2,42,0,0,0,1,55,53121,6,1,6,0,3,0,71,260,0,0,0,0,1,1,2010,1,2010,1,58,0,0,0,1,2,55,3,1,2,1,0,0,14,6,8,3,4,2,1,1
55,550116,1,1,2,27,4,12,17,24,0,1,0,47,3,82,881,82881,66,2003,1FUJA6CG53PK,1,F,U,J,A,6,C,G,5,3,P,K,0,T,FRHT,COL,TR,3,17,,8,0,0,CON,D,,,6,774,,,,,00000,00,,64,0,57,878741,57878741,3,5,96,1,0,0,0,0,0,0,0,65,0,0,0,12,12,6,2,24,0,0,0,1,47,37091,6,1,6,0,3,0,74,230,0,0,0,0,0,0,0,0,0,0,0,0,0,0,2,2,65,1,5,2,1,0,0,1,13,1,1,4,1,1,0
55,550117,1,2,2,29,4,15,50,12,6,1,0,55,1,20,16,20016,4,2003,1G1JC52F5373,1,G,1,J,C,5,2,F,5,3,7,3,0,P,CHEV,CAV,4D,3,17,2971,,0,1041,,G,,F,4,134,,,14R195,,,,,,0,0,000000000,00000000000,0,0,0,1,0,0,0,0,0,0,0,5,0,0,0,4,4,6,8,12,0,0,0,1,55,54945,6,1,0,0,3,0,69,165,0,0,0,0,0,0,0,0,0,0,38,0,0,0,1,2,35,1,1,2,1,0,0,3,17,1,1,1,87,0,0
55,550117,2,2,1,29,4,15,50,12,6,1,0,55,2,72,706,72706,80,1994,1HD1BJL49RY0,1,H,D,1,B,J,L,4,9,R,Y,0,0,M,HD,STC,RS,94,17,,,,,,,1340,,2,,4,710,,,,,,,0,0,000000000,00000000000,0,0,0,1,0,0,0,0,0,0,0,35,0,0,0,12,12,6,8,12,0,0,0,1,55,54407,6,1,0,0,3,3,66,185,0,0,0,0,0,0,0,0,0,0,0,0,0,0,1,2,45,2,1,2,1,0,0,14,66,99,1,1,86,1,0
55,550118,1,2,1,1,4,9,39,12,2,1,0,55,1,12,402,12402,14,2002,1FMYU04192KA,1,F,M,Y,U,0,4,1,9,2,K,A,0,P,FORD,SPE,UT,2,17,3511,,0,1031,,G,,F,6,181,,,15R225,,,,,,0,0,000000000,00000000000,0,0,0,1,0,0,0,0,0,0,0,55,0,0,0,12,12,6,2,12,0,0,0,1,55,54217,6,1,0,0,3,0,72,180,0,0,0,0,0,0,0,0,0,0,28,91,0,0,1,2,55,1,1,2,1,0,0,1,10,7,1,2,50,0,1
55,550118,2,2,2,1,4,9,39,12,2,1,0,55,1,6,441,6441,20,2008,2A8HR64X58R8,2,A,8,H,R,6,4,X,5,8,R,8,0,T,CHRY,LMT,ES,8,17,,2,0,1212,TWC,G,,,6,244,,,,,4621,00,,42,0,0,000000000,00000000000,0,0,0,1,0,0,0,0,0,0,0,55,0,0,0,12,12,6,2,12,0,0,0,1,55,54201,6,1,6,0,3,3,71,190,0,0,0,0,1,6,2010,6,2010,0,0,0,0,0,1,2,55,1,1,2,1,0,0,1,54,99,1,1,51,2,0
55,550119,1,2,1,12,5,15,44,12,2,1,0,55,2,6,441,6441,20,2008,2A8HR64X08R6,2,A,8,H,R,6,4,X,0,8,R,6,0,T,CHRY,LMT,ES,8,17,,2,0,1212,TWC,G,,,6,244,,,,,4621,00,,42,0,0,000000000,00000000000,0,0,0,1,0,0,0,0,0,0,0,65,0,0,0,12,12,6,2,12,0,0,0,1,55,53916,6,2,0,0,3,0,69,140,3,0,0,0,3,3,2009,11,2010,1,0,0,0,0,1,2,55,1,1,2,1,0,0,1,12,1,1,4,50,0,0
55,550119,2,2,1,12,5,15,44,12,2,1,0,55,1,72,706,72706,80,1997,1HD1GGL11VY3,1,H,D,1,G,G,L,1,1,V,Y,3,0,M,HD,FDS,RS,97,17,,,,,,,1340,,2,,4,621,,,,,,,0,0,000000000,00000000000,0,0,0,1,0,0,0,0,0,0,0,55,0,0,0,12,12,6,2,12,0,0,0,1,55,53956,6,1,0,0,3,0,70,210,1,0,0,0,0,7,2009,7,2009,0,0,0,0,0,1,2,55,1,1,2,1,0,0,1,62,7,1,4,51,1,0
55,550120,1,2,1,13,5,5,24,12,6,1,0,17,3,84,881,84881,66,2009,1HTWYAHRX9J0,1,H,T,W,Y,A,H,R,X,9,J,0,1,T,INTL,760,CC,9,17,,8,0,0,70S,D,,,6,661,,,,,00000,00,,64,1,57,00342968,5700342968,3,6,6,1,0,0,0,0,0,0,0,48,0,0,0,12,12,4,3,12,0,0,0,1,18,60193,6,1,6,0,3,0,71,165,0,0,0,1,2,7,2009,11,2010,0,0,0,0,0,1,2,55,1,5,2,1,0,0,1,66,99,1,1,88,0,0
55,550120,2,2,1,13,5,5,24,12,6,1,0,55,2,18,20,18020,4,1992,2G4WB54T6N14,2,G,4,W,B,5,4,T,6,N,1,4,0,P,BUIC,RGC,4D,92,17,3236,,0,1075,,G,,F,6,191,,,14R205,,,,,,0,0,000000000,00000000000,0,0,0,1,0,0,0,0,0,0,0,999,0,0,0,10,10,6,2,12,0,0,0,1,55,53919,6,1,0,0,3,0,62,125,0,0,0,0,0,0,0,0,0,0,38,0,0,0,1,2,55,1,5,2,1,20,3,1,17,1,1,1,89,1,1