STATE,ST_CASE,VEH_NO,VE_FORMS,NUMOCCS,DAY,MONTH,HOUR,MINUTE,HARM_EV,MAN_COLL,UNITTYPE,HIT_RUN,REG_STAT,OWNER,MAKE,MODEL,MAK_MOD,BODY_TYP,MOD_YEAR,VIN,VIN_1,VIN_2,VIN_3,VIN_4,VIN_5,VIN_6,VIN_7,VIN_8,VIN_9,VIN_10,VIN_11,VIN_12,TOW_VEH,VINTYPE,VINMAKE,VINA_MOD,VIN_BT,VINMODYR,VIN_LNGT,VIN_WGT,WGTCD_TR,WHLBS_LG,WHLBS_SH,SER_TR,FUELCODE,MCYCL_DS,CARBUR,CYLINDER,DISPLACE,MCYCL_CY,MCYCL_WT,TIRE_SZE,TON_RAT,TRK_WT,TRKWTVAR,VIN_REST,WHLDRWHL,J_KNIFE,MCARR_I1,MCARR_I2,MCARR_ID,GVWR,V_CONFIG,CARGO_BT,HAZ_INV,HAZ_PLAC,HAZ_ID,HAZ_CNO,HAZ_REL,BUS_USE,SPEC_USE,EMER_USE,TRAV_SP,UNDERIDE,ROLLOVER,ROLINLOC,IMPACT1,IMPACT2,DEFORMED,TOWED,M_HARM,VEH_SC1,VEH_SC2,FIRE_EXP,DR_PRES,L_STATE,DR_ZIP,L_STATUS,L_TYPE,CDL_STAT,L_ENDORS,L_COMPL,L_RESTRI,DR_HGT,DR_WGT,PREV_ACC,PREV_SUS,PREV_DWI,PREV_SPD,PREV_OTH,FIRST_MO,FIRST_YR,LAST_MO,LAST_YR,SPEEDREL,DR_SF1,DR_SF2,DR_SF3,DR_SF4,VTRAFWAY,VNUM_LAN,VSPD_LIM,VALIGN,VPROFILE,VPAVETYP,VSURCOND,VTRAFCON,VTCONT_F,P_CRASH1,P_CRASH2,P_CRASH3,PCRASH4,PCRASH5,ACC_TYPE,DEATHS,DR_DRINK
55,550121,1,2,1,14,5,16,10,12,2,1,0,55,1,23,481,23481,31,2003,1GTHK29183E3,1,G,T,H,K,2,9,1,8,3,E,3,0,T,GMC,2KH,4C,3,17,,2,1575,1430,SIE,D,,,8,403,,,,C,5497,03,U,44,0,0,000000000,00000000000,0,0,0,1,0,0,0,0,0,0,0,55,0,0,0,12,12,6,2,12,0,0,0,1,55,53001,6,1,0,0,3,0,71,200,0,0,0,0,0,0,0,0,0,0,58,87,0,0,1,2,55,1,3,2,2,0,0,1,11,6,1,2,50,0,1
55,550121,2,2,1,14,5,16,10,12,2,1,0,55,1,12,481,12481,31,1991,1FTEX15Y7MKB,1,F,T,E,X,1,5,Y,7,M,K,B,0,T,FORD,F15,PC,91,17,,2,1550,1390,COF,G,,,6,300,,,,B,3892,02,A,42,0,0,000000000,00000000000,0,0,0,1,0,0,0,0,0,0,0,55,0,0,0,12,12,6,2,12,0,0,0,1,12,34117,6,1,6,0,3,3,68,999,0,0,0,0,0,0,0,0,0,0,0,0,0,0,1,2,55,1,3,2,2,0,0,1,62,99,1,1,51,1,0
55,550122,1,2,1,14,5,18,10,12,2,1,0,55,2,22,2,22002,4,1993,1G2HX53L5P12,1,G,2,H,X,5,3,L,5,P,1,2,0,P,PONT,BVS,4D,93,17,0,,0,1108,,G,,F,6,231,,,15R215,,,,,,0,0,000000000,00000000000,0,0,0,1,0,0,0,0,0,0,0,999,0,0,0,12,12,6,2,12,0,0,0,1,55,53933,6,1,0,0,3,0,69,130,1,0,0,0,3,2,2009,5,2009,0,0,0,0,0,1,2,55,2,6,2,2,0,0,14,10,1,1,2,50,1,1
55,550122,2,2,2,14,5,18,10,12,2,1,0,55,2,7,442,7442,20,2009,2D8HN54159R6,2,D,8,H,N,5,4,1,5,9,R,6,0,P,DODG,CAR,SV,9,17,4483,,0,1212,,G,,F,6,232,,,16R225,,,,,,0,0,000000000,00000000000,0,0,0,1,0,0,0,0,0,0,0,999,0,0,0,12,12,6,2,12,0,0,0,1,55,53916,6,1,0,0,3,0,69,160,0,0,0,0,0,0,0,0,0,0,0,0,0,0,1,2,55,2,5,2,2,0,0,14,62,99,1,1,51,0,0
55,550123,1,2,1,17,5,16,15,12,2,1,0,55,1,2,405,2405,14,2002,1J4GL58K92W2,1,J,4,G,L,5,8,K,9,2,W,2,0,T,JEEP,LMD,4W,2,17,,1,0,1043,LIB,G,,,6,226,,,,,3975,00,E,44,0,0,000000000,00000000000,0,0,0,1,0,0,0,0,0,0,0,55,0,0,0,12,12,6,2,12,0,0,0,1,55,53532,6,1,0,0,3,3,67,130,1,0,0,0,1,3,2009,5,2009,0,0,0,0,0,2,2,55,1,1,2,1,0,0,1,10,1,1,2,50,1,0
55,550123,2,2,1,17,5,16,15,12,2,1,0,55,3,85,881,85881,66,1998,1XKADR9X3WJ7,1,X,K,A,D,R,9,X,3,W,J,7,1,T,KW,T60,TR,98,17,,8,2600,1600,CON,D,,,6,774,,,,,00000,00,,64,1,57,579302,57579302,3,6,3,1,0,0,0,0,0,0,0,35,0,0,0,12,12,6,2,12,0,0,0,1,55,53960,6,1,6,0,3,3,74,250,0,0,0,0,0,0,0,0,0,0,0,0,0,0,1,2,55,1,1,2,1,0,0,1,62,3,2,1,51,0,0
55,550124,1,1,2,17,5,19,12,1,0,1,0,17,2,23,401,23401,14,1997,1GKCT18W1VK5,1,G,K,C,T,1,8,W,1,V,K,5,0,T,GMC,JMY,2W,97,17,,1,0,1005,JMY,G,,,6,262,,,,B,3880,00,M,44,0,0,000000000,00000000000,0,0,0,1,0,0,0,0,0,0,0,999,0,2,3,0,0,6,2,1,0,0,0,1,17,61080,6,1,0,0,3,0,999,999,0,0,0,1,0,3,2011,3,2011,0,58,0,0,0,2,2,65,1,6,2,1,0,0,1,10,99,1,4,6,2,0
55,550125,1,1,1,20,5,7,37,8,0,1,0,55,3,94,981,94981,50,2005,1T88S4C13511,1,T,8,8,S,4,C,1,3,5,1,1,0,T,THMS,,,5,17,,,,,,,,,,,,,,,,,,,0,77,777777777,77777777777,3,21,22,1,0,0,0,0,1,0,0,999,0,0,0,12,12,0,3,8,0,0,0,1,55,53525,6,1,6,1,3,3,72,230,3,0,0,0,1,5,2008,12,2010,0,0,0,0,0,1,2,25,1,1,2,1,20,3,11,80,1,1,2,13,0,0
55,550126,1,2,1,20,5,15,30,12,6,1,0,55,1,12,481,12481,31,2001,2FTRX18L01CB,2,F,T,R,X,1,8,L,0,1,C,B,0,T,FORD,F15,4C,1,17,,2,1574,1388,COF,G,,,8,330,,,,B,4611,04,U,44,0,0,000000000,00000000000,0,0,0,1,0,0,0,0,0,0,0,45,0,0,0,12,12,6,2,12,0,0,0,1,55,53045,6,1,0,0,3,0,72,200,0,0,0,0,0,0,0,0,0,0,0,0,0,0,2,2,45,1,1,2,1,0,0,1,62,1,1,1,69,0,0
55,550126,2,2,2,20,5,15,30,12,6,1,0,55,1,72,706,72706,80,2007,1HD1KB4187Y6,1,H,D,1,K,B,4,1,8,7,Y,6,0,M,HD,FHX,RS,7,17,,,,,,,1584,,2,,4,733,,,,,,,0,0,000000000,00000000000,0,0,0,1,0,0,0,0,0,0,0,15,0,0,0,1,1,6,2,12,0,0,0,1,55,53711,6,1,0,0,3,0,71,200,1,0,0,0,0,10,2010,10,2010,0,38,48,0,0,2,2,45,1,1,2,1,0,0,11,15,1,1,2,68,1,1
55,550127,1,2,1,21,5,2,17,12,1,1,1,99,9,47,36,47036,4,1999,YS3ED48E8X30,Y,S,3,E,D,4,8,E,8,X,3,0,0,P,SAA,9/5,4D,99,17,3510,,0,1064,,G,,T,4,140,,,16R215,,,,,,0,0,000000000,00000000000,0,0,0,1,0,0,0,0,0,0,0,999,0,0,0,12,12,4,1,12,0,0,0,1,99,99999,9,9,99,9,9,9,999,999,99,99,99,99,99,99,9999,99,9999,1,0,0,0,0,2,2,35,1,1,2,1,4,3,1,51,1,1,1,24,0,0
55,550127,2,2,1,21,5,2,17,12,1,1,0,55,0,99,709,99709,88,2007,5RY0810487S0,5,R,Y,0,8,1,0,4,8,7,S,0,0,U,,,,7,17,,,,,,,,,,,,,,,,,,,0,0,000000000,00000000000,0,0,0,1,0,0,0,0,0,0,0,999,0,0,0,6,6,6,2,12,0,0,0,1,55,53223,1,1,0,0,2,0,73,165,0,1,0,0,4,10,2008,12,2009,0,0,0,0,0,2,2,35,1,1,2,1,4,3,1,53,1,1,1,25,1,0
55,550128,1,1,1,6,5,13,56,33,0,1,0,27,2,76,705,76705,80,1999,JYARJ04EXXA0,J,Y,A,R,J,0,4,E,X,X,A,0,0,M,YAMA,R6L,RC,99,17,,,,,,,599,,4,,4,370,,,,,,,0,0,000000000,00000000000,0,0,0,1,0,0,0,0,0,0,0,80,0,0,0,61,99,6,2,24,0,0,0,1,55,54449,1,1,0,0,2,0,70,150,0,0,0,1,2,7,2008,3,2010,1,92,0,0,0,2,2,35,2,1,1,1,0,0,15,12,99,1,4,6,1,0
55,550129,1,2,4,21,5,9,47,12,6,1,0,55,1,19,3,19003,4,1993,1G6CD53B9P43,1,G,6,C,D,5,3,B,9,P,4,3,0,P,CADI,DFW,4D,93,17,3424,,0,1138,,G,,F,8,300,,,15R205,,,,,,0,0,000000000,00000000000,0,0,0,1,0,0,0,0,0,0,0,55,0,0,0,2,2,6,2,12,0,0,0,1,55,53545,6,1,4,0,3,0,68,160,0,0,0,1,2,11,2009,7,2010,0,92,0,0,0,1,2,55,1,1,2,1,0,0,17,50,8,4,2,68,3,0
55,550129,2,2,5,21,5,9,47,12,6,1,0,55,1,37,441,37441,20,1995,JHMRA1874SC0,J,H,M,R,A,1,8,7,4,S,C,0,0,P,HOND,ODY,SV,95,17,3390,,0,1114,,G,,F,4,132,,,15R205,,,,,,0,0,000000000,00000000000,0,0,0,1,0,0,0,0,0,0,0,55,0,0,0,12,12,6,2,12,0,0,0,1,55,53576,6,1,8,0,3,3,68,240,0,0,0,0,0,0,0,0,0,0,0,0,0,0,1,2,55,1,1,2,1,0,0,1,60,3,2,1,69,0,0
55,550130,1,2,2,7,5,1,53,12,2,1,0,27,2,7,41,7041,4,2000,2B3HD56J4YH4,2,B,3,H,D,5,6,J,4,Y,H,4,0,P,DODG,IES,4D,0,17,3403,,0,1130,,G,,F,6,197,,,16R225,,,,,,0,0,000000000,00000000000,0,0,0,1,0,0,0,0,0,0,0,999,0,0,0,12,12,6,2,12,0,0,1,1,27,55808,4,1,0,0,2,0,70,165,1,6,0,0,0,8,2009,10,2010,0,92,0,0,0,1,2,55,1,3,2,1,0,0,1,54,8,2,1,51,1,0
55,550130,2,2,1,7,5,1,53,12,2,1,0,55,1,20,2,20002,4,2008,2G1WT55NX891,2,G,1,W,T,5,5,N,X,8,9,1,0,P,CHEV,IMT,4D,8,17,3555,,0,1105,,G,,F,6,214,,,16R225,,,,,,0,0,000000000,00000000000,0,0,0,1,0,0,0,0,0,0,0,999,0,0,0,12,12,6,2,12,0,0,1,1,55,54880,6,1,3,0,3,0,72,190,0,0,0,1,1,9,2008,9,2009,0,28,51,0,0,1,2,55,1,3,2,1,0,0,1,10,9,2,1,50,1,1
55,550131,1,1,2,21,5,17,38,10,0,1,0,55,1,12,471,12471,30,1992,1FTCR15X3NPA,1,F,T,C,R,1,5,X,3,N,P,A,0,T,FORD,RNS,PC,92,17,,1,0,1250,RNG,G,,,6,245,,,,B,3174,09,A,44,0,0,000000000,00000000000,0,0,0,1,0,0,0,0,0,0,0,15,0,0,0,1,1,6,2,10,0,0,0,1,55,53579,6,1,0,0,3,1,66,220,0,0,0,0,0,0,0,0,0,0,39,0,0,0,1,2,25,1,1,2,1,65,3,98,98,1,1,2,98,2,1
55,550132,1,1,3,21,5,23,48,42,0,1,0,55,1,12,16,12016,4,2001,2FAFP71WX1X1,2,F,A,F,P,7,1,W,X,1,X,1,0,P,FORD,CVP,4D,1,17,3996,,0,1147,,G,,F,8,281,,,16R225,,,,,,0,0,000000000,00000000000,0,0,0,1,0,0,0,0,0,0,0,90,0,0,0,9,9,6,2,42,0,0,0,1,55,54001,6,1,0,0,3,3,71,170,0,0,0,0,0,0,0,0,0,1,58,0,0,0,1,2,55,3,6,2,1,0,0,14,6,8,3,4,1,2,1
55,550133,1,1,2,22,5,1,24,59,0,1,0,55,1,6,51,6051,4,2005,2C3JA63H85H6,2,C,3,J,A,6,3,H,8,5,H,6,0,P,CHRY,30C,4D,5,17,4064,,0,1200,,G,,F,8,348,,,18R225,,,,,,0,0,000000000,00000000000,0,0,0,1,0,0,0,0,0,0,0,61,0,1,5,12,12,6,2,1,0,0,0,1,55,53140,6,1,0,0,3,3,73,165,0,0,0,0,0,0,0,0,0,1,0,0,0,0,1,2,35,3,3,1,1,40,3,1,13,99,1,4,1,1,1
55,550134,1,1,1,23,5,7,45,8,0,1,0,55,1,37,31,37031,4,2005,JHMES95605S0,J,H,M,E,S,9,5,6,0,5,S,0,0,P,HOND,CHY,4D,5,17,2732,,0,1032,,B,,F,4,082,,,14R185,,,,,,0,0,000000000,00000000000,0,0,0,1,0,0,0,0,0,0,0,25,0,0,0,12,12,4,1,8,0,0,0,1,55,54661,6,1,0,0,3,3,68,175,0,0,0,1,0,11,2008,11,2008,0,0,0,0,0,2,2,25,1,1,1,1,0,0,1,80,99,1,1,13,0,0
55,550135,1,2,1,26,5,16,42,12,6,1,0,55,1,20,403,20403,14,2007,1GNDT13S4722,1,G,N,D,T,1,3,S,4,7,2,2,0,P,CHEV,TRL,UT,7,17,4523,,0,1130,,G,,F,6,256,,,17R245,,,,,,0,0,000000000,00000000000,0,0,0,1,0,0,0,0,0,0,0,999,0,0,0,12,12,4,3,12,0,0,0,1,55,53074,6,1,0,0,3,0,72,265,0,0,0,0,0,0,0,0,0,0,38,0,0,0,1,2,35,1,1,2,1,20,3,4,66,1,1,1,88,0,1
55,550135,2,2,1,26,5,16,42,12,6,1,0,55,1,76,706,76706,80,1987,JYA1NL003HA0,J,Y,A,1,N,L,0,0,3,H,A,0,0,M,YAMA,XZ3,RS,87,17,,,,,,,1294,,4,,4,732,,,,,,,0,0,000000000,00000000000,0,0,0,1,0,0,0,0,0,0,0,25,0,0,0,10,10,6,2,12,0,0,0,1,55,53004,6,1,6,0,3,0,71,210,0,0,0,1,0,10,2010,10,2010,0,0,0,0,0,1,2,25,1,1,2,1,0,0,1,17,1,1,1,89,1,0
55,550136,1,1,1,8,5,22,23,35,0,1,0,27,1,12,481,12481,31,2001,2FTRX18L91CA,2,F,T,R,X,1,8,L,9,1,C,A,0,T,FORD,F15,4C,1,17,,2,1574,1388,COF,G,,,8,330,,,,B,4611,04,U,44,0,0,000000000,00000000000,0,0,0,1,0,0,0,0,0,0,0,999,0,1,5,12,0,6,2,1,0,0,0,1,27,55107,6,1,6,0,3,0,999,999,0,0,0,0,1,9,2009,9,2009,0,58,0,0,0,1,2,55,2,5,2,1,0,0,14,13,6,1,4,6,1,1
55,550137,1,1,1,4,5,22,56,33,0,1,0,55,1,72,706,72706,80,2000,1HD1FCW1XYY6,1,H,D,1,F,C,W,1,X,Y,Y,6,0,M,HD,FLU,RS,0,17,,,,,,,1450,,2,,4,788,,,,,,,0,0,000000000,00000000000,0,0,0,1,0,0,0,0,0,0,0,45,0,0,0,1,99,4,3,1,0,0,0,1,55,53034,6,1,6,0,2,3,73,165,0,0,0,0,1,8,2009,8,2009,0,0,0,0,0,6,1,55,1,1,1,1,0,0,16,8,99,1,1,6,1,1
55,550138,1,2,1,28,5,20,55,11,0,1,0,55,1,20,34,20034,3,1997,2C1MR2297V67,2,C,1,M,R,2,2,9,7,V,6,7,0,P,GEO,LSI,2H,97,17,1821,,0,931,,G,,F,4,079,,,13R155,,,,,,0,0,000000000,00000000000,0,0,0,1,0,0,0,0,0,0,0,55,0,0,0,12,12,6,2,12,0,0,0,1,55,53147,6,1,0,0,3,0,67,158,0,0,0,1,0,9,2008,9,2008,0,0,0,0,0,1,2,55,3,5,2,1,0,0,14,87,99,1,1,13,1,0
55,550138,2,2,2,28,5,20,55,11,0,1,0,55,1,12,481,12481,31,2005,1FTRX14W15NB,1,F,T,R,X,1,4,W,1,5,N,B,0,T,FORD,F15,4C,5,17,,2,1450,1260,COF,G,,,8,281,,,,B,5363,05,U,44,0,0,000000000,00000000000,0,0,0,1,0,0,0,0,0,0,0,55,0,0,0,12,12,6,2,12,0,0,0,1,55,53181,6,1,0,0,3,0,70,230,1,0,0,0,0,9,2009,9,2009,0,0,0,0,0,1,2,55,2,6,2,1,0,0,14,62,99,1,1,98,0,0
55,550139,1,2,3,9,5,15,43,12,6,1,0,55,1,20,421,20421,15,1999,1GNEK13R0XJ3,1,G,N,E,K,1,3,R,0,X,J,3,0,P,CHEV,KTA,UT,99,17,5268,,0,1175,,G,,F,8,350,,,16R245,,,,,,0,0,000000000,00000000000,0,0,0,1,0,0,0,0,0,0,0,999,0,0,0,82,82,2,3,12,0,0,0,1,55,53172,6,1,0,0,3,3,60,105,0,0,0,0,0,0,0,0,0,0,38,91,0,0,1,2,30,1,1,2,2,2,3,11,17,99,1,1,76,0,0
55,550139,2,2,1,9,5,15,43,12,6,1,0,55,1,99,709,99709,81,2007,LHJLC13J47B0,L,H,J,L,C,1,3,J,4,7,B,0,0,U,,,,7,17,,,,,,,,,,,,,,,,,,,0,0,000000000,00000000000,0,0,0,1,0,0,0,0,0,0,0,999,0,0,0,12,12,4,3,12,0,0,0,1,55,53110,6,1,0,0,3,0,74,250,0,0,0,0,1,6,2008,6,2008,0,0,0,0,0,1,2,30,1,1,2,2,2,3,1,62,99,1,1,77,1,0
55,550140,1,1,1,5,5,2,28,19,0,1,0,55,2,22,16,22016,2,1996,1G2JB1240T75,1,G,2,J,B,1,2,4,0,T,7,5,0,P,PONT,SFS,CP,96,17,2611,,0,1041,,G,,F,4,133,,,14R195,,,,,,0,0,000000000,00000000000,0,0,0,1,0,0,0,0,0,0,0,999,0,0,0,12,12,6,2,2,0,0,1,1,55,54449,0,0,0,0,0,0,68,175,0,0,0,0,0,0,0,0,0,0,0,0,0,0,1,2,25,1,1,2,1,0,0,1,14,1,1,4,14,1,1
55,550141,1,2,2,6,5,12,34,12,6,1,0,55,1,7,442,7442,20,2003,2D4GP74L23R1,2,D,4,G,P,7,4,L,2,3,R,1,0,T,DODG,GEX,ES,3,17,,1,0,1193,CAR,G,,,6,230,,,,,4090,00,E,42,0,0,000000000,00000000000,0,0,0,1,0,0,0,0,0,0,0,60,0,1,4,83,0,6,2,12,0,0,0,1,55,53027,6,1,0,0,3,3,73,210,0,0,0,0,0,0,0,0,0,0,38,39,0,0,1,2,45,1,1,2,1,20,3,1,17,99,1,1,87,1,0
55,550141,2,2,3,6,5,12,34,12,6,1,0,55,1,12,481,12481,31,2007,1FTPW14V77FB,1,F,T,P,W,1,4,V,7,7,F,B,0,T,FORD,F1S,CW,7,17,,2,0,1390,COF,F,,,8,329,,,,B,5476,01,E,44,0,0,000000000,00000000000,0,0,0,1,0,0,0,0,0,0,0,55,0,0,0,12,12,6,2,12,0,0,0,1,55,53034,6,1,0,0,3,0,62,140,0,0,0,0,0,0,0,0,0,0,0,0,0,0,1,2,55,1,1,2,1,0,0,1,66,99,1,1,86,0,0
55,550142,1,1,1,8,5,14,23,42,0,1,0,0,0,37,702,37702,83,2001,JH2HE01071K0,J,H,2,H,E,0,1,0,7,1,K,0,0,M,HOND,XR8,T,1,17,,,,,,,80,,1,,4,154,,,,,,,0,0,000000000,00000000000,0,0,0,1,0,0,0,0,0,0,0,50,0,0,0,12,12,6,2,42,0,0,0,1,55,53021,6,1,0,0,1,0,72,185,0,1,0,0,1,8,2008,4,2010,1,0,0,0,0,1,2,35,3,1,2,1,0,0,14,13,99,1,4,1,1,0
55,550143,1,1,0,29,5,11,31,8,0,1,0,55,6,18,2,18002,4,2000,1G4HP54K2YU3,1,G,4,H,P,5,4,K,2,Y,U,3,0,P,BUIC,LCF,4D,0,17,3567,,0,1122,,G,,F,6,231,,,15R215,,,,,,0,0,000000000,00000000000,0,0,0,1,0,0,0,0,0,0,0,10,0,0,0,6,6,2,1,8,0,0,0,0,0,99997,7,6,97,7,6,7,998,997,998,998,998,998,998,98,9998,98,9998,8,32,0,0,0,1,2,0,3,1,2,1,0,0,0,98,0,0,0,98,0,0
55,550144,1,2,1,6,5,6,35,12,1,1,0,55,1,20,2,20002,4,2003,2G1WF52E8391,2,G,1,W,F,5,2,E,8,3,9,1,0,P,CHEV,IMP,4D,3,17,3389,,0,1105,,G,,F,6,207,,,16R225,,,,,,0,0,000000000,00000000000,0,0,0,1,0,0,0,0,0,0,0,999,0,0,0,12,12,6,2,12,0,0,0,1,55,53955,6,1,0,0,3,0,71,150,0,0,0,1,1,2,2010,12,2010,0,0,0,0,0,1,2,55,2,5,2,1,0,0,14,52,99,1,1,28,1,0
55,550144,2,2,1,6,5,6,35,12,1,1,0,55,3,84,981,84981,50,2011,4DRBUSKP7BB2,4,D,R,B,U,S,K,P,7,B,B,2,0,T,INTL,,,11,17,,,,,,D,,,8,390,,,,,,,,,0,57,00485533,5700485533,3,21,22,1,0,0,0,0,1,0,0,999,0,0,0,6,6,6,2,12,0,0,0,1,55,53911,6,1,6,1,3,0,65,150,0,0,0,0,0,0,0,0,0,0,0,0,0,0,1,2,55,2,5,2,1,0,0,2,53,99,1,1,29,0,0
55,550145,1,1,1,15,5,6,5,53,0,1,0,55,1,20,16,20016,2,1997,1G1JF12TXV72,1,G,1,J,F,1,2,T,X,V,7,2,0,P,CHEV,CZ2,CP,97,17,2749,,0,1041,,G,,F,4,146,,,16R205,,,,,,0,0,000000000,00000000000,0,0,0,1,0,0,0,0,0,0,0,999,0,1,6,12,0,6,2,1,0,0,0,1,55,54440,6,2,0,0,3,0,71,190,0,1,1,0,1,2,2009,5,2011,0,28,89,0,0,1,2,55,1,1,2,1,0,0,1,10,99,1,4,6,1,1
55,550146,1,1,1,6,5,20,54,1,0,1,0,55,1,2,404,2404,14,2000,1J4GW58N3YC3,1,J,4,G,W,5,8,N,3,Y,C,3,0,T,JEEP,LMT,4W,0,17,,1,0,1059,GCK,G,,,8,287,,,,,3917,01,E,44,0,0,000000000,00000000000,0,0,0,1,0,0,0,0,0,0,0,999,0,2,5,0,0,6,2,1,0,0,0,1,55,53066,6,1,0,0,3,0,65,130,0,0,0,0,0,0,0,0,0,0,89,0,0,0,1,2,55,3,3,1,1,0,0,14,13,3,2,4,2,1,1
55,550147,1,1,2,18,5,18,37,1,0,1,0,26,1,7,42,7042,2,1998,4B3AU52N6WE0,4,B,3,A,U,5,2,N,6,W,E,0,0,P,DODG,AES,CP,98,17,2886,,0,1037,,G,,F,6,152,,,17R215,,,,,,0,0,000000000,00000000000,0,0,0,1,0,0,0,0,0,0,0,999,0,2,1,0,0,6,2,1,0,0,0,1,26,49938,6,1,0,0,3,0,66,135,0,0,0,1,0,7,2010,7,2010,0,58,0,0,0,1,2,55,3,6,2,1,0,0,14,13,6,1,6,98,1,0
55,550148,1,1,1,23,5,3,31,32,0,1,0,55,1,12,481,12481,31,1992,1FTEX14Y3NKB,1,F,T,E,X,1,4,Y,3,N,K,B,0,T,FORD,F15,PC,92,17,,2,1550,1390,COF,G,,,6,300,,,,B,3996,03,A,44,0,0,000000000,00000000000,0,0,0,1,0,0,0,0,0,0,0,55,0,1,5,12,0,6,2,1,0,0,0,1,55,54768,2,1,0,0,2,0,70,170,2,1,1,0,0,10,2009,4,2011,0,92,0,0,0,1,2,55,1,1,2,2,0,0,1,13,99,1,4,1,1,1
55,550149,1,2,1,20,5,16,22,12,6,1,0,55,2,72,706,72706,80,2001,1HD1FRW1X1Y6,1,H,D,1,F,R,W,1,X,1,Y,6,0,M,HD,FCI,RS,1,17,,,,,,,1450,,2,,4,710,,,,,,,0,0,000000000,00000000000,0,0,0,1,0,0,0,0,0,0,0,999,0,0,0,12,12,6,2,12,0,0,0,1,55,53204,6,1,8,0,3,3,70,205,0,0,0,0,0,0,0,0,0,0,0,0,0,0,1,2,30,1,1,1,1,0,0,6,65,99,1,2,69,1,0
55,550149,2,2,2,20,5,16,22,12,6,1,0,55,2,19,3,19003,4,2000,1G6KD54Y1YU2,1,G,6,K,D,5,4,Y,1,Y,U,2,0,P,CADI,DFW,4D,0,17,4012,,0,1138,,G,,F,8,279,,,16R225,,,,,,0,0,000000000,00000000000,0,0,0,1,0,0,0,0,0,0,0,999,0,0,0,3,3,4,1,12,0,0,0,1,55,53218,6,1,6,0,3,0,67,305,0,0,0,0,1,12,2009,12,2009,0,38,92,0,0,1,2,30,1,1,1,1,0,0,11,54,99,1,1,68,0,0
55,550150,1,2,1,27,5,17,54,12,1,1,0,0,0,99,998,99998,92,2010,Z9RW02034,Z,9,R,W,0,2,0,3,4,,,,1,U,,,,10,9,,,,,,,,,,,,,,,,,,,1,0,000000000,00000000000,0,0,0,1,0,0,0,0,0,0,0,23,0,0,0,6,6,0,1,12,0,0,0,1,55,53554,6,1,0,0,1,0,78,180,0,0,0,0,0,0,0,0,0,0,24,0,0,0,2,2,65,1,6,1,1,0,0,1,53,1,1,1,25,0,0
55,550150,2,2,1,27,5,17,54,12,1,1,0,55,3,20,481,20481,31,2010,3GCRKSEA8AG2,3,G,C,R,K,S,E,A,8,A,G,2,0,T,CHEV,2SK,CW,10,17,,2,0,1435,SIL,F,,,8,293,,,,B,5346,00,,44,0,0,000000000,00000000000,0,0,0,1,0,0,0,0,0,0,0,73,1,0,0,12,12,6,2,2,0,0,1,1,55,53022,6,1,0,0,3,3,69,205,0,0,0,5,0,8,2008,9,2010,1,84,0,0,0,2,2,65,1,6,1,1,0,0,6,51,99,1,1,24,1,0
55,550151,1,2,4,28,5,2,5,12,6,1,0,92,0,20,36,20036,2,2000,2G1WX12K5Y92,2,G,1,W,X,1,2,K,5,Y,9,2,0,P,CHEV,MSS,CP,0,17,3391,,0,1075,,G,,F,6,231,,,16R225,,,,,,0,0,000000000,00000000000,0,0,0,1,0,0,0,0,0,0,0,999,0,0,0,12,12,6,2,12,0,0,0,1,55,53225,0,0,0,0,0,0,67,145,1,5,8,0,7,7,2008,2,2011,0,92,0,0,0,1,2,30,1,1,1,2,3,3,1,17,99,1,1,88,0,1
55,550151,2,2,2,28,5,2,5,12,6,1,0,55,2,18,7,18007,4,2003,2G4WS52J6312,2,G,4,W,S,5,2,J,6,3,1,2,0,P,BUIC,CCU,4D,3,17,3368,,0,1090,,G,,F,6,191,,,15R205,,,,,,0,0,000000000,00000000000,0,0,0,1,0,0,0,0,0,0,0,999,0,0,0,9,9,6,2,12,0,0,0,1,55,53222,1,2,0,0,2,0,72,200,0,0,0,0,1,4,2009,4,2009,0,38,91,92,0,1,2,25,1,1,1,2,3,3,1,17,99,1,1,89,1,1
55,550152,1,2,1,28,5,13,55,12,6,1,0,55,2,7,482,7482,31,2006,3D7LX39C66G2,3,D,7,L,X,3,9,C,6,6,G,2,0,T,DODG,ME3,CW,6,17,,2,0,1605,RPC,D,,,6,359,,,,D,7259,00,E,44,0,0,000000000,00000000000,0,0,0,1,0,0,0,0,0,0,0,15,0,0,0,83,83,4,3,12,0,0,0,1,55,53042,6,1,0,0,3,0,74,220,1,0,0,0,1,1,2011,2,2011,0,38,0,0,0,1,2,55,1,1,2,1,20,3,1,17,99,1,2,87,0,0
55,550152,2,2,1,28,5,13,55,12,6,1,0,55,1,72,706,72706,80,2008,1HD1CT3158K4,1,H,D,1,C,T,3,1,5,8,K,4,0,M,HD,20C,RS,8,17,,,,,,,1202,,2,,4,589,,,,,,,0,0,000000000,00000000000,0,0,0,1,0,0,0,0,0,0,0,55,0,0,0,12,12,6,2,12,0,0,0,1,55,53061,6,1,0,0,3,0,72,175,0,0,0,0,0,0,0,0,0,0,0,0,0,0,1,2,55,1,1,2,1,0,0,1,17,3,2,1,86,1,0