STATE,ST_CASE,VEH_NO,VE_FORMS,NUMOCCS,DAY,MONTH,HOUR,MINUTE,HARM_EV,MAN_COLL,UNITTYPE,HIT_RUN,REG_STAT,OWNER,MAKE,MODEL,MAK_MOD,BODY_TYP,MOD_YEAR,VIN,VIN_1,VIN_2,VIN_3,VIN_4,VIN_5,VIN_6,VIN_7,VIN_8,VIN_9,VIN_10,VIN_11,VIN_12,TOW_VEH,VINTYPE,VINMAKE,VINA_MOD,VIN_BT,VINMODYR,VIN_LNGT,VIN_WGT,WGTCD_TR,WHLBS_LG,WHLBS_SH,SER_TR,FUELCODE,MCYCL_DS,CARBUR,CYLINDER,DISPLACE,MCYCL_CY,MCYCL_WT,TIRE_SZE,TON_RAT,TRK_WT,TRKWTVAR,VIN_REST,WHLDRWHL,J_KNIFE,MCARR_I1,MCARR_I2,MCARR_ID,GVWR,V_CONFIG,CARGO_BT,HAZ_INV,HAZ_PLAC,HAZ_ID,HAZ_CNO,HAZ_REL,BUS_USE,SPEC_USE,EMER_USE,TRAV_SP,UNDERIDE,ROLLOVER,ROLINLOC,IMPACT1,IMPACT2,DEFORMED,TOWED,M_HARM,VEH_SC1,VEH_SC2,FIRE_EXP,DR_PRES,L_STATE,DR_ZIP,L_STATUS,L_TYPE,CDL_STAT,L_ENDORS,L_COMPL,L_RESTRI,DR_HGT,DR_WGT,PREV_ACC,PREV_SUS,PREV_DWI,PREV_SPD,PREV_OTH,FIRST_MO,FIRST_YR,LAST_MO,LAST_YR,SPEEDREL,DR_SF1,DR_SF2,DR_SF3,DR_SF4,VTRAFWAY,VNUM_LAN,VSPD_LIM,VALIGN,VPROFILE,VPAVETYP,VSURCOND,VTRAFCON,VTCONT_F,P_CRASH1,P_CRASH2,P_CRASH3,PCRASH4,PCRASH5,ACC_TYPE,DEATHS,DR_DRINK
55,550153,1,2,2,29,5,14,23,12,8,1,0,27,2,21,401,21401,14,2000,1GHDT13W5Y22,1,G,H,D,T,1,3,W,5,Y,2,2,0,P,OLDS,BRA,UT,0,17,4068,,0,1070,,G,,F,6,262,,,15R235,,,,,,0,0,000000000,00000000000,0,0,0,1,0,0,0,0,0,0,0,50,0,0,0,62,62,6,2,12,0,0,0,1,55,54612,6,1,0,0,3,3,70,150,0,0,0,1,1,6,2008,12,2008,0,28,33,0,0,1,2,55,2,1,2,1,0,0,6,10,99,1,2,64,1,0
55,550153,2,2,1,29,5,14,23,12,8,1,0,0,0,84,998,84998,92,2005,JAZ137601,J,A,Z,1,3,7,6,0,1,,,,1,T,INTL,,,5,9,,,,,,,,,,,,,,,,,,,1,0,000000000,00000000000,0,0,0,1,0,0,0,0,0,0,0,15,0,0,0,63,63,0,1,12,0,0,0,1,55,54747,6,2,0,0,1,0,72,195,0,0,0,0,0,0,0,0,0,0,0,0,0,0,1,2,55,3,1,2,1,0,0,14,62,99,1,1,65,0,0
55,550154,1,1,1,27,5,0,13,34,0,1,0,55,2,20,481,20481,31,2005,1GCEC14V75Z1,1,G,C,E,C,1,4,V,7,5,Z,1,0,T,CHEV,SC1,PK,5,17,,2,1330,1190,SIL,G,,,8,293,,,,B,4225,00,,42,0,0,000000000,00000000000,0,0,0,1,0,0,0,0,0,0,0,999,0,1,5,99,0,6,2,1,0,0,0,1,55,54177,6,1,0,0,3,0,64,150,0,0,0,0,0,0,0,0,0,0,0,0,0,0,1,2,55,1,1,2,1,0,0,1,12,3,3,4,7,1,1
55,550155,1,2,2,22,5,11,34,12,6,1,0,17,2,41,45,41045,1,2004,JM1NB3538404,J,M,1,N,B,3,5,3,8,4,0,4,0,P,MAZD,MIS,CV,4,17,2447,,0,892,,G,,F,4,112,,,16R205,,,,,,0,0,000000000,00000000000,0,0,0,1,0,0,0,0,0,0,0,999,0,0,0,9,9,6,2,12,0,0,0,1,17,60152,6,1,6,0,3,0,76,230,0,0,0,0,0,0,0,0,0,0,38,84,0,0,1,2,55,1,9,2,1,20,3,1,17,99,1,1,89,0,0
55,550155,2,2,2,22,5,11,34,12,6,1,0,55,1,72,706,72706,80,2002,1HD1FFW132Y6,1,H,D,1,F,F,W,1,3,2,Y,6,0,M,HD,TCI,RS,2,17,,,,,,,1450,,2,,4,776,,,,,,,0,0,000000000,00000000000,0,0,0,1,0,0,0,0,0,0,0,999,0,0,0,12,12,6,2,12,0,0,0,1,55,53090,6,1,0,0,3,0,72,245,0,0,0,0,1,3,2010,3,2010,0,84,0,0,0,1,2,55,1,9,2,1,0,0,1,66,99,1,1,88,2,0
55,550156,1,1,3,21,5,16,57,34,0,1,0,55,1,12,481,12481,31,2008,1FTSW21R18EC,1,F,T,S,W,2,1,R,1,8,E,C,0,T,FORD,F2S,CW,8,17,,2,1720,1560,SRW,D,,,8,390,,,,C,6523,01,E,44,0,0,000000000,00000000000,0,0,0,1,0,0,0,0,0,0,0,85,0,1,5,99,0,6,2,1,0,0,0,1,55,54636,6,1,6,0,3,0,66,135,0,0,0,0,0,0,0,0,0,1,37,0,0,0,1,2,55,3,6,1,1,0,0,14,6,7,1,4,6,3,1
55,550157,1,1,2,30,5,99,99,1,0,1,0,55,2,2,404,2404,14,2000,1J4GW48S7YC3,1,J,4,G,W,4,8,S,7,Y,C,3,0,T,JEEP,LRO,4W,0,17,,1,0,1059,GCK,G,,,6,244,,,,,3847,01,E,44,0,0,000000000,00000000000,0,0,0,1,0,0,0,0,0,0,0,999,0,2,5,0,0,6,2,1,0,0,0,1,55,54166,6,1,0,0,3,0,68,154,0,1,1,0,0,4,2010,4,2010,1,58,0,0,0,1,2,55,3,1,2,1,0,0,14,11,6,1,4,1,2,1
55,550158,1,2,2,14,5,10,42,12,6,1,0,27,1,20,481,20481,31,1999,2GCEK19T9X11,2,G,C,E,K,1,9,T,9,X,1,1,0,T,CHEV,SK1,3C,99,17,,2,1575,1435,SIL,G,,,8,325,,,,B,4621,00,,44,0,0,000000000,00000000000,0,0,0,1,0,0,0,0,0,0,0,50,0,0,0,12,12,6,2,12,0,0,0,1,27,55925,6,1,0,0,3,0,71,224,0,0,0,0,0,0,0,0,0,0,0,0,0,0,1,2,45,1,1,2,2,0,0,1,52,6,1,2,98,0,0
55,550158,2,2,1,14,5,10,42,12,6,1,0,27,2,13,1,13001,4,1996,1LNLM97V7TY6,1,L,N,L,M,9,7,V,7,T,Y,6,0,P,LINC,CDS,4D,96,17,3881,,0,1090,,G,,F,8,281,,,16R225,,,,,,0,0,000000000,00000000000,0,0,0,1,0,0,0,0,0,0,0,10,0,0,0,62,62,6,2,12,0,0,0,1,27,55947,6,1,0,0,3,3,67,150,0,0,0,0,0,0,0,0,0,0,48,89,0,0,1,2,45,1,1,2,2,0,0,12,10,99,1,2,98,1,0
55,550159,1,2,1,12,5,7,36,12,2,1,0,55,1,20,39,20039,4,2004,KL1TJ62614B2,K,L,1,T,J,6,2,6,1,4,B,2,0,P,CHEV,ALS,5D,4,17,2376,,0,976,,G,,F,4,098,,,14R185,,,,,,0,0,000000000,00000000000,0,0,0,1,0,0,0,0,0,0,0,999,0,0,0,12,12,6,2,12,0,0,0,1,55,54501,6,1,0,0,3,0,72,250,0,0,0,0,1,12,2008,12,2008,0,0,0,0,0,1,2,55,2,1,2,2,0,0,14,62,99,1,1,51,1,0
55,550159,2,2,2,12,5,7,36,12,2,1,0,55,2,49,40,49040,4,2010,4T1BF3EK7AU5,4,T,1,B,F,3,E,K,7,A,U,5,0,P,TOYT,CBA,4D,10,17,3263,,0,1093,,G,,F,4,152,,,16R215,,,,,,0,0,000000000,00000000000,0,0,0,1,0,0,0,0,0,0,0,999,0,0,0,12,12,6,2,12,0,0,0,1,55,54501,6,1,0,0,3,0,64,130,0,0,0,0,0,0,0,0,0,0,0,0,0,0,1,2,55,3,1,2,2,0,0,14,10,99,1,2,50,0,0
55,550160,1,1,4,29,5,23,45,14,0,1,0,55,2,20,37,20037,4,1998,1G1ND52M2WY1,1,G,1,N,D,5,2,M,2,W,Y,1,0,P,CHEV,MAL,4D,98,17,3100,,0,1070,,G,,F,6,191,,,15R215,,,,,,0,0,000000000,00000000000,0,0,0,1,0,0,0,0,0,0,0,60,0,0,0,9,9,6,2,14,0,0,0,1,55,53142,3,2,0,0,2,0,70,240,1,0,0,0,1,12,2009,1,2010,1,87,91,0,0,1,2,25,1,1,2,2,0,0,1,6,99,3,4,98,1,1
55,550161,2,1,2,1,6,12,56,14,0,1,0,27,2,6,10,6010,4,1983,2C3BF66P0DR1,2,C,3,B,F,6,6,P,0,D,R,1,0,P,CHRY,NYF,4D,83,17,3631,,0,1127,,G,,2,8,318,,,15R205,,,,,,0,0,000000000,00000000000,0,0,0,1,0,0,0,0,0,0,0,65,0,0,0,2,2,6,2,14,0,0,0,1,27,55329,6,1,0,0,3,0,75,275,0,0,0,0,0,0,0,0,0,0,0,0,0,0,2,2,65,1,1,2,1,40,3,1,13,1,1,4,1,1,0
55,550162,1,2,2,1,6,18,39,12,6,1,0,55,1,7,442,7442,20,2005,1D4GP45R45B2,1,D,4,G,P,4,5,R,4,5,B,2,0,P,DODG,CAR,SV,5,17,3845,,0,1133,,G,,F,6,201,,,16R215,,,,,,0,0,000000000,00000000000,0,0,0,1,0,0,0,0,0,0,0,55,0,0,0,2,2,6,2,12,0,0,0,1,55,53027,6,1,0,0,3,3,66,160,1,0,0,0,0,6,2009,6,2009,0,39,0,0,0,1,2,55,1,1,2,1,20,3,1,17,99,1,1,87,1,0
55,550162,2,2,1,1,6,18,39,12,6,1,0,55,1,12,471,12471,30,2011,1FTLR4FE1BPA,1,F,T,L,R,4,F,E,1,B,P,A,0,T,FORD,RNS,4C,11,17,,1,0,1259,RNG,G,,,6,244,,,,B,3606,00,R,44,0,0,000000000,00000000000,0,0,0,1,0,0,0,0,0,0,0,55,0,0,0,12,12,6,2,12,0,0,0,1,55,53590,6,1,6,0,3,0,67,175,0,0,0,0,0,0,0,0,0,0,0,0,0,0,1,2,55,1,1,2,1,0,0,6,66,1,1,2,86,0,0
55,550163,1,1,1,1,6,22,20,42,0,1,0,55,2,2,404,2404,14,2000,1J4FF48S2YL2,1,J,4,F,F,4,8,S,2,Y,L,2,0,T,JEEP,SPT,4W,0,17,,1,0,1014,CHK,G,,,6,244,,,,,3247,00,E,44,0,0,000000000,00000000000,0,0,0,1,0,0,0,0,0,0,0,999,0,0,0,99,9,6,2,42,0,0,0,1,17,60601,6,1,0,0,3,0,66,150,0,1,1,1,1,10,2008,3,2010,1,0,0,0,0,1,2,45,3,1,2,1,0,0,14,13,99,1,4,1,1,1
55,550164,1,1,1,4,6,14,0,35,0,1,0,55,1,12,401,12401,14,1993,1FMDU32X2PUE,1,F,M,D,U,3,2,X,2,P,U,E,0,P,FORD,EPR,UT,93,17,3858,,0,1120,,G,,F,6,245,,,15R225,,,,,,0,0,000000000,00000000000,0,0,0,1,0,0,0,0,0,0,0,60,0,1,5,12,99,6,2,1,0,0,0,1,55,54840,4,1,0,0,2,0,68,175,0,0,0,0,0,0,0,0,0,1,0,0,0,0,1,2,55,1,1,2,1,0,0,1,12,1,1,4,6,1,0
55,550165,1,1,1,5,6,22,47,30,0,1,0,55,2,12,16,12016,4,1996,2FALP71W7TX1,2,F,A,L,P,7,1,W,7,T,X,1,0,P,FORD,CVP,4D,96,17,0,,0,1144,,G,,F,8,281,,,000000,,,,,,0,0,000000000,00000000000,0,0,0,1,0,0,0,0,0,0,0,50,0,2,5,13,13,6,2,1,0,0,0,1,55,53901,6,2,0,0,3,1,71,160,0,0,0,0,0,0,0,0,0,1,0,0,0,0,1,2,55,3,6,2,1,0,0,14,13,99,1,4,1,1,0
55,550166,1,1,1,5,6,19,27,33,0,1,0,55,1,76,701,76701,88,2002,JYASA17A92A0,J,Y,A,S,A,1,7,A,9,2,A,0,0,M,YAMA,YJA,MS,2,17,,,,,,,49,,1,,2,150,,,,,,,0,0,000000000,00000000000,0,0,0,1,0,0,0,0,0,0,0,45,0,0,0,12,12,2,3,1,0,0,0,1,55,54173,1,1,0,0,2,0,66,175,0,1,1,0,4,10,2008,5,2011,0,0,0,0,0,1,2,45,3,1,2,1,21,3,14,12,99,1,4,6,1,1
55,550167,1,2,1,6,6,11,15,12,1,1,0,55,3,82,881,82881,66,2003,1FUJA6CG73LK,1,F,U,J,A,6,C,G,7,3,L,K,1,T,FRHT,COL,TR,3,17,,8,0,0,CON,D,,,6,774,,,,,00000,00,,64,1,57,0566357,570566357,3,6,1,1,0,0,0,0,0,0,0,50,0,0,0,6,99,4,1,12,0,0,1,1,55,54725,6,1,6,0,3,3,73,250,0,0,0,0,0,0,0,0,0,1,45,0,0,0,2,2,65,1,6,2,1,0,0,3,53,1,1,1,25,0,0
55,550167,2,2,1,6,6,11,15,12,1,1,0,55,3,82,881,82881,66,1999,1FUYDDYB8XLA,1,F,U,Y,D,D,Y,B,8,X,L,A,1,T,FRHT,FLD,TR,99,17,,8,0,0,CON,D,,,6,855,,,,,00000,00,,64,3,57,2067301,572067301,3,6,4,1,0,0,0,0,0,0,0,65,0,0,0,12,99,6,2,2,0,0,1,1,55,54755,6,1,6,0,3,3,68,300,1,0,0,0,1,12,2008,1,2009,1,29,34,0,0,2,2,65,1,6,2,1,0,0,15,51,7,1,2,24,1,0
55,550168,1,2,1,5,6,12,59,12,1,1,0,55,1,20,39,20039,5,2004,KL1TD62654B1,K,L,1,T,D,6,2,6,5,4,B,1,0,P,CHEV,AVO,5D,4,17,2365,,0,976,,G,,F,4,098,,,14R185,,,,,,0,0,000000000,00000000000,0,0,0,1,0,0,0,0,0,0,0,0,0,0,0,6,6,6,2,12,0,0,0,1,55,53538,6,1,0,0,3,3,63,150,0,0,0,0,0,0,0,0,0,0,0,0,0,0,1,2,55,1,5,1,1,0,0,5,15,1,1,1,21,0,0
55,550168,2,2,1,5,6,12,59,12,1,1,0,55,1,18,2,18002,4,1998,1G4HP52K7WH4,1,G,4,H,P,5,2,K,7,W,H,4,0,P,BUIC,LCF,4D,98,17,3348,,0,1108,,G,,F,6,231,,,15R205,,,,,,0,0,000000000,00000000000,0,0,0,1,0,0,0,0,0,0,0,55,0,0,0,12,12,6,2,12,0,0,0,1,55,53523,6,1,0,0,3,3,65,140,0,0,0,0,0,0,0,0,0,0,0,0,0,0,1,2,55,1,5,1,1,0,0,1,50,1,1,1,20,1,0
55,550169,1,3,1,6,6,10,2,12,1,1,0,55,1,37,39,37039,5,2007,JHMGD38617S0,J,H,M,G,D,3,8,6,1,7,S,0,0,P,HOND,FIS,4H,7,17,2551,,0,965,,G,,F,4,091,,,15R195,,,,,,0,0,000000000,00000000000,0,0,0,1,0,0,0,0,0,0,0,65,0,0,0,12,12,6,2,12,0,0,0,1,55,54474,6,1,0,0,3,0,69,200,0,0,0,0,0,0,0,0,0,1,0,0,0,0,2,2,65,1,1,1,2,0,0,1,6,1,1,4,20,1,0
55,550169,2,3,1,6,6,10,2,12,1,1,0,26,1,23,422,23422,15,2010,1GKUKKE35AR1,1,G,K,U,K,K,E,3,5,A,R,1,0,T,GMC,KX4,4W,10,17,,2,0,1300,YUK,F,,,8,323,,,,B,5863,00,S,44,0,0,000000000,00000000000,0,0,0,1,0,0,0,0,0,0,0,0,0,0,0,6,6,4,3,12,0,0,0,1,26,48310,6,1,0,0,3,3,71,175,0,0,0,1,0,10,2010,10,2010,0,0,0,0,0,2,2,65,1,1,1,2,0,0,4,98,1,1,5,21,0,0
55,550169,3,3,1,6,6,10,2,12,1,1,0,55,1,12,471,12471,30,2008,1FTZR45E18PA,1,F,T,Z,R,4,5,E,1,8,P,A,0,T,FORD,RNS,4C,8,17,,1,0,1260,RNG,G,,,6,244,,,,B,3606,00,4,44,0,0,000000000,00000000000,0,0,0,1,0,0,0,0,0,0,0,0,0,0,0,6,6,4,1,12,0,0,0,1,55,54474,6,1,0,0,3,0,67,190,1,0,0,0,1,9,2008,10,2008,0,0,0,0,0,2,2,65,1,1,1,2,0,0,5,98,1,1,5,98,0,0
55,550170,1,4,1,6,6,23,48,12,1,1,0,17,3,98,809,98809,66,2003,2FZBA3AN13AL,2,F,Z,B,A,3,A,N,1,3,A,L,1,T,STRG,A90,TR,3,17,,8,0,0,STE,D,,,6,629,,,,,00000,00,,42,1,57,75806,5775806,3,6,1,1,0,0,0,0,0,0,0,65,0,0,0,12,12,6,2,12,0,0,0,1,26,49665,6,1,6,0,3,3,74,235,1,0,0,0,0,6,2010,6,2010,0,26,0,0,0,3,3,65,1,1,1,1,0,0,1,52,99,1,1,24,0,0
55,550170,2,4,1,6,6,23,48,12,1,1,0,17,3,7,442,7442,20,1999,2B4GP44G8XR1,2,B,4,G,P,4,4,G,8,X,R,1,0,T,DODG,GSS,ES,99,17,,1,0,1193,CAR,F,,,6,201,,,,,3856,00,E,42,0,0,000000000,00000000000,0,0,0,1,0,0,0,0,0,0,0,999,0,0,0,6,99,6,2,12,0,0,0,1,17,60646,0,0,0,0,0,0,999,999,0,0,0,0,0,0,0,0,0,0,0,0,0,0,3,3,65,1,1,1,1,0,0,2,53,1,1,1,25,1,0
55,550170,3,4,1,6,6,23,48,12,1,1,0,40,3,82,881,82881,66,2006,1FUJBBCK46LU,1,F,U,J,B,B,C,K,4,6,L,U,1,T,FRHT,ST2,TR,6,17,,8,0,0,CON,D,,,6,855,,,,,00000,00,,64,1,57,0080806,570080806,3,6,1,1,0,0,0,0,0,0,0,30,0,0,0,6,99,4,3,12,0,0,0,1,55,53224,6,1,6,0,3,3,69,205,1,0,0,0,2,10,2009,2,2011,0,0,0,0,0,3,3,65,1,1,1,1,0,0,2,52,1,1,1,98,0,0
55,550170,4,4,1,6,6,23,48,12,1,1,0,55,3,51,881,51881,66,2007,4V4MC9GF67N4,4,V,4,M,C,9,G,F,6,7,N,4,1,T,VOLV,VNM,TR,7,17,,8,0,0,VVN,D,,,6,732,,,,,00000,00,,64,1,57,1184578,571184578,3,6,1,1,0,0,0,0,0,0,0,0,0,0,0,6,6,0,1,12,0,0,0,1,55,53402,6,1,6,0,3,3,69,185,0,0,0,0,0,0,0,0,0,0,0,0,0,0,3,3,65,1,1,1,1,0,0,5,52,1,1,1,98,0,0
55,550171,1,2,1,9,6,1,46,12,1,1,0,55,1,22,20,22020,4,1998,1G2WJ52M7WF3,1,G,2,W,J,5,2,M,7,W,F,3,0,P,PONT,GFS,4D,98,17,3373,,0,1105,,G,,F,6,191,,,15R205,,,,,,0,0,000000000,00000000000,0,0,0,1,0,0,0,0,0,0,0,80,0,0,0,12,3,6,2,2,0,0,1,1,55,54724,6,1,0,0,3,0,66,128,0,0,0,0,0,0,0,0,0,1,0,0,0,0,2,2,65,2,1,2,1,0,0,6,51,3,2,2,24,1,1
55,550171,2,2,1,9,6,1,46,12,1,1,0,93,3,51,881,51881,66,2011,4V4NC9EH4BN5,4,V,4,N,C,9,E,H,4,B,N,5,1,T,VOLV,VNL,TR,11,17,,8,0,0,VVN,D,,,6,793,,,,,00000,00,,64,1,57,1268732,571268732,3,6,1,1,0,0,0,0,0,0,0,65,0,0,0,6,6,2,1,12,0,0,0,1,55,54638,6,1,6,0,3,0,72,220,0,0,0,0,0,0,0,0,0,0,0,0,0,0,2,2,65,2,1,2,1,0,0,1,53,1,1,1,25,0,0
55,550172,1,2,1,12,6,9,30,12,6,1,0,55,1,12,481,12481,31,2003,1FTRX18LX3NB,1,F,T,R,X,1,8,L,X,3,N,B,0,T,FORD,F15,4C,3,17,,2,1574,1388,COF,G,,,8,330,,,,B,4640,00,U,44,0,0,000000000,00000000000,0,0,0,1,0,0,0,0,0,0,0,45,0,0,0,12,12,6,2,12,0,0,0,1,55,53011,6,1,0,0,3,0,70,190,1,0,0,0,3,12,2008,3,2011,0,92,0,0,0,1,2,55,1,5,2,1,0,0,1,71,1,1,1,83,0,0
55,550172,2,2,1,12,6,9,30,12,6,1,0,55,1,18,22,18022,4,2005,2G4WC5321513,2,G,4,W,C,5,3,2,1,5,1,3,0,P,BUIC,LCX,4D,5,17,3495,,0,1138,,G,,F,6,232,,,16R225,,,,,,0,0,000000000,00000000000,0,0,0,1,0,0,0,0,0,0,0,10,0,0,0,8,99,6,2,12,0,0,0,1,55,53073,6,1,0,0,3,3,63,170,0,0,0,0,0,0,0,0,0,0,38,0,0,0,1,2,55,1,6,2,1,0,0,11,15,1,1,2,82,1,0
55,550173,1,1,1,11,6,16,55,11,0,1,0,55,1,76,706,76706,80,2005,JYAVP11E45A0,J,Y,A,V,P,1,1,E,4,5,A,0,0,M,YAMA,XVA,RS,5,17,,,,,,,1063,,2,,4,571,,,,,,,0,0,000000000,00000000000,0,0,0,1,0,0,0,0,0,0,0,999,0,0,0,12,99,6,2,42,0,0,0,1,99,54521,9,9,99,9,9,9,999,999,99,99,99,99,99,99,9999,99,9999,0,0,0,0,0,1,2,55,1,5,2,1,0,0,1,87,1,1,1,13,1,1
55,550174,1,1,1,10,6,21,49,42,0,1,0,55,2,7,482,7482,31,2007,1D7HU16P17J5,1,D,7,H,U,1,6,P,1,7,J,5,0,T,DODG,S15,PK,7,17,,2,1405,1205,RPC,F,,,8,287,,,,B,4734,02,E,44,0,0,000000000,00000000000,0,0,0,1,0,0,0,0,0,0,0,999,0,0,0,5,9,6,2,42,0,0,0,1,55,54403,2,1,0,0,2,0,74,170,2,1,0,0,1,8,2010,5,2011,0,0,0,0,0,1,2,55,3,5,2,2,0,0,14,9,99,9,4,2,1,0
55,550175,1,1,1,12,6,2,40,1,0,1,0,55,1,20,471,20471,30,1995,1GCDT14ZXS82,1,G,C,D,T,1,4,Z,X,S,8,2,0,T,CHEV,S14,PK,95,17,,1,1179,1083,S,G,,,6,262,,,,B,00000,00,,44,0,0,000000000,00000000000,0,0,0,1,0,0,0,0,0,0,0,999,0,2,5,0,0,6,2,1,0,0,0,1,55,54665,6,1,0,0,3,0,74,250,0,0,0,0,1,9,2010,9,2010,0,58,0,0,0,1,2,55,2,1,2,1,0,0,14,13,6,4,4,2,1,1
55,550176,1,1,1,19,6,8,14,38,0,1,0,55,1,22,20,22020,4,2007,2G2WR5549712,2,G,2,W,R,5,5,4,9,7,1,2,0,P,PONT,GPG,4D,7,17,3484,,0,1105,,G,,Z,6,232,,,17R225,,,,,,0,0,000000000,00000000000,0,0,0,1,0,0,0,0,0,0,0,999,0,1,6,12,9,6,2,42,0,0,0,1,55,54462,6,1,0,0,3,0,69,210,0,0,0,0,0,0,0,0,0,1,0,0,0,0,1,2,45,1,1,2,2,0,0,1,6,99,9,4,2,1,1
55,550177,1,3,2,19,6,16,28,12,6,1,0,55,2,12,401,12401,14,1998,1FMZU34X4WZA,1,F,M,Z,U,3,4,X,4,W,Z,A,0,P,FORD,EPR,UT,98,17,4146,,0,1115,,G,,F,6,245,,,15R225,,,,,,0,0,000000000,00000000000,0,0,0,1,0,0,0,0,0,0,0,55,0,0,0,12,12,4,3,12,0,0,0,1,55,53715,6,1,0,0,3,0,69,170,0,0,0,0,1,4,2010,4,2010,0,0,0,0,0,1,2,55,1,3,1,1,0,0,1,10,1,1,2,64,2,0
55,550177,2,3,2,19,6,16,28,12,6,1,0,55,1,18,401,18401,14,2005,3G5DA03E35S5,3,G,5,D,A,0,3,E,3,5,S,5,0,P,BUIC,RZV,UT,5,17,4096,,0,1122,,G,,F,6,207,,,16R215,,,,,,0,0,000000000,00000000000,0,0,0,1,0,0,0,0,0,0,0,55,0,0,0,11,11,4,3,12,0,0,0,1,55,53538,6,1,8,0,3,3,67,165,0,0,0,0,0,0,0,0,0,0,0,0,0,0,1,2,55,1,3,1,1,0,0,1,60,7,1,1,65,0,0
55,550177,3,3,2,19,6,16,28,12,6,1,0,55,1,7,442,7442,20,2002,2B4GP44312R7,2,B,4,G,P,4,4,3,1,2,R,7,0,T,DODG,GSP,ES,2,17,,1,0,1193,CAR,F,,,6,201,,,,,4002,00,E,42,0,0,000000000,00000000000,0,0,0,1,0,0,0,0,0,0,0,55,0,0,0,12,12,6,2,12,0,0,0,1,55,53593,6,1,0,0,3,3,61,170,0,0,0,0,0,0,0,0,0,0,0,0,0,0,1,2,55,1,3,1,1,0,0,1,60,99,1,1,98,1,0
55,550178,1,2,1,20,6,11,23,12,6,1,0,55,2,12,13,12013,4,1994,3FARP13J3RR1,3,F,A,R,P,1,3,J,3,R,R,1,0,P,FORD,EST,4D,94,17,2371,,0,984,,G,,F,4,113,,,14R175,,,,,,0,0,000000000,00000000000,0,0,0,1,0,0,0,0,0,0,0,999,0,0,0,9,9,6,2,12,0,0,0,1,55,54011,6,2,0,0,3,1,74,150,0,0,0,0,0,0,0,0,0,0,39,0,0,0,1,2,55,1,1,2,1,20,3,1,17,1,1,1,89,1,0
55,550178,2,2,2,20,6,11,23,12,6,1,0,55,1,23,481,23481,31,2007,1GTHK23D07F1,1,G,T,H,K,2,3,D,0,7,F,1,1,T,GMC,2KH,CW,7,17,,2,1670,1530,SIE,D,,,8,403,,,,C,5883,02,E,44,1,0,000000000,00000000000,0,0,0,1,0,0,0,0,0,0,0,55,0,0,0,12,12,6,2,12,0,0,0,1,55,54011,6,1,0,0,3,3,71,210,0,0,0,0,0,0,0,0,0,0,0,0,0,0,1,2,55,1,1,2,1,0,0,1,66,1,1,1,88,0,0
55,550179,1,1,1,21,6,18,42,59,0,1,0,55,1,12,481,12481,31,1987,1FTDF15YXHPA,1,F,T,D,F,1,5,Y,X,H,P,A,0,T,FORD,F15,PK,87,17,,1,1330,1170,COF,G,,,6,300,,,,B,3447,01,A,42,0,0,000000000,00000000000,0,0,0,1,0,0,0,0,0,0,0,55,0,0,0,12,12,6,2,59,0,0,0,1,55,53120,6,1,0,0,3,1,70,160,0,0,0,1,2,3,2009,9,2010,0,0,0,0,0,3,3,55,1,1,2,2,0,0,1,13,1,1,4,1,1,0
55,550180,1,1,1,15,6,19,10,34,0,1,0,55,1,37,706,37706,80,1984,1HFSC1413EA0,1,H,F,S,C,1,4,1,3,E,A,0,0,M,HOND,G12,RS,84,17,,,,,,,1200,,4,,4,600,,,,,,,0,0,000000000,00000000000,0,0,0,1,0,0,0,0,0,0,0,999,0,0,0,81,81,6,2,1,0,0,0,1,55,54103,6,1,6,0,3,3,69,160,0,0,0,0,0,0,0,0,0,0,0,0,0,0,1,2,55,3,1,2,2,0,0,14,13,3,4,4,2,1,0
55,550181,1,2,2,17,6,11,16,12,1,1,0,55,1,7,442,7442,20,2005,2D4GP44L35R4,2,D,4,G,P,4,4,L,3,5,R,4,0,T,DODG,GSX,ES,5,17,,1,0,1193,CAR,G,,,6,230,,,,,4222,00,E,42,0,0,000000000,00000000000,0,0,0,1,0,0,0,0,0,0,0,40,0,0,0,12,12,6,2,12,32,44,0,1,55,53807,6,1,0,0,3,3,71,240,0,0,0,0,0,0,0,0,0,0,0,0,0,0,1,2,40,1,6,2,1,0,0,1,52,1,1,1,28,1,0
55,550181,2,2,2,17,6,11,16,12,1,1,0,55,2,12,481,12481,31,2000,1FTNW21F3YED,1,F,T,N,W,2,1,F,3,Y,E,D,0,T,FORD,F2S,CW,0,17,,2,1724,1562,SRW,D,,,8,444,,,,C,5932,07,E,44,0,0,000000000,00000000000,0,0,0,1,0,0,0,0,0,0,0,998,0,0,0,6,6,4,1,12,0,0,0,1,55,53825,6,1,0,0,3,0,72,175,0,0,0,0,0,0,0,0,0,0,0,0,0,0,1,2,40,1,6,2,1,0,0,2,53,1,1,1,29,0,0
55,550182,1,2,1,22,6,18,10,53,0,1,0,55,0,12,481,12481,31,2002,1FTRW08L32KC,1,F,T,R,W,0,8,L,3,2,K,C,2,T,FORD,F1S,CW,2,17,,2,0,1388,COF,G,,,8,330,,,,B,5005,02,E,44,1,0,000000000,00000000000,0,0,0,1,0,0,0,0,0,0,0,40,0,0,0,99,12,6,2,12,0,0,0,1,55,54942,6,1,0,0,3,3,75,290,0,0,0,0,0,0,0,0,0,1,51,92,0,0,1,2,45,1,5,2,1,0,0,1,12,1,1,4,6,0,0