STATE,ST_CASE,VEH_NO,VE_FORMS,NUMOCCS,DAY,MONTH,HOUR,MINUTE,HARM_EV,MAN_COLL,UNITTYPE,HIT_RUN,REG_STAT,OWNER,MAKE,MODEL,MAK_MOD,BODY_TYP,MOD_YEAR,VIN,VIN_1,VIN_2,VIN_3,VIN_4,VIN_5,VIN_6,VIN_7,VIN_8,VIN_9,VIN_10,VIN_11,VIN_12,TOW_VEH,VINTYPE,VINMAKE,VINA_MOD,VIN_BT,VINMODYR,VIN_LNGT,VIN_WGT,WGTCD_TR,WHLBS_LG,WHLBS_SH,SER_TR,FUELCODE,MCYCL_DS,CARBUR,CYLINDER,DISPLACE,MCYCL_CY,MCYCL_WT,TIRE_SZE,TON_RAT,TRK_WT,TRKWTVAR,VIN_REST,WHLDRWHL,J_KNIFE,MCARR_I1,MCARR_I2,MCARR_ID,GVWR,V_CONFIG,CARGO_BT,HAZ_INV,HAZ_PLAC,HAZ_ID,HAZ_CNO,HAZ_REL,BUS_USE,SPEC_USE,EMER_USE,TRAV_SP,UNDERIDE,ROLLOVER,ROLINLOC,IMPACT1,IMPACT2,DEFORMED,TOWED,M_HARM,VEH_SC1,VEH_SC2,FIRE_EXP,DR_PRES,L_STATE,DR_ZIP,L_STATUS,L_TYPE,CDL_STAT,L_ENDORS,L_COMPL,L_RESTRI,DR_HGT,DR_WGT,PREV_ACC,PREV_SUS,PREV_DWI,PREV_SPD,PREV_OTH,FIRST_MO,FIRST_YR,LAST_MO,LAST_YR,SPEEDREL,DR_SF1,DR_SF2,DR_SF3,DR_SF4,VTRAFWAY,VNUM_LAN,VSPD_LIM,VALIGN,VPROFILE,VPAVETYP,VSURCOND,VTRAFCON,VTCONT_F,P_CRASH1,P_CRASH2,P_CRASH3,PCRASH4,PCRASH5,ACC_TYPE,DEATHS,DR_DRINK
55,550182,2,2,2,22,6,18,10,53,0,1,0,55,1,20,2,20002,4,2007,2G1WB58K4792,2,G,1,W,B,5,8,K,4,7,9,2,0,P,CHEV,IPL,4D,7,17,3674,,0,1105,,F,,F,6,214,,,16R225,,,,,,0,0,000000000,00000000000,0,0,0,1,0,0,0,0,0,0,0,40,0,0,0,12,12,6,2,12,0,0,0,1,55,54944,6,1,0,0,3,3,63,135,0,0,0,0,0,0,0,0,0,0,0,0,0,0,1,2,45,1,6,2,1,0,0,1,64,99,1,1,98,1,0
55,550183,1,1,4,23,6,0,35,8,0,1,0,55,2,12,481,12481,31,2000,1FTRX18L5YNA,1,F,T,R,X,1,8,L,5,Y,N,A,0,T,FORD,F15,4C,0,17,,2,1574,1388,COF,G,,,8,330,,,,B,4611,04,U,44,0,0,000000000,00000000000,0,0,0,1,0,0,0,0,0,0,0,50,0,0,0,12,12,6,2,8,0,0,0,1,55,54961,6,2,0,0,3,2,70,155,1,0,0,0,0,9,2010,9,2010,0,73,0,0,0,3,2,55,1,1,2,1,0,0,1,80,99,1,1,13,0,0
55,550184,1,1,1,22,6,21,35,8,0,1,0,55,2,18,2,18002,4,2002,1G4HP54K1241,1,G,4,H,P,5,4,K,1,2,4,1,0,P,BUIC,LCF,4D,2,17,3567,,0,1122,,G,,F,6,231,,,15R215,,,,,,0,0,000000000,00000000000,0,0,0,1,0,0,0,0,0,0,0,30,0,0,0,12,12,2,1,8,0,0,0,1,55,54911,6,1,0,0,3,0,69,190,1,0,0,0,1,12,2008,3,2011,0,0,0,0,0,1,4,30,1,1,1,2,0,0,1,80,99,1,1,13,0,0
55,550185,1,2,2,23,6,18,11,12,6,1,0,55,1,7,20,7020,2,1998,1B3ES42Y7WD7,1,B,3,E,S,4,2,Y,7,W,D,7,0,P,DODG,HSR,CP,98,17,2469,,0,1040,,G,,F,4,122,,,14R185,,,,,,0,0,000000000,00000000000,0,0,0,1,0,0,0,0,0,0,0,999,0,0,0,81,99,6,2,12,0,0,0,1,55,53085,6,1,0,0,3,0,68,250,1,0,0,0,0,2,2011,2,2011,1,38,0,0,0,1,2,35,1,1,1,2,20,3,1,17,1,1,1,87,1,0
55,550185,2,2,1,23,6,18,11,12,6,1,0,55,1,20,481,20481,31,1999,2GCEK19T8X11,2,G,C,E,K,1,9,T,8,X,1,1,0,T,CHEV,SK1,3C,99,17,,2,1575,1435,SIL,G,,,8,325,,,,B,4621,00,,44,0,0,000000000,00000000000,0,0,0,1,0,0,0,0,0,0,0,60,0,0,0,12,12,6,2,12,0,0,0,1,55,53073,6,1,0,0,3,3,75,190,0,0,0,0,0,0,0,0,0,0,0,0,0,0,1,2,65,1,1,1,2,0,0,1,66,99,1,1,86,0,0
55,550186,1,1,1,13,6,6,46,35,0,1,0,55,1,20,471,20471,30,1997,1GCCS19X4V81,1,G,C,C,S,1,9,X,4,V,8,1,0,T,CHEV,S14,PC,97,17,,1,0,1229,S,G,,,6,262,,,,B,3246,00,,42,0,0,000000000,00000000000,0,0,0,1,0,0,0,0,0,0,0,55,0,0,0,12,9,6,2,42,0,0,1,1,55,53504,6,1,0,0,3,3,74,180,0,0,0,0,1,8,2009,8,2009,0,28,0,0,0,1,2,55,2,5,2,1,0,0,14,12,99,1,4,6,1,0
55,550187,1,1,1,13,6,16,18,11,0,1,0,55,1,72,706,72706,80,2004,1HD1BWB134Y0,1,H,D,1,B,W,B,1,3,4,Y,0,0,M,HD,FSI,RS,4,17,,,,,,,1450,,2,,4,696,,,,,,,0,0,000000000,00000000000,0,0,0,1,0,0,0,0,0,0,0,999,0,0,0,12,12,4,3,11,0,0,0,1,55,54020,6,1,6,0,3,0,70,210,0,0,0,0,1,7,2009,7,2009,0,83,0,0,0,1,2,55,1,1,2,1,0,0,1,87,99,1,1,13,1,0
55,550188,1,2,1,13,6,22,22,12,2,1,0,55,1,76,705,76705,80,1991,JYA3HHE08MA0,J,Y,A,3,H,H,E,0,8,M,A,0,0,M,YAMA,F6R,RC,91,17,,,,,,,599,,4,,4,395,,,,,,,0,0,000000000,00000000000,0,0,0,1,0,0,0,0,0,0,0,120,0,0,0,12,12,6,2,12,0,0,0,1,55,54730,6,2,0,0,2,1,72,180,0,0,0,0,0,0,0,0,0,1,28,92,0,0,1,2,55,1,5,2,1,0,0,1,10,99,1,1,50,1,1
55,550188,2,2,1,13,6,22,22,12,2,1,0,55,2,24,5,24005,4,2002,1G8JS54F52Y5,1,G,8,J,S,5,4,F,5,2,Y,5,0,P,STRN,L10,4D,2,17,2989,,0,1065,,G,,F,4,134,,,15R195,,,,,,0,0,000000000,00000000000,0,0,0,1,0,0,0,0,0,0,0,57,0,0,0,12,12,6,2,12,0,0,0,1,55,54729,6,1,6,0,3,0,76,190,0,0,0,0,0,0,0,0,0,0,0,0,0,0,1,2,55,1,2,2,1,0,0,1,54,99,1,1,51,0,0
55,550189,1,1,1,13,6,13,8,11,0,1,0,55,1,72,706,72706,80,2010,1HD1BW513AB0,1,H,D,1,B,W,5,1,3,A,B,0,0,M,HD,STC,RS,10,17,,,,,,,1584,,2,,4,761,,,,,,,0,0,000000000,00000000000,0,0,0,1,0,0,0,0,0,0,0,55,0,0,0,12,12,4,3,11,0,0,0,1,55,54615,6,1,6,0,3,3,72,235,0,0,0,0,0,0,0,0,0,0,83,0,0,0,1,2,55,3,3,2,1,0,0,14,87,3,2,1,13,1,0
55,550190,1,2,1,2,6,17,0,12,6,1,0,55,1,41,54,41054,6,2011,JM3TB3CA5B03,J,M,3,T,B,3,C,A,5,B,0,3,0,P,MAZD,CX9,UT,11,17,4546,,0,1132,,G,,F,6,226,,,18R245,,,,,,0,0,000000000,00000000000,0,0,0,1,0,0,0,0,0,0,0,55,0,0,0,12,12,6,2,12,0,0,0,1,55,53531,6,1,0,0,3,0,71,175,0,0,0,0,0,0,0,0,0,0,0,0,0,0,3,2,55,1,1,1,1,0,0,1,66,99,1,1,88,0,0
55,550190,2,2,1,2,6,17,0,12,6,1,0,55,1,20,2,20002,4,2005,1G1ND52F75M1,1,G,1,N,D,5,2,F,7,5,M,1,0,P,CHEV,CLA,4D,5,17,3106,,0,1070,,G,,F,4,134,,,15R205,,,,,,0,0,000000000,00000000000,0,0,0,1,0,0,0,0,0,0,0,10,0,0,0,9,9,6,2,12,0,0,0,1,55,53716,6,1,0,0,3,3,69,175,0,0,0,0,0,0,0,0,0,0,38,0,0,0,1,2,35,1,1,1,1,20,3,1,17,99,1,1,89,1,0
55,550191,1,1,1,5,6,23,50,35,0,1,0,55,2,22,18,22018,4,2000,1G2NW52E5YM7,1,G,2,N,W,5,2,E,5,Y,M,7,0,P,PONT,GAG,4D,0,17,3168,,0,1070,,G,,F,6,207,,,16R225,,,,,,0,0,000000000,00000000000,0,0,0,1,0,0,0,0,0,0,0,999,0,1,5,99,0,6,2,2,0,0,1,1,55,54520,0,0,0,0,0,0,67,210,0,0,0,0,0,0,0,0,0,0,58,92,0,0,1,2,55,1,1,2,1,0,0,1,13,3,3,4,2,1,1
55,550192,1,2,1,14,6,13,50,12,6,1,0,0,0,98,998,98998,92,1965,402214,4,0,2,2,1,4,,,,,,,1,U,,,,65,6,,,,,,,,,,,,,,,,,,,1,0,000000000,00000000000,0,0,0,1,0,0,0,0,0,0,0,5,0,0,0,5,5,2,1,12,0,0,0,1,55,53810,6,1,6,0,3,3,72,275,0,0,0,0,1,4,2011,4,2011,0,0,0,0,0,1,2,55,1,1,2,1,20,3,1,66,99,1,1,87,0,0
55,550192,2,2,1,14,6,13,50,12,6,1,0,55,1,53,705,53705,80,2001,JS1VP52AX121,J,S,1,V,P,5,2,A,X,1,2,1,0,M,SUZI,SVS,RC,1,17,,,,,,,645,,2,,4,372,,,,,,,0,0,000000000,00000000000,0,0,0,1,0,0,0,0,0,0,0,55,0,0,0,12,12,6,2,12,0,0,0,1,55,53801,1,1,1,0,2,0,68,150,0,0,0,1,0,11,2010,11,2010,1,92,0,0,0,1,2,55,1,1,2,1,0,0,1,17,3,2,1,86,1,1
55,550193,1,1,1,18,6,15,5,34,0,1,0,55,1,37,705,37705,80,2006,JH2PC37016M3,J,H,2,P,C,3,7,0,1,6,M,3,0,M,HOND,B60,RC,6,17,,,,,,,599,,4,,4,361,,,,,,,0,0,000000000,00000000000,0,0,0,1,0,0,0,0,0,0,0,60,0,0,0,99,99,6,2,38,0,0,0,1,55,53581,6,1,0,0,3,0,69,180,0,0,0,1,0,7,2010,7,2010,0,89,0,0,0,1,2,55,1,1,2,1,0,0,1,13,99,1,4,1,1,1
55,550194,1,1,1,25,6,99,99,32,0,1,0,55,1,22,9,22009,2,1987,1G2FS21H3HN2,1,G,2,F,S,2,1,H,3,H,N,2,0,P,PONT,FBD,CP,87,17,3105,,0,1010,,G,,4,8,305,,,15R215,,,,,,0,0,000000000,00000000000,0,0,0,1,0,0,0,0,0,0,0,999,0,1,5,12,0,6,2,1,0,0,0,1,55,53520,0,0,0,0,0,0,71,170,0,1,0,0,0,10,2010,10,2010,1,92,0,0,0,1,2,55,1,1,2,99,0,0,1,6,99,1,4,1,1,1
55,550195,1,1,1,22,6,18,51,34,0,1,0,55,2,6,43,6043,1,2002,1C3EL45R72N3,1,C,3,E,L,4,5,R,7,2,N,3,0,P,CHRY,SLX,CV,2,17,3309,,0,1060,,G,,F,6,167,,,15R205,,,,,,0,0,000000000,00000000000,0,0,0,1,0,0,0,0,0,0,0,68,0,1,5,99,13,6,2,1,0,0,0,1,37,53525,1,1,0,0,2,0,73,999,0,2,1,0,1,7,2009,1,2011,1,89,92,0,0,1,2,55,1,1,2,2,0,0,1,6,3,2,4,2,1,1
55,550196,1,1,1,27,6,18,44,33,0,1,0,55,1,37,701,37701,88,1986,JH2AF060XGS3,J,H,2,A,F,0,6,0,X,G,S,3,0,M,HOND,NQ5,MS,86,17,,,,,,,50,,1,,2,999,,,,,,,0,0,000000000,00000000000,0,0,0,1,0,0,0,0,0,0,0,25,0,0,0,99,0,2,8,1,0,0,0,1,55,54669,6,1,0,0,3,3,67,130,0,0,0,0,0,0,0,0,0,0,0,0,0,0,1,2,25,1,1,2,1,0,0,1,13,3,2,4,2,1,0
55,550197,1,1,1,14,6,99,99,35,0,1,0,55,1,72,706,72706,80,2000,1HD1FFW16YY6,1,H,D,1,F,F,W,1,6,Y,Y,6,0,M,HD,TCI,RS,0,17,,,,,,,1450,,2,,4,776,,,,,,,0,0,000000000,00000000000,0,0,0,1,0,0,0,0,0,0,0,999,0,0,0,12,99,6,2,1,0,0,0,1,55,53042,6,1,0,0,3,0,63,170,0,0,0,1,0,3,2009,3,2009,1,0,0,0,0,1,2,55,1,1,2,1,0,0,1,13,99,1,4,1,1,1
55,550198,1,1,1,24,6,23,47,11,0,1,0,55,1,72,706,72706,80,2007,1HD1KB4197Y6,1,H,D,1,K,B,4,1,9,7,Y,6,0,M,HD,FHX,RS,7,17,,,,,,,1584,,2,,4,733,,,,,,,0,0,000000000,00000000000,0,0,0,1,0,0,0,0,0,0,0,999,0,0,0,12,12,6,2,11,0,0,0,1,55,54106,6,1,0,0,3,0,72,220,0,0,0,0,0,0,0,0,0,1,0,0,0,0,1,2,55,1,1,2,1,0,0,1,87,6,1,2,13,1,1
55,550199,1,2,1,23,6,10,8,12,6,1,0,55,1,49,471,49471,30,1994,JT4VN13G2R51,J,T,4,V,N,1,3,G,2,R,5,1,0,T,TOYT,EL5,PC,94,17,,1,0,1219,HTP,G,,,6,180,,,,B,3815,00,A,44,0,0,000000000,00000000000,0,0,0,1,0,0,0,0,0,0,0,0,0,0,0,11,11,6,2,12,0,0,0,1,55,54751,6,1,0,0,3,3,70,175,0,0,0,0,0,0,0,0,0,0,0,0,0,0,1,2,25,1,1,2,2,0,0,5,73,1,1,1,65,0,0
55,550199,2,2,1,23,6,10,8,12,6,1,0,55,1,12,23,12023,4,2006,3FAFP07166R2,3,F,A,F,P,0,7,1,6,6,R,2,0,P,FORD,F/E,4D,6,17,3101,,0,1074,,G,,F,6,183,,,16R205,,,,,,0,0,000000000,00000000000,0,0,0,1,0,0,0,0,0,0,0,40,0,0,0,12,12,6,2,12,0,0,0,1,55,54751,6,1,0,0,3,3,63,125,0,0,0,0,0,0,0,0,0,1,0,0,0,0,1,2,0,1,6,2,2,0,0,98,98,1,1,6,64,1,0
55,550200,1,2,3,16,6,22,10,12,6,1,0,55,1,20,20,20020,4,1995,2G1WL52M0S92,2,G,1,W,L,5,2,M,0,S,9,2,0,P,CHEV,LUM,4D,95,17,3330,,0,1075,,G,,F,6,191,,,15R205,,,,,,0,0,000000000,00000000000,0,0,0,1,0,0,0,0,0,0,0,999,0,0,0,12,12,6,2,12,0,0,0,1,55,53224,6,1,0,0,3,0,70,285,0,0,0,0,0,0,0,0,0,0,0,0,0,0,1,2,40,1,1,2,1,2,3,1,65,99,1,1,69,0,0
55,550200,2,2,2,16,6,22,10,12,6,1,0,55,1,37,31,37031,4,2004,1HGES16554L0,1,H,G,E,S,1,6,5,5,4,L,0,0,P,HOND,UCL,4D,4,17,2515,,0,1031,,G,,F,4,102,,,15R195,,,,,,0,0,000000000,00000000000,0,0,0,1,0,0,0,0,0,0,0,999,0,0,0,3,3,6,2,12,0,0,0,1,55,53224,6,1,0,0,3,3,65,145,0,0,0,0,0,0,0,0,0,0,38,0,0,0,1,2,40,1,1,2,1,2,3,11,66,99,1,1,68,1,0
55,550201,1,1,1,30,6,17,47,42,0,1,0,55,1,7,472,7472,30,1991,1B7FL16G5MS2,1,B,7,F,L,1,6,G,5,M,S,2,0,T,DODG,DAK,PK,91,17,,1,0,1119,DAK,G,,,4,153,,,,B,2895,01,A,42,0,0,000000000,00000000000,0,0,0,1,0,0,0,0,0,0,0,55,0,0,0,3,3,6,2,42,0,0,0,1,55,53094,2,1,0,0,2,0,73,205,0,1,1,0,0,6,2009,6,2009,1,58,92,0,0,1,2,45,2,9,2,1,40,3,14,6,3,4,4,7,1,1
55,550202,1,1,1,1,6,5,49,8,0,1,0,55,3,84,881,84881,66,2011,3HSCUSJR3BN3,3,H,S,C,U,S,J,R,3,B,N,3,1,T,INTL,PPR,TR,11,17,,8,0,0,PRO,D,,,6,793,,,,,00000,00,,64,1,57,453975,57453975,3,6,2,2,2,2187,2,1,0,0,0,999,0,0,0,12,12,0,1,8,0,0,0,1,55,53566,6,1,6,1,3,3,68,240,0,0,0,0,2,12,2008,6,2010,0,0,0,0,0,1,2,0,3,1,2,1,0,0,14,80,1,1,1,13,0,0
55,550203,1,2,1,28,6,12,57,12,6,1,0,92,0,20,20,20020,4,1995,2G1WL52M2S92,2,G,1,W,L,5,2,M,2,S,9,2,0,P,CHEV,LUM,4D,95,17,3330,,0,1075,,G,,F,6,191,,,15R205,,,,,,0,0,000000000,00000000000,0,0,0,1,0,0,0,0,0,0,0,10,0,0,0,62,62,6,2,12,0,0,0,1,55,54124,6,1,0,0,3,0,62,135,0,0,0,0,0,0,0,0,0,0,38,92,0,0,1,2,98,1,1,2,1,20,3,1,17,99,1,1,89,0,0
55,550203,2,2,2,28,6,12,57,12,6,1,0,55,2,37,709,37709,80,2006,1HFSC47FX6A5,1,H,F,S,C,4,7,F,X,6,A,5,0,M,HOND,GL8,RS,6,17,,,,,,,1832,,6,,4,822,,,,,,,0,0,000000000,00000000000,0,0,0,1,0,0,0,0,0,0,0,55,0,0,0,12,12,4,3,12,0,0,0,1,55,54170,6,1,8,0,3,0,70,250,0,0,0,0,0,0,0,0,0,0,0,0,0,0,1,2,55,2,1,2,1,0,0,14,66,99,1,1,88,1,0
55,550204,1,1,1,30,6,20,12,16,0,1,0,0,0,53,705,53705,80,1999,JS1GN79A7X21,J,S,1,G,N,7,9,A,7,X,2,1,0,M,SUZI,GX6,RC,99,17,,,,,,,600,,4,,4,458,,,,,,,0,0,000000000,00000000000,0,0,0,1,0,0,0,0,0,0,0,10,0,0,0,0,0,2,3,16,0,0,0,1,55,53143,6,1,0,0,3,2,72,207,0,0,0,0,0,0,0,0,0,0,74,77,92,0,1,2,25,1,1,1,8,0,0,1,90,99,1,1,0,1,0
55,550205,1,1,1,30,6,8,12,34,0,1,0,55,1,22,22,22022,4,2006,1G2ZG5581641,1,G,2,Z,G,5,5,8,1,6,4,1,0,P,PONT,GS1,4D,6,17,3419,,0,1123,,G,,F,6,214,,,16R215,,,,,,0,0,000000000,00000000000,0,0,0,1,0,0,0,0,0,0,0,75,0,1,5,99,99,6,2,42,0,0,0,1,55,53538,6,1,0,0,3,0,64,125,1,0,0,0,1,9,2008,10,2008,1,0,0,0,0,1,2,55,1,1,2,1,0,0,1,6,99,4,4,7,1,0
55,550206,1,1,1,30,6,14,5,42,0,1,0,55,1,7,442,7442,20,2005,2D4GP44L45R2,2,D,4,G,P,4,4,L,4,5,R,2,0,T,DODG,GSX,ES,5,17,,1,0,1193,CAR,G,,,6,230,,,,,4222,00,E,42,0,0,000000000,00000000000,0,0,0,1,0,0,0,0,0,0,0,998,0,0,0,12,12,6,2,42,32,0,0,1,55,53538,6,1,0,0,3,0,70,220,0,0,0,1,1,9,2009,9,2009,0,0,0,0,0,1,2,55,1,1,2,1,0,0,1,12,99,1,4,6,1,0
55,550207,1,2,5,25,6,16,10,12,1,1,0,55,2,24,7,24007,4,2003,1G8AJ52F63Z1,1,G,8,A,J,5,2,F,6,3,Z,1,0,P,STRN,SI2,4D,3,17,2683,,0,1032,,G,,F,4,134,,,15R195,,,,,,0,0,000000000,00000000000,0,0,0,1,0,0,0,0,0,0,0,999,0,0,0,6,6,6,2,12,0,0,0,1,55,54650,6,1,0,0,3,0,63,110,0,0,0,1,0,2,2010,2,2010,0,0,0,0,0,1,2,55,1,1,1,1,0,0,2,53,2,1,1,29,1,0
55,550207,2,2,1,25,6,16,10,12,1,1,1,55,1,20,481,20481,31,1983,1GCEK14H1DJ1,1,G,C,E,K,1,4,H,1,D,J,1,0,T,CHEV,K10,PK,83,17,,2,1315,1175,K10,G,,,8,305,,,,B,3821,03,,44,0,0,000000000,00000000000,0,0,0,1,0,0,0,0,0,0,0,65,7,0,0,12,12,6,2,12,0,0,0,1,55,54636,6,1,0,0,2,0,71,195,0,0,0,0,0,0,0,0,0,1,26,91,0,0,1,2,55,1,1,1,1,0,0,1,52,99,1,1,28,0,1
55,550208,1,3,4,26,6,12,31,12,1,1,0,55,2,49,40,49040,4,2011,4T1BK3EK0BU6,4,T,1,B,K,3,E,K,0,B,U,6,0,P,TOYT,LXS,4D,11,17,3461,,0,1093,,G,,F,6,214,,,16R215,,,,,,0,0,000000000,00000000000,0,0,0,1,0,0,0,0,0,0,0,0,0,0,0,6,6,2,8,12,0,0,0,1,55,53089,6,1,0,0,3,0,68,180,0,0,0,0,0,0,0,0,0,0,0,0,0,0,1,2,45,1,1,2,1,0,0,11,53,2,1,1,98,0,0
55,550208,2,3,3,26,6,12,31,12,1,1,0,55,1,23,472,23472,30,2006,1GKDT13SX622,1,G,K,D,T,1,3,S,X,6,2,2,0,T,GMC,ENV,4W,6,17,,1,0,1130,ENV,G,,,6,256,,,,B,4594,00,4,44,0,0,000000000,00000000000,0,0,0,1,0,0,0,0,0,0,0,10,0,0,0,6,6,2,8,12,0,0,0,1,55,53095,6,1,0,0,3,3,67,150,0,0,0,0,0,0,0,0,0,0,0,0,0,0,1,2,45,1,1,2,1,0,0,1,53,99,1,1,25,0,0
55,550208,3,3,2,26,6,12,31,12,1,1,0,55,1,72,706,72706,80,1997,1HD1FBR11VY6,1,H,D,1,F,B,R,1,1,V,Y,6,0,M,HD,LRI,RS,97,17,,,,,,,1340,,2,,4,692,,,,,,,0,0,000000000,00000000000,0,0,0,1,0,0,0,0,0,0,0,45,0,0,0,12,12,6,2,12,0,0,0,1,55,53027,6,1,0,0,3,0,73,180,0,1,1,2,0,4,2009,12,2010,0,0,0,0,0,1,2,45,1,1,2,1,0,0,1,51,99,1,1,24,1,0
55,550209,1,1,1,22,6,21,46,8,0,1,0,55,1,72,706,72706,80,2010,1HD4LE218AC4,1,H,D,4,L,E,2,1,8,A,C,4,0,M,HD,X8N,RS,10,17,,,,,,,883,,2,,4,565,,,,,,,0,0,000000000,00000000000,0,0,0,1,0,0,0,0,0,0,0,45,0,0,0,12,12,4,8,8,0,0,0,1,55,53140,6,1,0,0,3,0,68,185,1,0,0,1,2,4,2009,11,2010,0,0,0,0,0,1,2,45,1,1,2,1,0,0,1,80,99,1,1,13,0,0
55,550210,1,1,1,22,6,8,55,8,0,1,0,55,3,92,981,92981,52,2004,15GGD2910410,1,5,G,G,D,2,9,1,0,4,1,0,0,T,GILL,,,4,17,,,,,,,,,,,,,,,,,,,0,77,777777777,77777777777,3,21,22,1,0,0,0,0,6,3,0,8,0,0,0,12,12,0,3,8,0,0,0,1,55,53704,6,1,6,1,3,1,64,204,0,0,0,0,0,0,0,0,0,0,38,0,0,0,4,3,25,1,1,1,1,2,3,11,80,1,1,2,13,0,0
55,550211,1,1,6,1,7,16,34,8,0,1,0,55,1,12,422,12422,15,2003,1FMPU16L03LB,1,F,M,P,U,1,6,L,0,3,L,B,1,P,FORD,EPT,UT,3,17,5686,,0,1191,,G,,F,8,330,,,17R265,,,,,,1,0,000000000,00000000000,0,0,0,1,0,0,0,0,0,0,0,999,0,0,0,12,12,2,1,8,0,0,0,1,55,53212,6,1,0,0,3,0,69,128,2,0,0,2,1,9,2008,4,2011,0,0,0,0,0,1,2,30,1,1,2,1,0,0,1,80,1,1,1,13,0,0
55,550212,1,1,1,1,7,18,56,34,0,1,0,55,1,72,706,72706,80,2007,1HD1FMM197Y6,1,H,D,1,F,M,M,1,9,7,Y,6,0,M,HD,TPI,RS,7,17,,,,,,,1690,,2,,4,758,,,,,,,0,0,000000000,00000000000,0,0,0,1,0,0,0,0,0,0,0,999,0,0,0,99,99,6,2,32,0,0,0,1,55,53215,6,1,0,0,3,3,72,220,0,0,0,0,0,0,0,0,0,0,0,0,0,0,1,2,50,1,1,1,1,0,0,1,13,99,1,4,1,1,1
55,550213,1,1,2,2,7,14,25,30,0,1,0,55,1,18,2,18002,4,1996,1G4HP52K7TH4,1,G,4,H,P,5,2,K,7,T,H,4,0,P,BUIC,LCF,4D,96,17,3430,,0,1108,,G,,F,6,231,,,15R205,,,,,,0,0,000000000,00000000000,0,0,0,1,0,0,0,0,0,0,0,56,0,0,0,3,3,6,2,30,0,0,0,1,55,54456,6,1,0,0,3,3,62,180,0,0,0,0,0,0,0,0,0,0,58,0,0,0,1,2,55,1,5,2,1,0,0,1,11,6,4,4,2,1,0
55,550214,1,1,1,3,7,16,15,32,0,1,0,55,1,20,4,20004,2,1985,1G1YY0786F51,1,G,1,Y,Y,0,7,8,6,F,5,1,0,P,CHEV,CVT,CP,85,17,3111,,0,960,,G,,F,8,350,,,16R255,,,,,,0,0,000000000,00000000000,0,0,0,1,0,0,0,0,0,0,0,80,0,1,5,12,12,6,2,1,0,0,0,1,55,53541,6,1,0,0,3,0,72,200,0,0,0,1,1,8,2008,5,2011,1,0,0,0,0,1,2,55,2,6,2,1,40,3,14,6,7,3,4,2,1,0
55,550215,1,2,1,4,7,12,0,12,1,1,0,55,1,20,481,20481,31,1998,1GCEC14R7WZ1,1,G,C,E,C,1,4,R,7,W,Z,1,0,T,CHEV,GC1,PK,98,17,,2,1315,1175,GM4,G,,,8,350,,,,B,3876,03,,42,0,0,000000000,00000000000,0,0,0,1,0,0,0,0,0,0,0,999,0,0,0,6,6,6,2,12,0,0,0,1,55,53954,6,1,8,0,3,3,71,165,0,0,0,0,0,0,0,0,0,0,0,0,0,0,1,2,55,1,1,2,1,0,0,11,15,1,1,1,26,1,0
55,550215,2,2,2,4,7,12,0,12,1,1,0,55,2,12,401,12401,14,2002,1FMZU73E82UC,1,F,M,Z,U,7,3,E,8,2,U,C,0,P,FORD,EPR,UT,2,17,4378,,0,1137,,G,,F,6,245,,,16R235,,,,,,0,0,000000000,00000000000,0,0,0,1,0,0,0,0,0,0,0,999,0,0,0,12,12,6,2,12,0,0,0,1,55,53960,6,1,0,0,3,0,67,210,1,0,0,0,0,1,2009,1,2009,0,0,0,0,0,1,2,55,1,1,2,1,0,0,1,52,99,1,1,24,0,0
55,550216,1,2,1,6,7,13,22,12,6,1,0,55,2,20,473,20473,30,2005,1GCDT1967581,1,G,C,D,T,1,9,6,7,5,8,1,0,T,CHEV,RDO,4C,5,17,,1,0,1259,CAL,G,,,5,214,,,,,3656,00,,44,0,0,000000000,00000000000,0,0,0,1,0,0,0,0,0,0,0,65,0,1,9,12,12,6,2,1,0,0,0,1,55,54741,6,1,0,0,3,0,72,220,1,0,0,0,3,4,2011,7,2011,0,0,0,0,0,2,2,65,2,1,1,1,0,0,1,12,1,1,6,64,1,0
55,550216,2,2,3,6,7,13,22,12,6,1,0,37,1,18,24,18024,6,2010,5GALRCED0AJ1,5,G,A,L,R,C,E,D,0,A,J,1,0,P,BUIC,ENC,UT,10,17,4780,,0,1189,,G,,F,6,220,,,19R255,,,,,,0,0,000000000,00000000000,0,0,0,1,0,0,0,0,0,0,0,65,0,1,9,8,99,6,2,1,0,0,0,1,45,28117,6,1,0,0,3,3,74,250,0,0,0,0,0,0,0,0,0,0,0,0,0,0,2,2,65,3,1,1,1,0,0,14,62,7,1,1,65,1,0
55,550217,1,1,1,4,7,14,10,34,0,1,0,55,1,18,2,18002,4,1995,1G4HP52L7SH5,1,G,4,H,P,5,2,L,7,S,H,5,0,P,BUIC,LCF,4D,95,17,3422,,0,1108,,G,,F,6,231,,,15R205,,,,,,0,0,000000000,00000000000,0,0,0,1,0,0,0,0,0,0,0,999,0,2,5,12,0,6,2,1,0,0,0,1,55,54724,6,1,0,0,3,0,64,170,0,0,0,0,0,0,0,0,0,0,28,58,0,0,2,4,65,1,1,2,1,0,0,1,13,7,1,4,1,1,0
55,550218,1,1,1,6,7,19,44,34,0,1,0,55,1,37,706,37706,80,1985,1HFSC1801FA0,1,H,F,S,C,1,8,0,1,F,A,0,0,M,HOND,VT1,RS,85,17,,,,,,,1100,,2,,4,540,,,,,,,0,0,000000000,00000000000,0,0,0,1,0,0,0,0,0,0,0,999,0,0,0,12,12,6,2,34,0,0,0,1,55,53538,6,1,0,0,3,2,78,205,0,0,0,0,0,0,0,0,0,0,74,0,0,0,1,2,55,3,1,2,1,0,0,14,13,99,1,4,1,1,1