STATE,ST_CASE,VEH_NO,VE_FORMS,NUMOCCS,DAY,MONTH,HOUR,MINUTE,HARM_EV,MAN_COLL,UNITTYPE,HIT_RUN,REG_STAT,OWNER,MAKE,MODEL,MAK_MOD,BODY_TYP,MOD_YEAR,VIN,VIN_1,VIN_2,VIN_3,VIN_4,VIN_5,VIN_6,VIN_7,VIN_8,VIN_9,VIN_10,VIN_11,VIN_12,TOW_VEH,VINTYPE,VINMAKE,VINA_MOD,VIN_BT,VINMODYR,VIN_LNGT,VIN_WGT,WGTCD_TR,WHLBS_LG,WHLBS_SH,SER_TR,FUELCODE,MCYCL_DS,CARBUR,CYLINDER,DISPLACE,MCYCL_CY,MCYCL_WT,TIRE_SZE,TON_RAT,TRK_WT,TRKWTVAR,VIN_REST,WHLDRWHL,J_KNIFE,MCARR_I1,MCARR_I2,MCARR_ID,GVWR,V_CONFIG,CARGO_BT,HAZ_INV,HAZ_PLAC,HAZ_ID,HAZ_CNO,HAZ_REL,BUS_USE,SPEC_USE,EMER_USE,TRAV_SP,UNDERIDE,ROLLOVER,ROLINLOC,IMPACT1,IMPACT2,DEFORMED,TOWED,M_HARM,VEH_SC1,VEH_SC2,FIRE_EXP,DR_PRES,L_STATE,DR_ZIP,L_STATUS,L_TYPE,CDL_STAT,L_ENDORS,L_COMPL,L_RESTRI,DR_HGT,DR_WGT,PREV_ACC,PREV_SUS,PREV_DWI,PREV_SPD,PREV_OTH,FIRST_MO,FIRST_YR,LAST_MO,LAST_YR,SPEEDREL,DR_SF1,DR_SF2,DR_SF3,DR_SF4,VTRAFWAY,VNUM_LAN,VSPD_LIM,VALIGN,VPROFILE,VPAVETYP,VSURCOND,VTRAFCON,VTCONT_F,P_CRASH1,P_CRASH2,P_CRASH3,PCRASH4,PCRASH5,ACC_TYPE,DEATHS,DR_DRINK
55,550219,1,1,1,5,7,0,39,42,0,1,0,55,1,12,471,12471,30,2000,1FTZR15V1YPB,1,F,T,Z,R,1,5,V,1,Y,P,B,0,T,FORD,RNS,PC,0,17,,1,0,1259,RNG,F,,,6,182,,,,B,3599,01,U,44,0,0,000000000,00000000000,0,0,0,1,0,0,0,0,0,0,0,55,0,0,0,3,3,6,2,42,0,0,0,1,55,54450,0,0,0,0,0,0,999,999,0,0,0,0,0,0,0,0,0,0,28,92,0,0,1,2,55,1,1,2,1,0,0,1,13,99,1,4,1,1,1
55,550220,1,1,1,5,7,3,40,34,0,1,0,55,0,76,706,76706,80,2000,JYARN05E9YA0,J,Y,A,R,N,0,5,E,9,Y,A,0,0,M,YAMA,YFR,RC,0,17,,,,,,,998,,4,,4,999,,,,,,,0,0,000000000,00000000000,0,0,0,1,0,0,0,0,0,0,0,999,0,0,0,12,0,6,2,1,0,0,0,1,55,54408,2,1,0,0,2,3,70,180,1,3,3,0,1,4,2009,9,2010,1,92,0,0,0,2,4,65,2,1,1,1,0,0,14,6,99,1,4,6,1,1
55,550221,1,1,1,1,7,11,53,9,0,1,0,55,1,20,481,20481,31,2011,1GCRCPEA2BZ2,1,G,C,R,C,P,E,A,2,B,Z,2,0,T,CHEV,SC1,4C,11,17,,2,1575,1435,SIL,F,,,8,293,,,,B,4924,03,,42,0,0,000000000,00000000000,0,0,0,1,0,0,0,0,0,0,0,998,0,0,0,12,12,4,3,9,0,0,0,1,55,54728,6,1,0,0,3,0,69,168,0,0,0,0,1,12,2009,12,2009,0,38,0,0,0,1,2,45,1,1,2,1,0,0,1,83,1,1,1,13,0,0
55,550222,1,4,5,6,7,11,44,12,7,1,0,55,3,23,422,23422,15,2007,1GKFK66897J2,1,G,K,F,K,6,6,8,9,7,J,2,0,T,GMC,DXL,4W,7,17,,2,0,1300,YUK,G,,,8,378,,,,B,5914,00,S,44,0,0,000000000,00000000000,0,0,0,1,0,0,0,0,0,0,0,999,0,1,5,61,99,6,2,12,0,0,0,1,55,54476,6,1,0,0,3,0,76,230,0,0,0,0,0,0,0,0,0,1,0,0,0,0,2,2,30,1,1,2,1,2,3,3,10,7,1,2,64,0,0
55,550222,2,4,2,6,7,11,44,12,7,1,0,55,2,12,24,12024,6,2007,2FMDK36C17BA,2,F,M,D,K,3,6,C,1,7,B,A,0,P,FORD,EDG,UT,7,17,4073,,0,1112,,G,,F,6,214,,,17R235,,,,,,0,0,000000000,00000000000,0,0,0,1,0,0,0,0,0,0,0,0,0,0,0,3,81,2,1,12,0,0,0,1,55,53916,6,1,0,0,3,0,71,170,0,0,0,0,1,3,2010,3,2010,0,0,0,0,0,2,2,30,1,1,2,1,0,0,5,61,1,1,1,65,0,0
55,550222,3,4,1,6,7,11,44,12,7,1,0,17,1,12,402,12402,14,2005,1FMYU95H45KD,1,F,M,Y,U,9,5,H,4,5,K,D,0,P,FORD,SPE,UT,5,17,3627,,0,1031,,B,,F,4,140,,,16R235,,,,,,0,0,000000000,00000000000,0,0,0,1,0,0,0,0,0,0,0,999,0,0,0,6,99,6,2,12,0,0,0,1,17,60657,6,1,0,0,3,3,64,107,0,0,0,0,0,0,0,0,0,0,0,0,0,0,2,2,30,1,1,2,1,0,0,1,53,1,1,1,98,1,0
55,550222,4,4,1,6,7,11,44,12,7,1,0,55,3,86,882,86882,63,2008,1M2AU02C88M0,1,M,2,A,U,0,2,C,8,8,M,0,0,T,MACK,LEU,TB,8,17,,8,0,0,600,D,,,6,659,,,,,00000,00,,64,0,57,202476,57202476,3,2,7,1,0,0,0,0,0,0,0,999,0,0,0,18,18,0,1,12,0,0,0,1,55,54548,6,1,6,0,3,0,73,225,0,0,0,0,0,0,0,0,0,0,0,0,0,0,2,2,30,1,1,2,1,0,0,1,53,1,1,1,98,0,0
55,550223,1,1,1,7,7,8,11,8,0,1,0,55,1,20,461,20461,21,2006,1GAHG39U6611,1,G,A,H,G,3,9,U,6,6,1,1,0,T,CHEV,E35,ES,6,17,,2,0,1550,EXP,G,,,8,366,,,,D,6330,00,,42,0,0,000000000,00000000000,0,0,0,1,0,0,0,0,0,0,0,25,0,0,0,12,12,2,1,8,0,0,0,1,55,53516,6,1,0,0,3,0,70,250,0,0,0,1,0,5,2009,5,2009,0,84,0,0,0,1,2,25,3,6,2,1,0,0,14,80,3,2,1,13,0,0
55,550224,1,1,1,8,7,14,33,34,0,1,0,55,2,18,7,18007,4,1993,3G4AG55N5PS6,3,G,4,A,G,5,5,N,5,P,S,6,0,P,BUIC,CSP,4D,93,17,2870,,0,1047,,G,,F,6,204,,,14R185,,,,,,0,0,000000000,00000000000,0,0,0,1,0,0,0,0,0,0,0,999,0,1,5,12,0,6,2,1,0,0,0,1,55,54153,6,1,6,0,3,0,67,160,0,0,0,0,0,0,0,0,0,0,28,58,0,0,1,2,55,2,1,2,1,0,0,14,12,7,1,4,6,1,1
55,550225,1,1,1,10,7,2,19,1,0,1,0,55,2,73,705,73705,80,2009,JKAZX4R139A0,J,K,A,Z,X,4,R,1,3,9,A,0,0,M,KAWK,ZXP,RC,9,17,,,,,,,599,,4,,4,421,,,,,,,0,0,000000000,00000000000,0,0,0,1,0,0,0,0,0,0,0,100,0,0,0,0,0,6,2,1,0,0,0,1,55,53142,2,2,6,0,2,0,75,250,1,1,0,0,2,9,2009,3,2011,1,92,0,0,0,1,2,35,1,6,2,1,20,3,2,6,3,2,1,98,1,1
55,550226,1,1,1,9,7,20,8,34,0,1,0,55,2,20,36,20036,2,2004,2G1WZ1519493,2,G,1,W,Z,1,5,1,9,4,9,3,0,P,CHEV,MSP,CP,4,17,3395,,0,1105,,G,,Z,6,231,,,17R235,,,,,,0,0,000000000,00000000000,0,0,0,1,0,0,0,0,0,0,0,999,0,1,5,99,0,6,2,1,0,0,0,1,55,53172,6,1,0,0,3,2,67,225,0,0,0,0,0,0,0,0,0,0,58,74,0,0,1,2,55,3,6,2,1,0,0,14,10,6,1,4,6,1,1
55,550227,1,1,3,10,7,20,30,5,0,1,0,55,1,12,481,12481,31,2008,1FTPW14598FA,1,F,T,P,W,1,4,5,9,8,F,A,0,T,FORD,F1S,CW,8,17,,2,1500,1390,COF,G,,,8,329,,,,B,5361,01,E,44,0,0,000000000,00000000000,0,0,0,1,0,0,0,0,0,0,0,999,0,0,0,0,0,0,9,5,0,0,0,1,55,54161,6,1,0,0,3,0,70,140,0,0,0,2,0,4,2010,4,2010,0,89,0,0,0,8,2,55,1,1,2,1,0,0,1,98,99,1,1,0,1,0
55,550228,1,1,1,11,7,17,36,35,0,1,0,55,1,20,2,20002,4,2000,2G1WF52E2Y91,2,G,1,W,F,5,2,E,2,Y,9,1,0,P,CHEV,IMP,4D,0,17,3389,,0,1110,,G,,F,6,207,,,16R225,,,,,,0,0,000000000,00000000000,0,0,0,1,0,0,0,0,0,0,0,65,0,0,0,99,12,6,2,39,0,0,0,1,55,53533,6,1,0,0,3,3,59,100,0,0,0,0,0,0,0,0,0,1,58,0,0,0,1,2,45,3,5,2,1,0,0,14,6,98,1,4,1,1,0
55,550229,1,1,1,12,7,11,24,34,0,1,0,55,1,7,402,7402,14,1998,1B4HS28Y3WF1,1,B,4,H,S,2,8,Y,3,W,F,1,0,P,DODG,DUR,UT,98,17,4349,,0,1159,,G,,F,8,318,,,15R235,,,,,,0,0,000000000,00000000000,0,0,0,1,0,0,0,0,0,0,0,999,0,1,5,12,3,6,2,42,0,0,0,1,55,54646,6,1,0,0,3,0,70,250,0,0,0,0,0,0,0,0,0,0,0,0,0,0,1,2,55,1,1,2,1,0,0,1,12,99,1,4,6,1,0
55,550230,1,1,1,9,7,10,5,34,0,1,0,55,2,20,421,20421,15,1995,1GNEK13K0SJ3,1,G,N,E,K,1,3,K,0,S,J,3,0,P,CHEV,KTA,UT,95,17,5124,,0,1175,,G,,F,8,350,,,15R235,,,,,,0,0,000000000,00000000000,0,0,0,1,0,0,0,0,0,0,0,999,0,0,0,12,99,6,2,32,0,0,0,1,55,53950,0,0,0,0,0,0,73,230,0,0,0,0,0,0,0,0,0,1,92,0,0,0,1,2,55,1,1,2,1,0,0,1,6,99,1,4,6,1,1
55,550231,1,1,2,6,7,19,31,11,0,1,0,55,1,76,706,76706,80,2007,JYAVP11EX7A1,J,Y,A,V,P,1,1,E,X,7,A,1,0,M,YAMA,XVS,RS,7,17,,,,,,,1063,,2,,4,571,,,,,,,0,0,000000000,00000000000,0,0,0,1,0,0,0,0,0,0,0,45,0,0,0,12,12,4,3,11,0,0,0,1,55,54028,6,1,0,0,3,0,71,190,0,2,1,0,0,4,2009,8,2009,0,83,0,0,0,1,2,45,1,1,2,1,0,0,1,87,99,1,1,13,1,0
55,550232,1,2,2,19,7,13,51,12,8,1,0,55,2,18,7,18007,4,1999,2G4WY52M4X15,2,G,4,W,Y,5,2,M,4,X,1,5,0,P,BUIC,CLM,4D,99,17,3371,,0,1090,,G,,F,6,191,,,15R205,,,,,,0,0,000000000,00000000000,0,0,0,1,0,0,0,0,0,0,0,999,0,1,1,62,62,6,2,12,0,0,0,1,55,54772,6,1,0,0,3,3,70,170,0,0,0,0,1,9,2010,9,2010,0,28,0,0,0,1,2,55,3,6,2,1,0,0,14,62,3,2,1,64,1,0
55,550232,2,2,1,19,7,13,51,12,8,1,0,55,3,98,809,98809,61,2007,2FZMAZCV17AV,2,F,Z,M,A,Z,C,V,1,7,A,V,1,T,STRG,LT9,CC,7,17,,8,0,0,STE,D,,,6,782,,,,,00000,00,,84,1,57,01005250,5701005250,2,4,7,1,0,0,0,0,0,0,0,999,0,1,1,62,62,6,2,12,0,0,0,1,55,54841,6,1,6,0,3,3,72,250,0,0,0,0,0,0,0,0,0,1,0,0,0,0,1,2,55,2,5,2,1,0,0,14,10,99,1,2,65,0,0
55,550233,1,2,2,19,7,19,49,12,6,1,0,55,2,72,706,72706,80,2006,1HD1CWP496K4,1,H,D,1,C,W,P,4,9,6,K,4,0,M,HD,C1U,RS,6,17,,,,,,,1200,,2,,4,554,,,,,,,0,0,000000000,00000000000,0,0,0,1,0,0,0,0,0,0,0,50,0,0,0,12,12,6,2,12,0,0,0,1,55,53219,2,2,0,0,2,3,74,230,0,0,0,0,2,7,2010,7,2010,1,39,92,0,0,1,2,25,1,1,1,1,2,3,1,17,99,1,1,86,1,1
55,550233,2,2,2,19,7,19,49,12,6,1,0,55,2,20,20,20020,4,1998,2G1WL52M8W11,2,G,1,W,L,5,2,M,8,W,1,1,0,P,CHEV,L/S,4D,98,17,3330,,0,1075,,G,,F,6,191,,,15R205,,,,,,0,0,000000000,00000000000,0,0,0,1,0,0,0,0,0,0,0,20,0,1,1,82,82,6,2,12,0,0,0,1,17,60426,6,1,0,0,3,0,68,195,0,0,0,0,0,0,0,0,0,0,89,0,0,0,1,2,30,1,1,1,1,1,3,1,66,99,1,1,87,0,0
55,550234,1,2,1,20,7,8,5,12,1,1,0,55,1,63,33,63033,5,2000,KNAFB1618Y52,K,N,A,F,B,1,6,1,8,Y,5,2,0,P,KIA,SSX,4H,0,17,2478,,0,1008,,G,,F,4,109,,,14R185,,,,,,0,0,000000000,00000000000,0,0,0,1,0,0,0,0,0,0,0,50,0,0,0,12,12,6,2,12,0,0,0,1,55,54615,6,1,0,0,3,3,64,220,0,0,0,0,0,0,0,0,0,0,85,0,0,0,1,2,55,1,1,2,1,0,0,1,50,1,1,1,20,1,0
55,550234,2,2,2,20,7,8,5,12,1,1,0,55,1,37,402,37402,14,2007,JHLRE48757C1,J,H,L,R,E,4,8,7,5,7,C,1,0,P,HOND,CRV,UT,7,17,3534,,0,1031,,G,,F,4,146,,,17R225,,,,,,0,0,000000000,00000000000,0,0,0,1,0,0,0,0,0,0,0,0,0,0,0,6,6,6,2,12,0,0,0,1,55,54614,6,1,0,0,3,0,65,190,0,0,0,0,0,0,0,0,0,0,54,85,0,0,1,2,55,1,1,2,1,0,0,5,53,2,1,1,21,0,0
55,550235,1,2,1,21,7,21,20,12,1,1,0,55,1,72,706,72706,80,1985,1HD1EDL14FY1,1,H,D,1,E,D,L,1,4,F,Y,1,0,M,HD,FRP,RS,85,17,,,,,,,1340,,2,,4,999,,,,,,,0,0,000000000,00000000000,0,0,0,1,0,0,0,0,0,0,0,999,0,0,0,12,12,6,2,12,0,0,0,1,55,54745,6,1,6,0,3,3,67,140,0,0,0,0,0,0,0,0,0,0,0,0,0,0,1,2,55,1,1,2,1,0,0,1,51,99,1,1,24,1,0
55,550235,2,2,1,21,7,21,20,12,1,1,0,0,0,84,998,84998,92,1977,2510175U0239,2,5,1,0,1,7,5,U,0,2,3,9,0,T,INTL,,,77,13,,,,,,G,,,6,,,,,,,,,,0,0,000000000,00000000000,0,0,0,1,0,0,0,0,0,0,0,999,0,0,0,6,6,4,1,12,0,0,0,1,55,54731,6,1,0,0,3,0,73,229,0,0,0,0,0,0,0,0,0,0,23,24,0,0,1,2,55,1,1,2,1,0,0,1,53,99,1,1,25,0,0
55,550236,1,2,2,7,7,7,19,12,2,1,0,55,1,21,2,21002,4,1992,1G3HN53L6NH3,1,G,3,H,N,5,3,L,6,N,H,3,0,P,OLDS,88R,4D,92,17,3342,,0,1108,,G,,F,6,231,,,15R205,,,,,,0,0,000000000,00000000000,0,0,0,1,0,0,0,0,0,0,0,999,0,0,0,12,12,6,2,12,0,0,0,1,55,54230,6,1,0,0,3,0,67,159,0,0,0,1,0,4,2009,4,2009,0,0,0,0,0,1,2,55,1,6,2,1,0,0,1,10,99,1,2,50,1,0
55,550236,2,2,1,7,7,7,19,12,2,1,0,55,1,2,404,2404,14,1998,1J4GZ58S5WC2,1,J,4,G,Z,5,8,S,5,W,C,2,0,T,JEEP,LRT,4W,98,17,,1,0,1059,GCK,G,,,6,242,,,,,3708,01,E,44,0,0,000000000,00000000000,0,0,0,1,0,0,0,0,0,0,0,999,0,0,0,12,12,6,2,12,0,0,0,1,55,54247,6,2,0,0,3,3,70,176,0,0,0,0,0,0,0,0,0,0,0,0,0,0,1,2,55,1,5,2,1,0,0,1,62,1,1,1,51,0,0
55,550237,1,1,1,23,7,0,1,11,0,1,0,55,2,72,706,72706,80,1985,1HD1EJL2XFY1,1,H,D,1,E,J,L,2,X,F,Y,1,0,M,HD,FXC,RS,85,17,,,,,,,1340,,2,,4,999,,,,,,,0,0,000000000,00000000000,0,0,0,1,0,0,0,0,0,0,0,999,0,0,0,12,12,6,2,11,0,0,0,1,55,53818,6,1,0,0,3,0,71,140,0,0,0,0,0,0,0,0,0,0,83,84,0,0,1,2,55,1,1,2,1,0,0,1,87,3,2,1,13,1,1
55,550238,1,1,1,6,7,17,20,33,0,1,0,55,1,12,442,12442,20,2001,2FMZA57431BA,2,F,M,Z,A,5,7,4,3,1,B,A,0,T,FORD,SES,ES,1,17,,1,0,1207,WIN,G,,,6,232,,,,B,4250,00,E,42,0,0,000000000,00000000000,0,0,0,1,0,0,0,0,0,0,0,999,0,0,0,14,12,6,2,19,0,0,0,1,55,53222,6,1,0,0,3,0,70,225,2,0,0,0,1,4,2010,9,2010,1,39,0,0,0,1,2,30,1,1,2,1,20,3,1,17,1,1,4,1,1,0
55,550239,1,1,1,23,7,1,0,42,0,1,0,55,2,12,17,12017,4,2000,1FAFP55S2YG2,1,F,A,F,P,5,5,S,2,Y,G,2,0,P,FORD,TSS,4D,0,17,3333,,0,1085,,G,,F,6,182,,,16R215,,,,,,0,0,000000000,00000000000,0,0,0,1,0,0,0,0,0,0,0,999,0,0,0,3,3,6,2,42,0,0,0,1,55,53014,6,2,0,0,3,0,75,170,0,0,0,1,0,3,2010,3,2010,0,28,58,0,0,1,2,55,1,1,2,1,0,0,1,13,9,4,4,2,1,1
55,550240,1,1,1,24,7,19,36,34,0,1,0,55,2,6,54,6054,6,2004,2C4GM68464R6,2,C,4,G,M,6,8,4,6,4,R,6,0,P,CHRY,PIF,UT,4,17,4334,,0,1163,,G,,F,6,214,,,17R235,,,,,,0,0,000000000,00000000000,0,0,0,1,0,0,0,0,0,0,0,90,0,0,0,99,99,6,2,34,0,0,1,1,55,54177,6,1,0,0,3,3,71,280,0,0,0,0,0,0,0,0,0,1,0,0,0,0,1,2,55,3,1,2,1,0,0,14,6,99,1,4,1,1,1
55,550241,1,1,1,19,7,19,0,24,0,1,0,55,1,7,482,7482,31,2002,3B7HU18Z92G1,3,B,7,H,U,1,8,Z,9,2,G,1,0,T,DODG,Q15,CW,2,17,,2,1605,1405,RPC,G,,,8,360,,,,B,5000,02,E,44,0,0,000000000,00000000000,0,0,0,1,0,0,0,0,0,0,0,999,0,1,5,12,12,6,2,24,0,0,0,1,55,54466,6,2,0,0,3,1,66,200,1,2,1,0,1,12,2009,1,2010,0,0,0,0,0,1,2,55,1,1,2,1,0,0,1,13,99,1,4,1,1,0
55,550242,1,1,1,13,7,21,55,14,0,1,0,55,1,53,705,53705,80,2007,JS1GN7DA4721,J,S,1,G,N,7,D,A,4,7,2,1,0,M,SUZI,G60,RC,7,17,,,,,,,599,,4,,4,354,,,,,,,0,0,000000000,00000000000,0,0,0,1,0,0,0,0,0,0,0,999,0,0,0,12,99,6,2,14,0,0,0,1,55,53220,6,1,0,0,3,3,66,185,0,0,0,0,0,0,0,0,0,0,0,0,0,0,1,2,30,1,5,2,1,0,0,1,9,99,9,4,11,1,0
55,550243,1,1,1,27,7,16,12,42,0,1,0,55,1,21,1,21001,2,1970,342570M37399,3,4,2,5,7,0,M,3,7,3,9,9,0,P,OLDS,CSU,2T,70,13,3453,,1160,1120,,G,,,8,,,,14F78,,,,,,0,0,000000000,00000000000,0,0,0,1,0,0,0,0,0,0,0,999,0,0,0,81,1,6,2,42,0,0,0,1,55,53105,6,1,6,0,3,0,72,250,1,0,0,3,6,9,2008,3,2011,0,0,0,0,0,1,2,35,1,4,2,2,0,0,1,13,99,1,4,1,1,0
55,550244,1,2,1,9,7,14,17,12,6,1,0,55,1,2,404,2404,14,1997,1J4GZ78Y3VC5,1,J,4,G,Z,7,8,Y,3,V,C,5,0,T,JEEP,L/O,4W,97,17,,1,0,1059,GCK,G,,,8,318,,,,,3700,02,E,44,0,0,000000000,00000000000,0,0,0,1,0,0,0,0,0,0,0,25,0,0,0,12,12,2,1,12,0,0,0,1,55,53534,6,1,0,0,3,3,72,170,1,0,0,0,2,10,2008,12,2008,0,0,0,0,0,1,2,30,1,1,1,1,0,0,1,71,1,1,1,98,0,0
55,550244,2,2,0,9,7,14,17,12,6,1,0,55,6,12,33,12033,3,1991,KNJPT05H0M61,K,N,J,P,T,0,5,H,0,M,6,1,0,P,FORD,FEL,2H,91,17,1785,,0,902,,G,,F,4,079,,,12R145,,,,,,0,0,000000000,00000000000,0,0,0,1,0,0,0,0,0,0,0,5,0,0,0,83,83,6,2,8,0,0,0,0,0,99997,7,6,97,7,6,7,998,997,998,998,998,998,998,98,9998,98,9998,8,20,0,0,0,1,2,30,1,6,2,1,0,0,0,98,0,0,0,98,0,0
55,550245,1,1,2,16,7,4,58,24,0,1,0,55,1,2,404,2404,14,1999,1J4GW58N9XC7,1,J,4,G,W,5,8,N,9,X,C,7,0,T,JEEP,LRO,4W,99,17,,1,0,1059,GCK,G,,,8,287,,,,,3809,00,E,44,0,0,000000000,00000000000,0,0,0,1,0,0,0,0,0,0,0,75,0,1,5,99,99,6,2,1,0,0,0,1,55,53821,6,1,0,0,3,0,72,185,1,0,0,0,1,6,2010,7,2010,1,0,0,0,0,1,2,55,1,1,2,1,0,0,1,13,1,1,4,1,1,1
55,550246,1,1,4,30,7,2,15,33,0,1,0,55,1,19,3,19003,4,1995,1G6KD52B3SU2,1,G,6,K,D,5,2,B,3,S,U,2,0,P,CADI,DFW,4D,95,17,3664,,0,1138,,G,,F,8,300,,,15R215,,,,,,0,0,000000000,00000000000,0,0,0,1,0,0,0,0,0,0,0,999,0,1,1,12,0,6,2,1,0,0,0,1,17,53215,6,1,0,0,3,0,74,180,0,0,0,0,2,5,2009,10,2009,1,89,0,0,0,1,2,35,1,1,1,1,0,0,1,6,99,1,4,1,1,1
55,550247,1,1,1,17,7,18,8,9,0,1,0,55,2,22,16,22016,2,2000,1G2JB1243Y72,1,G,2,J,B,1,2,4,3,Y,7,2,0,P,PONT,SFS,CP,0,17,2606,,0,1041,,G,,F,4,133,,,14R195,,,,,,0,0,000000000,00000000000,0,0,0,1,0,0,0,0,0,0,0,35,0,0,0,12,12,4,3,9,0,0,0,1,55,53154,6,2,0,0,3,0,72,152,0,0,0,0,0,0,0,0,0,1,51,0,0,0,1,2,35,1,6,2,1,0,0,1,83,1,1,2,13,0,0
55,550248,1,1,1,30,7,0,38,34,0,1,0,55,2,14,36,14036,4,1997,1MELM13P4VW6,1,M,E,L,M,1,3,P,4,V,W,6,0,P,MERC,TTR,4D,97,17,2503,,0,984,,G,,F,4,122,,,14R185,,,,,,0,0,000000000,00000000000,0,0,0,1,0,0,0,0,0,0,0,999,0,1,5,12,14,6,2,42,0,0,0,1,55,54720,0,0,0,0,0,0,69,148,0,0,0,0,0,0,0,0,0,0,58,92,0,0,1,2,55,3,1,2,1,0,0,14,13,8,3,4,7,1,1
55,550249,1,1,1,31,7,99,99,32,0,1,0,55,1,37,709,37709,80,2001,SUN548791B03,S,U,N,5,4,8,7,9,1,B,0,3,0,M,HOND,,,1,17,,,,,,,,,,,,,,,,,,,0,0,000000000,00000000000,0,0,0,1,0,0,0,0,0,0,0,55,0,0,0,12,12,6,2,32,0,0,0,1,55,54171,6,1,0,0,3,0,67,155,0,0,0,0,0,0,0,0,0,1,28,0,0,0,1,2,45,2,1,2,99,0,0,14,6,99,1,4,6,1,1
55,550250,1,2,1,16,7,18,10,12,6,1,0,55,3,82,981,82981,50,2011,4UZABRDU6BCA,4,U,Z,A,B,R,D,U,6,B,C,A,0,T,FRHT,B2B,BU,11,17,,7,0,0,CHA,D,,,6,409,,,,,00000,00,,42,0,57,00833912,5700833912,3,21,22,1,0,0,0,0,1,0,0,55,0,0,0,12,99,6,2,12,0,0,0,1,55,53153,6,1,6,1,3,3,63,135,0,0,0,0,0,0,0,0,0,0,0,0,0,0,1,2,55,1,1,2,1,0,0,1,67,1,1,1,83,0,0
55,550250,2,2,1,16,7,18,10,12,6,1,0,55,2,63,34,63034,4,2006,KNAGD1267654,K,N,A,G,D,1,2,6,7,6,5,4,0,P,KIA,OLE,4D,6,17,3279,,0,1063,,G,,F,4,144,,,15R205,,,,,,0,0,000000000,00000000000,0,0,0,1,0,0,0,0,0,0,0,19,0,0,0,9,99,6,2,12,0,0,0,1,55,53118,6,2,0,0,3,1,64,130,1,0,0,0,0,4,2011,4,2011,0,39,0,0,0,1,2,55,1,1,2,1,20,3,11,15,1,1,2,82,1,0
55,550251,1,2,1,18,7,8,43,11,0,1,0,55,3,86,881,86881,63,1997,1M2AD09C3VW0,1,M,2,A,D,0,9,C,3,V,W,0,0,T,MACK,CL7,CC,97,17,,8,0,0,700,D,,,6,728,,,,,00000,00,,64,0,57,1864409,571864409,3,2,4,1,0,0,0,0,0,0,0,999,0,1,1,99,99,6,2,12,0,0,0,1,55,53206,6,1,6,0,3,0,75,200,1,0,0,1,0,6,2009,7,2011,0,0,0,0,0,1,2,55,2,6,2,1,0,0,14,87,9,3,2,13,0,0
55,550251,2,2,1,18,7,8,43,11,0,1,0,55,1,24,1,24001,4,2002,1G8ZH528X2Z2,1,G,8,Z,H,5,2,8,X,2,Z,2,0,P,STRN,SL1,4D,2,17,2377,,0,1024,,G,,F,4,116,,,14R185,,,,,,0,0,000000000,00000000000,0,0,0,1,0,0,0,0,0,0,0,43,0,1,5,12,99,6,2,12,0,0,0,1,55,53147,6,1,0,0,3,0,69,180,0,0,0,1,1,5,2009,2,2011,0,0,0,0,0,1,2,55,3,5,2,1,0,0,14,87,99,1,1,98,1,0
55,550252,1,2,1,22,7,4,47,11,0,1,0,55,1,37,705,37705,80,2005,JH2PF01125K3,J,H,2,P,F,0,1,1,2,5,K,3,0,M,HOND,FSD,MS,5,17,,,,,,,582,,2,,4,500,,,,,,,0,0,000000000,00000000000,0,0,0,1,0,0,0,0,0,0,0,55,0,0,0,12,99,6,2,11,0,0,0,1,55,54484,6,1,6,0,3,3,69,175,0,0,0,0,0,0,0,0,0,0,0,0,0,0,1,2,55,1,1,2,1,0,0,1,87,1,1,1,13,1,0
55,550252,2,2,1,22,7,4,47,11,0,1,0,55,1,22,20,22020,4,2004,2G2WS5223412,2,G,2,W,S,5,2,2,3,4,1,2,0,P,PONT,GP2,4D,4,17,3484,,0,1105,,G,,F,6,231,,,16R225,,,,,,0,0,000000000,00000000000,0,0,0,1,0,0,0,0,0,0,0,55,0,0,0,18,99,2,1,54,0,0,0,1,55,54426,6,1,0,0,3,0,70,175,0,0,0,0,1,2,2011,2,2011,0,0,0,0,0,1,2,55,1,1,2,1,0,0,2,98,4,1,1,98,0,0
55,550253,1,1,2,23,7,13,19,14,0,1,0,55,1,48,401,48401,14,1998,JF1SF6350WG7,J,F,1,S,F,6,3,5,0,W,G,7,0,P,SUBA,FOR,UT,98,17,3040,,0,994,,G,,F,4,150,,,15R205,,,,,,0,0,000000000,00000000000,0,0,0,1,0,0,0,0,0,0,0,999,0,0,0,12,12,4,3,14,0,0,0,1,55,53215,6,1,0,0,3,3,69,170,1,0,0,0,0,4,2011,4,2011,1,0,0,0,0,1,2,25,1,1,2,1,0,0,1,6,1,1,4,11,1,0
55,550254,1,1,1,31,7,15,55,32,0,1,0,55,1,7,43,7043,4,1998,1B3EJ46X2WN3,1,B,3,E,J,4,6,X,2,W,N,3,0,P,DODG,STR,4D,98,17,2837,,0,1080,,G,,F,4,148,,,14R195,,,,,,0,0,000000000,00000000000,0,0,0,1,0,0,0,0,0,0,0,999,0,0,0,12,12,6,2,2,0,0,1,1,55,54002,6,1,0,0,3,3,72,190,1,0,0,0,1,12,2008,2,2009,1,0,0,0,0,1,2,55,1,1,2,1,0,0,1,13,99,1,4,1,1,1