STATE,ST_CASE,VEH_NO,VE_FORMS,NUMOCCS,DAY,MONTH,HOUR,MINUTE,HARM_EV,MAN_COLL,UNITTYPE,HIT_RUN,REG_STAT,OWNER,MAKE,MODEL,MAK_MOD,BODY_TYP,MOD_YEAR,VIN,VIN_1,VIN_2,VIN_3,VIN_4,VIN_5,VIN_6,VIN_7,VIN_8,VIN_9,VIN_10,VIN_11,VIN_12,TOW_VEH,VINTYPE,VINMAKE,VINA_MOD,VIN_BT,VINMODYR,VIN_LNGT,VIN_WGT,WGTCD_TR,WHLBS_LG,WHLBS_SH,SER_TR,FUELCODE,MCYCL_DS,CARBUR,CYLINDER,DISPLACE,MCYCL_CY,MCYCL_WT,TIRE_SZE,TON_RAT,TRK_WT,TRKWTVAR,VIN_REST,WHLDRWHL,J_KNIFE,MCARR_I1,MCARR_I2,MCARR_ID,GVWR,V_CONFIG,CARGO_BT,HAZ_INV,HAZ_PLAC,HAZ_ID,HAZ_CNO,HAZ_REL,BUS_USE,SPEC_USE,EMER_USE,TRAV_SP,UNDERIDE,ROLLOVER,ROLINLOC,IMPACT1,IMPACT2,DEFORMED,TOWED,M_HARM,VEH_SC1,VEH_SC2,FIRE_EXP,DR_PRES,L_STATE,DR_ZIP,L_STATUS,L_TYPE,CDL_STAT,L_ENDORS,L_COMPL,L_RESTRI,DR_HGT,DR_WGT,PREV_ACC,PREV_SUS,PREV_DWI,PREV_SPD,PREV_OTH,FIRST_MO,FIRST_YR,LAST_MO,LAST_YR,SPEEDREL,DR_SF1,DR_SF2,DR_SF3,DR_SF4,VTRAFWAY,VNUM_LAN,VSPD_LIM,VALIGN,VPROFILE,VPAVETYP,VSURCOND,VTRAFCON,VTCONT_F,P_CRASH1,P_CRASH2,P_CRASH3,PCRASH4,PCRASH5,ACC_TYPE,DEATHS,DR_DRINK
55,550255,1,1,1,12,7,11,20,5,0,1,0,55,1,37,702,37702,81,1985,JH2HF030XFS0,J,H,2,H,F,0,3,0,X,F,S,0,0,M,HOND,CH8,MS,85,17,,,,,,,80,,1,,4,999,,,,,,,0,0,000000000,00000000000,0,0,0,1,0,0,0,0,0,0,0,999,0,0,0,0,0,2,3,5,0,0,0,1,55,53714,6,1,0,0,3,3,71,170,0,0,0,0,0,0,0,0,0,0,84,0,0,0,1,2,35,1,1,2,1,0,0,2,98,7,1,1,0,1,0
55,550256,1,2,1,21,7,6,26,12,6,1,0,55,1,42,42,42042,6,2005,WDBRH61J85F6,W,D,B,R,H,6,1,J,8,5,F,6,0,P,MERZ,CS2,SW,5,17,3470,,0,1069,,F,,F,6,158,,,16R205,,,,,,0,0,000000000,00000000000,0,0,0,1,0,0,0,0,0,0,0,25,0,0,0,11,11,6,2,12,0,0,0,1,55,53072,6,1,0,0,3,0,62,125,0,0,0,0,0,0,0,0,0,0,38,0,0,0,1,2,25,3,6,2,1,20,3,11,15,1,1,2,82,0,0
55,550256,2,2,1,21,7,6,26,12,6,1,0,55,1,37,705,37705,80,1987,1HFRC190XHA3,1,H,F,R,C,1,9,0,X,H,A,3,0,M,HOND,V70,RS,87,17,,,,,,,700,,2,,4,487,,,,,,,0,0,000000000,00000000000,0,0,0,1,0,0,0,0,0,0,0,50,0,0,0,12,12,6,2,12,0,0,0,1,55,53066,6,1,6,0,3,0,64,150,2,0,0,1,0,7,2009,1,2011,0,0,0,0,0,1,2,50,1,5,2,1,0,0,1,67,1,1,1,83,1,0
55,550257,1,1,1,21,7,15,55,42,0,1,0,55,1,19,3,19003,4,1997,1G6KD54Y1VU2,1,G,6,K,D,5,4,Y,1,V,U,2,0,P,CADI,DFW,4D,97,17,3911,,0,1138,,G,,F,8,279,,,16R225,,,,,,0,0,000000000,00000000000,0,0,0,1,0,0,0,0,0,0,0,55,0,0,0,12,12,6,2,42,32,0,0,1,55,54541,6,1,0,0,3,3,63,116,0,0,0,0,1,8,2010,8,2010,0,0,0,0,0,1,2,55,1,3,2,1,0,0,1,13,99,1,4,1,1,0
55,550258,1,1,2,17,7,23,19,5,0,1,0,55,2,52,35,52035,2,2001,JA3AY11A41U0,J,A,3,A,Y,1,1,A,4,1,U,0,0,P,MITS,MDE,2D,1,17,2183,,0,951,,G,,F,4,090,,,14R175,,,,,,0,0,000000000,00000000000,0,0,0,1,0,0,0,0,0,0,0,35,0,0,0,0,0,0,1,5,0,0,0,1,55,54401,0,0,0,0,0,0,65,170,0,0,0,0,0,0,0,0,0,0,92,0,0,0,1,2,35,1,1,2,1,0,0,1,98,99,1,1,0,1,0
55,550259,1,1,1,18,6,1,3,1,0,1,0,0,0,99,739,99739,90,9999,999999999999,9,9,9,9,9,9,9,9,9,9,9,9,0,,,,,,,,,,,,,,,,,,,,,,,,,0,0,000000000,00000000000,0,0,0,1,0,0,0,0,0,0,0,30,0,9,1,0,99,4,1,1,0,0,0,1,55,54175,6,1,3,0,1,0,70,220,0,0,0,1,0,8,2009,8,2009,1,0,0,0,0,1,2,99,1,3,2,1,0,0,1,6,99,9,2,98,1,1
55,550260,1,1,2,30,7,1,10,59,0,1,0,55,1,14,6,14006,4,1994,2MELM74W5RX6,2,M,E,L,M,7,4,W,5,R,X,6,0,P,MERC,GMG,4D,94,17,3787,,0,1144,,G,,F,8,281,,,15R215,,,,,,0,0,000000000,00000000000,0,0,0,1,0,0,0,0,0,0,0,999,0,0,0,12,12,6,2,31,0,0,0,1,55,53405,6,1,0,0,3,3,71,190,0,0,0,0,0,0,0,0,0,0,0,0,0,0,1,2,45,1,1,2,1,20,3,1,12,99,1,4,6,1,1
55,550261,1,1,1,30,7,21,42,8,0,1,0,55,1,20,16,20016,2,1997,1G1JC1242VM1,1,G,1,J,C,1,2,4,2,V,M,1,0,P,CHEV,C/S,CP,97,17,2584,,0,1041,,G,,F,4,133,,,14R195,,,,,,0,0,000000000,00000000000,0,0,0,1,0,0,0,0,0,0,0,35,0,0,0,1,1,2,1,8,0,0,0,1,55,53948,6,1,0,0,3,3,68,120,1,0,0,1,3,7,2008,11,2010,0,0,0,0,0,1,2,35,1,1,2,1,0,0,1,80,1,1,1,13,0,0
55,550262,1,1,1,15,7,19,42,9,0,1,0,92,0,39,34,39034,4,2000,SAJDA01D0YGL,S,A,J,D,A,0,1,D,0,Y,G,L,0,P,JAGU,STP,4D,0,17,3770,,0,1145,,G,,F,8,244,,,16R225,,,,,,0,0,000000000,00000000000,0,0,0,1,0,0,0,0,0,0,0,30,0,0,0,1,1,4,3,9,0,0,0,1,55,53212,1,7,0,0,2,2,74,195,0,0,0,0,5,8,2010,6,2011,0,74,92,0,0,1,4,30,1,1,2,1,0,0,1,83,99,1,1,13,0,0
55,550263,1,2,3,18,7,19,58,12,6,1,0,27,2,51,47,51047,4,2004,YV1RS61T4423,Y,V,1,R,S,6,1,T,4,4,2,3,0,P,VOLV,S60,4D,4,17,3286,,0,1070,,G,,F,5,149,,,16R215,,,,,,0,0,000000000,00000000000,0,0,0,1,0,0,0,0,0,0,0,999,0,0,0,3,3,4,1,12,0,0,0,1,27,55437,6,1,0,0,3,3,71,175,0,0,0,0,1,7,2011,7,2011,0,42,48,0,0,1,2,45,1,1,2,1,0,0,10,16,1,1,1,70,0,0
55,550263,2,2,2,18,7,19,58,12,6,1,0,55,2,37,709,37709,80,1978,CX5002009289,C,X,5,0,0,2,0,0,9,2,8,9,0,M,HOND,CX5,RS,78,12,,,,,,,500,,2,,4,441,,,,,,,0,0,000000000,00000000000,0,0,0,1,0,0,0,0,0,0,0,999,0,0,0,12,99,2,9,12,0,0,0,1,55,54660,6,1,0,0,3,0,66,236,0,0,0,1,2,7,2009,4,2011,0,26,35,0,0,1,2,45,1,1,2,1,0,0,6,61,99,1,2,71,1,0
55,550264,1,2,1,16,7,22,18,12,6,1,0,55,1,53,706,53706,80,2004,JS1GT75A9421,J,S,1,G,T,7,5,A,9,4,2,1,0,M,SUZI,XR1,RC,4,17,,,,,,,988,,4,,4,370,,,,,,,0,0,000000000,00000000000,0,0,0,1,0,0,0,0,0,0,0,999,0,0,0,12,99,6,2,12,0,0,0,1,55,53204,6,1,0,0,3,3,71,185,0,0,0,0,1,12,2010,12,2010,1,39,0,0,0,1,2,30,1,1,2,1,2,3,1,66,99,1,1,86,1,1
55,550264,2,2,3,16,7,22,18,12,6,1,0,55,2,20,19,20019,2,1995,1G1LV15M8SY2,1,G,1,L,V,1,5,M,8,S,Y,2,0,P,CHEV,BER,CP,95,17,2756,,0,1034,,G,,F,6,191,,,14R195,,,,,,0,0,000000000,00000000000,0,0,0,1,0,0,0,0,0,0,0,999,0,0,0,81,81,6,2,12,0,0,0,1,55,53221,6,1,0,0,3,3,63,127,0,0,0,0,0,0,0,0,0,0,0,0,0,0,1,2,30,1,1,2,1,2,3,1,17,99,1,1,87,0,0
55,550265,1,4,2,22,7,22,57,12,1,1,0,55,1,37,402,37402,14,1997,JHLRD1842VC0,J,H,L,R,D,1,8,4,2,V,C,0,0,P,HOND,CRV,UT,97,17,3074,,0,1032,,G,,F,4,120,,,15R205,,,,,,0,0,000000000,00000000000,0,0,0,1,0,0,0,0,0,0,0,35,0,1,1,12,99,6,2,12,0,0,0,1,55,53704,6,1,0,0,3,0,70,150,0,0,0,0,0,0,0,0,0,1,0,0,0,0,1,4,30,1,1,1,1,0,0,1,10,99,1,2,24,1,1
55,550265,2,4,2,22,7,22,57,12,1,1,0,55,1,7,472,7472,30,2000,1B7FL26X8YS7,1,B,7,F,L,2,6,X,8,Y,S,7,0,T,DODG,DAK,PK,0,17,,1,0,1119,DAK,G,,,6,239,,,,B,3262,00,U,42,0,0,000000000,00000000000,0,0,0,1,0,0,0,0,0,0,0,30,0,0,0,6,6,4,1,12,0,0,0,1,55,53704,6,1,0,0,3,0,74,240,1,0,0,0,1,1,2010,2,2010,0,0,0,0,0,1,4,30,1,1,1,1,0,0,1,53,1,1,1,25,0,0
55,550265,3,4,2,22,7,22,57,12,1,1,0,55,1,24,401,24401,14,2002,5GZCZ63B22S8,5,G,Z,C,Z,6,3,B,2,2,S,8,0,P,STRN,VUE,UT,2,17,3491,,0,1066,,G,,F,6,181,,,16R235,,,,,,0,0,000000000,00000000000,0,0,0,1,0,0,0,0,0,0,0,30,0,0,0,11,11,6,2,12,0,0,0,1,55,53558,0,0,0,0,0,0,999,999,0,0,0,0,0,0,0,0,0,0,0,0,0,0,1,4,30,1,1,1,1,0,0,1,62,99,1,1,98,0,0
55,550265,4,4,2,22,7,22,57,12,1,1,0,55,2,49,46,49046,5,2006,JTDKB20U5675,J,T,D,K,B,2,0,U,5,6,7,5,0,P,TOYT,PRI,4H,6,17,3470,,0,1063,,B,,F,4,091,,,14R175,,,,,,0,0,000000000,00000000000,0,0,0,1,0,0,0,0,0,0,0,998,0,0,0,12,12,6,2,12,0,0,0,1,55,53704,6,1,0,0,3,3,71,175,0,0,0,0,0,0,0,0,0,0,0,0,0,0,1,4,30,1,1,1,1,0,0,1,62,99,1,1,98,0,0
55,550266,1,3,1,22,7,23,20,24,0,1,0,55,2,76,706,76706,80,2001,JYAVP11E11A0,J,Y,A,V,P,1,1,E,1,1,A,0,0,M,YAMA,XVS,RS,1,17,,,,,,,1063,,2,,4,571,,,,,,,0,0,000000000,00000000000,0,0,0,1,0,0,0,0,0,0,0,90,0,0,0,99,99,6,2,12,0,0,0,1,55,54171,6,2,0,0,2,0,65,136,0,0,0,0,0,0,0,0,0,1,0,0,0,0,3,2,55,1,1,2,1,0,0,6,6,99,9,4,2,1,0
55,550266,2,3,2,22,7,23,20,24,0,1,0,55,2,58,37,58037,4,2003,JNKCV51E73M3,J,N,K,C,V,5,1,E,7,3,M,3,0,P,INFI,G35,4D,3,17,3336,,0,1122,,G,,F,6,214,,,16R205,,,,,,0,0,000000000,00000000000,0,0,0,1,0,0,0,0,0,0,0,55,0,0,0,12,12,6,2,12,0,0,0,1,55,53066,6,2,0,0,3,0,73,155,0,0,0,0,0,0,0,0,0,0,0,0,0,0,3,2,55,1,1,2,1,0,0,1,64,99,1,1,98,0,0
55,550266,3,3,1,22,7,23,20,24,0,1,0,55,1,12,481,12481,31,1998,1FTZF1725WNA,1,F,T,Z,F,1,7,2,5,W,N,A,0,T,FORD,F15,PK,98,17,,1,1390,1200,COF,G,,,6,256,,,,B,3800,02,E,42,0,0,000000000,00000000000,0,0,0,1,0,0,0,0,0,0,0,55,0,0,0,18,18,2,1,54,0,0,0,1,55,53005,6,1,0,0,3,0,72,187,2,1,1,0,2,8,2008,6,2011,0,0,0,0,0,3,2,55,1,1,2,1,0,0,1,98,1,1,1,98,0,0
55,550267,1,1,1,30,7,22,30,8,0,1,1,55,1,12,473,12473,30,2002,1FMZU77E72UD,1,F,M,Z,U,7,7,E,7,2,U,D,0,P,FORD,EPR,UT,2,17,4340,,0,1259,,G,,F,6,245,,,16R235,,,,,,0,0,000000000,00000000000,0,0,0,1,0,0,0,0,0,0,0,25,0,0,0,12,12,9,3,8,0,0,0,1,55,54403,4,1,0,0,2,0,65,115,0,0,0,0,1,11,2010,11,2010,0,0,0,0,0,1,2,25,1,1,2,1,0,0,1,80,99,1,1,13,0,0
55,550268,1,1,1,13,8,16,49,1,0,1,0,55,1,72,706,72706,80,2008,1HD1BW5158Y0,1,H,D,1,B,W,5,1,5,8,Y,0,0,M,HD,STC,RS,8,17,,,,,,,1584,,2,,4,750,,,,,,,0,0,000000000,00000000000,0,0,0,1,0,0,0,0,0,0,0,999,0,0,0,0,61,4,3,1,0,0,0,1,55,53818,6,1,6,0,3,0,72,214,1,0,0,3,0,2,2009,6,2010,0,0,0,0,0,1,2,55,3,1,2,1,40,3,1,13,1,1,4,1,1,1
55,550269,1,1,1,8,8,12,42,1,0,1,0,55,1,72,706,72706,80,2006,1HD1FFW1X6Y6,1,H,D,1,F,F,W,1,X,6,Y,6,0,M,HD,TCI,RS,6,17,,,,,,,1450,,2,,4,776,,,,,,,0,0,000000000,00000000000,0,0,0,1,0,0,0,0,0,0,0,999,0,0,0,0,81,2,3,1,0,0,0,1,55,54806,6,1,8,0,3,0,73,225,0,0,0,0,0,0,0,0,0,0,26,0,0,0,1,2,55,1,1,2,1,0,0,1,50,98,1,1,98,1,0
55,550270,1,2,1,8,8,19,31,12,6,1,1,55,2,20,441,20441,20,1997,1GCDL19W4VB1,1,G,C,D,L,1,9,W,4,V,B,1,0,T,CHEV,AST,EC,97,17,,1,0,1110,AST,G,,,6,262,,,,B,00000,00,,44,0,0,000000000,00000000000,0,0,0,1,0,0,0,0,0,0,0,999,0,0,0,12,12,4,1,12,0,0,0,1,4,85325,6,1,0,0,3,0,67,155,0,0,0,0,0,0,0,0,0,1,35,0,0,0,1,2,55,1,1,2,1,0,0,1,10,99,1,2,73,0,1
55,550270,2,2,1,8,8,19,31,12,6,1,0,55,1,37,705,37705,80,1980,RC012105858,R,C,0,1,2,1,0,5,8,5,8,,0,M,HOND,CB7,RS,80,11,,,,,,,749,,4,,4,505,,,,,,,0,0,000000000,00000000000,0,0,0,1,0,0,0,0,0,0,0,999,0,0,0,1,61,6,2,12,0,0,0,1,55,54738,6,1,0,0,3,0,71,195,0,0,0,0,1,7,2010,7,2010,0,0,0,0,0,1,2,55,1,1,2,1,0,0,11,15,1,1,2,72,1,0
55,550271,1,1,3,5,8,18,51,9,0,1,0,55,1,52,34,52034,4,2009,4A3AB36F09E0,4,A,3,A,B,3,6,F,0,9,E,0,0,P,MITS,GES,4D,9,17,3395,,0,1083,,G,,F,4,145,,,16R215,,,,,,0,0,000000000,00000000000,0,0,0,1,0,0,0,0,0,0,0,50,0,0,0,12,12,4,8,9,0,0,0,1,55,54843,6,1,0,0,3,3,70,200,0,0,0,2,0,10,2008,11,2008,0,38,92,0,0,1,2,55,1,1,2,1,0,0,1,83,1,1,1,13,0,0
55,550272,1,1,2,13,8,17,47,34,0,1,0,55,1,12,3,12003,2,2002,1FAFP42X32F1,1,F,A,F,P,4,2,X,3,2,F,1,0,P,FORD,MGT,CP,2,17,3241,,0,1013,,G,,F,8,281,,,17R245,,,,,,0,0,000000000,00000000000,0,0,0,1,0,0,0,0,0,0,0,97,0,0,0,12,99,6,2,34,0,0,0,1,55,54956,6,1,6,0,3,0,73,180,0,0,0,1,3,8,2008,3,2010,1,58,0,0,0,2,2,65,1,5,1,1,0,0,1,12,9,3,4,2,1,1
55,550273,1,1,2,14,8,3,0,30,0,1,0,55,1,12,481,12481,31,1999,1FTZF1723XNA,1,F,T,Z,F,1,7,2,3,X,N,A,0,T,FORD,F15,PK,99,17,,1,1385,1199,COF,G,,,6,256,,,,B,00000,00,U,42,0,0,000000000,00000000000,0,0,0,1,0,0,0,0,0,0,0,47,0,0,0,61,12,6,2,42,0,0,0,1,55,53105,6,1,6,0,3,3,68,135,0,0,0,0,0,0,0,0,0,0,0,0,0,0,1,2,35,1,5,2,1,0,0,1,12,1,1,4,6,1,1
55,550275,1,1,1,14,8,3,20,34,0,1,0,55,2,19,18,19018,4,2003,1G6DM57N4301,1,G,6,D,M,5,7,N,4,3,0,1,0,P,CADI,C/T,4D,3,17,3509,,0,1134,,G,,F,6,194,,,16R225,,,,,,0,0,000000000,00000000000,0,0,0,1,0,0,0,0,0,0,0,999,0,9,5,99,99,6,2,1,0,0,0,1,55,54425,6,1,0,0,3,0,74,185,0,0,0,1,0,8,2008,8,2008,0,0,0,0,0,1,2,55,1,1,2,1,0,0,1,12,99,1,4,6,1,1
55,550276,1,1,1,17,8,15,5,1,0,1,0,55,1,2,403,2403,14,1995,1J4FY19P0SP3,1,J,4,F,Y,1,9,P,0,S,P,3,0,T,JEEP,WSR,2W,95,17,,1,0,934,W/Y,G,,,4,150,,,,,2861,00,A,44,0,0,000000000,00000000000,0,0,0,1,0,0,0,0,0,0,0,75,0,9,3,0,99,6,2,1,0,0,0,1,55,54558,6,1,0,0,3,3,63,115,0,0,0,0,0,0,0,0,0,0,58,0,0,0,2,2,65,1,1,2,1,0,0,1,12,99,1,4,6,1,0
55,550277,1,1,1,17,8,17,30,42,0,1,0,55,2,20,473,20473,30,2006,1GCDT1365681,1,G,C,D,T,1,3,6,5,6,8,1,0,T,CHEV,RDO,CW,6,17,,1,0,1260,CAL,G,,,5,214,,,,,3962,00,,44,0,0,000000000,00000000000,0,0,0,1,0,0,0,0,0,0,0,35,0,0,0,12,12,6,2,42,0,0,0,1,55,53143,6,1,0,0,3,0,73,160,0,0,0,3,0,9,2009,9,2010,0,0,0,0,0,1,4,30,1,1,2,1,0,0,1,12,1,1,4,6,1,0
55,550278,1,1,2,19,8,16,7,59,0,1,0,55,1,9,398,9398,2,1934,PE35744734,P,E,3,5,7,4,4,7,3,4,,,0,P,PLYM,,,34,10,,,,,,,,,,,,,,,,,,,0,0,000000000,00000000000,0,0,0,1,0,0,0,0,0,0,0,55,0,1,5,99,99,6,2,1,0,0,0,1,55,53011,6,1,0,0,3,0,67,155,0,0,0,0,0,0,0,0,0,0,58,0,0,0,1,2,55,1,1,2,1,0,0,1,12,6,1,4,6,1,0
55,550279,1,1,1,20,8,22,30,35,0,1,0,55,1,20,481,20481,31,2006,3GCEK14V96G2,3,G,C,E,K,1,4,V,9,6,G,2,0,T,CHEV,SK1,PK,6,17,,2,1330,1190,SIL,G,,,8,293,,,,B,4508,00,,44,0,0,000000000,00000000000,0,0,0,1,0,0,0,0,0,0,0,55,0,1,6,12,99,6,2,42,0,0,0,1,55,54527,6,1,0,0,3,3,70,240,0,0,0,0,0,0,0,0,0,0,39,0,0,0,1,2,55,1,1,2,99,20,3,1,14,1,1,4,14,1,1
55,550280,1,1,2,21,8,19,13,1,0,1,0,55,1,72,706,72706,80,2002,1HD1FRW102Y6,1,H,D,1,F,R,W,1,0,2,Y,6,0,M,HD,FCI,RS,2,17,,,,,,,1450,,2,,4,710,,,,,,,0,0,000000000,00000000000,0,0,0,1,0,0,0,0,0,0,0,55,0,0,0,0,81,6,2,1,0,0,0,1,55,54313,6,1,0,0,3,0,75,190,1,0,0,0,0,1,2011,1,2011,0,0,0,0,0,1,2,45,3,1,2,1,0,0,14,98,1,1,1,98,1,1
55,550281,1,1,2,22,8,1,40,33,0,1,0,55,2,18,5,18005,2,1997,1G4GD2210V47,1,G,4,G,D,2,2,1,0,V,4,7,0,P,BUIC,RIV,CP,97,17,3720,,0,1138,,G,,Z,6,231,,,16R225,,,,,,0,0,000000000,00000000000,0,0,0,1,0,0,0,0,0,0,0,999,0,0,0,12,99,6,2,33,0,0,0,1,55,53221,1,1,0,0,2,0,68,210,0,1,0,1,1,3,2010,5,2010,1,0,0,0,0,2,2,30,1,1,1,1,2,3,1,6,1,4,4,7,1,1
55,550282,1,1,4,22,8,22,26,34,0,1,0,55,2,21,401,21401,14,1998,1GHDT13W4W27,1,G,H,D,T,1,3,W,4,W,2,7,0,P,OLDS,BRA,UT,98,17,4023,,0,1070,,G,,F,6,262,,,15R235,,,,,,0,0,000000000,00000000000,0,0,0,1,0,0,0,0,0,0,0,999,0,1,5,99,99,6,2,1,0,0,0,1,55,54646,6,1,0,0,3,0,60,155,1,0,0,1,0,5,2009,8,2010,0,58,0,0,0,1,2,55,1,1,2,1,0,0,1,13,6,1,4,1,1,0
55,550283,1,1,1,20,8,21,37,59,0,1,0,55,1,12,442,12442,20,2001,2FMZA51481BB,2,F,M,Z,A,5,1,4,8,1,B,B,0,T,FORD,WLX,ES,1,17,,1,0,1207,WIN,G,,,6,232,,,,B,3963,00,E,42,0,0,000000000,00000000000,0,0,0,1,0,0,0,0,0,0,0,45,0,1,5,61,99,6,2,1,0,0,0,1,55,53167,6,1,0,0,3,0,72,225,0,0,0,0,0,0,0,0,0,0,0,0,0,0,2,2,65,1,1,2,1,0,0,1,8,1,7,4,7,1,1
55,550284,1,1,2,20,8,14,7,42,0,1,0,55,2,53,403,53403,14,1997,JS3LB11S7V41,J,S,3,L,B,1,1,S,7,V,4,1,0,P,SUZI,X90,UT,97,17,2500,,0,866,,G,,F,4,097,,,15R195,,,,,,0,0,000000000,00000000000,0,0,0,1,0,0,0,0,0,0,0,999,0,1,5,11,99,6,2,1,0,0,0,1,55,54828,1,2,0,0,2,0,65,200,0,1,0,1,1,6,2011,7,2011,0,0,0,0,0,1,2,45,1,1,2,1,0,0,1,12,99,1,4,6,1,0
55,550285,1,1,1,24,8,22,45,34,0,1,0,55,1,72,706,72706,80,2009,1HD1FMM109Y6,1,H,D,1,F,M,M,1,0,9,Y,6,0,M,HD,TPI,RS,9,17,,,,,,,1690,,2,,4,831,,,,,,,0,0,000000000,00000000000,0,0,0,1,0,0,0,0,0,0,0,999,0,0,0,99,99,6,2,1,0,0,0,1,55,53944,6,1,6,0,3,0,72,280,0,1,1,0,1,10,2008,2,2010,0,0,0,0,0,1,2,55,3,1,2,1,0,0,14,13,99,1,4,1,1,1
55,550286,1,1,1,24,8,10,23,1,0,1,0,55,1,12,402,12402,14,2002,1FMYU04192KD,1,F,M,Y,U,0,4,1,9,2,K,D,0,P,FORD,SPE,UT,2,17,3511,,0,1031,,G,,F,6,181,,,15R225,,,,,,0,0,000000000,00000000000,0,0,0,1,0,0,0,0,0,0,0,55,0,2,5,0,99,6,2,1,0,0,0,1,55,54840,6,1,0,0,3,0,68,118,0,0,0,0,0,0,0,0,0,0,58,0,0,0,1,2,55,1,1,2,1,0,0,1,13,8,1,4,1,1,0
55,550287,1,1,2,28,8,2,50,38,0,1,0,55,1,7,482,7482,31,2005,3D7KS26D05G7,3,D,7,K,S,2,6,D,0,5,G,7,0,T,DODG,S25,PK,5,17,,2,0,1405,RPC,G,,,8,348,,,,C,5674,10,E,44,0,0,000000000,00000000000,0,0,0,1,0,0,0,0,0,0,0,999,0,1,5,99,99,6,2,1,0,0,0,1,55,54650,6,1,6,0,3,3,68,210,1,0,0,0,3,10,2009,7,2011,1,91,0,0,0,1,2,35,2,1,2,1,40,3,14,12,9,1,4,6,1,1
55,550288,1,1,1,25,8,18,45,1,0,1,0,0,0,37,705,37705,80,1986,JH2PE0406GK1,J,H,2,P,E,0,4,0,6,G,K,1,0,M,HOND,XR6,T,86,17,,,,,,,600,,1,,4,267,,,,,,,0,0,000000000,00000000000,0,0,0,1,0,0,0,0,0,0,0,10,0,0,0,0,0,0,1,1,0,0,0,1,55,54481,6,1,0,0,1,0,65,195,0,0,0,0,0,0,0,0,0,0,0,0,0,0,1,2,55,1,6,2,1,0,0,11,98,1,4,2,98,1,0
55,550289,1,1,1,13,8,19,13,1,0,1,0,55,1,72,706,72706,80,1990,1HD1DJL19LY5,1,H,D,1,D,J,L,1,9,L,Y,5,0,M,HD,FHC,RS,90,17,,,,,,,1340,,2,,4,741,,,,,,,0,0,000000000,00000000000,0,0,0,1,0,0,0,0,0,0,0,35,0,0,0,0,0,6,2,1,0,0,0,1,55,54771,6,1,0,0,3,3,72,290,0,0,0,0,0,0,0,0,0,0,0,0,0,0,1,2,35,1,1,2,1,0,0,1,13,99,1,4,1,1,0
55,550290,1,3,1,18,7,15,23,12,6,1,0,55,1,41,51,41051,4,2010,JM1BL1SF2A12,J,M,1,B,L,1,S,F,2,A,1,2,0,P,MAZD,M3I,4D,10,17,2868,,0,1039,,G,,F,4,122,,,16R205,,,,,,0,0,000000000,00000000000,0,0,0,1,0,0,0,0,0,0,0,999,0,0,0,12,12,6,2,12,0,0,0,1,55,53120,6,1,0,0,3,0,63,123,0,0,0,1,0,8,2010,8,2010,0,0,0,0,0,2,2,45,1,1,2,1,1,3,1,62,99,1,1,69,0,0
55,550290,2,3,3,18,7,15,23,12,6,1,0,55,1,18,7,18007,4,2001,2G4WS52J5111,2,G,4,W,S,5,2,J,5,1,1,1,0,P,BUIC,CCU,4D,1,17,3368,,0,1090,,G,,F,6,191,,,15R205,,,,,,0,0,000000000,00000000000,0,0,0,1,0,0,0,0,0,0,0,999,0,0,0,3,9,6,2,12,0,0,0,1,55,53149,6,1,0,0,3,0,67,180,0,0,0,0,0,0,0,0,0,0,38,48,0,0,2,2,45,1,1,2,1,1,3,11,15,1,1,2,68,2,0
55,550290,3,3,1,18,7,15,23,12,6,1,0,55,1,12,481,12481,31,2008,1FTRX04W28KD,1,F,T,R,X,0,4,W,2,8,K,D,0,T,FORD,F15,4C,8,17,,2,0,1450,COF,G,,,8,281,,,,B,5265,01,E,44,0,0,000000000,00000000000,0,0,0,1,0,0,0,0,0,0,0,0,0,0,0,12,12,2,1,12,0,0,0,1,55,53120,6,1,6,0,3,0,70,200,0,0,0,0,0,0,0,0,0,0,0,0,0,0,1,2,35,1,1,2,1,1,3,5,98,1,1,1,98,0,0
55,550291,1,3,3,29,6,13,38,12,1,1,0,55,1,55,401,55401,14,2011,5XYZGDAB0BG0,5,X,Y,Z,G,D,A,B,0,B,G,0,0,P,HYUN,SAN,UT,11,17,3875,,0,1063,,G,,F,4,144,,,17R235,,,,,,0,0,000000000,00000000000,0,0,0,1,0,0,0,0,0,0,0,0,0,0,0,6,81,6,2,12,0,0,0,1,55,53220,6,1,0,0,3,0,65,155,0,0,0,0,0,0,0,0,0,0,0,0,0,0,1,2,55,1,1,2,1,0,0,5,15,1,1,1,22,0,0
55,550291,2,3,3,29,6,13,38,12,1,1,0,55,2,7,472,7472,30,1994,1B7GL23Y6RW1,1,B,7,G,L,2,3,Y,6,R,W,1,0,T,DODG,DAK,PC,94,17,,1,0,1309,DAK,G,,,8,318,,,,B,3472,00,B,42,0,0,000000000,00000000000,0,0,0,1,0,0,0,0,0,0,0,46,0,0,0,12,12,6,2,12,0,0,0,1,55,54982,6,1,0,0,3,1,66,180,0,0,0,2,3,6,2009,11,2009,0,0,0,0,0,1,2,55,1,1,2,1,0,0,1,50,1,1,1,20,0,0