STATE,ST_CASE,VEH_NO,VE_FORMS,NUMOCCS,DAY,MONTH,HOUR,MINUTE,HARM_EV,MAN_COLL,UNITTYPE,HIT_RUN,REG_STAT,OWNER,MAKE,MODEL,MAK_MOD,BODY_TYP,MOD_YEAR,VIN,VIN_1,VIN_2,VIN_3,VIN_4,VIN_5,VIN_6,VIN_7,VIN_8,VIN_9,VIN_10,VIN_11,VIN_12,TOW_VEH,VINTYPE,VINMAKE,VINA_MOD,VIN_BT,VINMODYR,VIN_LNGT,VIN_WGT,WGTCD_TR,WHLBS_LG,WHLBS_SH,SER_TR,FUELCODE,MCYCL_DS,CARBUR,CYLINDER,DISPLACE,MCYCL_CY,MCYCL_WT,TIRE_SZE,TON_RAT,TRK_WT,TRKWTVAR,VIN_REST,WHLDRWHL,J_KNIFE,MCARR_I1,MCARR_I2,MCARR_ID,GVWR,V_CONFIG,CARGO_BT,HAZ_INV,HAZ_PLAC,HAZ_ID,HAZ_CNO,HAZ_REL,BUS_USE,SPEC_USE,EMER_USE,TRAV_SP,UNDERIDE,ROLLOVER,ROLINLOC,IMPACT1,IMPACT2,DEFORMED,TOWED,M_HARM,VEH_SC1,VEH_SC2,FIRE_EXP,DR_PRES,L_STATE,DR_ZIP,L_STATUS,L_TYPE,CDL_STAT,L_ENDORS,L_COMPL,L_RESTRI,DR_HGT,DR_WGT,PREV_ACC,PREV_SUS,PREV_DWI,PREV_SPD,PREV_OTH,FIRST_MO,FIRST_YR,LAST_MO,LAST_YR,SPEEDREL,DR_SF1,DR_SF2,DR_SF3,DR_SF4,VTRAFWAY,VNUM_LAN,VSPD_LIM,VALIGN,VPROFILE,VPAVETYP,VSURCOND,VTRAFCON,VTCONT_F,P_CRASH1,P_CRASH2,P_CRASH3,PCRASH4,PCRASH5,ACC_TYPE,DEATHS,DR_DRINK
55,550291,3,3,1,29,6,13,38,12,1,1,0,55,1,39,31,39031,1,2003,SAJDA42C132A,S,A,J,D,A,4,2,C,1,3,2,A,0,P,JAGU,XK8,CV,3,17,3962,,0,1019,,G,,F,8,256,,,18R245,,,,,,0,0,000000000,00000000000,0,0,0,1,0,0,0,0,0,0,0,43,0,0,0,12,12,6,2,12,0,0,0,1,55,54982,6,1,0,0,3,0,69,225,0,0,0,0,0,0,0,0,0,0,0,0,0,0,1,2,55,1,1,2,1,0,0,1,62,1,1,1,98,1,0
55,550292,1,1,2,6,8,22,3,8,0,1,1,55,2,7,20,7020,4,2003,1B3ES56C63D1,1,B,3,E,S,5,6,C,6,3,D,1,0,P,DODG,NXT,4D,3,17,2639,,0,1040,,G,,F,4,122,,,15R185,,,,,,0,0,000000000,00000000000,0,0,0,1,0,0,0,0,0,0,0,25,0,0,0,12,12,4,1,8,0,0,0,1,55,53081,0,0,0,0,0,0,63,115,0,0,0,0,0,0,0,0,0,0,38,0,0,0,1,2,25,1,1,2,2,40,3,1,80,1,1,1,13,0,1
55,550293,1,5,1,9,8,7,36,12,6,1,0,55,1,7,472,7472,30,1993,1B7FL26X2PS1,1,B,7,F,L,2,6,X,2,P,S,1,0,T,DODG,DAK,PK,93,17,,1,1239,1119,DAK,G,,,6,239,,,,B,2885,01,A,42,0,0,000000000,00000000000,0,0,0,1,0,0,0,0,0,0,0,999,0,1,3,5,99,6,2,1,0,0,0,1,55,53716,2,1,5,0,2,0,72,190,0,2,2,0,0,11,2010,11,2010,1,27,35,0,0,2,4,55,1,1,1,1,0,0,6,51,1,1,2,46,1,1
55,550293,2,5,1,9,8,7,36,12,6,1,0,55,1,37,31,37031,3,1997,2HGEJ6345VH1,2,H,G,E,J,6,3,4,5,V,H,1,0,P,HOND,UCD,2H,97,17,2253,,0,1032,,G,,F,4,097,,,14R185,,,,,,0,0,000000000,00000000000,0,0,0,1,0,0,0,0,0,0,0,50,0,0,0,12,12,6,2,12,0,0,0,1,55,53713,6,1,0,0,3,0,62,135,0,0,0,0,0,0,0,0,0,0,0,0,0,0,2,4,55,1,1,1,1,0,0,1,60,99,1,1,45,0,0
55,550293,3,5,1,9,8,7,36,12,6,1,0,55,3,82,881,82881,63,1999,1FV6HFBA2XHB,1,F,V,6,H,F,B,A,2,X,H,B,1,T,FRHT,F70,CC,99,17,,7,0,0,MCV,D,,,6,359,,,,,00000,00,,42,1,57,1282248,571282248,3,4,3,1,0,0,0,0,0,0,0,50,0,1,3,6,99,6,2,1,0,0,0,1,55,53559,6,1,6,0,3,0,70,160,0,0,0,0,0,0,0,0,0,0,0,0,0,0,2,4,55,1,1,1,1,0,0,1,61,1,1,1,98,0,0
55,550293,4,5,2,9,8,7,36,12,6,1,0,55,1,49,32,49032,4,1994,JT2AE04B7R00,J,T,2,A,E,0,4,B,7,R,0,0,0,P,TOYT,COA,4D,94,17,2359,,0,970,,G,,F,4,097,,,14R175,,,,,,0,0,000000000,00000000000,0,0,0,1,0,0,0,0,0,0,0,55,0,0,0,1,14,4,1,54,0,0,0,1,55,53562,6,1,0,0,3,3,68,150,0,0,0,0,0,0,0,0,0,0,0,0,0,0,2,4,55,1,1,1,1,0,0,1,98,99,1,1,98,0,0
55,550293,5,5,1,9,8,7,36,12,6,1,0,55,2,12,481,12481,31,1997,1FTHF26F0VEB,1,F,T,H,F,2,6,F,0,V,E,B,1,T,FORD,F25,PK,97,17,,2,0,1330,COF,D,,,8,444,,,,C,4870,00,A,44,1,57,48711,5748711,3,4,3,1,0,0,0,0,0,0,0,55,0,0,0,13,13,2,1,54,0,0,0,1,55,53589,6,1,0,0,3,3,67,175,0,0,0,0,0,0,0,0,0,0,0,0,0,0,2,4,55,1,1,1,1,0,0,1,98,99,1,1,98,0,0
55,550294,1,2,1,10,8,19,15,12,2,1,0,55,2,98,804,98804,66,2003,2WKJABAV63KK,2,W,K,J,A,B,A,V,6,3,K,K,1,T,WSTR,49X,TR,3,17,,8,0,0,CNV,D,,,6,893,,,,,00000,00,,64,3,57,703603,57703603,3,6,6,1,0,0,0,0,0,0,0,55,0,0,0,12,12,6,2,12,0,0,0,1,55,54847,6,1,6,0,3,3,70,196,0,0,0,0,0,0,0,0,0,0,0,0,0,0,1,2,55,1,1,2,1,0,0,1,62,99,1,1,51,0,0
55,550294,2,2,1,10,8,19,15,12,2,1,0,55,2,18,2,18002,4,2003,1G4HP52K7341,1,G,4,H,P,5,2,K,7,3,4,1,0,P,BUIC,LCF,4D,3,17,3567,,0,1122,,G,,F,6,231,,,15R215,,,,,,0,0,000000000,00000000000,0,0,0,1,0,0,0,0,0,0,0,999,0,0,0,12,12,6,2,12,0,0,0,1,55,54806,6,1,0,0,3,3,71,450,0,0,0,0,0,0,0,0,0,0,51,0,0,0,1,2,55,1,1,2,1,0,0,1,10,99,1,2,50,1,0
55,550295,1,2,1,6,8,16,20,12,1,1,0,55,1,37,706,37706,80,1983,JH2SC1208DM0,J,H,2,S,C,1,2,0,8,D,M,0,0,M,HOND,VF1,RS,83,17,,,,,,,1100,,4,,4,340,,,,,,,0,0,000000000,00000000000,0,0,0,1,0,0,0,0,0,0,0,55,0,0,0,6,6,2,3,12,0,0,0,1,55,54963,6,1,0,0,3,0,69,160,0,2,1,0,0,5,2010,6,2010,0,0,0,0,0,1,2,55,1,1,2,1,0,0,6,53,9,1,1,29,0,1
55,550295,2,2,1,6,8,16,20,12,1,1,0,55,1,73,705,73705,80,2003,JKAKLEA163DA,J,K,A,K,L,E,A,1,6,3,D,A,0,M,KAWK,KL6,T,3,17,,,,,,,650,,1,,4,337,,,,,,,0,0,000000000,00000000000,0,0,0,1,0,0,0,0,0,0,0,55,0,0,0,12,12,4,8,12,0,0,0,1,55,54963,6,1,0,0,2,0,71,185,0,0,0,0,0,0,0,0,0,1,26,0,0,0,1,2,55,1,1,2,1,0,0,1,52,1,1,1,28,1,1
55,550296,1,2,1,11,8,16,24,12,6,1,0,55,1,49,32,49032,4,2006,1NXBR32E86Z7,1,N,X,B,R,3,2,E,8,6,Z,7,0,P,TOYT,UCS,4D,6,17,2530,,0,1024,,G,,F,4,109,,,15R185,,,,,,0,0,000000000,00000000000,0,0,0,1,0,0,0,0,0,0,0,15,0,0,0,10,61,6,2,12,0,0,0,1,55,54822,6,1,0,0,3,0,62,110,0,0,0,0,0,0,0,0,0,0,39,0,0,0,1,2,45,1,1,2,1,20,3,11,15,99,1,2,82,1,0
55,550296,2,2,1,11,8,16,24,12,6,1,0,55,3,98,804,98804,63,1999,2WLPCD2G4XK9,2,W,L,P,C,D,2,G,4,X,K,9,0,T,WSTR,490,CC,99,17,,8,0,0,CNV,D,,,6,733,,,,,00000,00,,64,0,57,99766,5799766,3,2,4,1,0,0,0,0,0,0,0,45,0,0,0,12,12,4,1,12,0,0,0,1,55,54771,6,1,6,0,3,0,72,280,0,0,0,0,0,0,0,0,0,0,0,0,0,0,1,2,45,1,1,2,1,0,0,1,67,99,1,1,83,0,0
55,550297,1,2,2,14,8,18,10,12,2,1,0,55,1,37,709,37709,80,1981,NC0129BM0002,N,C,0,1,2,9,B,M,0,0,0,2,0,M,HOND,,,81,14,,,,,,,,,,,,,,,,,,,0,0,000000000,00000000000,0,0,0,1,0,0,0,0,0,0,0,55,0,0,0,12,12,6,2,12,0,0,0,1,55,54634,6,1,0,0,2,0,71,215,0,0,0,0,1,7,2010,7,2010,0,51,0,0,0,1,2,55,2,1,2,1,0,0,14,10,99,1,2,50,1,0
55,550297,2,2,1,14,8,18,10,12,2,1,0,55,1,20,481,20481,31,2005,2GCEK13T7511,2,G,C,E,K,1,3,T,7,5,1,1,0,T,CHEV,SK1,CW,5,17,,2,0,1435,SIL,G,,,8,323,,,,B,5299,00,,44,0,0,000000000,00000000000,0,0,0,1,0,0,0,0,0,0,0,55,0,0,0,12,12,6,2,12,0,0,0,1,55,54634,6,1,0,0,3,0,71,210,0,0,0,0,0,0,0,0,0,0,0,0,0,0,1,2,55,3,1,2,1,0,0,14,60,99,1,1,51,0,0
55,550298,1,1,1,1,8,11,0,9,0,1,0,55,3,20,4,20004,2,2007,1G1YY26U0751,1,G,1,Y,Y,2,6,U,0,7,5,1,0,P,CHEV,CVT,CP,7,17,3179,,0,1057,,G,,F,8,366,,,18R245,,,,,,0,0,000000000,00000000000,0,0,0,1,0,0,0,0,0,0,0,55,0,0,0,12,12,6,2,9,0,0,0,1,55,54165,6,1,0,0,3,0,69,150,0,0,0,0,0,0,0,0,0,0,35,0,0,0,1,2,55,1,1,2,1,0,0,1,83,99,1,1,13,0,0
55,550299,1,1,1,12,8,18,4,9,0,1,0,55,1,13,12,13012,4,2004,1LNHM86S34Y6,1,L,N,H,M,8,6,S,3,4,Y,6,0,P,LINC,LLS,4D,4,17,3720,,0,1145,,G,,F,6,182,,,16R225,,,,,,0,0,000000000,00000000000,0,0,0,1,0,0,0,0,0,0,0,37,0,0,0,12,12,4,3,9,0,0,0,1,55,54935,6,1,0,0,3,0,72,275,0,0,0,0,0,0,0,0,0,0,0,0,0,0,2,3,35,1,1,1,2,0,0,1,83,1,1,1,13,0,0
55,550300,1,1,1,2,8,5,8,9,0,1,0,55,1,7,442,7442,20,2000,2B4GP2436YR5,2,B,4,G,P,2,4,3,6,Y,R,5,0,T,DODG,GCV,ES,0,17,,1,0,1193,CAR,G,,,6,181,,,,,3695,00,E,42,0,0,000000000,00000000000,0,0,0,1,0,0,0,0,0,0,0,25,0,0,0,1,1,2,3,9,0,0,0,1,55,54401,6,1,0,0,3,0,66,210,0,0,0,0,0,0,0,0,0,0,0,0,0,0,2,2,25,1,1,1,2,3,3,1,83,1,1,1,13,0,0
55,550301,1,3,1,16,8,6,52,12,1,1,0,55,1,19,18,19018,4,2005,1G6DP567X501,1,G,6,D,P,5,6,7,X,5,0,1,0,P,CADI,HF6,4D,5,17,3509,,0,1134,,G,,F,6,220,,,17R225,,,,,,0,0,000000000,00000000000,0,0,0,1,0,0,0,0,0,0,0,40,0,0,0,12,12,6,2,12,0,0,0,1,55,53154,6,1,0,0,3,0,71,240,0,0,0,1,0,4,2010,4,2010,0,0,0,0,0,1,2,40,1,1,2,1,0,0,1,50,99,1,1,20,0,0
55,550301,2,3,1,16,8,6,52,12,1,1,0,55,1,18,7,18007,4,2002,2G4WS52J1212,2,G,4,W,S,5,2,J,1,2,1,2,0,P,BUIC,CCU,4D,2,17,3368,,0,1090,,G,,F,6,191,,,15R205,,,,,,0,0,000000000,00000000000,0,0,0,1,0,0,0,0,0,0,0,0,0,0,0,6,99,6,2,12,0,0,0,1,55,53154,6,1,0,0,3,0,67,160,0,0,0,0,0,0,0,0,0,0,0,0,0,0,1,2,40,1,1,2,1,0,0,5,53,1,1,1,22,1,0
55,550301,3,3,1,16,8,6,52,12,1,1,0,55,1,22,9,22009,3,1992,1G2FS23E8NL2,1,G,2,F,S,2,3,E,8,N,L,2,0,P,PONT,FBF,2H,92,17,3281,,0,1010,,G,,F,8,305,,,16R245,,,,,,0,0,000000000,00000000000,0,0,0,1,0,0,0,0,0,0,0,40,0,0,0,12,12,6,2,12,0,0,0,1,55,53172,6,1,0,0,3,0,65,172,0,0,0,0,0,0,0,0,0,0,0,0,0,0,1,2,40,1,1,2,1,0,0,1,62,99,1,1,98,0,0
55,550302,1,1,1,16,8,18,20,8,0,1,0,17,1,20,481,20481,31,2010,1GC4KXB69AF1,1,G,C,4,K,X,B,6,9,A,F,1,0,T,CHEV,2K2,CW,10,17,,2,1670,1530,SIL,D,,,8,403,,,,C,5960,02,,44,0,0,000000000,00000000000,0,0,0,1,0,0,0,0,0,0,0,40,0,0,0,12,12,2,8,8,0,0,0,1,17,61025,6,1,0,0,3,3,999,999,0,0,0,0,0,0,0,0,0,0,0,0,0,0,1,2,55,2,6,2,1,0,0,14,80,1,1,4,13,0,1
55,550303,1,2,1,3,8,15,42,12,2,1,0,55,1,32,44,32044,4,2004,WAUML44E74N0,W,A,U,M,L,4,4,E,7,4,N,0,0,P,AUDI,A8L,4D,4,17,4266,,0,1211,,G,,F,8,255,,,17R235,,,,,,0,0,000000000,00000000000,0,0,0,1,0,0,0,0,0,0,0,35,0,0,0,12,12,6,2,12,0,0,0,1,55,54601,6,1,0,0,3,0,74,230,1,0,0,0,1,4,2011,5,2011,0,89,0,0,0,1,2,35,2,1,2,1,0,0,14,10,99,1,2,50,0,0
55,550303,2,2,1,3,8,15,42,12,2,1,0,55,1,37,709,37709,80,2010,1HFSC47G3AA9,1,H,F,S,C,4,7,G,3,A,A,9,0,M,HOND,GL8,RS,10,17,,,,,,,1832,,6,,4,895,,,,,,,0,0,000000000,00000000000,0,0,0,1,0,0,0,0,0,0,0,35,0,0,0,12,12,6,2,12,0,0,0,1,55,54601,6,1,0,0,3,0,73,290,0,0,0,0,0,0,0,0,0,0,0,0,0,0,1,2,35,3,1,2,1,0,0,14,54,99,1,1,51,1,1
55,550304,1,1,1,16,8,18,44,8,0,1,0,55,2,20,37,20037,4,2003,1G1NE52JX3M6,1,G,1,N,E,5,2,J,X,3,M,6,0,P,CHEV,M/L,4D,3,17,3106,,0,1070,,G,,F,6,191,,,15R215,,,,,,0,0,000000000,00000000000,0,0,0,1,0,0,0,0,0,0,0,27,0,0,0,12,12,4,3,8,0,0,0,1,55,54115,6,1,0,0,3,0,71,195,0,0,0,0,0,0,0,0,0,0,38,0,0,0,1,2,25,1,5,1,1,20,3,1,80,99,1,1,13,0,0
55,550305,1,2,3,16,8,17,19,12,6,1,0,55,2,22,16,22016,2,1998,1G2JB1246W75,1,G,2,J,B,1,2,4,6,W,7,5,0,P,PONT,SFS,CP,98,17,2637,,0,1041,,G,,F,4,133,,,14R195,,,,,,0,0,000000000,00000000000,0,0,0,1,0,0,0,0,0,0,0,55,0,0,0,81,81,6,2,12,0,0,0,1,55,53955,6,2,0,0,3,0,64,145,1,0,0,0,0,8,2010,8,2010,0,58,0,0,0,1,2,55,1,1,2,1,0,0,1,9,6,4,4,64,1,0
55,550305,2,2,1,16,8,17,19,12,6,1,0,55,1,6,441,6441,20,2008,2A8HR54PX8R6,2,A,8,H,R,5,4,P,X,8,R,6,0,T,CHRY,TOU,ES,8,17,,2,0,1212,TWC,G,,,6,232,,,,,4507,00,,42,0,0,000000000,00000000000,0,0,0,1,0,0,0,0,0,0,0,5,0,0,0,12,12,6,2,12,0,0,0,1,55,53954,6,1,0,0,3,3,64,130,0,0,0,0,0,0,0,0,0,0,0,0,0,0,1,2,55,1,1,2,1,0,0,1,62,9,1,4,65,0,0
55,550306,1,2,1,6,8,12,3,12,2,1,0,27,1,22,20,22020,2,1998,1G2WP1213WF2,1,G,2,W,P,1,2,1,3,W,F,2,0,P,PONT,GTP,CP,98,17,3396,,0,1105,,G,,Z,6,231,,,16R225,,,,,,0,0,000000000,00000000000,0,0,0,1,0,0,0,0,0,0,0,55,0,0,0,12,12,6,2,12,0,0,0,1,27,55303,6,1,0,0,3,0,66,180,0,0,0,0,0,0,0,0,0,0,0,0,0,0,1,3,55,3,5,2,2,0,0,14,62,6,1,1,51,1,0
55,550306,2,2,2,6,8,12,3,12,2,1,0,27,1,34,35,34035,4,1994,WBAHD6327RBJ,W,B,A,H,D,6,3,2,7,R,B,J,0,P,BMW,A52,4D,94,17,3561,,0,1087,,G,,F,6,152,,,15R205,,,,,,0,0,000000000,00000000000,0,0,0,1,0,0,0,0,0,0,0,55,0,0,0,12,12,6,2,12,0,0,0,1,27,55311,6,1,0,0,3,0,68,140,0,0,0,1,0,8,2011,8,2011,1,0,0,0,0,1,3,55,2,6,1,2,0,0,14,6,1,7,2,50,0,0
55,550307,1,1,1,3,8,14,57,1,0,1,0,55,1,12,471,12471,30,2005,1FTYR10D85PA,1,F,T,Y,R,1,0,D,8,5,P,A,0,T,FORD,RNG,PK,5,17,,1,1175,1116,RNG,G,,,4,140,,,,B,3010,00,U,42,0,0,000000000,00000000000,0,0,0,1,0,0,0,0,0,0,0,999,0,2,3,0,0,6,2,1,0,0,0,1,55,53704,6,1,0,0,3,0,73,240,0,0,0,0,0,0,0,0,0,0,58,84,85,0,2,4,65,3,1,1,1,0,0,14,60,6,1,4,8,1,0
55,550308,1,1,1,4,8,5,49,1,0,1,0,55,2,12,401,12401,14,1998,1FMZU34E9WUD,1,F,M,Z,U,3,4,E,9,W,U,D,0,P,FORD,EPR,UT,98,17,4146,,0,1115,,G,,F,6,245,,,15R225,,,,,,0,0,000000000,00000000000,0,0,0,1,0,0,0,0,0,0,0,999,0,2,5,0,0,6,2,1,0,0,0,1,55,53532,1,1,0,0,2,0,72,200,0,1,0,0,1,1,2009,12,2009,0,92,0,0,0,2,2,65,1,6,1,1,0,0,6,13,6,1,4,1,1,0
55,550309,1,1,1,5,8,21,0,1,0,1,0,55,1,72,706,72706,80,1998,1HD1FCR42WY6,1,H,D,1,F,C,R,4,2,W,Y,6,0,M,HD,FUA,RS,98,17,,,,,,,1340,,2,,4,772,,,,,,,0,0,000000000,00000000000,0,0,0,1,0,0,0,0,0,0,0,999,0,0,0,0,0,6,2,1,0,0,0,1,55,53589,6,1,8,0,3,0,72,180,0,0,0,0,2,8,2010,12,2010,1,0,0,0,0,1,2,55,3,6,2,1,0,0,14,6,8,2,1,98,1,1
55,550310,1,1,1,7,8,0,45,9,0,1,0,55,2,41,35,41035,4,1993,JM1BG2264P05,J,M,1,B,G,2,2,6,4,P,0,5,0,P,MAZD,PLX,4D,93,17,2487,,0,984,,G,,F,4,112,,,14R185,,,,,,0,0,000000000,00000000000,0,0,0,1,0,0,0,0,0,0,0,999,0,0,0,12,12,6,2,9,0,0,0,1,55,53142,6,2,0,0,3,3,66,127,0,0,0,0,0,0,0,0,0,0,91,0,0,0,1,2,35,1,1,2,1,0,0,1,83,99,1,1,13,0,0
55,550311,1,1,1,7,8,6,57,34,0,1,0,55,2,21,21,21021,4,2001,1G3NL52E41C2,1,G,3,N,L,5,2,E,4,1,C,2,0,P,OLDS,A/G,4D,1,17,3022,,0,1070,,G,,F,6,207,,,15R215,,,,,,0,0,000000000,00000000000,0,0,0,1,0,0,0,0,0,0,0,999,0,2,5,99,12,6,2,42,0,0,0,1,55,53511,0,0,0,0,0,0,72,135,0,1,0,1,0,11,2009,11,2009,1,58,92,0,0,1,2,45,3,1,2,99,0,0,14,6,6,4,4,7,1,1
55,550312,1,1,1,7,8,19,15,34,0,1,0,31,2,76,706,76706,80,2001,JYARN05E41A0,J,Y,A,R,N,0,5,E,4,1,A,0,0,M,YAMA,YFR,RC,1,17,,,,,,,998,,4,,4,385,,,,,,,0,0,000000000,00000000000,0,0,0,1,0,0,0,0,0,0,0,97,0,0,0,12,61,6,2,34,0,0,0,1,27,55025,6,1,6,0,3,0,74,222,1,0,0,0,0,10,2009,10,2009,1,0,0,0,0,1,2,55,3,5,2,1,0,0,14,12,99,1,4,6,1,1
55,550313,1,2,1,18,8,21,6,12,2,1,0,55,1,98,709,98709,80,1970,GD54113,G,D,5,4,1,1,3,,,,,,0,U,,,,70,7,,,,,,,,,,,,,,,,,,,0,0,000000000,00000000000,0,0,0,1,0,0,0,0,0,0,0,999,0,0,0,12,12,6,2,12,0,0,0,1,55,54902,6,1,0,0,2,0,70,175,0,0,0,0,0,0,0,0,0,0,0,0,0,0,1,2,25,1,1,1,1,0,0,1,62,99,1,1,69,1,1
55,550313,2,2,1,18,8,21,6,12,2,1,0,55,1,24,7,24007,4,2004,1G8AJ52F34Z1,1,G,8,A,J,5,2,F,3,4,Z,1,0,P,STRN,SI2,4D,4,17,2808,,0,1032,,G,,F,4,134,,,15R195,,,,,,0,0,000000000,00000000000,0,0,0,1,0,0,0,0,0,0,0,999,0,0,0,12,12,4,3,12,0,0,0,1,55,54313,6,1,0,0,3,3,65,130,0,0,0,0,0,0,0,0,0,0,0,0,0,0,1,2,25,1,1,1,1,0,0,11,10,4,9,2,68,0,0
55,550314,1,1,1,22,8,8,0,8,0,1,0,55,2,20,37,20037,4,2003,1G1ND52J93M7,1,G,1,N,D,5,2,J,9,3,M,7,0,P,CHEV,MAL,4D,3,17,3106,,0,1070,,G,,F,6,191,,,15R215,,,,,,0,0,000000000,00000000000,0,0,0,1,0,0,0,0,0,0,0,999,0,0,0,12,12,4,3,8,0,0,0,1,55,54952,1,1,0,0,2,0,65,125,0,0,0,1,2,2,2010,5,2010,0,92,0,0,0,1,2,25,3,1,2,1,0,0,1,80,1,1,1,13,0,0
55,550315,1,1,1,8,8,0,28,49,0,1,0,55,1,54,35,54035,4,2003,19UUA56673A0,1,9,U,U,A,5,6,6,7,3,A,0,0,P,ACUR,32T,4D,3,17,3492,,0,1081,,G,,F,6,197,,,16R205,,,,,,0,0,000000000,00000000000,0,0,0,1,0,0,0,0,0,0,0,999,0,0,0,12,12,6,2,49,0,0,0,1,55,52172,6,1,0,0,3,0,70,180,0,0,0,1,0,6,2009,6,2009,0,0,0,0,0,1,2,55,1,3,1,1,0,0,1,83,99,1,1,13,0,0
55,550316,1,2,1,11,8,18,9,12,6,1,0,55,2,20,441,20441,20,2003,1GNEL19X73B1,1,G,N,E,L,1,9,X,7,3,B,1,0,T,CHEV,AST,ES,3,17,,2,0,1112,AST,G,,,6,262,,,,B,4593,00,,44,0,0,000000000,00000000000,0,0,0,1,0,0,0,0,0,0,0,55,0,0,0,11,11,6,2,12,0,0,0,1,55,54656,6,1,0,0,3,0,61,110,0,0,0,0,0,0,0,0,0,0,38,0,0,0,1,2,55,1,1,2,1,20,3,11,15,99,1,1,82,0,1
55,550316,2,2,1,11,8,18,9,12,6,1,0,55,1,53,706,53706,80,2000,JS1VY51A7Y21,J,S,1,V,Y,5,1,A,7,Y,2,1,0,M,SUZI,VL1,RS,0,17,,,,,,,1462,,2,,4,652,,,,,,,0,0,000000000,00000000000,0,0,0,1,0,0,0,0,0,0,0,55,0,0,0,1,1,6,2,12,0,0,0,1,55,54656,6,1,0,0,3,3,74,250,0,0,0,0,0,0,0,0,0,0,0,0,0,0,1,2,55,1,1,2,1,0,0,1,67,99,1,1,83,1,0
55,550317,1,1,1,14,8,3,13,1,0,1,0,55,1,7,482,7482,31,2009,1D3HV13T49S7,1,D,3,H,V,1,3,T,4,9,S,7,0,T,DODG,150,CW,9,17,,2,0,1400,RPC,G,,,8,348,,,,B,5200,00,K,44,0,0,000000000,00000000000,0,0,0,1,0,0,0,0,0,0,0,999,0,2,5,0,0,6,2,1,0,0,0,1,55,54157,6,1,0,0,3,0,73,175,1,0,0,0,1,7,2009,8,2010,1,0,0,0,0,1,2,55,1,1,2,1,0,0,1,6,99,1,4,1,1,1
55,550318,1,2,1,16,8,11,42,12,1,1,0,55,1,72,706,72706,80,2009,1HD1FC4189Y6,1,H,D,1,F,C,4,1,8,9,Y,6,0,M,HD,FLU,RS,9,17,,,,,,,1584,,2,,4,889,,,,,,,0,0,000000000,00000000000,0,0,0,1,0,0,0,0,0,0,0,55,0,0,0,12,12,4,3,12,0,0,0,1,55,54126,6,1,0,0,3,0,70,185,0,0,0,0,0,0,0,0,0,0,26,81,85,0,2,2,55,1,6,1,1,0,0,2,52,3,2,1,28,1,1
55,550318,2,2,1,16,8,11,42,12,1,1,0,55,3,84,881,84881,62,2003,1HTMPAFM33H5,1,H,T,M,P,A,F,M,3,3,H,5,1,T,INTL,420,CC,3,17,,6,0,0,40S,D,,,8,365,,,,,00000,00,,42,1,57,926150,57926150,2,4,1,1,0,0,0,0,0,0,0,35,0,0,0,6,6,2,1,12,0,0,0,1,55,54136,6,1,0,0,3,3,72,210,0,0,0,0,0,0,0,0,0,0,81,85,0,0,2,2,55,1,6,1,1,0,0,2,53,2,1,1,29,0,0
55,550319,1,2,2,16,8,17,48,12,6,1,0,55,2,12,3,12003,2,2001,1FAFP40441F2,1,F,A,F,P,4,0,4,4,1,F,2,0,P,FORD,MUS,CP,1,17,3066,,0,1013,,G,,F,6,232,,,15R205,,,,,,0,0,000000000,00000000000,0,0,0,1,0,0,0,0,0,0,0,999,0,0,0,9,9,6,2,12,0,0,0,1,55,54501,6,1,0,0,3,0,63,195,0,0,0,0,0,0,0,0,0,0,38,85,0,0,1,2,35,1,1,2,1,20,3,1,66,99,1,1,89,1,0
55,550319,2,2,1,16,8,17,48,12,6,1,0,55,3,23,481,23481,31,2004,1GTHK23214F2,1,G,T,H,K,2,3,2,1,4,F,2,0,T,GMC,2KH,CW,4,17,,2,1670,1530,SIE,D,,,8,403,,,,C,6056,00,E,44,0,0,000000000,00000000000,0,0,0,1,0,0,0,0,0,0,0,999,0,0,0,12,12,4,3,12,0,0,0,1,55,54424,6,1,6,0,3,3,76,210,0,0,0,0,0,0,0,0,0,0,85,0,0,0,5,2,35,1,1,2,1,0,0,1,71,99,1,1,88,0,0
55,550320,1,2,3,20,8,13,0,12,6,1,0,55,1,20,443,20443,20,1999,1GNDX03E8XD2,1,G,N,D,X,0,3,E,8,X,D,2,0,T,CHEV,VTR,ES,99,17,,1,0,1200,VTR,G,,,6,207,,,,,3792,00,,42,0,0,000000000,00000000000,0,0,0,1,0,0,0,0,0,0,0,999,0,0,0,12,12,6,2,12,0,0,0,1,55,54479,6,1,0,0,3,0,71,260,0,0,0,0,0,0,0,0,0,0,0,0,0,0,1,2,55,1,1,2,1,0,0,1,66,1,1,1,86,1,0
55,550320,2,2,2,20,8,13,0,12,6,1,0,55,1,14,6,14006,4,1999,2MEFM75W9XX6,2,M,E,F,M,7,5,W,9,X,X,6,0,P,MERC,MGL,4D,99,17,3922,,0,1147,,G,,F,8,281,,,16R225,,,,,,0,0,000000000,00000000000,0,0,0,1,0,0,0,0,0,0,0,999,0,0,0,3,3,6,2,12,0,0,0,1,55,54405,6,1,0,0,3,3,71,195,0,0,0,0,0,0,0,0,0,0,38,39,0,0,1,2,55,1,1,2,1,20,3,1,17,99,1,1,87,0,0
55,550321,1,2,1,23,8,20,50,12,6,1,0,55,1,6,43,6043,2,1998,4C3AU42Y0WE0,4,C,3,A,U,4,2,Y,0,W,E,0,0,P,CHRY,SLX,CP,98,17,2857,,0,1037,,G,,F,4,122,,,14R195,,,,,,0,0,000000000,00000000000,0,0,0,1,0,0,0,0,0,0,0,999,0,0,0,3,3,6,2,12,0,0,0,1,55,53156,0,0,0,0,0,0,72,180,0,1,1,1,2,5,2010,12,2010,0,39,91,92,0,1,2,55,1,1,2,1,20,3,1,17,99,1,1,87,0,1