STATE,ST_CASE,VEH_NO,VE_FORMS,NUMOCCS,DAY,MONTH,HOUR,MINUTE,HARM_EV,MAN_COLL,UNITTYPE,HIT_RUN,REG_STAT,OWNER,MAKE,MODEL,MAK_MOD,BODY_TYP,MOD_YEAR,VIN,VIN_1,VIN_2,VIN_3,VIN_4,VIN_5,VIN_6,VIN_7,VIN_8,VIN_9,VIN_10,VIN_11,VIN_12,TOW_VEH,VINTYPE,VINMAKE,VINA_MOD,VIN_BT,VINMODYR,VIN_LNGT,VIN_WGT,WGTCD_TR,WHLBS_LG,WHLBS_SH,SER_TR,FUELCODE,MCYCL_DS,CARBUR,CYLINDER,DISPLACE,MCYCL_CY,MCYCL_WT,TIRE_SZE,TON_RAT,TRK_WT,TRKWTVAR,VIN_REST,WHLDRWHL,J_KNIFE,MCARR_I1,MCARR_I2,MCARR_ID,GVWR,V_CONFIG,CARGO_BT,HAZ_INV,HAZ_PLAC,HAZ_ID,HAZ_CNO,HAZ_REL,BUS_USE,SPEC_USE,EMER_USE,TRAV_SP,UNDERIDE,ROLLOVER,ROLINLOC,IMPACT1,IMPACT2,DEFORMED,TOWED,M_HARM,VEH_SC1,VEH_SC2,FIRE_EXP,DR_PRES,L_STATE,DR_ZIP,L_STATUS,L_TYPE,CDL_STAT,L_ENDORS,L_COMPL,L_RESTRI,DR_HGT,DR_WGT,PREV_ACC,PREV_SUS,PREV_DWI,PREV_SPD,PREV_OTH,FIRST_MO,FIRST_YR,LAST_MO,LAST_YR,SPEEDREL,DR_SF1,DR_SF2,DR_SF3,DR_SF4,VTRAFWAY,VNUM_LAN,VSPD_LIM,VALIGN,VPROFILE,VPAVETYP,VSURCOND,VTRAFCON,VTCONT_F,P_CRASH1,P_CRASH2,P_CRASH3,PCRASH4,PCRASH5,ACC_TYPE,DEATHS,DR_DRINK
55,550387,1,2,1,17,9,17,22,12,2,1,0,55,2,22,20,22020,4,2008,2G2WP5820811,2,G,2,W,P,5,8,2,0,8,1,1,0,P,PONT,GRA,4D,8,17,3477,,0,1105,,G,,F,6,232,,,16R225,,,,,,0,0,000000000,00000000000,0,0,0,1,0,0,0,0,0,0,0,10,0,0,0,12,12,6,2,12,0,0,0,1,55,54937,6,1,0,0,3,0,66,136,0,0,0,0,0,0,0,0,0,0,38,0,0,0,1,2,45,1,1,2,1,0,0,11,15,1,1,2,82,0,0
55,550387,2,2,4,17,9,17,22,12,2,1,0,55,1,21,441,21441,20,2001,1GHDX23E91D2,1,G,H,D,X,2,3,E,9,1,D,2,0,T,OLDS,ECO,ES,1,17,,1,0,1200,SIL,G,,,6,207,,,,B,3948,00,K,42,0,0,000000000,00000000000,0,0,0,1,0,0,0,0,0,0,0,45,0,0,0,12,12,6,2,12,0,0,0,1,55,53024,6,1,0,0,3,3,59,120,0,0,0,0,0,0,0,0,0,0,0,0,0,0,1,2,45,1,5,2,1,0,0,1,72,99,1,1,83,1,0
55,550388,1,2,1,1,9,14,35,12,6,1,0,92,0,99,998,99998,92,9999,000000000000,0,0,0,0,0,0,0,0,0,0,0,0,1,,,,,,,,,,,,,,,,,,,,,,,,,1,0,000000000,00000000000,0,0,0,1,0,0,0,0,0,0,0,999,0,0,0,8,8,0,1,12,0,0,0,1,55,54484,6,1,0,0,1,0,71,180,0,0,0,0,0,0,0,0,0,0,38,0,0,0,1,2,55,1,1,2,1,20,3,11,15,1,1,2,82,0,0
55,550388,2,2,2,1,9,14,35,12,6,1,0,55,1,18,3,18003,4,1995,1G4CU5214SH6,1,G,4,C,U,5,2,1,4,S,H,6,0,P,BUIC,PAU,4D,95,17,3642,,0,1108,,G,,Z,6,231,,,15R215,,,,,,0,0,000000000,00000000000,0,0,0,1,0,0,0,0,0,0,0,999,0,0,0,12,12,6,2,12,0,0,0,1,55,54484,6,1,0,0,3,3,71,200,0,0,0,0,0,0,0,0,0,1,0,0,0,0,1,2,55,1,1,2,1,0,0,1,67,1,1,1,83,1,0
55,550389,1,1,1,23,9,12,14,8,0,1,0,55,1,7,442,7442,20,2005,1D4GP24R65B4,1,D,4,G,P,2,4,R,6,5,B,4,0,T,DODG,GCS,ES,5,17,,1,0,1193,CAR,G,,,6,201,,,,,3867,00,E,42,0,0,000000000,00000000000,0,0,0,1,0,0,0,0,0,0,0,25,0,0,0,12,12,2,1,8,0,0,0,1,55,54451,6,1,0,0,3,3,66,145,0,0,0,0,0,0,0,0,0,0,0,0,0,0,1,2,25,1,3,2,1,3,3,1,80,1,1,1,13,0,0
55,550390,1,1,1,26,9,17,7,32,0,1,0,55,1,12,17,12017,4,2005,1FAFP532X5A2,1,F,A,F,P,5,3,2,X,5,A,2,0,P,FORD,TSE,4D,5,17,3306,,0,1085,,F,,F,6,182,,,16R215,,,,,,0,0,000000000,00000000000,0,0,0,1,0,0,0,0,0,0,0,999,0,1,2,12,99,6,2,1,0,0,0,1,55,54159,6,1,0,0,3,0,68,190,0,0,0,0,0,0,0,0,0,0,0,0,0,0,1,2,55,1,6,2,2,0,0,1,12,1,1,4,6,1,0
55,550391,1,2,2,27,9,7,57,12,2,1,0,55,1,20,881,20881,61,2006,1GBJK34D26E2,1,G,B,J,K,3,4,D,2,6,E,2,0,T,CHEV,SK3,CB,6,17,,3,1615,1370,SIL,D,,,8,403,,,,D,5774,01,,44,0,88,888888888,88888888888,2,1,97,1,0,0,0,0,0,0,0,999,0,0,0,12,99,6,2,12,0,0,0,1,55,54021,6,1,0,0,3,0,74,200,0,0,0,3,0,9,2009,12,2010,1,0,0,0,0,1,2,55,1,1,2,2,0,0,6,6,99,7,1,50,0,0
55,550391,2,2,1,27,9,7,57,12,2,1,0,55,1,49,32,49032,4,2006,1NXBR30EX6Z6,1,N,X,B,R,3,0,E,X,6,Z,6,0,P,TOYT,UCS,4D,6,17,2530,,0,1024,,G,,F,4,109,,,15R185,,,,,,0,0,000000000,00000000000,0,0,0,1,0,0,0,0,0,0,0,999,0,0,0,12,12,6,2,12,0,0,0,1,55,54017,6,1,0,0,3,0,63,135,0,0,0,0,0,0,0,0,0,0,0,0,0,0,1,2,55,1,1,2,2,0,0,1,62,99,1,1,51,1,0
55,550392,1,2,1,3,10,20,10,12,2,1,0,55,1,30,47,30047,3,2007,3VWSW31C97M5,3,V,W,S,W,3,1,C,9,7,M,5,0,P,VOLK,BW2,2H,7,17,2917,,0,989,,G,,F,5,151,,,17R225,,,,,,0,0,000000000,00000000000,0,0,0,1,0,0,0,0,0,0,0,60,0,0,0,12,12,6,2,12,0,0,0,1,55,53719,6,1,0,0,3,3,71,245,0,0,0,0,0,0,0,0,0,0,51,0,0,0,2,2,65,1,1,2,1,0,0,1,54,99,1,1,50,1,0
55,550392,2,2,2,3,10,20,10,12,2,1,0,55,1,20,2,20002,4,2008,2G1WB58K4812,2,G,1,W,B,5,8,K,4,8,1,2,0,P,CHEV,IPL,4D,8,17,3555,,0,1105,,F,,F,6,214,,,16R225,,,,,,0,0,000000000,00000000000,0,0,0,1,0,0,0,0,0,0,0,50,0,0,0,12,12,6,2,12,0,0,0,1,55,53511,6,2,0,0,3,1,61,135,0,0,0,1,1,12,2009,12,2010,0,0,0,0,0,2,2,65,1,1,2,1,0,0,1,54,99,1,1,51,0,0
55,550393,1,4,1,3,10,20,11,12,6,1,0,55,3,82,881,82881,66,2003,1FUJA6CG73LK,1,F,U,J,A,6,C,G,7,3,L,K,1,T,FRHT,COL,TR,3,17,,8,0,0,CON,D,,,6,774,,,,,00000,00,,64,1,57,242009,57242009,3,6,1,1,0,0,0,0,0,0,0,65,0,0,0,12,99,4,3,12,0,0,0,1,55,53172,6,1,6,0,3,0,72,200,0,0,0,0,0,0,0,0,0,0,0,0,0,0,2,2,65,1,1,2,1,0,0,1,50,1,1,1,98,0,0
55,550393,2,4,2,3,10,20,11,12,6,1,0,55,6,20,2,20002,4,2008,2G1WB58K4812,2,G,1,W,B,5,8,K,4,8,1,2,0,P,CHEV,IPL,4D,8,17,3555,,0,1105,,F,,F,6,214,,,16R225,,,,,,0,0,000000000,00000000000,0,0,0,1,0,0,0,0,0,0,0,0,0,0,0,11,99,4,3,12,0,0,0,0,0,99997,7,6,97,7,6,7,998,997,998,998,998,998,998,98,9998,98,9998,8,0,0,0,0,2,2,65,1,1,2,1,0,0,0,53,0,0,0,98,1,0
55,550393,3,4,0,3,10,20,11,12,6,1,0,55,6,30,47,30047,3,2007,3VWSW31C97M5,3,V,W,S,W,3,1,C,9,7,M,5,0,P,VOLK,BW2,2H,7,17,2917,,0,989,,G,,F,5,151,,,17R225,,,,,,0,0,000000000,00000000000,0,0,0,1,0,0,0,0,0,0,0,0,0,0,0,1,99,6,2,12,0,0,0,0,0,99997,7,6,97,7,6,7,998,997,998,998,998,998,998,98,9998,98,9998,8,0,0,0,0,2,2,65,1,1,2,1,0,0,0,53,0,0,0,98,0,0
55,550393,4,4,1,3,10,20,11,12,6,1,0,55,2,63,33,63033,4,2008,KNAFE1215855,K,N,A,F,E,1,2,1,5,8,5,5,0,P,KIA,SXC,4D,8,17,2919,,0,1028,,G,,F,4,122,,,15R195,,,,,,0,0,000000000,00000000000,0,0,0,1,0,0,0,0,0,0,0,999,0,0,0,7,7,4,3,12,0,0,0,1,55,53525,6,1,0,0,3,0,75,250,0,0,0,0,0,0,0,0,0,0,0,0,0,0,2,2,65,1,1,2,1,0,0,17,50,99,1,6,98,0,0
55,550394,1,2,1,4,10,7,21,12,1,1,0,29,1,41,51,41051,6,2005,JM1BK3237513,J,M,1,B,K,3,2,3,7,5,1,3,0,P,MAZD,M3S,4D,5,17,2762,,0,1039,,G,,F,4,140,,,16R205,,,,,,0,0,000000000,00000000000,0,0,0,1,0,0,0,0,0,0,0,999,0,0,0,12,12,6,2,12,0,0,0,1,55,53202,6,1,0,0,3,0,70,160,0,0,0,0,0,0,0,0,0,0,0,0,0,0,3,2,50,1,2,2,1,0,0,1,50,6,1,1,98,0,0
55,550394,2,2,0,4,10,7,21,12,1,1,0,55,6,22,18,22018,2,1997,1G2NW12T0VC7,1,G,2,N,W,1,2,T,0,V,C,7,0,P,PONT,GAG,CP,97,17,2808,,0,1034,,G,,F,4,146,,,16R205,,,,,,0,0,000000000,00000000000,0,0,0,1,0,0,0,0,0,0,0,0,0,0,0,6,6,6,2,8,0,0,0,0,0,99997,7,6,97,7,6,7,998,997,998,998,998,998,998,98,9998,98,9998,8,20,0,0,0,3,2,50,1,2,2,1,0,0,0,53,0,0,0,98,0,0
55,550395,1,2,1,7,10,19,5,12,1,1,0,55,1,20,421,20421,15,2007,1GNFK13017R1,1,G,N,F,K,1,3,0,1,7,R,1,0,P,CHEV,KTA,UT,7,17,5706,,0,1160,,F,,F,8,323,,,17R265,,,,,,0,0,000000000,00000000000,0,0,0,1,0,0,0,0,0,0,0,0,0,0,0,6,6,6,2,12,0,0,0,1,55,53511,6,1,0,0,3,0,60,100,0,0,0,0,0,0,0,0,0,0,0,0,0,0,1,2,55,1,2,2,1,0,0,11,53,99,1,1,21,0,0
55,550395,2,2,1,7,10,19,5,12,1,1,0,55,1,20,471,20471,30,1993,1GCCS19Z4P01,1,G,C,C,S,1,9,Z,4,P,0,1,0,T,CHEV,S14,PC,93,17,,1,0,1229,S,G,,,6,262,,,,B,2832,01,,42,0,0,000000000,00000000000,0,0,0,1,0,0,0,0,0,0,0,60,0,0,0,12,12,6,2,12,0,0,0,1,55,53546,6,1,0,0,3,2,70,150,0,0,0,0,0,0,0,0,0,1,74,0,0,0,1,2,55,1,2,2,1,0,0,1,50,3,2,1,20,1,1
55,550396,1,2,1,8,10,3,13,12,2,1,0,55,1,37,701,37701,81,1987,JH2AF1216HS0,J,H,2,A,F,1,2,1,6,H,S,0,0,M,HOND,SEP,MS,87,17,,,,,,,50,,1,,2,126,,,,,,,0,0,000000000,00000000000,0,0,0,1,0,0,0,0,0,0,0,30,0,0,0,12,12,6,2,12,0,0,0,1,55,53704,6,1,0,0,3,0,72,220,0,0,0,0,1,7,2011,7,2011,0,0,0,0,0,1,2,30,1,1,2,1,0,0,1,62,99,1,1,51,1,0
55,550396,2,2,1,8,10,3,13,12,2,1,0,55,1,14,17,14017,4,1996,1MELM50U4TG6,1,M,E,L,M,5,0,U,4,T,G,6,0,P,MERC,SGS,4D,96,17,3358,,0,1085,,G,,F,6,182,,,15R205,,,,,,0,0,000000000,00000000000,0,0,0,1,0,0,0,0,0,0,0,999,0,0,0,12,12,4,3,12,0,0,0,1,55,53703,6,2,0,0,3,0,64,130,0,0,0,0,0,0,0,0,0,0,28,51,91,0,1,2,30,1,1,2,1,0,0,1,10,99,1,1,50,0,1
55,550397,1,2,1,8,10,11,1,12,6,1,0,55,2,7,482,7482,31,1997,1B7HF16Y7VS2,1,B,7,H,F,1,6,Y,7,V,S,2,0,T,DODG,150,PK,97,17,,2,1347,1187,RPC,G,,,8,318,,,,B,4527,01,M,44,0,0,000000000,00000000000,0,0,0,1,0,0,0,0,0,0,0,50,0,0,0,12,12,6,2,12,0,0,0,1,55,53562,0,0,0,0,0,0,999,999,0,0,0,0,0,0,0,0,0,0,39,92,0,0,1,2,45,1,1,1,1,1,3,1,17,99,1,1,88,0,0
55,550397,2,2,2,8,10,11,1,12,6,1,0,55,1,12,471,12471,30,2004,1FTZR45E94PA,1,F,T,Z,R,4,5,E,9,4,P,A,0,T,FORD,RNS,4C,4,17,,1,0,1259,RNG,G,,,6,245,,,,B,3945,00,U,44,0,0,000000000,00000000000,0,0,0,1,0,0,0,0,0,0,0,55,0,1,5,61,61,6,2,12,0,0,0,1,55,53578,6,1,6,0,3,0,68,185,0,0,0,0,0,0,0,0,0,0,0,0,0,0,2,2,55,1,1,1,1,1,3,1,66,99,1,1,89,1,0
55,550398,1,1,1,9,10,13,27,32,0,1,0,55,1,14,17,14017,4,1998,1MEFM53S5WA6,1,M,E,F,M,5,3,S,5,W,A,6,0,P,MERC,SLP,4D,98,17,3299,,0,1085,,G,,F,6,182,,,15R205,,,,,,0,0,000000000,00000000000,0,0,0,1,0,0,0,0,0,0,0,80,0,1,5,6,6,6,2,32,0,0,0,1,55,53520,6,1,0,0,3,0,66,180,0,0,0,0,0,0,0,0,0,1,58,0,0,0,1,2,55,3,1,2,1,0,0,15,6,8,4,4,2,1,1
55,550399,1,1,1,9,10,12,36,8,0,1,0,55,2,6,441,6441,20,1997,1C4GP54R3VB2,1,C,4,G,P,5,4,R,3,V,B,2,0,T,CHRY,TLX,ES,97,17,,1,0,1193,TWC,G,,,6,201,,,,,00000,00,,42,0,0,000000000,00000000000,0,0,0,1,0,0,0,0,0,0,0,20,0,0,0,12,12,2,3,8,0,0,0,1,55,54568,6,1,8,0,3,0,71,200,0,0,0,0,0,0,0,0,0,0,0,0,0,0,2,3,40,1,1,1,1,0,0,1,80,99,1,1,13,0,0
55,550400,1,1,1,8,10,7,18,9,0,1,0,55,1,41,50,41050,4,2006,1YVHP80D265M,1,Y,V,H,P,8,0,D,2,6,5,M,0,P,MAZD,M6S,4D,6,17,3320,,0,1053,,G,,F,6,181,,,17R215,,,,,,0,0,000000000,00000000000,0,0,0,1,0,0,0,0,0,0,0,999,0,0,0,12,12,6,2,9,0,0,0,1,55,53405,6,1,0,0,3,0,64,115,0,0,0,2,0,9,2009,4,2011,0,38,0,0,0,1,2,30,1,1,1,1,20,3,11,83,99,1,1,13,0,1
55,550401,1,1,1,14,10,99,99,1,0,1,0,55,2,12,17,12017,4,2002,1FAFP55U52A2,1,F,A,F,P,5,5,U,5,2,A,2,0,P,FORD,TSS,4D,2,17,3392,,0,1085,,G,,F,6,182,,,16R215,,,,,,0,0,000000000,00000000000,0,0,0,1,0,0,0,0,0,0,0,60,0,2,5,0,0,6,2,1,0,0,0,1,55,54217,6,1,0,0,3,0,67,220,0,0,0,0,0,0,0,0,0,1,0,0,0,0,1,2,45,2,2,2,2,0,0,14,12,99,1,4,6,1,1
55,550402,1,1,1,14,10,18,35,34,0,1,0,55,1,9,20,9020,4,1998,1P3ES47C5WD6,1,P,3,E,S,4,7,C,5,W,D,6,0,P,PLYM,NEH,4D,98,17,2537,,0,1040,,G,,F,4,122,,,14R185,,,,,,0,0,000000000,00000000000,0,0,0,1,0,0,0,0,0,0,0,55,0,1,5,12,1,6,2,1,0,0,0,1,55,54562,1,1,0,0,2,0,63,150,0,1,1,0,0,8,2011,8,2011,0,92,0,0,0,1,2,55,3,1,2,2,0,0,14,11,99,1,4,1,1,1
55,550403,1,2,1,3,10,14,0,12,2,1,0,27,3,98,809,98809,63,1999,2FZNRJCB8XAB,2,F,Z,N,R,J,C,B,8,X,A,B,0,T,STRG,LT7,CC,99,17,,8,0,0,STE,D,,,6,439,,,,,00000,00,,64,0,57,310785,57310785,3,2,3,1,0,0,0,0,0,0,0,55,0,0,0,12,12,6,2,12,0,0,0,1,27,55027,6,1,6,0,3,0,70,190,0,0,0,0,0,0,0,0,0,0,0,0,0,0,1,2,55,1,1,2,1,0,0,1,54,9,2,1,51,0,0
55,550403,2,2,1,3,10,14,0,12,2,1,0,27,1,20,16,20016,4,1996,1G1JC5248T72,1,G,1,J,C,5,2,4,8,T,7,2,0,P,CHEV,CAV,4D,96,17,2676,,0,1041,,G,,F,4,133,,,14R195,,,,,,0,0,000000000,00000000000,0,0,0,1,0,0,0,0,0,0,0,55,0,0,0,12,12,6,2,12,0,0,0,1,27,55033,6,1,0,0,3,3,71,170,0,0,0,0,0,0,0,0,0,0,28,0,0,0,1,2,55,1,1,2,1,0,0,1,10,1,1,2,50,1,0
55,550404,1,1,1,11,10,5,33,42,0,1,0,55,2,2,404,2404,14,1999,1J4GW68N8XC6,1,J,4,G,W,6,8,N,8,X,C,6,0,T,JEEP,LMT,4W,99,17,,1,0,1059,GCK,G,,,8,287,,,,,3809,00,E,44,0,0,000000000,00000000000,0,0,0,1,0,0,0,0,0,0,0,999,0,0,0,11,1,6,2,42,0,0,0,1,55,54982,1,2,0,0,2,0,71,175,0,2,2,0,1,10,2009,5,2011,1,0,0,0,0,1,2,25,2,1,2,1,0,0,14,12,99,1,4,6,1,1
55,550405,1,1,1,15,10,9,21,8,0,1,1,55,1,7,402,7402,14,1999,1B4HS28Y4XF5,1,B,4,H,S,2,8,Y,4,X,F,5,0,P,DODG,DUR,UT,99,17,4397,,0,1159,,G,,F,8,318,,,15R235,,,,,,0,0,000000000,00000000000,0,0,0,1,0,0,0,0,0,0,0,999,9,0,0,12,12,9,3,8,0,0,0,1,55,53511,1,1,0,0,2,3,73,180,0,2,3,0,2,11,2009,12,2009,9,91,92,0,0,1,2,25,1,1,2,1,0,0,1,83,99,1,1,13,0,0
55,550406,1,1,1,7,10,18,45,31,0,1,0,92,0,53,706,53706,80,1997,JS1VX51LXV21,J,S,1,V,X,5,1,L,X,V,2,1,0,M,SUZI,VS4,RS,97,17,,,,,,,1360,,2,,4,533,,,,,,,0,0,000000000,00000000000,0,0,0,1,0,0,0,0,0,0,0,999,0,0,0,12,62,2,3,30,0,0,0,1,55,54166,6,1,0,0,3,3,71,180,0,0,0,1,3,6,2009,3,2010,0,24,92,0,0,1,2,35,3,1,2,1,0,0,14,13,99,1,4,1,1,1
55,550407,1,2,1,9,10,14,51,12,6,1,0,55,1,20,421,20421,15,1991,1GNEV18K8MF1,1,G,N,E,V,1,8,K,8,M,F,1,0,P,CHEV,V10,UT,91,17,4990,,0,1065,,G,,F,8,350,,,000000,,,,,,0,0,000000000,00000000000,0,0,0,1,0,0,0,0,0,0,0,999,0,1,5,11,11,6,2,12,0,0,0,1,55,53105,6,1,0,0,3,3,70,155,1,0,0,0,3,12,2009,6,2011,0,38,0,0,0,1,2,55,1,1,2,1,20,3,11,15,99,1,1,82,0,0
55,550407,2,2,2,9,10,14,51,12,6,1,0,55,1,72,706,72706,80,2008,1HD1PS8118K9,1,H,D,1,P,S,8,1,1,8,K,9,0,M,HD,FE2,RS,8,17,,,,,,,1802,,2,,4,698,,,,,,,0,0,000000000,00000000000,0,0,0,1,0,0,0,0,0,0,0,999,0,0,0,12,12,6,2,12,0,0,0,1,55,53168,6,1,0,0,3,0,68,187,0,0,0,0,0,0,0,0,0,0,0,0,0,0,1,2,55,1,1,2,1,0,0,1,67,99,1,1,83,2,0
55,550408,1,1,2,11,10,16,28,34,0,1,0,55,2,20,401,20401,14,1997,1GNDT13W1V21,1,G,N,D,T,1,3,W,1,V,2,1,0,P,CHEV,BZR,UT,97,17,4046,,0,1070,,G,,F,6,262,,,15R205,,,,,,0,0,000000000,00000000000,0,0,0,1,0,0,0,0,0,0,0,999,0,1,5,99,0,6,2,1,0,0,1,1,55,54412,6,1,0,0,3,3,63,214,1,0,0,0,1,10,2009,12,2009,1,0,0,0,0,1,2,55,1,1,4,1,0,0,1,6,3,2,4,2,1,0
55,550409,1,2,1,16,10,15,45,12,1,1,0,27,1,72,706,72706,80,2001,1HD1FHW141Y6,1,H,D,1,F,H,W,1,4,1,Y,6,0,M,HD,HPI,RS,1,17,,,,,,,1450,,2,,4,999,,,,,,,0,0,000000000,00000000000,0,0,0,1,0,0,0,0,0,0,0,45,0,0,0,12,12,4,3,12,0,0,0,1,27,55371,6,1,0,0,3,0,70,215,0,0,0,0,0,0,0,0,0,0,0,0,0,0,1,2,35,1,1,2,1,0,0,1,51,99,1,1,24,1,1
55,550409,2,2,1,16,10,15,45,12,1,1,0,27,2,72,706,72706,80,2007,1HD1FHM187Y6,1,H,D,1,F,H,M,1,8,7,Y,6,0,M,HD,HPI,RS,7,17,,,,,,,1690,,2,,4,723,,,,,,,0,0,000000000,00000000000,0,0,0,1,0,0,0,0,0,0,0,45,0,0,0,6,6,2,3,12,0,0,0,1,27,55371,6,1,0,0,3,0,70,230,0,1,1,1,0,10,2009,9,2010,0,0,0,0,0,1,2,35,1,1,2,1,0,0,1,53,99,1,1,25,0,1
55,550410,1,1,1,16,10,99,99,1,0,1,0,55,2,20,20,20020,4,1998,2G1WL52M9W91,2,G,1,W,L,5,2,M,9,W,9,1,0,P,CHEV,L/S,4D,98,17,3330,,0,1075,,G,,F,6,191,,,15R205,,,,,,0,0,000000000,00000000000,0,0,0,1,0,0,0,0,0,0,0,999,0,2,5,0,0,6,2,1,0,0,0,1,55,54011,6,2,0,0,3,1,69,150,0,0,0,0,0,0,0,0,0,1,58,0,0,0,1,2,55,3,1,4,11,0,0,14,6,6,1,4,6,1,0
55,550411,1,2,2,16,10,15,45,12,2,1,0,55,2,18,20,18020,4,1996,2G4WB52K1T14,2,G,4,W,B,5,2,K,1,T,1,4,0,P,BUIC,RGC,4D,96,17,3331,,0,1075,,G,,F,6,231,,,15R205,,,,,,0,0,000000000,00000000000,0,0,0,1,0,0,0,0,0,0,0,55,0,0,0,12,12,6,2,12,0,0,0,1,55,53142,6,1,0,0,3,0,62,185,0,0,0,0,0,0,0,0,0,0,28,0,0,0,1,2,55,1,1,2,1,0,0,1,10,99,1,2,50,1,0
55,550411,2,2,1,16,10,15,45,12,2,1,0,55,3,87,881,87881,66,2005,1XPFD49X35N8,1,X,P,F,D,4,9,X,3,5,N,8,1,T,PTRB,378,TR,5,17,,8,0,0,CON,D,,,6,915,,,,,00000,00,,64,1,57,1079787,571079787,3,6,2,1,0,0,0,0,0,0,0,998,0,0,0,12,12,6,2,12,0,0,0,1,55,53104,6,1,6,1,2,0,69,220,1,0,0,0,0,5,2010,5,2010,0,0,0,0,0,1,2,55,1,1,2,1,0,0,1,54,3,2,1,51,0,0
55,550412,1,1,4,16,10,1,9,34,0,1,0,55,1,19,18,19018,4,2003,1G6DM57N2301,1,G,6,D,M,5,7,N,2,3,0,1,0,P,CADI,C/T,4D,3,17,3509,,0,1134,,G,,F,6,194,,,16R225,,,,,,0,0,000000000,00000000000,0,0,0,1,0,0,0,0,0,0,0,999,0,1,5,99,0,6,2,1,0,0,0,1,55,54216,6,1,0,0,3,0,72,175,0,0,0,4,1,11,2008,8,2010,1,0,0,0,0,1,2,45,3,1,2,1,0,0,14,6,99,1,4,1,2,1
55,550413,1,1,1,19,10,12,51,34,0,1,0,55,1,22,441,22441,20,1999,1GMDX03E7XD2,1,G,M,D,X,0,3,E,7,X,D,2,0,T,PONT,M/T,ES,99,17,,1,0,1200,M/T,G,,,6,207,,,,B,3942,00,K,42,0,0,000000000,00000000000,0,0,0,1,0,0,0,0,0,0,0,55,0,1,5,12,0,6,2,1,32,0,0,1,55,53511,6,1,0,0,3,0,64,160,0,0,0,0,0,0,0,0,0,0,84,89,0,0,1,2,55,1,1,2,1,0,0,15,51,6,1,4,1,1,0
55,550414,1,1,1,23,10,5,14,42,0,1,0,55,2,20,481,20481,31,2007,1GCHK23D87F1,1,G,C,H,K,2,3,D,8,7,F,1,0,T,CHEV,2KH,CW,7,17,,2,1670,1530,SIL,D,,,8,403,,,,C,5883,02,,44,0,0,000000000,00000000000,0,0,0,1,0,0,0,0,0,0,0,999,0,0,0,1,1,6,2,42,0,0,0,1,55,53563,6,1,0,0,3,0,68,150,0,0,0,0,0,0,0,0,0,1,0,0,0,0,1,2,35,3,1,2,1,0,0,14,13,99,1,4,1,1,1
55,550415,1,1,1,24,10,2,14,39,0,1,0,55,1,7,482,7482,31,2004,3D3KU28D04G2,3,D,3,K,U,2,8,D,0,4,G,2,0,T,DODG,SQ2,CW,4,17,,2,1605,1405,RPC,G,,,8,345,,,,C,5438,13,K,44,0,0,000000000,00000000000,0,0,0,1,0,0,0,0,0,0,0,999,0,1,3,12,12,6,2,59,0,0,0,1,55,53214,6,1,0,0,3,0,71,190,0,0,0,1,3,12,2010,9,2011,1,0,0,0,0,3,4,50,3,1,2,1,0,0,15,6,99,1,4,6,1,1
55,550416,1,1,1,16,10,10,52,1,0,1,0,55,1,12,481,12481,31,2002,2FTRX17W12CA,2,F,T,R,X,1,7,W,1,2,C,A,0,T,FORD,F15,4C,2,17,,2,1571,1385,COF,G,,,8,281,,,,B,4224,06,U,42,0,0,000000000,00000000000,0,0,0,1,0,0,0,0,0,0,0,999,0,2,3,0,0,6,2,1,0,0,0,1,55,54872,6,1,0,0,3,0,72,260,0,0,0,0,0,0,0,0,0,0,0,0,0,0,2,2,65,1,1,2,1,0,0,1,8,99,1,4,6,1,0
55,550417,1,1,2,25,10,18,8,34,0,1,0,55,1,35,402,35402,14,2002,5N1ED28Y52C5,5,N,1,E,D,2,8,Y,5,2,C,5,0,P,NISS,XTR,UT,2,17,3924,,0,1043,,G,,F,6,201,,,16R265,,,,,,0,0,000000000,00000000000,0,0,0,1,0,0,0,0,0,0,0,999,0,1,5,12,9,6,2,30,0,0,0,1,55,54981,6,1,0,0,3,0,60,124,1,0,0,0,0,6,2010,6,2010,1,58,89,0,0,1,2,55,3,1,2,2,0,0,14,6,8,1,4,1,1,1
55,550418,1,1,1,27,10,23,15,42,0,1,0,55,2,23,421,23421,15,2004,1GTHK23G44F2,1,G,T,H,K,2,3,G,4,4,F,2,0,T,GMC,2KH,CW,4,17,,2,1670,1530,SIE,G,,,8,496,,,,C,6056,00,E,44,0,0,000000000,00000000000,0,0,0,1,0,0,0,0,0,0,0,55,0,1,5,12,0,6,2,1,0,0,1,1,55,53952,6,1,6,0,3,0,71,160,0,0,0,0,0,0,0,0,0,1,28,0,0,0,1,2,55,2,1,2,1,0,0,14,6,99,1,4,6,1,1
55,550419,1,1,1,29,10,17,55,59,0,1,0,55,1,14,38,14038,3,1999,1ZWFT61L2X56,1,Z,W,F,T,6,1,L,2,X,5,6,0,P,MERC,CU6,2H,99,17,2941,,0,1064,,G,,F,6,155,,,16R215,,,,,,0,0,000000000,00000000000,0,0,0,1,0,0,0,0,0,0,0,999,0,1,5,12,0,6,2,1,0,0,0,1,55,53901,0,0,0,0,0,0,999,999,3,1,0,0,0,1,2011,9,2011,0,92,0,0,0,1,2,55,2,1,2,1,0,0,14,14,99,1,4,14,1,1