STATE,ST_CASE,VEH_NO,VE_FORMS,NUMOCCS,DAY,MONTH,HOUR,MINUTE,HARM_EV,MAN_COLL,UNITTYPE,HIT_RUN,REG_STAT,OWNER,MAKE,MODEL,MAK_MOD,BODY_TYP,MOD_YEAR,VIN,VIN_1,VIN_2,VIN_3,VIN_4,VIN_5,VIN_6,VIN_7,VIN_8,VIN_9,VIN_10,VIN_11,VIN_12,TOW_VEH,VINTYPE,VINMAKE,VINA_MOD,VIN_BT,VINMODYR,VIN_LNGT,VIN_WGT,WGTCD_TR,WHLBS_LG,WHLBS_SH,SER_TR,FUELCODE,MCYCL_DS,CARBUR,CYLINDER,DISPLACE,MCYCL_CY,MCYCL_WT,TIRE_SZE,TON_RAT,TRK_WT,TRKWTVAR,VIN_REST,WHLDRWHL,J_KNIFE,MCARR_I1,MCARR_I2,MCARR_ID,GVWR,V_CONFIG,CARGO_BT,HAZ_INV,HAZ_PLAC,HAZ_ID,HAZ_CNO,HAZ_REL,BUS_USE,SPEC_USE,EMER_USE,TRAV_SP,UNDERIDE,ROLLOVER,ROLINLOC,IMPACT1,IMPACT2,DEFORMED,TOWED,M_HARM,VEH_SC1,VEH_SC2,FIRE_EXP,DR_PRES,L_STATE,DR_ZIP,L_STATUS,L_TYPE,CDL_STAT,L_ENDORS,L_COMPL,L_RESTRI,DR_HGT,DR_WGT,PREV_ACC,PREV_SUS,PREV_DWI,PREV_SPD,PREV_OTH,FIRST_MO,FIRST_YR,LAST_MO,LAST_YR,SPEEDREL,DR_SF1,DR_SF2,DR_SF3,DR_SF4,VTRAFWAY,VNUM_LAN,VSPD_LIM,VALIGN,VPROFILE,VPAVETYP,VSURCOND,VTRAFCON,VTCONT_F,P_CRASH1,P_CRASH2,P_CRASH3,PCRASH4,PCRASH5,ACC_TYPE,DEATHS,DR_DRINK
55,550484,2,9,1,8,11,9,6,12,6,1,0,55,3,86,881,86881,66,2001,1M1AA13Y31W1,1,M,1,A,A,1,3,Y,3,1,W,1,1,T,MACK,CH6,TR,1,17,,8,0,0,600,D,,,6,728,,,,,00000,00,,64,1,57,506242,57506242,3,6,1,1,0,0,0,0,0,0,0,65,7,0,0,12,12,6,2,12,0,0,0,1,55,53083,6,1,6,0,3,3,74,320,1,0,0,0,1,2,2010,3,2010,0,87,0,0,0,3,3,65,1,1,2,2,0,0,1,60,99,1,1,45,0,0
55,550484,3,9,1,8,11,9,6,12,6,1,0,55,1,49,40,49040,4,2000,4T1BG22K4YU6,4,T,1,B,G,2,2,K,4,Y,U,6,0,P,TOYT,UEX,4D,0,17,2998,,0,1051,,G,,F,4,132,,,14R195,,,,,,0,0,000000000,00000000000,0,0,0,1,0,0,0,0,0,0,0,65,0,0,0,12,99,6,2,12,0,0,0,1,55,54935,6,1,6,0,3,0,65,260,0,0,0,0,0,0,0,0,0,0,87,0,0,0,3,3,65,1,1,2,2,0,0,1,64,99,1,1,98,1,0
55,550484,4,9,1,8,11,9,6,12,6,1,0,55,3,86,881,86881,66,1998,1M1AA12Y9WW0,1,M,1,A,A,1,2,Y,9,W,W,0,1,T,MACK,CH6,TR,98,17,,8,0,0,600,D,,,6,728,,,,,00000,00,,64,1,57,191755,57191755,3,6,1,1,0,0,0,0,0,0,0,65,0,0,0,12,12,6,2,12,0,0,0,1,55,54901,6,1,6,0,3,3,69,225,0,0,0,0,0,0,0,0,0,0,87,0,0,0,3,3,65,1,1,2,2,0,0,1,98,99,1,1,98,0,0
55,550484,5,9,1,8,11,9,6,12,6,1,0,55,3,7,24,7024,4,2008,2B3KA43R88H1,2,B,3,K,A,4,3,R,8,8,H,1,0,P,DODG,CHA,4D,8,17,3727,,0,1200,,G,,F,6,165,,,17R215,,,,,,0,0,000000000,00000000000,0,0,0,1,0,0,0,0,0,0,0,65,0,0,0,10,12,6,2,12,0,0,0,1,55,54935,6,1,0,0,3,3,72,175,0,0,0,0,0,0,0,0,0,0,87,0,0,0,3,3,65,1,1,2,2,0,0,1,64,99,1,1,98,0,0
55,550484,6,9,1,8,11,9,6,12,6,1,0,55,1,37,32,37032,4,2005,1HGCM56875A0,1,H,G,C,M,5,6,8,7,5,A,0,0,P,HOND,UEX,4D,5,17,3203,,0,1079,,G,,F,4,146,,,16R205,,,,,,0,0,000000000,00000000000,0,0,0,1,0,0,0,0,0,0,0,65,0,0,0,61,61,4,3,12,0,0,0,1,55,53091,6,1,0,0,3,3,69,170,1,0,0,0,0,6,2009,6,2009,0,87,0,0,0,3,3,65,1,1,2,2,0,0,1,98,99,1,1,98,0,0
55,550484,7,9,1,8,11,9,6,12,6,1,0,55,1,37,32,37032,4,2002,1HGCG55652A0,1,H,G,C,G,5,5,6,5,2,A,0,0,P,HOND,UEX,4D,2,17,3075,,0,1069,,G,,F,4,138,,,15R195,,,,,,0,0,000000000,00000000000,0,0,0,1,0,0,0,0,0,0,0,65,0,0,0,14,14,4,3,54,0,0,0,1,55,54423,6,1,0,0,3,0,71,155,0,0,0,0,0,0,0,0,0,0,87,0,0,0,3,3,65,1,1,2,2,0,0,1,98,99,1,1,98,0,0
55,550484,8,9,1,8,11,9,6,12,6,1,0,55,1,49,44,49044,1,2008,4T1FA38PX8U1,4,T,1,F,A,3,8,P,X,8,U,1,0,P,TOYT,CES,CV,8,17,3615,,0,1071,,G,,F,6,201,,,16R215,,,,,,0,0,000000000,00000000000,0,0,0,1,0,0,0,0,0,0,0,65,0,0,0,61,61,6,2,12,0,0,0,1,55,53033,6,1,0,0,3,0,65,140,0,0,0,0,1,6,2010,6,2010,0,87,0,0,0,3,3,65,1,1,2,2,0,0,1,98,99,1,1,98,0,0
55,550484,9,9,1,8,11,9,6,12,6,1,0,55,1,6,441,6441,20,1994,1C4GK54LXRX2,1,C,4,G,K,5,4,L,X,R,X,2,0,T,CHRY,TWC,ES,94,17,,1,0,1193,TWC,G,,,6,230,,,,,4162,00,,44,0,0,000000000,00000000000,0,0,0,1,0,0,0,0,0,0,0,65,0,0,0,61,61,4,3,12,0,0,0,1,55,53014,6,1,0,0,3,0,72,160,1,0,0,0,1,6,2011,8,2011,0,87,0,0,0,3,3,65,1,1,2,2,0,0,1,98,99,1,1,98,0,0
55,550485,1,2,1,28,11,8,36,12,6,1,0,55,1,13,1,13001,4,1996,1LNLM82W9TY6,1,L,N,L,M,8,2,W,9,T,Y,6,0,P,LINC,SDJ,4D,96,17,4040,,0,1174,,G,,F,8,281,,,15R215,,,,,,0,0,000000000,00000000000,0,0,0,1,0,0,0,0,0,0,0,999,1,0,0,12,12,6,2,12,0,0,0,1,55,53142,6,1,0,0,3,3,75,300,0,0,0,2,0,11,2010,12,2010,0,89,0,0,0,2,2,45,1,1,2,1,0,0,1,17,1,1,1,86,1,0
55,550485,2,2,1,28,11,8,36,12,6,1,0,93,3,87,881,87881,66,2002,1XP5DB9XX2D5,1,X,P,5,D,B,9,X,X,2,D,5,1,T,PTRB,379,TR,2,17,,8,0,0,CON,D,,,6,893,,,,,00000,00,,64,1,57,1668401,571668401,3,6,1,1,0,0,0,0,0,0,0,20,7,0,0,5,5,6,2,12,0,0,0,1,55,53139,6,1,6,0,3,2,72,230,0,0,0,0,0,0,0,0,0,0,38,74,0,0,1,2,55,1,1,2,1,20,3,1,17,99,1,1,87,0,0
55,550486,1,2,2,28,11,10,22,12,6,1,0,92,0,52,402,52402,14,2006,4A4MN21S86E0,4,A,4,M,N,2,1,S,8,6,E,0,0,P,MITS,END,UT,6,17,4079,,0,1083,,G,,F,6,233,,,17R235,,,,,,0,0,000000000,00000000000,0,0,0,1,0,0,0,0,0,0,0,30,0,0,0,12,12,4,3,12,0,0,0,1,55,53143,6,1,0,0,3,0,67,170,0,0,0,1,0,9,2009,9,2009,0,39,0,0,0,1,4,30,1,1,1,1,2,3,1,17,1,1,1,83,0,0
55,550486,2,2,2,28,11,10,22,12,6,1,0,55,1,20,20,20020,4,1998,2G1WL52M3W93,2,G,1,W,L,5,2,M,3,W,9,3,0,P,CHEV,L/S,4D,98,17,3330,,0,1075,,G,,F,6,191,,,15R205,,,,,,0,0,000000000,00000000000,0,0,0,1,0,0,0,0,0,0,0,10,0,0,0,11,11,4,3,12,0,0,0,1,55,53140,6,1,0,0,3,3,68,145,0,0,0,0,0,0,0,0,0,0,0,0,0,0,1,4,30,1,1,1,1,2,3,11,66,1,1,1,82,1,0
55,550487,1,1,1,1,12,21,0,1,0,1,0,55,1,7,20,7020,4,1999,1B3ES47CXXD1,1,B,3,E,S,4,7,C,X,X,D,1,0,P,DODG,NEH,4D,99,17,2416,,0,1040,,G,,F,4,122,,,14R185,,,,,,0,0,000000000,00000000000,0,0,0,1,0,0,0,0,0,0,0,999,0,2,5,0,0,6,2,1,0,0,0,1,55,54615,6,1,0,0,3,3,71,150,0,0,0,0,0,0,0,0,0,0,0,0,0,0,1,2,55,2,1,2,1,0,0,14,13,3,3,4,1,1,1
55,550488,1,1,2,7,9,12,16,8,0,1,0,55,1,12,37,12037,4,2006,1FAFP34N96W1,1,F,A,F,P,3,4,N,9,6,W,1,0,P,FORD,ZX4,4D,6,17,2676,,0,1029,,G,,F,4,122,,,15R195,,,,,,0,0,000000000,00000000000,0,0,0,1,0,0,0,0,0,0,0,4,0,0,0,6,6,0,1,8,0,0,0,1,55,54703,6,1,0,0,3,0,66,220,0,0,0,0,0,0,0,0,0,0,31,0,0,0,0,0,0,0,0,0,0,0,0,13,83,99,1,1,92,0,0
55,550489,1,2,1,2,12,15,39,12,2,1,0,55,2,13,1,13001,4,2000,1LNHM81W6YY8,1,L,N,H,M,8,1,W,6,Y,Y,8,0,P,LINC,EXC,4D,0,17,4047,,0,1177,,G,,F,8,281,,,16R225,,,,,,0,0,000000000,00000000000,0,0,0,1,0,0,0,0,0,0,0,999,0,1,5,12,12,6,2,12,0,0,0,1,55,54603,6,1,0,0,3,0,70,255,1,0,0,1,4,9,2009,8,2011,0,33,84,89,0,1,2,55,1,4,2,1,0,0,6,10,99,1,2,50,1,0
55,550489,2,2,3,2,12,15,39,12,2,1,0,55,1,24,1,24001,4,1998,1G8ZF5289WZ3,1,G,8,Z,F,5,2,8,9,W,Z,3,0,P,STRN,SSL,4D,98,17,2326,,0,1024,,G,,F,4,116,,,14R175,,,,,,0,0,000000000,00000000000,0,0,0,1,0,0,0,0,0,0,0,999,0,0,0,12,12,6,2,12,0,0,0,1,55,54636,6,1,0,0,3,3,70,190,0,0,0,0,0,0,0,0,0,0,84,89,0,0,1,2,55,1,4,2,1,0,0,1,54,99,1,1,51,1,0
55,550490,1,2,2,1,12,1,55,12,2,1,0,0,0,37,705,37705,83,2000,JH2PE05265M3,J,H,2,P,E,0,5,2,6,5,M,3,0,M,HOND,,,0,17,,,,,,,,,,,,,,,,,,,0,0,000000000,00000000000,0,0,0,1,0,0,0,0,0,0,0,999,0,0,0,12,12,6,2,12,0,0,0,1,55,54965,1,2,0,0,1,0,71,145,0,0,0,0,1,7,2011,7,2011,0,0,0,0,0,1,2,55,1,1,2,1,0,0,1,60,99,1,1,51,1,1
55,550490,2,2,2,1,12,1,55,12,2,1,0,0,0,73,703,73703,83,1991,JKAKXMH1XMA0,J,K,A,K,X,M,H,1,X,M,A,0,0,M,KAWK,K2X,MX,91,17,,,,,,,250,,1,,2,213,,,,,,,0,0,000000000,00000000000,0,0,0,1,0,0,0,0,0,0,0,999,0,0,0,12,12,6,2,12,0,0,0,1,55,54971,1,2,0,0,1,0,70,130,1,0,0,0,0,10,2010,10,2010,0,51,0,0,0,1,2,55,1,1,2,1,0,0,1,10,99,1,2,50,0,1
55,550491,1,2,2,3,12,15,54,12,6,1,0,92,0,20,401,20401,14,1997,1GNCT18WXVK1,1,G,N,C,T,1,8,W,X,V,K,1,0,P,CHEV,BZR,UT,97,17,3880,,0,1005,,G,,F,6,262,,,15R205,,,,,,0,0,000000000,00000000000,0,0,0,1,0,0,0,0,0,0,0,50,0,0,0,82,0,6,2,12,0,0,0,1,55,54616,6,1,0,0,3,0,69,215,0,0,0,1,0,9,2010,9,2010,1,24,28,87,92,1,2,55,1,1,2,10,0,0,1,10,3,4,2,64,1,0
55,550491,2,2,1,3,12,15,54,12,6,1,0,55,1,12,481,12481,31,2000,1FTRX18LXYNB,1,F,T,R,X,1,8,L,X,Y,N,B,0,T,FORD,F15,4C,0,17,,2,1574,1388,COF,G,,,8,330,,,,B,4611,04,U,44,0,0,000000000,00000000000,0,0,0,1,0,0,0,0,0,0,0,50,0,0,0,12,12,6,2,12,0,0,0,1,55,54615,6,1,0,0,3,0,60,130,0,0,0,0,0,0,0,0,0,0,87,0,0,0,1,2,55,1,1,2,10,0,0,1,62,9,1,1,65,0,0
55,550492,1,1,1,2,12,99,99,1,0,1,0,55,2,12,402,12402,14,2001,1FMYU04111KA,1,F,M,Y,U,0,4,1,1,1,K,A,0,P,FORD,SPE,UT,1,17,3186,,0,1031,,G,,F,6,181,,,15R225,,,,,,0,0,000000000,00000000000,0,0,0,1,0,0,0,0,0,0,0,999,0,2,5,0,0,6,2,1,0,0,0,1,55,53821,6,1,0,0,3,0,71,300,1,0,0,1,0,6,2009,9,2009,0,0,0,0,0,1,2,55,1,3,2,1,0,0,1,12,99,1,4,6,1,1
55,550493,1,1,4,3,12,20,25,8,0,1,0,55,1,41,441,41441,20,2001,JM3LW28Y6102,J,M,3,L,W,2,8,Y,6,1,0,2,0,P,MAZD,MWG,SV,1,17,3657,,0,1118,,G,,F,6,152,,,15R205,,,,,,0,0,000000000,00000000000,0,0,0,1,0,0,0,0,0,0,0,999,0,0,0,12,12,4,3,8,0,0,0,1,55,53221,6,1,0,0,3,0,67,155,1,0,0,1,0,11,2009,4,2011,0,0,0,0,0,1,2,30,1,1,1,2,0,0,1,80,1,1,1,13,0,0
55,550494,1,1,2,25,8,18,30,42,0,1,0,0,0,99,734,99734,90,2003,4UF03ATV63T2,4,U,F,0,3,A,T,V,6,3,T,2,0,U,,,,3,17,,,,,,,,,,,,,,,,,,,0,0,000000000,00000000000,0,0,0,1,0,0,0,0,0,0,0,45,0,0,0,99,99,6,2,42,0,0,0,1,55,54864,0,0,0,0,0,0,999,999,0,0,0,0,0,0,0,0,0,1,52,0,0,0,1,2,98,1,9,2,1,0,0,1,13,1,1,4,1,1,0
55,550495,1,2,1,4,12,12,0,12,2,1,0,55,1,12,401,12401,14,2000,1FMYU70X0YUA,1,F,M,Y,U,7,0,X,0,Y,U,A,0,P,FORD,EPR,UT,0,17,3870,,0,1017,,G,,F,6,245,,,15R235,,,,,,0,0,000000000,00000000000,0,0,0,1,0,0,0,0,0,0,0,55,0,1,1,12,99,6,2,12,0,0,0,1,55,54302,6,1,0,0,3,0,70,270,0,0,0,0,0,0,0,0,0,0,0,0,0,0,1,2,55,1,1,2,1,0,0,1,10,99,1,2,50,0,0
55,550495,2,2,2,4,12,12,0,12,2,1,0,55,1,20,403,20403,14,2005,1GNDT13S9521,1,G,N,D,T,1,3,S,9,5,2,1,0,P,CHEV,TRL,UT,5,17,4612,,0,1130,,G,,F,6,256,,,16R245,,,,,,0,0,000000000,00000000000,0,0,0,1,0,0,0,0,0,0,0,55,0,0,0,12,99,6,2,12,0,0,0,1,55,54161,6,1,0,0,3,3,61,120,0,0,0,0,0,0,0,0,0,0,0,0,0,0,1,2,55,1,1,2,1,0,0,1,62,99,1,1,51,1,0
55,550496,1,1,1,4,12,99,99,33,0,1,0,38,9,12,423,12423,15,2002,1FMNU43S22EC,1,F,M,N,U,4,3,S,2,2,E,C,0,P,FORD,EXC,UT,2,17,7127,,0,1371,,G,,F,10,415,,,16R265,,,,,,0,0,000000000,00000000000,0,0,0,1,0,0,0,0,0,0,0,999,0,1,5,81,81,6,2,3,0,0,0,1,27,55812,6,1,0,0,3,0,72,150,1,0,0,0,0,11,2009,11,2009,0,0,0,0,0,4,2,25,1,1,2,10,0,0,1,14,99,1,4,14,1,1
55,550497,1,2,1,8,12,21,25,12,2,1,0,55,2,41,37,41037,4,1990,JM1GD2227L18,J,M,1,G,D,2,2,2,7,L,1,8,0,P,MAZD,6DL,4D,90,17,2610,,0,1014,,G,,F,4,133,,,14R185,,,,,,0,0,000000000,00000000000,0,0,0,1,0,0,0,0,0,0,0,55,0,0,0,12,99,6,2,12,0,0,0,1,55,54981,1,1,0,0,2,0,70,180,0,0,0,1,1,8,2011,8,2011,0,92,0,0,0,1,2,55,2,1,2,1,0,0,14,10,99,1,2,50,1,0
55,550497,2,2,1,8,12,21,25,12,2,1,0,55,1,12,481,12481,31,2011,1FTFW1ET4BFB,1,F,T,F,W,1,E,T,4,B,F,B,0,T,FORD,F1S,CW,11,17,,2,1570,1450,COF,G,,,6,214,,,,B,5577,01,7,44,0,0,000000000,00000000000,0,0,0,1,0,0,0,0,0,0,0,55,0,0,0,12,62,6,2,12,0,0,0,1,55,54981,6,1,0,0,3,3,68,180,0,0,0,2,0,9,2009,7,2010,0,0,0,0,0,1,2,55,3,1,2,1,0,0,14,62,99,1,1,51,0,0
55,550498,1,1,1,6,12,21,55,24,0,1,0,55,1,9,17,9017,5,1994,1P3AP28D5RN2,1,P,3,A,P,2,8,D,5,R,N,2,0,P,PLYM,SUN,4H,94,17,2597,,0,972,,G,,F,4,135,,,14R185,,,,,,0,0,000000000,00000000000,0,0,0,1,0,0,0,0,0,0,0,999,0,1,3,99,0,6,2,1,0,0,0,1,55,53704,6,1,6,0,3,0,72,220,0,0,0,1,0,8,2011,8,2011,0,0,0,0,0,2,3,65,1,1,1,1,0,0,1,13,6,1,4,1,1,1
55,550499,1,2,1,10,12,22,45,12,6,1,0,55,1,52,402,52402,14,2004,4A4MN31S74E1,4,A,4,M,N,3,1,S,7,4,E,1,0,P,MITS,END,UT,4,17,4134,,0,1083,,G,,F,6,231,,,17R235,,,,,,0,0,000000000,00000000000,0,0,0,1,0,0,0,0,0,0,0,999,0,1,1,12,99,6,2,12,0,0,1,1,55,54115,6,1,0,0,3,0,76,210,0,0,0,0,0,0,0,0,0,0,0,0,0,0,1,2,55,3,5,2,1,40,3,14,10,99,1,6,64,1,1
55,550499,2,2,2,10,12,22,45,12,6,1,0,17,1,18,7,18007,4,1998,2G4WS52M3W14,2,G,4,W,S,5,2,M,3,W,1,4,0,P,BUIC,CCU,4D,98,17,3255,,0,1090,,G,,F,6,191,,,15R205,,,,,,0,0,000000000,00000000000,0,0,0,1,0,0,0,0,0,0,0,999,0,0,0,61,61,6,2,12,0,0,0,1,17,61364,6,1,0,0,3,0,65,180,1,0,0,1,1,1,2011,11,2011,0,0,0,0,0,1,2,55,2,6,2,1,0,0,14,62,99,1,1,65,1,0
55,550500,1,1,1,9,12,99,99,42,0,1,0,55,1,12,471,12471,30,2004,1FTZR15E24TA,1,F,T,Z,R,1,5,E,2,4,T,A,0,T,FORD,RNS,PC,4,17,,1,0,1259,RNG,G,,,6,245,,,,B,3864,00,U,44,0,0,000000000,00000000000,0,0,0,1,0,0,0,0,0,0,0,999,0,0,0,83,0,6,2,3,0,0,0,1,55,53228,6,1,6,0,3,3,72,185,0,0,0,0,0,0,0,0,0,0,0,0,0,0,1,2,55,2,2,2,1,0,0,14,13,99,1,4,1,1,1
55,550501,1,1,1,9,12,20,33,42,0,1,0,55,3,22,22,22022,4,2006,1G2ZG5588641,1,G,2,Z,G,5,5,8,8,6,4,1,0,P,PONT,GS1,4D,6,17,3419,,0,1123,,G,,F,6,214,,,16R215,,,,,,0,0,000000000,00000000000,0,0,0,1,0,0,0,0,0,0,0,999,0,1,5,99,0,6,2,42,0,0,0,1,55,53066,6,1,0,0,3,3,72,220,1,0,0,1,1,3,2009,2,2011,1,89,0,0,0,1,2,45,2,1,2,1,0,0,14,13,3,3,4,1,1,1
55,550502,1,2,4,17,12,8,7,59,0,1,0,55,1,13,1,13001,4,2010,2LNBL8CV7AX7,2,L,N,B,L,8,C,V,7,A,X,7,0,P,LINC,SGL,4D,10,17,4403,,0,1177,,F,,F,8,281,,,17R225,,,,,,0,0,000000000,00000000000,0,0,0,1,0,0,0,0,0,0,0,65,0,0,0,99,12,6,2,12,0,0,0,1,55,53110,6,1,0,0,3,3,65,200,1,0,0,0,0,4,2009,4,2009,1,87,0,0,0,2,4,65,1,3,1,4,0,0,1,5,99,1,6,98,1,0
55,550502,2,2,1,17,12,8,7,59,0,1,0,18,3,86,881,86881,66,2011,1M1AW01Y7BM0,1,M,1,A,W,0,1,Y,7,B,M,0,1,T,MACK,CXU,TR,11,17,,8,0,0,600,D,,,6,659,,,,,00000,00,,42,1,57,21800,5721800,3,6,1,1,0,0,0,0,0,0,0,60,0,0,0,8,8,6,2,12,0,0,0,1,17,60457,6,1,6,0,3,0,71,240,0,0,0,0,0,0,0,0,0,0,87,0,0,0,2,4,65,1,3,1,4,0,0,1,54,99,1,1,98,0,0
55,550503,1,2,1,13,12,11,34,12,2,1,0,55,1,12,471,12471,30,2003,1FTYR10E73PB,1,F,T,Y,R,1,0,E,7,3,P,B,0,T,FORD,RNG,PK,3,17,,1,1175,1116,RNG,G,,,6,245,,,,B,3085,03,U,42,0,0,000000000,00000000000,0,0,0,1,0,0,0,0,0,0,0,45,0,0,0,12,12,6,2,12,0,0,0,1,55,53095,6,1,0,0,3,0,75,230,0,0,0,0,0,0,0,0,0,0,0,0,0,0,1,2,45,3,3,2,1,0,0,14,62,1,1,1,51,1,0
55,550503,2,2,1,13,12,11,34,12,2,1,0,94,3,20,37,20037,4,2010,1G1ZA5E05AF2,1,G,1,Z,A,5,E,0,5,A,F,2,0,P,CHEV,M/L,4D,10,17,3415,,0,1123,,F,,F,4,146,,,17R215,,,,,,0,0,000000000,00000000000,0,0,0,1,0,0,0,0,0,4,0,45,0,0,0,12,12,6,2,12,0,0,0,1,55,53095,6,1,0,0,3,3,70,185,0,0,0,0,0,0,0,0,0,0,51,0,0,0,1,2,45,2,3,2,1,0,0,14,10,1,1,2,50,0,0
55,550504,1,2,1,14,12,9,40,12,2,1,0,55,1,12,17,12017,4,2004,1FAFP55U54G1,1,F,A,F,P,5,5,U,5,4,G,1,0,P,FORD,TSS,4D,4,17,3306,,0,1085,,G,,F,6,182,,,16R215,,,,,,0,0,000000000,00000000000,0,0,0,1,0,0,0,0,0,0,0,999,0,0,0,12,12,6,2,12,0,0,0,1,55,54514,6,1,0,0,3,0,65,170,1,0,0,0,0,9,2010,9,2010,0,51,0,0,0,1,2,55,1,1,2,3,0,0,1,13,99,9,6,50,1,0
55,550504,2,2,1,14,12,9,40,12,2,1,0,55,3,12,881,12881,61,2006,1FDXF46Y16EC,1,F,D,X,F,4,6,Y,1,6,E,C,0,T,FORD,F4D,CB,6,17,,4,2000,1410,DRW,G,,,10,415,,,,,00000,00,U,42,0,57,908971,57908971,2,1,97,1,0,0,0,0,0,0,0,50,0,0,0,12,12,6,2,12,0,0,0,1,55,54822,6,1,0,0,3,0,70,175,0,0,0,0,0,0,0,0,0,0,0,0,0,0,1,2,55,1,1,2,3,0,0,1,62,99,1,1,51,0,0
55,550505,1,2,1,14,12,16,35,12,6,1,0,93,3,51,881,51881,66,2002,4V4MC9GH82N3,4,V,4,M,C,9,G,H,8,2,N,3,1,T,VOLV,VNM,TR,2,17,,8,0,0,VVN,D,,,6,732,,,,,00000,00,,64,1,57,322235,57322235,3,6,1,1,0,0,0,0,0,0,0,0,0,0,0,63,63,6,2,12,0,0,0,1,19,50701,6,1,6,0,3,0,74,180,0,0,0,1,1,4,2010,7,2010,0,54,0,0,0,2,2,99,1,1,1,2,20,3,5,66,1,1,1,89,0,0
55,550505,2,2,1,14,12,16,35,12,6,1,0,55,3,20,881,20881,61,2006,1GBJC34D46E2,1,G,B,J,C,3,4,D,4,6,E,2,5,T,CHEV,SC3,CB,6,17,,3,1615,1370,SIL,D,,,8,403,,,,D,5503,00,,42,1,57,471318,57471318,2,1,12,1,0,0,0,0,0,0,0,65,3,0,0,12,12,6,2,12,0,0,0,1,55,54923,6,1,6,0,3,3,70,180,0,0,0,0,0,0,0,0,0,0,0,0,0,0,1,2,65,1,1,1,2,0,0,1,55,1,1,1,88,1,0
55,550506,1,1,1,19,12,4,48,1,0,1,0,55,1,12,481,12481,31,2002,1FTRW08L32KE,1,F,T,R,W,0,8,L,3,2,K,E,0,T,FORD,F1S,CW,2,17,,2,0,1388,COF,G,,,8,330,,,,B,5005,02,E,44,0,0,000000000,00000000000,0,0,0,1,0,0,0,0,0,0,0,70,0,9,3,0,99,6,2,1,0,0,0,1,55,54311,6,1,0,0,3,0,71,225,0,0,0,0,0,0,0,0,0,1,87,0,0,0,2,2,65,1,1,2,4,0,0,1,5,99,4,4,7,1,0
55,550507,1,1,1,19,12,16,50,8,0,1,0,55,2,41,37,41037,4,1999,1YVGF22C9X58,1,Y,V,G,F,2,2,C,9,X,5,8,0,P,MAZD,U6X,4D,99,17,2798,,0,1051,,G,,F,4,122,,,14R185,,,,,,0,0,000000000,00000000000,0,0,0,1,0,0,0,0,0,0,0,999,0,0,0,12,12,4,3,8,0,0,0,1,55,53215,1,1,0,0,2,0,68,175,0,1,0,1,0,4,2011,7,2011,0,38,39,92,0,1,2,30,1,1,1,1,40,3,1,80,1,1,1,13,0,0
55,550508,1,1,1,19,12,2,34,42,0,1,0,55,1,19,3,19003,4,2005,1G6KD54Y05U2,1,G,6,K,D,5,4,Y,0,5,U,2,0,P,CADI,DFW,4D,5,17,3978,,0,1153,,G,,F,8,279,,,16R225,,,,,,0,0,000000000,00000000000,0,0,0,1,0,0,0,0,0,0,0,70,0,0,0,61,99,6,2,42,0,0,0,1,55,54476,6,1,8,0,3,0,68,145,0,0,0,0,0,0,0,0,0,1,87,0,0,0,1,2,55,3,1,2,4,0,0,14,6,99,4,4,2,1,0
55,550509,1,1,1,16,12,3,40,34,0,1,0,55,1,41,47,41047,4,1996,JM1TA2214T12,J,M,1,T,A,2,2,1,4,T,1,2,0,P,MAZD,MIM,4D,96,17,3216,,0,1083,,G,,F,6,152,,,15R205,,,,,,0,0,000000000,00000000000,0,0,0,1,0,0,0,0,0,0,0,55,0,1,5,99,99,6,2,1,0,0,0,1,55,53916,6,1,6,0,3,0,74,210,0,0,0,3,6,7,2009,11,2011,1,58,0,0,0,1,2,55,3,1,2,1,0,0,14,6,99,3,4,2,1,0
55,550510,1,1,5,20,12,18,48,18,0,1,0,55,2,24,1,24001,4,2002,1G8ZK527X2Z2,1,G,8,Z,K,5,2,7,X,2,Z,2,0,P,STRN,SL2,4D,2,17,2431,,0,1024,,G,,F,4,116,,,15R185,,,,,,0,0,000000000,00000000000,0,0,0,1,0,0,0,0,0,0,0,999,0,1,5,61,99,6,2,42,0,0,0,1,55,54770,0,0,0,0,0,0,999,999,0,0,0,0,0,0,0,0,0,1,0,0,0,0,1,2,45,1,3,2,1,0,0,1,6,7,4,4,2,3,0
55,550511,1,2,2,21,12,9,40,12,6,1,0,17,2,49,442,49442,20,2008,5TDZK23C48S1,5,T,D,Z,K,2,3,C,4,8,S,1,0,P,TOYT,SIE,SV,8,17,4177,,0,1193,,G,,F,6,214,,,16R215,,,,,,0,0,000000000,00000000000,0,0,0,1,0,0,0,0,0,0,0,55,0,0,0,12,99,6,2,12,0,0,0,1,17,60096,6,1,0,0,3,0,60,110,0,0,0,0,0,0,0,0,0,0,51,0,0,0,1,2,55,1,1,2,1,0,0,1,10,99,1,4,64,1,0
55,550511,2,2,1,21,12,9,40,12,6,1,0,55,3,82,881,82881,66,2007,1FUJA6CK77LZ,1,F,U,J,A,6,C,K,7,7,L,Z,1,T,FRHT,COL,TR,7,17,,8,0,0,CON,D,,,6,855,,,,,00000,00,,64,1,57,1955756,571955756,3,6,1,1,0,0,0,0,0,0,0,45,0,0,0,63,63,4,3,12,0,0,0,1,55,54130,6,1,6,0,3,3,70,156,1,0,0,0,0,2,2009,2,2009,0,0,0,0,0,1,2,55,1,1,2,1,0,0,98,10,7,1,4,65,0,0