STATE,ST_CASE,VEH_NO,VE_FORMS,NUMOCCS,DAY,MONTH,HOUR,MINUTE,HARM_EV,MAN_COLL,UNITTYPE,HIT_RUN,REG_STAT,OWNER,MAKE,MODEL,MAK_MOD,BODY_TYP,MOD_YEAR,VIN,VIN_1,VIN_2,VIN_3,VIN_4,VIN_5,VIN_6,VIN_7,VIN_8,VIN_9,VIN_10,VIN_11,VIN_12,TOW_VEH,VINTYPE,VINMAKE,VINA_MOD,VIN_BT,VINMODYR,VIN_LNGT,VIN_WGT,WGTCD_TR,WHLBS_LG,WHLBS_SH,SER_TR,FUELCODE,MCYCL_DS,CARBUR,CYLINDER,DISPLACE,MCYCL_CY,MCYCL_WT,TIRE_SZE,TON_RAT,TRK_WT,TRKWTVAR,VIN_REST,WHLDRWHL,J_KNIFE,MCARR_I1,MCARR_I2,MCARR_ID,GVWR,V_CONFIG,CARGO_BT,HAZ_INV,HAZ_PLAC,HAZ_ID,HAZ_CNO,HAZ_REL,BUS_USE,SPEC_USE,EMER_USE,TRAV_SP,UNDERIDE,ROLLOVER,ROLINLOC,IMPACT1,IMPACT2,DEFORMED,TOWED,M_HARM,VEH_SC1,VEH_SC2,FIRE_EXP,DR_PRES,L_STATE,DR_ZIP,L_STATUS,L_TYPE,CDL_STAT,L_ENDORS,L_COMPL,L_RESTRI,DR_HGT,DR_WGT,PREV_ACC,PREV_SUS,PREV_DWI,PREV_SPD,PREV_OTH,FIRST_MO,FIRST_YR,LAST_MO,LAST_YR,SPEEDREL,DR_SF1,DR_SF2,DR_SF3,DR_SF4,VTRAFWAY,VNUM_LAN,VSPD_LIM,VALIGN,VPROFILE,VPAVETYP,VSURCOND,VTRAFCON,VTCONT_F,P_CRASH1,P_CRASH2,P_CRASH3,PCRASH4,PCRASH5,ACC_TYPE,DEATHS,DR_DRINK
56,560016,2,3,2,22,3,10,55,12,6,1,0,16,1,7,26,7026,4,2008,1B3LC46K58N1,1,B,3,L,C,4,6,K,5,8,N,1,0,P,DODG,AVN,4D,8,17,3355,,0,1089,,G,,F,4,144,,,16R215,,,,,,0,0,000000000,00000000000,0,0,0,1,0,0,0,0,0,0,0,35,0,0,0,3,8,6,2,12,0,0,0,1,56,83127,6,1,0,0,3,0,64,140,0,0,0,1,0,9,2008,9,2008,0,0,0,0,0,1,2,45,1,1,2,3,98,1,1,66,1,1,1,87,1,0
56,560016,3,3,1,22,3,10,55,12,6,1,0,56,1,7,482,7482,31,1999,1B7HF13Z6XJ6,1,B,7,H,F,1,3,Z,6,X,J,6,0,T,DODG,Q15,4C,99,17,,2,1547,1387,RPC,G,,,8,360,,,,B,4956,01,U,44,0,0,000000000,00000000000,0,0,0,1,0,0,0,0,0,0,0,35,0,0,0,11,11,6,2,12,0,0,0,1,56,83112,6,1,0,0,3,3,71,230,0,0,0,0,0,0,0,0,0,0,92,0,0,0,1,2,45,1,1,2,3,98,1,1,60,1,1,1,98,0,0
56,560017,1,1,1,21,3,22,35,38,0,1,0,8,3,82,881,82881,63,2008,1FVHC5CV78HA,1,F,V,H,C,5,C,V,7,8,H,A,0,T,FRHT,11M,CC,8,17,,8,0,0,FM2,D,,,6,782,,,,,00000,00,,64,0,57,1366290,571366290,3,2,2,1,0,0,0,0,0,0,0,999,0,1,6,12,0,6,2,1,0,0,0,1,8,80631,6,1,6,1,3,3,72,220,0,0,0,1,1,4,2008,9,2010,0,39,0,0,0,1,2,55,1,6,2,1,20,3,1,17,1,1,4,14,1,0
56,560018,1,2,1,16,3,10,10,12,7,1,0,56,1,18,2,18002,4,2004,1G4HR54KX4U2,1,G,4,H,R,5,4,K,X,4,U,2,0,P,BUIC,LLF,4D,4,17,3591,,0,1122,,G,,F,6,231,,,15R215,,,,,,0,0,000000000,00000000000,0,0,0,1,0,0,0,0,0,0,0,55,0,0,0,11,9,6,2,12,0,0,0,1,56,82718,6,1,0,0,3,3,64,110,0,0,0,0,0,0,0,0,0,0,28,0,0,0,1,4,55,1,1,1,1,0,0,1,10,1,1,2,44,1,0
56,560018,2,2,1,16,3,10,10,12,7,1,0,56,3,89,881,89881,63,1993,4V2SCBBEXPR5,4,V,2,S,C,B,B,E,X,P,R,5,0,T,WHGM,ACL,CC,93,17,,8,0,0,ACL,D,,,6,638,,,,,00000,00,,64,0,57,1893202,571893202,3,2,4,1,0,0,0,0,0,0,0,55,0,0,0,2,2,6,2,12,0,0,0,1,56,82716,6,1,6,1,3,0,75,200,0,0,0,0,0,0,0,0,0,0,0,0,0,0,1,4,55,1,1,1,1,0,0,1,61,1,1,1,45,0,0
56,560019,1,1,2,22,3,14,0,1,0,1,0,56,2,20,403,20403,14,2004,1GNET16S4461,1,G,N,E,T,1,6,S,4,4,6,1,0,P,CHEV,TRL,UT,4,17,4954,,0,1290,,G,,F,6,256,,,17R245,,,,,,0,0,000000000,00000000000,0,0,0,1,0,0,0,0,0,0,0,75,0,1,3,0,13,6,2,1,0,0,0,1,56,82801,6,2,0,0,3,1,68,230,0,0,0,0,0,0,0,0,0,0,58,0,0,0,2,2,75,1,6,2,1,0,0,1,12,7,1,4,6,2,0
56,560020,1,2,2,25,3,5,40,12,1,1,0,40,3,82,881,82881,66,2007,1FUJA6CK77LW,1,F,U,J,A,6,C,K,7,7,L,W,1,T,FRHT,COL,TR,7,17,,8,0,0,CON,D,,,6,855,,,,,00000,00,,64,1,57,53773,5753773,3,6,1,1,0,0,0,0,0,0,0,5,0,0,0,6,6,6,2,12,0,0,0,1,26,48122,6,1,6,1,3,0,73,225,0,0,0,0,0,0,0,0,0,0,52,53,0,0,2,2,75,1,1,2,1,0,0,1,18,1,1,1,25,0,0
56,560020,2,2,1,25,3,5,40,12,1,1,0,31,3,51,881,51881,66,1996,4V4WDBRH3TN7,4,V,4,W,D,B,R,H,3,T,N,7,1,T,VOLV,WIA,TR,96,17,,8,0,0,ARO,D,,,6,677,,,,,00000,00,,64,1,57,000733,57000733,3,6,1,1,0,0,0,0,0,0,0,65,3,0,0,12,12,6,2,2,0,0,1,1,31,68131,6,1,6,1,3,0,71,315,0,0,0,1,0,11,2010,11,2010,0,99,99,99,99,2,2,75,1,1,2,1,0,0,1,51,4,1,1,24,1,1
56,560021,1,2,1,7,4,13,52,12,6,1,0,56,1,37,31,37031,4,2004,JHMES16594S0,J,H,M,E,S,1,6,5,9,4,S,0,0,P,HOND,UCL,4D,4,17,2515,,0,1031,,G,,F,4,102,,,15R195,,,,,,0,0,000000000,00000000000,0,0,0,1,0,0,0,0,0,0,0,50,0,0,0,12,12,6,2,12,0,0,0,1,56,82834,6,1,0,0,3,3,65,190,0,0,0,0,0,0,0,0,0,1,39,0,0,0,1,2,20,1,1,2,1,20,3,1,17,1,1,1,88,1,0
56,560021,2,2,1,7,4,13,52,12,6,1,0,56,3,12,471,12471,30,2000,1FTZR15X9YPB,1,F,T,Z,R,1,5,X,9,Y,P,B,0,T,FORD,RNS,PC,0,17,,1,0,1259,RNG,G,,,6,245,,,,B,3599,01,U,44,0,0,000000000,00000000000,0,0,0,1,0,0,0,0,0,0,0,30,0,0,0,11,11,6,2,12,0,0,0,1,56,82801,6,1,0,0,3,0,69,178,0,0,0,2,0,8,2009,12,2010,0,0,0,0,0,1,4,30,1,1,2,1,0,0,1,17,1,1,1,89,0,0
56,560022,1,1,2,11,4,6,20,1,0,1,0,16,2,12,471,12471,30,2004,1FTZR45E74PA,1,F,T,Z,R,4,5,E,7,4,P,A,1,T,FORD,RNS,4C,4,17,,1,0,1259,RNG,G,,,6,245,,,,B,3945,00,U,44,1,0,000000000,00000000000,0,0,0,1,0,0,0,0,0,0,0,65,0,1,5,0,13,6,2,1,0,0,0,1,16,83401,6,1,0,0,3,0,63,115,0,0,0,0,0,0,0,0,0,0,58,0,0,0,1,2,65,3,1,2,1,0,0,14,12,7,3,4,2,1,0
56,560023,1,1,1,14,4,11,25,35,0,1,0,49,1,12,481,12481,31,1998,1FTRF17ZXWKC,1,F,T,R,F,1,7,Z,X,W,K,C,0,T,FORD,F15,PK,98,17,,2,1390,1200,COF,C,,,8,330,,,,B,3800,02,E,42,0,0,000000000,00000000000,0,0,0,1,0,0,0,0,0,0,0,999,0,1,5,99,13,6,2,1,0,0,0,1,56,82070,6,1,0,0,3,3,68,200,2,0,0,0,0,8,2010,1,2011,1,87,0,0,0,1,2,65,1,5,2,10,0,0,1,6,1,4,4,7,1,0
56,560024,1,1,2,19,4,15,0,34,0,1,0,30,1,55,33,55033,4,2004,KMHWF25S34A9,K,M,H,W,F,2,5,S,3,4,A,9,0,P,HYUN,SOL,4D,4,17,3181,,0,1063,,G,,F,4,143,,,15R205,,,,,,0,0,000000000,00000000000,0,0,0,1,0,0,0,0,0,0,0,75,0,0,0,12,12,6,2,32,0,0,0,1,30,59912,6,1,0,0,3,3,72,240,98,0,0,0,0,0,0,0,0,0,0,0,0,0,2,2,75,1,1,2,1,0,0,1,12,1,1,4,6,1,0
56,560025,1,1,1,1,5,9,0,23,0,1,0,16,3,82,881,82881,66,2007,1FVXAJCG87D7,1,F,V,X,A,J,C,G,8,7,D,7,1,T,FRHT,CLC,CC,7,17,,8,0,0,CON,D,,,6,774,,,,,00000,00,,,1,57,494011,57494011,3,6,1,1,0,0,0,0,0,0,0,80,0,1,6,11,99,6,2,35,0,0,0,1,16,83328,6,1,6,1,3,0,66,170,0,0,0,0,2,9,2009,11,2010,0,0,0,0,0,3,2,75,1,1,1,1,0,0,1,12,1,1,4,6,1,0
56,560026,1,2,1,3,5,9,1,14,0,1,1,56,2,23,481,23481,31,2001,2GTEK69U7113,2,G,T,E,K,6,9,U,7,1,1,3,0,T,GMC,KC3,4C,1,17,,2,0,1435,SIE,G,,,8,364,,,,B,4860,00,U,44,0,0,000000000,00000000000,0,0,0,1,0,0,0,0,0,0,0,65,0,0,0,12,12,6,2,8,0,0,0,1,56,82604,6,1,0,0,3,3,73,240,1,0,0,1,0,7,2008,5,2009,1,29,36,37,0,5,2,20,1,1,2,1,0,0,1,13,1,1,4,1,0,1
56,560026,5,2,1,3,5,9,1,14,0,1,0,56,1,12,37,12037,4,2001,1FAFP34P11W2,1,F,A,F,P,3,4,P,1,1,W,2,0,P,FORD,FSC,4D,1,17,2563,,0,1030,,G,,F,4,122,,,15R195,,,,,,0,0,000000000,00000000000,0,0,0,1,0,0,0,0,0,0,0,10,0,0,0,12,14,4,8,18,0,0,0,1,56,82601,6,1,0,0,3,0,64,135,0,0,1,0,0,6,2008,6,2008,0,0,0,0,0,5,4,20,1,1,2,1,3,3,11,68,6,1,3,98,0,0
56,560027,1,1,1,8,5,14,0,35,0,1,0,56,1,37,734,37734,90,2000,478TE2442YA0,4,7,8,T,E,2,4,4,2,Y,A,0,0,M,HOND,T3T,AT,0,17,,,,,,,329,,1,,4,511,,,,,,,0,0,000000000,00000000000,0,0,0,1,0,0,0,0,0,0,0,998,0,0,0,98,5,2,8,42,99,99,0,1,56,82720,6,1,6,0,3,0,69,170,0,0,0,0,0,0,0,0,0,0,0,0,0,0,1,2,98,2,5,4,3,0,0,14,13,1,3,4,2,1,0
56,560028,1,1,1,9,5,11,5,32,0,1,0,56,1,2,431,2431,15,1990,1J4GS5874LP5,1,J,4,G,S,5,8,7,4,L,P,5,0,T,JEEP,GRW,4W,90,17,,1,0,1087,WAG,G,,,8,360,,,,,4392,01,A,44,0,0,000000000,00000000000,0,0,0,1,0,0,0,0,0,0,0,999,0,1,5,99,99,6,2,1,0,0,0,1,56,82609,6,1,0,0,3,0,71,200,0,0,0,0,0,0,0,0,0,0,0,0,0,0,1,2,65,2,6,2,1,0,0,14,12,1,1,4,6,1,0
56,560029,1,1,2,13,5,20,7,1,0,1,0,56,1,49,401,49401,14,2001,JT3HN86R7190,J,T,3,H,N,8,6,R,7,1,9,0,0,P,TOYT,RUN,UT,1,17,3930,,0,1053,,G,,F,6,206,,,15R225,,,,,,0,0,000000000,00000000000,0,0,0,1,0,0,0,0,0,0,0,65,0,1,5,0,0,6,2,1,0,0,0,1,56,82001,6,1,0,0,3,3,64,140,0,0,0,0,0,0,0,0,0,0,57,0,0,0,1,2,65,2,6,2,1,0,0,14,13,7,1,4,1,1,1
56,560030,1,1,1,3,5,8,0,35,0,1,0,56,1,12,401,12401,14,1994,1FMDU34X2RUE,1,F,M,D,U,3,4,X,2,R,U,E,0,P,FORD,EPR,UT,94,17,4053,,0,1120,,G,,F,6,245,,,15R225,,,,,,0,0,000000000,00000000000,0,0,0,1,0,0,0,0,0,0,0,65,0,1,5,12,12,6,2,1,0,0,0,1,56,82070,6,1,0,0,3,3,70,162,0,2,2,0,0,6,2009,4,2010,0,0,0,0,0,1,2,65,3,1,2,1,0,0,14,13,1,1,4,1,1,0
56,560031,1,2,1,18,5,17,35,12,6,1,0,56,1,49,471,49471,32,1990,JT4VN93G7L50,J,T,4,V,N,9,3,G,7,L,5,0,0,T,TOYT,EL5,PC,90,17,,1,0,1214,HTP,G,,,6,180,,,,B,00000,00,A,42,0,0,000000000,00000000000,0,0,0,1,0,0,0,0,0,0,0,50,0,0,0,3,3,6,2,12,0,0,0,1,56,83116,6,1,0,0,3,0,69,130,0,0,0,0,0,0,0,0,0,1,87,28,0,0,1,2,65,1,1,2,10,0,0,1,6,1,4,2,64,1,0
56,560031,2,2,4,18,5,17,35,12,6,1,0,6,1,37,421,37421,15,2006,2HKYF18486H5,2,H,K,Y,F,1,8,4,8,6,H,5,0,P,HOND,PIL,UT,6,17,4497,,0,1063,,G,,F,6,213,,,16R235,,,,,,0,0,000000000,00000000000,0,0,0,1,0,0,0,0,0,0,0,45,0,0,0,12,12,6,2,12,0,0,0,1,6,92646,6,1,0,0,3,0,69,177,0,0,0,0,0,0,0,0,0,0,0,0,0,0,1,2,65,1,1,2,10,0,0,1,54,1,1,1,65,0,0
56,560032,1,2,2,18,5,13,17,12,6,1,0,56,1,10,37,10037,2,1991,4E3CT64U8ME1,4,E,3,C,T,6,4,U,8,M,E,1,0,P,EGIL,T44,2H,91,17,3039,,0,972,,G,,T,4,122,,,16R205,,,,,,0,0,000000000,00000000000,0,0,0,1,0,0,0,0,0,0,0,10,0,0,0,9,9,6,2,12,0,0,0,1,56,82007,1,1,0,0,2,0,69,150,0,2,1,0,2,6,2008,5,2011,0,38,48,0,0,5,4,50,1,1,1,1,0,0,12,11,1,1,7,98,1,0
56,560032,2,2,1,18,5,13,17,12,6,1,0,56,1,7,472,7472,30,1998,1B7GG22Y1WS5,1,B,7,G,G,2,2,Y,1,W,S,5,0,T,DODG,DAK,PC,98,17,,1,0,1309,DAK,G,,,8,318,,,,,3907,00,U,44,0,0,000000000,00000000000,0,0,0,1,0,0,0,0,0,0,0,50,0,0,0,12,12,6,2,12,0,0,0,1,56,82007,6,1,0,0,3,3,63,135,0,0,0,1,0,7,2008,7,2008,0,0,0,0,0,5,4,50,1,1,1,1,0,0,1,64,6,1,1,98,0,0
56,560033,1,2,2,19,5,1,45,12,6,1,0,19,1,2,403,2403,14,2000,1J4FA49S7YP7,1,J,4,F,A,4,9,S,7,Y,P,7,0,T,JEEP,SPW,2W,0,17,,1,0,934,W/T,G,,,6,244,,,,,3195,00,U,44,0,0,000000000,00000000000,0,0,0,1,0,0,0,0,0,0,0,15,0,0,0,9,6,6,2,12,0,0,0,1,19,50315,6,1,0,0,3,0,62,190,0,0,0,1,0,11,2010,11,2010,0,39,0,0,0,6,1,75,1,1,1,2,20,3,11,15,1,1,7,82,1,0
56,560033,2,2,1,19,5,1,45,12,6,1,0,40,3,82,881,82881,66,2005,1FUJF0CV65LN,1,F,U,J,F,0,C,V,6,5,L,N,1,T,FRHT,112,TR,5,17,,8,0,0,COL,D,,,6,782,,,,,00000,00,,64,1,57,66340,5766340,3,6,2,2,2,2067,5,1,0,0,0,45,0,0,0,12,12,6,2,12,0,0,0,1,8,80504,6,1,6,1,3,3,72,210,0,0,0,0,5,8,2008,11,2010,0,0,0,0,0,1,2,45,1,1,1,2,0,0,1,68,6,1,2,83,0,0
56,560034,1,1,1,25,5,14,32,1,0,1,0,56,2,53,706,53706,80,2004,JS1GT75A0421,J,S,1,G,T,7,5,A,0,4,2,1,0,M,SUZI,XR1,RC,4,17,,,,,,,988,,4,,4,370,,,,,,,0,0,000000000,00000000000,0,0,0,1,0,0,0,0,0,0,0,80,0,0,0,0,2,6,2,38,0,0,0,1,56,82601,6,1,0,0,3,0,69,170,0,0,0,0,0,0,0,0,0,1,0,0,0,0,1,2,20,1,3,2,1,21,3,11,14,4,1,4,98,1,1
56,560035,1,2,2,8,5,1,43,12,8,1,0,40,1,72,706,72706,80,2005,1HD1FDV165Y7,1,H,D,1,F,D,V,1,6,5,Y,7,0,M,HD,FHR,RS,5,17,,,,,,,1450,,2,,4,723,,,,,,,0,0,000000000,00000000000,0,0,0,1,0,0,0,0,0,0,0,999,0,0,0,99,1,6,2,12,0,0,0,1,40,74020,6,1,6,0,2,0,71,240,0,0,0,0,0,0,0,0,0,1,28,8,0,0,1,4,35,2,1,2,1,0,0,14,10,1,1,2,64,1,1
56,560035,2,2,1,8,5,1,43,12,8,1,0,56,3,87,881,87881,66,2006,1XP5PB9X06D8,1,X,P,5,P,B,9,X,0,6,D,8,1,T,PTRB,379,TR,6,17,,8,0,0,CON,D,,,6,893,,,,,00000,00,,,1,57,1720235,571720235,3,6,8,1,0,0,0,0,0,0,0,30,0,0,0,7,7,0,1,12,0,0,0,1,49,84118,6,1,6,1,3,0,73,200,98,0,0,1,0,10,2010,10,2010,0,0,0,0,0,1,4,35,3,1,2,1,0,0,14,62,1,1,1,65,0,0
56,560036,1,1,1,4,6,14,0,42,0,1,0,56,2,76,739,76739,90,2000,999999999999,9,9,9,9,9,9,9,9,9,9,9,9,0,,,,,,,,,,,,,,,,,,,,,,,,,0,0,000000000,00000000000,0,0,0,1,0,0,0,0,0,0,0,999,0,0,0,12,12,6,2,42,0,0,0,1,56,82716,6,1,0,0,3,3,74,215,0,0,0,1,0,12,2008,12,2008,1,0,0,0,0,1,2,0,3,6,5,1,0,0,14,13,1,1,4,1,1,1
56,560037,1,2,1,5,6,16,57,12,1,1,0,48,3,85,881,85881,66,2011,1XKAD48X3BJ2,1,X,K,A,D,4,8,X,3,B,J,2,1,T,KW,T60,TR,11,17,,8,2600,1600,CON,D,,,6,915,,,,,00000,00,,64,1,57,79466,5779466,3,6,1,1,0,0,0,0,0,0,0,20,0,0,0,6,6,6,2,2,0,0,1,1,48,77511,6,1,6,1,3,0,999,999,0,0,0,0,0,0,0,0,0,0,45,0,0,0,2,2,75,1,5,2,1,0,0,2,18,1,1,1,25,0,0
56,560037,2,2,1,5,6,16,57,12,1,1,0,49,3,82,881,82881,66,2011,1FUJGLDR6BSA,1,F,U,J,G,L,D,R,6,B,S,A,1,T,FRHT,125,TR,11,17,,8,0,0,CSC,D,,,6,903,,,,,00000,00,,64,1,57,272811,57272811,3,6,1,1,0,0,0,0,0,0,0,70,1,0,0,12,12,6,2,2,0,0,1,1,40,74955,6,1,6,3,3,3,73,340,0,0,0,0,0,0,0,0,0,0,26,0,0,0,2,2,75,1,5,2,1,0,0,1,51,1,1,1,24,1,0
56,560038,1,1,1,18,6,18,44,1,0,1,0,16,1,14,36,14036,4,1988,3MABM115XJR6,3,M,A,B,M,1,1,5,X,J,R,6,0,P,MERC,TRA,2H,88,17,2158,,0,947,,G,,F,4,098,,,000000,,,,,,0,0,000000000,00000000000,0,0,0,1,0,0,0,0,0,0,0,65,0,1,5,0,0,6,2,1,0,0,0,1,16,83669,6,1,0,0,3,3,70,160,0,0,0,0,0,0,0,0,0,0,58,0,0,0,1,2,65,2,5,2,1,0,0,14,12,6,3,4,7,1,1
56,560039,1,1,1,18,6,23,17,39,0,1,0,56,2,20,481,20481,31,1995,1GCEK19K7SE1,1,G,C,E,K,1,9,K,7,S,E,1,0,T,CHEV,GK1,PC,95,17,,2,1555,1415,GM4,G,,,8,350,,,,B,4514,00,,44,0,0,000000000,00000000000,0,0,0,1,0,0,0,0,0,0,0,998,0,1,5,1,13,6,2,3,0,0,0,1,56,82834,6,1,0,0,3,0,69,180,1,0,0,0,0,8,2008,8,2008,0,36,0,0,0,1,2,99,1,1,2,1,0,0,11,14,1,1,4,14,1,1
56,560040,1,1,1,21,6,16,0,11,0,1,0,56,1,72,706,72706,80,2007,1HD1FR4177Y6,1,H,D,1,F,R,4,1,7,7,Y,6,0,M,HD,FCI,RS,7,17,,,,,,,1584,,2,,4,732,,,,,,,0,0,000000000,00000000000,0,0,0,1,0,0,0,0,0,0,0,999,0,0,0,12,3,6,2,11,0,0,0,1,56,83113,6,1,0,0,3,3,66,170,1,0,0,0,0,4,2010,4,2010,0,0,0,0,0,1,2,65,1,5,2,1,0,0,1,87,1,1,1,13,1,0
56,560041,1,2,3,22,6,15,25,12,2,1,0,56,1,22,20,22020,4,2005,2G2WP5222511,2,G,2,W,P,5,2,2,2,5,1,1,0,P,PONT,GRA,4D,5,17,3477,,0,1105,,G,,F,6,231,,,16R225,,,,,,0,0,000000000,00000000000,0,0,0,1,0,0,0,0,0,0,0,75,0,0,0,12,11,6,2,12,0,0,0,1,56,82701,6,1,0,0,3,0,72,195,0,0,1,1,0,11,2009,5,2011,1,36,28,0,0,1,2,99,3,1,4,1,0,0,14,10,4,2,2,50,2,1
56,560041,2,2,1,22,6,15,25,12,2,1,0,56,2,87,881,87881,63,1995,1XPADB9X0SN3,1,X,P,A,D,B,9,X,0,S,N,3,0,T,PTRB,357,TR,95,17,,8,0,0,CON,D,,,6,893,,,,,00000,00,,64,0,57,643784,57643784,3,2,4,1,0,0,0,0,0,0,0,35,0,0,0,12,11,6,2,12,0,0,0,1,56,82701,6,1,0,0,2,0,69,250,0,0,0,0,0,0,0,0,0,0,92,0,0,0,1,2,99,2,1,4,1,0,0,14,54,4,1,1,51,0,0
56,560042,1,2,1,4,6,23,29,12,6,1,0,6,2,73,706,73706,80,2005,JKAZXCC125A0,J,K,A,Z,X,C,C,1,2,5,A,0,0,M,KAWK,Z1R,RC,5,17,,,,,,,998,,4,,4,375,,,,,,,0,0,000000000,00000000000,0,0,0,1,0,0,0,0,0,0,0,998,0,0,0,12,12,6,2,12,99,99,0,1,56,82007,3,1,0,0,2,0,72,149,0,2,0,0,1,4,2009,5,2010,9,0,0,0,0,1,4,40,1,1,2,1,0,0,1,17,1,1,1,69,1,0
56,560042,2,2,1,4,6,23,29,12,6,1,0,56,2,23,481,23481,31,1983,1GTEK14HXDJ5,1,G,T,E,K,1,4,H,X,D,J,5,0,T,GMC,K15,PK,83,17,,2,1315,1175,K15,G,,,8,305,,,,B,3821,03,,44,0,0,000000000,00000000000,0,0,0,1,0,0,0,0,0,0,0,998,0,0,0,4,4,9,1,12,99,99,0,1,56,82001,6,1,0,0,3,0,70,140,0,0,0,0,1,11,2010,11,2010,9,0,0,0,0,1,4,40,1,1,2,1,0,0,11,15,1,1,2,68,0,0
56,560043,1,2,2,30,6,15,53,1,0,1,0,6,1,12,481,12481,31,2005,1FTSX20P35ED,1,F,T,S,X,2,0,P,3,5,E,D,0,T,FORD,F2S,4C,5,17,,2,1580,1418,SRW,D,,,8,366,,,,C,5841,00,U,42,0,0,000000000,00000000000,0,0,0,1,0,0,0,0,0,0,0,999,0,1,3,0,13,6,2,1,99,99,0,1,6,95953,6,1,0,0,3,0,70,200,0,0,0,0,0,0,0,0,0,0,28,58,0,0,2,2,75,1,1,2,2,0,0,1,12,7,4,4,7,1,0
56,560043,2,2,1,30,6,15,53,1,0,1,0,18,3,51,881,51881,66,2008,4V4NC9TG48N4,4,V,4,N,C,9,T,G,4,8,N,4,1,T,VOLV,VNL,TR,8,17,,8,0,0,VVN,D,,,6,915,,,,,00000,00,,64,1,57,428823,57428823,3,6,1,1,0,0,0,0,0,0,0,70,0,0,0,7,7,4,1,12,0,0,0,1,8,80231,6,1,6,1,3,3,70,170,0,0,0,0,1,6,2010,6,2010,0,0,0,0,0,2,2,75,1,1,2,2,0,0,1,62,1,1,1,98,0,0
56,560044,1,1,2,30,6,20,0,1,0,1,0,38,2,37,402,37402,14,2000,JHLRD1863YC0,J,H,L,R,D,1,8,6,3,Y,C,0,0,P,HOND,CRV,UT,0,17,3245,,0,1032,,G,,F,4,120,,,15R205,,,,,,0,0,000000000,00000000000,0,0,0,1,0,0,0,0,0,0,0,65,0,1,5,0,0,6,2,1,0,0,0,1,56,82716,1,1,0,0,2,9,72,170,0,1,3,1,1,3,2010,5,2011,0,0,0,0,0,1,2,65,1,3,2,99,0,0,1,13,1,1,4,1,2,1
56,560045,1,1,1,23,6,3,55,1,0,1,0,56,1,20,403,20403,14,2004,1GNET16SX461,1,G,N,E,T,1,6,S,X,4,6,1,0,P,CHEV,TRL,UT,4,17,4954,,0,1290,,G,,F,6,256,,,17R245,,,,,,0,0,000000000,00000000000,0,0,0,1,0,0,0,0,0,0,0,75,0,9,3,0,0,6,2,1,0,0,0,1,56,82839,6,1,0,0,3,3,65,140,0,1,0,3,0,3,2009,3,2011,0,58,0,0,0,2,2,75,1,1,2,2,0,0,1,13,6,4,4,7,1,0
56,560046,1,2,2,23,6,10,0,12,1,1,0,56,1,7,442,7442,20,2001,1B4GP25371B1,1,B,4,G,P,2,5,3,7,1,B,1,0,P,DODG,CAR,SV,1,17,3815,,0,1133,,F,,F,6,201,,,15R215,,,,,,0,0,000000000,00000000000,0,0,0,1,0,0,0,0,0,0,0,65,0,0,0,12,12,6,2,12,99,99,0,1,56,82441,6,1,0,0,3,3,63,147,0,0,0,0,0,0,0,0,0,0,26,0,0,0,1,2,65,1,1,2,1,0,0,1,17,1,1,1,24,1,0
56,560046,2,2,1,23,6,10,0,12,1,1,0,56,1,12,471,12471,30,2003,1FTZR45E43PA,1,F,T,Z,R,4,5,E,4,3,P,A,0,T,FORD,RNS,4C,3,17,,1,0,1259,RNG,G,,,6,245,,,,B,3760,02,U,44,0,0,000000000,00000000000,0,0,0,1,0,0,0,0,0,0,0,999,0,0,0,6,6,6,2,12,0,0,0,1,56,82426,6,1,0,0,3,0,68,145,0,0,0,0,0,0,0,0,0,0,0,0,0,0,1,2,65,1,1,2,1,0,0,11,15,1,1,1,25,0,0
56,560047,1,2,1,7,7,22,5,12,1,1,0,46,3,87,881,87881,66,2007,1XP5DB9X27D6,1,X,P,5,D,B,9,X,2,7,D,6,1,T,PTRB,379,TR,7,17,,8,0,0,CON,D,,,6,893,,,,,00000,00,,64,1,57,230412,57230412,3,6,1,1,0,0,0,0,0,0,0,0,0,0,0,6,6,6,2,12,0,0,0,1,46,57380,6,1,6,1,3,3,999,999,1,0,0,0,0,5,2011,5,2011,0,54,0,0,0,3,2,75,3,6,1,2,0,0,7,2,1,7,2,21,0,0
56,560047,2,2,2,7,7,22,5,12,1,1,0,17,3,51,881,51881,66,2004,4V4NC9TG74N3,4,V,4,N,C,9,T,G,7,4,N,3,1,T,VOLV,VNL,TR,4,17,,8,0,0,VVN,D,,,6,915,,,,,00000,00,,64,1,57,2058233,572058233,3,6,1,1,0,0,0,0,0,0,0,998,0,0,0,12,12,6,2,12,0,0,0,1,17,60506,6,1,6,3,3,0,999,999,0,0,0,0,0,0,0,0,0,0,84,0,0,0,3,2,75,3,6,1,2,0,0,14,50,1,1,1,20,1,0
56,560048,1,3,1,8,7,11,43,12,8,1,0,8,1,37,706,37706,80,2008,JH2PF01458K5,J,H,2,P,F,0,1,4,5,8,K,5,0,M,HOND,FSA,MS,8,17,,,,,,,582,,2,,4,551,,,,,,,0,0,000000000,00000000000,0,0,0,1,0,0,0,0,0,0,0,998,0,0,0,11,12,6,2,12,0,0,0,1,8,80534,6,1,0,0,3,0,75,275,0,0,0,0,0,0,0,0,0,0,28,0,0,0,2,2,65,1,1,2,1,40,3,1,10,1,1,2,64,1,0