STATE,ST_CASE,VEH_NO,VE_FORMS,NUMOCCS,DAY,MONTH,HOUR,MINUTE,HARM_EV,MAN_COLL,UNITTYPE,HIT_RUN,REG_STAT,OWNER,MAKE,MODEL,MAK_MOD,BODY_TYP,MOD_YEAR,VIN,VIN_1,VIN_2,VIN_3,VIN_4,VIN_5,VIN_6,VIN_7,VIN_8,VIN_9,VIN_10,VIN_11,VIN_12,TOW_VEH,VINTYPE,VINMAKE,VINA_MOD,VIN_BT,VINMODYR,VIN_LNGT,VIN_WGT,WGTCD_TR,WHLBS_LG,WHLBS_SH,SER_TR,FUELCODE,MCYCL_DS,CARBUR,CYLINDER,DISPLACE,MCYCL_CY,MCYCL_WT,TIRE_SZE,TON_RAT,TRK_WT,TRKWTVAR,VIN_REST,WHLDRWHL,J_KNIFE,MCARR_I1,MCARR_I2,MCARR_ID,GVWR,V_CONFIG,CARGO_BT,HAZ_INV,HAZ_PLAC,HAZ_ID,HAZ_CNO,HAZ_REL,BUS_USE,SPEC_USE,EMER_USE,TRAV_SP,UNDERIDE,ROLLOVER,ROLINLOC,IMPACT1,IMPACT2,DEFORMED,TOWED,M_HARM,VEH_SC1,VEH_SC2,FIRE_EXP,DR_PRES,L_STATE,DR_ZIP,L_STATUS,L_TYPE,CDL_STAT,L_ENDORS,L_COMPL,L_RESTRI,DR_HGT,DR_WGT,PREV_ACC,PREV_SUS,PREV_DWI,PREV_SPD,PREV_OTH,FIRST_MO,FIRST_YR,LAST_MO,LAST_YR,SPEEDREL,DR_SF1,DR_SF2,DR_SF3,DR_SF4,VTRAFWAY,VNUM_LAN,VSPD_LIM,VALIGN,VPROFILE,VPAVETYP,VSURCOND,VTRAFCON,VTCONT_F,P_CRASH1,P_CRASH2,P_CRASH3,PCRASH4,PCRASH5,ACC_TYPE,DEATHS,DR_DRINK
56,560048,2,3,1,8,7,11,43,12,8,1,0,8,1,53,705,53705,80,2005,JS1CP51A4521,J,S,1,C,P,5,1,A,4,5,2,1,0,M,SUZI,A6K,MS,5,17,,,,,,,638,,2,,4,524,,,,,,,0,0,000000000,00000000000,0,0,0,1,0,0,0,0,0,0,0,998,0,0,0,12,12,6,2,7,0,0,0,1,8,80537,6,1,0,0,3,3,67,155,0,0,0,1,0,3,2011,3,2011,0,0,0,0,0,2,2,65,1,1,2,1,40,3,1,52,98,1,2,98,0,0
56,560048,3,3,4,8,7,11,43,12,8,1,0,20,1,20,2,20002,4,2008,2G1WT58NX891,2,G,1,W,T,5,8,N,X,8,9,1,0,P,CHEV,IMT,4D,8,17,3555,,0,1105,,G,,F,6,214,,,16R225,,,,,,0,0,000000000,00000000000,0,0,0,1,0,0,0,0,0,0,0,998,0,0,0,11,11,6,2,12,0,0,0,1,20,66510,6,1,0,0,3,3,72,180,0,0,0,0,0,0,0,0,0,0,0,0,0,0,2,2,65,1,1,2,1,40,3,1,62,9,1,2,65,0,0
56,560049,1,1,2,9,7,6,11,31,0,1,0,6,3,82,881,82881,66,2011,1FUJGLDR1BSA,1,F,U,J,G,L,D,R,1,B,S,A,1,T,FRHT,125,TR,11,17,,8,0,0,CSC,D,,,6,903,,,,,00000,00,,64,1,57,28406,5728406,3,6,1,1,0,0,0,0,0,0,0,70,0,1,3,99,99,6,2,1,0,0,0,1,6,91786,6,1,6,9,9,9,999,999,99,99,99,99,99,99,9999,99,9999,0,58,0,0,0,3,2,75,2,6,1,1,0,0,14,12,7,1,4,6,1,0
56,560050,1,1,6,11,7,15,28,35,0,1,0,4,1,12,481,12481,31,2007,1FTPW12V67KC,1,F,T,P,W,1,2,V,6,7,K,C,0,T,FORD,F1S,CW,7,17,,2,0,1390,COF,F,,,8,329,,,,B,5176,01,E,42,0,0,000000000,00000000000,0,0,0,1,0,0,0,0,0,0,0,65,0,1,5,99,99,6,2,1,0,0,0,1,4,85041,6,1,0,0,3,0,65,170,0,0,0,1,0,9,2008,9,2008,1,36,87,0,0,1,2,65,3,6,2,2,0,0,14,11,6,4,4,7,1,0
56,560051,1,2,1,13,7,12,45,12,2,1,0,38,1,59,35,59035,4,2002,JTHBD1928200,J,T,H,B,D,1,9,2,8,2,0,0,0,P,LEXS,IS3,4D,2,17,3255,,0,1051,,G,,F,6,183,,,17R215,,,,,,0,0,000000000,00000000000,0,0,0,1,0,0,0,0,0,0,0,70,0,0,0,12,12,6,2,12,99,99,0,1,38,58367,6,1,0,0,3,0,999,999,1,0,0,6,2,3,2009,6,2011,0,28,0,0,0,1,2,65,1,3,2,1,0,0,1,10,1,1,2,50,1,0
56,560051,2,2,2,13,7,12,45,12,2,1,0,38,1,20,2,20002,4,2006,2G1WT58K6692,2,G,1,W,T,5,8,K,6,6,9,2,0,P,CHEV,IMT,4D,6,17,3477,,0,1105,,F,,F,6,214,,,16R225,,,,,,0,0,000000000,00000000000,0,0,0,1,0,0,0,0,0,0,0,71,0,0,0,12,12,6,2,12,99,99,0,1,38,58367,6,1,0,0,3,0,999,999,0,0,0,0,0,0,0,0,0,0,0,0,0,0,1,2,65,1,5,2,1,0,0,1,54,7,1,2,51,1,0
56,560052,1,2,1,15,7,20,20,12,1,1,0,56,1,12,481,12481,31,1984,1FTHX2619EKA,1,F,T,H,X,2,6,1,9,E,K,A,0,T,FORD,F25,PC,84,17,,2,0,1550,COF,D,,,8,420,,,,C,4613,01,,44,0,0,000000000,00000000000,0,0,0,1,0,0,0,0,0,0,0,62,0,0,0,12,12,6,2,12,0,0,0,1,56,82730,6,1,6,0,3,0,67,187,0,0,0,0,1,9,2009,9,2009,0,26,0,0,0,1,2,65,1,5,2,1,0,0,1,51,1,1,1,24,0,0
56,560052,2,2,2,15,7,20,20,12,1,1,0,56,1,49,32,49032,4,2008,1NXBR32E78Z9,1,N,X,B,R,3,2,E,7,8,Z,9,0,P,TOYT,UCS,4D,8,17,2530,,0,1024,,G,,F,4,110,,,15R185,,,,,,0,0,000000000,00000000000,0,0,0,1,0,0,0,0,0,0,0,998,0,0,0,6,6,6,2,12,0,0,0,1,56,82730,6,1,0,0,3,3,63,141,0,0,0,0,0,0,0,0,0,0,0,0,0,0,1,2,65,1,5,2,1,0,0,1,53,1,1,1,25,1,0
56,560053,1,1,1,17,7,22,30,1,0,1,0,56,1,20,481,20481,31,1998,1GCEK19R5WE1,1,G,C,E,K,1,9,R,5,W,E,1,0,T,CHEV,GK1,PC,98,17,,2,1555,1415,GM4,G,,,8,350,,,,B,00000,00,,44,0,0,000000000,00000000000,0,0,0,1,0,0,0,0,0,0,0,65,0,1,5,0,0,6,2,1,99,99,0,1,56,82834,6,1,0,0,3,0,66,175,0,0,0,0,0,0,0,0,0,0,58,0,0,0,1,2,65,1,1,2,1,0,0,1,13,6,2,4,7,1,1
56,560054,1,1,1,19,7,8,35,1,0,1,0,56,1,72,706,72706,80,2005,1HD1JDB165Y0,1,H,D,1,J,D,B,1,6,5,Y,0,0,M,HD,FTN,RS,5,17,,,,,,,1450,,2,,4,676,,,,,,,0,0,000000000,00000000000,0,0,0,1,0,0,0,0,0,0,0,55,0,0,0,0,0,6,2,1,0,0,0,1,56,82007,3,1,0,0,2,0,73,200,0,1,0,0,0,5,2009,5,2009,0,0,0,0,0,1,2,65,1,1,2,1,98,9,1,62,3,2,2,98,1,0
56,560055,1,1,5,19,7,1,45,35,0,1,0,8,1,30,441,30441,20,1991,WV2ZB0253MH0,W,V,2,Z,B,0,2,5,3,M,H,0,0,P,VOLK,VGN,SW,91,17,3503,,0,969,,G,,F,4,129,,,14R205,,,,,,0,0,000000000,00000000000,0,0,0,1,0,0,0,0,0,0,0,998,0,0,0,12,12,6,2,3,0,0,0,1,8,80903,6,1,0,0,3,0,72,185,0,0,0,1,1,9,2009,5,2010,0,0,0,0,0,1,2,55,1,5,2,2,0,0,1,98,1,1,4,98,4,0
56,560056,1,1,1,15,7,6,55,1,0,1,0,6,1,7,472,7472,31,1990,1B7FL26X8LS7,1,B,7,F,L,2,6,X,8,L,S,7,0,T,DODG,DAK,PK,90,17,,1,1309,1119,DAK,G,,,6,239,,,,B,2968,01,A,42,0,0,000000000,00000000000,0,0,0,1,0,0,0,0,0,0,0,55,0,9,5,0,0,6,2,1,0,0,0,1,6,92335,6,1,0,0,3,0,68,205,0,0,0,0,0,0,0,0,0,1,0,0,0,0,1,2,35,3,1,4,1,0,0,14,13,99,1,4,1,1,0
56,560057,1,2,3,24,7,2,10,12,6,1,0,56,2,53,402,53402,14,2002,JS3TX92V7241,J,S,3,T,X,9,2,V,7,2,4,1,0,P,SUZI,XL7,UT,2,17,3682,,0,1102,,G,,F,6,167,,,16R235,,,,,,0,0,000000000,00000000000,0,0,0,1,0,0,0,0,0,0,0,65,0,0,0,12,7,6,2,42,0,0,0,1,56,82009,6,1,0,0,3,0,75,200,1,1,2,0,0,11,2008,7,2009,1,28,58,0,0,3,2,65,1,1,2,1,0,0,6,51,7,4,2,46,1,1
56,560057,2,2,4,24,7,2,10,12,6,1,0,48,3,87,883,87883,62,2011,2NP2HN6X5BM1,2,N,P,2,H,N,6,X,5,B,M,1,0,T,PTRB,337,CC,11,17,,6,0,0,CON,D,,,6,506,,,,,00000,00,,42,0,77,777777777,77777777777,2,1,1,1,0,0,0,0,0,0,0,20,0,0,0,4,4,2,1,12,0,0,0,1,48,77864,6,1,0,0,3,0,999,999,0,0,0,1,0,10,2009,10,2009,0,0,0,0,0,6,1,65,1,1,2,1,0,0,2,18,1,1,1,45,0,0
56,560058,1,1,3,10,7,1,51,1,0,1,0,56,2,20,481,20481,31,1990,1GCDK14K9LZ1,1,G,C,D,K,1,4,K,9,L,Z,1,0,T,CHEV,GK1,PK,90,17,,1,1415,1175,GM4,G,,,8,350,,,,B,4117,05,,44,0,0,000000000,00000000000,0,0,0,1,0,0,0,0,0,0,0,65,0,1,5,0,0,6,2,1,0,0,0,1,56,82636,1,1,0,0,2,0,69,135,0,2,0,1,1,1,2009,9,2010,0,58,0,0,0,6,1,65,2,5,2,1,0,0,14,13,6,3,4,2,1,1
56,560059,1,1,1,29,7,11,19,57,0,1,0,56,1,76,705,76705,80,2003,JYARJ06E23A0,J,Y,A,R,J,0,6,E,2,3,A,0,0,M,YAMA,R6L,RC,3,17,,,,,,,599,,4,,4,357,,,,,,,0,0,000000000,00000000000,0,0,0,1,0,0,0,0,0,0,0,90,0,0,0,99,99,6,2,57,0,0,0,1,56,82001,6,1,0,0,3,3,74,220,0,0,0,0,0,0,0,0,0,1,0,0,0,0,3,2,65,2,1,1,1,0,0,14,12,1,1,4,6,1,0
56,560060,1,1,4,27,7,18,10,1,0,1,0,56,2,7,482,7482,31,1997,3B7HF13Z4VG8,3,B,7,H,F,1,3,Z,4,V,G,8,0,T,DODG,150,PC,97,17,,2,1547,1387,RPC,G,,,8,360,,,,B,4764,01,M,44,0,0,000000000,00000000000,0,0,0,1,0,0,0,0,0,0,0,64,0,1,5,0,0,6,2,1,0,0,0,1,56,82501,0,0,0,0,0,0,65,122,0,0,0,0,0,0,0,0,0,0,58,52,0,0,1,2,65,1,6,2,1,0,0,1,13,6,9,4,2,1,0
56,560061,1,2,3,28,7,14,45,54,11,1,0,18,1,59,402,59402,14,2005,JTJBT20XX500,J,T,J,B,T,2,0,X,X,5,0,0,0,P,LEXS,GX7,UT,5,17,4740,,0,1098,,G,,F,8,285,,,17R265,,,,,,0,0,000000000,00000000000,0,0,0,1,0,0,0,0,0,0,0,70,0,0,0,12,12,6,2,54,0,0,0,1,18,47715,6,1,0,0,3,0,74,250,0,0,0,2,0,6,2010,3,2011,0,0,0,0,0,3,2,65,2,6,2,1,0,0,6,90,99,1,1,98,1,0
56,560061,2,2,1,28,7,14,45,54,11,1,0,8,3,84,881,84881,66,2006,2HSCNAPR06C2,2,H,S,C,N,A,P,R,0,6,C,2,1,T,INTL,94I,TR,6,17,,8,0,0,940,D,,,6,915,,,,,00000,00,,64,1,57,00209044,5700209044,3,6,2,1,0,0,0,0,0,0,0,65,0,0,0,14,14,6,2,54,0,0,0,1,8,81504,6,1,6,1,3,3,75,210,0,1,0,0,1,10,2008,1,2010,0,0,0,0,0,3,2,65,2,6,2,1,0,0,14,3,1,1,1,98,0,0
56,560062,1,2,1,31,7,1,0,12,2,1,0,56,1,22,20,22020,4,2005,2G2WP5228512,2,G,2,W,P,5,2,2,8,5,1,2,0,P,PONT,GRA,4D,5,17,3477,,0,1105,,G,,F,6,231,,,16R225,,,,,,0,0,000000000,00000000000,0,0,0,1,0,0,0,0,0,0,0,75,0,0,0,12,12,6,2,12,0,0,0,1,56,82716,6,1,0,0,3,0,72,200,0,0,0,0,0,0,0,0,0,0,0,0,0,0,3,2,75,1,1,2,1,0,0,1,54,1,1,1,62,0,0
56,560062,2,2,1,31,7,1,0,12,2,1,0,54,1,72,706,72706,80,1997,1HD1FCR11VY6,1,H,D,1,F,C,R,1,1,V,Y,6,0,M,HD,FLU,RS,97,17,,,,,,,1340,,2,,4,765,,,,,,,0,0,000000000,00000000000,0,0,0,1,0,0,0,0,0,0,0,75,0,0,0,12,99,6,2,12,0,0,0,1,54,25265,6,1,0,0,3,0,71,240,0,0,0,0,0,0,0,0,0,0,50,0,0,0,3,2,75,1,1,2,1,0,0,1,54,1,1,1,62,1,1
56,560063,1,1,1,31,7,10,40,7,0,1,0,46,1,73,706,73706,80,2004,JKBVNAE134A1,J,K,B,V,N,A,E,1,3,4,A,1,0,M,KAWK,V5E,RS,4,17,,,,,,,1500,,2,,4,644,,,,,,,0,0,000000000,00000000000,0,0,0,1,0,0,0,0,0,0,0,45,0,0,0,0,0,6,2,7,0,0,0,1,46,57382,6,1,6,1,3,0,74,260,0,0,0,0,0,0,0,0,0,0,0,0,0,0,1,2,45,3,1,2,1,0,0,14,98,3,2,1,0,1,0
56,560064,1,1,1,29,7,3,30,8,0,1,1,56,1,20,481,20481,31,2008,1GCHK23KX8F1,1,G,C,H,K,2,3,K,X,8,F,1,0,T,CHEV,2KH,CW,8,17,,2,1670,1530,SIL,G,,,8,366,,,,C,5883,02,,44,0,0,000000000,00000000000,0,0,0,1,0,0,0,0,0,0,0,60,0,0,0,12,12,4,1,8,0,0,0,1,56,82501,6,1,0,0,3,3,69,144,0,2,0,4,2,12,2008,4,2011,0,86,0,0,0,1,2,55,1,6,2,1,0,0,1,80,1,1,1,13,0,0
56,560065,1,1,2,28,7,20,35,35,0,1,0,56,2,98,739,98739,90,2008,4XAVH76AX8D6,4,X,A,V,H,7,6,A,X,8,D,6,0,M,POLS,RZR,AT,8,17,,,,,,,760,,2,,4,945,,,,,,,0,0,000000000,00000000000,0,0,0,1,0,0,0,0,0,0,0,41,0,1,5,11,99,6,2,3,0,0,0,1,49,84414,6,1,0,0,3,0,68,230,98,0,0,0,0,0,0,0,0,1,0,0,0,0,1,2,99,2,3,5,1,0,0,14,13,1,1,4,1,1,1
56,560066,1,1,1,1,8,4,0,1,0,1,0,56,2,23,471,23471,30,1989,1GTDT19Z7K85,1,G,T,D,T,1,9,Z,7,K,8,5,0,T,GMC,S10,PC,89,17,,1,0,1229,S,G,,,6,262,,,,B,3077,01,A,44,0,0,000000000,00000000000,0,0,0,1,0,0,0,0,0,0,0,998,0,1,5,0,0,6,2,1,0,0,0,1,56,82414,6,1,0,0,3,0,75,250,0,0,0,1,0,8,2010,8,2010,0,0,0,0,0,1,2,65,3,5,2,1,0,0,14,13,6,1,4,1,1,1
56,560067,1,2,4,4,8,14,23,12,6,1,0,8,2,12,481,12481,31,2005,1FTWX31P85EA,1,F,T,W,X,3,1,P,8,5,E,A,1,T,FORD,F3S,4C,5,17,,3,1580,1418,SRW,D,,,8,366,,,,D,6347,00,U,44,1,0,000000000,00000000000,0,0,0,1,0,0,0,0,0,0,0,18,0,0,0,8,8,4,1,12,0,0,0,1,8,80915,6,1,0,0,3,3,67,190,1,2,1,1,0,7,2009,1,2010,0,0,0,0,0,1,2,65,1,1,2,1,0,0,11,15,1,1,2,72,0,0
56,560067,2,2,1,4,8,14,23,12,6,1,0,19,1,72,706,72706,80,2005,1HD1FSW115Y6,1,H,D,1,F,S,W,1,1,5,Y,6,0,M,HD,TRI,RS,5,17,,,,,,,1450,,2,,4,731,,,,,,,0,0,000000000,00000000000,0,0,0,1,0,0,0,0,0,0,0,64,0,0,0,1,1,6,2,12,0,0,0,1,19,50327,6,1,0,0,3,0,71,350,0,0,0,0,0,0,0,0,0,1,35,79,0,0,1,2,65,1,1,2,1,0,0,1,51,4,1,2,73,1,0
56,560068,1,1,1,4,8,16,58,1,0,1,0,56,1,12,471,12471,30,2005,1FTZR45E15PA,1,F,T,Z,R,4,5,E,1,5,P,A,0,T,FORD,RNS,4C,5,17,,1,0,1259,RNG,G,,,6,245,,,,B,3697,00,U,44,0,0,000000000,00000000000,0,0,0,1,0,0,0,0,0,0,0,75,0,1,5,0,0,6,2,1,0,0,0,1,56,82716,6,1,0,0,3,0,68,170,1,1,2,0,2,4,2009,2,2011,0,58,0,0,0,2,2,75,2,5,2,1,0,0,14,10,7,2,4,2,1,0
56,560069,1,2,4,10,8,13,40,12,2,1,0,49,1,49,40,49040,4,2007,4T1BE46K07U1,4,T,1,B,E,4,6,K,0,7,U,1,0,P,TOYT,CMB,4D,7,17,3108,,0,1093,,G,,F,4,146,,,15R205,,,,,,0,0,000000000,00000000000,0,0,0,1,0,0,0,0,0,0,0,65,0,0,0,12,12,6,2,12,0,0,0,1,49,84124,6,1,0,0,3,0,68,175,98,0,0,0,1,6,2010,6,2010,0,28,0,0,0,1,2,65,2,6,2,1,0,0,14,10,7,1,2,50,3,0
56,560069,2,2,3,10,8,13,40,12,2,1,0,56,1,7,482,7482,31,2003,1D3KU28653J5,1,D,3,K,U,2,8,6,5,3,J,5,0,T,DODG,SQ2,CW,3,17,,2,1605,1405,RPC,D,,,6,359,,,,C,5837,07,K,44,0,0,000000000,00000000000,0,0,0,1,0,0,0,0,0,0,0,65,7,0,0,12,12,6,2,12,0,0,0,1,56,83110,6,1,0,0,3,0,69,160,0,0,0,1,0,2,2011,2,2011,0,0,0,0,0,1,2,65,3,3,5,1,0,0,14,54,6,1,2,51,0,0
56,560070,1,1,2,12,8,15,20,35,0,1,0,1,1,72,706,72706,80,2001,1HD1DDV1X1Y6,1,H,D,1,D,D,V,1,X,1,Y,6,0,M,HD,FHT,RS,1,17,,,,,,,1450,,2,,4,758,,,,,,,0,0,000000000,00000000000,0,0,0,1,0,0,0,0,0,0,0,998,0,0,0,12,99,6,2,1,99,99,0,1,1,35186,6,1,0,0,3,0,71,190,0,0,0,2,0,3,2009,6,2011,0,0,0,0,0,1,2,65,1,3,2,1,0,0,1,13,1,1,4,1,1,0
56,560071,1,1,1,12,8,18,0,31,0,1,0,42,1,72,706,72706,80,2003,1HD1BJY453Y0,1,H,D,1,B,J,Y,4,5,3,Y,0,0,M,HD,ATC,RS,3,17,,,,,,,1450,,2,,4,696,,,,,,,0,0,000000000,00000000000,0,0,0,1,0,0,0,0,0,0,0,65,0,0,0,11,11,6,2,31,0,0,0,1,42,16901,6,1,0,0,3,0,68,999,0,0,0,0,0,0,0,0,0,0,0,0,0,0,1,2,65,1,5,2,1,0,0,1,13,1,1,4,1,1,0
56,560072,1,1,1,15,8,0,15,1,0,1,0,56,1,7,482,7482,31,2003,3D3KU28D83G7,3,D,3,K,U,2,8,D,8,3,G,7,0,T,DODG,SQ2,CW,3,17,,2,1605,1405,RPC,G,,,8,345,,,,C,5837,07,K,44,0,0,000000000,00000000000,0,0,0,1,0,0,0,0,0,0,0,81,0,9,5,0,13,6,2,1,0,0,0,1,56,82605,6,1,0,0,3,3,66,110,0,0,0,0,0,0,0,0,0,1,8,58,0,0,1,2,40,2,6,2,1,0,0,14,12,7,1,4,6,1,0
56,560073,1,1,3,14,8,7,0,31,0,1,0,6,1,2,404,2404,14,2001,1J4FT48S71L5,1,J,4,F,T,4,8,S,7,1,L,5,0,T,JEEP,SPT,4W,1,17,,1,0,1014,CHK,G,,,6,244,,,,,3084,00,E,42,0,0,000000000,00000000000,0,0,0,1,0,0,0,0,0,0,0,65,0,1,1,99,0,6,2,1,0,0,0,1,6,94538,6,1,0,0,3,3,63,165,0,0,0,0,0,0,0,0,0,0,58,0,0,0,2,2,65,1,6,2,1,98,3,1,13,6,1,4,1,1,0
56,560074,1,1,1,16,8,20,25,9,0,1,0,56,2,20,431,20431,16,2001,3GNFK16T81G1,3,G,N,F,K,1,6,T,8,1,G,1,0,P,CHEV,K15,UT,1,17,5123,,0,1300,,G,,F,8,325,,,16R245,,,,,,0,0,000000000,00000000000,0,0,0,1,0,0,0,0,0,0,0,39,0,0,0,1,1,4,3,9,0,0,0,1,56,82426,6,1,0,0,3,3,70,200,0,0,0,0,0,0,0,0,0,0,28,0,0,0,1,4,35,1,1,2,1,0,0,1,11,1,1,2,13,0,0
56,560075,1,1,1,21,8,0,1,38,0,1,0,56,1,22,441,22441,20,1992,1GMDU06D9NT2,1,G,M,D,U,0,6,D,9,N,T,2,0,P,PONT,TSP,SV,92,17,3599,,0,1098,,G,,F,6,191,,,15R205,,,,,,0,0,000000000,00000000000,0,0,0,1,0,0,0,0,0,0,0,998,0,9,5,12,99,6,2,1,0,0,0,1,56,82214,0,0,0,0,0,0,64,150,0,0,1,0,0,5,2011,5,2011,0,58,0,0,0,1,2,45,1,1,4,1,0,0,1,13,6,4,4,7,1,1
56,560076,1,2,1,25,8,7,20,12,1,1,0,56,3,7,881,7881,61,2009,3D6WD78L19G5,3,D,6,W,D,7,8,L,1,9,G,5,0,T,DODG,L5T,CH,9,17,,5,1885,1645,RPC,D,,,6,408,,,,E,00000,00,E,44,0,57,1458168,571458168,2,1,3,1,0,0,0,0,0,0,0,67,0,0,0,12,12,6,2,12,0,0,0,1,56,82501,6,1,0,0,3,3,75,220,0,0,0,0,0,0,0,0,0,0,8,39,0,0,1,2,65,2,5,2,1,50,3,14,50,1,1,1,20,0,0
56,560076,2,2,2,25,8,7,20,12,1,1,0,56,1,6,52,6052,6,2002,3C8FY68B22T2,3,C,8,F,Y,6,8,B,2,2,T,2,0,P,CHRY,PTC,SV,2,17,3119,,0,1033,,G,,F,4,148,,,16R205,,,,,,0,0,000000000,00000000000,0,0,0,1,0,0,0,0,0,0,0,0,0,0,0,6,6,6,2,12,0,0,0,1,56,82501,6,1,0,0,3,3,64,143,0,0,0,0,0,0,0,0,0,0,0,0,0,0,1,2,65,2,5,2,1,50,3,5,98,1,1,1,21,2,0
56,560077,1,1,2,26,8,21,30,34,0,1,0,49,1,7,402,7402,14,1999,1B4HS28Z4XF6,1,B,4,H,S,2,8,Z,4,X,F,6,0,P,DODG,DUR,UT,99,17,4397,,0,1159,,G,,F,8,360,,,15R235,,,,,,0,0,000000000,00000000000,0,0,0,1,0,0,0,0,0,0,0,998,0,1,5,99,13,6,2,1,99,99,0,1,49,84542,6,1,6,3,3,0,75,235,98,0,0,1,0,9,2009,9,2009,1,39,0,0,0,1,2,65,1,6,2,1,20,3,1,14,7,3,4,2,1,1
56,560078,1,1,1,29,8,14,0,31,0,1,0,30,1,73,705,73705,80,2002,JKAZX4J172A0,J,K,A,Z,X,4,J,1,7,2,A,0,0,M,KAWK,ZXJ,RC,2,17,,,,,,,600,,4,,4,377,,,,,,,0,0,000000000,00000000000,0,0,0,1,0,0,0,0,0,0,0,90,0,0,0,99,99,6,2,1,0,0,0,1,30,59701,6,1,6,0,3,0,71,190,98,0,0,1,0,1,2011,1,2011,1,0,0,0,0,1,2,65,3,5,2,1,0,0,14,13,1,1,4,1,1,1
56,560079,1,1,2,9,8,18,50,35,0,1,0,48,2,12,481,12481,31,1991,1FTEX15N9MKA,1,F,T,E,X,1,5,N,9,M,K,A,0,T,FORD,F15,PC,91,17,,2,1550,1390,COF,G,,,8,302,,,,B,3892,02,A,42,0,0,000000000,00000000000,0,0,0,1,0,0,0,0,0,0,0,55,0,1,5,12,13,6,2,1,0,0,0,1,48,77328,6,1,6,0,3,3,999,999,0,0,0,0,0,0,0,0,0,1,0,0,0,0,1,2,25,1,6,5,1,0,0,1,13,7,3,4,2,1,1
56,560080,1,2,2,3,9,12,30,12,1,1,0,56,2,7,482,7482,31,2005,3D7KS28C45G7,3,D,7,K,S,2,8,C,4,5,G,7,0,T,DODG,SQ2,CW,5,17,,2,1605,1405,RPC,D,,,6,359,,,,C,5886,12,E,44,0,0,000000000,00000000000,0,0,0,1,0,0,0,0,0,0,0,5,0,0,0,12,12,2,1,12,0,0,0,1,56,82839,6,1,0,0,3,3,64,122,0,0,0,0,0,0,0,0,0,0,0,0,0,0,1,2,65,1,6,2,1,0,0,11,15,1,1,1,72,0,0
56,560080,2,2,1,3,9,12,30,12,1,1,0,56,1,72,706,72706,80,2000,1HD1BMY1XYY0,1,H,D,1,B,M,Y,1,X,Y,Y,0,0,M,HD,FLF,RS,0,17,,,,,,,1450,,2,,4,666,,,,,,,0,0,000000000,00000000000,0,0,0,1,0,0,0,0,0,0,0,40,0,0,0,6,6,6,2,12,0,0,0,1,56,82801,6,1,0,0,3,0,61,190,1,0,0,0,1,3,2009,2,2011,0,35,0,0,0,1,2,65,1,6,2,1,0,0,6,10,1,1,2,73,1,0
56,560081,1,2,2,10,9,12,5,12,1,1,0,39,3,82,881,82881,66,2006,1FUJA6CK46LV,1,F,U,J,A,6,C,K,4,6,L,V,1,T,FRHT,COL,TR,6,17,,8,0,0,CON,D,,,6,855,,,,,00000,00,,64,1,57,1883309,571883309,3,6,1,1,0,0,0,0,0,0,0,70,0,0,0,12,12,4,1,12,0,0,0,1,53,98198,6,1,6,1,3,0,71,208,1,0,0,0,1,1,2010,12,2010,0,36,0,0,0,3,2,75,1,5,2,1,0,0,1,51,6,1,1,24,0,0
56,560081,2,2,4,10,9,12,5,12,1,1,0,6,1,30,441,30441,20,1971,2312085809,2,3,1,2,0,8,5,8,0,9,,,0,T,VOLK,KOC,SW,71,10,,1,0,945,KOM,G,,,4,096,,,,,,,,,0,0,000000000,00000000000,0,0,0,1,0,0,0,0,0,0,0,55,0,1,5,6,0,6,2,1,0,0,0,1,6,93546,6,1,99,9,9,9,999,999,99,99,99,99,99,99,9999,99,9999,0,0,0,0,0,3,2,75,1,5,2,1,0,0,1,18,1,1,1,25,1,0
56,560082,1,1,1,12,9,16,38,1,0,1,0,56,3,20,481,20481,31,2002,1GCHK23G42F1,1,G,C,H,K,2,3,G,4,2,F,1,0,T,CHEV,2KH,CW,2,17,,2,1670,1530,SIL,G,,,8,496,,,,C,5753,00,,44,0,0,000000000,00000000000,0,0,0,1,0,0,0,0,0,0,0,95,0,1,5,0,0,6,2,1,0,0,0,1,41,97224,6,1,99,9,9,9,999,999,99,99,99,99,99,99,9999,99,9999,1,58,0,0,0,6,1,75,2,5,2,1,0,0,14,13,6,4,4,7,1,1
56,560083,1,2,1,16,9,3,30,12,2,1,0,56,1,22,16,22016,4,2000,1G2JB5246Y74,1,G,2,J,B,5,2,4,6,Y,7,4,0,P,PONT,SFS,4D,0,17,2644,,0,1041,,G,,F,4,133,,,14R195,,,,,,0,0,000000000,00000000000,0,0,0,1,0,0,0,0,0,0,0,57,0,0,0,12,12,6,2,12,99,99,0,1,56,82604,6,1,0,0,3,3,68,300,1,0,0,1,1,2,2010,1,2011,0,35,8,0,0,1,2,65,1,1,2,2,0,0,6,10,1,1,2,50,1,0
56,560083,2,2,1,16,9,3,30,12,2,1,0,46,3,82,881,82881,66,2005,1FUJAPAV75DU,1,F,U,J,A,P,A,V,7,5,D,U,1,T,FRHT,FL3,TR,5,17,,8,0,0,CON,D,,,6,893,,,,,00000,00,,64,1,57,164608,57164608,3,6,1,1,0,0,0,0,0,0,0,57,0,0,0,12,12,6,2,12,0,0,0,1,46,57703,6,1,6,0,3,0,65,220,0,0,0,0,1,2,2010,2,2010,0,0,0,0,0,1,2,65,1,1,2,2,0,0,1,54,7,1,1,51,0,0