STATE,ST_CASE,VEH_NO,VE_FORMS,NUMOCCS,DAY,MONTH,HOUR,MINUTE,HARM_EV,MAN_COLL,UNITTYPE,HIT_RUN,REG_STAT,OWNER,MAKE,MODEL,MAK_MOD,BODY_TYP,MOD_YEAR,VIN,VIN_1,VIN_2,VIN_3,VIN_4,VIN_5,VIN_6,VIN_7,VIN_8,VIN_9,VIN_10,VIN_11,VIN_12,TOW_VEH,VINTYPE,VINMAKE,VINA_MOD,VIN_BT,VINMODYR,VIN_LNGT,VIN_WGT,WGTCD_TR,WHLBS_LG,WHLBS_SH,SER_TR,FUELCODE,MCYCL_DS,CARBUR,CYLINDER,DISPLACE,MCYCL_CY,MCYCL_WT,TIRE_SZE,TON_RAT,TRK_WT,TRKWTVAR,VIN_REST,WHLDRWHL,J_KNIFE,MCARR_I1,MCARR_I2,MCARR_ID,GVWR,V_CONFIG,CARGO_BT,HAZ_INV,HAZ_PLAC,HAZ_ID,HAZ_CNO,HAZ_REL,BUS_USE,SPEC_USE,EMER_USE,TRAV_SP,UNDERIDE,ROLLOVER,ROLINLOC,IMPACT1,IMPACT2,DEFORMED,TOWED,M_HARM,VEH_SC1,VEH_SC2,FIRE_EXP,DR_PRES,L_STATE,DR_ZIP,L_STATUS,L_TYPE,CDL_STAT,L_ENDORS,L_COMPL,L_RESTRI,DR_HGT,DR_WGT,PREV_ACC,PREV_SUS,PREV_DWI,PREV_SPD,PREV_OTH,FIRST_MO,FIRST_YR,LAST_MO,LAST_YR,SPEEDREL,DR_SF1,DR_SF2,DR_SF3,DR_SF4,VTRAFWAY,VNUM_LAN,VSPD_LIM,VALIGN,VPROFILE,VPAVETYP,VSURCOND,VTRAFCON,VTCONT_F,P_CRASH1,P_CRASH2,P_CRASH3,PCRASH4,PCRASH5,ACC_TYPE,DEATHS,DR_DRINK
6,60032,2,2,1,3,1,11,23,12,6,1,0,6,1,37,31,37031,2,2005,1HGEM22525L0,1,H,G,E,M,2,2,5,2,5,L,0,0,P,HOND,UCL,CP,5,17,2587,,0,1031,,G,,F,4,102,,,15R195,,,,,,0,0,000000000,00000000000,0,0,0,1,0,0,0,0,0,0,0,30,0,0,0,12,12,4,3,12,0,0,0,1,6,90621,6,1,0,0,3,3,63,96,0,0,0,0,0,0,0,0,0,0,0,0,0,0,1,2,30,1,1,1,2,0,0,1,64,1,1,1,73,0,0
6,60033,1,2,2,4,1,14,30,12,1,1,0,6,2,72,706,72706,80,2004,1HD1JAB384Y0,1,H,D,1,J,A,B,3,8,4,Y,0,0,M,HD,TBI,RS,4,17,,,,,,,1450,,2,,4,630,,,,,,,0,0,000000000,00000000000,0,0,0,1,0,0,0,0,0,0,0,998,0,0,0,12,12,6,2,12,0,0,0,1,6,95608,6,1,0,0,2,0,69,170,0,2,1,0,2,10,2008,9,2010,1,92,0,0,0,1,2,55,1,5,2,1,0,0,1,52,1,1,1,24,1,0
6,60033,2,2,1,4,1,14,30,12,1,1,0,6,3,85,881,85881,63,2004,2NKMLZ9X94M0,2,N,K,M,L,Z,9,X,9,4,M,0,0,T,KW,T30,CC,4,17,,8,2800,1450,CON,D,,,6,505,,,,,00000,00,,64,0,57,105548,57105548,3,2,3,1,0,0,0,0,0,0,0,998,0,0,0,6,6,2,1,12,0,0,0,1,6,95257,6,1,6,0,3,0,73,190,0,0,0,0,0,0,0,0,0,0,0,0,0,0,1,2,55,1,5,2,1,0,0,11,15,1,1,1,26,0,0
6,60034,1,1,1,4,1,15,0,1,0,1,0,6,1,72,706,72706,80,1998,1HD1FLR33WY6,1,H,D,1,F,L,R,3,3,W,Y,6,0,M,HD,CUS,RS,98,17,,,,,,,1340,,2,,4,777,,,,,,,0,0,000000000,00000000000,0,0,0,1,0,0,0,0,0,0,0,40,0,0,0,0,0,6,2,1,0,0,0,1,6,95403,6,1,0,0,3,0,70,200,0,0,0,0,0,0,0,0,0,0,48,0,0,0,1,2,55,2,1,2,1,0,0,14,13,1,1,4,1,1,0
6,60035,1,2,1,4,1,16,30,12,7,1,0,6,2,35,401,35401,14,2000,1N6ED27T0YC4,1,N,6,E,D,2,7,T,0,Y,C,4,0,T,NISS,XSC,CW,0,17,,1,0,1161,FRT,G,,,6,201,,,,,3620,01,U,42,0,0,000000000,00000000000,0,0,0,1,0,0,0,0,0,0,0,50,0,1,3,1,0,6,2,1,0,0,0,1,6,92394,6,1,0,0,3,0,65,185,1,0,0,0,0,4,2010,4,2010,0,48,0,0,0,3,4,65,1,1,8,1,0,0,98,11,1,1,2,46,1,0
6,60035,2,2,1,4,1,16,30,12,7,1,1,99,9,99,884,99884,66,9999,999999999999,9,9,9,9,9,9,9,9,9,9,9,9,1,,,,,,,,,,,,,,,,,,,,,,,,,1,99,999999999,99999999999,3,6,98,1,0,0,0,0,0,0,0,50,0,0,0,7,7,9,1,12,0,0,0,1,99,99999,9,9,99,9,9,9,999,999,99,99,99,99,99,99,9999,99,9999,0,0,0,0,0,3,4,65,1,1,8,1,0,0,1,60,1,1,1,45,0,0
6,60036,1,3,2,5,1,1,7,12,6,1,1,6,5,20,481,20481,31,1994,2GCEC19K4R11,2,G,C,E,C,1,9,K,4,R,1,1,0,T,CHEV,GC1,PC,94,17,,2,1555,1415,GM4,G,,,8,350,,,,B,4110,01,,42,0,0,000000000,00000000000,0,0,0,1,0,0,0,0,0,0,0,57,0,0,0,12,12,6,2,12,0,0,0,1,99,99999,9,9,99,9,9,9,999,999,99,99,99,99,99,99,9999,99,9999,1,39,0,0,0,2,2,40,1,1,2,2,3,3,1,67,1,1,1,83,0,0
6,60036,2,3,1,5,1,1,7,12,6,1,0,6,1,12,17,12017,4,1998,1FAFP52U0WG2,1,F,A,F,P,5,2,U,0,W,G,2,0,P,FORD,TLS,4D,98,17,3359,,0,1085,,G,,F,6,182,,,15R205,,,,,,0,0,000000000,00000000000,0,0,0,1,0,0,0,0,0,0,0,18,0,0,0,9,9,6,2,12,0,0,0,1,6,93722,6,1,0,0,3,3,70,240,0,0,0,0,0,0,0,0,0,0,0,0,0,0,6,1,65,1,1,2,2,3,3,11,15,1,1,1,82,1,0
6,60036,3,3,1,5,1,1,7,12,6,1,0,6,1,20,421,20421,15,2002,1GNEC13T62J2,1,G,N,E,C,1,3,T,6,2,J,2,0,P,CHEV,CTA,UT,2,17,4828,,0,1160,,G,,F,8,325,,,16R265,,,,,,0,0,000000000,00000000000,0,0,0,1,0,0,0,0,0,0,0,998,0,0,0,12,12,2,1,12,0,0,0,1,6,93711,6,1,0,0,3,0,75,230,0,0,0,0,0,0,0,0,0,0,0,0,0,0,6,1,65,1,1,2,2,3,3,10,16,1,1,1,98,0,0
6,60037,1,1,4,10,1,0,58,8,0,1,0,6,2,12,37,12037,4,2003,1FAFP33Z83W2,1,F,A,F,P,3,3,Z,8,3,W,2,0,P,FORD,FOX,4D,3,17,2564,,0,1030,,G,,F,4,140,,,14R185,,,,,,0,0,000000000,00000000000,0,0,0,1,0,0,0,0,0,0,0,60,0,0,0,12,12,4,3,8,0,0,0,1,6,96007,6,1,0,0,3,0,67,214,0,0,0,1,2,5,2009,9,2009,0,0,0,0,0,2,2,65,1,1,2,1,0,0,1,80,1,1,1,13,0,0
6,60038,1,1,4,10,1,2,7,59,0,1,0,6,2,37,32,37032,2,2000,1HGEJ8245YL0,1,H,G,E,J,8,2,4,5,Y,L,0,0,P,HOND,UAX,CP,0,17,2560,,0,1032,,G,,F,4,097,,,14R185,,,,,,0,0,000000000,00000000000,0,0,0,1,0,0,0,0,0,0,0,85,0,0,0,12,12,6,2,42,0,0,0,1,6,92113,0,0,0,0,0,0,64,130,0,0,0,0,0,0,0,0,0,1,92,0,0,0,6,2,65,1,1,2,1,0,0,1,13,1,1,4,1,1,1
6,60039,1,1,1,10,1,3,12,8,0,1,0,6,1,55,35,55035,4,2005,KMHDN46D65U9,K,M,H,D,N,4,6,D,6,5,U,9,0,P,HYUN,EST,4D,5,17,2635,,0,1027,,G,,F,4,121,,,15R195,,,,,,0,0,000000000,00000000000,0,0,0,1,0,0,0,0,0,0,0,65,0,0,0,12,12,4,1,8,0,0,0,1,6,91765,6,1,0,0,3,3,66,180,0,0,0,0,0,0,0,0,0,0,0,0,0,0,3,6,55,1,1,1,1,0,0,1,80,1,1,1,13,0,0
6,60040,1,2,1,10,1,5,10,12,2,1,0,6,1,63,402,63402,14,2004,KNDJD7338451,K,N,D,J,D,7,3,3,8,4,5,1,0,P,KIA,SOR,UT,4,17,4306,,0,1067,,G,,F,6,213,,,16R245,,,,,,0,0,000000000,00000000000,0,0,0,1,0,0,0,0,0,0,0,999,0,1,1,12,12,6,2,12,0,0,0,1,6,90262,6,1,0,0,3,0,67,186,1,0,0,0,0,7,2010,7,2010,1,0,0,0,0,1,2,35,1,1,2,1,0,0,1,6,1,2,2,50,1,1
6,60040,2,2,2,10,1,5,10,12,2,1,0,6,1,35,43,35043,2,2006,3N1CB51D26L5,3,N,1,C,B,5,1,D,2,6,L,5,0,P,NISS,S18,4D,6,17,2509,,0,998,,G,,F,4,108,,,15R195,,,,,,0,0,000000000,00000000000,0,0,0,1,0,0,0,0,0,0,0,35,0,0,0,12,12,6,2,12,0,0,0,1,6,90280,0,0,0,0,0,0,65,150,0,0,0,0,0,0,0,0,0,0,92,0,0,0,1,2,35,1,1,2,1,0,0,1,62,1,1,1,51,0,0
6,60041,1,1,1,10,1,9,45,8,0,1,0,6,1,37,32,37032,4,2003,1HGCM66353A0,1,H,G,C,M,6,6,3,5,3,A,0,0,P,HOND,ULX,4D,3,17,3053,,0,1079,,G,,F,6,183,,,15R205,,,,,,0,0,000000000,00000000000,0,0,0,1,0,0,0,0,0,0,0,998,0,0,0,12,12,4,3,8,0,0,0,1,6,90710,6,1,0,0,3,0,66,250,0,0,0,0,0,0,0,0,0,0,38,0,0,0,2,2,40,1,1,2,1,0,0,1,80,1,1,1,13,0,0
6,60042,1,1,1,1,1,99,99,59,0,1,0,6,2,35,471,35471,30,1997,1N6SD16S5VC3,1,N,6,S,D,1,6,S,5,V,C,3,0,T,NISS,KSX,PC,97,17,,1,0,1161,TRK,G,,,4,146,,,,B,2848,02,M,42,0,0,000000000,00000000000,0,0,0,1,0,0,0,0,0,0,0,65,0,1,5,61,98,6,2,1,0,0,0,1,6,92309,6,1,0,0,3,0,60,120,0,0,0,0,0,0,0,0,0,0,24,48,58,0,1,2,65,2,6,2,1,0,0,14,13,99,3,4,2,1,1
6,60043,1,1,3,2,1,3,18,21,0,1,0,6,1,20,481,20481,31,2004,1GCEC14T64Z3,1,G,C,E,C,1,4,T,6,4,Z,3,0,T,CHEV,SC1,PK,4,17,,2,1330,1190,SIL,G,,,8,325,,,,B,4142,00,,42,0,0,000000000,00000000000,0,0,0,1,0,0,0,0,0,0,0,998,0,0,0,9,9,6,2,21,0,0,0,1,6,93612,6,1,0,0,3,0,73,200,0,0,0,1,1,12,2008,8,2009,1,48,0,0,0,5,2,35,1,8,8,2,0,0,1,13,99,3,4,2,1,1
6,60044,1,1,2,2,1,16,35,38,0,1,0,6,1,20,9,20009,2,2001,2G1FP22KX121,2,G,1,F,P,2,2,K,X,1,2,1,0,P,CHEV,CAM,CP,1,17,3306,,0,1011,,G,,F,6,231,,,16R215,,,,,,0,0,000000000,00000000000,0,0,0,1,0,0,0,0,0,0,0,45,0,0,0,12,12,4,3,38,0,0,0,1,6,95453,6,1,0,0,3,0,72,255,0,0,0,0,0,0,0,0,0,0,48,0,0,0,1,2,35,1,1,8,1,0,0,1,12,99,1,4,6,1,1
6,60045,1,1,1,3,1,4,0,30,0,1,0,92,0,49,49,49049,6,2006,JTLKT3341640,J,T,L,K,T,3,3,4,1,6,4,0,0,P,TOYT,SXB,UT,6,17,2395,,0,984,,G,,F,4,092,,,15R185,,,,,,0,0,000000000,00000000000,0,0,0,1,0,0,0,0,0,0,0,998,0,0,0,12,9,6,2,30,0,0,0,1,6,90066,6,1,0,0,3,0,75,165,1,0,0,0,0,8,2009,8,2009,1,48,0,0,0,1,4,40,1,1,8,2,0,0,1,13,99,1,4,1,1,1
6,60046,1,1,1,5,1,2,25,52,0,1,0,99,9,20,481,20481,31,2007,1GCHC24U27E1,1,G,C,H,C,2,4,U,2,7,E,1,0,T,CHEV,2CH,PK,7,17,,2,0,1330,SIL,G,,,8,366,,,,C,5142,00,,42,0,0,000000000,00000000000,0,0,0,1,0,0,0,0,0,0,0,80,0,1,5,12,98,6,2,1,0,0,0,1,6,90745,6,1,0,0,3,0,67,160,0,0,0,0,1,9,2008,9,2008,0,48,0,0,0,6,2,65,1,8,8,1,0,0,1,12,1,1,4,6,1,1
6,60047,1,1,1,5,1,6,25,8,0,1,0,6,1,54,31,54031,3,1988,JH4DA3353JS0,J,H,4,D,A,3,3,5,3,J,S,0,0,P,ACUR,ILS,2H,88,17,2288,,0,965,,G,,F,4,097,,,14R195,,,,,,0,0,000000000,00000000000,0,0,0,1,0,0,0,0,0,0,0,28,0,0,0,12,12,2,1,8,0,0,0,1,6,94546,6,1,0,0,3,0,66,150,0,0,0,0,0,0,0,0,0,0,0,0,0,0,2,2,45,1,8,8,1,2,3,1,80,2,1,1,13,0,0
6,60048,1,1,2,1,1,1,7,8,0,1,0,6,1,12,3,12003,1,2000,1FAFP4443YF1,1,F,A,F,P,4,4,4,3,Y,F,1,0,P,FORD,MUS,CV,0,17,3208,,0,1013,,G,,F,6,232,,,15R205,,,,,,0,0,000000000,00000000000,0,0,0,1,0,0,0,0,0,0,0,998,0,0,0,12,12,2,3,8,0,0,0,1,6,91942,6,1,0,0,3,0,64,125,0,0,0,0,0,0,0,0,0,0,0,0,0,0,1,2,35,1,8,2,1,0,0,1,80,1,1,1,13,0,1
6,60049,1,1,1,6,1,17,45,9,0,1,1,6,1,18,7,18007,4,1998,2G4WS52M3W15,2,G,4,W,S,5,2,M,3,W,1,5,0,P,BUIC,CCU,4D,98,17,3255,,0,1090,,G,,F,6,191,,,15R205,,,,,,0,0,000000000,00000000000,0,0,0,1,0,0,0,0,0,0,0,45,0,0,0,12,12,4,3,9,0,0,0,1,6,95624,6,1,0,0,3,2,68,170,0,0,0,0,2,8,2009,8,2010,0,91,74,0,0,1,2,45,1,8,2,1,0,0,1,83,1,1,1,13,0,0
6,60050,1,2,4,8,1,11,47,12,2,1,0,6,2,20,431,20431,16,1995,3GNEC16K5SG1,3,G,N,E,C,1,6,K,5,S,G,1,0,P,CHEV,C15,UT,95,17,4691,,0,1175,,G,,F,8,350,,,15R235,,,,,,0,0,000000000,00000000000,0,0,0,1,0,0,0,0,0,0,0,998,0,0,0,12,12,6,2,12,0,0,0,1,6,91950,6,1,0,0,3,0,66,200,0,0,0,0,0,0,0,0,0,0,0,0,0,0,2,2,35,1,8,8,1,3,3,11,15,99,1,2,68,0,0
6,60050,2,2,1,8,1,11,47,12,2,1,0,6,1,63,31,63031,4,1996,KNAFA1256T52,K,N,A,F,A,1,2,5,6,T,5,2,0,P,KIA,RLG,4D,96,17,2476,,0,984,,G,,F,4,112,,,13R175,,,,,,0,0,000000000,00000000000,0,0,0,1,0,0,0,0,0,0,0,998,0,0,0,12,12,6,2,12,0,0,0,1,6,91910,6,1,0,0,3,0,64,150,0,0,0,0,0,0,0,0,0,0,39,0,0,0,2,2,35,1,8,8,1,3,3,1,66,1,1,1,69,1,0
6,60051,1,1,1,8,1,19,35,59,0,1,0,6,1,20,481,20481,31,2003,2GCEC19TX312,2,G,C,E,C,1,9,T,X,3,1,2,0,T,CHEV,SC1,4C,3,17,,2,1575,1435,SIL,G,,,8,325,,,,B,4534,03,,42,0,0,000000000,00000000000,0,0,0,1,0,0,0,0,0,0,0,55,0,0,0,98,12,6,2,17,0,0,0,1,6,92570,3,1,3,0,2,0,67,180,0,0,0,0,0,0,0,0,0,0,92,48,0,0,1,2,50,1,8,2,1,0,0,1,13,1,1,4,1,1,1
6,60052,1,1,1,8,1,20,10,8,0,1,1,99,9,99,999,99999,99,9999,999999999999,9,9,9,9,9,9,9,9,9,9,9,9,0,,,,,,,,,,,,,,,,,,,,,,,,,0,0,000000000,00000000000,0,0,0,1,0,0,0,0,0,0,0,999,0,0,0,12,12,9,1,8,0,0,0,1,99,99999,9,9,99,9,9,9,999,999,99,99,99,99,99,99,9999,99,9999,0,0,0,0,0,5,4,35,1,8,8,1,0,0,1,80,99,1,1,13,0,0
6,60053,1,1,1,9,1,0,12,8,0,1,0,6,2,42,36,42036,4,1986,WDBCB25D4GA2,W,D,B,C,B,2,5,D,4,G,A,2,0,P,MERZ,SDL,4D,86,17,3680,,0,1211,,D,,T,6,183,,,15R205,,,,,,0,0,000000000,00000000000,0,0,0,1,0,0,0,0,0,0,0,998,0,0,0,12,12,4,3,8,0,0,0,1,6,90044,1,1,0,0,2,3,69,230,0,0,0,0,0,0,0,0,0,0,92,0,0,0,1,4,35,1,8,8,1,0,0,1,80,99,1,1,13,0,0
6,60054,1,4,1,9,1,4,8,12,1,1,0,6,1,20,16,20016,2,1999,3G1JF12T3XS8,3,G,1,J,F,1,2,T,3,X,S,8,0,P,CHEV,CZ2,CP,99,17,2596,,0,1041,,G,,F,4,146,,,16R205,,,,,,0,0,000000000,00000000000,0,0,0,1,0,0,0,0,0,0,0,80,0,0,0,12,12,6,2,12,0,0,0,1,6,91780,6,1,0,0,3,0,68,104,0,0,0,0,0,0,0,0,0,1,0,0,0,0,3,4,65,1,1,1,1,0,0,1,50,1,1,2,20,0,1
6,60054,2,4,4,9,1,4,8,12,1,1,0,6,1,37,31,37031,4,2007,1HGFA16887L0,1,H,G,F,A,1,6,8,8,7,L,0,0,P,HOND,UAX,4D,7,17,2807,,0,1063,,G,,F,4,110,,,16R205,,,,,,0,0,000000000,00000000000,0,0,0,1,0,0,0,0,0,0,0,0,0,0,0,6,6,6,2,12,0,0,0,1,6,92562,6,1,0,0,3,0,63,105,0,0,0,0,0,0,0,0,0,0,0,0,0,0,3,4,65,1,1,1,1,0,0,5,53,1,1,1,21,2,0
6,60054,3,4,4,9,1,4,8,12,1,1,0,6,1,49,40,49040,4,2006,4T1BA32K56U5,4,T,1,B,A,3,2,K,5,6,U,5,0,P,TOYT,CSE,4D,6,17,3164,,0,1071,,G,,F,6,201,,,15R205,,,,,,0,0,000000000,00000000000,0,0,0,1,0,0,0,0,0,0,0,0,0,0,0,6,6,6,2,12,0,0,0,1,6,91770,6,1,0,0,3,0,63,103,1,0,0,0,1,3,2010,6,2010,0,0,0,0,0,3,4,65,1,1,1,1,0,0,5,53,1,1,2,98,0,0
6,60054,4,4,3,9,1,4,8,12,1,1,0,6,3,20,461,20461,21,2007,1GBHG3966712,1,G,B,H,G,3,9,6,6,7,1,2,0,T,CHEV,E/6,EC,7,17,,2,0,1550,E/X,D,,,8,403,,,,D,5642,00,,42,0,0,000000000,00000000000,0,0,0,1,0,0,0,0,0,6,0,0,0,0,0,9,9,2,1,12,0,0,0,1,6,91767,6,1,0,0,3,0,69,175,0,0,0,0,0,0,0,0,0,0,0,0,0,0,3,4,65,1,1,1,1,0,0,5,60,1,1,1,98,0,0
6,60055,1,2,1,9,1,10,0,12,6,1,0,6,1,37,32,37032,4,2006,1HGCM56796A1,1,H,G,C,M,5,6,7,9,6,A,1,0,P,HOND,UEX,4D,6,17,3142,,0,1079,,G,,F,4,146,,,16R205,,,,,,0,0,000000000,00000000000,0,0,0,1,0,0,0,0,0,0,0,998,0,0,0,12,12,6,2,12,0,0,0,1,6,90272,6,1,0,0,3,3,65,140,0,0,0,0,0,0,0,0,0,0,39,0,0,0,1,2,30,1,8,8,1,2,3,1,17,1,1,1,88,0,0
6,60055,2,2,1,9,1,10,0,12,6,1,0,6,1,59,36,59036,1,2002,JTHFN48Y3200,J,T,H,F,N,4,8,Y,3,2,0,0,0,P,LEXS,S43,CV,2,17,3840,,0,1031,,G,,F,8,262,,,18R245,,,,,,0,0,000000000,00000000000,0,0,0,1,0,0,0,0,0,0,0,998,0,0,0,61,61,6,2,12,0,0,0,1,6,90025,6,1,0,0,3,3,64,102,0,0,0,0,0,0,0,0,0,0,0,0,0,0,1,6,35,1,8,8,1,2,3,1,66,1,1,2,89,1,0
6,60056,1,1,2,9,1,99,99,1,0,1,0,6,1,37,31,37031,4,2001,2HGES16591H6,2,H,G,E,S,1,6,5,9,1,H,6,0,P,HOND,UCL,4D,1,17,2515,,0,1031,,G,,F,4,102,,,14R185,,,,,,0,0,000000000,00000000000,0,0,0,1,0,0,0,0,0,0,0,998,0,2,6,0,0,6,2,1,0,0,0,1,6,92282,6,1,0,0,3,0,69,150,1,0,0,1,0,1,2010,9,2010,1,48,0,0,0,2,2,65,2,8,1,1,0,0,14,13,99,3,4,2,2,1
6,60057,1,1,4,16,1,0,15,33,0,1,0,6,1,24,9,24009,4,2007,1G8ZV57747F2,1,G,8,Z,V,5,7,7,4,7,F,2,0,P,STRN,AXR,4D,7,17,3647,,0,1123,,G,,F,6,220,,,18R225,,,,,,0,0,000000000,00000000000,0,0,0,1,0,0,0,0,0,0,0,998,0,1,3,14,4,6,2,42,0,0,0,1,6,90602,6,1,0,0,3,3,73,195,0,2,1,0,0,11,2009,3,2010,1,91,0,0,0,2,2,35,2,8,8,1,0,0,14,6,99,1,4,6,1,1
6,60058,1,1,1,10,1,16,3,43,0,1,0,6,1,48,34,48034,6,2002,4S3BH8065276,4,S,3,B,H,8,0,6,5,2,7,6,0,P,SUBA,ULB,SW,2,17,3715,,0,1043,,G,,F,6,183,,,16R225,,,,,,0,0,000000000,00000000000,0,0,0,1,0,0,0,0,0,0,0,45,0,1,6,98,98,6,2,1,32,0,0,1,6,96028,6,1,0,0,3,0,75,209,0,0,0,0,0,0,0,0,0,0,58,48,0,0,1,2,55,3,6,2,1,0,0,14,13,6,1,4,1,1,0
6,60059,1,1,2,10,1,16,11,33,0,1,0,6,1,42,42,42042,4,2003,WDBRF61J73F3,W,D,B,R,F,6,1,J,7,3,F,3,0,P,MERZ,C24,4D,3,17,3210,,0,1068,,F,,F,6,158,,,16R205,,,,,,0,0,000000000,00000000000,0,0,0,1,0,0,0,0,0,0,0,998,0,0,0,14,82,6,2,42,0,0,0,1,6,92505,6,1,0,0,3,3,72,175,0,0,0,0,0,0,0,0,0,0,48,0,0,0,2,2,99,1,1,2,1,0,0,1,13,1,1,4,1,1,0
6,60060,1,1,1,10,1,17,52,9,0,1,0,6,1,20,461,20461,21,2007,1GAHG39U4711,1,G,A,H,G,3,9,U,4,7,1,1,0,T,CHEV,E35,ES,7,17,,2,0,1550,EXP,G,,,8,366,,,,D,6330,00,,42,0,0,000000000,00000000000,0,0,0,1,0,0,0,0,0,0,0,998,0,0,0,12,12,2,3,9,0,0,0,1,6,93905,6,1,0,0,3,0,59,148,0,0,0,0,0,0,0,0,0,0,0,0,0,0,5,4,35,1,1,1,1,0,0,1,83,1,1,1,13,0,0
6,60061,1,2,1,10,1,19,55,12,2,1,0,6,3,82,881,82881,66,1997,1FUYSDYB8VP6,1,F,U,Y,S,D,Y,B,8,V,P,6,1,T,FRHT,FC2,TR,97,17,,8,0,0,CON,D,,,6,855,,,,,00000,00,,64,1,6,360334,06360334,3,6,3,1,0,0,0,0,0,0,0,13,0,0,0,12,12,2,3,12,0,0,0,1,6,90805,6,1,6,0,2,2,70,160,2,4,0,2,0,8,2008,6,2010,0,74,0,0,0,1,4,40,1,5,2,1,3,3,11,15,3,1,1,68,0,0
6,60061,2,2,1,10,1,19,55,12,2,1,0,6,1,49,35,49035,4,1990,JT2MX83EXL00,J,T,2,M,X,8,3,E,X,L,0,0,0,P,TOYT,CRL,4D,90,17,3417,,0,1045,,G,,F,6,180,,,15R195,,,,,,0,0,000000000,00000000000,0,0,0,1,0,0,0,0,0,0,0,999,0,0,0,12,12,6,2,12,0,0,0,1,6,90601,6,1,0,0,3,3,72,225,0,0,0,0,1,11,2008,11,2008,0,99,99,99,99,1,4,40,1,5,2,1,3,3,1,17,1,1,1,69,1,0
6,60062,1,2,1,10,1,22,2,12,6,1,0,6,2,49,471,49471,30,1988,JT4RN64P8J00,J,T,4,R,N,6,4,P,8,J,0,0,0,T,TOYT,64D,PK,88,17,,1,0,1126,44P,G,,,4,144,,,,B,3183,01,A,44,0,0,000000000,00000000000,0,0,0,1,0,0,0,0,0,0,0,998,0,0,0,12,12,6,2,12,0,0,0,1,6,90602,6,1,0,0,3,0,72,150,1,0,0,2,2,12,2008,10,2010,1,91,39,0,0,1,2,30,1,1,2,1,3,3,1,17,1,1,1,86,0,1
6,60062,2,2,1,10,1,22,2,12,6,1,0,6,1,49,40,49040,4,2007,4T1BE46K47U0,4,T,1,B,E,4,6,K,4,7,U,0,0,P,TOYT,CMB,4D,7,17,3108,,0,1093,,G,,F,4,146,,,15R205,,,,,,0,0,000000000,00000000000,0,0,0,1,0,0,0,0,0,0,0,40,0,0,0,1,1,6,2,12,0,0,0,1,6,90604,6,1,0,0,3,3,64,195,0,0,0,0,0,0,0,0,0,0,0,0,0,0,1,4,40,1,1,2,1,3,3,1,66,1,1,1,87,1,0
6,60063,1,2,1,12,1,14,21,12,7,1,1,6,2,37,471,37471,30,2006,2HJYK16276H5,2,H,J,Y,K,1,6,2,7,6,H,5,0,T,HOND,RRT,PK,6,17,,2,0,1220,RID,G,,,6,214,,,,,4503,00,S,44,0,0,000000000,00000000000,0,0,0,1,0,0,0,0,0,0,0,998,0,0,0,61,61,2,1,12,0,0,0,1,6,94085,6,1,0,0,3,3,67,135,0,0,0,0,0,0,0,0,0,0,27,0,0,0,2,2,98,1,1,2,1,0,0,15,10,1,1,2,47,0,0
6,60063,2,2,1,12,1,14,21,12,7,1,0,6,1,34,706,34706,80,1995,WB1057201S01,W,B,1,0,5,7,2,0,1,S,0,1,0,M,BMW,K7S,RS,95,17,,,,,,,750,,3,,4,491,,,,,,,0,0,000000000,00000000000,0,0,0,1,0,0,0,0,0,0,0,998,0,0,0,81,81,2,3,12,0,0,0,1,6,94086,6,1,0,0,3,0,71,175,0,0,0,0,1,4,2009,4,2009,0,0,0,0,0,2,2,98,1,1,2,1,0,0,1,61,1,1,1,45,1,0
6,60064,1,1,1,13,1,16,15,8,0,1,0,6,1,49,46,49046,5,2009,JTDKB20U2934,J,T,D,K,B,2,0,U,2,9,3,4,0,P,TOYT,PRI,4H,9,17,2932,,0,1063,,B,,F,4,091,,,15R185,,,,,,0,0,000000000,00000000000,0,0,0,1,0,0,0,0,0,0,0,998,0,0,0,12,12,2,1,8,36,0,0,1,6,92604,6,1,0,0,3,0,63,150,0,0,0,0,1,2,2009,2,2009,0,38,0,0,0,1,4,35,1,1,1,1,2,3,11,80,1,1,1,13,0,0
6,60065,1,2,1,13,1,18,48,12,6,1,0,6,2,72,706,72706,80,2008,1HD1FR4378Y6,1,H,D,1,F,R,4,3,7,8,Y,6,0,M,HD,FKC,RS,8,17,,,,,,,1584,,2,,4,775,,,,,,,0,0,000000000,00000000000,0,0,0,1,0,0,0,0,0,0,0,56,0,0,0,12,12,6,2,12,0,0,0,1,6,92404,6,1,6,0,3,1,72,250,0,0,0,0,0,0,0,0,0,1,0,0,0,0,5,4,40,1,1,2,1,0,0,1,67,3,1,1,83,1,0
6,60065,2,2,2,13,1,18,48,12,6,1,0,6,1,20,481,20481,31,2005,2GCEC13T3511,2,G,C,E,C,1,3,T,3,5,1,1,0,T,CHEV,SC1,CW,5,17,,2,0,1435,SIL,G,,,8,323,,,,B,4986,00,,42,0,0,000000000,00000000000,0,0,0,1,0,0,0,0,0,0,0,998,0,0,0,8,8,4,3,12,32,0,0,1,6,92407,6,1,0,0,3,1,70,220,1,0,0,0,0,2,2010,2,2010,0,38,0,0,0,1,2,40,1,1,2,1,20,3,11,15,1,1,1,82,0,0
6,60066,1,1,1,13,1,99,99,8,0,1,1,99,9,99,999,99999,99,9999,999999999999,9,9,9,9,9,9,9,9,9,9,9,9,0,,,,,,,,,,,,,,,,,,,,,,,,,0,0,000000000,00000000000,0,0,0,1,0,0,0,0,0,0,0,999,0,0,0,12,12,9,1,8,0,0,0,1,99,99999,9,9,99,9,9,9,999,999,99,99,99,99,99,99,9999,99,9999,0,0,0,0,0,2,2,45,1,1,2,1,0,0,1,80,1,1,1,13,0,0