STATE,ST_CASE,VEH_NO,VE_FORMS,NUMOCCS,DAY,MONTH,HOUR,MINUTE,HARM_EV,MAN_COLL,UNITTYPE,HIT_RUN,REG_STAT,OWNER,MAKE,MODEL,MAK_MOD,BODY_TYP,MOD_YEAR,VIN,VIN_1,VIN_2,VIN_3,VIN_4,VIN_5,VIN_6,VIN_7,VIN_8,VIN_9,VIN_10,VIN_11,VIN_12,TOW_VEH,VINTYPE,VINMAKE,VINA_MOD,VIN_BT,VINMODYR,VIN_LNGT,VIN_WGT,WGTCD_TR,WHLBS_LG,WHLBS_SH,SER_TR,FUELCODE,MCYCL_DS,CARBUR,CYLINDER,DISPLACE,MCYCL_CY,MCYCL_WT,TIRE_SZE,TON_RAT,TRK_WT,TRKWTVAR,VIN_REST,WHLDRWHL,J_KNIFE,MCARR_I1,MCARR_I2,MCARR_ID,GVWR,V_CONFIG,CARGO_BT,HAZ_INV,HAZ_PLAC,HAZ_ID,HAZ_CNO,HAZ_REL,BUS_USE,SPEC_USE,EMER_USE,TRAV_SP,UNDERIDE,ROLLOVER,ROLINLOC,IMPACT1,IMPACT2,DEFORMED,TOWED,M_HARM,VEH_SC1,VEH_SC2,FIRE_EXP,DR_PRES,L_STATE,DR_ZIP,L_STATUS,L_TYPE,CDL_STAT,L_ENDORS,L_COMPL,L_RESTRI,DR_HGT,DR_WGT,PREV_ACC,PREV_SUS,PREV_DWI,PREV_SPD,PREV_OTH,FIRST_MO,FIRST_YR,LAST_MO,LAST_YR,SPEEDREL,DR_SF1,DR_SF2,DR_SF3,DR_SF4,VTRAFWAY,VNUM_LAN,VSPD_LIM,VALIGN,VPROFILE,VPAVETYP,VSURCOND,VTRAFCON,VTCONT_F,P_CRASH1,P_CRASH2,P_CRASH3,PCRASH4,PCRASH5,ACC_TYPE,DEATHS,DR_DRINK
6,60195,1,1,1,5,2,99,99,1,0,1,0,6,1,37,401,37401,14,1997,4S6CM58V4V44,4,S,6,C,M,5,8,V,4,V,4,4,0,P,HOND,PAS,UT,97,17,3990,,0,1085,,G,,F,6,193,,,16R225,,,,,,0,0,000000000,00000000000,0,0,0,1,0,0,0,0,0,0,0,999,0,1,5,0,13,6,2,35,0,0,0,1,6,93010,0,0,0,0,0,0,66,175,0,0,0,0,0,0,0,0,0,0,92,48,0,0,1,2,55,1,1,2,1,0,0,1,12,7,3,4,7,1,1
6,60196,1,1,2,6,2,3,0,1,0,1,0,6,2,37,401,37401,14,2001,4S6CK58W1144,4,S,6,C,K,5,8,W,1,1,4,4,0,P,HOND,PAS,UT,1,17,3782,,0,1064,,G,,F,6,193,,,16R225,,,,,,0,0,000000000,00000000000,0,0,0,1,0,0,0,0,0,0,0,999,0,1,5,0,0,6,2,1,0,0,0,1,6,90706,1,1,0,0,2,0,69,170,0,0,0,0,0,0,0,0,0,0,92,48,0,0,3,5,65,1,1,1,1,0,0,1,13,1,1,4,1,2,0
6,60197,1,2,1,6,2,9,45,12,6,1,0,6,1,2,403,2403,14,2000,1J4FA49S2YP7,1,J,4,F,A,4,9,S,2,Y,P,7,0,T,JEEP,SPW,2W,0,17,,1,0,934,W/T,G,,,6,244,,,,,3195,00,U,44,0,0,000000000,00000000000,0,0,0,1,0,0,0,0,0,0,0,998,0,0,0,1,1,6,2,12,0,0,0,1,6,91335,6,1,0,0,3,0,72,210,0,0,0,0,1,9,2009,9,2009,0,38,0,0,0,2,3,35,1,1,2,1,2,3,11,15,1,1,1,68,1,0
6,60197,2,2,2,6,2,9,45,12,6,1,0,6,2,13,421,13421,15,2007,5LMFU27597LJ,5,L,M,F,U,2,7,5,9,7,L,J,0,P,LINC,NAV,UT,7,17,5872,,0,1190,,G,,F,8,329,,,18R255,,,,,,0,0,000000000,00000000000,0,0,0,1,0,0,0,0,0,0,0,998,0,0,0,12,12,6,2,12,0,0,0,1,6,91406,6,1,0,0,3,0,64,125,0,0,0,0,0,0,0,0,0,0,0,0,0,0,2,3,35,1,1,2,1,2,3,1,66,1,1,1,69,0,0
6,60198,1,1,1,6,2,14,38,9,0,1,0,6,1,12,481,12481,31,2006,1FTPW12556KD,1,F,T,P,W,1,2,5,5,6,K,D,0,T,FORD,F1S,CW,6,17,,2,0,1390,COF,G,,,8,329,,,,B,5176,01,E,42,0,0,000000000,00000000000,0,0,0,1,0,0,0,0,0,0,0,998,0,0,0,6,6,2,3,9,0,0,0,1,6,93277,6,1,0,0,3,3,71,200,0,0,0,1,1,5,2009,12,2010,0,31,0,0,0,1,2,25,1,1,2,1,0,0,13,80,1,1,1,92,0,0
6,60199,1,2,2,6,2,15,10,12,1,1,0,6,1,6,442,6442,20,2002,1C4GJ25B92B5,1,C,4,G,J,2,5,B,9,2,B,5,0,P,CHRY,VOV,SV,2,17,3766,,0,1133,,G,,F,4,148,,,16R215,,,,,,0,0,000000000,00000000000,0,0,0,1,0,0,0,0,0,0,0,55,0,0,0,6,6,2,1,12,0,0,0,1,6,94502,6,1,0,0,3,0,58,110,0,0,0,0,0,0,0,0,0,0,0,0,0,0,3,3,55,1,1,1,1,0,0,15,53,3,1,2,25,0,0
6,60199,2,2,2,6,2,15,10,12,1,1,0,6,1,72,706,72706,80,2007,1HD1FR43X7Y6,1,H,D,1,F,R,4,3,X,7,Y,6,0,M,HD,FCI,RS,7,17,,,,,,,1584,,2,,4,732,,,,,,,0,0,000000000,00000000000,0,0,0,1,0,0,0,0,0,0,0,70,0,0,0,12,12,4,3,12,0,0,0,1,6,94585,6,1,0,0,3,0,71,235,1,0,0,1,0,9,2009,3,2010,1,0,0,0,0,3,3,55,1,1,1,1,0,0,15,51,3,2,2,24,1,1
6,60200,1,1,2,6,2,16,45,42,0,1,0,6,4,35,50,35050,5,2010,3N1BC1CP5AL4,3,N,1,B,C,1,C,P,5,A,L,4,0,P,NISS,VSL,4H,10,17,2693,,0,1024,,G,,F,4,110,,,15R185,,,,,,0,0,000000000,00000000000,0,0,0,1,0,0,0,0,0,0,0,55,0,0,0,63,63,6,2,42,0,0,0,1,97,95035,9,9,99,9,9,9,67,180,99,99,99,99,99,99,9999,99,9999,1,92,48,0,0,1,2,45,1,1,2,1,0,0,1,13,6,3,4,2,1,0
6,60201,1,1,1,8,2,7,4,8,0,1,0,6,2,37,31,37031,4,1997,2HGEJ6624VH5,2,H,G,E,J,6,6,2,4,V,H,5,0,P,HOND,UCD,4D,97,17,2307,,0,1032,,G,,F,4,097,,,14R185,,,,,,0,0,000000000,00000000000,0,0,0,1,0,0,0,0,0,0,0,998,0,0,0,12,12,2,3,8,0,0,0,1,6,92324,6,1,0,0,3,0,67,180,0,0,0,0,0,0,0,0,0,0,0,0,0,0,2,2,35,1,1,2,1,0,0,1,80,1,1,1,13,0,0
6,60202,1,1,1,8,2,10,43,1,0,1,0,6,1,72,706,72706,80,2007,1HD1FR4327Y6,1,H,D,1,F,R,4,3,2,7,Y,6,0,M,HD,FCI,RS,7,17,,,,,,,1584,,2,,4,732,,,,,,,0,0,000000000,00000000000,0,0,0,1,0,0,0,0,0,0,0,55,0,0,0,0,0,4,3,1,0,0,0,1,6,95650,6,1,0,0,3,3,76,200,3,0,0,0,0,2,2010,5,2010,0,48,0,0,0,1,2,55,3,1,2,1,0,0,14,13,1,1,4,1,1,0
6,60203,1,2,2,8,2,13,16,12,1,1,0,6,1,63,34,63034,4,2004,KNAGD1263453,K,N,A,G,D,1,2,6,3,4,5,3,0,P,KIA,OLE,4D,4,17,3281,,0,1063,,G,,F,4,144,,,15R205,,,,,,0,0,000000000,00000000000,0,0,0,1,0,0,0,0,0,0,0,998,0,0,0,12,12,4,3,12,0,0,0,1,6,93308,6,1,0,0,3,0,67,194,0,0,0,0,0,0,0,0,0,1,91,0,0,0,2,3,40,1,1,2,1,0,0,1,50,1,1,1,20,1,1
6,60203,2,2,1,8,2,13,16,12,1,1,0,6,3,87,881,87881,66,1990,1XP5LB9X9LN2,1,X,P,5,L,B,9,X,9,L,N,2,2,T,PTRB,379,CC,90,17,,8,0,0,CON,D,,,6,893,,,,,00000,00,,64,1,6,358149,06358149,3,7,2,1,0,0,0,0,0,0,0,0,0,0,0,6,6,2,1,12,0,0,0,1,6,91766,6,1,6,1,3,0,74,220,0,0,0,0,2,9,2009,1,2010,0,0,0,0,0,2,3,40,1,1,2,1,0,0,5,53,1,1,1,21,0,0
6,60204,1,2,1,8,2,20,5,8,0,1,0,6,1,7,442,7442,20,1992,1B4GH44R7NX2,1,B,4,G,H,4,4,R,7,N,X,2,0,T,DODG,GCS,ES,92,17,,1,0,1190,CAR,G,,,6,201,,,,,3499,01,M,42,0,0,000000000,00000000000,0,0,0,1,0,0,0,0,0,0,0,45,0,0,0,12,12,4,3,8,0,0,0,1,6,91364,6,1,0,0,3,0,70,170,0,0,0,0,0,0,0,0,0,0,0,0,0,0,1,2,55,1,1,2,1,0,0,1,80,1,1,1,13,0,0
6,60204,2,2,1,8,2,20,5,8,0,1,0,6,1,49,471,49471,30,1993,4TARN01P5PZ0,4,T,A,R,N,0,1,P,5,P,Z,0,0,T,TOYT,SDX,PK,93,17,,1,0,1029,HTP,G,,,4,144,,,,B,3335,00,A,44,0,0,000000000,00000000000,0,0,0,1,0,0,0,0,0,0,0,53,0,0,0,14,14,0,1,18,0,0,0,1,6,93004,6,1,0,0,3,0,72,175,0,0,0,0,0,0,0,0,0,0,0,0,0,0,1,2,55,1,1,2,1,0,0,1,90,1,1,1,98,0,0
6,60205,1,1,1,9,2,1,55,59,0,1,0,6,0,20,16,20016,2,1997,1G1JC1243VM1,1,G,1,J,C,1,2,4,3,V,M,1,0,P,CHEV,C/S,CP,97,17,2584,,0,1041,,G,,F,4,133,,,14R195,,,,,,0,0,000000000,00000000000,0,0,0,1,0,0,0,0,0,0,0,999,0,1,4,12,0,6,2,1,0,0,0,1,6,95219,1,1,0,0,2,0,68,160,0,3,0,0,1,11,2009,5,2010,0,92,48,0,0,3,2,65,1,1,1,1,0,0,1,13,1,1,4,1,1,1
6,60206,1,1,1,1,2,14,8,15,0,1,0,6,1,49,403,49403,14,2007,JTEDP21A2701,J,T,E,D,P,2,1,A,2,7,0,1,0,P,TOYT,HIG,UT,7,17,3704,,0,1069,,G,,F,6,201,,,16R225,,,,,,0,0,000000000,00000000000,0,0,0,1,0,0,0,0,0,0,0,35,0,0,0,12,12,2,3,15,0,0,0,1,6,93015,6,1,0,0,3,1,62,144,1,0,0,0,0,6,2010,6,2010,0,38,0,0,0,1,4,35,1,1,2,1,2,3,11,80,1,1,1,13,0,0
6,60207,1,1,1,1,2,18,46,8,0,1,0,6,2,12,881,12881,61,1999,1FDAF56F5XED,1,F,D,A,F,5,6,F,5,X,E,D,1,T,FORD,F5D,CB,99,17,,5,2010,1410,DRW,D,,,8,444,,,,,00000,00,E,42,1,6,405383,06405383,3,4,98,1,0,0,0,0,0,0,0,33,0,0,0,10,10,2,1,8,0,0,0,1,6,95361,1,1,0,0,2,0,66,178,0,1,0,2,0,12,2009,9,2010,0,92,57,0,0,1,2,35,1,8,1,1,0,0,1,80,9,1,1,13,0,0
6,60208,1,1,1,6,2,19,24,30,0,1,0,6,1,49,403,49403,14,2003,JTEHF21A4301,J,T,E,H,F,2,1,A,4,3,0,1,0,P,TOYT,HIG,UT,3,17,3880,,0,1069,,G,,F,6,183,,,16R225,,,,,,0,0,000000000,00000000000,0,0,0,1,0,0,0,0,0,0,0,999,0,0,0,98,12,6,2,42,0,0,0,1,6,94558,6,1,0,0,3,3,75,200,0,0,0,0,0,0,0,0,0,0,48,0,0,0,2,2,60,1,1,1,1,0,0,1,13,1,1,4,5,1,0
6,60209,1,1,1,6,2,21,5,42,0,1,0,99,9,54,40,54040,5,2010,2HNYB1H49AH5,2,H,N,Y,B,1,H,4,9,A,H,5,0,P,ACUR,ZDX,UT,10,17,4419,,0,1083,,G,,F,6,226,,,19R255,,,,,,0,0,000000000,00000000000,0,0,0,1,0,0,0,0,0,0,0,999,0,0,0,12,12,6,2,42,0,0,1,1,32,89112,6,1,0,0,3,0,70,225,0,0,0,0,0,0,0,0,0,0,48,0,0,0,1,2,35,1,8,8,1,0,0,1,13,99,1,4,1,1,1
6,60210,1,1,2,7,2,0,1,10,0,1,0,6,0,7,21,7021,6,2007,2D4FV47V07H6,2,D,4,F,V,4,7,V,0,7,H,6,0,P,DODG,MGN,UT,7,17,3795,,0,1200,,G,,F,6,214,,,17R215,,,,,,0,0,000000000,00000000000,0,0,0,1,0,0,0,0,0,0,0,85,0,0,0,12,12,6,2,10,0,0,0,1,6,92236,6,1,0,0,3,0,62,165,0,1,0,0,0,12,2008,12,2008,1,39,0,0,0,2,2,50,1,8,1,1,65,3,1,90,1,1,1,15,2,0
6,60211,1,1,1,7,2,18,0,8,0,1,0,32,2,12,401,12401,14,2000,1FMZU74E5YZA,1,F,M,Z,U,7,4,E,5,Y,Z,A,0,P,FORD,EPR,UT,0,17,4170,,0,1116,,G,,F,6,245,,,16R255,,,,,,0,0,000000000,00000000000,0,0,0,1,0,0,0,0,0,0,0,998,0,0,0,12,12,2,1,8,0,0,0,1,6,90002,6,1,0,0,3,0,68,200,0,0,0,0,1,1,2009,1,2009,0,0,0,0,0,1,4,35,1,8,8,1,0,0,1,80,1,1,1,13,0,0
6,60212,1,1,1,7,2,21,41,1,0,1,0,6,1,37,705,37705,80,2004,JH2PC37184M1,J,H,2,P,C,3,7,1,8,4,M,1,0,M,HOND,B60,RC,4,17,,,,,,,599,,4,,4,999,,,,,,,0,0,000000000,00000000000,0,0,0,1,0,0,0,0,0,0,0,83,0,0,0,0,14,6,2,33,0,0,0,1,6,93312,6,1,0,0,2,0,71,185,0,0,0,0,0,0,0,0,0,1,92,29,0,0,5,3,55,1,1,2,1,0,0,6,6,3,2,2,98,1,1
6,60213,1,1,2,7,2,22,40,35,0,1,0,6,1,12,3,12003,1,2003,1FAFP45X63F3,1,F,A,F,P,4,5,X,6,3,F,3,0,P,FORD,MGT,CV,3,17,3254,,0,1013,,G,,F,8,281,,,17R245,,,,,,0,0,000000000,00000000000,0,0,0,1,0,0,0,0,0,0,0,90,0,1,5,98,98,6,2,35,0,0,0,1,6,92277,6,1,0,0,3,0,69,170,0,0,0,1,1,5,2009,9,2009,1,48,0,0,0,1,2,55,1,8,2,1,0,0,1,6,3,2,4,7,1,1
6,60214,1,1,1,8,2,5,40,38,0,1,0,6,1,12,13,12013,4,1991,2FAPP36X8MB2,2,F,A,P,P,3,6,X,8,M,B,2,0,P,FORD,TGL,4D,91,17,2587,,0,999,,G,,F,4,140,,,14R185,,,,,,0,0,000000000,00000000000,0,0,0,1,0,0,0,0,0,0,0,45,0,1,6,12,12,6,2,42,0,0,0,1,6,95684,6,1,0,0,3,0,72,225,0,0,0,0,0,0,0,0,0,0,0,0,0,0,1,2,45,2,1,2,1,0,0,14,12,1,1,4,6,1,0
6,60215,1,1,1,11,2,14,0,8,0,1,1,99,9,99,999,99999,99,9999,999999999999,9,9,9,9,9,9,9,9,9,9,9,9,0,,,,,,,,,,,,,,,,,,,,,,,,,0,0,000000000,00000000000,0,0,0,1,0,0,0,0,0,0,0,998,0,0,0,12,12,8,1,8,0,0,0,1,99,99999,9,9,99,9,9,9,999,999,99,99,99,99,99,99,9999,99,9999,1,0,0,0,0,1,2,15,1,8,8,1,0,0,1,80,3,2,1,13,0,1
6,60216,1,1,1,1,2,22,58,33,0,1,0,6,1,51,34,51034,4,1990,YV1AA8847L13,Y,V,1,A,A,8,8,4,7,L,1,3,0,P,VOLV,4DL,4D,90,17,2919,,0,1043,,G,,F,4,141,,,14R185,,,,,,0,0,000000000,00000000000,0,0,0,1,0,0,0,0,0,0,0,999,0,0,0,12,12,6,2,42,0,0,0,1,6,94605,6,1,0,0,3,0,65,121,1,0,0,1,3,7,2009,11,2010,9,0,0,0,0,3,2,65,1,6,2,1,0,0,1,13,99,1,4,1,1,0
6,60217,1,1,1,1,2,99,99,1,0,1,0,6,1,7,472,7472,30,2006,1D7HW48NX6S5,1,D,7,H,W,4,8,N,X,6,S,5,0,T,DODG,DQS,CW,6,17,,2,0,1309,DAK,G,,,8,287,,,,B,4430,00,E,44,0,0,000000000,00000000000,0,0,0,1,0,0,0,0,0,0,0,999,0,2,6,0,0,6,2,1,0,0,0,1,6,93555,6,1,0,0,3,3,71,210,0,0,0,0,0,0,0,0,0,9,0,0,0,0,1,2,55,3,2,2,1,0,0,1,13,99,1,4,1,1,0
6,60218,1,2,1,2,2,12,35,1,0,1,0,6,1,72,706,72706,80,2008,1HD1CZ3368K4,1,H,D,1,C,Z,3,3,6,8,K,4,0,M,HD,XNC,RS,8,17,,,,,,,1202,,2,,4,562,,,,,,,0,0,000000000,00000000000,0,0,0,1,0,0,0,0,0,0,0,999,0,0,0,0,0,6,2,1,0,0,0,1,6,94534,6,1,0,0,3,0,72,225,0,0,0,0,0,0,0,0,0,1,0,0,0,0,1,2,55,3,1,1,1,0,0,14,6,4,2,2,98,1,0
6,60218,2,2,1,2,2,12,35,1,0,1,0,6,1,49,441,49441,20,1991,JT3AC22S8M00,J,T,3,A,C,2,2,S,8,M,0,0,0,P,TOYT,PRE,SV,91,17,3780,,0,1128,,G,,F,4,149,,,15R215,,,,,,0,0,000000000,00000000000,0,0,0,1,0,0,0,0,0,0,0,33,0,0,0,14,14,2,3,12,0,0,0,1,6,94592,6,1,0,0,3,0,71,135,0,4,0,0,0,6,2009,10,2009,0,0,0,0,0,1,2,55,1,1,1,1,0,0,1,62,7,1,4,98,0,0
6,60219,1,1,2,2,2,21,20,1,0,1,0,6,1,12,422,12422,15,1999,1FMRU17L2XLA,1,F,M,R,U,1,7,L,2,X,L,A,0,P,FORD,EPT,UT,99,17,4808,,0,1191,,G,,F,8,330,,,16R255,,,,,,0,0,000000000,00000000000,0,0,0,1,0,0,0,0,0,0,0,999,0,2,2,0,0,6,2,1,0,0,0,1,6,91962,6,1,0,0,3,0,64,135,0,0,0,0,0,0,0,0,0,0,0,0,0,0,3,2,70,1,6,1,1,0,0,1,13,6,1,4,1,1,1
6,60220,1,1,1,3,2,4,28,8,0,1,0,6,1,51,39,51039,4,1990,YV1FA884XL14,Y,V,1,F,A,8,8,4,X,L,1,4,0,P,VOLV,7GL,4D,90,17,2996,,0,1091,,G,,F,4,141,,,15R185,,,,,,0,0,000000000,00000000000,0,0,0,1,0,0,0,0,0,0,0,55,0,0,0,12,12,2,1,8,0,0,0,1,6,92382,6,1,0,0,3,0,68,125,0,0,0,0,0,0,0,0,0,0,0,0,0,0,3,4,65,1,1,1,1,0,0,1,80,2,1,1,13,0,0
6,60221,1,1,2,3,2,18,0,1,0,1,0,6,2,49,482,49482,31,2001,5TBRT34131S2,5,T,B,R,T,3,4,1,3,1,S,2,0,T,TOYT,TRS,4C,1,17,,2,0,1283,TUN,G,,,8,285,,,,C,4276,00,U,42,0,0,000000000,00000000000,0,0,0,1,0,0,0,0,0,0,0,998,0,2,1,0,0,6,2,1,0,0,0,1,6,95045,0,0,0,0,0,0,73,260,0,0,0,0,0,0,0,0,0,1,0,0,0,0,1,2,55,3,1,2,1,0,0,14,6,6,4,6,98,1,0
6,60222,1,1,1,4,2,21,40,9,0,1,1,99,9,99,999,99999,99,9999,999999999999,9,9,9,9,9,9,9,9,9,9,9,9,9,,,,,,,,,,,,,,,,,,,,,,,,,0,0,000000000,00000000000,9,0,0,1,0,0,0,0,99,99,9,999,0,0,0,99,99,9,1,9,99,99,0,1,99,99999,9,9,99,9,9,9,999,999,99,99,99,99,99,99,9999,99,9999,9,99,99,99,99,3,2,35,1,1,2,1,0,0,1,83,99,1,9,13,0,0
6,60223,1,1,1,4,2,99,99,35,0,1,0,6,1,38,402,38402,14,1995,4S2CY58V9S43,4,S,2,C,Y,5,8,V,9,S,4,3,0,P,ISU,ROD,UT,95,17,4050,,0,1087,,G,,F,6,195,,,15R225,,,,,,0,0,000000000,00000000000,0,0,0,1,0,0,0,0,0,0,0,999,0,1,6,12,0,6,2,1,0,0,0,1,6,93637,3,1,0,0,2,0,70,150,0,1,0,1,0,12,2009,12,2009,1,92,0,0,0,1,2,55,2,1,2,1,0,0,14,6,7,3,4,2,1,1
6,60224,1,1,1,5,2,4,44,8,0,1,1,6,1,12,481,12481,31,2006,1FTRF12296NA,1,F,T,R,F,1,2,2,9,6,N,A,0,T,FORD,F15,PK,6,17,,2,1450,1260,COF,G,,,6,256,,,,B,4615,02,E,42,0,0,000000000,00000000000,0,0,0,1,0,0,0,0,0,0,0,40,0,0,0,14,14,2,3,8,0,0,0,1,6,92543,6,1,0,0,3,0,71,285,0,0,0,0,0,0,0,0,0,0,0,0,0,0,1,2,50,1,1,1,1,0,0,1,80,6,1,1,13,0,1
6,60225,1,2,1,5,2,5,15,12,6,1,0,6,1,35,472,35472,30,2001,1N6ED27T71C3,1,N,6,E,D,2,7,T,7,1,C,3,0,T,NISS,XSC,CW,1,17,,1,0,1161,FRT,G,,,6,201,,,,B,3695,01,U,42,0,0,000000000,00000000000,0,0,0,1,0,0,0,0,0,0,0,999,0,1,6,12,0,6,2,1,0,0,0,1,6,93906,6,1,0,0,3,0,68,200,0,0,0,0,2,8,2009,9,2010,0,38,39,0,0,1,3,45,1,1,2,1,2,3,1,17,1,1,1,86,1,0
6,60225,2,2,4,5,2,5,15,12,6,1,0,6,1,12,461,12461,21,2010,1FDFE4FS6ADA,1,F,D,F,E,4,F,S,6,A,D,A,0,T,FORD,4DC,YY,10,17,,4,1760,1580,CTV,G,,,10,415,,,,D,5613,00,M,42,0,6,41278,0641278,2,20,22,1,0,0,0,0,6,0,0,35,0,0,0,81,81,6,2,12,0,0,0,1,6,93901,6,1,6,0,3,0,61,240,1,0,0,0,0,9,2008,9,2008,0,0,0,0,0,1,4,50,1,1,2,1,2,3,1,66,1,1,1,87,0,0
6,60226,1,1,1,5,2,11,44,14,0,1,0,6,1,76,705,76705,80,2007,JYARJ12E87A0,J,Y,A,R,J,1,2,E,8,7,A,0,0,M,YAMA,R6L,RC,7,17,,,,,,,599,,4,,4,357,,,,,,,0,0,000000000,00000000000,0,0,0,1,0,0,0,0,0,0,0,999,0,0,0,14,14,4,3,14,0,0,0,1,6,92649,6,1,0,0,3,0,69,165,0,0,0,0,0,0,0,0,0,1,0,0,0,0,1,2,25,1,1,2,1,0,0,1,8,1,1,4,11,1,0
6,60227,1,1,1,5,2,11,50,9,0,1,0,6,1,82,881,82881,62,1999,1FV3HJAC6XHB,1,F,V,3,H,J,A,C,6,X,H,B,0,T,FRHT,F70,CC,99,17,,6,0,0,MCV,D,,,6,439,,,,,00000,00,,42,0,6,2950650,062950650,2,1,1,1,0,0,0,0,0,0,0,998,0,0,0,14,14,0,1,9,0,0,0,1,6,91941,6,1,0,0,3,0,72,205,1,0,0,0,1,12,2009,1,2010,0,0,0,0,0,6,1,50,1,1,2,1,0,0,1,83,1,1,1,13,0,0
6,60228,1,1,1,5,2,12,15,38,0,1,0,6,1,72,706,72706,80,1999,1HD4CJM30XK1,1,H,D,4,C,J,M,3,0,X,K,1,0,M,HD,L8C,RS,99,17,,,,,,,883,,2,,4,489,,,,,,,0,0,000000000,00000000000,0,0,0,1,0,0,0,0,0,0,0,35,0,0,0,99,99,4,3,38,0,0,0,1,6,95383,6,1,0,0,2,3,70,175,0,0,0,0,0,0,0,0,0,0,92,0,0,0,1,2,35,2,1,2,1,0,0,14,12,1,1,4,6,1,0
6,60229,1,1,1,5,2,17,25,24,0,1,0,6,1,99,709,99709,80,2005,5J11RBJ195W0,5,J,1,1,R,B,J,1,9,5,W,0,0,U,,,,5,17,,,,,,,,,,,,,,,,,,,0,0,000000000,00000000000,0,0,0,1,0,0,0,0,0,0,0,75,0,0,0,99,99,4,3,24,0,0,0,1,6,95356,6,1,0,0,3,0,73,190,0,0,0,0,0,0,0,0,0,0,0,0,0,0,3,2,65,1,1,2,1,0,0,1,12,1,1,4,6,1,1
6,60230,1,1,1,5,2,18,3,8,0,1,0,6,2,20,431,20431,16,1998,3GNGC26J9WG1,3,G,N,G,C,2,6,J,9,W,G,1,0,P,CHEV,C25,UT,98,17,5249,,0,1315,,G,,F,8,454,,,16R245,,,,,,0,0,000000000,00000000000,0,0,0,1,0,0,0,0,0,0,0,998,0,0,0,12,12,4,3,8,0,0,0,1,6,92626,6,1,6,0,3,0,68,190,0,0,0,0,2,11,2009,4,2010,0,0,0,0,0,3,3,40,1,1,1,1,0,0,1,80,1,1,1,13,0,0
6,60231,1,1,1,6,2,18,0,35,0,1,0,6,1,37,706,37706,80,2005,JH2SC481X5M3,J,H,2,S,C,4,8,1,X,5,M,3,0,M,HOND,CB9,RS,5,17,,,,,,,919,,4,,4,427,,,,,,,0,0,000000000,00000000000,0,0,0,1,0,0,0,0,0,0,0,998,0,0,0,99,99,4,3,35,0,0,0,1,6,92339,6,1,0,0,3,0,72,160,0,0,0,0,1,9,2008,9,2008,1,0,0,0,0,1,2,40,1,1,2,1,0,0,1,9,1,2,4,7,1,0
6,60232,1,2,1,9,2,11,56,12,2,1,0,6,1,7,482,7482,31,2007,1D7KS28C27J5,1,D,7,K,S,2,8,C,2,7,J,5,1,T,DODG,SQ2,CW,7,17,,2,1605,1405,RPC,D,,,6,359,,,,C,6271,07,E,44,3,0,000000000,00000000000,0,0,0,1,0,0,0,0,0,0,0,45,0,0,0,12,12,6,2,12,0,0,0,1,6,95688,6,1,0,0,3,0,68,210,0,0,0,0,0,0,0,0,0,0,0,0,0,0,1,2,45,1,5,2,1,0,0,1,10,1,1,2,50,0,0
6,60232,2,2,1,9,2,11,56,12,2,1,0,6,2,35,471,35471,30,1991,1N6HD12H9MC3,1,N,6,H,D,1,2,H,9,M,C,3,0,T,NISS,LWB,PK,91,17,,1,0,1161,TRK,G,,,6,181,,,,,2764,01,A,42,0,0,000000000,00000000000,0,0,0,1,0,0,0,0,0,0,0,998,0,0,0,12,12,6,2,12,0,0,0,1,6,95687,0,0,0,0,0,0,66,184,0,0,0,0,0,0,0,0,0,0,92,0,0,0,1,2,45,1,6,2,1,0,0,1,62,1,1,1,51,1,0
6,60233,1,1,1,9,2,19,14,15,0,1,0,6,1,49,46,49046,4,2004,JTDKB20U6400,J,T,D,K,B,2,0,U,6,4,0,0,0,P,TOYT,PRI,4H,4,17,2890,,0,1063,,B,,F,4,091,,,14R175,,,,,,0,0,000000000,00000000000,0,0,0,1,0,0,0,0,0,0,0,33,0,0,0,12,12,4,1,15,36,0,0,1,6,95531,6,1,0,0,3,0,71,185,0,0,0,0,0,0,0,0,0,0,0,0,0,0,5,4,45,1,1,2,1,0,0,1,83,6,1,1,13,0,0
6,60234,1,1,2,9,2,20,3,8,0,1,0,6,1,20,481,20481,31,1998,1GCEK19R3WR1,1,G,C,E,K,1,9,R,3,W,R,1,0,T,CHEV,GK1,PC,98,17,,2,1555,1415,GM4,G,,,8,350,,,,B,00000,00,,44,0,0,000000000,00000000000,0,0,0,1,0,0,0,0,0,0,0,68,0,0,0,12,12,6,2,8,0,0,0,1,6,95307,6,1,0,0,3,0,64,210,0,0,0,0,0,0,0,0,0,0,0,0,0,0,3,3,65,1,1,2,1,0,0,1,80,1,1,1,13,0,0
6,60235,1,2,1,10,2,2,16,12,6,1,0,48,2,32,43,32043,4,2001,WAUDC68D61A1,W,A,U,D,C,6,8,D,6,1,A,1,0,P,AUDI,41Q,4D,1,17,3155,,0,1026,,G,,T,4,109,,,15R205,,,,,,0,0,000000000,00000000000,0,0,0,1,0,0,0,0,0,0,0,998,0,0,0,12,12,6,2,12,0,0,0,1,6,94598,0,0,0,0,0,0,63,145,0,0,0,0,0,0,0,0,0,1,92,39,0,0,3,2,25,1,1,2,98,2,3,1,17,1,1,1,69,0,0