STATE,ST_CASE,VEH_NO,VE_FORMS,NUMOCCS,DAY,MONTH,HOUR,MINUTE,HARM_EV,MAN_COLL,UNITTYPE,HIT_RUN,REG_STAT,OWNER,MAKE,MODEL,MAK_MOD,BODY_TYP,MOD_YEAR,VIN,VIN_1,VIN_2,VIN_3,VIN_4,VIN_5,VIN_6,VIN_7,VIN_8,VIN_9,VIN_10,VIN_11,VIN_12,TOW_VEH,VINTYPE,VINMAKE,VINA_MOD,VIN_BT,VINMODYR,VIN_LNGT,VIN_WGT,WGTCD_TR,WHLBS_LG,WHLBS_SH,SER_TR,FUELCODE,MCYCL_DS,CARBUR,CYLINDER,DISPLACE,MCYCL_CY,MCYCL_WT,TIRE_SZE,TON_RAT,TRK_WT,TRKWTVAR,VIN_REST,WHLDRWHL,J_KNIFE,MCARR_I1,MCARR_I2,MCARR_ID,GVWR,V_CONFIG,CARGO_BT,HAZ_INV,HAZ_PLAC,HAZ_ID,HAZ_CNO,HAZ_REL,BUS_USE,SPEC_USE,EMER_USE,TRAV_SP,UNDERIDE,ROLLOVER,ROLINLOC,IMPACT1,IMPACT2,DEFORMED,TOWED,M_HARM,VEH_SC1,VEH_SC2,FIRE_EXP,DR_PRES,L_STATE,DR_ZIP,L_STATUS,L_TYPE,CDL_STAT,L_ENDORS,L_COMPL,L_RESTRI,DR_HGT,DR_WGT,PREV_ACC,PREV_SUS,PREV_DWI,PREV_SPD,PREV_OTH,FIRST_MO,FIRST_YR,LAST_MO,LAST_YR,SPEEDREL,DR_SF1,DR_SF2,DR_SF3,DR_SF4,VTRAFWAY,VNUM_LAN,VSPD_LIM,VALIGN,VPROFILE,VPAVETYP,VSURCOND,VTRAFCON,VTCONT_F,P_CRASH1,P_CRASH2,P_CRASH3,PCRASH4,PCRASH5,ACC_TYPE,DEATHS,DR_DRINK
6,60302,1,1,1,21,2,12,52,42,0,1,0,6,1,37,706,37706,80,2008,JH2SC59168M0,J,H,2,S,C,5,9,1,6,8,M,0,0,M,HOND,CBS,RC,8,17,,,,,,,998,,4,,4,439,,,,,,,0,0,000000000,00000000000,0,0,0,1,0,0,0,0,0,0,0,999,0,0,0,99,99,6,2,42,0,0,0,1,6,92592,6,1,0,0,3,0,64,150,0,0,0,0,0,0,0,0,0,1,0,0,0,0,1,2,55,2,6,2,1,0,0,14,13,1,1,4,1,1,0
6,60303,1,1,1,8,1,0,40,31,0,1,0,6,2,49,32,49032,2,1990,JT2AE96J9L33,J,T,2,A,E,9,6,J,9,L,3,3,0,P,TOYT,CS5,CP,90,17,2740,,0,957,,G,,F,4,097,,,13R185,,,,,,0,0,000000000,00000000000,0,0,0,1,0,0,0,0,0,0,0,999,0,1,6,12,99,6,2,99,0,0,0,1,6,94589,6,1,0,0,3,3,70,205,0,0,0,0,0,0,0,0,0,9,48,0,0,0,3,3,65,2,1,2,1,0,0,14,13,1,1,4,1,1,1
6,60304,1,2,1,12,1,2,5,12,1,1,0,6,1,35,48,35048,1,2007,JN1BZ34D47M5,J,N,1,B,Z,3,4,D,4,7,M,5,0,P,NISS,3ZC,CP,7,17,3222,,0,1043,,G,,F,6,214,,,18R225,,,,,,0,0,000000000,00000000000,0,0,0,1,0,0,0,0,0,0,0,72,0,0,0,12,12,6,2,8,0,0,0,1,6,95054,6,1,0,0,3,3,71,240,0,0,0,0,0,0,0,0,0,1,0,0,0,0,3,3,65,1,1,2,2,0,0,1,50,1,1,1,20,0,0
6,60304,2,2,1,12,1,2,5,12,1,1,0,6,1,34,34,34034,1,2002,WBSBR93482EX,W,B,S,B,R,9,3,4,8,2,E,X,0,P,BMW,M3S,CV,2,17,3781,,0,1075,,G,,F,6,198,,,18R225,,,,,,0,0,000000000,00000000000,0,0,0,1,0,0,0,0,0,0,0,0,0,0,0,6,6,6,2,12,0,0,0,1,6,94566,6,1,0,0,3,0,64,160,0,0,0,0,0,0,0,0,0,1,0,0,0,0,3,3,65,1,1,2,2,0,0,5,53,1,1,1,21,0,1
6,60305,1,2,1,12,1,8,41,12,6,1,0,6,1,7,472,7472,30,2001,1B7GL22X81S3,1,B,7,G,L,2,2,X,8,1,S,3,0,T,DODG,DAK,PC,1,17,,1,0,1309,DAK,G,,,6,239,,,,B,3501,00,U,42,0,0,000000000,00000000000,0,0,0,1,0,0,0,0,0,0,0,998,0,0,0,61,61,6,2,12,0,0,0,1,6,95758,6,1,0,0,3,0,69,170,1,0,0,0,0,1,2010,1,2010,0,38,0,0,0,1,2,25,1,1,2,1,20,3,11,15,1,1,2,82,1,0
6,60305,2,2,5,12,1,8,41,12,6,1,0,6,1,49,442,49442,20,2006,5TDZA23C86S5,5,T,D,Z,A,2,3,C,8,6,S,5,0,P,TOYT,SIE,SV,6,17,4120,,0,1193,,G,,F,6,201,,,15R205,,,,,,0,0,000000000,00000000000,0,0,0,1,0,0,0,0,0,0,0,45,0,0,0,12,12,6,2,12,0,0,0,1,6,95758,6,1,0,0,3,0,67,145,0,0,0,0,0,0,0,0,0,0,0,0,0,0,3,2,45,3,1,2,1,0,0,14,17,1,1,1,83,0,0
6,60306,1,2,1,15,1,17,0,12,2,1,0,6,1,49,401,49401,14,1994,JT3VN39W3R01,J,T,3,V,N,3,9,W,3,R,0,1,0,P,TOYT,RUN,UT,94,17,4165,,0,1033,,G,,F,6,180,,,15R225,,,,,,0,0,000000000,00000000000,0,0,0,1,0,0,0,0,0,0,0,50,0,0,0,12,12,6,2,12,0,0,0,1,6,95437,6,1,0,0,3,0,62,150,0,0,0,0,0,0,0,0,0,0,35,0,0,0,1,2,55,2,1,1,2,0,0,6,10,3,2,2,50,0,0
6,60306,2,2,1,15,1,17,0,12,2,1,0,6,2,30,47,30047,3,1999,3VWCC21CXXM4,3,V,W,C,C,2,1,C,X,X,M,4,0,P,VOLK,NGS,2H,99,17,2748,,0,989,,G,,F,4,121,,,16R205,,,,,,0,0,000000000,00000000000,0,0,0,1,0,0,0,0,0,0,0,50,0,0,0,12,12,6,2,12,0,0,0,1,6,95460,6,1,0,0,3,0,64,150,0,0,0,0,0,0,0,0,0,0,0,0,0,0,1,2,55,3,1,1,2,0,0,14,62,1,1,1,51,1,0
6,60307,1,2,1,22,1,21,50,12,6,1,0,6,1,53,705,53705,80,2001,JS1GN7BA3121,J,S,1,G,N,7,B,A,3,1,2,1,0,M,SUZI,G60,RC,1,17,,,,,,,600,,4,,4,359,,,,,,,0,0,000000000,00000000000,0,0,0,1,0,0,0,0,0,0,0,998,0,0,0,12,12,6,2,12,0,0,0,1,6,90221,3,1,0,0,2,0,72,260,0,1,0,0,0,1,2010,1,2010,0,92,0,0,0,5,4,35,1,1,2,1,0,0,1,66,1,1,1,69,1,0
6,60307,2,2,1,22,1,21,50,12,6,1,0,6,1,49,43,49043,4,1995,4T1GB11E4SU0,4,T,1,G,B,1,1,E,4,S,U,0,0,P,TOYT,UAS,4D,95,17,3265,,0,1071,,G,,F,6,183,,,15R205,,,,,,0,0,000000000,00000000000,0,0,0,1,0,0,0,0,0,0,0,998,0,0,0,61,61,6,2,12,0,0,0,1,6,90221,6,1,0,0,3,3,62,140,0,0,0,0,0,0,0,0,0,0,38,0,0,0,5,4,35,1,1,2,1,20,3,11,15,1,1,1,68,0,0
6,60308,1,1,1,29,1,21,45,9,0,1,1,6,2,12,16,12016,4,1999,2FAFP74W2XX1,2,F,A,F,P,7,4,W,2,X,X,1,0,P,FORD,CVL,4D,99,17,3917,,0,1147,,G,,F,8,281,,,16R225,,,,,,0,0,000000000,00000000000,0,0,0,1,0,0,0,0,0,0,0,40,0,0,0,12,12,4,3,9,0,0,0,1,6,95833,3,1,0,0,2,0,80,215,0,0,0,0,1,12,2010,12,2010,0,92,0,0,0,1,4,40,1,1,2,2,0,0,1,83,1,1,1,13,0,1
6,60309,1,1,1,3,2,2,39,8,0,1,0,18,3,51,881,51881,66,2008,4V4N19TG68N2,4,V,4,N,1,9,T,G,6,8,N,2,1,T,VOLV,VNL,TR,8,17,,7,0,0,VVN,D,,,6,915,,,,,00000,00,,42,1,57,121058,57121058,3,6,1,1,0,0,0,0,0,0,0,55,0,0,0,12,12,2,1,8,0,0,0,1,6,94579,6,1,6,0,3,0,71,230,0,0,0,0,0,0,0,0,0,0,0,0,0,0,3,3,55,2,5,2,1,0,0,14,80,2,1,1,13,0,0
6,60310,1,2,2,17,2,15,11,12,6,1,0,6,1,19,3,19003,4,2000,1G6KD54Y2YU3,1,G,6,K,D,5,4,Y,2,Y,U,3,0,P,CADI,DFW,4D,0,17,4012,,0,1138,,G,,F,8,279,,,16R225,,,,,,0,0,000000000,00000000000,0,0,0,1,0,0,0,0,0,0,0,998,0,0,0,81,81,6,2,12,0,0,0,1,6,92545,3,1,0,0,2,0,62,116,0,0,0,0,0,0,0,0,0,0,92,38,0,0,1,2,25,1,1,2,1,20,3,1,15,1,1,1,87,1,0
6,60310,2,2,5,17,2,15,11,12,6,1,0,6,2,7,482,7482,31,2004,1D7HA18N34S7,1,D,7,H,A,1,8,N,3,4,S,7,0,T,DODG,SQ1,CW,4,17,,2,1605,1405,RPC,G,,,8,287,,,,B,4820,01,E,42,0,0,000000000,00000000000,0,0,0,1,0,0,0,0,0,0,0,40,0,0,0,12,12,6,2,12,0,0,0,1,6,92544,0,0,0,0,0,0,65,145,0,0,0,0,0,0,0,0,0,0,92,0,0,0,5,4,35,1,1,2,1,0,0,1,17,1,1,1,86,0,0
6,60311,1,3,3,18,2,21,15,24,0,1,0,6,1,54,402,54402,14,2010,5J6RE3H31AL0,5,J,6,R,E,3,H,3,1,A,L,0,0,P,HOND,CRV,UT,10,17,3389,,0,1031,,G,,F,4,146,,,17R225,,,,,,0,0,000000000,00000000000,0,0,0,1,0,0,0,0,0,0,0,0,0,0,0,99,99,2,1,12,0,0,0,1,6,92618,0,0,0,0,0,0,69,155,0,0,0,0,0,0,0,0,0,0,92,0,0,0,3,5,65,1,1,1,2,0,0,5,53,1,1,4,98,0,0
6,60311,2,3,1,18,2,21,15,24,0,1,1,6,2,12,35,12035,4,1998,1FAFP6636WK2,1,F,A,F,P,6,6,3,6,W,K,2,0,P,FORD,LSS,4D,98,17,2864,,0,1065,,G,,F,4,121,,,15R205,,,,,,0,0,000000000,00000000000,0,0,0,1,0,0,0,0,0,0,0,0,0,0,0,6,6,2,1,12,0,0,0,1,32,89084,6,1,0,0,3,0,68,158,0,0,0,0,0,0,0,0,0,0,0,0,0,0,5,3,65,1,1,1,2,0,0,5,53,1,1,1,98,0,0
6,60311,3,3,5,18,2,21,15,24,0,1,0,6,2,37,31,37031,4,2006,JHMFA36256S0,J,H,M,F,A,3,6,2,5,6,S,0,0,P,HOND,CHY,4D,6,17,2875,,0,1063,,B,,F,4,079,,,15R195,,,,,,0,0,000000000,00000000000,0,0,0,1,0,0,0,0,0,0,0,999,0,0,0,6,12,6,2,12,0,0,0,1,6,93312,6,1,0,0,3,0,67,250,0,0,0,0,0,0,0,0,0,1,0,0,0,0,3,5,65,1,1,1,2,0,0,1,6,1,7,2,98,1,0
6,60312,1,1,1,20,2,0,4,8,0,1,0,6,2,7,442,7442,20,1995,1B4GK54L1SX5,1,B,4,G,K,5,4,L,1,S,X,5,0,T,DODG,GEL,ES,95,17,,1,0,1193,CAR,G,,,6,230,,,,,3962,00,E,44,0,0,000000000,00000000000,0,0,0,1,0,0,0,0,0,0,0,38,0,0,0,12,12,4,3,8,0,0,0,1,6,94521,6,1,0,0,3,3,64,160,0,0,0,0,0,0,0,0,0,0,0,0,0,0,3,3,40,1,1,8,2,0,0,1,80,1,1,1,13,0,0
6,60313,1,2,1,12,2,2,58,12,7,1,0,6,1,37,32,37032,2,2004,1HGCM82244A0,1,H,G,C,M,8,2,2,4,4,A,0,0,P,HOND,ULX,CP,4,17,3250,,0,1051,,G,,F,6,183,,,15R205,,,,,,0,0,000000000,00000000000,0,0,0,1,0,0,0,0,0,0,0,998,0,0,0,98,61,6,2,42,0,0,0,1,51,22015,6,1,0,0,3,0,69,150,0,0,0,2,0,8,2009,3,2010,1,27,36,0,0,2,2,30,1,8,8,1,0,0,1,10,1,1,2,45,1,1
6,60313,2,2,2,12,2,2,58,12,7,1,1,6,4,20,9,20009,2,2010,2G1FA1EV3A91,2,G,1,F,A,1,E,V,3,A,9,1,0,P,CHEV,CML,CP,10,17,3769,,0,1123,,G,,F,6,220,,,18R245,,,,,,0,0,000000000,00000000000,0,0,0,1,0,0,0,0,0,0,0,998,0,0,0,5,5,2,3,12,0,0,0,1,12,33016,6,1,0,0,3,0,68,999,0,3,0,0,0,1,2009,6,2009,1,27,36,0,0,2,2,30,1,8,8,1,0,0,1,61,1,1,1,44,0,1
6,60314,1,3,1,15,2,14,20,12,6,1,0,0,0,12,16,12016,4,2009,2FAHP71V99X1,2,F,A,H,P,7,1,V,9,9,X,1,0,P,FORD,CVP,4D,9,17,0,,0,1147,,F,,F,8,281,,,17R235,,,,,,0,0,000000000,00000000000,0,0,0,1,0,0,0,0,0,5,0,73,0,0,0,83,83,6,2,12,0,0,1,1,6,95542,6,1,0,0,3,0,74,225,1,0,0,1,0,9,2009,4,2010,1,16,48,58,0,2,2,65,2,8,1,2,0,0,14,10,7,1,2,64,1,0
6,60314,2,3,2,15,2,14,20,12,6,1,0,6,1,49,482,49482,31,2004,5TBDT44184S4,5,T,B,D,T,4,4,1,8,4,S,4,0,T,TOYT,DBS,CW,4,17,,2,0,1283,TUN,G,,,8,285,,,,B,4969,00,U,44,0,0,000000000,00000000000,0,0,0,1,0,0,0,0,0,0,0,63,7,0,0,12,12,6,2,12,0,0,0,1,6,92570,6,1,0,0,3,0,70,180,0,0,0,0,0,0,0,0,0,0,0,0,0,0,2,2,65,1,8,1,2,0,0,1,62,9,1,1,65,0,0
6,60314,3,3,2,15,2,14,20,12,6,1,0,2,2,48,401,48401,14,2010,JF2SH6AC3AH7,J,F,2,S,H,6,A,C,3,A,H,7,0,P,SUBA,FOR,UT,10,17,3250,,0,1030,,G,,F,4,150,,,16R215,,,,,,0,0,000000000,00000000000,0,0,0,1,0,0,0,0,0,0,0,63,0,0,0,12,12,2,1,54,0,0,0,1,53,32234,6,1,0,0,3,3,72,180,0,0,0,0,0,0,0,0,0,0,0,0,0,0,2,2,65,1,8,1,2,0,0,1,62,6,1,1,98,0,0
6,60315,1,1,1,17,2,9,21,8,0,1,0,6,2,49,422,49422,15,2003,5TDZT34A33S1,5,T,D,Z,T,3,4,A,3,3,S,1,0,P,TOYT,SEQ,UT,3,17,5070,,0,1181,,G,,F,8,285,,,16R245,,,,,,0,0,000000000,00000000000,0,0,0,1,0,0,0,0,0,0,0,998,0,0,0,98,98,0,1,8,0,0,0,1,6,92843,6,1,0,0,3,0,62,130,0,0,0,0,0,0,0,0,0,0,38,0,0,0,1,2,25,1,8,2,1,20,3,10,80,1,1,1,13,0,0
6,60316,1,1,1,23,2,14,46,33,0,1,0,6,1,12,3,12003,2,2009,1ZVHT80N2951,1,Z,V,H,T,8,0,N,2,9,5,1,0,P,FORD,MUS,CP,9,17,3300,,0,1071,,G,,F,6,244,,,16R215,,,,,,0,0,000000000,00000000000,0,0,0,1,0,0,0,0,0,0,0,998,0,0,0,14,12,6,2,30,0,0,0,1,6,91350,6,1,0,0,3,3,62,110,1,0,0,0,0,11,2009,11,2009,0,48,0,0,0,2,2,50,1,8,2,1,0,0,1,13,1,1,4,1,1,0
6,60317,1,1,5,23,2,19,34,44,0,1,0,6,2,24,3,24003,6,1999,1G8ZK8276XZ2,1,G,8,Z,K,8,2,7,6,X,Z,2,0,P,STRN,SW2,SW,99,17,2478,,0,1024,,G,,F,4,116,,,15R185,,,,,,0,0,000000000,00000000000,0,0,0,1,0,0,0,0,0,0,0,65,0,0,0,0,61,6,2,14,0,0,0,1,6,94124,6,1,0,0,3,3,73,190,0,0,0,0,0,0,0,0,0,1,82,58,0,0,1,2,25,1,8,8,1,0,0,1,98,1,1,2,0,1,1
6,60318,1,2,1,24,2,9,3,12,6,1,0,6,2,20,34,20034,4,1999,2C1MR5224X67,2,C,1,M,R,5,2,2,4,X,6,7,0,P,CHEV,MEL,4D,99,17,1984,,0,931,,G,,F,4,079,,,13R155,,,,,,0,0,000000000,00000000000,0,0,0,1,0,0,0,0,0,0,0,999,0,0,0,61,61,6,2,12,0,0,0,1,6,95012,6,1,0,0,3,3,66,100,0,0,0,0,0,0,0,0,0,0,38,39,0,0,1,2,55,1,8,2,1,20,3,11,15,1,1,2,82,1,0
6,60318,2,2,1,24,2,9,3,12,6,1,0,6,2,20,881,20881,61,1995,1GBJK34K6SE2,1,G,B,J,K,3,4,K,6,S,E,2,0,T,CHEV,GK3,CB,95,17,,3,1595,1315,GM4,G,,,8,350,,,,D,00000,00,,44,0,6,0187248,060187248,2,1,3,1,0,0,0,0,0,0,0,33,0,0,0,12,12,4,3,12,0,0,0,1,6,93906,6,1,0,0,3,0,68,130,0,0,0,0,0,0,0,0,0,0,0,0,0,0,1,2,55,1,8,2,1,20,3,1,67,8,2,2,83,0,0
6,60319,1,1,3,24,2,14,0,38,0,1,0,6,2,7,442,7442,20,1995,1B4GH4430SX5,1,B,4,G,H,4,4,3,0,S,X,5,0,T,DODG,GCS,ES,95,17,,1,0,1193,CAR,G,,,6,181,,,,,3534,00,E,42,0,0,000000000,00000000000,0,0,0,1,0,0,0,0,0,0,0,53,0,1,6,12,0,6,2,1,0,0,0,1,6,95240,0,0,0,0,0,0,64,125,0,0,0,0,0,0,0,0,0,1,92,0,0,0,1,2,55,3,8,1,1,28,3,14,6,8,2,4,2,1,1
6,60320,1,1,1,24,2,16,55,33,0,1,0,6,1,7,26,7026,4,2010,1B3CC1FB4AN2,1,B,3,C,C,1,F,B,4,A,N,2,0,P,DODG,AEX,4D,10,17,3405,,0,1089,,G,,F,4,146,,,17R215,,,,,,0,0,000000000,00000000000,0,0,0,1,0,0,0,0,0,0,0,999,0,1,5,14,0,6,2,1,0,0,0,1,6,92274,3,1,0,0,2,0,71,170,0,0,0,0,0,0,0,0,0,0,48,24,92,0,1,2,55,1,8,2,1,0,0,1,13,6,4,4,2,1,1
6,60321,1,1,1,24,2,21,56,8,0,1,0,6,1,49,32,49032,4,1998,JT2BG22KXW01,J,T,2,B,G,2,2,K,X,W,0,1,0,P,TOYT,CXL,4D,98,17,3120,,0,1051,,G,,F,4,132,,,14R195,,,,,,0,0,000000000,00000000000,0,0,0,1,0,0,0,0,0,0,0,45,0,0,0,12,12,2,3,8,0,0,0,1,6,95834,6,1,0,0,3,0,67,170,0,0,0,0,0,0,0,0,0,0,99,99,99,99,5,4,40,1,1,2,2,0,0,1,80,1,1,1,13,0,0
6,60322,1,3,5,3,3,18,45,12,6,1,0,6,2,49,482,49482,31,2006,5TBRU34166S4,5,T,B,R,U,3,4,1,6,6,S,4,0,T,TOYT,TT5,4C,6,17,,1,0,1283,TUN,G,,,6,244,,,,B,4170,00,U,42,0,0,000000000,00000000000,0,0,0,1,0,0,0,0,0,0,0,999,0,1,5,12,12,6,2,12,0,0,0,1,6,93727,6,1,0,0,3,0,64,110,0,0,0,0,0,0,0,0,0,0,39,0,0,0,1,2,55,1,1,8,1,20,3,1,17,1,1,2,88,2,0
6,60322,2,3,1,3,3,18,45,12,6,1,0,6,1,20,37,20037,4,2000,1G1ND52J5Y62,1,G,1,N,D,5,2,J,5,Y,6,2,0,P,CHEV,MAL,4D,0,17,3051,,0,1070,,G,,F,6,191,,,15R215,,,,,,0,0,000000000,00000000000,0,0,0,1,0,0,0,0,0,0,0,999,0,0,0,61,61,6,2,12,0,0,0,1,6,93657,6,1,0,0,3,3,68,140,0,0,0,0,0,0,0,0,0,0,0,0,0,0,1,2,55,1,8,8,1,0,0,1,66,1,1,2,89,0,0
6,60322,3,3,1,3,3,18,45,12,6,1,0,6,1,35,471,35471,30,1986,JN6ND11S1GW0,J,N,6,N,D,1,1,S,1,G,W,0,0,T,NISS,D2S,PK,86,17,,1,0,1043,D21,G,,,4,146,,,,B,2629,01,A,42,0,0,000000000,00000000000,0,0,0,1,0,0,0,0,0,0,0,0,0,0,0,12,12,6,2,12,0,0,0,1,6,93616,6,1,0,0,3,3,63,120,0,0,0,0,0,0,0,0,0,0,0,0,0,0,1,2,55,1,1,8,1,20,3,5,62,1,1,2,98,0,0
6,60323,1,1,2,15,2,14,9,33,0,1,0,6,1,18,3,18003,4,1994,1G4CU5215R16,1,G,4,C,U,5,2,1,5,R,1,6,0,P,BUIC,PAU,4D,94,17,3637,,0,1108,,G,,Z,6,231,,,15R215,,,,,,0,0,000000000,00000000000,0,0,0,1,0,0,0,0,0,0,0,998,0,0,0,14,12,6,2,19,0,0,0,1,6,94040,6,1,0,0,3,3,67,140,0,0,0,0,0,0,0,0,0,0,28,0,0,0,1,2,25,1,1,2,1,0,0,1,12,1,1,4,6,1,0
6,60324,1,2,1,25,2,13,55,12,6,1,0,6,1,20,9,20009,9,1997,999999999999,9,9,9,9,9,9,9,9,9,9,9,9,0,,,,,,,,,,,,,,,,,,,,,,,,,0,0,000000000,00000000000,0,0,0,1,0,0,0,0,0,0,0,999,0,0,0,61,61,6,2,12,0,0,0,1,6,95388,1,1,0,0,2,0,69,190,0,2,2,0,0,10,2010,12,2010,0,92,48,0,0,1,2,55,1,1,2,2,0,0,1,10,7,3,2,65,1,1
6,60324,2,2,2,25,2,13,55,12,6,1,0,6,2,6,43,6043,1,2006,1C3EL45R46N1,1,C,3,E,L,4,5,R,4,6,N,1,0,P,CHRY,SEB,CV,6,17,3221,,0,1060,,G,,F,6,165,,,15R205,,,,,,0,0,000000000,00000000000,0,0,0,1,0,0,0,0,0,0,0,40,0,0,0,12,12,6,2,12,0,0,0,1,6,95351,1,1,0,0,2,0,66,140,0,0,0,0,0,0,0,0,0,0,92,0,0,0,1,2,55,1,1,2,2,0,0,1,62,3,1,1,64,0,0
6,60325,1,1,4,25,2,15,28,1,0,1,0,6,2,2,403,2403,14,1988,2BCCZ8144JB5,2,B,C,C,Z,8,1,4,4,J,B,5,0,T,JEEP,WRL,2W,88,17,,1,0,935,WRA,G,,,6,258,,,,,2830,01,A,44,0,0,000000000,00000000000,0,0,0,1,0,0,0,0,0,0,0,40,0,2,1,0,0,6,2,1,0,0,0,1,6,92394,6,2,0,0,3,2,77,280,0,0,0,0,0,0,0,0,0,1,48,74,0,0,1,2,0,1,1,5,1,0,0,12,98,1,1,2,98,1,0
6,60326,1,2,1,25,2,17,8,12,2,1,0,6,1,12,442,12442,20,1995,2FMDA514XSBA,2,F,M,D,A,5,1,4,X,S,B,A,0,T,FORD,WWG,ES,95,17,,1,0,1207,WIN,G,,,6,232,,,,B,3720,00,E,42,0,0,000000000,00000000000,0,0,0,1,0,0,0,0,0,0,0,58,0,0,0,12,12,6,2,12,0,0,0,1,6,95240,6,1,0,0,3,0,72,227,0,0,0,1,0,8,2009,8,2009,0,48,0,0,0,1,2,55,1,1,2,1,0,0,1,10,1,1,2,50,0,0
6,60326,2,2,1,25,2,17,8,12,2,1,0,6,1,6,51,6051,4,1999,2C3HE66G4XH7,2,C,3,H,E,6,6,G,4,X,H,7,0,P,CHRY,30M,4D,99,17,3474,,0,1130,,G,,F,6,215,,,17R225,,,,,,0,0,000000000,00000000000,0,0,0,1,0,0,0,0,0,0,0,999,0,0,0,12,12,6,2,12,32,0,1,1,6,95209,6,1,0,0,3,0,70,220,1,0,0,0,0,5,2009,5,2009,0,0,0,0,0,1,2,55,1,1,2,1,0,0,1,62,1,1,1,51,1,0
6,60327,1,1,2,25,2,23,10,42,0,1,0,6,1,2,404,2404,14,1992,1J4FJ78S9NL1,1,J,4,F,J,7,8,S,9,N,L,1,0,T,JEEP,LIM,4W,92,17,,1,0,1014,CHK,G,,,6,242,,,,,00000,00,A,44,0,0,000000000,00000000000,0,0,0,1,0,0,0,0,0,0,0,999,0,0,0,12,12,6,2,42,0,0,0,1,6,96101,6,1,0,0,3,1,75,200,0,0,0,0,1,10,2009,10,2009,0,48,0,0,0,1,2,55,1,1,2,2,0,0,1,12,1,1,4,6,1,0
6,60328,1,1,1,26,2,0,29,8,0,1,0,6,1,12,422,12422,15,2001,1FMRU15L61LB,1,F,M,R,U,1,5,L,6,1,L,B,0,P,FORD,EPT,UT,1,17,4886,,0,1191,,G,,F,8,330,,,16R255,,,,,,0,0,000000000,00000000000,0,0,0,1,0,0,0,0,0,0,0,38,0,0,0,12,12,4,3,8,0,0,0,1,6,92336,6,1,0,0,3,0,66,130,0,0,0,0,0,0,0,0,0,0,0,0,0,0,5,4,45,1,1,2,2,0,0,1,80,1,1,1,13,0,0
6,60329,1,1,1,26,2,3,7,33,0,1,0,6,1,49,50,49050,3,2005,JTKDE1773500,J,T,K,D,E,1,7,7,3,5,0,0,0,P,TOYT,SXC,2H,5,17,2905,,0,1063,,G,,F,4,144,,,17R215,,,,,,0,0,000000000,00000000000,0,0,0,1,0,0,0,0,0,0,0,77,0,0,0,14,81,6,2,42,0,0,0,1,6,94303,1,1,0,0,2,3,67,180,0,1,0,0,0,5,2010,5,2010,1,92,0,0,0,2,3,40,3,1,2,2,0,0,14,12,1,4,4,7,1,1
6,60330,1,1,1,26,2,3,46,8,0,1,1,99,9,99,999,99999,99,9999,999999999999,9,9,9,9,9,9,9,9,9,9,9,9,0,,,,,,,,,,,,,,,,,,,,,,,,,0,0,000000000,00000000000,0,0,0,1,0,0,0,0,0,0,0,998,0,0,0,12,12,9,1,8,0,0,0,1,99,99999,9,9,99,9,9,9,999,999,99,99,99,99,99,99,9999,99,9999,0,0,0,0,0,3,7,65,1,1,1,2,0,0,1,80,99,1,1,13,0,0
6,60331,1,2,1,26,2,12,25,14,0,1,0,6,1,59,31,59031,4,2007,JTHBJ46G3720,J,T,H,B,J,4,6,G,3,7,2,0,0,P,LEXS,E35,4D,7,17,3600,,0,1093,,G,,F,6,211,,,17R215,,,,,,0,0,000000000,00000000000,0,0,0,1,0,0,0,0,0,0,0,65,0,0,0,82,12,4,3,8,0,0,0,1,6,91360,6,1,0,0,3,3,71,195,0,0,0,0,0,0,0,0,0,0,48,26,0,0,3,5,65,1,1,1,1,0,0,6,13,1,1,4,1,0,0
6,60331,3,2,1,26,2,12,25,14,0,1,0,6,1,20,443,20443,20,2001,1GNDX13E81D1,1,G,N,D,X,1,3,E,8,1,D,1,0,T,CHEV,LUX,ES,1,17,,1,0,1200,VTR,G,,,6,207,,,,,3838,00,,42,0,0,000000000,00000000000,0,0,0,1,0,0,0,0,0,0,0,45,0,0,0,81,81,2,3,12,0,0,0,1,6,90640,0,0,0,0,0,0,68,200,0,0,0,0,0,0,0,0,0,0,92,0,0,0,3,5,65,1,1,1,1,0,0,15,64,1,1,1,98,0,0
6,60332,1,1,2,27,2,2,14,35,0,1,0,6,2,20,37,20037,4,2005,1G1ZT54815F2,1,G,1,Z,T,5,4,8,1,5,F,2,0,P,CHEV,M/L,4D,5,17,3297,,0,1063,,G,,F,6,214,,,15R205,,,,,,0,0,000000000,00000000000,0,0,0,1,0,0,0,0,0,0,0,97,0,0,0,12,12,6,2,39,0,0,0,1,6,95148,0,0,0,0,0,0,64,108,0,0,0,0,0,0,0,0,0,1,92,48,0,0,3,4,65,1,1,1,1,0,0,1,51,9,3,4,2,1,1
6,60333,1,1,2,3,2,21,53,14,0,1,0,6,2,23,481,23481,31,2007,1GKFK66817J2,1,G,K,F,K,6,6,8,1,7,J,2,0,T,GMC,DXL,4W,7,17,,2,0,1300,YUK,G,,,8,378,,,,B,5914,00,S,44,0,0,000000000,00000000000,0,0,0,1,0,0,0,0,0,0,0,60,0,0,0,12,12,6,2,14,0,0,0,1,6,92346,6,1,0,0,3,0,73,200,0,0,0,0,1,12,2008,12,2008,0,0,0,0,0,6,1,65,1,1,1,1,0,0,1,13,1,1,4,11,0,1