STATE,ST_CASE,VEH_NO,VE_FORMS,NUMOCCS,DAY,MONTH,HOUR,MINUTE,HARM_EV,MAN_COLL,UNITTYPE,HIT_RUN,REG_STAT,OWNER,MAKE,MODEL,MAK_MOD,BODY_TYP,MOD_YEAR,VIN,VIN_1,VIN_2,VIN_3,VIN_4,VIN_5,VIN_6,VIN_7,VIN_8,VIN_9,VIN_10,VIN_11,VIN_12,TOW_VEH,VINTYPE,VINMAKE,VINA_MOD,VIN_BT,VINMODYR,VIN_LNGT,VIN_WGT,WGTCD_TR,WHLBS_LG,WHLBS_SH,SER_TR,FUELCODE,MCYCL_DS,CARBUR,CYLINDER,DISPLACE,MCYCL_CY,MCYCL_WT,TIRE_SZE,TON_RAT,TRK_WT,TRKWTVAR,VIN_REST,WHLDRWHL,J_KNIFE,MCARR_I1,MCARR_I2,MCARR_ID,GVWR,V_CONFIG,CARGO_BT,HAZ_INV,HAZ_PLAC,HAZ_ID,HAZ_CNO,HAZ_REL,BUS_USE,SPEC_USE,EMER_USE,TRAV_SP,UNDERIDE,ROLLOVER,ROLINLOC,IMPACT1,IMPACT2,DEFORMED,TOWED,M_HARM,VEH_SC1,VEH_SC2,FIRE_EXP,DR_PRES,L_STATE,DR_ZIP,L_STATUS,L_TYPE,CDL_STAT,L_ENDORS,L_COMPL,L_RESTRI,DR_HGT,DR_WGT,PREV_ACC,PREV_SUS,PREV_DWI,PREV_SPD,PREV_OTH,FIRST_MO,FIRST_YR,LAST_MO,LAST_YR,SPEEDREL,DR_SF1,DR_SF2,DR_SF3,DR_SF4,VTRAFWAY,VNUM_LAN,VSPD_LIM,VALIGN,VPROFILE,VPAVETYP,VSURCOND,VTRAFCON,VTCONT_F,P_CRASH1,P_CRASH2,P_CRASH3,PCRASH4,PCRASH5,ACC_TYPE,DEATHS,DR_DRINK
6,60334,1,2,2,5,2,0,3,12,2,1,0,6,1,7,482,7482,31,1996,3B7HC13YXTG1,3,B,7,H,C,1,3,Y,X,T,G,1,0,T,DODG,150,PC,96,17,,2,1547,1387,RPC,G,,,8,318,,,,B,4333,01,M,42,0,0,000000000,00000000000,0,0,0,1,0,0,0,0,0,0,0,55,0,0,0,12,12,6,2,12,0,0,0,1,6,95050,6,1,6,0,3,0,71,400,0,0,0,0,0,0,0,0,0,9,0,0,0,0,1,2,55,1,1,2,1,0,0,1,10,1,1,2,50,0,1
6,60334,2,2,1,5,2,0,3,12,2,1,0,6,1,37,31,37031,4,1999,999999999999,9,9,9,9,9,9,9,9,9,9,9,9,0,,,,,,,,,,,,,,,,,,,,,,,,,0,0,000000000,00000000000,0,0,0,1,0,0,0,0,0,0,0,999,0,0,0,12,12,6,2,12,0,0,0,1,6,95330,6,1,0,0,3,0,66,175,0,0,0,1,0,6,2010,6,2010,0,0,0,0,0,1,2,55,1,1,2,1,0,0,1,62,6,1,2,51,1,0
6,60335,1,2,5,15,2,23,45,12,6,1,0,41,1,23,471,23471,30,2001,1GKDT13W0121,1,G,K,D,T,1,3,W,0,1,2,1,0,T,GMC,JMY,4W,1,17,,1,0,1070,JMY,G,,,6,262,,,,B,4133,00,E,44,0,0,000000000,00000000000,0,0,0,1,0,0,0,0,0,0,0,60,0,0,0,81,81,6,2,12,0,0,0,1,41,97601,6,1,0,0,3,0,71,155,0,0,0,0,0,0,0,0,0,1,92,0,0,0,1,2,65,1,6,2,3,0,0,1,6,1,4,2,64,3,0
6,60335,2,2,1,15,2,23,45,12,6,1,0,41,3,87,881,87881,66,2002,1XP5DB9X02D5,1,X,P,5,D,B,9,X,0,2,D,5,1,T,PTRB,379,TR,2,17,,8,0,0,CON,D,,,6,893,,,,,00000,00,,64,1,57,749714,57749714,3,6,1,1,0,0,0,0,0,0,0,30,0,0,0,12,12,4,3,12,0,0,0,1,41,97031,6,1,6,0,3,3,72,275,0,0,0,0,0,0,0,0,0,0,0,0,0,0,1,2,65,1,5,2,3,0,0,1,62,2,1,1,65,0,0
6,60336,1,2,22,21,2,11,45,12,2,1,0,6,2,90,981,90981,50,1998,1BAAMCSA9WF0,1,B,A,A,M,C,S,A,9,W,F,0,0,T,BLUI,,,98,17,,,,,,,,,,,,,,,,,,,0,6,203083,06203083,2,21,22,1,0,0,0,0,1,0,0,40,0,0,0,12,12,6,2,99,0,0,0,1,6,90058,6,1,6,0,3,0,63,125,0,0,0,0,0,0,0,0,0,0,28,0,0,0,1,2,35,2,2,2,2,0,0,14,10,1,1,2,50,1,0
6,60336,2,2,2,21,2,11,45,12,2,1,0,6,1,35,49,35049,6,2006,JN8AZ08W86W5,J,N,8,A,Z,0,8,W,8,6,W,5,0,P,NISS,MUR,UT,6,17,3855,,0,1112,,G,,F,6,213,,,18R235,,,,,,0,0,000000000,00000000000,0,0,0,1,0,0,0,0,0,0,0,25,0,0,0,12,12,4,3,12,0,0,0,1,6,92321,6,1,6,0,3,3,71,175,0,0,0,0,0,0,0,0,0,0,0,0,0,0,1,2,35,3,1,2,1,0,0,14,62,7,1,1,51,0,0
6,60337,1,1,1,21,2,12,15,1,0,1,0,37,1,2,404,2404,14,2006,1J4GS48K96C1,1,J,4,G,S,4,8,K,9,6,C,1,0,T,JEEP,LCF,4W,6,17,,1,0,1095,GCK,G,,,6,226,,,,,4181,00,E,42,0,0,000000000,00000000000,0,0,0,1,0,0,0,0,0,0,0,40,0,2,6,0,0,6,2,1,0,0,0,1,37,27519,6,1,0,0,3,3,68,160,0,0,0,1,0,6,2009,6,2009,0,28,0,0,0,1,2,55,2,6,2,1,0,0,1,12,1,1,4,6,1,0
6,60338,1,1,1,21,2,18,40,31,0,1,0,6,1,12,481,12481,31,2002,999999999999,9,9,9,9,9,9,9,9,9,9,9,9,0,,,,,,,,,,,,,,,,,,,,,,,,,0,0,000000000,00000000000,0,0,0,1,0,0,0,0,0,0,0,998,0,0,0,61,61,4,4,31,0,0,0,1,6,90723,0,0,0,0,0,0,72,225,0,0,0,0,0,0,0,0,0,0,24,31,0,0,1,2,25,1,1,2,1,0,0,1,14,1,1,4,14,1,0
6,60339,1,2,1,21,2,19,51,12,6,1,0,6,1,12,481,12481,31,1960,F10J0R41029,F,1,0,J,0,R,4,1,0,2,9,,0,T,FORD,,,60,11,,,,,,,,,,,,,,,,,,,0,0,000000000,00000000000,0,0,0,1,0,0,0,0,0,0,0,45,0,0,0,61,61,6,2,12,0,0,0,1,6,93648,6,1,6,0,3,3,70,181,3,0,0,3,1,2,2009,3,2010,0,48,0,0,0,2,2,55,1,1,2,1,0,0,12,10,1,1,2,98,1,1
6,60339,2,2,1,21,2,19,51,12,6,1,0,6,2,13,421,13421,15,1999,5LMRU27L7XLJ,5,L,M,R,U,2,7,L,7,X,L,J,0,P,LINC,NAV,UT,99,17,5150,,0,1190,,G,,F,8,330,,,16R245,,,,,,0,0,000000000,00000000000,0,0,0,1,0,0,0,0,0,0,0,48,0,0,0,12,12,6,2,12,0,0,0,1,6,93703,3,1,0,0,2,0,63,125,0,0,0,0,0,0,0,0,0,0,92,0,0,0,1,2,55,1,1,2,1,0,0,1,98,8,2,1,98,0,0
6,60340,1,2,1,21,2,21,0,31,0,1,0,6,1,23,422,23422,15,2006,1GKEC16Z26J1,1,G,K,E,C,1,6,Z,2,6,J,1,0,T,GMC,CX1,4W,6,17,,2,0,1300,YUK,F,,,8,323,,,,B,5269,00,4,42,0,0,000000000,00000000000,0,0,0,1,0,0,0,0,0,0,0,999,0,1,6,99,0,6,2,1,0,0,0,1,6,92040,6,1,0,0,3,0,70,210,1,0,0,0,0,4,2009,4,2009,0,0,0,0,0,1,2,50,3,5,2,1,0,0,14,12,6,1,4,98,1,1
6,60340,2,2,2,21,2,21,0,31,0,1,0,6,2,7,422,7422,15,2006,1D4HD482X6F1,1,D,4,H,D,4,8,2,X,6,F,1,0,P,DODG,DUR,UT,6,17,4549,,0,1192,,G,,F,8,348,,,17R245,,,,,,0,0,000000000,00000000000,0,0,0,1,0,0,0,0,0,0,0,35,0,0,0,12,12,6,2,12,0,0,0,1,6,92040,0,0,0,0,0,0,71,250,0,0,0,0,0,0,0,0,0,0,92,58,0,0,1,2,50,2,6,2,1,0,0,14,63,2,1,1,98,0,0
6,60341,1,1,3,22,2,17,45,9,0,1,0,6,1,7,402,7402,14,1999,1B4HS28Y0XF6,1,B,4,H,S,2,8,Y,0,X,F,6,0,P,DODG,DUR,UT,99,17,4397,,0,1159,,G,,F,8,318,,,15R235,,,,,,0,0,000000000,00000000000,0,0,0,1,0,0,0,0,0,0,0,998,0,0,0,12,12,0,3,9,0,0,0,1,6,95825,6,1,0,0,3,0,66,170,0,0,0,1,2,11,2008,6,2010,0,0,0,0,0,1,2,25,1,1,2,1,0,0,1,83,1,1,1,13,0,0
6,60342,1,1,1,22,2,18,7,8,0,1,0,6,1,63,38,63038,4,2010,KNAFU4A25A51,K,N,A,F,U,4,A,2,5,A,5,1,0,P,KIA,FEX,4D,10,17,2707,,0,1043,,G,,F,4,122,,,15R195,,,,,,0,0,000000000,00000000000,0,0,0,1,0,0,0,0,0,0,0,998,0,0,0,12,12,2,1,8,0,0,0,1,6,93611,6,1,0,0,3,3,63,160,0,0,0,0,0,0,0,0,0,0,0,0,0,0,5,4,40,1,1,2,1,0,0,1,80,3,1,1,13,0,0
6,60343,1,2,1,22,2,18,33,12,2,1,0,6,1,37,31,37031,4,1989,1HGED3654KA1,1,H,G,E,D,3,6,5,4,K,A,1,0,P,HOND,CLX,4D,89,17,2072,,0,984,,G,,F,4,091,,,13R175,,,,,,0,0,000000000,00000000000,0,0,0,1,0,0,0,0,0,0,0,999,0,0,0,12,12,6,2,12,0,0,0,1,15,94402,6,1,0,0,3,3,63,120,0,0,0,0,0,0,0,0,0,0,28,0,0,0,1,4,55,1,1,2,1,0,0,1,10,1,1,2,50,1,0
6,60343,2,2,6,22,2,18,33,12,2,1,0,6,2,20,431,20431,16,2001,3GNEC16T21G2,3,G,N,E,C,1,6,T,2,1,G,2,0,P,CHEV,C15,UT,1,17,4914,,0,1300,,G,,F,8,325,,,16R245,,,,,,0,0,000000000,00000000000,0,0,0,1,0,0,0,0,0,0,0,60,0,0,0,12,12,6,2,12,0,0,0,1,6,92008,6,1,0,0,3,0,69,150,0,0,0,0,0,0,0,0,0,0,0,0,0,0,1,4,55,1,1,2,1,0,0,1,62,1,1,1,51,0,0
6,60344,1,1,1,22,2,20,36,8,0,1,0,6,2,12,401,12401,14,1998,1FMZU35P8WZA,1,F,M,Z,U,3,5,P,8,W,Z,A,0,P,FORD,EPR,UT,98,17,4374,,0,1115,,G,,F,8,302,,,15R225,,,,,,0,0,000000000,00000000000,0,0,0,1,0,0,0,0,0,0,0,998,0,0,0,12,12,8,3,8,0,0,0,1,6,95139,6,1,0,0,3,0,73,250,0,0,0,0,0,0,0,0,0,0,0,0,0,0,3,2,55,1,1,2,1,0,0,1,80,1,1,1,13,0,0
6,60345,1,1,1,23,2,6,1,8,0,1,0,6,1,12,481,12481,31,1970,F10YRJ16168,F,1,0,Y,R,J,1,6,1,6,8,,0,T,FORD,F10,PK,70,11,,1,1590,1150,COF,G,,,8,360,,,,B,,,,42,0,0,000000000,00000000000,0,0,0,1,0,0,0,0,0,0,0,62,0,0,0,12,12,2,3,8,0,0,0,1,6,95126,6,1,0,0,3,0,71,275,0,0,0,0,0,0,0,0,0,1,38,57,0,0,1,4,35,1,1,2,1,0,0,1,80,1,2,1,13,0,0
6,60346,1,2,1,23,2,9,35,12,6,1,0,6,2,52,46,52046,4,2004,JA3AJ26E14U0,J,A,3,A,J,2,6,E,1,4,U,0,0,P,MITS,LES,4D,4,17,2656,,0,1024,,G,,F,4,122,,,14R185,,,,,,0,0,000000000,00000000000,0,0,0,1,0,0,0,0,0,0,0,998,0,0,0,12,12,2,1,12,0,0,0,1,6,90036,6,1,0,0,3,0,60,100,1,0,0,0,0,12,2010,12,2010,0,38,0,0,0,1,4,35,1,1,2,1,2,3,11,15,1,1,2,68,0,0
6,60346,2,2,1,23,2,9,35,12,6,1,0,6,1,98,706,98706,80,2009,4MZAX03L4933,4,M,Z,A,X,0,3,L,4,9,3,3,0,U,,,,9,17,,,,,,,,,,,,,,,,,,,0,0,000000000,00000000000,0,0,0,1,0,0,0,0,0,0,0,998,0,0,0,61,61,4,3,12,0,0,0,1,42,15401,6,1,0,0,3,0,72,200,0,0,0,0,0,0,0,0,0,0,0,0,0,0,1,4,35,1,1,2,1,2,3,1,17,1,1,1,69,1,0
6,60347,1,2,1,23,2,14,15,12,8,1,0,6,1,20,401,20401,14,1998,1GNCS18WXWK1,1,G,N,C,S,1,8,W,X,W,K,1,0,P,CHEV,BZR,UT,98,17,3515,,0,1005,,G,,F,6,262,,,15R235,,,,,,0,0,000000000,00000000000,0,0,0,1,0,0,0,0,0,0,0,48,0,0,0,62,62,6,2,12,0,0,0,1,6,94061,6,1,0,0,3,0,69,190,0,0,0,0,2,5,2009,10,2009,1,0,0,0,0,1,2,45,2,5,8,1,0,0,14,10,11,1,2,64,1,0
6,60347,2,2,1,23,2,14,15,12,8,1,0,6,3,87,881,87881,66,2001,1XPFDB9X81D5,1,X,P,F,D,B,9,X,8,1,D,5,1,T,PTRB,378,TR,1,17,,8,0,0,CON,D,,,6,893,,,,,00000,00,,64,1,6,13987,0613987,3,6,1,1,0,0,0,0,0,0,0,25,0,0,0,63,63,2,1,12,0,0,0,1,6,94401,6,1,6,0,3,0,72,190,1,0,0,0,2,9,2008,12,2009,0,0,0,0,0,1,2,45,3,6,8,1,0,0,14,62,1,1,1,65,0,0
6,60348,1,1,1,28,2,0,15,31,0,1,0,6,2,59,401,59401,14,2001,JTJHF10U6102,J,T,J,H,F,1,0,U,6,1,0,2,0,P,LEXS,RX3,UT,1,17,3924,,0,1031,,G,,F,6,183,,,16R225,,,,,,0,0,000000000,00000000000,0,0,0,1,0,0,0,0,0,0,0,999,0,2,6,12,0,6,2,1,0,0,0,1,6,93619,6,1,0,0,3,0,74,215,0,0,0,0,0,0,0,0,0,1,0,0,0,0,3,2,70,1,1,1,1,0,0,1,13,6,1,4,1,1,1
6,60349,1,3,2,28,2,6,45,12,6,1,0,6,1,20,19,20019,4,1992,1G1LT53T8NY2,1,G,1,L,T,5,3,T,8,N,Y,2,0,P,CHEV,COL,4D,92,17,2638,,0,1034,,G,,F,6,191,,,14R185,,,,,,0,0,000000000,00000000000,0,0,0,1,0,0,0,0,0,0,0,998,0,0,0,12,12,6,2,12,0,0,0,1,6,92154,3,1,0,0,2,0,66,130,0,0,0,0,0,0,0,0,0,0,39,92,0,0,5,4,35,1,6,8,1,3,3,1,17,1,1,1,69,1,0
6,60349,2,3,2,28,2,6,45,12,6,1,0,6,1,35,421,35421,15,2007,5N1AA08A97N7,5,N,1,A,A,0,8,A,9,7,N,7,0,P,NISS,ARM,UT,7,17,5133,,0,1232,,G,,F,8,342,,,17R285,,,,,,0,0,000000000,00000000000,0,0,0,1,0,0,0,0,0,0,0,998,0,0,0,62,62,6,2,12,0,0,0,1,6,92154,6,1,0,0,3,0,68,160,0,0,0,0,0,0,0,0,0,0,0,0,0,0,1,2,25,1,1,8,1,3,3,11,15,1,1,1,68,0,0
6,60349,3,3,2,28,2,6,45,12,6,1,0,6,3,12,461,12461,21,2003,1FTSE34L13HB,1,F,T,S,E,3,4,L,1,3,H,B,0,T,FORD,3SD,CG,3,17,,2,0,1380,VAN,G,,,8,330,,,,D,00000,00,E,42,0,6,370900,06370900,2,1,1,1,0,0,0,0,0,0,0,0,0,0,0,12,12,2,1,12,0,0,0,1,6,92021,6,1,0,0,3,0,68,225,0,0,0,0,0,0,0,0,0,0,0,0,0,0,5,4,35,1,5,8,1,3,3,5,62,1,1,1,98,0,0
6,60350,1,2,1,28,2,7,33,12,2,1,0,6,1,37,31,37031,4,1990,JHMCB7660LC0,J,H,M,C,B,7,6,6,0,L,C,0,0,P,HOND,AER,4D,90,17,2923,,0,1071,,G,,F,4,132,,,15R195,,,,,,0,0,000000000,00000000000,0,0,0,1,0,0,0,0,0,0,0,55,0,0,0,12,12,6,2,12,0,0,0,1,6,95327,6,1,0,0,3,0,61,130,0,0,0,0,0,0,0,0,0,0,28,58,0,0,1,2,55,1,1,2,1,0,0,1,10,6,1,2,50,1,0
6,60350,2,2,2,28,2,7,33,12,2,1,0,6,1,23,481,23481,31,1979,TKL249Z50291,T,K,L,2,4,9,Z,5,0,2,9,1,0,T,GMC,K25,PK,79,13,,2,1315,1295,K25,G,,,8,350,,,,CD,4643,01,,44,0,0,000000000,00000000000,0,0,0,1,0,0,0,0,0,0,0,55,0,0,0,12,12,6,2,12,0,0,0,1,6,95249,6,1,0,0,3,0,72,145,0,0,0,0,0,0,0,0,0,0,0,0,0,0,1,2,55,1,1,2,1,0,0,1,62,6,1,1,51,0,0
6,60351,1,3,2,28,2,11,45,12,8,1,0,6,1,49,403,49403,14,2001,JTEGF21A6100,J,T,E,G,F,2,1,A,6,1,0,0,0,P,TOYT,HIG,UT,1,17,3660,,0,1069,,G,,F,6,183,,,16R225,,,,,,0,0,000000000,00000000000,0,0,0,1,0,0,0,0,0,0,0,65,0,0,0,82,82,6,2,12,0,0,0,1,6,95616,6,1,0,0,3,0,65,203,0,0,0,0,0,0,0,0,0,0,51,0,0,0,2,2,65,1,1,1,1,0,0,1,98,1,1,1,66,1,1
6,60351,2,3,1,28,2,11,45,12,8,1,0,6,1,7,442,7442,20,2000,1B4GP44R6YB6,1,B,4,G,P,4,4,R,6,Y,B,6,0,T,DODG,GSS,ES,0,17,,1,0,1193,CAR,G,,,6,201,,,,,3863,00,E,42,0,0,000000000,00000000000,0,0,0,1,0,0,0,0,0,0,0,65,0,0,0,82,82,6,2,12,0,0,0,1,6,95901,6,1,0,0,3,3,67,162,0,0,0,0,0,0,0,0,0,0,0,0,0,0,2,2,65,1,1,1,1,0,0,1,54,6,1,1,66,0,0
6,60351,3,3,1,28,2,11,45,12,8,1,0,6,1,12,401,12401,14,1994,1FMDU34X4RUD,1,F,M,D,U,3,4,X,4,R,U,D,0,P,FORD,EPR,UT,94,17,4053,,0,1120,,G,,F,6,245,,,15R225,,,,,,0,0,000000000,00000000000,0,0,0,1,0,0,0,0,0,0,0,65,0,1,1,62,0,6,2,1,0,0,0,1,6,94538,6,1,0,0,3,0,70,160,0,0,0,0,1,2,2010,2,2010,0,0,0,0,0,2,2,65,1,1,1,1,0,0,1,54,7,1,2,98,0,0
6,60352,1,1,2,28,2,20,45,8,0,1,0,6,1,35,39,35039,4,1994,JN1HJ01FXRT2,J,N,1,H,J,0,1,F,X,R,T,2,0,P,NISS,MGX,4D,94,17,3024,,0,1043,,G,,F,6,181,,,15R205,,,,,,0,0,000000000,00000000000,0,0,0,1,0,0,0,0,0,0,0,998,0,0,0,12,12,6,2,8,0,0,0,1,6,90503,6,1,0,0,3,0,63,150,0,0,0,0,0,0,0,0,0,0,0,0,0,0,3,2,35,1,1,8,1,0,0,1,80,1,1,1,13,0,0
6,60353,1,1,1,28,2,21,13,33,0,1,0,6,1,99,709,99709,80,2006,1B9HB28816B5,1,B,9,H,B,2,8,8,1,6,B,5,0,U,,,,6,17,,,,,,,,,,,,,,,,,,,0,0,000000000,00000000000,0,0,0,1,0,0,0,0,0,0,0,999,0,0,0,12,0,6,2,1,0,0,0,1,6,91790,0,0,0,0,0,0,70,180,0,0,0,0,0,0,0,0,0,0,92,0,0,0,6,1,55,1,1,8,1,0,0,1,12,1,1,4,6,1,1
6,60354,1,3,1,1,3,8,22,12,6,1,0,6,1,12,18,12018,3,1991,1ZVPT20C7M51,1,Z,V,P,T,2,0,C,7,M,5,1,0,P,FORD,PGL,2H,91,17,2730,,0,990,,G,,F,4,133,,,14R185,,,,,,0,0,000000000,00000000000,0,0,0,1,0,0,0,0,0,0,0,998,0,0,0,12,61,6,2,12,0,0,0,1,6,93277,6,1,0,0,3,3,59,120,0,0,0,0,0,0,0,0,0,0,39,0,0,0,1,2,25,1,1,8,1,20,3,1,17,1,1,1,86,1,0
6,60354,2,3,1,1,3,8,22,12,6,1,0,6,1,35,47,35047,4,2008,1N4AL21EX8N4,1,N,4,A,L,2,1,E,X,8,N,4,0,P,NISS,ATS,4D,8,17,3028,,0,1093,,G,,F,4,153,,,16R215,,,,,,0,0,000000000,00000000000,0,0,0,1,0,0,0,0,0,0,0,998,0,0,0,81,81,4,3,12,0,0,0,1,6,93291,6,1,0,0,3,3,68,123,0,0,0,0,0,0,0,0,0,0,0,0,0,0,1,2,35,1,1,8,1,0,0,1,17,1,1,1,87,0,0
6,60354,3,3,2,1,3,8,22,12,6,1,0,6,1,7,402,7402,14,2003,1D4HR38N33F5,1,D,4,H,R,3,8,N,3,3,F,5,0,P,DODG,DUR,UT,3,17,4256,,0,1160,,G,,F,8,287,,,16R245,,,,,,0,0,000000000,00000000000,0,0,0,1,0,0,0,0,0,0,0,998,0,0,0,12,12,4,3,12,0,0,0,1,6,93277,6,1,0,0,3,0,72,164,0,0,0,0,0,0,0,0,0,0,0,0,0,0,1,2,35,1,1,8,1,0,0,1,17,1,1,1,98,0,0
6,60355,1,1,3,3,3,1,13,33,0,1,0,6,2,64,33,64033,4,2000,KLAVA6928YB2,K,L,A,V,A,6,9,2,8,Y,B,2,0,P,DAEW,LCS,4D,0,17,3119,,0,1051,,G,,F,4,134,,,15R205,,,,,,0,0,000000000,00000000000,0,0,0,1,0,0,0,0,0,0,0,998,0,0,0,12,12,6,2,42,0,0,0,1,6,95973,6,1,0,0,3,0,63,275,0,0,0,0,0,0,0,0,0,0,0,0,0,0,1,2,30,1,1,8,1,0,0,1,12,1,1,4,6,1,1
6,60356,1,1,4,19,1,7,15,42,0,1,0,6,1,12,401,12401,14,1994,1FMCU22X9RUB,1,F,M,C,U,2,2,X,9,R,U,B,0,P,FORD,EPR,UT,94,17,3646,,0,1020,,G,,F,6,245,,,15R225,,,,,,0,0,000000000,00000000000,0,0,0,1,0,0,0,0,0,0,0,55,0,0,0,62,62,6,2,42,0,0,0,1,6,92386,6,1,0,0,3,0,68,210,0,1,0,0,0,12,2009,12,2009,1,0,0,0,0,1,2,55,1,5,2,4,40,3,1,5,99,3,4,2,2,0
6,60357,1,1,2,27,2,2,33,42,0,1,0,6,2,49,32,49032,4,1987,JT2AE83E7H35,J,T,2,A,E,8,3,E,7,H,3,5,0,P,TOYT,CLF,4D,87,17,2145,,0,957,,G,,2,4,097,,,13R155,,,,,,0,0,000000000,00000000000,0,0,0,1,0,0,0,0,0,0,0,65,0,0,0,12,12,6,2,42,0,0,1,1,6,94801,6,1,0,0,3,0,66,140,0,0,0,0,0,0,0,0,0,0,48,0,0,0,3,4,65,1,1,1,1,0,0,1,13,1,1,4,1,2,0
6,60358,1,1,1,5,3,19,4,8,0,1,0,6,1,55,37,55037,2,2006,KMHHM65D66U2,K,M,H,H,M,6,5,D,6,6,U,2,0,P,HYUN,TGS,CP,6,17,2898,,0,996,,G,,F,4,121,,,16R205,,,,,,0,0,000000000,00000000000,0,0,0,1,0,0,0,0,0,0,0,23,0,0,0,12,12,2,1,8,0,0,0,1,6,92503,6,1,0,0,3,0,69,190,0,3,1,0,0,9,2008,10,2008,0,0,0,0,0,2,2,35,1,1,2,1,0,0,1,80,1,1,1,13,0,0
6,60359,1,1,2,5,3,19,15,8,0,1,1,6,3,52,34,52034,4,2008,4A3AB76T68E0,4,A,3,A,B,7,6,T,6,8,E,0,0,P,MITS,GRL,4D,8,17,3748,,0,1083,,G,,F,6,234,,,18R235,,,,,,0,0,000000000,00000000000,0,0,0,1,0,0,0,0,0,0,0,58,0,0,0,12,12,4,1,8,0,0,0,1,6,93001,6,1,0,0,3,0,70,168,0,0,0,1,0,7,2010,7,2010,1,91,0,0,0,5,2,45,1,1,2,1,0,0,1,80,1,1,1,13,0,1
6,60360,1,2,1,5,3,19,20,8,0,1,0,6,1,24,7,24007,4,2004,1G8AN12F04Z1,1,G,8,A,N,1,2,F,0,4,Z,1,0,P,STRN,SI2,C4,4,17,2831,,0,1032,,G,,F,4,134,,,15R195,,,,,,0,0,000000000,00000000000,0,0,0,1,0,0,0,0,0,0,0,998,0,0,0,12,12,2,3,8,0,0,0,1,6,95828,6,1,0,0,3,3,67,150,1,0,0,0,4,10,2008,3,2011,0,0,0,0,0,2,3,45,1,1,2,2,0,0,1,80,8,1,1,13,0,0
6,60360,2,2,1,5,3,19,20,8,0,1,0,6,1,49,40,49040,4,2005,4T1BE32K45U0,4,T,1,B,E,3,2,K,4,5,U,0,0,P,TOYT,XLL,4D,5,17,3108,,0,1071,,G,,F,4,144,,,15R205,,,,,,0,0,000000000,00000000000,0,0,0,1,0,0,0,0,0,0,0,998,0,0,0,98,98,0,1,8,0,0,0,1,6,95843,6,1,0,0,3,0,72,250,0,0,0,0,1,6,2010,6,2010,1,0,0,0,0,2,3,45,1,1,2,2,0,0,1,80,9,1,2,98,0,0
6,60361,1,5,1,5,3,23,59,12,8,1,0,6,1,7,20,7020,4,2004,1B3ES26CX4D5,1,B,3,E,S,2,6,C,X,4,D,5,0,P,DODG,BSE,4D,4,17,2584,,0,1040,,G,,F,4,122,,,14R175,,,,,,0,0,000000000,00000000000,0,0,0,1,0,0,0,0,0,0,0,55,0,0,0,11,81,6,2,12,0,0,0,1,6,94555,1,1,0,0,2,3,60,130,2,7,2,2,0,9,2008,8,2010,0,92,35,0,0,1,2,55,1,1,2,2,0,0,6,10,1,1,2,64,1,1
6,60361,2,5,3,5,3,23,59,12,8,1,0,6,1,49,46,49046,5,2007,JTDKB20U8732,J,T,D,K,B,2,0,U,8,7,3,2,0,P,TOYT,PRI,4H,7,17,2932,,0,1063,,B,,F,4,091,,,15R185,,,,,,0,0,000000000,00000000000,0,0,0,1,0,0,0,0,0,0,0,55,0,1,6,7,0,6,2,12,36,0,0,1,6,94513,6,1,0,0,3,0,72,240,1,0,0,0,1,12,2008,1,2009,0,0,0,0,0,1,2,55,1,1,2,2,0,0,1,62,7,1,1,65,0,0
6,60361,3,5,1,5,3,23,59,12,8,1,0,6,1,34,34,34034,1,2009,WBAWR33589P4,W,B,A,W,R,3,3,5,8,9,P,4,0,P,BMW,3SV,CV,9,17,3858,,0,1087,,G,,F,6,183,,,17R225,,,,,,0,0,000000000,00000000000,0,0,0,1,0,0,0,0,0,0,0,55,0,0,0,61,61,4,3,12,0,0,0,1,6,94513,6,1,0,0,3,3,65,130,2,0,0,0,0,1,2009,4,2009,0,0,0,0,0,1,2,55,1,1,2,2,0,0,1,62,1,1,1,98,0,0
6,60361,4,5,1,5,3,23,59,12,8,1,0,6,2,59,31,59031,4,1997,JT8BF22G0V50,J,T,8,B,F,2,2,G,0,V,5,0,0,P,LEXS,ES3,4D,97,17,3296,,0,1051,,G,,F,6,183,,,15R205,,,,,,0,0,000000000,00000000000,0,0,0,1,0,0,0,0,0,0,0,50,0,0,0,61,61,4,3,12,0,0,0,1,6,94561,1,1,0,0,2,0,61,107,0,1,0,0,0,7,2008,7,2008,0,92,0,0,0,1,2,50,1,1,2,2,0,0,1,62,1,1,1,98,0,0
6,60361,5,5,1,5,3,23,59,12,8,1,0,6,2,12,37,12037,4,2000,1FAFP3430YW2,1,F,A,F,P,3,4,3,0,Y,W,2,0,P,FORD,FSS,4D,0,17,2564,,0,1030,,G,,F,4,121,,,15R195,,,,,,0,0,000000000,00000000000,0,0,0,1,0,0,0,0,0,0,0,55,0,0,0,12,12,6,2,12,0,0,0,1,6,94505,6,1,0,0,3,0,72,150,0,0,0,0,0,0,0,0,0,0,0,0,0,0,1,2,55,1,1,2,2,0,0,1,62,1,1,1,98,0,0
6,60362,1,1,1,19,1,0,40,8,0,1,0,6,2,14,17,14017,4,2002,1MEFM50U22G6,1,M,E,F,M,5,0,U,2,2,G,6,0,P,MERC,SGP,4D,2,17,3379,,0,1085,,G,,F,6,182,,,16R215,,,,,,0,0,000000000,00000000000,0,0,0,1,0,0,0,0,0,0,0,998,0,0,0,12,12,4,1,8,0,0,0,1,36,10463,6,1,0,0,3,0,69,210,0,0,0,0,0,0,0,0,0,0,0,0,0,0,1,4,35,1,1,2,1,0,0,1,80,1,1,1,13,0,0