STATE,ST_CASE,VEH_NO,VE_FORMS,NUMOCCS,DAY,MONTH,HOUR,MINUTE,HARM_EV,MAN_COLL,UNITTYPE,HIT_RUN,REG_STAT,OWNER,MAKE,MODEL,MAK_MOD,BODY_TYP,MOD_YEAR,VIN,VIN_1,VIN_2,VIN_3,VIN_4,VIN_5,VIN_6,VIN_7,VIN_8,VIN_9,VIN_10,VIN_11,VIN_12,TOW_VEH,VINTYPE,VINMAKE,VINA_MOD,VIN_BT,VINMODYR,VIN_LNGT,VIN_WGT,WGTCD_TR,WHLBS_LG,WHLBS_SH,SER_TR,FUELCODE,MCYCL_DS,CARBUR,CYLINDER,DISPLACE,MCYCL_CY,MCYCL_WT,TIRE_SZE,TON_RAT,TRK_WT,TRKWTVAR,VIN_REST,WHLDRWHL,J_KNIFE,MCARR_I1,MCARR_I2,MCARR_ID,GVWR,V_CONFIG,CARGO_BT,HAZ_INV,HAZ_PLAC,HAZ_ID,HAZ_CNO,HAZ_REL,BUS_USE,SPEC_USE,EMER_USE,TRAV_SP,UNDERIDE,ROLLOVER,ROLINLOC,IMPACT1,IMPACT2,DEFORMED,TOWED,M_HARM,VEH_SC1,VEH_SC2,FIRE_EXP,DR_PRES,L_STATE,DR_ZIP,L_STATUS,L_TYPE,CDL_STAT,L_ENDORS,L_COMPL,L_RESTRI,DR_HGT,DR_WGT,PREV_ACC,PREV_SUS,PREV_DWI,PREV_SPD,PREV_OTH,FIRST_MO,FIRST_YR,LAST_MO,LAST_YR,SPEEDREL,DR_SF1,DR_SF2,DR_SF3,DR_SF4,VTRAFWAY,VNUM_LAN,VSPD_LIM,VALIGN,VPROFILE,VPAVETYP,VSURCOND,VTRAFCON,VTCONT_F,P_CRASH1,P_CRASH2,P_CRASH3,PCRASH4,PCRASH5,ACC_TYPE,DEATHS,DR_DRINK
6,60363,1,2,1,19,1,0,50,12,2,1,0,6,2,42,31,42031,4,1996,WDBHA22E1TF4,W,D,B,H,A,2,2,E,1,T,F,4,0,P,MERZ,C22,4D,96,17,3095,,0,1059,,G,,F,4,134,,,15R195,,,,,,0,0,000000000,00000000000,0,0,0,1,0,0,0,0,0,0,0,999,0,0,0,12,12,6,2,12,0,0,0,1,6,90280,6,1,0,0,3,0,69,163,0,0,0,0,0,0,0,0,0,0,51,0,0,0,3,5,65,1,1,1,1,0,0,1,54,1,1,1,52,0,1
6,60363,2,2,2,19,1,0,50,12,2,1,0,6,2,49,49,49049,6,2006,JTLKT3243641,J,T,L,K,T,3,2,4,3,6,4,1,0,P,TOYT,SXB,UT,6,17,2395,,0,984,,G,,F,4,092,,,15R185,,,,,,0,0,000000000,00000000000,0,0,0,1,0,0,0,0,0,0,0,999,0,0,0,12,12,6,2,12,0,0,0,1,6,91765,6,1,0,0,3,0,70,150,0,0,0,0,0,0,0,0,0,0,0,0,0,0,3,5,65,1,1,1,1,0,0,1,54,1,1,1,52,2,0
6,60364,1,2,1,19,1,8,20,12,6,1,0,6,1,20,481,20481,31,2001,1GCEC19W81Z1,1,G,C,E,C,1,9,W,8,1,Z,1,0,T,CHEV,SC1,4C,1,17,,2,1575,1435,SIL,G,,,6,262,,,,B,4413,00,,42,0,0,000000000,00000000000,0,0,0,1,0,0,0,0,0,0,0,25,0,0,0,12,12,4,3,12,0,0,0,1,6,92223,6,1,0,0,3,3,69,280,1,0,0,0,0,12,2009,12,2009,0,48,0,0,0,3,2,65,1,1,1,1,0,0,12,10,1,1,2,98,0,0
6,60364,2,2,3,19,1,8,20,12,6,1,0,6,1,49,40,49040,4,2003,4T1BE32K43U1,4,T,1,B,E,3,2,K,4,3,U,1,0,P,TOYT,UXS,4D,3,17,2993,,0,1071,,G,,F,4,144,,,15R205,,,,,,0,0,000000000,00000000000,0,0,0,1,0,0,0,0,0,0,0,60,0,0,0,3,3,4,3,12,0,0,0,1,6,92201,6,1,0,0,3,0,65,125,0,0,0,0,0,0,0,0,0,0,0,0,0,0,3,2,65,1,1,1,1,0,0,1,61,1,1,1,98,1,0
6,60365,1,3,1,10,2,16,40,12,1,1,0,6,1,72,706,72706,80,2008,1HD1BX53X8Y0,1,H,D,1,B,X,5,3,X,8,Y,0,0,M,HD,FLF,RS,8,17,,,,,,,1584,,2,,4,714,,,,,,,0,0,000000000,00000000000,0,0,0,1,0,0,0,0,0,0,0,75,0,0,0,12,12,4,3,12,0,0,0,1,6,95131,6,1,0,0,3,0,74,225,0,0,0,0,0,0,0,0,0,1,0,0,0,0,3,5,65,1,1,1,1,0,0,6,51,1,1,1,24,1,1
6,60365,2,3,1,10,2,16,40,12,1,1,1,99,9,99,999,99999,99,9999,999999999999,9,9,9,9,9,9,9,9,9,9,9,9,1,,,,,,,,,,,,,,,,,,,,,,,,,1,99,999999999,99999999999,9,99,99,1,0,0,0,0,0,0,0,63,0,0,0,6,6,9,1,12,0,0,0,1,99,99999,9,9,99,9,9,9,999,999,99,99,99,99,99,99,9999,99,9999,0,99,99,99,99,3,5,55,1,1,1,1,0,0,1,53,1,1,1,25,0,0
6,60365,3,3,2,10,2,16,40,12,1,1,0,6,1,20,421,20421,15,1995,3GNEK18K8SG1,3,G,N,E,K,1,8,K,8,S,G,1,0,P,CHEV,KTA,UT,95,17,4747,,0,1115,,G,,F,8,350,,,16R245,,,,,,0,0,000000000,00000000000,0,0,0,1,0,0,0,0,0,0,0,63,0,0,0,14,14,0,3,12,0,0,0,1,6,94587,6,1,0,0,3,0,70,230,0,0,0,0,0,0,0,0,0,0,0,0,0,0,3,5,65,1,1,1,1,0,0,1,50,2,1,1,98,0,0
6,60366,1,2,1,10,2,18,31,33,0,1,0,6,1,59,403,59403,14,2008,2T2GK31UX8C0,2,T,2,G,K,3,1,U,X,8,C,0,0,P,LEXS,RX5,UT,8,17,3870,,0,1069,,G,,F,6,211,,,17R225,,,,,,0,0,000000000,00000000000,0,0,0,1,0,0,0,0,0,0,0,62,0,0,0,14,12,6,2,20,0,0,0,1,6,94513,6,1,6,0,3,3,70,275,0,0,0,0,0,0,0,0,0,0,48,0,0,0,2,2,45,3,8,1,1,0,0,14,13,1,1,4,1,1,0
6,60366,2,2,1,10,2,18,31,33,0,1,0,6,1,49,50,49050,3,2005,JTKDE1770500,J,T,K,D,E,1,7,7,0,5,0,0,0,P,TOYT,SXC,2H,5,17,2905,,0,1063,,G,,F,4,144,,,17R215,,,,,,0,0,000000000,00000000000,0,0,0,1,0,0,0,0,0,0,0,40,0,0,0,12,12,2,1,54,0,0,0,1,6,94531,6,1,0,0,3,3,61,110,0,0,0,0,1,12,2008,12,2008,0,0,0,0,0,2,2,45,2,8,1,1,0,0,14,62,2,1,1,98,0,0
6,60367,1,1,1,11,2,7,45,8,0,1,0,6,1,12,481,12481,31,1988,1FTHF25M1JPA,1,F,T,H,F,2,5,M,1,J,P,A,1,T,FORD,F25,PK,88,17,,2,0,1330,COF,D,,,8,444,,,,C,00000,00,A,42,1,0,000000000,00000000000,0,0,0,1,0,0,0,0,0,0,0,998,0,0,0,12,12,0,1,8,0,0,0,1,6,92065,6,1,0,0,3,0,70,175,0,0,0,0,0,0,0,0,0,0,38,0,0,0,1,4,30,1,1,2,1,3,3,11,80,2,1,1,13,0,0
6,60368,1,2,3,11,2,8,9,12,6,1,0,6,1,12,4,12004,2,1990,1FAPP6244LH1,1,F,A,P,P,6,2,4,4,L,H,1,0,P,FORD,THL,2D,90,17,3618,,0,1130,,G,,F,6,232,,,15R205,,,,,,0,0,000000000,00000000000,0,0,0,1,0,0,0,0,0,0,0,45,0,0,0,3,3,6,2,12,0,0,0,1,6,92595,6,1,0,0,3,3,68,220,0,0,0,0,1,12,2009,12,2009,0,38,0,0,0,5,2,45,1,1,2,1,0,0,11,15,1,1,2,68,1,0
6,60368,2,2,2,11,2,8,9,12,6,1,0,6,2,21,20,21020,4,1994,1G3WH55M1RD3,1,G,3,W,H,5,5,M,1,R,D,3,0,P,OLDS,SUS,4D,94,17,3137,,0,1075,,G,,F,6,191,,,15R205,,,,,,0,0,000000000,00000000000,0,0,0,1,0,0,0,0,0,0,0,35,0,0,0,12,12,6,2,12,0,0,0,1,6,92530,6,1,0,0,3,0,71,160,0,0,0,0,0,0,0,0,0,0,0,0,0,0,5,2,45,1,1,2,1,0,0,1,67,2,1,1,69,0,0
6,60369,1,2,1,10,1,9,59,12,2,1,0,6,1,37,32,37032,4,1998,1HGCG6676WA0,1,H,G,C,G,6,6,7,6,W,A,0,0,P,HOND,UEX,4D,98,17,2919,,0,1069,,G,,F,4,138,,,15R195,,,,,,0,0,000000000,00000000000,0,0,0,1,0,0,0,0,0,0,0,68,0,0,0,12,12,6,2,12,0,0,0,1,6,92395,6,1,0,0,3,0,71,165,0,0,0,0,2,6,2010,6,2010,1,28,0,0,0,5,4,45,2,1,1,1,0,0,14,10,8,4,2,50,0,0
6,60369,2,2,1,10,1,9,59,12,2,1,0,6,1,35,47,35047,4,2008,1N4AL21E08N4,1,N,4,A,L,2,1,E,0,8,N,4,0,P,NISS,ATS,4D,8,17,3028,,0,1093,,G,,F,4,153,,,16R215,,,,,,0,0,000000000,00000000000,0,0,0,1,0,0,0,0,0,0,0,998,0,0,0,12,12,6,2,12,0,0,0,1,6,92342,6,1,0,0,3,0,73,200,0,0,0,0,1,9,2010,9,2010,0,0,0,0,0,5,4,45,3,1,1,1,0,0,14,60,99,1,2,51,1,0
6,60370,1,1,1,20,2,10,25,52,0,1,0,6,1,49,401,49401,14,2003,JTEZT14R6300,J,T,E,Z,T,1,4,R,6,3,0,0,0,P,TOYT,RUN,UT,3,17,4025,,0,1098,,G,,F,8,285,,,16R265,,,,,,0,0,000000000,00000000000,0,0,0,1,0,0,0,0,0,0,0,998,0,1,5,98,98,6,2,52,0,0,0,1,6,90262,6,1,0,0,3,3,71,210,0,0,0,0,0,0,0,0,0,0,48,0,0,0,3,6,65,1,8,1,1,0,0,1,13,1,1,4,5,1,1
6,60371,1,1,2,25,2,13,50,33,0,1,0,6,2,37,32,37032,4,1991,JHMCB7656MC0,J,H,M,C,B,7,6,5,6,M,C,0,0,P,HOND,ALE,4D,91,17,2857,,0,1071,,G,,F,4,132,,,14R185,,,,,,0,0,000000000,00000000000,0,0,0,1,0,0,0,0,0,0,0,60,0,1,3,14,0,6,2,1,0,0,0,1,6,91352,6,1,0,0,3,3,62,133,0,0,0,0,0,0,0,0,0,1,0,0,0,0,6,2,65,3,6,2,2,0,0,14,6,1,1,4,1,1,0
6,60372,1,2,3,26,2,20,4,8,0,1,0,32,1,13,1,13001,4,2009,2LNHM82V79X6,2,L,N,H,M,8,2,V,7,9,X,6,0,P,LINC,SGL,4D,9,17,4192,,0,1177,,F,,F,8,281,,,17R225,,,,,,0,0,000000000,00000000000,0,0,0,1,0,0,0,0,0,0,0,65,0,0,0,12,12,4,3,8,0,0,0,1,6,89123,6,1,0,0,3,0,69,165,0,0,0,0,0,0,0,0,0,1,0,0,0,0,3,3,70,1,1,2,4,0,0,1,80,1,1,1,13,0,0
6,60372,2,2,5,26,2,20,4,8,0,1,0,6,1,35,47,35047,4,2009,1N4CL21E49C1,1,N,4,C,L,2,1,E,4,9,C,1,0,P,NISS,AHY,4D,9,17,3470,,0,1093,,B,,F,4,153,,,16R215,,,,,,0,0,000000000,00000000000,0,0,0,1,0,0,0,0,0,0,0,65,0,0,0,6,6,4,3,12,36,0,0,1,6,92311,6,1,0,0,3,0,68,170,0,0,0,0,0,0,0,0,0,0,0,0,0,0,3,3,70,1,1,2,4,0,0,1,80,2,1,1,98,0,0
6,60373,1,1,1,1,3,23,10,33,0,1,0,6,1,73,706,73706,80,1990,JKAZXCB12LA0,J,K,A,Z,X,C,B,1,2,L,A,0,0,M,KAWK,ZXB,RC,90,17,,,,,,,1000,,4,,4,520,,,,,,,0,0,000000000,00000000000,0,0,0,1,0,0,0,0,0,0,0,999,0,0,0,14,98,6,2,38,0,0,0,1,6,93422,6,1,0,0,3,0,74,265,0,0,0,0,0,0,0,0,0,1,0,0,0,0,1,2,35,3,5,1,1,0,0,1,12,1,1,4,10,1,1
6,60374,1,2,3,3,3,16,0,12,6,1,0,6,1,12,481,12481,31,1997,1FTDF1765VKC,1,F,T,D,F,1,7,6,5,V,K,C,0,T,FORD,F15,PK,97,17,,1,1390,1200,COF,G,,,8,281,,,,B,3850,01,E,42,0,0,000000000,00000000000,0,0,0,1,0,0,0,0,0,0,0,998,0,0,0,12,12,6,2,12,0,0,0,1,6,90032,6,1,0,0,3,0,66,165,0,0,0,0,0,0,0,0,0,0,39,0,0,0,1,4,25,1,8,8,1,2,3,1,17,1,1,2,88,1,0
6,60374,2,2,2,3,3,16,0,12,6,1,0,6,1,49,50,49050,3,2005,JTKDE1773500,J,T,K,D,E,1,7,7,3,5,0,0,0,P,TOYT,SXC,2H,5,17,2905,,0,1063,,G,,F,4,144,,,17R215,,,,,,0,0,000000000,00000000000,0,0,0,1,0,0,0,0,0,0,0,998,0,0,0,7,7,4,3,12,0,0,0,1,6,92821,6,1,0,0,3,0,67,145,0,0,0,0,0,0,0,0,0,0,0,0,0,0,4,5,25,1,8,8,1,2,3,1,66,10,1,1,89,0,0
6,60375,1,1,1,3,3,20,19,38,0,1,0,6,1,12,402,12402,14,2006,1FMCU03166KA,1,F,M,C,U,0,3,1,6,6,K,A,0,P,FORD,SPE,UT,6,17,3300,,0,1031,,G,,F,6,183,,,16R235,,,,,,0,0,000000000,00000000000,0,0,0,1,0,0,0,0,0,0,0,999,0,0,0,98,98,6,2,38,0,0,0,1,6,93940,6,1,0,0,3,3,71,185,0,0,0,0,0,0,0,0,0,1,0,0,0,0,2,4,35,2,8,2,1,28,3,10,12,3,2,4,7,1,1
6,60376,1,1,6,4,3,15,44,1,0,1,0,6,1,12,422,12422,15,2004,1FMFU17L54LA,1,F,M,F,U,1,7,L,5,4,L,A,0,P,FORD,EPT,UT,4,17,5339,,0,1191,,G,,F,8,330,,,17R265,,,,,,0,0,000000000,00000000000,0,0,0,1,0,0,0,0,0,0,0,70,0,2,5,0,0,6,2,1,0,0,0,1,6,91766,6,1,0,0,3,0,67,210,0,0,0,1,0,11,2009,11,2009,0,48,0,0,0,2,2,70,1,1,2,1,0,0,1,13,6,1,4,1,1,0
6,60377,1,1,1,4,3,19,59,42,0,1,0,6,1,37,31,37031,2,1993,JHMEH6168PS0,J,H,M,E,H,6,1,6,8,P,S,0,0,P,HOND,DSI,CP,93,17,2396,,0,933,,G,,F,4,097,,,14R185,,,,,,0,0,000000000,00000000000,0,0,0,1,0,0,0,0,0,0,0,45,0,0,0,12,12,6,2,42,0,0,1,1,6,95650,6,2,0,0,3,1,72,275,0,0,0,0,1,6,2010,6,2010,1,0,0,0,0,1,2,40,1,1,1,1,0,0,1,12,1,1,4,10,1,0
6,60378,1,1,1,5,3,1,10,59,0,1,0,6,1,37,705,37705,80,2005,JH2PC371X5M2,J,H,2,P,C,3,7,1,X,5,M,2,0,M,HOND,B60,RC,5,17,,,,,,,599,,4,,4,361,,,,,,,0,0,000000000,00000000000,0,0,0,1,0,0,0,0,0,0,0,100,0,0,0,98,98,4,3,59,0,0,0,1,6,95687,6,1,0,0,3,0,68,200,1,0,0,0,0,10,2008,10,2008,1,57,48,85,0,1,2,45,3,8,1,1,28,3,14,6,3,2,4,2,1,0
6,60379,1,2,2,5,3,2,3,12,6,1,0,6,1,20,481,20481,31,2010,1GCSCREA6AZ1,1,G,C,S,C,R,E,A,6,A,Z,1,0,T,CHEV,4SC,4C,10,17,,2,0,1435,SIL,F,,,8,293,,,,B,4924,00,,42,0,0,000000000,00000000000,0,0,0,1,0,0,0,0,0,0,0,998,0,0,0,7,98,6,2,12,0,0,0,1,6,92688,6,1,0,0,3,0,66,140,0,0,0,1,1,9,2009,5,2010,1,0,0,0,0,2,2,45,1,8,2,1,0,0,1,60,1,1,2,77,2,1
6,60379,2,2,2,5,3,2,3,12,6,1,0,6,2,12,23,12023,4,2007,3FAHP07Z67R2,3,F,A,H,P,0,7,Z,6,7,R,2,0,P,FORD,F/E,4D,7,17,3101,,0,1074,,G,,F,4,140,,,16R205,,,,,,0,0,000000000,00000000000,0,0,0,1,0,0,0,0,0,0,0,998,0,0,0,12,12,4,3,12,0,0,0,1,6,90638,6,1,0,0,3,0,64,135,0,1,0,0,0,1,2009,1,2009,0,0,0,0,0,1,2,45,1,8,2,1,20,3,11,15,1,1,2,76,0,1
6,60380,1,2,1,5,3,2,23,12,1,1,0,6,1,72,706,72706,80,2010,1HD1GM43XAC3,1,H,D,1,G,M,4,3,X,A,C,3,0,M,HD,FXD,RS,10,17,,,,,,,1584,,2,,4,663,,,,,,,0,0,000000000,00000000000,0,0,0,1,0,0,0,0,0,0,0,80,0,0,0,12,12,4,3,12,0,0,0,1,6,92407,6,1,0,0,3,0,70,190,0,0,0,1,0,12,2008,12,2008,1,0,0,0,0,3,4,65,1,1,1,1,0,0,1,51,1,1,2,24,1,1
6,60380,2,2,1,5,3,2,23,12,1,1,0,6,1,37,31,37031,2,1995,2HGEJ1239SH5,2,H,G,E,J,1,2,3,9,S,H,5,0,P,HOND,CEX,CP,95,17,2415,,0,1032,,G,,F,4,097,,,14R185,,,,,,0,0,000000000,00000000000,0,0,0,1,0,0,0,0,0,0,0,70,0,0,0,6,6,4,1,12,0,0,0,1,6,92220,6,1,0,0,3,0,63,120,1,0,0,0,0,2,2009,2,2009,0,0,0,0,0,3,4,65,1,1,1,1,0,0,1,53,1,1,1,25,0,0
6,60381,1,2,1,5,3,2,40,12,1,1,1,6,1,51,43,51043,6,2006,YV4SZ5923612,Y,V,4,S,Z,5,9,2,3,6,1,2,0,P,VOLV,XC7,UT,6,17,3699,,0,1088,,G,,T,5,154,,,16R215,,,,,,0,0,000000000,00000000000,0,0,0,1,0,0,0,0,0,0,0,998,0,0,0,12,12,4,3,12,0,0,0,1,6,93013,6,1,0,0,3,0,72,180,0,0,0,0,0,0,0,0,0,1,0,0,0,0,3,2,65,1,1,1,1,0,0,1,51,1,1,1,24,0,0
6,60381,2,2,1,5,3,2,40,12,1,1,0,6,1,37,703,37703,80,1999,JH2MC1319XK5,J,H,2,M,C,1,3,1,9,X,K,5,0,M,HOND,CMX,RS,99,17,,,,,,,234,,2,,4,306,,,,,,,0,0,000000000,00000000000,0,0,0,1,0,0,0,0,0,0,0,58,0,0,0,6,6,6,2,12,0,0,0,1,6,93105,6,1,0,0,2,0,69,299,0,0,0,0,1,11,2008,11,2008,0,92,0,0,0,3,2,65,1,1,1,1,0,0,1,53,1,1,1,25,1,0
6,60382,1,2,1,5,3,7,40,33,0,1,0,6,2,73,705,73705,80,2006,JKBZXJC196A0,J,K,B,Z,X,J,C,1,9,6,A,0,0,M,KAWK,X63,RC,6,17,,,,,,,636,,4,,4,362,,,,,,,0,0,000000000,00000000000,0,0,0,1,0,0,0,0,0,0,0,998,0,0,0,14,98,6,2,33,0,0,0,1,6,90805,6,1,0,0,3,0,71,170,1,1,0,0,0,6,2008,12,2010,1,0,0,0,0,2,3,40,1,8,2,1,0,0,1,6,1,1,4,6,1,1
6,60382,2,2,1,5,3,7,40,33,0,1,0,6,3,89,882,89882,63,2009,5VCACLLE39H2,5,V,C,A,C,L,L,E,3,9,H,2,0,T,AUTC,XPD,TB,9,17,,8,0,0,XPD,N,,,6,540,,,,,00000,00,,64,0,6,1354,061354,3,2,7,1,0,0,0,0,0,0,0,998,0,0,0,11,11,4,3,12,0,0,0,1,6,92509,6,1,6,0,3,0,64,200,0,0,0,0,1,11,2009,11,2009,0,0,0,0,0,2,3,40,1,8,2,1,0,0,1,62,2,1,1,98,0,0
6,60383,1,2,1,11,3,3,47,12,1,1,1,6,2,62,421,62421,15,2007,SALSK25417A1,S,A,L,S,K,2,5,4,1,7,A,1,0,T,LNDR,SPH,4W,7,17,,2,0,1080,RSP,G,,,8,268,,,,,5468,00,7,44,0,0,000000000,00000000000,0,0,0,1,0,0,0,0,0,0,0,60,0,0,0,6,6,4,3,12,0,0,0,1,6,90292,6,1,0,0,3,3,72,155,0,0,0,0,0,0,0,0,0,0,0,0,0,0,3,7,55,1,1,1,1,0,0,1,53,1,1,1,25,0,1
6,60383,2,2,1,11,3,3,47,12,1,1,0,6,2,76,705,76705,80,2008,JYARJ16Y08A0,J,Y,A,R,J,1,6,Y,0,8,A,0,0,M,YAMA,R6L,RC,8,17,,,,,,,599,,4,,4,366,,,,,,,0,0,000000000,00000000000,0,0,0,1,0,0,0,0,0,0,0,998,0,0,0,12,12,6,2,12,0,0,0,1,6,90047,6,1,0,0,3,0,65,170,0,0,0,0,1,9,2010,9,2010,1,0,0,0,0,3,7,55,1,1,1,1,0,0,1,51,1,1,1,24,1,0
6,60384,1,1,1,17,3,20,50,8,0,1,0,6,1,42,47,42047,1,2005,WDBTK65G15T0,W,D,B,T,K,6,5,G,1,5,T,0,0,P,MERZ,CLK,CV,5,17,3770,,0,1069,,G,,F,6,195,,,16R205,,,,,,0,0,000000000,00000000000,0,0,0,1,0,0,0,0,0,0,0,25,0,0,0,12,12,2,3,8,0,0,0,1,6,94941,6,1,0,0,3,0,67,165,0,0,0,0,1,3,2009,3,2009,0,0,0,0,0,1,2,25,1,1,2,1,0,0,1,80,8,1,1,13,0,0
6,60385,1,1,1,18,3,10,3,14,0,1,0,6,2,53,705,53705,80,1999,JS1GN78A7X21,J,S,1,G,N,7,8,A,7,X,2,1,0,M,SUZI,G60,RC,99,17,,,,,,,600,,4,,4,383,,,,,,,0,0,000000000,00000000000,0,0,0,1,0,0,0,0,0,0,0,998,0,0,0,12,12,6,2,14,0,0,0,1,6,91342,1,1,0,0,2,0,72,175,0,3,0,0,1,2,2009,6,2010,0,92,34,0,0,1,4,40,1,8,8,1,0,0,6,13,1,1,4,11,1,0
6,60386,1,3,1,21,3,5,55,12,6,1,0,6,2,59,401,59401,14,2000,JT6GF10U7Y00,J,T,6,G,F,1,0,U,7,Y,0,0,0,P,LEXS,RX3,UT,0,17,3692,,0,1031,,G,,F,6,183,,,16R225,,,,,,0,0,000000000,00000000000,0,0,0,1,0,0,0,0,0,0,0,80,0,0,0,12,12,6,2,25,0,0,0,1,6,92114,6,1,0,0,3,0,68,200,0,0,0,0,0,0,0,0,0,1,0,0,0,0,3,4,65,1,8,1,2,0,0,1,6,1,1,2,48,0,0
6,60386,2,3,1,21,3,5,55,12,6,1,0,93,3,87,881,87881,66,1997,1XP5DB9X1VD4,1,X,P,5,D,B,9,X,1,V,D,4,1,T,PTRB,379,TR,97,17,,8,0,0,CON,D,,,6,893,,,,,00000,00,,64,1,57,1326493,571326493,3,6,1,1,0,0,0,0,0,0,0,40,0,0,0,11,11,4,1,12,0,0,0,1,97,0,6,1,6,8,3,8,64,160,99,99,99,99,99,99,9999,99,9999,0,0,0,0,0,3,4,65,1,8,1,2,0,0,1,60,1,1,1,48,0,0
6,60386,3,3,1,21,3,5,55,12,6,1,0,6,1,34,706,34706,80,2002,WB10432A02ZB,W,B,1,0,4,3,2,A,0,2,Z,B,0,M,BMW,R1S,RS,2,17,,,,,,,1100,,2,,4,525,,,,,,,0,0,000000000,00000000000,0,0,0,1,0,0,0,0,0,0,0,999,0,0,0,12,12,6,2,12,0,0,0,1,6,92057,6,1,0,0,3,3,72,191,0,0,0,0,0,0,0,0,0,0,0,0,0,0,3,4,65,1,8,1,2,0,0,1,61,1,1,1,98,1,0
6,60387,1,1,2,27,3,14,58,42,0,1,0,6,2,35,48,35048,2,2008,JN1BZ34E68M7,J,N,1,B,Z,3,4,E,6,8,M,7,0,P,NISS,3ZC,CP,8,17,3222,,0,1043,,G,,F,6,214,,,18R225,,,,,,0,0,000000000,00000000000,0,0,0,1,0,0,0,0,0,0,0,80,0,0,0,81,81,6,2,42,0,0,0,1,6,95667,6,1,0,0,3,3,64,115,0,0,0,0,0,0,0,0,0,1,36,0,0,0,1,2,50,2,8,2,1,0,0,14,13,3,2,4,2,1,0
6,60388,1,1,1,6,3,0,5,8,0,1,1,99,9,99,999,99999,99,9999,999999999999,9,9,9,9,9,9,9,9,9,9,9,9,0,,,,,,,,,,,,,,,,,,,,,,,,,0,0,000000000,00000000000,0,0,0,1,0,0,0,0,0,0,0,999,0,0,0,12,12,9,1,8,0,0,0,1,99,99999,9,9,99,9,9,9,999,999,99,99,99,99,99,99,9999,99,9999,1,0,0,0,0,5,6,35,1,1,2,1,0,0,1,80,99,1,1,13,0,0
6,60389,1,1,1,6,3,0,42,33,0,1,0,6,2,35,32,35032,2,1996,JN1AS44D9TW0,J,N,1,A,S,4,4,D,9,T,W,0,0,P,NISS,2/S,CP,96,17,2647,,0,994,,G,,F,4,146,,,15R195,,,,,,0,0,000000000,00000000000,0,0,0,1,0,0,0,0,0,0,0,60,0,1,5,14,12,6,2,30,0,0,0,1,6,92683,6,1,0,0,3,0,67,180,1,1,0,1,3,8,2009,8,2010,1,0,0,0,0,1,2,25,1,1,2,1,0,0,1,13,1,1,4,1,1,0
6,60390,1,1,1,6,3,3,0,33,0,1,0,6,2,23,431,23431,16,2001,3GKFK16T01G1,3,G,K,F,K,1,6,T,0,1,G,1,0,T,GMC,KX1,4W,1,17,,2,0,1300,YUK,G,,,8,325,,,,B,5219,00,E,44,0,0,000000000,00000000000,0,0,0,1,0,0,0,0,0,0,0,998,0,0,0,14,62,6,2,42,0,0,0,1,6,95120,6,1,0,0,3,0,73,160,0,0,0,1,0,1,2010,1,2010,0,48,0,0,0,2,4,45,1,1,2,2,0,0,1,13,1,1,4,1,1,1
6,60391,1,1,1,6,3,7,30,33,0,1,0,6,2,7,442,7442,20,2003,2D4GP44393R2,2,D,4,G,P,4,4,3,9,3,R,2,0,T,DODG,GSP,ES,3,17,,1,0,1193,CAR,F,,,6,201,,,,,3975,01,E,42,0,0,000000000,00000000000,0,0,0,1,0,0,0,0,0,0,0,38,0,0,0,14,12,2,3,9,0,0,0,1,6,92114,6,1,0,0,3,0,66,135,0,0,0,0,0,0,0,0,0,0,48,0,0,0,5,2,35,3,5,1,1,0,0,14,8,1,1,4,4,0,0
6,60392,1,1,2,6,3,17,39,33,0,1,0,6,1,49,471,49471,30,1989,JT4RN93P5K00,J,T,4,R,N,9,3,P,5,K,0,0,0,T,TOYT,ELD,PC,89,17,,1,0,1215,HTP,G,,,4,144,,,,B,00000,00,A,42,0,0,000000000,00000000000,0,0,0,1,0,0,0,0,0,0,0,999,0,0,0,14,12,6,2,42,0,0,0,1,6,92374,6,1,0,0,3,0,72,300,0,0,0,0,0,0,0,0,0,0,48,0,0,0,5,4,98,1,1,2,1,0,0,1,13,1,1,4,1,2,0
6,60393,1,1,1,6,3,20,25,8,0,1,0,6,1,37,31,37031,2,1999,1HGEM115XXL0,1,H,G,E,M,1,1,5,X,X,L,0,0,P,HOND,USS,CP,99,17,2612,,0,1032,,G,,F,4,097,,,15R195,,,,,,0,0,000000000,00000000000,0,0,0,1,0,0,0,0,0,0,0,35,0,0,0,12,12,4,3,8,0,0,0,1,6,91706,6,1,0,0,3,0,68,200,2,0,0,0,0,10,2008,5,2010,0,99,99,99,99,5,4,40,1,1,2,1,2,3,1,80,1,1,1,13,0,0
6,60394,1,2,1,15,3,17,1,12,7,1,0,6,2,76,706,76706,80,2002,JYARN10EX2A0,J,Y,A,R,N,1,0,E,X,2,A,0,0,M,YAMA,YFR,RC,2,17,,,,,,,998,,4,,4,385,,,,,,,0,0,000000000,00000000000,0,0,0,1,0,0,0,0,0,0,0,998,0,0,0,61,98,4,3,12,0,0,0,1,6,92394,6,1,0,0,3,0,69,210,1,0,0,2,0,9,2008,11,2010,1,34,0,0,0,5,2,45,1,1,2,1,0,0,6,51,1,1,1,45,1,0