STATE,ST_CASE,VEH_NO,VE_FORMS,NUMOCCS,DAY,MONTH,HOUR,MINUTE,HARM_EV,MAN_COLL,UNITTYPE,HIT_RUN,REG_STAT,OWNER,MAKE,MODEL,MAK_MOD,BODY_TYP,MOD_YEAR,VIN,VIN_1,VIN_2,VIN_3,VIN_4,VIN_5,VIN_6,VIN_7,VIN_8,VIN_9,VIN_10,VIN_11,VIN_12,TOW_VEH,VINTYPE,VINMAKE,VINA_MOD,VIN_BT,VINMODYR,VIN_LNGT,VIN_WGT,WGTCD_TR,WHLBS_LG,WHLBS_SH,SER_TR,FUELCODE,MCYCL_DS,CARBUR,CYLINDER,DISPLACE,MCYCL_CY,MCYCL_WT,TIRE_SZE,TON_RAT,TRK_WT,TRKWTVAR,VIN_REST,WHLDRWHL,J_KNIFE,MCARR_I1,MCARR_I2,MCARR_ID,GVWR,V_CONFIG,CARGO_BT,HAZ_INV,HAZ_PLAC,HAZ_ID,HAZ_CNO,HAZ_REL,BUS_USE,SPEC_USE,EMER_USE,TRAV_SP,UNDERIDE,ROLLOVER,ROLINLOC,IMPACT1,IMPACT2,DEFORMED,TOWED,M_HARM,VEH_SC1,VEH_SC2,FIRE_EXP,DR_PRES,L_STATE,DR_ZIP,L_STATUS,L_TYPE,CDL_STAT,L_ENDORS,L_COMPL,L_RESTRI,DR_HGT,DR_WGT,PREV_ACC,PREV_SUS,PREV_DWI,PREV_SPD,PREV_OTH,FIRST_MO,FIRST_YR,LAST_MO,LAST_YR,SPEEDREL,DR_SF1,DR_SF2,DR_SF3,DR_SF4,VTRAFWAY,VNUM_LAN,VSPD_LIM,VALIGN,VPROFILE,VPAVETYP,VSURCOND,VTRAFCON,VTCONT_F,P_CRASH1,P_CRASH2,P_CRASH3,PCRASH4,PCRASH5,ACC_TYPE,DEATHS,DR_DRINK
6,60428,3,3,1,30,3,12,35,12,1,1,0,93,3,85,881,85881,66,2006,999999999999,9,9,9,9,9,9,9,9,9,9,9,9,1,,,,,,,,,,,,,,,,,,,,,,,,,1,57,1786450,571786450,3,6,1,1,0,0,0,0,0,0,0,998,0,0,0,6,6,2,1,12,0,0,0,1,6,95993,6,1,6,0,3,0,70,163,1,0,0,1,1,8,2010,3,2011,0,0,0,0,0,2,3,55,1,1,2,1,40,3,1,53,1,1,1,98,0,0
6,60429,1,2,1,19,3,15,5,12,6,1,1,6,9,34,34,34034,4,2007,WBAVB73547KY,W,B,A,V,B,7,3,5,4,7,K,Y,0,P,BMW,35I,4D,7,17,3594,,0,1087,,G,,T,6,183,,,17R225,,,,,,0,0,000000000,00000000000,0,0,0,1,0,0,0,0,0,0,0,998,0,0,0,81,81,6,2,12,0,0,0,1,99,99999,9,9,99,0,9,9,999,999,99,99,99,99,99,99,9999,99,9999,9,38,0,0,0,5,4,35,1,1,2,1,3,3,11,15,1,1,1,68,0,0
6,60429,2,2,1,19,3,15,5,12,6,1,0,6,2,76,709,76709,80,2007,JYARN20Y87A0,J,Y,A,R,N,2,0,Y,8,7,A,0,0,M,YAMA,YFR,RC,7,17,,,,,,,998,,4,,4,381,,,,,,,0,0,000000000,00000000000,0,0,0,1,0,0,0,0,0,0,0,998,0,0,0,12,12,6,2,12,0,0,0,1,6,90250,6,1,0,0,2,0,73,165,0,0,0,0,0,0,0,0,0,9,92,0,0,0,5,5,35,1,1,2,1,3,3,1,66,1,1,1,69,1,0
6,60430,1,1,1,19,3,17,20,42,0,1,0,6,1,22,9,22009,3,1998,2G2FV22G4W22,2,G,2,F,V,2,2,G,4,W,2,2,0,P,PONT,FTA,2H,98,17,3444,,0,1011,,G,,F,8,350,,,16R245,,,,,,0,0,000000000,00000000000,0,0,0,1,0,0,0,0,0,0,0,999,0,0,0,61,61,6,2,42,0,0,0,1,6,94022,6,1,0,0,3,0,66,155,0,0,0,1,0,5,2009,5,2009,9,0,0,0,0,6,1,65,2,1,2,2,0,0,14,13,1,3,4,2,1,0
6,60431,1,2,2,19,3,18,30,12,6,1,0,6,1,99,999,99999,99,9999,DMV73231CA,D,M,V,7,3,2,3,1,C,A,,,0,U,,,,,10,,,,,,,,,,,,,,,,,,,0,0,000000000,00000000000,0,0,0,1,0,0,0,0,0,0,0,43,0,1,1,61,1,6,2,12,0,0,0,1,6,90041,6,1,0,0,3,0,74,190,0,0,0,0,0,0,0,0,0,0,0,0,0,0,1,2,0,1,1,5,1,0,0,1,10,7,3,2,66,1,1
6,60431,2,2,1,19,3,18,30,12,6,1,0,6,1,99,999,99999,99,9999,CA594304,C,A,5,9,4,3,0,4,,,,,0,U,,,,,8,,,,,,,,,,,,,,,,,,,0,0,000000000,00000000000,0,0,0,1,0,0,0,0,0,0,0,18,0,0,0,12,12,6,2,12,0,0,0,1,6,91107,6,1,0,0,3,3,69,175,0,0,0,0,0,0,0,0,0,0,0,0,0,0,1,2,0,1,1,5,1,0,0,1,62,1,1,1,66,0,0
6,60432,1,1,1,19,3,21,22,8,0,1,1,99,9,99,999,99999,99,9999,999999999999,9,9,9,9,9,9,9,9,9,9,9,9,0,,,,,,,,,,,,,,,,,,,,,,,,,0,0,000000000,00000000000,0,0,0,1,0,0,0,0,0,0,0,998,0,0,0,98,98,9,1,8,0,0,0,1,99,99999,9,9,99,0,9,9,999,999,99,99,99,99,99,99,9999,99,9999,9,99,99,99,99,1,4,25,1,1,2,2,3,3,1,80,1,1,1,13,0,0
6,60433,1,1,3,19,3,22,49,8,0,1,0,6,1,12,23,12023,4,2010,3FADP0L33AR2,3,F,A,D,P,0,L,3,3,A,R,2,0,P,FORD,FHY,4D,10,17,3720,,0,1074,,B,,F,4,152,,,17R225,,,,,,0,0,000000000,00000000000,0,0,0,1,0,0,0,0,0,0,0,50,0,0,0,12,12,2,1,8,0,0,0,1,6,91739,6,1,0,0,3,0,69,190,0,0,0,0,0,0,0,0,0,0,0,0,0,0,6,1,65,1,6,1,1,0,0,1,80,8,1,1,13,0,0
6,60434,1,1,2,20,3,0,51,8,0,1,0,6,1,20,421,20421,15,2004,1GNEC13T04J3,1,G,N,E,C,1,3,T,0,4,J,3,0,P,CHEV,CTA,UT,4,17,4828,,0,1160,,G,,F,8,325,,,16R265,,,,,,0,0,000000000,00000000000,0,0,0,1,0,0,0,0,0,0,0,998,0,0,0,12,12,2,1,8,0,0,0,1,6,92581,6,1,0,0,3,3,60,140,0,0,0,0,0,0,0,0,0,0,0,0,0,0,5,4,50,1,1,1,1,2,3,1,80,1,1,1,13,0,0
6,60435,1,1,1,20,3,1,5,31,0,1,0,6,1,12,401,12401,14,1993,1FMDU34X0PUB,1,F,M,D,U,3,4,X,0,P,U,B,0,P,FORD,EPR,UT,93,17,3997,,0,1120,,G,,F,6,245,,,15R225,,,,,,0,0,000000000,00000000000,0,0,0,1,0,0,0,0,0,0,0,999,0,0,0,12,12,6,2,31,0,0,0,1,6,94565,6,1,0,0,3,3,69,200,1,0,0,0,0,3,2010,3,2010,9,39,0,0,0,1,2,20,2,1,1,2,20,3,1,14,1,1,4,14,1,1
6,60436,1,2,1,20,3,12,19,12,6,1,0,6,2,12,881,12881,61,2004,1FDWX37P24EB,1,F,D,W,X,3,7,P,2,4,E,B,0,T,FORD,F3D,4B,4,17,,3,0,1620,DRW,D,,,8,366,,,,D,00000,00,E,44,0,99,999999999,99999999999,2,1,96,1,0,0,0,0,0,0,0,998,0,0,0,12,12,6,2,12,0,0,0,1,6,94558,6,1,0,0,3,0,69,195,0,0,0,0,2,4,2010,5,2010,0,38,39,0,0,1,4,35,1,1,1,1,3,3,1,17,1,1,1,88,0,0
6,60436,2,2,2,20,3,12,19,12,6,1,0,6,1,49,43,49043,4,2003,999999999999,9,9,9,9,9,9,9,9,9,9,9,9,0,,,,,,,,,,,,,,,,,,,,,,,,,0,0,000000000,00000000000,0,0,0,1,0,0,0,0,0,0,0,998,0,0,0,61,61,6,2,12,0,0,0,1,6,94558,6,1,0,0,3,0,65,165,0,0,0,0,0,0,0,0,0,0,0,0,0,0,1,2,25,1,1,1,1,3,3,1,66,1,1,1,89,1,0
6,60437,1,2,1,20,3,15,45,12,6,1,0,6,1,37,31,37031,2,1999,1HGEM1151XL0,1,H,G,E,M,1,1,5,1,X,L,0,0,P,HOND,USS,CP,99,17,2612,,0,1032,,G,,F,4,097,,,15R195,,,,,,0,0,000000000,00000000000,0,0,0,1,0,0,0,0,0,0,0,999,0,1,1,81,81,6,2,12,0,0,0,1,6,93040,6,1,0,0,3,3,63,130,0,0,0,1,0,10,2010,10,2010,1,0,0,0,0,5,4,60,1,1,2,2,0,0,1,6,1,7,2,98,1,0
6,60437,2,2,4,20,3,15,45,12,6,1,0,6,2,52,34,52034,4,2004,4A3AB36F84E0,4,A,3,A,B,3,6,F,8,4,E,0,0,P,MITS,ELM,4D,4,17,3351,,0,1083,,G,,F,4,146,,,16R215,,,,,,0,0,000000000,00000000000,0,0,0,1,0,0,0,0,0,0,0,45,0,0,0,12,12,6,2,12,0,0,0,1,6,93307,6,1,0,0,3,0,68,180,1,0,0,0,0,11,2008,11,2008,0,0,0,0,0,5,4,60,1,1,2,2,0,0,1,62,1,1,1,98,0,0
6,60438,1,1,2,20,3,17,0,25,0,1,0,6,4,42,48,42048,4,2010,WDDHF5GB3AA0,W,D,D,H,F,5,G,B,3,A,A,0,0,P,MERZ,ESD,4D,10,17,3891,,0,1131,,G,,F,6,213,,,18R245,,,,,,0,0,000000000,00000000000,0,0,0,1,0,0,0,0,0,0,0,999,0,2,6,12,0,6,2,1,0,0,0,1,6,90302,6,1,0,0,3,0,68,155,0,0,0,0,0,0,0,0,0,1,0,0,0,0,3,3,65,1,6,1,2,0,0,1,6,1,7,4,7,1,0
6,60439,1,1,1,21,3,6,15,10,0,1,0,6,1,7,482,7482,31,1998,3B7HC13Y4WG1,3,B,7,H,C,1,3,Y,4,W,G,1,0,T,DODG,Q15,4C,98,17,,2,1547,1387,RPC,G,,,8,318,,,,B,4617,01,U,42,0,0,000000000,00000000000,0,0,0,1,0,0,0,0,0,0,0,998,0,0,0,61,61,6,2,10,0,0,0,1,6,96022,6,1,0,0,3,0,65,165,0,0,0,0,0,0,0,0,0,0,39,0,0,0,1,2,55,1,5,2,1,65,3,98,90,1,1,2,15,1,0
6,60440,1,1,1,21,3,11,43,8,0,1,0,6,1,14,17,14017,4,2000,1MEFM55S1YA6,1,M,E,F,M,5,5,S,1,Y,A,6,0,P,MERC,SLP,4D,0,17,3375,,0,1085,,G,,F,6,182,,,16R215,,,,,,0,0,000000000,00000000000,0,0,0,1,0,0,0,0,0,0,0,998,0,0,0,98,98,0,3,8,0,0,0,1,6,92656,6,1,0,0,3,3,61,118,1,0,0,0,0,11,2008,11,2008,0,99,99,99,99,6,3,65,1,6,8,2,2,3,10,80,1,1,1,13,0,0
6,60441,1,1,1,22,3,5,50,8,0,1,0,6,1,12,481,12481,31,2001,1FTZX17201NB,1,F,T,Z,X,1,7,2,0,1,N,B,0,T,FORD,F15,4C,1,17,,1,1571,1385,COF,G,,,6,256,,,,B,4204,05,U,42,0,0,000000000,00000000000,0,0,0,1,0,0,0,0,0,0,0,30,0,0,0,12,12,0,3,8,0,0,0,1,6,91764,6,1,0,0,3,0,72,180,0,0,0,1,1,7,2010,7,2010,0,0,0,0,0,1,4,40,1,1,2,2,2,3,1,80,1,1,1,13,0,1
6,60442,1,1,1,22,3,23,19,8,0,1,0,6,2,49,43,49043,4,1998,4T1BF18B8WU2,4,T,1,B,F,1,8,B,8,W,U,2,0,P,TOYT,UVS,4D,98,17,3340,,0,1071,,G,,F,6,183,,,15R205,,,,,,0,0,000000000,00000000000,0,0,0,1,0,0,0,0,0,0,0,998,0,0,0,12,12,2,3,8,0,0,0,1,6,95203,6,1,0,0,3,0,62,180,1,0,0,0,0,3,2009,3,2009,0,0,0,0,0,1,4,30,1,1,1,2,0,0,1,80,2,1,1,13,0,0
6,60443,1,1,1,23,3,7,21,8,0,1,1,99,9,99,999,99999,99,9999,999999999999,9,9,9,9,9,9,9,9,9,9,9,9,0,,,,,,,,,,,,,,,,,,,,,,,,,0,0,000000000,00000000000,0,0,0,1,0,0,0,0,0,0,0,38,0,0,0,81,81,9,1,8,0,0,0,1,99,99999,9,9,99,0,9,9,999,999,99,99,99,99,99,99,9999,99,9999,9,99,99,99,99,3,2,40,1,6,2,1,2,3,1,80,7,1,1,13,0,0
6,60444,1,1,2,23,3,14,30,25,0,1,0,6,1,35,39,35039,4,1995,JN1CA21D6ST6,J,N,1,C,A,2,1,D,6,S,T,6,0,P,NISS,MGS,4D,95,17,2886,,0,1063,,G,,F,6,182,,,15R215,,,,,,0,0,000000000,00000000000,0,0,0,1,0,0,0,0,0,0,0,65,0,0,0,98,61,6,2,59,0,0,0,1,6,90605,6,1,0,0,3,3,63,170,0,0,0,0,0,0,0,0,0,0,0,0,0,0,3,5,65,1,1,1,1,0,0,1,12,1,1,4,6,1,0
6,60445,1,1,1,23,3,22,45,35,0,1,0,6,2,49,482,49482,31,2004,5TBET38134S4,5,T,B,E,T,3,8,1,3,4,S,4,0,T,TOYT,DBL,CW,4,17,,2,0,1283,TUN,G,,,8,285,,,,B,4974,00,U,42,0,0,000000000,00000000000,0,0,0,1,0,0,0,0,0,0,0,998,0,1,6,98,0,6,2,1,0,0,0,1,6,92065,6,1,0,0,3,3,70,260,0,0,0,0,0,0,0,0,0,9,0,0,0,0,1,2,50,1,1,2,2,0,0,1,12,99,2,4,7,1,1
6,60446,1,1,1,24,3,0,1,14,0,1,0,6,1,12,3,12003,2,2005,1ZVFT80N1551,1,Z,V,F,T,8,0,N,1,5,5,1,0,P,FORD,MUS,CP,5,17,3300,,0,1071,,G,,F,6,244,,,16R215,,,,,,0,0,000000000,00000000000,0,0,0,1,0,0,0,0,0,0,0,80,0,0,0,12,12,6,2,14,0,0,0,1,6,90650,0,0,0,0,0,0,67,160,0,0,0,0,0,0,0,0,0,1,92,0,0,0,3,4,65,1,1,1,1,0,0,1,13,1,1,4,1,1,1
6,60447,1,1,1,24,3,5,57,8,0,1,1,99,9,99,999,99999,99,9999,999999999999,9,9,9,9,9,9,9,9,9,9,9,9,0,,,,,,,,,,,,,,,,,,,,,,,,,0,0,000000000,00000000000,0,0,0,1,0,0,0,0,0,0,0,999,0,0,0,98,98,9,1,8,0,0,0,1,99,99999,9,9,99,0,9,9,999,999,99,99,99,99,99,99,9999,99,9999,9,38,0,0,0,3,2,40,1,1,2,2,0,0,1,80,1,1,1,13,0,0
6,60448,1,2,1,24,3,11,15,25,0,1,0,6,1,35,47,35047,4,2007,1N4AL21E87N4,1,N,4,A,L,2,1,E,8,7,N,4,0,P,NISS,ATS,4D,7,17,3042,,0,1093,,G,,F,4,153,,,16R215,,,,,,0,0,000000000,00000000000,0,0,0,1,0,0,0,0,0,0,0,998,0,0,0,6,98,4,3,12,0,0,0,1,6,95046,6,1,0,0,3,0,65,195,0,0,0,1,1,3,2010,1,2011,1,0,0,0,0,3,4,65,1,1,1,2,0,0,1,6,1,4,4,2,1,0
6,60448,2,2,1,24,3,11,15,25,0,1,0,6,4,82,881,82881,66,2006,1FUBA5CG26LX,1,F,U,B,A,5,C,G,2,6,L,X,1,T,FRHT,COL,TR,6,17,,7,0,0,CON,D,,,6,774,,,,,00000,00,,42,1,6,150693,06150693,3,6,1,1,0,0,0,0,0,0,0,53,0,0,0,12,12,2,3,12,0,0,0,1,6,95046,6,1,6,0,3,0,64,150,0,0,0,0,0,0,0,0,0,0,0,0,0,0,3,4,55,1,1,1,2,0,0,1,61,2,1,1,98,0,0
6,60449,1,1,1,24,3,21,10,35,0,1,0,6,1,54,31,54031,3,1993,JH4DA9354PS0,J,H,4,D,A,9,3,5,4,P,S,0,0,P,ACUR,ILS,2H,93,17,2491,,0,1004,,G,,F,4,112,,,15R195,,,,,,0,0,000000000,00000000000,0,0,0,1,0,0,0,0,0,0,0,80,0,1,5,14,98,6,2,43,0,0,0,1,6,90222,6,1,0,0,3,0,67,145,0,0,0,3,1,5,2009,9,2010,1,0,0,0,0,3,5,65,1,1,1,2,0,0,1,13,1,1,4,1,1,1
6,60450,1,2,1,24,3,22,44,12,6,1,0,6,2,22,18,22018,4,1999,1G2NE52T0XM8,1,G,2,N,E,5,2,T,0,X,M,8,0,P,PONT,GAS,4D,99,17,3102,,0,1071,,G,,F,4,146,,,15R215,,,,,,0,0,000000000,00000000000,0,0,0,1,0,0,0,0,0,0,0,999,0,0,0,12,12,6,2,12,0,0,0,1,6,93635,3,1,0,0,2,0,74,240,2,2,0,1,0,12,2008,11,2010,1,39,92,0,0,5,2,30,1,1,2,2,3,3,1,17,1,1,1,86,0,0
6,60450,2,2,3,24,3,22,44,12,6,1,0,6,1,12,17,12017,4,1995,1FALP52U7SG1,1,F,A,L,P,5,2,U,7,S,G,1,0,P,FORD,TGS,4D,95,17,3118,,0,1060,,G,,F,6,182,,,15R205,,,,,,0,0,000000000,00000000000,0,0,0,1,0,0,0,0,0,0,0,998,0,0,0,81,81,6,2,12,0,0,0,1,6,93635,6,1,0,0,3,0,65,175,0,0,0,0,0,0,0,0,0,0,0,0,0,0,5,2,35,1,1,2,2,3,3,1,66,1,1,1,87,1,0
6,60451,1,1,1,25,3,5,5,42,0,1,0,6,1,58,37,58037,4,2003,JNKCV51E13M0,J,N,K,C,V,5,1,E,1,3,M,0,0,P,INFI,G35,4D,3,17,3336,,0,1122,,G,,F,6,214,,,16R205,,,,,,0,0,000000000,00000000000,0,0,0,1,0,0,0,0,0,0,0,65,0,0,0,98,0,6,2,3,0,0,0,1,6,95825,3,1,0,0,2,0,69,175,0,0,0,1,2,11,2008,12,2009,1,39,92,0,0,1,4,40,1,1,8,1,3,3,1,14,1,1,4,14,1,1
6,60452,1,1,1,25,3,6,5,8,0,1,0,6,1,59,401,59401,14,2002,JTJGF10U1201,J,T,J,G,F,1,0,U,1,2,0,1,0,P,LEXS,RX3,UT,2,17,3715,,0,1031,,G,,F,6,183,,,16R225,,,,,,0,0,000000000,00000000000,0,0,0,1,0,0,0,0,0,0,0,998,0,0,0,12,12,4,1,8,0,0,0,1,6,92683,6,1,0,0,3,3,66,150,1,0,0,0,0,5,2009,5,2009,0,0,0,0,0,4,3,30,1,1,8,2,3,3,1,80,1,1,1,13,0,0
6,60453,1,2,1,25,3,12,35,12,6,1,0,6,1,20,37,20037,4,2011,1G1ZC5E13BF3,1,G,1,Z,C,5,E,1,3,B,F,3,0,P,CHEV,ML1,4D,11,17,3436,,0,1123,,G,,F,4,146,,,17R215,,,,,,0,0,000000000,00000000000,0,0,0,1,0,0,0,0,0,0,0,998,0,0,0,61,61,6,2,12,0,0,0,1,6,91786,6,1,0,0,3,1,67,180,0,0,0,0,0,0,0,0,0,0,99,99,99,99,0,0,0,0,0,0,0,0,0,11,15,1,1,7,82,0,0
6,60453,2,2,1,25,3,12,35,12,6,1,0,6,1,18,20,18020,4,1992,2G4WB54L8N14,2,G,4,W,B,5,4,L,8,N,1,4,0,P,BUIC,RGC,4D,92,17,3236,,0,1075,,G,,F,6,231,,,14R205,,,,,,0,0,000000000,00000000000,0,0,0,1,0,0,0,0,0,0,0,998,0,0,0,12,12,6,2,12,0,0,0,1,6,91741,6,1,0,0,3,3,68,165,0,0,0,0,0,0,0,0,0,0,99,99,99,99,1,2,40,1,1,8,1,0,0,1,72,1,1,1,83,1,0
6,60454,1,1,1,25,3,16,57,8,0,1,1,6,1,55,36,55036,3,2002,KMHCF35G62U2,K,M,H,C,F,3,5,G,6,2,U,2,0,P,HYUN,ACL,2H,2,17,2225,,0,961,,G,,F,4,091,,,13R175,,,,,,0,0,000000000,00000000000,0,0,0,1,0,0,0,0,0,0,0,998,0,0,0,12,12,4,1,8,0,0,0,1,6,90023,0,0,0,0,0,0,66,999,0,0,0,0,0,0,0,0,0,0,91,0,0,0,1,2,35,1,1,2,1,0,0,1,80,1,1,1,13,0,1
6,60455,1,1,1,25,3,21,40,8,0,1,0,6,1,34,35,34035,4,2000,WBADM6348YGV,W,B,A,D,M,6,3,4,8,Y,G,V,0,P,BMW,52A,4D,0,17,3549,,0,1114,,G,,F,6,170,,,15R225,,,,,,0,0,000000000,00000000000,0,0,0,1,0,0,0,0,0,0,0,998,0,0,0,12,12,4,3,8,0,0,0,1,6,95409,6,1,0,0,3,0,65,125,0,0,0,0,1,2,2010,2,2010,1,0,0,0,0,1,4,35,1,1,2,2,2,3,1,80,1,1,1,13,0,0
6,60456,1,2,1,26,3,1,18,12,2,1,0,6,2,20,441,20441,20,1997,1GNDM19WXVB1,1,G,N,D,M,1,9,W,X,V,B,1,0,T,CHEV,AST,ES,97,17,,1,0,1110,AST,G,,,6,262,,,,B,4198,00,,42,0,0,000000000,00000000000,0,0,0,1,0,0,0,0,0,0,0,998,0,0,0,12,12,6,2,12,0,0,0,1,6,95815,0,0,0,0,0,0,67,160,0,1,0,0,0,11,2008,11,2008,1,51,0,0,0,3,3,65,1,5,2,2,0,0,1,54,1,1,6,52,1,1
6,60456,2,2,1,26,3,1,18,12,2,1,0,6,3,7,881,7881,61,2008,3D6WC66A98G2,3,D,6,W,C,6,6,A,9,8,G,2,0,T,DODG,S4T,CB,8,17,,4,2045,1445,RPC,D,,,6,408,,,,D,7421,03,E,42,0,57,1845402,571845402,2,1,97,1,0,0,0,0,0,0,0,63,0,0,0,12,12,6,2,12,0,0,0,1,6,95826,6,1,0,0,3,0,74,280,0,0,0,0,0,0,0,0,0,0,0,0,0,0,3,3,65,1,6,2,2,0,0,1,54,6,1,4,52,0,0
6,60457,1,1,2,30,1,3,50,42,0,1,0,6,1,20,17,20017,4,1988,1G1AW51W4J62,1,G,1,A,W,5,1,W,4,J,6,2,0,P,CHEV,CEL,4D,88,17,2604,,0,1049,,G,,F,6,173,,,14R185,,,,,,0,0,000000000,00000000000,0,0,0,1,0,0,0,0,0,0,0,55,0,0,0,12,12,6,2,42,0,0,1,1,6,94533,6,1,0,0,3,0,71,238,0,0,0,0,0,0,0,0,0,1,0,0,0,0,1,2,35,1,1,2,2,0,0,1,13,1,1,4,1,1,1
6,60458,1,1,1,4,2,20,25,8,0,1,0,6,1,7,442,7442,20,2005,1D4GP45R25B2,1,D,4,G,P,4,5,R,2,5,B,2,0,P,DODG,CAR,SV,5,17,3845,,0,1133,,G,,F,6,201,,,16R215,,,,,,0,0,000000000,00000000000,0,0,0,1,0,0,0,0,0,0,0,998,0,0,0,12,12,6,4,8,0,0,0,1,6,95969,6,1,0,0,3,0,70,210,0,0,0,1,0,6,2010,6,2010,0,0,0,0,0,2,2,45,1,1,1,1,0,0,1,80,1,1,1,13,0,0
6,60459,1,1,1,15,2,7,15,8,0,1,0,6,1,20,403,20403,14,2005,1GNDS13S5523,1,G,N,D,S,1,3,S,5,5,2,3,0,P,CHEV,TRL,UT,5,17,4425,,0,1130,,G,,F,6,256,,,16R245,,,,,,0,0,000000000,00000000000,0,0,0,1,0,0,0,0,0,0,0,998,0,0,0,12,12,0,3,8,0,0,0,1,6,90032,6,1,0,0,3,1,66,160,1,0,0,0,0,9,2009,9,2009,0,0,0,0,0,0,0,0,0,0,0,0,0,0,11,80,1,1,7,13,0,0
6,60460,1,2,1,23,2,18,35,12,1,1,0,6,1,48,34,48034,6,1999,JF1GF4853XG8,J,F,1,G,F,4,8,5,3,X,G,8,0,P,SUBA,ISP,SW,99,17,2860,,0,992,,G,,F,4,135,,,15R205,,,,,,0,0,000000000,00000000000,0,0,0,1,0,0,0,0,0,0,0,23,0,0,0,6,6,6,2,12,0,0,0,1,6,92178,6,1,0,0,3,0,65,140,0,0,0,0,0,0,0,0,0,0,38,0,0,0,2,4,65,1,1,8,1,0,0,1,53,1,1,1,25,1,0
6,60460,2,2,1,23,2,18,35,12,1,1,0,6,2,20,403,20403,14,2006,1GNDT13S2621,1,G,N,D,T,1,3,S,2,6,2,1,0,P,CHEV,TRL,UT,6,17,4594,,0,1130,,G,,F,6,256,,,16R235,,,,,,0,0,000000000,00000000000,0,0,0,1,0,0,0,0,0,0,0,63,0,0,0,12,12,6,2,12,0,0,0,1,6,92118,6,1,0,0,3,3,71,135,0,0,0,0,1,11,2009,11,2009,0,0,0,0,0,2,4,65,1,1,8,1,0,0,1,51,1,1,1,24,0,0
6,60461,1,2,1,2,3,14,58,41,0,1,0,6,1,6,43,6043,1,2005,1C3EL65R05N5,1,C,3,E,L,6,5,R,0,5,N,5,0,P,CHRY,SLT,CV,5,17,3365,,0,1060,,G,,F,6,165,,,16R205,,,,,,0,0,000000000,00000000000,0,0,0,1,0,0,0,0,0,0,0,999,0,0,0,81,61,6,2,12,0,0,0,1,6,95926,6,1,0,0,3,3,71,225,0,0,0,0,0,0,0,0,0,9,0,0,0,0,2,2,70,1,1,2,1,0,0,1,12,7,3,4,98,1,0
6,60461,2,2,1,2,3,14,58,41,0,1,0,53,1,85,881,85881,66,2005,1XKADB8X75J0,1,X,K,A,D,B,8,X,7,5,J,0,1,T,KW,T60,TR,5,17,,8,2600,1600,CON,D,,,6,893,,,,,00000,00,,64,1,57,684796,57684796,3,6,1,1,0,0,0,0,0,0,0,54,0,0,0,12,12,6,2,12,0,0,0,1,53,98092,6,1,6,0,3,0,66,200,0,0,0,0,0,0,0,0,0,0,0,0,0,0,2,2,55,1,1,2,1,0,0,1,62,9,1,1,98,0,0
6,60462,1,1,1,2,3,21,28,8,0,1,1,6,2,12,481,12481,31,2011,1FTDF15E7BRA,1,F,T,D,F,1,5,E,7,B,R,A,0,T,FORD,F15,PK,81,17,,1,1330,1170,COF,G,,,6,300,,,,BC,3416,01,,42,0,0,000000000,00000000000,0,0,0,1,0,0,0,0,0,0,0,998,0,0,0,12,12,4,1,8,0,0,0,1,6,94533,6,1,0,0,3,3,68,198,0,0,0,0,0,0,0,0,0,9,91,0,0,0,5,4,30,1,1,2,1,0,0,1,80,1,1,1,13,0,0
6,60463,1,3,2,3,3,7,49,12,1,1,0,6,2,12,481,12481,31,2002,1FTRW076X2KD,1,F,T,R,W,0,7,6,X,2,K,D,0,T,FORD,F1S,CW,2,17,,2,0,1385,COF,G,,,8,281,,,,B,4655,02,E,42,0,0,000000000,00000000000,0,0,0,1,0,0,0,0,0,0,0,80,0,1,1,12,12,6,2,12,0,0,1,1,6,0,0,0,0,0,0,0,63,148,0,0,0,0,0,0,0,0,0,1,92,0,0,0,3,2,45,1,1,8,1,0,0,1,51,1,1,1,24,2,0
6,60463,2,3,1,3,3,7,49,12,1,1,0,6,2,49,38,49038,4,1993,JT2EL43T5P03,J,T,2,E,L,4,3,T,5,P,0,3,0,P,TOYT,TTX,4D,93,17,2005,,0,937,,G,,F,4,089,,,13R155,,,,,,0,0,000000000,00000000000,0,0,0,1,0,0,0,0,0,0,0,998,0,0,0,6,6,6,2,12,0,0,0,1,6,92154,6,1,0,0,3,0,62,115,0,0,0,0,0,0,0,0,0,0,0,0,0,0,3,2,45,1,1,8,1,0,0,1,53,1,1,1,25,0,0
6,60463,3,3,2,3,3,7,49,12,1,1,0,6,1,6,52,6052,6,2004,3C4FY48BX4T2,3,C,4,F,Y,4,8,B,X,4,T,2,0,P,CHRY,PTC,SV,4,17,3026,,0,1030,,G,,F,4,148,,,15R195,,,,,,0,0,000000000,00000000000,0,0,0,1,0,0,0,0,0,0,0,998,0,0,0,6,98,6,2,12,0,0,0,1,6,91932,6,1,0,0,3,3,70,285,0,0,0,0,0,0,0,0,0,0,0,0,0,0,3,2,45,1,1,8,1,0,0,1,53,1,1,1,98,0,0