STATE,ST_CASE,VEH_NO,VE_FORMS,NUMOCCS,DAY,MONTH,HOUR,MINUTE,HARM_EV,MAN_COLL,UNITTYPE,HIT_RUN,REG_STAT,OWNER,MAKE,MODEL,MAK_MOD,BODY_TYP,MOD_YEAR,VIN,VIN_1,VIN_2,VIN_3,VIN_4,VIN_5,VIN_6,VIN_7,VIN_8,VIN_9,VIN_10,VIN_11,VIN_12,TOW_VEH,VINTYPE,VINMAKE,VINA_MOD,VIN_BT,VINMODYR,VIN_LNGT,VIN_WGT,WGTCD_TR,WHLBS_LG,WHLBS_SH,SER_TR,FUELCODE,MCYCL_DS,CARBUR,CYLINDER,DISPLACE,MCYCL_CY,MCYCL_WT,TIRE_SZE,TON_RAT,TRK_WT,TRKWTVAR,VIN_REST,WHLDRWHL,J_KNIFE,MCARR_I1,MCARR_I2,MCARR_ID,GVWR,V_CONFIG,CARGO_BT,HAZ_INV,HAZ_PLAC,HAZ_ID,HAZ_CNO,HAZ_REL,BUS_USE,SPEC_USE,EMER_USE,TRAV_SP,UNDERIDE,ROLLOVER,ROLINLOC,IMPACT1,IMPACT2,DEFORMED,TOWED,M_HARM,VEH_SC1,VEH_SC2,FIRE_EXP,DR_PRES,L_STATE,DR_ZIP,L_STATUS,L_TYPE,CDL_STAT,L_ENDORS,L_COMPL,L_RESTRI,DR_HGT,DR_WGT,PREV_ACC,PREV_SUS,PREV_DWI,PREV_SPD,PREV_OTH,FIRST_MO,FIRST_YR,LAST_MO,LAST_YR,SPEEDREL,DR_SF1,DR_SF2,DR_SF3,DR_SF4,VTRAFWAY,VNUM_LAN,VSPD_LIM,VALIGN,VPROFILE,VPAVETYP,VSURCOND,VTRAFCON,VTCONT_F,P_CRASH1,P_CRASH2,P_CRASH3,PCRASH4,PCRASH5,ACC_TYPE,DEATHS,DR_DRINK
6,60598,1,2,3,25,4,15,25,1,0,1,0,6,2,2,403,2403,14,2006,1J4FA44S26P7,1,J,4,F,A,4,4,S,2,6,P,7,0,T,JEEP,LWB,2W,6,17,,1,0,1034,W/T,G,,,6,244,,,,,3579,00,E,44,0,0,000000000,00000000000,0,0,0,1,0,0,0,0,0,0,0,50,0,1,1,0,0,6,2,1,0,0,0,1,6,93292,6,2,0,0,3,2,68,147,0,0,0,0,0,0,0,0,0,0,48,73,0,0,2,2,65,1,5,1,1,0,0,1,12,7,4,6,98,1,0
6,60598,2,2,3,25,4,15,25,1,0,1,0,6,2,34,37,34037,4,2006,WBAHN83516DT,W,B,A,H,N,8,3,5,1,6,D,T,0,P,BMW,50L,4D,6,17,4552,,0,1231,,G,,F,8,292,,,18R245,,,,,,0,0,000000000,00000000000,0,0,0,1,0,0,0,0,0,0,0,65,0,0,0,12,12,6,2,12,0,0,0,1,6,93221,6,1,0,0,3,3,62,130,0,0,0,0,0,0,0,0,0,0,0,0,0,0,2,2,65,1,6,1,1,0,0,1,62,9,1,1,98,0,0
6,60599,1,2,2,25,4,22,15,12,2,1,0,6,2,12,401,12401,14,2002,1FMYU60E32UB,1,F,M,Y,U,6,0,E,3,2,U,B,0,P,FORD,EPR,UT,2,17,3860,,0,1018,,G,,F,6,245,,,16R235,,,,,,0,0,000000000,00000000000,0,0,0,1,0,0,0,0,0,0,0,999,0,0,0,12,0,6,2,12,0,0,1,1,6,93307,6,1,0,0,3,3,60,195,0,0,0,0,0,0,0,0,0,0,48,0,0,0,2,2,65,1,1,2,1,0,0,1,10,1,1,2,50,2,0
6,60599,2,2,1,25,4,22,15,12,2,1,0,93,3,85,881,85881,66,2006,1XKADB9X56J1,1,X,K,A,D,B,9,X,5,6,J,1,1,T,KW,T60,TR,6,17,,8,2600,1600,CON,D,,,6,893,,,,,00000,00,,64,1,57,1790733,571790733,3,6,1,1,0,0,0,0,0,0,0,999,0,0,0,12,0,6,2,12,0,0,1,1,6,95334,6,1,6,0,3,3,69,175,0,0,0,0,2,2,2010,7,2010,0,0,0,0,0,2,2,55,1,1,2,1,0,0,1,64,99,1,1,51,1,0
6,60600,1,1,1,26,4,9,9,33,0,1,0,6,1,20,481,20481,31,1990,1FTDF15N6LPA,1,F,T,D,F,1,5,N,6,L,P,A,0,T,FORD,F15,PK,90,17,,1,1330,1170,COF,G,,,8,302,,,,B,3535,01,A,42,0,0,000000000,00000000000,0,0,0,1,0,0,0,0,0,0,0,998,0,0,0,14,12,4,3,8,0,0,0,1,6,93306,1,1,0,0,2,0,68,200,0,2,1,0,0,8,2009,8,2009,0,51,92,0,0,5,4,45,1,8,2,1,0,0,1,12,1,1,4,6,0,0
6,60601,1,1,1,26,4,14,14,1,0,1,0,6,1,72,706,72706,80,1997,1HD1FCR38VY6,1,H,D,1,F,C,R,3,8,V,Y,6,0,M,HD,FLU,RS,97,17,,,,,,,1340,,2,,4,765,,,,,,,0,0,000000000,00000000000,0,0,0,1,0,0,0,0,0,0,0,63,0,0,0,0,0,6,2,1,0,0,0,1,6,93626,6,1,0,0,3,0,76,220,0,0,0,0,0,0,0,0,0,0,48,0,0,0,1,2,55,3,5,2,1,0,0,14,13,1,1,4,1,1,1
6,60602,1,2,2,26,4,15,19,12,6,1,0,6,1,20,471,20471,30,2000,1GCCS19W7Y81,1,G,C,C,S,1,9,W,7,Y,8,1,0,T,CHEV,S14,PC,0,17,,1,0,1229,S,G,,,6,262,,,,B,3185,03,,42,0,0,000000000,00000000000,0,0,0,1,0,0,0,0,0,0,0,999,0,1,1,82,98,6,2,12,0,0,0,1,6,95842,6,1,0,0,3,3,71,162,1,0,0,0,0,11,2008,11,2008,0,39,0,0,0,2,2,40,1,1,2,1,3,3,11,15,1,1,1,68,1,0
6,60602,2,2,1,26,4,15,19,12,6,1,0,6,2,20,481,20481,31,2007,1GBJC34U57E1,1,G,B,J,C,3,4,U,5,7,E,1,1,T,CHEV,SC3,CB,7,17,,3,1615,1370,SIL,G,,,8,366,,,,D,5503,00,,42,1,6,191744,06191744,2,4,3,1,0,0,0,0,0,0,0,40,0,0,0,12,12,6,2,12,0,0,0,1,6,95826,6,1,0,0,3,0,72,195,0,3,1,0,0,11,2008,1,2011,0,0,0,0,0,2,2,40,1,1,2,1,3,3,1,66,9,1,1,69,0,0
6,60603,1,1,3,26,4,20,40,1,0,1,0,93,3,51,881,51881,66,2001,4V4NC9JH11N2,4,V,4,N,C,9,J,H,1,1,N,2,1,T,VOLV,VNL,TR,1,17,,8,0,0,VVN,D,,,6,855,,,,,00000,00,,64,1,57,1453827,571453827,3,6,2,1,0,0,0,0,0,0,0,999,0,1,1,0,0,6,2,1,0,0,0,1,6,90805,6,1,6,1,3,0,68,160,2,0,0,1,1,2,2010,1,2011,0,48,0,0,0,1,2,55,3,8,2,1,0,0,14,13,1,7,6,98,2,1
6,60604,1,2,1,27,4,0,24,12,2,1,0,6,1,49,49,49049,6,2008,JTLKE50E3810,J,T,L,K,E,5,0,E,3,8,1,0,0,P,TOYT,SXB,UT,8,17,3020,,0,1024,,G,,F,4,146,,,16R205,,,,,,0,0,000000000,00000000000,0,0,0,1,0,0,0,0,0,0,0,50,0,0,0,12,12,6,2,12,0,0,0,1,6,94508,6,1,0,0,3,0,67,130,0,0,0,0,0,0,0,0,0,0,28,0,0,0,1,2,55,1,1,2,1,0,0,1,10,1,1,2,50,0,0
6,60604,2,2,1,27,4,0,24,12,2,1,0,6,1,35,43,35043,4,2005,3N1CB51D65L5,3,N,1,C,B,5,1,D,6,5,L,5,0,P,NISS,S18,4D,5,17,2387,,0,998,,G,,F,4,108,,,15R195,,,,,,0,0,000000000,00000000000,0,0,0,1,0,0,0,0,0,0,0,999,0,0,0,12,12,6,2,12,0,0,0,1,6,94559,6,1,0,0,3,0,67,130,1,0,0,0,0,9,2009,9,2009,0,0,0,0,0,1,2,55,3,1,2,1,0,0,14,62,1,1,1,51,1,0
6,60605,1,1,1,20,4,21,0,9,0,1,1,99,9,99,999,99999,99,9999,999999999999,9,9,9,9,9,9,9,9,9,9,9,9,0,,,,,,,,,,,,,,,,,,,,,,,,,0,0,000000000,00000000000,0,0,0,1,0,0,0,0,0,0,0,998,0,0,0,12,12,9,1,9,0,0,0,1,99,99999,9,9,99,9,9,9,999,999,99,99,99,99,99,99,9999,99,9999,1,0,0,0,0,5,6,40,1,1,2,1,0,0,1,80,99,1,1,13,0,0
6,60606,1,1,1,22,4,2,30,14,0,1,0,6,2,12,422,12422,15,2001,1FMRU15L21LA,1,F,M,R,U,1,5,L,2,1,L,A,0,P,FORD,EPT,UT,1,17,4886,,0,1191,,G,,F,8,330,,,16R255,,,,,,0,0,000000000,00000000000,0,0,0,1,0,0,0,0,0,0,0,998,1,0,0,12,12,6,2,14,0,0,0,1,6,90605,6,1,0,0,3,0,67,130,0,2,0,0,0,12,2008,12,2008,1,0,0,0,0,5,4,35,3,1,2,1,0,0,14,12,1,1,4,6,1,0
6,60607,1,2,2,22,4,4,30,12,6,1,0,6,2,20,481,20481,31,2008,3GCEC13C58G2,3,G,C,E,C,1,3,C,5,8,G,2,0,T,CHEV,SC1,CW,8,17,,2,0,1435,SIL,G,,,8,293,,,,B,5148,00,,42,0,0,000000000,00000000000,0,0,0,1,0,0,0,0,0,0,0,999,0,0,0,9,9,6,2,12,0,0,0,1,6,93249,0,0,0,0,0,0,66,160,0,0,0,0,0,0,0,0,0,1,92,39,0,0,1,2,55,1,1,2,1,20,3,1,17,1,1,1,89,1,0
6,60607,2,2,2,22,4,4,30,12,6,1,0,1,3,85,881,85881,66,2003,1XKADB9X33J3,1,X,K,A,D,B,9,X,3,3,J,3,1,T,KW,T60,TR,3,17,,8,2600,1600,CON,D,,,6,893,,,,,00000,00,,64,1,57,1134404,571134404,3,6,1,1,0,0,0,0,0,0,0,55,0,1,5,12,12,6,2,12,0,0,0,1,1,36426,6,1,6,0,3,0,74,240,1,0,0,2,2,3,2010,3,2011,0,0,0,0,0,1,2,55,1,1,2,1,0,0,1,66,1,1,1,88,0,0
6,60608,1,2,1,22,4,12,20,12,6,1,0,12,1,30,42,30042,3,2009,WVWEV71K49W1,W,V,W,E,V,7,1,K,4,9,W,1,0,P,VOLK,GTI,2H,9,17,3100,,0,1015,,G,,T,4,121,,,17R225,,,,,,0,0,000000000,00000000000,0,0,0,1,0,0,0,0,0,0,0,45,0,0,0,3,3,4,3,12,0,0,0,1,6,92056,6,1,0,0,3,3,72,190,0,0,0,1,0,5,2009,5,2009,1,0,0,0,0,6,2,65,2,1,2,1,0,0,14,10,1,3,6,48,0,0
6,60608,2,2,1,22,4,12,20,12,6,1,0,6,1,20,16,20016,4,1998,1G1JC5247W73,1,G,1,J,C,5,2,4,7,W,7,3,0,P,CHEV,CAV,4D,98,17,2630,,0,1041,,G,,F,4,133,,,14R195,,,,,,0,0,000000000,00000000000,0,0,0,1,0,0,0,0,0,0,0,25,0,0,0,12,12,4,3,12,0,0,0,1,6,92025,6,1,0,0,3,3,66,190,0,0,0,0,0,0,0,0,0,0,0,0,0,0,3,2,65,1,1,2,1,0,0,1,74,4,1,1,48,1,0
6,60609,1,1,1,23,4,5,18,46,0,1,0,6,1,7,442,7442,20,1995,2B4GH2535SR1,2,B,4,G,H,2,5,3,5,S,R,1,0,P,DODG,CAR,SV,95,17,3181,,0,1123,,G,,F,6,181,,,14R195,,,,,,0,0,000000000,00000000000,0,0,0,1,0,0,0,0,0,0,0,998,0,0,0,12,12,6,2,46,0,0,0,1,6,90805,6,1,0,0,3,0,65,140,0,0,0,0,0,0,0,0,0,0,48,0,0,0,5,2,35,1,1,2,1,3,3,1,12,99,4,4,7,1,0
6,60610,1,1,4,23,4,10,30,30,0,1,0,6,2,35,47,35047,4,2003,1N4AL11D13C3,1,N,4,A,L,1,1,D,1,3,C,3,0,P,NISS,ABS,4D,3,17,2913,,0,1102,,G,,F,4,153,,,16R205,,,,,,0,0,000000000,00000000000,0,0,0,1,0,0,0,0,0,0,0,55,0,0,0,61,61,6,2,30,0,0,0,1,6,93624,6,1,0,0,3,0,68,150,0,0,0,0,0,0,0,0,0,0,48,0,0,0,1,2,55,1,1,2,1,0,0,1,13,7,3,4,2,2,0
6,60611,1,2,3,24,4,17,10,14,0,1,0,6,1,58,37,58037,4,2003,JNKCV51E83M3,J,N,K,C,V,5,1,E,8,3,M,3,0,P,INFI,G35,4D,3,17,3336,,0,1122,,G,,F,6,214,,,16R205,,,,,,0,0,000000000,00000000000,0,0,0,1,0,0,0,0,0,0,0,100,0,0,0,61,61,6,2,14,0,0,0,1,6,90019,6,1,0,0,3,0,67,190,0,0,0,1,1,6,2009,3,2010,1,28,0,0,0,5,4,35,1,1,2,1,0,0,1,12,1,3,4,7,1,1
6,60611,3,2,1,24,4,17,10,14,0,1,0,6,1,12,481,12481,31,1985,1FTEF15Y1FPA,1,F,T,E,F,1,5,Y,1,F,P,A,0,T,FORD,F15,PK,85,17,,2,1550,1170,COF,G,,,6,300,,,,B,3301,02,A,42,0,0,000000000,00000000000,0,0,0,1,0,0,0,0,0,0,0,998,0,0,0,12,12,2,1,12,0,0,0,1,6,90230,6,1,0,0,3,0,68,170,0,0,0,0,0,0,0,0,0,0,0,0,0,0,5,4,35,1,1,2,1,0,0,1,63,8,1,2,98,0,0
6,60612,1,1,1,25,4,10,55,14,0,1,0,6,3,82,881,82881,66,1997,1FU5NMDB3VP8,1,F,U,5,N,M,D,B,3,V,P,8,1,T,FRHT,FC1,TR,97,17,,8,0,0,CON,D,,,6,661,,,,,00000,00,,62,1,57,307391,57307391,3,6,2,1,0,0,0,0,0,0,0,67,0,1,6,12,12,6,2,1,0,0,1,1,6,90631,3,1,6,1,2,0,68,195,1,0,0,1,0,3,2009,10,2009,1,92,0,0,0,2,3,70,1,1,1,1,0,0,1,13,1,1,4,11,1,0
6,60613,1,1,2,25,4,11,27,33,0,1,0,6,1,37,32,37032,4,1998,1HGCG1654WA0,1,H,G,C,G,1,6,5,4,W,A,0,0,P,HOND,UEX,4D,98,17,3184,,0,1069,,G,,F,6,183,,,15R205,,,,,,0,0,000000000,00000000000,0,0,0,1,0,0,0,0,0,0,0,24,0,0,0,14,14,4,3,5,32,0,0,1,6,92120,6,1,0,0,3,0,67,135,0,0,0,0,0,0,0,0,0,0,31,0,0,0,0,0,0,0,0,0,0,0,0,13,98,1,3,7,98,1,0
6,60614,1,1,1,25,4,13,40,9,0,1,0,6,3,82,881,82881,62,2011,1FVACWDT9BDB,1,F,V,A,C,W,D,T,9,B,D,B,0,T,FRHT,16M,CC,11,17,,6,0,0,FM2,D,,,6,409,,,,,00000,00,,42,0,57,327574,57327574,2,1,1,1,0,0,0,0,0,0,0,998,0,0,0,5,5,0,1,9,0,0,0,1,6,92173,6,1,0,0,3,0,69,198,0,0,0,0,0,0,0,0,0,0,38,0,0,0,5,4,35,1,1,2,1,0,0,11,83,1,1,2,13,0,0
6,60615,1,1,2,9,5,14,29,59,0,1,0,6,1,49,472,49472,30,2003,5TEGN92N23Z3,5,T,E,G,N,9,2,N,2,3,Z,3,0,T,TOYT,DCP,CW,3,17,,1,0,1219,TAC,G,,,6,206,,,,B,3462,00,U,42,0,0,000000000,00000000000,0,0,0,1,0,0,0,0,0,0,0,75,0,1,3,12,0,6,2,1,0,0,0,1,6,91402,6,1,0,0,3,0,66,180,0,0,0,1,0,7,2010,7,2010,1,48,0,0,0,2,2,65,1,1,2,1,0,0,1,12,1,3,4,7,1,0
6,60616,1,1,1,6,5,22,26,35,0,1,0,6,1,58,32,58032,4,2002,JNKBF01A32M0,J,N,K,B,F,0,1,A,3,2,M,0,0,P,INFI,Q45,4D,2,17,3797,,0,1130,,G,,F,8,274,,,17R225,,,,,,0,0,000000000,00000000000,0,0,0,1,0,0,0,0,0,0,0,999,0,1,6,12,0,6,2,1,0,0,1,1,6,92356,6,1,0,0,3,0,72,190,0,2,1,0,0,4,2009,5,2009,0,48,0,0,0,1,2,55,1,1,2,1,0,0,1,13,1,1,4,1,1,1
6,60617,1,2,1,30,4,13,44,12,2,1,0,6,2,23,461,23461,21,2001,1GTGG29W0111,1,G,T,G,G,2,9,W,0,1,1,1,0,T,GMC,SA2,EC,1,17,,2,0,1550,SAV,G,,,6,262,,,,C,00000,00,E,42,0,0,000000000,00000000000,0,0,0,1,0,0,0,0,0,0,0,53,0,0,0,12,12,6,2,12,0,0,1,1,6,95363,3,1,0,0,2,0,64,160,0,0,0,0,0,0,0,0,0,0,92,0,0,0,1,2,55,1,8,2,1,0,0,1,62,6,2,2,51,0,0
6,60617,2,2,1,30,4,13,44,12,2,1,0,6,1,12,37,12037,4,2008,1FAHP35NX8W1,1,F,A,H,P,3,5,N,X,8,W,1,0,P,FORD,FMS,4D,8,17,2623,,0,1029,,G,,F,4,122,,,16R205,,,,,,0,0,000000000,00000000000,0,0,0,1,0,0,0,0,0,0,0,55,0,0,0,12,12,6,2,12,0,0,1,1,6,95363,6,1,0,0,3,3,71,170,0,0,0,0,1,3,2010,3,2010,0,28,0,0,0,1,2,55,1,8,2,1,0,0,1,10,1,1,6,50,1,0
6,60618,1,1,1,30,4,19,50,33,0,1,0,6,2,35,43,35043,2,1994,1N4EB32AXRC7,1,N,4,E,B,3,2,A,X,R,C,7,0,P,NISS,SXL,2D,94,17,2324,,0,957,,G,,F,4,098,,,13R155,,,,,,0,0,000000000,00000000000,0,0,0,1,0,0,0,0,0,0,0,999,0,0,0,14,12,6,2,42,0,0,0,1,6,92557,1,1,0,0,2,0,67,132,0,2,0,0,0,9,2008,4,2010,0,48,24,92,0,1,4,40,3,8,8,1,0,0,1,13,3,2,4,2,1,1
6,60619,1,2,1,30,4,20,51,12,2,1,0,6,1,41,44,41044,2,1993,1YVGE31AXP52,1,Y,V,G,E,3,1,A,X,P,5,2,0,P,MAZD,UM6,CP,93,17,2600,,0,1028,,G,,F,4,122,,,14R195,,,,,,0,0,000000000,00000000000,0,0,0,1,0,0,0,0,0,0,0,998,0,0,0,12,12,6,2,12,0,0,0,1,6,95126,6,1,0,0,3,0,65,130,1,0,0,1,1,3,2010,1,2011,1,0,0,0,0,1,4,35,1,8,8,1,0,0,1,10,1,1,2,50,1,1
6,60619,2,2,2,30,4,20,51,12,2,1,0,6,1,62,422,62422,15,2002,SALNY22212A3,S,A,L,N,Y,2,2,2,1,2,A,3,0,T,LNDR,FSE,4W,2,17,,1,0,1010,FRE,G,,,6,152,,,,,3620,00,E,44,0,0,000000000,00000000000,0,0,0,1,0,0,0,0,0,0,0,998,0,0,0,12,12,6,2,12,0,0,0,1,6,95133,6,1,0,0,3,0,64,120,0,0,0,0,0,0,0,0,0,0,0,0,0,0,1,4,35,1,8,8,1,0,0,1,62,1,1,1,51,0,0
6,60620,1,1,1,30,4,99,99,38,0,1,0,6,1,76,705,76705,80,2002,JYARJ04Y32A0,J,Y,A,R,J,0,4,Y,3,2,A,0,0,M,YAMA,R6L,RC,2,17,,,,,,,599,,4,,4,365,,,,,,,0,0,000000000,00000000000,0,0,0,1,0,0,0,0,0,0,0,999,0,0,0,12,12,6,2,38,0,0,0,1,6,96073,6,1,0,0,2,0,69,168,0,1,0,0,1,5,2009,7,2009,0,48,92,0,0,1,2,55,3,1,2,1,0,0,14,13,1,1,4,1,1,1
6,60621,1,2,1,1,5,0,23,12,1,1,0,6,1,32,40,32040,4,2008,WAUGL78E18A0,W,A,U,G,L,7,8,E,1,8,A,0,0,P,AUDI,SQ4,4D,8,17,3869,,0,1043,,G,,F,8,254,,,18R235,,,,,,0,0,000000000,00000000000,0,0,0,1,0,0,0,0,0,0,0,998,0,0,0,12,12,6,2,12,0,0,0,1,6,91010,6,1,0,0,3,0,65,120,0,0,0,0,2,10,2010,11,2010,1,0,0,0,0,2,2,70,1,1,2,1,0,0,1,51,3,2,1,24,0,0
6,60621,2,2,2,1,5,0,23,12,1,1,0,6,1,38,401,38401,14,1997,4S2CK58V8V43,4,S,2,C,K,5,8,V,8,V,4,3,0,P,ISU,ROD,UT,97,17,0,,0,1087,,G,,F,6,195,,,16R225,,,,,,0,0,000000000,00000000000,0,0,0,1,0,0,0,0,0,0,0,70,0,1,5,6,0,6,2,1,0,0,0,1,6,91709,6,1,0,0,3,0,66,200,0,0,0,2,0,5,2009,1,2010,0,0,0,0,0,2,2,70,1,1,2,1,0,0,1,53,3,2,1,25,1,0
6,60622,1,1,1,1,5,5,30,25,0,1,0,6,1,37,31,37031,2,2005,1HGEM215X5L0,1,H,G,E,M,2,1,5,X,5,L,0,0,P,HOND,UCL,CP,5,17,2536,,0,1031,,G,,F,4,102,,,15R195,,,,,,0,0,000000000,00000000000,0,0,0,1,0,0,0,0,0,0,0,999,0,0,0,6,81,6,2,23,0,0,0,1,6,93263,6,1,0,0,3,0,70,178,0,0,0,0,0,0,0,0,0,0,48,24,0,0,3,3,70,1,1,1,1,0,0,1,12,3,4,4,10,1,1
6,60623,1,1,2,9,5,17,26,35,0,1,0,6,1,20,421,20421,15,2001,1GNEK13T91R1,1,G,N,E,K,1,3,T,9,1,R,1,0,P,CHEV,KTA,UT,1,17,5050,,0,1160,,G,,F,8,325,,,16R245,,,,,,0,0,000000000,00000000000,0,0,0,1,0,0,0,0,0,0,0,55,0,1,5,98,0,6,2,35,0,0,0,1,6,93514,6,1,0,0,3,3,72,175,0,0,0,0,0,0,0,0,0,1,0,0,0,0,2,2,65,1,5,2,3,0,0,1,6,1,7,4,2,1,0
6,60624,1,2,1,9,5,21,6,12,6,1,0,6,2,76,705,76705,80,1999,JYARJ04E5XA0,J,Y,A,R,J,0,4,E,5,X,A,0,0,M,YAMA,R6L,RC,99,17,,,,,,,599,,4,,4,370,,,,,,,0,0,000000000,00000000000,0,0,0,1,0,0,0,0,0,0,0,998,0,0,0,12,12,6,2,12,0,0,0,1,6,90650,6,1,0,0,2,0,65,164,0,0,0,0,1,2,2011,2,2011,0,92,0,0,0,5,4,35,1,8,8,1,0,0,1,66,1,1,1,69,1,0
6,60624,2,2,1,9,5,21,6,12,6,1,0,6,1,20,481,20481,31,1995,2GCEC19Z6S12,2,G,C,E,C,1,9,Z,6,S,1,2,0,T,CHEV,GC1,PC,95,17,,2,1555,1415,GM4,G,,,6,262,,,,B,4071,02,,42,0,0,000000000,00000000000,0,0,0,1,0,0,0,0,0,0,0,998,0,0,0,1,1,4,3,12,0,0,0,1,6,90805,6,1,0,0,3,0,67,180,0,0,0,0,0,0,0,0,0,0,38,0,0,0,5,4,35,1,8,8,1,0,0,11,15,1,1,2,68,0,0
6,60625,1,1,2,9,5,22,0,8,0,1,0,6,1,49,40,49040,4,2007,4T1BE46K97U6,4,T,1,B,E,4,6,K,9,7,U,6,0,P,TOYT,CMB,4D,7,17,3108,,0,1093,,G,,F,4,146,,,15R205,,,,,,0,0,000000000,00000000000,0,0,0,1,0,0,0,0,0,0,0,998,0,0,0,12,12,4,1,8,0,0,0,1,6,90035,6,1,0,0,3,0,67,135,1,0,0,0,1,11,2009,2,2011,0,0,0,0,0,5,4,35,1,8,2,2,0,0,1,80,1,1,1,13,0,0
6,60626,1,2,1,10,5,9,53,1,0,1,0,6,3,85,881,85881,63,2004,1NKWLTEX04J0,1,N,K,W,L,T,E,X,0,4,J,0,0,T,KW,W90,CC,4,17,,8,2850,1600,CON,D,,,6,629,,,,,00000,00,,64,0,6,96049,0696049,3,2,5,1,0,0,0,0,0,0,0,998,0,0,0,98,98,2,3,12,0,0,0,1,6,96087,6,1,6,0,3,3,71,180,0,0,0,0,0,0,0,0,0,0,38,91,0,0,2,2,55,1,1,2,1,0,0,11,15,1,1,2,98,0,0
6,60626,2,2,1,10,5,9,53,1,0,1,0,6,1,37,705,37705,80,2003,JH2PC37103M0,J,H,2,P,C,3,7,1,0,3,M,0,0,M,HOND,B60,RC,3,17,,,,,,,599,,4,,4,370,,,,,,,0,0,000000000,00000000000,0,0,0,1,0,0,0,0,0,0,0,55,0,0,0,0,14,6,2,12,0,0,0,1,6,96073,6,1,0,0,3,3,72,190,0,0,0,0,0,0,0,0,0,0,57,0,0,0,2,2,55,1,1,2,1,0,0,1,66,3,2,1,98,1,0
6,60627,1,1,1,7,4,0,22,42,0,1,0,6,2,20,9,20009,1,2000,2G1FP32G1Y21,2,G,1,F,P,3,2,G,1,Y,2,1,0,P,CHEV,Z28,CV,0,17,3574,,0,1011,,G,,F,8,350,,,16R235,,,,,,0,0,000000000,00000000000,0,0,0,1,0,0,0,0,0,0,0,65,0,0,0,12,12,6,2,42,0,0,1,1,6,95338,6,1,0,0,3,0,63,185,0,0,0,0,0,0,0,0,0,1,0,0,0,0,2,2,35,1,1,2,1,0,0,1,12,1,1,4,6,1,1
6,60628,1,1,1,9,4,1,4,8,0,1,0,6,2,12,3,12003,1,2004,1FAFP44604F1,1,F,A,F,P,4,4,6,0,4,F,1,0,P,FORD,MUS,CV,4,17,3254,,0,1013,,G,,F,6,238,,,16R225,,,,,,0,0,000000000,00000000000,0,0,0,1,0,0,0,0,0,0,0,65,0,0,0,12,12,4,3,8,0,0,0,1,6,93101,6,1,0,0,3,0,64,126,0,0,0,0,0,0,0,0,0,0,0,0,0,0,3,2,65,1,1,1,1,0,0,1,80,2,1,1,13,0,0
6,60629,1,1,1,9,4,1,55,8,0,1,1,99,9,99,999,99999,99,9999,999999999999,9,9,9,9,9,9,9,9,9,9,9,9,0,,,,,,,,,,,,,,,,,,,,,,,,,0,0,000000000,00000000000,0,0,0,1,0,0,0,0,0,0,0,999,0,0,0,99,99,9,1,8,0,0,0,1,99,99999,9,9,99,9,9,9,999,999,99,99,99,99,99,99,9999,99,9999,0,99,99,99,99,3,5,65,1,2,9,2,0,0,99,80,99,9,9,13,0,0
6,60630,1,1,3,9,4,1,57,33,0,1,0,6,2,20,2,20002,4,2003,2G1WF52E4392,2,G,1,W,F,5,2,E,4,3,9,2,0,P,CHEV,IMP,4D,3,17,3389,,0,1105,,G,,F,6,207,,,16R225,,,,,,0,0,000000000,00000000000,0,0,0,1,0,0,0,0,0,0,0,70,0,1,5,14,0,6,2,1,0,0,0,1,6,92571,6,1,0,0,3,0,73,270,0,0,0,0,0,0,0,0,0,1,24,0,0,0,3,2,65,3,1,2,2,0,0,14,6,1,1,4,6,1,1
6,60631,1,1,1,21,4,15,19,8,0,1,0,6,1,20,16,20016,2,2005,1G1JC12F2571,1,G,1,J,C,1,2,F,2,5,7,1,0,P,CHEV,CAV,CP,5,17,2617,,0,1041,,G,,F,4,134,,,14R195,,,,,,0,0,000000000,00000000000,0,0,0,1,0,0,0,0,0,0,0,998,0,0,0,9,9,4,3,8,0,0,0,1,6,96002,6,1,0,0,3,0,72,175,0,0,0,0,0,0,0,0,0,0,0,0,0,0,1,2,40,1,1,2,1,0,0,1,80,1,1,1,13,0,0
6,60632,1,1,1,21,4,20,4,8,0,1,0,6,1,23,481,23481,31,2001,2GTEC19TX112,2,G,T,E,C,1,9,T,X,1,1,2,0,T,GMC,NC1,PC,1,17,,2,1575,1435,SIE,G,,,8,325,,,,B,4413,00,U,42,0,0,000000000,00000000000,0,0,0,1,0,0,0,0,0,0,0,25,0,0,0,12,12,2,1,8,0,0,0,1,6,95315,6,1,0,0,3,0,68,205,0,0,0,0,0,0,0,0,0,1,38,0,0,0,2,2,35,1,1,2,1,0,0,1,80,2,1,1,13,0,0
6,60633,1,2,1,1,4,10,35,12,6,1,0,38,3,87,881,87881,66,1997,1XP5D68X2VN4,1,X,P,5,D,6,8,X,2,V,N,4,1,T,PTRB,379,TR,97,17,,8,0,0,CON,D,,,6,855,,,,,00000,00,,64,1,57,842052,57842052,3,6,3,1,0,0,0,0,0,0,0,15,0,0,0,1,1,4,1,12,0,0,0,1,38,58103,6,1,6,0,3,0,72,200,0,0,0,0,0,0,0,0,0,0,38,0,0,0,1,2,55,1,8,2,1,0,0,11,15,1,1,1,68,0,0