STATE,ST_CASE,VEH_NO,VE_FORMS,NUMOCCS,DAY,MONTH,HOUR,MINUTE,HARM_EV,MAN_COLL,UNITTYPE,HIT_RUN,REG_STAT,OWNER,MAKE,MODEL,MAK_MOD,BODY_TYP,MOD_YEAR,VIN,VIN_1,VIN_2,VIN_3,VIN_4,VIN_5,VIN_6,VIN_7,VIN_8,VIN_9,VIN_10,VIN_11,VIN_12,TOW_VEH,VINTYPE,VINMAKE,VINA_MOD,VIN_BT,VINMODYR,VIN_LNGT,VIN_WGT,WGTCD_TR,WHLBS_LG,WHLBS_SH,SER_TR,FUELCODE,MCYCL_DS,CARBUR,CYLINDER,DISPLACE,MCYCL_CY,MCYCL_WT,TIRE_SZE,TON_RAT,TRK_WT,TRKWTVAR,VIN_REST,WHLDRWHL,J_KNIFE,MCARR_I1,MCARR_I2,MCARR_ID,GVWR,V_CONFIG,CARGO_BT,HAZ_INV,HAZ_PLAC,HAZ_ID,HAZ_CNO,HAZ_REL,BUS_USE,SPEC_USE,EMER_USE,TRAV_SP,UNDERIDE,ROLLOVER,ROLINLOC,IMPACT1,IMPACT2,DEFORMED,TOWED,M_HARM,VEH_SC1,VEH_SC2,FIRE_EXP,DR_PRES,L_STATE,DR_ZIP,L_STATUS,L_TYPE,CDL_STAT,L_ENDORS,L_COMPL,L_RESTRI,DR_HGT,DR_WGT,PREV_ACC,PREV_SUS,PREV_DWI,PREV_SPD,PREV_OTH,FIRST_MO,FIRST_YR,LAST_MO,LAST_YR,SPEEDREL,DR_SF1,DR_SF2,DR_SF3,DR_SF4,VTRAFWAY,VNUM_LAN,VSPD_LIM,VALIGN,VPROFILE,VPAVETYP,VSURCOND,VTRAFCON,VTCONT_F,P_CRASH1,P_CRASH2,P_CRASH3,PCRASH4,PCRASH5,ACC_TYPE,DEATHS,DR_DRINK
6,61248,2,2,2,17,7,11,17,1,0,1,0,6,2,37,32,37032,2,2003,1HGCM72233A0,1,H,G,C,M,7,2,2,3,3,A,0,0,P,HOND,ULX,CP,3,17,2994,,0,1051,,G,,F,4,146,,,15R205,,,,,,0,0,000000000,00000000000,0,0,0,1,0,0,0,0,0,0,0,998,0,0,0,6,6,2,1,12,0,0,0,1,6,91761,6,1,0,0,3,0,73,215,0,2,1,0,0,10,2008,10,2008,0,0,0,0,0,3,7,65,1,1,1,1,0,0,1,60,1,1,1,98,0,0
6,61249,1,1,2,21,7,2,3,25,0,1,0,6,2,37,706,37706,80,2001,JH2SC44181M1,J,H,2,S,C,4,4,1,8,1,M,1,0,M,HOND,CR9,RC,1,17,,,,,,,929,,4,,4,379,,,,,,,0,0,000000000,00000000000,0,0,0,1,0,0,0,0,0,0,0,85,0,0,0,12,98,6,2,30,0,0,0,1,6,90605,6,1,0,0,2,0,67,180,0,0,0,0,0,0,0,0,0,1,28,92,0,0,2,2,45,1,1,1,1,0,0,1,12,1,1,4,6,2,1
6,61250,1,1,2,23,7,15,20,9,0,1,0,6,1,7,482,7482,31,2006,1D7HA18N66S6,1,D,7,H,A,1,8,N,6,6,S,6,0,T,DODG,SQ1,CW,6,17,,2,1405,1205,RPC,G,,,8,287,,,,B,4833,02,E,42,0,0,000000000,00000000000,0,0,0,1,0,0,0,0,0,0,0,998,0,0,0,2,2,2,1,9,0,0,0,1,6,91739,6,1,0,0,3,0,60,135,0,0,0,0,0,0,0,0,0,0,0,0,0,0,2,2,40,1,1,1,1,2,3,1,83,1,1,1,13,0,0
6,61251,1,3,4,21,5,16,55,12,7,1,0,6,1,12,422,12422,15,2005,1FMPU175X5LA,1,F,M,P,U,1,7,5,X,5,L,A,0,P,FORD,EPT,UT,5,17,5352,,0,1191,,G,,F,8,330,,,17R265,,,,,,0,0,000000000,00000000000,0,0,0,1,0,0,0,0,0,0,0,45,0,0,0,5,5,2,1,12,0,0,0,1,6,92880,6,1,0,0,3,1,62,123,0,0,0,0,0,0,0,0,0,0,0,0,0,0,3,5,65,1,1,1,1,0,0,1,51,1,1,1,44,0,0
6,61251,2,3,3,21,5,16,55,12,7,1,0,6,2,19,480,19480,31,2003,3GYEK63N23G2,3,G,Y,E,K,6,3,N,2,3,G,2,0,T,CADI,EXT,SP,3,17,,2,0,1300,ESC,G,,,8,364,,,,,5853,00,K,44,0,0,000000000,00000000000,0,0,0,1,0,0,0,0,0,0,0,50,0,0,0,2,5,2,1,12,0,0,0,1,6,92688,6,1,0,0,3,0,70,190,0,0,0,0,1,6,2010,6,2010,1,0,0,0,0,3,5,65,1,1,1,1,0,0,1,53,9,1,2,45,0,0
6,61251,3,3,2,21,5,16,55,12,7,1,0,6,1,72,706,72706,80,2007,1HD1KB4387Y6,1,H,D,1,K,B,4,3,8,7,Y,6,0,M,HD,FH9,RS,7,17,,,,,,,1584,,2,,4,733,,,,,,,0,0,000000000,00000000000,0,0,0,1,0,0,0,0,0,0,0,46,0,0,0,61,61,6,2,12,0,0,0,1,6,92530,6,1,0,0,3,3,70,210,0,0,0,0,0,0,0,0,0,0,0,0,0,0,3,5,65,1,1,1,1,0,0,1,51,2,1,2,98,1,1
6,61252,1,1,1,9,8,22,22,8,0,1,0,6,1,49,401,49401,14,1996,JT3HN86R4T00,J,T,3,H,N,8,6,R,4,T,0,0,0,P,TOYT,RUN,UT,96,17,0,,0,1053,,G,,F,6,206,,,15R225,,,,,,0,0,000000000,00000000000,0,0,0,1,0,0,0,0,0,0,0,998,0,0,0,12,12,4,1,8,0,0,0,1,6,90640,6,1,0,0,3,0,68,175,0,0,0,0,0,0,0,0,0,0,0,0,0,0,5,2,30,1,1,2,1,0,0,1,80,1,1,1,13,0,0
6,61253,1,1,1,14,8,19,0,8,0,1,1,99,9,99,999,99999,99,9999,999999999999,9,9,9,9,9,9,9,9,9,9,9,9,0,,,,,,,,,,,,,,,,,,,,,,,,,0,0,000000000,00000000000,0,0,0,1,0,0,0,0,0,0,0,999,0,0,0,99,99,9,1,8,0,0,0,1,99,99999,9,9,99,9,9,9,999,999,99,99,99,99,99,99,9999,99,9999,0,48,0,0,0,1,2,55,1,1,2,1,0,0,1,13,1,1,4,13,0,0
6,61254,1,2,1,17,8,9,5,12,1,1,0,6,1,49,441,49441,20,1997,JT3GK13M1V12,J,T,3,G,K,1,3,M,1,V,1,2,0,P,TOYT,PRE,SV,97,17,3875,,0,1128,,G,,Z,4,149,,,15R215,,,,,,0,0,000000000,00000000000,0,0,0,1,0,0,0,0,0,0,0,65,0,0,0,12,12,6,2,12,0,0,0,1,6,93535,6,1,0,0,3,0,69,190,0,0,0,0,0,0,0,0,0,1,0,0,0,0,3,4,65,3,5,2,1,0,0,14,6,1,1,1,24,1,0
6,61254,2,2,1,17,8,9,5,12,1,1,0,6,2,82,881,82881,66,1996,1FUYDZYBXTP8,1,F,U,Y,D,Z,Y,B,X,T,P,8,1,T,FRHT,FLD,TR,96,17,,8,0,0,CON,D,,,6,774,,,,,00000,00,,64,1,6,233689,06233689,3,6,7,1,0,0,0,0,0,0,0,38,0,0,0,6,6,4,1,12,0,0,0,1,6,91355,6,1,6,0,3,3,69,185,0,0,0,0,1,5,2011,5,2011,0,0,0,0,0,3,4,65,3,5,1,1,0,0,14,53,1,1,2,25,0,0
6,61255,1,1,2,19,7,14,50,30,0,1,0,94,3,98,881,98881,66,2008,10TDMWE318S0,1,0,T,D,M,W,E,3,1,8,S,0,1,T,OSHK,,,8,17,,,,,,,,,,,,,,,,,,,2,88,888888888,88888888888,3,6,2,1,0,0,0,0,0,0,0,55,0,1,2,14,0,6,2,1,0,0,0,1,42,19120,6,1,6,0,3,0,70,180,0,0,0,0,0,0,0,0,0,0,48,0,0,0,6,1,55,2,5,2,1,0,0,16,13,7,3,4,2,1,0
6,61256,1,1,1,19,7,18,50,9,0,1,0,6,1,20,482,20482,31,2005,3GNEC12Z15G1,3,G,N,E,C,1,2,Z,1,5,G,1,0,T,CHEV,CAV,CW,5,17,,2,0,1300,AVL,F,,,8,323,,,,B,5437,00,,42,0,0,000000000,00000000000,0,0,0,1,0,0,0,0,0,0,0,998,0,0,0,12,12,2,3,9,0,0,0,1,6,90018,6,1,0,0,3,0,70,190,0,0,0,0,0,0,0,0,0,0,27,0,0,0,4,4,25,1,1,8,1,0,0,1,80,1,1,1,13,0,0
6,61257,1,1,1,7,8,13,50,8,0,1,0,6,2,6,52,6052,6,2008,3A8FY58B58T2,3,A,8,F,Y,5,8,B,5,8,T,2,0,P,CHRY,PTC,SV,8,17,3076,,0,1030,,G,,F,4,148,,,16R205,,,,,,0,0,000000000,00000000000,0,0,0,1,0,0,0,0,0,0,0,58,0,0,0,12,12,4,3,8,0,0,0,1,6,96002,6,1,0,0,3,0,70,200,1,0,0,0,0,10,2008,10,2008,0,48,0,0,0,1,2,55,1,1,2,1,0,0,1,11,1,1,4,13,0,0
6,61258,1,5,1,7,8,14,50,12,1,1,0,6,2,72,706,72706,80,2007,1HD1KB4347Y6,1,H,D,1,K,B,4,3,4,7,Y,6,0,M,HD,FH9,RS,7,17,,,,,,,1584,,2,,4,733,,,,,,,0,0,000000000,00000000000,0,0,0,1,0,0,0,0,0,0,0,55,0,0,0,12,0,4,3,1,0,0,0,1,6,92019,6,1,0,0,3,0,74,285,0,0,0,0,1,6,2011,6,2011,1,0,0,0,0,1,4,55,1,6,2,1,0,0,1,50,4,2,1,20,1,0
6,61258,2,5,1,7,8,14,50,12,1,1,0,6,1,72,706,72706,80,2007,1HD1KB4337Y7,1,H,D,1,K,B,4,3,3,7,Y,7,0,M,HD,FH9,RS,7,17,,,,,,,1584,,2,,4,733,,,,,,,0,0,000000000,00000000000,0,0,0,1,0,0,0,0,0,0,0,55,0,0,0,0,0,4,3,1,0,0,0,1,6,92117,6,1,0,0,3,0,72,230,0,1,0,1,1,2,2010,10,2010,1,0,0,0,0,1,4,55,1,6,2,1,0,0,1,50,4,2,1,98,0,0
6,61258,3,5,4,7,8,14,50,12,1,1,0,6,2,49,50,49050,3,2010,JTKDE3B75A03,J,T,K,D,E,3,B,7,5,A,0,3,0,P,TOYT,SXC,2H,10,17,2905,,0,1063,,G,,F,4,144,,,17R215,,,,,,0,0,000000000,00000000000,0,0,0,1,0,0,0,0,0,0,0,0,0,0,0,6,6,4,3,12,0,0,0,1,6,92065,6,1,0,0,3,0,68,150,0,0,0,0,0,0,0,0,0,0,0,0,0,0,1,4,55,1,6,2,1,0,0,1,53,1,1,1,21,0,0
6,61258,4,5,1,7,8,14,50,12,1,1,0,6,2,7,422,7422,15,2005,1D8HB58D05F5,1,D,8,H,B,5,8,D,0,5,F,5,0,P,DODG,DUR,UT,5,17,4986,,0,1192,,G,,F,8,348,,,17R265,,,,,,0,0,000000000,00000000000,0,0,0,1,0,0,0,0,0,0,0,0,0,0,0,81,14,2,1,12,0,0,0,1,6,92123,6,1,0,0,3,0,75,210,0,0,0,0,0,0,0,0,0,0,0,0,0,0,1,4,55,1,6,2,1,0,0,11,53,1,1,1,98,0,0
6,61258,5,5,1,7,8,14,50,12,1,1,0,6,1,20,35,20035,2,1992,J81RF2368N75,J,8,1,R,F,2,3,6,8,N,7,5,0,P,GEO,GS2,CP,92,17,2292,,0,965,,G,,F,4,097,,,14R185,,,,,,0,0,000000000,00000000000,0,0,0,1,0,0,0,0,0,0,0,50,0,0,0,12,12,2,1,12,0,0,0,1,6,92021,6,1,0,0,3,3,71,190,0,0,0,0,0,0,0,0,0,0,0,0,0,0,1,4,55,1,6,2,1,0,0,1,50,3,1,1,98,0,0
6,61259,1,2,1,10,8,11,50,12,7,1,0,6,2,14,4,14004,2,1995,1MELM62WXSH6,1,M,E,L,M,6,2,W,X,S,H,6,0,P,MERC,XR7,2D,95,17,3533,,0,1130,,G,,F,8,281,,,15R205,,,,,,0,0,000000000,00000000000,0,0,0,1,0,0,0,0,0,0,0,999,0,0,0,81,81,4,3,12,0,0,0,1,6,91307,6,1,0,0,3,0,65,140,1,0,0,0,1,10,2009,1,2011,1,48,0,0,0,3,4,65,3,6,1,1,0,0,15,11,1,1,2,44,0,0
6,61259,2,2,4,10,8,11,50,12,7,1,0,6,1,12,441,12441,20,1993,1FMCA11U3PZA,1,F,M,C,A,1,1,U,3,P,Z,A,0,P,FORD,ARO,SV,93,17,3481,,0,1190,,G,,F,6,182,,,14R215,,,,,,0,0,000000000,00000000000,0,0,0,1,0,0,0,0,0,0,0,65,0,1,2,61,0,6,2,1,0,0,0,1,6,90054,3,1,0,0,2,0,71,175,0,0,0,0,0,0,0,0,0,0,92,0,0,0,3,4,65,3,6,1,1,0,0,14,60,1,1,1,45,1,0
6,61260,1,1,1,11,8,3,46,35,0,1,0,6,1,49,40,49040,4,2003,JTDBF32K8301,J,T,D,B,F,3,2,K,8,3,0,1,0,P,TOYT,XLL,4D,3,17,3203,,0,1071,,G,,F,6,183,,,15R205,,,,,,0,0,000000000,00000000000,0,0,0,1,0,0,0,0,0,0,0,999,0,2,1,98,0,6,2,1,0,0,1,1,6,92392,6,1,0,0,3,3,70,180,0,0,0,0,0,0,0,0,0,9,48,0,0,0,2,6,70,1,6,1,1,0,0,1,13,1,1,4,98,1,0
6,61261,1,1,2,12,8,12,16,43,0,1,0,6,2,42,33,42033,2,1977,107044120401,1,0,7,0,4,4,1,2,0,4,0,1,0,P,MERZ,4SL,,77,14,3670,,0,969,,G,,F,8,276,,,14R205,,,,,,0,0,000000000,00000000000,0,0,0,1,0,0,0,0,0,0,0,998,0,0,0,12,12,6,2,39,0,0,0,1,6,91754,6,1,0,0,3,3,61,105,0,0,0,0,0,0,0,0,0,0,0,0,0,0,1,2,25,1,1,1,1,20,3,1,14,1,1,4,14,1,0
6,61262,1,1,2,13,8,22,30,18,0,1,0,6,1,72,706,72706,80,1998,1HD1GEL58WY3,1,H,D,1,G,E,L,5,8,W,Y,3,0,M,HD,FWA,RS,98,17,,,,,,,1340,,2,,4,598,,,,,,,0,0,000000000,00000000000,0,0,0,1,0,0,0,0,0,0,0,999,0,0,0,98,98,4,3,18,0,0,0,1,6,95236,3,1,0,0,2,0,72,200,0,0,0,0,1,6,2011,6,2011,9,28,92,0,0,1,2,55,3,5,2,1,0,0,14,13,1,1,4,1,1,0
6,61263,1,1,1,14,8,15,15,42,0,1,0,6,2,12,401,12401,14,1973,U15GLR52996,U,1,5,G,L,R,5,2,9,9,6,,0,T,FORD,U10,UT,73,11,,1,0,920,BRO,G,,,8,302,,,,B,,,,44,0,0,000000000,00000000000,0,0,0,1,0,0,0,0,0,0,0,83,0,1,1,12,0,6,2,1,0,0,0,1,6,93455,6,1,0,0,3,0,68,220,0,0,0,0,1,5,2011,5,2011,1,48,0,0,0,1,2,55,1,1,2,1,0,0,1,13,1,1,4,1,1,1
6,61264,1,1,6,14,8,15,20,42,0,1,0,6,2,24,1,24001,4,1993,1G8ZH5594PZ1,1,G,8,Z,H,5,5,9,4,P,Z,1,0,P,STRN,SL1,4D,93,17,0,,0,1024,,G,,F,4,116,,,14R175,,,,,,0,0,000000000,00000000000,0,0,0,1,0,0,0,0,0,0,0,998,0,1,6,12,0,6,2,1,0,0,0,1,6,90804,6,1,0,0,3,3,65,140,0,0,0,0,0,0,0,0,0,0,48,0,0,0,3,4,55,1,1,2,1,0,0,1,13,7,1,4,1,1,0
6,61265,1,2,2,14,8,16,40,12,6,1,0,6,2,30,42,30042,1,1987,WVWCA0152HK0,W,V,W,C,A,0,1,5,2,H,K,0,0,P,VOLK,CAB,CV,87,17,2167,,0,945,,G,,F,4,109,,,13R175,,,,,,0,0,000000000,00000000000,0,0,0,1,0,0,0,0,0,0,0,75,0,0,0,81,81,6,2,12,0,0,0,1,6,95215,6,1,0,0,3,0,68,210,0,0,0,0,0,0,0,0,0,1,39,36,92,0,1,2,35,1,1,2,1,3,3,1,17,1,1,1,87,1,0
6,61265,2,2,4,14,8,16,40,12,6,1,0,6,1,14,443,14443,20,1996,4M2DV11W8TDJ,4,M,2,D,V,1,1,W,8,T,D,J,0,P,MERC,VLR,SV,96,17,0,,0,1122,,G,,F,6,182,,,15R205,,,,,,0,0,000000000,00000000000,0,0,0,1,0,0,0,0,0,0,0,35,0,0,0,12,12,4,3,12,0,0,0,1,6,95336,6,1,0,0,3,0,65,120,0,0,0,0,1,6,2010,6,2010,0,0,0,0,0,1,2,45,1,1,2,1,3,3,1,66,1,1,1,86,0,0
6,61266,1,1,1,15,8,16,0,31,0,1,0,6,1,22,441,22441,20,2001,1GMDX03E31D2,1,G,M,D,X,0,3,E,3,1,D,2,0,T,PONT,MON,ES,1,17,,1,0,1200,MON,G,,,6,207,,,,B,3942,00,K,42,0,0,000000000,00000000000,0,0,0,1,0,0,0,0,0,0,0,40,0,0,0,12,12,6,2,31,0,0,0,1,6,93306,6,1,0,0,3,3,68,230,0,0,0,0,1,11,2009,11,2009,0,48,0,0,0,1,2,25,1,1,2,1,0,0,1,12,1,1,4,6,1,1
6,61267,1,1,1,15,8,19,17,8,0,1,1,6,2,20,441,20441,20,1994,1GCDM15ZXRB2,1,G,C,D,M,1,5,Z,X,R,B,2,0,T,CHEV,AST,CG,94,17,,1,0,1110,AST,G,,,6,262,,,,B,3653,00,,42,0,0,000000000,00000000000,0,0,0,1,0,0,0,0,0,0,0,999,0,0,0,12,12,4,3,8,0,0,0,1,6,94565,3,1,0,0,2,0,66,130,0,0,1,1,1,11,2010,11,2010,0,39,0,0,0,2,4,35,1,1,2,1,3,3,1,80,99,9,9,13,0,0
6,61268,1,1,2,15,8,23,29,42,0,1,0,6,1,32,43,32043,4,2000,WAUDD68D7YA1,W,A,U,D,D,6,8,D,7,Y,A,1,0,P,AUDI,S4Q,4D,0,17,3296,,0,1026,,G,,T,6,163,,,17R225,,,,,,0,0,000000000,00000000000,0,0,0,1,0,0,0,0,0,0,0,999,0,1,2,98,0,6,2,1,0,0,0,1,6,95945,6,1,0,0,3,0,71,144,2,0,0,1,2,6,2009,1,2011,1,48,0,0,0,1,2,55,3,6,2,1,0,0,14,13,1,4,4,2,2,0
6,61269,1,2,1,16,8,10,40,12,1,1,0,6,2,73,703,73703,80,2003,JKAEXMF193A0,J,K,A,E,X,M,F,1,9,3,A,0,0,M,KAWK,EXF,RC,3,17,,,,,,,250,,2,,4,304,,,,,,,0,0,000000000,00000000000,0,0,0,1,0,0,0,0,0,0,0,65,0,0,0,12,0,6,2,1,0,0,0,1,6,91505,0,0,0,0,0,0,71,155,0,0,0,0,0,0,0,0,0,1,92,0,0,0,3,4,65,1,1,1,1,0,0,15,51,1,1,2,24,1,0
6,61269,2,2,1,16,8,10,40,12,1,1,0,6,1,12,402,12402,14,2011,1FMCU0DGXBKC,1,F,M,C,U,0,D,G,X,B,K,C,0,P,FORD,SPE,UT,11,17,3355,,0,1031,,F,,F,6,183,,,16R235,,,,,,0,0,000000000,00000000000,0,0,0,1,0,0,0,0,0,0,0,53,0,0,0,6,6,2,1,12,0,0,0,1,6,91606,6,1,0,0,3,3,64,120,0,0,0,0,0,0,0,0,0,0,0,0,0,0,3,4,65,1,1,1,1,0,0,1,53,1,1,1,25,0,0
6,61270,1,1,1,18,8,18,4,8,0,1,1,6,2,37,32,37032,2,1995,1HGCD7261SA0,1,H,G,C,D,7,2,6,1,S,A,0,0,P,HOND,AEX,CP,95,17,2853,,0,1069,,G,,F,4,132,,,15R195,,,,,,0,0,000000000,00000000000,0,0,0,1,0,0,0,0,0,0,0,998,0,0,0,12,12,2,3,8,0,0,0,1,6,95407,0,0,0,0,0,0,65,130,0,0,0,0,0,0,0,0,0,0,38,92,0,0,1,4,30,1,1,2,1,0,0,1,80,1,1,1,13,0,0
6,61271,1,1,2,19,8,15,22,42,0,1,0,6,2,63,32,63032,4,2001,KNADC1232160,K,N,A,D,C,1,2,3,2,1,6,0,0,P,KIA,RIO,4D,1,17,2242,,0,949,,G,,F,4,091,,,13R175,,,,,,0,0,000000000,00000000000,0,0,0,1,0,0,0,0,0,0,0,999,0,0,0,81,81,6,2,42,0,0,0,1,6,95329,3,1,0,0,2,0,71,180,0,0,0,0,0,0,0,0,0,1,48,92,0,0,1,2,35,3,6,2,1,0,0,14,13,4,9,4,2,1,0
6,61272,1,1,1,19,8,15,51,33,0,1,0,6,1,12,401,12401,14,2001,1FMYU60E71UA,1,F,M,Y,U,6,0,E,7,1,U,A,0,P,FORD,EPR,UT,1,17,3769,,0,1018,,G,,F,6,245,,,15R235,,,,,,0,0,000000000,00000000000,0,0,0,1,0,0,0,0,0,0,0,87,0,1,6,14,0,6,2,1,0,0,0,1,6,91204,6,1,0,0,3,0,66,190,0,0,0,0,0,0,0,0,0,1,48,0,0,0,3,2,45,1,1,1,1,0,0,1,12,1,1,4,6,1,1
6,61273,1,1,3,20,8,8,40,5,0,1,0,6,2,20,481,20481,31,1975,CCY145Z12332,C,C,Y,1,4,5,Z,1,2,3,3,2,0,T,CHEV,C10,PK,75,13,,1,1315,1065,C10,G,,,8,350,,,,B,3491,04,,42,0,0,000000000,00000000000,0,0,0,1,0,0,0,0,0,0,0,33,0,0,0,0,0,0,3,5,0,0,0,1,6,93308,6,1,0,0,3,0,72,180,0,0,0,0,0,0,0,0,0,0,0,0,0,0,1,2,25,1,1,2,1,0,0,1,98,1,1,1,0,1,0
6,61274,1,1,5,21,8,0,46,32,0,1,0,6,1,23,481,23481,31,2004,1GTHC29G84E3,1,G,T,H,C,2,9,G,8,4,E,3,0,T,GMC,2CH,4C,4,17,,2,1575,1430,SIE,G,,,8,496,,,,C,5556,00,U,42,0,0,000000000,00000000000,0,0,0,1,0,0,0,0,0,0,0,78,0,1,6,98,0,6,2,1,0,0,0,1,6,92557,6,1,0,0,3,0,70,185,0,0,0,1,4,7,2009,3,2011,1,48,0,0,0,3,6,65,1,1,8,1,0,0,1,13,1,1,4,1,1,0
6,61275,1,1,1,20,7,9,17,9,0,1,0,6,1,85,881,85881,66,1990,1XKWDB9X9LS5,1,X,K,W,D,B,9,X,9,L,S,5,1,T,KW,W90,TR,90,17,,8,0,0,CON,D,,,6,893,,,,,00000,00,,64,1,6,349766,06349766,3,6,4,1,0,0,0,0,0,0,0,998,0,0,0,12,12,2,1,9,0,0,0,1,6,94544,6,1,6,0,3,0,71,230,1,0,0,0,0,6,2010,6,2010,0,0,0,0,0,2,2,25,1,1,2,1,2,3,10,83,1,1,1,13,0,0
6,61276,1,4,1,4,8,7,55,12,6,1,0,6,1,30,46,30046,4,2006,WVWAK73C46P1,W,V,W,A,K,7,3,C,4,6,P,1,0,P,VOLK,2VE,4D,6,17,3206,,0,1067,,G,,T,4,121,,,16R205,,,,,,0,0,000000000,00000000000,0,0,0,1,0,0,0,0,0,0,0,998,0,1,1,9,9,6,2,8,0,0,0,1,6,94555,6,1,0,0,3,3,59,95,1,0,0,0,0,6,2010,6,2010,0,39,0,0,0,2,3,40,1,1,2,1,20,3,1,17,1,1,1,89,0,0
6,61276,2,4,1,4,8,7,55,12,6,1,0,6,1,37,31,37031,4,2008,1HGFA16518L0,1,H,G,F,A,1,6,5,1,8,L,0,0,P,HOND,UCL,4D,8,17,2751,,0,1063,,G,,F,4,110,,,16R205,,,,,,0,0,000000000,00000000000,0,0,0,1,0,0,0,0,0,0,0,998,0,0,0,12,12,6,2,12,0,0,0,1,6,94536,6,1,0,0,3,3,64,120,0,0,0,0,0,0,0,0,0,0,0,0,0,0,2,3,40,1,1,2,1,20,3,1,66,1,1,1,88,0,0
6,61276,3,4,1,4,8,7,55,12,6,1,0,6,1,49,47,49047,6,2005,2T1KR32E85C4,2,T,1,K,R,3,2,E,8,5,C,4,0,P,TOYT,CTR,4H,5,17,2679,,0,1024,,G,,F,4,109,,,16R205,,,,,,0,0,000000000,00000000000,0,0,0,1,0,0,0,0,0,0,0,998,0,0,0,3,3,2,1,12,0,0,0,1,6,94536,6,1,0,0,3,0,67,160,0,0,0,0,0,0,0,0,0,0,0,0,0,0,2,3,40,1,1,2,1,20,3,1,61,1,1,1,98,0,0
6,61276,4,4,1,4,8,7,55,12,6,1,0,6,1,6,441,6441,20,1997,1C4GP64L4VB3,1,C,4,G,P,6,4,L,4,V,B,3,0,T,CHRY,LXI,ES,97,17,,1,0,1193,TWC,G,,,6,230,,,,,4059,00,,42,0,0,000000000,00000000000,0,0,0,1,0,0,0,0,0,0,0,0,0,0,0,11,11,2,1,54,0,0,0,1,6,94538,6,1,0,0,3,0,62,120,0,0,0,0,0,0,0,0,0,0,0,0,0,0,2,3,40,1,1,2,1,20,3,5,98,1,1,1,98,0,0
6,61277,1,2,1,5,8,20,15,12,2,1,0,6,1,73,706,73706,80,2008,JKAZXCE108A0,J,K,A,Z,X,C,E,1,0,8,A,0,0,M,KAWK,Z0E,RC,8,17,,,,,,,998,,4,,4,394,,,,,,,0,0,000000000,00000000000,0,0,0,1,0,0,0,0,0,0,0,60,0,0,0,12,12,6,2,12,0,0,0,1,6,96025,6,1,0,0,3,0,72,190,0,2,1,0,0,1,2011,2,2011,1,28,0,0,0,1,2,55,2,8,2,1,0,0,14,10,1,1,2,50,1,0
6,61277,2,2,1,5,8,20,15,12,2,1,0,6,1,12,471,12471,30,2002,1FTYR10D22PA,1,F,T,Y,R,1,0,D,2,2,P,A,0,T,FORD,RNG,PK,2,17,,1,1175,1116,RNG,G,,,4,140,,,,B,3085,03,E,42,0,0,000000000,00000000000,0,0,0,1,0,0,0,0,0,0,0,48,0,0,0,12,12,4,3,12,0,0,0,1,6,96003,6,1,0,0,3,0,71,155,0,0,0,1,1,8,2010,9,2010,0,0,0,0,0,1,2,55,3,8,2,1,0,0,14,62,9,1,1,51,0,0
6,61278,1,2,2,6,8,1,6,12,6,1,1,6,2,49,401,49401,14,2002,JT3GN86R9202,J,T,3,G,N,8,6,R,9,2,0,2,0,P,TOYT,RUN,UT,2,17,3740,,0,1053,,G,,F,6,206,,,15R225,,,,,,0,0,000000000,00000000000,0,0,0,1,0,0,0,0,0,0,0,998,0,1,1,82,82,6,2,12,0,0,0,1,6,91768,6,2,0,0,3,2,64,120,0,0,0,0,0,0,0,0,0,0,73,0,0,0,1,4,35,1,8,8,1,0,0,11,15,1,1,1,68,1,0
6,61278,2,2,3,6,8,1,6,12,6,1,1,6,5,49,40,49040,4,1995,JT2SK11E8S03,J,T,2,S,K,1,1,E,8,S,0,3,0,P,TOYT,CAX,4D,95,17,2932,,0,1031,,G,,F,4,132,,,14R195,,,,,,0,0,000000000,00000000000,0,0,0,1,0,0,0,0,0,0,0,998,0,0,0,12,12,6,2,12,0,0,0,1,99,99999,9,9,99,9,9,9,999,999,99,99,99,99,99,99,9999,99,9999,0,99,99,99,99,1,4,35,1,8,8,1,0,0,1,66,1,1,1,69,0,0
6,61279,1,2,1,6,8,2,0,12,1,1,0,6,1,58,37,58037,4,2003,JNKCV51E13M3,J,N,K,C,V,5,1,E,1,3,M,3,0,P,INFI,G35,4D,3,17,3336,,0,1122,,G,,F,6,214,,,16R205,,,,,,0,0,000000000,00000000000,0,0,0,1,0,0,0,0,0,0,0,65,0,0,0,12,12,6,2,12,0,0,0,1,6,92154,6,1,0,0,3,3,73,215,1,0,0,0,1,3,2009,10,2009,1,91,0,0,0,3,4,65,1,8,1,1,97,8,1,50,1,1,1,20,0,1
6,61279,2,2,4,6,8,2,0,12,1,1,0,6,2,6,43,6043,4,2007,1C3LC56K07N5,1,C,3,L,C,5,6,K,0,7,N,5,0,P,CHRY,STO,4D,7,17,3419,,0,1089,,G,,F,4,144,,,16R215,,,,,,0,0,000000000,00000000000,0,0,0,1,0,0,0,0,0,0,0,0,0,0,0,6,6,6,2,12,0,0,0,1,6,92173,6,1,0,0,3,0,61,190,0,0,0,0,0,0,0,0,0,0,45,91,0,0,3,4,65,1,8,1,1,97,8,5,53,1,1,1,21,1,1
6,61280,1,1,1,6,8,2,5,8,0,1,0,6,1,23,421,23421,15,2005,1GKEC13T85R1,1,G,K,E,C,1,3,T,8,5,R,1,0,T,GMC,YUK,4W,5,17,,2,0,1160,YUK,G,,,8,325,,,,B,4975,00,4,42,0,0,000000000,00000000000,0,0,0,1,0,0,0,0,0,0,0,998,0,0,0,14,14,0,4,8,0,0,0,1,6,90280,6,1,0,0,3,0,63,110,1,0,0,0,0,5,2010,5,2010,0,0,0,0,0,1,2,25,1,8,2,1,0,0,1,80,1,1,1,13,0,0