STATE,ST_CASE,VEH_NO,VE_FORMS,NUMOCCS,DAY,MONTH,HOUR,MINUTE,HARM_EV,MAN_COLL,UNITTYPE,HIT_RUN,REG_STAT,OWNER,MAKE,MODEL,MAK_MOD,BODY_TYP,MOD_YEAR,VIN,VIN_1,VIN_2,VIN_3,VIN_4,VIN_5,VIN_6,VIN_7,VIN_8,VIN_9,VIN_10,VIN_11,VIN_12,TOW_VEH,VINTYPE,VINMAKE,VINA_MOD,VIN_BT,VINMODYR,VIN_LNGT,VIN_WGT,WGTCD_TR,WHLBS_LG,WHLBS_SH,SER_TR,FUELCODE,MCYCL_DS,CARBUR,CYLINDER,DISPLACE,MCYCL_CY,MCYCL_WT,TIRE_SZE,TON_RAT,TRK_WT,TRKWTVAR,VIN_REST,WHLDRWHL,J_KNIFE,MCARR_I1,MCARR_I2,MCARR_ID,GVWR,V_CONFIG,CARGO_BT,HAZ_INV,HAZ_PLAC,HAZ_ID,HAZ_CNO,HAZ_REL,BUS_USE,SPEC_USE,EMER_USE,TRAV_SP,UNDERIDE,ROLLOVER,ROLINLOC,IMPACT1,IMPACT2,DEFORMED,TOWED,M_HARM,VEH_SC1,VEH_SC2,FIRE_EXP,DR_PRES,L_STATE,DR_ZIP,L_STATUS,L_TYPE,CDL_STAT,L_ENDORS,L_COMPL,L_RESTRI,DR_HGT,DR_WGT,PREV_ACC,PREV_SUS,PREV_DWI,PREV_SPD,PREV_OTH,FIRST_MO,FIRST_YR,LAST_MO,LAST_YR,SPEEDREL,DR_SF1,DR_SF2,DR_SF3,DR_SF4,VTRAFWAY,VNUM_LAN,VSPD_LIM,VALIGN,VPROFILE,VPAVETYP,VSURCOND,VTRAFCON,VTCONT_F,P_CRASH1,P_CRASH2,P_CRASH3,PCRASH4,PCRASH5,ACC_TYPE,DEATHS,DR_DRINK
6,61541,1,1,1,4,9,20,3,15,0,1,1,99,9,20,9,20009,2,2001,2G1FP22G2121,2,G,1,F,P,2,2,G,2,1,2,1,0,P,CHEV,Z28,CP,1,17,3439,,0,1011,,G,,F,8,350,,,16R235,,,,,,0,0,000000000,00000000000,0,0,0,1,0,0,0,0,0,0,0,998,0,0,0,12,12,9,1,15,0,0,0,1,99,99999,9,9,99,9,9,9,999,999,99,99,99,99,99,99,9999,99,9999,0,99,99,99,99,1,2,25,1,8,2,1,0,0,1,80,1,1,1,13,0,0
6,61542,1,2,1,5,9,10,17,12,8,1,0,6,2,76,704,76704,83,2000,JYACH0430YA0,J,Y,A,C,H,0,4,3,0,Y,A,0,0,M,YAMA,W4F,EN,0,17,,,,,,,399,,1,,4,240,,,,,,,0,0,000000000,00000000000,0,0,0,1,0,0,0,0,0,0,0,999,0,0,0,62,62,4,3,12,0,0,0,1,6,93705,6,1,0,0,3,0,72,195,0,0,0,0,0,0,0,0,0,0,28,0,0,0,1,2,55,2,6,2,1,0,0,14,10,1,1,2,64,1,1
6,61542,2,2,2,5,9,10,17,12,8,1,0,6,1,20,850,20850,73,1983,2GBJG31M1D41,2,G,B,J,G,3,1,M,1,D,4,1,0,T,CHEV,CUT,YY,83,17,,3,1460,1250,CTV,G,,,8,350,,,,D,3564,05,,42,0,0,000000000,00000000000,0,0,0,1,0,0,0,0,0,0,0,18,0,0,0,62,62,2,1,12,0,0,0,1,6,93720,6,1,0,0,3,3,70,140,0,3,1,0,1,3,2009,8,2011,0,0,0,0,0,1,2,55,3,8,2,1,28,3,14,62,9,2,1,65,0,0
6,61543,1,1,1,5,9,11,20,42,0,1,0,6,2,7,442,7442,20,2008,1D8HN44H28B1,1,D,8,H,N,4,4,H,2,8,B,1,0,T,DODG,GCS,ES,8,17,,2,0,1212,CAR,F,,,6,201,,,,,4321,00,7,42,0,0,000000000,00000000000,0,0,0,1,0,0,0,0,0,0,0,998,0,0,0,12,12,4,3,42,0,0,0,1,6,95835,6,1,0,0,3,0,60,120,0,0,0,0,0,0,0,0,0,0,48,24,0,0,2,1,30,1,1,2,1,0,0,1,13,3,2,4,5,1,1
6,61544,1,2,3,5,9,21,21,8,0,1,0,6,1,7,422,7422,15,2006,1D4HD48NX6F1,1,D,4,H,D,4,8,N,X,6,F,1,0,P,DODG,DUR,UT,6,17,4549,,0,1192,,G,,F,8,287,,,17R245,,,,,,0,0,000000000,00000000000,0,0,0,1,0,0,0,0,0,0,0,50,0,0,0,12,12,2,1,8,0,0,0,1,6,93257,6,1,0,0,3,3,66,150,0,0,0,0,0,0,0,0,0,0,0,0,0,0,1,2,55,1,8,1,1,0,0,1,80,3,2,1,13,0,0
6,61544,2,2,2,5,9,21,21,8,0,1,0,6,2,37,31,37031,4,1996,1HGEJ6624TL0,1,H,G,E,J,6,6,2,4,T,L,0,0,P,HOND,UCD,4D,96,17,2307,,0,1032,,G,,F,4,097,,,13R175,,,,,,0,0,000000000,00000000000,0,0,0,1,0,0,0,0,0,0,0,53,0,0,0,11,11,4,3,8,0,0,0,1,6,93257,6,1,0,0,3,0,66,150,0,0,0,1,0,5,2011,5,2011,0,0,0,0,0,1,2,55,1,8,1,1,0,0,1,80,6,1,1,98,0,0
6,61545,1,2,2,6,9,6,28,12,6,1,0,6,1,35,472,35472,30,2006,1N6AD07U56C4,1,N,6,A,D,0,7,U,5,6,C,4,0,T,NISS,CEO,CW,6,17,,1,0,1259,FRT,G,,,6,244,,,,C,4245,02,K,42,0,0,000000000,00000000000,0,0,0,1,0,0,0,0,0,0,0,50,0,0,0,12,12,6,2,12,0,0,0,1,6,95687,6,1,0,0,3,3,67,165,0,0,0,0,0,0,0,0,0,0,39,0,0,0,1,2,55,1,1,2,2,20,3,1,17,1,1,1,86,1,0
6,61545,2,2,1,6,9,6,28,12,6,1,0,6,2,12,481,12481,31,1996,1FTEF14N1TLA,1,F,T,E,F,1,4,N,1,T,L,A,0,T,FORD,F15,PK,96,17,,2,1330,1170,COF,G,,,8,302,,,,B,00000,00,M,44,0,0,000000000,00000000000,0,0,0,1,0,0,0,0,0,0,0,50,0,0,0,81,81,6,2,12,0,0,0,1,6,95811,6,1,0,0,3,0,73,200,0,0,0,0,0,0,0,0,0,0,0,0,0,0,1,2,55,1,1,2,2,0,0,1,66,1,1,1,87,0,0
6,61546,1,1,1,17,2,17,27,1,0,1,0,6,2,73,703,73703,80,2010,JKAEXMJ11ADA,J,K,A,E,X,M,J,1,1,A,D,A,0,M,KAWK,E2J,RC,10,17,,,,,,,249,,2,,4,374,,,,,,,0,0,000000000,00000000000,0,0,0,1,0,0,0,0,0,0,0,998,0,0,0,0,0,6,8,1,0,0,0,1,6,90220,6,1,0,0,2,0,67,124,0,0,0,0,0,0,0,0,0,9,92,0,0,0,1,2,25,1,1,2,1,0,0,6,9,3,2,2,98,1,0
6,61547,1,1,1,8,3,4,20,8,0,1,0,6,1,20,471,20471,30,1995,1GCCS194XS82,1,G,C,C,S,1,9,4,X,S,8,2,0,T,CHEV,S14,PC,95,17,,1,0,1229,S,G,,,4,133,,,,B,3185,00,,42,0,0,000000000,00000000000,0,0,0,1,0,0,0,0,0,0,0,998,0,0,0,12,12,4,3,8,0,0,0,1,6,92553,6,1,0,0,3,0,65,180,0,1,0,0,0,9,2009,9,2009,0,0,0,0,0,2,2,40,1,1,1,1,0,0,1,80,1,1,1,13,0,0
6,61548,1,1,1,16,5,13,9,9,0,1,0,6,1,7,472,7472,30,1999,1B7FL26P6XS2,1,B,7,F,L,2,6,P,6,X,S,2,0,T,DODG,DAK,PK,99,17,,1,1239,1119,DAK,G,,,4,153,,,,B,3262,01,U,42,0,0,000000000,00000000000,0,0,0,1,0,0,0,0,0,0,0,42,0,0,0,12,12,2,1,9,0,0,0,1,6,92503,6,1,0,0,3,0,72,185,0,0,0,0,0,0,0,0,0,0,0,0,0,0,1,4,45,1,1,2,1,0,0,1,80,3,2,1,13,0,1
6,61549,1,1,1,26,6,11,45,52,0,1,0,6,1,73,703,73703,80,2000,JKAEXMF11YA0,J,K,A,E,X,M,F,1,1,Y,A,0,0,M,KAWK,EXF,RC,0,17,,,,,,,250,,2,,4,304,,,,,,,0,0,000000000,00000000000,0,0,0,1,0,0,0,0,0,0,0,57,0,0,0,98,98,6,2,52,0,0,0,1,6,95757,6,1,0,0,3,3,66,135,0,0,0,0,0,0,0,0,0,0,48,0,0,0,1,2,55,3,8,2,1,0,0,14,13,1,1,4,1,1,0
6,61550,1,2,1,26,7,11,37,12,2,1,0,6,0,37,402,37402,14,1998,JHLRD2845WC0,J,H,L,R,D,2,8,4,5,W,C,0,0,P,HOND,CRV,UT,98,17,3036,,0,1032,,G,,F,4,120,,,15R205,,,,,,0,0,000000000,00000000000,0,0,0,1,0,0,0,0,0,0,0,998,0,0,0,12,12,6,2,12,0,0,0,1,6,94040,6,1,0,0,3,3,71,170,0,0,0,0,0,0,0,0,0,0,99,99,99,99,1,4,30,2,2,2,1,0,0,14,10,1,1,2,50,1,0
6,61550,2,2,1,26,7,11,37,12,2,1,0,6,1,51,47,51047,4,2001,YV1RS58D7120,Y,V,1,R,S,5,8,D,7,1,2,0,0,P,VOLV,S6T,4D,1,17,3389,,0,1069,,G,,T,5,149,,,16R205,,,,,,0,0,000000000,00000000000,0,0,0,1,0,0,0,0,0,0,0,998,0,0,0,12,12,6,2,12,0,0,0,1,6,94188,6,1,0,0,3,3,64,148,0,0,0,0,0,0,0,0,0,0,99,99,99,99,1,4,30,3,2,2,1,0,0,14,62,4,1,1,51,0,0
6,61551,1,2,2,1,9,20,28,33,0,1,0,6,2,52,401,52401,14,1996,JA4MR41H1TJ0,J,A,4,M,R,4,1,H,1,T,J,0,0,P,MITS,MON,UT,96,17,4290,,0,1073,,G,,F,6,181,,,15R235,,,,,,0,0,000000000,00000000000,0,0,0,1,0,0,0,0,0,0,0,999,0,1,3,14,0,6,2,1,0,0,0,1,6,92276,0,0,0,0,0,0,999,999,0,1,0,0,0,2,2011,2,2011,0,92,27,0,0,2,3,50,2,1,2,1,0,0,1,12,1,1,4,6,1,1
6,61551,2,2,1,1,9,20,28,33,0,1,0,6,1,35,402,35402,14,2005,5N1AN08U35C6,5,N,1,A,N,0,8,U,3,5,C,6,0,P,NISS,XTR,UT,5,17,5200,,0,1063,,G,,F,6,244,,,16R265,,,,,,0,0,000000000,00000000000,0,0,0,1,0,0,0,0,0,0,0,50,0,1,1,98,0,6,2,1,0,0,0,1,6,92139,6,1,0,0,3,0,69,170,0,0,0,0,0,0,0,0,0,0,0,0,0,0,2,3,50,3,1,2,1,0,0,14,64,1,1,1,98,0,1
6,61552,1,1,2,3,9,20,20,49,0,1,0,6,1,23,481,23481,31,2004,1GTHK33214F1,1,G,T,H,K,3,3,2,1,4,F,1,0,T,GMC,NK3,CW,4,17,,2,0,1670,SIE,D,,,8,403,,,,D,6459,00,E,44,0,0,000000000,00000000000,0,0,0,1,0,0,0,0,0,0,0,45,0,0,0,12,12,4,3,49,0,0,0,1,6,95136,6,1,0,0,3,0,72,205,0,0,0,0,0,0,0,0,0,1,0,0,0,0,1,2,45,1,1,2,1,0,0,1,87,1,1,1,13,0,0
6,61553,1,1,9,3,9,20,35,8,0,1,0,6,1,20,421,20421,15,2002,1GNEC13T22R1,1,G,N,E,C,1,3,T,2,2,R,1,0,P,CHEV,CTA,UT,2,17,4828,,0,1160,,G,,F,8,325,,,16R265,,,,,,0,0,000000000,00000000000,0,0,0,1,0,0,0,0,0,0,0,40,0,0,0,2,2,2,1,8,0,0,0,1,6,93657,6,1,0,0,3,0,61,148,0,0,0,1,1,11,2010,5,2011,0,0,0,0,0,1,2,45,1,1,2,1,0,0,1,80,6,1,1,13,0,0
6,61554,1,1,1,6,9,10,35,8,0,1,0,6,1,12,401,12401,14,2004,1FMZU63K84UB,1,F,M,Z,U,6,3,K,8,4,U,B,0,P,FORD,EPR,UT,4,17,4094,,0,1137,,F,,F,6,245,,,16R235,,,,,,0,0,000000000,00000000000,0,0,0,1,0,0,0,0,0,0,0,998,0,0,0,12,12,0,1,8,0,0,0,1,6,94117,6,1,0,0,3,0,73,210,0,0,0,0,0,0,0,0,0,0,38,0,0,0,1,2,25,1,6,2,1,20,3,11,80,1,1,1,13,0,0
6,61555,1,1,1,6,9,19,50,8,0,1,1,99,9,99,999,99999,99,9999,999999999999,9,9,9,9,9,9,9,9,9,9,9,9,0,,,,,,,,,,,,,,,,,,,,,,,,,0,0,000000000,00000000000,0,0,0,1,0,0,0,0,0,0,0,999,0,0,0,12,12,4,1,8,0,0,0,1,99,99999,9,9,99,9,9,9,999,999,99,99,99,99,99,99,9999,99,9999,1,0,0,0,0,1,2,45,1,1,2,1,0,0,1,80,3,2,1,13,0,0
6,61556,1,1,8,7,9,2,25,1,0,1,0,6,2,12,422,12422,15,1999,1FMRU17L1XLA,1,F,M,R,U,1,7,L,1,X,L,A,1,P,FORD,EPT,UT,99,17,4808,,0,1191,,G,,F,8,330,,,16R255,,,,,,2,0,000000000,00000000000,0,0,0,1,0,0,0,0,0,0,0,47,0,2,2,0,0,6,2,1,0,0,0,1,6,90011,6,1,0,0,3,0,69,160,0,0,0,0,0,0,0,0,0,0,88,0,0,0,2,2,55,1,1,2,1,0,0,1,8,3,3,4,98,1,0
6,61557,1,2,1,11,8,14,25,12,2,1,0,6,2,49,44,49044,2,2004,4T1CE30P14U7,4,T,1,C,E,3,0,P,1,4,U,7,0,P,TOYT,CEE,CP,4,17,3175,,0,1051,,G,,F,4,144,,,17R215,,,,,,0,0,000000000,00000000000,0,0,0,1,0,0,0,0,0,0,0,55,0,0,0,12,12,6,2,12,0,0,1,1,6,95827,6,1,0,0,3,0,69,160,0,0,0,2,1,8,2009,3,2011,0,28,0,0,0,1,2,55,2,5,2,1,0,0,14,10,99,1,2,50,1,1
6,61557,2,2,2,11,8,14,25,12,2,1,0,6,1,12,481,12481,31,2011,1FTFW1R66BFA,1,F,T,F,W,1,R,6,6,B,F,A,0,T,FORD,F1R,CW,11,17,,2,0,1450,COF,F,,,8,378,,,,B,6200,00,7,44,0,0,000000000,00000000000,0,0,0,1,0,0,0,0,0,0,0,55,0,0,0,12,12,6,2,12,0,0,1,1,6,92860,6,1,0,0,3,0,75,240,1,0,0,0,0,12,2008,12,2008,0,0,0,0,0,1,2,55,3,6,2,1,0,0,14,62,99,1,1,51,1,0
6,61558,1,1,1,11,8,16,10,24,0,1,0,6,1,72,706,72706,80,2001,1HD1BJY351Y0,1,H,D,1,B,J,Y,3,5,1,Y,0,0,M,HD,STC,RS,1,17,,,,,,,1450,,2,,4,696,,,,,,,0,0,000000000,00000000000,0,0,0,1,0,0,0,0,0,0,0,20,0,0,0,81,81,2,3,24,0,0,0,1,6,91362,6,1,0,0,3,3,66,155,0,0,0,0,0,0,0,0,0,0,48,0,0,0,1,2,55,3,6,2,1,0,0,14,13,99,1,4,1,1,0
6,61559,1,2,1,12,8,9,1,12,6,1,0,6,0,49,40,49040,2,1994,4T1SK12C4RU4,4,T,1,S,K,1,2,C,4,R,U,4,0,P,TOYT,CLE,CP,94,17,3064,,0,1031,,G,,F,4,132,,,14R195,,,,,,0,0,000000000,00000000000,0,0,0,1,0,0,0,0,0,0,0,998,0,0,0,61,61,6,2,12,0,0,0,1,6,95630,6,1,0,0,3,0,67,135,1,0,0,0,1,1,2010,4,2011,0,38,0,0,0,1,2,55,1,1,1,1,20,3,11,15,99,1,1,82,1,0
6,61559,2,2,1,12,8,9,1,12,6,1,0,6,0,49,401,49401,14,1998,JT3HN87R5W90,J,T,3,H,N,8,7,R,5,W,9,0,0,P,TOYT,RUN,UT,98,17,3940,,0,1053,,G,,F,6,206,,,16R265,,,,,,0,0,000000000,00000000000,0,0,0,1,0,0,0,0,0,0,0,53,0,0,0,12,12,6,2,12,0,0,0,1,6,95630,6,1,0,0,3,0,71,250,0,0,0,0,0,0,0,0,0,0,0,0,0,0,1,2,55,1,1,1,1,20,3,1,17,99,1,1,83,0,0
6,61560,1,2,1,12,8,10,55,12,6,1,0,6,2,53,706,53706,80,2006,JS1GT76A2621,J,S,1,G,T,7,6,A,2,6,2,1,0,M,SUZI,XR1,RC,6,17,,,,,,,999,,4,,4,365,,,,,,,0,0,000000000,00000000000,0,0,0,1,0,0,0,0,0,0,0,38,0,0,0,62,62,6,2,12,0,0,0,1,6,95765,6,1,0,0,3,0,75,205,0,0,0,0,0,0,0,0,0,1,28,48,0,0,1,2,35,1,1,2,1,2,3,10,10,99,1,2,80,1,0
6,61560,2,2,1,12,8,10,55,12,6,1,0,40,3,38,882,38882,61,2010,JALC4W168A70,J,A,L,C,4,W,1,6,8,A,7,0,0,T,ISU,NPR,TB,10,17,,4,1760,1090,NPR,D,,,4,317,,,,,00000,00,,42,0,77,777777777,77777777777,2,1,1,1,0,0,0,0,0,0,0,998,0,0,0,11,11,4,3,12,0,0,0,1,6,95762,6,1,0,0,3,3,73,225,0,0,0,0,0,0,0,0,0,0,0,0,0,0,1,2,35,1,1,2,1,2,3,2,62,99,1,1,81,0,0
6,61561,1,2,1,13,8,10,43,12,2,1,0,6,1,35,43,35043,2,1987,JN1PB26SXHU0,J,N,1,P,B,2,6,S,X,H,U,0,0,P,NISS,SEN,2H,87,17,2123,,0,957,,G,,2,4,097,,,000000,,,,,,0,0,000000000,00000000000,0,0,0,1,0,0,0,0,0,0,0,30,0,0,0,12,12,6,2,12,0,0,0,1,6,95338,1,1,0,0,2,0,71,150,0,0,0,0,1,2,2010,2,2010,0,92,38,0,0,1,3,55,1,8,8,1,0,0,11,15,99,1,1,68,0,0
6,61561,2,2,2,13,8,10,43,12,2,1,0,6,1,24,1,24001,4,1996,1G8ZG5286TZ3,1,G,8,Z,G,5,2,8,6,T,Z,3,0,P,STRN,SL1,4D,96,17,2247,,0,1024,,G,,F,4,116,,,14R175,,,,,,0,0,000000000,00000000000,0,0,0,1,0,0,0,0,0,0,0,53,0,0,0,12,12,6,2,12,0,0,0,1,6,95340,6,1,0,0,3,3,70,158,0,0,0,0,1,9,2010,9,2010,0,0,0,0,0,1,3,55,1,8,8,1,0,0,1,62,99,1,1,69,1,0
6,61562,1,1,2,10,8,13,0,42,0,1,0,6,2,2,403,2403,14,1991,2J4FY19P0MJ1,2,J,4,F,Y,1,9,P,0,M,J,1,0,T,JEEP,W/S,2W,91,17,,1,0,934,W/Y,G,,,4,150,,,,,2932,01,A,44,0,0,000000000,00000000000,0,0,0,1,0,0,0,0,0,0,0,999,0,0,0,12,12,6,2,42,0,0,0,1,6,95969,6,1,0,0,3,0,72,200,0,0,0,0,0,0,0,0,0,0,48,0,0,0,1,2,55,1,1,8,1,0,0,1,13,6,1,4,6,1,0
6,61563,1,1,1,10,8,21,13,1,0,1,0,6,1,98,709,98709,80,1986,9D19531H8,9,D,1,9,5,3,1,H,8,,,,0,U,,,,86,9,,,,,,,,,,,,,,,,,,,0,0,000000000,00000000000,0,0,0,1,0,0,0,0,0,0,0,998,0,0,0,0,14,4,3,33,0,0,0,1,6,92115,6,1,0,0,3,0,70,165,0,0,0,0,0,0,0,0,0,1,48,0,0,0,2,2,35,2,5,2,1,0,0,14,6,1,1,1,98,1,0
6,61564,1,1,2,21,8,3,5,30,0,1,0,6,2,49,50,49050,3,2006,JTKDE1772600,J,T,K,D,E,1,7,7,2,6,0,0,0,P,TOYT,SXC,2H,6,17,2905,,0,1063,,G,,F,4,144,,,17R215,,,,,,0,0,000000000,00000000000,0,0,0,1,0,0,0,0,0,0,0,998,0,0,0,61,61,6,2,30,0,0,0,1,6,91605,6,1,0,0,3,0,75,226,0,0,0,0,0,0,0,0,0,1,0,0,0,0,2,3,45,2,2,8,1,0,0,14,9,99,4,4,2,2,1
6,61565,1,1,1,18,8,22,25,38,0,1,0,6,3,37,31,37031,4,2011,2HGFA1F61BH5,2,H,G,F,A,1,F,6,1,B,H,5,0,P,HOND,ULS,4D,11,17,2760,,0,1063,,G,,F,4,110,,,16R205,,,,,,0,0,000000000,00000000000,0,0,0,1,0,0,0,0,0,0,0,999,0,0,0,12,12,6,2,38,0,0,0,1,6,93274,6,1,0,0,3,0,65,241,0,0,0,0,0,0,0,0,0,0,48,0,0,0,1,2,55,1,1,2,1,0,0,1,13,9,2,4,2,1,0
6,61566,1,1,3,14,3,2,5,33,0,1,0,6,2,49,40,49040,4,2011,4T4BF3EK6BR1,4,T,4,B,F,3,E,K,6,B,R,1,0,P,TOYT,CBA,4D,11,17,3263,,0,1093,,G,,F,4,152,,,16R215,,,,,,0,0,000000000,00000000000,0,0,0,1,0,0,0,0,0,0,0,65,0,1,5,14,12,6,2,33,0,0,0,1,6,91942,6,1,0,0,3,3,72,120,0,0,0,1,0,3,2011,3,2011,1,91,0,0,0,6,1,65,2,6,1,1,0,0,14,12,1,1,4,6,1,1
6,61567,1,2,3,14,8,15,18,12,6,1,0,6,2,49,482,49482,31,2004,5TBET34174S4,5,T,B,E,T,3,4,1,7,4,S,4,0,T,TOYT,DBS,CW,4,17,,2,0,1283,TUN,G,,,8,285,,,,B,4730,00,U,42,0,0,000000000,00000000000,0,0,0,1,0,0,0,0,0,0,0,998,0,0,0,82,82,4,3,12,0,0,0,1,6,92081,9,9,99,9,9,9,66,150,99,99,99,99,99,99,9999,99,9999,0,91,38,0,0,5,4,45,1,8,8,1,0,0,11,15,1,1,2,68,0,1
6,61567,2,2,1,14,8,15,18,12,6,1,0,6,1,53,704,53704,80,2008,JS1SK44A2821,J,S,1,S,K,4,4,A,2,8,2,1,0,M,SUZI,DSM,T,8,17,,,,,,,398,,1,,4,295,,,,,,,0,0,000000000,00000000000,0,0,0,1,0,0,0,0,0,0,0,38,0,0,0,12,12,6,2,12,0,0,0,1,6,92563,6,1,0,0,3,0,75,150,0,0,0,1,1,6,2009,12,2010,0,0,0,0,0,5,4,45,1,8,8,1,0,0,1,66,3,2,1,69,1,0
6,61568,1,1,4,5,9,22,5,1,0,1,0,32,1,20,401,20401,14,1998,1GNCS13W9W21,1,G,N,C,S,1,3,W,9,W,2,1,0,P,CHEV,BZR,UT,98,17,3685,,0,1070,,G,,F,6,262,,,15R235,,,,,,0,0,000000000,00000000000,0,0,0,1,0,0,0,0,0,0,0,65,0,2,1,0,0,6,2,1,0,0,0,1,32,89121,6,1,0,0,3,0,67,170,0,0,0,0,0,0,0,0,0,0,48,24,0,0,3,2,70,1,1,2,1,0,0,1,12,7,1,6,98,1,0
6,61569,1,2,1,9,9,22,0,1,0,1,0,6,2,53,705,53705,80,2011,JS1GR7MA3B21,J,S,1,G,R,7,M,A,3,B,2,1,0,M,SUZI,SX7,RC,11,17,,,,,,,750,,4,,4,437,,,,,,,0,0,000000000,00000000000,0,0,0,1,0,0,0,0,0,0,0,70,0,0,0,0,98,4,3,12,0,0,0,1,6,92656,6,1,0,0,3,0,73,195,0,0,0,0,0,0,0,0,0,1,36,38,0,0,1,2,35,1,1,1,1,0,0,1,66,3,2,1,98,1,1
6,61569,2,2,2,9,9,22,0,1,0,1,0,6,2,37,403,37403,14,2006,5J6YH28786L0,5,J,6,Y,H,2,8,7,8,6,L,0,0,P,HOND,ELE,UT,6,17,3578,,0,1014,,G,,F,4,146,,,16R215,,,,,,0,0,000000000,00000000000,0,0,0,1,0,0,0,0,0,0,0,998,0,0,0,14,4,4,3,12,0,0,0,1,6,92054,6,1,0,0,3,0,66,125,0,0,0,0,0,0,0,0,0,0,0,0,0,0,1,2,35,1,1,1,1,0,0,11,15,1,1,2,98,0,1
6,61570,1,1,1,13,9,3,34,8,0,1,0,6,1,24,9,24009,4,2008,1G8ZS57B98F2,1,G,8,Z,S,5,7,B,9,8,F,2,0,P,STRN,AXE,4D,8,17,3525,,0,1123,,G,,F,4,146,,,17R225,,,,,,0,0,000000000,00000000000,0,0,0,1,0,0,0,0,0,0,0,45,0,0,0,14,14,0,3,8,0,0,0,1,6,95621,6,1,0,0,3,0,62,135,0,0,0,0,0,0,0,0,0,0,0,0,0,0,2,2,50,1,1,2,1,0,0,1,80,99,1,1,13,0,0
6,61571,1,1,1,13,9,10,55,33,0,1,0,6,1,52,471,52471,30,1995,JA7LS21G6SP0,J,A,7,L,S,2,1,G,6,S,P,0,0,T,MITS,MAX,PK,95,17,,1,0,1051,MAX,G,,,4,143,,,,,2600,00,A,42,0,0,000000000,00000000000,0,0,0,1,0,0,0,0,0,0,0,30,0,0,0,14,12,4,3,8,0,0,0,1,6,92064,1,1,0,0,2,0,69,230,0,1,0,0,0,4,2011,4,2011,1,92,0,0,0,5,2,35,3,5,2,1,0,0,1,13,1,1,4,1,0,0
6,61572,1,3,1,13,9,22,10,8,0,1,0,6,1,49,40,49040,4,2011,4T1BF3EKXBU2,4,T,1,B,F,3,E,K,X,B,U,2,0,P,TOYT,CBA,4D,11,17,3263,,0,1093,,G,,F,4,152,,,16R215,,,,,,0,0,000000000,00000000000,0,0,0,1,0,0,0,0,0,0,0,998,0,0,0,12,12,4,3,8,0,0,0,1,6,95838,6,1,0,0,3,0,67,215,0,0,0,0,0,0,0,0,0,0,0,0,0,0,3,4,65,1,8,2,1,0,0,1,80,1,1,1,13,0,0
6,61572,2,3,1,13,9,22,10,8,0,1,0,6,1,49,32,49032,4,2007,JTDBR32E8701,J,T,D,B,R,3,2,E,8,7,0,1,0,P,TOYT,UCS,4D,7,17,2530,,0,1024,,G,,F,4,109,,,15R185,,,,,,0,0,000000000,00000000000,0,0,0,1,0,0,0,0,0,0,0,68,0,0,0,14,14,0,1,8,0,0,0,1,6,94503,6,1,0,0,3,0,72,200,0,0,0,0,0,0,0,0,0,0,0,0,0,0,3,4,65,1,8,2,1,0,0,1,80,6,1,1,98,0,0
6,61572,3,3,1,13,9,22,10,8,0,1,0,6,2,37,31,37031,4,2002,2HGES16522H5,2,H,G,E,S,1,6,5,2,2,H,5,0,P,HOND,UCL,4D,2,17,2515,,0,1031,,G,,F,4,102,,,14R185,,,,,,0,0,000000000,00000000000,0,0,0,1,0,0,0,0,0,0,0,998,0,0,0,14,14,0,1,8,0,0,0,1,6,94589,6,1,0,0,3,3,63,119,0,0,0,0,0,0,0,0,0,0,0,0,0,0,3,4,65,1,8,2,1,0,0,1,80,2,1,1,98,0,0
6,61573,1,1,1,14,9,17,48,8,0,1,0,6,1,37,31,37031,4,2010,JHMFA3F29AS0,J,H,M,F,A,3,F,2,9,A,S,0,0,P,HOND,CHY,4D,10,17,2954,,0,1063,,B,,F,4,079,,,17R215,,,,,,0,0,000000000,00000000000,0,0,0,1,0,0,0,0,0,0,0,53,0,0,0,12,12,4,3,8,36,0,0,1,6,95843,6,1,0,0,3,0,69,190,0,0,0,0,0,0,0,0,0,0,0,0,0,0,1,2,55,1,8,8,1,0,0,1,80,2,1,1,13,0,0
6,61574,1,1,1,15,9,13,57,16,0,1,0,6,2,55,36,55036,3,2002,KMHCG35CX2U1,K,M,H,C,G,3,5,C,X,2,U,1,0,P,HYUN,AGS,2H,2,17,2349,,0,961,,G,,F,4,098,,,13R175,,,,,,0,0,000000000,00000000000,0,0,0,1,0,0,0,0,0,0,0,998,0,0,0,0,13,6,2,16,0,0,0,1,6,92602,6,1,0,0,3,3,61,140,0,0,0,0,0,0,0,0,0,0,0,0,0,0,2,2,35,1,1,2,1,0,0,1,98,1,1,1,0,1,0
6,61575,1,1,2,16,9,2,15,33,0,1,0,6,1,49,40,49040,4,1992,JT2SK11E8N00,J,T,2,S,K,1,1,E,8,N,0,0,0,P,TOYT,CMD,4D,92,17,2943,,0,1031,,G,,F,4,132,,,000000,,,,,,0,0,000000000,00000000000,0,0,0,1,0,0,0,0,0,0,0,998,0,0,0,14,12,6,2,42,0,0,0,1,6,93304,6,1,0,0,3,3,63,140,0,0,0,0,1,8,2009,8,2009,0,48,0,0,0,1,2,40,1,8,2,1,0,0,1,12,1,1,4,6,1,0
6,61576,1,4,1,26,7,16,15,12,6,1,0,6,1,14,401,14401,14,2003,4M2ZU86K23UJ,4,M,2,Z,U,8,6,K,2,3,U,J,0,P,MERC,MOU,UT,3,17,4170,,0,1138,,F,,F,6,245,,,16R245,,,,,,0,0,000000000,00000000000,0,0,0,1,0,0,0,0,0,0,0,50,0,0,0,12,12,6,2,12,0,0,0,1,6,92625,6,1,0,0,3,0,64,130,0,2,1,0,0,4,2010,4,2010,0,39,0,0,0,2,2,50,1,1,1,1,2,3,1,17,1,1,1,88,0,0