STATE,ST_CASE,VEH_NO,VE_FORMS,NUMOCCS,DAY,MONTH,HOUR,MINUTE,HARM_EV,MAN_COLL,UNITTYPE,HIT_RUN,REG_STAT,OWNER,MAKE,MODEL,MAK_MOD,BODY_TYP,MOD_YEAR,VIN,VIN_1,VIN_2,VIN_3,VIN_4,VIN_5,VIN_6,VIN_7,VIN_8,VIN_9,VIN_10,VIN_11,VIN_12,TOW_VEH,VINTYPE,VINMAKE,VINA_MOD,VIN_BT,VINMODYR,VIN_LNGT,VIN_WGT,WGTCD_TR,WHLBS_LG,WHLBS_SH,SER_TR,FUELCODE,MCYCL_DS,CARBUR,CYLINDER,DISPLACE,MCYCL_CY,MCYCL_WT,TIRE_SZE,TON_RAT,TRK_WT,TRKWTVAR,VIN_REST,WHLDRWHL,J_KNIFE,MCARR_I1,MCARR_I2,MCARR_ID,GVWR,V_CONFIG,CARGO_BT,HAZ_INV,HAZ_PLAC,HAZ_ID,HAZ_CNO,HAZ_REL,BUS_USE,SPEC_USE,EMER_USE,TRAV_SP,UNDERIDE,ROLLOVER,ROLINLOC,IMPACT1,IMPACT2,DEFORMED,TOWED,M_HARM,VEH_SC1,VEH_SC2,FIRE_EXP,DR_PRES,L_STATE,DR_ZIP,L_STATUS,L_TYPE,CDL_STAT,L_ENDORS,L_COMPL,L_RESTRI,DR_HGT,DR_WGT,PREV_ACC,PREV_SUS,PREV_DWI,PREV_SPD,PREV_OTH,FIRST_MO,FIRST_YR,LAST_MO,LAST_YR,SPEEDREL,DR_SF1,DR_SF2,DR_SF3,DR_SF4,VTRAFWAY,VNUM_LAN,VSPD_LIM,VALIGN,VPROFILE,VPAVETYP,VSURCOND,VTRAFCON,VTCONT_F,P_CRASH1,P_CRASH2,P_CRASH3,PCRASH4,PCRASH5,ACC_TYPE,DEATHS,DR_DRINK
6,62014,2,2,1,13,6,20,9,12,6,1,0,6,2,24,3,24003,6,1996,1G8ZJ8273TZ3,1,G,8,Z,J,8,2,7,3,T,Z,3,0,P,STRN,SW2,SW,96,17,2400,,0,1024,,G,,F,4,116,,,15R185,,,,,,0,0,000000000,00000000000,0,0,0,1,0,0,0,0,0,0,0,25,0,0,0,61,61,6,2,12,0,0,0,1,6,95207,6,1,0,0,3,0,63,150,0,2,0,2,0,6,2009,1,2011,0,24,0,0,0,1,2,25,1,1,2,1,0,0,1,66,1,1,1,89,1,0
6,62015,1,2,2,20,7,22,40,12,2,1,1,6,2,41,35,41035,4,1998,JM1BC1414W02,J,M,1,B,C,1,4,1,4,W,0,2,0,P,MAZD,PDS,4D,98,17,2385,,0,1026,,G,,F,4,091,,,13R175,,,,,,0,0,000000000,00000000000,0,0,0,1,0,0,0,0,0,0,0,70,0,0,0,12,12,6,2,8,0,0,0,1,6,92308,1,1,0,0,2,0,66,150,0,1,0,1,2,3,2009,9,2010,0,84,92,79,91,6,2,65,1,6,1,1,28,3,1,54,6,1,1,52,0,1
6,62015,2,2,1,20,7,22,40,12,2,1,0,6,3,99,999,99999,99,9999,CCA3094,C,C,A,3,0,9,4,,,,,,0,U,,,,,7,,,,,,,,,,,,,,,,,,,0,0,000000000,00000000000,0,0,0,1,0,0,0,0,0,0,0,998,0,0,0,12,12,0,1,12,0,0,0,1,6,91932,6,1,0,0,3,0,73,205,0,0,0,0,0,0,0,0,0,0,0,0,0,0,6,2,65,1,6,1,1,28,3,1,54,1,1,1,52,0,0
6,62016,1,2,2,25,7,21,40,12,6,1,0,6,2,37,31,37031,2,2000,1HGEJ8243YL1,1,H,G,E,J,8,2,4,3,Y,L,1,0,P,HOND,UAX,CP,0,17,2560,,0,1032,,G,,F,4,097,,,14R185,,,,,,0,0,000000000,00000000000,0,0,0,1,0,0,0,0,0,0,0,25,0,0,0,61,61,6,2,12,0,0,0,1,6,93662,6,2,0,0,3,2,67,155,0,0,0,0,0,0,0,0,0,0,39,73,53,0,1,2,55,1,1,2,1,20,3,1,17,1,1,1,89,2,0
6,62016,2,2,3,25,7,21,40,12,6,1,1,6,2,12,3,12003,2,1998,1FAFP4043WF1,1,F,A,F,P,4,0,4,3,W,F,1,0,P,FORD,MUS,CP,98,17,3065,,0,1013,,G,,F,6,232,,,15R205,,,,,,0,0,000000000,00000000000,0,0,0,1,0,0,0,0,0,0,0,90,0,1,1,12,12,6,2,12,0,0,0,1,6,93618,0,0,0,0,0,0,73,200,0,1,0,0,0,4,2010,4,2010,1,92,0,0,0,1,2,55,1,1,2,1,0,0,1,66,8,2,1,88,0,0
6,62017,1,1,1,26,7,16,5,59,0,1,0,6,1,12,24,12024,6,2008,2FMDK38C18BA,2,F,M,D,K,3,8,C,1,8,B,A,0,P,FORD,EDG,UT,8,17,4073,,0,1112,,G,,F,6,214,,,17R235,,,,,,0,0,000000000,00000000000,0,0,0,1,0,0,0,0,0,0,0,998,0,0,0,12,12,6,2,59,0,0,0,1,6,95422,6,1,0,0,3,3,61,121,0,2,1,0,0,11,2009,12,2009,0,48,0,0,0,1,2,25,1,8,8,1,0,0,1,12,99,1,4,6,1,1
6,62018,1,1,1,27,7,12,33,8,0,1,0,6,1,24,401,24401,14,2004,5GZCZ23D04S8,5,G,Z,C,Z,2,3,D,0,4,S,8,0,P,STRN,VUE,UT,4,17,3246,,0,1066,,G,,F,4,134,,,16R215,,,,,,0,0,000000000,00000000000,0,0,0,1,0,0,0,0,0,0,0,31,0,0,0,14,14,0,3,8,0,0,0,1,6,95453,6,1,0,0,3,0,71,130,0,0,0,0,0,0,0,0,0,0,57,0,0,0,1,2,40,3,6,1,1,0,0,14,80,6,1,1,13,0,0
6,62019,1,1,1,3,8,21,40,9,0,1,0,6,3,84,881,84881,66,2003,1HSHBAHN43H5,1,H,S,H,B,A,H,N,4,3,H,5,1,T,INTL,810,TR,3,17,,7,2560,1360,80S,D,,,6,661,,,,,00000,00,,42,1,57,265752,57265752,3,6,1,1,0,0,0,0,0,0,0,59,0,0,0,12,12,2,3,9,0,0,0,1,6,91786,6,1,6,0,3,0,73,240,0,0,0,0,0,0,0,0,0,0,57,0,0,0,1,4,55,1,8,1,1,0,0,1,83,9,2,1,13,0,0
6,62020,1,2,1,13,9,12,8,12,2,1,0,6,1,49,472,49472,30,2004,5TEWN72N64Z4,5,T,E,W,N,7,2,N,6,4,Z,4,0,T,TOYT,XTR,PC,4,17,,1,0,1219,TAC,G,,,6,206,,,,B,3515,00,U,44,0,0,000000000,00000000000,0,0,0,1,0,0,0,0,0,0,0,65,0,1,1,12,12,6,2,12,0,0,0,1,6,96067,6,1,0,0,3,0,77,200,0,2,1,0,0,1,2010,3,2010,1,48,0,0,0,1,2,55,1,1,2,1,0,0,1,10,6,1,2,50,0,1
6,62020,2,2,2,13,9,12,8,12,2,1,0,6,1,14,6,14006,4,2005,2MEFM75W65X6,2,M,E,F,M,7,5,W,6,5,X,6,0,P,MERC,MGL,4D,5,17,4094,,0,1147,,G,,F,8,281,,,16R225,,,,,,0,0,000000000,00000000000,0,0,0,1,0,0,0,0,0,0,0,55,0,0,0,12,12,6,2,12,0,0,0,1,6,95916,6,1,0,0,3,0,72,175,0,0,0,0,0,0,0,0,0,0,0,0,0,0,1,2,55,1,1,2,1,0,0,1,62,7,1,1,51,1,0
6,62021,1,1,3,24,9,11,22,9,0,1,0,6,1,12,37,12037,4,2009,1FAHP35N79W1,1,F,A,H,P,3,5,N,7,9,W,1,0,P,FORD,FSE,4D,9,17,2623,,0,1029,,G,,F,4,122,,,16R205,,,,,,0,0,000000000,00000000000,0,0,0,1,0,0,0,0,0,0,0,25,0,0,0,9,9,2,1,9,0,0,0,1,6,94523,1,1,0,0,2,0,67,230,0,1,0,0,0,11,2010,11,2010,0,92,0,0,0,1,2,30,2,1,2,1,0,0,14,83,1,1,1,13,0,0
6,62022,1,2,2,23,10,9,47,12,2,1,0,6,1,12,881,12881,61,1989,2FDLF47M0KCB,2,F,D,L,F,4,7,M,0,K,C,B,0,T,FORD,FSD,CB,89,17,,4,1610,1370,COF,D,,,8,444,,,,E,5035,01,A,42,0,88,888888888,88888888888,2,1,3,1,0,0,0,0,0,0,0,10,0,0,0,12,12,6,2,12,0,0,0,1,6,94952,6,1,0,0,3,0,65,180,0,0,0,1,0,7,2011,7,2011,0,38,0,0,0,1,2,55,1,8,2,1,0,0,11,15,1,1,1,68,0,0
6,62022,2,2,2,23,10,9,47,12,2,1,0,6,1,30,441,30441,20,1990,WV2YB0252LH0,W,V,2,Y,B,0,2,5,2,L,H,0,0,P,VOLK,VGN,UT,90,17,3460,,0,969,,G,,F,4,129,,,14R185,,,,,,0,0,000000000,00000000000,0,0,0,1,0,0,0,0,0,0,0,55,0,0,0,12,12,6,2,12,0,0,0,1,6,94952,6,1,0,0,3,0,70,180,0,0,0,0,0,0,0,0,0,0,0,0,0,0,1,2,55,1,5,2,1,0,0,1,66,1,1,1,69,1,0
6,62023,1,2,2,23,10,11,10,12,7,1,0,6,1,98,706,98706,80,2000,5CDCNB511YG0,5,C,D,C,N,B,5,1,1,Y,G,0,0,U,,,,0,17,,,,,,,,,,,,,,,,,,,0,0,000000000,00000000000,0,0,0,1,0,0,0,0,0,0,0,15,0,0,0,10,98,2,3,12,0,0,0,1,6,90292,6,1,0,0,3,3,72,200,1,0,0,0,1,8,2010,1,2011,0,33,0,0,0,3,4,65,1,5,1,1,0,0,6,10,1,1,2,45,2,0
6,62023,2,2,1,23,10,11,10,12,7,1,0,6,4,82,881,82881,66,2009,1FUJA6CK49DA,1,F,U,J,A,6,C,K,4,9,D,A,1,T,FRHT,COL,TR,9,17,,8,0,0,CON,D,,,6,855,,,,,00000,00,,64,1,57,1316614,571316614,3,6,2,1,0,0,0,0,0,0,0,10,0,0,0,5,14,2,1,12,0,0,0,1,6,92557,6,1,6,1,3,3,72,235,0,0,0,0,1,8,2010,8,2010,0,0,0,0,0,3,4,55,1,5,1,1,0,0,1,61,1,1,1,44,0,0
6,62024,1,1,1,23,10,11,45,42,0,1,0,6,2,49,40,49040,4,2003,4T1BE32K83U2,4,T,1,B,E,3,2,K,8,3,U,2,0,P,TOYT,UXS,4D,3,17,2993,,0,1071,,G,,F,4,144,,,15R205,,,,,,0,0,000000000,00000000000,0,0,0,1,0,0,0,0,0,0,0,999,0,0,0,81,81,6,2,42,0,0,0,1,6,95307,6,1,0,0,3,0,69,165,1,0,0,0,0,4,2010,4,2010,1,48,0,0,0,1,2,55,1,1,2,1,0,0,1,12,3,4,4,7,1,0
6,62025,1,2,3,23,10,15,5,12,6,1,0,6,3,7,881,7881,61,2001,3B6MF36671M5,3,B,6,M,F,3,6,6,7,1,M,5,1,T,DODG,350,CB,1,17,,3,1627,1387,RPC,D,,,6,359,,,,D,5401,01,U,44,1,88,888888888,88888888888,2,4,3,1,0,0,0,0,0,0,0,999,0,0,0,5,5,4,3,12,0,0,0,1,6,93307,6,2,0,0,3,2,70,185,0,0,0,0,0,0,0,0,0,0,39,73,0,0,1,2,55,1,1,2,1,20,3,1,17,1,1,1,87,0,0
6,62025,2,2,3,23,10,15,5,12,6,1,0,6,2,37,32,37032,4,2002,JHMCG668X2C0,J,H,M,C,G,6,6,8,X,2,C,0,0,P,HOND,UXS,4D,2,17,3120,,0,1069,,G,,F,4,138,,,15R195,,,,,,0,0,000000000,00000000000,0,0,0,1,0,0,0,0,0,0,0,999,0,0,0,12,12,6,2,12,0,0,0,1,6,93263,6,1,0,0,3,0,65,130,0,0,0,1,0,5,2011,5,2011,0,0,0,0,0,1,2,55,1,1,2,1,0,0,1,66,3,2,1,86,1,0
6,62026,1,2,1,23,10,16,12,12,6,1,0,6,2,37,32,37032,4,1996,1HGCE6678TA0,1,H,G,C,E,6,6,7,8,T,A,0,0,P,HOND,UER,4D,96,17,3184,,0,1069,,G,,F,6,163,,,15R205,,,,,,0,0,000000000,00000000000,0,0,0,1,0,0,0,0,0,0,0,48,0,0,0,4,4,6,2,12,0,0,0,1,6,94552,6,1,0,0,3,0,70,120,0,0,0,0,0,0,0,0,0,1,28,0,0,0,1,2,25,2,8,2,1,0,0,14,6,3,4,2,64,0,0
6,62026,2,2,1,23,10,16,12,12,6,1,0,6,1,76,705,76705,80,1981,4V8001820,4,V,8,0,0,1,8,2,0,,,,0,M,YAMA,,,81,9,,,,,,,,,,,,,,,,,,,0,0,000000000,00000000000,0,0,0,1,0,0,0,0,0,0,0,31,0,0,0,12,12,6,2,12,0,0,0,1,6,94602,6,1,6,0,3,3,73,160,0,0,0,0,0,0,0,0,0,0,0,0,0,0,1,2,25,3,6,2,1,0,0,14,62,1,1,1,65,1,0
6,62027,1,1,1,23,10,16,57,42,0,1,0,6,2,72,706,72706,80,1997,1HD1DDL35VY6,1,H,D,1,D,D,L,3,5,V,Y,6,0,M,HD,FHT,RS,97,17,,,,,,,1340,,2,,4,711,,,,,,,0,0,000000000,00000000000,0,0,0,1,0,0,0,0,0,0,0,998,0,0,0,12,12,6,2,42,0,0,0,1,6,92532,6,1,0,0,2,0,69,200,0,0,0,0,0,0,0,0,0,0,92,0,0,0,5,2,45,1,8,1,1,0,0,1,13,3,2,4,5,1,1
6,62028,1,2,2,8,11,20,39,12,1,1,0,6,2,20,2,20002,4,2000,2G1WH55K2Y93,2,G,1,W,H,5,5,K,2,Y,9,3,0,P,CHEV,IPL,4D,0,17,3466,,0,1110,,G,,F,6,231,,,16R225,,,,,,0,0,000000000,00000000000,0,0,0,1,0,0,0,0,0,0,0,68,0,0,0,6,6,6,2,8,0,0,0,1,6,95207,6,1,0,0,3,0,72,165,0,0,0,0,0,0,0,0,0,0,27,81,0,0,3,4,65,1,1,1,1,0,0,15,90,6,1,2,25,0,0
6,62028,2,2,1,8,11,20,39,12,1,1,0,6,1,51,881,51881,66,2000,4V4ND4JH6YN2,4,V,4,N,D,4,J,H,6,Y,N,2,1,T,VOLV,VVN,TR,0,17,,8,0,0,VVN,D,,,6,855,,,,,00000,00,,64,1,6,345645,06345645,3,6,98,1,0,0,0,0,0,0,0,55,0,0,0,12,12,4,3,12,0,0,0,1,6,95682,6,1,6,0,3,3,71,186,0,0,0,0,2,8,2009,1,2010,0,57,0,0,0,3,4,55,1,1,1,1,0,0,1,60,3,2,1,24,0,0
6,62029,1,1,3,10,11,7,44,8,0,1,0,6,1,38,401,38401,14,1996,JACDJ58V1T79,J,A,C,D,J,5,8,V,1,T,7,9,0,P,ISU,TRO,UT,96,17,0,,0,1087,,G,,F,6,195,,,16R245,,,,,,0,0,000000000,00000000000,0,0,0,1,0,0,0,0,0,0,0,998,0,0,0,12,12,2,3,8,0,0,0,1,6,95914,6,1,0,0,3,0,62,120,0,0,0,0,0,0,0,0,0,0,38,0,0,0,1,2,25,1,1,2,1,20,3,11,80,1,1,1,13,0,0
6,62030,1,1,4,23,10,5,0,8,0,1,0,6,2,20,431,20431,16,1997,3GNGK26RXVG1,3,G,N,G,K,2,6,R,X,V,G,1,0,P,CHEV,K25,UT,97,17,0,,0,1315,,G,,F,8,350,,,16R245,,,,,,0,0,000000000,00000000000,0,0,0,1,0,0,0,0,0,0,0,57,0,0,0,12,12,4,1,8,0,0,0,1,6,93630,6,1,0,0,3,3,71,265,0,0,0,2,0,3,2011,9,2011,0,0,0,0,0,1,2,55,1,8,2,1,0,0,1,80,7,1,1,13,0,0
6,62031,1,1,1,25,10,17,28,8,0,1,0,6,1,49,40,49040,4,1997,JT2BG22K7V00,J,T,2,B,G,2,2,K,7,V,0,0,0,P,TOYT,XLL,4D,97,17,3086,,0,1051,,G,,F,4,132,,,14R195,,,,,,0,0,000000000,00000000000,0,0,0,1,0,0,0,0,0,0,0,998,0,0,0,12,12,6,2,8,0,0,0,1,6,94019,6,1,0,0,3,0,65,165,0,0,0,0,0,0,0,0,0,0,0,0,0,0,2,2,35,1,8,8,1,0,0,1,80,6,1,1,13,0,0
6,62032,1,1,1,25,10,19,47,8,0,1,0,6,1,45,31,45031,2,1980,91A0142661,9,1,A,0,1,4,2,6,6,1,,,0,P,PORS,911,,80,10,2315,,895,894,,G,,F,6,183,,,15R185,,,,,,0,0,000000000,00000000000,0,0,0,1,0,0,0,0,0,0,0,43,0,0,0,12,12,4,3,8,0,0,0,1,6,94513,6,1,0,0,3,0,72,255,0,0,0,0,0,0,0,0,0,0,0,0,0,0,2,2,45,2,8,2,1,0,0,14,80,9,1,1,13,0,0
6,62033,1,1,1,26,10,5,52,8,0,1,1,99,9,49,40,49040,9,9999,999999999999,9,9,9,9,9,9,9,9,9,9,9,9,0,,,,,,,,,,,,,,,,,,,,,,,,,0,0,000000000,00000000000,0,0,0,1,0,0,0,0,0,0,0,998,0,0,0,12,12,9,1,8,99,99,0,1,99,99999,9,9,99,9,9,9,999,999,99,99,99,99,99,99,9999,99,9999,0,0,0,0,0,5,4,30,1,8,8,1,2,3,1,80,99,1,9,13,0,0
6,62034,1,2,5,30,10,21,31,8,0,1,0,6,2,37,402,37402,14,2005,JHLRD68545C0,J,H,L,R,D,6,8,5,4,5,C,0,0,P,HOND,CRV,UT,5,17,3318,,0,1033,,G,,F,4,146,,,15R205,,,,,,0,0,000000000,00000000000,0,0,0,1,0,0,0,0,0,0,0,65,0,0,0,12,12,2,1,8,0,0,0,1,6,94513,6,1,0,0,3,0,75,240,0,0,0,0,0,0,0,0,0,0,0,0,0,0,3,4,65,1,1,2,1,0,0,1,80,99,1,1,13,0,0
6,62034,2,2,3,30,10,21,31,8,0,1,0,6,1,58,37,58037,4,2003,JNKCV51E83M3,J,N,K,C,V,5,1,E,8,3,M,3,0,P,INFI,G35,4D,3,17,3336,,0,1122,,G,,F,6,214,,,16R205,,,,,,0,0,000000000,00000000000,0,0,0,1,0,0,0,0,0,0,0,70,0,0,0,12,12,0,1,8,0,0,0,1,6,94118,6,1,0,0,3,0,65,140,1,0,0,0,0,7,2009,7,2009,0,0,0,0,0,3,4,65,1,1,2,1,0,0,1,80,99,1,1,98,0,0
6,62035,1,1,2,31,10,18,42,8,0,1,0,6,1,7,481,7481,31,1991,1B7KE26C7MS3,1,B,7,K,E,2,6,C,7,M,S,3,0,T,DODG,D20,PK,91,17,,2,1490,1310,D20,D,,,6,359,,,,C,3930,01,A,42,0,0,000000000,00000000000,0,0,0,1,0,0,0,0,0,0,0,998,0,0,0,14,14,0,3,8,32,0,0,1,6,92504,6,1,0,0,3,3,72,200,0,0,0,0,0,0,0,0,0,0,0,0,0,0,5,4,45,1,8,2,1,0,0,1,80,3,1,1,13,0,0
6,62036,1,1,1,1,11,18,40,8,0,1,0,6,1,35,472,35472,30,2002,1N6DD26S72C3,1,N,6,D,D,2,6,S,7,2,C,3,0,T,NISS,FKX,PC,2,17,,1,0,1161,FRT,G,,,4,146,,,,B,3099,01,E,42,0,0,000000000,00000000000,0,0,0,1,0,0,0,0,0,0,0,35,0,0,0,12,12,2,1,8,0,0,0,1,6,92359,6,1,6,0,3,0,69,170,0,0,0,0,0,0,0,0,0,0,0,0,0,0,1,2,40,1,8,1,1,0,0,1,80,7,1,1,13,0,0
6,62037,1,1,1,3,11,12,58,9,0,1,0,6,1,59,32,59032,4,2000,JT8BH28F9Y01,J,T,8,B,H,2,8,F,9,Y,0,1,0,P,LEXS,LS4,4D,0,17,3890,,0,1122,,G,,F,8,242,,,16R225,,,,,,0,0,000000000,00000000000,0,0,0,1,0,0,0,0,0,0,0,998,0,0,0,12,12,4,3,9,0,0,0,1,6,92620,6,1,0,0,3,3,74,190,0,0,0,0,0,0,0,0,0,0,0,0,0,0,1,4,55,1,5,8,1,0,0,1,83,1,1,1,13,0,0
6,62038,1,1,1,3,11,15,25,15,0,1,0,6,1,51,47,51047,4,2004,YV1RS61T8423,Y,V,1,R,S,6,1,T,8,4,2,3,0,P,VOLV,S60,4D,4,17,3286,,0,1070,,G,,F,5,149,,,16R215,,,,,,0,0,000000000,00000000000,0,0,0,1,0,0,0,0,0,0,0,998,0,0,0,12,12,4,1,15,0,0,0,1,6,90036,6,1,0,0,3,0,68,150,0,0,0,0,0,0,0,0,0,0,0,0,0,0,1,4,25,1,8,8,1,0,0,1,83,1,1,1,13,0,0
6,62039,1,1,1,15,8,16,7,8,0,1,0,6,1,12,461,12461,21,1990,1FDEE14HXLHA,1,F,D,E,E,1,4,H,X,L,H,A,0,T,FORD,15V,CG,90,17,,2,1380,1240,VAN,G,,,8,351,,,,B,3738,02,A,42,0,0,000000000,00000000000,0,0,0,1,0,0,0,0,0,0,0,999,0,0,0,98,98,0,1,8,0,0,0,1,6,91016,6,1,0,0,3,3,76,195,0,0,0,0,0,0,0,0,0,0,31,0,0,0,1,2,25,1,6,2,1,0,0,13,80,2,1,1,98,0,0
6,62040,1,1,1,5,9,0,2,8,0,1,0,6,1,49,33,49033,2,2001,JTDDR32T6100,J,T,D,D,R,3,2,T,6,1,0,0,0,P,TOYT,CGF,2H,1,17,2425,,0,1023,,G,,F,4,109,,,15R195,,,,,,0,0,000000000,00000000000,0,0,0,1,0,0,0,0,0,0,0,40,0,0,0,12,10,4,3,8,0,0,0,1,6,94014,6,1,0,0,3,0,63,134,0,0,0,0,0,0,0,0,0,0,0,0,0,0,1,2,40,1,1,2,1,0,0,1,80,1,1,1,13,0,0
6,62041,1,1,1,6,9,14,38,8,0,1,0,6,3,20,882,20882,61,2004,J8BC4B145470,J,8,B,C,4,B,1,4,5,4,7,0,0,T,CHEV,W45,TB,4,17,,4,1760,1090,450,D,,,4,290,,,,,5315,00,,42,0,77,777777777,77777777777,2,1,96,1,0,0,0,0,0,0,0,999,0,0,0,12,12,2,3,8,0,0,0,1,6,91776,6,1,0,0,3,3,71,170,0,0,0,0,1,8,2011,8,2011,0,0,0,0,0,1,2,35,1,1,1,1,2,3,1,80,1,1,1,13,0,0
6,62042,1,1,1,23,10,18,28,15,0,1,0,6,1,59,421,59421,15,1999,JT6HT00W1X00,J,T,6,H,T,0,0,W,1,X,0,0,0,P,LEXS,LX7,UT,99,17,5401,,0,1122,,G,,F,8,285,,,16R275,,,,,,0,0,000000000,00000000000,0,0,0,1,0,0,0,0,0,0,0,33,0,0,0,11,12,2,3,15,0,0,0,1,6,95125,6,1,0,0,3,0,70,200,0,0,0,0,0,0,0,0,0,0,38,0,0,0,1,2,35,1,1,2,1,20,3,1,83,2,1,1,13,0,1
6,62043,1,1,1,27,10,3,42,8,0,1,0,6,1,49,40,49040,4,2006,4T1BE32K46U7,4,T,1,B,E,3,2,K,4,6,U,7,0,P,TOYT,UXS,4D,6,17,3108,,0,1071,,G,,F,4,144,,,15R205,,,,,,0,0,000000000,00000000000,0,0,0,1,0,0,0,0,0,0,0,998,0,0,0,98,98,6,2,8,0,0,0,1,6,92530,6,1,0,0,3,3,69,168,1,0,0,0,0,12,2009,12,2009,0,0,0,0,0,5,2,40,1,1,2,1,0,0,1,80,2,1,1,13,0,0
6,62044,1,1,3,28,10,19,2,8,0,1,0,6,1,23,421,23421,15,1993,1GTHC33K4PJ7,1,G,T,H,C,3,3,K,4,P,J,7,0,T,GMC,SC3,CW,93,17,,2,0,1685,SIE,G,,,8,350,,,,D,00000,00,A,42,0,0,000000000,00000000000,0,0,0,1,0,0,0,0,0,0,0,40,0,0,0,12,12,4,1,8,0,0,0,1,6,93304,6,1,0,0,3,0,66,230,0,1,0,1,0,8,2009,9,2010,0,0,0,0,0,2,2,40,1,1,2,1,0,0,1,80,2,1,1,13,0,0
6,62045,1,1,2,29,10,2,9,34,0,1,0,6,2,53,705,53705,80,1996,JS1SK42A5T21,J,S,1,S,K,4,2,A,5,T,2,1,0,M,SUZI,D3E,T,96,17,,,,,,,348,,1,,4,286,,,,,,,0,0,000000000,00000000000,0,0,0,1,0,0,0,0,0,0,0,999,0,0,0,98,98,2,3,24,0,0,0,1,6,92672,1,1,0,0,2,0,74,155,0,2,1,0,0,3,2010,11,2010,1,92,0,0,0,1,2,25,2,5,2,1,0,0,14,12,1,1,4,6,1,1
6,62046,1,1,1,30,10,18,48,8,0,1,0,6,1,20,481,20481,31,2000,1GCEC19T3YZ1,1,G,C,E,C,1,9,T,3,Y,Z,1,0,T,CHEV,SC1,3C,0,17,,2,1575,1435,SIL,G,,,8,325,,,,B,4134,03,,42,0,0,000000000,00000000000,0,0,0,1,0,0,0,0,0,0,0,999,0,0,0,12,12,4,3,8,0,0,0,1,6,93722,6,1,0,0,3,0,72,198,0,0,0,0,0,0,0,0,0,0,0,0,0,0,2,2,40,1,1,2,1,0,0,1,80,1,1,1,13,0,0
6,62047,1,1,1,31,10,7,40,8,0,1,0,6,1,37,31,37031,3,2003,SHHEP33533U4,S,H,H,E,P,3,3,5,3,3,U,4,0,P,HOND,CVS,2H,3,17,2744,,0,1012,,G,,F,4,122,,,15R195,,,,,,0,0,000000000,00000000000,0,0,0,1,0,0,0,0,0,0,0,999,0,0,0,12,12,4,3,8,0,0,0,1,6,92126,6,1,0,0,3,3,61,115,0,0,0,0,0,0,0,0,0,1,0,0,0,0,1,2,25,1,1,2,1,0,0,1,80,1,1,1,13,0,0
6,62048,1,1,1,31,10,8,2,8,0,1,0,6,2,41,50,41050,4,2007,1YVHP80C575M,1,Y,V,H,P,8,0,C,5,7,5,M,0,P,MAZD,M6I,4D,7,17,3091,,0,1053,,G,,F,4,138,,,16R205,,,,,,0,0,000000000,00000000000,0,0,0,1,0,0,0,0,0,0,0,999,0,0,0,12,12,2,3,8,0,0,0,1,6,91710,6,1,0,0,3,0,67,115,1,0,0,0,0,3,2010,3,2010,0,0,0,0,0,1,2,25,1,1,2,1,0,0,1,80,1,1,1,13,0,0
6,62049,1,1,1,21,12,6,37,52,0,1,0,51,2,39,31,39031,2,1997,SAJGX2743VC0,S,A,J,G,X,2,7,4,3,V,C,0,0,P,JAGU,XK8,CV,97,17,3867,,0,1019,,G,,F,8,244,,,17R245,,,,,,0,0,000000000,00000000000,0,0,0,1,0,0,0,0,0,0,0,998,0,1,6,12,12,6,2,21,0,0,0,1,6,92117,1,1,0,0,2,0,72,200,0,0,0,0,0,0,0,0,0,1,92,48,0,0,3,4,65,1,1,1,1,0,0,1,13,1,1,4,1,1,0
6,62050,1,1,1,10,10,14,20,1,0,1,0,6,1,37,706,37706,80,2009,JH2SC59G89K0,J,H,2,S,C,5,9,G,8,9,K,0,0,M,HOND,CAB,RC,9,17,,,,,,,999,,4,,4,439,,,,,,,0,0,000000000,00000000000,0,0,0,1,0,0,0,0,0,0,0,999,0,0,0,0,0,6,2,1,0,0,0,1,6,92377,6,1,0,0,3,3,73,205,0,0,0,0,0,0,0,0,0,1,48,0,0,0,1,2,55,2,5,2,1,0,0,14,6,1,4,4,7,1,0
6,62051,1,4,1,29,10,2,50,59,0,1,0,6,1,35,48,35048,2,2003,JN1AZ34DX3T1,J,N,1,A,Z,3,4,D,X,3,T,1,0,P,NISS,3ZC,CP,3,17,3062,,0,1083,,G,,F,6,214,,,17R225,,,,,,0,0,000000000,00000000000,0,0,0,1,0,0,0,0,0,0,0,999,0,0,0,98,61,6,2,12,0,0,0,1,6,91765,6,1,0,0,3,0,70,150,0,0,0,1,2,9,2009,9,2009,1,0,0,0,0,6,1,65,2,1,1,1,0,0,14,6,1,3,4,2,1,1
6,62051,2,4,1,29,10,2,50,59,0,1,0,19,3,82,881,82881,66,2007,1FUJA6CV27DZ,1,F,U,J,A,6,C,V,2,7,D,Z,1,T,FRHT,COL,TR,7,17,,8,0,0,CON,D,,,6,782,,,,,00000,00,,64,1,57,055787,57055787,3,6,98,1,0,0,0,0,0,0,0,55,0,0,0,12,12,4,1,12,0,0,0,1,6,92334,6,1,6,0,3,0,67,210,0,0,0,0,0,0,0,0,0,0,0,0,0,0,3,5,65,1,1,1,1,0,0,1,64,7,1,1,98,0,0