STATE,ST_CASE,VEH_NO,VE_FORMS,NUMOCCS,DAY,MONTH,HOUR,MINUTE,HARM_EV,MAN_COLL,UNITTYPE,HIT_RUN,REG_STAT,OWNER,MAKE,MODEL,MAK_MOD,BODY_TYP,MOD_YEAR,VIN,VIN_1,VIN_2,VIN_3,VIN_4,VIN_5,VIN_6,VIN_7,VIN_8,VIN_9,VIN_10,VIN_11,VIN_12,TOW_VEH,VINTYPE,VINMAKE,VINA_MOD,VIN_BT,VINMODYR,VIN_LNGT,VIN_WGT,WGTCD_TR,WHLBS_LG,WHLBS_SH,SER_TR,FUELCODE,MCYCL_DS,CARBUR,CYLINDER,DISPLACE,MCYCL_CY,MCYCL_WT,TIRE_SZE,TON_RAT,TRK_WT,TRKWTVAR,VIN_REST,WHLDRWHL,J_KNIFE,MCARR_I1,MCARR_I2,MCARR_ID,GVWR,V_CONFIG,CARGO_BT,HAZ_INV,HAZ_PLAC,HAZ_ID,HAZ_CNO,HAZ_REL,BUS_USE,SPEC_USE,EMER_USE,TRAV_SP,UNDERIDE,ROLLOVER,ROLINLOC,IMPACT1,IMPACT2,DEFORMED,TOWED,M_HARM,VEH_SC1,VEH_SC2,FIRE_EXP,DR_PRES,L_STATE,DR_ZIP,L_STATUS,L_TYPE,CDL_STAT,L_ENDORS,L_COMPL,L_RESTRI,DR_HGT,DR_WGT,PREV_ACC,PREV_SUS,PREV_DWI,PREV_SPD,PREV_OTH,FIRST_MO,FIRST_YR,LAST_MO,LAST_YR,SPEEDREL,DR_SF1,DR_SF2,DR_SF3,DR_SF4,VTRAFWAY,VNUM_LAN,VSPD_LIM,VALIGN,VPROFILE,VPAVETYP,VSURCOND,VTRAFCON,VTCONT_F,P_CRASH1,P_CRASH2,P_CRASH3,PCRASH4,PCRASH5,ACC_TYPE,DEATHS,DR_DRINK
6,62265,1,1,2,8,10,23,28,14,0,1,0,6,2,55,35,55035,4,2003,KMHCG45C43U4,K,M,H,C,G,4,5,C,4,3,U,4,0,P,HYUN,AGL,4D,3,17,2280,,0,961,,G,,F,4,098,,,13R175,,,,,,0,0,000000000,00000000000,0,0,0,1,0,0,0,0,0,0,0,998,0,0,0,12,12,6,2,14,0,0,0,1,6,93060,6,1,0,0,3,0,69,240,0,0,0,0,0,0,0,0,0,0,0,0,0,0,1,4,35,1,1,2,1,0,0,1,11,1,1,4,11,1,1
6,62266,1,2,1,31,10,18,51,12,2,1,0,6,1,98,706,98706,80,2006,VBKVA44056M9,V,B,K,V,A,4,4,0,5,6,M,9,0,U,,,,6,17,,,,,,,,,,,,,,,,,,,0,0,000000000,00000000000,0,0,0,1,0,0,0,0,0,0,0,999,0,0,0,12,12,6,2,12,0,0,0,1,6,95446,6,1,0,0,3,0,68,140,0,0,0,1,0,11,2010,11,2010,1,51,57,28,0,1,2,25,1,3,2,1,0,0,1,10,3,1,2,50,1,1
6,62266,2,2,4,31,10,18,51,12,2,1,0,6,2,22,441,22441,20,2003,1GMDX13E43D2,1,G,M,D,X,1,3,E,4,3,D,2,0,T,PONT,LUX,ES,3,17,,1,0,1210,MON,G,,,6,207,,,,B,3942,00,K,42,0,0,000000000,00000000000,0,0,0,1,0,0,0,0,0,0,0,998,0,0,0,12,12,6,2,12,0,0,0,1,6,95945,6,1,0,0,3,0,71,200,0,0,0,0,0,0,0,0,0,0,0,0,0,0,1,2,25,1,3,2,1,0,0,1,62,1,1,1,51,0,0
6,62267,1,2,1,17,11,10,0,12,6,1,0,6,1,37,32,37032,2,2001,1HGCG32731A0,1,H,G,C,G,3,2,7,3,1,A,0,0,P,HOND,UEX,CP,1,17,3014,,0,1051,,G,,F,4,138,,,15R195,,,,,,0,0,000000000,00000000000,0,0,0,1,0,0,0,0,0,0,0,998,0,0,0,12,12,4,3,12,0,0,0,1,6,95628,6,1,0,0,3,0,64,120,0,0,0,0,0,0,0,0,0,0,0,0,0,0,3,3,45,1,1,2,1,3,3,1,17,1,1,1,69,0,0
6,62267,2,2,2,17,11,10,0,12,6,1,0,6,1,24,1,24001,4,2002,1G8ZJ527X2Z1,1,G,8,Z,J,5,2,7,X,2,Z,1,0,P,STRN,SL2,4D,2,17,2404,,0,1024,,G,,F,4,116,,,15R185,,,,,,0,0,000000000,00000000000,0,0,0,1,0,0,0,0,0,0,0,998,0,0,0,83,83,4,3,12,0,0,0,1,6,95628,6,1,0,0,3,3,71,210,0,0,0,0,0,0,0,0,0,0,0,0,0,0,3,3,45,1,1,2,1,3,3,11,66,1,1,1,68,1,0
6,62268,1,2,2,19,11,22,12,12,6,1,0,6,1,35,43,35043,4,1992,JN1EB31P0NU1,J,N,1,E,B,3,1,P,0,N,U,1,0,P,NISS,SEN,4D,92,17,2288,,0,956,,G,,F,4,098,,,13R155,,,,,,0,0,000000000,00000000000,0,0,0,1,0,0,0,0,0,0,0,998,0,0,0,81,81,6,2,12,0,0,0,1,6,90304,0,0,0,0,0,0,66,180,0,0,0,0,1,6,2010,6,2010,0,38,92,0,0,1,2,35,1,1,2,1,3,3,11,15,1,1,1,68,1,0
6,62268,2,2,2,19,11,22,12,12,6,1,0,6,1,7,21,7021,6,2006,2D4FV47T86H4,2,D,4,F,V,4,7,T,8,6,H,4,0,P,DODG,MGN,UT,6,17,3751,,0,1200,,G,,F,6,165,,,17R215,,,,,,0,0,000000000,00000000000,0,0,0,1,0,0,0,0,0,0,0,46,0,0,0,12,12,6,2,12,0,0,0,1,6,90304,6,1,0,0,3,0,69,250,0,0,0,0,0,0,0,0,0,1,0,0,0,0,1,2,35,1,1,2,1,3,3,1,62,8,2,1,69,0,0
6,62269,1,2,2,23,11,18,20,12,1,1,0,6,1,37,32,37032,4,2007,JHMFA362X7S0,J,H,M,F,A,3,6,2,X,7,S,0,0,P,HOND,CHY,4D,7,17,2875,,0,1063,,B,,F,4,079,,,15R195,,,,,,0,0,000000000,00000000000,0,0,0,1,0,0,0,0,0,0,0,65,0,0,0,12,12,6,2,12,0,0,0,1,6,94536,6,1,0,0,3,0,72,170,0,0,0,0,0,0,0,0,0,1,0,0,0,0,3,3,65,1,1,8,1,0,0,1,52,1,1,1,28,1,1
6,62269,2,2,1,23,11,18,20,12,1,1,0,6,1,49,32,49032,4,2007,JTNBB46K4730,J,T,N,B,B,4,6,K,4,7,3,0,0,P,TOYT,CHY,4D,7,17,3680,,0,1093,,B,,F,4,146,,,16R215,,,,,,0,0,000000000,00000000000,0,0,0,1,0,0,0,0,0,0,0,998,0,0,0,6,6,4,3,12,0,0,0,1,6,94587,6,1,0,0,3,0,65,200,0,0,0,0,1,3,2011,3,2011,0,0,0,0,0,3,3,65,1,1,8,1,0,0,2,53,1,1,1,29,0,0
6,62270,1,1,1,24,11,2,10,8,0,1,1,99,9,99,999,99999,99,9999,999999999999,9,9,9,9,9,9,9,9,9,9,9,9,0,,,,,,,,,,,,,,,,,,,,,,,,,0,0,000000000,00000000000,9,0,0,1,0,0,0,0,0,0,0,999,0,0,0,99,99,9,1,8,99,99,0,1,99,99999,9,9,99,9,9,9,999,999,99,99,99,99,99,99,9999,99,9999,9,99,99,99,99,1,6,35,1,1,8,1,0,0,1,80,99,9,9,13,0,0
6,62271,1,1,1,1,12,10,25,8,0,1,1,6,2,42,44,42044,2,2003,WDBSK75F43F0,W,D,B,S,K,7,5,F,4,3,F,0,0,P,MERZ,SLR,CV,3,17,3925,,0,1008,,G,,F,8,303,,,17R255,,,,,,0,0,000000000,00000000000,0,0,0,1,0,0,0,0,0,0,0,998,0,0,0,12,12,4,3,8,0,0,0,1,6,91605,6,1,0,0,3,0,73,160,0,0,0,0,0,0,0,0,0,9,38,0,0,0,1,4,40,1,1,8,1,2,3,1,80,1,1,1,13,0,0
6,62272,1,5,1,6,12,11,46,12,6,1,0,6,1,18,20,18020,2,1992,2G4WD14LXN14,2,G,4,W,D,1,4,L,X,N,1,4,0,P,BUIC,RGL,CP,92,17,3237,,0,1075,,G,,F,6,231,,,14R205,,,,,,0,0,000000000,00000000000,0,0,0,1,0,0,0,0,0,0,0,999,0,0,0,12,12,6,2,12,0,0,1,1,6,95014,6,1,0,0,3,0,67,130,0,0,0,0,0,0,0,0,0,9,39,0,0,0,3,2,45,1,1,2,1,3,3,1,17,1,1,1,88,1,0
6,62272,2,5,1,6,12,11,46,12,6,1,0,6,1,6,43,6043,1,2004,1C3EL55R14N2,1,C,3,E,L,5,5,R,1,4,N,2,0,P,CHRY,SLI,CV,4,17,3362,,0,1060,,G,,F,6,167,,,16R205,,,,,,0,0,000000000,00000000000,0,0,0,1,0,0,0,0,0,0,0,998,0,0,0,62,62,6,2,12,0,0,0,1,6,94087,6,1,0,0,3,0,67,120,0,0,0,0,0,0,0,0,0,0,0,0,0,0,1,2,25,1,1,2,1,3,3,1,66,1,1,1,89,0,0
6,62272,3,5,1,6,12,11,46,12,6,1,0,6,2,49,402,49402,14,2010,2T3ZF4DVXAW0,2,T,3,Z,F,4,D,V,X,A,W,0,0,P,TOYT,RG4,UT,10,17,3300,,0,1047,,G,,F,4,153,,,16R215,,,,,,0,0,000000000,00000000000,0,0,0,1,0,0,0,0,0,0,0,0,0,0,0,62,62,4,3,12,0,0,0,1,6,95014,6,1,0,0,3,0,67,125,0,0,0,0,0,0,0,0,0,0,0,0,0,0,3,2,45,1,1,2,1,3,3,5,62,1,1,1,98,0,0
6,62272,4,5,1,6,12,11,46,12,6,1,0,6,1,49,40,49040,4,2007,4T1BK46K27U5,4,T,1,B,K,4,6,K,2,7,U,5,0,P,TOYT,CJS,4D,7,17,3164,,0,1093,,G,,F,6,214,,,15R205,,,,,,0,0,000000000,00000000000,0,0,0,1,0,0,0,0,0,0,0,0,0,0,0,61,61,2,1,54,0,0,0,1,6,95014,6,1,0,0,3,0,63,112,0,0,0,0,0,0,0,0,0,0,0,0,0,0,3,2,45,1,1,2,1,3,3,5,98,1,1,1,98,0,0
6,62272,5,5,1,6,12,11,46,12,6,1,0,6,2,37,441,37441,20,2006,5FNRL38496B4,5,F,N,R,L,3,8,4,9,6,B,4,0,P,HOND,UDY,SV,6,17,4475,,0,1181,,G,,F,6,213,,,16R235,,,,,,0,0,000000000,00000000000,0,0,0,1,0,0,0,0,0,0,0,0,0,0,0,12,12,2,1,12,0,0,0,1,6,95014,6,1,0,0,3,3,64,115,0,0,0,0,0,0,0,0,0,0,0,0,0,0,3,2,45,1,1,2,1,3,3,5,66,1,1,1,98,0,0
6,62273,1,2,2,9,12,23,0,12,7,1,0,6,1,20,16,20016,4,1998,1G1JC5248W72,1,G,1,J,C,5,2,4,8,W,7,2,0,P,CHEV,CAV,4D,98,17,2630,,0,1041,,G,,F,4,133,,,14R195,,,,,,0,0,000000000,00000000000,0,0,0,1,0,0,0,0,0,0,0,999,0,0,0,83,81,6,2,25,0,0,0,1,6,93630,6,1,0,0,3,0,63,125,0,0,0,0,0,0,0,0,0,9,0,0,0,0,3,2,70,1,1,8,1,0,0,15,11,1,1,2,46,1,1
6,62273,2,2,1,9,12,23,0,12,7,1,0,22,3,51,881,51881,66,2005,4V4M19GH05N3,4,V,4,M,1,9,G,H,0,5,N,3,2,T,VOLV,VNM,TR,5,17,,7,0,0,VVN,D,,,6,732,,,,,00000,00,,42,1,57,029124,57029124,3,7,1,1,0,0,0,0,0,0,0,55,0,0,0,62,62,2,1,12,0,0,0,1,6,93706,6,1,6,1,3,0,68,250,0,0,0,0,1,7,2009,7,2009,0,0,0,0,0,3,2,55,1,1,8,1,0,0,1,10,1,1,1,45,0,0
6,62274,1,2,1,14,12,13,4,12,2,1,0,6,1,19,3,19003,4,2005,1G6KF57945U1,1,G,6,K,F,5,7,9,4,5,U,1,0,P,CADI,D/T,4D,5,17,4047,,0,1153,,G,,F,8,279,,,17R235,,,,,,0,0,000000000,00000000000,0,0,0,1,0,0,0,0,0,0,0,998,0,0,0,12,12,4,3,12,0,0,0,1,6,93313,6,1,0,0,3,0,70,190,0,0,0,0,0,0,0,0,0,0,0,0,0,0,5,4,45,1,1,8,1,0,0,11,15,1,1,1,74,0,0
6,62274,2,2,4,14,12,13,4,12,2,1,0,6,3,12,461,12461,21,2006,1FTSS34S46DA,1,F,T,S,S,3,4,S,4,6,D,A,0,T,FORD,3SD,EC,6,17,,2,0,1380,VAN,G,,,10,415,,,,D,5584,00,E,42,0,88,888888888,88888888888,2,20,22,1,0,0,0,0,7,0,0,998,0,0,0,12,12,4,3,12,0,0,0,1,6,93203,6,1,0,0,3,0,64,150,0,0,0,0,0,0,0,0,0,0,0,0,0,0,5,4,45,1,1,8,1,0,0,1,62,1,1,1,74,2,0
6,62275,1,1,1,19,12,1,16,42,0,1,0,6,1,37,31,37031,2,2006,1HGCM72626A0,1,H,G,C,M,7,2,6,2,6,A,0,0,P,HOND,UEX,CP,6,17,3155,,0,1051,,G,,F,4,146,,,16R205,,,,,,0,0,000000000,00000000000,0,0,0,1,0,0,0,0,0,0,0,65,0,0,0,81,81,6,2,42,0,0,0,1,6,94110,6,1,0,0,3,0,72,175,0,0,0,0,0,0,0,0,0,0,0,0,0,0,3,4,65,1,1,2,1,0,0,1,13,1,1,4,1,1,1
6,62276,1,1,1,19,12,5,50,8,0,1,0,6,1,49,472,49472,30,2001,5TESN92N41Z8,5,T,E,S,N,9,2,N,4,1,Z,8,0,T,TOYT,XPR,PC,1,17,,1,0,1219,TAC,G,,,6,206,,,,B,3355,00,U,42,0,0,000000000,00000000000,0,0,0,1,0,0,0,0,0,0,0,40,0,0,0,12,12,2,1,8,0,0,0,1,6,95823,6,1,0,0,3,0,70,216,0,0,0,1,0,9,2011,9,2011,0,0,0,0,0,5,2,40,1,1,8,1,0,0,1,80,9,9,9,13,0,0
6,62277,1,1,1,19,12,21,0,8,0,1,0,6,1,20,404,20404,14,2010,2CNFLEEW6A62,2,C,N,F,L,E,E,W,6,A,6,2,0,P,CHEV,EQU,UT,10,17,3935,,0,1125,,G,,F,4,146,,,17R225,,,,,,0,0,000000000,00000000000,0,0,0,1,0,0,0,0,0,0,0,35,0,0,0,12,12,4,3,8,0,0,0,1,6,95864,6,1,0,0,3,0,64,140,1,0,0,0,0,8,2010,8,2010,0,0,0,0,0,5,4,35,1,1,2,1,0,0,1,80,1,1,1,13,0,0
6,62278,1,1,1,21,12,6,25,8,0,1,0,6,3,12,881,12881,61,2009,1FDAF46R09EA,1,F,D,A,F,4,6,R,0,9,E,A,0,T,FORD,F4D,CB,9,17,,5,2010,1410,DRW,D,,,8,390,,,,D,6688,04,U,42,0,88,888888888,88888888888,2,1,96,1,0,0,0,0,0,0,0,998,0,0,0,12,12,4,3,8,0,0,0,1,6,93001,6,1,6,0,3,3,70,185,0,0,0,0,0,0,0,0,0,0,38,0,0,0,5,2,40,1,1,2,1,0,0,1,80,1,1,1,13,0,0
6,62279,1,1,1,21,12,7,36,8,0,1,0,6,2,52,35,52035,4,2000,JA3AY26C8YU0,J,A,3,A,Y,2,6,C,8,Y,U,0,0,P,MITS,MDE,4D,0,17,2437,,0,984,,G,,F,4,112,,,14R175,,,,,,0,0,000000000,00000000000,0,0,0,1,0,0,0,0,0,0,0,28,0,0,0,12,12,4,1,8,0,0,0,1,6,91776,6,1,0,0,3,3,62,108,0,0,0,0,0,0,0,0,0,0,38,0,0,0,1,4,35,1,1,2,1,0,0,1,80,1,1,1,13,0,0
6,62280,1,1,1,21,12,15,0,8,0,1,0,6,3,7,881,7881,61,2011,3D6WA7EL9BG5,3,D,6,W,A,7,E,L,9,B,G,5,0,T,DODG,S5T,CB,11,17,,5,2045,1445,RPC,D,,,6,408,,,,E,7653,00,K,42,0,6,286993,06286993,2,1,3,1,0,0,0,0,0,0,0,65,0,0,0,12,12,0,1,8,0,0,0,1,6,90220,6,1,0,0,3,0,69,220,0,2,0,0,0,11,2009,10,2011,0,38,0,0,0,1,4,35,1,1,2,1,2,3,11,80,1,1,1,13,0,0
6,62281,1,1,1,9,12,16,0,1,0,1,0,6,1,37,706,37706,80,2005,9C2KE01025R0,9,C,2,K,E,0,1,0,2,5,R,0,0,M,HOND,15F,EN,5,17,,,,,,,156,,1,,4,216,,,,,,,0,0,000000000,00000000000,0,0,0,1,0,0,0,0,0,0,0,40,0,0,0,0,0,6,2,1,0,0,0,1,6,93514,2,1,0,0,2,0,62,125,0,0,0,0,0,0,0,0,0,0,92,48,0,0,1,1,25,3,1,5,1,0,0,14,13,1,1,6,98,1,1
6,62282,1,2,1,9,12,17,10,12,6,1,0,6,2,35,39,35039,4,2002,JN1DA31D12T4,J,N,1,D,A,3,1,D,1,2,T,4,0,P,NISS,MGS,4D,2,17,3103,,0,1083,,G,,F,6,214,,,16R215,,,,,,0,0,000000000,00000000000,0,0,0,1,0,0,0,0,0,0,0,55,0,0,0,82,82,6,2,12,0,0,0,1,6,95409,6,1,0,0,3,3,61,100,0,0,0,0,0,0,0,0,0,0,48,0,0,0,1,2,55,1,1,2,1,0,0,1,10,6,1,2,64,1,0
6,62282,2,2,2,9,12,17,10,12,6,1,0,6,2,48,45,48045,6,2005,4S4BP61C4563,4,S,4,B,P,6,1,C,4,5,6,3,0,P,SUBA,LOI,SW,5,17,3310,,0,1051,,G,,F,4,152,,,16R225,,,,,,0,0,000000000,00000000000,0,0,0,1,0,0,0,0,0,0,0,50,0,0,0,12,12,6,2,12,0,0,0,1,6,95959,6,1,0,0,3,0,72,160,0,0,0,0,1,12,2011,12,2011,0,0,0,0,0,1,2,55,1,1,2,1,0,0,1,62,7,1,1,65,0,0
6,62283,1,5,1,9,12,17,35,12,7,1,0,6,1,20,481,20481,31,2001,2GCEC19T7112,2,G,C,E,C,1,9,T,7,1,1,2,0,T,CHEV,SC1,4C,1,17,,2,1575,1435,SIL,G,,,8,325,,,,B,4413,00,,42,0,0,000000000,00000000000,0,0,0,1,0,0,0,0,0,0,0,69,0,0,0,2,12,6,2,12,0,0,1,1,6,91945,3,1,0,0,2,0,70,170,0,0,0,0,1,10,2009,10,2009,1,92,0,0,0,3,2,65,1,1,2,1,0,0,1,10,1,1,2,44,0,1
6,62283,2,5,3,9,12,17,35,12,7,1,0,6,1,55,402,55402,14,2007,KM8JN12D47U5,K,M,8,J,N,1,2,D,4,7,U,5,0,P,HYUN,TUC,UT,7,17,3370,,0,1035,,G,,F,6,162,,,16R235,,,,,,0,0,000000000,00000000000,0,0,0,1,0,0,0,0,0,0,0,5,0,0,0,10,10,2,1,12,0,0,0,1,6,92071,6,1,0,0,3,0,70,170,0,0,0,0,0,0,0,0,0,0,0,0,0,0,3,2,65,1,1,2,1,0,0,4,60,1,1,1,45,0,0
6,62283,3,5,2,9,12,17,35,12,7,1,0,6,1,35,401,35401,14,1999,JN8AR05SXXW2,J,N,8,A,R,0,5,S,X,X,W,2,0,P,NISS,PFI,UT,99,17,3566,,0,1063,,G,,F,6,201,,,15R235,,,,,,0,0,000000000,00000000000,0,0,0,1,0,0,0,0,0,0,0,5,0,0,0,6,0,6,2,2,0,0,1,1,6,92113,6,1,0,0,3,3,63,140,0,0,0,1,0,7,2010,7,2010,0,0,0,0,0,3,2,65,1,1,2,1,0,0,4,53,1,1,1,98,2,0
6,62283,4,5,3,9,12,17,35,12,7,1,0,6,2,13,12,13012,4,2002,1LNHM86SX2Y6,1,L,N,H,M,8,6,S,X,2,Y,6,0,P,LINC,LLS,4D,2,17,3602,,0,1145,,G,,F,6,182,,,16R215,,,,,,0,0,000000000,00000000000,0,0,0,1,0,0,0,0,0,0,0,4,0,0,0,6,6,6,2,12,0,0,0,1,6,91977,6,1,0,0,3,0,70,190,0,0,0,0,0,0,0,0,0,0,0,0,0,0,3,2,65,1,1,2,1,0,0,4,53,1,1,1,98,0,0
6,62283,5,5,1,9,12,17,35,12,7,1,0,6,1,12,481,12481,31,2010,1FTFW1EV4AFD,1,F,T,F,W,1,E,V,4,A,F,D,0,T,FORD,F1S,CW,10,17,,2,1570,1450,COF,F,,,8,329,,,,B,5345,00,7,44,0,0,000000000,00000000000,0,0,0,1,0,0,0,0,0,0,0,5,0,0,0,6,6,6,2,12,0,0,0,1,6,91913,6,1,0,0,3,0,70,170,0,0,0,1,0,8,2009,8,2009,0,0,0,0,0,3,2,65,1,1,2,1,0,0,4,60,1,1,1,98,0,0
6,62284,1,1,1,9,12,23,8,33,0,1,0,6,2,54,31,54031,3,1990,JH4DA9460LS0,J,H,4,D,A,9,4,6,0,L,S,0,0,P,ACUR,IGS,2H,90,17,2535,,0,1004,,G,,F,4,112,,,14R195,,,,,,0,0,000000000,00000000000,0,0,0,1,0,0,0,0,0,0,0,998,0,1,5,14,12,6,2,1,0,0,0,1,6,91344,6,2,0,0,3,2,72,200,0,0,0,0,0,0,0,0,0,0,73,48,0,0,3,4,65,1,1,2,1,0,0,1,13,1,1,4,1,1,0
6,62285,1,1,2,10,12,1,50,33,0,1,0,6,1,35,48,35048,2,2007,JN1BZ34D57M5,J,N,1,B,Z,3,4,D,5,7,M,5,0,P,NISS,3ZC,CP,7,17,3222,,0,1043,,G,,F,6,214,,,18R225,,,,,,0,0,000000000,00000000000,0,0,0,1,0,0,0,0,0,0,0,998,0,0,0,14,12,6,2,30,0,0,0,1,6,93551,6,1,0,0,3,0,69,160,0,0,0,0,2,7,2010,3,2011,1,0,0,0,0,5,4,55,1,1,2,1,0,0,1,12,1,9,4,6,1,1
6,62286,1,1,1,10,12,2,56,1,0,1,0,6,1,53,709,53709,80,2003,JS1GN7BA1321,J,S,1,G,N,7,B,A,1,3,2,1,0,M,SUZI,G60,RC,3,17,,,,,,,599,,4,,4,359,,,,,,,0,0,000000000,00000000000,0,0,0,1,0,0,0,0,0,0,0,90,0,0,0,0,0,6,2,1,0,0,0,1,6,90004,6,1,0,0,2,0,74,210,1,0,0,1,0,11,2009,12,2010,1,92,0,0,0,3,5,65,2,1,2,1,0,0,6,98,1,1,3,98,1,1
6,62287,1,1,1,10,12,6,30,33,0,1,0,6,3,35,50,35050,4,2011,3N1BC1CP7BL4,3,N,1,B,C,1,C,P,7,B,L,4,0,P,NISS,VSL,4H,11,17,2693,,0,1024,,G,,F,4,110,,,15R185,,,,,,0,0,000000000,00000000000,0,0,0,1,0,0,0,0,0,0,0,999,0,0,0,14,12,6,2,46,0,0,0,1,6,94598,6,1,0,0,3,0,62,115,0,0,0,0,0,0,0,0,0,0,48,0,0,0,2,3,35,1,1,2,1,2,3,1,13,1,1,4,1,1,0
6,62288,1,2,2,10,12,8,50,12,6,1,0,6,1,12,471,12471,30,1990,1FTCR14TXLPA,1,F,T,C,R,1,4,T,X,L,P,A,0,T,FORD,RNS,PC,90,17,,1,0,1250,RNG,G,,,6,177,,,,B,2985,01,A,42,0,0,000000000,00000000000,0,0,0,1,0,0,0,0,0,0,0,25,0,0,0,12,12,6,2,12,0,0,0,1,6,92227,6,1,0,0,3,3,62,141,0,0,0,0,0,0,0,0,0,0,39,0,0,0,1,2,65,1,1,1,1,3,3,1,17,1,1,1,86,2,0
6,62288,2,2,1,10,12,8,50,12,6,1,0,0,0,98,998,98998,92,2010,YAG650310,Y,A,G,6,5,0,3,1,0,,,,0,U,,,,10,9,,,,,,,,,,,,,,,,,,,0,0,000000000,00000000000,0,0,0,1,0,0,0,0,0,0,0,50,0,0,0,82,82,6,2,12,0,0,0,1,6,92243,6,1,0,0,3,0,69,165,0,0,0,0,0,0,0,0,0,0,0,0,0,0,2,2,65,1,1,1,1,3,3,1,66,1,1,1,87,0,0
6,62289,1,1,1,10,12,9,15,43,0,1,0,6,1,49,472,49472,30,1998,4TANL42NXWZ0,4,T,A,N,L,4,2,N,X,W,Z,0,0,T,TOYT,REG,PK,98,17,,1,0,1033,TAC,G,,,4,149,,,,B,2566,00,U,42,0,0,000000000,00000000000,0,0,0,1,0,0,0,0,0,0,0,48,0,0,0,83,12,6,2,42,0,0,0,1,6,95824,6,1,0,0,3,3,65,135,0,0,0,0,0,0,0,0,0,0,48,0,0,0,5,4,45,1,1,2,1,0,0,1,13,1,1,4,1,1,0
6,62290,1,2,1,10,12,14,7,12,6,1,0,6,1,53,706,53706,80,2006,JS1GN7DA7621,J,S,1,G,N,7,D,A,7,6,2,1,0,M,SUZI,K6R,RC,6,17,,,,,,,599,,4,,4,354,,,,,,,0,0,000000000,00000000000,0,0,0,1,0,0,0,0,0,0,0,998,0,0,0,12,12,6,2,12,0,0,0,1,6,95928,6,1,0,0,2,0,71,190,0,0,0,1,0,9,2010,9,2010,1,92,0,0,0,1,2,25,1,1,2,1,3,3,1,17,1,1,1,69,1,0
6,62290,2,2,1,10,12,14,7,12,6,1,0,6,2,51,43,51043,4,1999,YV1LS56D4X26,Y,V,1,L,S,5,6,D,4,X,2,6,0,P,VOLV,SGL,4D,99,17,3252,,0,1049,,G,,T,5,149,,,15R195,,,,,,0,0,000000000,00000000000,0,0,0,1,0,0,0,0,0,0,0,998,0,0,0,1,1,4,3,12,0,0,0,1,6,95928,6,1,0,0,3,0,72,200,1,0,0,0,0,8,2009,8,2009,0,0,0,0,0,1,2,25,1,1,2,1,3,3,11,15,1,1,2,68,0,0
6,62291,1,1,1,10,12,14,47,33,0,1,0,6,1,7,482,7482,31,2001,3B7KC23601G7,3,B,7,K,C,2,3,6,0,1,G,7,0,T,DODG,Q25,4C,1,17,,2,1547,1387,RPC,D,,,6,359,,,,C,5168,01,U,42,0,0,000000000,00000000000,0,0,0,1,0,0,0,0,0,0,0,998,0,0,0,14,12,6,2,42,44,0,0,1,6,92117,6,1,0,0,3,0,67,210,0,0,0,0,1,5,2010,5,2010,0,48,0,0,0,2,2,35,1,1,2,1,0,0,1,12,1,1,4,6,1,0
6,62292,1,1,2,10,12,22,0,59,0,1,0,6,1,24,1,24001,4,1998,1G8ZK5275WZ1,1,G,8,Z,K,5,2,7,5,W,Z,1,0,P,STRN,SL2,4D,98,17,2422,,0,1024,,G,,F,4,116,,,15R185,,,,,,0,0,000000000,00000000000,0,0,0,1,0,0,0,0,0,0,0,999,0,1,5,81,0,6,2,1,0,0,0,1,6,92595,6,1,6,0,3,3,76,205,0,0,0,0,0,0,0,0,0,0,48,0,0,0,1,2,40,3,5,2,1,0,0,14,13,1,1,4,1,1,1
6,62293,1,1,4,11,12,13,10,1,0,1,0,6,1,52,401,52401,14,2002,JA4MW51R02J0,J,A,4,M,W,5,1,R,0,2,J,0,0,P,MITS,MON,UT,2,17,4735,,0,1095,,G,,F,6,213,,,16R265,,,,,,0,0,000000000,00000000000,0,0,0,1,0,0,0,0,0,0,0,70,0,2,1,0,99,6,2,1,0,0,0,1,6,95116,6,1,0,0,3,0,70,200,0,0,0,0,0,0,0,0,0,0,48,0,0,0,2,2,70,1,1,2,1,0,0,1,98,7,4,6,98,1,1
6,62294,1,2,2,11,12,15,40,12,6,1,1,6,1,6,52,6052,6,2006,3A4FY58B56T2,3,A,4,F,Y,5,8,B,5,6,T,2,0,P,CHRY,PTC,SV,6,17,3035,,0,1030,,G,,F,4,148,,,17R205,,,,,,0,0,000000000,00000000000,0,0,0,1,0,0,0,0,0,0,0,998,0,0,0,12,12,2,3,12,0,0,0,1,6,90222,3,1,0,0,2,0,67,150,0,0,0,0,0,0,0,0,0,0,92,38,0,0,1,4,40,1,1,2,1,3,3,11,15,1,1,2,68,0,1
6,62294,2,2,1,11,12,15,40,12,6,1,0,6,1,73,706,73706,80,2003,JKBZXJB133A0,J,K,B,Z,X,J,B,1,3,3,A,0,0,M,KAWK,Z3B,RC,3,17,,,,,,,636,,4,,4,377,,,,,,,0,0,000000000,00000000000,0,0,0,1,0,0,0,0,0,0,0,998,0,0,0,10,10,4,3,12,0,0,0,1,6,90044,1,1,0,0,2,0,67,175,0,1,0,1,0,8,2010,12,2010,0,92,0,0,0,1,4,40,1,1,2,1,3,3,1,17,1,1,1,69,1,0